<?xml version="1.0" encoding="UTF-8"?>
<gpx creator="blackbox_decode v8.0.0 INAV c4f2026" version="1.1" xmlns="http://www.topografix.com/GPX/1/1" xmlns:xsi="http://www.w3.org/2001/XMLSchema-instance" xsi:schemaLocation="http://www.topografix.com/GPX/1/1 http://www.topografix.com/GPX/1/1/gpx.xsd">
<metadata><name>Blackbox flight log</name>
 <link href="https://github.com/iNavFlight/blackbox-tools">
 <text>INAV Blackbox Tools</text>
 </link>
</metadata>
<trk><name>Blackbox flight log</name><trkseg>
  <trkpt lat="37.4117679" lon="-121.9950142"><ele>1</ele><time>2026-07-19T16:43:20.151686Z</time></trkpt>
  <trkpt lat="37.4117679" lon="-121.9950142"><ele>1</ele><time>2026-07-19T16:43:20.159466Z</time></trkpt>
  <trkpt lat="37.4117682" lon="-121.9950143"><ele>1</ele><time>2026-07-19T16:43:20.191539Z</time></trkpt>
  <trkpt lat="37.4117684" lon="-121.9950145"><ele>0</ele><time>2026-07-19T16:43:20.272065Z</time></trkpt>
  <trkpt lat="37.4117686" lon="-121.9950146"><ele>0</ele><time>2026-07-19T16:43:20.474187Z</time></trkpt>
  <trkpt lat="37.4117682" lon="-121.9950144"><ele>0</ele><time>2026-07-19T16:43:20.675246Z</time></trkpt>
  <trkpt lat="37.4117681" lon="-121.9950143"><ele>0</ele><time>2026-07-19T16:43:20.776271Z</time></trkpt>
  <trkpt lat="37.4117683" lon="-121.9950145"><ele>0</ele><time>2026-07-19T16:43:20.977683Z</time></trkpt>
  <trkpt lat="37.4117684" lon="-121.9950146"><ele>0</ele><time>2026-07-19T16:43:21.178516Z</time></trkpt>
  <trkpt lat="37.4117686" lon="-121.9950147"><ele>0</ele><time>2026-07-19T16:43:21.279066Z</time></trkpt>
  <trkpt lat="37.4117689" lon="-121.9950149"><ele>0</ele><time>2026-07-19T16:43:21.380006Z</time></trkpt>
  <trkpt lat="37.4117692" lon="-121.9950151"><ele>0</ele><time>2026-07-19T16:43:21.480958Z</time></trkpt>
  <trkpt lat="37.4117695" lon="-121.9950153"><ele>0</ele><time>2026-07-19T16:43:21.581688Z</time></trkpt>
  <trkpt lat="37.4117696" lon="-121.9950154"><ele>0</ele><time>2026-07-19T16:43:21.682947Z</time></trkpt>
  <trkpt lat="37.4117696" lon="-121.9950155"><ele>0</ele><time>2026-07-19T16:43:21.784213Z</time></trkpt>
  <trkpt lat="37.4117697" lon="-121.9950155"><ele>0</ele><time>2026-07-19T16:43:21.885013Z</time></trkpt>
  <trkpt lat="37.4117700" lon="-121.9950158"><ele>0</ele><time>2026-07-19T16:43:21.986106Z</time></trkpt>
  <trkpt lat="37.4117703" lon="-121.9950160"><ele>0</ele><time>2026-07-19T16:43:22.087249Z</time></trkpt>
  <trkpt lat="37.4117707" lon="-121.9950162"><ele>0</ele><time>2026-07-19T16:43:22.187787Z</time></trkpt>
  <trkpt lat="37.4117709" lon="-121.9950163"><ele>0</ele><time>2026-07-19T16:43:22.288448Z</time></trkpt>
  <trkpt lat="37.4117709" lon="-121.9950163"><ele>0</ele><time>2026-07-19T16:43:22.297751Z</time></trkpt>
  <trkpt lat="37.4117711" lon="-121.9950164"><ele>0</ele><time>2026-07-19T16:43:22.388914Z</time></trkpt>
  <trkpt lat="37.4117714" lon="-121.9950165"><ele>0</ele><time>2026-07-19T16:43:22.469387Z</time></trkpt>
  <trkpt lat="37.4117716" lon="-121.9950166"><ele>0</ele><time>2026-07-19T16:43:22.590009Z</time></trkpt>
  <trkpt lat="37.4117717" lon="-121.9950167"><ele>0</ele><time>2026-07-19T16:43:22.670647Z</time></trkpt>
  <trkpt lat="37.4117718" lon="-121.9950167"><ele>0</ele><time>2026-07-19T16:43:22.771166Z</time></trkpt>
  <trkpt lat="37.4117720" lon="-121.9950168"><ele>0</ele><time>2026-07-19T16:43:22.871409Z</time></trkpt>
  <trkpt lat="37.4117723" lon="-121.9950169"><ele>0</ele><time>2026-07-19T16:43:22.971791Z</time></trkpt>
  <trkpt lat="37.4117725" lon="-121.9950170"><ele>0</ele><time>2026-07-19T16:43:23.072734Z</time></trkpt>
  <trkpt lat="37.4117727" lon="-121.9950172"><ele>0</ele><time>2026-07-19T16:43:23.173414Z</time></trkpt>
  <trkpt lat="37.4117728" lon="-121.9950173"><ele>0</ele><time>2026-07-19T16:43:23.274184Z</time></trkpt>
  <trkpt lat="37.4117729" lon="-121.9950174"><ele>0</ele><time>2026-07-19T16:43:23.375214Z</time></trkpt>
  <trkpt lat="37.4117731" lon="-121.9950176"><ele>0</ele><time>2026-07-19T16:43:23.475561Z</time></trkpt>
  <trkpt lat="37.4117733" lon="-121.9950178"><ele>0</ele><time>2026-07-19T16:43:23.576239Z</time></trkpt>
  <trkpt lat="37.4117734" lon="-121.9950179"><ele>0</ele><time>2026-07-19T16:43:23.676860Z</time></trkpt>
  <trkpt lat="37.4117734" lon="-121.9950180"><ele>0</ele><time>2026-07-19T16:43:23.777943Z</time></trkpt>
  <trkpt lat="37.4117734" lon="-121.9950181"><ele>0</ele><time>2026-07-19T16:43:23.879269Z</time></trkpt>
  <trkpt lat="37.4117735" lon="-121.9950183"><ele>0</ele><time>2026-07-19T16:43:23.979869Z</time></trkpt>
  <trkpt lat="37.4117736" lon="-121.9950185"><ele>0</ele><time>2026-07-19T16:43:24.081126Z</time></trkpt>
  <trkpt lat="37.4117737" lon="-121.9950185"><ele>0</ele><time>2026-07-19T16:43:24.182569Z</time></trkpt>
  <trkpt lat="37.4117739" lon="-121.9950187"><ele>0</ele><time>2026-07-19T16:43:24.282296Z</time></trkpt>
  <trkpt lat="37.4117742" lon="-121.9950190"><ele>0</ele><time>2026-07-19T16:43:24.382758Z</time></trkpt>
  <trkpt lat="37.4117742" lon="-121.9950190"><ele>0</ele><time>2026-07-19T16:43:24.424246Z</time></trkpt>
  <trkpt lat="37.4117741" lon="-121.9950191"><ele>0</ele><time>2026-07-19T16:43:24.483867Z</time></trkpt>
  <trkpt lat="37.4117742" lon="-121.9950191"><ele>0</ele><time>2026-07-19T16:43:24.584460Z</time></trkpt>
  <trkpt lat="37.4117742" lon="-121.9950192"><ele>0</ele><time>2026-07-19T16:43:24.784893Z</time></trkpt>
  <trkpt lat="37.4117743" lon="-121.9950193"><ele>0</ele><time>2026-07-19T16:43:24.886083Z</time></trkpt>
  <trkpt lat="37.4117742" lon="-121.9950193"><ele>0</ele><time>2026-07-19T16:43:24.986228Z</time></trkpt>
  <trkpt lat="37.4117741" lon="-121.9950193"><ele>0</ele><time>2026-07-19T16:43:25.168766Z</time></trkpt>
  <trkpt lat="37.4117742" lon="-121.9950193"><ele>0</ele><time>2026-07-19T16:43:25.370065Z</time></trkpt>
  <trkpt lat="37.4117742" lon="-121.9950194"><ele>0</ele><time>2026-07-19T16:43:25.673894Z</time></trkpt>
  <trkpt lat="37.4117743" lon="-121.9950194"><ele>0</ele><time>2026-07-19T16:43:25.774414Z</time></trkpt>
  <trkpt lat="37.4117744" lon="-121.9950194"><ele>0</ele><time>2026-07-19T16:43:25.874895Z</time></trkpt>
  <trkpt lat="37.4117745" lon="-121.9950194"><ele>0</ele><time>2026-07-19T16:43:25.975845Z</time></trkpt>
  <trkpt lat="37.4117744" lon="-121.9950194"><ele>0</ele><time>2026-07-19T16:43:26.076263Z</time></trkpt>
  <trkpt lat="37.4117745" lon="-121.9950195"><ele>0</ele><time>2026-07-19T16:43:26.177041Z</time></trkpt>
  <trkpt lat="37.4117747" lon="-121.9950195"><ele>0</ele><time>2026-07-19T16:43:26.278364Z</time></trkpt>
  <trkpt lat="37.4117749" lon="-121.9950197"><ele>0</ele><time>2026-07-19T16:43:26.378980Z</time></trkpt>
  <trkpt lat="37.4117751" lon="-121.9950198"><ele>0</ele><time>2026-07-19T16:43:26.480138Z</time></trkpt>
  <trkpt lat="37.4117751" lon="-121.9950198"><ele>0</ele><time>2026-07-19T16:43:26.553456Z</time></trkpt>
  <trkpt lat="37.4117752" lon="-121.9950198"><ele>0</ele><time>2026-07-19T16:43:26.581087Z</time></trkpt>
  <trkpt lat="37.4117753" lon="-121.9950200"><ele>0</ele><time>2026-07-19T16:43:26.682634Z</time></trkpt>
  <trkpt lat="37.4117753" lon="-121.9950201"><ele>0</ele><time>2026-07-19T16:43:26.783489Z</time></trkpt>
  <trkpt lat="37.4117755" lon="-121.9950203"><ele>0</ele><time>2026-07-19T16:43:26.883811Z</time></trkpt>
  <trkpt lat="37.4117756" lon="-121.9950204"><ele>0</ele><time>2026-07-19T16:43:26.984614Z</time></trkpt>
  <trkpt lat="37.4117758" lon="-121.9950206"><ele>0</ele><time>2026-07-19T16:43:27.085028Z</time></trkpt>
  <trkpt lat="37.4117761" lon="-121.9950207"><ele>0</ele><time>2026-07-19T16:43:27.185867Z</time></trkpt>
  <trkpt lat="37.4117762" lon="-121.9950207"><ele>0</ele><time>2026-07-19T16:43:27.266436Z</time></trkpt>
  <trkpt lat="37.4117764" lon="-121.9950209"><ele>0</ele><time>2026-07-19T16:43:27.367245Z</time></trkpt>
  <trkpt lat="37.4117766" lon="-121.9950211"><ele>0</ele><time>2026-07-19T16:43:27.468571Z</time></trkpt>
  <trkpt lat="37.4117767" lon="-121.9950212"><ele>0</ele><time>2026-07-19T16:43:27.569352Z</time></trkpt>
  <trkpt lat="37.4117769" lon="-121.9950213"><ele>0</ele><time>2026-07-19T16:43:27.670455Z</time></trkpt>
  <trkpt lat="37.4117772" lon="-121.9950215"><ele>1</ele><time>2026-07-19T16:43:27.771034Z</time></trkpt>
  <trkpt lat="37.4117775" lon="-121.9950216"><ele>1</ele><time>2026-07-19T16:43:27.871906Z</time></trkpt>
  <trkpt lat="37.4117776" lon="-121.9950217"><ele>1</ele><time>2026-07-19T16:43:27.971979Z</time></trkpt>
  <trkpt lat="37.4117779" lon="-121.9950219"><ele>1</ele><time>2026-07-19T16:43:28.072365Z</time></trkpt>
  <trkpt lat="37.4117782" lon="-121.9950221"><ele>1</ele><time>2026-07-19T16:43:28.173211Z</time></trkpt>
  <trkpt lat="37.4117786" lon="-121.9950223"><ele>1</ele><time>2026-07-19T16:43:28.274063Z</time></trkpt>
  <trkpt lat="37.4117789" lon="-121.9950225"><ele>1</ele><time>2026-07-19T16:43:28.374648Z</time></trkpt>
  <trkpt lat="37.4117791" lon="-121.9950225"><ele>1</ele><time>2026-07-19T16:43:28.475998Z</time></trkpt>
  <trkpt lat="37.4117800" lon="-121.9950231"><ele>1</ele><time>2026-07-19T16:43:28.576388Z</time></trkpt>
  <trkpt lat="37.4117800" lon="-121.9950231"><ele>1</ele><time>2026-07-19T16:43:28.674874Z</time></trkpt>
  <trkpt lat="37.4117810" lon="-121.9950238"><ele>1</ele><time>2026-07-19T16:43:28.677438Z</time></trkpt>
  <trkpt lat="37.4117819" lon="-121.9950244"><ele>1</ele><time>2026-07-19T16:43:28.778150Z</time></trkpt>
  <trkpt lat="37.4117827" lon="-121.9950249"><ele>1</ele><time>2026-07-19T16:43:28.878155Z</time></trkpt>
  <trkpt lat="37.4117831" lon="-121.9950251"><ele>1</ele><time>2026-07-19T16:43:28.979018Z</time></trkpt>
  <trkpt lat="37.4117834" lon="-121.9950253"><ele>1</ele><time>2026-07-19T16:43:29.079726Z</time></trkpt>
  <trkpt lat="37.4117837" lon="-121.9950254"><ele>1</ele><time>2026-07-19T16:43:29.180588Z</time></trkpt>
  <trkpt lat="37.4117839" lon="-121.9950255"><ele>1</ele><time>2026-07-19T16:43:29.281514Z</time></trkpt>
  <trkpt lat="37.4117839" lon="-121.9950254"><ele>1</ele><time>2026-07-19T16:43:29.382443Z</time></trkpt>
  <trkpt lat="37.4117838" lon="-121.9950254"><ele>1</ele><time>2026-07-19T16:43:29.564385Z</time></trkpt>
  <trkpt lat="37.4117836" lon="-121.9950253"><ele>1</ele><time>2026-07-19T16:43:29.664721Z</time></trkpt>
  <trkpt lat="37.4117833" lon="-121.9950251"><ele>1</ele><time>2026-07-19T16:43:29.765642Z</time></trkpt>
  <trkpt lat="37.4117827" lon="-121.9950249"><ele>1</ele><time>2026-07-19T16:43:29.866689Z</time></trkpt>
  <trkpt lat="37.4117824" lon="-121.9950247"><ele>1</ele><time>2026-07-19T16:43:29.966899Z</time></trkpt>
  <trkpt lat="37.4117825" lon="-121.9950245"><ele>1</ele><time>2026-07-19T16:43:30.067117Z</time></trkpt>
  <trkpt lat="37.4117830" lon="-121.9950242"><ele>1</ele><time>2026-07-19T16:43:30.167385Z</time></trkpt>
  <trkpt lat="37.4117838" lon="-121.9950242"><ele>1</ele><time>2026-07-19T16:43:30.267898Z</time></trkpt>
  <trkpt lat="37.4117854" lon="-121.9950246"><ele>1</ele><time>2026-07-19T16:43:30.368563Z</time></trkpt>
  <trkpt lat="37.4117886" lon="-121.9950255"><ele>1</ele><time>2026-07-19T16:43:30.469588Z</time></trkpt>
  <trkpt lat="37.4117934" lon="-121.9950268"><ele>2</ele><time>2026-07-19T16:43:30.570145Z</time></trkpt>
  <trkpt lat="37.4117987" lon="-121.9950277"><ele>2</ele><time>2026-07-19T16:43:30.670194Z</time></trkpt>
  <trkpt lat="37.4118042" lon="-121.9950283"><ele>2</ele><time>2026-07-19T16:43:30.770816Z</time></trkpt>
  <trkpt lat="37.4118042" lon="-121.9950283"><ele>2</ele><time>2026-07-19T16:43:30.807523Z</time></trkpt>
  <trkpt lat="37.4118102" lon="-121.9950286"><ele>2</ele><time>2026-07-19T16:43:30.871641Z</time></trkpt>
  <trkpt lat="37.4118163" lon="-121.9950282"><ele>3</ele><time>2026-07-19T16:43:30.972252Z</time></trkpt>
  <trkpt lat="37.4118221" lon="-121.9950276"><ele>3</ele><time>2026-07-19T16:43:31.072823Z</time></trkpt>
  <trkpt lat="37.4118279" lon="-121.9950266"><ele>4</ele><time>2026-07-19T16:43:31.174302Z</time></trkpt>
  <trkpt lat="37.4118338" lon="-121.9950258"><ele>4</ele><time>2026-07-19T16:43:31.274813Z</time></trkpt>
  <trkpt lat="37.4118396" lon="-121.9950253"><ele>5</ele><time>2026-07-19T16:43:31.375219Z</time></trkpt>
  <trkpt lat="37.4118462" lon="-121.9950253"><ele>5</ele><time>2026-07-19T16:43:31.475418Z</time></trkpt>
  <trkpt lat="37.4118530" lon="-121.9950255"><ele>6</ele><time>2026-07-19T16:43:31.576664Z</time></trkpt>
  <trkpt lat="37.4118600" lon="-121.9950259"><ele>6</ele><time>2026-07-19T16:43:31.676970Z</time></trkpt>
  <trkpt lat="37.4118671" lon="-121.9950263"><ele>7</ele><time>2026-07-19T16:43:31.777797Z</time></trkpt>
  <trkpt lat="37.4118742" lon="-121.9950266"><ele>8</ele><time>2026-07-19T16:43:31.878039Z</time></trkpt>
  <trkpt lat="37.4118812" lon="-121.9950271"><ele>8</ele><time>2026-07-19T16:43:31.979177Z</time></trkpt>
  <trkpt lat="37.4118882" lon="-121.9950277"><ele>9</ele><time>2026-07-19T16:43:32.079678Z</time></trkpt>
  <trkpt lat="37.4118951" lon="-121.9950285"><ele>9</ele><time>2026-07-19T16:43:32.160346Z</time></trkpt>
  <trkpt lat="37.4119021" lon="-121.9950300"><ele>10</ele><time>2026-07-19T16:43:32.281039Z</time></trkpt>
  <trkpt lat="37.4119090" lon="-121.9950313"><ele>11</ele><time>2026-07-19T16:43:32.361283Z</time></trkpt>
  <trkpt lat="37.4119160" lon="-121.9950327"><ele>11</ele><time>2026-07-19T16:43:32.461517Z</time></trkpt>
  <trkpt lat="37.4119236" lon="-121.9950342"><ele>12</ele><time>2026-07-19T16:43:32.562750Z</time></trkpt>
  <trkpt lat="37.4119309" lon="-121.9950350"><ele>12</ele><time>2026-07-19T16:43:32.663688Z</time></trkpt>
  <trkpt lat="37.4119402" lon="-121.9950374"><ele>13</ele><time>2026-07-19T16:43:32.763303Z</time></trkpt>
  <trkpt lat="37.4119501" lon="-121.9950400"><ele>13</ele><time>2026-07-19T16:43:32.863571Z</time></trkpt>
  <trkpt lat="37.4119501" lon="-121.9950400"><ele>13</ele><time>2026-07-19T16:43:32.958017Z</time></trkpt>
  <trkpt lat="37.4119602" lon="-121.9950426"><ele>13</ele><time>2026-07-19T16:43:32.964196Z</time></trkpt>
  <trkpt lat="37.4119707" lon="-121.9950449"><ele>13</ele><time>2026-07-19T16:43:33.064818Z</time></trkpt>
  <trkpt lat="37.4119817" lon="-121.9950467"><ele>13</ele><time>2026-07-19T16:43:33.165500Z</time></trkpt>
  <trkpt lat="37.4119928" lon="-121.9950479"><ele>13</ele><time>2026-07-19T16:43:33.265539Z</time></trkpt>
  <trkpt lat="37.4120043" lon="-121.9950484"><ele>14</ele><time>2026-07-19T16:43:33.365892Z</time></trkpt>
  <trkpt lat="37.4120164" lon="-121.9950486"><ele>14</ele><time>2026-07-19T16:43:33.466768Z</time></trkpt>
  <trkpt lat="37.4120291" lon="-121.9950488"><ele>14</ele><time>2026-07-19T16:43:33.567399Z</time></trkpt>
  <trkpt lat="37.4120419" lon="-121.9950491"><ele>14</ele><time>2026-07-19T16:43:33.668370Z</time></trkpt>
  <trkpt lat="37.4120547" lon="-121.9950497"><ele>14</ele><time>2026-07-19T16:43:33.769020Z</time></trkpt>
  <trkpt lat="37.4120673" lon="-121.9950505"><ele>15</ele><time>2026-07-19T16:43:33.870350Z</time></trkpt>
  <trkpt lat="37.4120801" lon="-121.9950519"><ele>15</ele><time>2026-07-19T16:43:33.971092Z</time></trkpt>
  <trkpt lat="37.4120930" lon="-121.9950537"><ele>15</ele><time>2026-07-19T16:43:34.071313Z</time></trkpt>
  <trkpt lat="37.4121060" lon="-121.9950560"><ele>15</ele><time>2026-07-19T16:43:34.171833Z</time></trkpt>
  <trkpt lat="37.4121185" lon="-121.9950588"><ele>16</ele><time>2026-07-19T16:43:34.272372Z</time></trkpt>
  <trkpt lat="37.4121306" lon="-121.9950623"><ele>16</ele><time>2026-07-19T16:43:34.372878Z</time></trkpt>
  <trkpt lat="37.4121423" lon="-121.9950661"><ele>17</ele><time>2026-07-19T16:43:34.473642Z</time></trkpt>
  <trkpt lat="37.4121537" lon="-121.9950705"><ele>17</ele><time>2026-07-19T16:43:34.573933Z</time></trkpt>
  <trkpt lat="37.4121646" lon="-121.9950752"><ele>18</ele><time>2026-07-19T16:43:34.674988Z</time></trkpt>
  <trkpt lat="37.4121756" lon="-121.9950801"><ele>19</ele><time>2026-07-19T16:43:34.776376Z</time></trkpt>
  <trkpt lat="37.4121869" lon="-121.9950848"><ele>19</ele><time>2026-07-19T16:43:34.876321Z</time></trkpt>
  <trkpt lat="37.4121984" lon="-121.9950895"><ele>20</ele><time>2026-07-19T16:43:34.976908Z</time></trkpt>
  <trkpt lat="37.4122101" lon="-121.9950943"><ele>20</ele><time>2026-07-19T16:43:35.077106Z</time></trkpt>
  <trkpt lat="37.4122101" lon="-121.9950943"><ele>20</ele><time>2026-07-19T16:43:35.121674Z</time></trkpt>
  <trkpt lat="37.4122223" lon="-121.9950989"><ele>20</ele><time>2026-07-19T16:43:35.178293Z</time></trkpt>
  <trkpt lat="37.4122346" lon="-121.9951034"><ele>20</ele><time>2026-07-19T16:43:35.258511Z</time></trkpt>
  <trkpt lat="37.4122474" lon="-121.9951072"><ele>21</ele><time>2026-07-19T16:43:35.359032Z</time></trkpt>
  <trkpt lat="37.4122603" lon="-121.9951100"><ele>21</ele><time>2026-07-19T16:43:35.459685Z</time></trkpt>
  <trkpt lat="37.4122732" lon="-121.9951120"><ele>22</ele><time>2026-07-19T16:43:35.560310Z</time></trkpt>
  <trkpt lat="37.4122860" lon="-121.9951133"><ele>22</ele><time>2026-07-19T16:43:35.660742Z</time></trkpt>
  <trkpt lat="37.4122987" lon="-121.9951143"><ele>23</ele><time>2026-07-19T16:43:35.761140Z</time></trkpt>
  <trkpt lat="37.4123116" lon="-121.9951151"><ele>23</ele><time>2026-07-19T16:43:35.861359Z</time></trkpt>
  <trkpt lat="37.4123248" lon="-121.9951156"><ele>24</ele><time>2026-07-19T16:43:35.962213Z</time></trkpt>
  <trkpt lat="37.4123379" lon="-121.9951159"><ele>24</ele><time>2026-07-19T16:43:36.062766Z</time></trkpt>
  <trkpt lat="37.4123510" lon="-121.9951161"><ele>25</ele><time>2026-07-19T16:43:36.163144Z</time></trkpt>
  <trkpt lat="37.4123644" lon="-121.9951163"><ele>25</ele><time>2026-07-19T16:43:36.263770Z</time></trkpt>
  <trkpt lat="37.4123775" lon="-121.9951168"><ele>26</ele><time>2026-07-19T16:43:36.364587Z</time></trkpt>
  <trkpt lat="37.4123906" lon="-121.9951177"><ele>26</ele><time>2026-07-19T16:43:36.465247Z</time></trkpt>
  <trkpt lat="37.4124030" lon="-121.9951192"><ele>26</ele><time>2026-07-19T16:43:36.565592Z</time></trkpt>
  <trkpt lat="37.4124145" lon="-121.9951215"><ele>27</ele><time>2026-07-19T16:43:36.666420Z</time></trkpt>
  <trkpt lat="37.4124251" lon="-121.9951246"><ele>28</ele><time>2026-07-19T16:43:36.766906Z</time></trkpt>
  <trkpt lat="37.4124344" lon="-121.9951286"><ele>29</ele><time>2026-07-19T16:43:36.867538Z</time></trkpt>
  <trkpt lat="37.4124430" lon="-121.9951333"><ele>30</ele><time>2026-07-19T16:43:36.967572Z</time></trkpt>
  <trkpt lat="37.4124512" lon="-121.9951381"><ele>31</ele><time>2026-07-19T16:43:37.067812Z</time></trkpt>
  <trkpt lat="37.4124592" lon="-121.9951430"><ele>32</ele><time>2026-07-19T16:43:37.168133Z</time></trkpt>
  <trkpt lat="37.4124673" lon="-121.9951481"><ele>33</ele><time>2026-07-19T16:43:37.268977Z</time></trkpt>
  <trkpt lat="37.4124673" lon="-121.9951481"><ele>33</ele><time>2026-07-19T16:43:37.284746Z</time></trkpt>
  <trkpt lat="37.4124760" lon="-121.9951531"><ele>34</ele><time>2026-07-19T16:43:37.370380Z</time></trkpt>
  <trkpt lat="37.4124847" lon="-121.9951585"><ele>34</ele><time>2026-07-19T16:43:37.470953Z</time></trkpt>
  <trkpt lat="37.4124938" lon="-121.9951639"><ele>35</ele><time>2026-07-19T16:43:37.571303Z</time></trkpt>
  <trkpt lat="37.4125032" lon="-121.9951691"><ele>36</ele><time>2026-07-19T16:43:37.671745Z</time></trkpt>
  <trkpt lat="37.4125128" lon="-121.9951741"><ele>37</ele><time>2026-07-19T16:43:37.772345Z</time></trkpt>
  <trkpt lat="37.4125230" lon="-121.9951786"><ele>37</ele><time>2026-07-19T16:43:37.872599Z</time></trkpt>
  <trkpt lat="37.4125333" lon="-121.9951827"><ele>38</ele><time>2026-07-19T16:43:37.973082Z</time></trkpt>
  <trkpt lat="37.4125438" lon="-121.9951864"><ele>38</ele><time>2026-07-19T16:43:38.073660Z</time></trkpt>
  <trkpt lat="37.4125544" lon="-121.9951897"><ele>39</ele><time>2026-07-19T16:43:38.153957Z</time></trkpt>
  <trkpt lat="37.4125652" lon="-121.9951927"><ele>40</ele><time>2026-07-19T16:43:38.255267Z</time></trkpt>
  <trkpt lat="37.4125761" lon="-121.9951951"><ele>40</ele><time>2026-07-19T16:43:38.356405Z</time></trkpt>
  <trkpt lat="37.4125875" lon="-121.9951974"><ele>41</ele><time>2026-07-19T16:43:38.457366Z</time></trkpt>
  <trkpt lat="37.4125989" lon="-121.9951992"><ele>41</ele><time>2026-07-19T16:43:38.557933Z</time></trkpt>
  <trkpt lat="37.4126105" lon="-121.9952006"><ele>42</ele><time>2026-07-19T16:43:38.658794Z</time></trkpt>
  <trkpt lat="37.4126222" lon="-121.9952016"><ele>42</ele><time>2026-07-19T16:43:38.759675Z</time></trkpt>
  <trkpt lat="37.4126338" lon="-121.9952020"><ele>43</ele><time>2026-07-19T16:43:38.860527Z</time></trkpt>
  <trkpt lat="37.4126451" lon="-121.9952017"><ele>44</ele><time>2026-07-19T16:43:38.961379Z</time></trkpt>
  <trkpt lat="37.4126560" lon="-121.9952004"><ele>44</ele><time>2026-07-19T16:43:39.061371Z</time></trkpt>
  <trkpt lat="37.4126667" lon="-121.9951986"><ele>45</ele><time>2026-07-19T16:43:39.162051Z</time></trkpt>
  <trkpt lat="37.4126771" lon="-121.9951965"><ele>46</ele><time>2026-07-19T16:43:39.262956Z</time></trkpt>
  <trkpt lat="37.4126875" lon="-121.9951942"><ele>47</ele><time>2026-07-19T16:43:39.363409Z</time></trkpt>
  <trkpt lat="37.4126875" lon="-121.9951942"><ele>47</ele><time>2026-07-19T16:43:39.440885Z</time></trkpt>
  <trkpt lat="37.4126978" lon="-121.9951919"><ele>47</ele><time>2026-07-19T16:43:39.463655Z</time></trkpt>
  <trkpt lat="37.4127080" lon="-121.9951895"><ele>48</ele><time>2026-07-19T16:43:39.564342Z</time></trkpt>
  <trkpt lat="37.4127183" lon="-121.9951870"><ele>49</ele><time>2026-07-19T16:43:39.666161Z</time></trkpt>
  <trkpt lat="37.4127282" lon="-121.9951847"><ele>50</ele><time>2026-07-19T16:43:39.765859Z</time></trkpt>
  <trkpt lat="37.4127382" lon="-121.9951826"><ele>50</ele><time>2026-07-19T16:43:39.867318Z</time></trkpt>
  <trkpt lat="37.4127482" lon="-121.9951805"><ele>51</ele><time>2026-07-19T16:43:39.967910Z</time></trkpt>
  <trkpt lat="37.4127582" lon="-121.9951785"><ele>52</ele><time>2026-07-19T16:43:40.068107Z</time></trkpt>
  <trkpt lat="37.4127680" lon="-121.9951767"><ele>53</ele><time>2026-07-19T16:43:40.168856Z</time></trkpt>
  <trkpt lat="37.4127781" lon="-121.9951751"><ele>54</ele><time>2026-07-19T16:43:40.269204Z</time></trkpt>
  <trkpt lat="37.4127881" lon="-121.9951739"><ele>54</ele><time>2026-07-19T16:43:40.369547Z</time></trkpt>
  <trkpt lat="37.4127983" lon="-121.9951730"><ele>55</ele><time>2026-07-19T16:43:40.469901Z</time></trkpt>
  <trkpt lat="37.4128087" lon="-121.9951721"><ele>56</ele><time>2026-07-19T16:43:40.570208Z</time></trkpt>
  <trkpt lat="37.4128192" lon="-121.9951719"><ele>56</ele><time>2026-07-19T16:43:40.670703Z</time></trkpt>
  <trkpt lat="37.4128295" lon="-121.9951725"><ele>57</ele><time>2026-07-19T16:43:40.771500Z</time></trkpt>
  <trkpt lat="37.4128397" lon="-121.9951736"><ele>58</ele><time>2026-07-19T16:43:40.851924Z</time></trkpt>
  <trkpt lat="37.4128499" lon="-121.9951754"><ele>58</ele><time>2026-07-19T16:43:40.953393Z</time></trkpt>
  <trkpt lat="37.4128601" lon="-121.9951777"><ele>59</ele><time>2026-07-19T16:43:41.054420Z</time></trkpt>
  <trkpt lat="37.4128702" lon="-121.9951806"><ele>60</ele><time>2026-07-19T16:43:41.155436Z</time></trkpt>
  <trkpt lat="37.4128803" lon="-121.9951840"><ele>61</ele><time>2026-07-19T16:43:41.255714Z</time></trkpt>
  <trkpt lat="37.4128903" lon="-121.9951879"><ele>61</ele><time>2026-07-19T16:43:41.356725Z</time></trkpt>
  <trkpt lat="37.4129004" lon="-121.9951920"><ele>62</ele><time>2026-07-19T16:43:41.457214Z</time></trkpt>
  <trkpt lat="37.4129105" lon="-121.9951964"><ele>62</ele><time>2026-07-19T16:43:41.558272Z</time></trkpt>
  <trkpt lat="37.4129105" lon="-121.9951964"><ele>62</ele><time>2026-07-19T16:43:41.593622Z</time></trkpt>
  <trkpt lat="37.4129208" lon="-121.9952010"><ele>63</ele><time>2026-07-19T16:43:41.658585Z</time></trkpt>
  <trkpt lat="37.4129311" lon="-121.9952055"><ele>64</ele><time>2026-07-19T16:43:41.759220Z</time></trkpt>
  <trkpt lat="37.4129416" lon="-121.9952101"><ele>64</ele><time>2026-07-19T16:43:41.860052Z</time></trkpt>
  <trkpt lat="37.4129521" lon="-121.9952147"><ele>65</ele><time>2026-07-19T16:43:41.960804Z</time></trkpt>
  <trkpt lat="37.4129627" lon="-121.9952193"><ele>65</ele><time>2026-07-19T16:43:42.061479Z</time></trkpt>
  <trkpt lat="37.4129735" lon="-121.9952238"><ele>66</ele><time>2026-07-19T16:43:42.161879Z</time></trkpt>
  <trkpt lat="37.4129844" lon="-121.9952281"><ele>66</ele><time>2026-07-19T16:43:42.262869Z</time></trkpt>
  <trkpt lat="37.4129953" lon="-121.9952325"><ele>67</ele><time>2026-07-19T16:43:42.363678Z</time></trkpt>
  <trkpt lat="37.4130061" lon="-121.9952366"><ele>68</ele><time>2026-07-19T16:43:42.464423Z</time></trkpt>
  <trkpt lat="37.4130169" lon="-121.9952407"><ele>68</ele><time>2026-07-19T16:43:42.564947Z</time></trkpt>
  <trkpt lat="37.4130274" lon="-121.9952449"><ele>69</ele><time>2026-07-19T16:43:42.665884Z</time></trkpt>
  <trkpt lat="37.4130380" lon="-121.9952489"><ele>70</ele><time>2026-07-19T16:43:42.766429Z</time></trkpt>
  <trkpt lat="37.4130487" lon="-121.9952525"><ele>71</ele><time>2026-07-19T16:43:42.867481Z</time></trkpt>
  <trkpt lat="37.4130594" lon="-121.9952560"><ele>71</ele><time>2026-07-19T16:43:42.969395Z</time></trkpt>
  <trkpt lat="37.4130703" lon="-121.9952597"><ele>72</ele><time>2026-07-19T16:43:43.049785Z</time></trkpt>
  <trkpt lat="37.4130813" lon="-121.9952636"><ele>73</ele><time>2026-07-19T16:43:43.151318Z</time></trkpt>
  <trkpt lat="37.4130926" lon="-121.9952670"><ele>73</ele><time>2026-07-19T16:43:43.252239Z</time></trkpt>
  <trkpt lat="37.4131041" lon="-121.9952698"><ele>74</ele><time>2026-07-19T16:43:43.352837Z</time></trkpt>
  <trkpt lat="37.4131156" lon="-121.9952727"><ele>75</ele><time>2026-07-19T16:43:43.452537Z</time></trkpt>
  <trkpt lat="37.4131269" lon="-121.9952760"><ele>75</ele><time>2026-07-19T16:43:43.553384Z</time></trkpt>
  <trkpt lat="37.4131383" lon="-121.9952795"><ele>76</ele><time>2026-07-19T16:43:43.653899Z</time></trkpt>
  <trkpt lat="37.4131383" lon="-121.9952795"><ele>76</ele><time>2026-07-19T16:43:43.750106Z</time></trkpt>
  <trkpt lat="37.4131499" lon="-121.9952827"><ele>76</ele><time>2026-07-19T16:43:43.754305Z</time></trkpt>
  <trkpt lat="37.4131614" lon="-121.9952856"><ele>77</ele><time>2026-07-19T16:43:43.854802Z</time></trkpt>
  <trkpt lat="37.4131727" lon="-121.9952885"><ele>78</ele><time>2026-07-19T16:43:43.955267Z</time></trkpt>
  <trkpt lat="37.4131839" lon="-121.9952913"><ele>79</ele><time>2026-07-19T16:43:44.056250Z</time></trkpt>
  <trkpt lat="37.4131954" lon="-121.9952940"><ele>79</ele><time>2026-07-19T16:43:44.156800Z</time></trkpt>
  <trkpt lat="37.4132069" lon="-121.9952966"><ele>80</ele><time>2026-07-19T16:43:44.257126Z</time></trkpt>
  <trkpt lat="37.4132186" lon="-121.9952990"><ele>81</ele><time>2026-07-19T16:43:44.357511Z</time></trkpt>
  <trkpt lat="37.4132304" lon="-121.9953013"><ele>82</ele><time>2026-07-19T16:43:44.459079Z</time></trkpt>
  <trkpt lat="37.4132423" lon="-121.9953033"><ele>82</ele><time>2026-07-19T16:43:44.559588Z</time></trkpt>
  <trkpt lat="37.4132543" lon="-121.9953053"><ele>83</ele><time>2026-07-19T16:43:44.659683Z</time></trkpt>
  <trkpt lat="37.4132661" lon="-121.9953075"><ele>84</ele><time>2026-07-19T16:43:44.760268Z</time></trkpt>
  <trkpt lat="37.4132781" lon="-121.9953099"><ele>84</ele><time>2026-07-19T16:43:44.860953Z</time></trkpt>
  <trkpt lat="37.4132899" lon="-121.9953126"><ele>85</ele><time>2026-07-19T16:43:44.961657Z</time></trkpt>
  <trkpt lat="37.4133015" lon="-121.9953157"><ele>86</ele><time>2026-07-19T16:43:45.062326Z</time></trkpt>
  <trkpt lat="37.4133129" lon="-121.9953193"><ele>87</ele><time>2026-07-19T16:43:45.162749Z</time></trkpt>
  <trkpt lat="37.4133245" lon="-121.9953228"><ele>87</ele><time>2026-07-19T16:43:45.263373Z</time></trkpt>
  <trkpt lat="37.4133363" lon="-121.9953263"><ele>88</ele><time>2026-07-19T16:43:45.364126Z</time></trkpt>
  <trkpt lat="37.4133479" lon="-121.9953298"><ele>89</ele><time>2026-07-19T16:43:45.464401Z</time></trkpt>
  <trkpt lat="37.4133589" lon="-121.9953342"><ele>90</ele><time>2026-07-19T16:43:45.564828Z</time></trkpt>
  <trkpt lat="37.4133696" lon="-121.9953387"><ele>91</ele><time>2026-07-19T16:43:45.665136Z</time></trkpt>
  <trkpt lat="37.4133802" lon="-121.9953433"><ele>92</ele><time>2026-07-19T16:43:45.765435Z</time></trkpt>
  <trkpt lat="37.4133908" lon="-121.9953481"><ele>93</ele><time>2026-07-19T16:43:45.846448Z</time></trkpt>
  <trkpt lat="37.4133908" lon="-121.9953481"><ele>93</ele><time>2026-07-19T16:43:45.909245Z</time></trkpt>
  <trkpt lat="37.4134012" lon="-121.9953528"><ele>94</ele><time>2026-07-19T16:43:45.947150Z</time></trkpt>
  <trkpt lat="37.4134120" lon="-121.9953573"><ele>94</ele><time>2026-07-19T16:43:46.047816Z</time></trkpt>
  <trkpt lat="37.4134229" lon="-121.9953616"><ele>95</ele><time>2026-07-19T16:43:46.148248Z</time></trkpt>
  <trkpt lat="37.4134334" lon="-121.9953665"><ele>96</ele><time>2026-07-19T16:43:46.248776Z</time></trkpt>
  <trkpt lat="37.4134442" lon="-121.9953710"><ele>97</ele><time>2026-07-19T16:43:46.349432Z</time></trkpt>
  <trkpt lat="37.4134552" lon="-121.9953755"><ele>98</ele><time>2026-07-19T16:43:46.450046Z</time></trkpt>
  <trkpt lat="37.4134662" lon="-121.9953801"><ele>98</ele><time>2026-07-19T16:43:46.551164Z</time></trkpt>
  <trkpt lat="37.4134772" lon="-121.9953849"><ele>99</ele><time>2026-07-19T16:43:46.652060Z</time></trkpt>
  <trkpt lat="37.4134885" lon="-121.9953900"><ele>100</ele><time>2026-07-19T16:43:46.753133Z</time></trkpt>
  <trkpt lat="37.4134999" lon="-121.9953952"><ele>100</ele><time>2026-07-19T16:43:46.853960Z</time></trkpt>
  <trkpt lat="37.4135115" lon="-121.9954008"><ele>101</ele><time>2026-07-19T16:43:46.954380Z</time></trkpt>
  <trkpt lat="37.4135229" lon="-121.9954067"><ele>101</ele><time>2026-07-19T16:43:47.054524Z</time></trkpt>
  <trkpt lat="37.4135339" lon="-121.9954137"><ele>102</ele><time>2026-07-19T16:43:47.155843Z</time></trkpt>
  <trkpt lat="37.4135438" lon="-121.9954224"><ele>102</ele><time>2026-07-19T16:43:47.257196Z</time></trkpt>
  <trkpt lat="37.4135517" lon="-121.9954331"><ele>103</ele><time>2026-07-19T16:43:47.357495Z</time></trkpt>
  <trkpt lat="37.4135571" lon="-121.9954458"><ele>103</ele><time>2026-07-19T16:43:47.457921Z</time></trkpt>
  <trkpt lat="37.4135603" lon="-121.9954600"><ele>103</ele><time>2026-07-19T16:43:47.558924Z</time></trkpt>
  <trkpt lat="37.4135615" lon="-121.9954747"><ele>103</ele><time>2026-07-19T16:43:47.659155Z</time></trkpt>
  <trkpt lat="37.4135602" lon="-121.9954898"><ele>103</ele><time>2026-07-19T16:43:47.759702Z</time></trkpt>
  <trkpt lat="37.4135562" lon="-121.9955045"><ele>102</ele><time>2026-07-19T16:43:47.860132Z</time></trkpt>
  <trkpt lat="37.4135498" lon="-121.9955181"><ele>102</ele><time>2026-07-19T16:43:47.960983Z</time></trkpt>
  <trkpt lat="37.4135417" lon="-121.9955299"><ele>101</ele><time>2026-07-19T16:43:48.062317Z</time></trkpt>
  <trkpt lat="37.4135417" lon="-121.9955299"><ele>101</ele><time>2026-07-19T16:43:48.069562Z</time></trkpt>
  <trkpt lat="37.4135325" lon="-121.9955402"><ele>101</ele><time>2026-07-19T16:43:48.162327Z</time></trkpt>
  <trkpt lat="37.4135220" lon="-121.9955490"><ele>100</ele><time>2026-07-19T16:43:48.263193Z</time></trkpt>
  <trkpt lat="37.4135105" lon="-121.9955560"><ele>100</ele><time>2026-07-19T16:43:48.363670Z</time></trkpt>
  <trkpt lat="37.4134985" lon="-121.9955621"><ele>99</ele><time>2026-07-19T16:43:48.464245Z</time></trkpt>
  <trkpt lat="37.4134860" lon="-121.9955673"><ele>98</ele><time>2026-07-19T16:43:48.544435Z</time></trkpt>
  <trkpt lat="37.4134729" lon="-121.9955711"><ele>98</ele><time>2026-07-19T16:43:48.665176Z</time></trkpt>
  <trkpt lat="37.4134592" lon="-121.9955736"><ele>97</ele><time>2026-07-19T16:43:48.745961Z</time></trkpt>
  <trkpt lat="37.4134451" lon="-121.9955750"><ele>97</ele><time>2026-07-19T16:43:48.846544Z</time></trkpt>
  <trkpt lat="37.4134310" lon="-121.9955751"><ele>97</ele><time>2026-07-19T16:43:48.946750Z</time></trkpt>
  <trkpt lat="37.4134164" lon="-121.9955741"><ele>97</ele><time>2026-07-19T16:43:49.047279Z</time></trkpt>
  <trkpt lat="37.4134019" lon="-121.9955721"><ele>97</ele><time>2026-07-19T16:43:49.147851Z</time></trkpt>
  <trkpt lat="37.4133874" lon="-121.9955696"><ele>96</ele><time>2026-07-19T16:43:49.249022Z</time></trkpt>
  <trkpt lat="37.4133729" lon="-121.9955671"><ele>96</ele><time>2026-07-19T16:43:49.349556Z</time></trkpt>
  <trkpt lat="37.4133586" lon="-121.9955639"><ele>96</ele><time>2026-07-19T16:43:49.449811Z</time></trkpt>
  <trkpt lat="37.4133444" lon="-121.9955600"><ele>96</ele><time>2026-07-19T16:43:49.550991Z</time></trkpt>
  <trkpt lat="37.4133303" lon="-121.9955556"><ele>96</ele><time>2026-07-19T16:43:49.651957Z</time></trkpt>
  <trkpt lat="37.4133161" lon="-121.9955514"><ele>96</ele><time>2026-07-19T16:43:49.752530Z</time></trkpt>
  <trkpt lat="37.4133018" lon="-121.9955470"><ele>96</ele><time>2026-07-19T16:43:49.853184Z</time></trkpt>
  <trkpt lat="37.4132874" lon="-121.9955422"><ele>96</ele><time>2026-07-19T16:43:49.953521Z</time></trkpt>
  <trkpt lat="37.4132729" lon="-121.9955370"><ele>95</ele><time>2026-07-19T16:43:50.054661Z</time></trkpt>
  <trkpt lat="37.4132583" lon="-121.9955315"><ele>95</ele><time>2026-07-19T16:43:50.156098Z</time></trkpt>
  <trkpt lat="37.4132583" lon="-121.9955315"><ele>95</ele><time>2026-07-19T16:43:50.213559Z</time></trkpt>
  <trkpt lat="37.4132439" lon="-121.9955257"><ele>95</ele><time>2026-07-19T16:43:50.256496Z</time></trkpt>
  <trkpt lat="37.4132295" lon="-121.9955196"><ele>95</ele><time>2026-07-19T16:43:50.357247Z</time></trkpt>
  <trkpt lat="37.4132150" lon="-121.9955132"><ele>95</ele><time>2026-07-19T16:43:50.457902Z</time></trkpt>
  <trkpt lat="37.4132008" lon="-121.9955067"><ele>94</ele><time>2026-07-19T16:43:50.558666Z</time></trkpt>
  <trkpt lat="37.4131868" lon="-121.9954995"><ele>94</ele><time>2026-07-19T16:43:50.659676Z</time></trkpt>
  <trkpt lat="37.4131730" lon="-121.9954940"><ele>93</ele><time>2026-07-19T16:43:50.760737Z</time></trkpt>
  <trkpt lat="37.4131581" lon="-121.9954911"><ele>93</ele><time>2026-07-19T16:43:50.861857Z</time></trkpt>
  <trkpt lat="37.4131419" lon="-121.9954918"><ele>92</ele><time>2026-07-19T16:43:50.962464Z</time></trkpt>
  <trkpt lat="37.4131258" lon="-121.9954963"><ele>92</ele><time>2026-07-19T16:43:51.043410Z</time></trkpt>
  <trkpt lat="37.4131114" lon="-121.9955047"><ele>91</ele><time>2026-07-19T16:43:51.144722Z</time></trkpt>
  <trkpt lat="37.4130984" lon="-121.9955160"><ele>91</ele><time>2026-07-19T16:43:51.245323Z</time></trkpt>
  <trkpt lat="37.4130869" lon="-121.9955295"><ele>90</ele><time>2026-07-19T16:43:51.346815Z</time></trkpt>
  <trkpt lat="37.4130785" lon="-121.9955452"><ele>90</ele><time>2026-07-19T16:43:51.446995Z</time></trkpt>
  <trkpt lat="37.4130739" lon="-121.9955633"><ele>90</ele><time>2026-07-19T16:43:51.547533Z</time></trkpt>
  <trkpt lat="37.4130728" lon="-121.9955825"><ele>90</ele><time>2026-07-19T16:43:51.647997Z</time></trkpt>
  <trkpt lat="37.4130755" lon="-121.9956018"><ele>91</ele><time>2026-07-19T16:43:51.748520Z</time></trkpt>
  <trkpt lat="37.4130810" lon="-121.9956194"><ele>92</ele><time>2026-07-19T16:43:51.848905Z</time></trkpt>
  <trkpt lat="37.4130885" lon="-121.9956350"><ele>92</ele><time>2026-07-19T16:43:51.949326Z</time></trkpt>
  <trkpt lat="37.4130975" lon="-121.9956480"><ele>93</ele><time>2026-07-19T16:43:52.049969Z</time></trkpt>
  <trkpt lat="37.4131068" lon="-121.9956579"><ele>94</ele><time>2026-07-19T16:43:52.150366Z</time></trkpt>
  <trkpt lat="37.4131163" lon="-121.9956648"><ele>94</ele><time>2026-07-19T16:43:52.250929Z</time></trkpt>
  <trkpt lat="37.4131258" lon="-121.9956688"><ele>95</ele><time>2026-07-19T16:43:52.351567Z</time></trkpt>
  <trkpt lat="37.4131258" lon="-121.9956688"><ele>95</ele><time>2026-07-19T16:43:52.368516Z</time></trkpt>
  <trkpt lat="37.4131355" lon="-121.9956715"><ele>96</ele><time>2026-07-19T16:43:52.452290Z</time></trkpt>
  <trkpt lat="37.4131457" lon="-121.9956737"><ele>97</ele><time>2026-07-19T16:43:52.553321Z</time></trkpt>
  <trkpt lat="37.4131546" lon="-121.9956746"><ele>98</ele><time>2026-07-19T16:43:52.653614Z</time></trkpt>
  <trkpt lat="37.4131613" lon="-121.9956733"><ele>100</ele><time>2026-07-19T16:43:52.754322Z</time></trkpt>
  <trkpt lat="37.4131671" lon="-121.9956703"><ele>101</ele><time>2026-07-19T16:43:52.855182Z</time></trkpt>
  <trkpt lat="37.4131726" lon="-121.9956661"><ele>102</ele><time>2026-07-19T16:43:52.954972Z</time></trkpt>
  <trkpt lat="37.4131762" lon="-121.9956614"><ele>104</ele><time>2026-07-19T16:43:53.055576Z</time></trkpt>
  <trkpt lat="37.4131776" lon="-121.9956557"><ele>105</ele><time>2026-07-19T16:43:53.156150Z</time></trkpt>
  <trkpt lat="37.4131769" lon="-121.9956495"><ele>107</ele><time>2026-07-19T16:43:53.256983Z</time></trkpt>
  <trkpt lat="37.4131749" lon="-121.9956429"><ele>108</ele><time>2026-07-19T16:43:53.357315Z</time></trkpt>
  <trkpt lat="37.4131714" lon="-121.9956366"><ele>109</ele><time>2026-07-19T16:43:53.438013Z</time></trkpt>
  <trkpt lat="37.4131656" lon="-121.9956307"><ele>111</ele><time>2026-07-19T16:43:53.538863Z</time></trkpt>
  <trkpt lat="37.4131578" lon="-121.9956260"><ele>112</ele><time>2026-07-19T16:43:53.639519Z</time></trkpt>
  <trkpt lat="37.4131480" lon="-121.9956222"><ele>113</ele><time>2026-07-19T16:43:53.740102Z</time></trkpt>
  <trkpt lat="37.4131368" lon="-121.9956187"><ele>114</ele><time>2026-07-19T16:43:53.840907Z</time></trkpt>
  <trkpt lat="37.4131244" lon="-121.9956156"><ele>114</ele><time>2026-07-19T16:43:53.941532Z</time></trkpt>
  <trkpt lat="37.4131116" lon="-121.9956143"><ele>114</ele><time>2026-07-19T16:43:54.042280Z</time></trkpt>
  <trkpt lat="37.4130986" lon="-121.9956138"><ele>115</ele><time>2026-07-19T16:43:54.143003Z</time></trkpt>
  <trkpt lat="37.4130861" lon="-121.9956137"><ele>115</ele><time>2026-07-19T16:43:54.243774Z</time></trkpt>
  <trkpt lat="37.4130745" lon="-121.9956139"><ele>115</ele><time>2026-07-19T16:43:54.345062Z</time></trkpt>
  <trkpt lat="37.4130634" lon="-121.9956158"><ele>114</ele><time>2026-07-19T16:43:54.445575Z</time></trkpt>
  <trkpt lat="37.4130634" lon="-121.9956158"><ele>114</ele><time>2026-07-19T16:43:54.520405Z</time></trkpt>
  <trkpt lat="37.4130551" lon="-121.9956202"><ele>113</ele><time>2026-07-19T16:43:54.546351Z</time></trkpt>
  <trkpt lat="37.4130479" lon="-121.9956261"><ele>112</ele><time>2026-07-19T16:43:54.646136Z</time></trkpt>
  <trkpt lat="37.4130425" lon="-121.9956373"><ele>111</ele><time>2026-07-19T16:43:54.746651Z</time></trkpt>
  <trkpt lat="37.4130372" lon="-121.9956486"><ele>110</ele><time>2026-07-19T16:43:54.847102Z</time></trkpt>
  <trkpt lat="37.4130306" lon="-121.9956573"><ele>108</ele><time>2026-07-19T16:43:54.947376Z</time></trkpt>
  <trkpt lat="37.4130217" lon="-121.9956639"><ele>106</ele><time>2026-07-19T16:43:55.048095Z</time></trkpt>
  <trkpt lat="37.4130154" lon="-121.9956731"><ele>105</ele><time>2026-07-19T16:43:55.148303Z</time></trkpt>
  <trkpt lat="37.4130143" lon="-121.9956842"><ele>103</ele><time>2026-07-19T16:43:55.248902Z</time></trkpt>
  <trkpt lat="37.4130141" lon="-121.9956956"><ele>101</ele><time>2026-07-19T16:43:55.349520Z</time></trkpt>
  <trkpt lat="37.4130127" lon="-121.9957065"><ele>99</ele><time>2026-07-19T16:43:55.450177Z</time></trkpt>
  <trkpt lat="37.4130102" lon="-121.9957155"><ele>96</ele><time>2026-07-19T16:43:55.551333Z</time></trkpt>
  <trkpt lat="37.4130103" lon="-121.9957261"><ele>95</ele><time>2026-07-19T16:43:55.652014Z</time></trkpt>
  <trkpt lat="37.4130101" lon="-121.9957387"><ele>93</ele><time>2026-07-19T16:43:55.752987Z</time></trkpt>
  <trkpt lat="37.4130108" lon="-121.9957534"><ele>92</ele><time>2026-07-19T16:43:55.853769Z</time></trkpt>
  <trkpt lat="37.4130108" lon="-121.9957682"><ele>91</ele><time>2026-07-19T16:43:55.954562Z</time></trkpt>
  <trkpt lat="37.4130099" lon="-121.9957843"><ele>89</ele><time>2026-07-19T16:43:56.055181Z</time></trkpt>
  <trkpt lat="37.4130085" lon="-121.9958002"><ele>88</ele><time>2026-07-19T16:43:56.136183Z</time></trkpt>
  <trkpt lat="37.4130081" lon="-121.9958156"><ele>86</ele><time>2026-07-19T16:43:56.236937Z</time></trkpt>
  <trkpt lat="37.4130083" lon="-121.9958279"><ele>85</ele><time>2026-07-19T16:43:56.338014Z</time></trkpt>
  <trkpt lat="37.4130104" lon="-121.9958362"><ele>83</ele><time>2026-07-19T16:43:56.438602Z</time></trkpt>
  <trkpt lat="37.4130154" lon="-121.9958442"><ele>81</ele><time>2026-07-19T16:43:56.538919Z</time></trkpt>
  <trkpt lat="37.4130238" lon="-121.9958535"><ele>80</ele><time>2026-07-19T16:43:56.640100Z</time></trkpt>
  <trkpt lat="37.4130238" lon="-121.9958535"><ele>80</ele><time>2026-07-19T16:43:56.670210Z</time></trkpt>
  <trkpt lat="37.4130336" lon="-121.9958653"><ele>79</ele><time>2026-07-19T16:43:56.740464Z</time></trkpt>
  <trkpt lat="37.4130432" lon="-121.9958771"><ele>78</ele><time>2026-07-19T16:43:56.840587Z</time></trkpt>
  <trkpt lat="37.4130504" lon="-121.9958867"><ele>77</ele><time>2026-07-19T16:43:56.940893Z</time></trkpt>
  <trkpt lat="37.4130601" lon="-121.9958906"><ele>77</ele><time>2026-07-19T16:43:57.041313Z</time></trkpt>
  <trkpt lat="37.4130698" lon="-121.9958916"><ele>76</ele><time>2026-07-19T16:43:57.141475Z</time></trkpt>
  <trkpt lat="37.4130814" lon="-121.9958942"><ele>76</ele><time>2026-07-19T16:43:57.242253Z</time></trkpt>
  <trkpt lat="37.4130911" lon="-121.9958957"><ele>75</ele><time>2026-07-19T16:43:57.343001Z</time></trkpt>
  <trkpt lat="37.4131024" lon="-121.9958913"><ele>74</ele><time>2026-07-19T16:43:57.443937Z</time></trkpt>
  <trkpt lat="37.4131125" lon="-121.9958841"><ele>73</ele><time>2026-07-19T16:43:57.544091Z</time></trkpt>
  <trkpt lat="37.4131235" lon="-121.9958765"><ele>72</ele><time>2026-07-19T16:43:57.645041Z</time></trkpt>
  <trkpt lat="37.4131357" lon="-121.9958681"><ele>71</ele><time>2026-07-19T16:43:57.745371Z</time></trkpt>
  <trkpt lat="37.4131458" lon="-121.9958590"><ele>70</ele><time>2026-07-19T16:43:57.845799Z</time></trkpt>
  <trkpt lat="37.4131580" lon="-121.9958515"><ele>70</ele><time>2026-07-19T16:43:57.946538Z</time></trkpt>
  <trkpt lat="37.4131739" lon="-121.9958460"><ele>71</ele><time>2026-07-19T16:43:58.046784Z</time></trkpt>
  <trkpt lat="37.4131883" lon="-121.9958413"><ele>72</ele><time>2026-07-19T16:43:58.147460Z</time></trkpt>
  <trkpt lat="37.4132029" lon="-121.9958414"><ele>73</ele><time>2026-07-19T16:43:58.247658Z</time></trkpt>
  <trkpt lat="37.4132159" lon="-121.9958407"><ele>74</ele><time>2026-07-19T16:43:58.348823Z</time></trkpt>
  <trkpt lat="37.4132311" lon="-121.9958412"><ele>75</ele><time>2026-07-19T16:43:58.449628Z</time></trkpt>
  <trkpt lat="37.4132450" lon="-121.9958389"><ele>75</ele><time>2026-07-19T16:43:58.550061Z</time></trkpt>
  <trkpt lat="37.4132599" lon="-121.9958358"><ele>76</ele><time>2026-07-19T16:43:58.650883Z</time></trkpt>
  <trkpt lat="37.4132761" lon="-121.9958334"><ele>76</ele><time>2026-07-19T16:43:58.751136Z</time></trkpt>
  <trkpt lat="37.4132761" lon="-121.9958334"><ele>76</ele><time>2026-07-19T16:43:58.819341Z</time></trkpt>
  <trkpt lat="37.4132938" lon="-121.9958319"><ele>77</ele><time>2026-07-19T16:43:58.832204Z</time></trkpt>
  <trkpt lat="37.4133115" lon="-121.9958295"><ele>77</ele><time>2026-07-19T16:43:58.932804Z</time></trkpt>
  <trkpt lat="37.4133290" lon="-121.9958297"><ele>79</ele><time>2026-07-19T16:43:59.033720Z</time></trkpt>
  <trkpt lat="37.4133428" lon="-121.9958289"><ele>79</ele><time>2026-07-19T16:43:59.134577Z</time></trkpt>
  <trkpt lat="37.4133552" lon="-121.9958259"><ele>80</ele><time>2026-07-19T16:43:59.236136Z</time></trkpt>
  <trkpt lat="37.4133693" lon="-121.9958240"><ele>80</ele><time>2026-07-19T16:43:59.336895Z</time></trkpt>
  <trkpt lat="37.4133827" lon="-121.9958217"><ele>81</ele><time>2026-07-19T16:43:59.438514Z</time></trkpt>
  <trkpt lat="37.4133952" lon="-121.9958225"><ele>82</ele><time>2026-07-19T16:43:59.538881Z</time></trkpt>
  <trkpt lat="37.4134068" lon="-121.9958242"><ele>83</ele><time>2026-07-19T16:43:59.639818Z</time></trkpt>
  <trkpt lat="37.4134197" lon="-121.9958262"><ele>83</ele><time>2026-07-19T16:43:59.740265Z</time></trkpt>
  <trkpt lat="37.4134336" lon="-121.9958276"><ele>84</ele><time>2026-07-19T16:43:59.841019Z</time></trkpt>
  <trkpt lat="37.4134453" lon="-121.9958283"><ele>85</ele><time>2026-07-19T16:43:59.941700Z</time></trkpt>
  <trkpt lat="37.4134568" lon="-121.9958295"><ele>86</ele><time>2026-07-19T16:44:00.042466Z</time></trkpt>
  <trkpt lat="37.4134676" lon="-121.9958306"><ele>87</ele><time>2026-07-19T16:44:00.143716Z</time></trkpt>
  <trkpt lat="37.4134795" lon="-121.9958325"><ele>87</ele><time>2026-07-19T16:44:00.244410Z</time></trkpt>
  <trkpt lat="37.4134945" lon="-121.9958341"><ele>88</ele><time>2026-07-19T16:44:00.345744Z</time></trkpt>
  <trkpt lat="37.4135082" lon="-121.9958339"><ele>89</ele><time>2026-07-19T16:44:00.446239Z</time></trkpt>
  <trkpt lat="37.4135223" lon="-121.9958336"><ele>89</ele><time>2026-07-19T16:44:00.547506Z</time></trkpt>
  <trkpt lat="37.4135372" lon="-121.9958314"><ele>89</ele><time>2026-07-19T16:44:00.648132Z</time></trkpt>
  <trkpt lat="37.4135521" lon="-121.9958278"><ele>89</ele><time>2026-07-19T16:44:00.749167Z</time></trkpt>
  <trkpt lat="37.4135674" lon="-121.9958243"><ele>89</ele><time>2026-07-19T16:44:00.849774Z</time></trkpt>
  <trkpt lat="37.4135814" lon="-121.9958203"><ele>89</ele><time>2026-07-19T16:44:00.930248Z</time></trkpt>
  <trkpt lat="37.4135814" lon="-121.9958203"><ele>89</ele><time>2026-07-19T16:44:00.971416Z</time></trkpt>
  <trkpt lat="37.4135943" lon="-121.9958179"><ele>89</ele><time>2026-07-19T16:44:01.030441Z</time></trkpt>
  <trkpt lat="37.4136095" lon="-121.9958189"><ele>89</ele><time>2026-07-19T16:44:01.131550Z</time></trkpt>
  <trkpt lat="37.4136259" lon="-121.9958201"><ele>89</ele><time>2026-07-19T16:44:01.232907Z</time></trkpt>
  <trkpt lat="37.4136407" lon="-121.9958195"><ele>89</ele><time>2026-07-19T16:44:01.333803Z</time></trkpt>
  <trkpt lat="37.4136552" lon="-121.9958177"><ele>89</ele><time>2026-07-19T16:44:01.434368Z</time></trkpt>
  <trkpt lat="37.4136690" lon="-121.9958156"><ele>89</ele><time>2026-07-19T16:44:01.535690Z</time></trkpt>
  <trkpt lat="37.4136842" lon="-121.9958162"><ele>89</ele><time>2026-07-19T16:44:01.635951Z</time></trkpt>
  <trkpt lat="37.4137003" lon="-121.9958178"><ele>90</ele><time>2026-07-19T16:44:01.736637Z</time></trkpt>
  <trkpt lat="37.4137157" lon="-121.9958178"><ele>89</ele><time>2026-07-19T16:44:01.837282Z</time></trkpt>
  <trkpt lat="37.4137311" lon="-121.9958180"><ele>90</ele><time>2026-07-19T16:44:01.937872Z</time></trkpt>
  <trkpt lat="37.4137448" lon="-121.9958185"><ele>91</ele><time>2026-07-19T16:44:02.038458Z</time></trkpt>
  <trkpt lat="37.4137562" lon="-121.9958193"><ele>92</ele><time>2026-07-19T16:44:02.139111Z</time></trkpt>
  <trkpt lat="37.4137666" lon="-121.9958201"><ele>92</ele><time>2026-07-19T16:44:02.239929Z</time></trkpt>
  <trkpt lat="37.4137760" lon="-121.9958203"><ele>93</ele><time>2026-07-19T16:44:02.340467Z</time></trkpt>
  <trkpt lat="37.4137834" lon="-121.9958198"><ele>94</ele><time>2026-07-19T16:44:02.441118Z</time></trkpt>
  <trkpt lat="37.4137896" lon="-121.9958181"><ele>95</ele><time>2026-07-19T16:44:02.542122Z</time></trkpt>
  <trkpt lat="37.4137952" lon="-121.9958156"><ele>96</ele><time>2026-07-19T16:44:02.642881Z</time></trkpt>
  <trkpt lat="37.4137994" lon="-121.9958116"><ele>97</ele><time>2026-07-19T16:44:02.743744Z</time></trkpt>
  <trkpt lat="37.4138027" lon="-121.9958063"><ele>98</ele><time>2026-07-19T16:44:02.844185Z</time></trkpt>
  <trkpt lat="37.4138044" lon="-121.9957990"><ele>99</ele><time>2026-07-19T16:44:02.944506Z</time></trkpt>
  <trkpt lat="37.4138048" lon="-121.9957902"><ele>100</ele><time>2026-07-19T16:44:03.045159Z</time></trkpt>
  <trkpt lat="37.4138048" lon="-121.9957902"><ele>100</ele><time>2026-07-19T16:44:03.122560Z</time></trkpt>
  <trkpt lat="37.4138031" lon="-121.9957801"><ele>101</ele><time>2026-07-19T16:44:03.145840Z</time></trkpt>
  <trkpt lat="37.4137995" lon="-121.9957691"><ele>102</ele><time>2026-07-19T16:44:03.246252Z</time></trkpt>
  <trkpt lat="37.4137942" lon="-121.9957575"><ele>103</ele><time>2026-07-19T16:44:03.346953Z</time></trkpt>
  <trkpt lat="37.4137879" lon="-121.9957464"><ele>104</ele><time>2026-07-19T16:44:03.447937Z</time></trkpt>
  <trkpt lat="37.4137803" lon="-121.9957359"><ele>105</ele><time>2026-07-19T16:44:03.548303Z</time></trkpt>
  <trkpt lat="37.4137710" lon="-121.9957254"><ele>105</ele><time>2026-07-19T16:44:03.649025Z</time></trkpt>
  <trkpt lat="37.4137604" lon="-121.9957151"><ele>106</ele><time>2026-07-19T16:44:03.749235Z</time></trkpt>
  <trkpt lat="37.4137493" lon="-121.9957055"><ele>106</ele><time>2026-07-19T16:44:03.849622Z</time></trkpt>
  <trkpt lat="37.4137384" lon="-121.9956955"><ele>106</ele><time>2026-07-19T16:44:03.950782Z</time></trkpt>
  <trkpt lat="37.4137277" lon="-121.9956849"><ele>107</ele><time>2026-07-19T16:44:04.031798Z</time></trkpt>
  <trkpt lat="37.4137158" lon="-121.9956748"><ele>106</ele><time>2026-07-19T16:44:04.133021Z</time></trkpt>
  <trkpt lat="37.4137038" lon="-121.9956644"><ele>106</ele><time>2026-07-19T16:44:04.233712Z</time></trkpt>
  <trkpt lat="37.4136917" lon="-121.9956538"><ele>105</ele><time>2026-07-19T16:44:04.333642Z</time></trkpt>
  <trkpt lat="37.4136791" lon="-121.9956417"><ele>104</ele><time>2026-07-19T16:44:04.434177Z</time></trkpt>
  <trkpt lat="37.4136651" lon="-121.9956300"><ele>103</ele><time>2026-07-19T16:44:04.535088Z</time></trkpt>
  <trkpt lat="37.4136500" lon="-121.9956202"><ele>102</ele><time>2026-07-19T16:44:04.635291Z</time></trkpt>
  <trkpt lat="37.4136328" lon="-121.9956150"><ele>102</ele><time>2026-07-19T16:44:04.735943Z</time></trkpt>
  <trkpt lat="37.4136149" lon="-121.9956112"><ele>101</ele><time>2026-07-19T16:44:04.836414Z</time></trkpt>
  <trkpt lat="37.4135975" lon="-121.9956089"><ele>101</ele><time>2026-07-19T16:44:04.937358Z</time></trkpt>
  <trkpt lat="37.4135800" lon="-121.9956060"><ele>99</ele><time>2026-07-19T16:44:05.037923Z</time></trkpt>
  <trkpt lat="37.4135625" lon="-121.9956024"><ele>98</ele><time>2026-07-19T16:44:05.139018Z</time></trkpt>
  <trkpt lat="37.4135434" lon="-121.9955972"><ele>97</ele><time>2026-07-19T16:44:05.239250Z</time></trkpt>
  <trkpt lat="37.4135434" lon="-121.9955972"><ele>97</ele><time>2026-07-19T16:44:05.276631Z</time></trkpt>
  <trkpt lat="37.4135239" lon="-121.9955908"><ele>96</ele><time>2026-07-19T16:44:05.340439Z</time></trkpt>
  <trkpt lat="37.4135053" lon="-121.9955843"><ele>96</ele><time>2026-07-19T16:44:05.441025Z</time></trkpt>
  <trkpt lat="37.4134876" lon="-121.9955787"><ele>97</ele><time>2026-07-19T16:44:05.542459Z</time></trkpt>
  <trkpt lat="37.4134691" lon="-121.9955714"><ele>97</ele><time>2026-07-19T16:44:05.643634Z</time></trkpt>
  <trkpt lat="37.4134507" lon="-121.9955641"><ele>97</ele><time>2026-07-19T16:44:05.743761Z</time></trkpt>
  <trkpt lat="37.4134325" lon="-121.9955576"><ele>97</ele><time>2026-07-19T16:44:05.844152Z</time></trkpt>
  <trkpt lat="37.4134153" lon="-121.9955500"><ele>97</ele><time>2026-07-19T16:44:05.944176Z</time></trkpt>
  <trkpt lat="37.4133998" lon="-121.9955429"><ele>97</ele><time>2026-07-19T16:44:06.045023Z</time></trkpt>
  <trkpt lat="37.4133854" lon="-121.9955350"><ele>97</ele><time>2026-07-19T16:44:06.145526Z</time></trkpt>
  <trkpt lat="37.4133712" lon="-121.9955269"><ele>96</ele><time>2026-07-19T16:44:06.246206Z</time></trkpt>
  <trkpt lat="37.4133570" lon="-121.9955205"><ele>96</ele><time>2026-07-19T16:44:06.346891Z</time></trkpt>
  <trkpt lat="37.4133425" lon="-121.9955165"><ele>95</ele><time>2026-07-19T16:44:06.447238Z</time></trkpt>
  <trkpt lat="37.4133279" lon="-121.9955149"><ele>95</ele><time>2026-07-19T16:44:06.547821Z</time></trkpt>
  <trkpt lat="37.4133137" lon="-121.9955168"><ele>94</ele><time>2026-07-19T16:44:06.648887Z</time></trkpt>
  <trkpt lat="37.4133000" lon="-121.9955223"><ele>93</ele><time>2026-07-19T16:44:06.729372Z</time></trkpt>
  <trkpt lat="37.4132879" lon="-121.9955299"><ele>91</ele><time>2026-07-19T16:44:06.829781Z</time></trkpt>
  <trkpt lat="37.4132761" lon="-121.9955389"><ele>90</ele><time>2026-07-19T16:44:06.931270Z</time></trkpt>
  <trkpt lat="37.4132655" lon="-121.9955501"><ele>90</ele><time>2026-07-19T16:44:07.031562Z</time></trkpt>
  <trkpt lat="37.4132552" lon="-121.9955631"><ele>89</ele><time>2026-07-19T16:44:07.132123Z</time></trkpt>
  <trkpt lat="37.4132446" lon="-121.9955776"><ele>89</ele><time>2026-07-19T16:44:07.232774Z</time></trkpt>
  <trkpt lat="37.4132330" lon="-121.9955935"><ele>89</ele><time>2026-07-19T16:44:07.333600Z</time></trkpt>
  <trkpt lat="37.4132330" lon="-121.9955935"><ele>89</ele><time>2026-07-19T16:44:07.427661Z</time></trkpt>
  <trkpt lat="37.4132200" lon="-121.9956086"><ele>89</ele><time>2026-07-19T16:44:07.434327Z</time></trkpt>
  <trkpt lat="37.4132055" lon="-121.9956216"><ele>89</ele><time>2026-07-19T16:44:07.535017Z</time></trkpt>
  <trkpt lat="37.4131900" lon="-121.9956322"><ele>88</ele><time>2026-07-19T16:44:07.635430Z</time></trkpt>
  <trkpt lat="37.4131733" lon="-121.9956400"><ele>87</ele><time>2026-07-19T16:44:07.736319Z</time></trkpt>
  <trkpt lat="37.4131570" lon="-121.9956453"><ele>86</ele><time>2026-07-19T16:44:07.836918Z</time></trkpt>
  <trkpt lat="37.4131422" lon="-121.9956502"><ele>86</ele><time>2026-07-19T16:44:07.937719Z</time></trkpt>
  <trkpt lat="37.4131280" lon="-121.9956531"><ele>85</ele><time>2026-07-19T16:44:08.038351Z</time></trkpt>
  <trkpt lat="37.4131153" lon="-121.9956556"><ele>84</ele><time>2026-07-19T16:44:08.138749Z</time></trkpt>
  <trkpt lat="37.4131036" lon="-121.9956579"><ele>82</ele><time>2026-07-19T16:44:08.240123Z</time></trkpt>
  <trkpt lat="37.4130920" lon="-121.9956601"><ele>81</ele><time>2026-07-19T16:44:08.341072Z</time></trkpt>
  <trkpt lat="37.4130803" lon="-121.9956622"><ele>80</ele><time>2026-07-19T16:44:08.441862Z</time></trkpt>
  <trkpt lat="37.4130688" lon="-121.9956639"><ele>78</ele><time>2026-07-19T16:44:08.543015Z</time></trkpt>
  <trkpt lat="37.4130567" lon="-121.9956653"><ele>76</ele><time>2026-07-19T16:44:08.644072Z</time></trkpt>
  <trkpt lat="37.4130447" lon="-121.9956664"><ele>74</ele><time>2026-07-19T16:44:08.744614Z</time></trkpt>
  <trkpt lat="37.4130331" lon="-121.9956673"><ele>72</ele><time>2026-07-19T16:44:08.845771Z</time></trkpt>
  <trkpt lat="37.4130218" lon="-121.9956680"><ele>70</ele><time>2026-07-19T16:44:08.926421Z</time></trkpt>
  <trkpt lat="37.4130107" lon="-121.9956685"><ele>69</ele><time>2026-07-19T16:44:09.027012Z</time></trkpt>
  <trkpt lat="37.4129990" lon="-121.9956685"><ele>67</ele><time>2026-07-19T16:44:09.128120Z</time></trkpt>
  <trkpt lat="37.4129873" lon="-121.9956680"><ele>64</ele><time>2026-07-19T16:44:09.228970Z</time></trkpt>
  <trkpt lat="37.4129758" lon="-121.9956672"><ele>62</ele><time>2026-07-19T16:44:09.329742Z</time></trkpt>
  <trkpt lat="37.4129638" lon="-121.9956659"><ele>60</ele><time>2026-07-19T16:44:09.430739Z</time></trkpt>
  <trkpt lat="37.4129517" lon="-121.9956643"><ele>58</ele><time>2026-07-19T16:44:09.531459Z</time></trkpt>
  <trkpt lat="37.4129517" lon="-121.9956643"><ele>58</ele><time>2026-07-19T16:44:09.560428Z</time></trkpt>
  <trkpt lat="37.4129400" lon="-121.9956626"><ele>56</ele><time>2026-07-19T16:44:09.632073Z</time></trkpt>
  <trkpt lat="37.4129291" lon="-121.9956611"><ele>54</ele><time>2026-07-19T16:44:09.733370Z</time></trkpt>
  <trkpt lat="37.4129183" lon="-121.9956597"><ele>51</ele><time>2026-07-19T16:44:09.833525Z</time></trkpt>
  <trkpt lat="37.4129069" lon="-121.9956578"><ele>49</ele><time>2026-07-19T16:44:09.934004Z</time></trkpt>
  <trkpt lat="37.4128956" lon="-121.9956559"><ele>47</ele><time>2026-07-19T16:44:10.035481Z</time></trkpt>
  <trkpt lat="37.4128863" lon="-121.9956556"><ele>44</ele><time>2026-07-19T16:44:10.135973Z</time></trkpt>
  <trkpt lat="37.4128805" lon="-121.9956563"><ele>42</ele><time>2026-07-19T16:44:10.216446Z</time></trkpt>
  <trkpt lat="37.4128768" lon="-121.9956578"><ele>39</ele><time>2026-07-19T16:44:10.316656Z</time></trkpt>
  <trkpt lat="37.4128787" lon="-121.9956608"><ele>36</ele><time>2026-07-19T16:44:10.416969Z</time></trkpt>
  <trkpt lat="37.4128840" lon="-121.9956646"><ele>34</ele><time>2026-07-19T16:44:10.517558Z</time></trkpt>
  <trkpt lat="37.4128923" lon="-121.9956682"><ele>31</ele><time>2026-07-19T16:44:10.617852Z</time></trkpt>
  <trkpt lat="37.4129030" lon="-121.9956709"><ele>30</ele><time>2026-07-19T16:44:10.738570Z</time></trkpt>
  <trkpt lat="37.4129164" lon="-121.9956732"><ele>29</ele><time>2026-07-19T16:44:10.839501Z</time></trkpt>
  <trkpt lat="37.4129308" lon="-121.9956752"><ele>28</ele><time>2026-07-19T16:44:10.940546Z</time></trkpt>
  <trkpt lat="37.4129450" lon="-121.9956766"><ele>27</ele><time>2026-07-19T16:44:11.040912Z</time></trkpt>
  <trkpt lat="37.4129588" lon="-121.9956769"><ele>27</ele><time>2026-07-19T16:44:11.141692Z</time></trkpt>
  <trkpt lat="37.4129716" lon="-121.9956766"><ele>27</ele><time>2026-07-19T16:44:11.242486Z</time></trkpt>
  <trkpt lat="37.4129850" lon="-121.9956762"><ele>27</ele><time>2026-07-19T16:44:11.342956Z</time></trkpt>
  <trkpt lat="37.4129985" lon="-121.9956758"><ele>28</ele><time>2026-07-19T16:44:11.423823Z</time></trkpt>
  <trkpt lat="37.4130114" lon="-121.9956754"><ele>29</ele><time>2026-07-19T16:44:11.524948Z</time></trkpt>
  <trkpt lat="37.4130246" lon="-121.9956752"><ele>29</ele><time>2026-07-19T16:44:11.624544Z</time></trkpt>
  <trkpt lat="37.4130246" lon="-121.9956752"><ele>29</ele><time>2026-07-19T16:44:11.718372Z</time></trkpt>
  <trkpt lat="37.4130369" lon="-121.9956747"><ele>29</ele><time>2026-07-19T16:44:11.724658Z</time></trkpt>
  <trkpt lat="37.4130487" lon="-121.9956746"><ele>29</ele><time>2026-07-19T16:44:11.825368Z</time></trkpt>
  <trkpt lat="37.4130607" lon="-121.9956748"><ele>29</ele><time>2026-07-19T16:44:11.926974Z</time></trkpt>
  <trkpt lat="37.4130726" lon="-121.9956744"><ele>29</ele><time>2026-07-19T16:44:12.027809Z</time></trkpt>
  <trkpt lat="37.4130844" lon="-121.9956730"><ele>29</ele><time>2026-07-19T16:44:12.128508Z</time></trkpt>
  <trkpt lat="37.4130961" lon="-121.9956700"><ele>29</ele><time>2026-07-19T16:44:12.229105Z</time></trkpt>
  <trkpt lat="37.4131073" lon="-121.9956651"><ele>29</ele><time>2026-07-19T16:44:12.330154Z</time></trkpt>
  <trkpt lat="37.4131177" lon="-121.9956587"><ele>30</ele><time>2026-07-19T16:44:12.431218Z</time></trkpt>
  <trkpt lat="37.4131270" lon="-121.9956505"><ele>30</ele><time>2026-07-19T16:44:12.531940Z</time></trkpt>
  <trkpt lat="37.4131353" lon="-121.9956410"><ele>30</ele><time>2026-07-19T16:44:12.632170Z</time></trkpt>
  <trkpt lat="37.4131428" lon="-121.9956300"><ele>30</ele><time>2026-07-19T16:44:12.732717Z</time></trkpt>
  <trkpt lat="37.4131492" lon="-121.9956182"><ele>30</ele><time>2026-07-19T16:44:12.833351Z</time></trkpt>
  <trkpt lat="37.4131547" lon="-121.9956056"><ele>30</ele><time>2026-07-19T16:44:12.933713Z</time></trkpt>
  <trkpt lat="37.4131595" lon="-121.9955926"><ele>30</ele><time>2026-07-19T16:44:13.033792Z</time></trkpt>
  <trkpt lat="37.4131636" lon="-121.9955795"><ele>30</ele><time>2026-07-19T16:44:13.134590Z</time></trkpt>
  <trkpt lat="37.4131676" lon="-121.9955665"><ele>31</ele><time>2026-07-19T16:44:13.234794Z</time></trkpt>
  <trkpt lat="37.4131712" lon="-121.9955535"><ele>31</ele><time>2026-07-19T16:44:13.335404Z</time></trkpt>
  <trkpt lat="37.4131747" lon="-121.9955405"><ele>31</ele><time>2026-07-19T16:44:13.437270Z</time></trkpt>
  <trkpt lat="37.4131781" lon="-121.9955278"><ele>31</ele><time>2026-07-19T16:44:13.538229Z</time></trkpt>
  <trkpt lat="37.4131814" lon="-121.9955154"><ele>32</ele><time>2026-07-19T16:44:13.638544Z</time></trkpt>
  <trkpt lat="37.4131847" lon="-121.9955032"><ele>32</ele><time>2026-07-19T16:44:13.738766Z</time></trkpt>
  <trkpt lat="37.4131877" lon="-121.9954912"><ele>33</ele><time>2026-07-19T16:44:13.839827Z</time></trkpt>
  <trkpt lat="37.4131877" lon="-121.9954912"><ele>33</ele><time>2026-07-19T16:44:13.872155Z</time></trkpt>
  <trkpt lat="37.4131904" lon="-121.9954797"><ele>33</ele><time>2026-07-19T16:44:13.940545Z</time></trkpt>
  <trkpt lat="37.4131931" lon="-121.9954687"><ele>33</ele><time>2026-07-19T16:44:14.021306Z</time></trkpt>
  <trkpt lat="37.4131956" lon="-121.9954581"><ele>34</ele><time>2026-07-19T16:44:14.121913Z</time></trkpt>
  <trkpt lat="37.4131980" lon="-121.9954474"><ele>34</ele><time>2026-07-19T16:44:14.222188Z</time></trkpt>
  <trkpt lat="37.4132002" lon="-121.9954367"><ele>35</ele><time>2026-07-19T16:44:14.323096Z</time></trkpt>
  <trkpt lat="37.4132025" lon="-121.9954258"><ele>35</ele><time>2026-07-19T16:44:14.423488Z</time></trkpt>
  <trkpt lat="37.4132045" lon="-121.9954149"><ele>35</ele><time>2026-07-19T16:44:14.523684Z</time></trkpt>
  <trkpt lat="37.4132065" lon="-121.9954043"><ele>36</ele><time>2026-07-19T16:44:14.624551Z</time></trkpt>
  <trkpt lat="37.4132085" lon="-121.9953936"><ele>36</ele><time>2026-07-19T16:44:14.724565Z</time></trkpt>
  <trkpt lat="37.4132102" lon="-121.9953833"><ele>36</ele><time>2026-07-19T16:44:14.824930Z</time></trkpt>
  <trkpt lat="37.4132119" lon="-121.9953728"><ele>37</ele><time>2026-07-19T16:44:14.925230Z</time></trkpt>
  <trkpt lat="37.4132134" lon="-121.9953624"><ele>37</ele><time>2026-07-19T16:44:15.025794Z</time></trkpt>
  <trkpt lat="37.4132146" lon="-121.9953521"><ele>37</ele><time>2026-07-19T16:44:15.125922Z</time></trkpt>
  <trkpt lat="37.4132157" lon="-121.9953419"><ele>37</ele><time>2026-07-19T16:44:15.227109Z</time></trkpt>
  <trkpt lat="37.4132165" lon="-121.9953318"><ele>38</ele><time>2026-07-19T16:44:15.327907Z</time></trkpt>
  <trkpt lat="37.4132173" lon="-121.9953216"><ele>38</ele><time>2026-07-19T16:44:15.428386Z</time></trkpt>
  <trkpt lat="37.4132178" lon="-121.9953120"><ele>38</ele><time>2026-07-19T16:44:15.528908Z</time></trkpt>
  <trkpt lat="37.4132183" lon="-121.9953025"><ele>38</ele><time>2026-07-19T16:44:15.629653Z</time></trkpt>
  <trkpt lat="37.4132186" lon="-121.9952933"><ele>39</ele><time>2026-07-19T16:44:15.730129Z</time></trkpt>
  <trkpt lat="37.4132189" lon="-121.9952846"><ele>39</ele><time>2026-07-19T16:44:15.830557Z</time></trkpt>
  <trkpt lat="37.4132189" lon="-121.9952760"><ele>39</ele><time>2026-07-19T16:44:15.931306Z</time></trkpt>
  <trkpt lat="37.4132190" lon="-121.9952674"><ele>39</ele><time>2026-07-19T16:44:16.031589Z</time></trkpt>
  <trkpt lat="37.4132190" lon="-121.9952674"><ele>39</ele><time>2026-07-19T16:44:16.036768Z</time></trkpt>
  <trkpt lat="37.4132194" lon="-121.9952586"><ele>40</ele><time>2026-07-19T16:44:16.131671Z</time></trkpt>
  <trkpt lat="37.4132198" lon="-121.9952499"><ele>40</ele><time>2026-07-19T16:44:16.232046Z</time></trkpt>
  <trkpt lat="37.4132204" lon="-121.9952416"><ele>40</ele><time>2026-07-19T16:44:16.332296Z</time></trkpt>
  <trkpt lat="37.4132211" lon="-121.9952327"><ele>40</ele><time>2026-07-19T16:44:16.433529Z</time></trkpt>
  <trkpt lat="37.4132219" lon="-121.9952235"><ele>40</ele><time>2026-07-19T16:44:16.533769Z</time></trkpt>
  <trkpt lat="37.4132229" lon="-121.9952144"><ele>40</ele><time>2026-07-19T16:44:16.634326Z</time></trkpt>
  <trkpt lat="37.4132239" lon="-121.9952046"><ele>40</ele><time>2026-07-19T16:44:16.734758Z</time></trkpt>
  <trkpt lat="37.4132249" lon="-121.9951948"><ele>40</ele><time>2026-07-19T16:44:16.836182Z</time></trkpt>
  <trkpt lat="37.4132259" lon="-121.9951856"><ele>40</ele><time>2026-07-19T16:44:16.936394Z</time></trkpt>
  <trkpt lat="37.4132266" lon="-121.9951769"><ele>40</ele><time>2026-07-19T16:44:17.017198Z</time></trkpt>
  <trkpt lat="37.4132275" lon="-121.9951676"><ele>40</ele><time>2026-07-19T16:44:17.118052Z</time></trkpt>
  <trkpt lat="37.4132285" lon="-121.9951580"><ele>40</ele><time>2026-07-19T16:44:17.219057Z</time></trkpt>
  <trkpt lat="37.4132301" lon="-121.9951463"><ele>41</ele><time>2026-07-19T16:44:17.319710Z</time></trkpt>
  <trkpt lat="37.4132320" lon="-121.9951343"><ele>41</ele><time>2026-07-19T16:44:17.420034Z</time></trkpt>
  <trkpt lat="37.4132341" lon="-121.9951222"><ele>41</ele><time>2026-07-19T16:44:17.520332Z</time></trkpt>
  <trkpt lat="37.4132368" lon="-121.9951101"><ele>41</ele><time>2026-07-19T16:44:17.620892Z</time></trkpt>
  <trkpt lat="37.4132401" lon="-121.9950987"><ele>41</ele><time>2026-07-19T16:44:17.721318Z</time></trkpt>
  <trkpt lat="37.4132435" lon="-121.9950876"><ele>42</ele><time>2026-07-19T16:44:17.821775Z</time></trkpt>
  <trkpt lat="37.4132475" lon="-121.9950771"><ele>42</ele><time>2026-07-19T16:44:17.921968Z</time></trkpt>
  <trkpt lat="37.4132521" lon="-121.9950673"><ele>42</ele><time>2026-07-19T16:44:18.022557Z</time></trkpt>
  <trkpt lat="37.4132578" lon="-121.9950585"><ele>43</ele><time>2026-07-19T16:44:18.122813Z</time></trkpt>
  <trkpt lat="37.4132578" lon="-121.9950585"><ele>43</ele><time>2026-07-19T16:44:18.188788Z</time></trkpt>
  <trkpt lat="37.4132640" lon="-121.9950511"><ele>43</ele><time>2026-07-19T16:44:18.223155Z</time></trkpt>
  <trkpt lat="37.4132709" lon="-121.9950447"><ele>44</ele><time>2026-07-19T16:44:18.323637Z</time></trkpt>
  <trkpt lat="37.4132782" lon="-121.9950393"><ele>44</ele><time>2026-07-19T16:44:18.424528Z</time></trkpt>
  <trkpt lat="37.4132859" lon="-121.9950346"><ele>45</ele><time>2026-07-19T16:44:18.525946Z</time></trkpt>
  <trkpt lat="37.4132938" lon="-121.9950304"><ele>45</ele><time>2026-07-19T16:44:18.626682Z</time></trkpt>
  <trkpt lat="37.4133017" lon="-121.9950265"><ele>46</ele><time>2026-07-19T16:44:18.727022Z</time></trkpt>
  <trkpt lat="37.4133094" lon="-121.9950232"><ele>47</ele><time>2026-07-19T16:44:18.827845Z</time></trkpt>
  <trkpt lat="37.4133166" lon="-121.9950205"><ele>47</ele><time>2026-07-19T16:44:18.928204Z</time></trkpt>
  <trkpt lat="37.4133231" lon="-121.9950188"><ele>48</ele><time>2026-07-19T16:44:19.028568Z</time></trkpt>
  <trkpt lat="37.4133289" lon="-121.9950179"><ele>49</ele><time>2026-07-19T16:44:19.128779Z</time></trkpt>
  <trkpt lat="37.4133341" lon="-121.9950175"><ele>50</ele><time>2026-07-19T16:44:19.229649Z</time></trkpt>
  <trkpt lat="37.4133385" lon="-121.9950174"><ele>51</ele><time>2026-07-19T16:44:19.329716Z</time></trkpt>
  <trkpt lat="37.4133424" lon="-121.9950172"><ele>51</ele><time>2026-07-19T16:44:19.430024Z</time></trkpt>
  <trkpt lat="37.4133456" lon="-121.9950170"><ele>52</ele><time>2026-07-19T16:44:19.530690Z</time></trkpt>
  <trkpt lat="37.4133485" lon="-121.9950169"><ele>53</ele><time>2026-07-19T16:44:19.631899Z</time></trkpt>
  <trkpt lat="37.4133509" lon="-121.9950166"><ele>54</ele><time>2026-07-19T16:44:19.732412Z</time></trkpt>
  <trkpt lat="37.4133529" lon="-121.9950164"><ele>55</ele><time>2026-07-19T16:44:19.832979Z</time></trkpt>
  <trkpt lat="37.4133545" lon="-121.9950164"><ele>56</ele><time>2026-07-19T16:44:19.913226Z</time></trkpt>
  <trkpt lat="37.4133556" lon="-121.9950167"><ele>56</ele><time>2026-07-19T16:44:20.033956Z</time></trkpt>
  <trkpt lat="37.4133565" lon="-121.9950171"><ele>57</ele><time>2026-07-19T16:44:20.114576Z</time></trkpt>
  <trkpt lat="37.4133574" lon="-121.9950177"><ele>58</ele><time>2026-07-19T16:44:20.214975Z</time></trkpt>
  <trkpt lat="37.4133581" lon="-121.9950181"><ele>59</ele><time>2026-07-19T16:44:20.315653Z</time></trkpt>
  <trkpt lat="37.4133581" lon="-121.9950181"><ele>59</ele><time>2026-07-19T16:44:20.345341Z</time></trkpt>
  <trkpt lat="37.4133587" lon="-121.9950188"><ele>59</ele><time>2026-07-19T16:44:20.416124Z</time></trkpt>
  <trkpt lat="37.4133594" lon="-121.9950193"><ele>60</ele><time>2026-07-19T16:44:20.516508Z</time></trkpt>
  <trkpt lat="37.4133599" lon="-121.9950200"><ele>61</ele><time>2026-07-19T16:44:20.617168Z</time></trkpt>
  <trkpt lat="37.4133601" lon="-121.9950214"><ele>61</ele><time>2026-07-19T16:44:20.717672Z</time></trkpt>
  <trkpt lat="37.4133603" lon="-121.9950231"><ele>62</ele><time>2026-07-19T16:44:20.818211Z</time></trkpt>
  <trkpt lat="37.4133607" lon="-121.9950246"><ele>63</ele><time>2026-07-19T16:44:20.919244Z</time></trkpt>
  <trkpt lat="37.4133615" lon="-121.9950263"><ele>63</ele><time>2026-07-19T16:44:21.019612Z</time></trkpt>
  <trkpt lat="37.4133626" lon="-121.9950283"><ele>64</ele><time>2026-07-19T16:44:21.119992Z</time></trkpt>
  <trkpt lat="37.4133640" lon="-121.9950304"><ele>65</ele><time>2026-07-19T16:44:21.220834Z</time></trkpt>
  <trkpt lat="37.4133656" lon="-121.9950330"><ele>65</ele><time>2026-07-19T16:44:21.320893Z</time></trkpt>
  <trkpt lat="37.4133681" lon="-121.9950357"><ele>65</ele><time>2026-07-19T16:44:21.422105Z</time></trkpt>
  <trkpt lat="37.4133709" lon="-121.9950389"><ele>66</ele><time>2026-07-19T16:44:21.522337Z</time></trkpt>
  <trkpt lat="37.4133744" lon="-121.9950423"><ele>66</ele><time>2026-07-19T16:44:21.623129Z</time></trkpt>
  <trkpt lat="37.4133780" lon="-121.9950461"><ele>66</ele><time>2026-07-19T16:44:21.723415Z</time></trkpt>
  <trkpt lat="37.4133820" lon="-121.9950501"><ele>67</ele><time>2026-07-19T16:44:21.824573Z</time></trkpt>
  <trkpt lat="37.4133862" lon="-121.9950543"><ele>67</ele><time>2026-07-19T16:44:21.924596Z</time></trkpt>
  <trkpt lat="37.4133904" lon="-121.9950586"><ele>67</ele><time>2026-07-19T16:44:22.025076Z</time></trkpt>
  <trkpt lat="37.4133946" lon="-121.9950631"><ele>67</ele><time>2026-07-19T16:44:22.125441Z</time></trkpt>
  <trkpt lat="37.4133986" lon="-121.9950675"><ele>68</ele><time>2026-07-19T16:44:22.226163Z</time></trkpt>
  <trkpt lat="37.4134025" lon="-121.9950723"><ele>68</ele><time>2026-07-19T16:44:22.326563Z</time></trkpt>
  <trkpt lat="37.4134064" lon="-121.9950773"><ele>69</ele><time>2026-07-19T16:44:22.426994Z</time></trkpt>
  <trkpt lat="37.4134064" lon="-121.9950773"><ele>69</ele><time>2026-07-19T16:44:22.507036Z</time></trkpt>
  <trkpt lat="37.4134104" lon="-121.9950828"><ele>69</ele><time>2026-07-19T16:44:22.527162Z</time></trkpt>
  <trkpt lat="37.4134145" lon="-121.9950884"><ele>70</ele><time>2026-07-19T16:44:22.627230Z</time></trkpt>
  <trkpt lat="37.4134186" lon="-121.9950943"><ele>70</ele><time>2026-07-19T16:44:22.728612Z</time></trkpt>
  <trkpt lat="37.4134226" lon="-121.9951005"><ele>70</ele><time>2026-07-19T16:44:22.829128Z</time></trkpt>
  <trkpt lat="37.4134267" lon="-121.9951067"><ele>71</ele><time>2026-07-19T16:44:22.929644Z</time></trkpt>
  <trkpt lat="37.4134308" lon="-121.9951131"><ele>71</ele><time>2026-07-19T16:44:23.029781Z</time></trkpt>
  <trkpt lat="37.4134348" lon="-121.9951196"><ele>71</ele><time>2026-07-19T16:44:23.130092Z</time></trkpt>
  <trkpt lat="37.4134388" lon="-121.9951263"><ele>72</ele><time>2026-07-19T16:44:23.230519Z</time></trkpt>
  <trkpt lat="37.4134428" lon="-121.9951332"><ele>72</ele><time>2026-07-19T16:44:23.330667Z</time></trkpt>
  <trkpt lat="37.4134467" lon="-121.9951401"><ele>73</ele><time>2026-07-19T16:44:23.411278Z</time></trkpt>
  <trkpt lat="37.4134506" lon="-121.9951471"><ele>73</ele><time>2026-07-19T16:44:23.511925Z</time></trkpt>
  <trkpt lat="37.4134543" lon="-121.9951542"><ele>74</ele><time>2026-07-19T16:44:23.613303Z</time></trkpt>
  <trkpt lat="37.4134580" lon="-121.9951612"><ele>74</ele><time>2026-07-19T16:44:23.714388Z</time></trkpt>
  <trkpt lat="37.4134619" lon="-121.9951681"><ele>75</ele><time>2026-07-19T16:44:23.813964Z</time></trkpt>
  <trkpt lat="37.4134659" lon="-121.9951751"><ele>75</ele><time>2026-07-19T16:44:23.914550Z</time></trkpt>
  <trkpt lat="37.4134703" lon="-121.9951822"><ele>76</ele><time>2026-07-19T16:44:24.015293Z</time></trkpt>
  <trkpt lat="37.4134750" lon="-121.9951895"><ele>76</ele><time>2026-07-19T16:44:24.116741Z</time></trkpt>
  <trkpt lat="37.4134800" lon="-121.9951969"><ele>76</ele><time>2026-07-19T16:44:24.217084Z</time></trkpt>
  <trkpt lat="37.4134854" lon="-121.9952041"><ele>77</ele><time>2026-07-19T16:44:24.317313Z</time></trkpt>
  <trkpt lat="37.4134913" lon="-121.9952111"><ele>77</ele><time>2026-07-19T16:44:24.418292Z</time></trkpt>
  <trkpt lat="37.4134976" lon="-121.9952178"><ele>77</ele><time>2026-07-19T16:44:24.519111Z</time></trkpt>
  <trkpt lat="37.4135039" lon="-121.9952239"><ele>77</ele><time>2026-07-19T16:44:24.619493Z</time></trkpt>
  <trkpt lat="37.4135039" lon="-121.9952239"><ele>77</ele><time>2026-07-19T16:44:24.670048Z</time></trkpt>
  <trkpt lat="37.4135104" lon="-121.9952293"><ele>78</ele><time>2026-07-19T16:44:24.719614Z</time></trkpt>
  <trkpt lat="37.4135167" lon="-121.9952340"><ele>78</ele><time>2026-07-19T16:44:24.821241Z</time></trkpt>
  <trkpt lat="37.4135228" lon="-121.9952379"><ele>79</ele><time>2026-07-19T16:44:24.921426Z</time></trkpt>
  <trkpt lat="37.4135288" lon="-121.9952410"><ele>79</ele><time>2026-07-19T16:44:25.022500Z</time></trkpt>
  <trkpt lat="37.4135346" lon="-121.9952432"><ele>80</ele><time>2026-07-19T16:44:25.122840Z</time></trkpt>
  <trkpt lat="37.4135400" lon="-121.9952447"><ele>81</ele><time>2026-07-19T16:44:25.223606Z</time></trkpt>
  <trkpt lat="37.4135454" lon="-121.9952456"><ele>81</ele><time>2026-07-19T16:44:25.323812Z</time></trkpt>
  <trkpt lat="37.4135511" lon="-121.9952463"><ele>82</ele><time>2026-07-19T16:44:25.425436Z</time></trkpt>
  <trkpt lat="37.4135567" lon="-121.9952465"><ele>83</ele><time>2026-07-19T16:44:25.526859Z</time></trkpt>
  <trkpt lat="37.4135625" lon="-121.9952463"><ele>83</ele><time>2026-07-19T16:44:25.607673Z</time></trkpt>
  <trkpt lat="37.4135683" lon="-121.9952456"><ele>84</ele><time>2026-07-19T16:44:25.707828Z</time></trkpt>
  <trkpt lat="37.4135741" lon="-121.9952444"><ele>84</ele><time>2026-07-19T16:44:25.808504Z</time></trkpt>
  <trkpt lat="37.4135797" lon="-121.9952427"><ele>85</ele><time>2026-07-19T16:44:25.908682Z</time></trkpt>
  <trkpt lat="37.4135850" lon="-121.9952406"><ele>86</ele><time>2026-07-19T16:44:26.009336Z</time></trkpt>
  <trkpt lat="37.4135904" lon="-121.9952384"><ele>86</ele><time>2026-07-19T16:44:26.130059Z</time></trkpt>
  <trkpt lat="37.4135957" lon="-121.9952359"><ele>87</ele><time>2026-07-19T16:44:26.210464Z</time></trkpt>
  <trkpt lat="37.4136010" lon="-121.9952332"><ele>88</ele><time>2026-07-19T16:44:26.311302Z</time></trkpt>
  <trkpt lat="37.4136063" lon="-121.9952304"><ele>88</ele><time>2026-07-19T16:44:26.412482Z</time></trkpt>
  <trkpt lat="37.4136116" lon="-121.9952274"><ele>89</ele><time>2026-07-19T16:44:26.512604Z</time></trkpt>
  <trkpt lat="37.4136170" lon="-121.9952242"><ele>89</ele><time>2026-07-19T16:44:26.613596Z</time></trkpt>
  <trkpt lat="37.4136222" lon="-121.9952209"><ele>90</ele><time>2026-07-19T16:44:26.714710Z</time></trkpt>
  <trkpt lat="37.4136273" lon="-121.9952176"><ele>91</ele><time>2026-07-19T16:44:26.815207Z</time></trkpt>
  <trkpt lat="37.4136273" lon="-121.9952176"><ele>91</ele><time>2026-07-19T16:44:26.825930Z</time></trkpt>
  <trkpt lat="37.4136323" lon="-121.9952143"><ele>91</ele><time>2026-07-19T16:44:26.916051Z</time></trkpt>
  <trkpt lat="37.4136374" lon="-121.9952106"><ele>92</ele><time>2026-07-19T16:44:27.016589Z</time></trkpt>
  <trkpt lat="37.4136422" lon="-121.9952067"><ele>93</ele><time>2026-07-19T16:44:27.117315Z</time></trkpt>
  <trkpt lat="37.4136470" lon="-121.9952026"><ele>93</ele><time>2026-07-19T16:44:27.217900Z</time></trkpt>
  <trkpt lat="37.4136519" lon="-121.9951983"><ele>94</ele><time>2026-07-19T16:44:27.318909Z</time></trkpt>
  <trkpt lat="37.4136568" lon="-121.9951939"><ele>94</ele><time>2026-07-19T16:44:27.419780Z</time></trkpt>
  <trkpt lat="37.4136618" lon="-121.9951891"><ele>95</ele><time>2026-07-19T16:44:27.520338Z</time></trkpt>
  <trkpt lat="37.4136672" lon="-121.9951841"><ele>96</ele><time>2026-07-19T16:44:27.620530Z</time></trkpt>
  <trkpt lat="37.4136729" lon="-121.9951787"><ele>96</ele><time>2026-07-19T16:44:27.721569Z</time></trkpt>
  <trkpt lat="37.4136787" lon="-121.9951730"><ele>96</ele><time>2026-07-19T16:44:27.822862Z</time></trkpt>
  <trkpt lat="37.4136848" lon="-121.9951671"><ele>97</ele><time>2026-07-19T16:44:27.924000Z</time></trkpt>
  <trkpt lat="37.4136910" lon="-121.9951610"><ele>97</ele><time>2026-07-19T16:44:28.024445Z</time></trkpt>
  <trkpt lat="37.4136972" lon="-121.9951551"><ele>98</ele><time>2026-07-19T16:44:28.104930Z</time></trkpt>
  <trkpt lat="37.4137037" lon="-121.9951499"><ele>98</ele><time>2026-07-19T16:44:28.225389Z</time></trkpt>
  <trkpt lat="37.4137106" lon="-121.9951455"><ele>98</ele><time>2026-07-19T16:44:28.306587Z</time></trkpt>
  <trkpt lat="37.4137177" lon="-121.9951424"><ele>99</ele><time>2026-07-19T16:44:28.407411Z</time></trkpt>
  <trkpt lat="37.4137249" lon="-121.9951413"><ele>99</ele><time>2026-07-19T16:44:28.507925Z</time></trkpt>
  <trkpt lat="37.4137317" lon="-121.9951425"><ele>100</ele><time>2026-07-19T16:44:28.608236Z</time></trkpt>
  <trkpt lat="37.4137382" lon="-121.9951457"><ele>100</ele><time>2026-07-19T16:44:28.708585Z</time></trkpt>
  <trkpt lat="37.4137443" lon="-121.9951500"><ele>100</ele><time>2026-07-19T16:44:28.809303Z</time></trkpt>
  <trkpt lat="37.4137501" lon="-121.9951556"><ele>101</ele><time>2026-07-19T16:44:28.910508Z</time></trkpt>
  <trkpt lat="37.4137501" lon="-121.9951556"><ele>101</ele><time>2026-07-19T16:44:28.983661Z</time></trkpt>
  <trkpt lat="37.4137551" lon="-121.9951625"><ele>101</ele><time>2026-07-19T16:44:29.011407Z</time></trkpt>
  <trkpt lat="37.4137589" lon="-121.9951707"><ele>101</ele><time>2026-07-19T16:44:29.112096Z</time></trkpt>
  <trkpt lat="37.4137615" lon="-121.9951801"><ele>102</ele><time>2026-07-19T16:44:29.213369Z</time></trkpt>
  <trkpt lat="37.4137631" lon="-121.9951902"><ele>102</ele><time>2026-07-19T16:44:29.314390Z</time></trkpt>
  <trkpt lat="37.4137639" lon="-121.9952009"><ele>102</ele><time>2026-07-19T16:44:29.415631Z</time></trkpt>
  <trkpt lat="37.4137633" lon="-121.9952118"><ele>103</ele><time>2026-07-19T16:44:29.516014Z</time></trkpt>
  <trkpt lat="37.4137617" lon="-121.9952229"><ele>103</ele><time>2026-07-19T16:44:29.617320Z</time></trkpt>
  <trkpt lat="37.4137589" lon="-121.9952341"><ele>103</ele><time>2026-07-19T16:44:29.718150Z</time></trkpt>
  <trkpt lat="37.4137550" lon="-121.9952452"><ele>104</ele><time>2026-07-19T16:44:29.818087Z</time></trkpt>
  <trkpt lat="37.4137499" lon="-121.9952559"><ele>104</ele><time>2026-07-19T16:44:29.918434Z</time></trkpt>
  <trkpt lat="37.4137437" lon="-121.9952661"><ele>104</ele><time>2026-07-19T16:44:30.018500Z</time></trkpt>
  <trkpt lat="37.4137365" lon="-121.9952755"><ele>105</ele><time>2026-07-19T16:44:30.119218Z</time></trkpt>
  <trkpt lat="37.4137281" lon="-121.9952839"><ele>105</ele><time>2026-07-19T16:44:30.219436Z</time></trkpt>
  <trkpt lat="37.4137187" lon="-121.9952914"><ele>105</ele><time>2026-07-19T16:44:30.319449Z</time></trkpt>
  <trkpt lat="37.4137085" lon="-121.9952977"><ele>106</ele><time>2026-07-19T16:44:30.420453Z</time></trkpt>
  <trkpt lat="37.4136976" lon="-121.9953033"><ele>106</ele><time>2026-07-19T16:44:30.521272Z</time></trkpt>
  <trkpt lat="37.4136866" lon="-121.9953091"><ele>106</ele><time>2026-07-19T16:44:30.621512Z</time></trkpt>
  <trkpt lat="37.4136753" lon="-121.9953152"><ele>107</ele><time>2026-07-19T16:44:30.722579Z</time></trkpt>
  <trkpt lat="37.4136638" lon="-121.9953217"><ele>107</ele><time>2026-07-19T16:44:30.823148Z</time></trkpt>
  <trkpt lat="37.4136521" lon="-121.9953284"><ele>107</ele><time>2026-07-19T16:44:30.923468Z</time></trkpt>
  <trkpt lat="37.4136399" lon="-121.9953353"><ele>107</ele><time>2026-07-19T16:44:31.023857Z</time></trkpt>
  <trkpt lat="37.4136278" lon="-121.9953428"><ele>107</ele><time>2026-07-19T16:44:31.104948Z</time></trkpt>
  <trkpt lat="37.4136278" lon="-121.9953428"><ele>107</ele><time>2026-07-19T16:44:31.137932Z</time></trkpt>
  <trkpt lat="37.4136157" lon="-121.9953512"><ele>107</ele><time>2026-07-19T16:44:31.205663Z</time></trkpt>
  <trkpt lat="37.4136037" lon="-121.9953603"><ele>107</ele><time>2026-07-19T16:44:31.306841Z</time></trkpt>
  <trkpt lat="37.4135918" lon="-121.9953699"><ele>107</ele><time>2026-07-19T16:44:31.407413Z</time></trkpt>
  <trkpt lat="37.4135801" lon="-121.9953802"><ele>108</ele><time>2026-07-19T16:44:31.508079Z</time></trkpt>
  <trkpt lat="37.4135685" lon="-121.9953912"><ele>108</ele><time>2026-07-19T16:44:31.609000Z</time></trkpt>
  <trkpt lat="37.4135572" lon="-121.9954028"><ele>108</ele><time>2026-07-19T16:44:31.710296Z</time></trkpt>
  <trkpt lat="37.4135461" lon="-121.9954147"><ele>108</ele><time>2026-07-19T16:44:31.810346Z</time></trkpt>
  <trkpt lat="37.4135353" lon="-121.9954272"><ele>108</ele><time>2026-07-19T16:44:31.911201Z</time></trkpt>
  <trkpt lat="37.4135251" lon="-121.9954402"><ele>109</ele><time>2026-07-19T16:44:32.011685Z</time></trkpt>
  <trkpt lat="37.4135153" lon="-121.9954536"><ele>109</ele><time>2026-07-19T16:44:32.112326Z</time></trkpt>
  <trkpt lat="37.4135057" lon="-121.9954675"><ele>110</ele><time>2026-07-19T16:44:32.212454Z</time></trkpt>
  <trkpt lat="37.4134965" lon="-121.9954816"><ele>110</ele><time>2026-07-19T16:44:32.313330Z</time></trkpt>
  <trkpt lat="37.4134870" lon="-121.9954962"><ele>110</ele><time>2026-07-19T16:44:32.413877Z</time></trkpt>
  <trkpt lat="37.4134773" lon="-121.9955111"><ele>110</ele><time>2026-07-19T16:44:32.514617Z</time></trkpt>
  <trkpt lat="37.4134691" lon="-121.9955260"><ele>111</ele><time>2026-07-19T16:44:32.615078Z</time></trkpt>
  <trkpt lat="37.4134629" lon="-121.9955394"><ele>111</ele><time>2026-07-19T16:44:32.715461Z</time></trkpt>
  <trkpt lat="37.4134586" lon="-121.9955534"><ele>112</ele><time>2026-07-19T16:44:32.816214Z</time></trkpt>
  <trkpt lat="37.4134558" lon="-121.9955683"><ele>112</ele><time>2026-07-19T16:44:32.916390Z</time></trkpt>
  <trkpt lat="37.4134548" lon="-121.9955812"><ele>113</ele><time>2026-07-19T16:44:33.016438Z</time></trkpt>
  <trkpt lat="37.4134552" lon="-121.9955920"><ele>114</ele><time>2026-07-19T16:44:33.116772Z</time></trkpt>
  <trkpt lat="37.4134563" lon="-121.9956020"><ele>115</ele><time>2026-07-19T16:44:33.217513Z</time></trkpt>
  <trkpt lat="37.4134563" lon="-121.9956020"><ele>115</ele><time>2026-07-19T16:44:33.278541Z</time></trkpt>
  <trkpt lat="37.4134578" lon="-121.9956098"><ele>116</ele><time>2026-07-19T16:44:33.318505Z</time></trkpt>
  <trkpt lat="37.4134598" lon="-121.9956147"><ele>118</ele><time>2026-07-19T16:44:33.418799Z</time></trkpt>
  <trkpt lat="37.4134620" lon="-121.9956176"><ele>119</ele><time>2026-07-19T16:44:33.520071Z</time></trkpt>
  <trkpt lat="37.4134641" lon="-121.9956185"><ele>120</ele><time>2026-07-19T16:44:33.600114Z</time></trkpt>
  <trkpt lat="37.4134664" lon="-121.9956169"><ele>121</ele><time>2026-07-19T16:44:33.720335Z</time></trkpt>
  <trkpt lat="37.4134685" lon="-121.9956123"><ele>122</ele><time>2026-07-19T16:44:33.801076Z</time></trkpt>
  <trkpt lat="37.4134701" lon="-121.9956053"><ele>124</ele><time>2026-07-19T16:44:33.901456Z</time></trkpt>
  <trkpt lat="37.4134715" lon="-121.9955967"><ele>124</ele><time>2026-07-19T16:44:34.002117Z</time></trkpt>
  <trkpt lat="37.4134728" lon="-121.9955871"><ele>125</ele><time>2026-07-19T16:44:34.102213Z</time></trkpt>
  <trkpt lat="37.4134746" lon="-121.9955767"><ele>126</ele><time>2026-07-19T16:44:34.203012Z</time></trkpt>
  <trkpt lat="37.4134762" lon="-121.9955655"><ele>127</ele><time>2026-07-19T16:44:34.303566Z</time></trkpt>
  <trkpt lat="37.4134776" lon="-121.9955538"><ele>127</ele><time>2026-07-19T16:44:34.403741Z</time></trkpt>
  <trkpt lat="37.4134795" lon="-121.9955402"><ele>127</ele><time>2026-07-19T16:44:34.504333Z</time></trkpt>
  <trkpt lat="37.4134825" lon="-121.9955257"><ele>127</ele><time>2026-07-19T16:44:34.606055Z</time></trkpt>
  <trkpt lat="37.4134841" lon="-121.9955115"><ele>127</ele><time>2026-07-19T16:44:34.706375Z</time></trkpt>
  <trkpt lat="37.4134852" lon="-121.9954970"><ele>127</ele><time>2026-07-19T16:44:34.807145Z</time></trkpt>
  <trkpt lat="37.4134863" lon="-121.9954818"><ele>126</ele><time>2026-07-19T16:44:34.908571Z</time></trkpt>
  <trkpt lat="37.4134858" lon="-121.9954678"><ele>126</ele><time>2026-07-19T16:44:35.009862Z</time></trkpt>
  <trkpt lat="37.4134850" lon="-121.9954551"><ele>125</ele><time>2026-07-19T16:44:35.110246Z</time></trkpt>
  <trkpt lat="37.4134858" lon="-121.9954422"><ele>124</ele><time>2026-07-19T16:44:35.210845Z</time></trkpt>
  <trkpt lat="37.4134868" lon="-121.9954277"><ele>123</ele><time>2026-07-19T16:44:35.311366Z</time></trkpt>
  <trkpt lat="37.4134888" lon="-121.9954117"><ele>122</ele><time>2026-07-19T16:44:35.412202Z</time></trkpt>
  <trkpt lat="37.4134888" lon="-121.9954117"><ele>122</ele><time>2026-07-19T16:44:35.436419Z</time></trkpt>
  <trkpt lat="37.4134919" lon="-121.9953951"><ele>121</ele><time>2026-07-19T16:44:35.513300Z</time></trkpt>
  <trkpt lat="37.4134953" lon="-121.9953780"><ele>120</ele><time>2026-07-19T16:44:35.613770Z</time></trkpt>
  <trkpt lat="37.4134969" lon="-121.9953609"><ele>118</ele><time>2026-07-19T16:44:35.714815Z</time></trkpt>
  <trkpt lat="37.4134948" lon="-121.9953468"><ele>117</ele><time>2026-07-19T16:44:35.815320Z</time></trkpt>
  <trkpt lat="37.4134860" lon="-121.9953360"><ele>115</ele><time>2026-07-19T16:44:35.916137Z</time></trkpt>
  <trkpt lat="37.4134729" lon="-121.9953307"><ele>112</ele><time>2026-07-19T16:44:36.017096Z</time></trkpt>
  <trkpt lat="37.4134616" lon="-121.9953269"><ele>110</ele><time>2026-07-19T16:44:36.117734Z</time></trkpt>
  <trkpt lat="37.4134546" lon="-121.9953218"><ele>109</ele><time>2026-07-19T16:44:36.197464Z</time></trkpt>
  <trkpt lat="37.4134490" lon="-121.9953149"><ele>107</ele><time>2026-07-19T16:44:36.297893Z</time></trkpt>
  <trkpt lat="37.4134436" lon="-121.9953070"><ele>105</ele><time>2026-07-19T16:44:36.398436Z</time></trkpt>
  <trkpt lat="37.4134400" lon="-121.9952996"><ele>103</ele><time>2026-07-19T16:44:36.498563Z</time></trkpt>
  <trkpt lat="37.4134365" lon="-121.9952925"><ele>100</ele><time>2026-07-19T16:44:36.599223Z</time></trkpt>
  <trkpt lat="37.4134311" lon="-121.9952886"><ele>98</ele><time>2026-07-19T16:44:36.699522Z</time></trkpt>
  <trkpt lat="37.4134223" lon="-121.9952870"><ele>95</ele><time>2026-07-19T16:44:36.800149Z</time></trkpt>
  <trkpt lat="37.4134100" lon="-121.9952895"><ele>93</ele><time>2026-07-19T16:44:36.900635Z</time></trkpt>
  <trkpt lat="37.4133956" lon="-121.9952941"><ele>91</ele><time>2026-07-19T16:44:37.000808Z</time></trkpt>
  <trkpt lat="37.4133746" lon="-121.9953028"><ele>90</ele><time>2026-07-19T16:44:37.101758Z</time></trkpt>
  <trkpt lat="37.4133494" lon="-121.9953143"><ele>90</ele><time>2026-07-19T16:44:37.202098Z</time></trkpt>
  <trkpt lat="37.4133259" lon="-121.9953229"><ele>90</ele><time>2026-07-19T16:44:37.302911Z</time></trkpt>
  <trkpt lat="37.4133022" lon="-121.9953286"><ele>91</ele><time>2026-07-19T16:44:37.403060Z</time></trkpt>
  <trkpt lat="37.4132782" lon="-121.9953305"><ele>91</ele><time>2026-07-19T16:44:37.504499Z</time></trkpt>
  <trkpt lat="37.4132782" lon="-121.9953305"><ele>91</ele><time>2026-07-19T16:44:37.585734Z</time></trkpt>
  <trkpt lat="37.4132586" lon="-121.9953280"><ele>93</ele><time>2026-07-19T16:44:37.605220Z</time></trkpt>
  <trkpt lat="37.4132403" lon="-121.9953194"><ele>94</ele><time>2026-07-19T16:44:37.705948Z</time></trkpt>
  <trkpt lat="37.4132231" lon="-121.9953054"><ele>95</ele><time>2026-07-19T16:44:37.806624Z</time></trkpt>
  <trkpt lat="37.4132097" lon="-121.9952898"><ele>95</ele><time>2026-07-19T16:44:37.906483Z</time></trkpt>
  <trkpt lat="37.4131962" lon="-121.9952692"><ele>95</ele><time>2026-07-19T16:44:38.006987Z</time></trkpt>
  <trkpt lat="37.4131889" lon="-121.9952498"><ele>95</ele><time>2026-07-19T16:44:38.107249Z</time></trkpt>
  <trkpt lat="37.4131848" lon="-121.9952318"><ele>95</ele><time>2026-07-19T16:44:38.208040Z</time></trkpt>
  <trkpt lat="37.4131841" lon="-121.9952148"><ele>96</ele><time>2026-07-19T16:44:38.308710Z</time></trkpt>
  <trkpt lat="37.4131902" lon="-121.9952028"><ele>96</ele><time>2026-07-19T16:44:38.409737Z</time></trkpt>
  <trkpt lat="37.4131974" lon="-121.9951903"><ele>96</ele><time>2026-07-19T16:44:38.510157Z</time></trkpt>
  <trkpt lat="37.4132058" lon="-121.9951797"><ele>95</ele><time>2026-07-19T16:44:38.610704Z</time></trkpt>
  <trkpt lat="37.4132101" lon="-121.9951671"><ele>93</ele><time>2026-07-19T16:44:38.711034Z</time></trkpt>
  <trkpt lat="37.4132205" lon="-121.9951590"><ele>92</ele><time>2026-07-19T16:44:38.811239Z</time></trkpt>
  <trkpt lat="37.4132313" lon="-121.9951489"><ele>92</ele><time>2026-07-19T16:44:38.911793Z</time></trkpt>
  <trkpt lat="37.4132420" lon="-121.9951379"><ele>91</ele><time>2026-07-19T16:44:39.012821Z</time></trkpt>
  <trkpt lat="37.4132507" lon="-121.9951246"><ele>91</ele><time>2026-07-19T16:44:39.093591Z</time></trkpt>
  <trkpt lat="37.4132581" lon="-121.9951108"><ele>90</ele><time>2026-07-19T16:44:39.194163Z</time></trkpt>
  <trkpt lat="37.4132652" lon="-121.9950977"><ele>88</ele><time>2026-07-19T16:44:39.295585Z</time></trkpt>
  <trkpt lat="37.4132726" lon="-121.9950852"><ele>87</ele><time>2026-07-19T16:44:39.396214Z</time></trkpt>
  <trkpt lat="37.4132822" lon="-121.9950733"><ele>87</ele><time>2026-07-19T16:44:39.496899Z</time></trkpt>
  <trkpt lat="37.4132937" lon="-121.9950602"><ele>87</ele><time>2026-07-19T16:44:39.598130Z</time></trkpt>
  <trkpt lat="37.4133071" lon="-121.9950470"><ele>87</ele><time>2026-07-19T16:44:39.698730Z</time></trkpt>
  <trkpt lat="37.4133071" lon="-121.9950470"><ele>87</ele><time>2026-07-19T16:44:39.739689Z</time></trkpt>
  <trkpt lat="37.4133215" lon="-121.9950369"><ele>87</ele><time>2026-07-19T16:44:39.799580Z</time></trkpt>
  <trkpt lat="37.4133364" lon="-121.9950270"><ele>87</ele><time>2026-07-19T16:44:39.900180Z</time></trkpt>
  <trkpt lat="37.4133511" lon="-121.9950169"><ele>87</ele><time>2026-07-19T16:44:40.001050Z</time></trkpt>
  <trkpt lat="37.4133653" lon="-121.9950057"><ele>87</ele><time>2026-07-19T16:44:40.101784Z</time></trkpt>
  <trkpt lat="37.4133790" lon="-121.9949955"><ele>87</ele><time>2026-07-19T16:44:40.202633Z</time></trkpt>
  <trkpt lat="37.4133916" lon="-121.9949871"><ele>87</ele><time>2026-07-19T16:44:40.303441Z</time></trkpt>
  <trkpt lat="37.4134055" lon="-121.9949800"><ele>88</ele><time>2026-07-19T16:44:40.404331Z</time></trkpt>
  <trkpt lat="37.4134203" lon="-121.9949742"><ele>88</ele><time>2026-07-19T16:44:40.505017Z</time></trkpt>
  <trkpt lat="37.4134348" lon="-121.9949667"><ele>88</ele><time>2026-07-19T16:44:40.606127Z</time></trkpt>
  <trkpt lat="37.4134481" lon="-121.9949596"><ele>88</ele><time>2026-07-19T16:44:40.707023Z</time></trkpt>
  <trkpt lat="37.4134612" lon="-121.9949554"><ele>88</ele><time>2026-07-19T16:44:40.807768Z</time></trkpt>
  <trkpt lat="37.4134748" lon="-121.9949556"><ele>89</ele><time>2026-07-19T16:44:40.908315Z</time></trkpt>
  <trkpt lat="37.4134873" lon="-121.9949593"><ele>90</ele><time>2026-07-19T16:44:41.009061Z</time></trkpt>
  <trkpt lat="37.4134976" lon="-121.9949659"><ele>91</ele><time>2026-07-19T16:44:41.109141Z</time></trkpt>
  <trkpt lat="37.4135082" lon="-121.9949731"><ele>92</ele><time>2026-07-19T16:44:41.209536Z</time></trkpt>
  <trkpt lat="37.4135197" lon="-121.9949792"><ele>93</ele><time>2026-07-19T16:44:41.290185Z</time></trkpt>
  <trkpt lat="37.4135319" lon="-121.9949839"><ele>93</ele><time>2026-07-19T16:44:41.410654Z</time></trkpt>
  <trkpt lat="37.4135447" lon="-121.9949874"><ele>94</ele><time>2026-07-19T16:44:41.491061Z</time></trkpt>
  <trkpt lat="37.4135583" lon="-121.9949901"><ele>94</ele><time>2026-07-19T16:44:41.591800Z</time></trkpt>
  <trkpt lat="37.4135716" lon="-121.9949928"><ele>94</ele><time>2026-07-19T16:44:41.691972Z</time></trkpt>
  <trkpt lat="37.4135840" lon="-121.9949970"><ele>94</ele><time>2026-07-19T16:44:41.792790Z</time></trkpt>
  <trkpt lat="37.4135840" lon="-121.9949970"><ele>94</ele><time>2026-07-19T16:44:41.891535Z</time></trkpt>
  <trkpt lat="37.4135948" lon="-121.9950036"><ele>94</ele><time>2026-07-19T16:44:41.893699Z</time></trkpt>
  <trkpt lat="37.4136052" lon="-121.9950120"><ele>95</ele><time>2026-07-19T16:44:41.995117Z</time></trkpt>
  <trkpt lat="37.4136139" lon="-121.9950227"><ele>96</ele><time>2026-07-19T16:44:42.095452Z</time></trkpt>
  <trkpt lat="37.4136199" lon="-121.9950355"><ele>97</ele><time>2026-07-19T16:44:42.196301Z</time></trkpt>
  <trkpt lat="37.4136235" lon="-121.9950501"><ele>98</ele><time>2026-07-19T16:44:42.297315Z</time></trkpt>
  <trkpt lat="37.4136243" lon="-121.9950660"><ele>99</ele><time>2026-07-19T16:44:42.397677Z</time></trkpt>
  <trkpt lat="37.4136219" lon="-121.9950821"><ele>99</ele><time>2026-07-19T16:44:42.498122Z</time></trkpt>
  <trkpt lat="37.4136205" lon="-121.9950987"><ele>100</ele><time>2026-07-19T16:44:42.598400Z</time></trkpt>
  <trkpt lat="37.4136209" lon="-121.9951149"><ele>100</ele><time>2026-07-19T16:44:42.699161Z</time></trkpt>
  <trkpt lat="37.4136223" lon="-121.9951314"><ele>101</ele><time>2026-07-19T16:44:42.800584Z</time></trkpt>
  <trkpt lat="37.4136216" lon="-121.9951466"><ele>102</ele><time>2026-07-19T16:44:42.901538Z</time></trkpt>
  <trkpt lat="37.4136201" lon="-121.9951628"><ele>103</ele><time>2026-07-19T16:44:43.002214Z</time></trkpt>
  <trkpt lat="37.4136181" lon="-121.9951807"><ele>104</ele><time>2026-07-19T16:44:43.102473Z</time></trkpt>
  <trkpt lat="37.4136170" lon="-121.9951976"><ele>105</ele><time>2026-07-19T16:44:43.202835Z</time></trkpt>
  <trkpt lat="37.4136145" lon="-121.9952132"><ele>106</ele><time>2026-07-19T16:44:43.303391Z</time></trkpt>
  <trkpt lat="37.4136115" lon="-121.9952280"><ele>107</ele><time>2026-07-19T16:44:43.403439Z</time></trkpt>
  <trkpt lat="37.4136075" lon="-121.9952403"><ele>107</ele><time>2026-07-19T16:44:43.504226Z</time></trkpt>
  <trkpt lat="37.4136029" lon="-121.9952524"><ele>108</ele><time>2026-07-19T16:44:43.604784Z</time></trkpt>
  <trkpt lat="37.4135978" lon="-121.9952665"><ele>108</ele><time>2026-07-19T16:44:43.705812Z</time></trkpt>
  <trkpt lat="37.4135933" lon="-121.9952818"><ele>109</ele><time>2026-07-19T16:44:43.806708Z</time></trkpt>
  <trkpt lat="37.4135898" lon="-121.9952974"><ele>109</ele><time>2026-07-19T16:44:43.907899Z</time></trkpt>
  <trkpt lat="37.4135862" lon="-121.9953112"><ele>110</ele><time>2026-07-19T16:44:43.988384Z</time></trkpt>
  <trkpt lat="37.4135862" lon="-121.9953112"><ele>110</ele><time>2026-07-19T16:44:44.045789Z</time></trkpt>
  <trkpt lat="37.4135808" lon="-121.9953218"><ele>110</ele><time>2026-07-19T16:44:44.109083Z</time></trkpt>
  <trkpt lat="37.4135703" lon="-121.9953305"><ele>111</ele><time>2026-07-19T16:44:44.189348Z</time></trkpt>
  <trkpt lat="37.4135583" lon="-121.9953400"><ele>111</ele><time>2026-07-19T16:44:44.290520Z</time></trkpt>
  <trkpt lat="37.4135466" lon="-121.9953511"><ele>111</ele><time>2026-07-19T16:44:44.391308Z</time></trkpt>
  <trkpt lat="37.4135346" lon="-121.9953627"><ele>111</ele><time>2026-07-19T16:44:44.492030Z</time></trkpt>
  <trkpt lat="37.4135225" lon="-121.9953752"><ele>111</ele><time>2026-07-19T16:44:44.592747Z</time></trkpt>
  <trkpt lat="37.4135119" lon="-121.9953891"><ele>111</ele><time>2026-07-19T16:44:44.693889Z</time></trkpt>
  <trkpt lat="37.4135006" lon="-121.9954038"><ele>110</ele><time>2026-07-19T16:44:44.794573Z</time></trkpt>
  <trkpt lat="37.4134887" lon="-121.9954180"><ele>110</ele><time>2026-07-19T16:44:44.895155Z</time></trkpt>
  <trkpt lat="37.4134750" lon="-121.9954298"><ele>110</ele><time>2026-07-19T16:44:44.995115Z</time></trkpt>
  <trkpt lat="37.4134606" lon="-121.9954412"><ele>111</ele><time>2026-07-19T16:44:45.096113Z</time></trkpt>
  <trkpt lat="37.4134467" lon="-121.9954539"><ele>110</ele><time>2026-07-19T16:44:45.196382Z</time></trkpt>
  <trkpt lat="37.4134340" lon="-121.9954670"><ele>110</ele><time>2026-07-19T16:44:45.296834Z</time></trkpt>
  <trkpt lat="37.4134213" lon="-121.9954781"><ele>110</ele><time>2026-07-19T16:44:45.397282Z</time></trkpt>
  <trkpt lat="37.4134071" lon="-121.9954871"><ele>110</ele><time>2026-07-19T16:44:45.498633Z</time></trkpt>
  <trkpt lat="37.4133906" lon="-121.9954952"><ele>110</ele><time>2026-07-19T16:44:45.599199Z</time></trkpt>
  <trkpt lat="37.4133749" lon="-121.9955043"><ele>109</ele><time>2026-07-19T16:44:45.699589Z</time></trkpt>
  <trkpt lat="37.4133612" lon="-121.9955142"><ele>108</ele><time>2026-07-19T16:44:45.800204Z</time></trkpt>
  <trkpt lat="37.4133477" lon="-121.9955236"><ele>107</ele><time>2026-07-19T16:44:45.900363Z</time></trkpt>
  <trkpt lat="37.4133343" lon="-121.9955326"><ele>106</ele><time>2026-07-19T16:44:46.000917Z</time></trkpt>
  <trkpt lat="37.4133207" lon="-121.9955402"><ele>104</ele><time>2026-07-19T16:44:46.101249Z</time></trkpt>
  <trkpt lat="37.4133207" lon="-121.9955402"><ele>104</ele><time>2026-07-19T16:44:46.199436Z</time></trkpt>
  <trkpt lat="37.4133089" lon="-121.9955503"><ele>104</ele><time>2026-07-19T16:44:46.201650Z</time></trkpt>
  <trkpt lat="37.4132993" lon="-121.9955640"><ele>103</ele><time>2026-07-19T16:44:46.302963Z</time></trkpt>
  <trkpt lat="37.4132929" lon="-121.9955816"><ele>102</ele><time>2026-07-19T16:44:46.404152Z</time></trkpt>
  <trkpt lat="37.4132903" lon="-121.9956010"><ele>101</ele><time>2026-07-19T16:44:46.485305Z</time></trkpt>
  <trkpt lat="37.4132887" lon="-121.9956206"><ele>100</ele><time>2026-07-19T16:44:46.585314Z</time></trkpt>
  <trkpt lat="37.4132885" lon="-121.9956407"><ele>100</ele><time>2026-07-19T16:44:46.686641Z</time></trkpt>
  <trkpt lat="37.4132899" lon="-121.9956587"><ele>100</ele><time>2026-07-19T16:44:46.787344Z</time></trkpt>
  <trkpt lat="37.4132936" lon="-121.9956758"><ele>100</ele><time>2026-07-19T16:44:46.887834Z</time></trkpt>
  <trkpt lat="37.4132990" lon="-121.9956919"><ele>100</ele><time>2026-07-19T16:44:46.988408Z</time></trkpt>
  <trkpt lat="37.4133045" lon="-121.9957085"><ele>101</ele><time>2026-07-19T16:44:47.088973Z</time></trkpt>
  <trkpt lat="37.4133083" lon="-121.9957256"><ele>101</ele><time>2026-07-19T16:44:47.189869Z</time></trkpt>
  <trkpt lat="37.4133120" lon="-121.9957424"><ele>101</ele><time>2026-07-19T16:44:47.291141Z</time></trkpt>
  <trkpt lat="37.4133175" lon="-121.9957589"><ele>101</ele><time>2026-07-19T16:44:47.391682Z</time></trkpt>
  <trkpt lat="37.4133256" lon="-121.9957738"><ele>101</ele><time>2026-07-19T16:44:47.491798Z</time></trkpt>
  <trkpt lat="37.4133339" lon="-121.9957890"><ele>101</ele><time>2026-07-19T16:44:47.592244Z</time></trkpt>
  <trkpt lat="37.4133402" lon="-121.9958045"><ele>101</ele><time>2026-07-19T16:44:47.692466Z</time></trkpt>
  <trkpt lat="37.4133471" lon="-121.9958190"><ele>101</ele><time>2026-07-19T16:44:47.793544Z</time></trkpt>
  <trkpt lat="37.4133560" lon="-121.9958305"><ele>100</ele><time>2026-07-19T16:44:47.894331Z</time></trkpt>
  <trkpt lat="37.4133663" lon="-121.9958397"><ele>100</ele><time>2026-07-19T16:44:47.994597Z</time></trkpt>
  <trkpt lat="37.4133790" lon="-121.9958455"><ele>99</ele><time>2026-07-19T16:44:48.095667Z</time></trkpt>
  <trkpt lat="37.4133938" lon="-121.9958477"><ele>99</ele><time>2026-07-19T16:44:48.196454Z</time></trkpt>
  <trkpt lat="37.4134095" lon="-121.9958457"><ele>99</ele><time>2026-07-19T16:44:48.296719Z</time></trkpt>
  <trkpt lat="37.4134095" lon="-121.9958457"><ele>99</ele><time>2026-07-19T16:44:48.351723Z</time></trkpt>
  <trkpt lat="37.4134258" lon="-121.9958411"><ele>99</ele><time>2026-07-19T16:44:48.397818Z</time></trkpt>
  <trkpt lat="37.4134421" lon="-121.9958366"><ele>99</ele><time>2026-07-19T16:44:48.478353Z</time></trkpt>
  <trkpt lat="37.4134577" lon="-121.9958336"><ele>98</ele><time>2026-07-19T16:44:48.598818Z</time></trkpt>
  <trkpt lat="37.4134740" lon="-121.9958303"><ele>98</ele><time>2026-07-19T16:44:48.679338Z</time></trkpt>
  <trkpt lat="37.4134908" lon="-121.9958253"><ele>98</ele><time>2026-07-19T16:44:48.800072Z</time></trkpt>
  <trkpt lat="37.4135074" lon="-121.9958178"><ele>98</ele><time>2026-07-19T16:44:48.900649Z</time></trkpt>
  <trkpt lat="37.4135234" lon="-121.9958091"><ele>99</ele><time>2026-07-19T16:44:49.000924Z</time></trkpt>
  <trkpt lat="37.4135396" lon="-121.9958001"><ele>99</ele><time>2026-07-19T16:44:49.081448Z</time></trkpt>
  <trkpt lat="37.4135553" lon="-121.9957902"><ele>100</ele><time>2026-07-19T16:44:49.201955Z</time></trkpt>
  <trkpt lat="37.4135693" lon="-121.9957789"><ele>101</ele><time>2026-07-19T16:44:49.282211Z</time></trkpt>
  <trkpt lat="37.4135821" lon="-121.9957673"><ele>102</ele><time>2026-07-19T16:44:49.382531Z</time></trkpt>
  <trkpt lat="37.4135935" lon="-121.9957550"><ele>103</ele><time>2026-07-19T16:44:49.483574Z</time></trkpt>
  <trkpt lat="37.4136046" lon="-121.9957430"><ele>104</ele><time>2026-07-19T16:44:49.584278Z</time></trkpt>
  <trkpt lat="37.4136158" lon="-121.9957306"><ele>105</ele><time>2026-07-19T16:44:49.684833Z</time></trkpt>
  <trkpt lat="37.4136265" lon="-121.9957175"><ele>106</ele><time>2026-07-19T16:44:49.785575Z</time></trkpt>
  <trkpt lat="37.4136368" lon="-121.9957052"><ele>107</ele><time>2026-07-19T16:44:49.886722Z</time></trkpt>
  <trkpt lat="37.4136473" lon="-121.9956934"><ele>107</ele><time>2026-07-19T16:44:49.987911Z</time></trkpt>
  <trkpt lat="37.4136571" lon="-121.9956817"><ele>108</ele><time>2026-07-19T16:44:50.088062Z</time></trkpt>
  <trkpt lat="37.4136669" lon="-121.9956695"><ele>108</ele><time>2026-07-19T16:44:50.188861Z</time></trkpt>
  <trkpt lat="37.4136757" lon="-121.9956569"><ele>109</ele><time>2026-07-19T16:44:50.288609Z</time></trkpt>
  <trkpt lat="37.4136841" lon="-121.9956441"><ele>108</ele><time>2026-07-19T16:44:50.389942Z</time></trkpt>
  <trkpt lat="37.4136923" lon="-121.9956318"><ele>108</ele><time>2026-07-19T16:44:50.489609Z</time></trkpt>
  <trkpt lat="37.4136923" lon="-121.9956318"><ele>108</ele><time>2026-07-19T16:44:50.498788Z</time></trkpt>
  <trkpt lat="37.4137004" lon="-121.9956201"><ele>108</ele><time>2026-07-19T16:44:50.590864Z</time></trkpt>
  <trkpt lat="37.4137076" lon="-121.9956077"><ele>108</ele><time>2026-07-19T16:44:50.691792Z</time></trkpt>
  <trkpt lat="37.4137137" lon="-121.9955937"><ele>108</ele><time>2026-07-19T16:44:50.791774Z</time></trkpt>
  <trkpt lat="37.4137191" lon="-121.9955790"><ele>108</ele><time>2026-07-19T16:44:50.891417Z</time></trkpt>
  <trkpt lat="37.4137226" lon="-121.9955627"><ele>108</ele><time>2026-07-19T16:44:50.991794Z</time></trkpt>
  <trkpt lat="37.4137237" lon="-121.9955457"><ele>109</ele><time>2026-07-19T16:44:51.092760Z</time></trkpt>
  <trkpt lat="37.4137231" lon="-121.9955282"><ele>109</ele><time>2026-07-19T16:44:51.193124Z</time></trkpt>
  <trkpt lat="37.4137207" lon="-121.9955099"><ele>109</ele><time>2026-07-19T16:44:51.294028Z</time></trkpt>
  <trkpt lat="37.4137157" lon="-121.9954923"><ele>109</ele><time>2026-07-19T16:44:51.394681Z</time></trkpt>
  <trkpt lat="37.4137078" lon="-121.9954761"><ele>109</ele><time>2026-07-19T16:44:51.495429Z</time></trkpt>
  <trkpt lat="37.4136984" lon="-121.9954613"><ele>110</ele><time>2026-07-19T16:44:51.596247Z</time></trkpt>
  <trkpt lat="37.4136880" lon="-121.9954474"><ele>110</ele><time>2026-07-19T16:44:51.696846Z</time></trkpt>
  <trkpt lat="37.4136766" lon="-121.9954337"><ele>109</ele><time>2026-07-19T16:44:51.797353Z</time></trkpt>
  <trkpt lat="37.4136642" lon="-121.9954213"><ele>109</ele><time>2026-07-19T16:44:51.897841Z</time></trkpt>
  <trkpt lat="37.4136506" lon="-121.9954110"><ele>109</ele><time>2026-07-19T16:44:51.977925Z</time></trkpt>
  <trkpt lat="37.4136366" lon="-121.9954025"><ele>108</ele><time>2026-07-19T16:44:52.098535Z</time></trkpt>
  <trkpt lat="37.4136227" lon="-121.9953947"><ele>107</ele><time>2026-07-19T16:44:52.178866Z</time></trkpt>
  <trkpt lat="37.4136088" lon="-121.9953879"><ele>107</ele><time>2026-07-19T16:44:52.279608Z</time></trkpt>
  <trkpt lat="37.4135946" lon="-121.9953833"><ele>106</ele><time>2026-07-19T16:44:52.379752Z</time></trkpt>
  <trkpt lat="37.4135801" lon="-121.9953808"><ele>106</ele><time>2026-07-19T16:44:52.480514Z</time></trkpt>
  <trkpt lat="37.4135659" lon="-121.9953796"><ele>106</ele><time>2026-07-19T16:44:52.580977Z</time></trkpt>
  <trkpt lat="37.4135659" lon="-121.9953796"><ele>106</ele><time>2026-07-19T16:44:52.646825Z</time></trkpt>
  <trkpt lat="37.4135518" lon="-121.9953790"><ele>106</ele><time>2026-07-19T16:44:52.681541Z</time></trkpt>
  <trkpt lat="37.4135379" lon="-121.9953790"><ele>106</ele><time>2026-07-19T16:44:52.781921Z</time></trkpt>
  <trkpt lat="37.4135244" lon="-121.9953798"><ele>106</ele><time>2026-07-19T16:44:52.882465Z</time></trkpt>
  <trkpt lat="37.4135117" lon="-121.9953812"><ele>106</ele><time>2026-07-19T16:44:52.983029Z</time></trkpt>
  <trkpt lat="37.4134990" lon="-121.9953831"><ele>106</ele><time>2026-07-19T16:44:53.083693Z</time></trkpt>
  <trkpt lat="37.4134867" lon="-121.9953855"><ele>106</ele><time>2026-07-19T16:44:53.184084Z</time></trkpt>
  <trkpt lat="37.4134753" lon="-121.9953882"><ele>106</ele><time>2026-07-19T16:44:53.284543Z</time></trkpt>
  <trkpt lat="37.4134644" lon="-121.9953911"><ele>106</ele><time>2026-07-19T16:44:53.384860Z</time></trkpt>
  <trkpt lat="37.4134542" lon="-121.9953942"><ele>107</ele><time>2026-07-19T16:44:53.485707Z</time></trkpt>
  <trkpt lat="37.4134444" lon="-121.9953975"><ele>107</ele><time>2026-07-19T16:44:53.586355Z</time></trkpt>
  <trkpt lat="37.4134354" lon="-121.9954004"><ele>107</ele><time>2026-07-19T16:44:53.687627Z</time></trkpt>
  <trkpt lat="37.4134270" lon="-121.9954032"><ele>107</ele><time>2026-07-19T16:44:53.788080Z</time></trkpt>
  <trkpt lat="37.4134188" lon="-121.9954065"><ele>108</ele><time>2026-07-19T16:44:53.888729Z</time></trkpt>
  <trkpt lat="37.4134110" lon="-121.9954095"><ele>108</ele><time>2026-07-19T16:44:53.989114Z</time></trkpt>
  <trkpt lat="37.4134036" lon="-121.9954120"><ele>108</ele><time>2026-07-19T16:44:54.089818Z</time></trkpt>
  <trkpt lat="37.4133963" lon="-121.9954144"><ele>109</ele><time>2026-07-19T16:44:54.190950Z</time></trkpt>
  <trkpt lat="37.4133894" lon="-121.9954165"><ele>109</ele><time>2026-07-19T16:44:54.291692Z</time></trkpt>
  <trkpt lat="37.4133826" lon="-121.9954185"><ele>109</ele><time>2026-07-19T16:44:54.391948Z</time></trkpt>
  <trkpt lat="37.4133760" lon="-121.9954203"><ele>109</ele><time>2026-07-19T16:44:54.493056Z</time></trkpt>
  <trkpt lat="37.4133694" lon="-121.9954216"><ele>110</ele><time>2026-07-19T16:44:54.593864Z</time></trkpt>
  <trkpt lat="37.4133629" lon="-121.9954233"><ele>110</ele><time>2026-07-19T16:44:54.694761Z</time></trkpt>
  <trkpt lat="37.4133564" lon="-121.9954253"><ele>110</ele><time>2026-07-19T16:44:54.775418Z</time></trkpt>
  <trkpt lat="37.4133564" lon="-121.9954253"><ele>110</ele><time>2026-07-19T16:44:54.799354Z</time></trkpt>
  <trkpt lat="37.4133498" lon="-121.9954269"><ele>110</ele><time>2026-07-19T16:44:54.875882Z</time></trkpt>
  <trkpt lat="37.4133425" lon="-121.9954286"><ele>110</ele><time>2026-07-19T16:44:54.976535Z</time></trkpt>
  <trkpt lat="37.4133347" lon="-121.9954300"><ele>110</ele><time>2026-07-19T16:44:55.077646Z</time></trkpt>
  <trkpt lat="37.4133260" lon="-121.9954313"><ele>110</ele><time>2026-07-19T16:44:55.178097Z</time></trkpt>
  <trkpt lat="37.4133167" lon="-121.9954326"><ele>109</ele><time>2026-07-19T16:44:55.278261Z</time></trkpt>
  <trkpt lat="37.4133067" lon="-121.9954338"><ele>109</ele><time>2026-07-19T16:44:55.378950Z</time></trkpt>
  <trkpt lat="37.4132961" lon="-121.9954347"><ele>109</ele><time>2026-07-19T16:44:55.479477Z</time></trkpt>
  <trkpt lat="37.4132849" lon="-121.9954354"><ele>109</ele><time>2026-07-19T16:44:55.579730Z</time></trkpt>
  <trkpt lat="37.4132731" lon="-121.9954351"><ele>109</ele><time>2026-07-19T16:44:55.679882Z</time></trkpt>
  <trkpt lat="37.4132605" lon="-121.9954343"><ele>109</ele><time>2026-07-19T16:44:55.780491Z</time></trkpt>
  <trkpt lat="37.4132474" lon="-121.9954334"><ele>109</ele><time>2026-07-19T16:44:55.880925Z</time></trkpt>
  <trkpt lat="37.4132340" lon="-121.9954326"><ele>109</ele><time>2026-07-19T16:44:55.981831Z</time></trkpt>
  <trkpt lat="37.4132202" lon="-121.9954315"><ele>108</ele><time>2026-07-19T16:44:56.083186Z</time></trkpt>
  <trkpt lat="37.4132060" lon="-121.9954298"><ele>108</ele><time>2026-07-19T16:44:56.183749Z</time></trkpt>
  <trkpt lat="37.4131915" lon="-121.9954278"><ele>108</ele><time>2026-07-19T16:44:56.283837Z</time></trkpt>
  <trkpt lat="37.4131768" lon="-121.9954255"><ele>108</ele><time>2026-07-19T16:44:56.384820Z</time></trkpt>
  <trkpt lat="37.4131619" lon="-121.9954228"><ele>108</ele><time>2026-07-19T16:44:56.485608Z</time></trkpt>
  <trkpt lat="37.4131468" lon="-121.9954195"><ele>108</ele><time>2026-07-19T16:44:56.586125Z</time></trkpt>
  <trkpt lat="37.4131315" lon="-121.9954162"><ele>108</ele><time>2026-07-19T16:44:56.686927Z</time></trkpt>
  <trkpt lat="37.4131160" lon="-121.9954127"><ele>107</ele><time>2026-07-19T16:44:56.787214Z</time></trkpt>
  <trkpt lat="37.4131002" lon="-121.9954091"><ele>107</ele><time>2026-07-19T16:44:56.887876Z</time></trkpt>
  <trkpt lat="37.4131002" lon="-121.9954091"><ele>107</ele><time>2026-07-19T16:44:56.952463Z</time></trkpt>
  <trkpt lat="37.4130844" lon="-121.9954052"><ele>107</ele><time>2026-07-19T16:44:56.988671Z</time></trkpt>
  <trkpt lat="37.4130685" lon="-121.9954011"><ele>107</ele><time>2026-07-19T16:44:57.089466Z</time></trkpt>
  <trkpt lat="37.4130525" lon="-121.9953965"><ele>106</ele><time>2026-07-19T16:44:57.190733Z</time></trkpt>
  <trkpt lat="37.4130365" lon="-121.9953912"><ele>106</ele><time>2026-07-19T16:44:57.291053Z</time></trkpt>
  <trkpt lat="37.4130204" lon="-121.9953855"><ele>106</ele><time>2026-07-19T16:44:57.371573Z</time></trkpt>
  <trkpt lat="37.4130043" lon="-121.9953797"><ele>106</ele><time>2026-07-19T16:44:57.472022Z</time></trkpt>
  <trkpt lat="37.4129883" lon="-121.9953742"><ele>105</ele><time>2026-07-19T16:44:57.572951Z</time></trkpt>
  <trkpt lat="37.4129725" lon="-121.9953691"><ele>105</ele><time>2026-07-19T16:44:57.673668Z</time></trkpt>
  <trkpt lat="37.4129568" lon="-121.9953640"><ele>104</ele><time>2026-07-19T16:44:57.773773Z</time></trkpt>
  <trkpt lat="37.4129409" lon="-121.9953587"><ele>103</ele><time>2026-07-19T16:44:57.874554Z</time></trkpt>
  <trkpt lat="37.4129248" lon="-121.9953529"><ele>103</ele><time>2026-07-19T16:44:57.975148Z</time></trkpt>
  <trkpt lat="37.4129087" lon="-121.9953469"><ele>102</ele><time>2026-07-19T16:44:58.075864Z</time></trkpt>
  <trkpt lat="37.4128924" lon="-121.9953400"><ele>101</ele><time>2026-07-19T16:44:58.177104Z</time></trkpt>
  <trkpt lat="37.4128763" lon="-121.9953310"><ele>100</ele><time>2026-07-19T16:44:58.277674Z</time></trkpt>
  <trkpt lat="37.4128606" lon="-121.9953196"><ele>100</ele><time>2026-07-19T16:44:58.378026Z</time></trkpt>
  <trkpt lat="37.4128453" lon="-121.9953068"><ele>100</ele><time>2026-07-19T16:44:58.478824Z</time></trkpt>
  <trkpt lat="37.4128304" lon="-121.9952936"><ele>99</ele><time>2026-07-19T16:44:58.579766Z</time></trkpt>
  <trkpt lat="37.4128160" lon="-121.9952799"><ele>98</ele><time>2026-07-19T16:44:58.680388Z</time></trkpt>
  <trkpt lat="37.4128021" lon="-121.9952657"><ele>98</ele><time>2026-07-19T16:44:58.780830Z</time></trkpt>
  <trkpt lat="37.4127884" lon="-121.9952512"><ele>97</ele><time>2026-07-19T16:44:58.881325Z</time></trkpt>
  <trkpt lat="37.4127748" lon="-121.9952367"><ele>96</ele><time>2026-07-19T16:44:58.982135Z</time></trkpt>
  <trkpt lat="37.4127617" lon="-121.9952220"><ele>96</ele><time>2026-07-19T16:44:59.082745Z</time></trkpt>
  <trkpt lat="37.4127617" lon="-121.9952220"><ele>96</ele><time>2026-07-19T16:44:59.100851Z</time></trkpt>
  <trkpt lat="37.4127489" lon="-121.9952068"><ele>95</ele><time>2026-07-19T16:44:59.184007Z</time></trkpt>
  <trkpt lat="37.4127364" lon="-121.9951912"><ele>94</ele><time>2026-07-19T16:44:59.284772Z</time></trkpt>
  <trkpt lat="37.4127242" lon="-121.9951755"><ele>93</ele><time>2026-07-19T16:44:59.384980Z</time></trkpt>
  <trkpt lat="37.4127125" lon="-121.9951593"><ele>92</ele><time>2026-07-19T16:44:59.486171Z</time></trkpt>
  <trkpt lat="37.4127012" lon="-121.9951431"><ele>91</ele><time>2026-07-19T16:44:59.586716Z</time></trkpt>
  <trkpt lat="37.4126898" lon="-121.9951270"><ele>90</ele><time>2026-07-19T16:44:59.687228Z</time></trkpt>
  <trkpt lat="37.4126788" lon="-121.9951107"><ele>89</ele><time>2026-07-19T16:44:59.787606Z</time></trkpt>
  <trkpt lat="37.4126681" lon="-121.9950941"><ele>87</ele><time>2026-07-19T16:44:59.868226Z</time></trkpt>
  <trkpt lat="37.4126577" lon="-121.9950773"><ele>86</ele><time>2026-07-19T16:44:59.989481Z</time></trkpt>
  <trkpt lat="37.4126476" lon="-121.9950607"><ele>84</ele><time>2026-07-19T16:45:00.070015Z</time></trkpt>
  <trkpt lat="37.4126378" lon="-121.9950436"><ele>83</ele><time>2026-07-19T16:45:00.171024Z</time></trkpt>
  <trkpt lat="37.4126289" lon="-121.9950257"><ele>82</ele><time>2026-07-19T16:45:00.271713Z</time></trkpt>
  <trkpt lat="37.4126206" lon="-121.9950071"><ele>80</ele><time>2026-07-19T16:45:00.372462Z</time></trkpt>
  <trkpt lat="37.4126125" lon="-121.9949886"><ele>79</ele><time>2026-07-19T16:45:00.473560Z</time></trkpt>
  <trkpt lat="37.4126045" lon="-121.9949708"><ele>77</ele><time>2026-07-19T16:45:00.574739Z</time></trkpt>
  <trkpt lat="37.4125967" lon="-121.9949532"><ele>75</ele><time>2026-07-19T16:45:00.675556Z</time></trkpt>
  <trkpt lat="37.4125890" lon="-121.9949357"><ele>74</ele><time>2026-07-19T16:45:00.776081Z</time></trkpt>
  <trkpt lat="37.4125816" lon="-121.9949180"><ele>72</ele><time>2026-07-19T16:45:00.876811Z</time></trkpt>
  <trkpt lat="37.4125742" lon="-121.9948992"><ele>70</ele><time>2026-07-19T16:45:00.977217Z</time></trkpt>
  <trkpt lat="37.4125665" lon="-121.9948797"><ele>69</ele><time>2026-07-19T16:45:01.078268Z</time></trkpt>
  <trkpt lat="37.4125584" lon="-121.9948603"><ele>67</ele><time>2026-07-19T16:45:01.178398Z</time></trkpt>
  <trkpt lat="37.4125584" lon="-121.9948603"><ele>67</ele><time>2026-07-19T16:45:01.254374Z</time></trkpt>
  <trkpt lat="37.4125494" lon="-121.9948408"><ele>66</ele><time>2026-07-19T16:45:01.278979Z</time></trkpt>
  <trkpt lat="37.4125390" lon="-121.9948212"><ele>64</ele><time>2026-07-19T16:45:01.380333Z</time></trkpt>
  <trkpt lat="37.4125274" lon="-121.9948013"><ele>63</ele><time>2026-07-19T16:45:01.480797Z</time></trkpt>
  <trkpt lat="37.4125151" lon="-121.9947814"><ele>62</ele><time>2026-07-19T16:45:01.581452Z</time></trkpt>
  <trkpt lat="37.4125029" lon="-121.9947611"><ele>61</ele><time>2026-07-19T16:45:01.682179Z</time></trkpt>
  <trkpt lat="37.4124909" lon="-121.9947401"><ele>60</ele><time>2026-07-19T16:45:01.783052Z</time></trkpt>
  <trkpt lat="37.4124799" lon="-121.9947182"><ele>59</ele><time>2026-07-19T16:45:01.884395Z</time></trkpt>
  <trkpt lat="37.4124704" lon="-121.9946952"><ele>59</ele><time>2026-07-19T16:45:01.983788Z</time></trkpt>
  <trkpt lat="37.4124625" lon="-121.9946715"><ele>58</ele><time>2026-07-19T16:45:02.084586Z</time></trkpt>
  <trkpt lat="37.4124561" lon="-121.9946476"><ele>58</ele><time>2026-07-19T16:45:02.185489Z</time></trkpt>
  <trkpt lat="37.4124514" lon="-121.9946236"><ele>58</ele><time>2026-07-19T16:45:02.266131Z</time></trkpt>
  <trkpt lat="37.4124482" lon="-121.9946001"><ele>58</ele><time>2026-07-19T16:45:02.366612Z</time></trkpt>
  <trkpt lat="37.4124466" lon="-121.9945772"><ele>58</ele><time>2026-07-19T16:45:02.467013Z</time></trkpt>
  <trkpt lat="37.4124467" lon="-121.9945554"><ele>58</ele><time>2026-07-19T16:45:02.567756Z</time></trkpt>
  <trkpt lat="37.4124486" lon="-121.9945348"><ele>59</ele><time>2026-07-19T16:45:02.668388Z</time></trkpt>
  <trkpt lat="37.4124522" lon="-121.9945154"><ele>59</ele><time>2026-07-19T16:45:02.768645Z</time></trkpt>
  <trkpt lat="37.4124571" lon="-121.9944974"><ele>59</ele><time>2026-07-19T16:45:02.869267Z</time></trkpt>
  <trkpt lat="37.4124634" lon="-121.9944810"><ele>59</ele><time>2026-07-19T16:45:02.969847Z</time></trkpt>
  <trkpt lat="37.4124712" lon="-121.9944665"><ele>59</ele><time>2026-07-19T16:45:03.070804Z</time></trkpt>
  <trkpt lat="37.4124800" lon="-121.9944540"><ele>59</ele><time>2026-07-19T16:45:03.171255Z</time></trkpt>
  <trkpt lat="37.4124895" lon="-121.9944433"><ele>59</ele><time>2026-07-19T16:45:03.272017Z</time></trkpt>
  <trkpt lat="37.4124995" lon="-121.9944344"><ele>60</ele><time>2026-07-19T16:45:03.372343Z</time></trkpt>
  <trkpt lat="37.4124995" lon="-121.9944344"><ele>60</ele><time>2026-07-19T16:45:03.408406Z</time></trkpt>
  <trkpt lat="37.4125099" lon="-121.9944272"><ele>60</ele><time>2026-07-19T16:45:03.472924Z</time></trkpt>
  <trkpt lat="37.4125204" lon="-121.9944222"><ele>60</ele><time>2026-07-19T16:45:03.574073Z</time></trkpt>
  <trkpt lat="37.4125309" lon="-121.9944191"><ele>60</ele><time>2026-07-19T16:45:03.674722Z</time></trkpt>
  <trkpt lat="37.4125412" lon="-121.9944172"><ele>60</ele><time>2026-07-19T16:45:03.776260Z</time></trkpt>
  <trkpt lat="37.4125512" lon="-121.9944167"><ele>60</ele><time>2026-07-19T16:45:03.876221Z</time></trkpt>
  <trkpt lat="37.4125611" lon="-121.9944174"><ele>60</ele><time>2026-07-19T16:45:03.976988Z</time></trkpt>
  <trkpt lat="37.4125706" lon="-121.9944194"><ele>60</ele><time>2026-07-19T16:45:04.077322Z</time></trkpt>
  <trkpt lat="37.4125795" lon="-121.9944226"><ele>60</ele><time>2026-07-19T16:45:04.177800Z</time></trkpt>
  <trkpt lat="37.4125879" lon="-121.9944269"><ele>60</ele><time>2026-07-19T16:45:04.278533Z</time></trkpt>
  <trkpt lat="37.4125961" lon="-121.9944318"><ele>60</ele><time>2026-07-19T16:45:04.379042Z</time></trkpt>
  <trkpt lat="37.4126039" lon="-121.9944372"><ele>60</ele><time>2026-07-19T16:45:04.479698Z</time></trkpt>
  <trkpt lat="37.4126115" lon="-121.9944432"><ele>60</ele><time>2026-07-19T16:45:04.579968Z</time></trkpt>
  <trkpt lat="37.4126189" lon="-121.9944495"><ele>60</ele><time>2026-07-19T16:45:04.680665Z</time></trkpt>
  <trkpt lat="37.4126260" lon="-121.9944565"><ele>60</ele><time>2026-07-19T16:45:04.780855Z</time></trkpt>
  <trkpt lat="37.4126328" lon="-121.9944639"><ele>60</ele><time>2026-07-19T16:45:04.881387Z</time></trkpt>
  <trkpt lat="37.4126395" lon="-121.9944718"><ele>60</ele><time>2026-07-19T16:45:04.982081Z</time></trkpt>
  <trkpt lat="37.4126459" lon="-121.9944801"><ele>59</ele><time>2026-07-19T16:45:05.082523Z</time></trkpt>
  <trkpt lat="37.4126523" lon="-121.9944889"><ele>59</ele><time>2026-07-19T16:45:05.183100Z</time></trkpt>
  <trkpt lat="37.4126582" lon="-121.9944983"><ele>59</ele><time>2026-07-19T16:45:05.283731Z</time></trkpt>
  <trkpt lat="37.4126636" lon="-121.9945087"><ele>58</ele><time>2026-07-19T16:45:05.364278Z</time></trkpt>
  <trkpt lat="37.4126684" lon="-121.9945199"><ele>58</ele><time>2026-07-19T16:45:05.464304Z</time></trkpt>
  <trkpt lat="37.4126726" lon="-121.9945317"><ele>57</ele><time>2026-07-19T16:45:05.564599Z</time></trkpt>
  <trkpt lat="37.4126768" lon="-121.9945440"><ele>57</ele><time>2026-07-19T16:45:05.664715Z</time></trkpt>
  <trkpt lat="37.4126808" lon="-121.9945564"><ele>56</ele><time>2026-07-19T16:45:05.765588Z</time></trkpt>
  <trkpt lat="37.4126847" lon="-121.9945690"><ele>56</ele><time>2026-07-19T16:45:05.866597Z</time></trkpt>
  <trkpt lat="37.4126887" lon="-121.9945816"><ele>55</ele><time>2026-07-19T16:45:05.967005Z</time></trkpt>
  <trkpt lat="37.4126929" lon="-121.9945944"><ele>54</ele><time>2026-07-19T16:45:06.067273Z</time></trkpt>
  <trkpt lat="37.4126973" lon="-121.9946075"><ele>54</ele><time>2026-07-19T16:45:06.168049Z</time></trkpt>
  <trkpt lat="37.4127021" lon="-121.9946212"><ele>53</ele><time>2026-07-19T16:45:06.269622Z</time></trkpt>
  <trkpt lat="37.4127072" lon="-121.9946351"><ele>53</ele><time>2026-07-19T16:45:06.370643Z</time></trkpt>
  <trkpt lat="37.4127127" lon="-121.9946490"><ele>53</ele><time>2026-07-19T16:45:06.470996Z</time></trkpt>
  <trkpt lat="37.4127184" lon="-121.9946629"><ele>53</ele><time>2026-07-19T16:45:06.571444Z</time></trkpt>
  <trkpt lat="37.4127242" lon="-121.9946765"><ele>53</ele><time>2026-07-19T16:45:06.672373Z</time></trkpt>
  <trkpt lat="37.4127300" lon="-121.9946899"><ele>53</ele><time>2026-07-19T16:45:06.773268Z</time></trkpt>
  <trkpt lat="37.4127357" lon="-121.9947032"><ele>53</ele><time>2026-07-19T16:45:06.873453Z</time></trkpt>
  <trkpt lat="37.4127417" lon="-121.9947162"><ele>53</ele><time>2026-07-19T16:45:06.974044Z</time></trkpt>
  <trkpt lat="37.4127478" lon="-121.9947287"><ele>53</ele><time>2026-07-19T16:45:07.074388Z</time></trkpt>
  <trkpt lat="37.4127539" lon="-121.9947411"><ele>53</ele><time>2026-07-19T16:45:07.175346Z</time></trkpt>
  <trkpt lat="37.4127600" lon="-121.9947532"><ele>53</ele><time>2026-07-19T16:45:07.275725Z</time></trkpt>
  <trkpt lat="37.4127659" lon="-121.9947648"><ele>53</ele><time>2026-07-19T16:45:07.376122Z</time></trkpt>
  <trkpt lat="37.4127719" lon="-121.9947761"><ele>54</ele><time>2026-07-19T16:45:07.476504Z</time></trkpt>
  <trkpt lat="37.4127779" lon="-121.9947871"><ele>54</ele><time>2026-07-19T16:45:07.577053Z</time></trkpt>
  <trkpt lat="37.4127836" lon="-121.9947977"><ele>54</ele><time>2026-07-19T16:45:07.677660Z</time></trkpt>
  <trkpt lat="37.4127836" lon="-121.9947977"><ele>54</ele><time>2026-07-19T16:45:07.729015Z</time></trkpt>
  <trkpt lat="37.4127893" lon="-121.9948078"><ele>55</ele><time>2026-07-19T16:45:07.778172Z</time></trkpt>
  <trkpt lat="37.4127950" lon="-121.9948174"><ele>55</ele><time>2026-07-19T16:45:07.878991Z</time></trkpt>
  <trkpt lat="37.4128006" lon="-121.9948263"><ele>56</ele><time>2026-07-19T16:45:07.959323Z</time></trkpt>
  <trkpt lat="37.4128061" lon="-121.9948346"><ele>56</ele><time>2026-07-19T16:45:08.080057Z</time></trkpt>
  <trkpt lat="37.4128116" lon="-121.9948424"><ele>56</ele><time>2026-07-19T16:45:08.160615Z</time></trkpt>
  <trkpt lat="37.4128171" lon="-121.9948499"><ele>57</ele><time>2026-07-19T16:45:08.261610Z</time></trkpt>
  <trkpt lat="37.4128226" lon="-121.9948572"><ele>57</ele><time>2026-07-19T16:45:08.362512Z</time></trkpt>
  <trkpt lat="37.4128283" lon="-121.9948641"><ele>57</ele><time>2026-07-19T16:45:08.462240Z</time></trkpt>
  <trkpt lat="37.4128343" lon="-121.9948707"><ele>57</ele><time>2026-07-19T16:45:08.562985Z</time></trkpt>
  <trkpt lat="37.4128404" lon="-121.9948768"><ele>58</ele><time>2026-07-19T16:45:08.663710Z</time></trkpt>
  <trkpt lat="37.4128468" lon="-121.9948824"><ele>58</ele><time>2026-07-19T16:45:08.764547Z</time></trkpt>
  <trkpt lat="37.4128533" lon="-121.9948876"><ele>58</ele><time>2026-07-19T16:45:08.865035Z</time></trkpt>
  <trkpt lat="37.4128599" lon="-121.9948923"><ele>58</ele><time>2026-07-19T16:45:08.966041Z</time></trkpt>
  <trkpt lat="37.4128665" lon="-121.9948966"><ele>58</ele><time>2026-07-19T16:45:09.067087Z</time></trkpt>
  <trkpt lat="37.4128732" lon="-121.9949010"><ele>58</ele><time>2026-07-19T16:45:09.167732Z</time></trkpt>
  <trkpt lat="37.4128800" lon="-121.9949055"><ele>58</ele><time>2026-07-19T16:45:09.268181Z</time></trkpt>
  <trkpt lat="37.4128869" lon="-121.9949101"><ele>58</ele><time>2026-07-19T16:45:09.368670Z</time></trkpt>
  <trkpt lat="37.4128938" lon="-121.9949151"><ele>58</ele><time>2026-07-19T16:45:09.469824Z</time></trkpt>
  <trkpt lat="37.4129007" lon="-121.9949205"><ele>58</ele><time>2026-07-19T16:45:09.570758Z</time></trkpt>
  <trkpt lat="37.4129074" lon="-121.9949265"><ele>58</ele><time>2026-07-19T16:45:09.671431Z</time></trkpt>
  <trkpt lat="37.4129139" lon="-121.9949331"><ele>58</ele><time>2026-07-19T16:45:09.771965Z</time></trkpt>
  <trkpt lat="37.4129201" lon="-121.9949403"><ele>58</ele><time>2026-07-19T16:45:09.872603Z</time></trkpt>
  <trkpt lat="37.4129201" lon="-121.9949403"><ele>58</ele><time>2026-07-19T16:45:09.889429Z</time></trkpt>
  <trkpt lat="37.4129261" lon="-121.9949477"><ele>58</ele><time>2026-07-19T16:45:09.973195Z</time></trkpt>
  <trkpt lat="37.4129316" lon="-121.9949553"><ele>58</ele><time>2026-07-19T16:45:10.073497Z</time></trkpt>
  <trkpt lat="37.4129370" lon="-121.9949630"><ele>58</ele><time>2026-07-19T16:45:10.174033Z</time></trkpt>
  <trkpt lat="37.4129422" lon="-121.9949709"><ele>58</ele><time>2026-07-19T16:45:10.274800Z</time></trkpt>
  <trkpt lat="37.4129471" lon="-121.9949789"><ele>58</ele><time>2026-07-19T16:45:10.375684Z</time></trkpt>
  <trkpt lat="37.4129516" lon="-121.9949867"><ele>58</ele><time>2026-07-19T16:45:10.476228Z</time></trkpt>
  <trkpt lat="37.4129557" lon="-121.9949944"><ele>59</ele><time>2026-07-19T16:45:10.557531Z</time></trkpt>
  <trkpt lat="37.4129598" lon="-121.9950017"><ele>59</ele><time>2026-07-19T16:45:10.658489Z</time></trkpt>
  <trkpt lat="37.4129637" lon="-121.9950090"><ele>59</ele><time>2026-07-19T16:45:10.757971Z</time></trkpt>
  <trkpt lat="37.4129675" lon="-121.9950159"><ele>60</ele><time>2026-07-19T16:45:10.858561Z</time></trkpt>
  <trkpt lat="37.4129709" lon="-121.9950225"><ele>60</ele><time>2026-07-19T16:45:10.958754Z</time></trkpt>
  <trkpt lat="37.4129743" lon="-121.9950287"><ele>60</ele><time>2026-07-19T16:45:11.059343Z</time></trkpt>
  <trkpt lat="37.4129776" lon="-121.9950347"><ele>61</ele><time>2026-07-19T16:45:11.160230Z</time></trkpt>
  <trkpt lat="37.4129807" lon="-121.9950404"><ele>61</ele><time>2026-07-19T16:45:11.260816Z</time></trkpt>
  <trkpt lat="37.4129838" lon="-121.9950458"><ele>62</ele><time>2026-07-19T16:45:11.361494Z</time></trkpt>
  <trkpt lat="37.4129867" lon="-121.9950508"><ele>62</ele><time>2026-07-19T16:45:11.462808Z</time></trkpt>
  <trkpt lat="37.4129898" lon="-121.9950554"><ele>62</ele><time>2026-07-19T16:45:11.563788Z</time></trkpt>
  <trkpt lat="37.4129928" lon="-121.9950598"><ele>63</ele><time>2026-07-19T16:45:11.664363Z</time></trkpt>
  <trkpt lat="37.4129959" lon="-121.9950637"><ele>63</ele><time>2026-07-19T16:45:11.765026Z</time></trkpt>
  <trkpt lat="37.4129990" lon="-121.9950673"><ele>63</ele><time>2026-07-19T16:45:11.866020Z</time></trkpt>
  <trkpt lat="37.4130021" lon="-121.9950705"><ele>64</ele><time>2026-07-19T16:45:11.966644Z</time></trkpt>
  <trkpt lat="37.4130021" lon="-121.9950705"><ele>64</ele><time>2026-07-19T16:45:12.049710Z</time></trkpt>
  <trkpt lat="37.4130051" lon="-121.9950733"><ele>64</ele><time>2026-07-19T16:45:12.066625Z</time></trkpt>
  <trkpt lat="37.4130079" lon="-121.9950757"><ele>64</ele><time>2026-07-19T16:45:12.167406Z</time></trkpt>
  <trkpt lat="37.4130108" lon="-121.9950775"><ele>65</ele><time>2026-07-19T16:45:12.267919Z</time></trkpt>
  <trkpt lat="37.4130140" lon="-121.9950788"><ele>65</ele><time>2026-07-19T16:45:12.368124Z</time></trkpt>
  <trkpt lat="37.4130172" lon="-121.9950798"><ele>65</ele><time>2026-07-19T16:45:12.468423Z</time></trkpt>
  <trkpt lat="37.4130206" lon="-121.9950803"><ele>66</ele><time>2026-07-19T16:45:12.569406Z</time></trkpt>
  <trkpt lat="37.4130241" lon="-121.9950805"><ele>66</ele><time>2026-07-19T16:45:12.669752Z</time></trkpt>
  <trkpt lat="37.4130278" lon="-121.9950804"><ele>66</ele><time>2026-07-19T16:45:12.770600Z</time></trkpt>
  <trkpt lat="37.4130318" lon="-121.9950800"><ele>66</ele><time>2026-07-19T16:45:12.870806Z</time></trkpt>
  <trkpt lat="37.4130358" lon="-121.9950793"><ele>66</ele><time>2026-07-19T16:45:12.971627Z</time></trkpt>
  <trkpt lat="37.4130400" lon="-121.9950782"><ele>66</ele><time>2026-07-19T16:45:13.072751Z</time></trkpt>
  <trkpt lat="37.4130441" lon="-121.9950765"><ele>66</ele><time>2026-07-19T16:45:13.172193Z</time></trkpt>
  <trkpt lat="37.4130484" lon="-121.9950741"><ele>66</ele><time>2026-07-19T16:45:13.273002Z</time></trkpt>
  <trkpt lat="37.4130528" lon="-121.9950713"><ele>66</ele><time>2026-07-19T16:45:13.373387Z</time></trkpt>
  <trkpt lat="37.4130572" lon="-121.9950681"><ele>66</ele><time>2026-07-19T16:45:13.453627Z</time></trkpt>
  <trkpt lat="37.4130617" lon="-121.9950642"><ele>66</ele><time>2026-07-19T16:45:13.573935Z</time></trkpt>
  <trkpt lat="37.4130662" lon="-121.9950598"><ele>66</ele><time>2026-07-19T16:45:13.654293Z</time></trkpt>
  <trkpt lat="37.4130708" lon="-121.9950550"><ele>66</ele><time>2026-07-19T16:45:13.755269Z</time></trkpt>
  <trkpt lat="37.4130753" lon="-121.9950497"><ele>66</ele><time>2026-07-19T16:45:13.855329Z</time></trkpt>
  <trkpt lat="37.4130799" lon="-121.9950440"><ele>66</ele><time>2026-07-19T16:45:13.956467Z</time></trkpt>
  <trkpt lat="37.4130844" lon="-121.9950380"><ele>66</ele><time>2026-07-19T16:45:14.058049Z</time></trkpt>
  <trkpt lat="37.4130889" lon="-121.9950317"><ele>66</ele><time>2026-07-19T16:45:14.158557Z</time></trkpt>
  <trkpt lat="37.4130889" lon="-121.9950317"><ele>66</ele><time>2026-07-19T16:45:14.209852Z</time></trkpt>
  <trkpt lat="37.4130933" lon="-121.9950252"><ele>66</ele><time>2026-07-19T16:45:14.259581Z</time></trkpt>
  <trkpt lat="37.4130976" lon="-121.9950185"><ele>66</ele><time>2026-07-19T16:45:14.360527Z</time></trkpt>
  <trkpt lat="37.4131018" lon="-121.9950116"><ele>66</ele><time>2026-07-19T16:45:14.461243Z</time></trkpt>
  <trkpt lat="37.4131060" lon="-121.9950049"><ele>66</ele><time>2026-07-19T16:45:14.562522Z</time></trkpt>
  <trkpt lat="37.4131103" lon="-121.9949980"><ele>66</ele><time>2026-07-19T16:45:14.662842Z</time></trkpt>
  <trkpt lat="37.4131145" lon="-121.9949913"><ele>66</ele><time>2026-07-19T16:45:14.763402Z</time></trkpt>
  <trkpt lat="37.4131186" lon="-121.9949845"><ele>66</ele><time>2026-07-19T16:45:14.864170Z</time></trkpt>
  <trkpt lat="37.4131225" lon="-121.9949779"><ele>66</ele><time>2026-07-19T16:45:14.964261Z</time></trkpt>
  <trkpt lat="37.4131265" lon="-121.9949714"><ele>66</ele><time>2026-07-19T16:45:15.064345Z</time></trkpt>
  <trkpt lat="37.4131304" lon="-121.9949650"><ele>66</ele><time>2026-07-19T16:45:15.165549Z</time></trkpt>
  <trkpt lat="37.4131341" lon="-121.9949588"><ele>67</ele><time>2026-07-19T16:45:15.266457Z</time></trkpt>
  <trkpt lat="37.4131375" lon="-121.9949531"><ele>67</ele><time>2026-07-19T16:45:15.366258Z</time></trkpt>
  <trkpt lat="37.4131408" lon="-121.9949477"><ele>67</ele><time>2026-07-19T16:45:15.466613Z</time></trkpt>
  <trkpt lat="37.4131441" lon="-121.9949428"><ele>67</ele><time>2026-07-19T16:45:15.566851Z</time></trkpt>
  <trkpt lat="37.4131475" lon="-121.9949380"><ele>67</ele><time>2026-07-19T16:45:15.667397Z</time></trkpt>
  <trkpt lat="37.4131508" lon="-121.9949337"><ele>68</ele><time>2026-07-19T16:45:15.768100Z</time></trkpt>
  <trkpt lat="37.4131541" lon="-121.9949298"><ele>68</ele><time>2026-07-19T16:45:15.868546Z</time></trkpt>
  <trkpt lat="37.4131569" lon="-121.9949265"><ele>68</ele><time>2026-07-19T16:45:15.969025Z</time></trkpt>
  <trkpt lat="37.4131598" lon="-121.9949237"><ele>68</ele><time>2026-07-19T16:45:16.069632Z</time></trkpt>
  <trkpt lat="37.4131627" lon="-121.9949215"><ele>69</ele><time>2026-07-19T16:45:16.169835Z</time></trkpt>
  <trkpt lat="37.4131657" lon="-121.9949200"><ele>69</ele><time>2026-07-19T16:45:16.270445Z</time></trkpt>
  <trkpt lat="37.4131688" lon="-121.9949192"><ele>69</ele><time>2026-07-19T16:45:16.371093Z</time></trkpt>
  <trkpt lat="37.4131688" lon="-121.9949192"><ele>69</ele><time>2026-07-19T16:45:16.372115Z</time></trkpt>
  <trkpt lat="37.4131722" lon="-121.9949187"><ele>69</ele><time>2026-07-19T16:45:16.451104Z</time></trkpt>
  <trkpt lat="37.4131759" lon="-121.9949186"><ele>69</ele><time>2026-07-19T16:45:16.571690Z</time></trkpt>
  <trkpt lat="37.4131795" lon="-121.9949188"><ele>69</ele><time>2026-07-19T16:45:16.652089Z</time></trkpt>
  <trkpt lat="37.4131831" lon="-121.9949201"><ele>69</ele><time>2026-07-19T16:45:16.752806Z</time></trkpt>
  <trkpt lat="37.4131868" lon="-121.9949220"><ele>69</ele><time>2026-07-19T16:45:16.853312Z</time></trkpt>
  <trkpt lat="37.4131906" lon="-121.9949245"><ele>69</ele><time>2026-07-19T16:45:16.954327Z</time></trkpt>
  <trkpt lat="37.4131944" lon="-121.9949274"><ele>69</ele><time>2026-07-19T16:45:17.054984Z</time></trkpt>
  <trkpt lat="37.4131981" lon="-121.9949309"><ele>69</ele><time>2026-07-19T16:45:17.156292Z</time></trkpt>
  <trkpt lat="37.4132016" lon="-121.9949353"><ele>69</ele><time>2026-07-19T16:45:17.256227Z</time></trkpt>
  <trkpt lat="37.4132046" lon="-121.9949405"><ele>70</ele><time>2026-07-19T16:45:17.356702Z</time></trkpt>
  <trkpt lat="37.4132078" lon="-121.9949459"><ele>70</ele><time>2026-07-19T16:45:17.457357Z</time></trkpt>
  <trkpt lat="37.4132111" lon="-121.9949517"><ele>70</ele><time>2026-07-19T16:45:17.558434Z</time></trkpt>
  <trkpt lat="37.4132139" lon="-121.9949587"><ele>70</ele><time>2026-07-19T16:45:17.658873Z</time></trkpt>
  <trkpt lat="37.4132164" lon="-121.9949661"><ele>70</ele><time>2026-07-19T16:45:17.759550Z</time></trkpt>
  <trkpt lat="37.4132189" lon="-121.9949734"><ele>70</ele><time>2026-07-19T16:45:17.859890Z</time></trkpt>
  <trkpt lat="37.4132210" lon="-121.9949812"><ele>70</ele><time>2026-07-19T16:45:17.960380Z</time></trkpt>
  <trkpt lat="37.4132226" lon="-121.9949890"><ele>71</ele><time>2026-07-19T16:45:18.060923Z</time></trkpt>
  <trkpt lat="37.4132240" lon="-121.9949969"><ele>71</ele><time>2026-07-19T16:45:18.161193Z</time></trkpt>
  <trkpt lat="37.4132253" lon="-121.9950047"><ele>71</ele><time>2026-07-19T16:45:18.261770Z</time></trkpt>
  <trkpt lat="37.4132263" lon="-121.9950125"><ele>72</ele><time>2026-07-19T16:45:18.362536Z</time></trkpt>
  <trkpt lat="37.4132268" lon="-121.9950199"><ele>72</ele><time>2026-07-19T16:45:18.463271Z</time></trkpt>
  <trkpt lat="37.4132268" lon="-121.9950199"><ele>72</ele><time>2026-07-19T16:45:18.530232Z</time></trkpt>
  <trkpt lat="37.4132271" lon="-121.9950270"><ele>72</ele><time>2026-07-19T16:45:18.563460Z</time></trkpt>
  <trkpt lat="37.4132272" lon="-121.9950339"><ele>73</ele><time>2026-07-19T16:45:18.663828Z</time></trkpt>
  <trkpt lat="37.4132268" lon="-121.9950403"><ele>73</ele><time>2026-07-19T16:45:18.764667Z</time></trkpt>
  <trkpt lat="37.4132260" lon="-121.9950461"><ele>74</ele><time>2026-07-19T16:45:18.865136Z</time></trkpt>
  <trkpt lat="37.4132248" lon="-121.9950518"><ele>75</ele><time>2026-07-19T16:45:18.965577Z</time></trkpt>
  <trkpt lat="37.4132232" lon="-121.9950572"><ele>75</ele><time>2026-07-19T16:45:19.066831Z</time></trkpt>
  <trkpt lat="37.4132214" lon="-121.9950624"><ele>76</ele><time>2026-07-19T16:45:19.147570Z</time></trkpt>
  <trkpt lat="37.4132191" lon="-121.9950674"><ele>76</ele><time>2026-07-19T16:45:19.249303Z</time></trkpt>
  <trkpt lat="37.4132163" lon="-121.9950724"><ele>77</ele><time>2026-07-19T16:45:19.350702Z</time></trkpt>
  <trkpt lat="37.4132133" lon="-121.9950776"><ele>77</ele><time>2026-07-19T16:45:19.450714Z</time></trkpt>
  <trkpt lat="37.4132097" lon="-121.9950827"><ele>78</ele><time>2026-07-19T16:45:19.550950Z</time></trkpt>
  <trkpt lat="37.4132055" lon="-121.9950878"><ele>78</ele><time>2026-07-19T16:45:19.651921Z</time></trkpt>
  <trkpt lat="37.4132007" lon="-121.9950929"><ele>79</ele><time>2026-07-19T16:45:19.752788Z</time></trkpt>
  <trkpt lat="37.4131955" lon="-121.9950983"><ele>79</ele><time>2026-07-19T16:45:19.852948Z</time></trkpt>
  <trkpt lat="37.4131898" lon="-121.9951036"><ele>79</ele><time>2026-07-19T16:45:19.953415Z</time></trkpt>
  <trkpt lat="37.4131832" lon="-121.9951087"><ele>79</ele><time>2026-07-19T16:45:20.053677Z</time></trkpt>
  <trkpt lat="37.4131759" lon="-121.9951139"><ele>80</ele><time>2026-07-19T16:45:20.153916Z</time></trkpt>
  <trkpt lat="37.4131680" lon="-121.9951188"><ele>80</ele><time>2026-07-19T16:45:20.254306Z</time></trkpt>
  <trkpt lat="37.4131591" lon="-121.9951234"><ele>80</ele><time>2026-07-19T16:45:20.355305Z</time></trkpt>
  <trkpt lat="37.4131493" lon="-121.9951274"><ele>79</ele><time>2026-07-19T16:45:20.455852Z</time></trkpt>
  <trkpt lat="37.4131391" lon="-121.9951298"><ele>79</ele><time>2026-07-19T16:45:20.556565Z</time></trkpt>
  <trkpt lat="37.4131287" lon="-121.9951314"><ele>79</ele><time>2026-07-19T16:45:20.657123Z</time></trkpt>
  <trkpt lat="37.4131287" lon="-121.9951314"><ele>79</ele><time>2026-07-19T16:45:20.694458Z</time></trkpt>
  <trkpt lat="37.4131179" lon="-121.9951320"><ele>78</ele><time>2026-07-19T16:45:20.757359Z</time></trkpt>
  <trkpt lat="37.4131065" lon="-121.9951311"><ele>78</ele><time>2026-07-19T16:45:20.858757Z</time></trkpt>
  <trkpt lat="37.4130946" lon="-121.9951296"><ele>77</ele><time>2026-07-19T16:45:20.959625Z</time></trkpt>
  <trkpt lat="37.4130823" lon="-121.9951277"><ele>76</ele><time>2026-07-19T16:45:21.060377Z</time></trkpt>
  <trkpt lat="37.4130695" lon="-121.9951252"><ele>76</ele><time>2026-07-19T16:45:21.160661Z</time></trkpt>
  <trkpt lat="37.4130560" lon="-121.9951216"><ele>75</ele><time>2026-07-19T16:45:21.260966Z</time></trkpt>
  <trkpt lat="37.4130418" lon="-121.9951174"><ele>75</ele><time>2026-07-19T16:45:21.361956Z</time></trkpt>
  <trkpt lat="37.4130272" lon="-121.9951133"><ele>74</ele><time>2026-07-19T16:45:21.463189Z</time></trkpt>
  <trkpt lat="37.4130121" lon="-121.9951095"><ele>73</ele><time>2026-07-19T16:45:21.562975Z</time></trkpt>
  <trkpt lat="37.4129964" lon="-121.9951058"><ele>73</ele><time>2026-07-19T16:45:21.663223Z</time></trkpt>
  <trkpt lat="37.4129804" lon="-121.9951023"><ele>73</ele><time>2026-07-19T16:45:21.763671Z</time></trkpt>
  <trkpt lat="37.4129644" lon="-121.9950993"><ele>73</ele><time>2026-07-19T16:45:21.844249Z</time></trkpt>
  <trkpt lat="37.4129482" lon="-121.9950967"><ele>73</ele><time>2026-07-19T16:45:21.944737Z</time></trkpt>
  <trkpt lat="37.4129315" lon="-121.9950945"><ele>73</ele><time>2026-07-19T16:45:22.045375Z</time></trkpt>
  <trkpt lat="37.4129146" lon="-121.9950927"><ele>73</ele><time>2026-07-19T16:45:22.146105Z</time></trkpt>
  <trkpt lat="37.4128974" lon="-121.9950912"><ele>73</ele><time>2026-07-19T16:45:22.246776Z</time></trkpt>
  <trkpt lat="37.4128801" lon="-121.9950897"><ele>73</ele><time>2026-07-19T16:45:22.347831Z</time></trkpt>
  <trkpt lat="37.4128627" lon="-121.9950883"><ele>73</ele><time>2026-07-19T16:45:22.448254Z</time></trkpt>
  <trkpt lat="37.4128453" lon="-121.9950871"><ele>73</ele><time>2026-07-19T16:45:22.548769Z</time></trkpt>
  <trkpt lat="37.4128280" lon="-121.9950860"><ele>73</ele><time>2026-07-19T16:45:22.649513Z</time></trkpt>
  <trkpt lat="37.4128107" lon="-121.9950850"><ele>73</ele><time>2026-07-19T16:45:22.750711Z</time></trkpt>
  <trkpt lat="37.4128107" lon="-121.9950850"><ele>73</ele><time>2026-07-19T16:45:22.843675Z</time></trkpt>
  <trkpt lat="37.4127933" lon="-121.9950840"><ele>73</ele><time>2026-07-19T16:45:22.850932Z</time></trkpt>
  <trkpt lat="37.4127757" lon="-121.9950832"><ele>73</ele><time>2026-07-19T16:45:22.951608Z</time></trkpt>
  <trkpt lat="37.4127579" lon="-121.9950826"><ele>73</ele><time>2026-07-19T16:45:23.052618Z</time></trkpt>
  <trkpt lat="37.4127400" lon="-121.9950822"><ele>73</ele><time>2026-07-19T16:45:23.153042Z</time></trkpt>
  <trkpt lat="37.4127224" lon="-121.9950824"><ele>73</ele><time>2026-07-19T16:45:23.253304Z</time></trkpt>
  <trkpt lat="37.4127052" lon="-121.9950832"><ele>73</ele><time>2026-07-19T16:45:23.354008Z</time></trkpt>
  <trkpt lat="37.4126892" lon="-121.9950835"><ele>74</ele><time>2026-07-19T16:45:23.454791Z</time></trkpt>
  <trkpt lat="37.4126740" lon="-121.9950845"><ele>74</ele><time>2026-07-19T16:45:23.554863Z</time></trkpt>
  <trkpt lat="37.4126593" lon="-121.9950857"><ele>75</ele><time>2026-07-19T16:45:23.655406Z</time></trkpt>
  <trkpt lat="37.4126461" lon="-121.9950856"><ele>76</ele><time>2026-07-19T16:45:23.755853Z</time></trkpt>
  <trkpt lat="37.4126339" lon="-121.9950842"><ele>77</ele><time>2026-07-19T16:45:23.856152Z</time></trkpt>
  <trkpt lat="37.4126226" lon="-121.9950819"><ele>78</ele><time>2026-07-19T16:45:23.956726Z</time></trkpt>
  <trkpt lat="37.4126122" lon="-121.9950782"><ele>79</ele><time>2026-07-19T16:45:24.058255Z</time></trkpt>
  <trkpt lat="37.4126044" lon="-121.9950735"><ele>80</ele><time>2026-07-19T16:45:24.159181Z</time></trkpt>
  <trkpt lat="37.4125998" lon="-121.9950685"><ele>81</ele><time>2026-07-19T16:45:24.259263Z</time></trkpt>
  <trkpt lat="37.4125970" lon="-121.9950632"><ele>82</ele><time>2026-07-19T16:45:24.360502Z</time></trkpt>
  <trkpt lat="37.4125966" lon="-121.9950579"><ele>83</ele><time>2026-07-19T16:45:24.440761Z</time></trkpt>
  <trkpt lat="37.4125986" lon="-121.9950521"><ele>84</ele><time>2026-07-19T16:45:24.561270Z</time></trkpt>
  <trkpt lat="37.4126027" lon="-121.9950464"><ele>85</ele><time>2026-07-19T16:45:24.641837Z</time></trkpt>
  <trkpt lat="37.4126082" lon="-121.9950413"><ele>86</ele><time>2026-07-19T16:45:24.742458Z</time></trkpt>
  <trkpt lat="37.4126155" lon="-121.9950372"><ele>87</ele><time>2026-07-19T16:45:24.843240Z</time></trkpt>
  <trkpt lat="37.4126238" lon="-121.9950335"><ele>88</ele><time>2026-07-19T16:45:24.944090Z</time></trkpt>
  <trkpt lat="37.4126238" lon="-121.9950335"><ele>88</ele><time>2026-07-19T16:45:24.999578Z</time></trkpt>
  <trkpt lat="37.4126328" lon="-121.9950304"><ele>88</ele><time>2026-07-19T16:45:25.044601Z</time></trkpt>
  <trkpt lat="37.4126425" lon="-121.9950279"><ele>89</ele><time>2026-07-19T16:45:25.144839Z</time></trkpt>
  <trkpt lat="37.4126516" lon="-121.9950243"><ele>89</ele><time>2026-07-19T16:45:25.245955Z</time></trkpt>
  <trkpt lat="37.4126613" lon="-121.9950193"><ele>89</ele><time>2026-07-19T16:45:25.347191Z</time></trkpt>
  <trkpt lat="37.4126708" lon="-121.9950118"><ele>90</ele><time>2026-07-19T16:45:25.448230Z</time></trkpt>
  <trkpt lat="37.4126801" lon="-121.9950021"><ele>89</ele><time>2026-07-19T16:45:25.549023Z</time></trkpt>
  <trkpt lat="37.4126892" lon="-121.9949910"><ele>89</ele><time>2026-07-19T16:45:25.648743Z</time></trkpt>
  <trkpt lat="37.4126971" lon="-121.9949786"><ele>88</ele><time>2026-07-19T16:45:25.749432Z</time></trkpt>
  <trkpt lat="37.4127054" lon="-121.9949657"><ele>88</ele><time>2026-07-19T16:45:25.849816Z</time></trkpt>
  <trkpt lat="37.4127144" lon="-121.9949528"><ele>87</ele><time>2026-07-19T16:45:25.950390Z</time></trkpt>
  <trkpt lat="37.4127232" lon="-121.9949396"><ele>87</ele><time>2026-07-19T16:45:26.050536Z</time></trkpt>
  <trkpt lat="37.4127319" lon="-121.9949241"><ele>86</ele><time>2026-07-19T16:45:26.152189Z</time></trkpt>
  <trkpt lat="37.4127419" lon="-121.9949086"><ele>86</ele><time>2026-07-19T16:45:26.253072Z</time></trkpt>
  <trkpt lat="37.4127523" lon="-121.9948940"><ele>85</ele><time>2026-07-19T16:45:26.354057Z</time></trkpt>
  <trkpt lat="37.4127626" lon="-121.9948810"><ele>85</ele><time>2026-07-19T16:45:26.454393Z</time></trkpt>
  <trkpt lat="37.4127741" lon="-121.9948693"><ele>86</ele><time>2026-07-19T16:45:26.555032Z</time></trkpt>
  <trkpt lat="37.4127861" lon="-121.9948573"><ele>86</ele><time>2026-07-19T16:45:26.655190Z</time></trkpt>
  <trkpt lat="37.4127988" lon="-121.9948469"><ele>87</ele><time>2026-07-19T16:45:26.755988Z</time></trkpt>
  <trkpt lat="37.4128118" lon="-121.9948402"><ele>87</ele><time>2026-07-19T16:45:26.856398Z</time></trkpt>
  <trkpt lat="37.4128252" lon="-121.9948365"><ele>88</ele><time>2026-07-19T16:45:26.956744Z</time></trkpt>
  <trkpt lat="37.4128390" lon="-121.9948327"><ele>88</ele><time>2026-07-19T16:45:27.037278Z</time></trkpt>
  <trkpt lat="37.4128530" lon="-121.9948266"><ele>88</ele><time>2026-07-19T16:45:27.137576Z</time></trkpt>
  <trkpt lat="37.4128530" lon="-121.9948266"><ele>88</ele><time>2026-07-19T16:45:27.155422Z</time></trkpt>
  <trkpt lat="37.4128657" lon="-121.9948191"><ele>89</ele><time>2026-07-19T16:45:27.238138Z</time></trkpt>
  <trkpt lat="37.4128786" lon="-121.9948126"><ele>89</ele><time>2026-07-19T16:45:27.338282Z</time></trkpt>
  <trkpt lat="37.4128913" lon="-121.9948095"><ele>89</ele><time>2026-07-19T16:45:27.438417Z</time></trkpt>
  <trkpt lat="37.4129039" lon="-121.9948100"><ele>90</ele><time>2026-07-19T16:45:27.539317Z</time></trkpt>
  <trkpt lat="37.4129172" lon="-121.9948105"><ele>90</ele><time>2026-07-19T16:45:27.640322Z</time></trkpt>
  <trkpt lat="37.4129311" lon="-121.9948110"><ele>90</ele><time>2026-07-19T16:45:27.741136Z</time></trkpt>
  <trkpt lat="37.4129447" lon="-121.9948138"><ele>90</ele><time>2026-07-19T16:45:27.841815Z</time></trkpt>
  <trkpt lat="37.4129562" lon="-121.9948203"><ele>91</ele><time>2026-07-19T16:45:27.942849Z</time></trkpt>
  <trkpt lat="37.4129664" lon="-121.9948296"><ele>91</ele><time>2026-07-19T16:45:28.043336Z</time></trkpt>
  <trkpt lat="37.4129764" lon="-121.9948400"><ele>91</ele><time>2026-07-19T16:45:28.144268Z</time></trkpt>
  <trkpt lat="37.4129880" lon="-121.9948469"><ele>91</ele><time>2026-07-19T16:45:28.245017Z</time></trkpt>
  <trkpt lat="37.4129995" lon="-121.9948540"><ele>90</ele><time>2026-07-19T16:45:28.345751Z</time></trkpt>
  <trkpt lat="37.4130090" lon="-121.9948621"><ele>90</ele><time>2026-07-19T16:45:28.446851Z</time></trkpt>
  <trkpt lat="37.4130160" lon="-121.9948739"><ele>91</ele><time>2026-07-19T16:45:28.547934Z</time></trkpt>
  <trkpt lat="37.4130236" lon="-121.9948867"><ele>90</ele><time>2026-07-19T16:45:28.649071Z</time></trkpt>
  <trkpt lat="37.4130323" lon="-121.9948973"><ele>90</ele><time>2026-07-19T16:45:28.749960Z</time></trkpt>
  <trkpt lat="37.4130411" lon="-121.9949073"><ele>89</ele><time>2026-07-19T16:45:28.850981Z</time></trkpt>
  <trkpt lat="37.4130485" lon="-121.9949180"><ele>89</ele><time>2026-07-19T16:45:28.951594Z</time></trkpt>
  <trkpt lat="37.4130527" lon="-121.9949312"><ele>88</ele><time>2026-07-19T16:45:29.052387Z</time></trkpt>
  <trkpt lat="37.4130532" lon="-121.9949478"><ele>88</ele><time>2026-07-19T16:45:29.153120Z</time></trkpt>
  <trkpt lat="37.4130538" lon="-121.9949654"><ele>87</ele><time>2026-07-19T16:45:29.253767Z</time></trkpt>
  <trkpt lat="37.4130538" lon="-121.9949654"><ele>87</ele><time>2026-07-19T16:45:29.310307Z</time></trkpt>
  <trkpt lat="37.4130570" lon="-121.9949823"><ele>86</ele><time>2026-07-19T16:45:29.354481Z</time></trkpt>
  <trkpt lat="37.4130616" lon="-121.9949988"><ele>85</ele><time>2026-07-19T16:45:29.454917Z</time></trkpt>
  <trkpt lat="37.4130675" lon="-121.9950151"><ele>84</ele><time>2026-07-19T16:45:29.535325Z</time></trkpt>
  <trkpt lat="37.4130745" lon="-121.9950315"><ele>83</ele><time>2026-07-19T16:45:29.635460Z</time></trkpt>
  <trkpt lat="37.4130822" lon="-121.9950482"><ele>83</ele><time>2026-07-19T16:45:29.735917Z</time></trkpt>
  <trkpt lat="37.4130903" lon="-121.9950646"><ele>82</ele><time>2026-07-19T16:45:29.836268Z</time></trkpt>
  <trkpt lat="37.4130978" lon="-121.9950804"><ele>82</ele><time>2026-07-19T16:45:29.938022Z</time></trkpt>
  <trkpt lat="37.4131044" lon="-121.9950965"><ele>81</ele><time>2026-07-19T16:45:30.038469Z</time></trkpt>
  <trkpt lat="37.4131101" lon="-121.9951139"><ele>80</ele><time>2026-07-19T16:45:30.139645Z</time></trkpt>
  <trkpt lat="37.4131155" lon="-121.9951321"><ele>80</ele><time>2026-07-19T16:45:30.240380Z</time></trkpt>
  <trkpt lat="37.4131205" lon="-121.9951511"><ele>79</ele><time>2026-07-19T16:45:30.341457Z</time></trkpt>
  <trkpt lat="37.4131235" lon="-121.9951713"><ele>79</ele><time>2026-07-19T16:45:30.442149Z</time></trkpt>
  <trkpt lat="37.4131246" lon="-121.9951927"><ele>79</ele><time>2026-07-19T16:45:30.542857Z</time></trkpt>
  <trkpt lat="37.4131227" lon="-121.9952131"><ele>78</ele><time>2026-07-19T16:45:30.643815Z</time></trkpt>
  <trkpt lat="37.4131189" lon="-121.9952331"><ele>78</ele><time>2026-07-19T16:45:30.744328Z</time></trkpt>
  <trkpt lat="37.4131150" lon="-121.9952529"><ele>77</ele><time>2026-07-19T16:45:30.844380Z</time></trkpt>
  <trkpt lat="37.4131106" lon="-121.9952722"><ele>76</ele><time>2026-07-19T16:45:30.945490Z</time></trkpt>
  <trkpt lat="37.4131061" lon="-121.9952913"><ele>75</ele><time>2026-07-19T16:45:31.046070Z</time></trkpt>
  <trkpt lat="37.4131011" lon="-121.9953099"><ele>73</ele><time>2026-07-19T16:45:31.146305Z</time></trkpt>
  <trkpt lat="37.4130964" lon="-121.9953285"><ele>72</ele><time>2026-07-19T16:45:31.246990Z</time></trkpt>
  <trkpt lat="37.4130910" lon="-121.9953464"><ele>70</ele><time>2026-07-19T16:45:31.347630Z</time></trkpt>
  <trkpt lat="37.4130852" lon="-121.9953641"><ele>69</ele><time>2026-07-19T16:45:31.448950Z</time></trkpt>
  <trkpt lat="37.4130852" lon="-121.9953641"><ele>69</ele><time>2026-07-19T16:45:31.456113Z</time></trkpt>
  <trkpt lat="37.4130791" lon="-121.9953816"><ele>67</ele><time>2026-07-19T16:45:31.549191Z</time></trkpt>
  <trkpt lat="37.4130731" lon="-121.9953989"><ele>66</ele><time>2026-07-19T16:45:31.650091Z</time></trkpt>
  <trkpt lat="37.4130670" lon="-121.9954158"><ele>64</ele><time>2026-07-19T16:45:31.749937Z</time></trkpt>
  <trkpt lat="37.4130614" lon="-121.9954323"><ele>62</ele><time>2026-07-19T16:45:31.830584Z</time></trkpt>
  <trkpt lat="37.4130584" lon="-121.9954487"><ele>60</ele><time>2026-07-19T16:45:31.931515Z</time></trkpt>
  <trkpt lat="37.4130610" lon="-121.9954650"><ele>59</ele><time>2026-07-19T16:45:32.032041Z</time></trkpt>
  <trkpt lat="37.4130672" lon="-121.9954794"><ele>58</ele><time>2026-07-19T16:45:32.132513Z</time></trkpt>
  <trkpt lat="37.4130771" lon="-121.9954913"><ele>57</ele><time>2026-07-19T16:45:32.232983Z</time></trkpt>
  <trkpt lat="37.4130900" lon="-121.9954999"><ele>57</ele><time>2026-07-19T16:45:32.333812Z</time></trkpt>
  <trkpt lat="37.4131059" lon="-121.9955051"><ele>56</ele><time>2026-07-19T16:45:32.434255Z</time></trkpt>
  <trkpt lat="37.4131223" lon="-121.9955067"><ele>56</ele><time>2026-07-19T16:45:32.535147Z</time></trkpt>
  <trkpt lat="37.4131389" lon="-121.9955055"><ele>57</ele><time>2026-07-19T16:45:32.635717Z</time></trkpt>
  <trkpt lat="37.4131551" lon="-121.9955021"><ele>57</ele><time>2026-07-19T16:45:32.736278Z</time></trkpt>
  <trkpt lat="37.4131696" lon="-121.9954964"><ele>57</ele><time>2026-07-19T16:45:32.836720Z</time></trkpt>
  <trkpt lat="37.4131837" lon="-121.9954898"><ele>58</ele><time>2026-07-19T16:45:32.937151Z</time></trkpt>
  <trkpt lat="37.4131974" lon="-121.9954831"><ele>58</ele><time>2026-07-19T16:45:33.038104Z</time></trkpt>
  <trkpt lat="37.4132109" lon="-121.9954763"><ele>58</ele><time>2026-07-19T16:45:33.138064Z</time></trkpt>
  <trkpt lat="37.4132245" lon="-121.9954693"><ele>58</ele><time>2026-07-19T16:45:33.238621Z</time></trkpt>
  <trkpt lat="37.4132378" lon="-121.9954620"><ele>58</ele><time>2026-07-19T16:45:33.339660Z</time></trkpt>
  <trkpt lat="37.4132506" lon="-121.9954536"><ele>59</ele><time>2026-07-19T16:45:33.439566Z</time></trkpt>
  <trkpt lat="37.4132623" lon="-121.9954437"><ele>59</ele><time>2026-07-19T16:45:33.539671Z</time></trkpt>
  <trkpt lat="37.4132623" lon="-121.9954437"><ele>59</ele><time>2026-07-19T16:45:33.617826Z</time></trkpt>
  <trkpt lat="37.4132730" lon="-121.9954322"><ele>59</ele><time>2026-07-19T16:45:33.640306Z</time></trkpt>
  <trkpt lat="37.4132830" lon="-121.9954196"><ele>60</ele><time>2026-07-19T16:45:33.741519Z</time></trkpt>
  <trkpt lat="37.4132923" lon="-121.9954065"><ele>60</ele><time>2026-07-19T16:45:33.842507Z</time></trkpt>
  <trkpt lat="37.4133013" lon="-121.9953928"><ele>60</ele><time>2026-07-19T16:45:33.942815Z</time></trkpt>
  <trkpt lat="37.4133096" lon="-121.9953786"><ele>60</ele><time>2026-07-19T16:45:34.043475Z</time></trkpt>
  <trkpt lat="37.4133180" lon="-121.9953643"><ele>61</ele><time>2026-07-19T16:45:34.145324Z</time></trkpt>
  <trkpt lat="37.4133259" lon="-121.9953496"><ele>61</ele><time>2026-07-19T16:45:34.244793Z</time></trkpt>
  <trkpt lat="37.4133335" lon="-121.9953345"><ele>61</ele><time>2026-07-19T16:45:34.344968Z</time></trkpt>
  <trkpt lat="37.4133408" lon="-121.9953192"><ele>61</ele><time>2026-07-19T16:45:34.445282Z</time></trkpt>
  <trkpt lat="37.4133478" lon="-121.9953035"><ele>61</ele><time>2026-07-19T16:45:34.545435Z</time></trkpt>
  <trkpt lat="37.4133546" lon="-121.9952875"><ele>61</ele><time>2026-07-19T16:45:34.645872Z</time></trkpt>
  <trkpt lat="37.4133607" lon="-121.9952710"><ele>60</ele><time>2026-07-19T16:45:34.746194Z</time></trkpt>
  <trkpt lat="37.4133665" lon="-121.9952541"><ele>60</ele><time>2026-07-19T16:45:34.846766Z</time></trkpt>
  <trkpt lat="37.4133716" lon="-121.9952368"><ele>60</ele><time>2026-07-19T16:45:34.946972Z</time></trkpt>
  <trkpt lat="37.4133767" lon="-121.9952195"><ele>60</ele><time>2026-07-19T16:45:35.047557Z</time></trkpt>
  <trkpt lat="37.4133819" lon="-121.9952027"><ele>60</ele><time>2026-07-19T16:45:35.148098Z</time></trkpt>
  <trkpt lat="37.4133871" lon="-121.9951862"><ele>60</ele><time>2026-07-19T16:45:35.228399Z</time></trkpt>
  <trkpt lat="37.4133926" lon="-121.9951697"><ele>61</ele><time>2026-07-19T16:45:35.349242Z</time></trkpt>
  <trkpt lat="37.4133981" lon="-121.9951530"><ele>61</ele><time>2026-07-19T16:45:35.429396Z</time></trkpt>
  <trkpt lat="37.4134037" lon="-121.9951366"><ele>61</ele><time>2026-07-19T16:45:35.530091Z</time></trkpt>
  <trkpt lat="37.4134094" lon="-121.9951206"><ele>61</ele><time>2026-07-19T16:45:35.631054Z</time></trkpt>
  <trkpt lat="37.4134150" lon="-121.9951047"><ele>62</ele><time>2026-07-19T16:45:35.732633Z</time></trkpt>
  <trkpt lat="37.4134150" lon="-121.9951047"><ele>62</ele><time>2026-07-19T16:45:35.773681Z</time></trkpt>
  <trkpt lat="37.4134206" lon="-121.9950889"><ele>62</ele><time>2026-07-19T16:45:35.833501Z</time></trkpt>
  <trkpt lat="37.4134259" lon="-121.9950729"><ele>62</ele><time>2026-07-19T16:45:35.934395Z</time></trkpt>
  <trkpt lat="37.4134308" lon="-121.9950568"><ele>62</ele><time>2026-07-19T16:45:36.035006Z</time></trkpt>
  <trkpt lat="37.4134355" lon="-121.9950407"><ele>62</ele><time>2026-07-19T16:45:36.135430Z</time></trkpt>
  <trkpt lat="37.4134401" lon="-121.9950246"><ele>63</ele><time>2026-07-19T16:45:36.236055Z</time></trkpt>
  <trkpt lat="37.4134443" lon="-121.9950084"><ele>63</ele><time>2026-07-19T16:45:36.337098Z</time></trkpt>
  <trkpt lat="37.4134481" lon="-121.9949919"><ele>63</ele><time>2026-07-19T16:45:36.438608Z</time></trkpt>
  <trkpt lat="37.4134516" lon="-121.9949755"><ele>63</ele><time>2026-07-19T16:45:36.538744Z</time></trkpt>
  <trkpt lat="37.4134549" lon="-121.9949591"><ele>63</ele><time>2026-07-19T16:45:36.639076Z</time></trkpt>
  <trkpt lat="37.4134580" lon="-121.9949426"><ele>63</ele><time>2026-07-19T16:45:36.739163Z</time></trkpt>
  <trkpt lat="37.4134608" lon="-121.9949260"><ele>63</ele><time>2026-07-19T16:45:36.839979Z</time></trkpt>
  <trkpt lat="37.4134632" lon="-121.9949091"><ele>63</ele><time>2026-07-19T16:45:36.941229Z</time></trkpt>
  <trkpt lat="37.4134654" lon="-121.9948923"><ele>63</ele><time>2026-07-19T16:45:37.041224Z</time></trkpt>
  <trkpt lat="37.4134673" lon="-121.9948755"><ele>63</ele><time>2026-07-19T16:45:37.141800Z</time></trkpt>
  <trkpt lat="37.4134689" lon="-121.9948588"><ele>63</ele><time>2026-07-19T16:45:37.241913Z</time></trkpt>
  <trkpt lat="37.4134703" lon="-121.9948419"><ele>63</ele><time>2026-07-19T16:45:37.342827Z</time></trkpt>
  <trkpt lat="37.4134715" lon="-121.9948249"><ele>63</ele><time>2026-07-19T16:45:37.443897Z</time></trkpt>
  <trkpt lat="37.4134722" lon="-121.9948076"><ele>62</ele><time>2026-07-19T16:45:37.543944Z</time></trkpt>
  <trkpt lat="37.4134726" lon="-121.9947903"><ele>62</ele><time>2026-07-19T16:45:37.644328Z</time></trkpt>
  <trkpt lat="37.4134725" lon="-121.9947728"><ele>62</ele><time>2026-07-19T16:45:37.725101Z</time></trkpt>
  <trkpt lat="37.4134720" lon="-121.9947551"><ele>61</ele><time>2026-07-19T16:45:37.826452Z</time></trkpt>
  <trkpt lat="37.4134707" lon="-121.9947372"><ele>61</ele><time>2026-07-19T16:45:37.927470Z</time></trkpt>
  <trkpt lat="37.4134707" lon="-121.9947372"><ele>61</ele><time>2026-07-19T16:45:37.928483Z</time></trkpt>
  <trkpt lat="37.4134685" lon="-121.9947192"><ele>61</ele><time>2026-07-19T16:45:38.027646Z</time></trkpt>
  <trkpt lat="37.4134656" lon="-121.9947009"><ele>61</ele><time>2026-07-19T16:45:38.128186Z</time></trkpt>
  <trkpt lat="37.4134620" lon="-121.9946826"><ele>60</ele><time>2026-07-19T16:45:38.228651Z</time></trkpt>
  <trkpt lat="37.4134580" lon="-121.9946642"><ele>60</ele><time>2026-07-19T16:45:38.329756Z</time></trkpt>
  <trkpt lat="37.4134535" lon="-121.9946459"><ele>60</ele><time>2026-07-19T16:45:38.430033Z</time></trkpt>
  <trkpt lat="37.4134486" lon="-121.9946276"><ele>59</ele><time>2026-07-19T16:45:38.531254Z</time></trkpt>
  <trkpt lat="37.4134431" lon="-121.9946094"><ele>59</ele><time>2026-07-19T16:45:38.631719Z</time></trkpt>
  <trkpt lat="37.4134372" lon="-121.9945912"><ele>59</ele><time>2026-07-19T16:45:38.732221Z</time></trkpt>
  <trkpt lat="37.4134311" lon="-121.9945731"><ele>58</ele><time>2026-07-19T16:45:38.832885Z</time></trkpt>
  <trkpt lat="37.4134249" lon="-121.9945551"><ele>58</ele><time>2026-07-19T16:45:38.933460Z</time></trkpt>
  <trkpt lat="37.4134187" lon="-121.9945371"><ele>57</ele><time>2026-07-19T16:45:39.033232Z</time></trkpt>
  <trkpt lat="37.4134124" lon="-121.9945190"><ele>57</ele><time>2026-07-19T16:45:39.133852Z</time></trkpt>
  <trkpt lat="37.4134061" lon="-121.9945006"><ele>56</ele><time>2026-07-19T16:45:39.234305Z</time></trkpt>
  <trkpt lat="37.4133998" lon="-121.9944821"><ele>56</ele><time>2026-07-19T16:45:39.335116Z</time></trkpt>
  <trkpt lat="37.4133936" lon="-121.9944634"><ele>55</ele><time>2026-07-19T16:45:39.435528Z</time></trkpt>
  <trkpt lat="37.4133875" lon="-121.9944445"><ele>55</ele><time>2026-07-19T16:45:39.535564Z</time></trkpt>
  <trkpt lat="37.4133816" lon="-121.9944253"><ele>54</ele><time>2026-07-19T16:45:39.636358Z</time></trkpt>
  <trkpt lat="37.4133757" lon="-121.9944059"><ele>54</ele><time>2026-07-19T16:45:39.737040Z</time></trkpt>
  <trkpt lat="37.4133700" lon="-121.9943864"><ele>53</ele><time>2026-07-19T16:45:39.837974Z</time></trkpt>
  <trkpt lat="37.4133644" lon="-121.9943667"><ele>53</ele><time>2026-07-19T16:45:39.938135Z</time></trkpt>
  <trkpt lat="37.4133588" lon="-121.9943470"><ele>53</ele><time>2026-07-19T16:45:40.038689Z</time></trkpt>
  <trkpt lat="37.4133588" lon="-121.9943470"><ele>53</ele><time>2026-07-19T16:45:40.090312Z</time></trkpt>
  <trkpt lat="37.4133531" lon="-121.9943274"><ele>53</ele><time>2026-07-19T16:45:40.138826Z</time></trkpt>
  <trkpt lat="37.4133474" lon="-121.9943080"><ele>52</ele><time>2026-07-19T16:45:40.239674Z</time></trkpt>
  <trkpt lat="37.4133416" lon="-121.9942888"><ele>52</ele><time>2026-07-19T16:45:40.340395Z</time></trkpt>
  <trkpt lat="37.4133357" lon="-121.9942696"><ele>51</ele><time>2026-07-19T16:45:40.440575Z</time></trkpt>
  <trkpt lat="37.4133294" lon="-121.9942506"><ele>51</ele><time>2026-07-19T16:45:40.541277Z</time></trkpt>
  <trkpt lat="37.4133228" lon="-121.9942315"><ele>50</ele><time>2026-07-19T16:45:40.641534Z</time></trkpt>
  <trkpt lat="37.4133158" lon="-121.9942126"><ele>50</ele><time>2026-07-19T16:45:40.722089Z</time></trkpt>
  <trkpt lat="37.4133083" lon="-121.9941937"><ele>49</ele><time>2026-07-19T16:45:40.822386Z</time></trkpt>
  <trkpt lat="37.4133005" lon="-121.9941748"><ele>49</ele><time>2026-07-19T16:45:40.923648Z</time></trkpt>
  <trkpt lat="37.4132920" lon="-121.9941560"><ele>48</ele><time>2026-07-19T16:45:41.023686Z</time></trkpt>
  <trkpt lat="37.4132828" lon="-121.9941373"><ele>48</ele><time>2026-07-19T16:45:41.124060Z</time></trkpt>
  <trkpt lat="37.4132731" lon="-121.9941189"><ele>48</ele><time>2026-07-19T16:45:41.224433Z</time></trkpt>
  <trkpt lat="37.4132630" lon="-121.9941008"><ele>47</ele><time>2026-07-19T16:45:41.325202Z</time></trkpt>
  <trkpt lat="37.4132524" lon="-121.9940829"><ele>47</ele><time>2026-07-19T16:45:41.425725Z</time></trkpt>
  <trkpt lat="37.4132415" lon="-121.9940655"><ele>47</ele><time>2026-07-19T16:45:41.526616Z</time></trkpt>
  <trkpt lat="37.4132303" lon="-121.9940483"><ele>47</ele><time>2026-07-19T16:45:41.626940Z</time></trkpt>
  <trkpt lat="37.4132187" lon="-121.9940315"><ele>46</ele><time>2026-07-19T16:45:41.728146Z</time></trkpt>
  <trkpt lat="37.4132069" lon="-121.9940150"><ele>46</ele><time>2026-07-19T16:45:41.828239Z</time></trkpt>
  <trkpt lat="37.4131949" lon="-121.9939988"><ele>46</ele><time>2026-07-19T16:45:41.928662Z</time></trkpt>
  <trkpt lat="37.4131826" lon="-121.9939830"><ele>45</ele><time>2026-07-19T16:45:42.029223Z</time></trkpt>
  <trkpt lat="37.4131700" lon="-121.9939676"><ele>45</ele><time>2026-07-19T16:45:42.129614Z</time></trkpt>
  <trkpt lat="37.4131574" lon="-121.9939528"><ele>45</ele><time>2026-07-19T16:45:42.230030Z</time></trkpt>
  <trkpt lat="37.4131574" lon="-121.9939528"><ele>45</ele><time>2026-07-19T16:45:42.249821Z</time></trkpt>
  <trkpt lat="37.4131443" lon="-121.9939385"><ele>44</ele><time>2026-07-19T16:45:42.330574Z</time></trkpt>
  <trkpt lat="37.4131306" lon="-121.9939244"><ele>44</ele><time>2026-07-19T16:45:42.431494Z</time></trkpt>
  <trkpt lat="37.4131165" lon="-121.9939109"><ele>43</ele><time>2026-07-19T16:45:42.532658Z</time></trkpt>
  <trkpt lat="37.4131021" lon="-121.9938978"><ele>43</ele><time>2026-07-19T16:45:42.633499Z</time></trkpt>
  <trkpt lat="37.4130870" lon="-121.9938850"><ele>43</ele><time>2026-07-19T16:45:42.734396Z</time></trkpt>
  <trkpt lat="37.4130716" lon="-121.9938728"><ele>42</ele><time>2026-07-19T16:45:42.834742Z</time></trkpt>
  <trkpt lat="37.4130559" lon="-121.9938611"><ele>42</ele><time>2026-07-19T16:45:42.936217Z</time></trkpt>
  <trkpt lat="37.4130400" lon="-121.9938496"><ele>42</ele><time>2026-07-19T16:45:43.037646Z</time></trkpt>
  <trkpt lat="37.4130238" lon="-121.9938386"><ele>41</ele><time>2026-07-19T16:45:43.137513Z</time></trkpt>
  <trkpt lat="37.4130073" lon="-121.9938283"><ele>41</ele><time>2026-07-19T16:45:43.237792Z</time></trkpt>
  <trkpt lat="37.4129905" lon="-121.9938188"><ele>40</ele><time>2026-07-19T16:45:43.338671Z</time></trkpt>
  <trkpt lat="37.4129733" lon="-121.9938103"><ele>40</ele><time>2026-07-19T16:45:43.419363Z</time></trkpt>
  <trkpt lat="37.4129560" lon="-121.9938028"><ele>39</ele><time>2026-07-19T16:45:43.519667Z</time></trkpt>
  <trkpt lat="37.4129385" lon="-121.9937958"><ele>39</ele><time>2026-07-19T16:45:43.620383Z</time></trkpt>
  <trkpt lat="37.4129209" lon="-121.9937894"><ele>38</ele><time>2026-07-19T16:45:43.720982Z</time></trkpt>
  <trkpt lat="37.4129031" lon="-121.9937837"><ele>38</ele><time>2026-07-19T16:45:43.821452Z</time></trkpt>
  <trkpt lat="37.4128853" lon="-121.9937787"><ele>37</ele><time>2026-07-19T16:45:43.922042Z</time></trkpt>
  <trkpt lat="37.4128671" lon="-121.9937744"><ele>36</ele><time>2026-07-19T16:45:44.022365Z</time></trkpt>
  <trkpt lat="37.4128489" lon="-121.9937706"><ele>36</ele><time>2026-07-19T16:45:44.122811Z</time></trkpt>
  <trkpt lat="37.4128307" lon="-121.9937672"><ele>35</ele><time>2026-07-19T16:45:44.223039Z</time></trkpt>
  <trkpt lat="37.4128123" lon="-121.9937647"><ele>34</ele><time>2026-07-19T16:45:44.323821Z</time></trkpt>
  <trkpt lat="37.4128123" lon="-121.9937647"><ele>34</ele><time>2026-07-19T16:45:44.415881Z</time></trkpt>
  <trkpt lat="37.4127938" lon="-121.9937632"><ele>33</ele><time>2026-07-19T16:45:44.424992Z</time></trkpt>
  <trkpt lat="37.4127751" lon="-121.9937630"><ele>32</ele><time>2026-07-19T16:45:44.524228Z</time></trkpt>
  <trkpt lat="37.4127560" lon="-121.9937645"><ele>32</ele><time>2026-07-19T16:45:44.624790Z</time></trkpt>
  <trkpt lat="37.4127368" lon="-121.9937674"><ele>31</ele><time>2026-07-19T16:45:44.726216Z</time></trkpt>
  <trkpt lat="37.4127176" lon="-121.9937715"><ele>30</ele><time>2026-07-19T16:45:44.827458Z</time></trkpt>
  <trkpt lat="37.4126986" lon="-121.9937764"><ele>30</ele><time>2026-07-19T16:45:44.928101Z</time></trkpt>
  <trkpt lat="37.4126800" lon="-121.9937823"><ele>29</ele><time>2026-07-19T16:45:45.028451Z</time></trkpt>
  <trkpt lat="37.4126615" lon="-121.9937894"><ele>29</ele><time>2026-07-19T16:45:45.129053Z</time></trkpt>
  <trkpt lat="37.4126436" lon="-121.9937971"><ele>29</ele><time>2026-07-19T16:45:45.229915Z</time></trkpt>
  <trkpt lat="37.4126256" lon="-121.9938054"><ele>29</ele><time>2026-07-19T16:45:45.331012Z</time></trkpt>
  <trkpt lat="37.4126079" lon="-121.9938140"><ele>28</ele><time>2026-07-19T16:45:45.431794Z</time></trkpt>
  <trkpt lat="37.4125905" lon="-121.9938228"><ele>28</ele><time>2026-07-19T16:45:45.532460Z</time></trkpt>
  <trkpt lat="37.4125732" lon="-121.9938318"><ele>27</ele><time>2026-07-19T16:45:45.633360Z</time></trkpt>
  <trkpt lat="37.4125560" lon="-121.9938410"><ele>27</ele><time>2026-07-19T16:45:45.733938Z</time></trkpt>
  <trkpt lat="37.4125390" lon="-121.9938506"><ele>26</ele><time>2026-07-19T16:45:45.834974Z</time></trkpt>
  <trkpt lat="37.4125222" lon="-121.9938601"><ele>26</ele><time>2026-07-19T16:45:45.935646Z</time></trkpt>
  <trkpt lat="37.4125055" lon="-121.9938698"><ele>25</ele><time>2026-07-19T16:45:46.036874Z</time></trkpt>
  <trkpt lat="37.4124892" lon="-121.9938804"><ele>25</ele><time>2026-07-19T16:45:46.117636Z</time></trkpt>
  <trkpt lat="37.4124732" lon="-121.9938918"><ele>24</ele><time>2026-07-19T16:45:46.218108Z</time></trkpt>
  <trkpt lat="37.4124576" lon="-121.9939035"><ele>24</ele><time>2026-07-19T16:45:46.318677Z</time></trkpt>
  <trkpt lat="37.4124423" lon="-121.9939155"><ele>23</ele><time>2026-07-19T16:45:46.418881Z</time></trkpt>
  <trkpt lat="37.4124272" lon="-121.9939278"><ele>23</ele><time>2026-07-19T16:45:46.519021Z</time></trkpt>
  <trkpt lat="37.4124272" lon="-121.9939278"><ele>23</ele><time>2026-07-19T16:45:46.580186Z</time></trkpt>
  <trkpt lat="37.4124125" lon="-121.9939403"><ele>22</ele><time>2026-07-19T16:45:46.619980Z</time></trkpt>
  <trkpt lat="37.4123984" lon="-121.9939533"><ele>21</ele><time>2026-07-19T16:45:46.720867Z</time></trkpt>
  <trkpt lat="37.4123844" lon="-121.9939671"><ele>21</ele><time>2026-07-19T16:45:46.821106Z</time></trkpt>
  <trkpt lat="37.4123705" lon="-121.9939813"><ele>20</ele><time>2026-07-19T16:45:46.921714Z</time></trkpt>
  <trkpt lat="37.4123569" lon="-121.9939956"><ele>20</ele><time>2026-07-19T16:45:47.021942Z</time></trkpt>
  <trkpt lat="37.4123439" lon="-121.9940103"><ele>19</ele><time>2026-07-19T16:45:47.122547Z</time></trkpt>
  <trkpt lat="37.4123313" lon="-121.9940254"><ele>19</ele><time>2026-07-19T16:45:47.222863Z</time></trkpt>
  <trkpt lat="37.4123188" lon="-121.9940410"><ele>18</ele><time>2026-07-19T16:45:47.323635Z</time></trkpt>
  <trkpt lat="37.4123065" lon="-121.9940568"><ele>18</ele><time>2026-07-19T16:45:47.423867Z</time></trkpt>
  <trkpt lat="37.4122947" lon="-121.9940726"><ele>17</ele><time>2026-07-19T16:45:47.524577Z</time></trkpt>
  <trkpt lat="37.4122831" lon="-121.9940884"><ele>17</ele><time>2026-07-19T16:45:47.624815Z</time></trkpt>
  <trkpt lat="37.4122718" lon="-121.9941042"><ele>16</ele><time>2026-07-19T16:45:47.725028Z</time></trkpt>
  <trkpt lat="37.4122604" lon="-121.9941198"><ele>16</ele><time>2026-07-19T16:45:47.825488Z</time></trkpt>
  <trkpt lat="37.4122488" lon="-121.9941353"><ele>15</ele><time>2026-07-19T16:45:47.926658Z</time></trkpt>
  <trkpt lat="37.4122373" lon="-121.9941507"><ele>15</ele><time>2026-07-19T16:45:48.027376Z</time></trkpt>
  <trkpt lat="37.4122255" lon="-121.9941657"><ele>14</ele><time>2026-07-19T16:45:48.127767Z</time></trkpt>
  <trkpt lat="37.4122133" lon="-121.9941805"><ele>14</ele><time>2026-07-19T16:45:48.228038Z</time></trkpt>
  <trkpt lat="37.4122006" lon="-121.9941950"><ele>13</ele><time>2026-07-19T16:45:48.328390Z</time></trkpt>
  <trkpt lat="37.4121873" lon="-121.9942087"><ele>12</ele><time>2026-07-19T16:45:48.428869Z</time></trkpt>
  <trkpt lat="37.4121734" lon="-121.9942215"><ele>12</ele><time>2026-07-19T16:45:48.530429Z</time></trkpt>
  <trkpt lat="37.4121588" lon="-121.9942341"><ele>11</ele><time>2026-07-19T16:45:48.631516Z</time></trkpt>
  <trkpt lat="37.4121435" lon="-121.9942461"><ele>11</ele><time>2026-07-19T16:45:48.731164Z</time></trkpt>
  <trkpt lat="37.4121435" lon="-121.9942461"><ele>11</ele><time>2026-07-19T16:45:48.740642Z</time></trkpt>
  <trkpt lat="37.4121279" lon="-121.9942574"><ele>11</ele><time>2026-07-19T16:45:48.832020Z</time></trkpt>
  <trkpt lat="37.4121120" lon="-121.9942678"><ele>11</ele><time>2026-07-19T16:45:48.932531Z</time></trkpt>
  <trkpt lat="37.4120962" lon="-121.9942772"><ele>11</ele><time>2026-07-19T16:45:49.013429Z</time></trkpt>
  <trkpt lat="37.4120804" lon="-121.9942859"><ele>11</ele><time>2026-07-19T16:45:49.113624Z</time></trkpt>
  <trkpt lat="37.4120650" lon="-121.9942940"><ele>12</ele><time>2026-07-19T16:45:49.214388Z</time></trkpt>
  <trkpt lat="37.4120500" lon="-121.9943023"><ele>12</ele><time>2026-07-19T16:45:49.314987Z</time></trkpt>
  <trkpt lat="37.4120355" lon="-121.9943106"><ele>12</ele><time>2026-07-19T16:45:49.415260Z</time></trkpt>
  <trkpt lat="37.4120213" lon="-121.9943186"><ele>12</ele><time>2026-07-19T16:45:49.516185Z</time></trkpt>
  <trkpt lat="37.4120075" lon="-121.9943264"><ele>13</ele><time>2026-07-19T16:45:49.617777Z</time></trkpt>
  <trkpt lat="37.4119942" lon="-121.9943342"><ele>13</ele><time>2026-07-19T16:45:49.718578Z</time></trkpt>
  <trkpt lat="37.4119812" lon="-121.9943418"><ele>13</ele><time>2026-07-19T16:45:49.820052Z</time></trkpt>
  <trkpt lat="37.4119688" lon="-121.9943493"><ele>13</ele><time>2026-07-19T16:45:49.921186Z</time></trkpt>
  <trkpt lat="37.4119569" lon="-121.9943569"><ele>14</ele><time>2026-07-19T16:45:50.021635Z</time></trkpt>
  <trkpt lat="37.4119456" lon="-121.9943643"><ele>14</ele><time>2026-07-19T16:45:50.122125Z</time></trkpt>
  <trkpt lat="37.4119347" lon="-121.9943718"><ele>14</ele><time>2026-07-19T16:45:50.223611Z</time></trkpt>
  <trkpt lat="37.4119243" lon="-121.9943793"><ele>15</ele><time>2026-07-19T16:45:50.324495Z</time></trkpt>
  <trkpt lat="37.4119144" lon="-121.9943867"><ele>15</ele><time>2026-07-19T16:45:50.424839Z</time></trkpt>
  <trkpt lat="37.4119050" lon="-121.9943941"><ele>15</ele><time>2026-07-19T16:45:50.525094Z</time></trkpt>
  <trkpt lat="37.4118962" lon="-121.9944015"><ele>15</ele><time>2026-07-19T16:45:50.625700Z</time></trkpt>
  <trkpt lat="37.4118878" lon="-121.9944089"><ele>15</ele><time>2026-07-19T16:45:50.726266Z</time></trkpt>
  <trkpt lat="37.4118799" lon="-121.9944163"><ele>16</ele><time>2026-07-19T16:45:50.827310Z</time></trkpt>
  <trkpt lat="37.4118799" lon="-121.9944163"><ele>16</ele><time>2026-07-19T16:45:50.899187Z</time></trkpt>
  <trkpt lat="37.4118725" lon="-121.9944239"><ele>16</ele><time>2026-07-19T16:45:50.927913Z</time></trkpt>
  <trkpt lat="37.4118654" lon="-121.9944316"><ele>16</ele><time>2026-07-19T16:45:51.029408Z</time></trkpt>
  <trkpt lat="37.4118586" lon="-121.9944394"><ele>16</ele><time>2026-07-19T16:45:51.129602Z</time></trkpt>
  <trkpt lat="37.4118521" lon="-121.9944474"><ele>16</ele><time>2026-07-19T16:45:51.209714Z</time></trkpt>
  <trkpt lat="37.4118458" lon="-121.9944557"><ele>16</ele><time>2026-07-19T16:45:51.310969Z</time></trkpt>
  <trkpt lat="37.4118398" lon="-121.9944643"><ele>16</ele><time>2026-07-19T16:45:51.411394Z</time></trkpt>
  <trkpt lat="37.4118340" lon="-121.9944733"><ele>15</ele><time>2026-07-19T16:45:51.511857Z</time></trkpt>
  <trkpt lat="37.4118284" lon="-121.9944827"><ele>15</ele><time>2026-07-19T16:45:51.612119Z</time></trkpt>
  <trkpt lat="37.4118229" lon="-121.9944924"><ele>15</ele><time>2026-07-19T16:45:51.713158Z</time></trkpt>
  <trkpt lat="37.4118177" lon="-121.9945025"><ele>15</ele><time>2026-07-19T16:45:51.813486Z</time></trkpt>
  <trkpt lat="37.4118131" lon="-121.9945131"><ele>15</ele><time>2026-07-19T16:45:51.913512Z</time></trkpt>
  <trkpt lat="37.4118089" lon="-121.9945242"><ele>14</ele><time>2026-07-19T16:45:52.014270Z</time></trkpt>
  <trkpt lat="37.4118047" lon="-121.9945359"><ele>14</ele><time>2026-07-19T16:45:52.115693Z</time></trkpt>
  <trkpt lat="37.4118008" lon="-121.9945476"><ele>14</ele><time>2026-07-19T16:45:52.216446Z</time></trkpt>
  <trkpt lat="37.4117976" lon="-121.9945595"><ele>13</ele><time>2026-07-19T16:45:52.316950Z</time></trkpt>
  <trkpt lat="37.4117955" lon="-121.9945718"><ele>13</ele><time>2026-07-19T16:45:52.417681Z</time></trkpt>
  <trkpt lat="37.4117940" lon="-121.9945846"><ele>13</ele><time>2026-07-19T16:45:52.518502Z</time></trkpt>
  <trkpt lat="37.4117932" lon="-121.9945975"><ele>12</ele><time>2026-07-19T16:45:52.618920Z</time></trkpt>
  <trkpt lat="37.4117931" lon="-121.9946104"><ele>12</ele><time>2026-07-19T16:45:52.719790Z</time></trkpt>
  <trkpt lat="37.4117936" lon="-121.9946234"><ele>12</ele><time>2026-07-19T16:45:52.819997Z</time></trkpt>
  <trkpt lat="37.4117949" lon="-121.9946363"><ele>12</ele><time>2026-07-19T16:45:52.920426Z</time></trkpt>
  <trkpt lat="37.4117964" lon="-121.9946489"><ele>12</ele><time>2026-07-19T16:45:53.021334Z</time></trkpt>
  <trkpt lat="37.4117964" lon="-121.9946489"><ele>12</ele><time>2026-07-19T16:45:53.062851Z</time></trkpt>
  <trkpt lat="37.4117984" lon="-121.9946616"><ele>12</ele><time>2026-07-19T16:45:53.123029Z</time></trkpt>
  <trkpt lat="37.4118009" lon="-121.9946740"><ele>11</ele><time>2026-07-19T16:45:53.222657Z</time></trkpt>
  <trkpt lat="37.4118038" lon="-121.9946862"><ele>11</ele><time>2026-07-19T16:45:53.323033Z</time></trkpt>
  <trkpt lat="37.4118069" lon="-121.9946982"><ele>11</ele><time>2026-07-19T16:45:53.424264Z</time></trkpt>
  <trkpt lat="37.4118103" lon="-121.9947103"><ele>11</ele><time>2026-07-19T16:45:53.524403Z</time></trkpt>
  <trkpt lat="37.4118139" lon="-121.9947224"><ele>11</ele><time>2026-07-19T16:45:53.624693Z</time></trkpt>
  <trkpt lat="37.4118178" lon="-121.9947342"><ele>11</ele><time>2026-07-19T16:45:53.724943Z</time></trkpt>
  <trkpt lat="37.4118219" lon="-121.9947458"><ele>11</ele><time>2026-07-19T16:45:53.825594Z</time></trkpt>
  <trkpt lat="37.4118262" lon="-121.9947573"><ele>11</ele><time>2026-07-19T16:45:53.926164Z</time></trkpt>
  <trkpt lat="37.4118308" lon="-121.9947688"><ele>11</ele><time>2026-07-19T16:45:54.026411Z</time></trkpt>
  <trkpt lat="37.4118356" lon="-121.9947798"><ele>11</ele><time>2026-07-19T16:45:54.107361Z</time></trkpt>
  <trkpt lat="37.4118406" lon="-121.9947907"><ele>11</ele><time>2026-07-19T16:45:54.207944Z</time></trkpt>
  <trkpt lat="37.4118459" lon="-121.9948014"><ele>11</ele><time>2026-07-19T16:45:54.308719Z</time></trkpt>
  <trkpt lat="37.4118515" lon="-121.9948117"><ele>11</ele><time>2026-07-19T16:45:54.409033Z</time></trkpt>
  <trkpt lat="37.4118571" lon="-121.9948218"><ele>11</ele><time>2026-07-19T16:45:54.509881Z</time></trkpt>
  <trkpt lat="37.4118630" lon="-121.9948319"><ele>11</ele><time>2026-07-19T16:45:54.611011Z</time></trkpt>
  <trkpt lat="37.4118690" lon="-121.9948415"><ele>11</ele><time>2026-07-19T16:45:54.712304Z</time></trkpt>
  <trkpt lat="37.4118752" lon="-121.9948508"><ele>11</ele><time>2026-07-19T16:45:54.811908Z</time></trkpt>
  <trkpt lat="37.4118816" lon="-121.9948599"><ele>11</ele><time>2026-07-19T16:45:54.911966Z</time></trkpt>
  <trkpt lat="37.4118884" lon="-121.9948688"><ele>11</ele><time>2026-07-19T16:45:55.012400Z</time></trkpt>
  <trkpt lat="37.4118951" lon="-121.9948776"><ele>11</ele><time>2026-07-19T16:45:55.112968Z</time></trkpt>
  <trkpt lat="37.4119020" lon="-121.9948861"><ele>11</ele><time>2026-07-19T16:45:55.213247Z</time></trkpt>
  <trkpt lat="37.4119020" lon="-121.9948861"><ele>11</ele><time>2026-07-19T16:45:55.226441Z</time></trkpt>
  <trkpt lat="37.4119090" lon="-121.9948941"><ele>11</ele><time>2026-07-19T16:45:55.313429Z</time></trkpt>
  <trkpt lat="37.4119162" lon="-121.9949017"><ele>11</ele><time>2026-07-19T16:45:55.414472Z</time></trkpt>
  <trkpt lat="37.4119236" lon="-121.9949090"><ele>11</ele><time>2026-07-19T16:45:55.514562Z</time></trkpt>
  <trkpt lat="37.4119312" lon="-121.9949159"><ele>11</ele><time>2026-07-19T16:45:55.614961Z</time></trkpt>
  <trkpt lat="37.4119389" lon="-121.9949224"><ele>11</ele><time>2026-07-19T16:45:55.716386Z</time></trkpt>
  <trkpt lat="37.4119469" lon="-121.9949286"><ele>11</ele><time>2026-07-19T16:45:55.817273Z</time></trkpt>
  <trkpt lat="37.4119550" lon="-121.9949344"><ele>11</ele><time>2026-07-19T16:45:55.917721Z</time></trkpt>
  <trkpt lat="37.4119634" lon="-121.9949398"><ele>11</ele><time>2026-07-19T16:45:56.017824Z</time></trkpt>
  <trkpt lat="37.4119721" lon="-121.9949447"><ele>11</ele><time>2026-07-19T16:45:56.118523Z</time></trkpt>
  <trkpt lat="37.4119809" lon="-121.9949486"><ele>11</ele><time>2026-07-19T16:45:56.219239Z</time></trkpt>
  <trkpt lat="37.4119899" lon="-121.9949517"><ele>11</ele><time>2026-07-19T16:45:56.319444Z</time></trkpt>
  <trkpt lat="37.4119990" lon="-121.9949543"><ele>11</ele><time>2026-07-19T16:45:56.419712Z</time></trkpt>
  <trkpt lat="37.4120081" lon="-121.9949563"><ele>11</ele><time>2026-07-19T16:45:56.520322Z</time></trkpt>
  <trkpt lat="37.4120173" lon="-121.9949577"><ele>11</ele><time>2026-07-19T16:45:56.621557Z</time></trkpt>
  <trkpt lat="37.4120265" lon="-121.9949583"><ele>11</ele><time>2026-07-19T16:45:56.721565Z</time></trkpt>
  <trkpt lat="37.4120359" lon="-121.9949583"><ele>11</ele><time>2026-07-19T16:45:56.821928Z</time></trkpt>
  <trkpt lat="37.4120452" lon="-121.9949578"><ele>11</ele><time>2026-07-19T16:45:56.922393Z</time></trkpt>
  <trkpt lat="37.4120544" lon="-121.9949565"><ele>11</ele><time>2026-07-19T16:45:57.003057Z</time></trkpt>
  <trkpt lat="37.4120635" lon="-121.9949548"><ele>11</ele><time>2026-07-19T16:45:57.103489Z</time></trkpt>
  <trkpt lat="37.4120726" lon="-121.9949527"><ele>12</ele><time>2026-07-19T16:45:57.203919Z</time></trkpt>
  <trkpt lat="37.4120815" lon="-121.9949503"><ele>12</ele><time>2026-07-19T16:45:57.304876Z</time></trkpt>
  <trkpt lat="37.4120815" lon="-121.9949503"><ele>12</ele><time>2026-07-19T16:45:57.391181Z</time></trkpt>
  <trkpt lat="37.4120903" lon="-121.9949477"><ele>12</ele><time>2026-07-19T16:45:57.405499Z</time></trkpt>
  <trkpt lat="37.4120987" lon="-121.9949446"><ele>12</ele><time>2026-07-19T16:45:57.505787Z</time></trkpt>
  <trkpt lat="37.4121066" lon="-121.9949411"><ele>13</ele><time>2026-07-19T16:45:57.606450Z</time></trkpt>
  <trkpt lat="37.4121147" lon="-121.9949371"><ele>13</ele><time>2026-07-19T16:45:57.706930Z</time></trkpt>
  <trkpt lat="37.4121227" lon="-121.9949328"><ele>13</ele><time>2026-07-19T16:45:57.807584Z</time></trkpt>
  <trkpt lat="37.4121307" lon="-121.9949284"><ele>13</ele><time>2026-07-19T16:45:57.908477Z</time></trkpt>
  <trkpt lat="37.4121388" lon="-121.9949238"><ele>14</ele><time>2026-07-19T16:45:58.008844Z</time></trkpt>
  <trkpt lat="37.4121468" lon="-121.9949188"><ele>14</ele><time>2026-07-19T16:45:58.109191Z</time></trkpt>
  <trkpt lat="37.4121546" lon="-121.9949135"><ele>14</ele><time>2026-07-19T16:45:58.210681Z</time></trkpt>
  <trkpt lat="37.4121624" lon="-121.9949079"><ele>14</ele><time>2026-07-19T16:45:58.311431Z</time></trkpt>
  <trkpt lat="37.4121700" lon="-121.9949021"><ele>14</ele><time>2026-07-19T16:45:58.411094Z</time></trkpt>
  <trkpt lat="37.4121776" lon="-121.9948962"><ele>14</ele><time>2026-07-19T16:45:58.511527Z</time></trkpt>
  <trkpt lat="37.4121851" lon="-121.9948902"><ele>15</ele><time>2026-07-19T16:45:58.611459Z</time></trkpt>
  <trkpt lat="37.4121926" lon="-121.9948841"><ele>15</ele><time>2026-07-19T16:45:58.712108Z</time></trkpt>
  <trkpt lat="37.4122000" lon="-121.9948778"><ele>15</ele><time>2026-07-19T16:45:58.812552Z</time></trkpt>
  <trkpt lat="37.4122073" lon="-121.9948714"><ele>15</ele><time>2026-07-19T16:45:58.913122Z</time></trkpt>
  <trkpt lat="37.4122144" lon="-121.9948651"><ele>15</ele><time>2026-07-19T16:45:59.014213Z</time></trkpt>
  <trkpt lat="37.4122214" lon="-121.9948589"><ele>15</ele><time>2026-07-19T16:45:59.114762Z</time></trkpt>
  <trkpt lat="37.4122284" lon="-121.9948527"><ele>16</ele><time>2026-07-19T16:45:59.215633Z</time></trkpt>
  <trkpt lat="37.4122353" lon="-121.9948465"><ele>16</ele><time>2026-07-19T16:45:59.316082Z</time></trkpt>
  <trkpt lat="37.4122420" lon="-121.9948404"><ele>16</ele><time>2026-07-19T16:45:59.417170Z</time></trkpt>
  <trkpt lat="37.4122486" lon="-121.9948342"><ele>16</ele><time>2026-07-19T16:45:59.517626Z</time></trkpt>
  <trkpt lat="37.4122486" lon="-121.9948342"><ele>16</ele><time>2026-07-19T16:45:59.552420Z</time></trkpt>
  <trkpt lat="37.4122551" lon="-121.9948279"><ele>17</ele><time>2026-07-19T16:45:59.618076Z</time></trkpt>
  <trkpt lat="37.4122613" lon="-121.9948216"><ele>17</ele><time>2026-07-19T16:45:59.718207Z</time></trkpt>
  <trkpt lat="37.4122675" lon="-121.9948152"><ele>17</ele><time>2026-07-19T16:45:59.818539Z</time></trkpt>
  <trkpt lat="37.4122734" lon="-121.9948087"><ele>17</ele><time>2026-07-19T16:45:59.899554Z</time></trkpt>
  <trkpt lat="37.4122793" lon="-121.9948020"><ele>18</ele><time>2026-07-19T16:46:00.019472Z</time></trkpt>
  <trkpt lat="37.4122851" lon="-121.9947951"><ele>18</ele><time>2026-07-19T16:46:00.099550Z</time></trkpt>
  <trkpt lat="37.4122906" lon="-121.9947881"><ele>18</ele><time>2026-07-19T16:46:00.200391Z</time></trkpt>
  <trkpt lat="37.4122961" lon="-121.9947807"><ele>18</ele><time>2026-07-19T16:46:00.301638Z</time></trkpt>
  <trkpt lat="37.4123014" lon="-121.9947729"><ele>19</ele><time>2026-07-19T16:46:00.401427Z</time></trkpt>
  <trkpt lat="37.4123063" lon="-121.9947649"><ele>19</ele><time>2026-07-19T16:46:00.501878Z</time></trkpt>
  <trkpt lat="37.4123111" lon="-121.9947567"><ele>19</ele><time>2026-07-19T16:46:00.602666Z</time></trkpt>
  <trkpt lat="37.4123160" lon="-121.9947482"><ele>19</ele><time>2026-07-19T16:46:00.703072Z</time></trkpt>
  <trkpt lat="37.4123208" lon="-121.9947395"><ele>19</ele><time>2026-07-19T16:46:00.803574Z</time></trkpt>
  <trkpt lat="37.4123257" lon="-121.9947304"><ele>19</ele><time>2026-07-19T16:46:00.904570Z</time></trkpt>
  <trkpt lat="37.4123302" lon="-121.9947211"><ele>19</ele><time>2026-07-19T16:46:01.005407Z</time></trkpt>
  <trkpt lat="37.4123347" lon="-121.9947115"><ele>19</ele><time>2026-07-19T16:46:01.105427Z</time></trkpt>
  <trkpt lat="37.4123390" lon="-121.9947018"><ele>19</ele><time>2026-07-19T16:46:01.206220Z</time></trkpt>
  <trkpt lat="37.4123431" lon="-121.9946920"><ele>19</ele><time>2026-07-19T16:46:01.306785Z</time></trkpt>
  <trkpt lat="37.4123473" lon="-121.9946823"><ele>19</ele><time>2026-07-19T16:46:01.407092Z</time></trkpt>
  <trkpt lat="37.4123515" lon="-121.9946724"><ele>20</ele><time>2026-07-19T16:46:01.507615Z</time></trkpt>
  <trkpt lat="37.4123557" lon="-121.9946625"><ele>20</ele><time>2026-07-19T16:46:01.608137Z</time></trkpt>
  <trkpt lat="37.4123597" lon="-121.9946527"><ele>20</ele><time>2026-07-19T16:46:01.709265Z</time></trkpt>
  <trkpt lat="37.4123597" lon="-121.9946527"><ele>20</ele><time>2026-07-19T16:46:01.713400Z</time></trkpt>
  <trkpt lat="37.4123637" lon="-121.9946429"><ele>20</ele><time>2026-07-19T16:46:01.809661Z</time></trkpt>
  <trkpt lat="37.4123676" lon="-121.9946330"><ele>20</ele><time>2026-07-19T16:46:01.910398Z</time></trkpt>
  <trkpt lat="37.4123712" lon="-121.9946230"><ele>20</ele><time>2026-07-19T16:46:02.010663Z</time></trkpt>
  <trkpt lat="37.4123747" lon="-121.9946128"><ele>20</ele><time>2026-07-19T16:46:02.110990Z</time></trkpt>
  <trkpt lat="37.4123779" lon="-121.9946024"><ele>20</ele><time>2026-07-19T16:46:02.212527Z</time></trkpt>
  <trkpt lat="37.4123808" lon="-121.9945918"><ele>20</ele><time>2026-07-19T16:46:02.313817Z</time></trkpt>
  <trkpt lat="37.4123835" lon="-121.9945808"><ele>20</ele><time>2026-07-19T16:46:02.413706Z</time></trkpt>
  <trkpt lat="37.4123857" lon="-121.9945695"><ele>20</ele><time>2026-07-19T16:46:02.514000Z</time></trkpt>
  <trkpt lat="37.4123872" lon="-121.9945578"><ele>20</ele><time>2026-07-19T16:46:02.615006Z</time></trkpt>
  <trkpt lat="37.4123882" lon="-121.9945456"><ele>20</ele><time>2026-07-19T16:46:02.715725Z</time></trkpt>
  <trkpt lat="37.4123883" lon="-121.9945331"><ele>20</ele><time>2026-07-19T16:46:02.815808Z</time></trkpt>
  <trkpt lat="37.4123877" lon="-121.9945202"><ele>20</ele><time>2026-07-19T16:46:02.896296Z</time></trkpt>
  <trkpt lat="37.4123864" lon="-121.9945071"><ele>20</ele><time>2026-07-19T16:46:02.996744Z</time></trkpt>
  <trkpt lat="37.4123843" lon="-121.9944940"><ele>20</ele><time>2026-07-19T16:46:03.097421Z</time></trkpt>
  <trkpt lat="37.4123816" lon="-121.9944808"><ele>19</ele><time>2026-07-19T16:46:03.197776Z</time></trkpt>
  <trkpt lat="37.4123782" lon="-121.9944676"><ele>19</ele><time>2026-07-19T16:46:03.298140Z</time></trkpt>
  <trkpt lat="37.4123742" lon="-121.9944544"><ele>19</ele><time>2026-07-19T16:46:03.398199Z</time></trkpt>
  <trkpt lat="37.4123696" lon="-121.9944413"><ele>19</ele><time>2026-07-19T16:46:03.499295Z</time></trkpt>
  <trkpt lat="37.4123643" lon="-121.9944283"><ele>19</ele><time>2026-07-19T16:46:03.600286Z</time></trkpt>
  <trkpt lat="37.4123586" lon="-121.9944153"><ele>19</ele><time>2026-07-19T16:46:03.701161Z</time></trkpt>
  <trkpt lat="37.4123524" lon="-121.9944025"><ele>18</ele><time>2026-07-19T16:46:03.801223Z</time></trkpt>
  <trkpt lat="37.4123524" lon="-121.9944025"><ele>18</ele><time>2026-07-19T16:46:03.878343Z</time></trkpt>
  <trkpt lat="37.4123461" lon="-121.9943899"><ele>18</ele><time>2026-07-19T16:46:03.901595Z</time></trkpt>
  <trkpt lat="37.4123391" lon="-121.9943776"><ele>18</ele><time>2026-07-19T16:46:04.002122Z</time></trkpt>
  <trkpt lat="37.4123312" lon="-121.9943654"><ele>18</ele><time>2026-07-19T16:46:04.102583Z</time></trkpt>
  <trkpt lat="37.4123223" lon="-121.9943539"><ele>17</ele><time>2026-07-19T16:46:04.202988Z</time></trkpt>
  <trkpt lat="37.4123126" lon="-121.9943430"><ele>17</ele><time>2026-07-19T16:46:04.303667Z</time></trkpt>
  <trkpt lat="37.4123027" lon="-121.9943322"><ele>17</ele><time>2026-07-19T16:46:04.403945Z</time></trkpt>
  <trkpt lat="37.4122927" lon="-121.9943216"><ele>17</ele><time>2026-07-19T16:46:04.505112Z</time></trkpt>
  <trkpt lat="37.4122823" lon="-121.9943115"><ele>16</ele><time>2026-07-19T16:46:04.605653Z</time></trkpt>
  <trkpt lat="37.4122714" lon="-121.9943020"><ele>16</ele><time>2026-07-19T16:46:04.706594Z</time></trkpt>
  <trkpt lat="37.4122599" lon="-121.9942933"><ele>16</ele><time>2026-07-19T16:46:04.807448Z</time></trkpt>
  <trkpt lat="37.4122478" lon="-121.9942854"><ele>16</ele><time>2026-07-19T16:46:04.907593Z</time></trkpt>
  <trkpt lat="37.4122350" lon="-121.9942785"><ele>15</ele><time>2026-07-19T16:46:05.008587Z</time></trkpt>
  <trkpt lat="37.4122219" lon="-121.9942724"><ele>15</ele><time>2026-07-19T16:46:05.109922Z</time></trkpt>
  <trkpt lat="37.4122085" lon="-121.9942671"><ele>15</ele><time>2026-07-19T16:46:05.210803Z</time></trkpt>
  <trkpt lat="37.4121948" lon="-121.9942626"><ele>14</ele><time>2026-07-19T16:46:05.311331Z</time></trkpt>
  <trkpt lat="37.4121807" lon="-121.9942589"><ele>14</ele><time>2026-07-19T16:46:05.411598Z</time></trkpt>
  <trkpt lat="37.4121664" lon="-121.9942562"><ele>14</ele><time>2026-07-19T16:46:05.512464Z</time></trkpt>
  <trkpt lat="37.4121520" lon="-121.9942543"><ele>13</ele><time>2026-07-19T16:46:05.612042Z</time></trkpt>
  <trkpt lat="37.4121375" lon="-121.9942530"><ele>13</ele><time>2026-07-19T16:46:05.712270Z</time></trkpt>
  <trkpt lat="37.4121230" lon="-121.9942525"><ele>13</ele><time>2026-07-19T16:46:05.792644Z</time></trkpt>
  <trkpt lat="37.4121084" lon="-121.9942525"><ele>12</ele><time>2026-07-19T16:46:05.912922Z</time></trkpt>
  <trkpt lat="37.4120938" lon="-121.9942532"><ele>12</ele><time>2026-07-19T16:46:05.993303Z</time></trkpt>
  <trkpt lat="37.4120938" lon="-121.9942532"><ele>12</ele><time>2026-07-19T16:46:06.042175Z</time></trkpt>
  <trkpt lat="37.4120793" lon="-121.9942548"><ele>12</ele><time>2026-07-19T16:46:06.114207Z</time></trkpt>
  <trkpt lat="37.4120648" lon="-121.9942572"><ele>12</ele><time>2026-07-19T16:46:06.194502Z</time></trkpt>
  <trkpt lat="37.4120507" lon="-121.9942605"><ele>11</ele><time>2026-07-19T16:46:06.294907Z</time></trkpt>
  <trkpt lat="37.4120367" lon="-121.9942648"><ele>11</ele><time>2026-07-19T16:46:06.395490Z</time></trkpt>
  <trkpt lat="37.4120230" lon="-121.9942697"><ele>11</ele><time>2026-07-19T16:46:06.496311Z</time></trkpt>
  <trkpt lat="37.4120097" lon="-121.9942747"><ele>11</ele><time>2026-07-19T16:46:06.596922Z</time></trkpt>
  <trkpt lat="37.4119968" lon="-121.9942803"><ele>10</ele><time>2026-07-19T16:46:06.697544Z</time></trkpt>
  <trkpt lat="37.4119842" lon="-121.9942865"><ele>10</ele><time>2026-07-19T16:46:06.798783Z</time></trkpt>
  <trkpt lat="37.4119719" lon="-121.9942932"><ele>10</ele><time>2026-07-19T16:46:06.899333Z</time></trkpt>
  <trkpt lat="37.4119599" lon="-121.9943004"><ele>9</ele><time>2026-07-19T16:46:06.999588Z</time></trkpt>
  <trkpt lat="37.4119482" lon="-121.9943082"><ele>9</ele><time>2026-07-19T16:46:07.100051Z</time></trkpt>
  <trkpt lat="37.4119370" lon="-121.9943166"><ele>8</ele><time>2026-07-19T16:46:07.200266Z</time></trkpt>
  <trkpt lat="37.4119262" lon="-121.9943255"><ele>8</ele><time>2026-07-19T16:46:07.301335Z</time></trkpt>
  <trkpt lat="37.4119161" lon="-121.9943352"><ele>8</ele><time>2026-07-19T16:46:07.401240Z</time></trkpt>
  <trkpt lat="37.4119063" lon="-121.9943453"><ele>7</ele><time>2026-07-19T16:46:07.502041Z</time></trkpt>
  <trkpt lat="37.4118966" lon="-121.9943558"><ele>7</ele><time>2026-07-19T16:46:07.602847Z</time></trkpt>
  <trkpt lat="37.4118874" lon="-121.9943664"><ele>7</ele><time>2026-07-19T16:46:07.703245Z</time></trkpt>
  <trkpt lat="37.4118784" lon="-121.9943775"><ele>6</ele><time>2026-07-19T16:46:07.804882Z</time></trkpt>
  <trkpt lat="37.4118698" lon="-121.9943887"><ele>6</ele><time>2026-07-19T16:46:07.905183Z</time></trkpt>
  <trkpt lat="37.4118617" lon="-121.9944001"><ele>6</ele><time>2026-07-19T16:46:08.005700Z</time></trkpt>
  <trkpt lat="37.4118541" lon="-121.9944119"><ele>6</ele><time>2026-07-19T16:46:08.106175Z</time></trkpt>
  <trkpt lat="37.4118541" lon="-121.9944119"><ele>6</ele><time>2026-07-19T16:46:08.206177Z</time></trkpt>
  <trkpt lat="37.4118468" lon="-121.9944241"><ele>5</ele><time>2026-07-19T16:46:08.206686Z</time></trkpt>
  <trkpt lat="37.4118398" lon="-121.9944362"><ele>5</ele><time>2026-07-19T16:46:08.307234Z</time></trkpt>
  <trkpt lat="37.4118333" lon="-121.9944483"><ele>5</ele><time>2026-07-19T16:46:08.407901Z</time></trkpt>
  <trkpt lat="37.4118272" lon="-121.9944604"><ele>4</ele><time>2026-07-19T16:46:08.508241Z</time></trkpt>
  <trkpt lat="37.4118216" lon="-121.9944725"><ele>4</ele><time>2026-07-19T16:46:08.608181Z</time></trkpt>
  <trkpt lat="37.4118163" lon="-121.9944847"><ele>4</ele><time>2026-07-19T16:46:08.709265Z</time></trkpt>
  <trkpt lat="37.4118114" lon="-121.9944970"><ele>3</ele><time>2026-07-19T16:46:08.790452Z</time></trkpt>
  <trkpt lat="37.4118070" lon="-121.9945095"><ele>3</ele><time>2026-07-19T16:46:08.909996Z</time></trkpt>
  <trkpt lat="37.4118032" lon="-121.9945220"><ele>3</ele><time>2026-07-19T16:46:08.990878Z</time></trkpt>
  <trkpt lat="37.4117999" lon="-121.9945344"><ele>3</ele><time>2026-07-19T16:46:09.091268Z</time></trkpt>
  <trkpt lat="37.4117971" lon="-121.9945465"><ele>2</ele><time>2026-07-19T16:46:09.192102Z</time></trkpt>
  <trkpt lat="37.4117948" lon="-121.9945586"><ele>2</ele><time>2026-07-19T16:46:09.292068Z</time></trkpt>
  <trkpt lat="37.4117928" lon="-121.9945706"><ele>2</ele><time>2026-07-19T16:46:09.392426Z</time></trkpt>
  <trkpt lat="37.4117913" lon="-121.9945827"><ele>1</ele><time>2026-07-19T16:46:09.493104Z</time></trkpt>
  <trkpt lat="37.4117901" lon="-121.9945949"><ele>1</ele><time>2026-07-19T16:46:09.593630Z</time></trkpt>
  <trkpt lat="37.4117890" lon="-121.9946070"><ele>1</ele><time>2026-07-19T16:46:09.693914Z</time></trkpt>
  <trkpt lat="37.4117880" lon="-121.9946191"><ele>0</ele><time>2026-07-19T16:46:09.794511Z</time></trkpt>
  <trkpt lat="37.4117872" lon="-121.9946313"><ele>0</ele><time>2026-07-19T16:46:09.895440Z</time></trkpt>
  <trkpt lat="37.4117865" lon="-121.9946435"><ele>0</ele><time>2026-07-19T16:46:09.997257Z</time></trkpt>
  <trkpt lat="37.4117860" lon="-121.9946558"><ele>0</ele><time>2026-07-19T16:46:10.097842Z</time></trkpt>
  <trkpt lat="37.4117856" lon="-121.9946680"><ele>0</ele><time>2026-07-19T16:46:10.199056Z</time></trkpt>
  <trkpt lat="37.4117855" lon="-121.9946801"><ele>0</ele><time>2026-07-19T16:46:10.300119Z</time></trkpt>
  <trkpt lat="37.4117855" lon="-121.9946801"><ele>0</ele><time>2026-07-19T16:46:10.364657Z</time></trkpt>
  <trkpt lat="37.4117858" lon="-121.9946923"><ele>0</ele><time>2026-07-19T16:46:10.400582Z</time></trkpt>
  <trkpt lat="37.4117864" lon="-121.9947044"><ele>0</ele><time>2026-07-19T16:46:10.500920Z</time></trkpt>
  <trkpt lat="37.4117869" lon="-121.9947163"><ele>0</ele><time>2026-07-19T16:46:10.601312Z</time></trkpt>
  <trkpt lat="37.4117875" lon="-121.9947279"><ele>-1</ele><time>2026-07-19T16:46:10.701326Z</time></trkpt>
  <trkpt lat="37.4117881" lon="-121.9947391"><ele>-1</ele><time>2026-07-19T16:46:10.801570Z</time></trkpt>
  <trkpt lat="37.4117890" lon="-121.9947504"><ele>-1</ele><time>2026-07-19T16:46:10.901682Z</time></trkpt>
  <trkpt lat="37.4117900" lon="-121.9947615"><ele>-1</ele><time>2026-07-19T16:46:11.002252Z</time></trkpt>
  <trkpt lat="37.4117909" lon="-121.9947722"><ele>-1</ele><time>2026-07-19T16:46:11.102733Z</time></trkpt>
  <trkpt lat="37.4117922" lon="-121.9947827"><ele>-1</ele><time>2026-07-19T16:46:11.203288Z</time></trkpt>
  <trkpt lat="37.4117935" lon="-121.9947931"><ele>-1</ele><time>2026-07-19T16:46:11.303698Z</time></trkpt>
  <trkpt lat="37.4117948" lon="-121.9948032"><ele>-1</ele><time>2026-07-19T16:46:11.403969Z</time></trkpt>
  <trkpt lat="37.4117963" lon="-121.9948128"><ele>-1</ele><time>2026-07-19T16:46:11.504346Z</time></trkpt>
  <trkpt lat="37.4117978" lon="-121.9948220"><ele>-1</ele><time>2026-07-19T16:46:11.604357Z</time></trkpt>
  <trkpt lat="37.4117995" lon="-121.9948310"><ele>-1</ele><time>2026-07-19T16:46:11.704577Z</time></trkpt>
  <trkpt lat="37.4118014" lon="-121.9948398"><ele>-1</ele><time>2026-07-19T16:46:11.805840Z</time></trkpt>
  <trkpt lat="37.4118036" lon="-121.9948485"><ele>-1</ele><time>2026-07-19T16:46:11.906461Z</time></trkpt>
  <trkpt lat="37.4118061" lon="-121.9948573"><ele>0</ele><time>2026-07-19T16:46:11.986714Z</time></trkpt>
  <trkpt lat="37.4118086" lon="-121.9948659"><ele>0</ele><time>2026-07-19T16:46:12.107080Z</time></trkpt>
  <trkpt lat="37.4118111" lon="-121.9948741"><ele>0</ele><time>2026-07-19T16:46:12.187117Z</time></trkpt>
  <trkpt lat="37.4118140" lon="-121.9948822"><ele>0</ele><time>2026-07-19T16:46:12.287667Z</time></trkpt>
  <trkpt lat="37.4118170" lon="-121.9948901"><ele>0</ele><time>2026-07-19T16:46:12.388476Z</time></trkpt>
  <trkpt lat="37.4118204" lon="-121.9948979"><ele>0</ele><time>2026-07-19T16:46:12.489450Z</time></trkpt>
  <trkpt lat="37.4118204" lon="-121.9948979"><ele>0</ele><time>2026-07-19T16:46:12.531215Z</time></trkpt>
  <trkpt lat="37.4118237" lon="-121.9949056"><ele>0</ele><time>2026-07-19T16:46:12.589077Z</time></trkpt>
  <trkpt lat="37.4118272" lon="-121.9949130"><ele>-1</ele><time>2026-07-19T16:46:12.689480Z</time></trkpt>
  <trkpt lat="37.4118307" lon="-121.9949204"><ele>0</ele><time>2026-07-19T16:46:12.790020Z</time></trkpt>
  <trkpt lat="37.4118345" lon="-121.9949276"><ele>-1</ele><time>2026-07-19T16:46:12.890666Z</time></trkpt>
  <trkpt lat="37.4118386" lon="-121.9949346"><ele>-1</ele><time>2026-07-19T16:46:12.991266Z</time></trkpt>
  <trkpt lat="37.4118429" lon="-121.9949413"><ele>-1</ele><time>2026-07-19T16:46:13.091457Z</time></trkpt>
  <trkpt lat="37.4118472" lon="-121.9949477"><ele>-1</ele><time>2026-07-19T16:46:13.192673Z</time></trkpt>
  <trkpt lat="37.4118519" lon="-121.9949540"><ele>-1</ele><time>2026-07-19T16:46:13.292925Z</time></trkpt>
  <trkpt lat="37.4118567" lon="-121.9949602"><ele>-1</ele><time>2026-07-19T16:46:13.393947Z</time></trkpt>
  <trkpt lat="37.4118612" lon="-121.9949660"><ele>-1</ele><time>2026-07-19T16:46:13.494417Z</time></trkpt>
  <trkpt lat="37.4118658" lon="-121.9949717"><ele>-1</ele><time>2026-07-19T16:46:13.595622Z</time></trkpt>
  <trkpt lat="37.4118704" lon="-121.9949771"><ele>-1</ele><time>2026-07-19T16:46:13.696148Z</time></trkpt>
  <trkpt lat="37.4118752" lon="-121.9949820"><ele>-1</ele><time>2026-07-19T16:46:13.797290Z</time></trkpt>
  <trkpt lat="37.4118802" lon="-121.9949868"><ele>-1</ele><time>2026-07-19T16:46:13.898158Z</time></trkpt>
  <trkpt lat="37.4118851" lon="-121.9949912"><ele>-1</ele><time>2026-07-19T16:46:13.999547Z</time></trkpt>
  <trkpt lat="37.4118901" lon="-121.9949955"><ele>-1</ele><time>2026-07-19T16:46:14.099955Z</time></trkpt>
  <trkpt lat="37.4118951" lon="-121.9949996"><ele>-1</ele><time>2026-07-19T16:46:14.201299Z</time></trkpt>
  <trkpt lat="37.4119002" lon="-121.9950035"><ele>-2</ele><time>2026-07-19T16:46:14.301633Z</time></trkpt>
  <trkpt lat="37.4119050" lon="-121.9950074"><ele>-2</ele><time>2026-07-19T16:46:14.401752Z</time></trkpt>
  <trkpt lat="37.4119097" lon="-121.9950113"><ele>-2</ele><time>2026-07-19T16:46:14.501816Z</time></trkpt>
  <trkpt lat="37.4119144" lon="-121.9950153"><ele>-2</ele><time>2026-07-19T16:46:14.602828Z</time></trkpt>
  <trkpt lat="37.4119187" lon="-121.9950191"><ele>-2</ele><time>2026-07-19T16:46:14.683489Z</time></trkpt>
  <trkpt lat="37.4119187" lon="-121.9950191"><ele>-2</ele><time>2026-07-19T16:46:14.688713Z</time></trkpt>
  <trkpt lat="37.4119211" lon="-121.9950217"><ele>-3</ele><time>2026-07-19T16:46:14.784000Z</time></trkpt>
  <trkpt lat="37.4119220" lon="-121.9950230"><ele>-3</ele><time>2026-07-19T16:46:14.884329Z</time></trkpt>
  <trkpt lat="37.4119227" lon="-121.9950242"><ele>-3</ele><time>2026-07-19T16:46:14.985151Z</time></trkpt>
  <trkpt lat="37.4119229" lon="-121.9950253"><ele>-3</ele><time>2026-07-19T16:46:15.085735Z</time></trkpt>
  <trkpt lat="37.4119230" lon="-121.9950255"><ele>-3</ele><time>2026-07-19T16:46:15.186968Z</time></trkpt>
  <trkpt lat="37.4119231" lon="-121.9950255"><ele>-3</ele><time>2026-07-19T16:46:15.287749Z</time></trkpt>
  <trkpt lat="37.4119231" lon="-121.9950254"><ele>-3</ele><time>2026-07-19T16:46:15.388464Z</time></trkpt>
  <trkpt lat="37.4119231" lon="-121.9950252"><ele>-3</ele><time>2026-07-19T16:46:15.489427Z</time></trkpt>
</trkseg></trk>
</gpx>