<?xml version="1.0" encoding="UTF-8"?>
<gpx creator="blackbox_decode v8.0.0 INAV c4f2026" version="1.1" xmlns="http://www.topografix.com/GPX/1/1" xmlns:xsi="http://www.w3.org/2001/XMLSchema-instance" xsi:schemaLocation="http://www.topografix.com/GPX/1/1 http://www.topografix.com/GPX/1/1/gpx.xsd">
<metadata><name>Blackbox flight log</name>
 <link href="https://github.com/iNavFlight/blackbox-tools">
 <text>INAV Blackbox Tools</text>
 </link>
</metadata>
<trk><name>Blackbox flight log</name><trkseg>
  <trkpt lat="37.4117315" lon="-121.9949357"><ele>-1</ele><time>2026-05-03T17:59:59.910698Z</time></trkpt>
  <trkpt lat="37.4117315" lon="-121.9949357"><ele>-1</ele><time>2026-05-03T17:59:59.918379Z</time></trkpt>
  <trkpt lat="37.4117315" lon="-121.9949358"><ele>-1</ele><time>2026-05-03T17:59:59.991909Z</time></trkpt>
  <trkpt lat="37.4117314" lon="-121.9949360"><ele>-1</ele><time>2026-05-03T18:00:00.092970Z</time></trkpt>
  <trkpt lat="37.4117313" lon="-121.9949363"><ele>-1</ele><time>2026-05-03T18:00:00.193751Z</time></trkpt>
  <trkpt lat="37.4117312" lon="-121.9949367"><ele>-1</ele><time>2026-05-03T18:00:00.294042Z</time></trkpt>
  <trkpt lat="37.4117312" lon="-121.9949370"><ele>-1</ele><time>2026-05-03T18:00:00.394503Z</time></trkpt>
  <trkpt lat="37.4117312" lon="-121.9949374"><ele>-1</ele><time>2026-05-03T18:00:00.496130Z</time></trkpt>
  <trkpt lat="37.4117313" lon="-121.9949379"><ele>-1</ele><time>2026-05-03T18:00:00.596675Z</time></trkpt>
  <trkpt lat="37.4117314" lon="-121.9949383"><ele>-1</ele><time>2026-05-03T18:00:00.697387Z</time></trkpt>
  <trkpt lat="37.4117314" lon="-121.9949386"><ele>-1</ele><time>2026-05-03T18:00:00.798173Z</time></trkpt>
  <trkpt lat="37.4117315" lon="-121.9949387"><ele>-1</ele><time>2026-05-03T18:00:00.899549Z</time></trkpt>
  <trkpt lat="37.4117317" lon="-121.9949390"><ele>-1</ele><time>2026-05-03T18:00:01.000194Z</time></trkpt>
  <trkpt lat="37.4117319" lon="-121.9949392"><ele>-1</ele><time>2026-05-03T18:00:01.101112Z</time></trkpt>
  <trkpt lat="37.4117321" lon="-121.9949392"><ele>-1</ele><time>2026-05-03T18:00:01.181284Z</time></trkpt>
  <trkpt lat="37.4117322" lon="-121.9949393"><ele>-1</ele><time>2026-05-03T18:00:01.281674Z</time></trkpt>
  <trkpt lat="37.4117323" lon="-121.9949393"><ele>-1</ele><time>2026-05-03T18:00:01.381957Z</time></trkpt>
  <trkpt lat="37.4117325" lon="-121.9949394"><ele>-1</ele><time>2026-05-03T18:00:01.482909Z</time></trkpt>
  <trkpt lat="37.4117326" lon="-121.9949396"><ele>-1</ele><time>2026-05-03T18:00:01.583441Z</time></trkpt>
  <trkpt lat="37.4117326" lon="-121.9949398"><ele>-1</ele><time>2026-05-03T18:00:01.683677Z</time></trkpt>
  <trkpt lat="37.4117325" lon="-121.9949400"><ele>-1</ele><time>2026-05-03T18:00:01.785054Z</time></trkpt>
  <trkpt lat="37.4117326" lon="-121.9949402"><ele>-1</ele><time>2026-05-03T18:00:01.885456Z</time></trkpt>
  <trkpt lat="37.4117327" lon="-121.9949404"><ele>-1</ele><time>2026-05-03T18:00:01.986067Z</time></trkpt>
  <trkpt lat="37.4117327" lon="-121.9949404"><ele>-1</ele><time>2026-05-03T18:00:02.046027Z</time></trkpt>
  <trkpt lat="37.4117329" lon="-121.9949405"><ele>-1</ele><time>2026-05-03T18:00:02.086747Z</time></trkpt>
  <trkpt lat="37.4117332" lon="-121.9949406"><ele>-1</ele><time>2026-05-03T18:00:02.187468Z</time></trkpt>
  <trkpt lat="37.4117336" lon="-121.9949406"><ele>-1</ele><time>2026-05-03T18:00:02.288012Z</time></trkpt>
  <trkpt lat="37.4117337" lon="-121.9949407"><ele>0</ele><time>2026-05-03T18:00:02.388810Z</time></trkpt>
  <trkpt lat="37.4117339" lon="-121.9949408"><ele>0</ele><time>2026-05-03T18:00:02.489418Z</time></trkpt>
  <trkpt lat="37.4117341" lon="-121.9949408"><ele>0</ele><time>2026-05-03T18:00:02.590178Z</time></trkpt>
  <trkpt lat="37.4117343" lon="-121.9949409"><ele>0</ele><time>2026-05-03T18:00:02.690945Z</time></trkpt>
  <trkpt lat="37.4117344" lon="-121.9949410"><ele>0</ele><time>2026-05-03T18:00:02.791911Z</time></trkpt>
  <trkpt lat="37.4117345" lon="-121.9949411"><ele>0</ele><time>2026-05-03T18:00:02.893592Z</time></trkpt>
  <trkpt lat="37.4117345" lon="-121.9949413"><ele>0</ele><time>2026-05-03T18:00:02.994335Z</time></trkpt>
  <trkpt lat="37.4117347" lon="-121.9949414"><ele>0</ele><time>2026-05-03T18:00:03.095563Z</time></trkpt>
  <trkpt lat="37.4117348" lon="-121.9949415"><ele>0</ele><time>2026-05-03T18:00:03.196739Z</time></trkpt>
  <trkpt lat="37.4117350" lon="-121.9949416"><ele>0</ele><time>2026-05-03T18:00:03.297446Z</time></trkpt>
  <trkpt lat="37.4117352" lon="-121.9949417"><ele>0</ele><time>2026-05-03T18:00:03.398271Z</time></trkpt>
  <trkpt lat="37.4117354" lon="-121.9949417"><ele>0</ele><time>2026-05-03T18:00:03.478875Z</time></trkpt>
  <trkpt lat="37.4117355" lon="-121.9949418"><ele>0</ele><time>2026-05-03T18:00:03.599497Z</time></trkpt>
  <trkpt lat="37.4117356" lon="-121.9949419"><ele>0</ele><time>2026-05-03T18:00:03.680448Z</time></trkpt>
  <trkpt lat="37.4117356" lon="-121.9949420"><ele>0</ele><time>2026-05-03T18:00:03.781146Z</time></trkpt>
  <trkpt lat="37.4117357" lon="-121.9949421"><ele>0</ele><time>2026-05-03T18:00:03.881712Z</time></trkpt>
  <trkpt lat="37.4117357" lon="-121.9949420"><ele>0</ele><time>2026-05-03T18:00:04.002464Z</time></trkpt>
  <trkpt lat="37.4117357" lon="-121.9949421"><ele>0</ele><time>2026-05-03T18:00:04.102991Z</time></trkpt>
  <trkpt lat="37.4117357" lon="-121.9949421"><ele>0</ele><time>2026-05-03T18:00:04.164882Z</time></trkpt>
  <trkpt lat="37.4117358" lon="-121.9949422"><ele>0</ele><time>2026-05-03T18:00:04.203617Z</time></trkpt>
  <trkpt lat="37.4117358" lon="-121.9949424"><ele>0</ele><time>2026-05-03T18:00:04.304575Z</time></trkpt>
  <trkpt lat="37.4117358" lon="-121.9949426"><ele>0</ele><time>2026-05-03T18:00:04.406031Z</time></trkpt>
  <trkpt lat="37.4117358" lon="-121.9949429"><ele>0</ele><time>2026-05-03T18:00:04.506407Z</time></trkpt>
  <trkpt lat="37.4117356" lon="-121.9949433"><ele>0</ele><time>2026-05-03T18:00:04.587502Z</time></trkpt>
  <trkpt lat="37.4117355" lon="-121.9949436"><ele>0</ele><time>2026-05-03T18:00:04.687271Z</time></trkpt>
  <trkpt lat="37.4117355" lon="-121.9949439"><ele>0</ele><time>2026-05-03T18:00:04.787971Z</time></trkpt>
  <trkpt lat="37.4117354" lon="-121.9949440"><ele>0</ele><time>2026-05-03T18:00:04.888278Z</time></trkpt>
  <trkpt lat="37.4117353" lon="-121.9949441"><ele>0</ele><time>2026-05-03T18:00:04.989417Z</time></trkpt>
  <trkpt lat="37.4117353" lon="-121.9949443"><ele>0</ele><time>2026-05-03T18:00:05.090291Z</time></trkpt>
  <trkpt lat="37.4117352" lon="-121.9949444"><ele>0</ele><time>2026-05-03T18:00:05.191889Z</time></trkpt>
  <trkpt lat="37.4117351" lon="-121.9949446"><ele>0</ele><time>2026-05-03T18:00:05.292544Z</time></trkpt>
  <trkpt lat="37.4117351" lon="-121.9949448"><ele>0</ele><time>2026-05-03T18:00:05.393326Z</time></trkpt>
  <trkpt lat="37.4117348" lon="-121.9949448"><ele>0</ele><time>2026-05-03T18:00:05.494308Z</time></trkpt>
  <trkpt lat="37.4117345" lon="-121.9949448"><ele>0</ele><time>2026-05-03T18:00:05.594369Z</time></trkpt>
  <trkpt lat="37.4117340" lon="-121.9949448"><ele>0</ele><time>2026-05-03T18:00:05.695247Z</time></trkpt>
  <trkpt lat="37.4117336" lon="-121.9949446"><ele>0</ele><time>2026-05-03T18:00:05.795979Z</time></trkpt>
  <trkpt lat="37.4117336" lon="-121.9949444"><ele>0</ele><time>2026-05-03T18:00:05.897156Z</time></trkpt>
  <trkpt lat="37.4117339" lon="-121.9949442"><ele>0</ele><time>2026-05-03T18:00:05.997275Z</time></trkpt>
  <trkpt lat="37.4117348" lon="-121.9949442"><ele>0</ele><time>2026-05-03T18:00:06.097740Z</time></trkpt>
  <trkpt lat="37.4117368" lon="-121.9949447"><ele>0</ele><time>2026-05-03T18:00:06.197891Z</time></trkpt>
  <trkpt lat="37.4117368" lon="-121.9949447"><ele>0</ele><time>2026-05-03T18:00:06.286104Z</time></trkpt>
  <trkpt lat="37.4117407" lon="-121.9949452"><ele>1</ele><time>2026-05-03T18:00:06.299109Z</time></trkpt>
  <trkpt lat="37.4117453" lon="-121.9949460"><ele>1</ele><time>2026-05-03T18:00:06.399331Z</time></trkpt>
  <trkpt lat="37.4117505" lon="-121.9949471"><ele>1</ele><time>2026-05-03T18:00:06.500074Z</time></trkpt>
  <trkpt lat="37.4117563" lon="-121.9949481"><ele>1</ele><time>2026-05-03T18:00:06.601924Z</time></trkpt>
  <trkpt lat="37.4117619" lon="-121.9949491"><ele>1</ele><time>2026-05-03T18:00:06.681948Z</time></trkpt>
  <trkpt lat="37.4117676" lon="-121.9949499"><ele>1</ele><time>2026-05-03T18:00:06.802798Z</time></trkpt>
  <trkpt lat="37.4117734" lon="-121.9949502"><ele>2</ele><time>2026-05-03T18:00:06.882957Z</time></trkpt>
  <trkpt lat="37.4117797" lon="-121.9949498"><ele>2</ele><time>2026-05-03T18:00:06.984039Z</time></trkpt>
  <trkpt lat="37.4117863" lon="-121.9949494"><ele>2</ele><time>2026-05-03T18:00:07.085307Z</time></trkpt>
  <trkpt lat="37.4117932" lon="-121.9949494"><ele>2</ele><time>2026-05-03T18:00:07.185899Z</time></trkpt>
  <trkpt lat="37.4118004" lon="-121.9949495"><ele>3</ele><time>2026-05-03T18:00:07.286188Z</time></trkpt>
  <trkpt lat="37.4118083" lon="-121.9949492"><ele>3</ele><time>2026-05-03T18:00:07.386734Z</time></trkpt>
  <trkpt lat="37.4118167" lon="-121.9949489"><ele>3</ele><time>2026-05-03T18:00:07.487269Z</time></trkpt>
  <trkpt lat="37.4118254" lon="-121.9949489"><ele>4</ele><time>2026-05-03T18:00:07.587599Z</time></trkpt>
  <trkpt lat="37.4118345" lon="-121.9949487"><ele>4</ele><time>2026-05-03T18:00:07.688118Z</time></trkpt>
  <trkpt lat="37.4118438" lon="-121.9949484"><ele>5</ele><time>2026-05-03T18:00:07.789214Z</time></trkpt>
  <trkpt lat="37.4118535" lon="-121.9949482"><ele>5</ele><time>2026-05-03T18:00:07.889716Z</time></trkpt>
  <trkpt lat="37.4118634" lon="-121.9949482"><ele>6</ele><time>2026-05-03T18:00:07.990125Z</time></trkpt>
  <trkpt lat="37.4118738" lon="-121.9949482"><ele>6</ele><time>2026-05-03T18:00:08.090536Z</time></trkpt>
  <trkpt lat="37.4118845" lon="-121.9949481"><ele>6</ele><time>2026-05-03T18:00:08.191478Z</time></trkpt>
  <trkpt lat="37.4118954" lon="-121.9949482"><ele>7</ele><time>2026-05-03T18:00:08.292212Z</time></trkpt>
  <trkpt lat="37.4119066" lon="-121.9949483"><ele>7</ele><time>2026-05-03T18:00:08.392639Z</time></trkpt>
  <trkpt lat="37.4119066" lon="-121.9949483"><ele>7</ele><time>2026-05-03T18:00:08.424304Z</time></trkpt>
  <trkpt lat="37.4119178" lon="-121.9949488"><ele>8</ele><time>2026-05-03T18:00:08.492967Z</time></trkpt>
  <trkpt lat="37.4119287" lon="-121.9949500"><ele>8</ele><time>2026-05-03T18:00:08.593147Z</time></trkpt>
  <trkpt lat="37.4119393" lon="-121.9949519"><ele>9</ele><time>2026-05-03T18:00:08.693603Z</time></trkpt>
  <trkpt lat="37.4119499" lon="-121.9949542"><ele>9</ele><time>2026-05-03T18:00:08.794311Z</time></trkpt>
  <trkpt lat="37.4119609" lon="-121.9949568"><ele>10</ele><time>2026-05-03T18:00:08.894884Z</time></trkpt>
  <trkpt lat="37.4119720" lon="-121.9949596"><ele>10</ele><time>2026-05-03T18:00:08.996429Z</time></trkpt>
  <trkpt lat="37.4119833" lon="-121.9949624"><ele>11</ele><time>2026-05-03T18:00:09.096926Z</time></trkpt>
  <trkpt lat="37.4119948" lon="-121.9949655"><ele>12</ele><time>2026-05-03T18:00:09.197507Z</time></trkpt>
  <trkpt lat="37.4120064" lon="-121.9949690"><ele>12</ele><time>2026-05-03T18:00:09.298321Z</time></trkpt>
  <trkpt lat="37.4120182" lon="-121.9949727"><ele>13</ele><time>2026-05-03T18:00:09.398776Z</time></trkpt>
  <trkpt lat="37.4120302" lon="-121.9949766"><ele>13</ele><time>2026-05-03T18:00:09.480114Z</time></trkpt>
  <trkpt lat="37.4120425" lon="-121.9949805"><ele>14</ele><time>2026-05-03T18:00:09.580051Z</time></trkpt>
  <trkpt lat="37.4120553" lon="-121.9949844"><ele>14</ele><time>2026-05-03T18:00:09.680376Z</time></trkpt>
  <trkpt lat="37.4120683" lon="-121.9949883"><ele>15</ele><time>2026-05-03T18:00:09.780477Z</time></trkpt>
  <trkpt lat="37.4120815" lon="-121.9949921"><ele>15</ele><time>2026-05-03T18:00:09.881158Z</time></trkpt>
  <trkpt lat="37.4120950" lon="-121.9949960"><ele>16</ele><time>2026-05-03T18:00:09.982074Z</time></trkpt>
  <trkpt lat="37.4121086" lon="-121.9949997"><ele>16</ele><time>2026-05-03T18:00:10.082429Z</time></trkpt>
  <trkpt lat="37.4121223" lon="-121.9950033"><ele>16</ele><time>2026-05-03T18:00:10.182842Z</time></trkpt>
  <trkpt lat="37.4121361" lon="-121.9950068"><ele>17</ele><time>2026-05-03T18:00:10.283224Z</time></trkpt>
  <trkpt lat="37.4121498" lon="-121.9950100"><ele>17</ele><time>2026-05-03T18:00:10.383382Z</time></trkpt>
  <trkpt lat="37.4121637" lon="-121.9950132"><ele>18</ele><time>2026-05-03T18:00:10.484590Z</time></trkpt>
  <trkpt lat="37.4121637" lon="-121.9950132"><ele>18</ele><time>2026-05-03T18:00:10.576925Z</time></trkpt>
  <trkpt lat="37.4121777" lon="-121.9950163"><ele>19</ele><time>2026-05-03T18:00:10.585841Z</time></trkpt>
  <trkpt lat="37.4121916" lon="-121.9950198"><ele>19</ele><time>2026-05-03T18:00:10.685845Z</time></trkpt>
  <trkpt lat="37.4122056" lon="-121.9950233"><ele>20</ele><time>2026-05-03T18:00:10.786644Z</time></trkpt>
  <trkpt lat="37.4122196" lon="-121.9950272"><ele>20</ele><time>2026-05-03T18:00:10.886985Z</time></trkpt>
  <trkpt lat="37.4122335" lon="-121.9950314"><ele>21</ele><time>2026-05-03T18:00:10.988024Z</time></trkpt>
  <trkpt lat="37.4122474" lon="-121.9950362"><ele>21</ele><time>2026-05-03T18:00:11.088391Z</time></trkpt>
  <trkpt lat="37.4122612" lon="-121.9950414"><ele>22</ele><time>2026-05-03T18:00:11.189106Z</time></trkpt>
  <trkpt lat="37.4122749" lon="-121.9950468"><ele>22</ele><time>2026-05-03T18:00:11.290103Z</time></trkpt>
  <trkpt lat="37.4122884" lon="-121.9950524"><ele>23</ele><time>2026-05-03T18:00:11.390451Z</time></trkpt>
  <trkpt lat="37.4123019" lon="-121.9950580"><ele>23</ele><time>2026-05-03T18:00:11.491222Z</time></trkpt>
  <trkpt lat="37.4123153" lon="-121.9950633"><ele>24</ele><time>2026-05-03T18:00:11.591520Z</time></trkpt>
  <trkpt lat="37.4123284" lon="-121.9950679"><ele>25</ele><time>2026-05-03T18:00:11.691849Z</time></trkpt>
  <trkpt lat="37.4123413" lon="-121.9950715"><ele>26</ele><time>2026-05-03T18:00:11.792345Z</time></trkpt>
  <trkpt lat="37.4123541" lon="-121.9950737"><ele>26</ele><time>2026-05-03T18:00:11.892455Z</time></trkpt>
  <trkpt lat="37.4123666" lon="-121.9950740"><ele>27</ele><time>2026-05-03T18:00:11.993207Z</time></trkpt>
  <trkpt lat="37.4123782" lon="-121.9950726"><ele>28</ele><time>2026-05-03T18:00:12.094140Z</time></trkpt>
  <trkpt lat="37.4123888" lon="-121.9950702"><ele>29</ele><time>2026-05-03T18:00:12.194552Z</time></trkpt>
  <trkpt lat="37.4123990" lon="-121.9950678"><ele>30</ele><time>2026-05-03T18:00:12.294958Z</time></trkpt>
  <trkpt lat="37.4124095" lon="-121.9950655"><ele>31</ele><time>2026-05-03T18:00:12.395331Z</time></trkpt>
  <trkpt lat="37.4124201" lon="-121.9950633"><ele>32</ele><time>2026-05-03T18:00:12.496129Z</time></trkpt>
  <trkpt lat="37.4124311" lon="-121.9950612"><ele>33</ele><time>2026-05-03T18:00:12.596671Z</time></trkpt>
  <trkpt lat="37.4124425" lon="-121.9950586"><ele>34</ele><time>2026-05-03T18:00:12.676751Z</time></trkpt>
  <trkpt lat="37.4124425" lon="-121.9950586"><ele>34</ele><time>2026-05-03T18:00:12.738159Z</time></trkpt>
  <trkpt lat="37.4124538" lon="-121.9950561"><ele>34</ele><time>2026-05-03T18:00:12.797947Z</time></trkpt>
  <trkpt lat="37.4124652" lon="-121.9950541"><ele>35</ele><time>2026-05-03T18:00:12.878265Z</time></trkpt>
  <trkpt lat="37.4124766" lon="-121.9950532"><ele>36</ele><time>2026-05-03T18:00:12.979048Z</time></trkpt>
  <trkpt lat="37.4124880" lon="-121.9950531"><ele>37</ele><time>2026-05-03T18:00:13.079564Z</time></trkpt>
  <trkpt lat="37.4124994" lon="-121.9950541"><ele>37</ele><time>2026-05-03T18:00:13.179816Z</time></trkpt>
  <trkpt lat="37.4125105" lon="-121.9950563"><ele>38</ele><time>2026-05-03T18:00:13.280327Z</time></trkpt>
  <trkpt lat="37.4125213" lon="-121.9950597"><ele>38</ele><time>2026-05-03T18:00:13.380636Z</time></trkpt>
  <trkpt lat="37.4125318" lon="-121.9950641"><ele>39</ele><time>2026-05-03T18:00:13.481007Z</time></trkpt>
  <trkpt lat="37.4125422" lon="-121.9950691"><ele>40</ele><time>2026-05-03T18:00:13.582528Z</time></trkpt>
  <trkpt lat="37.4125527" lon="-121.9950747"><ele>40</ele><time>2026-05-03T18:00:13.683980Z</time></trkpt>
  <trkpt lat="37.4125634" lon="-121.9950804"><ele>41</ele><time>2026-05-03T18:00:13.784815Z</time></trkpt>
  <trkpt lat="37.4125737" lon="-121.9950868"><ele>41</ele><time>2026-05-03T18:00:13.885872Z</time></trkpt>
  <trkpt lat="37.4125836" lon="-121.9950939"><ele>42</ele><time>2026-05-03T18:00:13.986365Z</time></trkpt>
  <trkpt lat="37.4125933" lon="-121.9951009"><ele>43</ele><time>2026-05-03T18:00:14.086841Z</time></trkpt>
  <trkpt lat="37.4126028" lon="-121.9951080"><ele>44</ele><time>2026-05-03T18:00:14.187984Z</time></trkpt>
  <trkpt lat="37.4126123" lon="-121.9951153"><ele>44</ele><time>2026-05-03T18:00:14.288392Z</time></trkpt>
  <trkpt lat="37.4126218" lon="-121.9951224"><ele>45</ele><time>2026-05-03T18:00:14.389368Z</time></trkpt>
  <trkpt lat="37.4126315" lon="-121.9951288"><ele>46</ele><time>2026-05-03T18:00:14.489764Z</time></trkpt>
  <trkpt lat="37.4126410" lon="-121.9951351"><ele>46</ele><time>2026-05-03T18:00:14.590810Z</time></trkpt>
  <trkpt lat="37.4126507" lon="-121.9951412"><ele>47</ele><time>2026-05-03T18:00:14.691090Z</time></trkpt>
  <trkpt lat="37.4126607" lon="-121.9951473"><ele>48</ele><time>2026-05-03T18:00:14.791546Z</time></trkpt>
  <trkpt lat="37.4126711" lon="-121.9951531"><ele>49</ele><time>2026-05-03T18:00:14.891993Z</time></trkpt>
  <trkpt lat="37.4126711" lon="-121.9951531"><ele>49</ele><time>2026-05-03T18:00:14.898233Z</time></trkpt>
  <trkpt lat="37.4126817" lon="-121.9951587"><ele>49</ele><time>2026-05-03T18:00:14.992500Z</time></trkpt>
  <trkpt lat="37.4126927" lon="-121.9951642"><ele>50</ele><time>2026-05-03T18:00:15.093388Z</time></trkpt>
  <trkpt lat="37.4127038" lon="-121.9951695"><ele>51</ele><time>2026-05-03T18:00:15.192917Z</time></trkpt>
  <trkpt lat="37.4127153" lon="-121.9951746"><ele>51</ele><time>2026-05-03T18:00:15.273480Z</time></trkpt>
  <trkpt lat="37.4127268" lon="-121.9951794"><ele>52</ele><time>2026-05-03T18:00:15.374292Z</time></trkpt>
  <trkpt lat="37.4127383" lon="-121.9951837"><ele>53</ele><time>2026-05-03T18:00:15.474419Z</time></trkpt>
  <trkpt lat="37.4127497" lon="-121.9951876"><ele>53</ele><time>2026-05-03T18:00:15.574939Z</time></trkpt>
  <trkpt lat="37.4127608" lon="-121.9951910"><ele>54</ele><time>2026-05-03T18:00:15.675427Z</time></trkpt>
  <trkpt lat="37.4127716" lon="-121.9951940"><ele>55</ele><time>2026-05-03T18:00:15.776002Z</time></trkpt>
  <trkpt lat="37.4127818" lon="-121.9951968"><ele>56</ele><time>2026-05-03T18:00:15.876505Z</time></trkpt>
  <trkpt lat="37.4127917" lon="-121.9951996"><ele>57</ele><time>2026-05-03T18:00:15.976879Z</time></trkpt>
  <trkpt lat="37.4128015" lon="-121.9952024"><ele>58</ele><time>2026-05-03T18:00:16.077156Z</time></trkpt>
  <trkpt lat="37.4128113" lon="-121.9952052"><ele>59</ele><time>2026-05-03T18:00:16.177536Z</time></trkpt>
  <trkpt lat="37.4128210" lon="-121.9952081"><ele>60</ele><time>2026-05-03T18:00:16.278406Z</time></trkpt>
  <trkpt lat="37.4128309" lon="-121.9952113"><ele>61</ele><time>2026-05-03T18:00:16.378920Z</time></trkpt>
  <trkpt lat="37.4128410" lon="-121.9952145"><ele>62</ele><time>2026-05-03T18:00:16.479285Z</time></trkpt>
  <trkpt lat="37.4128516" lon="-121.9952179"><ele>63</ele><time>2026-05-03T18:00:16.580354Z</time></trkpt>
  <trkpt lat="37.4128628" lon="-121.9952216"><ele>63</ele><time>2026-05-03T18:00:16.680349Z</time></trkpt>
  <trkpt lat="37.4128745" lon="-121.9952253"><ele>64</ele><time>2026-05-03T18:00:16.781151Z</time></trkpt>
  <trkpt lat="37.4128867" lon="-121.9952289"><ele>64</ele><time>2026-05-03T18:00:16.881375Z</time></trkpt>
  <trkpt lat="37.4128992" lon="-121.9952323"><ele>65</ele><time>2026-05-03T18:00:16.982187Z</time></trkpt>
  <trkpt lat="37.4128992" lon="-121.9952323"><ele>65</ele><time>2026-05-03T18:00:17.059898Z</time></trkpt>
  <trkpt lat="37.4129119" lon="-121.9952350"><ele>65</ele><time>2026-05-03T18:00:17.083156Z</time></trkpt>
  <trkpt lat="37.4129248" lon="-121.9952365"><ele>66</ele><time>2026-05-03T18:00:17.183812Z</time></trkpt>
  <trkpt lat="37.4129378" lon="-121.9952365"><ele>66</ele><time>2026-05-03T18:00:17.284325Z</time></trkpt>
  <trkpt lat="37.4129506" lon="-121.9952353"><ele>67</ele><time>2026-05-03T18:00:17.385456Z</time></trkpt>
  <trkpt lat="37.4129630" lon="-121.9952336"><ele>68</ele><time>2026-05-03T18:00:17.485768Z</time></trkpt>
  <trkpt lat="37.4129753" lon="-121.9952311"><ele>68</ele><time>2026-05-03T18:00:17.586747Z</time></trkpt>
  <trkpt lat="37.4129872" lon="-121.9952284"><ele>69</ele><time>2026-05-03T18:00:17.687493Z</time></trkpt>
  <trkpt lat="37.4129990" lon="-121.9952255"><ele>70</ele><time>2026-05-03T18:00:17.788526Z</time></trkpt>
  <trkpt lat="37.4130113" lon="-121.9952223"><ele>70</ele><time>2026-05-03T18:00:17.889611Z</time></trkpt>
  <trkpt lat="37.4130241" lon="-121.9952186"><ele>71</ele><time>2026-05-03T18:00:17.971139Z</time></trkpt>
  <trkpt lat="37.4130373" lon="-121.9952148"><ele>71</ele><time>2026-05-03T18:00:18.071650Z</time></trkpt>
  <trkpt lat="37.4130508" lon="-121.9952110"><ele>72</ele><time>2026-05-03T18:00:18.171947Z</time></trkpt>
  <trkpt lat="37.4130646" lon="-121.9952076"><ele>72</ele><time>2026-05-03T18:00:18.272986Z</time></trkpt>
  <trkpt lat="37.4130787" lon="-121.9952047"><ele>73</ele><time>2026-05-03T18:00:18.373735Z</time></trkpt>
  <trkpt lat="37.4130928" lon="-121.9952027"><ele>74</ele><time>2026-05-03T18:00:18.474667Z</time></trkpt>
  <trkpt lat="37.4131071" lon="-121.9952013"><ele>74</ele><time>2026-05-03T18:00:18.575063Z</time></trkpt>
  <trkpt lat="37.4131218" lon="-121.9952003"><ele>74</ele><time>2026-05-03T18:00:18.675931Z</time></trkpt>
  <trkpt lat="37.4131366" lon="-121.9951999"><ele>75</ele><time>2026-05-03T18:00:18.776192Z</time></trkpt>
  <trkpt lat="37.4131512" lon="-121.9952002"><ele>75</ele><time>2026-05-03T18:00:18.876927Z</time></trkpt>
  <trkpt lat="37.4131659" lon="-121.9952013"><ele>76</ele><time>2026-05-03T18:00:18.977667Z</time></trkpt>
  <trkpt lat="37.4131806" lon="-121.9952032"><ele>76</ele><time>2026-05-03T18:00:19.077608Z</time></trkpt>
  <trkpt lat="37.4131951" lon="-121.9952061"><ele>77</ele><time>2026-05-03T18:00:19.178416Z</time></trkpt>
  <trkpt lat="37.4131951" lon="-121.9952061"><ele>77</ele><time>2026-05-03T18:00:19.216362Z</time></trkpt>
  <trkpt lat="37.4132097" lon="-121.9952097"><ele>77</ele><time>2026-05-03T18:00:19.279427Z</time></trkpt>
  <trkpt lat="37.4132241" lon="-121.9952138"><ele>78</ele><time>2026-05-03T18:00:19.380535Z</time></trkpt>
  <trkpt lat="37.4132389" lon="-121.9952181"><ele>78</ele><time>2026-05-03T18:00:19.480975Z</time></trkpt>
  <trkpt lat="37.4132537" lon="-121.9952229"><ele>79</ele><time>2026-05-03T18:00:19.581263Z</time></trkpt>
  <trkpt lat="37.4132686" lon="-121.9952278"><ele>79</ele><time>2026-05-03T18:00:19.681720Z</time></trkpt>
  <trkpt lat="37.4132837" lon="-121.9952330"><ele>80</ele><time>2026-05-03T18:00:19.782475Z</time></trkpt>
  <trkpt lat="37.4132988" lon="-121.9952386"><ele>80</ele><time>2026-05-03T18:00:19.883326Z</time></trkpt>
  <trkpt lat="37.4133141" lon="-121.9952446"><ele>80</ele><time>2026-05-03T18:00:19.984623Z</time></trkpt>
  <trkpt lat="37.4133295" lon="-121.9952505"><ele>81</ele><time>2026-05-03T18:00:20.086022Z</time></trkpt>
  <trkpt lat="37.4133451" lon="-121.9952563"><ele>81</ele><time>2026-05-03T18:00:20.186524Z</time></trkpt>
  <trkpt lat="37.4133610" lon="-121.9952617"><ele>82</ele><time>2026-05-03T18:00:20.287278Z</time></trkpt>
  <trkpt lat="37.4133767" lon="-121.9952672"><ele>82</ele><time>2026-05-03T18:00:20.367616Z</time></trkpt>
  <trkpt lat="37.4133923" lon="-121.9952726"><ele>82</ele><time>2026-05-03T18:00:20.488569Z</time></trkpt>
  <trkpt lat="37.4134081" lon="-121.9952779"><ele>83</ele><time>2026-05-03T18:00:20.568748Z</time></trkpt>
  <trkpt lat="37.4134238" lon="-121.9952831"><ele>84</ele><time>2026-05-03T18:00:20.670023Z</time></trkpt>
  <trkpt lat="37.4134396" lon="-121.9952881"><ele>84</ele><time>2026-05-03T18:00:20.770805Z</time></trkpt>
  <trkpt lat="37.4134554" lon="-121.9952931"><ele>85</ele><time>2026-05-03T18:00:20.872054Z</time></trkpt>
  <trkpt lat="37.4134712" lon="-121.9952982"><ele>85</ele><time>2026-05-03T18:00:20.972567Z</time></trkpt>
  <trkpt lat="37.4134872" lon="-121.9953037"><ele>86</ele><time>2026-05-03T18:00:21.073442Z</time></trkpt>
  <trkpt lat="37.4135035" lon="-121.9953091"><ele>86</ele><time>2026-05-03T18:00:21.173438Z</time></trkpt>
  <trkpt lat="37.4135194" lon="-121.9953150"><ele>86</ele><time>2026-05-03T18:00:21.274206Z</time></trkpt>
  <trkpt lat="37.4135194" lon="-121.9953150"><ele>86</ele><time>2026-05-03T18:00:21.368226Z</time></trkpt>
  <trkpt lat="37.4135352" lon="-121.9953221"><ele>86</ele><time>2026-05-03T18:00:21.374503Z</time></trkpt>
  <trkpt lat="37.4135505" lon="-121.9953299"><ele>85</ele><time>2026-05-03T18:00:21.474548Z</time></trkpt>
  <trkpt lat="37.4135643" lon="-121.9953402"><ele>85</ele><time>2026-05-03T18:00:21.574951Z</time></trkpt>
  <trkpt lat="37.4135753" lon="-121.9953542"><ele>84</ele><time>2026-05-03T18:00:21.675164Z</time></trkpt>
  <trkpt lat="37.4135840" lon="-121.9953695"><ele>82</ele><time>2026-05-03T18:00:21.775964Z</time></trkpt>
  <trkpt lat="37.4135889" lon="-121.9953848"><ele>80</ele><time>2026-05-03T18:00:21.876671Z</time></trkpt>
  <trkpt lat="37.4135893" lon="-121.9953995"><ele>78</ele><time>2026-05-03T18:00:21.977350Z</time></trkpt>
  <trkpt lat="37.4135848" lon="-121.9954129"><ele>77</ele><time>2026-05-03T18:00:22.078005Z</time></trkpt>
  <trkpt lat="37.4135769" lon="-121.9954218"><ele>75</ele><time>2026-05-03T18:00:22.178640Z</time></trkpt>
  <trkpt lat="37.4135657" lon="-121.9954271"><ele>74</ele><time>2026-05-03T18:00:22.279846Z</time></trkpt>
  <trkpt lat="37.4135528" lon="-121.9954282"><ele>73</ele><time>2026-05-03T18:00:22.380535Z</time></trkpt>
  <trkpt lat="37.4135391" lon="-121.9954253"><ele>71</ele><time>2026-05-03T18:00:22.481590Z</time></trkpt>
  <trkpt lat="37.4135238" lon="-121.9954210"><ele>71</ele><time>2026-05-03T18:00:22.582679Z</time></trkpt>
  <trkpt lat="37.4135076" lon="-121.9954158"><ele>70</ele><time>2026-05-03T18:00:22.683304Z</time></trkpt>
  <trkpt lat="37.4134908" lon="-121.9954104"><ele>69</ele><time>2026-05-03T18:00:22.784549Z</time></trkpt>
  <trkpt lat="37.4134732" lon="-121.9954048"><ele>69</ele><time>2026-05-03T18:00:22.885372Z</time></trkpt>
  <trkpt lat="37.4134554" lon="-121.9953990"><ele>69</ele><time>2026-05-03T18:00:22.965591Z</time></trkpt>
  <trkpt lat="37.4134377" lon="-121.9953936"><ele>69</ele><time>2026-05-03T18:00:23.066619Z</time></trkpt>
  <trkpt lat="37.4134203" lon="-121.9953878"><ele>69</ele><time>2026-05-03T18:00:23.167647Z</time></trkpt>
  <trkpt lat="37.4134030" lon="-121.9953815"><ele>69</ele><time>2026-05-03T18:00:23.269312Z</time></trkpt>
  <trkpt lat="37.4133854" lon="-121.9953754"><ele>68</ele><time>2026-05-03T18:00:23.369735Z</time></trkpt>
  <trkpt lat="37.4133678" lon="-121.9953692"><ele>68</ele><time>2026-05-03T18:00:23.470353Z</time></trkpt>
  <trkpt lat="37.4133678" lon="-121.9953692"><ele>68</ele><time>2026-05-03T18:00:23.518676Z</time></trkpt>
  <trkpt lat="37.4133502" lon="-121.9953633"><ele>68</ele><time>2026-05-03T18:00:23.571726Z</time></trkpt>
  <trkpt lat="37.4133325" lon="-121.9953574"><ele>68</ele><time>2026-05-03T18:00:23.672477Z</time></trkpt>
  <trkpt lat="37.4133147" lon="-121.9953514"><ele>67</ele><time>2026-05-03T18:00:23.773015Z</time></trkpt>
  <trkpt lat="37.4132969" lon="-121.9953454"><ele>67</ele><time>2026-05-03T18:00:23.873429Z</time></trkpt>
  <trkpt lat="37.4132788" lon="-121.9953395"><ele>66</ele><time>2026-05-03T18:00:23.973916Z</time></trkpt>
  <trkpt lat="37.4132607" lon="-121.9953337"><ele>66</ele><time>2026-05-03T18:00:24.074671Z</time></trkpt>
  <trkpt lat="37.4132427" lon="-121.9953281"><ele>66</ele><time>2026-05-03T18:00:24.175570Z</time></trkpt>
  <trkpt lat="37.4132244" lon="-121.9953225"><ele>65</ele><time>2026-05-03T18:00:24.276722Z</time></trkpt>
  <trkpt lat="37.4132059" lon="-121.9953168"><ele>65</ele><time>2026-05-03T18:00:24.377976Z</time></trkpt>
  <trkpt lat="37.4131873" lon="-121.9953111"><ele>65</ele><time>2026-05-03T18:00:24.477617Z</time></trkpt>
  <trkpt lat="37.4131685" lon="-121.9953055"><ele>64</ele><time>2026-05-03T18:00:24.578012Z</time></trkpt>
  <trkpt lat="37.4131497" lon="-121.9952998"><ele>64</ele><time>2026-05-03T18:00:24.678970Z</time></trkpt>
  <trkpt lat="37.4131308" lon="-121.9952942"><ele>64</ele><time>2026-05-03T18:00:24.779278Z</time></trkpt>
  <trkpt lat="37.4131116" lon="-121.9952897"><ele>63</ele><time>2026-05-03T18:00:24.879760Z</time></trkpt>
  <trkpt lat="37.4130935" lon="-121.9952862"><ele>64</ele><time>2026-05-03T18:00:24.981023Z</time></trkpt>
  <trkpt lat="37.4130765" lon="-121.9952843"><ele>65</ele><time>2026-05-03T18:00:25.081440Z</time></trkpt>
  <trkpt lat="37.4130603" lon="-121.9952848"><ele>65</ele><time>2026-05-03T18:00:25.162293Z</time></trkpt>
  <trkpt lat="37.4130461" lon="-121.9952874"><ele>66</ele><time>2026-05-03T18:00:25.262790Z</time></trkpt>
  <trkpt lat="37.4130352" lon="-121.9952917"><ele>67</ele><time>2026-05-03T18:00:25.383184Z</time></trkpt>
  <trkpt lat="37.4130263" lon="-121.9952980"><ele>69</ele><time>2026-05-03T18:00:25.463702Z</time></trkpt>
  <trkpt lat="37.4130187" lon="-121.9953063"><ele>70</ele><time>2026-05-03T18:00:25.564233Z</time></trkpt>
  <trkpt lat="37.4130127" lon="-121.9953175"><ele>70</ele><time>2026-05-03T18:00:25.664594Z</time></trkpt>
  <trkpt lat="37.4130098" lon="-121.9953320"><ele>71</ele><time>2026-05-03T18:00:25.765231Z</time></trkpt>
  <trkpt lat="37.4130109" lon="-121.9953479"><ele>71</ele><time>2026-05-03T18:00:25.865669Z</time></trkpt>
  <trkpt lat="37.4130152" lon="-121.9953643"><ele>72</ele><time>2026-05-03T18:00:25.966221Z</time></trkpt>
  <trkpt lat="37.4130229" lon="-121.9953805"><ele>72</ele><time>2026-05-03T18:00:26.066831Z</time></trkpt>
  <trkpt lat="37.4130332" lon="-121.9953955"><ele>71</ele><time>2026-05-03T18:00:26.167291Z</time></trkpt>
  <trkpt lat="37.4130455" lon="-121.9954098"><ele>71</ele><time>2026-05-03T18:00:26.268260Z</time></trkpt>
  <trkpt lat="37.4130588" lon="-121.9954242"><ele>70</ele><time>2026-05-03T18:00:26.369455Z</time></trkpt>
  <trkpt lat="37.4130730" lon="-121.9954378"><ele>70</ele><time>2026-05-03T18:00:26.470751Z</time></trkpt>
  <trkpt lat="37.4130865" lon="-121.9954513"><ele>70</ele><time>2026-05-03T18:00:26.571430Z</time></trkpt>
  <trkpt lat="37.4131013" lon="-121.9954637"><ele>70</ele><time>2026-05-03T18:00:26.672503Z</time></trkpt>
  <trkpt lat="37.4131149" lon="-121.9954749"><ele>70</ele><time>2026-05-03T18:00:26.774434Z</time></trkpt>
  <trkpt lat="37.4131272" lon="-121.9954829"><ele>70</ele><time>2026-05-03T18:00:26.874573Z</time></trkpt>
  <trkpt lat="37.4131383" lon="-121.9954874"><ele>69</ele><time>2026-05-03T18:00:26.974710Z</time></trkpt>
  <trkpt lat="37.4131497" lon="-121.9954894"><ele>69</ele><time>2026-05-03T18:00:27.075016Z</time></trkpt>
  <trkpt lat="37.4131598" lon="-121.9954892"><ele>68</ele><time>2026-05-03T18:00:27.176172Z</time></trkpt>
  <trkpt lat="37.4131664" lon="-121.9954863"><ele>67</ele><time>2026-05-03T18:00:27.275703Z</time></trkpt>
  <trkpt lat="37.4131696" lon="-121.9954805"><ele>65</ele><time>2026-05-03T18:00:27.376173Z</time></trkpt>
  <trkpt lat="37.4131691" lon="-121.9954649"><ele>63</ele><time>2026-05-03T18:00:27.476865Z</time></trkpt>
  <trkpt lat="37.4131645" lon="-121.9954503"><ele>60</ele><time>2026-05-03T18:00:27.577196Z</time></trkpt>
  <trkpt lat="37.4131589" lon="-121.9954355"><ele>58</ele><time>2026-05-03T18:00:27.677672Z</time></trkpt>
  <trkpt lat="37.4131520" lon="-121.9954203"><ele>57</ele><time>2026-05-03T18:00:27.778937Z</time></trkpt>
  <trkpt lat="37.4131520" lon="-121.9954203"><ele>57</ele><time>2026-05-03T18:00:27.822340Z</time></trkpt>
  <trkpt lat="37.4131409" lon="-121.9954079"><ele>55</ele><time>2026-05-03T18:00:27.859630Z</time></trkpt>
  <trkpt lat="37.4131284" lon="-121.9953981"><ele>54</ele><time>2026-05-03T18:00:27.959984Z</time></trkpt>
  <trkpt lat="37.4131149" lon="-121.9953930"><ele>53</ele><time>2026-05-03T18:00:28.060523Z</time></trkpt>
  <trkpt lat="37.4131022" lon="-121.9953966"><ele>51</ele><time>2026-05-03T18:00:28.161638Z</time></trkpt>
  <trkpt lat="37.4130912" lon="-121.9954037"><ele>50</ele><time>2026-05-03T18:00:28.262582Z</time></trkpt>
  <trkpt lat="37.4130820" lon="-121.9954131"><ele>50</ele><time>2026-05-03T18:00:28.362658Z</time></trkpt>
  <trkpt lat="37.4130743" lon="-121.9954255"><ele>51</ele><time>2026-05-03T18:00:28.463151Z</time></trkpt>
  <trkpt lat="37.4130690" lon="-121.9954402"><ele>52</ele><time>2026-05-03T18:00:28.565022Z</time></trkpt>
  <trkpt lat="37.4130625" lon="-121.9954567"><ele>53</ele><time>2026-05-03T18:00:28.665242Z</time></trkpt>
  <trkpt lat="37.4130558" lon="-121.9954750"><ele>54</ele><time>2026-05-03T18:00:28.765703Z</time></trkpt>
  <trkpt lat="37.4130500" lon="-121.9954944"><ele>55</ele><time>2026-05-03T18:00:28.867035Z</time></trkpt>
  <trkpt lat="37.4130458" lon="-121.9955142"><ele>55</ele><time>2026-05-03T18:00:28.967447Z</time></trkpt>
  <trkpt lat="37.4130413" lon="-121.9955344"><ele>56</ele><time>2026-05-03T18:00:29.067725Z</time></trkpt>
  <trkpt lat="37.4130360" lon="-121.9955544"><ele>56</ele><time>2026-05-03T18:00:29.168397Z</time></trkpt>
  <trkpt lat="37.4130325" lon="-121.9955740"><ele>57</ele><time>2026-05-03T18:00:29.269071Z</time></trkpt>
  <trkpt lat="37.4130313" lon="-121.9955911"><ele>58</ele><time>2026-05-03T18:00:29.369722Z</time></trkpt>
  <trkpt lat="37.4130324" lon="-121.9956091"><ele>58</ele><time>2026-05-03T18:00:29.470408Z</time></trkpt>
  <trkpt lat="37.4130336" lon="-121.9956273"><ele>59</ele><time>2026-05-03T18:00:29.570695Z</time></trkpt>
  <trkpt lat="37.4130350" lon="-121.9956439"><ele>60</ele><time>2026-05-03T18:00:29.671138Z</time></trkpt>
  <trkpt lat="37.4130373" lon="-121.9956569"><ele>62</ele><time>2026-05-03T18:00:29.771331Z</time></trkpt>
  <trkpt lat="37.4130401" lon="-121.9956673"><ele>64</ele><time>2026-05-03T18:00:29.872671Z</time></trkpt>
  <trkpt lat="37.4130436" lon="-121.9956782"><ele>65</ele><time>2026-05-03T18:00:29.973803Z</time></trkpt>
  <trkpt lat="37.4130436" lon="-121.9956782"><ele>65</ele><time>2026-05-03T18:00:29.977899Z</time></trkpt>
  <trkpt lat="37.4130481" lon="-121.9956904"><ele>66</ele><time>2026-05-03T18:00:30.074462Z</time></trkpt>
  <trkpt lat="37.4130532" lon="-121.9957024"><ele>67</ele><time>2026-05-03T18:00:30.155910Z</time></trkpt>
  <trkpt lat="37.4130584" lon="-121.9957148"><ele>68</ele><time>2026-05-03T18:00:30.256646Z</time></trkpt>
  <trkpt lat="37.4130636" lon="-121.9957298"><ele>68</ele><time>2026-05-03T18:00:30.357932Z</time></trkpt>
  <trkpt lat="37.4130689" lon="-121.9957455"><ele>69</ele><time>2026-05-03T18:00:30.459273Z</time></trkpt>
  <trkpt lat="37.4130756" lon="-121.9957606"><ele>69</ele><time>2026-05-03T18:00:30.559568Z</time></trkpt>
  <trkpt lat="37.4130837" lon="-121.9957739"><ele>69</ele><time>2026-05-03T18:00:30.661259Z</time></trkpt>
  <trkpt lat="37.4130929" lon="-121.9957867"><ele>70</ele><time>2026-05-03T18:00:30.761183Z</time></trkpt>
  <trkpt lat="37.4131021" lon="-121.9957974"><ele>71</ele><time>2026-05-03T18:00:30.862061Z</time></trkpt>
  <trkpt lat="37.4131103" lon="-121.9958066"><ele>71</ele><time>2026-05-03T18:00:30.962876Z</time></trkpt>
  <trkpt lat="37.4131189" lon="-121.9958136"><ele>72</ele><time>2026-05-03T18:00:31.062981Z</time></trkpt>
  <trkpt lat="37.4131272" lon="-121.9958194"><ele>73</ele><time>2026-05-03T18:00:31.163465Z</time></trkpt>
  <trkpt lat="37.4131340" lon="-121.9958236"><ele>75</ele><time>2026-05-03T18:00:31.264295Z</time></trkpt>
  <trkpt lat="37.4131405" lon="-121.9958268"><ele>76</ele><time>2026-05-03T18:00:31.364969Z</time></trkpt>
  <trkpt lat="37.4131479" lon="-121.9958303"><ele>77</ele><time>2026-05-03T18:00:31.465560Z</time></trkpt>
  <trkpt lat="37.4131564" lon="-121.9958348"><ele>79</ele><time>2026-05-03T18:00:31.566003Z</time></trkpt>
  <trkpt lat="37.4131651" lon="-121.9958395"><ele>80</ele><time>2026-05-03T18:00:31.667091Z</time></trkpt>
  <trkpt lat="37.4131743" lon="-121.9958429"><ele>81</ele><time>2026-05-03T18:00:31.767395Z</time></trkpt>
  <trkpt lat="37.4131832" lon="-121.9958444"><ele>82</ele><time>2026-05-03T18:00:31.868251Z</time></trkpt>
  <trkpt lat="37.4131917" lon="-121.9958434"><ele>83</ele><time>2026-05-03T18:00:31.969229Z</time></trkpt>
  <trkpt lat="37.4131986" lon="-121.9958406"><ele>84</ele><time>2026-05-03T18:00:32.070106Z</time></trkpt>
  <trkpt lat="37.4131986" lon="-121.9958406"><ele>84</ele><time>2026-05-03T18:00:32.132241Z</time></trkpt>
  <trkpt lat="37.4132058" lon="-121.9958373"><ele>86</ele><time>2026-05-03T18:00:32.171244Z</time></trkpt>
  <trkpt lat="37.4132128" lon="-121.9958351"><ele>87</ele><time>2026-05-03T18:00:32.271394Z</time></trkpt>
  <trkpt lat="37.4132211" lon="-121.9958332"><ele>88</ele><time>2026-05-03T18:00:32.371559Z</time></trkpt>
  <trkpt lat="37.4132307" lon="-121.9958317"><ele>89</ele><time>2026-05-03T18:00:32.472028Z</time></trkpt>
  <trkpt lat="37.4132413" lon="-121.9958301"><ele>90</ele><time>2026-05-03T18:00:32.552582Z</time></trkpt>
  <trkpt lat="37.4132532" lon="-121.9958275"><ele>91</ele><time>2026-05-03T18:00:32.653561Z</time></trkpt>
  <trkpt lat="37.4132653" lon="-121.9958233"><ele>92</ele><time>2026-05-03T18:00:32.754035Z</time></trkpt>
  <trkpt lat="37.4132770" lon="-121.9958167"><ele>92</ele><time>2026-05-03T18:00:32.854423Z</time></trkpt>
  <trkpt lat="37.4132884" lon="-121.9958078"><ele>93</ele><time>2026-05-03T18:00:32.954745Z</time></trkpt>
  <trkpt lat="37.4132991" lon="-121.9957983"><ele>93</ele><time>2026-05-03T18:00:33.055192Z</time></trkpt>
  <trkpt lat="37.4133087" lon="-121.9957874"><ele>93</ele><time>2026-05-03T18:00:33.155737Z</time></trkpt>
  <trkpt lat="37.4133169" lon="-121.9957741"><ele>92</ele><time>2026-05-03T18:00:33.256350Z</time></trkpt>
  <trkpt lat="37.4133254" lon="-121.9957590"><ele>91</ele><time>2026-05-03T18:00:33.356864Z</time></trkpt>
  <trkpt lat="37.4133336" lon="-121.9957427"><ele>90</ele><time>2026-05-03T18:00:33.457380Z</time></trkpt>
  <trkpt lat="37.4133399" lon="-121.9957247"><ele>90</ele><time>2026-05-03T18:00:33.557470Z</time></trkpt>
  <trkpt lat="37.4133430" lon="-121.9957048"><ele>89</ele><time>2026-05-03T18:00:33.658037Z</time></trkpt>
  <trkpt lat="37.4133445" lon="-121.9956841"><ele>89</ele><time>2026-05-03T18:00:33.758828Z</time></trkpt>
  <trkpt lat="37.4133453" lon="-121.9956633"><ele>89</ele><time>2026-05-03T18:00:33.859186Z</time></trkpt>
  <trkpt lat="37.4133445" lon="-121.9956431"><ele>89</ele><time>2026-05-03T18:00:33.959454Z</time></trkpt>
  <trkpt lat="37.4133423" lon="-121.9956242"><ele>90</ele><time>2026-05-03T18:00:34.060118Z</time></trkpt>
  <trkpt lat="37.4133396" lon="-121.9956045"><ele>91</ele><time>2026-05-03T18:00:34.161035Z</time></trkpt>
  <trkpt lat="37.4133372" lon="-121.9955847"><ele>91</ele><time>2026-05-03T18:00:34.261656Z</time></trkpt>
  <trkpt lat="37.4133372" lon="-121.9955847"><ele>91</ele><time>2026-05-03T18:00:34.288772Z</time></trkpt>
  <trkpt lat="37.4133358" lon="-121.9955644"><ele>91</ele><time>2026-05-03T18:00:34.362169Z</time></trkpt>
  <trkpt lat="37.4133342" lon="-121.9955437"><ele>92</ele><time>2026-05-03T18:00:34.463799Z</time></trkpt>
  <trkpt lat="37.4133326" lon="-121.9955232"><ele>92</ele><time>2026-05-03T18:00:34.564666Z</time></trkpt>
  <trkpt lat="37.4133309" lon="-121.9955028"><ele>92</ele><time>2026-05-03T18:00:34.664824Z</time></trkpt>
  <trkpt lat="37.4133283" lon="-121.9954824"><ele>92</ele><time>2026-05-03T18:00:34.766211Z</time></trkpt>
  <trkpt lat="37.4133240" lon="-121.9954615"><ele>92</ele><time>2026-05-03T18:00:34.867285Z</time></trkpt>
  <trkpt lat="37.4133181" lon="-121.9954419"><ele>92</ele><time>2026-05-03T18:00:34.968350Z</time></trkpt>
  <trkpt lat="37.4133096" lon="-121.9954245"><ele>93</ele><time>2026-05-03T18:00:35.068820Z</time></trkpt>
  <trkpt lat="37.4132994" lon="-121.9954114"><ele>93</ele><time>2026-05-03T18:00:35.168999Z</time></trkpt>
  <trkpt lat="37.4132880" lon="-121.9954015"><ele>93</ele><time>2026-05-03T18:00:35.249982Z</time></trkpt>
  <trkpt lat="37.4132761" lon="-121.9953934"><ele>94</ele><time>2026-05-03T18:00:35.370938Z</time></trkpt>
  <trkpt lat="37.4132651" lon="-121.9953864"><ele>95</ele><time>2026-05-03T18:00:35.451073Z</time></trkpt>
  <trkpt lat="37.4132539" lon="-121.9953800"><ele>96</ele><time>2026-05-03T18:00:35.571300Z</time></trkpt>
  <trkpt lat="37.4132431" lon="-121.9953734"><ele>96</ele><time>2026-05-03T18:00:35.651599Z</time></trkpt>
  <trkpt lat="37.4132327" lon="-121.9953667"><ele>97</ele><time>2026-05-03T18:00:35.751828Z</time></trkpt>
  <trkpt lat="37.4132207" lon="-121.9953600"><ele>98</ele><time>2026-05-03T18:00:35.852659Z</time></trkpt>
  <trkpt lat="37.4132079" lon="-121.9953533"><ele>98</ele><time>2026-05-03T18:00:35.953411Z</time></trkpt>
  <trkpt lat="37.4131967" lon="-121.9953459"><ele>98</ele><time>2026-05-03T18:00:36.053434Z</time></trkpt>
  <trkpt lat="37.4131851" lon="-121.9953393"><ele>98</ele><time>2026-05-03T18:00:36.153917Z</time></trkpt>
  <trkpt lat="37.4131752" lon="-121.9953341"><ele>99</ele><time>2026-05-03T18:00:36.254305Z</time></trkpt>
  <trkpt lat="37.4131668" lon="-121.9953312"><ele>100</ele><time>2026-05-03T18:00:36.355170Z</time></trkpt>
  <trkpt lat="37.4131668" lon="-121.9953312"><ele>100</ele><time>2026-05-03T18:00:36.444882Z</time></trkpt>
  <trkpt lat="37.4131572" lon="-121.9953318"><ele>101</ele><time>2026-05-03T18:00:36.455458Z</time></trkpt>
  <trkpt lat="37.4131471" lon="-121.9953349"><ele>102</ele><time>2026-05-03T18:00:36.556096Z</time></trkpt>
  <trkpt lat="37.4131371" lon="-121.9953395"><ele>103</ele><time>2026-05-03T18:00:36.657081Z</time></trkpt>
  <trkpt lat="37.4131267" lon="-121.9953430"><ele>104</ele><time>2026-05-03T18:00:36.758040Z</time></trkpt>
  <trkpt lat="37.4131150" lon="-121.9953449"><ele>104</ele><time>2026-05-03T18:00:36.857454Z</time></trkpt>
  <trkpt lat="37.4131025" lon="-121.9953478"><ele>105</ele><time>2026-05-03T18:00:36.957783Z</time></trkpt>
  <trkpt lat="37.4130910" lon="-121.9953528"><ele>106</ele><time>2026-05-03T18:00:37.058236Z</time></trkpt>
  <trkpt lat="37.4130795" lon="-121.9953600"><ele>106</ele><time>2026-05-03T18:00:37.159282Z</time></trkpt>
  <trkpt lat="37.4130691" lon="-121.9953694"><ele>107</ele><time>2026-05-03T18:00:37.259567Z</time></trkpt>
  <trkpt lat="37.4130585" lon="-121.9953781"><ele>107</ele><time>2026-05-03T18:00:37.360253Z</time></trkpt>
  <trkpt lat="37.4130481" lon="-121.9953858"><ele>108</ele><time>2026-05-03T18:00:37.460890Z</time></trkpt>
  <trkpt lat="37.4130385" lon="-121.9953927"><ele>108</ele><time>2026-05-03T18:00:37.561874Z</time></trkpt>
  <trkpt lat="37.4130290" lon="-121.9953978"><ele>109</ele><time>2026-05-03T18:00:37.662129Z</time></trkpt>
  <trkpt lat="37.4130195" lon="-121.9954010"><ele>109</ele><time>2026-05-03T18:00:37.763486Z</time></trkpt>
  <trkpt lat="37.4130097" lon="-121.9954025"><ele>109</ele><time>2026-05-03T18:00:37.864033Z</time></trkpt>
  <trkpt lat="37.4130010" lon="-121.9954023"><ele>109</ele><time>2026-05-03T18:00:37.965128Z</time></trkpt>
  <trkpt lat="37.4129935" lon="-121.9954023"><ele>110</ele><time>2026-05-03T18:00:38.065562Z</time></trkpt>
  <trkpt lat="37.4129870" lon="-121.9954027"><ele>110</ele><time>2026-05-03T18:00:38.165728Z</time></trkpt>
  <trkpt lat="37.4129797" lon="-121.9954061"><ele>110</ele><time>2026-05-03T18:00:38.266438Z</time></trkpt>
  <trkpt lat="37.4129731" lon="-121.9954107"><ele>110</ele><time>2026-05-03T18:00:38.346870Z</time></trkpt>
  <trkpt lat="37.4129676" lon="-121.9954179"><ele>110</ele><time>2026-05-03T18:00:38.447154Z</time></trkpt>
  <trkpt lat="37.4129651" lon="-121.9954282"><ele>111</ele><time>2026-05-03T18:00:38.547645Z</time></trkpt>
  <trkpt lat="37.4129651" lon="-121.9954282"><ele>111</ele><time>2026-05-03T18:00:38.603819Z</time></trkpt>
  <trkpt lat="37.4129654" lon="-121.9954436"><ele>111</ele><time>2026-05-03T18:00:38.648069Z</time></trkpt>
  <trkpt lat="37.4129682" lon="-121.9954605"><ele>111</ele><time>2026-05-03T18:00:38.748333Z</time></trkpt>
  <trkpt lat="37.4129726" lon="-121.9954768"><ele>112</ele><time>2026-05-03T18:00:38.848970Z</time></trkpt>
  <trkpt lat="37.4129771" lon="-121.9954934"><ele>114</ele><time>2026-05-03T18:00:38.950170Z</time></trkpt>
  <trkpt lat="37.4129822" lon="-121.9955073"><ele>116</ele><time>2026-05-03T18:00:39.051205Z</time></trkpt>
  <trkpt lat="37.4129878" lon="-121.9955214"><ele>118</ele><time>2026-05-03T18:00:39.152386Z</time></trkpt>
  <trkpt lat="37.4129934" lon="-121.9955351"><ele>119</ele><time>2026-05-03T18:00:39.252973Z</time></trkpt>
  <trkpt lat="37.4129988" lon="-121.9955479"><ele>120</ele><time>2026-05-03T18:00:39.353673Z</time></trkpt>
  <trkpt lat="37.4130036" lon="-121.9955613"><ele>121</ele><time>2026-05-03T18:00:39.454587Z</time></trkpt>
  <trkpt lat="37.4130121" lon="-121.9955738"><ele>122</ele><time>2026-05-03T18:00:39.554161Z</time></trkpt>
  <trkpt lat="37.4130218" lon="-121.9955893"><ele>122</ele><time>2026-05-03T18:00:39.654683Z</time></trkpt>
  <trkpt lat="37.4130317" lon="-121.9956014"><ele>122</ele><time>2026-05-03T18:00:39.754869Z</time></trkpt>
  <trkpt lat="37.4130401" lon="-121.9956103"><ele>123</ele><time>2026-05-03T18:00:39.855271Z</time></trkpt>
  <trkpt lat="37.4130456" lon="-121.9956187"><ele>125</ele><time>2026-05-03T18:00:39.956488Z</time></trkpt>
  <trkpt lat="37.4130486" lon="-121.9956270"><ele>126</ele><time>2026-05-03T18:00:40.057034Z</time></trkpt>
  <trkpt lat="37.4130491" lon="-121.9956369"><ele>127</ele><time>2026-05-03T18:00:40.157483Z</time></trkpt>
  <trkpt lat="37.4130480" lon="-121.9956435"><ele>128</ele><time>2026-05-03T18:00:40.258143Z</time></trkpt>
  <trkpt lat="37.4130423" lon="-121.9956562"><ele>129</ele><time>2026-05-03T18:00:40.359389Z</time></trkpt>
  <trkpt lat="37.4130362" lon="-121.9956663"><ele>129</ele><time>2026-05-03T18:00:40.459585Z</time></trkpt>
  <trkpt lat="37.4130314" lon="-121.9956742"><ele>130</ele><time>2026-05-03T18:00:40.559773Z</time></trkpt>
  <trkpt lat="37.4130263" lon="-121.9956842"><ele>130</ele><time>2026-05-03T18:00:40.660549Z</time></trkpt>
  <trkpt lat="37.4130232" lon="-121.9956956"><ele>131</ele><time>2026-05-03T18:00:40.761153Z</time></trkpt>
  <trkpt lat="37.4130232" lon="-121.9956956"><ele>131</ele><time>2026-05-03T18:00:40.762661Z</time></trkpt>
  <trkpt lat="37.4130216" lon="-121.9957086"><ele>131</ele><time>2026-05-03T18:00:40.861688Z</time></trkpt>
  <trkpt lat="37.4130213" lon="-121.9957209"><ele>131</ele><time>2026-05-03T18:00:40.962019Z</time></trkpt>
  <trkpt lat="37.4130224" lon="-121.9957314"><ele>131</ele><time>2026-05-03T18:00:41.043440Z</time></trkpt>
  <trkpt lat="37.4130252" lon="-121.9957401"><ele>130</ele><time>2026-05-03T18:00:41.143258Z</time></trkpt>
  <trkpt lat="37.4130278" lon="-121.9957512"><ele>129</ele><time>2026-05-03T18:00:41.243845Z</time></trkpt>
  <trkpt lat="37.4130289" lon="-121.9957654"><ele>128</ele><time>2026-05-03T18:00:41.344725Z</time></trkpt>
  <trkpt lat="37.4130301" lon="-121.9957811"><ele>125</ele><time>2026-05-03T18:00:41.444821Z</time></trkpt>
  <trkpt lat="37.4130317" lon="-121.9957979"><ele>122</ele><time>2026-05-03T18:00:41.545065Z</time></trkpt>
  <trkpt lat="37.4130364" lon="-121.9958138"><ele>120</ele><time>2026-05-03T18:00:41.645611Z</time></trkpt>
  <trkpt lat="37.4130465" lon="-121.9958290"><ele>119</ele><time>2026-05-03T18:00:41.746459Z</time></trkpt>
  <trkpt lat="37.4130610" lon="-121.9958435"><ele>118</ele><time>2026-05-03T18:00:41.867635Z</time></trkpt>
  <trkpt lat="37.4130783" lon="-121.9958554"><ele>118</ele><time>2026-05-03T18:00:41.949102Z</time></trkpt>
  <trkpt lat="37.4130988" lon="-121.9958628"><ele>118</ele><time>2026-05-03T18:00:42.049546Z</time></trkpt>
  <trkpt lat="37.4131201" lon="-121.9958651"><ele>118</ele><time>2026-05-03T18:00:42.149882Z</time></trkpt>
  <trkpt lat="37.4131413" lon="-121.9958662"><ele>119</ele><time>2026-05-03T18:00:42.250966Z</time></trkpt>
  <trkpt lat="37.4131619" lon="-121.9958674"><ele>119</ele><time>2026-05-03T18:00:42.351216Z</time></trkpt>
  <trkpt lat="37.4131823" lon="-121.9958697"><ele>119</ele><time>2026-05-03T18:00:42.451880Z</time></trkpt>
  <trkpt lat="37.4132013" lon="-121.9958742"><ele>119</ele><time>2026-05-03T18:00:42.552470Z</time></trkpt>
  <trkpt lat="37.4132200" lon="-121.9958759"><ele>119</ele><time>2026-05-03T18:00:42.653830Z</time></trkpt>
  <trkpt lat="37.4132392" lon="-121.9958760"><ele>118</ele><time>2026-05-03T18:00:42.754456Z</time></trkpt>
  <trkpt lat="37.4132574" lon="-121.9958723"><ele>118</ele><time>2026-05-03T18:00:42.854837Z</time></trkpt>
  <trkpt lat="37.4132574" lon="-121.9958723"><ele>118</ele><time>2026-05-03T18:00:42.928066Z</time></trkpt>
  <trkpt lat="37.4132744" lon="-121.9958664"><ele>117</ele><time>2026-05-03T18:00:42.955435Z</time></trkpt>
  <trkpt lat="37.4132908" lon="-121.9958601"><ele>116</ele><time>2026-05-03T18:00:43.056221Z</time></trkpt>
  <trkpt lat="37.4133062" lon="-121.9958532"><ele>115</ele><time>2026-05-03T18:00:43.157364Z</time></trkpt>
  <trkpt lat="37.4133205" lon="-121.9958449"><ele>114</ele><time>2026-05-03T18:00:43.257877Z</time></trkpt>
  <trkpt lat="37.4133338" lon="-121.9958353"><ele>113</ele><time>2026-05-03T18:00:43.358324Z</time></trkpt>
  <trkpt lat="37.4133465" lon="-121.9958264"><ele>112</ele><time>2026-05-03T18:00:43.459173Z</time></trkpt>
  <trkpt lat="37.4133589" lon="-121.9958182"><ele>110</ele><time>2026-05-03T18:00:43.559911Z</time></trkpt>
  <trkpt lat="37.4133696" lon="-121.9958100"><ele>108</ele><time>2026-05-03T18:00:43.640007Z</time></trkpt>
  <trkpt lat="37.4133786" lon="-121.9958014"><ele>106</ele><time>2026-05-03T18:00:43.760672Z</time></trkpt>
  <trkpt lat="37.4133868" lon="-121.9957905"><ele>104</ele><time>2026-05-03T18:00:43.842303Z</time></trkpt>
  <trkpt lat="37.4133953" lon="-121.9957778"><ele>102</ele><time>2026-05-03T18:00:43.944087Z</time></trkpt>
  <trkpt lat="37.4134028" lon="-121.9957630"><ele>101</ele><time>2026-05-03T18:00:44.044605Z</time></trkpt>
  <trkpt lat="37.4134109" lon="-121.9957460"><ele>100</ele><time>2026-05-03T18:00:44.144920Z</time></trkpt>
  <trkpt lat="37.4134188" lon="-121.9957287"><ele>100</ele><time>2026-05-03T18:00:44.245591Z</time></trkpt>
  <trkpt lat="37.4134257" lon="-121.9957119"><ele>100</ele><time>2026-05-03T18:00:44.346091Z</time></trkpt>
  <trkpt lat="37.4134320" lon="-121.9956966"><ele>100</ele><time>2026-05-03T18:00:44.446116Z</time></trkpt>
  <trkpt lat="37.4134393" lon="-121.9956815"><ele>100</ele><time>2026-05-03T18:00:44.546583Z</time></trkpt>
  <trkpt lat="37.4134468" lon="-121.9956672"><ele>101</ele><time>2026-05-03T18:00:44.646838Z</time></trkpt>
  <trkpt lat="37.4134541" lon="-121.9956568"><ele>102</ele><time>2026-05-03T18:00:44.748363Z</time></trkpt>
  <trkpt lat="37.4134625" lon="-121.9956484"><ele>103</ele><time>2026-05-03T18:00:44.849913Z</time></trkpt>
  <trkpt lat="37.4134709" lon="-121.9956437"><ele>105</ele><time>2026-05-03T18:00:44.949830Z</time></trkpt>
  <trkpt lat="37.4134798" lon="-121.9956421"><ele>106</ele><time>2026-05-03T18:00:45.050055Z</time></trkpt>
  <trkpt lat="37.4134798" lon="-121.9956421"><ele>106</ele><time>2026-05-03T18:00:45.095152Z</time></trkpt>
  <trkpt lat="37.4134888" lon="-121.9956437"><ele>107</ele><time>2026-05-03T18:00:45.151884Z</time></trkpt>
  <trkpt lat="37.4134975" lon="-121.9956472"><ele>108</ele><time>2026-05-03T18:00:45.252288Z</time></trkpt>
  <trkpt lat="37.4135065" lon="-121.9956529"><ele>109</ele><time>2026-05-03T18:00:45.352608Z</time></trkpt>
  <trkpt lat="37.4135166" lon="-121.9956600"><ele>111</ele><time>2026-05-03T18:00:45.453261Z</time></trkpt>
  <trkpt lat="37.4135263" lon="-121.9956689"><ele>111</ele><time>2026-05-03T18:00:45.554328Z</time></trkpt>
  <trkpt lat="37.4135367" lon="-121.9956811"><ele>111</ele><time>2026-05-03T18:00:45.655065Z</time></trkpt>
  <trkpt lat="37.4135472" lon="-121.9956919"><ele>111</ele><time>2026-05-03T18:00:45.756137Z</time></trkpt>
  <trkpt lat="37.4135590" lon="-121.9957006"><ele>112</ele><time>2026-05-03T18:00:45.856642Z</time></trkpt>
  <trkpt lat="37.4135701" lon="-121.9957094"><ele>111</ele><time>2026-05-03T18:00:45.937402Z</time></trkpt>
  <trkpt lat="37.4135798" lon="-121.9957196"><ele>110</ele><time>2026-05-03T18:00:46.057633Z</time></trkpt>
  <trkpt lat="37.4135902" lon="-121.9957282"><ele>109</ele><time>2026-05-03T18:00:46.138272Z</time></trkpt>
  <trkpt lat="37.4135995" lon="-121.9957352"><ele>107</ele><time>2026-05-03T18:00:46.239518Z</time></trkpt>
  <trkpt lat="37.4136056" lon="-121.9957376"><ele>104</ele><time>2026-05-03T18:00:46.340730Z</time></trkpt>
  <trkpt lat="37.4136112" lon="-121.9957295"><ele>102</ele><time>2026-05-03T18:00:46.441819Z</time></trkpt>
  <trkpt lat="37.4136170" lon="-121.9957165"><ele>100</ele><time>2026-05-03T18:00:46.542197Z</time></trkpt>
  <trkpt lat="37.4136222" lon="-121.9957032"><ele>98</ele><time>2026-05-03T18:00:46.642608Z</time></trkpt>
  <trkpt lat="37.4136269" lon="-121.9956895"><ele>95</ele><time>2026-05-03T18:00:46.743453Z</time></trkpt>
  <trkpt lat="37.4136329" lon="-121.9956752"><ele>94</ele><time>2026-05-03T18:00:46.844171Z</time></trkpt>
  <trkpt lat="37.4136384" lon="-121.9956617"><ele>91</ele><time>2026-05-03T18:00:46.945002Z</time></trkpt>
  <trkpt lat="37.4136436" lon="-121.9956485"><ele>89</ele><time>2026-05-03T18:00:47.046086Z</time></trkpt>
  <trkpt lat="37.4136474" lon="-121.9956356"><ele>86</ele><time>2026-05-03T18:00:47.147372Z</time></trkpt>
  <trkpt lat="37.4136474" lon="-121.9956356"><ele>86</ele><time>2026-05-03T18:00:47.243436Z</time></trkpt>
  <trkpt lat="37.4136525" lon="-121.9956217"><ele>84</ele><time>2026-05-03T18:00:47.248087Z</time></trkpt>
  <trkpt lat="37.4136560" lon="-121.9956097"><ele>81</ele><time>2026-05-03T18:00:47.348806Z</time></trkpt>
  <trkpt lat="37.4136600" lon="-121.9955973"><ele>78</ele><time>2026-05-03T18:00:47.449414Z</time></trkpt>
  <trkpt lat="37.4136641" lon="-121.9955843"><ele>75</ele><time>2026-05-03T18:00:47.549782Z</time></trkpt>
  <trkpt lat="37.4136680" lon="-121.9955711"><ele>72</ele><time>2026-05-03T18:00:47.651537Z</time></trkpt>
  <trkpt lat="37.4136719" lon="-121.9955580"><ele>70</ele><time>2026-05-03T18:00:47.752162Z</time></trkpt>
  <trkpt lat="37.4136757" lon="-121.9955447"><ele>67</ele><time>2026-05-03T18:00:47.853427Z</time></trkpt>
  <trkpt lat="37.4136792" lon="-121.9955320"><ele>65</ele><time>2026-05-03T18:00:47.954563Z</time></trkpt>
  <trkpt lat="37.4136829" lon="-121.9955194"><ele>62</ele><time>2026-05-03T18:00:48.054200Z</time></trkpt>
  <trkpt lat="37.4136872" lon="-121.9955041"><ele>59</ele><time>2026-05-03T18:00:48.154677Z</time></trkpt>
  <trkpt lat="37.4136918" lon="-121.9954851"><ele>57</ele><time>2026-05-03T18:00:48.234780Z</time></trkpt>
  <trkpt lat="37.4136978" lon="-121.9954612"><ele>56</ele><time>2026-05-03T18:00:48.354873Z</time></trkpt>
  <trkpt lat="37.4137049" lon="-121.9954339"><ele>55</ele><time>2026-05-03T18:00:48.435672Z</time></trkpt>
  <trkpt lat="37.4137116" lon="-121.9954061"><ele>55</ele><time>2026-05-03T18:00:48.536589Z</time></trkpt>
  <trkpt lat="37.4137186" lon="-121.9953785"><ele>56</ele><time>2026-05-03T18:00:48.636966Z</time></trkpt>
  <trkpt lat="37.4137253" lon="-121.9953524"><ele>56</ele><time>2026-05-03T18:00:48.737624Z</time></trkpt>
  <trkpt lat="37.4137316" lon="-121.9953269"><ele>56</ele><time>2026-05-03T18:00:48.838574Z</time></trkpt>
  <trkpt lat="37.4137380" lon="-121.9953011"><ele>56</ele><time>2026-05-03T18:00:48.938601Z</time></trkpt>
  <trkpt lat="37.4137441" lon="-121.9952759"><ele>56</ele><time>2026-05-03T18:00:49.039064Z</time></trkpt>
  <trkpt lat="37.4137502" lon="-121.9952514"><ele>57</ele><time>2026-05-03T18:00:49.139615Z</time></trkpt>
  <trkpt lat="37.4137560" lon="-121.9952273"><ele>57</ele><time>2026-05-03T18:00:49.239934Z</time></trkpt>
  <trkpt lat="37.4137619" lon="-121.9952037"><ele>57</ele><time>2026-05-03T18:00:49.340669Z</time></trkpt>
  <trkpt lat="37.4137619" lon="-121.9952037"><ele>57</ele><time>2026-05-03T18:00:49.388907Z</time></trkpt>
  <trkpt lat="37.4137679" lon="-121.9951805"><ele>58</ele><time>2026-05-03T18:00:49.441772Z</time></trkpt>
  <trkpt lat="37.4137734" lon="-121.9951575"><ele>58</ele><time>2026-05-03T18:00:49.542034Z</time></trkpt>
  <trkpt lat="37.4137783" lon="-121.9951342"><ele>59</ele><time>2026-05-03T18:00:49.642579Z</time></trkpt>
  <trkpt lat="37.4137827" lon="-121.9951109"><ele>59</ele><time>2026-05-03T18:00:49.742914Z</time></trkpt>
  <trkpt lat="37.4137868" lon="-121.9950878"><ele>60</ele><time>2026-05-03T18:00:49.843470Z</time></trkpt>
  <trkpt lat="37.4137906" lon="-121.9950648"><ele>60</ele><time>2026-05-03T18:00:49.944003Z</time></trkpt>
  <trkpt lat="37.4137940" lon="-121.9950417"><ele>61</ele><time>2026-05-03T18:00:50.044577Z</time></trkpt>
  <trkpt lat="37.4137969" lon="-121.9950187"><ele>61</ele><time>2026-05-03T18:00:50.145167Z</time></trkpt>
  <trkpt lat="37.4137994" lon="-121.9949959"><ele>61</ele><time>2026-05-03T18:00:50.245860Z</time></trkpt>
  <trkpt lat="37.4138013" lon="-121.9949732"><ele>62</ele><time>2026-05-03T18:00:50.346539Z</time></trkpt>
  <trkpt lat="37.4138025" lon="-121.9949505"><ele>62</ele><time>2026-05-03T18:00:50.447024Z</time></trkpt>
  <trkpt lat="37.4138029" lon="-121.9949278"><ele>63</ele><time>2026-05-03T18:00:50.547438Z</time></trkpt>
  <trkpt lat="37.4138027" lon="-121.9949050"><ele>63</ele><time>2026-05-03T18:00:50.647905Z</time></trkpt>
  <trkpt lat="37.4138022" lon="-121.9948820"><ele>63</ele><time>2026-05-03T18:00:50.748502Z</time></trkpt>
  <trkpt lat="37.4138012" lon="-121.9948587"><ele>64</ele><time>2026-05-03T18:00:50.849491Z</time></trkpt>
  <trkpt lat="37.4137996" lon="-121.9948354"><ele>64</ele><time>2026-05-03T18:00:50.950059Z</time></trkpt>
  <trkpt lat="37.4137973" lon="-121.9948122"><ele>64</ele><time>2026-05-03T18:00:51.051082Z</time></trkpt>
  <trkpt lat="37.4137944" lon="-121.9947890"><ele>64</ele><time>2026-05-03T18:00:51.151734Z</time></trkpt>
  <trkpt lat="37.4137906" lon="-121.9947660"><ele>64</ele><time>2026-05-03T18:00:51.231779Z</time></trkpt>
  <trkpt lat="37.4137864" lon="-121.9947430"><ele>64</ele><time>2026-05-03T18:00:51.332234Z</time></trkpt>
  <trkpt lat="37.4137812" lon="-121.9947207"><ele>64</ele><time>2026-05-03T18:00:51.433119Z</time></trkpt>
  <trkpt lat="37.4137747" lon="-121.9946988"><ele>64</ele><time>2026-05-03T18:00:51.533450Z</time></trkpt>
  <trkpt lat="37.4137747" lon="-121.9946988"><ele>64</ele><time>2026-05-03T18:00:51.540195Z</time></trkpt>
  <trkpt lat="37.4137668" lon="-121.9946777"><ele>64</ele><time>2026-05-03T18:00:51.634233Z</time></trkpt>
  <trkpt lat="37.4137580" lon="-121.9946575"><ele>64</ele><time>2026-05-03T18:00:51.734775Z</time></trkpt>
  <trkpt lat="37.4137484" lon="-121.9946388"><ele>65</ele><time>2026-05-03T18:00:51.836106Z</time></trkpt>
  <trkpt lat="37.4137381" lon="-121.9946210"><ele>65</ele><time>2026-05-03T18:00:51.935300Z</time></trkpt>
  <trkpt lat="37.4137279" lon="-121.9946039"><ele>66</ele><time>2026-05-03T18:00:52.035969Z</time></trkpt>
  <trkpt lat="37.4137174" lon="-121.9945871"><ele>66</ele><time>2026-05-03T18:00:52.137289Z</time></trkpt>
  <trkpt lat="37.4137067" lon="-121.9945707"><ele>67</ele><time>2026-05-03T18:00:52.237251Z</time></trkpt>
  <trkpt lat="37.4136955" lon="-121.9945547"><ele>67</ele><time>2026-05-03T18:00:52.337595Z</time></trkpt>
  <trkpt lat="37.4136838" lon="-121.9945393"><ele>68</ele><time>2026-05-03T18:00:52.437963Z</time></trkpt>
  <trkpt lat="37.4136718" lon="-121.9945241"><ele>68</ele><time>2026-05-03T18:00:52.538373Z</time></trkpt>
  <trkpt lat="37.4136597" lon="-121.9945094"><ele>69</ele><time>2026-05-03T18:00:52.639287Z</time></trkpt>
  <trkpt lat="37.4136473" lon="-121.9944949"><ele>69</ele><time>2026-05-03T18:00:52.739986Z</time></trkpt>
  <trkpt lat="37.4136345" lon="-121.9944809"><ele>69</ele><time>2026-05-03T18:00:52.840605Z</time></trkpt>
  <trkpt lat="37.4136211" lon="-121.9944678"><ele>70</ele><time>2026-05-03T18:00:52.941421Z</time></trkpt>
  <trkpt lat="37.4136073" lon="-121.9944552"><ele>70</ele><time>2026-05-03T18:00:53.041930Z</time></trkpt>
  <trkpt lat="37.4135929" lon="-121.9944434"><ele>70</ele><time>2026-05-03T18:00:53.142530Z</time></trkpt>
  <trkpt lat="37.4135785" lon="-121.9944318"><ele>70</ele><time>2026-05-03T18:00:53.243669Z</time></trkpt>
  <trkpt lat="37.4135632" lon="-121.9944210"><ele>71</ele><time>2026-05-03T18:00:53.344019Z</time></trkpt>
  <trkpt lat="37.4135477" lon="-121.9944106"><ele>71</ele><time>2026-05-03T18:00:53.444413Z</time></trkpt>
  <trkpt lat="37.4135319" lon="-121.9944006"><ele>71</ele><time>2026-05-03T18:00:53.545754Z</time></trkpt>
  <trkpt lat="37.4135159" lon="-121.9943910"><ele>71</ele><time>2026-05-03T18:00:53.647102Z</time></trkpt>
  <trkpt lat="37.4135159" lon="-121.9943910"><ele>71</ele><time>2026-05-03T18:00:53.691903Z</time></trkpt>
  <trkpt lat="37.4135000" lon="-121.9943815"><ele>71</ele><time>2026-05-03T18:00:53.747737Z</time></trkpt>
  <trkpt lat="37.4134837" lon="-121.9943724"><ele>71</ele><time>2026-05-03T18:00:53.848127Z</time></trkpt>
  <trkpt lat="37.4134673" lon="-121.9943639"><ele>70</ele><time>2026-05-03T18:00:53.948570Z</time></trkpt>
  <trkpt lat="37.4134504" lon="-121.9943559"><ele>70</ele><time>2026-05-03T18:00:54.029499Z</time></trkpt>
  <trkpt lat="37.4134333" lon="-121.9943484"><ele>70</ele><time>2026-05-03T18:00:54.149842Z</time></trkpt>
  <trkpt lat="37.4134159" lon="-121.9943415"><ele>70</ele><time>2026-05-03T18:00:54.230086Z</time></trkpt>
  <trkpt lat="37.4133983" lon="-121.9943352"><ele>69</ele><time>2026-05-03T18:00:54.330725Z</time></trkpt>
  <trkpt lat="37.4133805" lon="-121.9943298"><ele>69</ele><time>2026-05-03T18:00:54.431301Z</time></trkpt>
  <trkpt lat="37.4133624" lon="-121.9943254"><ele>69</ele><time>2026-05-03T18:00:54.532371Z</time></trkpt>
  <trkpt lat="37.4133443" lon="-121.9943218"><ele>68</ele><time>2026-05-03T18:00:54.632577Z</time></trkpt>
  <trkpt lat="37.4133261" lon="-121.9943194"><ele>68</ele><time>2026-05-03T18:00:54.733500Z</time></trkpt>
  <trkpt lat="37.4133080" lon="-121.9943181"><ele>68</ele><time>2026-05-03T18:00:54.833712Z</time></trkpt>
  <trkpt lat="37.4132900" lon="-121.9943178"><ele>68</ele><time>2026-05-03T18:00:54.934225Z</time></trkpt>
  <trkpt lat="37.4132725" lon="-121.9943180"><ele>67</ele><time>2026-05-03T18:00:55.035134Z</time></trkpt>
  <trkpt lat="37.4132551" lon="-121.9943189"><ele>67</ele><time>2026-05-03T18:00:55.135473Z</time></trkpt>
  <trkpt lat="37.4132378" lon="-121.9943201"><ele>66</ele><time>2026-05-03T18:00:55.236221Z</time></trkpt>
  <trkpt lat="37.4132209" lon="-121.9943217"><ele>66</ele><time>2026-05-03T18:00:55.337541Z</time></trkpt>
  <trkpt lat="37.4132039" lon="-121.9943250"><ele>65</ele><time>2026-05-03T18:00:55.437744Z</time></trkpt>
  <trkpt lat="37.4131874" lon="-121.9943302"><ele>64</ele><time>2026-05-03T18:00:55.537812Z</time></trkpt>
  <trkpt lat="37.4131712" lon="-121.9943380"><ele>64</ele><time>2026-05-03T18:00:55.638369Z</time></trkpt>
  <trkpt lat="37.4131555" lon="-121.9943474"><ele>63</ele><time>2026-05-03T18:00:55.739505Z</time></trkpt>
  <trkpt lat="37.4131400" lon="-121.9943579"><ele>63</ele><time>2026-05-03T18:00:55.840217Z</time></trkpt>
  <trkpt lat="37.4131400" lon="-121.9943579"><ele>63</ele><time>2026-05-03T18:00:55.852265Z</time></trkpt>
  <trkpt lat="37.4131252" lon="-121.9943696"><ele>62</ele><time>2026-05-03T18:00:55.940317Z</time></trkpt>
  <trkpt lat="37.4131108" lon="-121.9943822"><ele>62</ele><time>2026-05-03T18:00:56.040816Z</time></trkpt>
  <trkpt lat="37.4130967" lon="-121.9943954"><ele>61</ele><time>2026-05-03T18:00:56.141308Z</time></trkpt>
  <trkpt lat="37.4130827" lon="-121.9944088"><ele>60</ele><time>2026-05-03T18:00:56.242015Z</time></trkpt>
  <trkpt lat="37.4130689" lon="-121.9944224"><ele>60</ele><time>2026-05-03T18:00:56.342743Z</time></trkpt>
  <trkpt lat="37.4130553" lon="-121.9944363"><ele>59</ele><time>2026-05-03T18:00:56.443695Z</time></trkpt>
  <trkpt lat="37.4130420" lon="-121.9944504"><ele>58</ele><time>2026-05-03T18:00:56.544419Z</time></trkpt>
  <trkpt lat="37.4130288" lon="-121.9944643"><ele>57</ele><time>2026-05-03T18:00:56.645188Z</time></trkpt>
  <trkpt lat="37.4130156" lon="-121.9944784"><ele>56</ele><time>2026-05-03T18:00:56.726078Z</time></trkpt>
  <trkpt lat="37.4130021" lon="-121.9944927"><ele>56</ele><time>2026-05-03T18:00:56.826947Z</time></trkpt>
  <trkpt lat="37.4129885" lon="-121.9945072"><ele>55</ele><time>2026-05-03T18:00:56.927555Z</time></trkpt>
  <trkpt lat="37.4129749" lon="-121.9945219"><ele>54</ele><time>2026-05-03T18:00:57.027998Z</time></trkpt>
  <trkpt lat="37.4129610" lon="-121.9945370"><ele>54</ele><time>2026-05-03T18:00:57.128681Z</time></trkpt>
  <trkpt lat="37.4129470" lon="-121.9945521"><ele>54</ele><time>2026-05-03T18:00:57.229113Z</time></trkpt>
  <trkpt lat="37.4129334" lon="-121.9945667"><ele>54</ele><time>2026-05-03T18:00:57.329846Z</time></trkpt>
  <trkpt lat="37.4129205" lon="-121.9945810"><ele>54</ele><time>2026-05-03T18:00:57.429998Z</time></trkpt>
  <trkpt lat="37.4129078" lon="-121.9945950"><ele>54</ele><time>2026-05-03T18:00:57.531114Z</time></trkpt>
  <trkpt lat="37.4128954" lon="-121.9946094"><ele>54</ele><time>2026-05-03T18:00:57.630450Z</time></trkpt>
  <trkpt lat="37.4128833" lon="-121.9946234"><ele>55</ele><time>2026-05-03T18:00:57.731002Z</time></trkpt>
  <trkpt lat="37.4128709" lon="-121.9946380"><ele>55</ele><time>2026-05-03T18:00:57.831482Z</time></trkpt>
  <trkpt lat="37.4128592" lon="-121.9946524"><ele>55</ele><time>2026-05-03T18:00:57.932024Z</time></trkpt>
  <trkpt lat="37.4128592" lon="-121.9946524"><ele>55</ele><time>2026-05-03T18:00:58.011223Z</time></trkpt>
  <trkpt lat="37.4128484" lon="-121.9946669"><ele>54</ele><time>2026-05-03T18:00:58.032195Z</time></trkpt>
  <trkpt lat="37.4128375" lon="-121.9946824"><ele>54</ele><time>2026-05-03T18:00:58.132538Z</time></trkpt>
  <trkpt lat="37.4128270" lon="-121.9946984"><ele>54</ele><time>2026-05-03T18:00:58.233583Z</time></trkpt>
  <trkpt lat="37.4128170" lon="-121.9947148"><ele>54</ele><time>2026-05-03T18:00:58.334731Z</time></trkpt>
  <trkpt lat="37.4128078" lon="-121.9947318"><ele>54</ele><time>2026-05-03T18:00:58.435868Z</time></trkpt>
  <trkpt lat="37.4127990" lon="-121.9947492"><ele>53</ele><time>2026-05-03T18:00:58.536636Z</time></trkpt>
  <trkpt lat="37.4127909" lon="-121.9947664"><ele>53</ele><time>2026-05-03T18:00:58.636741Z</time></trkpt>
  <trkpt lat="37.4127831" lon="-121.9947839"><ele>53</ele><time>2026-05-03T18:00:58.737244Z</time></trkpt>
  <trkpt lat="37.4127754" lon="-121.9948019"><ele>53</ele><time>2026-05-03T18:00:58.838433Z</time></trkpt>
  <trkpt lat="37.4127681" lon="-121.9948202"><ele>53</ele><time>2026-05-03T18:00:58.939190Z</time></trkpt>
  <trkpt lat="37.4127610" lon="-121.9948389"><ele>52</ele><time>2026-05-03T18:00:59.040221Z</time></trkpt>
  <trkpt lat="37.4127543" lon="-121.9948579"><ele>52</ele><time>2026-05-03T18:00:59.140704Z</time></trkpt>
  <trkpt lat="37.4127478" lon="-121.9948772"><ele>52</ele><time>2026-05-03T18:00:59.241898Z</time></trkpt>
  <trkpt lat="37.4127419" lon="-121.9948967"><ele>52</ele><time>2026-05-03T18:00:59.342718Z</time></trkpt>
  <trkpt lat="37.4127365" lon="-121.9949166"><ele>51</ele><time>2026-05-03T18:00:59.422916Z</time></trkpt>
  <trkpt lat="37.4127317" lon="-121.9949367"><ele>51</ele><time>2026-05-03T18:00:59.523796Z</time></trkpt>
  <trkpt lat="37.4127279" lon="-121.9949573"><ele>51</ele><time>2026-05-03T18:00:59.624349Z</time></trkpt>
  <trkpt lat="37.4127252" lon="-121.9949781"><ele>51</ele><time>2026-05-03T18:00:59.725511Z</time></trkpt>
  <trkpt lat="37.4127235" lon="-121.9949993"><ele>51</ele><time>2026-05-03T18:00:59.825827Z</time></trkpt>
  <trkpt lat="37.4127237" lon="-121.9950207"><ele>51</ele><time>2026-05-03T18:00:59.926458Z</time></trkpt>
  <trkpt lat="37.4127261" lon="-121.9950417"><ele>51</ele><time>2026-05-03T18:01:00.026824Z</time></trkpt>
  <trkpt lat="37.4127307" lon="-121.9950618"><ele>51</ele><time>2026-05-03T18:01:00.127341Z</time></trkpt>
  <trkpt lat="37.4127307" lon="-121.9950618"><ele>51</ele><time>2026-05-03T18:01:00.167380Z</time></trkpt>
  <trkpt lat="37.4127372" lon="-121.9950806"><ele>51</ele><time>2026-05-03T18:01:00.228229Z</time></trkpt>
  <trkpt lat="37.4127453" lon="-121.9950975"><ele>52</ele><time>2026-05-03T18:01:00.329246Z</time></trkpt>
  <trkpt lat="37.4127552" lon="-121.9951123"><ele>52</ele><time>2026-05-03T18:01:00.430174Z</time></trkpt>
  <trkpt lat="37.4127661" lon="-121.9951253"><ele>53</ele><time>2026-05-03T18:01:00.530244Z</time></trkpt>
  <trkpt lat="37.4127779" lon="-121.9951366"><ele>53</ele><time>2026-05-03T18:01:00.630923Z</time></trkpt>
  <trkpt lat="37.4127906" lon="-121.9951461"><ele>54</ele><time>2026-05-03T18:01:00.731320Z</time></trkpt>
  <trkpt lat="37.4128042" lon="-121.9951537"><ele>54</ele><time>2026-05-03T18:01:00.832143Z</time></trkpt>
  <trkpt lat="37.4128181" lon="-121.9951602"><ele>55</ele><time>2026-05-03T18:01:00.932408Z</time></trkpt>
  <trkpt lat="37.4128324" lon="-121.9951662"><ele>55</ele><time>2026-05-03T18:01:01.033011Z</time></trkpt>
  <trkpt lat="37.4128469" lon="-121.9951714"><ele>55</ele><time>2026-05-03T18:01:01.134409Z</time></trkpt>
  <trkpt lat="37.4128617" lon="-121.9951758"><ele>56</ele><time>2026-05-03T18:01:01.234789Z</time></trkpt>
  <trkpt lat="37.4128769" lon="-121.9951794"><ele>56</ele><time>2026-05-03T18:01:01.335474Z</time></trkpt>
  <trkpt lat="37.4128922" lon="-121.9951818"><ele>56</ele><time>2026-05-03T18:01:01.435893Z</time></trkpt>
  <trkpt lat="37.4129075" lon="-121.9951835"><ele>56</ele><time>2026-05-03T18:01:01.536444Z</time></trkpt>
  <trkpt lat="37.4129229" lon="-121.9951846"><ele>57</ele><time>2026-05-03T18:01:01.636810Z</time></trkpt>
  <trkpt lat="37.4129385" lon="-121.9951847"><ele>57</ele><time>2026-05-03T18:01:01.736918Z</time></trkpt>
  <trkpt lat="37.4129538" lon="-121.9951839"><ele>57</ele><time>2026-05-03T18:01:01.837432Z</time></trkpt>
  <trkpt lat="37.4129689" lon="-121.9951822"><ele>58</ele><time>2026-05-03T18:01:01.937715Z</time></trkpt>
  <trkpt lat="37.4129840" lon="-121.9951801"><ele>58</ele><time>2026-05-03T18:01:02.038192Z</time></trkpt>
  <trkpt lat="37.4129992" lon="-121.9951775"><ele>58</ele><time>2026-05-03T18:01:02.138699Z</time></trkpt>
  <trkpt lat="37.4130144" lon="-121.9951745"><ele>59</ele><time>2026-05-03T18:01:02.218931Z</time></trkpt>
  <trkpt lat="37.4130294" lon="-121.9951712"><ele>59</ele><time>2026-05-03T18:01:02.319386Z</time></trkpt>
  <trkpt lat="37.4130294" lon="-121.9951712"><ele>59</ele><time>2026-05-03T18:01:02.330567Z</time></trkpt>
  <trkpt lat="37.4130444" lon="-121.9951674"><ele>60</ele><time>2026-05-03T18:01:02.421123Z</time></trkpt>
  <trkpt lat="37.4130592" lon="-121.9951631"><ele>60</ele><time>2026-05-03T18:01:02.521857Z</time></trkpt>
  <trkpt lat="37.4130736" lon="-121.9951584"><ele>61</ele><time>2026-05-03T18:01:02.623178Z</time></trkpt>
  <trkpt lat="37.4130877" lon="-121.9951537"><ele>61</ele><time>2026-05-03T18:01:02.724027Z</time></trkpt>
  <trkpt lat="37.4131019" lon="-121.9951485"><ele>62</ele><time>2026-05-03T18:01:02.824054Z</time></trkpt>
  <trkpt lat="37.4131158" lon="-121.9951433"><ele>63</ele><time>2026-05-03T18:01:02.924945Z</time></trkpt>
  <trkpt lat="37.4131298" lon="-121.9951381"><ele>63</ele><time>2026-05-03T18:01:03.025034Z</time></trkpt>
  <trkpt lat="37.4131436" lon="-121.9951327"><ele>64</ele><time>2026-05-03T18:01:03.126601Z</time></trkpt>
  <trkpt lat="37.4131574" lon="-121.9951272"><ele>65</ele><time>2026-05-03T18:01:03.226926Z</time></trkpt>
  <trkpt lat="37.4131712" lon="-121.9951218"><ele>65</ele><time>2026-05-03T18:01:03.327510Z</time></trkpt>
  <trkpt lat="37.4131849" lon="-121.9951165"><ele>66</ele><time>2026-05-03T18:01:03.428106Z</time></trkpt>
  <trkpt lat="37.4131985" lon="-121.9951110"><ele>67</ele><time>2026-05-03T18:01:03.528851Z</time></trkpt>
  <trkpt lat="37.4132119" lon="-121.9951055"><ele>67</ele><time>2026-05-03T18:01:03.629669Z</time></trkpt>
  <trkpt lat="37.4132253" lon="-121.9950999"><ele>68</ele><time>2026-05-03T18:01:03.730300Z</time></trkpt>
  <trkpt lat="37.4132387" lon="-121.9950943"><ele>69</ele><time>2026-05-03T18:01:03.830336Z</time></trkpt>
  <trkpt lat="37.4132522" lon="-121.9950887"><ele>69</ele><time>2026-05-03T18:01:03.931226Z</time></trkpt>
  <trkpt lat="37.4132654" lon="-121.9950833"><ele>70</ele><time>2026-05-03T18:01:04.032308Z</time></trkpt>
  <trkpt lat="37.4132786" lon="-121.9950778"><ele>71</ele><time>2026-05-03T18:01:04.133149Z</time></trkpt>
  <trkpt lat="37.4132916" lon="-121.9950726"><ele>71</ele><time>2026-05-03T18:01:04.233783Z</time></trkpt>
  <trkpt lat="37.4133046" lon="-121.9950675"><ele>72</ele><time>2026-05-03T18:01:04.335138Z</time></trkpt>
  <trkpt lat="37.4133180" lon="-121.9950630"><ele>73</ele><time>2026-05-03T18:01:04.415878Z</time></trkpt>
  <trkpt lat="37.4133180" lon="-121.9950630"><ele>73</ele><time>2026-05-03T18:01:04.483810Z</time></trkpt>
  <trkpt lat="37.4133313" lon="-121.9950598"><ele>73</ele><time>2026-05-03T18:01:04.537044Z</time></trkpt>
  <trkpt lat="37.4133445" lon="-121.9950582"><ele>74</ele><time>2026-05-03T18:01:04.617966Z</time></trkpt>
  <trkpt lat="37.4133579" lon="-121.9950581"><ele>75</ele><time>2026-05-03T18:01:04.718329Z</time></trkpt>
  <trkpt lat="37.4133715" lon="-121.9950597"><ele>75</ele><time>2026-05-03T18:01:04.818511Z</time></trkpt>
  <trkpt lat="37.4133846" lon="-121.9950636"><ele>75</ele><time>2026-05-03T18:01:04.919190Z</time></trkpt>
  <trkpt lat="37.4133967" lon="-121.9950700"><ele>76</ele><time>2026-05-03T18:01:05.019804Z</time></trkpt>
  <trkpt lat="37.4134075" lon="-121.9950785"><ele>76</ele><time>2026-05-03T18:01:05.120280Z</time></trkpt>
  <trkpt lat="37.4134166" lon="-121.9950891"><ele>77</ele><time>2026-05-03T18:01:05.220580Z</time></trkpt>
  <trkpt lat="37.4134240" lon="-121.9951015"><ele>77</ele><time>2026-05-03T18:01:05.322135Z</time></trkpt>
  <trkpt lat="37.4134296" lon="-121.9951154"><ele>77</ele><time>2026-05-03T18:01:05.421746Z</time></trkpt>
  <trkpt lat="37.4134332" lon="-121.9951297"><ele>77</ele><time>2026-05-03T18:01:05.522459Z</time></trkpt>
  <trkpt lat="37.4134341" lon="-121.9951443"><ele>76</ele><time>2026-05-03T18:01:05.624153Z</time></trkpt>
  <trkpt lat="37.4134329" lon="-121.9951590"><ele>76</ele><time>2026-05-03T18:01:05.724845Z</time></trkpt>
  <trkpt lat="37.4134289" lon="-121.9951731"><ele>75</ele><time>2026-05-03T18:01:05.826306Z</time></trkpt>
  <trkpt lat="37.4134232" lon="-121.9951845"><ele>74</ele><time>2026-05-03T18:01:05.926821Z</time></trkpt>
  <trkpt lat="37.4134154" lon="-121.9951935"><ele>73</ele><time>2026-05-03T18:01:06.027374Z</time></trkpt>
  <trkpt lat="37.4134060" lon="-121.9952008"><ele>73</ele><time>2026-05-03T18:01:06.127601Z</time></trkpt>
  <trkpt lat="37.4133950" lon="-121.9952056"><ele>72</ele><time>2026-05-03T18:01:06.228349Z</time></trkpt>
  <trkpt lat="37.4133825" lon="-121.9952079"><ele>71</ele><time>2026-05-03T18:01:06.328804Z</time></trkpt>
  <trkpt lat="37.4133692" lon="-121.9952081"><ele>71</ele><time>2026-05-03T18:01:06.429037Z</time></trkpt>
  <trkpt lat="37.4133553" lon="-121.9952070"><ele>70</ele><time>2026-05-03T18:01:06.529367Z</time></trkpt>
  <trkpt lat="37.4133408" lon="-121.9952049"><ele>70</ele><time>2026-05-03T18:01:06.629760Z</time></trkpt>
  <trkpt lat="37.4133408" lon="-121.9952049"><ele>70</ele><time>2026-05-03T18:01:06.645716Z</time></trkpt>
  <trkpt lat="37.4133261" lon="-121.9952026"><ele>69</ele><time>2026-05-03T18:01:06.730049Z</time></trkpt>
  <trkpt lat="37.4133112" lon="-121.9952006"><ele>69</ele><time>2026-05-03T18:01:06.830716Z</time></trkpt>
  <trkpt lat="37.4132962" lon="-121.9951988"><ele>68</ele><time>2026-05-03T18:01:06.931108Z</time></trkpt>
  <trkpt lat="37.4132809" lon="-121.9951972"><ele>68</ele><time>2026-05-03T18:01:07.031825Z</time></trkpt>
  <trkpt lat="37.4132650" lon="-121.9951962"><ele>67</ele><time>2026-05-03T18:01:07.132154Z</time></trkpt>
  <trkpt lat="37.4132489" lon="-121.9951957"><ele>67</ele><time>2026-05-03T18:01:07.232775Z</time></trkpt>
  <trkpt lat="37.4132327" lon="-121.9951954"><ele>66</ele><time>2026-05-03T18:01:07.314407Z</time></trkpt>
  <trkpt lat="37.4132162" lon="-121.9951949"><ele>66</ele><time>2026-05-03T18:01:07.415745Z</time></trkpt>
  <trkpt lat="37.4131992" lon="-121.9951947"><ele>65</ele><time>2026-05-03T18:01:07.516569Z</time></trkpt>
  <trkpt lat="37.4131819" lon="-121.9951948"><ele>65</ele><time>2026-05-03T18:01:07.617241Z</time></trkpt>
  <trkpt lat="37.4131647" lon="-121.9951948"><ele>64</ele><time>2026-05-03T18:01:07.717990Z</time></trkpt>
  <trkpt lat="37.4131475" lon="-121.9951949"><ele>64</ele><time>2026-05-03T18:01:07.818857Z</time></trkpt>
  <trkpt lat="37.4131302" lon="-121.9951952"><ele>63</ele><time>2026-05-03T18:01:07.919425Z</time></trkpt>
  <trkpt lat="37.4131128" lon="-121.9951955"><ele>62</ele><time>2026-05-03T18:01:08.020558Z</time></trkpt>
  <trkpt lat="37.4130954" lon="-121.9951960"><ele>62</ele><time>2026-05-03T18:01:08.120654Z</time></trkpt>
  <trkpt lat="37.4130779" lon="-121.9951967"><ele>61</ele><time>2026-05-03T18:01:08.221153Z</time></trkpt>
  <trkpt lat="37.4130605" lon="-121.9951976"><ele>60</ele><time>2026-05-03T18:01:08.322060Z</time></trkpt>
  <trkpt lat="37.4130430" lon="-121.9951987"><ele>60</ele><time>2026-05-03T18:01:08.422847Z</time></trkpt>
  <trkpt lat="37.4130254" lon="-121.9952000"><ele>59</ele><time>2026-05-03T18:01:08.523985Z</time></trkpt>
  <trkpt lat="37.4130076" lon="-121.9952015"><ele>58</ele><time>2026-05-03T18:01:08.624633Z</time></trkpt>
  <trkpt lat="37.4129895" lon="-121.9952031"><ele>57</ele><time>2026-05-03T18:01:08.725337Z</time></trkpt>
  <trkpt lat="37.4129895" lon="-121.9952031"><ele>57</ele><time>2026-05-03T18:01:08.787115Z</time></trkpt>
  <trkpt lat="37.4129714" lon="-121.9952048"><ele>57</ele><time>2026-05-03T18:01:08.826286Z</time></trkpt>
  <trkpt lat="37.4129534" lon="-121.9952070"><ele>56</ele><time>2026-05-03T18:01:08.926863Z</time></trkpt>
  <trkpt lat="37.4129363" lon="-121.9952083"><ele>55</ele><time>2026-05-03T18:01:09.027562Z</time></trkpt>
  <trkpt lat="37.4129199" lon="-121.9952087"><ele>55</ele><time>2026-05-03T18:01:09.127977Z</time></trkpt>
  <trkpt lat="37.4129043" lon="-121.9952089"><ele>55</ele><time>2026-05-03T18:01:09.228569Z</time></trkpt>
  <trkpt lat="37.4128895" lon="-121.9952094"><ele>56</ele><time>2026-05-03T18:01:09.329232Z</time></trkpt>
  <trkpt lat="37.4128764" lon="-121.9952101"><ele>56</ele><time>2026-05-03T18:01:09.429715Z</time></trkpt>
  <trkpt lat="37.4128658" lon="-121.9952114"><ele>58</ele><time>2026-05-03T18:01:09.529884Z</time></trkpt>
  <trkpt lat="37.4128576" lon="-121.9952139"><ele>59</ele><time>2026-05-03T18:01:09.630157Z</time></trkpt>
  <trkpt lat="37.4128518" lon="-121.9952173"><ele>61</ele><time>2026-05-03T18:01:09.731124Z</time></trkpt>
  <trkpt lat="37.4128485" lon="-121.9952213"><ele>62</ele><time>2026-05-03T18:01:09.811421Z</time></trkpt>
  <trkpt lat="37.4128473" lon="-121.9952268"><ele>64</ele><time>2026-05-03T18:01:09.912049Z</time></trkpt>
  <trkpt lat="37.4128488" lon="-121.9952327"><ele>65</ele><time>2026-05-03T18:01:10.012316Z</time></trkpt>
  <trkpt lat="37.4128532" lon="-121.9952378"><ele>67</ele><time>2026-05-03T18:01:10.113020Z</time></trkpt>
  <trkpt lat="37.4128589" lon="-121.9952427"><ele>68</ele><time>2026-05-03T18:01:10.213639Z</time></trkpt>
  <trkpt lat="37.4128658" lon="-121.9952470"><ele>69</ele><time>2026-05-03T18:01:10.314573Z</time></trkpt>
  <trkpt lat="37.4128731" lon="-121.9952505"><ele>70</ele><time>2026-05-03T18:01:10.414254Z</time></trkpt>
  <trkpt lat="37.4128811" lon="-121.9952540"><ele>70</ele><time>2026-05-03T18:01:10.514649Z</time></trkpt>
  <trkpt lat="37.4128881" lon="-121.9952573"><ele>71</ele><time>2026-05-03T18:01:10.614771Z</time></trkpt>
  <trkpt lat="37.4128946" lon="-121.9952605"><ele>71</ele><time>2026-05-03T18:01:10.715333Z</time></trkpt>
  <trkpt lat="37.4128999" lon="-121.9952635"><ele>70</ele><time>2026-05-03T18:01:10.815540Z</time></trkpt>
  <trkpt lat="37.4129053" lon="-121.9952671"><ele>70</ele><time>2026-05-03T18:01:10.916128Z</time></trkpt>
  <trkpt lat="37.4129053" lon="-121.9952671"><ele>70</ele><time>2026-05-03T18:01:10.946738Z</time></trkpt>
  <trkpt lat="37.4129096" lon="-121.9952706"><ele>70</ele><time>2026-05-03T18:01:11.016318Z</time></trkpt>
  <trkpt lat="37.4129125" lon="-121.9952717"><ele>68</ele><time>2026-05-03T18:01:11.117772Z</time></trkpt>
  <trkpt lat="37.4129126" lon="-121.9952706"><ele>67</ele><time>2026-05-03T18:01:11.218130Z</time></trkpt>
  <trkpt lat="37.4129121" lon="-121.9952690"><ele>65</ele><time>2026-05-03T18:01:11.318999Z</time></trkpt>
  <trkpt lat="37.4129093" lon="-121.9952671"><ele>63</ele><time>2026-05-03T18:01:11.419490Z</time></trkpt>
  <trkpt lat="37.4129058" lon="-121.9952649"><ele>62</ele><time>2026-05-03T18:01:11.519892Z</time></trkpt>
  <trkpt lat="37.4129001" lon="-121.9952629"><ele>60</ele><time>2026-05-03T18:01:11.621192Z</time></trkpt>
  <trkpt lat="37.4128894" lon="-121.9952653"><ele>58</ele><time>2026-05-03T18:01:11.721703Z</time></trkpt>
  <trkpt lat="37.4128769" lon="-121.9952708"><ele>56</ele><time>2026-05-03T18:01:11.822301Z</time></trkpt>
  <trkpt lat="37.4128635" lon="-121.9952796"><ele>54</ele><time>2026-05-03T18:01:11.923409Z</time></trkpt>
  <trkpt lat="37.4128511" lon="-121.9952902"><ele>53</ele><time>2026-05-03T18:01:12.023485Z</time></trkpt>
  <trkpt lat="37.4128386" lon="-121.9953026"><ele>52</ele><time>2026-05-03T18:01:12.123996Z</time></trkpt>
  <trkpt lat="37.4128224" lon="-121.9953202"><ele>51</ele><time>2026-05-03T18:01:12.224433Z</time></trkpt>
  <trkpt lat="37.4128099" lon="-121.9953378"><ele>52</ele><time>2026-05-03T18:01:12.324761Z</time></trkpt>
  <trkpt lat="37.4127958" lon="-121.9953564"><ele>51</ele><time>2026-05-03T18:01:12.425380Z</time></trkpt>
  <trkpt lat="37.4127851" lon="-121.9953737"><ele>52</ele><time>2026-05-03T18:01:12.526966Z</time></trkpt>
  <trkpt lat="37.4127763" lon="-121.9953908"><ele>52</ele><time>2026-05-03T18:01:12.607767Z</time></trkpt>
  <trkpt lat="37.4127687" lon="-121.9954074"><ele>53</ele><time>2026-05-03T18:01:12.708603Z</time></trkpt>
  <trkpt lat="37.4127636" lon="-121.9954217"><ele>55</ele><time>2026-05-03T18:01:12.809454Z</time></trkpt>
  <trkpt lat="37.4127589" lon="-121.9954347"><ele>57</ele><time>2026-05-03T18:01:12.909607Z</time></trkpt>
  <trkpt lat="37.4127562" lon="-121.9954467"><ele>58</ele><time>2026-05-03T18:01:13.009817Z</time></trkpt>
  <trkpt lat="37.4127562" lon="-121.9954467"><ele>58</ele><time>2026-05-03T18:01:13.104169Z</time></trkpt>
  <trkpt lat="37.4127535" lon="-121.9954583"><ele>59</ele><time>2026-05-03T18:01:13.110379Z</time></trkpt>
  <trkpt lat="37.4127505" lon="-121.9954707"><ele>60</ele><time>2026-05-03T18:01:13.210698Z</time></trkpt>
  <trkpt lat="37.4127471" lon="-121.9954850"><ele>60</ele><time>2026-05-03T18:01:13.311520Z</time></trkpt>
  <trkpt lat="37.4127455" lon="-121.9954999"><ele>61</ele><time>2026-05-03T18:01:13.412133Z</time></trkpt>
  <trkpt lat="37.4127485" lon="-121.9955127"><ele>62</ele><time>2026-05-03T18:01:13.512591Z</time></trkpt>
  <trkpt lat="37.4127551" lon="-121.9955245"><ele>63</ele><time>2026-05-03T18:01:13.613465Z</time></trkpt>
  <trkpt lat="37.4127645" lon="-121.9955348"><ele>64</ele><time>2026-05-03T18:01:13.713818Z</time></trkpt>
  <trkpt lat="37.4127746" lon="-121.9955445"><ele>65</ele><time>2026-05-03T18:01:13.814265Z</time></trkpt>
  <trkpt lat="37.4127852" lon="-121.9955546"><ele>66</ele><time>2026-05-03T18:01:13.914884Z</time></trkpt>
  <trkpt lat="37.4127961" lon="-121.9955657"><ele>67</ele><time>2026-05-03T18:01:14.015183Z</time></trkpt>
  <trkpt lat="37.4128072" lon="-121.9955772"><ele>67</ele><time>2026-05-03T18:01:14.115465Z</time></trkpt>
  <trkpt lat="37.4128179" lon="-121.9955898"><ele>67</ele><time>2026-05-03T18:01:14.216746Z</time></trkpt>
  <trkpt lat="37.4128293" lon="-121.9956031"><ele>67</ele><time>2026-05-03T18:01:14.317419Z</time></trkpt>
  <trkpt lat="37.4128411" lon="-121.9956128"><ele>68</ele><time>2026-05-03T18:01:14.417792Z</time></trkpt>
  <trkpt lat="37.4128536" lon="-121.9956197"><ele>69</ele><time>2026-05-03T18:01:14.518689Z</time></trkpt>
  <trkpt lat="37.4128668" lon="-121.9956242"><ele>70</ele><time>2026-05-03T18:01:14.619496Z</time></trkpt>
  <trkpt lat="37.4128791" lon="-121.9956259"><ele>71</ele><time>2026-05-03T18:01:14.720454Z</time></trkpt>
  <trkpt lat="37.4128900" lon="-121.9956255"><ele>72</ele><time>2026-05-03T18:01:14.820983Z</time></trkpt>
  <trkpt lat="37.4129014" lon="-121.9956246"><ele>73</ele><time>2026-05-03T18:01:14.922093Z</time></trkpt>
  <trkpt lat="37.4129139" lon="-121.9956237"><ele>74</ele><time>2026-05-03T18:01:15.023624Z</time></trkpt>
  <trkpt lat="37.4129273" lon="-121.9956227"><ele>74</ele><time>2026-05-03T18:01:15.124481Z</time></trkpt>
  <trkpt lat="37.4129411" lon="-121.9956203"><ele>75</ele><time>2026-05-03T18:01:15.224667Z</time></trkpt>
  <trkpt lat="37.4129411" lon="-121.9956203"><ele>75</ele><time>2026-05-03T18:01:15.262645Z</time></trkpt>
  <trkpt lat="37.4129552" lon="-121.9956167"><ele>75</ele><time>2026-05-03T18:01:15.305514Z</time></trkpt>
  <trkpt lat="37.4129701" lon="-121.9956138"><ele>75</ele><time>2026-05-03T18:01:15.406059Z</time></trkpt>
  <trkpt lat="37.4129850" lon="-121.9956116"><ele>76</ele><time>2026-05-03T18:01:15.507461Z</time></trkpt>
  <trkpt lat="37.4129995" lon="-121.9956089"><ele>77</ele><time>2026-05-03T18:01:15.608493Z</time></trkpt>
  <trkpt lat="37.4130124" lon="-121.9956057"><ele>77</ele><time>2026-05-03T18:01:15.709154Z</time></trkpt>
  <trkpt lat="37.4130240" lon="-121.9956021"><ele>78</ele><time>2026-05-03T18:01:15.809822Z</time></trkpt>
  <trkpt lat="37.4130337" lon="-121.9955990"><ele>79</ele><time>2026-05-03T18:01:15.910013Z</time></trkpt>
  <trkpt lat="37.4130426" lon="-121.9955958"><ele>80</ele><time>2026-05-03T18:01:16.010709Z</time></trkpt>
  <trkpt lat="37.4130502" lon="-121.9955937"><ele>81</ele><time>2026-05-03T18:01:16.111934Z</time></trkpt>
  <trkpt lat="37.4130566" lon="-121.9955927"><ele>82</ele><time>2026-05-03T18:01:16.211355Z</time></trkpt>
  <trkpt lat="37.4130617" lon="-121.9955935"><ele>84</ele><time>2026-05-03T18:01:16.311937Z</time></trkpt>
  <trkpt lat="37.4130664" lon="-121.9955950"><ele>85</ele><time>2026-05-03T18:01:16.412741Z</time></trkpt>
  <trkpt lat="37.4130716" lon="-121.9955954"><ele>86</ele><time>2026-05-03T18:01:16.514053Z</time></trkpt>
  <trkpt lat="37.4130768" lon="-121.9955948"><ele>87</ele><time>2026-05-03T18:01:16.615111Z</time></trkpt>
  <trkpt lat="37.4130816" lon="-121.9955939"><ele>88</ele><time>2026-05-03T18:01:16.715823Z</time></trkpt>
  <trkpt lat="37.4130876" lon="-121.9955924"><ele>89</ele><time>2026-05-03T18:01:16.816493Z</time></trkpt>
  <trkpt lat="37.4130947" lon="-121.9955897"><ele>90</ele><time>2026-05-03T18:01:16.918154Z</time></trkpt>
  <trkpt lat="37.4131019" lon="-121.9955879"><ele>91</ele><time>2026-05-03T18:01:17.018636Z</time></trkpt>
  <trkpt lat="37.4131084" lon="-121.9955882"><ele>92</ele><time>2026-05-03T18:01:17.119138Z</time></trkpt>
  <trkpt lat="37.4131145" lon="-121.9955910"><ele>92</ele><time>2026-05-03T18:01:17.219593Z</time></trkpt>
  <trkpt lat="37.4131208" lon="-121.9955947"><ele>93</ele><time>2026-05-03T18:01:17.320393Z</time></trkpt>
  <trkpt lat="37.4131208" lon="-121.9955947"><ele>93</ele><time>2026-05-03T18:01:17.417489Z</time></trkpt>
  <trkpt lat="37.4131279" lon="-121.9955982"><ele>93</ele><time>2026-05-03T18:01:17.421185Z</time></trkpt>
  <trkpt lat="37.4131348" lon="-121.9956017"><ele>94</ele><time>2026-05-03T18:01:17.502052Z</time></trkpt>
  <trkpt lat="37.4131418" lon="-121.9956055"><ele>95</ele><time>2026-05-03T18:01:17.622867Z</time></trkpt>
  <trkpt lat="37.4131490" lon="-121.9956098"><ele>95</ele><time>2026-05-03T18:01:17.703243Z</time></trkpt>
  <trkpt lat="37.4131571" lon="-121.9956155"><ele>96</ele><time>2026-05-03T18:01:17.823584Z</time></trkpt>
  <trkpt lat="37.4131666" lon="-121.9956214"><ele>96</ele><time>2026-05-03T18:01:17.903971Z</time></trkpt>
  <trkpt lat="37.4131769" lon="-121.9956286"><ele>97</ele><time>2026-05-03T18:01:18.004463Z</time></trkpt>
  <trkpt lat="37.4131880" lon="-121.9956363"><ele>97</ele><time>2026-05-03T18:01:18.104867Z</time></trkpt>
  <trkpt lat="37.4131985" lon="-121.9956443"><ele>97</ele><time>2026-05-03T18:01:18.205656Z</time></trkpt>
  <trkpt lat="37.4132085" lon="-121.9956531"><ele>98</ele><time>2026-05-03T18:01:18.306104Z</time></trkpt>
  <trkpt lat="37.4132173" lon="-121.9956635"><ele>98</ele><time>2026-05-03T18:01:18.406924Z</time></trkpt>
  <trkpt lat="37.4132245" lon="-121.9956748"><ele>98</ele><time>2026-05-03T18:01:18.508033Z</time></trkpt>
  <trkpt lat="37.4132339" lon="-121.9956854"><ele>98</ele><time>2026-05-03T18:01:18.609129Z</time></trkpt>
  <trkpt lat="37.4132458" lon="-121.9956930"><ele>98</ele><time>2026-05-03T18:01:18.709617Z</time></trkpt>
  <trkpt lat="37.4132604" lon="-121.9956991"><ele>98</ele><time>2026-05-03T18:01:18.810707Z</time></trkpt>
  <trkpt lat="37.4132772" lon="-121.9957032"><ele>98</ele><time>2026-05-03T18:01:18.911637Z</time></trkpt>
  <trkpt lat="37.4132947" lon="-121.9957045"><ele>99</ele><time>2026-05-03T18:01:19.011323Z</time></trkpt>
  <trkpt lat="37.4133110" lon="-121.9957025"><ele>99</ele><time>2026-05-03T18:01:19.111931Z</time></trkpt>
  <trkpt lat="37.4133269" lon="-121.9956988"><ele>100</ele><time>2026-05-03T18:01:19.212812Z</time></trkpt>
  <trkpt lat="37.4133423" lon="-121.9956930"><ele>100</ele><time>2026-05-03T18:01:19.312754Z</time></trkpt>
  <trkpt lat="37.4133557" lon="-121.9956849"><ele>101</ele><time>2026-05-03T18:01:19.413864Z</time></trkpt>
  <trkpt lat="37.4133676" lon="-121.9956741"><ele>102</ele><time>2026-05-03T18:01:19.514630Z</time></trkpt>
  <trkpt lat="37.4133676" lon="-121.9956741"><ele>102</ele><time>2026-05-03T18:01:19.574994Z</time></trkpt>
  <trkpt lat="37.4133784" lon="-121.9956611"><ele>102</ele><time>2026-05-03T18:01:19.615122Z</time></trkpt>
  <trkpt lat="37.4133884" lon="-121.9956464"><ele>102</ele><time>2026-05-03T18:01:19.715640Z</time></trkpt>
  <trkpt lat="37.4133973" lon="-121.9956299"><ele>103</ele><time>2026-05-03T18:01:19.816609Z</time></trkpt>
  <trkpt lat="37.4134034" lon="-121.9956123"><ele>103</ele><time>2026-05-03T18:01:19.916807Z</time></trkpt>
  <trkpt lat="37.4134071" lon="-121.9955940"><ele>103</ele><time>2026-05-03T18:01:20.017720Z</time></trkpt>
  <trkpt lat="37.4134083" lon="-121.9955754"><ele>103</ele><time>2026-05-03T18:01:20.118219Z</time></trkpt>
  <trkpt lat="37.4134067" lon="-121.9955560"><ele>103</ele><time>2026-05-03T18:01:20.198327Z</time></trkpt>
  <trkpt lat="37.4134025" lon="-121.9955378"><ele>103</ele><time>2026-05-03T18:01:20.318796Z</time></trkpt>
  <trkpt lat="37.4133959" lon="-121.9955213"><ele>103</ele><time>2026-05-03T18:01:20.399342Z</time></trkpt>
  <trkpt lat="37.4133868" lon="-121.9955077"><ele>102</ele><time>2026-05-03T18:01:20.500046Z</time></trkpt>
  <trkpt lat="37.4133760" lon="-121.9954965"><ele>102</ele><time>2026-05-03T18:01:20.600442Z</time></trkpt>
  <trkpt lat="37.4133643" lon="-121.9954883"><ele>102</ele><time>2026-05-03T18:01:20.700664Z</time></trkpt>
  <trkpt lat="37.4133524" lon="-121.9954817"><ele>101</ele><time>2026-05-03T18:01:20.801089Z</time></trkpt>
  <trkpt lat="37.4133407" lon="-121.9954746"><ele>100</ele><time>2026-05-03T18:01:20.901461Z</time></trkpt>
  <trkpt lat="37.4133283" lon="-121.9954686"><ele>99</ele><time>2026-05-03T18:01:21.002865Z</time></trkpt>
  <trkpt lat="37.4133158" lon="-121.9954606"><ele>98</ele><time>2026-05-03T18:01:21.103735Z</time></trkpt>
  <trkpt lat="37.4133030" lon="-121.9954539"><ele>97</ele><time>2026-05-03T18:01:21.205074Z</time></trkpt>
  <trkpt lat="37.4132895" lon="-121.9954518"><ele>97</ele><time>2026-05-03T18:01:21.305418Z</time></trkpt>
  <trkpt lat="37.4132754" lon="-121.9954535"><ele>97</ele><time>2026-05-03T18:01:21.406585Z</time></trkpt>
  <trkpt lat="37.4132606" lon="-121.9954587"><ele>96</ele><time>2026-05-03T18:01:21.507122Z</time></trkpt>
  <trkpt lat="37.4132462" lon="-121.9954645"><ele>96</ele><time>2026-05-03T18:01:21.608434Z</time></trkpt>
  <trkpt lat="37.4132331" lon="-121.9954687"><ele>96</ele><time>2026-05-03T18:01:21.708741Z</time></trkpt>
  <trkpt lat="37.4132331" lon="-121.9954687"><ele>96</ele><time>2026-05-03T18:01:21.732869Z</time></trkpt>
  <trkpt lat="37.4132219" lon="-121.9954701"><ele>95</ele><time>2026-05-03T18:01:21.809699Z</time></trkpt>
  <trkpt lat="37.4132091" lon="-121.9954727"><ele>94</ele><time>2026-05-03T18:01:21.910407Z</time></trkpt>
  <trkpt lat="37.4131956" lon="-121.9954742"><ele>94</ele><time>2026-05-03T18:01:22.010917Z</time></trkpt>
  <trkpt lat="37.4131820" lon="-121.9954744"><ele>93</ele><time>2026-05-03T18:01:22.112306Z</time></trkpt>
  <trkpt lat="37.4131685" lon="-121.9954730"><ele>93</ele><time>2026-05-03T18:01:22.212774Z</time></trkpt>
  <trkpt lat="37.4131554" lon="-121.9954705"><ele>94</ele><time>2026-05-03T18:01:22.314240Z</time></trkpt>
  <trkpt lat="37.4131414" lon="-121.9954669"><ele>94</ele><time>2026-05-03T18:01:22.394569Z</time></trkpt>
  <trkpt lat="37.4131313" lon="-121.9954584"><ele>95</ele><time>2026-05-03T18:01:22.515945Z</time></trkpt>
  <trkpt lat="37.4131261" lon="-121.9954468"><ele>96</ele><time>2026-05-03T18:01:22.596056Z</time></trkpt>
  <trkpt lat="37.4131252" lon="-121.9954328"><ele>98</ele><time>2026-05-03T18:01:22.696679Z</time></trkpt>
  <trkpt lat="37.4131264" lon="-121.9954172"><ele>100</ele><time>2026-05-03T18:01:22.796730Z</time></trkpt>
  <trkpt lat="37.4131281" lon="-121.9954008"><ele>101</ele><time>2026-05-03T18:01:22.897301Z</time></trkpt>
  <trkpt lat="37.4131278" lon="-121.9953839"><ele>102</ele><time>2026-05-03T18:01:22.997772Z</time></trkpt>
  <trkpt lat="37.4131267" lon="-121.9953667"><ele>103</ele><time>2026-05-03T18:01:23.098320Z</time></trkpt>
  <trkpt lat="37.4131239" lon="-121.9953508"><ele>104</ele><time>2026-05-03T18:01:23.198504Z</time></trkpt>
  <trkpt lat="37.4131203" lon="-121.9953361"><ele>105</ele><time>2026-05-03T18:01:23.298862Z</time></trkpt>
  <trkpt lat="37.4131139" lon="-121.9953221"><ele>105</ele><time>2026-05-03T18:01:23.398887Z</time></trkpt>
  <trkpt lat="37.4131091" lon="-121.9953068"><ele>106</ele><time>2026-05-03T18:01:23.498843Z</time></trkpt>
  <trkpt lat="37.4131041" lon="-121.9952915"><ele>106</ele><time>2026-05-03T18:01:23.599492Z</time></trkpt>
  <trkpt lat="37.4130977" lon="-121.9952771"><ele>107</ele><time>2026-05-03T18:01:23.700175Z</time></trkpt>
  <trkpt lat="37.4130908" lon="-121.9952629"><ele>107</ele><time>2026-05-03T18:01:23.801852Z</time></trkpt>
  <trkpt lat="37.4130908" lon="-121.9952629"><ele>107</ele><time>2026-05-03T18:01:23.889824Z</time></trkpt>
  <trkpt lat="37.4130860" lon="-121.9952485"><ele>108</ele><time>2026-05-03T18:01:23.902354Z</time></trkpt>
  <trkpt lat="37.4130827" lon="-121.9952326"><ele>109</ele><time>2026-05-03T18:01:24.002913Z</time></trkpt>
  <trkpt lat="37.4130777" lon="-121.9952166"><ele>109</ele><time>2026-05-03T18:01:24.103477Z</time></trkpt>
  <trkpt lat="37.4130729" lon="-121.9952015"><ele>109</ele><time>2026-05-03T18:01:24.203779Z</time></trkpt>
  <trkpt lat="37.4130695" lon="-121.9951876"><ele>108</ele><time>2026-05-03T18:01:24.305036Z</time></trkpt>
  <trkpt lat="37.4130660" lon="-121.9951764"><ele>108</ele><time>2026-05-03T18:01:24.406520Z</time></trkpt>
  <trkpt lat="37.4130636" lon="-121.9951682"><ele>107</ele><time>2026-05-03T18:01:24.506378Z</time></trkpt>
  <trkpt lat="37.4130593" lon="-121.9951666"><ele>106</ele><time>2026-05-03T18:01:24.606886Z</time></trkpt>
  <trkpt lat="37.4130532" lon="-121.9951681"><ele>105</ele><time>2026-05-03T18:01:24.707439Z</time></trkpt>
  <trkpt lat="37.4130457" lon="-121.9951697"><ele>104</ele><time>2026-05-03T18:01:24.807662Z</time></trkpt>
  <trkpt lat="37.4130358" lon="-121.9951716"><ele>103</ele><time>2026-05-03T18:01:24.908257Z</time></trkpt>
  <trkpt lat="37.4130242" lon="-121.9951763"><ele>101</ele><time>2026-05-03T18:01:25.008354Z</time></trkpt>
  <trkpt lat="37.4130109" lon="-121.9951828"><ele>99</ele><time>2026-05-03T18:01:25.108482Z</time></trkpt>
  <trkpt lat="37.4129973" lon="-121.9951899"><ele>98</ele><time>2026-05-03T18:01:25.209105Z</time></trkpt>
  <trkpt lat="37.4129834" lon="-121.9951965"><ele>96</ele><time>2026-05-03T18:01:25.310178Z</time></trkpt>
  <trkpt lat="37.4129703" lon="-121.9952011"><ele>94</ele><time>2026-05-03T18:01:25.411135Z</time></trkpt>
  <trkpt lat="37.4129580" lon="-121.9952039"><ele>92</ele><time>2026-05-03T18:01:25.491531Z</time></trkpt>
  <trkpt lat="37.4129468" lon="-121.9952047"><ele>89</ele><time>2026-05-03T18:01:25.611818Z</time></trkpt>
  <trkpt lat="37.4129373" lon="-121.9952041"><ele>87</ele><time>2026-05-03T18:01:25.692045Z</time></trkpt>
  <trkpt lat="37.4129269" lon="-121.9952053"><ele>85</ele><time>2026-05-03T18:01:25.792388Z</time></trkpt>
  <trkpt lat="37.4129149" lon="-121.9952100"><ele>83</ele><time>2026-05-03T18:01:25.892908Z</time></trkpt>
  <trkpt lat="37.4129022" lon="-121.9952158"><ele>81</ele><time>2026-05-03T18:01:25.993599Z</time></trkpt>
  <trkpt lat="37.4129022" lon="-121.9952158"><ele>81</ele><time>2026-05-03T18:01:26.047279Z</time></trkpt>
  <trkpt lat="37.4128880" lon="-121.9952222"><ele>80</ele><time>2026-05-03T18:01:26.093735Z</time></trkpt>
  <trkpt lat="37.4128749" lon="-121.9952275"><ele>79</ele><time>2026-05-03T18:01:26.193791Z</time></trkpt>
  <trkpt lat="37.4128593" lon="-121.9952313"><ele>78</ele><time>2026-05-03T18:01:26.293997Z</time></trkpt>
  <trkpt lat="37.4128442" lon="-121.9952345"><ele>77</ele><time>2026-05-03T18:01:26.394709Z</time></trkpt>
  <trkpt lat="37.4128311" lon="-121.9952364"><ele>76</ele><time>2026-05-03T18:01:26.495860Z</time></trkpt>
  <trkpt lat="37.4128200" lon="-121.9952386"><ele>74</ele><time>2026-05-03T18:01:26.596680Z</time></trkpt>
  <trkpt lat="37.4128088" lon="-121.9952431"><ele>73</ele><time>2026-05-03T18:01:26.697408Z</time></trkpt>
  <trkpt lat="37.4127969" lon="-121.9952507"><ele>72</ele><time>2026-05-03T18:01:26.797818Z</time></trkpt>
  <trkpt lat="37.4127850" lon="-121.9952609"><ele>72</ele><time>2026-05-03T18:01:26.898045Z</time></trkpt>
  <trkpt lat="37.4127735" lon="-121.9952735"><ele>71</ele><time>2026-05-03T18:01:26.998447Z</time></trkpt>
  <trkpt lat="37.4127626" lon="-121.9952879"><ele>72</ele><time>2026-05-03T18:01:27.099423Z</time></trkpt>
  <trkpt lat="37.4127530" lon="-121.9953033"><ele>73</ele><time>2026-05-03T18:01:27.200078Z</time></trkpt>
  <trkpt lat="37.4127453" lon="-121.9953186"><ele>73</ele><time>2026-05-03T18:01:27.300621Z</time></trkpt>
  <trkpt lat="37.4127392" lon="-121.9953344"><ele>74</ele><time>2026-05-03T18:01:27.400983Z</time></trkpt>
  <trkpt lat="37.4127354" lon="-121.9953504"><ele>75</ele><time>2026-05-03T18:01:27.502224Z</time></trkpt>
  <trkpt lat="37.4127349" lon="-121.9953650"><ele>76</ele><time>2026-05-03T18:01:27.602238Z</time></trkpt>
  <trkpt lat="37.4127380" lon="-121.9953798"><ele>77</ele><time>2026-05-03T18:01:27.703235Z</time></trkpt>
  <trkpt lat="37.4127443" lon="-121.9953942"><ele>77</ele><time>2026-05-03T18:01:27.803135Z</time></trkpt>
  <trkpt lat="37.4127539" lon="-121.9954081"><ele>78</ele><time>2026-05-03T18:01:27.903268Z</time></trkpt>
  <trkpt lat="37.4127654" lon="-121.9954208"><ele>78</ele><time>2026-05-03T18:01:28.003970Z</time></trkpt>
  <trkpt lat="37.4127783" lon="-121.9954316"><ele>78</ele><time>2026-05-03T18:01:28.104216Z</time></trkpt>
  <trkpt lat="37.4127783" lon="-121.9954316"><ele>78</ele><time>2026-05-03T18:01:28.201437Z</time></trkpt>
  <trkpt lat="37.4127924" lon="-121.9954410"><ele>78</ele><time>2026-05-03T18:01:28.204720Z</time></trkpt>
  <trkpt lat="37.4128075" lon="-121.9954459"><ele>78</ele><time>2026-05-03T18:01:28.305360Z</time></trkpt>
  <trkpt lat="37.4128234" lon="-121.9954454"><ele>78</ele><time>2026-05-03T18:01:28.406667Z</time></trkpt>
  <trkpt lat="37.4128394" lon="-121.9954393"><ele>77</ele><time>2026-05-03T18:01:28.487384Z</time></trkpt>
  <trkpt lat="37.4128546" lon="-121.9954289"><ele>76</ele><time>2026-05-03T18:01:28.588041Z</time></trkpt>
  <trkpt lat="37.4128696" lon="-121.9954182"><ele>76</ele><time>2026-05-03T18:01:28.688937Z</time></trkpt>
  <trkpt lat="37.4128830" lon="-121.9954094"><ele>74</ele><time>2026-05-03T18:01:28.789521Z</time></trkpt>
  <trkpt lat="37.4128969" lon="-121.9954002"><ele>73</ele><time>2026-05-03T18:01:28.889988Z</time></trkpt>
  <trkpt lat="37.4129108" lon="-121.9953885"><ele>72</ele><time>2026-05-03T18:01:28.991335Z</time></trkpt>
  <trkpt lat="37.4129262" lon="-121.9953752"><ele>71</ele><time>2026-05-03T18:01:29.092784Z</time></trkpt>
  <trkpt lat="37.4129429" lon="-121.9953626"><ele>71</ele><time>2026-05-03T18:01:29.193954Z</time></trkpt>
  <trkpt lat="37.4129597" lon="-121.9953523"><ele>72</ele><time>2026-05-03T18:01:29.294960Z</time></trkpt>
  <trkpt lat="37.4129764" lon="-121.9953460"><ele>72</ele><time>2026-05-03T18:01:29.395795Z</time></trkpt>
  <trkpt lat="37.4129924" lon="-121.9953428"><ele>73</ele><time>2026-05-03T18:01:29.496588Z</time></trkpt>
  <trkpt lat="37.4130088" lon="-121.9953411"><ele>74</ele><time>2026-05-03T18:01:29.597250Z</time></trkpt>
  <trkpt lat="37.4130262" lon="-121.9953385"><ele>74</ele><time>2026-05-03T18:01:29.697591Z</time></trkpt>
  <trkpt lat="37.4130436" lon="-121.9953351"><ele>74</ele><time>2026-05-03T18:01:29.797983Z</time></trkpt>
  <trkpt lat="37.4130607" lon="-121.9953325"><ele>75</ele><time>2026-05-03T18:01:29.898751Z</time></trkpt>
  <trkpt lat="37.4130767" lon="-121.9953329"><ele>74</ele><time>2026-05-03T18:01:29.999626Z</time></trkpt>
  <trkpt lat="37.4130907" lon="-121.9953365"><ele>74</ele><time>2026-05-03T18:01:30.100647Z</time></trkpt>
  <trkpt lat="37.4131026" lon="-121.9953445"><ele>74</ele><time>2026-05-03T18:01:30.200717Z</time></trkpt>
  <trkpt lat="37.4131146" lon="-121.9953556"><ele>75</ele><time>2026-05-03T18:01:30.301134Z</time></trkpt>
  <trkpt lat="37.4131146" lon="-121.9953556"><ele>75</ele><time>2026-05-03T18:01:30.356637Z</time></trkpt>
  <trkpt lat="37.4131273" lon="-121.9953679"><ele>74</ele><time>2026-05-03T18:01:30.402968Z</time></trkpt>
  <trkpt lat="37.4131402" lon="-121.9953799"><ele>74</ele><time>2026-05-03T18:01:30.503863Z</time></trkpt>
  <trkpt lat="37.4131534" lon="-121.9953913"><ele>73</ele><time>2026-05-03T18:01:30.604328Z</time></trkpt>
  <trkpt lat="37.4131673" lon="-121.9954009"><ele>73</ele><time>2026-05-03T18:01:30.705359Z</time></trkpt>
  <trkpt lat="37.4131819" lon="-121.9954096"><ele>72</ele><time>2026-05-03T18:01:30.786767Z</time></trkpt>
  <trkpt lat="37.4131965" lon="-121.9954179"><ele>71</ele><time>2026-05-03T18:01:30.888184Z</time></trkpt>
  <trkpt lat="37.4132116" lon="-121.9954275"><ele>70</ele><time>2026-05-03T18:01:30.988898Z</time></trkpt>
  <trkpt lat="37.4132268" lon="-121.9954371"><ele>70</ele><time>2026-05-03T18:01:31.089108Z</time></trkpt>
  <trkpt lat="37.4132421" lon="-121.9954457"><ele>70</ele><time>2026-05-03T18:01:31.190364Z</time></trkpt>
  <trkpt lat="37.4132579" lon="-121.9954543"><ele>70</ele><time>2026-05-03T18:01:31.291049Z</time></trkpt>
  <trkpt lat="37.4132739" lon="-121.9954615"><ele>70</ele><time>2026-05-03T18:01:31.391377Z</time></trkpt>
  <trkpt lat="37.4132901" lon="-121.9954686"><ele>70</ele><time>2026-05-03T18:01:31.491646Z</time></trkpt>
  <trkpt lat="37.4133058" lon="-121.9954757"><ele>70</ele><time>2026-05-03T18:01:31.591931Z</time></trkpt>
  <trkpt lat="37.4133199" lon="-121.9954832"><ele>70</ele><time>2026-05-03T18:01:31.693197Z</time></trkpt>
  <trkpt lat="37.4133320" lon="-121.9954920"><ele>70</ele><time>2026-05-03T18:01:31.792945Z</time></trkpt>
  <trkpt lat="37.4133425" lon="-121.9955020"><ele>70</ele><time>2026-05-03T18:01:31.893372Z</time></trkpt>
  <trkpt lat="37.4133532" lon="-121.9955124"><ele>71</ele><time>2026-05-03T18:01:31.993579Z</time></trkpt>
  <trkpt lat="37.4133645" lon="-121.9955219"><ele>71</ele><time>2026-05-03T18:01:32.093825Z</time></trkpt>
  <trkpt lat="37.4133746" lon="-121.9955311"><ele>71</ele><time>2026-05-03T18:01:32.194442Z</time></trkpt>
  <trkpt lat="37.4133830" lon="-121.9955406"><ele>71</ele><time>2026-05-03T18:01:32.294780Z</time></trkpt>
  <trkpt lat="37.4133901" lon="-121.9955509"><ele>71</ele><time>2026-05-03T18:01:32.395416Z</time></trkpt>
  <trkpt lat="37.4133964" lon="-121.9955613"><ele>71</ele><time>2026-05-03T18:01:32.496065Z</time></trkpt>
  <trkpt lat="37.4133964" lon="-121.9955613"><ele>71</ele><time>2026-05-03T18:01:32.508461Z</time></trkpt>
  <trkpt lat="37.4134041" lon="-121.9955709"><ele>71</ele><time>2026-05-03T18:01:32.596477Z</time></trkpt>
  <trkpt lat="37.4134127" lon="-121.9955807"><ele>71</ele><time>2026-05-03T18:01:32.696813Z</time></trkpt>
  <trkpt lat="37.4134206" lon="-121.9955912"><ele>71</ele><time>2026-05-03T18:01:32.797533Z</time></trkpt>
  <trkpt lat="37.4134277" lon="-121.9956027"><ele>71</ele><time>2026-05-03T18:01:32.898567Z</time></trkpt>
  <trkpt lat="37.4134361" lon="-121.9956138"><ele>71</ele><time>2026-05-03T18:01:32.999426Z</time></trkpt>
  <trkpt lat="37.4134459" lon="-121.9956238"><ele>70</ele><time>2026-05-03T18:01:33.100225Z</time></trkpt>
  <trkpt lat="37.4134557" lon="-121.9956337"><ele>70</ele><time>2026-05-03T18:01:33.200303Z</time></trkpt>
  <trkpt lat="37.4134656" lon="-121.9956427"><ele>69</ele><time>2026-05-03T18:01:33.301084Z</time></trkpt>
  <trkpt lat="37.4134752" lon="-121.9956497"><ele>68</ele><time>2026-05-03T18:01:33.401564Z</time></trkpt>
  <trkpt lat="37.4134849" lon="-121.9956568"><ele>67</ele><time>2026-05-03T18:01:33.501808Z</time></trkpt>
  <trkpt lat="37.4134944" lon="-121.9956639"><ele>67</ele><time>2026-05-03T18:01:33.602643Z</time></trkpt>
  <trkpt lat="37.4135042" lon="-121.9956719"><ele>67</ele><time>2026-05-03T18:01:33.683426Z</time></trkpt>
  <trkpt lat="37.4135150" lon="-121.9956817"><ele>67</ele><time>2026-05-03T18:01:33.783695Z</time></trkpt>
  <trkpt lat="37.4135263" lon="-121.9956915"><ele>67</ele><time>2026-05-03T18:01:33.885006Z</time></trkpt>
  <trkpt lat="37.4135378" lon="-121.9957005"><ele>67</ele><time>2026-05-03T18:01:33.985374Z</time></trkpt>
  <trkpt lat="37.4135493" lon="-121.9957087"><ele>68</ele><time>2026-05-03T18:01:34.086295Z</time></trkpt>
  <trkpt lat="37.4135607" lon="-121.9957161"><ele>68</ele><time>2026-05-03T18:01:34.187412Z</time></trkpt>
  <trkpt lat="37.4135718" lon="-121.9957219"><ele>68</ele><time>2026-05-03T18:01:34.287839Z</time></trkpt>
  <trkpt lat="37.4135822" lon="-121.9957263"><ele>69</ele><time>2026-05-03T18:01:34.388695Z</time></trkpt>
  <trkpt lat="37.4135923" lon="-121.9957293"><ele>70</ele><time>2026-05-03T18:01:34.489456Z</time></trkpt>
  <trkpt lat="37.4136021" lon="-121.9957313"><ele>71</ele><time>2026-05-03T18:01:34.589989Z</time></trkpt>
  <trkpt lat="37.4136021" lon="-121.9957313"><ele>71</ele><time>2026-05-03T18:01:34.657300Z</time></trkpt>
  <trkpt lat="37.4136106" lon="-121.9957319"><ele>72</ele><time>2026-05-03T18:01:34.690422Z</time></trkpt>
  <trkpt lat="37.4136180" lon="-121.9957305"><ele>73</ele><time>2026-05-03T18:01:34.791106Z</time></trkpt>
  <trkpt lat="37.4136246" lon="-121.9957279"><ele>73</ele><time>2026-05-03T18:01:34.892114Z</time></trkpt>
  <trkpt lat="37.4136310" lon="-121.9957238"><ele>74</ele><time>2026-05-03T18:01:34.993187Z</time></trkpt>
  <trkpt lat="37.4136366" lon="-121.9957180"><ele>75</ele><time>2026-05-03T18:01:35.094282Z</time></trkpt>
  <trkpt lat="37.4136417" lon="-121.9957101"><ele>76</ele><time>2026-05-03T18:01:35.195461Z</time></trkpt>
  <trkpt lat="37.4136463" lon="-121.9957019"><ele>77</ele><time>2026-05-03T18:01:35.295871Z</time></trkpt>
  <trkpt lat="37.4136510" lon="-121.9956931"><ele>77</ele><time>2026-05-03T18:01:35.396342Z</time></trkpt>
  <trkpt lat="37.4136563" lon="-121.9956838"><ele>78</ele><time>2026-05-03T18:01:35.496716Z</time></trkpt>
  <trkpt lat="37.4136623" lon="-121.9956744"><ele>78</ele><time>2026-05-03T18:01:35.597146Z</time></trkpt>
  <trkpt lat="37.4136690" lon="-121.9956646"><ele>79</ele><time>2026-05-03T18:01:35.697489Z</time></trkpt>
  <trkpt lat="37.4136763" lon="-121.9956549"><ele>80</ele><time>2026-05-03T18:01:35.798811Z</time></trkpt>
  <trkpt lat="37.4136841" lon="-121.9956446"><ele>80</ele><time>2026-05-03T18:01:35.879274Z</time></trkpt>
  <trkpt lat="37.4136923" lon="-121.9956343"><ele>80</ele><time>2026-05-03T18:01:36.000077Z</time></trkpt>
  <trkpt lat="37.4137010" lon="-121.9956236"><ele>81</ele><time>2026-05-03T18:01:36.080361Z</time></trkpt>
  <trkpt lat="37.4137100" lon="-121.9956128"><ele>81</ele><time>2026-05-03T18:01:36.180781Z</time></trkpt>
  <trkpt lat="37.4137196" lon="-121.9956016"><ele>80</ele><time>2026-05-03T18:01:36.282252Z</time></trkpt>
  <trkpt lat="37.4137293" lon="-121.9955898"><ele>80</ele><time>2026-05-03T18:01:36.382576Z</time></trkpt>
  <trkpt lat="37.4137387" lon="-121.9955769"><ele>80</ele><time>2026-05-03T18:01:36.482938Z</time></trkpt>
  <trkpt lat="37.4137479" lon="-121.9955628"><ele>79</ele><time>2026-05-03T18:01:36.583407Z</time></trkpt>
  <trkpt lat="37.4137572" lon="-121.9955479"><ele>79</ele><time>2026-05-03T18:01:36.684259Z</time></trkpt>
  <trkpt lat="37.4137664" lon="-121.9955319"><ele>78</ele><time>2026-05-03T18:01:36.785646Z</time></trkpt>
  <trkpt lat="37.4137664" lon="-121.9955319"><ele>78</ele><time>2026-05-03T18:01:36.802315Z</time></trkpt>
  <trkpt lat="37.4137757" lon="-121.9955154"><ele>78</ele><time>2026-05-03T18:01:36.886364Z</time></trkpt>
  <trkpt lat="37.4137851" lon="-121.9954987"><ele>77</ele><time>2026-05-03T18:01:36.987316Z</time></trkpt>
  <trkpt lat="37.4137945" lon="-121.9954814"><ele>77</ele><time>2026-05-03T18:01:37.088330Z</time></trkpt>
  <trkpt lat="37.4138038" lon="-121.9954634"><ele>77</ele><time>2026-05-03T18:01:37.189219Z</time></trkpt>
  <trkpt lat="37.4138128" lon="-121.9954446"><ele>76</ele><time>2026-05-03T18:01:37.290195Z</time></trkpt>
  <trkpt lat="37.4138216" lon="-121.9954254"><ele>76</ele><time>2026-05-03T18:01:37.390275Z</time></trkpt>
  <trkpt lat="37.4138303" lon="-121.9954062"><ele>76</ele><time>2026-05-03T18:01:37.490632Z</time></trkpt>
  <trkpt lat="37.4138389" lon="-121.9953866"><ele>75</ele><time>2026-05-03T18:01:37.591359Z</time></trkpt>
  <trkpt lat="37.4138471" lon="-121.9953664"><ele>75</ele><time>2026-05-03T18:01:37.692004Z</time></trkpt>
  <trkpt lat="37.4138548" lon="-121.9953458"><ele>75</ele><time>2026-05-03T18:01:37.793201Z</time></trkpt>
  <trkpt lat="37.4138617" lon="-121.9953245"><ele>75</ele><time>2026-05-03T18:01:37.893779Z</time></trkpt>
  <trkpt lat="37.4138680" lon="-121.9953030"><ele>74</ele><time>2026-05-03T18:01:37.994040Z</time></trkpt>
  <trkpt lat="37.4138734" lon="-121.9952812"><ele>74</ele><time>2026-05-03T18:01:38.094639Z</time></trkpt>
  <trkpt lat="37.4138780" lon="-121.9952592"><ele>73</ele><time>2026-05-03T18:01:38.194955Z</time></trkpt>
  <trkpt lat="37.4138822" lon="-121.9952370"><ele>73</ele><time>2026-05-03T18:01:38.295658Z</time></trkpt>
  <trkpt lat="37.4138859" lon="-121.9952148"><ele>72</ele><time>2026-05-03T18:01:38.396196Z</time></trkpt>
  <trkpt lat="37.4138886" lon="-121.9951927"><ele>71</ele><time>2026-05-03T18:01:38.497044Z</time></trkpt>
  <trkpt lat="37.4138889" lon="-121.9951703"><ele>71</ele><time>2026-05-03T18:01:38.577350Z</time></trkpt>
  <trkpt lat="37.4138870" lon="-121.9951480"><ele>70</ele><time>2026-05-03T18:01:38.698481Z</time></trkpt>
  <trkpt lat="37.4138836" lon="-121.9951264"><ele>70</ele><time>2026-05-03T18:01:38.778687Z</time></trkpt>
  <trkpt lat="37.4138781" lon="-121.9951058"><ele>69</ele><time>2026-05-03T18:01:38.878896Z</time></trkpt>
  <trkpt lat="37.4138781" lon="-121.9951058"><ele>69</ele><time>2026-05-03T18:01:38.957620Z</time></trkpt>
  <trkpt lat="37.4138706" lon="-121.9950864"><ele>69</ele><time>2026-05-03T18:01:38.979979Z</time></trkpt>
  <trkpt lat="37.4138615" lon="-121.9950679"><ele>68</ele><time>2026-05-03T18:01:39.081077Z</time></trkpt>
  <trkpt lat="37.4138520" lon="-121.9950501"><ele>68</ele><time>2026-05-03T18:01:39.181755Z</time></trkpt>
  <trkpt lat="37.4138425" lon="-121.9950320"><ele>67</ele><time>2026-05-03T18:01:39.282524Z</time></trkpt>
  <trkpt lat="37.4138333" lon="-121.9950139"><ele>66</ele><time>2026-05-03T18:01:39.383546Z</time></trkpt>
  <trkpt lat="37.4138238" lon="-121.9949964"><ele>66</ele><time>2026-05-03T18:01:39.484742Z</time></trkpt>
  <trkpt lat="37.4138130" lon="-121.9949806"><ele>65</ele><time>2026-05-03T18:01:39.585094Z</time></trkpt>
  <trkpt lat="37.4138005" lon="-121.9949663"><ele>64</ele><time>2026-05-03T18:01:39.685797Z</time></trkpt>
  <trkpt lat="37.4137868" lon="-121.9949527"><ele>64</ele><time>2026-05-03T18:01:39.785969Z</time></trkpt>
  <trkpt lat="37.4137725" lon="-121.9949394"><ele>63</ele><time>2026-05-03T18:01:39.887598Z</time></trkpt>
  <trkpt lat="37.4137581" lon="-121.9949264"><ele>63</ele><time>2026-05-03T18:01:39.988111Z</time></trkpt>
  <trkpt lat="37.4137435" lon="-121.9949136"><ele>62</ele><time>2026-05-03T18:01:40.088487Z</time></trkpt>
  <trkpt lat="37.4137288" lon="-121.9949007"><ele>61</ele><time>2026-05-03T18:01:40.189130Z</time></trkpt>
  <trkpt lat="37.4137139" lon="-121.9948882"><ele>61</ele><time>2026-05-03T18:01:40.289713Z</time></trkpt>
  <trkpt lat="37.4136988" lon="-121.9948758"><ele>60</ele><time>2026-05-03T18:01:40.390170Z</time></trkpt>
  <trkpt lat="37.4136835" lon="-121.9948636"><ele>59</ele><time>2026-05-03T18:01:40.491352Z</time></trkpt>
  <trkpt lat="37.4136681" lon="-121.9948516"><ele>59</ele><time>2026-05-03T18:01:40.592217Z</time></trkpt>
  <trkpt lat="37.4136523" lon="-121.9948397"><ele>58</ele><time>2026-05-03T18:01:40.693035Z</time></trkpt>
  <trkpt lat="37.4136359" lon="-121.9948278"><ele>58</ele><time>2026-05-03T18:01:40.794233Z</time></trkpt>
  <trkpt lat="37.4136190" lon="-121.9948160"><ele>58</ele><time>2026-05-03T18:01:40.893868Z</time></trkpt>
  <trkpt lat="37.4136022" lon="-121.9948042"><ele>57</ele><time>2026-05-03T18:01:40.994164Z</time></trkpt>
  <trkpt lat="37.4135854" lon="-121.9947927"><ele>57</ele><time>2026-05-03T18:01:41.074713Z</time></trkpt>
  <trkpt lat="37.4135854" lon="-121.9947927"><ele>57</ele><time>2026-05-03T18:01:41.106148Z</time></trkpt>
  <trkpt lat="37.4135683" lon="-121.9947815"><ele>57</ele><time>2026-05-03T18:01:41.194663Z</time></trkpt>
  <trkpt lat="37.4135517" lon="-121.9947702"><ele>57</ele><time>2026-05-03T18:01:41.274706Z</time></trkpt>
  <trkpt lat="37.4135351" lon="-121.9947589"><ele>57</ele><time>2026-05-03T18:01:41.375152Z</time></trkpt>
  <trkpt lat="37.4135184" lon="-121.9947478"><ele>57</ele><time>2026-05-03T18:01:41.475869Z</time></trkpt>
  <trkpt lat="37.4135017" lon="-121.9947368"><ele>57</ele><time>2026-05-03T18:01:41.576169Z</time></trkpt>
  <trkpt lat="37.4134851" lon="-121.9947260"><ele>57</ele><time>2026-05-03T18:01:41.677109Z</time></trkpt>
  <trkpt lat="37.4134686" lon="-121.9947151"><ele>57</ele><time>2026-05-03T18:01:41.777517Z</time></trkpt>
  <trkpt lat="37.4134521" lon="-121.9947043"><ele>57</ele><time>2026-05-03T18:01:41.878235Z</time></trkpt>
  <trkpt lat="37.4134354" lon="-121.9946934"><ele>57</ele><time>2026-05-03T18:01:41.979461Z</time></trkpt>
  <trkpt lat="37.4134190" lon="-121.9946826"><ele>57</ele><time>2026-05-03T18:01:42.079994Z</time></trkpt>
  <trkpt lat="37.4134029" lon="-121.9946718"><ele>56</ele><time>2026-05-03T18:01:42.180858Z</time></trkpt>
  <trkpt lat="37.4133869" lon="-121.9946608"><ele>56</ele><time>2026-05-03T18:01:42.281653Z</time></trkpt>
  <trkpt lat="37.4133715" lon="-121.9946494"><ele>56</ele><time>2026-05-03T18:01:42.383179Z</time></trkpt>
  <trkpt lat="37.4133562" lon="-121.9946378"><ele>56</ele><time>2026-05-03T18:01:42.483863Z</time></trkpt>
  <trkpt lat="37.4133410" lon="-121.9946261"><ele>56</ele><time>2026-05-03T18:01:42.584580Z</time></trkpt>
  <trkpt lat="37.4133258" lon="-121.9946143"><ele>56</ele><time>2026-05-03T18:01:42.685753Z</time></trkpt>
  <trkpt lat="37.4133108" lon="-121.9946026"><ele>55</ele><time>2026-05-03T18:01:42.786413Z</time></trkpt>
  <trkpt lat="37.4132958" lon="-121.9945905"><ele>55</ele><time>2026-05-03T18:01:42.887225Z</time></trkpt>
  <trkpt lat="37.4132807" lon="-121.9945784"><ele>55</ele><time>2026-05-03T18:01:42.987919Z</time></trkpt>
  <trkpt lat="37.4132654" lon="-121.9945665"><ele>55</ele><time>2026-05-03T18:01:43.088877Z</time></trkpt>
  <trkpt lat="37.4132506" lon="-121.9945542"><ele>54</ele><time>2026-05-03T18:01:43.188335Z</time></trkpt>
  <trkpt lat="37.4132506" lon="-121.9945542"><ele>54</ele><time>2026-05-03T18:01:43.248003Z</time></trkpt>
  <trkpt lat="37.4132360" lon="-121.9945416"><ele>54</ele><time>2026-05-03T18:01:43.289951Z</time></trkpt>
  <trkpt lat="37.4132218" lon="-121.9945287"><ele>54</ele><time>2026-05-03T18:01:43.389986Z</time></trkpt>
  <trkpt lat="37.4132082" lon="-121.9945156"><ele>54</ele><time>2026-05-03T18:01:43.490516Z</time></trkpt>
  <trkpt lat="37.4131954" lon="-121.9945026"><ele>55</ele><time>2026-05-03T18:01:43.570923Z</time></trkpt>
  <trkpt lat="37.4131830" lon="-121.9944908"><ele>55</ele><time>2026-05-03T18:01:43.692028Z</time></trkpt>
  <trkpt lat="37.4131709" lon="-121.9944800"><ele>56</ele><time>2026-05-03T18:01:43.772341Z</time></trkpt>
  <trkpt lat="37.4131588" lon="-121.9944703"><ele>57</ele><time>2026-05-03T18:01:43.872776Z</time></trkpt>
  <trkpt lat="37.4131466" lon="-121.9944617"><ele>58</ele><time>2026-05-03T18:01:43.973090Z</time></trkpt>
  <trkpt lat="37.4131347" lon="-121.9944538"><ele>59</ele><time>2026-05-03T18:01:44.073446Z</time></trkpt>
  <trkpt lat="37.4131232" lon="-121.9944466"><ele>60</ele><time>2026-05-03T18:01:44.173947Z</time></trkpt>
  <trkpt lat="37.4131120" lon="-121.9944402"><ele>61</ele><time>2026-05-03T18:01:44.274349Z</time></trkpt>
  <trkpt lat="37.4131009" lon="-121.9944349"><ele>62</ele><time>2026-05-03T18:01:44.374802Z</time></trkpt>
  <trkpt lat="37.4130902" lon="-121.9944307"><ele>62</ele><time>2026-05-03T18:01:44.475622Z</time></trkpt>
  <trkpt lat="37.4130805" lon="-121.9944269"><ele>63</ele><time>2026-05-03T18:01:44.576204Z</time></trkpt>
  <trkpt lat="37.4130716" lon="-121.9944237"><ele>64</ele><time>2026-05-03T18:01:44.676764Z</time></trkpt>
  <trkpt lat="37.4130622" lon="-121.9944210"><ele>65</ele><time>2026-05-03T18:01:44.777072Z</time></trkpt>
  <trkpt lat="37.4130526" lon="-121.9944188"><ele>66</ele><time>2026-05-03T18:01:44.877629Z</time></trkpt>
  <trkpt lat="37.4130427" lon="-121.9944170"><ele>66</ele><time>2026-05-03T18:01:44.978452Z</time></trkpt>
  <trkpt lat="37.4130320" lon="-121.9944160"><ele>67</ele><time>2026-05-03T18:01:45.078959Z</time></trkpt>
  <trkpt lat="37.4130212" lon="-121.9944155"><ele>67</ele><time>2026-05-03T18:01:45.180533Z</time></trkpt>
  <trkpt lat="37.4130103" lon="-121.9944154"><ele>68</ele><time>2026-05-03T18:01:45.281229Z</time></trkpt>
  <trkpt lat="37.4129992" lon="-121.9944162"><ele>68</ele><time>2026-05-03T18:01:45.381618Z</time></trkpt>
  <trkpt lat="37.4129992" lon="-121.9944162"><ele>68</ele><time>2026-05-03T18:01:45.401801Z</time></trkpt>
  <trkpt lat="37.4129885" lon="-121.9944175"><ele>69</ele><time>2026-05-03T18:01:45.482095Z</time></trkpt>
  <trkpt lat="37.4129779" lon="-121.9944195"><ele>69</ele><time>2026-05-03T18:01:45.582461Z</time></trkpt>
  <trkpt lat="37.4129675" lon="-121.9944222"><ele>69</ele><time>2026-05-03T18:01:45.682851Z</time></trkpt>
  <trkpt lat="37.4129572" lon="-121.9944257"><ele>70</ele><time>2026-05-03T18:01:45.783062Z</time></trkpt>
  <trkpt lat="37.4129470" lon="-121.9944296"><ele>70</ele><time>2026-05-03T18:01:45.883252Z</time></trkpt>
  <trkpt lat="37.4129369" lon="-121.9944341"><ele>70</ele><time>2026-05-03T18:01:45.983413Z</time></trkpt>
  <trkpt lat="37.4129271" lon="-121.9944393"><ele>70</ele><time>2026-05-03T18:01:46.084639Z</time></trkpt>
  <trkpt lat="37.4129170" lon="-121.9944452"><ele>70</ele><time>2026-05-03T18:01:46.185767Z</time></trkpt>
  <trkpt lat="37.4129070" lon="-121.9944520"><ele>70</ele><time>2026-05-03T18:01:46.285431Z</time></trkpt>
  <trkpt lat="37.4128971" lon="-121.9944596"><ele>70</ele><time>2026-05-03T18:01:46.386367Z</time></trkpt>
  <trkpt lat="37.4128876" lon="-121.9944679"><ele>70</ele><time>2026-05-03T18:01:46.485907Z</time></trkpt>
  <trkpt lat="37.4128780" lon="-121.9944769"><ele>70</ele><time>2026-05-03T18:01:46.586487Z</time></trkpt>
  <trkpt lat="37.4128688" lon="-121.9944866"><ele>70</ele><time>2026-05-03T18:01:46.666854Z</time></trkpt>
  <trkpt lat="37.4128596" lon="-121.9944970"><ele>70</ele><time>2026-05-03T18:01:46.787237Z</time></trkpt>
  <trkpt lat="37.4128506" lon="-121.9945080"><ele>70</ele><time>2026-05-03T18:01:46.867868Z</time></trkpt>
  <trkpt lat="37.4128419" lon="-121.9945196"><ele>69</ele><time>2026-05-03T18:01:46.968193Z</time></trkpt>
  <trkpt lat="37.4128335" lon="-121.9945319"><ele>69</ele><time>2026-05-03T18:01:47.069276Z</time></trkpt>
  <trkpt lat="37.4128256" lon="-121.9945452"><ele>69</ele><time>2026-05-03T18:01:47.169873Z</time></trkpt>
  <trkpt lat="37.4128181" lon="-121.9945591"><ele>69</ele><time>2026-05-03T18:01:47.270794Z</time></trkpt>
  <trkpt lat="37.4128107" lon="-121.9945738"><ele>68</ele><time>2026-05-03T18:01:47.371412Z</time></trkpt>
  <trkpt lat="37.4128035" lon="-121.9945888"><ele>68</ele><time>2026-05-03T18:01:47.471809Z</time></trkpt>
  <trkpt lat="37.4128035" lon="-121.9945888"><ele>68</ele><time>2026-05-03T18:01:47.554556Z</time></trkpt>
  <trkpt lat="37.4127966" lon="-121.9946042"><ele>68</ele><time>2026-05-03T18:01:47.572684Z</time></trkpt>
  <trkpt lat="37.4127900" lon="-121.9946200"><ele>67</ele><time>2026-05-03T18:01:47.673442Z</time></trkpt>
  <trkpt lat="37.4127835" lon="-121.9946361"><ele>67</ele><time>2026-05-03T18:01:47.774398Z</time></trkpt>
  <trkpt lat="37.4127772" lon="-121.9946527"><ele>66</ele><time>2026-05-03T18:01:47.875295Z</time></trkpt>
  <trkpt lat="37.4127713" lon="-121.9946693"><ele>66</ele><time>2026-05-03T18:01:47.976080Z</time></trkpt>
  <trkpt lat="37.4127658" lon="-121.9946863"><ele>65</ele><time>2026-05-03T18:01:48.076317Z</time></trkpt>
  <trkpt lat="37.4127607" lon="-121.9947037"><ele>64</ele><time>2026-05-03T18:01:48.176891Z</time></trkpt>
  <trkpt lat="37.4127560" lon="-121.9947216"><ele>64</ele><time>2026-05-03T18:01:48.277352Z</time></trkpt>
  <trkpt lat="37.4127515" lon="-121.9947400"><ele>63</ele><time>2026-05-03T18:01:48.377645Z</time></trkpt>
  <trkpt lat="37.4127475" lon="-121.9947587"><ele>62</ele><time>2026-05-03T18:01:48.478305Z</time></trkpt>
  <trkpt lat="37.4127438" lon="-121.9947777"><ele>61</ele><time>2026-05-03T18:01:48.578287Z</time></trkpt>
  <trkpt lat="37.4127406" lon="-121.9947971"><ele>61</ele><time>2026-05-03T18:01:48.679128Z</time></trkpt>
  <trkpt lat="37.4127380" lon="-121.9948172"><ele>60</ele><time>2026-05-03T18:01:48.780053Z</time></trkpt>
  <trkpt lat="37.4127363" lon="-121.9948378"><ele>59</ele><time>2026-05-03T18:01:48.881098Z</time></trkpt>
  <trkpt lat="37.4127356" lon="-121.9948589"><ele>59</ele><time>2026-05-03T18:01:48.981383Z</time></trkpt>
  <trkpt lat="37.4127361" lon="-121.9948804"><ele>59</ele><time>2026-05-03T18:01:49.082444Z</time></trkpt>
  <trkpt lat="37.4127379" lon="-121.9949022"><ele>58</ele><time>2026-05-03T18:01:49.163728Z</time></trkpt>
  <trkpt lat="37.4127404" lon="-121.9949239"><ele>58</ele><time>2026-05-03T18:01:49.265202Z</time></trkpt>
  <trkpt lat="37.4127440" lon="-121.9949453"><ele>58</ele><time>2026-05-03T18:01:49.366082Z</time></trkpt>
  <trkpt lat="37.4127487" lon="-121.9949665"><ele>57</ele><time>2026-05-03T18:01:49.467091Z</time></trkpt>
  <trkpt lat="37.4127543" lon="-121.9949875"><ele>57</ele><time>2026-05-03T18:01:49.567022Z</time></trkpt>
  <trkpt lat="37.4127607" lon="-121.9950080"><ele>56</ele><time>2026-05-03T18:01:49.667694Z</time></trkpt>
  <trkpt lat="37.4127607" lon="-121.9950080"><ele>56</ele><time>2026-05-03T18:01:49.711997Z</time></trkpt>
  <trkpt lat="37.4127680" lon="-121.9950282"><ele>56</ele><time>2026-05-03T18:01:49.768360Z</time></trkpt>
  <trkpt lat="37.4127765" lon="-121.9950478"><ele>56</ele><time>2026-05-03T18:01:49.868886Z</time></trkpt>
  <trkpt lat="37.4127859" lon="-121.9950668"><ele>56</ele><time>2026-05-03T18:01:49.969523Z</time></trkpt>
  <trkpt lat="37.4127961" lon="-121.9950853"><ele>56</ele><time>2026-05-03T18:01:50.069508Z</time></trkpt>
  <trkpt lat="37.4128063" lon="-121.9951032"><ele>56</ele><time>2026-05-03T18:01:50.170013Z</time></trkpt>
  <trkpt lat="37.4128165" lon="-121.9951212"><ele>56</ele><time>2026-05-03T18:01:50.270902Z</time></trkpt>
  <trkpt lat="37.4128267" lon="-121.9951387"><ele>56</ele><time>2026-05-03T18:01:50.371858Z</time></trkpt>
  <trkpt lat="37.4128367" lon="-121.9951560"><ele>56</ele><time>2026-05-03T18:01:50.471869Z</time></trkpt>
  <trkpt lat="37.4128467" lon="-121.9951734"><ele>56</ele><time>2026-05-03T18:01:50.572379Z</time></trkpt>
  <trkpt lat="37.4128572" lon="-121.9951900"><ele>57</ele><time>2026-05-03T18:01:50.672530Z</time></trkpt>
  <trkpt lat="37.4128680" lon="-121.9952057"><ele>57</ele><time>2026-05-03T18:01:50.773088Z</time></trkpt>
  <trkpt lat="37.4128792" lon="-121.9952203"><ele>57</ele><time>2026-05-03T18:01:50.873948Z</time></trkpt>
  <trkpt lat="37.4128905" lon="-121.9952335"><ele>58</ele><time>2026-05-03T18:01:50.974550Z</time></trkpt>
  <trkpt lat="37.4129021" lon="-121.9952456"><ele>59</ele><time>2026-05-03T18:01:51.075127Z</time></trkpt>
  <trkpt lat="37.4129139" lon="-121.9952566"><ele>59</ele><time>2026-05-03T18:01:51.175616Z</time></trkpt>
  <trkpt lat="37.4129258" lon="-121.9952663"><ele>60</ele><time>2026-05-03T18:01:51.276399Z</time></trkpt>
  <trkpt lat="37.4129379" lon="-121.9952755"><ele>61</ele><time>2026-05-03T18:01:51.376431Z</time></trkpt>
  <trkpt lat="37.4129503" lon="-121.9952839"><ele>62</ele><time>2026-05-03T18:01:51.477744Z</time></trkpt>
  <trkpt lat="37.4129628" lon="-121.9952919"><ele>62</ele><time>2026-05-03T18:01:51.578523Z</time></trkpt>
  <trkpt lat="37.4129755" lon="-121.9952997"><ele>63</ele><time>2026-05-03T18:01:51.679039Z</time></trkpt>
  <trkpt lat="37.4129884" lon="-121.9953073"><ele>63</ele><time>2026-05-03T18:01:51.780210Z</time></trkpt>
  <trkpt lat="37.4130016" lon="-121.9953148"><ele>64</ele><time>2026-05-03T18:01:51.860306Z</time></trkpt>
  <trkpt lat="37.4130016" lon="-121.9953148"><ele>64</ele><time>2026-05-03T18:01:51.869245Z</time></trkpt>
  <trkpt lat="37.4130151" lon="-121.9953218"><ele>64</ele><time>2026-05-03T18:01:51.961741Z</time></trkpt>
  <trkpt lat="37.4130288" lon="-121.9953286"><ele>64</ele><time>2026-05-03T18:01:52.062373Z</time></trkpt>
  <trkpt lat="37.4130427" lon="-121.9953353"><ele>65</ele><time>2026-05-03T18:01:52.163286Z</time></trkpt>
  <trkpt lat="37.4130567" lon="-121.9953417"><ele>65</ele><time>2026-05-03T18:01:52.263587Z</time></trkpt>
  <trkpt lat="37.4130708" lon="-121.9953476"><ele>65</ele><time>2026-05-03T18:01:52.364103Z</time></trkpt>
  <trkpt lat="37.4130853" lon="-121.9953528"><ele>66</ele><time>2026-05-03T18:01:52.465363Z</time></trkpt>
  <trkpt lat="37.4130997" lon="-121.9953566"><ele>66</ele><time>2026-05-03T18:01:52.566743Z</time></trkpt>
  <trkpt lat="37.4131140" lon="-121.9953593"><ele>67</ele><time>2026-05-03T18:01:52.667329Z</time></trkpt>
  <trkpt lat="37.4131282" lon="-121.9953609"><ele>67</ele><time>2026-05-03T18:01:52.768264Z</time></trkpt>
  <trkpt lat="37.4131422" lon="-121.9953613"><ele>67</ele><time>2026-05-03T18:01:52.868784Z</time></trkpt>
  <trkpt lat="37.4131559" lon="-121.9953604"><ele>68</ele><time>2026-05-03T18:01:52.970085Z</time></trkpt>
  <trkpt lat="37.4131693" lon="-121.9953582"><ele>69</ele><time>2026-05-03T18:01:53.070756Z</time></trkpt>
  <trkpt lat="37.4131826" lon="-121.9953553"><ele>69</ele><time>2026-05-03T18:01:53.170981Z</time></trkpt>
  <trkpt lat="37.4131955" lon="-121.9953517"><ele>70</ele><time>2026-05-03T18:01:53.271704Z</time></trkpt>
  <trkpt lat="37.4132082" lon="-121.9953475"><ele>70</ele><time>2026-05-03T18:01:53.372017Z</time></trkpt>
  <trkpt lat="37.4132207" lon="-121.9953430"><ele>71</ele><time>2026-05-03T18:01:53.472785Z</time></trkpt>
  <trkpt lat="37.4132330" lon="-121.9953382"><ele>71</ele><time>2026-05-03T18:01:53.573107Z</time></trkpt>
  <trkpt lat="37.4132455" lon="-121.9953333"><ele>72</ele><time>2026-05-03T18:01:53.673834Z</time></trkpt>
  <trkpt lat="37.4132578" lon="-121.9953280"><ele>72</ele><time>2026-05-03T18:01:53.774106Z</time></trkpt>
  <trkpt lat="37.4132696" lon="-121.9953229"><ele>73</ele><time>2026-05-03T18:01:53.874650Z</time></trkpt>
  <trkpt lat="37.4132815" lon="-121.9953178"><ele>74</ele><time>2026-05-03T18:01:53.974591Z</time></trkpt>
  <trkpt lat="37.4132815" lon="-121.9953178"><ele>74</ele><time>2026-05-03T18:01:54.031575Z</time></trkpt>
  <trkpt lat="37.4132932" lon="-121.9953134"><ele>74</ele><time>2026-05-03T18:01:54.074893Z</time></trkpt>
  <trkpt lat="37.4133050" lon="-121.9953091"><ele>75</ele><time>2026-05-03T18:01:54.175595Z</time></trkpt>
  <trkpt lat="37.4133169" lon="-121.9953052"><ele>75</ele><time>2026-05-03T18:01:54.276043Z</time></trkpt>
  <trkpt lat="37.4133288" lon="-121.9953015"><ele>76</ele><time>2026-05-03T18:01:54.377320Z</time></trkpt>
  <trkpt lat="37.4133406" lon="-121.9952977"><ele>76</ele><time>2026-05-03T18:01:54.478226Z</time></trkpt>
  <trkpt lat="37.4133523" lon="-121.9952945"><ele>77</ele><time>2026-05-03T18:01:54.578007Z</time></trkpt>
  <trkpt lat="37.4133642" lon="-121.9952912"><ele>78</ele><time>2026-05-03T18:01:54.678622Z</time></trkpt>
  <trkpt lat="37.4133761" lon="-121.9952881"><ele>78</ele><time>2026-05-03T18:01:54.758919Z</time></trkpt>
  <trkpt lat="37.4133882" lon="-121.9952851"><ele>79</ele><time>2026-05-03T18:01:54.860268Z</time></trkpt>
  <trkpt lat="37.4134001" lon="-121.9952824"><ele>79</ele><time>2026-05-03T18:01:54.961174Z</time></trkpt>
  <trkpt lat="37.4134118" lon="-121.9952801"><ele>79</ele><time>2026-05-03T18:01:55.062166Z</time></trkpt>
  <trkpt lat="37.4134238" lon="-121.9952771"><ele>80</ele><time>2026-05-03T18:01:55.162840Z</time></trkpt>
  <trkpt lat="37.4134356" lon="-121.9952741"><ele>80</ele><time>2026-05-03T18:01:55.262982Z</time></trkpt>
  <trkpt lat="37.4134475" lon="-121.9952711"><ele>81</ele><time>2026-05-03T18:01:55.364370Z</time></trkpt>
  <trkpt lat="37.4134591" lon="-121.9952687"><ele>81</ele><time>2026-05-03T18:01:55.464968Z</time></trkpt>
  <trkpt lat="37.4134712" lon="-121.9952659"><ele>82</ele><time>2026-05-03T18:01:55.565752Z</time></trkpt>
  <trkpt lat="37.4134833" lon="-121.9952633"><ele>82</ele><time>2026-05-03T18:01:55.666575Z</time></trkpt>
  <trkpt lat="37.4134953" lon="-121.9952606"><ele>83</ele><time>2026-05-03T18:01:55.766854Z</time></trkpt>
  <trkpt lat="37.4135069" lon="-121.9952583"><ele>83</ele><time>2026-05-03T18:01:55.868005Z</time></trkpt>
  <trkpt lat="37.4135185" lon="-121.9952564"><ele>84</ele><time>2026-05-03T18:01:55.968780Z</time></trkpt>
  <trkpt lat="37.4135303" lon="-121.9952552"><ele>84</ele><time>2026-05-03T18:01:56.068759Z</time></trkpt>
  <trkpt lat="37.4135419" lon="-121.9952553"><ele>85</ele><time>2026-05-03T18:01:56.169374Z</time></trkpt>
  <trkpt lat="37.4135419" lon="-121.9952553"><ele>85</ele><time>2026-05-03T18:01:56.178747Z</time></trkpt>
  <trkpt lat="37.4135535" lon="-121.9952566"><ele>85</ele><time>2026-05-03T18:01:56.269837Z</time></trkpt>
  <trkpt lat="37.4135652" lon="-121.9952593"><ele>85</ele><time>2026-05-03T18:01:56.370642Z</time></trkpt>
  <trkpt lat="37.4135769" lon="-121.9952634"><ele>86</ele><time>2026-05-03T18:01:56.471364Z</time></trkpt>
  <trkpt lat="37.4135884" lon="-121.9952685"><ele>86</ele><time>2026-05-03T18:01:56.572187Z</time></trkpt>
  <trkpt lat="37.4135999" lon="-121.9952749"><ele>86</ele><time>2026-05-03T18:01:56.672610Z</time></trkpt>
  <trkpt lat="37.4136105" lon="-121.9952827"><ele>85</ele><time>2026-05-03T18:01:56.772946Z</time></trkpt>
  <trkpt lat="37.4136196" lon="-121.9952925"><ele>85</ele><time>2026-05-03T18:01:56.873330Z</time></trkpt>
  <trkpt lat="37.4136265" lon="-121.9953038"><ele>84</ele><time>2026-05-03T18:01:56.974190Z</time></trkpt>
  <trkpt lat="37.4136319" lon="-121.9953160"><ele>83</ele><time>2026-05-03T18:01:57.074871Z</time></trkpt>
  <trkpt lat="37.4136352" lon="-121.9953281"><ele>82</ele><time>2026-05-03T18:01:57.174868Z</time></trkpt>
  <trkpt lat="37.4136360" lon="-121.9953391"><ele>81</ele><time>2026-05-03T18:01:57.275608Z</time></trkpt>
  <trkpt lat="37.4136342" lon="-121.9953497"><ele>80</ele><time>2026-05-03T18:01:57.375843Z</time></trkpt>
  <trkpt lat="37.4136297" lon="-121.9953598"><ele>79</ele><time>2026-05-03T18:01:57.476331Z</time></trkpt>
  <trkpt lat="37.4136226" lon="-121.9953679"><ele>77</ele><time>2026-05-03T18:01:57.556959Z</time></trkpt>
  <trkpt lat="37.4136131" lon="-121.9953731"><ele>76</ele><time>2026-05-03T18:01:57.657135Z</time></trkpt>
  <trkpt lat="37.4136023" lon="-121.9953753"><ele>75</ele><time>2026-05-03T18:01:57.757637Z</time></trkpt>
  <trkpt lat="37.4135903" lon="-121.9953754"><ele>74</ele><time>2026-05-03T18:01:57.858052Z</time></trkpt>
  <trkpt lat="37.4135772" lon="-121.9953737"><ele>73</ele><time>2026-05-03T18:01:57.959119Z</time></trkpt>
  <trkpt lat="37.4135634" lon="-121.9953708"><ele>72</ele><time>2026-05-03T18:01:58.059348Z</time></trkpt>
  <trkpt lat="37.4135490" lon="-121.9953675"><ele>72</ele><time>2026-05-03T18:01:58.160019Z</time></trkpt>
  <trkpt lat="37.4135342" lon="-121.9953643"><ele>71</ele><time>2026-05-03T18:01:58.260496Z</time></trkpt>
  <trkpt lat="37.4135342" lon="-121.9953643"><ele>71</ele><time>2026-05-03T18:01:58.343024Z</time></trkpt>
  <trkpt lat="37.4135191" lon="-121.9953613"><ele>70</ele><time>2026-05-03T18:01:58.360598Z</time></trkpt>
  <trkpt lat="37.4135036" lon="-121.9953587"><ele>70</ele><time>2026-05-03T18:01:58.461269Z</time></trkpt>
  <trkpt lat="37.4134876" lon="-121.9953565"><ele>69</ele><time>2026-05-03T18:01:58.562332Z</time></trkpt>
  <trkpt lat="37.4134715" lon="-121.9953548"><ele>69</ele><time>2026-05-03T18:01:58.663014Z</time></trkpt>
  <trkpt lat="37.4134553" lon="-121.9953534"><ele>69</ele><time>2026-05-03T18:01:58.763580Z</time></trkpt>
  <trkpt lat="37.4134389" lon="-121.9953521"><ele>68</ele><time>2026-05-03T18:01:58.863833Z</time></trkpt>
  <trkpt lat="37.4134223" lon="-121.9953509"><ele>68</ele><time>2026-05-03T18:01:58.964050Z</time></trkpt>
  <trkpt lat="37.4134057" lon="-121.9953497"><ele>68</ele><time>2026-05-03T18:01:59.064932Z</time></trkpt>
  <trkpt lat="37.4133889" lon="-121.9953487"><ele>67</ele><time>2026-05-03T18:01:59.165687Z</time></trkpt>
  <trkpt lat="37.4133719" lon="-121.9953479"><ele>67</ele><time>2026-05-03T18:01:59.267161Z</time></trkpt>
  <trkpt lat="37.4133553" lon="-121.9953469"><ele>67</ele><time>2026-05-03T18:01:59.368084Z</time></trkpt>
  <trkpt lat="37.4133382" lon="-121.9953461"><ele>66</ele><time>2026-05-03T18:01:59.468613Z</time></trkpt>
  <trkpt lat="37.4133208" lon="-121.9953457"><ele>66</ele><time>2026-05-03T18:01:59.569449Z</time></trkpt>
  <trkpt lat="37.4133032" lon="-121.9953454"><ele>65</ele><time>2026-05-03T18:01:59.670442Z</time></trkpt>
  <trkpt lat="37.4132857" lon="-121.9953451"><ele>65</ele><time>2026-05-03T18:01:59.771371Z</time></trkpt>
  <trkpt lat="37.4132681" lon="-121.9953452"><ele>64</ele><time>2026-05-03T18:01:59.872226Z</time></trkpt>
  <trkpt lat="37.4132503" lon="-121.9953454"><ele>64</ele><time>2026-05-03T18:01:59.972554Z</time></trkpt>
  <trkpt lat="37.4132326" lon="-121.9953457"><ele>63</ele><time>2026-05-03T18:02:00.053022Z</time></trkpt>
  <trkpt lat="37.4132148" lon="-121.9953462"><ele>63</ele><time>2026-05-03T18:02:00.153788Z</time></trkpt>
  <trkpt lat="37.4131970" lon="-121.9953467"><ele>62</ele><time>2026-05-03T18:02:00.254181Z</time></trkpt>
  <trkpt lat="37.4131795" lon="-121.9953473"><ele>62</ele><time>2026-05-03T18:02:00.355039Z</time></trkpt>
  <trkpt lat="37.4131623" lon="-121.9953477"><ele>61</ele><time>2026-05-03T18:02:00.455240Z</time></trkpt>
  <trkpt lat="37.4131623" lon="-121.9953477"><ele>61</ele><time>2026-05-03T18:02:00.488047Z</time></trkpt>
  <trkpt lat="37.4131448" lon="-121.9953485"><ele>61</ele><time>2026-05-03T18:02:00.555545Z</time></trkpt>
  <trkpt lat="37.4131276" lon="-121.9953509"><ele>62</ele><time>2026-05-03T18:02:00.656411Z</time></trkpt>
  <trkpt lat="37.4131105" lon="-121.9953536"><ele>62</ele><time>2026-05-03T18:02:00.757216Z</time></trkpt>
  <trkpt lat="37.4130955" lon="-121.9953552"><ele>63</ele><time>2026-05-03T18:02:00.857673Z</time></trkpt>
  <trkpt lat="37.4130833" lon="-121.9953557"><ele>64</ele><time>2026-05-03T18:02:00.958244Z</time></trkpt>
  <trkpt lat="37.4130745" lon="-121.9953579"><ele>65</ele><time>2026-05-03T18:02:01.058604Z</time></trkpt>
  <trkpt lat="37.4130681" lon="-121.9953618"><ele>67</ele><time>2026-05-03T18:02:01.159169Z</time></trkpt>
  <trkpt lat="37.4130631" lon="-121.9953673"><ele>68</ele><time>2026-05-03T18:02:01.259547Z</time></trkpt>
  <trkpt lat="37.4130590" lon="-121.9953755"><ele>70</ele><time>2026-05-03T18:02:01.360059Z</time></trkpt>
  <trkpt lat="37.4130577" lon="-121.9953815"><ele>71</ele><time>2026-05-03T18:02:01.460532Z</time></trkpt>
  <trkpt lat="37.4130590" lon="-121.9953872"><ele>73</ele><time>2026-05-03T18:02:01.560598Z</time></trkpt>
  <trkpt lat="37.4130625" lon="-121.9953948"><ele>74</ele><time>2026-05-03T18:02:01.661296Z</time></trkpt>
  <trkpt lat="37.4130665" lon="-121.9954050"><ele>75</ele><time>2026-05-03T18:02:01.761790Z</time></trkpt>
  <trkpt lat="37.4130712" lon="-121.9954155"><ele>76</ele><time>2026-05-03T18:02:01.862433Z</time></trkpt>
  <trkpt lat="37.4130794" lon="-121.9954230"><ele>77</ele><time>2026-05-03T18:02:01.963546Z</time></trkpt>
  <trkpt lat="37.4130886" lon="-121.9954286"><ele>77</ele><time>2026-05-03T18:02:02.064610Z</time></trkpt>
  <trkpt lat="37.4131046" lon="-121.9954298"><ele>77</ele><time>2026-05-03T18:02:02.165564Z</time></trkpt>
  <trkpt lat="37.4131230" lon="-121.9954284"><ele>77</ele><time>2026-05-03T18:02:02.265436Z</time></trkpt>
  <trkpt lat="37.4131439" lon="-121.9954248"><ele>77</ele><time>2026-05-03T18:02:02.365997Z</time></trkpt>
  <trkpt lat="37.4131634" lon="-121.9954182"><ele>77</ele><time>2026-05-03T18:02:02.466807Z</time></trkpt>
  <trkpt lat="37.4131821" lon="-121.9954087"><ele>76</ele><time>2026-05-03T18:02:02.567289Z</time></trkpt>
  <trkpt lat="37.4131821" lon="-121.9954087"><ele>76</ele><time>2026-05-03T18:02:02.645884Z</time></trkpt>
  <trkpt lat="37.4132003" lon="-121.9953955"><ele>76</ele><time>2026-05-03T18:02:02.668213Z</time></trkpt>
  <trkpt lat="37.4132194" lon="-121.9953762"><ele>76</ele><time>2026-05-03T18:02:02.748598Z</time></trkpt>
  <trkpt lat="37.4132378" lon="-121.9953542"><ele>77</ele><time>2026-05-03T18:02:02.849251Z</time></trkpt>
  <trkpt lat="37.4132551" lon="-121.9953339"><ele>77</ele><time>2026-05-03T18:02:02.949538Z</time></trkpt>
  <trkpt lat="37.4132706" lon="-121.9953137"><ele>77</ele><time>2026-05-03T18:02:03.050779Z</time></trkpt>
  <trkpt lat="37.4132864" lon="-121.9952938"><ele>77</ele><time>2026-05-03T18:02:03.151418Z</time></trkpt>
  <trkpt lat="37.4133019" lon="-121.9952778"><ele>78</ele><time>2026-05-03T18:02:03.251922Z</time></trkpt>
  <trkpt lat="37.4133181" lon="-121.9952625"><ele>79</ele><time>2026-05-03T18:02:03.352483Z</time></trkpt>
  <trkpt lat="37.4133347" lon="-121.9952485"><ele>80</ele><time>2026-05-03T18:02:03.453181Z</time></trkpt>
  <trkpt lat="37.4133523" lon="-121.9952342"><ele>81</ele><time>2026-05-03T18:02:03.553566Z</time></trkpt>
  <trkpt lat="37.4133698" lon="-121.9952199"><ele>81</ele><time>2026-05-03T18:02:03.653932Z</time></trkpt>
  <trkpt lat="37.4133868" lon="-121.9952054"><ele>82</ele><time>2026-05-03T18:02:03.754662Z</time></trkpt>
  <trkpt lat="37.4134054" lon="-121.9951908"><ele>82</ele><time>2026-05-03T18:02:03.854764Z</time></trkpt>
  <trkpt lat="37.4134246" lon="-121.9951770"><ele>83</ele><time>2026-05-03T18:02:03.955436Z</time></trkpt>
  <trkpt lat="37.4134431" lon="-121.9951663"><ele>82</ele><time>2026-05-03T18:02:04.056663Z</time></trkpt>
  <trkpt lat="37.4134591" lon="-121.9951548"><ele>82</ele><time>2026-05-03T18:02:04.157714Z</time></trkpt>
  <trkpt lat="37.4134755" lon="-121.9951399"><ele>82</ele><time>2026-05-03T18:02:04.257825Z</time></trkpt>
  <trkpt lat="37.4134908" lon="-121.9951271"><ele>82</ele><time>2026-05-03T18:02:04.358021Z</time></trkpt>
  <trkpt lat="37.4135067" lon="-121.9951149"><ele>82</ele><time>2026-05-03T18:02:04.459155Z</time></trkpt>
  <trkpt lat="37.4135190" lon="-121.9951063"><ele>82</ele><time>2026-05-03T18:02:04.559850Z</time></trkpt>
  <trkpt lat="37.4135298" lon="-121.9950982"><ele>82</ele><time>2026-05-03T18:02:04.660327Z</time></trkpt>
  <trkpt lat="37.4135391" lon="-121.9950905"><ele>82</ele><time>2026-05-03T18:02:04.761048Z</time></trkpt>
  <trkpt lat="37.4135391" lon="-121.9950905"><ele>82</ele><time>2026-05-03T18:02:04.804764Z</time></trkpt>
  <trkpt lat="37.4135510" lon="-121.9950822"><ele>82</ele><time>2026-05-03T18:02:04.861889Z</time></trkpt>
  <trkpt lat="37.4135634" lon="-121.9950757"><ele>83</ele><time>2026-05-03T18:02:04.962549Z</time></trkpt>
  <trkpt lat="37.4135768" lon="-121.9950711"><ele>83</ele><time>2026-05-03T18:02:05.063044Z</time></trkpt>
  <trkpt lat="37.4135894" lon="-121.9950689"><ele>83</ele><time>2026-05-03T18:02:05.163681Z</time></trkpt>
  <trkpt lat="37.4136030" lon="-121.9950693"><ele>84</ele><time>2026-05-03T18:02:05.263909Z</time></trkpt>
  <trkpt lat="37.4136164" lon="-121.9950726"><ele>84</ele><time>2026-05-03T18:02:05.364358Z</time></trkpt>
  <trkpt lat="37.4136284" lon="-121.9950796"><ele>84</ele><time>2026-05-03T18:02:05.464628Z</time></trkpt>
  <trkpt lat="37.4136398" lon="-121.9950884"><ele>85</ele><time>2026-05-03T18:02:05.565069Z</time></trkpt>
  <trkpt lat="37.4136499" lon="-121.9951003"><ele>84</ele><time>2026-05-03T18:02:05.665659Z</time></trkpt>
  <trkpt lat="37.4136581" lon="-121.9951150"><ele>84</ele><time>2026-05-03T18:02:05.765814Z</time></trkpt>
  <trkpt lat="37.4136631" lon="-121.9951314"><ele>83</ele><time>2026-05-03T18:02:05.866241Z</time></trkpt>
  <trkpt lat="37.4136653" lon="-121.9951481"><ele>83</ele><time>2026-05-03T18:02:05.946340Z</time></trkpt>
  <trkpt lat="37.4136658" lon="-121.9951651"><ele>82</ele><time>2026-05-03T18:02:06.046651Z</time></trkpt>
  <trkpt lat="37.4136660" lon="-121.9951796"><ele>80</ele><time>2026-05-03T18:02:06.147623Z</time></trkpt>
  <trkpt lat="37.4136626" lon="-121.9951942"><ele>78</ele><time>2026-05-03T18:02:06.248571Z</time></trkpt>
  <trkpt lat="37.4136559" lon="-121.9952079"><ele>75</ele><time>2026-05-03T18:02:06.348390Z</time></trkpt>
  <trkpt lat="37.4136467" lon="-121.9952187"><ele>73</ele><time>2026-05-03T18:02:06.448934Z</time></trkpt>
  <trkpt lat="37.4136340" lon="-121.9952248"><ele>72</ele><time>2026-05-03T18:02:06.549509Z</time></trkpt>
  <trkpt lat="37.4136192" lon="-121.9952279"><ele>71</ele><time>2026-05-03T18:02:06.650341Z</time></trkpt>
  <trkpt lat="37.4136038" lon="-121.9952270"><ele>71</ele><time>2026-05-03T18:02:06.750730Z</time></trkpt>
  <trkpt lat="37.4135888" lon="-121.9952206"><ele>70</ele><time>2026-05-03T18:02:06.850998Z</time></trkpt>
  <trkpt lat="37.4135741" lon="-121.9952112"><ele>70</ele><time>2026-05-03T18:02:06.951497Z</time></trkpt>
  <trkpt lat="37.4135741" lon="-121.9952112"><ele>70</ele><time>2026-05-03T18:02:06.965395Z</time></trkpt>
  <trkpt lat="37.4135616" lon="-121.9951983"><ele>69</ele><time>2026-05-03T18:02:07.051955Z</time></trkpt>
  <trkpt lat="37.4135517" lon="-121.9951827"><ele>70</ele><time>2026-05-03T18:02:07.153921Z</time></trkpt>
  <trkpt lat="37.4135453" lon="-121.9951645"><ele>70</ele><time>2026-05-03T18:02:07.254528Z</time></trkpt>
  <trkpt lat="37.4135435" lon="-121.9951435"><ele>70</ele><time>2026-05-03T18:02:07.355701Z</time></trkpt>
  <trkpt lat="37.4135464" lon="-121.9951227"><ele>69</ele><time>2026-05-03T18:02:07.456739Z</time></trkpt>
  <trkpt lat="37.4135521" lon="-121.9951037"><ele>69</ele><time>2026-05-03T18:02:07.557390Z</time></trkpt>
  <trkpt lat="37.4135597" lon="-121.9950874"><ele>69</ele><time>2026-05-03T18:02:07.658621Z</time></trkpt>
  <trkpt lat="37.4135705" lon="-121.9950748"><ele>68</ele><time>2026-05-03T18:02:07.759667Z</time></trkpt>
  <trkpt lat="37.4135839" lon="-121.9950638"><ele>68</ele><time>2026-05-03T18:02:07.860711Z</time></trkpt>
  <trkpt lat="37.4135976" lon="-121.9950534"><ele>68</ele><time>2026-05-03T18:02:07.961035Z</time></trkpt>
  <trkpt lat="37.4136108" lon="-121.9950433"><ele>67</ele><time>2026-05-03T18:02:08.061234Z</time></trkpt>
  <trkpt lat="37.4136238" lon="-121.9950325"><ele>66</ele><time>2026-05-03T18:02:08.161870Z</time></trkpt>
  <trkpt lat="37.4136364" lon="-121.9950221"><ele>65</ele><time>2026-05-03T18:02:08.262494Z</time></trkpt>
  <trkpt lat="37.4136495" lon="-121.9950116"><ele>64</ele><time>2026-05-03T18:02:08.343099Z</time></trkpt>
  <trkpt lat="37.4136625" lon="-121.9950012"><ele>63</ele><time>2026-05-03T18:02:08.444463Z</time></trkpt>
  <trkpt lat="37.4136756" lon="-121.9949907"><ele>62</ele><time>2026-05-03T18:02:08.545930Z</time></trkpt>
  <trkpt lat="37.4136886" lon="-121.9949800"><ele>60</ele><time>2026-05-03T18:02:08.646435Z</time></trkpt>
  <trkpt lat="37.4137014" lon="-121.9949690"><ele>59</ele><time>2026-05-03T18:02:08.747208Z</time></trkpt>
  <trkpt lat="37.4137138" lon="-121.9949581"><ele>58</ele><time>2026-05-03T18:02:08.848958Z</time></trkpt>
  <trkpt lat="37.4137265" lon="-121.9949470"><ele>56</ele><time>2026-05-03T18:02:08.949062Z</time></trkpt>
  <trkpt lat="37.4137392" lon="-121.9949356"><ele>55</ele><time>2026-05-03T18:02:09.049409Z</time></trkpt>
  <trkpt lat="37.4137392" lon="-121.9949356"><ele>55</ele><time>2026-05-03T18:02:09.105990Z</time></trkpt>
  <trkpt lat="37.4137517" lon="-121.9949240"><ele>53</ele><time>2026-05-03T18:02:09.149893Z</time></trkpt>
  <trkpt lat="37.4137644" lon="-121.9949136"><ele>52</ele><time>2026-05-03T18:02:09.251068Z</time></trkpt>
  <trkpt lat="37.4137777" lon="-121.9949078"><ele>50</ele><time>2026-05-03T18:02:09.331530Z</time></trkpt>
  <trkpt lat="37.4137921" lon="-121.9949081"><ele>49</ele><time>2026-05-03T18:02:09.451384Z</time></trkpt>
  <trkpt lat="37.4138065" lon="-121.9949148"><ele>47</ele><time>2026-05-03T18:02:09.552112Z</time></trkpt>
  <trkpt lat="37.4138203" lon="-121.9949266"><ele>46</ele><time>2026-05-03T18:02:09.652536Z</time></trkpt>
  <trkpt lat="37.4138331" lon="-121.9949427"><ele>45</ele><time>2026-05-03T18:02:09.753165Z</time></trkpt>
  <trkpt lat="37.4138454" lon="-121.9949613"><ele>44</ele><time>2026-05-03T18:02:09.853669Z</time></trkpt>
  <trkpt lat="37.4138559" lon="-121.9949817"><ele>43</ele><time>2026-05-03T18:02:09.954542Z</time></trkpt>
  <trkpt lat="37.4138633" lon="-121.9950038"><ele>42</ele><time>2026-05-03T18:02:10.055101Z</time></trkpt>
  <trkpt lat="37.4138669" lon="-121.9950263"><ele>42</ele><time>2026-05-03T18:02:10.156265Z</time></trkpt>
  <trkpt lat="37.4138690" lon="-121.9950488"><ele>42</ele><time>2026-05-03T18:02:10.257081Z</time></trkpt>
  <trkpt lat="37.4138699" lon="-121.9950717"><ele>42</ele><time>2026-05-03T18:02:10.357830Z</time></trkpt>
  <trkpt lat="37.4138698" lon="-121.9950946"><ele>42</ele><time>2026-05-03T18:02:10.458780Z</time></trkpt>
  <trkpt lat="37.4138696" lon="-121.9951169"><ele>41</ele><time>2026-05-03T18:02:10.558563Z</time></trkpt>
  <trkpt lat="37.4138687" lon="-121.9951389"><ele>41</ele><time>2026-05-03T18:02:10.659803Z</time></trkpt>
  <trkpt lat="37.4138664" lon="-121.9951608"><ele>41</ele><time>2026-05-03T18:02:10.740154Z</time></trkpt>
  <trkpt lat="37.4138648" lon="-121.9951822"><ele>40</ele><time>2026-05-03T18:02:10.840986Z</time></trkpt>
  <trkpt lat="37.4138622" lon="-121.9952034"><ele>40</ele><time>2026-05-03T18:02:10.941767Z</time></trkpt>
  <trkpt lat="37.4138583" lon="-121.9952240"><ele>40</ele><time>2026-05-03T18:02:11.042579Z</time></trkpt>
  <trkpt lat="37.4138523" lon="-121.9952436"><ele>40</ele><time>2026-05-03T18:02:11.143712Z</time></trkpt>
  <trkpt lat="37.4138449" lon="-121.9952613"><ele>40</ele><time>2026-05-03T18:02:11.244165Z</time></trkpt>
  <trkpt lat="37.4138449" lon="-121.9952613"><ele>40</ele><time>2026-05-03T18:02:11.262816Z</time></trkpt>
  <trkpt lat="37.4138359" lon="-121.9952780"><ele>40</ele><time>2026-05-03T18:02:11.345062Z</time></trkpt>
  <trkpt lat="37.4138259" lon="-121.9952939"><ele>40</ele><time>2026-05-03T18:02:11.445605Z</time></trkpt>
  <trkpt lat="37.4138152" lon="-121.9953089"><ele>41</ele><time>2026-05-03T18:02:11.546634Z</time></trkpt>
  <trkpt lat="37.4138039" lon="-121.9953238"><ele>41</ele><time>2026-05-03T18:02:11.647398Z</time></trkpt>
  <trkpt lat="37.4137923" lon="-121.9953389"><ele>41</ele><time>2026-05-03T18:02:11.747845Z</time></trkpt>
  <trkpt lat="37.4137807" lon="-121.9953533"><ele>40</ele><time>2026-05-03T18:02:11.848635Z</time></trkpt>
  <trkpt lat="37.4137691" lon="-121.9953673"><ele>40</ele><time>2026-05-03T18:02:11.949637Z</time></trkpt>
  <trkpt lat="37.4137570" lon="-121.9953804"><ele>40</ele><time>2026-05-03T18:02:12.050570Z</time></trkpt>
  <trkpt lat="37.4137443" lon="-121.9953918"><ele>40</ele><time>2026-05-03T18:02:12.151151Z</time></trkpt>
  <trkpt lat="37.4137307" lon="-121.9954015"><ele>40</ele><time>2026-05-03T18:02:12.251256Z</time></trkpt>
  <trkpt lat="37.4137162" lon="-121.9954097"><ele>40</ele><time>2026-05-03T18:02:12.351421Z</time></trkpt>
  <trkpt lat="37.4137009" lon="-121.9954164"><ele>39</ele><time>2026-05-03T18:02:12.452062Z</time></trkpt>
  <trkpt lat="37.4136852" lon="-121.9954218"><ele>38</ele><time>2026-05-03T18:02:12.552104Z</time></trkpt>
  <trkpt lat="37.4136694" lon="-121.9954269"><ele>38</ele><time>2026-05-03T18:02:12.652505Z</time></trkpt>
  <trkpt lat="37.4136536" lon="-121.9954322"><ele>37</ele><time>2026-05-03T18:02:12.752800Z</time></trkpt>
  <trkpt lat="37.4136383" lon="-121.9954381"><ele>36</ele><time>2026-05-03T18:02:12.853256Z</time></trkpt>
  <trkpt lat="37.4136231" lon="-121.9954444"><ele>35</ele><time>2026-05-03T18:02:12.953847Z</time></trkpt>
  <trkpt lat="37.4136077" lon="-121.9954501"><ele>34</ele><time>2026-05-03T18:02:13.054419Z</time></trkpt>
  <trkpt lat="37.4135918" lon="-121.9954549"><ele>34</ele><time>2026-05-03T18:02:13.155401Z</time></trkpt>
  <trkpt lat="37.4135751" lon="-121.9954590"><ele>33</ele><time>2026-05-03T18:02:13.255860Z</time></trkpt>
  <trkpt lat="37.4135578" lon="-121.9954626"><ele>33</ele><time>2026-05-03T18:02:13.336157Z</time></trkpt>
  <trkpt lat="37.4135578" lon="-121.9954626"><ele>33</ele><time>2026-05-03T18:02:13.419043Z</time></trkpt>
  <trkpt lat="37.4135402" lon="-121.9954665"><ele>33</ele><time>2026-05-03T18:02:13.457069Z</time></trkpt>
  <trkpt lat="37.4135224" lon="-121.9954707"><ele>32</ele><time>2026-05-03T18:02:13.537631Z</time></trkpt>
  <trkpt lat="37.4135044" lon="-121.9954750"><ele>32</ele><time>2026-05-03T18:02:13.638734Z</time></trkpt>
  <trkpt lat="37.4134866" lon="-121.9954791"><ele>31</ele><time>2026-05-03T18:02:13.738977Z</time></trkpt>
  <trkpt lat="37.4134688" lon="-121.9954833"><ele>31</ele><time>2026-05-03T18:02:13.839409Z</time></trkpt>
  <trkpt lat="37.4134510" lon="-121.9954873"><ele>31</ele><time>2026-05-03T18:02:13.939981Z</time></trkpt>
  <trkpt lat="37.4134330" lon="-121.9954913"><ele>30</ele><time>2026-05-03T18:02:14.040182Z</time></trkpt>
  <trkpt lat="37.4134148" lon="-121.9954951"><ele>30</ele><time>2026-05-03T18:02:14.140467Z</time></trkpt>
  <trkpt lat="37.4133968" lon="-121.9954985"><ele>29</ele><time>2026-05-03T18:02:14.241114Z</time></trkpt>
  <trkpt lat="37.4133790" lon="-121.9955010"><ele>29</ele><time>2026-05-03T18:02:14.341880Z</time></trkpt>
  <trkpt lat="37.4133609" lon="-121.9955024"><ele>29</ele><time>2026-05-03T18:02:14.442064Z</time></trkpt>
  <trkpt lat="37.4133428" lon="-121.9955029"><ele>28</ele><time>2026-05-03T18:02:14.542564Z</time></trkpt>
  <trkpt lat="37.4133249" lon="-121.9955029"><ele>28</ele><time>2026-05-03T18:02:14.643339Z</time></trkpt>
  <trkpt lat="37.4133074" lon="-121.9955019"><ele>28</ele><time>2026-05-03T18:02:14.743762Z</time></trkpt>
  <trkpt lat="37.4132897" lon="-121.9955000"><ele>27</ele><time>2026-05-03T18:02:14.844261Z</time></trkpt>
  <trkpt lat="37.4132720" lon="-121.9954977"><ele>27</ele><time>2026-05-03T18:02:14.944728Z</time></trkpt>
  <trkpt lat="37.4132546" lon="-121.9954951"><ele>26</ele><time>2026-05-03T18:02:15.045243Z</time></trkpt>
  <trkpt lat="37.4132374" lon="-121.9954920"><ele>26</ele><time>2026-05-03T18:02:15.146422Z</time></trkpt>
  <trkpt lat="37.4132203" lon="-121.9954875"><ele>26</ele><time>2026-05-03T18:02:15.246970Z</time></trkpt>
  <trkpt lat="37.4132037" lon="-121.9954807"><ele>25</ele><time>2026-05-03T18:02:15.347268Z</time></trkpt>
  <trkpt lat="37.4131877" lon="-121.9954718"><ele>25</ele><time>2026-05-03T18:02:15.448032Z</time></trkpt>
  <trkpt lat="37.4131720" lon="-121.9954615"><ele>25</ele><time>2026-05-03T18:02:15.548441Z</time></trkpt>
  <trkpt lat="37.4131720" lon="-121.9954615"><ele>25</ele><time>2026-05-03T18:02:15.570564Z</time></trkpt>
  <trkpt lat="37.4131563" lon="-121.9954509"><ele>25</ele><time>2026-05-03T18:02:15.648672Z</time></trkpt>
  <trkpt lat="37.4131411" lon="-121.9954400"><ele>25</ele><time>2026-05-03T18:02:15.749137Z</time></trkpt>
  <trkpt lat="37.4131262" lon="-121.9954289"><ele>25</ele><time>2026-05-03T18:02:15.849794Z</time></trkpt>
  <trkpt lat="37.4131115" lon="-121.9954178"><ele>25</ele><time>2026-05-03T18:02:15.950168Z</time></trkpt>
  <trkpt lat="37.4130973" lon="-121.9954066"><ele>25</ele><time>2026-05-03T18:02:16.051075Z</time></trkpt>
  <trkpt lat="37.4130832" lon="-121.9953955"><ele>25</ele><time>2026-05-03T18:02:16.151371Z</time></trkpt>
  <trkpt lat="37.4130693" lon="-121.9953843"><ele>25</ele><time>2026-05-03T18:02:16.251721Z</time></trkpt>
  <trkpt lat="37.4130554" lon="-121.9953728"><ele>25</ele><time>2026-05-03T18:02:16.352505Z</time></trkpt>
  <trkpt lat="37.4130420" lon="-121.9953610"><ele>25</ele><time>2026-05-03T18:02:16.432651Z</time></trkpt>
  <trkpt lat="37.4130287" lon="-121.9953490"><ele>25</ele><time>2026-05-03T18:02:16.533195Z</time></trkpt>
  <trkpt lat="37.4130155" lon="-121.9953369"><ele>25</ele><time>2026-05-03T18:02:16.633744Z</time></trkpt>
  <trkpt lat="37.4130025" lon="-121.9953252"><ele>25</ele><time>2026-05-03T18:02:16.734117Z</time></trkpt>
  <trkpt lat="37.4129895" lon="-121.9953134"><ele>25</ele><time>2026-05-03T18:02:16.834442Z</time></trkpt>
  <trkpt lat="37.4129766" lon="-121.9953015"><ele>25</ele><time>2026-05-03T18:02:16.934897Z</time></trkpt>
  <trkpt lat="37.4129640" lon="-121.9952897"><ele>25</ele><time>2026-05-03T18:02:17.035352Z</time></trkpt>
  <trkpt lat="37.4129513" lon="-121.9952780"><ele>25</ele><time>2026-05-03T18:02:17.136336Z</time></trkpt>
  <trkpt lat="37.4129386" lon="-121.9952665"><ele>25</ele><time>2026-05-03T18:02:17.237462Z</time></trkpt>
  <trkpt lat="37.4129260" lon="-121.9952549"><ele>25</ele><time>2026-05-03T18:02:17.338159Z</time></trkpt>
  <trkpt lat="37.4129137" lon="-121.9952432"><ele>25</ele><time>2026-05-03T18:02:17.438987Z</time></trkpt>
  <trkpt lat="37.4129017" lon="-121.9952311"><ele>24</ele><time>2026-05-03T18:02:17.539194Z</time></trkpt>
  <trkpt lat="37.4128898" lon="-121.9952189"><ele>24</ele><time>2026-05-03T18:02:17.639525Z</time></trkpt>
  <trkpt lat="37.4128898" lon="-121.9952189"><ele>24</ele><time>2026-05-03T18:02:17.723702Z</time></trkpt>
  <trkpt lat="37.4128781" lon="-121.9952070"><ele>24</ele><time>2026-05-03T18:02:17.739894Z</time></trkpt>
  <trkpt lat="37.4128667" lon="-121.9951949"><ele>23</ele><time>2026-05-03T18:02:17.840763Z</time></trkpt>
  <trkpt lat="37.4128564" lon="-121.9951815"><ele>23</ele><time>2026-05-03T18:02:17.940848Z</time></trkpt>
  <trkpt lat="37.4128471" lon="-121.9951666"><ele>23</ele><time>2026-05-03T18:02:18.041262Z</time></trkpt>
  <trkpt lat="37.4128387" lon="-121.9951504"><ele>22</ele><time>2026-05-03T18:02:18.141303Z</time></trkpt>
  <trkpt lat="37.4128315" lon="-121.9951333"><ele>22</ele><time>2026-05-03T18:02:18.242541Z</time></trkpt>
  <trkpt lat="37.4128251" lon="-121.9951157"><ele>22</ele><time>2026-05-03T18:02:18.343781Z</time></trkpt>
  <trkpt lat="37.4128194" lon="-121.9950979"><ele>22</ele><time>2026-05-03T18:02:18.444292Z</time></trkpt>
  <trkpt lat="37.4128139" lon="-121.9950800"><ele>22</ele><time>2026-05-03T18:02:18.544701Z</time></trkpt>
  <trkpt lat="37.4128086" lon="-121.9950620"><ele>21</ele><time>2026-05-03T18:02:18.645641Z</time></trkpt>
  <trkpt lat="37.4128039" lon="-121.9950439"><ele>21</ele><time>2026-05-03T18:02:18.746166Z</time></trkpt>
  <trkpt lat="37.4127995" lon="-121.9950258"><ele>21</ele><time>2026-05-03T18:02:18.846752Z</time></trkpt>
  <trkpt lat="37.4127956" lon="-121.9950078"><ele>21</ele><time>2026-05-03T18:02:18.947598Z</time></trkpt>
  <trkpt lat="37.4127924" lon="-121.9949896"><ele>21</ele><time>2026-05-03T18:02:19.048227Z</time></trkpt>
  <trkpt lat="37.4127896" lon="-121.9949714"><ele>21</ele><time>2026-05-03T18:02:19.147986Z</time></trkpt>
  <trkpt lat="37.4127870" lon="-121.9949534"><ele>21</ele><time>2026-05-03T18:02:19.249016Z</time></trkpt>
  <trkpt lat="37.4127848" lon="-121.9949353"><ele>21</ele><time>2026-05-03T18:02:19.329817Z</time></trkpt>
  <trkpt lat="37.4127831" lon="-121.9949173"><ele>21</ele><time>2026-05-03T18:02:19.430627Z</time></trkpt>
  <trkpt lat="37.4127819" lon="-121.9948993"><ele>21</ele><time>2026-05-03T18:02:19.531534Z</time></trkpt>
  <trkpt lat="37.4127814" lon="-121.9948814"><ele>21</ele><time>2026-05-03T18:02:19.632361Z</time></trkpt>
  <trkpt lat="37.4127814" lon="-121.9948636"><ele>21</ele><time>2026-05-03T18:02:19.733101Z</time></trkpt>
  <trkpt lat="37.4127820" lon="-121.9948459"><ele>22</ele><time>2026-05-03T18:02:19.833723Z</time></trkpt>
  <trkpt lat="37.4127820" lon="-121.9948459"><ele>22</ele><time>2026-05-03T18:02:19.885144Z</time></trkpt>
  <trkpt lat="37.4127831" lon="-121.9948281"><ele>22</ele><time>2026-05-03T18:02:19.934821Z</time></trkpt>
  <trkpt lat="37.4127847" lon="-121.9948103"><ele>22</ele><time>2026-05-03T18:02:20.035857Z</time></trkpt>
  <trkpt lat="37.4127870" lon="-121.9947927"><ele>22</ele><time>2026-05-03T18:02:20.136502Z</time></trkpt>
  <trkpt lat="37.4127898" lon="-121.9947753"><ele>22</ele><time>2026-05-03T18:02:20.236784Z</time></trkpt>
  <trkpt lat="37.4127932" lon="-121.9947580"><ele>22</ele><time>2026-05-03T18:02:20.337322Z</time></trkpt>
  <trkpt lat="37.4127971" lon="-121.9947409"><ele>22</ele><time>2026-05-03T18:02:20.437715Z</time></trkpt>
  <trkpt lat="37.4128011" lon="-121.9947237"><ele>22</ele><time>2026-05-03T18:02:20.537757Z</time></trkpt>
  <trkpt lat="37.4128053" lon="-121.9947066"><ele>21</ele><time>2026-05-03T18:02:20.638201Z</time></trkpt>
  <trkpt lat="37.4128093" lon="-121.9946896"><ele>21</ele><time>2026-05-03T18:02:20.739354Z</time></trkpt>
  <trkpt lat="37.4128135" lon="-121.9946726"><ele>21</ele><time>2026-05-03T18:02:20.839293Z</time></trkpt>
  <trkpt lat="37.4128177" lon="-121.9946558"><ele>21</ele><time>2026-05-03T18:02:20.940080Z</time></trkpt>
  <trkpt lat="37.4128220" lon="-121.9946391"><ele>20</ele><time>2026-05-03T18:02:21.040382Z</time></trkpt>
  <trkpt lat="37.4128261" lon="-121.9946221"><ele>20</ele><time>2026-05-03T18:02:21.141262Z</time></trkpt>
  <trkpt lat="37.4128299" lon="-121.9946049"><ele>20</ele><time>2026-05-03T18:02:21.241576Z</time></trkpt>
  <trkpt lat="37.4128335" lon="-121.9945874"><ele>19</ele><time>2026-05-03T18:02:21.342120Z</time></trkpt>
  <trkpt lat="37.4128370" lon="-121.9945698"><ele>19</ele><time>2026-05-03T18:02:21.442663Z</time></trkpt>
  <trkpt lat="37.4128403" lon="-121.9945520"><ele>19</ele><time>2026-05-03T18:02:21.543036Z</time></trkpt>
  <trkpt lat="37.4128435" lon="-121.9945341"><ele>18</ele><time>2026-05-03T18:02:21.644036Z</time></trkpt>
  <trkpt lat="37.4128464" lon="-121.9945162"><ele>18</ele><time>2026-05-03T18:02:21.744540Z</time></trkpt>
  <trkpt lat="37.4128491" lon="-121.9944986"><ele>18</ele><time>2026-05-03T18:02:21.844885Z</time></trkpt>
  <trkpt lat="37.4128516" lon="-121.9944810"><ele>18</ele><time>2026-05-03T18:02:21.945068Z</time></trkpt>
  <trkpt lat="37.4128538" lon="-121.9944634"><ele>18</ele><time>2026-05-03T18:02:22.045366Z</time></trkpt>
  <trkpt lat="37.4128538" lon="-121.9944634"><ele>18</ele><time>2026-05-03T18:02:22.049548Z</time></trkpt>
  <trkpt lat="37.4128560" lon="-121.9944460"><ele>18</ele><time>2026-05-03T18:02:22.146055Z</time></trkpt>
  <trkpt lat="37.4128580" lon="-121.9944286"><ele>18</ele><time>2026-05-03T18:02:22.246639Z</time></trkpt>
  <trkpt lat="37.4128597" lon="-121.9944114"><ele>18</ele><time>2026-05-03T18:02:22.326890Z</time></trkpt>
  <trkpt lat="37.4128612" lon="-121.9943943"><ele>18</ele><time>2026-05-03T18:02:22.427316Z</time></trkpt>
  <trkpt lat="37.4128622" lon="-121.9943771"><ele>18</ele><time>2026-05-03T18:02:22.527717Z</time></trkpt>
  <trkpt lat="37.4128629" lon="-121.9943600"><ele>18</ele><time>2026-05-03T18:02:22.628238Z</time></trkpt>
  <trkpt lat="37.4128631" lon="-121.9943431"><ele>18</ele><time>2026-05-03T18:02:22.728954Z</time></trkpt>
  <trkpt lat="37.4128629" lon="-121.9943264"><ele>18</ele><time>2026-05-03T18:02:22.829468Z</time></trkpt>
  <trkpt lat="37.4128622" lon="-121.9943097"><ele>18</ele><time>2026-05-03T18:02:22.930153Z</time></trkpt>
  <trkpt lat="37.4128610" lon="-121.9942931"><ele>17</ele><time>2026-05-03T18:02:23.030634Z</time></trkpt>
  <trkpt lat="37.4128590" lon="-121.9942766"><ele>17</ele><time>2026-05-03T18:02:23.131247Z</time></trkpt>
  <trkpt lat="37.4128563" lon="-121.9942604"><ele>17</ele><time>2026-05-03T18:02:23.232378Z</time></trkpt>
  <trkpt lat="37.4128528" lon="-121.9942447"><ele>17</ele><time>2026-05-03T18:02:23.333158Z</time></trkpt>
  <trkpt lat="37.4128485" lon="-121.9942293"><ele>16</ele><time>2026-05-03T18:02:23.434237Z</time></trkpt>
  <trkpt lat="37.4128432" lon="-121.9942145"><ele>16</ele><time>2026-05-03T18:02:23.535203Z</time></trkpt>
  <trkpt lat="37.4128367" lon="-121.9942006"><ele>16</ele><time>2026-05-03T18:02:23.635563Z</time></trkpt>
  <trkpt lat="37.4128294" lon="-121.9941877"><ele>16</ele><time>2026-05-03T18:02:23.736009Z</time></trkpt>
  <trkpt lat="37.4128210" lon="-121.9941758"><ele>15</ele><time>2026-05-03T18:02:23.837113Z</time></trkpt>
  <trkpt lat="37.4128117" lon="-121.9941652"><ele>15</ele><time>2026-05-03T18:02:23.937395Z</time></trkpt>
  <trkpt lat="37.4128017" lon="-121.9941559"><ele>15</ele><time>2026-05-03T18:02:24.037762Z</time></trkpt>
  <trkpt lat="37.4127912" lon="-121.9941477"><ele>15</ele><time>2026-05-03T18:02:24.138137Z</time></trkpt>
  <trkpt lat="37.4127912" lon="-121.9941477"><ele>15</ele><time>2026-05-03T18:02:24.209752Z</time></trkpt>
  <trkpt lat="37.4127800" lon="-121.9941406"><ele>15</ele><time>2026-05-03T18:02:24.238464Z</time></trkpt>
  <trkpt lat="37.4127687" lon="-121.9941343"><ele>15</ele><time>2026-05-03T18:02:24.338734Z</time></trkpt>
  <trkpt lat="37.4127572" lon="-121.9941284"><ele>14</ele><time>2026-05-03T18:02:24.438856Z</time></trkpt>
  <trkpt lat="37.4127455" lon="-121.9941231"><ele>14</ele><time>2026-05-03T18:02:24.539879Z</time></trkpt>
  <trkpt lat="37.4127336" lon="-121.9941183"><ele>14</ele><time>2026-05-03T18:02:24.640365Z</time></trkpt>
  <trkpt lat="37.4127214" lon="-121.9941138"><ele>14</ele><time>2026-05-03T18:02:24.740778Z</time></trkpt>
  <trkpt lat="37.4127091" lon="-121.9941090"><ele>13</ele><time>2026-05-03T18:02:24.840927Z</time></trkpt>
  <trkpt lat="37.4126965" lon="-121.9941043"><ele>13</ele><time>2026-05-03T18:02:24.941125Z</time></trkpt>
  <trkpt lat="37.4126840" lon="-121.9940996"><ele>13</ele><time>2026-05-03T18:02:25.042361Z</time></trkpt>
  <trkpt lat="37.4126719" lon="-121.9940949"><ele>13</ele><time>2026-05-03T18:02:25.142826Z</time></trkpt>
  <trkpt lat="37.4126599" lon="-121.9940898"><ele>13</ele><time>2026-05-03T18:02:25.243272Z</time></trkpt>
  <trkpt lat="37.4126484" lon="-121.9940847"><ele>13</ele><time>2026-05-03T18:02:25.323228Z</time></trkpt>
  <trkpt lat="37.4126370" lon="-121.9940797"><ele>13</ele><time>2026-05-03T18:02:25.443499Z</time></trkpt>
  <trkpt lat="37.4126259" lon="-121.9940749"><ele>13</ele><time>2026-05-03T18:02:25.523809Z</time></trkpt>
  <trkpt lat="37.4126149" lon="-121.9940702"><ele>14</ele><time>2026-05-03T18:02:25.624434Z</time></trkpt>
  <trkpt lat="37.4126035" lon="-121.9940658"><ele>14</ele><time>2026-05-03T18:02:25.724569Z</time></trkpt>
  <trkpt lat="37.4125919" lon="-121.9940618"><ele>14</ele><time>2026-05-03T18:02:25.824653Z</time></trkpt>
  <trkpt lat="37.4125803" lon="-121.9940583"><ele>14</ele><time>2026-05-03T18:02:25.925102Z</time></trkpt>
  <trkpt lat="37.4125685" lon="-121.9940555"><ele>15</ele><time>2026-05-03T18:02:26.025346Z</time></trkpt>
  <trkpt lat="37.4125565" lon="-121.9940533"><ele>15</ele><time>2026-05-03T18:02:26.126318Z</time></trkpt>
  <trkpt lat="37.4125445" lon="-121.9940517"><ele>15</ele><time>2026-05-03T18:02:26.227163Z</time></trkpt>
  <trkpt lat="37.4125327" lon="-121.9940508"><ele>15</ele><time>2026-05-03T18:02:26.327256Z</time></trkpt>
  <trkpt lat="37.4125327" lon="-121.9940508"><ele>15</ele><time>2026-05-03T18:02:26.370494Z</time></trkpt>
  <trkpt lat="37.4125208" lon="-121.9940506"><ele>15</ele><time>2026-05-03T18:02:26.427691Z</time></trkpt>
  <trkpt lat="37.4125091" lon="-121.9940507"><ele>14</ele><time>2026-05-03T18:02:26.528319Z</time></trkpt>
  <trkpt lat="37.4124975" lon="-121.9940509"><ele>14</ele><time>2026-05-03T18:02:26.629345Z</time></trkpt>
  <trkpt lat="37.4124861" lon="-121.9940516"><ele>14</ele><time>2026-05-03T18:02:26.730060Z</time></trkpt>
  <trkpt lat="37.4124750" lon="-121.9940527"><ele>14</ele><time>2026-05-03T18:02:26.830253Z</time></trkpt>
  <trkpt lat="37.4124643" lon="-121.9940540"><ele>13</ele><time>2026-05-03T18:02:26.930765Z</time></trkpt>
  <trkpt lat="37.4124531" lon="-121.9940562"><ele>13</ele><time>2026-05-03T18:02:27.031120Z</time></trkpt>
  <trkpt lat="37.4124420" lon="-121.9940587"><ele>13</ele><time>2026-05-03T18:02:27.131700Z</time></trkpt>
  <trkpt lat="37.4124300" lon="-121.9940623"><ele>13</ele><time>2026-05-03T18:02:27.232989Z</time></trkpt>
  <trkpt lat="37.4124174" lon="-121.9940668"><ele>13</ele><time>2026-05-03T18:02:27.334269Z</time></trkpt>
  <trkpt lat="37.4124047" lon="-121.9940715"><ele>13</ele><time>2026-05-03T18:02:27.434621Z</time></trkpt>
  <trkpt lat="37.4123920" lon="-121.9940765"><ele>13</ele><time>2026-05-03T18:02:27.534996Z</time></trkpt>
  <trkpt lat="37.4123792" lon="-121.9940815"><ele>13</ele><time>2026-05-03T18:02:27.635374Z</time></trkpt>
  <trkpt lat="37.4123663" lon="-121.9940864"><ele>13</ele><time>2026-05-03T18:02:27.735775Z</time></trkpt>
  <trkpt lat="37.4123533" lon="-121.9940912"><ele>12</ele><time>2026-05-03T18:02:27.836613Z</time></trkpt>
  <trkpt lat="37.4123403" lon="-121.9940959"><ele>12</ele><time>2026-05-03T18:02:27.937679Z</time></trkpt>
  <trkpt lat="37.4123274" lon="-121.9941004"><ele>12</ele><time>2026-05-03T18:02:28.038194Z</time></trkpt>
  <trkpt lat="37.4123143" lon="-121.9941047"><ele>12</ele><time>2026-05-03T18:02:28.138577Z</time></trkpt>
  <trkpt lat="37.4123012" lon="-121.9941088"><ele>12</ele><time>2026-05-03T18:02:28.239205Z</time></trkpt>
  <trkpt lat="37.4122880" lon="-121.9941127"><ele>12</ele><time>2026-05-03T18:02:28.339877Z</time></trkpt>
  <trkpt lat="37.4122748" lon="-121.9941165"><ele>11</ele><time>2026-05-03T18:02:28.420287Z</time></trkpt>
  <trkpt lat="37.4122748" lon="-121.9941165"><ele>11</ele><time>2026-05-03T18:02:28.520157Z</time></trkpt>
  <trkpt lat="37.4122616" lon="-121.9941204"><ele>11</ele><time>2026-05-03T18:02:28.520658Z</time></trkpt>
  <trkpt lat="37.4122483" lon="-121.9941247"><ele>11</ele><time>2026-05-03T18:02:28.621935Z</time></trkpt>
  <trkpt lat="37.4122349" lon="-121.9941287"><ele>11</ele><time>2026-05-03T18:02:28.722796Z</time></trkpt>
  <trkpt lat="37.4122215" lon="-121.9941327"><ele>11</ele><time>2026-05-03T18:02:28.823783Z</time></trkpt>
  <trkpt lat="37.4122082" lon="-121.9941369"><ele>11</ele><time>2026-05-03T18:02:28.924118Z</time></trkpt>
  <trkpt lat="37.4121949" lon="-121.9941414"><ele>11</ele><time>2026-05-03T18:02:29.024691Z</time></trkpt>
  <trkpt lat="37.4121815" lon="-121.9941461"><ele>11</ele><time>2026-05-03T18:02:29.125301Z</time></trkpt>
  <trkpt lat="37.4121684" lon="-121.9941510"><ele>11</ele><time>2026-05-03T18:02:29.226058Z</time></trkpt>
  <trkpt lat="37.4121555" lon="-121.9941560"><ele>11</ele><time>2026-05-03T18:02:29.326675Z</time></trkpt>
  <trkpt lat="37.4121427" lon="-121.9941614"><ele>11</ele><time>2026-05-03T18:02:29.427447Z</time></trkpt>
  <trkpt lat="37.4121300" lon="-121.9941671"><ele>10</ele><time>2026-05-03T18:02:29.528143Z</time></trkpt>
  <trkpt lat="37.4121174" lon="-121.9941729"><ele>10</ele><time>2026-05-03T18:02:29.628723Z</time></trkpt>
  <trkpt lat="37.4121049" lon="-121.9941792"><ele>10</ele><time>2026-05-03T18:02:29.729167Z</time></trkpt>
  <trkpt lat="37.4120924" lon="-121.9941860"><ele>10</ele><time>2026-05-03T18:02:29.829942Z</time></trkpt>
  <trkpt lat="37.4120802" lon="-121.9941932"><ele>9</ele><time>2026-05-03T18:02:29.931451Z</time></trkpt>
  <trkpt lat="37.4120681" lon="-121.9942007"><ele>9</ele><time>2026-05-03T18:02:30.031563Z</time></trkpt>
  <trkpt lat="37.4120564" lon="-121.9942085"><ele>9</ele><time>2026-05-03T18:02:30.132123Z</time></trkpt>
  <trkpt lat="37.4120449" lon="-121.9942167"><ele>9</ele><time>2026-05-03T18:02:30.232160Z</time></trkpt>
  <trkpt lat="37.4120337" lon="-121.9942254"><ele>8</ele><time>2026-05-03T18:02:30.333377Z</time></trkpt>
  <trkpt lat="37.4120229" lon="-121.9942346"><ele>8</ele><time>2026-05-03T18:02:30.434420Z</time></trkpt>
  <trkpt lat="37.4120124" lon="-121.9942442"><ele>8</ele><time>2026-05-03T18:02:30.535344Z</time></trkpt>
  <trkpt lat="37.4120022" lon="-121.9942543"><ele>7</ele><time>2026-05-03T18:02:30.636042Z</time></trkpt>
  <trkpt lat="37.4120022" lon="-121.9942543"><ele>7</ele><time>2026-05-03T18:02:30.676298Z</time></trkpt>
  <trkpt lat="37.4119923" lon="-121.9942647"><ele>7</ele><time>2026-05-03T18:02:30.736519Z</time></trkpt>
  <trkpt lat="37.4119825" lon="-121.9942755"><ele>7</ele><time>2026-05-03T18:02:30.837796Z</time></trkpt>
  <trkpt lat="37.4119729" lon="-121.9942866"><ele>6</ele><time>2026-05-03T18:02:30.917425Z</time></trkpt>
  <trkpt lat="37.4119636" lon="-121.9942979"><ele>6</ele><time>2026-05-03T18:02:31.037771Z</time></trkpt>
  <trkpt lat="37.4119547" lon="-121.9943097"><ele>6</ele><time>2026-05-03T18:02:31.118267Z</time></trkpt>
  <trkpt lat="37.4119460" lon="-121.9943217"><ele>6</ele><time>2026-05-03T18:02:31.218711Z</time></trkpt>
  <trkpt lat="37.4119376" lon="-121.9943340"><ele>5</ele><time>2026-05-03T18:02:31.319463Z</time></trkpt>
  <trkpt lat="37.4119296" lon="-121.9943467"><ele>5</ele><time>2026-05-03T18:02:31.419528Z</time></trkpt>
  <trkpt lat="37.4119220" lon="-121.9943596"><ele>5</ele><time>2026-05-03T18:02:31.519963Z</time></trkpt>
  <trkpt lat="37.4119148" lon="-121.9943727"><ele>4</ele><time>2026-05-03T18:02:31.620632Z</time></trkpt>
  <trkpt lat="37.4119079" lon="-121.9943860"><ele>4</ele><time>2026-05-03T18:02:31.721386Z</time></trkpt>
  <trkpt lat="37.4119015" lon="-121.9943996"><ele>4</ele><time>2026-05-03T18:02:31.821828Z</time></trkpt>
  <trkpt lat="37.4118953" lon="-121.9944135"><ele>4</ele><time>2026-05-03T18:02:31.922498Z</time></trkpt>
  <trkpt lat="37.4118895" lon="-121.9944275"><ele>3</ele><time>2026-05-03T18:02:32.022975Z</time></trkpt>
  <trkpt lat="37.4118841" lon="-121.9944415"><ele>3</ele><time>2026-05-03T18:02:32.123712Z</time></trkpt>
  <trkpt lat="37.4118791" lon="-121.9944557"><ele>3</ele><time>2026-05-03T18:02:32.223642Z</time></trkpt>
  <trkpt lat="37.4118744" lon="-121.9944700"><ele>3</ele><time>2026-05-03T18:02:32.324383Z</time></trkpt>
  <trkpt lat="37.4118702" lon="-121.9944846"><ele>2</ele><time>2026-05-03T18:02:32.424180Z</time></trkpt>
  <trkpt lat="37.4118664" lon="-121.9944994"><ele>2</ele><time>2026-05-03T18:02:32.524650Z</time></trkpt>
  <trkpt lat="37.4118629" lon="-121.9945144"><ele>2</ele><time>2026-05-03T18:02:32.625370Z</time></trkpt>
  <trkpt lat="37.4118598" lon="-121.9945295"><ele>2</ele><time>2026-05-03T18:02:32.725710Z</time></trkpt>
  <trkpt lat="37.4118568" lon="-121.9945445"><ele>1</ele><time>2026-05-03T18:02:32.826004Z</time></trkpt>
  <trkpt lat="37.4118568" lon="-121.9945445"><ele>1</ele><time>2026-05-03T18:02:32.837765Z</time></trkpt>
  <trkpt lat="37.4118540" lon="-121.9945594"><ele>1</ele><time>2026-05-03T18:02:32.926645Z</time></trkpt>
  <trkpt lat="37.4118516" lon="-121.9945743"><ele>1</ele><time>2026-05-03T18:02:33.026919Z</time></trkpt>
  <trkpt lat="37.4118495" lon="-121.9945889"><ele>1</ele><time>2026-05-03T18:02:33.127407Z</time></trkpt>
  <trkpt lat="37.4118475" lon="-121.9946036"><ele>1</ele><time>2026-05-03T18:02:33.227553Z</time></trkpt>
  <trkpt lat="37.4118457" lon="-121.9946183"><ele>0</ele><time>2026-05-03T18:02:33.327830Z</time></trkpt>
  <trkpt lat="37.4118442" lon="-121.9946329"><ele>0</ele><time>2026-05-03T18:02:33.428308Z</time></trkpt>
  <trkpt lat="37.4118429" lon="-121.9946473"><ele>0</ele><time>2026-05-03T18:02:33.529240Z</time></trkpt>
  <trkpt lat="37.4118416" lon="-121.9946619"><ele>0</ele><time>2026-05-03T18:02:33.629617Z</time></trkpt>
  <trkpt lat="37.4118404" lon="-121.9946765"><ele>0</ele><time>2026-05-03T18:02:33.730032Z</time></trkpt>
  <trkpt lat="37.4118394" lon="-121.9946906"><ele>0</ele><time>2026-05-03T18:02:33.831105Z</time></trkpt>
  <trkpt lat="37.4118387" lon="-121.9947047"><ele>0</ele><time>2026-05-03T18:02:33.931658Z</time></trkpt>
  <trkpt lat="37.4118377" lon="-121.9947187"><ele>0</ele><time>2026-05-03T18:02:34.032420Z</time></trkpt>
  <trkpt lat="37.4118371" lon="-121.9947326"><ele>0</ele><time>2026-05-03T18:02:34.132643Z</time></trkpt>
  <trkpt lat="37.4118368" lon="-121.9947463"><ele>0</ele><time>2026-05-03T18:02:34.232755Z</time></trkpt>
  <trkpt lat="37.4118371" lon="-121.9947600"><ele>0</ele><time>2026-05-03T18:02:34.313423Z</time></trkpt>
  <trkpt lat="37.4118380" lon="-121.9947735"><ele>0</ele><time>2026-05-03T18:02:34.413943Z</time></trkpt>
  <trkpt lat="37.4118393" lon="-121.9947868"><ele>0</ele><time>2026-05-03T18:02:34.513881Z</time></trkpt>
  <trkpt lat="37.4118414" lon="-121.9948000"><ele>0</ele><time>2026-05-03T18:02:34.615192Z</time></trkpt>
  <trkpt lat="37.4118435" lon="-121.9948129"><ele>0</ele><time>2026-05-03T18:02:34.714890Z</time></trkpt>
  <trkpt lat="37.4118460" lon="-121.9948256"><ele>0</ele><time>2026-05-03T18:02:34.816151Z</time></trkpt>
  <trkpt lat="37.4118485" lon="-121.9948381"><ele>0</ele><time>2026-05-03T18:02:34.915986Z</time></trkpt>
  <trkpt lat="37.4118485" lon="-121.9948381"><ele>0</ele><time>2026-05-03T18:02:34.992124Z</time></trkpt>
  <trkpt lat="37.4118510" lon="-121.9948503"><ele>-1</ele><time>2026-05-03T18:02:35.016525Z</time></trkpt>
  <trkpt lat="37.4118539" lon="-121.9948625"><ele>-1</ele><time>2026-05-03T18:02:35.117040Z</time></trkpt>
  <trkpt lat="37.4118571" lon="-121.9948747"><ele>-1</ele><time>2026-05-03T18:02:35.217722Z</time></trkpt>
  <trkpt lat="37.4118601" lon="-121.9948869"><ele>-1</ele><time>2026-05-03T18:02:35.318083Z</time></trkpt>
  <trkpt lat="37.4118633" lon="-121.9948993"><ele>-1</ele><time>2026-05-03T18:02:35.419215Z</time></trkpt>
  <trkpt lat="37.4118671" lon="-121.9949115"><ele>0</ele><time>2026-05-03T18:02:35.519597Z</time></trkpt>
  <trkpt lat="37.4118707" lon="-121.9949235"><ele>0</ele><time>2026-05-03T18:02:35.620331Z</time></trkpt>
  <trkpt lat="37.4118747" lon="-121.9949355"><ele>0</ele><time>2026-05-03T18:02:35.720942Z</time></trkpt>
  <trkpt lat="37.4118788" lon="-121.9949476"><ele>0</ele><time>2026-05-03T18:02:35.821739Z</time></trkpt>
  <trkpt lat="37.4118830" lon="-121.9949591"><ele>0</ele><time>2026-05-03T18:02:35.922681Z</time></trkpt>
  <trkpt lat="37.4118872" lon="-121.9949702"><ele>0</ele><time>2026-05-03T18:02:36.023431Z</time></trkpt>
  <trkpt lat="37.4118915" lon="-121.9949810"><ele>0</ele><time>2026-05-03T18:02:36.123826Z</time></trkpt>
  <trkpt lat="37.4118960" lon="-121.9949916"><ele>0</ele><time>2026-05-03T18:02:36.224875Z</time></trkpt>
  <trkpt lat="37.4119008" lon="-121.9950023"><ele>0</ele><time>2026-05-03T18:02:36.325624Z</time></trkpt>
  <trkpt lat="37.4119060" lon="-121.9950127"><ele>0</ele><time>2026-05-03T18:02:36.426188Z</time></trkpt>
  <trkpt lat="37.4119117" lon="-121.9950226"><ele>1</ele><time>2026-05-03T18:02:36.526472Z</time></trkpt>
  <trkpt lat="37.4119176" lon="-121.9950324"><ele>1</ele><time>2026-05-03T18:02:36.627200Z</time></trkpt>
  <trkpt lat="37.4119240" lon="-121.9950416"><ele>1</ele><time>2026-05-03T18:02:36.727503Z</time></trkpt>
  <trkpt lat="37.4119304" lon="-121.9950505"><ele>1</ele><time>2026-05-03T18:02:36.828004Z</time></trkpt>
  <trkpt lat="37.4119371" lon="-121.9950591"><ele>1</ele><time>2026-05-03T18:02:36.928656Z</time></trkpt>
  <trkpt lat="37.4119440" lon="-121.9950673"><ele>2</ele><time>2026-05-03T18:02:37.029130Z</time></trkpt>
  <trkpt lat="37.4119512" lon="-121.9950751"><ele>2</ele><time>2026-05-03T18:02:37.130237Z</time></trkpt>
  <trkpt lat="37.4119512" lon="-121.9950751"><ele>2</ele><time>2026-05-03T18:02:37.155191Z</time></trkpt>
  <trkpt lat="37.4119588" lon="-121.9950826"><ele>2</ele><time>2026-05-03T18:02:37.210427Z</time></trkpt>
  <trkpt lat="37.4119664" lon="-121.9950899"><ele>2</ele><time>2026-05-03T18:02:37.310952Z</time></trkpt>
  <trkpt lat="37.4119743" lon="-121.9950969"><ele>2</ele><time>2026-05-03T18:02:37.411500Z</time></trkpt>
  <trkpt lat="37.4119826" lon="-121.9951038"><ele>2</ele><time>2026-05-03T18:02:37.512435Z</time></trkpt>
  <trkpt lat="37.4119914" lon="-121.9951098"><ele>2</ele><time>2026-05-03T18:02:37.612928Z</time></trkpt>
  <trkpt lat="37.4120004" lon="-121.9951155"><ele>2</ele><time>2026-05-03T18:02:37.713392Z</time></trkpt>
  <trkpt lat="37.4120098" lon="-121.9951207"><ele>2</ele><time>2026-05-03T18:02:37.813767Z</time></trkpt>
  <trkpt lat="37.4120197" lon="-121.9951252"><ele>2</ele><time>2026-05-03T18:02:37.914413Z</time></trkpt>
  <trkpt lat="37.4120295" lon="-121.9951294"><ele>2</ele><time>2026-05-03T18:02:38.014650Z</time></trkpt>
  <trkpt lat="37.4120393" lon="-121.9951333"><ele>3</ele><time>2026-05-03T18:02:38.115878Z</time></trkpt>
  <trkpt lat="37.4120492" lon="-121.9951370"><ele>3</ele><time>2026-05-03T18:02:38.216040Z</time></trkpt>
  <trkpt lat="37.4120593" lon="-121.9951404"><ele>3</ele><time>2026-05-03T18:02:38.316626Z</time></trkpt>
  <trkpt lat="37.4120697" lon="-121.9951434"><ele>3</ele><time>2026-05-03T18:02:38.417363Z</time></trkpt>
  <trkpt lat="37.4120802" lon="-121.9951459"><ele>3</ele><time>2026-05-03T18:02:38.517621Z</time></trkpt>
  <trkpt lat="37.4120908" lon="-121.9951481"><ele>3</ele><time>2026-05-03T18:02:38.617629Z</time></trkpt>
  <trkpt lat="37.4121015" lon="-121.9951501"><ele>3</ele><time>2026-05-03T18:02:38.718392Z</time></trkpt>
  <trkpt lat="37.4121122" lon="-121.9951518"><ele>3</ele><time>2026-05-03T18:02:38.819105Z</time></trkpt>
  <trkpt lat="37.4121230" lon="-121.9951532"><ele>3</ele><time>2026-05-03T18:02:38.918980Z</time></trkpt>
  <trkpt lat="37.4121337" lon="-121.9951545"><ele>3</ele><time>2026-05-03T18:02:39.019286Z</time></trkpt>
  <trkpt lat="37.4121443" lon="-121.9951557"><ele>4</ele><time>2026-05-03T18:02:39.120143Z</time></trkpt>
  <trkpt lat="37.4121549" lon="-121.9951564"><ele>4</ele><time>2026-05-03T18:02:39.221189Z</time></trkpt>
  <trkpt lat="37.4121549" lon="-121.9951564"><ele>4</ele><time>2026-05-03T18:02:39.313901Z</time></trkpt>
  <trkpt lat="37.4121656" lon="-121.9951569"><ele>4</ele><time>2026-05-03T18:02:39.321807Z</time></trkpt>
  <trkpt lat="37.4121765" lon="-121.9951570"><ele>4</ele><time>2026-05-03T18:02:39.422342Z</time></trkpt>
  <trkpt lat="37.4121875" lon="-121.9951569"><ele>4</ele><time>2026-05-03T18:02:39.522735Z</time></trkpt>
  <trkpt lat="37.4121984" lon="-121.9951565"><ele>4</ele><time>2026-05-03T18:02:39.623235Z</time></trkpt>
  <trkpt lat="37.4122092" lon="-121.9951560"><ele>4</ele><time>2026-05-03T18:02:39.723511Z</time></trkpt>
  <trkpt lat="37.4122200" lon="-121.9951555"><ele>5</ele><time>2026-05-03T18:02:39.824282Z</time></trkpt>
  <trkpt lat="37.4122306" lon="-121.9951545"><ele>5</ele><time>2026-05-03T18:02:39.925051Z</time></trkpt>
  <trkpt lat="37.4122411" lon="-121.9951531"><ele>5</ele><time>2026-05-03T18:02:40.025685Z</time></trkpt>
  <trkpt lat="37.4122516" lon="-121.9951513"><ele>5</ele><time>2026-05-03T18:02:40.125999Z</time></trkpt>
  <trkpt lat="37.4122621" lon="-121.9951494"><ele>5</ele><time>2026-05-03T18:02:40.226843Z</time></trkpt>
  <trkpt lat="37.4122725" lon="-121.9951472"><ele>6</ele><time>2026-05-03T18:02:40.307918Z</time></trkpt>
  <trkpt lat="37.4122830" lon="-121.9951451"><ele>6</ele><time>2026-05-03T18:02:40.408564Z</time></trkpt>
  <trkpt lat="37.4122933" lon="-121.9951425"><ele>6</ele><time>2026-05-03T18:02:40.509114Z</time></trkpt>
  <trkpt lat="37.4123032" lon="-121.9951392"><ele>6</ele><time>2026-05-03T18:02:40.610267Z</time></trkpt>
  <trkpt lat="37.4123131" lon="-121.9951358"><ele>6</ele><time>2026-05-03T18:02:40.710437Z</time></trkpt>
  <trkpt lat="37.4123228" lon="-121.9951321"><ele>7</ele><time>2026-05-03T18:02:40.810896Z</time></trkpt>
  <trkpt lat="37.4123324" lon="-121.9951281"><ele>7</ele><time>2026-05-03T18:02:40.911304Z</time></trkpt>
  <trkpt lat="37.4123418" lon="-121.9951238"><ele>7</ele><time>2026-05-03T18:02:41.012374Z</time></trkpt>
  <trkpt lat="37.4123509" lon="-121.9951192"><ele>7</ele><time>2026-05-03T18:02:41.111889Z</time></trkpt>
  <trkpt lat="37.4123598" lon="-121.9951141"><ele>8</ele><time>2026-05-03T18:02:41.212550Z</time></trkpt>
  <trkpt lat="37.4123687" lon="-121.9951089"><ele>8</ele><time>2026-05-03T18:02:41.313053Z</time></trkpt>
  <trkpt lat="37.4123773" lon="-121.9951032"><ele>8</ele><time>2026-05-03T18:02:41.413526Z</time></trkpt>
  <trkpt lat="37.4123773" lon="-121.9951032"><ele>8</ele><time>2026-05-03T18:02:41.476296Z</time></trkpt>
  <trkpt lat="37.4123856" lon="-121.9950970"><ele>8</ele><time>2026-05-03T18:02:41.513800Z</time></trkpt>
  <trkpt lat="37.4123938" lon="-121.9950904"><ele>8</ele><time>2026-05-03T18:02:41.614413Z</time></trkpt>
  <trkpt lat="37.4124019" lon="-121.9950833"><ele>8</ele><time>2026-05-03T18:02:41.715005Z</time></trkpt>
  <trkpt lat="37.4124101" lon="-121.9950755"><ele>8</ele><time>2026-05-03T18:02:41.815452Z</time></trkpt>
  <trkpt lat="37.4124179" lon="-121.9950675"><ele>9</ele><time>2026-05-03T18:02:41.916846Z</time></trkpt>
  <trkpt lat="37.4124256" lon="-121.9950587"><ele>9</ele><time>2026-05-03T18:02:42.017495Z</time></trkpt>
  <trkpt lat="37.4124329" lon="-121.9950496"><ele>9</ele><time>2026-05-03T18:02:42.117895Z</time></trkpt>
  <trkpt lat="37.4124401" lon="-121.9950399"><ele>8</ele><time>2026-05-03T18:02:42.218679Z</time></trkpt>
  <trkpt lat="37.4124471" lon="-121.9950299"><ele>8</ele><time>2026-05-03T18:02:42.319010Z</time></trkpt>
  <trkpt lat="37.4124538" lon="-121.9950195"><ele>8</ele><time>2026-05-03T18:02:42.419297Z</time></trkpt>
  <trkpt lat="37.4124604" lon="-121.9950086"><ele>8</ele><time>2026-05-03T18:02:42.519520Z</time></trkpt>
  <trkpt lat="37.4124667" lon="-121.9949973"><ele>8</ele><time>2026-05-03T18:02:42.619567Z</time></trkpt>
  <trkpt lat="37.4124729" lon="-121.9949858"><ele>8</ele><time>2026-05-03T18:02:42.720101Z</time></trkpt>
  <trkpt lat="37.4124789" lon="-121.9949741"><ele>8</ele><time>2026-05-03T18:02:42.820586Z</time></trkpt>
  <trkpt lat="37.4124849" lon="-121.9949620"><ele>8</ele><time>2026-05-03T18:02:42.921684Z</time></trkpt>
  <trkpt lat="37.4124908" lon="-121.9949499"><ele>8</ele><time>2026-05-03T18:02:43.022052Z</time></trkpt>
  <trkpt lat="37.4124965" lon="-121.9949375"><ele>8</ele><time>2026-05-03T18:02:43.102356Z</time></trkpt>
  <trkpt lat="37.4125021" lon="-121.9949249"><ele>8</ele><time>2026-05-03T18:02:43.223164Z</time></trkpt>
  <trkpt lat="37.4125078" lon="-121.9949121"><ele>8</ele><time>2026-05-03T18:02:43.303521Z</time></trkpt>
  <trkpt lat="37.4125133" lon="-121.9948990"><ele>8</ele><time>2026-05-03T18:02:43.403572Z</time></trkpt>
  <trkpt lat="37.4125184" lon="-121.9948857"><ele>8</ele><time>2026-05-03T18:02:43.504234Z</time></trkpt>
  <trkpt lat="37.4125233" lon="-121.9948722"><ele>8</ele><time>2026-05-03T18:02:43.604775Z</time></trkpt>
  <trkpt lat="37.4125233" lon="-121.9948722"><ele>8</ele><time>2026-05-03T18:02:43.638310Z</time></trkpt>
  <trkpt lat="37.4125281" lon="-121.9948585"><ele>8</ele><time>2026-05-03T18:02:43.705365Z</time></trkpt>
  <trkpt lat="37.4125328" lon="-121.9948447"><ele>8</ele><time>2026-05-03T18:02:43.806264Z</time></trkpt>
  <trkpt lat="37.4125369" lon="-121.9948305"><ele>7</ele><time>2026-05-03T18:02:43.907410Z</time></trkpt>
  <trkpt lat="37.4125404" lon="-121.9948158"><ele>7</ele><time>2026-05-03T18:02:44.008377Z</time></trkpt>
  <trkpt lat="37.4125433" lon="-121.9948006"><ele>7</ele><time>2026-05-03T18:02:44.108512Z</time></trkpt>
  <trkpt lat="37.4125452" lon="-121.9947853"><ele>7</ele><time>2026-05-03T18:02:44.209265Z</time></trkpt>
  <trkpt lat="37.4125463" lon="-121.9947697"><ele>7</ele><time>2026-05-03T18:02:44.309550Z</time></trkpt>
  <trkpt lat="37.4125467" lon="-121.9947540"><ele>6</ele><time>2026-05-03T18:02:44.410484Z</time></trkpt>
  <trkpt lat="37.4125464" lon="-121.9947383"><ele>6</ele><time>2026-05-03T18:02:44.510587Z</time></trkpt>
  <trkpt lat="37.4125453" lon="-121.9947224"><ele>6</ele><time>2026-05-03T18:02:44.610782Z</time></trkpt>
  <trkpt lat="37.4125438" lon="-121.9947068"><ele>6</ele><time>2026-05-03T18:02:44.711031Z</time></trkpt>
  <trkpt lat="37.4125418" lon="-121.9946912"><ele>6</ele><time>2026-05-03T18:02:44.811369Z</time></trkpt>
  <trkpt lat="37.4125394" lon="-121.9946756"><ele>6</ele><time>2026-05-03T18:02:44.912462Z</time></trkpt>
  <trkpt lat="37.4125365" lon="-121.9946601"><ele>6</ele><time>2026-05-03T18:02:45.012384Z</time></trkpt>
  <trkpt lat="37.4125332" lon="-121.9946448"><ele>6</ele><time>2026-05-03T18:02:45.112976Z</time></trkpt>
  <trkpt lat="37.4125294" lon="-121.9946298"><ele>6</ele><time>2026-05-03T18:02:45.213637Z</time></trkpt>
  <trkpt lat="37.4125252" lon="-121.9946150"><ele>6</ele><time>2026-05-03T18:02:45.314218Z</time></trkpt>
  <trkpt lat="37.4125207" lon="-121.9946003"><ele>6</ele><time>2026-05-03T18:02:45.415167Z</time></trkpt>
  <trkpt lat="37.4125161" lon="-121.9945857"><ele>6</ele><time>2026-05-03T18:02:45.515980Z</time></trkpt>
  <trkpt lat="37.4125113" lon="-121.9945714"><ele>6</ele><time>2026-05-03T18:02:45.616343Z</time></trkpt>
  <trkpt lat="37.4125061" lon="-121.9945572"><ele>6</ele><time>2026-05-03T18:02:45.717380Z</time></trkpt>
  <trkpt lat="37.4125061" lon="-121.9945572"><ele>6</ele><time>2026-05-03T18:02:45.799337Z</time></trkpt>
  <trkpt lat="37.4125004" lon="-121.9945435"><ele>6</ele><time>2026-05-03T18:02:45.818555Z</time></trkpt>
  <trkpt lat="37.4124947" lon="-121.9945299"><ele>6</ele><time>2026-05-03T18:02:45.919889Z</time></trkpt>
  <trkpt lat="37.4124892" lon="-121.9945165"><ele>7</ele><time>2026-05-03T18:02:46.000031Z</time></trkpt>
  <trkpt lat="37.4124836" lon="-121.9945032"><ele>7</ele><time>2026-05-03T18:02:46.120886Z</time></trkpt>
  <trkpt lat="37.4124777" lon="-121.9944902"><ele>7</ele><time>2026-05-03T18:02:46.201317Z</time></trkpt>
  <trkpt lat="37.4124719" lon="-121.9944775"><ele>7</ele><time>2026-05-03T18:02:46.302008Z</time></trkpt>
  <trkpt lat="37.4124663" lon="-121.9944648"><ele>7</ele><time>2026-05-03T18:02:46.402255Z</time></trkpt>
  <trkpt lat="37.4124607" lon="-121.9944520"><ele>7</ele><time>2026-05-03T18:02:46.502641Z</time></trkpt>
  <trkpt lat="37.4124554" lon="-121.9944393"><ele>7</ele><time>2026-05-03T18:02:46.602992Z</time></trkpt>
  <trkpt lat="37.4124500" lon="-121.9944267"><ele>8</ele><time>2026-05-03T18:02:46.703835Z</time></trkpt>
  <trkpt lat="37.4124441" lon="-121.9944146"><ele>8</ele><time>2026-05-03T18:02:46.803530Z</time></trkpt>
  <trkpt lat="37.4124380" lon="-121.9944022"><ele>8</ele><time>2026-05-03T18:02:46.903900Z</time></trkpt>
  <trkpt lat="37.4124319" lon="-121.9943899"><ele>8</ele><time>2026-05-03T18:02:47.005013Z</time></trkpt>
  <trkpt lat="37.4124250" lon="-121.9943780"><ele>8</ele><time>2026-05-03T18:02:47.105832Z</time></trkpt>
  <trkpt lat="37.4124181" lon="-121.9943663"><ele>8</ele><time>2026-05-03T18:02:47.206303Z</time></trkpt>
  <trkpt lat="37.4124107" lon="-121.9943550"><ele>7</ele><time>2026-05-03T18:02:47.306783Z</time></trkpt>
  <trkpt lat="37.4124028" lon="-121.9943441"><ele>7</ele><time>2026-05-03T18:02:47.407285Z</time></trkpt>
  <trkpt lat="37.4123944" lon="-121.9943337"><ele>7</ele><time>2026-05-03T18:02:47.507989Z</time></trkpt>
  <trkpt lat="37.4123854" lon="-121.9943242"><ele>7</ele><time>2026-05-03T18:02:47.609091Z</time></trkpt>
  <trkpt lat="37.4123758" lon="-121.9943154"><ele>7</ele><time>2026-05-03T18:02:47.709622Z</time></trkpt>
  <trkpt lat="37.4123656" lon="-121.9943077"><ele>7</ele><time>2026-05-03T18:02:47.810637Z</time></trkpt>
  <trkpt lat="37.4123549" lon="-121.9943013"><ele>6</ele><time>2026-05-03T18:02:47.910746Z</time></trkpt>
  <trkpt lat="37.4123549" lon="-121.9943013"><ele>6</ele><time>2026-05-03T18:02:47.963385Z</time></trkpt>
  <trkpt lat="37.4123437" lon="-121.9942961"><ele>6</ele><time>2026-05-03T18:02:48.011037Z</time></trkpt>
  <trkpt lat="37.4123322" lon="-121.9942916"><ele>6</ele><time>2026-05-03T18:02:48.111809Z</time></trkpt>
  <trkpt lat="37.4123205" lon="-121.9942879"><ele>6</ele><time>2026-05-03T18:02:48.212459Z</time></trkpt>
  <trkpt lat="37.4123088" lon="-121.9942848"><ele>6</ele><time>2026-05-03T18:02:48.312987Z</time></trkpt>
  <trkpt lat="37.4122971" lon="-121.9942822"><ele>6</ele><time>2026-05-03T18:02:48.413605Z</time></trkpt>
  <trkpt lat="37.4122852" lon="-121.9942803"><ele>5</ele><time>2026-05-03T18:02:48.513990Z</time></trkpt>
  <trkpt lat="37.4122730" lon="-121.9942789"><ele>5</ele><time>2026-05-03T18:02:48.615215Z</time></trkpt>
  <trkpt lat="37.4122607" lon="-121.9942779"><ele>5</ele><time>2026-05-03T18:02:48.715961Z</time></trkpt>
  <trkpt lat="37.4122484" lon="-121.9942772"><ele>5</ele><time>2026-05-03T18:02:48.815682Z</time></trkpt>
  <trkpt lat="37.4122360" lon="-121.9942765"><ele>4</ele><time>2026-05-03T18:02:48.916089Z</time></trkpt>
  <trkpt lat="37.4122235" lon="-121.9942760"><ele>4</ele><time>2026-05-03T18:02:48.997603Z</time></trkpt>
  <trkpt lat="37.4122110" lon="-121.9942758"><ele>4</ele><time>2026-05-03T18:02:49.098541Z</time></trkpt>
  <trkpt lat="37.4121985" lon="-121.9942757"><ele>4</ele><time>2026-05-03T18:02:49.199747Z</time></trkpt>
  <trkpt lat="37.4121858" lon="-121.9942760"><ele>3</ele><time>2026-05-03T18:02:49.299771Z</time></trkpt>
  <trkpt lat="37.4121730" lon="-121.9942766"><ele>3</ele><time>2026-05-03T18:02:49.400388Z</time></trkpt>
  <trkpt lat="37.4121602" lon="-121.9942776"><ele>3</ele><time>2026-05-03T18:02:49.500933Z</time></trkpt>
  <trkpt lat="37.4121472" lon="-121.9942789"><ele>2</ele><time>2026-05-03T18:02:49.602698Z</time></trkpt>
  <trkpt lat="37.4121343" lon="-121.9942805"><ele>2</ele><time>2026-05-03T18:02:49.703428Z</time></trkpt>
  <trkpt lat="37.4121213" lon="-121.9942825"><ele>2</ele><time>2026-05-03T18:02:49.803533Z</time></trkpt>
  <trkpt lat="37.4121084" lon="-121.9942848"><ele>2</ele><time>2026-05-03T18:02:49.903907Z</time></trkpt>
  <trkpt lat="37.4120954" lon="-121.9942873"><ele>1</ele><time>2026-05-03T18:02:50.004256Z</time></trkpt>
  <trkpt lat="37.4120824" lon="-121.9942901"><ele>1</ele><time>2026-05-03T18:02:50.104667Z</time></trkpt>
  <trkpt lat="37.4120824" lon="-121.9942901"><ele>1</ele><time>2026-05-03T18:02:50.126971Z</time></trkpt>
  <trkpt lat="37.4120692" lon="-121.9942928"><ele>1</ele><time>2026-05-03T18:02:50.205156Z</time></trkpt>
  <trkpt lat="37.4120561" lon="-121.9942956"><ele>1</ele><time>2026-05-03T18:02:50.305738Z</time></trkpt>
  <trkpt lat="37.4120430" lon="-121.9942987"><ele>0</ele><time>2026-05-03T18:02:50.406565Z</time></trkpt>
  <trkpt lat="37.4120299" lon="-121.9943023"><ele>0</ele><time>2026-05-03T18:02:50.507129Z</time></trkpt>
  <trkpt lat="37.4120171" lon="-121.9943061"><ele>0</ele><time>2026-05-03T18:02:50.607419Z</time></trkpt>
  <trkpt lat="37.4120048" lon="-121.9943105"><ele>0</ele><time>2026-05-03T18:02:50.708255Z</time></trkpt>
  <trkpt lat="37.4119928" lon="-121.9943156"><ele>1</ele><time>2026-05-03T18:02:50.808889Z</time></trkpt>
  <trkpt lat="37.4119812" lon="-121.9943216"><ele>1</ele><time>2026-05-03T18:02:50.909439Z</time></trkpt>
  <trkpt lat="37.4119699" lon="-121.9943282"><ele>1</ele><time>2026-05-03T18:02:51.010230Z</time></trkpt>
  <trkpt lat="37.4119588" lon="-121.9943353"><ele>1</ele><time>2026-05-03T18:02:51.110501Z</time></trkpt>
  <trkpt lat="37.4119482" lon="-121.9943432"><ele>1</ele><time>2026-05-03T18:02:51.211185Z</time></trkpt>
  <trkpt lat="37.4119379" lon="-121.9943517"><ele>1</ele><time>2026-05-03T18:02:51.311360Z</time></trkpt>
  <trkpt lat="37.4119280" lon="-121.9943605"><ele>1</ele><time>2026-05-03T18:02:51.411774Z</time></trkpt>
  <trkpt lat="37.4119184" lon="-121.9943699"><ele>1</ele><time>2026-05-03T18:02:51.512200Z</time></trkpt>
  <trkpt lat="37.4119090" lon="-121.9943797"><ele>1</ele><time>2026-05-03T18:02:51.612622Z</time></trkpt>
  <trkpt lat="37.4119001" lon="-121.9943896"><ele>1</ele><time>2026-05-03T18:02:51.712969Z</time></trkpt>
  <trkpt lat="37.4118913" lon="-121.9944000"><ele>1</ele><time>2026-05-03T18:02:51.813456Z</time></trkpt>
  <trkpt lat="37.4118828" lon="-121.9944107"><ele>1</ele><time>2026-05-03T18:02:51.894491Z</time></trkpt>
  <trkpt lat="37.4118748" lon="-121.9944217"><ele>1</ele><time>2026-05-03T18:02:51.994938Z</time></trkpt>
  <trkpt lat="37.4118671" lon="-121.9944329"><ele>0</ele><time>2026-05-03T18:02:52.095732Z</time></trkpt>
  <trkpt lat="37.4118598" lon="-121.9944443"><ele>0</ele><time>2026-05-03T18:02:52.196410Z</time></trkpt>
  <trkpt lat="37.4118598" lon="-121.9944443"><ele>0</ele><time>2026-05-03T18:02:52.282289Z</time></trkpt>
  <trkpt lat="37.4118528" lon="-121.9944559"><ele>0</ele><time>2026-05-03T18:02:52.296543Z</time></trkpt>
  <trkpt lat="37.4118462" lon="-121.9944682"><ele>0</ele><time>2026-05-03T18:02:52.396978Z</time></trkpt>
  <trkpt lat="37.4118402" lon="-121.9944808"><ele>0</ele><time>2026-05-03T18:02:52.497180Z</time></trkpt>
  <trkpt lat="37.4118347" lon="-121.9944937"><ele>0</ele><time>2026-05-03T18:02:52.598102Z</time></trkpt>
  <trkpt lat="37.4118296" lon="-121.9945072"><ele>0</ele><time>2026-05-03T18:02:52.698734Z</time></trkpt>
  <trkpt lat="37.4118251" lon="-121.9945211"><ele>-1</ele><time>2026-05-03T18:02:52.800333Z</time></trkpt>
  <trkpt lat="37.4118210" lon="-121.9945351"><ele>-1</ele><time>2026-05-03T18:02:52.901509Z</time></trkpt>
  <trkpt lat="37.4118173" lon="-121.9945493"><ele>-1</ele><time>2026-05-03T18:02:53.001008Z</time></trkpt>
  <trkpt lat="37.4118142" lon="-121.9945637"><ele>-1</ele><time>2026-05-03T18:02:53.101403Z</time></trkpt>
  <trkpt lat="37.4118116" lon="-121.9945779"><ele>-1</ele><time>2026-05-03T18:02:53.202497Z</time></trkpt>
  <trkpt lat="37.4118095" lon="-121.9945922"><ele>-1</ele><time>2026-05-03T18:02:53.302848Z</time></trkpt>
  <trkpt lat="37.4118079" lon="-121.9946064"><ele>-1</ele><time>2026-05-03T18:02:53.403254Z</time></trkpt>
  <trkpt lat="37.4118065" lon="-121.9946203"><ele>-1</ele><time>2026-05-03T18:02:53.504003Z</time></trkpt>
  <trkpt lat="37.4118057" lon="-121.9946342"><ele>-1</ele><time>2026-05-03T18:02:53.604329Z</time></trkpt>
  <trkpt lat="37.4118052" lon="-121.9946481"><ele>-1</ele><time>2026-05-03T18:02:53.704486Z</time></trkpt>
  <trkpt lat="37.4118054" lon="-121.9946619"><ele>0</ele><time>2026-05-03T18:02:53.804963Z</time></trkpt>
  <trkpt lat="37.4118059" lon="-121.9946756"><ele>0</ele><time>2026-05-03T18:02:53.905615Z</time></trkpt>
  <trkpt lat="37.4118065" lon="-121.9946895"><ele>0</ele><time>2026-05-03T18:02:54.005957Z</time></trkpt>
  <trkpt lat="37.4118077" lon="-121.9947031"><ele>0</ele><time>2026-05-03T18:02:54.106091Z</time></trkpt>
  <trkpt lat="37.4118094" lon="-121.9947163"><ele>0</ele><time>2026-05-03T18:02:54.187241Z</time></trkpt>
  <trkpt lat="37.4118118" lon="-121.9947292"><ele>0</ele><time>2026-05-03T18:02:54.288335Z</time></trkpt>
  <trkpt lat="37.4118152" lon="-121.9947416"><ele>0</ele><time>2026-05-03T18:02:54.389347Z</time></trkpt>
  <trkpt lat="37.4118152" lon="-121.9947416"><ele>0</ele><time>2026-05-03T18:02:54.448043Z</time></trkpt>
  <trkpt lat="37.4118193" lon="-121.9947536"><ele>0</ele><time>2026-05-03T18:02:54.489477Z</time></trkpt>
  <trkpt lat="37.4118243" lon="-121.9947652"><ele>0</ele><time>2026-05-03T18:02:54.590032Z</time></trkpt>
  <trkpt lat="37.4118297" lon="-121.9947764"><ele>0</ele><time>2026-05-03T18:02:54.690063Z</time></trkpt>
  <trkpt lat="37.4118355" lon="-121.9947874"><ele>0</ele><time>2026-05-03T18:02:54.790787Z</time></trkpt>
  <trkpt lat="37.4118416" lon="-121.9947980"><ele>0</ele><time>2026-05-03T18:02:54.891458Z</time></trkpt>
  <trkpt lat="37.4118482" lon="-121.9948081"><ele>0</ele><time>2026-05-03T18:02:54.991977Z</time></trkpt>
  <trkpt lat="37.4118549" lon="-121.9948181"><ele>0</ele><time>2026-05-03T18:02:55.092596Z</time></trkpt>
  <trkpt lat="37.4118617" lon="-121.9948278"><ele>0</ele><time>2026-05-03T18:02:55.193639Z</time></trkpt>
  <trkpt lat="37.4118686" lon="-121.9948376"><ele>0</ele><time>2026-05-03T18:02:55.294125Z</time></trkpt>
  <trkpt lat="37.4118758" lon="-121.9948470"><ele>0</ele><time>2026-05-03T18:02:55.394746Z</time></trkpt>
  <trkpt lat="37.4118830" lon="-121.9948565"><ele>0</ele><time>2026-05-03T18:02:55.495405Z</time></trkpt>
  <trkpt lat="37.4118906" lon="-121.9948657"><ele>0</ele><time>2026-05-03T18:02:55.595851Z</time></trkpt>
  <trkpt lat="37.4118987" lon="-121.9948746"><ele>0</ele><time>2026-05-03T18:02:55.696093Z</time></trkpt>
  <trkpt lat="37.4119073" lon="-121.9948832"><ele>0</ele><time>2026-05-03T18:02:55.796256Z</time></trkpt>
  <trkpt lat="37.4119158" lon="-121.9948917"><ele>0</ele><time>2026-05-03T18:02:55.896852Z</time></trkpt>
  <trkpt lat="37.4119249" lon="-121.9948998"><ele>0</ele><time>2026-05-03T18:02:55.997308Z</time></trkpt>
  <trkpt lat="37.4119344" lon="-121.9949076"><ele>0</ele><time>2026-05-03T18:02:56.098064Z</time></trkpt>
  <trkpt lat="37.4119442" lon="-121.9949150"><ele>0</ele><time>2026-05-03T18:02:56.198562Z</time></trkpt>
  <trkpt lat="37.4119543" lon="-121.9949217"><ele>0</ele><time>2026-05-03T18:02:56.299646Z</time></trkpt>
  <trkpt lat="37.4119647" lon="-121.9949279"><ele>0</ele><time>2026-05-03T18:02:56.399612Z</time></trkpt>
  <trkpt lat="37.4119755" lon="-121.9949331"><ele>0</ele><time>2026-05-03T18:02:56.500410Z</time></trkpt>
  <trkpt lat="37.4119863" lon="-121.9949376"><ele>0</ele><time>2026-05-03T18:02:56.601290Z</time></trkpt>
  <trkpt lat="37.4119863" lon="-121.9949376"><ele>0</ele><time>2026-05-03T18:02:56.612381Z</time></trkpt>
  <trkpt lat="37.4119973" lon="-121.9949415"><ele>0</ele><time>2026-05-03T18:02:56.702540Z</time></trkpt>
  <trkpt lat="37.4120081" lon="-121.9949446"><ele>0</ele><time>2026-05-03T18:02:56.803444Z</time></trkpt>
  <trkpt lat="37.4120193" lon="-121.9949472"><ele>0</ele><time>2026-05-03T18:02:56.903880Z</time></trkpt>
  <trkpt lat="37.4120306" lon="-121.9949491"><ele>0</ele><time>2026-05-03T18:02:57.004170Z</time></trkpt>
  <trkpt lat="37.4120419" lon="-121.9949506"><ele>0</ele><time>2026-05-03T18:02:57.104674Z</time></trkpt>
  <trkpt lat="37.4120533" lon="-121.9949516"><ele>0</ele><time>2026-05-03T18:02:57.204926Z</time></trkpt>
  <trkpt lat="37.4120647" lon="-121.9949520"><ele>0</ele><time>2026-05-03T18:02:57.304949Z</time></trkpt>
  <trkpt lat="37.4120761" lon="-121.9949519"><ele>0</ele><time>2026-05-03T18:02:57.385358Z</time></trkpt>
  <trkpt lat="37.4120876" lon="-121.9949511"><ele>0</ele><time>2026-05-03T18:02:57.486881Z</time></trkpt>
  <trkpt lat="37.4120990" lon="-121.9949499"><ele>0</ele><time>2026-05-03T18:02:57.588008Z</time></trkpt>
  <trkpt lat="37.4121103" lon="-121.9949482"><ele>1</ele><time>2026-05-03T18:02:57.688284Z</time></trkpt>
  <trkpt lat="37.4121216" lon="-121.9949462"><ele>1</ele><time>2026-05-03T18:02:57.789250Z</time></trkpt>
  <trkpt lat="37.4121327" lon="-121.9949440"><ele>1</ele><time>2026-05-03T18:02:57.889907Z</time></trkpt>
  <trkpt lat="37.4121438" lon="-121.9949417"><ele>1</ele><time>2026-05-03T18:02:57.990411Z</time></trkpt>
  <trkpt lat="37.4121547" lon="-121.9949391"><ele>1</ele><time>2026-05-03T18:02:58.091212Z</time></trkpt>
  <trkpt lat="37.4121656" lon="-121.9949365"><ele>1</ele><time>2026-05-03T18:02:58.192427Z</time></trkpt>
  <trkpt lat="37.4121765" lon="-121.9949338"><ele>1</ele><time>2026-05-03T18:02:58.292521Z</time></trkpt>
  <trkpt lat="37.4121874" lon="-121.9949312"><ele>1</ele><time>2026-05-03T18:02:58.392727Z</time></trkpt>
  <trkpt lat="37.4121981" lon="-121.9949288"><ele>2</ele><time>2026-05-03T18:02:58.492899Z</time></trkpt>
  <trkpt lat="37.4122087" lon="-121.9949268"><ele>2</ele><time>2026-05-03T18:02:58.593443Z</time></trkpt>
  <trkpt lat="37.4122192" lon="-121.9949250"><ele>2</ele><time>2026-05-03T18:02:58.693520Z</time></trkpt>
  <trkpt lat="37.4122192" lon="-121.9949250"><ele>2</ele><time>2026-05-03T18:02:58.775284Z</time></trkpt>
  <trkpt lat="37.4122298" lon="-121.9949232"><ele>2</ele><time>2026-05-03T18:02:58.794421Z</time></trkpt>
  <trkpt lat="37.4122403" lon="-121.9949215"><ele>2</ele><time>2026-05-03T18:02:58.894919Z</time></trkpt>
  <trkpt lat="37.4122507" lon="-121.9949200"><ele>2</ele><time>2026-05-03T18:02:58.995190Z</time></trkpt>
  <trkpt lat="37.4122611" lon="-121.9949185"><ele>2</ele><time>2026-05-03T18:02:59.095783Z</time></trkpt>
  <trkpt lat="37.4122715" lon="-121.9949172"><ele>2</ele><time>2026-05-03T18:02:59.197262Z</time></trkpt>
  <trkpt lat="37.4122820" lon="-121.9949161"><ele>2</ele><time>2026-05-03T18:02:59.298024Z</time></trkpt>
  <trkpt lat="37.4122924" lon="-121.9949153"><ele>3</ele><time>2026-05-03T18:02:59.398259Z</time></trkpt>
  <trkpt lat="37.4123029" lon="-121.9949147"><ele>3</ele><time>2026-05-03T18:02:59.499187Z</time></trkpt>
  <trkpt lat="37.4123133" lon="-121.9949144"><ele>3</ele><time>2026-05-03T18:02:59.599297Z</time></trkpt>
  <trkpt lat="37.4123238" lon="-121.9949144"><ele>3</ele><time>2026-05-03T18:02:59.700850Z</time></trkpt>
  <trkpt lat="37.4123343" lon="-121.9949149"><ele>3</ele><time>2026-05-03T18:02:59.801062Z</time></trkpt>
  <trkpt lat="37.4123446" lon="-121.9949157"><ele>3</ele><time>2026-05-03T18:02:59.901614Z</time></trkpt>
  <trkpt lat="37.4123551" lon="-121.9949167"><ele>3</ele><time>2026-05-03T18:03:00.002221Z</time></trkpt>
  <trkpt lat="37.4123655" lon="-121.9949180"><ele>3</ele><time>2026-05-03T18:03:00.102458Z</time></trkpt>
  <trkpt lat="37.4123759" lon="-121.9949194"><ele>3</ele><time>2026-05-03T18:03:00.202684Z</time></trkpt>
  <trkpt lat="37.4123863" lon="-121.9949209"><ele>3</ele><time>2026-05-03T18:03:00.282823Z</time></trkpt>
  <trkpt lat="37.4123968" lon="-121.9949223"><ele>4</ele><time>2026-05-03T18:03:00.403692Z</time></trkpt>
  <trkpt lat="37.4124073" lon="-121.9949238"><ele>4</ele><time>2026-05-03T18:03:00.483824Z</time></trkpt>
  <trkpt lat="37.4124177" lon="-121.9949253"><ele>4</ele><time>2026-05-03T18:03:00.584128Z</time></trkpt>
  <trkpt lat="37.4124281" lon="-121.9949267"><ele>4</ele><time>2026-05-03T18:03:00.684571Z</time></trkpt>
  <trkpt lat="37.4124386" lon="-121.9949280"><ele>4</ele><time>2026-05-03T18:03:00.784871Z</time></trkpt>
  <trkpt lat="37.4124491" lon="-121.9949293"><ele>4</ele><time>2026-05-03T18:03:00.885162Z</time></trkpt>
  <trkpt lat="37.4124491" lon="-121.9949293"><ele>4</ele><time>2026-05-03T18:03:00.937153Z</time></trkpt>
  <trkpt lat="37.4124593" lon="-121.9949305"><ele>4</ele><time>2026-05-03T18:03:00.985996Z</time></trkpt>
  <trkpt lat="37.4124694" lon="-121.9949315"><ele>5</ele><time>2026-05-03T18:03:01.087016Z</time></trkpt>
  <trkpt lat="37.4124794" lon="-121.9949322"><ele>5</ele><time>2026-05-03T18:03:01.187672Z</time></trkpt>
  <trkpt lat="37.4124894" lon="-121.9949327"><ele>5</ele><time>2026-05-03T18:03:01.288021Z</time></trkpt>
  <trkpt lat="37.4124994" lon="-121.9949330"><ele>5</ele><time>2026-05-03T18:03:01.388063Z</time></trkpt>
  <trkpt lat="37.4125092" lon="-121.9949333"><ele>5</ele><time>2026-05-03T18:03:01.488745Z</time></trkpt>
  <trkpt lat="37.4125187" lon="-121.9949337"><ele>6</ele><time>2026-05-03T18:03:01.588932Z</time></trkpt>
  <trkpt lat="37.4125281" lon="-121.9949344"><ele>6</ele><time>2026-05-03T18:03:01.689413Z</time></trkpt>
  <trkpt lat="37.4125375" lon="-121.9949354"><ele>6</ele><time>2026-05-03T18:03:01.789869Z</time></trkpt>
  <trkpt lat="37.4125467" lon="-121.9949366"><ele>6</ele><time>2026-05-03T18:03:01.890391Z</time></trkpt>
  <trkpt lat="37.4125558" lon="-121.9949382"><ele>6</ele><time>2026-05-03T18:03:01.991275Z</time></trkpt>
  <trkpt lat="37.4125648" lon="-121.9949400"><ele>7</ele><time>2026-05-03T18:03:02.092142Z</time></trkpt>
  <trkpt lat="37.4125736" lon="-121.9949424"><ele>7</ele><time>2026-05-03T18:03:02.192467Z</time></trkpt>
  <trkpt lat="37.4125820" lon="-121.9949452"><ele>7</ele><time>2026-05-03T18:03:02.293044Z</time></trkpt>
  <trkpt lat="37.4125897" lon="-121.9949487"><ele>7</ele><time>2026-05-03T18:03:02.393593Z</time></trkpt>
  <trkpt lat="37.4125970" lon="-121.9949527"><ele>7</ele><time>2026-05-03T18:03:02.494297Z</time></trkpt>
  <trkpt lat="37.4126041" lon="-121.9949572"><ele>8</ele><time>2026-05-03T18:03:02.594953Z</time></trkpt>
  <trkpt lat="37.4126111" lon="-121.9949620"><ele>8</ele><time>2026-05-03T18:03:02.695801Z</time></trkpt>
  <trkpt lat="37.4126181" lon="-121.9949670"><ele>8</ele><time>2026-05-03T18:03:02.796102Z</time></trkpt>
  <trkpt lat="37.4126248" lon="-121.9949722"><ele>8</ele><time>2026-05-03T18:03:02.897061Z</time></trkpt>
  <trkpt lat="37.4126316" lon="-121.9949778"><ele>8</ele><time>2026-05-03T18:03:02.997577Z</time></trkpt>
  <trkpt lat="37.4126381" lon="-121.9949838"><ele>8</ele><time>2026-05-03T18:03:03.098479Z</time></trkpt>
  <trkpt lat="37.4126381" lon="-121.9949838"><ele>8</ele><time>2026-05-03T18:03:03.098987Z</time></trkpt>
  <trkpt lat="37.4126443" lon="-121.9949903"><ele>8</ele><time>2026-05-03T18:03:03.199144Z</time></trkpt>
  <trkpt lat="37.4126501" lon="-121.9949972"><ele>8</ele><time>2026-05-03T18:03:03.279666Z</time></trkpt>
  <trkpt lat="37.4126554" lon="-121.9950046"><ele>8</ele><time>2026-05-03T18:03:03.400206Z</time></trkpt>
  <trkpt lat="37.4126602" lon="-121.9950125"><ele>8</ele><time>2026-05-03T18:03:03.481136Z</time></trkpt>
  <trkpt lat="37.4126648" lon="-121.9950206"><ele>8</ele><time>2026-05-03T18:03:03.582052Z</time></trkpt>
  <trkpt lat="37.4126690" lon="-121.9950290"><ele>8</ele><time>2026-05-03T18:03:03.682994Z</time></trkpt>
  <trkpt lat="37.4126724" lon="-121.9950376"><ele>8</ele><time>2026-05-03T18:03:03.783512Z</time></trkpt>
  <trkpt lat="37.4126749" lon="-121.9950464"><ele>8</ele><time>2026-05-03T18:03:03.884296Z</time></trkpt>
  <trkpt lat="37.4126765" lon="-121.9950553"><ele>8</ele><time>2026-05-03T18:03:03.984781Z</time></trkpt>
  <trkpt lat="37.4126772" lon="-121.9950642"><ele>8</ele><time>2026-05-03T18:03:04.086327Z</time></trkpt>
  <trkpt lat="37.4126771" lon="-121.9950732"><ele>7</ele><time>2026-05-03T18:03:04.187494Z</time></trkpt>
  <trkpt lat="37.4126765" lon="-121.9950821"><ele>7</ele><time>2026-05-03T18:03:04.287409Z</time></trkpt>
  <trkpt lat="37.4126753" lon="-121.9950912"><ele>7</ele><time>2026-05-03T18:03:04.388043Z</time></trkpt>
  <trkpt lat="37.4126734" lon="-121.9951001"><ele>7</ele><time>2026-05-03T18:03:04.488625Z</time></trkpt>
  <trkpt lat="37.4126705" lon="-121.9951086"><ele>7</ele><time>2026-05-03T18:03:04.590431Z</time></trkpt>
  <trkpt lat="37.4126665" lon="-121.9951162"><ele>6</ele><time>2026-05-03T18:03:04.691151Z</time></trkpt>
  <trkpt lat="37.4126615" lon="-121.9951233"><ele>6</ele><time>2026-05-03T18:03:04.792060Z</time></trkpt>
  <trkpt lat="37.4126560" lon="-121.9951299"><ele>6</ele><time>2026-05-03T18:03:04.893459Z</time></trkpt>
  <trkpt lat="37.4126501" lon="-121.9951363"><ele>5</ele><time>2026-05-03T18:03:04.993740Z</time></trkpt>
  <trkpt lat="37.4126436" lon="-121.9951415"><ele>5</ele><time>2026-05-03T18:03:05.093959Z</time></trkpt>
  <trkpt lat="37.4126359" lon="-121.9951458"><ele>5</ele><time>2026-05-03T18:03:05.194745Z</time></trkpt>
  <trkpt lat="37.4126359" lon="-121.9951458"><ele>5</ele><time>2026-05-03T18:03:05.255766Z</time></trkpt>
  <trkpt lat="37.4126270" lon="-121.9951492"><ele>4</ele><time>2026-05-03T18:03:05.295597Z</time></trkpt>
  <trkpt lat="37.4126171" lon="-121.9951522"><ele>4</ele><time>2026-05-03T18:03:05.396150Z</time></trkpt>
  <trkpt lat="37.4126067" lon="-121.9951547"><ele>4</ele><time>2026-05-03T18:03:05.496635Z</time></trkpt>
  <trkpt lat="37.4125962" lon="-121.9951561"><ele>3</ele><time>2026-05-03T18:03:05.597426Z</time></trkpt>
  <trkpt lat="37.4125851" lon="-121.9951564"><ele>3</ele><time>2026-05-03T18:03:05.697810Z</time></trkpt>
  <trkpt lat="37.4125737" lon="-121.9951561"><ele>3</ele><time>2026-05-03T18:03:05.778191Z</time></trkpt>
  <trkpt lat="37.4125620" lon="-121.9951555"><ele>3</ele><time>2026-05-03T18:03:05.878912Z</time></trkpt>
  <trkpt lat="37.4125503" lon="-121.9951542"><ele>3</ele><time>2026-05-03T18:03:05.979531Z</time></trkpt>
  <trkpt lat="37.4125385" lon="-121.9951523"><ele>3</ele><time>2026-05-03T18:03:06.080566Z</time></trkpt>
  <trkpt lat="37.4125268" lon="-121.9951497"><ele>4</ele><time>2026-05-03T18:03:06.181210Z</time></trkpt>
  <trkpt lat="37.4125150" lon="-121.9951468"><ele>4</ele><time>2026-05-03T18:03:06.281529Z</time></trkpt>
  <trkpt lat="37.4125035" lon="-121.9951434"><ele>4</ele><time>2026-05-03T18:03:06.381939Z</time></trkpt>
  <trkpt lat="37.4124919" lon="-121.9951399"><ele>4</ele><time>2026-05-03T18:03:06.482360Z</time></trkpt>
  <trkpt lat="37.4124805" lon="-121.9951361"><ele>5</ele><time>2026-05-03T18:03:06.583017Z</time></trkpt>
  <trkpt lat="37.4124689" lon="-121.9951321"><ele>5</ele><time>2026-05-03T18:03:06.683847Z</time></trkpt>
  <trkpt lat="37.4124572" lon="-121.9951279"><ele>5</ele><time>2026-05-03T18:03:06.784789Z</time></trkpt>
  <trkpt lat="37.4124457" lon="-121.9951236"><ele>5</ele><time>2026-05-03T18:03:06.885680Z</time></trkpt>
  <trkpt lat="37.4124346" lon="-121.9951188"><ele>6</ele><time>2026-05-03T18:03:06.986090Z</time></trkpt>
  <trkpt lat="37.4124236" lon="-121.9951141"><ele>6</ele><time>2026-05-03T18:03:07.086416Z</time></trkpt>
  <trkpt lat="37.4124125" lon="-121.9951091"><ele>6</ele><time>2026-05-03T18:03:07.187064Z</time></trkpt>
  <trkpt lat="37.4124017" lon="-121.9951042"><ele>6</ele><time>2026-05-03T18:03:07.287844Z</time></trkpt>
  <trkpt lat="37.4123912" lon="-121.9950986"><ele>6</ele><time>2026-05-03T18:03:07.388056Z</time></trkpt>
  <trkpt lat="37.4123912" lon="-121.9950986"><ele>6</ele><time>2026-05-03T18:03:07.413854Z</time></trkpt>
  <trkpt lat="37.4123808" lon="-121.9950929"><ele>6</ele><time>2026-05-03T18:03:07.488394Z</time></trkpt>
  <trkpt lat="37.4123706" lon="-121.9950870"><ele>6</ele><time>2026-05-03T18:03:07.589130Z</time></trkpt>
  <trkpt lat="37.4123604" lon="-121.9950812"><ele>6</ele><time>2026-05-03T18:03:07.689122Z</time></trkpt>
  <trkpt lat="37.4123503" lon="-121.9950753"><ele>6</ele><time>2026-05-03T18:03:07.789452Z</time></trkpt>
  <trkpt lat="37.4123401" lon="-121.9950693"><ele>6</ele><time>2026-05-03T18:03:07.889765Z</time></trkpt>
  <trkpt lat="37.4123300" lon="-121.9950635"><ele>6</ele><time>2026-05-03T18:03:07.990391Z</time></trkpt>
  <trkpt lat="37.4123202" lon="-121.9950579"><ele>6</ele><time>2026-05-03T18:03:08.090601Z</time></trkpt>
  <trkpt lat="37.4123106" lon="-121.9950527"><ele>6</ele><time>2026-05-03T18:03:08.190593Z</time></trkpt>
  <trkpt lat="37.4123011" lon="-121.9950476"><ele>6</ele><time>2026-05-03T18:03:08.291000Z</time></trkpt>
  <trkpt lat="37.4122916" lon="-121.9950430"><ele>6</ele><time>2026-05-03T18:03:08.392077Z</time></trkpt>
  <trkpt lat="37.4122821" lon="-121.9950387"><ele>6</ele><time>2026-05-03T18:03:08.492487Z</time></trkpt>
  <trkpt lat="37.4122729" lon="-121.9950345"><ele>5</ele><time>2026-05-03T18:03:08.592811Z</time></trkpt>
  <trkpt lat="37.4122636" lon="-121.9950305"><ele>5</ele><time>2026-05-03T18:03:08.693929Z</time></trkpt>
  <trkpt lat="37.4122545" lon="-121.9950266"><ele>5</ele><time>2026-05-03T18:03:08.775307Z</time></trkpt>
  <trkpt lat="37.4122457" lon="-121.9950229"><ele>5</ele><time>2026-05-03T18:03:08.875627Z</time></trkpt>
  <trkpt lat="37.4122369" lon="-121.9950195"><ele>5</ele><time>2026-05-03T18:03:08.975899Z</time></trkpt>
  <trkpt lat="37.4122283" lon="-121.9950161"><ele>5</ele><time>2026-05-03T18:03:09.076709Z</time></trkpt>
  <trkpt lat="37.4122200" lon="-121.9950124"><ele>5</ele><time>2026-05-03T18:03:09.176424Z</time></trkpt>
  <trkpt lat="37.4122114" lon="-121.9950089"><ele>5</ele><time>2026-05-03T18:03:09.277341Z</time></trkpt>
  <trkpt lat="37.4122032" lon="-121.9950052"><ele>5</ele><time>2026-05-03T18:03:09.377538Z</time></trkpt>
  <trkpt lat="37.4121955" lon="-121.9950013"><ele>4</ele><time>2026-05-03T18:03:09.478157Z</time></trkpt>
  <trkpt lat="37.4121955" lon="-121.9950013"><ele>4</ele><time>2026-05-03T18:03:09.569993Z</time></trkpt>
  <trkpt lat="37.4121878" lon="-121.9949973"><ele>4</ele><time>2026-05-03T18:03:09.578983Z</time></trkpt>
  <trkpt lat="37.4121799" lon="-121.9949930"><ele>4</ele><time>2026-05-03T18:03:09.678942Z</time></trkpt>
  <trkpt lat="37.4121721" lon="-121.9949887"><ele>4</ele><time>2026-05-03T18:03:09.779694Z</time></trkpt>
  <trkpt lat="37.4121641" lon="-121.9949843"><ele>4</ele><time>2026-05-03T18:03:09.880279Z</time></trkpt>
  <trkpt lat="37.4121564" lon="-121.9949798"><ele>4</ele><time>2026-05-03T18:03:09.980824Z</time></trkpt>
  <trkpt lat="37.4121489" lon="-121.9949749"><ele>3</ele><time>2026-05-03T18:03:10.081127Z</time></trkpt>
  <trkpt lat="37.4121417" lon="-121.9949699"><ele>3</ele><time>2026-05-03T18:03:10.181554Z</time></trkpt>
  <trkpt lat="37.4121345" lon="-121.9949648"><ele>3</ele><time>2026-05-03T18:03:10.281803Z</time></trkpt>
  <trkpt lat="37.4121277" lon="-121.9949596"><ele>3</ele><time>2026-05-03T18:03:10.382738Z</time></trkpt>
  <trkpt lat="37.4121210" lon="-121.9949542"><ele>3</ele><time>2026-05-03T18:03:10.483353Z</time></trkpt>
  <trkpt lat="37.4121145" lon="-121.9949485"><ele>2</ele><time>2026-05-03T18:03:10.583628Z</time></trkpt>
  <trkpt lat="37.4121081" lon="-121.9949425"><ele>2</ele><time>2026-05-03T18:03:10.684209Z</time></trkpt>
  <trkpt lat="37.4121017" lon="-121.9949363"><ele>2</ele><time>2026-05-03T18:03:10.784816Z</time></trkpt>
  <trkpt lat="37.4120954" lon="-121.9949295"><ele>2</ele><time>2026-05-03T18:03:10.885538Z</time></trkpt>
  <trkpt lat="37.4120892" lon="-121.9949227"><ele>1</ele><time>2026-05-03T18:03:10.985977Z</time></trkpt>
  <trkpt lat="37.4120827" lon="-121.9949156"><ele>1</ele><time>2026-05-03T18:03:11.086805Z</time></trkpt>
  <trkpt lat="37.4120762" lon="-121.9949086"><ele>1</ele><time>2026-05-03T18:03:11.187290Z</time></trkpt>
  <trkpt lat="37.4120696" lon="-121.9949017"><ele>0</ele><time>2026-05-03T18:03:11.287618Z</time></trkpt>
  <trkpt lat="37.4120629" lon="-121.9948951"><ele>0</ele><time>2026-05-03T18:03:11.388131Z</time></trkpt>
  <trkpt lat="37.4120561" lon="-121.9948885"><ele>0</ele><time>2026-05-03T18:03:11.488132Z</time></trkpt>
  <trkpt lat="37.4120487" lon="-121.9948823"><ele>0</ele><time>2026-05-03T18:03:11.588840Z</time></trkpt>
  <trkpt lat="37.4120409" lon="-121.9948760"><ele>0</ele><time>2026-05-03T18:03:11.689516Z</time></trkpt>
  <trkpt lat="37.4120409" lon="-121.9948760"><ele>0</ele><time>2026-05-03T18:03:11.724523Z</time></trkpt>
  <trkpt lat="37.4120327" lon="-121.9948697"><ele>-1</ele><time>2026-05-03T18:03:11.790612Z</time></trkpt>
  <trkpt lat="37.4120244" lon="-121.9948634"><ele>-1</ele><time>2026-05-03T18:03:11.870826Z</time></trkpt>
  <trkpt lat="37.4120161" lon="-121.9948573"><ele>-1</ele><time>2026-05-03T18:03:11.991200Z</time></trkpt>
  <trkpt lat="37.4120076" lon="-121.9948512"><ele>-1</ele><time>2026-05-03T18:03:12.071634Z</time></trkpt>
  <trkpt lat="37.4119993" lon="-121.9948454"><ele>-1</ele><time>2026-05-03T18:03:12.171812Z</time></trkpt>
  <trkpt lat="37.4119914" lon="-121.9948400"><ele>-1</ele><time>2026-05-03T18:03:12.272669Z</time></trkpt>
  <trkpt lat="37.4119838" lon="-121.9948347"><ele>-1</ele><time>2026-05-03T18:03:12.373068Z</time></trkpt>
  <trkpt lat="37.4119764" lon="-121.9948292"><ele>-1</ele><time>2026-05-03T18:03:12.473861Z</time></trkpt>
  <trkpt lat="37.4119688" lon="-121.9948241"><ele>-1</ele><time>2026-05-03T18:03:12.574246Z</time></trkpt>
  <trkpt lat="37.4119618" lon="-121.9948193"><ele>0</ele><time>2026-05-03T18:03:12.675823Z</time></trkpt>
  <trkpt lat="37.4119550" lon="-121.9948146"><ele>0</ele><time>2026-05-03T18:03:12.775688Z</time></trkpt>
  <trkpt lat="37.4119483" lon="-121.9948102"><ele>0</ele><time>2026-05-03T18:03:12.875932Z</time></trkpt>
  <trkpt lat="37.4119416" lon="-121.9948061"><ele>-1</ele><time>2026-05-03T18:03:12.976371Z</time></trkpt>
  <trkpt lat="37.4119351" lon="-121.9948023"><ele>-1</ele><time>2026-05-03T18:03:13.076893Z</time></trkpt>
  <trkpt lat="37.4119287" lon="-121.9947986"><ele>-1</ele><time>2026-05-03T18:03:13.178122Z</time></trkpt>
  <trkpt lat="37.4119224" lon="-121.9947953"><ele>-1</ele><time>2026-05-03T18:03:13.278486Z</time></trkpt>
  <trkpt lat="37.4119161" lon="-121.9947923"><ele>-1</ele><time>2026-05-03T18:03:13.378572Z</time></trkpt>
  <trkpt lat="37.4119101" lon="-121.9947895"><ele>-1</ele><time>2026-05-03T18:03:13.479005Z</time></trkpt>
  <trkpt lat="37.4119039" lon="-121.9947868"><ele>-1</ele><time>2026-05-03T18:03:13.580090Z</time></trkpt>
  <trkpt lat="37.4118976" lon="-121.9947843"><ele>-2</ele><time>2026-05-03T18:03:13.680561Z</time></trkpt>
  <trkpt lat="37.4118914" lon="-121.9947820"><ele>-2</ele><time>2026-05-03T18:03:13.781027Z</time></trkpt>
  <trkpt lat="37.4118914" lon="-121.9947820"><ele>-2</ele><time>2026-05-03T18:03:13.881215Z</time></trkpt>
  <trkpt lat="37.4118850" lon="-121.9947797"><ele>-2</ele><time>2026-05-03T18:03:13.881736Z</time></trkpt>
  <trkpt lat="37.4118788" lon="-121.9947773"><ele>-3</ele><time>2026-05-03T18:03:13.982503Z</time></trkpt>
  <trkpt lat="37.4118723" lon="-121.9947746"><ele>-3</ele><time>2026-05-03T18:03:14.083087Z</time></trkpt>
  <trkpt lat="37.4118660" lon="-121.9947719"><ele>-4</ele><time>2026-05-03T18:03:14.184590Z</time></trkpt>
  <trkpt lat="37.4118617" lon="-121.9947690"><ele>-4</ele><time>2026-05-03T18:03:14.285481Z</time></trkpt>
  <trkpt lat="37.4118596" lon="-121.9947672"><ele>-4</ele><time>2026-05-03T18:03:14.385774Z</time></trkpt>
  <trkpt lat="37.4118592" lon="-121.9947673"><ele>-4</ele><time>2026-05-03T18:03:14.466604Z</time></trkpt>
  <trkpt lat="37.4118587" lon="-121.9947676"><ele>-4</ele><time>2026-05-03T18:03:14.586764Z</time></trkpt>
  <trkpt lat="37.4118584" lon="-121.9947673"><ele>-4</ele><time>2026-05-03T18:03:14.666897Z</time></trkpt>
  <trkpt lat="37.4118586" lon="-121.9947667"><ele>-4</ele><time>2026-05-03T18:03:14.787534Z</time></trkpt>
  <trkpt lat="37.4118592" lon="-121.9947659"><ele>-4</ele><time>2026-05-03T18:03:14.868185Z</time></trkpt>
  <trkpt lat="37.4118601" lon="-121.9947649"><ele>-4</ele><time>2026-05-03T18:03:14.969030Z</time></trkpt>
  <trkpt lat="37.4118612" lon="-121.9947640"><ele>-4</ele><time>2026-05-03T18:03:15.069823Z</time></trkpt>
  <trkpt lat="37.4118617" lon="-121.9947638"><ele>-4</ele><time>2026-05-03T18:03:15.170554Z</time></trkpt>
  <trkpt lat="37.4118619" lon="-121.9947636"><ele>-4</ele><time>2026-05-03T18:03:15.271477Z</time></trkpt>
  <trkpt lat="37.4118620" lon="-121.9947637"><ele>-4</ele><time>2026-05-03T18:03:15.372314Z</time></trkpt>
  <trkpt lat="37.4118620" lon="-121.9947638"><ele>-4</ele><time>2026-05-03T18:03:15.472679Z</time></trkpt>
  <trkpt lat="37.4118621" lon="-121.9947638"><ele>-4</ele><time>2026-05-03T18:03:15.574237Z</time></trkpt>
</trkseg></trk>
</gpx>