<?xml version="1.0" encoding="UTF-8"?>
<gpx creator="blackbox_decode v8.0.0 INAV c4f2026" version="1.1" xmlns="http://www.topografix.com/GPX/1/1" xmlns:xsi="http://www.w3.org/2001/XMLSchema-instance" xsi:schemaLocation="http://www.topografix.com/GPX/1/1 http://www.topografix.com/GPX/1/1/gpx.xsd">
<metadata><name>Blackbox flight log</name>
 <link href="https://github.com/iNavFlight/blackbox-tools">
 <text>INAV Blackbox Tools</text>
 </link>
</metadata>
<trk><name>Blackbox flight log</name><trkseg>
  <trkpt lat="37.4117282" lon="-121.9950682"><ele>0</ele><time>2026-05-03T17:14:01.212675Z</time></trkpt>
  <trkpt lat="37.4117282" lon="-121.9950682"><ele>0</ele><time>2026-05-03T17:14:01.220545Z</time></trkpt>
  <trkpt lat="37.4117282" lon="-121.9950683"><ele>0</ele><time>2026-05-03T17:14:01.341249Z</time></trkpt>
  <trkpt lat="37.4117281" lon="-121.9950684"><ele>0</ele><time>2026-05-03T17:14:01.441857Z</time></trkpt>
  <trkpt lat="37.4117280" lon="-121.9950685"><ele>0</ele><time>2026-05-03T17:14:01.542779Z</time></trkpt>
  <trkpt lat="37.4117280" lon="-121.9950686"><ele>0</ele><time>2026-05-03T17:14:01.643310Z</time></trkpt>
  <trkpt lat="37.4117280" lon="-121.9950687"><ele>0</ele><time>2026-05-03T17:14:01.744195Z</time></trkpt>
  <trkpt lat="37.4117281" lon="-121.9950687"><ele>0</ele><time>2026-05-03T17:14:01.845465Z</time></trkpt>
  <trkpt lat="37.4117283" lon="-121.9950687"><ele>1</ele><time>2026-05-03T17:14:01.946002Z</time></trkpt>
  <trkpt lat="37.4117284" lon="-121.9950686"><ele>0</ele><time>2026-05-03T17:14:02.046560Z</time></trkpt>
  <trkpt lat="37.4117284" lon="-121.9950687"><ele>1</ele><time>2026-05-03T17:14:02.248095Z</time></trkpt>
  <trkpt lat="37.4117284" lon="-121.9950688"><ele>1</ele><time>2026-05-03T17:14:02.348902Z</time></trkpt>
  <trkpt lat="37.4117283" lon="-121.9950691"><ele>1</ele><time>2026-05-03T17:14:02.449163Z</time></trkpt>
  <trkpt lat="37.4117282" lon="-121.9950692"><ele>1</ele><time>2026-05-03T17:14:02.550338Z</time></trkpt>
  <trkpt lat="37.4117281" lon="-121.9950693"><ele>0</ele><time>2026-05-03T17:14:02.651478Z</time></trkpt>
  <trkpt lat="37.4117280" lon="-121.9950695"><ele>0</ele><time>2026-05-03T17:14:02.751919Z</time></trkpt>
  <trkpt lat="37.4117279" lon="-121.9950696"><ele>0</ele><time>2026-05-03T17:14:02.852389Z</time></trkpt>
  <trkpt lat="37.4117277" lon="-121.9950696"><ele>0</ele><time>2026-05-03T17:14:02.953832Z</time></trkpt>
  <trkpt lat="37.4117275" lon="-121.9950698"><ele>0</ele><time>2026-05-03T17:14:03.054495Z</time></trkpt>
  <trkpt lat="37.4117273" lon="-121.9950700"><ele>0</ele><time>2026-05-03T17:14:03.135859Z</time></trkpt>
  <trkpt lat="37.4117272" lon="-121.9950702"><ele>0</ele><time>2026-05-03T17:14:03.336812Z</time></trkpt>
  <trkpt lat="37.4117272" lon="-121.9950702"><ele>0</ele><time>2026-05-03T17:14:03.354695Z</time></trkpt>
  <trkpt lat="37.4117271" lon="-121.9950704"><ele>0</ele><time>2026-05-03T17:14:03.538263Z</time></trkpt>
  <trkpt lat="37.4117270" lon="-121.9950706"><ele>0</ele><time>2026-05-03T17:14:03.638673Z</time></trkpt>
  <trkpt lat="37.4117270" lon="-121.9950707"><ele>0</ele><time>2026-05-03T17:14:03.839308Z</time></trkpt>
  <trkpt lat="37.4117269" lon="-121.9950708"><ele>0</ele><time>2026-05-03T17:14:03.939800Z</time></trkpt>
  <trkpt lat="37.4117268" lon="-121.9950709"><ele>0</ele><time>2026-05-03T17:14:04.141460Z</time></trkpt>
  <trkpt lat="37.4117268" lon="-121.9950710"><ele>0</ele><time>2026-05-03T17:14:04.242366Z</time></trkpt>
  <trkpt lat="37.4117268" lon="-121.9950711"><ele>0</ele><time>2026-05-03T17:14:04.342357Z</time></trkpt>
  <trkpt lat="37.4117269" lon="-121.9950710"><ele>0</ele><time>2026-05-03T17:14:04.544168Z</time></trkpt>
  <trkpt lat="37.4117269" lon="-121.9950708"><ele>0</ele><time>2026-05-03T17:14:04.645050Z</time></trkpt>
  <trkpt lat="37.4117269" lon="-121.9950707"><ele>0</ele><time>2026-05-03T17:14:04.745929Z</time></trkpt>
  <trkpt lat="37.4117270" lon="-121.9950706"><ele>0</ele><time>2026-05-03T17:14:04.846799Z</time></trkpt>
  <trkpt lat="37.4117270" lon="-121.9950705"><ele>0</ele><time>2026-05-03T17:14:04.947690Z</time></trkpt>
  <trkpt lat="37.4117271" lon="-121.9950705"><ele>0</ele><time>2026-05-03T17:14:05.048206Z</time></trkpt>
  <trkpt lat="37.4117272" lon="-121.9950703"><ele>0</ele><time>2026-05-03T17:14:05.148643Z</time></trkpt>
  <trkpt lat="37.4117272" lon="-121.9950702"><ele>1</ele><time>2026-05-03T17:14:05.350002Z</time></trkpt>
  <trkpt lat="37.4117272" lon="-121.9950702"><ele>0</ele><time>2026-05-03T17:14:05.475289Z</time></trkpt>
  <trkpt lat="37.4117273" lon="-121.9950702"><ele>0</ele><time>2026-05-03T17:14:05.933990Z</time></trkpt>
  <trkpt lat="37.4117273" lon="-121.9950703"><ele>0</ele><time>2026-05-03T17:14:06.437771Z</time></trkpt>
  <trkpt lat="37.4117274" lon="-121.9950704"><ele>0</ele><time>2026-05-03T17:14:06.538718Z</time></trkpt>
  <trkpt lat="37.4117274" lon="-121.9950705"><ele>0</ele><time>2026-05-03T17:14:06.639395Z</time></trkpt>
  <trkpt lat="37.4117274" lon="-121.9950706"><ele>0</ele><time>2026-05-03T17:14:06.841726Z</time></trkpt>
  <trkpt lat="37.4117275" lon="-121.9950708"><ele>0</ele><time>2026-05-03T17:14:06.941905Z</time></trkpt>
  <trkpt lat="37.4117275" lon="-121.9950709"><ele>0</ele><time>2026-05-03T17:14:07.042670Z</time></trkpt>
  <trkpt lat="37.4117276" lon="-121.9950709"><ele>0</ele><time>2026-05-03T17:14:07.143875Z</time></trkpt>
  <trkpt lat="37.4117277" lon="-121.9950710"><ele>0</ele><time>2026-05-03T17:14:07.244652Z</time></trkpt>
  <trkpt lat="37.4117278" lon="-121.9950710"><ele>0</ele><time>2026-05-03T17:14:07.345993Z</time></trkpt>
  <trkpt lat="37.4117279" lon="-121.9950710"><ele>0</ele><time>2026-05-03T17:14:07.447171Z</time></trkpt>
  <trkpt lat="37.4117279" lon="-121.9950708"><ele>0</ele><time>2026-05-03T17:14:07.548161Z</time></trkpt>
  <trkpt lat="37.4117279" lon="-121.9950708"><ele>0</ele><time>2026-05-03T17:14:07.594876Z</time></trkpt>
  <trkpt lat="37.4117280" lon="-121.9950708"><ele>0</ele><time>2026-05-03T17:14:07.648328Z</time></trkpt>
  <trkpt lat="37.4117280" lon="-121.9950706"><ele>0</ele><time>2026-05-03T17:14:07.749238Z</time></trkpt>
  <trkpt lat="37.4117281" lon="-121.9950705"><ele>0</ele><time>2026-05-03T17:14:07.850235Z</time></trkpt>
  <trkpt lat="37.4117280" lon="-121.9950703"><ele>0</ele><time>2026-05-03T17:14:07.951661Z</time></trkpt>
  <trkpt lat="37.4117279" lon="-121.9950702"><ele>0</ele><time>2026-05-03T17:14:08.051617Z</time></trkpt>
  <trkpt lat="37.4117277" lon="-121.9950699"><ele>0</ele><time>2026-05-03T17:14:08.132106Z</time></trkpt>
  <trkpt lat="37.4117275" lon="-121.9950695"><ele>0</ele><time>2026-05-03T17:14:08.232490Z</time></trkpt>
  <trkpt lat="37.4117274" lon="-121.9950692"><ele>0</ele><time>2026-05-03T17:14:08.333288Z</time></trkpt>
  <trkpt lat="37.4117273" lon="-121.9950687"><ele>0</ele><time>2026-05-03T17:14:08.434392Z</time></trkpt>
  <trkpt lat="37.4117273" lon="-121.9950683"><ele>0</ele><time>2026-05-03T17:14:08.534293Z</time></trkpt>
  <trkpt lat="37.4117273" lon="-121.9950677"><ele>0</ele><time>2026-05-03T17:14:08.634663Z</time></trkpt>
  <trkpt lat="37.4117273" lon="-121.9950673"><ele>0</ele><time>2026-05-03T17:14:08.734933Z</time></trkpt>
  <trkpt lat="37.4117276" lon="-121.9950668"><ele>0</ele><time>2026-05-03T17:14:08.835304Z</time></trkpt>
  <trkpt lat="37.4117284" lon="-121.9950666"><ele>0</ele><time>2026-05-03T17:14:08.935822Z</time></trkpt>
  <trkpt lat="37.4117299" lon="-121.9950669"><ele>0</ele><time>2026-05-03T17:14:09.037030Z</time></trkpt>
  <trkpt lat="37.4117331" lon="-121.9950683"><ele>0</ele><time>2026-05-03T17:14:09.138004Z</time></trkpt>
  <trkpt lat="37.4117378" lon="-121.9950706"><ele>1</ele><time>2026-05-03T17:14:09.239658Z</time></trkpt>
  <trkpt lat="37.4117430" lon="-121.9950730"><ele>1</ele><time>2026-05-03T17:14:09.340374Z</time></trkpt>
  <trkpt lat="37.4117487" lon="-121.9950753"><ele>1</ele><time>2026-05-03T17:14:09.441119Z</time></trkpt>
  <trkpt lat="37.4117544" lon="-121.9950774"><ele>1</ele><time>2026-05-03T17:14:09.541972Z</time></trkpt>
  <trkpt lat="37.4117602" lon="-121.9950791"><ele>2</ele><time>2026-05-03T17:14:09.643408Z</time></trkpt>
  <trkpt lat="37.4117602" lon="-121.9950791"><ele>2</ele><time>2026-05-03T17:14:09.717925Z</time></trkpt>
  <trkpt lat="37.4117651" lon="-121.9950808"><ele>2</ele><time>2026-05-03T17:14:09.743755Z</time></trkpt>
  <trkpt lat="37.4117696" lon="-121.9950823"><ele>3</ele><time>2026-05-03T17:14:09.844473Z</time></trkpt>
  <trkpt lat="37.4117744" lon="-121.9950822"><ele>3</ele><time>2026-05-03T17:14:09.945327Z</time></trkpt>
  <trkpt lat="37.4117801" lon="-121.9950806"><ele>4</ele><time>2026-05-03T17:14:10.046181Z</time></trkpt>
  <trkpt lat="37.4117865" lon="-121.9950786"><ele>4</ele><time>2026-05-03T17:14:10.145917Z</time></trkpt>
  <trkpt lat="37.4117932" lon="-121.9950767"><ele>4</ele><time>2026-05-03T17:14:10.246329Z</time></trkpt>
  <trkpt lat="37.4118005" lon="-121.9950744"><ele>5</ele><time>2026-05-03T17:14:10.346380Z</time></trkpt>
  <trkpt lat="37.4118081" lon="-121.9950720"><ele>5</ele><time>2026-05-03T17:14:10.447210Z</time></trkpt>
  <trkpt lat="37.4118161" lon="-121.9950693"><ele>5</ele><time>2026-05-03T17:14:10.547434Z</time></trkpt>
  <trkpt lat="37.4118246" lon="-121.9950664"><ele>6</ele><time>2026-05-03T17:14:10.647854Z</time></trkpt>
  <trkpt lat="37.4118332" lon="-121.9950637"><ele>6</ele><time>2026-05-03T17:14:10.748236Z</time></trkpt>
  <trkpt lat="37.4118419" lon="-121.9950613"><ele>7</ele><time>2026-05-03T17:14:10.828931Z</time></trkpt>
  <trkpt lat="37.4118508" lon="-121.9950588"><ele>7</ele><time>2026-05-03T17:14:10.929387Z</time></trkpt>
  <trkpt lat="37.4118599" lon="-121.9950567"><ele>7</ele><time>2026-05-03T17:14:11.029825Z</time></trkpt>
  <trkpt lat="37.4118695" lon="-121.9950544"><ele>8</ele><time>2026-05-03T17:14:11.130623Z</time></trkpt>
  <trkpt lat="37.4118790" lon="-121.9950524"><ele>8</ele><time>2026-05-03T17:14:11.231238Z</time></trkpt>
  <trkpt lat="37.4118888" lon="-121.9950506"><ele>9</ele><time>2026-05-03T17:14:11.332472Z</time></trkpt>
  <trkpt lat="37.4118985" lon="-121.9950490"><ele>9</ele><time>2026-05-03T17:14:11.432809Z</time></trkpt>
  <trkpt lat="37.4119087" lon="-121.9950477"><ele>10</ele><time>2026-05-03T17:14:11.533931Z</time></trkpt>
  <trkpt lat="37.4119191" lon="-121.9950467"><ele>11</ele><time>2026-05-03T17:14:11.634588Z</time></trkpt>
  <trkpt lat="37.4119299" lon="-121.9950458"><ele>11</ele><time>2026-05-03T17:14:11.735123Z</time></trkpt>
  <trkpt lat="37.4119411" lon="-121.9950450"><ele>12</ele><time>2026-05-03T17:14:11.835587Z</time></trkpt>
  <trkpt lat="37.4119411" lon="-121.9950450"><ele>12</ele><time>2026-05-03T17:14:11.864581Z</time></trkpt>
  <trkpt lat="37.4119521" lon="-121.9950448"><ele>13</ele><time>2026-05-03T17:14:11.936680Z</time></trkpt>
  <trkpt lat="37.4119632" lon="-121.9950452"><ele>13</ele><time>2026-05-03T17:14:12.037139Z</time></trkpt>
  <trkpt lat="37.4119743" lon="-121.9950460"><ele>14</ele><time>2026-05-03T17:14:12.137720Z</time></trkpt>
  <trkpt lat="37.4119855" lon="-121.9950476"><ele>14</ele><time>2026-05-03T17:14:12.238554Z</time></trkpt>
  <trkpt lat="37.4119967" lon="-121.9950496"><ele>15</ele><time>2026-05-03T17:14:12.338689Z</time></trkpt>
  <trkpt lat="37.4120080" lon="-121.9950522"><ele>15</ele><time>2026-05-03T17:14:12.439042Z</time></trkpt>
  <trkpt lat="37.4120196" lon="-121.9950548"><ele>16</ele><time>2026-05-03T17:14:12.539349Z</time></trkpt>
  <trkpt lat="37.4120313" lon="-121.9950578"><ele>16</ele><time>2026-05-03T17:14:12.639858Z</time></trkpt>
  <trkpt lat="37.4120430" lon="-121.9950611"><ele>17</ele><time>2026-05-03T17:14:12.740345Z</time></trkpt>
  <trkpt lat="37.4120549" lon="-121.9950645"><ele>17</ele><time>2026-05-03T17:14:12.840693Z</time></trkpt>
  <trkpt lat="37.4120668" lon="-121.9950683"><ele>18</ele><time>2026-05-03T17:14:12.940729Z</time></trkpt>
  <trkpt lat="37.4120787" lon="-121.9950724"><ele>18</ele><time>2026-05-03T17:14:13.040959Z</time></trkpt>
  <trkpt lat="37.4120904" lon="-121.9950770"><ele>19</ele><time>2026-05-03T17:14:13.142354Z</time></trkpt>
  <trkpt lat="37.4121019" lon="-121.9950819"><ele>19</ele><time>2026-05-03T17:14:13.243143Z</time></trkpt>
  <trkpt lat="37.4121135" lon="-121.9950870"><ele>20</ele><time>2026-05-03T17:14:13.343590Z</time></trkpt>
  <trkpt lat="37.4121252" lon="-121.9950920"><ele>20</ele><time>2026-05-03T17:14:13.443832Z</time></trkpt>
  <trkpt lat="37.4121372" lon="-121.9950969"><ele>21</ele><time>2026-05-03T17:14:13.544775Z</time></trkpt>
  <trkpt lat="37.4121490" lon="-121.9951018"><ele>22</ele><time>2026-05-03T17:14:13.645440Z</time></trkpt>
  <trkpt lat="37.4121610" lon="-121.9951064"><ele>22</ele><time>2026-05-03T17:14:13.746032Z</time></trkpt>
  <trkpt lat="37.4121733" lon="-121.9951108"><ele>23</ele><time>2026-05-03T17:14:13.845988Z</time></trkpt>
  <trkpt lat="37.4121856" lon="-121.9951151"><ele>23</ele><time>2026-05-03T17:14:13.926726Z</time></trkpt>
  <trkpt lat="37.4121856" lon="-121.9951151"><ele>23</ele><time>2026-05-03T17:14:14.022707Z</time></trkpt>
  <trkpt lat="37.4121979" lon="-121.9951194"><ele>23</ele><time>2026-05-03T17:14:14.026969Z</time></trkpt>
  <trkpt lat="37.4122105" lon="-121.9951234"><ele>24</ele><time>2026-05-03T17:14:14.127287Z</time></trkpt>
  <trkpt lat="37.4122233" lon="-121.9951273"><ele>24</ele><time>2026-05-03T17:14:14.228303Z</time></trkpt>
  <trkpt lat="37.4122362" lon="-121.9951307"><ele>25</ele><time>2026-05-03T17:14:14.329000Z</time></trkpt>
  <trkpt lat="37.4122492" lon="-121.9951336"><ele>25</ele><time>2026-05-03T17:14:14.430485Z</time></trkpt>
  <trkpt lat="37.4122625" lon="-121.9951357"><ele>26</ele><time>2026-05-03T17:14:14.531570Z</time></trkpt>
  <trkpt lat="37.4122759" lon="-121.9951374"><ele>26</ele><time>2026-05-03T17:14:14.632152Z</time></trkpt>
  <trkpt lat="37.4122891" lon="-121.9951387"><ele>27</ele><time>2026-05-03T17:14:14.732644Z</time></trkpt>
  <trkpt lat="37.4123021" lon="-121.9951398"><ele>27</ele><time>2026-05-03T17:14:14.833297Z</time></trkpt>
  <trkpt lat="37.4123148" lon="-121.9951408"><ele>28</ele><time>2026-05-03T17:14:14.933932Z</time></trkpt>
  <trkpt lat="37.4123276" lon="-121.9951421"><ele>29</ele><time>2026-05-03T17:14:15.034593Z</time></trkpt>
  <trkpt lat="37.4123404" lon="-121.9951435"><ele>29</ele><time>2026-05-03T17:14:15.135149Z</time></trkpt>
  <trkpt lat="37.4123531" lon="-121.9951453"><ele>30</ele><time>2026-05-03T17:14:15.235666Z</time></trkpt>
  <trkpt lat="37.4123657" lon="-121.9951476"><ele>31</ele><time>2026-05-03T17:14:15.336121Z</time></trkpt>
  <trkpt lat="37.4123779" lon="-121.9951505"><ele>31</ele><time>2026-05-03T17:14:15.436422Z</time></trkpt>
  <trkpt lat="37.4123893" lon="-121.9951539"><ele>32</ele><time>2026-05-03T17:14:15.536968Z</time></trkpt>
  <trkpt lat="37.4123991" lon="-121.9951580"><ele>33</ele><time>2026-05-03T17:14:15.637740Z</time></trkpt>
  <trkpt lat="37.4124075" lon="-121.9951624"><ele>34</ele><time>2026-05-03T17:14:15.738219Z</time></trkpt>
  <trkpt lat="37.4124155" lon="-121.9951668"><ele>35</ele><time>2026-05-03T17:14:15.838619Z</time></trkpt>
  <trkpt lat="37.4124233" lon="-121.9951709"><ele>36</ele><time>2026-05-03T17:14:15.939389Z</time></trkpt>
  <trkpt lat="37.4124311" lon="-121.9951751"><ele>37</ele><time>2026-05-03T17:14:16.039661Z</time></trkpt>
  <trkpt lat="37.4124387" lon="-121.9951789"><ele>37</ele><time>2026-05-03T17:14:16.140977Z</time></trkpt>
  <trkpt lat="37.4124387" lon="-121.9951789"><ele>37</ele><time>2026-05-03T17:14:16.175829Z</time></trkpt>
  <trkpt lat="37.4124461" lon="-121.9951825"><ele>38</ele><time>2026-05-03T17:14:16.241762Z</time></trkpt>
  <trkpt lat="37.4124532" lon="-121.9951858"><ele>39</ele><time>2026-05-03T17:14:16.342270Z</time></trkpt>
  <trkpt lat="37.4124597" lon="-121.9951885"><ele>40</ele><time>2026-05-03T17:14:16.442308Z</time></trkpt>
  <trkpt lat="37.4124659" lon="-121.9951909"><ele>41</ele><time>2026-05-03T17:14:16.542640Z</time></trkpt>
  <trkpt lat="37.4124719" lon="-121.9951927"><ele>42</ele><time>2026-05-03T17:14:16.622779Z</time></trkpt>
  <trkpt lat="37.4124775" lon="-121.9951939"><ele>43</ele><time>2026-05-03T17:14:16.743381Z</time></trkpt>
  <trkpt lat="37.4124830" lon="-121.9951947"><ele>44</ele><time>2026-05-03T17:14:16.823741Z</time></trkpt>
  <trkpt lat="37.4124882" lon="-121.9951954"><ele>45</ele><time>2026-05-03T17:14:16.924240Z</time></trkpt>
  <trkpt lat="37.4124934" lon="-121.9951961"><ele>46</ele><time>2026-05-03T17:14:17.025401Z</time></trkpt>
  <trkpt lat="37.4124985" lon="-121.9951967"><ele>47</ele><time>2026-05-03T17:14:17.125978Z</time></trkpt>
  <trkpt lat="37.4125039" lon="-121.9951973"><ele>48</ele><time>2026-05-03T17:14:17.225963Z</time></trkpt>
  <trkpt lat="37.4125095" lon="-121.9951983"><ele>49</ele><time>2026-05-03T17:14:17.326349Z</time></trkpt>
  <trkpt lat="37.4125150" lon="-121.9951997"><ele>50</ele><time>2026-05-03T17:14:17.426559Z</time></trkpt>
  <trkpt lat="37.4125208" lon="-121.9952012"><ele>51</ele><time>2026-05-03T17:14:17.527133Z</time></trkpt>
  <trkpt lat="37.4125267" lon="-121.9952026"><ele>51</ele><time>2026-05-03T17:14:17.627274Z</time></trkpt>
  <trkpt lat="37.4125322" lon="-121.9952041"><ele>52</ele><time>2026-05-03T17:14:17.727770Z</time></trkpt>
  <trkpt lat="37.4125371" lon="-121.9952059"><ele>53</ele><time>2026-05-03T17:14:17.828865Z</time></trkpt>
  <trkpt lat="37.4125421" lon="-121.9952075"><ele>54</ele><time>2026-05-03T17:14:17.929459Z</time></trkpt>
  <trkpt lat="37.4125480" lon="-121.9952087"><ele>55</ele><time>2026-05-03T17:14:18.030466Z</time></trkpt>
  <trkpt lat="37.4125542" lon="-121.9952100"><ele>55</ele><time>2026-05-03T17:14:18.130588Z</time></trkpt>
  <trkpt lat="37.4125609" lon="-121.9952116"><ele>56</ele><time>2026-05-03T17:14:18.231075Z</time></trkpt>
  <trkpt lat="37.4125679" lon="-121.9952134"><ele>57</ele><time>2026-05-03T17:14:18.332125Z</time></trkpt>
  <trkpt lat="37.4125679" lon="-121.9952134"><ele>57</ele><time>2026-05-03T17:14:18.339870Z</time></trkpt>
  <trkpt lat="37.4125755" lon="-121.9952154"><ele>57</ele><time>2026-05-03T17:14:18.432328Z</time></trkpt>
  <trkpt lat="37.4125834" lon="-121.9952176"><ele>58</ele><time>2026-05-03T17:14:18.532573Z</time></trkpt>
  <trkpt lat="37.4125915" lon="-121.9952199"><ele>58</ele><time>2026-05-03T17:14:18.632909Z</time></trkpt>
  <trkpt lat="37.4125996" lon="-121.9952223"><ele>59</ele><time>2026-05-03T17:14:18.733424Z</time></trkpt>
  <trkpt lat="37.4126078" lon="-121.9952247"><ele>59</ele><time>2026-05-03T17:14:18.834220Z</time></trkpt>
  <trkpt lat="37.4126160" lon="-121.9952268"><ele>60</ele><time>2026-05-03T17:14:18.934588Z</time></trkpt>
  <trkpt lat="37.4126242" lon="-121.9952284"><ele>60</ele><time>2026-05-03T17:14:19.035371Z</time></trkpt>
  <trkpt lat="37.4126320" lon="-121.9952293"><ele>61</ele><time>2026-05-03T17:14:19.136486Z</time></trkpt>
  <trkpt lat="37.4126394" lon="-121.9952295"><ele>62</ele><time>2026-05-03T17:14:19.236468Z</time></trkpt>
  <trkpt lat="37.4126465" lon="-121.9952294"><ele>63</ele><time>2026-05-03T17:14:19.337326Z</time></trkpt>
  <trkpt lat="37.4126534" lon="-121.9952289"><ele>63</ele><time>2026-05-03T17:14:19.438134Z</time></trkpt>
  <trkpt lat="37.4126602" lon="-121.9952282"><ele>64</ele><time>2026-05-03T17:14:19.538365Z</time></trkpt>
  <trkpt lat="37.4126671" lon="-121.9952270"><ele>65</ele><time>2026-05-03T17:14:19.638795Z</time></trkpt>
  <trkpt lat="37.4126741" lon="-121.9952260"><ele>66</ele><time>2026-05-03T17:14:19.739678Z</time></trkpt>
  <trkpt lat="37.4126814" lon="-121.9952250"><ele>67</ele><time>2026-05-03T17:14:19.820766Z</time></trkpt>
  <trkpt lat="37.4126896" lon="-121.9952242"><ele>67</ele><time>2026-05-03T17:14:19.921039Z</time></trkpt>
  <trkpt lat="37.4126983" lon="-121.9952235"><ele>68</ele><time>2026-05-03T17:14:20.021471Z</time></trkpt>
  <trkpt lat="37.4127073" lon="-121.9952229"><ele>68</ele><time>2026-05-03T17:14:20.121621Z</time></trkpt>
  <trkpt lat="37.4127163" lon="-121.9952224"><ele>69</ele><time>2026-05-03T17:14:20.222619Z</time></trkpt>
  <trkpt lat="37.4127253" lon="-121.9952219"><ele>69</ele><time>2026-05-03T17:14:20.322849Z</time></trkpt>
  <trkpt lat="37.4127345" lon="-121.9952216"><ele>70</ele><time>2026-05-03T17:14:20.424000Z</time></trkpt>
  <trkpt lat="37.4127345" lon="-121.9952216"><ele>70</ele><time>2026-05-03T17:14:20.495251Z</time></trkpt>
  <trkpt lat="37.4127438" lon="-121.9952217"><ele>70</ele><time>2026-05-03T17:14:20.524776Z</time></trkpt>
  <trkpt lat="37.4127530" lon="-121.9952222"><ele>71</ele><time>2026-05-03T17:14:20.625149Z</time></trkpt>
  <trkpt lat="37.4127623" lon="-121.9952228"><ele>72</ele><time>2026-05-03T17:14:20.725850Z</time></trkpt>
  <trkpt lat="37.4127716" lon="-121.9952234"><ele>72</ele><time>2026-05-03T17:14:20.826239Z</time></trkpt>
  <trkpt lat="37.4127810" lon="-121.9952243"><ele>73</ele><time>2026-05-03T17:14:20.926930Z</time></trkpt>
  <trkpt lat="37.4127906" lon="-121.9952253"><ele>73</ele><time>2026-05-03T17:14:21.027512Z</time></trkpt>
  <trkpt lat="37.4128000" lon="-121.9952266"><ele>74</ele><time>2026-05-03T17:14:21.128100Z</time></trkpt>
  <trkpt lat="37.4128092" lon="-121.9952283"><ele>74</ele><time>2026-05-03T17:14:21.228740Z</time></trkpt>
  <trkpt lat="37.4128183" lon="-121.9952303"><ele>75</ele><time>2026-05-03T17:14:21.329075Z</time></trkpt>
  <trkpt lat="37.4128272" lon="-121.9952327"><ele>76</ele><time>2026-05-03T17:14:21.429168Z</time></trkpt>
  <trkpt lat="37.4128362" lon="-121.9952352"><ele>76</ele><time>2026-05-03T17:14:21.529873Z</time></trkpt>
  <trkpt lat="37.4128451" lon="-121.9952378"><ele>77</ele><time>2026-05-03T17:14:21.630806Z</time></trkpt>
  <trkpt lat="37.4128541" lon="-121.9952406"><ele>78</ele><time>2026-05-03T17:14:21.730936Z</time></trkpt>
  <trkpt lat="37.4128632" lon="-121.9952435"><ele>78</ele><time>2026-05-03T17:14:21.831655Z</time></trkpt>
  <trkpt lat="37.4128724" lon="-121.9952464"><ele>79</ele><time>2026-05-03T17:14:21.931821Z</time></trkpt>
  <trkpt lat="37.4128817" lon="-121.9952495"><ele>80</ele><time>2026-05-03T17:14:22.032269Z</time></trkpt>
  <trkpt lat="37.4128911" lon="-121.9952526"><ele>80</ele><time>2026-05-03T17:14:22.132346Z</time></trkpt>
  <trkpt lat="37.4129008" lon="-121.9952559"><ele>81</ele><time>2026-05-03T17:14:22.233089Z</time></trkpt>
  <trkpt lat="37.4129106" lon="-121.9952593"><ele>81</ele><time>2026-05-03T17:14:22.333679Z</time></trkpt>
  <trkpt lat="37.4129203" lon="-121.9952629"><ele>82</ele><time>2026-05-03T17:14:22.434209Z</time></trkpt>
  <trkpt lat="37.4129300" lon="-121.9952667"><ele>82</ele><time>2026-05-03T17:14:22.534824Z</time></trkpt>
  <trkpt lat="37.4129397" lon="-121.9952706"><ele>83</ele><time>2026-05-03T17:14:22.635256Z</time></trkpt>
  <trkpt lat="37.4129397" lon="-121.9952706"><ele>83</ele><time>2026-05-03T17:14:22.647811Z</time></trkpt>
  <trkpt lat="37.4129495" lon="-121.9952745"><ele>84</ele><time>2026-05-03T17:14:22.735737Z</time></trkpt>
  <trkpt lat="37.4129595" lon="-121.9952786"><ele>84</ele><time>2026-05-03T17:14:22.836586Z</time></trkpt>
  <trkpt lat="37.4129695" lon="-121.9952827"><ele>85</ele><time>2026-05-03T17:14:22.916864Z</time></trkpt>
  <trkpt lat="37.4129795" lon="-121.9952869"><ele>85</ele><time>2026-05-03T17:14:23.017162Z</time></trkpt>
  <trkpt lat="37.4129897" lon="-121.9952912"><ele>86</ele><time>2026-05-03T17:14:23.118592Z</time></trkpt>
  <trkpt lat="37.4129995" lon="-121.9952956"><ele>86</ele><time>2026-05-03T17:14:23.219689Z</time></trkpt>
  <trkpt lat="37.4130094" lon="-121.9953001"><ele>87</ele><time>2026-05-03T17:14:23.320740Z</time></trkpt>
  <trkpt lat="37.4130202" lon="-121.9953041"><ele>88</ele><time>2026-05-03T17:14:23.420951Z</time></trkpt>
  <trkpt lat="37.4130315" lon="-121.9953076"><ele>88</ele><time>2026-05-03T17:14:23.521471Z</time></trkpt>
  <trkpt lat="37.4130430" lon="-121.9953107"><ele>89</ele><time>2026-05-03T17:14:23.622125Z</time></trkpt>
  <trkpt lat="37.4130548" lon="-121.9953136"><ele>89</ele><time>2026-05-03T17:14:23.723275Z</time></trkpt>
  <trkpt lat="37.4130669" lon="-121.9953159"><ele>90</ele><time>2026-05-03T17:14:23.824002Z</time></trkpt>
  <trkpt lat="37.4130792" lon="-121.9953177"><ele>90</ele><time>2026-05-03T17:14:23.924099Z</time></trkpt>
  <trkpt lat="37.4130918" lon="-121.9953187"><ele>91</ele><time>2026-05-03T17:14:24.024274Z</time></trkpt>
  <trkpt lat="37.4131047" lon="-121.9953192"><ele>91</ele><time>2026-05-03T17:14:24.124993Z</time></trkpt>
  <trkpt lat="37.4131178" lon="-121.9953191"><ele>91</ele><time>2026-05-03T17:14:24.225585Z</time></trkpt>
  <trkpt lat="37.4131313" lon="-121.9953187"><ele>92</ele><time>2026-05-03T17:14:24.326905Z</time></trkpt>
  <trkpt lat="37.4131450" lon="-121.9953178"><ele>92</ele><time>2026-05-03T17:14:24.428456Z</time></trkpt>
  <trkpt lat="37.4131592" lon="-121.9953163"><ele>92</ele><time>2026-05-03T17:14:24.528840Z</time></trkpt>
  <trkpt lat="37.4131735" lon="-121.9953145"><ele>93</ele><time>2026-05-03T17:14:24.628853Z</time></trkpt>
  <trkpt lat="37.4131881" lon="-121.9953123"><ele>93</ele><time>2026-05-03T17:14:24.729185Z</time></trkpt>
  <trkpt lat="37.4131881" lon="-121.9953123"><ele>93</ele><time>2026-05-03T17:14:24.805198Z</time></trkpt>
  <trkpt lat="37.4132030" lon="-121.9953100"><ele>93</ele><time>2026-05-03T17:14:24.829426Z</time></trkpt>
  <trkpt lat="37.4132180" lon="-121.9953075"><ele>93</ele><time>2026-05-03T17:14:24.929808Z</time></trkpt>
  <trkpt lat="37.4132332" lon="-121.9953047"><ele>94</ele><time>2026-05-03T17:14:25.030028Z</time></trkpt>
  <trkpt lat="37.4132482" lon="-121.9953017"><ele>94</ele><time>2026-05-03T17:14:25.130917Z</time></trkpt>
  <trkpt lat="37.4132635" lon="-121.9952982"><ele>94</ele><time>2026-05-03T17:14:25.231552Z</time></trkpt>
  <trkpt lat="37.4132787" lon="-121.9952941"><ele>94</ele><time>2026-05-03T17:14:25.332110Z</time></trkpt>
  <trkpt lat="37.4132931" lon="-121.9952894"><ele>95</ele><time>2026-05-03T17:14:25.432599Z</time></trkpt>
  <trkpt lat="37.4133067" lon="-121.9952838"><ele>96</ele><time>2026-05-03T17:14:25.532808Z</time></trkpt>
  <trkpt lat="37.4133197" lon="-121.9952775"><ele>96</ele><time>2026-05-03T17:14:25.613203Z</time></trkpt>
  <trkpt lat="37.4133324" lon="-121.9952708"><ele>97</ele><time>2026-05-03T17:14:25.714184Z</time></trkpt>
  <trkpt lat="37.4133450" lon="-121.9952639"><ele>98</ele><time>2026-05-03T17:14:25.814514Z</time></trkpt>
  <trkpt lat="37.4133574" lon="-121.9952565"><ele>99</ele><time>2026-05-03T17:14:25.915281Z</time></trkpt>
  <trkpt lat="37.4133697" lon="-121.9952488"><ele>99</ele><time>2026-05-03T17:14:26.015701Z</time></trkpt>
  <trkpt lat="37.4133818" lon="-121.9952406"><ele>100</ele><time>2026-05-03T17:14:26.115850Z</time></trkpt>
  <trkpt lat="37.4133937" lon="-121.9952323"><ele>101</ele><time>2026-05-03T17:14:26.217186Z</time></trkpt>
  <trkpt lat="37.4134056" lon="-121.9952236"><ele>101</ele><time>2026-05-03T17:14:26.318355Z</time></trkpt>
  <trkpt lat="37.4134174" lon="-121.9952147"><ele>102</ele><time>2026-05-03T17:14:26.418640Z</time></trkpt>
  <trkpt lat="37.4134292" lon="-121.9952055"><ele>103</ele><time>2026-05-03T17:14:26.519149Z</time></trkpt>
  <trkpt lat="37.4134408" lon="-121.9951960"><ele>104</ele><time>2026-05-03T17:14:26.620489Z</time></trkpt>
  <trkpt lat="37.4134524" lon="-121.9951865"><ele>104</ele><time>2026-05-03T17:14:26.722028Z</time></trkpt>
  <trkpt lat="37.4134641" lon="-121.9951771"><ele>105</ele><time>2026-05-03T17:14:26.822900Z</time></trkpt>
  <trkpt lat="37.4134757" lon="-121.9951685"><ele>105</ele><time>2026-05-03T17:14:26.922354Z</time></trkpt>
  <trkpt lat="37.4134757" lon="-121.9951685"><ele>105</ele><time>2026-05-03T17:14:26.964981Z</time></trkpt>
  <trkpt lat="37.4134873" lon="-121.9951611"><ele>106</ele><time>2026-05-03T17:14:27.023000Z</time></trkpt>
  <trkpt lat="37.4134988" lon="-121.9951556"><ele>107</ele><time>2026-05-03T17:14:27.123521Z</time></trkpt>
  <trkpt lat="37.4135104" lon="-121.9951521"><ele>108</ele><time>2026-05-03T17:14:27.223959Z</time></trkpt>
  <trkpt lat="37.4135225" lon="-121.9951504"><ele>108</ele><time>2026-05-03T17:14:27.324787Z</time></trkpt>
  <trkpt lat="37.4135335" lon="-121.9951518"><ele>109</ele><time>2026-05-03T17:14:27.424982Z</time></trkpt>
  <trkpt lat="37.4135429" lon="-121.9951563"><ele>109</ele><time>2026-05-03T17:14:27.525083Z</time></trkpt>
  <trkpt lat="37.4135509" lon="-121.9951630"><ele>109</ele><time>2026-05-03T17:14:27.626088Z</time></trkpt>
  <trkpt lat="37.4135579" lon="-121.9951710"><ele>109</ele><time>2026-05-03T17:14:27.726275Z</time></trkpt>
  <trkpt lat="37.4135632" lon="-121.9951807"><ele>109</ele><time>2026-05-03T17:14:27.827032Z</time></trkpt>
  <trkpt lat="37.4135662" lon="-121.9951913"><ele>109</ele><time>2026-05-03T17:14:27.927541Z</time></trkpt>
  <trkpt lat="37.4135676" lon="-121.9952026"><ele>108</ele><time>2026-05-03T17:14:28.027944Z</time></trkpt>
  <trkpt lat="37.4135686" lon="-121.9952142"><ele>108</ele><time>2026-05-03T17:14:28.129075Z</time></trkpt>
  <trkpt lat="37.4135690" lon="-121.9952259"><ele>107</ele><time>2026-05-03T17:14:28.209582Z</time></trkpt>
  <trkpt lat="37.4135682" lon="-121.9952384"><ele>107</ele><time>2026-05-03T17:14:28.310536Z</time></trkpt>
  <trkpt lat="37.4135660" lon="-121.9952513"><ele>107</ele><time>2026-05-03T17:14:28.411616Z</time></trkpt>
  <trkpt lat="37.4135632" lon="-121.9952643"><ele>107</ele><time>2026-05-03T17:14:28.512264Z</time></trkpt>
  <trkpt lat="37.4135590" lon="-121.9952772"><ele>107</ele><time>2026-05-03T17:14:28.612838Z</time></trkpt>
  <trkpt lat="37.4135540" lon="-121.9952894"><ele>107</ele><time>2026-05-03T17:14:28.713551Z</time></trkpt>
  <trkpt lat="37.4135484" lon="-121.9953010"><ele>107</ele><time>2026-05-03T17:14:28.814200Z</time></trkpt>
  <trkpt lat="37.4135417" lon="-121.9953111"><ele>108</ele><time>2026-05-03T17:14:28.915618Z</time></trkpt>
  <trkpt lat="37.4135338" lon="-121.9953196"><ele>109</ele><time>2026-05-03T17:14:29.015987Z</time></trkpt>
  <trkpt lat="37.4135251" lon="-121.9953261"><ele>110</ele><time>2026-05-03T17:14:29.116736Z</time></trkpt>
  <trkpt lat="37.4135251" lon="-121.9953261"><ele>110</ele><time>2026-05-03T17:14:29.121423Z</time></trkpt>
  <trkpt lat="37.4135159" lon="-121.9953311"><ele>111</ele><time>2026-05-03T17:14:29.217629Z</time></trkpt>
  <trkpt lat="37.4135060" lon="-121.9953346"><ele>112</ele><time>2026-05-03T17:14:29.318458Z</time></trkpt>
  <trkpt lat="37.4134957" lon="-121.9953370"><ele>113</ele><time>2026-05-03T17:14:29.418773Z</time></trkpt>
  <trkpt lat="37.4134856" lon="-121.9953378"><ele>114</ele><time>2026-05-03T17:14:29.520198Z</time></trkpt>
  <trkpt lat="37.4134761" lon="-121.9953385"><ele>114</ele><time>2026-05-03T17:14:29.620385Z</time></trkpt>
  <trkpt lat="37.4134668" lon="-121.9953393"><ele>115</ele><time>2026-05-03T17:14:29.721007Z</time></trkpt>
  <trkpt lat="37.4134575" lon="-121.9953400"><ele>116</ele><time>2026-05-03T17:14:29.821527Z</time></trkpt>
  <trkpt lat="37.4134484" lon="-121.9953406"><ele>116</ele><time>2026-05-03T17:14:29.922132Z</time></trkpt>
  <trkpt lat="37.4134395" lon="-121.9953412"><ele>117</ele><time>2026-05-03T17:14:30.023471Z</time></trkpt>
  <trkpt lat="37.4134307" lon="-121.9953421"><ele>118</ele><time>2026-05-03T17:14:30.124226Z</time></trkpt>
  <trkpt lat="37.4134222" lon="-121.9953432"><ele>118</ele><time>2026-05-03T17:14:30.224703Z</time></trkpt>
  <trkpt lat="37.4134140" lon="-121.9953446"><ele>119</ele><time>2026-05-03T17:14:30.325209Z</time></trkpt>
  <trkpt lat="37.4134062" lon="-121.9953463"><ele>120</ele><time>2026-05-03T17:14:30.425993Z</time></trkpt>
  <trkpt lat="37.4133987" lon="-121.9953483"><ele>121</ele><time>2026-05-03T17:14:30.527383Z</time></trkpt>
  <trkpt lat="37.4133915" lon="-121.9953504"><ele>122</ele><time>2026-05-03T17:14:30.607596Z</time></trkpt>
  <trkpt lat="37.4133849" lon="-121.9953528"><ele>122</ele><time>2026-05-03T17:14:30.728282Z</time></trkpt>
  <trkpt lat="37.4133786" lon="-121.9953550"><ele>123</ele><time>2026-05-03T17:14:30.808966Z</time></trkpt>
  <trkpt lat="37.4133728" lon="-121.9953576"><ele>124</ele><time>2026-05-03T17:14:30.910552Z</time></trkpt>
  <trkpt lat="37.4133673" lon="-121.9953607"><ele>125</ele><time>2026-05-03T17:14:31.011211Z</time></trkpt>
  <trkpt lat="37.4133621" lon="-121.9953642"><ele>125</ele><time>2026-05-03T17:14:31.111906Z</time></trkpt>
  <trkpt lat="37.4133571" lon="-121.9953682"><ele>126</ele><time>2026-05-03T17:14:31.212318Z</time></trkpt>
  <trkpt lat="37.4133571" lon="-121.9953682"><ele>126</ele><time>2026-05-03T17:14:31.264161Z</time></trkpt>
  <trkpt lat="37.4133528" lon="-121.9953721"><ele>127</ele><time>2026-05-03T17:14:31.312632Z</time></trkpt>
  <trkpt lat="37.4133500" lon="-121.9953751"><ele>128</ele><time>2026-05-03T17:14:31.413203Z</time></trkpt>
  <trkpt lat="37.4133488" lon="-121.9953771"><ele>129</ele><time>2026-05-03T17:14:31.513715Z</time></trkpt>
  <trkpt lat="37.4133484" lon="-121.9953787"><ele>130</ele><time>2026-05-03T17:14:31.614445Z</time></trkpt>
  <trkpt lat="37.4133486" lon="-121.9953794"><ele>131</ele><time>2026-05-03T17:14:31.714961Z</time></trkpt>
  <trkpt lat="37.4133488" lon="-121.9953788"><ele>132</ele><time>2026-05-03T17:14:31.816092Z</time></trkpt>
  <trkpt lat="37.4133493" lon="-121.9953766"><ele>133</ele><time>2026-05-03T17:14:31.916492Z</time></trkpt>
  <trkpt lat="37.4133498" lon="-121.9953728"><ele>134</ele><time>2026-05-03T17:14:32.016945Z</time></trkpt>
  <trkpt lat="37.4133501" lon="-121.9953680"><ele>135</ele><time>2026-05-03T17:14:32.117904Z</time></trkpt>
  <trkpt lat="37.4133498" lon="-121.9953608"><ele>136</ele><time>2026-05-03T17:14:32.219091Z</time></trkpt>
  <trkpt lat="37.4133489" lon="-121.9953534"><ele>137</ele><time>2026-05-03T17:14:32.320501Z</time></trkpt>
  <trkpt lat="37.4133472" lon="-121.9953447"><ele>137</ele><time>2026-05-03T17:14:32.420996Z</time></trkpt>
  <trkpt lat="37.4133447" lon="-121.9953350"><ele>138</ele><time>2026-05-03T17:14:32.521130Z</time></trkpt>
  <trkpt lat="37.4133411" lon="-121.9953249"><ele>138</ele><time>2026-05-03T17:14:32.621855Z</time></trkpt>
  <trkpt lat="37.4133374" lon="-121.9953135"><ele>138</ele><time>2026-05-03T17:14:32.722005Z</time></trkpt>
  <trkpt lat="37.4133346" lon="-121.9953010"><ele>138</ele><time>2026-05-03T17:14:32.822671Z</time></trkpt>
  <trkpt lat="37.4133312" lon="-121.9952864"><ele>138</ele><time>2026-05-03T17:14:32.923190Z</time></trkpt>
  <trkpt lat="37.4133269" lon="-121.9952736"><ele>138</ele><time>2026-05-03T17:14:33.024119Z</time></trkpt>
  <trkpt lat="37.4133211" lon="-121.9952616"><ele>138</ele><time>2026-05-03T17:14:33.104305Z</time></trkpt>
  <trkpt lat="37.4133173" lon="-121.9952532"><ele>137</ele><time>2026-05-03T17:14:33.225069Z</time></trkpt>
  <trkpt lat="37.4133138" lon="-121.9952479"><ele>136</ele><time>2026-05-03T17:14:33.305288Z</time></trkpt>
  <trkpt lat="37.4133106" lon="-121.9952450"><ele>135</ele><time>2026-05-03T17:14:33.405954Z</time></trkpt>
  <trkpt lat="37.4133106" lon="-121.9952450"><ele>135</ele><time>2026-05-03T17:14:33.422689Z</time></trkpt>
  <trkpt lat="37.4133070" lon="-121.9952452"><ele>134</ele><time>2026-05-03T17:14:33.506701Z</time></trkpt>
  <trkpt lat="37.4133015" lon="-121.9952474"><ele>132</ele><time>2026-05-03T17:14:33.607447Z</time></trkpt>
  <trkpt lat="37.4132911" lon="-121.9952546"><ele>131</ele><time>2026-05-03T17:14:33.708037Z</time></trkpt>
  <trkpt lat="37.4132779" lon="-121.9952648"><ele>130</ele><time>2026-05-03T17:14:33.809350Z</time></trkpt>
  <trkpt lat="37.4132640" lon="-121.9952743"><ele>129</ele><time>2026-05-03T17:14:33.910271Z</time></trkpt>
  <trkpt lat="37.4132507" lon="-121.9952851"><ele>128</ele><time>2026-05-03T17:14:34.010317Z</time></trkpt>
  <trkpt lat="37.4132373" lon="-121.9952939"><ele>126</ele><time>2026-05-03T17:14:34.111455Z</time></trkpt>
  <trkpt lat="37.4132232" lon="-121.9953022"><ele>125</ele><time>2026-05-03T17:14:34.212345Z</time></trkpt>
  <trkpt lat="37.4132085" lon="-121.9953102"><ele>124</ele><time>2026-05-03T17:14:34.312900Z</time></trkpt>
  <trkpt lat="37.4131944" lon="-121.9953188"><ele>123</ele><time>2026-05-03T17:14:34.414472Z</time></trkpt>
  <trkpt lat="37.4131810" lon="-121.9953273"><ele>123</ele><time>2026-05-03T17:14:34.515758Z</time></trkpt>
  <trkpt lat="37.4131686" lon="-121.9953364"><ele>122</ele><time>2026-05-03T17:14:34.615926Z</time></trkpt>
  <trkpt lat="37.4131573" lon="-121.9953463"><ele>121</ele><time>2026-05-03T17:14:34.716809Z</time></trkpt>
  <trkpt lat="37.4131463" lon="-121.9953577"><ele>119</ele><time>2026-05-03T17:14:34.817890Z</time></trkpt>
  <trkpt lat="37.4131357" lon="-121.9953705"><ele>119</ele><time>2026-05-03T17:14:34.918578Z</time></trkpt>
  <trkpt lat="37.4131261" lon="-121.9953898"><ele>118</ele><time>2026-05-03T17:14:35.019024Z</time></trkpt>
  <trkpt lat="37.4131188" lon="-121.9954115"><ele>118</ele><time>2026-05-03T17:14:35.119310Z</time></trkpt>
  <trkpt lat="37.4131140" lon="-121.9954333"><ele>118</ele><time>2026-05-03T17:14:35.220115Z</time></trkpt>
  <trkpt lat="37.4131097" lon="-121.9954541"><ele>117</ele><time>2026-05-03T17:14:35.321444Z</time></trkpt>
  <trkpt lat="37.4131065" lon="-121.9954750"><ele>117</ele><time>2026-05-03T17:14:35.422335Z</time></trkpt>
  <trkpt lat="37.4131049" lon="-121.9954964"><ele>117</ele><time>2026-05-03T17:14:35.502940Z</time></trkpt>
  <trkpt lat="37.4131049" lon="-121.9954964"><ele>117</ele><time>2026-05-03T17:14:35.576845Z</time></trkpt>
  <trkpt lat="37.4131043" lon="-121.9955179"><ele>116</ele><time>2026-05-03T17:14:35.623735Z</time></trkpt>
  <trkpt lat="37.4131051" lon="-121.9955392"><ele>115</ele><time>2026-05-03T17:14:35.704614Z</time></trkpt>
  <trkpt lat="37.4131060" lon="-121.9955593"><ele>114</ele><time>2026-05-03T17:14:35.805406Z</time></trkpt>
  <trkpt lat="37.4131071" lon="-121.9955781"><ele>113</ele><time>2026-05-03T17:14:35.905987Z</time></trkpt>
  <trkpt lat="37.4131088" lon="-121.9955967"><ele>111</ele><time>2026-05-03T17:14:36.006712Z</time></trkpt>
  <trkpt lat="37.4131110" lon="-121.9956147"><ele>110</ele><time>2026-05-03T17:14:36.107347Z</time></trkpt>
  <trkpt lat="37.4131127" lon="-121.9956329"><ele>108</ele><time>2026-05-03T17:14:36.207721Z</time></trkpt>
  <trkpt lat="37.4131152" lon="-121.9956528"><ele>108</ele><time>2026-05-03T17:14:36.308939Z</time></trkpt>
  <trkpt lat="37.4131205" lon="-121.9956730"><ele>108</ele><time>2026-05-03T17:14:36.409636Z</time></trkpt>
  <trkpt lat="37.4131285" lon="-121.9956932"><ele>109</ele><time>2026-05-03T17:14:36.510785Z</time></trkpt>
  <trkpt lat="37.4131364" lon="-121.9957119"><ele>109</ele><time>2026-05-03T17:14:36.611753Z</time></trkpt>
  <trkpt lat="37.4131422" lon="-121.9957290"><ele>109</ele><time>2026-05-03T17:14:36.711171Z</time></trkpt>
  <trkpt lat="37.4131465" lon="-121.9957468"><ele>110</ele><time>2026-05-03T17:14:36.812727Z</time></trkpt>
  <trkpt lat="37.4131509" lon="-121.9957652"><ele>110</ele><time>2026-05-03T17:14:36.913617Z</time></trkpt>
  <trkpt lat="37.4131564" lon="-121.9957832"><ele>110</ele><time>2026-05-03T17:14:37.014570Z</time></trkpt>
  <trkpt lat="37.4131615" lon="-121.9958012"><ele>110</ele><time>2026-05-03T17:14:37.115129Z</time></trkpt>
  <trkpt lat="37.4131675" lon="-121.9958178"><ele>110</ele><time>2026-05-03T17:14:37.216156Z</time></trkpt>
  <trkpt lat="37.4131766" lon="-121.9958278"><ele>111</ele><time>2026-05-03T17:14:37.315897Z</time></trkpt>
  <trkpt lat="37.4131874" lon="-121.9958339"><ele>112</ele><time>2026-05-03T17:14:37.416253Z</time></trkpt>
  <trkpt lat="37.4132001" lon="-121.9958374"><ele>113</ele><time>2026-05-03T17:14:37.516544Z</time></trkpt>
  <trkpt lat="37.4132141" lon="-121.9958381"><ele>114</ele><time>2026-05-03T17:14:37.616941Z</time></trkpt>
  <trkpt lat="37.4132285" lon="-121.9958369"><ele>115</ele><time>2026-05-03T17:14:37.718144Z</time></trkpt>
  <trkpt lat="37.4132285" lon="-121.9958369"><ele>115</ele><time>2026-05-03T17:14:37.730637Z</time></trkpt>
  <trkpt lat="37.4132437" lon="-121.9958319"><ele>115</ele><time>2026-05-03T17:14:37.818677Z</time></trkpt>
  <trkpt lat="37.4132598" lon="-121.9958250"><ele>116</ele><time>2026-05-03T17:14:37.899490Z</time></trkpt>
  <trkpt lat="37.4132771" lon="-121.9958175"><ele>116</ele><time>2026-05-03T17:14:37.999961Z</time></trkpt>
  <trkpt lat="37.4132948" lon="-121.9958105"><ele>116</ele><time>2026-05-03T17:14:38.101110Z</time></trkpt>
  <trkpt lat="37.4133118" lon="-121.9958043"><ele>116</ele><time>2026-05-03T17:14:38.201512Z</time></trkpt>
  <trkpt lat="37.4133289" lon="-121.9957988"><ele>117</ele><time>2026-05-03T17:14:38.302329Z</time></trkpt>
  <trkpt lat="37.4133462" lon="-121.9957944"><ele>117</ele><time>2026-05-03T17:14:38.403335Z</time></trkpt>
  <trkpt lat="37.4133636" lon="-121.9957910"><ele>118</ele><time>2026-05-03T17:14:38.504258Z</time></trkpt>
  <trkpt lat="37.4133819" lon="-121.9957890"><ele>118</ele><time>2026-05-03T17:14:38.605007Z</time></trkpt>
  <trkpt lat="37.4133987" lon="-121.9957891"><ele>118</ele><time>2026-05-03T17:14:38.705446Z</time></trkpt>
  <trkpt lat="37.4134135" lon="-121.9957910"><ele>119</ele><time>2026-05-03T17:14:38.806718Z</time></trkpt>
  <trkpt lat="37.4134269" lon="-121.9957934"><ele>119</ele><time>2026-05-03T17:14:38.906980Z</time></trkpt>
  <trkpt lat="37.4134385" lon="-121.9957965"><ele>119</ele><time>2026-05-03T17:14:39.007186Z</time></trkpt>
  <trkpt lat="37.4134500" lon="-121.9957989"><ele>119</ele><time>2026-05-03T17:14:39.107715Z</time></trkpt>
  <trkpt lat="37.4134617" lon="-121.9957999"><ele>120</ele><time>2026-05-03T17:14:39.208457Z</time></trkpt>
  <trkpt lat="37.4134731" lon="-121.9957998"><ele>120</ele><time>2026-05-03T17:14:39.308894Z</time></trkpt>
  <trkpt lat="37.4134831" lon="-121.9957997"><ele>120</ele><time>2026-05-03T17:14:39.409565Z</time></trkpt>
  <trkpt lat="37.4134921" lon="-121.9957999"><ele>120</ele><time>2026-05-03T17:14:39.509684Z</time></trkpt>
  <trkpt lat="37.4135009" lon="-121.9957991"><ele>120</ele><time>2026-05-03T17:14:39.610218Z</time></trkpt>
  <trkpt lat="37.4135100" lon="-121.9957993"><ele>120</ele><time>2026-05-03T17:14:39.711271Z</time></trkpt>
  <trkpt lat="37.4135189" lon="-121.9957997"><ele>119</ele><time>2026-05-03T17:14:39.811610Z</time></trkpt>
  <trkpt lat="37.4135189" lon="-121.9957997"><ele>119</ele><time>2026-05-03T17:14:39.893113Z</time></trkpt>
  <trkpt lat="37.4135286" lon="-121.9957984"><ele>119</ele><time>2026-05-03T17:14:39.912086Z</time></trkpt>
  <trkpt lat="37.4135385" lon="-121.9957961"><ele>118</ele><time>2026-05-03T17:14:40.012933Z</time></trkpt>
  <trkpt lat="37.4135487" lon="-121.9957938"><ele>117</ele><time>2026-05-03T17:14:40.113421Z</time></trkpt>
  <trkpt lat="37.4135590" lon="-121.9957939"><ele>116</ele><time>2026-05-03T17:14:40.213627Z</time></trkpt>
  <trkpt lat="37.4135700" lon="-121.9957978"><ele>115</ele><time>2026-05-03T17:14:40.313800Z</time></trkpt>
  <trkpt lat="37.4135809" lon="-121.9958048"><ele>114</ele><time>2026-05-03T17:14:40.414814Z</time></trkpt>
  <trkpt lat="37.4135906" lon="-121.9958145"><ele>114</ele><time>2026-05-03T17:14:40.515153Z</time></trkpt>
  <trkpt lat="37.4135994" lon="-121.9958260"><ele>113</ele><time>2026-05-03T17:14:40.595690Z</time></trkpt>
  <trkpt lat="37.4136085" lon="-121.9958385"><ele>113</ele><time>2026-05-03T17:14:40.696507Z</time></trkpt>
  <trkpt lat="37.4136187" lon="-121.9958522"><ele>113</ele><time>2026-05-03T17:14:40.796628Z</time></trkpt>
  <trkpt lat="37.4136301" lon="-121.9958661"><ele>113</ele><time>2026-05-03T17:14:40.897276Z</time></trkpt>
  <trkpt lat="37.4136428" lon="-121.9958783"><ele>113</ele><time>2026-05-03T17:14:40.997836Z</time></trkpt>
  <trkpt lat="37.4136561" lon="-121.9958877"><ele>114</ele><time>2026-05-03T17:14:41.098656Z</time></trkpt>
  <trkpt lat="37.4136692" lon="-121.9958938"><ele>114</ele><time>2026-05-03T17:14:41.199646Z</time></trkpt>
  <trkpt lat="37.4136839" lon="-121.9958967"><ele>115</ele><time>2026-05-03T17:14:41.299393Z</time></trkpt>
  <trkpt lat="37.4136984" lon="-121.9958971"><ele>116</ele><time>2026-05-03T17:14:41.399804Z</time></trkpt>
  <trkpt lat="37.4137123" lon="-121.9958944"><ele>116</ele><time>2026-05-03T17:14:41.500704Z</time></trkpt>
  <trkpt lat="37.4137276" lon="-121.9958879"><ele>116</ele><time>2026-05-03T17:14:41.600865Z</time></trkpt>
  <trkpt lat="37.4137424" lon="-121.9958780"><ele>116</ele><time>2026-05-03T17:14:41.721473Z</time></trkpt>
  <trkpt lat="37.4137554" lon="-121.9958637"><ele>116</ele><time>2026-05-03T17:14:41.801609Z</time></trkpt>
  <trkpt lat="37.4137658" lon="-121.9958456"><ele>115</ele><time>2026-05-03T17:14:41.923458Z</time></trkpt>
  <trkpt lat="37.4137727" lon="-121.9958247"><ele>115</ele><time>2026-05-03T17:14:42.002916Z</time></trkpt>
  <trkpt lat="37.4137727" lon="-121.9958247"><ele>115</ele><time>2026-05-03T17:14:42.048896Z</time></trkpt>
  <trkpt lat="37.4137777" lon="-121.9958018"><ele>114</ele><time>2026-05-03T17:14:42.104025Z</time></trkpt>
  <trkpt lat="37.4137828" lon="-121.9957785"><ele>114</ele><time>2026-05-03T17:14:42.204188Z</time></trkpt>
  <trkpt lat="37.4137893" lon="-121.9957565"><ele>113</ele><time>2026-05-03T17:14:42.304429Z</time></trkpt>
  <trkpt lat="37.4137965" lon="-121.9957358"><ele>111</ele><time>2026-05-03T17:14:42.405283Z</time></trkpt>
  <trkpt lat="37.4138021" lon="-121.9957136"><ele>110</ele><time>2026-05-03T17:14:42.505504Z</time></trkpt>
  <trkpt lat="37.4138053" lon="-121.9956886"><ele>110</ele><time>2026-05-03T17:14:42.606176Z</time></trkpt>
  <trkpt lat="37.4138057" lon="-121.9956629"><ele>110</ele><time>2026-05-03T17:14:42.707158Z</time></trkpt>
  <trkpt lat="37.4138036" lon="-121.9956376"><ele>110</ele><time>2026-05-03T17:14:42.807928Z</time></trkpt>
  <trkpt lat="37.4137999" lon="-121.9956130"><ele>111</ele><time>2026-05-03T17:14:42.909244Z</time></trkpt>
  <trkpt lat="37.4137951" lon="-121.9955901"><ele>112</ele><time>2026-05-03T17:14:43.010244Z</time></trkpt>
  <trkpt lat="37.4137891" lon="-121.9955697"><ele>113</ele><time>2026-05-03T17:14:43.111590Z</time></trkpt>
  <trkpt lat="37.4137837" lon="-121.9955524"><ele>114</ele><time>2026-05-03T17:14:43.212146Z</time></trkpt>
  <trkpt lat="37.4137786" lon="-121.9955383"><ele>115</ele><time>2026-05-03T17:14:43.312746Z</time></trkpt>
  <trkpt lat="37.4137738" lon="-121.9955263"><ele>117</ele><time>2026-05-03T17:14:43.413836Z</time></trkpt>
  <trkpt lat="37.4137679" lon="-121.9955151"><ele>118</ele><time>2026-05-03T17:14:43.514490Z</time></trkpt>
  <trkpt lat="37.4137617" lon="-121.9955051"><ele>119</ele><time>2026-05-03T17:14:43.615232Z</time></trkpt>
  <trkpt lat="37.4137543" lon="-121.9954954"><ele>120</ele><time>2026-05-03T17:14:43.715502Z</time></trkpt>
  <trkpt lat="37.4137469" lon="-121.9954852"><ele>121</ele><time>2026-05-03T17:14:43.816044Z</time></trkpt>
  <trkpt lat="37.4137405" lon="-121.9954743"><ele>122</ele><time>2026-05-03T17:14:43.897527Z</time></trkpt>
  <trkpt lat="37.4137354" lon="-121.9954637"><ele>123</ele><time>2026-05-03T17:14:43.998486Z</time></trkpt>
  <trkpt lat="37.4137322" lon="-121.9954534"><ele>124</ele><time>2026-05-03T17:14:44.098870Z</time></trkpt>
  <trkpt lat="37.4137301" lon="-121.9954431"><ele>124</ele><time>2026-05-03T17:14:44.200198Z</time></trkpt>
  <trkpt lat="37.4137301" lon="-121.9954431"><ele>124</ele><time>2026-05-03T17:14:44.203745Z</time></trkpt>
  <trkpt lat="37.4137280" lon="-121.9954326"><ele>125</ele><time>2026-05-03T17:14:44.300520Z</time></trkpt>
  <trkpt lat="37.4137261" lon="-121.9954214"><ele>125</ele><time>2026-05-03T17:14:44.401152Z</time></trkpt>
  <trkpt lat="37.4137245" lon="-121.9954097"><ele>125</ele><time>2026-05-03T17:14:44.502676Z</time></trkpt>
  <trkpt lat="37.4137230" lon="-121.9953981"><ele>125</ele><time>2026-05-03T17:14:44.603071Z</time></trkpt>
  <trkpt lat="37.4137203" lon="-121.9953868"><ele>125</ele><time>2026-05-03T17:14:44.703527Z</time></trkpt>
  <trkpt lat="37.4137168" lon="-121.9953747"><ele>126</ele><time>2026-05-03T17:14:44.804316Z</time></trkpt>
  <trkpt lat="37.4137134" lon="-121.9953610"><ele>126</ele><time>2026-05-03T17:14:44.904625Z</time></trkpt>
  <trkpt lat="37.4137108" lon="-121.9953461"><ele>125</ele><time>2026-05-03T17:14:45.005125Z</time></trkpt>
  <trkpt lat="37.4137090" lon="-121.9953306"><ele>125</ele><time>2026-05-03T17:14:45.106619Z</time></trkpt>
  <trkpt lat="37.4137073" lon="-121.9953151"><ele>124</ele><time>2026-05-03T17:14:45.207951Z</time></trkpt>
  <trkpt lat="37.4137059" lon="-121.9953008"><ele>122</ele><time>2026-05-03T17:14:45.309237Z</time></trkpt>
  <trkpt lat="37.4137045" lon="-121.9952874"><ele>121</ele><time>2026-05-03T17:14:45.410313Z</time></trkpt>
  <trkpt lat="37.4137045" lon="-121.9952742"><ele>120</ele><time>2026-05-03T17:14:45.511269Z</time></trkpt>
  <trkpt lat="37.4137041" lon="-121.9952632"><ele>119</ele><time>2026-05-03T17:14:45.611110Z</time></trkpt>
  <trkpt lat="37.4137025" lon="-121.9952554"><ele>117</ele><time>2026-05-03T17:14:45.711078Z</time></trkpt>
  <trkpt lat="37.4136993" lon="-121.9952517"><ele>115</ele><time>2026-05-03T17:14:45.811577Z</time></trkpt>
  <trkpt lat="37.4136939" lon="-121.9952512"><ele>113</ele><time>2026-05-03T17:14:45.912004Z</time></trkpt>
  <trkpt lat="37.4136848" lon="-121.9952539"><ele>111</ele><time>2026-05-03T17:14:46.012573Z</time></trkpt>
  <trkpt lat="37.4136716" lon="-121.9952586"><ele>109</ele><time>2026-05-03T17:14:46.112884Z</time></trkpt>
  <trkpt lat="37.4136559" lon="-121.9952631"><ele>108</ele><time>2026-05-03T17:14:46.214174Z</time></trkpt>
  <trkpt lat="37.4136388" lon="-121.9952686"><ele>107</ele><time>2026-05-03T17:14:46.314671Z</time></trkpt>
  <trkpt lat="37.4136388" lon="-121.9952686"><ele>107</ele><time>2026-05-03T17:14:46.358877Z</time></trkpt>
  <trkpt lat="37.4136221" lon="-121.9952750"><ele>106</ele><time>2026-05-03T17:14:46.415297Z</time></trkpt>
  <trkpt lat="37.4136064" lon="-121.9952844"><ele>106</ele><time>2026-05-03T17:14:46.496268Z</time></trkpt>
  <trkpt lat="37.4135918" lon="-121.9952961"><ele>105</ele><time>2026-05-03T17:14:46.597028Z</time></trkpt>
  <trkpt lat="37.4135774" lon="-121.9953098"><ele>105</ele><time>2026-05-03T17:14:46.698440Z</time></trkpt>
  <trkpt lat="37.4135657" lon="-121.9953255"><ele>105</ele><time>2026-05-03T17:14:46.799562Z</time></trkpt>
  <trkpt lat="37.4135573" lon="-121.9953428"><ele>105</ele><time>2026-05-03T17:14:46.900611Z</time></trkpt>
  <trkpt lat="37.4135498" lon="-121.9953589"><ele>105</ele><time>2026-05-03T17:14:47.001971Z</time></trkpt>
  <trkpt lat="37.4135430" lon="-121.9953740"><ele>105</ele><time>2026-05-03T17:14:47.103153Z</time></trkpt>
  <trkpt lat="37.4135361" lon="-121.9953893"><ele>105</ele><time>2026-05-03T17:14:47.203731Z</time></trkpt>
  <trkpt lat="37.4135295" lon="-121.9954034"><ele>105</ele><time>2026-05-03T17:14:47.304745Z</time></trkpt>
  <trkpt lat="37.4135260" lon="-121.9954149"><ele>106</ele><time>2026-05-03T17:14:47.405150Z</time></trkpt>
  <trkpt lat="37.4135230" lon="-121.9954250"><ele>107</ele><time>2026-05-03T17:14:47.505936Z</time></trkpt>
  <trkpt lat="37.4135189" lon="-121.9954333"><ele>108</ele><time>2026-05-03T17:14:47.607042Z</time></trkpt>
  <trkpt lat="37.4135153" lon="-121.9954374"><ele>109</ele><time>2026-05-03T17:14:47.707711Z</time></trkpt>
  <trkpt lat="37.4135126" lon="-121.9954375"><ele>110</ele><time>2026-05-03T17:14:47.808521Z</time></trkpt>
  <trkpt lat="37.4135097" lon="-121.9954361"><ele>111</ele><time>2026-05-03T17:14:47.909699Z</time></trkpt>
  <trkpt lat="37.4135063" lon="-121.9954304"><ele>112</ele><time>2026-05-03T17:14:48.010332Z</time></trkpt>
  <trkpt lat="37.4135022" lon="-121.9954245"><ele>113</ele><time>2026-05-03T17:14:48.111178Z</time></trkpt>
  <trkpt lat="37.4134972" lon="-121.9954164"><ele>113</ele><time>2026-05-03T17:14:48.211893Z</time></trkpt>
  <trkpt lat="37.4134906" lon="-121.9954084"><ele>113</ele><time>2026-05-03T17:14:48.312679Z</time></trkpt>
  <trkpt lat="37.4134841" lon="-121.9953991"><ele>113</ele><time>2026-05-03T17:14:48.392922Z</time></trkpt>
  <trkpt lat="37.4134755" lon="-121.9953888"><ele>112</ele><time>2026-05-03T17:14:48.492993Z</time></trkpt>
  <trkpt lat="37.4134755" lon="-121.9953888"><ele>112</ele><time>2026-05-03T17:14:48.513511Z</time></trkpt>
  <trkpt lat="37.4134657" lon="-121.9953787"><ele>112</ele><time>2026-05-03T17:14:48.593488Z</time></trkpt>
  <trkpt lat="37.4134557" lon="-121.9953674"><ele>112</ele><time>2026-05-03T17:14:48.693936Z</time></trkpt>
  <trkpt lat="37.4134473" lon="-121.9953591"><ele>112</ele><time>2026-05-03T17:14:48.794482Z</time></trkpt>
  <trkpt lat="37.4134397" lon="-121.9953509"><ele>112</ele><time>2026-05-03T17:14:48.895398Z</time></trkpt>
  <trkpt lat="37.4134328" lon="-121.9953427"><ele>111</ele><time>2026-05-03T17:14:48.996804Z</time></trkpt>
  <trkpt lat="37.4134263" lon="-121.9953352"><ele>110</ele><time>2026-05-03T17:14:49.097143Z</time></trkpt>
  <trkpt lat="37.4134195" lon="-121.9953267"><ele>108</ele><time>2026-05-03T17:14:49.197602Z</time></trkpt>
  <trkpt lat="37.4134128" lon="-121.9953180"><ele>106</ele><time>2026-05-03T17:14:49.298168Z</time></trkpt>
  <trkpt lat="37.4134062" lon="-121.9953095"><ele>104</ele><time>2026-05-03T17:14:49.398956Z</time></trkpt>
  <trkpt lat="37.4133993" lon="-121.9952996"><ele>101</ele><time>2026-05-03T17:14:49.500406Z</time></trkpt>
  <trkpt lat="37.4133922" lon="-121.9952889"><ele>99</ele><time>2026-05-03T17:14:49.601092Z</time></trkpt>
  <trkpt lat="37.4133847" lon="-121.9952774"><ele>96</ele><time>2026-05-03T17:14:49.702157Z</time></trkpt>
  <trkpt lat="37.4133773" lon="-121.9952652"><ele>94</ele><time>2026-05-03T17:14:49.803869Z</time></trkpt>
  <trkpt lat="37.4133705" lon="-121.9952527"><ele>90</ele><time>2026-05-03T17:14:49.904129Z</time></trkpt>
  <trkpt lat="37.4133634" lon="-121.9952387"><ele>88</ele><time>2026-05-03T17:14:50.004664Z</time></trkpt>
  <trkpt lat="37.4133568" lon="-121.9952260"><ele>84</ele><time>2026-05-03T17:14:50.104816Z</time></trkpt>
  <trkpt lat="37.4133485" lon="-121.9952173"><ele>81</ele><time>2026-05-03T17:14:50.205476Z</time></trkpt>
  <trkpt lat="37.4133414" lon="-121.9952150"><ele>77</ele><time>2026-05-03T17:14:50.305986Z</time></trkpt>
  <trkpt lat="37.4133353" lon="-121.9952183"><ele>73</ele><time>2026-05-03T17:14:50.406891Z</time></trkpt>
  <trkpt lat="37.4133348" lon="-121.9952285"><ele>70</ele><time>2026-05-03T17:14:50.507129Z</time></trkpt>
  <trkpt lat="37.4133368" lon="-121.9952428"><ele>67</ele><time>2026-05-03T17:14:50.587817Z</time></trkpt>
  <trkpt lat="37.4133368" lon="-121.9952428"><ele>67</ele><time>2026-05-03T17:14:50.663116Z</time></trkpt>
  <trkpt lat="37.4133372" lon="-121.9952590"><ele>65</ele><time>2026-05-03T17:14:50.708358Z</time></trkpt>
  <trkpt lat="37.4133383" lon="-121.9952770"><ele>62</ele><time>2026-05-03T17:14:50.788770Z</time></trkpt>
  <trkpt lat="37.4133413" lon="-121.9952974"><ele>61</ele><time>2026-05-03T17:14:50.909394Z</time></trkpt>
  <trkpt lat="37.4133454" lon="-121.9953186"><ele>61</ele><time>2026-05-03T17:14:51.010544Z</time></trkpt>
  <trkpt lat="37.4133497" lon="-121.9953399"><ele>61</ele><time>2026-05-03T17:14:51.090554Z</time></trkpt>
  <trkpt lat="37.4133552" lon="-121.9953612"><ele>60</ele><time>2026-05-03T17:14:51.191442Z</time></trkpt>
  <trkpt lat="37.4133600" lon="-121.9953824"><ele>61</ele><time>2026-05-03T17:14:51.292128Z</time></trkpt>
  <trkpt lat="37.4133644" lon="-121.9954034"><ele>61</ele><time>2026-05-03T17:14:51.393263Z</time></trkpt>
  <trkpt lat="37.4133702" lon="-121.9954243"><ele>61</ele><time>2026-05-03T17:14:51.494663Z</time></trkpt>
  <trkpt lat="37.4133769" lon="-121.9954462"><ele>61</ele><time>2026-05-03T17:14:51.595186Z</time></trkpt>
  <trkpt lat="37.4133858" lon="-121.9954666"><ele>62</ele><time>2026-05-03T17:14:51.695579Z</time></trkpt>
  <trkpt lat="37.4133957" lon="-121.9954860"><ele>62</ele><time>2026-05-03T17:14:51.795859Z</time></trkpt>
  <trkpt lat="37.4134057" lon="-121.9955053"><ele>62</ele><time>2026-05-03T17:14:51.896561Z</time></trkpt>
  <trkpt lat="37.4134170" lon="-121.9955238"><ele>62</ele><time>2026-05-03T17:14:51.997537Z</time></trkpt>
  <trkpt lat="37.4134280" lon="-121.9955422"><ele>62</ele><time>2026-05-03T17:14:52.098210Z</time></trkpt>
  <trkpt lat="37.4134397" lon="-121.9955601"><ele>62</ele><time>2026-05-03T17:14:52.198792Z</time></trkpt>
  <trkpt lat="37.4134479" lon="-121.9955766"><ele>62</ele><time>2026-05-03T17:14:52.319566Z</time></trkpt>
  <trkpt lat="37.4134562" lon="-121.9955928"><ele>63</ele><time>2026-05-03T17:14:52.399667Z</time></trkpt>
  <trkpt lat="37.4134650" lon="-121.9956090"><ele>63</ele><time>2026-05-03T17:14:52.501287Z</time></trkpt>
  <trkpt lat="37.4134734" lon="-121.9956249"><ele>63</ele><time>2026-05-03T17:14:52.602011Z</time></trkpt>
  <trkpt lat="37.4134802" lon="-121.9956406"><ele>64</ele><time>2026-05-03T17:14:52.702368Z</time></trkpt>
  <trkpt lat="37.4134858" lon="-121.9956556"><ele>64</ele><time>2026-05-03T17:14:52.802820Z</time></trkpt>
  <trkpt lat="37.4134858" lon="-121.9956556"><ele>64</ele><time>2026-05-03T17:14:52.822882Z</time></trkpt>
  <trkpt lat="37.4134902" lon="-121.9956700"><ele>65</ele><time>2026-05-03T17:14:52.903746Z</time></trkpt>
  <trkpt lat="37.4134939" lon="-121.9956848"><ele>65</ele><time>2026-05-03T17:14:53.005036Z</time></trkpt>
  <trkpt lat="37.4134974" lon="-121.9956994"><ele>66</ele><time>2026-05-03T17:14:53.105812Z</time></trkpt>
  <trkpt lat="37.4135007" lon="-121.9957135"><ele>66</ele><time>2026-05-03T17:14:53.186071Z</time></trkpt>
  <trkpt lat="37.4135050" lon="-121.9957286"><ele>67</ele><time>2026-05-03T17:14:53.287266Z</time></trkpt>
  <trkpt lat="37.4135083" lon="-121.9957421"><ele>67</ele><time>2026-05-03T17:14:53.388190Z</time></trkpt>
  <trkpt lat="37.4135114" lon="-121.9957561"><ele>67</ele><time>2026-05-03T17:14:53.488973Z</time></trkpt>
  <trkpt lat="37.4135128" lon="-121.9957684"><ele>67</ele><time>2026-05-03T17:14:53.588636Z</time></trkpt>
  <trkpt lat="37.4135136" lon="-121.9957806"><ele>68</ele><time>2026-05-03T17:14:53.689215Z</time></trkpt>
  <trkpt lat="37.4135144" lon="-121.9957931"><ele>68</ele><time>2026-05-03T17:14:53.789677Z</time></trkpt>
  <trkpt lat="37.4135149" lon="-121.9958055"><ele>68</ele><time>2026-05-03T17:14:53.889825Z</time></trkpt>
  <trkpt lat="37.4135146" lon="-121.9958178"><ele>68</ele><time>2026-05-03T17:14:53.990035Z</time></trkpt>
  <trkpt lat="37.4135128" lon="-121.9958303"><ele>68</ele><time>2026-05-03T17:14:54.090952Z</time></trkpt>
  <trkpt lat="37.4135093" lon="-121.9958425"><ele>68</ele><time>2026-05-03T17:14:54.191783Z</time></trkpt>
  <trkpt lat="37.4135042" lon="-121.9958544"><ele>68</ele><time>2026-05-03T17:14:54.292385Z</time></trkpt>
  <trkpt lat="37.4134972" lon="-121.9958644"><ele>68</ele><time>2026-05-03T17:14:54.392763Z</time></trkpt>
  <trkpt lat="37.4134880" lon="-121.9958719"><ele>68</ele><time>2026-05-03T17:14:54.493457Z</time></trkpt>
  <trkpt lat="37.4134772" lon="-121.9958770"><ele>68</ele><time>2026-05-03T17:14:54.594146Z</time></trkpt>
  <trkpt lat="37.4134651" lon="-121.9958801"><ele>68</ele><time>2026-05-03T17:14:54.694759Z</time></trkpt>
  <trkpt lat="37.4134517" lon="-121.9958810"><ele>67</ele><time>2026-05-03T17:14:54.795770Z</time></trkpt>
  <trkpt lat="37.4134379" lon="-121.9958791"><ele>67</ele><time>2026-05-03T17:14:54.896348Z</time></trkpt>
  <trkpt lat="37.4134379" lon="-121.9958791"><ele>67</ele><time>2026-05-03T17:14:54.984369Z</time></trkpt>
  <trkpt lat="37.4134237" lon="-121.9958743"><ele>67</ele><time>2026-05-03T17:14:54.997018Z</time></trkpt>
  <trkpt lat="37.4134095" lon="-121.9958675"><ele>67</ele><time>2026-05-03T17:14:55.097578Z</time></trkpt>
  <trkpt lat="37.4133955" lon="-121.9958584"><ele>67</ele><time>2026-05-03T17:14:55.198642Z</time></trkpt>
  <trkpt lat="37.4133815" lon="-121.9958484"><ele>66</ele><time>2026-05-03T17:14:55.299205Z</time></trkpt>
  <trkpt lat="37.4133676" lon="-121.9958374"><ele>66</ele><time>2026-05-03T17:14:55.400547Z</time></trkpt>
  <trkpt lat="37.4133539" lon="-121.9958256"><ele>66</ele><time>2026-05-03T17:14:55.501415Z</time></trkpt>
  <trkpt lat="37.4133402" lon="-121.9958134"><ele>66</ele><time>2026-05-03T17:14:55.601431Z</time></trkpt>
  <trkpt lat="37.4133262" lon="-121.9958005"><ele>65</ele><time>2026-05-03T17:14:55.702755Z</time></trkpt>
  <trkpt lat="37.4133118" lon="-121.9957866"><ele>65</ele><time>2026-05-03T17:14:55.782362Z</time></trkpt>
  <trkpt lat="37.4132973" lon="-121.9957727"><ele>65</ele><time>2026-05-03T17:14:55.902382Z</time></trkpt>
  <trkpt lat="37.4132831" lon="-121.9957590"><ele>65</ele><time>2026-05-03T17:14:55.983040Z</time></trkpt>
  <trkpt lat="37.4132688" lon="-121.9957453"><ele>65</ele><time>2026-05-03T17:14:56.083656Z</time></trkpt>
  <trkpt lat="37.4132546" lon="-121.9957314"><ele>65</ele><time>2026-05-03T17:14:56.184145Z</time></trkpt>
  <trkpt lat="37.4132403" lon="-121.9957171"><ele>65</ele><time>2026-05-03T17:14:56.284698Z</time></trkpt>
  <trkpt lat="37.4132259" lon="-121.9957030"><ele>65</ele><time>2026-05-03T17:14:56.385114Z</time></trkpt>
  <trkpt lat="37.4132117" lon="-121.9956886"><ele>64</ele><time>2026-05-03T17:14:56.485152Z</time></trkpt>
  <trkpt lat="37.4131976" lon="-121.9956742"><ele>64</ele><time>2026-05-03T17:14:56.585740Z</time></trkpt>
  <trkpt lat="37.4131830" lon="-121.9956597"><ele>64</ele><time>2026-05-03T17:14:56.686956Z</time></trkpt>
  <trkpt lat="37.4131687" lon="-121.9956452"><ele>64</ele><time>2026-05-03T17:14:56.787447Z</time></trkpt>
  <trkpt lat="37.4131548" lon="-121.9956304"><ele>65</ele><time>2026-05-03T17:14:56.888267Z</time></trkpt>
  <trkpt lat="37.4131410" lon="-121.9956155"><ele>65</ele><time>2026-05-03T17:14:56.988790Z</time></trkpt>
  <trkpt lat="37.4131272" lon="-121.9956006"><ele>65</ele><time>2026-05-03T17:14:57.089269Z</time></trkpt>
  <trkpt lat="37.4131272" lon="-121.9956006"><ele>65</ele><time>2026-05-03T17:14:57.139526Z</time></trkpt>
  <trkpt lat="37.4131132" lon="-121.9955859"><ele>65</ele><time>2026-05-03T17:14:57.189428Z</time></trkpt>
  <trkpt lat="37.4130993" lon="-121.9955714"><ele>65</ele><time>2026-05-03T17:14:57.290505Z</time></trkpt>
  <trkpt lat="37.4130856" lon="-121.9955569"><ele>65</ele><time>2026-05-03T17:14:57.390822Z</time></trkpt>
  <trkpt lat="37.4130719" lon="-121.9955425"><ele>65</ele><time>2026-05-03T17:14:57.491192Z</time></trkpt>
  <trkpt lat="37.4130581" lon="-121.9955283"><ele>66</ele><time>2026-05-03T17:14:57.591506Z</time></trkpt>
  <trkpt lat="37.4130445" lon="-121.9955143"><ele>66</ele><time>2026-05-03T17:14:57.691977Z</time></trkpt>
  <trkpt lat="37.4130311" lon="-121.9955003"><ele>66</ele><time>2026-05-03T17:14:57.792495Z</time></trkpt>
  <trkpt lat="37.4130181" lon="-121.9954864"><ele>66</ele><time>2026-05-03T17:14:57.892446Z</time></trkpt>
  <trkpt lat="37.4130056" lon="-121.9954724"><ele>67</ele><time>2026-05-03T17:14:57.992980Z</time></trkpt>
  <trkpt lat="37.4129934" lon="-121.9954584"><ele>67</ele><time>2026-05-03T17:14:58.093928Z</time></trkpt>
  <trkpt lat="37.4129814" lon="-121.9954446"><ele>67</ele><time>2026-05-03T17:14:58.194777Z</time></trkpt>
  <trkpt lat="37.4129694" lon="-121.9954308"><ele>68</ele><time>2026-05-03T17:14:58.295678Z</time></trkpt>
  <trkpt lat="37.4129578" lon="-121.9954174"><ele>68</ele><time>2026-05-03T17:14:58.395187Z</time></trkpt>
  <trkpt lat="37.4129468" lon="-121.9954039"><ele>69</ele><time>2026-05-03T17:14:58.495852Z</time></trkpt>
  <trkpt lat="37.4129363" lon="-121.9953903"><ele>69</ele><time>2026-05-03T17:14:58.596241Z</time></trkpt>
  <trkpt lat="37.4129261" lon="-121.9953764"><ele>69</ele><time>2026-05-03T17:14:58.696993Z</time></trkpt>
  <trkpt lat="37.4129163" lon="-121.9953622"><ele>70</ele><time>2026-05-03T17:14:58.797504Z</time></trkpt>
  <trkpt lat="37.4129067" lon="-121.9953479"><ele>70</ele><time>2026-05-03T17:14:58.898131Z</time></trkpt>
  <trkpt lat="37.4128974" lon="-121.9953333"><ele>71</ele><time>2026-05-03T17:14:58.998549Z</time></trkpt>
  <trkpt lat="37.4128885" lon="-121.9953184"><ele>71</ele><time>2026-05-03T17:14:59.098988Z</time></trkpt>
  <trkpt lat="37.4128800" lon="-121.9953031"><ele>71</ele><time>2026-05-03T17:14:59.199527Z</time></trkpt>
  <trkpt lat="37.4128715" lon="-121.9952874"><ele>71</ele><time>2026-05-03T17:14:59.299656Z</time></trkpt>
  <trkpt lat="37.4128715" lon="-121.9952874"><ele>71</ele><time>2026-05-03T17:14:59.300155Z</time></trkpt>
  <trkpt lat="37.4128633" lon="-121.9952712"><ele>72</ele><time>2026-05-03T17:14:59.380979Z</time></trkpt>
  <trkpt lat="37.4128557" lon="-121.9952546"><ele>72</ele><time>2026-05-03T17:14:59.481414Z</time></trkpt>
  <trkpt lat="37.4128486" lon="-121.9952380"><ele>72</ele><time>2026-05-03T17:14:59.581360Z</time></trkpt>
  <trkpt lat="37.4128413" lon="-121.9952207"><ele>72</ele><time>2026-05-03T17:14:59.682156Z</time></trkpt>
  <trkpt lat="37.4128347" lon="-121.9952030"><ele>72</ele><time>2026-05-03T17:14:59.782747Z</time></trkpt>
  <trkpt lat="37.4128291" lon="-121.9951847"><ele>73</ele><time>2026-05-03T17:14:59.883691Z</time></trkpt>
  <trkpt lat="37.4128248" lon="-121.9951657"><ele>73</ele><time>2026-05-03T17:14:59.984682Z</time></trkpt>
  <trkpt lat="37.4128220" lon="-121.9951461"><ele>73</ele><time>2026-05-03T17:15:00.084165Z</time></trkpt>
  <trkpt lat="37.4128209" lon="-121.9951263"><ele>73</ele><time>2026-05-03T17:15:00.184585Z</time></trkpt>
  <trkpt lat="37.4128212" lon="-121.9951064"><ele>73</ele><time>2026-05-03T17:15:00.284984Z</time></trkpt>
  <trkpt lat="37.4128227" lon="-121.9950866"><ele>74</ele><time>2026-05-03T17:15:00.386093Z</time></trkpt>
  <trkpt lat="37.4128254" lon="-121.9950673"><ele>74</ele><time>2026-05-03T17:15:00.486750Z</time></trkpt>
  <trkpt lat="37.4128295" lon="-121.9950487"><ele>74</ele><time>2026-05-03T17:15:00.587600Z</time></trkpt>
  <trkpt lat="37.4128349" lon="-121.9950310"><ele>74</ele><time>2026-05-03T17:15:00.687930Z</time></trkpt>
  <trkpt lat="37.4128414" lon="-121.9950141"><ele>74</ele><time>2026-05-03T17:15:00.788807Z</time></trkpt>
  <trkpt lat="37.4128488" lon="-121.9949985"><ele>75</ele><time>2026-05-03T17:15:00.889192Z</time></trkpt>
  <trkpt lat="37.4128570" lon="-121.9949844"><ele>75</ele><time>2026-05-03T17:15:00.989746Z</time></trkpt>
  <trkpt lat="37.4128661" lon="-121.9949716"><ele>75</ele><time>2026-05-03T17:15:01.090108Z</time></trkpt>
  <trkpt lat="37.4128761" lon="-121.9949601"><ele>76</ele><time>2026-05-03T17:15:01.191215Z</time></trkpt>
  <trkpt lat="37.4128866" lon="-121.9949502"><ele>76</ele><time>2026-05-03T17:15:01.291667Z</time></trkpt>
  <trkpt lat="37.4128978" lon="-121.9949419"><ele>76</ele><time>2026-05-03T17:15:01.392064Z</time></trkpt>
  <trkpt lat="37.4128978" lon="-121.9949419"><ele>76</ele><time>2026-05-03T17:15:01.462734Z</time></trkpt>
  <trkpt lat="37.4129095" lon="-121.9949351"><ele>76</ele><time>2026-05-03T17:15:01.492724Z</time></trkpt>
  <trkpt lat="37.4129211" lon="-121.9949302"><ele>77</ele><time>2026-05-03T17:15:01.593075Z</time></trkpt>
  <trkpt lat="37.4129328" lon="-121.9949269"><ele>77</ele><time>2026-05-03T17:15:01.693162Z</time></trkpt>
  <trkpt lat="37.4129448" lon="-121.9949249"><ele>77</ele><time>2026-05-03T17:15:01.793845Z</time></trkpt>
  <trkpt lat="37.4129566" lon="-121.9949244"><ele>77</ele><time>2026-05-03T17:15:01.894246Z</time></trkpt>
  <trkpt lat="37.4129686" lon="-121.9949246"><ele>77</ele><time>2026-05-03T17:15:01.995713Z</time></trkpt>
  <trkpt lat="37.4129806" lon="-121.9949258"><ele>77</ele><time>2026-05-03T17:15:02.096687Z</time></trkpt>
  <trkpt lat="37.4129921" lon="-121.9949280"><ele>77</ele><time>2026-05-03T17:15:02.176731Z</time></trkpt>
  <trkpt lat="37.4130038" lon="-121.9949303"><ele>77</ele><time>2026-05-03T17:15:02.276807Z</time></trkpt>
  <trkpt lat="37.4130156" lon="-121.9949328"><ele>77</ele><time>2026-05-03T17:15:02.377516Z</time></trkpt>
  <trkpt lat="37.4130276" lon="-121.9949355"><ele>76</ele><time>2026-05-03T17:15:02.477917Z</time></trkpt>
  <trkpt lat="37.4130397" lon="-121.9949386"><ele>76</ele><time>2026-05-03T17:15:02.578627Z</time></trkpt>
  <trkpt lat="37.4130516" lon="-121.9949421"><ele>75</ele><time>2026-05-03T17:15:02.678805Z</time></trkpt>
  <trkpt lat="37.4130634" lon="-121.9949464"><ele>74</ele><time>2026-05-03T17:15:02.779631Z</time></trkpt>
  <trkpt lat="37.4130745" lon="-121.9949521"><ele>74</ele><time>2026-05-03T17:15:02.879935Z</time></trkpt>
  <trkpt lat="37.4130843" lon="-121.9949597"><ele>73</ele><time>2026-05-03T17:15:02.980159Z</time></trkpt>
  <trkpt lat="37.4130922" lon="-121.9949694"><ele>72</ele><time>2026-05-03T17:15:03.080461Z</time></trkpt>
  <trkpt lat="37.4130978" lon="-121.9949809"><ele>71</ele><time>2026-05-03T17:15:03.181056Z</time></trkpt>
  <trkpt lat="37.4131006" lon="-121.9949933"><ele>70</ele><time>2026-05-03T17:15:03.281514Z</time></trkpt>
  <trkpt lat="37.4131015" lon="-121.9950061"><ele>69</ele><time>2026-05-03T17:15:03.382219Z</time></trkpt>
  <trkpt lat="37.4130995" lon="-121.9950190"><ele>68</ele><time>2026-05-03T17:15:03.483129Z</time></trkpt>
  <trkpt lat="37.4130944" lon="-121.9950312"><ele>67</ele><time>2026-05-03T17:15:03.583804Z</time></trkpt>
  <trkpt lat="37.4130944" lon="-121.9950312"><ele>67</ele><time>2026-05-03T17:15:03.624884Z</time></trkpt>
  <trkpt lat="37.4130862" lon="-121.9950421"><ele>66</ele><time>2026-05-03T17:15:03.684499Z</time></trkpt>
  <trkpt lat="37.4130757" lon="-121.9950515"><ele>65</ele><time>2026-05-03T17:15:03.784631Z</time></trkpt>
  <trkpt lat="37.4130633" lon="-121.9950593"><ele>64</ele><time>2026-05-03T17:15:03.884972Z</time></trkpt>
  <trkpt lat="37.4130489" lon="-121.9950635"><ele>63</ele><time>2026-05-03T17:15:03.985561Z</time></trkpt>
  <trkpt lat="37.4130332" lon="-121.9950643"><ele>63</ele><time>2026-05-03T17:15:04.086264Z</time></trkpt>
  <trkpt lat="37.4130170" lon="-121.9950628"><ele>62</ele><time>2026-05-03T17:15:04.186821Z</time></trkpt>
  <trkpt lat="37.4130007" lon="-121.9950607"><ele>62</ele><time>2026-05-03T17:15:04.287756Z</time></trkpt>
  <trkpt lat="37.4129847" lon="-121.9950589"><ele>61</ele><time>2026-05-03T17:15:04.388023Z</time></trkpt>
  <trkpt lat="37.4129687" lon="-121.9950571"><ele>60</ele><time>2026-05-03T17:15:04.488440Z</time></trkpt>
  <trkpt lat="37.4129525" lon="-121.9950553"><ele>60</ele><time>2026-05-03T17:15:04.588794Z</time></trkpt>
  <trkpt lat="37.4129362" lon="-121.9950535"><ele>59</ele><time>2026-05-03T17:15:04.689890Z</time></trkpt>
  <trkpt lat="37.4129199" lon="-121.9950519"><ele>59</ele><time>2026-05-03T17:15:04.790411Z</time></trkpt>
  <trkpt lat="37.4129035" lon="-121.9950506"><ele>58</ele><time>2026-05-03T17:15:04.891025Z</time></trkpt>
  <trkpt lat="37.4128871" lon="-121.9950496"><ele>57</ele><time>2026-05-03T17:15:04.991395Z</time></trkpt>
  <trkpt lat="37.4128707" lon="-121.9950486"><ele>57</ele><time>2026-05-03T17:15:05.092444Z</time></trkpt>
  <trkpt lat="37.4128542" lon="-121.9950478"><ele>56</ele><time>2026-05-03T17:15:05.173017Z</time></trkpt>
  <trkpt lat="37.4128377" lon="-121.9950473"><ele>55</ele><time>2026-05-03T17:15:05.273776Z</time></trkpt>
  <trkpt lat="37.4128211" lon="-121.9950470"><ele>54</ele><time>2026-05-03T17:15:05.375105Z</time></trkpt>
  <trkpt lat="37.4128043" lon="-121.9950470"><ele>54</ele><time>2026-05-03T17:15:05.476287Z</time></trkpt>
  <trkpt lat="37.4127875" lon="-121.9950474"><ele>53</ele><time>2026-05-03T17:15:05.577421Z</time></trkpt>
  <trkpt lat="37.4127706" lon="-121.9950480"><ele>52</ele><time>2026-05-03T17:15:05.678398Z</time></trkpt>
  <trkpt lat="37.4127706" lon="-121.9950480"><ele>52</ele><time>2026-05-03T17:15:05.768808Z</time></trkpt>
  <trkpt lat="37.4127537" lon="-121.9950489"><ele>51</ele><time>2026-05-03T17:15:05.778874Z</time></trkpt>
  <trkpt lat="37.4127366" lon="-121.9950498"><ele>50</ele><time>2026-05-03T17:15:05.879603Z</time></trkpt>
  <trkpt lat="37.4127195" lon="-121.9950510"><ele>50</ele><time>2026-05-03T17:15:05.980700Z</time></trkpt>
  <trkpt lat="37.4127022" lon="-121.9950531"><ele>49</ele><time>2026-05-03T17:15:06.081376Z</time></trkpt>
  <trkpt lat="37.4126844" lon="-121.9950569"><ele>48</ele><time>2026-05-03T17:15:06.182748Z</time></trkpt>
  <trkpt lat="37.4126666" lon="-121.9950615"><ele>48</ele><time>2026-05-03T17:15:06.283673Z</time></trkpt>
  <trkpt lat="37.4126503" lon="-121.9950668"><ele>49</ele><time>2026-05-03T17:15:06.383306Z</time></trkpt>
  <trkpt lat="37.4126361" lon="-121.9950727"><ele>49</ele><time>2026-05-03T17:15:06.484540Z</time></trkpt>
  <trkpt lat="37.4126233" lon="-121.9950794"><ele>50</ele><time>2026-05-03T17:15:06.585198Z</time></trkpt>
  <trkpt lat="37.4126125" lon="-121.9950878"><ele>51</ele><time>2026-05-03T17:15:06.685202Z</time></trkpt>
  <trkpt lat="37.4126054" lon="-121.9950981"><ele>52</ele><time>2026-05-03T17:15:06.785874Z</time></trkpt>
  <trkpt lat="37.4126014" lon="-121.9951084"><ele>53</ele><time>2026-05-03T17:15:06.886062Z</time></trkpt>
  <trkpt lat="37.4126007" lon="-121.9951193"><ele>54</ele><time>2026-05-03T17:15:06.986783Z</time></trkpt>
  <trkpt lat="37.4126038" lon="-121.9951295"><ele>55</ele><time>2026-05-03T17:15:07.087221Z</time></trkpt>
  <trkpt lat="37.4126100" lon="-121.9951378"><ele>56</ele><time>2026-05-03T17:15:07.187613Z</time></trkpt>
  <trkpt lat="37.4126189" lon="-121.9951444"><ele>57</ele><time>2026-05-03T17:15:07.288031Z</time></trkpt>
  <trkpt lat="37.4126297" lon="-121.9951477"><ele>58</ele><time>2026-05-03T17:15:07.388293Z</time></trkpt>
  <trkpt lat="37.4126420" lon="-121.9951479"><ele>59</ele><time>2026-05-03T17:15:07.488754Z</time></trkpt>
  <trkpt lat="37.4126548" lon="-121.9951453"><ele>59</ele><time>2026-05-03T17:15:07.589016Z</time></trkpt>
  <trkpt lat="37.4126674" lon="-121.9951393"><ele>60</ele><time>2026-05-03T17:15:07.690008Z</time></trkpt>
  <trkpt lat="37.4126799" lon="-121.9951301"><ele>60</ele><time>2026-05-03T17:15:07.790885Z</time></trkpt>
  <trkpt lat="37.4126918" lon="-121.9951183"><ele>61</ele><time>2026-05-03T17:15:07.871342Z</time></trkpt>
  <trkpt lat="37.4126918" lon="-121.9951183"><ele>61</ele><time>2026-05-03T17:15:07.925012Z</time></trkpt>
  <trkpt lat="37.4127023" lon="-121.9951053"><ele>61</ele><time>2026-05-03T17:15:07.972018Z</time></trkpt>
  <trkpt lat="37.4127112" lon="-121.9950900"><ele>60</ele><time>2026-05-03T17:15:08.072218Z</time></trkpt>
  <trkpt lat="37.4127175" lon="-121.9950709"><ele>60</ele><time>2026-05-03T17:15:08.172719Z</time></trkpt>
  <trkpt lat="37.4127210" lon="-121.9950504"><ele>60</ele><time>2026-05-03T17:15:08.293053Z</time></trkpt>
  <trkpt lat="37.4127219" lon="-121.9950293"><ele>59</ele><time>2026-05-03T17:15:08.373292Z</time></trkpt>
  <trkpt lat="37.4127216" lon="-121.9950080"><ele>59</ele><time>2026-05-03T17:15:08.474344Z</time></trkpt>
  <trkpt lat="37.4127183" lon="-121.9949871"><ele>58</ele><time>2026-05-03T17:15:08.574975Z</time></trkpt>
  <trkpt lat="37.4127119" lon="-121.9949677"><ele>57</ele><time>2026-05-03T17:15:08.676039Z</time></trkpt>
  <trkpt lat="37.4127013" lon="-121.9949508"><ele>56</ele><time>2026-05-03T17:15:08.776567Z</time></trkpt>
  <trkpt lat="37.4126890" lon="-121.9949346"><ele>55</ele><time>2026-05-03T17:15:08.876635Z</time></trkpt>
  <trkpt lat="37.4126769" lon="-121.9949193"><ele>55</ele><time>2026-05-03T17:15:08.977203Z</time></trkpt>
  <trkpt lat="37.4126664" lon="-121.9949043"><ele>53</ele><time>2026-05-03T17:15:09.077442Z</time></trkpt>
  <trkpt lat="37.4126569" lon="-121.9948891"><ele>52</ele><time>2026-05-03T17:15:09.178092Z</time></trkpt>
  <trkpt lat="37.4126475" lon="-121.9948722"><ele>51</ele><time>2026-05-03T17:15:09.279307Z</time></trkpt>
  <trkpt lat="37.4126377" lon="-121.9948543"><ele>50</ele><time>2026-05-03T17:15:09.379750Z</time></trkpt>
  <trkpt lat="37.4126258" lon="-121.9948355"><ele>49</ele><time>2026-05-03T17:15:09.479762Z</time></trkpt>
  <trkpt lat="37.4126138" lon="-121.9948167"><ele>49</ele><time>2026-05-03T17:15:09.581355Z</time></trkpt>
  <trkpt lat="37.4126018" lon="-121.9947974"><ele>48</ele><time>2026-05-03T17:15:09.681311Z</time></trkpt>
  <trkpt lat="37.4125903" lon="-121.9947774"><ele>49</ele><time>2026-05-03T17:15:09.781533Z</time></trkpt>
  <trkpt lat="37.4125812" lon="-121.9947590"><ele>50</ele><time>2026-05-03T17:15:09.881844Z</time></trkpt>
  <trkpt lat="37.4125751" lon="-121.9947404"><ele>51</ele><time>2026-05-03T17:15:09.982531Z</time></trkpt>
  <trkpt lat="37.4125751" lon="-121.9947404"><ele>51</ele><time>2026-05-03T17:15:10.080875Z</time></trkpt>
  <trkpt lat="37.4125719" lon="-121.9947222"><ele>52</ele><time>2026-05-03T17:15:10.082992Z</time></trkpt>
  <trkpt lat="37.4125726" lon="-121.9947056"><ele>53</ele><time>2026-05-03T17:15:10.183052Z</time></trkpt>
  <trkpt lat="37.4125764" lon="-121.9946909"><ele>54</ele><time>2026-05-03T17:15:10.283422Z</time></trkpt>
  <trkpt lat="37.4125829" lon="-121.9946775"><ele>55</ele><time>2026-05-03T17:15:10.384161Z</time></trkpt>
  <trkpt lat="37.4125924" lon="-121.9946663"><ele>56</ele><time>2026-05-03T17:15:10.484537Z</time></trkpt>
  <trkpt lat="37.4126042" lon="-121.9946572"><ele>56</ele><time>2026-05-03T17:15:10.584812Z</time></trkpt>
  <trkpt lat="37.4126178" lon="-121.9946489"><ele>57</ele><time>2026-05-03T17:15:10.685342Z</time></trkpt>
  <trkpt lat="37.4126318" lon="-121.9946417"><ele>57</ele><time>2026-05-03T17:15:10.785965Z</time></trkpt>
  <trkpt lat="37.4126455" lon="-121.9946358"><ele>57</ele><time>2026-05-03T17:15:10.886245Z</time></trkpt>
  <trkpt lat="37.4126594" lon="-121.9946314"><ele>57</ele><time>2026-05-03T17:15:10.986884Z</time></trkpt>
  <trkpt lat="37.4126738" lon="-121.9946272"><ele>57</ele><time>2026-05-03T17:15:11.067309Z</time></trkpt>
  <trkpt lat="37.4126880" lon="-121.9946242"><ele>57</ele><time>2026-05-03T17:15:11.168194Z</time></trkpt>
  <trkpt lat="37.4127019" lon="-121.9946214"><ele>57</ele><time>2026-05-03T17:15:11.269262Z</time></trkpt>
  <trkpt lat="37.4127160" lon="-121.9946187"><ele>56</ele><time>2026-05-03T17:15:11.370092Z</time></trkpt>
  <trkpt lat="37.4127309" lon="-121.9946162"><ele>56</ele><time>2026-05-03T17:15:11.470070Z</time></trkpt>
  <trkpt lat="37.4127466" lon="-121.9946140"><ele>56</ele><time>2026-05-03T17:15:11.570841Z</time></trkpt>
  <trkpt lat="37.4127626" lon="-121.9946127"><ele>56</ele><time>2026-05-03T17:15:11.671706Z</time></trkpt>
  <trkpt lat="37.4127785" lon="-121.9946113"><ele>55</ele><time>2026-05-03T17:15:11.772205Z</time></trkpt>
  <trkpt lat="37.4127946" lon="-121.9946092"><ele>55</ele><time>2026-05-03T17:15:11.872599Z</time></trkpt>
  <trkpt lat="37.4128105" lon="-121.9946064"><ele>55</ele><time>2026-05-03T17:15:11.973344Z</time></trkpt>
  <trkpt lat="37.4128266" lon="-121.9946019"><ele>55</ele><time>2026-05-03T17:15:12.073872Z</time></trkpt>
  <trkpt lat="37.4128419" lon="-121.9945983"><ele>54</ele><time>2026-05-03T17:15:12.175167Z</time></trkpt>
  <trkpt lat="37.4128419" lon="-121.9945983"><ele>54</ele><time>2026-05-03T17:15:12.237268Z</time></trkpt>
  <trkpt lat="37.4128561" lon="-121.9945979"><ele>53</ele><time>2026-05-03T17:15:12.275785Z</time></trkpt>
  <trkpt lat="37.4128686" lon="-121.9946008"><ele>52</ele><time>2026-05-03T17:15:12.376340Z</time></trkpt>
  <trkpt lat="37.4128802" lon="-121.9946046"><ele>51</ele><time>2026-05-03T17:15:12.476589Z</time></trkpt>
  <trkpt lat="37.4128912" lon="-121.9946084"><ele>50</ele><time>2026-05-03T17:15:12.577356Z</time></trkpt>
  <trkpt lat="37.4129006" lon="-121.9946132"><ele>48</ele><time>2026-05-03T17:15:12.677753Z</time></trkpt>
  <trkpt lat="37.4129082" lon="-121.9946201"><ele>46</ele><time>2026-05-03T17:15:12.779166Z</time></trkpt>
  <trkpt lat="37.4129132" lon="-121.9946305"><ele>45</ele><time>2026-05-03T17:15:12.879843Z</time></trkpt>
  <trkpt lat="37.4129143" lon="-121.9946441"><ele>44</ele><time>2026-05-03T17:15:12.980256Z</time></trkpt>
  <trkpt lat="37.4129133" lon="-121.9946594"><ele>43</ele><time>2026-05-03T17:15:13.080853Z</time></trkpt>
  <trkpt lat="37.4129108" lon="-121.9946760"><ele>42</ele><time>2026-05-03T17:15:13.181067Z</time></trkpt>
  <trkpt lat="37.4129070" lon="-121.9946945"><ele>42</ele><time>2026-05-03T17:15:13.281625Z</time></trkpt>
  <trkpt lat="37.4129039" lon="-121.9947145"><ele>42</ele><time>2026-05-03T17:15:13.382010Z</time></trkpt>
  <trkpt lat="37.4129019" lon="-121.9947352"><ele>42</ele><time>2026-05-03T17:15:13.482596Z</time></trkpt>
  <trkpt lat="37.4129024" lon="-121.9947554"><ele>42</ele><time>2026-05-03T17:15:13.583409Z</time></trkpt>
  <trkpt lat="37.4129056" lon="-121.9947736"><ele>43</ele><time>2026-05-03T17:15:13.683940Z</time></trkpt>
  <trkpt lat="37.4129116" lon="-121.9947893"><ele>44</ele><time>2026-05-03T17:15:13.764504Z</time></trkpt>
  <trkpt lat="37.4129198" lon="-121.9948032"><ele>45</ele><time>2026-05-03T17:15:13.864721Z</time></trkpt>
  <trkpt lat="37.4129293" lon="-121.9948154"><ele>46</ele><time>2026-05-03T17:15:13.965315Z</time></trkpt>
  <trkpt lat="37.4129391" lon="-121.9948288"><ele>46</ele><time>2026-05-03T17:15:14.066188Z</time></trkpt>
  <trkpt lat="37.4129497" lon="-121.9948416"><ele>46</ele><time>2026-05-03T17:15:14.167023Z</time></trkpt>
  <trkpt lat="37.4129605" lon="-121.9948523"><ele>47</ele><time>2026-05-03T17:15:14.267512Z</time></trkpt>
  <trkpt lat="37.4129721" lon="-121.9948606"><ele>47</ele><time>2026-05-03T17:15:14.367741Z</time></trkpt>
  <trkpt lat="37.4129721" lon="-121.9948606"><ele>47</ele><time>2026-05-03T17:15:14.388685Z</time></trkpt>
  <trkpt lat="37.4129846" lon="-121.9948688"><ele>47</ele><time>2026-05-03T17:15:14.468274Z</time></trkpt>
  <trkpt lat="37.4129959" lon="-121.9948769"><ele>48</ele><time>2026-05-03T17:15:14.568845Z</time></trkpt>
  <trkpt lat="37.4130056" lon="-121.9948845"><ele>48</ele><time>2026-05-03T17:15:14.669877Z</time></trkpt>
  <trkpt lat="37.4130145" lon="-121.9948920"><ele>49</ele><time>2026-05-03T17:15:14.770343Z</time></trkpt>
  <trkpt lat="37.4130215" lon="-121.9948996"><ele>50</ele><time>2026-05-03T17:15:14.870530Z</time></trkpt>
  <trkpt lat="37.4130257" lon="-121.9949068"><ele>51</ele><time>2026-05-03T17:15:14.971192Z</time></trkpt>
  <trkpt lat="37.4130279" lon="-121.9949134"><ele>52</ele><time>2026-05-03T17:15:15.071664Z</time></trkpt>
  <trkpt lat="37.4130291" lon="-121.9949199"><ele>54</ele><time>2026-05-03T17:15:15.172438Z</time></trkpt>
  <trkpt lat="37.4130288" lon="-121.9949261"><ele>55</ele><time>2026-05-03T17:15:15.272554Z</time></trkpt>
  <trkpt lat="37.4130273" lon="-121.9949316"><ele>56</ele><time>2026-05-03T17:15:15.373240Z</time></trkpt>
  <trkpt lat="37.4130247" lon="-121.9949373"><ele>56</ele><time>2026-05-03T17:15:15.474162Z</time></trkpt>
  <trkpt lat="37.4130206" lon="-121.9949425"><ele>57</ele><time>2026-05-03T17:15:15.575033Z</time></trkpt>
  <trkpt lat="37.4130149" lon="-121.9949473"><ele>57</ele><time>2026-05-03T17:15:15.676099Z</time></trkpt>
  <trkpt lat="37.4130079" lon="-121.9949519"><ele>57</ele><time>2026-05-03T17:15:15.775931Z</time></trkpt>
  <trkpt lat="37.4129990" lon="-121.9949532"><ele>57</ele><time>2026-05-03T17:15:15.876363Z</time></trkpt>
  <trkpt lat="37.4129883" lon="-121.9949509"><ele>57</ele><time>2026-05-03T17:15:15.976900Z</time></trkpt>
  <trkpt lat="37.4129765" lon="-121.9949479"><ele>57</ele><time>2026-05-03T17:15:16.077292Z</time></trkpt>
  <trkpt lat="37.4129646" lon="-121.9949443"><ele>57</ele><time>2026-05-03T17:15:16.178397Z</time></trkpt>
  <trkpt lat="37.4129529" lon="-121.9949405"><ele>57</ele><time>2026-05-03T17:15:16.278944Z</time></trkpt>
  <trkpt lat="37.4129415" lon="-121.9949354"><ele>57</ele><time>2026-05-03T17:15:16.360305Z</time></trkpt>
  <trkpt lat="37.4129290" lon="-121.9949291"><ele>56</ele><time>2026-05-03T17:15:16.461328Z</time></trkpt>
  <trkpt lat="37.4129290" lon="-121.9949291"><ele>56</ele><time>2026-05-03T17:15:16.543133Z</time></trkpt>
  <trkpt lat="37.4129159" lon="-121.9949215"><ele>56</ele><time>2026-05-03T17:15:16.561974Z</time></trkpt>
  <trkpt lat="37.4129021" lon="-121.9949134"><ele>55</ele><time>2026-05-03T17:15:16.662845Z</time></trkpt>
  <trkpt lat="37.4128886" lon="-121.9949065"><ele>54</ele><time>2026-05-03T17:15:16.763208Z</time></trkpt>
  <trkpt lat="37.4128754" lon="-121.9948996"><ele>53</ele><time>2026-05-03T17:15:16.863331Z</time></trkpt>
  <trkpt lat="37.4128606" lon="-121.9948920"><ele>52</ele><time>2026-05-03T17:15:16.964026Z</time></trkpt>
  <trkpt lat="37.4128452" lon="-121.9948853"><ele>51</ele><time>2026-05-03T17:15:17.064575Z</time></trkpt>
  <trkpt lat="37.4128293" lon="-121.9948813"><ele>51</ele><time>2026-05-03T17:15:17.165355Z</time></trkpt>
  <trkpt lat="37.4128131" lon="-121.9948808"><ele>50</ele><time>2026-05-03T17:15:17.266379Z</time></trkpt>
  <trkpt lat="37.4127978" lon="-121.9948853"><ele>49</ele><time>2026-05-03T17:15:17.367160Z</time></trkpt>
  <trkpt lat="37.4127848" lon="-121.9948950"><ele>48</ele><time>2026-05-03T17:15:17.468643Z</time></trkpt>
  <trkpt lat="37.4127746" lon="-121.9949087"><ele>48</ele><time>2026-05-03T17:15:17.569817Z</time></trkpt>
  <trkpt lat="37.4127636" lon="-121.9949236"><ele>47</ele><time>2026-05-03T17:15:17.670612Z</time></trkpt>
  <trkpt lat="37.4127516" lon="-121.9949382"><ele>46</ele><time>2026-05-03T17:15:17.770778Z</time></trkpt>
  <trkpt lat="37.4127395" lon="-121.9949554"><ele>45</ele><time>2026-05-03T17:15:17.871225Z</time></trkpt>
  <trkpt lat="37.4127278" lon="-121.9949716"><ele>43</ele><time>2026-05-03T17:15:17.971689Z</time></trkpt>
  <trkpt lat="37.4127162" lon="-121.9949891"><ele>42</ele><time>2026-05-03T17:15:18.072385Z</time></trkpt>
  <trkpt lat="37.4127062" lon="-121.9950073"><ele>42</ele><time>2026-05-03T17:15:18.173056Z</time></trkpt>
  <trkpt lat="37.4126982" lon="-121.9950253"><ele>41</ele><time>2026-05-03T17:15:18.273461Z</time></trkpt>
  <trkpt lat="37.4126922" lon="-121.9950433"><ele>41</ele><time>2026-05-03T17:15:18.374618Z</time></trkpt>
  <trkpt lat="37.4126876" lon="-121.9950615"><ele>41</ele><time>2026-05-03T17:15:18.475333Z</time></trkpt>
  <trkpt lat="37.4126840" lon="-121.9950804"><ele>41</ele><time>2026-05-03T17:15:18.576132Z</time></trkpt>
  <trkpt lat="37.4126797" lon="-121.9950981"><ele>42</ele><time>2026-05-03T17:15:18.676699Z</time></trkpt>
  <trkpt lat="37.4126797" lon="-121.9950981"><ele>42</ele><time>2026-05-03T17:15:18.699075Z</time></trkpt>
  <trkpt lat="37.4126755" lon="-121.9951167"><ele>42</ele><time>2026-05-03T17:15:18.778569Z</time></trkpt>
  <trkpt lat="37.4126712" lon="-121.9951351"><ele>42</ele><time>2026-05-03T17:15:18.859209Z</time></trkpt>
  <trkpt lat="37.4126668" lon="-121.9951537"><ele>42</ele><time>2026-05-03T17:15:18.958752Z</time></trkpt>
  <trkpt lat="37.4126622" lon="-121.9951709"><ele>42</ele><time>2026-05-03T17:15:19.059283Z</time></trkpt>
  <trkpt lat="37.4126560" lon="-121.9951859"><ele>44</ele><time>2026-05-03T17:15:19.159543Z</time></trkpt>
  <trkpt lat="37.4126482" lon="-121.9952007"><ele>45</ele><time>2026-05-03T17:15:19.260278Z</time></trkpt>
  <trkpt lat="37.4126394" lon="-121.9952124"><ele>46</ele><time>2026-05-03T17:15:19.360804Z</time></trkpt>
  <trkpt lat="37.4126308" lon="-121.9952227"><ele>47</ele><time>2026-05-03T17:15:19.461465Z</time></trkpt>
  <trkpt lat="37.4126218" lon="-121.9952312"><ele>48</ele><time>2026-05-03T17:15:19.561942Z</time></trkpt>
  <trkpt lat="37.4126132" lon="-121.9952429"><ele>48</ele><time>2026-05-03T17:15:19.662442Z</time></trkpt>
  <trkpt lat="37.4126042" lon="-121.9952563"><ele>48</ele><time>2026-05-03T17:15:19.762994Z</time></trkpt>
  <trkpt lat="37.4125957" lon="-121.9952694"><ele>48</ele><time>2026-05-03T17:15:19.863761Z</time></trkpt>
  <trkpt lat="37.4125874" lon="-121.9952837"><ele>48</ele><time>2026-05-03T17:15:19.964219Z</time></trkpt>
  <trkpt lat="37.4125789" lon="-121.9952979"><ele>48</ele><time>2026-05-03T17:15:20.064839Z</time></trkpt>
  <trkpt lat="37.4125698" lon="-121.9953115"><ele>48</ele><time>2026-05-03T17:15:20.165650Z</time></trkpt>
  <trkpt lat="37.4125612" lon="-121.9953243"><ele>48</ele><time>2026-05-03T17:15:20.266234Z</time></trkpt>
  <trkpt lat="37.4125545" lon="-121.9953376"><ele>49</ele><time>2026-05-03T17:15:20.367162Z</time></trkpt>
  <trkpt lat="37.4125507" lon="-121.9953506"><ele>49</ele><time>2026-05-03T17:15:20.468125Z</time></trkpt>
  <trkpt lat="37.4125501" lon="-121.9953653"><ele>50</ele><time>2026-05-03T17:15:20.568922Z</time></trkpt>
  <trkpt lat="37.4125513" lon="-121.9953807"><ele>50</ele><time>2026-05-03T17:15:20.669438Z</time></trkpt>
  <trkpt lat="37.4125543" lon="-121.9953965"><ele>50</ele><time>2026-05-03T17:15:20.770124Z</time></trkpt>
  <trkpt lat="37.4125543" lon="-121.9953965"><ele>50</ele><time>2026-05-03T17:15:20.852167Z</time></trkpt>
  <trkpt lat="37.4125598" lon="-121.9954113"><ele>50</ele><time>2026-05-03T17:15:20.870681Z</time></trkpt>
  <trkpt lat="37.4125684" lon="-121.9954240"><ele>50</ele><time>2026-05-03T17:15:20.971941Z</time></trkpt>
  <trkpt lat="37.4125803" lon="-121.9954340"><ele>50</ele><time>2026-05-03T17:15:21.072232Z</time></trkpt>
  <trkpt lat="37.4125947" lon="-121.9954413"><ele>49</ele><time>2026-05-03T17:15:21.173318Z</time></trkpt>
  <trkpt lat="37.4126104" lon="-121.9954480"><ele>49</ele><time>2026-05-03T17:15:21.273858Z</time></trkpt>
  <trkpt lat="37.4126262" lon="-121.9954563"><ele>48</ele><time>2026-05-03T17:15:21.374474Z</time></trkpt>
  <trkpt lat="37.4126422" lon="-121.9954649"><ele>47</ele><time>2026-05-03T17:15:21.455841Z</time></trkpt>
  <trkpt lat="37.4126566" lon="-121.9954754"><ele>46</ele><time>2026-05-03T17:15:21.556357Z</time></trkpt>
  <trkpt lat="37.4126705" lon="-121.9954869"><ele>45</ele><time>2026-05-03T17:15:21.657017Z</time></trkpt>
  <trkpt lat="37.4126851" lon="-121.9954980"><ele>45</ele><time>2026-05-03T17:15:21.758173Z</time></trkpt>
  <trkpt lat="37.4127027" lon="-121.9955076"><ele>44</ele><time>2026-05-03T17:15:21.858614Z</time></trkpt>
  <trkpt lat="37.4127222" lon="-121.9955148"><ele>44</ele><time>2026-05-03T17:15:21.959246Z</time></trkpt>
  <trkpt lat="37.4127418" lon="-121.9955198"><ele>44</ele><time>2026-05-03T17:15:22.059624Z</time></trkpt>
  <trkpt lat="37.4127607" lon="-121.9955230"><ele>45</ele><time>2026-05-03T17:15:22.160163Z</time></trkpt>
  <trkpt lat="37.4127781" lon="-121.9955252"><ele>45</ele><time>2026-05-03T17:15:22.260874Z</time></trkpt>
  <trkpt lat="37.4127937" lon="-121.9955254"><ele>46</ele><time>2026-05-03T17:15:22.361539Z</time></trkpt>
  <trkpt lat="37.4128070" lon="-121.9955240"><ele>47</ele><time>2026-05-03T17:15:22.462337Z</time></trkpt>
  <trkpt lat="37.4128179" lon="-121.9955217"><ele>48</ele><time>2026-05-03T17:15:22.563002Z</time></trkpt>
  <trkpt lat="37.4128289" lon="-121.9955189"><ele>49</ele><time>2026-05-03T17:15:22.664124Z</time></trkpt>
  <trkpt lat="37.4128398" lon="-121.9955176"><ele>50</ele><time>2026-05-03T17:15:22.765404Z</time></trkpt>
  <trkpt lat="37.4128541" lon="-121.9955173"><ele>51</ele><time>2026-05-03T17:15:22.866032Z</time></trkpt>
  <trkpt lat="37.4128672" lon="-121.9955175"><ele>51</ele><time>2026-05-03T17:15:22.966390Z</time></trkpt>
  <trkpt lat="37.4128672" lon="-121.9955175"><ele>51</ele><time>2026-05-03T17:15:23.007192Z</time></trkpt>
  <trkpt lat="37.4128801" lon="-121.9955159"><ele>52</ele><time>2026-05-03T17:15:23.067406Z</time></trkpt>
  <trkpt lat="37.4128932" lon="-121.9955119"><ele>52</ele><time>2026-05-03T17:15:23.168273Z</time></trkpt>
  <trkpt lat="37.4129050" lon="-121.9955059"><ele>53</ele><time>2026-05-03T17:15:23.268028Z</time></trkpt>
  <trkpt lat="37.4129156" lon="-121.9954969"><ele>54</ele><time>2026-05-03T17:15:23.369842Z</time></trkpt>
  <trkpt lat="37.4129267" lon="-121.9954851"><ele>55</ele><time>2026-05-03T17:15:23.469844Z</time></trkpt>
  <trkpt lat="37.4129363" lon="-121.9954697"><ele>55</ele><time>2026-05-03T17:15:23.570589Z</time></trkpt>
  <trkpt lat="37.4129432" lon="-121.9954524"><ele>55</ele><time>2026-05-03T17:15:23.650999Z</time></trkpt>
  <trkpt lat="37.4129506" lon="-121.9954343"><ele>55</ele><time>2026-05-03T17:15:23.771622Z</time></trkpt>
  <trkpt lat="37.4129581" lon="-121.9954141"><ele>55</ele><time>2026-05-03T17:15:23.852002Z</time></trkpt>
  <trkpt lat="37.4129654" lon="-121.9953932"><ele>55</ele><time>2026-05-03T17:15:23.953053Z</time></trkpt>
  <trkpt lat="37.4129732" lon="-121.9953724"><ele>55</ele><time>2026-05-03T17:15:24.053418Z</time></trkpt>
  <trkpt lat="37.4129806" lon="-121.9953524"><ele>55</ele><time>2026-05-03T17:15:24.154277Z</time></trkpt>
  <trkpt lat="37.4129875" lon="-121.9953342"><ele>55</ele><time>2026-05-03T17:15:24.254581Z</time></trkpt>
  <trkpt lat="37.4129942" lon="-121.9953173"><ele>55</ele><time>2026-05-03T17:15:24.354820Z</time></trkpt>
  <trkpt lat="37.4129980" lon="-121.9952992"><ele>55</ele><time>2026-05-03T17:15:24.455578Z</time></trkpt>
  <trkpt lat="37.4130010" lon="-121.9952814"><ele>54</ele><time>2026-05-03T17:15:24.555805Z</time></trkpt>
  <trkpt lat="37.4130025" lon="-121.9952634"><ele>53</ele><time>2026-05-03T17:15:24.656621Z</time></trkpt>
  <trkpt lat="37.4130014" lon="-121.9952450"><ele>53</ele><time>2026-05-03T17:15:24.757283Z</time></trkpt>
  <trkpt lat="37.4129979" lon="-121.9952272"><ele>52</ele><time>2026-05-03T17:15:24.857689Z</time></trkpt>
  <trkpt lat="37.4129922" lon="-121.9952094"><ele>51</ele><time>2026-05-03T17:15:24.958126Z</time></trkpt>
  <trkpt lat="37.4129847" lon="-121.9951931"><ele>50</ele><time>2026-05-03T17:15:25.059124Z</time></trkpt>
  <trkpt lat="37.4129744" lon="-121.9951788"><ele>50</ele><time>2026-05-03T17:15:25.160381Z</time></trkpt>
  <trkpt lat="37.4129744" lon="-121.9951788"><ele>50</ele><time>2026-05-03T17:15:25.161383Z</time></trkpt>
  <trkpt lat="37.4129618" lon="-121.9951666"><ele>49</ele><time>2026-05-03T17:15:25.261456Z</time></trkpt>
  <trkpt lat="37.4129485" lon="-121.9951560"><ele>49</ele><time>2026-05-03T17:15:25.362292Z</time></trkpt>
  <trkpt lat="37.4129348" lon="-121.9951471"><ele>48</ele><time>2026-05-03T17:15:25.463644Z</time></trkpt>
  <trkpt lat="37.4129209" lon="-121.9951399"><ele>48</ele><time>2026-05-03T17:15:25.564504Z</time></trkpt>
  <trkpt lat="37.4129075" lon="-121.9951338"><ele>49</ele><time>2026-05-03T17:15:25.664451Z</time></trkpt>
  <trkpt lat="37.4128945" lon="-121.9951286"><ele>49</ele><time>2026-05-03T17:15:25.764985Z</time></trkpt>
  <trkpt lat="37.4128817" lon="-121.9951244"><ele>49</ele><time>2026-05-03T17:15:25.865618Z</time></trkpt>
  <trkpt lat="37.4128694" lon="-121.9951206"><ele>49</ele><time>2026-05-03T17:15:25.965959Z</time></trkpt>
  <trkpt lat="37.4128572" lon="-121.9951169"><ele>50</ele><time>2026-05-03T17:15:26.066504Z</time></trkpt>
  <trkpt lat="37.4128457" lon="-121.9951129"><ele>50</ele><time>2026-05-03T17:15:26.166815Z</time></trkpt>
  <trkpt lat="37.4128350" lon="-121.9951085"><ele>51</ele><time>2026-05-03T17:15:26.267611Z</time></trkpt>
  <trkpt lat="37.4128246" lon="-121.9951042"><ele>51</ele><time>2026-05-03T17:15:26.368600Z</time></trkpt>
  <trkpt lat="37.4128145" lon="-121.9951006"><ele>51</ele><time>2026-05-03T17:15:26.447825Z</time></trkpt>
  <trkpt lat="37.4128052" lon="-121.9950970"><ele>51</ele><time>2026-05-03T17:15:26.548659Z</time></trkpt>
  <trkpt lat="37.4127961" lon="-121.9950925"><ele>51</ele><time>2026-05-03T17:15:26.649785Z</time></trkpt>
  <trkpt lat="37.4127876" lon="-121.9950869"><ele>51</ele><time>2026-05-03T17:15:26.749929Z</time></trkpt>
  <trkpt lat="37.4127794" lon="-121.9950805"><ele>51</ele><time>2026-05-03T17:15:26.850395Z</time></trkpt>
  <trkpt lat="37.4127713" lon="-121.9950740"><ele>51</ele><time>2026-05-03T17:15:26.951080Z</time></trkpt>
  <trkpt lat="37.4127634" lon="-121.9950672"><ele>51</ele><time>2026-05-03T17:15:27.051727Z</time></trkpt>
  <trkpt lat="37.4127556" lon="-121.9950601"><ele>51</ele><time>2026-05-03T17:15:27.152519Z</time></trkpt>
  <trkpt lat="37.4127477" lon="-121.9950519"><ele>51</ele><time>2026-05-03T17:15:27.253163Z</time></trkpt>
  <trkpt lat="37.4127477" lon="-121.9950519"><ele>51</ele><time>2026-05-03T17:15:27.321722Z</time></trkpt>
  <trkpt lat="37.4127404" lon="-121.9950430"><ele>51</ele><time>2026-05-03T17:15:27.353484Z</time></trkpt>
  <trkpt lat="37.4127336" lon="-121.9950336"><ele>50</ele><time>2026-05-03T17:15:27.455280Z</time></trkpt>
  <trkpt lat="37.4127272" lon="-121.9950237"><ele>50</ele><time>2026-05-03T17:15:27.556000Z</time></trkpt>
  <trkpt lat="37.4127205" lon="-121.9950133"><ele>50</ele><time>2026-05-03T17:15:27.656538Z</time></trkpt>
  <trkpt lat="37.4127132" lon="-121.9950024"><ele>49</ele><time>2026-05-03T17:15:27.757532Z</time></trkpt>
  <trkpt lat="37.4127059" lon="-121.9949908"><ele>48</ele><time>2026-05-03T17:15:27.857825Z</time></trkpt>
  <trkpt lat="37.4126986" lon="-121.9949783"><ele>48</ele><time>2026-05-03T17:15:27.958212Z</time></trkpt>
  <trkpt lat="37.4126918" lon="-121.9949642"><ele>47</ele><time>2026-05-03T17:15:28.058698Z</time></trkpt>
  <trkpt lat="37.4126858" lon="-121.9949484"><ele>46</ele><time>2026-05-03T17:15:28.159299Z</time></trkpt>
  <trkpt lat="37.4126800" lon="-121.9949317"><ele>46</ele><time>2026-05-03T17:15:28.259493Z</time></trkpt>
  <trkpt lat="37.4126743" lon="-121.9949144"><ele>45</ele><time>2026-05-03T17:15:28.360150Z</time></trkpt>
  <trkpt lat="37.4126686" lon="-121.9948968"><ele>44</ele><time>2026-05-03T17:15:28.460499Z</time></trkpt>
  <trkpt lat="37.4126635" lon="-121.9948785"><ele>43</ele><time>2026-05-03T17:15:28.560862Z</time></trkpt>
  <trkpt lat="37.4126588" lon="-121.9948592"><ele>42</ele><time>2026-05-03T17:15:28.661502Z</time></trkpt>
  <trkpt lat="37.4126541" lon="-121.9948392"><ele>41</ele><time>2026-05-03T17:15:28.761594Z</time></trkpt>
  <trkpt lat="37.4126493" lon="-121.9948190"><ele>40</ele><time>2026-05-03T17:15:28.861654Z</time></trkpt>
  <trkpt lat="37.4126443" lon="-121.9947989"><ele>39</ele><time>2026-05-03T17:15:28.962865Z</time></trkpt>
  <trkpt lat="37.4126392" lon="-121.9947788"><ele>38</ele><time>2026-05-03T17:15:29.063585Z</time></trkpt>
  <trkpt lat="37.4126342" lon="-121.9947591"><ele>37</ele><time>2026-05-03T17:15:29.144196Z</time></trkpt>
  <trkpt lat="37.4126289" lon="-121.9947394"><ele>36</ele><time>2026-05-03T17:15:29.244972Z</time></trkpt>
  <trkpt lat="37.4126232" lon="-121.9947194"><ele>34</ele><time>2026-05-03T17:15:29.345229Z</time></trkpt>
  <trkpt lat="37.4126169" lon="-121.9946986"><ele>33</ele><time>2026-05-03T17:15:29.445900Z</time></trkpt>
  <trkpt lat="37.4126169" lon="-121.9946986"><ele>33</ele><time>2026-05-03T17:15:29.472245Z</time></trkpt>
  <trkpt lat="37.4126102" lon="-121.9946767"><ele>32</ele><time>2026-05-03T17:15:29.546194Z</time></trkpt>
  <trkpt lat="37.4126033" lon="-121.9946536"><ele>32</ele><time>2026-05-03T17:15:29.646905Z</time></trkpt>
  <trkpt lat="37.4125965" lon="-121.9946296"><ele>32</ele><time>2026-05-03T17:15:29.747003Z</time></trkpt>
  <trkpt lat="37.4125896" lon="-121.9946052"><ele>32</ele><time>2026-05-03T17:15:29.847124Z</time></trkpt>
  <trkpt lat="37.4125831" lon="-121.9945806"><ele>32</ele><time>2026-05-03T17:15:29.947760Z</time></trkpt>
  <trkpt lat="37.4125770" lon="-121.9945560"><ele>32</ele><time>2026-05-03T17:15:30.048265Z</time></trkpt>
  <trkpt lat="37.4125711" lon="-121.9945317"><ele>32</ele><time>2026-05-03T17:15:30.148858Z</time></trkpt>
  <trkpt lat="37.4125655" lon="-121.9945075"><ele>32</ele><time>2026-05-03T17:15:30.249613Z</time></trkpt>
  <trkpt lat="37.4125605" lon="-121.9944832"><ele>32</ele><time>2026-05-03T17:15:30.350121Z</time></trkpt>
  <trkpt lat="37.4125567" lon="-121.9944591"><ele>33</ele><time>2026-05-03T17:15:30.450799Z</time></trkpt>
  <trkpt lat="37.4125546" lon="-121.9944350"><ele>33</ele><time>2026-05-03T17:15:30.551801Z</time></trkpt>
  <trkpt lat="37.4125544" lon="-121.9944111"><ele>33</ele><time>2026-05-03T17:15:30.652302Z</time></trkpt>
  <trkpt lat="37.4125558" lon="-121.9943876"><ele>33</ele><time>2026-05-03T17:15:30.753682Z</time></trkpt>
  <trkpt lat="37.4125586" lon="-121.9943648"><ele>34</ele><time>2026-05-03T17:15:30.855053Z</time></trkpt>
  <trkpt lat="37.4125625" lon="-121.9943431"><ele>34</ele><time>2026-05-03T17:15:30.955895Z</time></trkpt>
  <trkpt lat="37.4125673" lon="-121.9943222"><ele>35</ele><time>2026-05-03T17:15:31.056292Z</time></trkpt>
  <trkpt lat="37.4125732" lon="-121.9943022"><ele>35</ele><time>2026-05-03T17:15:31.157331Z</time></trkpt>
  <trkpt lat="37.4125803" lon="-121.9942838"><ele>36</ele><time>2026-05-03T17:15:31.257413Z</time></trkpt>
  <trkpt lat="37.4125886" lon="-121.9942670"><ele>36</ele><time>2026-05-03T17:15:31.357546Z</time></trkpt>
  <trkpt lat="37.4125979" lon="-121.9942520"><ele>37</ele><time>2026-05-03T17:15:31.458081Z</time></trkpt>
  <trkpt lat="37.4126082" lon="-121.9942391"><ele>37</ele><time>2026-05-03T17:15:31.558321Z</time></trkpt>
  <trkpt lat="37.4126082" lon="-121.9942391"><ele>37</ele><time>2026-05-03T17:15:31.635140Z</time></trkpt>
  <trkpt lat="37.4126190" lon="-121.9942277"><ele>38</ele><time>2026-05-03T17:15:31.658728Z</time></trkpt>
  <trkpt lat="37.4126300" lon="-121.9942178"><ele>38</ele><time>2026-05-03T17:15:31.758981Z</time></trkpt>
  <trkpt lat="37.4126413" lon="-121.9942100"><ele>39</ele><time>2026-05-03T17:15:31.859896Z</time></trkpt>
  <trkpt lat="37.4126527" lon="-121.9942040"><ele>40</ele><time>2026-05-03T17:15:31.960640Z</time></trkpt>
  <trkpt lat="37.4126639" lon="-121.9942001"><ele>40</ele><time>2026-05-03T17:15:32.061141Z</time></trkpt>
  <trkpt lat="37.4126749" lon="-121.9941975"><ele>41</ele><time>2026-05-03T17:15:32.141849Z</time></trkpt>
  <trkpt lat="37.4126854" lon="-121.9941961"><ele>41</ele><time>2026-05-03T17:15:32.242440Z</time></trkpt>
  <trkpt lat="37.4126959" lon="-121.9941958"><ele>42</ele><time>2026-05-03T17:15:32.343233Z</time></trkpt>
  <trkpt lat="37.4127060" lon="-121.9941963"><ele>43</ele><time>2026-05-03T17:15:32.443673Z</time></trkpt>
  <trkpt lat="37.4127161" lon="-121.9941973"><ele>43</ele><time>2026-05-03T17:15:32.544052Z</time></trkpt>
  <trkpt lat="37.4127262" lon="-121.9941986"><ele>44</ele><time>2026-05-03T17:15:32.644556Z</time></trkpt>
  <trkpt lat="37.4127366" lon="-121.9942004"><ele>44</ele><time>2026-05-03T17:15:32.745355Z</time></trkpt>
  <trkpt lat="37.4127468" lon="-121.9942025"><ele>44</ele><time>2026-05-03T17:15:32.846268Z</time></trkpt>
  <trkpt lat="37.4127570" lon="-121.9942049"><ele>44</ele><time>2026-05-03T17:15:32.947254Z</time></trkpt>
  <trkpt lat="37.4127672" lon="-121.9942080"><ele>45</ele><time>2026-05-03T17:15:33.047451Z</time></trkpt>
  <trkpt lat="37.4127771" lon="-121.9942120"><ele>45</ele><time>2026-05-03T17:15:33.147526Z</time></trkpt>
  <trkpt lat="37.4127871" lon="-121.9942162"><ele>45</ele><time>2026-05-03T17:15:33.248032Z</time></trkpt>
  <trkpt lat="37.4127972" lon="-121.9942213"><ele>45</ele><time>2026-05-03T17:15:33.348702Z</time></trkpt>
  <trkpt lat="37.4128072" lon="-121.9942270"><ele>45</ele><time>2026-05-03T17:15:33.449283Z</time></trkpt>
  <trkpt lat="37.4128170" lon="-121.9942334"><ele>45</ele><time>2026-05-03T17:15:33.550056Z</time></trkpt>
  <trkpt lat="37.4128264" lon="-121.9942404"><ele>45</ele><time>2026-05-03T17:15:33.650497Z</time></trkpt>
  <trkpt lat="37.4128357" lon="-121.9942479"><ele>44</ele><time>2026-05-03T17:15:33.752106Z</time></trkpt>
  <trkpt lat="37.4128357" lon="-121.9942479"><ele>44</ele><time>2026-05-03T17:15:33.781455Z</time></trkpt>
  <trkpt lat="37.4128450" lon="-121.9942558"><ele>44</ele><time>2026-05-03T17:15:33.852393Z</time></trkpt>
  <trkpt lat="37.4128542" lon="-121.9942641"><ele>44</ele><time>2026-05-03T17:15:33.952912Z</time></trkpt>
  <trkpt lat="37.4128631" lon="-121.9942731"><ele>44</ele><time>2026-05-03T17:15:34.053305Z</time></trkpt>
  <trkpt lat="37.4128717" lon="-121.9942826"><ele>44</ele><time>2026-05-03T17:15:34.153383Z</time></trkpt>
  <trkpt lat="37.4128799" lon="-121.9942922"><ele>44</ele><time>2026-05-03T17:15:34.254080Z</time></trkpt>
  <trkpt lat="37.4128871" lon="-121.9943018"><ele>44</ele><time>2026-05-03T17:15:34.354610Z</time></trkpt>
  <trkpt lat="37.4128936" lon="-121.9943112"><ele>45</ele><time>2026-05-03T17:15:34.454724Z</time></trkpt>
  <trkpt lat="37.4128994" lon="-121.9943204"><ele>45</ele><time>2026-05-03T17:15:34.555172Z</time></trkpt>
  <trkpt lat="37.4129044" lon="-121.9943293"><ele>45</ele><time>2026-05-03T17:15:34.655439Z</time></trkpt>
  <trkpt lat="37.4129091" lon="-121.9943380"><ele>46</ele><time>2026-05-03T17:15:34.755864Z</time></trkpt>
  <trkpt lat="37.4129134" lon="-121.9943467"><ele>47</ele><time>2026-05-03T17:15:34.856674Z</time></trkpt>
  <trkpt lat="37.4129176" lon="-121.9943555"><ele>47</ele><time>2026-05-03T17:15:34.956789Z</time></trkpt>
  <trkpt lat="37.4129218" lon="-121.9943642"><ele>47</ele><time>2026-05-03T17:15:35.056942Z</time></trkpt>
  <trkpt lat="37.4129262" lon="-121.9943731"><ele>48</ele><time>2026-05-03T17:15:35.157322Z</time></trkpt>
  <trkpt lat="37.4129304" lon="-121.9943823"><ele>48</ele><time>2026-05-03T17:15:35.238429Z</time></trkpt>
  <trkpt lat="37.4129344" lon="-121.9943913"><ele>49</ele><time>2026-05-03T17:15:35.338841Z</time></trkpt>
  <trkpt lat="37.4129380" lon="-121.9943998"><ele>49</ele><time>2026-05-03T17:15:35.439272Z</time></trkpt>
  <trkpt lat="37.4129417" lon="-121.9944091"><ele>49</ele><time>2026-05-03T17:15:35.540594Z</time></trkpt>
  <trkpt lat="37.4129452" lon="-121.9944185"><ele>50</ele><time>2026-05-03T17:15:35.641606Z</time></trkpt>
  <trkpt lat="37.4129485" lon="-121.9944277"><ele>50</ele><time>2026-05-03T17:15:35.743011Z</time></trkpt>
  <trkpt lat="37.4129517" lon="-121.9944370"><ele>50</ele><time>2026-05-03T17:15:35.843585Z</time></trkpt>
  <trkpt lat="37.4129517" lon="-121.9944370"><ele>50</ele><time>2026-05-03T17:15:35.936239Z</time></trkpt>
  <trkpt lat="37.4129545" lon="-121.9944464"><ele>50</ele><time>2026-05-03T17:15:35.944133Z</time></trkpt>
  <trkpt lat="37.4129569" lon="-121.9944558"><ele>51</ele><time>2026-05-03T17:15:36.044837Z</time></trkpt>
  <trkpt lat="37.4129592" lon="-121.9944659"><ele>51</ele><time>2026-05-03T17:15:36.145132Z</time></trkpt>
  <trkpt lat="37.4129613" lon="-121.9944763"><ele>51</ele><time>2026-05-03T17:15:36.246098Z</time></trkpt>
  <trkpt lat="37.4129637" lon="-121.9944870"><ele>51</ele><time>2026-05-03T17:15:36.346817Z</time></trkpt>
  <trkpt lat="37.4129657" lon="-121.9944976"><ele>51</ele><time>2026-05-03T17:15:36.448267Z</time></trkpt>
  <trkpt lat="37.4129677" lon="-121.9945085"><ele>51</ele><time>2026-05-03T17:15:36.549571Z</time></trkpt>
  <trkpt lat="37.4129693" lon="-121.9945195"><ele>52</ele><time>2026-05-03T17:15:36.650198Z</time></trkpt>
  <trkpt lat="37.4129712" lon="-121.9945307"><ele>52</ele><time>2026-05-03T17:15:36.751289Z</time></trkpt>
  <trkpt lat="37.4129730" lon="-121.9945417"><ele>52</ele><time>2026-05-03T17:15:36.852503Z</time></trkpt>
  <trkpt lat="37.4129749" lon="-121.9945529"><ele>52</ele><time>2026-05-03T17:15:36.952794Z</time></trkpt>
  <trkpt lat="37.4129764" lon="-121.9945643"><ele>52</ele><time>2026-05-03T17:15:37.053319Z</time></trkpt>
  <trkpt lat="37.4129777" lon="-121.9945757"><ele>52</ele><time>2026-05-03T17:15:37.153499Z</time></trkpt>
  <trkpt lat="37.4129790" lon="-121.9945871"><ele>53</ele><time>2026-05-03T17:15:37.254562Z</time></trkpt>
  <trkpt lat="37.4129803" lon="-121.9945987"><ele>53</ele><time>2026-05-03T17:15:37.335130Z</time></trkpt>
  <trkpt lat="37.4129817" lon="-121.9946103"><ele>53</ele><time>2026-05-03T17:15:37.435607Z</time></trkpt>
  <trkpt lat="37.4129836" lon="-121.9946217"><ele>53</ele><time>2026-05-03T17:15:37.536487Z</time></trkpt>
  <trkpt lat="37.4129856" lon="-121.9946332"><ele>53</ele><time>2026-05-03T17:15:37.636839Z</time></trkpt>
  <trkpt lat="37.4129881" lon="-121.9946447"><ele>53</ele><time>2026-05-03T17:15:37.737413Z</time></trkpt>
  <trkpt lat="37.4129910" lon="-121.9946560"><ele>54</ele><time>2026-05-03T17:15:37.837661Z</time></trkpt>
  <trkpt lat="37.4129947" lon="-121.9946671"><ele>54</ele><time>2026-05-03T17:15:37.938141Z</time></trkpt>
  <trkpt lat="37.4129989" lon="-121.9946777"><ele>54</ele><time>2026-05-03T17:15:38.038660Z</time></trkpt>
  <trkpt lat="37.4129989" lon="-121.9946777"><ele>54</ele><time>2026-05-03T17:15:38.094266Z</time></trkpt>
  <trkpt lat="37.4130037" lon="-121.9946877"><ele>54</ele><time>2026-05-03T17:15:38.139090Z</time></trkpt>
  <trkpt lat="37.4130089" lon="-121.9946970"><ele>54</ele><time>2026-05-03T17:15:38.239584Z</time></trkpt>
  <trkpt lat="37.4130142" lon="-121.9947056"><ele>55</ele><time>2026-05-03T17:15:38.340301Z</time></trkpt>
  <trkpt lat="37.4130192" lon="-121.9947130"><ele>55</ele><time>2026-05-03T17:15:38.440295Z</time></trkpt>
  <trkpt lat="37.4130241" lon="-121.9947197"><ele>56</ele><time>2026-05-03T17:15:38.540695Z</time></trkpt>
  <trkpt lat="37.4130290" lon="-121.9947267"><ele>56</ele><time>2026-05-03T17:15:38.641982Z</time></trkpt>
  <trkpt lat="37.4130333" lon="-121.9947330"><ele>57</ele><time>2026-05-03T17:15:38.743107Z</time></trkpt>
  <trkpt lat="37.4130374" lon="-121.9947391"><ele>57</ele><time>2026-05-03T17:15:38.842668Z</time></trkpt>
  <trkpt lat="37.4130415" lon="-121.9947450"><ele>58</ele><time>2026-05-03T17:15:38.943109Z</time></trkpt>
  <trkpt lat="37.4130453" lon="-121.9947511"><ele>58</ele><time>2026-05-03T17:15:39.043867Z</time></trkpt>
  <trkpt lat="37.4130492" lon="-121.9947571"><ele>59</ele><time>2026-05-03T17:15:39.144314Z</time></trkpt>
  <trkpt lat="37.4130532" lon="-121.9947633"><ele>59</ele><time>2026-05-03T17:15:39.244637Z</time></trkpt>
  <trkpt lat="37.4130570" lon="-121.9947696"><ele>60</ele><time>2026-05-03T17:15:39.345120Z</time></trkpt>
  <trkpt lat="37.4130608" lon="-121.9947758"><ele>60</ele><time>2026-05-03T17:15:39.445728Z</time></trkpt>
  <trkpt lat="37.4130638" lon="-121.9947817"><ele>61</ele><time>2026-05-03T17:15:39.546642Z</time></trkpt>
  <trkpt lat="37.4130658" lon="-121.9947878"><ele>61</ele><time>2026-05-03T17:15:39.647022Z</time></trkpt>
  <trkpt lat="37.4130674" lon="-121.9947936"><ele>62</ele><time>2026-05-03T17:15:39.747640Z</time></trkpt>
  <trkpt lat="37.4130688" lon="-121.9947994"><ele>62</ele><time>2026-05-03T17:15:39.848065Z</time></trkpt>
  <trkpt lat="37.4130708" lon="-121.9948049"><ele>63</ele><time>2026-05-03T17:15:39.948888Z</time></trkpt>
  <trkpt lat="37.4130727" lon="-121.9948101"><ele>63</ele><time>2026-05-03T17:15:40.049207Z</time></trkpt>
  <trkpt lat="37.4130743" lon="-121.9948152"><ele>64</ele><time>2026-05-03T17:15:40.149520Z</time></trkpt>
  <trkpt lat="37.4130766" lon="-121.9948197"><ele>64</ele><time>2026-05-03T17:15:40.249979Z</time></trkpt>
  <trkpt lat="37.4130766" lon="-121.9948197"><ele>64</ele><time>2026-05-03T17:15:40.253084Z</time></trkpt>
  <trkpt lat="37.4130789" lon="-121.9948239"><ele>65</ele><time>2026-05-03T17:15:40.350243Z</time></trkpt>
  <trkpt lat="37.4130814" lon="-121.9948277"><ele>65</ele><time>2026-05-03T17:15:40.450658Z</time></trkpt>
  <trkpt lat="37.4130836" lon="-121.9948313"><ele>66</ele><time>2026-05-03T17:15:40.530820Z</time></trkpt>
  <trkpt lat="37.4130855" lon="-121.9948345"><ele>66</ele><time>2026-05-03T17:15:40.651629Z</time></trkpt>
  <trkpt lat="37.4130873" lon="-121.9948379"><ele>67</ele><time>2026-05-03T17:15:40.731677Z</time></trkpt>
  <trkpt lat="37.4130891" lon="-121.9948417"><ele>68</ele><time>2026-05-03T17:15:40.832057Z</time></trkpt>
  <trkpt lat="37.4130906" lon="-121.9948456"><ele>68</ele><time>2026-05-03T17:15:40.932436Z</time></trkpt>
  <trkpt lat="37.4130919" lon="-121.9948500"><ele>68</ele><time>2026-05-03T17:15:41.032918Z</time></trkpt>
  <trkpt lat="37.4130927" lon="-121.9948543"><ele>69</ele><time>2026-05-03T17:15:41.134451Z</time></trkpt>
  <trkpt lat="37.4130928" lon="-121.9948590"><ele>69</ele><time>2026-05-03T17:15:41.234674Z</time></trkpt>
  <trkpt lat="37.4130921" lon="-121.9948640"><ele>70</ele><time>2026-05-03T17:15:41.334906Z</time></trkpt>
  <trkpt lat="37.4130915" lon="-121.9948693"><ele>70</ele><time>2026-05-03T17:15:41.435185Z</time></trkpt>
  <trkpt lat="37.4130907" lon="-121.9948748"><ele>70</ele><time>2026-05-03T17:15:41.536435Z</time></trkpt>
  <trkpt lat="37.4130896" lon="-121.9948812"><ele>70</ele><time>2026-05-03T17:15:41.636647Z</time></trkpt>
  <trkpt lat="37.4130876" lon="-121.9948884"><ele>70</ele><time>2026-05-03T17:15:41.737001Z</time></trkpt>
  <trkpt lat="37.4130851" lon="-121.9948956"><ele>70</ele><time>2026-05-03T17:15:41.837731Z</time></trkpt>
  <trkpt lat="37.4130817" lon="-121.9949023"><ele>70</ele><time>2026-05-03T17:15:41.939048Z</time></trkpt>
  <trkpt lat="37.4130776" lon="-121.9949098"><ele>70</ele><time>2026-05-03T17:15:42.039435Z</time></trkpt>
  <trkpt lat="37.4130728" lon="-121.9949167"><ele>70</ele><time>2026-05-03T17:15:42.139760Z</time></trkpt>
  <trkpt lat="37.4130677" lon="-121.9949239"><ele>70</ele><time>2026-05-03T17:15:42.239909Z</time></trkpt>
  <trkpt lat="37.4130623" lon="-121.9949310"><ele>70</ele><time>2026-05-03T17:15:42.340940Z</time></trkpt>
  <trkpt lat="37.4130623" lon="-121.9949310"><ele>70</ele><time>2026-05-03T17:15:42.416524Z</time></trkpt>
  <trkpt lat="37.4130562" lon="-121.9949380"><ele>70</ele><time>2026-05-03T17:15:42.440864Z</time></trkpt>
  <trkpt lat="37.4130498" lon="-121.9949451"><ele>70</ele><time>2026-05-03T17:15:42.541346Z</time></trkpt>
  <trkpt lat="37.4130428" lon="-121.9949523"><ele>70</ele><time>2026-05-03T17:15:42.642018Z</time></trkpt>
  <trkpt lat="37.4130354" lon="-121.9949594"><ele>70</ele><time>2026-05-03T17:15:42.742564Z</time></trkpt>
  <trkpt lat="37.4130283" lon="-121.9949674"><ele>70</ele><time>2026-05-03T17:15:42.842681Z</time></trkpt>
  <trkpt lat="37.4130212" lon="-121.9949750"><ele>70</ele><time>2026-05-03T17:15:42.942975Z</time></trkpt>
  <trkpt lat="37.4130139" lon="-121.9949830"><ele>70</ele><time>2026-05-03T17:15:43.043292Z</time></trkpt>
  <trkpt lat="37.4130067" lon="-121.9949916"><ele>69</ele><time>2026-05-03T17:15:43.143723Z</time></trkpt>
  <trkpt lat="37.4129994" lon="-121.9950004"><ele>69</ele><time>2026-05-03T17:15:43.244086Z</time></trkpt>
  <trkpt lat="37.4129923" lon="-121.9950095"><ele>69</ele><time>2026-05-03T17:15:43.344522Z</time></trkpt>
  <trkpt lat="37.4129855" lon="-121.9950191"><ele>69</ele><time>2026-05-03T17:15:43.445663Z</time></trkpt>
  <trkpt lat="37.4129793" lon="-121.9950294"><ele>69</ele><time>2026-05-03T17:15:43.546260Z</time></trkpt>
  <trkpt lat="37.4129741" lon="-121.9950408"><ele>69</ele><time>2026-05-03T17:15:43.646877Z</time></trkpt>
  <trkpt lat="37.4129697" lon="-121.9950522"><ele>69</ele><time>2026-05-03T17:15:43.747486Z</time></trkpt>
  <trkpt lat="37.4129668" lon="-121.9950644"><ele>69</ele><time>2026-05-03T17:15:43.827716Z</time></trkpt>
  <trkpt lat="37.4129654" lon="-121.9950770"><ele>69</ele><time>2026-05-03T17:15:43.948278Z</time></trkpt>
  <trkpt lat="37.4129651" lon="-121.9950899"><ele>69</ele><time>2026-05-03T17:15:44.028426Z</time></trkpt>
  <trkpt lat="37.4129658" lon="-121.9951020"><ele>69</ele><time>2026-05-03T17:15:44.128743Z</time></trkpt>
  <trkpt lat="37.4129681" lon="-121.9951142"><ele>70</ele><time>2026-05-03T17:15:44.230186Z</time></trkpt>
  <trkpt lat="37.4129717" lon="-121.9951259"><ele>70</ele><time>2026-05-03T17:15:44.329787Z</time></trkpt>
  <trkpt lat="37.4129764" lon="-121.9951368"><ele>70</ele><time>2026-05-03T17:15:44.430539Z</time></trkpt>
  <trkpt lat="37.4129820" lon="-121.9951472"><ele>70</ele><time>2026-05-03T17:15:44.530970Z</time></trkpt>
  <trkpt lat="37.4129820" lon="-121.9951472"><ele>70</ele><time>2026-05-03T17:15:44.576009Z</time></trkpt>
  <trkpt lat="37.4129882" lon="-121.9951573"><ele>70</ele><time>2026-05-03T17:15:44.632216Z</time></trkpt>
  <trkpt lat="37.4129953" lon="-121.9951671"><ele>70</ele><time>2026-05-03T17:15:44.732665Z</time></trkpt>
  <trkpt lat="37.4130031" lon="-121.9951762"><ele>70</ele><time>2026-05-03T17:15:44.833086Z</time></trkpt>
  <trkpt lat="37.4130118" lon="-121.9951846"><ele>71</ele><time>2026-05-03T17:15:44.933564Z</time></trkpt>
  <trkpt lat="37.4130212" lon="-121.9951919"><ele>71</ele><time>2026-05-03T17:15:45.034145Z</time></trkpt>
  <trkpt lat="37.4130313" lon="-121.9951982"><ele>71</ele><time>2026-05-03T17:15:45.135929Z</time></trkpt>
  <trkpt lat="37.4130418" lon="-121.9952038"><ele>71</ele><time>2026-05-03T17:15:45.236488Z</time></trkpt>
  <trkpt lat="37.4130524" lon="-121.9952086"><ele>71</ele><time>2026-05-03T17:15:45.337098Z</time></trkpt>
  <trkpt lat="37.4130632" lon="-121.9952128"><ele>72</ele><time>2026-05-03T17:15:45.437534Z</time></trkpt>
  <trkpt lat="37.4130743" lon="-121.9952166"><ele>72</ele><time>2026-05-03T17:15:45.537797Z</time></trkpt>
  <trkpt lat="37.4130857" lon="-121.9952196"><ele>72</ele><time>2026-05-03T17:15:45.638214Z</time></trkpt>
  <trkpt lat="37.4130975" lon="-121.9952219"><ele>72</ele><time>2026-05-03T17:15:45.738847Z</time></trkpt>
  <trkpt lat="37.4131094" lon="-121.9952233"><ele>73</ele><time>2026-05-03T17:15:45.839807Z</time></trkpt>
  <trkpt lat="37.4131214" lon="-121.9952238"><ele>73</ele><time>2026-05-03T17:15:45.940995Z</time></trkpt>
  <trkpt lat="37.4131335" lon="-121.9952235"><ele>73</ele><time>2026-05-03T17:15:46.042032Z</time></trkpt>
  <trkpt lat="37.4131455" lon="-121.9952222"><ele>74</ele><time>2026-05-03T17:15:46.142798Z</time></trkpt>
  <trkpt lat="37.4131573" lon="-121.9952200"><ele>74</ele><time>2026-05-03T17:15:46.243826Z</time></trkpt>
  <trkpt lat="37.4131689" lon="-121.9952172"><ele>75</ele><time>2026-05-03T17:15:46.344659Z</time></trkpt>
  <trkpt lat="37.4131802" lon="-121.9952138"><ele>75</ele><time>2026-05-03T17:15:46.425485Z</time></trkpt>
  <trkpt lat="37.4131913" lon="-121.9952103"><ele>76</ele><time>2026-05-03T17:15:46.526394Z</time></trkpt>
  <trkpt lat="37.4132023" lon="-121.9952068"><ele>76</ele><time>2026-05-03T17:15:46.626369Z</time></trkpt>
  <trkpt lat="37.4132131" lon="-121.9952031"><ele>77</ele><time>2026-05-03T17:15:46.726794Z</time></trkpt>
  <trkpt lat="37.4132131" lon="-121.9952031"><ele>77</ele><time>2026-05-03T17:15:46.736669Z</time></trkpt>
  <trkpt lat="37.4132229" lon="-121.9951998"><ele>77</ele><time>2026-05-03T17:15:46.827450Z</time></trkpt>
  <trkpt lat="37.4132326" lon="-121.9951964"><ele>78</ele><time>2026-05-03T17:15:46.927775Z</time></trkpt>
  <trkpt lat="37.4132422" lon="-121.9951931"><ele>78</ele><time>2026-05-03T17:15:47.028313Z</time></trkpt>
  <trkpt lat="37.4132518" lon="-121.9951897"><ele>79</ele><time>2026-05-03T17:15:47.128924Z</time></trkpt>
  <trkpt lat="37.4132613" lon="-121.9951865"><ele>80</ele><time>2026-05-03T17:15:47.229494Z</time></trkpt>
  <trkpt lat="37.4132707" lon="-121.9951836"><ele>80</ele><time>2026-05-03T17:15:47.330296Z</time></trkpt>
  <trkpt lat="37.4132809" lon="-121.9951809"><ele>80</ele><time>2026-05-03T17:15:47.430928Z</time></trkpt>
  <trkpt lat="37.4132910" lon="-121.9951784"><ele>81</ele><time>2026-05-03T17:15:47.531648Z</time></trkpt>
  <trkpt lat="37.4133015" lon="-121.9951770"><ele>81</ele><time>2026-05-03T17:15:47.632200Z</time></trkpt>
  <trkpt lat="37.4133118" lon="-121.9951759"><ele>82</ele><time>2026-05-03T17:15:47.733010Z</time></trkpt>
  <trkpt lat="37.4133218" lon="-121.9951755"><ele>82</ele><time>2026-05-03T17:15:47.833617Z</time></trkpt>
  <trkpt lat="37.4133317" lon="-121.9951756"><ele>82</ele><time>2026-05-03T17:15:47.934098Z</time></trkpt>
  <trkpt lat="37.4133402" lon="-121.9951769"><ele>83</ele><time>2026-05-03T17:15:48.034557Z</time></trkpt>
  <trkpt lat="37.4133490" lon="-121.9951791"><ele>83</ele><time>2026-05-03T17:15:48.134902Z</time></trkpt>
  <trkpt lat="37.4133574" lon="-121.9951822"><ele>84</ele><time>2026-05-03T17:15:48.235893Z</time></trkpt>
  <trkpt lat="37.4133653" lon="-121.9951859"><ele>84</ele><time>2026-05-03T17:15:48.337397Z</time></trkpt>
  <trkpt lat="37.4133726" lon="-121.9951902"><ele>85</ele><time>2026-05-03T17:15:48.437581Z</time></trkpt>
  <trkpt lat="37.4133799" lon="-121.9951950"><ele>85</ele><time>2026-05-03T17:15:48.537789Z</time></trkpt>
  <trkpt lat="37.4133864" lon="-121.9952005"><ele>85</ele><time>2026-05-03T17:15:48.638152Z</time></trkpt>
  <trkpt lat="37.4133917" lon="-121.9952067"><ele>86</ele><time>2026-05-03T17:15:48.738668Z</time></trkpt>
  <trkpt lat="37.4133960" lon="-121.9952143"><ele>86</ele><time>2026-05-03T17:15:48.839492Z</time></trkpt>
  <trkpt lat="37.4133960" lon="-121.9952143"><ele>86</ele><time>2026-05-03T17:15:48.897662Z</time></trkpt>
  <trkpt lat="37.4133991" lon="-121.9952229"><ele>86</ele><time>2026-05-03T17:15:48.939428Z</time></trkpt>
  <trkpt lat="37.4134004" lon="-121.9952319"><ele>85</ele><time>2026-05-03T17:15:49.039790Z</time></trkpt>
  <trkpt lat="37.4134000" lon="-121.9952407"><ele>85</ele><time>2026-05-03T17:15:49.140561Z</time></trkpt>
  <trkpt lat="37.4133980" lon="-121.9952499"><ele>85</ele><time>2026-05-03T17:15:49.241497Z</time></trkpt>
  <trkpt lat="37.4133952" lon="-121.9952589"><ele>84</ele><time>2026-05-03T17:15:49.322176Z</time></trkpt>
  <trkpt lat="37.4133905" lon="-121.9952665"><ele>84</ele><time>2026-05-03T17:15:49.422659Z</time></trkpt>
  <trkpt lat="37.4133836" lon="-121.9952720"><ele>83</ele><time>2026-05-03T17:15:49.523438Z</time></trkpt>
  <trkpt lat="37.4133751" lon="-121.9952749"><ele>83</ele><time>2026-05-03T17:15:49.624412Z</time></trkpt>
  <trkpt lat="37.4133655" lon="-121.9952757"><ele>82</ele><time>2026-05-03T17:15:49.725077Z</time></trkpt>
  <trkpt lat="37.4133551" lon="-121.9952752"><ele>81</ele><time>2026-05-03T17:15:49.825106Z</time></trkpt>
  <trkpt lat="37.4133436" lon="-121.9952736"><ele>80</ele><time>2026-05-03T17:15:49.925595Z</time></trkpt>
  <trkpt lat="37.4133323" lon="-121.9952721"><ele>79</ele><time>2026-05-03T17:15:50.026295Z</time></trkpt>
  <trkpt lat="37.4133208" lon="-121.9952711"><ele>79</ele><time>2026-05-03T17:15:50.127181Z</time></trkpt>
  <trkpt lat="37.4133089" lon="-121.9952711"><ele>78</ele><time>2026-05-03T17:15:50.227533Z</time></trkpt>
  <trkpt lat="37.4132963" lon="-121.9952722"><ele>77</ele><time>2026-05-03T17:15:50.328318Z</time></trkpt>
  <trkpt lat="37.4132832" lon="-121.9952744"><ele>77</ele><time>2026-05-03T17:15:50.429056Z</time></trkpt>
  <trkpt lat="37.4132699" lon="-121.9952779"><ele>76</ele><time>2026-05-03T17:15:50.529108Z</time></trkpt>
  <trkpt lat="37.4132566" lon="-121.9952823"><ele>76</ele><time>2026-05-03T17:15:50.629989Z</time></trkpt>
  <trkpt lat="37.4132432" lon="-121.9952874"><ele>76</ele><time>2026-05-03T17:15:50.730465Z</time></trkpt>
  <trkpt lat="37.4132299" lon="-121.9952930"><ele>76</ele><time>2026-05-03T17:15:50.831324Z</time></trkpt>
  <trkpt lat="37.4132167" lon="-121.9952989"><ele>76</ele><time>2026-05-03T17:15:50.932239Z</time></trkpt>
  <trkpt lat="37.4132034" lon="-121.9953054"><ele>75</ele><time>2026-05-03T17:15:51.032644Z</time></trkpt>
  <trkpt lat="37.4132034" lon="-121.9953054"><ele>75</ele><time>2026-05-03T17:15:51.048744Z</time></trkpt>
  <trkpt lat="37.4131902" lon="-121.9953123"><ele>75</ele><time>2026-05-03T17:15:51.132802Z</time></trkpt>
  <trkpt lat="37.4131773" lon="-121.9953193"><ele>75</ele><time>2026-05-03T17:15:51.233745Z</time></trkpt>
  <trkpt lat="37.4131644" lon="-121.9953265"><ele>75</ele><time>2026-05-03T17:15:51.334529Z</time></trkpt>
  <trkpt lat="37.4131517" lon="-121.9953338"><ele>74</ele><time>2026-05-03T17:15:51.434832Z</time></trkpt>
  <trkpt lat="37.4131391" lon="-121.9953412"><ele>74</ele><time>2026-05-03T17:15:51.535310Z</time></trkpt>
  <trkpt lat="37.4131266" lon="-121.9953487"><ele>73</ele><time>2026-05-03T17:15:51.635780Z</time></trkpt>
  <trkpt lat="37.4131143" lon="-121.9953567"><ele>72</ele><time>2026-05-03T17:15:51.735921Z</time></trkpt>
  <trkpt lat="37.4131020" lon="-121.9953653"><ele>72</ele><time>2026-05-03T17:15:51.836787Z</time></trkpt>
  <trkpt lat="37.4130898" lon="-121.9953742"><ele>71</ele><time>2026-05-03T17:15:51.938077Z</time></trkpt>
  <trkpt lat="37.4130777" lon="-121.9953841"><ele>71</ele><time>2026-05-03T17:15:52.038758Z</time></trkpt>
  <trkpt lat="37.4130666" lon="-121.9953962"><ele>70</ele><time>2026-05-03T17:15:52.119118Z</time></trkpt>
  <trkpt lat="37.4130575" lon="-121.9954106"><ele>70</ele><time>2026-05-03T17:15:52.239774Z</time></trkpt>
  <trkpt lat="37.4130504" lon="-121.9954262"><ele>70</ele><time>2026-05-03T17:15:52.320292Z</time></trkpt>
  <trkpt lat="37.4130461" lon="-121.9954426"><ele>70</ele><time>2026-05-03T17:15:52.421609Z</time></trkpt>
  <trkpt lat="37.4130445" lon="-121.9954611"><ele>70</ele><time>2026-05-03T17:15:52.523328Z</time></trkpt>
  <trkpt lat="37.4130444" lon="-121.9954806"><ele>70</ele><time>2026-05-03T17:15:52.623819Z</time></trkpt>
  <trkpt lat="37.4130481" lon="-121.9954982"><ele>70</ele><time>2026-05-03T17:15:52.724251Z</time></trkpt>
  <trkpt lat="37.4130558" lon="-121.9955130"><ele>70</ele><time>2026-05-03T17:15:52.824958Z</time></trkpt>
  <trkpt lat="37.4130669" lon="-121.9955254"><ele>70</ele><time>2026-05-03T17:15:52.925719Z</time></trkpt>
  <trkpt lat="37.4130814" lon="-121.9955348"><ele>70</ele><time>2026-05-03T17:15:53.026152Z</time></trkpt>
  <trkpt lat="37.4130979" lon="-121.9955406"><ele>69</ele><time>2026-05-03T17:15:53.126838Z</time></trkpt>
  <trkpt lat="37.4130979" lon="-121.9955406"><ele>69</ele><time>2026-05-03T17:15:53.196689Z</time></trkpt>
  <trkpt lat="37.4131167" lon="-121.9955411"><ele>69</ele><time>2026-05-03T17:15:53.227165Z</time></trkpt>
  <trkpt lat="37.4131353" lon="-121.9955360"><ele>69</ele><time>2026-05-03T17:15:53.327714Z</time></trkpt>
  <trkpt lat="37.4131539" lon="-121.9955266"><ele>68</ele><time>2026-05-03T17:15:53.428192Z</time></trkpt>
  <trkpt lat="37.4131720" lon="-121.9955141"><ele>68</ele><time>2026-05-03T17:15:53.528245Z</time></trkpt>
  <trkpt lat="37.4131905" lon="-121.9955022"><ele>67</ele><time>2026-05-03T17:15:53.629192Z</time></trkpt>
  <trkpt lat="37.4132084" lon="-121.9954900"><ele>66</ele><time>2026-05-03T17:15:53.729337Z</time></trkpt>
  <trkpt lat="37.4132271" lon="-121.9954774"><ele>65</ele><time>2026-05-03T17:15:53.829978Z</time></trkpt>
  <trkpt lat="37.4132438" lon="-121.9954670"><ele>64</ele><time>2026-05-03T17:15:53.930956Z</time></trkpt>
  <trkpt lat="37.4132586" lon="-121.9954574"><ele>63</ele><time>2026-05-03T17:15:54.030756Z</time></trkpt>
  <trkpt lat="37.4132726" lon="-121.9954508"><ele>61</ele><time>2026-05-03T17:15:54.130903Z</time></trkpt>
  <trkpt lat="37.4132826" lon="-121.9954408"><ele>59</ele><time>2026-05-03T17:15:54.231359Z</time></trkpt>
  <trkpt lat="37.4132922" lon="-121.9954273"><ele>57</ele><time>2026-05-03T17:15:54.332136Z</time></trkpt>
  <trkpt lat="37.4132997" lon="-121.9954105"><ele>55</ele><time>2026-05-03T17:15:54.432937Z</time></trkpt>
  <trkpt lat="37.4133066" lon="-121.9953945"><ele>54</ele><time>2026-05-03T17:15:54.533504Z</time></trkpt>
  <trkpt lat="37.4133146" lon="-121.9953797"><ele>53</ele><time>2026-05-03T17:15:54.634041Z</time></trkpt>
  <trkpt lat="37.4133233" lon="-121.9953649"><ele>52</ele><time>2026-05-03T17:15:54.735348Z</time></trkpt>
  <trkpt lat="37.4133326" lon="-121.9953482"><ele>52</ele><time>2026-05-03T17:15:54.815954Z</time></trkpt>
  <trkpt lat="37.4133436" lon="-121.9953360"><ele>53</ele><time>2026-05-03T17:15:54.916120Z</time></trkpt>
  <trkpt lat="37.4133559" lon="-121.9953264"><ele>53</ele><time>2026-05-03T17:15:55.016755Z</time></trkpt>
  <trkpt lat="37.4133668" lon="-121.9953178"><ele>54</ele><time>2026-05-03T17:15:55.117137Z</time></trkpt>
  <trkpt lat="37.4133773" lon="-121.9953119"><ele>55</ele><time>2026-05-03T17:15:55.217702Z</time></trkpt>
  <trkpt lat="37.4133867" lon="-121.9953094"><ele>57</ele><time>2026-05-03T17:15:55.318099Z</time></trkpt>
  <trkpt lat="37.4133867" lon="-121.9953094"><ele>57</ele><time>2026-05-03T17:15:55.351858Z</time></trkpt>
  <trkpt lat="37.4133944" lon="-121.9953087"><ele>58</ele><time>2026-05-03T17:15:55.418951Z</time></trkpt>
  <trkpt lat="37.4134002" lon="-121.9953104"><ele>59</ele><time>2026-05-03T17:15:55.519182Z</time></trkpt>
  <trkpt lat="37.4134048" lon="-121.9953132"><ele>60</ele><time>2026-05-03T17:15:55.619333Z</time></trkpt>
  <trkpt lat="37.4134063" lon="-121.9953181"><ele>62</ele><time>2026-05-03T17:15:55.720332Z</time></trkpt>
  <trkpt lat="37.4134061" lon="-121.9953247"><ele>63</ele><time>2026-05-03T17:15:55.820591Z</time></trkpt>
  <trkpt lat="37.4134064" lon="-121.9953316"><ele>64</ele><time>2026-05-03T17:15:55.921004Z</time></trkpt>
  <trkpt lat="37.4134080" lon="-121.9953386"><ele>65</ele><time>2026-05-03T17:15:56.021322Z</time></trkpt>
  <trkpt lat="37.4134098" lon="-121.9953465"><ele>66</ele><time>2026-05-03T17:15:56.122305Z</time></trkpt>
  <trkpt lat="37.4134104" lon="-121.9953555"><ele>67</ele><time>2026-05-03T17:15:56.222742Z</time></trkpt>
  <trkpt lat="37.4134113" lon="-121.9953645"><ele>67</ele><time>2026-05-03T17:15:56.322785Z</time></trkpt>
  <trkpt lat="37.4134132" lon="-121.9953735"><ele>68</ele><time>2026-05-03T17:15:56.423574Z</time></trkpt>
  <trkpt lat="37.4134147" lon="-121.9953838"><ele>69</ele><time>2026-05-03T17:15:56.524401Z</time></trkpt>
  <trkpt lat="37.4134151" lon="-121.9953946"><ele>69</ele><time>2026-05-03T17:15:56.624464Z</time></trkpt>
  <trkpt lat="37.4134145" lon="-121.9954049"><ele>70</ele><time>2026-05-03T17:15:56.724940Z</time></trkpt>
  <trkpt lat="37.4134125" lon="-121.9954152"><ele>70</ele><time>2026-05-03T17:15:56.825486Z</time></trkpt>
  <trkpt lat="37.4134095" lon="-121.9954255"><ele>71</ele><time>2026-05-03T17:15:56.925907Z</time></trkpt>
  <trkpt lat="37.4134069" lon="-121.9954369"><ele>72</ele><time>2026-05-03T17:15:57.026592Z</time></trkpt>
  <trkpt lat="37.4134040" lon="-121.9954497"><ele>72</ele><time>2026-05-03T17:15:57.127172Z</time></trkpt>
  <trkpt lat="37.4134000" lon="-121.9954622"><ele>72</ele><time>2026-05-03T17:15:57.227522Z</time></trkpt>
  <trkpt lat="37.4133954" lon="-121.9954750"><ele>72</ele><time>2026-05-03T17:15:57.327706Z</time></trkpt>
  <trkpt lat="37.4133922" lon="-121.9954884"><ele>72</ele><time>2026-05-03T17:15:57.427990Z</time></trkpt>
  <trkpt lat="37.4133922" lon="-121.9954884"><ele>72</ele><time>2026-05-03T17:15:57.513504Z</time></trkpt>
  <trkpt lat="37.4133929" lon="-121.9955024"><ele>72</ele><time>2026-05-03T17:15:57.528712Z</time></trkpt>
  <trkpt lat="37.4133974" lon="-121.9955165"><ele>71</ele><time>2026-05-03T17:15:57.629168Z</time></trkpt>
  <trkpt lat="37.4134022" lon="-121.9955304"><ele>71</ele><time>2026-05-03T17:15:57.729561Z</time></trkpt>
  <trkpt lat="37.4134084" lon="-121.9955435"><ele>71</ele><time>2026-05-03T17:15:57.829962Z</time></trkpt>
  <trkpt lat="37.4134181" lon="-121.9955536"><ele>71</ele><time>2026-05-03T17:15:57.930381Z</time></trkpt>
  <trkpt lat="37.4134300" lon="-121.9955622"><ele>72</ele><time>2026-05-03T17:15:58.031875Z</time></trkpt>
  <trkpt lat="37.4134430" lon="-121.9955696"><ele>73</ele><time>2026-05-03T17:15:58.113235Z</time></trkpt>
  <trkpt lat="37.4134557" lon="-121.9955754"><ele>74</ele><time>2026-05-03T17:15:58.215173Z</time></trkpt>
  <trkpt lat="37.4134674" lon="-121.9955791"><ele>75</ele><time>2026-05-03T17:15:58.316281Z</time></trkpt>
  <trkpt lat="37.4134778" lon="-121.9955814"><ele>76</ele><time>2026-05-03T17:15:58.416595Z</time></trkpt>
  <trkpt lat="37.4134870" lon="-121.9955829"><ele>77</ele><time>2026-05-03T17:15:58.517402Z</time></trkpt>
  <trkpt lat="37.4134953" lon="-121.9955829"><ele>78</ele><time>2026-05-03T17:15:58.616871Z</time></trkpt>
  <trkpt lat="37.4135024" lon="-121.9955818"><ele>80</ele><time>2026-05-03T17:15:58.717488Z</time></trkpt>
  <trkpt lat="37.4135100" lon="-121.9955809"><ele>81</ele><time>2026-05-03T17:15:58.817819Z</time></trkpt>
  <trkpt lat="37.4135188" lon="-121.9955797"><ele>82</ele><time>2026-05-03T17:15:58.918468Z</time></trkpt>
  <trkpt lat="37.4135269" lon="-121.9955774"><ele>83</ele><time>2026-05-03T17:15:59.019168Z</time></trkpt>
  <trkpt lat="37.4135334" lon="-121.9955741"><ele>84</ele><time>2026-05-03T17:15:59.119554Z</time></trkpt>
  <trkpt lat="37.4135386" lon="-121.9955703"><ele>86</ele><time>2026-05-03T17:15:59.220588Z</time></trkpt>
  <trkpt lat="37.4135448" lon="-121.9955671"><ele>87</ele><time>2026-05-03T17:15:59.321963Z</time></trkpt>
  <trkpt lat="37.4135514" lon="-121.9955643"><ele>88</ele><time>2026-05-03T17:15:59.422477Z</time></trkpt>
  <trkpt lat="37.4135570" lon="-121.9955614"><ele>89</ele><time>2026-05-03T17:15:59.522969Z</time></trkpt>
  <trkpt lat="37.4135618" lon="-121.9955584"><ele>90</ele><time>2026-05-03T17:15:59.623281Z</time></trkpt>
  <trkpt lat="37.4135618" lon="-121.9955584"><ele>90</ele><time>2026-05-03T17:15:59.675123Z</time></trkpt>
  <trkpt lat="37.4135665" lon="-121.9955553"><ele>91</ele><time>2026-05-03T17:15:59.723372Z</time></trkpt>
  <trkpt lat="37.4135711" lon="-121.9955520"><ele>92</ele><time>2026-05-03T17:15:59.823466Z</time></trkpt>
  <trkpt lat="37.4135759" lon="-121.9955485"><ele>94</ele><time>2026-05-03T17:15:59.924524Z</time></trkpt>
  <trkpt lat="37.4135803" lon="-121.9955445"><ele>95</ele><time>2026-05-03T17:16:00.025202Z</time></trkpt>
  <trkpt lat="37.4135833" lon="-121.9955401"><ele>96</ele><time>2026-05-03T17:16:00.126204Z</time></trkpt>
  <trkpt lat="37.4135853" lon="-121.9955356"><ele>97</ele><time>2026-05-03T17:16:00.226778Z</time></trkpt>
  <trkpt lat="37.4135864" lon="-121.9955314"><ele>98</ele><time>2026-05-03T17:16:00.327821Z</time></trkpt>
  <trkpt lat="37.4135875" lon="-121.9955271"><ele>99</ele><time>2026-05-03T17:16:00.428948Z</time></trkpt>
  <trkpt lat="37.4135896" lon="-121.9955226"><ele>100</ele><time>2026-05-03T17:16:00.529041Z</time></trkpt>
  <trkpt lat="37.4135918" lon="-121.9955181"><ele>101</ele><time>2026-05-03T17:16:00.629503Z</time></trkpt>
  <trkpt lat="37.4135940" lon="-121.9955136"><ele>102</ele><time>2026-05-03T17:16:00.710011Z</time></trkpt>
  <trkpt lat="37.4135968" lon="-121.9955088"><ele>103</ele><time>2026-05-03T17:16:00.830561Z</time></trkpt>
  <trkpt lat="37.4135996" lon="-121.9955037"><ele>104</ele><time>2026-05-03T17:16:00.910915Z</time></trkpt>
  <trkpt lat="37.4136022" lon="-121.9954985"><ele>105</ele><time>2026-05-03T17:16:01.011084Z</time></trkpt>
  <trkpt lat="37.4136042" lon="-121.9954935"><ele>106</ele><time>2026-05-03T17:16:01.111779Z</time></trkpt>
  <trkpt lat="37.4136047" lon="-121.9954881"><ele>108</ele><time>2026-05-03T17:16:01.212013Z</time></trkpt>
  <trkpt lat="37.4136032" lon="-121.9954835"><ele>108</ele><time>2026-05-03T17:16:01.313145Z</time></trkpt>
  <trkpt lat="37.4136004" lon="-121.9954797"><ele>109</ele><time>2026-05-03T17:16:01.414077Z</time></trkpt>
  <trkpt lat="37.4135971" lon="-121.9954766"><ele>110</ele><time>2026-05-03T17:16:01.515316Z</time></trkpt>
  <trkpt lat="37.4135940" lon="-121.9954737"><ele>110</ele><time>2026-05-03T17:16:01.615890Z</time></trkpt>
  <trkpt lat="37.4135911" lon="-121.9954710"><ele>111</ele><time>2026-05-03T17:16:01.716309Z</time></trkpt>
  <trkpt lat="37.4135882" lon="-121.9954680"><ele>111</ele><time>2026-05-03T17:16:01.816992Z</time></trkpt>
  <trkpt lat="37.4135882" lon="-121.9954680"><ele>111</ele><time>2026-05-03T17:16:01.835370Z</time></trkpt>
  <trkpt lat="37.4135844" lon="-121.9954645"><ele>111</ele><time>2026-05-03T17:16:01.917257Z</time></trkpt>
  <trkpt lat="37.4135793" lon="-121.9954606"><ele>112</ele><time>2026-05-03T17:16:02.017536Z</time></trkpt>
  <trkpt lat="37.4135734" lon="-121.9954564"><ele>112</ele><time>2026-05-03T17:16:02.117987Z</time></trkpt>
  <trkpt lat="37.4135669" lon="-121.9954517"><ele>113</ele><time>2026-05-03T17:16:02.219304Z</time></trkpt>
  <trkpt lat="37.4135603" lon="-121.9954460"><ele>113</ele><time>2026-05-03T17:16:02.320344Z</time></trkpt>
  <trkpt lat="37.4135532" lon="-121.9954407"><ele>113</ele><time>2026-05-03T17:16:02.420859Z</time></trkpt>
  <trkpt lat="37.4135451" lon="-121.9954350"><ele>113</ele><time>2026-05-03T17:16:02.520943Z</time></trkpt>
  <trkpt lat="37.4135367" lon="-121.9954286"><ele>113</ele><time>2026-05-03T17:16:02.621908Z</time></trkpt>
  <trkpt lat="37.4135288" lon="-121.9954224"><ele>113</ele><time>2026-05-03T17:16:02.722350Z</time></trkpt>
  <trkpt lat="37.4135207" lon="-121.9954173"><ele>113</ele><time>2026-05-03T17:16:02.802618Z</time></trkpt>
  <trkpt lat="37.4135113" lon="-121.9954128"><ele>113</ele><time>2026-05-03T17:16:02.923860Z</time></trkpt>
  <trkpt lat="37.4135018" lon="-121.9954091"><ele>113</ele><time>2026-05-03T17:16:03.023484Z</time></trkpt>
  <trkpt lat="37.4134926" lon="-121.9954076"><ele>113</ele><time>2026-05-03T17:16:03.104583Z</time></trkpt>
  <trkpt lat="37.4134835" lon="-121.9954083"><ele>113</ele><time>2026-05-03T17:16:03.205247Z</time></trkpt>
  <trkpt lat="37.4134736" lon="-121.9954112"><ele>114</ele><time>2026-05-03T17:16:03.306468Z</time></trkpt>
  <trkpt lat="37.4134637" lon="-121.9954155"><ele>114</ele><time>2026-05-03T17:16:03.406941Z</time></trkpt>
  <trkpt lat="37.4134524" lon="-121.9954202"><ele>115</ele><time>2026-05-03T17:16:03.507690Z</time></trkpt>
  <trkpt lat="37.4134405" lon="-121.9954238"><ele>115</ele><time>2026-05-03T17:16:03.608902Z</time></trkpt>
  <trkpt lat="37.4134278" lon="-121.9954267"><ele>115</ele><time>2026-05-03T17:16:03.709306Z</time></trkpt>
  <trkpt lat="37.4134148" lon="-121.9954291"><ele>115</ele><time>2026-05-03T17:16:03.810962Z</time></trkpt>
  <trkpt lat="37.4134021" lon="-121.9954318"><ele>115</ele><time>2026-05-03T17:16:03.911701Z</time></trkpt>
  <trkpt lat="37.4134021" lon="-121.9954318"><ele>115</ele><time>2026-05-03T17:16:03.993221Z</time></trkpt>
  <trkpt lat="37.4133900" lon="-121.9954365"><ele>115</ele><time>2026-05-03T17:16:04.012236Z</time></trkpt>
  <trkpt lat="37.4133776" lon="-121.9954430"><ele>115</ele><time>2026-05-03T17:16:04.112556Z</time></trkpt>
  <trkpt lat="37.4133652" lon="-121.9954500"><ele>115</ele><time>2026-05-03T17:16:04.213394Z</time></trkpt>
  <trkpt lat="37.4133534" lon="-121.9954586"><ele>115</ele><time>2026-05-03T17:16:04.314290Z</time></trkpt>
  <trkpt lat="37.4133419" lon="-121.9954667"><ele>115</ele><time>2026-05-03T17:16:04.414478Z</time></trkpt>
  <trkpt lat="37.4133312" lon="-121.9954746"><ele>115</ele><time>2026-05-03T17:16:04.515013Z</time></trkpt>
  <trkpt lat="37.4133211" lon="-121.9954803"><ele>116</ele><time>2026-05-03T17:16:04.615406Z</time></trkpt>
  <trkpt lat="37.4133119" lon="-121.9954848"><ele>117</ele><time>2026-05-03T17:16:04.716276Z</time></trkpt>
  <trkpt lat="37.4133044" lon="-121.9954883"><ele>118</ele><time>2026-05-03T17:16:04.817561Z</time></trkpt>
  <trkpt lat="37.4132976" lon="-121.9954921"><ele>119</ele><time>2026-05-03T17:16:04.917995Z</time></trkpt>
  <trkpt lat="37.4132910" lon="-121.9954968"><ele>120</ele><time>2026-05-03T17:16:05.018409Z</time></trkpt>
  <trkpt lat="37.4132843" lon="-121.9955030"><ele>121</ele><time>2026-05-03T17:16:05.118911Z</time></trkpt>
  <trkpt lat="37.4132778" lon="-121.9955076"><ele>122</ele><time>2026-05-03T17:16:05.219360Z</time></trkpt>
  <trkpt lat="37.4132718" lon="-121.9955099"><ele>123</ele><time>2026-05-03T17:16:05.319970Z</time></trkpt>
  <trkpt lat="37.4132655" lon="-121.9955112"><ele>124</ele><time>2026-05-03T17:16:05.420651Z</time></trkpt>
  <trkpt lat="37.4132590" lon="-121.9955080"><ele>125</ele><time>2026-05-03T17:16:05.501678Z</time></trkpt>
  <trkpt lat="37.4132534" lon="-121.9955005"><ele>126</ele><time>2026-05-03T17:16:05.621804Z</time></trkpt>
  <trkpt lat="37.4132477" lon="-121.9954912"><ele>127</ele><time>2026-05-03T17:16:05.702153Z</time></trkpt>
  <trkpt lat="37.4132423" lon="-121.9954802"><ele>128</ele><time>2026-05-03T17:16:05.802166Z</time></trkpt>
  <trkpt lat="37.4132371" lon="-121.9954675"><ele>128</ele><time>2026-05-03T17:16:05.903450Z</time></trkpt>
  <trkpt lat="37.4132325" lon="-121.9954520"><ele>129</ele><time>2026-05-03T17:16:06.004473Z</time></trkpt>
  <trkpt lat="37.4132291" lon="-121.9954344"><ele>130</ele><time>2026-05-03T17:16:06.104493Z</time></trkpt>
  <trkpt lat="37.4132291" lon="-121.9954344"><ele>130</ele><time>2026-05-03T17:16:06.151445Z</time></trkpt>
  <trkpt lat="37.4132264" lon="-121.9954159"><ele>130</ele><time>2026-05-03T17:16:06.204913Z</time></trkpt>
  <trkpt lat="37.4132230" lon="-121.9953970"><ele>130</ele><time>2026-05-03T17:16:06.305689Z</time></trkpt>
  <trkpt lat="37.4132189" lon="-121.9953781"><ele>131</ele><time>2026-05-03T17:16:06.406023Z</time></trkpt>
  <trkpt lat="37.4132149" lon="-121.9953589"><ele>130</ele><time>2026-05-03T17:16:06.506389Z</time></trkpt>
  <trkpt lat="37.4132125" lon="-121.9953397"><ele>130</ele><time>2026-05-03T17:16:06.606631Z</time></trkpt>
  <trkpt lat="37.4132099" lon="-121.9953214"><ele>129</ele><time>2026-05-03T17:16:06.706885Z</time></trkpt>
  <trkpt lat="37.4132060" lon="-121.9953053"><ele>127</ele><time>2026-05-03T17:16:06.807646Z</time></trkpt>
  <trkpt lat="37.4132017" lon="-121.9952888"><ele>126</ele><time>2026-05-03T17:16:06.907926Z</time></trkpt>
  <trkpt lat="37.4131981" lon="-121.9952708"><ele>125</ele><time>2026-05-03T17:16:07.008045Z</time></trkpt>
  <trkpt lat="37.4131953" lon="-121.9952509"><ele>124</ele><time>2026-05-03T17:16:07.108982Z</time></trkpt>
  <trkpt lat="37.4131942" lon="-121.9952307"><ele>123</ele><time>2026-05-03T17:16:07.210347Z</time></trkpt>
  <trkpt lat="37.4131938" lon="-121.9952118"><ele>122</ele><time>2026-05-03T17:16:07.310489Z</time></trkpt>
  <trkpt lat="37.4131910" lon="-121.9951963"><ele>120</ele><time>2026-05-03T17:16:07.410582Z</time></trkpt>
  <trkpt lat="37.4131861" lon="-121.9951833"><ele>119</ele><time>2026-05-03T17:16:07.511495Z</time></trkpt>
  <trkpt lat="37.4131788" lon="-121.9951739"><ele>117</ele><time>2026-05-03T17:16:07.611343Z</time></trkpt>
  <trkpt lat="37.4131685" lon="-121.9951671"><ele>115</ele><time>2026-05-03T17:16:07.711761Z</time></trkpt>
  <trkpt lat="37.4131544" lon="-121.9951620"><ele>114</ele><time>2026-05-03T17:16:07.813174Z</time></trkpt>
  <trkpt lat="37.4131387" lon="-121.9951574"><ele>113</ele><time>2026-05-03T17:16:07.913223Z</time></trkpt>
  <trkpt lat="37.4131213" lon="-121.9951514"><ele>112</ele><time>2026-05-03T17:16:08.013451Z</time></trkpt>
  <trkpt lat="37.4131052" lon="-121.9951450"><ele>111</ele><time>2026-05-03T17:16:08.113960Z</time></trkpt>
  <trkpt lat="37.4130911" lon="-121.9951395"><ele>109</ele><time>2026-05-03T17:16:08.214715Z</time></trkpt>
  <trkpt lat="37.4130911" lon="-121.9951395"><ele>109</ele><time>2026-05-03T17:16:08.308750Z</time></trkpt>
  <trkpt lat="37.4130788" lon="-121.9951352"><ele>107</ele><time>2026-05-03T17:16:08.315014Z</time></trkpt>
  <trkpt lat="37.4130666" lon="-121.9951300"><ele>105</ele><time>2026-05-03T17:16:08.415397Z</time></trkpt>
  <trkpt lat="37.4130563" lon="-121.9951226"><ele>104</ele><time>2026-05-03T17:16:08.515469Z</time></trkpt>
  <trkpt lat="37.4130474" lon="-121.9951128"><ele>102</ele><time>2026-05-03T17:16:08.616202Z</time></trkpt>
  <trkpt lat="37.4130414" lon="-121.9951012"><ele>100</ele><time>2026-05-03T17:16:08.716921Z</time></trkpt>
  <trkpt lat="37.4130380" lon="-121.9950899"><ele>98</ele><time>2026-05-03T17:16:08.817361Z</time></trkpt>
  <trkpt lat="37.4130346" lon="-121.9950835"><ele>95</ele><time>2026-05-03T17:16:08.917992Z</time></trkpt>
  <trkpt lat="37.4130308" lon="-121.9950790"><ele>93</ele><time>2026-05-03T17:16:08.998839Z</time></trkpt>
  <trkpt lat="37.4130261" lon="-121.9950762"><ele>91</ele><time>2026-05-03T17:16:09.099762Z</time></trkpt>
  <trkpt lat="37.4130215" lon="-121.9950757"><ele>89</ele><time>2026-05-03T17:16:09.201142Z</time></trkpt>
  <trkpt lat="37.4130179" lon="-121.9950768"><ele>86</ele><time>2026-05-03T17:16:09.301287Z</time></trkpt>
  <trkpt lat="37.4130162" lon="-121.9950816"><ele>84</ele><time>2026-05-03T17:16:09.401825Z</time></trkpt>
  <trkpt lat="37.4130174" lon="-121.9950887"><ele>81</ele><time>2026-05-03T17:16:09.502331Z</time></trkpt>
  <trkpt lat="37.4130206" lon="-121.9950978"><ele>78</ele><time>2026-05-03T17:16:09.602473Z</time></trkpt>
  <trkpt lat="37.4130249" lon="-121.9951090"><ele>76</ele><time>2026-05-03T17:16:09.702861Z</time></trkpt>
  <trkpt lat="37.4130322" lon="-121.9951221"><ele>75</ele><time>2026-05-03T17:16:09.803218Z</time></trkpt>
  <trkpt lat="37.4130407" lon="-121.9951359"><ele>74</ele><time>2026-05-03T17:16:09.903742Z</time></trkpt>
  <trkpt lat="37.4130478" lon="-121.9951496"><ele>73</ele><time>2026-05-03T17:16:10.004340Z</time></trkpt>
  <trkpt lat="37.4130553" lon="-121.9951622"><ele>73</ele><time>2026-05-03T17:16:10.105044Z</time></trkpt>
  <trkpt lat="37.4130649" lon="-121.9951725"><ele>74</ele><time>2026-05-03T17:16:10.206062Z</time></trkpt>
  <trkpt lat="37.4130761" lon="-121.9951823"><ele>75</ele><time>2026-05-03T17:16:10.306772Z</time></trkpt>
  <trkpt lat="37.4130884" lon="-121.9951937"><ele>76</ele><time>2026-05-03T17:16:10.407332Z</time></trkpt>
  <trkpt lat="37.4130884" lon="-121.9951937"><ele>76</ele><time>2026-05-03T17:16:10.463711Z</time></trkpt>
  <trkpt lat="37.4131010" lon="-121.9952045"><ele>77</ele><time>2026-05-03T17:16:10.508076Z</time></trkpt>
  <trkpt lat="37.4131127" lon="-121.9952139"><ele>78</ele><time>2026-05-03T17:16:10.608531Z</time></trkpt>
  <trkpt lat="37.4131234" lon="-121.9952217"><ele>79</ele><time>2026-05-03T17:16:10.709060Z</time></trkpt>
  <trkpt lat="37.4131345" lon="-121.9952285"><ele>80</ele><time>2026-05-03T17:16:10.809898Z</time></trkpt>
  <trkpt lat="37.4131455" lon="-121.9952340"><ele>81</ele><time>2026-05-03T17:16:10.909772Z</time></trkpt>
  <trkpt lat="37.4131560" lon="-121.9952367"><ele>82</ele><time>2026-05-03T17:16:11.010220Z</time></trkpt>
  <trkpt lat="37.4131684" lon="-121.9952373"><ele>84</ele><time>2026-05-03T17:16:11.110636Z</time></trkpt>
  <trkpt lat="37.4131786" lon="-121.9952373"><ele>85</ele><time>2026-05-03T17:16:11.210938Z</time></trkpt>
  <trkpt lat="37.4131891" lon="-121.9952360"><ele>86</ele><time>2026-05-03T17:16:11.311651Z</time></trkpt>
  <trkpt lat="37.4131991" lon="-121.9952349"><ele>88</ele><time>2026-05-03T17:16:11.412420Z</time></trkpt>
  <trkpt lat="37.4132109" lon="-121.9952340"><ele>89</ele><time>2026-05-03T17:16:11.512779Z</time></trkpt>
  <trkpt lat="37.4132228" lon="-121.9952323"><ele>90</ele><time>2026-05-03T17:16:11.613431Z</time></trkpt>
  <trkpt lat="37.4132350" lon="-121.9952297"><ele>91</ele><time>2026-05-03T17:16:11.694003Z</time></trkpt>
  <trkpt lat="37.4132478" lon="-121.9952268"><ele>92</ele><time>2026-05-03T17:16:11.815238Z</time></trkpt>
  <trkpt lat="37.4132617" lon="-121.9952257"><ele>92</ele><time>2026-05-03T17:16:11.895522Z</time></trkpt>
  <trkpt lat="37.4132757" lon="-121.9952250"><ele>93</ele><time>2026-05-03T17:16:11.996113Z</time></trkpt>
  <trkpt lat="37.4132902" lon="-121.9952241"><ele>94</ele><time>2026-05-03T17:16:12.096545Z</time></trkpt>
  <trkpt lat="37.4133054" lon="-121.9952225"><ele>94</ele><time>2026-05-03T17:16:12.196891Z</time></trkpt>
  <trkpt lat="37.4133207" lon="-121.9952217"><ele>94</ele><time>2026-05-03T17:16:12.297661Z</time></trkpt>
  <trkpt lat="37.4133335" lon="-121.9952230"><ele>95</ele><time>2026-05-03T17:16:12.399509Z</time></trkpt>
  <trkpt lat="37.4133444" lon="-121.9952248"><ele>96</ele><time>2026-05-03T17:16:12.500116Z</time></trkpt>
  <trkpt lat="37.4133546" lon="-121.9952270"><ele>97</ele><time>2026-05-03T17:16:12.600909Z</time></trkpt>
  <trkpt lat="37.4133546" lon="-121.9952270"><ele>97</ele><time>2026-05-03T17:16:12.625084Z</time></trkpt>
  <trkpt lat="37.4133641" lon="-121.9952293"><ele>98</ele><time>2026-05-03T17:16:12.702186Z</time></trkpt>
  <trkpt lat="37.4133721" lon="-121.9952313"><ele>99</ele><time>2026-05-03T17:16:12.803075Z</time></trkpt>
  <trkpt lat="37.4133777" lon="-121.9952330"><ele>100</ele><time>2026-05-03T17:16:12.903073Z</time></trkpt>
  <trkpt lat="37.4133810" lon="-121.9952344"><ele>101</ele><time>2026-05-03T17:16:13.003225Z</time></trkpt>
  <trkpt lat="37.4133845" lon="-121.9952359"><ele>102</ele><time>2026-05-03T17:16:13.103781Z</time></trkpt>
  <trkpt lat="37.4133886" lon="-121.9952374"><ele>103</ele><time>2026-05-03T17:16:13.204258Z</time></trkpt>
  <trkpt lat="37.4133924" lon="-121.9952392"><ele>104</ele><time>2026-05-03T17:16:13.305302Z</time></trkpt>
  <trkpt lat="37.4133964" lon="-121.9952410"><ele>106</ele><time>2026-05-03T17:16:13.405790Z</time></trkpt>
  <trkpt lat="37.4134001" lon="-121.9952426"><ele>107</ele><time>2026-05-03T17:16:13.506223Z</time></trkpt>
  <trkpt lat="37.4134034" lon="-121.9952438"><ele>108</ele><time>2026-05-03T17:16:13.607218Z</time></trkpt>
  <trkpt lat="37.4134060" lon="-121.9952447"><ele>109</ele><time>2026-05-03T17:16:13.707870Z</time></trkpt>
  <trkpt lat="37.4134082" lon="-121.9952461"><ele>110</ele><time>2026-05-03T17:16:13.808556Z</time></trkpt>
  <trkpt lat="37.4134102" lon="-121.9952471"><ele>111</ele><time>2026-05-03T17:16:13.909492Z</time></trkpt>
  <trkpt lat="37.4134117" lon="-121.9952476"><ele>112</ele><time>2026-05-03T17:16:14.010102Z</time></trkpt>
  <trkpt lat="37.4134124" lon="-121.9952481"><ele>114</ele><time>2026-05-03T17:16:14.110592Z</time></trkpt>
  <trkpt lat="37.4134129" lon="-121.9952484"><ele>115</ele><time>2026-05-03T17:16:14.210988Z</time></trkpt>
  <trkpt lat="37.4134131" lon="-121.9952484"><ele>116</ele><time>2026-05-03T17:16:14.311535Z</time></trkpt>
  <trkpt lat="37.4134129" lon="-121.9952478"><ele>117</ele><time>2026-05-03T17:16:14.392181Z</time></trkpt>
  <trkpt lat="37.4134119" lon="-121.9952468"><ele>118</ele><time>2026-05-03T17:16:14.493547Z</time></trkpt>
  <trkpt lat="37.4134105" lon="-121.9952454"><ele>119</ele><time>2026-05-03T17:16:14.594593Z</time></trkpt>
  <trkpt lat="37.4134091" lon="-121.9952441"><ele>120</ele><time>2026-05-03T17:16:14.694551Z</time></trkpt>
  <trkpt lat="37.4134091" lon="-121.9952441"><ele>120</ele><time>2026-05-03T17:16:14.788579Z</time></trkpt>
  <trkpt lat="37.4134073" lon="-121.9952421"><ele>121</ele><time>2026-05-03T17:16:14.795330Z</time></trkpt>
  <trkpt lat="37.4134052" lon="-121.9952396"><ele>122</ele><time>2026-05-03T17:16:14.896290Z</time></trkpt>
  <trkpt lat="37.4134026" lon="-121.9952368"><ele>123</ele><time>2026-05-03T17:16:14.997188Z</time></trkpt>
  <trkpt lat="37.4133996" lon="-121.9952349"><ele>124</ele><time>2026-05-03T17:16:15.098194Z</time></trkpt>
  <trkpt lat="37.4133958" lon="-121.9952338"><ele>125</ele><time>2026-05-03T17:16:15.199346Z</time></trkpt>
  <trkpt lat="37.4133912" lon="-121.9952324"><ele>126</ele><time>2026-05-03T17:16:15.299764Z</time></trkpt>
  <trkpt lat="37.4133858" lon="-121.9952304"><ele>127</ele><time>2026-05-03T17:16:15.400249Z</time></trkpt>
  <trkpt lat="37.4133797" lon="-121.9952274"><ele>128</ele><time>2026-05-03T17:16:15.500476Z</time></trkpt>
  <trkpt lat="37.4133730" lon="-121.9952249"><ele>128</ele><time>2026-05-03T17:16:15.601267Z</time></trkpt>
  <trkpt lat="37.4133663" lon="-121.9952242"><ele>129</ele><time>2026-05-03T17:16:15.702786Z</time></trkpt>
  <trkpt lat="37.4133600" lon="-121.9952258"><ele>129</ele><time>2026-05-03T17:16:15.803863Z</time></trkpt>
  <trkpt lat="37.4133526" lon="-121.9952301"><ele>129</ele><time>2026-05-03T17:16:15.905368Z</time></trkpt>
  <trkpt lat="37.4133458" lon="-121.9952356"><ele>129</ele><time>2026-05-03T17:16:16.006230Z</time></trkpt>
  <trkpt lat="37.4133399" lon="-121.9952428"><ele>129</ele><time>2026-05-03T17:16:16.107193Z</time></trkpt>
  <trkpt lat="37.4133354" lon="-121.9952516"><ele>129</ele><time>2026-05-03T17:16:16.187820Z</time></trkpt>
  <trkpt lat="37.4133320" lon="-121.9952621"><ele>128</ele><time>2026-05-03T17:16:16.289033Z</time></trkpt>
  <trkpt lat="37.4133302" lon="-121.9952737"><ele>128</ele><time>2026-05-03T17:16:16.389352Z</time></trkpt>
  <trkpt lat="37.4133306" lon="-121.9952862"><ele>128</ele><time>2026-05-03T17:16:16.489930Z</time></trkpt>
  <trkpt lat="37.4133333" lon="-121.9952985"><ele>128</ele><time>2026-05-03T17:16:16.590651Z</time></trkpt>
  <trkpt lat="37.4133379" lon="-121.9953112"><ele>128</ele><time>2026-05-03T17:16:16.690737Z</time></trkpt>
  <trkpt lat="37.4133439" lon="-121.9953238"><ele>128</ele><time>2026-05-03T17:16:16.791325Z</time></trkpt>
  <trkpt lat="37.4133524" lon="-121.9953355"><ele>128</ele><time>2026-05-03T17:16:16.892423Z</time></trkpt>
  <trkpt lat="37.4133524" lon="-121.9953355"><ele>128</ele><time>2026-05-03T17:16:16.947164Z</time></trkpt>
  <trkpt lat="37.4133626" lon="-121.9953454"><ele>128</ele><time>2026-05-03T17:16:16.993903Z</time></trkpt>
  <trkpt lat="37.4133747" lon="-121.9953546"><ele>128</ele><time>2026-05-03T17:16:17.094127Z</time></trkpt>
  <trkpt lat="37.4133871" lon="-121.9953636"><ele>128</ele><time>2026-05-03T17:16:17.195297Z</time></trkpt>
  <trkpt lat="37.4134002" lon="-121.9953723"><ele>128</ele><time>2026-05-03T17:16:17.296052Z</time></trkpt>
  <trkpt lat="37.4134137" lon="-121.9953817"><ele>128</ele><time>2026-05-03T17:16:17.397123Z</time></trkpt>
  <trkpt lat="37.4134264" lon="-121.9953916"><ele>128</ele><time>2026-05-03T17:16:17.497274Z</time></trkpt>
  <trkpt lat="37.4134401" lon="-121.9953993"><ele>127</ele><time>2026-05-03T17:16:17.598206Z</time></trkpt>
  <trkpt lat="37.4134544" lon="-121.9954058"><ele>127</ele><time>2026-05-03T17:16:17.699601Z</time></trkpt>
  <trkpt lat="37.4134687" lon="-121.9954124"><ele>126</ele><time>2026-05-03T17:16:17.799904Z</time></trkpt>
  <trkpt lat="37.4134828" lon="-121.9954185"><ele>125</ele><time>2026-05-03T17:16:17.900745Z</time></trkpt>
  <trkpt lat="37.4134986" lon="-121.9954231"><ele>124</ele><time>2026-05-03T17:16:18.001330Z</time></trkpt>
  <trkpt lat="37.4135160" lon="-121.9954245"><ele>123</ele><time>2026-05-03T17:16:18.102206Z</time></trkpt>
  <trkpt lat="37.4135339" lon="-121.9954248"><ele>123</ele><time>2026-05-03T17:16:18.202852Z</time></trkpt>
  <trkpt lat="37.4135520" lon="-121.9954250"><ele>124</ele><time>2026-05-03T17:16:18.304012Z</time></trkpt>
  <trkpt lat="37.4135688" lon="-121.9954249"><ele>124</ele><time>2026-05-03T17:16:18.404755Z</time></trkpt>
  <trkpt lat="37.4135847" lon="-121.9954255"><ele>125</ele><time>2026-05-03T17:16:18.505546Z</time></trkpt>
  <trkpt lat="37.4135981" lon="-121.9954273"><ele>126</ele><time>2026-05-03T17:16:18.606286Z</time></trkpt>
  <trkpt lat="37.4136100" lon="-121.9954295"><ele>128</ele><time>2026-05-03T17:16:18.707805Z</time></trkpt>
  <trkpt lat="37.4136218" lon="-121.9954316"><ele>129</ele><time>2026-05-03T17:16:18.808258Z</time></trkpt>
  <trkpt lat="37.4136345" lon="-121.9954341"><ele>130</ele><time>2026-05-03T17:16:18.889025Z</time></trkpt>
  <trkpt lat="37.4136487" lon="-121.9954367"><ele>131</ele><time>2026-05-03T17:16:18.989951Z</time></trkpt>
  <trkpt lat="37.4136638" lon="-121.9954396"><ele>132</ele><time>2026-05-03T17:16:19.090751Z</time></trkpt>
  <trkpt lat="37.4136638" lon="-121.9954396"><ele>132</ele><time>2026-05-03T17:16:19.101771Z</time></trkpt>
  <trkpt lat="37.4136781" lon="-121.9954427"><ele>133</ele><time>2026-05-03T17:16:19.192376Z</time></trkpt>
  <trkpt lat="37.4136909" lon="-121.9954448"><ele>134</ele><time>2026-05-03T17:16:19.293150Z</time></trkpt>
  <trkpt lat="37.4137018" lon="-121.9954462"><ele>135</ele><time>2026-05-03T17:16:19.393844Z</time></trkpt>
  <trkpt lat="37.4137103" lon="-121.9954473"><ele>136</ele><time>2026-05-03T17:16:19.494074Z</time></trkpt>
  <trkpt lat="37.4137170" lon="-121.9954484"><ele>137</ele><time>2026-05-03T17:16:19.594791Z</time></trkpt>
  <trkpt lat="37.4137232" lon="-121.9954492"><ele>139</ele><time>2026-05-03T17:16:19.695416Z</time></trkpt>
  <trkpt lat="37.4137281" lon="-121.9954486"><ele>140</ele><time>2026-05-03T17:16:19.796609Z</time></trkpt>
  <trkpt lat="37.4137307" lon="-121.9954459"><ele>141</ele><time>2026-05-03T17:16:19.896857Z</time></trkpt>
  <trkpt lat="37.4137316" lon="-121.9954418"><ele>142</ele><time>2026-05-03T17:16:19.997567Z</time></trkpt>
  <trkpt lat="37.4137319" lon="-121.9954371"><ele>143</ele><time>2026-05-03T17:16:20.097887Z</time></trkpt>
  <trkpt lat="37.4137316" lon="-121.9954314"><ele>145</ele><time>2026-05-03T17:16:20.198224Z</time></trkpt>
  <trkpt lat="37.4137302" lon="-121.9954243"><ele>146</ele><time>2026-05-03T17:16:20.298890Z</time></trkpt>
  <trkpt lat="37.4137280" lon="-121.9954154"><ele>146</ele><time>2026-05-03T17:16:20.399322Z</time></trkpt>
  <trkpt lat="37.4137251" lon="-121.9954050"><ele>147</ele><time>2026-05-03T17:16:20.499694Z</time></trkpt>
  <trkpt lat="37.4137216" lon="-121.9953935"><ele>147</ele><time>2026-05-03T17:16:20.599651Z</time></trkpt>
  <trkpt lat="37.4137179" lon="-121.9953809"><ele>148</ele><time>2026-05-03T17:16:20.700154Z</time></trkpt>
  <trkpt lat="37.4137141" lon="-121.9953683"><ele>148</ele><time>2026-05-03T17:16:20.800483Z</time></trkpt>
  <trkpt lat="37.4137098" lon="-121.9953552"><ele>148</ele><time>2026-05-03T17:16:20.900911Z</time></trkpt>
  <trkpt lat="37.4137058" lon="-121.9953413"><ele>148</ele><time>2026-05-03T17:16:21.001034Z</time></trkpt>
  <trkpt lat="37.4137015" lon="-121.9953249"><ele>148</ele><time>2026-05-03T17:16:21.101743Z</time></trkpt>
  <trkpt lat="37.4136970" lon="-121.9953070"><ele>148</ele><time>2026-05-03T17:16:21.202476Z</time></trkpt>
  <trkpt lat="37.4136970" lon="-121.9953070"><ele>148</ele><time>2026-05-03T17:16:21.260226Z</time></trkpt>
  <trkpt lat="37.4136934" lon="-121.9952879"><ele>148</ele><time>2026-05-03T17:16:21.302773Z</time></trkpt>
  <trkpt lat="37.4136907" lon="-121.9952688"><ele>148</ele><time>2026-05-03T17:16:21.404144Z</time></trkpt>
  <trkpt lat="37.4136882" lon="-121.9952485"><ele>148</ele><time>2026-05-03T17:16:21.484237Z</time></trkpt>
  <trkpt lat="37.4136842" lon="-121.9952287"><ele>147</ele><time>2026-05-03T17:16:21.584811Z</time></trkpt>
  <trkpt lat="37.4136773" lon="-121.9952104"><ele>147</ele><time>2026-05-03T17:16:21.685913Z</time></trkpt>
  <trkpt lat="37.4136681" lon="-121.9951942"><ele>147</ele><time>2026-05-03T17:16:21.786564Z</time></trkpt>
  <trkpt lat="37.4136577" lon="-121.9951801"><ele>147</ele><time>2026-05-03T17:16:21.887206Z</time></trkpt>
  <trkpt lat="37.4136461" lon="-121.9951683"><ele>147</ele><time>2026-05-03T17:16:21.987980Z</time></trkpt>
  <trkpt lat="37.4136333" lon="-121.9951586"><ele>147</ele><time>2026-05-03T17:16:22.088653Z</time></trkpt>
  <trkpt lat="37.4136202" lon="-121.9951509"><ele>147</ele><time>2026-05-03T17:16:22.189173Z</time></trkpt>
  <trkpt lat="37.4136066" lon="-121.9951437"><ele>147</ele><time>2026-05-03T17:16:22.289814Z</time></trkpt>
  <trkpt lat="37.4135924" lon="-121.9951345"><ele>147</ele><time>2026-05-03T17:16:22.390184Z</time></trkpt>
  <trkpt lat="37.4135782" lon="-121.9951244"><ele>147</ele><time>2026-05-03T17:16:22.491366Z</time></trkpt>
  <trkpt lat="37.4135636" lon="-121.9951161"><ele>147</ele><time>2026-05-03T17:16:22.591980Z</time></trkpt>
  <trkpt lat="37.4135480" lon="-121.9951104"><ele>147</ele><time>2026-05-03T17:16:22.692688Z</time></trkpt>
  <trkpt lat="37.4135339" lon="-121.9951080"><ele>147</ele><time>2026-05-03T17:16:22.793935Z</time></trkpt>
  <trkpt lat="37.4135203" lon="-121.9951068"><ele>146</ele><time>2026-05-03T17:16:22.894633Z</time></trkpt>
  <trkpt lat="37.4135067" lon="-121.9951066"><ele>146</ele><time>2026-05-03T17:16:22.995144Z</time></trkpt>
  <trkpt lat="37.4134934" lon="-121.9951072"><ele>146</ele><time>2026-05-03T17:16:23.095957Z</time></trkpt>
  <trkpt lat="37.4134801" lon="-121.9951082"><ele>146</ele><time>2026-05-03T17:16:23.196169Z</time></trkpt>
  <trkpt lat="37.4134670" lon="-121.9951098"><ele>146</ele><time>2026-05-03T17:16:23.296876Z</time></trkpt>
  <trkpt lat="37.4134539" lon="-121.9951119"><ele>145</ele><time>2026-05-03T17:16:23.397673Z</time></trkpt>
  <trkpt lat="37.4134539" lon="-121.9951119"><ele>145</ele><time>2026-05-03T17:16:23.410494Z</time></trkpt>
  <trkpt lat="37.4134408" lon="-121.9951141"><ele>145</ele><time>2026-05-03T17:16:23.498541Z</time></trkpt>
  <trkpt lat="37.4134280" lon="-121.9951168"><ele>145</ele><time>2026-05-03T17:16:23.598787Z</time></trkpt>
  <trkpt lat="37.4134153" lon="-121.9951197"><ele>144</ele><time>2026-05-03T17:16:23.698830Z</time></trkpt>
  <trkpt lat="37.4134030" lon="-121.9951228"><ele>144</ele><time>2026-05-03T17:16:23.799102Z</time></trkpt>
  <trkpt lat="37.4133909" lon="-121.9951263"><ele>143</ele><time>2026-05-03T17:16:23.899822Z</time></trkpt>
  <trkpt lat="37.4133789" lon="-121.9951302"><ele>142</ele><time>2026-05-03T17:16:24.000766Z</time></trkpt>
  <trkpt lat="37.4133668" lon="-121.9951344"><ele>142</ele><time>2026-05-03T17:16:24.081666Z</time></trkpt>
  <trkpt lat="37.4133549" lon="-121.9951387"><ele>141</ele><time>2026-05-03T17:16:24.182595Z</time></trkpt>
  <trkpt lat="37.4133431" lon="-121.9951433"><ele>140</ele><time>2026-05-03T17:16:24.283655Z</time></trkpt>
  <trkpt lat="37.4133312" lon="-121.9951480"><ele>140</ele><time>2026-05-03T17:16:24.384091Z</time></trkpt>
  <trkpt lat="37.4133196" lon="-121.9951525"><ele>139</ele><time>2026-05-03T17:16:24.484605Z</time></trkpt>
  <trkpt lat="37.4133083" lon="-121.9951570"><ele>138</ele><time>2026-05-03T17:16:24.585085Z</time></trkpt>
  <trkpt lat="37.4132972" lon="-121.9951610"><ele>137</ele><time>2026-05-03T17:16:24.685640Z</time></trkpt>
  <trkpt lat="37.4132862" lon="-121.9951652"><ele>136</ele><time>2026-05-03T17:16:24.786274Z</time></trkpt>
  <trkpt lat="37.4132754" lon="-121.9951696"><ele>135</ele><time>2026-05-03T17:16:24.887197Z</time></trkpt>
  <trkpt lat="37.4132648" lon="-121.9951746"><ele>134</ele><time>2026-05-03T17:16:24.988478Z</time></trkpt>
  <trkpt lat="37.4132545" lon="-121.9951795"><ele>133</ele><time>2026-05-03T17:16:25.088920Z</time></trkpt>
  <trkpt lat="37.4132444" lon="-121.9951836"><ele>131</ele><time>2026-05-03T17:16:25.189366Z</time></trkpt>
  <trkpt lat="37.4132345" lon="-121.9951868"><ele>130</ele><time>2026-05-03T17:16:25.291169Z</time></trkpt>
  <trkpt lat="37.4132250" lon="-121.9951892"><ele>128</ele><time>2026-05-03T17:16:25.392695Z</time></trkpt>
  <trkpt lat="37.4132157" lon="-121.9951906"><ele>127</ele><time>2026-05-03T17:16:25.492659Z</time></trkpt>
  <trkpt lat="37.4132157" lon="-121.9951906"><ele>127</ele><time>2026-05-03T17:16:25.569356Z</time></trkpt>
  <trkpt lat="37.4132072" lon="-121.9951903"><ele>125</ele><time>2026-05-03T17:16:25.593122Z</time></trkpt>
  <trkpt lat="37.4131997" lon="-121.9951867"><ele>123</ele><time>2026-05-03T17:16:25.693445Z</time></trkpt>
  <trkpt lat="37.4131937" lon="-121.9951803"><ele>121</ele><time>2026-05-03T17:16:25.795181Z</time></trkpt>
  <trkpt lat="37.4131890" lon="-121.9951719"><ele>119</ele><time>2026-05-03T17:16:25.895621Z</time></trkpt>
  <trkpt lat="37.4131848" lon="-121.9951607"><ele>117</ele><time>2026-05-03T17:16:25.995765Z</time></trkpt>
  <trkpt lat="37.4131814" lon="-121.9951481"><ele>115</ele><time>2026-05-03T17:16:26.096809Z</time></trkpt>
  <trkpt lat="37.4131790" lon="-121.9951348"><ele>112</ele><time>2026-05-03T17:16:26.197511Z</time></trkpt>
  <trkpt lat="37.4131769" lon="-121.9951200"><ele>110</ele><time>2026-05-03T17:16:26.298379Z</time></trkpt>
  <trkpt lat="37.4131750" lon="-121.9951051"><ele>108</ele><time>2026-05-03T17:16:26.398886Z</time></trkpt>
  <trkpt lat="37.4131736" lon="-121.9950898"><ele>106</ele><time>2026-05-03T17:16:26.499003Z</time></trkpt>
  <trkpt lat="37.4131728" lon="-121.9950746"><ele>104</ele><time>2026-05-03T17:16:26.579324Z</time></trkpt>
  <trkpt lat="37.4131720" lon="-121.9950589"><ele>102</ele><time>2026-05-03T17:16:26.679840Z</time></trkpt>
  <trkpt lat="37.4131719" lon="-121.9950430"><ele>100</ele><time>2026-05-03T17:16:26.780057Z</time></trkpt>
  <trkpt lat="37.4131722" lon="-121.9950264"><ele>98</ele><time>2026-05-03T17:16:26.880883Z</time></trkpt>
  <trkpt lat="37.4131733" lon="-121.9950093"><ele>95</ele><time>2026-05-03T17:16:26.981565Z</time></trkpt>
  <trkpt lat="37.4131754" lon="-121.9949918"><ele>93</ele><time>2026-05-03T17:16:27.082311Z</time></trkpt>
  <trkpt lat="37.4131789" lon="-121.9949732"><ele>91</ele><time>2026-05-03T17:16:27.183295Z</time></trkpt>
  <trkpt lat="37.4131839" lon="-121.9949543"><ele>89</ele><time>2026-05-03T17:16:27.283775Z</time></trkpt>
  <trkpt lat="37.4131902" lon="-121.9949350"><ele>87</ele><time>2026-05-03T17:16:27.384253Z</time></trkpt>
  <trkpt lat="37.4131968" lon="-121.9949157"><ele>85</ele><time>2026-05-03T17:16:27.484601Z</time></trkpt>
  <trkpt lat="37.4132042" lon="-121.9948963"><ele>83</ele><time>2026-05-03T17:16:27.585425Z</time></trkpt>
  <trkpt lat="37.4132137" lon="-121.9948763"><ele>81</ele><time>2026-05-03T17:16:27.686094Z</time></trkpt>
  <trkpt lat="37.4132137" lon="-121.9948763"><ele>81</ele><time>2026-05-03T17:16:27.725642Z</time></trkpt>
  <trkpt lat="37.4132256" lon="-121.9948561"><ele>79</ele><time>2026-05-03T17:16:27.786642Z</time></trkpt>
  <trkpt lat="37.4132395" lon="-121.9948360"><ele>78</ele><time>2026-05-03T17:16:27.886988Z</time></trkpt>
  <trkpt lat="37.4132553" lon="-121.9948159"><ele>77</ele><time>2026-05-03T17:16:27.987671Z</time></trkpt>
  <trkpt lat="37.4132722" lon="-121.9947960"><ele>76</ele><time>2026-05-03T17:16:28.088972Z</time></trkpt>
  <trkpt lat="37.4132897" lon="-121.9947766"><ele>75</ele><time>2026-05-03T17:16:28.189222Z</time></trkpt>
  <trkpt lat="37.4133077" lon="-121.9947577"><ele>75</ele><time>2026-05-03T17:16:28.290448Z</time></trkpt>
  <trkpt lat="37.4133259" lon="-121.9947392"><ele>75</ele><time>2026-05-03T17:16:28.391975Z</time></trkpt>
  <trkpt lat="37.4133437" lon="-121.9947213"><ele>74</ele><time>2026-05-03T17:16:28.492442Z</time></trkpt>
  <trkpt lat="37.4133612" lon="-121.9947035"><ele>74</ele><time>2026-05-03T17:16:28.593338Z</time></trkpt>
  <trkpt lat="37.4133782" lon="-121.9946860"><ele>74</ele><time>2026-05-03T17:16:28.694565Z</time></trkpt>
  <trkpt lat="37.4133948" lon="-121.9946688"><ele>73</ele><time>2026-05-03T17:16:28.794988Z</time></trkpt>
  <trkpt lat="37.4134111" lon="-121.9946519"><ele>72</ele><time>2026-05-03T17:16:28.895912Z</time></trkpt>
  <trkpt lat="37.4134269" lon="-121.9946351"><ele>72</ele><time>2026-05-03T17:16:28.996880Z</time></trkpt>
  <trkpt lat="37.4134420" lon="-121.9946174"><ele>71</ele><time>2026-05-03T17:16:29.076807Z</time></trkpt>
  <trkpt lat="37.4134560" lon="-121.9945982"><ele>71</ele><time>2026-05-03T17:16:29.177368Z</time></trkpt>
  <trkpt lat="37.4134686" lon="-121.9945783"><ele>70</ele><time>2026-05-03T17:16:29.277642Z</time></trkpt>
  <trkpt lat="37.4134796" lon="-121.9945568"><ele>70</ele><time>2026-05-03T17:16:29.378793Z</time></trkpt>
  <trkpt lat="37.4134886" lon="-121.9945341"><ele>70</ele><time>2026-05-03T17:16:29.479380Z</time></trkpt>
  <trkpt lat="37.4134958" lon="-121.9945108"><ele>70</ele><time>2026-05-03T17:16:29.579785Z</time></trkpt>
  <trkpt lat="37.4135018" lon="-121.9944873"><ele>70</ele><time>2026-05-03T17:16:29.680598Z</time></trkpt>
  <trkpt lat="37.4135069" lon="-121.9944636"><ele>70</ele><time>2026-05-03T17:16:29.780994Z</time></trkpt>
  <trkpt lat="37.4135069" lon="-121.9944636"><ele>70</ele><time>2026-05-03T17:16:29.880758Z</time></trkpt>
  <trkpt lat="37.4135115" lon="-121.9944400"><ele>70</ele><time>2026-05-03T17:16:29.881742Z</time></trkpt>
  <trkpt lat="37.4135155" lon="-121.9944164"><ele>70</ele><time>2026-05-03T17:16:29.982354Z</time></trkpt>
  <trkpt lat="37.4135188" lon="-121.9943931"><ele>70</ele><time>2026-05-03T17:16:30.082604Z</time></trkpt>
  <trkpt lat="37.4135210" lon="-121.9943696"><ele>70</ele><time>2026-05-03T17:16:30.183686Z</time></trkpt>
  <trkpt lat="37.4135218" lon="-121.9943468"><ele>70</ele><time>2026-05-03T17:16:30.284985Z</time></trkpt>
  <trkpt lat="37.4135215" lon="-121.9943241"><ele>70</ele><time>2026-05-03T17:16:30.385540Z</time></trkpt>
  <trkpt lat="37.4135201" lon="-121.9943014"><ele>69</ele><time>2026-05-03T17:16:30.485740Z</time></trkpt>
  <trkpt lat="37.4135175" lon="-121.9942792"><ele>69</ele><time>2026-05-03T17:16:30.586096Z</time></trkpt>
  <trkpt lat="37.4135142" lon="-121.9942576"><ele>69</ele><time>2026-05-03T17:16:30.686960Z</time></trkpt>
  <trkpt lat="37.4135106" lon="-121.9942363"><ele>69</ele><time>2026-05-03T17:16:30.787638Z</time></trkpt>
  <trkpt lat="37.4135063" lon="-121.9942153"><ele>69</ele><time>2026-05-03T17:16:30.888224Z</time></trkpt>
  <trkpt lat="37.4135018" lon="-121.9941948"><ele>68</ele><time>2026-05-03T17:16:30.988968Z</time></trkpt>
  <trkpt lat="37.4134969" lon="-121.9941745"><ele>68</ele><time>2026-05-03T17:16:31.089542Z</time></trkpt>
  <trkpt lat="37.4134914" lon="-121.9941546"><ele>67</ele><time>2026-05-03T17:16:31.190111Z</time></trkpt>
  <trkpt lat="37.4134859" lon="-121.9941350"><ele>66</ele><time>2026-05-03T17:16:31.290866Z</time></trkpt>
  <trkpt lat="37.4134802" lon="-121.9941159"><ele>66</ele><time>2026-05-03T17:16:31.390858Z</time></trkpt>
  <trkpt lat="37.4134738" lon="-121.9940974"><ele>65</ele><time>2026-05-03T17:16:31.491552Z</time></trkpt>
  <trkpt lat="37.4134668" lon="-121.9940795"><ele>64</ele><time>2026-05-03T17:16:31.592661Z</time></trkpt>
  <trkpt lat="37.4134594" lon="-121.9940621"><ele>63</ele><time>2026-05-03T17:16:31.692718Z</time></trkpt>
  <trkpt lat="37.4134514" lon="-121.9940454"><ele>62</ele><time>2026-05-03T17:16:31.792822Z</time></trkpt>
  <trkpt lat="37.4134428" lon="-121.9940295"><ele>61</ele><time>2026-05-03T17:16:31.873213Z</time></trkpt>
  <trkpt lat="37.4134336" lon="-121.9940145"><ele>60</ele><time>2026-05-03T17:16:31.974313Z</time></trkpt>
  <trkpt lat="37.4134336" lon="-121.9940145"><ele>60</ele><time>2026-05-03T17:16:32.040872Z</time></trkpt>
  <trkpt lat="37.4134233" lon="-121.9940008"><ele>59</ele><time>2026-05-03T17:16:32.074961Z</time></trkpt>
  <trkpt lat="37.4134116" lon="-121.9939886"><ele>58</ele><time>2026-05-03T17:16:32.175453Z</time></trkpt>
  <trkpt lat="37.4133985" lon="-121.9939779"><ele>57</ele><time>2026-05-03T17:16:32.276110Z</time></trkpt>
  <trkpt lat="37.4133843" lon="-121.9939681"><ele>56</ele><time>2026-05-03T17:16:32.377363Z</time></trkpt>
  <trkpt lat="37.4133692" lon="-121.9939591"><ele>55</ele><time>2026-05-03T17:16:32.478042Z</time></trkpt>
  <trkpt lat="37.4133532" lon="-121.9939503"><ele>55</ele><time>2026-05-03T17:16:32.578467Z</time></trkpt>
  <trkpt lat="37.4133368" lon="-121.9939419"><ele>54</ele><time>2026-05-03T17:16:32.678515Z</time></trkpt>
  <trkpt lat="37.4133202" lon="-121.9939336"><ele>54</ele><time>2026-05-03T17:16:32.779433Z</time></trkpt>
  <trkpt lat="37.4133041" lon="-121.9939252"><ele>53</ele><time>2026-05-03T17:16:32.880007Z</time></trkpt>
  <trkpt lat="37.4132879" lon="-121.9939173"><ele>53</ele><time>2026-05-03T17:16:32.980237Z</time></trkpt>
  <trkpt lat="37.4132714" lon="-121.9939099"><ele>53</ele><time>2026-05-03T17:16:33.080812Z</time></trkpt>
  <trkpt lat="37.4132548" lon="-121.9939031"><ele>52</ele><time>2026-05-03T17:16:33.181457Z</time></trkpt>
  <trkpt lat="37.4132381" lon="-121.9938974"><ele>52</ele><time>2026-05-03T17:16:33.282134Z</time></trkpt>
  <trkpt lat="37.4132212" lon="-121.9938929"><ele>51</ele><time>2026-05-03T17:16:33.383309Z</time></trkpt>
  <trkpt lat="37.4132044" lon="-121.9938895"><ele>51</ele><time>2026-05-03T17:16:33.484094Z</time></trkpt>
  <trkpt lat="37.4131874" lon="-121.9938872"><ele>51</ele><time>2026-05-03T17:16:33.585397Z</time></trkpt>
  <trkpt lat="37.4131705" lon="-121.9938852"><ele>51</ele><time>2026-05-03T17:16:33.686128Z</time></trkpt>
  <trkpt lat="37.4131542" lon="-121.9938835"><ele>50</ele><time>2026-05-03T17:16:33.786702Z</time></trkpt>
  <trkpt lat="37.4131378" lon="-121.9938821"><ele>50</ele><time>2026-05-03T17:16:33.888168Z</time></trkpt>
  <trkpt lat="37.4131216" lon="-121.9938809"><ele>49</ele><time>2026-05-03T17:16:33.989136Z</time></trkpt>
  <trkpt lat="37.4131052" lon="-121.9938797"><ele>49</ele><time>2026-05-03T17:16:34.089303Z</time></trkpt>
  <trkpt lat="37.4130894" lon="-121.9938783"><ele>48</ele><time>2026-05-03T17:16:34.190056Z</time></trkpt>
  <trkpt lat="37.4130894" lon="-121.9938783"><ele>48</ele><time>2026-05-03T17:16:34.199418Z</time></trkpt>
  <trkpt lat="37.4130738" lon="-121.9938768"><ele>48</ele><time>2026-05-03T17:16:34.290174Z</time></trkpt>
  <trkpt lat="37.4130583" lon="-121.9938748"><ele>47</ele><time>2026-05-03T17:16:34.370477Z</time></trkpt>
  <trkpt lat="37.4130428" lon="-121.9938723"><ele>47</ele><time>2026-05-03T17:16:34.471129Z</time></trkpt>
  <trkpt lat="37.4130273" lon="-121.9938691"><ele>46</ele><time>2026-05-03T17:16:34.571748Z</time></trkpt>
  <trkpt lat="37.4130118" lon="-121.9938652"><ele>45</ele><time>2026-05-03T17:16:34.672398Z</time></trkpt>
  <trkpt lat="37.4129963" lon="-121.9938609"><ele>45</ele><time>2026-05-03T17:16:34.772876Z</time></trkpt>
  <trkpt lat="37.4129808" lon="-121.9938563"><ele>44</ele><time>2026-05-03T17:16:34.873643Z</time></trkpt>
  <trkpt lat="37.4129660" lon="-121.9938515"><ele>44</ele><time>2026-05-03T17:16:34.973821Z</time></trkpt>
  <trkpt lat="37.4129515" lon="-121.9938470"><ele>44</ele><time>2026-05-03T17:16:35.073934Z</time></trkpt>
  <trkpt lat="37.4129369" lon="-121.9938426"><ele>43</ele><time>2026-05-03T17:16:35.174553Z</time></trkpt>
  <trkpt lat="37.4129223" lon="-121.9938386"><ele>43</ele><time>2026-05-03T17:16:35.275211Z</time></trkpt>
  <trkpt lat="37.4129077" lon="-121.9938348"><ele>43</ele><time>2026-05-03T17:16:35.375854Z</time></trkpt>
  <trkpt lat="37.4128934" lon="-121.9938314"><ele>42</ele><time>2026-05-03T17:16:35.476596Z</time></trkpt>
  <trkpt lat="37.4128792" lon="-121.9938280"><ele>42</ele><time>2026-05-03T17:16:35.576881Z</time></trkpt>
  <trkpt lat="37.4128653" lon="-121.9938248"><ele>42</ele><time>2026-05-03T17:16:35.677081Z</time></trkpt>
  <trkpt lat="37.4128515" lon="-121.9938217"><ele>41</ele><time>2026-05-03T17:16:35.777712Z</time></trkpt>
  <trkpt lat="37.4128379" lon="-121.9938188"><ele>41</ele><time>2026-05-03T17:16:35.878018Z</time></trkpt>
  <trkpt lat="37.4128245" lon="-121.9938162"><ele>41</ele><time>2026-05-03T17:16:35.978445Z</time></trkpt>
  <trkpt lat="37.4128113" lon="-121.9938139"><ele>40</ele><time>2026-05-03T17:16:36.078953Z</time></trkpt>
  <trkpt lat="37.4127983" lon="-121.9938120"><ele>40</ele><time>2026-05-03T17:16:36.180044Z</time></trkpt>
  <trkpt lat="37.4127853" lon="-121.9938103"><ele>40</ele><time>2026-05-03T17:16:36.281158Z</time></trkpt>
  <trkpt lat="37.4127853" lon="-121.9938103"><ele>40</ele><time>2026-05-03T17:16:36.349272Z</time></trkpt>
  <trkpt lat="37.4127725" lon="-121.9938090"><ele>39</ele><time>2026-05-03T17:16:36.382319Z</time></trkpt>
  <trkpt lat="37.4127599" lon="-121.9938080"><ele>39</ele><time>2026-05-03T17:16:36.483567Z</time></trkpt>
  <trkpt lat="37.4127474" lon="-121.9938074"><ele>39</ele><time>2026-05-03T17:16:36.584122Z</time></trkpt>
  <trkpt lat="37.4127350" lon="-121.9938073"><ele>38</ele><time>2026-05-03T17:16:36.684537Z</time></trkpt>
  <trkpt lat="37.4127228" lon="-121.9938076"><ele>38</ele><time>2026-05-03T17:16:36.785106Z</time></trkpt>
  <trkpt lat="37.4127108" lon="-121.9938083"><ele>38</ele><time>2026-05-03T17:16:36.886051Z</time></trkpt>
  <trkpt lat="37.4126991" lon="-121.9938094"><ele>38</ele><time>2026-05-03T17:16:36.967062Z</time></trkpt>
  <trkpt lat="37.4126876" lon="-121.9938107"><ele>38</ele><time>2026-05-03T17:16:37.068045Z</time></trkpt>
  <trkpt lat="37.4126764" lon="-121.9938122"><ele>37</ele><time>2026-05-03T17:16:37.169196Z</time></trkpt>
  <trkpt lat="37.4126654" lon="-121.9938140"><ele>37</ele><time>2026-05-03T17:16:37.269248Z</time></trkpt>
  <trkpt lat="37.4126546" lon="-121.9938160"><ele>37</ele><time>2026-05-03T17:16:37.369963Z</time></trkpt>
  <trkpt lat="37.4126440" lon="-121.9938183"><ele>37</ele><time>2026-05-03T17:16:37.470854Z</time></trkpt>
  <trkpt lat="37.4126336" lon="-121.9938206"><ele>36</ele><time>2026-05-03T17:16:37.571157Z</time></trkpt>
  <trkpt lat="37.4126234" lon="-121.9938231"><ele>36</ele><time>2026-05-03T17:16:37.671800Z</time></trkpt>
  <trkpt lat="37.4126133" lon="-121.9938256"><ele>36</ele><time>2026-05-03T17:16:37.772400Z</time></trkpt>
  <trkpt lat="37.4126032" lon="-121.9938282"><ele>36</ele><time>2026-05-03T17:16:37.873212Z</time></trkpt>
  <trkpt lat="37.4125934" lon="-121.9938310"><ele>35</ele><time>2026-05-03T17:16:37.974078Z</time></trkpt>
  <trkpt lat="37.4125835" lon="-121.9938338"><ele>35</ele><time>2026-05-03T17:16:38.074125Z</time></trkpt>
  <trkpt lat="37.4125738" lon="-121.9938368"><ele>35</ele><time>2026-05-03T17:16:38.174416Z</time></trkpt>
  <trkpt lat="37.4125642" lon="-121.9938398"><ele>35</ele><time>2026-05-03T17:16:38.275302Z</time></trkpt>
  <trkpt lat="37.4125548" lon="-121.9938430"><ele>34</ele><time>2026-05-03T17:16:38.376392Z</time></trkpt>
  <trkpt lat="37.4125456" lon="-121.9938464"><ele>34</ele><time>2026-05-03T17:16:38.477535Z</time></trkpt>
  <trkpt lat="37.4125456" lon="-121.9938464"><ele>34</ele><time>2026-05-03T17:16:38.506218Z</time></trkpt>
  <trkpt lat="37.4125367" lon="-121.9938501"><ele>33</ele><time>2026-05-03T17:16:38.578091Z</time></trkpt>
  <trkpt lat="37.4125281" lon="-121.9938542"><ele>33</ele><time>2026-05-03T17:16:38.678703Z</time></trkpt>
  <trkpt lat="37.4125196" lon="-121.9938588"><ele>33</ele><time>2026-05-03T17:16:38.779404Z</time></trkpt>
  <trkpt lat="37.4125114" lon="-121.9938639"><ele>32</ele><time>2026-05-03T17:16:38.879973Z</time></trkpt>
  <trkpt lat="37.4125034" lon="-121.9938694"><ele>32</ele><time>2026-05-03T17:16:38.980242Z</time></trkpt>
  <trkpt lat="37.4124959" lon="-121.9938754"><ele>31</ele><time>2026-05-03T17:16:39.080877Z</time></trkpt>
  <trkpt lat="37.4124886" lon="-121.9938819"><ele>31</ele><time>2026-05-03T17:16:39.182494Z</time></trkpt>
  <trkpt lat="37.4124816" lon="-121.9938888"><ele>30</ele><time>2026-05-03T17:16:39.282907Z</time></trkpt>
  <trkpt lat="37.4124748" lon="-121.9938961"><ele>30</ele><time>2026-05-03T17:16:39.383447Z</time></trkpt>
  <trkpt lat="37.4124681" lon="-121.9939036"><ele>29</ele><time>2026-05-03T17:16:39.464098Z</time></trkpt>
  <trkpt lat="37.4124617" lon="-121.9939114"><ele>29</ele><time>2026-05-03T17:16:39.565022Z</time></trkpt>
  <trkpt lat="37.4124554" lon="-121.9939196"><ele>29</ele><time>2026-05-03T17:16:39.665149Z</time></trkpt>
  <trkpt lat="37.4124493" lon="-121.9939278"><ele>28</ele><time>2026-05-03T17:16:39.765265Z</time></trkpt>
  <trkpt lat="37.4124434" lon="-121.9939363"><ele>28</ele><time>2026-05-03T17:16:39.866210Z</time></trkpt>
  <trkpt lat="37.4124377" lon="-121.9939448"><ele>28</ele><time>2026-05-03T17:16:39.967447Z</time></trkpt>
  <trkpt lat="37.4124322" lon="-121.9939534"><ele>27</ele><time>2026-05-03T17:16:40.068030Z</time></trkpt>
  <trkpt lat="37.4124268" lon="-121.9939622"><ele>27</ele><time>2026-05-03T17:16:40.168809Z</time></trkpt>
  <trkpt lat="37.4124215" lon="-121.9939708"><ele>27</ele><time>2026-05-03T17:16:40.269096Z</time></trkpt>
  <trkpt lat="37.4124162" lon="-121.9939793"><ele>26</ele><time>2026-05-03T17:16:40.370011Z</time></trkpt>
  <trkpt lat="37.4124109" lon="-121.9939879"><ele>26</ele><time>2026-05-03T17:16:40.470792Z</time></trkpt>
  <trkpt lat="37.4124055" lon="-121.9939965"><ele>26</ele><time>2026-05-03T17:16:40.571321Z</time></trkpt>
  <trkpt lat="37.4124055" lon="-121.9939965"><ele>26</ele><time>2026-05-03T17:16:40.668654Z</time></trkpt>
  <trkpt lat="37.4124000" lon="-121.9940050"><ele>25</ele><time>2026-05-03T17:16:40.672287Z</time></trkpt>
  <trkpt lat="37.4123944" lon="-121.9940132"><ele>25</ele><time>2026-05-03T17:16:40.772517Z</time></trkpt>
  <trkpt lat="37.4123888" lon="-121.9940213"><ele>25</ele><time>2026-05-03T17:16:40.873239Z</time></trkpt>
  <trkpt lat="37.4123831" lon="-121.9940294"><ele>24</ele><time>2026-05-03T17:16:40.974055Z</time></trkpt>
  <trkpt lat="37.4123774" lon="-121.9940375"><ele>24</ele><time>2026-05-03T17:16:41.074406Z</time></trkpt>
  <trkpt lat="37.4123715" lon="-121.9940452"><ele>24</ele><time>2026-05-03T17:16:41.175454Z</time></trkpt>
  <trkpt lat="37.4123655" lon="-121.9940527"><ele>23</ele><time>2026-05-03T17:16:41.276107Z</time></trkpt>
  <trkpt lat="37.4123595" lon="-121.9940601"><ele>23</ele><time>2026-05-03T17:16:41.376440Z</time></trkpt>
  <trkpt lat="37.4123533" lon="-121.9940675"><ele>23</ele><time>2026-05-03T17:16:41.476971Z</time></trkpt>
  <trkpt lat="37.4123471" lon="-121.9940748"><ele>23</ele><time>2026-05-03T17:16:41.577258Z</time></trkpt>
  <trkpt lat="37.4123410" lon="-121.9940821"><ele>22</ele><time>2026-05-03T17:16:41.677523Z</time></trkpt>
  <trkpt lat="37.4123346" lon="-121.9940892"><ele>22</ele><time>2026-05-03T17:16:41.778326Z</time></trkpt>
  <trkpt lat="37.4123282" lon="-121.9940960"><ele>22</ele><time>2026-05-03T17:16:41.879367Z</time></trkpt>
  <trkpt lat="37.4123218" lon="-121.9941028"><ele>22</ele><time>2026-05-03T17:16:41.979264Z</time></trkpt>
  <trkpt lat="37.4123155" lon="-121.9941095"><ele>21</ele><time>2026-05-03T17:16:42.080269Z</time></trkpt>
  <trkpt lat="37.4123094" lon="-121.9941163"><ele>21</ele><time>2026-05-03T17:16:42.180329Z</time></trkpt>
  <trkpt lat="37.4123034" lon="-121.9941230"><ele>21</ele><time>2026-05-03T17:16:42.260990Z</time></trkpt>
  <trkpt lat="37.4122975" lon="-121.9941299"><ele>20</ele><time>2026-05-03T17:16:42.381112Z</time></trkpt>
  <trkpt lat="37.4122919" lon="-121.9941370"><ele>20</ele><time>2026-05-03T17:16:42.461429Z</time></trkpt>
  <trkpt lat="37.4122865" lon="-121.9941439"><ele>20</ele><time>2026-05-03T17:16:42.562384Z</time></trkpt>
  <trkpt lat="37.4122813" lon="-121.9941508"><ele>20</ele><time>2026-05-03T17:16:42.663135Z</time></trkpt>
  <trkpt lat="37.4122764" lon="-121.9941580"><ele>19</ele><time>2026-05-03T17:16:42.763891Z</time></trkpt>
  <trkpt lat="37.4122764" lon="-121.9941580"><ele>19</ele><time>2026-05-03T17:16:42.832198Z</time></trkpt>
  <trkpt lat="37.4122714" lon="-121.9941656"><ele>19</ele><time>2026-05-03T17:16:42.864897Z</time></trkpt>
  <trkpt lat="37.4122664" lon="-121.9941732"><ele>19</ele><time>2026-05-03T17:16:42.965564Z</time></trkpt>
  <trkpt lat="37.4122615" lon="-121.9941806"><ele>18</ele><time>2026-05-03T17:16:43.065360Z</time></trkpt>
  <trkpt lat="37.4122568" lon="-121.9941880"><ele>18</ele><time>2026-05-03T17:16:43.166302Z</time></trkpt>
  <trkpt lat="37.4122522" lon="-121.9941954"><ele>18</ele><time>2026-05-03T17:16:43.266841Z</time></trkpt>
  <trkpt lat="37.4122476" lon="-121.9942028"><ele>18</ele><time>2026-05-03T17:16:43.367384Z</time></trkpt>
  <trkpt lat="37.4122429" lon="-121.9942103"><ele>17</ele><time>2026-05-03T17:16:43.467303Z</time></trkpt>
  <trkpt lat="37.4122381" lon="-121.9942179"><ele>17</ele><time>2026-05-03T17:16:43.568426Z</time></trkpt>
  <trkpt lat="37.4122332" lon="-121.9942254"><ele>17</ele><time>2026-05-03T17:16:43.668520Z</time></trkpt>
  <trkpt lat="37.4122284" lon="-121.9942329"><ele>16</ele><time>2026-05-03T17:16:43.768554Z</time></trkpt>
  <trkpt lat="37.4122234" lon="-121.9942405"><ele>16</ele><time>2026-05-03T17:16:43.868982Z</time></trkpt>
  <trkpt lat="37.4122183" lon="-121.9942479"><ele>16</ele><time>2026-05-03T17:16:43.969459Z</time></trkpt>
  <trkpt lat="37.4122130" lon="-121.9942553"><ele>15</ele><time>2026-05-03T17:16:44.070238Z</time></trkpt>
  <trkpt lat="37.4122075" lon="-121.9942626"><ele>15</ele><time>2026-05-03T17:16:44.170801Z</time></trkpt>
  <trkpt lat="37.4122020" lon="-121.9942699"><ele>15</ele><time>2026-05-03T17:16:44.271092Z</time></trkpt>
  <trkpt lat="37.4121962" lon="-121.9942767"><ele>14</ele><time>2026-05-03T17:16:44.372467Z</time></trkpt>
  <trkpt lat="37.4121904" lon="-121.9942840"><ele>14</ele><time>2026-05-03T17:16:44.473147Z</time></trkpt>
  <trkpt lat="37.4121843" lon="-121.9942912"><ele>14</ele><time>2026-05-03T17:16:44.573264Z</time></trkpt>
  <trkpt lat="37.4121782" lon="-121.9942985"><ele>13</ele><time>2026-05-03T17:16:44.674073Z</time></trkpt>
  <trkpt lat="37.4121720" lon="-121.9943056"><ele>13</ele><time>2026-05-03T17:16:44.774948Z</time></trkpt>
  <trkpt lat="37.4121657" lon="-121.9943123"><ele>13</ele><time>2026-05-03T17:16:44.875498Z</time></trkpt>
  <trkpt lat="37.4121592" lon="-121.9943189"><ele>12</ele><time>2026-05-03T17:16:44.976484Z</time></trkpt>
  <trkpt lat="37.4121592" lon="-121.9943189"><ele>12</ele><time>2026-05-03T17:16:44.994516Z</time></trkpt>
  <trkpt lat="37.4121526" lon="-121.9943254"><ele>12</ele><time>2026-05-03T17:16:45.077176Z</time></trkpt>
  <trkpt lat="37.4121458" lon="-121.9943316"><ele>12</ele><time>2026-05-03T17:16:45.177430Z</time></trkpt>
  <trkpt lat="37.4121391" lon="-121.9943374"><ele>12</ele><time>2026-05-03T17:16:45.278232Z</time></trkpt>
  <trkpt lat="37.4121322" lon="-121.9943429"><ele>12</ele><time>2026-05-03T17:16:45.359015Z</time></trkpt>
  <trkpt lat="37.4121252" lon="-121.9943480"><ele>11</ele><time>2026-05-03T17:16:45.459849Z</time></trkpt>
  <trkpt lat="37.4121182" lon="-121.9943528"><ele>11</ele><time>2026-05-03T17:16:45.559514Z</time></trkpt>
  <trkpt lat="37.4121113" lon="-121.9943576"><ele>11</ele><time>2026-05-03T17:16:45.660226Z</time></trkpt>
  <trkpt lat="37.4121043" lon="-121.9943623"><ele>11</ele><time>2026-05-03T17:16:45.760782Z</time></trkpt>
  <trkpt lat="37.4120975" lon="-121.9943670"><ele>11</ele><time>2026-05-03T17:16:45.861465Z</time></trkpt>
  <trkpt lat="37.4120909" lon="-121.9943716"><ele>10</ele><time>2026-05-03T17:16:45.961783Z</time></trkpt>
  <trkpt lat="37.4120844" lon="-121.9943764"><ele>10</ele><time>2026-05-03T17:16:46.062473Z</time></trkpt>
  <trkpt lat="37.4120781" lon="-121.9943813"><ele>10</ele><time>2026-05-03T17:16:46.162977Z</time></trkpt>
  <trkpt lat="37.4120721" lon="-121.9943865"><ele>9</ele><time>2026-05-03T17:16:46.263503Z</time></trkpt>
  <trkpt lat="37.4120662" lon="-121.9943921"><ele>9</ele><time>2026-05-03T17:16:46.364039Z</time></trkpt>
  <trkpt lat="37.4120606" lon="-121.9943981"><ele>9</ele><time>2026-05-03T17:16:46.464907Z</time></trkpt>
  <trkpt lat="37.4120554" lon="-121.9944046"><ele>8</ele><time>2026-05-03T17:16:46.565579Z</time></trkpt>
  <trkpt lat="37.4120503" lon="-121.9944111"><ele>8</ele><time>2026-05-03T17:16:46.666284Z</time></trkpt>
  <trkpt lat="37.4120454" lon="-121.9944175"><ele>7</ele><time>2026-05-03T17:16:46.767808Z</time></trkpt>
  <trkpt lat="37.4120406" lon="-121.9944237"><ele>7</ele><time>2026-05-03T17:16:46.868413Z</time></trkpt>
  <trkpt lat="37.4120360" lon="-121.9944302"><ele>6</ele><time>2026-05-03T17:16:46.968903Z</time></trkpt>
  <trkpt lat="37.4120315" lon="-121.9944371"><ele>6</ele><time>2026-05-03T17:16:47.069231Z</time></trkpt>
  <trkpt lat="37.4120315" lon="-121.9944371"><ele>6</ele><time>2026-05-03T17:16:47.156632Z</time></trkpt>
  <trkpt lat="37.4120272" lon="-121.9944445"><ele>5</ele><time>2026-05-03T17:16:47.169372Z</time></trkpt>
  <trkpt lat="37.4120230" lon="-121.9944523"><ele>5</ele><time>2026-05-03T17:16:47.269342Z</time></trkpt>
  <trkpt lat="37.4120191" lon="-121.9944602"><ele>4</ele><time>2026-05-03T17:16:47.369878Z</time></trkpt>
  <trkpt lat="37.4120154" lon="-121.9944684"><ele>4</ele><time>2026-05-03T17:16:47.470349Z</time></trkpt>
  <trkpt lat="37.4120119" lon="-121.9944767"><ele>3</ele><time>2026-05-03T17:16:47.570347Z</time></trkpt>
  <trkpt lat="37.4120085" lon="-121.9944851"><ele>3</ele><time>2026-05-03T17:16:47.670810Z</time></trkpt>
  <trkpt lat="37.4120053" lon="-121.9944938"><ele>3</ele><time>2026-05-03T17:16:47.771051Z</time></trkpt>
  <trkpt lat="37.4120022" lon="-121.9945027"><ele>2</ele><time>2026-05-03T17:16:47.871689Z</time></trkpt>
  <trkpt lat="37.4119993" lon="-121.9945118"><ele>2</ele><time>2026-05-03T17:16:47.972257Z</time></trkpt>
  <trkpt lat="37.4119965" lon="-121.9945208"><ele>2</ele><time>2026-05-03T17:16:48.072718Z</time></trkpt>
  <trkpt lat="37.4119937" lon="-121.9945300"><ele>2</ele><time>2026-05-03T17:16:48.173856Z</time></trkpt>
  <trkpt lat="37.4119910" lon="-121.9945392"><ele>2</ele><time>2026-05-03T17:16:48.274550Z</time></trkpt>
  <trkpt lat="37.4119881" lon="-121.9945483"><ele>1</ele><time>2026-05-03T17:16:48.354541Z</time></trkpt>
  <trkpt lat="37.4119852" lon="-121.9945575"><ele>1</ele><time>2026-05-03T17:16:48.455467Z</time></trkpt>
  <trkpt lat="37.4119827" lon="-121.9945670"><ele>1</ele><time>2026-05-03T17:16:48.555860Z</time></trkpt>
  <trkpt lat="37.4119800" lon="-121.9945766"><ele>1</ele><time>2026-05-03T17:16:48.656373Z</time></trkpt>
  <trkpt lat="37.4119773" lon="-121.9945857"><ele>1</ele><time>2026-05-03T17:16:48.756723Z</time></trkpt>
  <trkpt lat="37.4119745" lon="-121.9945947"><ele>1</ele><time>2026-05-03T17:16:48.857182Z</time></trkpt>
  <trkpt lat="37.4119717" lon="-121.9946034"><ele>1</ele><time>2026-05-03T17:16:48.957682Z</time></trkpt>
  <trkpt lat="37.4119689" lon="-121.9946120"><ele>1</ele><time>2026-05-03T17:16:49.058572Z</time></trkpt>
  <trkpt lat="37.4119661" lon="-121.9946205"><ele>1</ele><time>2026-05-03T17:16:49.159081Z</time></trkpt>
  <trkpt lat="37.4119633" lon="-121.9946290"><ele>1</ele><time>2026-05-03T17:16:49.259565Z</time></trkpt>
  <trkpt lat="37.4119633" lon="-121.9946290"><ele>1</ele><time>2026-05-03T17:16:49.317683Z</time></trkpt>
  <trkpt lat="37.4119606" lon="-121.9946372"><ele>0</ele><time>2026-05-03T17:16:49.360431Z</time></trkpt>
  <trkpt lat="37.4119576" lon="-121.9946452"><ele>0</ele><time>2026-05-03T17:16:49.460327Z</time></trkpt>
  <trkpt lat="37.4119545" lon="-121.9946530"><ele>0</ele><time>2026-05-03T17:16:49.560925Z</time></trkpt>
  <trkpt lat="37.4119515" lon="-121.9946611"><ele>0</ele><time>2026-05-03T17:16:49.661300Z</time></trkpt>
  <trkpt lat="37.4119483" lon="-121.9946691"><ele>0</ele><time>2026-05-03T17:16:49.761811Z</time></trkpt>
  <trkpt lat="37.4119451" lon="-121.9946775"><ele>0</ele><time>2026-05-03T17:16:49.862273Z</time></trkpt>
  <trkpt lat="37.4119417" lon="-121.9946858"><ele>0</ele><time>2026-05-03T17:16:49.963240Z</time></trkpt>
  <trkpt lat="37.4119383" lon="-121.9946942"><ele>0</ele><time>2026-05-03T17:16:50.063669Z</time></trkpt>
  <trkpt lat="37.4119348" lon="-121.9947026"><ele>0</ele><time>2026-05-03T17:16:50.164640Z</time></trkpt>
  <trkpt lat="37.4119313" lon="-121.9947108"><ele>0</ele><time>2026-05-03T17:16:50.264890Z</time></trkpt>
  <trkpt lat="37.4119281" lon="-121.9947188"><ele>0</ele><time>2026-05-03T17:16:50.365591Z</time></trkpt>
  <trkpt lat="37.4119249" lon="-121.9947266"><ele>0</ele><time>2026-05-03T17:16:50.465734Z</time></trkpt>
  <trkpt lat="37.4119219" lon="-121.9947345"><ele>0</ele><time>2026-05-03T17:16:50.566581Z</time></trkpt>
  <trkpt lat="37.4119189" lon="-121.9947423"><ele>0</ele><time>2026-05-03T17:16:50.646709Z</time></trkpt>
  <trkpt lat="37.4119160" lon="-121.9947498"><ele>0</ele><time>2026-05-03T17:16:50.747109Z</time></trkpt>
  <trkpt lat="37.4119131" lon="-121.9947574"><ele>0</ele><time>2026-05-03T17:16:50.847403Z</time></trkpt>
  <trkpt lat="37.4119103" lon="-121.9947648"><ele>0</ele><time>2026-05-03T17:16:50.947492Z</time></trkpt>
  <trkpt lat="37.4119075" lon="-121.9947724"><ele>0</ele><time>2026-05-03T17:16:51.047745Z</time></trkpt>
  <trkpt lat="37.4119050" lon="-121.9947803"><ele>0</ele><time>2026-05-03T17:16:51.148022Z</time></trkpt>
  <trkpt lat="37.4119022" lon="-121.9947878"><ele>0</ele><time>2026-05-03T17:16:51.248722Z</time></trkpt>
  <trkpt lat="37.4118998" lon="-121.9947954"><ele>0</ele><time>2026-05-03T17:16:51.349796Z</time></trkpt>
  <trkpt lat="37.4118976" lon="-121.9948029"><ele>0</ele><time>2026-05-03T17:16:51.450199Z</time></trkpt>
  <trkpt lat="37.4118976" lon="-121.9948029"><ele>0</ele><time>2026-05-03T17:16:51.483001Z</time></trkpt>
  <trkpt lat="37.4118952" lon="-121.9948103"><ele>0</ele><time>2026-05-03T17:16:51.550456Z</time></trkpt>
  <trkpt lat="37.4118929" lon="-121.9948183"><ele>0</ele><time>2026-05-03T17:16:51.651166Z</time></trkpt>
  <trkpt lat="37.4118907" lon="-121.9948261"><ele>0</ele><time>2026-05-03T17:16:51.751769Z</time></trkpt>
  <trkpt lat="37.4118886" lon="-121.9948339"><ele>0</ele><time>2026-05-03T17:16:51.852052Z</time></trkpt>
  <trkpt lat="37.4118867" lon="-121.9948416"><ele>0</ele><time>2026-05-03T17:16:51.952729Z</time></trkpt>
  <trkpt lat="37.4118848" lon="-121.9948493"><ele>0</ele><time>2026-05-03T17:16:52.053202Z</time></trkpt>
  <trkpt lat="37.4118827" lon="-121.9948569"><ele>0</ele><time>2026-05-03T17:16:52.154329Z</time></trkpt>
  <trkpt lat="37.4118806" lon="-121.9948648"><ele>0</ele><time>2026-05-03T17:16:52.254674Z</time></trkpt>
  <trkpt lat="37.4118787" lon="-121.9948729"><ele>-1</ele><time>2026-05-03T17:16:52.355287Z</time></trkpt>
  <trkpt lat="37.4118765" lon="-121.9948803"><ele>-1</ele><time>2026-05-03T17:16:52.455786Z</time></trkpt>
  <trkpt lat="37.4118741" lon="-121.9948877"><ele>-1</ele><time>2026-05-03T17:16:52.556714Z</time></trkpt>
  <trkpt lat="37.4118716" lon="-121.9948945"><ele>-1</ele><time>2026-05-03T17:16:52.657097Z</time></trkpt>
  <trkpt lat="37.4118693" lon="-121.9949014"><ele>-1</ele><time>2026-05-03T17:16:52.757830Z</time></trkpt>
  <trkpt lat="37.4118671" lon="-121.9949085"><ele>-2</ele><time>2026-05-03T17:16:52.858398Z</time></trkpt>
  <trkpt lat="37.4118648" lon="-121.9949151"><ele>-2</ele><time>2026-05-03T17:16:52.959738Z</time></trkpt>
  <trkpt lat="37.4118625" lon="-121.9949218"><ele>-2</ele><time>2026-05-03T17:16:53.060233Z</time></trkpt>
  <trkpt lat="37.4118601" lon="-121.9949287"><ele>-3</ele><time>2026-05-03T17:16:53.161402Z</time></trkpt>
  <trkpt lat="37.4118575" lon="-121.9949354"><ele>-3</ele><time>2026-05-03T17:16:53.241866Z</time></trkpt>
  <trkpt lat="37.4118549" lon="-121.9949420"><ele>-3</ele><time>2026-05-03T17:16:53.343149Z</time></trkpt>
  <trkpt lat="37.4118525" lon="-121.9949479"><ele>-4</ele><time>2026-05-03T17:16:53.444676Z</time></trkpt>
  <trkpt lat="37.4118502" lon="-121.9949538"><ele>-4</ele><time>2026-05-03T17:16:53.545513Z</time></trkpt>
  <trkpt lat="37.4118502" lon="-121.9949538"><ele>-4</ele><time>2026-05-03T17:16:53.639779Z</time></trkpt>
  <trkpt lat="37.4118480" lon="-121.9949605"><ele>-5</ele><time>2026-05-03T17:16:53.645561Z</time></trkpt>
  <trkpt lat="37.4118464" lon="-121.9949665"><ele>-5</ele><time>2026-05-03T17:16:53.746957Z</time></trkpt>
  <trkpt lat="37.4118460" lon="-121.9949679"><ele>-5</ele><time>2026-05-03T17:16:53.847687Z</time></trkpt>
  <trkpt lat="37.4118458" lon="-121.9949686"><ele>-5</ele><time>2026-05-03T17:16:53.948646Z</time></trkpt>
  <trkpt lat="37.4118456" lon="-121.9949694"><ele>-5</ele><time>2026-05-03T17:16:54.049895Z</time></trkpt>
  <trkpt lat="37.4118456" lon="-121.9949695"><ele>-5</ele><time>2026-05-03T17:16:54.149740Z</time></trkpt>
  <trkpt lat="37.4118458" lon="-121.9949694"><ele>-5</ele><time>2026-05-03T17:16:54.250735Z</time></trkpt>
</trkseg></trk>
</gpx>