<?xml version="1.0" encoding="UTF-8"?>
<gpx creator="blackbox_decode v8.0.0 INAV c4f2026" version="1.1" xmlns="http://www.topografix.com/GPX/1/1" xmlns:xsi="http://www.w3.org/2001/XMLSchema-instance" xsi:schemaLocation="http://www.topografix.com/GPX/1/1 http://www.topografix.com/GPX/1/1/gpx.xsd">
<metadata><name>Blackbox flight log</name>
 <link href="https://github.com/iNavFlight/blackbox-tools">
 <text>INAV Blackbox Tools</text>
 </link>
</metadata>
<trk><name>Blackbox flight log</name><trkseg>
  <trkpt lat="37.4117385" lon="-121.9950714"><ele>1</ele><time>2026-05-17T17:10:02.624698Z</time></trkpt>
  <trkpt lat="37.4117385" lon="-121.9950714"><ele>1</ele><time>2026-05-17T17:10:02.632424Z</time></trkpt>
  <trkpt lat="37.4117385" lon="-121.9950715"><ele>1</ele><time>2026-05-17T17:10:02.645269Z</time></trkpt>
  <trkpt lat="37.4117386" lon="-121.9950717"><ele>1</ele><time>2026-05-17T17:10:02.745894Z</time></trkpt>
  <trkpt lat="37.4117387" lon="-121.9950719"><ele>1</ele><time>2026-05-17T17:10:02.845864Z</time></trkpt>
  <trkpt lat="37.4117386" lon="-121.9950721"><ele>1</ele><time>2026-05-17T17:10:02.946798Z</time></trkpt>
  <trkpt lat="37.4117386" lon="-121.9950724"><ele>1</ele><time>2026-05-17T17:10:03.047225Z</time></trkpt>
  <trkpt lat="37.4117385" lon="-121.9950728"><ele>1</ele><time>2026-05-17T17:10:03.147762Z</time></trkpt>
  <trkpt lat="37.4117385" lon="-121.9950731"><ele>1</ele><time>2026-05-17T17:10:03.248315Z</time></trkpt>
  <trkpt lat="37.4117384" lon="-121.9950735"><ele>1</ele><time>2026-05-17T17:10:03.348638Z</time></trkpt>
  <trkpt lat="37.4117383" lon="-121.9950738"><ele>1</ele><time>2026-05-17T17:10:03.449349Z</time></trkpt>
  <trkpt lat="37.4117383" lon="-121.9950742"><ele>1</ele><time>2026-05-17T17:10:03.550068Z</time></trkpt>
  <trkpt lat="37.4117382" lon="-121.9950744"><ele>1</ele><time>2026-05-17T17:10:03.650739Z</time></trkpt>
  <trkpt lat="37.4117382" lon="-121.9950747"><ele>1</ele><time>2026-05-17T17:10:03.731523Z</time></trkpt>
  <trkpt lat="37.4117383" lon="-121.9950749"><ele>1</ele><time>2026-05-17T17:10:03.832398Z</time></trkpt>
  <trkpt lat="37.4117383" lon="-121.9950751"><ele>1</ele><time>2026-05-17T17:10:03.932522Z</time></trkpt>
  <trkpt lat="37.4117384" lon="-121.9950752"><ele>1</ele><time>2026-05-17T17:10:04.033180Z</time></trkpt>
  <trkpt lat="37.4117384" lon="-121.9950753"><ele>2</ele><time>2026-05-17T17:10:04.134200Z</time></trkpt>
  <trkpt lat="37.4117383" lon="-121.9950754"><ele>2</ele><time>2026-05-17T17:10:04.234568Z</time></trkpt>
  <trkpt lat="37.4117383" lon="-121.9950753"><ele>2</ele><time>2026-05-17T17:10:04.335448Z</time></trkpt>
  <trkpt lat="37.4117384" lon="-121.9950751"><ele>2</ele><time>2026-05-17T17:10:04.436154Z</time></trkpt>
  <trkpt lat="37.4117384" lon="-121.9950750"><ele>2</ele><time>2026-05-17T17:10:04.537033Z</time></trkpt>
  <trkpt lat="37.4117385" lon="-121.9950750"><ele>2</ele><time>2026-05-17T17:10:04.637928Z</time></trkpt>
  <trkpt lat="37.4117386" lon="-121.9950749"><ele>2</ele><time>2026-05-17T17:10:04.738512Z</time></trkpt>
  <trkpt lat="37.4117386" lon="-121.9950749"><ele>2</ele><time>2026-05-17T17:10:04.761287Z</time></trkpt>
  <trkpt lat="37.4117386" lon="-121.9950748"><ele>2</ele><time>2026-05-17T17:10:04.839334Z</time></trkpt>
  <trkpt lat="37.4117387" lon="-121.9950748"><ele>2</ele><time>2026-05-17T17:10:04.940143Z</time></trkpt>
  <trkpt lat="37.4117388" lon="-121.9950747"><ele>2</ele><time>2026-05-17T17:10:05.040650Z</time></trkpt>
  <trkpt lat="37.4117389" lon="-121.9950746"><ele>2</ele><time>2026-05-17T17:10:05.141346Z</time></trkpt>
  <trkpt lat="37.4117390" lon="-121.9950745"><ele>2</ele><time>2026-05-17T17:10:05.242227Z</time></trkpt>
  <trkpt lat="37.4117391" lon="-121.9950746"><ele>2</ele><time>2026-05-17T17:10:05.343018Z</time></trkpt>
  <trkpt lat="37.4117392" lon="-121.9950745"><ele>2</ele><time>2026-05-17T17:10:05.443998Z</time></trkpt>
  <trkpt lat="37.4117394" lon="-121.9950744"><ele>2</ele><time>2026-05-17T17:10:05.544411Z</time></trkpt>
  <trkpt lat="37.4117395" lon="-121.9950744"><ele>2</ele><time>2026-05-17T17:10:05.645388Z</time></trkpt>
  <trkpt lat="37.4117396" lon="-121.9950744"><ele>2</ele><time>2026-05-17T17:10:05.746365Z</time></trkpt>
  <trkpt lat="37.4117397" lon="-121.9950743"><ele>2</ele><time>2026-05-17T17:10:05.847748Z</time></trkpt>
  <trkpt lat="37.4117398" lon="-121.9950744"><ele>2</ele><time>2026-05-17T17:10:05.947874Z</time></trkpt>
  <trkpt lat="37.4117398" lon="-121.9950745"><ele>2</ele><time>2026-05-17T17:10:06.028495Z</time></trkpt>
  <trkpt lat="37.4117397" lon="-121.9950745"><ele>2</ele><time>2026-05-17T17:10:06.330752Z</time></trkpt>
  <trkpt lat="37.4117397" lon="-121.9950747"><ele>2</ele><time>2026-05-17T17:10:06.431199Z</time></trkpt>
  <trkpt lat="37.4117397" lon="-121.9950748"><ele>2</ele><time>2026-05-17T17:10:06.532154Z</time></trkpt>
  <trkpt lat="37.4117397" lon="-121.9950749"><ele>2</ele><time>2026-05-17T17:10:06.834541Z</time></trkpt>
  <trkpt lat="37.4117397" lon="-121.9950749"><ele>2</ele><time>2026-05-17T17:10:06.883604Z</time></trkpt>
  <trkpt lat="37.4117397" lon="-121.9950748"><ele>2</ele><time>2026-05-17T17:10:06.935487Z</time></trkpt>
  <trkpt lat="37.4117397" lon="-121.9950749"><ele>2</ele><time>2026-05-17T17:10:07.035930Z</time></trkpt>
  <trkpt lat="37.4117396" lon="-121.9950749"><ele>2</ele><time>2026-05-17T17:10:07.136798Z</time></trkpt>
  <trkpt lat="37.4117396" lon="-121.9950750"><ele>2</ele><time>2026-05-17T17:10:07.438928Z</time></trkpt>
  <trkpt lat="37.4117394" lon="-121.9950751"><ele>2</ele><time>2026-05-17T17:10:07.540067Z</time></trkpt>
  <trkpt lat="37.4117391" lon="-121.9950752"><ele>2</ele><time>2026-05-17T17:10:07.640669Z</time></trkpt>
  <trkpt lat="37.4117388" lon="-121.9950753"><ele>2</ele><time>2026-05-17T17:10:07.741921Z</time></trkpt>
  <trkpt lat="37.4117384" lon="-121.9950753"><ele>2</ele><time>2026-05-17T17:10:07.842643Z</time></trkpt>
  <trkpt lat="37.4117381" lon="-121.9950752"><ele>2</ele><time>2026-05-17T17:10:07.943509Z</time></trkpt>
  <trkpt lat="37.4117378" lon="-121.9950751"><ele>2</ele><time>2026-05-17T17:10:08.044676Z</time></trkpt>
  <trkpt lat="37.4117378" lon="-121.9950749"><ele>2</ele><time>2026-05-17T17:10:08.145034Z</time></trkpt>
  <trkpt lat="37.4117381" lon="-121.9950748"><ele>2</ele><time>2026-05-17T17:10:08.245723Z</time></trkpt>
  <trkpt lat="37.4117391" lon="-121.9950749"><ele>2</ele><time>2026-05-17T17:10:08.326183Z</time></trkpt>
  <trkpt lat="37.4117411" lon="-121.9950756"><ele>2</ele><time>2026-05-17T17:10:08.446826Z</time></trkpt>
  <trkpt lat="37.4117448" lon="-121.9950768"><ele>3</ele><time>2026-05-17T17:10:08.527192Z</time></trkpt>
  <trkpt lat="37.4117492" lon="-121.9950784"><ele>3</ele><time>2026-05-17T17:10:08.628398Z</time></trkpt>
  <trkpt lat="37.4117539" lon="-121.9950801"><ele>3</ele><time>2026-05-17T17:10:08.728835Z</time></trkpt>
  <trkpt lat="37.4117594" lon="-121.9950812"><ele>3</ele><time>2026-05-17T17:10:08.829518Z</time></trkpt>
  <trkpt lat="37.4117652" lon="-121.9950826"><ele>4</ele><time>2026-05-17T17:10:08.930132Z</time></trkpt>
  <trkpt lat="37.4117652" lon="-121.9950826"><ele>4</ele><time>2026-05-17T17:10:09.008232Z</time></trkpt>
  <trkpt lat="37.4117715" lon="-121.9950841"><ele>4</ele><time>2026-05-17T17:10:09.031757Z</time></trkpt>
  <trkpt lat="37.4117783" lon="-121.9950855"><ele>4</ele><time>2026-05-17T17:10:09.132308Z</time></trkpt>
  <trkpt lat="37.4117855" lon="-121.9950872"><ele>4</ele><time>2026-05-17T17:10:09.233055Z</time></trkpt>
  <trkpt lat="37.4117930" lon="-121.9950896"><ele>4</ele><time>2026-05-17T17:10:09.333156Z</time></trkpt>
  <trkpt lat="37.4118010" lon="-121.9950919"><ele>5</ele><time>2026-05-17T17:10:09.433477Z</time></trkpt>
  <trkpt lat="37.4118095" lon="-121.9950943"><ele>5</ele><time>2026-05-17T17:10:09.534370Z</time></trkpt>
  <trkpt lat="37.4118185" lon="-121.9950967"><ele>5</ele><time>2026-05-17T17:10:09.634496Z</time></trkpt>
  <trkpt lat="37.4118278" lon="-121.9950992"><ele>5</ele><time>2026-05-17T17:10:09.734807Z</time></trkpt>
  <trkpt lat="37.4118371" lon="-121.9951022"><ele>6</ele><time>2026-05-17T17:10:09.835303Z</time></trkpt>
  <trkpt lat="37.4118458" lon="-121.9951058"><ele>6</ele><time>2026-05-17T17:10:09.936091Z</time></trkpt>
  <trkpt lat="37.4118537" lon="-121.9951099"><ele>7</ele><time>2026-05-17T17:10:10.036496Z</time></trkpt>
  <trkpt lat="37.4118608" lon="-121.9951142"><ele>7</ele><time>2026-05-17T17:10:10.137085Z</time></trkpt>
  <trkpt lat="37.4118674" lon="-121.9951186"><ele>8</ele><time>2026-05-17T17:10:10.238046Z</time></trkpt>
  <trkpt lat="37.4118738" lon="-121.9951232"><ele>9</ele><time>2026-05-17T17:10:10.339097Z</time></trkpt>
  <trkpt lat="37.4118800" lon="-121.9951281"><ele>10</ele><time>2026-05-17T17:10:10.440155Z</time></trkpt>
  <trkpt lat="37.4118863" lon="-121.9951333"><ele>11</ele><time>2026-05-17T17:10:10.540847Z</time></trkpt>
  <trkpt lat="37.4118927" lon="-121.9951386"><ele>11</ele><time>2026-05-17T17:10:10.641017Z</time></trkpt>
  <trkpt lat="37.4118994" lon="-121.9951440"><ele>12</ele><time>2026-05-17T17:10:10.741106Z</time></trkpt>
  <trkpt lat="37.4119063" lon="-121.9951494"><ele>13</ele><time>2026-05-17T17:10:10.841987Z</time></trkpt>
  <trkpt lat="37.4119133" lon="-121.9951546"><ele>13</ele><time>2026-05-17T17:10:10.942409Z</time></trkpt>
  <trkpt lat="37.4119205" lon="-121.9951598"><ele>14</ele><time>2026-05-17T17:10:11.043647Z</time></trkpt>
  <trkpt lat="37.4119278" lon="-121.9951649"><ele>15</ele><time>2026-05-17T17:10:11.124268Z</time></trkpt>
  <trkpt lat="37.4119278" lon="-121.9951649"><ele>15</ele><time>2026-05-17T17:10:11.161229Z</time></trkpt>
  <trkpt lat="37.4119352" lon="-121.9951701"><ele>15</ele><time>2026-05-17T17:10:11.224888Z</time></trkpt>
  <trkpt lat="37.4119428" lon="-121.9951753"><ele>16</ele><time>2026-05-17T17:10:11.325700Z</time></trkpt>
  <trkpt lat="37.4119507" lon="-121.9951806"><ele>17</ele><time>2026-05-17T17:10:11.427162Z</time></trkpt>
  <trkpt lat="37.4119589" lon="-121.9951855"><ele>17</ele><time>2026-05-17T17:10:11.528122Z</time></trkpt>
  <trkpt lat="37.4119674" lon="-121.9951901"><ele>18</ele><time>2026-05-17T17:10:11.629657Z</time></trkpt>
  <trkpt lat="37.4119761" lon="-121.9951943"><ele>18</ele><time>2026-05-17T17:10:11.729994Z</time></trkpt>
  <trkpt lat="37.4119850" lon="-121.9951980"><ele>19</ele><time>2026-05-17T17:10:11.830481Z</time></trkpt>
  <trkpt lat="37.4119937" lon="-121.9952011"><ele>20</ele><time>2026-05-17T17:10:11.931207Z</time></trkpt>
  <trkpt lat="37.4120020" lon="-121.9952033"><ele>20</ele><time>2026-05-17T17:10:12.031478Z</time></trkpt>
  <trkpt lat="37.4120098" lon="-121.9952048"><ele>21</ele><time>2026-05-17T17:10:12.132079Z</time></trkpt>
  <trkpt lat="37.4120173" lon="-121.9952060"><ele>22</ele><time>2026-05-17T17:10:12.232681Z</time></trkpt>
  <trkpt lat="37.4120249" lon="-121.9952067"><ele>23</ele><time>2026-05-17T17:10:12.333391Z</time></trkpt>
  <trkpt lat="37.4120324" lon="-121.9952073"><ele>24</ele><time>2026-05-17T17:10:12.433964Z</time></trkpt>
  <trkpt lat="37.4120400" lon="-121.9952076"><ele>24</ele><time>2026-05-17T17:10:12.534357Z</time></trkpt>
  <trkpt lat="37.4120479" lon="-121.9952078"><ele>25</ele><time>2026-05-17T17:10:12.635487Z</time></trkpt>
  <trkpt lat="37.4120560" lon="-121.9952080"><ele>26</ele><time>2026-05-17T17:10:12.736324Z</time></trkpt>
  <trkpt lat="37.4120643" lon="-121.9952080"><ele>27</ele><time>2026-05-17T17:10:12.836174Z</time></trkpt>
  <trkpt lat="37.4120725" lon="-121.9952081"><ele>27</ele><time>2026-05-17T17:10:12.936308Z</time></trkpt>
  <trkpt lat="37.4120808" lon="-121.9952081"><ele>28</ele><time>2026-05-17T17:10:13.037436Z</time></trkpt>
  <trkpt lat="37.4120893" lon="-121.9952082"><ele>29</ele><time>2026-05-17T17:10:13.137628Z</time></trkpt>
  <trkpt lat="37.4120976" lon="-121.9952083"><ele>29</ele><time>2026-05-17T17:10:13.237906Z</time></trkpt>
  <trkpt lat="37.4120976" lon="-121.9952083"><ele>29</ele><time>2026-05-17T17:10:13.317968Z</time></trkpt>
  <trkpt lat="37.4121056" lon="-121.9952085"><ele>30</ele><time>2026-05-17T17:10:13.338655Z</time></trkpt>
  <trkpt lat="37.4121131" lon="-121.9952086"><ele>31</ele><time>2026-05-17T17:10:13.439111Z</time></trkpt>
  <trkpt lat="37.4121200" lon="-121.9952087"><ele>32</ele><time>2026-05-17T17:10:13.539837Z</time></trkpt>
  <trkpt lat="37.4121265" lon="-121.9952088"><ele>33</ele><time>2026-05-17T17:10:13.640361Z</time></trkpt>
  <trkpt lat="37.4121329" lon="-121.9952089"><ele>34</ele><time>2026-05-17T17:10:13.720718Z</time></trkpt>
  <trkpt lat="37.4121392" lon="-121.9952090"><ele>34</ele><time>2026-05-17T17:10:13.840997Z</time></trkpt>
  <trkpt lat="37.4121457" lon="-121.9952092"><ele>35</ele><time>2026-05-17T17:10:13.921493Z</time></trkpt>
  <trkpt lat="37.4121527" lon="-121.9952093"><ele>36</ele><time>2026-05-17T17:10:14.022093Z</time></trkpt>
  <trkpt lat="37.4121603" lon="-121.9952093"><ele>37</ele><time>2026-05-17T17:10:14.123420Z</time></trkpt>
  <trkpt lat="37.4121684" lon="-121.9952092"><ele>37</ele><time>2026-05-17T17:10:14.224804Z</time></trkpt>
  <trkpt lat="37.4121771" lon="-121.9952090"><ele>37</ele><time>2026-05-17T17:10:14.325543Z</time></trkpt>
  <trkpt lat="37.4121860" lon="-121.9952090"><ele>38</ele><time>2026-05-17T17:10:14.424934Z</time></trkpt>
  <trkpt lat="37.4121952" lon="-121.9952089"><ele>38</ele><time>2026-05-17T17:10:14.525701Z</time></trkpt>
  <trkpt lat="37.4122044" lon="-121.9952090"><ele>39</ele><time>2026-05-17T17:10:14.626261Z</time></trkpt>
  <trkpt lat="37.4122137" lon="-121.9952091"><ele>39</ele><time>2026-05-17T17:10:14.727214Z</time></trkpt>
  <trkpt lat="37.4122230" lon="-121.9952095"><ele>40</ele><time>2026-05-17T17:10:14.827638Z</time></trkpt>
  <trkpt lat="37.4122322" lon="-121.9952105"><ele>40</ele><time>2026-05-17T17:10:14.928320Z</time></trkpt>
  <trkpt lat="37.4122413" lon="-121.9952120"><ele>41</ele><time>2026-05-17T17:10:15.028815Z</time></trkpt>
  <trkpt lat="37.4122505" lon="-121.9952141"><ele>41</ele><time>2026-05-17T17:10:15.129529Z</time></trkpt>
  <trkpt lat="37.4122596" lon="-121.9952170"><ele>42</ele><time>2026-05-17T17:10:15.230721Z</time></trkpt>
  <trkpt lat="37.4122686" lon="-121.9952204"><ele>42</ele><time>2026-05-17T17:10:15.332070Z</time></trkpt>
  <trkpt lat="37.4122777" lon="-121.9952243"><ele>43</ele><time>2026-05-17T17:10:15.432602Z</time></trkpt>
  <trkpt lat="37.4122777" lon="-121.9952243"><ele>43</ele><time>2026-05-17T17:10:15.482182Z</time></trkpt>
  <trkpt lat="37.4122870" lon="-121.9952284"><ele>43</ele><time>2026-05-17T17:10:15.532947Z</time></trkpt>
  <trkpt lat="37.4122964" lon="-121.9952326"><ele>44</ele><time>2026-05-17T17:10:15.633503Z</time></trkpt>
  <trkpt lat="37.4123064" lon="-121.9952368"><ele>44</ele><time>2026-05-17T17:10:15.735062Z</time></trkpt>
  <trkpt lat="37.4123166" lon="-121.9952409"><ele>44</ele><time>2026-05-17T17:10:15.835989Z</time></trkpt>
  <trkpt lat="37.4123271" lon="-121.9952449"><ele>44</ele><time>2026-05-17T17:10:15.936106Z</time></trkpt>
  <trkpt lat="37.4123377" lon="-121.9952489"><ele>45</ele><time>2026-05-17T17:10:16.037071Z</time></trkpt>
  <trkpt lat="37.4123485" lon="-121.9952529"><ele>45</ele><time>2026-05-17T17:10:16.117862Z</time></trkpt>
  <trkpt lat="37.4123593" lon="-121.9952568"><ele>45</ele><time>2026-05-17T17:10:16.218859Z</time></trkpt>
  <trkpt lat="37.4123702" lon="-121.9952604"><ele>46</ele><time>2026-05-17T17:10:16.318377Z</time></trkpt>
  <trkpt lat="37.4123811" lon="-121.9952639"><ele>46</ele><time>2026-05-17T17:10:16.418929Z</time></trkpt>
  <trkpt lat="37.4123921" lon="-121.9952673"><ele>46</ele><time>2026-05-17T17:10:16.519552Z</time></trkpt>
  <trkpt lat="37.4124031" lon="-121.9952706"><ele>47</ele><time>2026-05-17T17:10:16.621236Z</time></trkpt>
  <trkpt lat="37.4124140" lon="-121.9952737"><ele>47</ele><time>2026-05-17T17:10:16.721320Z</time></trkpt>
  <trkpt lat="37.4124250" lon="-121.9952766"><ele>48</ele><time>2026-05-17T17:10:16.822234Z</time></trkpt>
  <trkpt lat="37.4124360" lon="-121.9952792"><ele>48</ele><time>2026-05-17T17:10:16.922719Z</time></trkpt>
  <trkpt lat="37.4124469" lon="-121.9952818"><ele>49</ele><time>2026-05-17T17:10:17.023407Z</time></trkpt>
  <trkpt lat="37.4124577" lon="-121.9952842"><ele>49</ele><time>2026-05-17T17:10:17.123852Z</time></trkpt>
  <trkpt lat="37.4124684" lon="-121.9952866"><ele>50</ele><time>2026-05-17T17:10:17.223904Z</time></trkpt>
  <trkpt lat="37.4124791" lon="-121.9952887"><ele>51</ele><time>2026-05-17T17:10:17.324135Z</time></trkpt>
  <trkpt lat="37.4124897" lon="-121.9952909"><ele>51</ele><time>2026-05-17T17:10:17.424742Z</time></trkpt>
  <trkpt lat="37.4125004" lon="-121.9952931"><ele>52</ele><time>2026-05-17T17:10:17.526072Z</time></trkpt>
  <trkpt lat="37.4125112" lon="-121.9952951"><ele>52</ele><time>2026-05-17T17:10:17.627512Z</time></trkpt>
  <trkpt lat="37.4125112" lon="-121.9952951"><ele>52</ele><time>2026-05-17T17:10:17.645571Z</time></trkpt>
  <trkpt lat="37.4125220" lon="-121.9952969"><ele>53</ele><time>2026-05-17T17:10:17.727887Z</time></trkpt>
  <trkpt lat="37.4125326" lon="-121.9952987"><ele>54</ele><time>2026-05-17T17:10:17.828625Z</time></trkpt>
  <trkpt lat="37.4125433" lon="-121.9953005"><ele>54</ele><time>2026-05-17T17:10:17.929036Z</time></trkpt>
  <trkpt lat="37.4125540" lon="-121.9953023"><ele>55</ele><time>2026-05-17T17:10:18.029372Z</time></trkpt>
  <trkpt lat="37.4125650" lon="-121.9953039"><ele>55</ele><time>2026-05-17T17:10:18.129846Z</time></trkpt>
  <trkpt lat="37.4125760" lon="-121.9953053"><ele>56</ele><time>2026-05-17T17:10:18.230454Z</time></trkpt>
  <trkpt lat="37.4125869" lon="-121.9953068"><ele>57</ele><time>2026-05-17T17:10:18.331152Z</time></trkpt>
  <trkpt lat="37.4125979" lon="-121.9953082"><ele>57</ele><time>2026-05-17T17:10:18.431383Z</time></trkpt>
  <trkpt lat="37.4126089" lon="-121.9953094"><ele>58</ele><time>2026-05-17T17:10:18.532276Z</time></trkpt>
  <trkpt lat="37.4126199" lon="-121.9953105"><ele>58</ele><time>2026-05-17T17:10:18.632960Z</time></trkpt>
  <trkpt lat="37.4126310" lon="-121.9953116"><ele>59</ele><time>2026-05-17T17:10:18.732900Z</time></trkpt>
  <trkpt lat="37.4126421" lon="-121.9953125"><ele>60</ele><time>2026-05-17T17:10:18.833318Z</time></trkpt>
  <trkpt lat="37.4126533" lon="-121.9953134"><ele>60</ele><time>2026-05-17T17:10:18.933439Z</time></trkpt>
  <trkpt lat="37.4126646" lon="-121.9953141"><ele>61</ele><time>2026-05-17T17:10:19.034337Z</time></trkpt>
  <trkpt lat="37.4126760" lon="-121.9953146"><ele>61</ele><time>2026-05-17T17:10:19.135533Z</time></trkpt>
  <trkpt lat="37.4126874" lon="-121.9953151"><ele>62</ele><time>2026-05-17T17:10:19.215900Z</time></trkpt>
  <trkpt lat="37.4126989" lon="-121.9953156"><ele>62</ele><time>2026-05-17T17:10:19.316738Z</time></trkpt>
  <trkpt lat="37.4127106" lon="-121.9953159"><ele>63</ele><time>2026-05-17T17:10:19.417922Z</time></trkpt>
  <trkpt lat="37.4127222" lon="-121.9953164"><ele>63</ele><time>2026-05-17T17:10:19.518711Z</time></trkpt>
  <trkpt lat="37.4127337" lon="-121.9953172"><ele>64</ele><time>2026-05-17T17:10:19.619233Z</time></trkpt>
  <trkpt lat="37.4127450" lon="-121.9953183"><ele>64</ele><time>2026-05-17T17:10:19.719580Z</time></trkpt>
  <trkpt lat="37.4127450" lon="-121.9953183"><ele>64</ele><time>2026-05-17T17:10:19.804504Z</time></trkpt>
  <trkpt lat="37.4127564" lon="-121.9953195"><ele>65</ele><time>2026-05-17T17:10:19.820484Z</time></trkpt>
  <trkpt lat="37.4127678" lon="-121.9953208"><ele>65</ele><time>2026-05-17T17:10:19.920987Z</time></trkpt>
  <trkpt lat="37.4127794" lon="-121.9953220"><ele>66</ele><time>2026-05-17T17:10:20.021172Z</time></trkpt>
  <trkpt lat="37.4127910" lon="-121.9953234"><ele>67</ele><time>2026-05-17T17:10:20.121765Z</time></trkpt>
  <trkpt lat="37.4128021" lon="-121.9953249"><ele>67</ele><time>2026-05-17T17:10:20.222541Z</time></trkpt>
  <trkpt lat="37.4128132" lon="-121.9953267"><ele>68</ele><time>2026-05-17T17:10:20.323021Z</time></trkpt>
  <trkpt lat="37.4128242" lon="-121.9953283"><ele>68</ele><time>2026-05-17T17:10:20.423454Z</time></trkpt>
  <trkpt lat="37.4128349" lon="-121.9953301"><ele>69</ele><time>2026-05-17T17:10:20.524617Z</time></trkpt>
  <trkpt lat="37.4128454" lon="-121.9953320"><ele>69</ele><time>2026-05-17T17:10:20.626177Z</time></trkpt>
  <trkpt lat="37.4128559" lon="-121.9953339"><ele>70</ele><time>2026-05-17T17:10:20.726970Z</time></trkpt>
  <trkpt lat="37.4128663" lon="-121.9953357"><ele>71</ele><time>2026-05-17T17:10:20.827261Z</time></trkpt>
  <trkpt lat="37.4128767" lon="-121.9953375"><ele>71</ele><time>2026-05-17T17:10:20.928206Z</time></trkpt>
  <trkpt lat="37.4128870" lon="-121.9953394"><ele>72</ele><time>2026-05-17T17:10:21.030131Z</time></trkpt>
  <trkpt lat="37.4128970" lon="-121.9953413"><ele>73</ele><time>2026-05-17T17:10:21.131187Z</time></trkpt>
  <trkpt lat="37.4129069" lon="-121.9953433"><ele>73</ele><time>2026-05-17T17:10:21.230845Z</time></trkpt>
  <trkpt lat="37.4129170" lon="-121.9953450"><ele>74</ele><time>2026-05-17T17:10:21.330873Z</time></trkpt>
  <trkpt lat="37.4129271" lon="-121.9953468"><ele>75</ele><time>2026-05-17T17:10:21.411683Z</time></trkpt>
  <trkpt lat="37.4129374" lon="-121.9953484"><ele>75</ele><time>2026-05-17T17:10:21.512059Z</time></trkpt>
  <trkpt lat="37.4129477" lon="-121.9953499"><ele>76</ele><time>2026-05-17T17:10:21.612626Z</time></trkpt>
  <trkpt lat="37.4129581" lon="-121.9953511"><ele>77</ele><time>2026-05-17T17:10:21.713154Z</time></trkpt>
  <trkpt lat="37.4129686" lon="-121.9953523"><ele>77</ele><time>2026-05-17T17:10:21.814238Z</time></trkpt>
  <trkpt lat="37.4129791" lon="-121.9953533"><ele>78</ele><time>2026-05-17T17:10:21.914735Z</time></trkpt>
  <trkpt lat="37.4129791" lon="-121.9953533"><ele>78</ele><time>2026-05-17T17:10:21.961752Z</time></trkpt>
  <trkpt lat="37.4129896" lon="-121.9953543"><ele>78</ele><time>2026-05-17T17:10:22.015760Z</time></trkpt>
  <trkpt lat="37.4130003" lon="-121.9953551"><ele>79</ele><time>2026-05-17T17:10:22.116260Z</time></trkpt>
  <trkpt lat="37.4130110" lon="-121.9953560"><ele>80</ele><time>2026-05-17T17:10:22.216318Z</time></trkpt>
  <trkpt lat="37.4130218" lon="-121.9953566"><ele>80</ele><time>2026-05-17T17:10:22.316966Z</time></trkpt>
  <trkpt lat="37.4130326" lon="-121.9953572"><ele>81</ele><time>2026-05-17T17:10:22.417254Z</time></trkpt>
  <trkpt lat="37.4130435" lon="-121.9953577"><ele>81</ele><time>2026-05-17T17:10:22.517987Z</time></trkpt>
  <trkpt lat="37.4130544" lon="-121.9953580"><ele>82</ele><time>2026-05-17T17:10:22.618491Z</time></trkpt>
  <trkpt lat="37.4130655" lon="-121.9953582"><ele>82</ele><time>2026-05-17T17:10:22.719150Z</time></trkpt>
  <trkpt lat="37.4130766" lon="-121.9953583"><ele>83</ele><time>2026-05-17T17:10:22.819343Z</time></trkpt>
  <trkpt lat="37.4130877" lon="-121.9953581"><ele>83</ele><time>2026-05-17T17:10:22.920158Z</time></trkpt>
  <trkpt lat="37.4130989" lon="-121.9953577"><ele>84</ele><time>2026-05-17T17:10:23.020238Z</time></trkpt>
  <trkpt lat="37.4131101" lon="-121.9953571"><ele>84</ele><time>2026-05-17T17:10:23.120670Z</time></trkpt>
  <trkpt lat="37.4131214" lon="-121.9953564"><ele>85</ele><time>2026-05-17T17:10:23.221251Z</time></trkpt>
  <trkpt lat="37.4131326" lon="-121.9953556"><ele>85</ele><time>2026-05-17T17:10:23.322313Z</time></trkpt>
  <trkpt lat="37.4131437" lon="-121.9953547"><ele>86</ele><time>2026-05-17T17:10:23.422378Z</time></trkpt>
  <trkpt lat="37.4131548" lon="-121.9953539"><ele>86</ele><time>2026-05-17T17:10:23.522835Z</time></trkpt>
  <trkpt lat="37.4131660" lon="-121.9953531"><ele>87</ele><time>2026-05-17T17:10:23.623891Z</time></trkpt>
  <trkpt lat="37.4131772" lon="-121.9953527"><ele>87</ele><time>2026-05-17T17:10:23.724128Z</time></trkpt>
  <trkpt lat="37.4131883" lon="-121.9953526"><ele>88</ele><time>2026-05-17T17:10:23.824892Z</time></trkpt>
  <trkpt lat="37.4131994" lon="-121.9953530"><ele>88</ele><time>2026-05-17T17:10:23.925529Z</time></trkpt>
  <trkpt lat="37.4132102" lon="-121.9953538"><ele>89</ele><time>2026-05-17T17:10:24.026090Z</time></trkpt>
  <trkpt lat="37.4132102" lon="-121.9953538"><ele>89</ele><time>2026-05-17T17:10:24.114495Z</time></trkpt>
  <trkpt lat="37.4132209" lon="-121.9953551"><ele>90</ele><time>2026-05-17T17:10:24.127146Z</time></trkpt>
  <trkpt lat="37.4132311" lon="-121.9953566"><ele>90</ele><time>2026-05-17T17:10:24.228010Z</time></trkpt>
  <trkpt lat="37.4132412" lon="-121.9953583"><ele>91</ele><time>2026-05-17T17:10:24.328798Z</time></trkpt>
  <trkpt lat="37.4132514" lon="-121.9953604"><ele>92</ele><time>2026-05-17T17:10:24.409215Z</time></trkpt>
  <trkpt lat="37.4132614" lon="-121.9953629"><ele>92</ele><time>2026-05-17T17:10:24.529760Z</time></trkpt>
  <trkpt lat="37.4132712" lon="-121.9953657"><ele>93</ele><time>2026-05-17T17:10:24.611001Z</time></trkpt>
  <trkpt lat="37.4132810" lon="-121.9953685"><ele>93</ele><time>2026-05-17T17:10:24.711284Z</time></trkpt>
  <trkpt lat="37.4132907" lon="-121.9953717"><ele>94</ele><time>2026-05-17T17:10:24.811343Z</time></trkpt>
  <trkpt lat="37.4133002" lon="-121.9953754"><ele>95</ele><time>2026-05-17T17:10:24.911873Z</time></trkpt>
  <trkpt lat="37.4133097" lon="-121.9953795"><ele>95</ele><time>2026-05-17T17:10:25.012943Z</time></trkpt>
  <trkpt lat="37.4133191" lon="-121.9953844"><ele>96</ele><time>2026-05-17T17:10:25.113198Z</time></trkpt>
  <trkpt lat="37.4133277" lon="-121.9953907"><ele>97</ele><time>2026-05-17T17:10:25.214490Z</time></trkpt>
  <trkpt lat="37.4133346" lon="-121.9953986"><ele>97</ele><time>2026-05-17T17:10:25.314201Z</time></trkpt>
  <trkpt lat="37.4133395" lon="-121.9954084"><ele>98</ele><time>2026-05-17T17:10:25.415033Z</time></trkpt>
  <trkpt lat="37.4133418" lon="-121.9954201"><ele>98</ele><time>2026-05-17T17:10:25.515916Z</time></trkpt>
  <trkpt lat="37.4133416" lon="-121.9954328"><ele>99</ele><time>2026-05-17T17:10:25.616690Z</time></trkpt>
  <trkpt lat="37.4133390" lon="-121.9954459"><ele>99</ele><time>2026-05-17T17:10:25.716936Z</time></trkpt>
  <trkpt lat="37.4133341" lon="-121.9954588"><ele>99</ele><time>2026-05-17T17:10:25.817703Z</time></trkpt>
  <trkpt lat="37.4133269" lon="-121.9954710"><ele>99</ele><time>2026-05-17T17:10:25.918227Z</time></trkpt>
  <trkpt lat="37.4133174" lon="-121.9954815"><ele>99</ele><time>2026-05-17T17:10:26.018898Z</time></trkpt>
  <trkpt lat="37.4133060" lon="-121.9954901"><ele>99</ele><time>2026-05-17T17:10:26.119172Z</time></trkpt>
  <trkpt lat="37.4132930" lon="-121.9954967"><ele>99</ele><time>2026-05-17T17:10:26.220011Z</time></trkpt>
  <trkpt lat="37.4132930" lon="-121.9954967"><ele>99</ele><time>2026-05-17T17:10:26.268176Z</time></trkpt>
  <trkpt lat="37.4132788" lon="-121.9955014"><ele>98</ele><time>2026-05-17T17:10:26.320340Z</time></trkpt>
  <trkpt lat="37.4132638" lon="-121.9955046"><ele>98</ele><time>2026-05-17T17:10:26.421949Z</time></trkpt>
  <trkpt lat="37.4132482" lon="-121.9955071"><ele>98</ele><time>2026-05-17T17:10:26.522954Z</time></trkpt>
  <trkpt lat="37.4132324" lon="-121.9955097"><ele>98</ele><time>2026-05-17T17:10:26.623483Z</time></trkpt>
  <trkpt lat="37.4132163" lon="-121.9955126"><ele>97</ele><time>2026-05-17T17:10:26.724266Z</time></trkpt>
  <trkpt lat="37.4131997" lon="-121.9955154"><ele>97</ele><time>2026-05-17T17:10:26.824918Z</time></trkpt>
  <trkpt lat="37.4131828" lon="-121.9955183"><ele>97</ele><time>2026-05-17T17:10:26.905531Z</time></trkpt>
  <trkpt lat="37.4131656" lon="-121.9955214"><ele>96</ele><time>2026-05-17T17:10:27.026065Z</time></trkpt>
  <trkpt lat="37.4131480" lon="-121.9955246"><ele>96</ele><time>2026-05-17T17:10:27.106536Z</time></trkpt>
  <trkpt lat="37.4131302" lon="-121.9955280"><ele>95</ele><time>2026-05-17T17:10:27.207272Z</time></trkpt>
  <trkpt lat="37.4131121" lon="-121.9955315"><ele>95</ele><time>2026-05-17T17:10:27.307653Z</time></trkpt>
  <trkpt lat="37.4130937" lon="-121.9955351"><ele>94</ele><time>2026-05-17T17:10:27.408693Z</time></trkpt>
  <trkpt lat="37.4130749" lon="-121.9955393"><ele>94</ele><time>2026-05-17T17:10:27.509266Z</time></trkpt>
  <trkpt lat="37.4130560" lon="-121.9955437"><ele>93</ele><time>2026-05-17T17:10:27.609817Z</time></trkpt>
  <trkpt lat="37.4130368" lon="-121.9955482"><ele>93</ele><time>2026-05-17T17:10:27.710371Z</time></trkpt>
  <trkpt lat="37.4130175" lon="-121.9955528"><ele>92</ele><time>2026-05-17T17:10:27.810696Z</time></trkpt>
  <trkpt lat="37.4129980" lon="-121.9955578"><ele>92</ele><time>2026-05-17T17:10:27.910995Z</time></trkpt>
  <trkpt lat="37.4129790" lon="-121.9955626"><ele>91</ele><time>2026-05-17T17:10:28.012126Z</time></trkpt>
  <trkpt lat="37.4129604" lon="-121.9955671"><ele>91</ele><time>2026-05-17T17:10:28.112160Z</time></trkpt>
  <trkpt lat="37.4129427" lon="-121.9955720"><ele>91</ele><time>2026-05-17T17:10:28.213100Z</time></trkpt>
  <trkpt lat="37.4129268" lon="-121.9955763"><ele>92</ele><time>2026-05-17T17:10:28.313691Z</time></trkpt>
  <trkpt lat="37.4129268" lon="-121.9955763"><ele>92</ele><time>2026-05-17T17:10:28.413103Z</time></trkpt>
  <trkpt lat="37.4129133" lon="-121.9955788"><ele>92</ele><time>2026-05-17T17:10:28.414124Z</time></trkpt>
  <trkpt lat="37.4129021" lon="-121.9955807"><ele>93</ele><time>2026-05-17T17:10:28.514575Z</time></trkpt>
  <trkpt lat="37.4128928" lon="-121.9955827"><ele>94</ele><time>2026-05-17T17:10:28.615080Z</time></trkpt>
  <trkpt lat="37.4128867" lon="-121.9955843"><ele>95</ele><time>2026-05-17T17:10:28.716072Z</time></trkpt>
  <trkpt lat="37.4128828" lon="-121.9955868"><ele>96</ele><time>2026-05-17T17:10:28.816505Z</time></trkpt>
  <trkpt lat="37.4128808" lon="-121.9955901"><ele>97</ele><time>2026-05-17T17:10:28.916555Z</time></trkpt>
  <trkpt lat="37.4128807" lon="-121.9955940"><ele>98</ele><time>2026-05-17T17:10:29.017006Z</time></trkpt>
  <trkpt lat="37.4128824" lon="-121.9955984"><ele>98</ele><time>2026-05-17T17:10:29.117372Z</time></trkpt>
  <trkpt lat="37.4128871" lon="-121.9956021"><ele>99</ele><time>2026-05-17T17:10:29.217681Z</time></trkpt>
  <trkpt lat="37.4128933" lon="-121.9956059"><ele>100</ele><time>2026-05-17T17:10:29.318423Z</time></trkpt>
  <trkpt lat="37.4128993" lon="-121.9956102"><ele>101</ele><time>2026-05-17T17:10:29.418548Z</time></trkpt>
  <trkpt lat="37.4129048" lon="-121.9956146"><ele>101</ele><time>2026-05-17T17:10:29.518747Z</time></trkpt>
  <trkpt lat="37.4129107" lon="-121.9956192"><ele>101</ele><time>2026-05-17T17:10:29.619705Z</time></trkpt>
  <trkpt lat="37.4129157" lon="-121.9956235"><ele>101</ele><time>2026-05-17T17:10:29.720677Z</time></trkpt>
  <trkpt lat="37.4129245" lon="-121.9956265"><ele>101</ele><time>2026-05-17T17:10:29.801350Z</time></trkpt>
  <trkpt lat="37.4129341" lon="-121.9956296"><ele>101</ele><time>2026-05-17T17:10:29.902102Z</time></trkpt>
  <trkpt lat="37.4129444" lon="-121.9956340"><ele>101</ele><time>2026-05-17T17:10:30.002706Z</time></trkpt>
  <trkpt lat="37.4129535" lon="-121.9956387"><ele>101</ele><time>2026-05-17T17:10:30.103082Z</time></trkpt>
  <trkpt lat="37.4129648" lon="-121.9956414"><ele>100</ele><time>2026-05-17T17:10:30.203502Z</time></trkpt>
  <trkpt lat="37.4129767" lon="-121.9956426"><ele>100</ele><time>2026-05-17T17:10:30.303869Z</time></trkpt>
  <trkpt lat="37.4129875" lon="-121.9956434"><ele>100</ele><time>2026-05-17T17:10:30.404905Z</time></trkpt>
  <trkpt lat="37.4129965" lon="-121.9956434"><ele>100</ele><time>2026-05-17T17:10:30.505677Z</time></trkpt>
  <trkpt lat="37.4129965" lon="-121.9956434"><ele>100</ele><time>2026-05-17T17:10:30.567628Z</time></trkpt>
  <trkpt lat="37.4130030" lon="-121.9956426"><ele>101</ele><time>2026-05-17T17:10:30.606757Z</time></trkpt>
  <trkpt lat="37.4130075" lon="-121.9956454"><ele>101</ele><time>2026-05-17T17:10:30.708093Z</time></trkpt>
  <trkpt lat="37.4130036" lon="-121.9956477"><ele>101</ele><time>2026-05-17T17:10:30.809265Z</time></trkpt>
  <trkpt lat="37.4129949" lon="-121.9956519"><ele>102</ele><time>2026-05-17T17:10:30.909442Z</time></trkpt>
  <trkpt lat="37.4129783" lon="-121.9956610"><ele>103</ele><time>2026-05-17T17:10:31.010994Z</time></trkpt>
  <trkpt lat="37.4129599" lon="-121.9956674"><ele>103</ele><time>2026-05-17T17:10:31.111545Z</time></trkpt>
  <trkpt lat="37.4129382" lon="-121.9956729"><ele>102</ele><time>2026-05-17T17:10:31.211793Z</time></trkpt>
  <trkpt lat="37.4129175" lon="-121.9956808"><ele>102</ele><time>2026-05-17T17:10:31.312874Z</time></trkpt>
  <trkpt lat="37.4128981" lon="-121.9956889"><ele>103</ele><time>2026-05-17T17:10:31.413228Z</time></trkpt>
  <trkpt lat="37.4128789" lon="-121.9956975"><ele>102</ele><time>2026-05-17T17:10:31.513697Z</time></trkpt>
  <trkpt lat="37.4128607" lon="-121.9957076"><ele>102</ele><time>2026-05-17T17:10:31.614304Z</time></trkpt>
  <trkpt lat="37.4128429" lon="-121.9957186"><ele>101</ele><time>2026-05-17T17:10:31.715101Z</time></trkpt>
  <trkpt lat="37.4128255" lon="-121.9957280"><ele>100</ele><time>2026-05-17T17:10:31.815481Z</time></trkpt>
  <trkpt lat="37.4128083" lon="-121.9957353"><ele>99</ele><time>2026-05-17T17:10:31.916378Z</time></trkpt>
  <trkpt lat="37.4127917" lon="-121.9957416"><ele>97</ele><time>2026-05-17T17:10:32.016699Z</time></trkpt>
  <trkpt lat="37.4127762" lon="-121.9957500"><ele>95</ele><time>2026-05-17T17:10:32.117175Z</time></trkpt>
  <trkpt lat="37.4127624" lon="-121.9957623"><ele>94</ele><time>2026-05-17T17:10:32.217378Z</time></trkpt>
  <trkpt lat="37.4127496" lon="-121.9957752"><ele>92</ele><time>2026-05-17T17:10:32.317866Z</time></trkpt>
  <trkpt lat="37.4127396" lon="-121.9957907"><ele>90</ele><time>2026-05-17T17:10:32.418555Z</time></trkpt>
  <trkpt lat="37.4127319" lon="-121.9958109"><ele>89</ele><time>2026-05-17T17:10:32.499162Z</time></trkpt>
  <trkpt lat="37.4127251" lon="-121.9958352"><ele>87</ele><time>2026-05-17T17:10:32.599557Z</time></trkpt>
  <trkpt lat="37.4127227" lon="-121.9958602"><ele>86</ele><time>2026-05-17T17:10:32.700091Z</time></trkpt>
  <trkpt lat="37.4127227" lon="-121.9958602"><ele>86</ele><time>2026-05-17T17:10:32.722537Z</time></trkpt>
  <trkpt lat="37.4127227" lon="-121.9958835"><ele>85</ele><time>2026-05-17T17:10:32.800088Z</time></trkpt>
  <trkpt lat="37.4127278" lon="-121.9959023"><ele>85</ele><time>2026-05-17T17:10:32.900594Z</time></trkpt>
  <trkpt lat="37.4127329" lon="-121.9959190"><ele>85</ele><time>2026-05-17T17:10:33.001697Z</time></trkpt>
  <trkpt lat="37.4127380" lon="-121.9959327"><ele>84</ele><time>2026-05-17T17:10:33.102632Z</time></trkpt>
  <trkpt lat="37.4127408" lon="-121.9959425"><ele>83</ele><time>2026-05-17T17:10:33.203133Z</time></trkpt>
  <trkpt lat="37.4127437" lon="-121.9959524"><ele>83</ele><time>2026-05-17T17:10:33.303687Z</time></trkpt>
  <trkpt lat="37.4127470" lon="-121.9959637"><ele>83</ele><time>2026-05-17T17:10:33.403840Z</time></trkpt>
  <trkpt lat="37.4127514" lon="-121.9959744"><ele>82</ele><time>2026-05-17T17:10:33.504556Z</time></trkpt>
  <trkpt lat="37.4127617" lon="-121.9959798"><ele>82</ele><time>2026-05-17T17:10:33.605139Z</time></trkpt>
  <trkpt lat="37.4127727" lon="-121.9959821"><ele>81</ele><time>2026-05-17T17:10:33.706415Z</time></trkpt>
  <trkpt lat="37.4127826" lon="-121.9959812"><ele>80</ele><time>2026-05-17T17:10:33.806827Z</time></trkpt>
  <trkpt lat="37.4127913" lon="-121.9959798"><ele>78</ele><time>2026-05-17T17:10:33.907611Z</time></trkpt>
  <trkpt lat="37.4127969" lon="-121.9959834"><ele>77</ele><time>2026-05-17T17:10:34.008185Z</time></trkpt>
  <trkpt lat="37.4127999" lon="-121.9959904"><ele>74</ele><time>2026-05-17T17:10:34.109364Z</time></trkpt>
  <trkpt lat="37.4127996" lon="-121.9959976"><ele>71</ele><time>2026-05-17T17:10:34.210225Z</time></trkpt>
  <trkpt lat="37.4127987" lon="-121.9960053"><ele>67</ele><time>2026-05-17T17:10:34.311361Z</time></trkpt>
  <trkpt lat="37.4128094" lon="-121.9960076"><ele>66</ele><time>2026-05-17T17:10:34.411886Z</time></trkpt>
  <trkpt lat="37.4128089" lon="-121.9960172"><ele>64</ele><time>2026-05-17T17:10:34.512443Z</time></trkpt>
  <trkpt lat="37.4128119" lon="-121.9960273"><ele>64</ele><time>2026-05-17T17:10:34.612857Z</time></trkpt>
  <trkpt lat="37.4128148" lon="-121.9960322"><ele>62</ele><time>2026-05-17T17:10:34.713303Z</time></trkpt>
  <trkpt lat="37.4128192" lon="-121.9960338"><ele>61</ele><time>2026-05-17T17:10:34.814698Z</time></trkpt>
  <trkpt lat="37.4128192" lon="-121.9960338"><ele>61</ele><time>2026-05-17T17:10:34.880051Z</time></trkpt>
  <trkpt lat="37.4128285" lon="-121.9960349"><ele>60</ele><time>2026-05-17T17:10:34.914828Z</time></trkpt>
  <trkpt lat="37.4128245" lon="-121.9960407"><ele>57</ele><time>2026-05-17T17:10:35.015653Z</time></trkpt>
  <trkpt lat="37.4128248" lon="-121.9960430"><ele>55</ele><time>2026-05-17T17:10:35.095992Z</time></trkpt>
  <trkpt lat="37.4128289" lon="-121.9960462"><ele>54</ele><time>2026-05-17T17:10:35.216996Z</time></trkpt>
  <trkpt lat="37.4128329" lon="-121.9960440"><ele>53</ele><time>2026-05-17T17:10:35.297179Z</time></trkpt>
  <trkpt lat="37.4128392" lon="-121.9960400"><ele>52</ele><time>2026-05-17T17:10:35.397280Z</time></trkpt>
  <trkpt lat="37.4128460" lon="-121.9960367"><ele>52</ele><time>2026-05-17T17:10:35.497738Z</time></trkpt>
  <trkpt lat="37.4128592" lon="-121.9960326"><ele>52</ele><time>2026-05-17T17:10:35.597928Z</time></trkpt>
  <trkpt lat="37.4128761" lon="-121.9960288"><ele>53</ele><time>2026-05-17T17:10:35.698949Z</time></trkpt>
  <trkpt lat="37.4128907" lon="-121.9960264"><ele>52</ele><time>2026-05-17T17:10:35.799435Z</time></trkpt>
  <trkpt lat="37.4129017" lon="-121.9960269"><ele>52</ele><time>2026-05-17T17:10:35.899767Z</time></trkpt>
  <trkpt lat="37.4129142" lon="-121.9960258"><ele>52</ele><time>2026-05-17T17:10:36.000174Z</time></trkpt>
  <trkpt lat="37.4129282" lon="-121.9960231"><ele>52</ele><time>2026-05-17T17:10:36.101163Z</time></trkpt>
  <trkpt lat="37.4129417" lon="-121.9960189"><ele>52</ele><time>2026-05-17T17:10:36.201339Z</time></trkpt>
  <trkpt lat="37.4129584" lon="-121.9960160"><ele>52</ele><time>2026-05-17T17:10:36.301711Z</time></trkpt>
  <trkpt lat="37.4129742" lon="-121.9960114"><ele>52</ele><time>2026-05-17T17:10:36.402371Z</time></trkpt>
  <trkpt lat="37.4129908" lon="-121.9960047"><ele>51</ele><time>2026-05-17T17:10:36.502941Z</time></trkpt>
  <trkpt lat="37.4130066" lon="-121.9960008"><ele>51</ele><time>2026-05-17T17:10:36.603786Z</time></trkpt>
  <trkpt lat="37.4130207" lon="-121.9960007"><ele>50</ele><time>2026-05-17T17:10:36.704198Z</time></trkpt>
  <trkpt lat="37.4130360" lon="-121.9960013"><ele>51</ele><time>2026-05-17T17:10:36.804532Z</time></trkpt>
  <trkpt lat="37.4130524" lon="-121.9959966"><ele>52</ele><time>2026-05-17T17:10:36.905510Z</time></trkpt>
  <trkpt lat="37.4130685" lon="-121.9959905"><ele>52</ele><time>2026-05-17T17:10:37.006087Z</time></trkpt>
  <trkpt lat="37.4130685" lon="-121.9959905"><ele>52</ele><time>2026-05-17T17:10:37.039913Z</time></trkpt>
  <trkpt lat="37.4130855" lon="-121.9959849"><ele>52</ele><time>2026-05-17T17:10:37.106559Z</time></trkpt>
  <trkpt lat="37.4131025" lon="-121.9959783"><ele>52</ele><time>2026-05-17T17:10:37.206803Z</time></trkpt>
  <trkpt lat="37.4131197" lon="-121.9959714"><ele>51</ele><time>2026-05-17T17:10:37.307269Z</time></trkpt>
  <trkpt lat="37.4131372" lon="-121.9959651"><ele>51</ele><time>2026-05-17T17:10:37.407882Z</time></trkpt>
  <trkpt lat="37.4131535" lon="-121.9959624"><ele>50</ele><time>2026-05-17T17:10:37.508058Z</time></trkpt>
  <trkpt lat="37.4131679" lon="-121.9959635"><ele>51</ele><time>2026-05-17T17:10:37.609191Z</time></trkpt>
  <trkpt lat="37.4131842" lon="-121.9959624"><ele>52</ele><time>2026-05-17T17:10:37.709801Z</time></trkpt>
  <trkpt lat="37.4131998" lon="-121.9959610"><ele>53</ele><time>2026-05-17T17:10:37.810053Z</time></trkpt>
  <trkpt lat="37.4132143" lon="-121.9959617"><ele>54</ele><time>2026-05-17T17:10:37.910444Z</time></trkpt>
  <trkpt lat="37.4132297" lon="-121.9959578"><ele>54</ele><time>2026-05-17T17:10:38.011084Z</time></trkpt>
  <trkpt lat="37.4132473" lon="-121.9959538"><ele>55</ele><time>2026-05-17T17:10:38.111417Z</time></trkpt>
  <trkpt lat="37.4132630" lon="-121.9959524"><ele>55</ele><time>2026-05-17T17:10:38.211764Z</time></trkpt>
  <trkpt lat="37.4132793" lon="-121.9959519"><ele>55</ele><time>2026-05-17T17:10:38.313448Z</time></trkpt>
  <trkpt lat="37.4132939" lon="-121.9959537"><ele>55</ele><time>2026-05-17T17:10:38.393851Z</time></trkpt>
  <trkpt lat="37.4133071" lon="-121.9959575"><ele>56</ele><time>2026-05-17T17:10:38.494754Z</time></trkpt>
  <trkpt lat="37.4133225" lon="-121.9959593"><ele>57</ele><time>2026-05-17T17:10:38.595427Z</time></trkpt>
  <trkpt lat="37.4133377" lon="-121.9959583"><ele>58</ele><time>2026-05-17T17:10:38.695530Z</time></trkpt>
  <trkpt lat="37.4133535" lon="-121.9959586"><ele>59</ele><time>2026-05-17T17:10:38.796219Z</time></trkpt>
  <trkpt lat="37.4133690" lon="-121.9959575"><ele>58</ele><time>2026-05-17T17:10:38.896563Z</time></trkpt>
  <trkpt lat="37.4133852" lon="-121.9959560"><ele>58</ele><time>2026-05-17T17:10:38.996977Z</time></trkpt>
  <trkpt lat="37.4134000" lon="-121.9959576"><ele>58</ele><time>2026-05-17T17:10:39.097531Z</time></trkpt>
  <trkpt lat="37.4134000" lon="-121.9959576"><ele>58</ele><time>2026-05-17T17:10:39.195453Z</time></trkpt>
  <trkpt lat="37.4134145" lon="-121.9959600"><ele>59</ele><time>2026-05-17T17:10:39.198094Z</time></trkpt>
  <trkpt lat="37.4134298" lon="-121.9959602"><ele>60</ele><time>2026-05-17T17:10:39.298775Z</time></trkpt>
  <trkpt lat="37.4134434" lon="-121.9959582"><ele>60</ele><time>2026-05-17T17:10:39.400086Z</time></trkpt>
  <trkpt lat="37.4134548" lon="-121.9959575"><ele>61</ele><time>2026-05-17T17:10:39.501069Z</time></trkpt>
  <trkpt lat="37.4134647" lon="-121.9959552"><ele>61</ele><time>2026-05-17T17:10:39.601500Z</time></trkpt>
  <trkpt lat="37.4134759" lon="-121.9959492"><ele>62</ele><time>2026-05-17T17:10:39.701797Z</time></trkpt>
  <trkpt lat="37.4134894" lon="-121.9959414"><ele>63</ele><time>2026-05-17T17:10:39.802336Z</time></trkpt>
  <trkpt lat="37.4135031" lon="-121.9959342"><ele>64</ele><time>2026-05-17T17:10:39.903200Z</time></trkpt>
  <trkpt lat="37.4135183" lon="-121.9959289"><ele>65</ele><time>2026-05-17T17:10:40.003225Z</time></trkpt>
  <trkpt lat="37.4135330" lon="-121.9959248"><ele>66</ele><time>2026-05-17T17:10:40.103443Z</time></trkpt>
  <trkpt lat="37.4135452" lon="-121.9959228"><ele>67</ele><time>2026-05-17T17:10:40.203759Z</time></trkpt>
  <trkpt lat="37.4135563" lon="-121.9959177"><ele>69</ele><time>2026-05-17T17:10:40.304546Z</time></trkpt>
  <trkpt lat="37.4135663" lon="-121.9959094"><ele>70</ele><time>2026-05-17T17:10:40.405040Z</time></trkpt>
  <trkpt lat="37.4135760" lon="-121.9959004"><ele>71</ele><time>2026-05-17T17:10:40.505965Z</time></trkpt>
  <trkpt lat="37.4135852" lon="-121.9958902"><ele>72</ele><time>2026-05-17T17:10:40.606211Z</time></trkpt>
  <trkpt lat="37.4135920" lon="-121.9958792"><ele>72</ele><time>2026-05-17T17:10:40.706685Z</time></trkpt>
  <trkpt lat="37.4135973" lon="-121.9958659"><ele>73</ele><time>2026-05-17T17:10:40.808040Z</time></trkpt>
  <trkpt lat="37.4136031" lon="-121.9958521"><ele>74</ele><time>2026-05-17T17:10:40.909272Z</time></trkpt>
  <trkpt lat="37.4136101" lon="-121.9958384"><ele>75</ele><time>2026-05-17T17:10:41.010166Z</time></trkpt>
  <trkpt lat="37.4136163" lon="-121.9958253"><ele>76</ele><time>2026-05-17T17:10:41.111124Z</time></trkpt>
  <trkpt lat="37.4136220" lon="-121.9958133"><ele>77</ele><time>2026-05-17T17:10:41.211018Z</time></trkpt>
  <trkpt lat="37.4136263" lon="-121.9957994"><ele>77</ele><time>2026-05-17T17:10:41.311507Z</time></trkpt>
  <trkpt lat="37.4136263" lon="-121.9957994"><ele>77</ele><time>2026-05-17T17:10:41.355235Z</time></trkpt>
  <trkpt lat="37.4136313" lon="-121.9957823"><ele>77</ele><time>2026-05-17T17:10:41.411968Z</time></trkpt>
  <trkpt lat="37.4136343" lon="-121.9957629"><ele>78</ele><time>2026-05-17T17:10:41.512829Z</time></trkpt>
  <trkpt lat="37.4136358" lon="-121.9957441"><ele>78</ele><time>2026-05-17T17:10:41.613942Z</time></trkpt>
  <trkpt lat="37.4136343" lon="-121.9957241"><ele>79</ele><time>2026-05-17T17:10:41.714271Z</time></trkpt>
  <trkpt lat="37.4136299" lon="-121.9957038"><ele>79</ele><time>2026-05-17T17:10:41.815240Z</time></trkpt>
  <trkpt lat="37.4136254" lon="-121.9956844"><ele>79</ele><time>2026-05-17T17:10:41.915821Z</time></trkpt>
  <trkpt lat="37.4136219" lon="-121.9956658"><ele>80</ele><time>2026-05-17T17:10:41.996180Z</time></trkpt>
  <trkpt lat="37.4136200" lon="-121.9956466"><ele>80</ele><time>2026-05-17T17:10:42.116657Z</time></trkpt>
  <trkpt lat="37.4136179" lon="-121.9956255"><ele>81</ele><time>2026-05-17T17:10:42.197005Z</time></trkpt>
  <trkpt lat="37.4136153" lon="-121.9956040"><ele>81</ele><time>2026-05-17T17:10:42.298354Z</time></trkpt>
  <trkpt lat="37.4136104" lon="-121.9955831"><ele>80</ele><time>2026-05-17T17:10:42.399229Z</time></trkpt>
  <trkpt lat="37.4136011" lon="-121.9955646"><ele>80</ele><time>2026-05-17T17:10:42.500134Z</time></trkpt>
  <trkpt lat="37.4135891" lon="-121.9955472"><ele>80</ele><time>2026-05-17T17:10:42.601180Z</time></trkpt>
  <trkpt lat="37.4135738" lon="-121.9955324"><ele>80</ele><time>2026-05-17T17:10:42.701833Z</time></trkpt>
  <trkpt lat="37.4135562" lon="-121.9955201"><ele>79</ele><time>2026-05-17T17:10:42.802505Z</time></trkpt>
  <trkpt lat="37.4135375" lon="-121.9955096"><ele>79</ele><time>2026-05-17T17:10:42.903943Z</time></trkpt>
  <trkpt lat="37.4135221" lon="-121.9955052"><ele>80</ele><time>2026-05-17T17:10:43.004802Z</time></trkpt>
  <trkpt lat="37.4135051" lon="-121.9954968"><ele>80</ele><time>2026-05-17T17:10:43.104954Z</time></trkpt>
  <trkpt lat="37.4134882" lon="-121.9954891"><ele>80</ele><time>2026-05-17T17:10:43.205485Z</time></trkpt>
  <trkpt lat="37.4134719" lon="-121.9954806"><ele>79</ele><time>2026-05-17T17:10:43.306655Z</time></trkpt>
  <trkpt lat="37.4134548" lon="-121.9954709"><ele>79</ele><time>2026-05-17T17:10:43.407132Z</time></trkpt>
  <trkpt lat="37.4134365" lon="-121.9954618"><ele>79</ele><time>2026-05-17T17:10:43.508351Z</time></trkpt>
  <trkpt lat="37.4134365" lon="-121.9954618"><ele>79</ele><time>2026-05-17T17:10:43.508853Z</time></trkpt>
  <trkpt lat="37.4134177" lon="-121.9954547"><ele>79</ele><time>2026-05-17T17:10:43.609416Z</time></trkpt>
  <trkpt lat="37.4133980" lon="-121.9954506"><ele>78</ele><time>2026-05-17T17:10:43.710634Z</time></trkpt>
  <trkpt lat="37.4133779" lon="-121.9954511"><ele>78</ele><time>2026-05-17T17:10:43.811732Z</time></trkpt>
  <trkpt lat="37.4133587" lon="-121.9954532"><ele>78</ele><time>2026-05-17T17:10:43.912428Z</time></trkpt>
  <trkpt lat="37.4133402" lon="-121.9954536"><ele>78</ele><time>2026-05-17T17:10:44.012801Z</time></trkpt>
  <trkpt lat="37.4133231" lon="-121.9954541"><ele>78</ele><time>2026-05-17T17:10:44.113369Z</time></trkpt>
  <trkpt lat="37.4133049" lon="-121.9954546"><ele>78</ele><time>2026-05-17T17:10:44.194072Z</time></trkpt>
  <trkpt lat="37.4132864" lon="-121.9954560"><ele>78</ele><time>2026-05-17T17:10:44.294453Z</time></trkpt>
  <trkpt lat="37.4132697" lon="-121.9954596"><ele>78</ele><time>2026-05-17T17:10:44.395019Z</time></trkpt>
  <trkpt lat="37.4132523" lon="-121.9954655"><ele>77</ele><time>2026-05-17T17:10:44.495886Z</time></trkpt>
  <trkpt lat="37.4132348" lon="-121.9954714"><ele>76</ele><time>2026-05-17T17:10:44.596716Z</time></trkpt>
  <trkpt lat="37.4132168" lon="-121.9954768"><ele>76</ele><time>2026-05-17T17:10:44.697401Z</time></trkpt>
  <trkpt lat="37.4131976" lon="-121.9954795"><ele>75</ele><time>2026-05-17T17:10:44.799020Z</time></trkpt>
  <trkpt lat="37.4131784" lon="-121.9954780"><ele>74</ele><time>2026-05-17T17:10:44.899326Z</time></trkpt>
  <trkpt lat="37.4131601" lon="-121.9954738"><ele>72</ele><time>2026-05-17T17:10:45.000538Z</time></trkpt>
  <trkpt lat="37.4131428" lon="-121.9954728"><ele>71</ele><time>2026-05-17T17:10:45.101157Z</time></trkpt>
  <trkpt lat="37.4131264" lon="-121.9954744"><ele>69</ele><time>2026-05-17T17:10:45.202605Z</time></trkpt>
  <trkpt lat="37.4131103" lon="-121.9954791"><ele>68</ele><time>2026-05-17T17:10:45.303717Z</time></trkpt>
  <trkpt lat="37.4130935" lon="-121.9954851"><ele>67</ele><time>2026-05-17T17:10:45.404462Z</time></trkpt>
  <trkpt lat="37.4130759" lon="-121.9954909"><ele>66</ele><time>2026-05-17T17:10:45.505331Z</time></trkpt>
  <trkpt lat="37.4130577" lon="-121.9954947"><ele>65</ele><time>2026-05-17T17:10:45.606043Z</time></trkpt>
  <trkpt lat="37.4130577" lon="-121.9954947"><ele>65</ele><time>2026-05-17T17:10:45.657115Z</time></trkpt>
  <trkpt lat="37.4130386" lon="-121.9954979"><ele>63</ele><time>2026-05-17T17:10:45.706759Z</time></trkpt>
  <trkpt lat="37.4130193" lon="-121.9954988"><ele>62</ele><time>2026-05-17T17:10:45.807319Z</time></trkpt>
  <trkpt lat="37.4130004" lon="-121.9954986"><ele>60</ele><time>2026-05-17T17:10:45.907546Z</time></trkpt>
  <trkpt lat="37.4129839" lon="-121.9954972"><ele>59</ele><time>2026-05-17T17:10:46.007846Z</time></trkpt>
  <trkpt lat="37.4129672" lon="-121.9954991"><ele>57</ele><time>2026-05-17T17:10:46.108383Z</time></trkpt>
  <trkpt lat="37.4129533" lon="-121.9955058"><ele>56</ele><time>2026-05-17T17:10:46.208865Z</time></trkpt>
  <trkpt lat="37.4129431" lon="-121.9955217"><ele>55</ele><time>2026-05-17T17:10:46.309662Z</time></trkpt>
  <trkpt lat="37.4129357" lon="-121.9955415"><ele>53</ele><time>2026-05-17T17:10:46.390184Z</time></trkpt>
  <trkpt lat="37.4129296" lon="-121.9955593"><ele>51</ele><time>2026-05-17T17:10:46.511081Z</time></trkpt>
  <trkpt lat="37.4129239" lon="-121.9955777"><ele>49</ele><time>2026-05-17T17:10:46.591949Z</time></trkpt>
  <trkpt lat="37.4129181" lon="-121.9955960"><ele>47</ele><time>2026-05-17T17:10:46.692706Z</time></trkpt>
  <trkpt lat="37.4129128" lon="-121.9956143"><ele>44</ele><time>2026-05-17T17:10:46.793067Z</time></trkpt>
  <trkpt lat="37.4129071" lon="-121.9956322"><ele>42</ele><time>2026-05-17T17:10:46.893328Z</time></trkpt>
  <trkpt lat="37.4129017" lon="-121.9956494"><ele>41</ele><time>2026-05-17T17:10:46.993994Z</time></trkpt>
  <trkpt lat="37.4128980" lon="-121.9956668"><ele>39</ele><time>2026-05-17T17:10:47.094259Z</time></trkpt>
  <trkpt lat="37.4128964" lon="-121.9956848"><ele>37</ele><time>2026-05-17T17:10:47.195286Z</time></trkpt>
  <trkpt lat="37.4128961" lon="-121.9957029"><ele>36</ele><time>2026-05-17T17:10:47.295560Z</time></trkpt>
  <trkpt lat="37.4128972" lon="-121.9957211"><ele>35</ele><time>2026-05-17T17:10:47.395966Z</time></trkpt>
  <trkpt lat="37.4129002" lon="-121.9957396"><ele>33</ele><time>2026-05-17T17:10:47.496363Z</time></trkpt>
  <trkpt lat="37.4129061" lon="-121.9957574"><ele>32</ele><time>2026-05-17T17:10:47.596738Z</time></trkpt>
  <trkpt lat="37.4129162" lon="-121.9957733"><ele>31</ele><time>2026-05-17T17:10:47.697161Z</time></trkpt>
  <trkpt lat="37.4129162" lon="-121.9957733"><ele>31</ele><time>2026-05-17T17:10:47.815645Z</time></trkpt>
  <trkpt lat="37.4129328" lon="-121.9957849"><ele>30</ele><time>2026-05-17T17:10:47.817681Z</time></trkpt>
  <trkpt lat="37.4129514" lon="-121.9957964"><ele>30</ele><time>2026-05-17T17:10:47.897762Z</time></trkpt>
  <trkpt lat="37.4129709" lon="-121.9958070"><ele>30</ele><time>2026-05-17T17:10:47.998312Z</time></trkpt>
  <trkpt lat="37.4129909" lon="-121.9958186"><ele>28</ele><time>2026-05-17T17:10:48.098694Z</time></trkpt>
  <trkpt lat="37.4130105" lon="-121.9958300"><ele>28</ele><time>2026-05-17T17:10:48.199555Z</time></trkpt>
  <trkpt lat="37.4130307" lon="-121.9958390"><ele>28</ele><time>2026-05-17T17:10:48.299629Z</time></trkpt>
  <trkpt lat="37.4130484" lon="-121.9958459"><ele>28</ele><time>2026-05-17T17:10:48.400730Z</time></trkpt>
  <trkpt lat="37.4130652" lon="-121.9958506"><ele>29</ele><time>2026-05-17T17:10:48.500754Z</time></trkpt>
  <trkpt lat="37.4130819" lon="-121.9958546"><ele>29</ele><time>2026-05-17T17:10:48.601224Z</time></trkpt>
  <trkpt lat="37.4130983" lon="-121.9958578"><ele>30</ele><time>2026-05-17T17:10:48.701730Z</time></trkpt>
  <trkpt lat="37.4131147" lon="-121.9958609"><ele>30</ele><time>2026-05-17T17:10:48.802130Z</time></trkpt>
  <trkpt lat="37.4131310" lon="-121.9958641"><ele>31</ele><time>2026-05-17T17:10:48.902633Z</time></trkpt>
  <trkpt lat="37.4131471" lon="-121.9958671"><ele>31</ele><time>2026-05-17T17:10:49.003845Z</time></trkpt>
  <trkpt lat="37.4131633" lon="-121.9958696"><ele>31</ele><time>2026-05-17T17:10:49.103823Z</time></trkpt>
  <trkpt lat="37.4131795" lon="-121.9958708"><ele>31</ele><time>2026-05-17T17:10:49.204492Z</time></trkpt>
  <trkpt lat="37.4131955" lon="-121.9958706"><ele>32</ele><time>2026-05-17T17:10:49.304915Z</time></trkpt>
  <trkpt lat="37.4132104" lon="-121.9958700"><ele>32</ele><time>2026-05-17T17:10:49.405549Z</time></trkpt>
  <trkpt lat="37.4132246" lon="-121.9958680"><ele>33</ele><time>2026-05-17T17:10:49.506184Z</time></trkpt>
  <trkpt lat="37.4132378" lon="-121.9958645"><ele>34</ele><time>2026-05-17T17:10:49.606504Z</time></trkpt>
  <trkpt lat="37.4132504" lon="-121.9958594"><ele>35</ele><time>2026-05-17T17:10:49.686844Z</time></trkpt>
  <trkpt lat="37.4132624" lon="-121.9958533"><ele>35</ele><time>2026-05-17T17:10:49.807595Z</time></trkpt>
  <trkpt lat="37.4132742" lon="-121.9958467"><ele>36</ele><time>2026-05-17T17:10:49.888202Z</time></trkpt>
  <trkpt lat="37.4132742" lon="-121.9958467"><ele>36</ele><time>2026-05-17T17:10:49.979910Z</time></trkpt>
  <trkpt lat="37.4132854" lon="-121.9958399"><ele>37</ele><time>2026-05-17T17:10:49.988740Z</time></trkpt>
  <trkpt lat="37.4132967" lon="-121.9958323"><ele>37</ele><time>2026-05-17T17:10:50.089554Z</time></trkpt>
  <trkpt lat="37.4133078" lon="-121.9958244"><ele>38</ele><time>2026-05-17T17:10:50.190278Z</time></trkpt>
  <trkpt lat="37.4133186" lon="-121.9958162"><ele>38</ele><time>2026-05-17T17:10:50.290883Z</time></trkpt>
  <trkpt lat="37.4133294" lon="-121.9958072"><ele>39</ele><time>2026-05-17T17:10:50.391131Z</time></trkpt>
  <trkpt lat="37.4133403" lon="-121.9957978"><ele>39</ele><time>2026-05-17T17:10:50.491693Z</time></trkpt>
  <trkpt lat="37.4133511" lon="-121.9957881"><ele>39</ele><time>2026-05-17T17:10:50.592179Z</time></trkpt>
  <trkpt lat="37.4133621" lon="-121.9957782"><ele>40</ele><time>2026-05-17T17:10:50.692678Z</time></trkpt>
  <trkpt lat="37.4133732" lon="-121.9957680"><ele>40</ele><time>2026-05-17T17:10:50.793518Z</time></trkpt>
  <trkpt lat="37.4133839" lon="-121.9957572"><ele>40</ele><time>2026-05-17T17:10:50.894551Z</time></trkpt>
  <trkpt lat="37.4133945" lon="-121.9957453"><ele>40</ele><time>2026-05-17T17:10:50.994055Z</time></trkpt>
  <trkpt lat="37.4134046" lon="-121.9957323"><ele>41</ele><time>2026-05-17T17:10:51.094572Z</time></trkpt>
  <trkpt lat="37.4134136" lon="-121.9957180"><ele>41</ele><time>2026-05-17T17:10:51.194630Z</time></trkpt>
  <trkpt lat="37.4134214" lon="-121.9957023"><ele>41</ele><time>2026-05-17T17:10:51.295295Z</time></trkpt>
  <trkpt lat="37.4134275" lon="-121.9956855"><ele>41</ele><time>2026-05-17T17:10:51.395566Z</time></trkpt>
  <trkpt lat="37.4134318" lon="-121.9956680"><ele>41</ele><time>2026-05-17T17:10:51.496055Z</time></trkpt>
  <trkpt lat="37.4134340" lon="-121.9956502"><ele>41</ele><time>2026-05-17T17:10:51.596533Z</time></trkpt>
  <trkpt lat="37.4134348" lon="-121.9956322"><ele>42</ele><time>2026-05-17T17:10:51.697366Z</time></trkpt>
  <trkpt lat="37.4134345" lon="-121.9956146"><ele>42</ele><time>2026-05-17T17:10:51.797724Z</time></trkpt>
  <trkpt lat="37.4134338" lon="-121.9955970"><ele>43</ele><time>2026-05-17T17:10:51.898172Z</time></trkpt>
  <trkpt lat="37.4134325" lon="-121.9955797"><ele>43</ele><time>2026-05-17T17:10:51.998508Z</time></trkpt>
  <trkpt lat="37.4134305" lon="-121.9955628"><ele>44</ele><time>2026-05-17T17:10:52.099340Z</time></trkpt>
  <trkpt lat="37.4134305" lon="-121.9955628"><ele>44</ele><time>2026-05-17T17:10:52.128936Z</time></trkpt>
  <trkpt lat="37.4134283" lon="-121.9955457"><ele>44</ele><time>2026-05-17T17:10:52.199558Z</time></trkpt>
  <trkpt lat="37.4134256" lon="-121.9955287"><ele>45</ele><time>2026-05-17T17:10:52.300020Z</time></trkpt>
  <trkpt lat="37.4134225" lon="-121.9955116"><ele>45</ele><time>2026-05-17T17:10:52.401160Z</time></trkpt>
  <trkpt lat="37.4134191" lon="-121.9954946"><ele>46</ele><time>2026-05-17T17:10:52.502042Z</time></trkpt>
  <trkpt lat="37.4134158" lon="-121.9954778"><ele>46</ele><time>2026-05-17T17:10:52.603124Z</time></trkpt>
  <trkpt lat="37.4134123" lon="-121.9954613"><ele>47</ele><time>2026-05-17T17:10:52.703579Z</time></trkpt>
  <trkpt lat="37.4134090" lon="-121.9954449"><ele>47</ele><time>2026-05-17T17:10:52.783895Z</time></trkpt>
  <trkpt lat="37.4134057" lon="-121.9954289"><ele>48</ele><time>2026-05-17T17:10:52.884406Z</time></trkpt>
  <trkpt lat="37.4134024" lon="-121.9954131"><ele>49</ele><time>2026-05-17T17:10:52.985156Z</time></trkpt>
  <trkpt lat="37.4133992" lon="-121.9953981"><ele>49</ele><time>2026-05-17T17:10:53.086113Z</time></trkpt>
  <trkpt lat="37.4133964" lon="-121.9953844"><ele>50</ele><time>2026-05-17T17:10:53.185816Z</time></trkpt>
  <trkpt lat="37.4133940" lon="-121.9953716"><ele>51</ele><time>2026-05-17T17:10:53.286234Z</time></trkpt>
  <trkpt lat="37.4133922" lon="-121.9953591"><ele>52</ele><time>2026-05-17T17:10:53.386903Z</time></trkpt>
  <trkpt lat="37.4133905" lon="-121.9953471"><ele>54</ele><time>2026-05-17T17:10:53.487425Z</time></trkpt>
  <trkpt lat="37.4133891" lon="-121.9953355"><ele>55</ele><time>2026-05-17T17:10:53.587516Z</time></trkpt>
  <trkpt lat="37.4133874" lon="-121.9953253"><ele>56</ele><time>2026-05-17T17:10:53.688205Z</time></trkpt>
  <trkpt lat="37.4133860" lon="-121.9953154"><ele>57</ele><time>2026-05-17T17:10:53.788647Z</time></trkpt>
  <trkpt lat="37.4133854" lon="-121.9953055"><ele>58</ele><time>2026-05-17T17:10:53.889037Z</time></trkpt>
  <trkpt lat="37.4133854" lon="-121.9952963"><ele>59</ele><time>2026-05-17T17:10:53.989399Z</time></trkpt>
  <trkpt lat="37.4133856" lon="-121.9952881"><ele>60</ele><time>2026-05-17T17:10:54.089605Z</time></trkpt>
  <trkpt lat="37.4133865" lon="-121.9952801"><ele>61</ele><time>2026-05-17T17:10:54.190494Z</time></trkpt>
  <trkpt lat="37.4133877" lon="-121.9952731"><ele>62</ele><time>2026-05-17T17:10:54.291629Z</time></trkpt>
  <trkpt lat="37.4133890" lon="-121.9952665"><ele>63</ele><time>2026-05-17T17:10:54.392025Z</time></trkpt>
  <trkpt lat="37.4133906" lon="-121.9952602"><ele>63</ele><time>2026-05-17T17:10:54.492934Z</time></trkpt>
  <trkpt lat="37.4133925" lon="-121.9952549"><ele>64</ele><time>2026-05-17T17:10:54.593994Z</time></trkpt>
  <trkpt lat="37.4133944" lon="-121.9952500"><ele>65</ele><time>2026-05-17T17:10:54.694454Z</time></trkpt>
  <trkpt lat="37.4133965" lon="-121.9952458"><ele>66</ele><time>2026-05-17T17:10:54.795421Z</time></trkpt>
  <trkpt lat="37.4133987" lon="-121.9952426"><ele>67</ele><time>2026-05-17T17:10:54.895548Z</time></trkpt>
  <trkpt lat="37.4134014" lon="-121.9952399"><ele>67</ele><time>2026-05-17T17:10:54.996099Z</time></trkpt>
  <trkpt lat="37.4134043" lon="-121.9952379"><ele>68</ele><time>2026-05-17T17:10:55.096639Z</time></trkpt>
  <trkpt lat="37.4134071" lon="-121.9952365"><ele>69</ele><time>2026-05-17T17:10:55.197184Z</time></trkpt>
  <trkpt lat="37.4134102" lon="-121.9952358"><ele>69</ele><time>2026-05-17T17:10:55.297775Z</time></trkpt>
  <trkpt lat="37.4134139" lon="-121.9952355"><ele>70</ele><time>2026-05-17T17:10:55.398538Z</time></trkpt>
  <trkpt lat="37.4134177" lon="-121.9952362"><ele>70</ele><time>2026-05-17T17:10:55.498869Z</time></trkpt>
  <trkpt lat="37.4134214" lon="-121.9952378"><ele>70</ele><time>2026-05-17T17:10:55.599803Z</time></trkpt>
  <trkpt lat="37.4134249" lon="-121.9952405"><ele>71</ele><time>2026-05-17T17:10:55.699557Z</time></trkpt>
  <trkpt lat="37.4134280" lon="-121.9952442"><ele>71</ele><time>2026-05-17T17:10:55.780416Z</time></trkpt>
  <trkpt lat="37.4134303" lon="-121.9952491"><ele>71</ele><time>2026-05-17T17:10:55.880574Z</time></trkpt>
  <trkpt lat="37.4134319" lon="-121.9952546"><ele>71</ele><time>2026-05-17T17:10:55.981469Z</time></trkpt>
  <trkpt lat="37.4134328" lon="-121.9952613"><ele>71</ele><time>2026-05-17T17:10:56.082048Z</time></trkpt>
  <trkpt lat="37.4134328" lon="-121.9952694"><ele>71</ele><time>2026-05-17T17:10:56.183130Z</time></trkpt>
  <trkpt lat="37.4134319" lon="-121.9952783"><ele>70</ele><time>2026-05-17T17:10:56.283139Z</time></trkpt>
  <trkpt lat="37.4134293" lon="-121.9952878"><ele>70</ele><time>2026-05-17T17:10:56.384096Z</time></trkpt>
  <trkpt lat="37.4134293" lon="-121.9952878"><ele>70</ele><time>2026-05-17T17:10:56.451890Z</time></trkpt>
  <trkpt lat="37.4134247" lon="-121.9952975"><ele>69</ele><time>2026-05-17T17:10:56.484686Z</time></trkpt>
  <trkpt lat="37.4134182" lon="-121.9953074"><ele>68</ele><time>2026-05-17T17:10:56.584975Z</time></trkpt>
  <trkpt lat="37.4134099" lon="-121.9953171"><ele>68</ele><time>2026-05-17T17:10:56.685474Z</time></trkpt>
  <trkpt lat="37.4134006" lon="-121.9953265"><ele>67</ele><time>2026-05-17T17:10:56.785992Z</time></trkpt>
  <trkpt lat="37.4133904" lon="-121.9953355"><ele>67</ele><time>2026-05-17T17:10:56.886798Z</time></trkpt>
  <trkpt lat="37.4133790" lon="-121.9953442"><ele>67</ele><time>2026-05-17T17:10:56.987365Z</time></trkpt>
  <trkpt lat="37.4133665" lon="-121.9953522"><ele>67</ele><time>2026-05-17T17:10:57.087955Z</time></trkpt>
  <trkpt lat="37.4133534" lon="-121.9953596"><ele>67</ele><time>2026-05-17T17:10:57.188985Z</time></trkpt>
  <trkpt lat="37.4133401" lon="-121.9953660"><ele>67</ele><time>2026-05-17T17:10:57.290174Z</time></trkpt>
  <trkpt lat="37.4133263" lon="-121.9953718"><ele>68</ele><time>2026-05-17T17:10:57.390908Z</time></trkpt>
  <trkpt lat="37.4133126" lon="-121.9953769"><ele>68</ele><time>2026-05-17T17:10:57.491704Z</time></trkpt>
  <trkpt lat="37.4132989" lon="-121.9953813"><ele>68</ele><time>2026-05-17T17:10:57.592420Z</time></trkpt>
  <trkpt lat="37.4132851" lon="-121.9953855"><ele>69</ele><time>2026-05-17T17:10:57.693150Z</time></trkpt>
  <trkpt lat="37.4132711" lon="-121.9953894"><ele>70</ele><time>2026-05-17T17:10:57.793899Z</time></trkpt>
  <trkpt lat="37.4132574" lon="-121.9953927"><ele>70</ele><time>2026-05-17T17:10:57.894406Z</time></trkpt>
  <trkpt lat="37.4132436" lon="-121.9953960"><ele>71</ele><time>2026-05-17T17:10:57.994477Z</time></trkpt>
  <trkpt lat="37.4132296" lon="-121.9953989"><ele>71</ele><time>2026-05-17T17:10:58.094742Z</time></trkpt>
  <trkpt lat="37.4132151" lon="-121.9954015"><ele>71</ele><time>2026-05-17T17:10:58.195497Z</time></trkpt>
  <trkpt lat="37.4132007" lon="-121.9954039"><ele>71</ele><time>2026-05-17T17:10:58.296285Z</time></trkpt>
  <trkpt lat="37.4131858" lon="-121.9954067"><ele>72</ele><time>2026-05-17T17:10:58.396980Z</time></trkpt>
  <trkpt lat="37.4131709" lon="-121.9954093"><ele>72</ele><time>2026-05-17T17:10:58.477242Z</time></trkpt>
  <trkpt lat="37.4131554" lon="-121.9954117"><ele>72</ele><time>2026-05-17T17:10:58.577914Z</time></trkpt>
  <trkpt lat="37.4131554" lon="-121.9954117"><ele>72</ele><time>2026-05-17T17:10:58.608729Z</time></trkpt>
  <trkpt lat="37.4131393" lon="-121.9954141"><ele>72</ele><time>2026-05-17T17:10:58.678606Z</time></trkpt>
  <trkpt lat="37.4131233" lon="-121.9954161"><ele>72</ele><time>2026-05-17T17:10:58.779163Z</time></trkpt>
  <trkpt lat="37.4131074" lon="-121.9954174"><ele>72</ele><time>2026-05-17T17:10:58.879462Z</time></trkpt>
  <trkpt lat="37.4130922" lon="-121.9954166"><ele>72</ele><time>2026-05-17T17:10:58.980448Z</time></trkpt>
  <trkpt lat="37.4130778" lon="-121.9954140"><ele>73</ele><time>2026-05-17T17:10:59.080980Z</time></trkpt>
  <trkpt lat="37.4130643" lon="-121.9954098"><ele>73</ele><time>2026-05-17T17:10:59.181737Z</time></trkpt>
  <trkpt lat="37.4130505" lon="-121.9954048"><ele>74</ele><time>2026-05-17T17:10:59.282247Z</time></trkpt>
  <trkpt lat="37.4130364" lon="-121.9953995"><ele>75</ele><time>2026-05-17T17:10:59.383310Z</time></trkpt>
  <trkpt lat="37.4130224" lon="-121.9953941"><ele>75</ele><time>2026-05-17T17:10:59.483894Z</time></trkpt>
  <trkpt lat="37.4130086" lon="-121.9953884"><ele>76</ele><time>2026-05-17T17:10:59.584093Z</time></trkpt>
  <trkpt lat="37.4129951" lon="-121.9953826"><ele>76</ele><time>2026-05-17T17:10:59.684210Z</time></trkpt>
  <trkpt lat="37.4129817" lon="-121.9953769"><ele>77</ele><time>2026-05-17T17:10:59.785144Z</time></trkpt>
  <trkpt lat="37.4129685" lon="-121.9953711"><ele>77</ele><time>2026-05-17T17:10:59.885645Z</time></trkpt>
  <trkpt lat="37.4129549" lon="-121.9953653"><ele>78</ele><time>2026-05-17T17:10:59.985789Z</time></trkpt>
  <trkpt lat="37.4129413" lon="-121.9953594"><ele>78</ele><time>2026-05-17T17:11:00.086330Z</time></trkpt>
  <trkpt lat="37.4129277" lon="-121.9953535"><ele>79</ele><time>2026-05-17T17:11:00.186844Z</time></trkpt>
  <trkpt lat="37.4129142" lon="-121.9953473"><ele>79</ele><time>2026-05-17T17:11:00.287552Z</time></trkpt>
  <trkpt lat="37.4129008" lon="-121.9953412"><ele>79</ele><time>2026-05-17T17:11:00.387881Z</time></trkpt>
  <trkpt lat="37.4128875" lon="-121.9953350"><ele>80</ele><time>2026-05-17T17:11:00.488404Z</time></trkpt>
  <trkpt lat="37.4128750" lon="-121.9953283"><ele>80</ele><time>2026-05-17T17:11:00.589011Z</time></trkpt>
  <trkpt lat="37.4128626" lon="-121.9953214"><ele>81</ele><time>2026-05-17T17:11:00.690205Z</time></trkpt>
  <trkpt lat="37.4128626" lon="-121.9953214"><ele>81</ele><time>2026-05-17T17:11:00.749694Z</time></trkpt>
  <trkpt lat="37.4128504" lon="-121.9953143"><ele>81</ele><time>2026-05-17T17:11:00.790992Z</time></trkpt>
  <trkpt lat="37.4128381" lon="-121.9953073"><ele>82</ele><time>2026-05-17T17:11:00.891524Z</time></trkpt>
  <trkpt lat="37.4128259" lon="-121.9953003"><ele>82</ele><time>2026-05-17T17:11:00.992135Z</time></trkpt>
  <trkpt lat="37.4128135" lon="-121.9952935"><ele>82</ele><time>2026-05-17T17:11:01.072498Z</time></trkpt>
  <trkpt lat="37.4128010" lon="-121.9952865"><ele>83</ele><time>2026-05-17T17:11:01.193397Z</time></trkpt>
  <trkpt lat="37.4127883" lon="-121.9952794"><ele>83</ele><time>2026-05-17T17:11:01.273778Z</time></trkpt>
  <trkpt lat="37.4127764" lon="-121.9952721"><ele>84</ele><time>2026-05-17T17:11:01.374491Z</time></trkpt>
  <trkpt lat="37.4127659" lon="-121.9952653"><ele>85</ele><time>2026-05-17T17:11:01.475015Z</time></trkpt>
  <trkpt lat="37.4127558" lon="-121.9952594"><ele>86</ele><time>2026-05-17T17:11:01.575516Z</time></trkpt>
  <trkpt lat="37.4127456" lon="-121.9952543"><ele>87</ele><time>2026-05-17T17:11:01.675869Z</time></trkpt>
  <trkpt lat="37.4127358" lon="-121.9952508"><ele>88</ele><time>2026-05-17T17:11:01.775993Z</time></trkpt>
  <trkpt lat="37.4127270" lon="-121.9952488"><ele>90</ele><time>2026-05-17T17:11:01.876181Z</time></trkpt>
  <trkpt lat="37.4127193" lon="-121.9952486"><ele>91</ele><time>2026-05-17T17:11:01.976881Z</time></trkpt>
  <trkpt lat="37.4127128" lon="-121.9952510"><ele>92</ele><time>2026-05-17T17:11:02.077084Z</time></trkpt>
  <trkpt lat="37.4127072" lon="-121.9952553"><ele>93</ele><time>2026-05-17T17:11:02.177378Z</time></trkpt>
  <trkpt lat="37.4127017" lon="-121.9952606"><ele>94</ele><time>2026-05-17T17:11:02.277992Z</time></trkpt>
  <trkpt lat="37.4126960" lon="-121.9952669"><ele>95</ele><time>2026-05-17T17:11:02.378599Z</time></trkpt>
  <trkpt lat="37.4126912" lon="-121.9952748"><ele>96</ele><time>2026-05-17T17:11:02.479101Z</time></trkpt>
  <trkpt lat="37.4126878" lon="-121.9952855"><ele>97</ele><time>2026-05-17T17:11:02.579596Z</time></trkpt>
  <trkpt lat="37.4126870" lon="-121.9952960"><ele>97</ele><time>2026-05-17T17:11:02.679958Z</time></trkpt>
  <trkpt lat="37.4126889" lon="-121.9953061"><ele>98</ele><time>2026-05-17T17:11:02.781303Z</time></trkpt>
  <trkpt lat="37.4126926" lon="-121.9953158"><ele>98</ele><time>2026-05-17T17:11:02.881321Z</time></trkpt>
  <trkpt lat="37.4126926" lon="-121.9953158"><ele>98</ele><time>2026-05-17T17:11:02.904426Z</time></trkpt>
  <trkpt lat="37.4126959" lon="-121.9953262"><ele>98</ele><time>2026-05-17T17:11:02.982197Z</time></trkpt>
  <trkpt lat="37.4126989" lon="-121.9953370"><ele>98</ele><time>2026-05-17T17:11:03.082820Z</time></trkpt>
  <trkpt lat="37.4126995" lon="-121.9953490"><ele>98</ele><time>2026-05-17T17:11:03.183846Z</time></trkpt>
  <trkpt lat="37.4126995" lon="-121.9953600"><ele>97</ele><time>2026-05-17T17:11:03.284515Z</time></trkpt>
  <trkpt lat="37.4126994" lon="-121.9953690"><ele>97</ele><time>2026-05-17T17:11:03.384199Z</time></trkpt>
  <trkpt lat="37.4127002" lon="-121.9953747"><ele>97</ele><time>2026-05-17T17:11:03.484862Z</time></trkpt>
  <trkpt lat="37.4127003" lon="-121.9953794"><ele>97</ele><time>2026-05-17T17:11:03.585211Z</time></trkpt>
  <trkpt lat="37.4126959" lon="-121.9953778"><ele>96</ele><time>2026-05-17T17:11:03.685934Z</time></trkpt>
  <trkpt lat="37.4126935" lon="-121.9953654"><ele>94</ele><time>2026-05-17T17:11:03.786743Z</time></trkpt>
  <trkpt lat="37.4126909" lon="-121.9953499"><ele>93</ele><time>2026-05-17T17:11:03.887995Z</time></trkpt>
  <trkpt lat="37.4126884" lon="-121.9953327"><ele>92</ele><time>2026-05-17T17:11:03.988213Z</time></trkpt>
  <trkpt lat="37.4126858" lon="-121.9953134"><ele>90</ele><time>2026-05-17T17:11:04.088892Z</time></trkpt>
  <trkpt lat="37.4126822" lon="-121.9952957"><ele>88</ele><time>2026-05-17T17:11:04.169180Z</time></trkpt>
  <trkpt lat="37.4126774" lon="-121.9952783"><ele>87</ele><time>2026-05-17T17:11:04.289476Z</time></trkpt>
  <trkpt lat="37.4126731" lon="-121.9952602"><ele>86</ele><time>2026-05-17T17:11:04.370254Z</time></trkpt>
  <trkpt lat="37.4126693" lon="-121.9952414"><ele>85</ele><time>2026-05-17T17:11:04.471188Z</time></trkpt>
  <trkpt lat="37.4126678" lon="-121.9952228"><ele>85</ele><time>2026-05-17T17:11:04.572223Z</time></trkpt>
  <trkpt lat="37.4126666" lon="-121.9952023"><ele>84</ele><time>2026-05-17T17:11:04.673088Z</time></trkpt>
  <trkpt lat="37.4126643" lon="-121.9951809"><ele>83</ele><time>2026-05-17T17:11:04.773603Z</time></trkpt>
  <trkpt lat="37.4126617" lon="-121.9951561"><ele>82</ele><time>2026-05-17T17:11:04.874910Z</time></trkpt>
  <trkpt lat="37.4126595" lon="-121.9951314"><ele>81</ele><time>2026-05-17T17:11:04.975280Z</time></trkpt>
  <trkpt lat="37.4126595" lon="-121.9951314"><ele>81</ele><time>2026-05-17T17:11:05.059024Z</time></trkpt>
  <trkpt lat="37.4126538" lon="-121.9951091"><ele>80</ele><time>2026-05-17T17:11:05.075599Z</time></trkpt>
  <trkpt lat="37.4126461" lon="-121.9950865"><ele>78</ele><time>2026-05-17T17:11:05.176040Z</time></trkpt>
  <trkpt lat="37.4126358" lon="-121.9950646"><ele>77</ele><time>2026-05-17T17:11:05.277248Z</time></trkpt>
  <trkpt lat="37.4126264" lon="-121.9950396"><ele>75</ele><time>2026-05-17T17:11:05.377991Z</time></trkpt>
  <trkpt lat="37.4126160" lon="-121.9950151"><ele>73</ele><time>2026-05-17T17:11:05.479021Z</time></trkpt>
  <trkpt lat="37.4126053" lon="-121.9949935"><ele>73</ele><time>2026-05-17T17:11:05.579404Z</time></trkpt>
  <trkpt lat="37.4125962" lon="-121.9949708"><ele>74</ele><time>2026-05-17T17:11:05.680651Z</time></trkpt>
  <trkpt lat="37.4125905" lon="-121.9949473"><ele>75</ele><time>2026-05-17T17:11:05.781000Z</time></trkpt>
  <trkpt lat="37.4125910" lon="-121.9949244"><ele>78</ele><time>2026-05-17T17:11:05.881657Z</time></trkpt>
  <trkpt lat="37.4125959" lon="-121.9949013"><ele>80</ele><time>2026-05-17T17:11:05.982346Z</time></trkpt>
  <trkpt lat="37.4126044" lon="-121.9948792"><ele>81</ele><time>2026-05-17T17:11:06.083015Z</time></trkpt>
  <trkpt lat="37.4126142" lon="-121.9948636"><ele>83</ele><time>2026-05-17T17:11:06.183950Z</time></trkpt>
  <trkpt lat="37.4126265" lon="-121.9948517"><ele>85</ele><time>2026-05-17T17:11:06.285361Z</time></trkpt>
  <trkpt lat="37.4126401" lon="-121.9948442"><ele>86</ele><time>2026-05-17T17:11:06.385967Z</time></trkpt>
  <trkpt lat="37.4126531" lon="-121.9948436"><ele>88</ele><time>2026-05-17T17:11:06.466377Z</time></trkpt>
  <trkpt lat="37.4126669" lon="-121.9948435"><ele>89</ele><time>2026-05-17T17:11:06.587153Z</time></trkpt>
  <trkpt lat="37.4126826" lon="-121.9948415"><ele>90</ele><time>2026-05-17T17:11:06.667981Z</time></trkpt>
  <trkpt lat="37.4126973" lon="-121.9948380"><ele>91</ele><time>2026-05-17T17:11:06.769480Z</time></trkpt>
  <trkpt lat="37.4127109" lon="-121.9948330"><ele>92</ele><time>2026-05-17T17:11:06.870607Z</time></trkpt>
  <trkpt lat="37.4127244" lon="-121.9948291"><ele>92</ele><time>2026-05-17T17:11:06.971231Z</time></trkpt>
  <trkpt lat="37.4127385" lon="-121.9948257"><ele>92</ele><time>2026-05-17T17:11:07.071753Z</time></trkpt>
  <trkpt lat="37.4127521" lon="-121.9948269"><ele>92</ele><time>2026-05-17T17:11:07.172459Z</time></trkpt>
  <trkpt lat="37.4127521" lon="-121.9948269"><ele>92</ele><time>2026-05-17T17:11:07.221546Z</time></trkpt>
  <trkpt lat="37.4127659" lon="-121.9948310"><ele>92</ele><time>2026-05-17T17:11:07.272826Z</time></trkpt>
  <trkpt lat="37.4127785" lon="-121.9948370"><ele>92</ele><time>2026-05-17T17:11:07.373834Z</time></trkpt>
  <trkpt lat="37.4127912" lon="-121.9948432"><ele>92</ele><time>2026-05-17T17:11:07.474881Z</time></trkpt>
  <trkpt lat="37.4128048" lon="-121.9948486"><ele>92</ele><time>2026-05-17T17:11:07.575401Z</time></trkpt>
  <trkpt lat="37.4128188" lon="-121.9948526"><ele>92</ele><time>2026-05-17T17:11:07.675858Z</time></trkpt>
  <trkpt lat="37.4128330" lon="-121.9948551"><ele>92</ele><time>2026-05-17T17:11:07.776776Z</time></trkpt>
  <trkpt lat="37.4128476" lon="-121.9948584"><ele>92</ele><time>2026-05-17T17:11:07.877534Z</time></trkpt>
  <trkpt lat="37.4128625" lon="-121.9948596"><ele>91</ele><time>2026-05-17T17:11:07.977999Z</time></trkpt>
  <trkpt lat="37.4128780" lon="-121.9948603"><ele>91</ele><time>2026-05-17T17:11:08.078482Z</time></trkpt>
  <trkpt lat="37.4128939" lon="-121.9948602"><ele>90</ele><time>2026-05-17T17:11:08.179128Z</time></trkpt>
  <trkpt lat="37.4129080" lon="-121.9948624"><ele>89</ele><time>2026-05-17T17:11:08.280844Z</time></trkpt>
  <trkpt lat="37.4129207" lon="-121.9948682"><ele>88</ele><time>2026-05-17T17:11:08.381732Z</time></trkpt>
  <trkpt lat="37.4129324" lon="-121.9948758"><ele>87</ele><time>2026-05-17T17:11:08.481633Z</time></trkpt>
  <trkpt lat="37.4129437" lon="-121.9948838"><ele>87</ele><time>2026-05-17T17:11:08.582252Z</time></trkpt>
  <trkpt lat="37.4129555" lon="-121.9948915"><ele>85</ele><time>2026-05-17T17:11:08.682524Z</time></trkpt>
  <trkpt lat="37.4129680" lon="-121.9948971"><ele>84</ele><time>2026-05-17T17:11:08.783725Z</time></trkpt>
  <trkpt lat="37.4129794" lon="-121.9949006"><ele>82</ele><time>2026-05-17T17:11:08.864186Z</time></trkpt>
  <trkpt lat="37.4129863" lon="-121.9949094"><ele>81</ele><time>2026-05-17T17:11:08.984644Z</time></trkpt>
  <trkpt lat="37.4129900" lon="-121.9949241"><ele>79</ele><time>2026-05-17T17:11:09.065671Z</time></trkpt>
  <trkpt lat="37.4129904" lon="-121.9949426"><ele>79</ele><time>2026-05-17T17:11:09.166182Z</time></trkpt>
  <trkpt lat="37.4129887" lon="-121.9949630"><ele>78</ele><time>2026-05-17T17:11:09.266593Z</time></trkpt>
  <trkpt lat="37.4129864" lon="-121.9949838"><ele>77</ele><time>2026-05-17T17:11:09.367066Z</time></trkpt>
  <trkpt lat="37.4129864" lon="-121.9949838"><ele>77</ele><time>2026-05-17T17:11:09.387044Z</time></trkpt>
  <trkpt lat="37.4129836" lon="-121.9950036"><ele>76</ele><time>2026-05-17T17:11:09.467585Z</time></trkpt>
  <trkpt lat="37.4129808" lon="-121.9950234"><ele>74</ele><time>2026-05-17T17:11:09.568518Z</time></trkpt>
  <trkpt lat="37.4129786" lon="-121.9950407"><ele>73</ele><time>2026-05-17T17:11:09.669558Z</time></trkpt>
  <trkpt lat="37.4129758" lon="-121.9950596"><ele>71</ele><time>2026-05-17T17:11:09.770851Z</time></trkpt>
  <trkpt lat="37.4129724" lon="-121.9950814"><ele>70</ele><time>2026-05-17T17:11:09.871675Z</time></trkpt>
  <trkpt lat="37.4129685" lon="-121.9951080"><ele>69</ele><time>2026-05-17T17:11:09.972325Z</time></trkpt>
  <trkpt lat="37.4129625" lon="-121.9951306"><ele>69</ele><time>2026-05-17T17:11:10.073078Z</time></trkpt>
  <trkpt lat="37.4129552" lon="-121.9951521"><ele>68</ele><time>2026-05-17T17:11:10.173794Z</time></trkpt>
  <trkpt lat="37.4129493" lon="-121.9951734"><ele>67</ele><time>2026-05-17T17:11:10.275433Z</time></trkpt>
  <trkpt lat="37.4129447" lon="-121.9951949"><ele>67</ele><time>2026-05-17T17:11:10.376550Z</time></trkpt>
  <trkpt lat="37.4129412" lon="-121.9952166"><ele>66</ele><time>2026-05-17T17:11:10.476660Z</time></trkpt>
  <trkpt lat="37.4129386" lon="-121.9952384"><ele>65</ele><time>2026-05-17T17:11:10.577602Z</time></trkpt>
  <trkpt lat="37.4129365" lon="-121.9952598"><ele>65</ele><time>2026-05-17T17:11:10.678310Z</time></trkpt>
  <trkpt lat="37.4129337" lon="-121.9952799"><ele>65</ele><time>2026-05-17T17:11:10.778996Z</time></trkpt>
  <trkpt lat="37.4129304" lon="-121.9953011"><ele>66</ele><time>2026-05-17T17:11:10.879354Z</time></trkpt>
  <trkpt lat="37.4129267" lon="-121.9953227"><ele>66</ele><time>2026-05-17T17:11:10.980236Z</time></trkpt>
  <trkpt lat="37.4129219" lon="-121.9953436"><ele>66</ele><time>2026-05-17T17:11:11.080830Z</time></trkpt>
  <trkpt lat="37.4129161" lon="-121.9953639"><ele>66</ele><time>2026-05-17T17:11:11.181935Z</time></trkpt>
  <trkpt lat="37.4129106" lon="-121.9953798"><ele>65</ele><time>2026-05-17T17:11:11.282680Z</time></trkpt>
  <trkpt lat="37.4129040" lon="-121.9953911"><ele>65</ele><time>2026-05-17T17:11:11.363280Z</time></trkpt>
  <trkpt lat="37.4128968" lon="-121.9954019"><ele>65</ele><time>2026-05-17T17:11:11.463628Z</time></trkpt>
  <trkpt lat="37.4128968" lon="-121.9954019"><ele>65</ele><time>2026-05-17T17:11:11.547194Z</time></trkpt>
  <trkpt lat="37.4128888" lon="-121.9954116"><ele>66</ele><time>2026-05-17T17:11:11.564063Z</time></trkpt>
  <trkpt lat="37.4128794" lon="-121.9954185"><ele>66</ele><time>2026-05-17T17:11:11.664557Z</time></trkpt>
  <trkpt lat="37.4128682" lon="-121.9954226"><ele>67</ele><time>2026-05-17T17:11:11.765683Z</time></trkpt>
  <trkpt lat="37.4128544" lon="-121.9954237"><ele>68</ele><time>2026-05-17T17:11:11.866098Z</time></trkpt>
  <trkpt lat="37.4128399" lon="-121.9954235"><ele>68</ele><time>2026-05-17T17:11:11.967022Z</time></trkpt>
  <trkpt lat="37.4128240" lon="-121.9954190"><ele>68</ele><time>2026-05-17T17:11:12.067347Z</time></trkpt>
  <trkpt lat="37.4128076" lon="-121.9954118"><ele>68</ele><time>2026-05-17T17:11:12.167513Z</time></trkpt>
  <trkpt lat="37.4127921" lon="-121.9954037"><ele>68</ele><time>2026-05-17T17:11:12.268791Z</time></trkpt>
  <trkpt lat="37.4127766" lon="-121.9953940"><ele>68</ele><time>2026-05-17T17:11:12.369205Z</time></trkpt>
  <trkpt lat="37.4127610" lon="-121.9953826"><ele>68</ele><time>2026-05-17T17:11:12.470086Z</time></trkpt>
  <trkpt lat="37.4127452" lon="-121.9953717"><ele>68</ele><time>2026-05-17T17:11:12.570509Z</time></trkpt>
  <trkpt lat="37.4127283" lon="-121.9953621"><ele>68</ele><time>2026-05-17T17:11:12.670935Z</time></trkpt>
  <trkpt lat="37.4127107" lon="-121.9953518"><ele>67</ele><time>2026-05-17T17:11:12.771325Z</time></trkpt>
  <trkpt lat="37.4126931" lon="-121.9953410"><ele>66</ele><time>2026-05-17T17:11:12.871629Z</time></trkpt>
  <trkpt lat="37.4126784" lon="-121.9953318"><ele>67</ele><time>2026-05-17T17:11:12.972273Z</time></trkpt>
  <trkpt lat="37.4126660" lon="-121.9953248"><ele>68</ele><time>2026-05-17T17:11:13.072864Z</time></trkpt>
  <trkpt lat="37.4126534" lon="-121.9953196"><ele>69</ele><time>2026-05-17T17:11:13.173688Z</time></trkpt>
  <trkpt lat="37.4126419" lon="-121.9953168"><ele>70</ele><time>2026-05-17T17:11:13.274670Z</time></trkpt>
  <trkpt lat="37.4126314" lon="-121.9953167"><ele>73</ele><time>2026-05-17T17:11:13.375154Z</time></trkpt>
  <trkpt lat="37.4126227" lon="-121.9953195"><ele>76</ele><time>2026-05-17T17:11:13.475649Z</time></trkpt>
  <trkpt lat="37.4126157" lon="-121.9953233"><ele>78</ele><time>2026-05-17T17:11:13.576745Z</time></trkpt>
  <trkpt lat="37.4126102" lon="-121.9953283"><ele>80</ele><time>2026-05-17T17:11:13.678012Z</time></trkpt>
  <trkpt lat="37.4126102" lon="-121.9953283"><ele>80</ele><time>2026-05-17T17:11:13.702411Z</time></trkpt>
  <trkpt lat="37.4126060" lon="-121.9953348"><ele>81</ele><time>2026-05-17T17:11:13.778929Z</time></trkpt>
  <trkpt lat="37.4126038" lon="-121.9953427"><ele>82</ele><time>2026-05-17T17:11:13.858853Z</time></trkpt>
  <trkpt lat="37.4126027" lon="-121.9953521"><ele>84</ele><time>2026-05-17T17:11:13.959556Z</time></trkpt>
  <trkpt lat="37.4126034" lon="-121.9953613"><ele>85</ele><time>2026-05-17T17:11:14.060242Z</time></trkpt>
  <trkpt lat="37.4126040" lon="-121.9953683"><ele>86</ele><time>2026-05-17T17:11:14.161004Z</time></trkpt>
  <trkpt lat="37.4126053" lon="-121.9953736"><ele>87</ele><time>2026-05-17T17:11:14.261277Z</time></trkpt>
  <trkpt lat="37.4126010" lon="-121.9953789"><ele>89</ele><time>2026-05-17T17:11:14.361370Z</time></trkpt>
  <trkpt lat="37.4125934" lon="-121.9953833"><ele>90</ele><time>2026-05-17T17:11:14.461707Z</time></trkpt>
  <trkpt lat="37.4125843" lon="-121.9953887"><ele>91</ele><time>2026-05-17T17:11:14.562211Z</time></trkpt>
  <trkpt lat="37.4125751" lon="-121.9953957"><ele>91</ele><time>2026-05-17T17:11:14.663005Z</time></trkpt>
  <trkpt lat="37.4125666" lon="-121.9954044"><ele>92</ele><time>2026-05-17T17:11:14.763372Z</time></trkpt>
  <trkpt lat="37.4125600" lon="-121.9954147"><ele>93</ele><time>2026-05-17T17:11:14.864335Z</time></trkpt>
  <trkpt lat="37.4125537" lon="-121.9954266"><ele>93</ele><time>2026-05-17T17:11:14.965865Z</time></trkpt>
  <trkpt lat="37.4125497" lon="-121.9954393"><ele>93</ele><time>2026-05-17T17:11:15.067555Z</time></trkpt>
  <trkpt lat="37.4125485" lon="-121.9954535"><ele>93</ele><time>2026-05-17T17:11:15.168032Z</time></trkpt>
  <trkpt lat="37.4125487" lon="-121.9954693"><ele>94</ele><time>2026-05-17T17:11:15.268364Z</time></trkpt>
  <trkpt lat="37.4125475" lon="-121.9954856"><ele>93</ele><time>2026-05-17T17:11:15.349089Z</time></trkpt>
  <trkpt lat="37.4125463" lon="-121.9955018"><ele>93</ele><time>2026-05-17T17:11:15.449290Z</time></trkpt>
  <trkpt lat="37.4125461" lon="-121.9955176"><ele>92</ele><time>2026-05-17T17:11:15.550648Z</time></trkpt>
  <trkpt lat="37.4125481" lon="-121.9955319"><ele>92</ele><time>2026-05-17T17:11:15.671299Z</time></trkpt>
  <trkpt lat="37.4125533" lon="-121.9955454"><ele>92</ele><time>2026-05-17T17:11:15.771812Z</time></trkpt>
  <trkpt lat="37.4125533" lon="-121.9955454"><ele>92</ele><time>2026-05-17T17:11:15.861565Z</time></trkpt>
  <trkpt lat="37.4125582" lon="-121.9955595"><ele>91</ele><time>2026-05-17T17:11:15.872623Z</time></trkpt>
  <trkpt lat="37.4125621" lon="-121.9955744"><ele>91</ele><time>2026-05-17T17:11:15.973545Z</time></trkpt>
  <trkpt lat="37.4125639" lon="-121.9955896"><ele>91</ele><time>2026-05-17T17:11:16.074413Z</time></trkpt>
  <trkpt lat="37.4125644" lon="-121.9956056"><ele>90</ele><time>2026-05-17T17:11:16.174762Z</time></trkpt>
  <trkpt lat="37.4125689" lon="-121.9956218"><ele>90</ele><time>2026-05-17T17:11:16.274956Z</time></trkpt>
  <trkpt lat="37.4125755" lon="-121.9956386"><ele>89</ele><time>2026-05-17T17:11:16.375719Z</time></trkpt>
  <trkpt lat="37.4125850" lon="-121.9956554"><ele>89</ele><time>2026-05-17T17:11:16.456072Z</time></trkpt>
  <trkpt lat="37.4125934" lon="-121.9956727"><ele>89</ele><time>2026-05-17T17:11:16.556479Z</time></trkpt>
  <trkpt lat="37.4125989" lon="-121.9956913"><ele>88</ele><time>2026-05-17T17:11:16.656475Z</time></trkpt>
  <trkpt lat="37.4126044" lon="-121.9957091"><ele>88</ele><time>2026-05-17T17:11:16.757180Z</time></trkpt>
  <trkpt lat="37.4126120" lon="-121.9957264"><ele>87</ele><time>2026-05-17T17:11:16.857349Z</time></trkpt>
  <trkpt lat="37.4126218" lon="-121.9957426"><ele>87</ele><time>2026-05-17T17:11:16.958851Z</time></trkpt>
  <trkpt lat="37.4126339" lon="-121.9957563"><ele>88</ele><time>2026-05-17T17:11:17.059440Z</time></trkpt>
  <trkpt lat="37.4126484" lon="-121.9957666"><ele>87</ele><time>2026-05-17T17:11:17.159836Z</time></trkpt>
  <trkpt lat="37.4126638" lon="-121.9957754"><ele>87</ele><time>2026-05-17T17:11:17.261046Z</time></trkpt>
  <trkpt lat="37.4126760" lon="-121.9957870"><ele>87</ele><time>2026-05-17T17:11:17.361788Z</time></trkpt>
  <trkpt lat="37.4126873" lon="-121.9958004"><ele>87</ele><time>2026-05-17T17:11:17.462424Z</time></trkpt>
  <trkpt lat="37.4126972" lon="-121.9958159"><ele>87</ele><time>2026-05-17T17:11:17.562927Z</time></trkpt>
  <trkpt lat="37.4127053" lon="-121.9958326"><ele>87</ele><time>2026-05-17T17:11:17.663049Z</time></trkpt>
  <trkpt lat="37.4127136" lon="-121.9958490"><ele>87</ele><time>2026-05-17T17:11:17.763695Z</time></trkpt>
  <trkpt lat="37.4127233" lon="-121.9958646"><ele>86</ele><time>2026-05-17T17:11:17.864521Z</time></trkpt>
  <trkpt lat="37.4127338" lon="-121.9958786"><ele>86</ele><time>2026-05-17T17:11:17.965125Z</time></trkpt>
  <trkpt lat="37.4127338" lon="-121.9958786"><ele>86</ele><time>2026-05-17T17:11:18.020111Z</time></trkpt>
  <trkpt lat="37.4127458" lon="-121.9958900"><ele>85</ele><time>2026-05-17T17:11:18.066625Z</time></trkpt>
  <trkpt lat="37.4127606" lon="-121.9958973"><ele>84</ele><time>2026-05-17T17:11:18.167958Z</time></trkpt>
  <trkpt lat="37.4127757" lon="-121.9959011"><ele>84</ele><time>2026-05-17T17:11:18.268185Z</time></trkpt>
  <trkpt lat="37.4127920" lon="-121.9959006"><ele>84</ele><time>2026-05-17T17:11:18.368887Z</time></trkpt>
  <trkpt lat="37.4128088" lon="-121.9958958"><ele>84</ele><time>2026-05-17T17:11:18.469693Z</time></trkpt>
  <trkpt lat="37.4128265" lon="-121.9958909"><ele>85</ele><time>2026-05-17T17:11:18.569888Z</time></trkpt>
  <trkpt lat="37.4128451" lon="-121.9958856"><ele>86</ele><time>2026-05-17T17:11:18.670836Z</time></trkpt>
  <trkpt lat="37.4128617" lon="-121.9958807"><ele>86</ele><time>2026-05-17T17:11:18.772145Z</time></trkpt>
  <trkpt lat="37.4128773" lon="-121.9958734"><ele>86</ele><time>2026-05-17T17:11:18.871642Z</time></trkpt>
  <trkpt lat="37.4128908" lon="-121.9958669"><ele>86</ele><time>2026-05-17T17:11:18.952336Z</time></trkpt>
  <trkpt lat="37.4129042" lon="-121.9958616"><ele>86</ele><time>2026-05-17T17:11:19.073213Z</time></trkpt>
  <trkpt lat="37.4129169" lon="-121.9958540"><ele>86</ele><time>2026-05-17T17:11:19.153685Z</time></trkpt>
  <trkpt lat="37.4129289" lon="-121.9958422"><ele>85</ele><time>2026-05-17T17:11:19.253945Z</time></trkpt>
  <trkpt lat="37.4129412" lon="-121.9958264"><ele>85</ele><time>2026-05-17T17:11:19.354693Z</time></trkpt>
  <trkpt lat="37.4129523" lon="-121.9958108"><ele>85</ele><time>2026-05-17T17:11:19.455266Z</time></trkpt>
  <trkpt lat="37.4129623" lon="-121.9957965"><ele>85</ele><time>2026-05-17T17:11:19.555962Z</time></trkpt>
  <trkpt lat="37.4129717" lon="-121.9957830"><ele>85</ele><time>2026-05-17T17:11:19.656362Z</time></trkpt>
  <trkpt lat="37.4129795" lon="-121.9957705"><ele>85</ele><time>2026-05-17T17:11:19.757249Z</time></trkpt>
  <trkpt lat="37.4129857" lon="-121.9957574"><ele>85</ele><time>2026-05-17T17:11:19.857871Z</time></trkpt>
  <trkpt lat="37.4129940" lon="-121.9957433"><ele>85</ele><time>2026-05-17T17:11:19.958678Z</time></trkpt>
  <trkpt lat="37.4130022" lon="-121.9957305"><ele>84</ele><time>2026-05-17T17:11:20.058692Z</time></trkpt>
  <trkpt lat="37.4130091" lon="-121.9957166"><ele>83</ele><time>2026-05-17T17:11:20.159348Z</time></trkpt>
  <trkpt lat="37.4130091" lon="-121.9957166"><ele>83</ele><time>2026-05-17T17:11:20.181890Z</time></trkpt>
  <trkpt lat="37.4130150" lon="-121.9957033"><ele>82</ele><time>2026-05-17T17:11:20.259932Z</time></trkpt>
  <trkpt lat="37.4130157" lon="-121.9956890"><ele>81</ele><time>2026-05-17T17:11:20.360558Z</time></trkpt>
  <trkpt lat="37.4130136" lon="-121.9956744"><ele>79</ele><time>2026-05-17T17:11:20.461172Z</time></trkpt>
  <trkpt lat="37.4130086" lon="-121.9956504"><ele>79</ele><time>2026-05-17T17:11:20.562049Z</time></trkpt>
  <trkpt lat="37.4130039" lon="-121.9956269"><ele>79</ele><time>2026-05-17T17:11:20.663629Z</time></trkpt>
  <trkpt lat="37.4129993" lon="-121.9956057"><ele>79</ele><time>2026-05-17T17:11:20.765248Z</time></trkpt>
  <trkpt lat="37.4129950" lon="-121.9955819"><ele>77</ele><time>2026-05-17T17:11:20.866390Z</time></trkpt>
  <trkpt lat="37.4129900" lon="-121.9955587"><ele>76</ele><time>2026-05-17T17:11:20.967253Z</time></trkpt>
  <trkpt lat="37.4129843" lon="-121.9955360"><ele>74</ele><time>2026-05-17T17:11:21.068099Z</time></trkpt>
  <trkpt lat="37.4129797" lon="-121.9955143"><ele>72</ele><time>2026-05-17T17:11:21.169376Z</time></trkpt>
  <trkpt lat="37.4129737" lon="-121.9954943"><ele>71</ele><time>2026-05-17T17:11:21.269915Z</time></trkpt>
  <trkpt lat="37.4129684" lon="-121.9954750"><ele>70</ele><time>2026-05-17T17:11:21.371234Z</time></trkpt>
  <trkpt lat="37.4129631" lon="-121.9954525"><ele>70</ele><time>2026-05-17T17:11:21.451831Z</time></trkpt>
  <trkpt lat="37.4129569" lon="-121.9954272"><ele>71</ele><time>2026-05-17T17:11:21.553700Z</time></trkpt>
  <trkpt lat="37.4129485" lon="-121.9954009"><ele>71</ele><time>2026-05-17T17:11:21.654037Z</time></trkpt>
  <trkpt lat="37.4129395" lon="-121.9953752"><ele>70</ele><time>2026-05-17T17:11:21.754126Z</time></trkpt>
  <trkpt lat="37.4129298" lon="-121.9953499"><ele>69</ele><time>2026-05-17T17:11:21.854803Z</time></trkpt>
  <trkpt lat="37.4129192" lon="-121.9953257"><ele>69</ele><time>2026-05-17T17:11:21.955289Z</time></trkpt>
  <trkpt lat="37.4129075" lon="-121.9953021"><ele>69</ele><time>2026-05-17T17:11:22.056271Z</time></trkpt>
  <trkpt lat="37.4128946" lon="-121.9952792"><ele>68</ele><time>2026-05-17T17:11:22.157309Z</time></trkpt>
  <trkpt lat="37.4128784" lon="-121.9952603"><ele>68</ele><time>2026-05-17T17:11:22.257666Z</time></trkpt>
  <trkpt lat="37.4128784" lon="-121.9952603"><ele>68</ele><time>2026-05-17T17:11:22.341623Z</time></trkpt>
  <trkpt lat="37.4128585" lon="-121.9952440"><ele>67</ele><time>2026-05-17T17:11:22.358426Z</time></trkpt>
  <trkpt lat="37.4128373" lon="-121.9952300"><ele>67</ele><time>2026-05-17T17:11:22.458895Z</time></trkpt>
  <trkpt lat="37.4128175" lon="-121.9952169"><ele>66</ele><time>2026-05-17T17:11:22.559389Z</time></trkpt>
  <trkpt lat="37.4127973" lon="-121.9952058"><ele>66</ele><time>2026-05-17T17:11:22.659942Z</time></trkpt>
  <trkpt lat="37.4127763" lon="-121.9951996"><ele>66</ele><time>2026-05-17T17:11:22.760251Z</time></trkpt>
  <trkpt lat="37.4127558" lon="-121.9951942"><ele>66</ele><time>2026-05-17T17:11:22.860994Z</time></trkpt>
  <trkpt lat="37.4127363" lon="-121.9951891"><ele>65</ele><time>2026-05-17T17:11:22.961528Z</time></trkpt>
  <trkpt lat="37.4127166" lon="-121.9951798"><ele>64</ele><time>2026-05-17T17:11:23.061671Z</time></trkpt>
  <trkpt lat="37.4126965" lon="-121.9951670"><ele>63</ele><time>2026-05-17T17:11:23.162823Z</time></trkpt>
  <trkpt lat="37.4126755" lon="-121.9951551"><ele>62</ele><time>2026-05-17T17:11:23.263554Z</time></trkpt>
  <trkpt lat="37.4126549" lon="-121.9951430"><ele>61</ele><time>2026-05-17T17:11:23.364350Z</time></trkpt>
  <trkpt lat="37.4126338" lon="-121.9951285"><ele>60</ele><time>2026-05-17T17:11:23.465172Z</time></trkpt>
  <trkpt lat="37.4126130" lon="-121.9951137"><ele>59</ele><time>2026-05-17T17:11:23.566057Z</time></trkpt>
  <trkpt lat="37.4125937" lon="-121.9950983"><ele>57</ele><time>2026-05-17T17:11:23.666710Z</time></trkpt>
  <trkpt lat="37.4125743" lon="-121.9950869"><ele>56</ele><time>2026-05-17T17:11:23.767338Z</time></trkpt>
  <trkpt lat="37.4125560" lon="-121.9950767"><ele>55</ele><time>2026-05-17T17:11:23.848846Z</time></trkpt>
  <trkpt lat="37.4125368" lon="-121.9950706"><ele>54</ele><time>2026-05-17T17:11:23.949277Z</time></trkpt>
  <trkpt lat="37.4125191" lon="-121.9950615"><ele>54</ele><time>2026-05-17T17:11:24.050357Z</time></trkpt>
  <trkpt lat="37.4125005" lon="-121.9950522"><ele>52</ele><time>2026-05-17T17:11:24.151350Z</time></trkpt>
  <trkpt lat="37.4124819" lon="-121.9950431"><ele>51</ele><time>2026-05-17T17:11:24.252001Z</time></trkpt>
  <trkpt lat="37.4124631" lon="-121.9950339"><ele>49</ele><time>2026-05-17T17:11:24.352418Z</time></trkpt>
  <trkpt lat="37.4124444" lon="-121.9950243"><ele>48</ele><time>2026-05-17T17:11:24.453387Z</time></trkpt>
  <trkpt lat="37.4124444" lon="-121.9950243"><ele>48</ele><time>2026-05-17T17:11:24.490567Z</time></trkpt>
  <trkpt lat="37.4124255" lon="-121.9950152"><ele>46</ele><time>2026-05-17T17:11:24.554263Z</time></trkpt>
  <trkpt lat="37.4124059" lon="-121.9950060"><ele>44</ele><time>2026-05-17T17:11:24.654860Z</time></trkpt>
  <trkpt lat="37.4123867" lon="-121.9949987"><ele>42</ele><time>2026-05-17T17:11:24.756363Z</time></trkpt>
  <trkpt lat="37.4123663" lon="-121.9949951"><ele>40</ele><time>2026-05-17T17:11:24.856807Z</time></trkpt>
  <trkpt lat="37.4123476" lon="-121.9949952"><ele>38</ele><time>2026-05-17T17:11:24.957753Z</time></trkpt>
  <trkpt lat="37.4123295" lon="-121.9949997"><ele>34</ele><time>2026-05-17T17:11:25.058306Z</time></trkpt>
  <trkpt lat="37.4123166" lon="-121.9950061"><ele>30</ele><time>2026-05-17T17:11:25.158546Z</time></trkpt>
  <trkpt lat="37.4123078" lon="-121.9950167"><ele>26</ele><time>2026-05-17T17:11:25.259312Z</time></trkpt>
  <trkpt lat="37.4122991" lon="-121.9950342"><ele>23</ele><time>2026-05-17T17:11:25.360146Z</time></trkpt>
  <trkpt lat="37.4122987" lon="-121.9950469"><ele>20</ele><time>2026-05-17T17:11:25.460661Z</time></trkpt>
  <trkpt lat="37.4123047" lon="-121.9950597"><ele>19</ele><time>2026-05-17T17:11:25.561373Z</time></trkpt>
  <trkpt lat="37.4123171" lon="-121.9950668"><ele>18</ele><time>2026-05-17T17:11:25.662112Z</time></trkpt>
  <trkpt lat="37.4123303" lon="-121.9950753"><ele>17</ele><time>2026-05-17T17:11:25.762664Z</time></trkpt>
  <trkpt lat="37.4123462" lon="-121.9950852"><ele>18</ele><time>2026-05-17T17:11:25.863637Z</time></trkpt>
  <trkpt lat="37.4123611" lon="-121.9950962"><ele>19</ele><time>2026-05-17T17:11:25.964314Z</time></trkpt>
  <trkpt lat="37.4123749" lon="-121.9951066"><ele>19</ele><time>2026-05-17T17:11:26.064960Z</time></trkpt>
  <trkpt lat="37.4123891" lon="-121.9951174"><ele>19</ele><time>2026-05-17T17:11:26.165349Z</time></trkpt>
  <trkpt lat="37.4124034" lon="-121.9951278"><ele>20</ele><time>2026-05-17T17:11:26.245594Z</time></trkpt>
  <trkpt lat="37.4124173" lon="-121.9951374"><ele>21</ele><time>2026-05-17T17:11:26.365856Z</time></trkpt>
  <trkpt lat="37.4124310" lon="-121.9951457"><ele>22</ele><time>2026-05-17T17:11:26.446672Z</time></trkpt>
  <trkpt lat="37.4124439" lon="-121.9951525"><ele>23</ele><time>2026-05-17T17:11:26.547289Z</time></trkpt>
  <trkpt lat="37.4124439" lon="-121.9951525"><ele>23</ele><time>2026-05-17T17:11:26.646723Z</time></trkpt>
  <trkpt lat="37.4124558" lon="-121.9951576"><ele>24</ele><time>2026-05-17T17:11:26.647768Z</time></trkpt>
  <trkpt lat="37.4124675" lon="-121.9951619"><ele>25</ele><time>2026-05-17T17:11:26.748492Z</time></trkpt>
  <trkpt lat="37.4124789" lon="-121.9951659"><ele>25</ele><time>2026-05-17T17:11:26.849344Z</time></trkpt>
  <trkpt lat="37.4124902" lon="-121.9951692"><ele>26</ele><time>2026-05-17T17:11:26.950161Z</time></trkpt>
  <trkpt lat="37.4125013" lon="-121.9951722"><ele>27</ele><time>2026-05-17T17:11:27.051155Z</time></trkpt>
  <trkpt lat="37.4125124" lon="-121.9951743"><ele>27</ele><time>2026-05-17T17:11:27.151625Z</time></trkpt>
  <trkpt lat="37.4125244" lon="-121.9951761"><ele>28</ele><time>2026-05-17T17:11:27.252350Z</time></trkpt>
  <trkpt lat="37.4125361" lon="-121.9951770"><ele>29</ele><time>2026-05-17T17:11:27.353248Z</time></trkpt>
  <trkpt lat="37.4125475" lon="-121.9951770"><ele>29</ele><time>2026-05-17T17:11:27.454039Z</time></trkpt>
  <trkpt lat="37.4125587" lon="-121.9951763"><ele>30</ele><time>2026-05-17T17:11:27.554511Z</time></trkpt>
  <trkpt lat="37.4125698" lon="-121.9951753"><ele>30</ele><time>2026-05-17T17:11:27.654905Z</time></trkpt>
  <trkpt lat="37.4125809" lon="-121.9951739"><ele>30</ele><time>2026-05-17T17:11:27.755499Z</time></trkpt>
  <trkpt lat="37.4125922" lon="-121.9951717"><ele>31</ele><time>2026-05-17T17:11:27.855802Z</time></trkpt>
  <trkpt lat="37.4126036" lon="-121.9951685"><ele>31</ele><time>2026-05-17T17:11:27.956697Z</time></trkpt>
  <trkpt lat="37.4126147" lon="-121.9951649"><ele>31</ele><time>2026-05-17T17:11:28.057454Z</time></trkpt>
  <trkpt lat="37.4126261" lon="-121.9951616"><ele>31</ele><time>2026-05-17T17:11:28.158027Z</time></trkpt>
  <trkpt lat="37.4126376" lon="-121.9951582"><ele>31</ele><time>2026-05-17T17:11:28.258684Z</time></trkpt>
  <trkpt lat="37.4126490" lon="-121.9951542"><ele>31</ele><time>2026-05-17T17:11:28.359229Z</time></trkpt>
  <trkpt lat="37.4126601" lon="-121.9951493"><ele>31</ele><time>2026-05-17T17:11:28.459164Z</time></trkpt>
  <trkpt lat="37.4126708" lon="-121.9951435"><ele>31</ele><time>2026-05-17T17:11:28.559265Z</time></trkpt>
  <trkpt lat="37.4126816" lon="-121.9951369"><ele>31</ele><time>2026-05-17T17:11:28.659700Z</time></trkpt>
  <trkpt lat="37.4126925" lon="-121.9951297"><ele>31</ele><time>2026-05-17T17:11:28.760141Z</time></trkpt>
  <trkpt lat="37.4126925" lon="-121.9951297"><ele>31</ele><time>2026-05-17T17:11:28.789397Z</time></trkpt>
  <trkpt lat="37.4127031" lon="-121.9951215"><ele>31</ele><time>2026-05-17T17:11:28.860848Z</time></trkpt>
  <trkpt lat="37.4127131" lon="-121.9951115"><ele>30</ele><time>2026-05-17T17:11:28.960994Z</time></trkpt>
  <trkpt lat="37.4127224" lon="-121.9951002"><ele>30</ele><time>2026-05-17T17:11:29.061000Z</time></trkpt>
  <trkpt lat="37.4127298" lon="-121.9950875"><ele>30</ele><time>2026-05-17T17:11:29.161134Z</time></trkpt>
  <trkpt lat="37.4127361" lon="-121.9950734"><ele>30</ele><time>2026-05-17T17:11:29.261710Z</time></trkpt>
  <trkpt lat="37.4127415" lon="-121.9950586"><ele>30</ele><time>2026-05-17T17:11:29.362012Z</time></trkpt>
  <trkpt lat="37.4127464" lon="-121.9950435"><ele>30</ele><time>2026-05-17T17:11:29.462898Z</time></trkpt>
  <trkpt lat="37.4127508" lon="-121.9950276"><ele>30</ele><time>2026-05-17T17:11:29.543877Z</time></trkpt>
  <trkpt lat="37.4127547" lon="-121.9950111"><ele>30</ele><time>2026-05-17T17:11:29.644633Z</time></trkpt>
  <trkpt lat="37.4127584" lon="-121.9949944"><ele>30</ele><time>2026-05-17T17:11:29.744905Z</time></trkpt>
  <trkpt lat="37.4127621" lon="-121.9949775"><ele>29</ele><time>2026-05-17T17:11:29.845090Z</time></trkpt>
  <trkpt lat="37.4127653" lon="-121.9949608"><ele>29</ele><time>2026-05-17T17:11:29.945788Z</time></trkpt>
  <trkpt lat="37.4127677" lon="-121.9949434"><ele>29</ele><time>2026-05-17T17:11:30.046479Z</time></trkpt>
  <trkpt lat="37.4127700" lon="-121.9949258"><ele>29</ele><time>2026-05-17T17:11:30.146806Z</time></trkpt>
  <trkpt lat="37.4127725" lon="-121.9949082"><ele>29</ele><time>2026-05-17T17:11:30.246865Z</time></trkpt>
  <trkpt lat="37.4127752" lon="-121.9948906"><ele>29</ele><time>2026-05-17T17:11:30.347762Z</time></trkpt>
  <trkpt lat="37.4127775" lon="-121.9948726"><ele>29</ele><time>2026-05-17T17:11:30.448411Z</time></trkpt>
  <trkpt lat="37.4127796" lon="-121.9948549"><ele>29</ele><time>2026-05-17T17:11:30.548723Z</time></trkpt>
  <trkpt lat="37.4127818" lon="-121.9948375"><ele>29</ele><time>2026-05-17T17:11:30.649404Z</time></trkpt>
  <trkpt lat="37.4127836" lon="-121.9948202"><ele>30</ele><time>2026-05-17T17:11:30.749814Z</time></trkpt>
  <trkpt lat="37.4127853" lon="-121.9948028"><ele>30</ele><time>2026-05-17T17:11:30.851167Z</time></trkpt>
  <trkpt lat="37.4127853" lon="-121.9948028"><ele>30</ele><time>2026-05-17T17:11:30.939415Z</time></trkpt>
  <trkpt lat="37.4127871" lon="-121.9947855"><ele>30</ele><time>2026-05-17T17:11:30.952161Z</time></trkpt>
  <trkpt lat="37.4127890" lon="-121.9947682"><ele>30</ele><time>2026-05-17T17:11:31.052709Z</time></trkpt>
  <trkpt lat="37.4127910" lon="-121.9947512"><ele>31</ele><time>2026-05-17T17:11:31.153581Z</time></trkpt>
  <trkpt lat="37.4127930" lon="-121.9947339"><ele>31</ele><time>2026-05-17T17:11:31.254129Z</time></trkpt>
  <trkpt lat="37.4127949" lon="-121.9947169"><ele>31</ele><time>2026-05-17T17:11:31.354517Z</time></trkpt>
  <trkpt lat="37.4127970" lon="-121.9946997"><ele>31</ele><time>2026-05-17T17:11:31.455124Z</time></trkpt>
  <trkpt lat="37.4127992" lon="-121.9946827"><ele>32</ele><time>2026-05-17T17:11:31.556001Z</time></trkpt>
  <trkpt lat="37.4128015" lon="-121.9946655"><ele>32</ele><time>2026-05-17T17:11:31.657282Z</time></trkpt>
  <trkpt lat="37.4128037" lon="-121.9946484"><ele>32</ele><time>2026-05-17T17:11:31.756975Z</time></trkpt>
  <trkpt lat="37.4128058" lon="-121.9946315"><ele>33</ele><time>2026-05-17T17:11:31.857246Z</time></trkpt>
  <trkpt lat="37.4128080" lon="-121.9946141"><ele>33</ele><time>2026-05-17T17:11:31.958095Z</time></trkpt>
  <trkpt lat="37.4128107" lon="-121.9945968"><ele>33</ele><time>2026-05-17T17:11:32.059082Z</time></trkpt>
  <trkpt lat="37.4128138" lon="-121.9945801"><ele>34</ele><time>2026-05-17T17:11:32.158751Z</time></trkpt>
  <trkpt lat="37.4128170" lon="-121.9945640"><ele>34</ele><time>2026-05-17T17:11:32.239112Z</time></trkpt>
  <trkpt lat="37.4128205" lon="-121.9945482"><ele>34</ele><time>2026-05-17T17:11:32.359874Z</time></trkpt>
  <trkpt lat="37.4128242" lon="-121.9945325"><ele>35</ele><time>2026-05-17T17:11:32.440406Z</time></trkpt>
  <trkpt lat="37.4128276" lon="-121.9945170"><ele>35</ele><time>2026-05-17T17:11:32.541619Z</time></trkpt>
  <trkpt lat="37.4128311" lon="-121.9945015"><ele>35</ele><time>2026-05-17T17:11:32.642186Z</time></trkpt>
  <trkpt lat="37.4128345" lon="-121.9944858"><ele>35</ele><time>2026-05-17T17:11:32.743062Z</time></trkpt>
  <trkpt lat="37.4128377" lon="-121.9944700"><ele>35</ele><time>2026-05-17T17:11:32.844184Z</time></trkpt>
  <trkpt lat="37.4128405" lon="-121.9944543"><ele>35</ele><time>2026-05-17T17:11:32.944607Z</time></trkpt>
  <trkpt lat="37.4128433" lon="-121.9944379"><ele>35</ele><time>2026-05-17T17:11:33.045160Z</time></trkpt>
  <trkpt lat="37.4128433" lon="-121.9944379"><ele>35</ele><time>2026-05-17T17:11:33.089439Z</time></trkpt>
  <trkpt lat="37.4128457" lon="-121.9944217"><ele>35</ele><time>2026-05-17T17:11:33.146018Z</time></trkpt>
  <trkpt lat="37.4128468" lon="-121.9944065"><ele>35</ele><time>2026-05-17T17:11:33.246666Z</time></trkpt>
  <trkpt lat="37.4128485" lon="-121.9943904"><ele>35</ele><time>2026-05-17T17:11:33.347732Z</time></trkpt>
  <trkpt lat="37.4128499" lon="-121.9943739"><ele>36</ele><time>2026-05-17T17:11:33.448059Z</time></trkpt>
  <trkpt lat="37.4128507" lon="-121.9943572"><ele>36</ele><time>2026-05-17T17:11:33.548133Z</time></trkpt>
  <trkpt lat="37.4128511" lon="-121.9943407"><ele>36</ele><time>2026-05-17T17:11:33.649523Z</time></trkpt>
  <trkpt lat="37.4128510" lon="-121.9943242"><ele>36</ele><time>2026-05-17T17:11:33.750146Z</time></trkpt>
  <trkpt lat="37.4128505" lon="-121.9943076"><ele>36</ele><time>2026-05-17T17:11:33.850866Z</time></trkpt>
  <trkpt lat="37.4128498" lon="-121.9942910"><ele>36</ele><time>2026-05-17T17:11:33.951230Z</time></trkpt>
  <trkpt lat="37.4128488" lon="-121.9942746"><ele>37</ele><time>2026-05-17T17:11:34.051438Z</time></trkpt>
  <trkpt lat="37.4128476" lon="-121.9942581"><ele>37</ele><time>2026-05-17T17:11:34.151490Z</time></trkpt>
  <trkpt lat="37.4128460" lon="-121.9942420"><ele>37</ele><time>2026-05-17T17:11:34.252629Z</time></trkpt>
  <trkpt lat="37.4128443" lon="-121.9942251"><ele>37</ele><time>2026-05-17T17:11:34.353107Z</time></trkpt>
  <trkpt lat="37.4128425" lon="-121.9942079"><ele>37</ele><time>2026-05-17T17:11:34.453376Z</time></trkpt>
  <trkpt lat="37.4128404" lon="-121.9941905"><ele>37</ele><time>2026-05-17T17:11:34.554170Z</time></trkpt>
  <trkpt lat="37.4128381" lon="-121.9941732"><ele>36</ele><time>2026-05-17T17:11:34.655040Z</time></trkpt>
  <trkpt lat="37.4128353" lon="-121.9941558"><ele>36</ele><time>2026-05-17T17:11:34.756352Z</time></trkpt>
  <trkpt lat="37.4128320" lon="-121.9941382"><ele>36</ele><time>2026-05-17T17:11:34.836520Z</time></trkpt>
  <trkpt lat="37.4128283" lon="-121.9941206"><ele>36</ele><time>2026-05-17T17:11:34.957602Z</time></trkpt>
  <trkpt lat="37.4128241" lon="-121.9941030"><ele>36</ele><time>2026-05-17T17:11:35.037904Z</time></trkpt>
  <trkpt lat="37.4128195" lon="-121.9940854"><ele>36</ele><time>2026-05-17T17:11:35.138895Z</time></trkpt>
  <trkpt lat="37.4128143" lon="-121.9940678"><ele>36</ele><time>2026-05-17T17:11:35.239084Z</time></trkpt>
  <trkpt lat="37.4128143" lon="-121.9940678"><ele>36</ele><time>2026-05-17T17:11:35.242211Z</time></trkpt>
  <trkpt lat="37.4128087" lon="-121.9940503"><ele>36</ele><time>2026-05-17T17:11:35.339566Z</time></trkpt>
  <trkpt lat="37.4128026" lon="-121.9940329"><ele>36</ele><time>2026-05-17T17:11:35.440066Z</time></trkpt>
  <trkpt lat="37.4127959" lon="-121.9940155"><ele>36</ele><time>2026-05-17T17:11:35.540446Z</time></trkpt>
  <trkpt lat="37.4127891" lon="-121.9939981"><ele>36</ele><time>2026-05-17T17:11:35.641868Z</time></trkpt>
  <trkpt lat="37.4127820" lon="-121.9939808"><ele>36</ele><time>2026-05-17T17:11:35.742871Z</time></trkpt>
  <trkpt lat="37.4127743" lon="-121.9939636"><ele>36</ele><time>2026-05-17T17:11:35.842661Z</time></trkpt>
  <trkpt lat="37.4127663" lon="-121.9939468"><ele>36</ele><time>2026-05-17T17:11:35.942866Z</time></trkpt>
  <trkpt lat="37.4127579" lon="-121.9939300"><ele>36</ele><time>2026-05-17T17:11:36.043144Z</time></trkpt>
  <trkpt lat="37.4127493" lon="-121.9939134"><ele>36</ele><time>2026-05-17T17:11:36.143382Z</time></trkpt>
  <trkpt lat="37.4127400" lon="-121.9938972"><ele>36</ele><time>2026-05-17T17:11:36.243628Z</time></trkpt>
  <trkpt lat="37.4127300" lon="-121.9938813"><ele>36</ele><time>2026-05-17T17:11:36.343968Z</time></trkpt>
  <trkpt lat="37.4127192" lon="-121.9938665"><ele>36</ele><time>2026-05-17T17:11:36.444876Z</time></trkpt>
  <trkpt lat="37.4127074" lon="-121.9938524"><ele>36</ele><time>2026-05-17T17:11:36.545714Z</time></trkpt>
  <trkpt lat="37.4126952" lon="-121.9938391"><ele>36</ele><time>2026-05-17T17:11:36.646604Z</time></trkpt>
  <trkpt lat="37.4126824" lon="-121.9938265"><ele>36</ele><time>2026-05-17T17:11:36.747146Z</time></trkpt>
  <trkpt lat="37.4126692" lon="-121.9938146"><ele>36</ele><time>2026-05-17T17:11:36.827771Z</time></trkpt>
  <trkpt lat="37.4126559" lon="-121.9938035"><ele>35</ele><time>2026-05-17T17:11:36.928537Z</time></trkpt>
  <trkpt lat="37.4126422" lon="-121.9937925"><ele>35</ele><time>2026-05-17T17:11:37.029016Z</time></trkpt>
  <trkpt lat="37.4126285" lon="-121.9937817"><ele>35</ele><time>2026-05-17T17:11:37.129551Z</time></trkpt>
  <trkpt lat="37.4126146" lon="-121.9937710"><ele>35</ele><time>2026-05-17T17:11:37.229776Z</time></trkpt>
  <trkpt lat="37.4126006" lon="-121.9937606"><ele>35</ele><time>2026-05-17T17:11:37.330328Z</time></trkpt>
  <trkpt lat="37.4126006" lon="-121.9937606"><ele>35</ele><time>2026-05-17T17:11:37.401615Z</time></trkpt>
  <trkpt lat="37.4125864" lon="-121.9937504"><ele>34</ele><time>2026-05-17T17:11:37.431523Z</time></trkpt>
  <trkpt lat="37.4125721" lon="-121.9937404"><ele>34</ele><time>2026-05-17T17:11:37.532989Z</time></trkpt>
  <trkpt lat="37.4125576" lon="-121.9937305"><ele>33</ele><time>2026-05-17T17:11:37.632964Z</time></trkpt>
  <trkpt lat="37.4125430" lon="-121.9937207"><ele>32</ele><time>2026-05-17T17:11:37.733743Z</time></trkpt>
  <trkpt lat="37.4125283" lon="-121.9937111"><ele>32</ele><time>2026-05-17T17:11:37.834759Z</time></trkpt>
  <trkpt lat="37.4125135" lon="-121.9937017"><ele>31</ele><time>2026-05-17T17:11:37.935295Z</time></trkpt>
  <trkpt lat="37.4124986" lon="-121.9936926"><ele>30</ele><time>2026-05-17T17:11:38.036230Z</time></trkpt>
  <trkpt lat="37.4124836" lon="-121.9936838"><ele>29</ele><time>2026-05-17T17:11:38.136475Z</time></trkpt>
  <trkpt lat="37.4124681" lon="-121.9936754"><ele>29</ele><time>2026-05-17T17:11:38.236845Z</time></trkpt>
  <trkpt lat="37.4124519" lon="-121.9936678"><ele>28</ele><time>2026-05-17T17:11:38.337615Z</time></trkpt>
  <trkpt lat="37.4124347" lon="-121.9936609"><ele>27</ele><time>2026-05-17T17:11:38.438151Z</time></trkpt>
  <trkpt lat="37.4124172" lon="-121.9936546"><ele>27</ele><time>2026-05-17T17:11:38.538531Z</time></trkpt>
  <trkpt lat="37.4123992" lon="-121.9936487"><ele>27</ele><time>2026-05-17T17:11:38.639185Z</time></trkpt>
  <trkpt lat="37.4123811" lon="-121.9936435"><ele>27</ele><time>2026-05-17T17:11:38.739761Z</time></trkpt>
  <trkpt lat="37.4123637" lon="-121.9936384"><ele>27</ele><time>2026-05-17T17:11:38.840711Z</time></trkpt>
  <trkpt lat="37.4123472" lon="-121.9936332"><ele>28</ele><time>2026-05-17T17:11:38.941585Z</time></trkpt>
  <trkpt lat="37.4123320" lon="-121.9936282"><ele>28</ele><time>2026-05-17T17:11:39.042016Z</time></trkpt>
  <trkpt lat="37.4123171" lon="-121.9936235"><ele>29</ele><time>2026-05-17T17:11:39.142543Z</time></trkpt>
  <trkpt lat="37.4123032" lon="-121.9936186"><ele>29</ele><time>2026-05-17T17:11:39.243142Z</time></trkpt>
  <trkpt lat="37.4122893" lon="-121.9936142"><ele>30</ele><time>2026-05-17T17:11:39.344038Z</time></trkpt>
  <trkpt lat="37.4122759" lon="-121.9936100"><ele>30</ele><time>2026-05-17T17:11:39.444992Z</time></trkpt>
  <trkpt lat="37.4122621" lon="-121.9936065"><ele>31</ele><time>2026-05-17T17:11:39.525105Z</time></trkpt>
  <trkpt lat="37.4122621" lon="-121.9936065"><ele>31</ele><time>2026-05-17T17:11:39.560133Z</time></trkpt>
  <trkpt lat="37.4122480" lon="-121.9936034"><ele>31</ele><time>2026-05-17T17:11:39.645550Z</time></trkpt>
  <trkpt lat="37.4122335" lon="-121.9936010"><ele>31</ele><time>2026-05-17T17:11:39.725899Z</time></trkpt>
  <trkpt lat="37.4122191" lon="-121.9935991"><ele>32</ele><time>2026-05-17T17:11:39.826488Z</time></trkpt>
  <trkpt lat="37.4122049" lon="-121.9935979"><ele>32</ele><time>2026-05-17T17:11:39.928000Z</time></trkpt>
  <trkpt lat="37.4121912" lon="-121.9935977"><ele>32</ele><time>2026-05-17T17:11:40.028601Z</time></trkpt>
  <trkpt lat="37.4121777" lon="-121.9935986"><ele>32</ele><time>2026-05-17T17:11:40.129155Z</time></trkpt>
  <trkpt lat="37.4121646" lon="-121.9936005"><ele>33</ele><time>2026-05-17T17:11:40.230039Z</time></trkpt>
  <trkpt lat="37.4121520" lon="-121.9936033"><ele>33</ele><time>2026-05-17T17:11:40.331095Z</time></trkpt>
  <trkpt lat="37.4121396" lon="-121.9936069"><ele>33</ele><time>2026-05-17T17:11:40.432001Z</time></trkpt>
  <trkpt lat="37.4121276" lon="-121.9936114"><ele>33</ele><time>2026-05-17T17:11:40.532073Z</time></trkpt>
  <trkpt lat="37.4121158" lon="-121.9936166"><ele>34</ele><time>2026-05-17T17:11:40.632971Z</time></trkpt>
  <trkpt lat="37.4121046" lon="-121.9936225"><ele>34</ele><time>2026-05-17T17:11:40.733484Z</time></trkpt>
  <trkpt lat="37.4120937" lon="-121.9936289"><ele>34</ele><time>2026-05-17T17:11:40.834195Z</time></trkpt>
  <trkpt lat="37.4120829" lon="-121.9936360"><ele>34</ele><time>2026-05-17T17:11:40.934441Z</time></trkpt>
  <trkpt lat="37.4120721" lon="-121.9936440"><ele>34</ele><time>2026-05-17T17:11:41.035169Z</time></trkpt>
  <trkpt lat="37.4120619" lon="-121.9936526"><ele>34</ele><time>2026-05-17T17:11:41.136357Z</time></trkpt>
  <trkpt lat="37.4120532" lon="-121.9936598"><ele>33</ele><time>2026-05-17T17:11:41.237105Z</time></trkpt>
  <trkpt lat="37.4120444" lon="-121.9936679"><ele>33</ele><time>2026-05-17T17:11:41.337400Z</time></trkpt>
  <trkpt lat="37.4120355" lon="-121.9936772"><ele>33</ele><time>2026-05-17T17:11:41.438148Z</time></trkpt>
  <trkpt lat="37.4120268" lon="-121.9936871"><ele>33</ele><time>2026-05-17T17:11:41.539184Z</time></trkpt>
  <trkpt lat="37.4120183" lon="-121.9936977"><ele>32</ele><time>2026-05-17T17:11:41.639935Z</time></trkpt>
  <trkpt lat="37.4120183" lon="-121.9936977"><ele>32</ele><time>2026-05-17T17:11:41.725845Z</time></trkpt>
  <trkpt lat="37.4120099" lon="-121.9937087"><ele>32</ele><time>2026-05-17T17:11:41.740267Z</time></trkpt>
  <trkpt lat="37.4120020" lon="-121.9937201"><ele>31</ele><time>2026-05-17T17:11:41.840680Z</time></trkpt>
  <trkpt lat="37.4119945" lon="-121.9937317"><ele>31</ele><time>2026-05-17T17:11:41.921937Z</time></trkpt>
  <trkpt lat="37.4119872" lon="-121.9937441"><ele>31</ele><time>2026-05-17T17:11:42.042639Z</time></trkpt>
  <trkpt lat="37.4119804" lon="-121.9937564"><ele>30</ele><time>2026-05-17T17:11:42.122844Z</time></trkpt>
  <trkpt lat="37.4119740" lon="-121.9937692"><ele>30</ele><time>2026-05-17T17:11:42.223339Z</time></trkpt>
  <trkpt lat="37.4119679" lon="-121.9937829"><ele>29</ele><time>2026-05-17T17:11:42.323827Z</time></trkpt>
  <trkpt lat="37.4119624" lon="-121.9937969"><ele>29</ele><time>2026-05-17T17:11:42.423912Z</time></trkpt>
  <trkpt lat="37.4119569" lon="-121.9938116"><ele>29</ele><time>2026-05-17T17:11:42.524404Z</time></trkpt>
  <trkpt lat="37.4119519" lon="-121.9938264"><ele>28</ele><time>2026-05-17T17:11:42.625369Z</time></trkpt>
  <trkpt lat="37.4119469" lon="-121.9938418"><ele>28</ele><time>2026-05-17T17:11:42.725750Z</time></trkpt>
  <trkpt lat="37.4119422" lon="-121.9938571"><ele>28</ele><time>2026-05-17T17:11:42.826558Z</time></trkpt>
  <trkpt lat="37.4119377" lon="-121.9938724"><ele>28</ele><time>2026-05-17T17:11:42.927195Z</time></trkpt>
  <trkpt lat="37.4119334" lon="-121.9938876"><ele>28</ele><time>2026-05-17T17:11:43.027867Z</time></trkpt>
  <trkpt lat="37.4119292" lon="-121.9939026"><ele>28</ele><time>2026-05-17T17:11:43.128808Z</time></trkpt>
  <trkpt lat="37.4119252" lon="-121.9939172"><ele>27</ele><time>2026-05-17T17:11:43.229468Z</time></trkpt>
  <trkpt lat="37.4119213" lon="-121.9939315"><ele>27</ele><time>2026-05-17T17:11:43.331415Z</time></trkpt>
  <trkpt lat="37.4119175" lon="-121.9939458"><ele>27</ele><time>2026-05-17T17:11:43.432080Z</time></trkpt>
  <trkpt lat="37.4119138" lon="-121.9939601"><ele>27</ele><time>2026-05-17T17:11:43.532229Z</time></trkpt>
  <trkpt lat="37.4119101" lon="-121.9939741"><ele>26</ele><time>2026-05-17T17:11:43.632694Z</time></trkpt>
  <trkpt lat="37.4119064" lon="-121.9939882"><ele>26</ele><time>2026-05-17T17:11:43.733039Z</time></trkpt>
  <trkpt lat="37.4119030" lon="-121.9940023"><ele>26</ele><time>2026-05-17T17:11:43.833467Z</time></trkpt>
  <trkpt lat="37.4119030" lon="-121.9940023"><ele>26</ele><time>2026-05-17T17:11:43.887365Z</time></trkpt>
  <trkpt lat="37.4118998" lon="-121.9940164"><ele>26</ele><time>2026-05-17T17:11:43.933775Z</time></trkpt>
  <trkpt lat="37.4118967" lon="-121.9940307"><ele>25</ele><time>2026-05-17T17:11:44.034547Z</time></trkpt>
  <trkpt lat="37.4118939" lon="-121.9940448"><ele>25</ele><time>2026-05-17T17:11:44.136033Z</time></trkpt>
  <trkpt lat="37.4118912" lon="-121.9940587"><ele>25</ele><time>2026-05-17T17:11:44.236303Z</time></trkpt>
  <trkpt lat="37.4118886" lon="-121.9940725"><ele>25</ele><time>2026-05-17T17:11:44.336552Z</time></trkpt>
  <trkpt lat="37.4118857" lon="-121.9940865"><ele>25</ele><time>2026-05-17T17:11:44.437772Z</time></trkpt>
  <trkpt lat="37.4118830" lon="-121.9941005"><ele>25</ele><time>2026-05-17T17:11:44.538563Z</time></trkpt>
  <trkpt lat="37.4118804" lon="-121.9941144"><ele>25</ele><time>2026-05-17T17:11:44.638414Z</time></trkpt>
  <trkpt lat="37.4118779" lon="-121.9941282"><ele>24</ele><time>2026-05-17T17:11:44.739088Z</time></trkpt>
  <trkpt lat="37.4118754" lon="-121.9941417"><ele>24</ele><time>2026-05-17T17:11:44.819873Z</time></trkpt>
  <trkpt lat="37.4118727" lon="-121.9941549"><ele>24</ele><time>2026-05-17T17:11:44.920939Z</time></trkpt>
  <trkpt lat="37.4118699" lon="-121.9941680"><ele>23</ele><time>2026-05-17T17:11:45.021347Z</time></trkpt>
  <trkpt lat="37.4118670" lon="-121.9941810"><ele>23</ele><time>2026-05-17T17:11:45.121526Z</time></trkpt>
  <trkpt lat="37.4118643" lon="-121.9941941"><ele>22</ele><time>2026-05-17T17:11:45.221744Z</time></trkpt>
  <trkpt lat="37.4118618" lon="-121.9942073"><ele>21</ele><time>2026-05-17T17:11:45.321977Z</time></trkpt>
  <trkpt lat="37.4118594" lon="-121.9942207"><ele>21</ele><time>2026-05-17T17:11:45.422487Z</time></trkpt>
  <trkpt lat="37.4118570" lon="-121.9942344"><ele>20</ele><time>2026-05-17T17:11:45.523790Z</time></trkpt>
  <trkpt lat="37.4118547" lon="-121.9942483"><ele>20</ele><time>2026-05-17T17:11:45.625226Z</time></trkpt>
  <trkpt lat="37.4118526" lon="-121.9942625"><ele>19</ele><time>2026-05-17T17:11:45.725044Z</time></trkpt>
  <trkpt lat="37.4118507" lon="-121.9942769"><ele>19</ele><time>2026-05-17T17:11:45.825137Z</time></trkpt>
  <trkpt lat="37.4118489" lon="-121.9942911"><ele>18</ele><time>2026-05-17T17:11:45.926151Z</time></trkpt>
  <trkpt lat="37.4118474" lon="-121.9943054"><ele>18</ele><time>2026-05-17T17:11:46.026446Z</time></trkpt>
  <trkpt lat="37.4118474" lon="-121.9943054"><ele>18</ele><time>2026-05-17T17:11:46.049048Z</time></trkpt>
  <trkpt lat="37.4118462" lon="-121.9943195"><ele>17</ele><time>2026-05-17T17:11:46.127545Z</time></trkpt>
  <trkpt lat="37.4118452" lon="-121.9943335"><ele>16</ele><time>2026-05-17T17:11:46.227480Z</time></trkpt>
  <trkpt lat="37.4118443" lon="-121.9943473"><ele>16</ele><time>2026-05-17T17:11:46.328633Z</time></trkpt>
  <trkpt lat="37.4118434" lon="-121.9943610"><ele>15</ele><time>2026-05-17T17:11:46.429030Z</time></trkpt>
  <trkpt lat="37.4118426" lon="-121.9943747"><ele>14</ele><time>2026-05-17T17:11:46.529734Z</time></trkpt>
  <trkpt lat="37.4118418" lon="-121.9943884"><ele>14</ele><time>2026-05-17T17:11:46.630135Z</time></trkpt>
  <trkpt lat="37.4118412" lon="-121.9944024"><ele>13</ele><time>2026-05-17T17:11:46.730468Z</time></trkpt>
  <trkpt lat="37.4118404" lon="-121.9944167"><ele>13</ele><time>2026-05-17T17:11:46.830951Z</time></trkpt>
  <trkpt lat="37.4118393" lon="-121.9944312"><ele>12</ele><time>2026-05-17T17:11:46.932767Z</time></trkpt>
  <trkpt lat="37.4118379" lon="-121.9944458"><ele>12</ele><time>2026-05-17T17:11:47.033569Z</time></trkpt>
  <trkpt lat="37.4118361" lon="-121.9944600"><ele>12</ele><time>2026-05-17T17:11:47.133889Z</time></trkpt>
  <trkpt lat="37.4118344" lon="-121.9944740"><ele>12</ele><time>2026-05-17T17:11:47.234833Z</time></trkpt>
  <trkpt lat="37.4118326" lon="-121.9944881"><ele>12</ele><time>2026-05-17T17:11:47.335834Z</time></trkpt>
  <trkpt lat="37.4118305" lon="-121.9945019"><ele>11</ele><time>2026-05-17T17:11:47.436485Z</time></trkpt>
  <trkpt lat="37.4118285" lon="-121.9945152"><ele>11</ele><time>2026-05-17T17:11:47.516746Z</time></trkpt>
  <trkpt lat="37.4118265" lon="-121.9945282"><ele>11</ele><time>2026-05-17T17:11:47.617385Z</time></trkpt>
  <trkpt lat="37.4118245" lon="-121.9945409"><ele>10</ele><time>2026-05-17T17:11:47.718270Z</time></trkpt>
  <trkpt lat="37.4118224" lon="-121.9945530"><ele>10</ele><time>2026-05-17T17:11:47.818622Z</time></trkpt>
  <trkpt lat="37.4118207" lon="-121.9945647"><ele>9</ele><time>2026-05-17T17:11:47.918993Z</time></trkpt>
  <trkpt lat="37.4118198" lon="-121.9945770"><ele>9</ele><time>2026-05-17T17:11:48.019290Z</time></trkpt>
  <trkpt lat="37.4118198" lon="-121.9945897"><ele>8</ele><time>2026-05-17T17:11:48.119907Z</time></trkpt>
  <trkpt lat="37.4118198" lon="-121.9945897"><ele>8</ele><time>2026-05-17T17:11:48.207480Z</time></trkpt>
  <trkpt lat="37.4118202" lon="-121.9946024"><ele>8</ele><time>2026-05-17T17:11:48.220527Z</time></trkpt>
  <trkpt lat="37.4118206" lon="-121.9946148"><ele>8</ele><time>2026-05-17T17:11:48.321114Z</time></trkpt>
  <trkpt lat="37.4118211" lon="-121.9946270"><ele>7</ele><time>2026-05-17T17:11:48.421964Z</time></trkpt>
  <trkpt lat="37.4118217" lon="-121.9946393"><ele>7</ele><time>2026-05-17T17:11:48.522638Z</time></trkpt>
  <trkpt lat="37.4118224" lon="-121.9946515"><ele>7</ele><time>2026-05-17T17:11:48.623193Z</time></trkpt>
  <trkpt lat="37.4118229" lon="-121.9946637"><ele>6</ele><time>2026-05-17T17:11:48.724085Z</time></trkpt>
  <trkpt lat="37.4118233" lon="-121.9946758"><ele>6</ele><time>2026-05-17T17:11:48.824322Z</time></trkpt>
  <trkpt lat="37.4118236" lon="-121.9946880"><ele>6</ele><time>2026-05-17T17:11:48.925240Z</time></trkpt>
  <trkpt lat="37.4118237" lon="-121.9947000"><ele>6</ele><time>2026-05-17T17:11:49.025644Z</time></trkpt>
  <trkpt lat="37.4118238" lon="-121.9947119"><ele>5</ele><time>2026-05-17T17:11:49.125820Z</time></trkpt>
  <trkpt lat="37.4118241" lon="-121.9947237"><ele>5</ele><time>2026-05-17T17:11:49.226666Z</time></trkpt>
  <trkpt lat="37.4118238" lon="-121.9947355"><ele>5</ele><time>2026-05-17T17:11:49.327200Z</time></trkpt>
  <trkpt lat="37.4118233" lon="-121.9947469"><ele>5</ele><time>2026-05-17T17:11:49.428314Z</time></trkpt>
  <trkpt lat="37.4118226" lon="-121.9947582"><ele>4</ele><time>2026-05-17T17:11:49.527926Z</time></trkpt>
  <trkpt lat="37.4118216" lon="-121.9947695"><ele>4</ele><time>2026-05-17T17:11:49.628473Z</time></trkpt>
  <trkpt lat="37.4118205" lon="-121.9947807"><ele>4</ele><time>2026-05-17T17:11:49.728932Z</time></trkpt>
  <trkpt lat="37.4118192" lon="-121.9947919"><ele>3</ele><time>2026-05-17T17:11:49.829578Z</time></trkpt>
  <trkpt lat="37.4118180" lon="-121.9948032"><ele>3</ele><time>2026-05-17T17:11:49.930542Z</time></trkpt>
  <trkpt lat="37.4118165" lon="-121.9948146"><ele>3</ele><time>2026-05-17T17:11:50.030837Z</time></trkpt>
  <trkpt lat="37.4118149" lon="-121.9948258"><ele>2</ele><time>2026-05-17T17:11:50.130983Z</time></trkpt>
  <trkpt lat="37.4118133" lon="-121.9948369"><ele>2</ele><time>2026-05-17T17:11:50.231260Z</time></trkpt>
  <trkpt lat="37.4118121" lon="-121.9948485"><ele>2</ele><time>2026-05-17T17:11:50.331348Z</time></trkpt>
  <trkpt lat="37.4118121" lon="-121.9948485"><ele>2</ele><time>2026-05-17T17:11:50.364193Z</time></trkpt>
  <trkpt lat="37.4118113" lon="-121.9948604"><ele>2</ele><time>2026-05-17T17:11:50.431827Z</time></trkpt>
  <trkpt lat="37.4118104" lon="-121.9948718"><ele>2</ele><time>2026-05-17T17:11:50.532379Z</time></trkpt>
  <trkpt lat="37.4118095" lon="-121.9948826"><ele>2</ele><time>2026-05-17T17:11:50.612962Z</time></trkpt>
  <trkpt lat="37.4118091" lon="-121.9948934"><ele>1</ele><time>2026-05-17T17:11:50.733528Z</time></trkpt>
  <trkpt lat="37.4118088" lon="-121.9949039"><ele>1</ele><time>2026-05-17T17:11:50.813883Z</time></trkpt>
  <trkpt lat="37.4118087" lon="-121.9949141"><ele>1</ele><time>2026-05-17T17:11:50.914867Z</time></trkpt>
  <trkpt lat="37.4118086" lon="-121.9949238"><ele>1</ele><time>2026-05-17T17:11:51.015059Z</time></trkpt>
  <trkpt lat="37.4118088" lon="-121.9949335"><ele>0</ele><time>2026-05-17T17:11:51.115223Z</time></trkpt>
  <trkpt lat="37.4118096" lon="-121.9949429"><ele>0</ele><time>2026-05-17T17:11:51.216178Z</time></trkpt>
  <trkpt lat="37.4118109" lon="-121.9949520"><ele>0</ele><time>2026-05-17T17:11:51.316494Z</time></trkpt>
  <trkpt lat="37.4118125" lon="-121.9949617"><ele>0</ele><time>2026-05-17T17:11:51.417329Z</time></trkpt>
  <trkpt lat="37.4118149" lon="-121.9949716"><ele>0</ele><time>2026-05-17T17:11:51.517987Z</time></trkpt>
  <trkpt lat="37.4118177" lon="-121.9949808"><ele>0</ele><time>2026-05-17T17:11:51.619313Z</time></trkpt>
  <trkpt lat="37.4118203" lon="-121.9949893"><ele>0</ele><time>2026-05-17T17:11:51.720686Z</time></trkpt>
  <trkpt lat="37.4118230" lon="-121.9949972"><ele>0</ele><time>2026-05-17T17:11:51.821246Z</time></trkpt>
  <trkpt lat="37.4118257" lon="-121.9950050"><ele>0</ele><time>2026-05-17T17:11:51.921483Z</time></trkpt>
  <trkpt lat="37.4118286" lon="-121.9950124"><ele>0</ele><time>2026-05-17T17:11:52.021727Z</time></trkpt>
  <trkpt lat="37.4118316" lon="-121.9950192"><ele>0</ele><time>2026-05-17T17:11:52.122644Z</time></trkpt>
  <trkpt lat="37.4118348" lon="-121.9950253"><ele>0</ele><time>2026-05-17T17:11:52.223241Z</time></trkpt>
  <trkpt lat="37.4118382" lon="-121.9950310"><ele>0</ele><time>2026-05-17T17:11:52.323856Z</time></trkpt>
  <trkpt lat="37.4118413" lon="-121.9950364"><ele>0</ele><time>2026-05-17T17:11:52.424303Z</time></trkpt>
  <trkpt lat="37.4118447" lon="-121.9950415"><ele>0</ele><time>2026-05-17T17:11:52.525009Z</time></trkpt>
  <trkpt lat="37.4118447" lon="-121.9950415"><ele>0</ele><time>2026-05-17T17:11:52.527077Z</time></trkpt>
  <trkpt lat="37.4118481" lon="-121.9950463"><ele>0</ele><time>2026-05-17T17:11:52.625373Z</time></trkpt>
  <trkpt lat="37.4118519" lon="-121.9950508"><ele>0</ele><time>2026-05-17T17:11:52.725925Z</time></trkpt>
  <trkpt lat="37.4118559" lon="-121.9950549"><ele>0</ele><time>2026-05-17T17:11:52.826685Z</time></trkpt>
  <trkpt lat="37.4118599" lon="-121.9950586"><ele>0</ele><time>2026-05-17T17:11:52.927258Z</time></trkpt>
  <trkpt lat="37.4118638" lon="-121.9950621"><ele>0</ele><time>2026-05-17T17:11:53.027329Z</time></trkpt>
  <trkpt lat="37.4118675" lon="-121.9950654"><ele>-1</ele><time>2026-05-17T17:11:53.127604Z</time></trkpt>
  <trkpt lat="37.4118714" lon="-121.9950686"><ele>-1</ele><time>2026-05-17T17:11:53.228332Z</time></trkpt>
  <trkpt lat="37.4118757" lon="-121.9950711"><ele>-1</ele><time>2026-05-17T17:11:53.329103Z</time></trkpt>
  <trkpt lat="37.4118788" lon="-121.9950722"><ele>-1</ele><time>2026-05-17T17:11:53.429370Z</time></trkpt>
  <trkpt lat="37.4118797" lon="-121.9950726"><ele>-1</ele><time>2026-05-17T17:11:53.509666Z</time></trkpt>
  <trkpt lat="37.4118801" lon="-121.9950726"><ele>-1</ele><time>2026-05-17T17:11:53.610434Z</time></trkpt>
  <trkpt lat="37.4118804" lon="-121.9950725"><ele>-1</ele><time>2026-05-17T17:11:53.711052Z</time></trkpt>
  <trkpt lat="37.4118805" lon="-121.9950724"><ele>-1</ele><time>2026-05-17T17:11:53.811516Z</time></trkpt>
  <trkpt lat="37.4118806" lon="-121.9950725"><ele>-1</ele><time>2026-05-17T17:11:53.912803Z</time></trkpt>
  <trkpt lat="37.4118807" lon="-121.9950724"><ele>-1</ele><time>2026-05-17T17:11:54.013329Z</time></trkpt>
  <trkpt lat="37.4118808" lon="-121.9950724"><ele>-1</ele><time>2026-05-17T17:11:54.114358Z</time></trkpt>
</trkseg></trk>
</gpx>