t_ms,msp,motor,servo0,servo1,gyro_p,gyro_q,gyro_r,acc_x,acc_y,acc_z,qw,qx,qy,qz,pos_n,pos_e,pos_d,vel_n,vel_e,vel_d,tgtpos_n,tgtpos_e,tgtpos_d,rcData0,rcData1,rcData2,rcData3
217036.6090,3.0000,1507.0000,1471.0000,1531.0000,22.0000,3.0000,9.0000,511.0000,-366.0000,951.0000,-0.0265,0.1609,-0.1270,0.9784,139.4900,-22.3100,-79.9900,-15.7900,4.7800,-4.9900,0.0000,0.0000,-0.0000,1500.0000,1498.0000,1500.0000,1534.0000
217053.3210,3.0000,1507.0000,1470.0000,1530.0000,20.0000,3.0000,13.0000,465.0000,-402.0000,845.0000,-0.0284,0.1603,-0.1244,0.9788,139.4900,-22.3100,-79.9900,-15.7900,4.7800,-4.9900,0.0000,0.0000,-0.0000,1500.0000,1500.0000,1500.0000,1534.0000
217070.0730,3.0000,1508.0000,1470.0000,1530.0000,17.0000,4.0000,17.0000,522.0000,-442.0000,856.0000,-0.0309,0.1594,-0.1223,0.9791,139.1900,-22.2000,-80.0800,-15.8000,4.7700,-4.8900,0.0000,0.0000,-0.0000,1500.0000,1500.0000,1500.0000,1535.0000
217087.0060,3.0000,1506.0000,1469.0000,1529.0000,15.0000,3.0000,19.0000,471.0000,-347.0000,1014.0000,-0.0338,0.1587,-0.1206,0.9793,138.8900,-22.1000,-80.1600,-15.8200,4.7600,-4.8000,0.0000,0.0000,-0.0000,1500.0000,1498.0000,1500.0000,1532.0000
217103.6820,3.0000,1506.0000,1468.0000,1528.0000,13.0000,3.0000,20.0000,445.0000,-377.0000,1309.0000,-0.0369,0.1581,-0.1195,0.9795,138.5800,-21.9900,-80.2400,-15.8300,4.7600,-4.7100,0.0000,0.0000,-0.0000,1500.0000,1498.0000,1500.0000,1534.0000
217120.4130,3.0000,1507.0000,1469.0000,1529.0000,13.0000,2.0000,21.0000,532.0000,-360.0000,1603.0000,-0.0401,0.1574,-0.1187,0.9796,138.2700,-21.8800,-80.3200,-15.8400,4.7800,-4.6500,0.0000,0.0000,-0.0000,1500.0000,1500.0000,1500.0000,1534.0000
217136.9050,3.0000,1507.0000,1471.0000,1529.0000,18.0000,2.0000,22.0000,536.0000,-383.0000,1935.0000,-0.0434,0.1568,-0.1176,0.9797,137.9600,-21.7700,-80.4000,-15.8400,4.8000,-4.6300,0.0000,0.0000,-0.0000,1500.0000,1500.0000,1500.0000,1534.0000
217153.5970,3.0000,1506.0000,1475.0000,1533.0000,23.0000,0.0000,26.0000,550.0000,-490.0000,2376.0000,-0.0472,0.1559,-0.1153,0.9799,137.9600,-21.7700,-80.4000,-15.8400,4.8000,-4.6300,0.0000,0.0000,-0.0000,1500.0000,1500.0000,1500.0000,1533.0000
217170.4660,3.0000,1506.0000,1476.0000,1534.0000,25.0000,1.0000,31.0000,579.0000,-603.0000,2577.0000,-0.0519,0.1552,-0.1125,0.9801,137.6600,-21.6600,-80.4800,-15.8200,4.8200,-4.6500,0.0000,0.0000,-0.0000,1500.0000,1500.0000,1500.0000,1534.0000
217187.4390,3.0000,1507.0000,1476.0000,1534.0000,24.0000,0.0000,36.0000,523.0000,-521.0000,2407.0000,-0.0573,0.1544,-0.1096,0.9802,137.3700,-21.5600,-80.5600,-15.7900,4.8300,-4.7000,0.0000,0.0000,-0.0000,1500.0000,1500.0000,1500.0000,1534.0000
217204.2300,3.0000,1507.0000,1477.0000,1531.0000,22.0000,-3.0000,38.0000,548.0000,-454.0000,2259.0000,-0.0630,0.1540,-0.1071,0.9802,137.0600,-21.4400,-80.6400,-15.7700,4.8400,-4.7500,0.0000,0.0000,-0.0000,1500.0000,1500.0000,1500.0000,1534.0000
217221.1130,3.0000,1506.0000,1476.0000,1528.0000,19.0000,-5.0000,38.0000,572.0000,-403.0000,2107.0000,-0.0687,0.1537,-0.1048,0.9801,136.7500,-21.3300,-80.7200,-15.7600,4.8500,-4.7800,0.0000,0.0000,-0.0000,1498.0000,1500.0000,1500.0000,1533.0000
217237.8710,3.0000,1507.0000,1474.0000,1526.0000,16.0000,-5.0000,35.0000,549.0000,-232.0000,1987.0000,-0.0744,0.1537,-0.1033,0.9799,136.4400,-21.2200,-80.8100,-15.7500,4.8700,-4.7800,0.0000,0.0000,-0.0000,1500.0000,1498.0000,1500.0000,1534.0000
217254.4850,3.0000,1507.0000,1476.0000,1526.0000,15.0000,-7.0000,36.0000,516.0000,-154.0000,1904.0000,-0.0798,0.1538,-0.1018,0.9796,136.4400,-21.2200,-80.8100,-15.7500,4.8700,-4.7800,0.0000,0.0000,-0.0000,1500.0000,1498.0000,1500.0000,1534.0000
217271.1680,3.0000,1506.0000,1476.0000,1524.0000,13.0000,-8.0000,31.0000,551.0000,-174.0000,1951.0000,-0.0848,0.1543,-0.1006,0.9792,136.1400,-21.1100,-80.8900,-15.7300,4.9000,-4.7800,0.0000,0.0000,-0.0000,1500.0000,1500.0000,1500.0000,1533.0000
217287.9350,3.0000,1507.0000,1476.0000,1524.0000,12.0000,-7.0000,26.0000,539.0000,-165.0000,1841.0000,-0.0891,0.1550,-0.0996,0.9788,135.8500,-21.0100,-80.9700,-15.7100,4.9200,-4.7700,0.0000,0.0000,-0.0000,1500.0000,1498.0000,1500.0000,1534.0000
217304.6970,3.0000,1507.0000,1477.0000,1523.0000,12.0000,-10.0000,20.0000,521.0000,-107.0000,1768.0000,-0.0929,0.1558,-0.0988,0.9784,135.5400,-20.8900,-81.0500,-15.7100,4.9500,-4.7600,0.0000,0.0000,-0.0000,1500.0000,1498.0000,1500.0000,1534.0000
217321.1550,3.0000,1506.0000,1474.0000,1520.0000,5.0000,-10.0000,18.0000,572.0000,-74.0000,1857.0000,-0.0958,0.1569,-0.0985,0.9780,135.2300,-20.7800,-81.1400,-15.7100,4.9900,-4.7400,0.0000,0.0000,-0.0000,1500.0000,1498.0000,1500.0000,1533.0000
217337.7630,3.0000,1506.0000,1472.0000,1518.0000,2.0000,-10.0000,10.0000,529.0000,-107.0000,2012.0000,-0.0978,0.1583,-0.0990,0.9775,134.9200,-20.6700,-81.2200,-15.6900,5.0300,-4.7400,0.0000,0.0000,-0.0000,1500.0000,1500.0000,1500.0000,1534.0000
217354.2080,3.0000,1507.0000,1466.0000,1514.0000,-8.0000,-8.0000,8.0000,534.0000,-171.0000,2063.0000,-0.0992,0.1596,-0.1002,0.9771,134.9200,-20.6700,-81.2200,-15.6900,5.0300,-4.7400,0.0000,0.0000,-0.0000,1500.0000,1498.0000,1500.0000,1534.0000
217370.7940,3.0000,1506.0000,1465.0000,1513.0000,-10.0000,-7.0000,6.0000,555.0000,-212.0000,2081.0000,-0.0997,0.1608,-0.1024,0.9766,134.6300,-20.5600,-81.3000,-15.6700,5.0500,-4.7400,0.0000,0.0000,-0.0000,1500.0000,1500.0000,1500.0000,1533.0000
217387.4520,3.0000,1506.0000,1465.0000,1513.0000,-11.0000,-6.0000,2.0000,551.0000,-144.0000,2180.0000,-0.1000,0.1619,-0.1044,0.9762,134.3400,-20.4500,-81.3800,-15.6500,5.0800,-4.7600,0.0000,0.0000,-0.0000,1500.0000,1498.0000,1500.0000,1533.0000
217403.9280,3.0000,1506.0000,1463.0000,1511.0000,-15.0000,-6.0000,-2.0000,540.0000,-61.0000,2233.0000,-0.0996,0.1633,-0.1062,0.9758,134.0400,-20.3300,-81.4600,-15.6200,5.1200,-4.7700,0.0000,0.0000,-0.0000,1500.0000,1498.0000,1500.0000,1533.0000
217420.5470,3.0000,1506.0000,1457.0000,1505.0000,-26.0000,-6.0000,-6.0000,550.0000,-83.0000,2152.0000,-0.0984,0.1650,-0.1089,0.9753,133.7300,-20.2100,-81.5500,-15.5900,5.1600,-4.7900,0.0000,0.0000,-0.0000,1500.0000,1498.0000,1500.0000,1533.0000
217437.1290,3.0000,1506.0000,1455.0000,1503.0000,-28.0000,-5.0000,-9.0000,547.0000,-192.0000,2115.0000,-0.0965,0.1665,-0.1125,0.9748,133.7300,-20.2100,-81.5500,-15.5900,5.1600,-4.7900,0.0000,0.0000,-0.0000,1498.0000,1500.0000,1500.0000,1533.0000
217453.6920,3.0000,1506.0000,1457.0000,1507.0000,-23.0000,-3.0000,-13.0000,587.0000,-166.0000,2149.0000,-0.0943,0.1678,-0.1155,0.9745,133.4300,-20.1000,-81.6300,-15.5600,5.2000,-4.8000,0.0000,0.0000,-0.0000,1500.0000,1500.0000,1500.0000,1533.0000
217470.1810,3.0000,1507.0000,1463.0000,1513.0000,-14.0000,-4.0000,-18.0000,540.0000,-75.0000,1941.0000,-0.0916,0.1689,-0.1172,0.9743,133.1400,-19.9800,-81.7200,-15.5300,5.2300,-4.8200,0.0000,0.0000,-0.0000,1500.0000,1498.0000,1500.0000,1534.0000
217487.0840,3.0000,1507.0000,1466.0000,1516.0000,-9.0000,-4.0000,-24.0000,460.0000,-147.0000,1657.0000,-0.0882,0.1701,-0.1178,0.9744,132.8500,-19.8700,-81.8000,-15.4900,5.2600,-4.8100,0.0000,0.0000,-0.0000,1500.0000,1498.0000,1500.0000,1534.0000
217503.5650,3.0000,1507.0000,1468.0000,1518.0000,-5.0000,-2.0000,-26.0000,500.0000,-189.0000,1564.0000,-0.0844,0.1714,-0.1174,0.9745,132.5500,-19.7500,-81.8800,-15.4700,5.3000,-4.7700,0.0000,0.0000,-0.0000,1500.0000,1498.0000,1500.0000,1534.0000
217520.1750,3.0000,1507.0000,1466.0000,1518.0000,-4.0000,-1.0000,-29.0000,483.0000,-213.0000,1634.0000,-0.0803,0.1724,-0.1165,0.9748,132.2500,-19.6200,-81.9700,-15.4500,5.3300,-4.7300,0.0000,0.0000,-0.0000,1500.0000,1498.0000,1500.0000,1534.0000
217536.6700,3.0000,1506.0000,1465.0000,1519.0000,-3.0000,1.0000,-29.0000,470.0000,-161.0000,1881.0000,-0.0761,0.1729,-0.1153,0.9752,132.2500,-19.6200,-81.9700,-15.4500,5.3300,-4.7300,0.0000,0.0000,-0.0000,1500.0000,1500.0000,1500.0000,1533.0000
217553.2230,3.0000,1506.0000,1464.0000,1520.0000,-3.0000,3.0000,-27.0000,507.0000,-342.0000,2183.0000,-0.0719,0.1732,-0.1140,0.9756,131.9600,-19.5000,-82.0500,-15.4200,5.3700,-4.7100,0.0000,0.0000,-0.0000,1500.0000,1498.0000,1500.0000,1533.0000
217569.9660,3.0000,1506.0000,1464.0000,1522.0000,0.0000,5.0000,-26.0000,518.0000,-366.0000,2308.0000,-0.0681,0.1731,-0.1131,0.9760,131.6700,-19.3800,-82.1300,-15.3700,5.3900,-4.7200,0.0000,0.0000,-0.0000,1500.0000,1500.0000,1500.0000,1533.0000
217586.8360,3.0000,1506.0000,1465.0000,1523.0000,0.0000,5.0000,-24.0000,565.0000,-419.0000,2289.0000,-0.0643,0.1727,-0.1123,0.9764,131.3900,-19.2700,-82.2100,-15.3200,5.4100,-4.7400,0.0000,0.0000,-0.0000,1500.0000,1500.0000,1500.0000,1534.0000
217603.4910,3.0000,1507.0000,1463.0000,1523.0000,0.0000,6.0000,-20.0000,555.0000,-553.0000,2241.0000,-0.0610,0.1723,-0.1117,0.9768,131.0900,-19.1400,-82.3000,-15.2800,5.4300,-4.7700,0.0000,0.0000,-0.0000,1500.0000,1500.0000,1500.0000,1534.0000
217620.0780,3.0000,1506.0000,1466.0000,1524.0000,4.0000,5.0000,-15.0000,514.0000,-635.0000,2114.0000,-0.0584,0.1719,-0.1108,0.9771,131.0900,-19.1400,-82.3000,-15.2800,5.4300,-4.7700,0.0000,0.0000,-0.0000,1500.0000,1498.0000,1500.0000,1533.0000
217636.8140,3.0000,1506.0000,1468.0000,1526.0000,7.0000,5.0000,-9.0000,505.0000,-732.0000,2078.0000,-0.0567,0.1714,-0.1095,0.9774,130.8000,-19.0200,-82.3800,-15.2400,5.4400,-4.7900,0.0000,0.0000,-0.0000,1500.0000,1498.0000,1500.0000,1533.0000
217653.8160,3.0000,1506.0000,1471.0000,1529.0000,6.0000,4.0000,0.0000,581.0000,-738.0000,2205.0000,-0.0562,0.1709,-0.1083,0.9777,130.5100,-18.8900,-82.4600,-15.2000,5.4300,-4.8000,0.0000,0.0000,-0.0000,1497.0000,1500.0000,1500.0000,1533.0000
217670.5750,3.0000,1506.0000,1469.0000,1525.0000,7.0000,2.0000,9.0000,623.0000,-698.0000,2344.0000,-0.0570,0.1704,-0.1074,0.9778,130.2200,-18.7700,-82.5500,-15.1600,5.4200,-4.8300,0.0000,0.0000,-0.0000,1500.0000,1500.0000,1500.0000,1533.0000
217687.3740,3.0000,1507.0000,1471.0000,1525.0000,9.0000,0.0000,16.0000,602.0000,-716.0000,2298.0000,-0.0590,0.1699,-0.1067,0.9779,129.9500,-18.6500,-82.6300,-15.1100,5.4100,-4.8700,0.0000,0.0000,-0.0000,1500.0000,1498.0000,1500.0000,1534.0000
217704.0960,3.0000,1506.0000,1473.0000,1525.0000,9.0000,-2.0000,21.0000,563.0000,-629.0000,2140.0000,-0.0620,0.1696,-0.1056,0.9779,129.6600,-18.5300,-82.7100,-15.0800,5.4200,-4.9000,0.0000,0.0000,-0.0000,1500.0000,1498.0000,1500.0000,1533.0000
217720.7960,3.0000,1507.0000,1474.0000,1526.0000,12.0000,-2.0000,25.0000,489.0000,-497.0000,2014.0000,-0.0657,0.1694,-0.1047,0.9778,129.6600,-18.5300,-82.7100,-15.0800,5.4200,-4.9000,0.0000,0.0000,-0.0000,1500.0000,1498.0000,1500.0000,1534.0000
217737.6700,3.0000,1506.0000,1475.0000,1525.0000,14.0000,-4.0000,29.0000,484.0000,-433.0000,1894.0000,-0.0701,0.1694,-0.1039,0.9775,129.3700,-18.4000,-82.8000,-15.0400,5.4300,-4.9100,0.0000,0.0000,-0.0000,1500.0000,1500.0000,1500.0000,1533.0000
217754.1950,3.0000,1506.0000,1477.0000,1527.0000,16.0000,-4.0000,30.0000,464.0000,-461.0000,1792.0000,-0.0748,0.1694,-0.1030,0.9773,129.0800,-18.2800,-82.8800,-15.0100,5.4400,-4.9000,0.0000,0.0000,-0.0000,1500.0000,1498.0000,1500.0000,1533.0000
217771.0060,3.0000,1506.0000,1477.0000,1527.0000,17.0000,-4.0000,29.0000,438.0000,-285.0000,1789.0000,-0.0797,0.1693,-0.1020,0.9770,128.8100,-18.1600,-82.9600,-14.9700,5.4500,-4.8900,0.0000,0.0000,-0.0000,1498.0000,1500.0000,1500.0000,1533.0000
217787.9650,3.0000,1506.0000,1476.0000,1526.0000,15.0000,-3.0000,29.0000,451.0000,-157.0000,1819.0000,-0.0846,0.1691,-0.1011,0.9767,128.5400,-18.0400,-83.0500,-14.9300,5.4800,-4.8700,0.0000,0.0000,-0.0000,1500.0000,1500.0000,1500.0000,1533.0000
217804.7060,3.0000,1506.0000,1474.0000,1524.0000,9.0000,-4.0000,29.0000,465.0000,-147.0000,1866.0000,-0.0892,0.1693,-0.1004,0.9764,128.2500,-17.9100,-83.1300,-14.8900,5.5200,-4.8500,0.0000,0.0000,-0.0000,1500.0000,1500.0000,1500.0000,1533.0000
217821.7410,3.0000,1506.0000,1469.0000,1519.0000,0.0000,-4.0000,29.0000,475.0000,-220.0000,2009.0000,-0.0937,0.1694,-0.1007,0.9759,128.2500,-17.9100,-83.1300,-14.8900,5.5200,-4.8500,0.0000,0.0000,-0.0000,1500.0000,1498.0000,1500.0000,1533.0000
217838.2890,3.0000,1506.0000,1464.0000,1514.0000,-9.0000,-3.0000,27.0000,498.0000,-203.0000,1999.0000,-0.0975,0.1696,-0.1024,0.9753,127.9700,-17.7800,-83.2100,-14.8600,5.5600,-4.8400,0.0000,0.0000,-0.0000,1500.0000,1500.0000,1500.0000,1533.0000
217855.1410,2.0000,1915.0000,1000.0000,1624.0000,-12.0000,-3.0000,24.0000,586.0000,-212.0000,2009.0000,-0.1009,0.1698,-0.1049,0.9747,127.6900,-17.6600,-83.3000,-14.8100,5.5900,-4.8400,0.0000,0.0000,-0.0000,1778.0000,1074.0000,1500.0000,2000.0000
217871.8760,2.0000,2000.0000,1000.0000,1649.0000,-13.0000,-4.0000,22.0000,556.0000,-257.0000,2063.0000,-0.1039,0.1702,-0.1074,0.9740,127.4100,-17.5300,-83.3800,-14.7800,5.6200,-4.8400,0.0000,0.0000,-0.0000,1778.0000,1074.0000,1500.0000,2000.0000
217888.9600,2.0000,2000.0000,1000.0000,1649.0000,-22.0000,-11.0000,21.0000,703.0000,-180.0000,1888.0000,-0.1063,0.1714,-0.1105,0.9732,127.1200,-17.4000,-83.4600,-14.7500,5.6600,-4.8500,0.0000,0.0000,-0.0000,1778.0000,1074.0000,1500.0000,2000.0000
217905.9280,2.0000,2000.0000,1000.0000,1649.0000,-23.0000,-27.0000,11.0000,1102.0000,-303.0000,1604.0000,-0.1081,0.1744,-0.1144,0.9720,126.8400,-17.2700,-83.5500,-14.7600,5.7000,-4.8400,0.0000,0.0000,-0.0000,1778.0000,1074.0000,1500.0000,2000.0000
217922.9580,2.0000,2000.0000,1000.0000,1649.0000,-10.0000,-51.0000,2.0000,1371.0000,-325.0000,1569.0000,-0.1091,0.1814,-0.1167,0.9704,126.8400,-17.2700,-83.5500,-14.7600,5.7000,-4.8400,0.0000,0.0000,-0.0000,1778.0000,1074.0000,1500.0000,2000.0000
217939.8020,2.0000,2000.0000,1000.0000,1649.0000,7.0000,-71.0000,-13.0000,1433.0000,39.0000,1655.0000,-0.1088,0.1911,-0.1161,0.9686,126.5600,-17.1300,-83.6200,-14.7900,5.7400,-4.8200,0.0000,0.0000,-0.0000,1778.0000,1074.0000,1500.0000,2000.0000
217956.6630,2.0000,2000.0000,1000.0000,1644.0000,25.0000,-95.0000,-23.0000,1383.0000,-469.0000,2144.0000,-0.1078,0.2044,-0.1120,0.9665,126.2900,-16.9900,-83.7000,-14.8200,5.8000,-4.7900,0.0000,0.0000,-0.0000,1782.0000,1075.0000,1500.0000,2000.0000
217973.1800,2.0000,2000.0000,1000.0000,1644.0000,38.0000,-106.0000,-29.0000,1515.0000,-500.0000,3227.0000,-0.1064,0.2191,-0.1053,0.9642,126.0400,-16.8600,-83.7700,-14.8000,5.8200,-4.8200,0.0000,0.0000,-0.0000,1782.0000,1075.0000,1500.0000,2000.0000
217990.2610,2.0000,2000.0000,1000.0000,1644.0000,52.0000,-121.0000,-33.0000,1696.0000,-568.0000,4210.0000,-0.1051,0.2354,-0.0961,0.9614,125.8100,-16.7300,-83.8300,-14.7200,5.8400,-4.9300,0.0000,0.0000,-0.0000,1782.0000,1075.0000,1500.0000,2000.0000
218006.9410,2.0000,2000.0000,1000.0000,1644.0000,54.0000,-124.0000,-31.0000,1793.0000,-729.0000,4980.0000,-0.1043,0.2523,-0.0854,0.9582,125.5400,-16.5800,-83.9000,-14.6500,5.8900,-5.1500,0.0000,0.0000,-0.0000,1782.0000,1075.0000,1500.0000,2000.0000
218023.6990,2.0000,2000.0000,1000.0000,1644.0000,50.0000,-130.0000,-32.0000,1777.0000,-1057.0000,5643.0000,-0.1036,0.2694,-0.0749,0.9545,125.5400,-16.5800,-83.9000,-14.6500,5.8900,-5.1500,0.0000,0.0000,-0.0000,1782.0000,1075.0000,1500.0000,2000.0000
218040.4790,2.0000,2000.0000,1000.0000,1644.0000,48.0000,-128.0000,-31.0000,2058.0000,-875.0000,6387.0000,-0.1030,0.2873,-0.0645,0.9501,125.2800,-16.4300,-83.9600,-14.5400,5.9000,-5.4200,0.0000,0.0000,-0.0000,1782.0000,1075.0000,1500.0000,2000.0000
218057.4010,2.0000,2000.0000,1000.0000,1648.0000,47.0000,-133.0000,-30.0000,2047.0000,-1058.0000,6690.0000,-0.1026,0.3054,-0.0543,0.9451,125.0300,-16.2900,-84.0200,-14.3700,5.8900,-5.7700,0.0000,0.0000,-0.0000,1778.0000,1075.0000,1500.0000,2000.0000
218074.5520,2.0000,2000.0000,1000.0000,1648.0000,49.0000,-131.0000,-30.0000,1927.0000,-1164.0000,6844.0000,-0.1026,0.3234,-0.0440,0.9396,124.8000,-16.1600,-84.0900,-14.1600,5.8600,-6.1400,0.0000,0.0000,-0.0000,1778.0000,1075.0000,1500.0000,2000.0000
218091.3940,2.0000,2000.0000,1000.0000,1648.0000,49.0000,-118.0000,-26.0000,2119.0000,-1222.0000,7478.0000,-0.1020,0.3401,-0.0341,0.9342,124.5200,-16.0000,-84.1700,-13.9900,5.8400,-6.5300,0.0000,0.0000,-0.0000,1778.0000,1075.0000,1500.0000,2000.0000
218108.3760,2.0000,2000.0000,1000.0000,1648.0000,50.0000,-103.0000,-23.0000,2319.0000,-1163.0000,7938.0000,-0.1018,0.3548,-0.0240,0.9291,124.2500,-15.8600,-84.2600,-13.7700,5.8100,-6.9800,0.0000,0.0000,-0.0000,1778.0000,1075.0000,1500.0000,2000.0000
218125.3420,2.0000,2000.0000,1000.0000,1648.0000,48.0000,-88.0000,-21.0000,2020.0000,-1306.0000,7509.0000,-0.1020,0.3672,-0.0149,0.9244,124.2500,-15.8600,-84.2600,-13.7700,5.8100,-6.9800,0.0000,0.0000,-0.0000,1778.0000,1075.0000,1500.0000,2000.0000
218142.2360,2.0000,2000.0000,1000.0000,1665.0000,44.0000,-70.0000,-18.0000,1830.0000,-1100.0000,6818.0000,-0.1024,0.3774,-0.0061,0.9203,124.0000,-15.7200,-84.3500,-13.5300,5.7400,-7.4300,0.0000,0.0000,-0.0000,1757.0000,1072.0000,1500.0000,2000.0000
218159.1890,2.0000,2000.0000,1000.0000,1672.0000,43.0000,-58.0000,-15.0000,1826.0000,-1100.0000,6400.0000,-0.1033,0.3852,0.0022,0.9170,123.7700,-15.5800,-84.4400,-13.3200,5.6700,-7.8000,0.0000,0.0000,-0.0000,1757.0000,1072.0000,1500.0000,2000.0000
218176.1710,2.0000,2000.0000,1000.0000,1672.0000,49.0000,-49.0000,-16.0000,1812.0000,-758.0000,5821.0000,-0.1046,0.3915,0.0105,0.9141,123.5500,-15.4600,-84.5500,-13.1400,5.5900,-8.1300,0.0000,0.0000,-0.0000,1757.0000,1072.0000,1500.0000,2000.0000
218193.0610,2.0000,2000.0000,1000.0000,1672.0000,45.0000,-46.0000,-15.0000,2033.0000,-944.0000,6073.0000,-0.1053,0.3972,0.0186,0.9115,123.2800,-15.3100,-84.6600,-12.9300,5.5600,-8.4100,0.0000,0.0000,-0.0000,1757.0000,1072.0000,1500.0000,2000.0000
218210.1260,2.0000,2000.0000,1000.0000,1672.0000,47.0000,-41.0000,-13.0000,1873.0000,-1063.0000,5650.0000,-0.1063,0.4026,0.0267,0.9088,123.0400,-15.1700,-84.7800,-12.7400,5.5000,-8.7000,0.0000,0.0000,-0.0000,1757.0000,1072.0000,1500.0000,2000.0000
218226.8140,2.0000,2000.0000,1000.0000,1672.0000,43.0000,-42.0000,-14.0000,1664.0000,-1245.0000,5024.0000,-0.1073,0.4072,0.0340,0.9064,123.0400,-15.1700,-84.7800,-12.7400,5.5000,-8.7000,0.0000,0.0000,-0.0000,1757.0000,1072.0000,1500.0000,2000.0000
218243.3990,2.0000,2000.0000,1000.0000,1672.0000,38.0000,-40.0000,-14.0000,1550.0000,-1037.0000,4432.0000,-0.1081,0.4120,0.0411,0.9038,122.8000,-15.0400,-84.9000,-12.5700,5.4100,-8.9500,0.0000,0.0000,-0.0000,1757.0000,1072.0000,1500.0000,2000.0000
218259.9790,2.0000,2000.0000,1000.0000,1655.0000,34.0000,-35.0000,-13.0000,1746.0000,-954.0000,4471.0000,-0.1089,0.4160,0.0476,0.9016,122.5800,-14.9100,-85.0200,-12.4600,5.3400,-9.1400,0.0000,0.0000,-0.0000,1772.0000,1074.0000,1500.0000,2000.0000
218276.7020,2.0000,2000.0000,1000.0000,1655.0000,31.0000,-34.0000,-15.0000,1796.0000,-722.0000,4344.0000,-0.1094,0.4200,0.0535,0.8993,122.3800,-14.7900,-85.1400,-12.3600,5.2800,-9.3300,0.0000,0.0000,-0.0000,1772.0000,1074.0000,1500.0000,2000.0000
218293.6050,2.0000,2000.0000,1000.0000,1655.0000,22.0000,-40.0000,-16.0000,1639.0000,-463.0000,3806.0000,-0.1090,0.4244,0.0585,0.8970,122.1900,-14.6800,-85.2600,-12.2700,5.2600,-9.4900,0.0000,0.0000,-0.0000,1772.0000,1074.0000,1500.0000,2000.0000
218310.4770,2.0000,2000.0000,1000.0000,1655.0000,22.0000,-50.0000,-21.0000,1782.0000,-242.0000,3955.0000,-0.1078,0.4299,0.0631,0.8942,122.0200,-14.5700,-85.3900,-12.2000,5.2600,-9.6300,0.0000,0.0000,-0.0000,1772.0000,1074.0000,1500.0000,2000.0000
218326.9390,2.0000,2000.0000,1000.0000,1655.0000,27.0000,-62.0000,-24.0000,1671.0000,-436.0000,3515.0000,-0.1064,0.4364,0.0686,0.8908,122.0200,-14.5700,-85.3900,-12.2000,5.2600,-9.6300,0.0000,0.0000,-0.0000,1772.0000,1074.0000,1500.0000,2000.0000
218343.6360,2.0000,2000.0000,1000.0000,1647.0000,37.0000,-74.0000,-30.0000,1644.0000,-582.0000,3464.0000,-0.1049,0.4443,0.0758,0.8865,121.8700,-14.4700,-85.5000,-12.1400,5.2600,-9.7500,0.0000,0.0000,-0.0000,1781.0000,1074.0000,1500.0000,2000.0000
218360.3240,2.0000,2000.0000,1000.0000,1646.0000,49.0000,-86.0000,-34.0000,1737.0000,-643.0000,3802.0000,-0.1032,0.4535,0.0848,0.8812,121.7300,-14.3700,-85.6200,-12.0900,5.2300,-9.8500,0.0000,0.0000,-0.0000,1781.0000,1074.0000,1500.0000,2000.0000
218377.2240,2.0000,2000.0000,1000.0000,1646.0000,55.0000,-97.0000,-40.0000,1771.0000,-591.0000,3871.0000,-0.1014,0.4642,0.0959,0.8747,121.6000,-14.2900,-85.7400,-12.0200,5.1900,-9.9300,0.0000,0.0000,-0.0000,1781.0000,1074.0000,1500.0000,2000.0000
218394.0880,2.0000,2000.0000,1000.0000,1646.0000,58.0000,-107.0000,-41.0000,1806.0000,-578.0000,4082.0000,-0.0990,0.4757,0.1077,0.8674,121.4800,-14.2100,-85.8600,-11.9400,5.1300,-10.0100,0.0000,0.0000,-0.0000,1781.0000,1074.0000,1500.0000,2000.0000
218410.8960,2.0000,2000.0000,1000.0000,1646.0000,59.0000,-121.0000,-41.0000,1781.0000,-732.0000,4377.0000,-0.0967,0.4887,0.1201,0.8587,121.4800,-14.2100,-85.8600,-11.9400,5.1300,-10.0100,0.0000,0.0000,-0.0000,1781.0000,1074.0000,1500.0000,2000.0000
218427.9040,2.0000,2000.0000,1000.0000,1646.0000,54.0000,-126.0000,-38.0000,1814.0000,-758.0000,4731.0000,-0.0946,0.5029,0.1328,0.8488,121.3700,-14.1300,-85.9800,-11.8300,5.0600,-10.1000,0.0000,0.0000,-0.0000,1781.0000,1074.0000,1500.0000,2000.0000
218444.6380,2.0000,2000.0000,1000.0000,1615.0000,49.0000,-131.0000,-35.0000,1798.0000,-662.0000,4797.0000,-0.0926,0.5170,0.1445,0.8386,121.2800,-14.0700,-86.1000,-11.6900,4.9500,-10.1800,0.0000,0.0000,-0.0000,1809.0000,1078.0000,1500.0000,2000.0000
218461.6620,2.0000,2000.0000,1000.0000,1614.0000,43.0000,-132.0000,-31.0000,1800.0000,-459.0000,4845.0000,-0.0908,0.5313,0.1554,0.8279,121.1900,-14.0100,-86.2200,-11.5400,4.8400,-10.2500,0.0000,0.0000,-0.0000,1809.0000,1078.0000,1500.0000,2000.0000
218478.6090,2.0000,2000.0000,1000.0000,1614.0000,46.0000,-134.0000,-30.0000,1964.0000,-454.0000,5427.0000,-0.0887,0.5460,0.1659,0.8164,121.1100,-13.9500,-86.3400,-11.3800,4.7500,-10.3100,0.0000,0.0000,-0.0000,1809.0000,1078.0000,1500.0000,2000.0000
218495.3870,2.0000,2000.0000,1000.0000,1614.0000,47.0000,-132.0000,-30.0000,1954.0000,-974.0000,5861.0000,-0.0864,0.5605,0.1763,0.8046,121.0400,-13.9000,-86.4600,-11.1800,4.6100,-10.3900,0.0000,0.0000,-0.0000,1809.0000,1078.0000,1500.0000,2000.0000
218512.3910,2.0000,2000.0000,1000.0000,1614.0000,46.0000,-128.0000,-28.0000,1910.0000,-1270.0000,6176.0000,-0.0844,0.5741,0.1865,0.7928,121.0400,-13.9000,-86.4600,-11.1800,4.6100,-10.3900,0.0000,0.0000,-0.0000,1809.0000,1078.0000,1500.0000,2000.0000
218529.0440,2.0000,2000.0000,1000.0000,1614.0000,44.0000,-122.0000,-29.0000,2084.0000,-1096.0000,6605.0000,-0.0827,0.5868,0.1965,0.7812,120.9700,-13.8600,-86.5800,-10.9700,4.4200,-10.4600,0.0000,0.0000,-0.0000,1809.0000,1078.0000,1500.0000,2000.0000
218545.9850,2.0000,2000.0000,1000.0000,1613.0000,47.0000,-116.0000,-30.0000,2094.0000,-966.0000,6414.0000,-0.0813,0.5985,0.2068,0.7697,120.9200,-13.8300,-86.7000,-10.7400,4.2200,-10.5100,0.0000,0.0000,-0.0000,1805.0000,1083.0000,1500.0000,2000.0000
218562.6570,2.0000,2000.0000,1000.0000,1613.0000,47.0000,-108.0000,-28.0000,2066.0000,-896.0000,6352.0000,-0.0805,0.6090,0.2174,0.7585,120.8700,-13.7900,-86.8300,-10.5100,4.0400,-10.5500,0.0000,0.0000,-0.0000,1805.0000,1083.0000,1500.0000,2000.0000
218579.7580,2.0000,2000.0000,1000.0000,1613.0000,42.0000,-100.0000,-30.0000,2091.0000,-712.0000,6431.0000,-0.0795,0.6186,0.2276,0.7478,120.8200,-13.7700,-86.9500,-10.3200,3.8900,-10.5900,0.0000,0.0000,-0.0000,1805.0000,1083.0000,1500.0000,2000.0000
218596.4060,2.0000,2000.0000,1000.0000,1613.0000,39.0000,-92.0000,-31.0000,2094.0000,-913.0000,6491.0000,-0.0775,0.6273,0.2369,0.7378,120.7900,-13.7500,-87.0800,-10.1200,3.7400,-10.6100,0.0000,0.0000,-0.0000,1805.0000,1083.0000,1500.0000,2000.0000
218613.4500,2.0000,2000.0000,1000.0000,1613.0000,41.0000,-84.0000,-32.0000,1793.0000,-871.0000,5331.0000,-0.0759,0.6347,0.2462,0.7285,120.7900,-13.7500,-87.0800,-10.1200,3.7400,-10.6100,0.0000,0.0000,-0.0000,1805.0000,1083.0000,1500.0000,2000.0000
218630.4420,2.0000,2000.0000,1000.0000,1613.0000,39.0000,-71.0000,-32.0000,1613.0000,-616.0000,4394.0000,-0.0747,0.6408,0.2556,0.7200,120.7600,-13.7300,-87.2000,-10.0000,3.6200,-10.5900,0.0000,0.0000,-0.0000,1805.0000,1083.0000,1500.0000,2000.0000
218647.0190,2.0000,2000.0000,1000.0000,1613.0000,40.0000,-68.0000,-35.0000,1748.0000,-426.0000,4449.0000,-0.0738,0.6457,0.2649,0.7123,120.7400,-13.7200,-87.3400,-9.9900,3.5800,-10.5300,0.0000,0.0000,-0.0000,1805.0000,1083.0000,1500.0000,2000.0000
218664.1460,2.0000,2000.0000,1000.0000,1638.0000,34.0000,-63.0000,-36.0000,1849.0000,-468.0000,4651.0000,-0.0726,0.6503,0.2746,0.7046,120.7200,-13.7100,-87.4700,-9.9800,3.5700,-10.4700,0.0000,0.0000,-0.0000,1788.0000,1075.0000,1500.0000,2000.0000
218681.1120,2.0000,2000.0000,1000.0000,1638.0000,34.0000,-62.0000,-35.0000,1816.0000,-425.0000,4357.0000,-0.0709,0.6542,0.2832,0.6977,120.6100,-13.6600,-87.6100,-9.9400,3.4300,-10.4300,0.0000,0.0000,-0.0000,1788.0000,1075.0000,1500.0000,2000.0000
218697.9480,2.0000,2000.0000,1000.0000,1638.0000,42.0000,-69.0000,-37.0000,1720.0000,-777.0000,3766.0000,-0.0690,0.6588,0.2923,0.6898,120.2400,-13.5300,-87.8200,-9.8500,3.0000,-10.4200,0.0000,0.0000,-0.0000,1788.0000,1075.0000,1500.0000,2000.0000
218714.9970,2.0000,2000.0000,1000.0000,1638.0000,37.0000,-59.0000,-36.0000,1676.0000,-625.0000,3398.0000,-0.0673,0.6629,0.3016,0.6820,120.2400,-13.5300,-87.8200,-9.8500,3.0000,-10.4200,0.0000,0.0000,-0.0000,1788.0000,1075.0000,1500.0000,2000.0000
218731.7900,2.0000,2000.0000,1000.0000,1638.0000,42.0000,-68.0000,-39.0000,1785.0000,-752.0000,3654.0000,-0.0657,0.6665,0.3107,0.6745,119.9000,-13.4100,-88.0200,-9.8100,2.6300,-10.3800,0.0000,0.0000,-0.0000,1788.0000,1075.0000,1500.0000,2000.0000
218748.8250,2.0000,2000.0000,1000.0000,1625.0000,43.0000,-75.0000,-39.0000,1696.0000,-757.0000,3202.0000,-0.0636,0.6712,0.3209,0.6652,119.5800,-13.3100,-88.2300,-9.7600,2.2900,-10.3100,0.0000,0.0000,-0.0000,1800.0000,1077.0000,1500.0000,2000.0000
218765.8110,2.0000,2000.0000,1000.0000,1624.0000,42.0000,-84.0000,-37.0000,1756.0000,-735.0000,3326.0000,-0.0617,0.6758,0.3310,0.6557,119.2800,-13.2200,-88.4200,-9.7100,1.9900,-10.2200,0.0000,0.0000,-0.0000,1800.0000,1077.0000,1500.0000,2000.0000
218782.7270,2.0000,2000.0000,1000.0000,1624.0000,46.0000,-91.0000,-38.0000,1810.0000,-817.0000,3477.0000,-0.0591,0.6815,0.3409,0.6449,118.9800,-13.1400,-88.6200,-9.6200,1.6500,-10.1200,0.0000,0.0000,-0.0000,1800.0000,1077.0000,1500.0000,2000.0000
218799.3950,2.0000,2000.0000,1000.0000,1624.0000,48.0000,-97.0000,-37.0000,1894.0000,-796.0000,3615.0000,-0.0564,0.6876,0.3507,0.6333,118.6700,-13.0700,-88.8300,-9.4300,1.1500,-10.0100,0.0000,0.0000,-0.0000,1800.0000,1077.0000,1500.0000,2000.0000
218816.4660,2.0000,2000.0000,1000.0000,1624.0000,51.0000,-105.0000,-36.0000,1935.0000,-701.0000,3664.0000,-0.0538,0.6940,0.3611,0.6205,118.6700,-13.0700,-88.8300,-9.4300,1.1500,-10.0100,0.0000,0.0000,-0.0000,1800.0000,1077.0000,1500.0000,2000.0000
218833.3650,2.0000,2000.0000,1000.0000,1624.0000,52.0000,-114.0000,-35.0000,1919.0000,-556.0000,3667.0000,-0.0510,0.7010,0.3716,0.6066,118.3800,-13.0200,-89.0300,-9.2400,0.7000,-9.9000,0.0000,0.0000,-0.0000,1800.0000,1077.0000,1500.0000,2000.0000
218850.1370,2.0000,2000.0000,1000.0000,1626.0000,52.0000,-122.0000,-34.0000,2056.0000,-410.0000,4161.0000,-0.0478,0.7085,0.3818,0.5916,118.1100,-12.9700,-89.2300,-9.0500,0.3100,-9.7800,0.0000,0.0000,-0.0000,1798.0000,1077.0000,1500.0000,2000.0000
218867.1340,2.0000,2000.0000,1000.0000,1626.0000,54.0000,-128.0000,-34.0000,2103.0000,-619.0000,4522.0000,-0.0443,0.7163,0.3924,0.5753,117.8600,-12.9400,-89.4200,-8.8300,-0.0400,-9.6600,0.0000,0.0000,-0.0000,1798.0000,1077.0000,1500.0000,2000.0000
218883.9340,2.0000,2000.0000,1000.0000,1626.0000,51.0000,-128.0000,-32.0000,2066.0000,-528.0000,4388.0000,-0.0406,0.7238,0.4021,0.5592,117.6200,-12.9300,-89.6200,-8.5600,-0.4800,-9.4900,0.0000,0.0000,-0.0000,1798.0000,1077.0000,1500.0000,2000.0000
218900.8630,2.0000,2000.0000,1000.0000,1626.0000,48.0000,-131.0000,-31.0000,2064.0000,-827.0000,4732.0000,-0.0360,0.7319,0.4111,0.5423,117.3800,-12.9300,-89.8100,-8.2400,-1.0500,-9.2800,0.0000,0.0000,-0.0000,1798.0000,1077.0000,1500.0000,2000.0000
218917.6140,2.0000,2000.0000,1000.0000,1626.0000,46.0000,-139.0000,-31.0000,2138.0000,-871.0000,5136.0000,-0.0309,0.7398,0.4197,0.5250,117.3800,-12.9300,-89.8100,-8.2400,-1.0500,-9.2800,0.0000,0.0000,-0.0000,1798.0000,1077.0000,1500.0000,2000.0000
218934.1800,2.0000,2000.0000,1000.0000,1626.0000,42.0000,-139.0000,-31.0000,2040.0000,-982.0000,4913.0000,-0.0256,0.7474,0.4280,0.5075,117.1500,-12.9400,-90.0100,-7.9200,-1.6000,-9.0400,0.0000,0.0000,-0.0000,1798.0000,1077.0000,1500.0000,2000.0000
218951.0690,2.0000,2000.0000,1000.0000,1627.0000,39.0000,-136.0000,-31.0000,1932.0000,-687.0000,4384.0000,-0.0198,0.7548,0.4361,0.4896,116.9400,-12.9700,-90.1900,-7.6300,-2.0800,-8.7700,0.0000,0.0000,-0.0000,1797.0000,1077.0000,1500.0000,2000.0000
218967.8080,2.0000,2000.0000,1000.0000,1627.0000,39.0000,-137.0000,-31.0000,1913.0000,-677.0000,4260.0000,-0.0138,0.7615,0.4439,0.4721,116.7500,-13.0000,-90.3700,-7.4000,-2.4600,-8.5100,0.0000,0.0000,-0.0000,1797.0000,1077.0000,1500.0000,2000.0000
218984.7490,2.0000,2000.0000,1000.0000,1627.0000,36.0000,-133.0000,-32.0000,2061.0000,-747.0000,4915.0000,-0.0073,0.7683,0.4510,0.4542,116.5600,-13.0400,-90.5500,-7.1700,-2.8500,-8.2400,0.0000,0.0000,-0.0000,1797.0000,1077.0000,1500.0000,2000.0000
219001.5400,2.0000,2000.0000,1000.0000,1627.0000,37.0000,-128.0000,-35.0000,1987.0000,-516.0000,4600.0000,-0.0010,0.7742,0.4581,0.4367,116.3700,-13.1100,-90.7300,-6.8800,-3.3400,-7.9200,0.0000,0.0000,-0.0000,1797.0000,1077.0000,1500.0000,2000.0000
219018.4400,2.0000,2000.0000,1000.0000,1627.0000,34.0000,-127.0000,-35.0000,1986.0000,-434.0000,4738.0000,0.0056,0.7796,0.4649,0.4196,116.3700,-13.1100,-90.7300,-6.8800,-3.3400,-7.9200,0.0000,0.0000,-0.0000,1797.0000,1077.0000,1500.0000,2000.0000
219035.1500,2.0000,2000.0000,1000.0000,1627.0000,29.0000,-120.0000,-38.0000,2040.0000,-546.0000,4916.0000,0.0123,0.7840,0.4716,0.4034,116.1900,-13.1800,-90.9000,-6.6100,-3.7300,-7.6100,0.0000,0.0000,-0.0000,1797.0000,1077.0000,1500.0000,2000.0000
219051.8490,2.0000,2000.0000,1000.0000,1627.0000,24.0000,-113.0000,-37.0000,1977.0000,-683.0000,4473.0000,0.0192,0.7876,0.4782,0.3881,116.0300,-13.2500,-91.0700,-6.3700,-4.0800,-7.2600,0.0000,0.0000,-0.0000,1798.0000,1077.0000,1500.0000,2000.0000
219068.5520,2.0000,2000.0000,1000.0000,1626.0000,25.0000,-117.0000,-39.0000,1995.0000,-872.0000,4615.0000,0.0261,0.7907,0.4847,0.3731,115.8900,-13.3300,-91.2200,-6.1800,-4.3700,-6.9000,0.0000,0.0000,-0.0000,1798.0000,1077.0000,1500.0000,2000.0000
219085.2980,2.0000,2000.0000,1000.0000,1626.0000,26.0000,-115.0000,-42.0000,1988.0000,-604.0000,4341.0000,0.0331,0.7934,0.4910,0.3582,115.7400,-13.4200,-91.3800,-6.0200,-4.6800,-6.5400,0.0000,0.0000,-0.0000,1798.0000,1077.0000,1500.0000,2000.0000
219102.3670,2.0000,2000.0000,1000.0000,1626.0000,27.0000,-118.0000,-45.0000,1982.0000,-363.0000,4114.0000,0.0405,0.7959,0.4977,0.3423,115.5800,-13.5200,-91.5300,-5.8800,-5.0000,-6.2000,0.0000,0.0000,-0.0000,1798.0000,1077.0000,1500.0000,2000.0000
219119.4430,2.0000,2000.0000,1000.0000,1626.0000,30.0000,-117.0000,-46.0000,1990.0000,-824.0000,4066.0000,0.0477,0.7980,0.5046,0.3260,115.5800,-13.5200,-91.5300,-5.8800,-5.0000,-6.2000,0.0000,0.0000,-0.0000,1798.0000,1077.0000,1500.0000,2000.0000
219136.1360,2.0000,2000.0000,1000.0000,1626.0000,28.0000,-118.0000,-45.0000,1911.0000,-724.0000,3782.0000,0.0548,0.7997,0.5113,0.3099,115.4300,-13.6300,-91.6800,-5.7700,-5.2700,-5.8400,0.0000,0.0000,-0.0000,1798.0000,1077.0000,1500.0000,2000.0000
219153.1320,2.0000,2000.0000,1000.0000,1623.0000,32.0000,-122.0000,-47.0000,1894.0000,-956.0000,3756.0000,0.0621,0.8012,0.5182,0.2928,115.3000,-13.7300,-91.8200,-5.6900,-5.4900,-5.4700,0.0000,0.0000,-0.0000,1801.0000,1078.0000,1500.0000,2000.0000
219169.7530,2.0000,2000.0000,1000.0000,1622.0000,36.0000,-122.0000,-46.0000,2039.0000,-692.0000,4080.0000,0.0689,0.8022,0.5249,0.2761,115.1700,-13.8300,-91.9500,-5.6400,-5.6600,-5.1000,0.0000,0.0000,-0.0000,1801.0000,1078.0000,1500.0000,2000.0000
219186.5420,2.0000,2000.0000,1000.0000,1622.0000,42.0000,-135.0000,-48.0000,1964.0000,-656.0000,3853.0000,0.0758,0.8033,0.5316,0.2575,115.0400,-13.9400,-92.0800,-5.5800,-5.8700,-4.7000,0.0000,0.0000,-0.0000,1801.0000,1078.0000,1500.0000,2000.0000
219203.6910,2.0000,2000.0000,1000.0000,1622.0000,43.0000,-136.0000,-48.0000,2005.0000,-951.0000,4182.0000,0.0835,0.8046,0.5381,0.2370,114.8900,-14.0700,-92.2100,-5.5800,-6.1100,-4.2800,0.0000,0.0000,-0.0000,1801.0000,1078.0000,1500.0000,2000.0000
219220.4360,2.0000,2000.0000,1000.0000,1622.0000,43.0000,-140.0000,-47.0000,1888.0000,-547.0000,3634.0000,0.0905,0.8052,0.5443,0.2171,114.8900,-14.0700,-92.2100,-5.5800,-6.1100,-4.2800,0.0000,0.0000,-0.0000,1801.0000,1078.0000,1500.0000,2000.0000
219237.4380,2.0000,2000.0000,1000.0000,1622.0000,41.0000,-138.0000,-44.0000,1910.0000,-478.0000,3726.0000,0.0978,0.8056,0.5503,0.1967,114.7500,-14.2000,-92.3300,-5.5700,-6.3000,-3.8300,0.0000,0.0000,-0.0000,1801.0000,1078.0000,1500.0000,2000.0000
219254.2580,2.0000,2000.0000,1000.0000,1608.0000,43.0000,-144.0000,-44.0000,1884.0000,-522.0000,3760.0000,0.1053,0.8057,0.5557,0.1762,114.6200,-14.3200,-92.4400,-5.5600,-6.4200,-3.4200,0.0000,0.0000,-0.0000,1809.0000,1085.0000,1500.0000,2000.0000
219271.2190,2.0000,2000.0000,1000.0000,1607.0000,47.0000,-156.0000,-44.0000,1804.0000,-916.0000,3889.0000,0.1133,0.8056,0.5608,0.1540,114.5000,-14.4400,-92.5400,-5.5500,-6.5100,-2.9900,0.0000,0.0000,-0.0000,1809.0000,1085.0000,1500.0000,2000.0000
219288.1710,2.0000,2000.0000,1000.0000,1607.0000,47.0000,-155.0000,-42.0000,2009.0000,-917.0000,4680.0000,0.1214,0.8054,0.5651,0.1310,114.3700,-14.5700,-92.6300,-5.5300,-6.7100,-2.4900,0.0000,0.0000,-0.0000,1809.0000,1085.0000,1500.0000,2000.0000
219305.1570,2.0000,2000.0000,1000.0000,1607.0000,51.0000,-151.0000,-42.0000,2089.0000,-717.0000,4862.0000,0.1293,0.8050,0.5689,0.1077,114.2300,-14.7200,-92.7200,-5.4500,-7.0100,-1.9200,0.0000,0.0000,-0.0000,1809.0000,1085.0000,1500.0000,2000.0000
219321.8150,2.0000,2000.0000,1000.0000,1607.0000,54.0000,-156.0000,-41.0000,2072.0000,-621.0000,4831.0000,0.1363,0.8041,0.5723,0.0850,114.2300,-14.7200,-92.7200,-5.4500,-7.0100,-1.9200,0.0000,0.0000,-0.0000,1809.0000,1085.0000,1500.0000,2000.0000
219338.3180,2.0000,2000.0000,1000.0000,1557.0000,56.0000,-156.0000,-41.0000,2078.0000,-760.0000,5032.0000,0.1433,0.8028,0.5755,0.0616,114.1100,-14.8700,-92.7900,-5.3600,-7.2300,-1.3600,0.0000,0.0000,-0.0000,1846.0000,1120.0000,1500.0000,2000.0000
219355.1240,2.0000,2000.0000,1000.0000,1535.0000,51.0000,-156.0000,-38.0000,2113.0000,-826.0000,5369.0000,0.1504,0.8010,0.5782,0.0383,113.9900,-15.0100,-92.8500,-5.2900,-7.4000,-0.7600,0.0000,0.0000,-0.0000,1846.0000,1120.0000,1500.0000,2000.0000
219371.5960,2.0000,2000.0000,1000.0000,1535.0000,55.0000,-154.0000,-36.0000,2065.0000,-841.0000,5395.0000,0.1572,0.7988,0.5805,0.0156,113.8800,-15.1500,-92.9000,-5.2400,-7.5100,-0.1200,0.0000,0.0000,-0.0000,1846.0000,1120.0000,1500.0000,2000.0000
219388.5800,2.0000,2000.0000,1000.0000,1535.0000,61.0000,-149.0000,-35.0000,1973.0000,-643.0000,5151.0000,0.1634,0.7967,0.5819,-0.0080,113.7700,-15.3100,-92.9500,-5.1400,-7.7300,0.5300,0.0000,0.0000,-0.0000,1846.0000,1120.0000,1500.0000,2000.0000
219405.5490,2.0000,2000.0000,1000.0000,1535.0000,69.0000,-149.0000,-36.0000,1943.0000,-881.0000,5324.0000,0.1687,0.7943,0.5827,-0.0317,113.6500,-15.5000,-92.9800,-5.0000,-8.0200,1.1600,0.0000,0.0000,-0.0000,1846.0000,1120.0000,1500.0000,2000.0000
219422.2890,2.0000,2000.0000,1000.0000,1535.0000,75.0000,-145.0000,-36.0000,1901.0000,-1194.0000,5240.0000,0.1726,0.7915,0.5836,-0.0558,113.6500,-15.5000,-92.9800,-5.0000,-8.0200,1.1600,0.0000,0.0000,-0.0000,1846.0000,1120.0000,1500.0000,2000.0000
219439.0520,2.0000,2000.0000,1000.0000,1547.0000,79.0000,-131.0000,-34.0000,1859.0000,-842.0000,4825.0000,0.1752,0.7886,0.5841,-0.0787,113.5500,-15.6800,-93.0000,-4.9300,-8.2400,1.8000,0.0000,0.0000,-0.0000,1824.0000,1130.0000,1500.0000,2000.0000
219455.8510,2.0000,2000.0000,1000.0000,1547.0000,83.0000,-127.0000,-35.0000,1904.0000,-555.0000,4910.0000,0.1768,0.7853,0.5846,-0.1013,113.4500,-15.8500,-93.0100,-4.8700,-8.4100,2.4000,0.0000,0.0000,-0.0000,1824.0000,1130.0000,1500.0000,2000.0000
219472.4860,2.0000,2000.0000,1000.0000,1547.0000,83.0000,-123.0000,-33.0000,1983.0000,-450.0000,5092.0000,0.1778,0.7817,0.5849,-0.1231,113.3600,-16.0100,-93.0100,-4.8000,-8.5300,2.9900,0.0000,0.0000,-0.0000,1824.0000,1130.0000,1500.0000,2000.0000
219489.5160,2.0000,2000.0000,1000.0000,1547.0000,87.0000,-125.0000,-34.0000,1831.0000,-607.0000,4818.0000,0.1780,0.7784,0.5841,-0.1457,113.2700,-16.2000,-93.0000,-4.5700,-8.6500,3.6000,0.0000,0.0000,-0.0000,1824.0000,1130.0000,1500.0000,2000.0000
219506.6050,2.0000,2000.0000,1000.0000,1547.0000,88.0000,-124.0000,-33.0000,1730.0000,-600.0000,4503.0000,0.1779,0.7748,0.5827,-0.1687,113.2000,-16.4000,-92.9900,-4.2800,-8.7600,4.1400,0.0000,0.0000,-0.0000,1824.0000,1130.0000,1500.0000,2000.0000
219523.4500,2.0000,2000.0000,1000.0000,1547.0000,90.0000,-132.0000,-34.0000,1770.0000,-547.0000,4584.0000,0.1781,0.7708,0.5809,-0.1916,113.2000,-16.4000,-92.9900,-4.2800,-8.7600,4.1400,0.0000,0.0000,-0.0000,1824.0000,1130.0000,1500.0000,2000.0000
219540.0170,2.0000,2000.0000,1000.0000,1547.0000,91.0000,-123.0000,-32.0000,1763.0000,-471.0000,4487.0000,0.1778,0.7664,0.5789,-0.2142,113.1300,-16.6000,-92.9600,-4.0400,-8.8400,4.7000,0.0000,0.0000,-0.0000,1824.0000,1130.0000,1500.0000,2000.0000
219556.6360,2.0000,2000.0000,1000.0000,1558.0000,93.0000,-128.0000,-32.0000,1821.0000,-384.0000,4664.0000,0.1773,0.7617,0.5766,-0.2365,113.0800,-16.7800,-92.9300,-3.8400,-8.8800,5.2500,0.0000,0.0000,-0.0000,1816.0000,1127.0000,1500.0000,2000.0000
219573.3850,2.0000,2000.0000,1000.0000,1558.0000,96.0000,-137.0000,-32.0000,1614.0000,-560.0000,4516.0000,0.1769,0.7564,0.5737,-0.2597,113.0300,-16.9500,-92.8800,-3.6700,-8.8800,5.8200,0.0000,0.0000,-0.0000,1816.0000,1127.0000,1500.0000,2000.0000
219590.1220,2.0000,2000.0000,1000.0000,1558.0000,95.0000,-132.0000,-30.0000,1644.0000,-543.0000,4565.0000,0.1763,0.7510,0.5696,-0.2836,112.9900,-17.1500,-92.8200,-3.3500,-8.8700,6.3500,0.0000,0.0000,-0.0000,1816.0000,1127.0000,1500.0000,2000.0000
219607.2320,2.0000,2000.0000,1000.0000,1558.0000,99.0000,-136.0000,-30.0000,1759.0000,-401.0000,4816.0000,0.1755,0.7453,0.5648,-0.3078,112.9900,-17.1500,-92.8200,-3.3500,-8.8700,6.3500,0.0000,0.0000,-0.0000,1816.0000,1127.0000,1500.0000,2000.0000
219623.8840,2.0000,2000.0000,1000.0000,1558.0000,99.0000,-139.0000,-28.0000,1802.0000,-435.0000,5100.0000,0.1746,0.7392,0.5597,-0.3314,112.9700,-17.3500,-92.7600,-2.9200,-8.8400,6.8900,0.0000,0.0000,-0.0000,1816.0000,1127.0000,1500.0000,2000.0000
219640.6240,2.0000,2000.0000,1000.0000,1558.0000,104.0000,-142.0000,-28.0000,1765.0000,-714.0000,5360.0000,0.1736,0.7325,0.5540,-0.3555,112.9600,-17.5400,-92.6800,-2.5700,-8.7700,7.4600,0.0000,0.0000,-0.0000,1816.0000,1127.0000,1500.0000,2000.0000
219657.6700,2.0000,2000.0000,1512.0000,2000.0000,103.0000,-144.0000,-28.0000,1690.0000,-709.0000,5454.0000,0.1726,0.7251,0.5476,-0.3802,112.9600,-17.7200,-92.5900,-2.3400,-8.6600,8.0400,0.0000,0.0000,-0.0000,1055.0000,1067.0000,1500.0000,2000.0000
219674.2380,2.0000,2000.0000,1512.0000,2000.0000,89.0000,-143.0000,-24.0000,1709.0000,-823.0000,5735.0000,0.1722,0.7173,0.5413,-0.4036,112.9500,-17.8800,-92.4800,-2.2000,-8.5300,8.6100,0.0000,0.0000,-0.0000,1055.0000,1067.0000,1500.0000,2000.0000
219691.2250,2.0000,2000.0000,1512.0000,2000.0000,49.0000,-149.0000,-16.0000,1588.0000,-973.0000,6004.0000,0.1746,0.7093,0.5347,-0.4249,112.9700,-18.0700,-92.3600,-1.9400,-8.3700,9.1800,0.0000,0.0000,-0.0000,1055.0000,1067.0000,1500.0000,2000.0000
219708.1020,2.0000,2000.0000,1512.0000,2000.0000,-6.0000,-152.0000,-2.0000,1445.0000,-958.0000,6074.0000,0.1833,0.7000,0.5297,-0.4426,112.9700,-18.0700,-92.3600,-1.9400,-8.3700,9.1800,0.0000,0.0000,-0.0000,1055.0000,1067.0000,1500.0000,2000.0000
219724.9910,2.0000,2000.0000,1512.0000,2000.0000,-52.0000,-146.0000,13.0000,1446.0000,-836.0000,6294.0000,0.1980,0.6901,0.5263,-0.4556,112.9900,-18.2500,-92.2300,-1.6500,-8.1900,9.7000,0.0000,0.0000,-0.0000,1055.0000,1067.0000,1500.0000,2000.0000
219741.9050,2.0000,2000.0000,1163.0000,1899.0000,-89.0000,-139.0000,25.0000,1742.0000,-634.0000,6714.0000,0.2172,0.6802,0.5243,-0.4639,113.0200,-18.4200,-92.0800,-1.3800,-7.9800,10.2000,0.0000,0.0000,-0.0000,1907.0000,1200.0000,1500.0000,2000.0000
219758.8970,2.0000,2000.0000,1000.0000,1394.0000,-114.0000,-134.0000,33.0000,1773.0000,-771.0000,7209.0000,0.2398,0.6701,0.5234,-0.4685,113.0600,-18.5800,-91.9400,-1.1200,-7.7300,10.7200,0.0000,0.0000,-0.0000,1907.0000,1200.0000,1500.0000,2000.0000
219775.6010,2.0000,2000.0000,1000.0000,1394.0000,-110.0000,-124.0000,36.0000,1535.0000,-1185.0000,7380.0000,0.2628,0.6602,0.5227,-0.4710,113.1000,-18.7200,-91.7800,-0.8900,-7.4400,11.2500,0.0000,0.0000,-0.0000,1907.0000,1200.0000,1500.0000,2000.0000
219792.6660,2.0000,2000.0000,1000.0000,1394.0000,-74.0000,-132.0000,33.0000,1337.0000,-1114.0000,6815.0000,0.2838,0.6507,0.5198,-0.4753,113.1600,-18.8900,-91.6200,-0.6100,-7.2000,11.7200,0.0000,0.0000,-0.0000,1907.0000,1200.0000,1500.0000,2000.0000
219809.5920,2.0000,2000.0000,1000.0000,1394.0000,-27.0000,-134.0000,22.0000,1396.0000,-748.0000,6660.0000,0.3002,0.6417,0.5143,-0.4833,113.1600,-18.8900,-91.6200,-0.6100,-7.2000,11.7200,0.0000,0.0000,-0.0000,1907.0000,1200.0000,1500.0000,2000.0000
219826.5190,2.0000,2000.0000,1000.0000,1394.0000,33.0000,-129.0000,8.0000,1385.0000,-489.0000,6771.0000,0.3104,0.6340,0.5059,-0.4958,113.2300,-19.0600,-91.4500,-0.2800,-7.0000,12.1400,0.0000,0.0000,-0.0000,1907.0000,1200.0000,1500.0000,2000.0000
219843.1980,2.0000,2000.0000,1000.0000,1394.0000,85.0000,-121.0000,-4.0000,1377.0000,-518.0000,7110.0000,0.3137,0.6281,0.4949,-0.5120,113.3000,-19.2100,-91.2800,0.0300,-6.8000,12.5500,0.0000,0.0000,-0.0000,1907.0000,1200.0000,1500.0000,2000.0000
219859.9910,2.0000,2000.0000,1473.0000,2000.0000,124.0000,-106.0000,-14.0000,1464.0000,-587.0000,7569.0000,0.3108,0.6242,0.4820,-0.5305,113.3800,-19.3600,-91.1000,0.3000,-6.5600,12.9400,0.0000,0.0000,-0.0000,1083.0000,1056.0000,1500.0000,2000.0000
219876.9610,2.0000,2000.0000,1473.0000,2000.0000,151.0000,-92.0000,-23.0000,1280.0000,-617.0000,7128.0000,0.3028,0.6217,0.4675,-0.5507,113.4600,-19.4900,-90.9100,0.4900,-6.3200,13.3200,0.0000,0.0000,-0.0000,1083.0000,1056.0000,1500.0000,2000.0000
219893.9190,2.0000,2000.0000,1473.0000,2000.0000,156.0000,-84.0000,-30.0000,1124.0000,-614.0000,6455.0000,0.2912,0.6203,0.4523,-0.5708,113.5500,-19.6500,-90.7200,0.6600,-6.2200,13.6000,0.0000,0.0000,-0.0000,1083.0000,1056.0000,1500.0000,2000.0000
219910.9990,2.0000,2000.0000,1473.0000,2000.0000,106.0000,-84.0000,-31.0000,1112.0000,-813.0000,6321.0000,0.2809,0.6174,0.4392,-0.5890,113.5500,-19.6500,-90.7200,0.6600,-6.2200,13.6000,0.0000,0.0000,-0.0000,1083.0000,1056.0000,1500.0000,2000.0000
219927.7190,2.0000,2000.0000,1473.0000,2000.0000,33.0000,-92.0000,-24.0000,856.0000,-749.0000,5494.0000,0.2770,0.6114,0.4312,-0.6029,113.6400,-19.8100,-90.5200,0.7900,-6.2100,13.8300,0.0000,0.0000,-0.0000,1083.0000,1056.0000,1500.0000,2000.0000
219944.5580,2.0000,2000.0000,1445.0000,2000.0000,-37.0000,-107.0000,-13.0000,888.0000,-643.0000,5223.0000,0.2811,0.6019,0.4282,-0.6126,113.7300,-19.9700,-90.3300,0.8900,-6.2300,14.0100,0.0000,0.0000,-0.0000,1152.0000,1097.0000,1500.0000,2000.0000
219961.2300,2.0000,2000.0000,1445.0000,2000.0000,-88.0000,-120.0000,-3.0000,888.0000,-502.0000,5408.0000,0.2923,0.5890,0.4292,-0.6192,113.8200,-20.1200,-90.1300,1.0100,-6.2700,14.1900,0.0000,0.0000,-0.0000,1152.0000,1097.0000,1500.0000,2000.0000
219978.5410,2.0000,2000.0000,1445.0000,2000.0000,-122.0000,-128.0000,7.0000,1014.0000,-495.0000,6277.0000,0.3090,0.5733,0.4325,-0.6236,113.9000,-20.2600,-89.9400,1.1200,-6.2600,14.3700,0.0000,0.0000,-0.0000,1152.0000,1097.0000,1500.0000,2000.0000
219995.2150,2.0000,2000.0000,1445.0000,2000.0000,-136.0000,-135.0000,10.0000,1062.0000,-737.0000,7303.0000,0.3277,0.5565,0.4366,-0.6264,113.9800,-20.4400,-89.7300,1.0300,-6.2200,14.5800,0.0000,0.0000,-0.0000,1152.0000,1097.0000,1500.0000,2000.0000
220011.9160,2.0000,2000.0000,1445.0000,2000.0000,-149.0000,-134.0000,15.0000,1147.0000,-1023.0000,8367.0000,0.3479,0.5386,0.4412,-0.6278,113.9800,-20.4400,-89.7300,1.0300,-6.2200,14.5800,0.0000,0.0000,-0.0000,1152.0000,1097.0000,1500.0000,2000.0000
220028.5930,2.0000,2000.0000,1445.0000,2000.0000,-153.0000,-132.0000,18.0000,1120.0000,-1028.0000,8709.0000,0.3688,0.5201,0.4459,-0.6282,114.0500,-20.6200,-89.5100,0.8500,-6.0500,14.7600,0.0000,0.0000,-0.0000,1152.0000,1097.0000,1500.0000,2000.0000
220045.3890,2.0000,2000.0000,1445.0000,2000.0000,-158.0000,-128.0000,20.0000,1080.0000,-732.0000,8498.0000,0.3898,0.5013,0.4508,-0.6273,114.1100,-20.7800,-89.2800,0.6600,-5.7700,14.9100,0.0000,0.0000,-0.0000,1152.0000,1097.0000,1500.0000,2000.0000
220062.3620,2.0000,2000.0000,1000.0000,1564.0000,-161.0000,-122.0000,24.0000,1095.0000,-836.0000,8868.0000,0.4109,0.4824,0.4558,-0.6251,114.1600,-20.9200,-89.0500,0.5400,-5.4400,15.0500,0.0000,0.0000,-0.0000,1839.0000,1098.0000,1500.0000,2000.0000
220079.2230,2.0000,2000.0000,1000.0000,1564.0000,-161.0000,-121.0000,25.0000,1126.0000,-806.0000,9417.0000,0.4319,0.4634,0.4609,-0.6216,114.2000,-21.0500,-88.8000,0.4400,-5.0400,15.1500,0.0000,0.0000,-0.0000,1839.0000,1098.0000,1500.0000,2000.0000
220095.8340,2.0000,2000.0000,1000.0000,1564.0000,-135.0000,-127.0000,21.0000,1099.0000,-1124.0000,9264.0000,0.4515,0.4447,0.4645,-0.6186,114.2300,-21.1900,-88.5500,0.2800,-4.6100,15.2400,0.0000,0.0000,-0.0000,1839.0000,1098.0000,1500.0000,2000.0000
220112.5810,2.0000,2000.0000,1000.0000,1564.0000,-86.0000,-133.0000,12.0000,1067.0000,-1040.0000,8980.0000,0.4684,0.4270,0.4645,-0.6185,114.2300,-21.1900,-88.5500,0.2800,-4.6100,15.2400,0.0000,0.0000,-0.0000,1839.0000,1098.0000,1500.0000,2000.0000
220129.4730,2.0000,2000.0000,1000.0000,1564.0000,-26.0000,-138.0000,-3.0000,1019.0000,-1016.0000,8783.0000,0.4811,0.4113,0.4594,-0.6231,114.2600,-21.3300,-88.2900,0.1400,-4.2200,15.2900,0.0000,0.0000,-0.0000,1839.0000,1098.0000,1500.0000,2000.0000
220146.3450,2.0000,2000.0000,1064.0000,1936.0000,23.0000,-148.0000,-20.0000,1085.0000,-1025.0000,9481.0000,0.4893,0.3974,0.4499,-0.6327,114.2900,-21.4500,-88.0400,0.0500,-3.8700,15.3000,0.0000,0.0000,-0.0000,1502.0000,1063.0000,1500.0000,2000.0000
220163.1160,2.0000,2000.0000,1063.0000,1937.0000,54.0000,-148.0000,-32.0000,1084.0000,-837.0000,9585.0000,0.4938,0.3851,0.4367,-0.6459,114.3100,-21.5600,-87.7800,-0.0200,-3.5000,15.2700,0.0000,0.0000,-0.0000,1502.0000,1063.0000,1500.0000,2000.0000
220180.0500,2.0000,2000.0000,1063.0000,1937.0000,71.0000,-159.0000,-37.0000,1053.0000,-815.0000,9657.0000,0.4962,0.3729,0.4210,-0.6614,114.3300,-21.6600,-87.5200,-0.0900,-3.1200,15.2000,0.0000,0.0000,-0.0000,1502.0000,1063.0000,1500.0000,2000.0000
220196.9080,2.0000,2000.0000,1063.0000,1937.0000,55.0000,-170.0000,-37.0000,968.0000,-945.0000,10059.0000,0.4987,0.3593,0.4046,-0.6771,114.3400,-21.7700,-87.2600,-0.2200,-2.7300,15.0700,0.0000,0.0000,-0.0000,1502.0000,1063.0000,1500.0000,2000.0000
220213.6280,2.0000,2000.0000,1063.0000,1937.0000,32.0000,-174.0000,-29.0000,911.0000,-1226.0000,11036.0000,0.5031,0.3433,0.3892,-0.6911,114.3400,-21.7700,-87.2600,-0.2200,-2.7300,15.0700,0.0000,0.0000,-0.0000,1502.0000,1063.0000,1500.0000,2000.0000
220230.7050,2.0000,2000.0000,1063.0000,1937.0000,23.0000,-177.0000,-19.0000,1069.0000,-1573.0000,12395.0000,0.5093,0.3256,0.3745,-0.7031,114.3500,-21.8700,-87.0000,-0.3800,-2.3000,14.8400,0.0000,0.0000,-0.0000,1502.0000,1063.0000,1500.0000,2000.0000
220247.5910,2.0000,2000.0000,1539.0000,2000.0000,15.0000,-171.0000,-10.0000,1358.0000,-1753.0000,13580.0000,0.5166,0.3079,0.3600,-0.7133,114.3600,-21.9600,-86.7400,-0.5900,-1.7700,14.4700,0.0000,0.0000,-0.0000,1028.0000,1090.0000,1500.0000,2000.0000
220264.3710,2.0000,2000.0000,1562.0000,2000.0000,4.0000,-161.0000,-1.0000,1371.0000,-1672.0000,14185.0000,0.5243,0.2908,0.3466,-0.7214,114.3600,-22.0200,-86.5000,-0.8000,-1.1500,14.0000,0.0000,0.0000,-0.0000,1028.0000,1090.0000,1500.0000,2000.0000
220281.2490,2.0000,2000.0000,1562.0000,2000.0000,-9.0000,-156.0000,5.0000,1373.0000,-1808.0000,14336.0000,0.5328,0.2736,0.3344,-0.7276,114.3600,-22.0800,-86.2600,-1.0000,-0.5100,13.4200,0.0000,0.0000,-0.0000,1028.0000,1090.0000,1500.0000,2000.0000
220298.1470,2.0000,2000.0000,1562.0000,2000.0000,-46.0000,-138.0000,15.0000,1308.0000,-1534.0000,14534.0000,0.5421,0.2559,0.3251,-0.7314,114.3500,-22.1200,-86.0300,-1.1500,0.1500,12.7600,0.0000,0.0000,-0.0000,1028.0000,1090.0000,1500.0000,2000.0000
220315.1020,2.0000,2000.0000,1562.0000,2000.0000,-96.0000,-110.0000,25.0000,1229.0000,-1481.0000,14681.0000,0.5529,0.2377,0.3220,-0.7309,114.3500,-22.1200,-86.0300,-1.1500,0.1500,12.7600,0.0000,0.0000,-0.0000,1028.0000,1090.0000,1500.0000,2000.0000
220331.9970,2.0000,2000.0000,1562.0000,2000.0000,-141.0000,-78.0000,32.0000,1130.0000,-1270.0000,14262.0000,0.5646,0.2189,0.3261,-0.7259,114.3400,-22.1500,-85.8100,-1.2300,0.8200,12.0300,0.0000,0.0000,-0.0000,1028.0000,1090.0000,1500.0000,2000.0000
220349.0070,2.0000,2000.0000,1000.0000,1586.0000,-181.0000,-35.0000,37.0000,997.0000,-1194.0000,13061.0000,0.5763,0.2006,0.3379,-0.7166,114.3300,-22.1700,-85.6000,-1.2300,1.4200,11.2900,0.0000,0.0000,-0.0000,1825.0000,1091.0000,1500.0000,2000.0000
220365.7400,2.0000,2000.0000,1000.0000,1585.0000,-202.0000,-10.0000,41.0000,792.0000,-1023.0000,10900.0000,0.5868,0.1839,0.3553,-0.7040,114.3200,-22.1800,-85.4100,-1.1400,1.8900,10.6200,0.0000,0.0000,-0.0000,1825.0000,1091.0000,1500.0000,2000.0000
220382.7770,2.0000,2000.0000,1000.0000,1585.0000,-196.0000,-20.0000,45.0000,560.0000,-862.0000,8262.0000,0.5974,0.1671,0.3741,-0.6894,114.3200,-22.1800,-85.2400,-0.9900,2.1000,10.1300,0.0000,0.0000,-0.0000,1825.0000,1091.0000,1500.0000,2000.0000
220399.5490,2.0000,2000.0000,1000.0000,1585.0000,-154.0000,-50.0000,38.0000,341.0000,-690.0000,6629.0000,0.6077,0.1504,0.3877,-0.6765,114.3200,-22.2000,-85.0800,-0.8200,2.1000,9.8100,0.0000,0.0000,-0.0000,1825.0000,1091.0000,1500.0000,2000.0000
220416.5860,2.0000,2000.0000,1000.0000,1585.0000,-82.0000,-83.0000,19.0000,251.0000,-526.0000,6232.0000,0.6172,0.1345,0.3926,-0.6685,114.3200,-22.2000,-85.0800,-0.8200,2.1000,9.8100,0.0000,0.0000,-0.0000,1825.0000,1091.0000,1500.0000,2000.0000
220433.2790,2.0000,2000.0000,1000.0000,1585.0000,-17.0000,-111.0000,-5.0000,285.0000,-504.0000,7168.0000,0.6242,0.1212,0.3886,-0.6669,114.3200,-22.2200,-84.9300,-0.6400,1.9400,9.5700,0.0000,0.0000,-0.0000,1825.0000,1091.0000,1500.0000,2000.0000
220450.0430,2.0000,2000.0000,1097.0000,1119.0000,41.0000,-139.0000,-26.0000,400.0000,-726.0000,8319.0000,0.6297,0.1088,0.3759,-0.6711,114.3400,-22.2600,-84.7900,-0.4200,1.7600,9.2900,0.0000,0.0000,-0.0000,1894.0000,1488.0000,1500.0000,2000.0000
220466.9130,2.0000,2000.0000,1096.0000,1118.0000,76.0000,-152.0000,-43.0000,559.0000,-779.0000,9334.0000,0.6334,0.0976,0.3571,-0.6795,114.3500,-22.3000,-84.6600,-0.1900,1.6400,8.8900,0.0000,0.0000,-0.0000,1894.0000,1488.0000,1500.0000,2000.0000
220483.8410,2.0000,2000.0000,1096.0000,1118.0000,126.0000,-139.0000,-52.0000,740.0000,-1037.0000,10645.0000,0.6350,0.0897,0.3339,-0.6908,114.3700,-22.3400,-84.5400,0.0300,1.6100,8.3800,0.0000,0.0000,-0.0000,1894.0000,1488.0000,1500.0000,2000.0000
220500.7370,2.0000,2000.0000,1096.0000,1118.0000,192.0000,-93.0000,-54.0000,771.0000,-1324.0000,11622.0000,0.6332,0.0899,0.3071,-0.7048,114.3700,-22.3400,-84.5400,0.0300,1.6100,8.3800,0.0000,0.0000,-0.0000,1894.0000,1488.0000,1500.0000,2000.0000
220517.7450,2.0000,2000.0000,1096.0000,1118.0000,276.0000,-23.0000,-46.0000,604.0000,-1286.0000,11486.0000,0.6272,0.1036,0.2770,-0.7205,114.3800,-22.3600,-84.4200,-0.0300,1.9100,7.7300,0.0000,0.0000,-0.0000,1894.0000,1488.0000,1500.0000,2000.0000
220534.3010,2.0000,2000.0000,1096.0000,1118.0000,364.0000,32.0000,-38.0000,382.0000,-1335.0000,9749.0000,0.6176,0.1305,0.2449,-0.7359,114.3800,-22.3900,-84.3200,-0.1500,2.1600,7.0000,0.0000,0.0000,-0.0000,1894.0000,1488.0000,1500.0000,2000.0000
220551.1690,2.0000,2000.0000,2000.0000,1698.0000,445.0000,68.0000,-34.0000,46.0000,-827.0000,6528.0000,0.6033,0.1716,0.2055,-0.7513,114.3700,-22.4200,-84.2400,-0.4200,2.2200,6.3600,0.0000,0.0000,-0.0000,1047.0000,1756.0000,1500.0000,2000.0000
220567.7510,2.0000,2000.0000,2000.0000,1698.0000,488.0000,117.0000,-27.0000,-159.0000,-459.0000,3193.0000,0.5843,0.2215,0.1627,-0.7636,114.3700,-22.4600,-84.1800,-0.7700,1.9800,6.0100,0.0000,0.0000,-0.0000,1047.0000,1756.0000,1500.0000,2000.0000
220584.6540,2.0000,2000.0000,2000.0000,1698.0000,443.0000,135.0000,-20.0000,227.0000,-208.0000,648.0000,0.5618,0.2760,0.1212,-0.7704,114.3500,-22.5200,-84.1400,-1.1100,1.5200,5.9600,0.0000,0.0000,-0.0000,1047.0000,1756.0000,1500.0000,2000.0000
220601.4670,2.0000,2000.0000,2000.0000,1698.0000,314.0000,147.0000,-1.0000,395.0000,-216.0000,-1440.0000,0.5416,0.3231,0.0904,-0.7707,114.3500,-22.5200,-84.1400,-1.1100,1.5200,5.9600,0.0000,0.0000,-0.0000,1047.0000,1756.0000,1500.0000,2000.0000
220618.2050,2.0000,2000.0000,2000.0000,1698.0000,143.0000,146.0000,21.0000,476.0000,-295.0000,-3348.0000,0.5294,0.3574,0.0753,-0.7657,114.3100,-22.5100,-84.0600,-1.3900,1.8600,6.1500,0.0000,0.0000,-0.0000,1047.0000,1756.0000,1500.0000,2000.0000
220634.7830,2.0000,2000.0000,2000.0000,1698.0000,-54.0000,142.0000,45.0000,-47.0000,-75.0000,-4826.0000,0.5292,0.3768,0.0799,-0.7560,114.2800,-22.4900,-83.9900,-1.5300,2.0700,6.5100,0.0000,0.0000,-0.0000,1047.0000,1756.0000,1500.0000,2000.0000
220651.4350,2.0000,2000.0000,1713.0000,1629.0000,-200.0000,146.0000,66.0000,-539.0000,51.0000,-4976.0000,0.5408,0.3824,0.1023,-0.7422,114.2400,-22.4700,-83.9100,-1.5500,2.1200,6.8400,0.0000,0.0000,-0.0000,1355.0000,1523.0000,1500.0000,2000.0000
220668.1060,2.0000,2000.0000,1665.0000,1623.0000,-305.0000,156.0000,75.0000,-120.0000,482.0000,-5569.0000,0.5599,0.3792,0.1379,-0.7237,114.2000,-22.4600,-83.8300,-1.5200,2.1000,7.1300,0.0000,0.0000,-0.0000,1355.0000,1523.0000,1500.0000,2000.0000
220684.8500,2.0000,2000.0000,1665.0000,1623.0000,-361.0000,154.0000,70.0000,132.0000,872.0000,-6574.0000,0.5822,0.3692,0.1821,-0.7012,114.1700,-22.4400,-83.7500,-1.4600,2.0200,7.4600,0.0000,0.0000,-0.0000,1355.0000,1523.0000,1500.0000,2000.0000
220701.6560,2.0000,2000.0000,1665.0000,1623.0000,-375.0000,129.0000,57.0000,-11.0000,1154.0000,-7420.0000,0.6041,0.3528,0.2287,-0.6769,114.1700,-22.4400,-83.7500,-1.4600,2.0200,7.4600,0.0000,0.0000,-0.0000,1355.0000,1523.0000,1500.0000,2000.0000
220718.6060,2.0000,2000.0000,1665.0000,1623.0000,-356.0000,89.0000,37.0000,-290.0000,1284.0000,-7989.0000,0.6233,0.3318,0.2725,-0.6536,114.1300,-22.3400,-83.6500,-1.4000,2.3500,7.7800,0.0000,0.0000,-0.0000,1355.0000,1523.0000,1500.0000,2000.0000
220735.5270,2.0000,2000.0000,1665.0000,1623.0000,-321.0000,48.0000,13.0000,-203.0000,1621.0000,-6985.0000,0.6385,0.3082,0.3097,-0.6335,114.0900,-22.2500,-83.5600,-1.3800,2.4600,8.1300,0.0000,0.0000,-0.0000,1355.0000,1523.0000,1500.0000,2000.0000
220752.4210,2.0000,2000.0000,1000.0000,1611.0000,-310.0000,22.0000,-15.0000,-66.0000,1543.0000,-3807.0000,0.6502,0.2813,0.3416,-0.6176,114.0500,-22.1700,-83.4700,-1.4100,2.5500,8.4700,0.0000,0.0000,-0.0000,1810.0000,1080.0000,1500.0000,2000.0000
220769.1660,2.0000,2000.0000,1000.0000,1611.0000,-304.0000,18.0000,-43.0000,33.0000,1113.0000,-445.0000,0.6582,0.2521,0.3716,-0.6043,114.0100,-22.0800,-83.4000,-1.4900,2.9500,8.7200,0.0000,0.0000,-0.0000,1810.0000,1080.0000,1500.0000,2000.0000
220786.2120,2.0000,2000.0000,1000.0000,1611.0000,-282.0000,25.0000,-70.0000,-266.0000,1155.0000,896.0000,0.6617,0.2222,0.4020,-0.5926,113.9700,-21.9800,-83.3200,-1.5700,3.6000,8.8300,0.0000,0.0000,-0.0000,1810.0000,1080.0000,1500.0000,2000.0000
220803.2080,2.0000,2000.0000,1000.0000,1611.0000,-233.0000,27.0000,-91.0000,-196.0000,990.0000,465.0000,0.6609,0.1942,0.4301,-0.5836,113.9700,-21.9800,-83.3200,-1.5700,3.6000,8.8300,0.0000,0.0000,-0.0000,1810.0000,1080.0000,1500.0000,2000.0000
220819.9050,2.0000,2000.0000,1000.0000,1611.0000,-158.0000,-1.0000,-109.0000,6.0000,516.0000,-320.0000,0.6568,0.1701,0.4505,-0.5803,113.9200,-21.7900,-83.2200,-1.6000,4.5600,9.1500,0.0000,0.0000,-0.0000,1810.0000,1080.0000,1500.0000,2000.0000
220836.5300,2.0000,2000.0000,1000.0000,1611.0000,-66.0000,-49.0000,-131.0000,-83.0000,357.0000,-295.0000,0.6510,0.1492,0.4605,-0.5847,113.8700,-21.6000,-83.0900,-1.7000,5.3500,9.4900,0.0000,0.0000,-0.0000,1810.0000,1080.0000,1500.0000,2000.0000
220853.6510,2.0000,2000.0000,1073.0000,1051.0000,17.0000,-97.0000,-148.0000,-345.0000,-87.0000,1200.0000,0.6444,0.1306,0.4586,-0.5978,113.8200,-21.4000,-82.9500,-1.8300,6.1200,9.8300,0.0000,0.0000,-0.0000,1939.0000,1513.0000,1500.0000,2000.0000
220870.2730,2.0000,2000.0000,1073.0000,1051.0000,90.0000,-134.0000,-154.0000,-234.0000,-761.0000,4432.0000,0.6381,0.1148,0.4455,-0.6174,113.7700,-21.1800,-82.8000,-1.9300,7.0200,10.0800,0.0000,0.0000,-0.0000,1939.0000,1513.0000,1500.0000,2000.0000
220887.3360,2.0000,2000.0000,1073.0000,1051.0000,174.0000,-134.0000,-149.0000,-88.0000,-1676.0000,7783.0000,0.6309,0.1041,0.4229,-0.6421,113.7200,-20.9400,-82.6400,-1.9400,8.1100,10.1000,0.0000,0.0000,-0.0000,1939.0000,1513.0000,1500.0000,2000.0000
220904.1110,2.0000,2000.0000,1073.0000,1051.0000,283.0000,-96.0000,-120.0000,135.0000,-2711.0000,11247.0000,0.6218,0.1057,0.3918,-0.6698,113.7200,-20.9400,-82.6400,-1.9400,8.1100,10.1000,0.0000,0.0000,-0.0000,1939.0000,1513.0000,1500.0000,2000.0000
220920.8280,2.0000,2000.0000,1073.0000,1051.0000,406.0000,-41.0000,-83.0000,159.0000,-3454.0000,12811.0000,0.6103,0.1236,0.3532,-0.6983,113.6600,-20.6000,-82.4300,-1.9100,9.6200,9.8700,0.0000,0.0000,-0.0000,1939.0000,1513.0000,1500.0000,2000.0000
220937.5170,2.0000,2000.0000,1649.0000,1345.0000,532.0000,31.0000,-37.0000,-41.0000,-3251.0000,11840.0000,0.5952,0.1618,0.3047,-0.7258,113.6000,-20.2400,-82.2300,-1.9800,11.0900,9.3500,0.0000,0.0000,-0.0000,1044.0000,1803.0000,1500.0000,2000.0000
220954.3130,2.0000,2000.0000,2000.0000,1654.0000,597.0000,103.0000,10.0000,-267.0000,-2654.0000,9464.0000,0.5759,0.2173,0.2490,-0.7478,113.5400,-19.8800,-82.0300,-2.2100,12.2600,8.7900,0.0000,0.0000,-0.0000,1044.0000,1803.0000,1500.0000,2000.0000
220971.2100,2.0000,2000.0000,2000.0000,1654.0000,620.0000,173.0000,51.0000,-272.0000,-2128.0000,5704.0000,0.5528,0.2852,0.1913,-0.7593,113.4700,-19.5200,-81.8400,-2.5500,13.0200,8.4100,0.0000,0.0000,-0.0000,1044.0000,1803.0000,1500.0000,2000.0000
220988.3290,2.0000,2000.0000,2000.0000,1654.0000,550.0000,210.0000,89.0000,-230.0000,-1224.0000,880.0000,0.5282,0.3566,0.1368,-0.7584,113.3800,-19.0700,-81.6200,-2.9100,13.5200,8.4200,0.0000,0.0000,-0.0000,1044.0000,1803.0000,1500.0000,2000.0000
221005.1670,2.0000,2000.0000,2000.0000,1654.0000,393.0000,213.0000,123.0000,-324.0000,-734.0000,-4450.0000,0.5097,0.4182,0.0951,-0.7458,113.3800,-19.0700,-81.6200,-2.9100,13.5200,8.4200,0.0000,0.0000,-0.0000,1044.0000,1803.0000,1500.0000,2000.0000
221022.0190,2.0000,2000.0000,2000.0000,1654.0000,182.0000,185.0000,157.0000,-16.0000,-204.0000,-8929.0000,0.5041,0.4632,0.0702,-0.7255,113.2900,-18.6600,-81.4000,-2.9600,13.6100,8.7800,0.0000,0.0000,-0.0000,1044.0000,1803.0000,1500.0000,2000.0000
221038.7190,2.0000,2000.0000,1892.0000,1960.0000,-31.0000,145.0000,177.0000,136.0000,393.0000,-11191.0000,0.5153,0.4871,0.0632,-0.7022,113.2100,-18.2600,-81.1700,-2.6200,13.4000,9.2400,0.0000,0.0000,-0.0000,1075.0000,1448.0000,1500.0000,2000.0000
221055.5650,2.0000,2000.0000,1874.0000,1976.0000,-167.0000,88.0000,179.0000,-319.0000,958.0000,-10640.0000,0.5396,0.4928,0.0690,-0.6792,113.1400,-17.9000,-80.9600,-2.0700,13.0500,9.7200,0.0000,0.0000,-0.0000,1075.0000,1448.0000,1500.0000,2000.0000
221072.0600,2.0000,2000.0000,1874.0000,1976.0000,-273.0000,56.0000,170.0000,-625.0000,1420.0000,-8844.0000,0.5708,0.4842,0.0833,-0.6578,113.0900,-17.5700,-80.7700,-1.6200,12.7200,9.9000,0.0000,0.0000,-0.0000,1075.0000,1448.0000,1500.0000,2000.0000
221088.9630,2.0000,2000.0000,1874.0000,1976.0000,-355.0000,-1.0000,153.0000,-540.0000,1748.0000,-6872.0000,0.6075,0.4619,0.1043,-0.6378,113.0500,-17.2500,-80.6000,-1.3800,12.5100,10.0300,0.0000,0.0000,-0.0000,1075.0000,1448.0000,1500.0000,2000.0000
221105.9430,2.0000,2000.0000,1874.0000,1976.0000,-455.0000,-27.0000,119.0000,-738.0000,1827.0000,-3921.0000,0.6469,0.4251,0.1318,-0.6192,113.0500,-17.2500,-80.6000,-1.3800,12.5100,10.0300,0.0000,0.0000,-0.0000,1075.0000,1448.0000,1500.0000,2000.0000
221123.1600,2.0000,2000.0000,1874.0000,1976.0000,-536.0000,-40.0000,72.0000,-931.0000,2137.0000,223.0000,0.6861,0.3742,0.1678,-0.6009,112.9700,-16.8600,-80.4300,-1.5300,12.5700,10.1100,0.0000,0.0000,-0.0000,1075.0000,1448.0000,1500.0000,2000.0000
221139.9070,2.0000,2000.0000,1874.0000,1976.0000,-581.0000,-34.0000,34.0000,-563.0000,2132.0000,5204.0000,0.7197,0.3140,0.2096,-0.5827,112.9000,-16.5000,-80.2700,-1.7900,12.8400,10.1700,0.0000,0.0000,-0.0000,1075.0000,1448.0000,1500.0000,2000.0000
221156.6520,2.0000,2000.0000,1000.0000,1480.0000,-605.0000,31.0000,-5.0000,-70.0000,1523.0000,9475.0000,0.7453,0.2505,0.2583,-0.5614,112.8300,-16.1500,-80.1000,-2.0600,13.4100,10.0500,0.0000,0.0000,-0.0000,1887.0000,1139.0000,1500.0000,2000.0000
221173.3520,2.0000,2000.0000,1000.0000,1475.0000,-594.0000,101.0000,-50.0000,116.0000,1600.0000,10987.0000,0.7595,0.1879,0.3143,-0.5376,112.7500,-15.7900,-79.9200,-2.1900,14.2200,9.8200,0.0000,0.0000,-0.0000,1887.0000,1139.0000,1500.0000,2000.0000
221190.5720,2.0000,2000.0000,1000.0000,1475.0000,-550.0000,172.0000,-90.0000,-98.0000,1429.0000,9789.0000,0.7602,0.1293,0.3767,-0.5133,112.6500,-15.3600,-79.7200,-2.1600,15.0500,9.5500,0.0000,0.0000,-0.0000,1887.0000,1139.0000,1500.0000,2000.0000
221207.1850,2.0000,2000.0000,1000.0000,1475.0000,-459.0000,210.0000,-124.0000,-35.0000,1103.0000,6818.0000,0.7484,0.0815,0.4366,-0.4926,112.6500,-15.3600,-79.7200,-2.1600,15.0500,9.5500,0.0000,0.0000,-0.0000,1887.0000,1139.0000,1500.0000,2000.0000
221223.8380,2.0000,2000.0000,1000.0000,1475.0000,-320.0000,208.0000,-153.0000,42.0000,583.0000,2765.0000,0.7278,0.0450,0.4883,-0.4794,112.5600,-14.9400,-79.5100,-2.1200,15.5700,9.4900,0.0000,0.0000,-0.0000,1887.0000,1139.0000,1500.0000,2000.0000
221240.5030,2.0000,2000.0000,1000.0000,1475.0000,-159.0000,175.0000,-178.0000,-125.0000,412.0000,-1530.0000,0.7035,0.0211,0.5254,-0.4781,112.4700,-14.5400,-79.2900,-2.2900,15.7800,9.7100,0.0000,0.0000,-0.0000,1887.0000,1139.0000,1500.0000,2000.0000
221257.5550,2.0000,2000.0000,1009.0000,1263.0000,-19.0000,119.0000,-197.0000,-539.0000,272.0000,-5585.0000,0.6789,0.0070,0.5471,-0.4897,112.3800,-14.1600,-79.0600,-2.7900,15.6900,10.1200,0.0000,0.0000,-0.0000,1865.0000,1372.0000,1500.0000,2000.0000
221274.2710,2.0000,2000.0000,1009.0000,1263.0000,96.0000,64.0000,-204.0000,-696.0000,-165.0000,-7196.0000,0.6572,0.0010,0.5530,-0.5121,112.2800,-13.7900,-78.8200,-3.5000,15.4100,10.6100,0.0000,0.0000,-0.0000,1865.0000,1372.0000,1500.0000,2000.0000
221291.0450,2.0000,2000.0000,1009.0000,1263.0000,210.0000,19.0000,-199.0000,-638.0000,-1020.0000,-5715.0000,0.6386,0.0021,0.5449,-0.5434,112.2800,-13.7900,-78.8200,-3.5000,15.4100,10.6100,0.0000,0.0000,-0.0000,1865.0000,1372.0000,1500.0000,2000.0000
221307.7230,2.0000,2000.0000,1009.0000,1263.0000,292.0000,-11.0000,-184.0000,-755.0000,-1626.0000,-3600.0000,0.6225,0.0107,0.5244,-0.5809,112.1500,-13.3700,-78.5600,-4.1800,15.2500,10.9600,0.0000,0.0000,-0.0000,1865.0000,1372.0000,1500.0000,2000.0000
221324.4090,2.0000,2000.0000,1009.0000,1263.0000,386.0000,-38.0000,-148.0000,-594.0000,-2737.0000,-1263.0000,0.6090,0.0263,0.4930,-0.6207,112.0200,-12.9700,-78.3000,-4.6500,15.2300,11.2400,0.0000,0.0000,-0.0000,1865.0000,1372.0000,1500.0000,2000.0000
221341.0880,2.0000,2000.0000,1009.0000,1263.0000,468.0000,-78.0000,-99.0000,-604.0000,-3510.0000,2131.0000,0.5998,0.0493,0.4487,-0.6607,111.8900,-12.6000,-78.0500,-4.9700,15.3500,11.4000,0.0000,0.0000,-0.0000,1865.0000,1372.0000,1500.0000,2000.0000
221358.0340,2.0000,1953.0000,2000.0000,1866.0000,529.0000,-87.0000,-53.0000,-228.0000,-3509.0000,6704.0000,0.5934,0.0799,0.3913,-0.6988,111.7600,-12.2500,-77.7900,-5.1300,15.6600,11.3300,0.0000,0.0000,-0.0000,1035.0000,1601.0000,1500.0000,1956.0000
221374.8180,2.0000,1953.0000,2000.0000,1866.0000,523.0000,-78.0000,7.0000,130.0000,-3274.0000,10044.0000,0.5885,0.1159,0.3286,-0.7295,111.6400,-11.8800,-77.5400,-5.0900,16.2300,10.9600,0.0000,0.0000,-0.0000,1035.0000,1601.0000,1500.0000,1956.0000
221391.7720,2.0000,1953.0000,2000.0000,1866.0000,417.0000,-70.0000,64.0000,453.0000,-3139.0000,12011.0000,0.5871,0.1501,0.2694,-0.7485,111.6400,-11.8800,-77.5400,-5.0900,16.2300,10.9600,0.0000,0.0000,-0.0000,1035.0000,1601.0000,1500.0000,1956.0000
221408.5470,2.0000,1953.0000,2000.0000,1866.0000,264.0000,-65.0000,121.0000,687.0000,-2692.0000,13317.0000,0.5921,0.1749,0.2239,-0.7541,111.5200,-11.4500,-77.2800,-4.9400,16.9100,10.4100,0.0000,0.0000,-0.0000,1035.0000,1601.0000,1500.0000,1956.0000
221425.2930,2.0000,1953.0000,2000.0000,1866.0000,91.0000,-47.0000,170.0000,500.0000,-2488.0000,13435.0000,0.6058,0.1883,0.1955,-0.7479,111.4100,-11.0300,-77.0500,-4.9000,17.5400,9.7200,0.0000,0.0000,-0.0000,1035.0000,1601.0000,1500.0000,1956.0000
221441.7490,2.0000,1985.0000,1343.0000,1367.0000,-81.0000,-18.0000,208.0000,202.0000,-1950.0000,13142.0000,0.6272,0.1898,0.1874,-0.7317,111.3100,-10.6400,-76.8400,-4.9500,18.0700,8.9500,0.0000,0.0000,-0.0000,1916.0000,1437.0000,1500.0000,2000.0000
221458.5550,2.0000,2000.0000,1023.0000,1147.0000,-254.0000,34.0000,229.0000,-235.0000,-1249.0000,12186.0000,0.6550,0.1808,0.2000,-0.7060,111.2100,-10.2500,-76.6600,-4.9600,18.5300,8.1300,0.0000,0.0000,-0.0000,1916.0000,1437.0000,1500.0000,2000.0000
221475.1950,2.0000,2000.0000,1023.0000,1147.0000,-372.0000,82.0000,233.0000,-495.0000,-242.0000,9982.0000,0.6844,0.1624,0.2328,-0.6716,111.1100,-9.8600,-76.4900,-4.8000,18.9300,7.4200,0.0000,0.0000,-0.0000,1916.0000,1437.0000,1500.0000,2000.0000
221492.1810,2.0000,2000.0000,1023.0000,1147.0000,-375.0000,120.0000,219.0000,-288.0000,374.0000,6018.0000,0.7109,0.1411,0.2756,-0.6315,111.1100,-9.8600,-76.4900,-4.8000,18.9300,7.4200,0.0000,0.0000,-0.0000,1916.0000,1437.0000,1500.0000,2000.0000
221509.4740,2.0000,2000.0000,1023.0000,1147.0000,-264.0000,149.0000,187.0000,-265.0000,1027.0000,2550.0000,0.7300,0.1273,0.3166,-0.5922,111.0200,-9.4200,-76.3300,-4.4400,19.2000,7.0400,0.0000,0.0000,-0.0000,1916.0000,1437.0000,1500.0000,2000.0000
221526.2670,2.0000,2000.0000,1023.0000,1147.0000,-103.0000,150.0000,111.0000,-113.0000,2681.0000,-1285.0000,0.7380,0.1286,0.3464,-0.5646,110.9500,-8.9900,-76.1700,-4.0400,19.1800,7.0100,0.0000,0.0000,-0.0000,1916.0000,1437.0000,1500.0000,2000.0000
221543.3150,2.0000,2000.0000,1000.0000,1230.0000,102.0000,105.0000,24.0000,-280.0000,3423.0000,-5271.0000,0.7361,0.1436,0.3584,-0.5560,110.8900,-8.5800,-76.0200,-3.6000,18.8200,7.3400,0.0000,0.0000,-0.0000,1890.0000,1380.0000,1500.0000,2000.0000
221560.0400,2.0000,2000.0000,1000.0000,1230.0000,263.0000,77.0000,-47.0000,-878.0000,2799.0000,-7227.0000,0.7252,0.1710,0.3530,-0.5659,110.8400,-8.2100,-75.8500,-3.2900,18.2000,7.9300,0.0000,0.0000,-0.0000,1890.0000,1380.0000,1500.0000,2000.0000
221576.7080,2.0000,2000.0000,1000.0000,1230.0000,383.0000,15.0000,-112.0000,-1564.0000,2603.0000,-9048.0000,0.7063,0.2051,0.3334,-0.5898,110.7900,-7.8200,-75.6700,-3.1500,17.5400,8.4900,0.0000,0.0000,-0.0000,1890.0000,1380.0000,1500.0000,2000.0000
221593.7630,2.0000,2000.0000,1000.0000,1230.0000,467.0000,-35.0000,-157.0000,-1184.0000,2196.0000,-8464.0000,0.6799,0.2425,0.2979,-0.6246,110.7900,-7.8200,-75.6700,-3.1500,17.5400,8.4900,0.0000,0.0000,-0.0000,1890.0000,1380.0000,1500.0000,2000.0000
221610.4670,2.0000,2000.0000,1000.0000,1230.0000,502.0000,-71.0000,-180.0000,-996.0000,1186.0000,-5524.0000,0.6476,0.2772,0.2532,-0.6630,110.7400,-7.4000,-75.4700,-3.0500,17.0400,9.0600,0.0000,0.0000,-0.0000,1890.0000,1380.0000,1500.0000,2000.0000
221627.5040,2.0000,2000.0000,1000.0000,1230.0000,524.0000,-82.0000,-192.0000,-830.0000,498.0000,-1946.0000,0.6089,0.3113,0.2024,-0.7010,110.6900,-7.0100,-75.2500,-2.9100,16.8000,9.4800,0.0000,0.0000,-0.0000,1890.0000,1380.0000,1500.0000,2000.0000
221644.2590,2.0000,1997.0000,1726.0000,2000.0000,540.0000,-87.0000,-190.0000,-858.0000,-144.0000,865.0000,0.5657,0.3432,0.1481,-0.7350,110.6500,-6.6500,-75.0400,-2.8300,16.8600,9.7800,0.0000,0.0000,-0.0000,1066.0000,1291.0000,1500.0000,1998.0000
221660.7780,2.0000,1997.0000,1726.0000,2000.0000,545.0000,-55.0000,-173.0000,-723.0000,-884.0000,3274.0000,0.5196,0.3748,0.0935,-0.7621,110.6100,-6.3100,-74.8300,-2.9100,17.0600,9.9100,0.0000,0.0000,-0.0000,1066.0000,1291.0000,1500.0000,1998.0000
221677.5360,2.0000,1997.0000,1726.0000,2000.0000,512.0000,-34.0000,-145.0000,-370.0000,-1523.0000,5024.0000,0.4722,0.4071,0.0397,-0.7809,110.6100,-6.3100,-74.8300,-2.9100,17.0600,9.9100,0.0000,0.0000,-0.0000,1066.0000,1291.0000,1500.0000,1998.0000
221694.2950,2.0000,1997.0000,1726.0000,2000.0000,417.0000,-30.0000,-90.0000,52.0000,-2547.0000,5276.0000,0.4298,0.4345,-0.0090,-0.7914,110.5600,-5.9200,-74.6100,-3.2200,17.4800,9.9400,0.0000,0.0000,-0.0000,1066.0000,1291.0000,1500.0000,1998.0000
221710.8680,2.0000,1997.0000,1726.0000,2000.0000,252.0000,-60.0000,-16.0000,123.0000,-3082.0000,5502.0000,0.4028,0.4496,-0.0466,-0.7959,110.5000,-5.4700,-74.3800,-3.6900,18.0000,9.9900,0.0000,0.0000,-0.0000,1066.0000,1291.0000,1500.0000,1998.0000
221727.6100,2.0000,1997.0000,1726.0000,2000.0000,71.0000,-62.0000,47.0000,76.0000,-2847.0000,7932.0000,0.3942,0.4516,-0.0699,-0.7974,110.4300,-5.0400,-74.1500,-4.1900,18.3200,10.0900,0.0000,0.0000,-0.0000,1066.0000,1291.0000,1500.0000,1998.0000
221744.6770,2.0000,1997.0000,1726.0000,2000.0000,-111.0000,-53.0000,110.0000,-344.0000,-2296.0000,8677.0000,0.4051,0.4425,-0.0751,-0.7965,110.3500,-4.6400,-73.9400,-4.8000,18.5800,10.0400,0.0000,0.0000,-0.0000,1066.0000,1291.0000,1500.0000,1998.0000
221761.7350,2.0000,2000.0000,1345.0000,1549.0000,-269.0000,-61.0000,163.0000,-696.0000,-1826.0000,7840.0000,0.4341,0.4223,-0.0639,-0.7932,110.2600,-4.2600,-73.7400,-5.3500,18.7900,9.8500,0.0000,0.0000,-0.0000,1555.0000,1397.0000,1500.0000,2000.0000
221778.4740,2.0000,2000.0000,1345.0000,1549.0000,-380.0000,-63.0000,194.0000,-733.0000,-1241.0000,7071.0000,0.4747,0.3917,-0.0405,-0.7871,110.2600,-4.2600,-73.7400,-5.3500,18.7900,9.8500,0.0000,0.0000,-0.0000,1555.0000,1397.0000,1500.0000,2000.0000
221795.5030,2.0000,2000.0000,1345.0000,1549.0000,-440.0000,-60.0000,204.0000,-828.0000,-690.0000,6966.0000,0.5211,0.3533,-0.0081,-0.7769,110.1600,-3.8600,-73.5500,-5.7300,19.0300,9.6300,0.0000,0.0000,-0.0000,1555.0000,1397.0000,1500.0000,2000.0000
221812.2220,2.0000,2000.0000,1345.0000,1549.0000,-395.0000,-70.0000,189.0000,-719.0000,-132.0000,5560.0000,0.5646,0.3127,0.0260,-0.7634,110.0600,-3.4100,-73.3500,-5.9600,19.3700,9.3600,0.0000,0.0000,-0.0000,1555.0000,1397.0000,1500.0000,2000.0000
221829.1690,2.0000,2000.0000,1345.0000,1549.0000,-278.0000,-93.0000,151.0000,-570.0000,334.0000,5696.0000,0.5993,0.2755,0.0494,-0.7500,109.9500,-2.9700,-73.1700,-6.0100,19.6800,9.0900,0.0000,0.0000,-0.0000,1555.0000,1397.0000,1500.0000,2000.0000
221846.0580,2.0000,2000.0000,1000.0000,1202.0000,-189.0000,-116.0000,83.0000,-547.0000,1811.0000,6616.0000,0.6223,0.2443,0.0612,-0.7412,109.8400,-2.5500,-73.0000,-5.9300,19.9700,8.8000,0.0000,0.0000,-0.0000,1908.0000,1391.0000,1500.0000,2000.0000
221862.4960,2.0000,2000.0000,1000.0000,1201.0000,-146.0000,-137.0000,17.0000,-231.0000,1562.0000,9477.0000,0.6345,0.2152,0.0657,-0.7395,109.7500,-2.1400,-72.8400,-5.7200,20.3200,8.3400,0.0000,0.0000,-0.0000,1908.0000,1391.0000,1500.0000,2000.0000
221879.2440,2.0000,2000.0000,1000.0000,1201.0000,-79.0000,-120.0000,-30.0000,229.0000,460.0000,12196.0000,0.6388,0.1901,0.0663,-0.7425,109.7500,-2.1400,-72.8400,-5.7200,20.3200,8.3400,0.0000,0.0000,-0.0000,1908.0000,1391.0000,1500.0000,2000.0000
221896.3070,2.0000,2000.0000,1000.0000,1201.0000,59.0000,-96.0000,-81.0000,265.0000,291.0000,12917.0000,0.6342,0.1764,0.0593,-0.7504,109.6500,-1.6900,-72.6900,-5.7100,20.7900,7.5700,0.0000,0.0000,-0.0000,1908.0000,1391.0000,1500.0000,2000.0000
221912.9700,2.0000,2000.0000,1000.0000,1201.0000,207.0000,-67.0000,-129.0000,-71.0000,100.0000,13089.0000,0.6195,0.1792,0.0393,-0.7632,109.5400,-1.2000,-72.5500,-5.8900,21.2400,6.6400,0.0000,0.0000,-0.0000,1908.0000,1391.0000,1500.0000,2000.0000
221929.8030,2.0000,2000.0000,1000.0000,1201.0000,309.0000,-27.0000,-161.0000,-400.0000,-280.0000,11805.0000,0.5961,0.1969,0.0094,-0.7784,109.4300,-0.7300,-72.4400,-6.1000,21.5700,5.6700,0.0000,0.0000,-0.0000,1908.0000,1391.0000,1500.0000,2000.0000
221946.4100,2.0000,1998.0000,1661.0000,2000.0000,415.0000,4.0000,-176.0000,-659.0000,-180.0000,9076.0000,0.5660,0.2262,-0.0273,-0.7923,109.3200,-0.2800,-72.3500,-6.3600,21.7200,4.8600,0.0000,0.0000,-0.0000,1060.0000,1287.0000,1500.0000,1999.0000
221963.3000,2.0000,1998.0000,1728.0000,2000.0000,481.0000,18.0000,-187.0000,-664.0000,-197.0000,6660.0000,0.5286,0.2654,-0.0729,-0.8030,109.2100,0.1500,-72.2900,-6.5700,21.7000,4.3500,0.0000,0.0000,-0.0000,1060.0000,1287.0000,1500.0000,1999.0000
221980.1950,2.0000,1998.0000,1728.0000,2000.0000,526.0000,37.0000,-188.0000,-639.0000,-446.0000,4680.0000,0.4856,0.3094,-0.1229,-0.8083,109.2100,0.1500,-72.2900,-6.5700,21.7000,4.3500,0.0000,0.0000,-0.0000,1060.0000,1287.0000,1500.0000,1999.0000
221997.2520,2.0000,1998.0000,1728.0000,2000.0000,510.0000,50.0000,-172.0000,-338.0000,-1079.0000,3060.0000,0.4390,0.3550,-0.1741,-0.8068,109.0800,0.6200,-72.2100,-6.8800,21.6200,4.1400,0.0000,0.0000,-0.0000,1060.0000,1287.0000,1500.0000,1999.0000
222014.1750,2.0000,1998.0000,1728.0000,2000.0000,408.0000,55.0000,-140.0000,-91.0000,-1213.0000,1626.0000,0.3968,0.3949,-0.2162,-0.7999,108.9300,1.1100,-72.1300,-7.2300,21.4900,4.1800,0.0000,0.0000,-0.0000,1060.0000,1287.0000,1500.0000,1999.0000
222031.0450,2.0000,1998.0000,1728.0000,2000.0000,250.0000,37.0000,-86.0000,42.0000,-1767.0000,281.0000,0.3650,0.4221,-0.2451,-0.7928,108.7800,1.5700,-72.0400,-7.4500,21.3400,4.4000,0.0000,0.0000,-0.0000,1060.0000,1287.0000,1500.0000,1999.0000
222047.9010,2.0000,1999.0000,1818.0000,2000.0000,35.0000,-5.0000,-8.0000,-346.0000,-2427.0000,-254.0000,0.3519,0.4331,-0.2572,-0.7890,108.6400,2.0000,-71.9600,-7.5500,21.1400,4.7400,0.0000,0.0000,-0.0000,1073.0000,1390.0000,1500.0000,2000.0000
222064.7240,2.0000,2000.0000,1818.0000,2000.0000,-127.0000,-25.0000,56.0000,-545.0000,-2060.0000,904.0000,0.3580,0.4275,-0.2536,-0.7904,108.5100,2.4000,-71.8700,-7.6100,20.8900,5.1000,0.0000,0.0000,-0.0000,1073.0000,1390.0000,1500.0000,2000.0000
222081.5560,2.0000,2000.0000,1818.0000,2000.0000,-251.0000,-30.0000,105.0000,-774.0000,-1752.0000,2148.0000,0.3787,0.4110,-0.2373,-0.7946,108.5100,2.4000,-71.8700,-7.6100,20.8900,5.1000,0.0000,0.0000,-0.0000,1073.0000,1390.0000,1500.0000,2000.0000
222098.3730,2.0000,2000.0000,1818.0000,2000.0000,-347.0000,-29.0000,150.0000,-590.0000,-1507.0000,2326.0000,0.4105,0.3859,-0.2111,-0.7988,108.3400,2.8400,-71.7400,-7.9800,20.6800,5.3400,0.0000,0.0000,-0.0000,1073.0000,1390.0000,1500.0000,2000.0000
222115.2400,2.0000,2000.0000,1818.0000,2000.0000,-442.0000,-27.0000,180.0000,-309.0000,-782.0000,2376.0000,0.4512,0.3525,-0.1749,-0.8010,108.1400,3.3000,-71.6000,-8.4800,20.5200,5.5300,0.0000,0.0000,-0.0000,1073.0000,1390.0000,1500.0000,2000.0000
222132.0160,2.0000,2000.0000,1818.0000,2000.0000,-493.0000,-14.0000,191.0000,-338.0000,-252.0000,3149.0000,0.4959,0.3130,-0.1297,-0.7996,107.9500,3.7300,-71.4500,-8.8900,20.4400,5.6400,0.0000,0.0000,-0.0000,1073.0000,1390.0000,1500.0000,2000.0000
222149.0030,2.0000,1977.0000,1421.0000,1991.0000,-512.0000,4.0000,183.0000,-677.0000,201.0000,4639.0000,0.5403,0.2705,-0.0783,-0.7930,107.7600,4.1300,-71.3200,-9.2100,20.4100,5.6100,0.0000,0.0000,-0.0000,1293.0000,1214.0000,1500.0000,1979.0000
222165.7420,2.0000,1977.0000,1420.0000,1992.0000,-522.0000,23.0000,165.0000,-918.0000,624.0000,5702.0000,0.5796,0.2283,-0.0240,-0.7819,107.5700,4.5200,-71.2000,-9.4700,20.4000,5.3800,0.0000,0.0000,-0.0000,1293.0000,1214.0000,1500.0000,1979.0000
222182.7880,2.0000,1977.0000,1420.0000,1992.0000,-511.0000,19.0000,122.0000,-866.0000,1530.0000,5351.0000,0.6126,0.1850,0.0332,-0.7677,107.5700,4.5200,-71.2000,-9.4700,20.4000,5.3800,0.0000,0.0000,-0.0000,1293.0000,1214.0000,1500.0000,1979.0000
222199.3400,2.0000,1977.0000,1420.0000,1992.0000,-463.0000,-43.0000,62.0000,-733.0000,2306.0000,4297.0000,0.6341,0.1408,0.0836,-0.7557,107.3600,4.9400,-71.0700,-9.6300,20.5500,5.0600,0.0000,0.0000,-0.0000,1293.0000,1214.0000,1500.0000,1979.0000
222215.9960,2.0000,1977.0000,1420.0000,1992.0000,-411.0000,-73.0000,20.0000,-403.0000,1571.0000,6188.0000,0.6466,0.0942,0.1250,-0.7466,107.1400,5.4000,-70.9300,-9.6000,20.7400,4.8500,0.0000,0.0000,-0.0000,1293.0000,1214.0000,1500.0000,1979.0000
222232.5910,2.0000,1992.0000,1469.0000,2000.0000,-372.0000,-92.0000,-20.0000,-216.0000,1084.0000,8974.0000,0.6526,0.0483,0.1590,-0.7393,106.9300,5.8300,-70.8000,-9.5500,20.9600,4.5100,0.0000,0.0000,-0.0000,1070.0000,1060.0000,1500.0000,2000.0000
222249.6650,2.0000,2000.0000,1490.0000,2000.0000,-330.0000,-104.0000,-61.0000,-33.0000,802.0000,11571.0000,0.6523,0.0021,0.1881,-0.7343,106.7400,6.2500,-70.7000,-9.4200,21.2400,3.9100,0.0000,0.0000,-0.0000,1070.0000,1060.0000,1500.0000,2000.0000
222266.2380,2.0000,2000.0000,1490.0000,2000.0000,-302.0000,-106.0000,-90.0000,127.0000,134.0000,13358.0000,0.6467,-0.0411,0.2113,-0.7318,106.5500,6.6600,-70.6100,-9.1700,21.5400,3.0700,0.0000,0.0000,-0.0000,1070.0000,1060.0000,1500.0000,2000.0000
222283.3480,2.0000,2000.0000,1490.0000,2000.0000,-274.0000,-86.0000,-106.0000,432.0000,-447.0000,14357.0000,0.6366,-0.0828,0.2323,-0.7307,106.5500,6.6600,-70.6100,-9.1700,21.5400,3.0700,0.0000,0.0000,-0.0000,1070.0000,1060.0000,1500.0000,2000.0000
222300.3760,2.0000,2000.0000,1490.0000,2000.0000,-258.0000,-64.0000,-108.0000,588.0000,-855.0000,14476.0000,0.6235,-0.1196,0.2525,-0.7302,106.3500,7.1200,-70.5100,-8.8700,21.8800,2.1200,0.0000,0.0000,-0.0000,1070.0000,1060.0000,1500.0000,2000.0000
222316.9430,2.0000,2000.0000,1490.0000,2000.0000,-241.0000,-44.0000,-99.0000,518.0000,-1390.0000,13544.0000,0.6097,-0.1515,0.2721,-0.7288,106.1400,7.6000,-70.4200,-8.5100,22.2100,1.1700,0.0000,0.0000,-0.0000,1070.0000,1060.0000,1500.0000,2000.0000
222333.7670,2.0000,2000.0000,1490.0000,2000.0000,-223.0000,-27.0000,-81.0000,346.0000,-1519.0000,12013.0000,0.5964,-0.1795,0.2913,-0.7261,105.9500,8.0700,-70.3500,-8.1500,22.4500,0.3000,0.0000,0.0000,-0.0000,1070.0000,1060.0000,1500.0000,2000.0000
222350.2100,2.0000,2000.0000,1212.0000,2000.0000,-206.0000,-32.0000,-62.0000,141.0000,-1350.0000,9816.0000,0.5851,-0.2040,0.3088,-0.7216,105.7800,8.5200,-70.3200,-7.8200,22.5900,-0.3500,0.0000,0.0000,-0.0000,1372.0000,1085.0000,1500.0000,2000.0000
222366.8900,2.0000,2000.0000,1212.0000,2000.0000,-199.0000,-55.0000,-35.0000,-150.0000,-1569.0000,8013.0000,0.5762,-0.2280,0.3249,-0.7144,105.7800,8.5200,-70.3200,-7.8200,22.5900,-0.3500,0.0000,0.0000,-0.0000,1372.0000,1085.0000,1500.0000,2000.0000
222383.8320,2.0000,2000.0000,1212.0000,2000.0000,-169.0000,-98.0000,-8.0000,-441.0000,-1997.0000,6819.0000,0.5717,-0.2529,0.3370,-0.7040,105.6200,8.9500,-70.3000,-7.5900,22.6300,-0.8000,0.0000,0.0000,-0.0000,1372.0000,1085.0000,1500.0000,2000.0000
222400.7830,2.0000,2000.0000,1212.0000,2000.0000,-130.0000,-163.0000,15.0000,-620.0000,-1931.0000,6998.0000,0.5727,-0.2786,0.3415,-0.6912,105.4300,9.4200,-70.2900,-7.5400,22.5700,-1.1400,0.0000,0.0000,-0.0000,1372.0000,1085.0000,1500.0000,2000.0000
222417.6960,2.0000,2000.0000,1212.0000,2000.0000,-103.0000,-206.0000,29.0000,-286.0000,-1690.0000,9075.0000,0.5793,-0.3061,0.3383,-0.6755,105.2500,9.8900,-70.3000,-7.4600,22.4700,-1.4500,0.0000,0.0000,-0.0000,1372.0000,1085.0000,1500.0000,2000.0000
222434.3160,2.0000,2000.0000,1212.0000,2000.0000,-80.0000,-234.0000,42.0000,173.0000,-1793.0000,12063.0000,0.5892,-0.3336,0.3301,-0.6578,105.0800,10.3400,-70.3100,-7.1600,22.3800,-1.8700,0.0000,0.0000,-0.0000,1372.0000,1085.0000,1500.0000,2000.0000
222451.1950,2.0000,2000.0000,1440.0000,2000.0000,-57.0000,-246.0000,50.0000,581.0000,-1982.0000,14381.0000,0.6015,-0.3599,0.3179,-0.6384,104.9100,10.7800,-70.3500,-6.5800,22.2700,-2.4700,0.0000,0.0000,-0.0000,1129.0000,1069.0000,1500.0000,2000.0000
222467.6320,2.0000,2000.0000,1440.0000,2000.0000,-54.0000,-248.0000,61.0000,968.0000,-1934.0000,16129.0000,0.6146,-0.3847,0.3041,-0.6178,104.9100,10.7800,-70.3500,-6.5800,22.2700,-2.4700,0.0000,0.0000,-0.0000,1129.0000,1069.0000,1500.0000,2000.0000
222484.4080,2.0000,2000.0000,1440.0000,2000.0000,-73.0000,-234.0000,70.0000,1321.0000,-1941.0000,18133.0000,0.6273,-0.4092,0.2913,-0.5952,104.7700,11.1900,-70.4100,-5.8500,22.0800,-3.1700,0.0000,0.0000,-0.0000,1129.0000,1069.0000,1500.0000,2000.0000
222501.3080,2.0000,2000.0000,1440.0000,2000.0000,-103.0000,-197.0000,78.0000,1535.0000,-1866.0000,19560.0000,0.6370,-0.4325,0.2835,-0.5716,104.6200,11.6300,-70.4900,-5.0200,21.8300,-3.9500,0.0000,0.0000,-0.0000,1129.0000,1069.0000,1500.0000,2000.0000
222518.2310,2.0000,2000.0000,1440.0000,2000.0000,-130.0000,-159.0000,85.0000,1579.0000,-1672.0000,19251.0000,0.6431,-0.4549,0.2821,-0.5476,104.4800,12.0800,-70.6000,-4.0600,21.4800,-4.7800,0.0000,0.0000,-0.0000,1129.0000,1069.0000,1500.0000,2000.0000
222535.0560,2.0000,2000.0000,1440.0000,2000.0000,-145.0000,-125.0000,85.0000,1527.0000,-1524.0000,18061.0000,0.6459,-0.4756,0.2857,-0.5244,104.3700,12.5000,-70.7200,-3.1000,21.0500,-5.4900,0.0000,0.0000,-0.0000,1129.0000,1069.0000,1500.0000,2000.0000
222552.1350,2.0000,2000.0000,1000.0000,1488.0000,-159.0000,-101.0000,84.0000,1372.0000,-1223.0000,16276.0000,0.6458,-0.4952,0.2930,-0.5019,104.2900,12.9000,-70.8500,-2.2300,20.6000,-6.0300,0.0000,0.0000,-0.0000,1887.0000,1126.0000,1500.0000,2000.0000
222568.9220,2.0000,2000.0000,1000.0000,1488.0000,-165.0000,-93.0000,79.0000,1170.0000,-968.0000,14824.0000,0.6436,-0.5139,0.3021,-0.4801,104.2900,12.9000,-70.8500,-2.2300,20.6000,-6.0300,0.0000,0.0000,-0.0000,1887.0000,1126.0000,1500.0000,2000.0000
222586.1610,2.0000,2000.0000,1000.0000,1488.0000,-130.0000,-87.0000,63.0000,1087.0000,-891.0000,14018.0000,0.6410,-0.5314,0.3096,-0.4592,104.2200,13.2800,-70.9800,-1.5100,20.1600,-6.3800,0.0000,0.0000,-0.0000,1887.0000,1126.0000,1500.0000,2000.0000
222603.2330,2.0000,2000.0000,1000.0000,1488.0000,-65.0000,-89.0000,38.0000,937.0000,-851.0000,12980.0000,0.6403,-0.5441,0.3123,-0.4433,104.1600,13.6800,-71.1300,-0.7700,19.7700,-6.6100,0.0000,0.0000,-0.0000,1887.0000,1126.0000,1500.0000,2000.0000
222620.2830,2.0000,2000.0000,1000.0000,1488.0000,4.0000,-93.0000,10.0000,778.0000,-805.0000,12048.0000,0.6433,-0.5515,0.3078,-0.4328,104.1100,14.0800,-71.2800,-0.1100,19.4000,-6.7500,0.0000,0.0000,-0.0000,1887.0000,1126.0000,1500.0000,2000.0000
222637.2260,2.0000,2000.0000,1000.0000,1529.0000,57.0000,-102.0000,-17.0000,572.0000,-502.0000,11173.0000,0.6497,-0.5548,0.2963,-0.4269,104.0800,14.4700,-71.4300,0.3800,19.0300,-6.8400,0.0000,0.0000,-0.0000,1831.0000,1123.0000,1500.0000,2000.0000
222654.2950,2.0000,2000.0000,1000.0000,1547.0000,106.0000,-109.0000,-41.0000,535.0000,-540.0000,10398.0000,0.6587,-0.5547,0.2788,-0.4252,104.0500,14.8400,-71.5900,0.7700,18.6700,-6.8900,0.0000,0.0000,-0.0000,1831.0000,1123.0000,1500.0000,2000.0000
222671.0610,2.0000,2000.0000,1000.0000,1547.0000,141.0000,-115.0000,-60.0000,459.0000,-572.0000,9330.0000,0.6697,-0.5513,0.2563,-0.4266,104.0500,14.8400,-71.5900,0.7700,18.6700,-6.8900,0.0000,0.0000,-0.0000,1831.0000,1123.0000,1500.0000,2000.0000
222688.1810,2.0000,2000.0000,1000.0000,1547.0000,167.0000,-126.0000,-73.0000,445.0000,-755.0000,9333.0000,0.6820,-0.5457,0.2291,-0.4296,104.0300,15.1900,-71.7400,1.0200,18.3200,-6.9600,0.0000,0.0000,-0.0000,1831.0000,1123.0000,1500.0000,2000.0000
222705.2570,2.0000,2000.0000,1000.0000,1547.0000,179.0000,-135.0000,-80.0000,514.0000,-991.0000,9315.0000,0.6950,-0.5388,0.1985,-0.4327,104.0200,15.5600,-71.9100,1.4300,17.9800,-7.0700,0.0000,0.0000,-0.0000,1831.0000,1123.0000,1500.0000,2000.0000
222721.9000,2.0000,2000.0000,1000.0000,1547.0000,179.0000,-137.0000,-81.0000,592.0000,-1096.0000,10019.0000,0.7071,-0.5313,0.1673,-0.4357,104.0200,15.9300,-72.0800,1.8400,17.6300,-7.2400,0.0000,0.0000,-0.0000,1831.0000,1123.0000,1500.0000,2000.0000
222738.5010,2.0000,2000.0000,1000.0000,1547.0000,174.0000,-134.0000,-76.0000,693.0000,-1364.0000,10589.0000,0.7182,-0.5234,0.1364,-0.4377,104.0200,16.2900,-72.2500,2.2200,17.2200,-7.5000,0.0000,0.0000,-0.0000,1831.0000,1123.0000,1500.0000,2000.0000
222755.3630,2.0000,1998.0000,1468.0000,2000.0000,178.0000,-130.0000,-69.0000,754.0000,-1619.0000,10835.0000,0.7289,-0.5144,0.1059,-0.4392,104.0300,16.6200,-72.4300,2.5500,16.7600,-7.8600,0.0000,0.0000,-0.0000,1065.0000,1034.0000,1500.0000,1999.0000
222772.3010,2.0000,1998.0000,1469.0000,2000.0000,180.0000,-128.0000,-59.0000,861.0000,-1658.0000,11023.0000,0.7396,-0.5041,0.0756,-0.4395,104.0300,16.6200,-72.4300,2.5500,16.7600,-7.8600,0.0000,0.0000,-0.0000,1065.0000,1034.0000,1500.0000,1999.0000
222789.1900,2.0000,1998.0000,1469.0000,2000.0000,170.0000,-128.0000,-42.0000,922.0000,-1612.0000,11406.0000,0.7504,-0.4932,0.0464,-0.4377,104.0400,16.9400,-72.6200,2.8000,16.3000,-8.2800,0.0000,0.0000,-0.0000,1065.0000,1034.0000,1500.0000,1999.0000
222805.9960,2.0000,1998.0000,1469.0000,2000.0000,127.0000,-132.0000,-18.0000,1005.0000,-1834.0000,11399.0000,0.7599,-0.4848,0.0201,-0.4326,104.0800,17.2800,-72.8200,3.2300,15.8400,-8.7600,0.0000,0.0000,-0.0000,1065.0000,1034.0000,1500.0000,1999.0000
222822.7230,2.0000,1998.0000,1469.0000,2000.0000,49.0000,-138.0000,9.0000,1052.0000,-1957.0000,11502.0000,0.7659,-0.4834,-0.0007,-0.4239,104.1200,17.6200,-73.0400,3.6400,15.3800,-9.3000,0.0000,0.0000,-0.0000,1065.0000,1034.0000,1500.0000,1999.0000
222839.7870,2.0000,1998.0000,1469.0000,2000.0000,-32.0000,-140.0000,38.0000,1067.0000,-1935.0000,11968.0000,0.7676,-0.4912,-0.0152,-0.4114,104.1800,17.9300,-73.2600,3.9600,14.9000,-9.8600,0.0000,0.0000,-0.0000,1065.0000,1034.0000,1500.0000,1999.0000
222856.7390,2.0000,2000.0000,1026.0000,1844.0000,-85.0000,-136.0000,61.0000,1086.0000,-1655.0000,12082.0000,0.7655,-0.5066,-0.0234,-0.3959,104.2400,18.2300,-73.4900,4.2600,14.3500,-10.4100,0.0000,0.0000,-0.0000,1567.0000,1091.0000,1500.0000,2000.0000
222873.4650,2.0000,2000.0000,1026.0000,1844.0000,-110.0000,-139.0000,74.0000,1017.0000,-1529.0000,11839.0000,0.7610,-0.5261,-0.0277,-0.3787,104.2400,18.2300,-73.4900,4.2600,14.3500,-10.4100,0.0000,0.0000,-0.0000,1567.0000,1091.0000,1500.0000,2000.0000
222890.3780,2.0000,2000.0000,1026.0000,1844.0000,-97.0000,-155.0000,77.0000,972.0000,-1458.0000,11238.0000,0.7560,-0.5463,-0.0322,-0.3591,104.3000,18.5100,-73.7300,4.5600,13.7500,-10.9100,0.0000,0.0000,-0.0000,1567.0000,1091.0000,1500.0000,2000.0000
222907.3510,2.0000,2000.0000,1026.0000,1844.0000,-75.0000,-167.0000,71.0000,949.0000,-1289.0000,11233.0000,0.7520,-0.5646,-0.0399,-0.3377,104.3900,18.8100,-73.9800,5.0200,13.1700,-11.3100,0.0000,0.0000,-0.0000,1567.0000,1091.0000,1500.0000,2000.0000
222924.2490,2.0000,2000.0000,1026.0000,1844.0000,-51.0000,-181.0000,58.0000,940.0000,-925.0000,11530.0000,0.7486,-0.5804,-0.0504,-0.3165,104.4900,19.0900,-74.2300,5.4800,12.5600,-11.6400,0.0000,0.0000,-0.0000,1567.0000,1091.0000,1500.0000,2000.0000
222941.1410,2.0000,2000.0000,1285.0000,1979.0000,-26.0000,-189.0000,41.0000,1012.0000,-681.0000,12048.0000,0.7461,-0.5933,-0.0650,-0.2953,104.6000,19.3600,-74.4900,5.9100,11.9200,-11.9000,0.0000,0.0000,-0.0000,1366.0000,1153.0000,1500.0000,2000.0000
222958.0910,2.0000,2000.0000,1286.0000,1980.0000,-20.0000,-186.0000,25.0000,1138.0000,-736.0000,12488.0000,0.7435,-0.6039,-0.0818,-0.2753,104.7100,19.6100,-74.7600,6.3100,11.2100,-12.1200,0.0000,0.0000,-0.0000,1366.0000,1153.0000,1500.0000,2000.0000
222974.9900,2.0000,2000.0000,1286.0000,1980.0000,-34.0000,-180.0000,17.0000,1372.0000,-760.0000,13209.0000,0.7396,-0.6141,-0.0991,-0.2570,104.8300,19.8400,-75.0300,6.6600,10.4400,-12.3200,0.0000,0.0000,-0.0000,1366.0000,1153.0000,1500.0000,2000.0000
222992.0100,2.0000,2000.0000,1286.0000,1980.0000,-73.0000,-163.0000,14.0000,1519.0000,-981.0000,13779.0000,0.7325,-0.6265,-0.1146,-0.2404,104.8300,19.8400,-75.0300,6.6600,10.4400,-12.3200,0.0000,0.0000,-0.0000,1366.0000,1153.0000,1500.0000,2000.0000
223008.9540,2.0000,2000.0000,1286.0000,1980.0000,-100.0000,-144.0000,14.0000,1570.0000,-1063.0000,13862.0000,0.7219,-0.6416,-0.1266,-0.2263,104.9800,20.0700,-75.3100,7.1000,9.5000,-12.5200,0.0000,0.0000,-0.0000,1366.0000,1153.0000,1500.0000,2000.0000
223025.7780,2.0000,2000.0000,1286.0000,1980.0000,-117.0000,-130.0000,14.0000,1573.0000,-1034.0000,13537.0000,0.7091,-0.6580,-0.1360,-0.2140,105.1300,20.2900,-75.5900,7.5000,8.5400,-12.6700,0.0000,0.0000,-0.0000,1366.0000,1153.0000,1500.0000,2000.0000
223042.7470,2.0000,2000.0000,1067.0000,1045.0000,-119.0000,-120.0000,12.0000,1567.0000,-1021.0000,13209.0000,0.6952,-0.6744,-0.1440,-0.2029,105.2900,20.4700,-75.8700,7.8500,7.6300,-12.7500,0.0000,0.0000,-0.0000,1946.0000,1514.0000,1500.0000,2000.0000
223059.5350,2.0000,2000.0000,1067.0000,1043.0000,-102.0000,-115.0000,12.0000,1480.0000,-1124.0000,12652.0000,0.6818,-0.6893,-0.1511,-0.1927,105.4500,20.6400,-76.1600,8.1500,6.7700,-12.7500,0.0000,0.0000,-0.0000,1946.0000,1514.0000,1500.0000,2000.0000
223076.3300,2.0000,2000.0000,1067.0000,1043.0000,-66.0000,-105.0000,14.0000,1410.0000,-1343.0000,11834.0000,0.6710,-0.7011,-0.1580,-0.1824,105.6100,20.7900,-76.4400,8.4000,5.9900,-12.7000,0.0000,0.0000,-0.0000,1946.0000,1514.0000,1500.0000,2000.0000
223093.4460,2.0000,2000.0000,1067.0000,1043.0000,-13.0000,-100.0000,10.0000,1341.0000,-1232.0000,10911.0000,0.6646,-0.7081,-0.1656,-0.1717,105.6100,20.7900,-76.4400,8.4000,5.9900,-12.7000,0.0000,0.0000,-0.0000,1946.0000,1514.0000,1500.0000,2000.0000
223110.4840,2.0000,2000.0000,1067.0000,1043.0000,41.0000,-92.0000,5.0000,1303.0000,-1018.0000,10129.0000,0.6641,-0.7090,-0.1743,-0.1608,105.8000,20.9400,-76.7300,8.7200,5.2500,-12.6100,0.0000,0.0000,-0.0000,1946.0000,1514.0000,1500.0000,2000.0000
223127.3500,2.0000,2000.0000,1067.0000,1043.0000,91.0000,-74.0000,2.0000,1310.0000,-1099.0000,9280.0000,0.6687,-0.7047,-0.1833,-0.1505,106.0000,21.0700,-77.0100,9.0500,4.6400,-12.4900,0.0000,0.0000,-0.0000,1946.0000,1514.0000,1500.0000,2000.0000
223144.3840,2.0000,2000.0000,2000.0000,1602.0000,170.0000,-33.0000,2.0000,1128.0000,-1077.0000,8455.0000,0.6805,-0.6932,-0.1909,-0.1413,106.2000,21.2000,-77.2900,9.3400,4.1700,-12.3800,0.0000,0.0000,-0.0000,1124.0000,1773.0000,1500.0000,2000.0000
223161.2700,2.0000,2000.0000,2000.0000,1604.0000,274.0000,10.0000,-1.0000,887.0000,-855.0000,7230.0000,0.7028,-0.6705,-0.1959,-0.1344,106.4000,21.3200,-77.5800,9.5800,3.8500,-12.2900,0.0000,0.0000,-0.0000,1124.0000,1773.0000,1500.0000,2000.0000
223178.0530,2.0000,2000.0000,2000.0000,1604.0000,338.0000,48.0000,0.0000,817.0000,-668.0000,5273.0000,0.7336,-0.6371,-0.1983,-0.1287,106.6100,21.4300,-77.8600,9.8000,3.7500,-12.2200,0.0000,0.0000,-0.0000,1124.0000,1773.0000,1500.0000,2000.0000
223195.1190,2.0000,2000.0000,2000.0000,1604.0000,321.0000,74.0000,-5.0000,912.0000,-24.0000,2959.0000,0.7663,-0.5984,-0.1978,-0.1248,106.6100,21.4300,-77.8600,9.8000,3.7500,-12.2200,0.0000,0.0000,-0.0000,1124.0000,1773.0000,1500.0000,2000.0000
223211.9140,2.0000,2000.0000,2000.0000,1604.0000,230.0000,88.0000,-5.0000,836.0000,357.0000,629.0000,0.7923,-0.5649,-0.1939,-0.1247,106.8500,21.5600,-78.1500,10.2400,3.7900,-12.1400,0.0000,0.0000,-0.0000,1124.0000,1773.0000,1500.0000,2000.0000
223228.8930,2.0000,2000.0000,2000.0000,1604.0000,112.0000,100.0000,5.0000,875.0000,-229.0000,-317.0000,0.8089,-0.5430,-0.1855,-0.1282,107.1100,21.7000,-78.4500,10.7900,4.0800,-11.9800,0.0000,0.0000,-0.0000,1124.0000,1773.0000,1500.0000,2000.0000
223245.8390,2.0000,2000.0000,2000.0000,1604.0000,-6.0000,117.0000,18.0000,559.0000,-334.0000,-711.0000,0.8163,-0.5348,-0.1720,-0.1345,107.3800,21.8500,-78.7400,11.3600,4.5400,-11.8000,0.0000,0.0000,-0.0000,1124.0000,1773.0000,1500.0000,2000.0000
223262.7250,2.0000,2000.0000,1984.0000,1888.0000,-113.0000,150.0000,34.0000,951.0000,-315.0000,-1341.0000,0.8149,-0.5405,-0.1521,-0.1438,107.6500,22.0200,-79.0400,11.9000,5.0500,-11.6100,0.0000,0.0000,-0.0000,1064.0000,1550.0000,1500.0000,2000.0000
223279.4340,2.0000,2000.0000,1984.0000,1888.0000,-190.0000,182.0000,47.0000,935.0000,-383.0000,-3725.0000,0.8069,-0.5559,-0.1250,-0.1558,107.9200,22.1800,-79.3400,12.4200,5.6300,-11.4000,0.0000,0.0000,-0.0000,1064.0000,1550.0000,1500.0000,2000.0000
223296.6830,2.0000,2000.0000,1984.0000,1888.0000,-256.0000,166.0000,56.0000,712.0000,29.0000,-7216.0000,0.7920,-0.5793,-0.0941,-0.1678,107.9200,22.1800,-79.3400,12.4200,5.6300,-11.4000,0.0000,0.0000,-0.0000,1064.0000,1550.0000,1500.0000,2000.0000
223313.5590,2.0000,2000.0000,1984.0000,1888.0000,-321.0000,123.0000,59.0000,681.0000,274.0000,-8375.0000,0.7699,-0.6098,-0.0659,-0.1761,108.1900,22.3600,-79.6300,12.9200,6.5100,-11.0500,0.0000,0.0000,-0.0000,1064.0000,1550.0000,1500.0000,2000.0000
223330.4850,2.0000,2000.0000,1984.0000,1888.0000,-396.0000,69.0000,56.0000,776.0000,872.0000,-8106.0000,0.7389,-0.6479,-0.0408,-0.1806,108.4400,22.5600,-79.9200,13.3000,7.5100,-10.6200,0.0000,0.0000,-0.0000,1064.0000,1550.0000,1500.0000,2000.0000
223347.3460,2.0000,2000.0000,1390.0000,1268.0000,-446.0000,26.0000,47.0000,509.0000,661.0000,-6546.0000,0.6991,-0.6915,-0.0204,-0.1805,108.7000,22.7500,-80.1900,13.5700,8.3700,-10.2400,0.0000,0.0000,-0.0000,1941.0000,1569.0000,1500.0000,2000.0000
223364.3180,2.0000,2000.0000,1127.0000,1000.0000,-469.0000,2.0000,37.0000,408.0000,765.0000,-4720.0000,0.6522,-0.7370,-0.0038,-0.1772,108.9400,22.9500,-80.4400,13.7500,8.9600,-9.9600,0.0000,0.0000,-0.0000,1941.0000,1569.0000,1500.0000,2000.0000
223381.2280,2.0000,2000.0000,1127.0000,1000.0000,-484.0000,-11.0000,24.0000,324.0000,772.0000,-2720.0000,0.5996,-0.7815,0.0099,-0.1723,109.1700,23.1400,-80.6900,13.9100,9.2700,-9.7400,0.0000,0.0000,-0.0000,1941.0000,1569.0000,1500.0000,2000.0000
223398.4670,2.0000,2000.0000,1127.0000,1000.0000,-465.0000,-3.0000,7.0000,906.0000,627.0000,-703.0000,0.5423,-0.8229,0.0225,-0.1683,109.1700,23.1400,-80.6900,13.9100,9.2700,-9.7400,0.0000,0.0000,-0.0000,1941.0000,1569.0000,1500.0000,2000.0000
223415.3380,2.0000,2000.0000,1127.0000,1000.0000,-406.0000,5.0000,-17.0000,1080.0000,290.0000,244.0000,0.4879,-0.8563,0.0316,-0.1663,109.3900,23.3300,-80.9300,14.1100,9.3500,-9.5300,0.0000,0.0000,-0.0000,1941.0000,1569.0000,1500.0000,2000.0000
223432.1610,2.0000,2000.0000,1000.0000,1597.0000,-305.0000,27.0000,-41.0000,1058.0000,155.0000,596.0000,0.4421,-0.8804,0.0365,-0.1678,109.6000,23.5100,-81.1600,14.3500,9.2700,-9.3100,0.0000,0.0000,-0.0000,1773.0000,1129.0000,1500.0000,2000.0000
223448.9080,2.0000,2000.0000,1000.0000,1599.0000,-161.0000,41.0000,-68.0000,854.0000,275.0000,116.0000,0.4107,-0.8943,0.0360,-0.1740,109.8200,23.6800,-81.3700,14.5600,9.1500,-9.0800,0.0000,0.0000,-0.0000,1773.0000,1129.0000,1500.0000,2000.0000
223465.9060,2.0000,2000.0000,1000.0000,1599.0000,36.0000,50.0000,-93.0000,619.0000,-41.0000,-543.0000,0.4010,-0.8969,0.0281,-0.1842,110.0200,23.8300,-81.5800,14.7000,9.0700,-8.8800,0.0000,0.0000,-0.0000,1773.0000,1129.0000,1500.0000,2000.0000
223483.1890,2.0000,2000.0000,1000.0000,1599.0000,165.0000,57.0000,-116.0000,521.0000,-13.0000,-1744.0000,0.4126,-0.8891,0.0128,-0.1979,110.2300,23.9800,-81.7800,14.7600,9.0400,-8.7400,0.0000,0.0000,-0.0000,1773.0000,1129.0000,1500.0000,2000.0000
223500.0770,2.0000,2000.0000,1000.0000,1599.0000,228.0000,33.0000,-129.0000,727.0000,-177.0000,-3161.0000,0.4351,-0.8752,-0.0073,-0.2112,110.2300,23.9800,-81.7800,14.7600,9.0400,-8.7400,0.0000,0.0000,-0.0000,1773.0000,1129.0000,1500.0000,2000.0000
223517.1390,2.0000,2000.0000,1000.0000,1599.0000,231.0000,-10.0000,-136.0000,897.0000,-446.0000,-3979.0000,0.4612,-0.8587,-0.0313,-0.2211,110.4200,24.1200,-81.9800,14.7500,9.1100,-8.6900,0.0000,0.0000,-0.0000,1773.0000,1129.0000,1500.0000,2000.0000
223533.7420,2.0000,2000.0000,1000.0000,1599.0000,203.0000,-57.0000,-133.0000,842.0000,-623.0000,-3380.0000,0.4832,-0.8442,-0.0575,-0.2249,110.6100,24.2600,-82.1700,14.7100,9.2700,-8.7300,0.0000,0.0000,-0.0000,1773.0000,1129.0000,1500.0000,2000.0000
223550.8340,2.0000,2000.0000,1581.0000,2000.0000,192.0000,-102.0000,-124.0000,553.0000,-1022.0000,-2056.0000,0.5025,-0.8311,-0.0860,-0.2223,110.8000,24.4000,-82.3600,14.6700,9.3900,-8.7600,0.0000,0.0000,-0.0000,1020.0000,1101.0000,1500.0000,2000.0000
223567.4210,2.0000,2000.0000,1581.0000,2000.0000,196.0000,-142.0000,-104.0000,456.0000,-1503.0000,-206.0000,0.5206,-0.8187,-0.1149,-0.2135,110.9700,24.5400,-82.5600,14.6400,9.3500,-8.7300,0.0000,0.0000,-0.0000,1020.0000,1101.0000,1500.0000,2000.0000
223584.3620,2.0000,2000.0000,1581.0000,2000.0000,172.0000,-186.0000,-76.0000,756.0000,-1742.0000,2129.0000,0.5366,-0.8077,-0.1442,-0.1971,111.1400,24.6600,-82.7600,14.6300,9.0900,-8.6600,0.0000,0.0000,-0.0000,1020.0000,1101.0000,1500.0000,2000.0000
223601.4330,2.0000,2000.0000,1581.0000,2000.0000,116.0000,-214.0000,-40.0000,1125.0000,-1842.0000,5099.0000,0.5475,-0.8003,-0.1719,-0.1740,111.1400,24.6600,-82.7600,14.6300,9.0900,-8.6600,0.0000,0.0000,-0.0000,1020.0000,1101.0000,1500.0000,2000.0000
223618.3990,2.0000,2000.0000,1581.0000,2000.0000,41.0000,-227.0000,2.0000,1586.0000,-2366.0000,7516.0000,0.5502,-0.7987,-0.1941,-0.1470,111.2900,24.7700,-82.9500,14.6600,8.5800,-8.5200,0.0000,0.0000,-0.0000,1020.0000,1101.0000,1500.0000,2000.0000
223635.4170,2.0000,2000.0000,1330.0000,2000.0000,-21.0000,-225.0000,39.0000,1797.0000,-2609.0000,9367.0000,0.5448,-0.8032,-0.2101,-0.1181,111.4400,24.8600,-83.1400,14.7000,7.8100,-8.3300,0.0000,0.0000,-0.0000,1374.0000,1094.0000,1500.0000,2000.0000
223652.3320,2.0000,2000.0000,1219.0000,2000.0000,-67.0000,-214.0000,64.0000,1663.0000,-2359.0000,10331.0000,0.5332,-0.8118,-0.2206,-0.0894,111.5900,24.9300,-83.3200,14.6800,6.8800,-8.0700,0.0000,0.0000,-0.0000,1374.0000,1094.0000,1500.0000,2000.0000
223669.0670,2.0000,2000.0000,1219.0000,2000.0000,-92.0000,-206.0000,85.0000,1736.0000,-1841.0000,10250.0000,0.5173,-0.8229,-0.2268,-0.0614,111.7400,24.9900,-83.5000,14.6000,5.9400,-7.6900,0.0000,0.0000,-0.0000,1374.0000,1094.0000,1500.0000,2000.0000
223685.9980,2.0000,2000.0000,1219.0000,2000.0000,-91.0000,-216.0000,104.0000,1766.0000,-2047.0000,9767.0000,0.4993,-0.8347,-0.2300,-0.0319,111.9000,25.0300,-83.6500,14.5100,5.1200,-7.2400,0.0000,0.0000,-0.0000,1374.0000,1094.0000,1500.0000,2000.0000
223702.8620,2.0000,2000.0000,1219.0000,2000.0000,-66.0000,-239.0000,112.0000,1718.0000,-1760.0000,9160.0000,0.4819,-0.8448,-0.2325,0.0012,111.9000,25.0300,-83.6500,14.5100,5.1200,-7.2400,0.0000,0.0000,-0.0000,1374.0000,1094.0000,1500.0000,2000.0000
223720.0190,2.0000,2000.0000,1219.0000,2000.0000,-38.0000,-260.0000,119.0000,1813.0000,-1649.0000,9728.0000,0.4664,-0.8518,-0.2354,0.0394,112.3200,25.0900,-83.8400,14.5600,4.1500,-6.7800,0.0000,0.0000,-0.0000,1374.0000,1094.0000,1500.0000,2000.0000
223737.0450,2.0000,2000.0000,1926.0000,1690.0000,-26.0000,-265.0000,126.0000,1973.0000,-1813.0000,10865.0000,0.4522,-0.8559,-0.2379,0.0800,112.7300,25.1400,-84.0200,14.5500,3.2700,-6.2500,0.0000,0.0000,-0.0000,1191.0000,1623.0000,1500.0000,2000.0000
223754.1070,2.0000,2000.0000,1930.0000,1688.0000,-27.0000,-259.0000,126.0000,2026.0000,-1576.0000,11701.0000,0.4379,-0.8581,-0.2393,0.1210,113.1200,25.1600,-84.1800,14.4300,2.3800,-5.6400,0.0000,0.0000,-0.0000,1191.0000,1623.0000,1500.0000,2000.0000
223770.7800,2.0000,2000.0000,1930.0000,1688.0000,-37.0000,-232.0000,123.0000,1999.0000,-1313.0000,12437.0000,0.4227,-0.8595,-0.2397,0.1583,113.5000,25.1700,-84.3300,14.2000,1.5200,-4.9200,0.0000,0.0000,-0.0000,1191.0000,1623.0000,1500.0000,2000.0000
223787.7970,2.0000,2000.0000,1930.0000,1688.0000,-57.0000,-180.0000,115.0000,1952.0000,-1231.0000,12977.0000,0.4064,-0.8613,-0.2383,0.1904,113.9000,25.1800,-84.4600,13.9000,0.6900,-4.1100,0.0000,0.0000,-0.0000,1191.0000,1623.0000,1500.0000,2000.0000
223804.6010,2.0000,2000.0000,1930.0000,1688.0000,-82.0000,-114.0000,111.0000,1820.0000,-1030.0000,12295.0000,0.3894,-0.8650,-0.2340,0.2129,113.9000,25.1800,-84.4600,13.9000,0.6900,-4.1100,0.0000,0.0000,-0.0000,1191.0000,1623.0000,1500.0000,2000.0000
223821.7030,2.0000,2000.0000,1930.0000,1688.0000,-131.0000,-53.0000,108.0000,1658.0000,-724.0000,11709.0000,0.3697,-0.8722,-0.2273,0.2259,114.2800,25.1600,-84.5700,13.5300,-0.0400,-3.2600,0.0000,0.0000,-0.0000,1191.0000,1623.0000,1500.0000,2000.0000
223838.4880,2.0000,2000.0000,1930.0000,1688.0000,-192.0000,17.0000,106.0000,1440.0000,-392.0000,10732.0000,0.3448,-0.8837,-0.2194,0.2281,114.6300,25.1400,-84.6600,13.1900,-0.6200,-2.4100,0.0000,0.0000,-0.0000,1191.0000,1623.0000,1500.0000,2000.0000
223855.2790,2.0000,2000.0000,1186.0000,1060.0000,-256.0000,80.0000,103.0000,1152.0000,-16.0000,8866.0000,0.3135,-0.8996,-0.2104,0.2196,114.9800,25.1100,-84.7400,12.8900,-1.0500,-1.5400,0.0000,0.0000,-0.0000,1878.0000,1565.0000,1500.0000,2000.0000
223872.3370,2.0000,2000.0000,1186.0000,1060.0000,-284.0000,123.0000,99.0000,1169.0000,91.0000,6180.0000,0.2763,-0.9181,-0.2006,0.2015,115.3100,25.0700,-84.7900,12.7300,-1.2700,-0.7500,0.0000,0.0000,-0.0000,1878.0000,1565.0000,1500.0000,2000.0000
223889.6410,2.0000,2000.0000,1186.0000,1060.0000,-272.0000,154.0000,89.0000,1202.0000,404.0000,3192.0000,0.2384,-0.9358,-0.1896,0.1772,115.6900,25.0300,-84.8400,12.8800,-1.2900,-0.1400,0.0000,0.0000,-0.0000,1878.0000,1565.0000,1500.0000,2000.0000
223906.4630,2.0000,2000.0000,1186.0000,1060.0000,-211.0000,169.0000,69.0000,1261.0000,564.0000,558.0000,0.2071,-0.9500,-0.1787,0.1505,116.0700,25.0000,-84.8800,13.2200,-1.1200,0.2300,0.0000,0.0000,-0.0000,1878.0000,1565.0000,1500.0000,2000.0000
223923.3180,2.0000,2000.0000,1186.0000,1060.0000,-83.0000,169.0000,38.0000,1397.0000,1013.0000,-2054.0000,0.1892,-0.9593,-0.1688,0.1241,116.0700,25.0000,-84.8800,13.2200,-1.1200,0.2300,0.0000,0.0000,-0.0000,1878.0000,1565.0000,1500.0000,2000.0000
223940.2810,2.0000,2000.0000,1242.0000,1106.0000,91.0000,159.0000,-7.0000,1124.0000,1201.0000,-4314.0000,0.1942,-0.9623,-0.1616,0.1010,116.4700,24.9800,-84.9300,13.7300,-0.7500,0.3400,0.0000,0.0000,-0.0000,1774.0000,1577.0000,1500.0000,2000.0000
223957.2830,2.0000,2000.0000,1302.0000,1152.0000,215.0000,148.0000,-44.0000,482.0000,1132.0000,-6297.0000,0.2209,-0.9589,-0.1582,0.0821,116.9100,24.9600,-85.0000,14.3000,-0.2200,0.2000,0.0000,0.0000,-0.0000,1774.0000,1577.0000,1500.0000,2000.0000
223974.1360,2.0000,2000.0000,1302.0000,1152.0000,302.0000,110.0000,-69.0000,637.0000,1241.0000,-8087.0000,0.2618,-0.9497,-0.1582,0.0673,117.3400,24.9500,-85.0700,14.8000,0.4100,-0.1500,0.0000,0.0000,-0.0000,1774.0000,1577.0000,1500.0000,2000.0000
223991.1290,2.0000,2000.0000,1302.0000,1152.0000,317.0000,72.0000,-86.0000,801.0000,1252.0000,-8866.0000,0.3087,-0.9354,-0.1624,0.0585,117.8600,24.9500,-85.1500,15.3300,0.6700,-0.6100,0.0000,0.0000,-0.0000,1774.0000,1577.0000,1500.0000,2000.0000
224008.1400,2.0000,2000.0000,1302.0000,1152.0000,320.0000,14.0000,-95.0000,945.0000,775.0000,-7901.0000,0.3537,-0.9180,-0.1701,0.0559,118.3400,24.9500,-85.2400,15.7900,0.9700,-1.0400,0.0000,0.0000,-0.0000,1774.0000,1577.0000,1500.0000,2000.0000
224025.2920,2.0000,2000.0000,1302.0000,1152.0000,320.0000,-33.0000,-96.0000,807.0000,154.0000,-6150.0000,0.3977,-0.8975,-0.1807,0.0606,118.3400,24.9500,-85.2400,15.7900,0.9700,-1.0400,0.0000,0.0000,-0.0000,1774.0000,1577.0000,1500.0000,2000.0000
224042.1880,2.0000,1962.0000,2000.0000,1641.0000,322.0000,-60.0000,-88.0000,884.0000,-365.0000,-3819.0000,0.4392,-0.8748,-0.1923,0.0699,118.8000,24.9600,-85.3300,16.1200,1.1600,-1.3500,0.0000,0.0000,-0.0000,1012.0000,1842.0000,1500.0000,1965.0000
224059.0940,2.0000,1962.0000,2000.0000,1647.0000,330.0000,-70.0000,-78.0000,1008.0000,-771.0000,-1829.0000,0.4797,-0.8499,-0.2025,0.0813,119.2300,24.9700,-85.4200,16.3200,1.1600,-1.4700,0.0000,0.0000,-0.0000,1012.0000,1842.0000,1500.0000,1965.0000
224075.9000,2.0000,1962.0000,2000.0000,1647.0000,311.0000,-57.0000,-60.0000,926.0000,-881.0000,-527.0000,0.5185,-0.8235,-0.2104,0.0932,119.6400,24.9800,-85.5100,16.4200,0.9700,-1.4800,0.0000,0.0000,-0.0000,1012.0000,1842.0000,1500.0000,1965.0000
224092.9080,2.0000,1962.0000,2000.0000,1647.0000,241.0000,-30.0000,-39.0000,1273.0000,-1077.0000,617.0000,0.5514,-0.7993,-0.2154,0.1034,120.1300,24.9600,-85.6000,16.5300,0.4000,-1.4300,0.0000,0.0000,-0.0000,1012.0000,1842.0000,1500.0000,1965.0000
224109.9960,2.0000,1962.0000,2000.0000,1647.0000,145.0000,-3.0000,-10.0000,1362.0000,-1201.0000,905.0000,0.5742,-0.7819,-0.2166,0.1094,120.5800,24.9200,-85.6900,16.5700,-0.2000,-1.3600,0.0000,0.0000,-0.0000,1012.0000,1842.0000,1500.0000,1965.0000
224127.1030,2.0000,1962.0000,2000.0000,1647.0000,28.0000,15.0000,25.0000,1297.0000,-1158.0000,763.0000,0.5846,-0.7746,-0.2137,0.1119,120.5800,24.9200,-85.6900,16.5700,-0.2000,-1.3600,0.0000,0.0000,-0.0000,1012.0000,1842.0000,1500.0000,1965.0000
224144.1370,2.0000,2000.0000,2000.0000,1655.0000,-86.0000,36.0000,65.0000,1244.0000,-1213.0000,404.0000,0.5808,-0.7794,-0.2065,0.1119,121.0100,24.8800,-85.7800,16.5800,-0.7500,-1.2900,0.0000,0.0000,-0.0000,1143.0000,1704.0000,1500.0000,2000.0000
224161.1340,2.0000,2000.0000,2000.0000,1655.0000,-174.0000,65.0000,89.0000,1276.0000,-887.0000,-78.0000,0.5655,-0.7939,-0.1954,0.1088,121.4200,24.8300,-85.8700,16.5700,-1.1900,-1.2500,0.0000,0.0000,-0.0000,1143.0000,1704.0000,1500.0000,2000.0000
224178.2280,2.0000,2000.0000,2000.0000,1655.0000,-239.0000,87.0000,102.0000,998.0000,-549.0000,-1136.0000,0.5410,-0.8150,-0.1812,0.1011,121.8000,24.7700,-85.9600,16.5600,-1.5400,-1.1800,0.0000,0.0000,-0.0000,1143.0000,1704.0000,1500.0000,2000.0000
224195.2000,2.0000,2000.0000,2000.0000,1655.0000,-278.0000,93.0000,109.0000,790.0000,-544.0000,-2572.0000,0.5097,-0.8394,-0.1653,0.0915,122.2400,24.6700,-86.0500,16.5100,-1.9400,-1.1300,0.0000,0.0000,-0.0000,1143.0000,1704.0000,1500.0000,2000.0000
224212.0290,2.0000,2000.0000,2000.0000,1655.0000,-312.0000,94.0000,113.0000,911.0000,-435.0000,-4314.0000,0.4732,-0.8645,-0.1488,0.0810,122.6600,24.5800,-86.1300,16.4800,-2.1600,-1.1700,0.0000,0.0000,-0.0000,1143.0000,1704.0000,1500.0000,2000.0000
224228.7280,2.0000,2000.0000,2000.0000,1655.0000,-322.0000,76.0000,114.0000,612.0000,-201.0000,-5353.0000,0.4330,-0.8887,-0.1329,0.0716,122.6600,24.5800,-86.1300,16.4800,-2.1600,-1.1700,0.0000,0.0000,-0.0000,1143.0000,1704.0000,1500.0000,2000.0000
224245.8240,2.0000,2000.0000,1181.0000,1053.0000,-335.0000,44.0000,111.0000,647.0000,91.0000,-5608.0000,0.3888,-0.9115,-0.1179,0.0641,123.0500,24.4900,-86.2200,16.4500,-2.2100,-1.3200,0.0000,0.0000,-0.0000,1885.0000,1566.0000,1500.0000,2000.0000
224262.4170,2.0000,2000.0000,1180.0000,1052.0000,-347.0000,23.0000,104.0000,502.0000,-132.0000,-4395.0000,0.3426,-0.9315,-0.1063,0.0608,123.4100,24.4000,-86.3100,16.3800,-2.2200,-1.5100,0.0000,0.0000,-0.0000,1885.0000,1566.0000,1500.0000,2000.0000
224279.5950,2.0000,2000.0000,1180.0000,1052.0000,-340.0000,12.0000,92.0000,658.0000,-5.0000,-3405.0000,0.2930,-0.9495,-0.0962,0.0585,123.7500,24.3200,-86.4000,16.2700,-2.3300,-1.6900,0.0000,0.0000,-0.0000,1885.0000,1566.0000,1500.0000,2000.0000
224296.6880,2.0000,2000.0000,1180.0000,1052.0000,-274.0000,20.0000,79.0000,1206.0000,116.0000,-2641.0000,0.2481,-0.9632,-0.0870,0.0556,124.1500,24.2000,-86.4900,16.2000,-2.6500,-1.7900,0.0000,0.0000,-0.0000,1885.0000,1566.0000,1500.0000,2000.0000
224313.5340,2.0000,2000.0000,1180.0000,1052.0000,-161.0000,31.0000,57.0000,1466.0000,49.0000,-2137.0000,0.2165,-0.9717,-0.0791,0.0522,124.5200,24.0900,-86.5800,16.1600,-2.9800,-1.8200,0.0000,0.0000,-0.0000,1885.0000,1566.0000,1500.0000,2000.0000
224330.5460,2.0000,2000.0000,1180.0000,1052.0000,-17.0000,52.0000,31.0000,640.0000,589.0000,-3281.0000,0.2036,-0.9752,-0.0729,0.0466,124.5200,24.0900,-86.5800,16.1600,-2.9800,-1.8200,0.0000,0.0000,-0.0000,1885.0000,1566.0000,1500.0000,2000.0000
224347.2940,2.0000,2000.0000,1171.0000,1033.0000,136.0000,32.0000,-15.0000,559.0000,1490.0000,-4992.0000,0.2132,-0.9735,-0.0709,0.0415,124.8700,23.9800,-86.6600,16.0700,-3.2500,-1.8600,0.0000,0.0000,-0.0000,1899.0000,1571.0000,1500.0000,2000.0000
224364.2850,2.0000,2000.0000,1171.0000,1033.0000,255.0000,15.0000,-51.0000,710.0000,1349.0000,-5251.0000,0.2423,-0.9665,-0.0752,0.0398,125.1900,23.8700,-86.7300,15.9600,-3.3200,-2.0300,0.0000,0.0000,-0.0000,1899.0000,1571.0000,1500.0000,2000.0000
224381.0930,2.0000,2000.0000,1171.0000,1033.0000,336.0000,11.0000,-67.0000,184.0000,723.0000,-4856.0000,0.2848,-0.9542,-0.0823,0.0398,125.5100,23.7600,-86.7900,15.8800,-3.3200,-2.2500,0.0000,0.0000,-0.0000,1899.0000,1571.0000,1500.0000,2000.0000
224398.4610,2.0000,2000.0000,1171.0000,1033.0000,393.0000,-12.0000,-80.0000,214.0000,482.0000,-4981.0000,0.3381,-0.9357,-0.0914,0.0420,125.8900,23.6400,-86.8400,15.8900,-3.3700,-2.4300,0.0000,0.0000,-0.0000,1899.0000,1571.0000,1500.0000,2000.0000
224415.2450,2.0000,2000.0000,1171.0000,1033.0000,430.0000,-27.0000,-86.0000,759.0000,368.0000,-4710.0000,0.3943,-0.9122,-0.1013,0.0459,126.2400,23.5200,-86.8800,15.9000,-3.3900,-2.5800,0.0000,0.0000,-0.0000,1899.0000,1571.0000,1500.0000,2000.0000
224432.2810,2.0000,2000.0000,1171.0000,1033.0000,455.0000,-35.0000,-82.0000,888.0000,112.0000,-3569.0000,0.4537,-0.8827,-0.1111,0.0516,126.2400,23.5200,-86.8800,15.9000,-3.3900,-2.5800,0.0000,0.0000,-0.0000,1899.0000,1571.0000,1500.0000,2000.0000
224448.9960,2.0000,1955.0000,2000.0000,1681.0000,465.0000,-38.0000,-77.0000,720.0000,-232.0000,-2185.0000,0.5119,-0.8487,-0.1196,0.0582,126.5700,23.4100,-86.9200,15.9400,-3.4100,-2.6400,0.0000,0.0000,-0.0000,1009.0000,1811.0000,1500.0000,1958.0000
224465.6020,2.0000,1955.0000,2000.0000,1681.0000,471.0000,-27.0000,-61.0000,714.0000,-610.0000,-851.0000,0.5683,-0.8106,-0.1257,0.0645,126.8800,23.3100,-86.9600,15.9300,-3.5000,-2.5800,0.0000,0.0000,-0.0000,1009.0000,1811.0000,1500.0000,1958.0000
224482.1130,2.0000,1955.0000,2000.0000,1681.0000,448.0000,0.0000,-40.0000,1051.0000,-828.0000,471.0000,0.6212,-0.7701,-0.1274,0.0696,127.2000,23.2100,-86.9900,15.8900,-3.6800,-2.4600,0.0000,0.0000,-0.0000,1009.0000,1811.0000,1500.0000,1958.0000
224499.1690,2.0000,1955.0000,2000.0000,1681.0000,376.0000,21.0000,-15.0000,1490.0000,-1130.0000,1430.0000,0.6680,-0.7300,-0.1248,0.0733,127.5600,23.1000,-87.0400,15.9400,-3.9300,-2.3200,0.0000,0.0000,-0.0000,1009.0000,1811.0000,1500.0000,1958.0000
224516.1530,2.0000,1955.0000,2000.0000,1681.0000,265.0000,40.0000,15.0000,1198.0000,-1232.0000,1131.0000,0.7025,-0.6976,-0.1187,0.0762,127.9000,22.9800,-87.1000,15.9700,-4.2100,-2.2400,0.0000,0.0000,-0.0000,1009.0000,1811.0000,1500.0000,1958.0000
224532.9460,2.0000,1955.0000,2000.0000,1681.0000,112.0000,55.0000,58.0000,995.0000,-1436.0000,277.0000,0.7219,-0.6791,-0.1078,0.0783,127.9000,22.9800,-87.1000,15.9700,-4.2100,-2.2400,0.0000,0.0000,-0.0000,1009.0000,1811.0000,1500.0000,1958.0000
224549.9360,2.0000,1999.0000,1898.0000,2000.0000,-50.0000,73.0000,101.0000,1322.0000,-1424.0000,-475.0000,0.7244,-0.6783,-0.0924,0.0812,128.2200,22.8700,-87.1800,15.9600,-4.3800,-2.1900,0.0000,0.0000,-0.0000,1044.0000,1440.0000,1500.0000,2000.0000
224566.7290,2.0000,2000.0000,1897.0000,2000.0000,-163.0000,92.0000,130.0000,829.0000,-1453.0000,-521.0000,0.7128,-0.6924,-0.0735,0.0839,128.5300,22.7600,-87.2700,15.9500,-4.4500,-2.1600,0.0000,0.0000,-0.0000,1044.0000,1440.0000,1500.0000,2000.0000
224583.7290,2.0000,2000.0000,1897.0000,2000.0000,-248.0000,90.0000,151.0000,1075.0000,-878.0000,-2818.0000,0.6901,-0.7165,-0.0523,0.0875,128.8300,22.6500,-87.3500,15.9400,-4.4500,-2.1200,0.0000,0.0000,-0.0000,1044.0000,1440.0000,1500.0000,2000.0000
224600.7500,2.0000,2000.0000,1897.0000,2000.0000,-319.0000,64.0000,162.0000,585.0000,-518.0000,-4337.0000,0.6574,-0.7470,-0.0319,0.0937,129.2000,22.5400,-87.4300,16.0800,-4.1300,-2.0300,0.0000,0.0000,-0.0000,1044.0000,1440.0000,1500.0000,2000.0000
224617.5610,2.0000,2000.0000,1897.0000,2000.0000,-379.0000,39.0000,172.0000,482.0000,-51.0000,-4636.0000,0.6157,-0.7811,-0.0140,0.1030,129.5500,22.4400,-87.5100,16.1600,-3.7100,-1.9500,0.0000,0.0000,-0.0000,1044.0000,1440.0000,1500.0000,2000.0000
224634.4880,2.0000,2000.0000,1000.0000,1505.0000,-421.0000,-1.0000,172.0000,232.0000,124.0000,-3617.0000,0.5649,-0.8169,0.0005,0.1162,129.5500,22.4400,-87.5100,16.1600,-3.7100,-1.9500,0.0000,0.0000,-0.0000,1886.0000,1134.0000,1500.0000,2000.0000
224651.1110,2.0000,2000.0000,1000.0000,1481.0000,-446.0000,-7.0000,168.0000,-63.0000,199.0000,-2024.0000,0.5090,-0.8506,0.0115,0.1313,129.8700,22.3600,-87.5900,16.1900,-3.3600,-1.8700,0.0000,0.0000,-0.0000,1886.0000,1134.0000,1500.0000,2000.0000
224667.9860,2.0000,2000.0000,1000.0000,1481.0000,-451.0000,-19.0000,153.0000,148.0000,696.0000,-848.0000,0.4481,-0.8817,0.0207,0.1463,130.1800,22.2900,-87.6600,16.1300,-3.1900,-1.7800,0.0000,0.0000,-0.0000,1886.0000,1134.0000,1500.0000,2000.0000
224684.9520,2.0000,2000.0000,1000.0000,1481.0000,-437.0000,-16.0000,129.0000,441.0000,1167.0000,1004.0000,0.3853,-0.9085,0.0268,0.1596,130.4900,22.2200,-87.7200,16.0700,-3.1500,-1.5900,0.0000,0.0000,-0.0000,1886.0000,1134.0000,1500.0000,2000.0000
224701.8170,2.0000,2000.0000,1000.0000,1481.0000,-390.0000,-29.0000,83.0000,553.0000,1607.0000,2245.0000,0.3257,-0.9296,0.0295,0.1700,130.8600,22.1400,-87.7800,16.0700,-3.2000,-1.2500,0.0000,0.0000,-0.0000,1886.0000,1134.0000,1500.0000,2000.0000
224718.8090,2.0000,2000.0000,1000.0000,1481.0000,-285.0000,-55.0000,31.0000,829.0000,1298.0000,2384.0000,0.2775,-0.9433,0.0260,0.1803,131.2000,22.0700,-87.8300,16.0400,-3.2400,-0.8100,0.0000,0.0000,-0.0000,1886.0000,1134.0000,1500.0000,2000.0000
224735.8830,2.0000,2000.0000,1000.0000,1316.0000,-163.0000,-79.0000,-16.0000,913.0000,643.0000,2362.0000,0.2463,-0.9501,0.0174,0.1908,131.2000,22.0700,-87.8300,16.0400,-3.2400,-0.8100,0.0000,0.0000,-0.0000,1853.0000,1331.0000,1500.0000,2000.0000
224752.6720,2.0000,2000.0000,1000.0000,1316.0000,-58.0000,-102.0000,-63.0000,806.0000,643.0000,2555.0000,0.2326,-0.9513,0.0046,0.2025,131.5200,22.0000,-87.8800,16.0100,-3.3200,-0.3700,0.0000,0.0000,-0.0000,1853.0000,1331.0000,1500.0000,2000.0000
224769.3880,2.0000,2000.0000,1000.0000,1316.0000,36.0000,-130.0000,-112.0000,683.0000,665.0000,3334.0000,0.2335,-0.9480,-0.0129,0.2159,131.8200,21.9300,-87.9200,15.9500,-3.4100,0.0500,0.0000,0.0000,-0.0000,1853.0000,1331.0000,1500.0000,2000.0000
224786.6050,2.0000,2000.0000,1000.0000,1316.0000,128.0000,-130.0000,-143.0000,563.0000,276.0000,4413.0000,0.2494,-0.9399,-0.0340,0.2309,132.1200,21.8600,-87.9400,15.8700,-3.4600,0.5200,0.0000,0.0000,-0.0000,1853.0000,1331.0000,1500.0000,2000.0000
224803.6510,2.0000,2000.0000,1000.0000,1316.0000,190.0000,-116.0000,-164.0000,870.0000,-226.0000,6408.0000,0.2765,-0.9282,-0.0548,0.2431,132.4900,21.7900,-87.9600,15.8400,-3.5200,1.0600,0.0000,0.0000,-0.0000,1853.0000,1331.0000,1500.0000,2000.0000
224820.3020,2.0000,2000.0000,1000.0000,1316.0000,228.0000,-102.0000,-176.0000,1129.0000,-330.0000,7331.0000,0.3100,-0.9137,-0.0745,0.2522,132.8400,21.7200,-87.9600,15.7200,-3.7300,1.7200,0.0000,0.0000,-0.0000,1853.0000,1331.0000,1500.0000,2000.0000
224837.3950,2.0000,2000.0000,1000.0000,1316.0000,256.0000,-85.0000,-173.0000,1082.0000,-594.0000,7342.0000,0.3484,-0.8961,-0.0930,0.2589,132.8400,21.7200,-87.9600,15.7200,-3.7300,1.7200,0.0000,0.0000,-0.0000,1853.0000,1331.0000,1500.0000,2000.0000
224854.5020,2.0000,2000.0000,1000.0000,1316.0000,292.0000,-72.0000,-166.0000,764.0000,-1311.0000,7072.0000,0.3901,-0.8755,-0.1084,0.2638,133.1500,21.6600,-87.9400,15.5500,-4.0100,2.3700,0.0000,0.0000,-0.0000,1853.0000,1331.0000,1500.0000,2000.0000
224871.5710,2.0000,2000.0000,1673.0000,2000.0000,335.0000,-59.0000,-151.0000,699.0000,-1552.0000,7233.0000,0.4365,-0.8508,-0.1193,0.2672,133.4500,21.5900,-87.9100,15.3500,-4.3100,2.8800,0.0000,0.0000,-0.0000,1034.0000,1207.0000,1500.0000,2000.0000
224888.6490,2.0000,2000.0000,1673.0000,2000.0000,349.0000,-40.0000,-126.0000,868.0000,-1619.0000,7577.0000,0.4850,-0.8225,-0.1251,0.2696,133.7500,21.5100,-87.8700,15.1900,-4.6300,3.2900,0.0000,0.0000,-0.0000,1034.0000,1207.0000,1500.0000,2000.0000
224905.6050,2.0000,2000.0000,1673.0000,2000.0000,299.0000,-37.0000,-94.0000,1204.0000,-1901.0000,7403.0000,0.5283,-0.7943,-0.1276,0.2715,134.1000,21.4300,-87.8200,15.1400,-4.9500,3.6200,0.0000,0.0000,-0.0000,1034.0000,1207.0000,1500.0000,2000.0000
224922.6390,2.0000,2000.0000,1673.0000,2000.0000,209.0000,-59.0000,-45.0000,1211.0000,-2269.0000,5460.0000,0.5603,-0.7703,-0.1287,0.2761,134.4300,21.3500,-87.7700,15.1300,-5.2700,3.8300,0.0000,0.0000,-0.0000,1034.0000,1207.0000,1500.0000,2000.0000
224939.6350,2.0000,2000.0000,1673.0000,2000.0000,85.0000,-81.0000,3.0000,899.0000,-1930.0000,4390.0000,0.5768,-0.7545,-0.1303,0.2848,134.7400,21.2600,-87.7100,15.1800,-5.4200,3.9200,0.0000,0.0000,-0.0000,1034.0000,1207.0000,1500.0000,2000.0000
224956.4580,2.0000,2000.0000,1933.0000,1933.0000,-58.0000,-95.0000,49.0000,907.0000,-1873.0000,4692.0000,0.5752,-0.7505,-0.1338,0.2966,134.7400,21.2600,-87.7100,15.1800,-5.4200,3.9200,0.0000,0.0000,-0.0000,1067.0000,1503.0000,1500.0000,2000.0000
224973.1490,2.0000,2000.0000,1934.0000,1932.0000,-149.0000,-105.0000,88.0000,716.0000,-1752.0000,4747.0000,0.5584,-0.7567,-0.1385,0.3105,135.0400,21.1800,-87.6400,15.2000,-5.5500,4.0100,0.0000,0.0000,-0.0000,1067.0000,1503.0000,1500.0000,2000.0000
224990.3870,2.0000,2000.0000,1934.0000,1932.0000,-212.0000,-103.0000,122.0000,810.0000,-1453.0000,5134.0000,0.5304,-0.7691,-0.1431,0.3268,135.3500,21.0900,-87.5700,15.1800,-5.6800,4.1300,0.0000,0.0000,-0.0000,1067.0000,1503.0000,1500.0000,2000.0000
225007.3270,2.0000,2000.0000,1934.0000,1932.0000,-277.0000,-90.0000,146.0000,727.0000,-1503.0000,5960.0000,0.4937,-0.7857,-0.1469,0.3426,135.6900,21.0000,-87.5000,15.1500,-5.7800,4.3100,0.0000,0.0000,-0.0000,1067.0000,1503.0000,1500.0000,2000.0000
225024.3440,2.0000,2000.0000,1934.0000,1932.0000,-342.0000,-66.0000,166.0000,296.0000,-1382.0000,6743.0000,0.4474,-0.8067,-0.1497,0.3558,136.0200,20.9100,-87.4200,15.0100,-5.9300,4.5600,0.0000,0.0000,-0.0000,1067.0000,1503.0000,1500.0000,2000.0000
225041.4000,2.0000,2000.0000,1000.0000,1265.0000,-418.0000,-37.0000,175.0000,301.0000,-1091.0000,7019.0000,0.3906,-0.8318,-0.1520,0.3639,136.3300,20.8200,-87.3300,14.7700,-6.0700,4.9000,0.0000,0.0000,-0.0000,1924.0000,1313.0000,1500.0000,2000.0000
225057.9500,2.0000,2000.0000,1000.0000,1263.0000,-453.0000,0.0000,175.0000,373.0000,-573.0000,6505.0000,0.3280,-0.8574,-0.1542,0.3655,136.3300,20.8200,-87.3300,14.7700,-6.0700,4.9000,0.0000,0.0000,-0.0000,1924.0000,1313.0000,1500.0000,2000.0000
225074.7910,2.0000,2000.0000,1000.0000,1263.0000,-463.0000,26.0000,167.0000,378.0000,-90.0000,4537.0000,0.2604,-0.8819,-0.1563,0.3607,136.6300,20.7300,-87.2400,14.5100,-6.1300,5.3500,0.0000,0.0000,-0.0000,1924.0000,1313.0000,1500.0000,2000.0000
225091.8860,2.0000,2000.0000,1000.0000,1263.0000,-417.0000,38.0000,151.0000,575.0000,220.0000,2314.0000,0.1932,-0.9026,-0.1574,0.3510,136.9200,20.6400,-87.1400,14.3900,-6.0300,5.8100,0.0000,0.0000,-0.0000,1924.0000,1313.0000,1500.0000,2000.0000
225108.8810,2.0000,2000.0000,1000.0000,1263.0000,-312.0000,37.0000,122.0000,744.0000,381.0000,738.0000,0.1370,-0.9168,-0.1569,0.3407,137.2500,20.5600,-87.0200,14.4500,-5.8400,6.1800,0.0000,0.0000,-0.0000,1924.0000,1313.0000,1500.0000,2000.0000
225125.8490,2.0000,2000.0000,1000.0000,1263.0000,-174.0000,18.0000,66.0000,1023.0000,1124.0000,-771.0000,0.0995,-0.9246,-0.1557,0.3331,137.5600,20.4800,-86.9000,14.6600,-5.5800,6.4400,0.0000,0.0000,-0.0000,1924.0000,1313.0000,1500.0000,2000.0000
225142.6420,2.0000,2000.0000,1000.0000,1263.0000,-13.0000,-15.0000,4.0000,517.0000,1701.0000,-1582.0000,0.0854,-0.9266,-0.1556,0.3314,137.8800,20.4300,-86.7800,15.0000,-5.1700,6.6100,0.0000,0.0000,-0.0000,1924.0000,1313.0000,1500.0000,2000.0000
225159.5480,2.0000,2000.0000,1171.0000,1041.0000,127.0000,-34.0000,-49.0000,-114.0000,1539.0000,-1775.0000,0.0951,-0.9241,-0.1560,0.3356,137.8800,20.4300,-86.7800,15.0000,-5.1700,6.6100,0.0000,0.0000,-0.0000,1895.0000,1567.0000,1500.0000,2000.0000
225176.4150,2.0000,2000.0000,1171.0000,1041.0000,222.0000,-42.0000,-91.0000,-89.0000,1199.0000,-1196.0000,0.1224,-0.9175,-0.1573,0.3441,138.1900,20.3900,-86.6600,15.2900,-4.7400,6.6900,0.0000,0.0000,-0.0000,1895.0000,1567.0000,1500.0000,2000.0000
225193.5780,2.0000,2000.0000,1171.0000,1041.0000,288.0000,-35.0000,-117.0000,-87.0000,784.0000,-46.0000,0.1611,-0.9079,-0.1588,0.3529,138.5000,20.3600,-86.5300,15.4800,-4.4600,6.8000,0.0000,0.0000,-0.0000,1895.0000,1567.0000,1500.0000,2000.0000
225210.2920,2.0000,2000.0000,1171.0000,1041.0000,372.0000,-5.0000,-128.0000,-28.0000,271.0000,1381.0000,0.2098,-0.8953,-0.1584,0.3596,138.8500,20.3000,-86.4000,15.5100,-4.4500,6.9800,0.0000,0.0000,-0.0000,1895.0000,1567.0000,1500.0000,2000.0000
225227.0410,2.0000,2000.0000,1171.0000,1041.0000,448.0000,39.0000,-131.0000,-255.0000,132.0000,1326.0000,0.2708,-0.8787,-0.1525,0.3623,139.1900,20.2500,-86.2600,15.4200,-4.5100,7.2400,0.0000,0.0000,-0.0000,1895.0000,1567.0000,1500.0000,2000.0000
225244.0410,2.0000,2000.0000,1712.0000,1334.0000,486.0000,77.0000,-126.0000,-471.0000,152.0000,-224.0000,0.3399,-0.8578,-0.1408,0.3588,139.5100,20.2000,-86.1100,15.3400,-4.5500,7.4500,0.0000,0.0000,-0.0000,1035.0000,1822.0000,1500.0000,2000.0000
225261.1700,2.0000,2000.0000,2000.0000,1644.0000,498.0000,94.0000,-116.0000,-236.0000,-240.0000,-2288.0000,0.4109,-0.8326,-0.1241,0.3502,139.5100,20.2000,-86.1100,15.3400,-4.5500,7.4500,0.0000,0.0000,-0.0000,1035.0000,1822.0000,1500.0000,2000.0000
225277.9830,2.0000,2000.0000,2000.0000,1644.0000,470.0000,102.0000,-95.0000,74.0000,-540.0000,-3473.0000,0.4770,-0.8040,-0.1045,0.3392,139.8100,20.1500,-85.9700,15.4000,-4.5000,7.5400,0.0000,0.0000,-0.0000,1035.0000,1822.0000,1500.0000,2000.0000
225295.1290,2.0000,2000.0000,2000.0000,1644.0000,392.0000,98.0000,-67.0000,691.0000,-714.0000,-3468.0000,0.5340,-0.7749,-0.0848,0.3274,140.1200,20.0900,-85.8300,15.5500,-4.4000,7.5700,0.0000,0.0000,-0.0000,1035.0000,1822.0000,1500.0000,2000.0000
225312.1990,2.0000,2000.0000,2000.0000,1644.0000,266.0000,104.0000,-28.0000,1016.0000,-1275.0000,-3033.0000,0.5749,-0.7521,-0.0659,0.3154,140.4600,20.0200,-85.6700,15.7100,-4.3900,7.6300,0.0000,0.0000,-0.0000,1035.0000,1822.0000,1500.0000,2000.0000
225328.8670,2.0000,2000.0000,2000.0000,1644.0000,101.0000,96.0000,27.0000,578.0000,-2219.0000,-2622.0000,0.5956,-0.7409,-0.0493,0.3064,140.7900,19.9500,-85.5200,15.8200,-4.4600,7.6700,0.0000,0.0000,-0.0000,1035.0000,1822.0000,1500.0000,2000.0000
225345.7200,2.0000,2000.0000,1339.0000,2000.0000,-56.0000,98.0000,80.0000,550.0000,-2115.0000,-2725.0000,0.5958,-0.7438,-0.0342,0.3010,141.1000,19.9000,-85.3800,15.8200,-4.5800,7.6300,0.0000,0.0000,-0.0000,1267.0000,1107.0000,1500.0000,2000.0000
225362.4990,2.0000,2000.0000,1339.0000,2000.0000,-169.0000,107.0000,116.0000,622.0000,-1789.0000,-3022.0000,0.5789,-0.7587,-0.0199,0.2981,141.1000,19.9000,-85.3800,15.8200,-4.5800,7.6300,0.0000,0.0000,-0.0000,1267.0000,1107.0000,1500.0000,2000.0000
225379.6170,2.0000,2000.0000,1339.0000,2000.0000,-267.0000,88.0000,145.0000,171.0000,-884.0000,-5036.0000,0.5480,-0.7817,-0.0063,0.2976,141.3800,19.8400,-85.2300,15.8200,-4.6600,7.6100,0.0000,0.0000,-0.0000,1267.0000,1107.0000,1500.0000,2000.0000
225396.7130,2.0000,2000.0000,1339.0000,2000.0000,-330.0000,33.0000,161.0000,98.0000,-264.0000,-7103.0000,0.5051,-0.8082,0.0029,0.3027,141.6900,19.7700,-85.0900,15.8100,-4.6300,7.6000,0.0000,0.0000,-0.0000,1267.0000,1107.0000,1500.0000,2000.0000
225413.4280,2.0000,2000.0000,1339.0000,2000.0000,-330.0000,-37.0000,169.0000,82.0000,-145.0000,-7893.0000,0.4576,-0.8314,0.0070,0.3152,142.0200,19.6700,-84.9300,15.8700,-4.4900,7.5500,0.0000,0.0000,-0.0000,1267.0000,1107.0000,1500.0000,2000.0000
225430.3220,2.0000,2000.0000,1339.0000,2000.0000,-294.0000,-124.0000,162.0000,-181.0000,170.0000,-6754.0000,0.4102,-0.8476,0.0066,0.3364,142.3400,19.5900,-84.7700,15.9500,-4.3200,7.4200,0.0000,0.0000,-0.0000,1267.0000,1107.0000,1500.0000,2000.0000
225447.1900,2.0000,2000.0000,1000.0000,1421.0000,-250.0000,-198.0000,149.0000,27.0000,121.0000,-2729.0000,0.3682,-0.8545,0.0023,0.3664,142.6200,19.5100,-84.6000,15.9000,-4.3700,7.3700,0.0000,0.0000,-0.0000,1901.0000,1180.0000,1500.0000,2000.0000
225464.1120,2.0000,2000.0000,1000.0000,1420.0000,-218.0000,-243.0000,128.0000,169.0000,422.0000,2040.0000,0.3304,-0.8540,-0.0057,0.4019,142.6200,19.5100,-84.6000,15.9000,-4.3700,7.3700,0.0000,0.0000,-0.0000,1901.0000,1180.0000,1500.0000,2000.0000
225481.0090,2.0000,2000.0000,1000.0000,1420.0000,-177.0000,-280.0000,87.0000,355.0000,712.0000,6570.0000,0.2979,-0.8470,-0.0174,0.4400,142.9000,19.4400,-84.4600,15.5600,-4.7200,7.5500,0.0000,0.0000,-0.0000,1901.0000,1180.0000,1500.0000,2000.0000
225498.2470,2.0000,2000.0000,1000.0000,1420.0000,-108.0000,-302.0000,29.0000,702.0000,864.0000,9724.0000,0.2746,-0.8332,-0.0331,0.4789,143.1800,19.3300,-84.3000,14.9100,-5.3100,8.0200,0.0000,0.0000,-0.0000,1901.0000,1180.0000,1500.0000,2000.0000
225515.0690,2.0000,2000.0000,1000.0000,1420.0000,-41.0000,-289.0000,-18.0000,1370.0000,121.0000,13353.0000,0.2639,-0.8142,-0.0498,0.5148,143.4700,19.2000,-84.1300,14.0600,-5.9700,8.6500,0.0000,0.0000,-0.0000,1901.0000,1180.0000,1500.0000,2000.0000
225531.8230,2.0000,2000.0000,1000.0000,1416.0000,13.0000,-250.0000,-53.0000,1875.0000,-524.0000,15891.0000,0.2629,-0.7935,-0.0652,0.5450,143.7300,19.0700,-83.9400,12.9400,-6.7200,9.3700,0.0000,0.0000,-0.0000,1848.0000,1240.0000,1500.0000,2000.0000
225548.5100,2.0000,2000.0000,1000.0000,1413.0000,63.0000,-207.0000,-84.0000,1898.0000,-524.0000,17054.0000,0.2707,-0.7729,-0.0784,0.5685,143.9500,18.9300,-83.7500,11.7200,-7.4700,10.0500,0.0000,0.0000,-0.0000,1848.0000,1240.0000,1500.0000,2000.0000
225565.6640,2.0000,2000.0000,1000.0000,1413.0000,88.0000,-152.0000,-107.0000,1606.0000,-438.0000,16228.0000,0.2861,-0.7531,-0.0894,0.5857,143.9500,18.9300,-83.7500,11.7200,-7.4700,10.0500,0.0000,0.0000,-0.0000,1848.0000,1240.0000,1500.0000,2000.0000
225582.6980,2.0000,2000.0000,1000.0000,1413.0000,117.0000,-102.0000,-128.0000,1358.0000,-778.0000,15122.0000,0.3070,-0.7361,-0.0980,0.5953,144.1300,18.7800,-83.5500,10.5600,-8.1000,10.6100,0.0000,0.0000,-0.0000,1848.0000,1240.0000,1500.0000,2000.0000
225599.8710,2.0000,2000.0000,1000.0000,1413.0000,150.0000,-65.0000,-139.0000,1007.0000,-1109.0000,13188.0000,0.3332,-0.7202,-0.1037,0.5997,144.3200,18.6100,-83.3300,9.7100,-8.5700,11.0100,0.0000,0.0000,-0.0000,1848.0000,1240.0000,1500.0000,2000.0000
225616.8630,2.0000,2000.0000,1000.0000,1413.0000,178.0000,-40.0000,-147.0000,777.0000,-980.0000,10559.0000,0.3631,-0.7052,-0.1063,0.5997,144.5300,18.4400,-83.1000,9.1500,-8.9100,11.2700,0.0000,0.0000,-0.0000,1848.0000,1240.0000,1500.0000,2000.0000
225633.8570,2.0000,2000.0000,1000.0000,1413.0000,203.0000,-25.0000,-141.0000,605.0000,-1063.0000,8600.0000,0.3961,-0.6893,-0.1049,0.5975,144.7100,18.2700,-82.8700,8.8900,-9.1200,11.4300,0.0000,0.0000,-0.0000,1848.0000,1240.0000,1500.0000,2000.0000
225650.8870,2.0000,2000.0000,1000.0000,1611.0000,227.0000,-19.0000,-134.0000,536.0000,-1391.0000,7415.0000,0.4302,-0.6729,-0.1000,0.5935,144.8900,18.1000,-82.6400,8.8400,-9.2600,11.5200,0.0000,0.0000,-0.0000,1737.0000,1154.0000,1500.0000,2000.0000
225667.8900,2.0000,2000.0000,1000.0000,1611.0000,253.0000,-35.0000,-123.0000,327.0000,-1405.0000,5682.0000,0.4655,-0.6526,-0.0927,0.5906,144.8900,18.1000,-82.6400,8.8400,-9.2600,11.5200,0.0000,0.0000,-0.0000,1737.0000,1154.0000,1500.0000,2000.0000
225684.6630,2.0000,2000.0000,1000.0000,1611.0000,249.0000,-67.0000,-106.0000,274.0000,-1456.0000,4668.0000,0.4995,-0.6290,-0.0843,0.5898,145.1000,17.9400,-82.4000,8.9700,-9.2300,11.5500,0.0000,0.0000,-0.0000,1737.0000,1154.0000,1500.0000,2000.0000
225701.6570,2.0000,2000.0000,1000.0000,1611.0000,240.0000,-108.0000,-77.0000,375.0000,-1939.0000,4973.0000,0.5296,-0.6018,-0.0770,0.5927,145.3300,17.7800,-82.1500,9.2000,-9.0500,11.5600,0.0000,0.0000,-0.0000,1737.0000,1154.0000,1500.0000,2000.0000
225718.4680,2.0000,2000.0000,1000.0000,1611.0000,226.0000,-156.0000,-45.0000,328.0000,-2382.0000,6062.0000,0.5541,-0.5710,-0.0720,0.6014,145.5400,17.6200,-81.9100,9.3600,-8.9900,11.5000,0.0000,0.0000,-0.0000,1737.0000,1154.0000,1500.0000,2000.0000
225735.3550,2.0000,2000.0000,1000.0000,1611.0000,213.0000,-184.0000,-21.0000,654.0000,-2301.0000,8191.0000,0.5740,-0.5371,-0.0687,0.6142,145.7500,17.4700,-81.6700,9.3900,-9.0700,11.3200,0.0000,0.0000,-0.0000,1737.0000,1154.0000,1500.0000,2000.0000
225752.2530,2.0000,2000.0000,1000.0000,1681.0000,206.0000,-206.0000,6.0000,836.0000,-2208.0000,10035.0000,0.5900,-0.5011,-0.0659,0.6297,145.9500,17.3200,-81.4400,9.2400,-9.2800,11.0100,0.0000,0.0000,-0.0000,1714.0000,1107.0000,1500.0000,2000.0000
225768.8320,2.0000,2000.0000,1000.0000,1681.0000,189.0000,-215.0000,27.0000,973.0000,-2476.0000,12002.0000,0.6014,-0.4647,-0.0638,0.6467,145.9500,17.3200,-81.4400,9.2400,-9.2800,11.0100,0.0000,0.0000,-0.0000,1714.0000,1107.0000,1500.0000,2000.0000
225785.6180,2.0000,2000.0000,1000.0000,1681.0000,174.0000,-212.0000,42.0000,1192.0000,-2203.0000,13631.0000,0.6093,-0.4284,-0.0622,0.6644,146.1300,17.1600,-81.2100,8.9900,-9.5800,10.5100,0.0000,0.0000,-0.0000,1714.0000,1107.0000,1500.0000,2000.0000
225802.7720,2.0000,2000.0000,1000.0000,1681.0000,152.0000,-195.0000,43.0000,1105.0000,-1814.0000,14847.0000,0.6140,-0.3933,-0.0614,0.6816,146.3200,16.9900,-81.0000,8.5400,-10.0200,9.8400,0.0000,0.0000,-0.0000,1714.0000,1107.0000,1500.0000,2000.0000
225819.5610,2.0000,2000.0000,1000.0000,1681.0000,120.0000,-165.0000,41.0000,1157.0000,-1782.0000,15595.0000,0.6166,-0.3635,-0.0612,0.6957,146.5000,16.8000,-80.8000,7.9600,-10.5100,9.0000,0.0000,0.0000,-0.0000,1714.0000,1107.0000,1500.0000,2000.0000
225836.6510,2.0000,2000.0000,1000.0000,1639.0000,100.0000,-124.0000,32.0000,1047.0000,-1615.0000,15214.0000,0.6181,-0.3388,-0.0609,0.7067,146.6600,16.6100,-80.6100,7.4000,-10.9400,8.0600,0.0000,0.0000,-0.0000,1860.0000,1150.0000,1500.0000,2000.0000
225853.4990,2.0000,2000.0000,1000.0000,1491.0000,81.0000,-94.0000,21.0000,919.0000,-1311.0000,14073.0000,0.6200,-0.3194,-0.0599,0.7142,146.8000,16.4200,-80.4600,6.9200,-11.2700,7.1200,0.0000,0.0000,-0.0000,1860.0000,1150.0000,1500.0000,2000.0000
225870.3480,2.0000,2000.0000,1000.0000,1491.0000,71.0000,-71.0000,12.0000,831.0000,-1256.0000,12773.0000,0.6220,-0.3038,-0.0586,0.7193,146.8000,16.4200,-80.4600,6.9200,-11.2700,7.1200,0.0000,0.0000,-0.0000,1860.0000,1150.0000,1500.0000,2000.0000
225887.5990,2.0000,2000.0000,1000.0000,1491.0000,86.0000,-45.0000,1.0000,635.0000,-1250.0000,11312.0000,0.6252,-0.2905,-0.0549,0.7223,146.9400,16.2000,-80.3100,6.4400,-11.6300,6.2600,0.0000,0.0000,-0.0000,1860.0000,1150.0000,1500.0000,2000.0000
225904.3410,2.0000,2000.0000,1000.0000,1491.0000,103.0000,-31.0000,-12.0000,434.0000,-1080.0000,9855.0000,0.6302,-0.2780,-0.0482,0.7233,147.0700,15.9600,-80.1800,6.0100,-12.0000,5.5000,0.0000,0.0000,-0.0000,1860.0000,1150.0000,1500.0000,2000.0000
225921.0200,2.0000,2000.0000,1000.0000,1491.0000,118.0000,-18.0000,-24.0000,261.0000,-866.0000,8445.0000,0.6371,-0.2651,-0.0392,0.7227,147.1900,15.7200,-80.0600,5.7000,-12.2600,4.8600,0.0000,0.0000,-0.0000,1860.0000,1150.0000,1500.0000,2000.0000
225937.8340,2.0000,2000.0000,1119.0000,1125.0000,137.0000,-20.0000,-32.0000,154.0000,-938.0000,6916.0000,0.6456,-0.2510,-0.0282,0.7207,147.3000,15.4900,-79.9500,5.5100,-12.4200,4.3600,0.0000,0.0000,-0.0000,1879.0000,1496.0000,1500.0000,2000.0000
225954.5510,2.0000,2000.0000,1119.0000,1125.0000,156.0000,-29.0000,-36.0000,148.0000,-982.0000,5488.0000,0.6550,-0.2344,-0.0162,0.7181,147.4100,15.2600,-79.8600,5.4400,-12.4900,4.0000,0.0000,0.0000,-0.0000,1879.0000,1496.0000,1500.0000,2000.0000
225971.6180,2.0000,2000.0000,1119.0000,1125.0000,188.0000,-42.0000,-37.0000,284.0000,-1155.0000,5588.0000,0.6650,-0.2139,-0.0029,0.7156,147.4100,15.2600,-79.8600,5.4400,-12.4900,4.0000,0.0000,0.0000,-0.0000,1879.0000,1496.0000,1500.0000,2000.0000
225988.5210,2.0000,2000.0000,1119.0000,1125.0000,254.0000,-33.0000,-31.0000,292.0000,-1146.0000,6774.0000,0.6755,-0.1877,0.0154,0.7129,147.5100,15.0100,-79.7600,5.2300,-12.6900,3.7200,0.0000,0.0000,-0.0000,1879.0000,1496.0000,1500.0000,2000.0000
226005.3450,2.0000,2000.0000,1119.0000,1125.0000,348.0000,1.0000,-19.0000,225.0000,-1656.0000,7669.0000,0.6859,-0.1565,0.0441,0.7093,147.6000,14.7300,-79.6700,4.9300,-13.0100,3.3400,0.0000,0.0000,-0.0000,1879.0000,1496.0000,1500.0000,2000.0000
226022.4350,2.0000,2000.0000,1119.0000,1125.0000,454.0000,44.0000,-2.0000,48.0000,-1550.0000,7527.0000,0.6953,-0.1168,0.0892,0.7036,147.6800,14.4700,-79.5900,4.7300,-13.3100,2.8400,0.0000,0.0000,-0.0000,1879.0000,1496.0000,1500.0000,2000.0000
226039.0170,2.0000,2000.0000,1119.0000,1125.0000,509.0000,92.0000,16.0000,-37.0000,-1278.0000,6184.0000,0.7002,-0.0745,0.1456,0.6949,147.7500,14.2000,-79.5200,4.6200,-13.5600,2.3700,0.0000,0.0000,-0.0000,1879.0000,1496.0000,1500.0000,2000.0000
226055.8200,2.0000,2000.0000,2000.0000,1684.0000,529.0000,130.0000,33.0000,-40.0000,-1154.0000,3631.0000,0.6986,-0.0317,0.2096,0.6833,147.8200,13.9400,-79.4600,4.5900,-13.7300,2.1200,0.0000,0.0000,-0.0000,1047.0000,1770.0000,1500.0000,2000.0000
226072.3590,2.0000,2000.0000,2000.0000,1684.0000,521.0000,165.0000,44.0000,160.0000,-462.0000,-356.0000,0.6900,0.0082,0.2759,0.6691,147.8200,13.9400,-79.4600,4.5900,-13.7300,2.1200,0.0000,0.0000,-0.0000,1047.0000,1770.0000,1500.0000,2000.0000
226089.3580,2.0000,2000.0000,2000.0000,1684.0000,421.0000,165.0000,51.0000,-36.0000,489.0000,-4377.0000,0.6755,0.0424,0.3393,0.6533,147.8800,13.6300,-79.3900,4.2600,-13.9500,2.2500,0.0000,0.0000,-0.0000,1047.0000,1770.0000,1500.0000,2000.0000
226106.2940,2.0000,2000.0000,2000.0000,1684.0000,257.0000,136.0000,60.0000,-97.0000,663.0000,-7319.0000,0.6596,0.0644,0.3861,0.6416,147.9000,13.3000,-79.3100,3.4500,-14.1100,2.7300,0.0000,0.0000,-0.0000,1047.0000,1770.0000,1500.0000,2000.0000
226123.2670,2.0000,2000.0000,2000.0000,1684.0000,58.0000,104.0000,71.0000,135.0000,487.0000,-7951.0000,0.6449,0.0727,0.4119,0.6397,147.9000,12.9900,-79.2100,2.4300,-14.1200,3.4000,0.0000,0.0000,-0.0000,1047.0000,1770.0000,1500.0000,2000.0000
226140.0870,2.0000,2000.0000,1846.0000,1648.0000,-104.0000,80.0000,81.0000,286.0000,509.0000,-6908.0000,0.6322,0.0660,0.4171,0.6496,147.8800,12.6900,-79.1000,1.4900,-14.0800,4.1000,0.0000,0.0000,-0.0000,1252.0000,1601.0000,1500.0000,2000.0000
226157.1030,2.0000,2000.0000,1846.0000,1648.0000,-211.0000,82.0000,86.0000,-345.0000,546.0000,-5140.0000,0.6207,0.0485,0.4081,0.6677,147.8500,12.4200,-78.9900,0.7800,-14.0600,4.6900,0.0000,0.0000,-0.0000,1252.0000,1601.0000,1500.0000,2000.0000
226173.8660,2.0000,2000.0000,1846.0000,1648.0000,-321.0000,79.0000,75.0000,-264.0000,776.0000,-4271.0000,0.6095,0.0207,0.3875,0.6913,147.8500,12.4200,-78.9900,0.7800,-14.0600,4.6900,0.0000,0.0000,-0.0000,1252.0000,1601.0000,1500.0000,2000.0000
226190.9940,2.0000,2000.0000,1846.0000,1648.0000,-366.0000,81.0000,64.0000,-117.0000,1023.0000,-3498.0000,0.5984,-0.0148,0.3581,0.7166,147.7900,12.0700,-78.8500,0.1600,-14.2900,5.1700,0.0000,0.0000,-0.0000,1252.0000,1601.0000,1500.0000,2000.0000
226207.7890,2.0000,2000.0000,1846.0000,1648.0000,-381.0000,83.0000,44.0000,459.0000,1010.0000,-2469.0000,0.5870,-0.0534,0.3255,0.7394,147.7200,11.7100,-78.7000,-0.3500,-14.5900,5.5900,0.0000,0.0000,-0.0000,1252.0000,1601.0000,1500.0000,2000.0000
226224.5570,2.0000,2000.0000,1846.0000,1648.0000,-383.0000,100.0000,17.0000,272.0000,1202.0000,-2039.0000,0.5759,-0.0944,0.2915,0.7579,147.6500,11.3600,-78.5500,-0.7500,-14.9200,5.9700,0.0000,0.0000,-0.0000,1252.0000,1601.0000,1500.0000,2000.0000
226241.4120,2.0000,2000.0000,1000.0000,1444.0000,-366.0000,111.0000,-19.0000,346.0000,1778.0000,-2968.0000,0.5660,-0.1376,0.2582,0.7707,147.5800,11.0400,-78.3900,-1.0800,-15.1700,6.3200,0.0000,0.0000,-0.0000,1895.0000,1162.0000,1500.0000,2000.0000
226258.4250,2.0000,2000.0000,1000.0000,1444.0000,-357.0000,110.0000,-59.0000,798.0000,2057.0000,-3557.0000,0.5588,-0.1816,0.2249,0.7773,147.5000,10.7300,-78.2300,-1.4000,-15.3100,6.7800,0.0000,0.0000,-0.0000,1895.0000,1162.0000,1500.0000,2000.0000
226275.3590,2.0000,2000.0000,1000.0000,1444.0000,-329.0000,118.0000,-88.0000,715.0000,1500.0000,-2306.0000,0.5538,-0.2256,0.1926,0.7780,147.5000,10.7300,-78.2300,-1.4000,-15.3100,6.7800,0.0000,0.0000,-0.0000,1895.0000,1162.0000,1500.0000,2000.0000
226292.2520,2.0000,2000.0000,1000.0000,1444.0000,-269.0000,129.0000,-111.0000,579.0000,1046.0000,-1900.0000,0.5517,-0.2663,0.1645,0.7731,147.4100,10.3500,-78.0000,-1.7100,-15.5800,7.2500,0.0000,0.0000,-0.0000,1895.0000,1162.0000,1500.0000,2000.0000
226309.1600,2.0000,2000.0000,1000.0000,1444.0000,-166.0000,121.0000,-135.0000,472.0000,830.0000,-3209.0000,0.5538,-0.3014,0.1446,0.7626,147.3200,9.9800,-77.7400,-1.9100,-15.8300,7.6500,0.0000,0.0000,-0.0000,1895.0000,1162.0000,1500.0000,2000.0000
226325.8210,2.0000,2000.0000,1000.0000,1444.0000,-53.0000,87.0000,-156.0000,484.0000,389.0000,-5322.0000,0.5628,-0.3251,0.1345,0.7480,147.2300,9.6100,-77.5100,-1.9900,-15.9500,8.1500,0.0000,0.0000,-0.0000,1895.0000,1162.0000,1500.0000,2000.0000
226342.5990,2.0000,2000.0000,1200.0000,1706.0000,45.0000,37.0000,-176.0000,-80.0000,234.0000,-6047.0000,0.5799,-0.3346,0.1316,0.7311,147.1500,9.2700,-77.2900,-1.9300,-15.9000,8.7900,0.0000,0.0000,-0.0000,1533.0000,1250.0000,1500.0000,2000.0000
226359.1350,2.0000,2000.0000,1220.0000,1718.0000,115.0000,-5.0000,-185.0000,-84.0000,-207.0000,-4984.0000,0.6022,-0.3328,0.1327,0.7134,147.0800,8.9500,-77.0800,-1.8300,-15.7900,9.4000,0.0000,0.0000,-0.0000,1533.0000,1250.0000,1500.0000,2000.0000
226375.8670,2.0000,2000.0000,1220.0000,1718.0000,141.0000,-49.0000,-185.0000,10.0000,-463.0000,-2694.0000,0.6283,-0.3216,0.1352,0.6953,147.0800,8.9500,-77.0800,-1.8300,-15.7900,9.4000,0.0000,0.0000,-0.0000,1533.0000,1250.0000,1500.0000,2000.0000
226392.8560,2.0000,2000.0000,1220.0000,1718.0000,118.0000,-92.0000,-164.0000,-65.0000,-1261.0000,-291.0000,0.6534,-0.3058,0.1336,0.6795,147.0100,8.5800,-76.8100,-1.8000,-15.8700,9.8700,0.0000,0.0000,-0.0000,1533.0000,1250.0000,1500.0000,2000.0000
226409.6960,2.0000,2000.0000,1220.0000,1718.0000,98.0000,-134.0000,-131.0000,-63.0000,-2008.0000,1953.0000,0.6746,-0.2873,0.1259,0.6682,146.9300,8.2100,-76.5300,-1.7900,-16.1300,10.1200,0.0000,0.0000,-0.0000,1533.0000,1250.0000,1500.0000,2000.0000
226426.7570,2.0000,2000.0000,1220.0000,1718.0000,93.0000,-188.0000,-83.0000,181.0000,-2966.0000,4406.0000,0.6918,-0.2633,0.1142,0.6626,146.8500,7.8400,-76.2900,-1.7600,-16.5000,10.1300,0.0000,0.0000,-0.0000,1533.0000,1250.0000,1500.0000,2000.0000
226443.8140,2.0000,1789.0000,1644.0000,2000.0000,84.0000,-224.0000,-43.0000,411.0000,-2825.0000,7621.0000,0.7043,-0.2346,0.0986,0.6627,146.7800,7.4900,-76.0500,-1.7000,-16.9600,9.8700,0.0000,0.0000,-0.0000,1150.0000,1294.0000,1500.0000,1801.0000
226460.4160,2.0000,1789.0000,1645.0000,2000.0000,91.0000,-246.0000,-11.0000,766.0000,-2777.0000,10916.0000,0.7126,-0.2033,0.0818,0.6664,146.7100,7.1400,-75.8200,-1.7100,-17.5200,9.2700,0.0000,0.0000,-0.0000,1150.0000,1294.0000,1500.0000,1801.0000
226477.4610,2.0000,1789.0000,1645.0000,2000.0000,69.0000,-252.0000,28.0000,1017.0000,-2696.0000,13305.0000,0.7170,-0.1693,0.0635,0.6733,146.7100,7.1400,-75.8200,-1.7100,-17.5200,9.2700,0.0000,0.0000,-0.0000,1150.0000,1294.0000,1500.0000,1801.0000
226494.3020,2.0000,1789.0000,1645.0000,2000.0000,29.0000,-243.0000,65.0000,1402.0000,-2943.0000,16533.0000,0.7153,-0.1387,0.0432,0.6835,146.6300,6.7400,-75.5900,-1.7400,-18.0000,8.3700,0.0000,0.0000,-0.0000,1150.0000,1294.0000,1500.0000,1801.0000
226511.0330,2.0000,1789.0000,1645.0000,2000.0000,-43.0000,-205.0000,99.0000,1538.0000,-2821.0000,19166.0000,0.7079,-0.1163,0.0205,0.6964,146.5500,6.3200,-75.3700,-1.7800,-18.4100,7.1200,0.0000,0.0000,-0.0000,1150.0000,1294.0000,1500.0000,1801.0000
226527.9720,2.0000,1789.0000,1645.0000,2000.0000,-117.0000,-150.0000,126.0000,1487.0000,-2511.0000,20101.0000,0.6951,-0.1059,-0.0048,0.7110,146.4700,5.9300,-75.1900,-1.8700,-18.7100,5.5500,0.0000,0.0000,-0.0000,1150.0000,1294.0000,1500.0000,1801.0000
226544.8300,2.0000,1999.0000,1025.0000,1145.0000,-175.0000,-104.0000,150.0000,1324.0000,-2238.0000,18890.0000,0.6780,-0.1079,-0.0311,0.7264,146.4000,5.5500,-75.0500,-2.0400,-18.8900,3.8600,0.0000,0.0000,-0.0000,1917.0000,1439.0000,1500.0000,2000.0000
226561.7670,2.0000,2000.0000,1024.0000,1144.0000,-222.0000,-71.0000,166.0000,1060.0000,-1942.0000,16971.0000,0.6572,-0.1196,-0.0587,0.7418,146.3400,5.1900,-74.9500,-2.2800,-18.9700,2.3700,0.0000,0.0000,-0.0000,1917.0000,1439.0000,1500.0000,2000.0000
226578.9780,2.0000,2000.0000,1024.0000,1144.0000,-231.0000,-46.0000,171.0000,929.0000,-1626.0000,14544.0000,0.6333,-0.1378,-0.0869,0.7566,146.3400,5.1900,-74.9500,-2.2800,-18.9700,2.3700,0.0000,0.0000,-0.0000,1917.0000,1439.0000,1500.0000,2000.0000
226595.9280,2.0000,2000.0000,1024.0000,1144.0000,-168.0000,-46.0000,161.0000,895.0000,-1246.0000,12094.0000,0.6097,-0.1539,-0.1101,0.7697,146.2600,4.7800,-74.8800,-2.6300,-19.0300,1.1100,0.0000,0.0000,-0.0000,1917.0000,1439.0000,1500.0000,2000.0000
226612.7630,2.0000,2000.0000,1024.0000,1144.0000,-91.0000,-59.0000,142.0000,715.0000,-650.0000,10148.0000,0.5889,-0.1621,-0.1257,0.7818,146.1800,4.3800,-74.8200,-3.0000,-19.0300,0.1700,0.0000,0.0000,-0.0000,1917.0000,1439.0000,1500.0000,2000.0000
226629.5250,2.0000,2000.0000,1028.0000,1174.0000,18.0000,-70.0000,111.0000,513.0000,-361.0000,9419.0000,0.5725,-0.1597,-0.1327,0.7932,146.0900,3.9900,-74.7800,-3.3600,-18.9500,-0.5100,0.0000,0.0000,-0.0000,1897.0000,1423.0000,1500.0000,2000.0000
226646.3270,2.0000,2000.0000,1028.0000,1180.0000,150.0000,-35.0000,75.0000,254.0000,5.0000,8832.0000,0.5630,-0.1483,-0.1240,0.8035,146.0000,3.6200,-74.7500,-3.6800,-18.8000,-1.1100,0.0000,0.0000,-0.0000,1897.0000,1423.0000,1500.0000,2000.0000
226663.0480,2.0000,2000.0000,1028.0000,1180.0000,264.0000,-23.0000,26.0000,-23.0000,832.0000,7773.0000,0.5614,-0.1285,-0.0999,0.8114,145.9000,3.2800,-74.7300,-3.9500,-18.5900,-1.6100,0.0000,0.0000,-0.0000,1897.0000,1423.0000,1500.0000,2000.0000
226680.1100,2.0000,2000.0000,1028.0000,1180.0000,340.0000,4.0000,-15.0000,-142.0000,715.0000,6657.0000,0.5664,-0.1019,-0.0643,0.8153,145.9000,3.2800,-74.7300,-3.9500,-18.5900,-1.6100,0.0000,0.0000,-0.0000,1897.0000,1423.0000,1500.0000,2000.0000
226697.4670,2.0000,2000.0000,1028.0000,1180.0000,408.0000,32.0000,-46.0000,-215.0000,986.0000,4220.0000,0.5757,-0.0713,-0.0164,0.8144,145.7900,2.8700,-74.7100,-4.1900,-18.5800,-1.9900,0.0000,0.0000,-0.0000,1897.0000,1423.0000,1500.0000,2000.0000
226714.2870,2.0000,2000.0000,1028.0000,1180.0000,457.0000,42.0000,-82.0000,-433.0000,1319.0000,1756.0000,0.5872,-0.0389,0.0381,0.8076,145.6800,2.4700,-74.6800,-4.3100,-18.6000,-2.1500,0.0000,0.0000,-0.0000,1897.0000,1423.0000,1500.0000,2000.0000
226731.3260,2.0000,1998.0000,1868.0000,1994.0000,496.0000,47.0000,-113.0000,-292.0000,1105.0000,474.0000,0.6002,-0.0026,0.0985,0.7937,145.5600,2.0900,-74.6400,-4.3600,-18.5800,-2.0500,0.0000,0.0000,-0.0000,1066.0000,1436.0000,1500.0000,1999.0000
226748.1560,2.0000,1998.0000,1871.0000,1997.0000,510.0000,48.0000,-131.0000,-293.0000,683.0000,-1307.0000,0.6119,0.0346,0.1614,0.7735,145.4600,1.7400,-74.6000,-4.3800,-18.5400,-1.8000,0.0000,0.0000,-0.0000,1066.0000,1436.0000,1500.0000,1999.0000
226764.9830,2.0000,1998.0000,1871.0000,1997.0000,492.0000,48.0000,-134.0000,-690.0000,465.0000,-3139.0000,0.6209,0.0710,0.2229,0.7481,145.3500,1.4200,-74.5400,-4.4100,-18.4400,-1.3500,0.0000,0.0000,-0.0000,1066.0000,1436.0000,1500.0000,1999.0000
226781.6840,2.0000,1998.0000,1871.0000,1997.0000,437.0000,28.0000,-126.0000,-249.0000,253.0000,-3675.0000,0.6267,0.1041,0.2785,0.7203,145.3500,1.4200,-74.5400,-4.4100,-18.4400,-1.3500,0.0000,0.0000,-0.0000,1066.0000,1436.0000,1500.0000,1999.0000
226798.7820,2.0000,1998.0000,1871.0000,1997.0000,314.0000,13.0000,-107.0000,-52.0000,-142.0000,-3006.0000,0.6312,0.1322,0.3227,0.6928,145.2300,0.9800,-74.4800,-4.5800,-18.7200,-0.8000,0.0000,0.0000,-0.0000,1066.0000,1436.0000,1500.0000,1999.0000
226815.8540,2.0000,1998.0000,1871.0000,1997.0000,165.0000,-5.0000,-69.0000,279.0000,-994.0000,-1998.0000,0.6351,0.1496,0.3490,0.6726,145.1100,0.5400,-74.4100,-4.7400,-19.0300,-0.2900,0.0000,0.0000,-0.0000,1066.0000,1436.0000,1500.0000,1999.0000
226832.8730,2.0000,1998.0000,1871.0000,1997.0000,-35.0000,-23.0000,-13.0000,475.0000,-1883.0000,-1601.0000,0.6383,0.1545,0.3553,0.6652,145.0000,0.1300,-74.3300,-4.7800,-19.3500,0.1900,0.0000,0.0000,-0.0000,1066.0000,1436.0000,1500.0000,1999.0000
226849.9790,2.0000,2000.0000,1393.0000,1603.0000,-197.0000,-36.0000,47.0000,365.0000,-1881.0000,-564.0000,0.6404,0.1474,0.3405,0.6725,144.8900,-0.2600,-74.2300,-4.6900,-19.6500,0.6900,0.0000,0.0000,-0.0000,1504.0000,1394.0000,1500.0000,2000.0000
226866.7080,2.0000,2000.0000,1393.0000,1603.0000,-314.0000,-23.0000,86.0000,204.0000,-1400.0000,375.0000,0.6401,0.1293,0.3105,0.6907,144.7900,-0.6400,-74.1300,-4.5400,-19.9200,1.0800,0.0000,0.0000,-0.0000,1504.0000,1394.0000,1500.0000,2000.0000
226883.7120,2.0000,2000.0000,1393.0000,1603.0000,-343.0000,-22.0000,113.0000,185.0000,-1232.0000,291.0000,0.6365,0.1042,0.2716,0.7143,144.7900,-0.6400,-74.1300,-4.5400,-19.9200,1.0800,0.0000,0.0000,-0.0000,1504.0000,1394.0000,1500.0000,2000.0000
226900.6500,2.0000,2000.0000,1393.0000,1603.0000,-296.0000,-34.0000,128.0000,113.0000,-753.0000,759.0000,0.6288,0.0809,0.2326,0.7375,144.6600,-1.1100,-74.0100,-4.6600,-20.0800,1.3900,0.0000,0.0000,-0.0000,1504.0000,1394.0000,1500.0000,2000.0000
226917.3820,2.0000,2000.0000,1393.0000,1603.0000,-215.0000,-52.0000,123.0000,275.0000,-669.0000,1347.0000,0.6193,0.0668,0.1995,0.7564,144.5400,-1.5700,-73.9000,-4.8000,-20.1900,1.6400,0.0000,0.0000,-0.0000,1504.0000,1394.0000,1500.0000,2000.0000
226934.3880,2.0000,2000.0000,1091.0000,1349.0000,-154.0000,-63.0000,111.0000,354.0000,-514.0000,2486.0000,0.6095,0.0599,0.1727,0.7714,144.4100,-2.0000,-73.7800,-4.9100,-20.2800,1.8100,0.0000,0.0000,-0.0000,1905.0000,1358.0000,1500.0000,2000.0000
226951.3740,2.0000,2000.0000,1000.0000,1237.0000,-117.0000,-78.0000,93.0000,367.0000,-143.0000,3764.0000,0.6011,0.0590,0.1500,0.7828,144.3000,-2.4000,-73.6700,-4.9700,-20.3700,1.8400,0.0000,0.0000,-0.0000,1905.0000,1358.0000,1500.0000,2000.0000
226968.1030,2.0000,2000.0000,1000.0000,1237.0000,-91.0000,-95.0000,66.0000,310.0000,320.0000,4868.0000,0.5949,0.0616,0.1296,0.7909,144.1900,-2.7900,-73.5700,-5.0100,-20.4300,1.7000,0.0000,0.0000,-0.0000,1905.0000,1358.0000,1500.0000,2000.0000
226984.8020,2.0000,2000.0000,1000.0000,1237.0000,-29.0000,-107.0000,24.0000,255.0000,718.0000,5517.0000,0.5925,0.0687,0.1129,0.7946,144.1900,-2.7900,-73.5700,-5.0100,-20.4300,1.7000,0.0000,0.0000,-0.0000,1905.0000,1358.0000,1500.0000,2000.0000
227002.2080,2.0000,2000.0000,1000.0000,1237.0000,85.0000,-95.0000,-18.0000,200.0000,469.0000,6830.0000,0.5937,0.0836,0.1070,0.7931,144.0500,-3.2500,-73.4700,-5.2100,-20.4600,1.4400,0.0000,0.0000,-0.0000,1905.0000,1358.0000,1500.0000,2000.0000
227018.9570,2.0000,2000.0000,1000.0000,1237.0000,197.0000,-83.0000,-56.0000,-38.0000,524.0000,6959.0000,0.5976,0.1062,0.1164,0.7861,143.9100,-3.6900,-73.3800,-5.3500,-20.4600,1.0600,0.0000,0.0000,-0.0000,1905.0000,1358.0000,1500.0000,2000.0000
227035.7590,2.0000,2000.0000,1000.0000,1237.0000,271.0000,-69.0000,-90.0000,178.0000,419.0000,7391.0000,0.6034,0.1343,0.1381,0.7739,143.7800,-4.1000,-73.2900,-5.4100,-20.4100,0.6500,0.0000,0.0000,-0.0000,1905.0000,1358.0000,1500.0000,2000.0000
227052.8340,2.0000,2000.0000,1600.0000,2000.0000,332.0000,-48.0000,-114.0000,156.0000,183.0000,6873.0000,0.6098,0.1659,0.1691,0.7563,143.6500,-4.5000,-73.2200,-5.3900,-20.3600,0.2300,0.0000,0.0000,-0.0000,1114.0000,1245.0000,1500.0000,2000.0000
227069.6210,2.0000,2000.0000,1631.0000,2000.0000,383.0000,-32.0000,-133.0000,226.0000,-63.0000,6194.0000,0.6146,0.1992,0.2083,0.7343,143.5200,-4.8800,-73.1600,-5.3000,-20.3100,-0.0900,0.0000,0.0000,-0.0000,1114.0000,1245.0000,1500.0000,2000.0000
227086.6630,2.0000,2000.0000,1631.0000,2000.0000,405.0000,-16.0000,-145.0000,126.0000,-28.0000,4962.0000,0.6168,0.2331,0.2536,0.7078,143.5200,-4.8800,-73.1600,-5.3000,-20.3100,-0.0900,0.0000,0.0000,-0.0000,1114.0000,1245.0000,1500.0000,2000.0000
227103.4230,2.0000,2000.0000,1631.0000,2000.0000,369.0000,-6.0000,-144.0000,380.0000,-173.0000,4195.0000,0.6174,0.2635,0.2979,0.6787,143.3800,-5.3200,-73.0900,-5.1900,-20.3000,-0.2600,0.0000,0.0000,-0.0000,1114.0000,1245.0000,1500.0000,2000.0000
227120.2900,2.0000,2000.0000,1631.0000,2000.0000,270.0000,-11.0000,-134.0000,296.0000,-393.0000,2889.0000,0.6182,0.2872,0.3345,0.6507,143.2400,-5.7500,-73.0200,-5.1100,-20.2800,-0.3000,0.0000,0.0000,-0.0000,1114.0000,1245.0000,1500.0000,2000.0000
227137.4210,2.0000,2000.0000,1631.0000,2000.0000,136.0000,-16.0000,-108.0000,456.0000,-589.0000,2811.0000,0.6212,0.3008,0.3580,0.6288,143.1200,-6.1500,-72.9600,-5.0700,-20.2400,-0.2100,0.0000,0.0000,-0.0000,1114.0000,1245.0000,1500.0000,2000.0000
227154.1980,2.0000,1998.0000,1841.0000,2000.0000,-10.0000,-27.0000,-72.0000,354.0000,-987.0000,2957.0000,0.6275,0.3030,0.3658,0.6169,143.0000,-6.5300,-72.9000,-5.0200,-20.2000,-0.0600,0.0000,0.0000,-0.0000,1039.0000,1379.0000,1500.0000,1999.0000
227171.2320,2.0000,1998.0000,1841.0000,2000.0000,-129.0000,-36.0000,-22.0000,30.0000,-1641.0000,3015.0000,0.6357,0.2966,0.3594,0.6154,142.8800,-6.9000,-72.8300,-4.9100,-20.1300,0.1100,0.0000,0.0000,-0.0000,1039.0000,1379.0000,1500.0000,1999.0000
227188.0830,2.0000,1998.0000,1841.0000,2000.0000,-249.0000,-35.0000,28.0000,-44.0000,-1856.0000,3478.0000,0.6447,0.2819,0.3385,0.6248,142.8800,-6.9000,-72.8300,-4.9100,-20.1300,0.1100,0.0000,0.0000,-0.0000,1039.0000,1379.0000,1500.0000,1999.0000
227205.1970,2.0000,1998.0000,1841.0000,2000.0000,-338.0000,-14.0000,61.0000,-7.0000,-1048.0000,4040.0000,0.6534,0.2576,0.3062,0.6426,142.7600,-7.3300,-72.7700,-4.6800,-20.0900,0.3000,0.0000,0.0000,-0.0000,1039.0000,1379.0000,1500.0000,1999.0000
227222.0140,2.0000,1998.0000,1841.0000,2000.0000,-411.0000,1.0000,84.0000,-39.0000,-716.0000,3764.0000,0.6599,0.2251,0.2669,0.6653,142.6500,-7.7400,-72.7000,-4.4400,-20.0600,0.3900,0.0000,0.0000,-0.0000,1039.0000,1379.0000,1500.0000,1999.0000
227238.9640,2.0000,2000.0000,1386.0000,2000.0000,-460.0000,18.0000,98.0000,-70.0000,-543.0000,3418.0000,0.6638,0.1845,0.2210,0.6903,142.5400,-8.1400,-72.6400,-4.2800,-20.0200,0.4000,0.0000,0.0000,-0.0000,1173.0000,1058.0000,1500.0000,2000.0000
227255.5480,2.0000,2000.0000,1385.0000,2000.0000,-489.0000,36.0000,103.0000,-154.0000,-406.0000,2923.0000,0.6640,0.1387,0.1726,0.7141,142.4400,-8.5300,-72.5800,-4.1900,-19.9600,0.3800,0.0000,0.0000,-0.0000,1173.0000,1058.0000,1500.0000,2000.0000
227272.5100,2.0000,2000.0000,1385.0000,2000.0000,-503.0000,52.0000,103.0000,-243.0000,-111.0000,2472.0000,0.6605,0.0874,0.1218,0.7357,142.3500,-8.8900,-72.5200,-4.1800,-19.8900,0.3800,0.0000,0.0000,-0.0000,1173.0000,1058.0000,1500.0000,2000.0000
227289.4250,2.0000,2000.0000,1385.0000,2000.0000,-471.0000,44.0000,95.0000,-296.0000,541.0000,1442.0000,0.6535,0.0356,0.0719,0.7527,142.2500,-9.3100,-72.4600,-4.2200,-19.8600,0.4100,0.0000,0.0000,-0.0000,1173.0000,1058.0000,1500.0000,2000.0000
227306.3200,2.0000,2000.0000,1385.0000,2000.0000,-418.0000,11.0000,75.0000,-65.0000,438.0000,1180.0000,0.6445,-0.0098,0.0243,0.7641,142.2500,-9.3100,-72.4600,-4.2200,-19.8600,0.4100,0.0000,0.0000,-0.0000,1173.0000,1058.0000,1500.0000,2000.0000
227323.1270,2.0000,2000.0000,1385.0000,2000.0000,-365.0000,-48.0000,36.0000,150.0000,1075.0000,2030.0000,0.6368,-0.0445,-0.0216,0.7695,142.1400,-9.7100,-72.4000,-4.3100,-19.8200,0.5100,0.0000,0.0000,-0.0000,1173.0000,1058.0000,1500.0000,2000.0000
227339.8370,2.0000,1966.0000,1035.0000,1121.0000,-322.0000,-95.0000,0.0000,101.0000,991.0000,4249.0000,0.6318,-0.0678,-0.0667,0.7693,142.0400,-10.1100,-72.3300,-4.4600,-19.7900,0.5800,0.0000,0.0000,-0.0000,1924.0000,1456.0000,1500.0000,1969.0000
227356.7850,2.0000,1966.0000,1034.0000,1120.0000,-289.0000,-118.0000,-27.0000,229.0000,154.0000,7304.0000,0.6289,-0.0834,-0.1115,0.7649,141.9400,-10.4800,-72.2600,-4.6700,-19.7300,0.4100,0.0000,0.0000,-0.0000,1924.0000,1456.0000,1500.0000,1969.0000
227373.4520,2.0000,1966.0000,1034.0000,1120.0000,-238.0000,-130.0000,-49.0000,433.0000,-217.0000,9302.0000,0.6275,-0.0931,-0.1526,0.7579,141.8400,-10.8400,-72.1900,-4.9100,-19.6300,-0.0600,0.0000,0.0000,-0.0000,1924.0000,1456.0000,1500.0000,1969.0000
227390.4820,2.0000,1966.0000,1034.0000,1120.0000,-152.0000,-138.0000,-80.0000,760.0000,-447.0000,10924.0000,0.6289,-0.0948,-0.1881,0.7484,141.7200,-11.2500,-72.1400,-5.1400,-19.5800,-0.7400,0.0000,0.0000,-0.0000,1924.0000,1456.0000,1500.0000,1969.0000
227407.4990,2.0000,1966.0000,1034.0000,1120.0000,-52.0000,-136.0000,-103.0000,1001.0000,-681.0000,11708.0000,0.6338,-0.0863,-0.2135,0.7384,141.7200,-11.2500,-72.1400,-5.1400,-19.5800,-0.7400,0.0000,0.0000,-0.0000,1924.0000,1456.0000,1500.0000,1969.0000
227424.5170,2.0000,1966.0000,1034.0000,1120.0000,45.0000,-117.0000,-114.0000,1242.0000,-1332.0000,13032.0000,0.6419,-0.0690,-0.2274,0.7291,141.6100,-11.6600,-72.1000,-5.4300,-19.4700,-1.5300,0.0000,0.0000,-0.0000,1924.0000,1456.0000,1500.0000,1969.0000
227441.3980,2.0000,1966.0000,1034.0000,1120.0000,152.0000,-72.0000,-112.0000,1244.0000,-1849.0000,13910.0000,0.6519,-0.0457,-0.2271,0.7220,141.4900,-12.0400,-72.0800,-5.6900,-19.3100,-2.4600,0.0000,0.0000,-0.0000,1924.0000,1456.0000,1500.0000,1969.0000
227458.2840,2.0000,1488.0000,1602.0000,2000.0000,277.0000,-4.0000,-101.0000,1043.0000,-1985.0000,13832.0000,0.6633,-0.0176,-0.2088,0.7184,141.3700,-12.4100,-72.0800,-5.8800,-19.0800,-3.5300,0.0000,0.0000,-0.0000,1091.0000,1200.0000,1500.0000,1511.0000
227475.3320,2.0000,1483.0000,1609.0000,2000.0000,384.0000,53.0000,-86.0000,760.0000,-1826.0000,11481.0000,0.6744,0.0157,-0.1704,0.7182,141.2600,-12.7600,-72.1100,-5.9100,-18.8400,-4.5400,0.0000,0.0000,-0.0000,1091.0000,1200.0000,1500.0000,1511.0000
227492.3430,2.0000,1483.0000,1609.0000,2000.0000,444.0000,97.0000,-69.0000,406.0000,-1480.0000,8568.0000,0.6824,0.0515,-0.1173,0.7196,141.1400,-13.1600,-72.1400,-5.7100,-18.7000,-5.2900,0.0000,0.0000,-0.0000,1091.0000,1200.0000,1500.0000,1511.0000
227509.0640,2.0000,1483.0000,1609.0000,2000.0000,419.0000,116.0000,-52.0000,63.0000,-805.0000,4810.0000,0.6859,0.0845,-0.0598,0.7203,141.1400,-13.1600,-72.1400,-5.7100,-18.7000,-5.2900,0.0000,0.0000,-0.0000,1091.0000,1200.0000,1500.0000,1511.0000
227525.6790,2.0000,1483.0000,1609.0000,2000.0000,310.0000,117.0000,-33.0000,-157.0000,-635.0000,1363.0000,0.6857,0.1092,-0.0090,0.7196,141.0400,-13.5400,-72.1700,-5.3600,-18.6500,-5.6300,0.0000,0.0000,-0.0000,1091.0000,1200.0000,1500.0000,1511.0000
227542.5330,2.0000,1999.0000,1504.0000,2000.0000,171.0000,119.0000,-7.0000,-207.0000,-582.0000,-1022.0000,0.6835,0.1210,0.0288,0.7193,140.9500,-13.9100,-72.1700,-5.0100,-18.6700,-5.5200,0.0000,0.0000,-0.0000,1071.0000,1075.0000,1500.0000,2000.0000
227559.3350,2.0000,2000.0000,1504.0000,2000.0000,19.0000,97.0000,24.0000,-454.0000,-628.0000,-2858.0000,0.6801,0.1186,0.0490,0.7218,140.8700,-14.2500,-72.1700,-4.7400,-18.6900,-5.1100,0.0000,0.0000,-0.0000,1071.0000,1075.0000,1500.0000,2000.0000
227575.9130,2.0000,2000.0000,1504.0000,2000.0000,-86.0000,51.0000,67.0000,-532.0000,-963.0000,-3990.0000,0.6749,0.1076,0.0515,0.7282,140.8000,-14.5700,-72.1600,-4.5300,-18.6800,-4.5000,0.0000,0.0000,-0.0000,1071.0000,1075.0000,1500.0000,2000.0000
227592.7290,2.0000,2000.0000,1504.0000,2000.0000,-162.0000,0.0000,100.0000,-99.0000,-842.0000,-4162.0000,0.6672,0.0928,0.0389,0.7380,140.8000,-14.5700,-72.1600,-4.5300,-18.6800,-4.5000,0.0000,0.0000,-0.0000,1071.0000,1075.0000,1500.0000,2000.0000
227609.3210,2.0000,2000.0000,1504.0000,2000.0000,-204.0000,-36.0000,113.0000,92.0000,-409.0000,-3061.0000,0.6580,0.0779,0.0160,0.7488,140.7200,-14.9900,-72.1400,-4.4200,-18.6400,-3.8100,0.0000,0.0000,-0.0000,1071.0000,1075.0000,1500.0000,2000.0000
227625.9310,2.0000,2000.0000,1504.0000,2000.0000,-230.0000,-74.0000,119.0000,320.0000,147.0000,-1417.0000,0.6477,0.0635,-0.0145,0.7591,140.6400,-15.3700,-72.0900,-4.3300,-18.6100,-3.1900,0.0000,0.0000,-0.0000,1071.0000,1075.0000,1500.0000,2000.0000
227642.5380,2.0000,1610.0000,1033.0000,1365.0000,-251.0000,-99.0000,120.0000,157.0000,242.0000,727.0000,0.6363,0.0504,-0.0502,0.7682,140.5800,-15.7300,-72.0400,-4.2700,-18.5700,-2.7800,0.0000,0.0000,-0.0000,1803.0000,1333.0000,1500.0000,1631.0000
227659.2350,2.0000,1610.0000,1032.0000,1364.0000,-267.0000,-123.0000,113.0000,159.0000,-316.0000,3248.0000,0.6240,0.0379,-0.0907,0.7753,140.5200,-16.0700,-71.9700,-4.2000,-18.4600,-2.6100,0.0000,0.0000,-0.0000,1803.0000,1333.0000,1500.0000,1631.0000
227676.2450,2.0000,1610.0000,1032.0000,1364.0000,-252.0000,-141.0000,99.0000,189.0000,-157.0000,5083.0000,0.6111,0.0273,-0.1339,0.7796,140.4600,-16.3800,-71.9000,-4.1400,-18.3100,-2.7100,0.0000,0.0000,-0.0000,1803.0000,1333.0000,1500.0000,1631.0000
227693.2950,2.0000,1610.0000,1032.0000,1364.0000,-190.0000,-162.0000,67.0000,220.0000,229.0000,6802.0000,0.5991,0.0233,-0.1735,0.7813,140.4600,-16.3800,-71.9000,-4.1400,-18.3100,-2.7100,0.0000,0.0000,-0.0000,1803.0000,1333.0000,1500.0000,1631.0000
227709.9410,2.0000,1610.0000,1032.0000,1364.0000,-118.0000,-177.0000,19.0000,197.0000,796.0000,8352.0000,0.5905,0.0281,-0.2060,0.7798,140.3800,-16.7900,-71.8600,-4.2300,-18.2600,-3.0100,0.0000,0.0000,-0.0000,1803.0000,1333.0000,1500.0000,1631.0000
227726.6740,2.0000,1610.0000,1032.0000,1364.0000,-21.0000,-175.0000,-23.0000,499.0000,276.0000,10511.0000,0.5860,0.0426,-0.2292,0.7760,140.3100,-17.1700,-71.8300,-4.4200,-18.0700,-3.4400,0.0000,0.0000,-0.0000,1803.0000,1333.0000,1500.0000,1631.0000
227743.2880,2.0000,1999.0000,1484.0000,2000.0000,57.0000,-154.0000,-55.0000,567.0000,-177.0000,11568.0000,0.5853,0.0645,-0.2406,0.7716,140.2300,-17.5200,-71.8100,-4.6100,-17.7800,-4.0700,0.0000,0.0000,-0.0000,1063.0000,1047.0000,1500.0000,2000.0000
227760.3510,2.0000,2000.0000,1484.0000,2000.0000,108.0000,-129.0000,-81.0000,626.0000,-103.0000,12046.0000,0.5878,0.0900,-0.2425,0.7665,140.1600,-17.8500,-71.8100,-4.7400,-17.4200,-4.8200,0.0000,0.0000,-0.0000,1063.0000,1047.0000,1500.0000,2000.0000
227777.0950,2.0000,2000.0000,1484.0000,2000.0000,122.0000,-112.0000,-99.0000,990.0000,-315.0000,11717.0000,0.5925,0.1169,-0.2380,0.7607,140.0800,-18.1600,-71.8500,-4.8300,-17.0200,-5.6200,0.0000,0.0000,-0.0000,1063.0000,1047.0000,1500.0000,2000.0000
227794.0840,2.0000,2000.0000,1484.0000,2000.0000,67.0000,-97.0000,-103.0000,1242.0000,-234.0000,11006.0000,0.5991,0.1405,-0.2344,0.7526,140.0800,-18.1600,-71.8500,-4.8300,-17.0200,-5.6200,0.0000,0.0000,-0.0000,1063.0000,1047.0000,1500.0000,2000.0000
227811.2700,2.0000,2000.0000,1484.0000,2000.0000,-3.0000,-92.0000,-94.0000,1257.0000,-453.0000,10310.0000,0.6065,0.1573,-0.2374,0.7424,139.9900,-18.5400,-71.9100,-4.8900,-16.7700,-6.3700,0.0000,0.0000,-0.0000,1063.0000,1047.0000,1500.0000,2000.0000
227828.1570,2.0000,2000.0000,1484.0000,2000.0000,-54.0000,-89.0000,-83.0000,1153.0000,-1217.0000,9924.0000,0.6139,0.1675,-0.2469,0.7308,139.8900,-18.8900,-71.9800,-4.9000,-16.5300,-7.0600,0.0000,0.0000,-0.0000,1063.0000,1047.0000,1500.0000,2000.0000
227844.9770,2.0000,2000.0000,1378.0000,2000.0000,-85.0000,-84.0000,-67.0000,1142.0000,-1354.0000,9690.0000,0.6207,0.1731,-0.2606,0.7189,139.8000,-19.2300,-72.0800,-4.8400,-16.2800,-7.6900,0.0000,0.0000,-0.0000,1276.0000,1155.0000,1500.0000,2000.0000
227861.9070,2.0000,2000.0000,1378.0000,2000.0000,-105.0000,-74.0000,-50.0000,1178.0000,-1465.0000,9344.0000,0.6266,0.1747,-0.2765,0.7074,139.7200,-19.5400,-72.1900,-4.7700,-16.0200,-8.2800,0.0000,0.0000,-0.0000,1276.0000,1155.0000,1500.0000,2000.0000
227878.7240,2.0000,2000.0000,1378.0000,2000.0000,-108.0000,-80.0000,-36.0000,1190.0000,-1409.0000,8374.0000,0.6309,0.1741,-0.2935,0.6968,139.6400,-19.8500,-72.3100,-4.7100,-15.7800,-8.8200,0.0000,0.0000,-0.0000,1276.0000,1155.0000,1500.0000,2000.0000
227895.7280,2.0000,2000.0000,1378.0000,2000.0000,-104.0000,-91.0000,-21.0000,1083.0000,-1380.0000,7483.0000,0.6329,0.1741,-0.3118,0.6870,139.6400,-19.8500,-72.3100,-4.7100,-15.7800,-8.8200,0.0000,0.0000,-0.0000,1276.0000,1155.0000,1500.0000,2000.0000
227912.7420,2.0000,2000.0000,1378.0000,2000.0000,-102.0000,-105.0000,-5.0000,1067.0000,-1269.0000,7390.0000,0.6321,0.1755,-0.3312,0.6782,139.5400,-20.2000,-72.4300,-4.7700,-15.6100,-9.2500,0.0000,0.0000,-0.0000,1276.0000,1155.0000,1500.0000,2000.0000
227929.6310,2.0000,2000.0000,1378.0000,2000.0000,-103.0000,-116.0000,12.0000,1185.0000,-1312.0000,7881.0000,0.6289,0.1765,-0.3520,0.6704,139.4500,-20.5300,-72.5600,-4.8400,-15.4500,-9.6000,0.0000,0.0000,-0.0000,1276.0000,1155.0000,1500.0000,2000.0000
227946.4090,2.0000,1437.0000,1491.0000,1835.0000,-105.0000,-127.0000,25.0000,1251.0000,-1207.0000,7994.0000,0.6234,0.1777,-0.3739,0.6633,139.3500,-20.8600,-72.7000,-4.9400,-15.2300,-9.9900,0.0000,0.0000,-0.0000,1336.0000,1327.0000,1500.0000,1468.0000
227963.4290,2.0000,1437.0000,1491.0000,1835.0000,-103.0000,-131.0000,33.0000,1292.0000,-1141.0000,8594.0000,0.6161,0.1791,-0.3971,0.6562,139.2600,-21.1700,-72.8500,-5.0700,-14.9700,-10.3800,0.0000,0.0000,-0.0000,1336.0000,1327.0000,1500.0000,1468.0000
227980.4090,2.0000,1437.0000,1491.0000,1835.0000,-103.0000,-127.0000,39.0000,1145.0000,-1219.0000,9325.0000,0.6078,0.1798,-0.4198,0.6497,139.1700,-21.4600,-73.0000,-5.2400,-14.6500,-10.7700,0.0000,0.0000,-0.0000,1336.0000,1327.0000,1500.0000,1468.0000
227997.4370,2.0000,1437.0000,1491.0000,1835.0000,-108.0000,-112.0000,41.0000,960.0000,-1024.0000,9605.0000,0.5994,0.1790,-0.4416,0.6432,139.1700,-21.4600,-73.0000,-5.2400,-14.6500,-10.7700,0.0000,0.0000,-0.0000,1336.0000,1327.0000,1500.0000,1468.0000
228014.1430,2.0000,1437.0000,1491.0000,1835.0000,-108.0000,-97.0000,42.0000,681.0000,-656.0000,9243.0000,0.5916,0.1764,-0.4619,0.6368,139.0500,-21.7900,-73.1500,-5.5400,-14.2900,-11.1500,0.0000,0.0000,-0.0000,1336.0000,1327.0000,1500.0000,1468.0000
228031.0060,2.0000,1821.0000,1551.0000,2000.0000,-110.0000,-93.0000,39.0000,598.0000,-655.0000,9197.0000,0.5843,0.1727,-0.4814,0.6301,138.9400,-22.1100,-73.3200,-5.8500,-13.9100,-11.4500,0.0000,0.0000,-0.0000,1120.0000,1197.0000,1500.0000,1993.0000
228048.0350,2.0000,1992.0000,1577.0000,2000.0000,-109.0000,-81.0000,39.0000,491.0000,-717.0000,9133.0000,0.5772,0.1686,-0.5001,0.6231,138.8200,-22.4000,-73.4900,-6.1600,-13.5100,-11.6900,0.0000,0.0000,-0.0000,1120.0000,1197.0000,1500.0000,1993.0000
228065.0140,2.0000,1992.0000,1577.0000,2000.0000,-122.0000,-73.0000,41.0000,579.0000,-965.0000,8700.0000,0.5707,0.1630,-0.5180,0.6159,138.6900,-22.6800,-73.6700,-6.4600,-13.1000,-11.9000,0.0000,0.0000,-0.0000,1120.0000,1197.0000,1500.0000,1993.0000
228081.6020,2.0000,1992.0000,1577.0000,2000.0000,-152.0000,-57.0000,52.0000,805.0000,-711.0000,8018.0000,0.5652,0.1537,-0.5367,0.6073,138.5700,-22.9400,-73.8500,-6.7300,-12.7200,-12.0700,0.0000,0.0000,-0.0000,1120.0000,1197.0000,1500.0000,1993.0000
228098.7960,2.0000,1992.0000,1577.0000,2000.0000,-177.0000,-50.0000,62.0000,1133.0000,-644.0000,7711.0000,0.5597,0.1396,-0.5573,0.5972,138.5700,-22.9400,-73.8500,-6.7300,-12.7200,-12.0700,0.0000,0.0000,-0.0000,1120.0000,1197.0000,1500.0000,1993.0000
228115.4130,2.0000,1992.0000,1577.0000,2000.0000,-189.0000,-46.0000,68.0000,1350.0000,-869.0000,7636.0000,0.5538,0.1232,-0.5783,0.5862,138.4200,-23.2300,-74.0300,-7.0300,-12.3300,-12.1900,0.0000,0.0000,-0.0000,1120.0000,1197.0000,1500.0000,1993.0000
228132.0720,2.0000,1999.0000,1000.0000,1273.0000,-195.0000,-43.0000,72.0000,1305.0000,-757.0000,6990.0000,0.5477,0.1050,-0.5994,0.5742,138.2800,-23.5100,-74.2000,-7.3400,-12.0000,-12.3000,0.0000,0.0000,-0.0000,1903.0000,1345.0000,1500.0000,2000.0000
228148.8040,2.0000,2000.0000,1000.0000,1252.0000,-198.0000,-37.0000,73.0000,1232.0000,-325.0000,6612.0000,0.5412,0.0858,-0.6201,0.5615,138.1300,-23.7700,-74.3500,-7.6200,-11.7600,-12.3500,0.0000,0.0000,-0.0000,1903.0000,1345.0000,1500.0000,2000.0000
228165.3210,2.0000,2000.0000,1000.0000,1252.0000,-200.0000,-38.0000,71.0000,1254.0000,-531.0000,6231.0000,0.5346,0.0662,-0.6397,0.5483,137.9800,-24.0200,-74.4900,-7.9300,-11.5300,-12.3200,0.0000,0.0000,-0.0000,1903.0000,1345.0000,1500.0000,2000.0000
228181.9410,2.0000,2000.0000,1000.0000,1252.0000,-184.0000,-46.0000,68.0000,1030.0000,-645.0000,4462.0000,0.5270,0.0478,-0.6586,0.5350,137.8000,-24.2900,-74.6100,-8.2400,-11.1700,-12.2500,0.0000,0.0000,-0.0000,1903.0000,1345.0000,1500.0000,2000.0000
228198.7930,2.0000,2000.0000,1000.0000,1252.0000,-129.0000,-67.0000,61.0000,1267.0000,-577.0000,2892.0000,0.5173,0.0335,-0.6760,0.5238,137.8000,-24.2900,-74.6100,-8.2400,-11.1700,-12.2500,0.0000,0.0000,-0.0000,1903.0000,1345.0000,1500.0000,2000.0000
228215.7350,2.0000,2000.0000,1000.0000,1252.0000,-47.0000,-91.0000,41.0000,1249.0000,-474.0000,2599.0000,0.5059,0.0276,-0.6890,0.5183,137.6300,-24.5400,-74.7200,-8.3900,-11.0000,-12.1200,0.0000,0.0000,-0.0000,1903.0000,1345.0000,1500.0000,2000.0000
228232.5080,2.0000,2000.0000,1000.0000,1252.0000,47.0000,-99.0000,22.0000,1036.0000,-265.0000,3953.0000,0.4938,0.0317,-0.6963,0.5200,137.4600,-24.7800,-74.8200,-8.5200,-10.8900,-11.9700,0.0000,0.0000,-0.0000,1903.0000,1345.0000,1500.0000,2000.0000
228249.4290,2.0000,2000.0000,1307.0000,2000.0000,131.0000,-89.0000,5.0000,1032.0000,-403.0000,5150.0000,0.4825,0.0442,-0.6964,0.5294,137.3000,-25.0100,-74.9000,-8.7000,-10.6800,-11.7900,0.0000,0.0000,-0.0000,1273.0000,1081.0000,1500.0000,2000.0000
228266.3090,2.0000,2000.0000,1307.0000,2000.0000,194.0000,-71.0000,-8.0000,1230.0000,-472.0000,6035.0000,0.4737,0.0620,-0.6885,0.5456,137.1300,-25.2300,-74.9800,-8.9500,-10.3500,-11.6300,0.0000,0.0000,-0.0000,1273.0000,1081.0000,1500.0000,2000.0000
228283.3160,2.0000,2000.0000,1307.0000,2000.0000,191.0000,-54.0000,-12.0000,1201.0000,-470.0000,5372.0000,0.4663,0.0817,-0.6766,0.5640,136.9300,-25.4600,-75.0400,-9.2400,-9.9300,-11.4900,0.0000,0.0000,-0.0000,1273.0000,1081.0000,1500.0000,2000.0000
228300.5030,2.0000,2000.0000,1307.0000,2000.0000,134.0000,-54.0000,-11.0000,1303.0000,-187.0000,4371.0000,0.4602,0.0983,-0.6660,0.5788,136.9300,-25.4600,-75.0400,-9.2400,-9.9300,-11.4900,0.0000,0.0000,-0.0000,1273.0000,1081.0000,1500.0000,2000.0000
228317.0860,2.0000,2000.0000,1307.0000,2000.0000,69.0000,-71.0000,-6.0000,1356.0000,-95.0000,3343.0000,0.4537,0.1107,-0.6617,0.5866,136.7400,-25.6800,-75.0900,-9.4400,-9.6100,-11.3400,0.0000,0.0000,-0.0000,1273.0000,1081.0000,1500.0000,2000.0000
228333.9690,2.0000,2000.0000,1439.0000,2000.0000,11.0000,-94.0000,2.0000,1254.0000,-403.0000,3103.0000,0.4455,0.1205,-0.6639,0.5885,136.5600,-25.8800,-75.1200,-9.5600,-9.3900,-11.1900,0.0000,0.0000,-0.0000,1118.0000,1057.0000,1500.0000,2000.0000
228351.0020,2.0000,2000.0000,1439.0000,2000.0000,-28.0000,-115.0000,8.0000,1032.0000,-250.0000,3432.0000,0.4352,0.1280,-0.6718,0.5856,136.3800,-26.0700,-75.1400,-9.6200,-9.2100,-11.0300,0.0000,0.0000,-0.0000,1118.0000,1057.0000,1500.0000,2000.0000
228367.7400,2.0000,2000.0000,1439.0000,2000.0000,-54.0000,-137.0000,16.0000,1306.0000,-550.0000,4840.0000,0.4228,0.1346,-0.6835,0.5796,136.2000,-26.2500,-75.1600,-9.6900,-8.9700,-10.8600,0.0000,0.0000,-0.0000,1118.0000,1057.0000,1500.0000,2000.0000
228384.5660,2.0000,2000.0000,1439.0000,2000.0000,-82.0000,-150.0000,24.0000,1433.0000,-827.0000,5873.0000,0.4084,0.1401,-0.6986,0.5705,136.0300,-26.4200,-75.1700,-9.8000,-8.6000,-10.7000,0.0000,0.0000,-0.0000,1118.0000,1057.0000,1500.0000,2000.0000
228401.5430,2.0000,2000.0000,1439.0000,2000.0000,-99.0000,-155.0000,31.0000,1519.0000,-973.0000,6501.0000,0.3923,0.1441,-0.7162,0.5589,136.0300,-26.4200,-75.1700,-9.8000,-8.6000,-10.7000,0.0000,0.0000,-0.0000,1118.0000,1057.0000,1500.0000,2000.0000
228418.3210,2.0000,2000.0000,1439.0000,2000.0000,-108.0000,-154.0000,39.0000,1516.0000,-1102.0000,6965.0000,0.3759,0.1462,-0.7343,0.5460,135.8600,-26.5800,-75.1700,-9.9200,-8.1600,-10.5300,0.0000,0.0000,-0.0000,1118.0000,1057.0000,1500.0000,2000.0000
228435.0010,2.0000,2000.0000,1105.0000,1905.0000,-110.0000,-145.0000,44.0000,1578.0000,-1046.0000,7334.0000,0.3594,0.1468,-0.7517,0.5331,135.7000,-26.7200,-75.1600,-10.0400,-7.6700,-10.3300,0.0000,0.0000,-0.0000,1893.0000,1145.0000,1500.0000,2000.0000
228451.8780,2.0000,2000.0000,1000.0000,1463.0000,-117.0000,-140.0000,46.0000,1694.0000,-841.0000,7799.0000,0.3431,0.1461,-0.7690,0.5192,135.5400,-26.8400,-75.1300,-10.1600,-7.1800,-10.0800,0.0000,0.0000,-0.0000,1893.0000,1145.0000,1500.0000,2000.0000
228468.8420,2.0000,2000.0000,1000.0000,1463.0000,-109.0000,-137.0000,45.0000,1659.0000,-682.0000,7430.0000,0.3267,0.1447,-0.7858,0.5048,135.3900,-26.9500,-75.0800,-10.3000,-6.7100,-9.7600,0.0000,0.0000,-0.0000,1893.0000,1145.0000,1500.0000,2000.0000
228485.7190,2.0000,2000.0000,1000.0000,1463.0000,-75.0000,-143.0000,38.0000,1607.0000,-751.0000,6910.0000,0.3098,0.1448,-0.8003,0.4925,135.2500,-27.0400,-75.0200,-10.3900,-6.3200,-9.3900,0.0000,0.0000,-0.0000,1893.0000,1145.0000,1500.0000,2000.0000
228502.8150,2.0000,2000.0000,1000.0000,1463.0000,-39.0000,-148.0000,30.0000,1613.0000,-777.0000,6774.0000,0.2915,0.1481,-0.8117,0.4840,135.2500,-27.0400,-75.0200,-10.3900,-6.3200,-9.3900,0.0000,0.0000,-0.0000,1893.0000,1145.0000,1500.0000,2000.0000
228519.3050,2.0000,2000.0000,1000.0000,1463.0000,2.0000,-145.0000,18.0000,1604.0000,-839.0000,6947.0000,0.2732,0.1544,-0.8195,0.4795,135.1000,-27.1200,-74.9500,-10.4500,-6.0000,-9.0000,0.0000,0.0000,-0.0000,1893.0000,1145.0000,1500.0000,2000.0000
228536.1220,2.0000,2000.0000,1000.0000,1463.0000,37.0000,-146.0000,5.0000,1640.0000,-630.0000,7023.0000,0.2547,0.1633,-0.8241,0.4788,134.9600,-27.1900,-74.8700,-10.4800,-5.6600,-8.5900,0.0000,0.0000,-0.0000,1893.0000,1145.0000,1500.0000,2000.0000
228552.8270,2.0000,2000.0000,1475.0000,2000.0000,59.0000,-137.0000,-6.0000,1626.0000,-441.0000,6955.0000,0.2371,0.1742,-0.8259,0.4809,134.8200,-27.2600,-74.7800,-10.5100,-5.3400,-8.1500,0.0000,0.0000,-0.0000,1121.0000,1097.0000,1500.0000,2000.0000
228569.8260,2.0000,2000.0000,1476.0000,2000.0000,61.0000,-132.0000,-14.0000,1584.0000,-172.0000,6693.0000,0.2200,0.1865,-0.8258,0.4846,134.6900,-27.3200,-74.6700,-10.5100,-5.0400,-7.6800,0.0000,0.0000,-0.0000,1121.0000,1097.0000,1500.0000,2000.0000
228586.5150,2.0000,2000.0000,1476.0000,2000.0000,45.0000,-126.0000,-15.0000,1704.0000,-466.0000,6836.0000,0.2048,0.1981,-0.8257,0.4869,134.5700,-27.3700,-74.5500,-10.4700,-4.7800,-7.2000,0.0000,0.0000,-0.0000,1121.0000,1097.0000,1500.0000,2000.0000
228603.3810,2.0000,2000.0000,1476.0000,2000.0000,8.0000,-127.0000,-13.0000,1787.0000,-548.0000,6445.0000,0.1900,0.2091,-0.8271,0.4858,134.5700,-27.3700,-74.5500,-10.4700,-4.7800,-7.2000,0.0000,0.0000,-0.0000,1121.0000,1097.0000,1500.0000,2000.0000
228620.2690,2.0000,2000.0000,1476.0000,2000.0000,-24.0000,-134.0000,-6.0000,1624.0000,-748.0000,5839.0000,0.1754,0.2188,-0.8312,0.4801,134.4500,-27.4100,-74.4100,-10.3900,-4.5300,-6.7300,0.0000,0.0000,-0.0000,1121.0000,1097.0000,1500.0000,2000.0000
228637.0010,2.0000,2000.0000,1000.0000,1358.0000,-57.0000,-139.0000,0.0000,1528.0000,-889.0000,5756.0000,0.1606,0.2269,-0.8376,0.4703,134.3300,-27.4500,-74.2600,-10.2800,-4.3500,-6.2900,0.0000,0.0000,-0.0000,1904.0000,1241.0000,1500.0000,2000.0000
228653.8760,2.0000,2000.0000,1000.0000,1356.0000,-80.0000,-136.0000,7.0000,1491.0000,-947.0000,5817.0000,0.1462,0.2333,-0.8459,0.4567,134.2200,-27.4800,-74.1100,-10.1500,-4.1700,-5.8500,0.0000,0.0000,-0.0000,1904.0000,1241.0000,1500.0000,2000.0000
228670.8840,2.0000,2000.0000,1000.0000,1356.0000,-81.0000,-141.0000,8.0000,1486.0000,-701.0000,5725.0000,0.1317,0.2387,-0.8549,0.4415,134.1200,-27.5100,-73.9600,-10.0100,-4.0000,-5.3900,0.0000,0.0000,-0.0000,1904.0000,1241.0000,1500.0000,2000.0000
228687.4050,2.0000,2000.0000,1000.0000,1356.0000,-47.0000,-149.0000,5.0000,1445.0000,-826.0000,5442.0000,0.1161,0.2447,-0.8621,0.4283,134.0100,-27.5400,-73.8000,-9.8700,-3.8600,-4.8900,0.0000,0.0000,-0.0000,1904.0000,1241.0000,1500.0000,2000.0000
228704.4590,2.0000,2000.0000,1000.0000,1356.0000,-9.0000,-156.0000,-3.0000,1505.0000,-727.0000,5338.0000,0.0980,0.2527,-0.8666,0.4189,134.0100,-27.5400,-73.8000,-9.8700,-3.8600,-4.8900,0.0000,0.0000,-0.0000,1904.0000,1241.0000,1500.0000,2000.0000
228721.5190,2.0000,2000.0000,1000.0000,1356.0000,37.0000,-152.0000,-12.0000,1636.0000,-601.0000,5815.0000,0.0783,0.2628,-0.8676,0.4149,133.9200,-27.5600,-73.6300,-9.7300,-3.7500,-4.3900,0.0000,0.0000,-0.0000,1904.0000,1241.0000,1500.0000,2000.0000
228738.2490,2.0000,2000.0000,1880.0000,1686.0000,86.0000,-141.0000,-19.0000,1835.0000,-1136.0000,6634.0000,0.0585,0.2735,-0.8649,0.4168,133.8200,-27.5900,-73.4500,-9.5800,-3.6100,-3.8500,0.0000,0.0000,-0.0000,1216.0000,1600.0000,1500.0000,2000.0000
228755.0640,2.0000,2000.0000,1882.0000,1686.0000,121.0000,-124.0000,-23.0000,1676.0000,-887.0000,6618.0000,0.0396,0.2840,-0.8589,0.4244,133.7400,-27.6000,-73.2700,-9.4000,-3.4100,-3.3000,0.0000,0.0000,-0.0000,1216.0000,1600.0000,1500.0000,2000.0000
228771.8640,2.0000,2000.0000,1882.0000,1686.0000,135.0000,-107.0000,-25.0000,1528.0000,-447.0000,6241.0000,0.0218,0.2937,-0.8504,0.4359,133.5900,-27.6400,-73.0900,-9.4300,-3.0600,-2.7400,0.0000,0.0000,-0.0000,1216.0000,1600.0000,1500.0000,2000.0000
228788.8490,2.0000,2000.0000,1882.0000,1686.0000,108.0000,-100.0000,-19.0000,1626.0000,-829.0000,5768.0000,0.0053,0.3026,-0.8418,0.4469,133.2900,-27.7000,-72.9700,-9.9200,-2.4100,-2.2300,0.0000,0.0000,-0.0000,1216.0000,1600.0000,1500.0000,2000.0000
228805.9420,2.0000,2000.0000,1882.0000,1686.0000,52.0000,-92.0000,-11.0000,1693.0000,-889.0000,5495.0000,-0.0090,0.3104,-0.8359,0.4525,133.2900,-27.7000,-72.9700,-9.9200,-2.4100,-2.2300,0.0000,0.0000,-0.0000,1216.0000,1600.0000,1500.0000,2000.0000
228822.6960,2.0000,2000.0000,1882.0000,1686.0000,11.0000,-85.0000,-1.0000,1660.0000,-777.0000,5367.0000,-0.0203,0.3160,-0.8338,0.4522,132.9900,-27.7600,-72.8300,-10.3400,-1.8000,-1.7800,0.0000,0.0000,-0.0000,1216.0000,1600.0000,1500.0000,2000.0000
228839.4120,2.0000,2000.0000,1882.0000,1686.0000,-52.0000,-67.0000,6.0000,1649.0000,-737.0000,5761.0000,-0.0286,0.3201,-0.8352,0.4462,132.7000,-27.7900,-72.6900,-10.7000,-1.2600,-1.3400,0.0000,0.0000,-0.0000,1216.0000,1600.0000,1500.0000,2000.0000
228856.3500,2.0000,2000.0000,1042.0000,1126.0000,-118.0000,-38.0000,15.0000,1539.0000,-511.0000,5563.0000,-0.0312,0.3216,-0.8414,0.4332,132.4100,-27.8200,-72.5400,-11.0000,-0.7400,-0.8700,0.0000,0.0000,-0.0000,1918.0000,1456.0000,1500.0000,2000.0000
228873.1780,2.0000,2000.0000,1040.0000,1126.0000,-179.0000,-10.0000,22.0000,1494.0000,-650.0000,4994.0000,-0.0276,0.3206,-0.8520,0.4129,132.1000,-27.8300,-72.3700,-11.3200,-0.2200,-0.3700,0.0000,0.0000,-0.0000,1918.0000,1456.0000,1500.0000,2000.0000
228890.0560,2.0000,2000.0000,1040.0000,1126.0000,-208.0000,18.0000,30.0000,1438.0000,-732.0000,3777.0000,-0.0190,0.3168,-0.8651,0.3884,131.7700,-27.8200,-72.2000,-11.7200,0.2900,0.0600,0.0000,0.0000,-0.0000,1918.0000,1456.0000,1500.0000,2000.0000
228907.5000,2.0000,2000.0000,1040.0000,1126.0000,-189.0000,34.0000,38.0000,1494.0000,-616.0000,2287.0000,-0.0073,0.3105,-0.8787,0.3626,131.7700,-27.8200,-72.2000,-11.7200,0.2900,0.0600,0.0000,0.0000,-0.0000,1918.0000,1456.0000,1500.0000,2000.0000
228924.2600,2.0000,2000.0000,1040.0000,1126.0000,-127.0000,51.0000,42.0000,1689.0000,-545.0000,1006.0000,0.0036,0.3026,-0.8889,0.3438,131.4300,-27.8100,-72.0100,-12.1600,0.6900,0.4100,0.0000,0.0000,-0.0000,1918.0000,1456.0000,1500.0000,2000.0000
228941.1580,2.0000,2000.0000,1192.0000,1072.0000,-11.0000,53.0000,38.0000,1451.0000,-469.0000,-190.0000,0.0120,0.2941,-0.8945,0.3365,131.0700,-27.7800,-71.7900,-12.6600,0.9600,0.6600,0.0000,0.0000,-0.0000,1869.0000,1562.0000,1500.0000,2000.0000
228958.0120,2.0000,2000.0000,1192.0000,1072.0000,96.0000,58.0000,29.0000,1102.0000,-488.0000,-1349.0000,0.0160,0.2867,-0.8937,0.3447,130.7300,-27.7500,-71.5500,-13.1500,1.1200,0.8000,0.0000,0.0000,-0.0000,1869.0000,1562.0000,1500.0000,2000.0000
228974.8280,2.0000,2000.0000,1192.0000,1072.0000,181.0000,61.0000,16.0000,989.0000,-175.0000,-2047.0000,0.0170,0.2808,-0.8873,0.3656,130.3500,-27.7100,-71.3000,-13.6800,1.2700,0.8300,0.0000,0.0000,-0.0000,1869.0000,1562.0000,1500.0000,2000.0000
228992.0340,2.0000,2000.0000,1192.0000,1072.0000,237.0000,57.0000,11.0000,999.0000,-298.0000,-2214.0000,0.0158,0.2759,-0.8757,0.3960,129.9000,-27.6500,-71.0000,-14.3100,1.5000,0.7800,0.0000,0.0000,-0.0000,1869.0000,1562.0000,1500.0000,2000.0000
229009.0590,2.0000,2000.0000,1192.0000,1072.0000,266.0000,69.0000,10.0000,1219.0000,-353.0000,-2522.0000,0.0129,0.2713,-0.8604,0.4313,129.9000,-27.6500,-71.0000,-14.3100,1.5000,0.7800,0.0000,0.0000,-0.0000,1869.0000,1562.0000,1500.0000,2000.0000
229025.9730,2.0000,2000.0000,1192.0000,1072.0000,297.0000,71.0000,9.0000,1420.0000,-127.0000,-3000.0000,0.0097,0.2663,-0.8419,0.4693,129.4600,-27.5800,-70.6800,-14.8900,1.7100,0.6900,0.0000,0.0000,-0.0000,1869.0000,1562.0000,1500.0000,2000.0000
229042.8760,2.0000,2000.0000,2000.0000,1630.0000,324.0000,69.0000,6.0000,1429.0000,120.0000,-3665.0000,0.0061,0.2605,-0.8195,0.5105,129.0000,-27.5100,-70.3200,-15.5000,1.8800,0.5500,0.0000,0.0000,-0.0000,1044.0000,1827.0000,1500.0000,2000.0000
229059.7560,2.0000,2000.0000,2000.0000,1630.0000,350.0000,60.0000,6.0000,1093.0000,78.0000,-3996.0000,0.0001,0.2554,-0.7930,0.5531,128.5600,-27.4400,-69.9500,-16.0800,1.9800,0.4100,0.0000,0.0000,-0.0000,1044.0000,1827.0000,1500.0000,2000.0000
229076.5800,2.0000,2000.0000,2000.0000,1630.0000,351.0000,46.0000,6.0000,1111.0000,96.0000,-4004.0000,-0.0079,0.2504,-0.7634,0.5953,128.0800,-27.3500,-69.6000,-16.5800,2.1000,0.2800,0.0000,0.0000,-0.0000,1044.0000,1827.0000,1500.0000,2000.0000
229093.8500,2.0000,2000.0000,2000.0000,1630.0000,299.0000,37.0000,7.0000,1202.0000,209.0000,-3795.0000,-0.0164,0.2459,-0.7328,0.6342,127.5600,-27.2300,-69.2800,-17.0200,2.3300,0.2300,0.0000,0.0000,-0.0000,1044.0000,1827.0000,1500.0000,2000.0000
229110.6150,2.0000,2000.0000,2000.0000,1630.0000,222.0000,30.0000,14.0000,1156.0000,-319.0000,-2714.0000,-0.0234,0.2412,-0.7085,0.6629,127.5600,-27.2300,-69.2800,-17.0200,2.3300,0.2300,0.0000,0.0000,-0.0000,1044.0000,1827.0000,1500.0000,2000.0000
229127.7340,2.0000,2000.0000,2000.0000,1630.0000,116.0000,34.0000,30.0000,1331.0000,-730.0000,-1681.0000,-0.0280,0.2351,-0.6925,0.6814,127.0600,-27.1200,-68.9900,-17.3600,2.5800,0.2500,0.0000,0.0000,-0.0000,1044.0000,1827.0000,1500.0000,2000.0000
229144.3400,2.0000,2000.0000,1150.0000,1000.0000,2.0000,44.0000,46.0000,1297.0000,-1089.0000,-898.0000,-0.0302,0.2276,-0.6882,0.6883,126.6000,-27.0100,-68.7100,-17.5800,2.9000,0.3500,0.0000,0.0000,-0.0000,1946.0000,1596.0000,1500.0000,2000.0000
229161.1570,2.0000,2000.0000,1149.0000,1000.0000,-79.0000,61.0000,71.0000,1352.0000,-1271.0000,-938.0000,-0.0294,0.2165,-0.6945,0.6855,126.1600,-26.9000,-68.4400,-17.7000,3.2500,0.4600,0.0000,0.0000,-0.0000,1946.0000,1596.0000,1500.0000,2000.0000
229178.1850,2.0000,2000.0000,1149.0000,1000.0000,-133.0000,77.0000,89.0000,1385.0000,-1166.0000,-1312.0000,-0.0272,0.2018,-0.7085,0.6758,125.6900,-26.7600,-68.1800,-17.8400,3.6800,0.5500,0.0000,0.0000,-0.0000,1946.0000,1596.0000,1500.0000,2000.0000
229195.2880,2.0000,2000.0000,1149.0000,1000.0000,-127.0000,88.0000,98.0000,1254.0000,-943.0000,-1472.0000,-0.0240,0.1839,-0.7249,0.6635,125.1800,-26.5900,-67.9300,-18.0000,4.1500,0.6300,0.0000,0.0000,-0.0000,1946.0000,1596.0000,1500.0000,2000.0000
229212.0480,2.0000,2000.0000,1149.0000,1000.0000,-67.0000,103.0000,104.0000,945.0000,-924.0000,-2005.0000,-0.0212,0.1646,-0.7374,0.6548,125.1800,-26.5900,-67.9300,-18.0000,4.1500,0.6300,0.0000,0.0000,-0.0000,1946.0000,1596.0000,1500.0000,2000.0000
229229.0450,2.0000,2000.0000,1149.0000,1000.0000,37.0000,100.0000,112.0000,1319.0000,-840.0000,-3123.0000,-0.0205,0.1432,-0.7419,0.6547,124.7200,-26.4300,-67.6900,-18.1000,4.4900,0.6900,0.0000,0.0000,-0.0000,1946.0000,1596.0000,1500.0000,2000.0000
229245.6640,2.0000,2000.0000,1149.0000,1000.0000,145.0000,96.0000,114.0000,1477.0000,-687.0000,-4182.0000,-0.0223,0.1214,-0.7355,0.6662,124.2700,-26.2700,-67.4700,-18.2000,4.6900,0.6900,0.0000,0.0000,-0.0000,1946.0000,1596.0000,1500.0000,2000.0000
229262.1750,2.0000,2000.0000,1212.0000,1000.0000,228.0000,81.0000,110.0000,1510.0000,-472.0000,-4807.0000,-0.0275,0.1009,-0.7189,0.6872,123.8600,-26.1200,-67.2600,-18.2900,4.7400,0.6400,0.0000,0.0000,-0.0000,1937.0000,1651.0000,1500.0000,2000.0000
229278.9190,2.0000,2000.0000,1213.0000,1000.0000,283.0000,57.0000,98.0000,1255.0000,-80.0000,-5019.0000,-0.0347,0.0823,-0.6943,0.7141,123.4100,-25.9500,-67.0800,-18.4200,4.8100,0.6400,0.0000,0.0000,-0.0000,1937.0000,1651.0000,1500.0000,2000.0000
229296.0440,2.0000,2000.0000,1213.0000,1000.0000,317.0000,34.0000,89.0000,1224.0000,87.0000,-4662.0000,-0.0442,0.0668,-0.6630,0.7443,122.9400,-25.7500,-66.9200,-18.5400,4.9600,0.7400,0.0000,0.0000,-0.0000,1937.0000,1651.0000,1500.0000,2000.0000
229312.6900,2.0000,2000.0000,1213.0000,1000.0000,349.0000,17.0000,83.0000,1040.0000,82.0000,-4357.0000,-0.0540,0.0531,-0.6272,0.7752,122.9400,-25.7500,-66.9200,-18.5400,4.9600,0.7400,0.0000,0.0000,-0.0000,1937.0000,1651.0000,1500.0000,2000.0000
229329.3710,2.0000,2000.0000,1213.0000,1000.0000,379.0000,3.0000,80.0000,1030.0000,-4.0000,-3884.0000,-0.0654,0.0415,-0.5858,0.8068,122.4900,-25.5600,-66.7700,-18.6000,5.1200,0.9000,0.0000,0.0000,-0.0000,1937.0000,1651.0000,1500.0000,2000.0000
229346.0900,2.0000,2000.0000,1036.0000,1306.0000,395.0000,4.0000,79.0000,1015.0000,-141.0000,-3236.0000,-0.0777,0.0313,-0.5396,0.8377,122.0700,-25.3800,-66.6300,-18.6000,5.3000,1.1000,0.0000,0.0000,-0.0000,1830.0000,1364.0000,1500.0000,2000.0000
229362.5500,2.0000,2000.0000,1036.0000,1306.0000,401.0000,-3.0000,79.0000,1142.0000,-30.0000,-2480.0000,-0.0896,0.0210,-0.4913,0.8661,121.6900,-25.2100,-66.5000,-18.5700,5.5300,1.3100,0.0000,0.0000,-0.0000,1830.0000,1364.0000,1500.0000,2000.0000
229379.3810,2.0000,2000.0000,1036.0000,1306.0000,411.0000,-12.0000,71.0000,1226.0000,-195.0000,-1928.0000,-0.1017,0.0118,-0.4388,0.8927,121.2700,-25.0200,-66.3700,-18.5900,5.8400,1.5900,0.0000,0.0000,-0.0000,1830.0000,1364.0000,1500.0000,2000.0000
229396.2310,2.0000,2000.0000,1036.0000,1306.0000,414.0000,-19.0000,64.0000,946.0000,-142.0000,-2025.0000,-0.1127,0.0033,-0.3833,0.9167,120.8100,-24.7900,-66.2300,-18.6400,6.1700,1.9400,0.0000,0.0000,-0.0000,1830.0000,1364.0000,1500.0000,2000.0000
229413.1650,2.0000,2000.0000,1036.0000,1306.0000,404.0000,-27.0000,54.0000,790.0000,161.0000,-2146.0000,-0.1222,-0.0036,-0.3267,0.9372,120.8100,-24.7900,-66.2300,-18.6400,6.1700,1.9400,0.0000,0.0000,-0.0000,1830.0000,1364.0000,1500.0000,2000.0000
229429.7230,2.0000,2000.0000,1036.0000,1306.0000,383.0000,-37.0000,49.0000,827.0000,187.0000,-1552.0000,-0.1309,-0.0084,-0.2722,0.9533,120.3900,-24.5800,-66.0900,-18.6200,6.4600,2.4000,0.0000,0.0000,-0.0000,1830.0000,1364.0000,1500.0000,2000.0000
229446.6650,2.0000,2000.0000,1000.0000,1731.0000,366.0000,-41.0000,47.0000,579.0000,-9.0000,-1009.0000,-0.1395,-0.0116,-0.2182,0.9658,119.9900,-24.3700,-65.9400,-18.5700,6.7600,2.8600,0.0000,0.0000,-0.0000,1703.0000,1067.0000,1500.0000,2000.0000
229463.4230,2.0000,2000.0000,1000.0000,1732.0000,367.0000,-43.0000,43.0000,591.0000,-323.0000,-70.0000,-0.1473,-0.0142,-0.1654,0.9751,119.6300,-24.1800,-65.7700,-18.4800,7.0300,3.2800,0.0000,0.0000,-0.0000,1703.0000,1067.0000,1500.0000,2000.0000
229480.4630,2.0000,2000.0000,1000.0000,1732.0000,357.0000,-44.0000,39.0000,782.0000,-95.0000,509.0000,-0.1543,-0.0168,-0.1117,0.9815,119.2200,-23.9600,-65.5900,-18.5100,7.2400,3.6300,0.0000,0.0000,-0.0000,1703.0000,1067.0000,1500.0000,2000.0000
229497.4080,2.0000,2000.0000,1000.0000,1732.0000,312.0000,-69.0000,30.0000,923.0000,-99.0000,643.0000,-0.1598,-0.0172,-0.0615,0.9851,118.7900,-23.7400,-65.4100,-18.6200,7.4000,3.9100,0.0000,0.0000,-0.0000,1703.0000,1067.0000,1500.0000,2000.0000
229514.1910,2.0000,2000.0000,1000.0000,1732.0000,243.0000,-90.0000,26.0000,895.0000,32.0000,1058.0000,-0.1637,-0.0124,-0.0196,0.9862,118.7900,-23.7400,-65.4100,-18.6200,7.4000,3.9100,0.0000,0.0000,-0.0000,1703.0000,1067.0000,1500.0000,2000.0000
229530.9440,2.0000,2000.0000,1000.0000,1617.0000,182.0000,-107.0000,23.0000,981.0000,126.0000,2246.0000,-0.1674,-0.0030,0.0130,0.9858,118.3800,-23.5300,-65.2200,-18.6900,7.5200,4.1400,0.0000,0.0000,-0.0000,1807.0000,1078.0000,1500.0000,2000.0000
229547.7990,2.0000,2000.0000,1000.0000,1616.0000,128.0000,-129.0000,17.0000,972.0000,-164.0000,3483.0000,-0.1706,0.0104,0.0380,0.9845,117.9900,-23.3200,-65.0400,-18.7500,7.6200,4.2300,0.0000,0.0000,-0.0000,1807.0000,1078.0000,1500.0000,2000.0000
229564.4000,2.0000,2000.0000,1000.0000,1616.0000,111.0000,-141.0000,9.0000,1080.0000,-276.0000,4455.0000,-0.1726,0.0271,0.0582,0.9829,117.6200,-23.1400,-64.8500,-18.7800,7.6600,4.1800,0.0000,0.0000,-0.0000,1807.0000,1078.0000,1500.0000,2000.0000
229581.4230,2.0000,2000.0000,1000.0000,1616.0000,94.0000,-155.0000,-2.0000,1237.0000,-262.0000,5364.0000,-0.1732,0.0460,0.0770,0.9808,117.2200,-22.9300,-64.6600,-18.9000,7.6700,4.0100,0.0000,0.0000,-0.0000,1807.0000,1078.0000,1500.0000,2000.0000
229598.5520,2.0000,2000.0000,1000.0000,1616.0000,73.0000,-164.0000,-12.0000,1363.0000,-179.0000,6239.0000,-0.1714,0.0674,0.0935,0.9784,116.7800,-22.7200,-64.4800,-19.0500,7.6500,3.7400,0.0000,0.0000,-0.0000,1807.0000,1078.0000,1500.0000,2000.0000
229615.3890,2.0000,2000.0000,1000.0000,1616.0000,55.0000,-169.0000,-21.0000,1433.0000,-501.0000,7587.0000,-0.1675,0.0896,0.1071,0.9759,116.7800,-22.7200,-64.4800,-19.0500,7.6500,3.7400,0.0000,0.0000,-0.0000,1807.0000,1078.0000,1500.0000,2000.0000
229632.1380,2.0000,2000.0000,1000.0000,1616.0000,29.0000,-160.0000,-28.0000,1616.0000,-737.0000,9115.0000,-0.1626,0.1116,0.1172,0.9733,116.3700,-22.5100,-64.3000,-19.1400,7.5600,3.3400,0.0000,0.0000,-0.0000,1807.0000,1078.0000,1500.0000,2000.0000
229648.9000,2.0000,2000.0000,1000.0000,1639.0000,9.0000,-145.0000,-38.0000,1704.0000,-524.0000,10060.0000,-0.1564,0.1322,0.1238,0.9709,115.9800,-22.3300,-64.1400,-19.1600,7.3700,2.7800,0.0000,0.0000,-0.0000,1787.0000,1075.0000,1500.0000,2000.0000
229665.6880,2.0000,2000.0000,1000.0000,1639.0000,5.0000,-130.0000,-51.0000,1699.0000,-419.0000,10157.0000,-0.1489,0.1504,0.1286,0.9688,115.6000,-22.1600,-63.9900,-19.1100,7.1600,2.1100,0.0000,0.0000,-0.0000,1787.0000,1075.0000,1500.0000,2000.0000
229682.7470,2.0000,2000.0000,1000.0000,1639.0000,11.0000,-114.0000,-67.0000,1683.0000,-577.0000,9767.0000,-0.1397,0.1664,0.1339,0.9669,115.2000,-21.9700,-63.8700,-19.0600,6.9600,1.4100,0.0000,0.0000,-0.0000,1787.0000,1075.0000,1500.0000,2000.0000
229699.8830,2.0000,2000.0000,1000.0000,1639.0000,12.0000,-99.0000,-80.0000,1571.0000,-533.0000,9449.0000,-0.1279,0.1803,0.1396,0.9652,114.7800,-21.7900,-63.7700,-18.9900,6.7500,0.7700,0.0000,0.0000,-0.0000,1787.0000,1075.0000,1500.0000,2000.0000
229716.4550,2.0000,2000.0000,1000.0000,1639.0000,13.0000,-75.0000,-87.0000,1515.0000,-622.0000,8905.0000,-0.1149,0.1905,0.1449,0.9641,114.7800,-21.7900,-63.7700,-18.9900,6.7500,0.7700,0.0000,0.0000,-0.0000,1787.0000,1075.0000,1500.0000,2000.0000
229733.3200,2.0000,2000.0000,1000.0000,1637.0000,27.0000,-68.0000,-91.0000,1439.0000,-842.0000,8487.0000,-0.1019,0.1984,0.1517,0.9629,114.3800,-21.6200,-63.6800,-18.8800,6.5500,0.1900,0.0000,0.0000,-0.0000,1789.0000,1076.0000,1500.0000,2000.0000
229749.8880,2.0000,2000.0000,1000.0000,1636.0000,27.0000,-51.0000,-92.0000,1553.0000,-823.0000,8237.0000,-0.0895,0.2041,0.1591,0.9618,113.9900,-21.4600,-63.6000,-18.7700,6.3300,-0.3200,0.0000,0.0000,-0.0000,1789.0000,1076.0000,1500.0000,2000.0000
229766.5760,2.0000,2000.0000,1000.0000,1636.0000,35.0000,-39.0000,-95.0000,1497.0000,-754.0000,7697.0000,-0.0773,0.2077,0.1672,0.9607,113.6200,-21.3200,-63.5300,-18.6600,6.1300,-0.8000,0.0000,0.0000,-0.0000,1789.0000,1076.0000,1500.0000,2000.0000
229783.2540,2.0000,2000.0000,1000.0000,1636.0000,46.0000,-39.0000,-94.0000,1402.0000,-1162.0000,7277.0000,-0.0656,0.2102,0.1767,0.9593,113.2300,-21.1600,-63.4700,-18.4900,5.9000,-1.2300,0.0000,0.0000,-0.0000,1789.0000,1076.0000,1500.0000,2000.0000
229800.3740,2.0000,2000.0000,1000.0000,1636.0000,51.0000,-33.0000,-89.0000,1418.0000,-1143.0000,6584.0000,-0.0540,0.2120,0.1870,0.9577,113.2300,-21.1600,-63.4700,-18.4900,5.9000,-1.2300,0.0000,0.0000,-0.0000,1789.0000,1076.0000,1500.0000,2000.0000
229817.0240,2.0000,2000.0000,1000.0000,1636.0000,57.0000,-32.0000,-83.0000,1298.0000,-1263.0000,6336.0000,-0.0433,0.2136,0.1977,0.9557,112.8400,-21.0000,-63.4200,-18.3000,5.6600,-1.5700,0.0000,0.0000,-0.0000,1789.0000,1076.0000,1500.0000,2000.0000
229833.6200,2.0000,2000.0000,1000.0000,1636.0000,69.0000,-28.0000,-75.0000,1268.0000,-1297.0000,6084.0000,-0.0342,0.2147,0.2091,0.9534,112.4700,-20.8500,-63.3800,-18.1200,5.4200,-1.8600,0.0000,0.0000,-0.0000,1789.0000,1076.0000,1500.0000,2000.0000
229850.3380,2.0000,2000.0000,1525.0000,2000.0000,86.0000,-34.0000,-71.0000,1329.0000,-1302.0000,6093.0000,-0.0264,0.2160,0.2222,0.9504,112.1000,-20.7100,-63.3400,-17.9400,5.1900,-2.1100,0.0000,0.0000,-0.0000,1036.0000,1061.0000,1500.0000,2000.0000
229867.0480,2.0000,2000.0000,1525.0000,2000.0000,88.0000,-39.0000,-60.0000,1484.0000,-937.0000,5796.0000,-0.0200,0.2183,0.2368,0.9465,111.7600,-20.5800,-63.3000,-17.7600,4.9700,-2.3400,0.0000,0.0000,-0.0000,1036.0000,1061.0000,1500.0000,2000.0000
229883.7050,2.0000,2000.0000,1525.0000,2000.0000,67.0000,-49.0000,-45.0000,1502.0000,-1043.0000,5610.0000,-0.0149,0.2219,0.2498,0.9424,111.4000,-20.4400,-63.2800,-17.5300,4.7200,-2.5600,0.0000,0.0000,-0.0000,1036.0000,1061.0000,1500.0000,2000.0000
229900.4670,2.0000,2000.0000,1525.0000,2000.0000,17.0000,-60.0000,-22.0000,1383.0000,-1418.0000,5637.0000,-0.0104,0.2281,0.2570,0.9391,111.4000,-20.4400,-63.2800,-17.5300,4.7200,-2.5600,0.0000,0.0000,-0.0000,1036.0000,1061.0000,1500.0000,2000.0000
229917.1870,2.0000,2000.0000,1525.0000,2000.0000,-38.0000,-69.0000,-1.0000,1241.0000,-1467.0000,5154.0000,-0.0066,0.2363,0.2559,0.9373,111.0400,-20.3100,-63.2700,-17.2700,4.4100,-2.7500,0.0000,0.0000,-0.0000,1036.0000,1061.0000,1500.0000,2000.0000
229934.1740,2.0000,2000.0000,1000.0000,1608.0000,-76.0000,-80.0000,24.0000,1184.0000,-1324.0000,4585.0000,-0.0040,0.2470,0.2478,0.9368,110.7000,-20.1900,-63.2600,-17.0200,4.1300,-2.8900,0.0000,0.0000,-0.0000,1813.0000,1081.0000,1500.0000,2000.0000
229950.9860,2.0000,2000.0000,1000.0000,1607.0000,-107.0000,-93.0000,48.0000,1049.0000,-989.0000,4408.0000,-0.0030,0.2600,0.2339,0.9369,110.3800,-20.0700,-63.2500,-16.7700,3.9100,-2.9900,0.0000,0.0000,-0.0000,1813.0000,1081.0000,1500.0000,2000.0000
229967.8360,2.0000,2000.0000,1000.0000,1607.0000,-122.0000,-105.0000,67.0000,1142.0000,-1147.0000,4904.0000,-0.0034,0.2755,0.2154,0.9368,110.0700,-19.9700,-63.2400,-16.5000,3.7400,-3.1000,0.0000,0.0000,-0.0000,1813.0000,1081.0000,1500.0000,2000.0000
229984.5610,2.0000,2000.0000,1000.0000,1607.0000,-92.0000,-129.0000,73.0000,1143.0000,-1234.0000,5230.0000,-0.0049,0.2937,0.1976,0.9352,109.7400,-19.8600,-63.2500,-16.2400,3.5000,-3.2600,0.0000,0.0000,-0.0000,1813.0000,1081.0000,1500.0000,2000.0000
230001.5430,2.0000,2000.0000,1000.0000,1607.0000,-36.0000,-152.0000,68.0000,1210.0000,-1358.0000,5868.0000,-0.0080,0.3150,0.1858,0.9307,109.7400,-19.8600,-63.2500,-16.2400,3.5000,-3.2600,0.0000,0.0000,-0.0000,1813.0000,1081.0000,1500.0000,2000.0000
230018.3290,2.0000,2000.0000,1000.0000,1607.0000,20.0000,-171.0000,58.0000,1351.0000,-1337.0000,7020.0000,-0.0125,0.3386,0.1824,0.9230,109.4200,-19.7600,-63.2700,-15.9500,3.2300,-3.4600,0.0000,0.0000,-0.0000,1813.0000,1081.0000,1500.0000,2000.0000
230035.1470,2.0000,2000.0000,1000.0000,1615.0000,47.0000,-176.0000,49.0000,1551.0000,-946.0000,8285.0000,-0.0172,0.3634,0.1849,0.9129,109.1100,-19.6600,-63.3000,-15.5800,2.9400,-3.7300,0.0000,0.0000,-0.0000,1781.0000,1079.0000,1500.0000,2000.0000
230052.1590,2.0000,2000.0000,1000.0000,1641.0000,51.0000,-171.0000,38.0000,1837.0000,-851.0000,9356.0000,-0.0215,0.3877,0.1897,0.9018,108.8300,-19.5800,-63.3300,-15.1200,2.6500,-4.1100,0.0000,0.0000,-0.0000,1781.0000,1079.0000,1500.0000,2000.0000
230068.8040,2.0000,2000.0000,1000.0000,1641.0000,48.0000,-160.0000,27.0000,1871.0000,-656.0000,9577.0000,-0.0251,0.4098,0.1953,0.8907,108.5600,-19.5000,-63.3700,-14.5800,2.3300,-4.5600,0.0000,0.0000,-0.0000,1781.0000,1079.0000,1500.0000,2000.0000
230085.5690,2.0000,2000.0000,1000.0000,1641.0000,48.0000,-150.0000,12.0000,1722.0000,-172.0000,9202.0000,-0.0277,0.4300,0.2020,0.8795,108.5600,-19.5000,-63.3700,-14.5800,2.3300,-4.5600,0.0000,0.0000,-0.0000,1781.0000,1079.0000,1500.0000,2000.0000
230102.6170,2.0000,2000.0000,1000.0000,1641.0000,37.0000,-143.0000,-5.0000,1708.0000,23.0000,9035.0000,-0.0273,0.4488,0.2085,0.8686,108.2700,-19.4300,-63.4400,-14.0100,1.9500,-4.9900,0.0000,0.0000,-0.0000,1781.0000,1079.0000,1500.0000,2000.0000
230119.1620,2.0000,2000.0000,1000.0000,1641.0000,13.0000,-128.0000,-21.0000,1680.0000,-184.0000,9199.0000,-0.0236,0.4649,0.2129,0.8590,108.0000,-19.3700,-63.5200,-13.4500,1.6000,-5.3800,0.0000,0.0000,-0.0000,1781.0000,1079.0000,1500.0000,2000.0000
230135.8120,2.0000,2000.0000,1000.0000,1641.0000,0.0000,-118.0000,-38.0000,1594.0000,-286.0000,8885.0000,-0.0170,0.4790,0.2161,0.8506,107.7500,-19.3100,-63.6100,-12.8800,1.2700,-5.7400,0.0000,0.0000,-0.0000,1781.0000,1079.0000,1500.0000,2000.0000
230152.3060,2.0000,2000.0000,1306.0000,2000.0000,-9.0000,-104.0000,-53.0000,1420.0000,-106.0000,8256.0000,-0.0084,0.4909,0.2192,0.8431,107.5200,-19.2700,-63.7000,-12.3400,0.9500,-6.0400,0.0000,0.0000,-0.0000,1275.0000,1083.0000,1500.0000,2000.0000
230169.2010,2.0000,2000.0000,1307.0000,2000.0000,-9.0000,-95.0000,-69.0000,1552.0000,-274.0000,8013.0000,0.0019,0.5009,0.2234,0.8362,107.3000,-19.2300,-63.8000,-11.8400,0.6900,-6.2900,0.0000,0.0000,-0.0000,1275.0000,1083.0000,1500.0000,2000.0000
230186.2690,2.0000,2000.0000,1307.0000,2000.0000,-22.0000,-95.0000,-77.0000,1548.0000,-549.0000,7746.0000,0.0139,0.5098,0.2282,0.8294,107.3000,-19.2300,-63.8000,-11.8400,0.6900,-6.2900,0.0000,0.0000,-0.0000,1275.0000,1083.0000,1500.0000,2000.0000
230203.3120,2.0000,2000.0000,1307.0000,2000.0000,-46.0000,-82.0000,-78.0000,1589.0000,-410.0000,7278.0000,0.0282,0.5170,0.2299,0.8240,107.0700,-19.2000,-63.9300,-11.3700,0.3100,-6.5100,0.0000,0.0000,-0.0000,1275.0000,1083.0000,1500.0000,2000.0000
230220.4030,2.0000,2000.0000,1307.0000,2000.0000,-69.0000,-81.0000,-76.0000,1521.0000,-578.0000,6989.0000,0.0441,0.5238,0.2288,0.8194,106.8600,-19.1700,-64.0700,-10.9500,-0.0200,-6.6900,0.0000,0.0000,-0.0000,1275.0000,1083.0000,1500.0000,2000.0000
230237.0150,2.0000,2000.0000,1000.0000,1771.0000,-77.0000,-74.0000,-74.0000,1574.0000,-756.0000,7209.0000,0.0603,0.5298,0.2259,0.8153,106.6500,-19.1600,-64.2100,-10.5700,-0.3300,-6.8500,0.0000,0.0000,-0.0000,1633.0000,1100.0000,1500.0000,2000.0000
230253.7430,2.0000,2000.0000,1000.0000,1769.0000,-82.0000,-71.0000,-74.0000,1492.0000,-449.0000,6715.0000,0.0767,0.5350,0.2221,0.8115,106.4700,-19.1500,-64.3500,-10.1900,-0.6200,-6.9900,0.0000,0.0000,-0.0000,1633.0000,1100.0000,1500.0000,2000.0000
230270.3620,2.0000,2000.0000,1000.0000,1769.0000,-83.0000,-66.0000,-72.0000,1540.0000,-546.0000,6688.0000,0.0929,0.5392,0.2177,0.8083,106.3000,-19.1400,-64.4800,-9.8700,-0.8300,-7.1200,0.0000,0.0000,-0.0000,1633.0000,1100.0000,1500.0000,2000.0000
230286.9190,2.0000,2000.0000,1000.0000,1769.0000,-65.0000,-67.0000,-71.0000,1370.0000,-638.0000,5758.0000,0.1082,0.5433,0.2143,0.8045,106.3000,-19.1400,-64.4800,-9.8700,-0.8300,-7.1200,0.0000,0.0000,-0.0000,1633.0000,1100.0000,1500.0000,2000.0000
230303.7720,2.0000,2000.0000,1000.0000,1769.0000,-40.0000,-70.0000,-68.0000,1332.0000,-1163.0000,5464.0000,0.1219,0.5480,0.2131,0.7996,106.1000,-19.1500,-64.6700,-9.5200,-1.1800,-7.2300,0.0000,0.0000,-0.0000,1633.0000,1100.0000,1500.0000,2000.0000
230320.4470,2.0000,2000.0000,1000.0000,1769.0000,-15.0000,-78.0000,-66.0000,1432.0000,-1269.0000,5498.0000,0.1336,0.5538,0.2145,0.7934,105.9200,-19.1600,-64.8600,-9.2300,-1.5300,-7.2800,0.0000,0.0000,-0.0000,1633.0000,1100.0000,1500.0000,2000.0000
230337.3460,2.0000,2000.0000,1578.0000,2000.0000,6.0000,-92.0000,-63.0000,1474.0000,-958.0000,5313.0000,0.1434,0.5613,0.2181,0.7854,105.7600,-19.1800,-65.0400,-8.9500,-1.8600,-7.3100,0.0000,0.0000,-0.0000,1102.0000,1180.0000,1500.0000,2000.0000
230354.1920,2.0000,2000.0000,1578.0000,2000.0000,9.0000,-105.0000,-56.0000,1475.0000,-1096.0000,5429.0000,0.1519,0.5707,0.2227,0.7757,105.6000,-19.2100,-65.2200,-8.6900,-2.1300,-7.3300,0.0000,0.0000,-0.0000,1102.0000,1180.0000,1500.0000,2000.0000
230370.8480,2.0000,2000.0000,1578.0000,2000.0000,-5.0000,-113.0000,-44.0000,1523.0000,-1040.0000,5658.0000,0.1599,0.5810,0.2254,0.7655,105.4600,-19.2400,-65.4000,-8.4200,-2.3900,-7.3300,0.0000,0.0000,-0.0000,1102.0000,1180.0000,1500.0000,2000.0000
230387.6980,2.0000,2000.0000,1578.0000,2000.0000,-30.0000,-115.0000,-28.0000,1601.0000,-1175.0000,6205.0000,0.1683,0.5919,0.2245,0.7556,105.4600,-19.2400,-65.4000,-8.4200,-2.3900,-7.3300,0.0000,0.0000,-0.0000,1102.0000,1180.0000,1500.0000,2000.0000
230404.4990,2.0000,2000.0000,1578.0000,2000.0000,-64.0000,-107.0000,-12.0000,1731.0000,-1296.0000,6940.0000,0.1778,0.6022,0.2187,0.7469,105.3000,-19.2800,-65.6100,-7.9700,-2.7400,-7.3400,0.0000,0.0000,-0.0000,1102.0000,1180.0000,1500.0000,2000.0000
230421.1990,2.0000,2000.0000,1578.0000,2000.0000,-91.0000,-92.0000,3.0000,1850.0000,-1238.0000,7331.0000,0.1879,0.6106,0.2084,0.7405,105.1500,-19.3400,-65.8200,-7.4600,-3.0800,-7.3600,0.0000,0.0000,-0.0000,1102.0000,1180.0000,1500.0000,2000.0000
230438.1990,2.0000,2000.0000,1138.0000,1000.0000,-115.0000,-76.0000,15.0000,1891.0000,-1085.0000,7228.0000,0.1985,0.6170,0.1941,0.7364,105.0200,-19.3900,-66.0300,-6.9400,-3.3700,-7.4000,0.0000,0.0000,-0.0000,1949.0000,1588.0000,1500.0000,2000.0000
230454.9950,2.0000,2000.0000,1138.0000,1000.0000,-117.0000,-64.0000,24.0000,1848.0000,-1144.0000,6792.0000,0.2087,0.6214,0.1777,0.7340,104.9100,-19.4500,-66.2400,-6.4400,-3.6100,-7.4400,0.0000,0.0000,-0.0000,1949.0000,1588.0000,1500.0000,2000.0000
230471.9460,2.0000,2000.0000,1138.0000,1000.0000,-80.0000,-70.0000,25.0000,1668.0000,-1012.0000,5715.0000,0.2165,0.6259,0.1628,0.7314,104.8100,-19.5100,-66.4400,-6.0500,-3.7800,-7.4600,0.0000,0.0000,-0.0000,1949.0000,1588.0000,1500.0000,2000.0000
230489.0170,2.0000,2000.0000,1138.0000,1000.0000,-25.0000,-82.0000,17.0000,1754.0000,-707.0000,5130.0000,0.2209,0.6328,0.1525,0.7263,104.8100,-19.5100,-66.4400,-6.0500,-3.7800,-7.4600,0.0000,0.0000,-0.0000,1949.0000,1588.0000,1500.0000,2000.0000
230506.2700,2.0000,2000.0000,1138.0000,1000.0000,23.0000,-80.0000,9.0000,1725.0000,-473.0000,5216.0000,0.2213,0.6420,0.1487,0.7189,104.7000,-19.5900,-66.6700,-5.6600,-3.9900,-7.4800,0.0000,0.0000,-0.0000,1949.0000,1588.0000,1500.0000,2000.0000
230522.9060,2.0000,2000.0000,1138.0000,1000.0000,84.0000,-64.0000,3.0000,1941.0000,-609.0000,6098.0000,0.2171,0.6511,0.1516,0.7113,104.5900,-19.6700,-66.9000,-5.3000,-4.1400,-7.5100,0.0000,0.0000,-0.0000,1949.0000,1588.0000,1500.0000,2000.0000
230539.6150,2.0000,2000.0000,1201.0000,1000.0000,161.0000,-38.0000,1.0000,1690.0000,-923.0000,6241.0000,0.2061,0.6602,0.1626,0.7037,104.5000,-19.7500,-67.1200,-4.8600,-4.2900,-7.5400,0.0000,0.0000,-0.0000,1907.0000,1610.0000,1500.0000,2000.0000
230556.5950,2.0000,2000.0000,1202.0000,1000.0000,237.0000,8.0000,2.0000,1398.0000,-926.0000,5545.0000,0.1864,0.6675,0.1830,0.6973,104.4300,-19.8300,-67.3300,-4.4500,-4.4500,-7.5200,0.0000,0.0000,-0.0000,1907.0000,1610.0000,1500.0000,2000.0000
230573.6710,2.0000,2000.0000,1202.0000,1000.0000,297.0000,36.0000,2.0000,1262.0000,-593.0000,4527.0000,0.1587,0.6722,0.2112,0.6917,104.3600,-19.9100,-67.5400,-4.1500,-4.6200,-7.4400,0.0000,0.0000,-0.0000,1907.0000,1610.0000,1500.0000,2000.0000
230590.5010,2.0000,2000.0000,1202.0000,1000.0000,345.0000,68.0000,-5.0000,1251.0000,1.0000,3019.0000,0.1257,0.6735,0.2444,0.6862,104.3600,-19.9100,-67.5400,-4.1500,-4.6200,-7.4400,0.0000,0.0000,-0.0000,1907.0000,1610.0000,1500.0000,2000.0000
230607.5700,2.0000,2000.0000,1202.0000,1000.0000,380.0000,94.0000,-14.0000,1288.0000,125.0000,1438.0000,0.0872,0.6708,0.2838,0.6796,104.2800,-20.0200,-67.7600,-3.9000,-4.8700,-7.3800,0.0000,0.0000,-0.0000,1907.0000,1610.0000,1500.0000,2000.0000
230624.6000,2.0000,2000.0000,1202.0000,1000.0000,402.0000,119.0000,-19.0000,1295.0000,52.0000,-163.0000,0.0450,0.6629,0.3259,0.6726,104.2100,-20.1200,-67.9800,-3.8500,-5.0800,-7.3400,0.0000,0.0000,-0.0000,1907.0000,1610.0000,1500.0000,2000.0000
230641.3640,2.0000,2000.0000,2000.0000,1653.0000,422.0000,135.0000,-25.0000,1171.0000,41.0000,-1935.0000,0.0013,0.6510,0.3689,0.6634,104.1400,-20.2200,-68.2000,-3.9800,-5.2300,-7.3100,0.0000,0.0000,-0.0000,1042.0000,1806.0000,1500.0000,2000.0000
230658.3320,2.0000,2000.0000,2000.0000,1653.0000,422.0000,142.0000,-29.0000,1437.0000,206.0000,-3599.0000,-0.0441,0.6347,0.4119,0.6523,104.0700,-20.3200,-68.4200,-4.2700,-5.2800,-7.3200,0.0000,0.0000,-0.0000,1042.0000,1806.0000,1500.0000,2000.0000
230675.1820,2.0000,2000.0000,2000.0000,1653.0000,399.0000,133.0000,-35.0000,1529.0000,335.0000,-4985.0000,-0.0867,0.6163,0.4522,0.6388,103.9900,-20.4500,-68.6700,-4.4700,-5.3200,-7.4100,0.0000,0.0000,-0.0000,1042.0000,1806.0000,1500.0000,2000.0000
230691.8440,2.0000,2000.0000,2000.0000,1653.0000,344.0000,109.0000,-38.0000,1653.0000,494.0000,-5972.0000,-0.1238,0.5975,0.4870,0.6249,103.9900,-20.4500,-68.6700,-4.4700,-5.3200,-7.4100,0.0000,0.0000,-0.0000,1042.0000,1806.0000,1500.0000,2000.0000
230708.9630,2.0000,2000.0000,2000.0000,1653.0000,243.0000,74.0000,-38.0000,1648.0000,769.0000,-6272.0000,-0.1530,0.5799,0.5155,0.6120,103.9100,-20.5800,-68.9200,-4.6700,-5.2400,-7.6100,0.0000,0.0000,-0.0000,1042.0000,1806.0000,1500.0000,2000.0000
230725.9050,2.0000,2000.0000,2000.0000,1653.0000,132.0000,34.0000,-34.0000,1694.0000,44.0000,-5135.0000,-0.1696,0.5679,0.5340,0.6030,103.8300,-20.7000,-69.1900,-4.8000,-5.1000,-7.8900,0.0000,0.0000,-0.0000,1042.0000,1806.0000,1500.0000,2000.0000
230742.7290,2.0000,2000.0000,1975.0000,1765.0000,19.0000,19.0000,-25.0000,1492.0000,-280.0000,-4045.0000,-0.1749,0.5615,0.5421,0.6002,103.7500,-20.8100,-69.4700,-4.8500,-5.0800,-8.1500,0.0000,0.0000,-0.0000,1130.0000,1607.0000,1500.0000,2000.0000
230759.5940,2.0000,2000.0000,1975.0000,1765.0000,-70.0000,4.0000,-17.0000,1115.0000,-487.0000,-3478.0000,-0.1714,0.5597,0.5412,0.6037,103.6900,-20.9100,-69.7600,-4.8200,-5.1900,-8.3400,0.0000,0.0000,-0.0000,1130.0000,1607.0000,1500.0000,2000.0000
230776.4320,2.0000,2000.0000,1975.0000,1765.0000,-134.0000,-15.0000,-7.0000,1452.0000,-761.0000,-2946.0000,-0.1608,0.5621,0.5327,0.6119,103.6200,-21.0700,-70.0900,-4.6100,-5.5100,-8.4600,0.0000,0.0000,-0.0000,1130.0000,1607.0000,1500.0000,2000.0000
230793.2840,2.0000,2000.0000,1975.0000,1765.0000,-184.0000,-22.0000,2.0000,1633.0000,-625.0000,-3052.0000,-0.1454,0.5674,0.5183,0.6231,103.6200,-21.0700,-70.0900,-4.6100,-5.5100,-8.4600,0.0000,0.0000,-0.0000,1130.0000,1607.0000,1500.0000,2000.0000
230810.4650,2.0000,2000.0000,1975.0000,1765.0000,-221.0000,-36.0000,7.0000,1194.0000,-659.0000,-2453.0000,-0.1256,0.5757,0.4997,0.6349,103.5600,-21.2200,-70.4100,-4.4300,-5.8300,-8.5700,0.0000,0.0000,-0.0000,1130.0000,1607.0000,1500.0000,2000.0000
230827.7110,2.0000,2000.0000,1975.0000,1765.0000,-256.0000,-30.0000,11.0000,1244.0000,-678.0000,-1660.0000,-0.1025,0.5842,0.4765,0.6489,103.5000,-21.3700,-70.7300,-4.2600,-6.1300,-8.6500,0.0000,0.0000,-0.0000,1130.0000,1607.0000,1500.0000,2000.0000
230844.7640,2.0000,2000.0000,1000.0000,1140.0000,-278.0000,-29.0000,14.0000,1859.0000,-644.0000,-1055.0000,-0.0780,0.5918,0.4495,0.6645,103.4600,-21.5100,-71.0500,-4.0700,-6.4500,-8.6600,0.0000,0.0000,-0.0000,1935.0000,1425.0000,1500.0000,2000.0000
230861.3080,2.0000,2000.0000,1000.0000,1140.0000,-291.0000,-23.0000,13.0000,1897.0000,-302.0000,-963.0000,-0.0529,0.5981,0.4207,0.6800,103.4200,-21.6600,-71.3700,-3.8300,-6.8100,-8.6700,0.0000,0.0000,-0.0000,1935.0000,1425.0000,1500.0000,2000.0000
230878.1190,2.0000,2000.0000,1000.0000,1140.0000,-288.0000,-6.0000,14.0000,1854.0000,17.0000,-825.0000,-0.0271,0.6025,0.3898,0.6960,103.4000,-21.8500,-71.6900,-3.3400,-7.1600,-8.6600,0.0000,0.0000,-0.0000,1935.0000,1425.0000,1500.0000,2000.0000
230895.1690,2.0000,2000.0000,1000.0000,1140.0000,-262.0000,2.0000,9.0000,1802.0000,-10.0000,-412.0000,-0.0028,0.6042,0.3593,0.7112,103.4000,-21.8500,-71.6900,-3.3400,-7.1600,-8.6600,0.0000,0.0000,-0.0000,1935.0000,1425.0000,1500.0000,2000.0000
230912.1210,2.0000,2000.0000,1000.0000,1140.0000,-207.0000,17.0000,4.0000,1555.0000,-491.0000,158.0000,0.0179,0.6038,0.3332,0.7239,103.3800,-22.0400,-72.0000,-2.8800,-7.4600,-8.6500,0.0000,0.0000,-0.0000,1935.0000,1425.0000,1500.0000,2000.0000
230928.9210,2.0000,2000.0000,1000.0000,1140.0000,-116.0000,27.0000,-6.0000,1961.0000,-598.0000,44.0000,0.0319,0.6010,0.3153,0.7337,103.3800,-22.2200,-72.3100,-2.4300,-7.7700,-8.5900,0.0000,0.0000,-0.0000,1935.0000,1425.0000,1500.0000,2000.0000
230945.8440,2.0000,2000.0000,1146.0000,1040.0000,-5.0000,41.0000,-19.0000,1700.0000,-122.0000,-886.0000,0.0377,0.5964,0.3094,0.7397,103.3900,-22.3900,-72.5900,-2.0700,-8.0400,-8.5400,0.0000,0.0000,-0.0000,1908.0000,1556.0000,1500.0000,2000.0000
230962.6190,2.0000,2000.0000,1147.0000,1039.0000,96.0000,40.0000,-37.0000,1303.0000,177.0000,-1533.0000,0.0356,0.5915,0.3169,0.7406,103.4000,-22.5600,-72.8800,-1.8100,-8.1600,-8.4900,0.0000,0.0000,-0.0000,1908.0000,1556.0000,1500.0000,2000.0000
230979.4500,2.0000,2000.0000,1147.0000,1039.0000,178.0000,50.0000,-51.0000,1221.0000,133.0000,-1397.0000,0.0267,0.5853,0.3357,0.7376,103.4200,-22.7600,-73.1700,-1.6200,-8.0000,-8.4200,0.0000,0.0000,-0.0000,1908.0000,1556.0000,1500.0000,2000.0000
230996.3350,2.0000,2000.0000,1147.0000,1039.0000,237.0000,66.0000,-60.0000,1366.0000,9.0000,-1136.0000,0.0124,0.5772,0.3632,0.7313,103.4200,-22.7600,-73.1700,-1.6200,-8.0000,-8.4200,0.0000,0.0000,-0.0000,1908.0000,1556.0000,1500.0000,2000.0000
231013.2950,2.0000,2000.0000,1147.0000,1039.0000,272.0000,82.0000,-66.0000,1243.0000,74.0000,-1577.0000,-0.0062,0.5660,0.3958,0.7232,103.4400,-22.9300,-73.4600,-1.4400,-7.8700,-8.3600,0.0000,0.0000,-0.0000,1908.0000,1556.0000,1500.0000,2000.0000
231030.3410,2.0000,2000.0000,1147.0000,1039.0000,292.0000,86.0000,-70.0000,1277.0000,121.0000,-2122.0000,-0.0274,0.5519,0.4312,0.7133,103.4600,-23.1000,-73.7300,-1.3000,-7.7200,-8.3100,0.0000,0.0000,-0.0000,1908.0000,1556.0000,1500.0000,2000.0000
231047.0670,2.0000,2000.0000,1583.0000,2000.0000,315.0000,73.0000,-73.0000,1396.0000,-240.0000,-2360.0000,-0.0489,0.5375,0.4675,0.7001,103.4800,-23.2500,-74.0100,-1.2200,-7.5200,-8.2800,0.0000,0.0000,-0.0000,1024.0000,1107.0000,1500.0000,2000.0000
231063.9020,2.0000,2000.0000,1583.0000,2000.0000,327.0000,73.0000,-73.0000,1490.0000,-198.0000,-3045.0000,-0.0715,0.5224,0.5055,0.6830,103.5100,-23.4000,-74.2800,-1.1700,-7.3000,-8.2800,0.0000,0.0000,-0.0000,1024.0000,1107.0000,1500.0000,2000.0000
231080.3590,2.0000,2000.0000,1583.0000,2000.0000,306.0000,54.0000,-76.0000,1615.0000,-51.0000,-3631.0000,-0.0926,0.5069,0.5413,0.6645,103.5400,-23.5500,-74.5700,-1.1100,-6.9000,-8.3600,0.0000,0.0000,-0.0000,1024.0000,1107.0000,1500.0000,2000.0000
231097.1920,2.0000,2000.0000,1583.0000,2000.0000,264.0000,32.0000,-69.0000,1655.0000,-151.0000,-3438.0000,-0.1101,0.4925,0.5737,0.6451,103.5400,-23.5500,-74.5700,-1.1100,-6.9000,-8.3600,0.0000,0.0000,-0.0000,1024.0000,1107.0000,1500.0000,2000.0000
231114.0620,2.0000,2000.0000,1583.0000,2000.0000,196.0000,12.0000,-63.0000,1721.0000,-346.0000,-2984.0000,-0.1224,0.4807,0.5996,0.6280,103.5700,-23.6800,-74.8600,-1.0500,-6.5300,-8.4700,0.0000,0.0000,-0.0000,1024.0000,1107.0000,1500.0000,2000.0000
231130.7170,2.0000,2000.0000,1500.0000,2000.0000,122.0000,3.0000,-49.0000,1997.0000,-431.0000,-2773.0000,-0.1292,0.4720,0.6181,0.6152,103.6000,-23.8000,-75.1500,-0.9800,-6.2100,-8.5800,0.0000,0.0000,-0.0000,1111.0000,1111.0000,1500.0000,2000.0000
231147.4740,2.0000,2000.0000,1500.0000,2000.0000,39.0000,-18.0000,-34.0000,1957.0000,-125.0000,-3254.0000,-0.1304,0.4670,0.6286,0.6081,103.6300,-23.9000,-75.4400,-0.9100,-5.9600,-8.6400,0.0000,0.0000,-0.0000,1111.0000,1111.0000,1500.0000,2000.0000
231164.0050,2.0000,2000.0000,1500.0000,2000.0000,-36.0000,-34.0000,-14.0000,1695.0000,-191.0000,-3072.0000,-0.1260,0.4669,0.6306,0.6070,103.6500,-24.0000,-75.7300,-1.0000,-5.6900,-8.6800,0.0000,0.0000,-0.0000,1111.0000,1111.0000,1500.0000,2000.0000
231181.1140,2.0000,2000.0000,1500.0000,2000.0000,-84.0000,-56.0000,4.0000,1816.0000,-215.0000,-2709.0000,-0.1168,0.4716,0.6267,0.6092,103.6500,-24.0000,-75.7300,-1.0000,-5.6900,-8.6800,0.0000,0.0000,-0.0000,1111.0000,1111.0000,1500.0000,2000.0000
231197.9640,2.0000,2000.0000,1500.0000,2000.0000,-112.0000,-81.0000,16.0000,1887.0000,-699.0000,-1034.0000,-0.1046,0.4802,0.6185,0.6132,103.6400,-24.1200,-76.0400,-1.4600,-5.4100,-8.7100,0.0000,0.0000,-0.0000,1111.0000,1111.0000,1500.0000,2000.0000
231214.6690,2.0000,2000.0000,1500.0000,2000.0000,-137.0000,-86.0000,28.0000,1661.0000,-817.0000,142.0000,-0.0909,0.4917,0.6074,0.6173,103.6300,-24.2200,-76.3300,-1.8500,-5.3000,-8.6300,0.0000,0.0000,-0.0000,1111.0000,1111.0000,1500.0000,2000.0000
231231.4830,2.0000,2000.0000,1500.0000,2000.0000,-147.0000,-99.0000,34.0000,1407.0000,-658.0000,632.0000,-0.0757,0.5048,0.5938,0.6220,103.6000,-24.3100,-76.6200,-2.1200,-5.3200,-8.4700,0.0000,0.0000,-0.0000,1111.0000,1111.0000,1500.0000,2000.0000
231248.2140,2.0000,2000.0000,1000.0000,1446.0000,-145.0000,-110.0000,38.0000,1403.0000,-683.0000,1320.0000,-0.0594,0.5186,0.5789,0.6263,103.5800,-24.4000,-76.8900,-2.3000,-5.3800,-8.2800,0.0000,0.0000,-0.0000,1882.0000,1174.0000,1500.0000,2000.0000
231264.8610,2.0000,2000.0000,1000.0000,1445.0000,-136.0000,-117.0000,41.0000,1675.0000,-541.0000,2064.0000,-0.0433,0.5328,0.5644,0.6290,103.5300,-24.4900,-77.1500,-2.5600,-5.4600,-8.0900,0.0000,0.0000,-0.0000,1882.0000,1174.0000,1500.0000,2000.0000
231281.7030,2.0000,2000.0000,1000.0000,1445.0000,-112.0000,-132.0000,37.0000,1669.0000,-845.0000,2688.0000,-0.0275,0.5477,0.5509,0.6291,103.5300,-24.4900,-77.1500,-2.5600,-5.4600,-8.0900,0.0000,0.0000,-0.0000,1882.0000,1174.0000,1500.0000,2000.0000
231298.7810,2.0000,2000.0000,1000.0000,1445.0000,-80.0000,-135.0000,26.0000,1528.0000,-492.0000,2754.0000,-0.0122,0.5626,0.5406,0.6253,103.4400,-24.6000,-77.4200,-3.0400,-5.5700,-7.9200,0.0000,0.0000,-0.0000,1882.0000,1174.0000,1500.0000,2000.0000
231315.4300,2.0000,2000.0000,1000.0000,1445.0000,-44.0000,-147.0000,10.0000,1553.0000,-398.0000,3216.0000,0.0019,0.5765,0.5342,0.6183,103.3500,-24.7000,-77.6700,-3.4100,-5.6600,-7.7500,0.0000,0.0000,-0.0000,1882.0000,1174.0000,1500.0000,2000.0000
231332.0330,2.0000,2000.0000,1000.0000,1674.0000,-7.0000,-152.0000,-4.0000,1744.0000,-367.0000,4238.0000,0.0148,0.5895,0.5321,0.6076,103.2600,-24.7900,-77.9200,-3.6600,-5.7500,-7.5700,0.0000,0.0000,-0.0000,1704.0000,1113.0000,1500.0000,2000.0000
231348.7210,2.0000,2000.0000,1000.0000,1685.0000,22.0000,-150.0000,-17.0000,1682.0000,-230.0000,4514.0000,0.0262,0.6013,0.5340,0.5937,103.1700,-24.8900,-78.1600,-3.7700,-5.9100,-7.3700,0.0000,0.0000,-0.0000,1704.0000,1113.0000,1500.0000,2000.0000
231365.4420,2.0000,2000.0000,1000.0000,1685.0000,45.0000,-144.0000,-29.0000,1783.0000,-443.0000,4776.0000,0.0358,0.6113,0.5393,0.5780,103.0700,-24.9900,-78.3800,-3.8900,-6.1100,-7.1400,0.0000,0.0000,-0.0000,1704.0000,1113.0000,1500.0000,2000.0000
231382.4690,2.0000,2000.0000,1000.0000,1685.0000,46.0000,-147.0000,-38.0000,1778.0000,-453.0000,4456.0000,0.0448,0.6200,0.5471,0.5606,103.0700,-24.9900,-78.3800,-3.8900,-6.1100,-7.1400,0.0000,0.0000,-0.0000,1704.0000,1113.0000,1500.0000,2000.0000
231399.1680,2.0000,2000.0000,1000.0000,1685.0000,38.0000,-151.0000,-43.0000,1740.0000,-599.0000,4416.0000,0.0552,0.6279,0.5544,0.5434,102.9400,-25.1100,-78.6000,-4.1200,-6.3600,-6.9000,0.0000,0.0000,-0.0000,1704.0000,1113.0000,1500.0000,2000.0000
231415.7070,2.0000,2000.0000,1000.0000,1685.0000,33.0000,-157.0000,-48.0000,1722.0000,-628.0000,4257.0000,0.0673,0.6358,0.5607,0.5261,102.8100,-25.2300,-78.8100,-4.3300,-6.5700,-6.6300,0.0000,0.0000,-0.0000,1704.0000,1113.0000,1500.0000,2000.0000
231432.5150,2.0000,2000.0000,1545.0000,2000.0000,28.0000,-163.0000,-52.0000,1667.0000,-341.0000,4327.0000,0.0807,0.6432,0.5670,0.5082,102.6800,-25.3500,-79.0100,-4.5300,-6.7300,-6.3500,0.0000,0.0000,-0.0000,1052.0000,1100.0000,1500.0000,2000.0000
231449.2040,2.0000,2000.0000,1548.0000,2000.0000,23.0000,-167.0000,-57.0000,1814.0000,-286.0000,4782.0000,0.0950,0.6499,0.5731,0.4901,102.5600,-25.4600,-79.2000,-4.6600,-6.8700,-6.0500,0.0000,0.0000,-0.0000,1052.0000,1100.0000,1500.0000,2000.0000
231466.0570,2.0000,2000.0000,1548.0000,2000.0000,13.0000,-172.0000,-61.0000,1948.0000,-433.0000,5406.0000,0.1109,0.6559,0.5789,0.4717,102.4100,-25.5800,-79.3900,-4.7800,-7.0800,-5.7100,0.0000,0.0000,-0.0000,1052.0000,1100.0000,1500.0000,2000.0000
231482.8720,2.0000,2000.0000,1548.0000,2000.0000,-7.0000,-172.0000,-63.0000,1955.0000,-225.0000,5569.0000,0.1283,0.6609,0.5837,0.4539,102.4100,-25.5800,-79.3900,-4.7800,-7.0800,-5.7100,0.0000,0.0000,-0.0000,1052.0000,1100.0000,1500.0000,2000.0000
231500.0300,2.0000,2000.0000,1548.0000,2000.0000,-39.0000,-172.0000,-60.0000,1998.0000,-188.0000,6083.0000,0.1488,0.6653,0.5863,0.4376,102.2500,-25.7200,-79.5800,-4.9300,-7.3700,-5.3300,0.0000,0.0000,-0.0000,1052.0000,1100.0000,1500.0000,2000.0000
231516.8170,2.0000,2000.0000,1548.0000,2000.0000,-72.0000,-159.0000,-53.0000,2113.0000,-589.0000,7420.0000,0.1716,0.6688,0.5854,0.4250,102.0800,-25.8600,-79.7700,-5.0300,-7.6200,-4.9200,0.0000,0.0000,-0.0000,1052.0000,1100.0000,1500.0000,2000.0000
231533.8050,2.0000,2000.0000,1000.0000,1644.0000,-104.0000,-132.0000,-46.0000,2140.0000,-1177.0000,8728.0000,0.1954,0.6702,0.5821,0.4170,101.9200,-26.0000,-79.9500,-5.0500,-7.8600,-4.3700,0.0000,0.0000,-0.0000,1752.0000,1106.0000,1500.0000,2000.0000
231550.9100,2.0000,2000.0000,1000.0000,1643.0000,-133.0000,-96.0000,-35.0000,2065.0000,-1356.0000,8943.0000,0.2190,0.6689,0.5763,0.4153,101.7700,-26.1300,-80.1100,-4.9700,-8.0600,-3.7200,0.0000,0.0000,-0.0000,1752.0000,1106.0000,1500.0000,2000.0000
231567.5480,2.0000,2000.0000,1000.0000,1643.0000,-146.0000,-64.0000,-24.0000,2006.0000,-1188.0000,7887.0000,0.2404,0.6657,0.5693,0.4184,101.6000,-26.2800,-80.2600,-4.8800,-8.3100,-3.0900,0.0000,0.0000,-0.0000,1752.0000,1106.0000,1500.0000,2000.0000
231584.6060,2.0000,2000.0000,1000.0000,1643.0000,-126.0000,-47.0000,-19.0000,1824.0000,-1051.0000,6420.0000,0.2593,0.6611,0.5619,0.4242,101.6000,-26.2800,-80.2600,-4.8800,-8.3100,-3.0900,0.0000,0.0000,-0.0000,1752.0000,1106.0000,1500.0000,2000.0000
231601.5300,2.0000,2000.0000,1000.0000,1643.0000,-91.0000,-37.0000,-18.0000,1625.0000,-766.0000,4987.0000,0.2737,0.6571,0.5563,0.4288,101.4300,-26.4500,-80.4000,-4.8500,-8.5900,-2.5600,0.0000,0.0000,-0.0000,1752.0000,1106.0000,1500.0000,2000.0000
231618.1330,2.0000,2000.0000,1000.0000,1643.0000,-55.0000,-36.0000,-22.0000,1629.0000,-965.0000,4340.0000,0.2844,0.6542,0.5529,0.4307,101.2700,-26.6100,-80.5200,-4.8900,-8.7700,-2.1400,0.0000,0.0000,-0.0000,1752.0000,1106.0000,1500.0000,2000.0000
231634.8890,2.0000,2000.0000,1050.0000,1656.0000,-35.0000,-28.0000,-24.0000,1518.0000,-563.0000,3706.0000,0.2919,0.6518,0.5518,0.4306,101.1100,-26.7800,-80.6300,-4.9900,-8.9100,-1.7800,0.0000,0.0000,-0.0000,1287.0000,1513.0000,1500.0000,2000.0000
231651.6030,2.0000,2000.0000,1723.0000,1701.0000,-9.0000,-33.0000,-28.0000,1500.0000,-496.0000,3098.0000,0.2974,0.6500,0.5524,0.4289,100.9600,-26.9300,-80.7300,-5.1300,-8.9900,-1.4800,0.0000,0.0000,-0.0000,1287.0000,1513.0000,1500.0000,2000.0000
231668.8900,2.0000,2000.0000,1723.0000,1701.0000,6.0000,-36.0000,-32.0000,1694.0000,-793.0000,2954.0000,0.3017,0.6491,0.5546,0.4244,100.9600,-26.9300,-80.7300,-5.1300,-8.9900,-1.4800,0.0000,0.0000,-0.0000,1287.0000,1513.0000,1500.0000,2000.0000
231685.6300,2.0000,2000.0000,1723.0000,1701.0000,9.0000,-38.0000,-36.0000,1651.0000,-703.0000,2587.0000,0.3054,0.6483,0.5573,0.4193,100.7900,-27.1000,-80.8400,-5.2800,-9.1500,-1.2000,0.0000,0.0000,-0.0000,1287.0000,1513.0000,1500.0000,2000.0000
231702.6650,2.0000,2000.0000,1723.0000,1701.0000,-1.0000,-49.0000,-39.0000,1733.0000,-900.0000,2714.0000,0.3104,0.6476,0.5596,0.4137,100.6100,-27.2900,-80.9500,-5.4300,-9.3700,-0.9200,0.0000,0.0000,-0.0000,1287.0000,1513.0000,1500.0000,2000.0000
231719.7040,2.0000,2000.0000,1723.0000,1701.0000,-25.0000,-49.0000,-39.0000,1642.0000,-625.0000,2679.0000,0.3175,0.6462,0.5606,0.4091,100.4300,-27.4800,-81.0500,-5.5600,-9.5600,-0.6400,0.0000,0.0000,-0.0000,1287.0000,1513.0000,1500.0000,2000.0000
231736.7820,2.0000,2000.0000,1844.0000,1876.0000,-68.0000,-38.0000,-37.0000,1527.0000,-597.0000,2942.0000,0.3274,0.6432,0.5597,0.4073,100.2700,-27.6500,-81.1500,-5.6700,-9.7000,-0.3700,0.0000,0.0000,-0.0000,1132.0000,1481.0000,1500.0000,2000.0000
231753.7620,2.0000,2000.0000,1850.0000,1886.0000,-115.0000,-28.0000,-35.0000,1624.0000,-261.0000,3069.0000,0.3405,0.6370,0.5565,0.4107,100.1000,-27.8200,-81.2400,-5.7200,-9.8100,-0.1100,0.0000,0.0000,-0.0000,1132.0000,1481.0000,1500.0000,2000.0000
231770.5390,2.0000,2000.0000,1850.0000,1886.0000,-168.0000,-14.0000,-34.0000,1636.0000,-147.0000,3102.0000,0.3567,0.6278,0.5508,0.4187,100.1000,-27.8200,-81.2400,-5.7200,-9.8100,-0.1100,0.0000,0.0000,-0.0000,1132.0000,1481.0000,1500.0000,2000.0000
231787.4050,2.0000,2000.0000,1850.0000,1886.0000,-225.0000,2.0000,-32.0000,1338.0000,68.0000,2682.0000,0.3768,0.6142,0.5417,0.4327,99.9300,-28.0200,-81.3300,-5.7000,-10.0100,0.1300,0.0000,0.0000,-0.0000,1132.0000,1481.0000,1500.0000,2000.0000
231804.5380,2.0000,2000.0000,1850.0000,1886.0000,-270.0000,13.0000,-31.0000,1049.0000,66.0000,2449.0000,0.4006,0.5962,0.5289,0.4519,99.7500,-28.2300,-81.4100,-5.6500,-10.2500,0.3300,0.0000,0.0000,-0.0000,1132.0000,1481.0000,1500.0000,2000.0000
231821.0960,2.0000,2000.0000,1850.0000,1886.0000,-313.0000,28.0000,-30.0000,1298.0000,-162.0000,2546.0000,0.4256,0.5747,0.5135,0.4742,99.5800,-28.4300,-81.4800,-5.6200,-10.4200,0.5000,0.0000,0.0000,-0.0000,1132.0000,1481.0000,1500.0000,2000.0000
231837.8230,2.0000,2000.0000,1109.0000,1005.0000,-342.0000,51.0000,-29.0000,1516.0000,-270.0000,2311.0000,0.4515,0.5483,0.4955,0.4999,99.4100,-28.6300,-81.5600,-5.5900,-10.5800,0.6600,0.0000,0.0000,-0.0000,1946.0000,1555.0000,1500.0000,2000.0000
231854.4090,2.0000,2000.0000,1108.0000,1002.0000,-356.0000,69.0000,-27.0000,1517.0000,-231.0000,1688.0000,0.4761,0.5181,0.4760,0.5276,99.2600,-28.8200,-81.6300,-5.5900,-10.7400,0.8000,0.0000,0.0000,-0.0000,1946.0000,1555.0000,1500.0000,2000.0000
231871.2310,2.0000,2000.0000,1108.0000,1002.0000,-357.0000,86.0000,-25.0000,1759.0000,-254.0000,1166.0000,0.4990,0.4841,0.4551,0.5563,99.2600,-28.8200,-81.6300,-5.5900,-10.7400,0.8000,0.0000,0.0000,-0.0000,1946.0000,1555.0000,1500.0000,2000.0000
231887.9630,2.0000,2000.0000,1108.0000,1002.0000,-318.0000,87.0000,-31.0000,1563.0000,-82.0000,119.0000,0.5189,0.4498,0.4353,0.5822,99.1000,-29.0300,-81.7000,-5.5600,-10.9600,0.9100,0.0000,0.0000,-0.0000,1946.0000,1555.0000,1500.0000,2000.0000
231905.1980,2.0000,2000.0000,1108.0000,1002.0000,-240.0000,87.0000,-39.0000,1522.0000,-32.0000,-736.0000,0.5350,0.4173,0.4190,0.6034,98.9300,-29.2700,-81.7700,-5.5200,-11.2400,1.0100,0.0000,0.0000,-0.0000,1946.0000,1555.0000,1500.0000,2000.0000
231922.0420,2.0000,2000.0000,1108.0000,1002.0000,-128.0000,81.0000,-55.0000,1669.0000,-63.0000,-1218.0000,0.5454,0.3921,0.4118,0.6158,98.7700,-29.5000,-81.8400,-5.5800,-11.4600,1.1200,0.0000,0.0000,-0.0000,1946.0000,1555.0000,1500.0000,2000.0000
231938.9010,2.0000,2000.0000,1120.0000,1246.0000,11.0000,77.0000,-74.0000,1406.0000,-304.0000,-1164.0000,0.5500,0.3763,0.4165,0.6184,98.6200,-29.7200,-81.9000,-5.6600,-11.6300,1.2700,0.0000,0.0000,-0.0000,1818.0000,1435.0000,1500.0000,2000.0000
231955.9700,2.0000,2000.0000,1119.0000,1247.0000,133.0000,89.0000,-86.0000,978.0000,-336.0000,-933.0000,0.5480,0.3695,0.4347,0.6117,98.4800,-29.9300,-81.9600,-5.7100,-11.7400,1.4500,0.0000,0.0000,-0.0000,1818.0000,1435.0000,1500.0000,2000.0000
231972.8140,2.0000,2000.0000,1119.0000,1247.0000,226.0000,94.0000,-99.0000,1440.0000,-390.0000,-921.0000,0.5402,0.3701,0.4633,0.5971,98.3500,-30.1600,-82.0000,-5.6100,-11.9200,1.6300,0.0000,0.0000,-0.0000,1818.0000,1435.0000,1500.0000,2000.0000
231989.7050,2.0000,2000.0000,1119.0000,1247.0000,289.0000,90.0000,-102.0000,1347.0000,-414.0000,-1762.0000,0.5283,0.3754,0.4985,0.5757,98.3500,-30.1600,-82.0000,-5.6100,-11.9200,1.6300,0.0000,0.0000,-0.0000,1818.0000,1435.0000,1500.0000,2000.0000
232006.6540,2.0000,2000.0000,1119.0000,1247.0000,314.0000,87.0000,-104.0000,1293.0000,-358.0000,-2756.0000,0.5133,0.3839,0.5363,0.5491,98.2200,-30.4300,-82.0300,-5.4400,-12.1800,1.8300,0.0000,0.0000,-0.0000,1818.0000,1435.0000,1500.0000,2000.0000
232023.3480,2.0000,2000.0000,1494.0000,2000.0000,313.0000,70.0000,-100.0000,1344.0000,-212.0000,-3532.0000,0.4971,0.3927,0.5725,0.5206,98.1000,-30.6800,-82.0700,-5.3500,-12.3800,2.0000,0.0000,0.0000,-0.0000,1019.0000,1091.0000,1500.0000,2000.0000
232040.1600,2.0000,2000.0000,1572.0000,2000.0000,311.0000,43.0000,-96.0000,1125.0000,-295.0000,-4107.0000,0.4814,0.4025,0.6053,0.4898,97.9900,-30.9200,-82.1100,-5.3400,-12.5200,2.1100,0.0000,0.0000,-0.0000,1019.0000,1091.0000,1500.0000,2000.0000
232056.8890,2.0000,2000.0000,1572.0000,2000.0000,291.0000,12.0000,-89.0000,1041.0000,-533.0000,-3412.0000,0.4669,0.4126,0.6340,0.4580,97.8900,-31.1500,-82.1400,-5.3700,-12.6000,2.1500,0.0000,0.0000,-0.0000,1019.0000,1091.0000,1500.0000,2000.0000
232073.5350,2.0000,2000.0000,1572.0000,2000.0000,229.0000,2.0000,-76.0000,1529.0000,-623.0000,-2171.0000,0.4554,0.4214,0.6568,0.4285,97.8900,-31.1500,-82.1400,-5.3700,-12.6000,2.1500,0.0000,0.0000,-0.0000,1019.0000,1091.0000,1500.0000,2000.0000
232090.6390,2.0000,2000.0000,1572.0000,2000.0000,136.0000,-14.0000,-58.0000,1333.0000,-864.0000,-1561.0000,0.4480,0.4267,0.6726,0.4060,97.8000,-31.4200,-82.1700,-5.1600,-12.8300,2.2600,0.0000,0.0000,-0.0000,1019.0000,1091.0000,1500.0000,2000.0000
232107.7110,2.0000,2000.0000,1572.0000,2000.0000,27.0000,-31.0000,-31.0000,1010.0000,-1126.0000,-1552.0000,0.4481,0.4289,0.6785,0.3935,97.7100,-31.7100,-82.2000,-4.7800,-13.1400,2.4300,0.0000,0.0000,-0.0000,1019.0000,1091.0000,1500.0000,2000.0000
232124.8000,2.0000,2000.0000,1227.0000,1995.0000,-51.0000,-63.0000,-2.0000,598.0000,-1053.0000,-1748.0000,0.4550,0.4292,0.6752,0.3910,97.6500,-31.9900,-82.2300,-4.4300,-13.3500,2.6500,0.0000,0.0000,-0.0000,1389.0000,1116.0000,1500.0000,2000.0000
232141.4680,2.0000,2000.0000,1226.0000,1994.0000,-104.0000,-74.0000,29.0000,758.0000,-1203.0000,-933.0000,0.4661,0.4297,0.6648,0.3951,97.5900,-32.2600,-82.2500,-4.1200,-13.5000,2.8700,0.0000,0.0000,-0.0000,1389.0000,1116.0000,1500.0000,2000.0000
232158.4940,2.0000,2000.0000,1226.0000,1994.0000,-136.0000,-94.0000,49.0000,1031.0000,-1192.0000,-64.0000,0.4798,0.4305,0.6491,0.4039,97.5400,-32.5600,-82.2600,-3.7800,-13.7300,3.1400,0.0000,0.0000,-0.0000,1389.0000,1116.0000,1500.0000,2000.0000
232175.3320,2.0000,2000.0000,1226.0000,1994.0000,-134.0000,-127.0000,59.0000,935.0000,-848.0000,223.0000,0.4957,0.4331,0.6294,0.4131,97.4900,-32.9000,-82.2700,-3.4100,-14.0100,3.4300,0.0000,0.0000,-0.0000,1389.0000,1116.0000,1500.0000,2000.0000
232192.3750,2.0000,2000.0000,1226.0000,1994.0000,-116.0000,-170.0000,66.0000,767.0000,-721.0000,1133.0000,0.5140,0.4390,0.6060,0.4194,97.4900,-32.9000,-82.2700,-3.4100,-14.0100,3.4300,0.0000,0.0000,-0.0000,1389.0000,1116.0000,1500.0000,2000.0000
232209.1230,2.0000,2000.0000,1226.0000,1994.0000,-105.0000,-199.0000,68.0000,948.0000,-628.0000,3098.0000,0.5331,0.4482,0.5804,0.4219,97.4500,-33.2100,-82.2600,-3.0400,-14.2300,3.7000,0.0000,0.0000,-0.0000,1389.0000,1116.0000,1500.0000,2000.0000
232225.7520,2.0000,2000.0000,1226.0000,1994.0000,-96.0000,-218.0000,63.0000,1025.0000,-738.0000,4976.0000,0.5531,0.4589,0.5533,0.4211,97.4200,-33.5100,-82.2500,-2.5300,-14.4100,3.9900,0.0000,0.0000,-0.0000,1389.0000,1116.0000,1500.0000,2000.0000
232242.8110,2.0000,2000.0000,1383.0000,2000.0000,-91.0000,-235.0000,56.0000,1220.0000,-736.0000,6992.0000,0.5743,0.4701,0.5240,0.4178,97.4100,-33.7900,-82.2300,-1.8700,-14.5300,4.2700,0.0000,0.0000,-0.0000,1264.0000,1148.0000,1500.0000,2000.0000
232259.8900,2.0000,2000.0000,1383.0000,2000.0000,-92.0000,-234.0000,49.0000,1307.0000,-932.0000,8502.0000,0.5956,0.4810,0.4940,0.4121,97.4000,-34.1100,-82.2100,-1.0500,-14.6400,4.5200,0.0000,0.0000,-0.0000,1264.0000,1148.0000,1500.0000,2000.0000
232276.8350,2.0000,2000.0000,1383.0000,2000.0000,-99.0000,-225.0000,41.0000,1636.0000,-1046.0000,10232.0000,0.6162,0.4896,0.4643,0.4062,97.4100,-34.4500,-82.1900,-0.1400,-14.6800,4.7500,0.0000,0.0000,-0.0000,1264.0000,1148.0000,1500.0000,2000.0000
232294.0140,2.0000,2000.0000,1383.0000,2000.0000,-106.0000,-213.0000,34.0000,1905.0000,-701.0000,10891.0000,0.6362,0.4956,0.4350,0.4006,97.4100,-34.4500,-82.1900,-0.1400,-14.6800,4.7500,0.0000,0.0000,-0.0000,1264.0000,1148.0000,1500.0000,2000.0000
232310.8250,2.0000,2000.0000,1383.0000,2000.0000,-120.0000,-194.0000,26.0000,1953.0000,-579.0000,11231.0000,0.6553,0.4986,0.4069,0.3955,97.4400,-34.7600,-82.1600,0.7900,-14.6400,4.9000,0.0000,0.0000,-0.0000,1264.0000,1148.0000,1500.0000,2000.0000
232327.6270,2.0000,2000.0000,1517.0000,1813.0000,-131.0000,-166.0000,18.0000,1861.0000,-258.0000,11366.0000,0.6735,0.4980,0.3806,0.3918,97.4900,-35.0600,-82.1400,1.6800,-14.5200,4.9600,0.0000,0.0000,-0.0000,1407.0000,1569.0000,1500.0000,2000.0000
232344.7610,2.0000,2000.0000,1659.0000,1525.0000,-149.0000,-126.0000,10.0000,1656.0000,-266.0000,11541.0000,0.6914,0.4929,0.3561,0.3900,97.5400,-35.3400,-82.1100,2.4700,-14.3300,4.9200,0.0000,0.0000,-0.0000,1407.0000,1569.0000,1500.0000,2000.0000
232361.7350,2.0000,2000.0000,1659.0000,1525.0000,-153.0000,-93.0000,4.0000,1581.0000,-375.0000,11201.0000,0.7079,0.4842,0.3352,0.3900,97.6100,-35.6400,-82.0700,3.2200,-14.1200,4.8200,0.0000,0.0000,-0.0000,1407.0000,1569.0000,1500.0000,2000.0000
232378.7050,2.0000,2000.0000,1659.0000,1525.0000,-152.0000,-48.0000,2.0000,1531.0000,-547.0000,10975.0000,0.7220,0.4720,0.3187,0.3928,97.6900,-35.9500,-82.0300,3.8800,-13.9200,4.6800,0.0000,0.0000,-0.0000,1407.0000,1569.0000,1500.0000,2000.0000
232395.7170,2.0000,2000.0000,1659.0000,1525.0000,-171.0000,10.0000,3.0000,1462.0000,-445.0000,10276.0000,0.7332,0.4560,0.3077,0.3997,97.6900,-35.9500,-82.0300,3.8800,-13.9200,4.6800,0.0000,0.0000,-0.0000,1407.0000,1569.0000,1500.0000,2000.0000
232412.9700,2.0000,2000.0000,1659.0000,1525.0000,-187.0000,60.0000,3.0000,1418.0000,-171.0000,9061.0000,0.7434,0.4336,0.3006,0.4110,97.7700,-36.2400,-81.9900,4.4400,-13.7200,4.5100,0.0000,0.0000,-0.0000,1407.0000,1569.0000,1500.0000,2000.0000
232430.0460,2.0000,2000.0000,1143.0000,1000.0000,-187.0000,110.0000,2.0000,1150.0000,-112.0000,6363.0000,0.7511,0.4075,0.2984,0.4251,97.8700,-36.5100,-81.9600,4.8100,-13.6100,4.3000,0.0000,0.0000,-0.0000,1939.0000,1578.0000,1500.0000,2000.0000
232446.6500,2.0000,2000.0000,1138.0000,1000.0000,-190.0000,133.0000,-3.0000,1363.0000,263.0000,4407.0000,0.7565,0.3791,0.3001,0.4404,97.9500,-36.7700,-81.9300,4.8600,-13.6200,4.1600,0.0000,0.0000,-0.0000,1939.0000,1578.0000,1500.0000,2000.0000
232463.3700,2.0000,2000.0000,1138.0000,1000.0000,-187.0000,148.0000,-13.0000,1456.0000,568.0000,2602.0000,0.7607,0.3483,0.3038,0.4558,98.0400,-37.0100,-81.9200,4.6500,-13.7600,4.0700,0.0000,0.0000,-0.0000,1939.0000,1578.0000,1500.0000,2000.0000
232480.2050,2.0000,2000.0000,1138.0000,1000.0000,-153.0000,150.0000,-29.0000,1241.0000,576.0000,1263.0000,0.7641,0.3178,0.3096,0.4683,98.1200,-37.2900,-81.8900,4.4500,-13.9100,4.0600,0.0000,0.0000,-0.0000,1939.0000,1578.0000,1500.0000,2000.0000
232497.3790,2.0000,2000.0000,1138.0000,1000.0000,-56.0000,150.0000,-49.0000,1115.0000,384.0000,61.0000,0.7649,0.2929,0.3208,0.4756,98.1200,-37.2900,-81.8900,4.4500,-13.9100,4.0600,0.0000,0.0000,-0.0000,1939.0000,1578.0000,1500.0000,2000.0000
232514.3750,2.0000,2000.0000,1138.0000,1000.0000,93.0000,159.0000,-72.0000,1107.0000,198.0000,-842.0000,0.7611,0.2813,0.3422,0.4738,98.2000,-37.5900,-81.8500,4.2500,-14.0100,4.1600,0.0000,0.0000,-0.0000,1939.0000,1578.0000,1500.0000,2000.0000
232531.1080,2.0000,2000.0000,1138.0000,1000.0000,224.0000,162.0000,-96.0000,1064.0000,110.0000,-2066.0000,0.7519,0.2839,0.3747,0.4622,98.2700,-37.8600,-81.8100,4.0000,-14.0900,4.3500,0.0000,0.0000,-0.0000,1939.0000,1578.0000,1500.0000,2000.0000
232547.5970,2.0000,2000.0000,2000.0000,1773.0000,337.0000,170.0000,-112.0000,653.0000,306.0000,-3765.0000,0.7374,0.2976,0.4157,0.4414,98.3300,-38.1300,-81.7500,3.6800,-14.1500,4.6300,0.0000,0.0000,-0.0000,1048.0000,1681.0000,1500.0000,2000.0000
232564.2010,2.0000,2000.0000,2000.0000,1773.0000,389.0000,162.0000,-119.0000,546.0000,368.0000,-5536.0000,0.7177,0.3185,0.4611,0.4133,98.3800,-38.3800,-81.6900,3.1900,-14.1700,4.9200,0.0000,0.0000,-0.0000,1048.0000,1681.0000,1500.0000,2000.0000
232581.1920,2.0000,2000.0000,2000.0000,1773.0000,384.0000,131.0000,-118.0000,1027.0000,181.0000,-6775.0000,0.6947,0.3423,0.5057,0.3802,98.4400,-38.6600,-81.6200,2.7600,-14.1900,5.2000,0.0000,0.0000,-0.0000,1048.0000,1681.0000,1500.0000,2000.0000
232598.1280,2.0000,2000.0000,2000.0000,1773.0000,316.0000,88.0000,-112.0000,1351.0000,12.0000,-6650.0000,0.6741,0.3631,0.5417,0.3468,98.4400,-38.6600,-81.6200,2.7600,-14.1900,5.2000,0.0000,0.0000,-0.0000,1048.0000,1681.0000,1500.0000,2000.0000
232614.6650,2.0000,2000.0000,2000.0000,1773.0000,218.0000,54.0000,-101.0000,1041.0000,-383.0000,-6002.0000,0.6595,0.3778,0.5667,0.3179,98.4900,-38.9400,-81.5500,2.3600,-14.2300,5.3900,0.0000,0.0000,-0.0000,1048.0000,1681.0000,1500.0000,2000.0000
232631.3230,2.0000,2000.0000,2000.0000,1773.0000,95.0000,23.0000,-81.0000,721.0000,-765.0000,-4596.0000,0.6518,0.3839,0.5824,0.2977,98.5400,-39.2200,-81.4700,2.0600,-14.2300,5.5600,0.0000,0.0000,-0.0000,1048.0000,1681.0000,1500.0000,2000.0000
232648.1670,2.0000,2000.0000,1933.0000,1973.0000,-55.0000,14.0000,-51.0000,512.0000,-939.0000,-3878.0000,0.6525,0.3790,0.5882,0.2909,98.5800,-39.4700,-81.4000,1.9500,-14.1200,5.7000,0.0000,0.0000,-0.0000,1047.0000,1479.0000,1500.0000,2000.0000
232665.2740,2.0000,2000.0000,1933.0000,1973.0000,-165.0000,2.0000,-14.0000,707.0000,-1437.0000,-3456.0000,0.6602,0.3651,0.5851,0.2975,98.6200,-39.7000,-81.3300,1.9600,-13.9500,5.8900,0.0000,0.0000,-0.0000,1047.0000,1479.0000,1500.0000,2000.0000
232682.0670,2.0000,2000.0000,1933.0000,1973.0000,-242.0000,-17.0000,16.0000,833.0000,-1183.0000,-3206.0000,0.6719,0.3459,0.5747,0.3142,98.6800,-39.9700,-81.2600,2.0600,-13.8800,6.1600,0.0000,0.0000,-0.0000,1047.0000,1479.0000,1500.0000,2000.0000
232699.2210,2.0000,2000.0000,1933.0000,1973.0000,-300.0000,-21.0000,34.0000,799.0000,-775.0000,-2504.0000,0.6858,0.3219,0.5582,0.3383,98.6800,-39.9700,-81.2600,2.0600,-13.8800,6.1600,0.0000,0.0000,-0.0000,1047.0000,1479.0000,1500.0000,2000.0000
232716.1220,2.0000,2000.0000,1933.0000,1973.0000,-342.0000,-19.0000,53.0000,333.0000,-889.0000,-1304.0000,0.7004,0.2943,0.5369,0.3669,98.7500,-40.2500,-81.1900,2.2400,-13.8600,6.4300,0.0000,0.0000,-0.0000,1047.0000,1479.0000,1500.0000,2000.0000
232733.1020,2.0000,2000.0000,1000.0000,1515.0000,-386.0000,-14.0000,66.0000,444.0000,-661.0000,-666.0000,0.7137,0.2620,0.5116,0.4003,98.8200,-40.5000,-81.1100,2.5000,-13.7800,6.7200,0.0000,0.0000,-0.0000,1869.0000,1117.0000,1500.0000,2000.0000
232749.6390,2.0000,2000.0000,1000.0000,1515.0000,-403.0000,-1.0000,76.0000,794.0000,-836.0000,-236.0000,0.7244,0.2270,0.4841,0.4351,98.8900,-40.7400,-81.0200,2.8000,-13.7000,7.0000,0.0000,0.0000,-0.0000,1869.0000,1117.0000,1500.0000,2000.0000
232766.5990,2.0000,2000.0000,1000.0000,1515.0000,-386.0000,4.0000,78.0000,571.0000,-521.0000,-421.0000,0.7321,0.1897,0.4548,0.4703,98.9600,-40.9600,-80.9300,3.1100,-13.6300,7.3100,0.0000,0.0000,-0.0000,1869.0000,1117.0000,1500.0000,2000.0000
232783.4910,2.0000,2000.0000,1000.0000,1515.0000,-311.0000,6.0000,73.0000,123.0000,-347.0000,-514.0000,0.7359,0.1568,0.4281,0.5005,99.0500,-41.2300,-80.8400,3.3100,-13.6400,7.5400,0.0000,0.0000,-0.0000,1869.0000,1117.0000,1500.0000,2000.0000
232800.5210,2.0000,2000.0000,1000.0000,1515.0000,-202.0000,-8.0000,57.0000,309.0000,-172.0000,-641.0000,0.7372,0.1332,0.4070,0.5227,99.0500,-41.2300,-80.8400,3.3100,-13.6400,7.5400,0.0000,0.0000,-0.0000,1869.0000,1117.0000,1500.0000,2000.0000
232817.0410,2.0000,2000.0000,1000.0000,1515.0000,-102.0000,-29.0000,33.0000,366.0000,44.0000,-562.0000,0.7380,0.1217,0.3927,0.5351,99.1500,-41.5000,-80.7400,3.4300,-13.6600,7.7500,0.0000,0.0000,-0.0000,1869.0000,1117.0000,1500.0000,2000.0000
232833.8920,2.0000,2000.0000,1221.0000,1651.0000,-14.0000,-66.0000,-7.0000,378.0000,302.0000,-31.0000,0.7414,0.1208,0.3825,0.5380,99.2400,-41.7600,-80.6400,3.5200,-13.6700,7.9800,0.0000,0.0000,-0.0000,1566.0000,1284.0000,1500.0000,2000.0000
232850.4790,2.0000,2000.0000,1221.0000,1651.0000,31.0000,-104.0000,-48.0000,434.0000,956.0000,813.0000,0.7487,0.1278,0.3747,0.5317,99.3300,-42.0100,-80.5300,3.6100,-13.7000,8.1700,0.0000,0.0000,-0.0000,1566.0000,1284.0000,1500.0000,2000.0000
232867.0220,2.0000,2000.0000,1221.0000,1651.0000,37.0000,-130.0000,-64.0000,591.0000,489.0000,2753.0000,0.7593,0.1382,0.3655,0.5203,99.4100,-42.2400,-80.4200,3.7300,-13.7700,8.2500,0.0000,0.0000,-0.0000,1566.0000,1284.0000,1500.0000,2000.0000
232883.6970,2.0000,2000.0000,1221.0000,1651.0000,17.0000,-141.0000,-73.0000,675.0000,-223.0000,4623.0000,0.7715,0.1476,0.3536,0.5079,99.4100,-42.2400,-80.4200,3.7300,-13.7700,8.2500,0.0000,0.0000,-0.0000,1566.0000,1284.0000,1500.0000,2000.0000
232900.9220,2.0000,2000.0000,1221.0000,1651.0000,10.0000,-152.0000,-82.0000,855.0000,-472.0000,6471.0000,0.7849,0.1561,0.3391,0.4945,99.5000,-42.5200,-80.3000,3.9200,-13.9200,8.2200,0.0000,0.0000,-0.0000,1566.0000,1284.0000,1500.0000,2000.0000
232917.8640,2.0000,2000.0000,1221.0000,1651.0000,3.0000,-156.0000,-85.0000,1027.0000,-626.0000,8307.0000,0.7987,0.1640,0.3230,0.4804,99.6000,-42.8100,-80.1900,4.2400,-14.0600,8.0600,0.0000,0.0000,-0.0000,1566.0000,1284.0000,1500.0000,2000.0000
232934.5790,2.0000,2000.0000,1495.0000,2000.0000,-1.0000,-158.0000,-83.0000,1172.0000,-887.0000,9341.0000,0.8119,0.1712,0.3065,0.4664,99.6900,-43.0800,-80.0900,4.6500,-14.1600,7.7400,0.0000,0.0000,-0.0000,1098.0000,1094.0000,1500.0000,2000.0000
232951.2420,2.0000,2000.0000,1496.0000,2000.0000,0.0000,-154.0000,-81.0000,1268.0000,-1064.0000,9887.0000,0.8243,0.1783,0.2900,0.4524,99.7900,-43.3400,-80.0100,5.1000,-14.1900,7.3300,0.0000,0.0000,-0.0000,1098.0000,1094.0000,1500.0000,2000.0000
232967.9750,2.0000,2000.0000,1496.0000,2000.0000,-5.0000,-145.0000,-75.0000,1348.0000,-1438.0000,11249.0000,0.8355,0.1848,0.2740,0.4390,99.9000,-43.5800,-79.9400,5.5900,-14.1500,6.8300,0.0000,0.0000,-0.0000,1098.0000,1094.0000,1500.0000,2000.0000
232984.7190,2.0000,2000.0000,1496.0000,2000.0000,-30.0000,-132.0000,-60.0000,1389.0000,-1391.0000,11550.0000,0.8456,0.1889,0.2579,0.4276,99.9000,-43.5800,-79.9400,5.5900,-14.1500,6.8300,0.0000,0.0000,-0.0000,1098.0000,1094.0000,1500.0000,2000.0000
233001.5640,2.0000,2000.0000,1496.0000,2000.0000,-65.0000,-117.0000,-44.0000,1361.0000,-1637.0000,11866.0000,0.8546,0.1885,0.2408,0.4196,100.0100,-43.8800,-79.8700,6.0300,-14.1900,6.2500,0.0000,0.0000,-0.0000,1098.0000,1094.0000,1500.0000,2000.0000
233018.4190,2.0000,2000.0000,1496.0000,2000.0000,-95.0000,-106.0000,-27.0000,1295.0000,-1501.0000,11530.0000,0.8627,0.1839,0.2229,0.4150,100.1200,-44.1700,-79.8000,6.4700,-14.1700,5.6200,0.0000,0.0000,-0.0000,1098.0000,1094.0000,1500.0000,2000.0000
233035.3120,2.0000,2000.0000,1660.0000,1288.0000,-116.0000,-95.0000,-9.0000,1319.0000,-1611.0000,10923.0000,0.8697,0.1759,0.2041,0.4136,100.2400,-44.4500,-79.7500,6.8500,-14.1200,4.9800,0.0000,0.0000,-0.0000,1529.0000,1689.0000,1500.0000,2000.0000
233051.8400,2.0000,2000.0000,1660.0000,1286.0000,-138.0000,-86.0000,8.0000,1175.0000,-1568.0000,10433.0000,0.8753,0.1650,0.1850,0.4152,100.3700,-44.7200,-79.7200,7.1600,-14.0400,4.3500,0.0000,0.0000,-0.0000,1529.0000,1689.0000,1500.0000,2000.0000
233068.6150,2.0000,2000.0000,1660.0000,1286.0000,-155.0000,-74.0000,20.0000,1057.0000,-1325.0000,10309.0000,0.8797,0.1515,0.1654,0.4193,100.4900,-44.9800,-79.7000,7.3900,-13.9600,3.7100,0.0000,0.0000,-0.0000,1529.0000,1689.0000,1500.0000,2000.0000
233085.4320,2.0000,2000.0000,1660.0000,1286.0000,-174.0000,-49.0000,28.0000,1130.0000,-1347.0000,10428.0000,0.8831,0.1344,0.1465,0.4250,100.4900,-44.9800,-79.7000,7.3900,-13.9600,3.7100,0.0000,0.0000,-0.0000,1529.0000,1689.0000,1500.0000,2000.0000
233102.4880,2.0000,2000.0000,1660.0000,1286.0000,-176.0000,-16.0000,33.0000,1064.0000,-743.0000,9843.0000,0.8850,0.1138,0.1303,0.4322,100.6300,-45.2700,-79.6800,7.7200,-13.9700,3.0400,0.0000,0.0000,-0.0000,1529.0000,1689.0000,1500.0000,2000.0000
233119.4360,2.0000,2000.0000,1660.0000,1286.0000,-151.0000,24.0000,33.0000,983.0000,-548.0000,8734.0000,0.8853,0.0925,0.1195,0.4398,100.7800,-45.5500,-79.6800,7.9400,-14.0300,2.3500,0.0000,0.0000,-0.0000,1529.0000,1689.0000,1500.0000,2000.0000
233136.1830,2.0000,2000.0000,1143.0000,1000.0000,-101.0000,65.0000,28.0000,936.0000,-975.0000,8005.0000,0.8840,0.0738,0.1163,0.4467,100.9200,-45.8400,-79.7000,8.0500,-14.1300,1.7500,0.0000,0.0000,-0.0000,1932.0000,1575.0000,1500.0000,2000.0000
233153.0500,2.0000,2000.0000,1142.0000,1000.0000,-45.0000,110.0000,28.0000,789.0000,-867.0000,6374.0000,0.8813,0.0590,0.1228,0.4526,101.0600,-46.1000,-79.7300,8.0900,-14.2200,1.2500,0.0000,0.0000,-0.0000,1932.0000,1575.0000,1500.0000,2000.0000
233170.0330,2.0000,2000.0000,1142.0000,1000.0000,10.0000,155.0000,24.0000,839.0000,-676.0000,3923.0000,0.8770,0.0481,0.1386,0.4575,101.1900,-46.3700,-79.7700,8.0500,-14.3400,0.9500,0.0000,0.0000,-0.0000,1932.0000,1575.0000,1500.0000,2000.0000
233186.9430,2.0000,2000.0000,1142.0000,1000.0000,118.0000,191.0000,22.0000,580.0000,-409.0000,433.0000,0.8712,0.0446,0.1650,0.4603,101.1900,-46.3700,-79.7700,8.0500,-14.3400,0.9500,0.0000,0.0000,-0.0000,1932.0000,1575.0000,1500.0000,2000.0000
233204.2070,2.0000,2000.0000,1142.0000,1000.0000,243.0000,225.0000,10.0000,330.0000,159.0000,-3379.0000,0.8627,0.0542,0.2054,0.4590,101.3400,-46.6800,-79.8200,8.0500,-14.5400,0.9800,0.0000,0.0000,-0.0000,1932.0000,1575.0000,1500.0000,2000.0000
233220.7530,2.0000,2000.0000,1142.0000,1000.0000,345.0000,205.0000,-17.0000,3.0000,909.0000,-7065.0000,0.8529,0.0770,0.2523,0.4505,101.4800,-46.9800,-79.8800,7.8300,-14.7400,1.3800,0.0000,0.0000,-0.0000,1932.0000,1575.0000,1500.0000,2000.0000
233237.8460,2.0000,2000.0000,2000.0000,1864.0000,435.0000,171.0000,-40.0000,-86.0000,1080.0000,-9752.0000,0.8417,0.1135,0.3027,0.4324,101.6000,-47.2700,-79.9400,7.3100,-14.9000,2.0500,0.0000,0.0000,-0.0000,1047.0000,1590.0000,1500.0000,2000.0000
233254.6370,2.0000,2000.0000,2000.0000,1865.0000,476.0000,110.0000,-51.0000,-180.0000,686.0000,-10181.0000,0.8293,0.1584,0.3482,0.4073,101.7000,-47.5400,-79.9400,6.6000,-15.0300,2.8200,0.0000,0.0000,-0.0000,1047.0000,1590.0000,1500.0000,2000.0000
233271.3800,2.0000,2000.0000,2000.0000,1865.0000,501.0000,48.0000,-56.0000,-87.0000,451.0000,-8798.0000,0.8155,0.2099,0.3871,0.3757,101.8400,-47.8900,-79.9100,6.2200,-15.2100,3.4600,0.0000,0.0000,-0.0000,1047.0000,1590.0000,1500.0000,2000.0000
233288.3630,2.0000,2000.0000,2000.0000,1865.0000,453.0000,20.0000,-57.0000,253.0000,290.0000,-6422.0000,0.8000,0.2627,0.4183,0.3406,101.8400,-47.8900,-79.9100,6.2200,-15.2100,3.4600,0.0000,0.0000,-0.0000,1047.0000,1590.0000,1500.0000,2000.0000
233305.4290,2.0000,2000.0000,2000.0000,1865.0000,362.0000,-7.0000,-49.0000,571.0000,67.0000,-4087.0000,0.7852,0.3075,0.4407,0.3078,101.9800,-48.2300,-79.8600,5.9800,-15.4100,3.9000,0.0000,0.0000,-0.0000,1047.0000,1590.0000,1500.0000,2000.0000
233322.1990,2.0000,2000.0000,2000.0000,1865.0000,222.0000,13.0000,-25.0000,649.0000,-410.0000,-2040.0000,0.7730,0.3389,0.4552,0.2837,102.1000,-48.5500,-79.8000,5.9800,-15.5900,4.2200,0.0000,0.0000,-0.0000,1047.0000,1590.0000,1500.0000,2000.0000
233339.3220,2.0000,2000.0000,1552.0000,2000.0000,32.0000,22.0000,8.0000,820.0000,-875.0000,-1335.0000,0.7659,0.3521,0.4627,0.2744,102.2200,-48.8500,-79.7300,6.2100,-15.7000,4.4900,0.0000,0.0000,-0.0000,1030.0000,1082.0000,1500.0000,2000.0000
233356.0070,2.0000,2000.0000,1552.0000,2000.0000,-142.0000,32.0000,54.0000,679.0000,-1436.0000,-1773.0000,0.7664,0.3464,0.4611,0.2829,102.3400,-49.1400,-79.6600,6.4900,-15.7300,4.8000,0.0000,0.0000,-0.0000,1030.0000,1082.0000,1500.0000,2000.0000
233372.8470,2.0000,2000.0000,1552.0000,2000.0000,-269.0000,34.0000,91.0000,144.0000,-1032.0000,-2274.0000,0.7719,0.3265,0.4515,0.3062,102.5100,-49.5000,-79.5800,6.7200,-15.8000,5.2200,0.0000,0.0000,-0.0000,1030.0000,1082.0000,1500.0000,2000.0000
233389.5450,2.0000,2000.0000,1552.0000,2000.0000,-337.0000,14.0000,113.0000,167.0000,-872.0000,-2701.0000,0.7795,0.2971,0.4353,0.3386,102.5100,-49.5000,-79.5800,6.7200,-15.8000,5.2200,0.0000,0.0000,-0.0000,1030.0000,1082.0000,1500.0000,2000.0000
233406.4720,2.0000,2000.0000,1552.0000,2000.0000,-355.0000,-18.0000,128.0000,213.0000,-635.0000,-2913.0000,0.7878,0.2648,0.4117,0.3738,102.6700,-49.8500,-79.4900,6.8800,-15.8300,5.6200,0.0000,0.0000,-0.0000,1030.0000,1082.0000,1500.0000,2000.0000
233423.3530,2.0000,2000.0000,1552.0000,2000.0000,-346.0000,-55.0000,132.0000,401.0000,-161.0000,-2081.0000,0.7955,0.2337,0.3823,0.4080,102.8300,-50.1700,-79.4000,6.9800,-15.8300,6.0100,0.0000,0.0000,-0.0000,1030.0000,1082.0000,1500.0000,2000.0000
233440.0850,2.0000,2000.0000,1000.0000,1344.0000,-338.0000,-78.0000,128.0000,271.0000,69.0000,-56.0000,0.8022,0.2057,0.3491,0.4386,102.9800,-50.4700,-79.3000,7.1200,-15.8400,6.3400,0.0000,0.0000,-0.0000,1915.0000,1243.0000,1500.0000,2000.0000
233457.0210,2.0000,2000.0000,1000.0000,1343.0000,-338.0000,-95.0000,115.0000,305.0000,186.0000,2642.0000,0.8084,0.1775,0.3121,0.4664,103.1300,-50.7500,-79.2100,7.3900,-15.8300,6.5300,0.0000,0.0000,-0.0000,1915.0000,1243.0000,1500.0000,2000.0000
233473.7000,2.0000,2000.0000,1000.0000,1343.0000,-318.0000,-118.0000,85.0000,302.0000,740.0000,4851.0000,0.8143,0.1504,0.2737,0.4893,103.2700,-51.0100,-79.1200,7.7900,-15.8200,6.5000,0.0000,0.0000,-0.0000,1915.0000,1243.0000,1500.0000,2000.0000
233490.4360,2.0000,2000.0000,1000.0000,1343.0000,-264.0000,-143.0000,38.0000,436.0000,1115.0000,6412.0000,0.8210,0.1275,0.2353,0.5043,103.2700,-51.0100,-79.1200,7.7900,-15.8200,6.5000,0.0000,0.0000,-0.0000,1915.0000,1243.0000,1500.0000,2000.0000
233507.3820,2.0000,2000.0000,1000.0000,1343.0000,-173.0000,-162.0000,-15.0000,779.0000,371.0000,8799.0000,0.8294,0.1130,0.1997,0.5094,103.4100,-51.2600,-79.0400,8.1600,-15.8300,6.2200,0.0000,0.0000,-0.0000,1915.0000,1243.0000,1500.0000,2000.0000
233523.8180,2.0000,2000.0000,1000.0000,1397.0000,-60.0000,-162.0000,-59.0000,1052.0000,147.0000,10474.0000,0.8386,0.1101,0.1724,0.5049,103.5500,-51.4900,-78.9800,8.5700,-15.8400,5.7100,0.0000,0.0000,-0.0000,1843.0000,1237.0000,1500.0000,2000.0000
233540.4630,2.0000,2000.0000,1000.0000,1421.0000,37.0000,-142.0000,-99.0000,1200.0000,-4.0000,12127.0000,0.8484,0.1184,0.1544,0.4924,103.6900,-51.7100,-78.9400,9.0200,-15.8200,4.9900,0.0000,0.0000,-0.0000,1843.0000,1237.0000,1500.0000,2000.0000
233557.1990,2.0000,2000.0000,1000.0000,1421.0000,104.0000,-121.0000,-128.0000,1282.0000,-259.0000,12850.0000,0.8582,0.1346,0.1452,0.4737,103.8300,-51.9200,-78.9300,9.4600,-15.7500,4.0900,0.0000,0.0000,-0.0000,1843.0000,1237.0000,1500.0000,2000.0000
233574.0560,2.0000,2000.0000,1000.0000,1421.0000,150.0000,-105.0000,-148.0000,1233.0000,-744.0000,12740.0000,0.8674,0.1559,0.1425,0.4507,103.9800,-52.1300,-78.9400,9.9200,-15.6000,3.1600,0.0000,0.0000,-0.0000,1843.0000,1237.0000,1500.0000,2000.0000
233590.9680,2.0000,2000.0000,1000.0000,1421.0000,180.0000,-87.0000,-156.0000,1097.0000,-846.0000,11787.0000,0.8751,0.1804,0.1448,0.4250,103.9800,-52.1300,-78.9400,9.9200,-15.6000,3.1600,0.0000,0.0000,-0.0000,1843.0000,1237.0000,1500.0000,2000.0000
233607.8580,2.0000,2000.0000,1000.0000,1421.0000,203.0000,-70.0000,-160.0000,955.0000,-925.0000,10608.0000,0.8810,0.2065,0.1507,0.3980,104.1300,-52.3400,-78.9700,10.3600,-15.3700,2.3200,0.0000,0.0000,-0.0000,1843.0000,1237.0000,1500.0000,2000.0000
233624.6850,2.0000,2000.0000,1000.0000,1421.0000,224.0000,-61.0000,-154.0000,905.0000,-1280.0000,10024.0000,0.8846,0.2344,0.1592,0.3705,104.2900,-52.5400,-79.0000,10.7400,-15.1000,1.6300,0.0000,0.0000,-0.0000,1843.0000,1237.0000,1500.0000,2000.0000
233641.5930,2.0000,2000.0000,1610.0000,2000.0000,245.0000,-53.0000,-147.0000,769.0000,-1499.0000,8747.0000,0.8852,0.2644,0.1698,0.3431,104.4600,-52.7300,-79.0500,11.0900,-14.7700,1.0800,0.0000,0.0000,-0.0000,1027.0000,1138.0000,1500.0000,2000.0000
233658.4180,2.0000,2000.0000,1611.0000,2000.0000,265.0000,-51.0000,-137.0000,706.0000,-1444.0000,7864.0000,0.8829,0.2964,0.1814,0.3159,104.6200,-52.9000,-79.1000,11.3700,-14.4100,0.6900,0.0000,0.0000,-0.0000,1027.0000,1138.0000,1500.0000,2000.0000
233675.5090,2.0000,2000.0000,1611.0000,2000.0000,257.0000,-53.0000,-122.0000,674.0000,-1468.0000,7451.0000,0.8778,0.3299,0.1926,0.2890,104.7700,-53.0500,-79.1700,11.5600,-14.0600,0.4200,0.0000,0.0000,-0.0000,1027.0000,1138.0000,1500.0000,2000.0000
233692.5200,2.0000,2000.0000,1611.0000,2000.0000,197.0000,-61.0000,-93.0000,734.0000,-1629.0000,7295.0000,0.8722,0.3589,0.2002,0.2652,104.7700,-53.0500,-79.1700,11.5600,-14.0600,0.4200,0.0000,0.0000,-0.0000,1027.0000,1138.0000,1500.0000,2000.0000
233709.4130,2.0000,2000.0000,1611.0000,2000.0000,108.0000,-81.0000,-56.0000,643.0000,-1712.0000,6862.0000,0.8687,0.3793,0.2011,0.2471,104.9100,-53.1800,-79.2400,11.7000,-13.7100,0.2400,0.0000,0.0000,-0.0000,1027.0000,1138.0000,1500.0000,2000.0000
233726.1070,2.0000,2000.0000,1488.0000,1558.0000,1.0000,-95.0000,-9.0000,685.0000,-2133.0000,7348.0000,0.8692,0.3881,0.1938,0.2370,105.0600,-53.3000,-79.3200,11.8100,-13.3400,0.1300,0.0000,0.0000,-0.0000,1476.0000,1464.0000,1500.0000,2000.0000
233743.1430,2.0000,2000.0000,1488.0000,1558.0000,-90.0000,-99.0000,29.0000,687.0000,-1956.0000,8207.0000,0.8742,0.3858,0.1790,0.2345,105.2100,-53.4300,-79.3800,11.9700,-12.9400,0.0400,0.0000,0.0000,-0.0000,1476.0000,1464.0000,1500.0000,2000.0000
233759.9340,2.0000,2000.0000,1488.0000,1558.0000,-133.0000,-98.0000,52.0000,662.0000,-1726.0000,8289.0000,0.8816,0.3752,0.1602,0.2375,105.3700,-53.5600,-79.4400,12.1600,-12.5000,-0.1200,0.0000,0.0000,-0.0000,1476.0000,1464.0000,1500.0000,2000.0000
233776.8100,2.0000,2000.0000,1488.0000,1558.0000,-125.0000,-100.0000,63.0000,772.0000,-1580.0000,8423.0000,0.8888,0.3627,0.1396,0.2429,105.5400,-53.6800,-79.5000,12.3300,-12.0800,-0.3600,0.0000,0.0000,-0.0000,1476.0000,1464.0000,1500.0000,2000.0000
233793.8530,2.0000,2000.0000,1488.0000,1558.0000,-113.0000,-93.0000,67.0000,803.0000,-1258.0000,8339.0000,0.8945,0.3519,0.1191,0.2489,105.5400,-53.6800,-79.5000,12.3300,-12.0800,-0.3600,0.0000,0.0000,-0.0000,1476.0000,1464.0000,1500.0000,2000.0000
233810.9380,2.0000,2000.0000,1488.0000,1558.0000,-107.0000,-86.0000,68.0000,852.0000,-1164.0000,8288.0000,0.8989,0.3417,0.0996,0.2553,105.7000,-53.8000,-79.5600,12.4700,-11.7100,-0.6400,0.0000,0.0000,-0.0000,1476.0000,1464.0000,1500.0000,2000.0000
233827.9810,2.0000,2000.0000,1488.0000,1558.0000,-102.0000,-76.0000,66.0000,835.0000,-993.0000,8029.0000,0.9026,0.3319,0.0814,0.2618,105.8700,-53.9200,-79.6300,12.5800,-11.3700,-0.9700,0.0000,0.0000,-0.0000,1476.0000,1464.0000,1500.0000,2000.0000
233844.9820,2.0000,2000.0000,1125.0000,1000.0000,-97.0000,-69.0000,59.0000,804.0000,-742.0000,7819.0000,0.9057,0.3220,0.0649,0.2681,106.0400,-54.0300,-79.7000,12.6400,-11.0700,-1.3100,0.0000,0.0000,-0.0000,1951.0000,1577.0000,1500.0000,2000.0000
233862.0110,2.0000,2000.0000,1125.0000,1000.0000,-93.0000,-63.0000,49.0000,732.0000,-298.0000,7487.0000,0.9086,0.3119,0.0498,0.2734,106.2200,-54.1500,-79.7800,12.6600,-10.8500,-1.6800,0.0000,0.0000,-0.0000,1951.0000,1577.0000,1500.0000,2000.0000
233879.0950,2.0000,2000.0000,1125.0000,1000.0000,-60.0000,-59.0000,32.0000,769.0000,-403.0000,7525.0000,0.9110,0.3040,0.0360,0.2764,106.5100,-54.4700,-79.8600,12.8200,-10.7200,-2.0500,0.0000,0.0000,-0.0000,1951.0000,1577.0000,1500.0000,2000.0000
233896.1770,2.0000,2000.0000,1125.0000,1000.0000,38.0000,-43.0000,12.0000,815.0000,-501.0000,8180.0000,0.9108,0.3046,0.0277,0.2773,106.5100,-54.4700,-79.8600,12.8200,-10.7200,-2.0500,0.0000,0.0000,-0.0000,1951.0000,1577.0000,1500.0000,2000.0000
233912.9780,2.0000,2000.0000,1125.0000,1000.0000,166.0000,-16.0000,-17.0000,473.0000,-103.0000,7675.0000,0.9064,0.3191,0.0282,0.2754,106.8000,-54.7900,-79.9500,12.9500,-10.5800,-2.4600,0.0000,0.0000,-0.0000,1951.0000,1577.0000,1500.0000,2000.0000
233929.9790,2.0000,2000.0000,1837.0000,1549.0000,307.0000,22.0000,-47.0000,204.0000,176.0000,6792.0000,0.8960,0.3506,0.0396,0.2697,107.0900,-55.1000,-80.0500,13.0200,-10.4500,-2.8600,0.0000,0.0000,-0.0000,1275.0000,1650.0000,1500.0000,2000.0000
233946.7490,2.0000,2000.0000,1872.0000,1576.0000,430.0000,72.0000,-63.0000,40.0000,-29.0000,5092.0000,0.8773,0.3971,0.0631,0.2619,107.3700,-55.4000,-80.1600,13.0200,-10.3600,-3.1800,0.0000,0.0000,-0.0000,1275.0000,1650.0000,1500.0000,2000.0000
233963.5730,2.0000,2000.0000,1872.0000,1576.0000,505.0000,104.0000,-76.0000,98.0000,373.0000,2056.0000,0.8496,0.4527,0.0966,0.2526,107.6500,-55.7100,-80.2900,13.0200,-10.3400,-3.2900,0.0000,0.0000,-0.0000,1275.0000,1650.0000,1500.0000,2000.0000
233980.5530,2.0000,2000.0000,1872.0000,1576.0000,503.0000,124.0000,-90.0000,21.0000,788.0000,-1300.0000,0.8142,0.5107,0.1351,0.2409,107.9800,-56.0400,-80.4100,13.1300,-10.4500,-3.1800,0.0000,0.0000,-0.0000,1275.0000,1650.0000,1500.0000,2000.0000
233997.7940,2.0000,2000.0000,1872.0000,1576.0000,399.0000,133.0000,-93.0000,122.0000,765.0000,-3882.0000,0.7781,0.5589,0.1733,0.2284,107.9800,-56.0400,-80.4100,13.1300,-10.4500,-3.1800,0.0000,0.0000,-0.0000,1275.0000,1650.0000,1500.0000,2000.0000
234014.8670,2.0000,2000.0000,1872.0000,1576.0000,248.0000,125.0000,-83.0000,491.0000,589.0000,-6098.0000,0.7497,0.5891,0.2062,0.2199,108.3100,-56.3900,-80.5500,13.0800,-10.8000,-2.9500,0.0000,0.0000,-0.0000,1275.0000,1650.0000,1500.0000,2000.0000
234031.7340,2.0000,1954.0000,2000.0000,1623.0000,74.0000,117.0000,-66.0000,660.0000,445.0000,-7002.0000,0.7347,0.6001,0.2305,0.2166,108.6200,-56.7300,-80.6800,12.8900,-11.3000,-2.6700,0.0000,0.0000,-0.0000,1025.0000,1853.0000,1500.0000,1957.0000
234048.6750,2.0000,1954.0000,2000.0000,1623.0000,-59.0000,102.0000,-46.0000,912.0000,-1.0000,-6501.0000,0.7329,0.5947,0.2467,0.2198,108.9000,-57.0600,-80.8000,12.6500,-11.8300,-2.3800,0.0000,0.0000,-0.0000,1025.0000,1853.0000,1500.0000,1957.0000
234065.3230,2.0000,1954.0000,2000.0000,1623.0000,-155.0000,104.0000,-21.0000,951.0000,-157.0000,-6528.0000,0.7400,0.5785,0.2563,0.2283,109.1800,-57.3900,-80.9100,12.5000,-12.2100,-2.0700,0.0000,0.0000,-0.0000,1025.0000,1853.0000,1500.0000,1957.0000
234081.7030,2.0000,1954.0000,2000.0000,1623.0000,-224.0000,85.0000,2.0000,144.0000,-299.0000,-6379.0000,0.7526,0.5547,0.2602,0.2413,109.5400,-57.7400,-80.9700,12.6000,-12.3500,-1.7300,0.0000,0.0000,-0.0000,1025.0000,1853.0000,1500.0000,1957.0000
234098.6070,2.0000,1954.0000,2000.0000,1623.0000,-283.0000,64.0000,17.0000,-112.0000,-361.0000,-5702.0000,0.7697,0.5240,0.2580,0.2576,109.5400,-57.7400,-80.9700,12.6000,-12.3500,-1.7300,0.0000,0.0000,-0.0000,1025.0000,1853.0000,1500.0000,1957.0000
234115.6490,2.0000,1954.0000,2000.0000,1623.0000,-323.0000,58.0000,25.0000,-71.0000,-231.0000,-4969.0000,0.7899,0.4875,0.2506,0.2751,109.8700,-58.0700,-81.0100,12.6300,-12.3500,-1.3800,0.0000,0.0000,-0.0000,1025.0000,1853.0000,1500.0000,1957.0000
234132.4880,2.0000,2000.0000,1000.0000,1272.0000,-365.0000,60.0000,30.0000,443.0000,-95.0000,-4464.0000,0.8109,0.4451,0.2404,0.2941,110.1900,-58.3900,-81.0200,12.6800,-12.2400,-1.0100,0.0000,0.0000,-0.0000,1932.0000,1296.0000,1500.0000,2000.0000
234149.1030,2.0000,2000.0000,1000.0000,1272.0000,-370.0000,66.0000,25.0000,277.0000,99.0000,-3415.0000,0.8309,0.3991,0.2290,0.3129,110.4800,-58.6700,-81.0100,12.7800,-12.1000,-0.6400,0.0000,0.0000,-0.0000,1932.0000,1296.0000,1500.0000,2000.0000
234165.9970,2.0000,2000.0000,1000.0000,1272.0000,-326.0000,83.0000,18.0000,367.0000,229.0000,-2646.0000,0.8473,0.3523,0.2203,0.3308,110.7800,-58.9600,-80.9800,12.9100,-11.9400,-0.3000,0.0000,0.0000,-0.0000,1932.0000,1296.0000,1500.0000,2000.0000
234182.8240,2.0000,2000.0000,1000.0000,1272.0000,-227.0000,104.0000,5.0000,523.0000,325.0000,-2618.0000,0.8578,0.3133,0.2169,0.3450,111.1300,-59.2700,-80.9300,13.0200,-11.9400,0.0400,0.0000,0.0000,-0.0000,1932.0000,1296.0000,1500.0000,2000.0000
234199.9240,2.0000,2000.0000,1000.0000,1272.0000,-99.0000,117.0000,-10.0000,372.0000,413.0000,-3834.0000,0.8619,0.2864,0.2224,0.3544,111.1300,-59.2700,-80.9300,13.0200,-11.9400,0.0400,0.0000,0.0000,-0.0000,1932.0000,1296.0000,1500.0000,2000.0000
234216.6010,2.0000,2000.0000,1000.0000,1272.0000,34.0000,105.0000,-37.0000,453.0000,724.0000,-5967.0000,0.8610,0.2766,0.2354,0.3560,111.4600,-59.5600,-80.8700,13.0500,-11.9200,0.4300,0.0000,0.0000,-0.0000,1932.0000,1296.0000,1500.0000,2000.0000
234233.4560,2.0000,2000.0000,1143.0000,1067.0000,144.0000,60.0000,-79.0000,215.0000,1389.0000,-7537.0000,0.8576,0.2819,0.2530,0.3480,111.7600,-59.8300,-80.8000,12.9300,-11.9500,0.9600,0.0000,0.0000,-0.0000,1896.0000,1541.0000,1500.0000,2000.0000
234250.2760,2.0000,2000.0000,1144.0000,1066.0000,239.0000,5.0000,-117.0000,-18.0000,1448.0000,-7197.0000,0.8532,0.3010,0.2709,0.3286,112.0400,-60.0900,-80.7200,12.6400,-12.0500,1.5500,0.0000,0.0000,-0.0000,1896.0000,1541.0000,1500.0000,2000.0000
234267.1140,2.0000,2000.0000,1144.0000,1066.0000,314.0000,-24.0000,-134.0000,-93.0000,667.0000,-5060.0000,0.8470,0.3316,0.2876,0.2999,112.3200,-60.3500,-80.6400,12.3400,-12.1900,2.0600,0.0000,0.0000,-0.0000,1896.0000,1541.0000,1500.0000,2000.0000
234283.9940,2.0000,2000.0000,1144.0000,1066.0000,398.0000,-24.0000,-139.0000,-1.0000,83.0000,-2009.0000,0.8358,0.3709,0.3058,0.2653,112.6300,-60.6400,-80.5400,12.2300,-12.3500,2.4200,0.0000,0.0000,-0.0000,1896.0000,1541.0000,1500.0000,2000.0000
234301.1850,2.0000,2000.0000,1144.0000,1066.0000,469.0000,-8.0000,-133.0000,71.0000,-296.0000,323.0000,0.8162,0.4193,0.3273,0.2256,112.6300,-60.6400,-80.5400,12.2300,-12.3500,2.4200,0.0000,0.0000,-0.0000,1896.0000,1541.0000,1500.0000,2000.0000
234318.0860,2.0000,2000.0000,1144.0000,1066.0000,518.0000,15.0000,-120.0000,24.0000,-826.0000,1062.0000,0.7875,0.4717,0.3508,0.1855,112.9200,-60.9300,-80.4300,12.3400,-12.3400,2.7600,0.0000,0.0000,-0.0000,1896.0000,1541.0000,1500.0000,2000.0000
234335.1520,2.0000,2000.0000,1919.0000,1995.0000,550.0000,46.0000,-100.0000,-38.0000,-1054.0000,1144.0000,0.7489,0.5266,0.3751,0.1455,113.2000,-61.1900,-80.3300,12.5200,-12.2100,3.0900,0.0000,0.0000,-0.0000,1043.0000,1461.0000,1500.0000,2000.0000
234351.7650,2.0000,2000.0000,1919.0000,1995.0000,545.0000,80.0000,-73.0000,248.0000,-1041.0000,1113.0000,0.7028,0.5792,0.3982,0.1099,113.4600,-61.4400,-80.2300,12.6500,-12.0600,3.4600,0.0000,0.0000,-0.0000,1043.0000,1461.0000,1500.0000,2000.0000
234368.6400,2.0000,2000.0000,1919.0000,1995.0000,488.0000,102.0000,-38.0000,484.0000,-1127.0000,632.0000,0.6519,0.6274,0.4184,0.0798,113.7300,-61.6900,-80.1500,12.7000,-12.0100,3.8100,0.0000,0.0000,-0.0000,1043.0000,1461.0000,1500.0000,2000.0000
234385.7190,2.0000,2000.0000,1919.0000,1995.0000,364.0000,114.0000,6.0000,891.0000,-1490.0000,-416.0000,0.6038,0.6659,0.4339,0.0610,114.0200,-61.9800,-80.0700,12.6300,-12.1600,4.1600,0.0000,0.0000,-0.0000,1043.0000,1461.0000,1500.0000,2000.0000
234402.7300,2.0000,2000.0000,1919.0000,1995.0000,179.0000,109.0000,57.0000,628.0000,-1562.0000,-1731.0000,0.5690,0.6913,0.4417,0.0566,114.0200,-61.9800,-80.0700,12.6300,-12.1600,4.1600,0.0000,0.0000,-0.0000,1043.0000,1461.0000,1500.0000,2000.0000
234419.8230,2.0000,2000.0000,1919.0000,1995.0000,-33.0000,105.0000,103.0000,760.0000,-1064.0000,-3067.0000,0.5537,0.7020,0.4424,0.0697,114.2900,-62.2600,-79.9900,12.4300,-12.4300,4.4900,0.0000,0.0000,-0.0000,1043.0000,1461.0000,1500.0000,2000.0000
234436.3960,2.0000,2000.0000,1919.0000,1995.0000,-200.0000,95.0000,138.0000,310.0000,-683.0000,-4170.0000,0.5584,0.6990,0.4362,0.0969,114.5500,-62.5300,-79.9200,12.1500,-12.7700,4.7100,0.0000,0.0000,-0.0000,1043.0000,1461.0000,1500.0000,2000.0000
234453.0860,2.0000,2000.0000,1393.0000,2000.0000,-311.0000,70.0000,169.0000,282.0000,-516.0000,-5717.0000,0.5769,0.6864,0.4221,0.1337,114.7900,-62.7900,-79.8600,11.8100,-13.1200,4.8200,0.0000,0.0000,-0.0000,1171.0000,1064.0000,1500.0000,2000.0000
234469.9060,2.0000,2000.0000,1393.0000,2000.0000,-396.0000,33.0000,183.0000,192.0000,136.0000,-6353.0000,0.6057,0.6647,0.4004,0.1760,115.0200,-63.0800,-79.7800,11.3400,-13.5800,4.8400,0.0000,0.0000,-0.0000,1171.0000,1064.0000,1500.0000,2000.0000
234486.7210,2.0000,2000.0000,1393.0000,2000.0000,-417.0000,-21.0000,178.0000,70.0000,769.0000,-5821.0000,0.6396,0.6377,0.3711,0.2156,115.2700,-63.4200,-79.7000,10.7700,-14.1500,4.8400,0.0000,0.0000,-0.0000,1171.0000,1064.0000,1500.0000,2000.0000
234503.2820,2.0000,2000.0000,1393.0000,2000.0000,-405.0000,-68.0000,163.0000,288.0000,917.0000,-3877.0000,0.6736,0.6090,0.3372,0.2484,115.2700,-63.4200,-79.7000,10.7700,-14.1500,4.8400,0.0000,0.0000,-0.0000,1171.0000,1064.0000,1500.0000,2000.0000
234520.0240,2.0000,2000.0000,1393.0000,2000.0000,-374.0000,-114.0000,131.0000,195.0000,1105.0000,-703.0000,0.7060,0.5803,0.3002,0.2733,115.4900,-63.7600,-79.6000,10.3600,-14.5500,4.8500,0.0000,0.0000,-0.0000,1171.0000,1064.0000,1500.0000,2000.0000
234536.9860,2.0000,2000.0000,1000.0000,1288.0000,-344.0000,-181.0000,81.0000,178.0000,1722.0000,3410.0000,0.7379,0.5530,0.2600,0.2866,115.6900,-64.0700,-79.5100,10.2000,-14.6800,4.9300,0.0000,0.0000,-0.0000,1923.0000,1289.0000,1500.0000,2000.0000
234553.6200,2.0000,2000.0000,1000.0000,1288.0000,-298.0000,-221.0000,30.0000,647.0000,1693.0000,7151.0000,0.7681,0.5284,0.2194,0.2876,115.8800,-64.3700,-79.4200,10.3400,-14.5100,4.8900,0.0000,0.0000,-0.0000,1923.0000,1289.0000,1500.0000,2000.0000
234570.3600,2.0000,2000.0000,1000.0000,1288.0000,-227.0000,-225.0000,-22.0000,1279.0000,800.0000,10985.0000,0.7944,0.5079,0.1828,0.2787,116.0800,-64.6700,-79.3600,10.7300,-14.1300,4.7000,0.0000,0.0000,-0.0000,1923.0000,1289.0000,1500.0000,2000.0000
234587.2010,2.0000,2000.0000,1000.0000,1288.0000,-154.0000,-218.0000,-72.0000,1758.0000,368.0000,13579.0000,0.8157,0.4928,0.1525,0.2618,116.3200,-65.0000,-79.3100,11.2800,-13.5900,4.3400,0.0000,0.0000,-0.0000,1923.0000,1289.0000,1500.0000,2000.0000
234603.9950,2.0000,2000.0000,1000.0000,1288.0000,-61.0000,-192.0000,-118.0000,2131.0000,47.0000,15922.0000,0.8312,0.4853,0.1306,0.2379,116.3200,-65.0000,-79.3100,11.2800,-13.5900,4.3400,0.0000,0.0000,-0.0000,1923.0000,1289.0000,1500.0000,2000.0000
234620.9710,2.0000,2000.0000,1000.0000,1288.0000,29.0000,-139.0000,-153.0000,2157.0000,-354.0000,16760.0000,0.8397,0.4864,0.1197,0.2096,116.5500,-65.3000,-79.2900,11.8500,-12.8800,3.8000,0.0000,0.0000,-0.0000,1923.0000,1289.0000,1500.0000,2000.0000
234637.9400,2.0000,2000.0000,1567.0000,2000.0000,106.0000,-90.0000,-178.0000,1939.0000,-379.0000,16092.0000,0.8415,0.4951,0.1199,0.1801,116.7700,-65.5700,-79.3000,12.3400,-12.0700,3.1700,0.0000,0.0000,-0.0000,1026.0000,1093.0000,1500.0000,2000.0000
234654.5010,2.0000,2000.0000,1567.0000,2000.0000,164.0000,-44.0000,-196.0000,1516.0000,-489.0000,14195.0000,0.8372,0.5098,0.1289,0.1504,117.0000,-65.8000,-79.3200,12.6800,-11.3200,2.6300,0.0000,0.0000,-0.0000,1026.0000,1093.0000,1500.0000,2000.0000
234671.3870,2.0000,2000.0000,1567.0000,2000.0000,209.0000,-2.0000,-211.0000,1170.0000,-598.0000,11605.0000,0.8273,0.5290,0.1460,0.1203,117.2400,-66.0400,-79.3500,12.9000,-10.7900,2.2600,0.0000,0.0000,-0.0000,1026.0000,1093.0000,1500.0000,2000.0000
234688.4690,2.0000,2000.0000,1567.0000,2000.0000,196.0000,14.0000,-209.0000,920.0000,-451.0000,8743.0000,0.8135,0.5496,0.1673,0.0905,117.5100,-66.3100,-79.3800,13.0200,-10.5400,2.1100,0.0000,0.0000,-0.0000,1026.0000,1093.0000,1500.0000,2000.0000
234705.6980,2.0000,2000.0000,1567.0000,2000.0000,126.0000,0.0000,-196.0000,785.0000,-508.0000,6313.0000,0.8017,0.5641,0.1877,0.0628,117.5100,-66.3100,-79.3800,13.0200,-10.5400,2.1100,0.0000,0.0000,-0.0000,1026.0000,1093.0000,1500.0000,2000.0000
234722.3850,2.0000,2000.0000,1567.0000,2000.0000,41.0000,-15.0000,-174.0000,794.0000,-1005.0000,5466.0000,0.7965,0.5684,0.2027,0.0384,117.7600,-66.5700,-79.4100,12.9800,-10.5300,2.1200,0.0000,0.0000,-0.0000,1026.0000,1093.0000,1500.0000,2000.0000
234739.0770,2.0000,2000.0000,1394.0000,2000.0000,-53.0000,-22.0000,-140.0000,698.0000,-1161.0000,4811.0000,0.7984,0.5626,0.2137,0.0191,118.0000,-66.8000,-79.4400,12.8600,-10.6100,2.2500,0.0000,0.0000,-0.0000,1205.0000,1099.0000,1500.0000,2000.0000
234756.1060,2.0000,2000.0000,1394.0000,2000.0000,-109.0000,-49.0000,-95.0000,396.0000,-1615.0000,4497.0000,0.8066,0.5488,0.2197,0.0056,118.2100,-67.0200,-79.4700,12.6900,-10.7100,2.4100,0.0000,0.0000,-0.0000,1205.0000,1099.0000,1500.0000,2000.0000
234772.9110,2.0000,2000.0000,1394.0000,2000.0000,-150.0000,-76.0000,-45.0000,277.0000,-2352.0000,4352.0000,0.8190,0.5308,0.2180,-0.0026,118.4500,-67.2600,-79.4800,12.5800,-10.7000,2.6200,0.0000,0.0000,-0.0000,1205.0000,1099.0000,1500.0000,2000.0000
234789.9220,2.0000,2000.0000,1394.0000,2000.0000,-166.0000,-105.0000,-8.0000,187.0000,-2017.0000,4455.0000,0.8343,0.5099,0.2094,-0.0068,118.7100,-67.5200,-79.4700,12.5400,-10.5700,2.8400,0.0000,0.0000,-0.0000,1205.0000,1099.0000,1500.0000,2000.0000
234806.9940,2.0000,2000.0000,1394.0000,2000.0000,-165.0000,-151.0000,18.0000,218.0000,-1778.0000,5012.0000,0.8506,0.4889,0.1935,-0.0099,118.7100,-67.5200,-79.4700,12.5400,-10.5700,2.8400,0.0000,0.0000,-0.0000,1205.0000,1099.0000,1500.0000,2000.0000
234823.8410,2.0000,2000.0000,1517.0000,2000.0000,-148.0000,-180.0000,43.0000,400.0000,-1863.0000,6235.0000,0.8662,0.4694,0.1710,-0.0129,118.9600,-67.7600,-79.4600,12.5300,-10.3800,2.9900,0.0000,0.0000,-0.0000,1075.0000,1092.0000,1500.0000,2000.0000
234840.7180,2.0000,2000.0000,1517.0000,2000.0000,-132.0000,-206.0000,58.0000,709.0000,-1908.0000,8844.0000,0.8804,0.4518,0.1433,-0.0154,119.1900,-67.9800,-79.4300,12.5500,-10.0900,3.0400,0.0000,0.0000,-0.0000,1075.0000,1092.0000,1500.0000,2000.0000
234857.7130,2.0000,2000.0000,1517.0000,2000.0000,-144.0000,-204.0000,69.0000,949.0000,-1645.0000,11751.0000,0.8934,0.4345,0.1126,-0.0172,119.4200,-68.1800,-79.4100,12.6400,-9.6000,2.9200,0.0000,0.0000,-0.0000,1075.0000,1092.0000,1500.0000,2000.0000
234874.7500,2.0000,2000.0000,1517.0000,2000.0000,-169.0000,-178.0000,73.0000,1135.0000,-1158.0000,13553.0000,0.9062,0.4141,0.0834,-0.0165,119.6600,-68.3900,-79.3900,12.8100,-8.8900,2.5300,0.0000,0.0000,-0.0000,1075.0000,1092.0000,1500.0000,2000.0000
234891.3810,2.0000,2000.0000,1517.0000,2000.0000,-190.0000,-157.0000,72.0000,1198.0000,-857.0000,14217.0000,0.9187,0.3904,0.0579,-0.0139,119.9300,-68.5900,-79.3800,13.0300,-8.0700,1.9200,0.0000,0.0000,-0.0000,1075.0000,1092.0000,1500.0000,2000.0000
234908.5380,2.0000,2000.0000,1517.0000,2000.0000,-210.0000,-130.0000,66.0000,1189.0000,-833.0000,14118.0000,0.9312,0.3626,0.0349,-0.0101,119.9300,-68.5900,-79.3800,13.0300,-8.0700,1.9200,0.0000,0.0000,-0.0000,1075.0000,1092.0000,1500.0000,2000.0000
234925.2550,2.0000,2000.0000,1359.0000,2000.0000,-227.0000,-110.0000,60.0000,1183.0000,-620.0000,14020.0000,0.9428,0.3328,0.0161,-0.0060,120.2000,-68.7600,-79.3700,13.1800,-7.3300,1.2000,0.0000,0.0000,-0.0000,1905.0000,1210.0000,1500.0000,2000.0000
234941.9960,2.0000,2000.0000,1000.0000,1386.0000,-234.0000,-87.0000,50.0000,1097.0000,-483.0000,13433.0000,0.9537,0.3008,0.0005,-0.0017,120.4500,-68.9200,-79.3800,13.2600,-6.7000,0.3900,0.0000,0.0000,-0.0000,1905.0000,1210.0000,1500.0000,2000.0000
234958.9890,2.0000,2000.0000,1000.0000,1386.0000,-238.0000,-75.0000,38.0000,1069.0000,-416.0000,12514.0000,0.9636,0.2670,-0.0124,0.0019,120.7000,-69.0500,-79.4100,13.2800,-6.2300,-0.4400,0.0000,0.0000,-0.0000,1905.0000,1210.0000,1500.0000,2000.0000
234976.0840,2.0000,2000.0000,1000.0000,1386.0000,-216.0000,-69.0000,24.0000,968.0000,-474.0000,11329.0000,0.9720,0.2337,-0.0237,0.0039,120.9700,-69.1900,-79.4500,13.3300,-5.8700,-1.2500,0.0000,0.0000,-0.0000,1905.0000,1210.0000,1500.0000,2000.0000
234993.2020,2.0000,2000.0000,1000.0000,1386.0000,-152.0000,-78.0000,-3.0000,856.0000,-496.0000,10538.0000,0.9778,0.2066,-0.0345,0.0030,121.2500,-69.3300,-79.5100,13.4300,-5.5400,-1.9900,0.0000,0.0000,-0.0000,1905.0000,1210.0000,1500.0000,2000.0000
235010.1380,2.0000,2000.0000,1000.0000,1386.0000,-62.0000,-93.0000,-34.0000,784.0000,-401.0000,10025.0000,0.9804,0.1913,-0.0466,-0.0024,121.2500,-69.3300,-79.5100,13.4300,-5.5400,-1.9900,0.0000,0.0000,-0.0000,1905.0000,1210.0000,1500.0000,2000.0000
235026.9460,2.0000,2000.0000,1000.0000,1386.0000,29.0000,-98.0000,-60.0000,798.0000,-648.0000,9991.0000,0.9801,0.1890,-0.0590,-0.0115,121.5300,-69.4500,-79.5800,13.4900,-5.3100,-2.6800,0.0000,0.0000,-0.0000,1905.0000,1210.0000,1500.0000,2000.0000
235043.5540,2.0000,2000.0000,1122.0000,1010.0000,111.0000,-93.0000,-79.0000,870.0000,-842.0000,10279.0000,0.9770,0.1997,-0.0708,-0.0229,121.8100,-69.5700,-79.6600,13.4900,-5.1000,-3.3600,0.0000,0.0000,-0.0000,1935.0000,1559.0000,1500.0000,2000.0000
235060.1740,2.0000,2000.0000,1123.0000,1009.0000,166.0000,-78.0000,-92.0000,912.0000,-1042.0000,10176.0000,0.9714,0.2205,-0.0809,-0.0355,122.0700,-69.6800,-79.7600,13.4700,-4.8700,-4.0300,0.0000,0.0000,-0.0000,1935.0000,1559.0000,1500.0000,2000.0000
235077.1300,2.0000,2000.0000,1123.0000,1009.0000,215.0000,-56.0000,-92.0000,900.0000,-1003.0000,10094.0000,0.9633,0.2487,-0.0885,-0.0485,122.3500,-69.7800,-79.8700,13.4600,-4.4900,-4.6600,0.0000,0.0000,-0.0000,1935.0000,1559.0000,1500.0000,2000.0000
235093.9730,2.0000,2000.0000,1123.0000,1009.0000,281.0000,-11.0000,-83.0000,728.0000,-1181.0000,9604.0000,0.9525,0.2845,-0.0920,-0.0587,122.6500,-69.8800,-79.9900,13.4900,-3.9800,-5.2200,0.0000,0.0000,-0.0000,1935.0000,1559.0000,1500.0000,2000.0000
235111.2430,2.0000,2000.0000,1123.0000,1009.0000,364.0000,35.0000,-75.0000,498.0000,-1263.0000,8698.0000,0.9371,0.3310,-0.0895,-0.0648,122.6500,-69.8800,-79.9900,13.4900,-3.9800,-5.2200,0.0000,0.0000,-0.0000,1935.0000,1559.0000,1500.0000,2000.0000
235127.9670,2.0000,2000.0000,2000.0000,1718.0000,475.0000,85.0000,-65.0000,227.0000,-1031.0000,6196.0000,0.9150,0.3898,-0.0813,-0.0655,122.9500,-69.9700,-80.1300,13.5000,-3.4600,-5.6500,0.0000,0.0000,-0.0000,1044.0000,1738.0000,1500.0000,2000.0000
235144.9540,2.0000,2000.0000,2000.0000,1720.0000,535.0000,127.0000,-56.0000,218.0000,-688.0000,3264.0000,0.8833,0.4597,-0.0683,-0.0614,123.2400,-70.0500,-80.2700,13.5300,-3.0900,-5.8200,0.0000,0.0000,-0.0000,1044.0000,1738.0000,1500.0000,2000.0000
235161.6190,2.0000,2000.0000,2000.0000,1720.0000,519.0000,142.0000,-47.0000,140.0000,-359.0000,-14.0000,0.8457,0.5285,-0.0517,-0.0534,123.5100,-70.1200,-80.4100,13.6300,-2.9900,-5.7300,0.0000,0.0000,-0.0000,1044.0000,1738.0000,1500.0000,2000.0000
235178.2980,2.0000,2000.0000,2000.0000,1720.0000,414.0000,165.0000,-34.0000,104.0000,-164.0000,-2873.0000,0.8081,0.5864,-0.0342,-0.0438,123.8300,-70.1800,-80.5500,13.9000,-3.0000,-5.4500,0.0000,0.0000,-0.0000,1044.0000,1738.0000,1500.0000,2000.0000
235195.0260,2.0000,2000.0000,2000.0000,1720.0000,257.0000,163.0000,-16.0000,385.0000,61.0000,-5248.0000,0.7786,0.6265,-0.0156,-0.0319,124.1900,-70.2400,-80.6800,14.2500,-3.0900,-5.1100,0.0000,0.0000,-0.0000,1044.0000,1738.0000,1500.0000,2000.0000
235211.7930,2.0000,2000.0000,2000.0000,1720.0000,61.0000,148.0000,9.0000,653.0000,219.0000,-6669.0000,0.7640,0.6450,0.0015,-0.0177,124.1900,-70.2400,-80.6800,14.2500,-3.0900,-5.1100,0.0000,0.0000,-0.0000,1044.0000,1738.0000,1500.0000,2000.0000
235228.5530,2.0000,2000.0000,1000.0000,1868.0000,-111.0000,126.0000,38.0000,628.0000,-291.0000,-7160.0000,0.7672,0.6412,0.0142,-0.0025,124.5300,-70.3000,-80.8100,14.5700,-3.3900,-4.7800,0.0000,0.0000,-0.0000,1571.0000,1063.0000,1500.0000,2000.0000
235245.5690,2.0000,2000.0000,1000.0000,1868.0000,-231.0000,90.0000,66.0000,210.0000,-525.0000,-7459.0000,0.7834,0.6210,0.0214,0.0137,124.8600,-70.3600,-80.9300,14.7900,-3.7300,-4.4100,0.0000,0.0000,-0.0000,1571.0000,1063.0000,1500.0000,2000.0000
235262.2390,2.0000,2000.0000,1000.0000,1868.0000,-316.0000,43.0000,83.0000,90.0000,-83.0000,-7687.0000,0.8073,0.5891,0.0209,0.0287,125.1700,-70.4300,-81.0400,14.9100,-4.0400,-3.9700,0.0000,0.0000,-0.0000,1571.0000,1063.0000,1500.0000,2000.0000
235279.2260,2.0000,2000.0000,1000.0000,1868.0000,-355.0000,-16.0000,88.0000,404.0000,568.0000,-7477.0000,0.8355,0.5478,0.0136,0.0411,125.5300,-70.4800,-81.1300,15.0800,-4.0400,-3.5200,0.0000,0.0000,-0.0000,1571.0000,1063.0000,1500.0000,2000.0000
235295.9780,2.0000,2000.0000,1000.0000,1868.0000,-340.0000,-68.0000,83.0000,861.0000,557.0000,-5955.0000,0.8622,0.5043,-0.0010,0.0482,125.9200,-70.5100,-81.2000,15.3100,-3.7400,-3.0700,0.0000,0.0000,-0.0000,1571.0000,1063.0000,1500.0000,2000.0000
235313.1250,2.0000,2000.0000,1000.0000,1868.0000,-290.0000,-119.0000,69.0000,718.0000,565.0000,-3309.0000,0.8845,0.4634,-0.0215,0.0500,125.9200,-70.5100,-81.2000,15.3100,-3.7400,-3.0700,0.0000,0.0000,-0.0000,1571.0000,1063.0000,1500.0000,2000.0000
235329.9370,2.0000,2000.0000,1000.0000,1750.0000,-221.0000,-182.0000,40.0000,367.0000,386.0000,-41.0000,0.9001,0.4308,-0.0469,0.0454,126.3000,-70.5300,-81.2300,15.5500,-3.2600,-2.6900,0.0000,0.0000,-0.0000,1912.0000,1248.0000,1500.0000,2000.0000
235346.7750,2.0000,2000.0000,1000.0000,1341.0000,-156.0000,-239.0000,1.0000,216.0000,615.0000,3443.0000,0.9096,0.4068,-0.0778,0.0329,126.6500,-70.5300,-81.2500,15.7000,-2.5500,-2.4500,0.0000,0.0000,-0.0000,1912.0000,1248.0000,1500.0000,2000.0000
235363.5050,2.0000,2000.0000,1000.0000,1341.0000,-106.0000,-277.0000,-41.0000,683.0000,590.0000,7450.0000,0.9137,0.3904,-0.1121,0.0125,126.9800,-70.5300,-81.2800,15.7500,-1.6500,-2.4800,0.0000,0.0000,-0.0000,1912.0000,1248.0000,1500.0000,2000.0000
235380.4610,2.0000,2000.0000,1000.0000,1341.0000,-62.0000,-272.0000,-73.0000,1453.0000,54.0000,11362.0000,0.9131,0.3804,-0.1465,-0.0131,127.3600,-70.4800,-81.3600,15.8900,-0.4800,-2.8500,0.0000,0.0000,-0.0000,1912.0000,1248.0000,1500.0000,2000.0000
235397.3700,2.0000,2000.0000,1000.0000,1341.0000,-25.0000,-244.0000,-94.0000,1983.0000,-888.0000,14472.0000,0.9090,0.3754,-0.1766,-0.0401,127.7800,-70.4000,-81.4500,15.9800,0.9200,-3.4800,0.0000,0.0000,-0.0000,1912.0000,1248.0000,1500.0000,2000.0000
235414.0910,2.0000,2000.0000,1000.0000,1341.0000,34.0000,-194.0000,-108.0000,2185.0000,-1066.0000,16231.0000,0.9019,0.3771,-0.2002,-0.0654,127.7800,-70.4000,-81.4500,15.9800,0.9200,-3.4800,0.0000,0.0000,-0.0000,1912.0000,1248.0000,1500.0000,2000.0000
235430.9850,2.0000,2000.0000,1135.0000,1063.0000,107.0000,-135.0000,-120.0000,2091.0000,-1144.0000,15974.0000,0.8914,0.3883,-0.2166,-0.0880,128.1700,-70.3000,-81.5700,15.8700,2.3700,-4.2400,0.0000,0.0000,-0.0000,1902.0000,1567.0000,1500.0000,2000.0000
235448.0550,2.0000,2000.0000,1164.0000,1034.0000,142.0000,-79.0000,-128.0000,1821.0000,-1383.0000,15057.0000,0.8784,0.4079,-0.2251,-0.1064,128.5300,-70.1700,-81.6900,15.6500,3.6600,-4.9600,0.0000,0.0000,-0.0000,1902.0000,1567.0000,1500.0000,2000.0000
235465.0210,2.0000,2000.0000,1164.0000,1034.0000,174.0000,-29.0000,-134.0000,1501.0000,-1139.0000,12990.0000,0.8645,0.4321,-0.2264,-0.1213,128.8600,-70.0400,-81.8200,15.3900,4.7400,-5.5200,0.0000,0.0000,-0.0000,1902.0000,1567.0000,1500.0000,2000.0000
235481.9660,2.0000,2000.0000,1164.0000,1034.0000,220.0000,21.0000,-130.0000,1181.0000,-1145.0000,11321.0000,0.8491,0.4613,-0.2214,-0.1317,129.2400,-69.8800,-81.9700,15.3500,5.6100,-5.8900,0.0000,0.0000,-0.0000,1902.0000,1567.0000,1500.0000,2000.0000
235498.9760,2.0000,2000.0000,1164.0000,1034.0000,287.0000,84.0000,-123.0000,798.0000,-1214.0000,9087.0000,0.8302,0.4979,-0.2110,-0.1357,129.6600,-69.6900,-82.1300,15.4800,6.2900,-6.0700,0.0000,0.0000,-0.0000,1902.0000,1567.0000,1500.0000,2000.0000
235515.8500,2.0000,2000.0000,1164.0000,1034.0000,365.0000,134.0000,-119.0000,545.0000,-857.0000,6062.0000,0.8063,0.5427,-0.1946,-0.1321,129.6600,-69.6900,-82.1300,15.4800,6.2900,-6.0700,0.0000,0.0000,-0.0000,1902.0000,1567.0000,1500.0000,2000.0000
235532.8530,2.0000,2000.0000,2000.0000,1886.0000,435.0000,170.0000,-115.0000,591.0000,-632.0000,2987.0000,0.7741,0.5963,-0.1744,-0.1218,130.0600,-69.5100,-82.2900,15.7000,6.6600,-6.0500,0.0000,0.0000,-0.0000,1048.0000,1568.0000,1500.0000,2000.0000
235549.7390,2.0000,2000.0000,2000.0000,1886.0000,473.0000,198.0000,-106.0000,397.0000,-383.0000,-569.0000,0.7342,0.6530,-0.1521,-0.1069,130.4300,-69.3400,-82.4400,16.0300,6.7200,-5.8800,0.0000,0.0000,-0.0000,1048.0000,1568.0000,1500.0000,2000.0000
235566.8340,2.0000,2000.0000,2000.0000,1886.0000,424.0000,199.0000,-96.0000,512.0000,-92.0000,-3628.0000,0.6905,0.7063,-0.1282,-0.0887,130.7800,-69.1800,-82.5900,16.4400,6.4100,-5.6400,0.0000,0.0000,-0.0000,1048.0000,1568.0000,1500.0000,2000.0000
235583.6290,2.0000,2000.0000,2000.0000,1886.0000,306.0000,193.0000,-78.0000,948.0000,27.0000,-5831.0000,0.6538,0.7461,-0.1043,-0.0705,131.2000,-69.0200,-82.7300,16.9400,5.8300,-5.4400,0.0000,0.0000,-0.0000,1048.0000,1568.0000,1500.0000,2000.0000
235600.6600,2.0000,2000.0000,2000.0000,1886.0000,152.0000,166.0000,-60.0000,645.0000,-126.0000,-7485.0000,0.6294,0.7708,-0.0824,-0.0542,131.6400,-68.8800,-82.8600,17.4200,5.1000,-5.3200,0.0000,0.0000,-0.0000,1048.0000,1568.0000,1500.0000,2000.0000
235617.7160,2.0000,2000.0000,1890.0000,1982.0000,-29.0000,122.0000,-28.0000,606.0000,-324.0000,-8700.0000,0.6239,0.7778,-0.0644,-0.0411,131.6400,-68.8800,-82.8600,17.4200,5.1000,-5.3200,0.0000,0.0000,-0.0000,1118.0000,1061.0000,1500.0000,2000.0000
235634.7110,2.0000,2000.0000,1443.0000,2000.0000,-170.0000,55.0000,14.0000,626.0000,-907.0000,-9345.0000,0.6365,0.7686,-0.0553,-0.0329,132.0700,-68.7500,-82.9900,17.7900,4.2900,-5.2600,0.0000,0.0000,-0.0000,1118.0000,1061.0000,1500.0000,2000.0000
235651.5030,2.0000,2000.0000,1443.0000,2000.0000,-273.0000,-13.0000,45.0000,172.0000,-1195.0000,-7985.0000,0.6619,0.7469,-0.0562,-0.0296,132.4800,-68.6600,-83.1200,18.0700,3.4600,-5.1500,0.0000,0.0000,-0.0000,1118.0000,1061.0000,1500.0000,2000.0000
235668.5670,2.0000,2000.0000,1443.0000,2000.0000,-342.0000,-60.0000,63.0000,-21.0000,-815.0000,-6132.0000,0.6953,0.7151,-0.0646,-0.0307,132.8600,-68.5800,-83.2100,18.2500,2.8100,-4.9400,0.0000,0.0000,-0.0000,1118.0000,1061.0000,1500.0000,2000.0000
235685.6630,2.0000,2000.0000,1443.0000,2000.0000,-353.0000,-110.0000,71.0000,112.0000,-614.0000,-4824.0000,0.7314,0.6764,-0.0792,-0.0365,133.2900,-68.4900,-83.2700,18.3000,2.5900,-4.6800,0.0000,0.0000,-0.0000,1118.0000,1061.0000,1500.0000,2000.0000
235702.7160,2.0000,2000.0000,1443.0000,2000.0000,-332.0000,-153.0000,76.0000,447.0000,-768.0000,-2289.0000,0.7636,0.6364,-0.0993,-0.0461,133.7400,-68.3900,-83.3000,18.3100,2.6700,-4.3500,0.0000,0.0000,-0.0000,1118.0000,1061.0000,1500.0000,2000.0000
235719.3520,2.0000,2000.0000,1443.0000,2000.0000,-305.0000,-184.0000,75.0000,534.0000,-677.0000,848.0000,0.7898,0.5980,-0.1232,-0.0586,133.7400,-68.3900,-83.3000,18.3100,2.6700,-4.3500,0.0000,0.0000,-0.0000,1118.0000,1061.0000,1500.0000,2000.0000
235736.0320,2.0000,2000.0000,1000.0000,1462.0000,-280.0000,-195.0000,65.0000,717.0000,-688.0000,3918.0000,0.8114,0.5606,-0.1485,-0.0721,134.1600,-68.3000,-83.3300,18.2600,3.0400,-4.0200,0.0000,0.0000,-0.0000,1923.0000,1292.0000,1500.0000,2000.0000
235752.7470,2.0000,2000.0000,1000.0000,1285.0000,-259.0000,-211.0000,55.0000,754.0000,-648.0000,6362.0000,0.8284,0.5250,-0.1744,-0.0874,134.5500,-68.2000,-83.3700,18.1100,3.6900,-3.8100,0.0000,0.0000,-0.0000,1923.0000,1292.0000,1500.0000,2000.0000
235769.7250,2.0000,2000.0000,1000.0000,1285.0000,-233.0000,-214.0000,40.0000,959.0000,-294.0000,8188.0000,0.8419,0.4901,-0.2005,-0.1040,134.9700,-68.0600,-83.4400,17.7700,4.5300,-3.7700,0.0000,0.0000,-0.0000,1923.0000,1292.0000,1500.0000,2000.0000
235786.6230,2.0000,2000.0000,1000.0000,1285.0000,-182.0000,-213.0000,10.0000,1209.0000,-233.0000,9654.0000,0.8503,0.4598,-0.2253,-0.1220,135.3900,-67.9100,-83.5300,17.3100,5.3800,-3.9200,0.0000,0.0000,-0.0000,1923.0000,1292.0000,1500.0000,2000.0000
235803.4220,2.0000,2000.0000,1000.0000,1285.0000,-110.0000,-214.0000,-17.0000,1534.0000,-254.0000,11013.0000,0.8524,0.4376,-0.2488,-0.1413,135.7800,-67.7500,-83.6200,16.7700,6.2000,-4.2000,0.0000,0.0000,-0.0000,1923.0000,1292.0000,1500.0000,2000.0000
235820.0430,2.0000,2000.0000,1000.0000,1285.0000,-31.0000,-196.0000,-42.0000,1808.0000,-942.0000,12650.0000,0.8484,0.4256,-0.2708,-0.1604,135.7800,-67.7500,-83.6200,16.7700,6.2000,-4.2000,0.0000,0.0000,-0.0000,1923.0000,1292.0000,1500.0000,2000.0000
235836.8740,2.0000,2000.0000,1000.0000,1453.0000,56.0000,-156.0000,-59.0000,1928.0000,-1061.0000,13593.0000,0.8389,0.4253,-0.2898,-0.1770,136.1200,-67.5800,-83.7200,16.1400,7.0100,-4.5600,0.0000,0.0000,-0.0000,1838.0000,1210.0000,1500.0000,2000.0000
235853.3730,2.0000,2000.0000,1000.0000,1453.0000,116.0000,-108.0000,-73.0000,1844.0000,-903.0000,13811.0000,0.8263,0.4351,-0.3035,-0.1892,136.4400,-67.4100,-83.8200,15.4400,7.8000,-4.9400,0.0000,0.0000,-0.0000,1838.0000,1210.0000,1500.0000,2000.0000
235870.1120,2.0000,2000.0000,1000.0000,1453.0000,155.0000,-66.0000,-86.0000,1519.0000,-749.0000,12115.0000,0.8114,0.4527,-0.3122,-0.1979,136.7200,-67.2400,-83.9300,14.7200,8.5400,-5.3000,0.0000,0.0000,-0.0000,1838.0000,1210.0000,1500.0000,2000.0000
235887.1080,2.0000,2000.0000,1000.0000,1453.0000,173.0000,-38.0000,-93.0000,1263.0000,-517.0000,9746.0000,0.7951,0.4754,-0.3167,-0.2040,137.0300,-67.0500,-84.0500,14.1400,9.0500,-5.5200,0.0000,0.0000,-0.0000,1838.0000,1210.0000,1500.0000,2000.0000
235904.0760,2.0000,2000.0000,1000.0000,1453.0000,171.0000,-24.0000,-102.0000,1015.0000,-532.0000,7768.0000,0.7782,0.4994,-0.3183,-0.2092,137.3300,-66.8500,-84.1600,13.7500,9.3300,-5.5800,0.0000,0.0000,-0.0000,1838.0000,1210.0000,1500.0000,2000.0000
235921.0910,2.0000,2000.0000,1000.0000,1453.0000,172.0000,-20.0000,-106.0000,921.0000,-393.0000,6441.0000,0.7607,0.5237,-0.3181,-0.2143,137.3300,-66.8500,-84.1600,13.7500,9.3300,-5.5800,0.0000,0.0000,-0.0000,1838.0000,1210.0000,1500.0000,2000.0000
235937.8400,2.0000,2000.0000,1137.0000,1000.0000,178.0000,-18.0000,-109.0000,931.0000,-536.0000,5143.0000,0.7429,0.5475,-0.3169,-0.2191,137.6200,-66.6600,-84.2800,13.5100,9.4400,-5.5300,0.0000,0.0000,-0.0000,1946.0000,1584.0000,1500.0000,2000.0000
235954.8140,2.0000,2000.0000,1137.0000,1000.0000,202.0000,-23.0000,-110.0000,982.0000,-705.0000,4493.0000,0.7226,0.5725,-0.3162,-0.2237,137.8800,-66.4700,-84.3900,13.3700,9.4200,-5.4000,0.0000,0.0000,-0.0000,1946.0000,1584.0000,1500.0000,2000.0000
235971.6650,2.0000,2000.0000,1137.0000,1000.0000,250.0000,-9.0000,-105.0000,986.0000,-886.0000,4474.0000,0.6987,0.6005,-0.3162,-0.2261,138.1900,-66.2800,-84.5000,13.3000,9.4400,-5.2100,0.0000,0.0000,-0.0000,1946.0000,1584.0000,1500.0000,2000.0000
235988.4590,2.0000,2000.0000,1137.0000,1000.0000,315.0000,20.0000,-97.0000,688.0000,-1141.0000,4589.0000,0.6701,0.6337,-0.3159,-0.2229,138.4900,-66.0800,-84.6000,13.2200,9.4600,-4.9400,0.0000,0.0000,-0.0000,1946.0000,1584.0000,1500.0000,2000.0000
236005.4600,2.0000,2000.0000,1137.0000,1000.0000,398.0000,53.0000,-87.0000,619.0000,-758.0000,3920.0000,0.6346,0.6732,-0.3148,-0.2119,138.7800,-65.8900,-84.6900,13.1300,9.4300,-4.6300,0.0000,0.0000,-0.0000,1946.0000,1584.0000,1500.0000,2000.0000
236022.5480,2.0000,2000.0000,1349.0000,1661.0000,479.0000,86.0000,-78.0000,568.0000,-731.0000,2592.0000,0.5896,0.7197,-0.3129,-0.1913,138.7800,-65.8900,-84.6900,13.1300,9.4300,-4.6300,0.0000,0.0000,-0.0000,1018.0000,1092.0000,1500.0000,2000.0000
236039.3640,2.0000,2000.0000,1574.0000,2000.0000,529.0000,113.0000,-65.0000,600.0000,-725.0000,834.0000,0.5368,0.7675,-0.3102,-0.1631,139.0500,-65.7200,-84.7700,13.1100,9.3500,-4.3000,0.0000,0.0000,-0.0000,1018.0000,1092.0000,1500.0000,2000.0000
236056.0870,2.0000,2000.0000,1574.0000,2000.0000,522.0000,132.0000,-52.0000,395.0000,-494.0000,-1179.0000,0.4798,0.8120,-0.3061,-0.1296,139.3000,-65.5500,-84.8500,13.2100,9.1400,-4.0000,0.0000,0.0000,-0.0000,1018.0000,1092.0000,1500.0000,2000.0000
236073.1330,2.0000,2000.0000,1574.0000,2000.0000,442.0000,140.0000,-38.0000,750.0000,-312.0000,-2767.0000,0.4246,0.8489,-0.3003,-0.0944,139.6100,-65.3500,-84.9200,13.3300,9.0200,-3.8000,0.0000,0.0000,-0.0000,1018.0000,1092.0000,1500.0000,2000.0000
236090.1810,2.0000,2000.0000,1574.0000,2000.0000,315.0000,132.0000,-18.0000,868.0000,-271.0000,-4321.0000,0.3816,0.8741,-0.2939,-0.0623,139.9100,-65.1600,-84.9900,13.5000,8.8500,-3.7600,0.0000,0.0000,-0.0000,1018.0000,1092.0000,1500.0000,2000.0000
236107.1330,2.0000,2000.0000,1574.0000,2000.0000,171.0000,111.0000,8.0000,970.0000,-362.0000,-5898.0000,0.3555,0.8881,-0.2891,-0.0367,140.2100,-64.9800,-85.0500,13.6700,8.6100,-3.8700,0.0000,0.0000,-0.0000,1018.0000,1092.0000,1500.0000,2000.0000
236124.1000,2.0000,2000.0000,1574.0000,2000.0000,31.0000,62.0000,40.0000,1169.0000,-719.0000,-7094.0000,0.3469,0.8924,-0.2880,-0.0201,140.2100,-64.9800,-85.0500,13.6700,8.6100,-3.8700,0.0000,0.0000,-0.0000,1018.0000,1092.0000,1500.0000,2000.0000
236140.8750,2.0000,2000.0000,1215.0000,1999.0000,-73.0000,-4.0000,73.0000,917.0000,-895.0000,-7999.0000,0.3521,0.8885,-0.2940,-0.0145,140.4800,-64.8200,-85.1100,13.8400,8.3000,-4.1200,0.0000,0.0000,-0.0000,1392.0000,1108.0000,1500.0000,2000.0000
236157.8320,2.0000,2000.0000,1215.0000,1999.0000,-153.0000,-70.0000,94.0000,465.0000,-733.0000,-6837.0000,0.3653,0.8786,-0.3070,-0.0204,140.7500,-64.6800,-85.1500,13.9800,7.9200,-4.4300,0.0000,0.0000,-0.0000,1392.0000,1108.0000,1500.0000,2000.0000
236174.9080,2.0000,2000.0000,1215.0000,1999.0000,-189.0000,-118.0000,104.0000,655.0000,-244.0000,-5067.0000,0.3843,0.8636,-0.3246,-0.0349,141.0700,-64.4700,-85.1500,14.0800,7.9800,-4.6800,0.0000,0.0000,-0.0000,1392.0000,1108.0000,1500.0000,2000.0000
236191.9440,2.0000,2000.0000,1215.0000,1999.0000,-182.0000,-180.0000,108.0000,637.0000,-360.0000,-2712.0000,0.4013,0.8462,-0.3458,-0.0580,141.3900,-64.2500,-85.1400,14.1200,8.2600,-4.7600,0.0000,0.0000,-0.0000,1392.0000,1108.0000,1500.0000,2000.0000
236208.8100,2.0000,2000.0000,1215.0000,1999.0000,-143.0000,-223.0000,101.0000,531.0000,-512.0000,69.0000,0.4119,0.8288,-0.3690,-0.0852,141.6800,-64.0500,-85.1300,14.0600,8.6500,-4.6100,0.0000,0.0000,-0.0000,1392.0000,1108.0000,1500.0000,2000.0000
236226.0200,2.0000,2000.0000,1000.0000,1368.0000,-127.0000,-250.0000,85.0000,425.0000,-287.0000,3033.0000,0.4161,0.8117,-0.3931,-0.1162,141.6800,-64.0500,-85.1300,14.0600,8.6500,-4.6100,0.0000,0.0000,-0.0000,1911.0000,1223.0000,1500.0000,2000.0000
236242.7850,2.0000,2000.0000,1000.0000,1367.0000,-122.0000,-274.0000,69.0000,798.0000,-128.0000,6184.0000,0.4169,0.7944,-0.4154,-0.1501,141.9600,-63.8500,-85.1300,13.8400,9.1600,-4.2300,0.0000,0.0000,-0.0000,1911.0000,1223.0000,1500.0000,2000.0000
236259.4110,2.0000,2000.0000,1000.0000,1367.0000,-106.0000,-285.0000,42.0000,1244.0000,-196.0000,8913.0000,0.4143,0.7773,-0.4354,-0.1857,142.2200,-63.6500,-85.1300,13.4300,9.8000,-3.6600,0.0000,0.0000,-0.0000,1911.0000,1223.0000,1500.0000,2000.0000
236276.0560,2.0000,2000.0000,1000.0000,1367.0000,-68.0000,-290.0000,6.0000,1672.0000,-172.0000,10720.0000,0.4063,0.7626,-0.4519,-0.2218,142.5100,-63.3700,-85.1500,12.8700,10.7200,-2.9300,0.0000,0.0000,-0.0000,1911.0000,1223.0000,1500.0000,2000.0000
236292.7310,2.0000,2000.0000,1000.0000,1367.0000,-26.0000,-271.0000,-24.0000,2071.0000,-50.0000,12168.0000,0.3925,0.7513,-0.4647,-0.2560,142.7900,-63.0700,-85.1700,12.1700,11.6100,-2.1000,0.0000,0.0000,-0.0000,1911.0000,1223.0000,1500.0000,2000.0000
236310.0480,2.0000,2000.0000,1000.0000,1367.0000,16.0000,-229.0000,-48.0000,2147.0000,-400.0000,13215.0000,0.3740,0.7438,-0.4743,-0.2864,143.0300,-62.7900,-85.1800,11.3900,12.3700,-1.2000,0.0000,0.0000,-0.0000,1911.0000,1223.0000,1500.0000,2000.0000
236326.7040,2.0000,2000.0000,1000.0000,1367.0000,52.0000,-186.0000,-70.0000,2016.0000,-227.0000,13341.0000,0.3535,0.7411,-0.4797,-0.3092,143.0300,-62.7900,-85.1800,11.3900,12.3700,-1.2000,0.0000,0.0000,-0.0000,1911.0000,1223.0000,1500.0000,2000.0000
236343.7960,2.0000,2000.0000,1956.0000,1618.0000,86.0000,-138.0000,-90.0000,1886.0000,-235.0000,12587.0000,0.3308,0.7432,-0.4817,-0.3258,143.2400,-62.5100,-85.1800,10.5800,12.9500,-0.2400,0.0000,0.0000,-0.0000,1212.0000,1672.0000,1500.0000,2000.0000
236360.9020,2.0000,2000.0000,1958.0000,1618.0000,106.0000,-95.0000,-105.0000,1707.0000,-496.0000,11785.0000,0.3071,0.7495,-0.4805,-0.3362,143.4300,-62.2300,-85.1600,9.8300,13.3500,0.6900,0.0000,0.0000,-0.0000,1212.0000,1672.0000,1500.0000,2000.0000
236377.8790,2.0000,2000.0000,1958.0000,1618.0000,104.0000,-67.0000,-117.0000,1522.0000,-264.0000,10086.0000,0.2840,0.7585,-0.4764,-0.3421,143.6400,-61.9200,-85.1300,9.1800,13.6300,1.6200,0.0000,0.0000,-0.0000,1212.0000,1672.0000,1500.0000,2000.0000
236394.7110,2.0000,2000.0000,1958.0000,1618.0000,70.0000,-58.0000,-123.0000,1394.0000,-349.0000,8372.0000,0.2640,0.7675,-0.4694,-0.3475,143.8300,-61.6100,-85.0700,8.7100,13.8100,2.4400,0.0000,0.0000,-0.0000,1212.0000,1672.0000,1500.0000,2000.0000
236411.7060,2.0000,2000.0000,1958.0000,1618.0000,31.0000,-49.0000,-123.0000,1284.0000,-659.0000,7166.0000,0.2487,0.7755,-0.4593,-0.3546,144.0100,-61.3100,-85.0000,8.4200,13.9000,3.1700,0.0000,0.0000,-0.0000,1212.0000,1672.0000,1500.0000,2000.0000
236428.5680,2.0000,2000.0000,2000.0000,1824.0000,-17.0000,-25.0000,-116.0000,1234.0000,-656.0000,6473.0000,0.2394,0.7821,-0.4467,-0.3625,144.1800,-61.0300,-84.9200,8.2500,13.9300,3.8500,0.0000,0.0000,-0.0000,1086.0000,1592.0000,1500.0000,2000.0000
236445.2610,2.0000,2000.0000,2000.0000,1824.0000,-78.0000,4.0000,-105.0000,981.0000,-492.0000,5661.0000,0.2384,0.7873,-0.4314,-0.3703,144.1800,-61.0300,-84.9200,8.2500,13.9300,3.8500,0.0000,0.0000,-0.0000,1086.0000,1592.0000,1500.0000,2000.0000
236462.1510,2.0000,2000.0000,2000.0000,1824.0000,-175.0000,47.0000,-89.0000,919.0000,-407.0000,5228.0000,0.2493,0.7905,-0.4118,-0.3787,144.3400,-60.7500,-84.8300,8.1400,13.9200,4.4500,0.0000,0.0000,-0.0000,1086.0000,1592.0000,1500.0000,2000.0000
236479.1810,2.0000,2000.0000,2000.0000,1824.0000,-266.0000,87.0000,-74.0000,747.0000,-501.0000,4167.0000,0.2750,0.7906,-0.3865,-0.3872,144.5200,-60.4400,-84.7200,8.0700,13.9100,4.9800,0.0000,0.0000,-0.0000,1086.0000,1592.0000,1500.0000,2000.0000
236496.2120,2.0000,2000.0000,2000.0000,1824.0000,-325.0000,118.0000,-50.0000,859.0000,-537.0000,2058.0000,0.3121,0.7873,-0.3569,-0.3940,144.7100,-60.1400,-84.6000,8.0900,13.8700,5.4400,0.0000,0.0000,-0.0000,1086.0000,1592.0000,1500.0000,2000.0000
236513.3050,2.0000,2000.0000,2000.0000,1824.0000,-383.0000,144.0000,-28.0000,826.0000,-810.0000,-467.0000,0.3588,0.7795,-0.3239,-0.3984,144.8900,-59.8500,-84.4800,8.3200,13.7900,5.7700,0.0000,0.0000,-0.0000,1086.0000,1592.0000,1500.0000,2000.0000
236529.9470,2.0000,2000.0000,1287.0000,1149.0000,-405.0000,146.0000,-3.0000,612.0000,-949.0000,-3048.0000,0.4093,0.7667,-0.2907,-0.4003,145.0800,-59.5800,-84.3400,8.8000,13.5800,5.9700,0.0000,0.0000,-0.0000,1787.0000,1571.0000,1500.0000,2000.0000
236546.9420,2.0000,2000.0000,1283.0000,1145.0000,-418.0000,153.0000,11.0000,484.0000,-533.0000,-4584.0000,0.4625,0.7490,-0.2565,-0.3992,145.0800,-59.5800,-84.3400,8.8000,13.5800,5.9700,0.0000,0.0000,-0.0000,1787.0000,1571.0000,1500.0000,2000.0000
236564.0570,2.0000,2000.0000,1283.0000,1145.0000,-425.0000,130.0000,14.0000,681.0000,-280.0000,-5432.0000,0.5151,0.7261,-0.2223,-0.3976,145.2600,-59.3300,-84.2100,9.4000,13.2300,6.1000,0.0000,0.0000,-0.0000,1787.0000,1571.0000,1500.0000,2000.0000
236580.7350,2.0000,2000.0000,1283.0000,1145.0000,-400.0000,108.0000,15.0000,777.0000,237.0000,-6212.0000,0.5631,0.7001,-0.1898,-0.3959,145.4900,-59.0400,-84.0700,9.9000,12.8400,6.2100,0.0000,0.0000,-0.0000,1787.0000,1571.0000,1500.0000,2000.0000
236597.5440,2.0000,2000.0000,1283.0000,1145.0000,-332.0000,99.0000,11.0000,813.0000,431.0000,-6132.0000,0.6039,0.6744,-0.1604,-0.3934,145.7200,-58.7700,-83.8900,10.3800,12.4100,6.3100,0.0000,0.0000,-0.0000,1787.0000,1571.0000,1500.0000,2000.0000
236614.4270,2.0000,2000.0000,1283.0000,1145.0000,-226.0000,86.0000,-2.0000,938.0000,246.0000,-5514.0000,0.6338,0.6538,-0.1362,-0.3903,145.9400,-58.5200,-83.6700,10.7400,12.0000,6.4500,0.0000,0.0000,-0.0000,1787.0000,1571.0000,1500.0000,2000.0000
236631.6000,2.0000,2000.0000,1000.0000,1661.0000,-73.0000,80.0000,-20.0000,977.0000,231.0000,-4902.0000,0.6495,0.6440,-0.1185,-0.3865,146.1600,-58.3000,-83.4400,10.9900,11.6500,6.6500,0.0000,0.0000,-0.0000,1719.0000,1121.0000,1500.0000,2000.0000
236648.4860,2.0000,2000.0000,1000.0000,1662.0000,67.0000,70.0000,-46.0000,730.0000,593.0000,-5023.0000,0.6486,0.6491,-0.1086,-0.3825,146.1600,-58.3000,-83.4400,10.9900,11.6500,6.6500,0.0000,0.0000,-0.0000,1719.0000,1121.0000,1500.0000,2000.0000
236665.2080,2.0000,2000.0000,1000.0000,1662.0000,155.0000,46.0000,-81.0000,536.0000,1251.0000,-5693.0000,0.6343,0.6644,-0.1042,-0.3815,146.3700,-58.1000,-83.1900,11.1700,11.3500,6.8400,0.0000,0.0000,-0.0000,1719.0000,1121.0000,1500.0000,2000.0000
236681.9260,2.0000,2000.0000,1000.0000,1662.0000,226.0000,-9.0000,-115.0000,292.0000,1103.0000,-5986.0000,0.6099,0.6842,-0.1038,-0.3860,146.6100,-57.8500,-82.9400,11.1800,11.1000,6.9500,0.0000,0.0000,-0.0000,1719.0000,1121.0000,1500.0000,2000.0000
236698.7380,2.0000,2000.0000,1000.0000,1662.0000,248.0000,-57.0000,-131.0000,625.0000,547.0000,-5920.0000,0.5775,0.7056,-0.1080,-0.3962,146.8300,-57.6100,-82.6900,11.1900,10.8500,7.0200,0.0000,0.0000,-0.0000,1719.0000,1121.0000,1500.0000,2000.0000
236715.8010,2.0000,2000.0000,1000.0000,1662.0000,223.0000,-107.0000,-142.0000,669.0000,103.0000,-4514.0000,0.5422,0.7227,-0.1152,-0.4129,147.0400,-57.4000,-82.4500,11.2100,10.6500,7.1200,0.0000,0.0000,-0.0000,1719.0000,1121.0000,1500.0000,2000.0000
236732.7490,2.0000,2000.0000,1655.0000,2000.0000,184.0000,-158.0000,-141.0000,238.0000,-302.0000,-2303.0000,0.5091,0.7324,-0.1232,-0.4350,147.2400,-57.2000,-82.2100,11.0900,10.5700,7.3100,0.0000,0.0000,-0.0000,1028.0000,1184.0000,1500.0000,2000.0000
236749.3310,2.0000,2000.0000,1656.0000,2000.0000,144.0000,-190.0000,-133.0000,399.0000,-404.0000,873.0000,0.4792,0.7352,-0.1322,-0.4609,147.2400,-57.2000,-82.2100,11.0900,10.5700,7.3100,0.0000,0.0000,-0.0000,1028.0000,1184.0000,1500.0000,2000.0000
236766.0810,2.0000,2000.0000,1656.0000,2000.0000,93.0000,-222.0000,-113.0000,684.0000,-1035.0000,4239.0000,0.4536,0.7315,-0.1413,-0.4891,147.4200,-57.0100,-81.9800,10.7100,10.6800,7.5600,0.0000,0.0000,-0.0000,1028.0000,1184.0000,1500.0000,2000.0000
236783.1520,2.0000,2000.0000,1656.0000,2000.0000,33.0000,-230.0000,-78.0000,930.0000,-1920.0000,7468.0000,0.4344,0.7206,-0.1507,-0.5189,147.6300,-56.7600,-81.7600,10.1900,11.0300,7.9300,0.0000,0.0000,-0.0000,1028.0000,1184.0000,1500.0000,2000.0000
236800.1380,2.0000,2000.0000,1656.0000,2000.0000,-38.0000,-229.0000,-39.0000,1201.0000,-2220.0000,9766.0000,0.4249,0.7036,-0.1589,-0.5469,147.8200,-56.5100,-81.5700,9.4100,11.4300,8.3800,0.0000,0.0000,-0.0000,1028.0000,1184.0000,1500.0000,2000.0000
236817.2220,2.0000,2000.0000,1656.0000,2000.0000,-107.0000,-207.0000,-7.0000,1405.0000,-2211.0000,11729.0000,0.4255,0.6812,-0.1641,-0.5727,147.9800,-56.2600,-81.4100,8.4600,11.8400,8.8000,0.0000,0.0000,-0.0000,1028.0000,1184.0000,1500.0000,2000.0000
236833.9470,2.0000,2000.0000,1393.0000,2000.0000,-160.0000,-175.0000,19.0000,1512.0000,-1820.0000,12665.0000,0.4351,0.6564,-0.1648,-0.5938,148.1200,-56.0300,-81.2600,7.4200,12.2500,9.1300,0.0000,0.0000,-0.0000,1191.0000,1084.0000,1500.0000,2000.0000
236850.8120,2.0000,2000.0000,1393.0000,2000.0000,-184.0000,-148.0000,39.0000,1426.0000,-1781.0000,12231.0000,0.4508,0.6303,-0.1619,-0.6109,148.1200,-56.0300,-81.2600,7.4200,12.2500,9.1300,0.0000,0.0000,-0.0000,1191.0000,1084.0000,1500.0000,2000.0000
236867.4900,2.0000,2000.0000,1393.0000,2000.0000,-190.0000,-141.0000,54.0000,1293.0000,-1688.0000,11115.0000,0.4694,0.6038,-0.1580,-0.6246,148.2300,-55.8000,-81.1000,6.4500,12.6400,9.3300,0.0000,0.0000,-0.0000,1191.0000,1084.0000,1500.0000,2000.0000
236884.2850,2.0000,2000.0000,1393.0000,2000.0000,-166.0000,-149.0000,60.0000,1136.0000,-1391.0000,9975.0000,0.4878,0.5768,-0.1557,-0.6365,148.3600,-55.5100,-80.9300,5.6900,12.9500,9.4700,0.0000,0.0000,-0.0000,1191.0000,1084.0000,1500.0000,2000.0000
236901.3400,2.0000,2000.0000,1393.0000,2000.0000,-147.0000,-157.0000,63.0000,1104.0000,-1065.0000,9831.0000,0.5041,0.5495,-0.1564,-0.6477,148.4700,-55.2400,-80.7500,5.0800,13.2000,9.5200,0.0000,0.0000,-0.0000,1191.0000,1084.0000,1500.0000,2000.0000
236918.2700,2.0000,2000.0000,1393.0000,2000.0000,-136.0000,-162.0000,62.0000,1201.0000,-992.0000,10267.0000,0.5182,0.5221,-0.1595,-0.6584,148.5700,-54.9700,-80.5700,4.5100,13.4400,9.4800,0.0000,0.0000,-0.0000,1191.0000,1084.0000,1500.0000,2000.0000
236935.1990,2.0000,2000.0000,1434.0000,2000.0000,-132.0000,-160.0000,60.0000,1252.0000,-1061.0000,10947.0000,0.5310,0.4945,-0.1627,-0.6685,148.6500,-54.7000,-80.4000,3.9200,13.6800,9.3400,0.0000,0.0000,-0.0000,1195.0000,1129.0000,1500.0000,2000.0000
236952.1270,2.0000,2000.0000,1434.0000,2000.0000,-133.0000,-160.0000,55.0000,1316.0000,-1049.0000,11409.0000,0.5431,0.4669,-0.1656,-0.6780,148.6500,-54.7000,-80.4000,3.9200,13.6800,9.3400,0.0000,0.0000,-0.0000,1195.0000,1129.0000,1500.0000,2000.0000
236968.6800,2.0000,2000.0000,1434.0000,2000.0000,-136.0000,-158.0000,48.0000,1378.0000,-732.0000,11389.0000,0.5540,0.4395,-0.1677,-0.6869,148.7200,-54.4500,-80.2300,3.3200,13.8900,9.1200,0.0000,0.0000,-0.0000,1195.0000,1129.0000,1500.0000,2000.0000
236985.4910,2.0000,2000.0000,1434.0000,2000.0000,-145.0000,-152.0000,39.0000,1437.0000,-636.0000,11790.0000,0.5643,0.4114,-0.1683,-0.6957,148.8000,-54.1500,-80.0600,2.7100,14.1500,8.7900,0.0000,0.0000,-0.0000,1195.0000,1129.0000,1500.0000,2000.0000
237002.2370,2.0000,2000.0000,1434.0000,2000.0000,-151.0000,-144.0000,31.0000,1487.0000,-551.0000,12165.0000,0.5738,0.3832,-0.1668,-0.7043,148.8600,-53.8600,-79.9000,2.1800,14.3600,8.3700,0.0000,0.0000,-0.0000,1195.0000,1129.0000,1500.0000,2000.0000
237019.2010,2.0000,2000.0000,1434.0000,2000.0000,-163.0000,-135.0000,22.0000,1304.0000,-389.0000,12590.0000,0.5825,0.3546,-0.1634,-0.7129,148.9100,-53.5700,-79.7500,1.7000,14.5200,7.8400,0.0000,0.0000,-0.0000,1195.0000,1129.0000,1500.0000,2000.0000
237036.1040,2.0000,2000.0000,1503.0000,2000.0000,-168.0000,-125.0000,11.0000,1297.0000,-290.0000,12412.0000,0.5904,0.3264,-0.1574,-0.7212,148.9600,-53.2900,-79.6100,1.2900,14.6300,7.2100,0.0000,0.0000,-0.0000,1143.0000,1146.0000,1500.0000,2000.0000
237053.0570,2.0000,2000.0000,1503.0000,2000.0000,-176.0000,-116.0000,0.0000,1325.0000,-494.0000,12440.0000,0.5973,0.2985,-0.1492,-0.7293,148.9600,-53.2900,-79.6100,1.2900,14.6300,7.2100,0.0000,0.0000,-0.0000,1143.0000,1146.0000,1500.0000,2000.0000
237069.8440,2.0000,2000.0000,1503.0000,2000.0000,-191.0000,-101.0000,-7.0000,1243.0000,-405.0000,12239.0000,0.6033,0.2711,-0.1384,-0.7372,148.9900,-53.0200,-79.4900,0.9300,14.7100,6.5300,0.0000,0.0000,-0.0000,1143.0000,1146.0000,1500.0000,2000.0000
237086.5670,2.0000,2000.0000,1503.0000,2000.0000,-197.0000,-84.0000,-10.0000,1079.0000,-383.0000,12077.0000,0.6090,0.2442,-0.1249,-0.7443,149.0300,-52.7200,-79.3800,0.5900,14.7800,5.8000,0.0000,0.0000,-0.0000,1143.0000,1146.0000,1500.0000,2000.0000
237103.5900,2.0000,2000.0000,1503.0000,2000.0000,-198.0000,-61.0000,-13.0000,1098.0000,-610.0000,11708.0000,0.6144,0.2185,-0.1086,-0.7503,149.0700,-52.4200,-79.2700,0.3500,14.8000,5.0200,0.0000,0.0000,-0.0000,1143.0000,1146.0000,1500.0000,2000.0000
237120.3480,2.0000,2000.0000,1226.0000,1186.0000,-196.0000,-47.0000,-16.0000,1054.0000,-557.0000,10738.0000,0.6188,0.1948,-0.0909,-0.7556,149.1000,-52.1300,-79.1900,0.2000,14.7900,4.2500,0.0000,0.0000,-0.0000,1930.0000,1599.0000,1500.0000,2000.0000
237137.3230,2.0000,2000.0000,1168.0000,1000.0000,-196.0000,-40.0000,-19.0000,916.0000,-436.0000,9850.0000,0.6226,0.1720,-0.0719,-0.7600,149.1300,-51.8500,-79.1200,0.2100,14.7500,3.5600,0.0000,0.0000,-0.0000,1930.0000,1599.0000,1500.0000,2000.0000
237154.0230,2.0000,2000.0000,1168.0000,1000.0000,-173.0000,-48.0000,-22.0000,909.0000,-479.0000,8459.0000,0.6254,0.1505,-0.0543,-0.7637,149.1300,-51.8500,-79.1200,0.2100,14.7500,3.5600,0.0000,0.0000,-0.0000,1930.0000,1599.0000,1500.0000,2000.0000
237171.1060,2.0000,2000.0000,1168.0000,1000.0000,-114.0000,-58.0000,-33.0000,876.0000,-734.0000,7440.0000,0.6258,0.1312,-0.0418,-0.7677,149.1600,-51.5900,-79.0700,0.3300,14.6600,2.9500,0.0000,0.0000,-0.0000,1930.0000,1599.0000,1500.0000,2000.0000
237187.9880,2.0000,2000.0000,1168.0000,1000.0000,-45.0000,-69.0000,-47.0000,821.0000,-483.0000,7744.0000,0.6232,0.1169,-0.0381,-0.7724,149.2000,-51.3000,-79.0200,0.2700,14.5800,2.4700,0.0000,0.0000,-0.0000,1930.0000,1599.0000,1500.0000,2000.0000
237205.1890,2.0000,2000.0000,1168.0000,1000.0000,29.0000,-71.0000,-58.0000,876.0000,-851.0000,8564.0000,0.6177,0.1081,-0.0428,-0.7778,149.2400,-51.0100,-78.9800,0.2500,14.4700,1.9600,0.0000,0.0000,-0.0000,1930.0000,1599.0000,1500.0000,2000.0000
237221.9480,2.0000,2000.0000,2000.0000,1606.0000,120.0000,-50.0000,-62.0000,876.0000,-1329.0000,9046.0000,0.6098,0.1078,-0.0557,-0.7832,149.2700,-50.7500,-78.9500,0.2100,14.3200,1.3700,0.0000,0.0000,-0.0000,1101.0000,1791.0000,1500.0000,2000.0000
237238.6830,2.0000,2000.0000,2000.0000,1609.0000,239.0000,2.0000,-60.0000,721.0000,-1569.0000,9452.0000,0.6002,0.1217,-0.0779,-0.7867,149.3100,-50.4900,-78.9300,0.1000,14.1100,0.7500,0.0000,0.0000,-0.0000,1101.0000,1791.0000,1500.0000,2000.0000
237255.3360,2.0000,2000.0000,2000.0000,1609.0000,330.0000,48.0000,-54.0000,559.0000,-1267.0000,8281.0000,0.5890,0.1506,-0.1078,-0.7866,149.3100,-50.4900,-78.9300,0.1000,14.1100,0.7500,0.0000,0.0000,-0.0000,1101.0000,1791.0000,1500.0000,2000.0000
237272.0560,2.0000,2000.0000,2000.0000,1609.0000,343.0000,88.0000,-44.0000,539.0000,-730.0000,5464.0000,0.5763,0.1887,-0.1404,-0.7826,149.3500,-50.2600,-78.9200,-0.0600,13.8600,0.1900,0.0000,0.0000,-0.0000,1101.0000,1791.0000,1500.0000,2000.0000
237288.8380,2.0000,2000.0000,2000.0000,1609.0000,261.0000,122.0000,-35.0000,790.0000,-243.0000,2806.0000,0.5652,0.2276,-0.1653,-0.7755,149.3700,-49.9800,-78.9100,-0.4300,13.6700,-0.0700,0.0000,0.0000,-0.0000,1101.0000,1791.0000,1500.0000,2000.0000
237305.9270,2.0000,2000.0000,2000.0000,1609.0000,114.0000,146.0000,-19.0000,663.0000,7.0000,38.0000,0.5590,0.2597,-0.1746,-0.7678,149.3800,-49.7300,-78.9000,-0.6100,13.5100,-0.0400,0.0000,0.0000,-0.0000,1101.0000,1791.0000,1500.0000,2000.0000
237322.5010,2.0000,2000.0000,2000.0000,1609.0000,-42.0000,189.0000,-1.0000,679.0000,51.0000,-1827.0000,0.5612,0.2810,-0.1637,-0.7611,149.4000,-49.4900,-78.8900,-0.6000,13.3200,0.2200,0.0000,0.0000,-0.0000,1101.0000,1791.0000,1500.0000,2000.0000
237339.2630,2.0000,2000.0000,1975.0000,1867.0000,-165.0000,203.0000,13.0000,406.0000,60.0000,-4143.0000,0.5711,0.2940,-0.1354,-0.7543,149.4000,-49.4900,-78.8900,-0.6000,13.3200,0.2200,0.0000,0.0000,-0.0000,1079.0000,1556.0000,1500.0000,2000.0000
237356.2140,2.0000,2000.0000,1975.0000,1867.0000,-251.0000,218.0000,30.0000,106.0000,76.0000,-6694.0000,0.5864,0.2993,-0.0947,-0.7467,149.4100,-49.2800,-78.8700,-0.4500,13.1100,0.6800,0.0000,0.0000,-0.0000,1079.0000,1556.0000,1500.0000,2000.0000
237373.0630,2.0000,2000.0000,1975.0000,1867.0000,-304.0000,189.0000,40.0000,402.0000,142.0000,-8958.0000,0.6045,0.2966,-0.0479,-0.7378,149.4200,-49.0600,-78.8400,-0.2500,12.9300,1.3400,0.0000,0.0000,-0.0000,1079.0000,1556.0000,1500.0000,2000.0000
237389.8870,2.0000,2000.0000,1975.0000,1867.0000,-373.0000,144.0000,42.0000,660.0000,949.0000,-9647.0000,0.6232,0.2843,0.0012,-0.7286,149.4100,-48.7400,-78.7900,-0.4000,13.3000,2.2500,0.0000,0.0000,-0.0000,1079.0000,1556.0000,1500.0000,2000.0000
237406.6380,2.0000,2000.0000,1975.0000,1867.0000,-441.0000,94.0000,35.0000,150.0000,1221.0000,-8742.0000,0.6424,0.2587,0.0538,-0.7194,149.3900,-48.4300,-78.7200,-0.5000,13.5300,3.2300,0.0000,0.0000,-0.0000,1079.0000,1556.0000,1500.0000,2000.0000
237423.6370,2.0000,2000.0000,1975.0000,1867.0000,-475.0000,50.0000,21.0000,-315.0000,975.0000,-6389.0000,0.6608,0.2222,0.1081,-0.7087,149.3600,-48.1400,-78.6100,-0.7200,13.6700,4.0800,0.0000,0.0000,-0.0000,1079.0000,1556.0000,1500.0000,2000.0000
237440.9530,2.0000,2000.0000,1000.0000,1145.0000,-507.0000,42.0000,7.0000,-129.0000,1289.0000,-4077.0000,0.6761,0.1777,0.1646,-0.6958,149.3600,-48.1400,-78.6100,-0.7200,13.6700,4.0800,0.0000,0.0000,-0.0000,1934.0000,1421.0000,1500.0000,2000.0000
237457.7700,2.0000,2000.0000,1000.0000,1145.0000,-515.0000,43.0000,-10.0000,-76.0000,1225.0000,-1502.0000,0.6865,0.1302,0.2204,-0.6806,149.3400,-47.8600,-78.4700,-1.0600,13.8400,4.7200,0.0000,0.0000,-0.0000,1934.0000,1421.0000,1500.0000,2000.0000
237474.6090,2.0000,2000.0000,1000.0000,1145.0000,-509.0000,50.0000,-32.0000,-13.0000,1205.0000,359.0000,0.6911,0.0815,0.2763,-0.6629,149.3000,-47.5700,-78.3100,-1.4300,14.1600,5.1300,0.0000,0.0000,-0.0000,1934.0000,1421.0000,1500.0000,2000.0000
237491.2980,2.0000,2000.0000,1000.0000,1145.0000,-460.0000,81.0000,-56.0000,385.0000,1173.0000,1820.0000,0.6882,0.0368,0.3298,-0.6452,149.2300,-47.1800,-78.1200,-1.8400,14.8200,5.3500,0.0000,0.0000,-0.0000,1934.0000,1421.0000,1500.0000,2000.0000
237508.3790,2.0000,2000.0000,1000.0000,1145.0000,-350.0000,101.0000,-84.0000,669.0000,875.0000,1988.0000,0.6776,0.0002,0.3783,-0.6307,149.1600,-46.8100,-77.9500,-2.1400,15.4700,5.5000,0.0000,0.0000,-0.0000,1934.0000,1421.0000,1500.0000,2000.0000
237525.4130,2.0000,2000.0000,1140.0000,1044.0000,-176.0000,128.0000,-111.0000,1126.0000,336.0000,1459.0000,0.6609,-0.0211,0.4144,-0.6253,149.0900,-46.4500,-77.8100,-2.3800,16.0100,5.6400,0.0000,0.0000,-0.0000,1907.0000,1563.0000,1500.0000,2000.0000
237542.4380,2.0000,2000.0000,1155.0000,1033.0000,31.0000,136.0000,-135.0000,623.0000,36.0000,-326.0000,0.6407,-0.0230,0.4332,-0.6336,149.0900,-46.4500,-77.8100,-2.3800,16.0100,5.6400,0.0000,0.0000,-0.0000,1907.0000,1563.0000,1500.0000,2000.0000
237559.6020,2.0000,2000.0000,1155.0000,1033.0000,207.0000,145.0000,-153.0000,-64.0000,-130.0000,-2290.0000,0.6180,-0.0072,0.4340,-0.6556,149.0200,-46.1100,-77.6900,-2.6700,16.4100,5.8400,0.0000,0.0000,-0.0000,1907.0000,1563.0000,1500.0000,2000.0000
237576.2610,2.0000,2000.0000,1155.0000,1033.0000,333.0000,159.0000,-157.0000,36.0000,-285.0000,-3531.0000,0.5932,0.0220,0.4205,-0.6862,148.9400,-45.7600,-77.5700,-3.0600,16.6100,6.1200,0.0000,0.0000,-0.0000,1907.0000,1563.0000,1500.0000,2000.0000
237593.2960,2.0000,2000.0000,1155.0000,1033.0000,438.0000,154.0000,-148.0000,-156.0000,-423.0000,-4744.0000,0.5655,0.0624,0.3942,-0.7218,148.8400,-45.3500,-77.4400,-3.4800,16.6900,6.4900,0.0000,0.0000,-0.0000,1907.0000,1563.0000,1500.0000,2000.0000
237610.5180,2.0000,2000.0000,1155.0000,1033.0000,489.0000,139.0000,-129.0000,-202.0000,-718.0000,-5375.0000,0.5359,0.1097,0.3566,-0.7574,148.7400,-44.9600,-77.3000,-3.8500,16.6200,6.9500,0.0000,0.0000,-0.0000,1907.0000,1563.0000,1500.0000,2000.0000
237627.2840,2.0000,1998.0000,2000.0000,1636.0000,521.0000,125.0000,-104.0000,-185.0000,-947.0000,-4999.0000,0.5065,0.1572,0.3119,-0.7883,148.6300,-44.6000,-77.1500,-4.1300,16.4600,7.4600,0.0000,0.0000,-0.0000,1046.0000,1819.0000,1500.0000,1999.0000
237643.8660,2.0000,1998.0000,2000.0000,1636.0000,542.0000,100.0000,-72.0000,410.0000,-1537.0000,-3641.0000,0.4781,0.2044,0.2609,-0.8134,148.5300,-44.2500,-76.9800,-4.3400,16.3500,7.9300,0.0000,0.0000,-0.0000,1046.0000,1819.0000,1500.0000,1999.0000
237660.5560,2.0000,1998.0000,2000.0000,1636.0000,526.0000,90.0000,-26.0000,550.0000,-2193.0000,-2001.0000,0.4518,0.2502,0.2043,-0.8316,148.5300,-44.2500,-76.9800,-4.3400,16.3500,7.9300,0.0000,0.0000,-0.0000,1046.0000,1819.0000,1500.0000,1999.0000
237677.3180,2.0000,1998.0000,2000.0000,1636.0000,436.0000,74.0000,29.0000,747.0000,-2451.0000,-732.0000,0.4315,0.2911,0.1503,-0.8406,148.4300,-43.9000,-76.7900,-4.5600,16.3600,8.3200,0.0000,0.0000,-0.0000,1046.0000,1819.0000,1500.0000,1999.0000
237694.4610,2.0000,1998.0000,2000.0000,1636.0000,288.0000,69.0000,80.0000,676.0000,-2118.0000,644.0000,0.4211,0.3242,0.1066,-0.8404,148.3000,-43.5000,-76.5400,-4.8000,16.5500,8.6200,0.0000,0.0000,-0.0000,1046.0000,1819.0000,1500.0000,1999.0000
237711.1710,2.0000,1998.0000,2000.0000,1636.0000,97.0000,74.0000,125.0000,395.0000,-1894.0000,1326.0000,0.4242,0.3457,0.0828,-0.8329,148.1800,-43.0900,-76.3100,-5.0300,16.7900,8.8400,0.0000,0.0000,-0.0000,1046.0000,1819.0000,1500.0000,1999.0000
237727.8750,2.0000,1998.0000,2000.0000,1636.0000,-80.0000,95.0000,158.0000,242.0000,-1644.0000,1194.0000,0.4409,0.3573,0.0808,-0.8194,148.0500,-42.7100,-76.0800,-5.2400,17.0100,9.0000,0.0000,0.0000,-0.0000,1046.0000,1819.0000,1500.0000,1999.0000
237744.6730,2.0000,2000.0000,1536.0000,1860.0000,-195.0000,127.0000,182.0000,254.0000,-986.0000,-324.0000,0.4674,0.3630,0.0957,-0.8004,148.0500,-42.7100,-76.0800,-5.2400,17.0100,9.0000,0.0000,0.0000,-0.0000,1301.0000,1337.0000,1500.0000,2000.0000
237761.4250,2.0000,2000.0000,1536.0000,1860.0000,-298.0000,145.0000,194.0000,1.0000,-298.0000,-2892.0000,0.5004,0.3638,0.1244,-0.7757,147.9300,-42.3300,-75.8700,-5.3500,17.2000,9.1800,0.0000,0.0000,-0.0000,1301.0000,1337.0000,1500.0000,2000.0000
237778.2880,2.0000,2000.0000,1536.0000,1860.0000,-350.0000,131.0000,199.0000,-148.0000,273.0000,-6135.0000,0.5366,0.3588,0.1612,-0.7465,147.8100,-41.9600,-75.6500,-5.2800,17.3100,9.5200,0.0000,0.0000,-0.0000,1301.0000,1337.0000,1500.0000,2000.0000
237794.7860,2.0000,2000.0000,1536.0000,1860.0000,-361.0000,75.0000,198.0000,11.0000,702.0000,-8432.0000,0.5726,0.3462,0.1967,-0.7167,147.6700,-41.4900,-75.3400,-5.0900,17.3000,10.0700,0.0000,0.0000,-0.0000,1301.0000,1337.0000,1500.0000,2000.0000
237811.6540,2.0000,2000.0000,1536.0000,1860.0000,-340.0000,7.0000,184.0000,-50.0000,1297.0000,-8189.0000,0.6082,0.3257,0.2267,-0.6874,147.5400,-41.0600,-75.0100,-4.8700,17.0900,10.7600,0.0000,0.0000,-0.0000,1301.0000,1337.0000,1500.0000,2000.0000
237828.3480,2.0000,2000.0000,1000.0000,1298.0000,-320.0000,-46.0000,158.0000,188.0000,1409.0000,-5141.0000,0.6405,0.2999,0.2487,-0.6617,147.4300,-40.6600,-74.6700,-4.7000,16.9100,11.3900,0.0000,0.0000,-0.0000,1914.0000,1288.0000,1500.0000,2000.0000
237845.2720,2.0000,2000.0000,1000.0000,1298.0000,-311.0000,-104.0000,114.0000,-231.0000,1646.0000,-1201.0000,0.6695,0.2675,0.2659,-0.6400,147.4300,-40.6600,-74.6700,-4.7000,16.9100,11.3900,0.0000,0.0000,-0.0000,1914.0000,1288.0000,1500.0000,2000.0000
237862.2430,2.0000,2000.0000,1000.0000,1298.0000,-269.0000,-168.0000,54.0000,-192.0000,1952.0000,3006.0000,0.6931,0.2281,0.2765,-0.6253,147.3200,-40.2900,-74.3100,-4.6200,16.9700,11.7600,0.0000,0.0000,-0.0000,1914.0000,1288.0000,1500.0000,2000.0000
237878.9610,2.0000,2000.0000,1000.0000,1298.0000,-182.0000,-182.0000,-3.0000,314.0000,989.0000,7016.0000,0.7093,0.1896,0.2777,-0.6196,147.2100,-39.9100,-73.9600,-4.5300,17.3200,11.8800,0.0000,0.0000,-0.0000,1914.0000,1288.0000,1500.0000,2000.0000
237896.0210,2.0000,2000.0000,1000.0000,1298.0000,-55.0000,-178.0000,-56.0000,614.0000,352.0000,10732.0000,0.7167,0.1590,0.2704,-0.6228,147.0800,-39.4400,-73.5700,-4.5300,17.9700,11.7100,0.0000,0.0000,-0.0000,1914.0000,1288.0000,1500.0000,2000.0000
237913.0480,2.0000,2000.0000,1000.0000,1298.0000,72.0000,-156.0000,-110.0000,701.0000,76.0000,12558.0000,0.7147,0.1418,0.2531,-0.6365,146.9600,-38.9900,-73.2300,-4.5000,18.7400,11.1700,0.0000,0.0000,-0.0000,1914.0000,1288.0000,1500.0000,2000.0000
237929.7730,2.0000,2000.0000,1000.0000,1469.0000,161.0000,-139.0000,-152.0000,798.0000,185.0000,12814.0000,0.7046,0.1358,0.2291,-0.6577,146.8500,-38.5500,-72.9500,-4.4800,19.4300,10.4000,0.0000,0.0000,-0.0000,1830.0000,1202.0000,1500.0000,2000.0000
237946.8930,2.0000,2000.0000,1000.0000,1469.0000,223.0000,-119.0000,-182.0000,780.0000,71.0000,12301.0000,0.6877,0.1380,0.1996,-0.6842,146.7400,-38.1300,-72.7300,-4.5100,19.9800,9.5700,0.0000,0.0000,-0.0000,1830.0000,1202.0000,1500.0000,2000.0000
237963.5330,2.0000,2000.0000,1000.0000,1469.0000,248.0000,-112.0000,-201.0000,794.0000,-147.0000,11430.0000,0.6663,0.1448,0.1682,-0.7118,146.7400,-38.1300,-72.7300,-4.5100,19.9800,9.5700,0.0000,0.0000,-0.0000,1830.0000,1202.0000,1500.0000,2000.0000
237980.3020,2.0000,2000.0000,1000.0000,1469.0000,245.0000,-114.0000,-205.0000,754.0000,-358.0000,10506.0000,0.6418,0.1521,0.1355,-0.7393,146.6300,-37.7000,-72.5300,-4.6300,20.3700,8.7600,0.0000,0.0000,-0.0000,1830.0000,1202.0000,1500.0000,2000.0000
237997.1550,2.0000,2000.0000,1000.0000,1469.0000,237.0000,-109.0000,-200.0000,630.0000,-916.0000,10351.0000,0.6161,0.1584,0.1034,-0.7646,146.5000,-37.1900,-72.3300,-4.7700,20.6300,8.0400,0.0000,0.0000,-0.0000,1830.0000,1202.0000,1500.0000,2000.0000
238013.9350,2.0000,2000.0000,1000.0000,1469.0000,237.0000,-99.0000,-188.0000,641.0000,-1551.0000,11027.0000,0.5900,0.1647,0.0719,-0.7872,146.3800,-36.7200,-72.1500,-5.0300,20.7800,7.3100,0.0000,0.0000,-0.0000,1830.0000,1202.0000,1500.0000,2000.0000
238030.7210,2.0000,1878.0000,1736.0000,1908.0000,251.0000,-93.0000,-170.0000,658.0000,-1826.0000,11606.0000,0.5640,0.1725,0.0401,-0.8066,146.2600,-36.2800,-72.0000,-5.4000,20.8500,6.5300,0.0000,0.0000,-0.0000,1178.0000,1413.0000,1500.0000,1885.0000
238047.3830,2.0000,1878.0000,1736.0000,1908.0000,257.0000,-97.0000,-146.0000,628.0000,-2221.0000,11618.0000,0.5393,0.1811,0.0065,-0.8224,146.2600,-36.2800,-72.0000,-5.4000,20.8500,6.5300,0.0000,0.0000,-0.0000,1178.0000,1413.0000,1500.0000,1885.0000
238064.0680,2.0000,1878.0000,1736.0000,1908.0000,218.0000,-114.0000,-110.0000,623.0000,-2417.0000,11274.0000,0.5176,0.1873,-0.0272,-0.8344,146.1400,-35.8500,-71.8700,-5.8400,20.8300,5.7200,0.0000,0.0000,-0.0000,1178.0000,1413.0000,1500.0000,1885.0000
238081.0270,2.0000,1878.0000,1736.0000,1908.0000,134.0000,-135.0000,-61.0000,633.0000,-2630.0000,11442.0000,0.5017,0.1857,-0.0560,-0.8430,146.0100,-35.4400,-71.7500,-6.3500,20.7200,4.9800,0.0000,0.0000,-0.0000,1178.0000,1413.0000,1500.0000,1885.0000
238097.8500,2.0000,1878.0000,1736.0000,1908.0000,41.0000,-140.0000,-17.0000,770.0000,-2680.0000,13052.0000,0.4939,0.1752,-0.0759,-0.8483,145.8500,-34.9900,-71.6400,-6.9600,20.5300,4.2600,0.0000,0.0000,-0.0000,1178.0000,1413.0000,1500.0000,1885.0000
238115.0280,2.0000,1878.0000,1736.0000,1908.0000,-60.0000,-120.0000,25.0000,716.0000,-2350.0000,14285.0000,0.4935,0.1578,-0.0845,-0.8511,145.6900,-34.5500,-71.5500,-7.6100,20.2900,3.3700,0.0000,0.0000,-0.0000,1178.0000,1413.0000,1500.0000,1885.0000
238131.7530,2.0000,1878.0000,1736.0000,1908.0000,-148.0000,-91.0000,58.0000,565.0000,-2012.0000,14265.0000,0.5003,0.1364,-0.0796,-0.8513,145.5200,-34.1400,-71.4700,-8.1800,20.0400,2.3600,0.0000,0.0000,-0.0000,1178.0000,1413.0000,1500.0000,1885.0000
238148.7730,2.0000,2000.0000,1021.0000,1151.0000,-222.0000,-61.0000,81.0000,503.0000,-1788.0000,13362.0000,0.5123,0.1119,-0.0627,-0.8492,145.5200,-34.1400,-71.4700,-8.1800,20.0400,2.3600,0.0000,0.0000,-0.0000,1915.0000,1434.0000,1500.0000,2000.0000
238165.3850,2.0000,2000.0000,1021.0000,1151.0000,-267.0000,-38.0000,96.0000,386.0000,-1613.0000,11625.0000,0.5269,0.0867,-0.0371,-0.8447,145.3500,-33.7500,-71.4200,-8.5900,19.8100,1.3400,0.0000,0.0000,-0.0000,1915.0000,1434.0000,1500.0000,2000.0000
238182.2800,2.0000,2000.0000,1021.0000,1151.0000,-262.0000,-32.0000,103.0000,305.0000,-1359.0000,9609.0000,0.5429,0.0609,-0.0074,-0.8376,145.1700,-33.3600,-71.3900,-8.8300,19.6100,0.4300,0.0000,0.0000,-0.0000,1915.0000,1434.0000,1500.0000,2000.0000
238199.2840,2.0000,2000.0000,1021.0000,1151.0000,-188.0000,-38.0000,96.0000,277.0000,-1182.0000,7539.0000,0.5577,0.0383,0.0176,-0.8289,144.9800,-32.9500,-71.3700,-8.9200,19.4800,-0.2600,0.0000,0.0000,-0.0000,1915.0000,1434.0000,1500.0000,2000.0000
238216.2430,2.0000,2000.0000,1021.0000,1151.0000,-67.0000,-49.0000,78.0000,379.0000,-874.0000,6901.0000,0.5695,0.0227,0.0297,-0.8212,144.8000,-32.5500,-71.3700,-8.8800,19.3500,-0.7600,0.0000,0.0000,-0.0000,1915.0000,1434.0000,1500.0000,2000.0000
238233.0510,2.0000,2000.0000,1000.0000,1227.0000,85.0000,-49.0000,59.0000,175.0000,-723.0000,6851.0000,0.5781,0.0178,0.0242,-0.8154,144.6200,-32.1600,-71.3700,-8.7800,19.2200,-1.2000,0.0000,0.0000,-0.0000,1891.0000,1381.0000,1500.0000,2000.0000
238249.7590,2.0000,2000.0000,1000.0000,1228.0000,221.0000,-14.0000,34.0000,-90.0000,-606.0000,6656.0000,0.5834,0.0276,0.0022,-0.8117,144.6200,-32.1600,-71.3700,-8.7800,19.2200,-1.2000,0.0000,0.0000,-0.0000,1891.0000,1381.0000,1500.0000,2000.0000
238266.8610,2.0000,2000.0000,1000.0000,1228.0000,320.0000,-5.0000,-7.0000,-287.0000,636.0000,4812.0000,0.5834,0.0503,-0.0321,-0.8100,144.4500,-31.7700,-71.3800,-8.6700,19.0800,-1.6300,0.0000,0.0000,-0.0000,1891.0000,1381.0000,1500.0000,2000.0000
238283.6150,2.0000,2000.0000,1000.0000,1228.0000,399.0000,-1.0000,-51.0000,-274.0000,1329.0000,2682.0000,0.5764,0.0811,-0.0751,-0.8097,144.2700,-31.3500,-71.3900,-8.5200,19.0800,-1.9200,0.0000,0.0000,-0.0000,1891.0000,1381.0000,1500.0000,2000.0000
238300.2920,2.0000,2000.0000,1000.0000,1228.0000,446.0000,12.0000,-76.0000,-173.0000,1044.0000,1578.0000,0.5629,0.1179,-0.1237,-0.8087,144.0900,-30.9300,-71.4000,-8.2800,19.0800,-1.9800,0.0000,0.0000,-0.0000,1891.0000,1381.0000,1500.0000,2000.0000
238317.3650,2.0000,2000.0000,1000.0000,1228.0000,468.0000,21.0000,-93.0000,-317.0000,664.0000,386.0000,0.5438,0.1597,-0.1757,-0.8049,143.9400,-30.5300,-71.4200,-8.0600,19.0700,-1.9100,0.0000,0.0000,-0.0000,1891.0000,1381.0000,1500.0000,2000.0000
238334.1310,2.0000,1997.0000,1720.0000,2000.0000,487.0000,27.0000,-104.0000,-388.0000,567.0000,-370.0000,0.5205,0.2033,-0.2273,-0.7975,143.7900,-30.1600,-71.4200,-7.8500,19.0100,-1.7100,0.0000,0.0000,-0.0000,1067.0000,1286.0000,1500.0000,1998.0000
238351.0620,2.0000,1997.0000,1720.0000,2000.0000,478.0000,31.0000,-109.0000,-410.0000,554.0000,-1083.0000,0.4930,0.2474,-0.2784,-0.7863,143.7900,-30.1600,-71.4200,-7.8500,19.0100,-1.7100,0.0000,0.0000,-0.0000,1067.0000,1286.0000,1500.0000,1998.0000
238367.7790,2.0000,1997.0000,1720.0000,2000.0000,399.0000,16.0000,-104.0000,-80.0000,-73.0000,-1048.0000,0.4647,0.2858,-0.3231,-0.7733,143.6500,-29.7800,-71.4300,-7.6300,19.0300,-1.4500,0.0000,0.0000,-0.0000,1067.0000,1286.0000,1500.0000,1998.0000
238384.8950,2.0000,1997.0000,1720.0000,2000.0000,242.0000,15.0000,-83.0000,196.0000,-627.0000,-771.0000,0.4402,0.3140,-0.3550,-0.7626,143.4900,-29.3300,-71.4300,-7.5800,19.3600,-1.1600,0.0000,0.0000,-0.0000,1067.0000,1286.0000,1500.0000,1998.0000
238401.8960,2.0000,1997.0000,1720.0000,2000.0000,64.0000,1.0000,-49.0000,126.0000,-706.0000,-933.0000,0.4262,0.3287,-0.3684,-0.7580,143.3500,-28.8900,-71.4200,-7.5700,19.6400,-0.8300,0.0000,0.0000,-0.0000,1067.0000,1286.0000,1500.0000,1998.0000
238418.6920,2.0000,1999.0000,1333.0000,1567.0000,-82.0000,-11.0000,1.0000,-250.0000,-1093.0000,-658.0000,0.4245,0.3289,-0.3657,-0.7601,143.2100,-28.4700,-71.4100,-7.5600,19.8500,-0.5000,0.0000,0.0000,-0.0000,1553.0000,1382.0000,1500.0000,2000.0000
238435.6370,2.0000,2000.0000,1332.0000,1566.0000,-199.0000,-29.0000,54.0000,-239.0000,-1405.0000,134.0000,0.4339,0.3160,-0.3521,-0.7667,143.0700,-28.0700,-71.3900,-7.5800,19.9500,-0.1600,0.0000,0.0000,-0.0000,1553.0000,1382.0000,1500.0000,2000.0000
238452.4890,2.0000,2000.0000,1332.0000,1566.0000,-263.0000,-41.0000,87.0000,19.0000,-1143.0000,1437.0000,0.4514,0.2928,-0.3306,-0.7754,143.0700,-28.0700,-71.3900,-7.5800,19.9500,-0.1600,0.0000,0.0000,-0.0000,1553.0000,1382.0000,1500.0000,2000.0000
238469.3900,2.0000,2000.0000,1332.0000,1566.0000,-253.0000,-56.0000,95.0000,-124.0000,-1076.0000,1668.0000,0.4710,0.2648,-0.3070,-0.7834,142.9300,-27.6600,-71.3700,-7.7400,20.0400,0.1100,0.0000,0.0000,-0.0000,1553.0000,1382.0000,1500.0000,2000.0000
238486.5010,2.0000,2000.0000,1332.0000,1566.0000,-179.0000,-75.0000,90.0000,89.0000,-601.0000,1994.0000,0.4881,0.2378,-0.2894,-0.7883,142.7600,-27.1800,-71.3500,-8.0500,20.2600,0.3000,0.0000,0.0000,-0.0000,1553.0000,1382.0000,1500.0000,2000.0000
238503.4560,2.0000,2000.0000,1332.0000,1566.0000,-112.0000,-84.0000,78.0000,73.0000,-191.0000,3259.0000,0.5001,0.2148,-0.2813,-0.7904,142.5900,-26.7300,-71.3300,-8.3200,20.4400,0.4300,0.0000,0.0000,-0.0000,1553.0000,1382.0000,1500.0000,2000.0000
238520.5320,2.0000,2000.0000,1000.0000,1195.0000,-70.0000,-108.0000,61.0000,111.0000,185.0000,4525.0000,0.5073,0.1943,-0.2799,-0.7915,142.4200,-26.2900,-71.3000,-8.6000,20.5700,0.4100,0.0000,0.0000,-0.0000,1910.0000,1396.0000,1500.0000,2000.0000
238537.3900,2.0000,2000.0000,1000.0000,1194.0000,-51.0000,-118.0000,41.0000,191.0000,69.0000,6105.0000,0.5107,0.1750,-0.2829,-0.7928,142.2500,-25.8800,-71.2800,-8.9200,20.6500,0.2400,0.0000,0.0000,-0.0000,1910.0000,1396.0000,1500.0000,2000.0000
238554.1910,2.0000,2000.0000,1000.0000,1194.0000,-14.0000,-126.0000,13.0000,95.0000,171.0000,7073.0000,0.5099,0.1571,-0.2885,-0.7950,142.2500,-25.8800,-71.2800,-8.9200,20.6500,0.2400,0.0000,0.0000,-0.0000,1910.0000,1396.0000,1500.0000,2000.0000
238571.1420,2.0000,2000.0000,1000.0000,1194.0000,74.0000,-127.0000,-24.0000,122.0000,127.0000,8281.0000,0.5037,0.1444,-0.3008,-0.7968,142.0800,-25.4700,-71.2600,-9.2800,20.6500,-0.0400,0.0000,0.0000,-0.0000,1910.0000,1396.0000,1500.0000,2000.0000
238588.1760,2.0000,2000.0000,1000.0000,1194.0000,190.0000,-105.0000,-54.0000,111.0000,-157.0000,9328.0000,0.4912,0.1422,-0.3244,-0.7958,141.9200,-25.0900,-71.2500,-9.6400,20.5700,-0.4200,0.0000,0.0000,-0.0000,1910.0000,1396.0000,1500.0000,2000.0000
238605.2980,2.0000,2000.0000,1000.0000,1194.0000,287.0000,-76.0000,-80.0000,106.0000,-199.0000,9381.0000,0.4738,0.1527,-0.3581,-0.7899,141.7500,-24.7200,-71.2500,-10.0600,20.4000,-0.8700,0.0000,0.0000,-0.0000,1910.0000,1396.0000,1500.0000,2000.0000
238622.0400,2.0000,1996.0000,1427.0000,2000.0000,368.0000,-54.0000,-102.0000,-69.0000,-46.0000,8186.0000,0.4524,0.1725,-0.3976,-0.7794,141.5800,-24.3700,-71.2500,-10.4800,20.1800,-1.2700,0.0000,0.0000,-0.0000,1068.0000,1085.0000,1500.0000,1997.0000
238638.6300,2.0000,1996.0000,1517.0000,2000.0000,430.0000,-34.0000,-117.0000,-301.0000,19.0000,6399.0000,0.4270,0.2003,-0.4425,-0.7627,141.4100,-24.0500,-71.2600,-10.7800,19.9700,-1.5000,0.0000,0.0000,-0.0000,1068.0000,1085.0000,1500.0000,1997.0000
238655.3970,2.0000,1996.0000,1517.0000,2000.0000,439.0000,-9.0000,-125.0000,-51.0000,-180.0000,5381.0000,0.3987,0.2332,-0.4882,-0.7405,141.4100,-24.0500,-71.2600,-10.7800,19.9700,-1.5000,0.0000,0.0000,-0.0000,1068.0000,1085.0000,1500.0000,1997.0000
238672.2550,2.0000,1996.0000,1517.0000,2000.0000,367.0000,-6.0000,-124.0000,289.0000,-167.0000,4182.0000,0.3704,0.2654,-0.5274,-0.7171,141.2500,-23.7500,-71.2800,-10.9600,19.8300,-1.5400,0.0000,0.0000,-0.0000,1068.0000,1085.0000,1500.0000,1997.0000
238689.2800,2.0000,1996.0000,1517.0000,2000.0000,238.0000,-11.0000,-110.0000,210.0000,-492.0000,2508.0000,0.3448,0.2904,-0.5551,-0.6990,141.1000,-23.4700,-71.2900,-11.0800,19.7700,-1.4500,0.0000,0.0000,-0.0000,1068.0000,1085.0000,1500.0000,1997.0000
238706.0690,2.0000,1996.0000,1517.0000,2000.0000,106.0000,-18.0000,-88.0000,280.0000,-807.0000,1664.0000,0.3267,0.3058,-0.5683,-0.6905,140.9500,-23.2000,-71.3000,-11.0700,19.7800,-1.2500,0.0000,0.0000,-0.0000,1068.0000,1085.0000,1500.0000,1997.0000
238723.0450,2.0000,1999.0000,1551.0000,1699.0000,-21.0000,-44.0000,-53.0000,15.0000,-991.0000,1016.0000,0.3158,0.3110,-0.5701,-0.6917,140.8100,-22.9400,-71.3000,-10.9800,19.8300,-0.9800,0.0000,0.0000,-0.0000,1375.0000,1426.0000,1500.0000,2000.0000
238740.0430,2.0000,2000.0000,1551.0000,1697.0000,-96.0000,-73.0000,-14.0000,-174.0000,-1266.0000,1140.0000,0.3109,0.3055,-0.5646,-0.7009,140.6700,-22.6800,-71.3000,-10.8400,19.8700,-0.6800,0.0000,0.0000,-0.0000,1375.0000,1426.0000,1500.0000,2000.0000
238756.8170,2.0000,2000.0000,1551.0000,1697.0000,-164.0000,-97.0000,21.0000,-118.0000,-1447.0000,2390.0000,0.3107,0.2905,-0.5549,-0.7150,140.6700,-22.6800,-71.3000,-10.8400,19.8700,-0.6800,0.0000,0.0000,-0.0000,1375.0000,1426.0000,1500.0000,2000.0000
238773.4160,2.0000,2000.0000,1551.0000,1697.0000,-185.0000,-100.0000,36.0000,52.0000,-1299.0000,4655.0000,0.3136,0.2701,-0.5418,-0.7315,140.5300,-22.4300,-71.3000,-10.7500,19.8300,-0.3600,0.0000,0.0000,-0.0000,1375.0000,1426.0000,1500.0000,2000.0000
238790.2510,2.0000,2000.0000,1551.0000,1697.0000,-188.0000,-93.0000,41.0000,196.0000,-1037.0000,6299.0000,0.3179,0.2483,-0.5271,-0.7480,140.4000,-22.1800,-71.2900,-10.8500,19.6600,-0.1200,0.0000,0.0000,-0.0000,1375.0000,1426.0000,1500.0000,2000.0000
238807.2430,2.0000,2000.0000,1551.0000,1697.0000,-191.0000,-86.0000,40.0000,262.0000,-913.0000,7265.0000,0.3230,0.2267,-0.5115,-0.7633,140.2700,-21.9400,-71.2700,-11.0800,19.3800,-0.0000,0.0000,0.0000,-0.0000,1375.0000,1426.0000,1500.0000,2000.0000
238824.2760,2.0000,2000.0000,1551.0000,1697.0000,-199.0000,-79.0000,38.0000,217.0000,-652.0000,7426.0000,0.3285,0.2054,-0.4940,-0.7784,140.1400,-21.7200,-71.2600,-11.3400,19.0500,0.0200,0.0000,0.0000,-0.0000,1375.0000,1426.0000,1500.0000,2000.0000
238840.9740,2.0000,2000.0000,1479.0000,2000.0000,-206.0000,-75.0000,32.0000,265.0000,-524.0000,7604.0000,0.3335,0.1848,-0.4755,-0.7928,140.0000,-21.5200,-71.2400,-11.5700,18.7100,-0.0200,0.0000,0.0000,-0.0000,1067.0000,1046.0000,1500.0000,2000.0000
238857.9150,2.0000,2000.0000,1479.0000,2000.0000,-213.0000,-68.0000,24.0000,330.0000,-286.0000,7715.0000,0.3381,0.1645,-0.4549,-0.8073,140.0000,-21.5200,-71.2400,-11.5700,18.7100,-0.0200,0.0000,0.0000,-0.0000,1067.0000,1046.0000,1500.0000,2000.0000
238874.7420,2.0000,2000.0000,1479.0000,2000.0000,-216.0000,-77.0000,14.0000,283.0000,-156.0000,7390.0000,0.3415,0.1445,-0.4331,-0.8215,139.8700,-21.3200,-71.2300,-11.7600,18.4000,-0.1500,0.0000,0.0000,-0.0000,1067.0000,1046.0000,1500.0000,2000.0000
238891.4400,2.0000,2000.0000,1479.0000,2000.0000,-226.0000,-92.0000,7.0000,90.0000,-168.0000,6962.0000,0.3430,0.1233,-0.4107,-0.8358,139.7400,-21.1300,-71.2200,-11.8900,18.1200,-0.3400,0.0000,0.0000,-0.0000,1067.0000,1046.0000,1500.0000,2000.0000
238908.3480,2.0000,2000.0000,1479.0000,2000.0000,-241.0000,-104.0000,1.0000,80.0000,2.0000,7553.0000,0.3426,0.0994,-0.3866,-0.8505,139.6100,-20.9600,-71.2200,-11.9300,17.8900,-0.5400,0.0000,0.0000,-0.0000,1067.0000,1046.0000,1500.0000,2000.0000
238925.1040,2.0000,2000.0000,1479.0000,2000.0000,-248.0000,-110.0000,-10.0000,150.0000,-82.0000,8452.0000,0.3401,0.0743,-0.3611,-0.8651,139.4800,-20.8000,-71.2200,-11.9300,17.6500,-0.8300,0.0000,0.0000,-0.0000,1067.0000,1046.0000,1500.0000,2000.0000
238941.8010,2.0000,2000.0000,1000.0000,1359.0000,-245.0000,-116.0000,-21.0000,307.0000,-288.0000,9537.0000,0.3354,0.0488,-0.3351,-0.8791,139.3600,-20.6500,-71.2200,-11.9400,17.3600,-1.2500,0.0000,0.0000,-0.0000,1913.0000,1229.0000,1500.0000,2000.0000
238959.0800,2.0000,2000.0000,1000.0000,1359.0000,-238.0000,-115.0000,-27.0000,472.0000,-555.0000,10294.0000,0.3290,0.0229,-0.3084,-0.8923,139.3600,-20.6500,-71.2200,-11.9400,17.3600,-1.2500,0.0000,0.0000,-0.0000,1913.0000,1229.0000,1500.0000,2000.0000
238975.8450,2.0000,2000.0000,1000.0000,1359.0000,-212.0000,-116.0000,-34.0000,590.0000,-756.0000,10524.0000,0.3217,-0.0013,-0.2837,-0.9033,139.1500,-20.3400,-71.2300,-12.1600,17.1200,-1.7800,0.0000,0.0000,-0.0000,1913.0000,1229.0000,1500.0000,2000.0000
238992.6740,2.0000,2000.0000,1000.0000,1359.0000,-136.0000,-122.0000,-48.0000,624.0000,-1139.0000,10935.0000,0.3126,-0.0234,-0.2658,-0.9117,138.8100,-19.8200,-71.2500,-12.6200,16.9700,-2.3800,0.0000,0.0000,-0.0000,1913.0000,1229.0000,1500.0000,2000.0000
239009.6990,2.0000,2000.0000,1000.0000,1359.0000,-41.0000,-131.0000,-63.0000,690.0000,-1219.0000,11125.0000,0.3008,-0.0422,-0.2598,-0.9167,138.4800,-19.3300,-71.2700,-13.0000,16.7800,-3.0400,0.0000,0.0000,-0.0000,1913.0000,1229.0000,1500.0000,2000.0000
239026.7680,2.0000,2000.0000,1000.0000,1359.0000,57.0000,-125.0000,-75.0000,779.0000,-1273.0000,11959.0000,0.2871,-0.0565,-0.2674,-0.9181,138.1500,-18.8600,-71.3100,-13.3000,16.5500,-3.7200,0.0000,0.0000,-0.0000,1913.0000,1229.0000,1500.0000,2000.0000
239043.4140,2.0000,2000.0000,1000.0000,1359.0000,140.0000,-107.0000,-81.0000,842.0000,-1529.0000,12746.0000,0.2741,-0.0643,-0.2865,-0.9158,137.8300,-18.4200,-71.3700,-13.5600,16.2200,-4.4600,0.0000,0.0000,-0.0000,1913.0000,1229.0000,1500.0000,2000.0000
239060.3760,2.0000,2000.0000,1000.0000,1359.0000,201.0000,-86.0000,-82.0000,848.0000,-1488.0000,12338.0000,0.2617,-0.0664,-0.3146,-0.9100,137.8300,-18.4200,-71.3700,-13.5600,16.2200,-4.4600,0.0000,0.0000,-0.0000,1913.0000,1229.0000,1500.0000,2000.0000
239077.4700,2.0000,2000.0000,1000.0000,1359.0000,238.0000,-66.0000,-78.0000,659.0000,-1497.0000,11278.0000,0.2505,-0.0639,-0.3483,-0.9010,137.4900,-17.9700,-71.4400,-13.9000,15.7500,-5.1700,0.0000,0.0000,-0.0000,1913.0000,1229.0000,1500.0000,2000.0000
239094.4430,2.0000,2000.0000,1000.0000,1359.0000,263.0000,-51.0000,-74.0000,463.0000,-1472.0000,10396.0000,0.2409,-0.0577,-0.3845,-0.8893,137.1200,-17.5200,-71.5100,-14.3200,15.2400,-5.7400,0.0000,0.0000,-0.0000,1913.0000,1229.0000,1500.0000,2000.0000
239111.6470,2.0000,2000.0000,1000.0000,1359.0000,282.0000,-44.0000,-68.0000,327.0000,-994.0000,8309.0000,0.2318,-0.0494,-0.4229,-0.8746,136.7400,-17.0800,-71.6000,-14.7300,14.7900,-6.1400,0.0000,0.0000,-0.0000,1913.0000,1229.0000,1500.0000,2000.0000
239128.5350,2.0000,2000.0000,1000.0000,1359.0000,294.0000,-40.0000,-65.0000,310.0000,-891.0000,7353.0000,0.2235,-0.0403,-0.4617,-0.8575,136.3600,-16.6400,-71.6800,-15.0900,14.5200,-6.3500,0.0000,0.0000,-0.0000,1913.0000,1229.0000,1500.0000,2000.0000
239145.2450,2.0000,2000.0000,1000.0000,1359.0000,304.0000,-38.0000,-59.0000,294.0000,-1202.0000,6551.0000,0.2158,-0.0304,-0.5002,-0.8380,135.9900,-16.2200,-71.7700,-15.4200,14.3200,-6.4200,0.0000,0.0000,-0.0000,1913.0000,1229.0000,1500.0000,2000.0000
239162.0750,2.0000,2000.0000,1000.0000,1359.0000,316.0000,-34.0000,-56.0000,156.0000,-969.0000,5452.0000,0.2081,-0.0202,-0.5393,-0.8157,135.9900,-16.2200,-71.7700,-15.4200,14.3200,-6.4200,0.0000,0.0000,-0.0000,1913.0000,1229.0000,1500.0000,2000.0000
239178.7960,2.0000,2000.0000,1000.0000,1359.0000,330.0000,-46.0000,-54.0000,76.0000,-900.0000,4728.0000,0.1999,-0.0103,-0.5786,-0.7907,135.5700,-15.7700,-71.8400,-15.9400,14.1400,-6.3500,0.0000,0.0000,-0.0000,1913.0000,1229.0000,1500.0000,2000.0000
239195.9640,2.0000,2000.0000,1000.0000,1359.0000,336.0000,-48.0000,-49.0000,145.0000,-662.0000,4509.0000,0.1911,-0.0005,-0.6186,-0.7621,135.0900,-15.3100,-71.9100,-16.6300,13.9500,-6.1900,0.0000,0.0000,-0.0000,1913.0000,1229.0000,1500.0000,2000.0000
239212.7840,2.0000,2000.0000,1000.0000,1359.0000,345.0000,-56.0000,-48.0000,56.0000,-727.0000,4070.0000,0.1813,0.0083,-0.6575,-0.7313,134.6300,-14.8800,-71.9700,-17.2000,13.7900,-5.9800,0.0000,0.0000,-0.0000,1913.0000,1229.0000,1500.0000,2000.0000
239229.8630,2.0000,2000.0000,1000.0000,1359.0000,351.0000,-59.0000,-45.0000,78.0000,-988.0000,4003.0000,0.1707,0.0169,-0.6961,-0.6971,134.1900,-14.4800,-72.0300,-17.6900,13.6600,-5.7200,0.0000,0.0000,-0.0000,1913.0000,1229.0000,1500.0000,2000.0000
239246.7410,2.0000,2000.0000,1000.0000,1359.0000,352.0000,-60.0000,-40.0000,187.0000,-1093.0000,4288.0000,0.1600,0.0251,-0.7327,-0.6610,133.7600,-14.1000,-72.0800,-18.1100,13.5300,-5.3800,0.0000,0.0000,-0.0000,1913.0000,1229.0000,1500.0000,2000.0000
239263.5880,2.0000,2000.0000,1000.0000,1359.0000,349.0000,-61.0000,-36.0000,172.0000,-771.0000,4352.0000,0.1491,0.0326,-0.7670,-0.6232,133.7600,-14.1000,-72.0800,-18.1100,13.5300,-5.3800,0.0000,0.0000,-0.0000,1913.0000,1229.0000,1500.0000,2000.0000
239280.4620,2.0000,2000.0000,1000.0000,1359.0000,350.0000,-63.0000,-34.0000,232.0000,-799.0000,4578.0000,0.1379,0.0396,-0.7991,-0.5838,133.2800,-13.7100,-72.1200,-18.6400,13.2900,-5.0000,0.0000,0.0000,-0.0000,1913.0000,1229.0000,1500.0000,2000.0000
239296.9710,2.0000,2000.0000,1000.0000,1359.0000,351.0000,-67.0000,-33.0000,221.0000,-894.0000,4291.0000,0.1260,0.0460,-0.8287,-0.5434,132.7600,-13.3200,-72.1500,-19.2300,12.9900,-4.5800,0.0000,0.0000,-0.0000,1913.0000,1229.0000,1500.0000,2000.0000
239313.8210,2.0000,2000.0000,1000.0000,1359.0000,348.0000,-68.0000,-32.0000,254.0000,-806.0000,4176.0000,0.1133,0.0521,-0.8564,-0.5011,132.2600,-12.9500,-72.1800,-19.7400,12.7300,-4.1100,0.0000,0.0000,-0.0000,1913.0000,1229.0000,1500.0000,2000.0000
239330.8810,2.0000,2000.0000,1000.0000,1359.0000,348.0000,-74.0000,-34.0000,198.0000,-690.0000,3898.0000,0.0994,0.0579,-0.8820,-0.4571,131.7700,-12.6100,-72.1900,-20.1600,12.5300,-3.6200,0.0000,0.0000,-0.0000,1913.0000,1229.0000,1500.0000,2000.0000
239347.6900,2.0000,2000.0000,1000.0000,1359.0000,346.0000,-76.0000,-36.0000,19.0000,-353.0000,3401.0000,0.0849,0.0636,-0.9047,-0.4127,131.3000,-12.2900,-72.2000,-20.4900,12.3700,-3.1300,0.0000,0.0000,-0.0000,1913.0000,1229.0000,1500.0000,2000.0000
239364.7320,2.0000,2000.0000,1000.0000,1359.0000,345.0000,-81.0000,-38.0000,98.0000,-316.0000,3669.0000,0.0692,0.0694,-0.9252,-0.3666,131.3000,-12.2900,-72.2000,-20.4900,12.3700,-3.1300,0.0000,0.0000,-0.0000,1913.0000,1229.0000,1500.0000,2000.0000
239381.5330,2.0000,2000.0000,1000.0000,1359.0000,348.0000,-82.0000,-39.0000,150.0000,-608.0000,3809.0000,0.0528,0.0749,-0.9429,-0.3203,130.7900,-11.9600,-72.1900,-20.7800,12.1900,-2.6500,0.0000,0.0000,-0.0000,1913.0000,1229.0000,1500.0000,2000.0000
239398.5920,2.0000,2000.0000,1000.0000,1359.0000,355.0000,-87.0000,-41.0000,248.0000,-738.0000,4017.0000,0.0353,0.0806,-0.9583,-0.2718,130.2500,-11.6200,-72.1800,-21.0400,12.0200,-2.1100,0.0000,0.0000,-0.0000,1913.0000,1229.0000,1500.0000,2000.0000
239415.6030,2.0000,2000.0000,1000.0000,1359.0000,350.0000,-89.0000,-40.0000,228.0000,-644.0000,4137.0000,0.0171,0.0856,-0.9710,-0.2225,129.7300,-11.3000,-72.1500,-21.2400,11.9000,-1.5200,0.0000,0.0000,-0.0000,1913.0000,1229.0000,1500.0000,2000.0000
239432.5710,2.0000,2000.0000,1000.0000,1359.0000,352.0000,-89.0000,-39.0000,117.0000,-680.0000,3833.0000,-0.0013,0.0901,-0.9808,-0.1731,129.2400,-11.0000,-72.1100,-21.3900,11.8000,-0.9100,0.0000,0.0000,-0.0000,1913.0000,1229.0000,1500.0000,2000.0000
239449.6350,2.0000,2000.0000,1000.0000,1359.0000,353.0000,-91.0000,-38.0000,75.0000,-664.0000,3753.0000,-0.0201,0.0943,-0.9878,-0.1227,128.7600,-10.7100,-72.0600,-21.4700,11.7500,-0.3200,0.0000,0.0000,-0.0000,1913.0000,1229.0000,1500.0000,2000.0000
239466.2800,2.0000,2000.0000,1000.0000,1359.0000,352.0000,-90.0000,-36.0000,116.0000,-571.0000,4046.0000,-0.0385,0.0980,-0.9918,-0.0731,128.7600,-10.7100,-72.0600,-21.4700,11.7500,-0.3200,0.0000,0.0000,-0.0000,1913.0000,1229.0000,1500.0000,2000.0000
239483.0770,2.0000,2000.0000,1000.0000,1359.0000,357.0000,-91.0000,-37.0000,149.0000,-781.0000,4166.0000,-0.0572,0.1013,-0.9929,-0.0228,128.2400,-10.4100,-72.0000,-21.5800,11.6800,0.2700,0.0000,0.0000,-0.0000,1913.0000,1229.0000,1500.0000,2000.0000
239500.0590,2.0000,2000.0000,1000.0000,1359.0000,360.0000,-92.0000,-35.0000,32.0000,-906.0000,3832.0000,-0.0759,0.1043,-0.9912,0.0287,127.6900,-10.1100,-71.9300,-21.6800,11.6300,0.9100,0.0000,0.0000,-0.0000,1913.0000,1229.0000,1500.0000,2000.0000
239517.1790,2.0000,2000.0000,1000.0000,1359.0000,366.0000,-95.0000,-32.0000,73.0000,-1051.0000,4077.0000,-0.0954,0.1059,-0.9864,0.0815,127.1800,-9.8200,-71.8400,-21.7200,11.6100,1.4900,0.0000,0.0000,-0.0000,1913.0000,1229.0000,1500.0000,2000.0000
239534.0390,2.0000,2000.0000,1000.0000,1359.0000,367.0000,-96.0000,-29.0000,224.0000,-1100.0000,4786.0000,-0.1147,0.1066,-0.9786,0.1334,126.6800,-9.5400,-71.7400,-21.7000,11.6600,2.0800,0.0000,0.0000,-0.0000,1913.0000,1229.0000,1500.0000,2000.0000
239550.7270,2.0000,2000.0000,1000.0000,1359.0000,358.0000,-93.0000,-22.0000,203.0000,-887.0000,5041.0000,-0.1332,0.1064,-0.9681,0.1837,126.2100,-9.2700,-71.6300,-21.6500,11.7400,2.7100,0.0000,0.0000,-0.0000,1913.0000,1229.0000,1500.0000,2000.0000
239567.6410,2.0000,2000.0000,1000.0000,1359.0000,357.0000,-87.0000,-13.0000,202.0000,-763.0000,5242.0000,-0.1511,0.1048,-0.9549,0.2330,126.2100,-9.2700,-71.6300,-21.6500,11.7400,2.7100,0.0000,0.0000,-0.0000,1913.0000,1229.0000,1500.0000,2000.0000
239584.5160,2.0000,2000.0000,1000.0000,1359.0000,357.0000,-91.0000,-8.0000,161.0000,-970.0000,5039.0000,-0.1690,0.1020,-0.9390,0.2815,125.6900,-9.0000,-71.5100,-21.6400,11.6900,3.3100,0.0000,0.0000,-0.0000,1913.0000,1229.0000,1500.0000,2000.0000
239601.1810,2.0000,2000.0000,1000.0000,1359.0000,354.0000,-94.0000,-1.0000,130.0000,-1135.0000,5194.0000,-0.1864,0.0980,-0.9208,0.3282,125.1600,-8.7300,-71.3800,-21.6300,11.6100,3.8700,0.0000,0.0000,-0.0000,1913.0000,1229.0000,1500.0000,2000.0000
239618.2230,2.0000,2000.0000,1000.0000,1359.0000,354.0000,-85.0000,10.0000,208.0000,-1117.0000,5564.0000,-0.2036,0.0916,-0.8999,0.3747,124.6600,-8.4800,-71.2400,-21.5800,11.5700,4.3600,0.0000,0.0000,-0.0000,1913.0000,1229.0000,1500.0000,2000.0000
239635.1280,2.0000,2000.0000,1000.0000,1359.0000,355.0000,-89.0000,15.0000,252.0000,-1148.0000,5697.0000,-0.2202,0.0837,-0.8766,0.4196,124.1800,-8.2400,-71.0900,-21.4900,11.5800,4.8200,0.0000,0.0000,-0.0000,1913.0000,1229.0000,1500.0000,2000.0000
239651.8560,2.0000,2000.0000,1000.0000,1359.0000,350.0000,-83.0000,19.0000,323.0000,-946.0000,6001.0000,-0.2362,0.0754,-0.8512,0.4625,123.7200,-8.0100,-70.9300,-21.3800,11.6200,5.2400,0.0000,0.0000,-0.0000,1913.0000,1229.0000,1500.0000,2000.0000
239668.9340,2.0000,2000.0000,1000.0000,1359.0000,351.0000,-84.0000,19.0000,338.0000,-1147.0000,6103.0000,-0.2519,0.0664,-0.8230,0.5047,123.7200,-8.0100,-70.9300,-21.3800,11.6200,5.2400,0.0000,0.0000,-0.0000,1913.0000,1229.0000,1500.0000,2000.0000
239685.6640,2.0000,2000.0000,1000.0000,1359.0000,358.0000,-82.0000,18.0000,218.0000,-970.0000,5716.0000,-0.2664,0.0572,-0.7928,0.5452,123.2100,-7.7700,-70.7600,-21.3100,11.6300,5.6000,0.0000,0.0000,-0.0000,1913.0000,1229.0000,1500.0000,2000.0000
239702.5520,2.0000,2000.0000,1000.0000,1359.0000,351.0000,-78.0000,15.0000,162.0000,-808.0000,5662.0000,-0.2796,0.0478,-0.7601,0.5846,122.7000,-7.5400,-70.5900,-21.2500,11.5900,5.8800,0.0000,0.0000,-0.0000,1913.0000,1229.0000,1500.0000,2000.0000
239719.7970,2.0000,2000.0000,1000.0000,1359.0000,343.0000,-73.0000,14.0000,118.0000,-682.0000,5763.0000,-0.2909,0.0374,-0.7256,0.6225,122.2000,-7.3200,-70.4100,-21.1800,11.5400,6.1000,0.0000,0.0000,-0.0000,1913.0000,1229.0000,1500.0000,2000.0000
239736.8460,2.0000,2000.0000,1000.0000,1359.0000,332.0000,-67.0000,11.0000,148.0000,-553.0000,5413.0000,-0.3004,0.0273,-0.6907,0.6572,121.7400,-7.1100,-70.2400,-21.1000,11.5000,6.2600,0.0000,0.0000,-0.0000,1913.0000,1229.0000,1500.0000,2000.0000
239753.5970,2.0000,2000.0000,1000.0000,1359.0000,329.0000,-64.0000,6.0000,162.0000,-646.0000,4637.0000,-0.3084,0.0179,-0.6554,0.6892,121.3000,-6.9100,-70.0700,-21.0400,11.4200,6.3700,0.0000,0.0000,-0.0000,1913.0000,1229.0000,1500.0000,2000.0000
239770.3680,2.0000,2000.0000,1000.0000,1359.0000,340.0000,-68.0000,-5.0000,-28.0000,-458.0000,3804.0000,-0.3150,0.0091,-0.6182,0.7201,121.3000,-6.9100,-70.0700,-21.0400,11.4200,6.3700,0.0000,0.0000,-0.0000,1913.0000,1229.0000,1500.0000,2000.0000
239787.5050,2.0000,2000.0000,1000.0000,1359.0000,353.0000,-70.0000,-13.0000,-146.0000,-113.0000,3702.0000,-0.3203,0.0011,-0.5768,0.7515,120.8200,-6.7000,-69.8900,-21.0400,11.2100,6.4300,0.0000,0.0000,-0.0000,1913.0000,1229.0000,1500.0000,2000.0000
239804.1880,2.0000,2000.0000,1000.0000,1359.0000,355.0000,-75.0000,-20.0000,-197.0000,-469.0000,3774.0000,-0.3241,-0.0061,-0.5339,0.7809,120.3300,-6.5100,-69.7100,-21.0300,10.9500,6.4900,0.0000,0.0000,-0.0000,1913.0000,1229.0000,1500.0000,2000.0000
239821.4520,2.0000,2000.0000,1000.0000,1359.0000,352.0000,-78.0000,-21.0000,-247.0000,-618.0000,4204.0000,-0.3259,-0.0134,-0.4878,0.8097,119.8500,-6.3200,-69.5300,-21.0200,10.6700,6.4900,0.0000,0.0000,-0.0000,1913.0000,1229.0000,1500.0000,2000.0000
239838.4220,2.0000,2000.0000,1000.0000,1359.0000,348.0000,-76.0000,-19.0000,-139.0000,-710.0000,5026.0000,-0.3271,-0.0199,-0.4416,0.8352,119.4000,-6.1500,-69.3600,-21.0000,10.4100,6.4100,0.0000,0.0000,-0.0000,1913.0000,1229.0000,1500.0000,2000.0000
239855.2570,2.0000,2000.0000,1000.0000,1359.0000,344.0000,-76.0000,-17.0000,-1.0000,-796.0000,5605.0000,-0.3278,-0.0263,-0.3949,0.8578,118.9700,-6.0000,-69.1900,-20.9900,10.2000,6.2300,0.0000,0.0000,-0.0000,1913.0000,1229.0000,1500.0000,2000.0000
239872.2550,2.0000,2000.0000,1000.0000,1359.0000,344.0000,-74.0000,-16.0000,-52.0000,-777.0000,5680.0000,-0.3282,-0.0326,-0.3470,0.8779,118.4800,-5.8300,-69.0200,-21.0400,10.1100,5.9900,0.0000,0.0000,-0.0000,1913.0000,1229.0000,1500.0000,2000.0000
239888.8950,2.0000,2000.0000,1000.0000,1359.0000,341.0000,-71.0000,-13.0000,-39.0000,-854.0000,5837.0000,-0.3280,-0.0387,-0.2994,0.8952,118.4800,-5.8300,-69.0200,-21.0400,10.1100,5.9900,0.0000,0.0000,-0.0000,1913.0000,1229.0000,1500.0000,2000.0000
239905.7560,2.0000,2000.0000,1000.0000,1359.0000,343.0000,-68.0000,-10.0000,57.0000,-744.0000,6369.0000,-0.3273,-0.0454,-0.2508,0.9099,117.9900,-5.6500,-68.8400,-21.1100,10.0100,5.6900,0.0000,0.0000,-0.0000,1913.0000,1229.0000,1500.0000,2000.0000
239922.9030,2.0000,2000.0000,1000.0000,1359.0000,340.0000,-59.0000,-3.0000,69.0000,-881.0000,6867.0000,-0.3249,-0.0531,-0.2006,0.9227,117.5200,-5.4900,-68.6800,-21.1800,9.8900,5.3400,0.0000,0.0000,-0.0000,1913.0000,1229.0000,1500.0000,2000.0000
239939.5550,2.0000,2000.0000,1000.0000,1359.0000,347.0000,-52.0000,-1.0000,43.0000,-967.0000,7456.0000,-0.3226,-0.0620,-0.1517,0.9322,117.0600,-5.3300,-68.5200,-21.2700,9.7400,4.9000,0.0000,0.0000,-0.0000,1913.0000,1229.0000,1500.0000,2000.0000
239956.4720,2.0000,2000.0000,1000.0000,1359.0000,352.0000,-50.0000,-3.0000,-24.0000,-814.0000,7465.0000,-0.3196,-0.0716,-0.1011,0.9394,116.6200,-5.1900,-68.3800,-21.3700,9.5300,4.3800,0.0000,0.0000,-0.0000,1913.0000,1229.0000,1500.0000,2000.0000
239973.4850,2.0000,2000.0000,1000.0000,1359.0000,356.0000,-43.0000,-7.0000,13.0000,-477.0000,6867.0000,-0.3153,-0.0821,-0.0496,0.9441,116.1200,-5.0200,-68.2400,-21.5600,9.4600,3.9000,0.0000,0.0000,-0.0000,1913.0000,1229.0000,1500.0000,2000.0000
239990.4660,2.0000,2000.0000,1000.0000,1359.0000,353.0000,-44.0000,-12.0000,16.0000,-622.0000,6132.0000,-0.3096,-0.0922,0.0021,0.9464,116.1200,-5.0200,-68.2400,-21.5600,9.4600,3.9000,0.0000,0.0000,-0.0000,1913.0000,1229.0000,1500.0000,2000.0000
240007.2410,2.0000,2000.0000,1000.0000,1359.0000,339.0000,-43.0000,-19.0000,35.0000,-700.0000,5889.0000,-0.3025,-0.1017,0.0514,0.9463,115.6300,-4.8500,-68.1000,-21.7600,9.3700,3.5100,0.0000,0.0000,-0.0000,1913.0000,1229.0000,1500.0000,2000.0000
240023.9900,2.0000,2000.0000,1000.0000,1359.0000,327.0000,-39.0000,-25.0000,-109.0000,-417.0000,5433.0000,-0.2932,-0.1108,0.0990,0.9445,115.1400,-4.6800,-67.9700,-21.9500,9.2100,3.1700,0.0000,0.0000,-0.0000,1913.0000,1229.0000,1500.0000,2000.0000
240040.8970,2.0000,2000.0000,1000.0000,1359.0000,318.0000,-42.0000,-29.0000,-144.0000,-159.0000,5228.0000,-0.2829,-0.1192,0.1449,0.9406,114.6800,-4.5300,-67.8400,-22.0900,9.0100,2.9000,0.0000,0.0000,-0.0000,1913.0000,1229.0000,1500.0000,2000.0000
240057.5990,2.0000,2000.0000,1000.0000,1359.0000,334.0000,-53.0000,-39.0000,-238.0000,-153.0000,4653.0000,-0.2713,-0.1268,0.1905,0.9349,114.2300,-4.3900,-67.7200,-22.2000,8.7900,2.6600,0.0000,0.0000,-0.0000,1913.0000,1229.0000,1500.0000,2000.0000
240074.6030,2.0000,2000.0000,1000.0000,1359.0000,349.0000,-55.0000,-49.0000,-199.0000,-266.0000,4570.0000,-0.2569,-0.1342,0.2389,0.9268,113.7200,-4.2200,-67.6000,-22.4400,8.6600,2.5000,0.0000,0.0000,-0.0000,1913.0000,1229.0000,1500.0000,2000.0000
240091.6540,2.0000,2000.0000,1000.0000,1359.0000,350.0000,-59.0000,-58.0000,-27.0000,-353.0000,5055.0000,-0.2401,-0.1413,0.2879,0.9162,113.7200,-4.2200,-67.6000,-22.4400,8.6600,2.5000,0.0000,0.0000,-0.0000,1913.0000,1229.0000,1500.0000,2000.0000
240108.4740,2.0000,2000.0000,1000.0000,1359.0000,349.0000,-67.0000,-63.0000,-183.0000,-235.0000,4017.0000,-0.2220,-0.1478,0.3355,0.9035,113.2000,-4.0600,-67.4800,-22.7100,8.5100,2.3600,0.0000,0.0000,-0.0000,1913.0000,1229.0000,1500.0000,2000.0000
240125.4650,2.0000,2000.0000,1000.0000,1359.0000,342.0000,-66.0000,-61.0000,-160.0000,-588.0000,3633.0000,-0.2023,-0.1529,0.3822,0.8886,112.6900,-3.9000,-67.3600,-22.9100,8.3600,2.2900,0.0000,0.0000,-0.0000,1913.0000,1229.0000,1500.0000,2000.0000
240142.0900,2.0000,2000.0000,1000.0000,1359.0000,348.0000,-76.0000,-55.0000,-239.0000,-858.0000,3791.0000,-0.1830,-0.1570,0.4273,0.8714,112.2100,-3.7500,-67.2500,-23.0500,8.1900,2.3200,0.0000,0.0000,-0.0000,1913.0000,1229.0000,1500.0000,2000.0000
240158.6600,2.0000,2000.0000,1000.0000,1359.0000,343.0000,-79.0000,-49.0000,-170.0000,-1058.0000,4574.0000,-0.1641,-0.1598,0.4709,0.8519,111.7600,-3.6200,-67.1300,-23.1700,7.9600,2.3900,0.0000,0.0000,-0.0000,1913.0000,1229.0000,1500.0000,2000.0000
240175.2650,2.0000,2000.0000,1000.0000,1359.0000,342.0000,-77.0000,-44.0000,-239.0000,-810.0000,4829.0000,-0.1454,-0.1615,0.5132,0.8303,111.7600,-3.6200,-67.1300,-23.1700,7.9600,2.3900,0.0000,0.0000,-0.0000,1913.0000,1229.0000,1500.0000,2000.0000
240192.2000,2.0000,2000.0000,1000.0000,1359.0000,338.0000,-80.0000,-42.0000,-234.0000,-834.0000,5221.0000,-0.1265,-0.1626,0.5548,0.8061,111.2200,-3.4500,-67.0100,-23.3900,7.7500,2.4800,0.0000,0.0000,-0.0000,1913.0000,1229.0000,1500.0000,2000.0000
240208.9780,2.0000,2000.0000,1000.0000,1359.0000,340.0000,-78.0000,-42.0000,-100.0000,-748.0000,5800.0000,-0.1075,-0.1632,0.5943,0.7801,110.6900,-3.2900,-66.8900,-23.5700,7.5300,2.5900,0.0000,0.0000,-0.0000,1913.0000,1229.0000,1500.0000,2000.0000
240225.9980,2.0000,2000.0000,1000.0000,1359.0000,347.0000,-73.0000,-41.0000,-89.0000,-534.0000,5981.0000,-0.0876,-0.1635,0.6337,0.7510,110.1800,-3.1400,-66.7700,-23.7300,7.2500,2.7400,0.0000,0.0000,-0.0000,1913.0000,1229.0000,1500.0000,2000.0000
240242.9250,2.0000,2000.0000,1000.0000,1359.0000,326.0000,-73.0000,-46.0000,-125.0000,-209.0000,5910.0000,-0.0682,-0.1640,0.6699,0.7209,109.6900,-3.0000,-66.6500,-23.8500,6.9600,2.9300,0.0000,0.0000,-0.0000,1913.0000,1229.0000,1500.0000,2000.0000
240259.3390,2.0000,2000.0000,1000.0000,1359.0000,320.0000,-77.0000,-55.0000,-237.0000,-203.0000,5418.0000,-0.0488,-0.1648,0.7016,0.6915,109.2300,-2.8700,-66.5200,-23.9100,6.7000,3.1500,0.0000,0.0000,-0.0000,1913.0000,1229.0000,1500.0000,2000.0000
240276.0280,2.0000,2000.0000,1000.0000,1359.0000,325.0000,-80.0000,-69.0000,-417.0000,-64.0000,4800.0000,-0.0273,-0.1660,0.7322,0.6600,109.2300,-2.8700,-66.5200,-23.9100,6.7000,3.1500,0.0000,0.0000,-0.0000,1913.0000,1229.0000,1500.0000,2000.0000
240292.8230,2.0000,2000.0000,1000.0000,1359.0000,342.0000,-81.0000,-84.0000,-519.0000,122.0000,4209.0000,-0.0036,-0.1684,0.7620,0.6253,108.6900,-2.7000,-66.3800,-23.9900,6.6600,3.4200,0.0000,0.0000,-0.0000,1913.0000,1229.0000,1500.0000,2000.0000
240309.7140,2.0000,2000.0000,1000.0000,1359.0000,362.0000,-89.0000,-98.0000,-219.0000,250.0000,3793.0000,0.0226,-0.1716,0.7905,0.5875,108.1600,-2.5300,-66.2400,-24.0100,6.6900,3.7100,0.0000,0.0000,-0.0000,1913.0000,1229.0000,1500.0000,2000.0000
240326.6620,2.0000,2000.0000,1000.0000,1359.0000,383.0000,-102.0000,-107.0000,-279.0000,-85.0000,3565.0000,0.0518,-0.1744,0.8185,0.5450,107.6600,-2.3700,-66.0900,-23.9900,6.7600,4.0000,0.0000,0.0000,-0.0000,1913.0000,1229.0000,1500.0000,2000.0000
240343.6280,3.0000,1506.0000,1747.0000,1645.0000,397.0000,-104.0000,-106.0000,-285.0000,-785.0000,4403.0000,0.0826,-0.1765,0.8447,0.4984,107.1800,-2.2200,-65.9400,-23.9200,6.8300,4.3600,0.0000,0.0000,-0.0000,1500.0000,1500.0000,1500.0000,1533.0000
240360.2570,3.0000,1506.0000,1749.0000,1651.0000,406.0000,-102.0000,-97.0000,-185.0000,-1117.0000,5365.0000,0.1122,-0.1773,0.8683,0.4495,106.7200,-2.0700,-65.7900,-23.7900,6.8500,4.8700,0.0000,0.0000,-0.0000,1500.0000,1500.0000,1500.0000,1533.0000
240376.8760,3.0000,1506.0000,1730.0000,1622.0000,365.0000,-110.0000,-85.0000,-356.0000,-1154.0000,6053.0000,0.1412,-0.1763,0.8879,0.4008,106.7200,-2.0700,-65.7900,-23.7900,6.8500,4.8700,0.0000,0.0000,-0.0000,1500.0000,1498.0000,1500.0000,1533.0000
240393.3860,3.0000,1506.0000,1682.0000,1568.0000,278.0000,-116.0000,-57.0000,-372.0000,-1128.0000,7271.0000,0.1672,-0.1734,0.9011,0.3605,106.1900,-1.8800,-65.6000,-23.6300,6.9500,5.4900,0.0000,0.0000,-0.0000,1500.0000,1500.0000,1500.0000,1533.0000
240410.1640,3.0000,1506.0000,1614.0000,1498.0000,155.0000,-119.0000,-21.0000,-371.0000,-1431.0000,8703.0000,0.1898,-0.1680,0.9079,0.3339,105.6800,-1.6800,-65.4100,-23.3900,7.0300,6.2100,0.0000,0.0000,-0.0000,1500.0000,1500.0000,1500.0000,1533.0000
240426.7650,3.0000,1506.0000,1544.0000,1452.0000,46.0000,-97.0000,17.0000,-316.0000,-1939.0000,10716.0000,0.2064,-0.1606,0.9093,0.3236,105.2000,-1.4900,-65.2000,-23.0600,7.0100,7.0800,0.0000,0.0000,-0.0000,1500.0000,1500.0000,1500.0000,1533.0000
240443.3600,3.0000,1506.0000,1483.0000,1435.0000,-34.0000,-57.0000,43.0000,-278.0000,-1732.0000,11310.0000,0.2153,-0.1532,0.9075,0.3265,104.7500,-1.3200,-64.9800,-22.6400,6.8700,8.0900,0.0000,0.0000,-0.0000,1500.0000,1500.0000,1500.0000,1533.0000
240459.9120,3.0000,1506.0000,1465.0000,1449.0000,-53.0000,-27.0000,58.0000,-516.0000,-1176.0000,9700.0000,0.2172,-0.1463,0.9049,0.3354,104.3200,-1.1500,-64.7400,-22.2400,6.6800,9.0700,0.0000,0.0000,-0.0000,1500.0000,1498.0000,1500.0000,1533.0000
240476.4250,3.0000,1506.0000,1476.0000,1476.0000,-36.0000,-8.0000,63.0000,-777.0000,-767.0000,6780.0000,0.2154,-0.1393,0.9034,0.3435,104.3200,-1.1500,-64.7400,-22.2400,6.6800,9.0700,0.0000,0.0000,-0.0000,1500.0000,1500.0000,1500.0000,1534.0000
240493.0550,3.0000,1507.0000,1488.0000,1492.0000,-22.0000,-1.0000,64.0000,-828.0000,-530.0000,4682.0000,0.2120,-0.1321,0.9031,0.3494,103.8400,-0.9500,-64.4900,-21.9200,6.6900,9.7900,0.0000,0.0000,-0.0000,1500.0000,1500.0000,1500.0000,1534.0000
240509.8220,3.0000,1506.0000,1493.0000,1503.0000,-10.0000,8.0000,61.0000,-873.0000,-178.0000,3003.0000,0.2082,-0.1249,0.9034,0.3535,103.3800,-0.7600,-64.2200,-21.7000,6.8400,10.3100,0.0000,0.0000,-0.0000,1500.0000,1500.0000,1500.0000,1533.0000
240526.3680,3.0000,1506.0000,1495.0000,1511.0000,3.0000,14.0000,55.0000,-938.0000,86.0000,1494.0000,0.2038,-0.1184,0.9044,0.3557,102.9400,-0.5600,-63.9500,-21.5400,7.0900,10.6500,0.0000,0.0000,-0.0000,1498.0000,1500.0000,1500.0000,1533.0000
240543.1940,3.0000,1506.0000,1493.0000,1515.0000,6.0000,20.0000,46.0000,-1032.0000,394.0000,-474.0000,0.1989,-0.1130,0.9060,0.3562,102.5100,-0.3700,-63.6600,-21.4300,7.4300,10.8500,0.0000,0.0000,-0.0000,1498.0000,1500.0000,1500.0000,1533.0000
240559.8350,3.0000,1506.0000,1485.0000,1517.0000,4.0000,29.0000,33.0000,-893.0000,655.0000,-1373.0000,0.1935,-0.1096,0.9074,0.3567,102.5100,-0.3700,-63.6600,-21.4300,7.4300,10.8500,0.0000,0.0000,-0.0000,1500.0000,1500.0000,1500.0000,1533.0000
240576.6240,3.0000,1506.0000,1486.0000,1508.0000,-3.0000,20.0000,14.0000,-990.0000,896.0000,-2159.0000,0.1887,-0.1082,0.9084,0.3570,102.1000,-0.1700,-63.3800,-21.3800,7.8600,10.9100,0.0000,0.0000,-0.0000,1500.0000,1500.0000,1500.0000,1533.0000
240593.2050,3.0000,1507.0000,1486.0000,1504.0000,-7.0000,16.0000,-7.0000,-985.0000,1128.0000,-2608.0000,0.1857,-0.1092,0.9088,0.3574,101.6300,0.0600,-63.0900,-21.3800,8.1900,10.8800,0.0000,0.0000,-0.0000,1500.0000,1500.0000,1500.0000,1534.0000
240609.7900,3.0000,1506.0000,1484.0000,1496.0000,-15.0000,10.0000,-28.0000,-990.0000,1211.0000,-2957.0000,0.1839,-0.1129,0.9087,0.3574,101.1900,0.2800,-62.8100,-21.3900,8.4800,10.8000,0.0000,0.0000,-0.0000,1500.0000,1500.0000,1500.0000,1533.0000
240626.3700,3.0000,1506.0000,1477.0000,1489.0000,-28.0000,10.0000,-45.0000,-897.0000,1056.0000,-2680.0000,0.1831,-0.1190,0.9076,0.3586,100.7500,0.5100,-62.5300,-21.3900,8.7600,10.7000,0.0000,0.0000,-0.0000,1500.0000,1500.0000,1500.0000,1533.0000
240642.8840,3.0000,1506.0000,1472.0000,1484.0000,-37.0000,9.0000,-60.0000,-1012.0000,837.0000,-2156.0000,0.1835,-0.1272,0.9053,0.3613,100.3300,0.7300,-62.2600,-21.3600,9.0100,10.6300,0.0000,0.0000,-0.0000,1498.0000,1500.0000,1500.0000,1533.0000
240659.6580,3.0000,1507.0000,1463.0000,1477.0000,-52.0000,9.0000,-69.0000,-1057.0000,722.0000,-1661.0000,0.1850,-0.1376,0.9019,0.3654,100.3300,0.7300,-62.2600,-21.3600,9.0100,10.6300,0.0000,0.0000,-0.0000,1500.0000,1498.0000,1500.0000,1534.0000
240676.3720,3.0000,1506.0000,1454.0000,1474.0000,-62.0000,15.0000,-76.0000,-914.0000,379.0000,-305.0000,0.1861,-0.1495,0.8975,0.3708,99.8600,0.9800,-61.9900,-21.3000,9.1400,10.6100,0.0000,0.0000,-0.0000,1500.0000,1500.0000,1500.0000,1533.0000
240692.9980,3.0000,1506.0000,1455.0000,1483.0000,-53.0000,21.0000,-80.0000,-941.0000,95.0000,264.0000,0.1868,-0.1622,0.8930,0.3758,99.4000,1.2200,-61.7200,-21.2000,9.1800,10.6900,0.0000,0.0000,-0.0000,1500.0000,1500.0000,1500.0000,1533.0000
240709.8010,3.0000,1506.0000,1456.0000,1490.0000,-47.0000,26.0000,-79.0000,-1011.0000,-117.0000,-55.0000,0.1868,-0.1754,0.8888,0.3799,98.9700,1.4500,-61.4500,-21.0700,9.1900,10.8500,0.0000,0.0000,-0.0000,1500.0000,1500.0000,1500.0000,1533.0000
240726.4770,3.0000,1506.0000,1457.0000,1497.0000,-39.0000,30.0000,-72.0000,-1026.0000,-289.0000,-682.0000,0.1861,-0.1883,0.8850,0.3829,98.5400,1.6800,-61.1800,-20.9300,9.2200,10.9900,0.0000,0.0000,-0.0000,1500.0000,1500.0000,1500.0000,1533.0000
240743.0150,3.0000,1506.0000,1463.0000,1505.0000,-26.0000,33.0000,-61.0000,-980.0000,-437.0000,-1372.0000,0.1849,-0.1995,0.8823,0.3843,98.5400,1.6800,-61.1800,-20.9300,9.2200,10.9900,0.0000,0.0000,-0.0000,1500.0000,1500.0000,1500.0000,1532.0000
240759.6170,3.0000,1506.0000,1469.0000,1509.0000,-16.0000,30.0000,-46.0000,-961.0000,-519.0000,-2145.0000,0.1834,-0.2085,0.8803,0.3846,98.1300,1.8900,-60.9100,-20.7900,9.3000,11.1000,0.0000,0.0000,-0.0000,1500.0000,1500.0000,1500.0000,1532.0000
240776.1980,3.0000,1506.0000,1472.0000,1510.0000,-11.0000,28.0000,-30.0000,-956.0000,-582.0000,-2854.0000,0.1816,-0.2152,0.8791,0.3845,97.6800,2.1200,-60.6400,-20.7100,9.3300,11.1600,0.0000,0.0000,-0.0000,1500.0000,1500.0000,1500.0000,1532.0000
240792.7310,3.0000,1506.0000,1477.0000,1511.0000,-4.0000,23.0000,-13.0000,-920.0000,-609.0000,-3268.0000,0.1795,-0.2192,0.8789,0.3836,97.2400,2.3400,-60.3600,-20.6400,9.4200,11.1700,0.0000,0.0000,-0.0000,1500.0000,1500.0000,1500.0000,1533.0000
240809.3110,3.0000,1506.0000,1481.0000,1511.0000,2.0000,18.0000,7.0000,-962.0000,-547.0000,-3173.0000,0.1772,-0.2204,0.8794,0.3829,96.8100,2.5500,-60.1000,-20.5600,9.5300,11.1500,0.0000,0.0000,-0.0000,1500.0000,1498.0000,1500.0000,1533.0000
