<?xml version="1.0" encoding="UTF-8"?>
<gpx creator="blackbox_decode v8.0.0 INAV c4f2026" version="1.1" xmlns="http://www.topografix.com/GPX/1/1" xmlns:xsi="http://www.w3.org/2001/XMLSchema-instance" xsi:schemaLocation="http://www.topografix.com/GPX/1/1 http://www.topografix.com/GPX/1/1/gpx.xsd">
<metadata><name>Blackbox flight log</name>
 <link href="https://github.com/iNavFlight/blackbox-tools">
 <text>INAV Blackbox Tools</text>
 </link>
</metadata>
<trk><name>Blackbox flight log</name><trkseg>
  <trkpt lat="37.4117734" lon="-121.9949238"><ele>3</ele><time>2026-04-23T00:14:48.516586Z</time></trkpt>
  <trkpt lat="37.4117734" lon="-121.9949238"><ele>3</ele><time>2026-04-23T00:14:48.524385Z</time></trkpt>
  <trkpt lat="37.4117734" lon="-121.9949239"><ele>4</ele><time>2026-04-23T00:14:48.539925Z</time></trkpt>
  <trkpt lat="37.4117733" lon="-121.9949238"><ele>4</ele><time>2026-04-23T00:14:48.640323Z</time></trkpt>
  <trkpt lat="37.4117732" lon="-121.9949238"><ele>4</ele><time>2026-04-23T00:14:48.741028Z</time></trkpt>
  <trkpt lat="37.4117731" lon="-121.9949239"><ele>4</ele><time>2026-04-23T00:14:48.841658Z</time></trkpt>
  <trkpt lat="37.4117731" lon="-121.9949238"><ele>4</ele><time>2026-04-23T00:14:48.941905Z</time></trkpt>
  <trkpt lat="37.4117732" lon="-121.9949238"><ele>4</ele><time>2026-04-23T00:14:49.042451Z</time></trkpt>
  <trkpt lat="37.4117732" lon="-121.9949239"><ele>4</ele><time>2026-04-23T00:14:49.143192Z</time></trkpt>
  <trkpt lat="37.4117731" lon="-121.9949237"><ele>4</ele><time>2026-04-23T00:14:49.343708Z</time></trkpt>
  <trkpt lat="37.4117731" lon="-121.9949236"><ele>4</ele><time>2026-04-23T00:14:49.444723Z</time></trkpt>
  <trkpt lat="37.4117731" lon="-121.9949234"><ele>4</ele><time>2026-04-23T00:14:49.546199Z</time></trkpt>
  <trkpt lat="37.4117730" lon="-121.9949233"><ele>4</ele><time>2026-04-23T00:14:49.646304Z</time></trkpt>
  <trkpt lat="37.4117729" lon="-121.9949232"><ele>4</ele><time>2026-04-23T00:14:49.746686Z</time></trkpt>
  <trkpt lat="37.4117728" lon="-121.9949232"><ele>4</ele><time>2026-04-23T00:14:49.848027Z</time></trkpt>
  <trkpt lat="37.4117727" lon="-121.9949232"><ele>4</ele><time>2026-04-23T00:14:49.948679Z</time></trkpt>
  <trkpt lat="37.4117727" lon="-121.9949230"><ele>4</ele><time>2026-04-23T00:14:50.130206Z</time></trkpt>
  <trkpt lat="37.4117726" lon="-121.9949228"><ele>4</ele><time>2026-04-23T00:14:50.332248Z</time></trkpt>
  <trkpt lat="37.4117725" lon="-121.9949227"><ele>4</ele><time>2026-04-23T00:14:50.433835Z</time></trkpt>
  <trkpt lat="37.4117724" lon="-121.9949228"><ele>4</ele><time>2026-04-23T00:14:50.534319Z</time></trkpt>
  <trkpt lat="37.4117723" lon="-121.9949226"><ele>4</ele><time>2026-04-23T00:14:50.635181Z</time></trkpt>
  <trkpt lat="37.4117723" lon="-121.9949226"><ele>4</ele><time>2026-04-23T00:14:50.656393Z</time></trkpt>
  <trkpt lat="37.4117721" lon="-121.9949225"><ele>4</ele><time>2026-04-23T00:14:50.735432Z</time></trkpt>
  <trkpt lat="37.4117720" lon="-121.9949224"><ele>4</ele><time>2026-04-23T00:14:50.835727Z</time></trkpt>
  <trkpt lat="37.4117719" lon="-121.9949222"><ele>4</ele><time>2026-04-23T00:14:50.936613Z</time></trkpt>
  <trkpt lat="37.4117718" lon="-121.9949220"><ele>4</ele><time>2026-04-23T00:14:51.037262Z</time></trkpt>
  <trkpt lat="37.4117717" lon="-121.9949219"><ele>4</ele><time>2026-04-23T00:14:51.137436Z</time></trkpt>
  <trkpt lat="37.4117717" lon="-121.9949216"><ele>4</ele><time>2026-04-23T00:14:51.238201Z</time></trkpt>
  <trkpt lat="37.4117717" lon="-121.9949214"><ele>4</ele><time>2026-04-23T00:14:51.338873Z</time></trkpt>
  <trkpt lat="37.4117716" lon="-121.9949212"><ele>4</ele><time>2026-04-23T00:14:51.439102Z</time></trkpt>
  <trkpt lat="37.4117715" lon="-121.9949211"><ele>4</ele><time>2026-04-23T00:14:51.539825Z</time></trkpt>
  <trkpt lat="37.4117715" lon="-121.9949209"><ele>4</ele><time>2026-04-23T00:14:51.640367Z</time></trkpt>
  <trkpt lat="37.4117715" lon="-121.9949207"><ele>4</ele><time>2026-04-23T00:14:51.741129Z</time></trkpt>
  <trkpt lat="37.4117714" lon="-121.9949205"><ele>4</ele><time>2026-04-23T00:14:51.841987Z</time></trkpt>
  <trkpt lat="37.4117714" lon="-121.9949203"><ele>4</ele><time>2026-04-23T00:14:51.942758Z</time></trkpt>
  <trkpt lat="37.4117714" lon="-121.9949201"><ele>4</ele><time>2026-04-23T00:14:52.043462Z</time></trkpt>
  <trkpt lat="37.4117714" lon="-121.9949198"><ele>4</ele><time>2026-04-23T00:14:52.144211Z</time></trkpt>
  <trkpt lat="37.4117715" lon="-121.9949196"><ele>4</ele><time>2026-04-23T00:14:52.245271Z</time></trkpt>
  <trkpt lat="37.4117716" lon="-121.9949194"><ele>4</ele><time>2026-04-23T00:14:52.345689Z</time></trkpt>
  <trkpt lat="37.4117716" lon="-121.9949191"><ele>4</ele><time>2026-04-23T00:14:52.426021Z</time></trkpt>
  <trkpt lat="37.4117717" lon="-121.9949190"><ele>4</ele><time>2026-04-23T00:14:52.527094Z</time></trkpt>
  <trkpt lat="37.4117717" lon="-121.9949189"><ele>5</ele><time>2026-04-23T00:14:52.627871Z</time></trkpt>
  <trkpt lat="37.4117717" lon="-121.9949188"><ele>5</ele><time>2026-04-23T00:14:52.729104Z</time></trkpt>
  <trkpt lat="37.4117717" lon="-121.9949188"><ele>5</ele><time>2026-04-23T00:14:52.775195Z</time></trkpt>
  <trkpt lat="37.4117717" lon="-121.9949187"><ele>5</ele><time>2026-04-23T00:14:52.829397Z</time></trkpt>
  <trkpt lat="37.4117718" lon="-121.9949186"><ele>5</ele><time>2026-04-23T00:14:52.929815Z</time></trkpt>
  <trkpt lat="37.4117719" lon="-121.9949185"><ele>5</ele><time>2026-04-23T00:14:53.131972Z</time></trkpt>
  <trkpt lat="37.4117719" lon="-121.9949184"><ele>5</ele><time>2026-04-23T00:14:53.232005Z</time></trkpt>
  <trkpt lat="37.4117719" lon="-121.9949182"><ele>5</ele><time>2026-04-23T00:14:53.332688Z</time></trkpt>
  <trkpt lat="37.4117719" lon="-121.9949181"><ele>5</ele><time>2026-04-23T00:14:53.433992Z</time></trkpt>
  <trkpt lat="37.4117719" lon="-121.9949180"><ele>5</ele><time>2026-04-23T00:14:53.534434Z</time></trkpt>
  <trkpt lat="37.4117719" lon="-121.9949178"><ele>5</ele><time>2026-04-23T00:14:53.634897Z</time></trkpt>
  <trkpt lat="37.4117718" lon="-121.9949175"><ele>5</ele><time>2026-04-23T00:14:53.735825Z</time></trkpt>
  <trkpt lat="37.4117717" lon="-121.9949173"><ele>5</ele><time>2026-04-23T00:14:53.836361Z</time></trkpt>
  <trkpt lat="37.4117716" lon="-121.9949170"><ele>5</ele><time>2026-04-23T00:14:53.936582Z</time></trkpt>
  <trkpt lat="37.4117713" lon="-121.9949165"><ele>5</ele><time>2026-04-23T00:14:54.037278Z</time></trkpt>
  <trkpt lat="37.4117711" lon="-121.9949158"><ele>5</ele><time>2026-04-23T00:14:54.137983Z</time></trkpt>
  <trkpt lat="37.4117711" lon="-121.9949153"><ele>5</ele><time>2026-04-23T00:14:54.238506Z</time></trkpt>
  <trkpt lat="37.4117718" lon="-121.9949151"><ele>5</ele><time>2026-04-23T00:14:54.339183Z</time></trkpt>
  <trkpt lat="37.4117732" lon="-121.9949154"><ele>5</ele><time>2026-04-23T00:14:54.439295Z</time></trkpt>
  <trkpt lat="37.4117758" lon="-121.9949169"><ele>5</ele><time>2026-04-23T00:14:54.540024Z</time></trkpt>
  <trkpt lat="37.4117794" lon="-121.9949195"><ele>6</ele><time>2026-04-23T00:14:54.640580Z</time></trkpt>
  <trkpt lat="37.4117836" lon="-121.9949224"><ele>6</ele><time>2026-04-23T00:14:54.741562Z</time></trkpt>
  <trkpt lat="37.4117888" lon="-121.9949254"><ele>6</ele><time>2026-04-23T00:14:54.841592Z</time></trkpt>
  <trkpt lat="37.4117888" lon="-121.9949254"><ele>6</ele><time>2026-04-23T00:14:54.898036Z</time></trkpt>
  <trkpt lat="37.4117947" lon="-121.9949283"><ele>6</ele><time>2026-04-23T00:14:54.941812Z</time></trkpt>
  <trkpt lat="37.4118008" lon="-121.9949310"><ele>6</ele><time>2026-04-23T00:14:55.042440Z</time></trkpt>
  <trkpt lat="37.4118071" lon="-121.9949345"><ele>6</ele><time>2026-04-23T00:14:55.143092Z</time></trkpt>
  <trkpt lat="37.4118129" lon="-121.9949389"><ele>6</ele><time>2026-04-23T00:14:55.223993Z</time></trkpt>
  <trkpt lat="37.4118185" lon="-121.9949439"><ele>6</ele><time>2026-04-23T00:14:55.324439Z</time></trkpt>
  <trkpt lat="37.4118238" lon="-121.9949493"><ele>7</ele><time>2026-04-23T00:14:55.425203Z</time></trkpt>
  <trkpt lat="37.4118291" lon="-121.9949544"><ele>7</ele><time>2026-04-23T00:14:55.526870Z</time></trkpt>
  <trkpt lat="37.4118343" lon="-121.9949595"><ele>7</ele><time>2026-04-23T00:14:55.627915Z</time></trkpt>
  <trkpt lat="37.4118388" lon="-121.9949653"><ele>7</ele><time>2026-04-23T00:14:55.728410Z</time></trkpt>
  <trkpt lat="37.4118423" lon="-121.9949714"><ele>7</ele><time>2026-04-23T00:14:55.829409Z</time></trkpt>
  <trkpt lat="37.4118447" lon="-121.9949776"><ele>8</ele><time>2026-04-23T00:14:55.930631Z</time></trkpt>
  <trkpt lat="37.4118465" lon="-121.9949843"><ele>8</ele><time>2026-04-23T00:14:56.031578Z</time></trkpt>
  <trkpt lat="37.4118483" lon="-121.9949910"><ele>8</ele><time>2026-04-23T00:14:56.131561Z</time></trkpt>
  <trkpt lat="37.4118502" lon="-121.9949975"><ele>9</ele><time>2026-04-23T00:14:56.232135Z</time></trkpt>
  <trkpt lat="37.4118522" lon="-121.9950044"><ele>9</ele><time>2026-04-23T00:14:56.332602Z</time></trkpt>
  <trkpt lat="37.4118543" lon="-121.9950117"><ele>9</ele><time>2026-04-23T00:14:56.433207Z</time></trkpt>
  <trkpt lat="37.4118562" lon="-121.9950195"><ele>8</ele><time>2026-04-23T00:14:56.533400Z</time></trkpt>
  <trkpt lat="37.4118579" lon="-121.9950275"><ele>8</ele><time>2026-04-23T00:14:56.633971Z</time></trkpt>
  <trkpt lat="37.4118614" lon="-121.9950352"><ele>8</ele><time>2026-04-23T00:14:56.734344Z</time></trkpt>
  <trkpt lat="37.4118663" lon="-121.9950424"><ele>8</ele><time>2026-04-23T00:14:56.835120Z</time></trkpt>
  <trkpt lat="37.4118726" lon="-121.9950484"><ele>8</ele><time>2026-04-23T00:14:56.935827Z</time></trkpt>
  <trkpt lat="37.4118797" lon="-121.9950536"><ele>8</ele><time>2026-04-23T00:14:57.036262Z</time></trkpt>
  <trkpt lat="37.4118797" lon="-121.9950536"><ele>8</ele><time>2026-04-23T00:14:57.051501Z</time></trkpt>
  <trkpt lat="37.4118878" lon="-121.9950572"><ele>8</ele><time>2026-04-23T00:14:57.136929Z</time></trkpt>
  <trkpt lat="37.4118969" lon="-121.9950586"><ele>8</ele><time>2026-04-23T00:14:57.237700Z</time></trkpt>
  <trkpt lat="37.4119061" lon="-121.9950585"><ele>8</ele><time>2026-04-23T00:14:57.338263Z</time></trkpt>
  <trkpt lat="37.4119154" lon="-121.9950570"><ele>8</ele><time>2026-04-23T00:14:57.439188Z</time></trkpt>
  <trkpt lat="37.4119241" lon="-121.9950542"><ele>9</ele><time>2026-04-23T00:14:57.540044Z</time></trkpt>
  <trkpt lat="37.4119323" lon="-121.9950501"><ele>9</ele><time>2026-04-23T00:14:57.620900Z</time></trkpt>
  <trkpt lat="37.4119407" lon="-121.9950453"><ele>10</ele><time>2026-04-23T00:14:57.722151Z</time></trkpt>
  <trkpt lat="37.4119493" lon="-121.9950405"><ele>11</ele><time>2026-04-23T00:14:57.822760Z</time></trkpt>
  <trkpt lat="37.4119581" lon="-121.9950357"><ele>11</ele><time>2026-04-23T00:14:57.924170Z</time></trkpt>
  <trkpt lat="37.4119669" lon="-121.9950308"><ele>12</ele><time>2026-04-23T00:14:58.024620Z</time></trkpt>
  <trkpt lat="37.4119762" lon="-121.9950261"><ele>12</ele><time>2026-04-23T00:14:58.125354Z</time></trkpt>
  <trkpt lat="37.4119860" lon="-121.9950215"><ele>13</ele><time>2026-04-23T00:14:58.226714Z</time></trkpt>
  <trkpt lat="37.4119962" lon="-121.9950168"><ele>13</ele><time>2026-04-23T00:14:58.327679Z</time></trkpt>
  <trkpt lat="37.4120070" lon="-121.9950117"><ele>13</ele><time>2026-04-23T00:14:58.427754Z</time></trkpt>
  <trkpt lat="37.4120181" lon="-121.9950064"><ele>14</ele><time>2026-04-23T00:14:58.528131Z</time></trkpt>
  <trkpt lat="37.4120295" lon="-121.9950015"><ele>14</ele><time>2026-04-23T00:14:58.628743Z</time></trkpt>
  <trkpt lat="37.4120410" lon="-121.9949978"><ele>14</ele><time>2026-04-23T00:14:58.729037Z</time></trkpt>
  <trkpt lat="37.4120521" lon="-121.9949965"><ele>14</ele><time>2026-04-23T00:14:58.829430Z</time></trkpt>
  <trkpt lat="37.4120620" lon="-121.9949978"><ele>14</ele><time>2026-04-23T00:14:58.930426Z</time></trkpt>
  <trkpt lat="37.4120712" lon="-121.9950007"><ele>15</ele><time>2026-04-23T00:14:59.030939Z</time></trkpt>
  <trkpt lat="37.4120805" lon="-121.9950040"><ele>15</ele><time>2026-04-23T00:14:59.131876Z</time></trkpt>
  <trkpt lat="37.4120805" lon="-121.9950040"><ele>15</ele><time>2026-04-23T00:14:59.203588Z</time></trkpt>
  <trkpt lat="37.4120898" lon="-121.9950078"><ele>15</ele><time>2026-04-23T00:14:59.232171Z</time></trkpt>
  <trkpt lat="37.4120991" lon="-121.9950121"><ele>16</ele><time>2026-04-23T00:14:59.332704Z</time></trkpt>
  <trkpt lat="37.4121086" lon="-121.9950167"><ele>16</ele><time>2026-04-23T00:14:59.433224Z</time></trkpt>
  <trkpt lat="37.4121184" lon="-121.9950213"><ele>17</ele><time>2026-04-23T00:14:59.533749Z</time></trkpt>
  <trkpt lat="37.4121282" lon="-121.9950256"><ele>17</ele><time>2026-04-23T00:14:59.634822Z</time></trkpt>
  <trkpt lat="37.4121377" lon="-121.9950295"><ele>18</ele><time>2026-04-23T00:14:59.735216Z</time></trkpt>
  <trkpt lat="37.4121471" lon="-121.9950329"><ele>18</ele><time>2026-04-23T00:14:59.835602Z</time></trkpt>
  <trkpt lat="37.4121561" lon="-121.9950355"><ele>19</ele><time>2026-04-23T00:14:59.936634Z</time></trkpt>
  <trkpt lat="37.4121639" lon="-121.9950371"><ele>20</ele><time>2026-04-23T00:15:00.036864Z</time></trkpt>
  <trkpt lat="37.4121708" lon="-121.9950378"><ele>21</ele><time>2026-04-23T00:15:00.137417Z</time></trkpt>
  <trkpt lat="37.4121770" lon="-121.9950384"><ele>22</ele><time>2026-04-23T00:15:00.217748Z</time></trkpt>
  <trkpt lat="37.4121830" lon="-121.9950390"><ele>23</ele><time>2026-04-23T00:15:00.318328Z</time></trkpt>
  <trkpt lat="37.4121893" lon="-121.9950399"><ele>24</ele><time>2026-04-23T00:15:00.419978Z</time></trkpt>
  <trkpt lat="37.4121959" lon="-121.9950408"><ele>25</ele><time>2026-04-23T00:15:00.520628Z</time></trkpt>
  <trkpt lat="37.4122029" lon="-121.9950418"><ele>26</ele><time>2026-04-23T00:15:00.621428Z</time></trkpt>
  <trkpt lat="37.4122100" lon="-121.9950430"><ele>27</ele><time>2026-04-23T00:15:00.722100Z</time></trkpt>
  <trkpt lat="37.4122174" lon="-121.9950440"><ele>28</ele><time>2026-04-23T00:15:00.822647Z</time></trkpt>
  <trkpt lat="37.4122251" lon="-121.9950454"><ele>29</ele><time>2026-04-23T00:15:00.924153Z</time></trkpt>
  <trkpt lat="37.4122328" lon="-121.9950470"><ele>29</ele><time>2026-04-23T00:15:01.024580Z</time></trkpt>
  <trkpt lat="37.4122407" lon="-121.9950493"><ele>30</ele><time>2026-04-23T00:15:01.125359Z</time></trkpt>
  <trkpt lat="37.4122489" lon="-121.9950520"><ele>31</ele><time>2026-04-23T00:15:01.226213Z</time></trkpt>
  <trkpt lat="37.4122572" lon="-121.9950549"><ele>31</ele><time>2026-04-23T00:15:01.326939Z</time></trkpt>
  <trkpt lat="37.4122572" lon="-121.9950549"><ele>31</ele><time>2026-04-23T00:15:01.350784Z</time></trkpt>
  <trkpt lat="37.4122657" lon="-121.9950580"><ele>32</ele><time>2026-04-23T00:15:01.427618Z</time></trkpt>
  <trkpt lat="37.4122744" lon="-121.9950612"><ele>32</ele><time>2026-04-23T00:15:01.528097Z</time></trkpt>
  <trkpt lat="37.4122834" lon="-121.9950644"><ele>32</ele><time>2026-04-23T00:15:01.628536Z</time></trkpt>
  <trkpt lat="37.4122925" lon="-121.9950683"><ele>33</ele><time>2026-04-23T00:15:01.729355Z</time></trkpt>
  <trkpt lat="37.4123015" lon="-121.9950732"><ele>33</ele><time>2026-04-23T00:15:01.829828Z</time></trkpt>
  <trkpt lat="37.4123101" lon="-121.9950789"><ele>33</ele><time>2026-04-23T00:15:01.930517Z</time></trkpt>
  <trkpt lat="37.4123180" lon="-121.9950855"><ele>33</ele><time>2026-04-23T00:15:02.031163Z</time></trkpt>
  <trkpt lat="37.4123248" lon="-121.9950933"><ele>34</ele><time>2026-04-23T00:15:02.131808Z</time></trkpt>
  <trkpt lat="37.4123298" lon="-121.9951027"><ele>34</ele><time>2026-04-23T00:15:02.232188Z</time></trkpt>
  <trkpt lat="37.4123327" lon="-121.9951133"><ele>34</ele><time>2026-04-23T00:15:02.332562Z</time></trkpt>
  <trkpt lat="37.4123342" lon="-121.9951245"><ele>35</ele><time>2026-04-23T00:15:02.433441Z</time></trkpt>
  <trkpt lat="37.4123356" lon="-121.9951361"><ele>36</ele><time>2026-04-23T00:15:02.534533Z</time></trkpt>
  <trkpt lat="37.4123374" lon="-121.9951475"><ele>36</ele><time>2026-04-23T00:15:02.614987Z</time></trkpt>
  <trkpt lat="37.4123397" lon="-121.9951599"><ele>36</ele><time>2026-04-23T00:15:02.735737Z</time></trkpt>
  <trkpt lat="37.4123421" lon="-121.9951726"><ele>36</ele><time>2026-04-23T00:15:02.816202Z</time></trkpt>
  <trkpt lat="37.4123445" lon="-121.9951851"><ele>36</ele><time>2026-04-23T00:15:02.916692Z</time></trkpt>
  <trkpt lat="37.4123473" lon="-121.9951970"><ele>37</ele><time>2026-04-23T00:15:03.017638Z</time></trkpt>
  <trkpt lat="37.4123507" lon="-121.9952081"><ele>37</ele><time>2026-04-23T00:15:03.118554Z</time></trkpt>
  <trkpt lat="37.4123544" lon="-121.9952184"><ele>38</ele><time>2026-04-23T00:15:03.219113Z</time></trkpt>
  <trkpt lat="37.4123584" lon="-121.9952282"><ele>38</ele><time>2026-04-23T00:15:03.319405Z</time></trkpt>
  <trkpt lat="37.4123627" lon="-121.9952377"><ele>39</ele><time>2026-04-23T00:15:03.419691Z</time></trkpt>
  <trkpt lat="37.4123627" lon="-121.9952377"><ele>39</ele><time>2026-04-23T00:15:03.508128Z</time></trkpt>
  <trkpt lat="37.4123670" lon="-121.9952466"><ele>39</ele><time>2026-04-23T00:15:03.520784Z</time></trkpt>
  <trkpt lat="37.4123713" lon="-121.9952556"><ele>40</ele><time>2026-04-23T00:15:03.621657Z</time></trkpt>
  <trkpt lat="37.4123759" lon="-121.9952647"><ele>41</ele><time>2026-04-23T00:15:03.721825Z</time></trkpt>
  <trkpt lat="37.4123808" lon="-121.9952739"><ele>41</ele><time>2026-04-23T00:15:03.822953Z</time></trkpt>
  <trkpt lat="37.4123859" lon="-121.9952828"><ele>42</ele><time>2026-04-23T00:15:03.923095Z</time></trkpt>
  <trkpt lat="37.4123912" lon="-121.9952916"><ele>42</ele><time>2026-04-23T00:15:04.023410Z</time></trkpt>
  <trkpt lat="37.4123968" lon="-121.9953005"><ele>43</ele><time>2026-04-23T00:15:04.124320Z</time></trkpt>
  <trkpt lat="37.4124026" lon="-121.9953096"><ele>43</ele><time>2026-04-23T00:15:04.224480Z</time></trkpt>
  <trkpt lat="37.4124090" lon="-121.9953186"><ele>44</ele><time>2026-04-23T00:15:04.325338Z</time></trkpt>
  <trkpt lat="37.4124156" lon="-121.9953273"><ele>44</ele><time>2026-04-23T00:15:04.425715Z</time></trkpt>
  <trkpt lat="37.4124229" lon="-121.9953355"><ele>44</ele><time>2026-04-23T00:15:04.526229Z</time></trkpt>
  <trkpt lat="37.4124308" lon="-121.9953427"><ele>45</ele><time>2026-04-23T00:15:04.626356Z</time></trkpt>
  <trkpt lat="37.4124392" lon="-121.9953487"><ele>45</ele><time>2026-04-23T00:15:04.726697Z</time></trkpt>
  <trkpt lat="37.4124480" lon="-121.9953533"><ele>46</ele><time>2026-04-23T00:15:04.827549Z</time></trkpt>
  <trkpt lat="37.4124572" lon="-121.9953560"><ele>46</ele><time>2026-04-23T00:15:04.928591Z</time></trkpt>
  <trkpt lat="37.4124663" lon="-121.9953568"><ele>47</ele><time>2026-04-23T00:15:05.029274Z</time></trkpt>
  <trkpt lat="37.4124751" lon="-121.9953559"><ele>48</ele><time>2026-04-23T00:15:05.130313Z</time></trkpt>
  <trkpt lat="37.4124837" lon="-121.9953542"><ele>48</ele><time>2026-04-23T00:15:05.230435Z</time></trkpt>
  <trkpt lat="37.4124923" lon="-121.9953525"><ele>49</ele><time>2026-04-23T00:15:05.331640Z</time></trkpt>
  <trkpt lat="37.4125010" lon="-121.9953506"><ele>50</ele><time>2026-04-23T00:15:05.412125Z</time></trkpt>
  <trkpt lat="37.4125100" lon="-121.9953484"><ele>51</ele><time>2026-04-23T00:15:05.532602Z</time></trkpt>
  <trkpt lat="37.4125194" lon="-121.9953466"><ele>51</ele><time>2026-04-23T00:15:05.613962Z</time></trkpt>
  <trkpt lat="37.4125194" lon="-121.9953466"><ele>51</ele><time>2026-04-23T00:15:05.672261Z</time></trkpt>
  <trkpt lat="37.4125290" lon="-121.9953445"><ele>52</ele><time>2026-04-23T00:15:05.713768Z</time></trkpt>
  <trkpt lat="37.4125389" lon="-121.9953423"><ele>52</ele><time>2026-04-23T00:15:05.814380Z</time></trkpt>
  <trkpt lat="37.4125492" lon="-121.9953397"><ele>52</ele><time>2026-04-23T00:15:05.914580Z</time></trkpt>
  <trkpt lat="37.4125598" lon="-121.9953370"><ele>52</ele><time>2026-04-23T00:15:06.016023Z</time></trkpt>
  <trkpt lat="37.4125706" lon="-121.9953348"><ele>53</ele><time>2026-04-23T00:15:06.116125Z</time></trkpt>
  <trkpt lat="37.4125813" lon="-121.9953334"><ele>53</ele><time>2026-04-23T00:15:06.216678Z</time></trkpt>
  <trkpt lat="37.4125920" lon="-121.9953320"><ele>53</ele><time>2026-04-23T00:15:06.317176Z</time></trkpt>
  <trkpt lat="37.4126022" lon="-121.9953308"><ele>53</ele><time>2026-04-23T00:15:06.417760Z</time></trkpt>
  <trkpt lat="37.4126119" lon="-121.9953302"><ele>54</ele><time>2026-04-23T00:15:06.518531Z</time></trkpt>
  <trkpt lat="37.4126213" lon="-121.9953299"><ele>55</ele><time>2026-04-23T00:15:06.618756Z</time></trkpt>
  <trkpt lat="37.4126306" lon="-121.9953296"><ele>55</ele><time>2026-04-23T00:15:06.719446Z</time></trkpt>
  <trkpt lat="37.4126399" lon="-121.9953296"><ele>56</ele><time>2026-04-23T00:15:06.819881Z</time></trkpt>
  <trkpt lat="37.4126494" lon="-121.9953297"><ele>56</ele><time>2026-04-23T00:15:06.920560Z</time></trkpt>
  <trkpt lat="37.4126589" lon="-121.9953299"><ele>57</ele><time>2026-04-23T00:15:07.021337Z</time></trkpt>
  <trkpt lat="37.4126684" lon="-121.9953302"><ele>57</ele><time>2026-04-23T00:15:07.121641Z</time></trkpt>
  <trkpt lat="37.4126781" lon="-121.9953308"><ele>58</ele><time>2026-04-23T00:15:07.222142Z</time></trkpt>
  <trkpt lat="37.4126875" lon="-121.9953317"><ele>58</ele><time>2026-04-23T00:15:07.322429Z</time></trkpt>
  <trkpt lat="37.4126963" lon="-121.9953330"><ele>59</ele><time>2026-04-23T00:15:07.423780Z</time></trkpt>
  <trkpt lat="37.4127041" lon="-121.9953350"><ele>60</ele><time>2026-04-23T00:15:07.524225Z</time></trkpt>
  <trkpt lat="37.4127105" lon="-121.9953378"><ele>61</ele><time>2026-04-23T00:15:07.624675Z</time></trkpt>
  <trkpt lat="37.4127160" lon="-121.9953410"><ele>61</ele><time>2026-04-23T00:15:07.725153Z</time></trkpt>
  <trkpt lat="37.4127212" lon="-121.9953441"><ele>62</ele><time>2026-04-23T00:15:07.826369Z</time></trkpt>
  <trkpt lat="37.4127212" lon="-121.9953441"><ele>62</ele><time>2026-04-23T00:15:07.833748Z</time></trkpt>
  <trkpt lat="37.4127265" lon="-121.9953471"><ele>63</ele><time>2026-04-23T00:15:07.927353Z</time></trkpt>
  <trkpt lat="37.4127322" lon="-121.9953503"><ele>64</ele><time>2026-04-23T00:15:08.027306Z</time></trkpt>
  <trkpt lat="37.4127379" lon="-121.9953537"><ele>65</ele><time>2026-04-23T00:15:08.127604Z</time></trkpt>
  <trkpt lat="37.4127436" lon="-121.9953569"><ele>66</ele><time>2026-04-23T00:15:08.208229Z</time></trkpt>
  <trkpt lat="37.4127492" lon="-121.9953601"><ele>66</ele><time>2026-04-23T00:15:08.329050Z</time></trkpt>
  <trkpt lat="37.4127551" lon="-121.9953634"><ele>67</ele><time>2026-04-23T00:15:08.409735Z</time></trkpt>
  <trkpt lat="37.4127611" lon="-121.9953668"><ele>68</ele><time>2026-04-23T00:15:08.509932Z</time></trkpt>
  <trkpt lat="37.4127671" lon="-121.9953700"><ele>68</ele><time>2026-04-23T00:15:08.610680Z</time></trkpt>
  <trkpt lat="37.4127734" lon="-121.9953733"><ele>69</ele><time>2026-04-23T00:15:08.711642Z</time></trkpt>
  <trkpt lat="37.4127799" lon="-121.9953768"><ele>69</ele><time>2026-04-23T00:15:08.811990Z</time></trkpt>
  <trkpt lat="37.4127864" lon="-121.9953803"><ele>70</ele><time>2026-04-23T00:15:08.912489Z</time></trkpt>
  <trkpt lat="37.4127932" lon="-121.9953839"><ele>70</ele><time>2026-04-23T00:15:09.013286Z</time></trkpt>
  <trkpt lat="37.4128003" lon="-121.9953876"><ele>71</ele><time>2026-04-23T00:15:09.113887Z</time></trkpt>
  <trkpt lat="37.4128077" lon="-121.9953912"><ele>71</ele><time>2026-04-23T00:15:09.214238Z</time></trkpt>
  <trkpt lat="37.4128152" lon="-121.9953942"><ele>71</ele><time>2026-04-23T00:15:09.314320Z</time></trkpt>
  <trkpt lat="37.4128229" lon="-121.9953969"><ele>72</ele><time>2026-04-23T00:15:09.415650Z</time></trkpt>
  <trkpt lat="37.4128305" lon="-121.9953990"><ele>72</ele><time>2026-04-23T00:15:09.515693Z</time></trkpt>
  <trkpt lat="37.4128378" lon="-121.9954003"><ele>73</ele><time>2026-04-23T00:15:09.616108Z</time></trkpt>
  <trkpt lat="37.4128447" lon="-121.9954011"><ele>73</ele><time>2026-04-23T00:15:09.716762Z</time></trkpt>
  <trkpt lat="37.4128511" lon="-121.9954015"><ele>74</ele><time>2026-04-23T00:15:09.817821Z</time></trkpt>
  <trkpt lat="37.4128572" lon="-121.9954019"><ele>75</ele><time>2026-04-23T00:15:09.918483Z</time></trkpt>
  <trkpt lat="37.4128572" lon="-121.9954019"><ele>75</ele><time>2026-04-23T00:15:09.997129Z</time></trkpt>
  <trkpt lat="37.4128631" lon="-121.9954022"><ele>76</ele><time>2026-04-23T00:15:10.019021Z</time></trkpt>
  <trkpt lat="37.4128687" lon="-121.9954026"><ele>77</ele><time>2026-04-23T00:15:10.119502Z</time></trkpt>
  <trkpt lat="37.4128748" lon="-121.9954034"><ele>78</ele><time>2026-04-23T00:15:10.219820Z</time></trkpt>
  <trkpt lat="37.4128812" lon="-121.9954041"><ele>79</ele><time>2026-04-23T00:15:10.320175Z</time></trkpt>
  <trkpt lat="37.4128877" lon="-121.9954047"><ele>80</ele><time>2026-04-23T00:15:10.421352Z</time></trkpt>
  <trkpt lat="37.4128947" lon="-121.9954055"><ele>80</ele><time>2026-04-23T00:15:10.521547Z</time></trkpt>
  <trkpt lat="37.4129018" lon="-121.9954061"><ele>81</ele><time>2026-04-23T00:15:10.622089Z</time></trkpt>
  <trkpt lat="37.4129090" lon="-121.9954068"><ele>81</ele><time>2026-04-23T00:15:10.723745Z</time></trkpt>
  <trkpt lat="37.4129164" lon="-121.9954076"><ele>82</ele><time>2026-04-23T00:15:10.824781Z</time></trkpt>
  <trkpt lat="37.4129241" lon="-121.9954087"><ele>82</ele><time>2026-04-23T00:15:10.924846Z</time></trkpt>
  <trkpt lat="37.4129318" lon="-121.9954101"><ele>83</ele><time>2026-04-23T00:15:11.025419Z</time></trkpt>
  <trkpt lat="37.4129397" lon="-121.9954119"><ele>83</ele><time>2026-04-23T00:15:11.125793Z</time></trkpt>
  <trkpt lat="37.4129473" lon="-121.9954141"><ele>83</ele><time>2026-04-23T00:15:11.206451Z</time></trkpt>
  <trkpt lat="37.4129547" lon="-121.9954168"><ele>84</ele><time>2026-04-23T00:15:11.306960Z</time></trkpt>
  <trkpt lat="37.4129616" lon="-121.9954198"><ele>84</ele><time>2026-04-23T00:15:11.407163Z</time></trkpt>
  <trkpt lat="37.4129679" lon="-121.9954237"><ele>85</ele><time>2026-04-23T00:15:11.507563Z</time></trkpt>
  <trkpt lat="37.4129732" lon="-121.9954280"><ele>85</ele><time>2026-04-23T00:15:11.608108Z</time></trkpt>
  <trkpt lat="37.4129776" lon="-121.9954327"><ele>86</ele><time>2026-04-23T00:15:11.708147Z</time></trkpt>
  <trkpt lat="37.4129819" lon="-121.9954382"><ele>87</ele><time>2026-04-23T00:15:11.809339Z</time></trkpt>
  <trkpt lat="37.4129865" lon="-121.9954442"><ele>87</ele><time>2026-04-23T00:15:11.909662Z</time></trkpt>
  <trkpt lat="37.4129911" lon="-121.9954507"><ele>88</ele><time>2026-04-23T00:15:12.010029Z</time></trkpt>
  <trkpt lat="37.4129955" lon="-121.9954575"><ele>88</ele><time>2026-04-23T00:15:12.110571Z</time></trkpt>
  <trkpt lat="37.4129955" lon="-121.9954575"><ele>88</ele><time>2026-04-23T00:15:12.158979Z</time></trkpt>
  <trkpt lat="37.4129999" lon="-121.9954650"><ele>89</ele><time>2026-04-23T00:15:12.210788Z</time></trkpt>
  <trkpt lat="37.4130046" lon="-121.9954730"><ele>89</ele><time>2026-04-23T00:15:12.311245Z</time></trkpt>
  <trkpt lat="37.4130095" lon="-121.9954810"><ele>89</ele><time>2026-04-23T00:15:12.411838Z</time></trkpt>
  <trkpt lat="37.4130145" lon="-121.9954893"><ele>89</ele><time>2026-04-23T00:15:12.512618Z</time></trkpt>
  <trkpt lat="37.4130198" lon="-121.9954978"><ele>90</ele><time>2026-04-23T00:15:12.614154Z</time></trkpt>
  <trkpt lat="37.4130251" lon="-121.9955063"><ele>90</ele><time>2026-04-23T00:15:12.715210Z</time></trkpt>
  <trkpt lat="37.4130305" lon="-121.9955150"><ele>90</ele><time>2026-04-23T00:15:12.815908Z</time></trkpt>
  <trkpt lat="37.4130358" lon="-121.9955238"><ele>90</ele><time>2026-04-23T00:15:12.915922Z</time></trkpt>
  <trkpt lat="37.4130409" lon="-121.9955331"><ele>90</ele><time>2026-04-23T00:15:13.016554Z</time></trkpt>
  <trkpt lat="37.4130455" lon="-121.9955422"><ele>90</ele><time>2026-04-23T00:15:13.117039Z</time></trkpt>
  <trkpt lat="37.4130494" lon="-121.9955512"><ele>91</ele><time>2026-04-23T00:15:13.217493Z</time></trkpt>
  <trkpt lat="37.4130522" lon="-121.9955598"><ele>92</ele><time>2026-04-23T00:15:13.318205Z</time></trkpt>
  <trkpt lat="37.4130538" lon="-121.9955679"><ele>93</ele><time>2026-04-23T00:15:13.419421Z</time></trkpt>
  <trkpt lat="37.4130547" lon="-121.9955755"><ele>94</ele><time>2026-04-23T00:15:13.520117Z</time></trkpt>
  <trkpt lat="37.4130554" lon="-121.9955829"><ele>95</ele><time>2026-04-23T00:15:13.620995Z</time></trkpt>
  <trkpt lat="37.4130563" lon="-121.9955903"><ele>96</ele><time>2026-04-23T00:15:13.721141Z</time></trkpt>
  <trkpt lat="37.4130572" lon="-121.9955975"><ele>97</ele><time>2026-04-23T00:15:13.821880Z</time></trkpt>
  <trkpt lat="37.4130580" lon="-121.9956042"><ele>98</ele><time>2026-04-23T00:15:13.922132Z</time></trkpt>
  <trkpt lat="37.4130589" lon="-121.9956112"><ele>98</ele><time>2026-04-23T00:15:14.003327Z</time></trkpt>
  <trkpt lat="37.4130602" lon="-121.9956184"><ele>99</ele><time>2026-04-23T00:15:14.104065Z</time></trkpt>
  <trkpt lat="37.4130618" lon="-121.9956259"><ele>100</ele><time>2026-04-23T00:15:14.204582Z</time></trkpt>
  <trkpt lat="37.4130635" lon="-121.9956339"><ele>101</ele><time>2026-04-23T00:15:14.305271Z</time></trkpt>
  <trkpt lat="37.4130635" lon="-121.9956339"><ele>101</ele><time>2026-04-23T00:15:14.323112Z</time></trkpt>
  <trkpt lat="37.4130656" lon="-121.9956424"><ele>101</ele><time>2026-04-23T00:15:14.406446Z</time></trkpt>
  <trkpt lat="37.4130680" lon="-121.9956506"><ele>102</ele><time>2026-04-23T00:15:14.507266Z</time></trkpt>
  <trkpt lat="37.4130711" lon="-121.9956579"><ele>102</ele><time>2026-04-23T00:15:14.608640Z</time></trkpt>
  <trkpt lat="37.4130746" lon="-121.9956642"><ele>103</ele><time>2026-04-23T00:15:14.709462Z</time></trkpt>
  <trkpt lat="37.4130781" lon="-121.9956698"><ele>104</ele><time>2026-04-23T00:15:14.810129Z</time></trkpt>
  <trkpt lat="37.4130818" lon="-121.9956752"><ele>104</ele><time>2026-04-23T00:15:14.910871Z</time></trkpt>
  <trkpt lat="37.4130857" lon="-121.9956805"><ele>105</ele><time>2026-04-23T00:15:15.012048Z</time></trkpt>
  <trkpt lat="37.4130898" lon="-121.9956858"><ele>106</ele><time>2026-04-23T00:15:15.112569Z</time></trkpt>
  <trkpt lat="37.4130941" lon="-121.9956912"><ele>106</ele><time>2026-04-23T00:15:15.213334Z</time></trkpt>
  <trkpt lat="37.4130985" lon="-121.9956965"><ele>107</ele><time>2026-04-23T00:15:15.313777Z</time></trkpt>
  <trkpt lat="37.4131033" lon="-121.9957018"><ele>108</ele><time>2026-04-23T00:15:15.414264Z</time></trkpt>
  <trkpt lat="37.4131084" lon="-121.9957072"><ele>108</ele><time>2026-04-23T00:15:15.514891Z</time></trkpt>
  <trkpt lat="37.4131138" lon="-121.9957121"><ele>109</ele><time>2026-04-23T00:15:15.615475Z</time></trkpt>
  <trkpt lat="37.4131197" lon="-121.9957159"><ele>109</ele><time>2026-04-23T00:15:15.715888Z</time></trkpt>
  <trkpt lat="37.4131257" lon="-121.9957182"><ele>110</ele><time>2026-04-23T00:15:15.816158Z</time></trkpt>
  <trkpt lat="37.4131317" lon="-121.9957185"><ele>111</ele><time>2026-04-23T00:15:15.917140Z</time></trkpt>
  <trkpt lat="37.4131374" lon="-121.9957167"><ele>111</ele><time>2026-04-23T00:15:16.018095Z</time></trkpt>
  <trkpt lat="37.4131424" lon="-121.9957129"><ele>112</ele><time>2026-04-23T00:15:16.117613Z</time></trkpt>
  <trkpt lat="37.4131467" lon="-121.9957075"><ele>113</ele><time>2026-04-23T00:15:16.218076Z</time></trkpt>
  <trkpt lat="37.4131505" lon="-121.9957009"><ele>114</ele><time>2026-04-23T00:15:16.318586Z</time></trkpt>
  <trkpt lat="37.4131546" lon="-121.9956943"><ele>115</ele><time>2026-04-23T00:15:16.418745Z</time></trkpt>
  <trkpt lat="37.4131546" lon="-121.9956943"><ele>115</ele><time>2026-04-23T00:15:16.481842Z</time></trkpt>
  <trkpt lat="37.4131592" lon="-121.9956876"><ele>116</ele><time>2026-04-23T00:15:16.498889Z</time></trkpt>
  <trkpt lat="37.4131644" lon="-121.9956812"><ele>117</ele><time>2026-04-23T00:15:16.619407Z</time></trkpt>
  <trkpt lat="37.4131700" lon="-121.9956744"><ele>117</ele><time>2026-04-23T00:15:16.700109Z</time></trkpt>
  <trkpt lat="37.4131760" lon="-121.9956677"><ele>118</ele><time>2026-04-23T00:15:16.800143Z</time></trkpt>
  <trkpt lat="37.4131824" lon="-121.9956603"><ele>118</ele><time>2026-04-23T00:15:16.900670Z</time></trkpt>
  <trkpt lat="37.4131890" lon="-121.9956520"><ele>119</ele><time>2026-04-23T00:15:17.000921Z</time></trkpt>
  <trkpt lat="37.4131960" lon="-121.9956439"><ele>119</ele><time>2026-04-23T00:15:17.101788Z</time></trkpt>
  <trkpt lat="37.4132033" lon="-121.9956357"><ele>119</ele><time>2026-04-23T00:15:17.202278Z</time></trkpt>
  <trkpt lat="37.4132110" lon="-121.9956282"><ele>119</ele><time>2026-04-23T00:15:17.302829Z</time></trkpt>
  <trkpt lat="37.4132191" lon="-121.9956229"><ele>119</ele><time>2026-04-23T00:15:17.403652Z</time></trkpt>
  <trkpt lat="37.4132275" lon="-121.9956190"><ele>120</ele><time>2026-04-23T00:15:17.504097Z</time></trkpt>
  <trkpt lat="37.4132362" lon="-121.9956155"><ele>120</ele><time>2026-04-23T00:15:17.604483Z</time></trkpt>
  <trkpt lat="37.4132453" lon="-121.9956121"><ele>120</ele><time>2026-04-23T00:15:17.704896Z</time></trkpt>
  <trkpt lat="37.4132546" lon="-121.9956087"><ele>120</ele><time>2026-04-23T00:15:17.805406Z</time></trkpt>
  <trkpt lat="37.4132642" lon="-121.9956055"><ele>120</ele><time>2026-04-23T00:15:17.906347Z</time></trkpt>
  <trkpt lat="37.4132738" lon="-121.9956033"><ele>120</ele><time>2026-04-23T00:15:18.027008Z</time></trkpt>
  <trkpt lat="37.4132832" lon="-121.9956017"><ele>120</ele><time>2026-04-23T00:15:18.107245Z</time></trkpt>
  <trkpt lat="37.4132922" lon="-121.9956009"><ele>121</ele><time>2026-04-23T00:15:18.207669Z</time></trkpt>
  <trkpt lat="37.4133008" lon="-121.9956010"><ele>121</ele><time>2026-04-23T00:15:18.308391Z</time></trkpt>
  <trkpt lat="37.4133092" lon="-121.9956014"><ele>122</ele><time>2026-04-23T00:15:18.408504Z</time></trkpt>
  <trkpt lat="37.4133173" lon="-121.9956019"><ele>123</ele><time>2026-04-23T00:15:18.509066Z</time></trkpt>
  <trkpt lat="37.4133254" lon="-121.9956027"><ele>123</ele><time>2026-04-23T00:15:18.609931Z</time></trkpt>
  <trkpt lat="37.4133254" lon="-121.9956027"><ele>123</ele><time>2026-04-23T00:15:18.637508Z</time></trkpt>
  <trkpt lat="37.4133337" lon="-121.9956038"><ele>124</ele><time>2026-04-23T00:15:18.710454Z</time></trkpt>
  <trkpt lat="37.4133422" lon="-121.9956049"><ele>125</ele><time>2026-04-23T00:15:18.811775Z</time></trkpt>
  <trkpt lat="37.4133509" lon="-121.9956060"><ele>125</ele><time>2026-04-23T00:15:18.912432Z</time></trkpt>
  <trkpt lat="37.4133599" lon="-121.9956069"><ele>125</ele><time>2026-04-23T00:15:19.014066Z</time></trkpt>
  <trkpt lat="37.4133691" lon="-121.9956078"><ele>126</ele><time>2026-04-23T00:15:19.114266Z</time></trkpt>
  <trkpt lat="37.4133785" lon="-121.9956086"><ele>126</ele><time>2026-04-23T00:15:19.214338Z</time></trkpt>
  <trkpt lat="37.4133880" lon="-121.9956096"><ele>126</ele><time>2026-04-23T00:15:19.315134Z</time></trkpt>
  <trkpt lat="37.4133976" lon="-121.9956109"><ele>127</ele><time>2026-04-23T00:15:19.415586Z</time></trkpt>
  <trkpt lat="37.4134073" lon="-121.9956124"><ele>127</ele><time>2026-04-23T00:15:19.516204Z</time></trkpt>
  <trkpt lat="37.4134163" lon="-121.9956148"><ele>127</ele><time>2026-04-23T00:15:19.617254Z</time></trkpt>
  <trkpt lat="37.4134245" lon="-121.9956193"><ele>127</ele><time>2026-04-23T00:15:19.717539Z</time></trkpt>
  <trkpt lat="37.4134310" lon="-121.9956273"><ele>127</ele><time>2026-04-23T00:15:19.818135Z</time></trkpt>
  <trkpt lat="37.4134347" lon="-121.9956384"><ele>127</ele><time>2026-04-23T00:15:19.918474Z</time></trkpt>
  <trkpt lat="37.4134354" lon="-121.9956514"><ele>127</ele><time>2026-04-23T00:15:20.018678Z</time></trkpt>
  <trkpt lat="37.4134339" lon="-121.9956651"><ele>127</ele><time>2026-04-23T00:15:20.118713Z</time></trkpt>
  <trkpt lat="37.4134295" lon="-121.9956790"><ele>127</ele><time>2026-04-23T00:15:20.219961Z</time></trkpt>
  <trkpt lat="37.4134213" lon="-121.9956921"><ele>126</ele><time>2026-04-23T00:15:20.320571Z</time></trkpt>
  <trkpt lat="37.4134111" lon="-121.9957046"><ele>126</ele><time>2026-04-23T00:15:20.420953Z</time></trkpt>
  <trkpt lat="37.4133993" lon="-121.9957163"><ele>125</ele><time>2026-04-23T00:15:20.521381Z</time></trkpt>
  <trkpt lat="37.4133842" lon="-121.9957247"><ele>125</ele><time>2026-04-23T00:15:20.621706Z</time></trkpt>
  <trkpt lat="37.4133666" lon="-121.9957294"><ele>125</ele><time>2026-04-23T00:15:20.722003Z</time></trkpt>
  <trkpt lat="37.4133666" lon="-121.9957294"><ele>125</ele><time>2026-04-23T00:15:20.790110Z</time></trkpt>
  <trkpt lat="37.4133485" lon="-121.9957339"><ele>124</ele><time>2026-04-23T00:15:20.802787Z</time></trkpt>
  <trkpt lat="37.4133300" lon="-121.9957381"><ele>124</ele><time>2026-04-23T00:15:20.903570Z</time></trkpt>
  <trkpt lat="37.4133107" lon="-121.9957416"><ele>124</ele><time>2026-04-23T00:15:21.003990Z</time></trkpt>
  <trkpt lat="37.4132908" lon="-121.9957445"><ele>124</ele><time>2026-04-23T00:15:21.105134Z</time></trkpt>
  <trkpt lat="37.4132707" lon="-121.9957471"><ele>124</ele><time>2026-04-23T00:15:21.206853Z</time></trkpt>
  <trkpt lat="37.4132505" lon="-121.9957500"><ele>124</ele><time>2026-04-23T00:15:21.307088Z</time></trkpt>
  <trkpt lat="37.4132303" lon="-121.9957532"><ele>124</ele><time>2026-04-23T00:15:21.407454Z</time></trkpt>
  <trkpt lat="37.4132099" lon="-121.9957559"><ele>123</ele><time>2026-04-23T00:15:21.508023Z</time></trkpt>
  <trkpt lat="37.4131893" lon="-121.9957585"><ele>123</ele><time>2026-04-23T00:15:21.609024Z</time></trkpt>
  <trkpt lat="37.4131686" lon="-121.9957611"><ele>123</ele><time>2026-04-23T00:15:21.709717Z</time></trkpt>
  <trkpt lat="37.4131481" lon="-121.9957642"><ele>122</ele><time>2026-04-23T00:15:21.810153Z</time></trkpt>
  <trkpt lat="37.4131275" lon="-121.9957672"><ele>121</ele><time>2026-04-23T00:15:21.910901Z</time></trkpt>
  <trkpt lat="37.4131066" lon="-121.9957701"><ele>121</ele><time>2026-04-23T00:15:22.011622Z</time></trkpt>
  <trkpt lat="37.4130857" lon="-121.9957728"><ele>120</ele><time>2026-04-23T00:15:22.112877Z</time></trkpt>
  <trkpt lat="37.4130648" lon="-121.9957755"><ele>119</ele><time>2026-04-23T00:15:22.213535Z</time></trkpt>
  <trkpt lat="37.4130436" lon="-121.9957780"><ele>118</ele><time>2026-04-23T00:15:22.314354Z</time></trkpt>
  <trkpt lat="37.4130234" lon="-121.9957814"><ele>117</ele><time>2026-04-23T00:15:22.415264Z</time></trkpt>
  <trkpt lat="37.4130044" lon="-121.9957851"><ele>116</ele><time>2026-04-23T00:15:22.515901Z</time></trkpt>
  <trkpt lat="37.4129861" lon="-121.9957887"><ele>115</ele><time>2026-04-23T00:15:22.617045Z</time></trkpt>
  <trkpt lat="37.4129667" lon="-121.9957925"><ele>114</ele><time>2026-04-23T00:15:22.718295Z</time></trkpt>
  <trkpt lat="37.4129463" lon="-121.9957971"><ele>113</ele><time>2026-04-23T00:15:22.819051Z</time></trkpt>
  <trkpt lat="37.4129267" lon="-121.9958044"><ele>112</ele><time>2026-04-23T00:15:22.919572Z</time></trkpt>
  <trkpt lat="37.4129267" lon="-121.9958044"><ele>112</ele><time>2026-04-23T00:15:22.929878Z</time></trkpt>
  <trkpt lat="37.4129087" lon="-121.9958151"><ele>112</ele><time>2026-04-23T00:15:22.999945Z</time></trkpt>
  <trkpt lat="37.4128917" lon="-121.9958272"><ele>112</ele><time>2026-04-23T00:15:23.100893Z</time></trkpt>
  <trkpt lat="37.4128764" lon="-121.9958401"><ele>111</ele><time>2026-04-23T00:15:23.201519Z</time></trkpt>
  <trkpt lat="37.4128636" lon="-121.9958535"><ele>111</ele><time>2026-04-23T00:15:23.302296Z</time></trkpt>
  <trkpt lat="37.4128538" lon="-121.9958684"><ele>111</ele><time>2026-04-23T00:15:23.402752Z</time></trkpt>
  <trkpt lat="37.4128478" lon="-121.9958852"><ele>111</ele><time>2026-04-23T00:15:23.503020Z</time></trkpt>
  <trkpt lat="37.4128462" lon="-121.9959022"><ele>112</ele><time>2026-04-23T00:15:23.603621Z</time></trkpt>
  <trkpt lat="37.4128487" lon="-121.9959173"><ele>112</ele><time>2026-04-23T00:15:23.704237Z</time></trkpt>
  <trkpt lat="37.4128547" lon="-121.9959303"><ele>112</ele><time>2026-04-23T00:15:23.804521Z</time></trkpt>
  <trkpt lat="37.4128632" lon="-121.9959404"><ele>112</ele><time>2026-04-23T00:15:23.905495Z</time></trkpt>
  <trkpt lat="37.4128740" lon="-121.9959474"><ele>112</ele><time>2026-04-23T00:15:24.006245Z</time></trkpt>
  <trkpt lat="37.4128862" lon="-121.9959502"><ele>113</ele><time>2026-04-23T00:15:24.106950Z</time></trkpt>
  <trkpt lat="37.4128979" lon="-121.9959478"><ele>113</ele><time>2026-04-23T00:15:24.207443Z</time></trkpt>
  <trkpt lat="37.4129084" lon="-121.9959414"><ele>113</ele><time>2026-04-23T00:15:24.308243Z</time></trkpt>
  <trkpt lat="37.4129172" lon="-121.9959319"><ele>114</ele><time>2026-04-23T00:15:24.408571Z</time></trkpt>
  <trkpt lat="37.4129252" lon="-121.9959204"><ele>114</ele><time>2026-04-23T00:15:24.509480Z</time></trkpt>
  <trkpt lat="37.4129332" lon="-121.9959103"><ele>114</ele><time>2026-04-23T00:15:24.610657Z</time></trkpt>
  <trkpt lat="37.4129409" lon="-121.9959009"><ele>114</ele><time>2026-04-23T00:15:24.711071Z</time></trkpt>
  <trkpt lat="37.4129486" lon="-121.9958929"><ele>114</ele><time>2026-04-23T00:15:24.811693Z</time></trkpt>
  <trkpt lat="37.4129560" lon="-121.9958846"><ele>114</ele><time>2026-04-23T00:15:24.911845Z</time></trkpt>
  <trkpt lat="37.4129629" lon="-121.9958756"><ele>113</ele><time>2026-04-23T00:15:25.012402Z</time></trkpt>
  <trkpt lat="37.4129629" lon="-121.9958756"><ele>113</ele><time>2026-04-23T00:15:25.085706Z</time></trkpt>
  <trkpt lat="37.4129701" lon="-121.9958653"><ele>113</ele><time>2026-04-23T00:15:25.112874Z</time></trkpt>
  <trkpt lat="37.4129767" lon="-121.9958534"><ele>113</ele><time>2026-04-23T00:15:25.213247Z</time></trkpt>
  <trkpt lat="37.4129826" lon="-121.9958396"><ele>114</ele><time>2026-04-23T00:15:25.313493Z</time></trkpt>
  <trkpt lat="37.4129875" lon="-121.9958237"><ele>114</ele><time>2026-04-23T00:15:25.414175Z</time></trkpt>
  <trkpt lat="37.4129906" lon="-121.9958058"><ele>114</ele><time>2026-04-23T00:15:25.515334Z</time></trkpt>
  <trkpt lat="37.4129918" lon="-121.9957858"><ele>115</ele><time>2026-04-23T00:15:25.616621Z</time></trkpt>
  <trkpt lat="37.4129913" lon="-121.9957643"><ele>115</ele><time>2026-04-23T00:15:25.696825Z</time></trkpt>
  <trkpt lat="37.4129885" lon="-121.9957427"><ele>116</ele><time>2026-04-23T00:15:25.796898Z</time></trkpt>
  <trkpt lat="37.4129825" lon="-121.9957218"><ele>116</ele><time>2026-04-23T00:15:25.897600Z</time></trkpt>
  <trkpt lat="37.4129743" lon="-121.9957015"><ele>117</ele><time>2026-04-23T00:15:25.997867Z</time></trkpt>
  <trkpt lat="37.4129639" lon="-121.9956828"><ele>118</ele><time>2026-04-23T00:15:26.098155Z</time></trkpt>
  <trkpt lat="37.4129514" lon="-121.9956663"><ele>118</ele><time>2026-04-23T00:15:26.198713Z</time></trkpt>
  <trkpt lat="37.4129372" lon="-121.9956511"><ele>119</ele><time>2026-04-23T00:15:26.299520Z</time></trkpt>
  <trkpt lat="37.4129218" lon="-121.9956372"><ele>120</ele><time>2026-04-23T00:15:26.399803Z</time></trkpt>
  <trkpt lat="37.4129056" lon="-121.9956257"><ele>120</ele><time>2026-04-23T00:15:26.500408Z</time></trkpt>
  <trkpt lat="37.4128890" lon="-121.9956167"><ele>120</ele><time>2026-04-23T00:15:26.601046Z</time></trkpt>
  <trkpt lat="37.4128722" lon="-121.9956086"><ele>120</ele><time>2026-04-23T00:15:26.702566Z</time></trkpt>
  <trkpt lat="37.4128550" lon="-121.9956055"><ele>120</ele><time>2026-04-23T00:15:26.803150Z</time></trkpt>
  <trkpt lat="37.4128382" lon="-121.9956061"><ele>120</ele><time>2026-04-23T00:15:26.904588Z</time></trkpt>
  <trkpt lat="37.4128213" lon="-121.9956109"><ele>120</ele><time>2026-04-23T00:15:27.005368Z</time></trkpt>
  <trkpt lat="37.4128051" lon="-121.9956171"><ele>119</ele><time>2026-04-23T00:15:27.105877Z</time></trkpt>
  <trkpt lat="37.4127911" lon="-121.9956262"><ele>118</ele><time>2026-04-23T00:15:27.206176Z</time></trkpt>
  <trkpt lat="37.4127911" lon="-121.9956262"><ele>118</ele><time>2026-04-23T00:15:27.239679Z</time></trkpt>
  <trkpt lat="37.4127797" lon="-121.9956369"><ele>116</ele><time>2026-04-23T00:15:27.307078Z</time></trkpt>
  <trkpt lat="37.4127707" lon="-121.9956486"><ele>115</ele><time>2026-04-23T00:15:27.407472Z</time></trkpt>
  <trkpt lat="37.4127630" lon="-121.9956610"><ele>113</ele><time>2026-04-23T00:15:27.508084Z</time></trkpt>
  <trkpt lat="37.4127566" lon="-121.9956727"><ele>112</ele><time>2026-04-23T00:15:27.609263Z</time></trkpt>
  <trkpt lat="37.4127513" lon="-121.9956829"><ele>110</ele><time>2026-04-23T00:15:27.709847Z</time></trkpt>
  <trkpt lat="37.4127457" lon="-121.9956933"><ele>107</ele><time>2026-04-23T00:15:27.810129Z</time></trkpt>
  <trkpt lat="37.4127394" lon="-121.9957037"><ele>104</ele><time>2026-04-23T00:15:27.910582Z</time></trkpt>
  <trkpt lat="37.4127350" lon="-121.9957113"><ele>102</ele><time>2026-04-23T00:15:28.011211Z</time></trkpt>
  <trkpt lat="37.4127336" lon="-121.9957179"><ele>100</ele><time>2026-04-23T00:15:28.111822Z</time></trkpt>
  <trkpt lat="37.4127327" lon="-121.9957226"><ele>98</ele><time>2026-04-23T00:15:28.212328Z</time></trkpt>
  <trkpt lat="37.4127339" lon="-121.9957274"><ele>96</ele><time>2026-04-23T00:15:28.293304Z</time></trkpt>
  <trkpt lat="37.4127390" lon="-121.9957320"><ele>94</ele><time>2026-04-23T00:15:28.394438Z</time></trkpt>
  <trkpt lat="37.4127460" lon="-121.9957373"><ele>93</ele><time>2026-04-23T00:15:28.495278Z</time></trkpt>
  <trkpt lat="37.4127596" lon="-121.9957439"><ele>91</ele><time>2026-04-23T00:15:28.595982Z</time></trkpt>
  <trkpt lat="37.4127727" lon="-121.9957499"><ele>89</ele><time>2026-04-23T00:15:28.695659Z</time></trkpt>
  <trkpt lat="37.4127838" lon="-121.9957559"><ele>87</ele><time>2026-04-23T00:15:28.796155Z</time></trkpt>
  <trkpt lat="37.4127928" lon="-121.9957607"><ele>85</ele><time>2026-04-23T00:15:28.896949Z</time></trkpt>
  <trkpt lat="37.4127999" lon="-121.9957639"><ele>82</ele><time>2026-04-23T00:15:28.997966Z</time></trkpt>
  <trkpt lat="37.4128071" lon="-121.9957660"><ele>80</ele><time>2026-04-23T00:15:29.098644Z</time></trkpt>
  <trkpt lat="37.4128128" lon="-121.9957681"><ele>77</ele><time>2026-04-23T00:15:29.198979Z</time></trkpt>
  <trkpt lat="37.4128186" lon="-121.9957729"><ele>74</ele><time>2026-04-23T00:15:29.299526Z</time></trkpt>
  <trkpt lat="37.4128186" lon="-121.9957729"><ele>74</ele><time>2026-04-23T00:15:29.397518Z</time></trkpt>
  <trkpt lat="37.4128201" lon="-121.9957793"><ele>72</ele><time>2026-04-23T00:15:29.400111Z</time></trkpt>
  <trkpt lat="37.4128170" lon="-121.9957857"><ele>69</ele><time>2026-04-23T00:15:29.500378Z</time></trkpt>
  <trkpt lat="37.4128121" lon="-121.9957916"><ele>67</ele><time>2026-04-23T00:15:29.600501Z</time></trkpt>
  <trkpt lat="37.4128063" lon="-121.9957953"><ele>64</ele><time>2026-04-23T00:15:29.701168Z</time></trkpt>
  <trkpt lat="37.4128029" lon="-121.9957978"><ele>61</ele><time>2026-04-23T00:15:29.801734Z</time></trkpt>
  <trkpt lat="37.4128026" lon="-121.9957994"><ele>59</ele><time>2026-04-23T00:15:29.902393Z</time></trkpt>
  <trkpt lat="37.4128034" lon="-121.9957988"><ele>56</ele><time>2026-04-23T00:15:30.002835Z</time></trkpt>
  <trkpt lat="37.4128017" lon="-121.9957992"><ele>53</ele><time>2026-04-23T00:15:30.084035Z</time></trkpt>
  <trkpt lat="37.4128013" lon="-121.9957997"><ele>50</ele><time>2026-04-23T00:15:30.184411Z</time></trkpt>
  <trkpt lat="37.4127960" lon="-121.9958026"><ele>47</ele><time>2026-04-23T00:15:30.284804Z</time></trkpt>
  <trkpt lat="37.4127899" lon="-121.9958057"><ele>43</ele><time>2026-04-23T00:15:30.385229Z</time></trkpt>
  <trkpt lat="37.4127828" lon="-121.9958074"><ele>41</ele><time>2026-04-23T00:15:30.485792Z</time></trkpt>
  <trkpt lat="37.4127770" lon="-121.9958063"><ele>38</ele><time>2026-04-23T00:15:30.587448Z</time></trkpt>
  <trkpt lat="37.4127734" lon="-121.9958065"><ele>37</ele><time>2026-04-23T00:15:30.687859Z</time></trkpt>
  <trkpt lat="37.4127713" lon="-121.9958064"><ele>35</ele><time>2026-04-23T00:15:30.788477Z</time></trkpt>
  <trkpt lat="37.4127714" lon="-121.9958049"><ele>35</ele><time>2026-04-23T00:15:30.889527Z</time></trkpt>
  <trkpt lat="37.4127734" lon="-121.9958033"><ele>35</ele><time>2026-04-23T00:15:30.990150Z</time></trkpt>
  <trkpt lat="37.4127859" lon="-121.9958003"><ele>36</ele><time>2026-04-23T00:15:31.110705Z</time></trkpt>
  <trkpt lat="37.4127901" lon="-121.9957993"><ele>37</ele><time>2026-04-23T00:15:31.191192Z</time></trkpt>
  <trkpt lat="37.4127966" lon="-121.9957965"><ele>38</ele><time>2026-04-23T00:15:31.292782Z</time></trkpt>
  <trkpt lat="37.4128106" lon="-121.9957906"><ele>39</ele><time>2026-04-23T00:15:31.392991Z</time></trkpt>
  <trkpt lat="37.4128276" lon="-121.9957828"><ele>41</ele><time>2026-04-23T00:15:31.493638Z</time></trkpt>
  <trkpt lat="37.4128276" lon="-121.9957828"><ele>41</ele><time>2026-04-23T00:15:31.545344Z</time></trkpt>
  <trkpt lat="37.4128429" lon="-121.9957756"><ele>41</ele><time>2026-04-23T00:15:31.594931Z</time></trkpt>
  <trkpt lat="37.4128568" lon="-121.9957697"><ele>41</ele><time>2026-04-23T00:15:31.695831Z</time></trkpt>
  <trkpt lat="37.4128714" lon="-121.9957635"><ele>42</ele><time>2026-04-23T00:15:31.796520Z</time></trkpt>
  <trkpt lat="37.4128857" lon="-121.9957568"><ele>42</ele><time>2026-04-23T00:15:31.897147Z</time></trkpt>
  <trkpt lat="37.4129008" lon="-121.9957495"><ele>42</ele><time>2026-04-23T00:15:31.997504Z</time></trkpt>
  <trkpt lat="37.4129165" lon="-121.9957424"><ele>42</ele><time>2026-04-23T00:15:32.098724Z</time></trkpt>
  <trkpt lat="37.4129322" lon="-121.9957352"><ele>42</ele><time>2026-04-23T00:15:32.199125Z</time></trkpt>
  <trkpt lat="37.4129476" lon="-121.9957284"><ele>43</ele><time>2026-04-23T00:15:32.299446Z</time></trkpt>
  <trkpt lat="37.4129622" lon="-121.9957226"><ele>44</ele><time>2026-04-23T00:15:32.400066Z</time></trkpt>
  <trkpt lat="37.4129760" lon="-121.9957174"><ele>44</ele><time>2026-04-23T00:15:32.500861Z</time></trkpt>
  <trkpt lat="37.4129894" lon="-121.9957123"><ele>45</ele><time>2026-04-23T00:15:32.600869Z</time></trkpt>
  <trkpt lat="37.4130025" lon="-121.9957074"><ele>46</ele><time>2026-04-23T00:15:32.701215Z</time></trkpt>
  <trkpt lat="37.4130154" lon="-121.9957025"><ele>47</ele><time>2026-04-23T00:15:32.801646Z</time></trkpt>
  <trkpt lat="37.4130285" lon="-121.9956973"><ele>48</ele><time>2026-04-23T00:15:32.902114Z</time></trkpt>
  <trkpt lat="37.4130418" lon="-121.9956920"><ele>49</ele><time>2026-04-23T00:15:33.002645Z</time></trkpt>
  <trkpt lat="37.4130553" lon="-121.9956867"><ele>49</ele><time>2026-04-23T00:15:33.103703Z</time></trkpt>
  <trkpt lat="37.4130688" lon="-121.9956816"><ele>49</ele><time>2026-04-23T00:15:33.204106Z</time></trkpt>
  <trkpt lat="37.4130823" lon="-121.9956763"><ele>50</ele><time>2026-04-23T00:15:33.304597Z</time></trkpt>
  <trkpt lat="37.4130957" lon="-121.9956694"><ele>50</ele><time>2026-04-23T00:15:33.404957Z</time></trkpt>
  <trkpt lat="37.4131082" lon="-121.9956611"><ele>51</ele><time>2026-04-23T00:15:33.505401Z</time></trkpt>
  <trkpt lat="37.4131195" lon="-121.9956516"><ele>52</ele><time>2026-04-23T00:15:33.605994Z</time></trkpt>
  <trkpt lat="37.4131294" lon="-121.9956414"><ele>53</ele><time>2026-04-23T00:15:33.706928Z</time></trkpt>
  <trkpt lat="37.4131294" lon="-121.9956414"><ele>53</ele><time>2026-04-23T00:15:33.710614Z</time></trkpt>
  <trkpt lat="37.4131380" lon="-121.9956309"><ele>54</ele><time>2026-04-23T00:15:33.808397Z</time></trkpt>
  <trkpt lat="37.4131450" lon="-121.9956202"><ele>55</ele><time>2026-04-23T00:15:33.889194Z</time></trkpt>
  <trkpt lat="37.4131508" lon="-121.9956093"><ele>56</ele><time>2026-04-23T00:15:33.989270Z</time></trkpt>
  <trkpt lat="37.4131557" lon="-121.9955983"><ele>58</ele><time>2026-04-23T00:15:34.090681Z</time></trkpt>
  <trkpt lat="37.4131601" lon="-121.9955872"><ele>59</ele><time>2026-04-23T00:15:34.191156Z</time></trkpt>
  <trkpt lat="37.4131642" lon="-121.9955758"><ele>60</ele><time>2026-04-23T00:15:34.291482Z</time></trkpt>
  <trkpt lat="37.4131689" lon="-121.9955640"><ele>61</ele><time>2026-04-23T00:15:34.392339Z</time></trkpt>
  <trkpt lat="37.4131730" lon="-121.9955522"><ele>62</ele><time>2026-04-23T00:15:34.492484Z</time></trkpt>
  <trkpt lat="37.4131769" lon="-121.9955404"><ele>63</ele><time>2026-04-23T00:15:34.593173Z</time></trkpt>
  <trkpt lat="37.4131806" lon="-121.9955287"><ele>64</ele><time>2026-04-23T00:15:34.693734Z</time></trkpt>
  <trkpt lat="37.4131840" lon="-121.9955176"><ele>65</ele><time>2026-04-23T00:15:34.794590Z</time></trkpt>
  <trkpt lat="37.4131877" lon="-121.9955062"><ele>66</ele><time>2026-04-23T00:15:34.895486Z</time></trkpt>
  <trkpt lat="37.4131914" lon="-121.9954934"><ele>67</ele><time>2026-04-23T00:15:34.995419Z</time></trkpt>
  <trkpt lat="37.4131951" lon="-121.9954804"><ele>68</ele><time>2026-04-23T00:15:35.096716Z</time></trkpt>
  <trkpt lat="37.4131986" lon="-121.9954675"><ele>69</ele><time>2026-04-23T00:15:35.198200Z</time></trkpt>
  <trkpt lat="37.4132015" lon="-121.9954545"><ele>70</ele><time>2026-04-23T00:15:35.298967Z</time></trkpt>
  <trkpt lat="37.4132044" lon="-121.9954412"><ele>71</ele><time>2026-04-23T00:15:35.399399Z</time></trkpt>
  <trkpt lat="37.4132070" lon="-121.9954274"><ele>72</ele><time>2026-04-23T00:15:35.499767Z</time></trkpt>
  <trkpt lat="37.4132096" lon="-121.9954164"><ele>72</ele><time>2026-04-23T00:15:35.600107Z</time></trkpt>
  <trkpt lat="37.4132124" lon="-121.9954025"><ele>73</ele><time>2026-04-23T00:15:35.700421Z</time></trkpt>
  <trkpt lat="37.4132153" lon="-121.9953871"><ele>74</ele><time>2026-04-23T00:15:35.801347Z</time></trkpt>
  <trkpt lat="37.4132153" lon="-121.9953871"><ele>74</ele><time>2026-04-23T00:15:35.869013Z</time></trkpt>
  <trkpt lat="37.4132182" lon="-121.9953713"><ele>75</ele><time>2026-04-23T00:15:35.902421Z</time></trkpt>
  <trkpt lat="37.4132212" lon="-121.9953549"><ele>75</ele><time>2026-04-23T00:15:36.003173Z</time></trkpt>
  <trkpt lat="37.4132241" lon="-121.9953381"><ele>76</ele><time>2026-04-23T00:15:36.103466Z</time></trkpt>
  <trkpt lat="37.4132268" lon="-121.9953205"><ele>76</ele><time>2026-04-23T00:15:36.203866Z</time></trkpt>
  <trkpt lat="37.4132293" lon="-121.9953029"><ele>77</ele><time>2026-04-23T00:15:36.304541Z</time></trkpt>
  <trkpt lat="37.4132317" lon="-121.9952854"><ele>77</ele><time>2026-04-23T00:15:36.405390Z</time></trkpt>
  <trkpt lat="37.4132340" lon="-121.9952682"><ele>78</ele><time>2026-04-23T00:15:36.486226Z</time></trkpt>
  <trkpt lat="37.4132362" lon="-121.9952508"><ele>78</ele><time>2026-04-23T00:15:36.586075Z</time></trkpt>
  <trkpt lat="37.4132375" lon="-121.9952339"><ele>79</ele><time>2026-04-23T00:15:36.686367Z</time></trkpt>
  <trkpt lat="37.4132390" lon="-121.9952170"><ele>79</ele><time>2026-04-23T00:15:36.786925Z</time></trkpt>
  <trkpt lat="37.4132407" lon="-121.9951996"><ele>80</ele><time>2026-04-23T00:15:36.887277Z</time></trkpt>
  <trkpt lat="37.4132425" lon="-121.9951820"><ele>80</ele><time>2026-04-23T00:15:36.987461Z</time></trkpt>
  <trkpt lat="37.4132444" lon="-121.9951643"><ele>81</ele><time>2026-04-23T00:15:37.087834Z</time></trkpt>
  <trkpt lat="37.4132462" lon="-121.9951464"><ele>81</ele><time>2026-04-23T00:15:37.188381Z</time></trkpt>
  <trkpt lat="37.4132482" lon="-121.9951283"><ele>82</ele><time>2026-04-23T00:15:37.289056Z</time></trkpt>
  <trkpt lat="37.4132504" lon="-121.9951104"><ele>82</ele><time>2026-04-23T00:15:37.389064Z</time></trkpt>
  <trkpt lat="37.4132527" lon="-121.9950923"><ele>82</ele><time>2026-04-23T00:15:37.490077Z</time></trkpt>
  <trkpt lat="37.4132549" lon="-121.9950741"><ele>82</ele><time>2026-04-23T00:15:37.590345Z</time></trkpt>
  <trkpt lat="37.4132574" lon="-121.9950560"><ele>83</ele><time>2026-04-23T00:15:37.690832Z</time></trkpt>
  <trkpt lat="37.4132607" lon="-121.9950385"><ele>83</ele><time>2026-04-23T00:15:37.791304Z</time></trkpt>
  <trkpt lat="37.4132650" lon="-121.9950218"><ele>83</ele><time>2026-04-23T00:15:37.891934Z</time></trkpt>
  <trkpt lat="37.4132698" lon="-121.9950067"><ele>83</ele><time>2026-04-23T00:15:37.993104Z</time></trkpt>
  <trkpt lat="37.4132698" lon="-121.9950067"><ele>83</ele><time>2026-04-23T00:15:38.030857Z</time></trkpt>
  <trkpt lat="37.4132757" lon="-121.9949932"><ele>84</ele><time>2026-04-23T00:15:38.093712Z</time></trkpt>
  <trkpt lat="37.4132825" lon="-121.9949813"><ele>84</ele><time>2026-04-23T00:15:38.194157Z</time></trkpt>
  <trkpt lat="37.4132901" lon="-121.9949720"><ele>84</ele><time>2026-04-23T00:15:38.294989Z</time></trkpt>
  <trkpt lat="37.4132982" lon="-121.9949656"><ele>84</ele><time>2026-04-23T00:15:38.395130Z</time></trkpt>
  <trkpt lat="37.4133064" lon="-121.9949627"><ele>85</ele><time>2026-04-23T00:15:38.495426Z</time></trkpt>
  <trkpt lat="37.4133147" lon="-121.9949627"><ele>85</ele><time>2026-04-23T00:15:38.596074Z</time></trkpt>
  <trkpt lat="37.4133223" lon="-121.9949656"><ele>85</ele><time>2026-04-23T00:15:38.696512Z</time></trkpt>
  <trkpt lat="37.4133290" lon="-121.9949714"><ele>85</ele><time>2026-04-23T00:15:38.797108Z</time></trkpt>
  <trkpt lat="37.4133348" lon="-121.9949791"><ele>85</ele><time>2026-04-23T00:15:38.897891Z</time></trkpt>
  <trkpt lat="37.4133402" lon="-121.9949876"><ele>85</ele><time>2026-04-23T00:15:38.998428Z</time></trkpt>
  <trkpt lat="37.4133454" lon="-121.9949967"><ele>85</ele><time>2026-04-23T00:15:39.098635Z</time></trkpt>
  <trkpt lat="37.4133501" lon="-121.9950065"><ele>84</ele><time>2026-04-23T00:15:39.199037Z</time></trkpt>
  <trkpt lat="37.4133539" lon="-121.9950175"><ele>84</ele><time>2026-04-23T00:15:39.300576Z</time></trkpt>
  <trkpt lat="37.4133561" lon="-121.9950298"><ele>83</ele><time>2026-04-23T00:15:39.381046Z</time></trkpt>
  <trkpt lat="37.4133564" lon="-121.9950430"><ele>82</ele><time>2026-04-23T00:15:39.502304Z</time></trkpt>
  <trkpt lat="37.4133547" lon="-121.9950571"><ele>81</ele><time>2026-04-23T00:15:39.582419Z</time></trkpt>
  <trkpt lat="37.4133515" lon="-121.9950722"><ele>81</ele><time>2026-04-23T00:15:39.703024Z</time></trkpt>
  <trkpt lat="37.4133483" lon="-121.9950879"><ele>80</ele><time>2026-04-23T00:15:39.783366Z</time></trkpt>
  <trkpt lat="37.4133446" lon="-121.9951042"><ele>79</ele><time>2026-04-23T00:15:39.884251Z</time></trkpt>
  <trkpt lat="37.4133400" lon="-121.9951212"><ele>79</ele><time>2026-04-23T00:15:39.985043Z</time></trkpt>
  <trkpt lat="37.4133355" lon="-121.9951389"><ele>79</ele><time>2026-04-23T00:15:40.085556Z</time></trkpt>
  <trkpt lat="37.4133316" lon="-121.9951570"><ele>79</ele><time>2026-04-23T00:15:40.185730Z</time></trkpt>
  <trkpt lat="37.4133316" lon="-121.9951570"><ele>79</ele><time>2026-04-23T00:15:40.192364Z</time></trkpt>
  <trkpt lat="37.4133281" lon="-121.9951750"><ele>79</ele><time>2026-04-23T00:15:40.286951Z</time></trkpt>
  <trkpt lat="37.4133249" lon="-121.9951924"><ele>79</ele><time>2026-04-23T00:15:40.387307Z</time></trkpt>
  <trkpt lat="37.4133215" lon="-121.9952085"><ele>80</ele><time>2026-04-23T00:15:40.488196Z</time></trkpt>
  <trkpt lat="37.4133179" lon="-121.9952230"><ele>81</ele><time>2026-04-23T00:15:40.589043Z</time></trkpt>
  <trkpt lat="37.4133143" lon="-121.9952362"><ele>82</ele><time>2026-04-23T00:15:40.690606Z</time></trkpt>
  <trkpt lat="37.4133105" lon="-121.9952487"><ele>83</ele><time>2026-04-23T00:15:40.790994Z</time></trkpt>
  <trkpt lat="37.4133069" lon="-121.9952613"><ele>84</ele><time>2026-04-23T00:15:40.890417Z</time></trkpt>
  <trkpt lat="37.4133035" lon="-121.9952742"><ele>85</ele><time>2026-04-23T00:15:40.990831Z</time></trkpt>
  <trkpt lat="37.4133002" lon="-121.9952871"><ele>86</ele><time>2026-04-23T00:15:41.091278Z</time></trkpt>
  <trkpt lat="37.4132972" lon="-121.9953003"><ele>86</ele><time>2026-04-23T00:15:41.191809Z</time></trkpt>
  <trkpt lat="37.4132937" lon="-121.9953138"><ele>87</ele><time>2026-04-23T00:15:41.292396Z</time></trkpt>
  <trkpt lat="37.4132902" lon="-121.9953275"><ele>87</ele><time>2026-04-23T00:15:41.393830Z</time></trkpt>
  <trkpt lat="37.4132870" lon="-121.9953413"><ele>87</ele><time>2026-04-23T00:15:41.494075Z</time></trkpt>
  <trkpt lat="37.4132843" lon="-121.9953549"><ele>88</ele><time>2026-04-23T00:15:41.594860Z</time></trkpt>
  <trkpt lat="37.4132822" lon="-121.9953688"><ele>88</ele><time>2026-04-23T00:15:41.695767Z</time></trkpt>
  <trkpt lat="37.4132804" lon="-121.9953829"><ele>88</ele><time>2026-04-23T00:15:41.796253Z</time></trkpt>
  <trkpt lat="37.4132790" lon="-121.9953969"><ele>88</ele><time>2026-04-23T00:15:41.896412Z</time></trkpt>
  <trkpt lat="37.4132784" lon="-121.9954101"><ele>89</ele><time>2026-04-23T00:15:41.996460Z</time></trkpt>
  <trkpt lat="37.4132787" lon="-121.9954222"><ele>89</ele><time>2026-04-23T00:15:42.098469Z</time></trkpt>
  <trkpt lat="37.4132797" lon="-121.9954326"><ele>90</ele><time>2026-04-23T00:15:42.199150Z</time></trkpt>
  <trkpt lat="37.4132813" lon="-121.9954420"><ele>91</ele><time>2026-04-23T00:15:42.300236Z</time></trkpt>
  <trkpt lat="37.4132813" lon="-121.9954420"><ele>91</ele><time>2026-04-23T00:15:42.351960Z</time></trkpt>
  <trkpt lat="37.4132832" lon="-121.9954509"><ele>91</ele><time>2026-04-23T00:15:42.381510Z</time></trkpt>
  <trkpt lat="37.4132854" lon="-121.9954595"><ele>92</ele><time>2026-04-23T00:15:42.482101Z</time></trkpt>
  <trkpt lat="37.4132880" lon="-121.9954680"><ele>93</ele><time>2026-04-23T00:15:42.583281Z</time></trkpt>
  <trkpt lat="37.4132907" lon="-121.9954764"><ele>94</ele><time>2026-04-23T00:15:42.683342Z</time></trkpt>
  <trkpt lat="37.4132937" lon="-121.9954849"><ele>94</ele><time>2026-04-23T00:15:42.784027Z</time></trkpt>
  <trkpt lat="37.4132970" lon="-121.9954934"><ele>95</ele><time>2026-04-23T00:15:42.884473Z</time></trkpt>
  <trkpt lat="37.4133004" lon="-121.9955020"><ele>95</ele><time>2026-04-23T00:15:42.985751Z</time></trkpt>
  <trkpt lat="37.4133040" lon="-121.9955110"><ele>95</ele><time>2026-04-23T00:15:43.086593Z</time></trkpt>
  <trkpt lat="37.4133077" lon="-121.9955204"><ele>95</ele><time>2026-04-23T00:15:43.187248Z</time></trkpt>
  <trkpt lat="37.4133117" lon="-121.9955298"><ele>96</ele><time>2026-04-23T00:15:43.287243Z</time></trkpt>
  <trkpt lat="37.4133159" lon="-121.9955393"><ele>96</ele><time>2026-04-23T00:15:43.388073Z</time></trkpt>
  <trkpt lat="37.4133206" lon="-121.9955486"><ele>96</ele><time>2026-04-23T00:15:43.488660Z</time></trkpt>
  <trkpt lat="37.4133255" lon="-121.9955582"><ele>96</ele><time>2026-04-23T00:15:43.589434Z</time></trkpt>
  <trkpt lat="37.4133307" lon="-121.9955676"><ele>95</ele><time>2026-04-23T00:15:43.689842Z</time></trkpt>
  <trkpt lat="37.4133361" lon="-121.9955769"><ele>95</ele><time>2026-04-23T00:15:43.790904Z</time></trkpt>
  <trkpt lat="37.4133420" lon="-121.9955862"><ele>95</ele><time>2026-04-23T00:15:43.891546Z</time></trkpt>
  <trkpt lat="37.4133484" lon="-121.9955957"><ele>95</ele><time>2026-04-23T00:15:43.991907Z</time></trkpt>
  <trkpt lat="37.4133549" lon="-121.9956053"><ele>94</ele><time>2026-04-23T00:15:44.092715Z</time></trkpt>
  <trkpt lat="37.4133616" lon="-121.9956149"><ele>94</ele><time>2026-04-23T00:15:44.193335Z</time></trkpt>
  <trkpt lat="37.4133685" lon="-121.9956246"><ele>94</ele><time>2026-04-23T00:15:44.293974Z</time></trkpt>
  <trkpt lat="37.4133752" lon="-121.9956348"><ele>93</ele><time>2026-04-23T00:15:44.395062Z</time></trkpt>
  <trkpt lat="37.4133807" lon="-121.9956455"><ele>94</ele><time>2026-04-23T00:15:44.495737Z</time></trkpt>
  <trkpt lat="37.4133807" lon="-121.9956455"><ele>94</ele><time>2026-04-23T00:15:44.513139Z</time></trkpt>
  <trkpt lat="37.4133856" lon="-121.9956577"><ele>94</ele><time>2026-04-23T00:15:44.597225Z</time></trkpt>
  <trkpt lat="37.4133887" lon="-121.9956708"><ele>94</ele><time>2026-04-23T00:15:44.698521Z</time></trkpt>
  <trkpt lat="37.4133889" lon="-121.9956845"><ele>95</ele><time>2026-04-23T00:15:44.779312Z</time></trkpt>
  <trkpt lat="37.4133861" lon="-121.9956979"><ele>95</ele><time>2026-04-23T00:15:44.880219Z</time></trkpt>
  <trkpt lat="37.4133811" lon="-121.9957110"><ele>96</ele><time>2026-04-23T00:15:44.980659Z</time></trkpt>
  <trkpt lat="37.4133741" lon="-121.9957236"><ele>97</ele><time>2026-04-23T00:15:45.081743Z</time></trkpt>
  <trkpt lat="37.4133651" lon="-121.9957349"><ele>97</ele><time>2026-04-23T00:15:45.182411Z</time></trkpt>
  <trkpt lat="37.4133541" lon="-121.9957441"><ele>98</ele><time>2026-04-23T00:15:45.282257Z</time></trkpt>
  <trkpt lat="37.4133407" lon="-121.9957509"><ele>98</ele><time>2026-04-23T00:15:45.382808Z</time></trkpt>
  <trkpt lat="37.4133254" lon="-121.9957546"><ele>99</ele><time>2026-04-23T00:15:45.483824Z</time></trkpt>
  <trkpt lat="37.4133090" lon="-121.9957563"><ele>99</ele><time>2026-04-23T00:15:45.584485Z</time></trkpt>
  <trkpt lat="37.4132915" lon="-121.9957563"><ele>100</ele><time>2026-04-23T00:15:45.684905Z</time></trkpt>
  <trkpt lat="37.4132730" lon="-121.9957550"><ele>100</ele><time>2026-04-23T00:15:45.786068Z</time></trkpt>
  <trkpt lat="37.4132542" lon="-121.9957527"><ele>100</ele><time>2026-04-23T00:15:45.887058Z</time></trkpt>
  <trkpt lat="37.4132354" lon="-121.9957485"><ele>100</ele><time>2026-04-23T00:15:45.987255Z</time></trkpt>
  <trkpt lat="37.4132167" lon="-121.9957418"><ele>100</ele><time>2026-04-23T00:15:46.087908Z</time></trkpt>
  <trkpt lat="37.4131983" lon="-121.9957329"><ele>99</ele><time>2026-04-23T00:15:46.188677Z</time></trkpt>
  <trkpt lat="37.4131796" lon="-121.9957212"><ele>99</ele><time>2026-04-23T00:15:46.289960Z</time></trkpt>
  <trkpt lat="37.4131601" lon="-121.9957075"><ele>98</ele><time>2026-04-23T00:15:46.390085Z</time></trkpt>
  <trkpt lat="37.4131382" lon="-121.9956922"><ele>97</ele><time>2026-04-23T00:15:46.490539Z</time></trkpt>
  <trkpt lat="37.4131161" lon="-121.9956772"><ele>96</ele><time>2026-04-23T00:15:46.591544Z</time></trkpt>
  <trkpt lat="37.4131161" lon="-121.9956772"><ele>96</ele><time>2026-04-23T00:15:46.678597Z</time></trkpt>
  <trkpt lat="37.4130933" lon="-121.9956626"><ele>95</ele><time>2026-04-23T00:15:46.692013Z</time></trkpt>
  <trkpt lat="37.4130689" lon="-121.9956491"><ele>94</ele><time>2026-04-23T00:15:46.792469Z</time></trkpt>
  <trkpt lat="37.4130435" lon="-121.9956365"><ele>92</ele><time>2026-04-23T00:15:46.892983Z</time></trkpt>
  <trkpt lat="37.4130187" lon="-121.9956236"><ele>91</ele><time>2026-04-23T00:15:46.993198Z</time></trkpt>
  <trkpt lat="37.4129948" lon="-121.9956096"><ele>89</ele><time>2026-04-23T00:15:47.094089Z</time></trkpt>
  <trkpt lat="37.4129744" lon="-121.9955926"><ele>89</ele><time>2026-04-23T00:15:47.174327Z</time></trkpt>
  <trkpt lat="37.4129566" lon="-121.9955756"><ele>89</ele><time>2026-04-23T00:15:47.295129Z</time></trkpt>
  <trkpt lat="37.4129387" lon="-121.9955587"><ele>90</ele><time>2026-04-23T00:15:47.415865Z</time></trkpt>
  <trkpt lat="37.4129205" lon="-121.9955420"><ele>90</ele><time>2026-04-23T00:15:47.476515Z</time></trkpt>
  <trkpt lat="37.4129023" lon="-121.9955258"><ele>90</ele><time>2026-04-23T00:15:47.577320Z</time></trkpt>
  <trkpt lat="37.4128835" lon="-121.9955099"><ele>90</ele><time>2026-04-23T00:15:47.678398Z</time></trkpt>
  <trkpt lat="37.4128644" lon="-121.9954947"><ele>89</ele><time>2026-04-23T00:15:47.779443Z</time></trkpt>
  <trkpt lat="37.4128450" lon="-121.9954790"><ele>89</ele><time>2026-04-23T00:15:47.880680Z</time></trkpt>
  <trkpt lat="37.4128259" lon="-121.9954628"><ele>88</ele><time>2026-04-23T00:15:47.981649Z</time></trkpt>
  <trkpt lat="37.4128067" lon="-121.9954467"><ele>88</ele><time>2026-04-23T00:15:48.082380Z</time></trkpt>
  <trkpt lat="37.4127873" lon="-121.9954307"><ele>87</ele><time>2026-04-23T00:15:48.182924Z</time></trkpt>
  <trkpt lat="37.4127681" lon="-121.9954146"><ele>87</ele><time>2026-04-23T00:15:48.284381Z</time></trkpt>
  <trkpt lat="37.4127492" lon="-121.9953993"><ele>86</ele><time>2026-04-23T00:15:48.385114Z</time></trkpt>
  <trkpt lat="37.4127303" lon="-121.9953845"><ele>85</ele><time>2026-04-23T00:15:48.485910Z</time></trkpt>
  <trkpt lat="37.4127116" lon="-121.9953699"><ele>84</ele><time>2026-04-23T00:15:48.586645Z</time></trkpt>
  <trkpt lat="37.4126932" lon="-121.9953556"><ele>83</ele><time>2026-04-23T00:15:48.686916Z</time></trkpt>
  <trkpt lat="37.4126749" lon="-121.9953418"><ele>81</ele><time>2026-04-23T00:15:48.787408Z</time></trkpt>
  <trkpt lat="37.4126749" lon="-121.9953418"><ele>81</ele><time>2026-04-23T00:15:48.820673Z</time></trkpt>
  <trkpt lat="37.4126564" lon="-121.9953290"><ele>80</ele><time>2026-04-23T00:15:48.887982Z</time></trkpt>
  <trkpt lat="37.4126388" lon="-121.9953164"><ele>79</ele><time>2026-04-23T00:15:48.989035Z</time></trkpt>
  <trkpt lat="37.4126196" lon="-121.9953061"><ele>78</ele><time>2026-04-23T00:15:49.089667Z</time></trkpt>
  <trkpt lat="37.4125988" lon="-121.9952965"><ele>77</ele><time>2026-04-23T00:15:49.190434Z</time></trkpt>
  <trkpt lat="37.4125752" lon="-121.9952902"><ele>76</ele><time>2026-04-23T00:15:49.291225Z</time></trkpt>
  <trkpt lat="37.4125506" lon="-121.9952862"><ele>76</ele><time>2026-04-23T00:15:49.391375Z</time></trkpt>
  <trkpt lat="37.4125276" lon="-121.9952873"><ele>75</ele><time>2026-04-23T00:15:49.492196Z</time></trkpt>
  <trkpt lat="37.4125066" lon="-121.9952935"><ele>75</ele><time>2026-04-23T00:15:49.572483Z</time></trkpt>
  <trkpt lat="37.4124893" lon="-121.9953059"><ele>75</ele><time>2026-04-23T00:15:49.692977Z</time></trkpt>
  <trkpt lat="37.4124740" lon="-121.9953222"><ele>75</ele><time>2026-04-23T00:15:49.773896Z</time></trkpt>
  <trkpt lat="37.4124614" lon="-121.9953404"><ele>76</ele><time>2026-04-23T00:15:49.875317Z</time></trkpt>
  <trkpt lat="37.4124519" lon="-121.9953591"><ele>76</ele><time>2026-04-23T00:15:49.975950Z</time></trkpt>
  <trkpt lat="37.4124452" lon="-121.9953779"><ele>76</ele><time>2026-04-23T00:15:50.076105Z</time></trkpt>
  <trkpt lat="37.4124414" lon="-121.9953960"><ele>76</ele><time>2026-04-23T00:15:50.176391Z</time></trkpt>
  <trkpt lat="37.4124408" lon="-121.9954118"><ele>77</ele><time>2026-04-23T00:15:50.276896Z</time></trkpt>
  <trkpt lat="37.4124425" lon="-121.9954259"><ele>77</ele><time>2026-04-23T00:15:50.377879Z</time></trkpt>
  <trkpt lat="37.4124477" lon="-121.9954369"><ele>77</ele><time>2026-04-23T00:15:50.479044Z</time></trkpt>
  <trkpt lat="37.4124538" lon="-121.9954445"><ele>77</ele><time>2026-04-23T00:15:50.579952Z</time></trkpt>
  <trkpt lat="37.4124596" lon="-121.9954501"><ele>76</ele><time>2026-04-23T00:15:50.679677Z</time></trkpt>
  <trkpt lat="37.4124675" lon="-121.9954553"><ele>75</ele><time>2026-04-23T00:15:50.780076Z</time></trkpt>
  <trkpt lat="37.4124764" lon="-121.9954600"><ele>74</ele><time>2026-04-23T00:15:50.880423Z</time></trkpt>
  <trkpt lat="37.4124764" lon="-121.9954600"><ele>74</ele><time>2026-04-23T00:15:50.975600Z</time></trkpt>
  <trkpt lat="37.4124849" lon="-121.9954653"><ele>74</ele><time>2026-04-23T00:15:50.981340Z</time></trkpt>
  <trkpt lat="37.4124939" lon="-121.9954697"><ele>74</ele><time>2026-04-23T00:15:51.082005Z</time></trkpt>
  <trkpt lat="37.4125029" lon="-121.9954722"><ele>73</ele><time>2026-04-23T00:15:51.182726Z</time></trkpt>
  <trkpt lat="37.4125125" lon="-121.9954732"><ele>73</ele><time>2026-04-23T00:15:51.283536Z</time></trkpt>
  <trkpt lat="37.4125225" lon="-121.9954721"><ele>73</ele><time>2026-04-23T00:15:51.383580Z</time></trkpt>
  <trkpt lat="37.4125331" lon="-121.9954681"><ele>73</ele><time>2026-04-23T00:15:51.484376Z</time></trkpt>
  <trkpt lat="37.4125433" lon="-121.9954587"><ele>73</ele><time>2026-04-23T00:15:51.585263Z</time></trkpt>
  <trkpt lat="37.4125525" lon="-121.9954473"><ele>72</ele><time>2026-04-23T00:15:51.685583Z</time></trkpt>
  <trkpt lat="37.4125612" lon="-121.9954330"><ele>72</ele><time>2026-04-23T00:15:51.785968Z</time></trkpt>
  <trkpt lat="37.4125714" lon="-121.9954185"><ele>72</ele><time>2026-04-23T00:15:51.886446Z</time></trkpt>
  <trkpt lat="37.4125821" lon="-121.9954043"><ele>72</ele><time>2026-04-23T00:15:51.987884Z</time></trkpt>
  <trkpt lat="37.4125921" lon="-121.9953882"><ele>72</ele><time>2026-04-23T00:15:52.088357Z</time></trkpt>
  <trkpt lat="37.4126002" lon="-121.9953681"><ele>72</ele><time>2026-04-23T00:15:52.168932Z</time></trkpt>
  <trkpt lat="37.4126072" lon="-121.9953461"><ele>73</ele><time>2026-04-23T00:15:52.269514Z</time></trkpt>
  <trkpt lat="37.4126127" lon="-121.9953233"><ele>74</ele><time>2026-04-23T00:15:52.371029Z</time></trkpt>
  <trkpt lat="37.4126172" lon="-121.9953008"><ele>75</ele><time>2026-04-23T00:15:52.471996Z</time></trkpt>
  <trkpt lat="37.4126190" lon="-121.9952782"><ele>77</ele><time>2026-04-23T00:15:52.572442Z</time></trkpt>
  <trkpt lat="37.4126178" lon="-121.9952558"><ele>77</ele><time>2026-04-23T00:15:52.673168Z</time></trkpt>
  <trkpt lat="37.4126144" lon="-121.9952335"><ele>78</ele><time>2026-04-23T00:15:52.774062Z</time></trkpt>
  <trkpt lat="37.4126113" lon="-121.9952103"><ele>79</ele><time>2026-04-23T00:15:52.875385Z</time></trkpt>
  <trkpt lat="37.4126076" lon="-121.9951864"><ele>79</ele><time>2026-04-23T00:15:52.976499Z</time></trkpt>
  <trkpt lat="37.4126059" lon="-121.9951624"><ele>79</ele><time>2026-04-23T00:15:53.076765Z</time></trkpt>
  <trkpt lat="37.4126059" lon="-121.9951624"><ele>79</ele><time>2026-04-23T00:15:53.127665Z</time></trkpt>
  <trkpt lat="37.4126054" lon="-121.9951388"><ele>79</ele><time>2026-04-23T00:15:53.177480Z</time></trkpt>
  <trkpt lat="37.4126035" lon="-121.9951149"><ele>79</ele><time>2026-04-23T00:15:53.277790Z</time></trkpt>
  <trkpt lat="37.4126016" lon="-121.9950904"><ele>79</ele><time>2026-04-23T00:15:53.378484Z</time></trkpt>
  <trkpt lat="37.4126001" lon="-121.9950669"><ele>79</ele><time>2026-04-23T00:15:53.478970Z</time></trkpt>
  <trkpt lat="37.4125992" lon="-121.9950445"><ele>79</ele><time>2026-04-23T00:15:53.579866Z</time></trkpt>
  <trkpt lat="37.4126002" lon="-121.9950229"><ele>80</ele><time>2026-04-23T00:15:53.681018Z</time></trkpt>
  <trkpt lat="37.4126033" lon="-121.9950035"><ele>80</ele><time>2026-04-23T00:15:53.782027Z</time></trkpt>
  <trkpt lat="37.4126085" lon="-121.9949862"><ele>80</ele><time>2026-04-23T00:15:53.882855Z</time></trkpt>
  <trkpt lat="37.4126158" lon="-121.9949703"><ele>81</ele><time>2026-04-23T00:15:53.983055Z</time></trkpt>
  <trkpt lat="37.4126242" lon="-121.9949590"><ele>82</ele><time>2026-04-23T00:15:54.083304Z</time></trkpt>
  <trkpt lat="37.4126328" lon="-121.9949513"><ele>82</ele><time>2026-04-23T00:15:54.184239Z</time></trkpt>
  <trkpt lat="37.4126416" lon="-121.9949473"><ele>83</ele><time>2026-04-23T00:15:54.284225Z</time></trkpt>
  <trkpt lat="37.4126495" lon="-121.9949473"><ele>84</ele><time>2026-04-23T00:15:54.385686Z</time></trkpt>
  <trkpt lat="37.4126564" lon="-121.9949494"><ele>84</ele><time>2026-04-23T00:15:54.486306Z</time></trkpt>
  <trkpt lat="37.4126624" lon="-121.9949535"><ele>85</ele><time>2026-04-23T00:15:54.566941Z</time></trkpt>
  <trkpt lat="37.4126689" lon="-121.9949574"><ele>86</ele><time>2026-04-23T00:15:54.687397Z</time></trkpt>
  <trkpt lat="37.4126767" lon="-121.9949624"><ele>86</ele><time>2026-04-23T00:15:54.767415Z</time></trkpt>
  <trkpt lat="37.4126857" lon="-121.9949661"><ele>87</ele><time>2026-04-23T00:15:54.868340Z</time></trkpt>
  <trkpt lat="37.4126957" lon="-121.9949691"><ele>87</ele><time>2026-04-23T00:15:54.968818Z</time></trkpt>
  <trkpt lat="37.4127059" lon="-121.9949708"><ele>87</ele><time>2026-04-23T00:15:55.070057Z</time></trkpt>
  <trkpt lat="37.4127161" lon="-121.9949724"><ele>88</ele><time>2026-04-23T00:15:55.171401Z</time></trkpt>
  <trkpt lat="37.4127266" lon="-121.9949729"><ele>88</ele><time>2026-04-23T00:15:55.272234Z</time></trkpt>
  <trkpt lat="37.4127266" lon="-121.9949729"><ele>88</ele><time>2026-04-23T00:15:55.286987Z</time></trkpt>
  <trkpt lat="37.4127373" lon="-121.9949726"><ele>88</ele><time>2026-04-23T00:15:55.372849Z</time></trkpt>
  <trkpt lat="37.4127483" lon="-121.9949719"><ele>89</ele><time>2026-04-23T00:15:55.473499Z</time></trkpt>
  <trkpt lat="37.4127598" lon="-121.9949711"><ele>88</ele><time>2026-04-23T00:15:55.573536Z</time></trkpt>
  <trkpt lat="37.4127722" lon="-121.9949703"><ele>88</ele><time>2026-04-23T00:15:55.674070Z</time></trkpt>
  <trkpt lat="37.4127848" lon="-121.9949691"><ele>88</ele><time>2026-04-23T00:15:55.775274Z</time></trkpt>
  <trkpt lat="37.4127979" lon="-121.9949669"><ele>88</ele><time>2026-04-23T00:15:55.875481Z</time></trkpt>
  <trkpt lat="37.4128108" lon="-121.9949652"><ele>88</ele><time>2026-04-23T00:15:55.976195Z</time></trkpt>
  <trkpt lat="37.4128229" lon="-121.9949659"><ele>87</ele><time>2026-04-23T00:15:56.076650Z</time></trkpt>
  <trkpt lat="37.4128337" lon="-121.9949685"><ele>87</ele><time>2026-04-23T00:15:56.177197Z</time></trkpt>
  <trkpt lat="37.4128445" lon="-121.9949718"><ele>87</ele><time>2026-04-23T00:15:56.277923Z</time></trkpt>
  <trkpt lat="37.4128553" lon="-121.9949758"><ele>86</ele><time>2026-04-23T00:15:56.379051Z</time></trkpt>
  <trkpt lat="37.4128658" lon="-121.9949804"><ele>86</ele><time>2026-04-23T00:15:56.479737Z</time></trkpt>
  <trkpt lat="37.4128747" lon="-121.9949851"><ele>85</ele><time>2026-04-23T00:15:56.580079Z</time></trkpt>
  <trkpt lat="37.4128823" lon="-121.9949938"><ele>85</ele><time>2026-04-23T00:15:56.680803Z</time></trkpt>
  <trkpt lat="37.4128909" lon="-121.9950023"><ele>84</ele><time>2026-04-23T00:15:56.781296Z</time></trkpt>
  <trkpt lat="37.4129004" lon="-121.9950111"><ele>84</ele><time>2026-04-23T00:15:56.882413Z</time></trkpt>
  <trkpt lat="37.4129104" lon="-121.9950215"><ele>83</ele><time>2026-04-23T00:15:56.982270Z</time></trkpt>
  <trkpt lat="37.4129210" lon="-121.9950315"><ele>83</ele><time>2026-04-23T00:15:57.083030Z</time></trkpt>
  <trkpt lat="37.4129325" lon="-121.9950400"><ele>82</ele><time>2026-04-23T00:15:57.164108Z</time></trkpt>
  <trkpt lat="37.4129425" lon="-121.9950500"><ele>82</ele><time>2026-04-23T00:15:57.265155Z</time></trkpt>
  <trkpt lat="37.4129518" lon="-121.9950606"><ele>81</ele><time>2026-04-23T00:15:57.365817Z</time></trkpt>
  <trkpt lat="37.4129518" lon="-121.9950606"><ele>81</ele><time>2026-04-23T00:15:57.446044Z</time></trkpt>
  <trkpt lat="37.4129610" lon="-121.9950711"><ele>80</ele><time>2026-04-23T00:15:57.466401Z</time></trkpt>
  <trkpt lat="37.4129705" lon="-121.9950822"><ele>80</ele><time>2026-04-23T00:15:57.567042Z</time></trkpt>
  <trkpt lat="37.4129781" lon="-121.9950962"><ele>79</ele><time>2026-04-23T00:15:57.667862Z</time></trkpt>
  <trkpt lat="37.4129835" lon="-121.9951126"><ele>78</ele><time>2026-04-23T00:15:57.768356Z</time></trkpt>
  <trkpt lat="37.4129856" lon="-121.9951306"><ele>77</ele><time>2026-04-23T00:15:57.869527Z</time></trkpt>
  <trkpt lat="37.4129828" lon="-121.9951504"><ele>76</ele><time>2026-04-23T00:15:57.970184Z</time></trkpt>
  <trkpt lat="37.4129804" lon="-121.9951691"><ele>75</ele><time>2026-04-23T00:15:58.070767Z</time></trkpt>
  <trkpt lat="37.4129779" lon="-121.9951853"><ele>74</ele><time>2026-04-23T00:15:58.171005Z</time></trkpt>
  <trkpt lat="37.4129782" lon="-121.9952005"><ele>73</ele><time>2026-04-23T00:15:58.271858Z</time></trkpt>
  <trkpt lat="37.4129790" lon="-121.9952166"><ele>72</ele><time>2026-04-23T00:15:58.372174Z</time></trkpt>
  <trkpt lat="37.4129782" lon="-121.9952341"><ele>71</ele><time>2026-04-23T00:15:58.472737Z</time></trkpt>
  <trkpt lat="37.4129738" lon="-121.9952518"><ele>69</ele><time>2026-04-23T00:15:58.573331Z</time></trkpt>
  <trkpt lat="37.4129669" lon="-121.9952697"><ele>68</ele><time>2026-04-23T00:15:58.673366Z</time></trkpt>
  <trkpt lat="37.4129577" lon="-121.9952876"><ele>68</ele><time>2026-04-23T00:15:58.773977Z</time></trkpt>
  <trkpt lat="37.4129451" lon="-121.9953062"><ele>67</ele><time>2026-04-23T00:15:58.874815Z</time></trkpt>
  <trkpt lat="37.4129307" lon="-121.9953246"><ele>67</ele><time>2026-04-23T00:15:58.975967Z</time></trkpt>
  <trkpt lat="37.4129161" lon="-121.9953434"><ele>66</ele><time>2026-04-23T00:15:59.077163Z</time></trkpt>
  <trkpt lat="37.4129011" lon="-121.9953613"><ele>66</ele><time>2026-04-23T00:15:59.177978Z</time></trkpt>
  <trkpt lat="37.4128872" lon="-121.9953799"><ele>66</ele><time>2026-04-23T00:15:59.278609Z</time></trkpt>
  <trkpt lat="37.4128750" lon="-121.9953989"><ele>66</ele><time>2026-04-23T00:15:59.378968Z</time></trkpt>
  <trkpt lat="37.4128622" lon="-121.9954161"><ele>65</ele><time>2026-04-23T00:15:59.479526Z</time></trkpt>
  <trkpt lat="37.4128476" lon="-121.9954304"><ele>66</ele><time>2026-04-23T00:15:59.560212Z</time></trkpt>
  <trkpt lat="37.4128476" lon="-121.9954304"><ele>66</ele><time>2026-04-23T00:15:59.603136Z</time></trkpt>
  <trkpt lat="37.4128313" lon="-121.9954443"><ele>66</ele><time>2026-04-23T00:15:59.680884Z</time></trkpt>
  <trkpt lat="37.4128134" lon="-121.9954558"><ele>66</ele><time>2026-04-23T00:15:59.761400Z</time></trkpt>
  <trkpt lat="37.4127946" lon="-121.9954661"><ele>66</ele><time>2026-04-23T00:15:59.861730Z</time></trkpt>
  <trkpt lat="37.4127745" lon="-121.9954738"><ele>67</ele><time>2026-04-23T00:15:59.962134Z</time></trkpt>
  <trkpt lat="37.4127527" lon="-121.9954797"><ele>67</ele><time>2026-04-23T00:16:00.062521Z</time></trkpt>
  <trkpt lat="37.4127299" lon="-121.9954809"><ele>68</ele><time>2026-04-23T00:16:00.163102Z</time></trkpt>
  <trkpt lat="37.4127060" lon="-121.9954806"><ele>69</ele><time>2026-04-23T00:16:00.263370Z</time></trkpt>
  <trkpt lat="37.4126797" lon="-121.9954806"><ele>69</ele><time>2026-04-23T00:16:00.363883Z</time></trkpt>
  <trkpt lat="37.4126538" lon="-121.9954807"><ele>69</ele><time>2026-04-23T00:16:00.464198Z</time></trkpt>
  <trkpt lat="37.4126259" lon="-121.9954810"><ele>70</ele><time>2026-04-23T00:16:00.564639Z</time></trkpt>
  <trkpt lat="37.4125982" lon="-121.9954826"><ele>71</ele><time>2026-04-23T00:16:00.665484Z</time></trkpt>
  <trkpt lat="37.4125740" lon="-121.9954853"><ele>72</ele><time>2026-04-23T00:16:00.766197Z</time></trkpt>
  <trkpt lat="37.4125527" lon="-121.9954868"><ele>73</ele><time>2026-04-23T00:16:00.866556Z</time></trkpt>
  <trkpt lat="37.4125344" lon="-121.9954859"><ele>75</ele><time>2026-04-23T00:16:00.966998Z</time></trkpt>
  <trkpt lat="37.4125145" lon="-121.9954844"><ele>77</ele><time>2026-04-23T00:16:01.067896Z</time></trkpt>
  <trkpt lat="37.4124909" lon="-121.9954838"><ele>78</ele><time>2026-04-23T00:16:01.169746Z</time></trkpt>
  <trkpt lat="37.4124690" lon="-121.9954825"><ele>81</ele><time>2026-04-23T00:16:01.270272Z</time></trkpt>
  <trkpt lat="37.4124525" lon="-121.9954833"><ele>82</ele><time>2026-04-23T00:16:01.371394Z</time></trkpt>
  <trkpt lat="37.4124485" lon="-121.9954830"><ele>83</ele><time>2026-04-23T00:16:01.471662Z</time></trkpt>
  <trkpt lat="37.4124498" lon="-121.9954819"><ele>84</ele><time>2026-04-23T00:16:01.572526Z</time></trkpt>
  <trkpt lat="37.4124519" lon="-121.9954832"><ele>85</ele><time>2026-04-23T00:16:01.673141Z</time></trkpt>
  <trkpt lat="37.4124519" lon="-121.9954832"><ele>85</ele><time>2026-04-23T00:16:01.754914Z</time></trkpt>
  <trkpt lat="37.4124541" lon="-121.9954866"><ele>85</ele><time>2026-04-23T00:16:01.773913Z</time></trkpt>
  <trkpt lat="37.4124567" lon="-121.9954892"><ele>84</ele><time>2026-04-23T00:16:01.874001Z</time></trkpt>
  <trkpt lat="37.4124603" lon="-121.9954881"><ele>84</ele><time>2026-04-23T00:16:01.974257Z</time></trkpt>
  <trkpt lat="37.4124670" lon="-121.9954842"><ele>84</ele><time>2026-04-23T00:16:02.055028Z</time></trkpt>
  <trkpt lat="37.4124755" lon="-121.9954788"><ele>84</ele><time>2026-04-23T00:16:02.155983Z</time></trkpt>
  <trkpt lat="37.4124858" lon="-121.9954727"><ele>85</ele><time>2026-04-23T00:16:02.256138Z</time></trkpt>
  <trkpt lat="37.4124967" lon="-121.9954671"><ele>85</ele><time>2026-04-23T00:16:02.356447Z</time></trkpt>
  <trkpt lat="37.4125075" lon="-121.9954615"><ele>85</ele><time>2026-04-23T00:16:02.457978Z</time></trkpt>
  <trkpt lat="37.4125182" lon="-121.9954545"><ele>85</ele><time>2026-04-23T00:16:02.559193Z</time></trkpt>
  <trkpt lat="37.4125292" lon="-121.9954489"><ele>85</ele><time>2026-04-23T00:16:02.658801Z</time></trkpt>
  <trkpt lat="37.4125396" lon="-121.9954461"><ele>85</ele><time>2026-04-23T00:16:02.759245Z</time></trkpt>
  <trkpt lat="37.4125501" lon="-121.9954477"><ele>84</ele><time>2026-04-23T00:16:02.879645Z</time></trkpt>
  <trkpt lat="37.4125595" lon="-121.9954504"><ele>84</ele><time>2026-04-23T00:16:02.959801Z</time></trkpt>
  <trkpt lat="37.4125689" lon="-121.9954520"><ele>84</ele><time>2026-04-23T00:16:03.060550Z</time></trkpt>
  <trkpt lat="37.4125787" lon="-121.9954543"><ele>83</ele><time>2026-04-23T00:16:03.160814Z</time></trkpt>
  <trkpt lat="37.4125904" lon="-121.9954587"><ele>82</ele><time>2026-04-23T00:16:03.261380Z</time></trkpt>
  <trkpt lat="37.4126024" lon="-121.9954662"><ele>82</ele><time>2026-04-23T00:16:03.361639Z</time></trkpt>
  <trkpt lat="37.4126130" lon="-121.9954762"><ele>82</ele><time>2026-04-23T00:16:03.462071Z</time></trkpt>
  <trkpt lat="37.4126233" lon="-121.9954847"><ele>81</ele><time>2026-04-23T00:16:03.563096Z</time></trkpt>
  <trkpt lat="37.4126338" lon="-121.9954935"><ele>81</ele><time>2026-04-23T00:16:03.664115Z</time></trkpt>
  <trkpt lat="37.4126430" lon="-121.9955068"><ele>80</ele><time>2026-04-23T00:16:03.765191Z</time></trkpt>
  <trkpt lat="37.4126509" lon="-121.9955195"><ele>80</ele><time>2026-04-23T00:16:03.866253Z</time></trkpt>
  <trkpt lat="37.4126509" lon="-121.9955195"><ele>80</ele><time>2026-04-23T00:16:03.915242Z</time></trkpt>
  <trkpt lat="37.4126603" lon="-121.9955302"><ele>79</ele><time>2026-04-23T00:16:03.966629Z</time></trkpt>
  <trkpt lat="37.4126711" lon="-121.9955395"><ele>78</ele><time>2026-04-23T00:16:04.067253Z</time></trkpt>
  <trkpt lat="37.4126818" lon="-121.9955485"><ele>78</ele><time>2026-04-23T00:16:04.167803Z</time></trkpt>
  <trkpt lat="37.4126926" lon="-121.9955572"><ele>76</ele><time>2026-04-23T00:16:04.268266Z</time></trkpt>
  <trkpt lat="37.4127047" lon="-121.9955638"><ele>74</ele><time>2026-04-23T00:16:04.368982Z</time></trkpt>
  <trkpt lat="37.4127159" lon="-121.9955667"><ele>73</ele><time>2026-04-23T00:16:04.469659Z</time></trkpt>
  <trkpt lat="37.4127281" lon="-121.9955679"><ele>71</ele><time>2026-04-23T00:16:04.570620Z</time></trkpt>
  <trkpt lat="37.4127407" lon="-121.9955669"><ele>70</ele><time>2026-04-23T00:16:04.671335Z</time></trkpt>
  <trkpt lat="37.4127518" lon="-121.9955671"><ele>69</ele><time>2026-04-23T00:16:04.771934Z</time></trkpt>
  <trkpt lat="37.4127619" lon="-121.9955705"><ele>68</ele><time>2026-04-23T00:16:04.872357Z</time></trkpt>
  <trkpt lat="37.4127716" lon="-121.9955802"><ele>67</ele><time>2026-04-23T00:16:04.973618Z</time></trkpt>
  <trkpt lat="37.4127813" lon="-121.9955953"><ele>67</ele><time>2026-04-23T00:16:05.054401Z</time></trkpt>
  <trkpt lat="37.4127910" lon="-121.9956119"><ele>67</ele><time>2026-04-23T00:16:05.175002Z</time></trkpt>
  <trkpt lat="37.4128006" lon="-121.9956283"><ele>67</ele><time>2026-04-23T00:16:05.256021Z</time></trkpt>
  <trkpt lat="37.4128090" lon="-121.9956427"><ele>66</ele><time>2026-04-23T00:16:05.355615Z</time></trkpt>
  <trkpt lat="37.4128170" lon="-121.9956560"><ele>66</ele><time>2026-04-23T00:16:05.455840Z</time></trkpt>
  <trkpt lat="37.4128255" lon="-121.9956673"><ele>65</ele><time>2026-04-23T00:16:05.556738Z</time></trkpt>
  <trkpt lat="37.4128348" lon="-121.9956794"><ele>63</ele><time>2026-04-23T00:16:05.657546Z</time></trkpt>
  <trkpt lat="37.4128442" lon="-121.9956896"><ele>62</ele><time>2026-04-23T00:16:05.758332Z</time></trkpt>
  <trkpt lat="37.4128527" lon="-121.9957011"><ele>61</ele><time>2026-04-23T00:16:05.859562Z</time></trkpt>
  <trkpt lat="37.4128581" lon="-121.9957161"><ele>60</ele><time>2026-04-23T00:16:05.960051Z</time></trkpt>
  <trkpt lat="37.4128596" lon="-121.9957313"><ele>60</ele><time>2026-04-23T00:16:06.061087Z</time></trkpt>
  <trkpt lat="37.4128596" lon="-121.9957313"><ele>60</ele><time>2026-04-23T00:16:06.071638Z</time></trkpt>
  <trkpt lat="37.4128557" lon="-121.9957451"><ele>60</ele><time>2026-04-23T00:16:06.161334Z</time></trkpt>
  <trkpt lat="37.4128483" lon="-121.9957593"><ele>61</ele><time>2026-04-23T00:16:06.261518Z</time></trkpt>
  <trkpt lat="37.4128401" lon="-121.9957732"><ele>62</ele><time>2026-04-23T00:16:06.362417Z</time></trkpt>
  <trkpt lat="37.4128315" lon="-121.9957878"><ele>62</ele><time>2026-04-23T00:16:06.463074Z</time></trkpt>
  <trkpt lat="37.4128210" lon="-121.9957983"><ele>63</ele><time>2026-04-23T00:16:06.564457Z</time></trkpt>
  <trkpt lat="37.4128111" lon="-121.9958096"><ele>65</ele><time>2026-04-23T00:16:06.664802Z</time></trkpt>
  <trkpt lat="37.4128027" lon="-121.9958234"><ele>65</ele><time>2026-04-23T00:16:06.765167Z</time></trkpt>
  <trkpt lat="37.4127942" lon="-121.9958367"><ele>66</ele><time>2026-04-23T00:16:06.866113Z</time></trkpt>
  <trkpt lat="37.4127862" lon="-121.9958512"><ele>66</ele><time>2026-04-23T00:16:06.966866Z</time></trkpt>
  <trkpt lat="37.4127789" lon="-121.9958656"><ele>66</ele><time>2026-04-23T00:16:07.067324Z</time></trkpt>
  <trkpt lat="37.4127719" lon="-121.9958795"><ele>66</ele><time>2026-04-23T00:16:07.168351Z</time></trkpt>
  <trkpt lat="37.4127659" lon="-121.9958941"><ele>66</ele><time>2026-04-23T00:16:07.269602Z</time></trkpt>
  <trkpt lat="37.4127602" lon="-121.9959082"><ele>66</ele><time>2026-04-23T00:16:07.369249Z</time></trkpt>
  <trkpt lat="37.4127529" lon="-121.9959227"><ele>66</ele><time>2026-04-23T00:16:07.470202Z</time></trkpt>
  <trkpt lat="37.4127456" lon="-121.9959367"><ele>65</ele><time>2026-04-23T00:16:07.570421Z</time></trkpt>
  <trkpt lat="37.4127377" lon="-121.9959505"><ele>64</ele><time>2026-04-23T00:16:07.670732Z</time></trkpt>
  <trkpt lat="37.4127293" lon="-121.9959641"><ele>63</ele><time>2026-04-23T00:16:07.770982Z</time></trkpt>
  <trkpt lat="37.4127206" lon="-121.9959774"><ele>62</ele><time>2026-04-23T00:16:07.871404Z</time></trkpt>
  <trkpt lat="37.4127130" lon="-121.9959905"><ele>62</ele><time>2026-04-23T00:16:07.951806Z</time></trkpt>
  <trkpt lat="37.4127070" lon="-121.9960033"><ele>61</ele><time>2026-04-23T00:16:08.052843Z</time></trkpt>
  <trkpt lat="37.4127032" lon="-121.9960177"><ele>61</ele><time>2026-04-23T00:16:08.153255Z</time></trkpt>
  <trkpt lat="37.4127032" lon="-121.9960177"><ele>61</ele><time>2026-04-23T00:16:08.221861Z</time></trkpt>
  <trkpt lat="37.4127038" lon="-121.9960331"><ele>61</ele><time>2026-04-23T00:16:08.253403Z</time></trkpt>
  <trkpt lat="37.4127073" lon="-121.9960480"><ele>61</ele><time>2026-04-23T00:16:08.354358Z</time></trkpt>
  <trkpt lat="37.4127134" lon="-121.9960624"><ele>61</ele><time>2026-04-23T00:16:08.455456Z</time></trkpt>
  <trkpt lat="37.4127211" lon="-121.9960755"><ele>62</ele><time>2026-04-23T00:16:08.556899Z</time></trkpt>
  <trkpt lat="37.4127295" lon="-121.9960859"><ele>62</ele><time>2026-04-23T00:16:08.658064Z</time></trkpt>
  <trkpt lat="37.4127385" lon="-121.9960927"><ele>62</ele><time>2026-04-23T00:16:08.758591Z</time></trkpt>
  <trkpt lat="37.4127470" lon="-121.9960968"><ele>63</ele><time>2026-04-23T00:16:08.858872Z</time></trkpt>
  <trkpt lat="37.4127543" lon="-121.9960983"><ele>65</ele><time>2026-04-23T00:16:08.959655Z</time></trkpt>
  <trkpt lat="37.4127611" lon="-121.9960990"><ele>66</ele><time>2026-04-23T00:16:09.059774Z</time></trkpt>
  <trkpt lat="37.4127662" lon="-121.9960966"><ele>67</ele><time>2026-04-23T00:16:09.160013Z</time></trkpt>
  <trkpt lat="37.4127713" lon="-121.9960921"><ele>68</ele><time>2026-04-23T00:16:09.260540Z</time></trkpt>
  <trkpt lat="37.4127755" lon="-121.9960852"><ele>69</ele><time>2026-04-23T00:16:09.361270Z</time></trkpt>
  <trkpt lat="37.4127784" lon="-121.9960764"><ele>70</ele><time>2026-04-23T00:16:09.461805Z</time></trkpt>
  <trkpt lat="37.4127807" lon="-121.9960661"><ele>71</ele><time>2026-04-23T00:16:09.562252Z</time></trkpt>
  <trkpt lat="37.4127824" lon="-121.9960551"><ele>72</ele><time>2026-04-23T00:16:09.662777Z</time></trkpt>
  <trkpt lat="37.4127838" lon="-121.9960443"><ele>73</ele><time>2026-04-23T00:16:09.763499Z</time></trkpt>
  <trkpt lat="37.4127855" lon="-121.9960326"><ele>74</ele><time>2026-04-23T00:16:09.864297Z</time></trkpt>
  <trkpt lat="37.4127870" lon="-121.9960200"><ele>74</ele><time>2026-04-23T00:16:09.965012Z</time></trkpt>
  <trkpt lat="37.4127881" lon="-121.9960074"><ele>75</ele><time>2026-04-23T00:16:10.065262Z</time></trkpt>
  <trkpt lat="37.4127890" lon="-121.9959941"><ele>76</ele><time>2026-04-23T00:16:10.165734Z</time></trkpt>
  <trkpt lat="37.4127905" lon="-121.9959801"><ele>76</ele><time>2026-04-23T00:16:10.246172Z</time></trkpt>
  <trkpt lat="37.4127923" lon="-121.9959658"><ele>76</ele><time>2026-04-23T00:16:10.346866Z</time></trkpt>
  <trkpt lat="37.4127923" lon="-121.9959658"><ele>76</ele><time>2026-04-23T00:16:10.387350Z</time></trkpt>
  <trkpt lat="37.4127948" lon="-121.9959514"><ele>76</ele><time>2026-04-23T00:16:10.447457Z</time></trkpt>
  <trkpt lat="37.4127973" lon="-121.9959361"><ele>76</ele><time>2026-04-23T00:16:10.548580Z</time></trkpt>
  <trkpt lat="37.4127999" lon="-121.9959203"><ele>76</ele><time>2026-04-23T00:16:10.649833Z</time></trkpt>
  <trkpt lat="37.4128030" lon="-121.9959046"><ele>76</ele><time>2026-04-23T00:16:10.750924Z</time></trkpt>
  <trkpt lat="37.4128058" lon="-121.9958889"><ele>75</ele><time>2026-04-23T00:16:10.851739Z</time></trkpt>
  <trkpt lat="37.4128075" lon="-121.9958730"><ele>75</ele><time>2026-04-23T00:16:10.951510Z</time></trkpt>
  <trkpt lat="37.4128078" lon="-121.9958565"><ele>74</ele><time>2026-04-23T00:16:11.051791Z</time></trkpt>
  <trkpt lat="37.4128064" lon="-121.9958387"><ele>74</ele><time>2026-04-23T00:16:11.152517Z</time></trkpt>
  <trkpt lat="37.4128031" lon="-121.9958196"><ele>73</ele><time>2026-04-23T00:16:11.253432Z</time></trkpt>
  <trkpt lat="37.4127988" lon="-121.9958004"><ele>73</ele><time>2026-04-23T00:16:11.353859Z</time></trkpt>
  <trkpt lat="37.4127937" lon="-121.9957809"><ele>72</ele><time>2026-04-23T00:16:11.454595Z</time></trkpt>
  <trkpt lat="37.4127885" lon="-121.9957615"><ele>71</ele><time>2026-04-23T00:16:11.554808Z</time></trkpt>
  <trkpt lat="37.4127825" lon="-121.9957409"><ele>70</ele><time>2026-04-23T00:16:11.655485Z</time></trkpt>
  <trkpt lat="37.4127763" lon="-121.9957191"><ele>70</ele><time>2026-04-23T00:16:11.756536Z</time></trkpt>
  <trkpt lat="37.4127701" lon="-121.9956963"><ele>69</ele><time>2026-04-23T00:16:11.857269Z</time></trkpt>
  <trkpt lat="37.4127638" lon="-121.9956731"><ele>69</ele><time>2026-04-23T00:16:11.957887Z</time></trkpt>
  <trkpt lat="37.4127572" lon="-121.9956495"><ele>68</ele><time>2026-04-23T00:16:12.058270Z</time></trkpt>
  <trkpt lat="37.4127509" lon="-121.9956259"><ele>67</ele><time>2026-04-23T00:16:12.158991Z</time></trkpt>
  <trkpt lat="37.4127450" lon="-121.9956020"><ele>66</ele><time>2026-04-23T00:16:12.259565Z</time></trkpt>
  <trkpt lat="37.4127397" lon="-121.9955771"><ele>66</ele><time>2026-04-23T00:16:12.360152Z</time></trkpt>
  <trkpt lat="37.4127355" lon="-121.9955513"><ele>65</ele><time>2026-04-23T00:16:12.460716Z</time></trkpt>
  <trkpt lat="37.4127355" lon="-121.9955513"><ele>65</ele><time>2026-04-23T00:16:12.548303Z</time></trkpt>
  <trkpt lat="37.4127329" lon="-121.9955252"><ele>65</ele><time>2026-04-23T00:16:12.561042Z</time></trkpt>
  <trkpt lat="37.4127327" lon="-121.9954994"><ele>65</ele><time>2026-04-23T00:16:12.662039Z</time></trkpt>
  <trkpt lat="37.4127347" lon="-121.9954743"><ele>65</ele><time>2026-04-23T00:16:12.763357Z</time></trkpt>
  <trkpt lat="37.4127384" lon="-121.9954510"><ele>65</ele><time>2026-04-23T00:16:12.863844Z</time></trkpt>
  <trkpt lat="37.4127433" lon="-121.9954298"><ele>65</ele><time>2026-04-23T00:16:12.964022Z</time></trkpt>
  <trkpt lat="37.4127497" lon="-121.9954107"><ele>65</ele><time>2026-04-23T00:16:13.064716Z</time></trkpt>
  <trkpt lat="37.4127570" lon="-121.9953934"><ele>65</ele><time>2026-04-23T00:16:13.145510Z</time></trkpt>
  <trkpt lat="37.4127651" lon="-121.9953782"><ele>66</ele><time>2026-04-23T00:16:13.246182Z</time></trkpt>
  <trkpt lat="37.4127739" lon="-121.9953654"><ele>66</ele><time>2026-04-23T00:16:13.347287Z</time></trkpt>
  <trkpt lat="37.4127836" lon="-121.9953553"><ele>66</ele><time>2026-04-23T00:16:13.447359Z</time></trkpt>
  <trkpt lat="37.4127933" lon="-121.9953476"><ele>67</ele><time>2026-04-23T00:16:13.547500Z</time></trkpt>
  <trkpt lat="37.4128031" lon="-121.9953408"><ele>67</ele><time>2026-04-23T00:16:13.648830Z</time></trkpt>
  <trkpt lat="37.4128128" lon="-121.9953338"><ele>67</ele><time>2026-04-23T00:16:13.749352Z</time></trkpt>
  <trkpt lat="37.4128227" lon="-121.9953266"><ele>67</ele><time>2026-04-23T00:16:13.849630Z</time></trkpt>
  <trkpt lat="37.4128328" lon="-121.9953199"><ele>67</ele><time>2026-04-23T00:16:13.950157Z</time></trkpt>
  <trkpt lat="37.4128432" lon="-121.9953136"><ele>68</ele><time>2026-04-23T00:16:14.050829Z</time></trkpt>
  <trkpt lat="37.4128531" lon="-121.9953069"><ele>67</ele><time>2026-04-23T00:16:14.150956Z</time></trkpt>
  <trkpt lat="37.4128630" lon="-121.9953000"><ele>67</ele><time>2026-04-23T00:16:14.251570Z</time></trkpt>
  <trkpt lat="37.4128733" lon="-121.9952929"><ele>67</ele><time>2026-04-23T00:16:14.352536Z</time></trkpt>
  <trkpt lat="37.4128835" lon="-121.9952856"><ele>67</ele><time>2026-04-23T00:16:14.452782Z</time></trkpt>
  <trkpt lat="37.4128939" lon="-121.9952789"><ele>67</ele><time>2026-04-23T00:16:14.553300Z</time></trkpt>
  <trkpt lat="37.4129044" lon="-121.9952733"><ele>67</ele><time>2026-04-23T00:16:14.654138Z</time></trkpt>
  <trkpt lat="37.4129044" lon="-121.9952733"><ele>67</ele><time>2026-04-23T00:16:14.708861Z</time></trkpt>
  <trkpt lat="37.4129144" lon="-121.9952688"><ele>67</ele><time>2026-04-23T00:16:14.754539Z</time></trkpt>
  <trkpt lat="37.4129241" lon="-121.9952651"><ele>68</ele><time>2026-04-23T00:16:14.855540Z</time></trkpt>
  <trkpt lat="37.4129334" lon="-121.9952628"><ele>68</ele><time>2026-04-23T00:16:14.955479Z</time></trkpt>
  <trkpt lat="37.4129422" lon="-121.9952617"><ele>69</ele><time>2026-04-23T00:16:15.056496Z</time></trkpt>
  <trkpt lat="37.4129500" lon="-121.9952618"><ele>69</ele><time>2026-04-23T00:16:15.157527Z</time></trkpt>
  <trkpt lat="37.4129568" lon="-121.9952634"><ele>70</ele><time>2026-04-23T00:16:15.257595Z</time></trkpt>
  <trkpt lat="37.4129629" lon="-121.9952661"><ele>71</ele><time>2026-04-23T00:16:15.358042Z</time></trkpt>
  <trkpt lat="37.4129682" lon="-121.9952696"><ele>72</ele><time>2026-04-23T00:16:15.458399Z</time></trkpt>
  <trkpt lat="37.4129728" lon="-121.9952740"><ele>73</ele><time>2026-04-23T00:16:15.558841Z</time></trkpt>
  <trkpt lat="37.4129771" lon="-121.9952787"><ele>73</ele><time>2026-04-23T00:16:15.659290Z</time></trkpt>
  <trkpt lat="37.4129816" lon="-121.9952834"><ele>74</ele><time>2026-04-23T00:16:15.759751Z</time></trkpt>
  <trkpt lat="37.4129861" lon="-121.9952881"><ele>75</ele><time>2026-04-23T00:16:15.860700Z</time></trkpt>
  <trkpt lat="37.4129907" lon="-121.9952929"><ele>76</ele><time>2026-04-23T00:16:15.960959Z</time></trkpt>
  <trkpt lat="37.4129953" lon="-121.9952981"><ele>76</ele><time>2026-04-23T00:16:16.061395Z</time></trkpt>
  <trkpt lat="37.4129999" lon="-121.9953031"><ele>76</ele><time>2026-04-23T00:16:16.141885Z</time></trkpt>
  <trkpt lat="37.4130047" lon="-121.9953081"><ele>77</ele><time>2026-04-23T00:16:16.242696Z</time></trkpt>
  <trkpt lat="37.4130096" lon="-121.9953128"><ele>77</ele><time>2026-04-23T00:16:16.342941Z</time></trkpt>
  <trkpt lat="37.4130150" lon="-121.9953168"><ele>77</ele><time>2026-04-23T00:16:16.444072Z</time></trkpt>
  <trkpt lat="37.4130208" lon="-121.9953198"><ele>78</ele><time>2026-04-23T00:16:16.543460Z</time></trkpt>
  <trkpt lat="37.4130269" lon="-121.9953213"><ele>78</ele><time>2026-04-23T00:16:16.644500Z</time></trkpt>
  <trkpt lat="37.4130331" lon="-121.9953212"><ele>79</ele><time>2026-04-23T00:16:16.744925Z</time></trkpt>
  <trkpt lat="37.4130391" lon="-121.9953198"><ele>80</ele><time>2026-04-23T00:16:16.845777Z</time></trkpt>
  <trkpt lat="37.4130391" lon="-121.9953198"><ele>80</ele><time>2026-04-23T00:16:16.873072Z</time></trkpt>
  <trkpt lat="37.4130452" lon="-121.9953172"><ele>81</ele><time>2026-04-23T00:16:16.945752Z</time></trkpt>
  <trkpt lat="37.4130510" lon="-121.9953140"><ele>81</ele><time>2026-04-23T00:16:17.045987Z</time></trkpt>
  <trkpt lat="37.4130565" lon="-121.9953101"><ele>82</ele><time>2026-04-23T00:16:17.146501Z</time></trkpt>
  <trkpt lat="37.4130617" lon="-121.9953057"><ele>83</ele><time>2026-04-23T00:16:17.247196Z</time></trkpt>
  <trkpt lat="37.4130669" lon="-121.9953014"><ele>84</ele><time>2026-04-23T00:16:17.347918Z</time></trkpt>
  <trkpt lat="37.4130722" lon="-121.9952969"><ele>84</ele><time>2026-04-23T00:16:17.449052Z</time></trkpt>
  <trkpt lat="37.4130778" lon="-121.9952922"><ele>85</ele><time>2026-04-23T00:16:17.549215Z</time></trkpt>
  <trkpt lat="37.4130835" lon="-121.9952874"><ele>85</ele><time>2026-04-23T00:16:17.650121Z</time></trkpt>
  <trkpt lat="37.4130895" lon="-121.9952824"><ele>86</ele><time>2026-04-23T00:16:17.750568Z</time></trkpt>
  <trkpt lat="37.4130957" lon="-121.9952774"><ele>86</ele><time>2026-04-23T00:16:17.850814Z</time></trkpt>
  <trkpt lat="37.4131021" lon="-121.9952725"><ele>87</ele><time>2026-04-23T00:16:17.951633Z</time></trkpt>
  <trkpt lat="37.4131087" lon="-121.9952678"><ele>87</ele><time>2026-04-23T00:16:18.051918Z</time></trkpt>
  <trkpt lat="37.4131156" lon="-121.9952632"><ele>87</ele><time>2026-04-23T00:16:18.152414Z</time></trkpt>
  <trkpt lat="37.4131227" lon="-121.9952587"><ele>87</ele><time>2026-04-23T00:16:18.253878Z</time></trkpt>
  <trkpt lat="37.4131301" lon="-121.9952542"><ele>87</ele><time>2026-04-23T00:16:18.354402Z</time></trkpt>
  <trkpt lat="37.4131376" lon="-121.9952501"><ele>88</ele><time>2026-04-23T00:16:18.455034Z</time></trkpt>
  <trkpt lat="37.4131453" lon="-121.9952464"><ele>88</ele><time>2026-04-23T00:16:18.556167Z</time></trkpt>
  <trkpt lat="37.4131531" lon="-121.9952426"><ele>88</ele><time>2026-04-23T00:16:18.656661Z</time></trkpt>
  <trkpt lat="37.4131611" lon="-121.9952391"><ele>88</ele><time>2026-04-23T00:16:18.757041Z</time></trkpt>
  <trkpt lat="37.4131692" lon="-121.9952361"><ele>88</ele><time>2026-04-23T00:16:18.857829Z</time></trkpt>
  <trkpt lat="37.4131774" lon="-121.9952338"><ele>88</ele><time>2026-04-23T00:16:18.938376Z</time></trkpt>
  <trkpt lat="37.4131774" lon="-121.9952338"><ele>88</ele><time>2026-04-23T00:16:19.034053Z</time></trkpt>
  <trkpt lat="37.4131855" lon="-121.9952328"><ele>88</ele><time>2026-04-23T00:16:19.039300Z</time></trkpt>
  <trkpt lat="37.4131931" lon="-121.9952335"><ele>88</ele><time>2026-04-23T00:16:19.139965Z</time></trkpt>
  <trkpt lat="37.4132000" lon="-121.9952361"><ele>88</ele><time>2026-04-23T00:16:19.240144Z</time></trkpt>
  <trkpt lat="37.4132062" lon="-121.9952403"><ele>89</ele><time>2026-04-23T00:16:19.340480Z</time></trkpt>
  <trkpt lat="37.4132111" lon="-121.9952458"><ele>89</ele><time>2026-04-23T00:16:19.440855Z</time></trkpt>
  <trkpt lat="37.4132147" lon="-121.9952526"><ele>90</ele><time>2026-04-23T00:16:19.541388Z</time></trkpt>
  <trkpt lat="37.4132170" lon="-121.9952607"><ele>90</ele><time>2026-04-23T00:16:19.642409Z</time></trkpt>
  <trkpt lat="37.4132177" lon="-121.9952695"><ele>91</ele><time>2026-04-23T00:16:19.743780Z</time></trkpt>
  <trkpt lat="37.4132165" lon="-121.9952789"><ele>91</ele><time>2026-04-23T00:16:19.844137Z</time></trkpt>
  <trkpt lat="37.4132135" lon="-121.9952891"><ele>92</ele><time>2026-04-23T00:16:19.944571Z</time></trkpt>
  <trkpt lat="37.4132086" lon="-121.9952993"><ele>92</ele><time>2026-04-23T00:16:20.045691Z</time></trkpt>
  <trkpt lat="37.4132018" lon="-121.9953093"><ele>93</ele><time>2026-04-23T00:16:20.146836Z</time></trkpt>
  <trkpt lat="37.4131932" lon="-121.9953186"><ele>93</ele><time>2026-04-23T00:16:20.247484Z</time></trkpt>
  <trkpt lat="37.4131831" lon="-121.9953271"><ele>93</ele><time>2026-04-23T00:16:20.347735Z</time></trkpt>
  <trkpt lat="37.4131719" lon="-121.9953351"><ele>93</ele><time>2026-04-23T00:16:20.448339Z</time></trkpt>
  <trkpt lat="37.4131599" lon="-121.9953426"><ele>93</ele><time>2026-04-23T00:16:20.549119Z</time></trkpt>
  <trkpt lat="37.4131468" lon="-121.9953491"><ele>93</ele><time>2026-04-23T00:16:20.649886Z</time></trkpt>
  <trkpt lat="37.4131330" lon="-121.9953546"><ele>93</ele><time>2026-04-23T00:16:20.750165Z</time></trkpt>
  <trkpt lat="37.4131188" lon="-121.9953602"><ele>93</ele><time>2026-04-23T00:16:20.850796Z</time></trkpt>
  <trkpt lat="37.4131046" lon="-121.9953660"><ele>93</ele><time>2026-04-23T00:16:20.952543Z</time></trkpt>
  <trkpt lat="37.4130904" lon="-121.9953721"><ele>93</ele><time>2026-04-23T00:16:21.052620Z</time></trkpt>
  <trkpt lat="37.4130762" lon="-121.9953790"><ele>93</ele><time>2026-04-23T00:16:21.152952Z</time></trkpt>
  <trkpt lat="37.4130762" lon="-121.9953790"><ele>93</ele><time>2026-04-23T00:16:21.196441Z</time></trkpt>
  <trkpt lat="37.4130623" lon="-121.9953866"><ele>93</ele><time>2026-04-23T00:16:21.253797Z</time></trkpt>
  <trkpt lat="37.4130487" lon="-121.9953946"><ele>93</ele><time>2026-04-23T00:16:21.354418Z</time></trkpt>
  <trkpt lat="37.4130354" lon="-121.9954033"><ele>93</ele><time>2026-04-23T00:16:21.454930Z</time></trkpt>
  <trkpt lat="37.4130224" lon="-121.9954120"><ele>94</ele><time>2026-04-23T00:16:21.535871Z</time></trkpt>
  <trkpt lat="37.4130092" lon="-121.9954206"><ele>94</ele><time>2026-04-23T00:16:21.637344Z</time></trkpt>
  <trkpt lat="37.4129961" lon="-121.9954295"><ele>94</ele><time>2026-04-23T00:16:21.738591Z</time></trkpt>
  <trkpt lat="37.4129831" lon="-121.9954380"><ele>94</ele><time>2026-04-23T00:16:21.839047Z</time></trkpt>
  <trkpt lat="37.4129701" lon="-121.9954463"><ele>95</ele><time>2026-04-23T00:16:21.939848Z</time></trkpt>
  <trkpt lat="37.4129570" lon="-121.9954545"><ele>95</ele><time>2026-04-23T00:16:22.040536Z</time></trkpt>
  <trkpt lat="37.4129439" lon="-121.9954626"><ele>96</ele><time>2026-04-23T00:16:22.141263Z</time></trkpt>
  <trkpt lat="37.4129308" lon="-121.9954705"><ele>96</ele><time>2026-04-23T00:16:22.242904Z</time></trkpt>
  <trkpt lat="37.4129176" lon="-121.9954784"><ele>96</ele><time>2026-04-23T00:16:22.343149Z</time></trkpt>
  <trkpt lat="37.4129043" lon="-121.9954863"><ele>97</ele><time>2026-04-23T00:16:22.444207Z</time></trkpt>
  <trkpt lat="37.4128909" lon="-121.9954941"><ele>97</ele><time>2026-04-23T00:16:22.544705Z</time></trkpt>
  <trkpt lat="37.4128773" lon="-121.9955020"><ele>97</ele><time>2026-04-23T00:16:22.645536Z</time></trkpt>
  <trkpt lat="37.4128635" lon="-121.9955098"><ele>97</ele><time>2026-04-23T00:16:22.746736Z</time></trkpt>
  <trkpt lat="37.4128496" lon="-121.9955180"><ele>98</ele><time>2026-04-23T00:16:22.847272Z</time></trkpt>
  <trkpt lat="37.4128357" lon="-121.9955261"><ele>98</ele><time>2026-04-23T00:16:22.948021Z</time></trkpt>
  <trkpt lat="37.4128213" lon="-121.9955344"><ele>98</ele><time>2026-04-23T00:16:23.048533Z</time></trkpt>
  <trkpt lat="37.4128070" lon="-121.9955428"><ele>98</ele><time>2026-04-23T00:16:23.149199Z</time></trkpt>
  <trkpt lat="37.4127937" lon="-121.9955516"><ele>97</ele><time>2026-04-23T00:16:23.250304Z</time></trkpt>
  <trkpt lat="37.4127937" lon="-121.9955516"><ele>97</ele><time>2026-04-23T00:16:23.338742Z</time></trkpt>
  <trkpt lat="37.4127813" lon="-121.9955597"><ele>96</ele><time>2026-04-23T00:16:23.351633Z</time></trkpt>
  <trkpt lat="37.4127682" lon="-121.9955672"><ele>96</ele><time>2026-04-23T00:16:23.452294Z</time></trkpt>
  <trkpt lat="37.4127536" lon="-121.9955747"><ele>96</ele><time>2026-04-23T00:16:23.533143Z</time></trkpt>
  <trkpt lat="37.4127363" lon="-121.9955799"><ele>95</ele><time>2026-04-23T00:16:23.634144Z</time></trkpt>
  <trkpt lat="37.4127177" lon="-121.9955817"><ele>95</ele><time>2026-04-23T00:16:23.735140Z</time></trkpt>
  <trkpt lat="37.4126986" lon="-121.9955794"><ele>95</ele><time>2026-04-23T00:16:23.836459Z</time></trkpt>
  <trkpt lat="37.4126789" lon="-121.9955727"><ele>95</ele><time>2026-04-23T00:16:23.937073Z</time></trkpt>
  <trkpt lat="37.4126593" lon="-121.9955640"><ele>95</ele><time>2026-04-23T00:16:24.037704Z</time></trkpt>
  <trkpt lat="37.4126406" lon="-121.9955531"><ele>95</ele><time>2026-04-23T00:16:24.138360Z</time></trkpt>
  <trkpt lat="37.4126226" lon="-121.9955393"><ele>95</ele><time>2026-04-23T00:16:24.238430Z</time></trkpt>
  <trkpt lat="37.4126060" lon="-121.9955238"><ele>95</ele><time>2026-04-23T00:16:24.338729Z</time></trkpt>
  <trkpt lat="37.4125908" lon="-121.9955073"><ele>94</ele><time>2026-04-23T00:16:24.439547Z</time></trkpt>
  <trkpt lat="37.4125769" lon="-121.9954888"><ele>94</ele><time>2026-04-23T00:16:24.540262Z</time></trkpt>
  <trkpt lat="37.4125649" lon="-121.9954686"><ele>94</ele><time>2026-04-23T00:16:24.640857Z</time></trkpt>
  <trkpt lat="37.4125552" lon="-121.9954477"><ele>94</ele><time>2026-04-23T00:16:24.741678Z</time></trkpt>
  <trkpt lat="37.4125470" lon="-121.9954264"><ele>93</ele><time>2026-04-23T00:16:24.841772Z</time></trkpt>
  <trkpt lat="37.4125405" lon="-121.9954046"><ele>93</ele><time>2026-04-23T00:16:24.942211Z</time></trkpt>
  <trkpt lat="37.4125365" lon="-121.9953830"><ele>93</ele><time>2026-04-23T00:16:25.042927Z</time></trkpt>
  <trkpt lat="37.4125352" lon="-121.9953616"><ele>92</ele><time>2026-04-23T00:16:25.143551Z</time></trkpt>
  <trkpt lat="37.4125374" lon="-121.9953418"><ele>92</ele><time>2026-04-23T00:16:25.243998Z</time></trkpt>
  <trkpt lat="37.4125421" lon="-121.9953247"><ele>91</ele><time>2026-04-23T00:16:25.344762Z</time></trkpt>
  <trkpt lat="37.4125490" lon="-121.9953098"><ele>91</ele><time>2026-04-23T00:16:25.445588Z</time></trkpt>
  <trkpt lat="37.4125490" lon="-121.9953098"><ele>91</ele><time>2026-04-23T00:16:25.493041Z</time></trkpt>
  <trkpt lat="37.4125575" lon="-121.9952978"><ele>90</ele><time>2026-04-23T00:16:25.546018Z</time></trkpt>
  <trkpt lat="37.4125675" lon="-121.9952900"><ele>90</ele><time>2026-04-23T00:16:25.646922Z</time></trkpt>
  <trkpt lat="37.4125783" lon="-121.9952853"><ele>90</ele><time>2026-04-23T00:16:25.747389Z</time></trkpt>
  <trkpt lat="37.4125891" lon="-121.9952838"><ele>90</ele><time>2026-04-23T00:16:25.848273Z</time></trkpt>
  <trkpt lat="37.4125992" lon="-121.9952852"><ele>90</ele><time>2026-04-23T00:16:25.949294Z</time></trkpt>
  <trkpt lat="37.4126079" lon="-121.9952897"><ele>90</ele><time>2026-04-23T00:16:26.049585Z</time></trkpt>
  <trkpt lat="37.4126152" lon="-121.9952963"><ele>90</ele><time>2026-04-23T00:16:26.129909Z</time></trkpt>
  <trkpt lat="37.4126197" lon="-121.9953045"><ele>91</ele><time>2026-04-23T00:16:26.250543Z</time></trkpt>
  <trkpt lat="37.4126222" lon="-121.9953140"><ele>92</ele><time>2026-04-23T00:16:26.330936Z</time></trkpt>
  <trkpt lat="37.4126248" lon="-121.9953239"><ele>93</ele><time>2026-04-23T00:16:26.431503Z</time></trkpt>
  <trkpt lat="37.4126295" lon="-121.9953334"><ele>94</ele><time>2026-04-23T00:16:26.531743Z</time></trkpt>
  <trkpt lat="37.4126370" lon="-121.9953428"><ele>94</ele><time>2026-04-23T00:16:26.633051Z</time></trkpt>
  <trkpt lat="37.4126454" lon="-121.9953513"><ele>95</ele><time>2026-04-23T00:16:26.733999Z</time></trkpt>
  <trkpt lat="37.4126538" lon="-121.9953580"><ele>96</ele><time>2026-04-23T00:16:26.833427Z</time></trkpt>
  <trkpt lat="37.4126629" lon="-121.9953622"><ele>96</ele><time>2026-04-23T00:16:26.933780Z</time></trkpt>
  <trkpt lat="37.4126718" lon="-121.9953662"><ele>96</ele><time>2026-04-23T00:16:27.034632Z</time></trkpt>
  <trkpt lat="37.4126799" lon="-121.9953712"><ele>96</ele><time>2026-04-23T00:16:27.135044Z</time></trkpt>
  <trkpt lat="37.4126881" lon="-121.9953774"><ele>97</ele><time>2026-04-23T00:16:27.235667Z</time></trkpt>
  <trkpt lat="37.4126979" lon="-121.9953831"><ele>97</ele><time>2026-04-23T00:16:27.335973Z</time></trkpt>
  <trkpt lat="37.4127083" lon="-121.9953877"><ele>97</ele><time>2026-04-23T00:16:27.436282Z</time></trkpt>
  <trkpt lat="37.4127171" lon="-121.9953934"><ele>97</ele><time>2026-04-23T00:16:27.536556Z</time></trkpt>
  <trkpt lat="37.4127238" lon="-121.9954013"><ele>97</ele><time>2026-04-23T00:16:27.636864Z</time></trkpt>
  <trkpt lat="37.4127238" lon="-121.9954013"><ele>97</ele><time>2026-04-23T00:16:27.650525Z</time></trkpt>
  <trkpt lat="37.4127297" lon="-121.9954120"><ele>97</ele><time>2026-04-23T00:16:27.737214Z</time></trkpt>
  <trkpt lat="37.4127349" lon="-121.9954242"><ele>97</ele><time>2026-04-23T00:16:27.839006Z</time></trkpt>
  <trkpt lat="37.4127387" lon="-121.9954379"><ele>96</ele><time>2026-04-23T00:16:27.939699Z</time></trkpt>
  <trkpt lat="37.4127414" lon="-121.9954531"><ele>96</ele><time>2026-04-23T00:16:28.039887Z</time></trkpt>
  <trkpt lat="37.4127452" lon="-121.9954688"><ele>95</ele><time>2026-04-23T00:16:28.140757Z</time></trkpt>
  <trkpt lat="37.4127499" lon="-121.9954840"><ele>94</ele><time>2026-04-23T00:16:28.242092Z</time></trkpt>
  <trkpt lat="37.4127550" lon="-121.9954993"><ele>94</ele><time>2026-04-23T00:16:28.343341Z</time></trkpt>
  <trkpt lat="37.4127603" lon="-121.9955146"><ele>93</ele><time>2026-04-23T00:16:28.444306Z</time></trkpt>
  <trkpt lat="37.4127666" lon="-121.9955299"><ele>92</ele><time>2026-04-23T00:16:28.545501Z</time></trkpt>
  <trkpt lat="37.4127744" lon="-121.9955428"><ele>91</ele><time>2026-04-23T00:16:28.645984Z</time></trkpt>
  <trkpt lat="37.4127820" lon="-121.9955535"><ele>90</ele><time>2026-04-23T00:16:28.726224Z</time></trkpt>
  <trkpt lat="37.4127894" lon="-121.9955620"><ele>88</ele><time>2026-04-23T00:16:28.846700Z</time></trkpt>
  <trkpt lat="37.4127970" lon="-121.9955691"><ele>88</ele><time>2026-04-23T00:16:28.926945Z</time></trkpt>
  <trkpt lat="37.4128035" lon="-121.9955771"><ele>87</ele><time>2026-04-23T00:16:29.027565Z</time></trkpt>
  <trkpt lat="37.4128089" lon="-121.9955862"><ele>86</ele><time>2026-04-23T00:16:29.128204Z</time></trkpt>
  <trkpt lat="37.4128129" lon="-121.9955976"><ele>85</ele><time>2026-04-23T00:16:29.228543Z</time></trkpt>
  <trkpt lat="37.4128162" lon="-121.9956137"><ele>85</ele><time>2026-04-23T00:16:29.329037Z</time></trkpt>
  <trkpt lat="37.4128186" lon="-121.9956325"><ele>85</ele><time>2026-04-23T00:16:29.430648Z</time></trkpt>
  <trkpt lat="37.4128197" lon="-121.9956504"><ele>85</ele><time>2026-04-23T00:16:29.531778Z</time></trkpt>
  <trkpt lat="37.4128220" lon="-121.9956682"><ele>85</ele><time>2026-04-23T00:16:29.632525Z</time></trkpt>
  <trkpt lat="37.4128263" lon="-121.9956846"><ele>85</ele><time>2026-04-23T00:16:29.732427Z</time></trkpt>
  <trkpt lat="37.4128263" lon="-121.9956846"><ele>85</ele><time>2026-04-23T00:16:29.809315Z</time></trkpt>
  <trkpt lat="37.4128315" lon="-121.9957001"><ele>85</ele><time>2026-04-23T00:16:29.832579Z</time></trkpt>
  <trkpt lat="37.4128379" lon="-121.9957157"><ele>84</ele><time>2026-04-23T00:16:29.932923Z</time></trkpt>
  <trkpt lat="37.4128451" lon="-121.9957310"><ele>83</ele><time>2026-04-23T00:16:30.034398Z</time></trkpt>
  <trkpt lat="37.4128514" lon="-121.9957437"><ele>83</ele><time>2026-04-23T00:16:30.135377Z</time></trkpt>
  <trkpt lat="37.4128582" lon="-121.9957582"><ele>82</ele><time>2026-04-23T00:16:30.235887Z</time></trkpt>
  <trkpt lat="37.4128647" lon="-121.9957729"><ele>81</ele><time>2026-04-23T00:16:30.336144Z</time></trkpt>
  <trkpt lat="37.4128689" lon="-121.9957880"><ele>81</ele><time>2026-04-23T00:16:30.436606Z</time></trkpt>
  <trkpt lat="37.4128702" lon="-121.9958030"><ele>81</ele><time>2026-04-23T00:16:30.537175Z</time></trkpt>
  <trkpt lat="37.4128721" lon="-121.9958196"><ele>81</ele><time>2026-04-23T00:16:30.637398Z</time></trkpt>
  <trkpt lat="37.4128741" lon="-121.9958377"><ele>82</ele><time>2026-04-23T00:16:30.737696Z</time></trkpt>
  <trkpt lat="37.4128755" lon="-121.9958546"><ele>82</ele><time>2026-04-23T00:16:30.838618Z</time></trkpt>
  <trkpt lat="37.4128766" lon="-121.9958699"><ele>82</ele><time>2026-04-23T00:16:30.939709Z</time></trkpt>
  <trkpt lat="37.4128764" lon="-121.9958836"><ele>83</ele><time>2026-04-23T00:16:31.040829Z</time></trkpt>
  <trkpt lat="37.4128767" lon="-121.9958946"><ele>85</ele><time>2026-04-23T00:16:31.141143Z</time></trkpt>
  <trkpt lat="37.4128778" lon="-121.9959047"><ele>86</ele><time>2026-04-23T00:16:31.241453Z</time></trkpt>
  <trkpt lat="37.4128790" lon="-121.9959135"><ele>88</ele><time>2026-04-23T00:16:31.341977Z</time></trkpt>
  <trkpt lat="37.4128827" lon="-121.9959232"><ele>89</ele><time>2026-04-23T00:16:31.442506Z</time></trkpt>
  <trkpt lat="37.4128885" lon="-121.9959299"><ele>90</ele><time>2026-04-23T00:16:31.543074Z</time></trkpt>
  <trkpt lat="37.4128946" lon="-121.9959356"><ele>91</ele><time>2026-04-23T00:16:31.643163Z</time></trkpt>
  <trkpt lat="37.4128997" lon="-121.9959430"><ele>92</ele><time>2026-04-23T00:16:31.723470Z</time></trkpt>
  <trkpt lat="37.4129041" lon="-121.9959518"><ele>92</ele><time>2026-04-23T00:16:31.823861Z</time></trkpt>
  <trkpt lat="37.4129079" lon="-121.9959625"><ele>93</ele><time>2026-04-23T00:16:31.925274Z</time></trkpt>
  <trkpt lat="37.4129079" lon="-121.9959625"><ele>93</ele><time>2026-04-23T00:16:31.966359Z</time></trkpt>
  <trkpt lat="37.4129106" lon="-121.9959738"><ele>93</ele><time>2026-04-23T00:16:32.026524Z</time></trkpt>
  <trkpt lat="37.4129129" lon="-121.9959862"><ele>94</ele><time>2026-04-23T00:16:32.127367Z</time></trkpt>
  <trkpt lat="37.4129137" lon="-121.9960006"><ele>93</ele><time>2026-04-23T00:16:32.227032Z</time></trkpt>
  <trkpt lat="37.4129134" lon="-121.9960165"><ele>93</ele><time>2026-04-23T00:16:32.327373Z</time></trkpt>
  <trkpt lat="37.4129123" lon="-121.9960308"><ele>92</ele><time>2026-04-23T00:16:32.428226Z</time></trkpt>
  <trkpt lat="37.4129100" lon="-121.9960426"><ele>92</ele><time>2026-04-23T00:16:32.529234Z</time></trkpt>
  <trkpt lat="37.4129090" lon="-121.9960532"><ele>91</ele><time>2026-04-23T00:16:32.630533Z</time></trkpt>
  <trkpt lat="37.4129056" lon="-121.9960643"><ele>90</ele><time>2026-04-23T00:16:32.730899Z</time></trkpt>
  <trkpt lat="37.4128973" lon="-121.9960748"><ele>89</ele><time>2026-04-23T00:16:32.831237Z</time></trkpt>
  <trkpt lat="37.4128890" lon="-121.9960874"><ele>87</ele><time>2026-04-23T00:16:32.931412Z</time></trkpt>
  <trkpt lat="37.4128809" lon="-121.9961006"><ele>86</ele><time>2026-04-23T00:16:33.031627Z</time></trkpt>
  <trkpt lat="37.4128763" lon="-121.9961089"><ele>85</ele><time>2026-04-23T00:16:33.132012Z</time></trkpt>
  <trkpt lat="37.4128715" lon="-121.9961169"><ele>84</ele><time>2026-04-23T00:16:33.232163Z</time></trkpt>
  <trkpt lat="37.4128656" lon="-121.9961252"><ele>83</ele><time>2026-04-23T00:16:33.332351Z</time></trkpt>
  <trkpt lat="37.4128632" lon="-121.9961322"><ele>82</ele><time>2026-04-23T00:16:33.433097Z</time></trkpt>
  <trkpt lat="37.4128626" lon="-121.9961380"><ele>81</ele><time>2026-04-23T00:16:33.533715Z</time></trkpt>
  <trkpt lat="37.4128614" lon="-121.9961390"><ele>80</ele><time>2026-04-23T00:16:33.634452Z</time></trkpt>
  <trkpt lat="37.4128612" lon="-121.9961337"><ele>80</ele><time>2026-04-23T00:16:33.734903Z</time></trkpt>
  <trkpt lat="37.4128636" lon="-121.9961218"><ele>79</ele><time>2026-04-23T00:16:33.835032Z</time></trkpt>
  <trkpt lat="37.4128691" lon="-121.9961104"><ele>78</ele><time>2026-04-23T00:16:33.935343Z</time></trkpt>
  <trkpt lat="37.4128755" lon="-121.9960989"><ele>78</ele><time>2026-04-23T00:16:34.037347Z</time></trkpt>
  <trkpt lat="37.4128755" lon="-121.9960989"><ele>78</ele><time>2026-04-23T00:16:34.122389Z</time></trkpt>
  <trkpt lat="37.4128844" lon="-121.9960884"><ele>78</ele><time>2026-04-23T00:16:34.138435Z</time></trkpt>
  <trkpt lat="37.4128945" lon="-121.9960811"><ele>77</ele><time>2026-04-23T00:16:34.238882Z</time></trkpt>
  <trkpt lat="37.4129053" lon="-121.9960774"><ele>77</ele><time>2026-04-23T00:16:34.339560Z</time></trkpt>
  <trkpt lat="37.4129167" lon="-121.9960751"><ele>76</ele><time>2026-04-23T00:16:34.439800Z</time></trkpt>
  <trkpt lat="37.4129286" lon="-121.9960745"><ele>76</ele><time>2026-04-23T00:16:34.520223Z</time></trkpt>
  <trkpt lat="37.4129416" lon="-121.9960761"><ele>76</ele><time>2026-04-23T00:16:34.621264Z</time></trkpt>
  <trkpt lat="37.4129531" lon="-121.9960803"><ele>75</ele><time>2026-04-23T00:16:34.721408Z</time></trkpt>
  <trkpt lat="37.4129630" lon="-121.9960867"><ele>74</ele><time>2026-04-23T00:16:34.822786Z</time></trkpt>
  <trkpt lat="37.4129726" lon="-121.9960954"><ele>73</ele><time>2026-04-23T00:16:34.924097Z</time></trkpt>
  <trkpt lat="37.4129798" lon="-121.9961048"><ele>73</ele><time>2026-04-23T00:16:35.023384Z</time></trkpt>
  <trkpt lat="37.4129840" lon="-121.9961167"><ele>72</ele><time>2026-04-23T00:16:35.123790Z</time></trkpt>
  <trkpt lat="37.4129874" lon="-121.9961303"><ele>72</ele><time>2026-04-23T00:16:35.224937Z</time></trkpt>
  <trkpt lat="37.4129918" lon="-121.9961441"><ele>72</ele><time>2026-04-23T00:16:35.325231Z</time></trkpt>
  <trkpt lat="37.4129943" lon="-121.9961594"><ele>71</ele><time>2026-04-23T00:16:35.425935Z</time></trkpt>
  <trkpt lat="37.4129958" lon="-121.9961750"><ele>71</ele><time>2026-04-23T00:16:35.526335Z</time></trkpt>
  <trkpt lat="37.4129972" lon="-121.9961900"><ele>70</ele><time>2026-04-23T00:16:35.626630Z</time></trkpt>
  <trkpt lat="37.4129985" lon="-121.9962048"><ele>70</ele><time>2026-04-23T00:16:35.726811Z</time></trkpt>
  <trkpt lat="37.4130004" lon="-121.9962188"><ele>70</ele><time>2026-04-23T00:16:35.827325Z</time></trkpt>
  <trkpt lat="37.4130029" lon="-121.9962322"><ele>70</ele><time>2026-04-23T00:16:35.928321Z</time></trkpt>
  <trkpt lat="37.4130053" lon="-121.9962454"><ele>70</ele><time>2026-04-23T00:16:36.029584Z</time></trkpt>
  <trkpt lat="37.4130064" lon="-121.9962607"><ele>70</ele><time>2026-04-23T00:16:36.129700Z</time></trkpt>
  <trkpt lat="37.4130056" lon="-121.9962759"><ele>69</ele><time>2026-04-23T00:16:36.230109Z</time></trkpt>
  <trkpt lat="37.4130056" lon="-121.9962759"><ele>69</ele><time>2026-04-23T00:16:36.277575Z</time></trkpt>
  <trkpt lat="37.4130062" lon="-121.9962885"><ele>68</ele><time>2026-04-23T00:16:36.330598Z</time></trkpt>
  <trkpt lat="37.4130064" lon="-121.9962976"><ele>67</ele><time>2026-04-23T00:16:36.431065Z</time></trkpt>
  <trkpt lat="37.4130076" lon="-121.9963054"><ele>66</ele><time>2026-04-23T00:16:36.531144Z</time></trkpt>
  <trkpt lat="37.4130107" lon="-121.9963107"><ele>65</ele><time>2026-04-23T00:16:36.631443Z</time></trkpt>
  <trkpt lat="37.4130150" lon="-121.9963106"><ele>64</ele><time>2026-04-23T00:16:36.731628Z</time></trkpt>
  <trkpt lat="37.4130185" lon="-121.9963064"><ele>62</ele><time>2026-04-23T00:16:36.832788Z</time></trkpt>
  <trkpt lat="37.4130218" lon="-121.9962985"><ele>61</ele><time>2026-04-23T00:16:36.932821Z</time></trkpt>
  <trkpt lat="37.4130221" lon="-121.9962805"><ele>59</ele><time>2026-04-23T00:16:37.033478Z</time></trkpt>
  <trkpt lat="37.4130225" lon="-121.9962617"><ele>57</ele><time>2026-04-23T00:16:37.134102Z</time></trkpt>
  <trkpt lat="37.4130222" lon="-121.9962402"><ele>56</ele><time>2026-04-23T00:16:37.234845Z</time></trkpt>
  <trkpt lat="37.4130205" lon="-121.9962137"><ele>55</ele><time>2026-04-23T00:16:37.335926Z</time></trkpt>
  <trkpt lat="37.4130186" lon="-121.9961846"><ele>56</ele><time>2026-04-23T00:16:37.436306Z</time></trkpt>
  <trkpt lat="37.4130168" lon="-121.9961560"><ele>56</ele><time>2026-04-23T00:16:37.536934Z</time></trkpt>
  <trkpt lat="37.4130143" lon="-121.9961283"><ele>56</ele><time>2026-04-23T00:16:37.617300Z</time></trkpt>
  <trkpt lat="37.4130121" lon="-121.9961000"><ele>56</ele><time>2026-04-23T00:16:37.717901Z</time></trkpt>
  <trkpt lat="37.4130108" lon="-121.9960708"><ele>55</ele><time>2026-04-23T00:16:37.818151Z</time></trkpt>
  <trkpt lat="37.4130108" lon="-121.9960402"><ele>55</ele><time>2026-04-23T00:16:37.918571Z</time></trkpt>
  <trkpt lat="37.4130113" lon="-121.9960095"><ele>56</ele><time>2026-04-23T00:16:38.019259Z</time></trkpt>
  <trkpt lat="37.4130123" lon="-121.9959778"><ele>57</ele><time>2026-04-23T00:16:38.119779Z</time></trkpt>
  <trkpt lat="37.4130138" lon="-121.9959481"><ele>58</ele><time>2026-04-23T00:16:38.221405Z</time></trkpt>
  <trkpt lat="37.4130154" lon="-121.9959202"><ele>58</ele><time>2026-04-23T00:16:38.321919Z</time></trkpt>
  <trkpt lat="37.4130169" lon="-121.9958921"><ele>58</ele><time>2026-04-23T00:16:38.422432Z</time></trkpt>
  <trkpt lat="37.4130169" lon="-121.9958921"><ele>58</ele><time>2026-04-23T00:16:38.433273Z</time></trkpt>
  <trkpt lat="37.4130184" lon="-121.9958639"><ele>58</ele><time>2026-04-23T00:16:38.523621Z</time></trkpt>
  <trkpt lat="37.4130199" lon="-121.9958362"><ele>58</ele><time>2026-04-23T00:16:38.624269Z</time></trkpt>
  <trkpt lat="37.4130215" lon="-121.9958088"><ele>57</ele><time>2026-04-23T00:16:38.724307Z</time></trkpt>
  <trkpt lat="37.4130227" lon="-121.9957817"><ele>57</ele><time>2026-04-23T00:16:38.824629Z</time></trkpt>
  <trkpt lat="37.4130243" lon="-121.9957545"><ele>57</ele><time>2026-04-23T00:16:38.924829Z</time></trkpt>
  <trkpt lat="37.4130268" lon="-121.9957285"><ele>56</ele><time>2026-04-23T00:16:39.025179Z</time></trkpt>
  <trkpt lat="37.4130329" lon="-121.9957028"><ele>57</ele><time>2026-04-23T00:16:39.125401Z</time></trkpt>
  <trkpt lat="37.4130376" lon="-121.9956792"><ele>57</ele><time>2026-04-23T00:16:39.226326Z</time></trkpt>
  <trkpt lat="37.4130425" lon="-121.9956563"><ele>58</ele><time>2026-04-23T00:16:39.326678Z</time></trkpt>
  <trkpt lat="37.4130473" lon="-121.9956336"><ele>58</ele><time>2026-04-23T00:16:39.427151Z</time></trkpt>
  <trkpt lat="37.4130519" lon="-121.9956109"><ele>58</ele><time>2026-04-23T00:16:39.527922Z</time></trkpt>
  <trkpt lat="37.4130565" lon="-121.9955877"><ele>58</ele><time>2026-04-23T00:16:39.629107Z</time></trkpt>
  <trkpt lat="37.4130615" lon="-121.9955652"><ele>58</ele><time>2026-04-23T00:16:39.729416Z</time></trkpt>
  <trkpt lat="37.4130662" lon="-121.9955427"><ele>58</ele><time>2026-04-23T00:16:39.829834Z</time></trkpt>
  <trkpt lat="37.4130707" lon="-121.9955196"><ele>57</ele><time>2026-04-23T00:16:39.930016Z</time></trkpt>
  <trkpt lat="37.4130751" lon="-121.9954962"><ele>57</ele><time>2026-04-23T00:16:40.031044Z</time></trkpt>
  <trkpt lat="37.4130789" lon="-121.9954724"><ele>57</ele><time>2026-04-23T00:16:40.131372Z</time></trkpt>
  <trkpt lat="37.4130820" lon="-121.9954480"><ele>56</ele><time>2026-04-23T00:16:40.232524Z</time></trkpt>
  <trkpt lat="37.4130843" lon="-121.9954233"><ele>56</ele><time>2026-04-23T00:16:40.332221Z</time></trkpt>
  <trkpt lat="37.4130855" lon="-121.9953986"><ele>56</ele><time>2026-04-23T00:16:40.433711Z</time></trkpt>
  <trkpt lat="37.4130865" lon="-121.9953743"><ele>56</ele><time>2026-04-23T00:16:40.513982Z</time></trkpt>
  <trkpt lat="37.4130865" lon="-121.9953743"><ele>56</ele><time>2026-04-23T00:16:40.591982Z</time></trkpt>
  <trkpt lat="37.4130874" lon="-121.9953499"><ele>56</ele><time>2026-04-23T00:16:40.614961Z</time></trkpt>
  <trkpt lat="37.4130881" lon="-121.9953257"><ele>56</ele><time>2026-04-23T00:16:40.715476Z</time></trkpt>
  <trkpt lat="37.4130889" lon="-121.9953017"><ele>55</ele><time>2026-04-23T00:16:40.816152Z</time></trkpt>
  <trkpt lat="37.4130896" lon="-121.9952778"><ele>55</ele><time>2026-04-23T00:16:40.916581Z</time></trkpt>
  <trkpt lat="37.4130906" lon="-121.9952538"><ele>55</ele><time>2026-04-23T00:16:41.016916Z</time></trkpt>
  <trkpt lat="37.4130921" lon="-121.9952304"><ele>55</ele><time>2026-04-23T00:16:41.117330Z</time></trkpt>
  <trkpt lat="37.4130937" lon="-121.9952075"><ele>55</ele><time>2026-04-23T00:16:41.217944Z</time></trkpt>
  <trkpt lat="37.4130952" lon="-121.9951844"><ele>55</ele><time>2026-04-23T00:16:41.318301Z</time></trkpt>
  <trkpt lat="37.4130973" lon="-121.9951618"><ele>55</ele><time>2026-04-23T00:16:41.419614Z</time></trkpt>
  <trkpt lat="37.4130996" lon="-121.9951394"><ele>55</ele><time>2026-04-23T00:16:41.520194Z</time></trkpt>
  <trkpt lat="37.4131019" lon="-121.9951166"><ele>55</ele><time>2026-04-23T00:16:41.620916Z</time></trkpt>
  <trkpt lat="37.4131041" lon="-121.9950945"><ele>55</ele><time>2026-04-23T00:16:41.721547Z</time></trkpt>
  <trkpt lat="37.4131066" lon="-121.9950723"><ele>55</ele><time>2026-04-23T00:16:41.822337Z</time></trkpt>
  <trkpt lat="37.4131088" lon="-121.9950502"><ele>54</ele><time>2026-04-23T00:16:41.923049Z</time></trkpt>
  <trkpt lat="37.4131120" lon="-121.9950279"><ele>54</ele><time>2026-04-23T00:16:42.023639Z</time></trkpt>
  <trkpt lat="37.4131149" lon="-121.9950058"><ele>54</ele><time>2026-04-23T00:16:42.123689Z</time></trkpt>
  <trkpt lat="37.4131181" lon="-121.9949838"><ele>54</ele><time>2026-04-23T00:16:42.224626Z</time></trkpt>
  <trkpt lat="37.4131212" lon="-121.9949620"><ele>54</ele><time>2026-04-23T00:16:42.325353Z</time></trkpt>
  <trkpt lat="37.4131240" lon="-121.9949398"><ele>54</ele><time>2026-04-23T00:16:42.425874Z</time></trkpt>
  <trkpt lat="37.4131269" lon="-121.9949177"><ele>54</ele><time>2026-04-23T00:16:42.525953Z</time></trkpt>
  <trkpt lat="37.4131298" lon="-121.9948953"><ele>53</ele><time>2026-04-23T00:16:42.626446Z</time></trkpt>
  <trkpt lat="37.4131325" lon="-121.9948726"><ele>53</ele><time>2026-04-23T00:16:42.726969Z</time></trkpt>
  <trkpt lat="37.4131325" lon="-121.9948726"><ele>53</ele><time>2026-04-23T00:16:42.745089Z</time></trkpt>
  <trkpt lat="37.4131349" lon="-121.9948499"><ele>53</ele><time>2026-04-23T00:16:42.827473Z</time></trkpt>
  <trkpt lat="37.4131369" lon="-121.9948271"><ele>52</ele><time>2026-04-23T00:16:42.928046Z</time></trkpt>
  <trkpt lat="37.4131385" lon="-121.9948037"><ele>52</ele><time>2026-04-23T00:16:43.028294Z</time></trkpt>
  <trkpt lat="37.4131399" lon="-121.9947798"><ele>51</ele><time>2026-04-23T00:16:43.128695Z</time></trkpt>
  <trkpt lat="37.4131411" lon="-121.9947557"><ele>51</ele><time>2026-04-23T00:16:43.228989Z</time></trkpt>
  <trkpt lat="37.4131419" lon="-121.9947312"><ele>51</ele><time>2026-04-23T00:16:43.329092Z</time></trkpt>
  <trkpt lat="37.4131420" lon="-121.9947064"><ele>51</ele><time>2026-04-23T00:16:43.429813Z</time></trkpt>
  <trkpt lat="37.4131416" lon="-121.9946808"><ele>51</ele><time>2026-04-23T00:16:43.529612Z</time></trkpt>
  <trkpt lat="37.4131408" lon="-121.9946554"><ele>51</ele><time>2026-04-23T00:16:43.630259Z</time></trkpt>
  <trkpt lat="37.4131397" lon="-121.9946300"><ele>50</ele><time>2026-04-23T00:16:43.730950Z</time></trkpt>
  <trkpt lat="37.4131381" lon="-121.9946047"><ele>50</ele><time>2026-04-23T00:16:43.811511Z</time></trkpt>
  <trkpt lat="37.4131351" lon="-121.9945793"><ele>50</ele><time>2026-04-23T00:16:43.912762Z</time></trkpt>
  <trkpt lat="37.4131317" lon="-121.9945535"><ele>50</ele><time>2026-04-23T00:16:44.013045Z</time></trkpt>
  <trkpt lat="37.4131277" lon="-121.9945279"><ele>50</ele><time>2026-04-23T00:16:44.113551Z</time></trkpt>
  <trkpt lat="37.4131239" lon="-121.9945028"><ele>50</ele><time>2026-04-23T00:16:44.214690Z</time></trkpt>
  <trkpt lat="37.4131199" lon="-121.9944779"><ele>50</ele><time>2026-04-23T00:16:44.315390Z</time></trkpt>
  <trkpt lat="37.4131163" lon="-121.9944536"><ele>50</ele><time>2026-04-23T00:16:44.415663Z</time></trkpt>
  <trkpt lat="37.4131130" lon="-121.9944301"><ele>50</ele><time>2026-04-23T00:16:44.516101Z</time></trkpt>
  <trkpt lat="37.4131083" lon="-121.9944067"><ele>49</ele><time>2026-04-23T00:16:44.616446Z</time></trkpt>
  <trkpt lat="37.4131016" lon="-121.9943836"><ele>49</ele><time>2026-04-23T00:16:44.718069Z</time></trkpt>
  <trkpt lat="37.4130932" lon="-121.9943607"><ele>48</ele><time>2026-04-23T00:16:44.818760Z</time></trkpt>
  <trkpt lat="37.4130932" lon="-121.9943607"><ele>48</ele><time>2026-04-23T00:16:44.908320Z</time></trkpt>
  <trkpt lat="37.4130831" lon="-121.9943385"><ele>47</ele><time>2026-04-23T00:16:44.919358Z</time></trkpt>
  <trkpt lat="37.4130713" lon="-121.9943173"><ele>47</ele><time>2026-04-23T00:16:45.019552Z</time></trkpt>
  <trkpt lat="37.4130581" lon="-121.9942969"><ele>46</ele><time>2026-04-23T00:16:45.120258Z</time></trkpt>
  <trkpt lat="37.4130434" lon="-121.9942778"><ele>46</ele><time>2026-04-23T00:16:45.220827Z</time></trkpt>
  <trkpt lat="37.4130265" lon="-121.9942598"><ele>45</ele><time>2026-04-23T00:16:45.322049Z</time></trkpt>
  <trkpt lat="37.4130080" lon="-121.9942433"><ele>45</ele><time>2026-04-23T00:16:45.422885Z</time></trkpt>
  <trkpt lat="37.4129888" lon="-121.9942294"><ele>44</ele><time>2026-04-23T00:16:45.523093Z</time></trkpt>
  <trkpt lat="37.4129689" lon="-121.9942174"><ele>44</ele><time>2026-04-23T00:16:45.624604Z</time></trkpt>
  <trkpt lat="37.4129481" lon="-121.9942073"><ele>43</ele><time>2026-04-23T00:16:45.725739Z</time></trkpt>
  <trkpt lat="37.4129267" lon="-121.9941990"><ele>43</ele><time>2026-04-23T00:16:45.825715Z</time></trkpt>
  <trkpt lat="37.4129050" lon="-121.9941928"><ele>43</ele><time>2026-04-23T00:16:45.926528Z</time></trkpt>
  <trkpt lat="37.4128836" lon="-121.9941892"><ele>42</ele><time>2026-04-23T00:16:46.026832Z</time></trkpt>
  <trkpt lat="37.4128620" lon="-121.9941876"><ele>42</ele><time>2026-04-23T00:16:46.127681Z</time></trkpt>
  <trkpt lat="37.4128407" lon="-121.9941872"><ele>41</ele><time>2026-04-23T00:16:46.208909Z</time></trkpt>
  <trkpt lat="37.4128198" lon="-121.9941879"><ele>41</ele><time>2026-04-23T00:16:46.309468Z</time></trkpt>
  <trkpt lat="37.4127991" lon="-121.9941896"><ele>41</ele><time>2026-04-23T00:16:46.410590Z</time></trkpt>
  <trkpt lat="37.4127784" lon="-121.9941915"><ele>40</ele><time>2026-04-23T00:16:46.511299Z</time></trkpt>
  <trkpt lat="37.4127575" lon="-121.9941932"><ele>40</ele><time>2026-04-23T00:16:46.611612Z</time></trkpt>
  <trkpt lat="37.4127367" lon="-121.9941952"><ele>39</ele><time>2026-04-23T00:16:46.712001Z</time></trkpt>
  <trkpt lat="37.4127157" lon="-121.9941976"><ele>39</ele><time>2026-04-23T00:16:46.813283Z</time></trkpt>
  <trkpt lat="37.4126946" lon="-121.9941997"><ele>38</ele><time>2026-04-23T00:16:46.914669Z</time></trkpt>
  <trkpt lat="37.4126733" lon="-121.9942022"><ele>38</ele><time>2026-04-23T00:16:47.015069Z</time></trkpt>
  <trkpt lat="37.4126733" lon="-121.9942022"><ele>38</ele><time>2026-04-23T00:16:47.067178Z</time></trkpt>
  <trkpt lat="37.4126520" lon="-121.9942048"><ele>38</ele><time>2026-04-23T00:16:47.115493Z</time></trkpt>
  <trkpt lat="37.4126306" lon="-121.9942074"><ele>37</ele><time>2026-04-23T00:16:47.215663Z</time></trkpt>
  <trkpt lat="37.4126094" lon="-121.9942105"><ele>37</ele><time>2026-04-23T00:16:47.315863Z</time></trkpt>
  <trkpt lat="37.4125886" lon="-121.9942138"><ele>37</ele><time>2026-04-23T00:16:47.416279Z</time></trkpt>
  <trkpt lat="37.4125681" lon="-121.9942172"><ele>37</ele><time>2026-04-23T00:16:47.517079Z</time></trkpt>
  <trkpt lat="37.4125478" lon="-121.9942202"><ele>37</ele><time>2026-04-23T00:16:47.617896Z</time></trkpt>
  <trkpt lat="37.4125278" lon="-121.9942233"><ele>37</ele><time>2026-04-23T00:16:47.717549Z</time></trkpt>
  <trkpt lat="37.4125085" lon="-121.9942267"><ele>37</ele><time>2026-04-23T00:16:47.818337Z</time></trkpt>
  <trkpt lat="37.4124895" lon="-121.9942301"><ele>37</ele><time>2026-04-23T00:16:47.918828Z</time></trkpt>
  <trkpt lat="37.4124707" lon="-121.9942333"><ele>37</ele><time>2026-04-23T00:16:48.020157Z</time></trkpt>
  <trkpt lat="37.4124521" lon="-121.9942360"><ele>37</ele><time>2026-04-23T00:16:48.120968Z</time></trkpt>
  <trkpt lat="37.4124340" lon="-121.9942387"><ele>37</ele><time>2026-04-23T00:16:48.222254Z</time></trkpt>
  <trkpt lat="37.4124164" lon="-121.9942412"><ele>36</ele><time>2026-04-23T00:16:48.323328Z</time></trkpt>
  <trkpt lat="37.4123991" lon="-121.9942436"><ele>36</ele><time>2026-04-23T00:16:48.423413Z</time></trkpt>
  <trkpt lat="37.4123818" lon="-121.9942457"><ele>36</ele><time>2026-04-23T00:16:48.523798Z</time></trkpt>
  <trkpt lat="37.4123645" lon="-121.9942475"><ele>35</ele><time>2026-04-23T00:16:48.624176Z</time></trkpt>
  <trkpt lat="37.4123470" lon="-121.9942487"><ele>35</ele><time>2026-04-23T00:16:48.705410Z</time></trkpt>
  <trkpt lat="37.4123294" lon="-121.9942495"><ele>35</ele><time>2026-04-23T00:16:48.806154Z</time></trkpt>
  <trkpt lat="37.4123120" lon="-121.9942502"><ele>35</ele><time>2026-04-23T00:16:48.907010Z</time></trkpt>
  <trkpt lat="37.4122947" lon="-121.9942501"><ele>35</ele><time>2026-04-23T00:16:49.007716Z</time></trkpt>
  <trkpt lat="37.4122776" lon="-121.9942501"><ele>35</ele><time>2026-04-23T00:16:49.108366Z</time></trkpt>
  <trkpt lat="37.4122608" lon="-121.9942508"><ele>35</ele><time>2026-04-23T00:16:49.208768Z</time></trkpt>
  <trkpt lat="37.4122608" lon="-121.9942508"><ele>35</ele><time>2026-04-23T00:16:49.223820Z</time></trkpt>
  <trkpt lat="37.4122445" lon="-121.9942513"><ele>34</ele><time>2026-04-23T00:16:49.309486Z</time></trkpt>
  <trkpt lat="37.4122285" lon="-121.9942517"><ele>34</ele><time>2026-04-23T00:16:49.409770Z</time></trkpt>
  <trkpt lat="37.4122127" lon="-121.9942522"><ele>34</ele><time>2026-04-23T00:16:49.510053Z</time></trkpt>
  <trkpt lat="37.4121975" lon="-121.9942531"><ele>34</ele><time>2026-04-23T00:16:49.610666Z</time></trkpt>
  <trkpt lat="37.4121827" lon="-121.9942547"><ele>34</ele><time>2026-04-23T00:16:49.711259Z</time></trkpt>
  <trkpt lat="37.4121683" lon="-121.9942568"><ele>34</ele><time>2026-04-23T00:16:49.812499Z</time></trkpt>
  <trkpt lat="37.4121543" lon="-121.9942597"><ele>33</ele><time>2026-04-23T00:16:49.913919Z</time></trkpt>
  <trkpt lat="37.4121408" lon="-121.9942624"><ele>33</ele><time>2026-04-23T00:16:50.014890Z</time></trkpt>
  <trkpt lat="37.4121281" lon="-121.9942651"><ele>33</ele><time>2026-04-23T00:16:50.115652Z</time></trkpt>
  <trkpt lat="37.4121154" lon="-121.9942683"><ele>32</ele><time>2026-04-23T00:16:50.215835Z</time></trkpt>
  <trkpt lat="37.4121031" lon="-121.9942720"><ele>32</ele><time>2026-04-23T00:16:50.316791Z</time></trkpt>
  <trkpt lat="37.4120914" lon="-121.9942763"><ele>31</ele><time>2026-04-23T00:16:50.417241Z</time></trkpt>
  <trkpt lat="37.4120806" lon="-121.9942819"><ele>30</ele><time>2026-04-23T00:16:50.518250Z</time></trkpt>
  <trkpt lat="37.4120706" lon="-121.9942893"><ele>30</ele><time>2026-04-23T00:16:50.618354Z</time></trkpt>
  <trkpt lat="37.4120613" lon="-121.9942980"><ele>29</ele><time>2026-04-23T00:16:50.718716Z</time></trkpt>
  <trkpt lat="37.4120527" lon="-121.9943071"><ele>29</ele><time>2026-04-23T00:16:50.819246Z</time></trkpt>
  <trkpt lat="37.4120446" lon="-121.9943166"><ele>28</ele><time>2026-04-23T00:16:50.919528Z</time></trkpt>
  <trkpt lat="37.4120371" lon="-121.9943264"><ele>28</ele><time>2026-04-23T00:16:51.020750Z</time></trkpt>
  <trkpt lat="37.4120300" lon="-121.9943361"><ele>27</ele><time>2026-04-23T00:16:51.121182Z</time></trkpt>
  <trkpt lat="37.4120233" lon="-121.9943463"><ele>26</ele><time>2026-04-23T00:16:51.203135Z</time></trkpt>
  <trkpt lat="37.4120170" lon="-121.9943571"><ele>26</ele><time>2026-04-23T00:16:51.323285Z</time></trkpt>
  <trkpt lat="37.4120170" lon="-121.9943571"><ele>26</ele><time>2026-04-23T00:16:51.378609Z</time></trkpt>
  <trkpt lat="37.4120108" lon="-121.9943680"><ele>25</ele><time>2026-04-23T00:16:51.403604Z</time></trkpt>
  <trkpt lat="37.4120048" lon="-121.9943790"><ele>25</ele><time>2026-04-23T00:16:51.503789Z</time></trkpt>
  <trkpt lat="37.4119989" lon="-121.9943900"><ele>24</ele><time>2026-04-23T00:16:51.604351Z</time></trkpt>
  <trkpt lat="37.4119933" lon="-121.9944009"><ele>23</ele><time>2026-04-23T00:16:51.705532Z</time></trkpt>
  <trkpt lat="37.4119880" lon="-121.9944120"><ele>23</ele><time>2026-04-23T00:16:51.805957Z</time></trkpt>
  <trkpt lat="37.4119829" lon="-121.9944235"><ele>22</ele><time>2026-04-23T00:16:51.906061Z</time></trkpt>
  <trkpt lat="37.4119780" lon="-121.9944352"><ele>22</ele><time>2026-04-23T00:16:52.006689Z</time></trkpt>
  <trkpt lat="37.4119734" lon="-121.9944471"><ele>22</ele><time>2026-04-23T00:16:52.107802Z</time></trkpt>
  <trkpt lat="37.4119688" lon="-121.9944590"><ele>21</ele><time>2026-04-23T00:16:52.208533Z</time></trkpt>
  <trkpt lat="37.4119641" lon="-121.9944709"><ele>21</ele><time>2026-04-23T00:16:52.309050Z</time></trkpt>
  <trkpt lat="37.4119596" lon="-121.9944825"><ele>20</ele><time>2026-04-23T00:16:52.409899Z</time></trkpt>
  <trkpt lat="37.4119550" lon="-121.9944941"><ele>20</ele><time>2026-04-23T00:16:52.510500Z</time></trkpt>
  <trkpt lat="37.4119505" lon="-121.9945057"><ele>20</ele><time>2026-04-23T00:16:52.610764Z</time></trkpt>
  <trkpt lat="37.4119460" lon="-121.9945172"><ele>19</ele><time>2026-04-23T00:16:52.711224Z</time></trkpt>
  <trkpt lat="37.4119415" lon="-121.9945287"><ele>19</ele><time>2026-04-23T00:16:52.811627Z</time></trkpt>
  <trkpt lat="37.4119369" lon="-121.9945402"><ele>18</ele><time>2026-04-23T00:16:52.911937Z</time></trkpt>
  <trkpt lat="37.4119321" lon="-121.9945517"><ele>18</ele><time>2026-04-23T00:16:53.012373Z</time></trkpt>
  <trkpt lat="37.4119273" lon="-121.9945633"><ele>17</ele><time>2026-04-23T00:16:53.112922Z</time></trkpt>
  <trkpt lat="37.4119226" lon="-121.9945751"><ele>17</ele><time>2026-04-23T00:16:53.213280Z</time></trkpt>
  <trkpt lat="37.4119181" lon="-121.9945871"><ele>17</ele><time>2026-04-23T00:16:53.313404Z</time></trkpt>
  <trkpt lat="37.4119138" lon="-121.9945992"><ele>16</ele><time>2026-04-23T00:16:53.414004Z</time></trkpt>
  <trkpt lat="37.4119095" lon="-121.9946112"><ele>16</ele><time>2026-04-23T00:16:53.514426Z</time></trkpt>
  <trkpt lat="37.4119095" lon="-121.9946112"><ele>16</ele><time>2026-04-23T00:16:53.536360Z</time></trkpt>
  <trkpt lat="37.4119054" lon="-121.9946228"><ele>15</ele><time>2026-04-23T00:16:53.615540Z</time></trkpt>
  <trkpt lat="37.4119012" lon="-121.9946346"><ele>15</ele><time>2026-04-23T00:16:53.716290Z</time></trkpt>
  <trkpt lat="37.4118971" lon="-121.9946462"><ele>15</ele><time>2026-04-23T00:16:53.816756Z</time></trkpt>
  <trkpt lat="37.4118927" lon="-121.9946576"><ele>14</ele><time>2026-04-23T00:16:53.917389Z</time></trkpt>
  <trkpt lat="37.4118882" lon="-121.9946689"><ele>14</ele><time>2026-04-23T00:16:54.018148Z</time></trkpt>
  <trkpt lat="37.4118836" lon="-121.9946800"><ele>14</ele><time>2026-04-23T00:16:54.118301Z</time></trkpt>
  <trkpt lat="37.4118786" lon="-121.9946910"><ele>14</ele><time>2026-04-23T00:16:54.219015Z</time></trkpt>
  <trkpt lat="37.4118735" lon="-121.9947019"><ele>13</ele><time>2026-04-23T00:16:54.299048Z</time></trkpt>
  <trkpt lat="37.4118684" lon="-121.9947124"><ele>13</ele><time>2026-04-23T00:16:54.400200Z</time></trkpt>
  <trkpt lat="37.4118635" lon="-121.9947225"><ele>13</ele><time>2026-04-23T00:16:54.500649Z</time></trkpt>
  <trkpt lat="37.4118588" lon="-121.9947324"><ele>12</ele><time>2026-04-23T00:16:54.601009Z</time></trkpt>
  <trkpt lat="37.4118545" lon="-121.9947421"><ele>12</ele><time>2026-04-23T00:16:54.702122Z</time></trkpt>
  <trkpt lat="37.4118505" lon="-121.9947517"><ele>11</ele><time>2026-04-23T00:16:54.802621Z</time></trkpt>
  <trkpt lat="37.4118469" lon="-121.9947612"><ele>11</ele><time>2026-04-23T00:16:54.902746Z</time></trkpt>
  <trkpt lat="37.4118436" lon="-121.9947709"><ele>10</ele><time>2026-04-23T00:16:55.003188Z</time></trkpt>
  <trkpt lat="37.4118407" lon="-121.9947803"><ele>10</ele><time>2026-04-23T00:16:55.103879Z</time></trkpt>
  <trkpt lat="37.4118383" lon="-121.9947898"><ele>10</ele><time>2026-04-23T00:16:55.204588Z</time></trkpt>
  <trkpt lat="37.4118362" lon="-121.9947988"><ele>9</ele><time>2026-04-23T00:16:55.304736Z</time></trkpt>
  <trkpt lat="37.4118342" lon="-121.9948077"><ele>9</ele><time>2026-04-23T00:16:55.405149Z</time></trkpt>
  <trkpt lat="37.4118321" lon="-121.9948165"><ele>9</ele><time>2026-04-23T00:16:55.506004Z</time></trkpt>
  <trkpt lat="37.4118303" lon="-121.9948252"><ele>9</ele><time>2026-04-23T00:16:55.606505Z</time></trkpt>
  <trkpt lat="37.4118303" lon="-121.9948252"><ele>9</ele><time>2026-04-23T00:16:55.694219Z</time></trkpt>
  <trkpt lat="37.4118284" lon="-121.9948337"><ele>9</ele><time>2026-04-23T00:16:55.706814Z</time></trkpt>
  <trkpt lat="37.4118267" lon="-121.9948419"><ele>8</ele><time>2026-04-23T00:16:55.807373Z</time></trkpt>
  <trkpt lat="37.4118250" lon="-121.9948503"><ele>8</ele><time>2026-04-23T00:16:55.907624Z</time></trkpt>
  <trkpt lat="37.4118234" lon="-121.9948584"><ele>8</ele><time>2026-04-23T00:16:56.008401Z</time></trkpt>
  <trkpt lat="37.4118216" lon="-121.9948661"><ele>8</ele><time>2026-04-23T00:16:56.109143Z</time></trkpt>
  <trkpt lat="37.4118201" lon="-121.9948737"><ele>7</ele><time>2026-04-23T00:16:56.208648Z</time></trkpt>
  <trkpt lat="37.4118188" lon="-121.9948810"><ele>7</ele><time>2026-04-23T00:16:56.309225Z</time></trkpt>
  <trkpt lat="37.4118176" lon="-121.9948882"><ele>7</ele><time>2026-04-23T00:16:56.409844Z</time></trkpt>
  <trkpt lat="37.4118166" lon="-121.9948952"><ele>7</ele><time>2026-04-23T00:16:56.510634Z</time></trkpt>
  <trkpt lat="37.4118156" lon="-121.9949019"><ele>7</ele><time>2026-04-23T00:16:56.610723Z</time></trkpt>
  <trkpt lat="37.4118149" lon="-121.9949083"><ele>7</ele><time>2026-04-23T00:16:56.711309Z</time></trkpt>
  <trkpt lat="37.4118143" lon="-121.9949146"><ele>6</ele><time>2026-04-23T00:16:56.812095Z</time></trkpt>
  <trkpt lat="37.4118141" lon="-121.9949208"><ele>6</ele><time>2026-04-23T00:16:56.912651Z</time></trkpt>
  <trkpt lat="37.4118137" lon="-121.9949269"><ele>6</ele><time>2026-04-23T00:16:57.013722Z</time></trkpt>
  <trkpt lat="37.4118134" lon="-121.9949332"><ele>6</ele><time>2026-04-23T00:16:57.114344Z</time></trkpt>
  <trkpt lat="37.4118131" lon="-121.9949393"><ele>5</ele><time>2026-04-23T00:16:57.214911Z</time></trkpt>
  <trkpt lat="37.4118131" lon="-121.9949453"><ele>5</ele><time>2026-04-23T00:16:57.295201Z</time></trkpt>
  <trkpt lat="37.4118132" lon="-121.9949510"><ele>5</ele><time>2026-04-23T00:16:57.415743Z</time></trkpt>
  <trkpt lat="37.4118133" lon="-121.9949567"><ele>5</ele><time>2026-04-23T00:16:57.496048Z</time></trkpt>
  <trkpt lat="37.4118136" lon="-121.9949626"><ele>4</ele><time>2026-04-23T00:16:57.596523Z</time></trkpt>
  <trkpt lat="37.4118141" lon="-121.9949685"><ele>4</ele><time>2026-04-23T00:16:57.697090Z</time></trkpt>
  <trkpt lat="37.4118147" lon="-121.9949743"><ele>3</ele><time>2026-04-23T00:16:57.797991Z</time></trkpt>
  <trkpt lat="37.4118147" lon="-121.9949743"><ele>3</ele><time>2026-04-23T00:16:57.856627Z</time></trkpt>
  <trkpt lat="37.4118155" lon="-121.9949797"><ele>3</ele><time>2026-04-23T00:16:57.897838Z</time></trkpt>
  <trkpt lat="37.4118155" lon="-121.9949854"><ele>3</ele><time>2026-04-23T00:16:57.998443Z</time></trkpt>
  <trkpt lat="37.4118149" lon="-121.9949883"><ele>3</ele><time>2026-04-23T00:16:58.099325Z</time></trkpt>
  <trkpt lat="37.4118157" lon="-121.9949881"><ele>3</ele><time>2026-04-23T00:16:58.200791Z</time></trkpt>
  <trkpt lat="37.4118161" lon="-121.9949881"><ele>3</ele><time>2026-04-23T00:16:58.301145Z</time></trkpt>
  <trkpt lat="37.4118161" lon="-121.9949877"><ele>3</ele><time>2026-04-23T00:16:58.401584Z</time></trkpt>
  <trkpt lat="37.4118162" lon="-121.9949870"><ele>3</ele><time>2026-04-23T00:16:58.502090Z</time></trkpt>
  <trkpt lat="37.4118164" lon="-121.9949865"><ele>3</ele><time>2026-04-23T00:16:58.602669Z</time></trkpt>
  <trkpt lat="37.4118165" lon="-121.9949859"><ele>3</ele><time>2026-04-23T00:16:58.703113Z</time></trkpt>
</trkseg></trk>
</gpx>