t_ms,msp,motor,servo0,servo1,gyro_p,gyro_q,gyro_r,acc_x,acc_y,acc_z,qw,qx,qy,qz,pos_n,pos_e,pos_d,vel_n,vel_e,vel_d,tgtpos_n,tgtpos_e,tgtpos_d,rcData0,rcData1,rcData2,rcData3
193783.8030,3.0000,1604.0000,1500.0000,1500.0000,3.0000,26.0000,-26.0000,-179.0000,-35.0000,1626.0000,0.1844,0.1483,0.2359,-0.9425,122.6400,-52.3100,-85.9700,-23.3500,13.4000,5.0600,0.0000,0.0000,-0.0000,1500.0000,1498.0000,1500.0000,1626.0000
193800.3630,3.0000,1606.0000,1500.0000,1500.0000,-11.0000,30.0000,-27.0000,-224.0000,50.0000,1455.0000,0.1800,0.1510,0.2378,-0.9425,122.1400,-51.9900,-85.8900,-23.3100,13.5200,5.1100,0.0000,0.0000,-0.0000,1500.0000,1500.0000,1500.0000,1628.0000
193816.9560,3.0000,1607.0000,1500.0000,1500.0000,-21.0000,32.0000,-32.0000,-156.0000,139.0000,658.0000,0.1753,0.1538,0.2416,-0.9419,121.6600,-51.6700,-85.8100,-23.2500,13.6400,5.1800,0.0000,0.0000,-0.0000,1500.0000,1498.0000,1500.0000,1630.0000
193833.6560,3.0000,1606.0000,1500.0000,1500.0000,-22.0000,32.0000,-33.0000,-212.0000,-6.0000,155.0000,0.1702,0.1566,0.2461,-0.9412,121.1800,-51.3600,-85.7300,-23.1700,13.7000,5.3100,0.0000,0.0000,-0.0000,1500.0000,1500.0000,1500.0000,1628.0000
193850.4740,3.0000,1606.0000,1500.0000,1500.0000,-22.0000,34.0000,-30.0000,-236.0000,-328.0000,83.0000,0.1653,0.1594,0.2508,-0.9404,120.7100,-51.0500,-85.6400,-23.0700,13.7200,5.4800,0.0000,0.0000,-0.0000,1500.0000,1500.0000,1500.0000,1628.0000
193866.9740,3.0000,1606.0000,1500.0000,1500.0000,-33.0000,36.0000,-23.0000,-232.0000,-382.0000,480.0000,0.1612,0.1624,0.2558,-0.9392,120.7100,-51.0500,-85.6400,-23.0700,13.7200,5.4800,0.0000,0.0000,-0.0000,1500.0000,1500.0000,1500.0000,1628.0000
193883.6030,3.0000,1606.0000,1500.0000,1500.0000,-44.0000,37.0000,-17.0000,-177.0000,-293.0000,1246.0000,0.1582,0.1658,0.2623,-0.9374,120.2600,-50.7500,-85.5500,-22.9900,13.7200,5.6100,0.0000,0.0000,-0.0000,1500.0000,1500.0000,1500.0000,1628.0000
193900.2960,3.0000,1606.0000,1500.0000,1500.0000,-47.0000,36.0000,-9.0000,-101.0000,-459.0000,1764.0000,0.1563,0.1692,0.2698,-0.9350,119.7700,-50.4200,-85.4600,-22.9700,13.8000,5.6800,0.0000,0.0000,-0.0000,1500.0000,1500.0000,1500.0000,1628.0000
193916.7920,3.0000,1606.0000,1500.0000,1500.0000,-46.0000,39.0000,-4.0000,-135.0000,-469.0000,1696.0000,0.1553,0.1728,0.2772,-0.9323,119.2900,-50.1000,-85.3600,-22.9600,13.9000,5.7100,0.0000,0.0000,-0.0000,1500.0000,1500.0000,1500.0000,1628.0000
193933.4200,3.0000,1606.0000,1500.0000,1500.0000,-43.0000,36.0000,0.0000,-249.0000,-255.0000,1124.0000,0.1547,0.1768,0.2840,-0.9296,118.8200,-49.7800,-85.2700,-22.9300,13.9900,5.7500,0.0000,0.0000,-0.0000,1500.0000,1500.0000,1500.0000,1628.0000
193950.1830,3.0000,1606.0000,1500.0000,1500.0000,-43.0000,34.0000,6.0000,-194.0000,-418.0000,494.0000,0.1548,0.1807,0.2907,-0.9268,118.8200,-49.7800,-85.2700,-22.9300,13.9900,5.7500,0.0000,0.0000,-0.0000,1500.0000,1500.0000,1500.0000,1628.0000
193966.8040,3.0000,1606.0000,1500.0000,1500.0000,-44.0000,30.0000,17.0000,-144.0000,-600.0000,447.0000,0.1563,0.1844,0.2969,-0.9238,118.3700,-49.4800,-85.1700,-22.8800,14.0300,5.8500,0.0000,0.0000,-0.0000,1500.0000,1500.0000,1500.0000,1628.0000
193983.4640,3.0000,1606.0000,1500.0000,1500.0000,-47.0000,26.0000,31.0000,-161.0000,-687.0000,778.0000,0.1598,0.1881,0.3031,-0.9205,117.9300,-49.1800,-85.0700,-22.8200,14.0200,5.9600,0.0000,0.0000,-0.0000,1500.0000,1500.0000,1500.0000,1628.0000
194000.4030,3.0000,1604.0000,1500.0000,1500.0000,-58.0000,25.0000,40.0000,-131.0000,-489.0000,1056.0000,0.1651,0.1919,0.3098,-0.9165,117.4400,-48.8500,-84.9700,-22.8200,14.0600,6.0500,0.0000,0.0000,-0.0000,1500.0000,1500.0000,1500.0000,1626.0000
194016.9960,3.0000,1604.0000,1500.0000,1500.0000,-67.0000,22.0000,46.0000,-147.0000,-275.0000,1082.0000,0.1716,0.1953,0.3176,-0.9119,116.9700,-48.5300,-84.8700,-22.8100,14.1200,6.1200,0.0000,0.0000,-0.0000,1500.0000,1500.0000,1500.0000,1626.0000
194033.6160,3.0000,1606.0000,1500.0000,1500.0000,-68.0000,21.0000,48.0000,-180.0000,-168.0000,986.0000,0.1788,0.1985,0.3258,-0.9069,116.5100,-48.2100,-84.7600,-22.7800,14.1900,6.2100,0.0000,0.0000,-0.0000,1500.0000,1500.0000,1500.0000,1628.0000
194050.2580,3.0000,1606.0000,1500.0000,1500.0000,-65.0000,20.0000,48.0000,-239.0000,-3.0000,858.0000,0.1862,0.2016,0.3337,-0.9018,116.5100,-48.2100,-84.7600,-22.7800,14.1900,6.2100,0.0000,0.0000,-0.0000,1500.0000,1500.0000,1500.0000,1628.0000
194066.9430,3.0000,1606.0000,1500.0000,1500.0000,-54.0000,18.0000,47.0000,-286.0000,24.0000,674.0000,0.1935,0.2048,0.3407,-0.8970,116.0600,-47.9000,-84.6600,-22.7300,14.2600,6.3200,0.0000,0.0000,-0.0000,1500.0000,1500.0000,1500.0000,1628.0000
194083.6840,3.0000,1606.0000,1500.0000,1500.0000,-46.0000,17.0000,44.0000,-183.0000,-57.0000,614.0000,0.2002,0.2078,0.3465,-0.8926,115.6200,-47.6000,-84.5500,-22.6600,14.3000,6.4400,0.0000,0.0000,-0.0000,1500.0000,1498.0000,1500.0000,1628.0000
194100.2070,3.0000,1604.0000,1500.0000,1500.0000,-37.0000,16.0000,40.0000,-246.0000,16.0000,745.0000,0.2061,0.2107,0.3510,-0.8888,115.1500,-47.2700,-84.4400,-22.6500,14.3600,6.5700,0.0000,0.0000,-0.0000,1500.0000,1500.0000,1500.0000,1626.0000
194116.8160,3.0000,1605.0000,1500.0000,1500.0000,-40.0000,17.0000,36.0000,-279.0000,137.0000,847.0000,0.2112,0.2138,0.3552,-0.8852,114.6900,-46.9500,-84.3200,-22.6200,14.4300,6.6800,0.0000,0.0000,-0.0000,1500.0000,1500.0000,1500.0000,1628.0000
194133.4140,3.0000,1606.0000,1500.0000,1500.0000,-38.0000,17.0000,32.0000,-334.0000,117.0000,18.0000,0.2157,0.2166,0.3597,-0.8816,114.6900,-46.9500,-84.3200,-22.6200,14.4300,6.6800,0.0000,0.0000,-0.0000,1500.0000,1500.0000,1500.0000,1628.0000
194149.9800,3.0000,1606.0000,1500.0000,1500.0000,-37.0000,21.0000,31.0000,-333.0000,27.0000,-798.0000,0.2199,0.2195,0.3639,-0.8781,114.2400,-46.6300,-84.2100,-22.5700,14.4700,6.8200,0.0000,0.0000,-0.0000,1500.0000,1500.0000,1500.0000,1628.0000
194166.6480,3.0000,1606.0000,1500.0000,1500.0000,-26.0000,21.0000,30.0000,-276.0000,-110.0000,-1807.0000,0.2238,0.2226,0.3678,-0.8747,113.7900,-46.3200,-84.0900,-22.4800,14.4200,7.0100,0.0000,0.0000,-0.0000,1500.0000,1498.0000,1500.0000,1628.0000
194183.1810,3.0000,1608.0000,1500.0000,1500.0000,-26.0000,21.0000,28.0000,-275.0000,145.0000,-2410.0000,0.2273,0.2259,0.3710,-0.8716,113.3600,-46.0200,-83.9800,-22.3900,14.2900,7.2500,0.0000,0.0000,-0.0000,1500.0000,1498.0000,1500.0000,1630.0000
194199.8170,3.0000,1606.0000,1500.0000,1500.0000,-17.0000,17.0000,24.0000,-323.0000,296.0000,-2717.0000,0.2303,0.2289,0.3734,-0.8690,112.9000,-45.6900,-83.8500,-22.3100,14.1400,7.5400,0.0000,0.0000,-0.0000,1500.0000,1500.0000,1500.0000,1628.0000
194216.4000,3.0000,1606.0000,1500.0000,1500.0000,-14.0000,12.0000,17.0000,-348.0000,464.0000,-2838.0000,0.2324,0.2315,0.3754,-0.8669,112.4400,-45.3800,-83.7300,-22.2000,13.9800,7.8500,0.0000,0.0000,-0.0000,1500.0000,1500.0000,1500.0000,1628.0000
194232.9290,3.0000,1604.0000,1500.0000,1500.0000,-11.0000,8.0000,7.0000,-330.0000,552.0000,-2565.0000,0.2335,0.2332,0.3777,-0.8651,112.4400,-45.3800,-83.7300,-22.2000,13.9800,7.8500,0.0000,0.0000,-0.0000,1500.0000,1500.0000,1500.0000,1626.0000
194249.6030,3.0000,1606.0000,1500.0000,1500.0000,-18.0000,6.0000,-2.0000,-269.0000,458.0000,-1953.0000,0.2335,0.2338,0.3807,-0.8636,112.0000,-45.0700,-83.6000,-22.0800,13.8400,8.1400,0.0000,0.0000,-0.0000,1500.0000,1498.0000,1500.0000,1628.0000
194266.2700,3.0000,1606.0000,1500.0000,1500.0000,-27.0000,7.0000,-7.0000,-285.0000,282.0000,-1359.0000,0.2332,0.2335,0.3842,-0.8622,111.5800,-44.7800,-83.4700,-21.9700,13.7300,8.4100,0.0000,0.0000,-0.0000,1500.0000,1500.0000,1500.0000,1628.0000
194283.1170,3.0000,1606.0000,1500.0000,1500.0000,-29.0000,9.0000,-10.0000,-358.0000,67.0000,-745.0000,0.2326,0.2331,0.3884,-0.8606,111.1500,-44.4900,-83.3300,-21.8900,13.6700,8.6500,0.0000,0.0000,-0.0000,1500.0000,1500.0000,1500.0000,1628.0000
194299.7650,3.0000,1606.0000,1500.0000,1500.0000,-33.0000,13.0000,-11.0000,-306.0000,40.0000,-481.0000,0.2317,0.2329,0.3929,-0.8589,110.7000,-44.1700,-83.1900,-21.8600,13.6700,8.8500,0.0000,0.0000,-0.0000,1500.0000,1500.0000,1500.0000,1628.0000
194316.4210,3.0000,1606.0000,1500.0000,1500.0000,-35.0000,13.0000,-10.0000,-227.0000,-99.0000,-585.0000,0.2309,0.2326,0.3979,-0.8569,110.7000,-44.1700,-83.1900,-21.8600,13.6700,8.8500,0.0000,0.0000,-0.0000,1500.0000,1500.0000,1500.0000,1628.0000
194333.1730,3.0000,1606.0000,1500.0000,1500.0000,-30.0000,16.0000,-5.0000,-328.0000,-202.0000,-633.0000,0.2301,0.2331,0.4028,-0.8547,110.2500,-43.8700,-83.0400,-21.8300,13.6700,9.0400,0.0000,0.0000,-0.0000,1500.0000,1500.0000,1500.0000,1628.0000
194349.9630,3.0000,1606.0000,1500.0000,1500.0000,-27.0000,17.0000,3.0000,-335.0000,-395.0000,-752.0000,0.2301,0.2340,0.4071,-0.8524,109.8200,-43.5700,-82.8900,-21.8000,13.6500,9.2200,0.0000,0.0000,-0.0000,1500.0000,1498.0000,1500.0000,1628.0000
194366.6910,3.0000,1606.0000,1500.0000,1500.0000,-24.0000,16.0000,10.0000,-361.0000,-404.0000,-528.0000,0.2309,0.2354,0.4107,-0.8501,109.3900,-43.2800,-82.7400,-21.7700,13.5900,9.3900,0.0000,0.0000,-0.0000,1500.0000,1498.0000,1500.0000,1628.0000
194383.3220,3.0000,1606.0000,1500.0000,1500.0000,-26.0000,17.0000,16.0000,-412.0000,-376.0000,-164.0000,0.2323,0.2371,0.4139,-0.8476,108.9700,-42.9900,-82.5800,-21.7400,13.5500,9.5500,0.0000,0.0000,-0.0000,1500.0000,1500.0000,1500.0000,1628.0000
194400.0300,3.0000,1606.0000,1500.0000,1500.0000,-27.0000,19.0000,22.0000,-373.0000,-375.0000,-43.0000,0.2343,0.2385,0.4170,-0.8452,108.5200,-42.6900,-82.4200,-21.7300,13.5400,9.7000,0.0000,0.0000,-0.0000,1500.0000,1500.0000,1500.0000,1628.0000
194416.6530,3.0000,1606.0000,1500.0000,1500.0000,-26.0000,18.0000,26.0000,-353.0000,-228.0000,-158.0000,0.2367,0.2402,0.4198,-0.8426,108.5200,-42.6900,-82.4200,-21.7300,13.5400,9.7000,0.0000,0.0000,-0.0000,1500.0000,1500.0000,1500.0000,1628.0000
194433.2450,3.0000,1606.0000,1500.0000,1500.0000,-21.0000,19.0000,28.0000,-436.0000,-145.0000,-257.0000,0.2392,0.2425,0.4225,-0.8399,108.0800,-42.3900,-82.2500,-21.7100,13.5200,9.8500,0.0000,0.0000,-0.0000,1500.0000,1500.0000,1500.0000,1628.0000
194449.8870,3.0000,1606.0000,1500.0000,1500.0000,-20.0000,21.0000,28.0000,-420.0000,-27.0000,-273.0000,0.2419,0.2451,0.4250,-0.8371,107.6500,-42.1000,-82.0800,-21.6700,13.4900,10.0000,0.0000,0.0000,-0.0000,1500.0000,1500.0000,1500.0000,1628.0000
194466.4580,3.0000,1606.0000,1500.0000,1500.0000,-14.0000,20.0000,27.0000,-372.0000,21.0000,-810.0000,0.2442,0.2481,0.4270,-0.8346,107.2400,-41.8200,-81.9100,-21.6100,13.4600,10.1700,0.0000,0.0000,-0.0000,1500.0000,1498.0000,1500.0000,1628.0000
194483.0810,3.0000,1606.0000,1500.0000,1500.0000,-17.0000,20.0000,25.0000,-376.0000,83.0000,-1231.0000,0.2462,0.2510,0.4292,-0.8319,106.8200,-41.5400,-81.7300,-21.5400,13.3800,10.3800,0.0000,0.0000,-0.0000,1500.0000,1498.0000,1500.0000,1628.0000
194499.5150,3.0000,1606.0000,1500.0000,1500.0000,-19.0000,20.0000,24.0000,-373.0000,-7.0000,-1262.0000,0.2482,0.2536,0.4318,-0.8292,106.3800,-41.2400,-81.5500,-21.5000,13.2800,10.5900,0.0000,0.0000,-0.0000,1500.0000,1498.0000,1500.0000,1628.0000
194516.1280,3.0000,1606.0000,1500.0000,1500.0000,-22.0000,19.0000,22.0000,-493.0000,30.0000,-1029.0000,0.2501,0.2562,0.4345,-0.8264,106.3800,-41.2400,-81.5500,-21.5000,13.2800,10.5900,0.0000,0.0000,-0.0000,1500.0000,1500.0000,1500.0000,1628.0000
194532.7930,3.0000,1606.0000,1500.0000,1500.0000,-24.0000,20.0000,20.0000,-468.0000,72.0000,-748.0000,0.2518,0.2589,0.4374,-0.8235,105.9400,-40.9500,-81.3700,-21.4500,13.1900,10.7800,0.0000,0.0000,-0.0000,1500.0000,1500.0000,1500.0000,1628.0000
194549.5310,3.0000,1606.0000,1500.0000,1500.0000,-27.0000,21.0000,18.0000,-462.0000,28.0000,-664.0000,0.2535,0.2612,0.4406,-0.8206,105.5200,-40.6700,-81.1800,-21.3900,13.1200,10.9700,0.0000,0.0000,-0.0000,1500.0000,1500.0000,1500.0000,1628.0000
194566.0540,3.0000,1604.0000,1500.0000,1500.0000,-31.0000,21.0000,16.0000,-491.0000,27.0000,-635.0000,0.2550,0.2632,0.4443,-0.8175,105.1100,-40.4000,-80.9900,-21.3200,13.0600,11.1500,0.0000,0.0000,-0.0000,1500.0000,1500.0000,1500.0000,1626.0000
194582.8700,3.0000,1604.0000,1500.0000,1500.0000,-26.0000,21.0000,14.0000,-450.0000,58.0000,-556.0000,0.2562,0.2653,0.4480,-0.8144,104.7000,-40.1300,-80.7900,-21.2700,13.0100,11.3300,0.0000,0.0000,-0.0000,1500.0000,1500.0000,1500.0000,1628.0000
194599.5580,2.0000,1993.0000,1000.0000,1163.0000,-22.0000,21.0000,12.0000,-469.0000,132.0000,-515.0000,0.2572,0.2672,0.4512,-0.8117,104.7000,-40.1300,-80.7900,-21.2700,13.0100,11.3300,0.0000,0.0000,-0.0000,1998.0000,1339.0000,1500.0000,1995.0000
194616.6890,2.0000,1994.0000,1000.0000,1163.0000,-21.0000,26.0000,11.0000,-365.0000,73.0000,-608.0000,0.2576,0.2695,0.4542,-0.8091,104.2500,-39.8400,-80.5900,-21.2400,12.9700,11.5100,0.0000,0.0000,-0.0000,1998.0000,1339.0000,1500.0000,1995.0000
194633.5960,2.0000,1994.0000,1000.0000,1163.0000,1.0000,24.0000,7.0000,-178.0000,-85.0000,-874.0000,0.2572,0.2720,0.4563,-0.8073,103.8300,-39.5600,-80.3800,-21.2000,12.9200,11.7000,0.0000,0.0000,-0.0000,1998.0000,1339.0000,1500.0000,1995.0000
194650.4750,2.0000,1994.0000,1000.0000,1163.0000,95.0000,21.0000,1.0000,-182.0000,-478.0000,-1052.0000,0.2540,0.2759,0.4520,-0.8094,103.4100,-39.2900,-80.1800,-21.1800,12.8500,11.8900,0.0000,0.0000,-0.0000,1998.0000,1339.0000,1500.0000,1995.0000
194667.4470,2.0000,1994.0000,1000.0000,1155.0000,223.0000,37.0000,-12.0000,-378.0000,-366.0000,-1179.0000,0.2447,0.2846,0.4341,-0.8190,103.0100,-39.0200,-79.9700,-21.1600,12.7300,12.0800,0.0000,0.0000,-0.0000,1998.0000,1347.0000,1500.0000,1995.0000
194684.0210,2.0000,1994.0000,1000.0000,1155.0000,336.0000,48.0000,-28.0000,-388.0000,-81.0000,-1553.0000,0.2281,0.2978,0.4024,-0.8351,102.6100,-38.7600,-79.7600,-21.1000,12.6100,12.2700,0.0000,0.0000,-0.0000,1998.0000,1347.0000,1500.0000,1995.0000
194700.6240,2.0000,1994.0000,1000.0000,1155.0000,414.0000,51.0000,-39.0000,-362.0000,-94.0000,-2191.0000,0.2049,0.3136,0.3596,-0.8546,102.6100,-38.7600,-79.7600,-21.1000,12.6100,12.2700,0.0000,0.0000,-0.0000,1998.0000,1347.0000,1500.0000,1995.0000
194717.5200,2.0000,1994.0000,1000.0000,1155.0000,475.0000,57.0000,-41.0000,-352.0000,-150.0000,-2847.0000,0.1765,0.3309,0.3061,-0.8750,102.1700,-38.4700,-79.5500,-21.0400,12.4800,12.5000,0.0000,0.0000,-0.0000,1998.0000,1347.0000,1500.0000,1995.0000
194734.4640,2.0000,1994.0000,1000.0000,1155.0000,509.0000,45.0000,-38.0000,-551.0000,-248.0000,-3464.0000,0.1455,0.3471,0.2452,-0.8935,101.7500,-38.1900,-79.3400,-20.9100,12.3100,12.7600,0.0000,0.0000,-0.0000,1998.0000,1347.0000,1500.0000,1995.0000
194751.2100,2.0000,1994.0000,1000.0000,1155.0000,533.0000,26.0000,-30.0000,-552.0000,-513.0000,-3162.0000,0.1136,0.3604,0.1792,-0.9084,101.3500,-37.9300,-79.1300,-20.7100,12.1400,13.0700,0.0000,0.0000,-0.0000,1998.0000,1347.0000,1500.0000,1995.0000
194768.1790,2.0000,1940.0000,1386.0000,2000.0000,552.0000,15.0000,-19.0000,-209.0000,-691.0000,-1740.0000,0.0810,0.3704,0.1077,-0.9190,100.9700,-37.6800,-78.9200,-20.5300,12.0000,13.3500,0.0000,0.0000,-0.0000,1178.0000,1064.0000,1500.0000,1944.0000
194785.1590,2.0000,1940.0000,1386.0000,2000.0000,568.0000,22.0000,-2.0000,-212.0000,-908.0000,-377.0000,0.0492,0.3782,0.0322,-0.9239,100.5900,-37.4300,-78.7100,-20.4700,11.9300,13.5700,0.0000,0.0000,-0.0000,1178.0000,1064.0000,1500.0000,1944.0000
194802.1100,2.0000,1940.0000,1386.0000,2000.0000,521.0000,27.0000,21.0000,-82.0000,-907.0000,520.0000,0.0206,0.3845,-0.0428,-0.9219,100.5900,-37.4300,-78.7100,-20.4700,11.9300,13.5700,0.0000,0.0000,-0.0000,1178.0000,1064.0000,1500.0000,1944.0000
194819.0210,2.0000,1940.0000,1386.0000,2000.0000,413.0000,22.0000,48.0000,29.0000,-748.0000,900.0000,0.0000,0.3883,-0.1079,-0.9152,100.1600,-37.1500,-78.4800,-20.5400,11.8800,13.7200,0.0000,0.0000,-0.0000,1178.0000,1064.0000,1500.0000,1944.0000
194835.9920,2.0000,1940.0000,1386.0000,2000.0000,270.0000,5.0000,80.0000,387.0000,-740.0000,596.0000,-0.0094,0.3888,-0.1570,-0.9078,99.7500,-36.8900,-78.2500,-20.6400,11.8200,13.8800,0.0000,0.0000,-0.0000,1178.0000,1064.0000,1500.0000,1944.0000
194853.0150,2.0000,1940.0000,1386.0000,2000.0000,122.0000,-45.0000,112.0000,286.0000,-866.0000,-29.0000,-0.0071,0.3837,-0.1879,-0.9041,99.3600,-36.6400,-78.0200,-20.7200,11.7600,14.0800,0.0000,0.0000,-0.0000,1178.0000,1064.0000,1500.0000,1944.0000
194870.0400,2.0000,1996.0000,1000.0000,1772.0000,2.0000,-91.0000,136.0000,-400.0000,-556.0000,374.0000,0.0050,0.3708,-0.2024,-0.9064,98.9800,-36.4000,-77.7800,-20.7300,11.7100,14.3200,0.0000,0.0000,-0.0000,1681.0000,1049.0000,1500.0000,1998.0000
194886.6420,2.0000,1997.0000,1000.0000,1772.0000,-70.0000,-137.0000,147.0000,-290.0000,-295.0000,2394.0000,0.0231,0.3517,-0.2047,-0.9132,98.5700,-36.1600,-77.5200,-20.7700,11.6400,14.4700,0.0000,0.0000,-0.0000,1681.0000,1049.0000,1500.0000,1998.0000
194903.4900,2.0000,1997.0000,1000.0000,1772.0000,-84.0000,-186.0000,141.0000,-129.0000,-97.0000,5119.0000,0.0425,0.3249,-0.2016,-0.9230,98.5700,-36.1600,-77.5200,-20.7700,11.6400,14.4700,0.0000,0.0000,-0.0000,1681.0000,1049.0000,1500.0000,1998.0000
194920.1670,2.0000,1997.0000,1000.0000,1772.0000,-68.0000,-223.0000,114.0000,37.0000,358.0000,7926.0000,0.0581,0.2931,-0.1985,-0.9335,98.1300,-35.8900,-77.2600,-21.0000,11.4800,14.4400,0.0000,0.0000,-0.0000,1681.0000,1049.0000,1500.0000,1998.0000
194937.1310,2.0000,1997.0000,1000.0000,1772.0000,-62.0000,-263.0000,67.0000,311.0000,1055.0000,10641.0000,0.0670,0.2563,-0.1950,-0.9443,97.7100,-35.6400,-77.0000,-21.3900,11.2600,14.1500,0.0000,0.0000,-0.0000,1681.0000,1049.0000,1500.0000,1998.0000
194954.1790,2.0000,1997.0000,1000.0000,1772.0000,-58.0000,-270.0000,25.0000,907.0000,1292.0000,13569.0000,0.0683,0.2167,-0.1910,-0.9549,97.3000,-35.4000,-76.7600,-21.8500,11.0200,13.5600,0.0000,0.0000,-0.0000,1681.0000,1049.0000,1500.0000,1998.0000
194970.6140,2.0000,1997.0000,1000.0000,1691.0000,-59.0000,-255.0000,-14.0000,1397.0000,892.0000,16489.0000,0.0639,0.1800,-0.1854,-0.9639,96.8900,-35.1800,-76.5300,-22.3500,10.7100,12.6500,0.0000,0.0000,-0.0000,1789.0000,1057.0000,1500.0000,1999.0000
194987.2180,2.0000,1998.0000,1000.0000,1655.0000,-58.0000,-230.0000,-50.0000,1694.0000,843.0000,18373.0000,0.0550,0.1464,-0.1784,-0.9714,96.4700,-34.9600,-76.3200,-22.8400,10.3300,11.4900,0.0000,0.0000,-0.0000,1789.0000,1057.0000,1500.0000,1999.0000
195004.3860,2.0000,1998.0000,1000.0000,1655.0000,-54.0000,-184.0000,-84.0000,1705.0000,424.0000,19425.0000,0.0413,0.1175,-0.1700,-0.9775,96.4700,-34.9600,-76.3200,-22.8400,10.3300,11.4900,0.0000,0.0000,-0.0000,1789.0000,1057.0000,1500.0000,1999.0000
195021.0310,2.0000,1998.0000,1000.0000,1655.0000,-33.0000,-134.0000,-110.0000,1556.0000,192.0000,18635.0000,0.0249,0.0973,-0.1630,-0.9815,96.0000,-34.7200,-76.1200,-23.2700,9.8900,10.0900,0.0000,0.0000,-0.0000,1789.0000,1057.0000,1500.0000,1999.0000
195037.9600,2.0000,1998.0000,1000.0000,1655.0000,-22.0000,-97.0000,-129.0000,1250.0000,47.0000,17244.0000,0.0055,0.0835,-0.1574,-0.9840,95.5400,-34.5000,-75.9500,-23.5600,9.4600,8.6600,0.0000,0.0000,-0.0000,1789.0000,1057.0000,1500.0000,1999.0000
195054.9990,2.0000,1998.0000,1000.0000,1655.0000,-3.0000,-54.0000,-141.0000,865.0000,-157.0000,15269.0000,-0.0153,0.0762,-0.1540,-0.9850,95.0900,-34.3100,-75.8100,-23.7100,9.0700,7.3500,0.0000,0.0000,-0.0000,1789.0000,1057.0000,1500.0000,1999.0000
195071.7530,2.0000,1997.0000,1000.0000,1772.0000,24.0000,-41.0000,-145.0000,700.0000,-664.0000,13109.0000,-0.0366,0.0727,-0.1535,-0.9848,94.6600,-34.1200,-75.6800,-23.7600,8.7300,6.2300,0.0000,0.0000,-0.0000,1679.0000,1049.0000,1500.0000,1998.0000
195088.3500,2.0000,1997.0000,1000.0000,1774.0000,41.0000,-41.0000,-139.0000,565.0000,-1049.0000,11022.0000,-0.0576,0.0700,-0.1563,-0.9835,94.2100,-33.9400,-75.5700,-23.7600,8.3800,5.3800,0.0000,0.0000,-0.0000,1679.0000,1049.0000,1500.0000,1998.0000
195105.0890,2.0000,1997.0000,1000.0000,1774.0000,68.0000,-54.0000,-128.0000,511.0000,-1275.0000,9627.0000,-0.0777,0.0663,-0.1626,-0.9814,94.2100,-33.9400,-75.5700,-23.7600,8.3800,5.3800,0.0000,0.0000,-0.0000,1679.0000,1049.0000,1500.0000,1998.0000
195121.8150,2.0000,1997.0000,1000.0000,1774.0000,84.0000,-90.0000,-106.0000,346.0000,-1522.0000,8209.0000,-0.0961,0.0581,-0.1716,-0.9787,93.7200,-33.7500,-75.4600,-23.7900,7.9800,4.7500,0.0000,0.0000,-0.0000,1679.0000,1049.0000,1500.0000,1998.0000
195138.6460,2.0000,1997.0000,1000.0000,1774.0000,98.0000,-138.0000,-80.0000,120.0000,-1547.0000,7718.0000,-0.1121,0.0432,-0.1821,-0.9759,93.2500,-33.5800,-75.3700,-23.7300,7.6200,4.2900,0.0000,0.0000,-0.0000,1679.0000,1049.0000,1500.0000,1998.0000
195155.4620,2.0000,1930.0000,1000.0000,1665.0000,109.0000,-181.0000,-56.0000,429.0000,-1574.0000,8996.0000,-0.1260,0.0202,-0.1936,-0.9727,92.8000,-33.4200,-75.2800,-23.6100,7.2800,3.9300,0.0000,0.0000,-0.0000,1788.0000,1049.0000,1500.0000,1935.0000
195171.9640,2.0000,1930.0000,1000.0000,1664.0000,113.0000,-209.0000,-33.0000,764.0000,-1689.0000,11260.0000,-0.1372,-0.0079,-0.2054,-0.9690,92.3700,-33.2700,-75.1900,-23.4600,6.8800,3.4500,0.0000,0.0000,-0.0000,1788.0000,1049.0000,1500.0000,1935.0000
195188.5470,2.0000,1930.0000,1000.0000,1664.0000,120.0000,-222.0000,-14.0000,1116.0000,-1669.0000,13123.0000,-0.1458,-0.0396,-0.2171,-0.9644,91.9200,-33.1300,-75.1100,-23.3200,6.3500,2.7500,0.0000,0.0000,-0.0000,1788.0000,1049.0000,1500.0000,1935.0000
195205.4230,2.0000,1930.0000,1000.0000,1664.0000,128.0000,-220.0000,-1.0000,1359.0000,-1485.0000,14636.0000,-0.1519,-0.0732,-0.2301,-0.9585,91.9200,-33.1300,-75.1100,-23.3200,6.3500,2.7500,0.0000,0.0000,-0.0000,1788.0000,1049.0000,1500.0000,1935.0000
195221.9580,2.0000,1930.0000,1000.0000,1664.0000,123.0000,-205.0000,6.0000,1429.0000,-1192.0000,15701.0000,-0.1557,-0.1050,-0.2429,-0.9517,91.4500,-32.9900,-75.0400,-23.1700,5.7500,1.8900,0.0000,0.0000,-0.0000,1788.0000,1049.0000,1500.0000,1935.0000
195238.9210,2.0000,1930.0000,1000.0000,1664.0000,106.0000,-176.0000,3.0000,1375.0000,-986.0000,16226.0000,-0.1582,-0.1341,-0.2548,-0.9445,91.0000,-32.8600,-74.9800,-22.8900,5.1100,0.9000,0.0000,0.0000,-0.0000,1788.0000,1049.0000,1500.0000,1935.0000
195255.7710,2.0000,1930.0000,1000.0000,1664.0000,82.0000,-134.0000,-3.0000,1228.0000,-971.0000,15889.0000,-0.1611,-0.1573,-0.2644,-0.9378,90.5600,-32.7500,-74.9500,-22.4900,4.4700,-0.1400,0.0000,0.0000,-0.0000,1788.0000,1049.0000,1500.0000,1935.0000
195272.6570,2.0000,1930.0000,1000.0000,1664.0000,70.0000,-94.0000,-9.0000,950.0000,-851.0000,14663.0000,-0.1638,-0.1742,-0.2725,-0.9320,90.1500,-32.6600,-74.9400,-22.0300,3.8900,-1.0900,0.0000,0.0000,-0.0000,1788.0000,1049.0000,1500.0000,1935.0000
195289.4460,2.0000,1997.0000,1000.0000,1774.0000,67.0000,-56.0000,-16.0000,626.0000,-575.0000,12484.0000,-0.1659,-0.1847,-0.2802,-0.9273,90.1500,-32.6600,-74.9400,-22.0300,3.8900,-1.0900,0.0000,0.0000,-0.0000,1679.0000,1049.0000,1500.0000,1998.0000
195306.4250,2.0000,1997.0000,1000.0000,1774.0000,66.0000,-44.0000,-20.0000,699.0000,-610.0000,10668.0000,-0.1678,-0.1920,-0.2889,-0.9228,89.7100,-32.5700,-74.9400,-21.6800,3.3600,-1.8900,0.0000,0.0000,-0.0000,1679.0000,1049.0000,1500.0000,1998.0000
195323.2340,2.0000,1997.0000,1000.0000,1774.0000,46.0000,-42.0000,-26.0000,600.0000,-439.0000,9388.0000,-0.1704,-0.1979,-0.2963,-0.9187,89.2600,-32.4900,-74.9500,-21.5600,2.9000,-2.4500,0.0000,0.0000,-0.0000,1679.0000,1049.0000,1500.0000,1998.0000
195340.0260,2.0000,1997.0000,1000.0000,1774.0000,36.0000,-57.0000,-31.0000,475.0000,-484.0000,8527.0000,-0.1742,-0.2038,-0.3016,-0.9150,88.8200,-32.4200,-74.9800,-21.4900,2.5300,-2.8800,0.0000,0.0000,-0.0000,1679.0000,1049.0000,1500.0000,1998.0000
195356.7870,2.0000,1997.0000,1000.0000,1768.0000,31.0000,-62.0000,-34.0000,345.0000,-253.0000,7719.0000,-0.1794,-0.2106,-0.3057,-0.9111,88.3900,-32.3500,-75.0100,-21.4300,2.2400,-3.2200,0.0000,0.0000,-0.0000,1689.0000,1049.0000,1500.0000,1998.0000
195373.5180,2.0000,1997.0000,1000.0000,1764.0000,34.0000,-76.0000,-35.0000,149.0000,-276.0000,7291.0000,-0.1855,-0.2187,-0.3093,-0.9067,87.9800,-32.2900,-75.0400,-21.3900,2.0300,-3.4800,0.0000,0.0000,-0.0000,1689.0000,1049.0000,1500.0000,1998.0000
195390.1410,2.0000,1997.0000,1000.0000,1764.0000,33.0000,-96.0000,-34.0000,315.0000,-595.0000,7266.0000,-0.1924,-0.2293,-0.3124,-0.9016,87.9800,-32.2900,-75.0400,-21.3900,2.0300,-3.4800,0.0000,0.0000,-0.0000,1689.0000,1049.0000,1500.0000,1998.0000
195406.7960,2.0000,1997.0000,1000.0000,1764.0000,39.0000,-125.0000,-34.0000,301.0000,-482.0000,7264.0000,-0.2000,-0.2429,-0.3152,-0.8953,87.5400,-32.2400,-75.0700,-21.4100,1.7800,-3.6800,0.0000,0.0000,-0.0000,1689.0000,1049.0000,1500.0000,1998.0000
195423.3930,2.0000,1997.0000,1000.0000,1764.0000,43.0000,-147.0000,-34.0000,439.0000,-456.0000,7996.0000,-0.2084,-0.2600,-0.3179,-0.8876,87.0700,-32.1800,-75.1100,-21.4600,1.5000,-3.8700,0.0000,0.0000,-0.0000,1689.0000,1049.0000,1500.0000,1998.0000
195440.2190,2.0000,1997.0000,1000.0000,1764.0000,51.0000,-169.0000,-32.0000,741.0000,-504.0000,9120.0000,-0.2171,-0.2803,-0.3209,-0.8783,86.6200,-32.1400,-75.1500,-21.4300,1.1900,-4.0900,0.0000,0.0000,-0.0000,1689.0000,1049.0000,1500.0000,1998.0000
195456.9110,2.0000,1997.0000,1000.0000,1764.0000,56.0000,-175.0000,-30.0000,1165.0000,-807.0000,10448.0000,-0.2263,-0.3023,-0.3237,-0.8676,86.1800,-32.1000,-75.1900,-21.2900,0.8300,-4.3800,0.0000,0.0000,-0.0000,1689.0000,1049.0000,1500.0000,1998.0000
195473.6200,2.0000,1997.0000,1000.0000,1765.0000,49.0000,-180.0000,-29.0000,1356.0000,-818.0000,11424.0000,-0.2353,-0.3246,-0.3258,-0.8562,85.7500,-32.0700,-75.2400,-21.0100,0.4000,-4.7300,0.0000,0.0000,-0.0000,1688.0000,1049.0000,1500.0000,1998.0000
195490.5460,2.0000,1997.0000,1000.0000,1765.0000,43.0000,-181.0000,-28.0000,1531.0000,-889.0000,12105.0000,-0.2447,-0.3473,-0.3270,-0.8442,85.7500,-32.0700,-75.2400,-21.0100,0.4000,-4.7300,0.0000,0.0000,-0.0000,1688.0000,1049.0000,1500.0000,1998.0000
195507.4770,2.0000,1997.0000,1000.0000,1765.0000,31.0000,-174.0000,-30.0000,1334.0000,-549.0000,12569.0000,-0.2543,-0.3691,-0.3268,-0.8321,85.3100,-32.0500,-75.2900,-20.6100,-0.1600,-5.1100,0.0000,0.0000,-0.0000,1688.0000,1049.0000,1500.0000,1998.0000
195524.2420,2.0000,1997.0000,1000.0000,1765.0000,21.0000,-158.0000,-35.0000,1209.0000,-389.0000,13002.0000,-0.2639,-0.3882,-0.3257,-0.8207,84.8600,-32.0500,-75.3600,-20.0800,-0.7800,-5.5000,0.0000,0.0000,-0.0000,1688.0000,1049.0000,1500.0000,1998.0000
195540.9930,2.0000,1997.0000,1000.0000,1765.0000,10.0000,-137.0000,-40.0000,1226.0000,-508.0000,12987.0000,-0.2736,-0.4041,-0.3245,-0.8103,84.4300,-32.0600,-75.4300,-19.4600,-1.3300,-5.9000,0.0000,0.0000,-0.0000,1688.0000,1049.0000,1500.0000,1998.0000
195558.1590,2.0000,1997.0000,1000.0000,1765.0000,-1.0000,-118.0000,-49.0000,1124.0000,-705.0000,12037.0000,-0.2843,-0.4170,-0.3226,-0.8008,84.0200,-32.0800,-75.5100,-18.8300,-1.8100,-6.2500,0.0000,0.0000,-0.0000,1688.0000,1049.0000,1500.0000,1998.0000
195574.7940,2.0000,1997.0000,1000.0000,1770.0000,-2.0000,-102.0000,-53.0000,993.0000,-590.0000,11179.0000,-0.2950,-0.4270,-0.3212,-0.7921,83.6100,-32.1200,-75.6000,-18.2400,-2.3300,-6.5200,0.0000,0.0000,-0.0000,1683.0000,1049.0000,1500.0000,1998.0000
195591.5780,2.0000,1997.0000,1000.0000,1770.0000,5.0000,-84.0000,-58.0000,971.0000,-499.0000,10057.0000,-0.3052,-0.4343,-0.3212,-0.7842,83.6100,-32.1200,-75.6000,-18.2400,-2.3300,-6.5200,0.0000,0.0000,-0.0000,1683.0000,1049.0000,1500.0000,1998.0000
195608.1330,2.0000,1997.0000,1000.0000,1770.0000,14.0000,-82.0000,-59.0000,1147.0000,-679.0000,9286.0000,-0.3145,-0.4413,-0.3227,-0.7760,83.1900,-32.1700,-75.6900,-17.7400,-2.8400,-6.7100,0.0000,0.0000,-0.0000,1683.0000,1049.0000,1500.0000,1998.0000
195624.7840,2.0000,1997.0000,1000.0000,1770.0000,22.0000,-82.0000,-59.0000,1050.0000,-752.0000,8964.0000,-0.3232,-0.4485,-0.3252,-0.7673,82.7900,-32.2300,-75.7800,-17.3400,-3.3000,-6.8400,0.0000,0.0000,-0.0000,1683.0000,1049.0000,1500.0000,1998.0000
195641.5980,2.0000,1997.0000,1000.0000,1770.0000,21.0000,-82.0000,-57.0000,1027.0000,-799.0000,8589.0000,-0.3317,-0.4554,-0.3277,-0.7584,82.4000,-32.3000,-75.8700,-16.9900,-3.7200,-6.9100,0.0000,0.0000,-0.0000,1683.0000,1049.0000,1500.0000,1998.0000
195658.7820,2.0000,1997.0000,1000.0000,1778.0000,20.0000,-86.0000,-52.0000,822.0000,-748.0000,7879.0000,-0.3402,-0.4628,-0.3298,-0.7493,82.0300,-32.3800,-75.9600,-16.6900,-4.0800,-6.9400,0.0000,0.0000,-0.0000,1675.0000,1049.0000,1500.0000,1998.0000
195675.4310,2.0000,1997.0000,1000.0000,1778.0000,26.0000,-101.0000,-48.0000,922.0000,-640.0000,7536.0000,-0.3482,-0.4715,-0.3311,-0.7395,82.0300,-32.3800,-75.9600,-16.6900,-4.0800,-6.9400,0.0000,0.0000,-0.0000,1675.0000,1049.0000,1500.0000,1998.0000
195692.2030,2.0000,1997.0000,1000.0000,1778.0000,29.0000,-116.0000,-43.0000,946.0000,-657.0000,7816.0000,-0.3561,-0.4822,-0.3318,-0.7284,81.6800,-32.4600,-76.0500,-16.4500,-4.3900,-6.9300,0.0000,0.0000,-0.0000,1675.0000,1049.0000,1500.0000,1998.0000
195708.9930,2.0000,1997.0000,1000.0000,1778.0000,29.0000,-126.0000,-35.0000,1098.0000,-676.0000,8080.0000,-0.3637,-0.4943,-0.3315,-0.7165,81.3000,-32.5600,-76.1300,-16.0700,-4.8900,-6.9000,0.0000,0.0000,-0.0000,1675.0000,1049.0000,1500.0000,1998.0000
195725.7350,2.0000,1997.0000,1000.0000,1778.0000,35.0000,-144.0000,-30.0000,1043.0000,-751.0000,8319.0000,-0.3711,-0.5084,-0.3300,-0.7035,80.9300,-32.6900,-76.2200,-15.6200,-5.4500,-6.8600,0.0000,0.0000,-0.0000,1675.0000,1049.0000,1500.0000,1998.0000
195742.3150,2.0000,1997.0000,1000.0000,1778.0000,39.0000,-159.0000,-26.0000,991.0000,-847.0000,8800.0000,-0.3780,-0.5243,-0.3280,-0.6890,80.5800,-32.8200,-76.3000,-15.1400,-5.9300,-6.7900,0.0000,0.0000,-0.0000,1675.0000,1049.0000,1500.0000,1998.0000
195759.4600,2.0000,1997.0000,1000.0000,1778.0000,46.0000,-172.0000,-22.0000,1175.0000,-941.0000,9561.0000,-0.3850,-0.5423,-0.3249,-0.6724,80.2400,-32.9600,-76.3800,-14.5900,-6.3700,-6.7100,0.0000,0.0000,-0.0000,1675.0000,1049.0000,1500.0000,1998.0000
195776.2160,2.0000,1997.0000,1000.0000,1851.0000,52.0000,-176.0000,-21.0000,1322.0000,-665.0000,10307.0000,-0.3915,-0.5612,-0.3215,-0.6546,80.2400,-32.9600,-76.3800,-14.5900,-6.3700,-6.7100,0.0000,0.0000,-0.0000,1601.0000,1050.0000,1500.0000,1998.0000
195793.1980,2.0000,1997.0000,1000.0000,1851.0000,46.0000,-176.0000,-17.0000,1530.0000,-539.0000,11297.0000,-0.3974,-0.5800,-0.3176,-0.6363,79.8900,-33.1300,-76.4500,-13.9000,-6.9500,-6.6300,0.0000,0.0000,-0.0000,1601.0000,1050.0000,1500.0000,1998.0000
195810.0110,2.0000,1997.0000,1000.0000,1851.0000,25.0000,-169.0000,-18.0000,1478.0000,-551.0000,11859.0000,-0.4040,-0.5971,-0.3120,-0.6188,79.5700,-33.3200,-76.5300,-13.1200,-7.4900,-6.5600,0.0000,0.0000,-0.0000,1601.0000,1050.0000,1500.0000,1998.0000
195826.7480,2.0000,1997.0000,1000.0000,1851.0000,4.0000,-158.0000,-24.0000,1409.0000,-542.0000,12192.0000,-0.4120,-0.6115,-0.3054,-0.6025,79.2600,-33.5100,-76.6100,-12.2600,-7.9200,-6.4500,0.0000,0.0000,-0.0000,1601.0000,1050.0000,1500.0000,1998.0000
195843.8410,2.0000,1997.0000,1000.0000,1851.0000,-6.0000,-139.0000,-32.0000,1318.0000,-387.0000,12018.0000,-0.4213,-0.6232,-0.2987,-0.5872,78.9800,-33.7100,-76.6900,-11.3800,-8.2600,-6.3300,0.0000,0.0000,-0.0000,1601.0000,1050.0000,1500.0000,1998.0000
195860.5000,2.0000,1997.0000,1000.0000,1851.0000,-4.0000,-122.0000,-38.0000,1070.0000,-526.0000,11294.0000,-0.4302,-0.6322,-0.2936,-0.5737,78.7300,-33.9000,-76.7600,-10.6100,-8.5000,-6.1700,0.0000,0.0000,-0.0000,1601.0000,1050.0000,1500.0000,1998.0000
195877.2200,2.0000,1996.0000,1000.0000,1790.0000,5.0000,-106.0000,-46.0000,1145.0000,-468.0000,10641.0000,-0.4383,-0.6400,-0.2904,-0.5603,78.7300,-33.9000,-76.7600,-10.6100,-8.5000,-6.1700,0.0000,0.0000,-0.0000,1664.0000,1049.0000,1500.0000,1997.0000
195894.2940,2.0000,1996.0000,1000.0000,1789.0000,18.0000,-100.0000,-53.0000,1232.0000,-501.0000,10106.0000,-0.4456,-0.6469,-0.2897,-0.5469,78.4600,-34.1300,-76.8400,-9.8500,-8.8200,-5.9900,0.0000,0.0000,-0.0000,1664.0000,1049.0000,1500.0000,1997.0000
195911.1150,2.0000,1996.0000,1000.0000,1789.0000,28.0000,-92.0000,-60.0000,1185.0000,-483.0000,9397.0000,-0.4518,-0.6535,-0.2907,-0.5332,78.2100,-34.3700,-76.9100,-9.1800,-9.1500,-5.7800,0.0000,0.0000,-0.0000,1664.0000,1049.0000,1500.0000,1997.0000
195927.9170,2.0000,1996.0000,1000.0000,1789.0000,37.0000,-91.0000,-66.0000,1195.0000,-426.0000,8863.0000,-0.4573,-0.6600,-0.2935,-0.5188,77.9800,-34.6100,-76.9700,-8.6200,-9.4400,-5.5600,0.0000,0.0000,-0.0000,1664.0000,1049.0000,1500.0000,1997.0000
195944.9150,2.0000,1996.0000,1000.0000,1789.0000,43.0000,-94.0000,-67.0000,937.0000,-493.0000,8058.0000,-0.4623,-0.6667,-0.2971,-0.5035,77.7600,-34.8500,-77.0300,-8.1600,-9.7300,-5.3100,0.0000,0.0000,-0.0000,1664.0000,1049.0000,1500.0000,1997.0000
195961.6070,2.0000,1996.0000,1000.0000,1789.0000,41.0000,-98.0000,-68.0000,711.0000,-419.0000,7245.0000,-0.4669,-0.6736,-0.3006,-0.4878,77.5700,-35.0900,-77.0900,-7.8300,-9.9800,-5.0300,0.0000,0.0000,-0.0000,1664.0000,1049.0000,1500.0000,1997.0000
195978.3070,2.0000,1841.0000,1442.0000,2000.0000,34.0000,-103.0000,-66.0000,797.0000,-308.0000,6680.0000,-0.4722,-0.6802,-0.3032,-0.4717,77.5700,-35.0900,-77.0900,-7.8300,-9.9800,-5.0300,0.0000,0.0000,-0.0000,1124.0000,1067.0000,1500.0000,1850.0000
195995.1290,2.0000,1841.0000,1443.0000,2000.0000,21.0000,-111.0000,-61.0000,1084.0000,-471.0000,6666.0000,-0.4786,-0.6863,-0.3040,-0.4555,77.3500,-35.3700,-77.1400,-7.4800,-10.3000,-4.7500,0.0000,0.0000,-0.0000,1124.0000,1067.0000,1500.0000,1850.0000
196011.9820,2.0000,1841.0000,1443.0000,2000.0000,3.0000,-124.0000,-54.0000,859.0000,-706.0000,6885.0000,-0.4862,-0.6923,-0.3026,-0.4390,77.1400,-35.6600,-77.1800,-7.1400,-10.6400,-4.4500,0.0000,0.0000,-0.0000,1124.0000,1067.0000,1500.0000,1850.0000
196028.9020,2.0000,1841.0000,1443.0000,2000.0000,-28.0000,-136.0000,-46.0000,642.0000,-466.0000,7059.0000,-0.4963,-0.6972,-0.2979,-0.4229,76.9400,-35.9500,-77.2100,-6.8300,-10.9300,-4.1100,0.0000,0.0000,-0.0000,1124.0000,1067.0000,1500.0000,1850.0000
196045.9750,2.0000,1841.0000,1443.0000,2000.0000,-67.0000,-134.0000,-33.0000,816.0000,-492.0000,7745.0000,-0.5094,-0.7000,-0.2893,-0.4084,76.7400,-36.2400,-77.2400,-6.5400,-11.1600,-3.7600,0.0000,0.0000,-0.0000,1124.0000,1067.0000,1500.0000,1850.0000
196062.8890,2.0000,1841.0000,1443.0000,2000.0000,-92.0000,-134.0000,-20.0000,905.0000,-641.0000,8355.0000,-0.5250,-0.7005,-0.2773,-0.3961,76.5600,-36.5300,-77.2500,-6.2200,-11.3300,-3.4000,0.0000,0.0000,-0.0000,1124.0000,1067.0000,1500.0000,1850.0000
196079.6360,2.0000,1288.0000,1617.0000,2000.0000,-106.0000,-136.0000,-11.0000,914.0000,-717.0000,8517.0000,-0.5411,-0.6999,-0.2629,-0.3851,76.5600,-36.5300,-77.2500,-6.2200,-11.3300,-3.4000,0.0000,0.0000,-0.0000,1013.0000,1130.0000,1500.0000,1326.0000
196096.3230,2.0000,1288.0000,1617.0000,2000.0000,-108.0000,-129.0000,-2.0000,987.0000,-711.0000,8985.0000,-0.5571,-0.6982,-0.2473,-0.3754,76.3700,-36.8700,-77.2600,-5.7300,-11.4900,-3.0400,0.0000,0.0000,-0.0000,1013.0000,1130.0000,1500.0000,1326.0000
196113.1510,2.0000,1288.0000,1617.0000,2000.0000,-121.0000,-117.0000,6.0000,566.0000,-640.0000,8980.0000,-0.5727,-0.6955,-0.2311,-0.3672,76.1900,-37.2000,-77.2600,-5.2300,-11.5800,-2.7000,0.0000,0.0000,-0.0000,1013.0000,1130.0000,1500.0000,1326.0000
196130.1510,2.0000,1288.0000,1617.0000,2000.0000,-144.0000,-92.0000,13.0000,404.0000,-444.0000,9447.0000,-0.5889,-0.6900,-0.2145,-0.3621,76.0300,-37.5200,-77.2600,-4.7800,-11.5500,-2.4100,0.0000,0.0000,-0.0000,1013.0000,1130.0000,1500.0000,1326.0000
196147.1340,2.0000,1288.0000,1617.0000,2000.0000,-166.0000,-61.0000,18.0000,329.0000,-248.0000,9410.0000,-0.6059,-0.6807,-0.1984,-0.3608,75.8900,-37.8100,-77.2700,-4.3400,-11.4000,-2.1700,0.0000,0.0000,-0.0000,1013.0000,1130.0000,1500.0000,1326.0000
196164.0240,2.0000,1997.0000,1000.0000,1698.0000,-187.0000,-36.0000,23.0000,153.0000,-145.0000,8517.0000,-0.6236,-0.6677,-0.1828,-0.3631,75.7600,-38.0900,-77.2700,-3.9500,-11.2000,-2.0000,0.0000,0.0000,-0.0000,1741.0000,1063.0000,1500.0000,1999.0000
196180.7600,2.0000,1998.0000,1000.0000,1698.0000,-208.0000,-22.0000,26.0000,-66.0000,-28.0000,7225.0000,-0.6420,-0.6515,-0.1675,-0.3679,75.7600,-38.0900,-77.2700,-3.9500,-11.2000,-2.0000,0.0000,0.0000,-0.0000,1741.0000,1063.0000,1500.0000,1999.0000
196197.5330,2.0000,1998.0000,1000.0000,1698.0000,-213.0000,-14.0000,27.0000,-29.0000,128.0000,5900.0000,-0.6609,-0.6325,-0.1520,-0.3742,75.6500,-38.3900,-77.2800,-3.5500,-11.0300,-1.8800,0.0000,0.0000,-0.0000,1741.0000,1063.0000,1500.0000,1999.0000
196214.5630,2.0000,1998.0000,1000.0000,1698.0000,-172.0000,-29.0000,18.0000,531.0000,-95.0000,4954.0000,-0.6781,-0.6145,-0.1372,-0.3792,75.5400,-38.6900,-77.2900,-3.2700,-10.9500,-1.8000,0.0000,0.0000,-0.0000,1741.0000,1063.0000,1500.0000,1999.0000
196231.6300,2.0000,1998.0000,1000.0000,1698.0000,-126.0000,-55.0000,4.0000,876.0000,-127.0000,4831.0000,-0.6913,-0.6020,-0.1241,-0.3799,75.4300,-38.9800,-77.3000,-3.0600,-10.9900,-1.7400,0.0000,0.0000,-0.0000,1741.0000,1063.0000,1500.0000,1999.0000
196248.4560,2.0000,1998.0000,1000.0000,1698.0000,-88.0000,-79.0000,-15.0000,1157.0000,150.0000,5126.0000,-0.7019,-0.5946,-0.1120,-0.3758,75.3300,-39.2700,-77.3100,-2.8700,-11.0800,-1.6900,0.0000,0.0000,-0.0000,1741.0000,1063.0000,1500.0000,1999.0000
196265.2710,2.0000,1998.0000,1000.0000,1553.0000,-51.0000,-112.0000,-38.0000,1056.0000,213.0000,5440.0000,-0.7109,-0.5923,-0.1007,-0.3657,75.2400,-39.5500,-77.3100,-2.6800,-11.1500,-1.6800,0.0000,0.0000,-0.0000,1841.0000,1108.0000,1500.0000,1999.0000
196282.1770,2.0000,1998.0000,1000.0000,1552.0000,-27.0000,-129.0000,-52.0000,1109.0000,105.0000,6360.0000,-0.7185,-0.5940,-0.0896,-0.3507,75.2400,-39.5500,-77.3100,-2.6800,-11.1500,-1.6800,0.0000,0.0000,-0.0000,1841.0000,1108.0000,1500.0000,1999.0000
196299.1030,2.0000,1998.0000,1000.0000,1552.0000,-2.0000,-136.0000,-63.0000,1293.0000,-151.0000,7513.0000,-0.7244,-0.5983,-0.0798,-0.3330,75.1500,-39.8700,-77.3200,-2.2900,-11.0800,-1.6800,0.0000,0.0000,-0.0000,1841.0000,1108.0000,1500.0000,1999.0000
196315.9040,2.0000,1998.0000,1000.0000,1552.0000,25.0000,-135.0000,-71.0000,1418.0000,-312.0000,8267.0000,-0.7279,-0.6054,-0.0719,-0.3138,75.0700,-40.1800,-77.3300,-1.8500,-10.8800,-1.7000,0.0000,0.0000,-0.0000,1841.0000,1108.0000,1500.0000,1999.0000
196332.9040,2.0000,1998.0000,1000.0000,1552.0000,49.0000,-132.0000,-77.0000,1457.0000,-159.0000,8364.0000,-0.7291,-0.6146,-0.0664,-0.2938,75.0000,-40.4700,-77.3400,-1.3800,-10.5800,-1.7100,0.0000,0.0000,-0.0000,1841.0000,1108.0000,1500.0000,1999.0000
196349.6460,2.0000,1998.0000,1000.0000,1552.0000,71.0000,-129.0000,-80.0000,1545.0000,-319.0000,8811.0000,-0.7280,-0.6257,-0.0623,-0.2732,74.9500,-40.7500,-77.3400,-0.9500,-10.2500,-1.7100,0.0000,0.0000,-0.0000,1841.0000,1108.0000,1500.0000,1999.0000
196366.6210,2.0000,1998.0000,2000.0000,1826.0000,84.0000,-117.0000,-80.0000,1783.0000,-628.0000,9446.0000,-0.7248,-0.6382,-0.0598,-0.2525,74.9000,-41.0100,-77.3500,-0.5200,-9.8600,-1.6700,0.0000,0.0000,-0.0000,1000.0000,1676.0000,1500.0000,1999.0000
196383.5700,2.0000,1998.0000,2000.0000,1826.0000,89.0000,-111.0000,-80.0000,1660.0000,-448.0000,8883.0000,-0.7204,-0.6507,-0.0585,-0.2326,74.9000,-41.0100,-77.3500,-0.5200,-9.8600,-1.6700,0.0000,0.0000,-0.0000,1000.0000,1676.0000,1500.0000,1999.0000
196400.2950,2.0000,1998.0000,2000.0000,1826.0000,72.0000,-111.0000,-77.0000,1449.0000,-396.0000,8178.0000,-0.7160,-0.6623,-0.0572,-0.2130,74.8800,-41.2800,-77.3600,0.0100,-9.3900,-1.6000,0.0000,0.0000,-0.0000,1000.0000,1676.0000,1500.0000,1999.0000
196417.2870,2.0000,1998.0000,2000.0000,1826.0000,35.0000,-111.0000,-65.0000,1531.0000,-569.0000,8148.0000,-0.7137,-0.6708,-0.0542,-0.1939,74.8600,-41.5500,-77.3700,0.4700,-8.9800,-1.4800,0.0000,0.0000,-0.0000,1000.0000,1676.0000,1500.0000,1999.0000
196433.9990,2.0000,1998.0000,2000.0000,1826.0000,0.0000,-102.0000,-52.0000,1477.0000,-722.0000,8282.0000,-0.7146,-0.6749,-0.0493,-0.1774,74.8600,-41.8000,-77.3700,0.8700,-8.5900,-1.3300,0.0000,0.0000,-0.0000,1000.0000,1676.0000,1500.0000,1999.0000
196451.1220,2.0000,1998.0000,2000.0000,1826.0000,-43.0000,-80.0000,-37.0000,1321.0000,-816.0000,8688.0000,-0.7184,-0.6747,-0.0437,-0.1637,74.8600,-42.0300,-77.3700,1.2300,-8.1800,-1.1400,0.0000,0.0000,-0.0000,1000.0000,1676.0000,1500.0000,1999.0000
196467.7560,2.0000,1998.0000,2000.0000,1826.0000,-117.0000,-42.0000,-24.0000,1187.0000,-627.0000,8973.0000,-0.7271,-0.6676,-0.0387,-0.1554,74.8600,-42.2500,-77.3600,1.5300,-7.7400,-0.9700,0.0000,0.0000,-0.0000,1000.0000,1676.0000,1500.0000,1999.0000
196484.7460,2.0000,1998.0000,2000.0000,1785.0000,-201.0000,11.0000,-13.0000,1141.0000,-560.0000,9124.0000,-0.7432,-0.6504,-0.0353,-0.1528,74.8600,-42.2500,-77.3600,1.5300,-7.7400,-0.9700,0.0000,0.0000,-0.0000,1000.0000,1717.0000,1500.0000,1999.0000
196501.5820,2.0000,1998.0000,2000.0000,1785.0000,-277.0000,57.0000,-6.0000,1058.0000,-353.0000,8111.0000,-0.7657,-0.6229,-0.0350,-0.1566,74.8900,-42.4800,-77.3500,2.0300,-7.1500,-0.8500,0.0000,0.0000,-0.0000,1000.0000,1717.0000,1500.0000,1999.0000
196518.5060,2.0000,1998.0000,2000.0000,1785.0000,-331.0000,108.0000,1.0000,972.0000,-187.0000,6132.0000,-0.7925,-0.5857,-0.0379,-0.1657,74.9400,-42.6900,-77.3400,2.4600,-6.6500,-0.8000,0.0000,0.0000,-0.0000,1000.0000,1717.0000,1500.0000,1999.0000
196535.4600,2.0000,1998.0000,2000.0000,1785.0000,-375.0000,145.0000,9.0000,751.0000,-285.0000,3935.0000,-0.8211,-0.5401,-0.0439,-0.1795,74.9800,-42.9000,-77.3300,2.8200,-6.4100,-0.7800,0.0000,0.0000,-0.0000,1000.0000,1717.0000,1500.0000,1999.0000
196552.0920,2.0000,1998.0000,2000.0000,1785.0000,-416.0000,178.0000,16.0000,679.0000,27.0000,1519.0000,-0.8492,-0.4874,-0.0520,-0.1963,75.0400,-43.1000,-77.3200,3.0900,-6.4500,-0.7200,0.0000,0.0000,-0.0000,1000.0000,1717.0000,1500.0000,1999.0000
196569.0780,2.0000,2000.0000,1476.0000,1188.0000,-448.0000,200.0000,19.0000,910.0000,413.0000,-305.0000,-0.8765,-0.4261,-0.0619,-0.2152,75.0900,-43.3000,-77.3000,3.2700,-6.7400,-0.6400,0.0000,0.0000,-0.0000,1671.0000,1646.0000,1500.0000,2000.0000
196586.1500,2.0000,2000.0000,1475.0000,1187.0000,-469.0000,214.0000,19.0000,873.0000,514.0000,-1829.0000,-0.9007,-0.3584,-0.0728,-0.2344,75.0900,-43.3000,-77.3000,3.2700,-6.7400,-0.6400,0.0000,0.0000,-0.0000,1671.0000,1646.0000,1500.0000,2000.0000
196603.1340,2.0000,2000.0000,1475.0000,1187.0000,-442.0000,221.0000,13.0000,954.0000,553.0000,-3070.0000,-0.9197,-0.2885,-0.0849,-0.2524,75.1700,-43.5500,-77.2900,3.5400,-6.9300,-0.4600,0.0000,0.0000,-0.0000,1671.0000,1646.0000,1500.0000,2000.0000
196620.1270,2.0000,2000.0000,1475.0000,1187.0000,-340.0000,213.0000,2.0000,1142.0000,507.0000,-4796.0000,-0.9316,-0.2253,-0.0993,-0.2674,75.2600,-43.7800,-77.2800,3.7500,-7.1600,-0.2200,0.0000,0.0000,-0.0000,1671.0000,1646.0000,1500.0000,2000.0000
196637.1960,2.0000,2000.0000,1475.0000,1187.0000,-184.0000,186.0000,-18.0000,1051.0000,520.0000,-6922.0000,-0.9365,-0.1809,-0.1171,-0.2766,75.3400,-44.0200,-77.2700,3.9000,-7.4000,0.1200,0.0000,0.0000,-0.0000,1671.0000,1646.0000,1500.0000,2000.0000
196653.9490,2.0000,2000.0000,1475.0000,1187.0000,-63.0000,166.0000,-45.0000,863.0000,730.0000,-7753.0000,-0.9376,-0.1565,-0.1371,-0.2786,75.4300,-44.2500,-77.2800,3.9500,-7.6100,0.5900,0.0000,0.0000,-0.0000,1671.0000,1646.0000,1500.0000,2000.0000
196670.6870,2.0000,1998.0000,1000.0000,1490.0000,28.0000,141.0000,-65.0000,808.0000,665.0000,-7801.0000,-0.9371,-0.1476,-0.1582,-0.2739,75.5100,-44.4800,-77.3100,3.9500,-7.7300,1.0900,0.0000,0.0000,-0.0000,1871.0000,1139.0000,1500.0000,1999.0000
196687.7170,2.0000,1998.0000,1000.0000,1491.0000,92.0000,94.0000,-80.0000,1098.0000,544.0000,-8100.0000,-0.9358,-0.1499,-0.1790,-0.2643,75.5100,-44.4800,-77.3100,3.9500,-7.7300,1.0900,0.0000,0.0000,-0.0000,1871.0000,1139.0000,1500.0000,1999.0000
196704.6930,2.0000,1998.0000,1000.0000,1491.0000,129.0000,27.0000,-97.0000,936.0000,679.0000,-8466.0000,-0.9349,-0.1612,-0.1941,-0.2496,75.6300,-44.7300,-77.3500,4.0000,-7.6400,1.6100,0.0000,0.0000,-0.0000,1871.0000,1139.0000,1500.0000,1999.0000
196721.3600,2.0000,1998.0000,1000.0000,1491.0000,130.0000,-53.0000,-115.0000,400.0000,914.0000,-8287.0000,-0.9361,-0.1764,-0.1988,-0.2304,75.7400,-44.9600,-77.3800,3.9800,-7.5700,2.1800,0.0000,0.0000,-0.0000,1871.0000,1139.0000,1500.0000,1999.0000
196738.0780,2.0000,1998.0000,1000.0000,1491.0000,147.0000,-118.0000,-127.0000,797.0000,525.0000,-6280.0000,-0.9388,-0.1946,-0.1947,-0.2070,75.8400,-45.1800,-77.4000,3.9100,-7.5300,2.8000,0.0000,0.0000,-0.0000,1871.0000,1139.0000,1500.0000,1999.0000
196754.7200,2.0000,1998.0000,2000.0000,1944.0000,176.0000,-178.0000,-136.0000,863.0000,10.0000,-2933.0000,-0.9421,-0.2176,-0.1816,-0.1793,75.9300,-45.3800,-77.4200,4.0300,-7.4000,3.2700,0.0000,0.0000,-0.0000,1000.0000,1558.0000,1500.0000,1999.0000
196771.5580,2.0000,1998.0000,2000.0000,1944.0000,196.0000,-199.0000,-139.0000,966.0000,-347.0000,739.0000,-0.9440,-0.2446,-0.1642,-0.1484,75.9300,-45.3800,-77.4200,4.0300,-7.4000,3.2700,0.0000,0.0000,-0.0000,1000.0000,1558.0000,1500.0000,1999.0000
196788.2290,2.0000,1998.0000,2000.0000,1944.0000,199.0000,-203.0000,-133.0000,1080.0000,-410.0000,4002.0000,-0.9438,-0.2730,-0.1454,-0.1170,76.0300,-45.5600,-77.4200,4.3600,-7.1200,3.5400,0.0000,0.0000,-0.0000,1000.0000,1558.0000,1500.0000,1999.0000
196805.3270,2.0000,1998.0000,2000.0000,1944.0000,163.0000,-214.0000,-114.0000,1190.0000,-1001.0000,6640.0000,-0.9420,-0.2995,-0.1241,-0.0866,76.1900,-45.7600,-77.4000,5.0700,-6.7000,3.6200,0.0000,0.0000,-0.0000,1000.0000,1558.0000,1500.0000,1999.0000
196822.0280,2.0000,1998.0000,2000.0000,1944.0000,96.0000,-213.0000,-83.0000,1459.0000,-1312.0000,8606.0000,-0.9408,-0.3179,-0.1004,-0.0610,76.3500,-45.9300,-77.3700,5.7600,-6.1000,3.5800,0.0000,0.0000,-0.0000,1000.0000,1558.0000,1500.0000,1999.0000
196839.0480,2.0000,1998.0000,2000.0000,1944.0000,31.0000,-202.0000,-47.0000,1947.0000,-1384.0000,10129.0000,-0.9410,-0.3276,-0.0750,-0.0410,76.5100,-46.0800,-77.3500,6.3900,-5.3800,3.4200,0.0000,0.0000,-0.0000,1000.0000,1558.0000,1500.0000,1999.0000
196856.1630,2.0000,1998.0000,2000.0000,1944.0000,-41.0000,-172.0000,-13.0000,2166.0000,-1553.0000,12025.0000,-0.9432,-0.3274,-0.0498,-0.0278,76.6700,-46.2100,-77.3200,6.9500,-4.6000,3.1200,0.0000,0.0000,-0.0000,1000.0000,1558.0000,1500.0000,1999.0000
196872.9020,2.0000,1998.0000,1000.0000,1574.0000,-118.0000,-112.0000,13.0000,2165.0000,-1250.0000,13115.0000,-0.9477,-0.3169,-0.0299,-0.0218,76.6700,-46.2100,-77.3200,6.9500,-4.6000,3.1200,0.0000,0.0000,-0.0000,1720.0000,1208.0000,1500.0000,1999.0000
196889.8440,2.0000,1998.0000,1000.0000,1574.0000,-200.0000,-62.0000,36.0000,1920.0000,-1156.0000,12746.0000,-0.9552,-0.2947,-0.0161,-0.0219,76.8400,-46.3100,-77.2800,7.4400,-3.8000,2.6400,0.0000,0.0000,-0.0000,1720.0000,1208.0000,1500.0000,1999.0000
196906.4700,2.0000,1998.0000,1000.0000,1574.0000,-268.0000,-2.0000,53.0000,1531.0000,-1201.0000,11571.0000,-0.9647,-0.2618,-0.0096,-0.0277,77.0700,-46.4200,-77.2300,7.9700,-3.0700,2.0500,0.0000,0.0000,-0.0000,1720.0000,1208.0000,1500.0000,1999.0000
196923.5680,2.0000,1998.0000,1000.0000,1574.0000,-295.0000,41.0000,66.0000,1528.0000,-949.0000,9237.0000,-0.9747,-0.2202,-0.0094,-0.0380,77.2800,-46.5000,-77.1900,8.3300,-2.5400,1.4700,0.0000,0.0000,-0.0000,1720.0000,1208.0000,1500.0000,1999.0000
196940.1220,2.0000,1998.0000,1000.0000,1574.0000,-272.0000,57.0000,74.0000,1240.0000,-849.0000,6510.0000,-0.9824,-0.1795,-0.0127,-0.0502,77.4900,-46.5700,-77.1500,8.6300,-2.2800,1.0300,0.0000,0.0000,-0.0000,1720.0000,1208.0000,1500.0000,1999.0000
196956.9020,2.0000,1999.0000,1000.0000,1457.0000,-221.0000,50.0000,79.0000,1066.0000,-653.0000,3816.0000,-0.9875,-0.1435,-0.0173,-0.0635,77.6900,-46.6300,-77.1000,8.8600,-2.2400,0.8200,0.0000,0.0000,-0.0000,1935.0000,1161.0000,1500.0000,2000.0000
196973.8480,2.0000,2000.0000,1000.0000,1405.0000,-153.0000,19.0000,78.0000,982.0000,-581.0000,1869.0000,-0.9901,-0.1161,-0.0193,-0.0763,77.6900,-46.6300,-77.1000,8.8600,-2.2400,0.8200,0.0000,0.0000,-0.0000,1935.0000,1161.0000,1500.0000,2000.0000
196990.5120,2.0000,2000.0000,1000.0000,1405.0000,-73.0000,-15.0000,68.0000,848.0000,-447.0000,1017.0000,-0.9910,-0.1001,-0.0172,-0.0875,77.8900,-46.7000,-77.0600,9.0300,-2.3600,0.8300,0.0000,0.0000,-0.0000,1935.0000,1161.0000,1500.0000,2000.0000
197007.6230,2.0000,2000.0000,1000.0000,1405.0000,16.0000,-43.0000,51.0000,792.0000,-192.0000,1442.0000,-0.9906,-0.0966,-0.0116,-0.0961,78.1300,-46.7900,-77.0100,9.2100,-2.6400,0.9700,0.0000,0.0000,-0.0000,1935.0000,1161.0000,1500.0000,2000.0000
197024.2770,2.0000,2000.0000,1000.0000,1405.0000,87.0000,-62.0000,28.0000,752.0000,-114.0000,2575.0000,-0.9893,-0.1054,-0.0040,-0.1010,78.3600,-46.8700,-76.9600,9.3500,-2.8800,1.0800,0.0000,0.0000,-0.0000,1935.0000,1161.0000,1500.0000,2000.0000
197041.0190,2.0000,2000.0000,1000.0000,1405.0000,137.0000,-72.0000,3.0000,863.0000,-20.0000,3524.0000,-0.9872,-0.1227,0.0042,-0.1022,78.5700,-46.9600,-76.9100,9.4500,-3.0600,1.0500,0.0000,0.0000,-0.0000,1935.0000,1161.0000,1500.0000,2000.0000
197057.9110,2.0000,2000.0000,1000.0000,1405.0000,173.0000,-76.0000,-16.0000,877.0000,-83.0000,4098.0000,-0.9841,-0.1463,0.0125,-0.0998,78.7800,-47.0400,-76.8700,9.5400,-3.1800,0.9400,0.0000,0.0000,-0.0000,1935.0000,1161.0000,1500.0000,2000.0000
197074.4760,2.0000,1998.0000,1000.0000,1454.0000,192.0000,-71.0000,-29.0000,885.0000,76.0000,4247.0000,-0.9800,-0.1734,0.0199,-0.0952,78.7800,-47.0400,-76.8700,9.5400,-3.1800,0.9400,0.0000,0.0000,-0.0000,1864.0000,1183.0000,1500.0000,1999.0000
197091.2800,2.0000,1998.0000,1000.0000,1454.0000,203.0000,-68.0000,-40.0000,954.0000,88.0000,4664.0000,-0.9749,-0.2027,0.0264,-0.0887,78.9900,-47.1200,-76.8200,9.6200,-3.2300,0.7900,0.0000,0.0000,-0.0000,1864.0000,1183.0000,1500.0000,1999.0000
197108.0010,2.0000,1998.0000,1000.0000,1454.0000,209.0000,-71.0000,-51.0000,733.0000,4.0000,4487.0000,-0.9686,-0.2328,0.0320,-0.0807,79.2200,-47.2200,-76.7800,9.7400,-3.2000,0.5900,0.0000,0.0000,-0.0000,1864.0000,1183.0000,1500.0000,1999.0000
197124.8340,2.0000,1998.0000,1000.0000,1454.0000,219.0000,-72.0000,-57.0000,659.0000,-215.0000,4338.0000,-0.9611,-0.2640,0.0377,-0.0713,79.4500,-47.3000,-76.7400,9.8200,-3.1300,0.4100,0.0000,0.0000,-0.0000,1864.0000,1183.0000,1500.0000,1999.0000
197141.9000,2.0000,1998.0000,1000.0000,1454.0000,219.0000,-77.0000,-62.0000,702.0000,-223.0000,4289.0000,-0.9522,-0.2961,0.0438,-0.0607,79.6700,-47.3900,-76.7000,9.8600,-3.0300,0.2900,0.0000,0.0000,-0.0000,1864.0000,1183.0000,1500.0000,1999.0000
197158.4420,2.0000,1998.0000,1000.0000,1454.0000,218.0000,-81.0000,-64.0000,923.0000,-100.0000,4681.0000,-0.9424,-0.3271,0.0501,-0.0499,79.8700,-47.4600,-76.6700,9.9000,-2.8900,0.1700,0.0000,0.0000,-0.0000,1864.0000,1183.0000,1500.0000,1999.0000
197175.3050,2.0000,1998.0000,1000.0000,1564.0000,216.0000,-86.0000,-65.0000,968.0000,-314.0000,5329.0000,-0.9312,-0.3579,0.0569,-0.0384,79.8700,-47.4600,-76.6700,9.9000,-2.8900,0.1700,0.0000,0.0000,-0.0000,1831.0000,1106.0000,1500.0000,1999.0000
197192.0040,2.0000,1998.0000,1000.0000,1564.0000,210.0000,-93.0000,-65.0000,921.0000,-620.0000,5822.0000,-0.9192,-0.3877,0.0645,-0.0265,80.0800,-47.5300,-76.6400,9.9400,-2.6600,0.0300,0.0000,0.0000,-0.0000,1831.0000,1106.0000,1500.0000,1999.0000
197208.6160,2.0000,1998.0000,1000.0000,1564.0000,196.0000,-98.0000,-62.0000,1020.0000,-423.0000,5921.0000,-0.9065,-0.4155,0.0730,-0.0143,80.3200,-47.6000,-76.6100,9.9800,-2.2600,-0.0900,0.0000,0.0000,-0.0000,1831.0000,1106.0000,1500.0000,1999.0000
197225.3920,2.0000,1998.0000,1000.0000,1564.0000,170.0000,-109.0000,-57.0000,1127.0000,-430.0000,6271.0000,-0.8939,-0.4406,0.0829,-0.0018,80.5400,-47.6600,-76.5800,10.0000,-1.8400,-0.2200,0.0000,0.0000,-0.0000,1831.0000,1106.0000,1500.0000,1999.0000
197242.1020,2.0000,1998.0000,1000.0000,1564.0000,146.0000,-117.0000,-51.0000,1018.0000,-703.0000,6699.0000,-0.8821,-0.4615,0.0940,0.0106,80.7600,-47.7000,-76.5600,10.0000,-1.4000,-0.3300,0.0000,0.0000,-0.0000,1831.0000,1106.0000,1500.0000,1999.0000
197258.8230,2.0000,1998.0000,1000.0000,1564.0000,126.0000,-118.0000,-44.0000,1045.0000,-770.0000,6995.0000,-0.8712,-0.4789,0.1060,0.0228,80.9600,-47.7400,-76.5300,9.9500,-0.9200,-0.4000,0.0000,0.0000,-0.0000,1831.0000,1106.0000,1500.0000,1999.0000
197275.5190,2.0000,1998.0000,1000.0000,1665.0000,119.0000,-121.0000,-37.0000,1137.0000,-830.0000,7192.0000,-0.8605,-0.4943,0.1185,0.0342,80.9600,-47.7400,-76.5300,9.9500,-0.9200,-0.4000,0.0000,0.0000,-0.0000,1757.0000,1079.0000,1500.0000,1999.0000
197292.1290,2.0000,1998.0000,1000.0000,1665.0000,110.0000,-130.0000,-30.0000,1369.0000,-800.0000,7514.0000,-0.8497,-0.5084,0.1323,0.0453,81.1700,-47.7600,-76.5100,9.8900,-0.4000,-0.4500,0.0000,0.0000,-0.0000,1757.0000,1079.0000,1500.0000,1999.0000
197308.9260,2.0000,1998.0000,1000.0000,1665.0000,94.0000,-139.0000,-23.0000,1127.0000,-735.0000,7635.0000,-0.8391,-0.5205,0.1477,0.0566,81.4000,-47.7700,-76.4900,9.8700,0.1500,-0.4900,0.0000,0.0000,-0.0000,1757.0000,1079.0000,1500.0000,1999.0000
197325.6180,2.0000,1998.0000,1000.0000,1665.0000,84.0000,-145.0000,-17.0000,1164.0000,-882.0000,8096.0000,-0.8289,-0.5305,0.1640,0.0676,81.6200,-47.7800,-76.4600,9.7800,0.6900,-0.5300,0.0000,0.0000,-0.0000,1757.0000,1079.0000,1500.0000,1999.0000
197342.2300,2.0000,1998.0000,1000.0000,1665.0000,87.0000,-156.0000,-12.0000,1190.0000,-1026.0000,8794.0000,-0.8184,-0.5395,0.1817,0.0788,81.8300,-47.7700,-76.4400,9.6500,1.2400,-0.5500,0.0000,0.0000,-0.0000,1757.0000,1079.0000,1500.0000,1999.0000
197359.2110,2.0000,1998.0000,1000.0000,1665.0000,89.0000,-155.0000,-9.0000,1366.0000,-754.0000,9478.0000,-0.8068,-0.5485,0.2005,0.0898,81.8300,-47.7700,-76.4400,9.6500,1.2400,-0.5500,0.0000,0.0000,-0.0000,1757.0000,1079.0000,1500.0000,1999.0000
197376.0540,2.0000,2000.0000,1000.0000,1393.0000,83.0000,-147.0000,-8.0000,1426.0000,-532.0000,9925.0000,-0.7950,-0.5569,0.2187,0.1001,82.0200,-47.7500,-76.4200,9.4500,1.8400,-0.5700,0.0000,0.0000,-0.0000,1926.0000,1182.0000,1500.0000,2000.0000
197392.7490,2.0000,2000.0000,1000.0000,1393.0000,85.0000,-140.0000,-8.0000,1316.0000,-557.0000,9912.0000,-0.7832,-0.5647,0.2360,0.1098,82.2200,-47.7100,-76.4000,9.2200,2.4800,-0.6200,0.0000,0.0000,-0.0000,1926.0000,1182.0000,1500.0000,2000.0000
197409.3210,2.0000,2000.0000,1000.0000,1393.0000,102.0000,-122.0000,-14.0000,1319.0000,-644.0000,9863.0000,-0.7708,-0.5735,0.2510,0.1181,82.4400,-47.6700,-76.3800,9.0000,3.1700,-0.6400,0.0000,0.0000,-0.0000,1926.0000,1182.0000,1500.0000,2000.0000
197425.9150,2.0000,2000.0000,1000.0000,1393.0000,121.0000,-95.0000,-21.0000,1338.0000,-433.0000,9719.0000,-0.7572,-0.5847,0.2630,0.1244,82.6400,-47.6100,-76.3600,8.7400,3.8000,-0.6300,0.0000,0.0000,-0.0000,1926.0000,1182.0000,1500.0000,2000.0000
197442.7210,2.0000,2000.0000,1000.0000,1393.0000,141.0000,-59.0000,-26.0000,1191.0000,-496.0000,9182.0000,-0.7424,-0.5988,0.2716,0.1281,82.8300,-47.5400,-76.3500,8.4800,4.3600,-0.5900,0.0000,0.0000,-0.0000,1926.0000,1182.0000,1500.0000,2000.0000
197459.7430,2.0000,2000.0000,1000.0000,1393.0000,162.0000,-33.0000,-32.0000,1261.0000,-461.0000,7976.0000,-0.7264,-0.6159,0.2766,0.1289,82.8300,-47.5400,-76.3500,8.4800,4.3600,-0.5900,0.0000,0.0000,-0.0000,1926.0000,1182.0000,1500.0000,2000.0000
197476.8230,2.0000,1997.0000,2000.0000,1846.0000,189.0000,-19.0000,-39.0000,1182.0000,-282.0000,6285.0000,-0.7086,-0.6356,0.2788,0.1272,83.0000,-47.4600,-76.3400,8.2800,4.7800,-0.4800,0.0000,0.0000,-0.0000,1020.0000,1636.0000,1500.0000,1998.0000
197493.8100,2.0000,1997.0000,2000.0000,1846.0000,215.0000,-12.0000,-48.0000,910.0000,-62.0000,4389.0000,-0.6876,-0.6584,0.2798,0.1245,83.1900,-47.3800,-76.3200,8.2300,5.1200,-0.3500,0.0000,0.0000,-0.0000,1020.0000,1636.0000,1500.0000,1998.0000
197510.5420,2.0000,1997.0000,2000.0000,1846.0000,202.0000,-16.0000,-55.0000,973.0000,319.0000,3011.0000,-0.6653,-0.6813,0.2798,0.1222,83.4000,-47.2800,-76.3100,8.3300,5.3600,-0.2000,0.0000,0.0000,-0.0000,1020.0000,1636.0000,1500.0000,1998.0000
197527.5260,2.0000,1997.0000,2000.0000,1846.0000,150.0000,-31.0000,-56.0000,1101.0000,218.0000,2214.0000,-0.6451,-0.7005,0.2795,0.1226,83.6000,-47.1900,-76.2900,8.5200,5.4200,-0.0700,0.0000,0.0000,-0.0000,1020.0000,1636.0000,1500.0000,1998.0000
197544.5410,2.0000,1997.0000,2000.0000,1846.0000,71.0000,-52.0000,-49.0000,952.0000,-160.0000,1894.0000,-0.6306,-0.7124,0.2801,0.1277,83.8000,-47.1000,-76.2800,8.7500,5.4100,0.0700,0.0000,0.0000,-0.0000,1020.0000,1636.0000,1500.0000,1998.0000
197561.4690,2.0000,1997.0000,2000.0000,1787.0000,-8.0000,-66.0000,-37.0000,1047.0000,-399.0000,2678.0000,-0.6244,-0.7158,0.2814,0.1367,83.8000,-47.1000,-76.2800,8.7500,5.4100,0.0700,0.0000,0.0000,-0.0000,1000.0000,1716.0000,1500.0000,1999.0000
197578.2950,2.0000,1998.0000,2000.0000,1786.0000,-76.0000,-53.0000,-28.0000,1274.0000,-637.0000,4419.0000,-0.6257,-0.7119,0.2825,0.1478,84.0000,-47.0200,-76.2600,8.9300,5.4100,0.2700,0.0000,0.0000,-0.0000,1000.0000,1716.0000,1500.0000,1999.0000
197595.0750,2.0000,1998.0000,2000.0000,1786.0000,-152.0000,-23.0000,-23.0000,1065.0000,-305.0000,5382.0000,-0.6353,-0.7016,0.2810,0.1589,84.2200,-46.9200,-76.2400,9.0300,5.7500,0.5400,0.0000,0.0000,-0.0000,1000.0000,1716.0000,1500.0000,1999.0000
197612.0820,2.0000,1998.0000,2000.0000,1786.0000,-248.0000,19.0000,-17.0000,1001.0000,-111.0000,5790.0000,-0.6556,-0.6829,0.2742,0.1693,84.4400,-46.7900,-76.2200,9.0100,6.3700,0.8000,0.0000,0.0000,-0.0000,1000.0000,1716.0000,1500.0000,1999.0000
197629.0360,2.0000,1998.0000,2000.0000,1786.0000,-315.0000,62.0000,-12.0000,843.0000,-162.0000,5566.0000,-0.6849,-0.6565,0.2612,0.1778,84.6600,-46.6600,-76.1900,8.9200,6.9700,1.0200,0.0000,0.0000,-0.0000,1000.0000,1716.0000,1500.0000,1999.0000
197645.7520,2.0000,1998.0000,2000.0000,1786.0000,-360.0000,105.0000,-7.0000,797.0000,-173.0000,4672.0000,-0.7196,-0.6244,0.2424,0.1831,84.8600,-46.5200,-76.1600,8.8400,7.4800,1.1800,0.0000,0.0000,-0.0000,1000.0000,1716.0000,1500.0000,1999.0000
197662.8340,2.0000,1999.0000,1000.0000,1308.0000,-403.0000,145.0000,-1.0000,1064.0000,-103.0000,3253.0000,-0.7581,-0.5860,0.2178,0.1853,84.8600,-46.5200,-76.1600,8.8400,7.4800,1.1800,0.0000,0.0000,-0.0000,1898.0000,1295.0000,1500.0000,2000.0000
197679.8150,2.0000,2000.0000,1000.0000,1307.0000,-433.0000,174.0000,4.0000,1072.0000,-135.0000,2086.0000,-0.7980,-0.5421,0.1881,0.1844,85.0600,-46.3700,-76.1300,8.8600,7.8500,1.2900,0.0000,0.0000,-0.0000,1898.0000,1295.0000,1500.0000,2000.0000
197696.6480,2.0000,2000.0000,1000.0000,1307.0000,-436.0000,206.0000,6.0000,1031.0000,-159.0000,894.0000,-0.8363,-0.4943,0.1539,0.1805,85.2700,-46.2100,-76.1000,8.9600,8.1600,1.3700,0.0000,0.0000,-0.0000,1898.0000,1295.0000,1500.0000,2000.0000
197713.2290,2.0000,2000.0000,1000.0000,1307.0000,-375.0000,223.0000,4.0000,1270.0000,65.0000,-1097.0000,-0.8687,-0.4491,0.1168,0.1729,85.5000,-46.0300,-76.0700,9.1300,8.4600,1.4700,0.0000,0.0000,-0.0000,1898.0000,1295.0000,1500.0000,2000.0000
197729.8810,2.0000,2000.0000,1000.0000,1307.0000,-264.0000,226.0000,-2.0000,1210.0000,262.0000,-3536.0000,-0.8921,-0.4138,0.0801,0.1629,85.7200,-45.8500,-76.0400,9.3900,8.5600,1.6800,0.0000,0.0000,-0.0000,1898.0000,1295.0000,1500.0000,2000.0000
197746.6970,2.0000,2000.0000,1000.0000,1307.0000,-132.0000,198.0000,-17.0000,590.0000,329.0000,-5682.0000,-0.9057,-0.3925,0.0468,0.1531,85.9500,-45.6800,-76.0000,9.6800,8.4600,1.9600,0.0000,0.0000,-0.0000,1898.0000,1295.0000,1500.0000,2000.0000
197763.6480,2.0000,2000.0000,1000.0000,1307.0000,7.0000,156.0000,-42.0000,868.0000,231.0000,-6626.0000,-0.9093,-0.3884,0.0201,0.1478,85.9500,-45.6800,-76.0000,9.6800,8.4600,1.9600,0.0000,0.0000,-0.0000,1898.0000,1295.0000,1500.0000,2000.0000
197780.5130,2.0000,2000.0000,1000.0000,1532.0000,118.0000,103.0000,-67.0000,1002.0000,180.0000,-6974.0000,-0.9044,-0.4000,0.0015,0.1485,86.1700,-45.5200,-75.9600,9.9000,8.2500,2.3700,0.0000,0.0000,-0.0000,1894.0000,1075.0000,1500.0000,2000.0000
197797.1320,2.0000,2000.0000,1000.0000,1532.0000,200.0000,48.0000,-88.0000,330.0000,298.0000,-7372.0000,-0.8926,-0.4231,-0.0094,0.1552,86.4200,-45.3300,-75.9100,10.0700,8.2200,2.8200,0.0000,0.0000,-0.0000,1894.0000,1075.0000,1500.0000,2000.0000
197814.2120,2.0000,2000.0000,1000.0000,1532.0000,239.0000,-1.0000,-102.0000,333.0000,220.0000,-6748.0000,-0.8755,-0.4529,-0.0126,0.1679,86.6800,-45.1100,-75.8500,10.1700,8.2800,3.2700,0.0000,0.0000,-0.0000,1894.0000,1075.0000,1500.0000,2000.0000
197831.0640,2.0000,2000.0000,1000.0000,1532.0000,246.0000,-69.0000,-113.0000,254.0000,163.0000,-5334.0000,-0.8556,-0.4830,-0.0082,0.1860,86.9300,-44.9100,-75.7600,10.2300,8.3600,3.7000,0.0000,0.0000,-0.0000,1894.0000,1075.0000,1500.0000,2000.0000
197848.2560,2.0000,2000.0000,1000.0000,1532.0000,233.0000,-97.0000,-114.0000,655.0000,-108.0000,-2505.0000,-0.8343,-0.5106,0.0018,0.2081,87.1700,-44.7200,-75.6700,10.2500,8.5700,4.0500,0.0000,0.0000,-0.0000,1894.0000,1075.0000,1500.0000,2000.0000
197865.3620,2.0000,1998.0000,1658.0000,2000.0000,227.0000,-140.0000,-109.0000,945.0000,-430.0000,425.0000,-0.8122,-0.5351,0.0158,0.2317,87.1700,-44.7200,-75.6700,10.2500,8.5700,4.0500,0.0000,0.0000,-0.0000,1001.0000,1160.0000,1500.0000,1999.0000
197882.0970,2.0000,1998.0000,1659.0000,2000.0000,227.0000,-161.0000,-101.0000,651.0000,-662.0000,2601.0000,-0.7897,-0.5566,0.0336,0.2560,87.3800,-44.5300,-75.5700,10.2400,9.0300,4.3100,0.0000,0.0000,-0.0000,1001.0000,1160.0000,1500.0000,1999.0000
197899.3140,2.0000,1998.0000,1659.0000,2000.0000,198.0000,-182.0000,-83.0000,719.0000,-943.0000,4915.0000,-0.7663,-0.5755,0.0547,0.2805,87.6300,-44.3000,-75.4700,10.2700,9.7100,4.5100,0.0000,0.0000,-0.0000,1001.0000,1160.0000,1500.0000,1999.0000
197916.0710,2.0000,1998.0000,1659.0000,2000.0000,131.0000,-195.0000,-57.0000,1124.0000,-1264.0000,7384.0000,-0.7473,-0.5862,0.0771,0.3032,87.8900,-44.0300,-75.3800,10.2500,10.5300,4.6900,0.0000,0.0000,-0.0000,1001.0000,1160.0000,1500.0000,1999.0000
197933.0940,2.0000,1998.0000,1659.0000,2000.0000,49.0000,-189.0000,-23.0000,1555.0000,-1193.0000,9288.0000,-0.7350,-0.5875,0.0993,0.3237,88.1300,-43.7600,-75.2900,10.0800,11.4500,4.8400,0.0000,0.0000,-0.0000,1001.0000,1160.0000,1500.0000,1999.0000
197949.8090,2.0000,1998.0000,1659.0000,2000.0000,-45.0000,-173.0000,11.0000,1729.0000,-1200.0000,11044.0000,-0.7318,-0.5786,0.1184,0.3401,88.3600,-43.4900,-75.2100,9.7900,12.4000,4.9400,0.0000,0.0000,-0.0000,1001.0000,1160.0000,1500.0000,1999.0000
197966.6300,2.0000,1998.0000,1601.0000,2000.0000,-122.0000,-137.0000,35.0000,1753.0000,-1191.0000,12164.0000,-0.7374,-0.5608,0.1328,0.3523,88.3600,-43.4900,-75.2100,9.7900,12.4000,4.9400,0.0000,0.0000,-0.0000,1002.0000,1102.0000,1500.0000,1999.0000
197983.4250,2.0000,1998.0000,1600.0000,2000.0000,-172.0000,-106.0000,54.0000,1844.0000,-1050.0000,12143.0000,-0.7494,-0.5373,0.1417,0.3601,88.5600,-43.2200,-75.1300,9.4000,13.3100,4.9500,0.0000,0.0000,-0.0000,1002.0000,1102.0000,1500.0000,1999.0000
198000.2830,2.0000,1998.0000,1600.0000,2000.0000,-210.0000,-75.0000,68.0000,1828.0000,-858.0000,11150.0000,-0.7655,-0.5099,0.1464,0.3642,88.7800,-42.9100,-75.0500,9.0700,14.1700,4.8600,0.0000,0.0000,-0.0000,1002.0000,1102.0000,1500.0000,1999.0000
198017.0520,2.0000,1998.0000,1600.0000,2000.0000,-246.0000,-53.0000,77.0000,1496.0000,-628.0000,9653.0000,-0.7847,-0.4790,0.1463,0.3652,89.0100,-42.5700,-74.9700,8.8500,14.8600,4.6900,0.0000,0.0000,-0.0000,1002.0000,1102.0000,1500.0000,1999.0000
198033.7750,2.0000,1998.0000,1600.0000,2000.0000,-266.0000,-36.0000,79.0000,1130.0000,-324.0000,8362.0000,-0.8056,-0.4452,0.1424,0.3641,89.2200,-42.2400,-74.8900,8.7000,15.3300,4.4700,0.0000,0.0000,-0.0000,1002.0000,1102.0000,1500.0000,1999.0000
198050.8220,2.0000,1998.0000,1600.0000,2000.0000,-278.0000,-27.0000,78.0000,1068.0000,-55.0000,7765.0000,-0.8267,-0.4088,0.1362,0.3618,89.4100,-41.9200,-74.8200,8.6200,15.6300,4.2100,0.0000,0.0000,-0.0000,1002.0000,1102.0000,1500.0000,1999.0000
198067.6820,2.0000,1997.0000,1000.0000,1758.0000,-281.0000,-21.0000,73.0000,942.0000,4.0000,7194.0000,-0.8464,-0.3716,0.1286,0.3592,89.4100,-41.9200,-74.8200,8.6200,15.6300,4.2100,0.0000,0.0000,-0.0000,1695.0000,1049.0000,1500.0000,1998.0000
198084.4350,2.0000,1997.0000,1000.0000,1758.0000,-284.0000,-19.0000,64.0000,1082.0000,369.0000,6735.0000,-0.8643,-0.3338,0.1200,0.3567,89.5900,-41.6100,-74.7600,8.5900,15.8200,3.9200,0.0000,0.0000,-0.0000,1695.0000,1049.0000,1500.0000,1998.0000
198101.3580,2.0000,1997.0000,1000.0000,1758.0000,-254.0000,-30.0000,44.0000,853.0000,499.0000,5895.0000,-0.8795,-0.2967,0.1112,0.3552,89.7700,-41.3100,-74.7000,8.6200,15.9200,3.5900,0.0000,0.0000,-0.0000,1695.0000,1049.0000,1500.0000,1998.0000
198118.0820,2.0000,1997.0000,1000.0000,1758.0000,-201.0000,-52.0000,21.0000,681.0000,438.0000,5437.0000,-0.8899,-0.2648,0.1059,0.3560,89.9400,-41.0100,-74.6500,8.7000,15.9200,3.2600,0.0000,0.0000,-0.0000,1695.0000,1049.0000,1500.0000,1998.0000
198134.6400,2.0000,1997.0000,1000.0000,1758.0000,-140.0000,-81.0000,-3.0000,607.0000,426.0000,5297.0000,-0.8956,-0.2394,0.1060,0.3596,90.1100,-40.7300,-74.6000,8.7900,15.8200,2.9700,0.0000,0.0000,-0.0000,1695.0000,1049.0000,1500.0000,1998.0000
198151.4700,2.0000,1997.0000,1000.0000,1758.0000,-78.0000,-111.0000,-27.0000,783.0000,56.0000,6212.0000,-0.8971,-0.2202,0.1124,0.3662,90.1100,-40.7300,-74.6000,8.7900,15.8200,2.9700,0.0000,0.0000,-0.0000,1695.0000,1049.0000,1500.0000,1998.0000
198168.2880,2.0000,1997.0000,1000.0000,1758.0000,-40.0000,-131.0000,-45.0000,841.0000,54.0000,6910.0000,-0.8946,-0.2065,0.1245,0.3761,90.2700,-40.4600,-74.5600,8.8700,15.7200,2.6400,0.0000,0.0000,-0.0000,1695.0000,1049.0000,1500.0000,1998.0000
198184.9130,2.0000,1997.0000,1000.0000,1730.0000,-39.0000,-146.0000,-56.0000,843.0000,213.0000,7722.0000,-0.8901,-0.1948,0.1393,0.3878,90.4300,-40.2100,-74.5300,8.8800,15.6400,2.2400,0.0000,0.0000,-0.0000,1722.0000,1050.0000,1500.0000,1998.0000
198201.5220,2.0000,1997.0000,1000.0000,1730.0000,-55.0000,-158.0000,-68.0000,910.0000,-81.0000,8363.0000,-0.8846,-0.1810,0.1543,0.4011,90.5800,-39.9700,-74.5100,8.8500,15.5400,1.7500,0.0000,0.0000,-0.0000,1722.0000,1050.0000,1500.0000,1998.0000
198218.1700,2.0000,1997.0000,1000.0000,1730.0000,-49.0000,-166.0000,-75.0000,1275.0000,-233.0000,8752.0000,-0.8780,-0.1661,0.1698,0.4156,90.7200,-39.7400,-74.5100,8.7600,15.4400,1.1900,0.0000,0.0000,-0.0000,1722.0000,1050.0000,1500.0000,1998.0000
198235.1930,2.0000,1997.0000,1000.0000,1730.0000,-25.0000,-165.0000,-79.0000,1212.0000,-486.0000,9218.0000,-0.8697,-0.1531,0.1873,0.4303,90.8500,-39.5200,-74.5100,8.6300,15.3500,0.6200,0.0000,0.0000,-0.0000,1722.0000,1050.0000,1500.0000,1998.0000
198251.9170,2.0000,1997.0000,1000.0000,1730.0000,-14.0000,-156.0000,-77.0000,1472.0000,-442.0000,10112.0000,-0.8606,-0.1428,0.2046,0.4439,90.8500,-39.5200,-74.5100,8.6300,15.3500,0.6200,0.0000,0.0000,-0.0000,1722.0000,1050.0000,1500.0000,1998.0000
198268.6860,2.0000,1998.0000,1000.0000,1559.0000,10.0000,-159.0000,-76.0000,1742.0000,-667.0000,11256.0000,-0.8507,-0.1341,0.2229,0.4568,90.9800,-39.3100,-74.5200,8.4300,15.2500,-0.0000,0.0000,0.0000,-0.0000,1844.0000,1099.0000,1500.0000,1999.0000
198285.5680,2.0000,1998.0000,1000.0000,1558.0000,24.0000,-140.0000,-72.0000,1860.0000,-822.0000,12646.0000,-0.8401,-0.1286,0.2419,0.4682,91.1000,-39.1000,-74.5500,8.1400,15.1500,-0.7200,0.0000,0.0000,-0.0000,1844.0000,1099.0000,1500.0000,1999.0000
198302.2940,2.0000,1998.0000,1000.0000,1558.0000,35.0000,-108.0000,-69.0000,1817.0000,-899.0000,13105.0000,-0.8304,-0.1264,0.2573,0.4778,91.2200,-38.9000,-74.5900,7.7400,15.0500,-1.5800,0.0000,0.0000,-0.0000,1844.0000,1099.0000,1500.0000,1999.0000
198319.0550,2.0000,1998.0000,1000.0000,1558.0000,58.0000,-72.0000,-64.0000,1711.0000,-806.0000,11949.0000,-0.8214,-0.1282,0.2703,0.4855,91.3200,-38.7000,-74.6500,7.2900,14.9200,-2.4400,0.0000,0.0000,-0.0000,1844.0000,1099.0000,1500.0000,1999.0000
198335.6870,2.0000,1998.0000,1000.0000,1558.0000,63.0000,-44.0000,-59.0000,1507.0000,-722.0000,10849.0000,-0.8137,-0.1340,0.2808,0.4911,91.4100,-38.5100,-74.7200,6.8900,14.7700,-3.1800,0.0000,0.0000,-0.0000,1844.0000,1099.0000,1500.0000,1999.0000
198352.5360,2.0000,1998.0000,1000.0000,1526.0000,62.0000,-20.0000,-57.0000,1256.0000,-547.0000,9739.0000,-0.8072,-0.1415,0.2876,0.4957,91.4100,-38.5100,-74.7200,6.8900,14.7700,-3.1800,0.0000,0.0000,-0.0000,1859.0000,1117.0000,1500.0000,1999.0000
198369.2780,2.0000,1998.0000,1000.0000,1525.0000,64.0000,-6.0000,-55.0000,1206.0000,-458.0000,8060.0000,-0.8014,-0.1504,0.2923,0.4997,91.4900,-38.3300,-74.8000,6.5800,14.6000,-3.7800,0.0000,0.0000,-0.0000,1859.0000,1117.0000,1500.0000,1999.0000
198385.8390,2.0000,1998.0000,1000.0000,1525.0000,79.0000,-1.0000,-57.0000,943.0000,-622.0000,6308.0000,-0.7958,-0.1608,0.2964,0.5030,91.5600,-38.1600,-74.9000,6.3800,14.4100,-4.2400,0.0000,0.0000,-0.0000,1859.0000,1117.0000,1500.0000,1999.0000
198402.5750,2.0000,1998.0000,1000.0000,1525.0000,93.0000,-11.0000,-59.0000,931.0000,-542.0000,4918.0000,-0.7893,-0.1731,0.3019,0.5059,91.6200,-38.0100,-75.0000,6.3000,14.2200,-4.5200,0.0000,0.0000,-0.0000,1859.0000,1117.0000,1500.0000,1999.0000
198419.1320,2.0000,1998.0000,1000.0000,1525.0000,105.0000,-21.0000,-61.0000,608.0000,-419.0000,3820.0000,-0.7816,-0.1859,0.3095,0.5087,91.6700,-37.8900,-75.1100,6.3500,14.0100,-4.6500,0.0000,0.0000,-0.0000,1859.0000,1117.0000,1500.0000,1999.0000
198436.0170,2.0000,1998.0000,1000.0000,1525.0000,125.0000,-40.0000,-61.0000,777.0000,-356.0000,3833.0000,-0.7726,-0.1998,0.3195,0.5110,91.7200,-37.7800,-75.2100,6.4500,13.7800,-4.7100,0.0000,0.0000,-0.0000,1859.0000,1117.0000,1500.0000,1999.0000
198452.5530,2.0000,1997.0000,2000.0000,1805.0000,141.0000,-57.0000,-57.0000,978.0000,-419.0000,4310.0000,-0.7621,-0.2139,0.3328,0.5125,91.7200,-37.7800,-75.2100,6.4500,13.7800,-4.7100,0.0000,0.0000,-0.0000,1000.0000,1696.0000,1500.0000,1998.0000
198469.2380,2.0000,1997.0000,2000.0000,1806.0000,147.0000,-79.0000,-52.0000,988.0000,-619.0000,4836.0000,-0.7501,-0.2273,0.3495,0.5135,91.7600,-37.6900,-75.3100,6.5300,13.5800,-4.7700,0.0000,0.0000,-0.0000,1000.0000,1696.0000,1500.0000,1998.0000
198486.1610,2.0000,1997.0000,2000.0000,1806.0000,147.0000,-97.0000,-46.0000,1056.0000,-674.0000,5195.0000,-0.7367,-0.2396,0.3685,0.5138,91.8000,-37.6200,-75.4200,6.5500,13.3900,-4.8300,0.0000,0.0000,-0.0000,1000.0000,1696.0000,1500.0000,1998.0000
198503.0470,2.0000,1997.0000,2000.0000,1806.0000,111.0000,-114.0000,-32.0000,1008.0000,-835.0000,5924.0000,-0.7232,-0.2482,0.3884,0.5143,91.9700,-37.2400,-75.5800,6.2000,13.9100,-4.9200,0.0000,0.0000,-0.0000,1000.0000,1696.0000,1500.0000,1998.0000
198520.0380,2.0000,1997.0000,2000.0000,1806.0000,55.0000,-121.0000,-14.0000,1385.0000,-1123.0000,7198.0000,-0.7116,-0.2493,0.4065,0.5160,92.1600,-36.7600,-75.7500,5.6600,14.5800,-5.0400,0.0000,0.0000,-0.0000,1000.0000,1696.0000,1500.0000,1998.0000
198536.9440,2.0000,1997.0000,2000.0000,1806.0000,-13.0000,-115.0000,6.0000,1474.0000,-878.0000,7933.0000,-0.7035,-0.2428,0.4203,0.5191,92.3300,-36.3000,-75.9100,5.0400,15.1500,-5.2100,0.0000,0.0000,-0.0000,1000.0000,1696.0000,1500.0000,1998.0000
198553.7830,2.0000,1997.0000,2000.0000,1806.0000,-92.0000,-94.0000,22.0000,1519.0000,-512.0000,8577.0000,-0.7001,-0.2286,0.4276,0.5242,92.3300,-36.3000,-75.9100,5.0400,15.1500,-5.2100,0.0000,0.0000,-0.0000,1000.0000,1696.0000,1500.0000,1998.0000
198570.7430,2.0000,1998.0000,1479.0000,1353.0000,-176.0000,-53.0000,30.0000,1240.0000,-425.0000,8716.0000,-0.7022,-0.2073,0.4254,0.5320,92.4700,-35.8500,-76.0800,4.4100,15.6200,-5.4500,0.0000,0.0000,-0.0000,1586.0000,1565.0000,1500.0000,1999.0000
198587.5050,2.0000,1998.0000,1479.0000,1353.0000,-254.0000,-4.0000,36.0000,1254.0000,-103.0000,8256.0000,-0.7095,-0.1806,0.4120,0.5425,92.6100,-35.3600,-76.2500,3.6400,16.0700,-5.7500,0.0000,0.0000,-0.0000,1586.0000,1565.0000,1500.0000,1999.0000
198604.5740,2.0000,1998.0000,1479.0000,1353.0000,-286.0000,39.0000,34.0000,1236.0000,-246.0000,7619.0000,-0.7204,-0.1509,0.3886,0.5543,92.7300,-34.8400,-76.4400,2.9200,16.4700,-6.1100,0.0000,0.0000,-0.0000,1586.0000,1565.0000,1500.0000,1999.0000
198621.5900,2.0000,1998.0000,1479.0000,1353.0000,-255.0000,78.0000,27.0000,1219.0000,-165.0000,5864.0000,-0.7324,-0.1247,0.3595,0.5646,92.8200,-34.3400,-76.6300,2.3600,16.8100,-6.4800,0.0000,0.0000,-0.0000,1586.0000,1565.0000,1500.0000,1999.0000
198638.6410,2.0000,1998.0000,1479.0000,1353.0000,-173.0000,99.0000,20.0000,1027.0000,-65.0000,3360.0000,-0.7431,-0.1080,0.3320,0.5708,92.9100,-33.8600,-76.8300,2.0500,17.1500,-6.7300,0.0000,0.0000,-0.0000,1586.0000,1565.0000,1500.0000,1999.0000
198655.7470,2.0000,1998.0000,1479.0000,1353.0000,-92.0000,113.0000,10.0000,1039.0000,-11.0000,1580.0000,-0.7518,-0.1019,0.3093,0.5734,92.9100,-33.8600,-76.8300,2.0500,17.1500,-6.7300,0.0000,0.0000,-0.0000,1586.0000,1565.0000,1500.0000,1999.0000
198672.4430,2.0000,1974.0000,1976.0000,1038.0000,-46.0000,112.0000,-7.0000,1005.0000,175.0000,475.0000,-0.7579,-0.1038,0.2912,0.5745,92.9900,-33.3800,-77.0400,1.9400,17.5100,-6.8200,0.0000,0.0000,-0.0000,1491.0000,1971.0000,1500.0000,1976.0000
198689.3630,2.0000,1974.0000,1978.0000,1038.0000,-2.0000,122.0000,-25.0000,692.0000,479.0000,-636.0000,-0.7616,-0.1114,0.2759,0.5757,93.0700,-32.8200,-77.2600,1.6900,17.9700,-6.8200,0.0000,0.0000,-0.0000,1491.0000,1971.0000,1500.0000,1976.0000
198706.4400,2.0000,1974.0000,1978.0000,1038.0000,38.0000,150.0000,-35.0000,1020.0000,430.0000,-1066.0000,-0.7638,-0.1263,0.2616,0.5764,93.1400,-32.2300,-77.4900,1.4500,18.4100,-6.7600,0.0000,0.0000,-0.0000,1491.0000,1971.0000,1500.0000,1976.0000
198723.4530,2.0000,1974.0000,1978.0000,1038.0000,61.0000,205.0000,-40.0000,893.0000,221.0000,-1761.0000,-0.7659,-0.1488,0.2454,0.5754,93.2000,-31.6700,-77.7200,1.2600,18.8100,-6.6400,0.0000,0.0000,-0.0000,1491.0000,1971.0000,1500.0000,1976.0000
198740.4930,2.0000,1974.0000,1978.0000,1038.0000,66.0000,270.0000,-42.0000,693.0000,313.0000,-2882.0000,-0.7687,-0.1779,0.2231,0.5724,93.2500,-31.1300,-77.9400,1.1100,19.1000,-6.4900,0.0000,0.0000,-0.0000,1491.0000,1971.0000,1500.0000,1976.0000
198757.1050,2.0000,1816.0000,2000.0000,1505.0000,57.0000,304.0000,-42.0000,1164.0000,266.0000,-4941.0000,-0.7721,-0.2099,0.1945,0.5675,93.2500,-31.1300,-77.9400,1.1100,19.1000,-6.4900,0.0000,0.0000,-0.0000,1000.0000,1985.0000,1500.0000,1824.0000
198773.7880,2.0000,1813.0000,2000.0000,1516.0000,51.0000,312.0000,-42.0000,1055.0000,184.0000,-8030.0000,-0.7746,-0.2427,0.1626,0.5610,93.3000,-30.6100,-78.1500,1.0700,19.3200,-6.2700,0.0000,0.0000,-0.0000,1000.0000,1985.0000,1500.0000,1824.0000
198790.3500,2.0000,1813.0000,2000.0000,1516.0000,46.0000,277.0000,-46.0000,917.0000,97.0000,-10209.0000,-0.7749,-0.2726,0.1323,0.5548,93.3300,-30.0100,-78.3700,0.9100,19.5200,-5.8600,0.0000,0.0000,-0.0000,1000.0000,1985.0000,1500.0000,1824.0000
198806.9620,2.0000,1813.0000,2000.0000,1516.0000,22.0000,219.0000,-53.0000,1138.0000,67.0000,-10751.0000,-0.7731,-0.2971,0.1058,0.5503,93.3500,-29.4300,-78.5500,0.8200,19.5400,-5.1100,0.0000,0.0000,-0.0000,1000.0000,1985.0000,1500.0000,1824.0000
198823.7040,2.0000,1813.0000,2000.0000,1516.0000,-28.0000,150.0000,-61.0000,1111.0000,178.0000,-10575.0000,-0.7704,-0.3122,0.0827,0.5497,93.3600,-28.8900,-78.6800,0.8100,19.4200,-4.1900,0.0000,0.0000,-0.0000,1000.0000,1985.0000,1500.0000,1824.0000
198840.4130,2.0000,1813.0000,2000.0000,1516.0000,-94.0000,70.0000,-68.0000,832.0000,190.0000,-10199.0000,-0.7685,-0.3145,0.0626,0.5538,93.3800,-28.4000,-78.7800,0.8400,19.2100,-3.2500,0.0000,0.0000,-0.0000,1000.0000,1985.0000,1500.0000,1824.0000
198857.2820,2.0000,1813.0000,2000.0000,1516.0000,-137.0000,-4.0000,-70.0000,769.0000,-155.0000,-8504.0000,-0.7677,-0.3042,0.0470,0.5621,93.3800,-28.4000,-78.7800,0.8400,19.2100,-3.2500,0.0000,0.0000,-0.0000,1000.0000,1985.0000,1500.0000,1824.0000
198874.0800,2.0000,1544.0000,2000.0000,1516.0000,-171.0000,-52.0000,-71.0000,832.0000,-371.0000,-6352.0000,-0.7678,-0.2846,0.0347,0.5730,93.3900,-27.9600,-78.8400,0.8000,19.0100,-2.3800,0.0000,0.0000,-0.0000,1000.0000,1985.0000,1500.0000,1563.0000
198890.9100,2.0000,1538.0000,2000.0000,1516.0000,-209.0000,-76.0000,-77.0000,625.0000,-275.0000,-4728.0000,-0.7684,-0.2576,0.0233,0.5854,93.3900,-27.4600,-78.9000,0.6200,19.0500,-1.6500,0.0000,0.0000,-0.0000,1000.0000,1985.0000,1500.0000,1563.0000
198907.5660,2.0000,1538.0000,2000.0000,1516.0000,-233.0000,-91.0000,-80.0000,578.0000,-293.0000,-3208.0000,-0.7689,-0.2254,0.0112,0.5983,93.3800,-26.9600,-78.9300,0.3700,19.1600,-1.0700,0.0000,0.0000,-0.0000,1000.0000,1985.0000,1500.0000,1563.0000
198924.6440,2.0000,1538.0000,2000.0000,1516.0000,-246.0000,-81.0000,-76.0000,497.0000,-429.0000,-1686.0000,-0.7690,-0.1898,-0.0028,0.6104,93.3700,-26.4900,-78.9500,0.0800,19.3100,-0.6300,0.0000,0.0000,-0.0000,1000.0000,1985.0000,1500.0000,1563.0000
198941.3900,2.0000,1538.0000,2000.0000,1516.0000,-255.0000,-59.0000,-71.0000,375.0000,-518.0000,-307.0000,-0.7687,-0.1551,-0.0192,0.6202,93.3600,-26.0400,-78.9600,-0.2400,19.4700,-0.3400,0.0000,0.0000,-0.0000,1000.0000,1985.0000,1500.0000,1563.0000
198958.4540,2.0000,1538.0000,2000.0000,1516.0000,-259.0000,-29.0000,-67.0000,234.0000,-530.0000,654.0000,-0.7675,-0.1211,-0.0394,0.6283,93.3600,-26.0400,-78.9600,-0.2400,19.4700,-0.3400,0.0000,0.0000,-0.0000,1000.0000,1985.0000,1500.0000,1563.0000
198975.2700,2.0000,1919.0000,2000.0000,1308.0000,-267.0000,8.0000,-62.0000,120.0000,-441.0000,1001.0000,-0.7653,-0.0903,-0.0635,0.6342,93.3400,-25.6100,-78.9600,-0.5500,19.6100,-0.1800,0.0000,0.0000,-0.0000,1226.0000,1967.0000,1500.0000,1924.0000
198992.0350,2.0000,1919.0000,2000.0000,1308.0000,-267.0000,57.0000,-52.0000,294.0000,-503.0000,1185.0000,-0.7622,-0.0628,-0.0927,0.6376,93.3000,-25.1300,-78.9700,-0.8500,19.8400,-0.0900,0.0000,0.0000,-0.0000,1226.0000,1967.0000,1500.0000,1924.0000
199008.5730,2.0000,1919.0000,2000.0000,1308.0000,-249.0000,104.0000,-45.0000,527.0000,-595.0000,1093.0000,-0.7581,-0.0413,-0.1256,0.6386,93.2600,-24.6600,-78.9800,-1.1100,20.0700,-0.0100,0.0000,0.0000,-0.0000,1226.0000,1967.0000,1500.0000,1924.0000
199025.3090,2.0000,1919.0000,2000.0000,1308.0000,-226.0000,157.0000,-36.0000,984.0000,-656.0000,113.0000,-0.7524,-0.0264,-0.1624,0.6379,93.2100,-24.2000,-78.9800,-1.3600,20.3000,0.0800,0.0000,0.0000,-0.0000,1226.0000,1967.0000,1500.0000,1924.0000
199041.8830,2.0000,1919.0000,2000.0000,1308.0000,-201.0000,205.0000,-29.0000,941.0000,-682.0000,-1879.0000,-0.7446,-0.0195,-0.2020,0.6359,93.2100,-24.2000,-78.9800,-1.3600,20.3000,0.0800,0.0000,0.0000,-0.0000,1226.0000,1967.0000,1500.0000,1924.0000
199058.8480,2.0000,1919.0000,2000.0000,1308.0000,-181.0000,225.0000,-22.0000,1369.0000,-607.0000,-4034.0000,-0.7351,-0.0179,-0.2436,0.6325,93.1600,-23.7400,-78.9900,-1.6400,20.5000,0.3400,0.0000,0.0000,-0.0000,1226.0000,1967.0000,1500.0000,1924.0000
199075.4820,2.0000,1418.0000,1000.0000,1521.0000,-171.0000,222.0000,-13.0000,1574.0000,-580.0000,-6136.0000,-0.7248,-0.0199,-0.2836,0.6276,93.1100,-23.3000,-78.9800,-1.9800,20.6200,0.8200,0.0000,0.0000,-0.0000,1937.0000,1043.0000,1500.0000,1450.0000
199092.3670,2.0000,1418.0000,1000.0000,1521.0000,-185.0000,191.0000,-4.0000,1305.0000,-610.0000,-7772.0000,-0.7146,-0.0204,-0.3224,0.6205,93.0400,-22.8000,-78.9500,-2.3200,20.6700,1.5000,0.0000,0.0000,-0.0000,1937.0000,1043.0000,1500.0000,1450.0000
199109.3320,2.0000,1418.0000,1000.0000,1521.0000,-199.0000,145.0000,4.0000,966.0000,-482.0000,-8405.0000,-0.7058,-0.0159,-0.3582,0.6110,92.9700,-22.3100,-78.8900,-2.7400,20.5700,2.3100,0.0000,0.0000,-0.0000,1937.0000,1043.0000,1500.0000,1450.0000
199125.8770,2.0000,1418.0000,1000.0000,1521.0000,-215.0000,86.0000,10.0000,691.0000,-548.0000,-8311.0000,-0.6999,-0.0056,-0.3881,0.5996,92.8900,-21.8500,-78.8100,-3.1900,20.3800,3.1000,0.0000,0.0000,-0.0000,1937.0000,1043.0000,1500.0000,1450.0000
199142.6290,2.0000,1418.0000,1000.0000,1521.0000,-213.0000,16.0000,15.0000,311.0000,-501.0000,-8202.0000,-0.6973,0.0110,-0.4120,0.5865,92.8900,-21.8500,-78.8100,-3.1900,20.3800,3.1000,0.0000,0.0000,-0.0000,1937.0000,1043.0000,1500.0000,1450.0000
199159.8060,2.0000,1426.0000,1000.0000,1516.0000,-187.0000,-59.0000,16.0000,88.0000,-440.0000,-7332.0000,-0.6991,0.0328,-0.4273,0.5724,92.8000,-21.4000,-78.7200,-3.6600,20.1400,3.8400,0.0000,0.0000,-0.0000,1943.0000,1042.0000,1500.0000,1457.0000
199176.7460,2.0000,1426.0000,1000.0000,1516.0000,-140.0000,-118.0000,10.0000,-62.0000,-405.0000,-5648.0000,-0.7047,0.0565,-0.4318,0.5602,92.7100,-20.9700,-78.6100,-4.1000,19.9200,4.4700,0.0000,0.0000,-0.0000,1943.0000,1042.0000,1500.0000,1457.0000
199193.7410,2.0000,1426.0000,1000.0000,1516.0000,-71.0000,-175.0000,2.0000,-182.0000,-314.0000,-3685.0000,-0.7133,0.0794,-0.4252,0.5515,92.6200,-20.5100,-78.5000,-4.3500,19.8100,4.9700,0.0000,0.0000,-0.0000,1943.0000,1042.0000,1500.0000,1457.0000
199210.4690,2.0000,1426.0000,1000.0000,1516.0000,2.0000,-207.0000,-8.0000,-183.0000,-303.0000,-1419.0000,-0.7241,0.0987,-0.4077,0.5474,92.5200,-20.0500,-78.3800,-4.4400,19.8000,5.3400,0.0000,0.0000,-0.0000,1943.0000,1042.0000,1500.0000,1457.0000
199227.4700,2.0000,1426.0000,1000.0000,1516.0000,61.0000,-225.0000,-20.0000,-137.0000,-289.0000,961.0000,-0.7361,0.1133,-0.3814,0.5476,92.4300,-19.6100,-78.2500,-4.3400,19.8600,5.5300,0.0000,0.0000,-0.0000,1943.0000,1042.0000,1500.0000,1457.0000
199244.4250,2.0000,1426.0000,1000.0000,1516.0000,97.0000,-224.0000,-27.0000,-21.0000,-188.0000,3680.0000,-0.7477,0.1239,-0.3496,0.5508,92.4300,-19.6100,-78.2500,-4.3400,19.8600,5.5300,0.0000,0.0000,-0.0000,1943.0000,1042.0000,1500.0000,1457.0000
199261.4320,2.0000,1991.0000,1496.0000,2000.0000,126.0000,-219.0000,-27.0000,249.0000,-406.0000,6062.0000,-0.7583,0.1310,-0.3150,0.5554,92.3400,-19.1800,-78.1300,-4.0400,19.9900,5.5300,0.0000,0.0000,-0.0000,1072.0000,1068.0000,1500.0000,1992.0000
199278.0580,2.0000,1991.0000,1496.0000,2000.0000,134.0000,-201.0000,-24.0000,641.0000,-556.0000,7962.0000,-0.7675,0.1347,-0.2808,0.5603,92.2600,-18.7700,-78.0200,-3.5900,20.1600,5.3000,0.0000,0.0000,-0.0000,1072.0000,1068.0000,1500.0000,1992.0000
199294.6890,2.0000,1991.0000,1496.0000,2000.0000,113.0000,-184.0000,-21.0000,1217.0000,-582.0000,9198.0000,-0.7752,0.1369,-0.2484,0.5644,92.1900,-18.2900,-77.9200,-3.1300,20.4600,4.8800,0.0000,0.0000,-0.0000,1072.0000,1068.0000,1500.0000,1992.0000
199311.5700,2.0000,1991.0000,1496.0000,2000.0000,60.0000,-164.0000,-11.0000,1699.0000,-547.0000,9955.0000,-0.7814,0.1419,-0.2211,0.5660,92.1300,-17.8100,-77.8400,-2.6500,20.7700,4.3000,0.0000,0.0000,-0.0000,1072.0000,1068.0000,1500.0000,1992.0000
199328.6330,2.0000,1991.0000,1496.0000,2000.0000,5.0000,-137.0000,-1.0000,1641.0000,-621.0000,10084.0000,-0.7860,0.1509,-0.2007,0.5649,92.0800,-17.3500,-77.7900,-2.1800,21.0500,3.6500,0.0000,0.0000,-0.0000,1072.0000,1068.0000,1500.0000,1992.0000
199345.6400,2.0000,1991.0000,1496.0000,2000.0000,-42.0000,-102.0000,12.0000,1472.0000,-842.0000,10206.0000,-0.7892,0.1631,-0.1886,0.5613,92.0800,-17.3500,-77.7900,-2.1800,21.0500,3.6500,0.0000,0.0000,-0.0000,1072.0000,1068.0000,1500.0000,1992.0000
199362.5100,2.0000,1996.0000,1581.0000,2000.0000,-69.0000,-52.0000,25.0000,1466.0000,-962.0000,9776.0000,-0.7909,0.1757,-0.1850,0.5562,92.0500,-16.8900,-77.7700,-1.7700,21.2400,2.9700,0.0000,0.0000,-0.0000,1004.0000,1086.0000,1500.0000,1998.0000
199379.2020,2.0000,1997.0000,1582.0000,2000.0000,-85.0000,-23.0000,33.0000,1591.0000,-942.0000,8759.0000,-0.7916,0.1868,-0.1883,0.5504,92.0200,-16.4500,-77.7600,-1.4100,21.3700,2.3100,0.0000,0.0000,-0.0000,1004.0000,1086.0000,1500.0000,1998.0000
199396.1900,2.0000,1997.0000,1582.0000,2000.0000,-102.0000,-3.0000,42.0000,1526.0000,-595.0000,7711.0000,-0.7918,0.1978,-0.1958,0.5436,91.9900,-15.9500,-77.7700,-1.0900,21.5500,1.7300,0.0000,0.0000,-0.0000,1004.0000,1086.0000,1500.0000,1998.0000
199412.9220,2.0000,1997.0000,1582.0000,2000.0000,-115.0000,12.0000,52.0000,1382.0000,-731.0000,6804.0000,-0.7917,0.2084,-0.2065,0.5358,91.9700,-15.4500,-77.8000,-0.8100,21.6900,1.2800,0.0000,0.0000,-0.0000,1004.0000,1086.0000,1500.0000,1998.0000
199430.2860,2.0000,1997.0000,1582.0000,2000.0000,-130.0000,23.0000,65.0000,1446.0000,-483.0000,5828.0000,-0.7913,0.2196,-0.2208,0.5261,91.9500,-14.9800,-77.8400,-0.5900,21.7900,0.9300,0.0000,0.0000,-0.0000,1004.0000,1086.0000,1500.0000,1998.0000
199446.9340,2.0000,1997.0000,1582.0000,2000.0000,-147.0000,18.0000,77.0000,1268.0000,-430.0000,4722.0000,-0.7910,0.2314,-0.2363,0.5147,91.9500,-14.9800,-77.8400,-0.5900,21.7900,0.9300,0.0000,0.0000,-0.0000,1004.0000,1086.0000,1500.0000,1998.0000
199464.0590,2.0000,1997.0000,1421.0000,2000.0000,-167.0000,8.0000,86.0000,1094.0000,-577.0000,3927.0000,-0.7907,0.2460,-0.2528,0.5004,91.9400,-14.5200,-77.8900,-0.4200,21.8800,0.7200,0.0000,0.0000,-0.0000,1690.0000,1049.0000,1500.0000,1998.0000
199481.0750,2.0000,1997.0000,1000.0000,1763.0000,-185.0000,-9.0000,92.0000,945.0000,-565.0000,3300.0000,-0.7902,0.2631,-0.2691,0.4837,91.9300,-14.0700,-77.9500,-0.3200,21.9300,0.5900,0.0000,0.0000,-0.0000,1690.0000,1049.0000,1500.0000,1998.0000
199498.1080,2.0000,1997.0000,1000.0000,1763.0000,-197.0000,-31.0000,95.0000,860.0000,-243.0000,2839.0000,-0.7892,0.2831,-0.2847,0.4647,91.9200,-13.5700,-78.0100,-0.2200,21.9400,0.5200,0.0000,0.0000,-0.0000,1690.0000,1049.0000,1500.0000,1998.0000
199514.7960,2.0000,1997.0000,1000.0000,1763.0000,-183.0000,-60.0000,89.0000,758.0000,-66.0000,2499.0000,-0.7885,0.3042,-0.2964,0.4448,91.9100,-13.0800,-78.0700,-0.1400,21.9200,0.5200,0.0000,0.0000,-0.0000,1690.0000,1049.0000,1500.0000,1998.0000
199531.4570,2.0000,1997.0000,1000.0000,1763.0000,-147.0000,-89.0000,75.0000,855.0000,-82.0000,2922.0000,-0.7891,0.3241,-0.3021,0.4254,91.9000,-12.6100,-78.1300,-0.0600,21.8600,0.5600,0.0000,0.0000,-0.0000,1690.0000,1049.0000,1500.0000,1998.0000
199548.7680,2.0000,1997.0000,1000.0000,1763.0000,-105.0000,-116.0000,53.0000,950.0000,209.0000,3572.0000,-0.7912,0.3423,-0.3012,0.4076,91.9000,-12.6100,-78.1300,-0.0600,21.8600,0.5600,0.0000,0.0000,-0.0000,1690.0000,1049.0000,1500.0000,1998.0000
199565.4670,2.0000,1998.0000,1000.0000,1787.0000,-71.0000,-152.0000,29.0000,1030.0000,456.0000,4499.0000,-0.7946,0.3581,-0.2929,0.3931,91.9000,-12.1500,-78.1900,0.0700,21.7600,0.5700,0.0000,0.0000,-0.0000,1665.0000,1050.0000,1500.0000,1999.0000
199582.3090,2.0000,1998.0000,1000.0000,1787.0000,-44.0000,-173.0000,13.0000,1263.0000,73.0000,6212.0000,-0.7993,0.3730,-0.2782,0.3802,91.8900,-11.7100,-78.2600,0.2700,21.5900,0.5500,0.0000,0.0000,-0.0000,1665.0000,1050.0000,1500.0000,1999.0000
199599.2180,2.0000,1998.0000,1000.0000,1787.0000,-33.0000,-183.0000,-2.0000,1598.0000,-102.0000,7816.0000,-0.8042,0.3869,-0.2598,0.3689,91.8900,-11.2200,-78.3400,0.6300,21.3300,0.4200,0.0000,0.0000,-0.0000,1665.0000,1050.0000,1500.0000,1999.0000
199616.0230,2.0000,1998.0000,1000.0000,1787.0000,-25.0000,-179.0000,-10.0000,1822.0000,-464.0000,9192.0000,-0.8085,0.3999,-0.2399,0.3589,91.9000,-10.7500,-78.4300,1.0700,21.0000,0.1500,0.0000,0.0000,-0.0000,1665.0000,1050.0000,1500.0000,1999.0000
199632.6170,2.0000,1998.0000,1000.0000,1787.0000,-16.0000,-176.0000,-17.0000,1768.0000,-430.0000,9574.0000,-0.8121,0.4118,-0.2196,0.3502,91.9100,-10.3100,-78.5100,1.5400,20.6000,-0.2000,0.0000,0.0000,-0.0000,1665.0000,1050.0000,1500.0000,1999.0000
199649.4340,2.0000,1998.0000,1000.0000,1787.0000,-12.0000,-163.0000,-19.0000,1747.0000,-446.0000,9727.0000,-0.8152,0.4223,-0.1995,0.3425,91.9100,-10.3100,-78.5100,1.5400,20.6000,-0.2000,0.0000,0.0000,-0.0000,1665.0000,1050.0000,1500.0000,1999.0000
199666.2170,2.0000,1997.0000,1000.0000,1784.0000,-13.0000,-151.0000,-23.0000,1527.0000,-620.0000,10103.0000,-0.8174,0.4321,-0.1804,0.3357,91.9400,-9.9000,-78.6000,1.9900,20.1500,-0.5800,0.0000,0.0000,-0.0000,1669.0000,1049.0000,1500.0000,1998.0000
199682.6910,2.0000,1997.0000,1000.0000,1784.0000,-14.0000,-132.0000,-25.0000,1390.0000,-705.0000,10430.0000,-0.8186,0.4409,-0.1632,0.3299,91.9700,-9.5000,-78.7000,2.4000,19.6600,-0.9800,0.0000,0.0000,-0.0000,1669.0000,1049.0000,1500.0000,1998.0000
199699.6800,2.0000,1997.0000,1000.0000,1784.0000,-16.0000,-107.0000,-23.0000,1341.0000,-699.0000,10284.0000,-0.8188,0.4490,-0.1484,0.3254,92.0200,-9.0700,-78.8000,2.9300,19.1800,-1.4300,0.0000,0.0000,-0.0000,1669.0000,1049.0000,1500.0000,1998.0000
199716.6060,2.0000,1997.0000,1000.0000,1784.0000,-3.0000,-82.0000,-21.0000,1524.0000,-777.0000,9557.0000,-0.8189,0.4550,-0.1364,0.3223,92.0700,-8.6700,-78.9000,3.3800,18.6900,-1.8500,0.0000,0.0000,-0.0000,1669.0000,1049.0000,1500.0000,1998.0000
199733.7250,2.0000,1997.0000,1000.0000,1784.0000,6.0000,-74.0000,-17.0000,1549.0000,-703.0000,8725.0000,-0.8193,0.4588,-0.1260,0.3200,92.1300,-8.2800,-79.0100,3.7500,18.2800,-2.2400,0.0000,0.0000,-0.0000,1669.0000,1049.0000,1500.0000,1998.0000
199750.7300,2.0000,1997.0000,1000.0000,1784.0000,8.0000,-66.0000,-13.0000,1351.0000,-734.0000,8116.0000,-0.8198,0.4617,-0.1168,0.3179,92.1300,-8.2800,-79.0100,3.7500,18.2800,-2.2400,0.0000,0.0000,-0.0000,1669.0000,1049.0000,1500.0000,1998.0000
199767.5330,2.0000,1997.0000,1000.0000,1784.0000,12.0000,-58.0000,-8.0000,1298.0000,-728.0000,7724.0000,-0.8208,0.4633,-0.1085,0.3160,92.2000,-7.9200,-79.1300,4.0300,17.9100,-2.5700,0.0000,0.0000,-0.0000,1669.0000,1049.0000,1500.0000,1998.0000
199784.3630,2.0000,1997.0000,1000.0000,1783.0000,21.0000,-54.0000,-4.0000,1453.0000,-774.0000,7361.0000,-0.8222,0.4642,-0.1010,0.3137,92.2600,-7.5800,-79.2600,4.2500,17.5700,-2.8700,0.0000,0.0000,-0.0000,1670.0000,1049.0000,1500.0000,1998.0000
199801.1880,2.0000,1997.0000,1000.0000,1783.0000,26.0000,-60.0000,1.0000,1128.0000,-1047.0000,6803.0000,-0.8242,0.4641,-0.0935,0.3108,92.3500,-7.1900,-79.3900,4.6000,17.1900,-3.1700,0.0000,0.0000,-0.0000,1670.0000,1049.0000,1500.0000,1998.0000
199818.1310,2.0000,1997.0000,1000.0000,1783.0000,33.0000,-67.0000,7.0000,1046.0000,-1220.0000,6448.0000,-0.8271,0.4632,-0.0848,0.3069,92.4300,-6.8300,-79.5300,4.8400,16.8500,-3.4500,0.0000,0.0000,-0.0000,1670.0000,1049.0000,1500.0000,1998.0000
199834.6700,2.0000,1997.0000,1000.0000,1783.0000,38.0000,-75.0000,13.0000,1162.0000,-911.0000,6014.0000,-0.8306,0.4617,-0.0759,0.3021,92.5200,-6.4800,-79.6700,5.0400,16.5600,-3.7100,0.0000,0.0000,-0.0000,1670.0000,1049.0000,1500.0000,1998.0000
199851.3500,2.0000,1997.0000,1000.0000,1783.0000,37.0000,-92.0000,19.0000,1076.0000,-907.0000,6112.0000,-0.8344,0.4606,-0.0656,0.2956,92.5200,-6.4800,-79.6700,5.0400,16.5600,-3.7100,0.0000,0.0000,-0.0000,1670.0000,1049.0000,1500.0000,1998.0000
199868.4190,2.0000,1997.0000,1000.0000,1880.0000,37.0000,-99.0000,27.0000,1261.0000,-1006.0000,6232.0000,-0.8386,0.4599,-0.0541,0.2871,92.6100,-6.1600,-79.8100,5.2000,16.2800,-3.9400,0.0000,0.0000,-0.0000,1221.0000,1059.0000,1500.0000,1998.0000
199885.3020,2.0000,1997.0000,1338.0000,2000.0000,43.0000,-111.0000,33.0000,1078.0000,-885.0000,6273.0000,-0.8430,0.4592,-0.0418,0.2769,92.6900,-5.8500,-79.9600,5.3600,15.9800,-4.1900,0.0000,0.0000,-0.0000,1221.0000,1059.0000,1500.0000,1998.0000
199902.0910,2.0000,1997.0000,1338.0000,2000.0000,44.0000,-127.0000,36.0000,1371.0000,-804.0000,6725.0000,-0.8479,0.4582,-0.0279,0.2654,92.8000,-5.5000,-80.1200,5.6300,15.5800,-4.4300,0.0000,0.0000,-0.0000,1221.0000,1059.0000,1500.0000,1998.0000
199919.1100,2.0000,1997.0000,1338.0000,2000.0000,17.0000,-129.0000,45.0000,1446.0000,-924.0000,7591.0000,-0.8519,0.4589,-0.0134,0.2521,92.9100,-5.1800,-80.2800,5.8900,15.1500,-4.7300,0.0000,0.0000,-0.0000,1221.0000,1059.0000,1500.0000,1998.0000
199936.1630,2.0000,1997.0000,1338.0000,2000.0000,-24.0000,-129.0000,55.0000,1222.0000,-734.0000,8350.0000,-0.8533,0.4642,-0.0009,0.2375,93.0200,-4.8800,-80.4400,6.1300,14.6600,-5.0700,0.0000,0.0000,-0.0000,1221.0000,1059.0000,1500.0000,1998.0000
199953.0330,2.0000,1997.0000,1000.0000,1885.0000,-56.0000,-118.0000,61.0000,1158.0000,-559.0000,8611.0000,-0.8521,0.4737,0.0086,0.2223,93.0200,-4.8800,-80.4400,6.1300,14.6600,-5.0700,0.0000,0.0000,-0.0000,1571.0000,1049.0000,1500.0000,1999.0000
199969.6370,2.0000,1998.0000,1000.0000,1882.0000,-73.0000,-107.0000,64.0000,1351.0000,-624.0000,8787.0000,-0.8492,0.4854,0.0157,0.2074,93.1400,-4.5900,-80.6100,6.3300,14.1000,-5.4100,0.0000,0.0000,-0.0000,1571.0000,1049.0000,1500.0000,1999.0000
199986.4760,2.0000,1998.0000,1000.0000,1882.0000,-73.0000,-101.0000,65.0000,1496.0000,-498.0000,8027.0000,-0.8454,0.4979,0.0213,0.1924,93.2600,-4.3200,-80.7800,6.5600,13.5300,-5.7600,0.0000,0.0000,-0.0000,1571.0000,1049.0000,1500.0000,1999.0000
200003.5340,2.0000,1998.0000,1000.0000,1882.0000,-58.0000,-102.0000,58.0000,1368.0000,-521.0000,7542.0000,-0.8418,0.5090,0.0274,0.1776,93.4000,-4.0300,-80.9600,6.9000,12.9900,-6.0600,0.0000,0.0000,-0.0000,1571.0000,1049.0000,1500.0000,1999.0000
200020.6080,2.0000,1998.0000,1000.0000,1882.0000,-40.0000,-108.0000,49.0000,1165.0000,-315.0000,7133.0000,-0.8389,0.5181,0.0353,0.1631,93.5400,-3.7600,-81.1400,7.1800,12.5000,-6.2900,0.0000,0.0000,-0.0000,1571.0000,1049.0000,1500.0000,1999.0000
200037.4120,2.0000,1998.0000,1000.0000,1882.0000,-30.0000,-116.0000,41.0000,1148.0000,-470.0000,7360.0000,-0.8366,0.5251,0.0447,0.1495,93.6900,-3.5100,-81.3300,7.4100,12.0400,-6.4800,0.0000,0.0000,-0.0000,1571.0000,1049.0000,1500.0000,1999.0000
200054.1750,2.0000,1998.0000,1000.0000,1882.0000,-19.0000,-124.0000,34.0000,1287.0000,-730.0000,7629.0000,-0.8345,0.5309,0.0557,0.1362,93.6900,-3.5100,-81.3300,7.4100,12.0400,-6.4800,0.0000,0.0000,-0.0000,1571.0000,1049.0000,1500.0000,1999.0000
200071.0520,2.0000,1998.0000,1000.0000,1805.0000,-14.0000,-130.0000,28.0000,1219.0000,-663.0000,7276.0000,-0.8326,0.5357,0.0678,0.1233,93.8200,-3.2800,-81.5200,7.5900,11.5800,-6.7000,0.0000,0.0000,-0.0000,1646.0000,1051.0000,1500.0000,1999.0000
200087.6040,2.0000,1998.0000,1000.0000,1805.0000,-12.0000,-130.0000,24.0000,1336.0000,-604.0000,7362.0000,-0.8305,0.5398,0.0812,0.1104,93.9700,-3.0600,-81.7300,7.7700,11.0900,-6.9100,0.0000,0.0000,-0.0000,1646.0000,1051.0000,1500.0000,1999.0000
200104.4580,2.0000,1998.0000,1000.0000,1805.0000,-6.0000,-139.0000,20.0000,1455.0000,-520.0000,7309.0000,-0.8283,0.5434,0.0955,0.0974,94.1500,-2.8200,-81.9400,8.0100,10.4300,-7.1000,0.0000,0.0000,-0.0000,1646.0000,1051.0000,1500.0000,1999.0000
200121.1510,2.0000,1998.0000,1000.0000,1805.0000,1.0000,-146.0000,17.0000,1543.0000,-279.0000,7220.0000,-0.8262,0.5459,0.1109,0.0843,94.3300,-2.6100,-82.1500,8.2200,9.8100,-7.2600,0.0000,0.0000,-0.0000,1646.0000,1051.0000,1500.0000,1999.0000
200137.7940,2.0000,1998.0000,1000.0000,1805.0000,6.0000,-154.0000,15.0000,1606.0000,-361.0000,7684.0000,-0.8240,0.5476,0.1273,0.0710,94.3300,-2.6100,-82.1500,8.2200,9.8100,-7.2600,0.0000,0.0000,-0.0000,1646.0000,1051.0000,1500.0000,1999.0000
200154.6420,2.0000,1998.0000,1000.0000,1805.0000,8.0000,-158.0000,13.0000,1603.0000,-573.0000,8320.0000,-0.8216,0.5484,0.1448,0.0571,94.5000,-2.4200,-82.3600,8.3800,9.2100,-7.4000,0.0000,0.0000,-0.0000,1646.0000,1051.0000,1500.0000,1999.0000
200171.3480,2.0000,1998.0000,1609.0000,2000.0000,11.0000,-154.0000,11.0000,1703.0000,-404.0000,8345.0000,-0.8189,0.5488,0.1622,0.0434,94.6600,-2.2500,-82.5800,8.4700,8.6100,-7.5800,0.0000,0.0000,-0.0000,1009.0000,1119.0000,1500.0000,1999.0000
200188.2200,2.0000,1998.0000,1610.0000,2000.0000,6.0000,-159.0000,10.0000,1655.0000,-488.0000,8777.0000,-0.8157,0.5489,0.1802,0.0295,94.8300,-2.0900,-82.8000,8.5400,7.9300,-7.7500,0.0000,0.0000,-0.0000,1009.0000,1119.0000,1500.0000,1999.0000
200205.2320,2.0000,1998.0000,1610.0000,2000.0000,2.0000,-150.0000,9.0000,1699.0000,-601.0000,9293.0000,-0.8118,0.5491,0.1979,0.0160,95.0300,-1.9400,-83.0300,8.5900,7.0800,-7.9300,0.0000,0.0000,-0.0000,1009.0000,1119.0000,1500.0000,1999.0000
200221.9240,2.0000,1998.0000,1610.0000,2000.0000,-15.0000,-143.0000,11.0000,1705.0000,-626.0000,9514.0000,-0.8068,0.5506,0.2143,0.0038,95.2200,-1.8000,-83.2500,8.5500,6.2600,-8.1300,0.0000,0.0000,-0.0000,1009.0000,1119.0000,1500.0000,1999.0000
200238.7770,2.0000,1998.0000,1610.0000,2000.0000,-45.0000,-127.0000,18.0000,1866.0000,-455.0000,9267.0000,-0.7999,0.5547,0.2287,-0.0074,95.2200,-1.8000,-83.2500,8.5500,6.2600,-8.1300,0.0000,0.0000,-0.0000,1009.0000,1119.0000,1500.0000,1999.0000
200255.6400,2.0000,1998.0000,1571.0000,2000.0000,-77.0000,-103.0000,24.0000,1781.0000,-507.0000,9247.0000,-0.7909,0.5625,0.2406,-0.0169,95.3900,-1.6900,-83.4600,8.4700,5.5100,-8.3200,0.0000,0.0000,-0.0000,1414.0000,1444.0000,1500.0000,1999.0000
200272.4800,2.0000,1998.0000,1530.0000,1640.0000,-110.0000,-70.0000,29.0000,1665.0000,-538.0000,8973.0000,-0.7800,0.5740,0.2481,-0.0232,95.5600,-1.6000,-83.6700,8.3600,4.8100,-8.4700,0.0000,0.0000,-0.0000,1414.0000,1444.0000,1500.0000,1999.0000
200289.5380,2.0000,1998.0000,1530.0000,1640.0000,-134.0000,-40.0000,35.0000,1633.0000,-392.0000,7908.0000,-0.7670,0.5895,0.2519,-0.0266,95.7300,-1.5200,-83.8900,8.2400,4.1000,-8.5800,0.0000,0.0000,-0.0000,1414.0000,1444.0000,1500.0000,1999.0000
200306.6480,2.0000,1998.0000,1530.0000,1640.0000,-132.0000,-23.0000,41.0000,1661.0000,-559.0000,6890.0000,-0.7537,0.6062,0.2525,-0.0286,95.9200,-1.4500,-84.1000,8.1900,3.4000,-8.6300,0.0000,0.0000,-0.0000,1414.0000,1444.0000,1500.0000,1999.0000
200323.6440,2.0000,1998.0000,1530.0000,1640.0000,-119.0000,-13.0000,42.0000,1697.0000,-466.0000,6146.0000,-0.7413,0.6217,0.2510,-0.0300,96.1000,-1.3900,-84.3200,8.1900,2.8300,-8.6200,0.0000,0.0000,-0.0000,1414.0000,1444.0000,1500.0000,1999.0000
200340.7640,2.0000,1998.0000,1530.0000,1640.0000,-114.0000,-14.0000,44.0000,1547.0000,-612.0000,5472.0000,-0.7296,0.6361,0.2492,-0.0316,96.1000,-1.3900,-84.3200,8.1900,2.8300,-8.6200,0.0000,0.0000,-0.0000,1414.0000,1444.0000,1500.0000,1999.0000
200357.8920,2.0000,1998.0000,1530.0000,1640.0000,-115.0000,-15.0000,44.0000,1572.0000,-499.0000,4707.0000,-0.7178,0.6501,0.2470,-0.0334,96.2700,-1.3400,-84.5300,8.2200,2.3800,-8.5800,0.0000,0.0000,-0.0000,1414.0000,1444.0000,1500.0000,1999.0000
200374.3770,2.0000,2000.0000,1502.0000,1204.0000,-121.0000,-19.0000,45.0000,1336.0000,-509.0000,3784.0000,-0.7058,0.6639,0.2448,-0.0350,96.4400,-1.3100,-84.7400,8.2700,2.0200,-8.5100,0.0000,0.0000,-0.0000,1650.0000,1652.0000,1500.0000,2000.0000
200391.3020,2.0000,2000.0000,1502.0000,1202.0000,-114.0000,-20.0000,45.0000,1050.0000,-400.0000,2958.0000,-0.6930,0.6776,0.2432,-0.0376,96.6200,-1.2800,-84.9500,8.3200,1.7000,-8.3900,0.0000,0.0000,-0.0000,1650.0000,1652.0000,1500.0000,2000.0000
200408.0010,2.0000,2000.0000,1502.0000,1202.0000,-88.0000,-11.0000,41.0000,1197.0000,-121.0000,2826.0000,-0.6820,0.6892,0.2413,-0.0401,96.8100,-1.2600,-85.1600,8.3300,1.3300,-8.2500,0.0000,0.0000,-0.0000,1650.0000,1652.0000,1500.0000,2000.0000
200424.9030,2.0000,2000.0000,1502.0000,1202.0000,-38.0000,11.0000,37.0000,1441.0000,-268.0000,3114.0000,-0.6751,0.6969,0.2382,-0.0421,96.9900,-1.2500,-85.3600,8.3500,0.9900,-8.0900,0.0000,0.0000,-0.0000,1650.0000,1652.0000,1500.0000,2000.0000
200442.0830,2.0000,2000.0000,1502.0000,1202.0000,31.0000,41.0000,32.0000,1327.0000,-745.0000,2816.0000,-0.6755,0.6985,0.2323,-0.0430,96.9900,-1.2500,-85.3600,8.3500,0.9900,-8.0900,0.0000,0.0000,-0.0000,1650.0000,1652.0000,1500.0000,2000.0000
200458.8720,2.0000,1997.0000,1755.0000,1605.0000,85.0000,79.0000,30.0000,1224.0000,-517.0000,1807.0000,-0.6832,0.6942,0.2228,-0.0421,97.1700,-1.2500,-85.5500,8.3700,0.6500,-7.9800,0.0000,0.0000,-0.0000,1318.0000,1577.0000,1500.0000,1998.0000
200475.6070,2.0000,1997.0000,1756.0000,1606.0000,126.0000,114.0000,27.0000,1300.0000,-163.0000,434.0000,-0.6966,0.6851,0.2095,-0.0388,97.3400,-1.2500,-85.7400,8.3900,0.4400,-7.8700,0.0000,0.0000,-0.0000,1318.0000,1577.0000,1500.0000,1998.0000
200492.4030,2.0000,1997.0000,1756.0000,1606.0000,142.0000,136.0000,24.0000,1561.0000,90.0000,-1109.0000,-0.7140,0.6721,0.1931,-0.0329,97.5200,-1.2600,-85.9300,8.4500,0.2900,-7.7600,0.0000,0.0000,-0.0000,1318.0000,1577.0000,1500.0000,1998.0000
200509.2760,2.0000,1997.0000,1756.0000,1606.0000,94.0000,152.0000,24.0000,1202.0000,220.0000,-3134.0000,-0.7300,0.6602,0.1748,-0.0246,97.7100,-1.2800,-86.1300,8.5300,0.1900,-7.6600,0.0000,0.0000,-0.0000,1318.0000,1577.0000,1500.0000,1998.0000
200526.1850,2.0000,1997.0000,1756.0000,1606.0000,2.0000,152.0000,28.0000,1199.0000,140.0000,-4949.0000,-0.7383,0.6560,0.1560,-0.0141,97.9000,-1.3100,-86.3300,8.6000,0.3000,-7.6100,0.0000,0.0000,-0.0000,1318.0000,1577.0000,1500.0000,1998.0000
200543.1050,2.0000,1997.0000,1756.0000,1606.0000,-73.0000,116.0000,37.0000,1103.0000,54.0000,-6395.0000,-0.7375,0.6610,0.1384,-0.0041,97.9000,-1.3100,-86.3300,8.6000,0.3000,-7.6100,0.0000,0.0000,-0.0000,1318.0000,1577.0000,1500.0000,1998.0000
200559.9790,2.0000,1998.0000,1450.0000,1308.0000,-129.0000,73.0000,42.0000,1276.0000,-277.0000,-6689.0000,-0.7292,0.6728,0.1249,0.0022,98.0800,-1.3300,-86.5300,8.6700,0.5900,-7.5800,0.0000,0.0000,-0.0000,1624.0000,1573.0000,1500.0000,1999.0000
200576.7880,2.0000,1998.0000,1449.0000,1307.0000,-167.0000,39.0000,43.0000,858.0000,-191.0000,-6102.0000,-0.7153,0.6892,0.1155,0.0051,98.2600,-1.3500,-86.7300,8.7000,0.8400,-7.6300,0.0000,0.0000,-0.0000,1624.0000,1573.0000,1500.0000,1999.0000
200593.8170,2.0000,1998.0000,1449.0000,1307.0000,-171.0000,2.0000,41.0000,453.0000,-83.0000,-4730.0000,-0.6976,0.7080,0.1097,0.0049,98.4500,-1.3700,-86.9200,8.6400,0.9200,-7.6200,0.0000,0.0000,-0.0000,1624.0000,1573.0000,1500.0000,1999.0000
200610.8010,2.0000,1998.0000,1449.0000,1307.0000,-115.0000,-10.0000,34.0000,421.0000,-312.0000,-3390.0000,-0.6821,0.7234,0.1067,0.0023,98.6300,-1.3900,-87.1000,8.5200,0.8700,-7.5600,0.0000,0.0000,-0.0000,1624.0000,1573.0000,1500.0000,1999.0000
200627.6690,2.0000,1998.0000,1449.0000,1307.0000,-54.0000,-5.0000,26.0000,707.0000,-338.0000,-2097.0000,-0.6729,0.7321,0.1055,-0.0016,98.8000,-1.4200,-87.2800,8.3600,0.6400,-7.4900,0.0000,0.0000,-0.0000,1624.0000,1573.0000,1500.0000,1999.0000
200644.5840,2.0000,1998.0000,1449.0000,1307.0000,5.0000,2.0000,13.0000,1053.0000,-30.0000,-1236.0000,-0.6704,0.7346,0.1044,-0.0042,98.8000,-1.4200,-87.2800,8.3600,0.6400,-7.4900,0.0000,0.0000,-0.0000,1624.0000,1573.0000,1500.0000,1999.0000
200661.4550,2.0000,1999.0000,1370.0000,1260.0000,49.0000,18.0000,1.0000,926.0000,157.0000,-1198.0000,-0.6734,0.7320,0.1034,-0.0045,98.9500,-1.4500,-87.4400,8.2200,0.2900,-7.3900,0.0000,0.0000,-0.0000,1700.0000,1554.0000,1500.0000,2000.0000
200678.3170,2.0000,2000.0000,1354.0000,1250.0000,85.0000,34.0000,-3.0000,1007.0000,-62.0000,-1220.0000,-0.6810,0.7252,0.1018,-0.0033,99.1000,-1.4900,-87.5900,8.0900,-0.0600,-7.2000,0.0000,0.0000,-0.0000,1700.0000,1554.0000,1500.0000,2000.0000
200695.1330,2.0000,2000.0000,1354.0000,1250.0000,122.0000,46.0000,-10.0000,1486.0000,-220.0000,-1497.0000,-0.6923,0.7148,0.0988,-0.0007,99.2500,-1.5500,-87.7600,8.0000,-0.4300,-7.0100,0.0000,0.0000,-0.0000,1700.0000,1554.0000,1500.0000,2000.0000
200711.9500,2.0000,2000.0000,1354.0000,1250.0000,146.0000,59.0000,-16.0000,1531.0000,-246.0000,-2594.0000,-0.7070,0.7008,0.0954,0.0035,99.4200,-1.6200,-87.9400,8.0200,-0.7800,-6.8600,0.0000,0.0000,-0.0000,1700.0000,1554.0000,1500.0000,2000.0000
200729.0020,2.0000,2000.0000,1354.0000,1250.0000,168.0000,46.0000,-18.0000,1166.0000,-199.0000,-4092.0000,-0.7239,0.6837,0.0923,0.0080,99.5700,-1.6900,-88.1000,8.0300,-0.9300,-6.7400,0.0000,0.0000,-0.0000,1700.0000,1554.0000,1500.0000,2000.0000
200745.6970,2.0000,2000.0000,1354.0000,1250.0000,176.0000,33.0000,-20.0000,804.0000,-217.0000,-5128.0000,-0.7414,0.6649,0.0901,0.0117,99.5700,-1.6900,-88.1000,8.0300,-0.9300,-6.7400,0.0000,0.0000,-0.0000,1700.0000,1554.0000,1500.0000,2000.0000
200762.8290,2.0000,1998.0000,2000.0000,1784.0000,194.0000,19.0000,-19.0000,763.0000,-224.0000,-5072.0000,-0.7600,0.6435,0.0901,0.0133,99.7200,-1.7600,-88.2600,8.0000,-0.9100,-6.5900,0.0000,0.0000,-0.0000,1000.0000,1715.0000,1500.0000,1999.0000
200779.4720,2.0000,1998.0000,2000.0000,1787.0000,202.0000,-6.0000,-15.0000,945.0000,-394.0000,-4000.0000,-0.7781,0.6212,0.0922,0.0123,99.8800,-1.8300,-88.4100,8.0700,-0.8900,-6.4400,0.0000,0.0000,-0.0000,1000.0000,1715.0000,1500.0000,1999.0000
200796.3640,2.0000,1998.0000,2000.0000,1787.0000,185.0000,-17.0000,-7.0000,389.0000,-538.0000,-3141.0000,-0.7957,0.5981,0.0952,0.0095,100.0700,-1.9200,-88.5500,8.2400,-0.9900,-6.2700,0.0000,0.0000,-0.0000,1000.0000,1715.0000,1500.0000,1999.0000
200813.2910,2.0000,1998.0000,2000.0000,1787.0000,122.0000,-15.0000,5.0000,672.0000,-732.0000,-1562.0000,-0.8091,0.5795,0.0977,0.0056,100.2400,-2.0100,-88.6800,8.3200,-1.1700,-6.1000,0.0000,0.0000,-0.0000,1000.0000,1715.0000,1500.0000,1999.0000
200829.7920,2.0000,1998.0000,2000.0000,1787.0000,21.0000,1.0000,21.0000,843.0000,-607.0000,-203.0000,-0.8149,0.5713,0.0974,0.0026,100.4100,-2.0900,-88.8000,8.3800,-1.4700,-5.9400,0.0000,0.0000,-0.0000,1000.0000,1715.0000,1500.0000,1999.0000
200846.4790,2.0000,1998.0000,2000.0000,1787.0000,-105.0000,19.0000,44.0000,1324.0000,-589.0000,970.0000,-0.8114,0.5768,0.0941,-0.0003,100.4100,-2.0900,-88.8000,8.3800,-1.4700,-5.9400,0.0000,0.0000,-0.0000,1000.0000,1715.0000,1500.0000,1999.0000
200863.4960,2.0000,1998.0000,2000.0000,1777.0000,-210.0000,44.0000,65.0000,1107.0000,-656.0000,1212.0000,-0.7981,0.5964,0.0858,-0.0026,100.5600,-2.1800,-88.9200,8.4400,-1.8800,-5.8200,0.0000,0.0000,-0.0000,1000.0000,1725.0000,1500.0000,1999.0000
200880.2810,2.0000,1998.0000,2000.0000,1777.0000,-284.0000,61.0000,81.0000,419.0000,-719.0000,435.0000,-0.7764,0.6258,0.0740,-0.0045,100.7500,-2.2700,-89.0500,8.5900,-2.2400,-5.6900,0.0000,0.0000,-0.0000,1000.0000,1725.0000,1500.0000,1999.0000
200897.3950,2.0000,1998.0000,2000.0000,1777.0000,-335.0000,87.0000,88.0000,684.0000,-506.0000,-808.0000,-0.7471,0.6621,0.0580,-0.0046,100.9500,-2.3800,-89.1800,8.7700,-2.4500,-5.5500,0.0000,0.0000,-0.0000,1000.0000,1725.0000,1500.0000,1999.0000
200914.0460,2.0000,1998.0000,2000.0000,1777.0000,-370.0000,87.0000,92.0000,720.0000,-346.0000,-2371.0000,-0.7126,0.7003,0.0411,-0.0041,101.1400,-2.4800,-89.3100,8.9300,-2.5100,-5.3800,0.0000,0.0000,-0.0000,1000.0000,1725.0000,1500.0000,1999.0000
200930.7460,2.0000,1998.0000,2000.0000,1777.0000,-395.0000,78.0000,92.0000,847.0000,53.0000,-3728.0000,-0.6726,0.7396,0.0245,-0.0041,101.3300,-2.5800,-89.4300,9.0800,-2.3800,-5.2400,0.0000,0.0000,-0.0000,1000.0000,1725.0000,1500.0000,1999.0000
200947.5860,2.0000,1998.0000,2000.0000,1777.0000,-408.0000,61.0000,85.0000,663.0000,294.0000,-4098.0000,-0.6279,0.7782,0.0099,-0.0052,101.3300,-2.5800,-89.4300,9.0800,-2.3800,-5.2400,0.0000,0.0000,-0.0000,1000.0000,1725.0000,1500.0000,1999.0000
200964.5040,2.0000,2000.0000,1024.0000,1266.0000,-415.0000,40.0000,75.0000,552.0000,505.0000,-3480.0000,-0.5795,0.8149,-0.0032,-0.0066,101.5000,-2.6700,-89.5500,9.2000,-2.1500,-5.1500,0.0000,0.0000,-0.0000,1857.0000,1377.0000,1500.0000,2000.0000
200981.4270,2.0000,2000.0000,1022.0000,1266.0000,-416.0000,24.0000,60.0000,526.0000,665.0000,-2804.0000,-0.5284,0.8489,-0.0125,-0.0096,101.7100,-2.7500,-89.6500,9.3800,-1.9200,-5.0900,0.0000,0.0000,-0.0000,1857.0000,1377.0000,1500.0000,2000.0000
200998.5180,2.0000,2000.0000,1022.0000,1266.0000,-403.0000,15.0000,43.0000,974.0000,443.0000,-1619.0000,-0.4751,0.8796,-0.0183,-0.0131,101.9400,-2.8300,-89.7400,9.6000,-1.7500,-4.9800,0.0000,0.0000,-0.0000,1857.0000,1377.0000,1500.0000,2000.0000
201015.5240,2.0000,2000.0000,1022.0000,1266.0000,-352.0000,24.0000,21.0000,836.0000,628.0000,-880.0000,-0.4245,0.9050,-0.0212,-0.0149,102.1500,-2.9000,-89.8200,9.8100,-1.7000,-4.8400,0.0000,0.0000,-0.0000,1857.0000,1377.0000,1500.0000,2000.0000
201032.2770,2.0000,2000.0000,1022.0000,1266.0000,-266.0000,35.0000,-6.0000,1052.0000,697.0000,-555.0000,-0.3829,0.9235,-0.0214,-0.0130,102.3600,-2.9700,-89.9000,9.9800,-1.6900,-4.6500,0.0000,0.0000,-0.0000,1857.0000,1377.0000,1500.0000,2000.0000
201049.3040,2.0000,2000.0000,1022.0000,1266.0000,-138.0000,47.0000,-34.0000,1195.0000,638.0000,-754.0000,-0.3544,0.9349,-0.0189,-0.0074,102.3600,-2.9700,-89.9000,9.9800,-1.6900,-4.6500,0.0000,0.0000,-0.0000,1857.0000,1377.0000,1500.0000,2000.0000
201066.1840,2.0000,2000.0000,1531.0000,1203.0000,-7.0000,39.0000,-61.0000,733.0000,339.0000,-2231.0000,-0.3444,0.9387,-0.0137,0.0004,102.5600,-3.0400,-89.9700,10.1500,-1.7100,-4.4400,0.0000,0.0000,-0.0000,1635.0000,1667.0000,1500.0000,2000.0000
201082.9970,2.0000,2000.0000,1532.0000,1202.0000,102.0000,33.0000,-88.0000,570.0000,468.0000,-3040.0000,-0.3518,0.9360,-0.0046,0.0092,102.8000,-3.1100,-90.0500,10.3100,-1.6200,-4.3300,0.0000,0.0000,-0.0000,1635.0000,1667.0000,1500.0000,2000.0000
201099.8460,2.0000,2000.0000,1532.0000,1202.0000,194.0000,21.0000,-105.0000,786.0000,271.0000,-2925.0000,-0.3721,0.9280,0.0081,0.0180,103.0500,-3.1700,-90.1400,10.4300,-1.4300,-4.3100,0.0000,0.0000,-0.0000,1635.0000,1667.0000,1500.0000,2000.0000
201116.8660,2.0000,2000.0000,1532.0000,1202.0000,230.0000,39.0000,-111.0000,1137.0000,-84.0000,-2143.0000,-0.4009,0.9154,0.0224,0.0279,103.2800,-3.2300,-90.2200,10.5400,-1.2800,-4.3000,0.0000,0.0000,-0.0000,1635.0000,1667.0000,1500.0000,2000.0000
201133.4860,2.0000,2000.0000,1532.0000,1202.0000,236.0000,58.0000,-106.0000,1153.0000,-344.0000,-1623.0000,-0.4313,0.9007,0.0350,0.0398,103.5100,-3.2800,-90.3000,10.6500,-1.2100,-4.2500,0.0000,0.0000,-0.0000,1635.0000,1667.0000,1500.0000,2000.0000
201150.2440,2.0000,1998.0000,2000.0000,1799.0000,229.0000,78.0000,-93.0000,1394.0000,-542.0000,-1736.0000,-0.4611,0.8846,0.0450,0.0539,103.5100,-3.2800,-90.3000,10.6500,-1.2100,-4.2500,0.0000,0.0000,-0.0000,1000.0000,1703.0000,1500.0000,1999.0000
201167.0680,2.0000,1998.0000,2000.0000,1799.0000,210.0000,90.0000,-74.0000,1395.0000,-798.0000,-2646.0000,-0.4891,0.8679,0.0523,0.0689,103.7200,-3.3300,-90.3800,10.7500,-1.1900,-4.2100,0.0000,0.0000,-0.0000,1000.0000,1703.0000,1500.0000,1999.0000
201184.0180,2.0000,1998.0000,2000.0000,1799.0000,207.0000,96.0000,-53.0000,1301.0000,-1080.0000,-4082.0000,-0.5157,0.8508,0.0562,0.0836,103.9600,-3.3700,-90.4600,10.8800,-1.0800,-4.2400,0.0000,0.0000,-0.0000,1000.0000,1703.0000,1500.0000,1999.0000
201200.9050,2.0000,1998.0000,2000.0000,1799.0000,160.0000,78.0000,-31.0000,1101.0000,-1137.0000,-5256.0000,-0.5391,0.8348,0.0570,0.0963,104.2200,-3.4200,-90.5400,11.0000,-0.8500,-4.3700,0.0000,0.0000,-0.0000,1000.0000,1703.0000,1500.0000,1999.0000
201217.8500,2.0000,1998.0000,2000.0000,1799.0000,68.0000,61.0000,-10.0000,1036.0000,-1003.0000,-5795.0000,-0.5536,0.8242,0.0559,0.1054,104.4600,-3.4500,-90.6100,11.0500,-0.5100,-4.5300,0.0000,0.0000,-0.0000,1000.0000,1703.0000,1500.0000,1999.0000
201234.5790,2.0000,1998.0000,2000.0000,1799.0000,-53.0000,25.0000,10.0000,1098.0000,-1024.0000,-5586.0000,-0.5548,0.8230,0.0528,0.1103,104.6900,-3.4800,-90.6800,11.0700,-0.1500,-4.6700,0.0000,0.0000,-0.0000,1000.0000,1703.0000,1500.0000,1999.0000
201251.3370,2.0000,1998.0000,2000.0000,1799.0000,-167.0000,-7.0000,34.0000,595.0000,-1033.0000,-4740.0000,-0.5417,0.8320,0.0478,0.1104,104.6900,-3.4800,-90.6800,11.0700,-0.1500,-4.6700,0.0000,0.0000,-0.0000,1000.0000,1703.0000,1500.0000,1999.0000
201268.3710,2.0000,1998.0000,1000.0000,1484.0000,-246.0000,-33.0000,54.0000,977.0000,-1137.0000,-3715.0000,-0.5159,0.8492,0.0413,0.1050,104.9000,-3.5000,-90.7400,11.0400,0.1100,-4.7800,0.0000,0.0000,-0.0000,1875.0000,1142.0000,1500.0000,1999.0000
201285.2160,2.0000,1998.0000,1000.0000,1484.0000,-295.0000,-52.0000,70.0000,911.0000,-836.0000,-2337.0000,-0.4821,0.8702,0.0332,0.0961,105.1500,-3.5100,-90.8000,11.0900,0.2600,-4.8600,0.0000,0.0000,-0.0000,1875.0000,1142.0000,1500.0000,1999.0000
201302.1200,2.0000,1998.0000,1000.0000,1484.0000,-304.0000,-51.0000,78.0000,1018.0000,-824.0000,-1731.0000,-0.4436,0.8919,0.0242,0.0849,105.4100,-3.5300,-90.8700,11.2000,0.2900,-4.8700,0.0000,0.0000,-0.0000,1875.0000,1142.0000,1500.0000,1999.0000
201318.6640,2.0000,1998.0000,1000.0000,1484.0000,-272.0000,-53.0000,82.0000,818.0000,-930.0000,-1585.0000,-0.4067,0.9105,0.0148,0.0736,105.6600,-3.5400,-90.9400,11.2900,0.2500,-4.8300,0.0000,0.0000,-0.0000,1875.0000,1142.0000,1500.0000,1999.0000
201335.2490,2.0000,1998.0000,1000.0000,1484.0000,-218.0000,-55.0000,84.0000,1081.0000,-699.0000,-1655.0000,-0.3749,0.9250,0.0058,0.0617,105.8900,-3.5500,-91.0100,11.3600,0.1900,-4.7900,0.0000,0.0000,-0.0000,1875.0000,1142.0000,1500.0000,1999.0000
201352.1690,2.0000,1998.0000,1000.0000,1484.0000,-135.0000,-73.0000,81.0000,978.0000,-681.0000,-2145.0000,-0.3516,0.9349,-0.0018,0.0477,105.8900,-3.5500,-91.0100,11.3600,0.1900,-4.7900,0.0000,0.0000,-0.0000,1875.0000,1142.0000,1500.0000,1999.0000
201369.0490,2.0000,2000.0000,1000.0000,1390.0000,-46.0000,-95.0000,71.0000,1087.0000,-359.0000,-1878.0000,-0.3397,0.9399,-0.0084,0.0323,106.1100,-3.5700,-91.0800,11.4200,0.1600,-4.7600,0.0000,0.0000,-0.0000,1937.0000,1175.0000,1500.0000,2000.0000
201385.9800,2.0000,2000.0000,1000.0000,1389.0000,41.0000,-132.0000,52.0000,701.0000,-25.0000,-1111.0000,-0.3400,0.9403,-0.0106,0.0130,106.3600,-3.5800,-91.1700,11.5000,0.1900,-4.7100,0.0000,0.0000,-0.0000,1937.0000,1175.0000,1500.0000,2000.0000
201402.5820,2.0000,2000.0000,1000.0000,1389.0000,104.0000,-147.0000,30.0000,821.0000,-15.0000,811.0000,-0.3504,0.9365,-0.0084,-0.0087,106.6300,-3.5900,-91.2700,11.5700,0.2100,-4.5600,0.0000,0.0000,-0.0000,1937.0000,1175.0000,1500.0000,2000.0000
201419.3170,2.0000,2000.0000,1000.0000,1389.0000,150.0000,-150.0000,11.0000,831.0000,-92.0000,2427.0000,-0.3684,0.9292,-0.0033,-0.0299,106.8900,-3.6000,-91.3600,11.6100,0.1100,-4.1900,0.0000,0.0000,-0.0000,1937.0000,1175.0000,1500.0000,2000.0000
201436.3070,2.0000,2000.0000,1000.0000,1389.0000,183.0000,-141.0000,-4.0000,763.0000,-276.0000,3323.0000,-0.3916,0.9188,0.0036,-0.0502,107.1200,-3.6100,-91.4600,11.6200,-0.1000,-3.7200,0.0000,0.0000,-0.0000,1937.0000,1175.0000,1500.0000,2000.0000
201453.2140,2.0000,1998.0000,1360.0000,1408.0000,205.0000,-142.0000,-16.0000,675.0000,-145.0000,3584.0000,-0.4178,0.9059,0.0114,-0.0688,107.1200,-3.6100,-91.4600,11.6200,-0.1000,-3.7200,0.0000,0.0000,-0.0000,1603.0000,1489.0000,1500.0000,1999.0000
201470.0980,2.0000,1998.0000,1389.0000,1409.0000,217.0000,-128.0000,-25.0000,782.0000,-138.0000,4061.0000,-0.4456,0.8908,0.0206,-0.0862,107.3400,-3.6300,-91.5400,11.5900,-0.3400,-3.2200,0.0000,0.0000,-0.0000,1603.0000,1489.0000,1500.0000,1999.0000
201487.0440,2.0000,1998.0000,1389.0000,1409.0000,227.0000,-122.0000,-30.0000,1219.0000,-80.0000,4875.0000,-0.4744,0.8739,0.0296,-0.1015,107.6000,-3.6500,-91.6200,11.6200,-0.5400,-2.7000,0.0000,0.0000,-0.0000,1603.0000,1489.0000,1500.0000,1999.0000
201504.0400,2.0000,1998.0000,1389.0000,1409.0000,222.0000,-105.0000,-29.0000,1201.0000,-252.0000,5678.0000,-0.5035,0.8555,0.0377,-0.1147,107.8600,-3.6700,-91.6900,11.6800,-0.7600,-2.1600,0.0000,0.0000,-0.0000,1603.0000,1489.0000,1500.0000,1999.0000
201521.0650,2.0000,1998.0000,1389.0000,1409.0000,198.0000,-81.0000,-23.0000,1094.0000,-361.0000,6064.0000,-0.5301,0.8375,0.0437,-0.1252,108.1200,-3.6900,-91.7400,11.6800,-1.0500,-1.6300,0.0000,0.0000,-0.0000,1603.0000,1489.0000,1500.0000,1999.0000
201538.0340,2.0000,1998.0000,1389.0000,1409.0000,171.0000,-56.0000,-12.0000,1121.0000,-539.0000,5873.0000,-0.5526,0.8214,0.0469,-0.1329,108.3500,-3.7100,-91.7800,11.6400,-1.3700,-1.1500,0.0000,0.0000,-0.0000,1603.0000,1489.0000,1500.0000,1999.0000
201555.0350,2.0000,1998.0000,1389.0000,1409.0000,153.0000,-36.0000,-2.0000,1224.0000,-519.0000,5304.0000,-0.5720,0.8071,0.0475,-0.1384,108.3500,-3.7100,-91.7800,11.6400,-1.3700,-1.1500,0.0000,0.0000,-0.0000,1603.0000,1489.0000,1500.0000,1999.0000
201571.8790,2.0000,1997.0000,1721.0000,1579.0000,149.0000,-28.0000,6.0000,1038.0000,-772.0000,4709.0000,-0.5893,0.7936,0.0470,-0.1435,108.5700,-3.7500,-91.8100,11.6000,-1.6400,-0.7500,0.0000,0.0000,-0.0000,1349.0000,1573.0000,1500.0000,1998.0000
201588.6810,2.0000,1997.0000,1721.0000,1579.0000,133.0000,-18.0000,14.0000,650.0000,-516.0000,3392.0000,-0.6056,0.7806,0.0447,-0.1480,108.8300,-3.7800,-91.8300,11.6500,-1.7800,-0.4300,0.0000,0.0000,-0.0000,1349.0000,1573.0000,1500.0000,1998.0000
201605.7050,2.0000,1997.0000,1721.0000,1579.0000,77.0000,-10.0000,24.0000,921.0000,-514.0000,3096.0000,-0.6174,0.7706,0.0415,-0.1523,109.1000,-3.8100,-91.8400,11.7200,-1.7700,-0.1600,0.0000,0.0000,-0.0000,1349.0000,1573.0000,1500.0000,1998.0000
201622.7080,2.0000,1997.0000,1721.0000,1579.0000,-5.0000,10.0000,37.0000,890.0000,-749.0000,2736.0000,-0.6207,0.7676,0.0370,-0.1551,109.3500,-3.8300,-91.8400,11.8000,-1.7400,0.0700,0.0000,0.0000,-0.0000,1349.0000,1573.0000,1500.0000,1998.0000
201639.6450,2.0000,1997.0000,1721.0000,1579.0000,-65.0000,29.0000,50.0000,1079.0000,-736.0000,2178.0000,-0.6156,0.7718,0.0309,-0.1564,109.5900,-3.8600,-91.8400,11.8700,-1.7000,0.2700,0.0000,0.0000,-0.0000,1349.0000,1573.0000,1500.0000,1998.0000
201656.6060,2.0000,1997.0000,1721.0000,1579.0000,-107.0000,49.0000,61.0000,1139.0000,-672.0000,1281.0000,-0.6047,0.7806,0.0231,-0.1564,109.5900,-3.8600,-91.8400,11.8700,-1.7000,0.2700,0.0000,0.0000,-0.0000,1349.0000,1573.0000,1500.0000,1998.0000
201673.3050,2.0000,2000.0000,1390.0000,1266.0000,-137.0000,60.0000,68.0000,1004.0000,-568.0000,-198.0000,-0.5891,0.7929,0.0138,-0.1553,109.8200,-3.8800,-91.8300,11.9500,-1.6000,0.4500,0.0000,0.0000,-0.0000,1674.0000,1564.0000,1500.0000,2000.0000
201690.1150,2.0000,2000.0000,1390.0000,1266.0000,-134.0000,73.0000,68.0000,759.0000,-294.0000,-1900.0000,-0.5713,0.8062,0.0036,-0.1538,110.1000,-3.9000,-91.8100,12.1600,-1.3300,0.6000,0.0000,0.0000,-0.0000,1674.0000,1564.0000,1500.0000,2000.0000
201707.1610,2.0000,2000.0000,1390.0000,1266.0000,-75.0000,69.0000,64.0000,1136.0000,-231.0000,-2831.0000,-0.5566,0.8170,-0.0079,-0.1506,110.3800,-3.9000,-91.7900,12.4000,-0.8800,0.6500,0.0000,0.0000,-0.0000,1674.0000,1564.0000,1500.0000,2000.0000
201724.2240,2.0000,2000.0000,1390.0000,1266.0000,11.0000,67.0000,49.0000,972.0000,113.0000,-3152.0000,-0.5514,0.8209,-0.0193,-0.1475,110.6600,-3.9000,-91.7700,12.6600,-0.3800,0.6400,0.0000,0.0000,-0.0000,1674.0000,1564.0000,1500.0000,2000.0000
201740.9030,2.0000,2000.0000,1390.0000,1266.0000,86.0000,70.0000,25.0000,727.0000,497.0000,-3715.0000,-0.5563,0.8181,-0.0297,-0.1424,110.9300,-3.8800,-91.7600,12.8400,0.1200,0.5900,0.0000,0.0000,-0.0000,1674.0000,1564.0000,1500.0000,2000.0000
201758.0380,2.0000,1998.0000,1000.0000,1482.0000,152.0000,64.0000,6.0000,844.0000,318.0000,-5197.0000,-0.5700,0.8095,-0.0392,-0.1349,110.9300,-3.8800,-91.7600,12.8400,0.1200,0.5900,0.0000,0.0000,-0.0000,1872.0000,1147.0000,1500.0000,1999.0000
201774.9350,2.0000,1998.0000,1000.0000,1482.0000,186.0000,50.0000,-7.0000,608.0000,341.0000,-6761.0000,-0.5900,0.7960,-0.0474,-0.1266,111.1800,-3.8600,-91.7400,13.0000,0.7000,0.5500,0.0000,0.0000,-0.0000,1872.0000,1147.0000,1500.0000,1999.0000
201791.7220,2.0000,1998.0000,1000.0000,1482.0000,200.0000,9.0000,-19.0000,621.0000,483.0000,-7575.0000,-0.6126,0.7794,-0.0522,-0.1206,111.4900,-3.8100,-91.7300,13.2200,1.3600,0.5100,0.0000,0.0000,-0.0000,1872.0000,1147.0000,1500.0000,1999.0000
201808.5390,2.0000,1998.0000,1000.0000,1482.0000,210.0000,-59.0000,-32.0000,675.0000,479.0000,-7389.0000,-0.6366,0.7602,-0.0506,-0.1197,111.8000,-3.7600,-91.7000,13.4200,2.0300,0.4400,0.0000,0.0000,-0.0000,1872.0000,1147.0000,1500.0000,1999.0000
201825.5100,2.0000,1998.0000,1000.0000,1482.0000,219.0000,-121.0000,-43.0000,286.0000,203.0000,-6152.0000,-0.6618,0.7382,-0.0418,-0.1242,112.1000,-3.7000,-91.6700,13.5600,2.6200,0.4700,0.0000,0.0000,-0.0000,1872.0000,1147.0000,1500.0000,1999.0000
201842.0500,2.0000,1998.0000,1000.0000,1482.0000,225.0000,-170.0000,-50.0000,603.0000,-87.0000,-2700.0000,-0.6866,0.7141,-0.0270,-0.1337,112.3800,-3.6300,-91.6300,13.6500,2.9200,0.5800,0.0000,0.0000,-0.0000,1872.0000,1147.0000,1500.0000,1999.0000
201858.8490,2.0000,1998.0000,1778.0000,2000.0000,241.0000,-198.0000,-55.0000,218.0000,-422.0000,338.0000,-0.7123,0.6865,-0.0079,-0.1461,112.3800,-3.6300,-91.6300,13.6500,2.9200,0.5800,0.0000,0.0000,-0.0000,1000.0000,1277.0000,1500.0000,1999.0000
201875.6850,2.0000,1998.0000,1778.0000,2000.0000,247.0000,-205.0000,-51.0000,229.0000,-520.0000,3509.0000,-0.7375,0.6559,0.0135,-0.1605,112.6400,-3.5600,-91.5900,13.6700,2.8200,0.7800,0.0000,0.0000,-0.0000,1000.0000,1277.0000,1500.0000,1999.0000
201892.4290,2.0000,1998.0000,1778.0000,2000.0000,229.0000,-213.0000,-39.0000,350.0000,-781.0000,6051.0000,-0.7605,0.6242,0.0343,-0.1756,112.9600,-3.5000,-91.5600,13.7300,2.4600,0.9600,0.0000,0.0000,-0.0000,1000.0000,1277.0000,1500.0000,1999.0000
201909.4800,2.0000,1998.0000,1778.0000,2000.0000,163.0000,-208.0000,-17.0000,785.0000,-1007.0000,8443.0000,-0.7781,0.5956,0.0550,-0.1919,113.2800,-3.4400,-91.5300,13.7300,1.8900,1.1000,0.0000,0.0000,-0.0000,1000.0000,1277.0000,1500.0000,1999.0000
201926.3740,2.0000,1998.0000,1778.0000,2000.0000,83.0000,-203.0000,12.0000,1344.0000,-1138.0000,10267.0000,-0.7871,0.5753,0.0746,-0.2094,113.5800,-3.4000,-91.5100,13.6600,1.1800,1.1100,0.0000,0.0000,-0.0000,1000.0000,1277.0000,1500.0000,1999.0000
201942.9910,2.0000,1998.0000,1778.0000,2000.0000,-13.0000,-185.0000,40.0000,1502.0000,-1224.0000,11638.0000,-0.7871,0.5657,0.0926,-0.2277,113.8500,-3.3800,-91.4900,13.5100,0.4000,1.0200,0.0000,0.0000,-0.0000,1000.0000,1277.0000,1500.0000,1999.0000
201960.3210,2.0000,1998.0000,2000.0000,1849.0000,-110.0000,-148.0000,67.0000,1480.0000,-1175.0000,12666.0000,-0.7776,0.5679,0.1095,-0.2467,113.8500,-3.3800,-91.4900,13.5100,0.4000,1.0200,0.0000,0.0000,-0.0000,1000.0000,1653.0000,1500.0000,1999.0000
201977.0020,2.0000,1998.0000,2000.0000,1849.0000,-190.0000,-97.0000,88.0000,1577.0000,-1025.0000,13244.0000,-0.7600,0.5819,0.1218,-0.2625,114.1100,-3.3700,-91.4700,13.2600,-0.3700,0.8600,0.0000,0.0000,-0.0000,1000.0000,1653.0000,1500.0000,1999.0000
201994.0250,2.0000,1998.0000,2000.0000,1849.0000,-256.0000,-46.0000,100.0000,1553.0000,-826.0000,12725.0000,-0.7352,0.6059,0.1301,-0.2746,114.4100,-3.3800,-91.4500,12.9400,-1.1400,0.6900,0.0000,0.0000,-0.0000,1000.0000,1653.0000,1500.0000,1999.0000
202010.6270,2.0000,1998.0000,2000.0000,1849.0000,-326.0000,14.0000,107.0000,1167.0000,-580.0000,11816.0000,-0.7047,0.6377,0.1337,-0.2808,114.7100,-3.3900,-91.4200,12.5900,-1.8600,0.6300,0.0000,0.0000,-0.0000,1000.0000,1653.0000,1500.0000,1999.0000
202027.4260,2.0000,1998.0000,2000.0000,1849.0000,-377.0000,66.0000,109.0000,835.0000,-263.0000,9724.0000,-0.6671,0.6771,0.1336,-0.2805,114.9800,-3.4200,-91.4000,12.2400,-2.4100,0.7100,0.0000,0.0000,-0.0000,1000.0000,1653.0000,1500.0000,1999.0000
202044.0920,2.0000,1998.0000,2000.0000,1849.0000,-435.0000,113.0000,111.0000,637.0000,6.0000,6611.0000,-0.6232,0.7211,0.1299,-0.2733,115.2300,-3.4600,-91.3700,12.0300,-2.6500,0.9500,0.0000,0.0000,-0.0000,1000.0000,1653.0000,1500.0000,1999.0000
202061.2940,2.0000,2000.0000,1000.0000,1371.0000,-478.0000,143.0000,112.0000,161.0000,465.0000,3086.0000,-0.5701,0.7695,0.1238,-0.2598,115.2300,-3.4600,-91.3700,12.0300,-2.6500,0.9500,0.0000,0.0000,-0.0000,1933.0000,1197.0000,1500.0000,2000.0000
202077.9410,2.0000,2000.0000,1000.0000,1371.0000,-504.0000,161.0000,110.0000,440.0000,342.0000,264.0000,-0.5121,0.8156,0.1170,-0.2425,115.4700,-3.4900,-91.3300,12.0200,-2.4400,1.2600,0.0000,0.0000,-0.0000,1933.0000,1197.0000,1500.0000,2000.0000
202095.1490,2.0000,2000.0000,1000.0000,1371.0000,-482.0000,170.0000,102.0000,244.0000,477.0000,-2574.0000,-0.4487,0.8591,0.1091,-0.2208,115.7600,-3.5200,-91.2900,12.1300,-2.1800,1.5200,0.0000,0.0000,-0.0000,1933.0000,1197.0000,1500.0000,2000.0000
202112.0190,2.0000,2000.0000,1000.0000,1371.0000,-416.0000,152.0000,83.0000,197.0000,654.0000,-4460.0000,-0.3897,0.8935,0.1014,-0.1988,116.0500,-3.5300,-91.2400,12.3500,-1.7600,1.6400,0.0000,0.0000,-0.0000,1933.0000,1197.0000,1500.0000,2000.0000
202128.6860,2.0000,2000.0000,1000.0000,1371.0000,-305.0000,131.0000,52.0000,447.0000,1144.0000,-5328.0000,-0.3424,0.9175,0.0951,-0.1788,116.3300,-3.5400,-91.2000,12.5900,-1.2500,1.4100,0.0000,0.0000,-0.0000,1933.0000,1197.0000,1500.0000,2000.0000
202145.3550,2.0000,2000.0000,1000.0000,1371.0000,-179.0000,85.0000,6.0000,470.0000,1361.0000,-5740.0000,-0.3109,0.9318,0.0929,-0.1625,116.5900,-3.5400,-91.1700,12.8200,-0.7400,1.1000,0.0000,0.0000,-0.0000,1933.0000,1197.0000,1500.0000,2000.0000
202162.2460,2.0000,2000.0000,1000.0000,1382.0000,-54.0000,41.0000,-29.0000,454.0000,1015.0000,-6157.0000,-0.2962,0.9382,0.0948,-0.1519,116.5900,-3.5400,-91.1700,12.8200,-0.7400,1.1000,0.0000,0.0000,-0.0000,1937.0000,1182.0000,1500.0000,2000.0000
202179.0150,2.0000,2000.0000,1000.0000,1382.0000,62.0000,-7.0000,-64.0000,-236.0000,845.0000,-6250.0000,-0.2984,0.9376,0.1004,-0.1474,116.8400,-3.5300,-91.1500,13.0200,-0.3000,0.7100,0.0000,0.0000,-0.0000,1937.0000,1182.0000,1500.0000,2000.0000
202195.7650,2.0000,2000.0000,1000.0000,1382.0000,153.0000,-59.0000,-102.0000,-301.0000,964.0000,-5763.0000,-0.3146,0.9307,0.1112,-0.1501,117.1500,-3.5200,-91.1300,13.0200,-0.0900,0.3500,0.0000,0.0000,-0.0000,1937.0000,1182.0000,1500.0000,2000.0000
202213.0100,2.0000,2000.0000,1000.0000,1382.0000,206.0000,-92.0000,-128.0000,484.0000,493.0000,-4166.0000,-0.3410,0.9179,0.1268,-0.1582,117.4400,-3.5200,-91.1100,12.9600,0.0600,0.0800,0.0000,0.0000,-0.0000,1937.0000,1182.0000,1500.0000,2000.0000
202230.0170,2.0000,2000.0000,1000.0000,1382.0000,240.0000,-119.0000,-146.0000,978.0000,160.0000,-1153.0000,-0.3726,0.9006,0.1454,-0.1700,117.7100,-3.5100,-91.1000,12.9000,0.0400,0.0300,0.0000,0.0000,-0.0000,1937.0000,1182.0000,1500.0000,2000.0000
202246.5320,2.0000,2000.0000,1000.0000,1382.0000,271.0000,-131.0000,-152.0000,528.0000,-288.0000,1080.0000,-0.4065,0.8798,0.1646,-0.1835,117.9600,-3.5100,-91.0800,12.7300,-0.1800,0.2700,0.0000,0.0000,-0.0000,1937.0000,1182.0000,1500.0000,2000.0000
202263.4150,2.0000,1998.0000,2000.0000,1786.0000,294.0000,-140.0000,-148.0000,173.0000,-547.0000,2837.0000,-0.4437,0.8544,0.1839,-0.1984,117.9600,-3.5100,-91.0800,12.7300,-0.1800,0.2700,0.0000,0.0000,-0.0000,1000.0000,1711.0000,1500.0000,1999.0000
202280.3460,2.0000,1998.0000,2000.0000,1791.0000,318.0000,-144.0000,-133.0000,236.0000,-1044.0000,4546.0000,-0.4820,0.8251,0.2016,-0.2150,118.2000,-3.5100,-91.0700,12.4200,-0.5300,0.6600,0.0000,0.0000,-0.0000,1000.0000,1711.0000,1500.0000,1999.0000
202296.9360,2.0000,1998.0000,2000.0000,1791.0000,314.0000,-153.0000,-109.0000,659.0000,-1364.0000,6176.0000,-0.5191,0.7937,0.2156,-0.2327,118.4800,-3.5400,-91.0300,12.1700,-1.1100,1.1100,0.0000,0.0000,-0.0000,1000.0000,1711.0000,1500.0000,1999.0000
202313.6530,2.0000,1998.0000,2000.0000,1791.0000,262.0000,-164.0000,-70.0000,1023.0000,-1912.0000,7742.0000,-0.5503,0.7627,0.2272,-0.2526,118.7500,-3.5800,-90.9900,11.8600,-1.7900,1.5500,0.0000,0.0000,-0.0000,1000.0000,1711.0000,1500.0000,1999.0000
202330.3340,2.0000,1998.0000,2000.0000,1791.0000,177.0000,-171.0000,-26.0000,1346.0000,-1817.0000,9137.0000,-0.5708,0.7372,0.2364,-0.2735,118.9900,-3.6300,-90.9300,11.4600,-2.5400,1.9300,0.0000,0.0000,-0.0000,1000.0000,1711.0000,1500.0000,1999.0000
202347.3970,2.0000,1998.0000,2000.0000,1791.0000,80.0000,-151.0000,17.0000,1466.0000,-1603.0000,10408.0000,-0.5797,0.7195,0.2441,-0.2944,119.2100,-3.6900,-90.8700,10.9800,-3.2900,2.2900,0.0000,0.0000,-0.0000,1000.0000,1712.0000,1500.0000,1999.0000
202364.6480,2.0000,1998.0000,2000.0000,1790.0000,-28.0000,-116.0000,57.0000,1458.0000,-1824.0000,11780.0000,-0.5759,0.7129,0.2498,-0.3125,119.2100,-3.6900,-90.8700,10.9800,-3.2900,2.2900,0.0000,0.0000,-0.0000,1000.0000,1712.0000,1500.0000,1999.0000
202381.3130,2.0000,1998.0000,2000.0000,1790.0000,-132.0000,-70.0000,89.0000,978.0000,-1798.0000,12050.0000,-0.5607,0.7183,0.2531,-0.3250,119.4000,-3.7700,-90.8000,10.4300,-4.0100,2.6200,0.0000,0.0000,-0.0000,1000.0000,1712.0000,1500.0000,1999.0000
202398.1310,2.0000,1998.0000,2000.0000,1790.0000,-235.0000,-11.0000,117.0000,656.0000,-1506.0000,10602.0000,-0.5345,0.7352,0.2539,-0.3306,119.6400,-3.8700,-90.7100,9.8800,-4.7400,2.9600,0.0000,0.0000,-0.0000,1000.0000,1712.0000,1500.0000,1999.0000
202414.8020,2.0000,1998.0000,2000.0000,1790.0000,-315.0000,32.0000,135.0000,430.0000,-907.0000,7785.0000,-0.4987,0.7616,0.2522,-0.3281,119.8600,-3.9800,-90.6100,9.4400,-5.2500,3.3300,0.0000,0.0000,-0.0000,1000.0000,1712.0000,1500.0000,1999.0000
202431.5700,2.0000,1998.0000,2000.0000,1790.0000,-373.0000,57.0000,150.0000,285.0000,-826.0000,5295.0000,-0.4543,0.7933,0.2490,-0.3200,120.0600,-4.1000,-90.5000,9.2600,-5.4700,3.7200,0.0000,0.0000,-0.0000,1000.0000,1712.0000,1500.0000,1999.0000
202448.2120,2.0000,1998.0000,2000.0000,1790.0000,-427.0000,88.0000,161.0000,115.0000,-412.0000,2645.0000,-0.4026,0.8271,0.2443,-0.3067,120.2500,-4.2000,-90.3900,9.2800,-5.4500,4.0400,0.0000,0.0000,-0.0000,1000.0000,1712.0000,1500.0000,1999.0000
202465.3810,2.0000,2000.0000,1357.0000,1247.0000,-463.0000,114.0000,159.0000,208.0000,218.0000,215.0000,-0.3424,0.8627,0.2379,-0.2863,120.2500,-4.2000,-90.3900,9.2800,-5.4500,4.0400,0.0000,0.0000,-0.0000,1701.0000,1557.0000,1500.0000,2000.0000
202482.0770,2.0000,2000.0000,1356.0000,1246.0000,-458.0000,114.0000,151.0000,-315.0000,360.0000,-1841.0000,-0.2809,0.8937,0.2312,-0.2626,120.4300,-4.3000,-90.2800,9.5000,-5.2300,4.2500,0.0000,0.0000,-0.0000,1701.0000,1557.0000,1500.0000,2000.0000
202499.2200,2.0000,2000.0000,1356.0000,1246.0000,-428.0000,106.0000,132.0000,28.0000,344.0000,-3309.0000,-0.2188,0.9193,0.2247,-0.2378,120.6800,-4.4100,-90.1500,9.8200,-4.9600,4.2700,0.0000,0.0000,-0.0000,1701.0000,1557.0000,1500.0000,2000.0000
202516.0170,2.0000,2000.0000,1356.0000,1246.0000,-353.0000,100.0000,102.0000,527.0000,964.0000,-4182.0000,-0.1653,0.9374,0.2189,-0.2144,120.9100,-4.5100,-90.0400,10.1700,-4.7000,4.0300,0.0000,0.0000,-0.0000,1701.0000,1557.0000,1500.0000,2000.0000
202532.9470,2.0000,2000.0000,1356.0000,1246.0000,-235.0000,84.0000,52.0000,613.0000,1871.0000,-4757.0000,-0.1247,0.9489,0.2154,-0.1941,121.1400,-4.6000,-89.9500,10.5500,-4.4300,3.7100,0.0000,0.0000,-0.0000,1701.0000,1557.0000,1500.0000,2000.0000
202549.8110,2.0000,2000.0000,1356.0000,1246.0000,-92.0000,70.0000,5.0000,236.0000,1791.0000,-4865.0000,-0.1036,0.9544,0.2154,-0.1790,121.3600,-4.6700,-89.8700,10.8900,-4.1500,3.3100,0.0000,0.0000,-0.0000,1701.0000,1557.0000,1500.0000,2000.0000
202566.7670,2.0000,2000.0000,1523.0000,1195.0000,31.0000,64.0000,-34.0000,33.0000,1361.0000,-5182.0000,-0.1024,0.9560,0.2172,-0.1685,121.3600,-4.6700,-89.8700,10.8900,-4.1500,3.3100,0.0000,0.0000,-0.0000,1643.0000,1667.0000,1500.0000,2000.0000
202583.5920,2.0000,2000.0000,1524.0000,1194.0000,101.0000,47.0000,-67.0000,20.0000,1374.0000,-5695.0000,-0.1149,0.9545,0.2219,-0.1628,121.5700,-4.7400,-89.8000,11.1300,-3.9100,2.9300,0.0000,0.0000,-0.0000,1643.0000,1667.0000,1500.0000,2000.0000
202600.6030,2.0000,2000.0000,1524.0000,1194.0000,155.0000,51.0000,-85.0000,334.0000,1091.0000,-5498.0000,-0.1365,0.9507,0.2287,-0.1589,121.8400,-4.8300,-89.7200,11.1800,-3.7000,2.5700,0.0000,0.0000,-0.0000,1643.0000,1667.0000,1500.0000,2000.0000
202617.5520,2.0000,2000.0000,1524.0000,1194.0000,187.0000,58.0000,-97.0000,531.0000,649.0000,-5395.0000,-0.1649,0.9450,0.2359,-0.1553,122.0900,-4.9000,-89.6400,11.2100,-3.5400,2.2600,0.0000,0.0000,-0.0000,1643.0000,1667.0000,1500.0000,2000.0000
202634.4960,2.0000,2000.0000,1524.0000,1194.0000,189.0000,65.0000,-102.0000,-278.0000,530.0000,-5504.0000,-0.1962,0.9380,0.2431,-0.1502,122.3300,-4.9700,-89.5600,11.2100,-3.3900,1.9800,0.0000,0.0000,-0.0000,1643.0000,1667.0000,1500.0000,2000.0000
202651.0580,2.0000,2000.0000,1524.0000,1194.0000,188.0000,61.0000,-102.0000,14.0000,321.0000,-5821.0000,-0.2259,0.9302,0.2503,-0.1452,122.5500,-5.0300,-89.4900,11.1600,-3.2200,1.6900,0.0000,0.0000,-0.0000,1643.0000,1667.0000,1500.0000,2000.0000
202667.9760,2.0000,1998.0000,1480.0000,1352.0000,193.0000,43.0000,-99.0000,-40.0000,256.0000,-6035.0000,-0.2561,0.9207,0.2581,-0.1419,122.5500,-5.0300,-89.4900,11.1600,-3.2200,1.6900,0.0000,0.0000,-0.0000,1586.0000,1565.0000,1500.0000,1999.0000
202684.9110,2.0000,1998.0000,1479.0000,1353.0000,198.0000,31.0000,-89.0000,40.0000,-168.0000,-6087.0000,-0.2863,0.9100,0.2650,-0.1402,122.7500,-5.0800,-89.4100,11.1200,-3.0500,1.3700,0.0000,0.0000,-0.0000,1586.0000,1565.0000,1500.0000,1999.0000
202702.2080,2.0000,1998.0000,1479.0000,1353.0000,214.0000,22.0000,-74.0000,383.0000,-446.0000,-5577.0000,-0.3173,0.8979,0.2703,-0.1414,123.0000,-5.1900,-89.3200,11.0300,-3.2500,1.0800,0.0000,0.0000,-0.0000,1586.0000,1565.0000,1500.0000,1999.0000
202719.0710,2.0000,1998.0000,1479.0000,1353.0000,202.0000,0.0000,-58.0000,389.0000,-769.0000,-5645.0000,-0.3466,0.8854,0.2737,-0.1452,123.2200,-5.2800,-89.2200,10.9400,-3.4400,0.8500,0.0000,0.0000,-0.0000,1586.0000,1565.0000,1500.0000,1999.0000
202736.0170,2.0000,1998.0000,1479.0000,1353.0000,182.0000,-20.0000,-38.0000,257.0000,-1012.0000,-5479.0000,-0.3723,0.8733,0.2755,-0.1511,123.4300,-5.3800,-89.1100,10.8500,-3.6000,0.6300,0.0000,0.0000,-0.0000,1586.0000,1565.0000,1500.0000,1999.0000
202752.9570,2.0000,1998.0000,1479.0000,1353.0000,161.0000,-29.0000,-13.0000,87.0000,-1077.0000,-3938.0000,-0.3937,0.8622,0.2757,-0.1596,123.6200,-5.4700,-89.0200,10.7400,-3.7300,0.4700,0.0000,0.0000,-0.0000,1586.0000,1565.0000,1500.0000,1999.0000
202770.0170,2.0000,1998.0000,1462.0000,1364.0000,150.0000,-22.0000,13.0000,675.0000,-1324.0000,-1855.0000,-0.4122,0.8523,0.2738,-0.1696,123.6200,-5.4700,-89.0200,10.7400,-3.7300,0.4700,0.0000,0.0000,-0.0000,1589.0000,1551.0000,1500.0000,1999.0000
202786.9710,2.0000,1998.0000,1462.0000,1364.0000,142.0000,-7.0000,40.0000,890.0000,-1449.0000,-1071.0000,-0.4291,0.8438,0.2679,-0.1790,123.8100,-5.5600,-88.9300,10.5500,-4.0000,0.4600,0.0000,0.0000,-0.0000,1589.0000,1551.0000,1500.0000,1999.0000
202803.9400,2.0000,1998.0000,1462.0000,1364.0000,147.0000,-3.0000,62.0000,485.0000,-1571.0000,-1386.0000,-0.4451,0.8364,0.2582,-0.1887,124.0400,-5.7000,-88.8400,10.4700,-4.5200,0.5500,0.0000,0.0000,-0.0000,1589.0000,1551.0000,1500.0000,1999.0000
202820.9110,2.0000,1998.0000,1462.0000,1364.0000,156.0000,12.0000,84.0000,452.0000,-1312.0000,-1211.0000,-0.4616,0.8290,0.2449,-0.1992,124.2500,-5.8400,-88.7600,10.3800,-4.9300,0.6300,0.0000,0.0000,-0.0000,1589.0000,1551.0000,1500.0000,1999.0000
202837.8640,2.0000,1998.0000,1462.0000,1364.0000,151.0000,31.0000,104.0000,397.0000,-965.0000,-1254.0000,-0.4786,0.8223,0.2269,-0.2081,124.4400,-5.9800,-88.7000,10.2800,-5.2700,0.7600,0.0000,0.0000,-0.0000,1589.0000,1551.0000,1500.0000,1999.0000
202854.8310,2.0000,1998.0000,1401.0000,1401.0000,145.0000,45.0000,121.0000,507.0000,-982.0000,-1577.0000,-0.4938,0.8166,0.2060,-0.2165,124.6200,-6.1100,-88.6400,10.2100,-5.5300,0.9100,0.0000,0.0000,-0.0000,1601.0000,1498.0000,1500.0000,1999.0000
202871.6710,2.0000,1998.0000,1401.0000,1401.0000,143.0000,56.0000,132.0000,314.0000,-619.0000,-2357.0000,-0.5082,0.8112,0.1828,-0.2242,124.6200,-6.1100,-88.6400,10.2100,-5.5300,0.9100,0.0000,0.0000,-0.0000,1601.0000,1498.0000,1500.0000,1999.0000
202888.8190,2.0000,1998.0000,1401.0000,1401.0000,135.0000,55.0000,135.0000,29.0000,-126.0000,-3917.0000,-0.5221,0.8058,0.1574,-0.2309,124.7900,-6.2500,-88.5900,10.1900,-5.7100,1.0400,0.0000,0.0000,-0.0000,1601.0000,1498.0000,1500.0000,1999.0000
202905.7930,2.0000,1998.0000,1401.0000,1401.0000,136.0000,43.0000,132.0000,-162.0000,310.0000,-5811.0000,-0.5343,0.7998,0.1334,-0.2388,125.0200,-6.4200,-88.5300,10.3800,-5.8200,1.1400,0.0000,0.0000,-0.0000,1601.0000,1498.0000,1500.0000,1999.0000
202922.5930,2.0000,1998.0000,1401.0000,1401.0000,132.0000,26.0000,121.0000,312.0000,582.0000,-5808.0000,-0.5460,0.7926,0.1115,-0.2474,125.2400,-6.5900,-88.4600,10.6100,-5.7300,1.2000,0.0000,0.0000,-0.0000,1601.0000,1498.0000,1500.0000,1999.0000
202939.6120,2.0000,1998.0000,1401.0000,1401.0000,126.0000,6.0000,102.0000,391.0000,906.0000,-5299.0000,-0.5571,0.7841,0.0930,-0.2572,125.4400,-6.7400,-88.4000,10.8300,-5.6200,1.2900,0.0000,0.0000,-0.0000,1601.0000,1498.0000,1500.0000,1999.0000
202956.3880,2.0000,1998.0000,1401.0000,1401.0000,129.0000,-8.0000,76.0000,105.0000,1009.0000,-4370.0000,-0.5680,0.7744,0.0790,-0.2671,125.6300,-6.8800,-88.3300,10.9600,-5.5400,1.4600,0.0000,0.0000,-0.0000,1601.0000,1498.0000,1500.0000,1999.0000
202973.2270,2.0000,1998.0000,1000.0000,1441.0000,132.0000,-19.0000,54.0000,-312.0000,1034.0000,-3360.0000,-0.5797,0.7636,0.0682,-0.2761,125.6300,-6.8800,-88.3300,10.9600,-5.5400,1.4600,0.0000,0.0000,-0.0000,1852.0000,1208.0000,1500.0000,1999.0000
202990.0090,2.0000,1998.0000,1000.0000,1441.0000,149.0000,-27.0000,31.0000,-206.0000,913.0000,-3283.0000,-0.5932,0.7510,0.0599,-0.2838,125.8300,-7.0200,-88.2600,11.0000,-5.5700,1.7100,0.0000,0.0000,-0.0000,1852.0000,1208.0000,1500.0000,1999.0000
203006.7270,2.0000,1998.0000,1000.0000,1441.0000,182.0000,-39.0000,4.0000,126.0000,831.0000,-3412.0000,-0.6100,0.7354,0.0537,-0.2900,126.0800,-7.2000,-88.1700,11.1000,-5.7500,1.9900,0.0000,0.0000,-0.0000,1852.0000,1208.0000,1500.0000,1999.0000
203023.3550,2.0000,1998.0000,1000.0000,1441.0000,223.0000,-62.0000,-24.0000,37.0000,931.0000,-3142.0000,-0.6313,0.7150,0.0508,-0.2959,126.3100,-7.3700,-88.0900,11.2000,-5.9000,2.2900,0.0000,0.0000,-0.0000,1852.0000,1208.0000,1500.0000,1999.0000
203040.1570,2.0000,1998.0000,1000.0000,1441.0000,246.0000,-96.0000,-48.0000,19.0000,697.0000,-2247.0000,-0.6567,0.6888,0.0519,-0.3026,126.5300,-7.5400,-88.0000,11.2500,-6.0500,2.6500,0.0000,0.0000,-0.0000,1852.0000,1208.0000,1500.0000,1999.0000
203057.2190,2.0000,1998.0000,2000.0000,1804.0000,267.0000,-116.0000,-66.0000,-65.0000,215.0000,-516.0000,-0.6843,0.6576,0.0571,-0.3100,126.7300,-7.7000,-87.9100,11.2200,-6.2800,3.0000,0.0000,0.0000,-0.0000,1000.0000,1698.0000,1500.0000,1999.0000
203073.9850,2.0000,1998.0000,2000.0000,1804.0000,279.0000,-129.0000,-75.0000,47.0000,-85.0000,2013.0000,-0.7119,0.6236,0.0640,-0.3167,126.7300,-7.7000,-87.9100,11.2200,-6.2800,3.0000,0.0000,0.0000,-0.0000,1000.0000,1698.0000,1500.0000,1999.0000
203090.7750,2.0000,1998.0000,2000.0000,1804.0000,266.0000,-135.0000,-77.0000,2.0000,-348.0000,3999.0000,-0.7388,0.5872,0.0720,-0.3229,126.9300,-7.8600,-87.8200,11.1200,-6.6900,3.3100,0.0000,0.0000,-0.0000,1000.0000,1698.0000,1500.0000,1999.0000
203107.4320,2.0000,1998.0000,2000.0000,1804.0000,199.0000,-143.0000,-62.0000,52.0000,-532.0000,5798.0000,-0.7602,0.5542,0.0816,-0.3290,127.1800,-8.0700,-87.7200,11.0500,-7.3000,3.5400,0.0000,0.0000,-0.0000,1000.0000,1698.0000,1500.0000,1999.0000
203124.5280,2.0000,1998.0000,2000.0000,1804.0000,98.0000,-159.0000,-37.0000,281.0000,-723.0000,8250.0000,-0.7729,0.5290,0.0955,-0.3371,127.4200,-8.2800,-87.6200,10.8800,-7.9600,3.6600,0.0000,0.0000,-0.0000,1000.0000,1698.0000,1500.0000,1999.0000
203141.1570,2.0000,1998.0000,2000.0000,1804.0000,-3.0000,-140.0000,-6.0000,543.0000,-1005.0000,10713.0000,-0.7757,0.5159,0.1113,-0.3462,127.6300,-8.4900,-87.5100,10.6100,-8.7000,3.6400,0.0000,0.0000,-0.0000,1000.0000,1698.0000,1500.0000,1999.0000
203158.1640,2.0000,1997.0000,1819.0000,1693.0000,-100.0000,-101.0000,24.0000,541.0000,-1149.0000,12070.0000,-0.7692,0.5158,0.1269,-0.3551,127.8200,-8.7000,-87.4000,10.2300,-9.4900,3.4700,0.0000,0.0000,-0.0000,1244.0000,1565.0000,1500.0000,1998.0000
203175.1440,2.0000,1997.0000,1819.0000,1693.0000,-192.0000,-33.0000,45.0000,440.0000,-1090.0000,12364.0000,-0.7546,0.5297,0.1397,-0.3611,127.8200,-8.7000,-87.4000,10.2300,-9.4900,3.4700,0.0000,0.0000,-0.0000,1244.0000,1565.0000,1500.0000,1998.0000
203191.9570,2.0000,1997.0000,1819.0000,1693.0000,-301.0000,26.0000,63.0000,176.0000,-1019.0000,10762.0000,-0.7319,0.5581,0.1485,-0.3616,128.0000,-8.9100,-87.2900,9.7900,-10.2100,3.2700,0.0000,0.0000,-0.0000,1244.0000,1565.0000,1500.0000,1998.0000
203208.7260,2.0000,1997.0000,1819.0000,1693.0000,-358.0000,74.0000,80.0000,91.0000,-944.0000,7081.0000,-0.7011,0.5975,0.1544,-0.3572,128.1500,-9.1300,-87.1800,9.3600,-10.8000,3.1500,0.0000,0.0000,-0.0000,1244.0000,1565.0000,1500.0000,1998.0000
203225.6720,2.0000,1997.0000,1819.0000,1693.0000,-384.0000,95.0000,93.0000,11.0000,-331.0000,3142.0000,-0.6644,0.6415,0.1573,-0.3496,128.3000,-9.3400,-87.0700,9.1600,-11.0600,3.1900,0.0000,0.0000,-0.0000,1244.0000,1565.0000,1500.0000,1998.0000
203242.5520,2.0000,1997.0000,1819.0000,1693.0000,-392.0000,108.0000,97.0000,12.0000,-177.0000,113.0000,-0.6237,0.6856,0.1587,-0.3403,128.4200,-9.5300,-86.9500,9.2400,-10.9500,3.3900,0.0000,0.0000,-0.0000,1244.0000,1565.0000,1500.0000,1998.0000
203259.6920,2.0000,2000.0000,1000.0000,1385.0000,-384.0000,117.0000,98.0000,-115.0000,23.0000,-2148.0000,-0.5802,0.7287,0.1576,-0.3279,128.5400,-9.7100,-86.8300,9.5000,-10.6100,3.5900,0.0000,0.0000,-0.0000,1938.0000,1178.0000,1500.0000,2000.0000
203276.4200,2.0000,2000.0000,1000.0000,1385.0000,-378.0000,116.0000,93.0000,-186.0000,435.0000,-3693.0000,-0.5366,0.7673,0.1558,-0.3145,128.5400,-9.7100,-86.8300,9.5000,-10.6100,3.5900,0.0000,0.0000,-0.0000,1938.0000,1178.0000,1500.0000,2000.0000
203293.1330,2.0000,2000.0000,1000.0000,1385.0000,-345.0000,100.0000,80.0000,-11.0000,581.0000,-4310.0000,-0.4932,0.8015,0.1547,-0.3008,128.6600,-9.8600,-86.7100,9.8400,-10.1100,3.7200,0.0000,0.0000,-0.0000,1938.0000,1178.0000,1500.0000,2000.0000
203309.9090,2.0000,2000.0000,1000.0000,1385.0000,-269.0000,92.0000,51.0000,128.0000,874.0000,-4586.0000,-0.4553,0.8286,0.1540,-0.2871,128.7800,-10.0000,-86.6100,10.2100,-9.6100,3.5800,0.0000,0.0000,-0.0000,1938.0000,1178.0000,1500.0000,2000.0000
203326.6500,2.0000,2000.0000,1000.0000,1385.0000,-150.0000,64.0000,11.0000,-214.0000,1553.0000,-5318.0000,-0.4300,0.8460,0.1542,-0.2748,128.9000,-10.1200,-86.5200,10.5400,-9.1400,3.4400,0.0000,0.0000,-0.0000,1938.0000,1178.0000,1500.0000,2000.0000
203343.6170,2.0000,2000.0000,1000.0000,1385.0000,-9.0000,30.0000,-30.0000,201.0000,1401.0000,-6760.0000,-0.4212,0.8524,0.1567,-0.2671,129.0100,-10.2200,-86.4500,10.8600,-8.6200,3.3000,0.0000,0.0000,-0.0000,1938.0000,1178.0000,1500.0000,2000.0000
203360.4220,2.0000,2000.0000,1000.0000,1388.0000,114.0000,-30.0000,-69.0000,-171.0000,1047.0000,-6814.0000,-0.4302,0.8475,0.1613,-0.2657,129.1300,-10.3000,-86.3800,11.2100,-8.1200,3.1100,0.0000,0.0000,-0.0000,1936.0000,1176.0000,1500.0000,2000.0000
203377.1140,2.0000,2000.0000,1000.0000,1389.0000,191.0000,-70.0000,-101.0000,34.0000,837.0000,-5317.0000,-0.4514,0.8334,0.1693,-0.2704,129.1300,-10.3000,-86.3800,11.2100,-8.1200,3.1100,0.0000,0.0000,-0.0000,1936.0000,1176.0000,1500.0000,2000.0000
203393.8910,2.0000,2000.0000,1000.0000,1389.0000,248.0000,-102.0000,-125.0000,68.0000,607.0000,-2499.0000,-0.4805,0.8118,0.1802,-0.2786,129.2400,-10.3700,-86.3300,11.4600,-7.7200,3.0000,0.0000,0.0000,-0.0000,1936.0000,1176.0000,1500.0000,2000.0000
203410.7550,2.0000,2000.0000,1000.0000,1389.0000,281.0000,-119.0000,-138.0000,-152.0000,145.0000,262.0000,-0.5140,0.7842,0.1927,-0.2892,129.3500,-10.4300,-86.2700,11.5300,-7.5500,3.1700,0.0000,0.0000,-0.0000,1936.0000,1176.0000,1500.0000,2000.0000
203427.5670,2.0000,2000.0000,1000.0000,1389.0000,306.0000,-126.0000,-137.0000,-36.0000,-501.0000,2556.0000,-0.5499,0.7520,0.2045,-0.3006,129.4500,-10.4900,-86.2000,11.3800,-7.6300,3.4800,0.0000,0.0000,-0.0000,1936.0000,1176.0000,1500.0000,2000.0000
203444.1650,2.0000,2000.0000,1000.0000,1389.0000,328.0000,-133.0000,-125.0000,-96.0000,-982.0000,4186.0000,-0.5857,0.7163,0.2146,-0.3128,129.5500,-10.5400,-86.1300,11.0800,-7.8900,3.8200,0.0000,0.0000,-0.0000,1936.0000,1176.0000,1500.0000,2000.0000
203461.0500,2.0000,1998.0000,1678.0000,2000.0000,351.0000,-148.0000,-106.0000,-7.0000,-1434.0000,5886.0000,-0.6217,0.6759,0.2225,-0.3273,129.6200,-10.6000,-86.0500,10.6900,-8.2400,4.1200,0.0000,0.0000,-0.0000,1001.0000,1180.0000,1500.0000,1999.0000
203478.1220,2.0000,1998.0000,1679.0000,2000.0000,367.0000,-152.0000,-73.0000,35.0000,-1950.0000,7693.0000,-0.6562,0.6311,0.2276,-0.3454,129.6200,-10.6000,-86.0500,10.6900,-8.2400,4.1200,0.0000,0.0000,-0.0000,1001.0000,1180.0000,1500.0000,1999.0000
203494.8850,2.0000,1998.0000,1679.0000,2000.0000,351.0000,-153.0000,-37.0000,455.0000,-1909.0000,9413.0000,-0.6865,0.5858,0.2281,-0.3654,129.6900,-10.6600,-85.9500,10.2100,-8.6700,4.3200,0.0000,0.0000,-0.0000,1001.0000,1180.0000,1500.0000,1999.0000
203511.5060,2.0000,1998.0000,1679.0000,2000.0000,274.0000,-157.0000,3.0000,1001.0000,-1715.0000,10652.0000,-0.7086,0.5450,0.2275,-0.3861,129.7400,-10.7300,-85.8300,9.6700,-9.1400,4.3800,0.0000,0.0000,-0.0000,1001.0000,1180.0000,1500.0000,1999.0000
203528.2880,2.0000,1998.0000,1679.0000,2000.0000,160.0000,-161.0000,50.0000,1051.0000,-1943.0000,11911.0000,-0.7191,0.5141,0.2288,-0.4077,129.7700,-10.8000,-85.7000,9.1300,-9.6400,4.3000,0.0000,0.0000,-0.0000,1001.0000,1180.0000,1500.0000,1999.0000
203545.1210,2.0000,1998.0000,1531.0000,2000.0000,22.0000,-149.0000,99.0000,1084.0000,-1827.0000,13124.0000,-0.7166,0.4977,0.2333,-0.4292,129.8000,-10.8800,-85.5700,8.5500,-10.0900,4.0500,0.0000,0.0000,-0.0000,1657.0000,1167.0000,1500.0000,1999.0000
203562.2090,2.0000,1998.0000,1012.0000,1678.0000,-109.0000,-127.0000,138.0000,1078.0000,-1647.0000,13661.0000,-0.7008,0.4983,0.2417,-0.4496,129.8000,-10.8800,-85.5700,8.5500,-10.0900,4.0500,0.0000,0.0000,-0.0000,1657.0000,1167.0000,1500.0000,1999.0000
203578.8050,2.0000,1998.0000,1012.0000,1678.0000,-200.0000,-101.0000,163.0000,992.0000,-1133.0000,13134.0000,-0.6752,0.5123,0.2521,-0.4669,129.8300,-10.9800,-85.4500,7.9100,-10.5300,3.7400,0.0000,0.0000,-0.0000,1657.0000,1167.0000,1500.0000,1999.0000
203595.6450,2.0000,1998.0000,1012.0000,1678.0000,-234.0000,-84.0000,172.0000,784.0000,-687.0000,11758.0000,-0.6430,0.5342,0.2634,-0.4814,129.9500,-11.1600,-85.3200,7.2500,-11.0200,3.4700,0.0000,0.0000,-0.0000,1657.0000,1167.0000,1500.0000,1999.0000
203612.7130,2.0000,1998.0000,1012.0000,1678.0000,-187.0000,-88.0000,168.0000,344.0000,-460.0000,10428.0000,-0.6100,0.5553,0.2725,-0.4952,130.2100,-11.4900,-85.1800,6.7200,-11.5500,3.3600,0.0000,0.0000,-0.0000,1657.0000,1167.0000,1500.0000,1999.0000
203629.5060,2.0000,1998.0000,1012.0000,1678.0000,-121.0000,-109.0000,152.0000,407.0000,-185.0000,9330.0000,-0.5821,0.5684,0.2784,-0.5105,130.4500,-11.8000,-85.0400,6.2400,-11.9100,3.3700,0.0000,0.0000,-0.0000,1657.0000,1167.0000,1500.0000,1999.0000
203646.0910,2.0000,1998.0000,1012.0000,1678.0000,-69.0000,-144.0000,131.0000,396.0000,116.0000,9437.0000,-0.5588,0.5722,0.2841,-0.5288,130.6600,-12.1000,-84.9100,5.8100,-12.1700,3.4500,0.0000,0.0000,-0.0000,1657.0000,1167.0000,1500.0000,1999.0000
203662.9520,2.0000,2000.0000,1168.0000,1240.0000,-37.0000,-175.0000,95.0000,434.0000,546.0000,10346.0000,-0.5392,0.5689,0.2908,-0.5487,130.6600,-12.1000,-84.9100,5.8100,-12.1700,3.4500,0.0000,0.0000,-0.0000,1798.0000,1463.0000,1500.0000,2000.0000
203679.9410,2.0000,2000.0000,1167.0000,1239.0000,-19.0000,-198.0000,51.0000,472.0000,889.0000,11368.0000,-0.5230,0.5588,0.3017,-0.5686,130.8700,-12.4100,-84.7800,5.2800,-12.4300,3.5500,0.0000,0.0000,-0.0000,1798.0000,1463.0000,1500.0000,2000.0000
203696.8760,2.0000,2000.0000,1167.0000,1239.0000,-2.0000,-185.0000,17.0000,810.0000,704.0000,13185.0000,-0.5109,0.5449,0.3143,-0.5859,131.0600,-12.7300,-84.6500,4.5700,-12.7300,3.6500,0.0000,0.0000,-0.0000,1798.0000,1463.0000,1500.0000,2000.0000
203713.9240,2.0000,2000.0000,1167.0000,1239.0000,39.0000,-148.0000,-15.0000,1099.0000,280.0000,14897.0000,-0.5047,0.5293,0.3251,-0.5995,131.2400,-13.0600,-84.5100,3.7200,-13.0000,3.7100,0.0000,0.0000,-0.0000,1798.0000,1463.0000,1500.0000,2000.0000
203730.8750,2.0000,2000.0000,1167.0000,1239.0000,116.0000,-89.0000,-39.0000,1155.0000,79.0000,15446.0000,-0.5082,0.5122,0.3284,-0.6095,131.3900,-13.3700,-84.3800,2.7500,-13.2500,3.6700,0.0000,0.0000,-0.0000,1798.0000,1463.0000,1500.0000,2000.0000
203747.9520,2.0000,2000.0000,1167.0000,1239.0000,185.0000,-21.0000,-54.0000,691.0000,-111.0000,13665.0000,-0.5224,0.4938,0.3213,-0.6164,131.5100,-13.6800,-84.2500,1.8100,-13.4500,3.5300,0.0000,0.0000,-0.0000,1798.0000,1463.0000,1500.0000,2000.0000
203765.1990,2.0000,1998.0000,1477.0000,1353.0000,247.0000,33.0000,-59.0000,851.0000,-107.0000,11011.0000,-0.5443,0.4753,0.3042,-0.6207,131.6200,-14.0000,-84.1300,1.1300,-13.6400,3.3700,0.0000,0.0000,-0.0000,1586.0000,1565.0000,1500.0000,1999.0000
203782.2550,2.0000,1998.0000,1479.0000,1353.0000,304.0000,65.0000,-63.0000,463.0000,-214.0000,7580.0000,-0.5720,0.4542,0.2781,-0.6238,131.6200,-14.0000,-84.1300,1.1300,-13.6400,3.3700,0.0000,0.0000,-0.0000,1586.0000,1565.0000,1500.0000,1999.0000
203799.2900,2.0000,1998.0000,1479.0000,1353.0000,309.0000,88.0000,-61.0000,53.0000,-137.0000,3940.0000,-0.6017,0.4320,0.2463,-0.6250,131.7400,-14.3600,-83.9900,0.8000,-13.9000,3.2300,0.0000,0.0000,-0.0000,1586.0000,1565.0000,1500.0000,1999.0000
203816.3160,2.0000,1998.0000,1479.0000,1353.0000,285.0000,106.0000,-54.0000,-9.0000,-115.0000,826.0000,-0.6295,0.4119,0.2132,-0.6234,131.8900,-14.7200,-83.8400,1.0300,-14.0300,3.2300,0.0000,0.0000,-0.0000,1586.0000,1565.0000,1500.0000,1999.0000
203833.4240,2.0000,1998.0000,1479.0000,1353.0000,246.0000,122.0000,-39.0000,-74.0000,-603.0000,-1934.0000,-0.6536,0.3960,0.1800,-0.6194,132.0800,-15.0900,-83.6700,1.7000,-14.0500,3.3900,0.0000,0.0000,-0.0000,1586.0000,1565.0000,1500.0000,1999.0000
203850.4540,2.0000,1998.0000,1479.0000,1353.0000,198.0000,129.0000,-16.0000,-169.0000,-914.0000,-4303.0000,-0.6723,0.3852,0.1488,-0.6145,132.2800,-15.4400,-83.4900,2.5200,-13.9600,3.6700,0.0000,0.0000,-0.0000,1586.0000,1565.0000,1500.0000,1999.0000
203867.1360,2.0000,1998.0000,2000.0000,1786.0000,161.0000,119.0000,8.0000,382.0000,-1112.0000,-5268.0000,-0.6851,0.3789,0.1204,-0.6104,132.4800,-15.8000,-83.3200,3.2200,-13.8800,4.0100,0.0000,0.0000,-0.0000,1000.0000,1716.0000,1500.0000,1999.0000
203884.0540,2.0000,1998.0000,2000.0000,1786.0000,143.0000,111.0000,32.0000,246.0000,-944.0000,-5873.0000,-0.6937,0.3737,0.0941,-0.6085,132.4800,-15.8000,-83.3200,3.2200,-13.8800,4.0100,0.0000,0.0000,-0.0000,1000.0000,1716.0000,1500.0000,1999.0000
203900.9200,2.0000,1998.0000,2000.0000,1786.0000,76.0000,97.0000,50.0000,224.0000,-573.0000,-6032.0000,-0.6975,0.3716,0.0713,-0.6086,132.6900,-16.2000,-83.1600,3.6100,-13.9000,4.2700,0.0000,0.0000,-0.0000,1000.0000,1716.0000,1500.0000,1999.0000
203917.4310,2.0000,1998.0000,2000.0000,1786.0000,-53.0000,78.0000,70.0000,-130.0000,-454.0000,-5973.0000,-0.6937,0.3786,0.0580,-0.6100,132.8900,-16.5700,-83.0000,3.9200,-13.8400,4.6400,0.0000,0.0000,-0.0000,1000.0000,1716.0000,1500.0000,1999.0000
203934.1600,2.0000,1998.0000,2000.0000,1786.0000,-197.0000,72.0000,91.0000,-433.0000,-255.0000,-5481.0000,-0.6798,0.3987,0.0574,-0.6129,133.0900,-16.9200,-82.8500,4.1300,-13.7400,5.0400,0.0000,0.0000,-0.0000,1000.0000,1716.0000,1500.0000,1999.0000
203950.6260,2.0000,1999.0000,1720.0000,1382.0000,-319.0000,64.0000,105.0000,-661.0000,-169.0000,-4809.0000,-0.6557,0.4306,0.0687,-0.6164,133.2700,-17.2400,-82.7000,4.2800,-13.6100,5.4100,0.0000,0.0000,-0.0000,1649.0000,1652.0000,1500.0000,2000.0000
203967.3840,2.0000,2000.0000,1503.0000,1203.0000,-405.0000,64.0000,107.0000,-300.0000,197.0000,-3699.0000,-0.6222,0.4717,0.0895,-0.6184,133.2700,-17.2400,-82.7000,4.2800,-13.6100,5.4100,0.0000,0.0000,-0.0000,1649.0000,1652.0000,1500.0000,2000.0000
203984.2460,2.0000,2000.0000,1503.0000,1203.0000,-444.0000,64.0000,100.0000,-108.0000,476.0000,-2567.0000,-0.5822,0.5171,0.1155,-0.6167,133.4300,-17.5900,-82.5300,4.1200,-13.6200,5.7500,0.0000,0.0000,-0.0000,1649.0000,1652.0000,1500.0000,2000.0000
204001.1940,2.0000,2000.0000,1503.0000,1203.0000,-427.0000,59.0000,81.0000,20.0000,389.0000,-1509.0000,-0.5397,0.5606,0.1435,-0.6114,133.5600,-17.9700,-82.3500,3.5700,-13.8400,6.0600,0.0000,0.0000,-0.0000,1649.0000,1652.0000,1500.0000,2000.0000
204018.0360,2.0000,2000.0000,1503.0000,1203.0000,-355.0000,84.0000,51.0000,214.0000,956.0000,-997.0000,-0.5015,0.5988,0.1677,-0.6015,133.6700,-18.3300,-82.1700,2.9900,-14.1000,6.3300,0.0000,0.0000,-0.0000,1649.0000,1652.0000,1500.0000,2000.0000
204035.2750,2.0000,2000.0000,1503.0000,1203.0000,-217.0000,102.0000,10.0000,-504.0000,1336.0000,-1195.0000,-0.4743,0.6292,0.1844,-0.5876,133.7700,-18.6900,-81.9800,2.3800,-14.3200,6.6300,0.0000,0.0000,-0.0000,1649.0000,1652.0000,1500.0000,2000.0000
204052.0150,2.0000,2000.0000,1000.0000,1379.0000,-78.0000,135.0000,-23.0000,384.0000,924.0000,-2345.0000,-0.4646,0.6486,0.1896,-0.5723,133.8500,-19.0200,-81.7800,1.8500,-14.4500,6.9500,0.0000,0.0000,-0.0000,1938.0000,1180.0000,1500.0000,2000.0000
204068.8420,2.0000,2000.0000,1000.0000,1383.0000,32.0000,176.0000,-45.0000,310.0000,695.0000,-4269.0000,-0.4698,0.6615,0.1842,-0.5548,133.8500,-19.0200,-81.7800,1.8500,-14.4500,6.9500,0.0000,0.0000,-0.0000,1938.0000,1180.0000,1500.0000,2000.0000
204085.5260,2.0000,2000.0000,1000.0000,1383.0000,117.0000,177.0000,-67.0000,225.0000,983.0000,-7917.0000,-0.4862,0.6686,0.1714,-0.5359,133.9000,-19.3900,-81.5600,1.5100,-14.5800,7.2700,0.0000,0.0000,-0.0000,1938.0000,1180.0000,1500.0000,2000.0000
204102.4400,2.0000,2000.0000,1000.0000,1383.0000,158.0000,116.0000,-83.0000,-404.0000,787.0000,-11387.0000,-0.5091,0.6684,0.1573,-0.5189,133.9400,-19.7900,-81.3200,1.4600,-14.5100,7.5900,0.0000,0.0000,-0.0000,1938.0000,1180.0000,1500.0000,2000.0000
204119.3520,2.0000,2000.0000,1000.0000,1383.0000,186.0000,17.0000,-95.0000,-404.0000,396.0000,-12635.0000,-0.5339,0.6579,0.1486,-0.5100,133.9800,-20.1700,-81.0600,1.7000,-14.1600,7.8700,0.0000,0.0000,-0.0000,1938.0000,1180.0000,1500.0000,2000.0000
204135.9670,2.0000,2000.0000,1000.0000,1383.0000,231.0000,-75.0000,-105.0000,-232.0000,219.0000,-10418.0000,-0.5596,0.6365,0.1459,-0.5103,134.0300,-20.5100,-80.7900,2.0000,-13.7300,8.2000,0.0000,0.0000,-0.0000,1938.0000,1180.0000,1500.0000,2000.0000
204153.0020,2.0000,1997.0000,1733.0000,1647.0000,282.0000,-153.0000,-112.0000,-318.0000,-80.0000,-6074.0000,-0.5890,0.6029,0.1467,-0.5178,134.0700,-20.8100,-80.5000,2.0200,-13.5000,8.5800,0.0000,0.0000,-0.0000,1309.0000,1545.0000,1500.0000,1998.0000
204169.8380,2.0000,1997.0000,1733.0000,1647.0000,300.0000,-184.0000,-109.0000,-409.0000,-602.0000,-847.0000,-0.6186,0.5610,0.1493,-0.5294,134.0700,-20.8100,-80.5000,2.0200,-13.5000,8.5800,0.0000,0.0000,-0.0000,1309.0000,1545.0000,1500.0000,1998.0000
204186.8530,2.0000,1997.0000,1733.0000,1647.0000,260.0000,-201.0000,-91.0000,82.0000,-979.0000,4647.0000,-0.6447,0.5166,0.1534,-0.5422,134.1000,-21.1500,-80.2000,1.6000,-13.5500,8.8600,0.0000,0.0000,-0.0000,1309.0000,1545.0000,1500.0000,1998.0000
204203.6540,2.0000,1997.0000,1733.0000,1647.0000,186.0000,-203.0000,-54.0000,442.0000,-1596.0000,8505.0000,-0.6620,0.4773,0.1604,-0.5551,134.1000,-21.5200,-79.9000,0.7800,-13.8900,8.9300,0.0000,0.0000,-0.0000,1309.0000,1545.0000,1500.0000,1998.0000
204220.6130,2.0000,1997.0000,1733.0000,1647.0000,101.0000,-174.0000,-3.0000,715.0000,-2105.0000,11250.0000,-0.6697,0.4467,0.1690,-0.5687,134.0900,-21.8600,-79.6400,-0.1900,-14.3900,8.7400,0.0000,0.0000,-0.0000,1309.0000,1545.0000,1500.0000,1998.0000
204237.3330,2.0000,1997.0000,1733.0000,1647.0000,9.0000,-130.0000,36.0000,957.0000,-1861.0000,13633.0000,-0.6680,0.4292,0.1779,-0.5814,134.0600,-22.2000,-79.4000,-1.2400,-14.9300,8.3400,0.0000,0.0000,-0.0000,1309.0000,1545.0000,1500.0000,1998.0000
204254.1140,2.0000,1997.0000,1573.0000,1693.0000,-69.0000,-75.0000,68.0000,754.0000,-1601.0000,13843.0000,-0.6589,0.4253,0.1871,-0.5916,134.0000,-22.5300,-79.1800,-2.3400,-15.4200,7.8300,0.0000,0.0000,-0.0000,1366.0000,1438.0000,1500.0000,1998.0000
204271.0760,2.0000,1997.0000,1572.0000,1694.0000,-134.0000,-32.0000,93.0000,411.0000,-1341.0000,12330.0000,-0.6437,0.4328,0.1960,-0.5999,134.0000,-22.5300,-79.1800,-2.3400,-15.4200,7.8300,0.0000,0.0000,-0.0000,1366.0000,1438.0000,1500.0000,1998.0000
204288.0470,2.0000,1997.0000,1572.0000,1694.0000,-189.0000,-1.0000,111.0000,266.0000,-1136.0000,9847.0000,-0.6233,0.4503,0.2053,-0.6055,133.9400,-22.8800,-78.9700,-3.1300,-15.7400,7.3900,0.0000,0.0000,-0.0000,1366.0000,1438.0000,1500.0000,1998.0000
204305.0810,2.0000,1997.0000,1572.0000,1694.0000,-208.0000,2.0000,122.0000,-128.0000,-903.0000,6712.0000,-0.5991,0.4724,0.2153,-0.6096,133.8600,-23.2600,-78.7600,-3.5500,-15.8800,7.1100,0.0000,0.0000,-0.0000,1366.0000,1438.0000,1500.0000,1998.0000
204322.0450,2.0000,1997.0000,1572.0000,1694.0000,-212.0000,0.0000,127.0000,41.0000,-473.0000,4572.0000,-0.5727,0.4948,0.2253,-0.6135,133.7900,-23.6200,-78.5600,-3.7100,-15.8500,7.0500,0.0000,0.0000,-0.0000,1366.0000,1438.0000,1500.0000,1998.0000
204338.7780,2.0000,1997.0000,1572.0000,1694.0000,-211.0000,-8.0000,126.0000,-62.0000,-128.0000,3594.0000,-0.5456,0.5157,0.2354,-0.6172,133.7200,-23.9500,-78.3600,-3.6900,-15.7200,7.1500,0.0000,0.0000,-0.0000,1366.0000,1438.0000,1500.0000,1998.0000
204355.5660,2.0000,1999.0000,1000.0000,1481.0000,-217.0000,-15.0000,119.0000,-163.0000,198.0000,3096.0000,-0.5177,0.5359,0.2460,-0.6199,133.6500,-24.2600,-78.1600,-3.6500,-15.5600,7.3300,0.0000,0.0000,-0.0000,1935.0000,1179.0000,1500.0000,2000.0000
204372.4790,2.0000,2000.0000,1000.0000,1387.0000,-223.0000,-17.0000,104.0000,-32.0000,642.0000,3154.0000,-0.4894,0.5551,0.2580,-0.6211,133.6500,-24.2600,-78.1600,-3.6500,-15.5600,7.3300,0.0000,0.0000,-0.0000,1935.0000,1179.0000,1500.0000,2000.0000
204389.1250,2.0000,2000.0000,1000.0000,1387.0000,-222.0000,-20.0000,76.0000,-1.0000,1183.0000,3076.0000,-0.4620,0.5727,0.2723,-0.6200,133.6000,-24.5900,-77.9600,-3.5500,-15.4700,7.5600,0.0000,0.0000,-0.0000,1935.0000,1179.0000,1500.0000,2000.0000
204405.9690,2.0000,2000.0000,1000.0000,1387.0000,-157.0000,-33.0000,42.0000,-171.0000,1023.0000,3001.0000,-0.4393,0.5856,0.2866,-0.6181,133.5400,-24.9400,-77.7400,-3.4400,-15.4100,7.8400,0.0000,0.0000,-0.0000,1935.0000,1179.0000,1500.0000,2000.0000
204422.9300,2.0000,2000.0000,1000.0000,1387.0000,-49.0000,-47.0000,4.0000,-427.0000,785.0000,3085.0000,-0.4265,0.5899,0.2964,-0.6183,133.5000,-25.2600,-77.5300,-3.3600,-15.3100,8.1200,0.0000,0.0000,-0.0000,1935.0000,1179.0000,1500.0000,2000.0000
204439.8510,2.0000,2000.0000,1000.0000,1387.0000,75.0000,-64.0000,-40.0000,-851.0000,712.0000,2850.0000,-0.4275,0.5828,0.2997,-0.6227,133.4500,-25.5700,-77.3200,-3.3000,-15.1900,8.3600,0.0000,0.0000,-0.0000,1935.0000,1179.0000,1500.0000,2000.0000
204456.7590,2.0000,1998.0000,1000.0000,1497.0000,166.0000,-79.0000,-77.0000,-460.0000,660.0000,3310.0000,-0.4408,0.5656,0.2975,-0.6303,133.4100,-25.8600,-77.1000,-3.2400,-15.0500,8.5700,0.0000,0.0000,-0.0000,1870.0000,1133.0000,1500.0000,1999.0000
204473.4270,2.0000,1998.0000,1000.0000,1498.0000,229.0000,-89.0000,-103.0000,-445.0000,396.0000,4190.0000,-0.4621,0.5407,0.2914,-0.6397,133.4100,-25.8600,-77.1000,-3.2400,-15.0500,8.5700,0.0000,0.0000,-0.0000,1870.0000,1133.0000,1500.0000,1999.0000
204490.2130,2.0000,1998.0000,1000.0000,1498.0000,265.0000,-96.0000,-119.0000,-364.0000,231.0000,4848.0000,-0.4885,0.5100,0.2824,-0.6493,133.3600,-26.1800,-76.8800,-3.3100,-15.0400,8.7500,0.0000,0.0000,-0.0000,1870.0000,1133.0000,1500.0000,1999.0000
204507.1500,2.0000,1998.0000,1000.0000,1498.0000,269.0000,-112.0000,-123.0000,-343.0000,-132.0000,5407.0000,-0.5159,0.4750,0.2730,-0.6586,133.3200,-26.5000,-76.6500,-3.4800,-15.0900,8.8700,0.0000,0.0000,-0.0000,1870.0000,1133.0000,1500.0000,1999.0000
204524.0570,2.0000,1998.0000,1000.0000,1498.0000,269.0000,-134.0000,-119.0000,-118.0000,-567.0000,6432.0000,-0.5415,0.4373,0.2642,-0.6676,133.2700,-26.8200,-76.4100,-3.6600,-15.1500,8.9200,0.0000,0.0000,-0.0000,1870.0000,1133.0000,1500.0000,1999.0000
204540.7050,2.0000,1998.0000,1000.0000,1498.0000,273.0000,-153.0000,-107.0000,-108.0000,-1239.0000,8094.0000,-0.5642,0.3976,0.2559,-0.6768,133.2200,-27.1300,-76.1700,-3.8800,-15.2300,8.8300,0.0000,0.0000,-0.0000,1870.0000,1133.0000,1500.0000,1999.0000
204557.4370,2.0000,1998.0000,1000.0000,1498.0000,282.0000,-160.0000,-84.0000,83.0000,-1743.0000,10028.0000,-0.5841,0.3552,0.2465,-0.6869,133.1700,-27.4300,-75.9400,-4.1500,-15.3100,8.5300,0.0000,0.0000,-0.0000,1870.0000,1133.0000,1500.0000,1999.0000
204574.1960,2.0000,1998.0000,2000.0000,1876.0000,283.0000,-173.0000,-53.0000,383.0000,-2045.0000,12019.0000,-0.5991,0.3113,0.2355,-0.6990,133.1700,-27.4300,-75.9400,-4.1500,-15.3100,8.5300,0.0000,0.0000,-0.0000,1000.0000,1626.0000,1500.0000,1999.0000
204591.0350,2.0000,1998.0000,2000.0000,1876.0000,261.0000,-167.0000,-23.0000,550.0000,-1798.0000,13500.0000,-0.6093,0.2681,0.2236,-0.7120,133.1000,-27.7500,-75.7100,-4.6600,-15.4400,7.9900,0.0000,0.0000,-0.0000,1000.0000,1626.0000,1500.0000,1999.0000
204607.8710,2.0000,1998.0000,2000.0000,1876.0000,183.0000,-166.0000,13.0000,752.0000,-1571.0000,14096.0000,-0.6133,0.2305,0.2148,-0.7243,133.0100,-28.0900,-75.4800,-5.2700,-15.5400,7.2400,0.0000,0.0000,-0.0000,1000.0000,1626.0000,1500.0000,1999.0000
204624.8380,2.0000,1998.0000,2000.0000,1876.0000,83.0000,-160.0000,50.0000,811.0000,-1711.0000,14915.0000,-0.6094,0.2021,0.2142,-0.7361,132.9100,-28.4200,-75.2800,-5.8300,-15.5800,6.3600,0.0000,0.0000,-0.0000,1000.0000,1626.0000,1500.0000,1999.0000
204641.4400,2.0000,1998.0000,2000.0000,1876.0000,-15.0000,-134.0000,81.0000,835.0000,-1318.0000,15929.0000,-0.5993,0.1856,0.2216,-0.7465,132.8100,-28.7300,-75.0900,-6.3300,-15.5500,5.3400,0.0000,0.0000,-0.0000,1000.0000,1626.0000,1500.0000,1999.0000
204658.4540,2.0000,1998.0000,1000.0000,1438.0000,-127.0000,-85.0000,105.0000,715.0000,-1002.0000,16778.0000,-0.5840,0.1829,0.2365,-0.7547,132.7000,-29.0300,-74.9300,-6.8800,-15.4200,4.2700,0.0000,0.0000,-0.0000,1840.0000,1223.0000,1500.0000,1999.0000
204675.2780,2.0000,1998.0000,1000.0000,1438.0000,-254.0000,-11.0000,120.0000,724.0000,-745.0000,16273.0000,-0.5644,0.1980,0.2593,-0.7583,132.7000,-29.0300,-74.9300,-6.8800,-15.4200,4.2700,0.0000,0.0000,-0.0000,1840.0000,1223.0000,1500.0000,1999.0000
204692.0190,2.0000,1998.0000,1000.0000,1438.0000,-353.0000,65.0000,125.0000,306.0000,-343.0000,13742.0000,-0.5425,0.2313,0.2875,-0.7547,132.5600,-29.3600,-74.7900,-7.6500,-15.2800,3.2100,0.0000,0.0000,-0.0000,1840.0000,1223.0000,1500.0000,1999.0000
204708.6960,2.0000,1998.0000,1000.0000,1438.0000,-369.0000,110.0000,124.0000,169.0000,35.0000,9371.0000,-0.5196,0.2755,0.3161,-0.7444,132.4000,-29.6800,-74.6600,-8.4400,-15.1200,2.4100,0.0000,0.0000,-0.0000,1840.0000,1223.0000,1500.0000,1999.0000
204725.7370,2.0000,1998.0000,1000.0000,1438.0000,-299.0000,125.0000,118.0000,214.0000,56.0000,4619.0000,-0.4975,0.3208,0.3387,-0.7313,132.2300,-29.9900,-74.5300,-8.9300,-15.0100,2.0600,0.0000,0.0000,-0.0000,1840.0000,1223.0000,1500.0000,1999.0000
204742.3250,2.0000,1998.0000,1000.0000,1438.0000,-189.0000,112.0000,104.0000,-174.0000,184.0000,-176.0000,-0.4802,0.3565,0.3502,-0.7209,132.0800,-30.2900,-74.3700,-8.9400,-15.0100,2.1300,0.0000,0.0000,-0.0000,1840.0000,1223.0000,1500.0000,1999.0000
204759.0810,2.0000,2000.0000,1000.0000,1380.0000,-68.0000,78.0000,70.0000,-63.0000,613.0000,-2903.0000,-0.4693,0.3805,0.3518,-0.7150,131.9400,-30.5800,-74.2100,-8.5300,-15.0500,2.4600,0.0000,0.0000,-0.0000,1937.0000,1184.0000,1500.0000,2000.0000
204775.7780,2.0000,2000.0000,1000.0000,1380.0000,49.0000,16.0000,16.0000,-145.0000,1308.0000,-4654.0000,-0.4671,0.3882,0.3466,-0.7149,131.9400,-30.5800,-74.2100,-8.5300,-15.0500,2.4600,0.0000,0.0000,-0.0000,1937.0000,1184.0000,1500.0000,2000.0000
204792.4840,2.0000,2000.0000,1000.0000,1380.0000,140.0000,-28.0000,-23.0000,-785.0000,1221.0000,-3797.0000,-0.4727,0.3807,0.3375,-0.7195,131.7600,-30.9200,-74.0400,-8.2900,-15.2400,2.9200,0.0000,0.0000,-0.0000,1937.0000,1184.0000,1500.0000,2000.0000
204809.1270,2.0000,2000.0000,1000.0000,1380.0000,213.0000,-51.0000,-53.0000,-626.0000,730.0000,-1823.0000,-0.4843,0.3619,0.3239,-0.7277,131.5900,-31.2700,-73.8600,-8.1600,-15.3700,3.3800,0.0000,0.0000,-0.0000,1937.0000,1184.0000,1500.0000,2000.0000
204825.9450,2.0000,2000.0000,1000.0000,1380.0000,264.0000,-72.0000,-81.0000,-281.0000,459.0000,508.0000,-0.5007,0.3355,0.3059,-0.7370,131.4200,-31.6000,-73.6900,-8.2000,-15.4600,3.7200,0.0000,0.0000,-0.0000,1937.0000,1184.0000,1500.0000,2000.0000
204842.4890,2.0000,2000.0000,1000.0000,1380.0000,296.0000,-85.0000,-99.0000,-370.0000,218.0000,2034.0000,-0.5202,0.3025,0.2858,-0.7458,131.2700,-31.9000,-73.5200,-8.4300,-15.5200,3.9300,0.0000,0.0000,-0.0000,1937.0000,1184.0000,1500.0000,2000.0000
204859.7230,2.0000,1998.0000,2000.0000,1846.0000,337.0000,-94.0000,-108.0000,-573.0000,31.0000,2829.0000,-0.5417,0.2623,0.2619,-0.7544,131.2700,-31.9000,-73.5200,-8.4300,-15.5200,3.9300,0.0000,0.0000,-0.0000,1000.0000,1656.0000,1500.0000,1999.0000
204876.5430,2.0000,1998.0000,2000.0000,1846.0000,358.0000,-102.0000,-108.0000,-420.0000,-260.0000,4280.0000,-0.5626,0.2193,0.2349,-0.7617,131.1200,-32.1900,-73.3500,-8.7000,-15.5400,4.0300,0.0000,0.0000,-0.0000,1000.0000,1656.0000,1500.0000,1999.0000
204893.2350,2.0000,1998.0000,2000.0000,1846.0000,338.0000,-99.0000,-94.0000,-274.0000,-692.0000,6121.0000,-0.5808,0.1749,0.2069,-0.7676,130.9000,-32.5500,-73.1700,-9.3700,-15.6500,4.0200,0.0000,0.0000,-0.0000,1000.0000,1656.0000,1500.0000,1999.0000
204909.8720,2.0000,1998.0000,2000.0000,1846.0000,248.0000,-109.0000,-67.0000,215.0000,-1064.0000,7766.0000,-0.5938,0.1360,0.1846,-0.7713,130.6500,-32.9100,-73.0000,-10.0800,-15.7500,3.7900,0.0000,0.0000,-0.0000,1000.0000,1656.0000,1500.0000,1999.0000
204926.7350,2.0000,1998.0000,2000.0000,1846.0000,130.0000,-122.0000,-26.0000,386.0000,-1599.0000,8671.0000,-0.5996,0.1047,0.1742,-0.7740,130.4200,-33.2500,-72.8300,-10.6800,-15.8400,3.4000,0.0000,0.0000,-0.0000,1000.0000,1656.0000,1500.0000,1999.0000
204943.7360,2.0000,1998.0000,2000.0000,1846.0000,0.0000,-119.0000,16.0000,168.0000,-1728.0000,9682.0000,-0.5980,0.0849,0.1775,-0.7769,130.1900,-33.5600,-72.6700,-11.1300,-15.8900,2.8800,0.0000,0.0000,-0.0000,1000.0000,1656.0000,1500.0000,1999.0000
204960.5580,2.0000,1998.0000,2000.0000,1788.0000,-128.0000,-80.0000,49.0000,238.0000,-1138.0000,10855.0000,-0.5910,0.0798,0.1934,-0.7791,130.1900,-33.5600,-72.6700,-11.1300,-15.8900,2.8800,0.0000,0.0000,-0.0000,1000.0000,1714.0000,1500.0000,1999.0000
204977.2340,2.0000,1998.0000,2000.0000,1788.0000,-254.0000,-18.0000,73.0000,240.0000,-884.0000,11753.0000,-0.5800,0.0925,0.2190,-0.7792,129.9600,-33.8500,-72.5300,-11.5400,-15.8300,2.2600,0.0000,0.0000,-0.0000,1000.0000,1714.0000,1500.0000,1999.0000
204994.1160,2.0000,1998.0000,2000.0000,1788.0000,-359.0000,45.0000,85.0000,42.0000,-698.0000,11503.0000,-0.5664,0.1235,0.2521,-0.7748,129.6700,-34.2100,-72.4100,-12.2800,-15.7300,1.5200,0.0000,0.0000,-0.0000,1000.0000,1714.0000,1500.0000,1999.0000
205010.8130,2.0000,1998.0000,2000.0000,1788.0000,-442.0000,108.0000,92.0000,-218.0000,-267.0000,9108.0000,-0.5510,0.1679,0.2890,-0.7647,129.3600,-34.5600,-72.3000,-13.0600,-15.5800,0.8300,0.0000,0.0000,-0.0000,1000.0000,1714.0000,1500.0000,1999.0000
205027.4280,2.0000,1998.0000,2000.0000,1788.0000,-505.0000,163.0000,94.0000,-68.0000,164.0000,5600.0000,-0.5333,0.2246,0.3280,-0.7467,129.0500,-34.8800,-72.2100,-13.7500,-15.4600,0.4600,0.0000,0.0000,-0.0000,1000.0000,1714.0000,1500.0000,1999.0000
205044.0190,2.0000,1998.0000,2000.0000,1788.0000,-533.0000,200.0000,90.0000,-178.0000,515.0000,1361.0000,-0.5134,0.2880,0.3661,-0.7207,128.7500,-35.1800,-72.1000,-14.2100,-15.4600,0.4400,0.0000,0.0000,-0.0000,1000.0000,1714.0000,1500.0000,1999.0000
205061.1240,2.0000,1999.0000,1000.0000,1381.0000,-536.0000,217.0000,83.0000,-570.0000,684.0000,-2825.0000,-0.4904,0.3551,0.4028,-0.6864,128.7500,-35.1800,-72.1000,-14.2100,-15.4600,0.4400,0.0000,0.0000,-0.0000,1934.0000,1187.0000,1500.0000,2000.0000
205078.0240,2.0000,2000.0000,1000.0000,1380.0000,-525.0000,216.0000,69.0000,-201.0000,1118.0000,-5066.0000,-0.4660,0.4189,0.4352,-0.6466,128.4500,-35.4700,-72.0000,-14.2700,-15.5300,0.7000,0.0000,0.0000,-0.0000,1934.0000,1187.0000,1500.0000,2000.0000
205094.9060,2.0000,2000.0000,1000.0000,1380.0000,-498.0000,186.0000,39.0000,271.0000,1594.0000,-5815.0000,-0.4402,0.4752,0.4655,-0.6031,128.0900,-35.8400,-71.9000,-14.1900,-15.7600,0.9800,0.0000,0.0000,-0.0000,1934.0000,1187.0000,1500.0000,2000.0000
205111.5350,2.0000,2000.0000,1000.0000,1380.0000,-428.0000,164.0000,-2.0000,199.0000,1695.0000,-6668.0000,-0.4170,0.5198,0.4928,-0.5595,127.7300,-36.2000,-71.8100,-13.9900,-16.0000,1.1700,0.0000,0.0000,-0.0000,1934.0000,1187.0000,1500.0000,2000.0000
205128.1820,2.0000,2000.0000,1000.0000,1380.0000,-308.0000,137.0000,-36.0000,304.0000,1322.0000,-7873.0000,-0.4007,0.5516,0.5146,-0.5199,127.4100,-36.5400,-71.7300,-13.6700,-16.1800,1.2700,0.0000,0.0000,-0.0000,1934.0000,1187.0000,1500.0000,2000.0000
205144.8930,2.0000,2000.0000,1000.0000,1380.0000,-167.0000,102.0000,-69.0000,775.0000,1169.0000,-9021.0000,-0.3939,0.5701,0.5299,-0.4890,127.1100,-36.8600,-71.6600,-13.2400,-16.3500,1.2700,0.0000,0.0000,-0.0000,1934.0000,1187.0000,1500.0000,2000.0000
205162.0060,2.0000,1998.0000,1000.0000,1538.0000,-22.0000,42.0000,-107.0000,315.0000,1135.0000,-9393.0000,-0.3976,0.5732,0.5403,-0.4706,127.1100,-36.8600,-71.6600,-13.2400,-16.3500,1.2700,0.0000,0.0000,-0.0000,1854.0000,1108.0000,1500.0000,1999.0000
205179.0170,2.0000,1998.0000,1000.0000,1539.0000,106.0000,-34.0000,-141.0000,-782.0000,957.0000,-8418.0000,-0.4101,0.5602,0.5478,-0.4667,126.8400,-37.1700,-71.5800,-12.7500,-16.4700,1.2600,0.0000,0.0000,-0.0000,1854.0000,1108.0000,1500.0000,1999.0000
205196.1330,2.0000,1998.0000,1000.0000,1539.0000,170.0000,-91.0000,-167.0000,-737.0000,625.0000,-6320.0000,-0.4271,0.5336,0.5550,-0.4741,126.5100,-37.5400,-71.5000,-12.5700,-16.5100,1.2700,0.0000,0.0000,-0.0000,1854.0000,1108.0000,1500.0000,1999.0000
205213.0030,2.0000,1998.0000,1000.0000,1539.0000,195.0000,-145.0000,-177.0000,-594.0000,126.0000,-3281.0000,-0.4433,0.4987,0.5630,-0.4876,126.1800,-37.9100,-71.4100,-12.6200,-16.5100,1.4100,0.0000,0.0000,-0.0000,1854.0000,1108.0000,1500.0000,1999.0000
205229.8040,2.0000,1998.0000,1000.0000,1539.0000,201.0000,-184.0000,-173.0000,-472.0000,-555.0000,546.0000,-0.4562,0.4590,0.5719,-0.5041,125.8600,-38.2500,-71.3200,-12.9800,-16.4900,1.6200,0.0000,0.0000,-0.0000,1854.0000,1108.0000,1500.0000,1999.0000
205246.3640,2.0000,1998.0000,1000.0000,1539.0000,215.0000,-213.0000,-156.0000,-125.0000,-1374.0000,4869.0000,-0.4652,0.4169,0.5801,-0.5228,125.5600,-38.5700,-71.2400,-13.7200,-16.4000,1.8700,0.0000,0.0000,-0.0000,1854.0000,1108.0000,1500.0000,1999.0000
205263.6050,2.0000,1992.0000,2000.0000,1830.0000,238.0000,-239.0000,-126.0000,274.0000,-2081.0000,8053.0000,-0.4700,0.3704,0.5864,-0.5460,125.5600,-38.5700,-71.2400,-13.7200,-16.4000,1.8700,0.0000,0.0000,-0.0000,1000.0000,1672.0000,1500.0000,1993.0000
205280.4100,2.0000,1992.0000,2000.0000,1830.0000,253.0000,-260.0000,-89.0000,919.0000,-2512.0000,11494.0000,-0.4696,0.3237,0.5890,-0.5726,125.2600,-38.8600,-71.1600,-14.7400,-16.2000,2.0400,0.0000,0.0000,-0.0000,1000.0000,1672.0000,1500.0000,1993.0000
205297.3410,2.0000,1992.0000,2000.0000,1830.0000,235.0000,-258.0000,-48.0000,1498.0000,-2352.0000,14776.0000,-0.4641,0.2781,0.5883,-0.6009,124.8700,-39.2300,-71.0800,-15.8700,-16.0300,2.0700,0.0000,0.0000,-0.0000,1000.0000,1672.0000,1500.0000,1993.0000
205314.2400,2.0000,1992.0000,2000.0000,1830.0000,177.0000,-243.0000,-9.0000,1855.0000,-2297.0000,16941.0000,-0.4530,0.2391,0.5876,-0.6264,124.4700,-39.5800,-71.0000,-17.1000,-15.6700,2.0100,0.0000,0.0000,-0.0000,1000.0000,1672.0000,1500.0000,1993.0000
205331.0580,2.0000,1992.0000,2000.0000,1830.0000,122.0000,-207.0000,21.0000,2067.0000,-2189.0000,18237.0000,-0.4381,0.2095,0.5882,-0.6467,124.0700,-39.9000,-70.9200,-18.3100,-15.1300,1.8100,0.0000,0.0000,-0.0000,1000.0000,1672.0000,1500.0000,1993.0000
205347.7010,2.0000,1997.0000,1522.0000,1406.0000,66.0000,-149.0000,43.0000,1952.0000,-1926.0000,18839.0000,-0.4231,0.1899,0.5893,-0.6616,123.6800,-40.1800,-70.8400,-19.3500,-14.4900,1.5400,0.0000,0.0000,-0.0000,1540.0000,1560.0000,1500.0000,1999.0000
205364.6170,2.0000,1998.0000,1520.0000,1404.0000,-12.0000,-67.0000,63.0000,1670.0000,-1801.0000,18337.0000,-0.4097,0.1826,0.5916,-0.6699,123.6800,-40.1800,-70.8400,-19.3500,-14.4900,1.5400,0.0000,0.0000,-0.0000,1540.0000,1560.0000,1500.0000,1999.0000
205381.4770,2.0000,1998.0000,1520.0000,1404.0000,-55.0000,2.0000,80.0000,1329.0000,-1767.0000,16091.0000,-0.3993,0.1883,0.5950,-0.6716,123.3000,-40.4300,-70.7700,-20.1800,-13.8200,1.2500,0.0000,0.0000,-0.0000,1540.0000,1560.0000,1500.0000,1999.0000
205398.7710,2.0000,1998.0000,1520.0000,1404.0000,-49.0000,43.0000,99.0000,1161.0000,-1765.0000,12248.0000,-0.3913,0.2028,0.5965,-0.6708,122.8400,-40.7700,-70.6900,-20.5900,-13.4100,1.0200,0.0000,0.0000,-0.0000,1540.0000,1560.0000,1500.0000,1999.0000
205415.4580,2.0000,1998.0000,1520.0000,1404.0000,-21.0000,58.0000,113.0000,726.0000,-1581.0000,8504.0000,-0.3846,0.2193,0.5938,-0.6719,122.4000,-41.0700,-70.6200,-20.6400,-13.2800,0.8800,0.0000,0.0000,-0.0000,1540.0000,1560.0000,1500.0000,1999.0000
205432.5450,2.0000,1998.0000,1520.0000,1404.0000,3.0000,75.0000,126.0000,595.0000,-1079.0000,5381.0000,-0.3787,0.2374,0.5866,-0.6754,122.0000,-41.3600,-70.5400,-20.3600,-13.3900,0.8500,0.0000,0.0000,-0.0000,1540.0000,1560.0000,1500.0000,1999.0000
205449.5230,2.0000,1998.0000,1520.0000,1404.0000,14.0000,87.0000,136.0000,646.0000,-592.0000,2914.0000,-0.3731,0.2568,0.5762,-0.6803,121.6300,-41.6300,-70.4700,-19.8700,-13.6600,0.9300,0.0000,0.0000,-0.0000,1540.0000,1560.0000,1500.0000,1999.0000
205466.5940,2.0000,1998.0000,1000.0000,1472.0000,25.0000,93.0000,139.0000,418.0000,-466.0000,904.0000,-0.3677,0.2766,0.5638,-0.6859,121.6300,-41.6300,-70.4700,-19.8700,-13.6600,0.9300,0.0000,0.0000,-0.0000,1877.0000,1152.0000,1500.0000,1999.0000
205483.7270,2.0000,1998.0000,1000.0000,1472.0000,27.0000,96.0000,138.0000,224.0000,-75.0000,-1041.0000,-0.3630,0.2971,0.5496,-0.6913,121.2900,-41.8900,-70.4000,-19.2300,-14.0300,1.0600,0.0000,0.0000,-0.0000,1877.0000,1152.0000,1500.0000,1999.0000
205500.6370,2.0000,1998.0000,1000.0000,1472.0000,40.0000,82.0000,127.0000,261.0000,419.0000,-3420.0000,-0.3584,0.3157,0.5353,-0.6967,120.9000,-42.2400,-70.3200,-18.6200,-14.3500,1.2500,0.0000,0.0000,-0.0000,1877.0000,1152.0000,1500.0000,1999.0000
205517.3880,2.0000,1998.0000,1000.0000,1472.0000,77.0000,40.0000,99.0000,-109.0000,936.0000,-6002.0000,-0.3545,0.3280,0.5206,-0.7041,120.5500,-42.5700,-70.2500,-17.8700,-14.7100,1.5300,0.0000,0.0000,-0.0000,1877.0000,1152.0000,1500.0000,1999.0000
205533.9190,2.0000,1998.0000,1000.0000,1472.0000,127.0000,-26.0000,56.0000,-190.0000,1179.0000,-6777.0000,-0.3520,0.3290,0.5061,-0.7153,120.2300,-42.8900,-70.1700,-16.9700,-15.1000,1.8600,0.0000,0.0000,-0.0000,1877.0000,1152.0000,1500.0000,1999.0000
205550.6130,2.0000,1998.0000,1000.0000,1488.0000,170.0000,-66.0000,20.0000,-240.0000,1073.0000,-5190.0000,-0.3518,0.3190,0.4910,-0.7303,119.9500,-43.2000,-70.1000,-16.1500,-15.4000,2.2400,0.0000,0.0000,-0.0000,1872.0000,1125.0000,1500.0000,1999.0000
205567.6840,2.0000,1998.0000,1000.0000,1504.0000,202.0000,-104.0000,-16.0000,-204.0000,882.0000,-2869.0000,-0.3541,0.2998,0.4748,-0.7479,119.9500,-43.2000,-70.1000,-16.1500,-15.4000,2.2400,0.0000,0.0000,-0.0000,1872.0000,1125.0000,1500.0000,1999.0000
205584.3510,2.0000,1998.0000,1000.0000,1504.0000,215.0000,-134.0000,-47.0000,-147.0000,624.0000,205.0000,-0.3583,0.2733,0.4593,-0.7655,119.6000,-43.5700,-70.0200,-15.9200,-15.3600,2.5400,0.0000,0.0000,-0.0000,1872.0000,1125.0000,1500.0000,1999.0000
205601.4290,2.0000,1998.0000,1000.0000,1504.0000,211.0000,-149.0000,-68.0000,-30.0000,529.0000,2926.0000,-0.3639,0.2415,0.4445,-0.7820,119.2700,-43.9100,-69.9500,-15.9400,-15.1500,2.8200,0.0000,0.0000,-0.0000,1872.0000,1125.0000,1500.0000,1999.0000
205618.3840,2.0000,1998.0000,1000.0000,1504.0000,206.0000,-160.0000,-81.0000,238.0000,265.0000,5228.0000,-0.3700,0.2072,0.4310,-0.7965,118.9600,-44.2300,-69.8700,-16.1600,-14.8100,2.9500,0.0000,0.0000,-0.0000,1872.0000,1125.0000,1500.0000,1999.0000
205635.3040,2.0000,1998.0000,1000.0000,1504.0000,206.0000,-161.0000,-87.0000,279.0000,-156.0000,6935.0000,-0.3761,0.1716,0.4177,-0.8091,118.6500,-44.5200,-69.7900,-16.4900,-14.3800,2.9300,0.0000,0.0000,-0.0000,1872.0000,1125.0000,1500.0000,1999.0000
205651.9730,2.0000,1998.0000,1824.0000,2000.0000,206.0000,-160.0000,-88.0000,295.0000,-383.0000,8180.0000,-0.3822,0.1361,0.4041,-0.8199,118.3700,-44.7800,-69.7100,-16.8000,-13.9000,2.7500,0.0000,0.0000,-0.0000,1001.0000,1324.0000,1500.0000,1999.0000
205668.7780,2.0000,1998.0000,1824.0000,2000.0000,198.0000,-148.0000,-82.0000,393.0000,-599.0000,9357.0000,-0.3877,0.1014,0.3896,-0.8293,118.3700,-44.7800,-69.7100,-16.8000,-13.9000,2.7500,0.0000,0.0000,-0.0000,1001.0000,1324.0000,1500.0000,1999.0000
205685.2170,2.0000,1998.0000,1824.0000,2000.0000,144.0000,-151.0000,-66.0000,580.0000,-764.0000,10125.0000,-0.3910,0.0701,0.3781,-0.8362,118.0900,-45.0200,-69.6400,-17.0900,-13.3900,2.4300,0.0000,0.0000,-0.0000,1001.0000,1324.0000,1500.0000,1999.0000
205701.9760,2.0000,1998.0000,1824.0000,2000.0000,59.0000,-146.0000,-39.0000,774.0000,-815.0000,10788.0000,-0.3908,0.0432,0.3744,-0.8398,117.7100,-45.3100,-69.5700,-17.5900,-12.8800,1.9900,0.0000,0.0000,-0.0000,1001.0000,1324.0000,1500.0000,1999.0000
205718.7920,2.0000,1998.0000,1824.0000,2000.0000,-40.0000,-132.0000,-8.0000,934.0000,-1137.0000,11706.0000,-0.3867,0.0243,0.3816,-0.8392,117.3400,-45.5700,-69.5100,-17.9900,-12.3700,1.4500,0.0000,0.0000,-0.0000,1001.0000,1324.0000,1500.0000,1999.0000
205735.5550,2.0000,1998.0000,1824.0000,2000.0000,-140.0000,-105.0000,20.0000,904.0000,-1239.0000,12671.0000,-0.3795,0.0154,0.3997,-0.8343,116.9900,-45.8100,-69.4700,-18.3300,-11.8100,0.8100,0.0000,0.0000,-0.0000,1001.0000,1324.0000,1500.0000,1999.0000
205752.3610,2.0000,1998.0000,1000.0000,1654.0000,-232.0000,-55.0000,45.0000,946.0000,-1276.0000,12828.0000,-0.3708,0.0181,0.4272,-0.8244,116.9900,-45.8100,-69.4700,-18.3300,-11.8100,0.8100,0.0000,0.0000,-0.0000,1783.0000,1064.0000,1500.0000,1999.0000
205769.0180,2.0000,1998.0000,1000.0000,1654.0000,-295.0000,-15.0000,66.0000,603.0000,-1157.0000,11419.0000,-0.3614,0.0320,0.4607,-0.8100,116.6300,-46.0300,-69.4400,-18.6800,-11.1500,0.1300,0.0000,0.0000,-0.0000,1783.0000,1064.0000,1500.0000,1999.0000
205785.9330,2.0000,1998.0000,1000.0000,1654.0000,-291.0000,5.0000,79.0000,663.0000,-1030.0000,8874.0000,-0.3512,0.0528,0.4956,-0.7926,116.2100,-46.2700,-69.4200,-19.1800,-10.4100,-0.4200,0.0000,0.0000,-0.0000,1783.0000,1064.0000,1500.0000,1999.0000
205802.7130,2.0000,1998.0000,1000.0000,1654.0000,-233.0000,-8.0000,84.0000,279.0000,-914.0000,5902.0000,-0.3399,0.0727,0.5250,-0.7769,115.7900,-46.4800,-69.4100,-19.5900,-9.8600,-0.7400,0.0000,0.0000,-0.0000,1783.0000,1064.0000,1500.0000,1999.0000
205819.4870,2.0000,1998.0000,1000.0000,1654.0000,-159.0000,-43.0000,82.0000,-187.0000,-642.0000,3729.0000,-0.3268,0.0863,0.5471,-0.7657,115.3800,-46.6800,-69.4000,-19.8200,-9.5500,-0.8400,0.0000,0.0000,-0.0000,1783.0000,1064.0000,1500.0000,1999.0000
205836.1740,2.0000,1998.0000,1000.0000,1654.0000,-81.0000,-90.0000,69.0000,-285.0000,-121.0000,2534.0000,-0.3119,0.0909,0.5625,-0.7603,114.9900,-46.8600,-69.3900,-19.8900,-9.3900,-0.7800,0.0000,0.0000,-0.0000,1783.0000,1064.0000,1500.0000,1999.0000
205853.2380,2.0000,1998.0000,1000.0000,1485.0000,-17.0000,-141.0000,50.0000,-270.0000,15.0000,2979.0000,-0.2954,0.0857,0.5720,-0.7604,114.9900,-46.8600,-69.3900,-19.8900,-9.3900,-0.7800,0.0000,0.0000,-0.0000,1880.0000,1137.0000,1500.0000,1999.0000
205869.8590,2.0000,1998.0000,1000.0000,1484.0000,17.0000,-178.0000,31.0000,148.0000,157.0000,5348.0000,-0.2781,0.0716,0.5780,-0.7638,114.6000,-47.0300,-69.3700,-19.9500,-9.2700,-0.6500,0.0000,0.0000,-0.0000,1880.0000,1137.0000,1500.0000,1999.0000
205886.9440,2.0000,1998.0000,1000.0000,1484.0000,41.0000,-196.0000,11.0000,583.0000,253.0000,8057.0000,-0.2604,0.0512,0.5819,-0.7687,114.1500,-47.2300,-69.3600,-20.2500,-8.9800,-0.5600,0.0000,0.0000,-0.0000,1880.0000,1137.0000,1500.0000,1999.0000
205903.5410,2.0000,1998.0000,1000.0000,1484.0000,73.0000,-196.0000,-6.0000,914.0000,-167.0000,10685.0000,-0.2444,0.0275,0.5828,-0.7745,113.7100,-47.4100,-69.3400,-20.6200,-8.4700,-0.5600,0.0000,0.0000,-0.0000,1880.0000,1137.0000,1500.0000,1999.0000
205920.1150,2.0000,1998.0000,1000.0000,1484.0000,101.0000,-172.0000,-16.0000,1055.0000,-302.0000,12071.0000,-0.2310,0.0032,0.5794,-0.7816,113.2800,-47.5800,-69.3300,-21.0100,-7.7500,-0.7200,0.0000,0.0000,-0.0000,1880.0000,1137.0000,1500.0000,1999.0000
205936.9060,2.0000,1998.0000,1000.0000,1484.0000,117.0000,-147.0000,-22.0000,1286.0000,-519.0000,12893.0000,-0.2206,-0.0197,0.5721,-0.7897,112.8700,-47.7200,-69.3200,-21.3300,-6.9300,-0.9800,0.0000,0.0000,-0.0000,1880.0000,1137.0000,1500.0000,1999.0000
205953.5370,2.0000,1998.0000,1000.0000,1484.0000,132.0000,-124.0000,-27.0000,1236.0000,-604.0000,12310.0000,-0.2129,-0.0405,0.5618,-0.7984,112.8700,-47.7200,-69.3200,-21.3300,-6.9300,-0.9800,0.0000,0.0000,-0.0000,1880.0000,1137.0000,1500.0000,1999.0000
205970.6070,2.0000,1998.0000,1338.0000,1292.0000,145.0000,-103.0000,-30.0000,1038.0000,-470.0000,11015.0000,-0.2068,-0.0601,0.5485,-0.8079,112.4400,-47.8400,-69.3200,-21.6100,-6.0900,-1.3100,0.0000,0.0000,-0.0000,1687.0000,1525.0000,1500.0000,1999.0000
205987.4020,2.0000,1998.0000,1338.0000,1292.0000,156.0000,-88.0000,-29.0000,947.0000,-739.0000,10667.0000,-0.2021,-0.0779,0.5332,-0.8178,111.9600,-47.9600,-69.3400,-21.9000,-5.3300,-1.6200,0.0000,0.0000,-0.0000,1687.0000,1525.0000,1500.0000,1999.0000
206004.0800,2.0000,1998.0000,1338.0000,1292.0000,173.0000,-48.0000,-24.0000,921.0000,-855.0000,10812.0000,-0.1989,-0.0924,0.5153,-0.8285,111.4900,-48.0700,-69.3600,-22.0700,-4.6700,-1.9500,0.0000,0.0000,-0.0000,1687.0000,1525.0000,1500.0000,1999.0000
206020.9190,2.0000,1998.0000,1338.0000,1292.0000,191.0000,-2.0000,-15.0000,899.0000,-892.0000,10342.0000,-0.1977,-0.1017,0.4935,-0.8408,111.0300,-48.1600,-69.3900,-22.1600,-4.0600,-2.3400,0.0000,0.0000,-0.0000,1687.0000,1525.0000,1500.0000,1999.0000
206037.5290,2.0000,1998.0000,1338.0000,1292.0000,211.0000,32.0000,-8.0000,834.0000,-880.0000,8817.0000,-0.1979,-0.1058,0.4683,-0.8546,110.6000,-48.2300,-69.4300,-22.1900,-3.6100,-2.7400,0.0000,0.0000,-0.0000,1687.0000,1525.0000,1500.0000,1999.0000
206054.4870,2.0000,1990.0000,1523.0000,1475.0000,229.0000,62.0000,0.0000,805.0000,-529.0000,6270.0000,-0.1988,-0.1060,0.4388,-0.8699,110.6000,-48.2300,-69.4300,-22.1900,-3.6100,-2.7400,0.0000,0.0000,-0.0000,1503.0000,1527.0000,1500.0000,1991.0000
206071.5220,2.0000,1990.0000,1524.0000,1474.0000,239.0000,81.0000,4.0000,659.0000,-495.0000,3876.0000,-0.2001,-0.1033,0.4062,-0.8856,110.1500,-48.3000,-69.4700,-22.2500,-3.4200,-3.0300,0.0000,0.0000,-0.0000,1503.0000,1527.0000,1500.0000,1991.0000
206088.5290,2.0000,1990.0000,1524.0000,1474.0000,234.0000,89.0000,7.0000,472.0000,-539.0000,1593.0000,-0.2013,-0.0983,0.3721,-0.9008,109.6300,-48.3900,-69.5300,-22.4900,-3.4400,-3.1900,0.0000,0.0000,-0.0000,1503.0000,1527.0000,1500.0000,1991.0000
206105.4650,2.0000,1990.0000,1524.0000,1474.0000,188.0000,98.0000,15.0000,524.0000,-353.0000,-187.0000,-0.2023,-0.0913,0.3409,-0.9135,109.1400,-48.4700,-69.5800,-22.6800,-3.7100,-3.2000,0.0000,0.0000,-0.0000,1503.0000,1527.0000,1500.0000,1991.0000
206122.1560,2.0000,1990.0000,1524.0000,1474.0000,130.0000,101.0000,26.0000,411.0000,-284.0000,-1933.0000,-0.2028,-0.0814,0.3173,-0.9228,108.6600,-48.5600,-69.6400,-22.8400,-4.0800,-3.0600,0.0000,0.0000,-0.0000,1503.0000,1527.0000,1500.0000,1991.0000
206138.9450,2.0000,1990.0000,1524.0000,1474.0000,75.0000,101.0000,38.0000,656.0000,-434.0000,-2807.0000,-0.2021,-0.0693,0.3012,-0.9293,108.2100,-48.6500,-69.7100,-22.9500,-4.5000,-2.8300,0.0000,0.0000,-0.0000,1503.0000,1527.0000,1500.0000,1991.0000
206155.6360,2.0000,1990.0000,1524.0000,1474.0000,46.0000,91.0000,44.0000,855.0000,-475.0000,-3209.0000,-0.2001,-0.0562,0.2910,-0.9339,108.2100,-48.6500,-69.7100,-22.9500,-4.5000,-2.8300,0.0000,0.0000,-0.0000,1503.0000,1527.0000,1500.0000,1991.0000
206172.5110,2.0000,1981.0000,1000.0000,1379.0000,27.0000,85.0000,48.0000,648.0000,-125.0000,-3899.0000,-0.1975,-0.0432,0.2839,-0.9373,107.7500,-48.7400,-69.7800,-23.1500,-4.7900,-2.6000,0.0000,0.0000,-0.0000,1938.0000,1185.0000,1500.0000,1982.0000
206189.2850,2.0000,1981.0000,1000.0000,1378.0000,21.0000,75.0000,50.0000,522.0000,26.0000,-4339.0000,-0.1943,-0.0308,0.2789,-0.9400,107.1900,-48.8400,-69.8800,-23.5200,-4.8200,-2.4300,0.0000,0.0000,-0.0000,1938.0000,1185.0000,1500.0000,1982.0000
206206.2040,2.0000,1981.0000,1000.0000,1378.0000,68.0000,45.0000,44.0000,243.0000,-119.0000,-4693.0000,-0.1904,-0.0216,0.2716,-0.9431,106.6600,-48.9300,-69.9800,-23.7900,-4.8500,-2.1800,0.0000,0.0000,-0.0000,1938.0000,1185.0000,1500.0000,1982.0000
206223.2350,2.0000,1981.0000,1000.0000,1378.0000,128.0000,19.0000,28.0000,349.0000,208.0000,-4483.0000,-0.1866,-0.0179,0.2570,-0.9481,106.1700,-49.0100,-70.0800,-23.9600,-4.8700,-1.8700,0.0000,0.0000,-0.0000,1938.0000,1185.0000,1500.0000,1982.0000
206240.0220,2.0000,1981.0000,1000.0000,1378.0000,184.0000,-21.0000,6.0000,430.0000,475.0000,-3609.0000,-0.1841,-0.0216,0.2351,-0.9541,105.6900,-49.0900,-70.1700,-24.1100,-4.8200,-1.4400,0.0000,0.0000,-0.0000,1938.0000,1185.0000,1500.0000,1982.0000
206257.0800,2.0000,1981.0000,1000.0000,1700.0000,225.0000,-54.0000,-17.0000,234.0000,339.0000,-2519.0000,-0.1830,-0.0333,0.2071,-0.9605,105.6900,-49.0900,-70.1700,-24.1100,-4.8200,-1.4400,0.0000,0.0000,-0.0000,1752.0000,1049.0000,1500.0000,1983.0000
206274.1420,2.0000,1981.0000,1000.0000,1700.0000,241.0000,-69.0000,-31.0000,392.0000,266.0000,-353.0000,-0.1836,-0.0488,0.1746,-0.9661,105.1800,-49.1600,-70.2600,-24.3500,-4.5600,-1.0600,0.0000,0.0000,-0.0000,1752.0000,1049.0000,1500.0000,1983.0000
206291.2130,2.0000,1981.0000,1000.0000,1700.0000,221.0000,-104.0000,-42.0000,109.0000,134.0000,282.0000,-0.1849,-0.0689,0.1428,-0.9699,104.6000,-49.2100,-70.3400,-24.7000,-4.0400,-0.8100,0.0000,0.0000,-0.0000,1752.0000,1049.0000,1500.0000,1983.0000
206308.1960,2.0000,1981.0000,1000.0000,1700.0000,190.0000,-146.0000,-45.0000,76.0000,-187.0000,1612.0000,-0.1865,-0.0932,0.1165,-0.9711,104.0400,-49.2500,-70.4200,-24.9400,-3.5400,-0.6500,0.0000,0.0000,-0.0000,1752.0000,1049.0000,1500.0000,1983.0000
206324.8770,2.0000,1981.0000,1000.0000,1700.0000,173.0000,-180.0000,-47.0000,18.0000,-447.0000,3608.0000,-0.1876,-0.1221,0.0948,-0.9700,103.5200,-49.2800,-70.5000,-25.0800,-3.0900,-0.6200,0.0000,0.0000,-0.0000,1752.0000,1049.0000,1500.0000,1983.0000
206341.7420,2.0000,1981.0000,1000.0000,1700.0000,153.0000,-202.0000,-43.0000,467.0000,-688.0000,6654.0000,-0.1882,-0.1547,0.0762,-0.9669,103.0300,-49.3000,-70.5700,-25.0900,-2.6900,-0.8100,0.0000,0.0000,-0.0000,1752.0000,1049.0000,1500.0000,1983.0000
206358.5450,2.0000,1867.0000,1983.0000,2000.0000,133.0000,-208.0000,-40.0000,943.0000,-720.0000,9140.0000,-0.1880,-0.1883,0.0608,-0.9620,103.0300,-49.3000,-70.5700,-25.0900,-2.6900,-0.8100,0.0000,0.0000,-0.0000,1005.0000,1488.0000,1500.0000,1875.0000
206375.4380,2.0000,1867.0000,1984.0000,2000.0000,118.0000,-215.0000,-36.0000,1070.0000,-659.0000,10811.0000,-0.1881,-0.2221,0.0479,-0.9555,102.5000,-49.3100,-70.6400,-25.1700,-2.2800,-1.2900,0.0000,0.0000,-0.0000,1005.0000,1488.0000,1500.0000,1875.0000
206392.1510,2.0000,1867.0000,1984.0000,2000.0000,82.0000,-198.0000,-27.0000,1346.0000,-878.0000,12282.0000,-0.1879,-0.2537,0.0385,-0.9481,101.8800,-49.3100,-70.7200,-25.3400,-1.8500,-1.9500,0.0000,0.0000,-0.0000,1005.0000,1488.0000,1500.0000,1875.0000
206408.9270,2.0000,1867.0000,1984.0000,2000.0000,31.0000,-181.0000,-14.0000,1440.0000,-808.0000,13216.0000,-0.1877,-0.2816,0.0349,-0.9403,101.2900,-49.3100,-70.8100,-25.3200,-1.4700,-2.8000,0.0000,0.0000,-0.0000,1005.0000,1488.0000,1500.0000,1875.0000
206425.6430,2.0000,1867.0000,1984.0000,2000.0000,-34.0000,-151.0000,-2.0000,1423.0000,-672.0000,13715.0000,-0.1884,-0.3043,0.0397,-0.9329,100.7500,-49.3000,-70.9100,-25.1100,-1.1400,-3.7200,0.0000,0.0000,-0.0000,1005.0000,1488.0000,1500.0000,1875.0000
206442.4130,2.0000,1987.0000,1000.0000,1713.0000,-94.0000,-107.0000,9.0000,1266.0000,-548.0000,13833.0000,-0.1904,-0.3202,0.0522,-0.9266,100.7500,-49.3000,-70.9100,-25.1100,-1.1400,-3.7200,0.0000,0.0000,-0.0000,1753.0000,1049.0000,1500.0000,1994.0000
206459.3370,2.0000,1993.0000,1000.0000,1699.0000,-160.0000,-35.0000,18.0000,1218.0000,-520.0000,13577.0000,-0.1945,-0.3262,0.0727,-0.9222,100.2500,-49.2900,-71.0200,-24.7500,-0.8200,-4.6700,0.0000,0.0000,-0.0000,1753.0000,1049.0000,1500.0000,1994.0000
206476.0940,2.0000,1993.0000,1000.0000,1699.0000,-202.0000,25.0000,27.0000,1001.0000,-413.0000,12006.0000,-0.2005,-0.3207,0.0990,-0.9204,99.7100,-49.2800,-71.1400,-24.4500,-0.4900,-5.5800,0.0000,0.0000,-0.0000,1753.0000,1049.0000,1500.0000,1994.0000
206492.9190,2.0000,1993.0000,1000.0000,1699.0000,-197.0000,58.0000,30.0000,1011.0000,-518.0000,9162.0000,-0.2072,-0.3081,0.1266,-0.9198,99.1400,-49.2600,-71.2800,-24.3300,-0.1800,-6.3500,0.0000,0.0000,-0.0000,1753.0000,1049.0000,1500.0000,1994.0000
206509.7070,2.0000,1993.0000,1000.0000,1699.0000,-153.0000,48.0000,30.0000,864.0000,-890.0000,6159.0000,-0.2124,-0.2945,0.1503,-0.9195,98.5800,-49.2300,-71.4300,-24.4300,0.0400,-6.8800,0.0000,0.0000,-0.0000,1753.0000,1049.0000,1500.0000,1994.0000
206526.2880,2.0000,1993.0000,1000.0000,1699.0000,-100.0000,13.0000,25.0000,692.0000,-470.0000,3367.0000,-0.2149,-0.2858,0.1671,-0.9188,98.0500,-49.2000,-71.5900,-24.7500,0.1300,-7.1200,0.0000,0.0000,-0.0000,1753.0000,1049.0000,1500.0000,1994.0000
206542.9410,2.0000,1993.0000,1000.0000,1699.0000,-52.0000,-30.0000,17.0000,522.0000,-68.0000,1885.0000,-0.2153,-0.2839,0.1783,-0.9172,98.0500,-49.2000,-71.5900,-24.7500,0.1300,-7.1200,0.0000,0.0000,-0.0000,1753.0000,1049.0000,1500.0000,1994.0000
206559.8710,2.0000,1995.0000,1000.0000,1681.0000,-9.0000,-76.0000,4.0000,581.0000,-163.0000,2486.0000,-0.2140,-0.2898,0.1846,-0.9144,97.5300,-49.1600,-71.7500,-25.1700,0.1700,-7.1000,0.0000,0.0000,-0.0000,1772.0000,1049.0000,1500.0000,1997.0000
206576.5790,2.0000,1996.0000,1000.0000,1680.0000,22.0000,-112.0000,-8.0000,544.0000,-197.0000,3581.0000,-0.2116,-0.3029,0.1864,-0.9104,96.9400,-49.1300,-71.9100,-25.7300,0.1700,-7.0600,0.0000,0.0000,-0.0000,1772.0000,1049.0000,1500.0000,1997.0000
206593.3020,2.0000,1996.0000,1000.0000,1680.0000,43.0000,-149.0000,-17.0000,692.0000,-247.0000,5102.0000,-0.2085,-0.3213,0.1858,-0.9048,96.2800,-49.1000,-72.0600,-26.2900,0.2000,-7.1100,0.0000,0.0000,-0.0000,1772.0000,1049.0000,1500.0000,1997.0000
206610.1960,2.0000,1996.0000,1000.0000,1680.0000,54.0000,-170.0000,-23.0000,799.0000,-441.0000,6561.0000,-0.2049,-0.3448,0.1833,-0.8975,95.6500,-49.0800,-72.2200,-26.6500,0.2900,-7.2600,0.0000,0.0000,-0.0000,1772.0000,1049.0000,1500.0000,1997.0000
206627.0800,2.0000,1996.0000,1000.0000,1680.0000,56.0000,-179.0000,-27.0000,892.0000,-233.0000,7487.0000,-0.2011,-0.3699,0.1801,-0.8890,95.0600,-49.0500,-72.3600,-26.8100,0.4300,-7.5300,0.0000,0.0000,-0.0000,1772.0000,1049.0000,1500.0000,1997.0000
206643.8240,2.0000,1996.0000,1000.0000,1680.0000,46.0000,-180.0000,-31.0000,1170.0000,-240.0000,8754.0000,-0.1980,-0.3952,0.1775,-0.8793,95.0600,-49.0500,-72.3600,-26.8100,0.4300,-7.5300,0.0000,0.0000,-0.0000,1772.0000,1049.0000,1500.0000,1997.0000
206660.9280,2.0000,1996.0000,1000.0000,1681.0000,39.0000,-181.0000,-32.0000,1422.0000,-555.0000,10136.0000,-0.1954,-0.4209,0.1756,-0.8682,94.5100,-49.0200,-72.5200,-26.8000,0.6200,-7.8800,0.0000,0.0000,-0.0000,1771.0000,1049.0000,1500.0000,1997.0000
206677.5180,2.0000,1996.0000,1000.0000,1681.0000,27.0000,-172.0000,-32.0000,1571.0000,-549.0000,10783.0000,-0.1935,-0.4444,0.1747,-0.8571,93.8900,-49.0000,-72.6800,-26.7300,0.7700,-8.3200,0.0000,0.0000,-0.0000,1771.0000,1049.0000,1500.0000,1997.0000
206694.2040,2.0000,1996.0000,1000.0000,1681.0000,20.0000,-153.0000,-33.0000,1596.0000,-601.0000,11215.0000,-0.1924,-0.4659,0.1746,-0.8458,93.2500,-48.9700,-72.8500,-26.5700,0.9000,-8.7800,0.0000,0.0000,-0.0000,1771.0000,1049.0000,1500.0000,1997.0000
206710.8910,2.0000,1996.0000,1000.0000,1681.0000,15.0000,-138.0000,-37.0000,1603.0000,-610.0000,11398.0000,-0.1923,-0.4849,0.1744,-0.8351,92.6500,-48.9500,-73.0300,-26.2800,1.0700,-9.2400,0.0000,0.0000,-0.0000,1771.0000,1049.0000,1500.0000,1997.0000
206727.5060,2.0000,1996.0000,1000.0000,1681.0000,13.0000,-110.0000,-38.0000,1516.0000,-613.0000,11018.0000,-0.1934,-0.5012,0.1739,-0.8253,92.0800,-48.9200,-73.2200,-25.9300,1.2400,-9.6700,0.0000,0.0000,-0.0000,1771.0000,1049.0000,1500.0000,1997.0000
206744.1120,2.0000,1996.0000,1000.0000,1681.0000,16.0000,-87.0000,-37.0000,1467.0000,-510.0000,10073.0000,-0.1950,-0.5140,0.1724,-0.8173,92.0800,-48.9200,-73.2200,-25.9300,1.2400,-9.6700,0.0000,0.0000,-0.0000,1771.0000,1049.0000,1500.0000,1997.0000
206760.9840,2.0000,1986.0000,1000.0000,1700.0000,19.0000,-67.0000,-37.0000,1560.0000,-514.0000,9342.0000,-0.1970,-0.5243,0.1701,-0.8108,91.5500,-48.9000,-73.4100,-25.6200,1.3800,-10.0300,0.0000,0.0000,-0.0000,1752.0000,1049.0000,1500.0000,1988.0000
206777.9930,2.0000,1986.0000,1000.0000,1700.0000,24.0000,-56.0000,-37.0000,1464.0000,-662.0000,8538.0000,-0.1989,-0.5333,0.1670,-0.8051,90.9800,-48.8700,-73.6100,-25.3300,1.4000,-10.3200,0.0000,0.0000,-0.0000,1752.0000,1049.0000,1500.0000,1988.0000
206794.9620,2.0000,1986.0000,1000.0000,1700.0000,30.0000,-50.0000,-34.0000,1320.0000,-808.0000,7740.0000,-0.2003,-0.5410,0.1628,-0.8004,90.3900,-48.8600,-73.8200,-25.0500,1.3200,-10.5700,0.0000,0.0000,-0.0000,1752.0000,1049.0000,1500.0000,1988.0000
206811.5940,2.0000,1986.0000,1000.0000,1700.0000,37.0000,-49.0000,-34.0000,1262.0000,-581.0000,6602.0000,-0.2010,-0.5483,0.1580,-0.7962,89.8300,-48.8400,-74.0400,-24.8300,1.2000,-10.7500,0.0000,0.0000,-0.0000,1752.0000,1049.0000,1500.0000,1988.0000
206828.5690,2.0000,1986.0000,1000.0000,1700.0000,46.0000,-57.0000,-32.0000,1232.0000,-949.0000,6412.0000,-0.2009,-0.5565,0.1525,-0.7917,89.3000,-48.8300,-74.2600,-24.6700,1.0400,-10.8700,0.0000,0.0000,-0.0000,1752.0000,1049.0000,1500.0000,1988.0000
206845.1960,2.0000,1982.0000,1000.0000,1701.0000,46.0000,-63.0000,-30.0000,1164.0000,-983.0000,5928.0000,-0.2001,-0.5652,0.1469,-0.7867,89.3000,-48.8300,-74.2600,-24.6700,1.0400,-10.8700,0.0000,0.0000,-0.0000,1751.0000,1049.0000,1500.0000,1983.0000
206862.1760,2.0000,1981.0000,1000.0000,1701.0000,47.0000,-67.0000,-25.0000,1160.0000,-742.0000,5370.0000,-0.1983,-0.5747,0.1413,-0.7813,88.7900,-48.8300,-74.4800,-24.5100,0.8500,-10.9600,0.0000,0.0000,-0.0000,1751.0000,1049.0000,1500.0000,1983.0000
206878.6810,2.0000,1981.0000,1000.0000,1701.0000,52.0000,-79.0000,-21.0000,1100.0000,-620.0000,4855.0000,-0.1957,-0.5848,0.1361,-0.7754,88.2400,-48.8300,-74.7000,-24.3000,0.6700,-11.0200,0.0000,0.0000,-0.0000,1751.0000,1049.0000,1500.0000,1983.0000
206895.4080,2.0000,1981.0000,1000.0000,1701.0000,54.0000,-94.0000,-19.0000,1307.0000,-532.0000,4900.0000,-0.1919,-0.5964,0.1310,-0.7683,87.6900,-48.8400,-74.9300,-24.0900,0.5100,-11.0400,0.0000,0.0000,-0.0000,1751.0000,1049.0000,1500.0000,1983.0000
206912.4280,2.0000,1981.0000,1000.0000,1701.0000,56.0000,-107.0000,-14.0000,1273.0000,-716.0000,5124.0000,-0.1872,-0.6097,0.1263,-0.7598,87.1600,-48.8400,-75.1500,-23.8600,0.3500,-11.0500,0.0000,0.0000,-0.0000,1751.0000,1049.0000,1500.0000,1983.0000
206929.2010,2.0000,1981.0000,1000.0000,1701.0000,58.0000,-129.0000,-12.0000,1315.0000,-581.0000,5258.0000,-0.1818,-0.6244,0.1224,-0.7497,87.1600,-48.8400,-75.1500,-23.8600,0.3500,-11.0500,0.0000,0.0000,-0.0000,1751.0000,1049.0000,1500.0000,1983.0000
206945.7300,2.0000,1981.0000,1000.0000,1701.0000,59.0000,-148.0000,-10.0000,1325.0000,-654.0000,5709.0000,-0.1756,-0.6410,0.1190,-0.7377,86.6600,-48.8600,-75.3700,-23.6000,0.2000,-11.0500,0.0000,0.0000,-0.0000,1751.0000,1049.0000,1500.0000,1983.0000
206962.7130,2.0000,1997.0000,1000.0000,1764.0000,57.0000,-150.0000,-6.0000,1490.0000,-542.0000,6238.0000,-0.1684,-0.6587,0.1160,-0.7241,86.1800,-48.8700,-75.5900,-23.3200,0.0500,-11.0400,0.0000,0.0000,-0.0000,1689.0000,1049.0000,1500.0000,1998.0000
206979.5630,2.0000,1997.0000,1000.0000,1764.0000,52.0000,-162.0000,-5.0000,1603.0000,-695.0000,7149.0000,-0.1613,-0.6765,0.1137,-0.7095,85.6700,-48.8900,-75.8100,-22.8600,0.0100,-11.0400,0.0000,0.0000,-0.0000,1689.0000,1049.0000,1500.0000,1998.0000
206996.3330,2.0000,1997.0000,1000.0000,1764.0000,43.0000,-162.0000,-2.0000,1514.0000,-556.0000,7174.0000,-0.1550,-0.6939,0.1130,-0.6940,85.1600,-48.9000,-76.0400,-22.2600,0.0200,-11.0300,0.0000,0.0000,-0.0000,1689.0000,1049.0000,1500.0000,1998.0000
207013.4640,2.0000,1997.0000,1000.0000,1764.0000,34.0000,-165.0000,-3.0000,1566.0000,-465.0000,7341.0000,-0.1494,-0.7113,0.1134,-0.6774,84.6900,-48.9200,-76.2700,-21.6800,0.0500,-10.9900,0.0000,0.0000,-0.0000,1689.0000,1049.0000,1500.0000,1998.0000
207030.4900,2.0000,1997.0000,1000.0000,1764.0000,26.0000,-161.0000,-4.0000,1918.0000,-406.0000,7871.0000,-0.1447,-0.7279,0.1146,-0.6604,84.6900,-48.9200,-76.2700,-21.6800,0.0500,-10.9900,0.0000,0.0000,-0.0000,1689.0000,1049.0000,1500.0000,1998.0000
207047.2030,2.0000,1997.0000,1000.0000,1764.0000,14.0000,-156.0000,-5.0000,1980.0000,-256.0000,8066.0000,-0.1410,-0.7433,0.1163,-0.6435,84.2600,-48.9300,-76.4900,-21.0900,0.1000,-10.9100,0.0000,0.0000,-0.0000,1689.0000,1049.0000,1500.0000,1998.0000
207064.2860,2.0000,1997.0000,1000.0000,1774.0000,6.0000,-155.0000,-8.0000,1704.0000,-290.0000,7868.0000,-0.1386,-0.7580,0.1187,-0.6262,83.8500,-48.9400,-76.7100,-20.4900,0.1700,-10.8200,0.0000,0.0000,-0.0000,1679.0000,1049.0000,1500.0000,1998.0000
207080.8980,2.0000,1997.0000,1000.0000,1774.0000,-6.0000,-141.0000,-12.0000,1665.0000,-303.0000,7999.0000,-0.1375,-0.7714,0.1211,-0.6094,83.4100,-48.9400,-76.9400,-20.0100,0.2500,-10.6900,0.0000,0.0000,-0.0000,1679.0000,1049.0000,1500.0000,1998.0000
207097.6090,2.0000,1997.0000,1000.0000,1774.0000,-21.0000,-123.0000,-16.0000,1785.0000,-354.0000,8174.0000,-0.1385,-0.7828,0.1241,-0.5938,82.9700,-48.9400,-77.1800,-19.5500,0.3400,-10.5000,0.0000,0.0000,-0.0000,1679.0000,1049.0000,1500.0000,1998.0000
207114.6080,2.0000,1997.0000,1000.0000,1774.0000,-28.0000,-108.0000,-19.0000,1788.0000,-440.0000,7730.0000,-0.1415,-0.7925,0.1275,-0.5794,82.5600,-48.9300,-77.4000,-19.0800,0.4400,-10.3200,0.0000,0.0000,-0.0000,1679.0000,1049.0000,1500.0000,1998.0000
207131.1770,2.0000,1997.0000,1000.0000,1774.0000,-26.0000,-98.0000,-23.0000,1568.0000,-492.0000,7069.0000,-0.1451,-0.8007,0.1304,-0.5664,82.5600,-48.9300,-77.4000,-19.0800,0.4400,-10.3200,0.0000,0.0000,-0.0000,1679.0000,1049.0000,1500.0000,1998.0000
207147.9130,2.0000,1997.0000,1000.0000,1774.0000,-26.0000,-93.0000,-27.0000,1705.0000,-463.0000,6945.0000,-0.1491,-0.8084,0.1327,-0.5538,82.1700,-48.9300,-77.6300,-18.6800,0.5200,-10.1000,0.0000,0.0000,-0.0000,1679.0000,1049.0000,1500.0000,1998.0000
207164.9040,2.0000,1997.0000,1000.0000,1774.0000,-30.0000,-80.0000,-29.0000,1556.0000,-359.0000,6309.0000,-0.1536,-0.8153,0.1345,-0.5418,81.8000,-48.9200,-77.8400,-18.3500,0.5700,-9.8800,0.0000,0.0000,-0.0000,1679.0000,1049.0000,1500.0000,1998.0000
207181.6230,2.0000,1997.0000,1000.0000,1774.0000,-28.0000,-71.0000,-32.0000,1533.0000,-328.0000,5861.0000,-0.1586,-0.8209,0.1355,-0.5315,81.3900,-48.9100,-78.0700,-18.2900,0.6200,-9.6600,0.0000,0.0000,-0.0000,1679.0000,1049.0000,1500.0000,1998.0000
207198.6580,2.0000,1997.0000,1000.0000,1774.0000,-25.0000,-68.0000,-34.0000,1570.0000,-504.0000,5589.0000,-0.1633,-0.8262,0.1358,-0.5218,80.9500,-48.9100,-78.2900,-18.3400,0.6600,-9.4400,0.0000,0.0000,-0.0000,1679.0000,1049.0000,1500.0000,1998.0000
207215.3000,2.0000,1997.0000,1000.0000,1774.0000,-14.0000,-74.0000,-38.0000,1495.0000,-547.0000,5013.0000,-0.1672,-0.8316,0.1351,-0.5120,80.5300,-48.9000,-78.5200,-18.4100,0.6600,-9.2200,0.0000,0.0000,-0.0000,1679.0000,1049.0000,1500.0000,1998.0000
207231.9490,2.0000,1997.0000,1000.0000,1774.0000,-5.0000,-76.0000,-39.0000,1536.0000,-464.0000,4349.0000,-0.1703,-0.8375,0.1337,-0.5017,80.5300,-48.9000,-78.5200,-18.4100,0.6600,-9.2200,0.0000,0.0000,-0.0000,1679.0000,1049.0000,1500.0000,1998.0000
207248.6060,2.0000,1997.0000,1000.0000,1772.0000,-1.0000,-85.0000,-40.0000,1652.0000,-394.0000,4139.0000,-0.1723,-0.8439,0.1317,-0.4907,80.1300,-48.8900,-78.7400,-18.5400,0.6400,-9.0200,0.0000,0.0000,-0.0000,1681.0000,1049.0000,1500.0000,1998.0000
207265.3350,2.0000,1997.0000,1000.0000,1772.0000,4.0000,-96.0000,-41.0000,1607.0000,-400.0000,3924.0000,-0.1737,-0.8511,0.1296,-0.4781,79.7300,-48.8800,-78.9500,-18.6800,0.6100,-8.8300,0.0000,0.0000,-0.0000,1681.0000,1049.0000,1500.0000,1998.0000
207282.5140,2.0000,1997.0000,1000.0000,1772.0000,3.0000,-110.0000,-39.0000,1464.0000,-503.0000,3857.0000,-0.1743,-0.8593,0.1273,-0.4637,79.2800,-48.8700,-79.1800,-18.9000,0.5600,-8.6500,0.0000,0.0000,-0.0000,1681.0000,1049.0000,1500.0000,1998.0000
207299.3620,2.0000,1997.0000,1000.0000,1772.0000,5.0000,-119.0000,-37.0000,1733.0000,-535.0000,4111.0000,-0.1746,-0.8677,0.1260,-0.4480,78.8200,-48.8600,-79.4100,-19.1300,0.5100,-8.4500,0.0000,0.0000,-0.0000,1681.0000,1049.0000,1500.0000,1998.0000
207316.2230,2.0000,1997.0000,1000.0000,1772.0000,9.0000,-134.0000,-37.0000,1722.0000,-574.0000,4206.0000,-0.1742,-0.8767,0.1249,-0.4306,78.3600,-48.8500,-79.6300,-19.3100,0.4800,-8.2200,0.0000,0.0000,-0.0000,1681.0000,1049.0000,1500.0000,1998.0000
207332.8450,2.0000,1997.0000,1000.0000,1772.0000,12.0000,-149.0000,-35.0000,1636.0000,-704.0000,4360.0000,-0.1731,-0.8862,0.1242,-0.4115,78.3600,-48.8500,-79.6300,-19.3100,0.4800,-8.2200,0.0000,0.0000,-0.0000,1681.0000,1049.0000,1500.0000,1998.0000
207349.4800,2.0000,1998.0000,1000.0000,1787.0000,16.0000,-162.0000,-33.0000,1248.0000,-689.0000,4091.0000,-0.1709,-0.8961,0.1239,-0.3904,77.9200,-48.8400,-79.8500,-19.4600,0.4300,-7.9500,0.0000,0.0000,-0.0000,1664.0000,1051.0000,1500.0000,1999.0000
207366.3880,2.0000,1998.0000,1000.0000,1787.0000,15.0000,-167.0000,-30.0000,1395.0000,-418.0000,4448.0000,-0.1680,-0.9061,0.1238,-0.3679,77.5000,-48.8400,-80.0600,-19.6200,0.3700,-7.6500,0.0000,0.0000,-0.0000,1664.0000,1051.0000,1500.0000,1999.0000
207383.3320,2.0000,1998.0000,1000.0000,1787.0000,18.0000,-178.0000,-28.0000,1715.0000,-723.0000,5367.0000,-0.1643,-0.9162,0.1238,-0.3438,77.0300,-48.8300,-80.2700,-19.5800,0.3500,-7.3100,0.0000,0.0000,-0.0000,1664.0000,1051.0000,1500.0000,1999.0000
207400.3510,2.0000,1998.0000,1000.0000,1787.0000,20.0000,-182.0000,-24.0000,1922.0000,-857.0000,6025.0000,-0.1600,-0.9260,0.1245,-0.3186,76.5600,-48.8300,-80.4800,-19.4000,0.3400,-6.9000,0.0000,0.0000,-0.0000,1664.0000,1051.0000,1500.0000,1999.0000
207417.1140,2.0000,1998.0000,1000.0000,1787.0000,15.0000,-180.0000,-21.0000,2048.0000,-523.0000,6411.0000,-0.1556,-0.9347,0.1257,-0.2938,76.1100,-48.8300,-80.6800,-19.2000,0.3500,-6.4200,0.0000,0.0000,-0.0000,1664.0000,1051.0000,1500.0000,1999.0000
207434.1930,2.0000,1998.0000,1000.0000,1787.0000,14.0000,-170.0000,-20.0000,1913.0000,-426.0000,6445.0000,-0.1515,-0.9426,0.1273,-0.2688,76.1100,-48.8300,-80.6800,-19.2000,0.3500,-6.4200,0.0000,0.0000,-0.0000,1664.0000,1051.0000,1500.0000,1999.0000
207450.9370,2.0000,1998.0000,1000.0000,1787.0000,13.0000,-166.0000,-20.0000,1881.0000,-326.0000,6441.0000,-0.1475,-0.9495,0.1288,-0.2452,75.6900,-48.8300,-80.8700,-19.0200,0.3800,-5.9200,0.0000,0.0000,-0.0000,1664.0000,1051.0000,1500.0000,1999.0000
207467.7440,2.0000,1998.0000,1000.0000,1786.0000,9.0000,-153.0000,-19.0000,1975.0000,-562.0000,6734.0000,-0.1438,-0.9555,0.1299,-0.2226,75.3000,-48.8300,-81.0500,-18.8700,0.4100,-5.4000,0.0000,0.0000,-0.0000,1665.0000,1051.0000,1500.0000,1999.0000
207484.4630,2.0000,1998.0000,1000.0000,1786.0000,4.0000,-143.0000,-20.0000,1818.0000,-655.0000,6279.0000,-0.1411,-0.9604,0.1304,-0.2019,74.9200,-48.8300,-81.2300,-17.9600,0.5300,-4.8300,0.0000,0.0000,-0.0000,1665.0000,1051.0000,1500.0000,1999.0000
207501.1040,2.0000,1998.0000,1000.0000,1786.0000,0.0000,-134.0000,-18.0000,1796.0000,-622.0000,6063.0000,-0.1388,-0.9646,0.1309,-0.1820,74.5700,-48.8200,-81.3900,-17.0000,0.6300,-4.2800,0.0000,0.0000,-0.0000,1665.0000,1051.0000,1500.0000,1999.0000
207518.0210,2.0000,1998.0000,1000.0000,1786.0000,-2.0000,-126.0000,-19.0000,1788.0000,-586.0000,5905.0000,-0.1371,-0.9682,0.1313,-0.1631,74.2500,-48.8100,-81.5500,-16.1600,0.7100,-3.7400,0.0000,0.0000,-0.0000,1665.0000,1051.0000,1500.0000,1999.0000
207534.5100,2.0000,1998.0000,1000.0000,1786.0000,-3.0000,-113.0000,-19.0000,1685.0000,-240.0000,5502.0000,-0.1356,-0.9711,0.1314,-0.1459,74.2500,-48.8100,-81.5500,-16.1600,0.7100,-3.7400,0.0000,0.0000,-0.0000,1665.0000,1051.0000,1500.0000,1999.0000
207551.3930,2.0000,1998.0000,1000.0000,1786.0000,-7.0000,-115.0000,-20.0000,1446.0000,-288.0000,4979.0000,-0.1349,-0.9736,0.1315,-0.1292,73.9700,-48.8000,-81.7000,-15.4300,0.7900,-3.2100,0.0000,0.0000,-0.0000,1665.0000,1051.0000,1500.0000,1999.0000
207568.0170,2.0000,1998.0000,1000.0000,1786.0000,-12.0000,-104.0000,-18.0000,1585.0000,-498.0000,4844.0000,-0.1347,-0.9756,0.1315,-0.1133,73.7100,-48.7900,-81.8400,-14.8100,0.8400,-2.7300,0.0000,0.0000,-0.0000,1665.0000,1051.0000,1500.0000,1999.0000
207584.7720,2.0000,1998.0000,1000.0000,1786.0000,-10.0000,-101.0000,-20.0000,1868.0000,-278.0000,4665.0000,-0.1348,-0.9772,0.1313,-0.0979,73.4900,-48.7800,-81.9700,-13.6400,0.9500,-2.2600,0.0000,0.0000,-0.0000,1665.0000,1051.0000,1500.0000,1999.0000
207601.7690,2.0000,1998.0000,1000.0000,1786.0000,-13.0000,-101.0000,-22.0000,1844.0000,-203.0000,4415.0000,-0.1347,-0.9787,0.1306,-0.0829,73.3100,-48.7600,-82.1000,-12.4700,1.0700,-1.8200,0.0000,0.0000,-0.0000,1665.0000,1051.0000,1500.0000,1999.0000
207618.3420,2.0000,1998.0000,1000.0000,1786.0000,-8.0000,-101.0000,-23.0000,1781.0000,-315.0000,4179.0000,-0.1346,-0.9800,0.1298,-0.0676,73.3100,-48.7600,-82.1000,-12.4700,1.0700,-1.8200,0.0000,0.0000,-0.0000,1665.0000,1051.0000,1500.0000,1999.0000
207635.0200,2.0000,1998.0000,1000.0000,1786.0000,-11.0000,-105.0000,-24.0000,1635.0000,-13.0000,3546.0000,-0.1342,-0.9812,0.1288,-0.0523,73.1600,-48.7400,-82.2300,-11.4100,1.1700,-1.3900,0.0000,0.0000,-0.0000,1665.0000,1051.0000,1500.0000,1999.0000
207651.8830,2.0000,1999.0000,1000.0000,1683.0000,-9.0000,-115.0000,-26.0000,1506.0000,-213.0000,3504.0000,-0.1336,-0.9821,0.1276,-0.0356,73.0300,-48.7200,-82.3400,-10.4900,1.2500,-1.0100,0.0000,0.0000,-0.0000,1765.0000,1054.0000,1500.0000,2000.0000
207668.8210,2.0000,2000.0000,1000.0000,1682.0000,-5.0000,-125.0000,-26.0000,1554.0000,-291.0000,3579.0000,-0.1325,-0.9829,0.1264,-0.0176,72.9300,-48.7000,-82.4500,-9.6500,1.3100,-0.6300,0.0000,0.0000,-0.0000,1765.0000,1054.0000,1500.0000,2000.0000
207685.5910,2.0000,2000.0000,1000.0000,1682.0000,2.0000,-139.0000,-29.0000,1529.0000,-326.0000,3686.0000,-0.1306,-0.9835,0.1251,0.0025,72.8600,-48.6900,-82.5600,-8.5400,1.3100,-0.2200,0.0000,0.0000,-0.0000,1765.0000,1054.0000,1500.0000,2000.0000
207702.3090,2.0000,2000.0000,1000.0000,1682.0000,11.0000,-152.0000,-31.0000,1804.0000,-375.0000,4238.0000,-0.1270,-0.9839,0.1237,0.0239,72.8200,-48.6700,-82.6600,-7.5000,1.3100,0.2100,0.0000,0.0000,-0.0000,1765.0000,1054.0000,1500.0000,2000.0000
207719.3290,2.0000,2000.0000,1000.0000,1682.0000,16.0000,-156.0000,-33.0000,1818.0000,-397.0000,4578.0000,-0.1219,-0.9839,0.1221,0.0469,72.8200,-48.6700,-82.6600,-7.5000,1.3100,0.2100,0.0000,0.0000,-0.0000,1765.0000,1054.0000,1500.0000,2000.0000
207736.2030,2.0000,2000.0000,1000.0000,1682.0000,16.0000,-168.0000,-34.0000,1931.0000,-334.0000,4967.0000,-0.1164,-0.9833,0.1204,0.0707,72.8100,-48.6600,-82.7500,-6.5600,1.3100,0.7000,0.0000,0.0000,-0.0000,1765.0000,1054.0000,1500.0000,2000.0000
207753.2160,2.0000,2000.0000,1548.0000,1186.0000,17.0000,-175.0000,-35.0000,1667.0000,-319.0000,4903.0000,-0.1107,-0.9820,0.1188,0.0962,72.8100,-48.6500,-82.8300,-5.7300,1.3200,1.2400,0.0000,0.0000,-0.0000,1635.0000,1684.0000,1500.0000,2000.0000
207770.1550,2.0000,2000.0000,1549.0000,1185.0000,16.0000,-177.0000,-34.0000,1794.0000,-506.0000,5505.0000,-0.1048,-0.9800,0.1170,0.1220,72.8200,-48.6400,-82.8900,-5.0500,1.3200,1.8100,0.0000,0.0000,-0.0000,1635.0000,1684.0000,1500.0000,2000.0000
207787.0700,2.0000,2000.0000,1549.0000,1185.0000,27.0000,-157.0000,-33.0000,2097.0000,-478.0000,6424.0000,-0.0983,-0.9776,0.1151,0.1464,72.8700,-48.6400,-82.9500,-4.2600,1.2400,2.4500,0.0000,0.0000,-0.0000,1635.0000,1684.0000,1500.0000,2000.0000
207803.9380,2.0000,2000.0000,1549.0000,1185.0000,53.0000,-127.0000,-29.0000,1952.0000,-575.0000,7044.0000,-0.0896,-0.9753,0.1136,0.1667,72.9300,-48.6500,-82.9900,-3.5600,1.1600,3.1700,0.0000,0.0000,-0.0000,1635.0000,1684.0000,1500.0000,2000.0000
207820.9130,2.0000,2000.0000,1549.0000,1185.0000,87.0000,-80.0000,-25.0000,1981.0000,-564.0000,7515.0000,-0.0771,-0.9740,0.1129,0.1806,72.9300,-48.6500,-82.9900,-3.5600,1.1600,3.1700,0.0000,0.0000,-0.0000,1635.0000,1684.0000,1500.0000,2000.0000
207837.9990,2.0000,2000.0000,1549.0000,1185.0000,117.0000,-29.0000,-19.0000,1826.0000,-615.0000,7114.0000,-0.0608,-0.9739,0.1133,0.1870,72.9900,-48.6600,-83.0100,-3.0100,1.0700,3.9600,0.0000,0.0000,-0.0000,1635.0000,1684.0000,1500.0000,2000.0000
207855.2360,2.0000,2000.0000,1549.0000,1191.0000,143.0000,21.0000,-11.0000,1614.0000,-691.0000,6023.0000,-0.0410,-0.9750,0.1152,0.1854,73.0500,-48.6600,-83.0100,-2.5700,0.9800,4.7400,0.0000,0.0000,-0.0000,1632.0000,1681.0000,1500.0000,2000.0000
207872.2890,2.0000,2000.0000,1549.0000,1191.0000,160.0000,56.0000,-5.0000,1564.0000,-506.0000,4406.0000,-0.0193,-0.9769,0.1180,0.1771,73.1200,-48.6700,-83.0000,-2.1300,0.8400,5.4000,0.0000,0.0000,-0.0000,1632.0000,1681.0000,1500.0000,2000.0000
207889.1680,2.0000,2000.0000,1549.0000,1191.0000,171.0000,95.0000,-1.0000,1393.0000,-518.0000,2560.0000,0.0033,-0.9791,0.1216,0.1630,73.2200,-48.7000,-82.9800,-1.5300,0.7300,5.8800,0.0000,0.0000,-0.0000,1632.0000,1681.0000,1500.0000,2000.0000
207906.1780,2.0000,2000.0000,1549.0000,1191.0000,181.0000,124.0000,1.0000,1473.0000,-429.0000,767.0000,0.0271,-0.9812,0.1259,0.1440,73.3400,-48.7300,-82.9700,-0.8900,0.6300,6.1200,0.0000,0.0000,-0.0000,1632.0000,1681.0000,1500.0000,2000.0000
207922.9670,2.0000,2000.0000,1549.0000,1191.0000,185.0000,146.0000,3.0000,1782.0000,-228.0000,-916.0000,0.0507,-0.9827,0.1307,0.1211,73.3400,-48.7300,-82.9700,-0.8900,0.6300,6.1200,0.0000,0.0000,-0.0000,1632.0000,1681.0000,1500.0000,2000.0000
207939.9340,2.0000,2000.0000,1549.0000,1191.0000,184.0000,162.0000,3.0000,1685.0000,-73.0000,-2984.0000,0.0745,-0.9834,0.1358,0.0946,73.4800,-48.7600,-82.9800,-0.1800,0.5500,6.0900,0.0000,0.0000,-0.0000,1632.0000,1681.0000,1500.0000,2000.0000
207956.6710,2.0000,1998.0000,1478.0000,1352.0000,170.0000,158.0000,5.0000,1328.0000,17.0000,-5226.0000,0.0965,-0.9830,0.1407,0.0681,73.6400,-48.8000,-83.0000,0.4900,0.5400,5.7900,0.0000,0.0000,-0.0000,1587.0000,1565.0000,1500.0000,1999.0000
207973.7150,2.0000,1998.0000,1478.0000,1352.0000,156.0000,127.0000,4.0000,1302.0000,19.0000,-7091.0000,0.1174,-0.9815,0.1450,0.0432,73.7900,-48.8300,-83.0400,1.0500,0.6000,5.1900,0.0000,0.0000,-0.0000,1587.0000,1565.0000,1500.0000,1999.0000
207990.7500,2.0000,1998.0000,1478.0000,1352.0000,136.0000,67.0000,3.0000,1586.0000,-87.0000,-7872.0000,0.1363,-0.9792,0.1479,0.0260,73.9700,-48.8500,-83.0900,1.6700,0.9400,4.2700,0.0000,0.0000,-0.0000,1587.0000,1565.0000,1500.0000,1999.0000
208007.5610,2.0000,1998.0000,1478.0000,1352.0000,122.0000,-3.0000,0.0000,1335.0000,-120.0000,-7645.0000,0.1543,-0.9765,0.1491,0.0184,74.1600,-48.8700,-83.1600,2.1800,1.2800,3.3500,0.0000,0.0000,-0.0000,1587.0000,1565.0000,1500.0000,1999.0000
208024.6670,2.0000,1998.0000,1478.0000,1352.0000,116.0000,-51.0000,-3.0000,1295.0000,-43.0000,-6222.0000,0.1722,-0.9736,0.1482,0.0203,74.1600,-48.8700,-83.1600,2.1800,1.2800,3.3500,0.0000,0.0000,-0.0000,1587.0000,1565.0000,1500.0000,1999.0000
208041.2710,2.0000,1998.0000,1478.0000,1352.0000,116.0000,-87.0000,-4.0000,1527.0000,-261.0000,-4495.0000,0.1898,-0.9705,0.1463,0.0273,74.3400,-48.8700,-83.2300,2.5900,1.5800,2.6000,0.0000,0.0000,-0.0000,1587.0000,1565.0000,1500.0000,1999.0000
208058.1070,2.0000,1998.0000,1463.0000,1287.0000,116.0000,-105.0000,-5.0000,1380.0000,-419.0000,-3090.0000,0.2084,-0.9667,0.1434,0.0389,74.5200,-48.8700,-83.3100,2.9900,1.8100,2.1100,0.0000,0.0000,-0.0000,1628.0000,1591.0000,1500.0000,1999.0000
208075.0420,2.0000,1998.0000,1463.0000,1285.0000,111.0000,-103.0000,-2.0000,1251.0000,-323.0000,-1671.0000,0.2271,-0.9624,0.1398,0.0517,74.7400,-48.8400,-83.3800,3.6700,2.1800,1.8300,0.0000,0.0000,-0.0000,1628.0000,1591.0000,1500.0000,1999.0000
208091.7860,2.0000,1998.0000,1463.0000,1285.0000,114.0000,-91.0000,4.0000,1477.0000,-401.0000,-179.0000,0.2447,-0.9578,0.1374,0.0629,74.9600,-48.8100,-83.4500,4.2500,2.4400,1.8100,0.0000,0.0000,-0.0000,1628.0000,1591.0000,1500.0000,1999.0000
208108.6580,2.0000,1998.0000,1463.0000,1285.0000,128.0000,-73.0000,8.0000,1463.0000,-579.0000,646.0000,0.2631,-0.9524,0.1363,0.0723,75.1700,-48.7700,-83.5300,4.7500,2.6000,1.9800,0.0000,0.0000,-0.0000,1628.0000,1591.0000,1500.0000,1999.0000
208125.6650,2.0000,1998.0000,1463.0000,1285.0000,139.0000,-41.0000,14.0000,1309.0000,-456.0000,744.0000,0.2832,-0.9460,0.1369,0.0785,75.1700,-48.7700,-83.5300,4.7500,2.6000,1.9800,0.0000,0.0000,-0.0000,1628.0000,1591.0000,1500.0000,1999.0000
208142.4370,2.0000,1999.0000,1549.0000,1227.0000,149.0000,-20.0000,20.0000,1567.0000,-427.0000,1005.0000,0.3035,-0.9391,0.1399,0.0802,75.3900,-48.7400,-83.6000,5.1700,2.7000,2.2200,0.0000,0.0000,-0.0000,1614.0000,1664.0000,1500.0000,2000.0000
208159.4540,2.0000,2000.0000,1550.0000,1226.0000,157.0000,-3.0000,25.0000,1511.0000,-644.0000,686.0000,0.3247,-0.9313,0.1449,0.0791,75.5900,-48.7000,-83.6700,5.5400,2.7900,2.4900,0.0000,0.0000,-0.0000,1614.0000,1664.0000,1500.0000,2000.0000
208176.2580,2.0000,2000.0000,1550.0000,1226.0000,162.0000,34.0000,32.0000,1317.0000,-528.0000,216.0000,0.3456,-0.9231,0.1510,0.0751,75.8600,-48.6400,-83.7400,6.1700,2.9800,2.7400,0.0000,0.0000,-0.0000,1614.0000,1664.0000,1500.0000,2000.0000
208193.1200,2.0000,2000.0000,1550.0000,1226.0000,165.0000,59.0000,38.0000,1182.0000,-351.0000,-437.0000,0.3663,-0.9142,0.1596,0.0672,76.1100,-48.5700,-83.8100,6.6700,3.1900,2.9300,0.0000,0.0000,-0.0000,1614.0000,1664.0000,1500.0000,2000.0000
208210.1010,2.0000,2000.0000,1550.0000,1226.0000,163.0000,89.0000,46.0000,1247.0000,-497.0000,-1345.0000,0.3862,-0.9048,0.1707,0.0555,76.3600,-48.5100,-83.8800,7.0700,3.4300,3.0000,0.0000,0.0000,-0.0000,1614.0000,1664.0000,1500.0000,2000.0000
208227.1800,2.0000,2000.0000,1550.0000,1226.0000,159.0000,103.0000,51.0000,1407.0000,-611.0000,-2564.0000,0.4050,-0.8947,0.1839,0.0411,76.6000,-48.4400,-83.9400,7.4300,3.7100,2.9400,0.0000,0.0000,-0.0000,1614.0000,1664.0000,1500.0000,2000.0000
208244.0180,2.0000,2000.0000,1550.0000,1226.0000,152.0000,114.0000,56.0000,1527.0000,-531.0000,-3782.0000,0.4220,-0.8843,0.1981,0.0259,76.6000,-48.4400,-83.9400,7.4300,3.7100,2.9400,0.0000,0.0000,-0.0000,1614.0000,1664.0000,1500.0000,2000.0000
208260.6980,2.0000,2000.0000,1355.0000,1317.0000,146.0000,98.0000,57.0000,1304.0000,-424.0000,-5166.0000,0.4376,-0.8737,0.2121,0.0115,76.8300,-48.3700,-84.0000,7.7100,4.0700,2.7000,0.0000,0.0000,-0.0000,1666.0000,1521.0000,1500.0000,2000.0000
208277.7060,2.0000,2000.0000,1355.0000,1317.0000,136.0000,72.0000,57.0000,1038.0000,-340.0000,-6251.0000,0.4531,-0.8627,0.2246,0.0000,77.0500,-48.3000,-84.0600,7.8900,4.5000,2.3800,0.0000,0.0000,-0.0000,1666.0000,1521.0000,1500.0000,2000.0000
208294.7030,2.0000,2000.0000,1355.0000,1317.0000,138.0000,25.0000,56.0000,1004.0000,-267.0000,-6775.0000,0.4685,-0.8518,0.2344,-0.0064,77.2600,-48.2200,-84.1200,7.9500,4.9800,1.9900,0.0000,0.0000,-0.0000,1666.0000,1521.0000,1500.0000,2000.0000
208311.5600,2.0000,2000.0000,1355.0000,1317.0000,159.0000,-26.0000,49.0000,982.0000,-29.0000,-6436.0000,0.4869,-0.8397,0.2404,-0.0079,77.4600,-48.1400,-84.1700,7.9600,5.4400,1.6500,0.0000,0.0000,-0.0000,1666.0000,1521.0000,1500.0000,2000.0000
208328.3460,2.0000,2000.0000,1355.0000,1317.0000,175.0000,-59.0000,44.0000,970.0000,-25.0000,-5187.0000,0.5089,-0.8260,0.2423,-0.0050,77.6400,-48.0600,-84.2100,7.9500,5.8200,1.4400,0.0000,0.0000,-0.0000,1666.0000,1521.0000,1500.0000,2000.0000
208345.0910,2.0000,2000.0000,1355.0000,1317.0000,187.0000,-80.0000,40.0000,1188.0000,-121.0000,-3204.0000,0.5330,-0.8108,0.2418,0.0001,77.6400,-48.0600,-84.2100,7.9500,5.8200,1.4400,0.0000,0.0000,-0.0000,1666.0000,1521.0000,1500.0000,2000.0000
208362.3130,2.0000,2000.0000,1000.0000,1514.0000,197.0000,-74.0000,38.0000,1194.0000,-53.0000,-1660.0000,0.5590,-0.7937,0.2400,0.0060,77.8100,-47.9700,-84.2600,7.9900,5.9900,1.3900,0.0000,0.0000,-0.0000,1903.0000,1084.0000,1500.0000,2000.0000
208379.2200,2.0000,2000.0000,1000.0000,1514.0000,203.0000,-69.0000,37.0000,1304.0000,-240.0000,-428.0000,0.5845,-0.7756,0.2380,0.0108,77.9700,-47.8900,-84.3100,8.0700,5.9900,1.4900,0.0000,0.0000,-0.0000,1903.0000,1084.0000,1500.0000,2000.0000
208396.1700,2.0000,2000.0000,1000.0000,1514.0000,207.0000,-72.0000,33.0000,927.0000,-353.0000,-557.0000,0.6104,-0.7561,0.2356,0.0150,78.1200,-47.8200,-84.3600,8.1700,5.8600,1.6800,0.0000,0.0000,-0.0000,1903.0000,1084.0000,1500.0000,2000.0000
208412.9700,2.0000,2000.0000,1000.0000,1514.0000,201.0000,-85.0000,28.0000,977.0000,-181.0000,-669.0000,0.6352,-0.7363,0.2325,0.0190,78.2700,-47.7500,-84.4100,8.2300,5.7500,1.9000,0.0000,0.0000,-0.0000,1903.0000,1084.0000,1500.0000,2000.0000
208429.9850,2.0000,2000.0000,1000.0000,1514.0000,198.0000,-110.0000,21.0000,499.0000,-256.0000,-807.0000,0.6598,-0.7160,0.2265,0.0249,78.4000,-47.6900,-84.4700,8.2500,5.6600,2.1400,0.0000,0.0000,-0.0000,1903.0000,1084.0000,1500.0000,2000.0000
208446.6770,2.0000,1998.0000,1000.0000,1724.0000,200.0000,-126.0000,15.0000,511.0000,-98.0000,524.0000,0.6841,-0.6955,0.2176,0.0323,78.4000,-47.6900,-84.4700,8.2500,5.6600,2.1400,0.0000,0.0000,-0.0000,1706.0000,1052.0000,1500.0000,1999.0000
208463.7710,2.0000,1998.0000,1000.0000,1744.0000,198.0000,-142.0000,10.0000,638.0000,-6.0000,2364.0000,0.7086,-0.6736,0.2061,0.0406,78.5300,-47.6400,-84.5300,8.2500,5.5000,2.4100,0.0000,0.0000,-0.0000,1706.0000,1052.0000,1500.0000,1999.0000
208480.7210,2.0000,1998.0000,1000.0000,1744.0000,194.0000,-158.0000,7.0000,745.0000,-238.0000,3923.0000,0.7323,-0.6514,0.1919,0.0507,78.6500,-47.6000,-84.5800,8.2900,5.1800,2.7200,0.0000,0.0000,-0.0000,1706.0000,1052.0000,1500.0000,1999.0000
208497.5790,2.0000,1998.0000,1000.0000,1744.0000,171.0000,-174.0000,8.0000,791.0000,-504.0000,4880.0000,0.7541,-0.6297,0.1759,0.0621,78.7600,-47.5600,-84.6200,8.3700,4.7300,2.9800,0.0000,0.0000,-0.0000,1706.0000,1052.0000,1500.0000,1999.0000
208514.5140,2.0000,1998.0000,1000.0000,1744.0000,140.0000,-191.0000,13.0000,671.0000,-730.0000,5698.0000,0.7727,-0.6101,0.1578,0.0761,78.8700,-47.5400,-84.6600,8.4500,4.2500,3.1700,0.0000,0.0000,-0.0000,1706.0000,1052.0000,1500.0000,1999.0000
208531.6000,2.0000,1998.0000,1000.0000,1744.0000,96.0000,-199.0000,18.0000,1057.0000,-660.0000,7227.0000,0.7874,-0.5937,0.1382,0.0923,78.9700,-47.5300,-84.6900,8.5200,3.7200,3.2900,0.0000,0.0000,-0.0000,1706.0000,1052.0000,1500.0000,1999.0000
208548.3710,2.0000,1998.0000,1000.0000,1744.0000,69.0000,-202.0000,21.0000,1303.0000,-666.0000,8653.0000,0.7980,-0.5808,0.1181,0.1095,78.9700,-47.5300,-84.6900,8.5200,3.7200,3.2900,0.0000,0.0000,-0.0000,1706.0000,1052.0000,1500.0000,1999.0000
208565.6420,2.0000,2000.0000,1000.0000,1420.0000,49.0000,-202.0000,21.0000,1542.0000,-551.0000,9636.0000,0.8059,-0.5699,0.0971,0.1278,79.0700,-47.5300,-84.7100,8.5800,3.1000,3.3300,0.0000,0.0000,-0.0000,1932.0000,1149.0000,1500.0000,2000.0000
208582.6980,2.0000,2000.0000,1000.0000,1420.0000,33.0000,-197.0000,22.0000,1568.0000,-659.0000,10461.0000,0.8113,-0.5608,0.0761,0.1463,79.1600,-47.5400,-84.7100,8.6200,2.4300,3.3000,0.0000,0.0000,-0.0000,1932.0000,1149.0000,1500.0000,2000.0000
208599.2700,2.0000,2000.0000,1000.0000,1420.0000,36.0000,-177.0000,16.0000,1839.0000,-742.0000,11357.0000,0.8154,-0.5526,0.0564,0.1630,79.2400,-47.5600,-84.7100,8.6100,1.7600,3.1600,0.0000,0.0000,-0.0000,1932.0000,1149.0000,1500.0000,2000.0000
208616.2420,2.0000,2000.0000,1000.0000,1420.0000,63.0000,-142.0000,9.0000,1997.0000,-644.0000,11812.0000,0.8202,-0.5427,0.0397,0.1765,79.3400,-47.5900,-84.7000,8.5700,1.0500,2.9300,0.0000,0.0000,-0.0000,1932.0000,1149.0000,1500.0000,2000.0000
208632.9450,2.0000,2000.0000,1000.0000,1420.0000,91.0000,-102.0000,0.0000,1557.0000,-649.0000,11633.0000,0.8269,-0.5302,0.0282,0.1852,79.4300,-47.6300,-84.6800,8.4900,0.3600,2.6400,0.0000,0.0000,-0.0000,1932.0000,1149.0000,1500.0000,2000.0000
208649.7280,2.0000,2000.0000,1489.0000,1207.0000,118.0000,-54.0000,-6.0000,1217.0000,-660.0000,10782.0000,0.8356,-0.5151,0.0220,0.1895,79.4300,-47.6300,-84.6800,8.4900,0.3600,2.6400,0.0000,0.0000,-0.0000,1654.0000,1644.0000,1500.0000,2000.0000
208666.7040,2.0000,2000.0000,1490.0000,1206.0000,142.0000,-8.0000,-10.0000,1194.0000,-616.0000,9543.0000,0.8459,-0.4981,0.0216,0.1895,79.5900,-47.6400,-84.6600,8.5200,-0.1100,2.3300,0.0000,0.0000,-0.0000,1654.0000,1644.0000,1500.0000,2000.0000
208683.5640,2.0000,2000.0000,1490.0000,1206.0000,174.0000,36.0000,-8.0000,1347.0000,-724.0000,8599.0000,0.8576,-0.4787,0.0281,0.1860,79.9800,-47.5600,-84.6500,9.0400,-0.2600,2.0200,0.0000,0.0000,-0.0000,1654.0000,1644.0000,1500.0000,2000.0000
208700.5240,2.0000,2000.0000,1490.0000,1206.0000,203.0000,87.0000,-2.0000,882.0000,-770.0000,6543.0000,0.8707,-0.4560,0.0412,0.1794,80.3500,-47.4900,-84.6500,9.5300,-0.2500,1.7400,0.0000,0.0000,-0.0000,1654.0000,1644.0000,1500.0000,2000.0000
208717.2230,2.0000,2000.0000,1490.0000,1206.0000,234.0000,130.0000,6.0000,789.0000,-620.0000,4000.0000,0.8842,-0.4308,0.0617,0.1700,80.7400,-47.4000,-84.6500,10.0400,0.0700,1.5700,0.0000,0.0000,-0.0000,1654.0000,1644.0000,1500.0000,2000.0000
208734.0310,2.0000,2000.0000,1490.0000,1206.0000,256.0000,160.0000,15.0000,844.0000,-559.0000,1582.0000,0.8975,-0.4020,0.0879,0.1588,80.7400,-47.4000,-84.6500,10.0400,0.0700,1.5700,0.0000,0.0000,-0.0000,1654.0000,1644.0000,1500.0000,2000.0000
208750.6650,2.0000,2000.0000,1490.0000,1206.0000,260.0000,190.0000,24.0000,834.0000,-348.0000,-906.0000,0.9091,-0.3716,0.1179,0.1469,81.1500,-47.2900,-84.6600,10.5600,0.7000,1.5600,0.0000,0.0000,-0.0000,1654.0000,1644.0000,1500.0000,2000.0000
208767.7070,2.0000,1998.0000,2000.0000,1809.0000,251.0000,201.0000,33.0000,861.0000,-350.0000,-3340.0000,0.9181,-0.3404,0.1521,0.1346,81.5500,-47.1800,-84.6600,11.0100,1.3500,1.6900,0.0000,0.0000,-0.0000,1013.0000,1680.0000,1500.0000,1999.0000
208784.5750,2.0000,1998.0000,2000.0000,1809.0000,230.0000,207.0000,43.0000,1129.0000,-422.0000,-5297.0000,0.9238,-0.3106,0.1867,0.1237,81.9900,-47.0500,-84.6600,11.3700,1.8900,2.0100,0.0000,0.0000,-0.0000,1013.0000,1680.0000,1500.0000,1999.0000
208801.2160,2.0000,1998.0000,2000.0000,1809.0000,179.0000,176.0000,52.0000,1334.0000,-208.0000,-7333.0000,0.9262,-0.2848,0.2184,0.1154,82.4200,-46.9200,-84.6800,11.6000,2.5000,2.2800,0.0000,0.0000,-0.0000,1013.0000,1680.0000,1500.0000,1999.0000
208818.0120,2.0000,1998.0000,2000.0000,1809.0000,70.0000,132.0000,58.0000,1114.0000,-98.0000,-8456.0000,0.9253,-0.2681,0.2438,0.1121,82.8200,-46.7800,-84.7000,11.6600,3.1100,2.6700,0.0000,0.0000,-0.0000,1013.0000,1680.0000,1500.0000,1999.0000
208835.0460,2.0000,1998.0000,2000.0000,1809.0000,-67.0000,71.0000,67.0000,527.0000,-169.0000,-8326.0000,0.9205,-0.2674,0.2601,0.1165,82.8200,-46.7800,-84.7000,11.6600,3.1100,2.6700,0.0000,0.0000,-0.0000,1013.0000,1680.0000,1500.0000,1999.0000
208851.7200,2.0000,1999.0000,1000.0000,1413.0000,-196.0000,12.0000,77.0000,370.0000,-92.0000,-6839.0000,0.9121,-0.2835,0.2663,0.1296,83.1900,-46.6400,-84.7500,11.5900,3.6500,3.0300,0.0000,0.0000,-0.0000,1931.0000,1176.0000,1500.0000,2000.0000
208868.4840,2.0000,2000.0000,1000.0000,1394.0000,-294.0000,-19.0000,81.0000,317.0000,-114.0000,-4792.0000,0.8998,-0.3133,0.2641,0.1500,83.5400,-46.5000,-84.7900,11.5000,4.0800,3.3900,0.0000,0.0000,-0.0000,1931.0000,1176.0000,1500.0000,2000.0000
208885.2400,2.0000,2000.0000,1000.0000,1394.0000,-360.0000,-33.0000,79.0000,190.0000,-50.0000,-2636.0000,0.8829,-0.3528,0.2562,0.1746,83.8800,-46.3700,-84.8100,11.4900,4.1900,3.6600,0.0000,0.0000,-0.0000,1931.0000,1176.0000,1500.0000,2000.0000
208902.2790,2.0000,2000.0000,1000.0000,1394.0000,-375.0000,-27.0000,72.0000,457.0000,94.0000,-582.0000,0.8610,-0.3975,0.2463,0.2001,84.2500,-46.2500,-84.8200,11.5500,3.8600,3.8600,0.0000,0.0000,-0.0000,1931.0000,1176.0000,1500.0000,2000.0000
208918.8510,2.0000,2000.0000,1000.0000,1394.0000,-326.0000,-16.0000,59.0000,493.0000,-173.0000,931.0000,0.8385,-0.4378,0.2367,0.2219,84.6000,-46.1500,-84.8300,11.6700,3.4000,4.0300,0.0000,0.0000,-0.0000,1931.0000,1176.0000,1500.0000,2000.0000
208935.9470,2.0000,2000.0000,1000.0000,1394.0000,-245.0000,3.0000,38.0000,636.0000,-130.0000,1526.0000,0.8174,-0.4715,0.2298,0.2382,84.6000,-46.1500,-84.8300,11.6700,3.4000,4.0300,0.0000,0.0000,-0.0000,1931.0000,1176.0000,1500.0000,2000.0000
208952.8850,2.0000,2000.0000,1000.0000,1394.0000,-134.0000,8.0000,9.0000,185.0000,372.0000,418.0000,0.8027,-0.4937,0.2256,0.2470,84.9300,-46.0700,-84.8300,11.7800,2.9000,4.1900,0.0000,0.0000,-0.0000,1931.0000,1176.0000,1500.0000,2000.0000
208969.7020,2.0000,2000.0000,1000.0000,1603.0000,-18.0000,-10.0000,-19.0000,78.0000,550.0000,-577.0000,0.7976,-0.5024,0.2221,0.2491,85.2700,-46.0100,-84.8200,11.7900,2.3900,4.4700,0.0000,0.0000,-0.0000,1839.0000,1059.0000,1500.0000,2000.0000
208986.4000,2.0000,2000.0000,1000.0000,1603.0000,77.0000,-28.0000,-45.0000,314.0000,512.0000,-658.0000,0.8020,-0.4987,0.2185,0.2457,85.6300,-45.9700,-84.8100,11.6700,1.9100,4.8200,0.0000,0.0000,-0.0000,1839.0000,1059.0000,1500.0000,2000.0000
209003.3290,2.0000,2000.0000,1000.0000,1603.0000,125.0000,-60.0000,-70.0000,465.0000,560.0000,-363.0000,0.8130,-0.4866,0.2129,0.2386,85.9700,-45.9400,-84.7900,11.5600,1.4900,5.1800,0.0000,0.0000,-0.0000,1839.0000,1059.0000,1500.0000,2000.0000
209020.0840,2.0000,2000.0000,1000.0000,1603.0000,139.0000,-100.0000,-85.0000,164.0000,477.0000,327.0000,0.8273,-0.4706,0.2022,0.2306,86.2800,-45.9200,-84.7600,11.4500,1.0900,5.5400,0.0000,0.0000,-0.0000,1839.0000,1059.0000,1500.0000,2000.0000
209036.8190,2.0000,2000.0000,1000.0000,1603.0000,151.0000,-142.0000,-92.0000,-82.0000,-127.0000,1626.0000,0.8436,-0.4513,0.1862,0.2237,86.2800,-45.9200,-84.7600,11.4500,1.0900,5.5400,0.0000,0.0000,-0.0000,1839.0000,1059.0000,1500.0000,2000.0000
209053.5400,2.0000,1998.0000,1689.0000,2000.0000,156.0000,-165.0000,-92.0000,203.0000,-654.0000,3864.0000,0.8606,-0.4293,0.1661,0.2178,86.5700,-45.9100,-84.7100,11.3500,0.6700,5.8000,0.0000,0.0000,-0.0000,1048.0000,1238.0000,1500.0000,1999.0000
209070.4380,2.0000,1998.0000,1690.0000,2000.0000,165.0000,-186.0000,-87.0000,528.0000,-953.0000,6316.0000,0.8775,-0.4051,0.1431,0.2133,86.8700,-45.9100,-84.6400,11.3200,0.1800,5.9200,0.0000,0.0000,-0.0000,1048.0000,1238.0000,1500.0000,1999.0000
209087.1810,2.0000,1998.0000,1690.0000,2000.0000,160.0000,-201.0000,-75.0000,848.0000,-964.0000,8199.0000,0.8932,-0.3793,0.1186,0.2105,87.1800,-45.9300,-84.5500,11.3500,-0.3900,5.8800,0.0000,0.0000,-0.0000,1048.0000,1238.0000,1500.0000,1999.0000
209104.1950,2.0000,1998.0000,1690.0000,2000.0000,124.0000,-208.0000,-52.0000,1066.0000,-1144.0000,10063.0000,0.9062,-0.3549,0.0924,0.2104,87.4700,-45.9600,-84.4500,11.3800,-1.0200,5.6400,0.0000,0.0000,-0.0000,1048.0000,1238.0000,1500.0000,1999.0000
209121.0100,2.0000,1998.0000,1690.0000,2000.0000,68.0000,-207.0000,-24.0000,1363.0000,-1358.0000,11596.0000,0.9147,-0.3363,0.0660,0.2141,87.7500,-46.0100,-84.3500,11.3800,-1.6500,5.1900,0.0000,0.0000,-0.0000,1048.0000,1238.0000,1500.0000,1999.0000
209137.6630,2.0000,1998.0000,1690.0000,2000.0000,-1.0000,-188.0000,9.0000,1547.0000,-1488.0000,13115.0000,0.9183,-0.3255,0.0405,0.2217,87.7500,-46.0100,-84.3500,11.3800,-1.6500,5.1900,0.0000,0.0000,-0.0000,1048.0000,1238.0000,1500.0000,1999.0000
209154.2950,2.0000,2000.0000,2000.0000,1712.0000,-72.0000,-149.0000,35.0000,1682.0000,-1436.0000,14386.0000,0.9167,-0.3248,0.0180,0.2321,88.0100,-46.0600,-84.2400,11.3400,-2.2600,4.5400,0.0000,0.0000,-0.0000,1105.0000,1686.0000,1500.0000,2000.0000
209171.4220,2.0000,2000.0000,2000.0000,1711.0000,-139.0000,-102.0000,62.0000,1767.0000,-1409.0000,14312.0000,0.9101,-0.3346,-0.0003,0.2444,88.2800,-46.1200,-84.1300,11.2900,-2.9000,3.7400,0.0000,0.0000,-0.0000,1105.0000,1686.0000,1500.0000,2000.0000
209188.3770,2.0000,2000.0000,2000.0000,1711.0000,-189.0000,-58.0000,79.0000,1619.0000,-1159.0000,13398.0000,0.8991,-0.3538,-0.0135,0.2575,88.5600,-46.2000,-84.0400,11.2100,-3.5200,2.9100,0.0000,0.0000,-0.0000,1105.0000,1686.0000,1500.0000,2000.0000
209205.1680,2.0000,2000.0000,2000.0000,1711.0000,-238.0000,0.0000,89.0000,1194.0000,-894.0000,12426.0000,0.8844,-0.3808,-0.0209,0.2692,88.8200,-46.2800,-83.9600,11.0500,-4.1000,2.2000,0.0000,0.0000,-0.0000,1105.0000,1686.0000,1500.0000,2000.0000
209221.7440,2.0000,2000.0000,2000.0000,1711.0000,-292.0000,47.0000,96.0000,803.0000,-612.0000,11110.0000,0.8655,-0.4158,-0.0227,0.2782,88.8200,-46.2800,-83.9600,11.0500,-4.1000,2.2000,0.0000,0.0000,-0.0000,1105.0000,1686.0000,1500.0000,2000.0000
209238.4200,2.0000,2000.0000,2000.0000,1711.0000,-359.0000,111.0000,102.0000,668.0000,-384.0000,8805.0000,0.8411,-0.4599,-0.0196,0.2841,89.0600,-46.3700,-83.8800,10.8100,-4.5700,1.6800,0.0000,0.0000,-0.0000,1105.0000,1686.0000,1500.0000,2000.0000
209254.9370,2.0000,2000.0000,1488.0000,1326.0000,-410.0000,145.0000,105.0000,495.0000,-153.0000,5568.0000,0.8101,-0.5115,-0.0128,0.2863,89.2900,-46.4700,-83.8100,10.5800,-4.8800,1.3600,0.0000,0.0000,-0.0000,1696.0000,1563.0000,1500.0000,2000.0000
209272.2970,2.0000,2000.0000,1367.0000,1245.0000,-451.0000,176.0000,106.0000,415.0000,176.0000,1850.0000,0.7702,-0.5704,-0.0035,0.2852,89.5500,-46.5800,-83.7300,10.5300,-5.0300,1.3400,0.0000,0.0000,-0.0000,1696.0000,1563.0000,1500.0000,2000.0000
209289.2710,2.0000,2000.0000,1367.0000,1245.0000,-454.0000,202.0000,103.0000,268.0000,328.0000,-1418.0000,0.7251,-0.6290,0.0075,0.2801,89.8300,-46.6900,-83.6400,10.6500,-4.9300,1.5300,0.0000,0.0000,-0.0000,1696.0000,1563.0000,1500.0000,2000.0000
209306.1660,2.0000,2000.0000,1367.0000,1245.0000,-396.0000,196.0000,90.0000,493.0000,353.0000,-4127.0000,0.6791,-0.6816,0.0200,0.2718,90.0900,-46.7900,-83.5500,10.8300,-4.5200,1.7300,0.0000,0.0000,-0.0000,1696.0000,1563.0000,1500.0000,2000.0000
209323.0600,2.0000,2000.0000,1367.0000,1245.0000,-286.0000,191.0000,75.0000,830.0000,782.0000,-5786.0000,0.6392,-0.7225,0.0337,0.2612,90.0900,-46.7900,-83.5500,10.8300,-4.5200,1.7300,0.0000,0.0000,-0.0000,1696.0000,1563.0000,1500.0000,2000.0000
209339.9470,2.0000,2000.0000,1000.0000,1362.0000,-138.0000,163.0000,39.0000,194.0000,1127.0000,-7560.0000,0.6127,-0.7484,0.0475,0.2493,90.3500,-46.8700,-83.4700,11.0900,-3.9100,1.9000,0.0000,0.0000,-0.0000,1929.0000,1210.0000,1500.0000,2000.0000
209356.8140,2.0000,2000.0000,1000.0000,1362.0000,-2.0000,106.0000,-5.0000,-152.0000,1407.0000,-8654.0000,0.6035,-0.7592,0.0582,0.2368,90.5900,-46.9300,-83.4300,11.3100,-3.1800,1.7100,0.0000,0.0000,-0.0000,1929.0000,1210.0000,1500.0000,2000.0000
209373.8070,2.0000,2000.0000,1000.0000,1362.0000,81.0000,43.0000,-34.0000,-47.0000,1122.0000,-9276.0000,0.6081,-0.7582,0.0636,0.2264,90.8700,-47.0100,-83.4100,11.5600,-2.6700,1.5100,0.0000,0.0000,-0.0000,1929.0000,1210.0000,1500.0000,2000.0000
209390.5150,2.0000,2000.0000,1000.0000,1362.0000,155.0000,-42.0000,-65.0000,499.0000,974.0000,-9321.0000,0.6229,-0.7479,0.0615,0.2212,91.1800,-47.0800,-83.4200,11.8300,-2.2800,1.3100,0.0000,0.0000,-0.0000,1929.0000,1210.0000,1500.0000,2000.0000
209407.1230,2.0000,2000.0000,1000.0000,1362.0000,209.0000,-101.0000,-94.0000,-34.0000,1040.0000,-7482.0000,0.6457,-0.7293,0.0518,0.2203,91.4600,-47.1500,-83.4500,12.0500,-1.9800,1.2200,0.0000,0.0000,-0.0000,1929.0000,1210.0000,1500.0000,2000.0000
209424.2310,2.0000,2000.0000,1000.0000,1362.0000,258.0000,-155.0000,-117.0000,-28.0000,779.0000,-3754.0000,0.6750,-0.7025,0.0347,0.2229,91.4600,-47.1500,-83.4500,12.0500,-1.9800,1.2200,0.0000,0.0000,-0.0000,1929.0000,1210.0000,1500.0000,2000.0000
209440.9500,2.0000,2000.0000,1000.0000,1362.0000,287.0000,-167.0000,-125.0000,541.0000,121.0000,339.0000,0.7068,-0.6702,0.0148,0.2260,91.7300,-47.2100,-83.4800,12.1300,-1.9900,1.2900,0.0000,0.0000,-0.0000,1929.0000,1210.0000,1500.0000,2000.0000
209457.7990,2.0000,1997.0000,1740.0000,1594.0000,312.0000,-166.0000,-122.0000,631.0000,-614.0000,3240.0000,0.7399,-0.6328,-0.0046,0.2283,91.9900,-47.2600,-83.5100,12.1200,-2.4300,1.5800,0.0000,0.0000,-0.0000,1331.0000,1576.0000,1500.0000,1998.0000
209474.8420,2.0000,1997.0000,1742.0000,1594.0000,336.0000,-162.0000,-111.0000,568.0000,-994.0000,5639.0000,0.7731,-0.5904,-0.0229,0.2310,92.2900,-47.3700,-83.5200,12.0700,-3.3600,1.8900,0.0000,0.0000,-0.0000,1331.0000,1576.0000,1500.0000,1998.0000
209491.8820,2.0000,1997.0000,1742.0000,1594.0000,334.0000,-149.0000,-88.0000,690.0000,-1461.0000,7550.0000,0.8046,-0.5445,-0.0379,0.2340,92.5900,-47.5200,-83.5000,11.9400,-4.4700,2.1200,0.0000,0.0000,-0.0000,1331.0000,1576.0000,1500.0000,1998.0000
209508.8640,2.0000,1997.0000,1742.0000,1594.0000,280.0000,-148.0000,-51.0000,947.0000,-1792.0000,8932.0000,0.8302,-0.5012,-0.0505,0.2389,92.8500,-47.6700,-83.4500,11.7700,-5.5200,2.1500,0.0000,0.0000,-0.0000,1331.0000,1576.0000,1500.0000,1998.0000
209525.4520,2.0000,1997.0000,1742.0000,1594.0000,205.0000,-140.0000,-10.0000,1227.0000,-1849.0000,10138.0000,0.8470,-0.4668,-0.0614,0.2469,92.8500,-47.6700,-83.4500,11.7700,-5.5200,2.1500,0.0000,0.0000,-0.0000,1331.0000,1576.0000,1500.0000,1998.0000
209542.4460,2.0000,1997.0000,1742.0000,1594.0000,123.0000,-109.0000,27.0000,1228.0000,-1655.0000,11371.0000,0.8568,-0.4414,-0.0701,0.2573,93.1100,-47.8300,-83.3800,11.5900,-6.5100,1.9900,0.0000,0.0000,-0.0000,1331.0000,1576.0000,1500.0000,1998.0000
209559.2920,2.0000,1997.0000,2000.0000,1796.0000,29.0000,-65.0000,59.0000,1291.0000,-1656.0000,12223.0000,0.8592,-0.4291,-0.0752,0.2684,93.3300,-48.0000,-83.3100,11.3700,-7.4000,1.6900,0.0000,0.0000,-0.0000,1001.0000,1705.0000,1500.0000,1998.0000
209575.9020,2.0000,1997.0000,2000.0000,1796.0000,-48.0000,-20.0000,86.0000,1014.0000,-1457.0000,11310.0000,0.8551,-0.4296,-0.0762,0.2800,93.6000,-48.2100,-83.2300,11.0900,-8.2600,1.2900,0.0000,0.0000,-0.0000,1001.0000,1705.0000,1500.0000,1998.0000
209592.6800,2.0000,1997.0000,2000.0000,1796.0000,-133.0000,7.0000,107.0000,661.0000,-1339.0000,9672.0000,0.8451,-0.4417,-0.0747,0.2916,93.8600,-48.4300,-83.1400,10.8200,-8.9400,0.9300,0.0000,0.0000,-0.0000,1001.0000,1705.0000,1500.0000,1998.0000
209609.3200,2.0000,1997.0000,2000.0000,1796.0000,-234.0000,45.0000,125.0000,404.0000,-955.0000,7941.0000,0.8281,-0.4667,-0.0718,0.3021,94.1100,-48.6600,-83.0500,10.5900,-9.4000,0.7000,0.0000,0.0000,-0.0000,1001.0000,1705.0000,1500.0000,1998.0000
209626.1620,2.0000,1997.0000,2000.0000,1796.0000,-325.0000,90.0000,137.0000,209.0000,-412.0000,5824.0000,0.8027,-0.5048,-0.0674,0.3105,94.1100,-48.6600,-83.0500,10.5900,-9.4000,0.7000,0.0000,0.0000,-0.0000,1001.0000,1705.0000,1500.0000,1998.0000
209643.0080,2.0000,1997.0000,2000.0000,1796.0000,-393.0000,121.0000,142.0000,192.0000,-6.0000,3584.0000,0.7691,-0.5526,-0.0613,0.3153,94.3200,-48.8700,-82.9600,10.3900,-9.6700,0.6500,0.0000,0.0000,-0.0000,1001.0000,1705.0000,1500.0000,1998.0000
209659.6420,2.0000,2000.0000,1406.0000,1236.0000,-463.0000,148.0000,139.0000,372.0000,426.0000,1056.0000,0.7271,-0.6072,-0.0547,0.3158,94.5300,-49.0700,-82.8700,10.2700,-9.7500,0.7900,0.0000,0.0000,-0.0000,1682.0000,1587.0000,1500.0000,2000.0000
209676.6720,2.0000,2000.0000,1405.0000,1235.0000,-485.0000,169.0000,128.0000,517.0000,828.0000,-1496.0000,0.6769,-0.6653,-0.0478,0.3114,94.7700,-49.3000,-82.7600,10.2700,-9.6400,1.0600,0.0000,0.0000,-0.0000,1682.0000,1587.0000,1500.0000,2000.0000
209693.5060,2.0000,2000.0000,1405.0000,1235.0000,-464.0000,159.0000,109.0000,116.0000,984.0000,-3765.0000,0.6241,-0.7187,-0.0420,0.3036,95.0200,-49.5300,-82.6600,10.3800,-9.2800,1.3500,0.0000,0.0000,-0.0000,1682.0000,1587.0000,1500.0000,2000.0000
209710.4170,2.0000,2000.0000,1405.0000,1235.0000,-397.0000,145.0000,78.0000,122.0000,1101.0000,-5007.0000,0.5732,-0.7642,-0.0378,0.2932,95.2600,-49.7200,-82.5600,10.5300,-8.7600,1.5000,0.0000,0.0000,-0.0000,1682.0000,1587.0000,1500.0000,2000.0000
209727.3270,2.0000,2000.0000,1405.0000,1235.0000,-288.0000,122.0000,28.0000,118.0000,1773.0000,-4925.0000,0.5320,-0.7981,-0.0359,0.2805,95.2600,-49.7200,-82.5600,10.5300,-8.7600,1.5000,0.0000,0.0000,-0.0000,1682.0000,1587.0000,1500.0000,2000.0000
209744.0170,2.0000,2000.0000,1405.0000,1235.0000,-141.0000,114.0000,-14.0000,682.0000,1409.0000,-4967.0000,0.5067,-0.8192,-0.0356,0.2662,95.4800,-49.9000,-82.4800,10.6800,-8.2200,1.4600,0.0000,0.0000,-0.0000,1682.0000,1587.0000,1500.0000,2000.0000
209760.9040,2.0000,2000.0000,1296.0000,1244.0000,6.0000,118.0000,-47.0000,714.0000,1121.0000,-5434.0000,0.5006,-0.8281,-0.0340,0.2499,95.6900,-50.0500,-82.4300,10.8300,-7.7400,1.3900,0.0000,0.0000,-0.0000,1732.0000,1528.0000,1500.0000,2000.0000
209777.7260,2.0000,2000.0000,1296.0000,1244.0000,93.0000,108.0000,-79.0000,585.0000,1418.0000,-6532.0000,0.5096,-0.8278,-0.0326,0.2324,95.9400,-50.2500,-82.3800,10.9300,-7.5900,1.2900,0.0000,0.0000,-0.0000,1732.0000,1528.0000,1500.0000,2000.0000
209794.5630,2.0000,2000.0000,1296.0000,1244.0000,156.0000,83.0000,-101.0000,833.0000,1087.0000,-7735.0000,0.5281,-0.8209,-0.0332,0.2149,96.2000,-50.4500,-82.3600,11.0100,-7.4200,1.1700,0.0000,0.0000,-0.0000,1732.0000,1528.0000,1500.0000,2000.0000
209811.5160,2.0000,2000.0000,1296.0000,1244.0000,200.0000,47.0000,-115.0000,648.0000,750.0000,-8318.0000,0.5531,-0.8082,-0.0360,0.1992,96.4300,-50.6300,-82.3400,11.0900,-7.1600,1.0400,0.0000,0.0000,-0.0000,1732.0000,1528.0000,1500.0000,2000.0000
209828.8040,2.0000,2000.0000,1296.0000,1244.0000,238.0000,2.0000,-123.0000,744.0000,332.0000,-7749.0000,0.5829,-0.7894,-0.0426,0.1877,96.4300,-50.6300,-82.3400,11.0900,-7.1600,1.0400,0.0000,0.0000,-0.0000,1732.0000,1528.0000,1500.0000,2000.0000
209845.5420,2.0000,2000.0000,1296.0000,1244.0000,257.0000,-29.0000,-119.0000,222.0000,-215.0000,-6249.0000,0.6144,-0.7664,-0.0511,0.1802,96.6600,-50.7900,-82.3500,11.1600,-6.9200,0.8200,0.0000,0.0000,-0.0000,1732.0000,1528.0000,1500.0000,2000.0000
209862.7460,2.0000,1998.0000,1478.0000,1354.0000,278.0000,-40.0000,-106.0000,-195.0000,-500.0000,-4161.0000,0.6471,-0.7393,-0.0606,0.1761,96.8700,-50.9400,-82.3700,11.1100,-6.8100,0.7000,0.0000,0.0000,-0.0000,1586.0000,1565.0000,1500.0000,1999.0000
209879.8190,2.0000,1998.0000,1479.0000,1353.0000,303.0000,-46.0000,-88.0000,40.0000,-783.0000,-1667.0000,0.6804,-0.7083,-0.0688,0.1749,97.1100,-51.1400,-82.3800,10.9300,-7.0200,0.7400,0.0000,0.0000,-0.0000,1586.0000,1565.0000,1500.0000,1999.0000
209896.5910,2.0000,1998.0000,1479.0000,1353.0000,294.0000,-28.0000,-57.0000,247.0000,-1152.0000,108.0000,0.7124,-0.6757,-0.0730,0.1750,97.3400,-51.3500,-82.3800,10.6700,-7.4600,0.9500,0.0000,0.0000,-0.0000,1586.0000,1565.0000,1500.0000,1999.0000
209913.6460,2.0000,1998.0000,1479.0000,1353.0000,259.0000,-9.0000,-21.0000,529.0000,-1639.0000,1143.0000,0.7404,-0.6448,-0.0720,0.1759,97.5500,-51.5500,-82.3700,10.4100,-7.9900,1.1600,0.0000,0.0000,-0.0000,1586.0000,1565.0000,1500.0000,1999.0000
209930.6710,2.0000,1998.0000,1479.0000,1353.0000,228.0000,8.0000,19.0000,612.0000,-1586.0000,1557.0000,0.7631,-0.6176,-0.0659,0.1786,97.5500,-51.5500,-82.3700,10.4100,-7.9900,1.1600,0.0000,0.0000,-0.0000,1586.0000,1565.0000,1500.0000,1999.0000
209947.4560,2.0000,1998.0000,1479.0000,1353.0000,211.0000,21.0000,52.0000,836.0000,-1429.0000,1542.0000,0.7816,-0.5937,-0.0551,0.1833,97.7400,-51.7500,-82.3500,10.1700,-8.5100,1.4300,0.0000,0.0000,-0.0000,1586.0000,1565.0000,1500.0000,1999.0000
209964.8110,2.0000,1998.0000,1480.0000,1354.0000,199.0000,36.0000,84.0000,276.0000,-1633.0000,1664.0000,0.7978,-0.5706,-0.0398,0.1906,97.9200,-51.9500,-82.3000,9.9600,-8.9700,1.7000,0.0000,0.0000,-0.0000,1585.0000,1565.0000,1500.0000,1999.0000
209981.8470,2.0000,1998.0000,1480.0000,1354.0000,186.0000,49.0000,114.0000,177.0000,-1274.0000,1270.0000,0.8108,-0.5495,-0.0212,0.2005,98.1300,-52.1900,-82.2400,9.8600,-9.2800,1.9200,0.0000,0.0000,-0.0000,1585.0000,1565.0000,1500.0000,1999.0000
209998.9150,2.0000,1998.0000,1480.0000,1354.0000,174.0000,64.0000,136.0000,517.0000,-1066.0000,277.0000,0.8213,-0.5295,0.0007,0.2122,98.3500,-52.4400,-82.1500,9.7800,-9.4900,2.1600,0.0000,0.0000,-0.0000,1585.0000,1565.0000,1500.0000,1999.0000
210016.0610,2.0000,1998.0000,1480.0000,1354.0000,164.0000,77.0000,153.0000,443.0000,-816.0000,-612.0000,0.8293,-0.5108,0.0259,0.2251,98.5400,-52.6700,-82.0500,9.7400,-9.5800,2.4500,0.0000,0.0000,-0.0000,1585.0000,1565.0000,1500.0000,1999.0000
210032.9720,2.0000,1998.0000,1480.0000,1354.0000,154.0000,93.0000,167.0000,109.0000,-547.0000,-1388.0000,0.8349,-0.4933,0.0536,0.2382,98.5400,-52.6700,-82.0500,9.7400,-9.5800,2.4500,0.0000,0.0000,-0.0000,1585.0000,1565.0000,1500.0000,1999.0000
210049.9370,2.0000,1998.0000,1477.0000,1355.0000,142.0000,102.0000,172.0000,59.0000,-313.0000,-2677.0000,0.8381,-0.4769,0.0824,0.2518,98.7300,-52.8800,-81.9400,9.6800,-9.5700,2.7700,0.0000,0.0000,-0.0000,1587.0000,1563.0000,1500.0000,1999.0000
210067.1380,2.0000,1998.0000,1476.0000,1354.0000,139.0000,111.0000,170.0000,45.0000,45.0000,-4463.0000,0.8395,-0.4608,0.1131,0.2646,98.9000,-53.0800,-81.8200,9.6000,-9.4500,3.1200,0.0000,0.0000,-0.0000,1587.0000,1563.0000,1500.0000,1999.0000
210084.0750,2.0000,1998.0000,1476.0000,1354.0000,135.0000,106.0000,161.0000,258.0000,439.0000,-5797.0000,0.8398,-0.4452,0.1428,0.2758,99.1200,-53.3100,-81.7000,9.6700,-9.1300,3.5500,0.0000,0.0000,-0.0000,1587.0000,1563.0000,1500.0000,1999.0000
210100.6570,2.0000,1998.0000,1476.0000,1354.0000,130.0000,87.0000,134.0000,303.0000,1196.0000,-7096.0000,0.8398,-0.4298,0.1692,0.2852,99.3500,-53.5300,-81.5700,9.7000,-8.7100,4.0100,0.0000,0.0000,-0.0000,1587.0000,1563.0000,1500.0000,1999.0000
210117.5250,2.0000,1998.0000,1476.0000,1354.0000,129.0000,56.0000,101.0000,107.0000,1576.0000,-7492.0000,0.8407,-0.4141,0.1907,0.2921,99.5600,-53.7200,-81.4500,9.6400,-8.2900,4.4800,0.0000,0.0000,-0.0000,1587.0000,1563.0000,1500.0000,1999.0000
210134.3300,2.0000,1998.0000,1476.0000,1354.0000,121.0000,40.0000,77.0000,-438.0000,1457.0000,-6454.0000,0.8427,-0.3983,0.2073,0.2970,99.5600,-53.7200,-81.4500,9.6400,-8.2900,4.4800,0.0000,0.0000,-0.0000,1587.0000,1563.0000,1500.0000,1999.0000
210151.2780,2.0000,1998.0000,1476.0000,1354.0000,118.0000,26.0000,48.0000,-75.0000,1309.0000,-5622.0000,0.8456,-0.3830,0.2201,0.2996,99.7500,-53.8900,-81.3300,9.5000,-7.9200,4.8900,0.0000,0.0000,-0.0000,1587.0000,1563.0000,1500.0000,1999.0000
210168.3270,2.0000,1998.0000,1478.0000,1354.0000,117.0000,25.0000,19.0000,-131.0000,1358.0000,-4539.0000,0.8496,-0.3685,0.2304,0.2988,99.9300,-54.0500,-81.2300,9.3600,-7.6900,5.3100,0.0000,0.0000,-0.0000,1586.0000,1564.0000,1500.0000,1999.0000
210185.3760,2.0000,1998.0000,1478.0000,1354.0000,119.0000,37.0000,-4.0000,135.0000,1347.0000,-3924.0000,0.8544,-0.3549,0.2399,0.2941,100.1600,-54.2300,-81.1100,9.3000,-7.5700,5.7400,0.0000,0.0000,-0.0000,1586.0000,1564.0000,1500.0000,1999.0000
210202.3070,2.0000,1998.0000,1478.0000,1354.0000,123.0000,37.0000,-27.0000,-19.0000,1107.0000,-3583.0000,0.8600,-0.3417,0.2483,0.2862,100.3900,-54.4100,-80.9900,9.2600,-7.5300,6.1800,0.0000,0.0000,-0.0000,1586.0000,1564.0000,1500.0000,1999.0000
210219.2210,2.0000,1998.0000,1478.0000,1354.0000,128.0000,48.0000,-43.0000,-90.0000,664.0000,-3816.0000,0.8660,-0.3290,0.2569,0.2753,100.6000,-54.5800,-80.8700,9.2200,-7.4900,6.6600,0.0000,0.0000,-0.0000,1586.0000,1564.0000,1500.0000,1999.0000
210236.0010,2.0000,1998.0000,2000.0000,1768.0000,127.0000,58.0000,-53.0000,21.0000,148.0000,-4281.0000,0.8717,-0.3169,0.2665,0.2621,100.7900,-54.7300,-80.7300,9.1800,-7.4000,7.1600,0.0000,0.0000,-0.0000,1000.0000,1714.0000,1500.0000,1999.0000
210252.6820,2.0000,1998.0000,2000.0000,1788.0000,125.0000,73.0000,-57.0000,353.0000,10.0000,-4317.0000,0.8767,-0.3057,0.2768,0.2477,100.7900,-54.7300,-80.7300,9.1800,-7.4000,7.1600,0.0000,0.0000,-0.0000,1000.0000,1714.0000,1500.0000,1999.0000
210269.6960,2.0000,1998.0000,2000.0000,1788.0000,108.0000,77.0000,-58.0000,392.0000,99.0000,-4356.0000,0.8809,-0.2953,0.2882,0.2320,100.9800,-54.8800,-80.5800,9.1600,-7.2700,7.6700,0.0000,0.0000,-0.0000,1000.0000,1714.0000,1500.0000,1999.0000
210286.5480,2.0000,1998.0000,2000.0000,1788.0000,22.0000,78.0000,-52.0000,319.0000,60.0000,-4650.0000,0.8822,-0.2912,0.2983,0.2188,101.2200,-55.0600,-80.4000,9.2900,-7.0900,8.1300,0.0000,0.0000,-0.0000,1000.0000,1714.0000,1500.0000,1999.0000
210303.2640,2.0000,1998.0000,2000.0000,1788.0000,-121.0000,78.0000,-37.0000,-54.0000,-36.0000,-5121.0000,0.8780,-0.3020,0.3046,0.2123,101.4600,-55.2200,-80.2100,9.3700,-6.8900,8.5900,0.0000,0.0000,-0.0000,1000.0000,1714.0000,1500.0000,1999.0000
210320.3370,2.0000,1998.0000,2000.0000,1788.0000,-261.0000,68.0000,-14.0000,-292.0000,-224.0000,-5182.0000,0.8661,-0.3309,0.3071,0.2147,101.6800,-55.3700,-80.0200,9.3700,-6.6500,9.0200,0.0000,0.0000,-0.0000,1000.0000,1714.0000,1500.0000,1999.0000
210336.7860,2.0000,1998.0000,2000.0000,1788.0000,-350.0000,64.0000,8.0000,-271.0000,-634.0000,-5035.0000,0.8473,-0.3718,0.3049,0.2256,101.6800,-55.3700,-80.0200,9.3700,-6.6500,9.0200,0.0000,0.0000,-0.0000,1000.0000,1714.0000,1500.0000,1999.0000
210353.4640,2.0000,1999.0000,1260.0000,1252.0000,-418.0000,55.0000,23.0000,-95.0000,-573.0000,-4177.0000,0.8219,-0.4197,0.2996,0.2419,101.8900,-55.5100,-79.8300,9.3700,-6.3700,9.3500,0.0000,0.0000,-0.0000,1763.0000,1501.0000,1500.0000,2000.0000
210370.8500,2.0000,2000.0000,1238.0000,1238.0000,-465.0000,54.0000,30.0000,-569.0000,-158.0000,-3070.0000,0.7880,-0.4752,0.2908,0.2620,102.0800,-55.6300,-79.6400,9.4400,-6.1200,9.5700,0.0000,0.0000,-0.0000,1763.0000,1501.0000,1500.0000,2000.0000
210387.6600,2.0000,2000.0000,1238.0000,1238.0000,-482.0000,64.0000,32.0000,-400.0000,57.0000,-2261.0000,0.7491,-0.5301,0.2803,0.2816,102.3400,-55.7700,-79.4100,9.6900,-5.7800,9.8100,0.0000,0.0000,-0.0000,1763.0000,1501.0000,1500.0000,2000.0000
210404.5690,2.0000,2000.0000,1238.0000,1238.0000,-438.0000,83.0000,31.0000,-117.0000,-115.0000,-2188.0000,0.7064,-0.5820,0.2704,0.2985,102.6000,-55.9000,-79.1800,9.9400,-5.5400,10.0200,0.0000,0.0000,-0.0000,1763.0000,1501.0000,1500.0000,2000.0000
210421.5840,2.0000,2000.0000,1238.0000,1238.0000,-331.0000,94.0000,24.0000,70.0000,-295.0000,-2821.0000,0.6665,-0.6248,0.2638,0.3095,102.8400,-56.0200,-78.9500,10.1900,-5.3200,10.2400,0.0000,0.0000,-0.0000,1763.0000,1501.0000,1500.0000,2000.0000
210438.3350,2.0000,2000.0000,1238.0000,1238.0000,-163.0000,115.0000,10.0000,134.0000,-164.0000,-3536.0000,0.6382,-0.6529,0.2631,0.3118,102.8400,-56.0200,-78.9500,10.1900,-5.3200,10.2400,0.0000,0.0000,-0.0000,1763.0000,1501.0000,1500.0000,2000.0000
210455.3490,2.0000,2000.0000,1000.0000,1576.0000,25.0000,105.0000,-22.0000,-381.0000,521.0000,-5669.0000,0.6271,-0.6649,0.2690,0.3038,103.0700,-56.1200,-78.7300,10.4400,-5.0400,10.4500,0.0000,0.0000,-0.0000,1862.0000,1063.0000,1500.0000,2000.0000
210472.1420,2.0000,2000.0000,1000.0000,1576.0000,150.0000,78.0000,-52.0000,-356.0000,950.0000,-7764.0000,0.6338,-0.6622,0.2771,0.2882,103.3000,-56.2100,-78.5000,10.6200,-4.6100,10.6400,0.0000,0.0000,-0.0000,1862.0000,1063.0000,1500.0000,2000.0000
210488.8510,2.0000,2000.0000,1000.0000,1576.0000,236.0000,39.0000,-68.0000,-492.0000,463.0000,-8640.0000,0.6524,-0.6489,0.2845,0.2689,103.6000,-56.3000,-78.2400,10.6300,-3.6900,10.8400,0.0000,0.0000,-0.0000,1862.0000,1063.0000,1500.0000,2000.0000
210505.6700,2.0000,2000.0000,1000.0000,1576.0000,266.0000,-43.0000,-80.0000,-610.0000,362.0000,-8913.0000,0.6790,-0.6273,0.2867,0.2515,103.8700,-56.3700,-77.9700,10.5900,-2.7700,10.9800,0.0000,0.0000,-0.0000,1862.0000,1063.0000,1500.0000,2000.0000
210522.3840,2.0000,2000.0000,1000.0000,1576.0000,257.0000,-111.0000,-87.0000,-461.0000,246.0000,-6972.0000,0.7087,-0.6015,0.2804,0.2394,104.1300,-56.4100,-77.7200,10.5100,-1.9900,11.1300,0.0000,0.0000,-0.0000,1862.0000,1063.0000,1500.0000,2000.0000
210538.9680,2.0000,1999.0000,1000.0000,1608.0000,232.0000,-183.0000,-85.0000,-91.0000,-321.0000,-2488.0000,0.7382,-0.5744,0.2657,0.2334,104.1300,-56.4100,-77.7200,10.5100,-1.9900,11.1300,0.0000,0.0000,-0.0000,1710.0000,1075.0000,1500.0000,1999.0000
210555.9540,2.0000,1998.0000,1000.0000,1717.0000,222.0000,-232.0000,-73.0000,-233.0000,-836.0000,2483.0000,0.7677,-0.5449,0.2434,0.2335,104.3700,-56.4400,-77.4600,10.4800,-1.6500,11.3800,0.0000,0.0000,-0.0000,1710.0000,1075.0000,1500.0000,1999.0000
210572.6670,2.0000,1998.0000,1000.0000,1717.0000,214.0000,-270.0000,-51.0000,-228.0000,-1355.0000,6965.0000,0.7952,-0.5135,0.2172,0.2384,104.6000,-56.4700,-77.2000,10.5500,-1.8400,11.6000,0.0000,0.0000,-0.0000,1710.0000,1075.0000,1500.0000,1999.0000
210589.5450,2.0000,1998.0000,1000.0000,1717.0000,195.0000,-289.0000,-21.0000,496.0000,-1877.0000,11532.0000,0.8199,-0.4800,0.1887,0.2484,104.9000,-56.5000,-76.9100,10.8200,-2.2200,11.7100,0.0000,0.0000,-0.0000,1710.0000,1075.0000,1500.0000,1999.0000
210606.5530,2.0000,1998.0000,1000.0000,1717.0000,175.0000,-294.0000,2.0000,1306.0000,-1876.0000,15399.0000,0.8407,-0.4463,0.1594,0.2621,105.1900,-56.5500,-76.6200,11.1300,-2.9500,11.6100,0.0000,0.0000,-0.0000,1710.0000,1075.0000,1500.0000,1999.0000
210623.1630,2.0000,1998.0000,1000.0000,1717.0000,158.0000,-281.0000,14.0000,1525.0000,-1718.0000,18079.0000,0.8570,-0.4142,0.1313,0.2769,105.4600,-56.6100,-76.3200,11.3900,-3.8300,11.2400,0.0000,0.0000,-0.0000,1710.0000,1075.0000,1500.0000,1999.0000
210639.9120,2.0000,1998.0000,1000.0000,1717.0000,152.0000,-241.0000,18.0000,1406.0000,-1446.0000,19659.0000,0.8702,-0.3836,0.1060,0.2905,105.4600,-56.6100,-76.3200,11.3900,-3.8300,11.2400,0.0000,0.0000,-0.0000,1710.0000,1075.0000,1500.0000,1999.0000
210656.5430,2.0000,1998.0000,1497.0000,2000.0000,143.0000,-203.0000,15.0000,1491.0000,-1322.0000,19750.0000,0.8809,-0.3552,0.0859,0.3009,105.7100,-56.6800,-76.0100,11.5300,-4.7100,10.5700,0.0000,0.0000,-0.0000,1069.0000,1067.0000,1500.0000,1999.0000
210673.2550,2.0000,1998.0000,1498.0000,2000.0000,132.0000,-148.0000,8.0000,1359.0000,-1152.0000,18646.0000,0.8895,-0.3297,0.0707,0.3083,105.9600,-56.7600,-75.7100,11.5700,-5.4100,9.6900,0.0000,0.0000,-0.0000,1069.0000,1067.0000,1500.0000,1999.0000
210689.9600,2.0000,1998.0000,1498.0000,2000.0000,116.0000,-102.0000,4.0000,1140.0000,-1135.0000,16918.0000,0.8966,-0.3073,0.0607,0.3130,106.2800,-56.8500,-75.3900,11.7000,-5.6300,8.7300,0.0000,0.0000,-0.0000,1069.0000,1067.0000,1500.0000,1999.0000
210707.0260,2.0000,1998.0000,1498.0000,2000.0000,61.0000,-51.0000,10.0000,789.0000,-875.0000,15681.0000,0.9014,-0.2915,0.0553,0.3154,106.5800,-56.9200,-75.0900,11.7600,-5.6300,7.7900,0.0000,0.0000,-0.0000,1069.0000,1067.0000,1500.0000,1999.0000
210723.6730,2.0000,1998.0000,1498.0000,2000.0000,-5.0000,-13.0000,17.0000,484.0000,-961.0000,13642.0000,0.9024,-0.2870,0.0537,0.3170,106.8700,-57.0000,-74.8100,11.7700,-5.5400,6.9400,0.0000,0.0000,-0.0000,1069.0000,1067.0000,1500.0000,1999.0000
210740.3340,2.0000,1999.0000,1000.0000,1447.0000,-45.0000,3.0000,28.0000,255.0000,-847.0000,10595.0000,0.9006,-0.2903,0.0535,0.3190,106.8700,-57.0000,-74.8100,11.7700,-5.5400,6.9400,0.0000,0.0000,-0.0000,1929.0000,1135.0000,1500.0000,2000.0000
210756.9980,2.0000,2000.0000,1000.0000,1437.0000,-83.0000,2.0000,41.0000,281.0000,-870.0000,8221.0000,0.8966,-0.2986,0.0531,0.3226,107.1300,-57.0700,-74.5600,11.7600,-5.2900,6.3200,0.0000,0.0000,-0.0000,1929.0000,1135.0000,1500.0000,2000.0000
210773.8640,2.0000,2000.0000,1000.0000,1437.0000,-91.0000,-20.0000,54.0000,323.0000,-804.0000,6507.0000,0.8905,-0.3099,0.0503,0.3293,107.3900,-57.1200,-74.2900,11.7500,-4.9100,5.9800,0.0000,0.0000,-0.0000,1929.0000,1135.0000,1500.0000,2000.0000
210790.6450,2.0000,2000.0000,1000.0000,1437.0000,-56.0000,-51.0000,57.0000,134.0000,-785.0000,5856.0000,0.8849,-0.3173,0.0448,0.3380,107.7000,-57.1700,-74.0300,11.7100,-4.6800,5.8200,0.0000,0.0000,-0.0000,1929.0000,1135.0000,1500.0000,2000.0000
210807.2080,2.0000,2000.0000,1000.0000,1437.0000,5.0000,-79.0000,51.0000,-247.0000,-724.0000,5719.0000,0.8815,-0.3174,0.0377,0.3475,107.9800,-57.2200,-73.7800,11.6400,-4.4800,5.7200,0.0000,0.0000,-0.0000,1929.0000,1135.0000,1500.0000,2000.0000
210824.1320,2.0000,2000.0000,1000.0000,1437.0000,90.0000,-102.0000,36.0000,-61.0000,-381.0000,6529.0000,0.8823,-0.3060,0.0308,0.3563,108.2300,-57.2600,-73.5500,11.5300,-4.3500,5.5800,0.0000,0.0000,-0.0000,1929.0000,1135.0000,1500.0000,2000.0000
210840.6240,2.0000,2000.0000,1000.0000,1437.0000,154.0000,-114.0000,21.0000,17.0000,-183.0000,7373.0000,0.8870,-0.2842,0.0249,0.3632,108.2300,-57.2600,-73.5500,11.5300,-4.3500,5.5800,0.0000,0.0000,-0.0000,1929.0000,1135.0000,1500.0000,2000.0000
210857.2530,2.0000,2000.0000,1000.0000,1415.0000,193.0000,-115.0000,5.0000,159.0000,36.0000,8236.0000,0.8939,-0.2555,0.0202,0.3677,108.4800,-57.3100,-73.3300,11.4000,-4.3400,5.3400,0.0000,0.0000,-0.0000,1923.0000,1163.0000,1500.0000,2000.0000
210874.3690,2.0000,2000.0000,1000.0000,1415.0000,210.0000,-107.0000,-7.0000,263.0000,-1.0000,8966.0000,0.9019,-0.2221,0.0167,0.3701,108.7200,-57.3600,-73.1200,11.2500,-4.4000,4.9700,0.0000,0.0000,-0.0000,1923.0000,1163.0000,1500.0000,2000.0000
210891.2940,2.0000,2000.0000,1000.0000,1415.0000,224.0000,-95.0000,-18.0000,223.0000,-70.0000,9150.0000,0.9097,-0.1875,0.0148,0.3702,108.9800,-57.4200,-72.9100,11.0400,-4.6600,4.4900,0.0000,0.0000,-0.0000,1923.0000,1163.0000,1500.0000,2000.0000
210908.1860,2.0000,2000.0000,1000.0000,1415.0000,236.0000,-85.0000,-27.0000,169.0000,-148.0000,9052.0000,0.9173,-0.1515,0.0148,0.3680,109.2300,-57.4900,-72.7200,10.8600,-4.8300,3.9600,0.0000,0.0000,-0.0000,1923.0000,1163.0000,1500.0000,2000.0000
210924.9200,2.0000,2000.0000,1000.0000,1415.0000,250.0000,-78.0000,-32.0000,182.0000,-255.0000,8719.0000,0.9242,-0.1144,0.0164,0.3640,109.2300,-57.4900,-72.7200,10.8600,-4.8300,3.9600,0.0000,0.0000,-0.0000,1923.0000,1163.0000,1500.0000,2000.0000
210941.9270,2.0000,2000.0000,1000.0000,1415.0000,256.0000,-67.0000,-35.0000,257.0000,-308.0000,8230.0000,0.9302,-0.0761,0.0198,0.3586,109.4600,-57.5500,-72.5400,10.7200,-4.9000,3.4200,0.0000,0.0000,-0.0000,1923.0000,1163.0000,1500.0000,2000.0000
210958.6650,2.0000,1998.0000,2000.0000,1809.0000,263.0000,-64.0000,-39.0000,229.0000,-179.0000,7632.0000,0.9349,-0.0376,0.0242,0.3520,109.6900,-57.6200,-72.3700,10.6300,-4.8900,2.9200,0.0000,0.0000,-0.0000,1000.0000,1693.0000,1500.0000,1999.0000
210975.7250,2.0000,1998.0000,2000.0000,1809.0000,240.0000,-67.0000,-36.0000,341.0000,-415.0000,7586.0000,0.9381,0.0017,0.0279,0.3453,109.9100,-57.6800,-72.2100,10.5600,-4.8700,2.4800,0.0000,0.0000,-0.0000,1000.0000,1693.0000,1500.0000,1999.0000
210992.5400,2.0000,1998.0000,2000.0000,1809.0000,160.0000,-78.0000,-27.0000,203.0000,-542.0000,7240.0000,0.9396,0.0330,0.0280,0.3395,110.1500,-57.7700,-72.0500,10.4800,-5.1100,2.0600,0.0000,0.0000,-0.0000,1000.0000,1693.0000,1500.0000,1999.0000
211009.0330,2.0000,1998.0000,2000.0000,1809.0000,56.0000,-87.0000,-10.0000,256.0000,-667.0000,7344.0000,0.9403,0.0513,0.0221,0.3358,110.3800,-57.8700,-71.9000,10.4100,-5.2700,1.6700,0.0000,0.0000,-0.0000,1000.0000,1693.0000,1500.0000,1999.0000
211025.6060,2.0000,1998.0000,2000.0000,1809.0000,-49.0000,-77.0000,10.0000,310.0000,-623.0000,8367.0000,0.9406,0.0557,0.0106,0.3347,110.3800,-57.8700,-71.9000,10.4100,-5.2700,1.6700,0.0000,0.0000,-0.0000,1000.0000,1693.0000,1500.0000,1999.0000
211042.2720,2.0000,1998.0000,2000.0000,1675.0000,-158.0000,-32.0000,26.0000,514.0000,-414.0000,9658.0000,0.9407,0.0444,-0.0023,0.3364,110.6100,-57.9600,-71.7700,10.3600,-5.3700,1.2200,0.0000,0.0000,-0.0000,1615.0000,1680.0000,1500.0000,2000.0000
211058.9900,2.0000,2000.0000,1565.0000,1209.0000,-269.0000,25.0000,36.0000,196.0000,-248.0000,10114.0000,0.9400,0.0150,-0.0135,0.3405,110.8300,-58.0600,-71.6500,10.3000,-5.5200,0.6300,0.0000,0.0000,-0.0000,1615.0000,1680.0000,1500.0000,2000.0000
211076.1400,2.0000,2000.0000,1565.0000,1209.0000,-338.0000,87.0000,42.0000,-99.0000,-288.0000,8542.0000,0.9377,-0.0314,-0.0218,0.3453,111.0700,-58.2000,-71.5400,10.1500,-5.9800,-0.0300,0.0000,0.0000,-0.0000,1615.0000,1680.0000,1500.0000,2000.0000
211093.1070,2.0000,2000.0000,1565.0000,1209.0000,-327.0000,132.0000,44.0000,167.0000,-271.0000,5177.0000,0.9329,-0.0845,-0.0235,0.3494,111.3000,-58.3500,-71.4300,9.9500,-6.4800,-0.5300,0.0000,0.0000,-0.0000,1615.0000,1680.0000,1500.0000,2000.0000
211110.1740,2.0000,2000.0000,1565.0000,1209.0000,-229.0000,161.0000,41.0000,146.0000,-178.0000,1411.0000,0.9264,-0.1315,-0.0169,0.3524,111.5200,-58.5000,-71.3200,9.7500,-7.0600,-0.6400,0.0000,0.0000,-0.0000,1615.0000,1680.0000,1500.0000,2000.0000
211127.2430,2.0000,2000.0000,1565.0000,1209.0000,-103.0000,193.0000,31.0000,93.0000,-118.0000,-1477.0000,0.9210,-0.1634,-0.0002,0.3537,111.5200,-58.5000,-71.3200,9.7500,-7.0600,-0.6400,0.0000,0.0000,-0.0000,1615.0000,1680.0000,1500.0000,2000.0000
211144.2660,2.0000,2000.0000,1565.0000,1209.0000,3.0000,234.0000,16.0000,230.0000,484.0000,-4463.0000,0.9180,-0.1809,0.0272,0.3520,111.7300,-58.6700,-71.1700,9.5300,-7.6300,-0.3700,0.0000,0.0000,-0.0000,1615.0000,1680.0000,1500.0000,2000.0000
211160.9050,2.0000,2000.0000,1393.0000,1241.0000,73.0000,234.0000,-3.0000,473.0000,833.0000,-8113.0000,0.9170,-0.1877,0.0606,0.3467,111.9200,-58.8300,-71.0000,9.3000,-8.1800,0.0800,0.0000,0.0000,-0.0000,1686.0000,1578.0000,1500.0000,2000.0000
211177.8940,2.0000,2000.0000,1392.0000,1240.0000,111.0000,195.0000,-13.0000,-132.0000,584.0000,-11097.0000,0.9175,-0.1859,0.0948,0.3387,112.1100,-59.0200,-70.8400,9.0700,-8.6200,0.8300,0.0000,0.0000,-0.0000,1686.0000,1578.0000,1500.0000,2000.0000
211194.7270,2.0000,2000.0000,1392.0000,1240.0000,139.0000,122.0000,-19.0000,-371.0000,332.0000,-12525.0000,0.9189,-0.1770,0.1219,0.3308,112.3500,-59.2800,-70.7100,8.8500,-9.1500,1.4400,0.0000,0.0000,-0.0000,1686.0000,1578.0000,1500.0000,2000.0000
211211.6080,2.0000,2000.0000,1392.0000,1240.0000,178.0000,43.0000,-28.0000,-387.0000,230.0000,-11486.0000,0.9222,-0.1600,0.1402,0.3230,112.5600,-59.5300,-70.6100,8.5600,-9.5200,2.1900,0.0000,0.0000,-0.0000,1686.0000,1578.0000,1500.0000,2000.0000
211228.3610,2.0000,2000.0000,1392.0000,1240.0000,200.0000,-23.0000,-32.0000,-182.0000,-42.0000,-8866.0000,0.9274,-0.1354,0.1494,0.3152,112.5600,-59.5300,-70.6100,8.5600,-9.5200,2.1900,0.0000,0.0000,-0.0000,1686.0000,1578.0000,1500.0000,2000.0000
211245.1910,2.0000,2000.0000,1392.0000,1240.0000,237.0000,-59.0000,-32.0000,172.0000,-383.0000,-5702.0000,0.9336,-0.1044,0.1523,0.3072,112.7500,-59.7700,-70.5300,8.2800,-9.9300,2.8700,0.0000,0.0000,-0.0000,1686.0000,1578.0000,1500.0000,2000.0000
211262.2170,2.0000,1998.0000,2000.0000,1788.0000,272.0000,-62.0000,-24.0000,423.0000,-259.0000,-2327.0000,0.9395,-0.0666,0.1542,0.2985,112.9500,-60.0300,-70.4500,8.1200,-10.4400,3.4600,0.0000,0.0000,-0.0000,1000.0000,1714.0000,1500.0000,1999.0000
211279.1800,2.0000,1998.0000,2000.0000,1788.0000,302.0000,-37.0000,-15.0000,626.0000,-452.0000,620.0000,0.9434,-0.0248,0.1593,0.2899,113.1800,-60.3500,-70.3800,8.1300,-11.1500,3.7900,0.0000,0.0000,-0.0000,1000.0000,1714.0000,1500.0000,1999.0000
211296.0550,2.0000,1998.0000,2000.0000,1788.0000,283.0000,9.0000,1.0000,683.0000,-850.0000,2033.0000,0.9441,0.0173,0.1697,0.2820,113.3900,-60.6600,-70.2900,8.2400,-11.8100,3.9400,0.0000,0.0000,-0.0000,1000.0000,1714.0000,1500.0000,1999.0000
211312.9840,2.0000,1998.0000,2000.0000,1788.0000,182.0000,47.0000,22.0000,421.0000,-851.0000,1780.0000,0.9416,0.0495,0.1837,0.2777,113.6000,-60.9700,-70.2100,8.3800,-12.3500,4.1300,0.0000,0.0000,-0.0000,1000.0000,1714.0000,1500.0000,1999.0000
211329.7100,2.0000,1998.0000,2000.0000,1788.0000,12.0000,70.0000,47.0000,293.0000,-938.0000,1074.0000,0.9379,0.0619,0.1951,0.2802,113.7900,-61.2700,-70.1100,8.4600,-12.7800,4.4500,0.0000,0.0000,-0.0000,1000.0000,1714.0000,1500.0000,1999.0000
211346.5460,2.0000,1998.0000,2000.0000,1787.0000,-159.0000,98.0000,73.0000,-95.0000,-873.0000,-184.0000,0.9335,0.0494,0.2030,0.2914,113.7900,-61.2700,-70.1100,8.4600,-12.7800,4.4500,0.0000,0.0000,-0.0000,1000.0000,1716.0000,1500.0000,1999.0000
211363.4860,2.0000,1998.0000,2000.0000,1786.0000,-291.0000,129.0000,95.0000,-302.0000,-626.0000,-1871.0000,0.9274,0.0152,0.2080,0.3106,113.9900,-61.5800,-69.9900,8.4800,-13.0800,4.8500,0.0000,0.0000,-0.0000,1000.0000,1716.0000,1500.0000,1999.0000
211380.2830,2.0000,1998.0000,2000.0000,1786.0000,-372.0000,140.0000,103.0000,-364.0000,-25.0000,-3531.0000,0.9179,-0.0338,0.2107,0.3345,114.2300,-61.9300,-69.8600,8.4600,-13.2200,5.2900,0.0000,0.0000,-0.0000,1000.0000,1716.0000,1500.0000,1999.0000
211397.0440,2.0000,1998.0000,2000.0000,1786.0000,-435.0000,132.0000,98.0000,-338.0000,651.0000,-4667.0000,0.9046,-0.0918,0.2101,0.3594,114.4400,-62.2700,-69.7200,8.3200,-13.3000,5.7000,0.0000,0.0000,-0.0000,1000.0000,1716.0000,1500.0000,1999.0000
211414.1100,2.0000,1998.0000,2000.0000,1786.0000,-471.0000,115.0000,87.0000,-416.0000,1072.0000,-5164.0000,0.8869,-0.1568,0.2035,0.3839,114.6400,-62.5800,-69.5900,8.1300,-13.3100,6.1300,0.0000,0.0000,-0.0000,1000.0000,1716.0000,1500.0000,1999.0000
211430.8060,2.0000,1998.0000,2000.0000,1786.0000,-496.0000,100.0000,68.0000,-395.0000,1126.0000,-4659.0000,0.8660,-0.2225,0.1909,0.4051,114.6400,-62.5800,-69.5900,8.1300,-13.3100,6.1300,0.0000,0.0000,-0.0000,1000.0000,1716.0000,1500.0000,1999.0000
211447.7860,2.0000,2000.0000,1000.0000,1393.0000,-520.0000,94.0000,36.0000,-182.0000,1512.0000,-3217.0000,0.8407,-0.2914,0.1734,0.4222,114.8200,-62.8700,-69.4600,7.9600,-13.2500,6.5500,0.0000,0.0000,-0.0000,1936.0000,1172.0000,1500.0000,2000.0000
211464.7330,2.0000,2000.0000,1000.0000,1393.0000,-526.0000,95.0000,-3.0000,-365.0000,1822.0000,-1198.0000,0.8122,-0.3607,0.1520,0.4326,115.0100,-63.1600,-69.3300,7.8600,-13.1500,6.9100,0.0000,0.0000,-0.0000,1936.0000,1172.0000,1500.0000,2000.0000
211481.5490,2.0000,2000.0000,1000.0000,1393.0000,-490.0000,121.0000,-35.0000,-373.0000,1674.0000,398.0000,0.7815,-0.4279,0.1305,0.4349,115.2200,-63.4900,-69.1800,7.8000,-13.0600,7.2200,0.0000,0.0000,-0.0000,1936.0000,1172.0000,1500.0000,2000.0000
211498.3490,2.0000,2000.0000,1000.0000,1393.0000,-393.0000,152.0000,-70.0000,333.0000,1264.0000,155.0000,0.7522,-0.4878,0.1140,0.4281,115.4100,-63.7900,-69.0300,7.7400,-13.0600,7.4700,0.0000,0.0000,-0.0000,1936.0000,1172.0000,1500.0000,2000.0000
211515.3350,2.0000,2000.0000,1000.0000,1393.0000,-256.0000,169.0000,-105.0000,302.0000,1048.0000,-1509.0000,0.7305,-0.5349,0.1047,0.4115,115.5900,-64.0800,-68.8800,7.7500,-13.0100,7.8600,0.0000,0.0000,-0.0000,1936.0000,1172.0000,1500.0000,2000.0000
211532.3390,2.0000,2000.0000,1000.0000,1393.0000,-110.0000,155.0000,-136.0000,112.0000,835.0000,-4492.0000,0.7199,-0.5663,0.1013,0.3882,115.7700,-64.3400,-68.7100,7.8400,-12.7300,8.3100,0.0000,0.0000,-0.0000,1936.0000,1172.0000,1500.0000,2000.0000
211548.6740,2.0000,2000.0000,1000.0000,1393.0000,33.0000,107.0000,-161.0000,3.0000,600.0000,-7358.0000,0.7233,-0.5786,0.1001,0.3634,115.7700,-64.3400,-68.7100,7.8400,-12.7300,8.3100,0.0000,0.0000,-0.0000,1936.0000,1172.0000,1500.0000,2000.0000
211565.6860,2.0000,1997.0000,1000.0000,1751.0000,133.0000,50.0000,-182.0000,-103.0000,436.0000,-8383.0000,0.7385,-0.5756,0.0978,0.3373,115.9500,-64.5900,-68.5300,8.0000,-12.1000,8.8000,0.0000,0.0000,-0.0000,1701.0000,1049.0000,1500.0000,1998.0000
211582.5530,2.0000,1997.0000,1000.0000,1752.0000,207.0000,-28.0000,-194.0000,-254.0000,-86.0000,-7418.0000,0.7614,-0.5600,0.0907,0.3138,116.1600,-64.8600,-68.3300,8.1600,-11.2500,9.2500,0.0000,0.0000,-0.0000,1701.0000,1049.0000,1500.0000,1998.0000
211599.5990,2.0000,1997.0000,1000.0000,1752.0000,234.0000,-92.0000,-188.0000,-111.0000,-519.0000,-4879.0000,0.7890,-0.5337,0.0781,0.2942,116.3700,-65.1000,-68.1300,8.2500,-10.5600,9.6200,0.0000,0.0000,-0.0000,1701.0000,1049.0000,1500.0000,1998.0000
211616.5250,2.0000,1997.0000,1000.0000,1752.0000,209.0000,-168.0000,-168.0000,-114.0000,-986.0000,-1774.0000,0.8150,-0.5036,0.0586,0.2807,116.5600,-65.3100,-67.9300,8.2900,-10.2000,9.8700,0.0000,0.0000,-0.0000,1701.0000,1049.0000,1500.0000,1998.0000
211633.1950,2.0000,1997.0000,1000.0000,1752.0000,181.0000,-251.0000,-132.0000,-171.0000,-2036.0000,2678.0000,0.8360,-0.4730,0.0302,0.2765,116.7400,-65.5000,-67.7300,8.2700,-10.1700,10.0900,0.0000,0.0000,-0.0000,1701.0000,1049.0000,1500.0000,1998.0000
211650.0760,2.0000,1997.0000,1582.0000,2000.0000,182.0000,-301.0000,-94.0000,149.0000,-2193.0000,7366.0000,0.8531,-0.4395,-0.0050,0.2811,116.7400,-65.5000,-67.7300,8.2700,-10.1700,10.0900,0.0000,0.0000,-0.0000,1004.0000,1086.0000,1500.0000,1998.0000
211667.3840,2.0000,1997.0000,1582.0000,2000.0000,183.0000,-324.0000,-53.0000,1137.0000,-2228.0000,12919.0000,0.8669,-0.4018,-0.0426,0.2919,116.9300,-65.7000,-67.5000,8.2200,-10.4500,10.0400,0.0000,0.0000,-0.0000,1004.0000,1086.0000,1500.0000,1998.0000
211684.2080,2.0000,1997.0000,1582.0000,2000.0000,144.0000,-323.0000,-13.0000,2116.0000,-2667.0000,17392.0000,0.8746,-0.3660,-0.0792,0.3079,117.1500,-65.9500,-67.2400,8.1500,-11.0000,9.7300,0.0000,0.0000,-0.0000,1004.0000,1086.0000,1500.0000,1998.0000
211700.9050,2.0000,1997.0000,1582.0000,2000.0000,103.0000,-276.0000,23.0000,2517.0000,-2380.0000,20475.0000,0.8764,-0.3367,-0.1118,0.3256,117.3500,-66.1900,-66.9700,7.9200,-11.7000,8.8900,0.0000,0.0000,-0.0000,1004.0000,1086.0000,1500.0000,1998.0000
211717.6300,2.0000,1997.0000,1582.0000,2000.0000,58.0000,-195.0000,46.0000,2206.0000,-2367.0000,22176.0000,0.8744,-0.3156,-0.1364,0.3424,117.5400,-66.4400,-66.7100,7.4900,-12.3800,7.6900,0.0000,0.0000,-0.0000,1004.0000,1086.0000,1500.0000,1998.0000
211734.1010,2.0000,1997.0000,1582.0000,2000.0000,27.0000,-115.0000,67.0000,1655.0000,-1980.0000,20171.0000,0.8703,-0.3044,-0.1507,0.3566,117.7000,-66.6700,-66.4800,6.9600,-12.8400,6.3700,0.0000,0.0000,-0.0000,1004.0000,1086.0000,1500.0000,1998.0000
211750.7800,2.0000,1997.0000,1000.0000,1774.0000,-2.0000,-44.0000,79.0000,1223.0000,-1584.0000,17120.0000,0.8656,-0.2999,-0.1565,0.3691,117.7000,-66.6700,-66.4800,6.9600,-12.8400,6.3700,0.0000,0.0000,-0.0000,1679.0000,1049.0000,1500.0000,1998.0000
211768.1180,2.0000,1997.0000,1000.0000,1774.0000,-39.0000,11.0000,104.0000,900.0000,-1408.0000,13274.0000,0.8595,-0.3043,-0.1550,0.3804,117.8600,-66.9200,-66.2600,6.5600,-13.0200,5.2700,0.0000,0.0000,-0.0000,1679.0000,1049.0000,1500.0000,1998.0000
211784.8930,2.0000,1997.0000,1000.0000,1774.0000,-55.0000,-11.0000,125.0000,774.0000,-1585.0000,10521.0000,0.8509,-0.3136,-0.1517,0.3933,118.0600,-67.1900,-66.0400,6.4100,-12.9700,4.4800,0.0000,0.0000,-0.0000,1679.0000,1049.0000,1500.0000,1998.0000
211801.4190,2.0000,1997.0000,1000.0000,1774.0000,-41.0000,-34.0000,139.0000,469.0000,-1190.0000,7959.0000,0.8405,-0.3216,-0.1513,0.4090,118.2400,-67.4500,-65.8400,6.4100,-12.7700,4.0000,0.0000,0.0000,-0.0000,1679.0000,1049.0000,1500.0000,1998.0000
211817.9850,2.0000,1997.0000,1000.0000,1774.0000,-19.0000,-74.0000,143.0000,312.0000,-834.0000,6839.0000,0.8294,-0.3256,-0.1530,0.4275,118.4100,-67.6800,-65.6300,6.4900,-12.4800,3.7600,0.0000,0.0000,-0.0000,1679.0000,1049.0000,1500.0000,1998.0000
211834.6410,2.0000,1997.0000,1000.0000,1774.0000,6.0000,-110.0000,138.0000,173.0000,-574.0000,6571.0000,0.8182,-0.3237,-0.1577,0.4482,118.4100,-67.6800,-65.6300,6.4900,-12.4800,3.7600,0.0000,0.0000,-0.0000,1679.0000,1049.0000,1500.0000,1998.0000
211851.5150,2.0000,1997.0000,1000.0000,1772.0000,20.0000,-155.0000,126.0000,274.0000,-313.0000,7684.0000,0.8072,-0.3162,-0.1660,0.4700,118.5700,-67.8900,-65.4300,6.5400,-12.1600,3.6200,0.0000,0.0000,-0.0000,1681.0000,1049.0000,1500.0000,1998.0000
211868.4790,2.0000,1997.0000,1000.0000,1772.0000,19.0000,-185.0000,112.0000,359.0000,64.0000,9090.0000,0.7956,-0.3045,-0.1790,0.4922,118.7400,-68.1000,-65.2300,6.5100,-12.0000,3.4600,0.0000,0.0000,-0.0000,1681.0000,1049.0000,1500.0000,1998.0000
211885.1120,2.0000,1997.0000,1000.0000,1772.0000,10.0000,-194.0000,94.0000,668.0000,308.0000,10667.0000,0.7839,-0.2919,-0.1951,0.5121,118.9300,-68.3400,-65.0400,6.2900,-12.1000,3.1800,0.0000,0.0000,-0.0000,1681.0000,1049.0000,1500.0000,1998.0000
211901.9240,2.0000,1997.0000,1000.0000,1772.0000,-4.0000,-199.0000,70.0000,1050.0000,431.0000,12307.0000,0.7723,-0.2792,-0.2138,0.5291,119.1000,-68.5700,-64.8700,5.9100,-12.2400,2.7300,0.0000,0.0000,-0.0000,1681.0000,1049.0000,1500.0000,1998.0000
211918.9050,2.0000,1997.0000,1000.0000,1772.0000,-18.0000,-195.0000,43.0000,1309.0000,600.0000,13379.0000,0.7613,-0.2668,-0.2348,0.5423,119.2400,-68.8000,-64.7300,5.4100,-12.3900,2.1400,0.0000,0.0000,-0.0000,1681.0000,1049.0000,1500.0000,1998.0000
211935.5110,2.0000,1997.0000,1000.0000,1772.0000,-33.0000,-191.0000,16.0000,1326.0000,424.0000,14082.0000,0.7519,-0.2555,-0.2566,0.5509,119.2400,-68.8000,-64.7300,5.4100,-12.3900,2.1400,0.0000,0.0000,-0.0000,1681.0000,1049.0000,1500.0000,1998.0000
211952.0330,2.0000,1997.0000,1000.0000,1761.0000,-41.0000,-173.0000,-8.0000,1236.0000,379.0000,14578.0000,0.7439,-0.2456,-0.2788,0.5555,119.3700,-69.0200,-64.6000,4.8200,-12.4900,1.4700,0.0000,0.0000,-0.0000,1695.0000,1049.0000,1500.0000,1998.0000
211969.3420,2.0000,1997.0000,1000.0000,1758.0000,-36.0000,-145.0000,-31.0000,1114.0000,197.0000,14645.0000,0.7377,-0.2357,-0.3002,0.5568,119.4800,-69.2600,-64.5000,4.1100,-12.6000,0.7600,0.0000,0.0000,-0.0000,1695.0000,1049.0000,1500.0000,1998.0000
211986.2320,2.0000,1997.0000,1000.0000,1758.0000,-35.0000,-118.0000,-51.0000,1021.0000,22.0000,14048.0000,0.7342,-0.2271,-0.3187,0.5547,119.5900,-69.5200,-64.4100,3.2700,-12.7800,0.0200,0.0000,0.0000,-0.0000,1695.0000,1049.0000,1500.0000,1998.0000
212002.8830,2.0000,1997.0000,1000.0000,1758.0000,-28.0000,-93.0000,-68.0000,903.0000,-21.0000,13206.0000,0.7335,-0.2193,-0.3343,0.5497,119.6700,-69.7700,-64.3400,2.4900,-12.8600,-0.6800,0.0000,0.0000,-0.0000,1695.0000,1049.0000,1500.0000,1998.0000
212019.6350,2.0000,1997.0000,1000.0000,1758.0000,-14.0000,-70.0000,-78.0000,811.0000,-361.0000,11979.0000,0.7351,-0.2118,-0.3469,0.5426,119.7400,-70.0300,-64.2800,1.8200,-12.8700,-1.3100,0.0000,0.0000,-0.0000,1695.0000,1049.0000,1500.0000,1998.0000
212036.2790,2.0000,1997.0000,1000.0000,1758.0000,5.0000,-52.0000,-83.0000,655.0000,-565.0000,10486.0000,0.7387,-0.2038,-0.3560,0.5348,119.7400,-70.0300,-64.2800,1.8200,-12.8700,-1.3100,0.0000,0.0000,-0.0000,1695.0000,1049.0000,1500.0000,1998.0000
212053.0970,2.0000,1997.0000,1000.0000,1429.0000,13.0000,-55.0000,-82.0000,391.0000,-731.0000,9050.0000,0.7431,-0.1946,-0.3633,0.5272,119.8000,-70.2700,-64.2400,1.3200,-12.8400,-1.8300,0.0000,0.0000,-0.0000,1794.0000,1281.0000,1500.0000,1999.0000
212069.8550,2.0000,1998.0000,1000.0000,1425.0000,26.0000,-59.0000,-75.0000,406.0000,-857.0000,7895.0000,0.7470,-0.1844,-0.3698,0.5208,119.8400,-70.5200,-64.2000,0.9200,-12.8300,-2.2400,0.0000,0.0000,-0.0000,1794.0000,1281.0000,1500.0000,1999.0000
212086.6280,2.0000,1998.0000,1000.0000,1425.0000,43.0000,-84.0000,-65.0000,630.0000,-1058.0000,7422.0000,0.7495,-0.1716,-0.3767,0.5166,119.8900,-70.7900,-64.1700,0.5300,-12.9000,-2.5400,0.0000,0.0000,-0.0000,1794.0000,1281.0000,1500.0000,1999.0000
212103.5770,2.0000,1998.0000,1000.0000,1425.0000,82.0000,-106.0000,-54.0000,893.0000,-1333.0000,7793.0000,0.7504,-0.1542,-0.3839,0.5155,119.9200,-71.0500,-64.1300,0.2500,-12.9600,-2.8000,0.0000,0.0000,-0.0000,1794.0000,1281.0000,1500.0000,1999.0000
212120.4130,2.0000,1998.0000,1000.0000,1425.0000,138.0000,-122.0000,-43.0000,833.0000,-1463.0000,8456.0000,0.7501,-0.1307,-0.3893,0.5184,119.9500,-71.3000,-64.1000,-0.0200,-12.9800,-3.1200,0.0000,0.0000,-0.0000,1794.0000,1281.0000,1500.0000,1999.0000
212136.9580,2.0000,1998.0000,1000.0000,1425.0000,186.0000,-121.0000,-29.0000,1114.0000,-1429.0000,9606.0000,0.7489,-0.1020,-0.3908,0.5253,119.9500,-71.3000,-64.1000,-0.0200,-12.9800,-3.1200,0.0000,0.0000,-0.0000,1794.0000,1281.0000,1500.0000,1999.0000
