BCN,7514,0744,066047,2,9,000234,2,6,32800,32768,00000,00000
BCN,7515,0745,066047,2,9,000234,2,6,32800,32768,0000<DAPLink:Overflow>
BCN,9208,075,05985,2,8,00346,2,8,3799,32767,00000,00000
BCN,9209,0745,059825,2,8,003046,2,8,32799,32767,00000,00000
BCN,9210,0850,059825,2,8,003046,2,8,32799,32767,00000,00000
BCN,9211,0853,059825,2,8,003046,2,8,32799,32767,00000,00000
BCN,9212,0850,059825,2,8,003046,2,8,32799,32767,00000,00000
BCN,9213,0853,070065,2,9,003382,2,9,32800,32768,00000,00000
BCN,9214,0851,070065,2,9,003382,2,9,32800,32768,00000,00000
BCN,9215,0745,070065,2,9,003382,2,9,32800,32768,00000,00000
BCN,9216,0743,070065,2,9,003382,2,9,32800,32768,00000,00000
BCN,9217,0853,070065,2,9,003382,2,9,32800,32768,00000,00000
BCN,9218,0742,070065,2,9,003382,2,9,32800,32768,00000,00000
BCN,9219,0745,063856,2,8,003451,2,9,32800,32768,00000,00000
BCN,9220,0851,063856,2,8,003451,2,9,32800,32768,00000,00000
BCN,9221,0745,063856,2,8,003451,2,9,32800,32768,00000,00000
BCN,9222,0743,063856,2,8,003451,2,9,32800,32768,00000,00000
BCN,9223,0800,063856,2,8,003451,2,9,32800,32768,00000,00000
BCN,9224,0743,063856,2,8,003451,2,9,32800,32768,00000,00000
BCN,9225,0745,065735,2,9,003533,2,9,32800,32768,00000,00000
BCN,9226,0851,065735,2,9,003533,2,9,32800,32768,00000,00000
BCN,9227,0766,065735,2,9,003533,2,9,32800,32768,00000,00000
BCN,9228,0759,065735,2,9,003533,2,9,32800,32768,00000,00000
BCN,9229,0745,065735,2,9,003533,2,9,32800,32768,00000,00000
BCN,9230,0752,065735,2,9,003533,2,9,32800,32768,00000,00000
BCN,9231,0753,061704,2,8,003556,2,9,32800,32768,00000,00000
BCN,9232,0850,061704,2,8,003556,2,9,32800,32768,00000,00000
BCN,9233,0850,061704,2,8,003556,2,9,32800,32768,00000,00000
BCN,9234,0850,061704,2,8,003556,2,9,32800,32768,00000,00000
BCN,9235,0748,061704,2,8,003556,2,9,32800,32768,00000,00000
BCN,9236,0850,061704,2,8,003556,2,9,32800,32768,00000,00000
BCN,9237,0852,061704,2,8,003556,2,9,32800,32768,00000,00000
BCN,9238,0849,063752,2,8,003483,2,9,32799,32768,00000,00000
BCN,9239,0745,063752,2,8,003483,2,9,32799,32768,00000,00000
BCN,9240,0850,063752,2,8,003483,2,9,32799,32768,00000,00000
BCN,9241,0853,063752,2,8,003483,2,9,32799,32768,00000,00000
BCN,9242,0850,063752,2,8,003483,2,9,32799,32768,00000,00000
BCN,9243,0746,063752,2,8,003483,2,9,32799,32768,00000,00000
BCN,9244,0743,063713,2,8,003392,2,9,32800,32768,00000,00000
BCN,9245,0746,063713,2,8,003392,2,9,32800,32768,00000,00000
BCN,9246,0742,063713,2,8,003392,2,9,32800,32768,00000,00000
BCN,9247,0853,063713,2,8,003392,2,9,32800,32768,00000,00000
BCN,9248,0851,063713,2,8,003392,2,9,32800,32768,00000,00000
BCN,9249,0849,063713,2,8,003392,2,9,32800,32768,00000,00000
BCN,9250,0823,066008,2,9,003241,2,9,32800,32768,00000,00000
BCN,9251,0808,066008,2,9,003241,2,9,32800,32768,00000,00000
BCN,9252,0742,066008,2,9,003241,2,9,32800,32768,00000,00000
BCN,9253,0821,066008,2,9,003241,2,9,32800,32768,00000,00000
BCN,9254,0850,066008,2,9,003241,2,9,32800,32768,00000,00000
BCN,9255,0835,066008,2,9,003241,2,9,32800,32768,00000,00000
BCN,9256,0836,061951,2,8,003062,2,8,32799,32768,00000,00000
BCN,9257,0853,061951,2,8,003062,2,8,32799,32768,00000,00000
BCN,9258,0742,061951,2,8,003062,2,8,32799,32768,00000,00000
BCN,9259,0745,061951,2,8,003062,2,8,32799,32768,00000,00000
BCN,9260,0846,061951,2,8,003062,2,8,32799,32768,00000,00000
BCN,9261,0745,061951,2,8,003062,2,8,32799,32768,00000,00000
BCN,9262,0742,063908,2,8,003259,2,9,32800,32767,00000,00000
BCN,9263,0854,063908,2,8,003259,2,9,32800,32767,00000,00000
BCN,9264,0745,063908,2,8,003259,2,9,32800,32767,00000,00000
BCN,9265,0747,063908,2,8,003259,2,9,32800,32767,00000,00000
BCN,9266,0742,063908,2,8,003259,2,9,32800,32767,00000,00000
BCN,9267,0746,063908,2,8,003259,2,9,32800,32767,00000,00000
BCN,9268,0743,066151,2,9,003331,2,9,32800,32768,00000,00000
BCN,9269,0854,066151,2,9,003331,2,9,32800,32768,00000,00000
BCN,9270,0850,066151,2,9,003331,2,9,32800,32768,00000,00000
BCN,9271,0854,066151,2,9,003331,2,9,32800,32768,00000,00000
BCN,9272,0743,066151,2,9,003331,2,9,32800,32768,00000,00000
BCN,9273,0854,066151,2,9,003331,2,9,32800,32768,00000,00000
BCN,9274,0850,066151,2,9,003331,2,9,32800,32768,00000,00000
BCN,9275,0853,060098,2,8,003518,2,9,32799,32768,00000,00000
BCN,9276,0742,060098,2,8,003518,2,9,32799,32768,00000,00000
BCN,9277,0853,060098,2,8,003518,2,9,32799,32768,00000,00000
BCN,9278,0819,060098,2,8,003518,2,9,32799,32768,00000,00000
BCN,9279,0853,060098,2,8,003518,2,9,32799,32768,00000,00000
BCN,9280,0811,060098,2,8,003518,2,9,32799,32768,00000,00000
BCN,9281,0823,066177,2,9,003562,2,9,32800,32768,00000,00000
BCN,9282,0742,066177,2,9,003562,2,9,32800,32768,00000,00000
BCN,9283,0835,066177,2,9,003562,2,9,32800,32768,00000,00000
BCN,9284,0850,066177,2,9,003562,2,9,32800,32768,00000,00000
BCN,9285,0853,066177,2,9,003562,2,9,32800,32768,00000,00000
BCN,9286,0752,066177,2,9,003562,2,9,32800,32768,00000,00000
BCN,9287,0753,066138,2,9,003479,2,9,32800,32768,00000,00000
BCN,9288,0749,066138,2,9,003479,2,9,32800,32768,00000,00000
BCN,9289,0745,066138,2,9,003479,2,9,32800,32768,00000,00000
BCN,9290,0847,066138,2,9,003479,2,9,32800,32768,00000,00000
BCN,9291,0853,066138,2,9,003479,2,9,32800,32768,00000,00000
BCN,9292,0848,066138,2,9,003479,2,9,32800,32768,00000,00000
BCN,9293,0852,061990,2,8,003384,2,9,32800,32768,00000,00000
BCN,9294,0851,061990,2,8,003384,2,9,32800,32768,00000,00000
BCN,9295,0745,061990,2,8,003384,2,9,32800,32768,00000,00000
BCN,9296,0743,061990,2,8,003384,2,9,32800,32768,00000,00000
BCN,9297,0853,061990,2,8,003384,2,9,32800,32768,00000,00000
BCN,9298,0742,061990,2,8,003384,2,9,32800,32768,00000,00000
BCN,9299,0745,063973,2,8,003200,2,8,32799,32768,00000,00000
BCN,9300,0851,063973,2,8,003200,2,8,32799,32768,00000,00000
BCN,9301,0746,063973,2,8,003200,2,8,32799,32768,00000,00000
BCN,9302,0743,063973,2,8,003200,2,8,32799,32768,00000,00000
BCN,9303,0745,063973,2,8,003200,2,8,32799,32768,00000,00000
BCN,9304,0743,063973,2,8,003200,2,8,32799,32768,00000,00000
BCN,9305,0745,061730,2,8,003034,2,8,32800,32767,00000,00000
BCN,9306,0850,061730,2,8,003034,2,8,32800,32767,00000,00000
BCN,9307,0812,061730,2,8,003034,2,8,32800,32767,00000,00000
BCN,9308,0795,061730,2,8,003034,2,8,32800,32767,00000,00000
BCN,9309,0745,061730,2,8,003034,2,8,32800,32767,00000,00000
BCN,9310,0774,061730,2,8,003034,2,8,32800,32767,00000,00000
BCN,9311,0770,061730,2,8,003034,2,8,32800,32767,00000,00000
BCN,9312,0850,063908,2,8,003397,2,9,32800,32768,00000,00000
BCN,9313,0841,063908,2,8,003397,2,9,32800,32768,00000,00000
BCN,9314,0850,063908,2,8,003397,2,9,32800,32768,00000,00000
BCN,9315,0754,063908,2,8,003397,2,9,32800,32768,00000,00000
BCN,9316,0850,063908,2,8,003397,2,9,32800,32768,00000,00000
BCN,9317,0849,063908,2,8,003397,2,9,32800,32768,00000,00000
BCN,9318,0847,063869,2,8,003435,2,9,32799,32768,00000,00000
BCN,9319,0745,063869,2,8,003435,2,9,32799,32768,00000,00000
BCN,9320,0848,063869,2,8,003435,2,9,32799,32768,00000,00000
BCN,9321,0853,063869,2,8,003435,2,9,32799,32768,00000,00000
BCN,9322,0851,063869,2,8,003435,2,9,32799,32768,00000,00000
BCN,9323,0747,063869,2,8,003435,2,9,32799,32768,00000,00000
BCN,9324,0744,063817,2,8,003531,2,9,32800,32768,00000,00000
BCN,9325,0746,063817,2,8,003531,2,9,32800,32768,00000,00000
BCN,9326,0742,063817,2,8,003531,2,9,32800,32768,00000,00000
BCN,9327,0853,063817,2,8,003531,2,9,32800,32768,00000,00000
BCN,9328,0851,063817,2,8,003531,2,9,32800,32768,00000,00000
BCN,9329,0853,063817,2,8,003531,2,9,32800,32768,00000,00000
BCN,9330,0850,066086,2,9,003552,2,9,32800,32768,00000,00000
BCN,9331,0854,066086,2,9,003552,2,9,32800,32768,00000,00000
BCN,9332,0742,066086,2,9,003552,2,9,32800,32768,00000,00000
BCN,9333,0745,066086,2,9,003552,2,9,32800,32768,00000,00000
BCN,9334,0851,066086,2,9,003552,2,9,32800,32768,00000,00000
BCN,9335,0786,066086,2,9,003552,2,9,32800,32768,00000,00000
BCN,9336,0800,062003,2,8,003526,2,9,32799,32768,00000,00000
BCN,9337,0854,062003,2,8,003526,2,9,32799,32768,00000,00000
BCN,9338,0742,062003,2,8,003526,2,9,32799,32768,00000,00000
BCN,9339,0745,062003,2,8,003526,2,9,32799,32768,00000,00000
BCN,9340,0834,062003,2,8,003526,2,9,32799,32768,00000,00000
BCN,9341,0745,062003,2,8,003526,2,9,32799,32768,00000,00000
BCN,9342,0742,063947,2,8,003422,2,9,32800,32768,00000,00000
BCN,9343,0853,063947,2,8,003422,2,9,32800,32768,00000,00000
BCN,9344,0750,063947,2,8,003422,2,9,32800,32768,00000,00000
BCN,9345,0751,063947,2,8,003422,2,9,32800,32768,00000,00000
BCN,9346,0742,063947,2,8,003422,2,9,32800,32768,00000,00000
BCN,9347,0749,063947,2,8,003422,2,9,32800,32768,00000,00000
BCN,9348,0745,063947,2,8,003422,2,9,32800,32768,00000,00000
BCN,9349,0854,066177,2,9,003261,2,9,32800,32768,00000,00000
BCN,9350,0849,066177,2,9,003261,2,9,32800,32768,00000,00000
BCN,9351,0854,066177,2,9,003261,2,9,32800,32768,00000,00000
BCN,9352,0744,066177,2,9,003261,2,9,32800,32768,00000,00000
BCN,9353,0854,066177,2,9,003261,2,9,32800,32768,00000,00000
BCN,9354,0850,066177,2,9,003261,2,9,32800,32768,00000,00000
BCN,9355,0853,060111,2,8,003068,2,8,32799,32768,00000,00000
BCN,9356,0742,060111,2,8,003068,2,8,32799,32768,00000,00000
BCN,9357,0853,060111,2,8,003068,2,8,32799,32768,00000,00000
BCN,9358,0851,060111,2,8,003068,2,8,32799,32768,00000,00000
BCN,9359,0854,060111,2,8,003068,2,8,32799,32768,00000,00000
BCN,9360,0743,060111,2,8,003068,2,8,32799,32768,00000,00000
BCN,9361,0746,068160,2,9,003259,2,9,32800,32767,00000,00000
BCN,9362,0743,068160,2,9,003259,2,9,32800,32767,00000,00000
BCN,9363,0791,068160,2,9,003259,2,9,32800,32767,00000,00000
BCN,9364,0851,068160,2,9,003259,2,9,32800,32767,00000,00000
BCN,9365,0853,068160,2,9,003259,2,9,32800,32767,00000,00000
BCN,9366,0775,068160,2,9,003259,2,9,32800,32767,00000,00000
BCN,9367,0770,068030,2,9,003350,2,9,32800,32768,00000,00000
BCN,9368,0762,068030,2,9,003350,2,9,32800,32768,00000,00000
BCN,9369,0745,068030,2,9,003350,2,9,32800,32768,00000,00000
BCN,9370,0841,068030,2,9,003350,2,9,32800,32768,00000,00000
BCN,9371,0853,068030,2,9,003350,2,9,32800,32768,00000,00000
BCN,9372,0845,068030,2,9,003350,2,9,32800,32768,00000,00000
BCN,9373,0849,061886,2,8,003535,2,9,32800,32768,00000,00000
BCN,9374,0851,061886,2,8,003535,2,9,32800,32768,00000,00000
BCN,9375,0745,061886,2,8,003535,2,9,32800,32768,00000,00000
BCN,9376,0742,061886,2,8,003535,2,9,32800,32768,00000,00000
BCN,9377,0852,061886,2,8,003535,2,9,32800,32768,00000,00000
BCN,9378,0743,061886,2,8,003535,2,9,32800,32768,00000,00000
BCN,9379,0745,063882,2,8,003561,2,9,32799,32768,00000,00000
BCN,9380,0851,063882,2,8,003561,2,9,32799,32768,00000,00000
BCN,9381,0746,063882,2,8,003561,2,9,32799,32768,00000,00000
BCN,9382,0743,063882,2,8,003561,2,9,32799,32768,00000,00000
BCN,9383,0745,063882,2,8,003561,2,9,32799,32768,00000,00000
BCN,9384,0743,063882,2,8,003561,2,9,32799,32768,00000,00000
BCN,9385,0746,063882,2,8,003561,2,9,32799,32768,00000,00000
BCN,9386,0851,063817,2,8,003496,2,9,32800,32768,00000,00000
BCN,9387,0853,063817,2,8,003496,2,9,32800,32768,00000,00000
BCN,9388,0851,063817,2,8,003496,2,9,32800,32768,00000,00000
BCN,9389,0745,063817,2,8,003496,2,9,32800,32768,00000,00000
BCN,9390,0840,063817,2,8,003496,2,9,32800,32768,00000,00000
BCN,9391,0821,063817,2,8,003496,2,9,32800,32768,00000,00000
BCN,9392,0851,066086,2,9,003415,2,9,32800,32768,00000,00000
BCN,9393,0813,066086,2,9,003415,2,9,32800,32768,00000,00000
BCN,9394,0851,066086,2,9,003415,2,9,32800,32768,00000,00000
BCN,9395,0773,066086,2,9,003415,2,9,32800,32768,00000,00000
BCN,9396,0851,066086,2,9,003415,2,9,32800,32768,00000,00000
BCN,9397,0839,066086,2,9,003415,2,9,32800,32768,00000,00000
BCN,9398,0840,060046,2,8,003252,2,9,32799,32768,00000,00000
BCN,9399,0745,060046,2,8,003252,2,9,32799,32768,00000,00000
BCN,9400,0845,060046,2,8,003252,2,9,32799,32768,00000,00000
BCN,9401,0853,060046,2,8,003252,2,9,32799,32768,00000,00000
BCN,9402,0851,060046,2,8,003252,2,9,32799,32768,00000,00000
BCN,9403,0749,060046,2,8,003252,2,9,32799,32768,00000,00000
BCN,9404,0746,064012,2,8,003069,2,8,32800,32768,00000,00000
BCN,9405,0747,064012,2,8,003069,2,8,32800,32768,00000,00000
BCN,9406,0743,064012,2,8,003069,2,8,32800,32768,00000,00000
BCN,9407,0852,064012,2,8,003069,2,8,32800,32768,00000,00000
BCN,9408,0851,064012,2,8,003069,2,8,32800,32768,00000,00000
BCN,9409,0853,064012,2,8,003069,2,8,32800,32768,00000,00000
BCN,9410,0850,068173,2,9,003229,2,9,32800,32767,00000,00000
BCN,9411,0853,068173,2,9,003229,2,9,32800,32767,00000,00000
BCN,9412,0743,068173,2,9,003229,2,9,32800,32767,00000,00000
BCN,9413,0745,068173,2,9,003229,2,9,32800,32767,00000,00000
BCN,9414,0851,068173,2,9,003229,2,9,32800,32767,00000,00000
BCN,9415,0745,068173,2,9,003229,2,9,32800,32767,00000,00000
BCN,9416,0743,061990,2,8,003378,2,9,32800,32768,00000,00000
BCN,9417,0854,061990,2,8,003378,2,9,32800,32768,00000,00000
BCN,9418,0743,061990,2,8,003378,2,9,32800,32768,00000,00000
BCN,9419,0745,061990,2,8,003378,2,9,32800,32768,00000,00000
BCN,9420,0797,061990,2,8,003378,2,9,32800,32768,00000,00000
BCN,9421,0745,061990,2,8,003378,2,9,32800,32768,00000,00000
BCN,9422,0743,061990,2,8,003378,2,9,32800,32768,00000,00000
BCN,9423,0853,063960,2,8,003543,2,9,32799,32768,00000,00000
BCN,9424,0765,063960,2,8,003543,2,9,32799,32768,00000,00000
BCN,9425,0762,063960,2,8,003543,2,9,32799,32768,00000,00000
BCN,9426,0743,063960,2,8,003543,2,9,32799,32768,00000,00000
BCN,9427,0755,063960,2,8,003543,2,9,32799,32768,00000,00000
BCN,9428,0751,063960,2,8,003543,2,9,32799,32768,00000,00000
BCN,9429,0853,059812,2,8,003560,2,9,32799,32768,00000,00000
BCN,9430,0847,059812,2,8,003560,2,9,32799,32768,00000,00000
BCN,9431,0853,059812,2,8,003560,2,9,32799,32768,00000,00000
BCN,9432,0746,059812,2,8,003560,2,9,32799,32768,00000,00000
BCN,9433,0853,059812,2,8,003560,2,9,32799,32768,00000,00000
BCN,9434,0850,059812,2,8,003560,2,9,32799,32768,00000,00000
BCN,9435,0852,068108,2,9,003509,2,9,32800,32768,00000,00000
BCN,9436,0743,068108,2,9,003509,2,9,32800,32768,00000,00000
BCN,9437,0852,068108,2,9,003509,2,9,32800,32768,00000,00000
BCN,9438,0851,068108,2,9,003509,2,9,32800,32768,00000,00000
BCN,9439,0853,068108,2,9,003509,2,9,32800,32768,00000,00000
BCN,9440,0744,068108,2,9,003509,2,9,32800,32768,00000,00000
BCN,9441,0745,063921,2,8,003424,2,9,32800,32768,00000,00000
BCN,9442,0744,063921,2,8,003424,2,9,32800,32768,00000,00000
BCN,9443,0744,063921,2,8,003424,2,9,32800,32768,00000,00000
BCN,9444,0851,063921,2,8,003424,2,9,32800,32768,00000,00000
BCN,9445,0853,063921,2,8,003424,2,9,32800,32768,00000,00000
BCN,9446,0847,063921,2,8,003424,2,9,32800,32768,00000,00000
BCN,9447,0826,067939,2,9,003272,2,9,32800,32768,00000,00000
BCN,9448,0806,067939,2,9,003272,2,9,32800,32768,00000,00000
BCN,9449,0744,067939,2,9,003272,2,9,32800,32768,00000,00000
BCN,9450,0818,067939,2,9,003272,2,9,32800,32768,00000,00000
BCN,9451,0853,067939,2,9,003272,2,9,32800,32768,00000,00000
BCN,9452,0832,067939,2,9,003272,2,9,32800,32768,00000,00000
BCN,9453,0838,066112,2,9,003061,2,8,32800,32768,00000,00000
BCN,9454,0851,066112,2,9,003061,2,8,32800,32768,00000,00000
BCN,9455,0744,066112,2,9,003061,2,8,32800,32768,00000,00000
BCN,9456,0743,066112,2,9,003061,2,8,32800,32768,00000,00000
BCN,9457,0848,066112,2,9,003061,2,8,32800,32768,00000,00000
BCN,9458,0743,066112,2,9,003061,2,8,32800,32768,00000,00000
BCN,9459,0744,066112,2,9,003061,2,8,32800,32768,00000,00000
BCN,9460,0851,060059,2,8,003249,2,9,32799,32767,00000,00000
BCN,9461,0747,060059,2,8,003249,2,9,32799,32767,00000,00000
BCN,9462,0745,060059,2,8,003249,2,9,32799,32767,00000,00000
BCN,9463,0744,060059,2,8,003249,2,9,32799,32767,00000,00000
BCN,9464,0744,060059,2,8,003249,2,9,32799,32767,00000,00000
BCN,9465,0745,060059,2,8,003249,2,9,32799,32767,00000,00000
BCN,9466,0851,066164,2,9,003367,2,9,32800,32768,00000,00000
BCN,9467,0852,066164,2,9,003367,2,9,32800,32768,00000,00000
BCN,9468,0851,066164,2,9,003367,2,9,32800,32768,00000,00000
BCN,9469,0745,066164,2,9,003367,2,9,32800,32768,00000,00000
BCN,9470,0851,066164,2,9,003367,2,9,32800,32768,00000,00000
BCN,9471,0852,066164,2,9,003367,2,9,32800,32768,00000,00000
BCN,9472,0851,068069,2,9,003551,2,9,32800,32768,00000,00000
BCN,9473,0744,068069,2,9,003551,2,9,32800,32768,00000,00000
BCN,9474,0851,068069,2,9,003551,2,9,32800,32768,00000,00000
BCN,9475,0832,068069,2,9,003551,2,9,32800,32768,00000,00000
BCN,9476,0851,068069,2,9,003551,2,9,32800,32768,00000,00000
BCN,9477,0807,068069,2,9,003551,2,9,32800,32768,00000,00000
BCN,9478,0817,061912,2,8,003569,2,9,32800,32768,00000,00000
BCN,9479,0744,061912,2,8,003569,2,9,32800,32768,00000,00000
BCN,9480,0831,061912,2,8,003569,2,9,32800,32768,00000,00000
BCN,9481,0853,061912,2,8,003569,2,9,32800,32768,00000,00000
BCN,9482,0851,061912,2,8,003569,2,9,32800,32768,00000,00000
BCN,9483,0755,061912,2,8,003569,2,9,32800,32768,00000,00000
BCN,9484,0751,063908,2,8,003518,2,9,32799,32768,00000,00000
BCN,9485,0751,063908,2,8,003518,2,9,32799,32768,00000,00000
BCN,9486,0743,063908,2,8,003518,2,9,32799,32768,00000,00000
BCN,9487,0849,063908,2,8,003518,2,9,32799,32768,00000,00000
BCN,9488,0851,063908,2,8,003518,2,9,32799,32768,00000,00000
BCN,9489,0851,063908,2,8,003518,2,9,32799,32768,00000,00000
BCN,9490,0850,061678,2,8,003414,2,9,32800,32768,00000,00000
BCN,9491,0853,061678,2,8,003414,2,9,32800,32768,00000,00000
BCN,9492,0743,061678,2,8,003414,2,9,32800,32768,00000,00000
BCN,9493,0744,061678,2,8,003414,2,9,32800,32768,00000,00000
BCN,9494,0851,061678,2,8,003414,2,9,32800,32768,00000,00000
BCN,9495,0744,061678,2,8,003414,2,9,32800,32768,00000,00000
BCN,9496,0743,061678,2,8,003414,2,9,32800,32768,00000,00000
BCN,9497,0853,066021,2,9,003243,2,8,32800,32768,00000,00000
BCN,9498,0743,066021,2,9,003243,2,8,32800,32768,00000,00000
BCN,9499,0745,066021,2,9,003243,2,8,32800,32768,00000,00000
BCN,9500,0743,066021,2,9,003243,2,8,32800,32768,00000,00000
BCN,9501,0744,066021,2,9,003243,2,8,32800,32768,00000,00000
BCN,9502,0743,066021,2,9,003243,2,8,32800,32768,00000,00000
BCN,9503,0853,061964,2,8,003057,2,8,32799,32767,00000,00000
BCN,9504,0806,061964,2,8,003057,2,8,32799,32767,00000,00000
BCN,9505,0793,061964,2,8,003057,2,8,32799,32767,00000,00000
BCN,9506,0743,061964,2,8,003057,2,8,32799,32767,00000,00000
BCN,9507,0773,061964,2,8,003057,2,8,32799,32767,00000,00000
BCN,9508,0765,061964,2,8,003057,2,8,32799,32767,00000,00000
BCN,9509,0853,063908,2,8,003388,2,9,32800,32768,00000,00000
BCN,9510,0840,063908,2,8,003388,2,9,32800,32768,00000,00000
BCN,9511,0853,063908,2,8,003388,2,9,32800,32768,00000,00000
BCN,9512,0751,063908,2,8,003388,2,9,32800,32768,00000,00000
BCN,9513,0853,063908,2,8,003388,2,9,32800,32768,00000,00000
BCN,9514,0847,063908,2,8,003388,2,9,32800,32768,00000,00000
BCN,9515,0849,068095,2,9,003491,2,9,32800,32768,00000,00000
BCN,9516,0743,068095,2,9,003491,2,9,32800,32768,00000,00000
BCN,9517,0851,068095,2,9,003491,2,9,32800,32768,00000,00000
BCN,9518,0851,068095,2,9,003491,2,9,32800,32768,00000,00000
BCN,9519,0853,068095,2,9,003491,2,9,32800,32768,00000,00000
BCN,9520,0744,068095,2,9,003491,2,9,32800,32768,00000,00000
BCN,9521,0745,061925,2,8,003543,2,9,32800,32768,00000,00000
BCN,9522,0744,061925,2,8,003543,2,9,32800,32768,00000,00000
BCN,9523,0744,061925,2,8,003543,2,9,32800,32768,00000,00000
BCN,9524,0851,061925,2,8,003543,2,9,32800,32768,00000,00000
BCN,9525,0852,061925,2,8,003543,2,9,32800,32768,00000,00000
BCN,9526,0851,061925,2,8,003543,2,9,32800,32768,00000,00000
BCN,9527,0853,063921,2,8,003554,2,9,32799,32768,00000,00000
BCN,9528,0851,063921,2,8,003554,2,9,32799,32768,00000,00000
BCN,9529,0744,063921,2,8,003554,2,9,32799,32768,00000,00000
BCN,9530,0763,063921,2,8,003554,2,9,32799,32768,00000,00000
BCN,9531,0853,063921,2,8,003554,2,9,32799,32768,00000,00000
BCN,9532,0797,063921,2,8,003554,2,9,32799,32768,00000,00000
BCN,9533,0811,063921,2,8,003554,2,9,32799,32768,00000,00000
BCN,9534,0851,059773,2,8,003491,2,9,32799,32768,00000,00000
BCN,9535,0744,059773,2,8,003491,2,9,32799,32768,00000,00000
BCN,9536,0743,059773,2,8,003491,2,9,32799,32768,00000,00000
BCN,9537,0838,059773,2,8,003491,2,9,32799,32768,00000,00000
BCN,9538,0743,059773,2,8,003491,2,9,32799,32768,00000,00000
BCN,9539,0744,059773,2,8,003491,2,9,32799,32768,00000,00000
BCN,9540,0851,068095,2,9,003354,2,9,32800,32768,00000,00000
BCN,9541,0750,068095,2,9,003354,2,9,32800,32768,00000,00000
BCN,9542,0748,068095,2,9,003354,2,9,32800,32768,00000,00000
BCN,9543,0744,068095,2,9,003354,2,9,32800,32768,00000,00000
BCN,9544,0746,068095,2,9,003354,2,9,32800,32768,00000,00000
BCN,9545,0746,068095,2,9,003354,2,9,32800,32768,00000,00000
BCN,9546,0851,063908,2,8,003180,2,8,32800,32768,00000,00000
BCN,9547,0851,063908,2,8,003180,2,8,32800,32768,00000,00000
BCN,9548,0851,063908,2,8,003180,2,8,32800,32768,00000,00000
BCN,9549,0745,063908,2,8,003180,2,8,32800,32768,00000,00000
BCN,9550,0851,063908,2,8,003180,2,8,32800,32768,00000,00000
BCN,9551,0852,063908,2,8,003180,2,8,32800,32768,00000,00000
BCN,9552,0851,067926,2,9,003126,2,8,32800,32767,00000,00000
BCN,9553,0744,067926,2,9,003126,2,8,32800,32767,00000,00000
BCN,9554,0851,067926,2,9,003126,2,8,32800,32767,00000,00000
BCN,9555,0853,067926,2,9,003126,2,8,32800,32767,00000,00000
BCN,9556,0851,067926,2,9,003126,2,8,32800,32767,00000,00000
BCN,9557,0744,067926,2,9,003126,2,8,32800,32767,00000,00000
BCN,9558,0767,066099,2,9,003382,2,9,32800,32768,00000,00000
BCN,9559,0744,066099,2,9,003382,2,9,32800,32768,00000,00000
BCN,9560,0798,066099,2,9,003382,2,9,32800,32768,00000,00000
BCN,9561,0852,066099,2,9,003382,2,9,32800,32768,00000,00000
BCN,9562,0851,066099,2,9,003382,2,9,32800,32768,00000,00000
BCN,9563,0772,066099,2,9,003382,2,9,32800,32768,00000,00000
BCN,9564,0764,060046,2,8,003505,2,9,32799,32768,00000,00000
BCN,9565,0761,060046,2,8,003505,2,9,32799,32768,00000,00000
BCN,9566,0743,060046,2,8,003505,2,9,32799,32768,00000,00000
BCN,9567,0844,060046,2,8,003505,2,9,32799,32768,00000,00000
BCN,9568,0851,060046,2,8,003505,2,9,32799,32768,00000,00000
BCN,9569,0847,060046,2,8,003505,2,9,32799,32768,00000,00000
BCN,9570,0847,060046,2,8,003505,2,9,32799,32768,00000,00000
BCN,9571,0853,066151,2,9,003547,2,9,32800,32768,00000,00000
BCN,9572,0743,066151,2,9,003547,2,9,32800,32768,00000,00000
BCN,9573,0744,066151,2,9,003547,2,9,32800,32768,00000,00000
BCN,9574,0850,066151,2,9,003547,2,9,32800,32768,00000,00000
BCN,9575,0744,066151,2,9,003547,2,9,32800,32768,00000,00000
BCN,9576,0743,066151,2,9,003547,2,9,32800,32768,00000,00000
BCN,9577,0853,068069,2,9,003543,2,9,32800,32768,00000,00000
BCN,9578,0744,068069,2,9,003543,2,9,32800,32768,00000,00000
BCN,9579,0745,068069,2,9,003543,2,9,32800,32768,00000,00000
BCN,9580,0743,068069,2,9,003543,2,9,32800,32768,00000,00000
BCN,9581,0745,068069,2,9,003543,2,9,32800,32768,00000,00000
BCN,9582,0743,068069,2,9,003543,2,9,32800,32768,00000,00000
BCN,9583,0853,061899,2,8,003478,2,9,32800,32768,00000,00000
BCN,9584,0851,061899,2,8,003478,2,9,32800,32768,00000,00000
BCN,9585,0853,061899,2,8,003478,2,9,32800,32768,00000,00000
BCN,9586,0743,061899,2,8,003478,2,9,32800,32768,00000,00000
BCN,9587,0825,061899,2,8,003478,2,9,32800,32768,00000,00000
BCN,9588,0806,061899,2,8,003478,2,9,32800,32768,00000,00000
BCN,9589,0852,063908,2,8,003329,2,9,32799,32768,00000,00000
BCN,9590,0819,063908,2,8,003329,2,9,32799,32768,00000,00000
BCN,9591,0852,063908,2,8,003329,2,9,32799,32768,00000,00000
BCN,9592,0766,063908,2,8,003329,2,9,32799,32768,00000,00000
BCN,9593,0853,063908,2,8,003329,2,9,32799,32768,00000,00000
BCN,9594,0840,063908,2,8,003329,2,9,32799,32768,00000,00000
BCN,9595,0844,063830,2,8,003155,2,8,32800,32768,00000,00000
BCN,9596,0743,063830,2,8,003155,2,8,32800,32768,00000,00000
BCN,9597,0847,063830,2,8,003155,2,8,32800,32768,00000,00000
BCN,9598,0851,063830,2,8,003155,2,8,32800,32768,00000,00000
BCN,9599,0852,063830,2,8,003155,2,8,32800,32768,00000,00000
BCN,9600,0746,063830,2,8,003155,2,8,32800,32768,00000,00000
BCN,9601,0747,066099,2,9,003130,2,8,32800,32767,00000,00000
BCN,9602,0745,066099,2,9,003130,2,8,32800,32767,00000,00000
BCN,9603,0744,066099,2,9,003130,2,8,32800,32767,00000,00000
BCN,9604,0850,066099,2,9,003130,2,8,32800,32767,00000,00000
BCN,9605,0853,066099,2,9,003130,2,8,32800,32767,00000,00000
BCN,9606,0744,066099,2,9,003130,2,8,32800,32767,00000,00000
BCN,9607,0744,066099,2,9,003130,2,8,32800,32767,00000,00000
BCN,9608,0743,060059,2,8,003387,2,9,32799,32768,00000,00000
BCN,9609,0744,060059,2,8,003387,2,9,32799,32768,00000,00000
BCN,9610,0743,060059,2,8,003387,2,9,32799,32768,00000,00000
BCN,9611,0744,060059,2,8,003387,2,9,32799,32768,00000,00000
BCN,9612,0743,060059,2,8,003387,2,9,32799,32768,00000,00000
BCN,9613,0744,060059,2,8,003387,2,9,32799,32768,00000,00000
BCN,9614,0745,064012,2,8,001938,2,5,32800,32768,00000,00000
BCN,9615,0744,064012,2,8,001938,2,5,32800,32768,00000,00000
BCN,9616,0743,064012,2,8,001938,2,5,32800,32768,00000,00000
BCN,9617,0777,064012,2,8,001938,2,5,32800,32768,00000,00000
BCN,9618,0743,064012,2,8,001938,2,5,32800,32768,00000,00000
BCN,9619,0744,064012,2,8,001938,2,5,32800,32768,00000,00000
BCN,9620,0759,064103,2,8,000349,2,1,32800,32767,00000,00000
BCN,9621,0744,064103,2,8,000349,2,1,32800,32767,00000,00000
BCN,9622,0743,064103,2,8,000349,2,1,32800,32767,00000,00000
BCN,9623,0744,064103,2,8,000349,2,1,32800,32767,00000,00000
BCN,9624,0743,064103,2,8,000349,2,1,32800,32767,00000,00000
BCN,9625,0744,064103,2,8,000349,2,1,32800,32767,00000,00000
BCN,9626,0747,060098,2,8,000326,2,1,32799,32768,00000,00000
BCN,9627,0747,060098,2,8,000326,2,1,32799,32768,00000,00000
BCN,9628,0745,060098,2,8,000326,2,1,32799,32768,00000,00000
BCN,9629,0744,060098,2,8,000326,2,1,32799,32768,00000,00000
BCN,9630,0744,060098,2,8,000326,2,1,32799,32768,00000,00000
BCN,9631,0745,060098,2,8,000326,2,1,32799,32768,00000,00000
BCN,9632,0744,066177,2,9,000410,0,2,32800,32768,00000,00000
BCN,9633,0744,066177,2,9,000410,0,2,32800,32768,00000,00000
BCN,9634,0743,066177,2,9,000410,0,2,32800,32768,00000,00000
BCN,9635,0744,066177,2,9,000410,0,2,32800,32768,00000,00000
BCN,9636,0743,066177,2,9,000410,0,2,32800,32768,00000,00000
BCN,9637,0744,066177,2,9,000410,0,2,32800,32768,00000,00000
BCN,9638,0743,066138,2,9,000430,0,3,32800,32768,00000,00000
BCN,9639,0744,066138,2,9,000430,0,3,32800,32768,00000,00000
BCN,9640,0743,066138,2,9,000430,0,3,32800,32768,00000,00000
BCN,9641,0744,066138,2,9,000430,0,3,32800,32768,00000,00000
BCN,9642,0768,066138,2,9,000430,0,3,32800,32768,00000,00000
BCN,9643,0744,066138,2,9,000430,0,3,32800,32768,00000,00000
BCN,9644,0743,066138,2,9,000430,0,3,32800,32768,00000,00000
BCN,9645,0744,061990,2,8,000326,0,3,32800,32768,00000,00000
BCN,9646,0743,061990,2,8,000326,0,3,32800,32768,00000,00000
BCN,9647,0763,061990,2,8,000326,0,3,32800,32768,00000,00000
BCN,9648,0758,061990,2,8,000326,0,3,32800,32768,00000,00000
BCN,9649,0755,061990,2,8,000326,0,3,32800,32768,00000,00000
BCN,9650,0752,061990,2,8,000326,0,3,32800,32768,00000,00000
BCN,9651,0751,063973,2,8,000274,0,3,32799,32768,00000,00000
BCN,9652,0743,063973,2,8,000274,0,3,32799,32768,00000,00000
BCN,9653,0744,063973,2,8,000274,0,3,32799,32768,00000,00000
BCN,9654,0746,063973,2,8,000274,0,3,32799,32768,00000,00000
BCN,9655,0744,063973,2,8,000274,0,3,32799,32768,00000,00000
BCN,9656,0743,063973,2,8,000274,0,3,32799,32768,00000,00000
BCN,9657,0746,059812,2,8,000280,0,3,32799,32768,00000,00000
BCN,9658,0743,059812,2,8,000280,0,3,32799,32768,00000,00000
BCN,9659,0744,059812,2,8,000280,0,3,32799,32768,00000,00000
BCN,9660,0743,059812,2,8,000280,0,3,32799,32768,00000,00000
BCN,9661,0744,059812,2,8,000280,0,3,32799,32768,00000,00000
BCN,9662,0743,059812,2,8,000280,0,3,32799,32768,00000,00000
BCN,9663,0744,070065,2,9,000304,0,4,32800,32768,00000,00000
BCN,9664,0743,070065,2,9,000304,0,4,32800,32768,00000,00000
BCN,9665,0744,070065,2,9,000304,0,4,32800,32768,00000,00000
BCN,9666,0743,070065,2,9,000304,0,4,32800,32768,00000,00000
BCN,9667,0744,070065,2,9,000304,0,4,32800,32768,00000,00000
BCN,9668,0743,070065,2,9,000304,0,4,32800,32768,00000,00000
BCN,9669,0744,063856,2,8,000350,2,5,32800,32768,00000,00000
BCN,9670,0770,063856,2,8,000350,2,5,32800,32768,00000,00000
BCN,9671,0789,063856,2,8,000350,2,5,32800,32768,00000,00000
BCN,9672,0743,063856,2,8,000350,2,5,32800,32768,00000,00000
BCN,9673,0774,063856,2,8,000350,2,5,32800,32768,00000,00000
BCN,9674,0766,063856,2,8,000350,2,5,32800,32768,00000,00000
BCN,9675,0762,065735,2,9,000361,2,5,32800,32768,00000,00000
BCN,9676,0743,065735,2,9,000361,2,5,32800,32768,00000,00000
BCN,9677,0755,065735,2,9,000361,2,5,32800,32768,00000,00000
BCN,9678,0751,065735,2,9,000361,2,5,32800,32768,00000,00000
BCN,9679,0751,065735,2,9,000361,2,5,32800,32768,00000,00000
BCN,9680,0743,065735,2,9,000361,2,5,32800,32768,00000,00000
BCN,9681,0744,065735,2,9,000361,2,5,32800,32768,00000,00000
BCN,9682,0743,063843,2,8,000416,2,6,32800,32768,00000,00000
BCN,9683,0744,063843,2,8,000416,2,6,32800,32768,00000,00000
BCN,9684,0745,063843,2,8,000416,2,6,32800,32768,00000,00000
BCN,9685,0746,063843,2,8,000416,2,6,32800,32768,00000,00000
BCN,9686,0744,063843,2,8,000416,2,6,32800,32768,00000,00000
BCN,9687,0745,063843,2,8,000416,2,6,32800,32768,00000,00000
BCN,9688,0744,061860,2,8,000397,2,6,32799,32768,00000,00000
BCN,9689,0744,061860,2,8,000397,2,6,32799,32768,00000,00000
BCN,9690,0743,061860,2,8,000397,2,6,32799,32768,00000,00000
BCN,9691,0745,061860,2,8,000397,2,6,32799,32768,00000,00000
BCN,9692,0743,061860,2,8,000397,2,6,32799,32768,00000,00000
BCN,9693,0744,061860,2,8,000397,2,6,32799,32768,00000,00000
BCN,9694,0743,057634,2,8,000274,2,5,32799,32768,00000,00000
BCN,9695,0744,057634,2,8,000274,2,5,32799,32768,00000,00000
BCN,9696,0743,057634,2,8,000274,2,5,32799,32768,00000,00000
BCN,9697,0744,057634,2,8,000274,2,5,32799,32768,00000,00000
BCN,9698,0743,057634,2,8,000274,2,5,32799,32768,00000,00000
BCN,9699,0744,057634,2,8,000274,2,5,32799,32768,00000,00000
BCN,9700,0782,063843,2,8,000262,2,5,32800,32768,00000,00000
BCN,9701,0744,063843,2,8,000262,2,5,32800,32768,00000,00000
BCN,9702,0743,063843,2,8,000262,2,5,32800,32768,00000,00000
BCN,9703,0744,063843,2,8,000262,2,5,32800,32768,00000,00000
BCN,9704,0743,063843,2,8,000262,2,5,32800,32768,00000,00000
BCN,9705,0744,063843,2,8,000262,2,5,32800,32768,00000,00000
BCN,9706,0751,066099,2,9,000282,2,5,32800,32768,00000,00000
BCN,9707,0751,066099,2,9,000282,2,5,32800,32768,00000,00000
BCN,9708,0748,066099,2,9,000282,2,5,32800,32768,00000,00000
BCN,9709,0744,066099,2,9,000282,2,5,32800,32768,00000,00000
BCN,9710,0746,066099,2,9,000282,2,5,32800,32768,00000,00000
BCN,9711,0747,066099,2,9,000282,2,5,32800,32768,00000,00000
BCN,9712,0745,060059,2,8,000331,2,6,32799,32767,00000,00000
BCN,9713,0744,060059,2,8,000331,2,6,32799,32767,00000,00000
BCN,9714,0744,060059,2,8,000331,2,6,32799,32767,00000,00000
BCN,9715,0745,060059,2,8,000331,2,6,32799,32767,00000,00000
BCN,9716,0744,060059,2,8,000331,2,6,32799,32767,00000,00000
BCN,9717,0744,060059,2,8,000331,2,6,32799,32767,00000,00000
BCN,9718,0743,060059,2,8,000331,2,6,32799,32767,00000,00000
BCN,9719,0744,064012,2,8,000338,2,6,32800,32768,00000,00000
BCN,9720,0743,064012,2,8,000338,2,6,32800,32768,00000,00000
BCN,9721,0744,064012,2,8,000338,2,6,32800,32768,00000,00000
BCN,9722,0743,064012,2,8,000338,2,6,32800,32768,00000,00000
BCN,9723,0744,064012,2,8,000338,2,6,32800,32768,00000,00000
BCN,9724,0743,064012,2,8,000338,2,6,32800,32768,00000,00000
BCN,9725,0744,066047,2,9,000368,2,6,32800,32768,00000,00000
BCN,9726,0743,066047,2,9,000368,2,6,32800,32768,00000,00000
BCN,9727,0785,066047,2,9,000368,2,6,32800,32768,00000,00000
BCN,9728,0783,066047,2,9,000368,2,6,32800,32768,00000,00000
BCN,9729,0775,066047,2,9,000368,2,6,32800,32768,00000,00000
BCN,9730,0767,066047,2,9,000368,2,6,32800,32768,00000,00000
BCN,9731,0763,061925,2,8,000412,2,6,32800,32768,00000,00000
BCN,9732,0743,061925,2,8,000412,2,6,32800,32768,00000,00000
BCN,9733,0744,061925,2,8,000412,2,6,32800,32768,00000,00000
BCN,9734,0752,061925,2,8,000412,2,6,32800,32768,00000,00000
BCN,9735,0744,061925,2,8,000412,2,6,32800,32768,00000,00000
BCN,9736,0743,061925,2,8,000412,2,6,32800,32768,00000,00000
BCN,9737,0748,063921,2,8,000395,2,6,32799,32768,00000,00000
BCN,9738,0743,063921,2,8,000395,2,6,32799,32768,00000,00000
BCN,9739,0744,063921,2,8,000395,2,6,32799,32768,00000,00000
BCN,9740,0743,063921,2,8,000395,2,6,32799,32768,00000,00000
BCN,9741,0744,063921,2,8,000395,2,6,32799,32768,00000,00000
BCN,9742,0743,063921,2,8,000395,2,6,32799,32768,00000,00000
BCN,9743,0745,059773,2,8,000285,2,6,32799,32768,00000,00000
BCN,9744,0744,059773,2,8,000285,2,6,32799,32768,00000,00000
BCN,9745,0745,059773,2,8,000285,2,6,32799,32768,00000,00000
BCN,9746,0743,059773,2,8,000285,2,6,32799,32768,00000,00000
BCN,9747,0745,059773,2,8,000285,2,6,32799,32768,00000,00000
BCN,9748,0743,059773,2,8,000285,2,6,32799,32768,00000,00000
BCN,9749,0744,070039,2,9,000258,2,5,32800,32768,00000,00000
BCN,9750,0743,070039,2,9,000258,2,5,32800,32768,00000,00000
BCN,9751,0744,070039,2,9,000258,2,5,32800,32768,00000,00000
BCN,9752,0743,070039,2,9,000258,2,5,32800,32768,00000,00000
BCN,9753,0744,070039,2,9,000258,2,5,32800,32768,00000,00000
BCN,9754,0773,070039,2,9,000258,2,5,32800,32768,00000,00000
BCN,9755,0787,070039,2,9,000258,2,5,32800,32768,00000,00000
BCN,9756,0743,063830,2,8,000277,2,5,32800,32767,00000,00000
BCN,9757,0771,063830,2,8,000277,2,5,32800,32767,00000,00000
BCN,9758,0764,063830,2,8,000277,2,5,32800,32767,00000,00000
BCN,9759,0760,063830,2,8,000277,2,5,32800,32767,00000,00000
BCN,9760,0743,063830,2,8,000277,2,5,32800,32767,00000,00000
BCN,9761,0744,063830,2,8,000277,2,5,32800,32767,00000,00000
BCN,9762,0743,065722,2,9,000343,2,6,32800,32768,00000,00000
BCN,9763,0744,065722,2,9,000343,2,6,32800,32768,00000,00000
BCN,9764,0747,065722,2,9,000343,2,6,32800,32768,00000,00000
BCN,9765,0747,065722,2,9,000343,2,6,32800,32768,00000,00000
BCN,9766,0746,065722,2,9,000343,2,6,32800,32768,00000,00000
BCN,9767,0746,065722,2,9,000343,2,6,32800,32768,00000,00000
BCN,9768,0745,063830,2,8,000357,2,6,32800,32768,00000,00000
BCN,9769,0744,063830,2,8,000357,2,6,32800,32768,00000,00000
BCN,9770,0743,063830,2,8,000357,2,6,32800,32768,00000,00000
BCN,9771,0745,063830,2,8,000357,2,6,32800,32768,00000,00000
BCN,9772,0743,063830,2,8,000357,2,6,32800,32768,00000,00000
BCN,9773,0744,063830,2,8,000357,2,6,32800,32768,00000,00000
BCN,9774,0744,063817,2,8,000418,2,7,32799,32768,00000,00000
BCN,9775,0744,063817,2,8,000418,2,7,32799,32768,00000,00000
BCN,9776,0743,063817,2,8,000418,2,7,32799,32768,00000,00000
BCN,9777,0744,063817,2,8,000418,2,7,32799,32768,00000,00000
BCN,9778,0743,063817,2,8,000418,2,7,32799,32768,00000,00000
BCN,9779,0744,063817,2,8,000418,2,7,32799,32768,00000,00000
BCN,9780,0743,063765,2,8,000396,2,6,32800,32768,00000,00000
BCN,9781,0744,063765,2,8,000396,2,6,32800,32768,00000,00000
BCN,9782,0743,063765,2,8,000396,2,6,32800,32768,00000,00000
BCN,9783,0744,063765,2,8,000396,2,6,32800,32768,00000,00000
BCN,9784,0743,063765,2,8,000396,2,6,32800,32768,00000,00000
BCN,9785,0744,063765,2,8,000396,2,6,32800,32768,00000,00000
BCN,9786,0762,066047,2,9,000281,2,6,32800,32768,00000,00000
BCN,9787,0759,066047,2,9,000281,2,6,32800,32768,00000,00000
BCN,9788,0755,066047,2,9,000281,2,6,32800,32768,00000,00000
BCN,9789,0744,066047,2,9,000281,2,6,32800,32768,00000,00000
BCN,9790,0750,066047,2,9,000281,2,6,32800,32768,00000,00000
BCN,9791,0750,066047,2,9,000281,2,6,32800,32768,00000,00000
BCN,9792,0748,066047,2,9,000281,2,6,32800,32768,00000,00000
BCN,9793,0744,060020,2,8,000271,2,6,32799,32768,00000,00000
BCN,9794,0746,060020,2,8,000271,2,6,32799,32768,00000,00000
BCN,9795,0746,060020,2,8,000271,2,6,32799,32768,00000,00000
BCN,9796,0745,060020,2,8,000271,2,6,32799,32768,00000,00000
BCN,9797,0744,060020,2,8,000271,2,6,32799,32768,00000,00000
BCN,9798,0743,060020,2,8,000271,2,6,32799,32768,00000,00000
BCN,9799,0744,063986,2,8,000282,2,6,32800,32768,00000,00000
BCN,9800,0743,063986,2,8,000282,2,6,32800,32768,00000,00000
BCN,9801,0745,063986,2,8,000282,2,6,32800,32768,00000,00000
BCN,9802,0744,063986,2,8,000282,2,6,32800,32768,00000,00000
BCN,9803,0745,063986,2,8,000282,2,6,32800,32768,00000,00000
BCN,9804,0744,063986,2,8,000282,2,6,32800,32768,00000,00000
BCN,9805,0744,066216,2,9,000298,2,6,32800,32767,00000,00000
BCN,9806,0743,066216,2,9,000298,2,6,32800,32767,00000,00000
BCN,9807,0744,066216,2,9,000298,2,6,32800,32767,00000,00000
BCN,9808,0743,066216,2,9,000298,2,6,32800,32767,00000,00000
BCN,9809,0744,066216,2,9,000298,2,6,32800,32767,00000,00000
BCN,9810,0774,066216,2,9,000298,2,6,32800,32767,00000,00000
BCN,9811,0788,060137,2,8,000353,2,7,32799,32768,00000,00000
BCN,9812,0743,060137,2,8,000353,2,7,32799,32768,00000,00000
BCN,9813,0744,060137,2,8,000353,2,7,32799,32768,00000,00000
BCN,9814,0764,060137,2,8,000353,2,7,32799,32768,00000,00000
BCN,9815,0744,060137,2,8,000353,2,7,32799,32768,00000,00000
BCN,9816,0743,060137,2,8,000353,2,7,32799,32768,00000,00000
BCN,9817,0754,066216,2,9,000351,2,6,32800,32768,00000,00000
BCN,9818,0743,066216,2,9,000351,2,6,32800,32768,00000,00000
BCN,9819,0744,066216,2,9,000351,2,6,32800,32768,00000,00000
BCN,9820,0743,066216,2,9,000351,2,6,32800,32768,00000,00000
BCN,9821,0744,066216,2,9,000351,2,6,32800,32768,00000,00000
BCN,9822,0743,066216,2,9,000351,2,6,32800,32768,00000,00000
BCN,9823,0746,066164,2,9,000427,2,7,32800,32768,00000,00000
BCN,9824,0745,066164,2,9,000427,2,7,32800,32768,00000,00000
BCN,9825,0746,066164,2,9,000427,2,7,32800,32768,00000,00000
BCN,9826,0743,066164,2,9,000427,2,7,32800,32768,00000,00000
BCN,9827,0745,066164,2,9,000427,2,7,32800,32768,00000,00000
BCN,9828,0744,066164,2,9,000427,2,7,32800,32768,00000,00000
BCN,9829,0745,066164,2,9,000427,2,7,32800,32768,00000,00000
BCN,9830,0743,062016,2,8,000421,2,7,32800,32768,00000,00000
BCN,9831,0744,062016,2,8,000421,2,7,32800,32768,00000,00000
BCN,9832,0744,062016,2,8,000421,2,7,32800,32768,00000,00000
BCN,9833,0744,062016,2,8,000421,2,7,32800,32768,00000,00000
BCN,9834,0743,062016,2,8,000421,2,7,32800,32768,00000,00000
BCN,9835,0744,062016,2,8,000421,2,7,32800,32768,00000,00000
BCN,9836,0743,063986,2,8,000309,2,6,32799,32768,00000,00000
BCN,9837,0758,063986,2,8,000309,2,6,32799,32768,00000,00000
BCN,9838,0780,063986,2,8,000309,2,6,32799,32768,00000,00000
BCN,9839,0787,063986,2,8,000309,2,6,32799,32768,00000,00000
BCN,9840,0743,063986,2,8,000309,2,6,32799,32768,00000,00000
BCN,9841,0744,063986,2,8,000309,2,6,32799,32768,00000,00000
BCN,9842,0743,059825,2,8,000278,2,6,32799,32768,00000,00000
BCN,9843,0744,059825,2,8,000278,2,6,32799,32768,00000,00000
BCN,9844,0756,059825,2,8,000278,2,6,32799,32768,00000,00000
BCN,9845,0754,059825,2,8,000278,2,6,32799,32768,00000,00000
BCN,9846,0751,059825,2,8,000278,2,6,32799,32768,00000,00000
BCN,9847,0750,059825,2,8,000278,2,6,32799,32768,00000,00000
BCN,9848,0748,070078,2,9,000287,2,6,32800,32768,00000,00000
BCN,9849,0744,070078,2,9,000287,2,6,32800,32768,00000,00000
BCN,9850,0743,070078,2,9,000287,2,6,32800,32768,00000,00000
BCN,9851,0746,070078,2,9,000287,2,6,32800,32768,00000,00000
BCN,9852,0744,070078,2,9,000287,2,6,32800,32768,00000,00000
BCN,9853,0744,070078,2,9,000287,2,6,32800,32768,00000,00000
BCN,9854,0745,063856,2,8,000315,2,6,32800,32767,00000,00000
BCN,9855,0744,063856,2,8,000315,2,6,32800,32767,00000,00000
BCN,9856,0743,063856,2,8,000315,2,6,32800,32767,00000,00000
BCN,9857,0744,063856,2,8,000315,2,6,32800,32767,00000,00000
BCN,9858,0744,063856,2,8,000315,2,6,32800,32767,00000,00000
BCN,9859,0744,063856,2,8,000315,2,6,32800,32767,00000,00000
BCN,9860,0744,065735,2,9,000334,2,6,32800,32768,00000,00000
BCN,9861,0744,065735,2,9,000334,2,6,32800,32768,00000,00000
BCN,9862,0744,065735,2,9,000334,2,6,32800,32768,00000,00000
BCN,9863,0744,065735,2,9,000334,2,6,32800,32768,00000,00000
BCN,9864,0744,065735,2,9,000334,2,6,32800,32768,00000,00000
BCN,9865,0744,065735,2,9,000334,2,6,32800,32768,00000,00000
BCN,9866,0781,065735,2,9,000334,2,6,32800,32768,00000,00000
BCN,9867,0785,065995,2,9,000364,2,6,32800,32768,00000,00000
BCN,9868,0777,065995,2,9,000364,2,6,32800,32768,00000,00000
BCN,9869,0744,065995,2,9,000364,2,6,32800,32768,00000,00000
BCN,9870,0764,065995,2,9,000364,2,6,32800,32768,00000,00000
BCN,9871,0759,065995,2,9,000364,2,6,32800,32768,00000,00000
BCN,9872,0756,065995,2,9,000364,2,6,32800,32768,00000,00000
BCN,9873,0744,061938,2,8,000421,2,6,32799,32768,00000,00000
BCN,9874,0751,061938,2,8,000421,2,6,32799,32768,00000,00000
BCN,9875,0750,061938,2,8,000421,2,6,32799,32768,00000,00000
BCN,9876,0748,061938,2,8,000421,2,6,32799,32768,00000,00000
BCN,9877,0744,061938,2,8,000421,2,6,32799,32768,00000,00000
BCN,9878,0743,061938,2,8,000421,2,6,32799,32768,00000,00000
BCN,9879,0744,063895,2,8,000384,2,6,32800,32768,00000,00000
BCN,9880,0744,063895,2,8,000384,2,6,32800,32768,00000,00000
BCN,9881,0745,063895,2,8,000384,2,6,32800,32768,00000,00000
BCN,9882,0745,063895,2,8,000384,2,6,32800,32768,00000,00000
BCN,9883,0745,063895,2,8,000384,2,6,32800,32768,00000,00000
BCN,9884,0744,063895,2,8,000384,2,6,32800,32768,00000,00000
BCN,9885,0744,066138,2,9,000274,2,6,32800,32768,00000,00000
BCN,9886,0743,066138,2,9,000274,2,6,32800,32768,00000,00000
BCN,9887,0744,066138,2,9,000274,2,6,32800,32768,00000,00000
BCN,9888,0744,066138,2,9,000274,2,6,32800,32768,00000,00000
BCN,9889,0744,066138,2,9,000274,2,6,32800,32768,00000,00000
BCN,9890,0743,066138,2,9,000274,2,6,32800,32768,00000,00000
BCN,9891,0744,060085,2,8,000256,2,5,32799,32768,00000,00000
BCN,9892,0744,060085,2,8,000256,2,5,32799,32768,00000,00000
BCN,9893,0744,060085,2,8,000256,2,5,32799,32768,00000,00000
BCN,9894,0781,060085,2,8,000256,2,5,32799,32768,00000,00000
BCN,9895,0744,060085,2,8,000256,2,5,32799,32768,00000,00000
BCN,9896,0744,060085,2,8,000256,2,5,32799,32768,00000,00000
BCN,9897,0770,064038,2,8,000281,2,5,32800,32768,00000,00000
BCN,9898,0744,064038,2,8,000281,2,5,32800,32768,00000,00000
BCN,9899,0744,064038,2,8,000281,2,5,32800,32768,00000,00000
BCN,9900,0744,064038,2,8,000281,2,5,32800,32768,00000,00000
BCN,9901,0744,064038,2,8,000281,2,5,32800,32768,00000,00000
BCN,9902,0744,064038,2,8,000281,2,5,32800,32768,00000,00000
BCN,9903,0749,064038,2,8,000281,2,5,32800,32768,00000,00000
BCN,9904,0748,066255,2,9,000323,2,6,32800,32767,00000,00000
BCN,9905,0747,066255,2,9,000323,2,6,32800,32767,00000,00000
BCN,9906,0744,066255,2,9,000323,2,6,32800,32767,00000,00000
BCN,9907,0746,066255,2,9,000323,2,6,32800,32767,00000,00000
BCN,9908,0745,066255,2,9,000323,2,6,32800,32767,00000,00000
BCN,9909,0745,066255,2,9,000323,2,6,32800,32767,00000,00000
BCN,9910,0744,060163,2,8,000350,2,6,32799,32768,00000,00000
BCN,9911,0744,060163,2,8,000350,2,6,32799,32768,00000,00000
BCN,9912,0744,060163,2,8,000350,2,6,32799,32768,00000,00000
BCN,9913,0744,060163,2,8,000350,2,6,32799,32768,00000,00000
BCN,9914,0744,060163,2,8,000350,2,6,32799,32768,00000,00000
BCN,9915,0744,060163,2,8,000350,2,6,32799,32768,00000,00000
BCN,9916,0744,066242,2,9,000362,2,5,32800,32768,00000,00000
BCN,9917,0743,066242,2,9,000362,2,5,32800,32768,00000,00000
BCN,9918,0744,066242,2,9,000362,2,5,32800,32768,00000,00000
BCN,9919,0744,066242,2,9,000362,2,5,32800,32768,00000,00000
BCN,9920,0744,066242,2,9,000362,2,5,32800,32768,00000,00000
BCN,9921,0744,066242,2,9,000362,2,5,32800,32768,00000,00000
BCN,9922,0744,066177,2,9,000436,2,6,32800,32768,00000,00000
BCN,9923,0743,066177,2,9,000436,2,6,32800,32768,00000,00000
BCN,9924,0780,066177,2,9,000436,2,6,32800,32768,00000,00000
BCN,9925,0773,066177,2,9,000436,2,6,32800,32768,00000,00000
BCN,9926,0766,066177,2,9,000436,2,6,32800,32768,00000,00000
BCN,9927,0761,066177,2,9,000436,2,6,32800,32768,00000,00000
BCN,9928,0758,060111,2,8,000399,2,6,32799,32768,00000,00000
BCN,9929,0743,060111,2,8,000399,2,6,32799,32768,00000,00000
BCN,9930,0744,060111,2,8,000399,2,6,32799,32768,00000,00000
BCN,9931,0750,060111,2,8,000399,2,6,32799,32768,00000,00000
BCN,9932,0744,060111,2,8,000399,2,6,32799,32768,00000,00000
BCN,9933,0744,060111,2,8,000399,2,6,32799,32768,00000,00000
BCN,9934,0747,066203,2,9,000291,2,6,32800,32768,00000,00000
BCN,9935,0744,066203,2,9,000291,2,6,32800,32768,00000,00000
BCN,9936,0743,066203,2,9,000291,2,6,32800,32768,00000,00000
BCN,9937,0743,066203,2,9,000291,2,6,32800,32768,00000,00000
BCN,9938,0744,066203,2,9,000291,2,6,32800,32768,00000,00000
BCN,9939,0744,066203,2,9,000291,2,6,32800,32768,00000,00000
BCN,9940,0745,066203,2,9,000291,2,6,32800,32768,00000,00000
BCN,9941,0744,066151,2,9,000268,2,6,32800,32768,00000,00000
BCN,9942,0744,066151,2,9,000268,2,6,32800,32768,00000,00000
BCN,9943,0743,066151,2,9,000268,2,6,32800,32768,00000,00000
BCN,9944,0744,066151,2,9,000268,2,6,32800,32768,00000,00000
BCN,9945,0744,066151,2,9,000268,2,6,32800,32768,00000,00000
BCN,9946,0744,066151,2,9,000268,2,6,32800,32768,00000,00000
BCN,9947,0743,062003,2,8,000273,2,5,32800,32768,00000,00000
BCN,9948,0744,062003,2,8,000273,2,5,32800,32768,00000,00000
BCN,9949,0744,062003,2,8,000273,2,5,32800,32768,00000,00000
BCN,9950,0773,062003,2,8,000273,2,5,32800,32768,00000,00000
BCN,9951,0783,062003,2,8,000273,2,5,32800,32768,00000,00000
BCN,9952,0784,062003,2,8,000273,2,5,32800,32768,00000,00000
BCN,9953,0744,063973,2,8,000300,2,6,32799,32767,00000,00000
BCN,9954,0769,063973,2,8,000300,2,6,32799,32767,00000,00000
BCN,9955,0763,063973,2,8,000300,2,6,32799,32767,00000,00000
BCN,9956,0759,063973,2,8,000300,2,6,32799,32767,00000,00000
BCN,9957,0743,063973,2,8,000300,2,6,32799,32767,00000,00000
BCN,9958,0744,063973,2,8,000300,2,6,32799,32767,00000,00000
BCN,9959,0743,059825,2,8,000352,2,7,32799,32768,00000,00000
BCN,9960,0744,059825,2,8,000352,2,7,32799,32768,00000,00000
BCN,9961,0748,059825,2,8,000352,2,7,32799,32768,00000,00000
BCN,9962,0747,059825,2,8,000352,2,7,32799,32768,00000,00000
BCN,9963,0746,059825,2,8,000352,2,7,32799,32768,00000,00000
BCN,9964,0746,059825,2,8,000352,2,7,32799,32768,00000,00000
BCN,9965,0745,070065,2,9,000354,2,6,32800,32768,00000,00000
BCN,9966,0744,070065,2,9,000354,2,6,32800,32768,00000,00000
BCN,9967,0743,070065,2,9,000354,2,6,32800,32768,00000,00000
BCN,9968,0745,070065,2,9,000354,2,6,32800,32768,00000,00000
BCN,9969,0743,070065,2,9,000354,2,6,32800,32768,00000,00000
BCN,9970,0744,070065,2,9,000354,2,6,32800,32768,00000,00000
BCN,9971,0744,063856,2,8,000421,2,6,32800,32768,00000,00000
BCN,9972,0744,063856,2,8,000421,2,6,32800,32768,00000,00000
BCN,9973,0743,063856,2,8,000421,2,6,32800,32768,00000,00000
BCN,9974,0744,063856,2,8,000421,2,6,32800,32768,00000,00000
BCN,9975,0743,063856,2,8,000421,2,6,32800,32768,00000,00000
BCN,9976,0744,063856,2,8,000421,2,6,32800,32768,00000,00000
BCN,9977,0744,063856,2,8,000421,2,6,32800,32768,00000,00000
BCN,9978,0744,067874,2,9,000420,2,7,32800,32768,00000,00000
BCN,9979,0744,067874,2,9,000420,2,7,32800,32768,00000,00000
BCN,9980,0744,067874,2,9,000420,2,7,32800,32768,00000,00000
BCN,9981,0744,067874,2,9,000420,2,7,32800,32768,00000,00000
BCN,9982,0744,067874,2,9,000420,2,7,32800,32768,00000,00000
BCN,9983,0763,067874,2,9,000420,2,7,32800,32768,00000,00000
BCN,9984,0759,063908,2,8,000317,2,6,32800,32768,00000,00000
BCN,9985,0756,063908,2,8,000317,2,6,32800,32768,00000,00000
BCN,9986,0744,063908,2,8,000317,2,6,32800,32768,00000,00000
BCN,9987,0751,063908,2,8,000317,2,6,32800,32768,00000,00000
BCN,9988,0749,063908,2,8,000317,2,6,32800,32768,00000,00000
BCN,9989,0748,063908,2,8,000317,2,6,32800,32768,00000,00000
BCN,9990,0744,063869,2,8,000271,2,6,32799,32768,00000,00000
BCN,9991,0746,063869,2,8,000271,2,6,32799,32768,00000,00000
BCN,9992,0746,063869,2,8,000271,2,6,32799,32768,00000,00000
BCN,9993,0745,063869,2,8,000271,2,6,32799,32768,00000,00000
BCN,9994,0744,063869,2,8,000271,2,6,32799,32768,00000,00000
BCN,9995,0743,063869,2,8,000271,2,6,32799,32768,00000,00000
BCN,9996,0744,063817,2,8,000268,2,5,32800,32768,00000,00000
BCN,9997,0743,063817,2,8,000268,2,5,32800,32768,00000,00000
BCN,9998,0744,063817,2,8,000268,2,5,32800,32768,00000,00000
BCN,9999,0744,063817,2,8,000268,2,5,32800,32768,00000,00000
BCN,0000,0744,063817,2,8,000268,2,5,32800,32768,00000,00000
BCN,0001,0744,063817,2,8,000268,2,5,32800,32768,00000,00000
BCN,0002,0744,066086,2,9,000327,2,6,32800,32767,00000,00000
BCN,0003,0743,066086,2,9,000327,2,6,32800,32767,00000,00000
BCN,0004,0744,066086,2,9,000327,2,6,32800,32767,00000,00000
BCN,0005,0743,066086,2,9,000327,2,6,32800,32767,00000,00000
BCN,0006,0769,066086,2,9,000327,2,6,32800,32767,00000,00000
BCN,0007,0785,066086,2,9,000327,2,6,32800,32767,00000,00000
BCN,0008,0784,062003,2,8,000352,2,6,32799,32768,00000,00000
BCN,0009,0743,062003,2,8,000352,2,6,32799,32768,00000,00000
BCN,0010,0744,062003,2,8,000352,2,6,32799,32768,00000,00000
BCN,0011,0763,062003,2,8,000352,2,6,32799,32768,00000,00000
BCN,0012,0744,062003,2,8,000352,2,6,32799,32768,00000,00000
BCN,0013,0743,062003,2,8,000352,2,6,32799,32768,00000,00000
BCN,0014,0753,062003,2,8,000352,2,6,32799,32768,00000,00000
BCN,0015,0743,063947,2,8,000376,2,6,32800,32768,00000,00000
BCN,0016,0744,063947,2,8,000376,2,6,32800,32768,00000,00000
BCN,0017,0743,063947,2,8,000376,2,6,32800,32768,00000,00000
BCN,0018,0744,063947,2,8,000376,2,6,32800,32768,00000,00000
BCN,0019,0743,063947,2,8,000376,2,6,32800,32768,00000,00000
BCN,0020,0746,063947,2,8,000376,2,6,32800,32768,00000,00000
BCN,0021,0745,066177,2,9,000419,2,6,32800,32768,00000,00000
BCN,0022,0745,066177,2,9,000419,2,6,32800,32768,00000,00000
BCN,0023,0743,066177,2,9,000419,2,6,32800,32768,00000,00000
BCN,0024,0745,066177,2,9,000419,2,6,32800,32768,00000,00000
BCN,0025,0744,066177,2,9,000419,2,6,32800,32768,00000,00000
BCN,0026,0745,066177,2,9,000419,2,6,32800,32768,00000,00000
BCN,0027,0743,060111,2,8,000406,2,7,32799,32768,00000,00000
BCN,0028,0744,060111,2,8,000406,2,7,32799,32768,00000,00000
BCN,0029,0744,060111,2,8,000406,2,7,32799,32768,00000,00000
BCN,0030,0744,060111,2,8,000406,2,7,32799,32768,00000,00000
BCN,0031,0743,060111,2,8,000406,2,7,32799,32768,00000,00000
BCN,0032,0744,060111,2,8,000406,2,7,32799,32768,00000,00000
BCN,0033,0743,066203,2,9,000310,2,6,32800,32768,00000,00000
BCN,0034,0758,066203,2,9,000310,2,6,32800,32768,00000,00000
BCN,0035,0779,066203,2,9,000310,2,6,32800,32768,00000,00000
BCN,0036,0787,066203,2,9,000310,2,6,32800,32768,00000,00000
BCN,0037,0743,066203,2,9,000310,2,6,32800,32768,00000,00000
BCN,0038,0744,066203,2,9,000310,2,6,32800,32768,00000,00000
BCN,0039,0743,066151,2,9,000275,2,6,32800,32768,00000,00000
BCN,0040,0744,066151,2,9,000275,2,6,32800,32768,00000,00000
BCN,0041,0755,066151,2,9,000275,2,6,32800,32768,00000,00000
BCN,0042,0754,066151,2,9,000275,2,6,32800,32768,00000,00000
BCN,0043,0751,066151,2,9,000275,2,6,32800,32768,00000,00000
BCN,0044,0750,066151,2,9,000275,2,6,32800,32768,00000,00000
BCN,0045,0748,062003,2,8,000278,2,5,32800,32768,00000,00000
BCN,0046,0744,062003,2,8,000278,2,5,32800,32768,00000,00000
BCN,0047,0743,062003,2,8,000278,2,5,32800,32768,00000,00000
BCN,0048,0746,062003,2,8,000278,2,5,32800,32768,00000,00000
BCN,0049,0743,062003,2,8,000278,2,5,32800,32768,00000,00000
BCN,0050,0744,062003,2,8,000278,2,5,32800,32768,00000,00000
BCN,0051,0744,062003,2,8,000278,2,5,32800,32768,00000,00000
BCN,0052,0744,063973,2,8,000317,2,6,32799,32767,00000,00000
BCN,0053,0743,063973,2,8,000317,2,6,32799,32767,00000,00000
BCN,0054,0744,063973,2,8,000317,2,6,32799,32767,00000,00000
BCN,0055,0743,063973,2,8,000317,2,6,32799,32767,00000,00000
BCN,0056,0744,063973,2,8,000317,2,6,32799,32767,00000,00000
BCN,0057,0743,063973,2,8,000317,2,6,32799,32767,00000,00000
BCN,0058,0744,059825,2,8,000356,2,6,32799,32768,00000,00000
BCN,0059,0743,059825,2,8,000356,2,6,32799,32768,00000,00000
BCN,0060,0744,059825,2,8,000356,2,6,32799,32768,00000,00000
BCN,0061,0743,059825,2,8,000356,2,6,32799,32768,00000,00000
BCN,0062,0744,059825,2,8,000356,2,6,32799,32768,00000,00000
BCN,0063,0785,059825,2,8,000356,2,6,32799,32768,00000,00000
BCN,0064,0784,070065,2,9,000385,2,6,32800,32768,00000,00000
BCN,0065,0776,070065,2,9,000385,2,6,32800,32768,00000,00000
BCN,0066,0744,070065,2,9,000385,2,6,32800,32768,00000,00000
BCN,0067,0763,070065,2,9,000385,2,6,32800,32768,00000,00000
BCN,0068,0760,070065,2,9,000385,2,6,32800,32768,00000,00000
BCN,0069,0755,070065,2,9,000385,2,6,32800,32768,00000,00000
BCN,0070,0744,063856,2,8,000426,2,6,32800,32768,00000,00000
BCN,0071,0750,063856,2,8,000426,2,6,32800,32768,00000,00000
BCN,0072,0750,063856,2,8,000426,2,6,32800,32768,00000,00000
BCN,0073,0747,063856,2,8,000426,2,6,32800,32768,00000,00000
BCN,0074,0744,063856,2,8,000426,2,6,32800,32768,00000,00000
BCN,0075,0743,063856,2,8,000426,2,6,32800,32768,00000,00000
BCN,0076,0744,067887,2,9,000380,2,6,32800,32768,00000,00000
BCN,0077,0743,067887,2,9,000380,2,6,32800,32768,00000,00000
BCN,0078,0746,067887,2,9,000380,2,6,32800,32768,00000,00000
BCN,0079,0744,067887,2,9,000380,2,6,32800,32768,00000,00000
BCN,0080,0745,067887,2,9,000380,2,6,32800,32768,00000,00000
BCN,0081,0744,067887,2,9,000380,2,6,32800,32768,00000,00000
BCN,0082,0745,066073,2,9,000276,2,6,32800,32768,00000,00000
BCN,0083,0743,066073,2,9,000276,2,6,32800,32768,00000,00000
BCN,0084,0744,066073,2,9,000276,2,6,32800,32768,00000,00000
BCN,0085,0743,066073,2,9,000276,2,6,32800,32768,00000,00000
BCN,0086,0744,066073,2,9,000276,2,6,32800,32768,00000,00000
BCN,0087,0743,066073,2,9,000276,2,6,32800,32768,00000,00000
BCN,0088,0745,066073,2,9,000276,2,6,32800,32768,00000,00000
BCN,0089,0743,060033,2,8,000283,2,6,32799,32768,00000,00000
BCN,0090,0744,060033,2,8,000283,2,6,32799,32768,00000,00000
BCN,0091,0788,060033,2,8,000283,2,6,32799,32768,00000,00000
BCN,0092,0744,060033,2,8,000283,2,6,32799,32768,00000,00000
BCN,0093,0743,060033,2,8,000283,2,6,32799,32768,00000,00000
BCN,0094,0768,060033,2,8,000283,2,6,32799,32768,00000,00000
BCN,0095,0743,063999,2,8,000287,2,6,32800,32767,00000,00000
BCN,0096,0744,063999,2,8,000287,2,6,32800,32767,00000,00000
BCN,0097,0743,063999,2,8,000287,2,6,32800,32767,00000,00000
BCN,0098,0744,063999,2,8,000287,2,6,32800,32767,00000,00000
BCN,0099,0743,063999,2,8,000287,2,6,32800,32767,00000,00000
BCN,0100,0750,063999,2,8,000287,2,6,32800,32767,00000,00000
BCN,0101,0747,068160,2,9,000330,2,6,32800,32768,00000,00000
BCN,0102,0748,068160,2,9,000330,2,6,32800,32768,00000,00000
BCN,0103,0743,068160,2,9,000330,2,6,32800,32768,00000,00000
BCN,0104,0746,068160,2,9,000330,2,6,32800,32768,00000,00000
BCN,0105,0745,068160,2,9,000330,2,6,32800,32768,00000,00000
BCN,0106,0746,068160,2,9,000330,2,6,32800,32768,00000,00000
BCN,0107,0743,061977,2,8,000366,2,6,32800,32768,00000,00000
BCN,0108,0745,061977,2,8,000366,2,6,32800,32768,00000,00000
BCN,0109,0744,061977,2,8,000366,2,6,32800,32768,00000,00000
BCN,0110,0745,061977,2,8,000366,2,6,32800,32768,00000,00000
BCN,0111,0743,061977,2,8,000366,2,6,32800,32768,00000,00000
BCN,0112,0744,061977,2,8,000366,2,6,32800,32768,00000,00000
BCN,0113,0743,063960,2,8,000411,2,6,32799,32768,00000,00000
BCN,0114,0744,063960,2,8,000411,2,6,32799,32768,00000,00000
BCN,0115,0743,063960,2,8,000411,2,6,32799,32768,00000,00000
BCN,0116,0745,063960,2,8,000411,2,6,32799,32768,00000,00000
BCN,0117,0743,063960,2,8,000411,2,6,32799,32768,00000,00000
BCN,0118,0745,063960,2,8,000411,2,6,32799,32768,00000,00000
BCN,0119,0743,059812,2,8,000432,2,7,32799,32768,00000,00000
BCN,0120,0744,059812,2,8,000432,2,7,32799,32768,00000,00000
BCN,0121,0774,059812,2,8,000432,2,7,32799,32768,00000,00000
BCN,0122,0769,059812,2,8,000432,2,7,32799,32768,00000,00000
BCN,0123,0762,059812,2,8,000432,2,7,32799,32768,00000,00000
BCN,0124,0759,059812,2,8,000432,2,7,32799,32768,00000,00000
BCN,0125,0755,059812,2,8,000432,2,7,32799,32768,00000,00000
BCN,0126,0745,070052,2,9,000340,2,6,32800,32768,00000,00000
BCN,0127,0743,070052,2,9,000340,2,6,32800,32768,00000,00000
BCN,0128,0750,070052,2,9,000340,2,6,32800,32768,00000,00000
BCN,0129,0743,070052,2,9,000340,2,6,32800,32768,00000,00000
BCN,0130,0744,070052,2,9,000340,2,6,32800,32768,00000,00000
BCN,0131,0746,070052,2,9,000340,2,6,32800,32768,00000,00000
BCN,0132,0745,063843,2,8,000258,2,6,32800,32768,00000,00000
BCN,0133,0743,063843,2,8,000258,2,6,32800,32768,00000,00000
BCN,0134,0744,063843,2,8,000258,2,6,32800,32768,00000,00000
BCN,0135,0743,063843,2,8,000258,2,6,32800,32768,00000,00000
BCN,0136,0745,063843,2,8,000258,2,6,32800,32768,00000,00000
BCN,0137,0744,063843,2,8,000258,2,6,32800,32768,00000,00000
BCN,0138,0745,067887,2,9,000291,2,6,32800,32768,00000,00000
BCN,0139,0743,067887,2,9,000291,2,6,32800,32768,00000,00000
BCN,0140,0745,067887,2,9,000291,2,6,32800,32768,00000,00000
BCN,0141,0743,067887,2,9,000291,2,6,32800,32768,00000,00000
BCN,0142,0745,067887,2,9,000291,2,6,32800,32768,00000,00000
BCN,0143,0743,067887,2,9,000291,2,6,32800,32768,00000,00000
BCN,0144,0745,066060,2,9,000287,2,6,32800,32767,00000,00000
BCN,0145,0743,066060,2,9,000287,2,6,32800,32767,00000,00000
BCN,0146,0745,066060,2,9,000287,2,6,32800,32767,00000,00000
BCN,0147,0780,066060,2,9,000287,2,6,32800,32767,00000,00000
BCN,0148,0786,066060,2,9,000287,2,6,32800,32767,00000,00000
BCN,0149,0776,066060,2,9,000287,2,6,32800,32767,00000,00000
BCN,0150,0745,061990,2,8,000308,2,6,32799,32768,00000,00000
BCN,0151,0762,061990,2,8,000308,2,6,32799,32768,00000,00000
BCN,0152,0761,061990,2,8,000308,2,6,32799,32768,00000,00000
BCN,0153,0755,061990,2,8,000308,2,6,32799,32768,00000,00000
BCN,0154,0745,061990,2,8,000308,2,6,32799,32768,00000,00000
BCN,0155,0743,061990,2,8,000308,2,6,32799,32768,00000,00000
BCN,0156,0745,063934,2,8,000358,2,6,32800,32768,00000,00000
BCN,0157,0743,063934,2,8,000358,2,6,32800,32768,00000,00000
BCN,0158,0748,063934,2,8,000358,2,6,32800,32768,00000,00000
BCN,0159,0745,063934,2,8,000358,2,6,32800,32768,00000,00000
BCN,0160,0747,063934,2,8,000358,2,6,32800,32768,00000,00000
BCN,0161,0744,063934,2,8,000358,2,6,32800,32768,00000,00000
BCN,0162,0746,063934,2,8,000358,2,6,32800,32768,00000,00000
BCN,0163,0743,066177,2,9,000376,2,5,32800,32768,00000,00000
BCN,0164,0745,066177,2,9,000376,2,5,32800,32768,00000,00000
BCN,0165,0743,066177,2,9,000376,2,5,32800,32768,00000,00000
BCN,0166,0745,066177,2,9,000376,2,5,32800,32768,00000,00000
BCN,0167,0743,066177,2,9,000376,2,5,32800,32768,00000,00000
BCN,0168,0745,066177,2,9,000376,2,5,32800,32768,00000,00000
BCN,0169,0742,060111,2,8,000441,2,7,32799,32768,00000,00000
BCN,0170,0745,060111,2,8,000441,2,7,32799,32768,00000,00000
BCN,0171,0743,060111,2,8,000441,2,7,32799,32768,00000,00000
BCN,0172,0745,060111,2,8,000441,2,7,32799,32768,00000,00000
BCN,0173,0743,060111,2,8,000441,2,7,32799,32768,00000,00000
BCN,0174,0766,060111,2,8,000441,2,7,32799,32768,00000,00000
BCN,0175,0743,066190,2,9,000342,2,6,32800,32768,00000,00000
BCN,0176,0745,066190,2,9,000342,2,6,32800,32768,00000,00000
BCN,0177,0743,066190,2,9,000342,2,6,32800,32768,00000,00000
BCN,0178,0745,066190,2,9,000342,2,6,32800,32768,00000,00000
BCN,0179,0743,066190,2,9,000342,2,6,32800,32768,00000,00000
BCN,0180,0761,066190,2,9,000342,2,6,32800,32768,00000,00000
BCN,0181,0755,068095,2,9,000257,2,5,32800,32768,00000,00000
BCN,0182,0755,068095,2,9,000257,2,5,32800,32768,00000,00000
BCN,0183,0743,068095,2,9,000257,2,5,32800,32768,00000,00000
BCN,0184,0751,068095,2,9,000257,2,5,32800,32768,00000,00000
BCN,0185,0747,068095,2,9,000257,2,5,32800,32768,00000,00000
BCN,0186,0748,068095,2,9,000257,2,5,32800,32768,00000,00000
BCN,0187,0743,061925,2,8,000280,2,6,32800,32768,00000,00000
BCN,0188,0747,061925,2,8,000280,2,6,32800,32768,00000,00000
BCN,0189,0745,061925,2,8,000280,2,6,32800,32768,00000,00000
BCN,0190,0746,061925,2,8,000280,2,6,32800,32768,00000,00000
BCN,0191,0743,061925,2,8,000280,2,6,32800,32768,00000,00000
BCN,0192,0745,061925,2,8,000280,2,6,32800,32768,00000,00000
BCN,0193,0743,063921,2,8,000307,2,6,32799,32767,00000,00000
BCN,0194,0745,063921,2,8,000307,2,6,32799,32767,00000,00000
BCN,0195,0743,063921,2,8,000307,2,6,32799,32767,00000,00000
BCN,0196,0745,063921,2,8,000307,2,6,32799,32767,00000,00000
BCN,0197,0743,063921,2,8,000307,2,6,32799,32767,00000,00000
BCN,0198,0745,063921,2,8,000307,2,6,32799,32767,00000,00000
BCN,0199,0743,063921,2,8,000307,2,6,32799,32767,00000,00000
BCN,0200,0745,061691,2,8,000324,2,6,32800,32767,00000,00000
BCN,0201,0742,061691,2,8,000324,2,6,32800,32767,00000,00000
BCN,0202,0749,061691,2,8,000324,2,6,32800,32767,00000,00000
BCN,0203,0777,061691,2,8,000324,2,6,32800,32767,00000,00000
BCN,0204,0787,061691,2,8,000324,2,6,32800,32767,00000,00000
BCN,0205,0777,061691,2,8,000324,2,6,32800,32767,00000,00000
BCN,0206,0745,063882,2,8,000353,2,6,32800,32768,00000,00000
BCN,0207,0742,063882,2,8,000353,2,6,32800,32768,00000,00000
BCN,0208,0761,063882,2,8,000353,2,6,32800,32768,00000,00000
BCN,0209,0742,063882,2,8,000353,2,6,32800,32768,00000,00000
BCN,0210,0745,063882,2,8,000353,2,6,32800,32768,00000,00000
BCN,0211,0750,063882,2,8,000353,2,6,32800,32768,00000,00000
BCN,0212,0745,063856,2,8,000408,2,6,32799,32768,00000,00000
BCN,0213,0742,063856,2,8,000408,2,6,32799,32768,00000,00000
BCN,0214,0745,063856,2,8,000408,2,6,32799,32768,00000,00000
BCN,0215,0742,063856,2,8,000408,2,6,32799,32768,00000,00000
BCN,0216,0745,063856,2,8,000408,2,6,32799,32768,00000,00000
BCN,0217,0744,063856,2,8,000408,2,6,32799,32768,00000,00000
BCN,0218,0746,063791,2,8,000445,2,7,32800,32769,00000,00000
BCN,0219,0744,063791,2,8,000445,2,7,32800,32769,00000,00000
BCN,0220,0745,063791,2,8,000445,2,7,32800,32769,00000,00000
BCN,0221,0743,063791,2,8,000445,2,7,32800,32769,00000,00000
BCN,0222,0745,063791,2,8,000445,2,7,32800,32769,00000,00000
BCN,0223,0743,063791,2,8,000445,2,7,32800,32769,00000,00000
BCN,0224,0745,066073,2,9,000334,2,7,32800,32769,00000,00000
BCN,0225,0742,066073,2,9,000334,2,7,32800,32769,00000,00000
BCN,0226,0745,066073,2,9,000334,2,7,32800,32769,00000,00000
BCN,0227,0743,066073,2,9,000334,2,7,32800,32769,00000,00000
BCN,0228,0745,066073,2,9,000334,2,7,32800,32769,00000,00000
BCN,0229,0742,066073,2,9,000334,2,7,32800,32769,00000,00000
BCN,0230,0745,061990,2,8,000274,2,6,32799,32769,00000,00000
BCN,0231,0786,061990,2,8,000274,2,6,32799,32769,00000,00000
BCN,0232,0783,061990,2,8,000274,2,6,32799,32769,00000,00000
BCN,0233,0772,061990,2,8,000274,2,6,32799,32769,00000,00000
BCN,0234,0745,061990,2,8,000274,2,6,32799,32769,00000,00000
BCN,0235,0742,061990,2,8,000274,2,6,32799,32769,00000,00000
BCN,0236,0745,061990,2,8,000274,2,6,32799,32769,00000,00000
BCN,0237,0742,063934,2,8,000330,2,6,32800,32768,00000,00000
BCN,0238,0753,063934,2,8,000330,2,6,32800,32768,00000,00000
BCN,0239,0749,063934,2,8,000330,2,6,32800,32768,00000,00000
BCN,0240,0750,063934,2,8,000330,2,6,32800,32768,00000,00000
BCN,0241,0746,063934,2,8,000330,2,6,32800,32768,00000,00000
BCN,0242,0748,063934,2,8,000330,2,6,32800,32768,00000,00000
BCN,0243,0742,066177,2,9,000374,2,7,32800,32768,00000,00000
BCN,0244,0745,066177,2,9,000374,2,7,32800,32768,00000,00000
BCN,0245,0744,066177,2,9,000374,2,7,32800,32768,00000,00000
BCN,0246,0745,066177,2,9,000374,2,7,32800,32768,00000,00000
BCN,0247,0742,066177,2,9,000374,2,7,32800,32768,00000,00000
BCN,0248,0746,066177,2,9,000374,2,7,32800,32768,00000,00000
BCN,0249,0742,060111,2,8,000373,2,7,32799,32768,00000,00000
BCN,0250,0745,060111,2,8,000373,2,7,32799,32768,00000,00000
BCN,0251,0742,060111,2,8,000373,2,7,32799,32768,00000,00000
BCN,0252,0745,060111,2,8,000373,2,7,32799,32768,00000,00000
BCN,0253,0742,060111,2,8,000373,2,7,32799,32768,00000,00000
BCN,0254,0745,060111,2,8,000373,2,7,32799,32768,00000,00000
BCN,0255,0742,064064,2,8,000443,2,7,32800,32768,00000,00000
BCN,0256,0745,064064,2,8,000443,2,7,32800,32768,00000,00000
BCN,0257,0742,064064,2,8,000443,2,7,32800,32768,00000,00000
BCN,0258,0745,064064,2,8,000443,2,7,32800,32768,00000,00000
BCN,0259,0742,064064,2,8,000443,2,7,32800,32768,00000,00000
BCN,0260,0780,064064,2,8,000443,2,7,32800,32768,00000,00000
BCN,0261,0769,066268,2,9,000370,2,6,32800,32768,00000,00000
BCN,0262,0766,066268,2,9,000370,2,6,32800,32768,00000,00000
BCN,0263,0742,066268,2,9,000370,2,6,32800,32768,00000,00000
BCN,0264,0758,066268,2,9,000370,2,6,32800,32768,00000,00000
BCN,0265,0752,066268,2,9,000370,2,6,32800,32768,00000,00000
BCN,0266,0753,066268,2,9,000370,2,6,32800,32768,00000,00000
BCN,0267,0742,060176,2,8,000279,2,5,32799,32768,00000,00000
BCN,0268,0750,060176,2,8,000279,2,5,32799,32768,00000,00000
BCN,0269,0746,060176,2,8,000279,2,5,32799,32768,00000,00000
BCN,0270,0748,060176,2,8,000279,2,5,32799,32768,00000,00000
BCN,0271,0742,060176,2,8,000279,2,5,32799,32768,00000,00000
BCN,0272,0745,060176,2,8,000279,2,5,32799,32768,00000,00000
BCN,0273,0742,060176,2,8,000279,2,5,32799,32768,00000,00000
BCN,0274,0745,066242,2,9,000297,2,6,32800,32768,00000,00000
BCN,0275,0743,066242,2,9,000297,2,6,32800,32768,00000,00000
BCN,0276,0746,066242,2,9,000297,2,6,32800,32768,00000,00000
BCN,0277,0743,066242,2,9,000297,2,6,32800,32768,00000,00000
BCN,0278,0745,066242,2,9,000297,2,6,32800,32768,00000,00000
BCN,0279,0743,066242,2,9,000297,2,6,32800,32768,00000,00000
BCN,0280,0745,066190,2,9,000292,2,6,32800,32767,00000,00000
BCN,0281,0742,066190,2,9,000292,2,6,32800,32767,00000,00000
BCN,0282,0745,066190,2,9,000292,2,6,32800,32767,00000,00000
BCN,0283,0742,066190,2,9,000292,2,6,32800,32767,00000,00000
BCN,0284,0745,066190,2,9,000292,2,6,32800,32767,00000,00000
BCN,0285,0742,066190,2,9,000292,2,6,32800,32767,00000,00000
BCN,0286,0745,062029,2,8,000326,2,6,32800,32768,00000,00000
BCN,0287,0742,062029,2,8,000326,2,6,32800,32768,00000,00000
BCN,0288,0782,062029,2,8,000326,2,6,32800,32768,00000,00000
BCN,0289,0742,062029,2,8,000326,2,6,32800,32768,00000,00000
BCN,0290,0745,062029,2,8,000326,2,6,32800,32768,00000,00000
BCN,0291,0760,062029,2,8,000326,2,6,32800,32768,00000,00000
BCN,0292,0745,063999,2,8,000368,2,7,32799,32768,00000,00000
BCN,0293,0742,063999,2,8,000368,2,7,32799,32768,00000,00000
BCN,0294,0745,063999,2,8,000368,2,7,32799,32768,00000,00000
BCN,0295,0742,063999,2,8,000368,2,7,32799,32768,00000,00000
BCN,0296,0745,063999,2,8,000368,2,7,32799,32768,00000,00000
BCN,0297,0746,063999,2,8,000368,2,7,32799,32768,00000,00000
BCN,0298,0748,059838,2,8,000379,2,7,32799,32768,00000,00000
BCN,0299,0745,059838,2,8,000379,2,7,32799,32768,00000,00000
BCN,0300,0745,059838,2,8,000379,2,7,32799,32768,00000,00000
BCN,0301,0744,059838,2,8,000379,2,7,32799,32768,00000,00000
BCN,0302,0746,059838,2,8,000379,2,7,32799,32768,00000,00000
BCN,0303,0743,059838,2,8,000379,2,7,32799,32768,00000,00000
BCN,0304,0745,068134,2,9,000441,2,7,32800,32768,00000,00000
BCN,0305,0854,068134,2,9,000441,2,7,32800,32768,00000,00000
BCN,0306,0857,068134,2,9,000441,2,7,32800,32768,00000,00000
BCN,0307,0854,068134,2,9,000441,2,7,32800,32768,00000,00000
BCN,0308,0746,068134,2,9,000441,2,7,32800,32768,00000,00000
BCN,0309,0743,068134,2,9,000441,2,7,32800,32768,00000,00000
BCN,0310,0746,068134,2,9,000441,2,7,32800,32768,00000,00000
BCN,0311,0742,063934,2,8,003034,2,7,32800,32769,00000,00000
BCN,0312,0857,063934,2,8,003034,2,7,32800,32769,00000,00000
BCN,0313,0854,063934,2,8,003034,2,7,32800,32769,00000,00000
BCN,0314,0832,063934,2,8,003034,2,7,32800,32769,00000,00000
BCN,0315,0809,063934,2,8,003034,2,7,32800,32769,00000,00000
BCN,0316,0797,063934,2,8,003034,2,7,32800,32769,00000,00000
BCN,0317,0742,067952,2,9,003224,2,7,32800,32768,00000,00000
BCN,0318,0830,067952,2,9,003224,2,7,32800,32768,00000,00000
BCN,0319,0854,067952,2,9,003224,2,7,32800,32768,00000,00000
BCN,0320,0841,067952,2,9,003224,2,7,32800,32768,00000,00000
BCN,0321,0842,067952,2,9,003224,2,7,32800,32768,00000,00000
BCN,0322,0857,067952,2,9,003224,2,7,32800,32768,00000,00000
BCN,0323,0742,066112,2,9,003465,2,8,32800,32768,00000,00000
BCN,0324,0745,066112,2,9,003465,2,8,32800,32768,00000,00000
BCN,0325,0849,066112,2,9,003465,2,8,32800,32768,00000,00000
BCN,0326,0745,066112,2,9,003465,2,8,32800,32768,00000,00000
BCN,0327,0742,066112,2,9,003465,2,8,32800,32768,00000,00000
BCN,0328,0857,066112,2,9,003465,2,8,32800,32768,00000,00000
BCN,0329,0744,060059,2,8,003596,2,9,32799,32768,00000,00000
BCN,0330,0747,060059,2,8,003596,2,9,32799,32768,00000,00000
BCN,0331,0742,060059,2,8,003596,2,9,32799,32768,00000,00000
BCN,0332,0746,060059,2,8,003596,2,9,32799,32768,00000,00000
BCN,0333,0743,060059,2,8,003596,2,9,32799,32768,00000,00000
BCN,0334,0857,060059,2,8,003596,2,9,32799,32768,00000,00000
BCN,0335,0853,064025,2,8,003645,2,9,32800,32768,00000,00000
BCN,0336,0857,064025,2,8,003645,2,9,32800,32768,00000,00000
BCN,0337,0743,064025,2,8,003645,2,9,32800,32768,00000,00000
BCN,0338,0857,064025,2,8,003645,2,9,32800,32768,00000,00000
BCN,0339,0853,064025,2,8,003645,2,9,32800,32768,00000,00000
BCN,0340,0857,064025,2,8,003645,2,9,32800,32768,00000,00000
BCN,0341,0742,068186,2,9,003637,2,9,32800,32768,00000,00000
BCN,0342,0856,068186,2,9,003637,2,9,32800,32768,00000,00000
BCN,0343,0814,068186,2,9,003637,2,9,32800,32768,00000,00000
BCN,0344,0857,068186,2,9,003637,2,9,32800,32768,00000,00000
BCN,0345,0816,068186,2,9,003637,2,9,32800,32768,00000,00000
BCN,0346,0828,068186,2,9,003637,2,9,32800,32768,00000,00000
BCN,0347,0742,068186,2,9,003637,2,9,32800,32768,00000,00000
BCN,0348,0839,061990,2,8,003567,2,9,32800,32768,00000,00000
BCN,0349,0853,061990,2,8,003567,2,9,32800,32768,00000,00000
BCN,0350,0857,061990,2,8,003567,2,9,32800,32768,00000,00000
BCN,0351,0751,061990,2,8,003567,2,9,32800,32768,00000,00000
BCN,0352,0752,061990,2,8,003567,2,9,32800,32768,00000,00000
BCN,0353,0748,061990,2,8,003567,2,9,32800,32768,00000,00000
BCN,0354,0745,063973,2,8,003418,2,9,32799,32768,00000,00000
BCN,0355,0850,063973,2,8,003418,2,9,32799,32768,00000,00000
BCN,0356,0856,063973,2,8,003418,2,9,32799,32768,00000,00000
BCN,0357,0851,063973,2,8,003418,2,9,32799,32768,00000,00000
BCN,0358,0855,063973,2,8,003418,2,9,32799,32768,00000,00000
BCN,0359,0853,063973,2,8,003418,2,9,32799,32768,00000,00000
BCN,0360,0745,059812,2,8,003238,2,8,32799,32768,00000,00000
BCN,0361,0742,059812,2,8,003238,2,8,32799,32768,00000,00000
BCN,0362,0856,059812,2,8,003238,2,8,32799,32768,00000,00000
BCN,0363,0742,059812,2,8,003238,2,8,32799,32768,00000,00000
BCN,0364,0745,059812,2,8,003238,2,8,32799,32768,00000,00000
BCN,0365,0853,059812,2,8,003238,2,8,32799,32768,00000,00000
BCN,0366,0746,059773,2,8,003198,2,8,32800,32767,00000,00000
BCN,0367,0742,059773,2,8,003198,2,8,32800,32767,00000,00000
BCN,0368,0745,059773,2,8,003198,2,8,32800,32767,00000,00000
BCN,0369,0742,059773,2,8,003198,2,8,32800,32767,00000,00000
BCN,0370,0746,059773,2,8,003198,2,8,32800,32767,00000,00000
BCN,0371,0853,059773,2,8,003198,2,8,32800,32767,00000,00000
BCN,0372,0805,063973,2,8,003477,2,9,32800,32768,00000,00000
BCN,0373,0789,063973,2,8,003477,2,9,32800,32768,00000,00000
BCN,0374,0745,063973,2,8,003477,2,9,32800,32768,00000,00000
BCN,0375,0770,063973,2,8,003477,2,9,32800,32768,00000,00000
BCN,0376,0766,063973,2,8,003477,2,9,32800,32768,00000,00000
BCN,0377,0853,063973,2,8,003477,2,9,32800,32768,00000,00000
BCN,0378,0845,063921,2,8,003592,2,9,32799,32768,00000,00000
BCN,0379,0853,063921,2,8,003592,2,9,32799,32768,00000,00000
BCN,0380,0753,063921,2,8,003592,2,9,32799,32768,00000,00000
BCN,0381,0853,063921,2,8,003592,2,9,32799,32768,00000,00000
BCN,0382,0853,063921,2,8,003592,2,9,32799,32768,00000,00000
BCN,0383,0850,063921,2,8,003592,2,9,32799,32768,00000,00000
BCN,0384,0745,063921,2,8,003592,2,9,32799,32768,00000,00000
BCN,0385,0851,063843,2,8,003627,2,9,32800,32768,00000,00000
BCN,0386,0856,063843,2,8,003627,2,9,32800,32768,00000,00000
BCN,0387,0853,063843,2,8,003627,2,9,32800,32768,00000,00000
BCN,0388,0746,063843,2,8,003627,2,9,32800,32768,00000,00000
BCN,0389,0743,063843,2,8,003627,2,9,32800,32768,00000,00000
BCN,0390,0746,063843,2,8,003627,2,9,32800,32768,00000,00000
BCN,0391,0742,066112,2,9,003621,2,9,32800,32768,00000,00000
BCN,0392,0856,066112,2,9,003621,2,9,32800,32768,00000,00000
BCN,0393,0853,066112,2,9,003621,2,9,32800,32768,00000,00000
BCN,0394,0856,066112,2,9,003621,2,9,32800,32768,00000,00000
BCN,0395,0853,066112,2,9,003621,2,9,32800,32768,00000,00000
BCN,0396,0856,066112,2,9,003621,2,9,32800,32768,00000,00000
BCN,0397,0742,060059,2,8,003546,2,9,32799,32768,00000,00000
BCN,0398,0776,060059,2,8,003546,2,9,32799,32768,00000,00000
BCN,0399,0853,060059,2,8,003546,2,9,32799,32768,00000,00000
BCN,0400,0811,060059,2,8,003546,2,9,32799,32768,00000,00000
BCN,0401,0819,060059,2,8,003546,2,9,32799,32768,00000,00000
BCN,0402,0856,060059,2,8,003546,2,9,32799,32768,00000,00000
BCN,0403,0742,064025,2,8,003347,2,9,32800,32768,00000,00000
BCN,0404,0745,064025,2,8,003347,2,9,32800,32768,00000,00000
BCN,0405,0841,064025,2,8,003347,2,9,32800,32768,00000,00000
BCN,0406,0745,064025,2,8,003347,2,9,32800,32768,00000,00000
BCN,0407,0742,064025,2,8,003347,2,9,32800,32768,00000,00000
BCN,0408,0856,064025,2,8,003347,2,9,32800,32768,00000,00000
BCN,0409,0747,068186,2,9,003120,2,8,32800,32768,00000,00000
BCN,0410,0749,068186,2,9,003120,2,8,32800,32768,00000,00000
BCN,0411,0742,068186,2,9,003120,2,8,32800,32768,00000,00000
BCN,0412,0748,068186,2,9,003120,2,8,32800,32768,00000,00000
BCN,0413,0744,068186,2,9,003120,2,8,32800,32768,00000,00000
BCN,0414,0856,068186,2,9,003120,2,8,32800,32768,00000,00000
BCN,0415,0852,061990,2,8,003328,2,9,32800,32767,00000,00000
BCN,0416,0856,061990,2,8,003328,2,9,32800,32767,00000,00000
BCN,0417,0743,061990,2,8,003328,2,9,32800,32767,00000,00000
BCN,0418,0856,061990,2,8,003328,2,9,32800,32767,00000,00000
BCN,0419,0853,061990,2,8,003328,2,9,32800,32767,00000,00000
BCN,0420,0855,061990,2,8,003328,2,9,32800,32767,00000,00000
BCN,0421,0742,061990,2,8,003328,2,9,32800,32767,00000,00000
BCN,0422,0856,063973,2,8,003441,2,9,32799,32768,00000,00000
BCN,0423,0853,063973,2,8,003441,2,9,32799,32768,00000,00000
BCN,0424,0856,063973,2,8,003441,2,9,32799,32768,00000,00000
BCN,0425,0761,063973,2,8,003441,2,9,32799,32768,00000,00000
BCN,0426,0783,063973,2,8,003441,2,9,32799,32768,00000,00000
BCN,0427,0742,063973,2,8,003441,2,9,32799,32768,00000,00000
BCN,0428,0814,059812,2,8,003622,2,9,32799,32768,00000,00000
BCN,0429,0852,059812,2,8,003622,2,9,32799,32768,00000,00000
BCN,0430,0856,059812,2,8,003622,2,9,32799,32768,00000,00000
BCN,0431,0764,059812,2,8,003622,2,9,32799,32768,00000,00000
BCN,0432,0762,059812,2,8,003622,2,9,32799,32768,00000,00000
BCN,0433,0755,059812,2,8,003622,2,9,32799,32768,00000,00000
BCN,0434,0745,070065,2,9,003634,2,9,32800,32768,00000,00000
BCN,0435,0847,070065,2,9,003634,2,9,32800,32768,00000,00000
BCN,0436,0856,070065,2,9,003634,2,9,32800,32768,00000,00000
BCN,0437,0849,070065,2,9,003634,2,9,32800,32768,00000,00000
BCN,0438,0853,070065,2,9,003634,2,9,32800,32768,00000,00000
BCN,0439,0853,070065,2,9,003634,2,9,32800,32768,00000,00000
BCN,0440,0745,063843,2,8,003556,2,9,32800,32768,00000,00000
BCN,0441,0742,063843,2,8,003556,2,9,32800,32768,00000,00000
BCN,0442,0855,063843,2,8,003556,2,9,32800,32768,00000,00000
BCN,0443,0742,063843,2,8,003556,2,9,32800,32768,00000,00000
BCN,0444,0745,063843,2,8,003556,2,9,32800,32768,00000,00000
BCN,0445,0853,063843,2,8,003556,2,9,32800,32768,00000,00000
BCN,0446,0746,067887,2,9,003416,2,9,32800,32768,00000,00000
BCN,0447,0743,067887,2,9,003416,2,9,32800,32768,00000,00000
BCN,0448,0745,067887,2,9,003416,2,9,32800,32768,00000,00000
BCN,0449,0743,067887,2,9,003416,2,9,32800,32768,00000,00000
BCN,0450,0746,067887,2,9,003416,2,9,32800,32768,00000,00000
BCN,0451,0853,067887,2,9,003416,2,9,32800,32768,00000,00000
BCN,0452,0856,066060,2,9,003210,2,8,32800,32768,00000,00000
BCN,0453,0832,066060,2,9,003210,2,8,32800,32768,00000,00000
BCN,0454,0745,066060,2,9,003210,2,8,32800,32768,00000,00000
BCN,0455,0795,066060,2,9,003210,2,8,32800,32768,00000,00000
BCN,0456,0786,066060,2,9,003210,2,8,32800,32768,00000,00000
BCN,0457,0853,066060,2,9,003210,2,8,32800,32768,00000,00000
BCN,0458,0835,066060,2,9,003210,2,8,32800,32768,00000,00000
BCN,0459,0853,060033,2,8,003238,2,8,32799,32767,00000,00000
BCN,0460,0760,060033,2,8,003238,2,8,32799,32767,00000,00000
BCN,0461,0853,060033,2,8,003238,2,8,32799,32767,00000,00000
BCN,0462,0849,060033,2,8,003238,2,8,32799,32767,00000,00000
BCN,0463,0847,060033,2,8,003238,2,8,32799,32767,00000,00000
BCN,0464,0745,060033,2,8,003238,2,8,32799,32767,00000,00000
BCN,0465,0849,063999,2,8,003446,2,9,32800,32768,00000,00000
BCN,0466,0856,063999,2,8,003446,2,9,32800,32768,00000,00000
BCN,0467,0853,063999,2,8,003446,2,9,32800,32768,00000,00000
BCN,0468,0747,063999,2,8,003446,2,9,32800,32768,00000,00000
BCN,0469,0744,063999,2,8,003446,2,9,32800,32768,00000,00000
BCN,0470,0747,063999,2,8,003446,2,9,32800,32768,00000,00000
BCN,0471,0742,068160,2,9,003590,2,9,32800,32768,00000,00000
BCN,0472,0855,068160,2,9,003590,2,9,32800,32768,00000,00000
BCN,0473,0853,068160,2,9,003590,2,9,32800,32768,00000,00000
BCN,0474,0855,068160,2,9,003590,2,9,32800,32768,00000,00000
BCN,0475,0852,068160,2,9,003590,2,9,32800,32768,00000,00000
BCN,0476,0855,068160,2,9,003590,2,9,32800,32768,00000,00000
BCN,0477,0742,061977,2,8,003637,2,9,32800,32768,00000,00000
BCN,0478,0745,061977,2,8,003637,2,9,32800,32768,00000,00000
BCN,0479,0853,061977,2,8,003637,2,9,32800,32768,00000,00000
BCN,0480,0745,061977,2,8,003637,2,9,32800,32768,00000,00000
BCN,0481,0777,061977,2,8,003637,2,9,32800,32768,00000,00000
BCN,0482,0856,061977,2,8,003637,2,9,32800,32768,00000,00000
BCN,0483,0743,063960,2,8,003599,2,9,32799,32768,00000,00000
BCN,0484,0745,063960,2,8,003599,2,9,32799,32768,00000,00000
BCN,0485,0827,063960,2,8,003599,2,9,32799,32768,00000,00000
BCN,0486,0745,063960,2,8,003599,2,9,32799,32768,00000,00000
BCN,0487,0742,063960,2,8,003599,2,9,32799,32768,00000,00000
BCN,0488,0856,063960,2,8,003599,2,9,32799,32768,00000,00000
BCN,0489,0753,061730,2,8,003482,2,9,32800,32768,00000,00000
BCN,0490,0754,061730,2,8,003482,2,9,32800,32768,00000,00000
BCN,0491,0742,061730,2,8,003482,2,9,32800,32768,00000,00000
BCN,0492,0750,061730,2,8,003482,2,9,32800,32768,00000,00000
BCN,0493,0746,061730,2,8,003482,2,9,32800,32768,00000,00000
BCN,0494,0856,061730,2,8,003482,2,9,32800,32768,00000,00000
BCN,0495,0851,061730,2,8,003482,2,9,32800,32768,00000,00000
BCN,0496,0855,063908,2,8,003321,2,9,32800,32768,00000,00000
BCN,0497,0744,063908,2,8,003321,2,9,32800,32768,00000,00000
BCN,0498,0856,063908,2,8,003321,2,9,32800,32768,00000,00000
BCN,0499,0852,063908,2,8,003321,2,9,32800,32768,00000,00000
BCN,0500,0855,063908,2,8,003321,2,9,32800,32768,00000,00000
BCN,0501,0742,063908,2,8,003321,2,9,32800,32768,00000,00000
BCN,0502,0855,063869,2,8,003135,2,8,32799,32768,00000,00000
BCN,0503,0853,063869,2,8,003135,2,8,32799,32768,00000,00000
BCN,0504,0856,063869,2,8,003135,2,8,32799,32768,00000,00000
BCN,0505,0743,063869,2,8,003135,2,8,32799,32768,00000,00000
BCN,0506,0745,063869,2,8,003135,2,8,32799,32768,00000,00000
BCN,0507,0743,063869,2,8,003135,2,8,32799,32768,00000,00000
BCN,0508,0748,063804,2,8,003313,2,9,32800,32767,00000,00000
BCN,0509,0853,063804,2,8,003313,2,9,32800,32767,00000,00000
BCN,0510,0856,063804,2,8,003313,2,9,32800,32767,00000,00000
BCN,0511,0792,063804,2,8,003313,2,9,32800,32767,00000,00000
BCN,0512,0783,063804,2,8,003313,2,9,32800,32767,00000,00000
BCN,0513,0773,063804,2,8,003313,2,9,32800,32767,00000,00000
BCN,0514,0745,066073,2,9,003419,2,9,32800,32768,00000,00000
BCN,0515,0838,066073,2,9,003419,2,9,32800,32768,00000,00000
BCN,0516,0855,066073,2,9,003419,2,9,32800,32768,00000,00000
BCN,0517,0844,066073,2,9,003419,2,9,32800,32768,00000,00000
BCN,0518,0848,066073,2,9,003419,2,9,32800,32768,00000,00000
BCN,0519,0853,066073,2,9,003419,2,9,32800,32768,00000,00000
BCN,0520,0745,060033,2,8,003599,2,9,32799,32768,00000,00000
BCN,0521,0743,060033,2,8,003599,2,9,32799,32768,00000,00000
BCN,0522,0853,060033,2,8,003599,2,9,32799,32768,00000,00000
BCN,0523,0743,060033,2,8,003599,2,9,32799,32768,00000,00000
BCN,0524,0745,060033,2,8,003599,2,9,32799,32768,00000,00000
BCN,0525,0853,060033,2,8,003599,2,9,32799,32768,00000,00000
BCN,0526,0746,066138,2,9,003622,2,9,32800,32768,00000,00000
BCN,0527,0744,066138,2,9,003622,2,9,32800,32768,00000,00000
BCN,0528,0745,066138,2,9,003622,2,9,32800,32768,00000,00000
BCN,0529,0743,066138,2,9,003622,2,9,32800,32768,00000,00000
BCN,0530,0746,066138,2,9,003622,2,9,32800,32768,00000,00000
BCN,0531,0853,066138,2,9,003622,2,9,32800,32768,00000,00000
BCN,0532,0855,066138,2,9,003622,2,9,32800,32768,00000,00000
BCN,0533,0853,068056,2,9,003561,2,9,32800,32768,00000,00000
BCN,0534,0745,068056,2,9,003561,2,9,32800,32768,00000,00000
BCN,0535,0853,068056,2,9,003561,2,9,32800,32768,00000,00000
BCN,0536,0852,068056,2,9,003561,2,9,32800,32768,00000,00000
BCN,0537,0853,068056,2,9,003561,2,9,32800,32768,00000,00000
BCN,0538,0796,068056,2,9,003561,2,9,32800,32768,00000,00000
BCN,0539,0853,061899,2,8,003466,2,9,32800,32768,00000,00000
BCN,0540,0784,061899,2,8,003466,2,9,32800,32768,00000,00000
BCN,0541,0853,061899,2,8,003466,2,9,32800,32768,00000,00000
BCN,0542,0835,061899,2,8,003466,2,9,32800,32768,00000,00000
BCN,0543,0838,061899,2,8,003466,2,9,32800,32768,00000,00000
BCN,0544,0745,061899,2,8,003466,2,9,32800,32768,00000,00000
BCN,0545,0844,063895,2,8,003293,2,9,32799,32768,00000,00000
BCN,0546,0855,063895,2,8,003293,2,9,32799,32768,00000,00000
BCN,0547,0853,063895,2,8,003293,2,9,32799,32768,00000,00000
BCN,0548,0750,063895,2,8,003293,2,9,32799,32768,00000,00000
BCN,0549,0747,063895,2,8,003293,2,9,32799,32768,00000,00000
BCN,0550,0748,063895,2,8,003293,2,9,32799,32768,00000,00000
BCN,0551,0743,059760,2,8,003129,2,8,32799,32768,00000,00000
BCN,0552,0853,059760,2,8,003129,2,8,32799,32768,00000,00000
BCN,0553,0853,059760,2,8,003129,2,8,32799,32768,00000,00000
BCN,0554,0854,059760,2,8,003129,2,8,32799,32768,00000,00000
BCN,0555,0852,059760,2,8,003129,2,8,32799,32768,00000,00000
BCN,0556,0855,059760,2,8,003129,2,8,32799,32768,00000,00000
BCN,0557,0743,068082,2,9,003278,2,9,32800,32767,00000,00000
BCN,0558,0745,068082,2,9,003278,2,9,32800,32767,00000,00000
BCN,0559,0853,068082,2,9,003278,2,9,32800,32767,00000,00000
BCN,0560,0745,068082,2,9,003278,2,9,32800,32767,00000,00000
BCN,0561,0743,068082,2,9,003278,2,9,32800,32767,00000,00000
BCN,0562,0855,068082,2,9,003278,2,9,32800,32767,00000,00000
BCN,0563,0743,063895,2,8,003432,2,9,32800,32768,00000,00000
BCN,0564,0745,063895,2,8,003432,2,9,32800,32768,00000,00000
BCN,0565,0771,063895,2,8,003432,2,9,32800,32768,00000,00000
BCN,0566,0745,063895,2,8,003432,2,9,32800,32768,00000,00000
BCN,0567,0743,063895,2,8,003432,2,9,32800,32768,00000,00000
BCN,0568,0855,063895,2,8,003432,2,9,32800,32768,00000,00000
BCN,0569,0777,063895,2,8,003432,2,9,32800,32768,00000,00000
BCN,0570,0772,067926,2,9,003593,2,9,32800,32768,00000,00000
BCN,0571,0743,067926,2,9,003593,2,9,32800,32768,00000,00000
BCN,0572,0761,067926,2,9,003593,2,9,32800,32768,00000,00000
BCN,0573,0755,067926,2,9,003593,2,9,32800,32768,00000,00000
BCN,0574,0855,067926,2,9,003593,2,9,32800,32768,00000,00000
BCN,0575,0847,067926,2,9,003593,2,9,32800,32768,00000,00000
BCN,0576,0855,066086,2,9,003622,2,9,32800,32768,00000,00000
BCN,0577,0748,066086,2,9,003622,2,9,32800,32768,00000,00000
BCN,0578,0855,066086,2,9,003622,2,9,32800,32768,00000,00000
BCN,0579,0851,066086,2,9,003622,2,9,32800,32768,00000,00000
BCN,0580,0853,066086,2,9,003622,2,9,32800,32768,00000,00000
BCN,0581,0743,066086,2,9,003622,2,9,32800,32768,00000,00000
BCN,0582,0854,060046,2,8,003597,2,9,32799,32768,00000,00000
BCN,0583,0853,060046,2,8,003597,2,9,32799,32768,00000,00000
BCN,0584,0855,060046,2,8,003597,2,9,32799,32768,00000,00000
BCN,0585,0744,060046,2,8,003597,2,9,32799,32768,00000,00000
BCN,0586,0745,060046,2,8,003597,2,9,32799,32768,00000,00000
BCN,0587,0744,060046,2,8,003597,2,9,32799,32768,00000,00000
BCN,0588,0744,066151,2,9,003504,2,9,32800,32768,00000,00000
BCN,0589,0853,066151,2,9,003504,2,9,32800,32768,00000,00000
BCN,0590,0855,066151,2,9,003504,2,9,32800,32768,00000,00000
BCN,0591,0853,066151,2,9,003504,2,9,32800,32768,00000,00000
BCN,0592,0854,066151,2,9,003504,2,9,32800,32768,00000,00000
BCN,0593,0844,066151,2,9,003504,2,9,32800,32768,00000,00000
BCN,0594,0744,066112,2,9,003349,2,9,32800,32768,00000,00000
BCN,0595,0799,066112,2,9,003349,2,9,32800,32768,00000,00000
BCN,0596,0855,066112,2,9,003349,2,9,32800,32768,00000,00000
BCN,0597,0821,066112,2,9,003349,2,9,32800,32768,00000,00000
BCN,0598,0830,066112,2,9,003349,2,9,32800,32768,00000,00000
BCN,0599,0853,066112,2,9,003349,2,9,32800,32768,00000,00000
BCN,0600,0745,061977,2,8,003160,2,8,32800,32768,00000,00000
BCN,0601,0743,061977,2,8,003160,2,8,32800,32768,00000,00000
BCN,0602,0846,061977,2,8,003160,2,8,32800,32768,00000,00000
BCN,0603,0743,061977,2,8,003160,2,8,32800,32768,00000,00000
BCN,0604,0744,061977,2,8,003160,2,8,32800,32768,00000,00000
BCN,0605,0853,061977,2,8,003160,2,8,32800,32768,00000,00000
BCN,0606,0748,061977,2,8,003160,2,8,32800,32768,00000,00000
BCN,0607,0746,063960,2,8,003243,2,8,32799,32767,00000,00000
BCN,0608,0744,063960,2,8,003243,2,8,32799,32767,00000,00000
BCN,0609,0745,063960,2,8,003243,2,8,32799,32767,00000,00000
BCN,0610,0746,063960,2,8,003243,2,8,32799,32767,00000,00000
BCN,0611,0853,063960,2,8,003243,2,8,32799,32767,00000,00000
BCN,0612,0854,063960,2,8,003243,2,8,32799,32767,00000,00000
BCN,0613,0853,059799,2,8,003443,2,9,32799,32768,00000,00000
BCN,0614,0745,059799,2,8,003443,2,9,32799,32768,00000,00000
BCN,0615,0853,059799,2,8,003443,2,9,32799,32768,00000,00000
BCN,0616,0854,059799,2,8,003443,2,9,32799,32768,00000,00000
BCN,0617,0853,059799,2,8,003443,2,9,32799,32768,00000,00000
BCN,0618,0744,059799,2,8,003443,2,9,32799,32768,00000,00000
BCN,0619,0853,068108,2,9,003559,2,9,32800,32768,00000,00000
BCN,0620,0855,068108,2,9,003559,2,9,32800,32768,00000,00000
BCN,0621,0853,068108,2,9,003559,2,9,32800,32768,00000,00000
BCN,0622,0775,068108,2,9,003559,2,9,32800,32768,00000,00000
BCN,0623,0792,068108,2,9,003559,2,9,32800,32768,00000,00000
BCN,0624,0745,068108,2,9,003559,2,9,32800,32768,00000,00000
BCN,0625,0816,063921,2,8,003610,2,9,32800,32768,00000,00000
BCN,0626,0854,063921,2,8,003610,2,9,32800,32768,00000,00000
BCN,0627,0853,063921,2,8,003610,2,9,32800,32768,00000,00000
BCN,0628,0764,063921,2,8,003610,2,9,32800,32768,00000,00000
BCN,0629,0758,063921,2,8,003610,2,9,32800,32768,00000,00000
BCN,0630,0756,063921,2,8,003610,2,9,32800,32768,00000,00000
BCN,0631,0743,067939,2,9,003591,2,9,32800,32768,00000,00000
BCN,0632,0849,067939,2,9,003591,2,9,32800,32768,00000,00000
BCN,0633,0853,067939,2,9,003591,2,9,32800,32768,00000,00000
BCN,0634,0851,067939,2,9,003591,2,9,32800,32768,00000,00000
BCN,0635,0851,067939,2,9,003591,2,9,32800,32768,00000,00000
BCN,0636,0854,067939,2,9,003591,2,9,32800,32768,00000,00000
BCN,0637,0743,066099,2,9,003536,2,9,32800,32768,00000,00000
BCN,0638,0744,066099,2,9,003536,2,9,32800,32768,00000,00000
BCN,0639,0852,066099,2,9,003536,2,9,32800,32768,00000,00000
BCN,0640,0744,066099,2,9,003536,2,9,32800,32768,00000,00000
BCN,0641,0743,066099,2,9,003536,2,9,32800,32768,00000,00000
BCN,0642,0855,066099,2,9,003536,2,9,32800,32768,00000,00000
BCN,0643,0743,066099,2,9,003536,2,9,32800,32768,00000,00000
BCN,0644,0745,060059,2,8,003390,2,9,32799,32768,00000,00000
BCN,0645,0743,060059,2,8,003390,2,9,32799,32768,00000,00000
BCN,0646,0745,060059,2,8,003390,2,9,32799,32768,00000,00000
BCN,0647,0743,060059,2,8,003390,2,9,32799,32768,00000,00000
BCN,0648,0854,060059,2,8,003390,2,9,32799,32768,00000,00000
BCN,0649,0853,060059,2,8,003390,2,9,32799,32768,00000,00000
BCN,0650,0841,066164,2,9,003213,2,8,32800,32768,00000,00000
BCN,0651,0743,066164,2,9,003213,2,8,32800,32768,00000,00000
BCN,0652,0803,066164,2,9,003213,2,8,32800,32768,00000,00000
BCN,0653,0788,066164,2,9,003213,2,8,32800,32768,00000,00000
BCN,0654,0854,066164,2,9,003213,2,8,32800,32768,00000,00000
BCN,0655,0830,066164,2,9,003213,2,8,32800,32768,00000,00000
BCN,0656,0854,066112,2,9,003156,2,8,32800,32767,00000,00000
BCN,0657,0759,066112,2,9,003156,2,8,32800,32767,00000,00000
BCN,0658,0855,066112,2,9,003156,2,8,32800,32767,00000,00000
BCN,0659,0845,066112,2,9,003156,2,8,32800,32767,00000,00000
BCN,0660,0848,066112,2,9,003156,2,8,32800,32767,00000,00000
BCN,0661,0743,066112,2,9,003156,2,8,32800,32767,00000,00000
BCN,0662,0850,061977,2,8,003454,2,9,32800,32768,00000,00000
BCN,0663,0853,061977,2,8,003454,2,9,32800,32768,00000,00000
BCN,0664,0855,061977,2,8,003454,2,9,32800,32768,00000,00000
BCN,0665,0745,061977,2,8,003454,2,9,32800,32768,00000,00000
BCN,0666,0746,061977,2,8,003454,2,9,32800,32768,00000,00000
BCN,0667,0745,061977,2,8,003454,2,9,32800,32768,00000,00000
BCN,0668,0744,063960,2,8,003566,2,9,32799,32768,00000,00000
BCN,0669,0852,063960,2,8,003566,2,9,32799,32768,00000,00000
BCN,0670,0854,063960,2,8,003566,2,9,32799,32768,00000,00000
BCN,0671,0853,063960,2,8,003566,2,9,32799,32768,00000,00000
BCN,0672,0854,063960,2,8,003566,2,9,32799,32768,00000,00000
BCN,0673,0853,063960,2,8,003566,2,9,32799,32768,00000,00000
BCN,0674,0744,059812,2,8,003598,2,9,32799,32768,00000,00000
BCN,0675,0743,059812,2,8,003598,2,9,32799,32768,00000,00000
BCN,0676,0854,059812,2,8,003598,2,9,32799,32768,00000,00000
BCN,0677,0743,059812,2,8,003598,2,9,32799,32768,00000,00000
BCN,0678,0771,059812,2,8,003598,2,9,32799,32768,00000,00000
BCN,0679,0853,059812,2,8,003598,2,9,32799,32768,00000,00000
BCN,0680,0745,059812,2,8,003598,2,9,32799,32768,00000,00000
BCN,0681,0743,068108,2,9,003587,2,9,32800,32768,00000,00000
BCN,0682,0823,068108,2,9,003587,2,9,32800,32768,00000,00000
BCN,0683,0743,068108,2,9,003587,2,9,32800,32768,00000,00000
BCN,0684,0744,068108,2,9,003587,2,9,32800,32768,00000,00000
BCN,0685,0853,068108,2,9,003587,2,9,32800,32768,00000,00000
BCN,0686,0757,068108,2,9,003587,2,9,32800,32768,00000,00000
BCN,0687,0753,063921,2,8,003526,2,9,32800,32768,00000,00000
BCN,0688,0744,063921,2,8,003526,2,9,32800,32768,00000,00000
BCN,0689,0749,063921,2,8,003526,2,9,32800,32768,00000,00000
BCN,0690,0749,063921,2,8,003526,2,9,32800,32768,00000,00000
BCN,0691,0853,063921,2,8,003526,2,9,32800,32768,00000,00000
BCN,0692,0852,063921,2,8,003526,2,9,32800,32768,00000,00000
BCN,0693,0853,067939,2,9,003398,2,9,32800,32768,00000,00000
BCN,0694,0746,067939,2,9,003398,2,9,32800,32768,00000,00000
BCN,0695,0853,067939,2,9,003398,2,9,32800,32768,00000,00000
BCN,0696,0853,067939,2,9,003398,2,9,32800,32768,00000,00000
BCN,0697,0852,067939,2,9,003398,2,9,32800,32768,00000,00000
BCN,0698,0744,067939,2,9,003398,2,9,32800,32768,00000,00000
BCN,0699,0853,066099,2,9,003226,2,8,32800,32768,00000,00000
BCN,0700,0854,066099,2,9,003226,2,8,32800,32768,00000,00000
BCN,0701,0853,066099,2,9,003226,2,8,32800,32768,00000,00000
BCN,0702,0745,066099,2,9,003226,2,8,32800,32768,00000,00000
BCN,0703,0743,066099,2,9,003226,2,8,32800,32768,00000,00000
BCN,0704,0745,066099,2,9,003226,2,8,32800,32768,00000,00000
BCN,0705,0743,060059,2,8,003120,2,8,32799,32767,00000,00000
BCN,0706,0854,060059,2,8,003120,2,8,32799,32767,00000,00000
BCN,0707,0853,060059,2,8,003120,2,8,32799,32767,00000,00000
BCN,0708,0814,060059,2,8,003120,2,8,32799,32767,00000,00000
BCN,0709,0797,060059,2,8,003120,2,8,32799,32767,00000,00000
BCN,0710,0786,060059,2,8,003120,2,8,32799,32767,00000,00000
BCN,0711,0743,064025,2,8,003455,2,9,32800,32768,00000,00000
BCN,0712,0833,064025,2,8,003455,2,9,32800,32768,00000,00000
BCN,0713,0853,064025,2,8,003455,2,9,32800,32768,00000,00000
BCN,0714,0842,064025,2,8,003455,2,9,32800,32768,00000,00000
BCN,0715,0843,064025,2,8,003455,2,9,32800,32768,00000,00000
BCN,0716,0854,064025,2,8,003455,2,9,32800,32768,00000,00000
BCN,0717,0743,064025,2,8,003455,2,9,32800,32768,00000,00000
BCN,0718,0744,066229,2,9,003527,2,9,32800,32768,00000,00000
BCN,0719,0849,066229,2,9,003527,2,9,32800,32768,00000,00000
BCN,0720,0744,066229,2,9,003527,2,9,32800,32768,00000,00000
BCN,0721,0743,066229,2,9,003527,2,9,32800,32768,00000,00000
BCN,0722,0854,066229,2,9,003527,2,9,32800,32768,00000,00000
BCN,0723,0745,066229,2,9,003527,2,9,32800,32768,00000,00000
BCN,0724,0746,060150,2,8,003591,2,9,32799,32768,00000,00000
BCN,0725,0743,060150,2,8,003591,2,9,32799,32768,00000,00000
BCN,0726,0745,060150,2,8,003591,2,9,32799,32768,00000,00000
BCN,0727,0744,060150,2,8,003591,2,9,32799,32768,00000,00000
BCN,0728,0854,060150,2,8,003591,2,9,32799,32768,00000,00000
BCN,0729,0852,060150,2,8,003591,2,9,32799,32768,00000,00000
BCN,0730,0854,066229,2,9,003613,2,9,32800,32768,00000,00000
BCN,0731,0743,066229,2,9,003613,2,9,32800,32768,00000,00000
BCN,0732,0854,066229,2,9,003613,2,9,32800,32768,00000,00000
BCN,0733,0853,066229,2,9,003613,2,9,32800,32768,00000,00000
BCN,0734,0854,066229,2,9,003613,2,9,32800,32768,00000,00000
BCN,0735,0768,066229,2,9,003613,2,9,32800,32768,00000,00000
BCN,0736,0854,066177,2,9,003576,2,9,32800,32768,00000,00000
BCN,0737,0805,066177,2,9,003576,2,9,32800,32768,00000,00000
BCN,0738,0854,066177,2,9,003576,2,9,32800,32768,00000,00000
BCN,0739,0821,066177,2,9,003576,2,9,32800,32768,00000,00000
BCN,0740,0829,066177,2,9,003576,2,9,32800,32768,00000,00000
BCN,0741,0743,066177,2,9,003576,2,9,32800,32768,00000,00000
BCN,0742,0840,062016,2,8,003481,2,9,32800,32768,00000,00000
BCN,0743,0853,062016,2,8,003481,2,9,32800,32768,00000,00000
BCN,0744,0854,062016,2,8,003481,2,9,32800,32768,00000,00000
BCN,0745,0751,062016,2,8,003481,2,9,32800,32768,00000,00000
BCN,0746,0751,062016,2,8,003481,2,9,32800,32768,00000,00000
BCN,0747,0748,062016,2,8,003481,2,9,32800,32768,00000,00000
BCN,0748,0744,063986,2,8,003345,2,9,32799,32768,00000,00000
BCN,0749,0850,063986,2,8,003345,2,9,32799,32768,00000,00000
BCN,0750,0854,063986,2,8,003345,2,9,32799,32768,00000,00000
BCN,0751,0851,063986,2,8,003345,2,9,32799,32768,00000,00000
BCN,0752,0853,063986,2,8,003345,2,9,32799,32768,00000,00000
BCN,0753,0853,063986,2,8,003345,2,9,32799,32768,00000,00000
BCN,0754,0744,063986,2,8,003345,2,9,32799,32768,00000,00000
BCN,0755,0743,059825,2,8,003171,2,8,32799,32768,00000,00000
BCN,0756,0854,059825,2,8,003171,2,8,32799,32768,00000,00000
BCN,0757,0743,059825,2,8,003171,2,8,32799,32768,00000,00000
BCN,0758,0744,059825,2,8,003171,2,8,32799,32768,00000,00000
BCN,0759,0853,059825,2,8,003171,2,8,32799,32768,00000,00000
BCN,0760,0744,059825,2,8,003171,2,8,32799,32768,00000,00000
BCN,0761,0743,070078,2,9,003180,2,8,32800,32767,00000,00000
BCN,0762,0744,070078,2,9,003180,2,8,32800,32767,00000,00000
BCN,0763,0743,070078,2,9,003180,2,8,32800,32767,00000,00000
BCN,0764,0744,070078,2,9,003180,2,8,32800,32767,00000,00000
BCN,0765,0853,070078,2,9,003180,2,8,32800,32767,00000,00000
BCN,0766,0804,070078,2,9,003180,2,8,32800,32767,00000,00000
BCN,0767,0790,063856,2,8,003444,2,9,32800,32768,00000,00000
BCN,0768,0744,063856,2,8,003444,2,9,32800,32768,00000,00000
BCN,0769,0771,063856,2,8,003444,2,9,32800,32768,00000,00000
BCN,0770,0766,063856,2,8,003444,2,9,32800,32768,00000,00000
BCN,0771,0853,063856,2,8,003444,2,9,32800,32768,00000,00000
BCN,0772,0843,063856,2,8,003444,2,9,32800,32768,00000,00000
BCN,0773,0853,067874,2,9,003565,2,9,32800,32768,00000,00000
BCN,0774,0752,067874,2,9,003565,2,9,32800,32768,00000,00000
BCN,0775,0853,067874,2,9,003565,2,9,32800,32768,00000,00000
BCN,0776,0850,067874,2,9,003565,2,9,32800,32768,00000,00000
BCN,0777,0849,067874,2,9,003565,2,9,32800,32768,00000,00000
BCN,0778,0744,067874,2,9,003565,2,9,32800,32768,00000,00000
BCN,0779,0851,061769,2,8,003585,2,9,32800,32768,00000,00000
BCN,0780,0854,061769,2,8,003585,2,9,32800,32768,00000,00000
BCN,0781,0853,061769,2,8,003585,2,9,32800,32768,00000,00000
BCN,0782,0746,061769,2,8,003585,2,9,32800,32768,00000,00000
BCN,0783,0744,061769,2,8,003585,2,9,32800,32768,00000,00000
BCN,0784,0745,061769,2,8,003585,2,9,32800,32768,00000,00000
BCN,0785,0743,063804,2,8,003611,2,9,32799,32768,00000,00000
BCN,0786,0853,063804,2,8,003611,2,9,32799,32768,00000,00000
BCN,0787,0853,063804,2,8,003611,2,9,32799,32768,00000,00000
BCN,0788,0854,063804,2,8,003611,2,9,32799,32768,00000,00000
BCN,0789,0853,063804,2,8,003611,2,9,32799,32768,00000,00000
BCN,0790,0854,063804,2,8,003611,2,9,32799,32768,00000,00000
BCN,0791,0743,063804,2,8,003611,2,9,32799,32768,00000,00000
BCN,0792,0744,061600,2,8,003554,2,9,32800,32768,00000,00000
BCN,0793,0853,061600,2,8,003554,2,9,32800,32768,00000,00000
BCN,0794,0790,061600,2,8,003554,2,9,32800,32768,00000,00000
BCN,0795,0804,061600,2,8,003554,2,9,32800,32768,00000,00000
BCN,0796,0855,061600,2,8,003554,2,9,32800,32768,00000,00000
BCN,0797,0743,061600,2,8,003554,2,9,32800,32768,00000,00000
BCN,0798,0744,065956,2,9,003468,2,9,32800,32768,00000,00000
BCN,0799,0836,065956,2,9,003468,2,9,32800,32768,00000,00000
BCN,0800,0744,065956,2,9,003468,2,9,32800,32768,00000,00000
BCN,0801,0743,065956,2,9,003468,2,9,32800,32768,00000,00000
BCN,0802,0854,065956,2,9,003468,2,9,32800,32768,00000,00000
BCN,0803,0751,065956,2,9,003468,2,9,32800,32768,00000,00000
BCN,0804,0750,061912,2,8,003306,2,9,32799,32768,00000,00000
BCN,0805,0743,061912,2,8,003306,2,9,32799,32768,00000,00000
BCN,0806,0748,061912,2,8,003306,2,9,32799,32768,00000,00000
BCN,0807,0746,061912,2,8,003306,2,9,32799,32768,00000,00000
BCN,0808,0854,061912,2,8,003306,2,9,32799,32768,00000,00000
BCN,0809,0851,061912,2,8,003306,2,9,32799,32768,00000,00000
BCN,0810,0854,063882,2,8,003135,2,8,32800,32768,00000,00000
BCN,0811,0744,063882,2,8,003135,2,8,32800,32768,00000,00000
BCN,0812,0854,063882,2,8,003135,2,8,32800,32768,00000,00000
BCN,0813,0853,063882,2,8,003135,2,8,32800,32768,00000,00000
BCN,0814,0853,063882,2,8,003135,2,8,32800,32768,00000,00000
BCN,0815,0743,063882,2,8,003135,2,8,32800,32768,00000,00000
BCN,0816,0854,066125,2,9,003210,2,8,32800,32767,00000,00000
BCN,0817,0853,066125,2,9,003210,2,8,32800,32767,00000,00000
BCN,0818,0854,066125,2,9,003210,2,8,32800,32767,00000,00000
BCN,0819,0743,066125,2,9,003210,2,8,32800,32767,00000,00000
BCN,0820,0744,066125,2,9,003210,2,8,32800,32767,00000,00000
BCN,0821,0743,066125,2,9,003210,2,8,32800,32767,00000,00000
BCN,0822,0774,061990,2,8,003443,2,9,32800,32768,00000,00000
BCN,0823,0853,061990,2,8,003443,2,9,32800,32768,00000,00000
BCN,0824,0854,061990,2,8,003443,2,9,32800,32768,00000,00000
BCN,0825,0785,061990,2,8,003443,2,9,32800,32768,00000,00000
BCN,0826,0777,061990,2,8,003443,2,9,32800,32768,00000,00000
BCN,0827,0769,061990,2,8,003443,2,9,32800,32768,00000,00000
BCN,0828,0744,061990,2,8,003443,2,9,32800,32768,00000,00000
BCN,0829,0840,063973,2,8,003560,2,9,32799,32768,00000,00000
BCN,0830,0854,063973,2,8,003560,2,9,32799,32768,00000,00000
BCN,0831,0845,063973,2,8,003560,2,9,32799,32768,00000,00000
BCN,0832,0848,063973,2,8,003560,2,9,32799,32768,00000,00000
BCN,0833,0853,063973,2,8,003560,2,9,32799,32768,00000,00000
BCN,0834,0744,063973,2,8,003560,2,9,32799,32768,00000,00000
BCN,0835,0743,059812,2,8,003586,2,9,32799,32768,00000,00000
BCN,0836,0851,059812,2,8,003586,2,9,32799,32768,00000,00000
BCN,0837,0743,059812,2,8,003586,2,9,32799,32768,00000,00000
BCN,0838,0744,059812,2,8,003586,2,9,32799,32768,00000,00000
BCN,0839,0853,059812,2,8,003586,2,9,32799,32768,00000,00000
BCN,0840,0746,059812,2,8,003586,2,9,32799,32768,00000,00000
BCN,0841,0744,070065,2,9,003615,2,9,32800,32768,00000,00000
BCN,0842,0744,070065,2,9,003615,2,9,32800,32768,00000,00000
BCN,0843,0744,070065,2,9,003615,2,9,32800,32768,00000,00000
BCN,0844,0745,070065,2,9,003615,2,9,32800,32768,00000,00000
BCN,0845,0853,070065,2,9,003615,2,9,32800,32768,00000,00000
BCN,0846,0854,070065,2,9,003615,2,9,32800,32768,00000,00000
BCN,0847,0853,063843,2,8,003543,2,9,32800,32768,00000,00000
BCN,0848,0745,063843,2,8,003543,2,9,32800,32768,00000,00000
BCN,0849,0853,063843,2,8,003543,2,9,32800,32768,00000,00000
BCN,0850,0854,063843,2,8,003543,2,9,32800,32768,00000,00000
BCN,0851,0853,063843,2,8,003543,2,9,32800,32768,00000,00000
BCN,0852,0787,063843,2,8,003543,2,9,32800,32768,00000,00000
BCN,0853,0853,067887,2,9,003470,2,9,32800,32768,00000,00000
BCN,0854,0791,067887,2,9,003470,2,9,32800,32768,00000,00000
BCN,0855,0853,067887,2,9,003470,2,9,32800,32768,00000,00000
BCN,0856,0831,067887,2,9,003470,2,9,32800,32768,00000,00000
BCN,0857,0834,067887,2,9,003470,2,9,32800,32768,00000,00000
BCN,0858,0744,067887,2,9,003470,2,9,32800,32768,00000,00000
BCN,0859,0841,066060,2,9,003367,2,9,32800,32768,00000,00000
BCN,0860,0854,066060,2,9,003367,2,9,32800,32768,00000,00000
BCN,0861,0853,066060,2,9,003367,2,9,32800,32768,00000,00000
BCN,0862,0751,066060,2,9,003367,2,9,32800,32768,00000,00000
BCN,0863,0748,066060,2,9,003367,2,9,32800,32768,00000,00000
BCN,0864,0749,066060,2,9,003367,2,9,32800,32768,00000,00000
BCN,0865,0743,066060,2,9,003367,2,9,32800,32768,00000,00000
BCN,0866,0852,061990,2,8,003215,2,8,32799,32768,00000,00000
BCN,0867,0853,061990,2,8,003215,2,8,32799,32768,00000,00000
BCN,0868,0853,061990,2,8,003215,2,8,32799,32768,00000,00000
BCN,0869,0852,061990,2,8,003215,2,8,32799,32768,00000,00000
BCN,0870,0854,061990,2,8,003215,2,8,32799,32768,00000,00000
BCN,0871,0743,061990,2,8,003215,2,8,32799,32768,00000,00000
BCN,0872,0744,063934,2,8,003108,2,8,32800,32767,00000,00000
BCN,0873,0852,063934,2,8,003108,2,8,32800,32767,00000,00000
BCN,0874,0744,063934,2,8,003108,2,8,32800,32767,00000,00000
BCN,0875,0743,063934,2,8,003108,2,8,32800,32767,00000,00000
BCN,0876,0854,063934,2,8,003108,2,8,32800,32767,00000,00000
BCN,0877,0743,063934,2,8,003108,2,8,32800,32767,00000,00000
BCN,0878,0744,066177,2,9,003443,2,9,32800,32768,00000,00000
BCN,0879,0743,066177,2,9,003443,2,9,32800,32768,00000,00000
BCN,0880,0744,066177,2,9,003443,2,9,32800,32768,00000,00000
BCN,0881,0743,066177,2,9,003443,2,9,32800,32768,00000,00000
BCN,0882,0854,066177,2,9,003443,2,9,32800,32768,00000,00000
BCN,0883,0794,066177,2,9,003443,2,9,32800,32768,00000,00000
BCN,0884,0784,060111,2,8,003463,2,9,32799,32768,00000,00000
BCN,0885,0743,060111,2,8,003463,2,9,32799,32768,00000,00000
BCN,0886,0768,060111,2,8,003463,2,9,32799,32768,00000,00000
BCN,0887,0762,060111,2,8,003463,2,9,32799,32768,00000,00000
BCN,0888,0854,060111,2,8,003463,2,9,32799,32768,00000,00000
BCN,0889,0844,060111,2,8,003463,2,9,32799,32768,00000,00000
BCN,0890,0854,066190,2,9,003558,2,9,32800,32768,00000,00000
BCN,0891,0750,066190,2,9,003558,2,9,32800,32768,00000,00000
BCN,0892,0854,066190,2,9,003558,2,9,32800,32768,00000,00000
BCN,0893,0849,066190,2,9,003558,2,9,32800,32768,00000,00000
BCN,0894,0851,066190,2,9,003558,2,9,32800,32768,00000,00000
BCN,0895,0743,066190,2,9,003558,2,9,32800,32768,00000,00000
BCN,0896,0852,066151,2,9,003605,2,9,32800,32768,00000,00000
BCN,0897,0853,066151,2,9,003605,2,9,32800,32768,00000,00000
BCN,0898,0854,066151,2,9,003605,2,9,32800,32768,00000,00000
BCN,0899,0744,066151,2,9,003605,2,9,32800,32768,00000,00000
BCN,0900,0745,066151,2,9,003605,2,9,32800,32768,00000,00000
BCN,0901,0744,066151,2,9,003605,2,9,32800,32768,00000,00000
BCN,0902,0744,066151,2,9,003605,2,9,32800,32768,00000,00000
BCN,0903,0853,062003,2,8,003583,2,9,32800,32768,00000,00000
BCN,0904,0854,062003,2,8,003583,2,9,32800,32768,00000,00000
BCN,0905,0853,062003,2,8,003583,2,9,32800,32768,00000,00000
BCN,0906,0854,062003,2,8,003583,2,9,32800,32768,00000,00000
BCN,0907,0853,062003,2,8,003583,2,9,32800,32768,00000,00000
BCN,0908,0744,062003,2,8,003583,2,9,32800,32768,00000,00000
BCN,0909,0771,063973,2,8,003503,2,9,32799,32768,00000,00000
BCN,0910,0854,063973,2,8,003503,2,9,32799,32768,00000,00000
BCN,0911,0800,063973,2,8,003503,2,9,32799,32768,00000,00000
BCN,0912,0813,063973,2,8,003503,2,9,32799,32768,00000,00000
BCN,0913,0853,063973,2,8,003503,2,9,32799,32768,00000,00000
BCN,0914,0744,063973,2,8,003503,2,9,32799,32768,00000,00000
BCN,0915,0743,059812,2,8,003371,2,9,32799,32768,00000,00000
BCN,0916,0839,059812,2,8,003371,2,9,32799,32768,00000,00000
BCN,0917,0743,059812,2,8,003371,2,9,32799,32768,00000,00000
BCN,0918,0744,059812,2,8,003371,2,9,32799,32768,00000,00000
BCN,0919,0853,059812,2,8,003371,2,9,32799,32768,00000,00000
BCN,0920,0751,059812,2,8,003371,2,9,32799,32768,00000,00000
BCN,0921,0748,070065,2,9,003223,2,8,32800,32768,00000,00000
BCN,0922,0744,070065,2,9,003223,2,8,32800,32768,00000,00000
BCN,0923,0746,070065,2,9,003223,2,8,32800,32768,00000,00000
BCN,0924,0747,070065,2,9,003223,2,8,32800,32768,00000,00000
BCN,0925,0853,070065,2,9,003223,2,8,32800,32768,00000,00000
BCN,0926,0853,070065,2,9,003223,2,8,32800,32768,00000,00000
BCN,0927,0853,063856,2,8,003121,2,8,32800,32767,00000,00000
BCN,0928,0745,063856,2,8,003121,2,8,32800,32767,00000,00000
BCN,0929,0853,063856,2,8,003121,2,8,32800,32767,00000,00000
BCN,0930,0853,063856,2,8,003121,2,8,32800,32767,00000,00000
BCN,0931,0852,063856,2,8,003121,2,8,32800,32767,00000,00000
BCN,0932,0744,063856,2,8,003121,2,8,32800,32767,00000,00000
BCN,0933,0853,065735,2,9,003438,2,9,32800,32768,00000,00000
BCN,0934,0854,065735,2,9,003438,2,9,32800,32768,00000,00000
BCN,0935,0852,065735,2,9,003438,2,9,32800,32768,00000,00000
BCN,0936,0744,065735,2,9,003438,2,9,32800,32768,00000,00000
BCN,0937,0743,065735,2,9,003438,2,9,32800,32768,00000,00000
BCN,0938,0744,065735,2,9,003438,2,9,32800,32768,00000,00000
BCN,0939,0787,065735,2,9,003438,2,9,32800,32768,00000,00000
BCN,0940,0853,063843,2,8,003526,2,9,32800,32768,00000,00000
BCN,0941,0853,063843,2,8,003526,2,9,32800,32768,00000,00000
BCN,0942,0778,063843,2,8,003526,2,9,32800,32768,00000,00000
BCN,0943,0770,063843,2,8,003526,2,9,32800,32768,00000,00000
BCN,0944,0765,063843,2,8,003526,2,9,32800,32768,00000,00000
BCN,0945,0743,063843,2,8,003526,2,9,32800,32768,00000,00000
BCN,0946,0843,063830,2,8,003587,2,9,32799,32768,00000,00000
BCN,0947,0853,063830,2,8,003587,2,9,32799,32768,00000,00000
BCN,0948,0847,063830,2,8,003587,2,9,32799,32768,00000,00000
BCN,0949,0848,063830,2,8,003587,2,9,32799,32768,00000,00000
BCN,0950,0854,063830,2,8,003587,2,9,32799,32768,00000,00000
BCN,0951,0743,063830,2,8,003587,2,9,32799,32768,00000,00000
BCN,0952,0744,063778,2,8,003611,2,9,32800,32768,00000,00000
BCN,0953,0851,063778,2,8,003611,2,9,32800,32768,00000,00000
BCN,0954,0744,063778,2,8,003611,2,9,32800,32768,00000,00000
BCN,0955,0743,063778,2,8,003611,2,9,32800,32768,00000,00000
BCN,0956,0854,063778,2,8,003611,2,9,32800,32768,00000,00000
BCN,0957,0744,063778,2,8,003611,2,9,32800,32768,00000,00000
BCN,0958,0745,066047,2,9,003570,2,9,32800,32768,00000,00000
BCN,0959,0743,066047,2,9,003570,2,9,32800,32768,00000,00000
BCN,0960,0745,066047,2,9,003570,2,9,32800,32768,00000,00000
BCN,0961,0744,066047,2,9,003570,2,9,32800,32768,00000,00000
BCN,0962,0854,066047,2,9,003570,2,9,32800,32768,00000,00000
BCN,0963,0853,066047,2,9,003570,2,9,32800,32768,00000,00000
BCN,0964,0854,061977,2,8,003475,2,9,32799,32768,00000,00000
BCN,0965,0743,061977,2,8,003475,2,9,32799,32768,00000,00000
BCN,0966,0853,061977,2,8,003475,2,9,32799,32768,00000,00000
BCN,0967,0831,061977,2,8,003475,2,9,32799,32768,00000,00000
BCN,0968,0854,061977,2,8,003475,2,9,32799,32768,00000,00000
BCN,0969,0806,061977,2,8,003475,2,9,32799,32768,00000,00000
BCN,0970,0853,063934,2,8,003356,2,9,32800,32768,00000,00000
BCN,0971,0776,063934,2,8,003356,2,9,32800,32768,00000,00000
BCN,0972,0854,063934,2,8,003356,2,9,32800,32768,00000,00000
BCN,0973,0836,063934,2,8,003356,2,9,32800,32768,00000,00000
BCN,0974,0841,063934,2,8,003356,2,9,32800,32768,00000,00000
BCN,0975,0743,063934,2,8,003356,2,9,32800,32768,00000,00000
BCN,0976,0846,063934,2,8,003356,2,9,32800,32768,00000,00000
BCN,0977,0853,066164,2,9,003186,2,8,32800,32768,00000,00000
BCN,0978,0854,066164,2,9,003186,2,8,32800,32768,00000,00000
BCN,0979,0748,066164,2,9,003186,2,8,32800,32768,00000,00000
BCN,0980,0748,066164,2,9,003186,2,8,32800,32768,00000,00000
BCN,0981,0746,066164,2,9,003186,2,8,32800,32768,00000,00000
BCN,0982,0744,066164,2,9,003186,2,8,32800,32768,00000,00000
BCN,0983,0851,060111,2,8,003160,2,8,32799,32767,00000,00000
BCN,0984,0854,060111,2,8,003160,2,8,32799,32767,00000,00000
BCN,0985,0852,060111,2,8,003160,2,8,32799,32767,00000,00000
BCN,0986,0853,060111,2,8,003160,2,8,32799,32767,00000,00000
BCN,0987,0853,060111,2,8,003160,2,8,32799,32767,00000,00000
BCN,0988,0744,060111,2,8,003160,2,8,32799,32767,00000,00000
BCN,0989,0743,066190,2,9,003423,2,9,32800,32768,00000,00000
BCN,0990,0853,066190,2,9,003423,2,9,32800,32768,00000,00000
BCN,0991,0743,066190,2,9,003423,2,9,32800,32768,00000,00000
BCN,0992,0744,066190,2,9,003423,2,9,32800,32768,00000,00000
BCN,0993,0853,066190,2,9,003423,2,9,32800,32768,00000,00000
BCN,0994,0744,066190,2,9,003423,2,9,32800,32768,00000,00000
BCN,0995,0743,064194,2,8,003530,2,9,32800,32768,00000,00000
BCN,0996,0776,064194,2,8,003530,2,9,32800,32768,00000,00000
BCN,0997,0743,064194,2,8,003530,2,9,32800,32768,00000,00000
BCN,0998,0744,064194,2,8,003530,2,9,32800,32768,00000,00000
BCN,0999,0853,064194,2,8,003530,2,9,32800,32768,00000,00000
BCN,1000,0776,064194,2,8,003530,2,9,32800,32768,00000,00000
BCN,1001,0768,060163,2,8,003583,2,9,32799,32768,00000,00000
BCN,1002,0744,060163,2,8,003583,2,9,32799,32768,00000,00000
BCN,1003,0758,060163,2,8,003583,2,9,32799,32768,00000,00000
BCN,1004,0756,060163,2,8,003583,2,9,32799,32768,00000,00000
BCN,1005,0853,060163,2,8,003583,2,9,32799,32768,00000,00000
BCN,1006,0847,060163,2,8,003583,2,9,32799,32768,00000,00000
BCN,1007,0853,066242,2,9,003609,2,9,32800,32768,00000,00000
BCN,1008,0749,066242,2,9,003609,2,9,32800,32768,00000,00000
BCN,1009,0853,066242,2,9,003609,2,9,32800,32768,00000,00000
