BCN,0777,0791,069948,2,9,029361,2,9,32800,32768,00000,00000
BCN,0778,1629,069948,2,9,029361,2,9,32800,32768,00000,00000
BCN,1850,1607,069987,2,9,029289,2,9,32800,32768,00000,00000
BCN,1851,0736,069987,2,9,029289,2,9,32800,32768,00000,00000
BCN,1852,1607,069987,2,9,029289,2,9,32800,32768,00000,00000
BCN,1853,1384,069987,2,9,029289,2,9,32800,32768,00000,00000
BCN,1854,1609,063791,2,8,029009,2,9,32800,32768,00000,00000
BCN,1855,1257,063791,2,8,029009,2,9,32800,32768,00000,00000
BCN,1856,1324,063791,2,8,029009,2,9,32800,32768,00000,00000
BCN,1857,0738,063791,2,8,029009,2,9,32800,32768,00000,00000
BCN,1858,1423,063791,2,8,029009,2,9,32800,32768,00000,00000
BCN,1859,1622,063791,2,8,029009,2,9,32800,32768,00000,00000
BCN,1860,1609,067822,2,9,028637,2,9,32800,32768,00000,00000
BCN,1861,0842,067822,2,9,028637,2,9,32800,32768,00000,00000
BCN,1862,0807,067822,2,9,028637,2,9,32800,32768,00000,00000
BCN,1863,0805,067822,2,9,028637,2,9,32800,32768,00000,00000
BCN,1864,0721,067822,2,9,028637,2,9,32800,32768,00000,00000
BCN,1865,1586,067822,2,9,028637,2,9,32800,32768,00000,00000
BCN,1866,1608,061730,2,8,028244,2,9,32800,32768,00000,00000
BCN,1867,1599,061730,2,8,028244,2,9,32800,32768,00000,00000
BCN,1868,1590,061730,2,8,028244,2,9,32800,32768,00000,00000
BCN,1869,1623,061730,2,8,028244,2,9,32800,32768,00000,00000
BCN,1870,0722,061730,2,8,028244,2,9,32800,32768,00000,00000
BCN,1871,0736,061730,2,8,028244,2,9,32800,32768,00000,00000
BCN,1872,1601,063778,2,8,027895,2,9,32799,32768,00000,00000
BCN,1873,0736,063778,2,8,027895,2,9,32799,32768,00000,00000
BCN,1874,0722,063778,2,8,027895,2,9,32799,32768,00000,00000
BCN,1875,1623,063778,2,8,027895,2,9,32799,32768,00000,00000
BCN,1876,0727,063778,2,8,027895,2,9,32799,32768,00000,00000
BCN,1877,0741,063778,2,8,027895,2,9,32799,32768,00000,00000
BCN,1878,0722,061587,2,8,027168,2,9,32800,32768,00000,00000
BCN,1879,0740,061587,2,8,027168,2,9,32800,32768,00000,00000
BCN,1880,0725,061587,2,8,027168,2,9,32800,32768,00000,00000
BCN,1881,1623,061587,2,8,027168,2,9,32800,32768,00000,00000
BCN,1882,1607,061587,2,8,027168,2,9,32800,32768,00000,00000
BCN,1883,1622,061587,2,8,027168,2,9,32800,32768,00000,00000
BCN,1884,0724,061587,2,8,027168,2,9,32800,32768,00000,00000
BCN,1885,1362,061652,2,8,026362,2,8,32800,32768,00000,00000
BCN,1886,1219,061652,2,8,026362,2,8,32800,32768,00000,00000
BCN,1887,1622,061652,2,8,026362,2,8,32800,32768,00000,00000
BCN,1888,1324,061652,2,8,026362,2,8,32800,32768,00000,00000
BCN,1889,1621,061652,2,8,026362,2,8,32800,32768,00000,00000
BCN,1890,0927,061652,2,8,026362,2,8,32800,32768,00000,00000
BCN,1891,1622,063713,2,8,025647,2,8,32799,32768,00000,00000
BCN,1892,1497,063713,2,8,025647,2,8,32799,32768,00000,00000
BCN,1893,1534,063713,2,8,025647,2,8,32799,32768,00000,00000
BCN,1894,0723,063713,2,8,025647,2,8,32799,32768,00000,00000
BCN,1895,1564,063713,2,8,025647,2,8,32799,32768,00000,00000
BCN,1896,1608,063713,2,8,025647,2,8,32799,32768,00000,00000
BCN,1897,1622,061548,2,8,024941,2,8,32800,32768,00000,00000
BCN,1898,0759,061548,2,8,024941,2,8,32800,32768,00000,00000
BCN,1899,0765,061548,2,8,024941,2,8,32800,32768,00000,00000
BCN,1900,0747,061548,2,8,024941,2,8,32800,32768,00000,00000
BCN,1901,0735,061548,2,8,024941,2,8,32800,32768,00000,00000
BCN,1902,1596,061548,2,8,024941,2,8,32800,32768,00000,00000
BCN,1903,1622,063765,2,8,025783,2,8,32800,32767,00000,00000
BCN,1904,1600,063765,2,8,025783,2,8,32800,32767,00000,00000
BCN,1905,1615,063765,2,8,025783,2,8,32800,32767,00000,00000
BCN,1906,1609,063765,2,8,025783,2,8,32800,32767,00000,00000
BCN,1907,0736,063765,2,8,025783,2,8,32800,32767,00000,00000
BCN,1908,0722,063765,2,8,025783,2,8,32800,32767,00000,00000
BCN,1909,1618,063765,2,8,027574,2,9,32799,32768,00000,00000
BCN,1910,0723,063765,2,8,027574,2,9,32799,32768,00000,00000
BCN,1911,0735,063765,2,8,027574,2,9,32799,32768,00000,00000
BCN,1912,1609,063765,2,8,027574,2,9,32799,32768,00000,00000
BCN,1913,0738,063765,2,8,027574,2,9,32799,32768,00000,00000
BCN,1914,0725,063765,2,8,027574,2,9,32799,32768,00000,00000
BCN,1915,0735,061574,2,8,027555,2,9,32800,32768,00000,00000
BCN,1916,0725,061574,2,8,027555,2,9,32800,32768,00000,00000
BCN,1917,0737,061574,2,8,027555,2,9,32800,32768,00000,00000
BCN,1918,1609,061574,2,8,027555,2,9,32800,32768,00000,00000
BCN,1919,1150,061574,2,8,027555,2,9,32800,32768,00000,00000
BCN,1920,1053,061574,2,8,027555,2,9,32800,32768,00000,00000
BCN,1921,0737,061574,2,8,027555,2,9,32800,32768,00000,00000
BCN,1922,0936,063804,2,8,028427,2,9,32800,32768,00000,00000
BCN,1923,0905,063804,2,8,028427,2,9,32800,32768,00000,00000
BCN,1924,1609,063804,2,8,028427,2,9,32800,32768,00000,00000
BCN,1925,1528,063804,2,8,028427,2,9,32800,32768,00000,00000
BCN,1926,1610,063804,2,8,028427,2,9,32800,32768,00000,00000
BCN,1927,0807,063804,2,8,028427,2,9,32800,32768,00000,00000
BCN,1928,1612,063791,2,8,028908,2,9,32799,32768,00000,00000
BCN,1929,1587,063791,2,8,028908,2,9,32799,32768,00000,00000
BCN,1930,1582,063791,2,8,028908,2,9,32799,32768,00000,00000
BCN,1931,0736,063791,2,8,028908,2,9,32799,32768,00000,00000
BCN,1932,1593,063791,2,8,028908,2,9,32799,32768,00000,00000
BCN,1933,1626,063791,2,8,028908,2,9,32799,32768,00000,00000
BCN,1934,1614,063752,2,8,029114,2,9,32800,32768,00000,00000
BCN,1935,0749,063752,2,8,029114,2,9,32800,32768,00000,00000
BCN,1936,0735,063752,2,8,029114,2,9,32800,32768,00000,00000
BCN,1937,0745,063752,2,8,029114,2,9,32800,32768,00000,00000
BCN,1938,0723,063752,2,8,029114,2,9,32800,32768,00000,00000
BCN,1939,1625,063752,2,8,029114,2,9,32800,32768,00000,00000
BCN,1940,1618,066034,2,9,029229,2,9,32800,32768,00000,00000
BCN,1941,1626,066034,2,9,029229,2,9,32800,32768,00000,00000
BCN,1942,1615,066034,2,9,029229,2,9,32800,32768,00000,00000
BCN,1943,1629,066034,2,9,029229,2,9,32800,32768,00000,00000
BCN,1944,0724,066034,2,9,029229,2,9,32800,32768,00000,00000
BCN,1945,0735,066034,2,9,029229,2,9,32800,32768,00000,00000
BCN,1946,0814,061964,2,8,029468,2,9,32799,32768,00000,00000
BCN,1947,0734,061964,2,8,029468,2,9,32799,32768,00000,00000
BCN,1948,0728,061964,2,8,029468,2,9,32799,32768,00000,00000
BCN,1949,0748,061964,2,8,029468,2,9,32799,32768,00000,00000
BCN,1950,0723,061964,2,8,029468,2,9,32799,32768,00000,00000
BCN,1951,0734,061964,2,8,029468,2,9,32799,32768,00000,00000
BCN,1952,0730,063921,2,8,011074,2,3,32800,32768,00000,00000
BCN,1953,0734,063921,2,8,011074,2,3,32800,32768,00000,00000
BCN,1954,0723,063921,2,8,011074,2,3,32800,32768,00000,00000
BCN,1955,0745,063921,2,8,011074,2,3,32800,32768,00000,00000
BCN,1956,0725,063921,2,8,011074,2,3,32800,32768,00000,00000
BCN,1957,0736,063921,2,8,011074,2,3,32800,32768,00000,00000
BCN,1958,0723,063921,2,8,011074,2,3,32800,32768,00000,00000
BCN,1959,0735,066164,2,9,000638,2,0,32800,32768,00000,00000
BCN,1960,0723,066164,2,9,000638,2,0,32800,32768,00000,00000
BCN,1961,0745,066164,2,9,000638,2,0,32800,32768,00000,00000
BCN,1962,0734,066164,2,9,000638,2,0,32800,32768,00000,00000
BCN,1963,0745,066164,2,9,000638,2,0,32800,32768,00000,00000
BCN,1964,0723,066164,2,9,000638,2,0,32800,32768,00000,00000
BCN,1965,0745,060098,2,8,000544,0,0,32799,32768,00000,00000
BCN,1966,0734,060098,2,8,000544,0,0,32799,32768,00000,00000
BCN,1967,0746,060098,2,8,000544,0,0,32799,32768,00000,00000
BCN,1968,0723,060098,2,8,000544,0,0,32799,32768,00000,00000
BCN,1969,0809,060098,2,8,000544,0,0,32799,32768,00000,00000
BCN,1970,1617,060098,2,8,000544,0,0,32799,32768,00000,00000
BCN,1971,1628,064051,2,8,003836,0,2,32800,32768,00000,00000
BCN,1972,0730,064051,2,8,003836,0,2,32800,32768,00000,00000
BCN,1973,0740,064051,2,8,003836,0,2,32800,32768,00000,00000
BCN,1974,0730,064051,2,8,003836,0,2,32800,32768,00000,00000
BCN,1975,0734,064051,2,8,003836,0,2,32800,32768,00000,00000
BCN,1976,1611,064051,2,8,003836,0,2,32800,32768,00000,00000
BCN,1977,1624,066255,2,9,022864,2,7,32800,32768,00000,00000
BCN,1978,1611,066255,2,9,022864,2,7,32800,32768,00000,00000
BCN,1979,1621,066255,2,9,022864,2,7,32800,32768,00000,00000
BCN,1980,1611,066255,2,9,022864,2,7,32800,32768,00000,00000
BCN,1981,0734,066255,2,9,022864,2,7,32800,32768,00000,00000
BCN,1982,0997,066255,2,9,022864,2,7,32800,32768,00000,00000
BCN,1983,1620,060176,2,8,027243,2,8,32799,32768,00000,00000
BCN,1984,1226,060176,2,8,027243,2,8,32799,32768,00000,00000
BCN,1985,1313,060176,2,8,027243,2,8,32799,32768,00000,00000
BCN,1986,1611,060176,2,8,027243,2,8,32799,32768,00000,00000
BCN,1987,0735,060176,2,8,027243,2,8,32799,32768,00000,00000
BCN,1988,0725,060176,2,8,027243,2,8,32799,32768,00000,00000
BCN,1989,1493,064103,2,8,026786,2,8,32800,32768,00000,00000
BCN,1990,0725,064103,2,8,026786,2,8,32800,32768,00000,00000
BCN,1991,0735,064103,2,8,026786,2,8,32800,32768,00000,00000
BCN,1992,1611,064103,2,8,026786,2,8,32800,32768,00000,00000
BCN,1993,0797,064103,2,8,026786,2,8,32800,32768,00000,00000
BCN,1994,0776,064103,2,8,026786,2,8,32800,32768,00000,00000
BCN,1995,0734,064103,2,8,026786,2,8,32800,32768,00000,00000
BCN,1996,0759,066294,2,9,026389,2,8,32800,32768,00000,00000
BCN,1997,0762,066294,2,9,026389,2,8,32800,32768,00000,00000
BCN,1998,1611,066294,2,9,026389,2,8,32800,32768,00000,00000
BCN,1999,1605,066294,2,9,026389,2,8,32800,32768,00000,00000
BCN,2000,1611,066294,2,9,026389,2,8,32800,32768,00000,00000
BCN,2001,0747,066294,2,9,026389,2,8,32800,32768,00000,00000
BCN,2002,1612,060202,2,8,025868,2,8,32799,32768,00000,00000
BCN,2003,1614,060202,2,8,025868,2,8,32799,32768,00000,00000
BCN,2004,1606,060202,2,8,025868,2,8,32799,32768,00000,00000
BCN,2005,0734,060202,2,8,025868,2,8,32799,32768,00000,00000
BCN,2006,1607,060202,2,8,025868,2,8,32799,32768,00000,00000
BCN,2007,1620,060202,2,8,025868,2,8,32799,32768,00000,00000
BCN,2008,1611,064129,2,8,025175,2,8,32800,32768,00000,00000
BCN,2009,0737,064129,2,8,025175,2,8,32800,32768,00000,00000
BCN,2010,0728,064129,2,8,025175,2,8,32800,32768,00000,00000
BCN,2011,0737,064129,2,8,025175,2,8,32800,32768,00000,00000
BCN,2012,0724,064129,2,8,025175,2,8,32800,32768,00000,00000
BCN,2013,1618,064129,2,8,025175,2,8,32800,32768,00000,00000
BCN,2014,1611,066320,2,9,025191,2,8,32800,32767,00000,00000
BCN,2015,1375,066320,2,9,025191,2,8,32800,32767,00000,00000
BCN,2016,1236,066320,2,9,025191,2,8,32800,32767,00000,00000
BCN,2017,1143,066320,2,9,025191,2,8,32800,32767,00000,00000
BCN,2018,0725,066320,2,9,025191,2,8,32800,32767,00000,00000
BCN,2019,1392,066320,2,9,025191,2,8,32800,32767,00000,00000
BCN,2020,1611,060215,2,8,027766,2,9,32799,32768,00000,00000
BCN,2021,1476,060215,2,8,027766,2,9,32799,32768,00000,00000
BCN,2022,1498,060215,2,8,027766,2,9,32799,32768,00000,00000
BCN,2023,1620,060215,2,8,027766,2,9,32799,32768,00000,00000
BCN,2024,0726,060215,2,8,027766,2,9,32799,32768,00000,00000
BCN,2025,0733,060215,2,8,027766,2,9,32799,32768,00000,00000
BCN,2026,1566,064142,2,8,027191,2,9,32800,32768,00000,00000
BCN,2027,0734,064142,2,8,027191,2,9,32800,32768,00000,00000
BCN,2028,0726,064142,2,8,027191,2,9,32800,32768,00000,00000
BCN,2029,1620,064142,2,8,027191,2,9,32800,32768,00000,00000
BCN,2030,0749,064142,2,8,027191,2,9,32800,32768,00000,00000
BCN,2031,0753,064142,2,8,027191,2,9,32800,32768,00000,00000
BCN,2032,0726,064142,2,8,027191,2,9,32800,32768,00000,00000
BCN,2033,0746,066320,2,9,027894,2,9,32800,32768,00000,00000
BCN,2034,0736,066320,2,9,027894,2,9,32800,32768,00000,00000
BCN,2035,1622,066320,2,9,027894,2,9,32800,32768,00000,00000
BCN,2036,1609,066320,2,9,027894,2,9,32800,32768,00000,00000
BCN,2037,1623,066320,2,9,027894,2,9,32800,32768,00000,00000
BCN,2038,0731,066320,2,9,027894,2,9,32800,32768,00000,00000
BCN,2039,1625,060228,2,8,028778,2,9,32799,32768,00000,00000
BCN,2040,1615,060228,2,8,028778,2,9,32799,32768,00000,00000
BCN,2041,1622,060228,2,8,028778,2,9,32799,32768,00000,00000
BCN,2042,0726,060228,2,8,028778,2,9,32799,32768,00000,00000
BCN,2043,1623,060228,2,8,028778,2,9,32799,32768,00000,00000
BCN,2044,0802,060228,2,8,028778,2,9,32799,32768,00000,00000
BCN,2045,0752,057933,2,7,029171,2,9,32799,32768,00000,00000
BCN,2046,0728,057933,2,7,029171,2,9,32799,32768,00000,00000
BCN,2047,0736,057933,2,7,029171,2,9,32799,32768,00000,00000
BCN,2048,0725,057933,2,7,029171,2,9,32799,32768,00000,00000
BCN,2049,0739,057933,2,7,029171,2,9,32799,32768,00000,00000
BCN,2050,0758,057933,2,7,029171,2,9,32799,32768,00000,00000
BCN,2051,1624,064142,2,8,007882,2,2,32800,32753,00000,00000
BCN,2052,0926,064142,2,8,007882,2,2,32800,32753,00000,00000
BCN,2053,0893,064142,2,8,007882,2,2,32800,32753,00000,00000
BCN,2054,0854,064142,2,8,007882,2,2,32800,32753,00000,00000
BCN,2055,0732,064142,2,8,007882,2,2,32800,32753,00000,00000
BCN,2056,1545,064142,2,8,007882,2,2,32800,32753,00000,00000
BCN,2057,1620,066320,2,9,019154,2,6,32800,32769,00000,00000
BCN,2058,1570,066320,2,9,019154,2,6,32800,32769,00000,00000
BCN,2059,1584,066320,2,9,019154,2,6,32800,32769,00000,00000
BCN,2060,1613,066320,2,9,019154,2,6,32800,32769,00000,00000
BCN,2061,0732,066320,2,9,019154,2,6,32800,32769,00000,00000
BCN,2062,0726,066320,2,9,019154,2,6,32800,32769,00000,00000
BCN,2063,1603,060228,2,8,029077,2,9,32799,32769,00000,00000
BCN,2064,0726,060228,2,8,029077,2,9,32799,32769,00000,00000
BCN,2065,0732,060228,2,8,029077,2,9,32799,32769,00000,00000
BCN,2066,1612,060228,2,8,029077,2,9,32799,32769,00000,00000
BCN,2067,0741,060228,2,8,029077,2,9,32799,32769,00000,00000
BCN,2068,0733,060228,2,8,029077,2,9,32799,32769,00000,00000
BCN,2069,0732,060228,2,8,029077,2,9,32799,32769,00000,00000
BCN,2070,0731,064142,2,8,028889,2,9,32800,32769,00000,00000
BCN,2071,0737,064142,2,8,028889,2,9,32800,32769,00000,00000
BCN,2072,1612,064142,2,8,028889,2,9,32800,32769,00000,00000
BCN,2073,1616,064142,2,8,028889,2,9,32800,32769,00000,00000
BCN,2074,1612,064142,2,8,028889,2,9,32800,32769,00000,00000
BCN,2075,0735,064142,2,8,028889,2,9,32800,32769,00000,00000
BCN,2076,1612,066333,2,9,028553,2,9,32800,32769,00000,00000
BCN,2077,1617,066333,2,9,028553,2,9,32800,32769,00000,00000
BCN,2078,1611,066333,2,9,028553,2,9,32800,32769,00000,00000
BCN,2079,1012,066333,2,9,028553,2,9,32800,32769,00000,00000
BCN,2080,1612,066333,2,9,028553,2,9,32800,32769,00000,00000
BCN,2081,1157,066333,2,9,028553,2,9,32800,32769,00000,00000
BCN,2082,1614,060228,2,8,028087,2,9,32799,32769,00000,00000
BCN,2083,1386,060228,2,8,028087,2,9,32799,32769,00000,00000
BCN,2084,1429,060228,2,8,028087,2,9,32799,32769,00000,00000
BCN,2085,0733,060228,2,8,028087,2,9,32799,32769,00000,00000
BCN,2086,1497,060228,2,8,028087,2,9,32799,32769,00000,00000
BCN,2087,1623,060228,2,8,028087,2,9,32799,32769,00000,00000
BCN,2088,1617,064142,2,8,027669,2,9,32800,32769,00000,00000
BCN,2089,0804,064142,2,8,027669,2,9,32800,32769,00000,00000
BCN,2090,0783,064142,2,8,027669,2,9,32800,32769,00000,00000
BCN,2091,0779,064142,2,8,027669,2,9,32800,32769,00000,00000
BCN,2092,0725,064142,2,8,027669,2,9,32800,32769,00000,00000
BCN,2093,1600,064142,2,8,027669,2,9,32800,32769,00000,00000
BCN,2094,1617,066333,2,9,027250,2,9,32800,32769,00000,00000
BCN,2095,1607,066333,2,9,027250,2,9,32800,32769,00000,00000
BCN,2096,1604,066333,2,9,027250,2,9,32800,32769,00000,00000
BCN,2097,1624,066333,2,9,027250,2,9,32800,32769,00000,00000
BCN,2098,0726,066333,2,9,027250,2,9,32800,32769,00000,00000
BCN,2099,0732,066333,2,9,027250,2,9,32800,32769,00000,00000
BCN,2100,1615,060228,2,8,026520,2,8,32799,32769,00000,00000
BCN,2101,0732,060228,2,8,026520,2,8,32799,32769,00000,00000
BCN,2102,0725,060228,2,8,026520,2,8,32799,32769,00000,00000
BCN,2103,1627,060228,2,8,026520,2,8,32799,32769,00000,00000
BCN,2104,0730,060228,2,8,026520,2,8,32799,32769,00000,00000
BCN,2105,0736,060228,2,8,026520,2,8,32799,32769,00000,00000
BCN,2106,0725,060228,2,8,026520,2,8,32799,32769,00000,00000
BCN,2107,0735,064142,2,8,025800,2,8,32800,32769,00000,00000
BCN,2108,0728,064142,2,8,025800,2,8,32800,32769,00000,00000
BCN,2109,1628,064142,2,8,025800,2,8,32800,32769,00000,00000
BCN,2110,1555,064142,2,8,025800,2,8,32800,32769,00000,00000
BCN,2111,1397,064142,2,8,025800,2,8,32800,32769,00000,00000
BCN,2112,0727,064142,2,8,025800,2,8,32800,32769,00000,00000
BCN,2113,1153,066333,2,9,025200,2,8,32800,32768,00000,00000
BCN,2114,1058,066333,2,9,025200,2,8,32800,32768,00000,00000
BCN,2115,1631,066333,2,9,025200,2,8,32800,32768,00000,00000
BCN,2116,1442,066333,2,9,025200,2,8,32800,32768,00000,00000
BCN,2117,1633,066333,2,9,025200,2,8,32800,32768,00000,00000
BCN,2118,0860,066333,2,9,025200,2,8,32800,32768,00000,00000
BCN,2119,1633,060228,2,8,026404,2,8,32799,32768,00000,00000
BCN,2120,1554,060228,2,8,026404,2,8,32799,32768,00000,00000
BCN,2121,1575,060228,2,8,026404,2,8,32799,32768,00000,00000
BCN,2122,0726,060228,2,8,026404,2,8,32799,32768,00000,00000
BCN,2123,1593,060228,2,8,026404,2,8,32799,32768,00000,00000
BCN,2124,1624,060228,2,8,026404,2,8,32799,32768,00000,00000
BCN,2125,1631,064142,2,8,027533,2,9,32800,32768,00000,00000
BCN,2126,0750,064142,2,8,027533,2,9,32800,32768,00000,00000
BCN,2127,0752,064142,2,8,027533,2,9,32800,32768,00000,00000
BCN,2128,0743,064142,2,8,027533,2,9,32800,32768,00000,00000
BCN,2129,0732,064142,2,8,027533,2,9,32800,32768,00000,00000
BCN,2130,1617,064142,2,8,027533,2,9,32800,32768,00000,00000
BCN,2131,1632,066333,2,9,028272,2,9,32800,32768,00000,00000
BCN,2132,1620,066333,2,9,028272,2,9,32800,32768,00000,00000
BCN,2133,1627,066333,2,9,028272,2,9,32800,32768,00000,00000
BCN,2134,1626,066333,2,9,028272,2,9,32800,32768,00000,00000
BCN,2135,0732,066333,2,9,028272,2,9,32800,32768,00000,00000
BCN,2136,0726,066333,2,9,028272,2,9,32800,32768,00000,00000
BCN,2137,1629,060228,2,8,029047,2,9,32799,32768,00000,00000
BCN,2138,0726,060228,2,8,029047,2,9,32799,32768,00000,00000
BCN,2139,0732,060228,2,8,029047,2,9,32799,32768,00000,00000
BCN,2140,1626,060228,2,8,029047,2,9,32799,32768,00000,00000
BCN,2141,0734,060228,2,8,029047,2,9,32799,32768,00000,00000
BCN,2142,0728,060228,2,8,029047,2,9,32799,32768,00000,00000
BCN,2143,1028,060228,2,8,029047,2,9,32799,32768,00000,00000
BCN,2144,0728,064142,2,8,029240,2,9,32800,32768,00000,00000
BCN,2145,0734,064142,2,8,029240,2,9,32800,32768,00000,00000
BCN,2146,1618,064142,2,8,029240,2,9,32800,32768,00000,00000
BCN,2147,0815,064142,2,8,029240,2,9,32800,32768,00000,00000
BCN,2148,0934,064142,2,8,029240,2,9,32800,32768,00000,00000
BCN,2149,0733,064142,2,8,029240,2,9,32800,32768,00000,00000
BCN,2150,0859,066333,2,9,029365,2,9,32800,32768,00000,00000
BCN,2151,0837,066333,2,9,029365,2,9,32800,32768,00000,00000
BCN,2152,1613,066333,2,9,029365,2,9,32800,32768,00000,00000
BCN,2153,1564,066333,2,9,029365,2,9,32800,32768,00000,00000
BCN,2154,1613,066333,2,9,029365,2,9,32800,32768,00000,00000
BCN,2155,0776,066333,2,9,029365,2,9,32800,32768,00000,00000
BCN,2156,1614,060228,2,8,027980,2,9,32799,32768,00000,00000
BCN,2157,1597,060228,2,8,027980,2,9,32799,32768,00000,00000
BCN,2158,1595,060228,2,8,027980,2,9,32799,32768,00000,00000
BCN,2159,0732,060228,2,8,027980,2,9,32799,32768,00000,00000
BCN,2160,1601,060228,2,8,027980,2,9,32799,32768,00000,00000
BCN,2161,1620,060228,2,8,027980,2,9,32799,32768,00000,00000
BCN,2162,1614,066281,2,9,029269,2,9,32800,32768,00000,00000
BCN,2163,0741,066281,2,9,029269,2,9,32800,32768,00000,00000
BCN,2164,0733,066281,2,9,029269,2,9,32800,32768,00000,00000
BCN,2165,0739,066281,2,9,029269,2,9,32800,32768,00000,00000
BCN,2166,0725,066281,2,9,029269,2,9,32800,32768,00000,00000
BCN,2167,1617,066281,2,9,029269,2,9,32800,32768,00000,00000
BCN,2168,1614,066216,2,9,028986,2,9,32800,32768,00000,00000
BCN,2169,1618,066216,2,9,028986,2,9,32800,32768,00000,00000
BCN,2170,1611,066216,2,9,028986,2,9,32800,32768,00000,00000
BCN,2171,1621,066216,2,9,028986,2,9,32800,32768,00000,00000
BCN,2172,0725,066216,2,9,028986,2,9,32800,32768,00000,00000
BCN,2173,0732,066216,2,9,028986,2,9,32800,32768,00000,00000
BCN,2174,1613,062055,2,8,028666,2,9,32800,32768,00000,00000
BCN,2175,1030,062055,2,8,028666,2,9,32800,32768,00000,00000
BCN,2176,1156,062055,2,8,028666,2,9,32800,32768,00000,00000
BCN,2177,1621,062055,2,8,028666,2,9,32800,32768,00000,00000
BCN,2178,0726,062055,2,8,028666,2,9,32800,32768,00000,00000
BCN,2179,0733,062055,2,8,028666,2,9,32800,32768,00000,00000
BCN,2180,1439,062055,2,8,028666,2,9,32800,32768,00000,00000
BCN,2181,0734,064012,2,8,028195,2,9,32799,32768,00000,00000
BCN,2182,0726,064012,2,8,028195,2,9,32799,32768,00000,00000
BCN,2183,1621,064012,2,8,028195,2,9,32799,32768,00000,00000
BCN,2184,0807,064012,2,8,028195,2,9,32799,32768,00000,00000
BCN,2185,0799,064012,2,8,028195,2,9,32799,32768,00000,00000
BCN,2186,0726,064012,2,8,028195,2,9,32799,32768,00000,00000
BCN,2187,0776,059851,2,8,027519,2,9,32799,32768,00000,00000
BCN,2188,0760,059851,2,8,027519,2,9,32799,32768,00000,00000
BCN,2189,1620,059851,2,8,027519,2,9,32799,32768,00000,00000
BCN,2190,1595,059851,2,8,027519,2,9,32799,32768,00000,00000
BCN,2191,1621,059851,2,8,027519,2,9,32799,32768,00000,00000
BCN,2192,0741,059851,2,8,027519,2,9,32799,32768,00000,00000
BCN,2193,1622,070091,2,9,026897,2,9,32800,32768,00000,00000
BCN,2194,1607,070091,2,9,026897,2,9,32800,32768,00000,00000
BCN,2195,1616,070091,2,9,026897,2,9,32800,32768,00000,00000
BCN,2196,0726,070091,2,9,026897,2,9,32800,32768,00000,00000
BCN,2197,1618,070091,2,9,026897,2,9,32800,32768,00000,00000
BCN,2198,1616,070091,2,9,026897,2,9,32800,32768,00000,00000
BCN,2199,1624,063869,2,8,026255,2,8,32800,32768,00000,00000
BCN,2200,0729,063869,2,8,026255,2,8,32800,32768,00000,00000
BCN,2201,0735,063869,2,8,026255,2,8,32800,32768,00000,00000
BCN,2202,0729,063869,2,8,026255,2,8,32800,32768,00000,00000
BCN,2203,0732,063869,2,8,026255,2,8,32800,32768,00000,00000
BCN,2204,1617,063869,2,8,026255,2,8,32800,32768,00000,00000
BCN,2205,1625,067887,2,9,025540,2,8,32800,32768,00000,00000
BCN,2206,1472,067887,2,9,025540,2,8,32800,32768,00000,00000
BCN,2207,1329,067887,2,9,025540,2,8,32800,32768,00000,00000
BCN,2208,1204,067887,2,9,025540,2,8,32800,32768,00000,00000
BCN,2209,0732,067887,2,9,025540,2,8,32800,32768,00000,00000
BCN,2210,1348,067887,2,9,025540,2,8,32800,32768,00000,00000
BCN,2211,1623,061769,2,8,025645,2,8,32800,32767,00000,00000
BCN,2212,0778,061769,2,8,025645,2,8,32800,32767,00000,00000
BCN,2213,1483,061769,2,8,025645,2,8,32800,32767,00000,00000
BCN,2214,1624,061769,2,8,025645,2,8,32800,32767,00000,00000
BCN,2215,0733,061769,2,8,025645,2,8,32800,32767,00000,00000
BCN,2216,0726,061769,2,8,025645,2,8,32800,32767,00000,00000
BCN,2217,1580,061769,2,8,025645,2,8,32800,32767,00000,00000
BCN,2218,0726,063804,2,8,024339,2,8,32799,32768,00000,00000
BCN,2219,0733,063804,2,8,024339,2,8,32799,32768,00000,00000
BCN,2220,1632,063804,2,8,024339,2,8,32799,32768,00000,00000
BCN,2221,0761,063804,2,8,024339,2,8,32799,32768,00000,00000
BCN,2222,0749,063804,2,8,024339,2,8,32799,32768,00000,00000
BCN,2223,0732,063804,2,8,024339,2,8,32799,32768,00000,00000
BCN,2224,0742,059695,2,8,027669,2,9,32799,32768,00000,00000
BCN,2225,0745,059695,2,8,027669,2,9,32799,32768,00000,00000
BCN,2226,1624,059695,2,8,027669,2,9,32799,32768,00000,00000
BCN,2227,1624,059695,2,8,027669,2,9,32799,32768,00000,00000
BCN,2228,1623,059695,2,8,027669,2,9,32799,32768,00000,00000
BCN,2229,0739,059695,2,8,027669,2,9,32799,32768,00000,00000
BCN,2230,1623,069974,2,9,028403,2,9,32800,32768,00000,00000
BCN,2231,1626,069974,2,9,028403,2,9,32800,32768,00000,00000
BCN,2232,1620,069974,2,9,028403,2,9,32800,32768,00000,00000
BCN,2233,0733,069974,2,9,028403,2,9,32800,32768,00000,00000
BCN,2234,1620,069974,2,9,028403,2,9,32800,32768,00000,00000
BCN,2235,1630,069974,2,9,028403,2,9,32800,32768,00000,00000
BCN,2236,1623,063778,2,8,029150,2,9,32800,32768,00000,00000
BCN,2237,0734,063778,2,8,029150,2,9,32800,32768,00000,00000
BCN,2238,0959,063778,2,8,029150,2,9,32800,32768,00000,00000
BCN,2239,0734,063778,2,8,029150,2,9,32800,32768,00000,00000
BCN,2240,1208,063778,2,8,029150,2,9,32800,32768,00000,00000
BCN,2241,1629,063778,2,8,029150,2,9,32800,32768,00000,00000
BCN,2242,1622,067822,2,9,029388,2,9,32800,32768,00000,00000
BCN,2243,0967,067822,2,9,029388,2,9,32800,32768,00000,00000
BCN,2244,0912,067822,2,9,029388,2,9,32800,32768,00000,00000
BCN,2245,0883,067822,2,9,029388,2,9,32800,32768,00000,00000
BCN,2246,0725,067822,2,9,029388,2,9,32800,32768,00000,00000
BCN,2247,1546,067822,2,9,029388,2,9,32800,32768,00000,00000
BCN,2248,1620,061730,2,8,029452,2,9,32800,32768,00000,00000
BCN,2249,1575,061730,2,8,029452,2,9,32800,32768,00000,00000
BCN,2250,1578,061730,2,8,029452,2,9,32800,32768,00000,00000
BCN,2251,1625,061730,2,8,029452,2,9,32800,32768,00000,00000
BCN,2252,0725,061730,2,8,029452,2,9,32800,32768,00000,00000
BCN,2253,0732,061730,2,8,029452,2,9,32800,32768,00000,00000
BCN,2254,1597,061730,2,8,029452,2,9,32800,32768,00000,00000
BCN,2255,0733,063765,2,8,029510,2,9,32799,32768,00000,00000
BCN,2256,0725,063765,2,8,029510,2,9,32799,32768,00000,00000
BCN,2257,1623,063765,2,8,029510,2,9,32799,32768,00000,00000
BCN,2258,0735,063765,2,8,029510,2,9,32799,32768,00000,00000
BCN,2259,0741,063765,2,8,029510,2,9,32799,32768,00000,00000
BCN,2260,0726,063765,2,8,029510,2,9,32799,32768,00000,00000
BCN,2261,0739,059669,2,8,024698,2,8,32799,32768,00000,00000
BCN,2262,0730,059669,2,8,024698,2,8,32799,32768,00000,00000
BCN,2263,1622,059669,2,8,024698,2,8,32799,32768,00000,00000
BCN,2264,1612,059669,2,8,024698,2,8,32799,32768,00000,00000
BCN,2265,1622,059669,2,8,024698,2,8,32799,32768,00000,00000
BCN,2266,0728,059669,2,8,024698,2,8,32799,32768,00000,00000
BCN,2267,1623,069948,2,9,028697,2,9,32800,32768,00000,00000
BCN,2268,1614,069948,2,9,028697,2,9,32800,32768,00000,00000
BCN,2269,1620,069948,2,9,028697,2,9,32800,32768,00000,00000
BCN,2270,0968,069948,2,9,028697,2,9,32800,32768,00000,00000
BCN,2271,1620,069948,2,9,028697,2,9,32800,32768,00000,00000
BCN,2272,1173,069948,2,9,028697,2,9,32800,32768,00000,00000
BCN,2273,1622,063765,2,8,028394,2,9,32800,32768,00000,00000
BCN,2274,1369,063765,2,8,028394,2,9,32800,32768,00000,00000
BCN,2275,1427,063765,2,8,028394,2,9,32800,32768,00000,00000
BCN,2276,0727,063765,2,8,028394,2,9,32800,32768,00000,00000
BCN,2277,1499,063765,2,8,028394,2,9,32800,32768,00000,00000
BCN,2278,1616,063765,2,8,028394,2,9,32800,32768,00000,00000
BCN,2279,1624,067809,2,9,028055,2,9,32800,32768,00000,00000
BCN,2280,0799,067809,2,9,028055,2,9,32800,32768,00000,00000
BCN,2281,0791,067809,2,9,028055,2,9,32800,32768,00000,00000
BCN,2282,0774,067809,2,9,028055,2,9,32800,32768,00000,00000
BCN,2283,0732,067809,2,9,028055,2,9,32800,32768,00000,00000
BCN,2284,1595,067809,2,9,028055,2,9,32800,32768,00000,00000
BCN,2285,1627,061717,2,8,027361,2,9,32800,32768,00000,00000
BCN,2286,1605,061717,2,8,027361,2,9,32800,32768,00000,00000
BCN,2287,1615,061717,2,8,027361,2,9,32800,32768,00000,00000
BCN,2288,1621,061717,2,8,027361,2,9,32800,32768,00000,00000
BCN,2289,0732,061717,2,8,027361,2,9,32800,32768,00000,00000
BCN,2290,0726,061717,2,8,027361,2,9,32800,32768,00000,00000
BCN,2291,1624,061717,2,8,027361,2,9,32800,32768,00000,00000
BCN,2292,0726,063765,2,8,026573,2,8,32799,32768,00000,00000
BCN,2293,0732,063765,2,8,026573,2,8,32799,32768,00000,00000
BCN,2294,0810,063765,2,8,026573,2,8,32799,32768,00000,00000
BCN,2295,0732,063765,2,8,026573,2,8,32799,32768,00000,00000
BCN,2296,0729,063765,2,8,026573,2,8,32799,32768,00000,00000
BCN,2297,0732,063765,2,8,026573,2,8,32799,32768,00000,00000
BCN,2298,0729,061574,2,8,020915,2,7,32800,32768,00000,00000
BCN,2299,0734,061574,2,8,020915,2,7,32800,32768,00000,00000
BCN,2300,1633,061574,2,8,020915,2,7,32800,32768,00000,00000
BCN,2301,1533,061574,2,8,020915,2,7,32800,32768,00000,00000
BCN,2302,1366,061574,2,8,020915,2,7,32800,32768,00000,00000
BCN,2303,0734,061574,2,8,020915,2,7,32800,32768,00000,00000
BCN,2304,1131,063791,2,8,024974,2,8,32800,32767,00000,00000
BCN,2305,1051,063791,2,8,024974,2,8,32800,32767,00000,00000
BCN,2306,1627,063791,2,8,024974,2,8,32800,32767,00000,00000
BCN,2307,1455,063791,2,8,024974,2,8,32800,32767,00000,00000
BCN,2308,1622,063791,2,8,024974,2,8,32800,32767,00000,00000
BCN,2309,0861,063791,2,8,024974,2,8,32800,32767,00000,00000
BCN,2310,1622,063791,2,8,028324,2,9,32799,32768,00000,00000
BCN,2311,1559,063791,2,8,028324,2,9,32799,32768,00000,00000
BCN,2312,1566,063791,2,8,028324,2,9,32799,32768,00000,00000
BCN,2313,0733,063791,2,8,028324,2,9,32799,32768,00000,00000
BCN,2314,1584,063791,2,8,028324,2,9,32799,32768,00000,00000
BCN,2315,1626,063791,2,8,028324,2,9,32799,32768,00000,00000
BCN,2316,1620,063752,2,8,027508,2,9,32800,32768,00000,00000
BCN,2317,0755,063752,2,8,027508,2,9,32800,32768,00000,00000
BCN,2318,0745,063752,2,8,027508,2,9,32800,32768,00000,00000
BCN,2319,0749,063752,2,8,027508,2,9,32800,32768,00000,00000
BCN,2320,0725,063752,2,8,027508,2,9,32800,32768,00000,00000
BCN,2321,1617,063752,2,8,027508,2,9,32800,32768,00000,00000
BCN,2322,1619,066034,2,9,028292,2,9,32800,32768,00000,00000
BCN,2323,1620,066034,2,9,028292,2,9,32800,32768,00000,00000
BCN,2324,1614,066034,2,9,028292,2,9,32800,32768,00000,00000
BCN,2325,1625,066034,2,9,028292,2,9,32800,32768,00000,00000
BCN,2326,0726,066034,2,9,028292,2,9,32800,32768,00000,00000
BCN,2327,0732,066034,2,9,028292,2,9,32800,32768,00000,00000
BCN,2328,1617,066034,2,9,028292,2,9,32800,32768,00000,00000
BCN,2329,0732,061964,2,8,029062,2,9,32799,32768,00000,00000
BCN,2330,0725,061964,2,8,029062,2,9,32799,32768,00000,00000
BCN,2331,0800,061964,2,8,029062,2,9,32799,32768,00000,00000
BCN,2332,0725,061964,2,8,029062,2,9,32799,32768,00000,00000
BCN,2333,0731,061964,2,8,029062,2,9,32799,32768,00000,00000
BCN,2334,0730,061964,2,8,029062,2,9,32799,32768,00000,00000
BCN,2335,0731,063921,2,8,020184,2,6,32800,32768,00000,00000
BCN,2336,0725,063921,2,8,020184,2,6,32800,32768,00000,00000
BCN,2337,0741,063921,2,8,020184,2,6,32800,32768,00000,00000
BCN,2338,0728,063921,2,8,020184,2,6,32800,32768,00000,00000
BCN,2339,0733,063921,2,8,020184,2,6,32800,32768,00000,00000
BCN,2340,0725,063921,2,8,020184,2,6,32800,32768,00000,00000
BCN,2341,0732,066164,2,9,002469,2,0,32800,32735,00000,00000
BCN,2342,0726,066164,2,9,002469,2,0,32800,32735,00000,00000
BCN,2343,0741,066164,2,9,002469,2,0,32800,32735,00000,00000
BCN,2344,0734,066164,2,9,002469,2,0,32800,32735,00000,00000
BCN,2345,0741,066164,2,9,002469,2,0,32800,32735,00000,00000
BCN,2346,0725,066164,2,9,002469,2,0,32800,32735,00000,00000
BCN,2347,0741,060098,2,8,000860,2,0,32799,32752,00000,00000
BCN,2348,0735,060098,2,8,000860,2,0,32799,32752,00000,00000
BCN,2349,0741,060098,2,8,000860,2,0,32799,32752,00000,00000
BCN,2350,0725,060098,2,8,000860,2,0,32799,32752,00000,00000
BCN,2351,0741,060098,2,8,000860,2,0,32799,32752,00000,00000
BCN,2352,0735,060098,2,8,000860,2,0,32799,32752,00000,00000
BCN,2353,0741,064051,2,8,000333,0,0,32800,32775,00000,00000
BCN,2354,0725,064051,2,8,000333,0,0,32800,32775,00000,00000
BCN,2355,0731,064051,2,8,000333,0,0,32800,32775,00000,00000
BCN,2356,0725,064051,2,8,000333,0,0,32800,32775,00000,00000
BCN,2357,0731,064051,2,8,000333,0,0,32800,32775,00000,00000
BCN,2358,0735,064051,2,8,000333,0,0,32800,32775,00000,00000
BCN,2359,0740,066255,2,9,000489,0,0,32800,32775,00000,00000
BCN,2360,0735,066255,2,9,000489,0,0,32800,32775,00000,00000
BCN,2361,0740,066255,2,9,000489,0,0,32800,32775,00000,00000
BCN,2362,0735,066255,2,9,000489,0,0,32800,32775,00000,00000
BCN,2363,0731,066255,2,9,000489,0,0,32800,32775,00000,00000
BCN,2364,0727,066255,2,9,000489,0,0,32800,32775,00000,00000
BCN,2365,0740,066255,2,9,000489,0,0,32800,32775,00000,00000
BCN,2366,0730,060176,2,8,000398,0,0,32799,32775,00000,00000
BCN,2367,0736,060176,2,8,000398,0,0,32799,32775,00000,00000
BCN,2368,0735,060176,2,8,000398,0,0,32799,32775,00000,00000
BCN,2369,0731,060176,2,8,000398,0,0,32799,32775,00000,00000
BCN,2370,0725,060176,2,8,000398,0,0,32799,32775,00000,00000
BCN,2371,0739,060176,2,8,000398,0,0,32799,32775,00000,00000
BCN,2372,0725,064103,2,8,000327,0,0,32800,32775,00000,00000
BCN,2373,0731,064103,2,8,000327,0,0,32800,32775,00000,00000
BCN,2374,0735,064103,2,8,000327,0,0,32800,32775,00000,00000
BCN,2375,0731,064103,2,8,000327,0,0,32800,32775,00000,00000
BCN,2376,0726,064103,2,8,000327,0,0,32800,32775,00000,00000
BCN,2377,0731,064103,2,8,000327,0,0,32800,32775,00000,00000
BCN,2378,0725,066294,2,9,000357,0,0,32800,32775,00000,00000
BCN,2379,0731,066294,2,9,000357,0,0,32800,32775,00000,00000
BCN,2380,0735,066294,2,9,000357,0,0,32800,32775,00000,00000
BCN,2381,0740,066294,2,9,000357,0,0,32800,32775,00000,00000
BCN,2382,0735,066294,2,9,000357,0,0,32800,32775,00000,00000
BCN,2383,0731,066294,2,9,000357,0,0,32800,32775,00000,00000
BCN,2384,0735,060202,2,8,000359,0,1,32799,32775,00000,00000
BCN,2385,0740,060202,2,8,000359,0,1,32799,32775,00000,00000
BCN,2386,0734,060202,2,8,000359,0,1,32799,32775,00000,00000
BCN,2387,0731,060202,2,8,000359,0,1,32799,32775,00000,00000
BCN,2388,0734,060202,2,8,000359,0,1,32799,32775,00000,00000
BCN,2389,0740,060202,2,8,000359,0,1,32799,32775,00000,00000
BCN,2390,0735,064129,2,8,000301,0,1,32800,32775,00000,00000
BCN,2391,0731,064129,2,8,000301,0,1,32800,32775,00000,00000
BCN,2392,0725,064129,2,8,000301,0,1,32800,32775,00000,00000
BCN,2393,0731,064129,2,8,000301,0,1,32800,32775,00000,00000
BCN,2394,0725,064129,2,8,000301,0,1,32800,32775,00000,00000
BCN,2395,0741,064129,2,8,000301,0,1,32800,32775,00000,00000
BCN,2396,0737,066320,2,9,000258,0,1,32800,32775,00000,00000
BCN,2397,0744,066320,2,9,000258,0,1,32800,32775,00000,00000
BCN,2398,0766,066320,2,9,000258,0,1,32800,32775,00000,00000
BCN,2399,1124,066320,2,9,000258,0,1,32800,32775,00000,00000
BCN,2400,0726,066320,2,9,000258,0,1,32800,32775,00000,00000
BCN,2401,1406,066320,2,9,000258,0,1,32800,32775,00000,00000
BCN,2402,1620,066320,2,9,000258,0,1,32800,32775,00000,00000
BCN,2403,1489,060215,2,8,009435,0,4,32799,32775,00000,00000
BCN,2404,1508,060215,2,8,009435,0,4,32799,32775,00000,00000
BCN,2405,1624,060215,2,8,009435,0,4,32799,32775,00000,00000
BCN,2406,0726,060215,2,8,009435,0,4,32799,32775,00000,00000
BCN,2407,0732,060215,2,8,009435,0,4,32799,32775,00000,00000
BCN,2408,1571,060215,2,8,009435,0,4,32799,32775,00000,00000
BCN,2409,0732,064142,2,8,027273,2,8,32800,32775,00000,00000
BCN,2410,0726,064142,2,8,027273,2,8,32800,32775,00000,00000
BCN,2411,1619,064142,2,8,027273,2,8,32800,32775,00000,00000
BCN,2412,0749,064142,2,8,027273,2,8,32800,32775,00000,00000
BCN,2413,0751,064142,2,8,027273,2,8,32800,32775,00000,00000
BCN,2414,0726,064142,2,8,027273,2,8,32800,32775,00000,00000
BCN,2415,0745,066320,2,9,028000,2,9,32800,32775,00000,00000
BCN,2416,0737,066320,2,9,028000,2,9,32800,32775,00000,00000
BCN,2417,1619,066320,2,9,028000,2,9,32800,32775,00000,00000
BCN,2418,1607,066320,2,9,028000,2,9,32800,32775,00000,00000
BCN,2419,1619,066320,2,9,028000,2,9,32800,32775,00000,00000
BCN,2420,0731,066320,2,9,028000,2,9,32800,32775,00000,00000
BCN,2421,1619,060228,2,8,028599,2,9,32799,32775,00000,00000
BCN,2422,1610,060228,2,8,028599,2,9,32799,32775,00000,00000
BCN,2423,1617,060228,2,8,028599,2,9,32799,32775,00000,00000
BCN,2424,0726,060228,2,8,028599,2,9,32799,32775,00000,00000
BCN,2425,1617,060228,2,8,028599,2,9,32799,32775,00000,00000
BCN,2426,1613,060228,2,8,028599,2,9,32799,32775,00000,00000
BCN,2427,1619,064142,2,8,028837,2,9,32800,32775,00000,00000
BCN,2428,0938,064142,2,8,028837,2,9,32800,32775,00000,00000
BCN,2429,1038,064142,2,8,028837,2,9,32800,32775,00000,00000
BCN,2430,0727,064142,2,8,028837,2,9,32800,32775,00000,00000
BCN,2431,1250,064142,2,8,028837,2,9,32800,32775,00000,00000
BCN,2432,1612,064142,2,8,028837,2,9,32800,32775,00000,00000
BCN,2433,1619,066320,2,9,029001,2,9,32800,32775,00000,00000
BCN,2434,0931,066320,2,9,029001,2,9,32800,32775,00000,00000
BCN,2435,0893,066320,2,9,029001,2,9,32800,32775,00000,00000
BCN,2436,0856,066320,2,9,029001,2,9,32800,32775,00000,00000
BCN,2437,0731,066320,2,9,029001,2,9,32800,32775,00000,00000
BCN,2438,1544,066320,2,9,029001,2,9,32800,32775,00000,00000
BCN,2439,1618,066320,2,9,029001,2,9,32800,32775,00000,00000
BCN,2440,1569,060228,2,8,029148,2,9,32799,32775,00000,00000
BCN,2441,1584,060228,2,8,029148,2,9,32799,32775,00000,00000
BCN,2442,1613,060228,2,8,029148,2,9,32799,32775,00000,00000
BCN,2443,0732,060228,2,8,029148,2,9,32799,32775,00000,00000
BCN,2444,0726,060228,2,8,029148,2,9,32799,32775,00000,00000
BCN,2445,1604,060228,2,8,029148,2,9,32799,32775,00000,00000
BCN,2446,0726,066281,2,9,029007,2,9,32800,32775,00000,00000
BCN,2447,0732,066281,2,9,029007,2,9,32800,32775,00000,00000
BCN,2448,1613,066281,2,9,029007,2,9,32800,32775,00000,00000
BCN,2449,0740,066281,2,9,029007,2,9,32800,32775,00000,00000
BCN,2450,0733,066281,2,9,029007,2,9,32800,32775,00000,00000
BCN,2451,0732,066281,2,9,029007,2,9,32800,32775,00000,00000
BCN,2452,0731,066398,2,9,028755,2,9,32800,32775,00000,00000
BCN,2453,0736,066398,2,9,028755,2,9,32800,32775,00000,00000
BCN,2454,1614,066398,2,9,028755,2,9,32800,32775,00000,00000
BCN,2455,1617,066398,2,9,028755,2,9,32800,32775,00000,00000
BCN,2456,1614,066398,2,9,028755,2,9,32800,32775,00000,00000
BCN,2457,0734,066398,2,9,028755,2,9,32800,32775,00000,00000
BCN,2458,1616,060280,2,8,028501,2,9,32799,32775,00000,00000
BCN,2459,1615,060280,2,8,028501,2,9,32799,32775,00000,00000
BCN,2460,1616,060280,2,8,028501,2,9,32799,32775,00000,00000
BCN,2461,1093,060280,2,8,028501,2,9,32799,32775,00000,00000
BCN,2462,1618,060280,2,8,028501,2,9,32799,32775,00000,00000
BCN,2463,1100,060280,2,8,028501,2,9,32799,32775,00000,00000
BCN,2464,1618,066320,2,9,028018,2,9,32800,32775,00000,00000
BCN,2465,1423,066320,2,9,028018,2,9,32800,32775,00000,00000
BCN,2466,0826,066320,2,9,028018,2,9,32800,32775,00000,00000
BCN,2467,0731,066320,2,9,028018,2,9,32800,32775,00000,00000
BCN,2468,0743,066320,2,9,028018,2,9,32800,32775,00000,00000
BCN,2469,0743,066320,2,9,028018,2,9,32800,32775,00000,00000
BCN,2470,0735,066242,2,9,020648,2,6,32800,32775,00000,00000
BCN,2471,0731,066242,2,9,020648,2,6,32800,32775,00000,00000
BCN,2472,0726,066242,2,9,020648,2,6,32800,32775,00000,00000
BCN,2473,0731,066242,2,9,020648,2,6,32800,32775,00000,00000
BCN,2474,0725,066242,2,9,020648,2,6,32800,32775,00000,00000
BCN,2475,0741,066242,2,9,020648,2,6,32800,32775,00000,00000
BCN,2476,0736,066242,2,9,020648,2,6,32800,32775,00000,00000
BCN,2477,0747,062068,2,8,004942,2,1,32800,32741,00000,00000
BCN,2478,1556,062068,2,8,004942,2,1,32800,32741,00000,00000
BCN,2479,1623,062068,2,8,004942,2,1,32800,32741,00000,00000
BCN,2480,0726,062068,2,8,004942,2,1,32800,32741,00000,00000
BCN,2481,0732,062068,2,8,004942,2,1,32800,32741,00000,00000
BCN,2482,1613,062068,2,8,004942,2,1,32800,32741,00000,00000
BCN,2483,0732,066164,2,9,012223,2,4,32799,32732,00000,00000
BCN,2484,0726,066164,2,9,012223,2,4,32799,32732,00000,00000
BCN,2485,1621,066164,2,9,012223,2,4,32799,32732,00000,00000
BCN,2486,0729,066164,2,9,012223,2,4,32799,32732,00000,00000
BCN,2487,0735,066164,2,9,012223,2,4,32799,32732,00000,00000
BCN,2488,0726,066164,2,9,012223,2,4,32799,32732,00000,00000
BCN,2489,0734,064220,2,8,024134,2,7,32799,32702,00000,00000
BCN,2490,0728,064220,2,8,024134,2,7,32799,32702,00000,00000
BCN,2491,1619,064220,2,8,024134,2,7,32799,32702,00000,00000
BCN,2492,1398,064220,2,8,024134,2,7,32799,32702,00000,00000
BCN,2493,1267,064220,2,8,024134,2,7,32799,32702,00000,00000
BCN,2494,0727,064220,2,8,024134,2,7,32799,32702,00000,00000
BCN,2495,1069,072438,2,9,020939,2,6,32800,32705,00000,00000
BCN,2496,0992,072438,2,9,020939,2,6,32800,32705,00000,00000
BCN,2497,1618,072438,2,9,020939,2,6,32800,32705,00000,00000
BCN,2498,1467,072438,2,9,020939,2,6,32800,32705,00000,00000
BCN,2499,1619,072438,2,9,020939,2,6,32800,32705,00000,00000
BCN,2500,0833,072438,2,9,020939,2,6,32800,32705,00000,00000
BCN,2501,1619,066229,2,9,024705,2,8,32800,32707,00000,00000
BCN,2502,1556,066229,2,9,024705,2,8,32800,32707,00000,00000
BCN,2503,1573,066229,2,9,024705,2,8,32800,32707,00000,00000
BCN,2504,0727,066229,2,9,024705,2,8,32800,32707,00000,00000
BCN,2505,1589,066229,2,9,024705,2,8,32800,32707,00000,00000
BCN,2506,1613,066229,2,9,024705,2,8,32800,32707,00000,00000
BCN,2507,1618,066164,2,9,024940,2,8,32800,32709,00000,00000
BCN,2508,0745,066164,2,9,024940,2,8,32800,32709,00000,00000
BCN,2509,0747,066164,2,9,024940,2,8,32800,32709,00000,00000
BCN,2510,0739,066164,2,9,024940,2,8,32800,32709,00000,00000
BCN,2511,0731,066164,2,9,024940,2,8,32800,32709,00000,00000
BCN,2512,1606,066164,2,9,024940,2,8,32800,32709,00000,00000
BCN,2513,1618,066164,2,9,024940,2,8,32800,32709,00000,00000
BCN,2514,1609,062016,2,8,025045,2,8,32800,32711,00000,00000
BCN,2515,1615,062016,2,8,025045,2,8,32800,32711,00000,00000
BCN,2516,1613,062016,2,8,025045,2,8,32800,32711,00000,00000
BCN,2517,0731,062016,2,8,025045,2,8,32800,32711,00000,00000
BCN,2518,0726,062016,2,8,025045,2,8,32800,32711,00000,00000
BCN,2519,1618,062016,2,8,025045,2,8,32800,32711,00000,00000
BCN,2520,0726,063986,2,8,025027,2,8,32799,32713,00000,00000
BCN,2521,0731,063986,2,8,025027,2,8,32799,32713,00000,00000
BCN,2522,1616,063986,2,8,025027,2,8,32799,32713,00000,00000
BCN,2523,0733,063986,2,8,025027,2,8,32799,32713,00000,00000
BCN,2524,0728,063986,2,8,025027,2,8,32799,32713,00000,00000
BCN,2525,1230,063986,2,8,025027,2,8,32799,32713,00000,00000
BCN,2526,0728,059825,2,8,025304,2,8,32799,32715,00000,00000
BCN,2527,0733,059825,2,8,025304,2,8,32799,32715,00000,00000
BCN,2528,0799,059825,2,8,025304,2,8,32799,32715,00000,00000
BCN,2529,0733,059825,2,8,025304,2,8,32799,32715,00000,00000
BCN,2530,0727,059825,2,8,025304,2,8,32799,32715,00000,00000
BCN,2531,0731,059825,2,8,025304,2,8,32799,32715,00000,00000
BCN,2532,0817,070078,2,9,020926,2,6,32800,32717,00000,00000
BCN,2533,0804,070078,2,9,020926,2,6,32800,32717,00000,00000
BCN,2534,1618,070078,2,9,020926,2,6,32800,32717,00000,00000
BCN,2535,1584,070078,2,9,020926,2,6,32800,32717,00000,00000
BCN,2536,1617,070078,2,9,020926,2,6,32800,32717,00000,00000
BCN,2537,0763,070078,2,9,020926,2,6,32800,32717,00000,00000
BCN,2538,1615,063856,2,8,014935,2,4,32800,32719,00000,00000
BCN,2539,1604,063856,2,8,014935,2,4,32800,32719,00000,00000
BCN,2540,1601,063856,2,8,014935,2,4,32800,32719,00000,00000
BCN,2541,0732,063856,2,8,014935,2,4,32800,32719,00000,00000
BCN,2542,1605,063856,2,8,014935,2,4,32800,32719,00000,00000
BCN,2543,1619,063856,2,8,014935,2,4,32800,32719,00000,00000
BCN,2544,1614,065748,2,9,025615,2,8,32800,32721,00000,00000
BCN,2545,0738,065748,2,9,025615,2,8,32800,32721,00000,00000
BCN,2546,0731,065748,2,9,025615,2,8,32800,32721,00000,00000
BCN,2547,0737,065748,2,9,025615,2,8,32800,32721,00000,00000
BCN,2548,0725,065748,2,9,025615,2,8,32800,32721,00000,00000
BCN,2549,1617,065748,2,9,025615,2,8,32800,32721,00000,00000
BCN,2550,1614,065748,2,9,025615,2,8,32800,32721,00000,00000
BCN,2551,1617,061704,2,8,025296,2,8,32800,32723,00000,00000
BCN,2552,1612,061704,2,8,025296,2,8,32800,32723,00000,00000
BCN,2553,1620,061704,2,8,025296,2,8,32800,32723,00000,00000
BCN,2554,0726,061704,2,8,025296,2,8,32800,32723,00000,00000
BCN,2555,0995,061704,2,8,025296,2,8,32800,32723,00000,00000
BCN,2556,1612,061704,2,8,025296,2,8,32800,32723,00000,00000
BCN,2557,1231,063752,2,8,024878,2,8,32799,32725,00000,00000
BCN,2558,1306,063752,2,8,024878,2,8,32799,32725,00000,00000
BCN,2559,1620,063752,2,8,024878,2,8,32799,32725,00000,00000
BCN,2560,0727,063752,2,8,024878,2,8,32799,32725,00000,00000
BCN,2561,0732,063752,2,8,024878,2,8,32799,32725,00000,00000
BCN,2562,1492,063752,2,8,024878,2,8,32799,32725,00000,00000
BCN,2563,0732,061574,2,8,024535,2,8,32800,32727,00000,00000
BCN,2564,0726,061574,2,8,024535,2,8,32800,32727,00000,00000
BCN,2565,1619,061574,2,8,024535,2,8,32800,32727,00000,00000
BCN,2566,0785,061574,2,8,024535,2,8,32800,32727,00000,00000
BCN,2567,0779,061574,2,8,024535,2,8,32800,32727,00000,00000
BCN,2568,0726,061574,2,8,024535,2,8,32800,32727,00000,00000
BCN,2569,0763,061639,2,8,024124,2,8,32800,32729,00000,00000
BCN,2570,0751,061639,2,8,024124,2,8,32800,32729,00000,00000
BCN,2571,1619,061639,2,8,024124,2,8,32800,32729,00000,00000
BCN,2572,1601,061639,2,8,024124,2,8,32800,32729,00000,00000
BCN,2573,1619,061639,2,8,024124,2,8,32800,32729,00000,00000
BCN,2574,0738,061639,2,8,024124,2,8,32800,32729,00000,00000
BCN,2575,1619,063713,2,8,023712,2,8,32799,32731,00000,00000
BCN,2576,1608,063713,2,8,023712,2,8,32799,32731,00000,00000
BCN,2577,1615,063713,2,8,023712,2,8,32799,32731,00000,00000
BCN,2578,0726,063713,2,8,023712,2,8,32799,32731,00000,00000
BCN,2579,1616,063713,2,8,023712,2,8,32799,32731,00000,00000
BCN,2580,1614,063713,2,8,023712,2,8,32799,32731,00000,00000
BCN,2581,1620,061535,2,8,023736,2,8,32800,32732,00000,00000
BCN,2582,0729,061535,2,8,023736,2,8,32800,32732,00000,00000
BCN,2583,0734,061535,2,8,023736,2,8,32800,32732,00000,00000
BCN,2584,0729,061535,2,8,023736,2,8,32800,32732,00000,00000
BCN,2585,0731,061535,2,8,023736,2,8,32800,32732,00000,00000
BCN,2586,1614,061535,2,8,023736,2,8,32800,32732,00000,00000
BCN,2587,1621,061535,2,8,023736,2,8,32800,32732,00000,00000
BCN,2588,1218,061613,2,8,024359,2,8,32800,32734,00000,00000
BCN,2589,1120,061613,2,8,024359,2,8,32800,32734,00000,00000
BCN,2590,1036,061613,2,8,024359,2,8,32800,32734,00000,00000
BCN,2591,0731,061613,2,8,024359,2,8,32800,32734,00000,00000
BCN,2592,1448,061613,2,8,024359,2,8,32800,32734,00000,00000
BCN,2593,1624,061613,2,8,024359,2,8,32800,32734,00000,00000
BCN,2594,1513,063687,2,8,024736,2,8,32799,32736,00000,00000
BCN,2595,1541,063687,2,8,024736,2,8,32799,32736,00000,00000
BCN,2596,1620,063687,2,8,024736,2,8,32799,32736,00000,00000
BCN,2597,0732,063687,2,8,024736,2,8,32799,32736,00000,00000
BCN,2598,0727,063687,2,8,024736,2,8,32799,32736,00000,00000
BCN,2599,1594,063687,2,8,024736,2,8,32799,32736,00000,00000
BCN,2600,0727,063674,2,8,027396,2,9,32800,32738,00000,00000
BCN,2601,0732,063674,2,8,027396,2,9,32800,32738,00000,00000
BCN,2602,1625,063674,2,8,027396,2,9,32800,32738,00000,00000
BCN,2603,0750,063674,2,8,027396,2,9,32800,32738,00000,00000
BCN,2604,0741,063674,2,8,027396,2,9,32800,32738,00000,00000
BCN,2605,0732,063674,2,8,027396,2,9,32800,32738,00000,00000
BCN,2606,0737,065982,2,9,026976,2,9,32800,32739,00000,00000
BCN,2607,0740,065982,2,9,026976,2,9,32800,32739,00000,00000
BCN,2608,1616,065982,2,9,026976,2,9,32800,32739,00000,00000
BCN,2609,1617,065982,2,9,026976,2,9,32800,32739,00000,00000
BCN,2610,1616,065982,2,9,026976,2,9,32800,32739,00000,00000
BCN,2611,0736,065982,2,9,026976,2,9,32800,32739,00000,00000
BCN,2612,0804,061925,2,8,026372,2,8,32799,32740,00000,00000
BCN,2613,0809,061925,2,8,026372,2,8,32799,32740,00000,00000
BCN,2614,1618,061925,2,8,026372,2,8,32799,32740,00000,00000
BCN,2615,0732,061925,2,8,026372,2,8,32799,32740,00000,00000
BCN,2616,1620,061925,2,8,026372,2,8,32799,32740,00000,00000
BCN,2617,1594,061925,2,8,026372,2,8,32799,32740,00000,00000
BCN,2618,1621,063882,2,8,019288,2,6,32800,32741,00000,00000
BCN,2619,1133,063882,2,8,019288,2,6,32800,32741,00000,00000
BCN,2620,0770,063882,2,8,019288,2,6,32800,32741,00000,00000
BCN,2621,0731,063882,2,8,019288,2,6,32800,32741,00000,00000
BCN,2622,1164,063882,2,8,019288,2,6,32800,32741,00000,00000
BCN,2623,1622,063882,2,8,019288,2,6,32800,32741,00000,00000
BCN,2624,1618,063882,2,8,019288,2,6,32800,32741,00000,00000
BCN,2625,0864,066138,2,9,020806,2,6,32800,32741,00000,00000
BCN,2626,0831,066138,2,9,020806,2,6,32800,32741,00000,00000
BCN,2627,0817,066138,2,9,020806,2,6,32800,32741,00000,00000
BCN,2628,0726,066138,2,9,020806,2,6,32800,32741,00000,00000
BCN,2629,1580,066138,2,9,020806,2,6,32800,32741,00000,00000
BCN,2630,1620,066138,2,9,020806,2,6,32800,32741,00000,00000
BCN,2631,1597,062042,2,8,024086,2,8,32799,32743,00000,00000
BCN,2632,1598,062042,2,8,024086,2,8,32799,32743,00000,00000
BCN,2633,1628,062042,2,8,024086,2,8,32799,32743,00000,00000
BCN,2634,0726,062042,2,8,024086,2,8,32799,32743,00000,00000
BCN,2635,0732,062042,2,8,024086,2,8,32799,32743,00000,00000
BCN,2636,1612,062042,2,8,024086,2,8,32799,32743,00000,00000
BCN,2637,0732,063973,2,8,026409,2,8,32800,32743,00000,00000
BCN,2638,0726,063973,2,8,026409,2,8,32800,32743,00000,00000
BCN,2639,1626,063973,2,8,026409,2,8,32800,32743,00000,00000
BCN,2640,0732,063973,2,8,026409,2,8,32800,32743,00000,00000
BCN,2641,0732,063973,2,8,026409,2,8,32800,32743,00000,00000
BCN,2642,0725,063973,2,8,026409,2,8,32800,32743,00000,00000
BCN,2643,0736,066203,2,9,026884,2,8,32800,32744,00000,00000
BCN,2644,0728,066203,2,9,026884,2,8,32800,32744,00000,00000
BCN,2645,1062,066203,2,9,026884,2,8,32800,32744,00000,00000
BCN,2646,0801,066203,2,9,026884,2,8,32800,32744,00000,00000
BCN,2647,1625,066203,2,9,026884,2,8,32800,32744,00000,00000
BCN,2648,0727,066203,2,9,026884,2,8,32800,32744,00000,00000
BCN,2649,1505,062094,2,8,014716,2,5,32799,32745,00000,00000
BCN,2650,1343,062094,2,8,014716,2,5,32799,32745,00000,00000
BCN,2651,1626,062094,2,8,014716,2,5,32799,32745,00000,00000
BCN,2652,0775,062094,2,8,014716,2,5,32799,32745,00000,00000
BCN,2653,1602,062094,2,8,014716,2,5,32799,32745,00000,00000
BCN,2654,0940,062094,2,8,014716,2,5,32799,32745,00000,00000
BCN,2655,0771,064012,2,8,023697,2,8,32800,32746,00000,00000
BCN,2656,0782,064012,2,8,023697,2,8,32800,32746,00000,00000
BCN,2657,0790,064012,2,8,023697,2,8,32800,32746,00000,00000
BCN,2658,0725,064012,2,8,023697,2,8,32800,32746,00000,00000
BCN,2659,0767,064012,2,8,023697,2,8,32800,32746,00000,00000
BCN,2660,1614,064012,2,8,023697,2,8,32800,32746,00000,00000
BCN,2661,1622,064012,2,8,023697,2,8,32800,32746,00000,00000
BCN,2662,0736,066229,2,9,009331,2,3,32800,32742,00000,00000
BCN,2663,0733,066229,2,9,009331,2,3,32800,32742,00000,00000
BCN,2664,0727,066229,2,9,009331,2,3,32800,32742,00000,00000
BCN,2665,0731,066229,2,9,009331,2,3,32800,32742,00000,00000
BCN,2666,1599,066229,2,9,009331,2,3,32800,32742,00000,00000
BCN,2667,0787,066229,2,9,009331,2,3,32800,32742,00000,00000
BCN,2668,0793,062120,2,8,013548,2,5,32799,32748,00000,00000
BCN,2669,0771,062120,2,8,013548,2,5,32799,32748,00000,00000
BCN,2670,0760,062120,2,8,013548,2,5,32799,32748,00000,00000
BCN,2671,0731,062120,2,8,013548,2,5,32799,32748,00000,00000
BCN,2672,0725,062120,2,8,013548,2,5,32799,32748,00000,00000
BCN,2673,1594,062120,2,8,013548,2,5,32799,32748,00000,00000
BCN,2674,0726,064025,2,8,005598,2,2,32800,32763,00000,00000
BCN,2675,0731,064025,2,8,005598,2,2,32800,32763,00000,00000
BCN,2676,1621,064025,2,8,005598,2,2,32800,32763,00000,00000
BCN,2677,0735,064025,2,8,005598,2,2,32800,32763,00000,00000
BCN,2678,0729,064025,2,8,005598,2,2,32800,32763,00000,00000
BCN,2679,0731,064025,2,8,005598,2,2,32800,32763,00000,00000
BCN,2680,0728,066242,2,9,017391,2,6,32800,32750,00000,00000
BCN,2681,0731,066242,2,9,017391,2,6,32800,32750,00000,00000
BCN,2682,0800,066242,2,9,017391,2,6,32800,32750,00000,00000
BCN,2683,1193,066242,2,9,017391,2,6,32800,32750,00000,00000
BCN,2684,1081,066242,2,9,017391,2,6,32800,32750,00000,00000
BCN,2685,0731,066242,2,9,017391,2,6,32800,32750,00000,00000
BCN,2686,0733,062120,2,8,013605,2,5,32799,32751,00000,00000
BCN,2687,0794,062120,2,8,013605,2,5,32799,32751,00000,00000
BCN,2688,1295,062120,2,8,013605,2,5,32799,32751,00000,00000
BCN,2689,0803,062120,2,8,013605,2,5,32799,32751,00000,00000
BCN,2690,1622,062120,2,8,013605,2,5,32799,32751,00000,00000
BCN,2691,0805,062120,2,8,013605,2,5,32799,32751,00000,00000
BCN,2692,1622,064038,2,8,009954,2,4,32800,32752,00000,00000
BCN,2693,1590,064038,2,8,009954,2,4,32800,32752,00000,00000
BCN,2694,1591,064038,2,8,009954,2,4,32800,32752,00000,00000
BCN,2695,0731,064038,2,8,009954,2,4,32800,32752,00000,00000
BCN,2696,0805,064038,2,8,009954,2,4,32800,32752,00000,00000
BCN,2697,0888,064038,2,8,009954,2,4,32800,32752,00000,00000
BCN,2698,0787,064038,2,8,009954,2,4,32800,32752,00000,00000
BCN,2699,0732,066242,2,9,025229,2,8,32800,32753,00000,00000
BCN,2700,0726,066242,2,9,025229,2,8,32800,32753,00000,00000
BCN,2701,0731,066242,2,9,025229,2,8,32800,32753,00000,00000
BCN,2702,0725,066242,2,9,025229,2,8,32800,32753,00000,00000
BCN,2703,0809,066242,2,9,025229,2,8,32800,32753,00000,00000
BCN,2704,1512,066242,2,9,025229,2,8,32800,32753,00000,00000
BCN,2705,1625,064090,2,8,008443,2,4,32799,32737,00000,00000
BCN,2706,1621,064090,2,8,008443,2,4,32799,32737,00000,00000
BCN,2707,1629,064090,2,8,008443,2,4,32799,32737,00000,00000
BCN,2708,0726,064090,2,8,008443,2,4,32799,32737,00000,00000
BCN,2709,0732,064090,2,8,008443,2,4,32799,32737,00000,00000
BCN,2710,1224,064090,2,8,008443,2,4,32799,32737,00000,00000
BCN,2711,0731,061821,2,8,022477,2,8,32800,32755,00000,00000
BCN,2712,0746,061821,2,8,022477,2,8,32800,32755,00000,00000
BCN,2713,0804,061821,2,8,022477,2,8,32800,32755,00000,00000
BCN,2714,0725,061821,2,8,022477,2,8,32800,32755,00000,00000
BCN,2715,0731,061821,2,8,022477,2,8,32800,32755,00000,00000
BCN,2716,0784,061821,2,8,022477,2,8,32800,32755,00000,00000
BCN,2717,0732,061834,2,8,009369,2,3,32800,32755,00000,00000
BCN,2718,0727,061834,2,8,009369,2,3,32800,32755,00000,00000
BCN,2719,1629,061834,2,8,009369,2,3,32800,32755,00000,00000
BCN,2720,0839,061834,2,8,009369,2,3,32800,32755,00000,00000
BCN,2721,0822,061834,2,8,009369,2,3,32800,32755,00000,00000
BCN,2722,0727,061834,2,8,009369,2,3,32800,32755,00000,00000
BCN,2723,0790,063843,2,8,017851,2,6,32799,32757,00000,00000
BCN,2724,0730,063843,2,8,017851,2,6,32799,32757,00000,00000
BCN,2725,1508,063843,2,8,017851,2,6,32799,32757,00000,00000
BCN,2726,1595,063843,2,8,017851,2,6,32799,32757,00000,00000
BCN,2727,1344,063843,2,8,017851,2,6,32799,32757,00000,00000
BCN,2728,0727,063843,2,8,017851,2,6,32799,32757,00000,00000
BCN,2729,0803,059721,2,8,019250,2,6,32799,32757,00000,00000
BCN,2730,0851,059721,2,8,019250,2,6,32799,32757,00000,00000
BCN,2731,1617,059721,2,8,019250,2,6,32799,32757,00000,00000
BCN,2732,0726,059721,2,8,019250,2,6,32799,32757,00000,00000
BCN,2733,1621,059721,2,8,019250,2,6,32799,32757,00000,00000
BCN,2734,1622,059721,2,8,019250,2,6,32799,32757,00000,00000
BCN,2735,1360,059721,2,8,019250,2,6,32799,32757,00000,00000
BCN,2736,0731,059682,2,8,014143,2,5,32800,32758,00000,00000
BCN,2737,0731,059682,2,8,014143,2,5,32800,32758,00000,00000
BCN,2738,0729,059682,2,8,014143,2,5,32800,32758,00000,00000
BCN,2739,0731,059682,2,8,014143,2,5,32800,32758,00000,00000
BCN,2740,1619,059682,2,8,014143,2,5,32800,32758,00000,00000
BCN,2741,1624,059682,2,8,014143,2,5,32800,32758,00000,00000
BCN,2742,0795,061756,2,8,018639,2,6,32800,32759,00000,00000
BCN,2743,0876,061756,2,8,018639,2,6,32800,32759,00000,00000
BCN,2744,0835,061756,2,8,018639,2,6,32800,32759,00000,00000
BCN,2745,0731,061756,2,8,018639,2,6,32800,32759,00000,00000
BCN,2746,1262,061756,2,8,018639,2,6,32800,32759,00000,00000
BCN,2747,1619,061756,2,8,018639,2,6,32800,32759,00000,00000
BCN,2748,1400,063804,2,8,019068,2,7,32799,32760,00000,00000
BCN,2749,1448,063804,2,8,019068,2,7,32799,32760,00000,00000
BCN,2750,1242,063804,2,8,019068,2,7,32799,32760,00000,00000
BCN,2751,0732,063804,2,8,019068,2,7,32799,32760,00000,00000
BCN,2752,0727,063804,2,8,019068,2,7,32799,32760,00000,00000
BCN,2753,1555,063804,2,8,019068,2,7,32799,32760,00000,00000
BCN,2754,0727,059682,2,8,020758,2,7,32799,32761,00000,00000
BCN,2755,0732,059682,2,8,020758,2,7,32799,32761,00000,00000
BCN,2756,1618,059682,2,8,020758,2,7,32799,32761,00000,00000
BCN,2757,0766,059682,2,8,020758,2,7,32799,32761,00000,00000
BCN,2758,0755,059682,2,8,020758,2,7,32799,32761,00000,00000
BCN,2759,0732,059682,2,8,020758,2,7,32799,32761,00000,00000
BCN,2760,0745,069974,2,9,028058,2,9,32800,32762,00000,00000
BCN,2761,0747,069974,2,9,028058,2,9,32800,32762,00000,00000
BCN,2762,1613,069974,2,9,028058,2,9,32800,32762,00000,00000
BCN,2763,1611,069974,2,9,028058,2,9,32800,32762,00000,00000
BCN,2764,1613,069974,2,9,028058,2,9,32800,32762,00000,00000
BCN,2765,0739,069974,2,9,028058,2,9,32800,32762,00000,00000
BCN,2766,1613,063778,2,8,027824,2,9,32800,32763,00000,00000
BCN,2767,1614,063778,2,8,027824,2,9,32800,32763,00000,00000
BCN,2768,1609,063778,2,8,027824,2,9,32800,32763,00000,00000
BCN,2769,0731,063778,2,8,027824,2,9,32800,32763,00000,00000
BCN,2770,1609,063778,2,8,027824,2,9,32800,32763,00000,00000
BCN,2771,1617,063778,2,8,027824,2,9,32800,32763,00000,00000
BCN,2772,1612,063778,2,8,027824,2,9,32800,32763,00000,00000
BCN,2773,0733,067822,2,9,027569,2,9,32800,32764,00000,00000
BCN,2774,0728,067822,2,9,027569,2,9,32800,32764,00000,00000
BCN,2775,0734,067822,2,9,027569,2,9,32800,32764,00000,00000
BCN,2776,1086,067822,2,9,027569,2,9,32800,32764,00000,00000
BCN,2777,1615,067822,2,9,027569,2,9,32800,32764,00000,00000
BCN,2778,1611,067822,2,9,027569,2,9,32800,32764,00000,00000
BCN,2779,1023,061717,2,8,027127,2,9,32800,32765,00000,00000
BCN,2780,0959,061717,2,8,027127,2,9,32800,32765,00000,00000
BCN,2781,0919,061717,2,8,027127,2,9,32800,32765,00000,00000
BCN,2782,0726,061717,2,8,027127,2,9,32800,32765,00000,00000
BCN,2783,1514,061717,2,8,027127,2,9,32800,32765,00000,00000
BCN,2784,1610,061717,2,8,027127,2,9,32800,32765,00000,00000
BCN,2785,1551,065904,2,9,026495,2,9,32799,32766,00000,00000
BCN,2786,1560,065904,2,9,026495,2,9,32799,32766,00000,00000
BCN,2787,1616,065904,2,9,026495,2,9,32799,32766,00000,00000
BCN,2788,0726,065904,2,9,026495,2,9,32799,32766,00000,00000
BCN,2789,0732,065904,2,9,026495,2,9,32799,32766,00000,00000
BCN,2790,1590,065904,2,9,026495,2,9,32799,32766,00000,00000
BCN,2791,0731,066151,2,9,025971,2,8,32799,32767,00000,00000
BCN,2792,0726,066151,2,9,025971,2,8,32799,32767,00000,00000
BCN,2793,1616,066151,2,9,025971,2,8,32799,32767,00000,00000
BCN,2794,0738,066151,2,9,025971,2,8,32799,32767,00000,00000
BCN,2795,0741,066151,2,9,025971,2,8,32799,32767,00000,00000
BCN,2796,0726,066151,2,9,025971,2,8,32799,32767,00000,00000
BCN,2797,0738,072347,2,9,025466,2,8,32800,32768,00000,00000
BCN,2798,0732,072347,2,9,025466,2,8,32800,32768,00000,00000
BCN,2799,1619,072347,2,9,025466,2,8,32800,32768,00000,00000
BCN,2800,1611,072347,2,9,025466,2,8,32800,32768,00000,00000
BCN,2801,1619,072347,2,9,025466,2,8,32800,32768,00000,00000
BCN,2802,0730,072347,2,9,025466,2,8,32800,32768,00000,00000
BCN,2803,1619,068121,2,9,028975,2,9,32800,32768,00000,00000
BCN,2804,1613,068121,2,9,028975,2,9,32800,32768,00000,00000
BCN,2805,1618,068121,2,9,028975,2,9,32800,32768,00000,00000
BCN,2806,0793,068121,2,9,028975,2,9,32800,32768,00000,00000
BCN,2807,1619,068121,2,9,028975,2,9,32800,32768,00000,00000
BCN,2808,1282,068121,2,9,028975,2,9,32800,32768,00000,00000
BCN,2809,1622,068121,2,9,028975,2,9,32800,32768,00000,00000
BCN,2810,1308,066242,2,9,028697,2,9,32800,32768,00000,00000
BCN,2811,1380,066242,2,9,028697,2,9,32800,32768,00000,00000
BCN,2812,0728,066242,2,9,028697,2,9,32800,32768,00000,00000
BCN,2813,1469,066242,2,9,028697,2,9,32800,32768,00000,00000
BCN,2814,1618,066242,2,9,028697,2,9,32800,32768,00000,00000
BCN,2815,1623,066242,2,9,028697,2,9,32800,32768,00000,00000
BCN,2816,0819,062120,2,8,028518,2,9,32799,32768,00000,00000
BCN,2817,0806,062120,2,8,028518,2,9,32799,32768,00000,00000
BCN,2818,0731,062120,2,8,028518,2,9,32799,32768,00000,00000
BCN,2819,0730,062120,2,8,028518,2,9,32799,32768,00000,00000
BCN,2820,0740,062120,2,8,028518,2,9,32799,32768,00000,00000
BCN,2821,0741,062120,2,8,028518,2,9,32799,32768,00000,00000
BCN,2822,0734,064038,2,8,022119,2,7,32800,32768,00000,00000
BCN,2823,0739,064038,2,8,022119,2,7,32800,32768,00000,00000
BCN,2824,0736,064038,2,8,022119,2,7,32800,32768,00000,00000
BCN,2825,0730,064038,2,8,022119,2,7,32800,32768,00000,00000
BCN,2826,0726,064038,2,8,022119,2,7,32800,32768,00000,00000
BCN,2827,0740,064038,2,8,022119,2,7,32800,32768,00000,00000
BCN,2828,0726,066242,2,9,004042,2,1,32800,32735,00000,00000
BCN,2829,0730,066242,2,9,004042,2,1,32800,32735,00000,00000
BCN,2830,0735,066242,2,9,004042,2,1,32800,32735,00000,00000
BCN,2831,0730,066242,2,9,004042,2,1,32800,32735,00000,00000
BCN,2832,0726,066242,2,9,004042,2,1,32800,32735,00000,00000
BCN,2833,0730,066242,2,9,004042,2,1,32800,32735,00000,00000
BCN,2834,0726,062133,2,8,000888,2,0,32799,32753,00000,00000
BCN,2835,0730,062133,2,8,000888,2,0,32799,32753,00000,00000
BCN,2836,0735,062133,2,8,000888,2,0,32799,32753,00000,00000
BCN,2837,0739,062133,2,8,000888,2,0,32799,32753,00000,00000
BCN,2838,0733,062133,2,8,000888,2,0,32799,32753,00000,00000
BCN,2839,0730,062133,2,8,000888,2,0,32799,32753,00000,00000
BCN,2840,0731,064038,2,8,000342,0,0,32800,32775,00000,00000
BCN,2841,0734,064038,2,8,000342,0,0,32800,32775,00000,00000
BCN,2842,0734,064038,2,8,000342,0,0,32800,32775,00000,00000
BCN,2843,0736,064038,2,8,000342,0,0,32800,32775,00000,00000
BCN,2844,0734,064038,2,8,000342,0,0,32800,32775,00000,00000
BCN,2845,0732,064038,2,8,000342,0,0,32800,32775,00000,00000
BCN,2846,0734,064038,2,8,000342,0,0,32800,32775,00000,00000
BCN,2847,0737,066242,2,9,000409,0,0,32800,32775,00000,00000
BCN,2848,0733,066242,2,9,000409,0,0,32800,32775,00000,00000
BCN,2849,0730,066242,2,9,000409,0,0,32800,32775,00000,00000
BCN,2850,0733,066242,2,9,000409,0,0,32800,32775,00000,00000
BCN,2851,0738,066242,2,9,000409,0,0,32800,32775,00000,00000
BCN,2852,0734,066242,2,9,000409,0,0,32800,32775,00000,00000
BCN,2853,0730,064090,2,8,000338,0,0,32799,32775,00000,00000
BCN,2854,0726,064090,2,8,000338,0,0,32799,32775,00000,00000
BCN,2855,0730,064090,2,8,000338,0,0,32799,32775,00000,00000
BCN,2856,0726,064090,2,8,000338,0,0,32799,32775,00000,00000
BCN,2857,0738,064090,2,8,000338,0,0,32799,32775,00000,00000
BCN,2858,0734,064090,2,8,000338,0,0,32799,32775,00000,00000
BCN,2859,0738,061821,2,8,000288,0,0,32800,32775,00000,00000
BCN,2860,0734,061821,2,8,000288,0,0,32800,32775,00000,00000
BCN,2861,0738,061821,2,8,000288,0,0,32800,32775,00000,00000
BCN,2862,0726,061821,2,8,000288,0,0,32800,32775,00000,00000
BCN,2863,0730,061821,2,8,000288,0,0,32800,32775,00000,00000
BCN,2864,0734,061821,2,8,000288,0,0,32800,32775,00000,00000
BCN,2865,0730,063973,2,8,000299,0,0,32800,32775,00000,00000
BCN,2866,0726,063973,2,8,000299,0,0,32800,32775,00000,00000
BCN,2867,0738,063973,2,8,000299,0,0,32800,32775,00000,00000
BCN,2868,0726,063973,2,8,000299,0,0,32800,32775,00000,00000
BCN,2869,0730,063973,2,8,000299,0,0,32800,32775,00000,00000
BCN,2870,0728,063973,2,8,000299,0,0,32800,32775,00000,00000
BCN,2871,0730,063921,2,8,000332,0,0,32799,32775,00000,00000
BCN,2872,0726,063921,2,8,000332,0,0,32799,32775,00000,00000
BCN,2873,0738,063921,2,8,000332,0,0,32799,32775,00000,00000
BCN,2874,0729,063921,2,8,000332,0,0,32799,32775,00000,00000
BCN,2875,0732,063921,2,8,000332,0,0,32799,32775,00000,00000
BCN,2876,0726,063921,2,8,000332,0,0,32799,32775,00000,00000
BCN,2877,0731,061691,2,8,000298,0,1,32800,32775,00000,00000
BCN,2878,0727,061691,2,8,000298,0,1,32800,32775,00000,00000
BCN,2879,0738,061691,2,8,000298,0,1,32800,32775,00000,00000
BCN,2880,0734,061691,2,8,000298,0,1,32800,32775,00000,00000
BCN,2881,0737,061691,2,8,000298,0,1,32800,32775,00000,00000
BCN,2882,0727,061691,2,8,000298,0,1,32800,32775,00000,00000
BCN,2883,0737,061691,2,8,000298,0,1,32800,32775,00000,00000
BCN,2884,0734,061743,2,8,000248,0,1,32800,32775,00000,00000
BCN,2885,0737,061743,2,8,000248,0,1,32800,32775,00000,00000
BCN,2886,0726,061743,2,8,000248,0,1,32800,32775,00000,00000
BCN,2887,0737,061743,2,8,000248,0,1,32800,32775,00000,00000
BCN,2888,0734,061743,2,8,000248,0,1,32800,32775,00000,00000
BCN,2889,0738,061743,2,8,000248,0,1,32800,32775,00000,00000
BCN,2890,0726,063778,2,8,000266,0,1,32799,32775,00000,00000
BCN,2891,0730,063778,2,8,000266,0,1,32799,32775,00000,00000
BCN,2892,0726,063778,2,8,000266,0,1,32799,32775,00000,00000
BCN,2893,0730,063778,2,8,000266,0,1,32799,32775,00000,00000
BCN,2894,0734,063778,2,8,000266,0,1,32799,32775,00000,00000
BCN,2895,0737,063778,2,8,000266,0,1,32799,32775,00000,00000
BCN,2896,0734,059669,2,8,000297,0,2,32799,32775,00000,00000
BCN,2897,0738,059669,2,8,000297,0,2,32799,32775,00000,00000
BCN,2898,0734,059669,2,8,000297,0,2,32799,32775,00000,00000
BCN,2899,0730,059669,2,8,000297,0,2,32799,32775,00000,00000
BCN,2900,0726,059669,2,8,000297,0,2,32799,32775,00000,00000
BCN,2901,0738,059669,2,8,000297,0,2,32799,32775,00000,00000
BCN,2902,0729,069961,2,9,000270,0,2,32800,32775,00000,00000
BCN,2903,0734,069961,2,9,000270,0,2,32800,32775,00000,00000
BCN,2904,0734,069961,2,9,000270,0,2,32800,32775,00000,00000
BCN,2905,0730,069961,2,9,000270,0,2,32800,32775,00000,00000
BCN,2906,0726,069961,2,9,000270,0,2,32800,32775,00000,00000
BCN,2907,0736,069961,2,9,000270,0,2,32800,32775,00000,00000
BCN,2908,0726,063765,2,8,000218,0,3,32800,32775,00000,00000
BCN,2909,0730,063765,2,8,000218,0,3,32800,32775,00000,00000
BCN,2910,0734,063765,2,8,000218,0,3,32800,32775,00000,00000
BCN,2911,0730,063765,2,8,000218,0,3,32800,32775,00000,00000
BCN,2912,0727,063765,2,8,000218,0,3,32800,32775,00000,00000
BCN,2913,0730,063765,2,8,000218,0,3,32800,32775,00000,00000
BCN,2914,0727,067809,2,9,000231,0,3,32800,32775,00000,00000
BCN,2915,0730,067809,2,9,000231,0,3,32800,32775,00000,00000
BCN,2916,0734,067809,2,9,000231,0,3,32800,32775,00000,00000
BCN,2917,0737,067809,2,9,000231,0,3,32800,32775,00000,00000
BCN,2918,0734,067809,2,9,000231,0,3,32800,32775,00000,00000
BCN,2919,0730,067809,2,9,000231,0,3,32800,32775,00000,00000
BCN,2920,0734,067809,2,9,000231,0,3,32800,32775,00000,00000
BCN,2921,0737,061717,2,8,000262,0,4,32800,32775,00000,00000
BCN,2922,0734,061717,2,8,000262,0,4,32800,32775,00000,00000
BCN,2923,0729,061717,2,8,000262,0,4,32800,32775,00000,00000
BCN,2924,0734,061717,2,8,000262,0,4,32800,32775,00000,00000
BCN,2925,0737,061717,2,8,000262,0,4,32800,32775,00000,00000
BCN,2926,0734,061717,2,8,000262,0,4,32800,32775,00000,00000
BCN,2927,0729,063765,2,8,000243,0,4,32799,32775,00000,00000
BCN,2928,0727,063765,2,8,000243,0,4,32799,32775,00000,00000
BCN,2929,0729,063765,2,8,000243,0,4,32799,32775,00000,00000
BCN,2930,0727,063765,2,8,000243,0,4,32799,32775,00000,00000
BCN,2931,0737,063765,2,8,000243,0,4,32799,32775,00000,00000
BCN,2932,0735,063765,2,8,000243,0,4,32799,32775,00000,00000
BCN,2933,0735,061574,2,8,000205,0,4,32800,32775,00000,00000
BCN,2934,0732,061574,2,8,000205,0,4,32800,32775,00000,00000
BCN,2935,0733,061574,2,8,000205,0,4,32800,32775,00000,00000
BCN,2936,0727,061574,2,8,000205,0,4,32800,32775,00000,00000
BCN,2937,0734,061574,2,8,000205,0,4,32800,32775,00000,00000
BCN,2938,0735,061574,2,8,000205,0,4,32800,32775,00000,00000
BCN,2939,0735,063804,2,8,000193,0,4,32800,32775,00000,00000
BCN,2940,0734,063804,2,8,000193,0,4,32800,32775,00000,00000
BCN,2941,0736,063804,2,8,000193,0,4,32800,32775,00000,00000
BCN,2942,0727,063804,2,8,000193,0,4,32800,32775,00000,00000
BCN,2943,0729,063804,2,8,000193,0,4,32800,32775,00000,00000
BCN,2944,0735,063804,2,8,000193,0,4,32800,32775,00000,00000
BCN,2945,0728,063791,2,8,000238,0,4,32799,32775,00000,00000
BCN,2946,0728,063791,2,8,000238,0,4,32799,32775,00000,00000
BCN,2947,0736,063791,2,8,000238,0,4,32799,32775,00000,00000
BCN,2948,0728,063791,2,8,000238,0,4,32799,32775,00000,00000
BCN,2949,0729,063791,2,8,000238,0,4,32799,32775,00000,00000
BCN,2950,0728,063791,2,8,000238,0,4,32799,32775,00000,00000
BCN,2951,0728,063752,2,8,000291,2,6,32800,32775,00000,00000
BCN,2952,0728,063752,2,8,000291,2,6,32800,32775,00000,00000
BCN,2953,0736,063752,2,8,000291,2,6,32800,32775,00000,00000
BCN,2954,0735,063752,2,8,000291,2,6,32800,32775,00000,00000
BCN,2955,0736,063752,2,8,000291,2,6,32800,32775,00000,00000
BCN,2956,0728,063752,2,8,000291,2,6,32800,32775,00000,00000
BCN,2957,0736,063752,2,8,000291,2,6,32800,32775,00000,00000
BCN,2958,0736,066034,2,9,000244,2,5,32800,32775,00000,00000
BCN,2959,0735,066034,2,9,000244,2,5,32800,32775,00000,00000
BCN,2960,0728,066034,2,9,000244,2,5,32800,32775,00000,00000
BCN,2961,0736,066034,2,9,000244,2,5,32800,32775,00000,00000
BCN,2962,0736,066034,2,9,000244,2,5,32800,32775,00000,00000
BCN,2963,0735,066034,2,9,000244,2,5,32800,32775,00000,00000
BCN,2964,0731,061964,2,8,000211,2,4,32799,32775,00000,00000
BCN,2965,0731,061964,2,8,000211,2,4,32799,32775,00000,00000
BCN,2966,0728,061964,2,8,000211,2,4,32799,32775,00000,00000
BCN,2967,0733,061964,2,8,000211,2,4,32799,32775,00000,00000
BCN,2968,0736,061964,2,8,000211,2,4,32799,32775,00000,00000
BCN,2969,0735,061964,2,8,000211,2,4,32799,32775,00000,00000
BCN,2970,0730,063921,2,8,000252,2,5,32800,32775,00000,00000
BCN,2971,0729,063921,2,8,000252,2,5,32800,32775,00000,00000
BCN,2972,0729,063921,2,8,000252,2,5,32800,32775,00000,00000
BCN,2973,0728,063921,2,8,000252,2,5,32800,32775,00000,00000
BCN,2974,0736,063921,2,8,000252,2,5,32800,32775,00000,00000
BCN,2975,0735,063921,2,8,000252,2,5,32800,32775,00000,00000
BCN,2976,0736,066164,2,9,000286,2,6,32800,32775,00000,00000
BCN,2977,0735,066164,2,9,000286,2,6,32800,32775,00000,00000
BCN,2978,0736,066164,2,9,000286,2,6,32800,32775,00000,00000
BCN,2979,0728,066164,2,9,000286,2,6,32800,32775,00000,00000
BCN,2980,0729,066164,2,9,000286,2,6,32800,32775,00000,00000
BCN,2981,0735,066164,2,9,000286,2,6,32800,32775,00000,00000
BCN,2982,0729,060098,2,8,000241,2,5,32799,32775,00000,00000
BCN,2983,0727,060098,2,8,000241,2,5,32799,32775,00000,00000
BCN,2984,0737,060098,2,8,000241,2,5,32799,32775,00000,00000
BCN,2985,0727,060098,2,8,000241,2,5,32799,32775,00000,00000
BCN,2986,0729,060098,2,8,000241,2,5,32799,32775,00000,00000
BCN,2987,0727,060098,2,8,000241,2,5,32799,32775,00000,00000
BCN,2988,0729,064051,2,8,000211,2,5,32800,32775,00000,00000
BCN,2989,0727,064051,2,8,000211,2,5,32800,32775,00000,00000
BCN,2990,0736,064051,2,8,000211,2,5,32800,32775,00000,00000
BCN,2991,0734,064051,2,8,000211,2,5,32800,32775,00000,00000
BCN,2992,0736,064051,2,8,000211,2,5,32800,32775,00000,00000
BCN,2993,0727,064051,2,8,000211,2,5,32800,32775,00000,00000
BCN,2994,0736,064051,2,8,000211,2,5,32800,32775,00000,00000
BCN,2995,0733,066255,2,9,000242,2,5,32800,32775,00000,00000
BCN,2996,0737,066255,2,9,000242,2,5,32800,32775,00000,00000
BCN,2997,0731,066255,2,9,000242,2,5,32800,32775,00000,00000
BCN,2998,0737,066255,2,9,000242,2,5,32800,32775,00000,00000
BCN,2999,0729,066255,2,9,000242,2,5,32800,32775,00000,00000
BCN,3000,0735,066255,2,9,000242,2,5,32800,32775,00000,00000
BCN,3001,0733,062133,2,8,000257,2,5,32799,32775,00000,00000
BCN,3002,0736,062133,2,8,000257,2,5,32799,32775,00000,00000
BCN,3003,0727,062133,2,8,000257,2,5,32799,32775,00000,00000
BCN,3004,0736,062133,2,8,000257,2,5,32799,32775,00000,00000
BCN,3005,0734,062133,2,8,000257,2,5,32799,32775,00000,00000
BCN,3006,0737,062133,2,8,000257,2,5,32799,32775,00000,00000
BCN,3007,0727,064038,2,8,000225,2,5,32800,32774,00000,00000
BCN,3008,0729,064038,2,8,000225,2,5,32800,32774,00000,00000
BCN,3009,0727,064038,2,8,000225,2,5,32800,32774,00000,00000
BCN,3010,0729,064038,2,8,000225,2,5,32800,32774,00000,00000
BCN,3011,0734,064038,2,8,000225,2,5,32800,32774,00000,00000
BCN,3012,0737,064038,2,8,000225,2,5,32800,32774,00000,00000
BCN,3013,0734,066255,2,9,000192,2,4,32800,32774,00000,00000
BCN,3014,0737,066255,2,9,000192,2,4,32800,32774,00000,00000
BCN,3015,0734,066255,2,9,000192,2,4,32800,32774,00000,00000
BCN,3016,0730,066255,2,9,000192,2,4,32800,32774,00000,00000
BCN,3017,0726,066255,2,9,000192,2,4,32800,32774,00000,00000
BCN,3018,0737,066255,2,9,000192,2,4,32800,32774,00000,00000
BCN,3019,0727,060163,2,8,000209,2,4,32799,32775,00000,00000
BCN,3020,0729,060163,2,8,000209,2,4,32799,32775,00000,00000
BCN,3021,0734,060163,2,8,000209,2,4,32799,32775,00000,00000
BCN,3022,0730,060163,2,8,000209,2,4,32799,32775,00000,00000
BCN,3023,0726,060163,2,8,000209,2,4,32799,32775,00000,00000
BCN,3024,0730,060163,2,8,000209,2,4,32799,32775,00000,00000
BCN,3025,0726,064103,2,8,000239,2,5,32800,32774,00000,00000
BCN,3026,0730,064103,2,8,000239,2,5,32800,32774,00000,00000
BCN,3027,0734,064103,2,8,000239,2,5,32800,32774,00000,00000
BCN,3028,0734,064103,2,8,000239,2,5,32800,32774,00000,00000
BCN,3029,0730,064103,2,8,000239,2,5,32800,32774,00000,00000
BCN,3030,0730,064103,2,8,000239,2,5,32800,32774,00000,00000
BCN,3031,0728,064103,2,8,000239,2,5,32800,32774,00000,00000
BCN,3032,0731,066294,2,9,000267,2,6,32800,32774,00000,00000
BCN,3033,0734,066294,2,9,000267,2,6,32800,32774,00000,00000
BCN,3034,0736,066294,2,9,000267,2,6,32800,32774,00000,00000
BCN,3035,0733,066294,2,9,000267,2,6,32800,32774,00000,00000
BCN,3036,0730,066294,2,9,000267,2,6,32800,32774,00000,00000
BCN,3037,0733,066294,2,9,000267,2,6,32800,32774,00000,00000
BCN,3038,0737,060202,2,8,000225,2,5,32799,32774,00000,00000
BCN,3039,0733,060202,2,8,000225,2,5,32799,32774,00000,00000
BCN,3040,0730,060202,2,8,000225,2,5,32799,32774,00000,00000
BCN,3041,0733,060202,2,8,000225,2,5,32799,32774,00000,00000
BCN,3042,0738,060202,2,8,000225,2,5,32799,32774,00000,00000
BCN,3043,0733,060202,2,8,000225,2,5,32799,32774,00000,00000
BCN,3044,0730,064129,2,8,000208,2,5,32800,32774,00000,00000
BCN,3045,0726,064129,2,8,000208,2,5,32800,32774,00000,00000
BCN,3046,0730,064129,2,8,000208,2,5,32800,32774,00000,00000
BCN,3047,0726,064129,2,8,000208,2,5,32800,32774,00000,00000
BCN,3048,0738,064129,2,8,000208,2,5,32800,32774,00000,00000
BCN,3049,0733,064129,2,8,000208,2,5,32800,32774,00000,00000
BCN,3050,0738,066320,2,9,000258,2,5,32800,32774,00000,00000
BCN,3051,0733,066320,2,9,000258,2,5,32800,32774,00000,00000
BCN,3052,0738,066320,2,9,000258,2,5,32800,32774,00000,00000
BCN,3053,0726,066320,2,9,000258,2,5,32800,32774,00000,00000
BCN,3054,0730,066320,2,9,000258,2,5,32800,32774,00000,00000
BCN,3055,0733,066320,2,9,000258,2,5,32800,32774,00000,00000
BCN,3056,0730,060215,2,8,000284,2,6,32799,32774,00000,00000
BCN,3057,0725,060215,2,8,000284,2,6,32799,32774,00000,00000
BCN,3058,0741,060215,2,8,000284,2,6,32799,32774,00000,00000
BCN,3059,0726,060215,2,8,000284,2,6,32799,32774,00000,00000
BCN,3060,0732,060215,2,8,000284,2,6,32799,32774,00000,00000
BCN,3061,1313,060215,2,8,000284,2,6,32799,32774,00000,00000
BCN,3062,0733,064142,2,8,004208,2,2,32800,32804,00000,00000
BCN,3063,0727,064142,2,8,004208,2,2,32800,32804,00000,00000
BCN,3064,1622,064142,2,8,004208,2,2,32800,32804,00000,00000
BCN,3065,0860,064142,2,8,004208,2,2,32800,32804,00000,00000
BCN,3066,0839,064142,2,8,004208,2,2,32800,32804,00000,00000
BCN,3067,0726,064142,2,8,004208,2,2,32800,32804,00000,00000
BCN,3068,0800,064142,2,8,004208,2,2,32800,32804,00000,00000
BCN,3069,0779,066320,2,9,024570,2,7,32800,32773,00000,00000
BCN,3070,1618,066320,2,9,024570,2,7,32800,32773,00000,00000
BCN,3071,1583,066320,2,9,024570,2,7,32800,32773,00000,00000
BCN,3072,1617,066320,2,9,024570,2,7,32800,32773,00000,00000
BCN,3073,0749,066320,2,9,024570,2,7,32800,32773,00000,00000
BCN,3074,1618,066320,2,9,024570,2,7,32800,32773,00000,00000
BCN,3075,1599,060228,2,8,028122,2,8,32799,32773,00000,00000
BCN,3076,1608,060228,2,8,028122,2,8,32799,32773,00000,00000
BCN,3077,0726,060228,2,8,028122,2,8,32799,32773,00000,00000
BCN,3078,1611,060228,2,8,028122,2,8,32799,32773,00000,00000
BCN,3079,1610,060228,2,8,028122,2,8,32799,32773,00000,00000
BCN,3080,1617,060228,2,8,028122,2,8,32799,32773,00000,00000
BCN,3081,0730,064142,2,8,027544,2,8,32800,32773,00000,00000
BCN,3082,0736,064142,2,8,027544,2,8,32800,32773,00000,00000
BCN,3083,0729,064142,2,8,027544,2,8,32800,32773,00000,00000
BCN,3084,0731,064142,2,8,027544,2,8,32800,32773,00000,00000
BCN,3085,1608,064142,2,8,027544,2,8,32800,32773,00000,00000
BCN,3086,1617,064142,2,8,027544,2,8,32800,32773,00000,00000
BCN,3087,1608,066320,2,9,026714,2,8,32800,32773,00000,00000
BCN,3088,1567,066320,2,9,026714,2,8,32800,32773,00000,00000
BCN,3089,1399,066320,2,9,026714,2,8,32800,32773,00000,00000
BCN,3090,0732,066320,2,9,026714,2,8,32800,32773,00000,00000
BCN,3091,1236,066320,2,9,026714,2,8,32800,32773,00000,00000
BCN,3092,1616,066320,2,9,026714,2,8,32800,32773,00000,00000
BCN,3093,1383,062185,2,8,025718,2,8,32799,32773,00000,00000
BCN,3094,1441,062185,2,8,025718,2,8,32799,32773,00000,00000
BCN,3095,1609,062185,2,8,025718,2,8,32799,32773,00000,00000
BCN,3096,0733,062185,2,8,025718,2,8,32799,32773,00000,00000
BCN,3097,0725,062185,2,8,025718,2,8,32799,32773,00000,00000
BCN,3098,1549,062185,2,8,025718,2,8,32799,32773,00000,00000
BCN,3099,0725,064077,2,8,024711,2,8,32800,32773,00000,00000
BCN,3100,0733,064077,2,8,024711,2,8,32800,32773,00000,00000
BCN,3101,1609,064077,2,8,024711,2,8,32800,32773,00000,00000
BCN,3102,0766,064077,2,8,024711,2,8,32800,32773,00000,00000
BCN,3103,0752,064077,2,8,024711,2,8,32800,32773,00000,00000
BCN,3104,0733,064077,2,8,024711,2,8,32800,32773,00000,00000
BCN,3105,0743,064077,2,8,024711,2,8,32800,32773,00000,00000
BCN,3106,0748,066281,2,9,026095,2,8,32800,32772,00000,00000
BCN,3107,1609,066281,2,9,026095,2,8,32800,32772,00000,00000
BCN,3108,1611,066281,2,9,026095,2,8,32800,32772,00000,00000
BCN,3109,1609,066281,2,9,026095,2,8,32800,32772,00000,00000
BCN,3110,0740,066281,2,9,026095,2,8,32800,32772,00000,00000
BCN,3111,1610,066281,2,9,026095,2,8,32800,32772,00000,00000
BCN,3112,1616,062159,2,8,027164,2,9,32799,32772,00000,00000
BCN,3113,1608,062159,2,8,027164,2,9,32799,32772,00000,00000
BCN,3114,0734,062159,2,8,027164,2,9,32799,32772,00000,00000
BCN,3115,1610,062159,2,8,027164,2,9,32799,32772,00000,00000
BCN,3116,1624,062159,2,8,027164,2,9,32799,32772,00000,00000
BCN,3117,1616,062159,2,8,027164,2,9,32799,32772,00000,00000
BCN,3118,0736,064051,2,8,028243,2,9,32800,32772,00000,00000
BCN,3119,0896,064051,2,8,028243,2,9,32800,32772,00000,00000
BCN,3120,0737,064051,2,8,028243,2,9,32800,32772,00000,00000
BCN,3121,1135,064051,2,8,028243,2,9,32800,32772,00000,00000
BCN,3122,1634,064051,2,8,028243,2,9,32800,32772,00000,00000
BCN,3123,1625,064051,2,8,028243,2,9,32800,32772,00000,00000
BCN,3124,1000,066255,2,9,028910,2,9,32800,32772,00000,00000
BCN,3125,0934,066255,2,9,028910,2,9,32800,32772,00000,00000
BCN,3126,0902,066255,2,9,028910,2,9,32800,32772,00000,00000
BCN,3127,0723,066255,2,9,028910,2,9,32800,32772,00000,00000
BCN,3128,1310,066255,2,9,028910,2,9,32800,32772,00000,00000
BCN,3129,0806,066255,2,9,028910,2,9,32800,32772,00000,00000
BCN,3130,0785,062146,2,8,029483,2,9,32799,32772,00000,00000
BCN,3131,0765,062146,2,8,029483,2,9,32799,32772,00000,00000
BCN,3132,0768,062146,2,8,029483,2,9,32799,32772,00000,00000
BCN,3133,0722,062146,2,8,029483,2,9,32799,32772,00000,00000
BCN,3134,0734,062146,2,8,029483,2,9,32799,32772,00000,00000
BCN,3135,0740,062146,2,8,029483,2,9,32799,32772,00000,00000
BCN,3136,0734,064051,2,8,008483,2,3,32800,32772,00000,00000
BCN,3137,0722,064051,2,8,008483,2,3,32800,32772,00000,00000
BCN,3138,0751,064051,2,8,008483,2,3,32800,32772,00000,00000
BCN,3139,0722,064051,2,8,008483,2,3,32800,32772,00000,00000
BCN,3140,0734,064051,2,8,008483,2,3,32800,32772,00000,00000
BCN,3141,0721,064051,2,8,008483,2,3,32800,32772,00000,00000
BCN,3142,0734,064051,2,8,008483,2,3,32800,32772,00000,00000
BCN,3143,0721,066255,2,9,000819,2,0,32800,32772,00000,00000
BCN,3144,0751,066255,2,9,000819,2,0,32800,32772,00000,00000
BCN,3145,0737,066255,2,9,000819,2,0,32800,32772,00000,00000
BCN,3146,0751,066255,2,9,000819,2,0,32800,32772,00000,00000
BCN,3147,0721,066255,2,9,000819,2,0,32800,32772,00000,00000
BCN,3148,0751,066255,2,9,000819,2,0,32800,32772,00000,00000
BCN,3149,0737,064090,2,8,000709,0,0,32799,32772,00000,00000
BCN,3150,0751,064090,2,8,000709,0,0,32799,32772,00000,00000
BCN,3151,0726,064090,2,8,000709,0,0,32799,32772,00000,00000
BCN,3152,0751,064090,2,8,000709,0,0,32799,32772,00000,00000
BCN,3153,0728,064090,2,8,000709,0,0,32799,32772,00000,00000
BCN,3154,0751,064090,2,8,000709,0,0,32799,32772,00000,00000
BCN,3155,0732,061821,2,8,000691,0,0,32800,32772,00000,00000
BCN,3156,0748,061821,2,8,000691,0,0,32800,32772,00000,00000
BCN,3157,0721,061821,2,8,000691,0,0,32800,32772,00000,00000
BCN,3158,0749,061821,2,8,000691,0,0,32800,32772,00000,00000
BCN,3159,0736,061821,2,8,000691,0,0,32800,32772,00000,00000
BCN,3160,0751,061821,2,8,000691,0,0,32800,32772,00000,00000
BCN,3161,0721,061834,2,8,000624,0,0,32800,32772,00000,00000
BCN,3162,0736,061834,2,8,000624,0,0,32800,32772,00000,00000
BCN,3163,0721,061834,2,8,000624,0,0,32800,32772,00000,00000
BCN,3164,0735,061834,2,8,000624,0,0,32800,32772,00000,00000
BCN,3165,0735,061834,2,8,000624,0,0,32800,32772,00000,00000
BCN,3166,0751,061834,2,8,000624,0,0,32800,32772,00000,00000
BCN,3167,0735,063856,2,8,000536,0,0,32799,32772,00000,00000
BCN,3168,0751,063856,2,8,000536,0,0,32799,32772,00000,00000
BCN,3169,0735,063856,2,8,000536,0,0,32799,32772,00000,00000
BCN,3170,0736,063856,2,8,000536,0,0,32799,32772,00000,00000
BCN,3171,0720,063856,2,8,000536,0,0,32799,32772,00000,00000
BCN,3172,0751,063856,2,8,000536,0,0,32799,32772,00000,00000
BCN,3173,0720,059721,2,8,000500,0,0,32799,32772,00000,00000
BCN,3174,0736,059721,2,8,000500,0,0,32799,32772,00000,00000
BCN,3175,0735,059721,2,8,000500,0,0,32799,32772,00000,00000
BCN,3176,0736,059721,2,8,000500,0,0,32799,32772,00000,00000
BCN,3177,0720,059721,2,8,000500,0,0,32799,32772,00000,00000
BCN,3178,0736,059721,2,8,000500,0,0,32799,32772,00000,00000
BCN,3179,0720,059721,2,8,000500,0,0,32799,32772,00000,00000
BCN,3180,0736,070000,2,9,000519,0,1,32800,32772,00000,00000
BCN,3181,0735,070000,2,9,000519,0,1,32800,32772,00000,00000
BCN,3182,0750,070000,2,9,000519,0,1,32800,32772,00000,00000
BCN,3183,0731,070000,2,9,000519,0,1,32800,32772,00000,00000
BCN,3184,0736,070000,2,9,000519,0,1,32800,32772,00000,00000
BCN,3185,0726,070000,2,9,000519,0,1,32800,32772,00000,00000
BCN,3186,0742,063804,2,8,000505,0,1,32800,32772,00000,00000
BCN,3187,0735,063804,2,8,000505,0,1,32800,32772,00000,00000
BCN,3188,0748,063804,2,8,000505,0,1,32800,32772,00000,00000
BCN,3189,0734,063804,2,8,000505,0,1,32800,32772,00000,00000
BCN,3190,0739,063804,2,8,000505,0,1,32800,32772,00000,00000
BCN,3191,0734,063804,2,8,000505,0,1,32800,32772,00000,00000
BCN,3192,0751,065891,2,9,000474,0,2,32800,32772,00000,00000
BCN,3193,0733,065891,2,9,000474,0,2,32800,32772,00000,00000
BCN,3194,0737,065891,2,9,000474,0,2,32800,32772,00000,00000
BCN,3195,0734,065891,2,9,000474,0,2,32800,32772,00000,00000
BCN,3196,0752,065891,2,9,000474,0,2,32800,32772,00000,00000
BCN,3197,0734,065891,2,9,000474,0,2,32800,32772,00000,00000
BCN,3198,0738,061808,2,8,000453,0,2,32800,32772,00000,00000
BCN,3199,0718,061808,2,8,000453,0,2,32800,32772,00000,00000
BCN,3200,0738,061808,2,8,000453,0,2,32800,32772,00000,00000
BCN,3201,0718,061808,2,8,000453,0,2,32800,32772,00000,00000
BCN,3202,0753,061808,2,8,000453,0,2,32800,32772,00000,00000
BCN,3203,0733,061808,2,8,000453,0,2,32800,32772,00000,00000
BCN,3204,0753,065969,2,9,000500,0,4,32799,32772,00000,00000
BCN,3205,0733,065969,2,9,000500,0,4,32799,32772,00000,00000
BCN,3206,0753,065969,2,9,000500,0,4,32799,32772,00000,00000
BCN,3207,0718,065969,2,9,000500,0,4,32799,32772,00000,00000
BCN,3208,0738,065969,2,9,000500,0,4,32799,32772,00000,00000
BCN,3209,0733,065969,2,9,000500,0,4,32799,32772,00000,00000
BCN,3210,0738,064064,2,8,000531,2,5,32799,32772,00000,00000
BCN,3211,0717,064064,2,8,000531,2,5,32799,32772,00000,00000
BCN,3212,0753,064064,2,8,000531,2,5,32799,32772,00000,00000
BCN,3213,0717,064064,2,8,000531,2,5,32799,32772,00000,00000
BCN,3214,0739,064064,2,8,000531,2,5,32799,32772,00000,00000
BCN,3215,0723,064064,2,8,000531,2,5,32799,32772,00000,00000
BCN,3216,0739,064064,2,8,000531,2,5,32799,32772,00000,00000
BCN,3217,0717,072321,2,9,000504,2,6,32800,32772,00000,00000
BCN,3218,0754,072321,2,9,000504,2,6,32800,32772,00000,00000
BCN,3219,0721,072321,2,9,000504,2,6,32800,32772,00000,00000
BCN,3220,0742,072321,2,9,000504,2,6,32800,32772,00000,00000
BCN,3221,0717,072321,2,9,000504,2,6,32800,32772,00000,00000
BCN,3222,0741,072321,2,9,000504,2,6,32800,32772,00000,00000
BCN,3223,0718,068095,2,9,000467,2,6,32800,32772,00000,00000
BCN,3224,0754,068095,2,9,000467,2,6,32800,32772,00000,00000
BCN,3225,0731,068095,2,9,000467,2,6,32800,32772,00000,00000
BCN,3226,0754,068095,2,9,000467,2,6,32800,32772,00000,00000
BCN,3227,0718,068095,2,9,000467,2,6,32800,32772,00000,00000
BCN,3228,0754,068095,2,9,000467,2,6,32800,32772,00000,00000
BCN,3229,0731,066229,2,9,000501,2,7,32800,32772,00000,00000
BCN,3230,0753,066229,2,9,000501,2,7,32800,32772,00000,00000
BCN,3231,0717,066229,2,9,000501,2,7,32800,32772,00000,00000
BCN,3232,0753,066229,2,9,000501,2,7,32800,32772,00000,00000
BCN,3233,0733,066229,2,9,000501,2,7,32800,32772,00000,00000
BCN,3234,0752,066229,2,9,000501,2,7,32800,32772,00000,00000
BCN,3235,0718,060150,2,8,000525,2,7,32799,32772,00000,00000
BCN,3236,0738,060150,2,8,000525,2,7,32799,32772,00000,00000
BCN,3237,0717,060150,2,8,000525,2,7,32799,32772,00000,00000
BCN,3238,0738,060150,2,8,000525,2,7,32799,32772,00000,00000
BCN,3239,0732,060150,2,8,000525,2,7,32799,32772,00000,00000
BCN,3240,0754,060150,2,8,000525,2,7,32799,32772,00000,00000
BCN,3241,0730,064090,2,8,000488,2,8,32800,32772,00000,00000
BCN,3242,0754,064090,2,8,000488,2,8,32800,32772,00000,00000
BCN,3243,0731,064090,2,8,000488,2,8,32800,32772,00000,00000
BCN,3244,0739,064090,2,8,000488,2,8,32800,32772,00000,00000
BCN,3245,0720,064090,2,8,000488,2,8,32800,32772,00000,00000
BCN,3246,0754,064090,2,8,000488,2,8,32800,32772,00000,00000
BCN,3247,0724,066281,2,9,000444,2,7,32800,32772,00000,00000
BCN,3248,0748,066281,2,9,000444,2,7,32800,32772,00000,00000
BCN,3249,0731,066281,2,9,000444,2,7,32800,32772,00000,00000
BCN,3250,0739,066281,2,9,000444,2,7,32800,32772,00000,00000
BCN,3251,0716,066281,2,9,000444,2,7,32800,32772,00000,00000
BCN,3252,0752,066281,2,9,000444,2,7,32800,32772,00000,00000
BCN,3253,0717,066281,2,9,000444,2,7,32800,32772,00000,00000
BCN,3254,0739,060189,2,8,000462,2,7,32799,32772,00000,00000
BCN,3255,0731,060189,2,8,000462,2,7,32799,32772,00000,00000
BCN,3256,0741,060189,2,8,000462,2,7,32799,32772,00000,00000
BCN,3257,0717,060189,2,8,000462,2,7,32799,32772,00000,00000
BCN,3258,0739,060189,2,8,000462,2,7,32799,32772,00000,00000
BCN,3259,0717,060189,2,8,000462,2,7,32799,32772,00000,00000
BCN,3260,0739,064116,2,8,000485,2,7,32800,32772,00000,00000
BCN,3261,0732,064116,2,8,000485,2,7,32800,32772,00000,00000
BCN,3262,0754,064116,2,8,000485,2,7,32800,32772,00000,00000
BCN,3263,0731,064116,2,8,000485,2,7,32800,32772,00000,00000
BCN,3264,0740,064116,2,8,000485,2,7,32800,32772,00000,00000
BCN,3265,0731,064116,2,8,000485,2,7,32800,32772,00000,00000
BCN,3266,0754,066307,2,9,000448,2,7,32800,32772,00000,00000
BCN,3267,0731,066307,2,9,000448,2,7,32800,32772,00000,00000
BCN,3268,0739,066307,2,9,000448,2,7,32800,32772,00000,00000
BCN,3269,0731,066307,2,9,000448,2,7,32800,32772,00000,00000
BCN,3270,0754,066307,2,9,000448,2,7,32800,32772,00000,00000
BCN,3271,0731,066307,2,9,000448,2,7,32800,32772,00000,00000
BCN,3272,0739,062172,2,8,000396,2,6,32799,32771,00000,00000
BCN,3273,0717,062172,2,8,000396,2,6,32799,32771,00000,00000
BCN,3274,0740,062172,2,8,000396,2,6,32799,32771,00000,00000
BCN,3275,0716,062172,2,8,000396,2,6,32799,32771,00000,00000
BCN,3276,0755,062172,2,8,000396,2,6,32799,32771,00000,00000
BCN,3277,0732,062172,2,8,000396,2,6,32799,32771,00000,00000
BCN,3278,0750,064077,2,8,000404,2,6,32800,32772,00000,00000
BCN,3279,0725,064077,2,8,000404,2,6,32800,32772,00000,00000
BCN,3280,0753,064077,2,8,000404,2,6,32800,32772,00000,00000
BCN,3281,0716,064077,2,8,000404,2,6,32800,32772,00000,00000
BCN,3282,1351,064077,2,8,000404,2,6,32800,32772,00000,00000
BCN,3283,1620,064077,2,8,000404,2,6,32800,32772,00000,00000
BCN,3284,1503,064129,2,8,004459,2,3,32800,32802,00000,00000
BCN,3285,1505,064129,2,8,004459,2,3,32800,32802,00000,00000
BCN,3286,1635,064129,2,8,004459,2,3,32800,32802,00000,00000
BCN,3287,0718,064129,2,8,004459,2,3,32800,32802,00000,00000
BCN,3288,0741,064129,2,8,004459,2,3,32800,32802,00000,00000
BCN,3289,1559,064129,2,8,004459,2,3,32800,32802,00000,00000
BCN,3290,0741,064129,2,8,004459,2,3,32800,32802,00000,00000
BCN,3291,0718,064038,2,8,025159,2,7,32799,32771,00000,00000
BCN,3292,1625,064038,2,8,025159,2,7,32799,32771,00000,00000
BCN,3293,0741,064038,2,8,025159,2,7,32799,32771,00000,00000
BCN,3294,0760,064038,2,8,025159,2,7,32799,32771,00000,00000
BCN,3295,0717,064038,2,8,025159,2,7,32799,32771,00000,00000
BCN,3296,0754,064038,2,8,025159,2,7,32799,32771,00000,00000
BCN,3297,0728,061782,2,8,027825,2,9,32800,32770,00000,00000
BCN,3298,1624,061782,2,8,027825,2,9,32800,32770,00000,00000
BCN,3299,1596,061782,2,8,027825,2,9,32800,32770,00000,00000
BCN,3300,1625,061782,2,8,027825,2,9,32800,32770,00000,00000
BCN,3301,0722,061782,2,8,027825,2,9,32800,32770,00000,00000
BCN,3302,1625,061782,2,8,027825,2,9,32800,32770,00000,00000
BCN,3303,1598,061795,2,8,028522,2,9,32800,32770,00000,00000
BCN,3304,1622,061795,2,8,028522,2,9,32800,32770,00000,00000
BCN,3305,0717,061795,2,8,028522,2,9,32800,32770,00000,00000
BCN,3306,1622,061795,2,8,028522,2,9,32800,32770,00000,00000
BCN,3307,1601,061795,2,8,028522,2,9,32800,32770,00000,00000
BCN,3308,1625,061795,2,8,028522,2,9,32800,32770,00000,00000
BCN,3309,0942,063830,2,8,028846,2,9,32799,32770,00000,00000
BCN,3310,1110,063830,2,8,028846,2,9,32799,32770,00000,00000
BCN,3311,0719,063830,2,8,028846,2,9,32799,32770,00000,00000
BCN,3312,1305,063830,2,8,028846,2,9,32799,32770,00000,00000
BCN,3313,1601,063830,2,8,028846,2,9,32799,32770,00000,00000
BCN,3314,1624,063830,2,8,028846,2,9,32799,32770,00000,00000
BCN,3315,0892,059708,2,8,028975,2,9,32799,32770,00000,00000
BCN,3316,0880,059708,2,8,028975,2,9,32799,32770,00000,00000
BCN,3317,0829,059708,2,8,028975,2,9,32799,32770,00000,00000
BCN,3318,0739,059708,2,8,028975,2,9,32799,32770,00000,00000
BCN,3319,1541,059708,2,8,028975,2,9,32799,32770,00000,00000
BCN,3320,1624,059708,2,8,028975,2,9,32799,32770,00000,00000
BCN,3321,1564,069987,2,9,029046,2,9,32800,32770,00000,00000
BCN,3322,1594,069987,2,9,029046,2,9,32800,32770,00000,00000
BCN,3323,1602,069987,2,9,029046,2,9,32800,32770,00000,00000
BCN,3324,0740,069987,2,9,029046,2,9,32800,32770,00000,00000
BCN,3325,0718,069987,2,9,029046,2,9,32800,32770,00000,00000
BCN,3326,1611,069987,2,9,029046,2,9,32800,32770,00000,00000
BCN,3327,0718,069987,2,9,029046,2,9,32800,32770,00000,00000
BCN,3328,0740,063791,2,8,028748,2,9,32800,32770,00000,00000
BCN,3329,1601,063791,2,8,028748,2,9,32800,32770,00000,00000
BCN,3330,0747,063791,2,8,028748,2,9,32800,32770,00000,00000
BCN,3331,0725,063791,2,8,028748,2,9,32800,32770,00000,00000
BCN,3332,0740,063791,2,8,028748,2,9,32800,32770,00000,00000
BCN,3333,0723,063791,2,8,028748,2,9,32800,32770,00000,00000
BCN,3334,0744,065878,2,9,028438,2,9,32800,32770,00000,00000
BCN,3335,1601,065878,2,9,028438,2,9,32800,32770,00000,00000
BCN,3336,1621,065878,2,9,028438,2,9,32800,32770,00000,00000
BCN,3337,1602,065878,2,9,028438,2,9,32800,32770,00000,00000
BCN,3338,0742,065878,2,9,028438,2,9,32800,32770,00000,00000
BCN,3339,1602,065878,2,9,028438,2,9,32800,32770,00000,00000
BCN,3340,1552,061795,2,8,027986,2,9,32800,32770,00000,00000
BCN,3341,1601,061795,2,8,027986,2,9,32800,32770,00000,00000
BCN,3342,1154,061795,2,8,027986,2,9,32800,32770,00000,00000
BCN,3343,1601,061795,2,8,027986,2,9,32800,32770,00000,00000
BCN,3344,1065,061795,2,8,027986,2,9,32800,32770,00000,00000
BCN,3345,1602,061795,2,8,027986,2,9,32800,32770,00000,00000
BCN,3346,1448,065956,2,9,027351,2,9,32799,32770,00000,00000
BCN,3347,1463,065956,2,9,027351,2,9,32799,32770,00000,00000
BCN,3348,0740,065956,2,9,027351,2,9,32799,32770,00000,00000
BCN,3349,1515,065956,2,9,027351,2,9,32799,32770,00000,00000
BCN,3350,1623,065956,2,9,027351,2,9,32799,32770,00000,00000
BCN,3351,1604,065956,2,9,027351,2,9,32799,32770,00000,00000
BCN,3352,0791,066203,2,9,026638,2,9,32799,32770,00000,00000
BCN,3353,0759,066203,2,9,026638,2,9,32799,32770,00000,00000
BCN,3354,0773,066203,2,9,026638,2,9,32799,32770,00000,00000
BCN,3355,0719,066203,2,9,026638,2,9,32799,32770,00000,00000
BCN,3356,1607,066203,2,9,026638,2,9,32799,32770,00000,00000
BCN,3357,1606,066203,2,9,026638,2,9,32799,32770,00000,00000
BCN,3358,1615,072386,2,9,025723,2,8,32800,32770,00000,00000
BCN,3359,1598,072386,2,9,025723,2,8,32800,32770,00000,00000
BCN,3360,1628,072386,2,9,025723,2,8,32800,32770,00000,00000
BCN,3361,0720,072386,2,9,025723,2,8,32800,32770,00000,00000
BCN,3362,0739,072386,2,9,025723,2,8,32800,32770,00000,00000
BCN,3363,1609,072386,2,9,025723,2,8,32800,32770,00000,00000
BCN,3364,0739,072386,2,9,025723,2,8,32800,32770,00000,00000
BCN,3365,0720,068147,2,9,025086,2,8,32800,32769,00000,00000
BCN,3366,1637,068147,2,9,025086,2,8,32800,32769,00000,00000
BCN,3367,0723,068147,2,9,025086,2,8,32800,32769,00000,00000
BCN,3368,0741,068147,2,9,025086,2,8,32800,32769,00000,00000
BCN,3369,0720,068147,2,9,025086,2,8,32800,32769,00000,00000
BCN,3370,0741,068147,2,9,025086,2,8,32800,32769,00000,00000
BCN,3371,0722,066255,2,9,026514,2,9,32800,32769,00000,00000
BCN,3372,1642,066255,2,9,026514,2,9,32800,32769,00000,00000
BCN,3373,1242,066255,2,9,026514,2,9,32800,32769,00000,00000
BCN,3374,0786,066255,2,9,026514,2,9,32800,32769,00000,00000
BCN,3375,0720,066255,2,9,026514,2,9,32800,32769,00000,00000
BCN,3376,0752,066255,2,9,026514,2,9,32800,32769,00000,00000
BCN,3377,0729,060176,2,8,027773,2,9,32799,32769,00000,00000
BCN,3378,0765,060176,2,8,027773,2,9,32799,32769,00000,00000
BCN,3379,0734,060176,2,8,027773,2,9,32799,32769,00000,00000
BCN,3380,0752,060176,2,8,027773,2,9,32799,32769,00000,00000
BCN,3381,0721,060176,2,8,027773,2,9,32799,32769,00000,00000
BCN,3382,0752,060176,2,8,027773,2,9,32799,32769,00000,00000
BCN,3383,0736,064103,2,8,007634,2,2,32800,32753,00000,00000
BCN,3384,0751,064103,2,8,007634,2,2,32800,32753,00000,00000
BCN,3385,0720,064103,2,8,007634,2,2,32800,32753,00000,00000
BCN,3386,0751,064103,2,8,007634,2,2,32800,32753,00000,00000
BCN,3387,0736,064103,2,8,007634,2,2,32800,32753,00000,00000
BCN,3388,0751,064103,2,8,007634,2,2,32800,32753,00000,00000
BCN,3389,0721,066294,2,9,000477,2,0,32800,32774,00000,00000
BCN,3390,0736,066294,2,9,000477,2,0,32800,32774,00000,00000
BCN,3391,0721,066294,2,9,000477,2,0,32800,32774,00000,00000
BCN,3392,0735,066294,2,9,000477,2,0,32800,32774,00000,00000
BCN,3393,0736,066294,2,9,000477,2,0,32800,32774,00000,00000
BCN,3394,0751,066294,2,9,000477,2,0,32800,32774,00000,00000
BCN,3395,0736,060202,2,8,000729,0,0,32799,32770,00000,00000
BCN,3396,0750,060202,2,8,000729,0,0,32799,32770,00000,00000
BCN,3397,0736,060202,2,8,000729,0,0,32799,32770,00000,00000
BCN,3398,0735,060202,2,8,000729,0,0,32799,32770,00000,00000
BCN,3399,0721,060202,2,8,000729,0,0,32799,32770,00000,00000
BCN,3400,0750,060202,2,8,000729,0,0,32799,32770,00000,00000
BCN,3401,0722,060202,2,8,000729,0,0,32799,32770,00000,00000
BCN,3402,0735,064129,2,8,000627,0,0,32800,32770,00000,00000
BCN,3403,0737,064129,2,8,000627,0,0,32800,32770,00000,00000
BCN,3404,0735,064129,2,8,000627,0,0,32800,32770,00000,00000
BCN,3405,0722,064129,2,8,000627,0,0,32800,32770,00000,00000
BCN,3406,0744,064129,2,8,000627,0,0,32800,32770,00000,00000
BCN,3407,0722,064129,2,8,000627,0,0,32800,32770,00000,00000
BCN,3408,0734,066320,2,9,000576,0,0,32800,32770,00000,00000
BCN,3409,0737,066320,2,9,000576,0,0,32800,32770,00000,00000
BCN,3410,0737,066320,2,9,000576,0,0,32800,32770,00000,00000
BCN,3411,0725,066320,2,9,000576,0,0,32800,32770,00000,00000
BCN,3412,0734,066320,2,9,000576,0,0,32800,32770,00000,00000
BCN,3413,0724,066320,2,9,000576,0,0,32800,32770,00000,00000
BCN,3414,0734,064142,2,8,000586,0,0,32799,32770,00000,00000
BCN,3415,0738,064142,2,8,000586,0,0,32799,32770,00000,00000
BCN,3416,0747,064142,2,8,000586,0,0,32799,32770,00000,00000
BCN,3417,0738,064142,2,8,000586,0,0,32799,32770,00000,00000
BCN,3418,0734,064142,2,8,000586,0,0,32799,32770,00000,00000
BCN,3419,0738,064142,2,8,000586,0,0,32799,32770,00000,00000
BCN,3420,0747,061860,2,8,000561,0,1,32800,32770,00000,00000
BCN,3421,0738,061860,2,8,000561,0,1,32800,32770,00000,00000
BCN,3422,0733,061860,2,8,000561,0,1,32800,32770,00000,00000
BCN,3423,0739,061860,2,8,000561,0,1,32800,32770,00000,00000
BCN,3424,0747,061860,2,8,000561,0,1,32800,32770,00000,00000
BCN,3425,0739,061860,2,8,000561,0,1,32800,32770,00000,00000
BCN,3426,0733,057803,2,8,000487,0,1,32799,32770,00000,00000
BCN,3427,0725,057803,2,8,000487,0,1,32799,32770,00000,00000
BCN,3428,0732,057803,2,8,000487,0,1,32799,32770,00000,00000
BCN,3429,0724,057803,2,8,000487,0,1,32799,32770,00000,00000
BCN,3430,0747,057803,2,8,000487,0,1,32799,32770,00000,00000
BCN,3431,0739,057803,2,8,000487,0,1,32799,32770,00000,00000
BCN,3432,0746,053564,2,7,000449,0,1,32799,32770,00000,00000
BCN,3433,0739,053564,2,7,000449,0,1,32799,32770,00000,00000
BCN,3434,0745,053564,2,7,000449,0,1,32799,32770,00000,00000
BCN,3435,0724,053564,2,7,000449,0,1,32799,32770,00000,00000
BCN,3436,0738,053564,2,7,000449,0,1,32799,32770,00000,00000
BCN,3437,0739,053564,2,7,000449,0,1,32799,32770,00000,00000
BCN,3438,0741,053564,2,7,000449,0,1,32799,32770,00000,00000
BCN,3439,0735,067965,2,9,000481,0,2,32800,32770,00000,00000
BCN,3440,0745,067965,2,9,000481,0,2,32800,32770,00000,00000
BCN,3441,0725,067965,2,9,000481,0,2,32800,32770,00000,00000
BCN,3442,0731,067965,2,9,000481,0,2,32800,32770,00000,00000
BCN,3443,0737,067965,2,9,000481,0,2,32800,32770,00000,00000
BCN,3444,0731,067965,2,9,000481,0,2,32800,32770,00000,00000
BCN,3445,0725,067887,2,9,000470,0,2,32800,32770,00000,00000
BCN,3446,0745,067887,2,9,000470,0,2,32800,32770,00000,00000
BCN,3447,0725,067887,2,9,000470,0,2,32800,32770,00000,00000
BCN,3448,0732,067887,2,9,000470,0,2,32800,32770,00000,00000
BCN,3449,0725,067887,2,9,000470,0,2,32800,32770,00000,00000
BCN,3450,0732,067887,2,9,000470,0,2,32800,32770,00000,00000
BCN,3451,0725,061769,2,8,000411,0,3,32800,32770,00000,00000
BCN,3452,0745,061769,2,8,000411,0,3,32800,32770,00000,00000
BCN,3453,0739,061769,2,8,000411,0,3,32800,32770,00000,00000
BCN,3454,0745,061769,2,8,000411,0,3,32800,32770,00000,00000
BCN,3455,0725,061769,2,8,000411,0,3,32800,32770,00000,00000
BCN,3456,0745,061769,2,8,000411,0,3,32800,32770,00000,00000
BCN,3457,0739,063804,2,8,000391,0,4,32799,32770,00000,00000
BCN,3458,0745,063804,2,8,000391,0,4,32799,32770,00000,00000
BCN,3459,0725,063804,2,8,000391,0,4,32799,32770,00000,00000
BCN,3460,0745,063804,2,8,000391,0,4,32799,32770,00000,00000
BCN,3461,0739,063804,2,8,000391,0,4,32799,32770,00000,00000
BCN,3462,0745,063804,2,8,000391,0,4,32799,32770,00000,00000
BCN,3463,0725,059695,2,8,000442,2,5,32799,32770,00000,00000
BCN,3464,0731,059695,2,8,000442,2,5,32799,32770,00000,00000
BCN,3465,0725,059695,2,8,000442,2,5,32799,32770,00000,00000
BCN,3466,0734,059695,2,8,000442,2,5,32799,32770,00000,00000
BCN,3467,0739,059695,2,8,000442,2,5,32799,32770,00000,00000
BCN,3468,0745,059695,2,8,000442,2,5,32799,32770,00000,00000
BCN,3469,0730,069974,2,9,000474,2,6,32800,32770,00000,00000
BCN,3470,0736,069974,2,9,000474,2,6,32800,32770,00000,00000
BCN,3471,0728,069974,2,9,000474,2,6,32800,32770,00000,00000
BCN,3472,0731,069974,2,9,000474,2,6,32800,32770,00000,00000
BCN,3473,0737,069974,2,9,000474,2,6,32800,32770,00000,00000
BCN,3474,0745,069974,2,9,000474,2,6,32800,32770,00000,00000
BCN,3475,0737,069974,2,9,000474,2,6,32800,32770,00000,00000
BCN,3476,0744,063778,2,8,000461,2,7,32800,32770,00000,00000
BCN,3477,0739,063778,2,8,000461,2,7,32800,32770,00000,00000
BCN,3478,0731,063778,2,8,000461,2,7,32800,32770,00000,00000
BCN,3479,0725,063778,2,8,000461,2,7,32800,32770,00000,00000
BCN,3480,0745,063778,2,8,000461,2,7,32800,32770,00000,00000
BCN,3481,0725,063778,2,8,000461,2,7,32800,32770,00000,00000
BCN,3482,0731,065683,2,9,000428,2,7,32800,32770,00000,00000
BCN,3483,0738,065683,2,9,000428,2,7,32800,32770,00000,00000
BCN,3484,0731,065683,2,9,000428,2,7,32800,32770,00000,00000
BCN,3485,0725,065683,2,9,000428,2,7,32800,32770,00000,00000
BCN,3486,0731,065683,2,9,000428,2,7,32800,32770,00000,00000
BCN,3487,0725,065683,2,9,000428,2,7,32800,32770,00000,00000
BCN,3488,0731,063804,2,8,000462,2,7,32800,32770,00000,00000
BCN,3489,0739,063804,2,8,000462,2,7,32800,32770,00000,00000
BCN,3490,0745,063804,2,8,000462,2,7,32800,32770,00000,00000
BCN,3491,0739,063804,2,8,000462,2,7,32800,32770,00000,00000
BCN,3492,0731,063804,2,8,000462,2,7,32800,32770,00000,00000
BCN,3493,0738,063804,2,8,000462,2,7,32800,32770,00000,00000
BCN,3494,0745,063791,2,8,000492,2,7,32799,32770,00000,00000
BCN,3495,0738,063791,2,8,000492,2,7,32799,32770,00000,00000
BCN,3496,0731,063791,2,8,000492,2,7,32799,32770,00000,00000
BCN,3497,0738,063791,2,8,000492,2,7,32799,32770,00000,00000
BCN,3498,0741,063791,2,8,000492,2,7,32799,32770,00000,00000
BCN,3499,0738,063791,2,8,000492,2,7,32799,32770,00000,00000
BCN,3500,0740,061600,2,8,000461,2,8,32800,32770,00000,00000
BCN,3501,0734,061600,2,8,000461,2,8,32800,32770,00000,00000
BCN,3502,0731,061600,2,8,000461,2,8,32800,32770,00000,00000
BCN,3503,0736,061600,2,8,000461,2,8,32800,32770,00000,00000
BCN,3504,0745,061600,2,8,000461,2,8,32800,32770,00000,00000
BCN,3505,0738,061600,2,8,000461,2,8,32800,32770,00000,00000
BCN,3506,0733,061665,2,8,000414,2,7,32800,32770,00000,00000
BCN,3507,0726,061665,2,8,000414,2,7,32800,32770,00000,00000
BCN,3508,0732,061665,2,8,000414,2,7,32800,32770,00000,00000
BCN,3509,0724,061665,2,8,000414,2,7,32800,32770,00000,00000
BCN,3510,0745,061665,2,8,000414,2,7,32800,32770,00000,00000
BCN,3511,0738,061665,2,8,000414,2,7,32800,32770,00000,00000
BCN,3512,0745,061665,2,8,000414,2,7,32800,32770,00000,00000
BCN,3513,0738,063726,2,8,000441,2,7,32799,32770,00000,00000
BCN,3514,0745,063726,2,8,000441,2,7,32799,32770,00000,00000
BCN,3515,0725,063726,2,8,000441,2,7,32799,32770,00000,00000
BCN,3516,0731,063726,2,8,000441,2,7,32799,32770,00000,00000
BCN,3517,0738,063726,2,8,000441,2,7,32799,32770,00000,00000
BCN,3518,0731,063726,2,8,000441,2,7,32799,32770,00000,00000
BCN,3519,0724,061548,2,8,000465,2,7,32800,32770,00000,00000
BCN,3520,0745,061548,2,8,000465,2,7,32800,32770,00000,00000
BCN,3521,0724,061548,2,8,000465,2,7,32800,32770,00000,00000
BCN,3522,0731,061548,2,8,000465,2,7,32800,32770,00000,00000
BCN,3523,0724,061548,2,8,000465,2,7,32800,32770,00000,00000
BCN,3524,0731,061548,2,8,000465,2,7,32800,32770,00000,00000
BCN,3525,0724,061626,2,8,000424,2,7,32800,32770,00000,00000
BCN,3526,0745,061626,2,8,000424,2,7,32800,32770,00000,00000
BCN,3527,0738,061626,2,8,000424,2,7,32800,32770,00000,00000
BCN,3528,0745,061626,2,8,000424,2,7,32800,32770,00000,00000
BCN,3529,0724,061626,2,8,000424,2,7,32800,32770,00000,00000
BCN,3530,0740,061626,2,8,000424,2,7,32800,32770,00000,00000
BCN,3531,0731,063700,2,8,000371,2,6,32799,32770,00000,00000
BCN,3532,0745,063700,2,8,000371,2,6,32799,32770,00000,00000
BCN,3533,0734,063700,2,8,000371,2,6,32799,32770,00000,00000
BCN,3534,0745,063700,2,8,000371,2,6,32799,32770,00000,00000
BCN,3535,0727,063700,2,8,000371,2,6,32799,32770,00000,00000
BCN,3536,0745,063700,2,8,000371,2,6,32799,32770,00000,00000
BCN,3537,0737,061522,2,8,000392,2,6,32800,32770,00000,00000
BCN,3538,0744,061522,2,8,000392,2,6,32800,32770,00000,00000
BCN,3539,0724,061522,2,8,000392,2,6,32800,32770,00000,00000
BCN,3540,0744,061522,2,8,000392,2,6,32800,32770,00000,00000
BCN,3541,0738,061522,2,8,000392,2,6,32800,32770,00000,00000
BCN,3542,0745,061522,2,8,000392,2,6,32800,32770,00000,00000
BCN,3543,0725,061613,2,8,000416,2,6,32800,32770,00000,00000
BCN,3544,0732,061613,2,8,000416,2,6,32800,32770,00000,00000
BCN,3545,0727,061613,2,8,000416,2,6,32800,32770,00000,00000
BCN,3546,0732,061613,2,8,000416,2,6,32800,32770,00000,00000
BCN,3547,1615,061613,2,8,000416,2,6,32800,32770,00000,00000
BCN,3548,1629,061613,2,8,000416,2,6,32800,32770,00000,00000
BCN,3549,1612,061613,2,8,000416,2,6,32800,32770,00000,00000
BCN,3550,1618,063687,2,8,005490,2,2,32799,32803,00000,00000
BCN,3551,1616,063687,2,8,005490,2,2,32799,32803,00000,00000
BCN,3552,0732,063687,2,8,005490,2,2,32799,32803,00000,00000
BCN,3553,0725,063687,2,8,005490,2,2,32799,32803,00000,00000
BCN,3554,1616,063687,2,8,005490,2,2,32799,32803,00000,00000
BCN,3555,0725,063687,2,8,005490,2,2,32799,32803,00000,00000
BCN,3556,0732,061522,2,8,028549,2,9,32800,32769,00000,00000
BCN,3557,1611,061522,2,8,028549,2,9,32800,32769,00000,00000
BCN,3558,0734,061522,2,8,028549,2,9,32800,32769,00000,00000
BCN,3559,0728,061522,2,8,028549,2,9,32800,32769,00000,00000
BCN,3560,0786,061522,2,8,028549,2,9,32800,32769,00000,00000
BCN,3561,0727,061522,2,8,028549,2,9,32800,32769,00000,00000
BCN,3562,0733,061600,2,8,028050,2,9,32800,32768,00000,00000
BCN,3563,1610,061600,2,8,028050,2,9,32800,32768,00000,00000
BCN,3564,1078,061600,2,8,028050,2,9,32800,32768,00000,00000
BCN,3565,1000,061600,2,8,028050,2,9,32800,32768,00000,00000
BCN,3566,0733,061600,2,8,028050,2,9,32800,32768,00000,00000
BCN,3567,0899,061600,2,8,028050,2,9,32800,32768,00000,00000
BCN,3568,0869,063687,2,8,028671,2,9,32799,32768,00000,00000
BCN,3569,1610,063687,2,8,028671,2,9,32799,32768,00000,00000
BCN,3570,1542,063687,2,8,028671,2,9,32799,32768,00000,00000
BCN,3571,1609,063687,2,8,028671,2,9,32799,32768,00000,00000
BCN,3572,0789,063687,2,8,028671,2,9,32799,32768,00000,00000
BCN,3573,1610,063687,2,8,028671,2,9,32799,32768,00000,00000
BCN,3574,1586,059591,2,8,028952,2,9,32799,32768,00000,00000
BCN,3575,1586,059591,2,8,028952,2,9,32799,32768,00000,00000
BCN,3576,0732,059591,2,8,028952,2,9,32799,32768,00000,00000
BCN,3577,1593,059591,2,8,028952,2,9,32799,32768,00000,00000
BCN,3578,1616,059591,2,8,028952,2,9,32799,32768,00000,00000
BCN,3579,1610,059591,2,8,028952,2,9,32799,32768,00000,00000
BCN,3580,0743,069896,2,9,028959,2,9,32800,32768,00000,00000
BCN,3581,0735,069896,2,9,028959,2,9,32800,32768,00000,00000
BCN,3582,0740,069896,2,9,028959,2,9,32800,32768,00000,00000
BCN,3583,0725,069896,2,9,028959,2,9,32800,32768,00000,00000
BCN,3584,1611,069896,2,9,028959,2,9,32800,32768,00000,00000
BCN,3585,1609,069896,2,9,028959,2,9,32800,32768,00000,00000
BCN,3586,1612,069896,2,9,028959,2,9,32800,32768,00000,00000
BCN,3587,1607,063726,2,8,029032,2,9,32800,32768,00000,00000
BCN,3588,1615,063726,2,8,029032,2,9,32800,32768,00000,00000
BCN,3589,0726,063726,2,8,029032,2,9,32800,32768,00000,00000
BCN,3590,0731,063726,2,8,029032,2,9,32800,32768,00000,00000
BCN,3591,1608,063726,2,8,029032,2,9,32800,32768,00000,00000
BCN,3592,0892,063726,2,8,029032,2,9,32800,32768,00000,00000
BCN,3593,0994,067783,2,9,028894,2,9,32800,32768,00000,00000
BCN,3594,1615,067783,2,9,028894,2,9,32800,32768,00000,00000
BCN,3595,0727,067783,2,9,028894,2,9,32800,32768,00000,00000
BCN,3596,0733,067783,2,9,028894,2,9,32800,32768,00000,00000
BCN,3597,1371,067783,2,9,028894,2,9,32800,32768,00000,00000
BCN,3598,0733,067783,2,9,028894,2,9,32800,32768,00000,00000
BCN,3599,0727,061691,2,8,028594,2,9,32800,32768,00000,00000
BCN,3600,1615,061691,2,8,028594,2,9,32800,32768,00000,00000
BCN,3601,0835,061691,2,8,028594,2,9,32800,32768,00000,00000
BCN,3602,0819,061691,2,8,028594,2,9,32800,32768,00000,00000
BCN,3603,0727,061691,2,8,028594,2,9,32800,32768,00000,00000
BCN,3604,0788,061691,2,8,028594,2,9,32800,32768,00000,00000
BCN,3605,0771,063752,2,8,028253,2,9,32799,32768,00000,00000
BCN,3606,1615,063752,2,8,028253,2,9,32799,32768,00000,00000
BCN,3607,1585,063752,2,8,028253,2,9,32799,32768,00000,00000
BCN,3608,1614,063752,2,8,028253,2,9,32799,32768,00000,00000
BCN,3609,0746,063752,2,8,028253,2,9,32799,32768,00000,00000
BCN,3610,1615,063752,2,8,028253,2,9,32799,32768,00000,00000
BCN,3611,1599,059643,2,8,027725,2,9,32799,32768,00000,00000
BCN,3612,1607,059643,2,8,027725,2,9,32799,32768,00000,00000
BCN,3613,0726,059643,2,8,027725,2,9,32799,32768,00000,00000
BCN,3614,1609,059643,2,8,027725,2,9,32799,32768,00000,00000
BCN,3615,1609,059643,2,8,027725,2,9,32799,32768,00000,00000
BCN,3616,1615,059643,2,8,027725,2,9,32799,32768,00000,00000
BCN,3617,0730,069935,2,9,027015,2,9,32800,32768,00000,00000
BCN,3618,0735,069935,2,9,027015,2,9,32800,32768,00000,00000
BCN,3619,0730,069935,2,9,027015,2,9,32800,32768,00000,00000
BCN,3620,0731,069935,2,9,027015,2,9,32800,32768,00000,00000
BCN,3621,1608,069935,2,9,027015,2,9,32800,32768,00000,00000
BCN,3622,1615,069935,2,9,027015,2,9,32800,32768,00000,00000
BCN,3623,1608,069935,2,9,027015,2,9,32800,32768,00000,00000
BCN,3624,1470,063752,2,8,026201,2,8,32800,32768,00000,00000
BCN,3625,1316,063752,2,8,026201,2,8,32800,32768,00000,00000
BCN,3626,0731,063752,2,8,026201,2,8,32800,32768,00000,00000
BCN,3627,1278,063752,2,8,026201,2,8,32800,32768,00000,00000
BCN,3628,1614,063752,2,8,026201,2,8,32800,32768,00000,00000
BCN,3629,1404,063752,2,8,026201,2,8,32800,32768,00000,00000
BCN,3630,1452,065670,2,9,025303,2,8,32800,32768,00000,00000
BCN,3631,1609,065670,2,9,025303,2,8,32800,32768,00000,00000
BCN,3632,0732,065670,2,9,025303,2,8,32800,32768,00000,00000
BCN,3633,0726,065670,2,9,025303,2,8,32800,32768,00000,00000
BCN,3634,1553,065670,2,9,025303,2,8,32800,32768,00000,00000
BCN,3635,0727,065670,2,9,025303,2,8,32800,32768,00000,00000
BCN,3636,0732,061639,2,8,025245,2,8,32800,32767,00000,00000
BCN,3637,1609,061639,2,8,025245,2,8,32800,32767,00000,00000
BCN,3638,0764,061639,2,8,025245,2,8,32800,32767,00000,00000
BCN,3639,0752,061639,2,8,025245,2,8,32800,32767,00000,00000
BCN,3640,0732,061639,2,8,025245,2,8,32800,32767,00000,00000
BCN,3641,0744,061639,2,8,025245,2,8,32800,32767,00000,00000
BCN,3642,0746,063713,2,8,027619,2,9,32799,32768,00000,00000
BCN,3643,1609,063713,2,8,027619,2,9,32799,32768,00000,00000
BCN,3644,1607,063713,2,8,027619,2,9,32799,32768,00000,00000
BCN,3645,1609,063713,2,8,027619,2,9,32799,32768,00000,00000
BCN,3646,0739,063713,2,8,027619,2,9,32799,32768,00000,00000
BCN,3647,1610,063713,2,8,027619,2,9,32799,32768,00000,00000
BCN,3648,1611,059617,2,8,027300,2,9,32799,32768,00000,00000
BCN,3649,1606,059617,2,8,027300,2,9,32799,32768,00000,00000
BCN,3650,0732,059617,2,8,027300,2,9,32799,32768,00000,00000
BCN,3651,1607,059617,2,8,027300,2,9,32799,32768,00000,00000
BCN,3652,1615,059617,2,8,027300,2,9,32799,32768,00000,00000
BCN,3653,1609,059617,2,8,027300,2,9,32799,32768,00000,00000
BCN,3654,0734,069922,2,9,028209,2,9,32800,32768,00000,00000
BCN,3655,0849,069922,2,9,028209,2,9,32800,32768,00000,00000
BCN,3656,0734,069922,2,9,028209,2,9,32800,32768,00000,00000
BCN,3657,1112,069922,2,9,028209,2,9,32800,32768,00000,00000
BCN,3658,1614,069922,2,9,028209,2,9,32800,32768,00000,00000
BCN,3659,1609,069922,2,9,028209,2,9,32800,32768,00000,00000
BCN,3660,1007,069922,2,9,028209,2,9,32800,32768,00000,00000
BCN,3661,0945,063739,2,8,028631,2,9,32800,32768,00000,00000
BCN,3662,0907,063739,2,8,028631,2,9,32800,32768,00000,00000
BCN,3663,0725,063739,2,8,028631,2,9,32800,32768,00000,00000
BCN,3664,1520,063739,2,8,028631,2,9,32800,32768,00000,00000
BCN,3665,1609,063739,2,8,028631,2,9,32800,32768,00000,00000
BCN,3666,1555,063739,2,8,028631,2,9,32800,32768,00000,00000
BCN,3667,1562,067796,2,9,029012,2,9,32800,32768,00000,00000
BCN,3668,1615,067796,2,9,029012,2,9,32800,32768,00000,00000
BCN,3669,0726,067796,2,9,029012,2,9,32800,32768,00000,00000
BCN,3670,0732,067796,2,9,029012,2,9,32800,32768,00000,00000
BCN,3671,1589,067796,2,9,029012,2,9,32800,32768,00000,00000
BCN,3672,0732,067796,2,9,029012,2,9,32800,32768,00000,00000
BCN,3673,0726,061704,2,8,029074,2,9,32800,32768,00000,00000
BCN,3674,1615,061704,2,8,029074,2,9,32800,32768,00000,00000
BCN,3675,0737,061704,2,8,029074,2,9,32800,32768,00000,00000
BCN,3676,0741,061704,2,8,029074,2,9,32800,32768,00000,00000
BCN,3677,0726,061704,2,8,029074,2,9,32800,32768,00000,00000
BCN,3678,0739,061704,2,8,029074,2,9,32800,32768,00000,00000
BCN,3679,0732,063752,2,8,029139,2,9,32799,32768,00000,00000
BCN,3680,1615,063752,2,8,029139,2,9,32799,32768,00000,00000
BCN,3681,1606,063752,2,8,029139,2,9,32799,32768,00000,00000
BCN,3682,1615,063752,2,8,029139,2,9,32799,32768,00000,00000
BCN,3683,0729,063752,2,8,029139,2,9,32799,32768,00000,00000
BCN,3684,1615,063752,2,8,029139,2,9,32799,32768,00000,00000
BCN,3685,1608,061574,2,8,028880,2,9,32800,32768,00000,00000
BCN,3686,1613,061574,2,8,028880,2,9,32800,32768,00000,00000
BCN,3687,0803,061574,2,8,028880,2,9,32800,32768,00000,00000
BCN,3688,1614,061574,2,8,028880,2,9,32800,32768,00000,00000
BCN,3689,1267,061574,2,8,028880,2,9,32800,32768,00000,00000
BCN,3690,1615,061574,2,8,028880,2,9,32800,32768,00000,00000
BCN,3691,1313,061639,2,8,028621,2,9,32800,32768,00000,00000
BCN,3692,1381,061639,2,8,028621,2,9,32800,32768,00000,00000
BCN,3693,0727,061639,2,8,028621,2,9,32800,32768,00000,00000
BCN,3694,1464,061639,2,8,028621,2,9,32800,32768,00000,00000
BCN,3695,1609,061639,2,8,028621,2,9,32800,32768,00000,00000
BCN,3696,1615,061639,2,8,028621,2,9,32800,32768,00000,00000
BCN,3697,0814,061639,2,8,028621,2,9,32800,32768,00000,00000
BCN,3698,0802,063713,2,8,028262,2,9,32799,32768,00000,00000
BCN,3699,0784,063713,2,8,028262,2,9,32799,32768,00000,00000
BCN,3700,0731,063713,2,8,028262,2,9,32799,32768,00000,00000
BCN,3701,1579,063713,2,8,028262,2,9,32799,32768,00000,00000
BCN,3702,1615,063713,2,8,028262,2,9,32799,32768,00000,00000
BCN,3703,1590,063713,2,8,028262,2,9,32799,32768,00000,00000
BCN,3704,1599,059617,2,8,027821,2,9,32799,32768,00000,00000
BCN,3705,1610,059617,2,8,027821,2,9,32799,32768,00000,00000
BCN,3706,0732,059617,2,8,027821,2,9,32799,32768,00000,00000
BCN,3707,0726,059617,2,8,027821,2,9,32799,32768,00000,00000
BCN,3708,1608,059617,2,8,027821,2,9,32799,32768,00000,00000
BCN,3709,0726,059617,2,8,027821,2,9,32799,32768,00000,00000
BCN,3710,0731,069922,2,9,027066,2,9,32800,32768,00000,00000
BCN,3711,1610,069922,2,9,027066,2,9,32800,32768,00000,00000
BCN,3712,0736,069922,2,9,027066,2,9,32800,32768,00000,00000
BCN,3713,0730,069922,2,9,027066,2,9,32800,32768,00000,00000
BCN,3714,0732,069922,2,9,027066,2,9,32800,32768,00000,00000
BCN,3715,0729,069922,2,9,027066,2,9,32800,32768,00000,00000
BCN,3716,0734,063739,2,8,026346,2,8,32800,32768,00000,00000
BCN,3717,1610,063739,2,8,026346,2,8,32800,32768,00000,00000
BCN,3718,1614,063739,2,8,026346,2,8,32800,32768,00000,00000
BCN,3719,1544,063739,2,8,026346,2,8,32800,32768,00000,00000
BCN,3720,0733,063739,2,8,026346,2,8,32800,32768,00000,00000
BCN,3721,1252,063739,2,8,026346,2,8,32800,32768,00000,00000
BCN,3722,1147,067796,2,9,025658,2,8,32800,32768,00000,00000
BCN,3723,1610,067796,2,9,025658,2,8,32800,32768,00000,00000
BCN,3724,1386,067796,2,9,025658,2,8,32800,32768,00000,00000
BCN,3725,1610,067796,2,9,025658,2,8,32800,32768,00000,00000
BCN,3726,0896,067796,2,9,025658,2,8,32800,32768,00000,00000
BCN,3727,1611,067796,2,9,025658,2,8,32800,32768,00000,00000
BCN,3728,1527,061704,2,8,024827,2,8,32800,32768,00000,00000
BCN,3729,1540,061704,2,8,024827,2,8,32800,32768,00000,00000
BCN,3730,0732,061704,2,8,024827,2,8,32800,32768,00000,00000
BCN,3731,1564,061704,2,8,024827,2,8,32800,32768,00000,00000
BCN,3732,1616,061704,2,8,024827,2,8,32800,32768,00000,00000
BCN,3733,1610,061704,2,8,024827,2,8,32800,32768,00000,00000
BCN,3734,0761,061704,2,8,024827,2,8,32800,32768,00000,00000
BCN,3735,0750,063752,2,8,025909,2,8,32799,32767,00000,00000
BCN,3736,0752,063752,2,8,025909,2,8,32799,32767,00000,00000
BCN,3737,0726,063752,2,8,025909,2,8,32799,32767,00000,00000
BCN,3738,1605,063752,2,8,025909,2,8,32799,32767,00000,00000
BCN,3739,1610,063752,2,8,025909,2,8,32799,32767,00000,00000
BCN,3740,1609,063752,2,8,025909,2,8,32799,32767,00000,00000
BCN,3741,1605,059656,2,8,027513,2,9,32799,32768,00000,00000
BCN,3742,1616,059656,2,8,027513,2,9,32799,32768,00000,00000
BCN,3743,0726,059656,2,8,027513,2,9,32799,32768,00000,00000
BCN,3744,0731,059656,2,8,027513,2,9,32799,32768,00000,00000
BCN,3745,1608,059656,2,8,027513,2,9,32799,32768,00000,00000
BCN,3746,0731,059656,2,8,027513,2,9,32799,32768,00000,00000
BCN,3747,0726,069948,2,9,027658,2,9,32800,32768,00000,00000
BCN,3748,1616,069948,2,9,027658,2,9,32800,32768,00000,00000
BCN,3749,0728,069948,2,9,027658,2,9,32800,32768,00000,00000
BCN,3750,0733,069948,2,9,027658,2,9,32800,32768,00000,00000
BCN,3751,0942,069948,2,9,027658,2,9,32800,32768,00000,00000
BCN,3752,0733,069948,2,9,027658,2,9,32800,32768,00000,00000
BCN,3753,0727,063765,2,8,028662,2,9,32800,32768,00000,00000
BCN,3754,1616,063765,2,8,028662,2,9,32800,32768,00000,00000
BCN,3755,1018,063765,2,8,028662,2,9,32800,32768,00000,00000
BCN,3756,0963,063765,2,8,028662,2,9,32800,32768,00000,00000
BCN,3757,0727,063765,2,8,028662,2,9,32800,32768,00000,00000
BCN,3758,0878,063765,2,8,028662,2,9,32800,32768,00000,00000
BCN,3759,0842,065670,2,9,028909,2,9,32800,32768,00000,00000
BCN,3760,1615,065670,2,9,028909,2,9,32800,32768,00000,00000
BCN,3761,1548,065670,2,9,028909,2,9,32800,32768,00000,00000
BCN,3762,1615,065670,2,9,028909,2,9,32800,32768,00000,00000
BCN,3763,0773,065670,2,9,028909,2,9,32800,32768,00000,00000
BCN,3764,1616,065670,2,9,028909,2,9,32800,32768,00000,00000
BCN,3765,1586,061652,2,8,028979,2,9,32800,32768,00000,00000
BCN,3766,1596,061652,2,8,028979,2,9,32800,32768,00000,00000
BCN,3767,0726,061652,2,8,028979,2,9,32800,32768,00000,00000
BCN,3768,1602,061652,2,8,028979,2,9,32800,32768,00000,00000
BCN,3769,1610,061652,2,8,028979,2,9,32800,32768,00000,00000
BCN,3770,1616,061652,2,8,028979,2,9,32800,32768,00000,00000
BCN,3771,0735,061652,2,8,028979,2,9,32800,32768,00000,00000
BCN,3772,0739,063713,2,8,029157,2,9,32799,32768,00000,00000
BCN,3773,0733,063713,2,8,029157,2,9,32799,32768,00000,00000
BCN,3774,0731,063713,2,8,029157,2,9,32799,32768,00000,00000
BCN,3775,1607,063713,2,8,029157,2,9,32799,32768,00000,00000
BCN,3776,1615,063713,2,8,029157,2,9,32799,32768,00000,00000
BCN,3777,1608,063713,2,8,029157,2,9,32799,32768,00000,00000
BCN,3778,1613,059617,2,8,028927,2,9,32799,32768,00000,00000
BCN,3779,1610,059617,2,8,028927,2,9,32799,32768,00000,00000
BCN,3780,0731,059617,2,8,028927,2,9,32799,32768,00000,00000
BCN,3781,0726,059617,2,8,028927,2,9,32799,32768,00000,00000
BCN,3782,1614,059617,2,8,028927,2,9,32799,32768,00000,00000
BCN,3783,1059,059617,2,8,028927,2,9,32799,32768,00000,00000
BCN,3784,1178,069922,2,9,028464,2,9,32800,32768,00000,00000
BCN,3785,1610,069922,2,9,028464,2,9,32800,32768,00000,00000
BCN,3786,0732,069922,2,9,028464,2,9,32800,32768,00000,00000
BCN,3787,0727,069922,2,9,028464,2,9,32800,32768,00000,00000
BCN,3788,1449,069922,2,9,028464,2,9,32800,32768,00000,00000
BCN,3789,0727,069922,2,9,028464,2,9,32800,32768,00000,00000
BCN,3790,0732,063739,2,8,027914,2,9,32800,32768,00000,00000
BCN,3791,1610,063739,2,8,027914,2,9,32800,32768,00000,00000
BCN,3792,0809,063739,2,8,027914,2,9,32800,32768,00000,00000
BCN,3793,0789,063739,2,8,027914,2,9,32800,32768,00000,00000
BCN,3794,0732,063739,2,8,027914,2,9,32800,32768,00000,00000
BCN,3795,0768,063739,2,8,027914,2,9,32800,32768,00000,00000
BCN,3796,0765,067796,2,9,027299,2,9,32800,32768,00000,00000
BCN,3797,1609,067796,2,9,027299,2,9,32800,32768,00000,00000
BCN,3798,1598,067796,2,9,027299,2,9,32800,32768,00000,00000
BCN,3799,1610,067796,2,9,027299,2,9,32800,32768,00000,00000
BCN,3800,0746,067796,2,9,027299,2,9,32800,32768,00000,00000
BCN,3801,1610,067796,2,9,027299,2,9,32800,32768,00000,00000
BCN,3802,1608,061704,2,8,026671,2,9,32800,32768,00000,00000
BCN,3803,1604,061704,2,8,026671,2,9,32800,32768,00000,00000
BCN,3804,0732,061704,2,8,026671,2,9,32800,32768,00000,00000
BCN,3805,1605,061704,2,8,026671,2,9,32800,32768,00000,00000
BCN,3806,1615,061704,2,8,026671,2,9,32800,32768,00000,00000
BCN,3807,1610,061704,2,8,026671,2,9,32800,32768,00000,00000
BCN,3808,0735,061704,2,8,026671,2,9,32800,32768,00000,00000
BCN,3809,0729,063752,2,8,025823,2,8,32799,32768,00000,00000
BCN,3810,0735,063752,2,8,025823,2,8,32799,32768,00000,00000
BCN,3811,0725,063752,2,8,025823,2,8,32799,32768,00000,00000
BCN,3812,1614,063752,2,8,025823,2,8,32799,32768,00000,00000
BCN,3813,1610,063752,2,8,025823,2,8,32799,32768,00000,00000
BCN,3814,1454,063752,2,8,025823,2,8,32799,32768,00000,00000
BCN,3815,1306,059656,2,8,024877,2,8,32799,32768,00000,00000
BCN,3816,1197,059656,2,8,024877,2,8,32799,32768,00000,00000
BCN,3817,0726,059656,2,8,024877,2,8,32799,32768,00000,00000
BCN,3818,1354,059656,2,8,024877,2,8,32799,32768,00000,00000
BCN,3819,1609,059656,2,8,024877,2,8,32799,32768,00000,00000
BCN,3820,1450,059656,2,8,024877,2,8,32799,32768,00000,00000
BCN,3821,1478,069948,2,9,025566,2,8,32800,32767,00000,00000
BCN,3822,1616,069948,2,9,025566,2,8,32800,32767,00000,00000
BCN,3823,0726,069948,2,9,025566,2,8,32800,32767,00000,00000
BCN,3824,0732,069948,2,9,025566,2,8,32800,32767,00000,00000
BCN,3825,1556,069948,2,9,025566,2,8,32800,32767,00000,00000
BCN,3826,0732,069948,2,9,025566,2,8,32800,32767,00000,00000
BCN,3827,0726,063765,2,8,027621,2,9,32800,32768,00000,00000
BCN,3828,1616,063765,2,8,027621,2,9,32800,32768,00000,00000
BCN,3829,0753,063765,2,8,027621,2,9,32800,32768,00000,00000
BCN,3830,0754,063765,2,8,027621,2,9,32800,32768,00000,00000
BCN,3831,0726,063765,2,8,027621,2,9,32800,32768,00000,00000
BCN,3832,0747,063765,2,8,027621,2,9,32800,32768,00000,00000
BCN,3833,0739,065670,2,9,027248,2,9,32800,32768,00000,00000
BCN,3834,1615,065670,2,9,027248,2,9,32800,32768,00000,00000
BCN,3835,1603,065670,2,9,027248,2,9,32800,32768,00000,00000
BCN,3836,1615,065670,2,9,027248,2,9,32800,32768,00000,00000
BCN,3837,0733,065670,2,9,027248,2,9,32800,32768,00000,00000
BCN,3838,1616,065670,2,9,027248,2,9,32800,32768,00000,00000
BCN,3839,1607,061652,2,8,028008,2,9,32800,32768,00000,00000
BCN,3840,1613,061652,2,8,028008,2,9,32800,32768,00000,00000
BCN,3841,0726,061652,2,8,028008,2,9,32800,32768,00000,00000
BCN,3842,1613,061652,2,8,028008,2,9,32800,32768,00000,00000
BCN,3843,1610,061652,2,8,028008,2,9,32800,32768,00000,00000
BCN,3844,1616,061652,2,8,028008,2,9,32800,32768,00000,00000
BCN,3845,0728,061652,2,8,028008,2,9,32800,32768,00000,00000
BCN,3846,0950,063713,2,8,028669,2,9,32799,32768,00000,00000
BCN,3847,0728,063713,2,8,028669,2,9,32799,32768,00000,00000
BCN,3848,1158,063713,2,8,028669,2,9,32799,32768,00000,00000
BCN,3849,1609,063713,2,8,028669,2,9,32799,32768,00000,00000
BCN,3850,1615,063713,2,8,028669,2,9,32799,32768,00000,00000
BCN,3851,0982,063713,2,8,028669,2,9,32799,32768,00000,00000
BCN,3852,0934,061535,2,8,028892,2,9,32800,32768,00000,00000
BCN,3853,0890,061535,2,8,028892,2,9,32800,32768,00000,00000
BCN,3854,0731,061535,2,8,028892,2,9,32800,32768,00000,00000
BCN,3855,1521,061535,2,8,028892,2,9,32800,32768,00000,00000
BCN,3856,1615,061535,2,8,028892,2,9,32800,32768,00000,00000
BCN,3857,1554,061535,2,8,028892,2,9,32800,32768,00000,00000
BCN,3858,1571,061613,2,8,028982,2,9,32800,32768,00000,00000
BCN,3859,1610,061613,2,8,028982,2,9,32800,32768,00000,00000
BCN,3860,0732,061613,2,8,028982,2,9,32800,32768,00000,00000
BCN,3861,0726,061613,2,8,028982,2,9,32800,32768,00000,00000
BCN,3862,1597,061613,2,8,028982,2,9,32800,32768,00000,00000
BCN,3863,0726,061613,2,8,028982,2,9,32800,32768,00000,00000
BCN,3864,0732,063687,2,8,029070,2,9,32799,32768,00000,00000
BCN,3865,1610,063687,2,8,029070,2,9,32799,32768,00000,00000
BCN,3866,0742,063687,2,8,029070,2,9,32799,32768,00000,00000
BCN,3867,0736,063687,2,8,029070,2,9,32799,32768,00000,00000
BCN,3868,0732,063687,2,8,029070,2,9,32799,32768,00000,00000
BCN,3869,0733,063687,2,8,029070,2,9,32799,32768,00000,00000
BCN,3870,0737,061522,2,8,029135,2,9,32800,32768,00000,00000
BCN,3871,1610,061522,2,8,029135,2,9,32800,32768,00000,00000
BCN,3872,1612,061522,2,8,029135,2,9,32800,32768,00000,00000
BCN,3873,1610,061522,2,8,029135,2,9,32800,32768,00000,00000
BCN,3874,0735,061522,2,8,029135,2,9,32800,32768,00000,00000
BCN,3875,1610,061522,2,8,029135,2,9,32800,32768,00000,00000
BCN,3876,1614,061613,2,8,028906,2,9,32800,32768,00000,00000
BCN,3877,1608,061613,2,8,028906,2,9,32800,32768,00000,00000
BCN,3878,0894,061613,2,8,028906,2,9,32800,32768,00000,00000
BCN,3879,1608,061613,2,8,028906,2,9,32800,32768,00000,00000
BCN,3880,1263,061613,2,8,028906,2,9,32800,32768,00000,00000
BCN,3881,1610,061613,2,8,028906,2,9,32800,32768,00000,00000
BCN,3882,1319,061613,2,8,028906,2,9,32800,32768,00000,00000
BCN,3883,1374,063687,2,8,028531,2,9,32799,32768,00000,00000
BCN,3884,0733,063687,2,8,028531,2,9,32799,32768,00000,00000
BCN,3885,1458,063687,2,8,028531,2,9,32799,32768,00000,00000
BCN,3886,1615,063687,2,8,028531,2,9,32799,32768,00000,00000
BCN,3887,1610,063687,2,8,028531,2,9,32799,32768,00000,00000
BCN,3888,0821,063687,2,8,028531,2,9,32799,32768,00000,00000
BCN,3889,0798,061522,2,8,028153,2,9,32800,32768,00000,00000
BCN,3890,0791,061522,2,8,028153,2,9,32800,32768,00000,00000
BCN,3891,0725,061522,2,8,028153,2,9,32800,32768,00000,00000
BCN,3892,1584,061522,2,8,028153,2,9,32800,32768,00000,00000
BCN,3893,1610,061522,2,8,028153,2,9,32800,32768,00000,00000
BCN,3894,1595,061522,2,8,028153,2,9,32800,32768,00000,00000
BCN,3895,1593,061600,2,8,027846,2,9,32800,32768,00000,00000
BCN,3896,1615,061600,2,8,027846,2,9,32800,32768,00000,00000
BCN,3897,0726,061600,2,8,027846,2,9,32800,32768,00000,00000
BCN,3898,0732,061600,2,8,027846,2,9,32800,32768,00000,00000
BCN,3899,1603,061600,2,8,027846,2,9,32800,32768,00000,00000
BCN,3900,0731,061600,2,8,027846,2,9,32800,32768,00000,00000
BCN,3901,0726,063674,2,8,027247,2,9,32799,32768,00000,00000
BCN,3902,1615,063674,2,8,027247,2,9,32799,32768,00000,00000
BCN,3903,0731,063674,2,8,027247,2,9,32799,32768,00000,00000
BCN,3904,0736,063674,2,8,027247,2,9,32799,32768,00000,00000
BCN,3905,0726,063674,2,8,027247,2,9,32799,32768,00000,00000
BCN,3906,0735,063674,2,8,027247,2,9,32799,32768,00000,00000
BCN,3907,0729,059591,2,8,026559,2,9,32799,32768,00000,00000
BCN,3908,1615,059591,2,8,026559,2,9,32799,32768,00000,00000
BCN,3909,1608,059591,2,8,026559,2,9,32799,32768,00000,00000
BCN,3910,1599,059591,2,8,026559,2,9,32799,32768,00000,00000
BCN,3911,0728,059591,2,8,026559,2,9,32799,32768,00000,00000
BCN,3912,1317,059591,2,8,026559,2,9,32799,32768,00000,00000
BCN,3913,1200,069896,2,9,025849,2,8,32800,32768,00000,00000
BCN,3914,1615,069896,2,9,025849,2,8,32800,32768,00000,00000
BCN,3915,1344,069896,2,9,025849,2,8,32800,32768,00000,00000
BCN,3916,1614,069896,2,9,025849,2,8,32800,32768,00000,00000
BCN,3917,0923,069896,2,9,025849,2,8,32800,32768,00000,00000
BCN,3918,1615,069896,2,9,025849,2,8,32800,32768,00000,00000
BCN,3919,1502,069896,2,9,025849,2,8,32800,32768,00000,00000
BCN,3920,1529,063726,2,8,025320,2,8,32800,32768,00000,00000
BCN,3921,0727,063726,2,8,025320,2,8,32800,32768,00000,00000
BCN,3922,1558,063726,2,8,025320,2,8,32800,32768,00000,00000
BCN,3923,1609,063726,2,8,025320,2,8,32800,32768,00000,00000
BCN,3924,1615,063726,2,8,025320,2,8,32800,32768,00000,00000
BCN,3925,0762,063726,2,8,025320,2,8,32800,32768,00000,00000
BCN,3926,0760,065826,2,9,024905,2,8,32800,32767,00000,00000
BCN,3927,0750,065826,2,9,024905,2,8,32800,32767,00000,00000
BCN,3928,0731,065826,2,9,024905,2,8,32800,32767,00000,00000
BCN,3929,1597,065826,2,9,024905,2,8,32800,32767,00000,00000
BCN,3930,1615,065826,2,9,024905,2,8,32800,32767,00000,00000
BCN,3931,1602,065826,2,9,024905,2,8,32800,32767,00000,00000
BCN,3932,1608,061769,2,8,027670,2,9,32800,32768,00000,00000
BCN,3933,1610,061769,2,8,027670,2,9,32800,32768,00000,00000
BCN,3934,0731,061769,2,8,027670,2,9,32800,32768,00000,00000
BCN,3935,0726,061769,2,8,027670,2,9,32800,32768,00000,00000
BCN,3936,1612,061769,2,8,027670,2,9,32800,32768,00000,00000
BCN,3937,0726,061769,2,8,027670,2,9,32800,32768,00000,00000
BCN,3938,0731,065930,2,9,026663,2,9,32799,32768,00000,00000
BCN,3939,1610,065930,2,9,026663,2,9,32799,32768,00000,00000
BCN,3940,0734,065930,2,9,026663,2,9,32799,32768,00000,00000
BCN,3941,0728,065930,2,9,026663,2,9,32799,32768,00000,00000
BCN,3942,0731,065930,2,9,026663,2,9,32799,32768,00000,00000
BCN,3943,0728,065930,2,9,026663,2,9,32799,32768,00000,00000
BCN,3944,0733,066177,2,9,027409,2,9,32799,32768,00000,00000
BCN,3945,1610,066177,2,9,027409,2,9,32799,32768,00000,00000
BCN,3946,1157,066177,2,9,027409,2,9,32799,32768,00000,00000
BCN,3947,1068,066177,2,9,027409,2,9,32799,32768,00000,00000
BCN,3948,0733,066177,2,9,027409,2,9,32799,32768,00000,00000
BCN,3949,0945,066177,2,9,027409,2,9,32799,32768,00000,00000
BCN,3950,0907,072373,2,9,028236,2,9,32800,32768,00000,00000
BCN,3951,1609,072373,2,9,028236,2,9,32800,32768,00000,00000
BCN,3952,1517,072373,2,9,028236,2,9,32800,32768,00000,00000
BCN,3953,1610,072373,2,9,028236,2,9,32800,32768,00000,00000
BCN,3954,0806,072373,2,9,028236,2,9,32800,32768,00000,00000
BCN,3955,1610,072373,2,9,028236,2,9,32800,32768,00000,00000
BCN,3956,1576,072373,2,9,028236,2,9,32800,32768,00000,00000
BCN,3957,1578,068134,2,9,028812,2,9,32800,32768,00000,00000
BCN,3958,0732,068134,2,9,028812,2,9,32800,32768,00000,00000
BCN,3959,1589,068134,2,9,028812,2,9,32800,32768,00000,00000
BCN,3960,1615,068134,2,9,028812,2,9,32800,32768,00000,00000
BCN,3961,1610,068134,2,9,028812,2,9,32800,32768,00000,00000
BCN,3962,0746,068134,2,9,028812,2,9,32800,32768,00000,00000
BCN,3963,0738,066242,2,9,028850,2,9,32800,32768,00000,00000
BCN,3964,0742,066242,2,9,028850,2,9,32800,32768,00000,00000
BCN,3965,0725,066242,2,9,028850,2,9,32800,32768,00000,00000
BCN,3966,1610,066242,2,9,028850,2,9,32800,32768,00000,00000
BCN,3967,1609,066242,2,9,028850,2,9,32800,32768,00000,00000
BCN,3968,1611,066242,2,9,028850,2,9,32800,32768,00000,00000
BCN,3969,1606,064090,2,8,028923,2,9,32799,32768,00000,00000
BCN,3970,1615,064090,2,8,028923,2,9,32799,32768,00000,00000
BCN,3971,0726,064090,2,8,028923,2,9,32799,32768,00000,00000
BCN,3972,0731,064090,2,8,028923,2,9,32799,32768,00000,00000
BCN,3973,1608,064090,2,8,028923,2,9,32799,32768,00000,00000
BCN,3974,0731,064090,2,8,028923,2,9,32799,32768,00000,00000
BCN,3975,0726,061821,2,8,029101,2,9,32800,32768,00000,00000
BCN,3976,1615,061821,2,8,029101,2,9,32800,32768,00000,00000
BCN,3977,0728,061821,2,8,029101,2,9,32800,32768,00000,00000
BCN,3978,0733,061821,2,8,029101,2,9,32800,32768,00000,00000
BCN,3979,1288,061821,2,8,029101,2,9,32800,32768,00000,00000
BCN,3980,0733,061821,2,8,029101,2,9,32800,32768,00000,00000
BCN,3981,0727,063973,2,8,029175,2,9,32800,32768,00000,00000
BCN,3982,1615,063973,2,8,029175,2,9,32800,32768,00000,00000
BCN,3983,0872,063973,2,8,029175,2,9,32800,32768,00000,00000
BCN,3984,0848,063973,2,8,029175,2,9,32800,32768,00000,00000
BCN,3985,0727,063973,2,8,029175,2,9,32800,32768,00000,00000
BCN,3986,0807,063973,2,8,029175,2,9,32800,32768,00000,00000
BCN,3987,0786,063921,2,8,028846,2,9,32799,32768,00000,00000
BCN,3988,1615,063921,2,8,028846,2,9,32799,32768,00000,00000
BCN,3989,1577,063921,2,8,028846,2,9,32799,32768,00000,00000
BCN,3990,1614,063921,2,8,028846,2,9,32799,32768,00000,00000
BCN,3991,0752,063921,2,8,028846,2,9,32799,32768,00000,00000
BCN,3992,1615,063921,2,8,028846,2,9,32799,32768,00000,00000
BCN,3993,1596,063921,2,8,028846,2,9,32799,32768,00000,00000
BCN,3994,1604,061691,2,8,028387,2,9,32800,32768,00000,00000
BCN,3995,0726,061691,2,8,028387,2,9,32800,32768,00000,00000
BCN,3996,1607,061691,2,8,028387,2,9,32800,32768,00000,00000
BCN,3997,1609,061691,2,8,028387,2,9,32800,32768,00000,00000
BCN,3998,1615,061691,2,8,028387,2,9,32800,32768,00000,00000
BCN,3999,0732,061691,2,8,028387,2,9,32800,32768,00000,00000
BCN,4000,0736,061743,2,8,027977,2,9,32800,32768,00000,00000
BCN,4001,0731,061743,2,8,027977,2,9,32800,32768,00000,00000
BCN,4002,0731,061743,2,8,027977,2,9,32800,32768,00000,00000
BCN,4003,1607,061743,2,8,027977,2,9,32800,32768,00000,00000
BCN,4004,1615,061743,2,8,027977,2,9,32800,32768,00000,00000
BCN,4005,1607,061743,2,8,027977,2,9,32800,32768,00000,00000
BCN,4006,1613,063778,2,8,027404,2,9,32799,32768,00000,00000
BCN,4007,1568,063778,2,8,027404,2,9,32799,32768,00000,00000
BCN,4008,0731,063778,2,8,027404,2,9,32799,32768,00000,00000
BCN,4009,1109,063778,2,8,027404,2,9,32799,32768,00000,00000
BCN,4010,1614,063778,2,8,027404,2,9,32799,32768,00000,00000
BCN,4011,1297,063778,2,8,027404,2,9,32799,32768,00000,00000
BCN,4012,1366,059669,2,8,026705,2,9,32799,32768,00000,00000
BCN,4013,1609,059669,2,8,026705,2,9,32799,32768,00000,00000
BCN,4014,0732,059669,2,8,026705,2,9,32799,32768,00000,00000
BCN,4015,0727,059669,2,8,026705,2,9,32799,32768,00000,00000
BCN,4016,1517,059669,2,8,026705,2,9,32799,32768,00000,00000
BCN,4017,0727,059669,2,8,026705,2,9,32799,32768,00000,00000
BCN,4018,0732,069961,2,9,026039,2,8,32800,32768,00000,00000
BCN,4019,1609,069961,2,9,026039,2,8,32800,32768,00000,00000
BCN,4020,0780,069961,2,9,026039,2,8,32800,32768,00000,00000
BCN,4021,0765,069961,2,9,026039,2,8,32800,32768,00000,00000
BCN,4022,0732,069961,2,9,026039,2,8,32800,32768,00000,00000
BCN,4023,0752,069961,2,9,026039,2,8,32800,32768,00000,00000
BCN,4024,0752,063765,2,8,025355,2,8,32800,32768,00000,00000
BCN,4025,1609,063765,2,8,025355,2,8,32800,32768,00000,00000
BCN,4026,1603,063765,2,8,025355,2,8,32800,32768,00000,00000
BCN,4027,1609,063765,2,8,025355,2,8,32800,32768,00000,00000
BCN,4028,0742,063765,2,8,025355,2,8,32800,32768,00000,00000
BCN,4029,1610,063765,2,8,025355,2,8,32800,32768,00000,00000
BCN,4030,1610,063765,2,8,025355,2,8,32800,32768,00000,00000
BCN,4031,1605,065865,2,9,025119,2,8,32800,32767,00000,00000
BCN,4032,0732,065865,2,9,025119,2,8,32800,32767,00000,00000
BCN,4033,1606,065865,2,9,025119,2,8,32800,32767,00000,00000
BCN,4034,1615,065865,2,9,025119,2,8,32800,32767,00000,00000
BCN,4035,1609,065865,2,9,025119,2,8,32800,32767,00000,00000
BCN,4036,0734,065865,2,9,025119,2,8,32800,32767,00000,00000
BCN,4037,0728,061795,2,8,027567,2,9,32800,32768,00000,00000
BCN,4038,0734,061795,2,8,027567,2,9,32800,32768,00000,00000
BCN,4039,0725,061795,2,8,027567,2,9,32800,32768,00000,00000
BCN,4040,1613,061795,2,8,027567,2,9,32800,32768,00000,00000
BCN,4041,1609,061795,2,8,027567,2,9,32800,32768,00000,00000
BCN,4042,1192,061795,2,8,027567,2,9,32800,32768,00000,00000
BCN,4043,1093,063817,2,8,026765,2,9,32799,32768,00000,00000
BCN,4044,1025,063817,2,8,026765,2,9,32799,32768,00000,00000
BCN,4045,0726,063817,2,8,026765,2,9,32799,32768,00000,00000
BCN,4046,1453,063817,2,8,026765,2,9,32799,32768,00000,00000
BCN,4047,1608,063817,2,8,026765,2,9,32799,32768,00000,00000
BCN,4048,1515,063817,2,8,026765,2,9,32799,32768,00000,00000
BCN,4049,1530,061847,2,8,027599,2,9,32799,32768,00000,00000
BCN,4050,1615,061847,2,8,027599,2,9,32799,32768,00000,00000
BCN,4051,0727,061847,2,8,027599,2,9,32799,32768,00000,00000
BCN,4052,0732,061847,2,8,027599,2,9,32799,32768,00000,00000
BCN,4053,1577,061847,2,8,027599,2,9,32799,32768,00000,00000
BCN,4054,0732,061847,2,8,027599,2,9,32799,32768,00000,00000
BCN,4055,0726,072191,2,9,028530,2,9,32800,32768,00000,00000
BCN,4056,1615,072191,2,9,028530,2,9,32800,32768,00000,00000
BCN,4057,0743,072191,2,9,028530,2,9,32800,32768,00000,00000
BCN,4058,0746,072191,2,9,028530,2,9,32800,32768,00000,00000
BCN,4059,0726,072191,2,9,028530,2,9,32800,32768,00000,00000
BCN,4060,0742,072191,2,9,028530,2,9,32800,32768,00000,00000
BCN,4061,0734,066047,2,9,028765,2,9,32800,32768,00000,00000
BCN,4062,1614,066047,2,9,028765,2,9,32800,32768,00000,00000
BCN,4063,1605,066047,2,9,028765,2,9,32800,32768,00000,00000
BCN,4064,1614,066047,2,9,028765,2,9,32800,32768,00000,00000
BCN,4065,0730,066047,2,9,028765,2,9,32800,32768,00000,00000
BCN,4066,1614,066047,2,9,028765,2,9,32800,32768,00000,00000
BCN,4067,1607,066047,2,9,028765,2,9,32800,32768,00000,00000
BCN,4068,1613,066216,2,9,028894,2,9,32800,32768,00000,00000
BCN,4069,0726,066216,2,9,028894,2,9,32800,32768,00000,00000
BCN,4070,1613,066216,2,9,028894,2,9,32800,32768,00000,00000
BCN,4071,1595,066216,2,9,028894,2,9,32800,32768,00000,00000
BCN,4072,1615,066216,2,9,028894,2,9,32800,32768,00000,00000
BCN,4073,1096,066216,2,9,028894,2,9,32800,32768,00000,00000
BCN,4074,1211,060137,2,8,029042,2,9,32799,32768,00000,00000
BCN,4075,0728,060137,2,8,029042,2,9,32799,32768,00000,00000
BCN,4076,1358,060137,2,8,029042,2,9,32799,32768,00000,00000
BCN,4077,1608,060137,2,8,029042,2,9,32799,32768,00000,00000
BCN,4078,1615,060137,2,8,029042,2,9,32799,32768,00000,00000
BCN,4079,0874,060137,2,8,029042,2,9,32799,32768,00000,00000
BCN,4080,0849,064077,2,8,029160,2,9,32800,32768,00000,00000
BCN,4081,0821,064077,2,8,029160,2,9,32800,32768,00000,00000
BCN,4082,0731,064077,2,8,029160,2,9,32800,32768,00000,00000
BCN,4083,1558,064077,2,8,029160,2,9,32800,32768,00000,00000
BCN,4084,1614,064077,2,8,029160,2,9,32800,32768,00000,00000
BCN,4085,1576,064077,2,8,029160,2,9,32800,32768,00000,00000
BCN,4086,1589,066281,2,9,028877,2,9,32800,32768,00000,00000
BCN,4087,1609,066281,2,9,028877,2,9,32800,32768,00000,00000
BCN,4088,0731,066281,2,9,028877,2,9,32800,32768,00000,00000
BCN,4089,0726,066281,2,9,028877,2,9,32800,32768,00000,00000
BCN,4090,1603,066281,2,9,028877,2,9,32800,32768,00000,00000
BCN,4091,0726,066281,2,9,028877,2,9,32800,32768,00000,00000
BCN,4092,0732,060189,2,8,028442,2,9,32799,32768,00000,00000
BCN,4093,1609,060189,2,8,028442,2,9,32799,32768,00000,00000
BCN,4094,0738,060189,2,8,028442,2,9,32799,32768,00000,00000
BCN,4095,0732,060189,2,8,028442,2,9,32799,32768,00000,00000
BCN,4096,0731,060189,2,8,028442,2,9,32799,32768,00000,00000
BCN,4097,0731,060189,2,8,028442,2,9,32799,32768,00000,00000
BCN,4098,0735,064116,2,8,028071,2,9,32800,32768,00000,00000
BCN,4099,1609,064116,2,8,028071,2,9,32800,32768,00000,00000
BCN,4100,1612,064116,2,8,028071,2,9,32800,32768,00000,00000
BCN,4101,1609,064116,2,8,028071,2,9,32800,32768,00000,00000
BCN,4102,0734,064116,2,8,028071,2,9,32800,32768,00000,00000
BCN,4103,1585,064116,2,8,028071,2,9,32800,32768,00000,00000
BCN,4104,1430,064116,2,8,028071,2,9,32800,32768,00000,00000
BCN,4105,1608,066307,2,9,027758,2,9,32800,32768,00000,00000
BCN,4106,1218,066307,2,9,027758,2,9,32800,32768,00000,00000
BCN,4107,1608,066307,2,9,027758,2,9,32800,32768,00000,00000
BCN,4108,1017,066307,2,9,027758,2,9,32800,32768,00000,00000
BCN,4109,1609,066307,2,9,027758,2,9,32800,32768,00000,00000
BCN,4110,1459,066307,2,9,027758,2,9,32800,32768,00000,00000
BCN,4111,1485,060215,2,8,026939,2,9,32799,32768,00000,00000
BCN,4112,0733,060215,2,8,026939,2,9,32799,32768,00000,00000
BCN,4113,1530,060215,2,8,026939,2,9,32799,32768,00000,00000
BCN,4114,1614,060215,2,8,026939,2,9,32799,32768,00000,00000
BCN,4115,1609,060215,2,8,026939,2,9,32799,32768,00000,00000
BCN,4116,0779,060215,2,8,026939,2,9,32799,32768,00000,00000
BCN,4117,0765,066268,2,9,026182,2,8,32800,32768,00000,00000
BCN,4118,0764,066268,2,9,026182,2,8,32800,32768,00000,00000
BCN,4119,0725,066268,2,9,026182,2,8,32800,32768,00000,00000
BCN,4120,1598,066268,2,9,026182,2,8,32800,32768,00000,00000
BCN,4121,1609,066268,2,9,026182,2,8,32800,32768,00000,00000
BCN,4122,1603,066268,2,9,026182,2,8,32800,32768,00000,00000
BCN,4123,1600,053941,2,7,025392,2,8,32800,32768,00000,00000
BCN,4124,1615,053941,2,7,025392,2,8,32800,32768,00000,00000
BCN,4125,0726,053941,2,7,025392,2,8,32800,32768,00000,00000
BCN,4126,0731,053941,2,7,025392,2,8,32800,32768,00000,00000
BCN,4127,1605,053941,2,7,025392,2,8,32800,32768,00000,00000
BCN,4128,0731,053941,2,7,025392,2,8,32800,32768,00000,00000
BCN,4129,0726,064259,2,8,025091,2,8,32799,32767,00000,00000
BCN,4130,1615,064259,2,8,025091,2,8,32799,32767,00000,00000
BCN,4131,0729,064259,2,8,025091,2,8,32799,32767,00000,00000
BCN,4132,0734,064259,2,8,025091,2,8,32799,32767,00000,00000
BCN,4133,0726,064259,2,8,025091,2,8,32799,32767,00000,00000
BCN,4134,0734,064259,2,8,025091,2,8,32799,32767,00000,00000
BCN,4135,0728,072490,2,9,027641,2,9,32799,32768,00000,00000
BCN,4136,1614,072490,2,9,027641,2,9,32799,32768,00000,00000
BCN,4137,1243,072490,2,9,027641,2,9,32799,32768,00000,00000
BCN,4138,1143,072490,2,9,027641,2,9,32799,32768,00000,00000
BCN,4139,0727,072490,2,9,027641,2,9,32799,32768,00000,00000
BCN,4140,0990,072490,2,9,027641,2,9,32799,32768,00000,00000
BCN,4141,0931,072490,2,9,027641,2,9,32799,32768,00000,00000
BCN,4142,1614,066268,2,9,027161,2,9,32800,32768,00000,00000
BCN,4143,1497,066268,2,9,027161,2,9,32800,32768,00000,00000
BCN,4144,1614,066268,2,9,027161,2,9,32800,32768,00000,00000
BCN,4145,0809,066268,2,9,027161,2,9,32800,32768,00000,00000
BCN,4146,1615,066268,2,9,027161,2,9,32800,32768,00000,00000
BCN,4147,1566,066268,2,9,027161,2,9,32800,32768,00000,00000
BCN,4148,1580,064259,2,8,028106,2,9,32800,32768,00000,00000
BCN,4149,0727,064259,2,8,028106,2,9,32800,32768,00000,00000
BCN,4150,1592,064259,2,8,028106,2,9,32800,32768,00000,00000
BCN,4151,1609,064259,2,8,028106,2,9,32800,32768,00000,00000
BCN,4152,1615,064259,2,8,028106,2,9,32800,32768,00000,00000
BCN,4153,0741,064259,2,8,028106,2,9,32800,32768,00000,00000
BCN,4154,0744,060202,2,8,028618,2,9,32799,32768,00000,00000
BCN,4155,0737,060202,2,8,028618,2,9,32799,32768,00000,00000
BCN,4156,0731,060202,2,8,028618,2,9,32799,32768,00000,00000
BCN,4157,1604,060202,2,8,028618,2,9,32799,32768,00000,00000
BCN,4158,1614,060202,2,8,028618,2,9,32799,32768,00000,00000
BCN,4159,1605,060202,2,8,028618,2,9,32799,32768,00000,00000
BCN,4160,1611,064129,2,8,028967,2,9,32800,32768,00000,00000
BCN,4161,1609,064129,2,8,028967,2,9,32800,32768,00000,00000
BCN,4162,0731,064129,2,8,028967,2,9,32800,32768,00000,00000
BCN,4163,0726,064129,2,8,028967,2,9,32800,32768,00000,00000
BCN,4164,1613,064129,2,8,028967,2,9,32800,32768,00000,00000
BCN,4165,0726,064129,2,8,028967,2,9,32800,32768,00000,00000
BCN,4166,0731,066320,2,9,029046,2,9,32800,32768,00000,00000
BCN,4167,1609,066320,2,9,029046,2,9,32800,32768,00000,00000
BCN,4168,0733,066320,2,9,029046,2,9,32800,32768,00000,00000
BCN,4169,0727,066320,2,9,029046,2,9,32800,32768,00000,00000
BCN,4170,1296,066320,2,9,029046,2,9,32800,32768,00000,00000
BCN,4171,0727,066320,2,9,029046,2,9,32800,32768,00000,00000
BCN,4172,0732,060215,2,8,029075,2,9,32799,32768,00000,00000
BCN,4173,1609,060215,2,8,029075,2,9,32799,32768,00000,00000
BCN,4174,0874,060215,2,8,029075,2,9,32799,32768,00000,00000
BCN,4175,0840,060215,2,8,029075,2,9,32799,32768,00000,00000
BCN,4176,0732,060215,2,8,029075,2,9,32799,32768,00000,00000
BCN,4177,0800,060215,2,8,029075,2,9,32799,32768,00000,00000
BCN,4178,0790,060215,2,8,029075,2,9,32799,32768,00000,00000
BCN,4179,1609,064142,2,8,028838,2,9,32800,32768,00000,00000
BCN,4180,1583,064142,2,8,028838,2,9,32800,32768,00000,00000
BCN,4181,1609,064142,2,8,028838,2,9,32800,32768,00000,00000
BCN,4182,0756,064142,2,8,028838,2,9,32800,32768,00000,00000
BCN,4183,1609,064142,2,8,028838,2,9,32800,32768,00000,00000
BCN,4184,1601,064142,2,8,028838,2,9,32800,32768,00000,00000
BCN,4185,1599,066320,2,9,028445,2,9,32800,32768,00000,00000
BCN,4186,0732,066320,2,9,028445,2,9,32800,32768,00000,00000
BCN,4187,1602,066320,2,9,028445,2,9,32800,32768,00000,00000
BCN,4188,1614,066320,2,9,028445,2,9,32800,32768,00000,00000
BCN,4189,1609,066320,2,9,028445,2,9,32800,32768,00000,00000
BCN,4190,0737,066320,2,9,028445,2,9,32800,32768,00000,00000
BCN,4191,0731,062185,2,8,027860,2,9,32799,32768,00000,00000
BCN,4192,0736,062185,2,8,027860,2,9,32799,32768,00000,00000
BCN,4193,0725,062185,2,8,027860,2,9,32799,32768,00000,00000
BCN,4194,1612,062185,2,8,027860,2,9,32799,32768,00000,00000
BCN,4195,1609,062185,2,8,027860,2,9,32799,32768,00000,00000
BCN,4196,1613,062185,2,8,027860,2,9,32799,32768,00000,00000
BCN,4197,1607,064077,2,8,027102,2,9,32800,32768,00000,00000
BCN,4198,1515,064077,2,8,027102,2,9,32800,32768,00000,00000
BCN,4199,0726,064077,2,8,027102,2,9,32800,32768,00000,00000
BCN,4200,1161,064077,2,8,027102,2,9,32800,32768,00000,00000
BCN,4201,1608,064077,2,8,027102,2,9,32800,32768,00000,00000
BCN,4202,1331,064077,2,8,027102,2,9,32800,32768,00000,00000
BCN,4203,1387,064142,2,8,026419,2,8,32800,32768,00000,00000
BCN,4204,1614,064142,2,8,026419,2,8,32800,32768,00000,00000
BCN,4205,0727,064142,2,8,026419,2,8,32800,32768,00000,00000
BCN,4206,0732,064142,2,8,026419,2,8,32800,32768,00000,00000
BCN,4207,1523,064142,2,8,026419,2,8,32800,32768,00000,00000
BCN,4208,0732,064142,2,8,026419,2,8,32800,32768,00000,00000
BCN,4209,0726,064038,2,8,025694,2,8,32799,32768,00000,00000
BCN,4210,1614,064038,2,8,025694,2,8,32799,32768,00000,00000
BCN,4211,0768,064038,2,8,025694,2,8,32799,32768,00000,00000
BCN,4212,0766,064038,2,8,025694,2,8,32799,32768,00000,00000
BCN,4213,0726,064038,2,8,025694,2,8,32799,32768,00000,00000
BCN,4214,0755,064038,2,8,025694,2,8,32799,32768,00000,00000
BCN,4215,0745,064038,2,8,025694,2,8,32799,32768,00000,00000
BCN,4216,1614,061782,2,8,024811,2,8,32800,32767,00000,00000
BCN,4217,1599,061782,2,8,024811,2,8,32800,32767,00000,00000
BCN,4218,1614,061782,2,8,024811,2,8,32800,32767,00000,00000
BCN,4219,0735,061782,2,8,024811,2,8,32800,32767,00000,00000
BCN,4220,1615,061782,2,8,024811,2,8,32800,32767,00000,00000
BCN,4221,1604,061782,2,8,024811,2,8,32800,32767,00000,00000
BCN,4222,1610,061808,2,8,027546,2,9,32800,32768,00000,00000
BCN,4223,0726,061808,2,8,027546,2,9,32800,32768,00000,00000
BCN,4224,1611,061808,2,8,027546,2,9,32800,32768,00000,00000
BCN,4225,1609,061808,2,8,027546,2,9,32800,32768,00000,00000
BCN,4226,1615,061808,2,8,027546,2,9,32800,32768,00000,00000
BCN,4227,0728,061808,2,8,027546,2,9,32800,32768,00000,00000
BCN,4228,0733,063830,2,8,026717,2,9,32799,32768,00000,00000
BCN,4229,0728,063830,2,8,026717,2,9,32799,32768,00000,00000
BCN,4230,0945,063830,2,8,026717,2,9,32799,32768,00000,00000
BCN,4231,1608,063830,2,8,026717,2,9,32799,32768,00000,00000
BCN,4232,1615,063830,2,8,026717,2,9,32799,32768,00000,00000
BCN,4233,1098,063830,2,8,026717,2,9,32799,32768,00000,00000
BCN,4234,1029,059708,2,8,027692,2,9,32799,32768,00000,00000
BCN,4235,0963,059708,2,8,027692,2,9,32799,32768,00000,00000
BCN,4236,0731,059708,2,8,027692,2,9,32799,32768,00000,00000
BCN,4237,1479,059708,2,8,027692,2,9,32799,32768,00000,00000
BCN,4238,1614,059708,2,8,027692,2,9,32799,32768,00000,00000
BCN,4239,1527,059708,2,8,027692,2,9,32799,32768,00000,00000
BCN,4240,1549,069987,2,9,028561,2,9,32800,32768,00000,00000
BCN,4241,1609,069987,2,9,028561,2,9,32800,32768,00000,00000
BCN,4242,0732,069987,2,9,028561,2,9,32800,32768,00000,00000
BCN,4243,0726,069987,2,9,028561,2,9,32800,32768,00000,00000
BCN,4244,1587,069987,2,9,028561,2,9,32800,32768,00000,00000
BCN,4245,0726,069987,2,9,028561,2,9,32800,32768,00000,00000
BCN,4246,0732,063791,2,8,028717,2,9,32800,32768,00000,00000
BCN,4247,1609,063791,2,8,028717,2,9,32800,32768,00000,00000
BCN,4248,0746,063791,2,8,028717,2,9,32800,32768,00000,00000
BCN,4249,0738,063791,2,8,028717,2,9,32800,32768,00000,00000
BCN,4250,0732,063791,2,8,028717,2,9,32800,32768,00000,00000
