BCN,4383,4023,061834,2,8,128236,2,8,32800,32770,00000,00000
BCN,4384,4095,061834,2,8,128236,2,8,32800,32770,00000,00000<DAPLink:Overflow>
BCN,6242,4075,063765,2,8,144500,2,9,32800,32799,00000,00000
BCN,6243,4023,063765,2,8,144500,2,9,32800,32799,00000,00000
BCN,6244,0000,063765,2,8,144500,2,9,32800,32799,00000,00000
BCN,6245,4031,063765,2,8,144500,2,9,32800,32799,00000,00000
BCN,6246,4086,063765,2,8,144500,2,9,32800,32799,00000,00000
BCN,6247,4086,067809,2,9,144588,2,9,32800,32799,00000,00000
BCN,6248,0000,067809,2,9,144588,2,9,32800,32799,00000,00000
BCN,6249,0000,067809,2,9,144588,2,9,32800,32799,00000,00000
BCN,6250,0000,067809,2,9,144588,2,9,32800,32799,00000,00000
BCN,6251,0000,067809,2,9,144588,2,9,32800,32799,00000,00000
BCN,6252,4059,067809,2,9,144588,2,9,32800,32799,00000,00000
BCN,6253,4087,061717,2,8,144548,2,9,32800,32799,00000,00000
BCN,6254,4087,061717,2,8,144548,2,9,32800,32799,00000,00000
BCN,6255,4079,061717,2,8,144548,2,9,32800,32799,00000,00000
BCN,6256,4095,061717,2,8,144548,2,9,32800,32799,00000,00000
BCN,6257,0000,061717,2,8,144548,2,9,32800,32799,00000,00000
BCN,6258,0000,061717,2,8,144548,2,9,32800,32799,00000,00000
BCN,6259,4091,063765,2,8,144526,2,9,32799,32799,00000,00000
BCN,6260,0000,063765,2,8,144526,2,9,32799,32799,00000,00000
BCN,6261,0000,063765,2,8,144526,2,9,32799,32799,00000,00000
BCN,6262,4087,063765,2,8,144526,2,9,32799,32799,00000,00000
BCN,6263,0000,063765,2,8,144526,2,9,32799,32799,00000,00000
BCN,6264,0000,063765,2,8,144526,2,9,32799,32799,00000,00000
BCN,6265,0000,061808,2,8,140496,2,9,32799,32799,00000,00000
BCN,6266,0000,061808,2,8,140496,2,9,32799,32799,00000,00000
BCN,6267,0000,061808,2,8,140496,2,9,32799,32799,00000,00000
BCN,6268,4093,061808,2,8,140496,2,9,32799,32799,00000,00000
BCN,6269,4031,061808,2,8,140496,2,9,32799,32799,00000,00000
BCN,6270,0000,061808,2,8,140496,2,9,32799,32799,00000,00000
BCN,6271,0000,070026,2,9,136410,2,9,32800,32799,00000,00000
BCN,6272,0000,070026,2,9,136410,2,9,32800,32799,00000,00000
BCN,6273,0000,070026,2,9,136410,2,9,32800,32799,00000,00000
BCN,6274,4085,070026,2,9,136410,2,9,32800,32799,00000,00000
BCN,6275,4031,070026,2,9,136410,2,9,32800,32799,00000,00000
BCN,6276,4091,070026,2,9,136410,2,9,32800,32799,00000,00000
BCN,6277,0000,070026,2,9,136410,2,9,32800,32799,00000,00000
BCN,6278,4086,065956,2,9,136322,2,9,32800,32799,00000,00000
BCN,6279,4095,065956,2,9,136322,2,9,32800,32799,00000,00000
BCN,6280,4095,065956,2,9,136322,2,9,32800,32799,00000,00000
BCN,6281,0000,065956,2,9,136322,2,9,32800,32799,00000,00000
BCN,6282,4061,065956,2,9,136322,2,9,32800,32799,00000,00000
BCN,6283,4074,065956,2,9,136322,2,9,32800,32799,00000,00000
BCN,6284,4079,064012,2,8,132693,2,8,32800,32799,00000,00000
BCN,6285,0000,064012,2,8,132693,2,8,32800,32799,00000,00000
BCN,6286,0000,064012,2,8,132693,2,8,32800,32799,00000,00000
BCN,6287,0000,064012,2,8,132693,2,8,32800,32799,00000,00000
BCN,6288,0000,064012,2,8,132693,2,8,32800,32799,00000,00000
BCN,6289,4093,064012,2,8,132693,2,8,32800,32799,00000,00000
BCN,6290,4077,060033,2,8,127954,2,8,32799,32799,00000,00000
BCN,6291,4023,060033,2,8,127954,2,8,32799,32799,00000,00000
BCN,6292,4095,060033,2,8,127954,2,8,32799,32799,00000,00000
BCN,6293,4091,060033,2,8,127954,2,8,32799,32799,00000,00000
BCN,6294,0000,060033,2,8,127954,2,8,32799,32799,00000,00000
BCN,6295,0000,060033,2,8,127954,2,8,32799,32799,00000,00000
BCN,6296,4095,063999,2,8,128309,2,8,32800,32799,00000,00000
BCN,6297,0000,063999,2,8,128309,2,8,32800,32799,00000,00000
BCN,6298,0000,063999,2,8,128309,2,8,32800,32799,00000,00000
BCN,6299,4079,063999,2,8,128309,2,8,32800,32799,00000,00000
BCN,6300,0000,063999,2,8,128309,2,8,32800,32799,00000,00000
BCN,6301,0000,063999,2,8,128309,2,8,32800,32799,00000,00000
BCN,6302,0000,066216,2,9,124352,2,8,32800,32799,00000,00000
BCN,6303,0000,066216,2,9,124352,2,8,32800,32799,00000,00000
BCN,6304,0000,066216,2,9,124352,2,8,32800,32799,00000,00000
BCN,6305,4087,066216,2,9,124352,2,8,32800,32799,00000,00000
BCN,6306,4014,066216,2,9,124352,2,8,32800,32799,00000,00000
BCN,6307,4031,066216,2,9,124352,2,8,32800,32799,00000,00000
BCN,6308,0000,064064,2,8,120305,2,8,32799,32799,00000,00000
BCN,6309,4095,064064,2,8,120305,2,8,32799,32799,00000,00000
BCN,6310,0000,064064,2,8,120305,2,8,32799,32799,00000,00000
BCN,6311,4079,064064,2,8,120305,2,8,32799,32799,00000,00000
BCN,6312,4079,064064,2,8,120305,2,8,32799,32799,00000,00000
BCN,6313,4095,064064,2,8,120305,2,8,32799,32799,00000,00000
BCN,6314,0000,064064,2,8,120305,2,8,32799,32799,00000,00000
BCN,6315,4093,061808,2,8,120243,2,8,32800,32799,00000,00000
BCN,6316,4092,061808,2,8,120243,2,8,32800,32799,00000,00000
BCN,6317,4091,061808,2,8,120243,2,8,32800,32799,00000,00000
BCN,6318,0000,061808,2,8,120243,2,8,32800,32799,00000,00000
BCN,6319,4063,061808,2,8,120243,2,8,32800,32799,00000,00000
BCN,6320,4078,061808,2,8,120243,2,8,32800,32799,00000,00000
BCN,6321,4095,061821,2,8,116543,2,7,32800,32799,00000,00000
BCN,6322,0000,061821,2,8,116543,2,7,32800,32799,00000,00000
BCN,6323,0000,061821,2,8,116543,2,7,32800,32799,00000,00000
BCN,6324,0000,061821,2,8,116543,2,7,32800,32799,00000,00000
BCN,6325,0000,061821,2,8,116543,2,7,32800,32799,00000,00000
BCN,6326,4086,061821,2,8,116543,2,7,32800,32799,00000,00000
BCN,6327,4091,063843,2,8,116156,2,7,32799,32800,00000,00000
BCN,6328,4091,063843,2,8,116156,2,7,32799,32800,00000,00000
BCN,6329,4077,063843,2,8,116156,2,7,32799,32800,00000,00000
BCN,6330,4063,063843,2,8,116156,2,7,32799,32800,00000,00000
BCN,6331,0000,063843,2,8,116156,2,7,32799,32800,00000,00000
BCN,6332,0000,063843,2,8,116156,2,7,32799,32800,00000,00000
BCN,6333,4030,059721,2,8,131109,2,8,32799,32799,00000,00000
BCN,6334,0000,059721,2,8,131109,2,8,32799,32799,00000,00000
BCN,6335,0000,059721,2,8,131109,2,8,32799,32799,00000,00000
BCN,6336,4093,059721,2,8,131109,2,8,32799,32799,00000,00000
BCN,6337,0000,059721,2,8,131109,2,8,32799,32799,00000,00000
BCN,6338,0000,059721,2,8,131109,2,8,32799,32799,00000,00000
BCN,6339,0000,069987,2,9,120050,2,8,32800,32799,00000,00000
BCN,6340,0000,069987,2,9,120050,2,8,32800,32799,00000,00000
BCN,6341,0000,069987,2,9,120050,2,8,32800,32799,00000,00000
BCN,6342,4095,069987,2,9,120050,2,8,32800,32799,00000,00000
BCN,6343,4077,069987,2,9,120050,2,8,32800,32799,00000,00000
BCN,6344,4079,069987,2,9,120050,2,8,32800,32799,00000,00000
BCN,6345,0000,063791,2,8,120513,2,8,32800,32799,00000,00000
BCN,6346,4087,063791,2,8,120513,2,8,32800,32799,00000,00000
BCN,6347,4031,063791,2,8,120513,2,8,32800,32799,00000,00000
BCN,6348,4059,063791,2,8,120513,2,8,32800,32799,00000,00000
BCN,6349,0000,063791,2,8,120513,2,8,32800,32799,00000,00000
BCN,6350,4087,063791,2,8,120513,2,8,32800,32799,00000,00000
BCN,6351,0000,063791,2,8,120513,2,8,32800,32799,00000,00000
BCN,6352,4095,065878,2,9,120403,2,8,32800,32799,00000,00000
BCN,6353,4057,065878,2,9,120403,2,8,32800,32799,00000,00000
BCN,6354,4063,065878,2,9,120403,2,8,32800,32799,00000,00000
BCN,6355,0000,065878,2,9,120403,2,8,32800,32799,00000,00000
BCN,6356,4094,065878,2,9,120403,2,8,32800,32799,00000,00000
BCN,6357,4027,065878,2,9,120403,2,8,32800,32799,00000,00000
BCN,6358,4095,059890,2,8,128864,2,8,32799,32799,00000,00000
BCN,6359,0000,059890,2,8,128864,2,8,32799,32799,00000,00000
BCN,6360,0000,059890,2,8,128864,2,8,32799,32799,00000,00000
BCN,6361,0000,059890,2,8,128864,2,8,32799,32799,00000,00000
BCN,6362,0000,059890,2,8,128864,2,8,32799,32799,00000,00000
BCN,6363,4093,059890,2,8,128864,2,8,32799,32799,00000,00000
BCN,6364,4095,063895,2,8,128369,2,8,32800,32799,00000,00000
BCN,6365,4023,063895,2,8,128369,2,8,32800,32799,00000,00000
BCN,6366,4079,063895,2,8,128369,2,8,32800,32799,00000,00000
BCN,6367,4091,063895,2,8,128369,2,8,32800,32799,00000,00000
BCN,6368,0000,063895,2,8,128369,2,8,32800,32799,00000,00000
BCN,6369,0000,063895,2,8,128369,2,8,32800,32799,00000,00000
BCN,6370,3965,053902,2,7,132447,2,8,32799,32799,00000,00000
BCN,6371,0000,053902,2,7,132447,2,8,32799,32799,00000,00000
BCN,6372,0000,053902,2,7,132447,2,8,32799,32799,00000,00000
BCN,6373,4059,053902,2,7,132447,2,8,32799,32799,00000,00000
BCN,6374,0000,053902,2,7,132447,2,8,32799,32799,00000,00000
BCN,6375,0000,053902,2,7,132447,2,8,32799,32799,00000,00000
BCN,6376,0000,053850,2,7,132364,2,8,32800,32799,00000,00000
BCN,6377,0000,053850,2,7,132364,2,8,32800,32799,00000,00000
BCN,6378,0000,053850,2,7,132364,2,8,32800,32799,00000,00000
BCN,6379,4059,053850,2,7,132364,2,8,32800,32799,00000,00000
BCN,6380,4079,053850,2,7,132364,2,8,32800,32799,00000,00000
BCN,6381,4076,053850,2,7,132364,2,8,32800,32799,00000,00000
BCN,6382,0000,060085,2,8,136186,2,9,32799,32799,00000,00000
BCN,6383,4087,060085,2,8,136186,2,9,32799,32799,00000,00000
BCN,6384,4091,060085,2,8,136186,2,9,32799,32799,00000,00000
BCN,6385,4093,060085,2,8,136186,2,9,32799,32799,00000,00000
BCN,6386,0000,060085,2,8,136186,2,9,32799,32799,00000,00000
BCN,6387,4079,060085,2,8,136186,2,9,32799,32799,00000,00000
BCN,6388,4087,060085,2,8,136186,2,9,32799,32799,00000,00000
BCN,6389,4079,064038,2,8,136529,2,9,32800,32799,00000,00000
BCN,6390,3961,064038,2,8,136529,2,9,32800,32799,00000,00000
BCN,6391,4075,064038,2,8,136529,2,9,32800,32799,00000,00000
BCN,6392,0000,064038,2,8,136529,2,9,32800,32799,00000,00000
BCN,6393,4031,064038,2,8,136529,2,9,32800,32799,00000,00000
BCN,6394,4086,064038,2,8,136529,2,9,32800,32799,00000,00000
BCN,6395,4075,066255,2,9,136380,2,9,32800,32799,00000,00000
BCN,6396,0000,066255,2,9,136380,2,9,32800,32799,00000,00000
BCN,6397,0000,066255,2,9,136380,2,9,32800,32799,00000,00000
BCN,6398,0000,066255,2,9,136380,2,9,32800,32799,00000,00000
BCN,6399,0000,066255,2,9,136380,2,9,32800,32799,00000,00000
BCN,6400,4086,066255,2,9,136380,2,9,32800,32799,00000,00000
BCN,6401,4015,062133,2,8,140600,2,9,32799,32799,00000,00000
BCN,6402,4095,062133,2,8,140600,2,9,32799,32799,00000,00000
BCN,6403,4055,062133,2,8,140600,2,9,32799,32799,00000,00000
BCN,6404,4077,062133,2,8,140600,2,9,32799,32799,00000,00000
BCN,6405,0000,062133,2,8,140600,2,9,32799,32799,00000,00000
BCN,6406,0000,062133,2,8,140600,2,9,32799,32799,00000,00000
BCN,6407,4030,064038,2,8,144205,2,9,32800,32799,00000,00000
BCN,6408,0000,064038,2,8,144205,2,9,32800,32799,00000,00000
BCN,6409,0000,064038,2,8,144205,2,9,32800,32799,00000,00000
BCN,6410,4075,064038,2,8,144205,2,9,32800,32799,00000,00000
BCN,6411,0000,064038,2,8,144205,2,9,32800,32799,00000,00000
BCN,6412,0000,064038,2,8,144205,2,9,32800,32799,00000,00000
BCN,6413,0000,064103,2,8,144652,2,9,32800,32799,00000,00000
BCN,6414,0000,064103,2,8,144652,2,9,32800,32799,00000,00000
BCN,6415,0000,064103,2,8,144652,2,9,32800,32799,00000,00000
BCN,6416,4092,064103,2,8,144652,2,9,32800,32799,00000,00000
BCN,6417,4077,064103,2,8,144652,2,9,32800,32799,00000,00000
BCN,6418,4029,064103,2,8,144652,2,9,32800,32799,00000,00000
BCN,6419,0000,064025,2,8,148256,2,9,32799,32799,00000,00000
BCN,6420,4095,064025,2,8,148256,2,9,32799,32799,00000,00000
BCN,6421,4063,064025,2,8,148256,2,9,32799,32799,00000,00000
BCN,6422,4031,064025,2,8,148256,2,9,32799,32799,00000,00000
BCN,6423,0000,064025,2,8,148256,2,9,32799,32799,00000,00000
BCN,6424,4095,064025,2,8,148256,2,9,32799,32799,00000,00000
BCN,6425,4047,064025,2,8,148256,2,9,32799,32799,00000,00000
BCN,6426,4095,061769,2,8,148778,2,9,32800,32799,00000,00000
BCN,6427,0000,061769,2,8,148778,2,9,32800,32799,00000,00000
BCN,6428,0000,061769,2,8,148778,2,9,32800,32799,00000,00000
BCN,6429,0000,061769,2,8,148778,2,9,32800,32799,00000,00000
BCN,6430,0000,061769,2,8,148778,2,9,32800,32799,00000,00000
BCN,6431,4095,061769,2,8,148778,2,9,32800,32799,00000,00000
BCN,6432,4031,061795,2,8,148119,2,9,32800,32799,00000,00000
BCN,6433,0000,061795,2,8,148119,2,9,32800,32799,00000,00000
BCN,6434,0000,061795,2,8,148119,2,9,32800,32799,00000,00000
BCN,6435,0000,061795,2,8,148119,2,9,32800,32799,00000,00000
BCN,6436,0000,061795,2,8,148119,2,9,32800,32799,00000,00000
BCN,6437,4093,061795,2,8,148119,2,9,32800,32799,00000,00000
BCN,6438,4093,063817,2,8,144546,2,9,32799,32799,00000,00000
BCN,6439,4015,063817,2,8,144546,2,9,32799,32799,00000,00000
BCN,6440,4091,063817,2,8,144546,2,9,32799,32799,00000,00000
BCN,6441,4091,063817,2,8,144546,2,9,32799,32799,00000,00000
BCN,6442,0000,063817,2,8,144546,2,9,32799,32799,00000,00000
BCN,6443,0000,063817,2,8,144546,2,9,32799,32799,00000,00000
BCN,6444,4095,059695,2,8,144482,2,9,32799,32799,00000,00000
BCN,6445,0000,059695,2,8,144482,2,9,32799,32799,00000,00000
BCN,6446,0000,059695,2,8,144482,2,9,32799,32799,00000,00000
BCN,6447,4090,059695,2,8,144482,2,9,32799,32799,00000,00000
BCN,6448,0000,059695,2,8,144482,2,9,32799,32799,00000,00000
BCN,6449,0000,059695,2,8,144482,2,9,32799,32799,00000,00000
BCN,6450,0000,069974,2,9,144627,2,9,32800,32799,00000,00000
BCN,6451,0000,069974,2,9,144627,2,9,32800,32799,00000,00000
BCN,6452,0000,069974,2,9,144627,2,9,32800,32799,00000,00000
BCN,6453,4095,069974,2,9,144627,2,9,32800,32799,00000,00000
BCN,6454,4094,069974,2,9,144627,2,9,32800,32799,00000,00000
BCN,6455,4029,069974,2,9,144627,2,9,32800,32799,00000,00000
BCN,6456,0000,063791,2,8,144595,2,9,32800,32799,00000,00000
BCN,6457,4095,063791,2,8,144595,2,9,32800,32799,00000,00000
BCN,6458,4090,063791,2,8,144595,2,9,32800,32799,00000,00000
BCN,6459,4095,063791,2,8,144595,2,9,32800,32799,00000,00000
BCN,6460,0000,063791,2,8,144595,2,9,32800,32799,00000,00000
BCN,6461,4095,063791,2,8,144595,2,9,32800,32799,00000,00000
BCN,6462,4095,063791,2,8,144595,2,9,32800,32799,00000,00000
BCN,6463,4091,065878,2,9,136513,2,9,32800,32799,00000,00000
BCN,6464,0000,065878,2,9,136513,2,9,32800,32799,00000,00000
BCN,6465,0000,065878,2,9,136513,2,9,32800,32799,00000,00000
BCN,6466,0000,065878,2,9,136513,2,9,32800,32799,00000,00000
BCN,6467,0000,065878,2,9,136513,2,9,32800,32799,00000,00000
BCN,6468,4093,065878,2,9,136513,2,9,32800,32799,00000,00000
BCN,6469,4031,061795,2,8,136504,2,9,32800,32799,00000,00000
BCN,6470,4095,061795,2,8,136504,2,9,32800,32799,00000,00000
BCN,6471,4087,061795,2,8,136504,2,9,32800,32799,00000,00000
BCN,6472,0000,061795,2,8,136504,2,9,32800,32799,00000,00000
BCN,6473,0000,061795,2,8,136504,2,9,32800,32799,00000,00000
BCN,6474,4029,061795,2,8,136504,2,9,32800,32799,00000,00000
BCN,6475,4059,063830,2,8,128169,2,8,32799,32799,00000,00000
BCN,6476,4083,063830,2,8,128169,2,8,32799,32799,00000,00000
BCN,6477,4077,063830,2,8,128169,2,8,32799,32799,00000,00000
BCN,6478,4013,063830,2,8,128169,2,8,32799,32799,00000,00000
BCN,6479,0000,063830,2,8,128169,2,8,32799,32799,00000,00000
BCN,6480,0000,063830,2,8,128169,2,8,32799,32799,00000,00000
BCN,6481,4094,061847,2,8,128200,2,8,32799,32799,00000,00000
BCN,6482,0000,061847,2,8,128200,2,8,32799,32799,00000,00000
BCN,6483,0000,061847,2,8,128200,2,8,32799,32799,00000,00000
BCN,6484,4058,061847,2,8,128200,2,8,32799,32799,00000,00000
BCN,6485,0000,061847,2,8,128200,2,8,32799,32799,00000,00000
BCN,6486,0000,061847,2,8,128200,2,8,32799,32799,00000,00000
BCN,6487,0000,070052,2,9,128467,2,8,32800,32799,00000,00000
BCN,6488,0000,070052,2,9,128467,2,8,32800,32799,00000,00000
BCN,6489,0000,070052,2,9,128467,2,8,32800,32799,00000,00000
BCN,6490,4079,070052,2,9,128467,2,8,32800,32799,00000,00000
BCN,6491,4093,070052,2,9,128467,2,8,32800,32799,00000,00000
BCN,6492,4087,070052,2,9,128467,2,8,32800,32799,00000,00000
BCN,6493,0000,063843,2,8,124193,2,8,32800,32799,00000,00000
BCN,6494,4095,063843,2,8,124193,2,8,32800,32799,00000,00000
BCN,6495,4062,063843,2,8,124193,2,8,32800,32799,00000,00000
BCN,6496,4059,063843,2,8,124193,2,8,32800,32799,00000,00000
BCN,6497,0000,063843,2,8,124193,2,8,32800,32799,00000,00000
BCN,6498,4059,063843,2,8,124193,2,8,32800,32799,00000,00000
BCN,6499,4015,063843,2,8,124193,2,8,32800,32799,00000,00000
BCN,6500,4093,067874,2,9,124659,2,8,32800,32799,00000,00000
BCN,6501,0000,067874,2,9,124659,2,8,32800,32799,00000,00000
BCN,6502,0000,067874,2,9,124659,2,8,32800,32799,00000,00000
BCN,6503,0000,067874,2,9,124659,2,8,32800,32799,00000,00000
BCN,6504,0000,067874,2,9,124659,2,8,32800,32799,00000,00000
BCN,6505,4079,067874,2,9,124659,2,8,32800,32799,00000,00000
BCN,6506,4022,061756,2,8,124110,2,8,32800,32799,00000,00000
BCN,6507,4022,061756,2,8,124110,2,8,32800,32799,00000,00000
BCN,6508,4063,061756,2,8,124110,2,8,32800,32799,00000,00000
BCN,6509,4075,061756,2,8,124110,2,8,32800,32799,00000,00000
BCN,6510,0000,061756,2,8,124110,2,8,32800,32799,00000,00000
BCN,6511,4078,061756,2,8,124110,2,8,32800,32799,00000,00000
BCN,6512,4095,063791,2,8,120535,2,8,32799,32799,00000,00000
BCN,6513,4095,063791,2,8,120535,2,8,32799,32799,00000,00000
BCN,6514,4062,063791,2,8,120535,2,8,32799,32799,00000,00000
BCN,6515,4095,063791,2,8,120535,2,8,32799,32799,00000,00000
BCN,6516,0000,063791,2,8,120535,2,8,32799,32799,00000,00000
BCN,6517,0000,063791,2,8,120535,2,8,32799,32799,00000,00000
BCN,6518,4027,059682,2,8,120273,2,8,32799,32799,00000,00000
BCN,6519,0000,059682,2,8,120273,2,8,32799,32799,00000,00000
BCN,6520,0000,059682,2,8,120273,2,8,32799,32799,00000,00000
BCN,6521,4087,059682,2,8,120273,2,8,32799,32799,00000,00000
BCN,6522,0000,059682,2,8,120273,2,8,32799,32799,00000,00000
BCN,6523,0000,059682,2,8,120273,2,8,32799,32799,00000,00000
BCN,6524,0000,069961,2,9,120400,2,8,32800,32799,00000,00000
BCN,6525,0000,069961,2,9,120400,2,8,32800,32799,00000,00000
BCN,6526,0000,069961,2,9,120400,2,8,32800,32799,00000,00000
BCN,6527,4055,069961,2,9,120400,2,8,32800,32799,00000,00000
BCN,6528,4087,069961,2,9,120400,2,8,32800,32799,00000,00000
BCN,6529,4090,069961,2,9,120400,2,8,32800,32799,00000,00000
BCN,6530,0000,063778,2,8,116019,2,7,32800,32800,00000,00000
BCN,6531,4085,063778,2,8,116019,2,7,32800,32800,00000,00000
BCN,6532,4075,063778,2,8,116019,2,7,32800,32800,00000,00000
BCN,6533,4055,063778,2,8,116019,2,7,32800,32800,00000,00000
BCN,6534,0000,063778,2,8,116019,2,7,32800,32800,00000,00000
BCN,6535,4091,063778,2,8,116019,2,7,32800,32800,00000,00000
BCN,6536,4095,063778,2,8,116019,2,7,32800,32800,00000,00000
BCN,6537,4059,063921,2,8,131419,2,8,32800,32799,00000,00000
BCN,6538,0000,063921,2,8,131419,2,8,32800,32799,00000,00000
BCN,6539,0000,063921,2,8,131419,2,8,32800,32799,00000,00000
BCN,6540,0000,063921,2,8,131419,2,8,32800,32799,00000,00000
BCN,6541,0000,063921,2,8,131419,2,8,32800,32799,00000,00000
BCN,6542,4095,063921,2,8,131419,2,8,32800,32799,00000,00000
BCN,6543,4063,059955,2,8,120365,2,8,32799,32799,00000,00000
BCN,6544,4094,059955,2,8,120365,2,8,32799,32799,00000,00000
BCN,6545,4071,059955,2,8,120365,2,8,32799,32799,00000,00000
BCN,6546,4095,059955,2,8,120365,2,8,32799,32799,00000,00000
BCN,6547,0000,059955,2,8,120365,2,8,32799,32799,00000,00000
BCN,6548,0000,059955,2,8,120365,2,8,32799,32799,00000,00000
BCN,6549,4074,063947,2,8,120459,2,8,32800,32799,00000,00000
BCN,6550,4095,063947,2,8,120459,2,8,32800,32799,00000,00000
BCN,6551,4089,063947,2,8,120459,2,8,32800,32799,00000,00000
BCN,6552,4095,063947,2,8,120459,2,8,32800,32799,00000,00000
BCN,6553,0000,063947,2,8,120459,2,8,32800,32799,00000,00000
BCN,6554,0000,063947,2,8,120459,2,8,32800,32799,00000,00000
BCN,6555,4022,066177,2,9,120201,2,8,32800,32799,00000,00000
BCN,6556,0000,066177,2,9,120201,2,8,32800,32799,00000,00000
BCN,6557,0000,066177,2,9,120201,2,8,32800,32799,00000,00000
BCN,6558,4091,066177,2,9,120201,2,8,32800,32799,00000,00000
BCN,6559,0000,066177,2,9,120201,2,8,32800,32799,00000,00000
BCN,6560,0000,066177,2,9,120201,2,8,32800,32799,00000,00000
BCN,6561,0000,060111,2,8,120447,2,8,32799,32799,00000,00000
BCN,6562,0000,060111,2,8,120447,2,8,32799,32799,00000,00000
BCN,6563,0000,060111,2,8,120447,2,8,32799,32799,00000,00000
BCN,6564,4087,060111,2,8,120447,2,8,32799,32799,00000,00000
BCN,6565,4095,060111,2,8,120447,2,8,32799,32799,00000,00000
BCN,6566,4078,060111,2,8,120447,2,8,32799,32799,00000,00000
BCN,6567,0000,064064,2,8,128598,2,8,32800,32799,00000,00000
BCN,6568,4087,064064,2,8,128598,2,8,32800,32799,00000,00000
BCN,6569,4089,064064,2,8,128598,2,8,32800,32799,00000,00000
BCN,6570,4069,064064,2,8,128598,2,8,32800,32799,00000,00000
BCN,6571,0000,064064,2,8,128598,2,8,32800,32799,00000,00000
BCN,6572,4062,064064,2,8,128598,2,8,32800,32799,00000,00000
BCN,6573,4089,064064,2,8,128598,2,8,32800,32799,00000,00000
BCN,6574,4095,066268,2,9,128094,2,8,32800,32799,00000,00000
BCN,6575,0000,066268,2,9,128094,2,8,32800,32799,00000,00000
BCN,6576,0000,066268,2,9,128094,2,8,32800,32799,00000,00000
BCN,6577,0000,066268,2,9,128094,2,8,32800,32799,00000,00000
BCN,6578,0000,066268,2,9,128094,2,8,32800,32799,00000,00000
BCN,6579,4091,066268,2,9,128094,2,8,32800,32799,00000,00000
BCN,6580,4027,062146,2,8,132568,2,8,32799,32799,00000,00000
BCN,6581,4058,062146,2,8,132568,2,8,32799,32799,00000,00000
BCN,6582,4079,062146,2,8,132568,2,8,32799,32799,00000,00000
BCN,6583,4063,062146,2,8,132568,2,8,32799,32799,00000,00000
BCN,6584,0000,062146,2,8,132568,2,8,32799,32799,00000,00000
BCN,6585,0000,062146,2,8,132568,2,8,32799,32799,00000,00000
BCN,6586,4030,064051,2,8,132350,2,8,32800,32799,00000,00000
BCN,6587,0000,064051,2,8,132350,2,8,32800,32799,00000,00000
BCN,6588,0000,064051,2,8,132350,2,8,32800,32799,00000,00000
BCN,6589,4095,064051,2,8,132350,2,8,32800,32799,00000,00000
BCN,6590,0000,064051,2,8,132350,2,8,32800,32799,00000,00000
BCN,6591,0000,064051,2,8,132350,2,8,32800,32799,00000,00000
BCN,6592,4069,066255,2,9,136587,2,9,32800,32799,00000,00000
BCN,6593,0000,066255,2,9,136587,2,9,32800,32799,00000,00000
BCN,6594,0000,066255,2,9,136587,2,9,32800,32799,00000,00000
BCN,6595,4095,066255,2,9,136587,2,9,32800,32799,00000,00000
BCN,6596,0000,066255,2,9,136587,2,9,32800,32799,00000,00000
BCN,6597,0000,066255,2,9,136587,2,9,32800,32799,00000,00000
BCN,6598,0000,062133,2,8,136537,2,9,32799,32799,00000,00000
BCN,6599,0000,062133,2,8,136537,2,9,32799,32799,00000,00000
BCN,6600,0000,062133,2,8,136537,2,9,32799,32799,00000,00000
BCN,6601,4087,062133,2,8,136537,2,9,32799,32799,00000,00000
BCN,6602,4058,062133,2,8,136537,2,9,32799,32799,00000,00000
BCN,6603,4095,062133,2,8,136537,2,9,32799,32799,00000,00000
BCN,6604,0000,064038,2,8,136414,2,9,32800,32799,00000,00000
BCN,6605,4031,064038,2,8,136414,2,9,32800,32799,00000,00000
BCN,6606,4077,064038,2,8,136414,2,9,32800,32799,00000,00000
BCN,6607,4087,064038,2,8,136414,2,9,32800,32799,00000,00000
BCN,6608,0000,064038,2,8,136414,2,9,32800,32799,00000,00000
BCN,6609,4090,064038,2,8,136414,2,9,32800,32799,00000,00000
BCN,6610,4079,064038,2,8,136414,2,9,32800,32799,00000,00000
BCN,6611,4071,066255,2,9,140609,2,9,32800,32799,00000,00000
BCN,6612,0000,066255,2,9,140609,2,9,32800,32799,00000,00000
BCN,6613,0000,066255,2,9,140609,2,9,32800,32799,00000,00000
BCN,6614,0000,066255,2,9,140609,2,9,32800,32799,00000,00000
BCN,6615,0000,066255,2,9,140609,2,9,32800,32799,00000,00000
BCN,6616,4075,066255,2,9,140609,2,9,32800,32799,00000,00000
BCN,6617,4085,062133,2,8,140428,2,9,32799,32799,00000,00000
BCN,6618,4079,062133,2,8,140428,2,9,32799,32799,00000,00000
BCN,6619,4063,062133,2,8,140428,2,9,32799,32799,00000,00000
BCN,6620,4063,062133,2,8,140428,2,9,32799,32799,00000,00000
BCN,6621,0000,062133,2,8,140428,2,9,32799,32799,00000,00000
BCN,6622,0000,062133,2,8,140428,2,9,32799,32799,00000,00000
BCN,6623,4077,064038,2,8,144586,2,9,32800,32799,00000,00000
BCN,6624,0000,064038,2,8,144586,2,9,32800,32799,00000,00000
BCN,6625,0000,064038,2,8,144586,2,9,32800,32799,00000,00000
BCN,6626,4075,064038,2,8,144586,2,9,32800,32799,00000,00000
BCN,6627,0000,064038,2,8,144586,2,9,32800,32799,00000,00000
BCN,6628,0000,064038,2,8,144586,2,9,32800,32799,00000,00000
BCN,6629,0000,064103,2,8,144428,2,9,32800,32799,00000,00000
BCN,6630,0000,064103,2,8,144428,2,9,32800,32799,00000,00000
BCN,6631,0000,064103,2,8,144428,2,9,32800,32799,00000,00000
BCN,6632,4079,064103,2,8,144428,2,9,32800,32799,00000,00000
BCN,6633,0000,064103,2,8,144428,2,9,32800,32799,00000,00000
BCN,6634,0000,064103,2,8,144428,2,9,32800,32799,00000,00000
BCN,6635,0000,064025,2,8,148401,2,9,32799,32799,00000,00000
BCN,6636,0000,064025,2,8,148401,2,9,32799,32799,00000,00000
BCN,6637,0000,064025,2,8,148401,2,9,32799,32799,00000,00000
BCN,6638,4063,064025,2,8,148401,2,9,32799,32799,00000,00000
BCN,6639,4087,064025,2,8,148401,2,9,32799,32799,00000,00000
BCN,6640,4090,064025,2,8,148401,2,9,32799,32799,00000,00000
BCN,6641,0000,061769,2,8,148567,2,9,32800,32799,00000,00000
BCN,6642,4059,061769,2,8,148567,2,9,32800,32799,00000,00000
BCN,6643,4060,061769,2,8,148567,2,9,32800,32799,00000,00000
BCN,6644,4059,061769,2,8,148567,2,9,32800,32799,00000,00000
BCN,6645,0000,061769,2,8,148567,2,9,32800,32799,00000,00000
BCN,6646,4077,061769,2,8,148567,2,9,32800,32799,00000,00000
BCN,6647,4095,061769,2,8,148567,2,9,32800,32799,00000,00000
BCN,6648,4085,061795,2,8,148713,2,9,32800,32799,00000,00000
BCN,6649,0000,061795,2,8,148713,2,9,32800,32799,00000,00000
BCN,6650,0000,061795,2,8,148713,2,9,32800,32799,00000,00000
BCN,6651,0000,061795,2,8,148713,2,9,32800,32799,00000,00000
BCN,6652,0000,061795,2,8,148713,2,9,32800,32799,00000,00000
BCN,6653,4063,061795,2,8,148713,2,9,32800,32799,00000,00000
BCN,6654,4086,063817,2,8,148913,2,9,32799,32799,00000,00000
BCN,6655,4087,063817,2,8,148913,2,9,32799,32799,00000,00000
BCN,6656,4013,063817,2,8,148913,2,9,32799,32799,00000,00000
BCN,6657,4093,063817,2,8,148913,2,9,32799,32799,00000,00000
BCN,6658,0000,063817,2,8,148913,2,9,32799,32799,00000,00000
BCN,6659,0000,063817,2,8,148913,2,9,32799,32799,00000,00000
BCN,6660,4075,059695,2,8,144711,2,9,32799,32799,00000,00000
BCN,6661,0000,059695,2,8,144711,2,9,32799,32799,00000,00000
BCN,6662,0000,059695,2,8,144711,2,9,32799,32799,00000,00000
BCN,6663,4095,059695,2,8,144711,2,9,32799,32799,00000,00000
BCN,6664,0000,059695,2,8,144711,2,9,32799,32799,00000,00000
BCN,6665,0000,059695,2,8,144711,2,9,32799,32799,00000,00000
BCN,6666,0000,069974,2,9,144304,2,9,32800,32799,00000,00000
BCN,6667,0000,069974,2,9,144304,2,9,32800,32799,00000,00000
BCN,6668,0000,069974,2,9,144304,2,9,32800,32799,00000,00000
BCN,6669,4089,069974,2,9,144304,2,9,32800,32799,00000,00000
BCN,6670,0000,069974,2,9,144304,2,9,32800,32799,00000,00000
BCN,6671,0000,069974,2,9,144304,2,9,32800,32799,00000,00000
BCN,6672,0000,063791,2,8,144096,2,9,32800,32799,00000,00000
BCN,6673,0000,063791,2,8,144096,2,9,32800,32799,00000,00000
BCN,6674,0000,063791,2,8,144096,2,9,32800,32799,00000,00000
BCN,6675,4079,063791,2,8,144096,2,9,32800,32799,00000,00000
BCN,6676,4031,063791,2,8,144096,2,9,32800,32799,00000,00000
BCN,6677,4077,063791,2,8,144096,2,9,32800,32799,00000,00000
BCN,6678,0000,067822,2,9,144410,2,9,32800,32799,00000,00000
BCN,6679,4095,067822,2,9,144410,2,9,32800,32799,00000,00000
BCN,6680,4083,067822,2,9,144410,2,9,32800,32799,00000,00000
BCN,6681,4079,067822,2,9,144410,2,9,32800,32799,00000,00000
BCN,6682,0000,067822,2,9,144410,2,9,32800,32799,00000,00000
BCN,6683,4087,067822,2,9,144410,2,9,32800,32799,00000,00000
BCN,6684,4078,067822,2,9,144410,2,9,32800,32799,00000,00000
BCN,6685,4095,061730,2,8,136306,2,9,32800,32799,00000,00000
BCN,6686,0000,061730,2,8,136306,2,9,32800,32799,00000,00000
BCN,6687,0000,061730,2,8,136306,2,9,32800,32799,00000,00000
BCN,6688,0000,061730,2,8,136306,2,9,32800,32799,00000,00000
BCN,6689,0000,061730,2,8,136306,2,9,32800,32799,00000,00000
BCN,6690,4085,061730,2,8,136306,2,9,32800,32799,00000,00000
BCN,6691,4063,063778,2,8,128281,2,8,32799,32799,00000,00000
BCN,6692,4093,063778,2,8,128281,2,8,32799,32799,00000,00000
BCN,6693,4077,063778,2,8,128281,2,8,32799,32799,00000,00000
BCN,6694,4087,063778,2,8,128281,2,8,32799,32799,00000,00000
BCN,6695,0000,063778,2,8,128281,2,8,32799,32799,00000,00000
BCN,6696,0000,063778,2,8,128281,2,8,32799,32799,00000,00000
BCN,6697,4061,059669,2,8,128427,2,8,32799,32799,00000,00000
BCN,6698,0000,059669,2,8,128427,2,8,32799,32799,00000,00000
BCN,6699,0000,059669,2,8,128427,2,8,32799,32799,00000,00000
BCN,6700,4031,059669,2,8,128427,2,8,32799,32799,00000,00000
BCN,6701,0000,059669,2,8,128427,2,8,32799,32799,00000,00000
BCN,6702,0000,059669,2,8,128427,2,8,32799,32799,00000,00000
BCN,6703,0000,069948,2,9,123994,2,8,32800,32799,00000,00000
BCN,6704,0000,069948,2,9,123994,2,8,32800,32799,00000,00000
BCN,6705,0000,069948,2,9,123994,2,8,32800,32799,00000,00000
BCN,6706,4063,069948,2,9,123994,2,8,32800,32799,00000,00000
BCN,6707,4095,069948,2,9,123994,2,8,32800,32799,00000,00000
BCN,6708,4063,069948,2,9,123994,2,8,32800,32799,00000,00000
BCN,6709,0000,063765,2,8,120253,2,8,32800,32799,00000,00000
BCN,6710,4074,063765,2,8,120253,2,8,32800,32799,00000,00000
BCN,6711,4063,063765,2,8,120253,2,8,32800,32799,00000,00000
BCN,6712,4090,063765,2,8,120253,2,8,32800,32799,00000,00000
BCN,6713,4030,063765,2,8,120253,2,8,32800,32799,00000,00000
BCN,6714,4029,063765,2,8,120253,2,8,32800,32799,00000,00000
BCN,6715,0000,065865,2,9,116143,2,7,32800,32800,00000,00000
BCN,6716,4078,065865,2,9,116143,2,7,32800,32800,00000,00000
BCN,6717,4063,065865,2,9,116143,2,7,32800,32800,00000,00000
BCN,6718,4023,065865,2,9,116143,2,7,32800,32800,00000,00000
BCN,6719,0000,065865,2,9,116143,2,7,32800,32800,00000,00000
BCN,6720,4094,065865,2,9,116143,2,7,32800,32800,00000,00000
BCN,6721,4063,065865,2,9,116143,2,7,32800,32800,00000,00000
BCN,6722,4095,059877,2,8,135448,2,9,32799,32799,00000,00000
BCN,6723,0000,059877,2,8,135448,2,9,32799,32799,00000,00000
BCN,6724,0000,059877,2,8,135448,2,9,32799,32799,00000,00000
BCN,6725,0000,059877,2,8,135448,2,9,32799,32799,00000,00000
BCN,6726,0000,059877,2,8,135448,2,9,32799,32799,00000,00000
BCN,6727,4084,059877,2,8,135448,2,9,32799,32799,00000,00000
BCN,6728,4091,066021,2,9,120538,2,8,32800,32799,00000,00000
BCN,6729,4059,066021,2,9,120538,2,8,32800,32799,00000,00000
BCN,6730,4093,066021,2,9,120538,2,8,32800,32799,00000,00000
BCN,6731,4063,066021,2,9,120538,2,8,32800,32799,00000,00000
BCN,6732,0000,066021,2,9,120538,2,8,32800,32799,00000,00000
BCN,6733,0000,066021,2,9,120538,2,8,32800,32799,00000,00000
BCN,6734,4059,066203,2,9,120232,2,8,32800,32799,00000,00000
BCN,6735,0000,066203,2,9,120232,2,8,32800,32799,00000,00000
BCN,6736,0000,066203,2,9,120232,2,8,32800,32799,00000,00000
BCN,6737,4059,066203,2,9,120232,2,8,32800,32799,00000,00000
BCN,6738,0000,066203,2,9,120232,2,8,32800,32799,00000,00000
BCN,6739,0000,066203,2,9,120232,2,8,32800,32799,00000,00000
BCN,6740,0000,060137,2,8,124099,2,8,32799,32799,00000,00000
BCN,6741,0000,060137,2,8,124099,2,8,32799,32799,00000,00000
BCN,6742,0000,060137,2,8,124099,2,8,32799,32799,00000,00000
BCN,6743,4087,060137,2,8,124099,2,8,32799,32799,00000,00000
BCN,6744,4054,060137,2,8,124099,2,8,32799,32799,00000,00000
BCN,6745,3967,060137,2,8,124099,2,8,32799,32799,00000,00000
BCN,6746,0000,064077,2,8,128469,2,8,32800,32799,00000,00000
BCN,6747,4077,064077,2,8,128469,2,8,32800,32799,00000,00000
BCN,6748,4095,064077,2,8,128469,2,8,32800,32799,00000,00000
BCN,6749,4077,064077,2,8,128469,2,8,32800,32799,00000,00000
BCN,6750,0000,064077,2,8,128469,2,8,32800,32799,00000,00000
BCN,6751,4093,064077,2,8,128469,2,8,32800,32799,00000,00000
BCN,6752,0000,066281,2,9,128191,2,8,32800,32799,00000,00000
BCN,6753,4091,066281,2,9,128191,2,8,32800,32799,00000,00000
BCN,6754,4054,066281,2,9,128191,2,8,32800,32799,00000,00000
BCN,6755,4091,066281,2,9,128191,2,8,32800,32799,00000,00000
BCN,6756,0000,066281,2,9,128191,2,8,32800,32799,00000,00000
BCN,6757,4095,066281,2,9,128191,2,8,32800,32799,00000,00000
BCN,6758,4078,066281,2,9,128191,2,8,32800,32799,00000,00000
BCN,6759,4095,060189,2,8,132240,2,8,32799,32799,00000,00000
BCN,6760,0000,060189,2,8,132240,2,8,32799,32799,00000,00000
BCN,6761,0000,060189,2,8,132240,2,8,32799,32799,00000,00000
BCN,6762,0000,060189,2,8,132240,2,8,32799,32799,00000,00000
BCN,6763,0000,060189,2,8,132240,2,8,32799,32799,00000,00000
BCN,6764,4031,060189,2,8,132240,2,8,32799,32799,00000,00000
BCN,6765,4029,064116,2,8,136428,2,9,32800,32799,00000,00000
BCN,6766,4027,064116,2,8,136428,2,9,32800,32799,00000,00000
BCN,6767,4093,064116,2,8,136428,2,9,32800,32799,00000,00000
BCN,6768,4062,064116,2,8,136428,2,9,32800,32799,00000,00000
BCN,6769,0000,064116,2,8,136428,2,9,32800,32799,00000,00000
BCN,6770,0000,064116,2,8,136428,2,9,32800,32799,00000,00000
BCN,6771,4093,066307,2,9,136418,2,9,32800,32799,00000,00000
BCN,6772,0000,066307,2,9,136418,2,9,32800,32799,00000,00000
BCN,6773,0000,066307,2,9,136418,2,9,32800,32799,00000,00000
BCN,6774,4077,066307,2,9,136418,2,9,32800,32799,00000,00000
BCN,6775,0000,066307,2,9,136418,2,9,32800,32799,00000,00000
BCN,6776,0000,066307,2,9,136418,2,9,32800,32799,00000,00000
BCN,6777,0000,060215,2,8,136337,2,9,32799,32799,00000,00000
BCN,6778,0000,060215,2,8,136337,2,9,32799,32799,00000,00000
BCN,6779,0000,060215,2,8,136337,2,9,32799,32799,00000,00000
BCN,6780,4059,060215,2,8,136337,2,9,32799,32799,00000,00000
BCN,6781,4091,060215,2,8,136337,2,9,32799,32799,00000,00000
BCN,6782,4095,060215,2,8,136337,2,9,32799,32799,00000,00000
BCN,6783,0000,064129,2,8,136589,2,9,32800,32799,00000,00000
BCN,6784,4023,064129,2,8,136589,2,9,32800,32799,00000,00000
BCN,6785,4093,064129,2,8,136589,2,9,32800,32799,00000,00000
BCN,6786,4063,064129,2,8,136589,2,9,32800,32799,00000,00000
BCN,6787,0000,064129,2,8,136589,2,9,32800,32799,00000,00000
BCN,6788,4031,064129,2,8,136589,2,9,32800,32799,00000,00000
BCN,6789,4093,066320,2,9,140771,2,9,32800,32799,00000,00000
BCN,6790,4055,066320,2,9,140771,2,9,32800,32799,00000,00000
BCN,6791,0000,066320,2,9,140771,2,9,32800,32799,00000,00000
BCN,6792,4095,066320,2,9,140771,2,9,32800,32799,00000,00000
BCN,6793,0000,066320,2,9,140771,2,9,32800,32799,00000,00000
BCN,6794,4087,066320,2,9,140771,2,9,32800,32799,00000,00000
BCN,6795,4093,066320,2,9,140771,2,9,32800,32799,00000,00000
BCN,6796,4092,060215,2,8,140622,2,9,32799,32799,00000,00000
BCN,6797,0000,060215,2,8,140622,2,9,32799,32799,00000,00000
BCN,6798,0000,060215,2,8,140622,2,9,32799,32799,00000,00000
BCN,6799,0000,060215,2,8,140622,2,9,32799,32799,00000,00000
BCN,6800,0000,060215,2,8,140622,2,9,32799,32799,00000,00000
BCN,6801,4077,060215,2,8,140622,2,9,32799,32799,00000,00000
BCN,6802,4094,066281,2,9,145114,2,9,32800,32799,00000,00000
BCN,6803,4091,066281,2,9,145114,2,9,32800,32799,00000,00000
BCN,6804,4078,066281,2,9,145114,2,9,32800,32799,00000,00000
BCN,6805,4058,066281,2,9,145114,2,9,32800,32799,00000,00000
BCN,6806,0000,066281,2,9,145114,2,9,32800,32799,00000,00000
BCN,6807,0000,066281,2,9,145114,2,9,32800,32799,00000,00000
BCN,6808,4021,064259,2,8,148668,2,9,32800,32799,00000,00000
BCN,6809,0000,064259,2,8,148668,2,9,32800,32799,00000,00000
BCN,6810,0000,064259,2,8,148668,2,9,32800,32799,00000,00000
BCN,6811,4091,064259,2,8,148668,2,9,32800,32799,00000,00000
BCN,6812,0000,064259,2,8,148668,2,9,32800,32799,00000,00000
BCN,6813,0000,064259,2,8,148668,2,9,32800,32799,00000,00000
BCN,6814,0000,060215,2,8,148545,2,9,32799,32799,00000,00000
BCN,6815,0000,060215,2,8,148545,2,9,32799,32799,00000,00000
BCN,6816,0000,060215,2,8,148545,2,9,32799,32799,00000,00000
BCN,6817,4059,060215,2,8,148545,2,9,32799,32799,00000,00000
BCN,6818,4091,060215,2,8,148545,2,9,32799,32799,00000,00000
BCN,6819,4091,060215,2,8,148545,2,9,32799,32799,00000,00000
BCN,6820,0000,066268,2,9,147849,2,9,32800,32799,00000,00000
BCN,6821,4074,066268,2,9,147849,2,9,32800,32799,00000,00000
BCN,6822,4079,066268,2,9,147849,2,9,32800,32799,00000,00000
BCN,6823,4059,066268,2,9,147849,2,9,32800,32799,00000,00000
BCN,6824,0000,066268,2,9,147849,2,9,32800,32799,00000,00000
BCN,6825,4091,066268,2,9,147849,2,9,32800,32799,00000,00000
BCN,6826,4091,066203,2,9,144427,2,9,32800,32799,00000,00000
BCN,6827,4031,066203,2,9,144427,2,9,32800,32799,00000,00000
BCN,6828,0000,066203,2,9,144427,2,9,32800,32799,00000,00000
BCN,6829,0000,066203,2,9,144427,2,9,32800,32799,00000,00000
BCN,6830,0000,066203,2,9,144427,2,9,32800,32799,00000,00000
BCN,6831,0000,066203,2,9,144427,2,9,32800,32799,00000,00000
BCN,6832,4094,066203,2,9,144427,2,9,32800,32799,00000,00000
BCN,6833,4063,062042,2,8,144367,2,9,32800,32799,00000,00000
BCN,6834,0000,062042,2,8,144367,2,9,32800,32799,00000,00000
BCN,6835,0000,062042,2,8,144367,2,9,32800,32799,00000,00000
BCN,6836,0000,062042,2,8,144367,2,9,32800,32799,00000,00000
BCN,6837,0000,062042,2,8,144367,2,9,32800,32799,00000,00000
BCN,6838,3967,062042,2,8,144367,2,9,32800,32799,00000,00000
BCN,6839,4093,066138,2,9,144612,2,9,32799,32799,00000,00000
BCN,6840,4087,066138,2,9,144612,2,9,32799,32799,00000,00000
BCN,6841,4086,066138,2,9,144612,2,9,32799,32799,00000,00000
BCN,6842,4059,066138,2,9,144612,2,9,32799,32799,00000,00000
BCN,6843,0000,066138,2,9,144612,2,9,32799,32799,00000,00000
BCN,6844,0000,066138,2,9,144612,2,9,32799,32799,00000,00000
BCN,6845,4091,062055,2,8,144355,2,9,32799,32799,00000,00000
BCN,6846,0000,062055,2,8,144355,2,9,32799,32799,00000,00000
BCN,6847,0000,062055,2,8,144355,2,9,32799,32799,00000,00000
BCN,6848,4079,062055,2,8,144355,2,9,32799,32799,00000,00000
BCN,6849,0000,062055,2,8,144355,2,9,32799,32799,00000,00000
BCN,6850,0000,062055,2,8,144355,2,9,32799,32799,00000,00000
BCN,6851,0000,072347,2,9,144426,2,9,32800,32799,00000,00000
BCN,6852,0000,072347,2,9,144426,2,9,32800,32799,00000,00000
BCN,6853,0000,072347,2,9,144426,2,9,32800,32799,00000,00000
BCN,6854,4059,072347,2,9,144426,2,9,32800,32799,00000,00000
BCN,6855,4031,072347,2,9,144426,2,9,32800,32799,00000,00000
BCN,6856,4061,072347,2,9,144426,2,9,32800,32799,00000,00000
BCN,6857,0000,066164,2,9,144388,2,9,32800,32799,00000,00000
BCN,6858,4023,066164,2,9,144388,2,9,32800,32799,00000,00000
BCN,6859,4031,066164,2,9,144388,2,9,32800,32799,00000,00000
BCN,6860,4030,066164,2,9,144388,2,9,32800,32799,00000,00000
BCN,6861,0000,066164,2,9,144388,2,9,32800,32799,00000,00000
BCN,6862,4055,066164,2,9,144388,2,9,32800,32799,00000,00000
BCN,6863,4094,066307,2,9,136159,2,9,32800,32799,00000,00000
BCN,6864,4061,066307,2,9,136159,2,9,32800,32799,00000,00000
BCN,6865,0000,066307,2,9,136159,2,9,32800,32799,00000,00000
BCN,6866,0000,066307,2,9,136159,2,9,32800,32799,00000,00000
BCN,6867,0000,066307,2,9,136159,2,9,32800,32799,00000,00000
BCN,6868,0000,066307,2,9,136159,2,9,32800,32799,00000,00000
BCN,6869,4063,066307,2,9,136159,2,9,32800,32799,00000,00000
BCN,6870,4078,060202,2,8,136348,2,9,32799,32799,00000,00000
BCN,6871,4085,060202,2,8,136348,2,9,32799,32799,00000,00000
BCN,6872,0000,060202,2,8,136348,2,9,32799,32799,00000,00000
BCN,6873,0000,060202,2,8,136348,2,9,32799,32799,00000,00000
BCN,6874,0000,060202,2,8,136348,2,9,32799,32799,00000,00000
BCN,6875,4030,060202,2,8,136348,2,9,32799,32799,00000,00000
BCN,6876,4079,064129,2,8,132643,2,8,32800,32799,00000,00000
BCN,6877,4023,064129,2,8,132643,2,8,32800,32799,00000,00000
BCN,6878,4074,064129,2,8,132643,2,8,32800,32799,00000,00000
BCN,6879,4074,064129,2,8,132643,2,8,32800,32799,00000,00000
BCN,6880,0000,064129,2,8,132643,2,8,32800,32799,00000,00000
BCN,6881,0000,064129,2,8,132643,2,8,32800,32799,00000,00000
BCN,6882,4029,066320,2,9,132357,2,8,32800,32799,00000,00000
BCN,6883,0000,066320,2,9,132357,2,8,32800,32799,00000,00000
BCN,6884,0000,066320,2,9,132357,2,8,32800,32799,00000,00000
BCN,6885,4031,066320,2,9,132357,2,8,32800,32799,00000,00000
BCN,6886,0000,066320,2,9,132357,2,8,32800,32799,00000,00000
BCN,6887,0000,066320,2,9,132357,2,8,32800,32799,00000,00000
BCN,6888,0000,060215,2,8,128001,2,8,32799,32799,00000,00000
BCN,6889,0000,060215,2,8,128001,2,8,32799,32799,00000,00000
BCN,6890,0000,060215,2,8,128001,2,8,32799,32799,00000,00000
BCN,6891,4091,060215,2,8,128001,2,8,32799,32799,00000,00000
BCN,6892,4078,060215,2,8,128001,2,8,32799,32799,00000,00000
BCN,6893,4095,060215,2,8,128001,2,8,32799,32799,00000,00000
BCN,6894,0000,064142,2,8,128309,2,8,32800,32799,00000,00000
BCN,6895,4086,064142,2,8,128309,2,8,32800,32799,00000,00000
BCN,6896,4057,064142,2,8,128309,2,8,32800,32799,00000,00000
BCN,6897,4095,064142,2,8,128309,2,8,32800,32799,00000,00000
BCN,6898,0000,064142,2,8,128309,2,8,32800,32799,00000,00000
BCN,6899,4087,064142,2,8,128309,2,8,32800,32799,00000,00000
BCN,6900,4063,066320,2,9,124275,2,8,32800,32799,00000,00000
BCN,6901,4077,066320,2,9,124275,2,8,32800,32799,00000,00000
BCN,6902,0000,066320,2,9,124275,2,8,32800,32799,00000,00000
BCN,6903,0000,066320,2,9,124275,2,8,32800,32799,00000,00000
BCN,6904,0000,066320,2,9,124275,2,8,32800,32799,00000,00000
BCN,6905,0000,066320,2,9,124275,2,8,32800,32799,00000,00000
BCN,6906,4031,066320,2,9,124275,2,8,32800,32799,00000,00000
BCN,6907,4091,062185,2,8,123924,2,8,32799,32799,00000,00000
BCN,6908,4079,062185,2,8,123924,2,8,32799,32799,00000,00000
BCN,6909,4095,062185,2,8,123924,2,8,32799,32799,00000,00000
BCN,6910,4058,062185,2,8,123924,2,8,32799,32799,00000,00000
BCN,6911,0000,062185,2,8,123924,2,8,32799,32799,00000,00000
BCN,6912,4071,062185,2,8,123924,2,8,32799,32799,00000,00000
BCN,6913,4031,061925,2,8,124109,2,8,32800,32799,00000,00000
BCN,6914,4027,061925,2,8,124109,2,8,32800,32799,00000,00000
BCN,6915,4077,061925,2,8,124109,2,8,32800,32799,00000,00000
BCN,6916,4086,061925,2,8,124109,2,8,32800,32799,00000,00000
BCN,6917,0000,061925,2,8,124109,2,8,32800,32799,00000,00000
BCN,6918,0000,061925,2,8,124109,2,8,32800,32799,00000,00000
BCN,6919,3966,061912,2,8,124168,2,8,32800,32799,00000,00000
BCN,6920,0000,061912,2,8,124168,2,8,32800,32799,00000,00000
BCN,6921,0000,061912,2,8,124168,2,8,32800,32799,00000,00000
BCN,6922,4091,061912,2,8,124168,2,8,32800,32799,00000,00000
BCN,6923,0000,061912,2,8,124168,2,8,32800,32799,00000,00000
BCN,6924,0000,061912,2,8,124168,2,8,32800,32799,00000,00000
BCN,6925,0000,063908,2,8,120223,2,8,32799,32799,00000,00000
BCN,6926,0000,063908,2,8,120223,2,8,32799,32799,00000,00000
BCN,6927,0000,063908,2,8,120223,2,8,32799,32799,00000,00000
BCN,6928,3967,063908,2,8,120223,2,8,32799,32799,00000,00000
BCN,6929,4077,063908,2,8,120223,2,8,32799,32799,00000,00000
BCN,6930,3951,063908,2,8,120223,2,8,32799,32799,00000,00000
BCN,6931,0000,059773,2,8,120190,2,8,32799,32799,00000,00000
BCN,6932,4063,059773,2,8,120190,2,8,32799,32799,00000,00000
BCN,6933,4023,059773,2,8,120190,2,8,32799,32799,00000,00000
BCN,6934,4079,059773,2,8,120190,2,8,32799,32799,00000,00000
BCN,6935,0000,059773,2,8,120190,2,8,32799,32799,00000,00000
BCN,6936,4079,059773,2,8,120190,2,8,32799,32799,00000,00000
BCN,6937,4091,070026,2,9,120105,2,8,32800,32799,00000,00000
BCN,6938,4094,070026,2,9,120105,2,8,32800,32799,00000,00000
BCN,6939,0000,070026,2,9,120105,2,8,32800,32799,00000,00000
BCN,6940,0000,070026,2,9,120105,2,8,32800,32799,00000,00000
BCN,6941,0000,070026,2,9,120105,2,8,32800,32799,00000,00000
BCN,6942,0000,070026,2,9,120105,2,8,32800,32799,00000,00000
BCN,6943,4055,070026,2,9,120105,2,8,32800,32799,00000,00000
BCN,6944,4059,063817,2,8,120538,2,8,32800,32799,00000,00000
BCN,6945,4086,063817,2,8,120538,2,8,32800,32799,00000,00000
BCN,6946,4093,063817,2,8,120538,2,8,32800,32799,00000,00000
BCN,6947,4093,063817,2,8,120538,2,8,32800,32799,00000,00000
BCN,6948,0000,063817,2,8,120538,2,8,32800,32799,00000,00000
BCN,6949,4095,063817,2,8,120538,2,8,32800,32799,00000,00000
BCN,6950,4094,067848,2,9,120100,2,8,32800,32799,00000,00000
BCN,6951,4063,067848,2,9,120100,2,8,32800,32799,00000,00000
BCN,6952,4079,067848,2,9,120100,2,8,32800,32799,00000,00000
BCN,6953,4031,067848,2,9,120100,2,8,32800,32799,00000,00000
BCN,6954,0000,067848,2,9,120100,2,8,32800,32799,00000,00000
BCN,6955,0000,067848,2,9,120100,2,8,32800,32799,00000,00000
BCN,6956,4061,061743,2,8,116416,2,7,32800,32800,00000,00000
BCN,6957,0000,061743,2,8,116416,2,7,32800,32800,00000,00000
BCN,6958,0000,061743,2,8,116416,2,7,32800,32800,00000,00000
BCN,6959,4091,061743,2,8,116416,2,7,32800,32800,00000,00000
BCN,6960,0000,061743,2,8,116416,2,7,32800,32800,00000,00000
BCN,6961,0000,061743,2,8,116416,2,7,32800,32800,00000,00000
BCN,6962,0000,063791,2,8,134889,2,9,32799,32799,00000,00000
BCN,6963,0000,063791,2,8,134889,2,9,32799,32799,00000,00000
BCN,6964,0000,063791,2,8,134889,2,9,32799,32799,00000,00000
BCN,6965,4085,063791,2,8,134889,2,9,32799,32799,00000,00000
BCN,6966,3963,063791,2,8,134889,2,9,32799,32799,00000,00000
BCN,6967,4093,063791,2,8,134889,2,9,32799,32799,00000,00000
BCN,6968,0000,063973,2,8,120156,2,8,32799,32799,00000,00000
BCN,6969,4078,063973,2,8,120156,2,8,32799,32799,00000,00000
BCN,6970,4093,063973,2,8,120156,2,8,32799,32799,00000,00000
BCN,6971,4075,063973,2,8,120156,2,8,32799,32799,00000,00000
BCN,6972,0000,063973,2,8,120156,2,8,32799,32799,00000,00000
BCN,6973,4093,063973,2,8,120156,2,8,32799,32799,00000,00000
BCN,6974,4095,072256,2,9,120439,2,8,32800,32799,00000,00000
BCN,6975,4078,072256,2,9,120439,2,8,32800,32799,00000,00000
BCN,6976,0000,072256,2,9,120439,2,8,32800,32799,00000,00000
BCN,6977,0000,072256,2,9,120439,2,8,32800,32799,00000,00000
BCN,6978,0000,072256,2,9,120439,2,8,32800,32799,00000,00000
BCN,6979,0000,072256,2,9,120439,2,8,32800,32799,00000,00000
BCN,6980,4061,072256,2,9,120439,2,8,32800,32799,00000,00000
BCN,6981,4093,068043,2,9,120391,2,8,32800,32799,00000,00000
BCN,6982,4095,068043,2,9,120391,2,8,32800,32799,00000,00000
BCN,6983,4079,068043,2,9,120391,2,8,32800,32799,00000,00000
BCN,6984,4063,068043,2,9,120391,2,8,32800,32799,00000,00000
BCN,6985,0000,068043,2,9,120391,2,8,32800,32799,00000,00000
BCN,6986,0000,068043,2,9,120391,2,8,32800,32799,00000,00000
BCN,6987,4095,066177,2,9,120415,2,8,32800,32799,00000,00000
BCN,6988,4061,066177,2,9,120415,2,8,32800,32799,00000,00000
BCN,6989,4091,066177,2,9,120415,2,8,32800,32799,00000,00000
BCN,6990,4075,066177,2,9,120415,2,8,32800,32799,00000,00000
BCN,6991,0000,066177,2,9,120415,2,8,32800,32799,00000,00000
BCN,6992,0000,066177,2,9,120415,2,8,32800,32799,00000,00000
BCN,6993,4091,062081,2,8,120285,2,8,32799,32799,00000,00000
BCN,6994,0000,062081,2,8,120285,2,8,32799,32799,00000,00000
BCN,6995,0000,062081,2,8,120285,2,8,32799,32799,00000,00000
BCN,6996,4054,062081,2,8,120285,2,8,32799,32799,00000,00000
BCN,6997,0000,062081,2,8,120285,2,8,32799,32799,00000,00000
BCN,6998,0000,062081,2,8,120285,2,8,32799,32799,00000,00000
BCN,6999,0000,061847,2,8,124747,2,8,32800,32799,00000,00000
BCN,7000,0000,061847,2,8,124747,2,8,32800,32799,00000,00000
BCN,7001,0000,061847,2,8,124747,2,8,32800,32799,00000,00000
BCN,7002,4061,061847,2,8,124747,2,8,32800,32799,00000,00000
BCN,7003,4085,061847,2,8,124747,2,8,32800,32799,00000,00000
BCN,7004,4094,061847,2,8,124747,2,8,32800,32799,00000,00000
BCN,7005,0000,063999,2,8,124699,2,8,32800,32799,00000,00000
BCN,7006,4095,063999,2,8,124699,2,8,32800,32799,00000,00000
BCN,7007,4063,063999,2,8,124699,2,8,32800,32799,00000,00000
BCN,7008,4055,063999,2,8,124699,2,8,32800,32799,00000,00000
BCN,7009,0000,063999,2,8,124699,2,8,32800,32799,00000,00000
BCN,7010,3967,063999,2,8,124699,2,8,32800,32799,00000,00000
BCN,7011,4063,063934,2,8,128606,2,8,32799,32799,00000,00000
BCN,7012,4063,063934,2,8,128606,2,8,32799,32799,00000,00000
BCN,7013,0000,063934,2,8,128606,2,8,32799,32799,00000,00000
BCN,7014,0000,063934,2,8,128606,2,8,32799,32799,00000,00000
BCN,7015,0000,063934,2,8,128606,2,8,32799,32799,00000,00000
BCN,7016,0000,063934,2,8,128606,2,8,32799,32799,00000,00000
BCN,7017,4093,063934,2,8,128606,2,8,32799,32799,00000,00000
BCN,7018,4095,059786,2,8,128273,2,8,32799,32799,00000,00000
BCN,7019,4094,059786,2,8,128273,2,8,32799,32799,00000,00000
BCN,7020,4086,059786,2,8,128273,2,8,32799,32799,00000,00000
BCN,7021,4095,059786,2,8,128273,2,8,32799,32799,00000,00000
BCN,7022,0000,059786,2,8,128273,2,8,32799,32799,00000,00000
BCN,7023,0000,059786,2,8,128273,2,8,32799,32799,00000,00000
BCN,7024,4093,070052,2,9,128429,2,8,32800,32799,00000,00000
BCN,7025,0000,070052,2,9,128429,2,8,32800,32799,00000,00000
BCN,7026,4086,070052,2,9,128429,2,8,32800,32799,00000,00000
BCN,7027,4086,070052,2,9,128429,2,8,32800,32799,00000,00000
BCN,7028,0000,070052,2,9,128429,2,8,32800,32799,00000,00000
BCN,7029,0000,070052,2,9,128429,2,8,32800,32799,00000,00000
BCN,7030,4087,063830,2,8,128265,2,8,32800,32799,00000,00000
BCN,7031,0000,063830,2,8,128265,2,8,32800,32799,00000,00000
BCN,7032,0000,063830,2,8,128265,2,8,32800,32799,00000,00000
BCN,7033,4091,063830,2,8,128265,2,8,32800,32799,00000,00000
BCN,7034,0000,063830,2,8,128265,2,8,32800,32799,00000,00000
BCN,7035,0000,063830,2,8,128265,2,8,32800,32799,00000,00000
BCN,7036,0000,067861,2,9,132548,2,8,32800,32799,00000,00000
BCN,7037,0000,067861,2,9,132548,2,8,32800,32799,00000,00000
BCN,7038,0000,067861,2,9,132548,2,8,32800,32799,00000,00000
BCN,7039,3963,067861,2,9,132548,2,8,32800,32799,00000,00000
BCN,7040,4087,067861,2,9,132548,2,8,32800,32799,00000,00000
BCN,7041,4094,067861,2,9,132548,2,8,32800,32799,00000,00000
BCN,7042,0000,061756,2,8,132264,2,8,32800,32799,00000,00000
BCN,7043,4087,061756,2,8,132264,2,8,32800,32799,00000,00000
BCN,7044,4079,061756,2,8,132264,2,8,32800,32799,00000,00000
BCN,7045,4054,061756,2,8,132264,2,8,32800,32799,00000,00000
BCN,7046,0000,061756,2,8,132264,2,8,32800,32799,00000,00000
BCN,7047,4086,061756,2,8,132264,2,8,32800,32799,00000,00000
BCN,7048,4087,063791,2,8,132499,2,8,32799,32799,00000,00000
BCN,7049,4087,063791,2,8,132499,2,8,32799,32799,00000,00000
BCN,7050,0000,063791,2,8,132499,2,8,32799,32799,00000,00000
BCN,7051,0000,063791,2,8,132499,2,8,32799,32799,00000,00000
BCN,7052,0000,063791,2,8,132499,2,8,32799,32799,00000,00000
BCN,7053,0000,063791,2,8,132499,2,8,32799,32799,00000,00000
BCN,7054,4093,063791,2,8,132499,2,8,32799,32799,00000,00000
BCN,7055,4093,061821,2,8,132322,2,8,32799,32799,00000,00000
BCN,7056,4059,061821,2,8,132322,2,8,32799,32799,00000,00000
BCN,7057,4091,061821,2,8,132322,2,8,32799,32799,00000,00000
BCN,7058,4053,061821,2,8,132322,2,8,32799,32799,00000,00000
BCN,7059,0000,061821,2,8,132322,2,8,32799,32799,00000,00000
BCN,7060,0000,061821,2,8,132322,2,8,32799,32799,00000,00000
BCN,7061,4079,072178,2,9,136393,2,9,32800,32799,00000,00000
BCN,7062,0000,072178,2,9,136393,2,9,32800,32799,00000,00000
BCN,7063,0000,072178,2,9,136393,2,9,32800,32799,00000,00000
BCN,7064,4058,072178,2,9,136393,2,9,32800,32799,00000,00000
BCN,7065,0000,072178,2,9,136393,2,9,32800,32799,00000,00000
BCN,7066,0000,072178,2,9,136393,2,9,32800,32799,00000,00000
BCN,7067,4062,066034,2,9,136483,2,9,32800,32799,00000,00000
BCN,7068,0000,066034,2,9,136483,2,9,32800,32799,00000,00000
BCN,7069,0000,066034,2,9,136483,2,9,32800,32799,00000,00000
BCN,7070,4059,066034,2,9,136483,2,9,32800,32799,00000,00000
BCN,7071,0000,066034,2,9,136483,2,9,32800,32799,00000,00000
BCN,7072,0000,066034,2,9,136483,2,9,32800,32799,00000,00000
BCN,7073,0000,053967,2,7,136451,2,9,32799,32799,00000,00000
BCN,7074,0000,053967,2,7,136451,2,9,32799,32799,00000,00000
BCN,7075,0000,053967,2,7,136451,2,9,32799,32799,00000,00000
BCN,7076,3967,053967,2,7,136451,2,9,32799,32799,00000,00000
BCN,7077,4094,053967,2,7,136451,2,9,32799,32799,00000,00000
BCN,7078,4093,053967,2,7,136451,2,9,32799,32799,00000,00000
BCN,7079,0000,053915,2,7,136366,2,9,32800,32799,00000,00000
BCN,7080,4063,053915,2,7,136366,2,9,32800,32799,00000,00000
BCN,7081,4094,053915,2,7,136366,2,9,32800,32799,00000,00000
BCN,7082,4094,053915,2,7,136366,2,9,32800,32799,00000,00000
BCN,7083,0000,053915,2,7,136366,2,9,32800,32799,00000,00000
BCN,7084,4090,053915,2,7,136366,2,9,32800,32799,00000,00000
BCN,7085,4093,060137,2,8,136435,2,9,32799,32799,00000,00000
BCN,7086,4069,060137,2,8,136435,2,9,32799,32799,00000,00000
BCN,7087,0000,060137,2,8,136435,2,9,32799,32799,00000,00000
BCN,7088,0000,060137,2,8,136435,2,9,32799,32799,00000,00000
BCN,7089,0000,060137,2,8,136435,2,9,32799,32799,00000,00000
BCN,7090,0000,060137,2,8,136435,2,9,32799,32799,00000,00000
BCN,7091,4079,060137,2,8,136435,2,9,32799,32799,00000,00000
BCN,7092,4093,064077,2,8,136395,2,9,32800,32799,00000,00000
BCN,7093,4063,064077,2,8,136395,2,9,32800,32799,00000,00000
BCN,7094,4077,064077,2,8,136395,2,9,32800,32799,00000,00000
BCN,7095,4063,064077,2,8,136395,2,9,32800,32799,00000,00000
BCN,7096,0000,064077,2,8,136395,2,9,32800,32799,00000,00000
BCN,7097,0000,064077,2,8,136395,2,9,32800,32799,00000,00000
BCN,7098,4078,066281,2,9,136586,2,9,32800,32799,00000,00000
BCN,7099,0000,066281,2,9,136586,2,9,32800,32799,00000,00000
BCN,7100,0000,066281,2,9,136586,2,9,32800,32799,00000,00000
BCN,7101,4054,066281,2,9,136586,2,9,32800,32799,00000,00000
BCN,7102,0000,066281,2,9,136586,2,9,32800,32799,00000,00000
BCN,7103,0000,066281,2,9,136586,2,9,32800,32799,00000,00000
BCN,7104,4027,060189,2,8,136363,2,9,32799,32799,00000,00000
BCN,7105,0000,060189,2,8,136363,2,9,32799,32799,00000,00000
BCN,7106,0000,060189,2,8,136363,2,9,32799,32799,00000,00000
BCN,7107,4093,060189,2,8,136363,2,9,32799,32799,00000,00000
BCN,7108,0000,060189,2,8,136363,2,9,32799,32799,00000,00000
BCN,7109,0000,060189,2,8,136363,2,9,32799,32799,00000,00000
BCN,7110,0000,064116,2,8,136418,2,9,32800,32799,00000,00000
BCN,7111,0000,064116,2,8,136418,2,9,32800,32799,00000,00000
BCN,7112,0000,064116,2,8,136418,2,9,32800,32799,00000,00000
BCN,7113,4079,064116,2,8,136418,2,9,32800,32799,00000,00000
BCN,7114,4095,064116,2,8,136418,2,9,32800,32799,00000,00000
BCN,7115,3967,064116,2,8,136418,2,9,32800,32799,00000,00000
BCN,7116,0000,066307,2,9,136772,2,9,32800,32799,00000,00000
BCN,7117,4095,066307,2,9,136772,2,9,32800,32799,00000,00000
BCN,7118,4090,066307,2,9,136772,2,9,32800,32799,00000,00000
BCN,7119,4023,066307,2,9,136772,2,9,32800,32799,00000,00000
BCN,7120,0000,066307,2,9,136772,2,9,32800,32799,00000,00000
BCN,7121,4031,066307,2,9,136772,2,9,32800,32799,00000,00000
BCN,7122,4078,060215,2,8,136268,2,9,32799,32799,00000,00000
BCN,7123,4059,060215,2,8,136268,2,9,32799,32799,00000,00000
BCN,7124,0000,060215,2,8,136268,2,9,32799,32799,00000,00000
BCN,7125,0000,060215,2,8,136268,2,9,32799,32799,00000,00000
BCN,7126,0000,060215,2,8,136268,2,9,32799,32799,00000,00000
BCN,7127,0000,060215,2,8,136268,2,9,32799,32799,00000,00000
BCN,7128,4091,060215,2,8,136268,2,9,32799,32799,00000,00000
BCN,7129,4055,064129,2,8,136358,2,9,32800,32799,00000,00000
BCN,7130,4095,064129,2,8,136358,2,9,32800,32799,00000,00000
BCN,7131,4059,064129,2,8,136358,2,9,32800,32799,00000,00000
BCN,7132,4086,064129,2,8,136358,2,9,32800,32799,00000,00000
BCN,7133,0000,064129,2,8,136358,2,9,32800,32799,00000,00000
BCN,7134,0000,064129,2,8,136358,2,9,32800,32799,00000,00000
BCN,7135,4094,066320,2,9,136740,2,9,32800,32799,00000,00000
BCN,7136,0000,066320,2,9,136740,2,9,32800,32799,00000,00000
BCN,7137,0000,066320,2,9,136740,2,9,32800,32799,00000,00000
BCN,7138,4091,066320,2,9,136740,2,9,32800,32799,00000,00000
BCN,7139,0000,066320,2,9,136740,2,9,32800,32799,00000,00000
BCN,7140,0000,066320,2,9,136740,2,9,32800,32799,00000,00000
BCN,7141,4093,062185,2,8,136504,2,9,32799,32799,00000,00000
BCN,7142,0000,062185,2,8,136504,2,9,32799,32799,00000,00000
BCN,7143,0000,062185,2,8,136504,2,9,32799,32799,00000,00000
BCN,7144,4021,062185,2,8,136504,2,9,32799,32799,00000,00000
BCN,7145,0000,062185,2,8,136504,2,9,32799,32799,00000,00000
BCN,7146,0000,062185,2,8,136504,2,9,32799,32799,00000,00000
BCN,7147,0000,064077,2,8,136081,2,9,32800,32799,00000,00000
BCN,7148,0000,064077,2,8,136081,2,9,32800,32799,00000,00000
BCN,7149,0000,064077,2,8,136081,2,9,32800,32799,00000,00000
BCN,7150,4031,064077,2,8,136081,2,9,32800,32799,00000,00000
BCN,7151,4079,064077,2,8,136081,2,9,32800,32799,00000,00000
BCN,7152,4087,064077,2,8,136081,2,9,32800,32799,00000,00000
BCN,7153,0000,064129,2,8,136436,2,9,32800,32799,00000,00000
BCN,7154,4093,064129,2,8,136436,2,9,32800,32799,00000,00000
BCN,7155,4031,064129,2,8,136436,2,9,32800,32799,00000,00000
BCN,7156,4086,064129,2,8,136436,2,9,32800,32799,00000,00000
BCN,7157,0000,064129,2,8,136436,2,9,32800,32799,00000,00000
BCN,7158,4059,064129,2,8,136436,2,9,32800,32799,00000,00000
BCN,7159,4095,064038,2,8,136528,2,9,32799,32799,00000,00000
BCN,7160,4077,064038,2,8,136528,2,9,32799,32799,00000,00000
BCN,7161,0000,064038,2,8,136528,2,9,32799,32799,00000,00000
BCN,7162,0000,064038,2,8,136528,2,9,32799,32799,00000,00000
BCN,7163,0000,064038,2,8,136528,2,9,32799,32799,00000,00000
BCN,7164,0000,064038,2,8,136528,2,9,32799,32799,00000,00000
BCN,7165,4075,064038,2,8,136528,2,9,32799,32799,00000,00000
BCN,7166,4077,061782,2,8,140424,2,9,32800,32799,00000,00000
BCN,7167,4069,061782,2,8,140424,2,9,32800,32799,00000,00000
BCN,7168,4031,061782,2,8,140424,2,9,32800,32799,00000,00000
BCN,7169,4079,061782,2,8,140424,2,9,32800,32799,00000,00000
BCN,7170,0000,061782,2,8,140424,2,9,32800,32799,00000,00000
BCN,7171,0000,061782,2,8,140424,2,9,32800,32799,00000,00000
BCN,7172,4043,061808,2,8,140731,2,9,32800,32799,00000,00000
BCN,7173,0000,061808,2,8,140731,2,9,32800,32799,00000,00000
BCN,7174,0000,061808,2,8,140731,2,9,32800,32799,00000,00000
BCN,7175,4054,061808,2,8,140731,2,9,32800,32799,00000,00000
BCN,7176,0000,061808,2,8,140731,2,9,32800,32799,00000,00000
BCN,7177,0000,061808,2,8,140731,2,9,32800,32799,00000,00000
BCN,7178,4087,063830,2,8,140537,2,9,32799,32799,00000,00000
BCN,7179,0000,063830,2,8,140537,2,9,32799,32799,00000,00000
BCN,7180,0000,063830,2,8,140537,2,9,32799,32799,00000,00000
BCN,7181,4091,063830,2,8,140537,2,9,32799,32799,00000,00000
BCN,7182,0000,063830,2,8,140537,2,9,32799,32799,00000,00000
BCN,7183,0000,063830,2,8,140537,2,9,32799,32799,00000,00000
BCN,7184,0000,059708,2,8,140380,2,9,32799,32799,00000,00000
BCN,7185,0000,059708,2,8,140380,2,9,32799,32799,00000,00000
BCN,7186,0000,059708,2,8,140380,2,9,32799,32799,00000,00000
BCN,7187,4063,059708,2,8,140380,2,9,32799,32799,00000,00000
BCN,7188,4095,059708,2,8,140380,2,9,32799,32799,00000,00000
BCN,7189,4091,059708,2,8,140380,2,9,32799,32799,00000,00000
BCN,7190,0000,069987,2,9,140846,2,9,32800,32799,00000,00000
BCN,7191,4079,069987,2,9,140846,2,9,32800,32799,00000,00000
BCN,7192,4063,069987,2,9,140846,2,9,32800,32799,00000,00000
BCN,7193,4091,069987,2,9,140846,2,9,32800,32799,00000,00000
BCN,7194,0000,069987,2,9,140846,2,9,32800,32799,00000,00000
BCN,7195,3967,069987,2,9,140846,2,9,32800,32799,00000,00000
BCN,7196,4087,063791,2,8,140818,2,9,32800,32799,00000,00000
BCN,7197,4086,063791,2,8,140818,2,9,32800,32799,00000,00000
BCN,7198,0000,063791,2,8,140818,2,9,32800,32799,00000,00000
BCN,7199,0000,063791,2,8,140818,2,9,32800,32799,00000,00000
BCN,7200,0000,063791,2,8,140818,2,9,32800,32799,00000,00000
BCN,7201,0000,063791,2,8,140818,2,9,32800,32799,00000,00000
BCN,7202,4095,063791,2,8,140818,2,9,32800,32799,00000,00000
BCN,7203,4077,065878,2,9,144608,2,9,32800,32799,00000,00000
BCN,7204,4078,065878,2,9,144608,2,9,32800,32799,00000,00000
BCN,7205,4091,065878,2,9,144608,2,9,32800,32799,00000,00000
BCN,7206,4095,065878,2,9,144608,2,9,32800,32799,00000,00000
BCN,7207,0000,065878,2,9,144608,2,9,32800,32799,00000,00000
BCN,7208,0000,065878,2,9,144608,2,9,32800,32799,00000,00000
BCN,7209,4093,061795,2,8,144958,2,9,32800,32799,00000,00000
BCN,7210,0000,061795,2,8,144958,2,9,32800,32799,00000,00000
BCN,7211,0000,061795,2,8,144958,2,9,32800,32799,00000,00000
BCN,7212,4093,061795,2,8,144958,2,9,32800,32799,00000,00000
BCN,7213,0000,061795,2,8,144958,2,9,32800,32799,00000,00000
BCN,7214,0000,061795,2,8,144958,2,9,32800,32799,00000,00000
BCN,7215,0000,063830,2,8,148768,2,9,32799,32799,00000,00000
BCN,7216,0000,063830,2,8,148768,2,9,32799,32799,00000,00000
BCN,7217,0000,063830,2,8,148768,2,9,32799,32799,00000,00000
BCN,7218,4095,063830,2,8,148768,2,9,32799,32799,00000,00000
BCN,7219,0000,063830,2,8,148768,2,9,32799,32799,00000,00000
BCN,7220,0000,063830,2,8,148768,2,9,32799,32799,00000,00000
BCN,7221,0000,061847,2,8,149097,2,9,32799,32799,00000,00000
BCN,7222,0000,061847,2,8,149097,2,9,32799,32799,00000,00000
BCN,7223,0000,061847,2,8,149097,2,9,32799,32799,00000,00000
BCN,7224,4062,061847,2,8,149097,2,9,32799,32799,00000,00000
BCN,7225,4095,061847,2,8,149097,2,9,32799,32799,00000,00000
BCN,7226,4095,061847,2,8,149097,2,9,32799,32799,00000,00000
BCN,7227,0000,070052,2,9,149192,2,9,32800,32799,00000,00000
BCN,7228,4087,070052,2,9,149192,2,9,32800,32799,00000,00000
BCN,7229,4079,070052,2,9,149192,2,9,32800,32799,00000,00000
BCN,7230,4095,070052,2,9,149192,2,9,32800,32799,00000,00000
BCN,7231,0000,070052,2,9,149192,2,9,32800,32799,00000,00000
BCN,7232,4077,070052,2,9,149192,2,9,32800,32799,00000,00000
BCN,7233,4095,065982,2,9,149121,2,9,32800,32799,00000,00000
BCN,7234,4087,065982,2,9,149121,2,9,32800,32799,00000,00000
BCN,7235,0000,065982,2,9,149121,2,9,32800,32799,00000,00000
BCN,7236,0000,065982,2,9,149121,2,9,32800,32799,00000,00000
BCN,7237,0000,065982,2,9,149121,2,9,32800,32799,00000,00000
BCN,7238,0000,065982,2,9,149121,2,9,32800,32799,00000,00000
BCN,7239,4094,065982,2,9,149121,2,9,32800,32799,00000,00000
BCN,7240,4095,065982,2,9,149101,2,9,32800,32799,00000,00000
BCN,7241,4079,065982,2,9,149101,2,9,32800,32799,00000,00000
BCN,7242,4095,065982,2,9,149101,2,9,32800,32799,00000,00000
BCN,7243,4086,065982,2,9,149101,2,9,32800,32799,00000,00000
BCN,7244,0000,065982,2,9,149101,2,9,32800,32799,00000,00000
BCN,7245,0000,065982,2,9,149101,2,9,32800,32799,00000,00000
BCN,7246,4079,059968,2,8,145225,2,9,32799,32799,00000,00000
BCN,7247,0000,059968,2,8,145225,2,9,32799,32799,00000,00000
BCN,7248,0000,059968,2,8,145225,2,9,32799,32799,00000,00000
BCN,7249,4095,059968,2,8,145225,2,9,32799,32799,00000,00000
BCN,7250,0000,059968,2,8,145225,2,9,32799,32799,00000,00000
BCN,7251,0000,059968,2,8,145225,2,9,32799,32799,00000,00000
BCN,7252,0000,066086,2,9,145235,2,9,32800,32799,00000,00000
BCN,7253,0000,066086,2,9,145235,2,9,32800,32799,00000,00000
BCN,7254,0000,066086,2,9,145235,2,9,32800,32799,00000,00000
BCN,7255,4095,066086,2,9,145235,2,9,32800,32799,00000,00000
BCN,7256,0000,066086,2,9,145235,2,9,32800,32799,00000,00000
BCN,7257,0000,066086,2,9,145235,2,9,32800,32799,00000,00000
BCN,7258,0000,066255,2,9,145274,2,9,32800,32799,00000,00000
BCN,7259,0000,066255,2,9,145274,2,9,32800,32799,00000,00000
BCN,7260,0000,066255,2,9,145274,2,9,32800,32799,00000,00000
BCN,7261,4095,066255,2,9,145274,2,9,32800,32799,00000,00000
BCN,7262,4095,066255,2,9,145274,2,9,32800,32799,00000,00000
BCN,7263,4095,066255,2,9,145274,2,9,32800,32799,00000,00000
BCN,7264,0000,060163,2,8,145305,2,9,32799,32799,00000,00000
BCN,7265,4095,060163,2,8,145305,2,9,32799,32799,00000,00000
BCN,7266,4095,060163,2,8,145305,2,9,32799,32799,00000,00000
BCN,7267,4095,060163,2,8,145305,2,9,32799,32799,00000,00000
BCN,7268,0000,060163,2,8,145305,2,9,32799,32799,00000,00000
BCN,7269,4095,060163,2,8,145305,2,9,32799,32799,00000,00000
BCN,7270,4095,064103,2,8,145295,2,9,32800,32799,00000,00000
BCN,7271,4095,064103,2,8,145295,2,9,32800,32799,00000,00000
BCN,7272,0000,064103,2,8,145295,2,9,32800,32799,00000,00000
BCN,7273,0000,064103,2,8,145295,2,9,32800,32799,00000,00000
BCN,7274,0000,064103,2,8,145295,2,9,32800,32799,00000,00000
BCN,7275,0000,064103,2,8,145295,2,9,32800,32799,00000,00000
BCN,7276,4095,064103,2,8,145295,2,9,32800,32799,00000,00000
BCN,7277,4095,066294,2,9,145297,2,9,32800,32799,00000,00000
BCN,7278,4095,066294,2,9,145297,2,9,32800,32799,00000,00000
BCN,7279,4095,066294,2,9,145297,2,9,32800,32799,00000,00000
BCN,7280,4095,066294,2,9,145297,2,9,32800,32799,00000,00000
BCN,7281,0000,066294,2,9,145297,2,9,32800,32799,00000,00000
BCN,7282,0000,066294,2,9,145297,2,9,32800,32799,00000,00000
BCN,7283,4095,060202,2,8,145294,2,9,32799,32799,00000,00000
BCN,7284,0000,060202,2,8,145294,2,9,32799,32799,00000,00000
BCN,7285,0000,060202,2,8,145294,2,9,32799,32799,00000,00000
BCN,7286,4095,060202,2,8,145294,2,9,32799,32799,00000,00000
BCN,7287,0000,060202,2,8,145294,2,9,32799,32799,00000,00000
BCN,7288,0000,060202,2,8,145294,2,9,32799,32799,00000,00000
BCN,7289,0000,064129,2,8,145292,2,9,32800,32799,00000,00000
BCN,7290,0000,064129,2,8,145292,2,9,32800,32799,00000,00000
BCN,7291,0000,064129,2,8,145292,2,9,32800,32799,00000,00000
BCN,7292,4095,064129,2,8,145292,2,9,32800,32799,00000,00000
BCN,7293,0000,064129,2,8,145292,2,9,32800,32799,00000,00000
BCN,7294,0000,064129,2,8,145292,2,9,32800,32799,00000,00000
BCN,7295,0000,066320,2,9,145284,2,9,32800,32799,00000,00000
BCN,7296,0000,066320,2,9,145284,2,9,32800,32799,00000,00000
BCN,7297,0000,066320,2,9,145284,2,9,32800,32799,00000,00000
BCN,7298,4095,066320,2,9,145284,2,9,32800,32799,00000,00000
BCN,7299,4095,066320,2,9,145284,2,9,32800,32799,00000,00000
BCN,7300,4095,066320,2,9,145284,2,9,32800,32799,00000,00000
BCN,7301,0000,060215,2,8,145289,2,9,32799,32799,00000,00000
BCN,7302,4095,060215,2,8,145289,2,9,32799,32799,00000,00000
BCN,7303,4095,060215,2,8,145289,2,9,32799,32799,00000,00000
BCN,7304,4095,060215,2,8,145289,2,9,32799,32799,00000,00000
BCN,7305,0000,060215,2,8,145289,2,9,32799,32799,00000,00000
BCN,7306,4095,060215,2,8,145289,2,9,32799,32799,00000,00000
BCN,7307,4095,064142,2,8,145288,2,9,32800,32799,00000,00000
BCN,7308,4095,064142,2,8,145288,2,9,32800,32799,00000,00000
BCN,7309,0000,064142,2,8,145288,2,9,32800,32799,00000,00000
BCN,7310,0000,064142,2,8,145288,2,9,32800,32799,00000,00000
BCN,7311,0000,064142,2,8,145288,2,9,32800,32799,00000,00000
BCN,7312,0000,064142,2,8,145288,2,9,32800,32799,00000,00000
BCN,7313,4095,064142,2,8,145288,2,9,32800,32799,00000,00000
BCN,7314,4095,066320,2,9,145288,2,9,32800,32799,00000,00000
BCN,7315,4095,066320,2,9,145288,2,9,32800,32799,00000,00000
BCN,7316,4095,066320,2,9,145288,2,9,32800,32799,00000,00000
BCN,7317,4095,066320,2,9,145288,2,9,32800,32799,00000,00000
BCN,7318,0000,066320,2,9,145288,2,9,32800,32799,00000,00000
BCN,7319,0000,066320,2,9,145288,2,9,32800,32799,00000,00000
BCN,7320,4095,062185,2,8,145287,2,9,32799,32799,00000,00000
BCN,7321,0000,062185,2,8,145287,2,9,32799,32799,00000,00000
BCN,7322,0000,062185,2,8,145287,2,9,32799,32799,00000,00000
BCN,7323,4095,062185,2,8,145287,2,9,32799,32799,00000,00000
BCN,7324,0000,062185,2,8,145287,2,9,32799,32799,00000,00000
BCN,7325,0000,062185,2,8,145287,2,9,32799,32799,00000,00000
BCN,7326,0000,064077,2,8,145287,2,9,32800,32799,00000,00000
BCN,7327,0000,064077,2,8,145287,2,9,32800,32799,00000,00000
BCN,7328,0000,064077,2,8,145287,2,9,32800,32799,00000,00000
BCN,7329,4095,064077,2,8,145287,2,9,32800,32799,00000,00000
BCN,7330,0000,064077,2,8,145287,2,9,32800,32799,00000,00000
BCN,7331,0000,064077,2,8,145287,2,9,32800,32799,00000,00000
BCN,7332,0000,066281,2,9,145286,2,9,32800,32799,00000,00000
BCN,7333,0000,066281,2,9,145286,2,9,32800,32799,00000,00000
BCN,7334,0000,066281,2,9,145286,2,9,32800,32799,00000,00000
BCN,7335,4095,066281,2,9,145286,2,9,32800,32799,00000,00000
BCN,7336,4095,066281,2,9,145286,2,9,32800,32799,00000,00000
BCN,7337,4095,066281,2,9,145286,2,9,32800,32799,00000,00000
BCN,7338,0000,062159,2,8,145286,2,9,32799,32799,00000,00000
BCN,7339,4095,062159,2,8,145286,2,9,32799,32799,00000,00000
BCN,7340,4095,062159,2,8,145286,2,9,32799,32799,00000,00000
BCN,7341,4095,062159,2,8,145286,2,9,32799,32799,00000,00000
BCN,7342,0000,062159,2,8,145286,2,9,32799,32799,00000,00000
BCN,7343,4095,062159,2,8,145286,2,9,32799,32799,00000,00000
BCN,7344,4095,064051,2,8,145286,2,9,32800,32799,00000,00000
BCN,7345,4095,064051,2,8,145286,2,9,32800,32799,00000,00000
BCN,7346,0000,064051,2,8,145286,2,9,32800,32799,00000,00000
BCN,7347,0000,064051,2,8,145286,2,9,32800,32799,00000,00000
BCN,7348,0000,064051,2,8,145286,2,9,32800,32799,00000,00000
BCN,7349,0000,064051,2,8,145286,2,9,32800,32799,00000,00000
BCN,7350,4095,064051,2,8,145286,2,9,32800,32799,00000,00000
BCN,7351,4095,066255,2,9,145286,2,9,32800,32799,00000,00000
BCN,7352,4095,066255,2,9,145286,2,9,32800,32799,00000,00000
BCN,7353,4095,066255,2,9,145286,2,9,32800,32799,00000,00000
BCN,7354,4095,066255,2,9,145286,2,9,32800,32799,00000,00000
BCN,7355,0000,066255,2,9,145286,2,9,32800,32799,00000,00000
BCN,7356,0000,066255,2,9,145286,2,9,32800,32799,00000,00000
BCN,7357,4095,060176,2,8,145286,2,9,32799,32799,00000,00000
BCN,7358,0000,060176,2,8,145286,2,9,32799,32799,00000,00000
BCN,7359,0000,060176,2,8,145286,2,9,32799,32799,00000,00000
BCN,7360,4095,060176,2,8,145286,2,9,32799,32799,00000,00000
BCN,7361,0000,060176,2,8,145286,2,9,32799,32799,00000,00000
BCN,7362,0000,060176,2,8,145286,2,9,32799,32799,00000,00000
BCN,7363,0000,064103,2,8,145286,2,9,32800,32799,00000,00000
BCN,7364,0000,064103,2,8,145286,2,9,32800,32799,00000,00000
BCN,7365,0000,064103,2,8,145286,2,9,32800,32799,00000,00000
BCN,7366,4095,064103,2,8,145286,2,9,32800,32799,00000,00000
BCN,7367,0000,064103,2,8,145286,2,9,32800,32799,00000,00000
BCN,7368,0000,064103,2,8,145286,2,9,32800,32799,00000,00000
BCN,7369,0000,066294,2,9,145286,2,9,32800,32799,00000,00000
BCN,7370,0000,066294,2,9,145286,2,9,32800,32799,00000,00000
BCN,7371,0000,066294,2,9,145286,2,9,32800,32799,00000,00000
BCN,7372,4095,066294,2,9,145286,2,9,32800,32799,00000,00000
BCN,7373,4095,066294,2,9,145286,2,9,32800,32799,00000,00000
BCN,7374,4095,066294,2,9,145286,2,9,32800,32799,00000,00000
BCN,7375,0000,062172,2,8,145286,2,9,32799,32799,00000,00000
BCN,7376,4095,062172,2,8,145286,2,9,32799,32799,00000,00000
BCN,7377,4095,062172,2,8,145286,2,9,32799,32799,00000,00000
BCN,7378,4095,062172,2,8,145286,2,9,32799,32799,00000,00000
BCN,7379,0000,062172,2,8,145286,2,9,32799,32799,00000,00000
BCN,7380,4095,062172,2,8,145286,2,9,32799,32799,00000,00000
BCN,7381,4095,064064,2,8,145286,2,9,32800,32799,00000,00000
BCN,7382,4095,064064,2,8,145286,2,9,32800,32799,00000,00000
BCN,7383,0000,064064,2,8,145286,2,9,32800,32799,00000,00000
BCN,7384,0000,064064,2,8,145286,2,9,32800,32799,00000,00000
BCN,7385,0000,064064,2,8,145286,2,9,32800,32799,00000,00000
BCN,7386,0000,064064,2,8,145286,2,9,32800,32799,00000,00000
BCN,7387,4095,064064,2,8,145286,2,9,32800,32799,00000,00000
BCN,7388,4095,066268,2,9,145286,2,9,32800,32799,00000,00000
BCN,7389,4095,066268,2,9,145286,2,9,32800,32799,00000,00000
BCN,7390,4095,066268,2,9,145286,2,9,32800,32799,00000,00000
BCN,7391,4095,066268,2,9,145286,2,9,32800,32799,00000,00000
BCN,7392,0000,066268,2,9,145286,2,9,32800,32799,00000,00000
BCN,7393,0000,066268,2,9,145286,2,9,32800,32799,00000,00000
BCN,7394,4095,062146,2,8,145286,2,9,32799,32799,00000,00000
BCN,7395,0000,062146,2,8,145286,2,9,32799,32799,00000,00000
BCN,7396,0000,062146,2,8,145286,2,9,32799,32799,00000,00000
BCN,7397,4095,062146,2,8,145286,2,9,32799,32799,00000,00000
BCN,7398,0000,062146,2,8,145286,2,9,32799,32799,00000,00000
BCN,7399,0000,062146,2,8,145286,2,9,32799,32799,00000,00000
BCN,7400,0000,064051,2,8,145286,2,9,32800,32799,00000,00000
BCN,7401,0000,064051,2,8,145286,2,9,32800,32799,00000,00000
BCN,7402,0000,064051,2,8,145286,2,9,32800,32799,00000,00000
BCN,7403,4095,064051,2,8,145286,2,9,32800,32799,00000,00000
BCN,7404,0000,064051,2,8,145286,2,9,32800,32799,00000,00000
BCN,7405,0000,064051,2,8,145286,2,9,32800,32799,00000,00000
BCN,7406,0000,066255,2,9,145286,2,9,32800,32799,00000,00000
BCN,7407,0000,066255,2,9,145286,2,9,32800,32799,00000,00000
BCN,7408,0000,066255,2,9,145286,2,9,32800,32799,00000,00000
BCN,7409,4095,066255,2,9,145286,2,9,32800,32799,00000,00000
BCN,7410,4095,066255,2,9,145286,2,9,32800,32799,00000,00000
BCN,7411,4095,066255,2,9,145286,2,9,32800,32799,00000,00000
BCN,7412,0000,064103,2,8,145286,2,9,32799,32799,00000,00000
BCN,7413,4095,064103,2,8,145286,2,9,32799,32799,00000,00000
BCN,7414,4095,064103,2,8,145286,2,9,32799,32799,00000,00000
BCN,7415,4095,064103,2,8,145286,2,9,32799,32799,00000,00000
BCN,7416,0000,064103,2,8,145286,2,9,32799,32799,00000,00000
BCN,7417,4095,064103,2,8,145286,2,9,32799,32799,00000,00000
BCN,7418,4095,061821,2,8,145286,2,9,32800,32799,00000,00000
BCN,7419,4095,061821,2,8,145286,2,9,32800,32799,00000,00000
BCN,7420,0000,061821,2,8,145286,2,9,32800,32799,00000,00000
BCN,7421,0000,061821,2,8,145286,2,9,32800,32799,00000,00000
BCN,7422,0000,061821,2,8,145286,2,9,32800,32799,00000,00000
BCN,7423,0000,061821,2,8,145286,2,9,32800,32799,00000,00000
BCN,7424,4095,061821,2,8,145286,2,9,32800,32799,00000,00000
BCN,7425,4095,061834,2,8,145286,2,9,32800,32799,00000,00000
BCN,7426,4095,061834,2,8,145286,2,9,32800,32799,00000,00000
BCN,7427,4095,061834,2,8,145286,2,9,32800,32799,00000,00000
BCN,7428,4095,061834,2,8,145286,2,9,32800,32799,00000,00000
BCN,7429,0000,061834,2,8,145286,2,9,32800,32799,00000,00000
BCN,7430,0000,061834,2,8,145286,2,9,32800,32799,00000,00000
BCN,7431,4095,063856,2,8,145286,2,9,32799,32799,00000,00000
BCN,7432,0000,063856,2,8,145286,2,9,32799,32799,00000,00000
BCN,7433,0000,063856,2,8,145286,2,9,32799,32799,00000,00000
BCN,7434,4095,063856,2,8,145286,2,9,32799,32799,00000,00000
BCN,7435,0000,063856,2,8,145286,2,9,32799,32799,00000,00000
BCN,7436,0000,063856,2,8,145286,2,9,32799,32799,00000,00000
BCN,7437,0000,059721,2,8,145286,2,9,32799,32799,00000,00000
BCN,7438,0000,059721,2,8,145286,2,9,32799,32799,00000,00000
BCN,7439,0000,059721,2,8,145286,2,9,32799,32799,00000,00000
BCN,7440,4095,059721,2,8,145286,2,9,32799,32799,00000,00000
BCN,7441,0000,059721,2,8,145286,2,9,32799,32799,00000,00000
BCN,7442,0000,059721,2,8,145286,2,9,32799,32799,00000,00000
BCN,7443,0000,070000,2,9,145286,2,9,32800,32799,00000,00000
BCN,7444,0000,070000,2,9,145286,2,9,32800,32799,00000,00000
BCN,7445,0000,070000,2,9,145286,2,9,32800,32799,00000,00000
BCN,7446,4095,070000,2,9,145286,2,9,32800,32799,00000,00000
BCN,7447,4095,070000,2,9,145286,2,9,32800,32799,00000,00000
BCN,7448,4095,070000,2,9,145286,2,9,32800,32799,00000,00000
BCN,7449,0000,063804,2,8,145286,2,9,32800,32799,00000,00000
BCN,7450,4095,063804,2,8,145286,2,9,32800,32799,00000,00000
BCN,7451,4095,063804,2,8,145286,2,9,32800,32799,00000,00000
BCN,7452,4095,063804,2,8,145286,2,9,32800,32799,00000,00000
BCN,7453,0000,063804,2,8,145286,2,9,32800,32799,00000,00000
BCN,7454,4095,063804,2,8,145286,2,9,32800,32799,00000,00000
BCN,7455,4095,065891,2,9,145286,2,9,32800,32799,00000,00000
BCN,7456,4095,065891,2,9,145286,2,9,32800,32799,00000,00000
BCN,7457,0000,065891,2,9,145286,2,9,32800,32799,00000,00000
BCN,7458,0000,065891,2,9,145286,2,9,32800,32799,00000,00000
BCN,7459,0000,065891,2,9,145286,2,9,32800,32799,00000,00000
BCN,7460,0000,065891,2,9,145286,2,9,32800,32799,00000,00000
BCN,7461,4095,065891,2,9,145286,2,9,32800,32799,00000,00000
BCN,7462,4095,061808,2,8,145286,2,9,32800,32799,00000,00000
BCN,7463,4095,061808,2,8,145286,2,9,32800,32799,00000,00000
BCN,7464,4095,061808,2,8,145286,2,9,32800,32799,00000,00000
BCN,7465,4095,061808,2,8,145286,2,9,32800,32799,00000,00000
BCN,7466,0000,061808,2,8,145286,2,9,32800,32799,00000,00000
BCN,7467,0000,061808,2,8,145286,2,9,32800,32799,00000,00000
BCN,7468,4095,065969,2,9,149393,2,9,32799,32799,00000,00000
BCN,7469,0000,065969,2,9,149393,2,9,32799,32799,00000,00000
BCN,7470,0000,065969,2,9,149393,2,9,32799,32799,00000,00000
BCN,7471,4095,065969,2,9,149393,2,9,32799,32799,00000,00000
BCN,7472,0000,065969,2,9,149393,2,9,32799,32799,00000,00000
BCN,7473,0000,065969,2,9,149393,2,9,32799,32799,00000,00000
BCN,7474,0000,066203,2,9,149362,2,9,32799,32799,00000,00000
BCN,7475,0000,066203,2,9,149362,2,9,32799,32799,00000,00000
BCN,7476,0000,066203,2,9,149362,2,9,32799,32799,00000,00000
BCN,7477,4095,066203,2,9,149362,2,9,32799,32799,00000,00000
BCN,7478,0000,066203,2,9,149362,2,9,32799,32799,00000,00000
BCN,7479,0000,066203,2,9,149362,2,9,32799,32799,00000,00000
BCN,7480,0000,072386,2,9,149409,2,9,32800,32799,00000,00000
BCN,7481,0000,072386,2,9,149409,2,9,32800,32799,00000,00000
BCN,7482,0000,072386,2,9,149409,2,9,32800,32799,00000,00000
BCN,7483,4095,072386,2,9,149409,2,9,32800,32799,00000,00000
BCN,7484,4095,072386,2,9,149409,2,9,32800,32799,00000,00000
BCN,7485,4095,072386,2,9,149409,2,9,32800,32799,00000,00000
BCN,7486,0000,068147,2,9,149415,2,9,32800,32799,00000,00000
BCN,7487,4095,068147,2,9,149415,2,9,32800,32799,00000,00000
BCN,7488,4095,068147,2,9,149415,2,9,32800,32799,00000,00000
BCN,7489,4095,068147,2,9,149415,2,9,32800,32799,00000,00000
BCN,7490,0000,068147,2,9,149415,2,9,32800,32799,00000,00000
BCN,7491,4095,068147,2,9,149415,2,9,32800,32799,00000,00000
BCN,7492,4095,066255,2,9,149419,2,9,32800,32799,00000,00000
BCN,7493,4095,066255,2,9,149419,2,9,32800,32799,00000,00000
BCN,7494,0000,066255,2,9,149419,2,9,32800,32799,00000,00000
BCN,7495,0000,066255,2,9,149419,2,9,32800,32799,00000,00000
BCN,7496,0000,066255,2,9,149419,2,9,32800,32799,00000,00000
BCN,7497,0000,066255,2,9,149419,2,9,32800,32799,00000,00000
BCN,7498,4095,066255,2,9,149419,2,9,32800,32799,00000,00000
BCN,7499,4095,064103,2,8,145340,2,9,32799,32799,00000,00000
BCN,7500,4095,064103,2,8,145340,2,9,32799,32799,00000,00000
BCN,7501,4095,064103,2,8,145340,2,9,32799,32799,00000,00000
BCN,7502,4095,064103,2,8,145340,2,9,32799,32799,00000,00000
BCN,7503,0000,064103,2,8,145340,2,9,32799,32799,00000,00000
BCN,7504,0000,064103,2,8,145340,2,9,32799,32799,00000,00000
BCN,7505,4095,061821,2,8,145353,2,9,32800,32799,00000,00000
BCN,7506,0000,061821,2,8,145353,2,9,32800,32799,00000,00000
BCN,7507,0000,061821,2,8,145353,2,9,32800,32799,00000,00000
BCN,7508,4095,061821,2,8,145353,2,9,32800,32799,00000,00000
BCN,7509,0000,061821,2,8,145353,2,9,32800,32799,00000,00000
BCN,7510,0000,061821,2,8,145353,2,9,32800,32799,00000,00000
BCN,7511,4095,063986,2,8,141282,2,9,32800,32799,00000,00000
BCN,7512,0000,063986,2,8,141282,2,9,32800,32799,00000,00000
BCN,7513,0000,063986,2,8,141282,2,9,32800,32799,00000,00000
BCN,7514,4095,063986,2,8,141282,2,9,32800,32799,00000,00000
BCN,7515,0000,063986,2,8,141282,2,9,32800,32799,00000,00000
BCN,7516,0000,063986,2,8,141282,2,9,32800,32799,00000,00000
BCN,7517,0000,063921,2,8,141300,2,9,32799,32799,00000,00000
BCN,7518,0000,063921,2,8,141300,2,9,32799,32799,00000,00000
BCN,7519,0000,063921,2,8,141300,2,9,32799,32799,00000,00000
BCN,7520,4095,063921,2,8,141300,2,9,32799,32799,00000,00000
BCN,7521,4095,063921,2,8,141300,2,9,32799,32799,00000,00000
BCN,7522,4095,063921,2,8,141300,2,9,32799,32799,00000,00000
BCN,7523,0000,059786,2,8,141314,2,9,32799,32799,00000,00000
BCN,7524,4095,059786,2,8,141314,2,9,32799,32799,00000,00000
BCN,7525,4095,059786,2,8,141314,2,9,32799,32799,00000,00000
BCN,7526,4095,059786,2,8,141314,2,9,32799,32799,00000,00000
BCN,7527,0000,059786,2,8,141314,2,9,32799,32799,00000,00000
BCN,7528,4095,059786,2,8,141314,2,9,32799,32799,00000,00000
BCN,7529,4095,070039,2,9,137245,2,9,32800,32799,00000,00000
BCN,7530,4095,070039,2,9,137245,2,9,32800,32799,00000,00000
BCN,7531,0000,070039,2,9,137245,2,9,32800,32799,00000,00000
BCN,7532,0000,070039,2,9,137245,2,9,32800,32799,00000,00000
BCN,7533,0000,070039,2,9,137245,2,9,32800,32799,00000,00000
BCN,7534,0000,070039,2,9,137245,2,9,32800,32799,00000,00000
BCN,7535,4095,070039,2,9,137245,2,9,32800,32799,00000,00000
BCN,7536,4095,063830,2,8,137263,2,9,32800,32799,00000,00000
BCN,7537,4095,063830,2,8,137263,2,9,32800,32799,00000,00000
BCN,7538,4095,063830,2,8,137263,2,9,32800,32799,00000,00000
BCN,7539,4095,063830,2,8,137263,2,9,32800,32799,00000,00000
BCN,7540,0000,063830,2,8,137263,2,9,32800,32799,00000,00000
BCN,7541,0000,063830,2,8,137263,2,9,32800,32799,00000,00000
BCN,7542,4095,065904,2,9,137277,2,9,32800,32799,00000,00000
BCN,7543,0000,065904,2,9,137277,2,9,32800,32799,00000,00000
BCN,7544,0000,065904,2,9,137277,2,9,32800,32799,00000,00000
BCN,7545,4095,065904,2,9,137277,2,9,32800,32799,00000,00000
BCN,7546,0000,065904,2,9,137277,2,9,32800,32799,00000,00000
BCN,7547,0000,065904,2,9,137277,2,9,32800,32799,00000,00000
BCN,7548,4095,059916,2,8,137287,2,9,32799,32799,00000,00000
BCN,7549,0000,059916,2,8,137287,2,9,32799,32799,00000,00000
BCN,7550,0000,059916,2,8,137287,2,9,32799,32799,00000,00000
BCN,7551,4095,059916,2,8,137287,2,9,32799,32799,00000,00000
BCN,7552,0000,059916,2,8,137287,2,9,32799,32799,00000,00000
BCN,7553,0000,059916,2,8,137287,2,9,32799,32799,00000,00000
BCN,7554,0000,066047,2,9,137295,2,9,32800,32799,00000,00000
BCN,7555,0000,066047,2,9,137295,2,9,32800,32799,00000,00000
BCN,7556,0000,066047,2,9,137295,2,9,32800,32799,00000,00000
BCN,7557,4095,066047,2,9,137295,2,9,32800,32799,00000,00000
BCN,7558,4095,066047,2,9,137295,2,9,32800,32799,00000,00000
BCN,7559,4095,066047,2,9,137295,2,9,32800,32799,00000,00000
BCN,7560,0000,066216,2,9,137301,2,9,32800,32799,00000,00000
BCN,7561,4095,066216,2,9,137301,2,9,32800,32799,00000,00000
BCN,7562,4095,066216,2,9,137301,2,9,32800,32799,00000,00000
BCN,7563,4095,066216,2,9,137301,2,9,32800,32799,00000,00000
BCN,7564,0000,066216,2,9,137301,2,9,32800,32799,00000,00000
BCN,7565,4095,066216,2,9,137301,2,9,32800,32799,00000,00000
BCN,7566,4095,060150,2,8,133197,2,8,32799,32799,00000,00000
BCN,7567,4095,060150,2,8,133197,2,8,32799,32799,00000,00000
BCN,7568,0000,060150,2,8,133197,2,8,32799,32799,00000,00000
BCN,7569,0000,060150,2,8,133197,2,8,32799,32799,00000,00000
BCN,7570,0000,060150,2,8,133197,2,8,32799,32799,00000,00000
BCN,7571,0000,060150,2,8,133197,2,8,32799,32799,00000,00000
BCN,7572,4095,060150,2,8,133197,2,8,32799,32799,00000,00000
BCN,7573,4095,064090,2,8,129126,2,8,32800,32799,00000,00000
BCN,7574,4095,064090,2,8,129126,2,8,32800,32799,00000,00000
BCN,7575,4095,064090,2,8,129126,2,8,32800,32799,00000,00000
BCN,7576,4095,064090,2,8,129126,2,8,32800,32799,00000,00000
BCN,7577,0000,064090,2,8,129126,2,8,32800,32799,00000,00000
BCN,7578,0000,064090,2,8,129126,2,8,32800,32799,00000,00000
BCN,7579,4095,066281,2,9,129116,2,8,32800,32799,00000,00000
BCN,7580,0000,066281,2,9,129116,2,8,32800,32799,00000,00000
BCN,7581,4095,066281,2,9,129116,2,8,32800,32799,00000,00000
BCN,7582,4095,066281,2,9,129116,2,8,32800,32799,00000,00000
BCN,7583,0000,066281,2,9,129116,2,8,32800,32799,00000,00000
BCN,7584,0000,066281,2,9,129116,2,8,32800,32799,00000,00000
BCN,7585,4095,062159,2,8,129121,2,8,32799,32799,00000,00000
BCN,7586,0000,062159,2,8,129121,2,8,32799,32799,00000,00000
BCN,7587,0000,062159,2,8,129121,2,8,32799,32799,00000,00000
BCN,7588,4095,062159,2,8,129121,2,8,32799,32799,00000,00000
BCN,7589,0000,062159,2,8,129121,2,8,32799,32799,00000,00000
BCN,7590,0000,062159,2,8,129121,2,8,32799,32799,00000,00000
BCN,7591,0000,064064,2,8,125044,2,8,32800,32799,00000,00000
BCN,7592,0000,064064,2,8,125044,2,8,32800,32799,00000,00000
BCN,7593,0000,064064,2,8,125044,2,8,32800,32799,00000,00000
BCN,7594,4095,064064,2,8,125044,2,8,32800,32799,00000,00000
BCN,7595,4095,064064,2,8,125044,2,8,32800,32799,00000,00000
BCN,7596,4095,064064,2,8,125044,2,8,32800,32799,00000,00000
BCN,7597,0000,066268,2,9,125057,2,8,32800,32799,00000,00000
BCN,7598,4095,066268,2,9,125057,2,8,32800,32799,00000,00000
BCN,7599,4095,066268,2,9,125057,2,8,32800,32799,00000,00000
BCN,7600,4095,066268,2,9,125057,2,8,32800,32799,00000,00000
BCN,7601,0000,066268,2,9,125057,2,8,32800,32799,00000,00000
BCN,7602,4095,066268,2,9,125057,2,8,32800,32799,00000,00000
BCN,7603,4095,064103,2,8,120984,2,8,32799,32799,00000,00000
BCN,7604,4095,064103,2,8,120984,2,8,32799,32799,00000,00000
BCN,7605,0000,064103,2,8,120984,2,8,32799,32799,00000,00000
BCN,7606,0000,064103,2,8,120984,2,8,32799,32799,00000,00000
BCN,7607,0000,064103,2,8,120984,2,8,32799,32799,00000,00000
BCN,7608,0000,064103,2,8,120984,2,8,32799,32799,00000,00000
BCN,7609,4095,064103,2,8,120984,2,8,32799,32799,00000,00000
BCN,7610,4095,061834,2,8,121130,2,8,32800,32799,00000,00000
BCN,7611,4095,061834,2,8,121130,2,8,32800,32799,00000,00000
BCN,7612,4095,061834,2,8,121130,2,8,32800,32799,00000,00000
BCN,7613,4095,061834,2,8,121130,2,8,32800,32799,00000,00000
BCN,7614,0000,061834,2,8,121130,2,8,32800,32799,00000,00000
BCN,7615,0000,061834,2,8,121130,2,8,32800,32799,00000,00000
BCN,7616,4095,061834,2,8,121012,2,8,32800,32799,00000,00000
BCN,7617,4095,061834,2,8,121012,2,8,32800,32799,00000,00000
BCN,7618,4095,061834,2,8,121012,2,8,32800,32799,00000,00000
BCN,7619,4095,061834,2,8,121012,2,8,32800,32799,00000,00000
BCN,7620,0000,061834,2,8,121012,2,8,32800,32799,00000,00000
BCN,7621,0000,061834,2,8,121012,2,8,32800,32799,00000,00000
BCN,7622,4095,063856,2,8,121022,2,8,32799,32799,00000,00000
BCN,7623,0000,063856,2,8,121022,2,8,32799,32799,00000,00000
BCN,7624,0000,063856,2,8,121022,2,8,32799,32799,00000,00000
BCN,7625,4095,063856,2,8,121022,2,8,32799,32799,00000,00000
BCN,7626,0000,063856,2,8,121022,2,8,32799,32799,00000,00000
BCN,7627,0000,063856,2,8,121022,2,8,32799,32799,00000,00000
BCN,7628,0000,059721,2,8,121029,2,8,32799,32799,00000,00000
BCN,7629,0000,059721,2,8,121029,2,8,32799,32799,00000,00000
BCN,7630,0000,059721,2,8,121029,2,8,32799,32799,00000,00000
BCN,7631,4095,059721,2,8,121029,2,8,32799,32799,00000,00000
BCN,7632,4095,059721,2,8,121029,2,8,32799,32799,00000,00000
BCN,7633,4095,059721,2,8,121029,2,8,32799,32799,00000,00000
BCN,7634,0000,070000,2,9,121034,2,8,32800,32799,00000,00000
BCN,7635,4095,070000,2,9,121034,2,8,32800,32799,00000,00000
BCN,7636,4095,070000,2,9,121034,2,8,32800,32799,00000,00000
BCN,7637,4095,070000,2,9,121034,2,8,32800,32799,00000,00000
BCN,7638,0000,070000,2,9,121034,2,8,32800,32799,00000,00000
BCN,7639,4095,070000,2,9,121034,2,8,32800,32799,00000,00000
BCN,7640,4095,063804,2,8,116990,2,7,32800,32799,00000,00000
BCN,7641,4095,063804,2,8,116990,2,7,32800,32799,00000,00000
BCN,7642,0000,063804,2,8,116990,2,7,32800,32799,00000,00000
BCN,7643,0000,063804,2,8,116990,2,7,32800,32799,00000,00000
BCN,7644,0000,063804,2,8,116990,2,7,32800,32799,00000,00000
BCN,7645,0000,063804,2,8,116990,2,7,32800,32799,00000,00000
BCN,7646,4095,063804,2,8,116990,2,7,32800,32799,00000,00000
BCN,7647,4095,067835,2,9,116977,2,7,32800,32798,00000,00000
BCN,7648,4095,067835,2,9,116977,2,7,32800,32798,00000,00000
BCN,7649,4095,067835,2,9,116977,2,7,32800,32798,00000,00000
BCN,7650,4095,067835,2,9,116977,2,7,32800,32798,00000,00000
BCN,7651,0000,067835,2,9,116977,2,7,32800,32798,00000,00000
BCN,7652,4095,067835,2,9,116977,2,7,32800,32798,00000,00000
BCN,7653,4095,061730,2,8,116987,2,7,32800,32798,00000,00000
BCN,7654,4095,061730,2,8,116987,2,7,32800,32798,00000,00000
BCN,7655,4095,061730,2,8,116987,2,7,32800,32798,00000,00000
BCN,7656,4095,061730,2,8,116987,2,7,32800,32798,00000,00000
BCN,7657,0000,061730,2,8,116987,2,7,32800,32798,00000,00000
BCN,7658,0000,061730,2,8,116987,2,7,32800,32798,00000,00000
BCN,7659,4095,063778,2,8,116994,2,7,32799,32799,00000,00000
BCN,7660,0000,063778,2,8,116994,2,7,32799,32799,00000,00000
BCN,7661,0000,063778,2,8,116994,2,7,32799,32799,00000,00000
BCN,7662,4095,063778,2,8,116994,2,7,32799,32799,00000,00000
BCN,7663,0000,063778,2,8,116994,2,7,32799,32799,00000,00000
BCN,7664,0000,063778,2,8,116994,2,7,32799,32799,00000,00000
BCN,7665,0000,061821,2,8,117108,2,7,32799,32799,00000,00000
BCN,7666,0000,061821,2,8,117108,2,7,32799,32799,00000,00000
BCN,7667,0000,061821,2,8,117108,2,7,32799,32799,00000,00000
BCN,7668,4093,061821,2,8,117108,2,7,32799,32799,00000,00000
BCN,7669,4095,061821,2,8,117108,2,7,32799,32799,00000,00000
BCN,7670,4085,061821,2,8,117108,2,7,32799,32799,00000,00000
BCN,7671,0000,070026,2,9,116978,2,7,32800,32799,00000,00000
BCN,7672,4091,070026,2,9,116978,2,7,32800,32799,00000,00000
BCN,7673,4094,070026,2,9,116978,2,7,32800,32799,00000,00000
BCN,7674,4095,070026,2,9,116978,2,7,32800,32799,00000,00000
BCN,7675,0000,070026,2,9,116978,2,7,32800,32799,00000,00000
BCN,7676,4095,070026,2,9,116978,2,7,32800,32799,00000,00000
BCN,7677,4087,065956,2,9,117210,2,7,32800,32799,00000,00000
BCN,7678,4094,065956,2,9,117210,2,7,32800,32799,00000,00000
BCN,7679,0000,065956,2,9,117210,2,7,32800,32799,00000,00000
BCN,7680,0000,065956,2,9,117210,2,7,32800,32799,00000,00000
BCN,7681,0000,065956,2,9,117210,2,7,32800,32799,00000,00000
BCN,7682,0000,065956,2,9,117210,2,7,32800,32799,00000,00000
BCN,7683,4094,065956,2,9,117210,2,7,32800,32799,00000,00000
BCN,7684,4079,064025,2,8,116900,2,7,32800,32798,00000,00000
BCN,7685,4087,064025,2,8,116900,2,7,32800,32798,00000,00000
BCN,7686,4095,064025,2,8,116900,2,7,32800,32798,00000,00000
BCN,7687,4095,064025,2,8,116900,2,7,32800,32798,00000,00000
BCN,7688,0000,064025,2,8,116900,2,7,32800,32798,00000,00000
BCN,7689,0000,064025,2,8,116900,2,7,32800,32798,00000,00000
BCN,7690,4095,060033,2,8,116874,2,7,32799,32798,00000,00000
BCN,7691,4091,060033,2,8,116874,2,7,32799,32798,00000,00000
BCN,7692,4095,060033,2,8,116874,2,7,32799,32798,00000,00000
BCN,7693,4093,060033,2,8,116874,2,7,32799,32798,00000,00000
BCN,7694,0000,060033,2,8,116874,2,7,32799,32798,00000,00000
BCN,7695,0000,060033,2,8,116874,2,7,32799,32798,00000,00000
BCN,7696,4095,063999,2,8,120968,2,8,32800,32799,00000,00000
BCN,7697,0000,063999,2,8,120968,2,8,32800,32799,00000,00000
BCN,7698,0000,063999,2,8,120968,2,8,32800,32799,00000,00000
BCN,7699,4094,063999,2,8,120968,2,8,32800,32799,00000,00000
BCN,7700,0000,063999,2,8,120968,2,8,32800,32799,00000,00000
BCN,7701,0000,063999,2,8,120968,2,8,32800,32799,00000,00000
BCN,7702,0000,066216,2,9,120779,2,8,32800,32799,00000,00000
BCN,7703,0000,066216,2,9,120779,2,8,32800,32799,00000,00000
BCN,7704,0000,066216,2,9,120779,2,8,32800,32799,00000,00000
BCN,7705,4094,066216,2,9,120779,2,8,32800,32799,00000,00000
BCN,7706,4095,066216,2,9,120779,2,8,32800,32799,00000,00000
BCN,7707,4095,066216,2,9,120779,2,8,32800,32799,00000,00000
BCN,7708,0000,060150,2,8,120714,2,8,32799,32799,00000,00000
BCN,7709,4093,060150,2,8,120714,2,8,32799,32799,00000,00000
BCN,7710,4095,060150,2,8,120714,2,8,32799,32799,00000,00000
BCN,7711,4086,060150,2,8,120714,2,8,32799,32799,00000,00000
BCN,7712,0000,060150,2,8,120714,2,8,32799,32799,00000,00000
BCN,7713,4093,060150,2,8,120714,2,8,32799,32799,00000,00000
BCN,7714,4095,064090,2,8,120913,2,8,32800,32799,00000,00000
BCN,7715,4063,064090,2,8,120913,2,8,32800,32799,00000,00000
BCN,7716,0000,064090,2,8,120913,2,8,32800,32799,00000,00000
BCN,7717,0000,064090,2,8,120913,2,8,32800,32799,00000,00000
BCN,7718,0000,064090,2,8,120913,2,8,32800,32799,00000,00000
BCN,7719,0000,064090,2,8,120913,2,8,32800,32799,00000,00000
BCN,7720,4063,064090,2,8,120913,2,8,32800,32799,00000,00000
BCN,7721,4095,066281,2,9,120896,2,8,32800,32799,00000,00000
BCN,7722,4095,066281,2,9,120896,2,8,32800,32799,00000,00000
BCN,7723,4031,066281,2,9,120896,2,8,32800,32799,00000,00000
BCN,7724,4087,066281,2,9,120896,2,8,32800,32799,00000,00000
BCN,7725,0000,066281,2,9,120896,2,8,32800,32799,00000,00000
BCN,7726,0000,066281,2,9,120896,2,8,32800,32799,00000,00000
BCN,7727,4091,060189,2,8,120781,2,8,32799,32799,00000,00000
BCN,7728,4095,060189,2,8,120781,2,8,32799,32799,00000,00000
BCN,7729,4078,060189,2,8,120781,2,8,32799,32799,00000,00000
BCN,7730,4063,060189,2,8,120781,2,8,32799,32799,00000,00000
BCN,7731,0000,060189,2,8,120781,2,8,32799,32799,00000,00000
BCN,7732,0000,060189,2,8,120781,2,8,32799,32799,00000,00000
BCN,7733,4094,064116,2,8,120656,2,8,32800,32799,00000,00000
BCN,7734,0000,064116,2,8,120656,2,8,32800,32799,00000,00000
BCN,7735,0000,064116,2,8,120656,2,8,32800,32799,00000,00000
BCN,7736,4077,064116,2,8,120656,2,8,32800,32799,00000,00000
BCN,7737,0000,064116,2,8,120656,2,8,32800,32799,00000,00000
BCN,7738,0000,064116,2,8,120656,2,8,32800,32799,00000,00000
BCN,7739,0000,066307,2,9,120226,2,8,32800,32799,00000,00000
BCN,7740,0000,066307,2,9,120226,2,8,32800,32799,00000,00000
BCN,7741,0000,066307,2,9,120226,2,8,32800,32799,00000,00000
BCN,7742,4062,066307,2,9,120226,2,8,32800,32799,00000,00000
BCN,7743,4031,066307,2,9,120226,2,8,32800,32799,00000,00000
BCN,7744,4090,066307,2,9,120226,2,8,32800,32799,00000,00000
BCN,7745,0000,060215,2,8,120497,2,8,32799,32799,00000,00000
BCN,7746,4090,060215,2,8,120497,2,8,32799,32799,00000,00000
BCN,7747,4093,060215,2,8,120497,2,8,32799,32799,00000,00000
BCN,7748,4091,060215,2,8,120497,2,8,32799,32799,00000,00000
BCN,7749,0000,060215,2,8,120497,2,8,32799,32799,00000,00000
BCN,7750,4062,060215,2,8,120497,2,8,32799,32799,00000,00000
BCN,7751,4095,064129,2,8,120257,2,8,32800,32799,00000,00000
BCN,7752,4095,064129,2,8,120257,2,8,32800,32799,00000,00000
BCN,7753,0000,064129,2,8,120257,2,8,32800,32799,00000,00000
BCN,7754,0000,064129,2,8,120257,2,8,32800,32799,00000,00000
BCN,7755,0000,064129,2,8,120257,2,8,32800,32799,00000,00000
BCN,7756,0000,064129,2,8,120257,2,8,32800,32799,00000,00000
BCN,7757,4087,064129,2,8,120257,2,8,32800,32799,00000,00000
BCN,7758,4023,066320,2,9,120502,2,8,32800,32799,00000,00000
BCN,7759,4031,066320,2,9,120502,2,8,32800,32799,00000,00000
BCN,7760,4063,066320,2,9,120502,2,8,32800,32799,00000,00000
BCN,7761,4078,066320,2,9,120502,2,8,32800,32799,00000,00000
BCN,7762,0000,066320,2,9,120502,2,8,32800,32799,00000,00000
BCN,7763,0000,066320,2,9,120502,2,8,32800,32799,00000,00000
BCN,7764,4092,062185,2,8,119950,2,8,32799,32799,00000,00000
BCN,7765,4091,062185,2,8,119950,2,8,32799,32799,00000,00000
BCN,7766,4062,062185,2,8,119950,2,8,32799,32799,00000,00000
BCN,7767,4095,062185,2,8,119950,2,8,32799,32799,00000,00000
BCN,7768,0000,062185,2,8,119950,2,8,32799,32799,00000,00000
BCN,7769,0000,062185,2,8,119950,2,8,32799,32799,00000,00000
BCN,7770,4091,064077,2,8,120332,2,8,32800,32799,00000,00000
BCN,7771,0000,064077,2,8,120332,2,8,32800,32799,00000,00000
BCN,7772,0000,064077,2,8,120332,2,8,32800,32799,00000,00000
BCN,7773,4030,064077,2,8,120332,2,8,32800,32799,00000,00000
BCN,7774,0000,064077,2,8,120332,2,8,32800,32799,00000,00000
BCN,7775,0000,064077,2,8,120332,2,8,32800,32799,00000,00000
BCN,7776,0000,055989,2,7,124313,2,8,32799,32798,00000,00000
BCN,7777,0000,055989,2,7,124313,2,8,32799,32798,00000,00000
BCN,7778,0000,055989,2,7,124313,2,8,32799,32798,00000,00000
BCN,7779,4087,055989,2,7,124313,2,8,32799,32798,00000,00000
BCN,7780,4054,055989,2,7,124313,2,8,32799,32798,00000,00000
BCN,7781,4095,055989,2,7,124313,2,8,32799,32798,00000,00000
BCN,7782,0000,053733,2,7,136410,2,9,32799,32798,00000,00000
BCN,7783,4091,053733,2,7,136410,2,9,32799,32798,00000,00000
BCN,7784,4094,053733,2,7,136410,2,9,32799,32798,00000,00000
BCN,7785,4062,053733,2,7,136410,2,9,32799,32798,00000,00000
BCN,7786,0000,053733,2,7,136410,2,9,32799,32798,00000,00000
BCN,7787,4061,053733,2,7,136410,2,9,32799,32798,00000,00000
BCN,7788,4055,068134,2,9,144242,2,9,32800,32798,00000,00000
BCN,7789,4095,068134,2,9,144242,2,9,32800,32798,00000,00000
BCN,7790,4095,068134,2,9,144242,2,9,32800,32798,00000,00000
BCN,7791,4061,068134,2,9,144242,2,9,32800,32798,00000,00000
BCN,7792,0000,068134,2,9,144242,2,9,32800,32798,00000,00000
BCN,7793,4092,068134,2,9,144242,2,9,32800,32798,00000,00000
BCN,7794,4077,068134,2,9,144242,2,9,32800,32798,00000,00000
BCN,7795,4077,065878,2,9,135655,2,9,32800,32798,00000,00000
BCN,7796,0000,065878,2,9,135655,2,9,32800,32798,00000,00000
BCN,7797,0000,065878,2,9,135655,2,9,32800,32798,00000,00000
BCN,7798,0000,065878,2,9,135655,2,9,32800,32798,00000,00000
BCN,7799,0000,065878,2,9,135655,2,9,32800,32798,00000,00000
BCN,7800,4079,065878,2,9,135655,2,9,32800,32798,00000,00000
BCN,7801,3967,061808,2,8,123980,2,8,32800,32798,00000,00000
BCN,7802,4046,061808,2,8,123980,2,8,32800,32798,00000,00000
BCN,7803,4079,061808,2,8,123980,2,8,32800,32798,00000,00000
BCN,7804,4059,061808,2,8,123980,2,8,32800,32798,00000,00000
BCN,7805,0000,061808,2,8,123980,2,8,32800,32798,00000,00000
BCN,7806,0000,061808,2,8,123980,2,8,32800,32798,00000,00000
BCN,7807,4093,063830,2,8,127848,2,8,32799,32797,00000,00000
BCN,7808,0000,063830,2,8,127848,2,8,32799,32797,00000,00000
BCN,7809,0000,063830,2,8,127848,2,8,32799,32797,00000,00000
BCN,7810,4031,063830,2,8,127848,2,8,32799,32797,00000,00000
BCN,7811,0000,063830,2,8,127848,2,8,32799,32797,00000,00000
BCN,7812,0000,063830,2,8,127848,2,8,32799,32797,00000,00000
BCN,7813,0000,061626,2,8,139804,2,9,32800,32797,00000,00000
BCN,7814,0000,061626,2,8,139804,2,9,32800,32797,00000,00000
BCN,7815,0000,061626,2,8,139804,2,9,32800,32797,00000,00000
BCN,7816,4073,061626,2,8,139804,2,9,32800,32797,00000,00000
BCN,7817,0000,061626,2,8,139804,2,9,32800,32797,00000,00000
BCN,7818,0000,061626,2,8,139804,2,9,32800,32797,00000,00000
BCN,7819,0000,061691,2,8,143419,2,9,32800,32797,00000,00000
BCN,7820,0000,061691,2,8,143419,2,9,32800,32797,00000,00000
BCN,7821,0000,061691,2,8,143419,2,9,32800,32797,00000,00000
BCN,7822,4021,061691,2,8,143419,2,9,32800,32797,00000,00000
BCN,7823,3963,061691,2,8,143419,2,9,32800,32797,00000,00000
BCN,7824,4089,061691,2,8,143419,2,9,32800,32797,00000,00000
BCN,7825,0000,063739,2,8,130495,2,8,32799,32797,00000,00000
BCN,7826,4014,063739,2,8,130495,2,8,32799,32797,00000,00000
BCN,7827,4030,063739,2,8,130495,2,8,32799,32797,00000,00000
BCN,7828,4092,063739,2,8,130495,2,8,32799,32797,00000,00000
BCN,7829,0000,063739,2,8,130495,2,8,32799,32797,00000,00000
BCN,7830,3959,063739,2,8,130495,2,8,32799,32797,00000,00000
BCN,7831,4021,063739,2,8,130495,2,8,32799,32797,00000,00000
BCN,7832,4083,061561,2,8,119239,2,8,32800,32797,00000,00000
BCN,7833,0000,061561,2,8,119239,2,8,32800,32797,00000,00000
BCN,7834,0000,061561,2,8,119239,2,8,32800,32797,00000,00000
BCN,7835,0000,061561,2,8,119239,2,8,32800,32797,00000,00000
BCN,7836,0000,061561,2,8,119239,2,8,32800,32797,00000,00000
BCN,7837,4091,061561,2,8,119239,2,8,32800,32797,00000,00000
BCN,7838,4007,061639,2,8,135116,2,9,32800,32796,00000,00000
BCN,7839,0000,061639,2,8,135116,2,9,32800,32796,00000,00000
BCN,7840,0000,061639,2,8,135116,2,9,32800,32796,00000,00000
BCN,7841,0000,061639,2,8,135116,2,9,32800,32796,00000,00000
BCN,7842,0000,061639,2,8,135116,2,9,32800,32796,00000,00000
BCN,7843,4091,061639,2,8,135116,2,9,32800,32796,00000,00000
BCN,7844,4094,063700,2,8,143230,2,9,32799,32796,00000,00000
BCN,7845,4077,063700,2,8,143230,2,9,32799,32796,00000,00000
BCN,7846,4079,063700,2,8,143230,2,9,32799,32796,00000,00000
BCN,7847,4062,063700,2,8,143230,2,9,32799,32796,00000,00000
BCN,7848,0000,063700,2,8,143230,2,9,32799,32796,00000,00000
BCN,7849,0000,063700,2,8,143230,2,9,32799,32796,00000,00000
BCN,7850,4023,059617,2,8,135185,2,9,32799,32796,00000,00000
BCN,7851,0000,059617,2,8,135185,2,9,32799,32796,00000,00000
BCN,7852,0000,059617,2,8,135185,2,9,32799,32796,00000,00000
BCN,7853,4061,059617,2,8,135185,2,9,32799,32796,00000,00000
BCN,7854,0000,059617,2,8,135185,2,9,32799,32796,00000,00000
BCN,7855,0000,059617,2,8,135185,2,9,32799,32796,00000,00000
BCN,7856,0000,069909,2,9,123306,2,8,32800,32796,00000,00000
BCN,7857,0000,069909,2,9,123306,2,8,32800,32796,00000,00000
BCN,7858,0000,069909,2,9,123306,2,8,32800,32796,00000,00000
BCN,7859,4047,069909,2,9,123306,2,8,32800,32796,00000,00000
BCN,7860,0000,069909,2,9,123306,2,8,32800,32796,00000,00000
BCN,7861,0000,069909,2,9,123306,2,8,32800,32796,00000,00000
BCN,7862,0000,063739,2,8,129974,2,8,32800,32795,00000,00000
BCN,7863,0000,063739,2,8,129974,2,8,32800,32795,00000,00000
BCN,7864,0000,063739,2,8,129974,2,8,32800,32795,00000,00000
BCN,7865,3835,063739,2,8,129974,2,8,32800,32795,00000,00000
BCN,7866,3837,063739,2,8,129974,2,8,32800,32795,00000,00000
BCN,7867,4078,063739,2,8,129974,2,8,32800,32795,00000,00000
BCN,7868,0000,063739,2,8,129974,2,8,32800,32795,00000,00000
BCN,7869,3837,067796,2,9,141742,2,9,32800,32795,00000,00000
BCN,7870,4090,067796,2,9,141742,2,9,32800,32795,00000,00000
BCN,7871,4031,067796,2,9,141742,2,9,32800,32795,00000,00000
BCN,7872,0000,067796,2,9,141742,2,9,32800,32795,00000,00000
BCN,7873,3949,067796,2,9,141742,2,9,32800,32795,00000,00000
BCN,7874,3966,067796,2,9,141742,2,9,32800,32795,00000,00000
BCN,7875,4075,061704,2,8,134293,2,9,32800,32795,00000,00000
BCN,7876,0000,061704,2,8,134293,2,9,32800,32795,00000,00000
BCN,7877,0000,061704,2,8,134293,2,9,32800,32795,00000,00000
BCN,7878,0000,061704,2,8,134293,2,9,32800,32795,00000,00000
BCN,7879,0000,061704,2,8,134293,2,9,32800,32795,00000,00000
BCN,7880,3934,061704,2,8,134293,2,9,32800,32795,00000,00000
BCN,7881,3837,063752,2,8,122718,2,8,32799,32795,00000,00000
BCN,7882,4021,063752,2,8,122718,2,8,32799,32795,00000,00000
BCN,7883,0000,063752,2,8,122718,2,8,32799,32795,00000,00000
BCN,7884,0000,063752,2,8,122718,2,8,32799,32795,00000,00000
BCN,7885,0000,063752,2,8,122718,2,8,32799,32795,00000,00000
BCN,7886,3967,063752,2,8,122718,2,8,32799,32795,00000,00000
BCN,7887,4082,059656,2,8,129960,2,8,32799,32794,00000,00000
BCN,7888,3996,059656,2,8,129960,2,8,32799,32794,00000,00000
BCN,7889,4012,059656,2,8,129960,2,8,32799,32794,00000,00000
BCN,7890,4059,059656,2,8,129960,2,8,32799,32794,00000,00000
BCN,7891,0000,059656,2,8,129960,2,8,32799,32794,00000,00000
BCN,7892,0000,059656,2,8,129960,2,8,32799,32794,00000,00000
BCN,7893,3951,069948,2,9,142410,2,9,32800,32794,00000,00000
BCN,7894,0000,069948,2,9,142410,2,9,32800,32794,00000,00000
BCN,7895,0000,069948,2,9,142410,2,9,32800,32794,00000,00000
BCN,7896,4079,069948,2,9,142410,2,9,32800,32794,00000,00000
BCN,7897,0000,069948,2,9,142410,2,9,32800,32794,00000,00000
BCN,7898,0000,069948,2,9,142410,2,9,32800,32794,00000,00000
BCN,7899,0000,063752,2,8,134829,2,9,32800,32794,00000,00000
BCN,7900,0000,063752,2,8,134829,2,9,32800,32794,00000,00000
BCN,7901,0000,063752,2,8,134829,2,9,32800,32794,00000,00000
BCN,7902,3839,063752,2,8,134829,2,9,32800,32794,00000,00000
BCN,7903,4078,063752,2,8,134829,2,9,32800,32794,00000,00000
BCN,7904,4059,063752,2,8,134829,2,9,32800,32794,00000,00000
BCN,7905,0000,063752,2,8,134829,2,9,32800,32794,00000,00000
BCN,7906,0000,065852,2,9,121721,2,8,32800,32794,00000,00000
BCN,7907,0000,065852,2,9,121721,2,8,32800,32794,00000,00000
BCN,7908,4029,065852,2,9,121721,2,8,32800,32794,00000,00000
BCN,7909,4077,065852,2,9,121721,2,8,32800,32794,00000,00000
BCN,7910,4021,065852,2,9,121721,2,8,32800,32794,00000,00000
BCN,7911,0000,065852,2,9,121721,2,8,32800,32794,00000,00000
BCN,7912,4077,059877,2,8,129185,2,8,32799,32793,00000,00000
BCN,7913,3958,059877,2,8,129185,2,8,32799,32793,00000,00000
BCN,7914,4077,059877,2,8,129185,2,8,32799,32793,00000,00000
BCN,7915,0000,059877,2,8,129185,2,8,32799,32793,00000,00000
BCN,7916,4062,059877,2,8,129185,2,8,32799,32793,00000,00000
BCN,7917,3986,059877,2,8,129185,2,8,32799,32793,00000,00000
BCN,7918,4013,066021,2,9,138164,2,9,32800,32793,00000,00000
BCN,7919,0000,066021,2,9,138164,2,9,32800,32793,00000,00000
BCN,7920,0000,066021,2,9,138164,2,9,32800,32793,00000,00000
BCN,7921,0000,066021,2,9,138164,2,9,32800,32793,00000,00000
BCN,7922,0000,066021,2,9,138164,2,9,32800,32793,00000,00000
BCN,7923,3839,066021,2,9,138164,2,9,32800,32793,00000,00000
BCN,7924,3959,066203,2,9,133734,2,9,32800,32793,00000,00000
BCN,7925,4090,066203,2,9,133734,2,9,32800,32793,00000,00000
BCN,7926,3989,066203,2,9,133734,2,9,32800,32793,00000,00000
BCN,7927,4075,066203,2,9,133734,2,9,32800,32793,00000,00000
BCN,7928,0000,066203,2,9,133734,2,9,32800,32793,00000,00000
BCN,7929,4091,066203,2,9,133734,2,9,32800,32793,00000,00000
BCN,7930,4005,060124,2,8,121799,2,8,32799,32793,00000,00000
BCN,7931,3957,060124,2,8,121799,2,8,32799,32793,00000,00000
BCN,7932,3963,060124,2,8,121799,2,8,32799,32793,00000,00000
BCN,7933,4022,060124,2,8,121799,2,8,32799,32793,00000,00000
BCN,7934,0000,060124,2,8,121799,2,8,32799,32793,00000,00000
BCN,7935,0000,060124,2,8,121799,2,8,32799,32793,00000,00000
BCN,7936,4070,064077,2,8,125466,2,8,32800,32792,00000,00000
BCN,7937,0000,064077,2,8,125466,2,8,32800,32792,00000,00000
BCN,7938,0000,064077,2,8,125466,2,8,32800,32792,00000,00000
BCN,7939,3965,064077,2,8,125466,2,8,32800,32792,00000,00000
BCN,7940,0000,064077,2,8,125466,2,8,32800,32792,00000,00000
BCN,7941,0000,064077,2,8,125466,2,8,32800,32792,00000,00000
BCN,7942,0000,064077,2,8,125466,2,8,32800,32792,00000,00000
BCN,7943,0000,066268,2,9,137213,2,9,32800,32792,00000,00000
BCN,7944,0000,066268,2,9,137213,2,9,32800,32792,00000,00000
BCN,7945,3957,066268,2,9,137213,2,9,32800,32792,00000,00000
BCN,7946,4005,066268,2,9,137213,2,9,32800,32792,00000,00000
BCN,7947,3927,066268,2,9,137213,2,9,32800,32792,00000,00000
BCN,7948,0000,066268,2,9,137213,2,9,32800,32792,00000,00000
BCN,7949,3835,062146,2,8,137055,2,9,32799,32792,00000,00000
BCN,7950,4026,062146,2,8,137055,2,9,32799,32792,00000,00000
BCN,7951,3839,062146,2,8,137055,2,9,32799,32792,00000,00000
BCN,7952,3930,062146,2,8,137055,2,9,32799,32792,00000,00000
BCN,7953,3807,062146,2,8,137055,2,9,32799,32792,00000,00000
BCN,7954,0000,062146,2,8,137055,2,9,32799,32792,00000,00000
BCN,7955,4012,064051,2,8,129113,2,8,32800,32792,00000,00000
BCN,7956,3839,064051,2,8,129113,2,8,32800,32792,00000,00000
BCN,7957,4063,064051,2,8,129113,2,8,32800,32792,00000,00000
BCN,7958,0000,064051,2,8,129113,2,8,32800,32792,00000,00000
BCN,7959,4095,064051,2,8,129113,2,8,32800,32792,00000,00000
BCN,7960,3823,064051,2,8,129113,2,8,32800,32792,00000,00000
BCN,7961,3831,066255,2,9,117249,2,8,32800,32791,00000,00000
BCN,7962,0000,066255,2,9,117249,2,8,32800,32791,00000,00000
BCN,7963,0000,066255,2,9,117249,2,8,32800,32791,00000,00000
BCN,7964,0000,066255,2,9,117249,2,8,32800,32791,00000,00000
BCN,7965,0000,066255,2,9,117249,2,8,32800,32791,00000,00000
BCN,7966,3951,066255,2,9,117249,2,8,32800,32791,00000,00000
BCN,7967,4084,064103,2,8,133739,2,9,32799,32791,00000,00000
BCN,7968,3805,064103,2,8,133739,2,9,32799,32791,00000,00000
BCN,7969,4069,064103,2,8,133739,2,9,32799,32791,00000,00000
BCN,7970,4009,064103,2,8,133739,2,9,32799,32791,00000,00000
BCN,7971,0000,064103,2,8,133739,2,9,32799,32791,00000,00000
BCN,7972,0000,064103,2,8,133739,2,9,32799,32791,00000,00000
BCN,7973,3839,061821,2,8,141445,2,9,32800,32791,00000,00000
BCN,7974,0000,061821,2,8,141445,2,9,32800,32791,00000,00000
BCN,7975,0000,061821,2,8,141445,2,9,32800,32791,00000,00000
BCN,7976,4045,061821,2,8,141445,2,9,32800,32791,00000,00000
BCN,7977,0000,061821,2,8,141445,2,9,32800,32791,00000,00000
BCN,7978,0000,061821,2,8,141445,2,9,32800,32791,00000,00000
BCN,7979,3837,061821,2,8,141445,2,9,32800,32791,00000,00000
BCN,7980,0000,061834,2,8,133353,2,9,32800,32791,00000,00000
BCN,7981,0000,061834,2,8,133353,2,9,32800,32791,00000,00000
BCN,7982,3991,061834,2,8,133353,2,9,32800,32791,00000,00000
BCN,7983,0000,061834,2,8,133353,2,9,32800,32791,00000,00000
BCN,7984,0000,061834,2,8,133353,2,9,32800,32791,00000,00000
BCN,7985,0000,061834,2,8,133353,2,9,32800,32791,00000,00000
BCN,7986,0000,063856,2,8,121339,2,8,32799,32791,00000,00000
BCN,7987,0000,063856,2,8,121339,2,8,32799,32791,00000,00000
BCN,7988,3965,063856,2,8,121339,2,8,32799,32791,00000,00000
BCN,7989,4058,063856,2,8,121339,2,8,32799,32791,00000,00000
BCN,7990,3894,063856,2,8,121339,2,8,32799,32791,00000,00000
BCN,7991,0000,063856,2,8,121339,2,8,32799,32791,00000,00000
BCN,7992,3959,059721,2,8,128621,2,8,32799,32790,00000,00000
BCN,7993,4058,059721,2,8,128621,2,8,32799,32790,00000,00000
BCN,7994,3933,059721,2,8,128621,2,8,32799,32790,00000,00000
BCN,7995,0000,059721,2,8,128621,2,8,32799,32790,00000,00000
BCN,7996,3835,059721,2,8,128621,2,8,32799,32790,00000,00000
BCN,7997,3989,059721,2,8,128621,2,8,32799,32790,00000,00000
BCN,7998,3829,070000,2,9,137238,2,9,32800,32790,00000,00000
BCN,7999,0000,070000,2,9,137238,2,9,32800,32790,00000,00000
BCN,8000,3948,070000,2,9,137238,2,9,32800,32790,00000,00000
BCN,8001,0000,070000,2,9,137238,2,9,32800,32790,00000,00000
BCN,8002,4019,070000,2,9,137238,2,9,32800,32790,00000,00000
BCN,8003,4078,070000,2,9,137238,2,9,32800,32790,00000,00000
BCN,8004,3957,065930,2,9,136235,2,9,32800,32790,00000,00000
BCN,8005,0000,065930,2,9,136235,2,9,32800,32790,00000,00000
BCN,8006,0000,065930,2,9,136235,2,9,32800,32790,00000,00000
BCN,8007,0000,065930,2,9,136235,2,9,32800,32790,00000,00000
BCN,8008,0000,065930,2,9,136235,2,9,32800,32790,00000,00000
BCN,8009,4061,065930,2,9,136235,2,9,32800,32790,00000,00000
BCN,8010,3947,066138,2,9,125267,2,8,32800,32790,00000,00000
BCN,8011,3823,066138,2,9,125267,2,8,32800,32790,00000,00000
BCN,8012,4022,066138,2,9,125267,2,8,32800,32790,00000,00000
BCN,8013,4012,066138,2,9,125267,2,8,32800,32790,00000,00000
BCN,8014,0000,066138,2,9,125267,2,8,32800,32790,00000,00000
BCN,8015,0000,066138,2,9,125267,2,8,32800,32790,00000,00000
BCN,8016,3959,066138,2,9,125267,2,8,32800,32790,00000,00000
BCN,8017,0000,060085,2,8,113653,2,7,32799,32790,00000,00000
BCN,8018,0000,060085,2,8,113653,2,7,32799,32790,00000,00000
BCN,8019,4013,060085,2,8,113653,2,7,32799,32790,00000,00000
BCN,8020,0000,060085,2,8,113653,2,7,32799,32790,00000,00000
BCN,8021,0000,060085,2,8,113653,2,7,32799,32790,00000,00000
BCN,8022,0000,060085,2,8,113653,2,7,32799,32790,00000,00000
BCN,8023,0000,064038,2,8,132233,2,9,32800,32789,00000,00000
BCN,8024,0000,064038,2,8,132233,2,9,32800,32789,00000,00000
BCN,8025,3965,064038,2,8,132233,2,9,32800,32789,00000,00000
BCN,8026,0000,064038,2,8,132233,2,9,32800,32789,00000,00000
BCN,8027,0000,064038,2,8,132233,2,9,32800,32789,00000,00000
BCN,8028,0000,064038,2,8,132233,2,9,32800,32789,00000,00000
BCN,8029,0000,066242,2,9,140988,2,9,32800,32789,00000,00000
BCN,8030,0000,066242,2,9,140988,2,9,32800,32789,00000,00000
BCN,8031,4019,066242,2,9,140988,2,9,32800,32789,00000,00000
BCN,8032,4051,066242,2,9,140988,2,9,32800,32789,00000,00000
BCN,8033,4005,066242,2,9,140988,2,9,32800,32789,00000,00000
BCN,8034,0000,066242,2,9,140988,2,9,32800,32789,00000,00000
BCN,8035,3959,064090,2,8,132846,2,9,32799,32789,00000,00000
BCN,8036,4005,064090,2,8,132846,2,9,32799,32789,00000,00000
BCN,8037,4059,064090,2,8,132846,2,9,32799,32789,00000,00000
BCN,8038,0000,064090,2,8,132846,2,9,32799,32789,00000,00000
BCN,8039,4050,064090,2,8,132846,2,9,32799,32789,00000,00000
BCN,8040,4075,064090,2,8,132846,2,9,32799,32789,00000,00000
BCN,8041,4082,063973,2,8,120721,2,8,32800,32789,00000,00000
BCN,8042,0000,063973,2,8,120721,2,8,32800,32789,00000,00000
BCN,8043,0000,063973,2,8,120721,2,8,32800,32789,00000,00000
BCN,8044,0000,063973,2,8,120721,2,8,32800,32789,00000,00000
BCN,8045,0000,063973,2,8,120721,2,8,32800,32789,00000,00000
BCN,8046,4092,063973,2,8,120721,2,8,32800,32789,00000,00000
BCN,8047,4059,064051,2,8,124911,2,8,32800,32788,00000,00000
BCN,8048,0000,064051,2,8,124911,2,8,32800,32788,00000,00000
BCN,8049,0000,064051,2,8,124911,2,8,32800,32788,00000,00000
BCN,8050,0000,064051,2,8,124911,2,8,32800,32788,00000,00000
BCN,8051,0000,064051,2,8,124911,2,8,32800,32788,00000,00000
BCN,8052,3961,064051,2,8,124911,2,8,32800,32788,00000,00000
BCN,8053,3822,064051,2,8,124911,2,8,32800,32788,00000,00000
BCN,8054,3887,063986,2,8,136636,2,9,32799,32788,00000,00000
BCN,8055,4071,063986,2,8,136636,2,9,32799,32788,00000,00000
BCN,8056,4026,063986,2,8,136636,2,9,32799,32788,00000,00000
BCN,8057,0000,063986,2,8,136636,2,9,32799,32788,00000,00000
BCN,8058,0000,063986,2,8,136636,2,9,32799,32788,00000,00000
BCN,8059,3994,063986,2,8,136636,2,9,32799,32788,00000,00000
BCN,8060,0000,061743,2,8,139816,2,9,32800,32788,00000,00000
BCN,8061,0000,061743,2,8,139816,2,9,32800,32788,00000,00000
BCN,8062,4022,061743,2,8,139816,2,9,32800,32788,00000,00000
BCN,8063,0000,061743,2,8,139816,2,9,32800,32788,00000,00000
BCN,8064,0000,061743,2,8,139816,2,9,32800,32788,00000,00000
BCN,8065,0000,061743,2,8,139816,2,9,32800,32788,00000,00000
BCN,8066,0000,061769,2,8,128842,2,8,32800,32788,00000,00000
BCN,8067,0000,061769,2,8,128842,2,8,32800,32788,00000,00000
BCN,8068,3837,061769,2,8,128842,2,8,32800,32788,00000,00000
BCN,8069,3891,061769,2,8,128842,2,8,32800,32788,00000,00000
BCN,8070,4013,061769,2,8,128842,2,8,32800,32788,00000,00000
BCN,8071,0000,061769,2,8,128842,2,8,32800,32788,00000,00000
BCN,8072,0000,063804,2,8,116601,2,8,32799,32788,00000,00000
BCN,8073,0000,063804,2,8,116601,2,8,32799,32788,00000,00000
BCN,8074,3803,063804,2,8,116601,2,8,32799,32788,00000,00000
BCN,8075,3910,063804,2,8,116601,2,8,32799,32788,00000,00000
BCN,8076,3775,063804,2,8,116601,2,8,32799,32788,00000,00000
BCN,8077,0000,063804,2,8,116601,2,8,32799,32788,00000,00000
BCN,8078,3993,059695,2,8,129015,2,8,32799,32787,00000,00000
BCN,8079,3791,059695,2,8,129015,2,8,32799,32787,00000,00000
BCN,8080,3803,059695,2,8,129015,2,8,32799,32787,00000,00000
BCN,8081,0000,059695,2,8,129015,2,8,32799,32787,00000,00000
BCN,8082,3767,059695,2,8,129015,2,8,32799,32787,00000,00000
BCN,8083,4047,059695,2,8,129015,2,8,32799,32787,00000,00000
BCN,8084,3807,069974,2,9,139119,2,9,32800,32787,00000,00000
BCN,8085,0000,069974,2,9,139119,2,9,32800,32787,00000,00000
BCN,8086,0000,069974,2,9,139119,2,9,32800,32787,00000,00000
BCN,8087,0000,069974,2,9,139119,2,9,32800,32787,00000,00000
BCN,8088,0000,069974,2,9,139119,2,9,32800,32787,00000,00000
BCN,8089,3803,069974,2,9,139119,2,9,32800,32787,00000,00000
BCN,8090,3993,069974,2,9,139119,2,9,32800,32787,00000,00000
BCN,8091,3773,063778,2,8,133169,2,9,32800,32787,00000,00000
BCN,8092,3807,063778,2,8,133169,2,9,32800,32787,00000,00000
BCN,8093,3895,063778,2,8,133169,2,9,32800,32787,00000,00000
BCN,8094,0000,063778,2,8,133169,2,9,32800,32787,00000,00000
BCN,8095,3693,063778,2,8,133169,2,9,32800,32787,00000,00000
BCN,8096,3806,063778,2,8,133169,2,9,32800,32787,00000,00000
BCN,8097,3839,067822,2,9,120256,2,8,32800,32787,00000,00000
BCN,8098,3991,067822,2,9,120256,2,8,32800,32787,00000,00000
BCN,8099,4021,067822,2,9,120256,2,8,32800,32787,00000,00000
BCN,8100,0000,067822,2,9,120256,2,8,32800,32787,00000,00000
BCN,8101,0000,067822,2,9,120256,2,8,32800,32787,00000,00000
BCN,8102,3967,067822,2,9,120256,2,8,32800,32787,00000,00000
BCN,8103,0000,061730,2,8,120139,2,8,32800,32786,00000,00000
BCN,8104,0000,061730,2,8,120139,2,8,32800,32786,00000,00000
BCN,8105,3951,061730,2,8,120139,2,8,32800,32786,00000,00000
BCN,8106,0000,061730,2,8,120139,2,8,32800,32786,00000,00000
BCN,8107,0000,061730,2,8,120139,2,8,32800,32786,00000,00000
BCN,8108,0000,061730,2,8,120139,2,8,32800,32786,00000,00000
BCN,8109,0000,063765,2,8,136496,2,9,32799,32786,00000,00000
BCN,8110,0000,063765,2,8,136496,2,9,32799,32786,00000,00000
BCN,8111,3995,063765,2,8,136496,2,9,32799,32786,00000,00000
BCN,8112,3831,063765,2,8,136496,2,9,32799,32786,00000,00000
BCN,8113,4047,063765,2,8,136496,2,9,32799,32786,00000,00000
BCN,8114,0000,063765,2,8,136496,2,9,32799,32786,00000,00000
BCN,8115,3931,059669,2,8,138796,2,9,32799,32786,00000,00000
BCN,8116,3806,059669,2,8,138796,2,9,32799,32786,00000,00000
BCN,8117,3711,059669,2,8,138796,2,9,32799,32786,00000,00000
BCN,8118,0000,059669,2,8,138796,2,9,32799,32786,00000,00000
BCN,8119,3803,059669,2,8,138796,2,9,32799,32786,00000,00000
BCN,8120,0000,059669,2,8,138796,2,9,32799,32786,00000,00000
BCN,8121,3983,069948,2,9,132202,2,9,32800,32786,00000,00000
BCN,8122,3839,069948,2,9,132202,2,9,32800,32786,00000,00000
BCN,8123,3979,069948,2,9,132202,2,9,32800,32786,00000,00000
BCN,8124,0000,069948,2,9,132202,2,9,32800,32786,00000,00000
BCN,8125,4023,069948,2,9,132202,2,9,32800,32786,00000,00000
BCN,8126,3931,069948,2,9,132202,2,9,32800,32786,00000,00000
BCN,8127,3803,069948,2,9,132202,2,9,32800,32786,00000,00000
BCN,8128,0000,063765,2,8,120097,2,8,32800,32786,00000,00000
BCN,8129,0000,063765,2,8,120097,2,8,32800,32786,00000,00000
BCN,8130,0000,063765,2,8,120097,2,8,32800,32786,00000,00000
BCN,8131,0000,063765,2,8,120097,2,8,32800,32786,00000,00000
BCN,8132,3955,063765,2,8,120097,2,8,32800,32786,00000,00000
BCN,8133,3956,063765,2,8,120097,2,8,32800,32786,00000,00000
BCN,8134,4062,067809,2,9,126484,2,8,32800,32785,00000,00000
BCN,8135,4045,067809,2,9,126484,2,8,32800,32785,00000,00000
BCN,8136,3963,067809,2,9,126484,2,8,32800,32785,00000,00000
BCN,8137,0000,067809,2,9,126484,2,8,32800,32785,00000,00000
BCN,8138,0000,067809,2,9,126484,2,8,32800,32785,00000,00000
BCN,8139,3988,067809,2,9,126484,2,8,32800,32785,00000,00000
BCN,8140,0000,061717,2,8,136292,2,9,32800,32785,00000,00000
BCN,8141,0000,061717,2,8,136292,2,9,32800,32785,00000,00000
BCN,8142,4021,061717,2,8,136292,2,9,32800,32785,00000,00000
BCN,8143,0000,061717,2,8,136292,2,9,32800,32785,00000,00000
BCN,8144,0000,061717,2,8,136292,2,9,32800,32785,00000,00000
BCN,8145,3894,061717,2,8,136292,2,9,32800,32785,00000,00000
BCN,8146,0000,063765,2,8,136088,2,9,32799,32785,00000,00000
BCN,8147,0000,063765,2,8,136088,2,9,32799,32785,00000,00000
BCN,8148,3938,063765,2,8,136088,2,9,32799,32785,00000,00000
BCN,8149,0000,063765,2,8,136088,2,9,32799,32785,00000,00000
BCN,8150,0000,063765,2,8,136088,2,9,32799,32785,00000,00000
BCN,8151,0000,063765,2,8,136088,2,9,32799,32785,00000,00000
BCN,8152,0000,061808,2,8,127602,2,8,32799,32785,00000,00000
BCN,8153,0000,061808,2,8,127602,2,8,32799,32785,00000,00000
BCN,8154,4086,061808,2,8,127602,2,8,32799,32785,00000,00000
BCN,8155,4009,061808,2,8,127602,2,8,32799,32785,00000,00000
BCN,8156,3947,061808,2,8,127602,2,8,32799,32785,00000,00000
BCN,8157,0000,061808,2,8,127602,2,8,32799,32785,00000,00000
BCN,8158,3963,070026,2,9,117088,2,8,32800,32784,00000,00000
BCN,8159,3815,070026,2,9,117088,2,8,32800,32784,00000,00000
BCN,8160,3835,070026,2,9,117088,2,8,32800,32784,00000,00000
BCN,8161,0000,070026,2,9,117088,2,8,32800,32784,00000,00000
BCN,8162,4022,070026,2,9,117088,2,8,32800,32784,00000,00000
BCN,8163,3833,070026,2,9,117088,2,8,32800,32784,00000,00000
BCN,8164,3949,070026,2,9,117088,2,8,32800,32784,00000,00000
BCN,8165,0000,065956,2,9,131571,2,9,32800,32784,00000,00000
BCN,8166,0000,065956,2,9,131571,2,9,32800,32784,00000,00000
BCN,8167,0000,065956,2,9,131571,2,9,32800,32784,00000,00000
BCN,8168,3711,065956,2,9,131571,2,9,32800,32784,00000,00000
BCN,8169,4009,065956,2,9,131571,2,9,32800,32784,00000,00000
BCN,8170,3939,065956,2,9,131571,2,9,32800,32784,00000,00000
BCN,8171,0000,065969,2,9,140551,2,9,32800,32784,00000,00000
BCN,8172,0000,065969,2,9,140551,2,9,32800,32784,00000,00000
BCN,8173,0000,065969,2,9,140551,2,9,32800,32784,00000,00000
BCN,8174,0000,065969,2,9,140551,2,9,32800,32784,00000,00000
BCN,8175,3899,065969,2,9,140551,2,9,32800,32784,00000,00000
BCN,8176,3831,065969,2,9,140551,2,9,32800,32784,00000,00000
BCN,8177,3943,061860,2,8,131339,2,9,32800,32784,00000,00000
BCN,8178,4077,061860,2,8,131339,2,9,32800,32784,00000,00000
BCN,8179,3884,061860,2,8,131339,2,9,32800,32784,00000,00000
BCN,8180,0000,061860,2,8,131339,2,9,32800,32784,00000,00000
BCN,8181,0000,061860,2,8,131339,2,9,32800,32784,00000,00000
BCN,8182,4029,061860,2,8,131339,2,9,32800,32784,00000,00000
BCN,8183,0000,063882,2,8,119862,2,8,32799,32784,00000,00000
BCN,8184,0000,063882,2,8,119862,2,8,32799,32784,00000,00000
BCN,8185,4013,063882,2,8,119862,2,8,32799,32784,00000,00000
BCN,8186,0000,063882,2,8,119862,2,8,32799,32784,00000,00000
BCN,8187,0000,063882,2,8,119862,2,8,32799,32784,00000,00000
BCN,8188,0000,063882,2,8,119862,2,8,32799,32784,00000,00000
BCN,8189,0000,061886,2,8,122920,2,8,32799,32783,00000,00000
BCN,8190,0000,061886,2,8,122920,2,8,32799,32783,00000,00000
BCN,8191,3755,061886,2,8,122920,2,8,32799,32783,00000,00000
BCN,8192,0000,061886,2,8,122920,2,8,32799,32783,00000,00000
BCN,8193,0000,061886,2,8,122920,2,8,32799,32783,00000,00000
BCN,8194,0000,061886,2,8,122920,2,8,32799,32783,00000,00000
BCN,8195,0000,070078,2,9,134561,2,9,32800,32783,00000,00000
BCN,8196,0000,070078,2,9,134561,2,9,32800,32783,00000,00000
BCN,8197,3820,070078,2,9,134561,2,9,32800,32783,00000,00000
BCN,8198,4044,070078,2,9,134561,2,9,32800,32783,00000,00000
BCN,8199,4021,070078,2,9,134561,2,9,32800,32783,00000,00000
BCN,8200,0000,070078,2,9,134561,2,9,32800,32783,00000,00000
BCN,8201,3802,070078,2,9,134561,2,9,32800,32783,00000,00000
BCN,8202,3583,063869,2,8,139052,2,9,32800,32783,00000,00000
BCN,8203,3818,063869,2,8,139052,2,9,32800,32783,00000,00000
BCN,8204,0000,063869,2,8,139052,2,9,32800,32783,00000,00000
BCN,8205,4013,063869,2,8,139052,2,9,32800,32783,00000,00000
BCN,8206,3949,063869,2,8,139052,2,9,32800,32783,00000,00000
BCN,8207,3582,063869,2,8,139052,2,9,32800,32783,00000,00000
BCN,8208,0000,067887,2,9,129443,2,9,32800,32783,00000,00000
BCN,8209,0000,067887,2,9,129443,2,9,32800,32783,00000,00000
BCN,8210,0000,067887,2,9,129443,2,9,32800,32783,00000,00000
BCN,8211,0000,067887,2,9,129443,2,9,32800,32783,00000,00000
BCN,8212,3914,067887,2,9,129443,2,9,32800,32783,00000,00000
BCN,8213,3913,067887,2,9,129443,2,9,32800,32783,00000,00000
BCN,8214,4020,061769,2,8,118023,2,8,32800,32783,00000,00000
BCN,8215,3987,061769,2,8,118023,2,8,32800,32783,00000,00000
BCN,8216,0000,061769,2,8,118023,2,8,32800,32783,00000,00000
BCN,8217,0000,061769,2,8,118023,2,8,32800,32783,00000,00000
BCN,8218,3821,061769,2,8,118023,2,8,32800,32783,00000,00000
BCN,8219,3875,061769,2,8,118023,2,8,32800,32783,00000,00000
BCN,8220,3807,063804,2,8,122336,2,8,32799,32782,00000,00000
BCN,8221,3949,063804,2,8,122336,2,8,32799,32782,00000,00000
BCN,8222,3786,063804,2,8,122336,2,8,32799,32782,00000,00000
BCN,8223,0000,063804,2,8,122336,2,8,32799,32782,00000,00000
BCN,8224,0000,063804,2,8,122336,2,8,32799,32782,00000,00000
BCN,8225,3804,063804,2,8,122336,2,8,32799,32782,00000,00000
BCN,8226,0000,059695,2,8,133523,2,9,32799,32782,00000,00000
BCN,8227,0000,059695,2,8,133523,2,9,32799,32782,00000,00000
BCN,8228,4070,059695,2,8,133523,2,9,32799,32782,00000,00000
BCN,8229,0000,059695,2,8,133523,2,9,32799,32782,00000,00000
BCN,8230,0000,059695,2,8,133523,2,9,32799,32782,00000,00000
BCN,8231,0000,059695,2,8,133523,2,9,32799,32782,00000,00000
BCN,8232,0000,069974,2,9,133919,2,9,32800,32782,00000,00000
BCN,8233,0000,069974,2,9,133919,2,9,32800,32782,00000,00000
BCN,8234,4050,069974,2,9,133919,2,9,32800,32782,00000,00000
BCN,8235,4045,069974,2,9,133919,2,9,32800,32782,00000,00000
BCN,8236,3994,069974,2,9,133919,2,9,32800,32782,00000,00000
BCN,8237,0000,069974,2,9,133919,2,9,32800,32782,00000,00000
BCN,8238,3709,069974,2,9,133919,2,9,32800,32782,00000,00000
BCN,8239,3583,063778,2,8,130758,2,9,32800,32782,00000,00000
BCN,8240,3955,063778,2,8,130758,2,9,32800,32782,00000,00000
BCN,8241,3788,063778,2,8,130758,2,9,32800,32782,00000,00000
BCN,8242,3949,063778,2,8,130758,2,9,32800,32782,00000,00000
BCN,8243,0000,063778,2,8,130758,2,9,32800,32782,00000,00000
BCN,8244,4079,063778,2,8,130758,2,9,32800,32782,00000,00000
BCN,8245,3815,067822,2,9,118837,2,8,32800,32782,00000,00000
BCN,8246,3934,067822,2,9,118837,2,8,32800,32782,00000,00000
BCN,8247,0000,067822,2,9,118837,2,8,32800,32782,00000,00000
BCN,8248,4005,067822,2,9,118837,2,8,32800,32782,00000,00000
BCN,8249,3803,067822,2,9,118837,2,8,32800,32782,00000,00000
BCN,8250,3891,067822,2,9,118837,2,8,32800,32782,00000,00000
BCN,8251,0000,061730,2,8,126304,2,8,32800,32781,00000,00000
BCN,8252,0000,061730,2,8,126304,2,8,32800,32781,00000,00000
BCN,8253,0000,061730,2,8,126304,2,8,32800,32781,00000,00000
BCN,8254,0000,061730,2,8,126304,2,8,32800,32781,00000,00000
BCN,8255,3802,061730,2,8,126304,2,8,32800,32781,00000,00000
BCN,8256,3913,061730,2,8,126304,2,8,32800,32781,00000,00000
BCN,8257,4020,063765,2,8,133435,2,9,32799,32781,00000,00000
BCN,8258,3821,063765,2,8,133435,2,9,32799,32781,00000,00000
BCN,8259,3805,063765,2,8,133435,2,9,32799,32781,00000,00000
BCN,8260,0000,063765,2,8,133435,2,9,32799,32781,00000,00000
BCN,8261,0000,063765,2,8,133435,2,9,32799,32781,00000,00000
BCN,8262,3583,063765,2,8,133435,2,9,32799,32781,00000,00000
BCN,8263,0000,059669,2,8,136318,2,9,32799,32781,00000,00000
BCN,8264,0000,059669,2,8,136318,2,9,32799,32781,00000,00000
BCN,8265,3821,059669,2,8,136318,2,9,32799,32781,00000,00000
BCN,8266,0000,059669,2,8,136318,2,9,32799,32781,00000,00000
BCN,8267,0000,059669,2,8,136318,2,9,32799,32781,00000,00000
BCN,8268,3941,059669,2,8,136318,2,9,32799,32781,00000,00000
BCN,8269,0000,069948,2,9,128543,2,9,32800,32781,00000,00000
BCN,8270,0000,069948,2,9,128543,2,9,32800,32781,00000,00000
BCN,8271,3790,069948,2,9,128543,2,9,32800,32781,00000,00000
BCN,8272,0000,069948,2,9,128543,2,9,32800,32781,00000,00000
BCN,8273,0000,069948,2,9,128543,2,9,32800,32781,00000,00000
BCN,8274,0000,069948,2,9,128543,2,9,32800,32781,00000,00000
BCN,8275,0000,069948,2,9,128543,2,9,32800,32781,00000,00000
BCN,8276,0000,063765,2,8,117345,2,8,32800,32781,00000,00000
BCN,8277,3818,063765,2,8,117345,2,8,32800,32781,00000,00000
BCN,8278,4052,063765,2,8,117345,2,8,32800,32781,00000,00000
BCN,8279,3946,063765,2,8,117345,2,8,32800,32781,00000,00000
BCN,8280,0000,063765,2,8,117345,2,8,32800,32781,00000,00000
BCN,8281,3767,063765,2,8,117345,2,8,32800,32781,00000,00000
BCN,8282,4073,067809,2,9,122835,2,8,32800,32780,00000,00000
BCN,8283,3885,067809,2,9,122835,2,8,32800,32780,00000,00000
BCN,8284,0000,067809,2,9,122835,2,8,32800,32780,00000,00000
BCN,8285,3985,067809,2,9,122835,2,8,32800,32780,00000,00000
BCN,8286,3583,067809,2,9,122835,2,8,32800,32780,00000,00000
BCN,8287,3990,067809,2,9,122835,2,8,32800,32780,00000,00000
BCN,8288,0000,061717,2,8,132770,2,9,32800,32780,00000,00000
BCN,8289,0643,061717,2,8,132770,2,9,32800,32780,00000,00000
BCN,8290,0000,061717,2,8,132770,2,9,32800,32780,00000,00000
BCN,8291,3707,061717,2,8,132770,2,9,32800,32780,00000,00000
BCN,8292,3959,061717,2,8,132770,2,9,32800,32780,00000,00000
BCN,8293,3914,061717,2,8,132770,2,9,32800,32780,00000,00000
BCN,8294,0000,063765,2,8,139831,2,9,32799,32780,00000,00000
BCN,8295,0000,063765,2,8,139831,2,9,32799,32780,00000,00000
BCN,8296,0000,063765,2,8,139831,2,9,32799,32780,00000,00000
BCN,8297,0000,063765,2,8,139831,2,9,32799,32780,00000,00000
BCN,8298,3823,063765,2,8,139831,2,9,32799,32780,00000,00000
BCN,8299,3987,063765,2,8,139831,2,9,32799,32780,00000,00000
BCN,8300,3951,061808,2,8,125214,2,9,32799,32780,00000,00000
BCN,8301,4022,061808,2,8,125214,2,9,32799,32780,00000,00000
BCN,8302,3801,061808,2,8,125214,2,9,32799,32780,00000,00000
BCN,8303,0000,061808,2,8,125214,2,9,32799,32780,00000,00000
BCN,8304,0000,061808,2,8,125214,2,9,32799,32780,00000,00000
BCN,8305,3947,061808,2,8,125214,2,9,32799,32780,00000,00000
BCN,8306,0000,070026,2,9,116719,2,8,32800,32780,00000,00000
BCN,8307,0000,070026,2,9,116719,2,8,32800,32780,00000,00000
BCN,8308,3706,070026,2,9,116719,2,8,32800,32780,00000,00000
BCN,8309,0000,070026,2,9,116719,2,8,32800,32780,00000,00000
BCN,8310,0000,070026,2,9,116719,2,8,32800,32780,00000,00000
BCN,8311,0000,070026,2,9,116719,2,8,32800,32780,00000,00000
BCN,8312,0000,070026,2,9,116719,2,8,32800,32780,00000,00000
BCN,8313,0000,063817,2,8,119819,2,8,32800,32779,00000,00000
BCN,8314,3542,063817,2,8,119819,2,8,32800,32779,00000,00000
BCN,8315,0000,063817,2,8,119819,2,8,32800,32779,00000,00000
BCN,8316,0000,063817,2,8,119819,2,8,32800,32779,00000,00000
BCN,8317,0000,063817,2,8,119819,2,8,32800,32779,00000,00000
BCN,8318,0000,063817,2,8,119819,2,8,32800,32779,00000,00000
BCN,8319,0000,065904,2,9,129926,2,9,32800,32779,00000,00000
BCN,8320,3511,065904,2,9,129926,2,9,32800,32779,00000,00000
BCN,8321,3803,065904,2,9,129926,2,9,32800,32779,00000,00000
BCN,8322,3949,065904,2,9,129926,2,9,32800,32779,00000,00000
BCN,8323,0000,065904,2,9,129926,2,9,32800,32779,00000,00000
BCN,8324,3898,065904,2,9,129926,2,9,32800,32779,00000,00000
BCN,8325,3878,061821,2,8,135506,2,9,32800,32779,00000,00000
BCN,8326,3949,061821,2,8,135506,2,9,32800,32779,00000,00000
BCN,8327,0000,061821,2,8,135506,2,9,32800,32779,00000,00000
BCN,8328,3766,061821,2,8,135506,2,9,32800,32779,00000,00000
BCN,8329,3938,061821,2,8,135506,2,9,32800,32779,00000,00000
BCN,8330,3883,061821,2,8,135506,2,9,32800,32779,00000,00000
BCN,8331,0000,065969,2,9,129802,2,9,32799,32779,00000,00000
BCN,8332,0000,065969,2,9,129802,2,9,32799,32779,00000,00000
BCN,8333,0000,065969,2,9,129802,2,9,32799,32779,00000,00000
BCN,8334,0000,065969,2,9,129802,2,9,32799,32779,00000,00000
BCN,8335,3774,065969,2,9,129802,2,9,32799,32779,00000,00000
BCN,8336,3709,065969,2,9,129802,2,9,32799,32779,00000,00000
BCN,8337,3787,061925,2,8,116858,2,8,32799,32779,00000,00000
BCN,8338,3930,061925,2,8,116858,2,8,32799,32779,00000,00000
BCN,8339,0000,061925,2,8,116858,2,8,32799,32779,00000,00000
BCN,8340,0000,061925,2,8,116858,2,8,32799,32779,00000,00000
BCN,8341,3805,061925,2,8,116858,2,8,32799,32779,00000,00000
BCN,8342,3949,061925,2,8,116858,2,8,32799,32779,00000,00000
BCN,8343,3583,072256,2,9,114357,2,8,32800,32778,00000,00000
BCN,8344,3997,072256,2,9,114357,2,8,32800,32778,00000,00000
BCN,8345,3940,072256,2,9,114357,2,8,32800,32778,00000,00000
BCN,8346,0000,072256,2,9,114357,2,8,32800,32778,00000,00000
BCN,8347,0000,072256,2,9,114357,2,8,32800,32778,00000,00000
BCN,8348,3797,072256,2,9,114357,2,8,32800,32778,00000,00000
BCN,8349,0000,072256,2,9,114357,2,8,32800,32778,00000,00000
BCN,8350,0000,066086,2,9,127152,2,9,32800,32778,00000,00000
BCN,8351,3876,066086,2,9,127152,2,9,32800,32778,00000,00000
BCN,8352,0000,066086,2,9,127152,2,9,32800,32778,00000,00000
BCN,8353,0000,066086,2,9,127152,2,9,32800,32778,00000,00000
BCN,8354,0000,066086,2,9,127152,2,9,32800,32778,00000,00000
BCN,8355,0000,066086,2,9,127152,2,9,32800,32778,00000,00000
BCN,8356,0000,066255,2,9,134812,2,9,32800,32778,00000,00000
BCN,8357,3579,066255,2,9,134812,2,9,32800,32778,00000,00000
BCN,8358,3945,066255,2,9,134812,2,9,32800,32778,00000,00000
BCN,8359,3770,066255,2,9,134812,2,9,32800,32778,00000,00000
BCN,8360,0000,066255,2,9,134812,2,9,32800,32778,00000,00000
BCN,8361,3897,066255,2,9,134812,2,9,32800,32778,00000,00000
BCN,8362,3551,060163,2,8,127833,2,9,32799,32778,00000,00000
BCN,8363,4020,060163,2,8,127833,2,9,32799,32778,00000,00000
BCN,8364,3652,060163,2,8,127833,2,9,32799,32778,00000,00000
BCN,8365,3913,060163,2,8,127833,2,9,32799,32778,00000,00000
BCN,8366,0000,060163,2,8,127833,2,9,32799,32778,00000,00000
BCN,8367,3511,060163,2,8,127833,2,9,32799,32778,00000,00000
BCN,8368,3575,064103,2,8,120522,2,8,32800,32778,00000,00000
BCN,8369,3551,064103,2,8,120522,2,8,32800,32778,00000,00000
BCN,8370,0000,064103,2,8,120522,2,8,32800,32778,00000,00000
BCN,8371,3503,064103,2,8,120522,2,8,32800,32778,00000,00000
BCN,8372,3940,064103,2,8,120522,2,8,32800,32778,00000,00000
BCN,8373,3566,064103,2,8,120522,2,8,32800,32778,00000,00000
BCN,8374,0000,066294,2,9,108223,2,7,32800,32778,00000,00000
BCN,8375,0000,066294,2,9,108223,2,7,32800,32778,00000,00000
BCN,8376,0000,066294,2,9,108223,2,7,32800,32778,00000,00000
BCN,8377,0000,066294,2,9,108223,2,7,32800,32778,00000,00000
BCN,8378,3839,066294,2,9,108223,2,7,32800,32778,00000,00000
BCN,8379,3754,066294,2,9,108223,2,7,32800,32778,00000,00000
BCN,8380,3762,060202,2,8,124339,2,8,32799,32777,00000,00000
BCN,8381,3691,060202,2,8,124339,2,8,32799,32777,00000,00000
BCN,8382,3970,060202,2,8,124339,2,8,32799,32777,00000,00000
BCN,8383,0000,060202,2,8,124339,2,8,32799,32777,00000,00000
BCN,8384,0000,060202,2,8,124339,2,8,32799,32777,00000,00000
BCN,8385,3513,060202,2,8,124339,2,8,32799,32777,00000,00000
BCN,8386,0000,060202,2,8,124339,2,8,32799,32777,00000,00000
BCN,8387,0000,064129,2,8,133793,2,9,32800,32777,00000,00000
BCN,8388,3709,064129,2,8,133793,2,9,32800,32777,00000,00000
BCN,8389,0000,064129,2,8,133793,2,9,32800,32777,00000,00000
BCN,8390,0000,064129,2,8,133793,2,9,32800,32777,00000,00000
BCN,8391,3551,064129,2,8,133793,2,9,32800,32777,00000,00000
BCN,8392,0000,064129,2,8,133793,2,9,32800,32777,00000,00000
BCN,8393,0000,066320,2,9,130262,2,9,32800,32777,00000,00000
BCN,8394,3519,066320,2,9,130262,2,9,32800,32777,00000,00000
BCN,8395,0000,066320,2,9,130262,2,9,32800,32777,00000,00000
BCN,8396,0000,066320,2,9,130262,2,9,32800,32777,00000,00000
BCN,8397,0000,066320,2,9,130262,2,9,32800,32777,00000,00000
BCN,8398,0000,066320,2,9,130262,2,9,32800,32777,00000,00000
BCN,8399,0000,060215,2,8,121930,2,8,32799,32777,00000,00000
BCN,8400,3547,060215,2,8,121930,2,8,32799,32777,00000,00000
BCN,8401,3583,060215,2,8,121930,2,8,32799,32777,00000,00000
BCN,8402,3950,060215,2,8,121930,2,8,32799,32777,00000,00000
BCN,8403,0000,060215,2,8,121930,2,8,32799,32777,00000,00000
BCN,8404,3543,060215,2,8,121930,2,8,32799,32777,00000,00000
BCN,8405,3550,064142,2,8,116321,2,8,32800,32777,00000,00000
BCN,8406,3638,064142,2,8,116321,2,8,32800,32777,00000,00000
BCN,8407,0000,064142,2,8,116321,2,8,32800,32777,00000,00000
BCN,8408,3502,064142,2,8,116321,2,8,32800,32777,00000,00000
BCN,8409,3881,064142,2,8,116321,2,8,32800,32777,00000,00000
BCN,8410,4053,064142,2,8,116321,2,8,32800,32777,00000,00000
BCN,8411,0000,066320,2,9,118287,2,8,32800,32776,00000,00000
BCN,8412,0000,066320,2,9,118287,2,8,32800,32776,00000,00000
BCN,8413,0000,066320,2,9,118287,2,8,32800,32776,00000,00000
BCN,8414,0000,066320,2,9,118287,2,8,32800,32776,00000,00000
BCN,8415,3579,066320,2,9,118287,2,8,32800,32776,00000,00000
BCN,8416,3925,066320,2,9,118287,2,8,32800,32776,00000,00000
BCN,8417,0000,060228,2,8,130534,2,9,32799,32776,00000,00000
BCN,8418,0000,060228,2,8,130534,2,9,32799,32776,00000,00000
BCN,8419,0000,060228,2,8,130534,2,9,32799,32776,00000,00000
BCN,8420,0000,060228,2,8,130534,2,9,32799,32776,00000,00000
BCN,8421,3942,060228,2,8,130534,2,9,32799,32776,00000,00000
BCN,8422,3766,060228,2,8,130534,2,9,32799,32776,00000,00000
BCN,8423,3691,060228,2,8,130534,2,9,32799,32776,00000,00000
BCN,8424,3986,064142,2,8,133701,2,9,32800,32776,00000,00000
BCN,8425,3885,064142,2,8,133701,2,9,32800,32776,00000,00000
BCN,8426,0000,064142,2,8,133701,2,9,32800,32776,00000,00000
BCN,8427,0000,064142,2,8,133701,2,9,32800,32776,00000,00000
BCN,8428,3798,064142,2,8,133701,2,9,32800,32776,00000,00000
BCN,8429,0000,064142,2,8,133701,2,9,32800,32776,00000,00000
BCN,8430,0000,066320,2,9,128345,2,9,32800,32776,00000,00000
BCN,8431,4022,066320,2,9,128345,2,9,32800,32776,00000,00000
BCN,8432,0000,066320,2,9,128345,2,9,32800,32776,00000,00000
BCN,8433,0000,066320,2,9,128345,2,9,32800,32776,00000,00000
BCN,8434,0000,066320,2,9,128345,2,9,32800,32776,00000,00000
BCN,8435,0000,066320,2,9,128345,2,9,32800,32776,00000,00000
BCN,8436,0000,060228,2,8,115324,2,8,32799,32776,00000,00000
BCN,8437,3805,060228,2,8,115324,2,8,32799,32776,00000,00000
BCN,8438,3762,060228,2,8,115324,2,8,32799,32776,00000,00000
BCN,8439,0000,060228,2,8,115324,2,8,32799,32776,00000,00000
BCN,8440,0000,060228,2,8,115324,2,8,32799,32776,00000,00000
BCN,8441,0000,060228,2,8,115324,2,8,32799,32776,00000,00000
BCN,8442,0000,066281,2,9,119729,2,8,32800,32775,00000,00000
BCN,8443,3766,066281,2,9,119729,2,8,32800,32775,00000,00000
BCN,8444,3547,066281,2,9,119729,2,8,32800,32775,00000,00000
BCN,8445,3575,066281,2,9,119729,2,8,32800,32775,00000,00000
BCN,8446,0000,066281,2,9,119729,2,8,32800,32775,00000,00000
BCN,8447,3732,066281,2,9,119729,2,8,32800,32775,00000,00000
BCN,8448,3687,064259,2,8,129656,2,9,32800,32775,00000,00000
BCN,8449,3831,064259,2,8,129656,2,9,32800,32775,00000,00000
BCN,8450,0000,064259,2,8,129656,2,9,32800,32775,00000,00000
BCN,8451,3734,064259,2,8,129656,2,9,32800,32775,00000,00000
BCN,8452,3532,064259,2,8,129656,2,9,32800,32775,00000,00000
BCN,8453,3773,064259,2,8,129656,2,9,32800,32775,00000,00000
BCN,8454,0000,060215,2,8,131926,2,9,32799,32775,00000,00000
BCN,8455,0000,060215,2,8,131926,2,9,32799,32775,00000,00000
BCN,8456,0000,060215,2,8,131926,2,9,32799,32775,00000,00000
BCN,8457,0000,060215,2,8,131926,2,9,32799,32775,00000,00000
BCN,8458,3883,060215,2,8,131926,2,9,32799,32775,00000,00000
BCN,8459,3833,060215,2,8,131926,2,9,32799,32775,00000,00000
BCN,8460,3956,060215,2,8,131926,2,9,32799,32775,00000,00000
BCN,8461,3802,066268,2,9,126527,2,9,32800,32775,00000,00000
BCN,8462,3514,066268,2,9,126527,2,9,32800,32775,00000,00000
BCN,8463,0000,066268,2,9,126527,2,9,32800,32775,00000,00000
BCN,8464,3550,066268,2,9,126527,2,9,32800,32775,00000,00000
BCN,8465,3785,066268,2,9,126527,2,9,32800,32775,00000,00000
BCN,8466,3631,066268,2,9,126527,2,9,32800,32775,00000,00000
BCN,8467,3691,066203,2,9,116216,2,8,32800,32775,00000,00000
BCN,8468,3531,066203,2,9,116216,2,8,32800,32775,00000,00000
BCN,8469,0000,066203,2,9,116216,2,8,32800,32775,00000,00000
BCN,8470,0000,066203,2,9,116216,2,8,32800,32775,00000,00000
BCN,8471,3913,066203,2,9,116216,2,8,32800,32775,00000,00000
BCN,8472,0000,066203,2,9,116216,2,8,32800,32775,00000,00000
BCN,8473,0000,057985,2,8,113448,2,8,32799,32774,00000,00000
BCN,8474,3550,057985,2,8,113448,2,8,32799,32774,00000,00000
BCN,8475,0000,057985,2,8,113448,2,8,32799,32774,00000,00000
BCN,8476,0000,057985,2,8,113448,2,8,32799,32774,00000,00000
BCN,8477,0000,057985,2,8,113448,2,8,32799,32774,00000,00000
BCN,8478,0000,057985,2,8,113448,2,8,32799,32774,00000,00000
BCN,8479,0000,053707,2,7,126629,2,9,32799,32774,00000,00000
BCN,8480,3571,053707,2,7,126629,2,9,32799,32774,00000,00000
BCN,8481,3762,053707,2,7,126629,2,9,32799,32774,00000,00000
BCN,8482,3892,053707,2,7,126629,2,9,32799,32774,00000,00000
BCN,8483,0000,053707,2,7,126629,2,9,32799,32774,00000,00000
BCN,8484,3914,053707,2,7,126629,2,9,32799,32774,00000,00000
BCN,8485,3787,068108,2,9,131515,2,9,32800,32774,00000,00000
BCN,8486,3743,068108,2,9,131515,2,9,32800,32774,00000,00000
BCN,8487,0000,068108,2,9,131515,2,9,32800,32774,00000,00000
BCN,8488,3879,068108,2,9,131515,2,9,32800,32774,00000,00000
BCN,8489,0000,068108,2,9,131515,2,9,32800,32774,00000,00000
BCN,8490,3890,068108,2,9,131515,2,9,32800,32774,00000,00000
BCN,8491,3583,067991,2,9,126459,2,9,32800,32774,00000,00000
BCN,8492,3519,067991,2,9,126459,2,9,32800,32774,00000,00000
BCN,8493,0000,067991,2,9,126459,2,9,32800,32774,00000,00000
BCN,8494,3823,067991,2,9,126459,2,9,32800,32774,00000,00000
BCN,8495,3547,067991,2,9,126459,2,9,32800,32774,00000,00000
BCN,8496,3958,067991,2,9,126459,2,9,32800,32774,00000,00000
BCN,8497,0000,067991,2,9,126459,2,9,32800,32774,00000,00000
BCN,8498,0000,061847,2,8,118001,2,8,32800,32774,00000,00000
BCN,8499,0000,061847,2,8,118001,2,8,32800,32774,00000,00000
BCN,8500,0000,061847,2,8,118001,2,8,32800,32774,00000,00000
BCN,8501,3943,061847,2,8,118001,2,8,32800,32774,00000,00000
BCN,8502,3803,061847,2,8,118001,2,8,32800,32774,00000,00000
BCN,8503,3876,061847,2,8,118001,2,8,32800,32774,00000,00000
BCN,8504,3746,063869,2,8,109132,2,8,32799,32774,00000,00000
BCN,8505,3970,063869,2,8,109132,2,8,32799,32774,00000,00000
BCN,8506,0000,063869,2,8,109132,2,8,32799,32774,00000,00000
BCN,8507,0000,063869,2,8,109132,2,8,32799,32774,00000,00000
BCN,8508,3565,063869,2,8,109132,2,8,32799,32774,00000,00000
BCN,8509,0000,063869,2,8,109132,2,8,32799,32774,00000,00000
BCN,8510,0000,061886,2,8,121654,2,8,32799,32773,00000,00000
BCN,8511,3901,061886,2,8,121654,2,8,32799,32773,00000,00000
BCN,8512,0000,061886,2,8,121654,2,8,32799,32773,00000,00000
BCN,8513,0000,061886,2,8,121654,2,8,32799,32773,00000,00000
BCN,8514,0000,061886,2,8,121654,2,8,32799,32773,00000,00000
BCN,8515,0000,061886,2,8,121654,2,8,32799,32773,00000,00000
BCN,8516,0000,070078,2,9,127713,2,9,32800,32773,00000,00000
BCN,8517,3787,070078,2,9,127713,2,9,32800,32773,00000,00000
BCN,8518,0000,070078,2,9,127713,2,9,32800,32773,00000,00000
BCN,8519,0000,070078,2,9,127713,2,9,32800,32773,00000,00000
BCN,8520,0000,070078,2,9,127713,2,9,32800,32773,00000,00000
BCN,8521,0000,070078,2,9,127713,2,9,32800,32773,00000,00000
BCN,8522,0000,065995,2,9,131358,2,9,32800,32773,00000,00000
BCN,8523,3817,065995,2,9,131358,2,9,32800,32773,00000,00000
BCN,8524,3684,065995,2,9,131358,2,9,32800,32773,00000,00000
BCN,8525,3797,065995,2,9,131358,2,9,32800,32773,00000,00000
BCN,8526,0000,065995,2,9,131358,2,9,32800,32773,00000,00000
BCN,8527,3695,065995,2,9,131358,2,9,32800,32773,00000,00000
BCN,8528,3518,065995,2,9,125070,2,9,32800,32773,00000,00000
BCN,8529,3922,065995,2,9,125070,2,9,32800,32773,00000,00000
BCN,8530,0000,065995,2,9,125070,2,9,32800,32773,00000,00000
BCN,8531,3788,065995,2,9,125070,2,9,32800,32773,00000,00000
BCN,8532,3686,065995,2,9,125070,2,9,32800,32773,00000,00000
BCN,8533,3515,065995,2,9,125070,2,9,32800,32773,00000,00000
BCN,8534,0000,065995,2,9,125070,2,9,32800,32773,00000,00000
BCN,8535,0000,059981,2,8,114938,2,8,32799,32773,00000,00000
BCN,8536,0000,059981,2,8,114938,2,8,32799,32773,00000,00000
BCN,8537,0000,059981,2,8,114938,2,8,32799,32773,00000,00000
BCN,8538,3501,059981,2,8,114938,2,8,32799,32773,00000,00000
BCN,8539,3511,059981,2,8,114938,2,8,32799,32773,00000,00000
BCN,8540,0000,059981,2,8,114938,2,8,32799,32773,00000,00000
BCN,8541,0000,066099,2,9,112986,2,8,32800,32772,00000,00000
BCN,8542,0000,066099,2,9,112986,2,8,32800,32772,00000,00000
BCN,8543,0000,066099,2,9,112986,2,8,32800,32772,00000,00000
BCN,8544,3515,066099,2,9,112986,2,8,32800,32772,00000,00000
BCN,8545,3533,066099,2,9,112986,2,8,32800,32772,00000,00000
BCN,8546,3327,066099,2,9,112986,2,8,32800,32772,00000,00000
BCN,8547,3549,066255,2,9,123403,2,9,32800,32772,00000,00000
BCN,8548,3904,066255,2,9,123403,2,9,32800,32772,00000,00000
BCN,8549,0000,066255,2,9,123403,2,9,32800,32772,00000,00000
BCN,8550,0000,066255,2,9,123403,2,9,32800,32772,00000,00000
BCN,8551,3455,066255,2,9,123403,2,9,32800,32772,00000,00000
BCN,8552,0000,066255,2,9,123403,2,9,32800,32772,00000,00000
BCN,8553,0000,060176,2,8,129277,2,9,32799,32772,00000,00000
BCN,8554,3689,060176,2,8,129277,2,9,32799,32772,00000,00000
BCN,8555,0000,060176,2,8,129277,2,9,32799,32772,00000,00000
BCN,8556,0000,060176,2,8,129277,2,9,32799,32772,00000,00000
BCN,8557,0000,060176,2,8,129277,2,9,32799,32772,00000,00000
BCN,8558,0000,060176,2,8,129277,2,9,32799,32772,00000,00000
BCN,8559,0000,064103,2,8,127382,2,9,32800,32772,00000,00000
BCN,8560,3573,064103,2,8,127382,2,9,32800,32772,00000,00000
BCN,8561,3653,064103,2,8,127382,2,9,32800,32772,00000,00000
BCN,8562,3684,064103,2,8,127382,2,9,32800,32772,00000,00000
BCN,8563,0000,064103,2,8,127382,2,9,32800,32772,00000,00000
BCN,8564,3946,064103,2,8,127382,2,9,32800,32772,00000,00000
BCN,8565,3564,066294,2,9,123723,2,9,32800,32772,00000,00000
BCN,8566,3945,066294,2,9,123723,2,9,32800,32772,00000,00000
BCN,8567,3403,066294,2,9,123723,2,9,32800,32772,00000,00000
BCN,8568,3327,066294,2,9,123723,2,9,32800,32772,00000,00000
BCN,8569,0000,066294,2,9,123723,2,9,32800,32772,00000,00000
BCN,8570,3511,066294,2,9,123723,2,9,32800,32772,00000,00000
BCN,8571,3889,066294,2,9,123723,2,9,32800,32772,00000,00000
BCN,8572,3687,060202,2,8,114272,2,8,32799,32772,00000,00000
BCN,8573,0000,060202,2,8,114272,2,8,32799,32772,00000,00000
BCN,8574,3642,060202,2,8,114272,2,8,32799,32772,00000,00000
BCN,8575,3565,060202,2,8,114272,2,8,32799,32772,00000,00000
BCN,8576,3977,060202,2,8,114272,2,8,32799,32772,00000,00000
BCN,8577,0000,060202,2,8,114272,2,8,32799,32772,00000,00000
BCN,8578,0000,064129,2,8,116820,2,8,32800,32771,00000,00000
BCN,8579,0000,064129,2,8,116820,2,8,32800,32771,00000,00000
BCN,8580,0000,064129,2,8,116820,2,8,32800,32771,00000,00000
BCN,8581,3691,064129,2,8,116820,2,8,32800,32771,00000,00000
BCN,8582,3503,064129,2,8,116820,2,8,32800,32771,00000,00000
BCN,8583,3818,064129,2,8,116820,2,8,32800,32771,00000,00000
BCN,8584,3876,066320,2,9,125026,2,9,32800,32771,00000,00000
BCN,8585,3738,066320,2,9,125026,2,9,32800,32771,00000,00000
BCN,8586,0000,066320,2,9,125026,2,9,32800,32771,00000,00000
BCN,8587,0000,066320,2,9,125026,2,9,32800,32771,00000,00000
BCN,8588,3798,066320,2,9,125026,2,9,32800,32771,00000,00000
BCN,8589,0000,066320,2,9,125026,2,9,32800,32771,00000,00000
BCN,8590,0000,064142,2,8,131783,2,9,32799,32771,00000,00000
BCN,8591,3858,064142,2,8,131783,2,9,32799,32771,00000,00000
BCN,8592,0000,064142,2,8,131783,2,9,32799,32771,00000,00000
BCN,8593,0000,064142,2,8,131783,2,9,32799,32771,00000,00000
BCN,8594,3856,064142,2,8,131783,2,9,32799,32771,00000,00000
BCN,8595,0000,064142,2,8,131783,2,9,32799,32771,00000,00000
BCN,8596,0000,061860,2,8,126713,2,9,32800,32771,00000,00000
BCN,8597,3515,061860,2,8,126713,2,9,32800,32771,00000,00000
BCN,8598,0000,061860,2,8,126713,2,9,32800,32771,00000,00000
BCN,8599,0000,061860,2,8,126713,2,9,32800,32771,00000,00000
BCN,8600,0000,061860,2,8,126713,2,9,32800,32771,00000,00000
BCN,8601,0000,061860,2,8,126713,2,9,32800,32771,00000,00000
BCN,8602,0000,064012,2,8,122379,2,9,32800,32771,00000,00000
BCN,8603,3721,064012,2,8,122379,2,9,32800,32771,00000,00000
BCN,8604,3789,064012,2,8,122379,2,9,32800,32771,00000,00000
BCN,8605,3739,064012,2,8,122379,2,9,32800,32771,00000,00000
BCN,8606,0000,064012,2,8,122379,2,9,32800,32771,00000,00000
BCN,8607,3689,064012,2,8,122379,2,9,32800,32771,00000,00000
BCN,8608,3565,064012,2,8,122379,2,9,32800,32771,00000,00000
BCN,8609,3733,063947,2,8,112915,2,8,32799,32771,00000,00000
BCN,8610,0000,063947,2,8,112915,2,8,32799,32771,00000,00000
BCN,8611,3547,063947,2,8,112915,2,8,32799,32771,00000,00000
BCN,8612,3516,063947,2,8,112915,2,8,32799,32771,00000,00000
BCN,8613,3800,063947,2,8,112915,2,8,32799,32771,00000,00000
BCN,8614,0000,063947,2,8,112915,2,8,32799,32771,00000,00000
BCN,8615,0000,061717,2,8,109172,2,8,32800,32770,00000,00000
BCN,8616,0000,061717,2,8,109172,2,8,32800,32770,00000,00000
BCN,8617,0000,061717,2,8,109172,2,8,32800,32770,00000,00000
BCN,8618,3422,061717,2,8,109172,2,8,32800,32770,00000,00000
BCN,8619,3731,061717,2,8,109172,2,8,32800,32770,00000,00000
BCN,8620,0000,061717,2,8,109172,2,8,32800,32770,00000,00000
BCN,8621,0000,061743,2,8,118523,2,8,32800,32770,00000,00000
BCN,8622,0000,061743,2,8,118523,2,8,32800,32770,00000,00000
BCN,8623,0000,061743,2,8,118523,2,8,32800,32770,00000,00000
BCN,8624,3821,061743,2,8,118523,2,8,32800,32770,00000,00000
BCN,8625,3913,061743,2,8,118523,2,8,32800,32770,00000,00000
BCN,8626,3789,061743,2,8,118523,2,8,32800,32770,00000,00000
BCN,8627,3311,063791,2,8,131895,2,9,32799,32770,00000,00000
BCN,8628,3510,063791,2,8,131895,2,9,32799,32770,00000,00000
BCN,8629,0000,063791,2,8,131895,2,9,32799,32770,00000,00000
BCN,8630,0000,063791,2,8,131895,2,9,32799,32770,00000,00000
BCN,8631,3937,063791,2,8,131895,2,9,32799,32770,00000,00000
BCN,8632,0000,063791,2,8,131895,2,9,32799,32770,00000,00000
BCN,8633,0000,059682,2,8,132239,2,9,32799,32770,00000,00000
BCN,8634,3862,059682,2,8,132239,2,9,32799,32770,00000,00000
BCN,8635,0000,059682,2,8,132239,2,9,32799,32770,00000,00000
BCN,8636,0000,059682,2,8,132239,2,9,32799,32770,00000,00000
BCN,8637,0000,059682,2,8,132239,2,9,32799,32770,00000,00000
BCN,8638,0000,059682,2,8,132239,2,9,32799,32770,00000,00000
BCN,8639,0000,069961,2,9,124559,2,9,32800,32770,00000,00000
BCN,8640,3763,069961,2,9,124559,2,9,32800,32770,00000,00000
BCN,8641,3846,069961,2,9,124559,2,9,32800,32770,00000,00000
BCN,8642,3794,069961,2,9,124559,2,9,32800,32770,00000,00000
BCN,8643,0000,069961,2,9,124559,2,9,32800,32770,00000,00000
BCN,8644,3874,069961,2,9,124559,2,9,32800,32770,00000,00000
BCN,8645,3414,069961,2,9,124559,2,9,32800,32770,00000,00000
BCN,8646,3327,063778,2,8,116117,2,8,32800,32770,00000,00000
BCN,8647,3695,063778,2,8,116117,2,8,32800,32770,00000,00000
BCN,8648,3420,063778,2,8,116117,2,8,32800,32770,00000,00000
BCN,8649,0000,063778,2,8,116117,2,8,32800,32770,00000,00000
BCN,8650,3657,063778,2,8,116117,2,8,32800,32770,00000,00000
BCN,8651,3819,063778,2,8,116117,2,8,32800,32770,00000,00000
BCN,8652,3510,067822,2,9,108071,2,8,32800,32770,00000,00000
BCN,8653,0000,067822,2,9,108071,2,8,32800,32770,00000,00000
BCN,8654,3763,067822,2,9,108071,2,8,32800,32770,00000,00000
BCN,8655,3913,067822,2,9,108071,2,8,32800,32770,00000,00000
BCN,8656,3858,067822,2,9,108071,2,8,32800,32770,00000,00000
BCN,8657,0000,067822,2,9,108071,2,8,32800,32770,00000,00000
BCN,8658,0000,061717,2,8,115612,2,8,32800,32769,00000,00000
BCN,8659,0000,061717,2,8,115612,2,8,32800,32769,00000,00000
BCN,8660,0000,061717,2,8,115612,2,8,32800,32769,00000,00000
BCN,8661,3833,061717,2,8,115612,2,8,32800,32769,00000,00000
BCN,8662,3893,061717,2,8,115612,2,8,32800,32769,00000,00000
BCN,8663,3767,061717,2,8,115612,2,8,32800,32769,00000,00000
BCN,8664,3858,063765,2,8,128542,2,9,32799,32769,00000,00000
BCN,8665,3517,063765,2,8,128542,2,9,32799,32769,00000,00000
BCN,8666,0000,063765,2,8,128542,2,9,32799,32769,00000,00000
BCN,8667,0000,063765,2,8,128542,2,9,32799,32769,00000,00000
BCN,8668,3567,063765,2,8,128542,2,9,32799,32769,00000,00000
BCN,8669,0000,063765,2,8,128542,2,9,32799,32769,00000,00000
BCN,8670,0000,059656,2,8,130151,2,9,32799,32769,00000,00000
BCN,8671,3802,059656,2,8,130151,2,9,32799,32769,00000,00000
BCN,8672,0000,059656,2,8,130151,2,9,32799,32769,00000,00000
BCN,8673,0000,059656,2,8,130151,2,9,32799,32769,00000,00000
BCN,8674,3505,059656,2,8,130151,2,9,32799,32769,00000,00000
BCN,8675,0000,059656,2,8,130151,2,9,32799,32769,00000,00000
BCN,8676,0000,069948,2,9,128068,2,9,32800,32769,00000,00000
BCN,8677,3882,069948,2,9,128068,2,9,32800,32769,00000,00000
BCN,8678,0000,069948,2,9,128068,2,9,32800,32769,00000,00000
BCN,8679,0000,069948,2,9,128068,2,9,32800,32769,00000,00000
BCN,8680,0000,069948,2,9,128068,2,9,32800,32769,00000,00000
BCN,8681,0000,069948,2,9,128068,2,9,32800,32769,00000,00000
BCN,8682,0000,069948,2,9,128068,2,9,32800,32769,00000,00000
BCN,8683,3732,063765,2,8,124442,2,9,32800,32769,00000,00000
BCN,8684,3327,063765,2,8,124442,2,9,32800,32769,00000,00000
BCN,8685,3499,063765,2,8,124442,2,9,32800,32769,00000,00000
BCN,8686,0000,063765,2,8,124442,2,9,32800,32769,00000,00000
BCN,8687,3673,063765,2,8,124442,2,9,32800,32769,00000,00000
BCN,8688,3883,063765,2,8,124442,2,9,32800,32769,00000,00000
BCN,8689,3881,065670,2,9,112497,2,8,32800,32769,00000,00000
BCN,8690,0000,065670,2,9,112497,2,8,32800,32769,00000,00000
BCN,8691,3944,065670,2,9,112497,2,8,32800,32769,00000,00000
BCN,8692,3455,065670,2,9,112497,2,8,32800,32769,00000,00000
BCN,8693,3318,065670,2,9,112497,2,8,32800,32769,00000,00000
BCN,8694,0000,065670,2,9,112497,2,8,32800,32769,00000,00000
BCN,8695,0000,061652,2,8,108472,2,7,32800,32768,00000,00000
BCN,8696,0000,061652,2,8,108472,2,7,32800,32768,00000,00000
BCN,8697,0000,061652,2,8,108472,2,7,32800,32768,00000,00000
BCN,8698,3291,061652,2,8,108472,2,7,32800,32768,00000,00000
BCN,8699,3820,061652,2,8,108472,2,7,32800,32768,00000,00000
BCN,8700,0000,061652,2,8,108472,2,7,32800,32768,00000,00000
BCN,8701,0000,063713,2,8,120028,2,8,32799,32768,00000,00000
BCN,8702,0000,063713,2,8,120028,2,8,32799,32768,00000,00000
BCN,8703,0000,063713,2,8,120028,2,8,32799,32768,00000,00000
BCN,8704,3878,063713,2,8,120028,2,8,32799,32768,00000,00000
BCN,8705,3693,063713,2,8,120028,2,8,32799,32768,00000,00000
BCN,8706,3694,063713,2,8,120028,2,8,32799,32768,00000,00000
BCN,8707,3813,061535,2,8,129736,2,9,32800,32768,00000,00000
BCN,8708,3880,061535,2,8,129736,2,9,32800,32768,00000,00000
BCN,8709,0000,061535,2,8,129736,2,9,32800,32768,00000,00000
BCN,8710,0000,061535,2,8,129736,2,9,32800,32768,00000,00000
BCN,8711,3500,061535,2,8,129736,2,9,32800,32768,00000,00000
BCN,8712,0000,061535,2,8,129736,2,9,32800,32768,00000,00000
BCN,8713,0000,063765,2,8,129826,2,9,32800,32768,00000,00000
BCN,8714,3691,063765,2,8,129826,2,9,32800,32768,00000,00000
BCN,8715,0000,063765,2,8,129826,2,9,32800,32768,00000,00000
BCN,8716,0000,063765,2,8,129826,2,9,32800,32768,00000,00000
BCN,8717,0000,063765,2,8,129826,2,9,32800,32768,00000,00000
BCN,8718,0000,063765,2,8,129826,2,9,32800,32768,00000,00000
BCN,8719,0000,063765,2,8,129826,2,9,32800,32768,00000,00000
BCN,8720,0000,063765,2,8,124244,2,9,32799,32768,00000,00000
BCN,8721,0000,063765,2,8,124244,2,9,32799,32768,00000,00000
BCN,8722,0000,063765,2,8,124244,2,9,32799,32768,00000,00000
BCN,8723,3635,063765,2,8,124244,2,9,32799,32768,00000,00000
BCN,8724,3748,063765,2,8,124244,2,9,32799,32768,00000,00000
BCN,8725,3795,063765,2,8,124244,2,9,32799,32768,00000,00000
BCN,8726,0000,063726,2,8,079075,2,5,32800,32768,00000,00000
BCN,8727,0000,063726,2,8,079075,2,5,32800,32768,00000,00000
BCN,8728,0000,063726,2,8,079075,2,5,32800,32768,00000,00000
BCN,8729,0000,063726,2,8,079075,2,5,32800,32768,00000,00000
BCN,8730,3547,063726,2,8,079075,2,5,32800,32768,00000,00000
BCN,8731,3881,063726,2,8,079075,2,5,32800,32768,00000,00000
BCN,8732,3849,066021,2,9,121673,2,9,32800,32783,00000,00000
BCN,8733,3850,066021,2,9,121673,2,9,32800,32783,00000,00000
BCN,8734,3659,066021,2,9,121673,2,9,32800,32783,00000,00000
BCN,8735,0000,066021,2,9,121673,2,9,32800,32783,00000,00000
BCN,8736,0000,066021,2,9,121673,2,9,32800,32783,00000,00000
BCN,8737,3494,066021,2,9,121673,2,9,32800,32783,00000,00000
BCN,8738,0000,061964,2,8,129942,2,9,32799,32783,00000,00000
BCN,8739,0000,061964,2,8,129942,2,9,32799,32783,00000,00000
BCN,8740,3455,061964,2,8,129942,2,9,32799,32783,00000,00000
BCN,8741,0000,061964,2,8,129942,2,9,32799,32783,00000,00000
BCN,8742,0000,061964,2,8,129942,2,9,32799,32783,00000,00000
BCN,8743,3851,061964,2,8,129942,2,9,32799,32783,00000,00000
BCN,8744,0000,063908,2,8,130261,2,9,32800,32783,00000,00000
BCN,8745,0000,063908,2,8,130261,2,9,32800,32783,00000,00000
BCN,8746,3327,063908,2,8,130261,2,9,32800,32783,00000,00000
BCN,8747,0000,063908,2,8,130261,2,9,32800,32783,00000,00000
BCN,8748,0000,063908,2,8,130261,2,9,32800,32783,00000,00000
BCN,8749,0000,063908,2,8,130261,2,9,32800,32783,00000,00000
BCN,8750,0000,066151,2,9,123353,2,9,32800,32783,00000,00000
BCN,8751,0000,066151,2,9,123353,2,9,32800,32783,00000,00000
BCN,8752,3634,066151,2,9,123353,2,9,32800,32783,00000,00000
BCN,8753,3876,066151,2,9,123353,2,9,32800,32783,00000,00000
BCN,8754,3511,066151,2,9,123353,2,9,32800,32783,00000,00000
BCN,8755,0000,066151,2,9,123353,2,9,32800,32783,00000,00000
BCN,8756,3531,066151,2,9,123353,2,9,32800,32783,00000,00000
BCN,8757,3385,060098,2,8,110992,2,8,32799,32783,00000,00000
BCN,8758,3784,060098,2,8,110992,2,8,32799,32783,00000,00000
BCN,8759,0000,060098,2,8,110992,2,8,32799,32783,00000,00000
BCN,8760,3881,060098,2,8,110992,2,8,32799,32783,00000,00000
BCN,8761,3434,060098,2,8,110992,2,8,32799,32783,00000,00000
BCN,8762,3675,060098,2,8,110992,2,8,32799,32783,00000,00000
BCN,8763,0000,064051,2,8,109254,2,8,32800,32782,00000,00000
BCN,8764,0000,064051,2,8,109254,2,8,32800,32782,00000,00000
BCN,8765,0000,064051,2,8,109254,2,8,32800,32782,00000,00000
BCN,8766,0000,064051,2,8,109254,2,8,32800,32782,00000,00000
BCN,8767,3391,064051,2,8,109254,2,8,32800,32782,00000,00000
BCN,8768,3926,064051,2,8,109254,2,8,32800,32782,00000,00000
BCN,8769,0000,066255,2,9,119397,2,8,32800,32782,00000,00000
BCN,8770,0000,066255,2,9,119397,2,8,32800,32782,00000,00000
BCN,8771,0000,066255,2,9,119397,2,8,32800,32782,00000,00000
BCN,8772,0000,066255,2,9,119397,2,8,32800,32782,00000,00000
BCN,8773,3423,066255,2,9,119397,2,8,32800,32782,00000,00000
BCN,8774,3890,066255,2,9,119397,2,8,32800,32782,00000,00000
BCN,8775,3921,060176,2,8,129350,2,9,32799,32782,00000,00000
BCN,8776,3515,060176,2,8,129350,2,9,32799,32782,00000,00000
BCN,8777,3550,060176,2,8,129350,2,9,32799,32782,00000,00000
BCN,8778,0000,060176,2,8,129350,2,9,32799,32782,00000,00000
BCN,8779,0000,060176,2,8,129350,2,9,32799,32782,00000,00000
BCN,8780,3452,060176,2,8,129350,2,9,32799,32782,00000,00000
BCN,8781,0000,064103,2,8,134531,2,9,32800,32782,00000,00000
BCN,8782,0000,064103,2,8,134531,2,9,32800,32782,00000,00000
BCN,8783,3693,064103,2,8,134531,2,9,32800,32782,00000,00000
BCN,8784,0000,064103,2,8,134531,2,9,32800,32782,00000,00000
BCN,8785,0000,064103,2,8,134531,2,9,32800,32782,00000,00000
BCN,8786,0000,064103,2,8,134531,2,9,32800,32782,00000,00000
BCN,8787,0000,066294,2,9,122696,2,9,32800,32782,00000,00000
BCN,8788,0000,066294,2,9,122696,2,9,32800,32782,00000,00000
BCN,8789,3969,066294,2,9,122696,2,9,32800,32782,00000,00000
BCN,8790,3485,066294,2,9,122696,2,9,32800,32782,00000,00000
BCN,8791,3816,066294,2,9,122696,2,9,32800,32782,00000,00000
BCN,8792,0000,066294,2,9,122696,2,9,32800,32782,00000,00000
BCN,8793,3840,066294,2,9,122696,2,9,32800,32782,00000,00000
BCN,8794,0000,060202,2,8,115405,2,8,32799,32782,00000,00000
BCN,8795,3894,060202,2,8,115405,2,8,32799,32782,00000,00000
BCN,8796,3518,060202,2,8,115405,2,8,32799,32782,00000,00000
BCN,8797,3381,060202,2,8,115405,2,8,32799,32782,00000,00000
BCN,8798,0000,060202,2,8,115405,2,8,32799,32782,00000,00000
BCN,8799,3753,060202,2,8,115405,2,8,32799,32782,00000,00000
BCN,8800,3550,066268,2,9,104649,2,7,32800,32782,00000,00000
BCN,8801,3663,066268,2,9,104649,2,7,32800,32782,00000,00000
BCN,8802,0000,066268,2,9,104649,2,7,32800,32782,00000,00000
BCN,8803,3702,066268,2,9,104649,2,7,32800,32782,00000,00000
BCN,8804,3573,066268,2,9,104649,2,7,32800,32782,00000,00000
BCN,8805,3944,066268,2,9,104649,2,7,32800,32782,00000,00000
BCN,8806,0000,066385,2,9,119652,2,8,32800,32781,00000,00000
BCN,8807,0000,066385,2,9,119652,2,8,32800,32781,00000,00000
BCN,8808,0000,066385,2,9,119652,2,8,32800,32781,00000,00000
BCN,8809,0000,066385,2,9,119652,2,8,32800,32781,00000,00000
BCN,8810,3882,066385,2,9,119652,2,8,32800,32781,00000,00000
BCN,8811,3437,066385,2,9,119652,2,8,32800,32781,00000,00000
BCN,8812,3693,060267,2,8,128639,2,9,32799,32781,00000,00000
BCN,8813,3913,060267,2,8,128639,2,9,32799,32781,00000,00000
BCN,8814,3547,060267,2,8,128639,2,9,32799,32781,00000,00000
BCN,8815,0000,060267,2,8,128639,2,9,32799,32781,00000,00000
BCN,8816,0000,060267,2,8,128639,2,9,32799,32781,00000,00000
BCN,8817,3864,060267,2,8,128639,2,9,32799,32781,00000,00000
BCN,8818,0000,064181,2,8,131333,2,9,32800,32781,00000,00000
BCN,8819,0000,064181,2,8,131333,2,9,32800,32781,00000,00000
BCN,8820,3912,064181,2,8,131333,2,9,32800,32781,00000,00000
BCN,8821,0000,064181,2,8,131333,2,9,32800,32781,00000,00000
BCN,8822,0000,064181,2,8,131333,2,9,32800,32781,00000,00000
BCN,8823,3739,064181,2,8,131333,2,9,32800,32781,00000,00000
BCN,8824,0000,066346,2,9,124854,2,9,32800,32781,00000,00000
BCN,8825,0000,066346,2,9,124854,2,9,32800,32781,00000,00000
BCN,8826,3445,066346,2,9,124854,2,9,32800,32781,00000,00000
BCN,8827,0000,066346,2,9,124854,2,9,32800,32781,00000,00000
BCN,8828,0000,066346,2,9,124854,2,9,32800,32781,00000,00000
BCN,8829,0000,066346,2,9,124854,2,9,32800,32781,00000,00000
BCN,8830,0000,066346,2,9,124854,2,9,32800,32781,00000,00000
BCN,8831,0000,060241,2,8,115682,2,8,32799,32781,00000,00000
BCN,8832,3563,060241,2,8,115682,2,8,32799,32781,00000,00000
BCN,8833,3749,060241,2,8,115682,2,8,32799,32781,00000,00000
BCN,8834,3761,060241,2,8,115682,2,8,32799,32781,00000,00000
BCN,8835,0000,060241,2,8,115682,2,8,32799,32781,00000,00000
BCN,8836,3421,060241,2,8,115682,2,8,32799,32781,00000,00000
BCN,8837,3928,064155,2,8,104743,2,7,32800,32781,00000,00000
BCN,8838,3487,064155,2,8,104743,2,7,32800,32781,00000,00000
BCN,8839,0000,064155,2,8,104743,2,7,32800,32781,00000,00000
BCN,8840,3733,064155,2,8,104743,2,7,32800,32781,00000,00000
BCN,8841,3700,064155,2,8,104743,2,7,32800,32781,00000,00000
BCN,8842,3558,064155,2,8,104743,2,7,32800,32781,00000,00000
BCN,8843,0000,066333,2,9,120014,2,8,32800,32780,00000,00000
BCN,8844,0000,066333,2,9,120014,2,8,32800,32780,00000,00000
BCN,8845,0000,066333,2,9,120014,2,8,32800,32780,00000,00000
BCN,8846,0000,066333,2,9,120014,2,8,32800,32780,00000,00000
BCN,8847,3538,066333,2,9,120014,2,8,32800,32780,00000,00000
BCN,8848,3439,066333,2,9,120014,2,8,32800,32780,00000,00000
BCN,8849,0000,060228,2,8,127142,2,9,32799,32780,00000,00000
BCN,8850,0000,060228,2,8,127142,2,9,32799,32780,00000,00000
BCN,8851,0000,060228,2,8,127142,2,9,32799,32780,00000,00000
BCN,8852,0000,060228,2,8,127142,2,9,32799,32780,00000,00000
BCN,8853,3518,060228,2,8,127142,2,9,32799,32780,00000,00000
BCN,8854,3734,060228,2,8,127142,2,9,32799,32780,00000,00000
BCN,8855,3501,066294,2,9,130551,2,9,32800,32780,00000,00000
BCN,8856,3485,066294,2,9,130551,2,9,32800,32780,00000,00000
BCN,8857,3686,066294,2,9,130551,2,9,32800,32780,00000,00000
BCN,8858,0000,066294,2,9,130551,2,9,32800,32780,00000,00000
BCN,8859,0000,066294,2,9,130551,2,9,32800,32780,00000,00000
BCN,8860,0000,066294,2,9,130551,2,9,32800,32780,00000,00000
BCN,8861,0000,066216,2,9,123270,2,9,32800,32780,00000,00000
BCN,8862,0000,066216,2,9,123270,2,9,32800,32780,00000,00000
BCN,8863,0000,066216,2,9,123270,2,9,32800,32780,00000,00000
BCN,8864,0000,066216,2,9,123270,2,9,32800,32780,00000,00000
BCN,8865,0000,066216,2,9,123270,2,9,32800,32780,00000,00000
BCN,8866,0000,066216,2,9,123270,2,9,32800,32780,00000,00000
BCN,8867,0000,066216,2,9,123270,2,9,32800,32780,00000,00000
BCN,8868,3877,060137,2,8,048815,2,3,32799,32780,00000,00000
BCN,8869,3774,060137,2,8,048815,2,3,32799,32780,00000,00000
BCN,8870,3515,060137,2,8,048815,2,3,32799,32780,00000,00000
BCN,8871,0000,060137,2,8,048815,2,3,32799,32780,00000,00000
BCN,8872,3674,060137,2,8,048815,2,3,32799,32780,00000,00000
BCN,8873,3703,060137,2,8,048815,2,3,32799,32780,00000,00000
BCN,8874,3469,066216,2,9,130818,2,9,32800,32769,00000,00000
BCN,8875,0000,066216,2,9,130818,2,9,32800,32769,00000,00000
BCN,8876,3794,066216,2,9,130818,2,9,32800,32769,00000,00000
BCN,8877,3645,066216,2,9,130818,2,9,32800,32769,00000,00000
BCN,8878,3692,066216,2,9,130818,2,9,32800,32769,00000,00000
BCN,8879,0000,066216,2,9,130818,2,9,32800,32769,00000,00000
BCN,8880,0000,064220,2,8,129384,2,9,32800,32769,00000,00000
BCN,8881,0000,064220,2,8,129384,2,9,32800,32769,00000,00000
BCN,8882,0000,064220,2,8,129384,2,9,32800,32769,00000,00000
BCN,8883,3513,064220,2,8,129384,2,9,32800,32769,00000,00000
BCN,8884,3327,064220,2,8,129384,2,9,32800,32769,00000,00000
BCN,8885,3748,064220,2,8,129384,2,9,32800,32769,00000,00000
BCN,8886,3974,060176,2,8,122915,2,9,32799,32769,00000,00000
BCN,8887,3738,060176,2,8,122915,2,9,32799,32769,00000,00000
BCN,8888,0000,060176,2,8,122915,2,9,32799,32769,00000,00000
BCN,8889,0000,060176,2,8,122915,2,9,32799,32769,00000,00000
BCN,8890,3551,060176,2,8,122915,2,9,32799,32769,00000,00000
BCN,8891,3549,060176,2,8,122915,2,9,32799,32769,00000,00000
BCN,8892,3924,066242,2,9,115846,2,8,32800,32769,00000,00000
BCN,8893,3739,066242,2,9,115846,2,8,32800,32769,00000,00000
BCN,8894,0000,066242,2,9,115846,2,8,32800,32769,00000,00000
BCN,8895,0000,066242,2,9,115846,2,8,32800,32769,00000,00000
BCN,8896,3980,066242,2,9,115846,2,8,32800,32769,00000,00000
BCN,8897,0000,066242,2,9,115846,2,8,32800,32769,00000,00000
BCN,8898,0000,064233,2,8,107653,2,8,32800,32769,00000,00000
BCN,8899,3778,064233,2,8,107653,2,8,32800,32769,00000,00000
BCN,8900,0000,064233,2,8,107653,2,8,32800,32769,00000,00000
BCN,8901,0000,064233,2,8,107653,2,8,32800,32769,00000,00000
BCN,8902,0000,064233,2,8,107653,2,8,32800,32769,00000,00000
BCN,8903,0000,064233,2,8,107653,2,8,32800,32769,00000,00000
BCN,8904,0000,064233,2,8,107653,2,8,32800,32769,00000,00000
BCN,8905,3515,060189,2,8,115089,2,8,32799,32768,00000,00000
BCN,8906,3693,060189,2,8,115089,2,8,32799,32768,00000,00000
BCN,8907,3623,060189,2,8,115089,2,8,32799,32768,00000,00000
BCN,8908,0000,060189,2,8,115089,2,8,32799,32768,00000,00000
BCN,8909,3880,060189,2,8,115089,2,8,32799,32768,00000,00000
BCN,8910,3695,060189,2,8,115089,2,8,32799,32768,00000,00000
BCN,8911,3883,064116,2,8,124438,2,9,32800,32768,00000,00000
BCN,8912,0000,064116,2,8,124438,2,9,32800,32768,00000,00000
BCN,8913,3438,064116,2,8,124438,2,9,32800,32768,00000,00000
BCN,8914,3802,064116,2,8,124438,2,9,32800,32768,00000,00000
BCN,8915,3858,064116,2,8,124438,2,9,32800,32768,00000,00000
BCN,8916,0000,064116,2,8,124438,2,9,32800,32768,00000,00000
BCN,8917,3362,066307,2,9,131761,2,9,32800,32768,00000,00000
BCN,8918,0000,066307,2,9,131761,2,9,32800,32768,00000,00000
BCN,8919,3566,066307,2,9,131761,2,9,32800,32768,00000,00000
BCN,8920,3876,066307,2,9,131761,2,9,32800,32768,00000,00000
BCN,8921,3810,066307,2,9,131761,2,9,32800,32768,00000,00000
BCN,8922,0000,066307,2,9,131761,2,9,32800,32768,00000,00000
BCN,8923,0000,060215,2,8,129202,2,9,32799,32768,00000,00000
BCN,8924,0000,060215,2,8,129202,2,9,32799,32768,00000,00000
BCN,8925,0000,060215,2,8,129202,2,9,32799,32768,00000,00000
BCN,8926,3547,060215,2,8,129202,2,9,32799,32768,00000,00000
BCN,8927,3693,060215,2,8,129202,2,9,32799,32768,00000,00000
BCN,8928,3877,060215,2,8,129202,2,9,32799,32768,00000,00000
BCN,8929,3798,064129,2,8,122994,2,9,32800,32768,00000,00000
BCN,8930,3865,064129,2,8,122994,2,9,32800,32768,00000,00000
BCN,8931,0000,064129,2,8,122994,2,9,32800,32768,00000,00000
BCN,8932,0000,064129,2,8,122994,2,9,32800,32768,00000,00000
BCN,8933,4032,064129,2,8,122994,2,9,32800,32768,00000,00000
BCN,8934,0000,064129,2,8,122994,2,9,32800,32768,00000,00000
BCN,8935,0000,066320,2,9,116229,2,8,32800,32768,00000,00000
BCN,8936,3850,066320,2,9,116229,2,8,32800,32768,00000,00000
BCN,8937,0000,066320,2,9,116229,2,8,32800,32768,00000,00000
BCN,8938,0000,066320,2,9,116229,2,8,32800,32768,00000,00000
BCN,8939,0000,066320,2,9,116229,2,8,32800,32768,00000,00000
BCN,8940,0000,066320,2,9,116229,2,8,32800,32768,00000,00000
BCN,8941,0000,066320,2,9,116229,2,8,32800,32768,00000,00000
BCN,8942,3803,060215,2,8,112870,2,8,32799,32768,00000,00000
BCN,8943,3777,060215,2,8,112870,2,8,32799,32768,00000,00000
BCN,8944,3422,060215,2,8,112870,2,8,32799,32768,00000,00000
BCN,8945,0000,060215,2,8,112870,2,8,32799,32768,00000,00000
BCN,8946,0000,060215,2,8,112870,2,8,32799,32768,00000,00000
BCN,8947,0000,060215,2,8,112870,2,8,32799,32768,00000,00000
BCN,8948,3693,064142,2,8,114672,2,8,32800,32767,00000,00000
BCN,8949,3694,064142,2,8,114672,2,8,32800,32767,00000,00000
BCN,8950,3550,064142,2,8,114672,2,8,32800,32767,00000,00000
BCN,8951,0000,064142,2,8,114672,2,8,32800,32767,00000,00000
BCN,8952,3686,064142,2,8,114672,2,8,32800,32767,00000,00000
BCN,8953,3702,064142,2,8,114672,2,8,32800,32767,00000,00000
BCN,8954,3567,066320,2,9,118859,2,8,32800,32768,00000,00000
BCN,8955,0000,066320,2,9,118859,2,8,32800,32768,00000,00000
BCN,8956,4000,066320,2,9,118859,2,8,32800,32768,00000,00000
BCN,8957,3913,066320,2,9,118859,2,8,32800,32768,00000,00000
BCN,8958,3917,066320,2,9,118859,2,8,32800,32768,00000,00000
BCN,8959,0000,066320,2,9,118859,2,8,32800,32768,00000,00000
BCN,8960,0000,060228,2,8,130941,2,9,32799,32768,00000,00000
BCN,8961,0000,060228,2,8,130941,2,9,32799,32768,00000,00000
BCN,8962,0000,060228,2,8,130941,2,9,32799,32768,00000,00000
BCN,8963,3686,060228,2,8,130941,2,9,32799,32768,00000,00000
BCN,8964,3725,060228,2,8,130941,2,9,32799,32768,00000,00000
BCN,8965,3766,060228,2,8,130941,2,9,32799,32768,00000,00000
BCN,8966,3777,064142,2,8,128153,2,9,32800,32768,00000,00000
BCN,8967,3531,064142,2,8,128153,2,9,32800,32768,00000,00000
BCN,8968,0000,064142,2,8,128153,2,9,32800,32768,00000,00000
BCN,8969,0000,064142,2,8,128153,2,9,32800,32768,00000,00000
BCN,8970,3698,064142,2,8,128153,2,9,32800,32768,00000,00000
BCN,8971,3496,064142,2,8,128153,2,9,32800,32768,00000,00000
BCN,8972,3801,066333,2,9,122966,2,9,32800,32768,00000,00000
BCN,8973,3732,066333,2,9,122966,2,9,32800,32768,00000,00000
BCN,8974,0000,066333,2,9,122966,2,9,32800,32768,00000,00000
BCN,8975,0000,066333,2,9,122966,2,9,32800,32768,00000,00000
BCN,8976,3800,066333,2,9,122966,2,9,32800,32768,00000,00000
BCN,8977,0000,066333,2,9,122966,2,9,32800,32768,00000,00000
BCN,8978,0000,066333,2,9,122966,2,9,32800,32768,00000,00000
BCN,8979,3873,060228,2,8,112163,2,8,32799,32768,00000,00000
BCN,8980,0000,060228,2,8,112163,2,8,32799,32768,00000,00000
BCN,8981,0000,060228,2,8,112163,2,8,32799,32768,00000,00000
BCN,8982,0000,060228,2,8,112163,2,8,32799,32768,00000,00000
BCN,8983,0000,060228,2,8,112163,2,8,32799,32768,00000,00000
BCN,8984,0000,060228,2,8,112163,2,8,32799,32768,00000,00000
BCN,8985,3582,064142,2,8,104633,2,7,32800,32767,00000,00000
BCN,8986,3510,064142,2,8,104633,2,7,32800,32767,00000,00000
BCN,8987,3741,064142,2,8,104633,2,7,32800,32767,00000,00000
BCN,8988,0000,064142,2,8,104633,2,7,32800,32767,00000,00000
BCN,8989,3794,064142,2,8,104633,2,7,32800,32767,00000,00000
BCN,8990,3860,064142,2,8,104633,2,7,32800,32767,00000,00000
BCN,8991,3702,066333,2,9,122051,2,9,32800,32768,00000,00000
BCN,8992,0000,066333,2,9,122051,2,9,32800,32768,00000,00000
BCN,8993,3515,066333,2,9,122051,2,9,32800,32768,00000,00000
BCN,8994,3913,066333,2,9,122051,2,9,32800,32768,00000,00000
BCN,8995,3731,066333,2,9,122051,2,9,32800,32768,00000,00000
BCN,8996,0000,066333,2,9,122051,2,9,32800,32768,00000,00000
BCN,8997,0000,060228,2,8,127900,2,9,32799,32768,00000,00000
BCN,8998,0000,060228,2,8,127900,2,9,32799,32768,00000,00000
BCN,8999,3844,060228,2,8,127900,2,9,32799,32768,00000,00000
BCN,9000,3451,060228,2,8,127900,2,9,32799,32768,00000,00000
BCN,9001,3511,060228,2,8,127900,2,9,32799,32768,00000,00000
BCN,9002,0000,060228,2,8,127900,2,9,32799,32768,00000,00000
BCN,9003,0000,064142,2,8,129793,2,9,32800,32768,00000,00000
BCN,9004,0000,064142,2,8,129793,2,9,32800,32768,00000,00000
BCN,9005,0000,064142,2,8,129793,2,9,32800,32768,00000,00000
BCN,9006,3912,064142,2,8,129793,2,9,32800,32768,00000,00000
BCN,9007,3658,064142,2,8,129793,2,9,32800,32768,00000,00000
BCN,9008,3327,064142,2,8,129793,2,9,32800,32768,00000,00000
BCN,9009,3533,066333,2,9,125740,2,9,32800,32768,00000,00000
BCN,9010,3509,066333,2,9,125740,2,9,32800,32768,00000,00000
BCN,9011,0000,066333,2,9,125740,2,9,32800,32768,00000,00000
BCN,9012,0000,066333,2,9,125740,2,9,32800,32768,00000,00000
BCN,9013,3920,066333,2,9,125740,2,9,32800,32768,00000,00000
BCN,9014,0000,066333,2,9,125740,2,9,32800,32768,00000,00000
BCN,9015,0000,066333,2,9,125740,2,9,32800,32768,00000,00000
BCN,9016,3661,062185,2,8,121866,2,9,32799,32768,00000,00000
BCN,9017,0000,062185,2,8,121866,2,9,32799,32768,00000,00000
BCN,9018,0000,062185,2,8,121866,2,9,32799,32768,00000,00000
BCN,9019,0000,062185,2,8,121866,2,9,32799,32768,00000,00000
BCN,9020,0000,062185,2,8,121866,2,9,32799,32768,00000,00000
BCN,9021,0000,062185,2,8,121866,2,9,32799,32768,00000,00000
BCN,9022,3875,064077,2,8,111710,2,8,32800,32768,00000,00000
BCN,9023,3690,064077,2,8,111710,2,8,32800,32768,00000,00000
BCN,9024,3674,064077,2,8,111710,2,8,32800,32768,00000,00000
BCN,9025,0000,064077,2,8,111710,2,8,32800,32768,00000,00000
BCN,9026,0000,064077,2,8,111710,2,8,32800,32768,00000,00000
BCN,9027,0000,064077,2,8,111710,2,8,32800,32768,00000,00000
BCN,9028,3453,066281,2,9,109650,2,8,32800,32767,00000,00000
BCN,9029,3550,066281,2,9,109650,2,8,32800,32767,00000,00000
BCN,9030,3519,066281,2,9,109650,2,8,32800,32767,00000,00000
BCN,9031,0000,066281,2,9,109650,2,8,32800,32767,00000,00000
BCN,9032,3765,066281,2,9,109650,2,8,32800,32767,00000,00000
BCN,9033,3874,066281,2,9,109650,2,8,32800,32767,00000,00000
BCN,9034,3723,060189,2,8,122867,2,9,32799,32768,00000,00000
BCN,9035,0000,060189,2,8,122867,2,9,32799,32768,00000,00000
BCN,9036,3723,060189,2,8,122867,2,9,32799,32768,00000,00000
BCN,9037,3380,060189,2,8,122867,2,9,32799,32768,00000,00000
BCN,9038,3794,060189,2,8,122867,2,9,32799,32768,00000,00000
BCN,9039,0000,060189,2,8,122867,2,9,32799,32768,00000,00000
BCN,9040,0000,064116,2,8,125753,2,9,32800,32768,00000,00000
BCN,9041,0000,064116,2,8,125753,2,9,32800,32768,00000,00000
BCN,9042,0000,064116,2,8,125753,2,9,32800,32768,00000,00000
BCN,9043,3734,064116,2,8,125753,2,9,32800,32768,00000,00000
BCN,9044,3501,064116,2,8,125753,2,9,32800,32768,00000,00000
BCN,9045,3531,064116,2,8,125753,2,9,32800,32768,00000,00000
BCN,9046,3653,066307,2,9,129645,2,9,32800,32768,00000,00000
BCN,9047,3533,066307,2,9,129645,2,9,32800,32768,00000,00000
BCN,9048,0000,066307,2,9,129645,2,9,32800,32768,00000,00000
BCN,9049,0000,066307,2,9,129645,2,9,32800,32768,00000,00000
BCN,9050,3785,066307,2,9,129645,2,9,32800,32768,00000,00000
BCN,9051,0000,066307,2,9,129645,2,9,32800,32768,00000,00000
BCN,9052,3244,066307,2,9,129645,2,9,32800,32768,00000,00000
BCN,9053,3565,060215,2,8,123347,2,9,32799,32768,00000,00000
BCN,9054,0000,060215,2,8,123347,2,9,32799,32768,00000,00000
BCN,9055,0000,060215,2,8,123347,2,9,32799,32768,00000,00000
BCN,9056,3565,060215,2,8,123347,2,9,32799,32768,00000,00000
BCN,9057,0000,060215,2,8,123347,2,9,32799,32768,00000,00000
BCN,9058,0000,060215,2,8,123347,2,9,32799,32768,00000,00000
BCN,9059,3970,064129,2,8,121853,2,9,32800,32768,00000,00000
BCN,9060,0000,064129,2,8,121853,2,9,32800,32768,00000,00000
BCN,9061,0000,064129,2,8,121853,2,9,32800,32768,00000,00000
BCN,9062,0000,064129,2,8,121853,2,9,32800,32768,00000,00000
BCN,9063,0000,064129,2,8,121853,2,9,32800,32768,00000,00000
BCN,9064,0000,064129,2,8,121853,2,9,32800,32768,00000,00000
BCN,9065,3795,066320,2,9,113175,2,8,32800,32768,00000,00000
BCN,9066,3685,066320,2,9,113175,2,8,32800,32768,00000,00000
BCN,9067,3659,066320,2,9,113175,2,8,32800,32768,00000,00000
BCN,9068,0000,066320,2,9,113175,2,8,32800,32768,00000,00000
BCN,9069,3789,066320,2,9,113175,2,8,32800,32768,00000,00000
BCN,9070,3542,066320,2,9,113175,2,8,32800,32768,00000,00000
BCN,9071,3984,060215,2,8,111808,2,8,32799,32767,00000,00000
BCN,9072,0000,060215,2,8,111808,2,8,32799,32767,00000,00000
BCN,9073,3735,060215,2,8,111808,2,8,32799,32767,00000,00000
BCN,9074,3764,060215,2,8,111808,2,8,32799,32767,00000,00000
BCN,9075,3827,060215,2,8,111808,2,8,32799,32767,00000,00000
BCN,9076,0000,060215,2,8,111808,2,8,32799,32767,00000,00000
BCN,9077,0000,064142,2,8,123399,2,9,32800,32768,00000,00000
BCN,9078,0000,064142,2,8,123399,2,9,32800,32768,00000,00000
BCN,9079,3797,064142,2,8,123399,2,9,32800,32768,00000,00000
BCN,9080,3884,064142,2,8,123399,2,9,32800,32768,00000,00000
BCN,9081,3732,064142,2,8,123399,2,9,32800,32768,00000,00000
BCN,9082,0000,064142,2,8,123399,2,9,32800,32768,00000,00000
BCN,9083,0000,066320,2,9,130785,2,9,32800,32768,00000,00000
BCN,9084,0000,066320,2,9,130785,2,9,32800,32768,00000,00000
BCN,9085,0000,066320,2,9,130785,2,9,32800,32768,00000,00000
BCN,9086,3817,066320,2,9,130785,2,9,32800,32768,00000,00000
BCN,9087,3930,066320,2,9,130785,2,9,32800,32768,00000,00000
BCN,9088,3936,066320,2,9,130785,2,9,32800,32768,00000,00000
BCN,9089,3684,066320,2,9,130785,2,9,32800,32768,00000,00000
BCN,9090,3709,060228,2,8,135215,2,9,32799,32768,00000,00000
BCN,9091,0000,060228,2,8,135215,2,9,32799,32768,00000,00000
BCN,9092,0000,060228,2,8,135215,2,9,32799,32768,00000,00000
BCN,9093,3579,060228,2,8,135215,2,9,32799,32768,00000,00000
BCN,9094,0000,060228,2,8,135215,2,9,32799,32768,00000,00000
BCN,9095,0000,060228,2,8,135215,2,9,32799,32768,00000,00000
BCN,9096,3483,064142,2,8,123602,2,9,32800,32768,00000,00000
BCN,9097,0000,064142,2,8,123602,2,9,32800,32768,00000,00000
BCN,9098,0000,064142,2,8,123602,2,9,32800,32768,00000,00000
BCN,9099,0000,064142,2,8,123602,2,9,32800,32768,00000,00000
BCN,9100,0000,064142,2,8,123602,2,9,32800,32768,00000,00000
BCN,9101,0000,064142,2,8,123602,2,9,32800,32768,00000,00000
BCN,9102,3725,066320,2,9,117217,2,8,32800,32768,00000,00000
BCN,9103,3810,066320,2,9,117217,2,8,32800,32768,00000,00000
BCN,9104,3517,066320,2,9,117217,2,8,32800,32768,00000,00000
BCN,9105,0000,066320,2,9,117217,2,8,32800,32768,00000,00000
BCN,9106,3914,066320,2,9,117217,2,8,32800,32768,00000,00000
BCN,9107,0000,066320,2,9,117217,2,8,32800,32768,00000,00000
BCN,9108,3889,062185,2,8,113082,2,8,32799,32768,00000,00000
BCN,9109,3877,062185,2,8,113082,2,8,32799,32768,00000,00000
BCN,9110,3789,062185,2,8,113082,2,8,32799,32768,00000,00000
BCN,9111,0000,062185,2,8,113082,2,8,32799,32768,00000,00000
BCN,9112,3785,062185,2,8,113082,2,8,32799,32768,00000,00000
BCN,9113,3579,062185,2,8,113082,2,8,32799,32768,00000,00000
BCN,9114,3579,064077,2,8,112211,2,8,32800,32767,00000,00000
BCN,9115,0000,064077,2,8,112211,2,8,32800,32767,00000,00000
BCN,9116,3740,064077,2,8,112211,2,8,32800,32767,00000,00000
BCN,9117,3577,064077,2,8,112211,2,8,32800,32767,00000,00000
BCN,9118,3447,064077,2,8,112211,2,8,32800,32767,00000,00000
BCN,9119,0000,064077,2,8,112211,2,8,32800,32767,00000,00000
BCN,9120,0000,066281,2,9,122542,2,9,32800,32768,00000,00000
BCN,9121,0000,066281,2,9,122542,2,9,32800,32768,00000,00000
BCN,9122,0000,066281,2,9,122542,2,9,32800,32768,00000,00000
BCN,9123,3495,066281,2,9,122542,2,9,32800,32768,00000,00000
BCN,9124,3676,066281,2,9,122542,2,9,32800,32768,00000,00000
BCN,9125,3263,066281,2,9,122542,2,9,32800,32768,00000,00000
BCN,9126,3914,066281,2,9,122542,2,9,32800,32768,00000,00000
BCN,9127,3694,064116,2,8,128960,2,9,32799,32768,00000,00000
BCN,9128,0000,064116,2,8,128960,2,9,32799,32768,00000,00000
BCN,9129,0000,064116,2,8,128960,2,9,32799,32768,00000,00000
BCN,9130,3675,064116,2,8,128960,2,9,32799,32768,00000,00000
BCN,9131,0000,064116,2,8,128960,2,9,32799,32768,00000,00000
BCN,9132,0000,064116,2,8,128960,2,9,32799,32768,00000,00000
BCN,9133,3693,061834,2,8,133049,2,9,32800,32768,00000,00000
BCN,9134,0000,061834,2,8,133049,2,9,32800,32768,00000,00000
BCN,9135,0000,061834,2,8,133049,2,9,32800,32768,00000,00000
BCN,9136,3862,061834,2,8,133049,2,9,32800,32768,00000,00000
BCN,9137,0000,061834,2,8,133049,2,9,32800,32768,00000,00000
BCN,9138,0000,061834,2,8,133049,2,9,32800,32768,00000,00000
BCN,9139,3446,063986,2,8,123199,2,9,32800,32768,00000,00000
BCN,9140,0000,063986,2,8,123199,2,9,32800,32768,00000,00000
BCN,9141,0000,063986,2,8,123199,2,9,32800,32768,00000,00000
BCN,9142,0000,063986,2,8,123199,2,9,32800,32768,00000,00000
BCN,9143,0000,063986,2,8,123199,2,9,32800,32768,00000,00000
BCN,9144,0000,063986,2,8,123199,2,9,32800,32768,00000,00000
BCN,9145,3685,063934,2,8,123832,2,9,32799,32768,00000,00000
BCN,9146,3517,063934,2,8,123832,2,9,32799,32768,00000,00000
BCN,9147,3478,063934,2,8,123832,2,9,32799,32768,00000,00000
BCN,9148,0000,063934,2,8,123832,2,9,32799,32768,00000,00000
BCN,9149,3703,063934,2,8,123832,2,9,32799,32768,00000,00000
BCN,9150,3510,063934,2,8,123832,2,9,32799,32768,00000,00000
BCN,9151,3508,061704,2,8,111314,2,8,32800,32768,00000,00000
BCN,9152,0000,061704,2,8,111314,2,8,32800,32768,00000,00000
BCN,9153,3795,061704,2,8,111314,2,8,32800,32768,00000,00000
BCN,9154,3563,061704,2,8,111314,2,8,32800,32768,00000,00000
BCN,9155,3914,061704,2,8,111314,2,8,32800,32768,00000,00000
BCN,9156,0000,061704,2,8,111314,2,8,32800,32768,00000,00000
BCN,9157,0000,061743,2,8,109843,2,8,32800,32768,00000,00000
BCN,9158,0000,061743,2,8,109843,2,8,32800,32768,00000,00000
BCN,9159,0000,061743,2,8,109843,2,8,32800,32768,00000,00000
BCN,9160,3748,061743,2,8,109843,2,8,32800,32768,00000,00000
BCN,9161,3986,061743,2,8,109843,2,8,32800,32768,00000,00000
BCN,9162,0000,061743,2,8,109843,2,8,32800,32768,00000,00000
BCN,9163,0000,061743,2,8,109843,2,8,32800,32768,00000,00000
BCN,9164,0000,063791,2,8,115629,2,8,32799,32767,00000,00000
BCN,9165,0000,063791,2,8,115629,2,8,32799,32767,00000,00000
BCN,9166,3319,063791,2,8,115629,2,8,32799,32767,00000,00000
BCN,9167,3501,063791,2,8,115629,2,8,32799,32767,00000,00000
BCN,9168,3740,063791,2,8,115629,2,8,32799,32767,00000,00000
BCN,9169,3944,063791,2,8,115629,2,8,32799,32767,00000,00000
BCN,9170,3434,059669,2,8,116026,2,8,32799,32768,00000,00000
BCN,9171,0000,059669,2,8,116026,2,8,32799,32768,00000,00000
BCN,9172,0000,059669,2,8,116026,2,8,32799,32768,00000,00000
BCN,9173,3511,059669,2,8,116026,2,8,32799,32768,00000,00000
BCN,9174,0000,059669,2,8,116026,2,8,32799,32768,00000,00000
BCN,9175,0000,059669,2,8,116026,2,8,32799,32768,00000,00000
BCN,9176,3547,059630,2,8,128788,2,9,32800,32768,00000,00000
BCN,9177,0000,059630,2,8,128788,2,9,32800,32768,00000,00000
BCN,9178,0000,059630,2,8,128788,2,9,32800,32768,00000,00000
BCN,9179,0000,059630,2,8,128788,2,9,32800,32768,00000,00000
BCN,9180,0000,059630,2,8,128788,2,9,32800,32768,00000,00000
BCN,9181,0000,059630,2,8,128788,2,9,32800,32768,00000,00000
BCN,9182,3670,061730,2,8,126504,2,9,32800,32768,00000,00000
BCN,9183,3786,061730,2,8,126504,2,9,32800,32768,00000,00000
BCN,9184,3502,061730,2,8,126504,2,9,32800,32768,00000,00000
BCN,9185,0000,061730,2,8,126504,2,9,32800,32768,00000,00000
BCN,9186,3323,061730,2,8,126504,2,9,32800,32768,00000,00000
BCN,9187,3984,061730,2,8,126504,2,9,32800,32768,00000,00000
BCN,9188,3519,063778,2,8,123960,2,9,32799,32768,00000,00000
BCN,9189,3788,063778,2,8,123960,2,9,32799,32768,00000,00000
BCN,9190,3483,063778,2,8,123960,2,9,32799,32768,00000,00000
BCN,9191,0000,063778,2,8,123960,2,9,32799,32768,00000,00000
BCN,9192,3693,063778,2,8,123960,2,9,32799,32768,00000,00000
BCN,9193,3859,063778,2,8,123960,2,9,32799,32768,00000,00000
BCN,9194,3739,061808,2,8,113273,2,8,32799,32768,00000,00000
BCN,9195,0000,061808,2,8,113273,2,8,32799,32768,00000,00000
BCN,9196,3799,061808,2,8,113273,2,8,32799,32768,00000,00000
BCN,9197,3737,061808,2,8,113273,2,8,32799,32768,00000,00000
BCN,9198,3674,061808,2,8,113273,2,8,32799,32768,00000,00000
BCN,9199,0000,061808,2,8,113273,2,8,32799,32768,00000,00000
BCN,9200,0000,061808,2,8,113273,2,8,32799,32768,00000,00000
BCN,9201,0000,072165,2,9,106883,2,8,32800,32767,00000,00000
BCN,9202,0000,072165,2,9,106883,2,8,32800,32767,00000,00000
BCN,9203,3691,072165,2,9,106883,2,8,32800,32767,00000,00000
BCN,9204,3858,072165,2,9,106883,2,8,32800,32767,00000,00000
BCN,9205,3503,072165,2,9,106883,2,8,32800,32767,00000,00000
BCN,9206,3970,072165,2,9,106883,2,8,32800,32767,00000,00000
BCN,9207,3675,066021,2,9,123711,2,9,32800,32768,00000,00000
BCN,9208,0000,066021,2,9,123711,2,9,32800,32768,00000,00000
BCN,9209,0000,066021,2,9,123711,2,9,32800,32768,00000,00000
BCN,9210,3679,066021,2,9,123711,2,9,32800,32768,00000,00000
BCN,9211,0000,066021,2,9,123711,2,9,32800,32768,00000,00000
BCN,9212,0000,066021,2,9,123711,2,9,32800,32768,00000,00000
BCN,9213,3984,066203,2,9,127250,2,9,32800,32768,00000,00000
BCN,9214,0000,066203,2,9,127250,2,9,32800,32768,00000,00000
BCN,9215,0000,066203,2,9,127250,2,9,32800,32768,00000,00000
BCN,9216,3549,066203,2,9,127250,2,9,32800,32768,00000,00000
BCN,9217,0000,066203,2,9,127250,2,9,32800,32768,00000,00000
BCN,9218,0000,066203,2,9,127250,2,9,32800,32768,00000,00000
BCN,9219,3669,060137,2,8,129856,2,9,32799,32768,00000,00000
BCN,9220,0000,060137,2,8,129856,2,9,32799,32768,00000,00000
BCN,9221,0000,060137,2,8,129856,2,9,32799,32768,00000,00000
BCN,9222,0000,060137,2,8,129856,2,9,32799,32768,00000,00000
BCN,9223,0000,060137,2,8,129856,2,9,32799,32768,00000,00000
BCN,9224,0000,060137,2,8,129856,2,9,32799,32768,00000,00000
BCN,9225,3872,064077,2,8,124457,2,9,32800,32768,00000,00000
BCN,9226,3581,064077,2,8,124457,2,9,32800,32768,00000,00000
BCN,9227,3327,064077,2,8,124457,2,9,32800,32768,00000,00000
BCN,9228,0000,064077,2,8,124457,2,9,32800,32768,00000,00000
BCN,9229,3509,064077,2,8,124457,2,9,32800,32768,00000,00000
BCN,9230,3327,064077,2,8,124457,2,9,32800,32768,00000,00000
BCN,9231,3371,066281,2,9,120221,2,8,32800,32768,00000,00000
BCN,9232,0000,066281,2,9,120221,2,8,32800,32768,00000,00000
BCN,9233,3311,066281,2,9,120221,2,8,32800,32768,00000,00000
BCN,9234,3706,066281,2,9,120221,2,8,32800,32768,00000,00000
BCN,9235,3511,066281,2,9,120221,2,8,32800,32768,00000,00000
BCN,9236,0000,066281,2,9,120221,2,8,32800,32768,00000,00000
BCN,9237,0000,066281,2,9,120221,2,8,32800,32768,00000,00000
BCN,9238,0000,062146,2,8,109191,2,8,32799,32768,00000,00000
BCN,9239,0000,062146,2,8,109191,2,8,32799,32768,00000,00000
BCN,9240,3881,062146,2,8,109191,2,8,32799,32768,00000,00000
BCN,9241,3828,062146,2,8,109191,2,8,32799,32768,00000,00000
BCN,9242,0000,062146,2,8,109191,2,8,32799,32768,00000,00000
BCN,9243,0000,062146,2,8,109191,2,8,32799,32768,00000,00000
BCN,9244,0000,064051,2,8,109812,2,8,32800,32767,00000,00000
BCN,9245,0000,064051,2,8,109812,2,8,32800,32767,00000,00000
BCN,9246,3668,064051,2,8,109812,2,8,32800,32767,00000,00000
BCN,9247,3309,064051,2,8,109812,2,8,32800,32767,00000,00000
BCN,9248,3657,064051,2,8,109812,2,8,32800,32767,00000,00000
BCN,9249,3780,064051,2,8,109812,2,8,32800,32767,00000,00000
BCN,9250,3454,066255,2,9,121008,2,8,32800,32768,00000,00000
BCN,9251,0000,066255,2,9,121008,2,8,32800,32768,00000,00000
BCN,9252,0000,066255,2,9,121008,2,8,32800,32768,00000,00000
BCN,9253,3686,066255,2,9,121008,2,8,32800,32768,00000,00000
BCN,9254,0000,066255,2,9,121008,2,8,32800,32768,00000,00000
BCN,9255,0000,066255,2,9,121008,2,8,32800,32768,00000,00000
BCN,9256,3899,062133,2,8,128773,2,9,32799,32768,00000,00000
BCN,9257,0000,062133,2,8,128773,2,9,32799,32768,00000,00000
BCN,9258,0000,062133,2,8,128773,2,9,32799,32768,00000,00000
BCN,9259,0000,062133,2,8,128773,2,9,32799,32768,00000,00000
BCN,9260,0000,062133,2,8,128773,2,9,32799,32768,00000,00000
BCN,9261,0000,062133,2,8,128773,2,9,32799,32768,00000,00000
BCN,9262,3734,064038,2,8,130901,2,9,32800,32768,00000,00000
BCN,9263,3673,064038,2,8,130901,2,9,32800,32768,00000,00000
BCN,9264,3784,064038,2,8,130901,2,9,32800,32768,00000,00000
BCN,9265,0000,064038,2,8,130901,2,9,32800,32768,00000,00000
BCN,9266,3516,064038,2,8,130901,2,9,32800,32768,00000,00000
BCN,9267,3325,064038,2,8,130901,2,9,32800,32768,00000,00000
BCN,9268,3766,064103,2,8,122087,2,9,32800,32768,00000,00000
BCN,9269,3327,064103,2,8,122087,2,9,32800,32768,00000,00000
BCN,9270,4033,064103,2,8,122087,2,9,32800,32768,00000,00000
BCN,9271,0000,064103,2,8,122087,2,9,32800,32768,00000,00000
BCN,9272,3636,064103,2,8,122087,2,9,32800,32768,00000,00000
BCN,9273,3534,064103,2,8,122087,2,9,32800,32768,00000,00000
BCN,9274,3574,064103,2,8,122087,2,9,32800,32768,00000,00000
BCN,9275,0000,064025,2,8,115567,2,8,32799,32768,00000,00000
BCN,9276,3547,064025,2,8,115567,2,8,32799,32768,00000,00000
BCN,9277,3382,064025,2,8,115567,2,8,32799,32768,00000,00000
BCN,9278,3627,064025,2,8,115567,2,8,32799,32768,00000,00000
BCN,9279,0000,064025,2,8,115567,2,8,32799,32768,00000,00000
BCN,9280,0000,064025,2,8,115567,2,8,32799,32768,00000,00000
BCN,9281,0000,061769,2,8,107445,2,8,32800,32768,00000,00000
BCN,9282,0000,061769,2,8,107445,2,8,32800,32768,00000,00000
BCN,9283,3862,061769,2,8,107445,2,8,32800,32768,00000,00000
BCN,9284,3497,061769,2,8,107445,2,8,32800,32768,00000,00000
BCN,9285,3692,061769,2,8,107445,2,8,32800,32768,00000,00000
BCN,9286,3511,061769,2,8,107445,2,8,32800,32768,00000,00000
BCN,9287,3518,063934,2,8,116059,2,8,32800,32767,00000,00000
BCN,9288,0000,063934,2,8,116059,2,8,32800,32767,00000,00000
BCN,9289,0000,063934,2,8,116059,2,8,32800,32767,00000,00000
BCN,9290,3693,063934,2,8,116059,2,8,32800,32767,00000,00000
BCN,9291,0000,063934,2,8,116059,2,8,32800,32767,00000,00000
BCN,9292,0000,063934,2,8,116059,2,8,32800,32767,00000,00000
BCN,9293,3549,063895,2,8,119555,2,8,32799,32768,00000,00000
BCN,9294,0000,063895,2,8,119555,2,8,32799,32768,00000,00000
BCN,9295,0000,063895,2,8,119555,2,8,32799,32768,00000,00000
BCN,9296,0000,063895,2,8,119555,2,8,32799,32768,00000,00000
BCN,9297,0000,063895,2,8,119555,2,8,32799,32768,00000,00000
BCN,9298,0000,063895,2,8,119555,2,8,32799,32768,00000,00000
BCN,9299,3546,061678,2,8,132351,2,9,32800,32768,00000,00000
BCN,9300,0000,061678,2,8,132351,2,9,32800,32768,00000,00000
BCN,9301,0000,061678,2,8,132351,2,9,32800,32768,00000,00000
BCN,9302,0000,061678,2,8,132351,2,9,32800,32768,00000,00000
BCN,9303,0000,061678,2,8,132351,2,9,32800,32768,00000,00000
BCN,9304,0000,061678,2,8,132351,2,9,32800,32768,00000,00000
BCN,9305,3905,063869,2,8,129590,2,9,32800,32768,00000,00000
BCN,9306,3311,063869,2,8,129590,2,9,32800,32768,00000,00000
BCN,9307,3326,063869,2,8,129590,2,9,32800,32768,00000,00000
BCN,9308,0000,063869,2,8,129590,2,9,32800,32768,00000,00000
BCN,9309,3793,063869,2,8,129590,2,9,32800,32768,00000,00000
BCN,9310,3670,063869,2,8,129590,2,9,32800,32768,00000,00000
BCN,9311,3677,063869,2,8,129590,2,9,32800,32768,00000,00000
BCN,9312,0000,063843,2,8,121682,2,9,32799,32768,00000,00000
BCN,9313,3881,063843,2,8,121682,2,9,32799,32768,00000,00000
BCN,9314,3794,063843,2,8,121682,2,9,32799,32768,00000,00000
BCN,9315,3550,063843,2,8,121682,2,9,32799,32768,00000,00000
BCN,9316,0000,063843,2,8,121682,2,9,32799,32768,00000,00000
BCN,9317,0000,063843,2,8,121682,2,9,32799,32768,00000,00000
BCN,9318,0000,061639,2,8,111985,2,8,32800,32768,00000,00000
BCN,9319,0000,061639,2,8,111985,2,8,32800,32768,00000,00000
BCN,9320,3944,061639,2,8,111985,2,8,32800,32768,00000,00000
BCN,9321,3738,061639,2,8,111985,2,8,32800,32768,00000,00000
BCN,9322,3519,061639,2,8,111985,2,8,32800,32768,00000,00000
BCN,9323,3575,061639,2,8,111985,2,8,32800,32768,00000,00000
BCN,9324,0000,063843,2,8,112841,2,8,32800,32768,00000,00000
BCN,9325,0000,063843,2,8,112841,2,8,32800,32768,00000,00000
BCN,9326,3695,063843,2,8,112841,2,8,32800,32768,00000,00000
BCN,9327,3318,063843,2,8,112841,2,8,32800,32768,00000,00000
BCN,9328,3661,063843,2,8,112841,2,8,32800,32768,00000,00000
BCN,9329,3757,063843,2,8,112841,2,8,32800,32768,00000,00000
BCN,9330,3872,063817,2,8,111539,2,8,32799,32767,00000,00000
BCN,9331,0000,063817,2,8,111539,2,8,32799,32767,00000,00000
BCN,9332,0000,063817,2,8,111539,2,8,32799,32767,00000,00000
BCN,9333,3734,063817,2,8,111539,2,8,32799,32767,00000,00000
BCN,9334,0000,063817,2,8,111539,2,8,32799,32767,00000,00000
BCN,9335,0000,063817,2,8,111539,2,8,32799,32767,00000,00000
BCN,9336,3880,059708,2,8,123765,2,9,32799,32768,00000,00000
BCN,9337,0000,059708,2,8,123765,2,9,32799,32768,00000,00000
BCN,9338,0000,059708,2,8,123765,2,9,32799,32768,00000,00000
BCN,9339,0000,059708,2,8,123765,2,9,32799,32768,00000,00000
BCN,9340,0000,059708,2,8,123765,2,9,32799,32768,00000,00000
BCN,9341,0000,059708,2,8,123765,2,9,32799,32768,00000,00000
BCN,9342,3936,069974,2,9,130186,2,9,32800,32768,00000,00000
BCN,9343,3674,069974,2,9,130186,2,9,32800,32768,00000,00000
BCN,9344,3775,069974,2,9,130186,2,9,32800,32768,00000,00000
BCN,9345,0000,069974,2,9,130186,2,9,32800,32768,00000,00000
BCN,9346,3669,069974,2,9,130186,2,9,32800,32768,00000,00000
BCN,9347,3677,069974,2,9,130186,2,9,32800,32768,00000,00000
BCN,9348,3850,069974,2,9,130186,2,9,32800,32768,00000,00000
BCN,9349,0000,063791,2,8,134409,2,9,32800,32768,00000,00000
BCN,9350,3487,063791,2,8,134409,2,9,32800,32768,00000,00000
BCN,9351,0000,063791,2,8,134409,2,9,32800,32768,00000,00000
BCN,9352,3506,063791,2,8,134409,2,9,32800,32768,00000,00000
BCN,9353,3878,063791,2,8,134409,2,9,32800,32768,00000,00000
BCN,9354,3913,063791,2,8,134409,2,9,32800,32768,00000,00000
BCN,9355,0000,065696,2,9,123750,2,9,32800,32768,00000,00000
BCN,9356,3510,065696,2,9,123750,2,9,32800,32768,00000,00000
BCN,9357,3542,065696,2,9,123750,2,9,32800,32768,00000,00000
BCN,9358,3323,065696,2,9,123750,2,9,32800,32768,00000,00000
BCN,9359,0000,065696,2,9,123750,2,9,32800,32768,00000,00000
BCN,9360,0000,065696,2,9,123750,2,9,32800,32768,00000,00000
BCN,9361,0000,061665,2,8,115862,2,8,32800,32768,00000,00000
BCN,9362,0000,061665,2,8,115862,2,8,32800,32768,00000,00000
BCN,9363,3509,061665,2,8,115862,2,8,32800,32768,00000,00000
BCN,9364,3819,061665,2,8,115862,2,8,32800,32768,00000,00000
BCN,9365,3881,061665,2,8,115862,2,8,32800,32768,00000,00000
BCN,9366,3905,061665,2,8,115862,2,8,32800,32768,00000,00000
BCN,9367,3816,063726,2,8,110432,2,8,32799,32768,00000,00000
BCN,9368,0000,063726,2,8,110432,2,8,32799,32768,00000,00000
BCN,9369,0000,063726,2,8,110432,2,8,32799,32768,00000,00000
BCN,9370,3499,063726,2,8,110432,2,8,32799,32768,00000,00000
BCN,9371,0000,063726,2,8,110432,2,8,32799,32768,00000,00000
BCN,9372,0000,063726,2,8,110432,2,8,32799,32768,00000,00000
BCN,9373,3763,061548,2,8,116895,2,8,32800,32767,00000,00000
BCN,9374,0000,061548,2,8,116895,2,8,32800,32767,00000,00000
BCN,9375,0000,061548,2,8,116895,2,8,32800,32767,00000,00000
BCN,9376,0000,061548,2,8,116895,2,8,32800,32767,00000,00000
BCN,9377,0000,061548,2,8,116895,2,8,32800,32767,00000,00000
BCN,9378,0000,061548,2,8,116895,2,8,32800,32767,00000,00000
BCN,9379,3734,061626,2,8,121335,2,8,32800,32768,00000,00000
BCN,9380,0000,061626,2,8,121335,2,8,32800,32768,00000,00000
BCN,9381,0000,061626,2,8,121335,2,8,32800,32768,00000,00000
BCN,9382,0000,061626,2,8,121335,2,8,32800,32768,00000,00000
BCN,9383,0000,061626,2,8,121335,2,8,32800,32768,00000,00000
BCN,9384,0000,061626,2,8,121335,2,8,32800,32768,00000,00000
BCN,9385,3511,061626,2,8,121335,2,8,32800,32768,00000,00000
BCN,9386,3702,063700,2,8,131344,2,9,32799,32768,00000,00000
BCN,9387,3734,063700,2,8,131344,2,9,32799,32768,00000,00000
BCN,9388,0000,063700,2,8,131344,2,9,32799,32768,00000,00000
BCN,9389,3494,063700,2,8,131344,2,9,32799,32768,00000,00000
BCN,9390,3730,063700,2,8,131344,2,9,32799,32768,00000,00000
BCN,9391,3790,063700,2,8,131344,2,9,32799,32768,00000,00000
BCN,9392,0000,059604,2,8,132928,2,9,32799,32768,00000,00000
BCN,9393,3670,059604,2,8,132928,2,9,32799,32768,00000,00000
BCN,9394,3444,059604,2,8,132928,2,9,32799,32768,00000,00000
BCN,9395,3801,059604,2,8,132928,2,9,32799,32768,00000,00000
BCN,9396,0000,059604,2,8,132928,2,9,32799,32768,00000,00000
BCN,9397,0000,059604,2,8,132928,2,9,32799,32768,00000,00000
BCN,9398,0000,069909,2,9,124286,2,9,32800,32768,00000,00000
BCN,9399,0000,069909,2,9,124286,2,9,32800,32768,00000,00000
BCN,9400,3670,069909,2,9,124286,2,9,32800,32768,00000,00000
BCN,9401,3659,069909,2,9,124286,2,9,32800,32768,00000,00000
BCN,9402,3979,069909,2,9,124286,2,9,32800,32768,00000,00000
BCN,9403,3574,069909,2,9,124286,2,9,32800,32768,00000,00000
BCN,9404,3446,063739,2,8,116120,2,8,32800,32768,00000,00000
BCN,9405,0000,063739,2,8,116120,2,8,32800,32768,00000,00000
BCN,9406,3806,063739,2,8,116120,2,8,32800,32768,00000,00000
BCN,9407,3916,063739,2,8,116120,2,8,32800,32768,00000,00000
BCN,9408,3852,063739,2,8,116120,2,8,32800,32768,00000,00000
BCN,9409,3751,063739,2,8,116120,2,8,32800,32768,00000,00000
BCN,9410,3888,067783,2,9,111667,2,8,32800,32768,00000,00000
BCN,9411,0000,067783,2,9,111667,2,8,32800,32768,00000,00000
BCN,9412,0000,067783,2,9,111667,2,8,32800,32768,00000,00000
BCN,9413,3485,067783,2,9,111667,2,8,32800,32768,00000,00000
BCN,9414,0000,067783,2,9,111667,2,8,32800,32768,00000,00000
BCN,9415,0000,067783,2,9,111667,2,8,32800,32768,00000,00000
BCN,9416,3990,061704,2,8,113496,2,8,32800,32767,00000,00000
BCN,9417,0000,061704,2,8,113496,2,8,32800,32767,00000,00000
BCN,9418,0000,061704,2,8,113496,2,8,32800,32767,00000,00000
BCN,9419,0000,061704,2,8,113496,2,8,32800,32767,00000,00000
BCN,9420,0000,061704,2,8,113496,2,8,32800,32767,00000,00000
BCN,9421,0000,061704,2,8,113496,2,8,32800,32767,00000,00000
BCN,9422,3741,061704,2,8,113496,2,8,32800,32767,00000,00000
BCN,9423,3510,063752,2,8,124668,2,9,32799,32768,00000,00000
BCN,9424,3447,063752,2,8,124668,2,9,32799,32768,00000,00000
BCN,9425,0000,063752,2,8,124668,2,9,32799,32768,00000,00000
BCN,9426,3778,063752,2,8,124668,2,9,32799,32768,00000,00000
BCN,9427,3922,063752,2,8,124668,2,9,32799,32768,00000,00000
BCN,9428,3509,063752,2,8,124668,2,9,32799,32768,00000,00000
BCN,9429,0000,061795,2,8,131381,2,9,32799,32768,00000,00000
BCN,9430,3793,061795,2,8,131381,2,9,32799,32768,00000,00000
BCN,9431,3801,061795,2,8,131381,2,9,32799,32768,00000,00000
BCN,9432,3723,061795,2,8,131381,2,9,32799,32768,00000,00000
BCN,9433,4063,061795,2,8,131381,2,9,32799,32768,00000,00000
BCN,9434,3318,061795,2,8,131381,2,9,32799,32768,00000,00000
BCN,9435,0000,072152,2,9,134962,2,9,32800,32768,00000,00000
BCN,9436,3486,072152,2,9,134962,2,9,32800,32768,00000,00000
BCN,9437,3890,072152,2,9,134962,2,9,32800,32768,00000,00000
BCN,9438,3788,072152,2,9,134962,2,9,32800,32768,00000,00000
BCN,9439,0000,072152,2,9,134962,2,9,32800,32768,00000,00000
BCN,9440,0000,072152,2,9,134962,2,9,32800,32768,00000,00000
BCN,9441,0000,066021,2,9,124869,2,9,32800,32768,00000,00000
BCN,9442,0000,066021,2,9,124869,2,9,32800,32768,00000,00000
BCN,9443,3793,066021,2,9,124869,2,9,32800,32768,00000,00000
BCN,9444,3802,066021,2,9,124869,2,9,32800,32768,00000,00000
BCN,9445,3782,066021,2,9,124869,2,9,32800,32768,00000,00000
BCN,9446,3750,066021,2,9,124869,2,9,32800,32768,00000,00000
BCN,9447,3501,064064,2,8,116639,2,8,32800,32768,00000,00000
BCN,9448,0000,064064,2,8,116639,2,8,32800,32768,00000,00000
BCN,9449,0000,064064,2,8,116639,2,8,32800,32768,00000,00000
BCN,9450,3479,064064,2,8,116639,2,8,32800,32768,00000,00000
BCN,9451,0000,064064,2,8,116639,2,8,32800,32768,00000,00000
BCN,9452,0000,064064,2,8,116639,2,8,32800,32768,00000,00000
BCN,9453,3697,060059,2,8,113188,2,8,32799,32768,00000,00000
BCN,9454,0000,060059,2,8,113188,2,8,32799,32768,00000,00000
BCN,9455,0000,060059,2,8,113188,2,8,32799,32768,00000,00000
BCN,9456,0000,060059,2,8,113188,2,8,32799,32768,00000,00000
BCN,9457,0000,060059,2,8,113188,2,8,32799,32768,00000,00000
BCN,9458,0000,060059,2,8,113188,2,8,32799,32768,00000,00000
BCN,9459,3731,060059,2,8,113188,2,8,32799,32768,00000,00000
BCN,9460,0000,066164,2,9,115665,2,8,32800,32767,00000,00000
BCN,9461,0000,066164,2,9,115665,2,8,32800,32767,00000,00000
BCN,9462,0000,066164,2,9,115665,2,8,32800,32767,00000,00000
BCN,9463,0000,066164,2,9,115665,2,8,32800,32767,00000,00000
BCN,9464,0000,066164,2,9,115665,2,8,32800,32767,00000,00000
BCN,9465,3661,066164,2,9,115665,2,8,32800,32767,00000,00000
BCN,9466,3673,066307,2,9,116832,2,8,32800,32768,00000,00000
BCN,9467,3785,066307,2,9,116832,2,8,32800,32768,00000,00000
BCN,9468,0000,066307,2,9,116832,2,8,32800,32768,00000,00000
BCN,9469,3993,066307,2,9,116832,2,8,32800,32768,00000,00000
BCN,9470,3968,066307,2,9,116832,2,8,32800,32768,00000,00000
BCN,9471,3661,066307,2,9,116832,2,8,32800,32768,00000,00000
BCN,9472,0000,060215,2,8,130908,2,9,32799,32768,00000,00000
BCN,9473,3693,060215,2,8,130908,2,9,32799,32768,00000,00000
BCN,9474,3909,060215,2,8,130908,2,9,32799,32768,00000,00000
BCN,9475,3891,060215,2,8,130908,2,9,32799,32768,00000,00000
BCN,9476,0000,060215,2,8,130908,2,9,32799,32768,00000,00000
BCN,9477,0000,060215,2,8,130908,2,9,32799,32768,00000,00000
BCN,9478,0000,066268,2,9,127826,2,9,32800,32768,00000,00000
BCN,9479,0000,066268,2,9,127826,2,9,32800,32768,00000,00000
BCN,9480,3515,066268,2,9,127826,2,9,32800,32768,00000,00000
BCN,9481,3787,066268,2,9,127826,2,9,32800,32768,00000,00000
BCN,9482,3878,066268,2,9,127826,2,9,32800,32768,00000,00000
BCN,9483,3858,066268,2,9,127826,2,9,32800,32768,00000,00000
BCN,9484,3510,066385,2,9,123357,2,9,32800,32768,00000,00000
BCN,9485,0000,066385,2,9,123357,2,9,32800,32768,00000,00000
BCN,9486,0000,066385,2,9,123357,2,9,32800,32768,00000,00000
BCN,9487,3510,066385,2,9,123357,2,9,32800,32768,00000,00000
BCN,9488,3877,066385,2,9,123357,2,9,32800,32768,00000,00000
BCN,9489,3487,066385,2,9,123357,2,9,32800,32768,00000,00000
BCN,9490,3517,060267,2,8,111700,2,8,32799,32768,00000,00000
BCN,9491,0000,060267,2,8,111700,2,8,32799,32768,00000,00000
BCN,9492,0000,060267,2,8,111700,2,8,32799,32768,00000,00000
BCN,9493,3628,060267,2,8,111700,2,8,32799,32768,00000,00000
BCN,9494,0000,060267,2,8,111700,2,8,32799,32768,00000,00000
BCN,9495,0000,060267,2,8,111700,2,8,32799,32768,00000,00000
BCN,9496,3787,060267,2,8,111700,2,8,32799,32768,00000,00000
BCN,9497,0000,064181,2,8,105155,2,7,32800,32768,00000,00000
BCN,9498,0000,064181,2,8,105155,2,7,32800,32768,00000,00000
BCN,9499,0000,064181,2,8,105155,2,7,32800,32768,00000,00000
BCN,9500,0000,064181,2,8,105155,2,7,32800,32768,00000,00000
BCN,9501,0000,064181,2,8,105155,2,7,32800,32768,00000,00000
BCN,9502,3853,064181,2,8,105155,2,7,32800,32768,00000,00000
BCN,9503,3798,066346,2,9,113596,2,8,32800,32767,00000,00000
BCN,9504,3510,066346,2,9,113596,2,8,32800,32767,00000,00000
BCN,9505,0000,066346,2,9,113596,2,8,32800,32767,00000,00000
BCN,9506,3757,066346,2,9,113596,2,8,32800,32767,00000,00000
BCN,9507,3423,066346,2,9,113596,2,8,32800,32767,00000,00000
BCN,9508,3890,066346,2,9,113596,2,8,32800,32767,00000,00000
BCN,9509,0000,060241,2,8,117798,2,8,32799,32768,00000,00000
BCN,9510,3513,060241,2,8,117798,2,8,32799,32768,00000,00000
BCN,9511,3858,060241,2,8,117798,2,8,32799,32768,00000,00000
BCN,9512,3686,060241,2,8,117798,2,8,32799,32768,00000,00000
BCN,9513,0000,060241,2,8,117798,2,8,32799,32768,00000,00000
BCN,9514,3588,060241,2,8,117798,2,8,32799,32768,00000,00000
BCN,9515,0000,064155,2,8,131312,2,9,32800,32768,00000,00000
BCN,9516,3507,064155,2,8,131312,2,9,32800,32768,00000,00000
BCN,9517,3881,064155,2,8,131312,2,9,32800,32768,00000,00000
BCN,9518,3670,064155,2,8,131312,2,9,32800,32768,00000,00000
BCN,9519,0000,064155,2,8,131312,2,9,32800,32768,00000,00000
BCN,9520,0000,064155,2,8,131312,2,9,32800,32768,00000,00000
BCN,9521,0000,066333,2,9,131006,2,9,32800,32768,00000,00000
BCN,9522,0000,066333,2,9,131006,2,9,32800,32768,00000,00000
BCN,9523,3820,066333,2,9,131006,2,9,32800,32768,00000,00000
BCN,9524,3635,066333,2,9,131006,2,9,32800,32768,00000,00000
BCN,9525,3909,066333,2,9,131006,2,9,32800,32768,00000,00000
BCN,9526,3451,066333,2,9,131006,2,9,32800,32768,00000,00000
BCN,9527,3673,060228,2,8,123924,2,9,32799,32768,00000,00000
BCN,9528,0000,060228,2,8,123924,2,9,32799,32768,00000,00000
BCN,9529,0000,060228,2,8,123924,2,9,32799,32768,00000,00000
BCN,9530,3510,060228,2,8,123924,2,9,32799,32768,00000,00000
BCN,9531,0000,060228,2,8,123924,2,9,32799,32768,00000,00000
BCN,9532,0000,060228,2,8,123924,2,9,32799,32768,00000,00000
BCN,9533,3893,060228,2,8,123924,2,9,32799,32768,00000,00000
BCN,9534,0000,064155,2,8,114438,2,8,32800,32768,00000,00000
BCN,9535,0000,064155,2,8,114438,2,8,32800,32768,00000,00000
BCN,9536,0000,064155,2,8,114438,2,8,32800,32768,00000,00000
BCN,9537,0000,064155,2,8,114438,2,8,32800,32768,00000,00000
BCN,9538,0000,064155,2,8,114438,2,8,32800,32768,00000,00000
BCN,9539,3661,064155,2,8,114438,2,8,32800,32768,00000,00000
BCN,9540,3814,066333,2,9,108238,2,8,32800,32768,00000,00000
BCN,9541,0000,066333,2,9,108238,2,8,32800,32768,00000,00000
BCN,9542,0000,066333,2,9,108238,2,8,32800,32768,00000,00000
BCN,9543,0000,066333,2,9,108238,2,8,32800,32768,00000,00000
BCN,9544,0000,066333,2,9,108238,2,8,32800,32768,00000,00000
BCN,9545,3784,066333,2,9,108238,2,8,32800,32768,00000,00000
BCN,9546,3519,060228,2,8,116091,2,8,32799,32767,00000,00000
BCN,9547,3637,060228,2,8,116091,2,8,32799,32767,00000,00000
BCN,9548,0000,060228,2,8,116091,2,8,32799,32767,00000,00000
BCN,9549,3609,060228,2,8,116091,2,8,32799,32767,00000,00000
BCN,9550,3327,060228,2,8,116091,2,8,32799,32767,00000,00000
BCN,9551,3974,060228,2,8,116091,2,8,32799,32767,00000,00000
BCN,9552,0000,064142,2,8,116147,2,8,32800,32768,00000,00000
BCN,9553,3483,064142,2,8,116147,2,8,32800,32768,00000,00000
BCN,9554,3515,064142,2,8,116147,2,8,32800,32768,00000,00000
BCN,9555,3517,064142,2,8,116147,2,8,32800,32768,00000,00000
BCN,9556,0000,064142,2,8,116147,2,8,32800,32768,00000,00000
BCN,9557,0000,064142,2,8,116147,2,8,32800,32768,00000,00000
BCN,9558,0000,066333,2,9,129909,2,9,32800,32768,00000,00000
BCN,9559,0000,066333,2,9,129909,2,9,32800,32768,00000,00000
BCN,9560,3770,066333,2,9,129909,2,9,32800,32768,00000,00000
BCN,9561,3796,066333,2,9,129909,2,9,32800,32768,00000,00000
BCN,9562,3570,066333,2,9,129909,2,9,32800,32768,00000,00000
BCN,9563,3810,066333,2,9,129909,2,9,32800,32768,00000,00000
BCN,9564,3691,060228,2,8,131020,2,9,32799,32768,00000,00000
BCN,9565,0000,060228,2,8,131020,2,9,32799,32768,00000,00000
BCN,9566,0000,060228,2,8,131020,2,9,32799,32768,00000,00000
BCN,9567,3794,060228,2,8,131020,2,9,32799,32768,00000,00000
BCN,9568,0000,060228,2,8,131020,2,9,32799,32768,00000,00000
BCN,9569,3581,060228,2,8,131020,2,9,32799,32768,00000,00000
BCN,9570,3749,060228,2,8,131020,2,9,32799,32768,00000,00000
BCN,9571,0000,064142,2,8,123094,2,9,32800,32768,00000,00000
BCN,9572,0000,064142,2,8,123094,2,9,32800,32768,00000,00000
BCN,9573,3780,064142,2,8,123094,2,9,32800,32768,00000,00000
BCN,9574,0000,064142,2,8,123094,2,9,32800,32768,00000,00000
BCN,9575,0000,064142,2,8,123094,2,9,32800,32768,00000,00000
BCN,9576,3510,064142,2,8,123094,2,9,32800,32768,00000,00000
BCN,9577,0000,066333,2,9,115766,2,8,32800,32768,00000,00000
BCN,9578,0000,066333,2,9,115766,2,8,32800,32768,00000,00000
BCN,9579,0000,066333,2,9,115766,2,8,32800,32768,00000,00000
BCN,9580,0000,066333,2,9,115766,2,8,32800,32768,00000,00000
BCN,9581,0000,066333,2,9,115766,2,8,32800,32768,00000,00000
BCN,9582,3672,066333,2,9,115766,2,8,32800,32768,00000,00000
BCN,9583,3453,060228,2,8,112192,2,8,32799,32768,00000,00000
BCN,9584,3263,060228,2,8,112192,2,8,32799,32768,00000,00000
BCN,9585,0000,060228,2,8,112192,2,8,32799,32768,00000,00000
BCN,9586,3928,060228,2,8,112192,2,8,32799,32768,00000,00000
BCN,9587,3518,060228,2,8,112192,2,8,32799,32768,00000,00000
BCN,9588,3796,060228,2,8,112192,2,8,32799,32768,00000,00000
BCN,9589,0000,066281,2,9,117212,2,8,32800,32767,00000,00000
BCN,9590,3906,066281,2,9,117212,2,8,32800,32767,00000,00000
BCN,9591,3676,066281,2,9,117212,2,8,32800,32767,00000,00000
BCN,9592,3970,066281,2,9,117212,2,8,32800,32767,00000,00000
BCN,9593,0000,066281,2,9,117212,2,8,32800,32767,00000,00000
BCN,9594,0000,066281,2,9,117212,2,8,32800,32767,00000,00000
BCN,9595,0000,066398,2,9,118084,2,8,32800,32768,00000,00000
BCN,9596,3649,066398,2,9,118084,2,8,32800,32768,00000,00000
BCN,9597,3503,066398,2,9,118084,2,8,32800,32768,00000,00000
BCN,9598,3515,066398,2,9,118084,2,8,32800,32768,00000,00000
BCN,9599,0000,066398,2,9,118084,2,8,32800,32768,00000,00000
BCN,9600,0000,066398,2,9,118084,2,8,32800,32768,00000,00000
BCN,9601,0000,060280,2,8,132672,2,9,32799,32768,00000,00000
BCN,9602,0000,060280,2,8,132672,2,9,32799,32768,00000,00000
BCN,9603,3547,060280,2,8,132672,2,9,32799,32768,00000,00000
BCN,9604,3547,060280,2,8,132672,2,9,32799,32768,00000,00000
BCN,9605,3940,060280,2,8,132672,2,9,32799,32768,00000,00000
BCN,9606,3794,060280,2,8,132672,2,9,32799,32768,00000,00000
BCN,9607,3423,060280,2,8,132672,2,9,32799,32768,00000,00000
BCN,9608,0000,064181,2,8,134040,2,9,32800,32768,00000,00000
BCN,9609,0000,064181,2,8,134040,2,9,32800,32768,00000,00000
BCN,9610,3389,064181,2,8,134040,2,9,32800,32768,00000,00000
BCN,9611,0000,064181,2,8,134040,2,9,32800,32768,00000,00000
BCN,9612,0000,064181,2,8,134040,2,9,32800,32768,00000,00000
BCN,9613,3502,064181,2,8,134040,2,9,32800,32768,00000,00000
BCN,9614,0000,066359,2,9,124092,2,9,32800,32768,00000,00000
BCN,9615,0000,066359,2,9,124092,2,9,32800,32768,00000,00000
BCN,9616,0000,066359,2,9,124092,2,9,32800,32768,00000,00000
BCN,9617,0000,066359,2,9,124092,2,9,32800,32768,00000,00000
BCN,9618,0000,066359,2,9,124092,2,9,32800,32768,00000,00000
BCN,9619,3323,066359,2,9,124092,2,9,32800,32768,00000,00000
BCN,9620,3674,060241,2,8,118842,2,8,32799,32768,00000,00000
BCN,9621,3877,060241,2,8,118842,2,8,32799,32768,00000,00000
BCN,9622,0000,060241,2,8,118842,2,8,32799,32768,00000,00000
BCN,9623,0438,060241,2,8,118842,2,8,32799,32768,00000,00000
BCN,9624,0000,060241,2,8,118842,2,8,32799,32768,00000,00000
BCN,9625,3758,060241,2,8,118842,2,8,32799,32768,00000,00000
BCN,9626,3812,064155,2,8,112173,2,8,32800,32768,00000,00000
BCN,9627,3691,064155,2,8,112173,2,8,32800,32768,00000,00000
BCN,9628,0000,064155,2,8,112173,2,8,32800,32768,00000,00000
BCN,9629,3574,064155,2,8,112173,2,8,32800,32768,00000,00000
BCN,9630,3661,064155,2,8,112173,2,8,32800,32768,00000,00000
BCN,9631,3675,064155,2,8,112173,2,8,32800,32768,00000,00000
BCN,9632,0000,066346,2,9,115557,2,8,32800,32767,00000,00000
BCN,9633,3803,066346,2,9,115557,2,8,32800,32767,00000,00000
BCN,9634,3821,066346,2,9,115557,2,8,32800,32767,00000,00000
BCN,9635,3669,066346,2,9,115557,2,8,32800,32767,00000,00000
BCN,9636,0000,066346,2,9,115557,2,8,32800,32767,00000,00000
BCN,9637,0000,066346,2,9,115557,2,8,32800,32767,00000,00000
BCN,9638,0000,060241,2,8,119714,2,8,32799,32768,00000,00000
BCN,9639,0000,060241,2,8,119714,2,8,32799,32768,00000,00000
BCN,9640,3311,060241,2,8,119714,2,8,32799,32768,00000,00000
BCN,9641,3852,060241,2,8,119714,2,8,32799,32768,00000,00000
BCN,9642,3926,060241,2,8,119714,2,8,32799,32768,00000,00000
BCN,9643,3800,060241,2,8,119714,2,8,32799,32768,00000,00000
BCN,9644,3690,060241,2,8,119714,2,8,32799,32768,00000,00000
BCN,9645,0000,064155,2,8,131469,2,9,32800,32768,00000,00000
BCN,9646,0000,064155,2,8,131469,2,9,32800,32768,00000,00000
BCN,9647,3798,064155,2,8,131469,2,9,32800,32768,00000,00000
BCN,9648,0000,064155,2,8,131469,2,9,32800,32768,00000,00000
BCN,9649,0000,064155,2,8,131469,2,9,32800,32768,00000,00000
BCN,9650,3924,064155,2,8,131469,2,9,32800,32768,00000,00000
BCN,9651,0000,066333,2,9,130962,2,9,32800,32768,00000,00000
BCN,9652,0000,066333,2,9,130962,2,9,32800,32768,00000,00000
BCN,9653,3453,066333,2,9,130962,2,9,32800,32768,00000,00000
BCN,9654,0000,066333,2,9,130962,2,9,32800,32768,00000,00000
BCN,9655,0000,066333,2,9,130962,2,9,32800,32768,00000,00000
BCN,9656,3668,066333,2,9,130962,2,9,32800,32768,00000,00000
BCN,9657,0000,062198,2,8,123441,2,9,32799,32768,00000,00000
BCN,9658,0000,062198,2,8,123441,2,9,32799,32768,00000,00000
BCN,9659,0000,062198,2,8,123441,2,9,32799,32768,00000,00000
BCN,9660,0000,062198,2,8,123441,2,9,32799,32768,00000,00000
BCN,9661,0000,062198,2,8,123441,2,9,32799,32768,00000,00000
BCN,9662,3866,062198,2,8,123441,2,9,32799,32768,00000,00000
BCN,9663,3793,064090,2,8,116899,2,8,32800,32768,00000,00000
BCN,9664,3638,064090,2,8,116899,2,8,32800,32768,00000,00000
BCN,9665,0000,064090,2,8,116899,2,8,32800,32768,00000,00000
BCN,9666,3793,064090,2,8,116899,2,8,32800,32768,00000,00000
BCN,9667,3892,064090,2,8,116899,2,8,32800,32768,00000,00000
BCN,9668,3309,064090,2,8,116899,2,8,32800,32768,00000,00000
BCN,9669,0000,066281,2,9,109275,2,8,32800,32768,00000,00000
BCN,9670,3675,066281,2,9,109275,2,8,32800,32768,00000,00000
BCN,9671,3737,066281,2,9,109275,2,8,32800,32768,00000,00000
BCN,9672,3762,066281,2,9,109275,2,8,32800,32768,00000,00000
BCN,9673,0000,066281,2,9,109275,2,8,32800,32768,00000,00000
BCN,9674,0000,066281,2,9,109275,2,8,32800,32768,00000,00000
BCN,9675,0000,060189,2,8,116927,2,8,32799,32767,00000,00000
BCN,9676,0000,060189,2,8,116927,2,8,32799,32767,00000,00000
BCN,9677,3697,060189,2,8,116927,2,8,32799,32767,00000,00000
BCN,9678,3748,060189,2,8,116927,2,8,32799,32767,00000,00000
BCN,9679,0000,060189,2,8,116927,2,8,32799,32767,00000,00000
BCN,9680,0000,060189,2,8,116927,2,8,32799,32767,00000,00000
BCN,9681,0000,060189,2,8,116927,2,8,32799,32767,00000,00000
BCN,9682,0000,064116,2,8,116201,2,8,32800,32768,00000,00000
BCN,9683,3558,064116,2,8,116201,2,8,32800,32768,00000,00000
BCN,9684,3518,064116,2,8,116201,2,8,32800,32768,00000,00000
BCN,9685,3444,064116,2,8,116201,2,8,32800,32768,00000,00000
BCN,9686,3785,064116,2,8,116201,2,8,32800,32768,00000,00000
BCN,9687,3551,064116,2,8,116201,2,8,32800,32768,00000,00000
BCN,9688,0000,066307,2,9,130268,2,9,32800,32768,00000,00000
BCN,9689,0000,066307,2,9,130268,2,9,32800,32768,00000,00000
BCN,9690,3707,066307,2,9,130268,2,9,32800,32768,00000,00000
BCN,9691,0000,066307,2,9,130268,2,9,32800,32768,00000,00000
BCN,9692,0000,066307,2,9,130268,2,9,32800,32768,00000,00000
BCN,9693,3689,066307,2,9,130268,2,9,32800,32768,00000,00000
BCN,9694,0000,060215,2,8,128424,2,9,32799,32768,00000,00000
BCN,9695,0000,060215,2,8,128424,2,9,32799,32768,00000,00000
BCN,9696,0000,060215,2,8,128424,2,9,32799,32768,00000,00000
BCN,9697,0000,060215,2,8,128424,2,9,32799,32768,00000,00000
BCN,9698,0000,060215,2,8,128424,2,9,32799,32768,00000,00000
BCN,9699,3574,060215,2,8,128424,2,9,32799,32768,00000,00000
BCN,9700,3711,064129,2,8,122518,2,9,32800,32768,00000,00000
BCN,9701,3876,064129,2,8,122518,2,9,32800,32768,00000,00000
BCN,9702,0000,064129,2,8,122518,2,9,32800,32768,00000,00000
BCN,9703,3511,064129,2,8,122518,2,9,32800,32768,00000,00000
BCN,9704,3549,064129,2,8,122518,2,9,32800,32768,00000,00000
BCN,9705,3785,064129,2,8,122518,2,9,32800,32768,00000,00000
BCN,9706,3517,066320,2,9,114720,2,8,32800,32768,00000,00000
BCN,9707,3912,066320,2,9,114720,2,8,32800,32768,00000,00000
BCN,9708,0000,066320,2,9,114720,2,8,32800,32768,00000,00000
BCN,9709,3814,066320,2,9,114720,2,8,32800,32768,00000,00000
BCN,9710,3375,066320,2,9,114720,2,8,32800,32768,00000,00000
BCN,9711,3846,066320,2,9,114720,2,8,32800,32768,00000,00000
BCN,9712,0000,060215,2,8,113159,2,8,32799,32768,00000,00000
BCN,9713,3675,060215,2,8,113159,2,8,32799,32768,00000,00000
BCN,9714,3914,060215,2,8,113159,2,8,32799,32768,00000,00000
BCN,9715,3785,060215,2,8,113159,2,8,32799,32768,00000,00000
BCN,9716,0000,060215,2,8,113159,2,8,32799,32768,00000,00000
BCN,9717,0000,060215,2,8,113159,2,8,32799,32768,00000,00000
BCN,9718,0000,060215,2,8,113159,2,8,32799,32768,00000,00000
BCN,9719,0000,064142,2,8,119477,2,8,32800,32767,00000,00000
BCN,9720,3579,064142,2,8,119477,2,8,32800,32767,00000,00000
BCN,9721,3690,064142,2,8,119477,2,8,32800,32767,00000,00000
BCN,9722,3802,064142,2,8,119477,2,8,32800,32767,00000,00000
BCN,9723,3798,064142,2,8,119477,2,8,32800,32767,00000,00000
BCN,9724,3806,064142,2,8,119477,2,8,32800,32767,00000,00000
BCN,9725,0000,066320,2,9,111547,2,8,32800,32768,00000,00000
BCN,9726,0000,066320,2,9,111547,2,8,32800,32768,00000,00000
BCN,9727,3694,066320,2,9,111547,2,8,32800,32768,00000,00000
BCN,9728,0000,066320,2,9,111547,2,8,32800,32768,00000,00000
BCN,9729,0000,066320,2,9,111547,2,8,32800,32768,00000,00000
BCN,9730,3575,066320,2,9,111547,2,8,32800,32768,00000,00000
BCN,9731,0000,060228,2,8,133605,2,9,32799,32768,00000,00000
BCN,9732,0000,060228,2,8,133605,2,9,32799,32768,00000,00000
BCN,9733,3684,060228,2,8,133605,2,9,32799,32768,00000,00000
BCN,9734,0000,060228,2,8,133605,2,9,32799,32768,00000,00000
BCN,9735,0000,060228,2,8,133605,2,9,32799,32768,00000,00000
BCN,9736,3450,060228,2,8,133605,2,9,32799,32768,00000,00000
BCN,9737,0000,064142,2,8,122436,2,9,32800,32768,00000,00000
BCN,9738,0000,064142,2,8,122436,2,9,32800,32768,00000,00000
BCN,9739,0000,064142,2,8,122436,2,9,32800,32768,00000,00000
BCN,9740,0000,064142,2,8,122436,2,9,32800,32768,00000,00000
BCN,9741,0000,064142,2,8,122436,2,9,32800,32768,00000,00000
BCN,9742,3791,064142,2,8,122436,2,9,32800,32768,00000,00000
BCN,9743,4036,066320,2,9,121145,2,8,32800,32768,00000,00000
BCN,9744,3916,066320,2,9,121145,2,8,32800,32768,00000,00000
BCN,9745,0000,066320,2,9,121145,2,8,32800,32768,00000,00000
BCN,9746,3787,066320,2,9,121145,2,8,32800,32768,00000,00000
BCN,9747,3765,066320,2,9,121145,2,8,32800,32768,00000,00000
BCN,9748,3574,066320,2,9,121145,2,8,32800,32768,00000,00000
BCN,9749,0000,060228,2,8,112949,2,8,32799,32768,00000,00000
BCN,9750,3579,060228,2,8,112949,2,8,32799,32768,00000,00000
BCN,9751,3481,060228,2,8,112949,2,8,32799,32768,00000,00000
BCN,9752,3511,060228,2,8,112949,2,8,32799,32768,00000,00000
BCN,9753,0000,060228,2,8,112949,2,8,32799,32768,00000,00000
BCN,9754,0000,060228,2,8,112949,2,8,32799,32768,00000,00000
BCN,9755,0000,060228,2,8,112949,2,8,32799,32768,00000,00000
BCN,9756,0000,064142,2,8,113208,2,8,32800,32767,00000,00000
BCN,9757,3880,064142,2,8,113208,2,8,32800,32767,00000,00000
BCN,9758,3693,064142,2,8,113208,2,8,32800,32767,00000,00000
BCN,9759,3450,064142,2,8,113208,2,8,32800,32767,00000,00000
BCN,9760,0000,064142,2,8,113208,2,8,32800,32767,00000,00000
BCN,9761,0000,064142,2,8,113208,2,8,32800,32767,00000,00000
BCN,9762,0000,066333,2,9,124438,2,9,32800,32768,00000,00000
BCN,9763,3323,066333,2,9,124438,2,9,32800,32768,00000,00000
BCN,9764,3419,066333,2,9,124438,2,9,32800,32768,00000,00000
BCN,9765,3515,066333,2,9,124438,2,9,32800,32768,00000,00000
BCN,9766,3635,066333,2,9,124438,2,9,32800,32768,00000,00000
BCN,9767,3327,066333,2,9,124438,2,9,32800,32768,00000,00000
BCN,9768,0000,064155,2,8,130482,2,9,32799,32768,00000,00000
BCN,9769,0000,064155,2,8,130482,2,9,32799,32768,00000,00000
BCN,9770,3531,064155,2,8,130482,2,9,32799,32768,00000,00000
BCN,9771,0000,064155,2,8,130482,2,9,32799,32768,00000,00000
BCN,9772,0000,064155,2,8,130482,2,9,32799,32768,00000,00000
BCN,9773,3565,064155,2,8,130482,2,9,32799,32768,00000,00000
BCN,9774,0000,061860,2,8,133279,2,9,32800,32768,00000,00000
BCN,9775,0000,061860,2,8,133279,2,9,32800,32768,00000,00000
BCN,9776,0000,061860,2,8,133279,2,9,32800,32768,00000,00000
BCN,9777,0000,061860,2,8,133279,2,9,32800,32768,00000,00000
BCN,9778,0000,061860,2,8,133279,2,9,32800,32768,00000,00000
BCN,9779,3765,061860,2,8,133279,2,9,32800,32768,00000,00000
BCN,9780,3543,064012,2,8,124198,2,9,32800,32768,00000,00000
BCN,9781,3325,064012,2,8,124198,2,9,32800,32768,00000,00000
BCN,9782,0000,064012,2,8,124198,2,9,32800,32768,00000,00000
BCN,9783,3794,064012,2,8,124198,2,9,32800,32768,00000,00000
BCN,9784,3875,064012,2,8,124198,2,9,32800,32768,00000,00000
BCN,9785,3565,064012,2,8,124198,2,9,32800,32768,00000,00000
BCN,9786,0000,063947,2,8,118935,2,8,32799,32768,00000,00000
BCN,9787,3692,063947,2,8,118935,2,8,32799,32768,00000,00000
BCN,9788,0000,063947,2,8,118935,2,8,32799,32768,00000,00000
BCN,9789,3762,063947,2,8,118935,2,8,32799,32768,00000,00000
BCN,9790,3487,063947,2,8,118935,2,8,32799,32768,00000,00000
BCN,9791,3508,063947,2,8,118935,2,8,32799,32768,00000,00000
BCN,9792,0000,063947,2,8,118935,2,8,32799,32768,00000,00000
BCN,9793,3802,061717,2,8,112340,2,8,32800,32768,00000,00000
BCN,9794,3928,061717,2,8,112340,2,8,32800,32768,00000,00000
BCN,9795,3802,061717,2,8,112340,2,8,32800,32768,00000,00000
BCN,9796,0000,061717,2,8,112340,2,8,32800,32768,00000,00000
BCN,9797,0000,061717,2,8,112340,2,8,32800,32768,00000,00000
BCN,9798,0000,061717,2,8,112340,2,8,32800,32768,00000,00000
BCN,9799,0000,061756,2,8,113455,2,8,32800,32767,00000,00000
BCN,9800,3928,061756,2,8,113455,2,8,32800,32767,00000,00000
BCN,9801,3556,061756,2,8,113455,2,8,32800,32767,00000,00000
BCN,9802,3813,061756,2,8,113455,2,8,32800,32767,00000,00000
BCN,9803,3635,061756,2,8,113455,2,8,32800,32767,00000,00000
BCN,9804,3798,061756,2,8,113455,2,8,32800,32767,00000,00000
BCN,9805,0000,063791,2,8,123566,2,9,32799,32768,00000,00000
BCN,9806,0000,063791,2,8,123566,2,9,32799,32768,00000,00000
BCN,9807,3762,063791,2,8,123566,2,9,32799,32768,00000,00000
BCN,9808,0000,063791,2,8,123566,2,9,32799,32768,00000,00000
BCN,9809,0000,063791,2,8,123566,2,9,32799,32768,00000,00000
BCN,9810,3507,063791,2,8,123566,2,9,32799,32768,00000,00000
BCN,9811,0000,059682,2,8,127323,2,9,32799,32768,00000,00000
BCN,9812,0000,059682,2,8,127323,2,9,32799,32768,00000,00000
BCN,9813,0000,059682,2,8,127323,2,9,32799,32768,00000,00000
BCN,9814,0000,059682,2,8,127323,2,9,32799,32768,00000,00000
BCN,9815,0000,059682,2,8,127323,2,9,32799,32768,00000,00000
BCN,9816,3604,059682,2,8,127323,2,9,32799,32768,00000,00000
BCN,9817,0000,069961,2,9,130737,2,9,32800,32768,00000,00000
BCN,9818,0000,069961,2,9,130737,2,9,32800,32768,00000,00000
BCN,9819,0000,069961,2,9,130737,2,9,32800,32768,00000,00000
BCN,9820,0000,069961,2,9,130737,2,9,32800,32768,00000,00000
BCN,9821,0000,069961,2,9,130737,2,9,32800,32768,00000,00000
BCN,9822,3434,069961,2,9,130737,2,9,32800,32768,00000,00000
BCN,9823,3794,063778,2,8,123801,2,9,32800,32768,00000,00000
BCN,9824,3881,063778,2,8,123801,2,9,32800,32768,00000,00000
BCN,9825,0000,063778,2,8,123801,2,9,32800,32768,00000,00000
BCN,9826,3511,063778,2,8,123801,2,9,32800,32768,00000,00000
BCN,9827,3575,063778,2,8,123801,2,9,32800,32768,00000,00000
BCN,9828,3437,063778,2,8,123801,2,9,32800,32768,00000,00000
BCN,9829,0000,063778,2,8,123801,2,9,32800,32768,00000,00000
BCN,9830,3691,067822,2,9,123343,2,9,32800,32768,00000,00000
BCN,9831,3674,067822,2,9,123343,2,9,32800,32768,00000,00000
BCN,9832,3675,067822,2,9,123343,2,9,32800,32768,00000,00000
BCN,9833,0000,067822,2,9,123343,2,9,32800,32768,00000,00000
BCN,9834,0000,067822,2,9,123343,2,9,32800,32768,00000,00000
BCN,9835,0000,067822,2,9,123343,2,9,32800,32768,00000,00000
BCN,9836,0000,061717,2,8,113143,2,8,32800,32768,00000,00000
BCN,9837,3501,061717,2,8,113143,2,8,32800,32768,00000,00000
BCN,9838,3926,061717,2,8,113143,2,8,32800,32768,00000,00000
BCN,9839,3748,061717,2,8,113143,2,8,32800,32768,00000,00000
BCN,9840,3517,061717,2,8,113143,2,8,32800,32768,00000,00000
BCN,9841,3693,061717,2,8,113143,2,8,32800,32768,00000,00000
BCN,9842,0000,063765,2,8,106661,2,7,32799,32767,00000,00000
BCN,9843,3548,063765,2,8,106661,2,7,32799,32767,00000,00000
BCN,9844,3881,063765,2,8,106661,2,7,32799,32767,00000,00000
BCN,9845,3478,063765,2,8,106661,2,7,32799,32767,00000,00000
BCN,9846,3857,063765,2,8,106661,2,7,32799,32767,00000,00000
BCN,9847,3507,063765,2,8,106661,2,7,32799,32767,00000,00000
BCN,9848,0000,059656,2,8,122751,2,9,32799,32768,00000,00000
BCN,9849,0000,059656,2,8,122751,2,9,32799,32768,00000,00000
BCN,9850,3876,059656,2,8,122751,2,9,32799,32768,00000,00000
BCN,9851,0000,059656,2,8,122751,2,9,32799,32768,00000,00000
BCN,9852,0000,059656,2,8,122751,2,9,32799,32768,00000,00000
BCN,9853,3913,059656,2,8,122751,2,9,32799,32768,00000,00000
BCN,9854,0000,069948,2,9,126250,2,9,32800,32768,00000,00000
BCN,9855,0000,069948,2,9,126250,2,9,32800,32768,00000,00000
BCN,9856,0000,069948,2,9,126250,2,9,32800,32768,00000,00000
BCN,9857,0000,069948,2,9,126250,2,9,32800,32768,00000,00000
BCN,9858,0000,069948,2,9,126250,2,9,32800,32768,00000,00000
BCN,9859,3880,069948,2,9,126250,2,9,32800,32768,00000,00000
BCN,9860,3515,063765,2,8,132594,2,9,32800,32768,00000,00000
BCN,9861,3878,063765,2,8,132594,2,9,32800,32768,00000,00000
BCN,9862,0000,063765,2,8,132594,2,9,32800,32768,00000,00000
BCN,9863,3803,063765,2,8,132594,2,9,32800,32768,00000,00000
BCN,9864,3874,063765,2,8,132594,2,9,32800,32768,00000,00000
BCN,9865,3373,063765,2,8,132594,2,9,32800,32768,00000,00000
BCN,9866,0000,063765,2,8,132594,2,9,32800,32768,00000,00000
BCN,9867,3924,055534,2,7,128327,2,9,32800,32768,00000,00000
BCN,9868,3514,055534,2,7,128327,2,9,32800,32768,00000,00000
BCN,9869,3787,055534,2,7,128327,2,9,32800,32768,00000,00000
BCN,9870,3739,055534,2,7,128327,2,9,32800,32768,00000,00000
BCN,9871,3912,055534,2,7,128327,2,9,32800,32768,00000,00000
BCN,9872,0000,055534,2,7,128327,2,9,32800,32768,00000,00000
BCN,9873,3451,067809,2,9,123285,2,9,32799,32768,00000,00000
BCN,9874,3483,067809,2,9,123285,2,9,32799,32768,00000,00000
BCN,9875,3547,067809,2,9,123285,2,9,32799,32768,00000,00000
BCN,9876,0000,067809,2,9,123285,2,9,32799,32768,00000,00000
BCN,9877,0000,067809,2,9,123285,2,9,32799,32768,00000,00000
BCN,9878,0000,067809,2,9,123285,2,9,32799,32768,00000,00000
BCN,9879,0000,069948,2,9,111898,2,8,32799,32768,00000,00000
BCN,9880,3574,069948,2,9,111898,2,8,32799,32768,00000,00000
BCN,9881,3318,069948,2,9,111898,2,8,32799,32768,00000,00000
BCN,9882,3948,069948,2,9,111898,2,8,32799,32768,00000,00000
BCN,9883,3510,069948,2,9,111898,2,8,32799,32768,00000,00000
BCN,9884,3646,069948,2,9,111898,2,8,32799,32768,00000,00000
BCN,9885,0000,067861,2,9,110453,2,8,32800,32768,00000,00000
BCN,9886,0000,067861,2,9,110453,2,8,32800,32768,00000,00000
BCN,9887,3692,067861,2,9,110453,2,8,32800,32768,00000,00000
BCN,9888,0000,067861,2,9,110453,2,8,32800,32768,00000,00000
BCN,9889,0000,067861,2,9,110453,2,8,32800,32768,00000,00000
BCN,9890,3986,067861,2,9,110453,2,8,32800,32768,00000,00000
BCN,9891,0000,067809,2,9,116082,2,8,32800,32767,00000,00000
BCN,9892,0000,067809,2,9,116082,2,8,32800,32767,00000,00000
BCN,9893,0000,067809,2,9,116082,2,8,32800,32767,00000,00000
BCN,9894,0000,067809,2,9,116082,2,8,32800,32767,00000,00000
BCN,9895,0000,067809,2,9,116082,2,8,32800,32767,00000,00000
BCN,9896,3892,067809,2,9,116082,2,8,32800,32767,00000,00000
BCN,9897,0000,061717,2,8,116625,2,8,32800,32768,00000,00000
BCN,9898,0000,061717,2,8,116625,2,8,32800,32768,00000,00000
BCN,9899,0000,061717,2,8,116625,2,8,32800,32768,00000,00000
BCN,9900,0000,061717,2,8,116625,2,8,32800,32768,00000,00000
BCN,9901,0000,061717,2,8,116625,2,8,32800,32768,00000,00000
BCN,9902,3821,061717,2,8,116625,2,8,32800,32768,00000,00000
BCN,9903,3738,061717,2,8,116625,2,8,32800,32768,00000,00000
BCN,9904,3694,063765,2,8,130918,2,9,32799,32768,00000,00000
BCN,9905,0000,063765,2,8,130918,2,9,32799,32768,00000,00000
BCN,9906,3515,063765,2,8,130918,2,9,32799,32768,00000,00000
BCN,9907,3323,063765,2,8,130918,2,9,32799,32768,00000,00000
BCN,9908,3686,063765,2,8,130918,2,9,32799,32768,00000,00000
BCN,9909,0000,063765,2,8,130918,2,9,32799,32768,00000,00000
BCN,9910,3830,061808,2,8,130175,2,9,32799,32768,00000,00000
BCN,9911,3622,061808,2,8,130175,2,9,32799,32768,00000,00000
BCN,9912,3327,061808,2,8,130175,2,9,32799,32768,00000,00000
BCN,9913,0000,061808,2,8,130175,2,9,32799,32768,00000,00000
BCN,9914,0000,061808,2,8,130175,2,9,32799,32768,00000,00000
BCN,9915,0000,061808,2,8,130175,2,9,32799,32768,00000,00000
BCN,9916,0000,070026,2,9,123142,2,9,32800,32768,00000,00000
BCN,9917,3764,070026,2,9,123142,2,9,32800,32768,00000,00000
BCN,9918,3731,070026,2,9,123142,2,9,32800,32768,00000,00000
BCN,9919,3940,070026,2,9,123142,2,9,32800,32768,00000,00000
BCN,9920,3495,070026,2,9,123142,2,9,32800,32768,00000,00000
BCN,9921,3727,070026,2,9,123142,2,9,32800,32768,00000,00000
BCN,9922,0000,063817,2,8,115727,2,8,32800,32768,00000,00000
BCN,9923,0000,063817,2,8,115727,2,8,32800,32768,00000,00000
BCN,9924,3514,063817,2,8,115727,2,8,32800,32768,00000,00000
BCN,9925,3738,063817,2,8,115727,2,8,32800,32768,00000,00000
BCN,9926,3510,063817,2,8,115727,2,8,32800,32768,00000,00000
BCN,9927,3493,063817,2,8,115727,2,8,32800,32768,00000,00000
BCN,9928,0000,065904,2,9,110716,2,8,32800,32768,00000,00000
BCN,9929,0000,065904,2,9,110716,2,8,32800,32768,00000,00000
BCN,9930,3732,065904,2,9,110716,2,8,32800,32768,00000,00000
BCN,9931,0000,065904,2,9,110716,2,8,32800,32768,00000,00000
BCN,9932,0000,065904,2,9,110716,2,8,32800,32768,00000,00000
BCN,9933,3769,065904,2,9,110716,2,8,32800,32768,00000,00000
BCN,9934,0000,061821,2,8,108950,2,8,32800,32767,00000,00000
BCN,9935,0000,061821,2,8,108950,2,8,32800,32767,00000,00000
BCN,9936,0000,061821,2,8,108950,2,8,32800,32767,00000,00000
BCN,9937,0000,061821,2,8,108950,2,8,32800,32767,00000,00000
BCN,9938,0000,061821,2,8,108950,2,8,32800,32767,00000,00000
BCN,9939,3876,061821,2,8,108950,2,8,32800,32767,00000,00000
BCN,9940,3418,061821,2,8,108950,2,8,32800,32767,00000,00000
BCN,9941,3511,065969,2,9,122721,2,9,32799,32768,00000,00000
BCN,9942,0000,065969,2,9,122721,2,9,32799,32768,00000,00000
BCN,9943,3822,065969,2,9,122721,2,9,32799,32768,00000,00000
BCN,9944,3478,065969,2,9,122721,2,9,32799,32768,00000,00000
BCN,9945,3674,065969,2,9,122721,2,9,32799,32768,00000,00000
BCN,9946,0000,065969,2,9,122721,2,9,32799,32768,00000,00000
BCN,9947,3499,064077,2,8,127334,2,9,32799,32768,00000,00000
BCN,9948,3819,064077,2,8,127334,2,9,32799,32768,00000,00000
BCN,9949,3658,064077,2,8,127334,2,9,32799,32768,00000,00000
BCN,9950,0000,064077,2,8,127334,2,9,32799,32768,00000,00000
BCN,9951,0000,064077,2,8,127334,2,9,32799,32768,00000,00000
BCN,9952,0000,064077,2,8,127334,2,9,32799,32768,00000,00000
BCN,9953,3671,072334,2,9,130498,2,9,32800,32768,00000,00000
BCN,9954,3912,072334,2,9,130498,2,9,32800,32768,00000,00000
BCN,9955,3977,072334,2,9,130498,2,9,32800,32768,00000,00000
BCN,9956,0000,072334,2,9,130498,2,9,32800,32768,00000,00000
BCN,9957,0000,072334,2,9,130498,2,9,32800,32768,00000,00000
BCN,9958,0000,072334,2,9,130498,2,9,32800,32768,00000,00000
BCN,9959,0000,068108,2,9,134290,2,9,32800,32768,00000,00000
BCN,9960,3517,068108,2,9,134290,2,9,32800,32768,00000,00000
BCN,9961,3570,068108,2,9,134290,2,9,32800,32768,00000,00000
BCN,9962,3693,068108,2,9,134290,2,9,32800,32768,00000,00000
BCN,9963,3684,068108,2,9,134290,2,9,32800,32768,00000,00000
BCN,9964,3550,068108,2,9,134290,2,9,32800,32768,00000,00000
BCN,9965,0000,066229,2,9,124639,2,9,32800,32768,00000,00000
BCN,9966,0000,066229,2,9,124639,2,9,32800,32768,00000,00000
BCN,9967,3750,066229,2,9,124639,2,9,32800,32768,00000,00000
BCN,9968,0000,066229,2,9,124639,2,9,32800,32768,00000,00000
BCN,9969,0000,066229,2,9,124639,2,9,32800,32768,00000,00000
BCN,9970,3563,066229,2,9,124639,2,9,32800,32768,00000,00000
BCN,9971,0000,060150,2,8,122907,2,9,32799,32768,00000,00000
BCN,9972,0000,060150,2,8,122907,2,9,32799,32768,00000,00000
BCN,9973,0000,060150,2,8,122907,2,9,32799,32768,00000,00000
BCN,9974,0000,060150,2,8,122907,2,9,32799,32768,00000,00000
BCN,9975,0000,060150,2,8,122907,2,9,32799,32768,00000,00000
BCN,9976,3878,060150,2,8,122907,2,9,32799,32768,00000,00000
BCN,9977,3716,060150,2,8,122907,2,9,32799,32768,00000,00000
BCN,9978,3442,064090,2,8,112997,2,8,32800,32768,00000,00000
BCN,9979,0000,064090,2,8,112997,2,8,32800,32768,00000,00000
BCN,9980,3874,064090,2,8,112997,2,8,32800,32768,00000,00000
BCN,9981,0000,064090,2,8,112997,2,8,32800,32768,00000,00000
BCN,9982,3889,064090,2,8,112997,2,8,32800,32768,00000,00000
BCN,9983,3787,064090,2,8,112997,2,8,32800,32768,00000,00000
BCN,9984,3511,066281,2,9,107765,2,8,32800,32767,00000,00000
BCN,9985,0000,066281,2,9,107765,2,8,32800,32767,00000,00000
BCN,9986,3734,066281,2,9,107765,2,8,32800,32767,00000,00000
BCN,9987,3583,066281,2,9,107765,2,8,32800,32767,00000,00000
BCN,9988,3571,066281,2,9,107765,2,8,32800,32767,00000,00000
BCN,9989,0000,066281,2,9,107765,2,8,32800,32767,00000,00000
BCN,9990,0000,060189,2,8,123015,2,9,32799,32768,00000,00000
BCN,9991,0000,060189,2,8,123015,2,9,32799,32768,00000,00000
BCN,9992,0000,060189,2,8,123015,2,9,32799,32768,00000,00000
BCN,9993,3547,060189,2,8,123015,2,9,32799,32768,00000,00000
BCN,9994,3446,060189,2,8,123015,2,9,32799,32768,00000,00000
BCN,9995,0000,060189,2,8,123015,2,9,32799,32768,00000,00000
BCN,9996,3874,064116,2,8,046447,2,3,32800,32785,00000,00000
BCN,9997,3768,064116,2,8,046447,2,3,32800,32785,00000,00000
BCN,9998,3789,064116,2,8,046447,2,3,32800,32785,00000,00000
BCN,9999,3918,064116,2,8,046447,2,3,32800,32785,00000,00000
BCN,0000,3686,064116,2,8,046447,2,3,32800,32785,00000,00000
BCN,0001,0000,064116,2,8,046447,2,3,32800,32785,00000,00000
BCN,0002,3575,066307,2,9,112676,2,8,32800,32813,00000,00000
BCN,0003,3666,066307,2,9,112676,2,8,32800,32813,00000,00000
BCN,0004,3816,066307,2,9,112676,2,8,32800,32813,00000,00000
BCN,0005,0000,066307,2,9,112676,2,8,32800,32813,00000,00000
BCN,0006,3859,066307,2,9,112676,2,8,32800,32813,00000,00000
BCN,0007,3908,066307,2,9,112676,2,8,32800,32813,00000,00000
BCN,0008,3478,060215,2,8,121831,2,8,32799,32812,00000,00000
BCN,0009,0000,060215,2,8,121831,2,8,32799,32812,00000,00000
BCN,0010,0000,060215,2,8,121831,2,8,32799,32812,00000,00000
BCN,0011,0000,060215,2,8,121831,2,8,32799,32812,00000,00000
BCN,0012,0000,060215,2,8,121831,2,8,32799,32812,00000,00000
BCN,0013,3766,060215,2,8,121831,2,8,32799,32812,00000,00000
BCN,0014,3327,060215,2,8,121831,2,8,32799,32812,00000,00000
BCN,0015,3533,064129,2,8,108052,2,7,32800,32811,00000,00000
BCN,0016,3675,064129,2,8,108052,2,7,32800,32811,00000,00000
BCN,0017,3916,064129,2,8,108052,2,7,32800,32811,00000,00000
BCN,0018,0000,064129,2,8,108052,2,7,32800,32811,00000,00000
BCN,0019,0000,064129,2,8,108052,2,7,32800,32811,00000,00000
BCN,0020,3742,064129,2,8,108052,2,7,32800,32811,00000,00000
BCN,0021,0000,066320,2,9,110295,2,8,32800,32810,00000,00000
BCN,0022,0000,066320,2,9,110295,2,8,32800,32810,00000,00000
BCN,0023,3801,066320,2,9,110295,2,8,32800,32810,00000,00000
BCN,0024,0000,066320,2,9,110295,2,8,32800,32810,00000,00000
BCN,0025,0000,066320,2,9,110295,2,8,32800,32810,00000,00000
BCN,0026,3621,066320,2,9,110295,2,8,32800,32810,00000,00000
BCN,0027,0000,062185,2,8,113231,2,8,32799,32809,00000,00000
BCN,0028,0000,062185,2,8,113231,2,8,32799,32809,00000,00000
BCN,0029,3571,062185,2,8,113231,2,8,32799,32809,00000,00000
BCN,0030,0000,062185,2,8,113231,2,8,32799,32809,00000,00000
BCN,0031,0000,062185,2,8,113231,2,8,32799,32809,00000,00000
BCN,0032,0000,062185,2,8,113231,2,8,32799,32809,00000,00000
BCN,0033,0000,064077,2,8,107298,2,7,32800,32807,00000,00000
BCN,0034,0000,064077,2,8,107298,2,7,32800,32807,00000,00000
BCN,0035,3689,064077,2,8,107298,2,7,32800,32807,00000,00000
BCN,0036,3643,064077,2,8,107298,2,7,32800,32807,00000,00000
BCN,0037,3673,064077,2,8,107298,2,7,32800,32807,00000,00000
BCN,0038,0000,064077,2,8,107298,2,7,32800,32807,00000,00000
BCN,0039,3692,066281,2,9,112179,2,8,32800,32806,00000,00000
BCN,0040,3821,066281,2,9,112179,2,8,32800,32806,00000,00000
BCN,0041,3549,066281,2,9,112179,2,8,32800,32806,00000,00000
BCN,0042,0000,066281,2,9,112179,2,8,32800,32806,00000,00000
BCN,0043,3517,066281,2,9,112179,2,8,32800,32806,00000,00000
BCN,0044,3674,066281,2,9,112179,2,8,32800,32806,00000,00000
BCN,0045,3798,064116,2,8,112771,2,8,32799,32805,00000,00000
BCN,0046,0000,064116,2,8,112771,2,8,32799,32805,00000,00000
BCN,0047,0000,064116,2,8,112771,2,8,32799,32805,00000,00000
BCN,0048,0000,064116,2,8,112771,2,8,32799,32805,00000,00000
BCN,0049,0000,064116,2,8,112771,2,8,32799,32805,00000,00000
BCN,0050,3891,064116,2,8,112771,2,8,32799,32805,00000,00000
BCN,0051,3892,064116,2,8,112771,2,8,32799,32805,00000,00000
BCN,0052,3643,061834,2,8,114921,2,8,32800,32804,00000,00000
BCN,0053,3511,061834,2,8,114921,2,8,32800,32804,00000,00000
BCN,0054,3503,061834,2,8,114921,2,8,32800,32804,00000,00000
BCN,0055,0000,061834,2,8,114921,2,8,32800,32804,00000,00000
BCN,0056,3677,061834,2,8,114921,2,8,32800,32804,00000,00000
BCN,0057,3667,061834,2,8,114921,2,8,32800,32804,00000,00000
BCN,0058,3859,063986,2,8,118819,2,8,32800,32803,00000,00000
BCN,0059,3684,063986,2,8,118819,2,8,32800,32803,00000,00000
BCN,0060,3878,063986,2,8,118819,2,8,32800,32803,00000,00000
BCN,0061,0000,063986,2,8,118819,2,8,32800,32803,00000,00000
BCN,0062,0000,063986,2,8,118819,2,8,32800,32803,00000,00000
BCN,0063,3701,063986,2,8,118819,2,8,32800,32803,00000,00000
BCN,0064,0000,063934,2,8,107020,2,7,32799,32802,00000,00000
BCN,0065,0000,063934,2,8,107020,2,7,32799,32802,00000,00000
BCN,0066,3545,063934,2,8,107020,2,7,32799,32802,00000,00000
BCN,0067,0000,063934,2,8,107020,2,7,32799,32802,00000,00000
BCN,0068,0000,063934,2,8,107020,2,7,32799,32802,00000,00000
BCN,0069,0000,063934,2,8,107020,2,7,32799,32802,00000,00000
BCN,0070,0000,061704,2,8,107273,2,7,32800,32801,00000,00000
BCN,0071,0000,061704,2,8,107273,2,7,32800,32801,00000,00000
BCN,0072,3741,061704,2,8,107273,2,7,32800,32801,00000,00000
BCN,0073,3880,061704,2,8,107273,2,7,32800,32801,00000,00000
BCN,0074,3510,061704,2,8,107273,2,7,32800,32801,00000,00000
BCN,0075,0000,061704,2,8,107273,2,7,32800,32801,00000,00000
BCN,0076,3914,061743,2,8,112214,2,8,32800,32800,00000,00000
BCN,0077,3892,061743,2,8,112214,2,8,32800,32800,00000,00000
BCN,0078,3859,061743,2,8,112214,2,8,32800,32800,00000,00000
BCN,0079,0000,061743,2,8,112214,2,8,32800,32800,00000,00000
BCN,0080,3748,061743,2,8,112214,2,8,32800,32800,00000,00000
BCN,0081,3794,061743,2,8,112214,2,8,32800,32800,00000,00000
BCN,0082,3874,063778,2,8,107485,2,7,32799,32798,00000,00000
BCN,0083,3574,063778,2,8,107485,2,7,32799,32798,00000,00000
BCN,0084,3761,063778,2,8,107485,2,7,32799,32798,00000,00000
BCN,0085,0000,063778,2,8,107485,2,7,32799,32798,00000,00000
BCN,0086,3576,063778,2,8,107485,2,7,32799,32798,00000,00000
BCN,0087,3732,063778,2,8,107485,2,7,32799,32798,00000,00000
BCN,0088,3665,063778,2,8,107485,2,7,32799,32798,00000,00000
BCN,0089,0000,059669,2,8,123590,2,9,32799,32798,00000,00000
BCN,0090,0000,059669,2,8,123590,2,9,32799,32798,00000,00000
BCN,0091,0000,059669,2,8,123590,2,9,32799,32798,00000,00000
BCN,0092,0000,059669,2,8,123590,2,9,32799,32798,00000,00000
BCN,0093,3789,059669,2,8,123590,2,9,32799,32798,00000,00000
BCN,0094,3877,059669,2,8,123590,2,9,32799,32798,00000,00000
BCN,0095,3327,069961,2,9,113089,2,8,32800,32798,00000,00000
BCN,0096,3637,069961,2,9,113089,2,8,32800,32798,00000,00000
BCN,0097,3767,069961,2,9,113089,2,8,32800,32798,00000,00000
BCN,0098,0000,069961,2,9,113089,2,8,32800,32798,00000,00000
BCN,0099,0000,069961,2,9,113089,2,8,32800,32798,00000,00000
BCN,0100,3547,069961,2,9,113089,2,8,32800,32798,00000,00000
BCN,0101,0000,063765,2,8,103000,2,7,32800,32797,00000,00000
BCN,0102,0000,063765,2,8,103000,2,7,32800,32797,00000,00000
BCN,0103,3984,063765,2,8,103000,2,7,32800,32797,00000,00000
BCN,0104,0000,063765,2,8,103000,2,7,32800,32797,00000,00000
BCN,0105,0000,063765,2,8,103000,2,7,32800,32797,00000,00000
BCN,0106,0000,063765,2,8,103000,2,7,32800,32797,00000,00000
BCN,0107,0000,067809,2,9,119589,2,8,32800,32797,00000,00000
BCN,0108,0000,067809,2,9,119589,2,8,32800,32797,00000,00000
BCN,0109,3549,067809,2,9,119589,2,8,32800,32797,00000,00000
BCN,0110,0000,067809,2,9,119589,2,8,32800,32797,00000,00000
BCN,0111,0000,067809,2,9,119589,2,8,32800,32797,00000,00000
BCN,0112,0000,067809,2,9,119589,2,8,32800,32797,00000,00000
BCN,0113,0000,061717,2,8,125364,2,9,32800,32797,00000,00000
BCN,0114,0000,061717,2,8,125364,2,9,32800,32797,00000,00000
BCN,0115,3551,061717,2,8,125364,2,9,32800,32797,00000,00000
BCN,0116,3478,061717,2,8,125364,2,9,32800,32797,00000,00000
BCN,0117,3663,061717,2,8,125364,2,9,32800,32797,00000,00000
BCN,0118,0000,061717,2,8,125364,2,9,32800,32797,00000,00000
BCN,0119,3785,063765,2,8,130735,2,9,32799,32797,00000,00000
BCN,0120,3884,063765,2,8,130735,2,9,32799,32797,00000,00000
BCN,0121,3936,063765,2,8,130735,2,9,32799,32797,00000,00000
BCN,0122,0000,063765,2,8,130735,2,9,32799,32797,00000,00000
BCN,0123,3914,063765,2,8,130735,2,9,32799,32797,00000,00000
BCN,0124,3550,063765,2,8,130735,2,9,32799,32797,00000,00000
BCN,0125,3453,063765,2,8,130735,2,9,32799,32797,00000,00000
BCN,0126,0000,059656,2,8,128513,2,9,32799,32797,00000,00000
BCN,0127,0000,059656,2,8,128513,2,9,32799,32797,00000,00000
BCN,0128,0000,059656,2,8,128513,2,9,32799,32797,00000,00000
BCN,0129,0000,059656,2,8,128513,2,9,32799,32797,00000,00000
BCN,0130,3784,059656,2,8,128513,2,9,32799,32797,00000,00000
BCN,0131,3798,059656,2,8,128513,2,9,32799,32797,00000,00000
BCN,0132,3327,069948,2,9,123712,2,9,32800,32797,00000,00000
BCN,0133,3539,069948,2,9,123712,2,9,32800,32797,00000,00000
BCN,0134,3636,069948,2,9,123712,2,9,32800,32797,00000,00000
BCN,0135,0000,069948,2,9,123712,2,9,32800,32797,00000,00000
BCN,0136,0000,069948,2,9,123712,2,9,32800,32797,00000,00000
BCN,0137,3754,069948,2,9,123712,2,9,32800,32797,00000,00000
BCN,0138,3623,063765,2,8,116265,2,8,32800,32797,00000,00000
BCN,0139,3788,063765,2,8,116265,2,8,32800,32797,00000,00000
BCN,0140,3573,063765,2,8,116265,2,8,32800,32797,00000,00000
BCN,0141,0000,063765,2,8,116265,2,8,32800,32797,00000,00000
BCN,0142,0000,063765,2,8,116265,2,8,32800,32797,00000,00000
BCN,0143,3862,063765,2,8,116265,2,8,32800,32797,00000,00000
BCN,0144,0000,065865,2,9,108206,2,8,32800,32797,00000,00000
BCN,0145,0000,065865,2,9,108206,2,8,32800,32797,00000,00000
BCN,0146,3692,065865,2,9,108206,2,8,32800,32797,00000,00000
BCN,0147,0000,065865,2,9,108206,2,8,32800,32797,00000,00000
BCN,0148,0000,065865,2,9,108206,2,8,32800,32797,00000,00000
BCN,0149,0000,065865,2,9,108206,2,8,32800,32797,00000,00000
BCN,0150,0000,061782,2,8,115524,2,8,32800,32796,00000,00000
BCN,0151,0000,061782,2,8,115524,2,8,32800,32796,00000,00000
BCN,0152,3801,061782,2,8,115524,2,8,32800,32796,00000,00000
BCN,0153,3676,061782,2,8,115524,2,8,32800,32796,00000,00000
BCN,0154,3692,061782,2,8,115524,2,8,32800,32796,00000,00000
BCN,0155,0000,061782,2,8,115524,2,8,32800,32796,00000,00000
BCN,0156,3674,065956,2,9,122859,2,9,32799,32796,00000,00000
BCN,0157,3986,065956,2,9,122859,2,9,32799,32796,00000,00000
BCN,0158,3557,065956,2,9,122859,2,9,32799,32796,00000,00000
BCN,0159,0000,065956,2,9,122859,2,9,32799,32796,00000,00000
BCN,0160,3675,065956,2,9,122859,2,9,32799,32796,00000,00000
BCN,0161,3880,065956,2,9,122859,2,9,32799,32796,00000,00000
BCN,0162,3511,065956,2,9,122859,2,9,32799,32796,00000,00000
BCN,0163,0000,066190,2,9,131167,2,9,32799,32796,00000,00000
BCN,0164,3652,066190,2,9,131167,2,9,32799,32796,00000,00000
BCN,0165,0000,066190,2,9,131167,2,9,32799,32796,00000,00000
BCN,0166,3738,066190,2,9,131167,2,9,32799,32796,00000,00000
BCN,0167,3756,066190,2,9,131167,2,9,32799,32796,00000,00000
BCN,0168,3752,066190,2,9,131167,2,9,32799,32796,00000,00000
BCN,0169,0000,072373,2,9,131428,2,9,32800,32796,00000,00000
BCN,0170,0000,072373,2,9,131428,2,9,32800,32796,00000,00000
BCN,0171,0000,072373,2,9,131428,2,9,32800,32796,00000,00000
BCN,0172,0000,072373,2,9,131428,2,9,32800,32796,00000,00000
BCN,0173,3543,072373,2,9,131428,2,9,32800,32796,00000,00000
BCN,0174,3829,072373,2,9,131428,2,9,32800,32796,00000,00000
BCN,0175,3563,068147,2,9,124438,2,9,32800,32796,00000,00000
BCN,0176,3795,068147,2,9,124438,2,9,32800,32796,00000,00000
BCN,0177,3542,068147,2,9,124438,2,9,32800,32796,00000,00000
BCN,0178,0000,068147,2,9,124438,2,9,32800,32796,00000,00000
BCN,0179,0000,068147,2,9,124438,2,9,32800,32796,00000,00000
BCN,0180,3860,068147,2,9,124438,2,9,32800,32796,00000,00000
BCN,0181,0000,066255,2,9,115817,2,8,32800,32796,00000,00000
BCN,0182,0000,066255,2,9,115817,2,8,32800,32796,00000,00000
BCN,0183,3694,066255,2,9,115817,2,8,32800,32796,00000,00000
BCN,0184,0000,066255,2,9,115817,2,8,32800,32796,00000,00000
BCN,0185,0000,066255,2,9,115817,2,8,32800,32796,00000,00000
BCN,0186,0000,066255,2,9,115817,2,8,32800,32796,00000,00000
BCN,0187,0000,062133,2,8,109650,2,8,32799,32796,00000,00000
BCN,0188,0000,062133,2,8,109650,2,8,32799,32796,00000,00000
BCN,0189,3319,062133,2,8,109650,2,8,32799,32796,00000,00000
BCN,0190,3451,062133,2,8,109650,2,8,32799,32796,00000,00000
BCN,0191,0000,062133,2,8,109650,2,8,32799,32796,00000,00000
BCN,0192,0000,062133,2,8,109650,2,8,32799,32796,00000,00000
BCN,0193,0000,061886,2,8,113913,2,8,32800,32795,00000,00000
BCN,0194,0000,061886,2,8,113913,2,8,32800,32795,00000,00000
BCN,0195,3575,061886,2,8,113913,2,8,32800,32795,00000,00000
BCN,0196,3913,061886,2,8,113913,2,8,32800,32795,00000,00000
BCN,0197,3511,061886,2,8,113913,2,8,32800,32795,00000,00000
BCN,0198,0000,061886,2,8,113913,2,8,32800,32795,00000,00000
BCN,0199,3549,061886,2,8,113913,2,8,32800,32795,00000,00000
BCN,0200,3894,064025,2,8,125754,2,9,32800,32795,00000,00000
BCN,0201,3481,064025,2,8,125754,2,9,32800,32795,00000,00000
BCN,0202,0000,064025,2,8,125754,2,9,32800,32795,00000,00000
BCN,0203,3534,064025,2,8,125754,2,9,32800,32795,00000,00000
BCN,0204,3449,064025,2,8,125754,2,9,32800,32795,00000,00000
BCN,0205,3751,064025,2,8,125754,2,9,32800,32795,00000,00000
BCN,0206,0000,063960,2,8,131714,2,9,32799,32795,00000,00000
BCN,0207,0000,063960,2,8,131714,2,9,32799,32795,00000,00000
BCN,0208,0000,063960,2,8,131714,2,9,32799,32795,00000,00000
BCN,0209,0000,063960,2,8,131714,2,9,32799,32795,00000,00000
BCN,0210,3721,063960,2,8,131714,2,9,32799,32795,00000,00000
BCN,0211,3659,063960,2,8,131714,2,9,32799,32795,00000,00000
BCN,0212,3580,061730,2,8,127678,2,9,32800,32795,00000,00000
BCN,0213,3803,061730,2,8,127678,2,9,32800,32795,00000,00000
BCN,0214,3734,061730,2,8,127678,2,9,32800,32795,00000,00000
BCN,0215,0000,061730,2,8,127678,2,9,32800,32795,00000,00000
BCN,0216,0000,061730,2,8,127678,2,9,32800,32795,00000,00000
BCN,0217,3517,061730,2,8,127678,2,9,32800,32795,00000,00000
BCN,0218,3651,061756,2,8,124352,2,9,32800,32795,00000,00000
BCN,0219,3517,061756,2,8,124352,2,9,32800,32795,00000,00000
BCN,0220,3668,061756,2,8,124352,2,9,32800,32795,00000,00000
BCN,0221,0000,061756,2,8,124352,2,9,32800,32795,00000,00000
BCN,0222,0000,061756,2,8,124352,2,9,32800,32795,00000,00000
BCN,0223,3738,061756,2,8,124352,2,9,32800,32795,00000,00000
BCN,0224,0000,063791,2,8,112484,2,8,32799,32795,00000,00000
BCN,0225,0000,063791,2,8,112484,2,8,32799,32795,00000,00000
BCN,0226,3830,063791,2,8,112484,2,8,32799,32795,00000,00000
BCN,0227,0000,063791,2,8,112484,2,8,32799,32795,00000,00000
BCN,0228,0000,063791,2,8,112484,2,8,32799,32795,00000,00000
BCN,0229,0000,063791,2,8,112484,2,8,32799,32795,00000,00000
BCN,0230,0000,059682,2,8,104968,2,7,32799,32794,00000,00000
BCN,0231,0000,059682,2,8,104968,2,7,32799,32794,00000,00000
BCN,0232,3559,059682,2,8,104968,2,7,32799,32794,00000,00000
BCN,0233,3795,059682,2,8,104968,2,7,32799,32794,00000,00000
BCN,0234,3881,059682,2,8,104968,2,7,32799,32794,00000,00000
BCN,0235,0000,059682,2,8,104968,2,7,32799,32794,00000,00000
BCN,0236,3511,059682,2,8,104968,2,7,32799,32794,00000,00000
BCN,0237,3327,069961,2,9,115847,2,8,32800,32794,00000,00000
BCN,0238,3867,069961,2,9,115847,2,8,32800,32794,00000,00000
BCN,0239,0000,069961,2,9,115847,2,8,32800,32794,00000,00000
BCN,0240,3893,069961,2,9,115847,2,8,32800,32794,00000,00000
BCN,0241,3579,069961,2,9,115847,2,8,32800,32794,00000,00000
BCN,0242,3878,069961,2,9,115847,2,8,32800,32794,00000,00000
BCN,0243,0000,065917,2,9,128160,2,9,32800,32794,00000,00000
BCN,0244,0000,065917,2,9,128160,2,9,32800,32794,00000,00000
BCN,0245,0000,065917,2,9,128160,2,9,32800,32794,00000,00000
BCN,0246,3638,065917,2,9,128160,2,9,32800,32794,00000,00000
BCN,0247,3547,065917,2,9,128160,2,9,32800,32794,00000,00000
BCN,0248,3495,065917,2,9,128160,2,9,32800,32794,00000,00000
BCN,0249,0000,065930,2,9,130572,2,9,32800,32794,00000,00000
BCN,0250,0000,065930,2,9,130572,2,9,32800,32794,00000,00000
BCN,0251,0000,065930,2,9,130572,2,9,32800,32794,00000,00000
BCN,0252,0000,065930,2,9,130572,2,9,32800,32794,00000,00000
BCN,0253,3629,065930,2,9,130572,2,9,32800,32794,00000,00000
BCN,0254,3327,065930,2,9,130572,2,9,32800,32794,00000,00000
BCN,0255,3327,061847,2,8,130840,2,9,32800,32794,00000,00000
BCN,0256,3872,061847,2,8,130840,2,9,32800,32794,00000,00000
BCN,0257,3873,061847,2,8,130840,2,9,32800,32794,00000,00000
BCN,0258,0000,061847,2,8,130840,2,9,32800,32794,00000,00000
BCN,0259,0000,061847,2,8,130840,2,9,32800,32794,00000,00000
BCN,0260,3295,061847,2,8,130840,2,9,32800,32794,00000,00000
BCN,0261,0000,065995,2,9,123160,2,9,32799,32794,00000,00000
BCN,0262,0000,065995,2,9,123160,2,9,32799,32794,00000,00000
BCN,0263,3445,065995,2,9,123160,2,9,32799,32794,00000,00000
BCN,0264,0000,065995,2,9,123160,2,9,32799,32794,00000,00000
BCN,0265,0000,065995,2,9,123160,2,9,32799,32794,00000,00000
BCN,0266,0000,065995,2,9,123160,2,9,32799,32794,00000,00000
BCN,0267,0000,064090,2,8,114847,2,8,32799,32794,00000,00000
BCN,0268,0000,064090,2,8,114847,2,8,32799,32794,00000,00000
BCN,0269,3888,064090,2,8,114847,2,8,32799,32794,00000,00000
BCN,0270,3730,064090,2,8,114847,2,8,32799,32794,00000,00000
BCN,0271,3904,064090,2,8,114847,2,8,32799,32794,00000,00000
BCN,0272,0000,064090,2,8,114847,2,8,32799,32794,00000,00000
BCN,0273,3797,064090,2,8,114847,2,8,32799,32794,00000,00000
BCN,0274,0000,072334,2,9,113549,2,8,32800,32794,00000,00000
BCN,0275,3670,072334,2,9,113549,2,8,32800,32794,00000,00000
BCN,0276,3446,072334,2,9,113549,2,8,32800,32794,00000,00000
BCN,0277,3555,072334,2,9,113549,2,8,32800,32794,00000,00000
BCN,0278,0000,072334,2,9,113549,2,8,32800,32794,00000,00000
BCN,0279,3908,072334,2,9,113549,2,8,32800,32794,00000,00000
BCN,0280,3803,068108,2,9,108249,2,8,32800,32793,00000,00000
BCN,0281,3663,068108,2,9,108249,2,8,32800,32793,00000,00000
BCN,0282,0000,068108,2,9,108249,2,8,32800,32793,00000,00000
BCN,0283,3533,068108,2,9,108249,2,8,32800,32793,00000,00000
BCN,0284,3741,068108,2,9,108249,2,8,32800,32793,00000,00000
BCN,0285,3786,068108,2,9,108249,2,8,32800,32793,00000,00000
BCN,0286,0000,066229,2,9,119921,2,8,32800,32793,00000,00000
BCN,0287,0000,066229,2,9,119921,2,8,32800,32793,00000,00000
BCN,0288,0000,066229,2,9,119921,2,8,32800,32793,00000,00000
BCN,0289,0000,066229,2,9,119921,2,8,32800,32793,00000,00000
BCN,0290,3691,066229,2,9,119921,2,8,32800,32793,00000,00000
BCN,0291,3455,066229,2,9,119921,2,8,32800,32793,00000,00000
BCN,0292,3705,060150,2,8,128757,2,9,32799,32793,00000,00000
BCN,0293,3917,060150,2,8,128757,2,9,32799,32793,00000,00000
BCN,0294,3706,060150,2,8,128757,2,9,32799,32793,00000,00000
BCN,0295,0000,060150,2,8,128757,2,9,32799,32793,00000,00000
BCN,0296,0000,060150,2,8,128757,2,9,32799,32793,00000,00000
BCN,0297,3876,060150,2,8,128757,2,9,32799,32793,00000,00000
BCN,0298,0000,064090,2,8,129879,2,9,32800,32793,00000,00000
BCN,0299,0000,064090,2,8,129879,2,9,32800,32793,00000,00000
BCN,0300,3663,064090,2,8,129879,2,9,32800,32793,00000,00000
BCN,0301,0000,064090,2,8,129879,2,9,32800,32793,00000,00000
BCN,0302,0000,064090,2,8,129879,2,9,32800,32793,00000,00000
BCN,0303,3873,064090,2,8,129879,2,9,32800,32793,00000,00000
BCN,0304,0000,066294,2,9,132113,2,9,32800,32793,00000,00000
BCN,0305,0000,066294,2,9,132113,2,9,32800,32793,00000,00000
BCN,0306,3509,066294,2,9,132113,2,9,32800,32793,00000,00000
BCN,0307,0000,066294,2,9,132113,2,9,32800,32793,00000,00000
BCN,0308,0000,066294,2,9,132113,2,9,32800,32793,00000,00000
BCN,0309,0000,066294,2,9,132113,2,9,32800,32793,00000,00000
BCN,0310,0000,066294,2,9,132113,2,9,32800,32793,00000,00000
BCN,0311,0000,064116,2,8,122878,2,8,32799,32793,00000,00000
BCN,0312,3518,064116,2,8,122878,2,8,32799,32793,00000,00000
BCN,0313,3738,064116,2,8,122878,2,8,32799,32793,00000,00000
BCN,0314,3391,064116,2,8,122878,2,8,32799,32793,00000,00000
BCN,0315,0000,064116,2,8,122878,2,8,32799,32793,00000,00000
BCN,0316,3567,064116,2,8,122878,2,8,32799,32793,00000,00000
BCN,0317,3763,061847,2,8,120509,2,8,32800,32793,00000,00000
BCN,0318,3566,061847,2,8,120509,2,8,32800,32793,00000,00000
BCN,0319,0000,061847,2,8,120509,2,8,32800,32793,00000,00000
BCN,0320,3866,061847,2,8,120509,2,8,32800,32793,00000,00000
BCN,0321,3993,061847,2,8,120509,2,8,32800,32793,00000,00000
BCN,0322,3706,061847,2,8,120509,2,8,32800,32793,00000,00000
BCN,0323,0000,061847,2,8,111080,2,8,32800,32793,00000,00000
BCN,0324,0000,061847,2,8,111080,2,8,32800,32793,00000,00000
BCN,0325,0000,061847,2,8,111080,2,8,32800,32793,00000,00000
BCN,0326,0000,061847,2,8,111080,2,8,32800,32793,00000,00000
BCN,0327,3668,061847,2,8,111080,2,8,32800,32793,00000,00000
BCN,0328,3482,061847,2,8,111080,2,8,32800,32793,00000,00000
BCN,0329,3755,063856,2,8,108472,2,8,32799,32793,00000,00000
BCN,0330,3517,063856,2,8,108472,2,8,32799,32793,00000,00000
BCN,0331,0000,063856,2,8,108472,2,8,32799,32793,00000,00000
BCN,0332,0000,063856,2,8,108472,2,8,32799,32793,00000,00000
BCN,0333,3749,063856,2,8,108472,2,8,32799,32793,00000,00000
BCN,0334,3709,063856,2,8,108472,2,8,32799,32793,00000,00000
BCN,0335,3698,059734,2,8,114660,2,8,32799,32792,00000,00000
BCN,0336,3875,059734,2,8,114660,2,8,32799,32792,00000,00000
BCN,0337,3907,059734,2,8,114660,2,8,32799,32792,00000,00000
BCN,0338,0000,059734,2,8,114660,2,8,32799,32792,00000,00000
BCN,0339,0000,059734,2,8,114660,2,8,32799,32792,00000,00000
BCN,0340,3817,059734,2,8,114660,2,8,32799,32792,00000,00000
BCN,0341,0000,070000,2,9,124262,2,9,32800,32792,00000,00000
BCN,0342,0000,070000,2,9,124262,2,9,32800,32792,00000,00000
BCN,0343,3469,070000,2,9,124262,2,9,32800,32792,00000,00000
BCN,0344,0000,070000,2,9,124262,2,9,32800,32792,00000,00000
BCN,0345,0000,070000,2,9,124262,2,9,32800,32792,00000,00000
BCN,0346,0000,070000,2,9,124262,2,9,32800,32792,00000,00000
BCN,0347,0000,070000,2,9,124262,2,9,32800,32792,00000,00000
BCN,0348,0000,063804,2,8,131873,2,9,32800,32792,00000,00000
BCN,0349,3481,063804,2,8,131873,2,9,32800,32792,00000,00000
BCN,0350,3547,063804,2,8,131873,2,9,32800,32792,00000,00000
BCN,0351,3510,063804,2,8,131873,2,9,32800,32792,00000,00000
BCN,0352,0000,063804,2,8,131873,2,9,32800,32792,00000,00000
BCN,0353,3910,063804,2,8,131873,2,9,32800,32792,00000,00000
BCN,0354,3949,063947,2,8,133291,2,9,32800,32792,00000,00000
BCN,0355,3753,063947,2,8,133291,2,9,32800,32792,00000,00000
BCN,0356,0000,063947,2,8,133291,2,9,32800,32792,00000,00000
BCN,0357,3801,063947,2,8,133291,2,9,32800,32792,00000,00000
BCN,0358,3509,063947,2,8,133291,2,9,32800,32792,00000,00000
BCN,0359,3499,063947,2,8,133291,2,9,32800,32792,00000,00000
BCN,0360,3793,059968,2,8,125713,2,9,32799,32792,00000,00000
BCN,0361,3877,059968,2,8,125713,2,9,32799,32792,00000,00000
BCN,0362,0000,059968,2,8,125713,2,9,32799,32792,00000,00000
BCN,0363,3857,059968,2,8,125713,2,9,32799,32792,00000,00000
BCN,0364,3689,059968,2,8,125713,2,9,32799,32792,00000,00000
BCN,0365,3758,059968,2,8,125713,2,9,32799,32792,00000,00000
BCN,0366,0000,063960,2,8,120465,2,8,32800,32792,00000,00000
BCN,0367,0000,063960,2,8,120465,2,8,32800,32792,00000,00000
BCN,0368,0000,063960,2,8,120465,2,8,32800,32792,00000,00000
BCN,0369,0000,063960,2,8,120465,2,8,32800,32792,00000,00000
BCN,0370,3731,063960,2,8,120465,2,8,32800,32792,00000,00000
BCN,0371,3694,063960,2,8,120465,2,8,32800,32792,00000,00000
BCN,0372,3942,066190,2,9,114059,2,8,32800,32792,00000,00000
BCN,0373,3670,066190,2,9,114059,2,8,32800,32792,00000,00000
BCN,0374,3974,066190,2,9,114059,2,8,32800,32792,00000,00000
BCN,0375,0000,066190,2,9,114059,2,8,32800,32792,00000,00000
BCN,0376,0000,066190,2,9,114059,2,8,32800,32792,00000,00000
BCN,0377,3789,066190,2,9,114059,2,8,32800,32792,00000,00000
BCN,0378,0000,062081,2,8,106370,2,7,32799,32792,00000,00000
BCN,0379,0000,062081,2,8,106370,2,7,32799,32792,00000,00000
BCN,0380,3757,062081,2,8,106370,2,7,32799,32792,00000,00000
BCN,0381,0000,062081,2,8,106370,2,7,32799,32792,00000,00000
BCN,0382,0000,062081,2,8,106370,2,7,32799,32792,00000,00000
BCN,0383,0000,062081,2,8,106370,2,7,32799,32792,00000,00000
BCN,0384,0000,062081,2,8,106370,2,7,32799,32792,00000,00000
BCN,0385,0000,061847,2,8,115436,2,8,32800,32791,00000,00000
BCN,0386,3660,061847,2,8,115436,2,8,32800,32791,00000,00000
BCN,0387,0000,061847,2,8,115436,2,8,32800,32791,00000,00000
BCN,0388,0000,061847,2,8,115436,2,8,32800,32791,00000,00000
BCN,0389,0000,061847,2,8,115436,2,8,32800,32791,00000,00000
BCN,0390,0000,061847,2,8,115436,2,8,32800,32791,00000,00000
BCN,0391,0000,063999,2,8,124931,2,9,32800,32791,00000,00000
BCN,0392,3549,063999,2,8,124931,2,9,32800,32791,00000,00000
BCN,0393,3662,063999,2,8,124931,2,9,32800,32791,00000,00000
BCN,0394,3786,063999,2,8,124931,2,9,32800,32791,00000,00000
BCN,0395,0000,063999,2,8,124931,2,9,32800,32791,00000,00000
BCN,0396,3411,063999,2,8,124931,2,9,32800,32791,00000,00000
BCN,0397,3518,063947,2,8,129549,2,9,32799,32791,00000,00000
BCN,0398,3563,063947,2,8,129549,2,9,32799,32791,00000,00000
BCN,0399,0000,063947,2,8,129549,2,9,32799,32791,00000,00000
BCN,0400,3675,063947,2,8,129549,2,9,32799,32791,00000,00000
BCN,0401,3661,063947,2,8,129549,2,9,32799,32791,00000,00000
BCN,0402,3575,063947,2,8,129549,2,9,32799,32791,00000,00000
BCN,0403,0000,059786,2,8,131891,2,9,32799,32791,00000,00000
BCN,0404,0000,059786,2,8,131891,2,9,32799,32791,00000,00000
BCN,0405,0000,059786,2,8,131891,2,9,32799,32791,00000,00000
BCN,0406,0000,059786,2,8,131891,2,9,32799,32791,00000,00000
BCN,0407,3621,059786,2,8,131891,2,9,32799,32791,00000,00000
BCN,0408,3865,059786,2,8,131891,2,9,32799,32791,00000,00000
BCN,0409,3382,070052,2,9,124333,2,9,32800,32791,00000,00000
BCN,0410,3455,070052,2,9,124333,2,9,32800,32791,00000,00000
BCN,0411,3692,070052,2,9,124333,2,9,32800,32791,00000,00000
BCN,0412,0000,070052,2,9,124333,2,9,32800,32791,00000,00000
BCN,0413,0000,070052,2,9,124333,2,9,32800,32791,00000,00000
BCN,0414,3741,070052,2,9,124333,2,9,32800,32791,00000,00000
BCN,0415,3497,063843,2,8,122360,2,9,32800,32791,00000,00000
BCN,0416,3558,063843,2,8,122360,2,9,32800,32791,00000,00000
BCN,0417,3787,063843,2,8,122360,2,9,32800,32791,00000,00000
BCN,0418,0000,063843,2,8,122360,2,9,32800,32791,00000,00000
BCN,0419,0000,063843,2,8,122360,2,9,32800,32791,00000,00000
BCN,0420,3876,063843,2,8,122360,2,9,32800,32791,00000,00000
BCN,0421,0000,063843,2,8,122360,2,9,32800,32791,00000,00000
BCN,0422,0000,067861,2,9,112287,2,8,32800,32791,00000,00000
BCN,0423,3643,067861,2,9,112287,2,8,32800,32791,00000,00000
BCN,0424,0000,067861,2,9,112287,2,8,32800,32791,00000,00000
BCN,0425,0000,067861,2,9,112287,2,8,32800,32791,00000,00000
BCN,0426,0000,067861,2,9,112287,2,8,32800,32791,00000,00000
BCN,0427,0000,067861,2,9,112287,2,8,32800,32791,00000,00000
BCN,0428,0000,061756,2,8,106598,2,7,32800,32791,00000,00000
BCN,0429,3501,061756,2,8,106598,2,7,32800,32791,00000,00000
BCN,0430,3877,061756,2,8,106598,2,7,32800,32791,00000,00000
BCN,0431,3940,061756,2,8,106598,2,7,32800,32791,00000,00000
BCN,0432,0000,061756,2,8,106598,2,7,32800,32791,00000,00000
BCN,0433,3928,061756,2,8,106598,2,7,32800,32791,00000,00000
BCN,0434,3912,063791,2,8,115499,2,8,32799,32790,00000,00000
BCN,0435,3638,063791,2,8,115499,2,8,32799,32790,00000,00000
BCN,0436,0000,063791,2,8,115499,2,8,32799,32790,00000,00000
BCN,0437,3325,063791,2,8,115499,2,8,32799,32790,00000,00000
BCN,0438,3936,063791,2,8,115499,2,8,32799,32790,00000,00000
BCN,0439,3659,063791,2,8,115499,2,8,32799,32790,00000,00000
BCN,0440,0000,063973,2,8,120432,2,8,32799,32790,00000,00000
BCN,0441,0000,063973,2,8,120432,2,8,32799,32790,00000,00000
BCN,0442,0000,063973,2,8,120432,2,8,32799,32790,00000,00000
BCN,0443,0000,063973,2,8,120432,2,8,32799,32790,00000,00000
BCN,0444,3517,063973,2,8,120432,2,8,32799,32790,00000,00000
BCN,0445,3798,063973,2,8,120432,2,8,32799,32790,00000,00000
BCN,0446,0000,072256,2,9,130180,2,9,32800,32790,00000,00000
BCN,0447,0000,072256,2,9,130180,2,9,32800,32790,00000,00000
BCN,0448,0000,072256,2,9,130180,2,9,32800,32790,00000,00000
BCN,0449,0000,072256,2,9,130180,2,9,32800,32790,00000,00000
BCN,0450,3735,072256,2,9,130180,2,9,32800,32790,00000,00000
BCN,0451,3937,072256,2,9,130180,2,9,32800,32790,00000,00000
BCN,0452,3547,068043,2,9,130951,2,9,32800,32790,00000,00000
BCN,0453,3677,068043,2,9,130951,2,9,32800,32790,00000,00000
BCN,0454,3563,068043,2,9,130951,2,9,32800,32790,00000,00000
BCN,0455,0000,068043,2,9,130951,2,9,32800,32790,00000,00000
BCN,0456,0000,068043,2,9,130951,2,9,32800,32790,00000,00000
BCN,0457,3821,068043,2,9,130951,2,9,32800,32790,00000,00000
BCN,0458,0000,068043,2,9,130951,2,9,32800,32790,00000,00000
BCN,0459,0000,066190,2,9,125795,2,9,32800,32790,00000,00000
BCN,0460,3545,066190,2,9,125795,2,9,32800,32790,00000,00000
BCN,0461,0000,066190,2,9,125795,2,9,32800,32790,00000,00000
BCN,0462,0000,066190,2,9,125795,2,9,32800,32790,00000,00000
BCN,0463,0000,066190,2,9,125795,2,9,32800,32790,00000,00000
BCN,0464,0000,066190,2,9,125795,2,9,32800,32790,00000,00000
BCN,0465,0000,060124,2,8,124178,2,9,32799,32790,00000,00000
BCN,0466,3518,060124,2,8,124178,2,9,32799,32790,00000,00000
BCN,0467,3689,060124,2,8,124178,2,9,32799,32790,00000,00000
BCN,0468,3796,060124,2,8,124178,2,9,32799,32790,00000,00000
BCN,0469,0000,060124,2,8,124178,2,9,32799,32790,00000,00000
BCN,0470,3684,060124,2,8,124178,2,9,32799,32790,00000,00000
BCN,0471,3515,064064,2,8,112781,2,8,32800,32790,00000,00000
BCN,0472,3816,064064,2,8,112781,2,8,32800,32790,00000,00000
BCN,0473,3862,064064,2,8,112781,2,8,32800,32790,00000,00000
BCN,0474,3543,064064,2,8,112781,2,8,32800,32790,00000,00000
BCN,0475,0000,064064,2,8,112781,2,8,32800,32790,00000,00000
BCN,0476,3482,064064,2,8,112781,2,8,32800,32790,00000,00000
BCN,0477,3710,066268,2,9,109757,2,8,32800,32790,00000,00000
BCN,0478,3561,066268,2,9,109757,2,8,32800,32790,00000,00000
BCN,0479,0000,066268,2,9,109757,2,8,32800,32790,00000,00000
BCN,0480,3629,066268,2,9,109757,2,8,32800,32790,00000,00000
BCN,0481,3977,066268,2,9,109757,2,8,32800,32790,00000,00000
BCN,0482,3766,066268,2,9,109757,2,8,32800,32790,00000,00000
BCN,0483,0000,062146,2,8,117361,2,8,32799,32789,00000,00000
BCN,0484,0000,062146,2,8,117361,2,8,32799,32789,00000,00000
BCN,0485,0000,062146,2,8,117361,2,8,32799,32789,00000,00000
BCN,0486,0000,062146,2,8,117361,2,8,32799,32789,00000,00000
BCN,0487,3325,062146,2,8,117361,2,8,32799,32789,00000,00000
BCN,0488,3495,062146,2,8,117361,2,8,32799,32789,00000,00000
BCN,0489,3862,064051,2,8,125088,2,9,32800,32789,00000,00000
BCN,0490,3682,064051,2,8,125088,2,9,32800,32789,00000,00000
BCN,0491,3924,064051,2,8,125088,2,9,32800,32789,00000,00000
BCN,0492,0000,064051,2,8,125088,2,9,32800,32789,00000,00000
BCN,0493,0000,064051,2,8,125088,2,9,32800,32789,00000,00000
BCN,0494,3453,064051,2,8,125088,2,9,32800,32789,00000,00000
BCN,0495,0000,064051,2,8,125088,2,9,32800,32789,00000,00000
BCN,0496,0000,064116,2,8,130179,2,9,32800,32789,00000,00000
BCN,0497,3756,064116,2,8,130179,2,9,32800,32789,00000,00000
BCN,0498,0000,064116,2,8,130179,2,9,32800,32789,00000,00000
BCN,0499,0000,064116,2,8,130179,2,9,32800,32789,00000,00000
BCN,0500,3534,064116,2,8,130179,2,9,32800,32789,00000,00000
BCN,0501,0000,064116,2,8,130179,2,9,32800,32789,00000,00000
BCN,0502,0000,064025,2,8,134793,2,9,32799,32789,00000,00000
BCN,0503,3660,064025,2,8,134793,2,9,32799,32789,00000,00000
BCN,0504,0000,064025,2,8,134793,2,9,32799,32789,00000,00000
BCN,0505,0000,064025,2,8,134793,2,9,32799,32789,00000,00000
BCN,0506,0000,064025,2,8,134793,2,9,32799,32789,00000,00000
BCN,0507,0000,064025,2,8,134793,2,9,32799,32789,00000,00000
BCN,0508,0000,061769,2,8,122379,2,9,32800,32789,00000,00000
BCN,0509,3295,061769,2,8,122379,2,9,32800,32789,00000,00000
BCN,0510,3803,061769,2,8,122379,2,9,32800,32789,00000,00000
BCN,0511,3751,061769,2,8,122379,2,9,32800,32789,00000,00000
BCN,0512,0000,061769,2,8,122379,2,9,32800,32789,00000,00000
BCN,0513,3503,061769,2,8,122379,2,9,32800,32789,00000,00000
BCN,0514,3787,061795,2,8,124608,2,9,32800,32789,00000,00000
BCN,0515,3914,061795,2,8,124608,2,9,32800,32789,00000,00000
BCN,0516,0000,061795,2,8,124608,2,9,32800,32789,00000,00000
BCN,0517,3443,061795,2,8,124608,2,9,32800,32789,00000,00000
BCN,0518,3510,061795,2,8,124608,2,9,32800,32789,00000,00000
BCN,0519,3478,061795,2,8,124608,2,9,32800,32789,00000,00000
BCN,0520,0000,063817,2,8,112081,2,8,32799,32789,00000,00000
BCN,0521,0000,063817,2,8,112081,2,8,32799,32789,00000,00000
BCN,0522,0000,063817,2,8,112081,2,8,32799,32789,00000,00000
BCN,0523,0000,063817,2,8,112081,2,8,32799,32789,00000,00000
BCN,0524,3509,063817,2,8,112081,2,8,32799,32789,00000,00000
BCN,0525,3547,063817,2,8,112081,2,8,32799,32789,00000,00000
BCN,0526,3749,059708,2,8,108971,2,8,32799,32789,00000,00000
BCN,0527,3638,059708,2,8,108971,2,8,32799,32789,00000,00000
BCN,0528,0000,059708,2,8,108971,2,8,32799,32789,00000,00000
BCN,0529,0000,059708,2,8,108971,2,8,32799,32789,00000,00000
BCN,0530,3702,059708,2,8,108971,2,8,32799,32789,00000,00000
BCN,0531,3795,059708,2,8,108971,2,8,32799,32789,00000,00000
BCN,0532,3622,059708,2,8,108971,2,8,32799,32789,00000,00000
BCN,0533,3513,069987,2,9,114466,2,8,32800,32788,00000,00000
BCN,0534,3892,069987,2,9,114466,2,8,32800,32788,00000,00000
BCN,0535,0000,069987,2,9,114466,2,8,32800,32788,00000,00000
BCN,0536,0000,069987,2,9,114466,2,8,32800,32788,00000,00000
BCN,0537,3693,069987,2,9,114466,2,8,32800,32788,00000,00000
BCN,0538,0000,069987,2,9,114466,2,8,32800,32788,00000,00000
BCN,0539,0000,063791,2,8,117206,2,8,32800,32788,00000,00000
BCN,0540,3435,063791,2,8,117206,2,8,32800,32788,00000,00000
BCN,0541,0000,063791,2,8,117206,2,8,32800,32788,00000,00000
BCN,0542,0000,063791,2,8,117206,2,8,32800,32788,00000,00000
BCN,0543,0000,063791,2,8,117206,2,8,32800,32788,00000,00000
BCN,0544,0000,063791,2,8,117206,2,8,32800,32788,00000,00000
BCN,0545,0000,067822,2,9,130381,2,9,32800,32788,00000,00000
BCN,0546,3694,067822,2,9,130381,2,9,32800,32788,00000,00000
BCN,0547,3910,067822,2,9,130381,2,9,32800,32788,00000,00000
BCN,0548,3686,067822,2,9,130381,2,9,32800,32788,00000,00000
BCN,0549,0000,067822,2,9,130381,2,9,32800,32788,00000,00000
BCN,0550,3323,067822,2,9,130381,2,9,32800,32788,00000,00000
BCN,0551,3566,061730,2,8,131399,2,9,32800,32788,00000,00000
BCN,0552,3483,061730,2,8,131399,2,9,32800,32788,00000,00000
BCN,0553,0000,061730,2,8,131399,2,9,32800,32788,00000,00000
BCN,0554,3667,061730,2,8,131399,2,9,32800,32788,00000,00000
BCN,0555,3876,061730,2,8,131399,2,9,32800,32788,00000,00000
BCN,0556,3513,061730,2,8,131399,2,9,32800,32788,00000,00000
BCN,0557,3509,065904,2,9,127016,2,9,32799,32788,00000,00000
BCN,0558,3732,065904,2,9,127016,2,9,32799,32788,00000,00000
BCN,0559,0000,065904,2,9,127016,2,9,32799,32788,00000,00000
BCN,0560,3511,065904,2,9,127016,2,9,32799,32788,00000,00000
BCN,0561,3565,065904,2,9,127016,2,9,32799,32788,00000,00000
BCN,0562,3689,065904,2,9,127016,2,9,32799,32788,00000,00000
BCN,0563,0000,064025,2,8,123468,2,9,32799,32788,00000,00000
BCN,0564,0000,064025,2,8,123468,2,9,32799,32788,00000,00000
BCN,0565,0000,064025,2,8,123468,2,9,32799,32788,00000,00000
BCN,0566,0000,064025,2,8,123468,2,9,32799,32788,00000,00000
BCN,0567,3500,064025,2,8,123468,2,9,32799,32788,00000,00000
BCN,0568,3567,064025,2,8,123468,2,9,32799,32788,00000,00000
BCN,0569,3860,064025,2,8,123468,2,9,32799,32788,00000,00000
BCN,0570,3789,072295,2,9,112504,2,8,32800,32788,00000,00000
BCN,0571,3798,072295,2,9,112504,2,8,32800,32788,00000,00000
BCN,0572,0000,072295,2,9,112504,2,8,32800,32788,00000,00000
BCN,0573,0000,072295,2,9,112504,2,8,32800,32788,00000,00000
BCN,0574,3574,072295,2,9,112504,2,8,32800,32788,00000,00000
BCN,0575,0000,072295,2,9,112504,2,8,32800,32788,00000,00000
BCN,0576,0000,059955,2,8,108559,2,8,32800,32788,00000,00000
BCN,0577,3435,059955,2,8,108559,2,8,32800,32788,00000,00000
BCN,0578,0000,059955,2,8,108559,2,8,32800,32788,00000,00000
BCN,0579,0000,059955,2,8,108559,2,8,32800,32788,00000,00000
BCN,0580,0000,059955,2,8,108559,2,8,32800,32788,00000,00000
BCN,0581,0000,059955,2,8,108559,2,8,32800,32788,00000,00000
BCN,0582,0000,068069,2,9,116660,2,8,32799,32787,00000,00000
BCN,0583,3666,068069,2,9,116660,2,8,32799,32787,00000,00000
BCN,0584,0000,068069,2,9,116660,2,8,32799,32787,00000,00000
BCN,0585,0000,068069,2,9,116660,2,8,32799,32787,00000,00000
BCN,0586,0000,068069,2,9,116660,2,8,32799,32787,00000,00000
BCN,0587,0000,068069,2,9,116660,2,8,32799,32787,00000,00000
BCN,0588,0000,066242,2,9,124831,2,9,32799,32787,00000,00000
BCN,0589,3937,066242,2,9,124831,2,9,32799,32787,00000,00000
BCN,0590,3485,066242,2,9,124831,2,9,32799,32787,00000,00000
BCN,0591,3717,066242,2,9,124831,2,9,32799,32787,00000,00000
BCN,0592,0000,066242,2,9,124831,2,9,32799,32787,00000,00000
BCN,0593,3691,066242,2,9,124831,2,9,32799,32787,00000,00000
BCN,0594,3630,072425,2,9,130401,2,9,32800,32787,00000,00000
BCN,0595,3510,072425,2,9,130401,2,9,32800,32787,00000,00000
BCN,0596,0000,072425,2,9,130401,2,9,32800,32787,00000,00000
BCN,0597,3802,072425,2,9,130401,2,9,32800,32787,00000,00000
BCN,0598,3894,072425,2,9,130401,2,9,32800,32787,00000,00000
BCN,0599,3516,072425,2,9,130401,2,9,32800,32787,00000,00000
BCN,0600,0000,068173,2,9,134031,2,9,32800,32787,00000,00000
BCN,0601,0000,068173,2,9,134031,2,9,32800,32787,00000,00000
BCN,0602,0000,068173,2,9,134031,2,9,32800,32787,00000,00000
BCN,0603,0000,068173,2,9,134031,2,9,32800,32787,00000,00000
BCN,0604,3866,068173,2,9,134031,2,9,32800,32787,00000,00000
BCN,0605,3564,068173,2,9,134031,2,9,32800,32787,00000,00000
BCN,0606,3921,068173,2,9,134031,2,9,32800,32787,00000,00000
BCN,0607,3687,066281,2,9,124785,2,9,32800,32787,00000,00000
BCN,0608,3766,066281,2,9,124785,2,9,32800,32787,00000,00000
BCN,0609,0000,066281,2,9,124785,2,9,32800,32787,00000,00000
BCN,0610,0000,066281,2,9,124785,2,9,32800,32787,00000,00000
BCN,0611,3437,066281,2,9,124785,2,9,32800,32787,00000,00000
BCN,0612,3580,066281,2,9,124785,2,9,32800,32787,00000,00000
BCN,0613,3511,062146,2,8,119811,2,8,32799,32787,00000,00000
BCN,0614,3571,062146,2,8,119811,2,8,32799,32787,00000,00000
BCN,0615,0000,062146,2,8,119811,2,8,32799,32787,00000,00000
BCN,0616,0000,062146,2,8,119811,2,8,32799,32787,00000,00000
BCN,0617,3419,062146,2,8,119811,2,8,32799,32787,00000,00000
BCN,0618,0000,062146,2,8,119811,2,8,32799,32787,00000,00000
BCN,0619,0000,064051,2,8,112739,2,8,32800,32787,00000,00000
BCN,0620,3938,064051,2,8,112739,2,8,32800,32787,00000,00000
BCN,0621,0000,064051,2,8,112739,2,8,32800,32787,00000,00000
BCN,0622,0000,064051,2,8,112739,2,8,32800,32787,00000,00000
BCN,0623,0000,064051,2,8,112739,2,8,32800,32787,00000,00000
BCN,0624,0000,064051,2,8,112739,2,8,32800,32787,00000,00000
BCN,0625,0000,066255,2,9,108458,2,8,32800,32786,00000,00000
BCN,0626,3688,066255,2,9,108458,2,8,32800,32786,00000,00000
BCN,0627,3687,066255,2,9,108458,2,8,32800,32786,00000,00000
BCN,0628,3877,066255,2,9,108458,2,8,32800,32786,00000,00000
BCN,0629,0000,066255,2,9,108458,2,8,32800,32786,00000,00000
BCN,0630,3659,066255,2,9,108458,2,8,32800,32786,00000,00000
BCN,0631,3671,062133,2,8,120589,2,8,32799,32786,00000,00000
BCN,0632,3850,062133,2,8,120589,2,8,32799,32786,00000,00000
BCN,0633,0000,062133,2,8,120589,2,8,32799,32786,00000,00000
BCN,0634,3662,062133,2,8,120589,2,8,32799,32786,00000,00000
BCN,0635,3739,062133,2,8,120589,2,8,32799,32786,00000,00000
BCN,0636,3509,062133,2,8,120589,2,8,32799,32786,00000,00000
BCN,0637,0000,064038,2,8,124081,2,9,32800,32786,00000,00000
BCN,0638,0000,064038,2,8,124081,2,9,32800,32786,00000,00000
BCN,0639,0000,064038,2,8,124081,2,9,32800,32786,00000,00000
BCN,0640,3454,064038,2,8,124081,2,9,32800,32786,00000,00000
BCN,0641,3853,064038,2,8,124081,2,9,32800,32786,00000,00000
BCN,0642,3881,064038,2,8,124081,2,9,32800,32786,00000,00000
BCN,0643,0000,064038,2,8,124081,2,9,32800,32786,00000,00000
BCN,0644,0000,064116,2,8,130781,2,9,32800,32786,00000,00000
BCN,0645,0000,064116,2,8,130781,2,9,32800,32786,00000,00000
BCN,0646,0000,064116,2,8,130781,2,9,32800,32786,00000,00000
BCN,0647,3978,064116,2,8,130781,2,9,32800,32786,00000,00000
BCN,0648,3661,064116,2,8,130781,2,9,32800,32786,00000,00000
BCN,0649,3763,064116,2,8,130781,2,9,32800,32786,00000,00000
BCN,0650,3579,064025,2,8,126886,2,9,32799,32786,00000,00000
BCN,0651,3794,064025,2,8,126886,2,9,32799,32786,00000,00000
BCN,0652,0000,064025,2,8,126886,2,9,32799,32786,00000,00000
BCN,0653,0000,064025,2,8,126886,2,9,32799,32786,00000,00000
BCN,0654,3917,064025,2,8,126886,2,9,32799,32786,00000,00000
BCN,0655,0000,064025,2,8,126886,2,9,32799,32786,00000,00000
BCN,0656,0000,061769,2,8,122674,2,9,32800,32786,00000,00000
BCN,0657,3500,061769,2,8,122674,2,9,32800,32786,00000,00000
BCN,0658,0000,061769,2,8,122674,2,9,32800,32786,00000,00000
BCN,0659,0000,061769,2,8,122674,2,9,32800,32786,00000,00000
BCN,0660,0000,061769,2,8,122674,2,9,32800,32786,00000,00000
BCN,0661,0000,061769,2,8,122674,2,9,32800,32786,00000,00000
BCN,0662,0000,063934,2,8,114411,2,8,32800,32786,00000,00000
BCN,0663,3689,063934,2,8,114411,2,8,32800,32786,00000,00000
BCN,0664,3854,063934,2,8,114411,2,8,32800,32786,00000,00000
BCN,0665,3501,063934,2,8,114411,2,8,32800,32786,00000,00000
BCN,0666,0000,063934,2,8,114411,2,8,32800,32786,00000,00000
BCN,0667,3501,063934,2,8,114411,2,8,32800,32786,00000,00000
BCN,0668,0000,063895,2,8,112700,2,8,32799,32786,00000,00000
BCN,0669,3797,063895,2,8,112700,2,8,32799,32786,00000,00000
BCN,0670,3508,063895,2,8,112700,2,8,32799,32786,00000,00000
BCN,0671,3764,063895,2,8,112700,2,8,32799,32786,00000,00000
BCN,0672,0000,063895,2,8,112700,2,8,32799,32786,00000,00000
BCN,0673,3659,063895,2,8,112700,2,8,32799,32786,00000,00000
BCN,0674,3484,061678,2,8,113157,2,8,32800,32785,00000,00000
BCN,0675,3876,061678,2,8,113157,2,8,32800,32785,00000,00000
BCN,0676,0000,061678,2,8,113157,2,8,32800,32785,00000,00000
BCN,0677,3625,061678,2,8,113157,2,8,32800,32785,00000,00000
BCN,0678,3565,061678,2,8,113157,2,8,32800,32785,00000,00000
BCN,0679,3542,061678,2,8,113157,2,8,32800,32785,00000,00000
BCN,0680,0000,061678,2,8,113157,2,8,32800,32785,00000,00000
BCN,0681,0000,063869,2,8,117707,2,8,32800,32785,00000,00000
BCN,0682,0000,063869,2,8,117707,2,8,32800,32785,00000,00000
BCN,0683,0000,063869,2,8,117707,2,8,32800,32785,00000,00000
BCN,0684,3849,063869,2,8,117707,2,8,32800,32785,00000,00000
BCN,0685,3707,063869,2,8,117707,2,8,32800,32785,00000,00000
BCN,0686,3501,063869,2,8,117707,2,8,32800,32785,00000,00000
BCN,0687,3677,063843,2,8,126860,2,9,32799,32785,00000,00000
BCN,0688,3547,063843,2,8,126860,2,9,32799,32785,00000,00000
BCN,0689,0000,063843,2,8,126860,2,9,32799,32785,00000,00000
BCN,0690,0000,063843,2,8,126860,2,9,32799,32785,00000,00000
BCN,0691,3516,063843,2,8,126860,2,9,32799,32785,00000,00000
BCN,0692,0000,063843,2,8,126860,2,9,32799,32785,00000,00000
BCN,0693,0000,061639,2,8,129778,2,9,32800,32785,00000,00000
BCN,0694,3734,061639,2,8,129778,2,9,32800,32785,00000,00000
BCN,0695,0000,061639,2,8,129778,2,9,32800,32785,00000,00000
BCN,0696,0000,061639,2,8,129778,2,9,32800,32785,00000,00000
BCN,0697,3518,061639,2,8,129778,2,9,32800,32785,00000,00000
BCN,0698,0000,061639,2,8,129778,2,9,32800,32785,00000,00000
BCN,0699,0000,061691,2,8,125570,2,9,32800,32785,00000,00000
BCN,0700,3866,061691,2,8,125570,2,9,32800,32785,00000,00000
BCN,0701,0000,061691,2,8,125570,2,9,32800,32785,00000,00000
BCN,0702,0000,061691,2,8,125570,2,9,32800,32785,00000,00000
BCN,0703,0000,061691,2,8,125570,2,9,32800,32785,00000,00000
BCN,0704,0000,061691,2,8,125570,2,9,32800,32785,00000,00000
BCN,0705,0000,063752,2,8,122576,2,9,32799,32785,00000,00000
BCN,0706,3913,063752,2,8,122576,2,9,32799,32785,00000,00000
BCN,0707,3916,063752,2,8,122576,2,9,32799,32785,00000,00000
BCN,0708,3510,063752,2,8,122576,2,9,32799,32785,00000,00000
BCN,0709,0000,063752,2,8,122576,2,9,32799,32785,00000,00000
BCN,0710,3455,063752,2,8,122576,2,9,32799,32785,00000,00000
BCN,0711,3780,059643,2,8,113047,2,8,32799,32785,00000,00000
BCN,0712,3788,059643,2,8,113047,2,8,32799,32785,00000,00000
BCN,0713,0000,059643,2,8,113047,2,8,32799,32785,00000,00000
BCN,0714,3858,059643,2,8,113047,2,8,32799,32785,00000,00000
BCN,0715,3787,059643,2,8,113047,2,8,32799,32785,00000,00000
BCN,0716,3509,059643,2,8,113047,2,8,32799,32785,00000,00000
BCN,0717,0000,059643,2,8,113047,2,8,32799,32785,00000,00000
BCN,0718,0000,069935,2,9,108589,2,8,32800,32785,00000,00000
BCN,0719,0000,069935,2,9,108589,2,8,32800,32785,00000,00000
BCN,0720,0000,069935,2,9,108589,2,8,32800,32785,00000,00000
BCN,0721,3830,069935,2,9,108589,2,8,32800,32785,00000,00000
BCN,0722,3327,069935,2,9,108589,2,8,32800,32785,00000,00000
BCN,0723,3665,069935,2,9,108589,2,8,32800,32785,00000,00000
BCN,0724,0000,063752,2,8,115683,2,8,32800,32784,00000,00000
BCN,0725,0000,063752,2,8,115683,2,8,32800,32784,00000,00000
BCN,0726,0000,063752,2,8,115683,2,8,32800,32784,00000,00000
BCN,0727,3510,063752,2,8,115683,2,8,32800,32784,00000,00000
BCN,0728,3509,063752,2,8,115683,2,8,32800,32784,00000,00000
BCN,0729,3326,063752,2,8,115683,2,8,32800,32784,00000,00000
BCN,0730,3890,067809,2,9,119779,2,8,32800,32784,00000,00000
BCN,0731,3689,067809,2,9,119779,2,8,32800,32784,00000,00000
BCN,0732,0000,067809,2,9,119779,2,8,32800,32784,00000,00000
BCN,0733,0000,067809,2,9,119779,2,8,32800,32784,00000,00000
BCN,0734,3578,067809,2,9,119779,2,8,32800,32784,00000,00000
BCN,0735,0000,067809,2,9,119779,2,8,32800,32784,00000,00000
BCN,0736,0000,061704,2,8,131785,2,9,32800,32784,00000,00000
BCN,0737,3451,061704,2,8,131785,2,9,32800,32784,00000,00000
BCN,0738,0000,061704,2,8,131785,2,9,32800,32784,00000,00000
BCN,0739,0000,061704,2,8,131785,2,9,32800,32784,00000,00000
BCN,0740,0000,061704,2,8,131785,2,9,32800,32784,00000,00000
BCN,0741,0000,061704,2,8,131785,2,9,32800,32784,00000,00000
BCN,0742,0000,063765,2,8,130141,2,9,32799,32784,00000,00000
BCN,0743,3581,063765,2,8,130141,2,9,32799,32784,00000,00000
BCN,0744,3668,063765,2,8,130141,2,9,32799,32784,00000,00000
BCN,0745,3510,063765,2,8,130141,2,9,32799,32784,00000,00000
BCN,0746,0000,063765,2,8,130141,2,9,32799,32784,00000,00000
BCN,0747,0000,063765,2,8,130141,2,9,32799,32784,00000,00000
BCN,0748,0000,059656,2,8,047776,2,3,32799,32769,00000,00000
BCN,0749,0000,059656,2,8,047776,2,3,32799,32769,00000,00000
BCN,0750,3565,059656,2,8,047776,2,3,32799,32769,00000,00000
BCN,0751,3686,059656,2,8,047776,2,3,32799,32769,00000,00000
BCN,0752,3970,059656,2,8,047776,2,3,32799,32769,00000,00000
BCN,0753,3679,059656,2,8,047776,2,3,32799,32769,00000,00000
BCN,0754,3533,059656,2,8,047776,2,3,32799,32769,00000,00000
BCN,0755,0000,069948,2,9,121864,2,9,32800,32764,00000,00000
BCN,0756,0000,069948,2,9,121864,2,9,32800,32764,00000,00000
BCN,0757,3510,069948,2,9,121864,2,9,32800,32764,00000,00000
BCN,0758,0000,069948,2,9,121864,2,9,32800,32764,00000,00000
BCN,0759,0000,069948,2,9,121864,2,9,32800,32764,00000,00000
BCN,0760,3686,069948,2,9,121864,2,9,32800,32764,00000,00000
BCN,0761,0000,063765,2,8,120554,2,8,32800,32764,00000,00000
BCN,0762,0000,063765,2,8,120554,2,8,32800,32764,00000,00000
BCN,0763,0000,063765,2,8,120554,2,8,32800,32764,00000,00000
BCN,0764,0000,063765,2,8,120554,2,8,32800,32764,00000,00000
BCN,0765,0000,063765,2,8,120554,2,8,32800,32764,00000,00000
BCN,0766,3736,063765,2,8,120554,2,8,32800,32764,00000,00000
BCN,0767,3849,065852,2,9,124451,2,9,32800,32765,00000,00000
BCN,0768,4003,065852,2,9,124451,2,9,32800,32765,00000,00000
BCN,0769,0000,065852,2,9,124451,2,9,32800,32765,00000,00000
BCN,0770,0000,065852,2,9,124451,2,9,32800,32765,00000,00000
BCN,0771,0000,065852,2,9,124451,2,9,32800,32765,00000,00000
BCN,0772,3421,065852,2,9,124451,2,9,32800,32765,00000,00000
BCN,0773,3889,059877,2,8,118448,2,8,32799,32766,00000,00000
BCN,0774,3893,059877,2,8,118448,2,8,32799,32766,00000,00000
BCN,0775,0000,059877,2,8,118448,2,8,32799,32766,00000,00000
BCN,0776,3437,059877,2,8,118448,2,8,32799,32766,00000,00000
BCN,0777,3518,059877,2,8,118448,2,8,32799,32766,00000,00000
BCN,0778,3874,059877,2,8,118448,2,8,32799,32766,00000,00000
BCN,0779,0000,063882,2,8,122204,2,9,32800,32767,00000,00000
BCN,0780,3777,063882,2,8,122204,2,9,32800,32767,00000,00000
BCN,0781,3327,063882,2,8,122204,2,9,32800,32767,00000,00000
BCN,0782,3865,063882,2,8,122204,2,9,32800,32767,00000,00000
BCN,0783,0000,063882,2,8,122204,2,9,32800,32767,00000,00000
BCN,0784,0000,063882,2,8,122204,2,9,32800,32767,00000,00000
BCN,0785,0000,066138,2,9,114910,2,8,32800,32768,00000,00000
BCN,0786,0000,066138,2,9,114910,2,8,32800,32768,00000,00000
BCN,0787,3693,066138,2,9,114910,2,8,32800,32768,00000,00000
BCN,0788,3796,066138,2,9,114910,2,8,32800,32768,00000,00000
BCN,0789,4004,066138,2,9,114910,2,8,32800,32768,00000,00000
BCN,0790,3574,066138,2,9,114910,2,8,32800,32768,00000,00000
BCN,0791,3511,066138,2,9,114910,2,8,32800,32768,00000,00000
BCN,0792,0000,062042,2,8,131291,2,9,32799,32768,00000,00000
BCN,0793,0000,062042,2,8,131291,2,9,32799,32768,00000,00000
BCN,0794,3904,062042,2,8,131291,2,9,32799,32768,00000,00000
BCN,0795,0000,062042,2,8,131291,2,9,32799,32768,00000,00000
BCN,0796,0000,062042,2,8,131291,2,9,32799,32768,00000,00000
BCN,0797,3543,062042,2,8,131291,2,9,32799,32768,00000,00000
BCN,0798,0000,061821,2,8,134062,2,9,32800,32768,00000,00000
BCN,0799,0000,061821,2,8,134062,2,9,32800,32768,00000,00000
BCN,0800,3908,061821,2,8,134062,2,9,32800,32768,00000,00000
BCN,0801,0000,061821,2,8,134062,2,9,32800,32768,00000,00000
BCN,0802,0000,061821,2,8,134062,2,9,32800,32768,00000,00000
BCN,0803,3515,061821,2,8,134062,2,9,32800,32768,00000,00000
BCN,0804,0000,063973,2,8,125633,2,9,32800,32768,00000,00000
BCN,0805,0000,063973,2,8,125633,2,9,32800,32768,00000,00000
BCN,0806,0000,063973,2,8,125633,2,9,32800,32768,00000,00000
BCN,0807,0000,063973,2,8,125633,2,9,32800,32768,00000,00000
BCN,0808,0000,063973,2,8,125633,2,9,32800,32768,00000,00000
BCN,0809,3549,063973,2,8,125633,2,9,32800,32768,00000,00000
BCN,0810,3946,063921,2,8,120096,2,8,32799,32768,00000,00000
BCN,0811,3914,063921,2,8,120096,2,8,32799,32768,00000,00000
BCN,0812,0000,063921,2,8,120096,2,8,32799,32768,00000,00000
BCN,0813,3667,063921,2,8,120096,2,8,32799,32768,00000,00000
BCN,0814,3437,063921,2,8,120096,2,8,32799,32768,00000,00000
BCN,0815,3885,063921,2,8,120096,2,8,32799,32768,00000,00000
BCN,0816,0000,059773,2,8,109577,2,8,32799,32768,00000,00000
BCN,0817,3506,059773,2,8,109577,2,8,32799,32768,00000,00000
BCN,0818,3435,059773,2,8,109577,2,8,32799,32768,00000,00000
BCN,0819,3912,059773,2,8,109577,2,8,32799,32768,00000,00000
BCN,0820,0000,059773,2,8,109577,2,8,32799,32768,00000,00000
BCN,0821,0000,059773,2,8,109577,2,8,32799,32768,00000,00000
BCN,0822,0000,070039,2,9,110753,2,8,32800,32767,00000,00000
BCN,0823,0000,070039,2,9,110753,2,8,32800,32767,00000,00000
BCN,0824,3327,070039,2,9,110753,2,8,32800,32767,00000,00000
BCN,0825,3474,070039,2,9,110753,2,8,32800,32767,00000,00000
BCN,0826,0000,070039,2,9,110753,2,8,32800,32767,00000,00000
BCN,0827,0000,070039,2,9,110753,2,8,32800,32767,00000,00000
BCN,0828,0000,070039,2,9,110753,2,8,32800,32767,00000,00000
BCN,0829,0000,063830,2,8,122484,2,9,32800,32768,00000,00000
BCN,0830,3661,063830,2,8,122484,2,9,32800,32768,00000,00000
BCN,0831,3575,063830,2,8,122484,2,9,32800,32768,00000,00000
BCN,0832,3940,063830,2,8,122484,2,9,32800,32768,00000,00000
BCN,0833,3435,063830,2,8,122484,2,9,32800,32768,00000,00000
BCN,0834,3795,063830,2,8,122484,2,9,32800,32768,00000,00000
BCN,0835,0000,067861,2,9,125282,2,9,32800,32768,00000,00000
BCN,0836,0000,067861,2,9,125282,2,9,32800,32768,00000,00000
BCN,0837,3974,067861,2,9,125282,2,9,32800,32768,00000,00000
BCN,0838,0000,067861,2,9,125282,2,9,32800,32768,00000,00000
BCN,0839,0000,067861,2,9,125282,2,9,32800,32768,00000,00000
BCN,0840,3876,067861,2,9,125282,2,9,32800,32768,00000,00000
BCN,0841,0000,061756,2,8,129016,2,9,32800,32768,00000,00000
BCN,0842,0000,061756,2,8,129016,2,9,32800,32768,00000,00000
BCN,0843,0000,061756,2,8,129016,2,9,32800,32768,00000,00000
BCN,0844,0000,061756,2,8,129016,2,9,32800,32768,00000,00000
BCN,0845,0000,061756,2,8,129016,2,9,32800,32768,00000,00000
BCN,0846,3794,061756,2,8,129016,2,9,32800,32768,00000,00000
BCN,0847,3786,063791,2,8,133495,2,9,32799,32768,00000,00000
BCN,0848,3291,063791,2,8,133495,2,9,32799,32768,00000,00000
BCN,0849,0000,063791,2,8,133495,2,9,32799,32768,00000,00000
BCN,0850,3852,063791,2,8,133495,2,9,32799,32768,00000,00000
BCN,0851,3446,063791,2,8,133495,2,9,32799,32768,00000,00000
BCN,0852,3453,063791,2,8,133495,2,9,32799,32768,00000,00000
BCN,0853,0000,059682,2,8,124542,2,9,32799,32768,00000,00000
BCN,0854,3747,059682,2,8,124542,2,9,32799,32768,00000,00000
BCN,0855,0000,059682,2,8,124542,2,9,32799,32768,00000,00000
BCN,0856,3801,059682,2,8,124542,2,9,32799,32768,00000,00000
BCN,0857,3502,059682,2,8,124542,2,9,32799,32768,00000,00000
BCN,0858,3534,059682,2,8,124542,2,9,32799,32768,00000,00000
BCN,0859,0000,069961,2,9,122755,2,9,32800,32768,00000,00000
BCN,0860,3735,069961,2,9,122755,2,9,32800,32768,00000,00000
BCN,0861,3506,069961,2,9,122755,2,9,32800,32768,00000,00000
BCN,0862,3667,069961,2,9,122755,2,9,32800,32768,00000,00000
BCN,0863,0000,069961,2,9,122755,2,9,32800,32768,00000,00000
BCN,0864,0000,069961,2,9,122755,2,9,32800,32768,00000,00000
BCN,0865,0000,069961,2,9,122755,2,9,32800,32768,00000,00000
BCN,0866,0000,065904,2,9,113052,2,8,32800,32768,00000,00000
BCN,0867,3757,065904,2,9,113052,2,8,32800,32768,00000,00000
BCN,0868,3817,065904,2,9,113052,2,8,32800,32768,00000,00000
BCN,0869,3662,065904,2,9,113052,2,8,32800,32768,00000,00000
BCN,0870,3734,065904,2,9,113052,2,8,32800,32768,00000,00000
BCN,0871,3941,065904,2,9,113052,2,8,32800,32768,00000,00000
BCN,0872,0000,066112,2,9,116605,2,8,32800,32767,00000,00000
BCN,0873,0000,066112,2,9,116605,2,8,32800,32767,00000,00000
BCN,0874,3786,066112,2,9,116605,2,8,32800,32767,00000,00000
BCN,0875,0000,066112,2,9,116605,2,8,32800,32767,00000,00000
BCN,0876,0000,066112,2,9,116605,2,8,32800,32767,00000,00000
BCN,0877,3757,066112,2,9,116605,2,8,32800,32767,00000,00000
BCN,0878,0000,060072,2,8,124629,2,9,32799,32768,00000,00000
BCN,0879,0000,060072,2,8,124629,2,9,32799,32768,00000,00000
BCN,0880,0000,060072,2,8,124629,2,9,32799,32768,00000,00000
BCN,0881,0000,060072,2,8,124629,2,9,32799,32768,00000,00000
BCN,0882,0000,060072,2,8,124629,2,9,32799,32768,00000,00000
BCN,0883,3806,060072,2,8,124629,2,9,32799,32768,00000,00000
BCN,0884,0000,064025,2,8,126453,2,9,32800,32768,00000,00000
BCN,0885,0000,064025,2,8,126453,2,9,32800,32768,00000,00000
BCN,0886,0000,064025,2,8,126453,2,9,32800,32768,00000,00000
BCN,0887,0000,064025,2,8,126453,2,9,32800,32768,00000,00000
BCN,0888,0000,064025,2,8,126453,2,9,32800,32768,00000,00000
BCN,0889,3882,064025,2,8,126453,2,9,32800,32768,00000,00000
BCN,0890,3565,066242,2,9,129260,2,9,32800,32768,00000,00000
BCN,0891,3547,066242,2,9,129260,2,9,32800,32768,00000,00000
BCN,0892,0000,066242,2,9,129260,2,9,32800,32768,00000,00000
BCN,0893,3573,066242,2,9,129260,2,9,32800,32768,00000,00000
BCN,0894,3325,066242,2,9,129260,2,9,32800,32768,00000,00000
BCN,0895,3702,066242,2,9,129260,2,9,32800,32768,00000,00000
BCN,0896,0000,062120,2,8,126774,2,9,32799,32768,00000,00000
BCN,0897,3691,062120,2,8,126774,2,9,32799,32768,00000,00000
BCN,0898,3326,062120,2,8,126774,2,9,32799,32768,00000,00000
BCN,0899,3694,062120,2,8,126774,2,9,32799,32768,00000,00000
BCN,0900,0000,062120,2,8,126774,2,9,32799,32768,00000,00000
BCN,0901,0000,062120,2,8,126774,2,9,32799,32768,00000,00000
BCN,0902,0000,062120,2,8,126774,2,9,32799,32768,00000,00000
BCN,0903,0000,064038,2,8,124097,2,9,32800,32768,00000,00000
BCN,0904,3894,064038,2,8,124097,2,9,32800,32768,00000,00000
BCN,0905,3881,064038,2,8,124097,2,9,32800,32768,00000,00000
BCN,0906,3515,064038,2,8,124097,2,9,32800,32768,00000,00000
BCN,0907,3437,064038,2,8,124097,2,9,32800,32768,00000,00000
BCN,0908,3734,064038,2,8,124097,2,9,32800,32768,00000,00000
BCN,0909,0000,064103,2,8,116254,2,8,32800,32768,00000,00000
BCN,0910,0000,064103,2,8,116254,2,8,32800,32768,00000,00000
BCN,0911,3730,064103,2,8,116254,2,8,32800,32768,00000,00000
BCN,0912,3571,064103,2,8,116254,2,8,32800,32768,00000,00000
BCN,0913,3447,064103,2,8,116254,2,8,32800,32768,00000,00000
BCN,0914,3675,064103,2,8,116254,2,8,32800,32768,00000,00000
BCN,0915,0000,064012,2,8,114210,2,8,32799,32768,00000,00000
BCN,0916,0000,064012,2,8,114210,2,8,32799,32768,00000,00000
BCN,0917,3885,064012,2,8,114210,2,8,32799,32768,00000,00000
BCN,0918,0000,064012,2,8,114210,2,8,32799,32768,00000,00000
BCN,0919,0000,064012,2,8,114210,2,8,32799,32768,00000,00000
BCN,0920,3772,064012,2,8,114210,2,8,32799,32768,00000,00000
BCN,0921,0000,061769,2,8,105147,2,7,32800,32768,00000,00000
BCN,0922,0000,061769,2,8,105147,2,7,32800,32768,00000,00000
BCN,0923,0000,061769,2,8,105147,2,7,32800,32768,00000,00000
BCN,0924,0000,061769,2,8,105147,2,7,32800,32768,00000,00000
BCN,0925,0000,061769,2,8,105147,2,7,32800,32768,00000,00000
BCN,0926,3311,061769,2,8,105147,2,7,32800,32768,00000,00000
BCN,0927,3574,061795,2,8,116499,2,8,32800,32767,00000,00000
BCN,0928,3786,061795,2,8,116499,2,8,32800,32767,00000,00000
BCN,0929,0000,061795,2,8,116499,2,8,32800,32767,00000,00000
BCN,0930,3731,061795,2,8,116499,2,8,32800,32767,00000,00000
BCN,0931,3914,061795,2,8,116499,2,8,32800,32767,00000,00000
BCN,0932,3917,061795,2,8,116499,2,8,32800,32767,00000,00000
BCN,0933,0000,063817,2,8,123500,2,9,32799,32768,00000,00000
BCN,0934,3511,063817,2,8,123500,2,9,32799,32768,00000,00000
BCN,0935,3731,063817,2,8,123500,2,9,32799,32768,00000,00000
BCN,0936,3885,063817,2,8,123500,2,9,32799,32768,00000,00000
BCN,0937,0000,063817,2,8,123500,2,9,32799,32768,00000,00000
BCN,0938,0000,063817,2,8,123500,2,9,32799,32768,00000,00000
BCN,0939,0000,063817,2,8,123500,2,9,32799,32768,00000,00000
BCN,0940,0000,061847,2,8,130047,2,9,32799,32768,00000,00000
BCN,0941,3739,061847,2,8,130047,2,9,32799,32768,00000,00000
BCN,0942,3439,061847,2,8,130047,2,9,32799,32768,00000,00000
BCN,0943,0000,061847,2,8,130047,2,9,32799,32768,00000,00000
BCN,0944,0000,061847,2,8,130047,2,9,32799,32768,00000,00000
BCN,0945,0000,061847,2,8,130047,2,9,32799,32768,00000,00000
BCN,0946,0000,072191,2,9,131412,2,9,32800,32768,00000,00000
BCN,0947,3515,072191,2,9,131412,2,9,32800,32768,00000,00000
BCN,0948,3789,072191,2,9,131412,2,9,32800,32768,00000,00000
BCN,0949,3693,072191,2,9,131412,2,9,32800,32768,00000,00000
BCN,0950,0000,072191,2,9,131412,2,9,32800,32768,00000,00000
BCN,0951,0000,072191,2,9,131412,2,9,32800,32768,00000,00000
BCN,0952,0000,066047,2,9,089471,2,6,32800,32768,00000,00000
BCN,0953,3667,066047,2,9,089471,2,6,32800,32768,00000,00000
BCN,0954,3912,066047,2,9,089471,2,6,32800,32768,00000,00000
BCN,0955,0000,066047,2,9,089471,2,6,32800,32768,00000,00000
BCN,0956,3326,066047,2,9,089471,2,6,32800,32768,00000,00000
BCN,0957,3977,066047,2,9,089471,2,6,32800,32768,00000,00000
BCN,0958,3770,064090,2,8,035487,2,2,32800,32773,00000,00000
BCN,0959,3913,064090,2,8,035487,2,2,32800,32773,00000,00000
BCN,0960,3501,064090,2,8,035487,2,2,32800,32773,00000,00000
BCN,0961,0000,064090,2,8,035487,2,2,32800,32773,00000,00000
BCN,0962,3439,064090,2,8,035487,2,2,32800,32773,00000,00000
BCN,0963,3788,064090,2,8,035487,2,2,32800,32773,00000,00000
BCN,0964,3730,060085,2,8,112821,2,8,32799,32784,00000,00000
BCN,0965,0000,060085,2,8,112821,2,8,32799,32784,00000,00000
BCN,0966,3515,060085,2,8,112821,2,8,32799,32784,00000,00000
BCN,0967,3502,060085,2,8,112821,2,8,32799,32784,00000,00000
BCN,0968,3637,060085,2,8,112821,2,8,32799,32784,00000,00000
BCN,0969,0000,060085,2,8,112821,2,8,32799,32784,00000,00000
BCN,0970,0000,064038,2,8,109104,2,7,32800,32783,00000,00000
BCN,0971,0000,064038,2,8,109104,2,7,32800,32783,00000,00000
BCN,0972,0000,064038,2,8,109104,2,7,32800,32783,00000,00000
BCN,0973,3474,064038,2,8,109104,2,7,32800,32783,00000,00000
BCN,0974,3545,064038,2,8,109104,2,7,32800,32783,00000,00000
BCN,0975,3794,064038,2,8,109104,2,7,32800,32783,00000,00000
BCN,0976,3748,064038,2,8,109104,2,7,32800,32783,00000,00000
BCN,0977,3519,066242,2,9,119751,2,8,32800,32783,00000,00000
BCN,0978,0000,066242,2,9,119751,2,8,32800,32783,00000,00000
BCN,0979,0000,066242,2,9,119751,2,8,32800,32783,00000,00000
BCN,0980,3954,066242,2,9,119751,2,8,32800,32783,00000,00000
BCN,0981,0000,066242,2,9,119751,2,8,32800,32783,00000,00000
BCN,0982,0000,066242,2,9,119751,2,8,32800,32783,00000,00000
BCN,0983,3881,060163,2,8,127803,2,9,32799,32783,00000,00000
BCN,0984,0000,060163,2,8,127803,2,9,32799,32783,00000,00000
BCN,0985,0000,060163,2,8,127803,2,9,32799,32783,00000,00000
BCN,0986,0000,060163,2,8,127803,2,9,32799,32783,00000,00000
BCN,0987,0000,060163,2,8,127803,2,9,32799,32783,00000,00000
BCN,0988,0000,060163,2,8,127803,2,9,32799,32783,00000,00000
BCN,0989,3659,064103,2,8,129822,2,9,32800,32783,00000,00000
BCN,0990,0000,064103,2,8,129822,2,9,32800,32783,00000,00000
BCN,0991,0000,064103,2,8,129822,2,9,32800,32783,00000,00000
BCN,0992,0000,064103,2,8,129822,2,9,32800,32783,00000,00000
BCN,0993,0000,064103,2,8,129822,2,9,32800,32783,00000,00000
BCN,0994,0000,064103,2,8,129822,2,9,32800,32783,00000,00000
BCN,0995,3510,066294,2,9,134856,2,9,32800,32783,00000,00000
BCN,0996,3533,066294,2,9,134856,2,9,32800,32783,00000,00000
BCN,0997,3675,066294,2,9,134856,2,9,32800,32783,00000,00000
BCN,0998,0000,066294,2,9,134856,2,9,32800,32783,00000,00000
BCN,0999,3898,066294,2,9,134856,2,9,32800,32783,00000,00000
BCN,1000,3661,066294,2,9,134856,2,9,32800,32783,00000,00000
BCN,1001,3574,062159,2,8,120788,2,9,32799,32783,00000,00000
BCN,1002,0000,062159,2,8,120788,2,9,32799,32783,00000,00000
BCN,1003,3693,062159,2,8,120788,2,9,32799,32783,00000,00000
BCN,1004,3693,062159,2,8,120788,2,9,32799,32783,00000,00000
BCN,1005,3515,062159,2,8,120788,2,9,32799,32783,00000,00000
BCN,1006,0000,062159,2,8,120788,2,9,32799,32783,00000,00000
BCN,1007,0000,064064,2,8,122004,2,9,32800,32783,00000,00000
BCN,1008,0000,064064,2,8,122004,2,9,32800,32783,00000,00000
BCN,1009,0000,064064,2,8,122004,2,9,32800,32783,00000,00000
BCN,1010,3912,064064,2,8,122004,2,9,32800,32783,00000,00000
BCN,1011,3812,064064,2,8,122004,2,9,32800,32783,00000,00000
BCN,1012,3805,064064,2,8,122004,2,9,32800,32783,00000,00000
BCN,1013,3691,064064,2,8,122004,2,9,32800,32783,00000,00000
BCN,1014,3748,064129,2,8,112676,2,8,32800,32783,00000,00000
BCN,1015,0000,064129,2,8,112676,2,8,32800,32783,00000,00000
BCN,1016,3763,064129,2,8,112676,2,8,32800,32783,00000,00000
BCN,1017,3483,064129,2,8,112676,2,8,32800,32783,00000,00000
BCN,1018,3467,064129,2,8,112676,2,8,32800,32783,00000,00000
BCN,1019,3881,064129,2,8,112676,2,8,32800,32783,00000,00000
BCN,1020,3583,064038,2,8,107397,2,7,32799,32783,00000,00000
BCN,1021,0000,064038,2,8,107397,2,7,32799,32783,00000,00000
BCN,1022,0000,064038,2,8,107397,2,7,32799,32783,00000,00000
BCN,1023,3628,064038,2,8,107397,2,7,32799,32783,00000,00000
BCN,1024,0000,064038,2,8,107397,2,7,32799,32783,00000,00000
BCN,1025,0000,064038,2,8,107397,2,7,32799,32783,00000,00000
BCN,1026,3770,061782,2,8,115052,2,8,32800,32782,00000,00000
BCN,1027,0000,061782,2,8,115052,2,8,32800,32782,00000,00000
BCN,1028,0000,061782,2,8,115052,2,8,32800,32782,00000,00000
BCN,1029,0000,061782,2,8,115052,2,8,32800,32782,00000,00000
BCN,1030,0000,061782,2,8,115052,2,8,32800,32782,00000,00000
BCN,1031,0000,061782,2,8,115052,2,8,32800,32782,00000,00000
BCN,1032,3511,061795,2,8,126142,2,9,32800,32782,00000,00000
BCN,1033,3638,061795,2,8,126142,2,9,32800,32782,00000,00000
BCN,1034,3875,061795,2,8,126142,2,9,32800,32782,00000,00000
BCN,1035,0000,061795,2,8,126142,2,9,32800,32782,00000,00000
BCN,1036,3567,061795,2,8,126142,2,9,32800,32782,00000,00000
BCN,1037,3884,061795,2,8,126142,2,9,32800,32782,00000,00000
BCN,1038,3567,063830,2,8,131393,2,9,32799,32782,00000,00000
BCN,1039,0000,063830,2,8,131393,2,9,32799,32782,00000,00000
BCN,1040,3515,063830,2,8,131393,2,9,32799,32782,00000,00000
BCN,1041,3514,063830,2,8,131393,2,9,32799,32782,00000,00000
BCN,1042,3673,063830,2,8,131393,2,9,32799,32782,00000,00000
BCN,1043,3802,063830,2,8,131393,2,9,32799,32782,00000,00000
BCN,1044,3549,059708,2,8,133517,2,9,32799,32782,00000,00000
BCN,1045,0000,059708,2,8,133517,2,9,32799,32782,00000,00000
BCN,1046,3772,059708,2,8,133517,2,9,32799,32782,00000,00000
BCN,1047,3511,059708,2,8,133517,2,9,32799,32782,00000,00000
BCN,1048,3907,059708,2,8,133517,2,9,32799,32782,00000,00000
BCN,1049,0000,059708,2,8,133517,2,9,32799,32782,00000,00000
BCN,1050,0000,059708,2,8,133517,2,9,32799,32782,00000,00000
BCN,1051,0000,069987,2,9,123711,2,9,32800,32782,00000,00000
BCN,1052,0000,069987,2,9,123711,2,9,32800,32782,00000,00000
BCN,1053,3730,069987,2,9,123711,2,9,32800,32782,00000,00000
BCN,1054,3564,069987,2,9,123711,2,9,32800,32782,00000,00000
BCN,1055,3892,069987,2,9,123711,2,9,32800,32782,00000,00000
BCN,1056,3928,069987,2,9,123711,2,9,32800,32782,00000,00000
BCN,1057,3558,063791,2,8,117455,2,8,32800,32782,00000,00000
BCN,1058,0000,063791,2,8,117455,2,8,32800,32782,00000,00000
BCN,1059,0000,063791,2,8,117455,2,8,32800,32782,00000,00000
BCN,1060,3670,063791,2,8,117455,2,8,32800,32782,00000,00000
BCN,1061,0000,063791,2,8,117455,2,8,32800,32782,00000,00000
BCN,1062,0000,063791,2,8,117455,2,8,32800,32782,00000,00000
BCN,1063,3770,067822,2,9,111067,2,8,32800,32782,00000,00000
BCN,1064,0000,067822,2,9,111067,2,8,32800,32782,00000,00000
BCN,1065,0000,067822,2,9,111067,2,8,32800,32782,00000,00000
BCN,1066,0000,067822,2,9,111067,2,8,32800,32782,00000,00000
BCN,1067,0000,067822,2,9,111067,2,8,32800,32782,00000,00000
BCN,1068,0000,067822,2,9,111067,2,8,32800,32782,00000,00000
BCN,1069,3858,061730,2,8,111782,2,8,32800,32781,00000,00000
BCN,1070,3455,061730,2,8,111782,2,8,32800,32781,00000,00000
BCN,1071,0000,061730,2,8,111782,2,8,32800,32781,00000,00000
BCN,1072,0000,061730,2,8,111782,2,8,32800,32781,00000,00000
BCN,1073,0000,061730,2,8,111782,2,8,32800,32781,00000,00000
BCN,1074,0000,061730,2,8,111782,2,8,32800,32781,00000,00000
BCN,1075,3437,063778,2,8,120796,2,8,32799,32781,00000,00000
BCN,1076,3865,063778,2,8,120796,2,8,32799,32781,00000,00000
BCN,1077,3785,063778,2,8,120796,2,8,32799,32781,00000,00000
BCN,1078,0000,063778,2,8,120796,2,8,32799,32781,00000,00000
BCN,1079,3756,063778,2,8,120796,2,8,32799,32781,00000,00000
BCN,1080,3798,063778,2,8,120796,2,8,32799,32781,00000,00000
BCN,1081,3939,061808,2,8,126285,2,9,32799,32781,00000,00000
BCN,1082,0000,061808,2,8,126285,2,9,32799,32781,00000,00000
BCN,1083,3849,061808,2,8,126285,2,9,32799,32781,00000,00000
BCN,1084,0000,061808,2,8,126285,2,9,32799,32781,00000,00000
BCN,1085,0000,061808,2,8,126285,2,9,32799,32781,00000,00000
BCN,1086,0000,061808,2,8,126285,2,9,32799,32781,00000,00000
BCN,1087,0000,061808,2,8,126285,2,9,32799,32781,00000,00000
BCN,1088,0000,072165,2,9,130998,2,9,32800,32781,00000,00000
BCN,1089,3674,072165,2,9,130998,2,9,32800,32781,00000,00000
BCN,1090,0000,072165,2,9,130998,2,9,32800,32781,00000,00000
BCN,1091,0000,072165,2,9,130998,2,9,32800,32781,00000,00000
BCN,1092,3515,072165,2,9,130998,2,9,32800,32781,00000,00000
BCN,1093,0000,072165,2,9,130998,2,9,32800,32781,00000,00000
BCN,1094,0000,066021,2,9,124107,2,9,32800,32761,00000,00000
BCN,1095,0000,066021,2,9,124107,2,9,32800,32761,00000,00000
BCN,1096,0000,066021,2,9,124107,2,9,32800,32761,00000,00000
BCN,1097,0000,066021,2,9,124107,2,9,32800,32761,00000,00000
BCN,1098,3517,066021,2,9,124107,2,9,32800,32761,00000,00000
BCN,1099,3858,066021,2,9,124107,2,9,32800,32761,00000,00000
BCN,1100,3907,066203,2,9,124663,2,9,32800,32761,00000,00000
BCN,1101,0000,066203,2,9,124663,2,9,32800,32761,00000,00000
BCN,1102,3742,066203,2,9,124663,2,9,32800,32761,00000,00000
BCN,1103,3615,066203,2,9,124663,2,9,32800,32761,00000,00000
BCN,1104,3293,066203,2,9,124663,2,9,32800,32761,00000,00000
BCN,1105,0000,066203,2,9,124663,2,9,32800,32761,00000,00000
BCN,1106,3565,060137,2,8,120247,2,8,32799,32762,00000,00000
BCN,1107,3689,060137,2,8,120247,2,8,32799,32762,00000,00000
BCN,1108,3766,060137,2,8,120247,2,8,32799,32762,00000,00000
BCN,1109,0000,060137,2,8,120247,2,8,32799,32762,00000,00000
BCN,1110,0000,060137,2,8,120247,2,8,32799,32762,00000,00000
BCN,1111,0000,060137,2,8,120247,2,8,32799,32762,00000,00000
BCN,1112,0000,064077,2,8,119237,2,8,32800,32763,00000,00000
BCN,1113,3674,064077,2,8,119237,2,8,32800,32763,00000,00000
BCN,1114,3607,064077,2,8,119237,2,8,32800,32763,00000,00000
BCN,1115,3565,064077,2,8,119237,2,8,32800,32763,00000,00000
BCN,1116,0000,064077,2,8,119237,2,8,32800,32763,00000,00000
BCN,1117,0000,064077,2,8,119237,2,8,32800,32763,00000,00000
BCN,1118,0000,066281,2,9,123637,2,9,32800,32764,00000,00000
BCN,1119,3803,066281,2,9,123637,2,9,32800,32764,00000,00000
BCN,1120,3579,066281,2,9,123637,2,9,32800,32764,00000,00000
BCN,1121,3938,066281,2,9,123637,2,9,32800,32764,00000,00000
BCN,1122,3578,066281,2,9,123637,2,9,32800,32764,00000,00000
BCN,1123,3721,066281,2,9,123637,2,9,32800,32764,00000,00000
BCN,1124,0000,066281,2,9,123637,2,9,32800,32764,00000,00000
BCN,1125,0000,060189,2,8,112034,2,8,32799,32765,00000,00000
BCN,1126,3685,060189,2,8,112034,2,8,32799,32765,00000,00000
BCN,1127,0000,060189,2,8,112034,2,8,32799,32765,00000,00000
BCN,1128,0000,060189,2,8,112034,2,8,32799,32765,00000,00000
BCN,1129,3519,060189,2,8,112034,2,8,32799,32765,00000,00000
BCN,1130,0000,060189,2,8,112034,2,8,32799,32765,00000,00000
BCN,1131,0000,064116,2,8,111957,2,8,32800,32766,00000,00000
BCN,1132,0000,064116,2,8,111957,2,8,32800,32766,00000,00000
BCN,1133,0000,064116,2,8,111957,2,8,32800,32766,00000,00000
BCN,1134,0000,064116,2,8,111957,2,8,32800,32766,00000,00000
BCN,1135,3881,064116,2,8,111957,2,8,32800,32766,00000,00000
BCN,1136,3749,064116,2,8,111957,2,8,32800,32766,00000,00000
BCN,1137,3679,066307,2,9,108929,2,8,32800,32766,00000,00000
BCN,1138,0000,066307,2,9,108929,2,8,32800,32766,00000,00000
BCN,1139,3311,066307,2,9,108929,2,8,32800,32766,00000,00000
BCN,1140,3731,066307,2,9,108929,2,8,32800,32766,00000,00000
BCN,1141,3666,066307,2,9,108929,2,8,32800,32766,00000,00000
BCN,1142,0000,066307,2,9,108929,2,8,32800,32766,00000,00000
BCN,1143,3938,062172,2,8,111978,2,8,32799,32767,00000,00000
BCN,1144,0000,062172,2,8,111978,2,8,32799,32767,00000,00000
BCN,1145,3291,062172,2,8,111978,2,8,32799,32767,00000,00000
BCN,1146,3534,062172,2,8,111978,2,8,32799,32767,00000,00000
BCN,1147,3878,062172,2,8,111978,2,8,32799,32767,00000,00000
BCN,1148,0000,062172,2,8,111978,2,8,32799,32767,00000,00000
BCN,1149,3619,064064,2,8,123406,2,9,32800,32768,00000,00000
BCN,1150,3675,064064,2,8,123406,2,9,32800,32768,00000,00000
BCN,1151,3677,064064,2,8,123406,2,9,32800,32768,00000,00000
BCN,1152,0000,064064,2,8,123406,2,9,32800,32768,00000,00000
BCN,1153,0000,064064,2,8,123406,2,9,32800,32768,00000,00000
BCN,1154,0000,064064,2,8,123406,2,9,32800,32768,00000,00000
BCN,1155,0000,066268,2,9,105795,2,7,32800,32768,00000,00000
BCN,1156,3437,066268,2,9,105795,2,7,32800,32768,00000,00000
BCN,1157,3439,066268,2,9,105795,2,7,32800,32768,00000,00000
BCN,1158,3802,066268,2,9,105795,2,7,32800,32768,00000,00000
BCN,1159,3506,066268,2,9,105795,2,7,32800,32768,00000,00000
BCN,1160,3666,066268,2,9,105795,2,7,32800,32768,00000,00000
BCN,1161,0000,066268,2,9,105795,2,7,32800,32768,00000,00000
BCN,1162,0000,062146,2,8,116033,2,8,32799,32768,00000,00000
BCN,1163,3557,062146,2,8,116033,2,8,32799,32768,00000,00000
BCN,1164,0000,062146,2,8,116033,2,8,32799,32768,00000,00000
BCN,1165,0000,062146,2,8,116033,2,8,32799,32768,00000,00000
BCN,1166,3913,062146,2,8,116033,2,8,32799,32768,00000,00000
BCN,1167,0000,062146,2,8,116033,2,8,32799,32768,00000,00000
BCN,1168,0000,061899,2,8,124985,2,9,32800,32768,00000,00000
BCN,1169,0000,061899,2,8,124985,2,9,32800,32768,00000,00000
BCN,1170,0000,061899,2,8,124985,2,9,32800,32768,00000,00000
BCN,1171,0000,061899,2,8,124985,2,9,32800,32768,00000,00000
BCN,1172,3703,061899,2,8,124985,2,9,32800,32768,00000,00000
BCN,1173,0000,061899,2,8,124985,2,9,32800,32768,00000,00000
BCN,1174,0000,064038,2,8,130279,2,9,32800,32768,00000,00000
BCN,1175,0000,064038,2,8,130279,2,9,32800,32768,00000,00000
BCN,1176,0000,064038,2,8,130279,2,9,32800,32768,00000,00000
BCN,1177,0000,064038,2,8,130279,2,9,32800,32768,00000,00000
BCN,1178,3573,064038,2,8,130279,2,9,32800,32768,00000,00000
BCN,1179,3874,064038,2,8,130279,2,9,32800,32768,00000,00000
BCN,1180,3482,063973,2,8,128976,2,9,32799,32768,00000,00000
BCN,1181,0000,063973,2,8,128976,2,9,32799,32768,00000,00000
BCN,1182,3510,063973,2,8,128976,2,9,32799,32768,00000,00000
BCN,1183,3930,063973,2,8,128976,2,9,32799,32768,00000,00000
BCN,1184,3884,063973,2,8,128976,2,9,32799,32768,00000,00000
BCN,1185,0000,063973,2,8,128976,2,9,32799,32768,00000,00000
BCN,1186,3577,061730,2,8,123648,2,9,32800,32768,00000,00000
BCN,1187,3862,061730,2,8,123648,2,9,32800,32768,00000,00000
BCN,1188,3913,061730,2,8,123648,2,9,32800,32768,00000,00000
BCN,1189,0000,061730,2,8,123648,2,9,32800,32768,00000,00000
BCN,1190,0000,061730,2,8,123648,2,9,32800,32768,00000,00000
BCN,1191,0000,061730,2,8,123648,2,9,32800,32768,00000,00000
BCN,1192,0000,063908,2,8,114681,2,8,32800,32768,00000,00000
BCN,1193,3785,063908,2,8,114681,2,8,32800,32768,00000,00000
BCN,1194,3794,063908,2,8,114681,2,8,32800,32768,00000,00000
BCN,1195,3755,063908,2,8,114681,2,8,32800,32768,00000,00000
BCN,1196,3739,063908,2,8,114681,2,8,32800,32768,00000,00000
BCN,1197,3890,063908,2,8,114681,2,8,32800,32768,00000,00000
BCN,1198,0000,063908,2,8,114681,2,8,32800,32768,00000,00000
BCN,1199,3566,063869,2,8,113553,2,8,32799,32768,00000,00000
BCN,1200,3856,063869,2,8,113553,2,8,32799,32768,00000,00000
BCN,1201,3547,063869,2,8,113553,2,8,32799,32768,00000,00000
BCN,1202,3518,063869,2,8,113553,2,8,32799,32768,00000,00000
BCN,1203,3513,063869,2,8,113553,2,8,32799,32768,00000,00000
BCN,1204,0000,063869,2,8,113553,2,8,32799,32768,00000,00000
BCN,1205,0000,061665,2,8,108082,2,8,32800,32767,00000,00000
BCN,1206,3325,061665,2,8,108082,2,8,32800,32767,00000,00000
BCN,1207,0000,061665,2,8,108082,2,8,32800,32767,00000,00000
BCN,1208,0000,061665,2,8,108082,2,8,32800,32767,00000,00000
BCN,1209,3913,061665,2,8,108082,2,8,32800,32767,00000,00000
BCN,1210,0000,061665,2,8,108082,2,8,32800,32767,00000,00000
BCN,1211,0000,063856,2,8,123589,2,9,32800,32768,00000,00000
BCN,1212,0000,063856,2,8,123589,2,9,32800,32768,00000,00000
BCN,1213,0000,063856,2,8,123589,2,9,32800,32768,00000,00000
BCN,1214,0000,063856,2,8,123589,2,9,32800,32768,00000,00000
BCN,1215,3828,063856,2,8,123589,2,9,32800,32768,00000,00000
BCN,1216,3849,063856,2,8,123589,2,9,32800,32768,00000,00000
BCN,1217,3771,063830,2,8,126895,2,9,32799,32768,00000,00000
BCN,1218,0000,063830,2,8,126895,2,9,32799,32768,00000,00000
BCN,1219,3515,063830,2,8,126895,2,9,32799,32768,00000,00000
BCN,1220,3501,063830,2,8,126895,2,9,32799,32768,00000,00000
BCN,1221,3483,063830,2,8,126895,2,9,32799,32768,00000,00000
BCN,1222,0000,063830,2,8,126895,2,9,32799,32768,00000,00000
BCN,1223,3748,061626,2,8,128483,2,9,32800,32768,00000,00000
BCN,1224,3737,061626,2,8,128483,2,9,32800,32768,00000,00000
BCN,1225,3853,061626,2,8,128483,2,9,32800,32768,00000,00000
BCN,1226,0000,061626,2,8,128483,2,9,32800,32768,00000,00000
BCN,1227,0000,061626,2,8,128483,2,9,32800,32768,00000,00000
BCN,1228,0000,061626,2,8,128483,2,9,32800,32768,00000,00000
BCN,1229,3883,063830,2,8,134751,2,9,32800,32768,00000,00000
BCN,1230,3929,063830,2,8,134751,2,9,32800,32768,00000,00000
BCN,1231,3684,063830,2,8,134751,2,9,32800,32768,00000,00000
BCN,1232,0000,063830,2,8,134751,2,9,32800,32768,00000,00000
BCN,1233,0000,063830,2,8,134751,2,9,32800,32768,00000,00000
BCN,1234,0000,063830,2,8,134751,2,9,32800,32768,00000,00000
BCN,1235,0000,063830,2,8,134751,2,9,32800,32768,00000,00000
BCN,1236,3692,063817,2,8,123014,2,9,32799,32768,00000,00000
BCN,1237,3685,063817,2,8,123014,2,9,32799,32768,00000,00000
BCN,1238,3941,063817,2,8,123014,2,9,32799,32768,00000,00000
BCN,1239,3418,063817,2,8,123014,2,9,32799,32768,00000,00000
BCN,1240,3738,063817,2,8,123014,2,9,32799,32768,00000,00000
BCN,1241,0000,063817,2,8,123014,2,9,32799,32768,00000,00000
BCN,1242,0000,061613,2,8,122855,2,9,32800,32768,00000,00000
BCN,1243,3627,061613,2,8,122855,2,9,32800,32768,00000,00000
BCN,1244,0000,061613,2,8,122855,2,9,32800,32768,00000,00000
BCN,1245,0000,061613,2,8,122855,2,9,32800,32768,00000,00000
BCN,1246,3669,061613,2,8,122855,2,9,32800,32768,00000,00000
BCN,1247,0000,061613,2,8,122855,2,9,32800,32768,00000,00000
BCN,1248,0000,063830,2,8,112503,2,8,32800,32768,00000,00000
BCN,1249,0000,063830,2,8,112503,2,8,32800,32768,00000,00000
BCN,1250,0000,063830,2,8,112503,2,8,32800,32768,00000,00000
BCN,1251,0000,063830,2,8,112503,2,8,32800,32768,00000,00000
BCN,1252,3506,063830,2,8,112503,2,8,32800,32768,00000,00000
BCN,1253,3531,063830,2,8,112503,2,8,32800,32768,00000,00000
BCN,1254,3862,063804,2,8,108341,2,8,32799,32767,00000,00000
BCN,1255,0000,063804,2,8,108341,2,8,32799,32767,00000,00000
BCN,1256,0000,063804,2,8,108341,2,8,32799,32767,00000,00000
BCN,1257,0000,063804,2,8,108341,2,8,32799,32767,00000,00000
BCN,1258,3916,063804,2,8,108341,2,8,32799,32767,00000,00000
BCN,1259,3487,063804,2,8,108341,2,8,32799,32767,00000,00000
BCN,1260,3803,061613,2,8,118879,2,8,32800,32768,00000,00000
BCN,1261,0000,061613,2,8,118879,2,8,32800,32768,00000,00000
BCN,1262,3773,061613,2,8,118879,2,8,32800,32768,00000,00000
BCN,1263,3743,061613,2,8,118879,2,8,32800,32768,00000,00000
BCN,1264,3443,061613,2,8,118879,2,8,32800,32768,00000,00000
BCN,1265,0000,061613,2,8,118879,2,8,32800,32768,00000,00000
BCN,1266,3822,061678,2,8,126340,2,9,32800,32768,00000,00000
BCN,1267,3659,061678,2,8,126340,2,9,32800,32768,00000,00000
BCN,1268,3510,061678,2,8,126340,2,9,32800,32768,00000,00000
BCN,1269,0000,061678,2,8,126340,2,9,32800,32768,00000,00000
BCN,1270,0000,061678,2,8,126340,2,9,32800,32768,00000,00000
BCN,1271,0000,061678,2,8,126340,2,9,32800,32768,00000,00000
BCN,1272,0000,061678,2,8,126340,2,9,32800,32768,00000,00000
BCN,1273,3988,063739,2,8,129886,2,9,32799,32768,00000,00000
BCN,1274,3659,063739,2,8,129886,2,9,32799,32768,00000,00000
BCN,1275,3678,063739,2,8,129886,2,9,32799,32768,00000,00000
BCN,1276,3694,063739,2,8,129886,2,9,32799,32768,00000,00000
BCN,1277,3708,063739,2,8,129886,2,9,32799,32768,00000,00000
BCN,1278,0000,063739,2,8,129886,2,9,32799,32768,00000,00000
BCN,1279,0000,057504,2,8,134204,2,9,32799,32768,00000,00000
BCN,1280,3651,057504,2,8,134204,2,9,32799,32768,00000,00000
BCN,1281,0000,057504,2,8,134204,2,9,32799,32768,00000,00000
BCN,1282,0000,057504,2,8,134204,2,9,32799,32768,00000,00000
BCN,1283,3944,057504,2,8,134204,2,9,32799,32768,00000,00000
BCN,1284,0000,057504,2,8,134204,2,9,32799,32768,00000,00000
BCN,1285,0000,061548,2,8,126691,2,9,32800,32768,00000,00000
BCN,1286,3658,061548,2,8,126691,2,9,32800,32768,00000,00000
BCN,1287,0000,061548,2,8,126691,2,9,32800,32768,00000,00000
BCN,1288,0000,061548,2,8,126691,2,9,32800,32768,00000,00000
BCN,1289,3789,061548,2,8,126691,2,9,32800,32768,00000,00000
BCN,1290,0000,061548,2,8,126691,2,9,32800,32768,00000,00000
BCN,1291,0000,061626,2,8,123865,2,9,32800,32768,00000,00000
BCN,1292,0000,061626,2,8,123865,2,9,32800,32768,00000,00000
BCN,1293,0000,061626,2,8,123865,2,9,32800,32768,00000,00000
BCN,1294,0000,061626,2,8,123865,2,9,32800,32768,00000,00000
BCN,1295,3894,061626,2,8,123865,2,9,32800,32768,00000,00000
BCN,1296,3888,061626,2,8,123865,2,9,32800,32768,00000,00000
BCN,1297,3501,063700,2,8,114186,2,8,32799,32768,00000,00000
BCN,1298,0000,063700,2,8,114186,2,8,32799,32768,00000,00000
BCN,1299,3846,063700,2,8,114186,2,8,32799,32768,00000,00000
BCN,1300,3734,063700,2,8,114186,2,8,32799,32768,00000,00000
BCN,1301,3565,063700,2,8,114186,2,8,32799,32768,00000,00000
BCN,1302,0000,063700,2,8,114186,2,8,32799,32768,00000,00000
BCN,1303,3547,059617,2,8,109269,2,8,32799,32768,00000,00000
BCN,1304,3514,059617,2,8,109269,2,8,32799,32768,00000,00000
BCN,1305,3877,059617,2,8,109269,2,8,32799,32768,00000,00000
BCN,1306,0000,059617,2,8,109269,2,8,32799,32768,00000,00000
BCN,1307,0000,059617,2,8,109269,2,8,32799,32768,00000,00000
BCN,1308,0000,059617,2,8,109269,2,8,32799,32768,00000,00000
BCN,1309,0000,059617,2,8,109269,2,8,32799,32768,00000,00000
BCN,1310,3783,069909,2,9,115152,2,8,32800,32767,00000,00000
BCN,1311,3747,069909,2,9,115152,2,8,32800,32767,00000,00000
BCN,1312,0000,069909,2,9,115152,2,8,32800,32767,00000,00000
BCN,1313,0000,069909,2,9,115152,2,8,32800,32767,00000,00000
BCN,1314,0000,069909,2,9,115152,2,8,32800,32767,00000,00000
BCN,1315,0000,069909,2,9,115152,2,8,32800,32767,00000,00000
BCN,1316,3668,063739,2,8,119259,2,8,32800,32768,00000,00000
BCN,1317,3544,063739,2,8,119259,2,8,32800,32768,00000,00000
BCN,1318,3675,063739,2,8,119259,2,8,32800,32768,00000,00000
BCN,1319,3511,063739,2,8,119259,2,8,32800,32768,00000,00000
BCN,1320,3787,063739,2,8,119259,2,8,32800,32768,00000,00000
BCN,1321,0000,063739,2,8,119259,2,8,32800,32768,00000,00000
BCN,1322,0000,067783,2,9,130050,2,9,32800,32768,00000,00000
BCN,1323,3859,067783,2,9,130050,2,9,32800,32768,00000,00000
BCN,1324,0000,067783,2,9,130050,2,9,32800,32768,00000,00000
BCN,1325,0000,067783,2,9,130050,2,9,32800,32768,00000,00000
BCN,1326,3876,067783,2,9,130050,2,9,32800,32768,00000,00000
BCN,1327,0000,067783,2,9,130050,2,9,32800,32768,00000,00000
BCN,1328,0000,061704,2,8,134937,2,9,32800,32768,00000,00000
BCN,1329,0000,061704,2,8,134937,2,9,32800,32768,00000,00000
BCN,1330,0000,061704,2,8,134937,2,9,32800,32768,00000,00000
BCN,1331,0000,061704,2,8,134937,2,9,32800,32768,00000,00000
BCN,1332,3803,061704,2,8,134937,2,9,32800,32768,00000,00000
BCN,1333,3698,061704,2,8,134937,2,9,32800,32768,00000,00000
BCN,1334,3551,063752,2,8,121968,2,8,32799,32768,00000,00000
BCN,1335,0000,063752,2,8,121968,2,8,32799,32768,00000,00000
BCN,1336,3565,063752,2,8,121968,2,8,32799,32768,00000,00000
BCN,1337,3693,063752,2,8,121968,2,8,32799,32768,00000,00000
BCN,1338,3548,063752,2,8,121968,2,8,32799,32768,00000,00000
BCN,1339,0000,063752,2,8,121968,2,8,32799,32768,00000,00000
BCN,1340,3787,059643,2,8,123240,2,9,32799,32768,00000,00000
BCN,1341,0000,059643,2,8,123240,2,9,32799,32768,00000,00000
BCN,1342,3319,059643,2,8,123240,2,9,32799,32768,00000,00000
BCN,1343,3518,059643,2,8,123240,2,9,32799,32768,00000,00000
BCN,1344,3785,059643,2,8,123240,2,9,32799,32768,00000,00000
BCN,1345,0000,059643,2,8,123240,2,9,32799,32768,00000,00000
BCN,1346,3558,059643,2,8,123240,2,9,32799,32768,00000,00000
BCN,1347,3414,069935,2,9,115118,2,8,32800,32768,00000,00000
BCN,1348,3762,069935,2,9,115118,2,8,32800,32768,00000,00000
BCN,1349,0000,069935,2,9,115118,2,8,32800,32768,00000,00000
BCN,1350,0000,069935,2,9,115118,2,8,32800,32768,00000,00000
BCN,1351,0000,069935,2,9,115118,2,8,32800,32768,00000,00000
BCN,1352,0000,069935,2,9,115118,2,8,32800,32768,00000,00000
BCN,1353,3793,063752,2,8,109973,2,8,32800,32768,00000,00000
BCN,1354,3449,063752,2,8,109973,2,8,32800,32768,00000,00000
BCN,1355,3698,063752,2,8,109973,2,8,32800,32768,00000,00000
BCN,1356,3479,063752,2,8,109973,2,8,32800,32768,00000,00000
BCN,1357,3661,063752,2,8,109973,2,8,32800,32768,00000,00000
BCN,1358,0000,063752,2,8,109973,2,8,32800,32768,00000,00000
BCN,1359,0000,065852,2,9,107257,2,8,32800,32767,00000,00000
BCN,1360,3261,065852,2,9,107257,2,8,32800,32767,00000,00000
BCN,1361,0000,065852,2,9,107257,2,8,32800,32767,00000,00000
BCN,1362,0000,065852,2,9,107257,2,8,32800,32767,00000,00000
BCN,1363,3699,065852,2,9,107257,2,8,32800,32767,00000,00000
BCN,1364,0000,065852,2,9,107257,2,8,32800,32767,00000,00000
BCN,1365,0000,059877,2,8,122666,2,9,32799,32768,00000,00000
BCN,1366,0000,059877,2,8,122666,2,9,32799,32768,00000,00000
BCN,1367,0000,059877,2,8,122666,2,9,32799,32768,00000,00000
BCN,1368,0000,059877,2,8,122666,2,9,32799,32768,00000,00000
BCN,1369,3846,059877,2,8,122666,2,9,32799,32768,00000,00000
BCN,1370,0000,059877,2,8,122666,2,9,32799,32768,00000,00000
BCN,1371,0000,066021,2,9,126696,2,9,32800,32768,00000,00000
BCN,1372,0000,066021,2,9,126696,2,9,32800,32768,00000,00000
BCN,1373,0000,066021,2,9,126696,2,9,32800,32768,00000,00000
BCN,1374,0000,066021,2,9,126696,2,9,32800,32768,00000,00000
BCN,1375,3493,066021,2,9,126696,2,9,32800,32768,00000,00000
BCN,1376,3862,066021,2,9,126696,2,9,32800,32768,00000,00000
BCN,1377,3310,066203,2,9,130377,2,9,32800,32768,00000,00000
BCN,1378,0000,066203,2,9,130377,2,9,32800,32768,00000,00000
BCN,1379,3382,066203,2,9,130377,2,9,32800,32768,00000,00000
BCN,1380,3657,066203,2,9,130377,2,9,32800,32768,00000,00000
BCN,1381,3529,066203,2,9,130377,2,9,32800,32768,00000,00000
BCN,1382,0000,066203,2,9,130377,2,9,32800,32768,00000,00000
BCN,1383,3495,066203,2,9,130377,2,9,32800,32768,00000,00000
BCN,1384,3784,060124,2,8,131265,2,9,32799,32768,00000,00000
BCN,1385,3535,060124,2,8,131265,2,9,32799,32768,00000,00000
BCN,1386,0000,060124,2,8,131265,2,9,32799,32768,00000,00000
BCN,1387,0000,060124,2,8,131265,2,9,32799,32768,00000,00000
BCN,1388,0000,060124,2,8,131265,2,9,32799,32768,00000,00000
BCN,1389,0000,060124,2,8,131265,2,9,32799,32768,00000,00000
BCN,1390,3785,064077,2,8,125249,2,9,32800,32768,00000,00000
BCN,1391,3724,064077,2,8,125249,2,9,32800,32768,00000,00000
BCN,1392,3692,064077,2,8,125249,2,9,32800,32768,00000,00000
BCN,1393,3673,064077,2,8,125249,2,9,32800,32768,00000,00000
BCN,1394,3788,064077,2,8,125249,2,9,32800,32768,00000,00000
BCN,1395,0000,064077,2,8,125249,2,9,32800,32768,00000,00000
BCN,1396,0000,066268,2,9,121368,2,9,32800,32768,00000,00000
BCN,1397,3842,066268,2,9,121368,2,9,32800,32768,00000,00000
BCN,1398,0000,066268,2,9,121368,2,9,32800,32768,00000,00000
BCN,1399,3643,066268,2,9,121368,2,9,32800,32768,00000,00000
BCN,1400,3508,066268,2,9,121368,2,9,32800,32768,00000,00000
BCN,1401,0000,066268,2,9,121368,2,9,32800,32768,00000,00000
BCN,1402,0000,062146,2,8,113225,2,8,32799,32768,00000,00000
BCN,1403,3692,062146,2,8,113225,2,8,32799,32768,00000,00000
BCN,1404,0000,062146,2,8,113225,2,8,32799,32768,00000,00000
BCN,1405,0000,062146,2,8,113225,2,8,32799,32768,00000,00000
BCN,1406,3682,062146,2,8,113225,2,8,32799,32768,00000,00000
BCN,1407,0000,062146,2,8,113225,2,8,32799,32768,00000,00000
BCN,1408,0000,064051,2,8,109741,2,8,32800,32768,00000,00000
BCN,1409,0000,064051,2,8,109741,2,8,32800,32768,00000,00000
BCN,1410,0000,064051,2,8,109741,2,8,32800,32768,00000,00000
BCN,1411,0000,064051,2,8,109741,2,8,32800,32768,00000,00000
BCN,1412,3846,064051,2,8,109741,2,8,32800,32768,00000,00000
BCN,1413,3746,064051,2,8,109741,2,8,32800,32768,00000,00000
BCN,1414,3654,064116,2,8,107765,2,8,32800,32767,00000,00000
BCN,1415,0000,064116,2,8,107765,2,8,32800,32767,00000,00000
BCN,1416,3549,064116,2,8,107765,2,8,32800,32767,00000,00000
BCN,1417,3693,064116,2,8,107765,2,8,32800,32767,00000,00000
BCN,1418,3816,064116,2,8,107765,2,8,32800,32767,00000,00000
BCN,1419,0000,064116,2,8,107765,2,8,32800,32767,00000,00000
BCN,1420,3386,064116,2,8,107765,2,8,32800,32767,00000,00000
BCN,1421,3533,064025,2,8,120550,2,9,32799,32768,00000,00000
BCN,1422,3310,064025,2,8,120550,2,9,32799,32768,00000,00000
BCN,1423,0000,064025,2,8,120550,2,9,32799,32768,00000,00000
BCN,1424,0000,064025,2,8,120550,2,9,32799,32768,00000,00000
BCN,1425,0000,064025,2,8,120550,2,9,32799,32768,00000,00000
BCN,1426,0000,064025,2,8,120550,2,9,32799,32768,00000,00000
BCN,1427,3490,063921,2,8,120959,2,9,32800,32768,00000,00000
BCN,1428,3515,063921,2,8,120959,2,9,32800,32768,00000,00000
BCN,1429,0000,063921,2,8,120959,2,9,32800,32768,00000,00000
BCN,1430,0000,063921,2,8,120959,2,9,32800,32768,00000,00000
BCN,1431,0000,063921,2,8,120959,2,9,32800,32768,00000,00000
BCN,1432,0000,063921,2,8,120959,2,9,32800,32768,00000,00000
BCN,1433,3738,064025,2,8,128810,2,9,32800,32768,00000,00000
BCN,1434,3223,064025,2,8,128810,2,9,32800,32768,00000,00000
BCN,1435,3788,064025,2,8,128810,2,9,32800,32768,00000,00000
BCN,1436,3729,064025,2,8,128810,2,9,32800,32768,00000,00000
BCN,1437,3840,064025,2,8,128810,2,9,32800,32768,00000,00000
BCN,1438,0000,064025,2,8,128810,2,9,32800,32768,00000,00000
BCN,1439,0000,063960,2,8,132320,2,9,32799,32768,00000,00000
BCN,1440,3843,063960,2,8,132320,2,9,32799,32768,00000,00000
BCN,1441,0000,063960,2,8,132320,2,9,32799,32768,00000,00000
BCN,1442,0000,063960,2,8,132320,2,9,32799,32768,00000,00000
BCN,1443,3325,063960,2,8,132320,2,9,32799,32768,00000,00000
BCN,1444,0000,063960,2,8,132320,2,9,32799,32768,00000,00000
BCN,1445,0000,061717,2,8,122283,2,9,32800,32768,00000,00000
BCN,1446,0000,061717,2,8,122283,2,9,32800,32768,00000,00000
BCN,1447,0000,061717,2,8,122283,2,9,32800,32768,00000,00000
BCN,1448,0000,061717,2,8,122283,2,9,32800,32768,00000,00000
BCN,1449,3382,061717,2,8,122283,2,9,32800,32768,00000,00000
BCN,1450,3524,061717,2,8,122283,2,9,32800,32768,00000,00000
BCN,1451,3841,061756,2,8,120552,2,9,32800,32768,00000,00000
BCN,1452,0000,061756,2,8,120552,2,9,32800,32768,00000,00000
BCN,1453,3661,061756,2,8,120552,2,9,32800,32768,00000,00000
BCN,1454,3729,061756,2,8,120552,2,9,32800,32768,00000,00000
BCN,1455,3850,061756,2,8,120552,2,9,32800,32768,00000,00000
BCN,1456,0000,061756,2,8,120552,2,9,32800,32768,00000,00000
BCN,1457,3469,061756,2,8,120552,2,9,32800,32768,00000,00000
BCN,1458,0000,063791,2,8,113996,2,8,32799,32768,00000,00000
BCN,1459,3478,063791,2,8,113996,2,8,32799,32768,00000,00000
BCN,1460,3407,063791,2,8,113996,2,8,32799,32768,00000,00000
BCN,1461,3291,063791,2,8,113996,2,8,32799,32768,00000,00000
BCN,1462,0000,063791,2,8,113996,2,8,32799,32768,00000,00000
BCN,1463,3846,063791,2,8,113996,2,8,32799,32768,00000,00000
BCN,1464,3684,059682,2,8,108232,2,8,32799,32768,00000,00000
BCN,1465,3449,059682,2,8,108232,2,8,32799,32768,00000,00000
BCN,1466,0000,059682,2,8,108232,2,8,32799,32768,00000,00000
BCN,1467,0000,059682,2,8,108232,2,8,32799,32768,00000,00000
BCN,1468,0000,059682,2,8,108232,2,8,32799,32768,00000,00000
BCN,1469,0000,059682,2,8,108232,2,8,32799,32768,00000,00000
BCN,1470,3776,069961,2,9,105370,2,8,32800,32767,00000,00000
BCN,1471,3641,069961,2,9,105370,2,8,32800,32767,00000,00000
BCN,1472,3549,069961,2,9,105370,2,8,32800,32767,00000,00000
BCN,1473,3876,069961,2,9,105370,2,8,32800,32767,00000,00000
BCN,1474,3689,069961,2,9,105370,2,8,32800,32767,00000,00000
BCN,1475,0000,069961,2,9,105370,2,8,32800,32767,00000,00000
BCN,1476,0000,063778,2,8,117200,2,8,32800,32768,00000,00000
BCN,1477,3529,063778,2,8,117200,2,8,32800,32768,00000,00000
BCN,1478,0000,063778,2,8,117200,2,8,32800,32768,00000,00000
BCN,1479,0000,063778,2,8,117200,2,8,32800,32768,00000,00000
BCN,1480,3493,063778,2,8,117200,2,8,32800,32768,00000,00000
BCN,1481,0000,063778,2,8,117200,2,8,32800,32768,00000,00000
BCN,1482,0000,065865,2,9,125701,2,9,32800,32768,00000,00000
BCN,1483,0000,065865,2,9,125701,2,9,32800,32768,00000,00000
BCN,1484,0000,065865,2,9,125701,2,9,32800,32768,00000,00000
BCN,1485,0000,065865,2,9,125701,2,9,32800,32768,00000,00000
BCN,1486,3872,065865,2,9,125701,2,9,32800,32768,00000,00000
BCN,1487,0000,065865,2,9,125701,2,9,32800,32768,00000,00000
BCN,1488,0000,059877,2,8,127942,2,9,32799,32768,00000,00000
BCN,1489,0000,059877,2,8,127942,2,9,32799,32768,00000,00000
BCN,1490,0000,059877,2,8,127942,2,9,32799,32768,00000,00000
BCN,1491,0000,059877,2,8,127942,2,9,32799,32768,00000,00000
BCN,1492,3415,059877,2,8,127942,2,9,32799,32768,00000,00000
BCN,1493,3686,059877,2,8,127942,2,9,32799,32768,00000,00000
BCN,1494,3684,059877,2,8,127942,2,9,32799,32768,00000,00000
BCN,1495,0000,066021,2,9,127776,2,9,32800,32768,00000,00000
BCN,1496,3326,066021,2,9,127776,2,9,32800,32768,00000,00000
BCN,1497,3197,066021,2,9,127776,2,9,32800,32768,00000,00000
BCN,1498,3577,066021,2,9,127776,2,9,32800,32768,00000,00000
BCN,1499,0000,066021,2,9,127776,2,9,32800,32768,00000,00000
BCN,1500,3691,066021,2,9,127776,2,9,32800,32768,00000,00000
BCN,1501,3436,066203,2,9,129315,2,9,32800,32768,00000,00000
BCN,1502,3840,066203,2,9,129315,2,9,32800,32768,00000,00000
BCN,1503,0000,066203,2,9,129315,2,9,32800,32768,00000,00000
BCN,1504,0000,066203,2,9,129315,2,9,32800,32768,00000,00000
BCN,1505,0000,066203,2,9,129315,2,9,32800,32768,00000,00000
BCN,1506,0000,066203,2,9,129315,2,9,32800,32768,00000,00000
BCN,1507,3788,060137,2,8,120549,2,9,32799,32768,00000,00000
BCN,1508,3492,060137,2,8,120549,2,9,32799,32768,00000,00000
BCN,1509,3543,060137,2,8,120549,2,9,32799,32768,00000,00000
BCN,1510,3357,060137,2,8,120549,2,9,32799,32768,00000,00000
BCN,1511,3777,060137,2,8,120549,2,9,32799,32768,00000,00000
BCN,1512,0000,060137,2,8,120549,2,9,32799,32768,00000,00000
BCN,1513,0000,064077,2,8,119330,2,9,32800,32768,00000,00000
BCN,1514,3657,064077,2,8,119330,2,9,32800,32768,00000,00000
BCN,1515,0000,064077,2,8,119330,2,9,32800,32768,00000,00000
BCN,1516,3929,064077,2,8,119330,2,9,32800,32768,00000,00000
BCN,1517,3516,064077,2,8,119330,2,9,32800,32768,00000,00000
BCN,1518,0000,064077,2,8,119330,2,9,32800,32768,00000,00000
BCN,1519,0000,066281,2,9,111524,2,8,32800,32768,00000,00000
BCN,1520,3638,066281,2,9,111524,2,8,32800,32768,00000,00000
BCN,1521,0000,066281,2,9,111524,2,8,32800,32768,00000,00000
BCN,1522,0000,066281,2,9,111524,2,8,32800,32768,00000,00000
BCN,1523,3667,066281,2,9,111524,2,8,32800,32768,00000,00000
BCN,1524,0000,066281,2,9,111524,2,8,32800,32768,00000,00000
BCN,1525,0000,062146,2,8,108730,2,8,32799,32768,00000,00000
BCN,1526,0000,062146,2,8,108730,2,8,32799,32768,00000,00000
BCN,1527,0000,062146,2,8,108730,2,8,32799,32768,00000,00000
BCN,1528,0000,062146,2,8,108730,2,8,32799,32768,00000,00000
BCN,1529,3585,062146,2,8,108730,2,8,32799,32768,00000,00000
BCN,1530,3351,062146,2,8,108730,2,8,32799,32768,00000,00000
BCN,1531,3659,062146,2,8,108730,2,8,32799,32768,00000,00000
BCN,1532,0000,064051,2,8,106042,2,8,32800,32768,00000,00000
BCN,1533,3539,064051,2,8,106042,2,8,32800,32768,00000,00000
BCN,1534,3636,064051,2,8,106042,2,8,32800,32768,00000,00000
BCN,1535,3681,064051,2,8,106042,2,8,32800,32768,00000,00000
BCN,1536,0000,064051,2,8,106042,2,8,32800,32768,00000,00000
BCN,1537,3501,064051,2,8,106042,2,8,32800,32768,00000,00000
BCN,1538,3649,066255,2,9,104925,2,8,32800,32767,00000,00000
BCN,1539,3491,066255,2,9,104925,2,8,32800,32767,00000,00000
BCN,1540,0000,066255,2,9,104925,2,8,32800,32767,00000,00000
BCN,1541,0000,066255,2,9,104925,2,8,32800,32767,00000,00000
BCN,1542,0000,066255,2,9,104925,2,8,32800,32767,00000,00000
BCN,1543,0000,066255,2,9,104925,2,8,32800,32767,00000,00000
BCN,1544,3279,064103,2,8,114169,2,8,32799,32768,00000,00000
BCN,1545,3652,064103,2,8,114169,2,8,32799,32768,00000,00000
BCN,1546,0000,064103,2,8,114169,2,8,32799,32768,00000,00000
BCN,1547,0000,064103,2,8,114169,2,8,32799,32768,00000,00000
BCN,1548,0000,064103,2,8,114169,2,8,32799,32768,00000,00000
BCN,1549,0000,064103,2,8,114169,2,8,32799,32768,00000,00000
BCN,1550,3067,061821,2,8,120157,2,9,32800,32768,00000,00000
BCN,1551,3660,061821,2,8,120157,2,9,32800,32768,00000,00000
BCN,1552,3381,061821,2,8,120157,2,9,32800,32768,00000,00000
BCN,1553,3069,061821,2,8,120157,2,9,32800,32768,00000,00000
BCN,1554,3620,061821,2,8,120157,2,9,32800,32768,00000,00000
BCN,1555,0000,061821,2,8,120157,2,9,32800,32768,00000,00000
BCN,1556,0000,063986,2,8,122575,2,9,32800,32768,00000,00000
BCN,1557,3608,063986,2,8,122575,2,9,32800,32768,00000,00000
BCN,1558,0000,063986,2,8,122575,2,9,32800,32768,00000,00000
BCN,1559,0000,063986,2,8,122575,2,9,32800,32768,00000,00000
BCN,1560,3436,063986,2,8,122575,2,9,32800,32768,00000,00000
BCN,1561,0000,063986,2,8,122575,2,9,32800,32768,00000,00000
BCN,1562,0000,063934,2,8,122219,2,9,32799,32768,00000,00000
BCN,1563,0000,063934,2,8,122219,2,9,32799,32768,00000,00000
BCN,1564,0000,063934,2,8,122219,2,9,32799,32768,00000,00000
BCN,1565,0000,063934,2,8,122219,2,9,32799,32768,00000,00000
BCN,1566,3290,063934,2,8,122219,2,9,32799,32768,00000,00000
BCN,1567,3237,063934,2,8,122219,2,9,32799,32768,00000,00000
BCN,1568,3383,063934,2,8,122219,2,9,32799,32768,00000,00000
BCN,1569,0000,061704,2,8,120232,2,9,32800,32768,00000,00000
BCN,1570,3382,061704,2,8,120232,2,9,32800,32768,00000,00000
BCN,1571,3433,061704,2,8,120232,2,9,32800,32768,00000,00000
BCN,1572,3482,061704,2,8,120232,2,9,32800,32768,00000,00000
BCN,1573,0000,061704,2,8,120232,2,9,32800,32768,00000,00000
BCN,1574,3437,061704,2,8,120232,2,9,32800,32768,00000,00000
BCN,1575,3657,061743,2,8,126676,2,9,32800,32768,00000,00000
BCN,1576,3661,061743,2,8,126676,2,9,32800,32768,00000,00000
BCN,1577,3657,061743,2,8,126676,2,9,32800,32768,00000,00000
BCN,1578,3319,061743,2,8,126676,2,9,32800,32768,00000,00000
BCN,1579,0000,061743,2,8,126676,2,9,32800,32768,00000,00000
BCN,1580,3067,061743,2,8,126676,2,9,32800,32768,00000,00000
BCN,1581,3600,063778,2,8,114355,2,9,32799,32768,00000,00000
BCN,1582,3539,063778,2,8,114355,2,9,32799,32768,00000,00000
BCN,1583,0000,063778,2,8,114355,2,9,32799,32768,00000,00000
BCN,1584,0000,063778,2,8,114355,2,9,32799,32768,00000,00000
BCN,1585,0000,063778,2,8,114355,2,9,32799,32768,00000,00000
BCN,1586,0000,063778,2,8,114355,2,9,32799,32768,00000,00000
BCN,1587,3382,059669,2,8,114785,2,9,32799,32768,00000,00000
BCN,1588,3054,059669,2,8,114785,2,9,32799,32768,00000,00000
BCN,1589,3664,059669,2,8,114785,2,9,32799,32768,00000,00000
BCN,1590,3628,059669,2,8,114785,2,9,32799,32768,00000,00000
BCN,1591,3624,059669,2,8,114785,2,9,32799,32768,00000,00000
BCN,1592,0000,059669,2,8,114785,2,9,32799,32768,00000,00000
BCN,1593,0000,069961,2,9,114288,2,9,32800,32768,00000,00000
BCN,1594,3350,069961,2,9,114288,2,9,32800,32768,00000,00000
BCN,1595,0000,069961,2,9,114288,2,9,32800,32768,00000,00000
BCN,1596,0000,069961,2,9,114288,2,9,32800,32768,00000,00000
BCN,1597,3259,069961,2,9,114288,2,9,32800,32768,00000,00000
BCN,1598,0000,069961,2,9,114288,2,9,32800,32768,00000,00000
BCN,1599,0000,063765,2,8,106782,2,8,32800,32768,00000,00000
BCN,1600,0000,063765,2,8,106782,2,8,32800,32768,00000,00000
BCN,1601,0000,063765,2,8,106782,2,8,32800,32768,00000,00000
BCN,1602,0000,063765,2,8,106782,2,8,32800,32768,00000,00000
BCN,1603,3070,063765,2,8,106782,2,8,32800,32768,00000,00000
BCN,1604,3322,063765,2,8,106782,2,8,32800,32768,00000,00000
BCN,1605,3620,063765,2,8,106782,2,8,32800,32768,00000,00000
BCN,1606,0000,065865,2,9,104037,2,8,32800,32768,00000,00000
BCN,1607,3039,065865,2,9,104037,2,8,32800,32768,00000,00000
BCN,1608,3421,065865,2,9,104037,2,8,32800,32768,00000,00000
BCN,1609,3649,065865,2,9,104037,2,8,32800,32768,00000,00000
BCN,1610,3252,065865,2,9,104037,2,8,32800,32768,00000,00000
BCN,1611,3537,065865,2,9,104037,2,8,32800,32768,00000,00000
BCN,1612,0000,059877,2,8,100469,2,7,32799,32768,00000,00000
BCN,1613,3596,059877,2,8,100469,2,7,32799,32768,00000,00000
BCN,1614,3606,059877,2,8,100469,2,7,32799,32768,00000,00000
BCN,1615,3712,059877,2,8,100469,2,7,32799,32768,00000,00000
BCN,1616,0000,059877,2,8,100469,2,7,32799,32768,00000,00000
BCN,1617,3239,059877,2,8,100469,2,7,32799,32768,00000,00000
BCN,1618,3067,063882,2,8,100522,2,8,32800,32767,00000,00000
BCN,1619,3035,063882,2,8,100522,2,8,32800,32767,00000,00000
BCN,1620,0000,063882,2,8,100522,2,8,32800,32767,00000,00000
BCN,1621,0000,063882,2,8,100522,2,8,32800,32767,00000,00000
BCN,1622,0000,063882,2,8,100522,2,8,32800,32767,00000,00000
BCN,1623,0000,063882,2,8,100522,2,8,32800,32767,00000,00000
BCN,1624,3055,066138,2,9,108281,2,8,32800,32768,00000,00000
BCN,1625,3252,066138,2,9,108281,2,8,32800,32768,00000,00000
BCN,1626,3584,066138,2,9,108281,2,8,32800,32768,00000,00000
BCN,1627,3608,066138,2,9,108281,2,8,32800,32768,00000,00000
BCN,1628,2999,066138,2,9,108281,2,8,32800,32768,00000,00000
BCN,1629,0000,066138,2,9,108281,2,8,32800,32768,00000,00000
BCN,1630,0000,062042,2,8,107645,2,8,32799,32768,00000,00000
BCN,1631,3276,062042,2,8,107645,2,8,32799,32768,00000,00000
BCN,1632,0000,062042,2,8,107645,2,8,32799,32768,00000,00000
BCN,1633,0000,062042,2,8,107645,2,8,32799,32768,00000,00000
BCN,1634,3039,062042,2,8,107645,2,8,32799,32768,00000,00000
BCN,1635,0000,062042,2,8,107645,2,8,32799,32768,00000,00000
BCN,1636,0000,063973,2,8,114719,2,9,32800,32768,00000,00000
BCN,1637,0000,063973,2,8,114719,2,9,32800,32768,00000,00000
BCN,1638,0000,063973,2,8,114719,2,9,32800,32768,00000,00000
BCN,1639,0000,063973,2,8,114719,2,9,32800,32768,00000,00000
BCN,1640,3508,063973,2,8,114719,2,9,32800,32768,00000,00000
BCN,1641,0000,063973,2,8,114719,2,9,32800,32768,00000,00000
BCN,1642,0000,063973,2,8,114719,2,9,32800,32768,00000,00000
BCN,1643,0000,064051,2,8,118531,2,9,32800,32768,00000,00000
BCN,1644,0000,064051,2,8,118531,2,9,32800,32768,00000,00000
BCN,1645,0000,064051,2,8,118531,2,9,32800,32768,00000,00000
BCN,1646,3459,064051,2,8,118531,2,9,32800,32768,00000,00000
BCN,1647,3275,064051,2,8,118531,2,9,32800,32768,00000,00000
BCN,1648,3584,064051,2,8,118531,2,9,32800,32768,00000,00000
BCN,1649,0000,063986,2,8,117964,2,9,32799,32768,00000,00000
BCN,1650,3594,063986,2,8,117964,2,9,32799,32768,00000,00000
BCN,1651,3055,063986,2,8,117964,2,9,32799,32768,00000,00000
BCN,1652,3592,063986,2,8,117964,2,9,32799,32768,00000,00000
BCN,1653,0000,063986,2,8,117964,2,9,32799,32768,00000,00000
BCN,1654,3418,063986,2,8,117964,2,9,32799,32768,00000,00000
BCN,1655,3305,061743,2,8,123461,2,9,32800,32768,00000,00000
BCN,1656,3628,061743,2,8,123461,2,9,32800,32768,00000,00000
BCN,1657,0000,061743,2,8,123461,2,9,32800,32768,00000,00000
BCN,1658,0000,061743,2,8,123461,2,9,32800,32768,00000,00000
BCN,1659,0000,061743,2,8,123461,2,9,32800,32768,00000,00000
BCN,1660,0000,061743,2,8,123461,2,9,32800,32768,00000,00000
BCN,1661,3433,061769,2,8,115467,2,9,32800,32768,00000,00000
BCN,1662,3493,061769,2,8,115467,2,9,32800,32768,00000,00000
BCN,1663,3427,061769,2,8,115467,2,9,32800,32768,00000,00000
BCN,1664,3055,061769,2,8,115467,2,9,32800,32768,00000,00000
BCN,1665,3293,061769,2,8,115467,2,9,32800,32768,00000,00000
BCN,1666,0000,061769,2,8,115467,2,9,32800,32768,00000,00000
BCN,1667,0000,063804,2,8,113073,2,9,32799,32768,00000,00000
BCN,1668,3290,063804,2,8,113073,2,9,32799,32768,00000,00000
BCN,1669,0000,063804,2,8,113073,2,9,32799,32768,00000,00000
BCN,1670,0000,063804,2,8,113073,2,9,32799,32768,00000,00000
BCN,1671,3053,063804,2,8,113073,2,9,32799,32768,00000,00000
BCN,1672,0000,063804,2,8,113073,2,9,32799,32768,00000,00000
BCN,1673,0000,059695,2,8,111186,2,9,32799,32768,00000,00000
BCN,1674,3561,059695,2,8,111186,2,9,32799,32768,00000,00000
BCN,1675,0000,059695,2,8,111186,2,9,32799,32768,00000,00000
BCN,1676,0000,059695,2,8,111186,2,9,32799,32768,00000,00000
BCN,1677,2943,059695,2,8,111186,2,9,32799,32768,00000,00000
BCN,1678,0000,059695,2,8,111186,2,9,32799,32768,00000,00000
BCN,1679,0000,059695,2,8,111186,2,9,32799,32768,00000,00000
BCN,1680,0000,069974,2,9,111770,2,9,32800,32768,00000,00000
BCN,1681,0000,069974,2,9,111770,2,9,32800,32768,00000,00000
BCN,1682,0000,069974,2,9,111770,2,9,32800,32768,00000,00000
BCN,1683,3382,069974,2,9,111770,2,9,32800,32768,00000,00000
BCN,1684,3485,069974,2,9,111770,2,9,32800,32768,00000,00000
BCN,1685,3403,069974,2,9,111770,2,9,32800,32768,00000,00000
BCN,1686,0000,065917,2,9,105001,2,8,32800,32768,00000,00000
BCN,1687,3588,065917,2,9,105001,2,8,32800,32768,00000,00000
BCN,1688,3395,065917,2,9,105001,2,8,32800,32768,00000,00000
BCN,1689,3366,065917,2,9,105001,2,8,32800,32768,00000,00000
BCN,1690,0000,065917,2,9,105001,2,8,32800,32768,00000,00000
BCN,1691,3279,065917,2,9,105001,2,8,32800,32768,00000,00000
BCN,1692,3278,066125,2,9,104543,2,8,32800,32768,00000,00000
BCN,1693,3290,066125,2,9,104543,2,8,32800,32768,00000,00000
BCN,1694,0000,066125,2,9,104543,2,8,32800,32768,00000,00000
BCN,1695,0000,066125,2,9,104543,2,8,32800,32768,00000,00000
BCN,1696,0000,066125,2,9,104543,2,8,32800,32768,00000,00000
BCN,1697,0000,066125,2,9,104543,2,8,32800,32768,00000,00000
BCN,1698,3221,060072,2,8,098004,2,7,32799,32768,00000,00000
BCN,1699,3586,060072,2,8,098004,2,7,32799,32768,00000,00000
BCN,1700,3472,060072,2,8,098004,2,7,32799,32768,00000,00000
BCN,1701,3180,060072,2,8,098004,2,7,32799,32768,00000,00000
BCN,1702,0000,060072,2,8,098004,2,7,32799,32768,00000,00000
BCN,1703,0000,060072,2,8,098004,2,7,32799,32768,00000,00000
BCN,1704,0000,064025,2,8,071655,2,5,32800,32767,00000,00000
BCN,1705,3478,064025,2,8,071655,2,5,32800,32767,00000,00000
BCN,1706,2943,064025,2,8,071655,2,5,32800,32767,00000,00000
BCN,1707,3070,064025,2,8,071655,2,5,32800,32767,00000,00000
BCN,1708,0000,064025,2,8,071655,2,5,32800,32767,00000,00000
BCN,1709,0000,064025,2,8,071655,2,5,32800,32767,00000,00000
BCN,1710,0000,066242,2,9,045521,2,3,32800,32787,00000,00000
BCN,1711,0000,066242,2,9,045521,2,3,32800,32787,00000,00000
BCN,1712,3545,066242,2,9,045521,2,3,32800,32787,00000,00000
BCN,1713,3523,066242,2,9,045521,2,3,32800,32787,00000,00000
BCN,1714,3712,066242,2,9,045521,2,3,32800,32787,00000,00000
BCN,1715,3067,066242,2,9,045521,2,3,32800,32787,00000,00000
BCN,1716,3603,066242,2,9,045521,2,3,32800,32787,00000,00000
BCN,1717,0000,064090,2,8,113978,2,9,32799,32789,00000,00000
BCN,1718,0000,064090,2,8,113978,2,9,32799,32789,00000,00000
BCN,1719,3586,064090,2,8,113978,2,9,32799,32789,00000,00000
BCN,1720,0000,064090,2,8,113978,2,9,32799,32789,00000,00000
BCN,1721,0000,064090,2,8,113978,2,9,32799,32789,00000,00000
BCN,1722,3468,064090,2,8,113978,2,9,32799,32789,00000,00000
BCN,1723,0000,059903,2,8,114255,2,9,32799,32789,00000,00000
BCN,1724,0000,059903,2,8,114255,2,9,32799,32789,00000,00000
BCN,1725,3597,059903,2,8,114255,2,9,32799,32789,00000,00000
BCN,1726,0000,059903,2,8,114255,2,9,32799,32789,00000,00000
BCN,1727,0000,059903,2,8,114255,2,9,32799,32789,00000,00000
BCN,1728,3648,059903,2,8,114255,2,9,32799,32789,00000,00000
BCN,1729,0000,070130,2,9,113628,2,9,32800,32789,00000,00000
BCN,1730,0000,070130,2,9,113628,2,9,32800,32789,00000,00000
BCN,1731,0000,070130,2,9,113628,2,9,32800,32789,00000,00000
BCN,1732,0000,070130,2,9,113628,2,9,32800,32789,00000,00000
BCN,1733,0000,070130,2,9,113628,2,9,32800,32789,00000,00000
BCN,1734,3055,070130,2,9,113628,2,9,32800,32789,00000,00000
BCN,1735,3279,063895,2,8,113834,2,9,32800,32789,00000,00000
BCN,1736,3633,063895,2,8,113834,2,9,32800,32789,00000,00000
BCN,1737,0000,063895,2,8,113834,2,9,32800,32789,00000,00000
BCN,1738,3034,063895,2,8,113834,2,9,32800,32789,00000,00000
BCN,1739,3309,063895,2,8,113834,2,9,32800,32789,00000,00000
BCN,1740,3497,063895,2,8,113834,2,9,32800,32789,00000,00000
BCN,1741,0000,065956,2,9,105132,2,8,32800,32789,00000,00000
BCN,1742,3500,065956,2,9,105132,2,8,32800,32789,00000,00000
BCN,1743,3465,065956,2,9,105132,2,8,32800,32789,00000,00000
BCN,1744,3244,065956,2,9,105132,2,8,32800,32789,00000,00000
BCN,1745,0000,065956,2,9,105132,2,8,32800,32789,00000,00000
BCN,1746,0000,065956,2,9,105132,2,8,32800,32789,00000,00000
BCN,1747,0000,059955,2,8,105580,2,8,32799,32789,00000,00000
BCN,1748,0000,059955,2,8,105580,2,8,32799,32789,00000,00000
BCN,1749,2998,059955,2,8,105580,2,8,32799,32789,00000,00000
BCN,1750,3254,059955,2,8,105580,2,8,32799,32789,00000,00000
BCN,1751,3604,059955,2,8,105580,2,8,32799,32789,00000,00000
BCN,1752,2941,059955,2,8,105580,2,8,32799,32789,00000,00000
BCN,1753,3324,059955,2,8,105580,2,8,32799,32789,00000,00000
BCN,1754,0000,066073,2,9,101802,2,8,32800,32789,00000,00000
BCN,1755,3586,066073,2,9,101802,2,8,32800,32789,00000,00000
BCN,1756,3062,066073,2,9,101802,2,8,32800,32789,00000,00000
BCN,1757,3039,066073,2,9,101802,2,8,32800,32789,00000,00000
BCN,1758,3366,066073,2,9,101802,2,8,32800,32789,00000,00000
BCN,1759,3528,066073,2,9,101802,2,8,32800,32789,00000,00000
BCN,1760,0000,066242,2,9,097965,2,8,32800,32789,00000,00000
BCN,1761,0000,066242,2,9,097965,2,8,32800,32789,00000,00000
BCN,1762,3476,066242,2,9,097965,2,8,32800,32789,00000,00000
BCN,1763,0000,066242,2,9,097965,2,8,32800,32789,00000,00000
BCN,1764,0000,066242,2,9,097965,2,8,32800,32789,00000,00000
BCN,1765,3496,066242,2,9,097965,2,8,32800,32789,00000,00000
BCN,1766,0000,060163,2,8,095367,2,7,32799,32788,00000,00000
BCN,1767,0000,060163,2,8,095367,2,7,32799,32788,00000,00000
BCN,1768,0000,060163,2,8,095367,2,7,32799,32788,00000,00000
BCN,1769,0000,060163,2,8,095367,2,7,32799,32788,00000,00000
BCN,1770,0000,060163,2,8,095367,2,7,32799,32788,00000,00000
BCN,1771,3003,060163,2,8,095367,2,7,32799,32788,00000,00000
BCN,1772,3458,064103,2,8,098186,2,8,32800,32788,00000,00000
BCN,1773,3045,064103,2,8,098186,2,8,32800,32788,00000,00000
BCN,1774,0000,064103,2,8,098186,2,8,32800,32788,00000,00000
BCN,1775,3287,064103,2,8,098186,2,8,32800,32788,00000,00000
BCN,1776,3069,064103,2,8,098186,2,8,32800,32788,00000,00000
BCN,1777,3069,064103,2,8,098186,2,8,32800,32788,00000,00000
BCN,1778,0000,066294,2,9,103957,2,8,32800,32788,00000,00000
BCN,1779,3031,066294,2,9,103957,2,8,32800,32788,00000,00000
BCN,1780,3383,066294,2,9,103957,2,8,32800,32788,00000,00000
BCN,1781,3286,066294,2,9,103957,2,8,32800,32788,00000,00000
BCN,1782,0000,066294,2,9,103957,2,8,32800,32788,00000,00000
BCN,1783,0000,066294,2,9,103957,2,8,32800,32788,00000,00000
BCN,1784,0000,062159,2,8,108331,2,8,32799,32788,00000,00000
BCN,1785,0000,062159,2,8,108331,2,8,32799,32788,00000,00000
BCN,1786,3197,062159,2,8,108331,2,8,32799,32788,00000,00000
BCN,1787,3255,062159,2,8,108331,2,8,32799,32788,00000,00000
BCN,1788,0000,062159,2,8,108331,2,8,32799,32788,00000,00000
BCN,1789,0000,062159,2,8,108331,2,8,32799,32788,00000,00000
BCN,1790,0000,062159,2,8,108331,2,8,32799,32788,00000,00000
BCN,1791,0000,064064,2,8,110637,2,9,32800,32788,00000,00000
BCN,1792,3059,064064,2,8,110637,2,9,32800,32788,00000,00000
BCN,1793,2943,064064,2,8,110637,2,9,32800,32788,00000,00000
BCN,1794,3055,064064,2,8,110637,2,9,32800,32788,00000,00000
BCN,1795,3055,064064,2,8,110637,2,9,32800,32788,00000,00000
BCN,1796,3052,064064,2,8,110637,2,9,32800,32788,00000,00000
BCN,1797,0000,066268,2,9,111619,2,9,32800,32788,00000,00000
BCN,1798,0000,066268,2,9,111619,2,9,32800,32788,00000,00000
BCN,1799,3417,066268,2,9,111619,2,9,32800,32788,00000,00000
BCN,1800,0000,066268,2,9,111619,2,9,32800,32788,00000,00000
BCN,1801,0000,066268,2,9,111619,2,9,32800,32788,00000,00000
BCN,1802,3354,066268,2,9,111619,2,9,32800,32788,00000,00000
BCN,1803,0000,064103,2,8,115331,2,9,32799,32788,00000,00000
BCN,1804,0000,064103,2,8,115331,2,9,32799,32788,00000,00000
BCN,1805,0000,064103,2,8,115331,2,9,32799,32788,00000,00000
BCN,1806,0000,064103,2,8,115331,2,9,32799,32788,00000,00000
BCN,1807,0000,064103,2,8,115331,2,9,32799,32788,00000,00000
BCN,1808,3053,064103,2,8,115331,2,9,32799,32788,00000,00000
BCN,1809,3377,061834,2,8,115642,2,9,32800,32788,00000,00000
BCN,1810,3277,061834,2,8,115642,2,9,32800,32788,00000,00000
BCN,1811,0000,061834,2,8,115642,2,9,32800,32788,00000,00000
BCN,1812,3258,061834,2,8,115642,2,9,32800,32788,00000,00000
BCN,1813,2925,061834,2,8,115642,2,9,32800,32788,00000,00000
BCN,1814,3158,061834,2,8,115642,2,9,32800,32788,00000,00000
BCN,1815,0000,061834,2,8,116063,2,9,32800,32788,00000,00000
BCN,1816,3429,061834,2,8,116063,2,9,32800,32788,00000,00000
BCN,1817,3245,061834,2,8,116063,2,9,32800,32788,00000,00000
BCN,1818,2934,061834,2,8,116063,2,9,32800,32788,00000,00000
BCN,1819,0000,061834,2,8,116063,2,9,32800,32788,00000,00000
BCN,1820,0000,061834,2,8,116063,2,9,32800,32788,00000,00000
BCN,1821,0000,063856,2,8,116495,2,9,32799,32788,00000,00000
BCN,1822,3063,063856,2,8,116495,2,9,32799,32788,00000,00000
BCN,1823,3418,063856,2,8,116495,2,9,32799,32788,00000,00000
BCN,1824,3371,063856,2,8,116495,2,9,32799,32788,00000,00000
BCN,1825,0000,063856,2,8,116495,2,9,32799,32788,00000,00000
BCN,1826,0000,063856,2,8,116495,2,9,32799,32788,00000,00000
BCN,1827,0000,063856,2,8,116495,2,9,32799,32788,00000,00000
BCN,1828,0000,059721,2,8,118096,2,9,32799,32788,00000,00000
BCN,1829,3473,059721,2,8,118096,2,9,32799,32788,00000,00000
BCN,1830,3378,059721,2,8,118096,2,9,32799,32788,00000,00000
BCN,1831,3270,059721,2,8,118096,2,9,32799,32788,00000,00000
BCN,1832,3353,059721,2,8,118096,2,9,32799,32788,00000,00000
BCN,1833,3162,059721,2,8,118096,2,9,32799,32788,00000,00000
BCN,1834,0000,070000,2,9,116677,2,9,32800,32788,00000,00000
BCN,1835,0000,070000,2,9,116677,2,9,32800,32788,00000,00000
BCN,1836,3456,070000,2,9,116677,2,9,32800,32788,00000,00000
BCN,1837,0000,070000,2,9,116677,2,9,32800,32788,00000,00000
BCN,1838,0000,070000,2,9,116677,2,9,32800,32788,00000,00000
BCN,1839,3226,070000,2,9,116677,2,9,32800,32788,00000,00000
BCN,1840,0000,063804,2,8,113748,2,9,32800,32788,00000,00000
BCN,1841,0000,063804,2,8,113748,2,9,32800,32788,00000,00000
BCN,1842,0000,063804,2,8,113748,2,9,32800,32788,00000,00000
BCN,1843,0000,063804,2,8,113748,2,9,32800,32788,00000,00000
BCN,1844,0000,063804,2,8,113748,2,9,32800,32788,00000,00000
BCN,1845,3340,063804,2,8,113748,2,9,32800,32788,00000,00000
BCN,1846,3021,067835,2,9,110684,2,9,32800,32788,00000,00000
BCN,1847,3051,067835,2,9,110684,2,9,32800,32788,00000,00000
BCN,1848,0000,067835,2,9,110684,2,9,32800,32788,00000,00000
BCN,1849,3365,067835,2,9,110684,2,9,32800,32788,00000,00000
BCN,1850,0000,067835,2,9,110684,2,9,32800,32788,00000,00000
BCN,1851,0000,067835,2,9,110684,2,9,32800,32788,00000,00000
BCN,1852,0000,061730,2,8,108781,2,9,32800,32788,00000,00000
BCN,1853,0000,061730,2,8,108781,2,9,32800,32788,00000,00000
BCN,1854,0000,061730,2,8,108781,2,9,32800,32788,00000,00000
BCN,1855,0000,061730,2,8,108781,2,9,32800,32788,00000,00000
BCN,1856,0000,061730,2,8,108781,2,9,32800,32788,00000,00000
BCN,1857,0000,061730,2,8,108781,2,9,32800,32788,00000,00000
BCN,1858,3368,063778,2,8,068121,2,5,32799,32788,00000,00000
BCN,1859,3245,063778,2,8,068121,2,5,32799,32788,00000,00000
BCN,1860,3278,063778,2,8,068121,2,5,32799,32788,00000,00000
BCN,1861,0000,063778,2,8,068121,2,5,32799,32788,00000,00000
BCN,1862,3212,063778,2,8,068121,2,5,32799,32788,00000,00000
BCN,1863,3031,063778,2,8,068121,2,5,32799,32788,00000,00000
BCN,1864,3226,063778,2,8,068121,2,5,32799,32788,00000,00000
BCN,1865,0000,061821,2,8,092272,2,7,32799,32797,00000,00000
BCN,1866,3366,061821,2,8,092272,2,7,32799,32797,00000,00000
BCN,1867,3031,061821,2,8,092272,2,7,32799,32797,00000,00000
BCN,1868,3376,061821,2,8,092272,2,7,32799,32797,00000,00000
BCN,1869,0000,061821,2,8,092272,2,7,32799,32797,00000,00000
BCN,1870,0000,061821,2,8,092272,2,7,32799,32797,00000,00000
BCN,1871,0000,070026,2,9,092716,2,7,32800,32797,00000,00000
BCN,1872,0000,070026,2,9,092716,2,7,32800,32797,00000,00000
BCN,1873,3252,070026,2,9,092716,2,7,32800,32797,00000,00000
BCN,1874,3364,070026,2,9,092716,2,7,32800,32797,00000,00000
BCN,1875,3053,070026,2,9,092716,2,7,32800,32797,00000,00000
BCN,1876,3395,070026,2,9,092716,2,7,32800,32797,00000,00000
BCN,1877,2877,065956,2,9,090536,2,7,32800,32796,00000,00000
BCN,1878,0000,065956,2,9,090536,2,7,32800,32796,00000,00000
BCN,1879,2559,065956,2,9,090536,2,7,32800,32796,00000,00000
BCN,1880,3226,065956,2,9,090536,2,7,32800,32796,00000,00000
BCN,1881,0050,065956,2,9,090536,2,7,32800,32796,00000,00000
BCN,1882,0000,065956,2,9,090536,2,7,32800,32796,00000,00000
BCN,1883,0000,064025,2,8,091898,2,8,32800,32796,00000,00000
BCN,1884,2994,064025,2,8,091898,2,8,32800,32796,00000,00000
BCN,1885,0000,064025,2,8,091898,2,8,32800,32796,00000,00000
BCN,1886,0000,064025,2,8,091898,2,8,32800,32796,00000,00000
BCN,1887,0000,064025,2,8,091898,2,8,32800,32796,00000,00000
BCN,1888,0000,064025,2,8,091898,2,8,32800,32796,00000,00000
BCN,1889,0000,060033,2,8,055774,2,4,32799,32796,00000,00000
BCN,1890,3140,060033,2,8,055774,2,4,32799,32796,00000,00000
BCN,1891,0000,060033,2,8,055774,2,4,32799,32796,00000,00000
BCN,1892,0000,060033,2,8,055774,2,4,32799,32796,00000,00000
BCN,1893,3223,060033,2,8,055774,2,4,32799,32796,00000,00000
BCN,1894,0000,060033,2,8,055774,2,4,32799,32796,00000,00000
BCN,1895,0000,066138,2,9,105478,2,9,32800,32771,00000,00000
BCN,1896,0000,066138,2,9,105478,2,9,32800,32771,00000,00000
BCN,1897,0000,066138,2,9,105478,2,9,32800,32771,00000,00000
BCN,1898,0000,066138,2,9,105478,2,9,32800,32771,00000,00000
BCN,1899,0000,066138,2,9,105478,2,9,32800,32771,00000,00000
BCN,1900,0000,066138,2,9,105478,2,9,32800,32771,00000,00000
BCN,1901,0000,066138,2,9,105478,2,9,32800,32771,00000,00000
BCN,1902,0000,066294,2,9,070666,2,6,32800,32771,00000,00000
BCN,1903,0000,066294,2,9,070666,2,6,32800,32771,00000,00000
BCN,1904,0000,066294,2,9,070666,2,6,32800,32771,00000,00000
BCN,1905,0000,066294,2,9,070666,2,6,32800,32771,00000,00000
BCN,1906,3237,066294,2,9,070666,2,6,32800,32771,00000,00000
BCN,1907,2852,066294,2,9,070666,2,6,32800,32771,00000,00000
BCN,1908,3334,060202,2,8,091416,2,7,32799,32780,00000,00000
BCN,1909,0000,060202,2,8,091416,2,7,32799,32780,00000,00000
BCN,1910,2811,060202,2,8,091416,2,7,32799,32780,00000,00000
BCN,1911,3249,060202,2,8,091416,2,7,32799,32780,00000,00000
BCN,1912,0000,060202,2,8,091416,2,7,32799,32780,00000,00000
BCN,1913,0000,060202,2,8,091416,2,7,32799,32780,00000,00000
BCN,1914,0000,066255,2,9,062755,2,5,32800,32780,00000,00000
BCN,1915,0000,066255,2,9,062755,2,5,32800,32780,00000,00000
BCN,1916,0000,066255,2,9,062755,2,5,32800,32780,00000,00000
BCN,1917,0000,066255,2,9,062755,2,5,32800,32780,00000,00000
BCN,1918,0000,066255,2,9,062755,2,5,32800,32780,00000,00000
BCN,1919,2813,066255,2,9,062755,2,5,32800,32780,00000,00000
BCN,1920,0000,064246,2,8,031700,2,3,32800,32785,00000,00000
BCN,1921,0000,064246,2,8,031700,2,3,32800,32785,00000,00000
BCN,1922,0000,064246,2,8,031700,2,3,32800,32785,00000,00000
BCN,1923,0000,064246,2,8,031700,2,3,32800,32785,00000,00000
BCN,1924,0000,064246,2,8,031700,2,3,32800,32785,00000,00000
BCN,1925,3234,064246,2,8,031700,2,3,32800,32785,00000,00000
BCN,1926,0000,060202,2,8,037797,2,3,32799,32766,00000,00000
BCN,1927,0000,060202,2,8,037797,2,3,32799,32766,00000,00000
BCN,1928,0000,060202,2,8,037797,2,3,32799,32766,00000,00000
BCN,1929,0000,060202,2,8,037797,2,3,32799,32766,00000,00000
BCN,1930,0000,060202,2,8,037797,2,3,32799,32766,00000,00000
BCN,1931,0000,060202,2,8,037797,2,3,32799,32766,00000,00000
BCN,1932,3234,064129,2,8,067251,2,6,32800,32746,00000,00000
BCN,1933,2551,064129,2,8,067251,2,6,32800,32746,00000,00000
BCN,1934,3218,064129,2,8,067251,2,6,32800,32746,00000,00000
BCN,1935,2807,064129,2,8,067251,2,6,32800,32746,00000,00000
BCN,1936,0000,064129,2,8,067251,2,6,32800,32746,00000,00000
BCN,1937,0000,064129,2,8,067251,2,6,32800,32746,00000,00000
BCN,1938,2894,064129,2,8,067251,2,6,32800,32746,00000,00000
BCN,1939,0000,066320,2,9,100157,2,8,32800,32756,00000,00000
BCN,1940,0000,066320,2,9,100157,2,8,32800,32756,00000,00000
BCN,1941,2875,066320,2,9,100157,2,8,32800,32756,00000,00000
BCN,1942,0000,066320,2,9,100157,2,8,32800,32756,00000,00000
BCN,1943,0000,066320,2,9,100157,2,8,32800,32756,00000,00000
BCN,1944,0000,066320,2,9,100157,2,8,32800,32756,00000,00000
BCN,1945,0000,060215,2,8,104921,2,9,32799,32757,00000,00000
BCN,1946,0000,060215,2,8,104921,2,9,32799,32757,00000,00000
BCN,1947,0000,060215,2,8,104921,2,9,32799,32757,00000,00000
BCN,1948,0000,060215,2,8,104921,2,9,32799,32757,00000,00000
BCN,1949,0000,060215,2,8,104921,2,9,32799,32757,00000,00000
BCN,1950,0000,060215,2,8,104921,2,9,32799,32757,00000,00000
BCN,1951,0000,064142,2,8,048360,2,4,32800,32753,00000,00000
BCN,1952,0000,064142,2,8,048360,2,4,32800,32753,00000,00000
BCN,1953,0000,064142,2,8,048360,2,4,32800,32753,00000,00000
BCN,1954,0000,064142,2,8,048360,2,4,32800,32753,00000,00000
BCN,1955,0000,064142,2,8,048360,2,4,32800,32753,00000,00000
BCN,1956,0000,064142,2,8,048360,2,4,32800,32753,00000,00000
BCN,1957,0000,066320,2,9,043811,2,5,32800,32788,00000,00000
BCN,1958,0000,066320,2,9,043811,2,5,32800,32788,00000,00000
BCN,1959,0000,066320,2,9,043811,2,5,32800,32788,00000,00000
BCN,1960,0000,066320,2,9,043811,2,5,32800,32788,00000,00000
BCN,1961,0000,066320,2,9,043811,2,5,32800,32788,00000,00000
BCN,1962,0000,066320,2,9,043811,2,5,32800,32788,00000,00000
BCN,1963,0000,062185,2,8,043790,2,4,32799,32794,00000,00000
BCN,1964,0000,062185,2,8,043790,2,4,32799,32794,00000,00000
BCN,1965,0000,062185,2,8,043790,2,4,32799,32794,00000,00000
BCN,1966,0000,062185,2,8,043790,2,4,32799,32794,00000,00000
BCN,1967,0000,062185,2,8,043790,2,4,32799,32794,00000,00000
BCN,1968,0000,062185,2,8,043790,2,4,32799,32794,00000,00000
BCN,1969,3053,064077,2,8,071285,2,7,32800,32828,00000,00000
BCN,1970,2970,064077,2,8,071285,2,7,32800,32828,00000,00000
BCN,1971,3141,064077,2,8,071285,2,7,32800,32828,00000,00000
BCN,1972,3158,064077,2,8,071285,2,7,32800,32828,00000,00000
BCN,1973,3249,064077,2,8,071285,2,7,32800,32828,00000,00000
BCN,1974,0000,064077,2,8,071285,2,7,32800,32828,00000,00000
BCN,1975,0000,064077,2,8,071285,2,7,32800,32828,00000,00000
BCN,1976,3229,066281,2,9,104605,2,8,32800,32843,00000,00000
BCN,1977,3466,066281,2,9,104605,2,8,32800,32843,00000,00000
BCN,1978,3328,066281,2,9,104605,2,8,32800,32843,00000,00000
BCN,1979,2869,066281,2,9,104605,2,8,32800,32843,00000,00000
BCN,1980,0000,066281,2,9,104605,2,8,32800,32843,00000,00000
BCN,1981,0000,066281,2,9,104605,2,8,32800,32843,00000,00000
BCN,1982,0000,062159,2,8,088213,2,7,32799,32842,00000,00000
BCN,1983,0000,062159,2,8,088213,2,7,32799,32842,00000,00000
BCN,1984,0000,062159,2,8,088213,2,7,32799,32842,00000,00000
BCN,1985,2996,062159,2,8,088213,2,7,32799,32842,00000,00000
BCN,1986,0000,062159,2,8,088213,2,7,32799,32842,00000,00000
BCN,1987,0000,062159,2,8,088213,2,7,32799,32842,00000,00000
BCN,1988,0000,057855,2,8,027601,2,2,32799,32824,00000,00000
BCN,1989,0000,057855,2,8,027601,2,2,32799,32824,00000,00000
BCN,1990,0000,057855,2,8,027601,2,2,32799,32824,00000,00000
BCN,1991,3214,057855,2,8,027601,2,2,32799,32824,00000,00000
BCN,1992,2937,057855,2,8,027601,2,2,32799,32824,00000,00000
BCN,1993,0000,057855,2,8,027601,2,2,32799,32824,00000,00000
BCN,1994,0000,064051,2,8,060586,2,5,32800,32799,00000,00000
BCN,1995,0000,064051,2,8,060586,2,5,32800,32799,00000,00000
BCN,1996,3034,064051,2,8,060586,2,5,32800,32799,00000,00000
BCN,1997,0000,064051,2,8,060586,2,5,32800,32799,00000,00000
BCN,1998,0000,064051,2,8,060586,2,5,32800,32799,00000,00000
BCN,1999,0004,064051,2,8,060586,2,5,32800,32799,00000,00000
BCN,2000,2879,064116,2,8,063194,2,6,32800,32807,00000,00000
BCN,2001,0012,064116,2,8,063194,2,6,32800,32807,00000,00000
BCN,2002,0000,064116,2,8,063194,2,6,32800,32807,00000,00000
BCN,2003,0000,064116,2,8,063194,2,6,32800,32807,00000,00000
BCN,2004,0000,064116,2,8,063194,2,6,32800,32807,00000,00000
BCN,2005,0000,064116,2,8,063194,2,6,32800,32807,00000,00000
BCN,2006,0000,064025,2,8,022383,2,3,32799,32809,00000,00000
BCN,2007,0000,064025,2,8,022383,2,3,32799,32809,00000,00000
BCN,2008,0000,064025,2,8,022383,2,3,32799,32809,00000,00000
BCN,2009,3221,064025,2,8,022383,2,3,32799,32809,00000,00000
BCN,2010,0000,064025,2,8,022383,2,3,32799,32809,00000,00000
BCN,2011,0000,064025,2,8,022383,2,3,32799,32809,00000,00000
BCN,2012,3206,064025,2,8,022383,2,3,32799,32809,00000,00000
BCN,2013,0000,061769,2,8,032747,2,2,32800,32778,00000,00000
BCN,2014,0000,061769,2,8,032747,2,2,32800,32778,00000,00000
BCN,2015,0000,061769,2,8,032747,2,2,32800,32778,00000,00000
BCN,2016,0000,061769,2,8,032747,2,2,32800,32778,00000,00000
BCN,2017,0000,061769,2,8,032747,2,2,32800,32778,00000,00000
BCN,2018,0000,061769,2,8,032747,2,2,32800,32778,00000,00000
BCN,2019,0000,061795,2,8,104618,2,8,32800,32790,00000,00000
BCN,2020,0000,061795,2,8,104618,2,8,32800,32790,00000,00000
BCN,2021,2871,061795,2,8,104618,2,8,32800,32790,00000,00000
BCN,2022,3224,061795,2,8,104618,2,8,32800,32790,00000,00000
BCN,2023,3382,061795,2,8,104618,2,8,32800,32790,00000,00000
BCN,2024,0000,061795,2,8,104618,2,8,32800,32790,00000,00000
BCN,2025,3035,063817,2,8,101038,2,8,32799,32825,00000,00000
BCN,2026,3174,063817,2,8,101038,2,8,32799,32825,00000,00000
BCN,2027,2971,063817,2,8,101038,2,8,32799,32825,00000,00000
BCN,2028,0000,063817,2,8,101038,2,8,32799,32825,00000,00000
BCN,2029,3059,063817,2,8,101038,2,8,32799,32825,00000,00000
BCN,2030,0000,063817,2,8,101038,2,8,32799,32825,00000,00000
BCN,2031,3154,059708,2,8,098708,2,8,32799,32824,00000,00000
BCN,2032,3226,059708,2,8,098708,2,8,32799,32824,00000,00000
BCN,2033,2871,059708,2,8,098708,2,8,32799,32824,00000,00000
BCN,2034,0000,059708,2,8,098708,2,8,32799,32824,00000,00000
BCN,2035,3235,059708,2,8,098708,2,8,32799,32824,00000,00000
BCN,2036,3457,059708,2,8,098708,2,8,32799,32824,00000,00000
BCN,2037,0000,069987,2,9,100566,2,8,32800,32823,00000,00000
BCN,2038,0000,069987,2,9,100566,2,8,32800,32823,00000,00000
BCN,2039,0000,069987,2,9,100566,2,8,32800,32823,00000,00000
BCN,2040,0000,069987,2,9,100566,2,8,32800,32823,00000,00000
BCN,2041,0000,069987,2,9,100566,2,8,32800,32823,00000,00000
BCN,2042,3457,069987,2,9,100566,2,8,32800,32823,00000,00000
BCN,2043,0000,063791,2,8,041037,2,3,32800,32827,00000,00000
BCN,2044,0000,063791,2,8,041037,2,3,32800,32827,00000,00000
BCN,2045,3380,063791,2,8,041037,2,3,32800,32827,00000,00000
BCN,2046,0000,063791,2,8,041037,2,3,32800,32827,00000,00000
BCN,2047,0000,063791,2,8,041037,2,3,32800,32827,00000,00000
BCN,2048,0000,063791,2,8,041037,2,3,32800,32827,00000,00000
BCN,2049,0000,063791,2,8,041037,2,3,32800,32827,00000,00000
BCN,2050,0000,067822,2,9,097563,2,8,32800,32811,00000,00000
BCN,2051,2783,067822,2,9,097563,2,8,32800,32811,00000,00000
BCN,2052,0000,067822,2,9,097563,2,8,32800,32811,00000,00000
BCN,2053,0000,067822,2,9,097563,2,8,32800,32811,00000,00000
BCN,2054,0000,067822,2,9,097563,2,8,32800,32811,00000,00000
BCN,2055,0000,067822,2,9,097563,2,8,32800,32811,00000,00000
BCN,2056,0000,061730,2,8,096721,2,8,32800,32810,00000,00000
BCN,2057,2943,061730,2,8,096721,2,8,32800,32810,00000,00000
BCN,2058,2930,061730,2,8,096721,2,8,32800,32810,00000,00000
BCN,2059,3172,061730,2,8,096721,2,8,32800,32810,00000,00000
BCN,2060,0000,061730,2,8,096721,2,8,32800,32810,00000,00000
BCN,2061,3248,061730,2,8,096721,2,8,32800,32810,00000,00000
BCN,2062,2966,065904,2,9,095242,2,8,32799,32809,00000,00000
BCN,2063,3053,065904,2,9,095242,2,8,32799,32809,00000,00000
BCN,2064,0000,065904,2,9,095242,2,8,32799,32809,00000,00000
BCN,2065,3270,065904,2,9,095242,2,8,32799,32809,00000,00000
BCN,2066,3236,065904,2,9,095242,2,8,32799,32809,00000,00000
BCN,2067,3019,065904,2,9,095242,2,8,32799,32809,00000,00000
BCN,2068,0000,066151,2,9,096456,2,8,32799,32808,00000,00000
BCN,2069,0000,066151,2,9,096456,2,8,32799,32808,00000,00000
BCN,2070,0000,066151,2,9,096456,2,8,32799,32808,00000,00000
BCN,2071,0000,066151,2,9,096456,2,8,32799,32808,00000,00000
BCN,2072,3330,066151,2,9,096456,2,8,32799,32808,00000,00000
BCN,2073,2934,066151,2,9,096456,2,8,32799,32808,00000,00000
BCN,2074,2926,072360,2,9,097976,2,8,32800,32807,00000,00000
BCN,2075,3161,072360,2,9,097976,2,8,32800,32807,00000,00000
BCN,2076,3052,072360,2,9,097976,2,8,32800,32807,00000,00000
BCN,2077,0000,072360,2,9,097976,2,8,32800,32807,00000,00000
BCN,2078,0000,072360,2,9,097976,2,8,32800,32807,00000,00000
BCN,2079,3228,072360,2,9,097976,2,8,32800,32807,00000,00000
BCN,2080,0000,068121,2,9,098612,2,8,32800,32806,00000,00000
BCN,2081,0000,068121,2,9,098612,2,8,32800,32806,00000,00000
BCN,2082,3426,068121,2,9,098612,2,8,32800,32806,00000,00000
BCN,2083,0000,068121,2,9,098612,2,8,32800,32806,00000,00000
BCN,2084,0000,068121,2,9,098612,2,8,32800,32806,00000,00000
BCN,2085,0000,068121,2,9,098612,2,8,32800,32806,00000,00000
BCN,2086,0000,068121,2,9,098612,2,8,32800,32806,00000,00000
BCN,2087,0000,066242,2,9,097151,2,8,32800,32805,00000,00000
BCN,2088,3227,066242,2,9,097151,2,8,32800,32805,00000,00000
BCN,2089,0000,066242,2,9,097151,2,8,32800,32805,00000,00000
BCN,2090,0000,066242,2,9,097151,2,8,32800,32805,00000,00000
BCN,2091,0000,066242,2,9,097151,2,8,32800,32805,00000,00000
BCN,2092,0000,066242,2,9,097151,2,8,32800,32805,00000,00000
BCN,2093,0000,064090,2,8,097907,2,8,32799,32804,00000,00000
BCN,2094,3224,064090,2,8,097907,2,8,32799,32804,00000,00000
BCN,2095,3224,064090,2,8,097907,2,8,32799,32804,00000,00000
BCN,2096,3276,064090,2,8,097907,2,8,32799,32804,00000,00000
BCN,2097,0000,064090,2,8,097907,2,8,32799,32804,00000,00000
BCN,2098,2983,064090,2,8,097907,2,8,32799,32804,00000,00000
BCN,2099,3003,061821,2,8,096604,2,8,32800,32803,00000,00000
BCN,2100,3125,061821,2,8,096604,2,8,32800,32803,00000,00000
BCN,2101,0000,061821,2,8,096604,2,8,32800,32803,00000,00000
BCN,2102,3360,061821,2,8,096604,2,8,32800,32803,00000,00000
BCN,2103,3218,061821,2,8,096604,2,8,32800,32803,00000,00000
BCN,2104,3460,061821,2,8,096604,2,8,32800,32803,00000,00000
BCN,2105,0000,061821,2,8,096163,2,8,32800,32802,00000,00000
BCN,2106,0000,061821,2,8,096163,2,8,32800,32802,00000,00000
BCN,2107,0000,061821,2,8,096163,2,8,32800,32802,00000,00000
BCN,2108,0000,061821,2,8,096163,2,8,32800,32802,00000,00000
BCN,2109,3147,061821,2,8,096163,2,8,32800,32802,00000,00000
BCN,2110,3127,061821,2,8,096163,2,8,32800,32802,00000,00000
BCN,2111,3156,063843,2,8,096792,2,8,32799,32801,00000,00000
BCN,2112,3272,063843,2,8,096792,2,8,32799,32801,00000,00000
BCN,2113,3272,063843,2,8,096792,2,8,32799,32801,00000,00000
BCN,2114,0000,063843,2,8,096792,2,8,32799,32801,00000,00000
BCN,2115,0000,063843,2,8,096792,2,8,32799,32801,00000,00000
BCN,2116,2990,063843,2,8,096792,2,8,32799,32801,00000,00000
BCN,2117,0000,059721,2,8,095886,2,8,32799,32800,00000,00000
BCN,2118,0000,059721,2,8,095886,2,8,32799,32800,00000,00000
BCN,2119,3362,059721,2,8,095886,2,8,32799,32800,00000,00000
BCN,2120,0000,059721,2,8,095886,2,8,32799,32800,00000,00000
BCN,2121,0000,059721,2,8,095886,2,8,32799,32800,00000,00000
BCN,2122,0000,059721,2,8,095886,2,8,32799,32800,00000,00000
BCN,2123,0000,059721,2,8,095886,2,8,32799,32800,00000,00000
BCN,2124,0000,070000,2,9,095096,2,8,32800,32799,00000,00000
BCN,2125,2997,070000,2,9,095096,2,8,32800,32799,00000,00000
BCN,2126,0000,070000,2,9,095096,2,8,32800,32799,00000,00000
BCN,2127,0000,070000,2,9,095096,2,8,32800,32799,00000,00000
BCN,2128,0000,070000,2,9,095096,2,8,32800,32799,00000,00000
BCN,2129,0000,070000,2,9,095096,2,8,32800,32799,00000,00000
BCN,2130,0000,065930,2,9,111894,2,9,32800,32798,00000,00000
BCN,2131,0000,065930,2,9,111894,2,9,32800,32798,00000,00000
BCN,2132,0000,065930,2,9,111894,2,9,32800,32798,00000,00000
BCN,2133,0000,065930,2,9,111894,2,9,32800,32798,00000,00000
BCN,2134,3038,065930,2,9,111894,2,9,32800,32798,00000,00000
BCN,2135,3181,065930,2,9,111894,2,9,32800,32798,00000,00000
BCN,2136,3282,065943,2,9,114030,2,9,32800,32833,00000,00000
BCN,2137,0000,065943,2,9,114030,2,9,32800,32833,00000,00000
BCN,2138,3051,065943,2,9,114030,2,9,32800,32833,00000,00000
BCN,2139,3365,065943,2,9,114030,2,9,32800,32833,00000,00000
BCN,2140,3226,065943,2,9,114030,2,9,32800,32833,00000,00000
BCN,2141,0000,065943,2,9,114030,2,9,32800,32833,00000,00000
BCN,2142,3232,059942,2,8,097611,2,8,32799,32832,00000,00000
BCN,2143,3053,059942,2,8,097611,2,8,32799,32832,00000,00000
BCN,2144,2970,059942,2,8,097611,2,8,32799,32832,00000,00000
BCN,2145,0000,059942,2,8,097611,2,8,32799,32832,00000,00000
BCN,2146,0000,059942,2,8,097611,2,8,32799,32832,00000,00000
BCN,2147,0000,059942,2,8,097611,2,8,32799,32832,00000,00000
BCN,2148,3063,066073,2,9,097093,2,8,32800,32830,00000,00000
BCN,2149,2923,066073,2,9,097093,2,8,32800,32830,00000,00000
BCN,2150,2971,066073,2,9,097093,2,8,32800,32830,00000,00000
BCN,2151,0000,066073,2,9,097093,2,8,32800,32830,00000,00000
BCN,2152,0000,066073,2,9,097093,2,8,32800,32830,00000,00000
BCN,2153,0000,066073,2,9,097093,2,8,32800,32830,00000,00000
BCN,2154,0000,066242,2,9,092646,2,8,32800,32829,00000,00000
BCN,2155,3238,066242,2,9,092646,2,8,32800,32829,00000,00000
BCN,2156,3226,066242,2,9,092646,2,8,32800,32829,00000,00000
BCN,2157,3372,066242,2,9,092646,2,8,32800,32829,00000,00000
BCN,2158,3123,066242,2,9,092646,2,8,32800,32829,00000,00000
BCN,2159,2990,066242,2,9,092646,2,8,32800,32829,00000,00000
BCN,2160,0000,066242,2,9,092646,2,8,32800,32829,00000,00000
BCN,2161,0000,060163,2,8,095405,2,8,32799,32828,00000,00000
BCN,2162,3193,060163,2,8,095405,2,8,32799,32828,00000,00000
BCN,2163,0000,060163,2,8,095405,2,8,32799,32828,00000,00000
BCN,2164,0000,060163,2,8,095405,2,8,32799,32828,00000,00000
BCN,2165,0000,060163,2,8,095405,2,8,32799,32828,00000,00000
BCN,2166,0000,060163,2,8,095405,2,8,32799,32828,00000,00000
BCN,2167,2927,064090,2,8,053404,2,4,32800,32827,00000,00000
BCN,2168,3179,064090,2,8,053404,2,4,32800,32827,00000,00000
BCN,2169,3159,064090,2,8,053404,2,4,32800,32827,00000,00000
BCN,2170,2741,064090,2,8,053404,2,4,32800,32827,00000,00000
BCN,2171,3112,064090,2,8,053404,2,4,32800,32827,00000,00000
BCN,2172,0000,064090,2,8,053404,2,4,32800,32827,00000,00000
BCN,2173,3272,066294,2,9,096351,2,8,32800,32829,00000,00000
BCN,2174,3117,066294,2,9,096351,2,8,32800,32829,00000,00000
BCN,2175,2997,066294,2,9,096351,2,8,32800,32829,00000,00000
BCN,2176,0000,066294,2,9,096351,2,8,32800,32829,00000,00000
BCN,2177,0000,066294,2,9,096351,2,8,32800,32829,00000,00000
BCN,2178,0000,066294,2,9,096351,2,8,32800,32829,00000,00000
BCN,2179,0000,060202,2,8,097595,2,8,32799,32828,00000,00000
BCN,2180,3365,060202,2,8,097595,2,8,32799,32828,00000,00000
BCN,2181,2934,060202,2,8,097595,2,8,32799,32828,00000,00000
BCN,2182,2982,060202,2,8,097595,2,8,32799,32828,00000,00000
BCN,2183,3291,060202,2,8,097595,2,8,32799,32828,00000,00000
BCN,2184,2867,060202,2,8,097595,2,8,32799,32828,00000,00000
BCN,2185,0000,064129,2,8,097954,2,8,32800,32827,00000,00000
BCN,2186,0000,064129,2,8,097954,2,8,32800,32827,00000,00000
BCN,2187,3259,064129,2,8,097954,2,8,32800,32827,00000,00000
BCN,2188,0000,064129,2,8,097954,2,8,32800,32827,00000,00000
BCN,2189,0000,064129,2,8,097954,2,8,32800,32827,00000,00000
BCN,2190,3225,064129,2,8,097954,2,8,32800,32827,00000,00000
BCN,2191,0000,064168,2,8,096109,2,8,32800,32826,00000,00000
BCN,2192,0000,064168,2,8,096109,2,8,32800,32826,00000,00000
BCN,2193,0000,064168,2,8,096109,2,8,32800,32826,00000,00000
BCN,2194,0000,064168,2,8,096109,2,8,32800,32826,00000,00000
BCN,2195,0000,064168,2,8,096109,2,8,32800,32826,00000,00000
BCN,2196,3063,064168,2,8,096109,2,8,32800,32826,00000,00000
BCN,2197,3233,064168,2,8,096109,2,8,32800,32826,00000,00000
BCN,2198,3225,064064,2,8,096113,2,8,32799,32825,00000,00000
BCN,2199,0000,064064,2,8,096113,2,8,32799,32825,00000,00000
BCN,2200,2811,064064,2,8,096113,2,8,32799,32825,00000,00000
BCN,2201,3162,064064,2,8,096113,2,8,32799,32825,00000,00000
BCN,2202,0000,064064,2,8,096113,2,8,32799,32825,00000,00000
BCN,2203,0001,064064,2,8,096113,2,8,32799,32825,00000,00000
BCN,2204,0000,063960,2,8,064301,2,5,32800,32824,00000,00000
BCN,2205,0000,063960,2,8,064301,2,5,32800,32824,00000,00000
BCN,2206,0000,063960,2,8,064301,2,5,32800,32824,00000,00000
BCN,2207,0000,063960,2,8,064301,2,5,32800,32824,00000,00000
BCN,2208,0000,063960,2,8,064301,2,5,32800,32824,00000,00000
BCN,2209,0000,063960,2,8,064301,2,5,32800,32824,00000,00000
BCN,2210,0000,064038,2,8,035266,2,3,32800,32829,00000,00000
BCN,2211,3456,064038,2,8,035266,2,3,32800,32829,00000,00000
BCN,2212,3361,064038,2,8,035266,2,3,32800,32829,00000,00000
BCN,2213,3290,064038,2,8,035266,2,3,32800,32829,00000,00000
BCN,2214,0000,064038,2,8,035266,2,3,32800,32829,00000,00000
BCN,2215,2781,064038,2,8,035266,2,3,32800,32829,00000,00000
BCN,2216,0000,063973,2,8,041051,2,3,32799,32848,00000,00000
BCN,2217,3380,063973,2,8,041051,2,3,32799,32848,00000,00000
BCN,2218,3061,063973,2,8,041051,2,3,32799,32848,00000,00000
BCN,2219,3018,063973,2,8,041051,2,3,32799,32848,00000,00000
BCN,2220,0000,063973,2,8,041051,2,3,32799,32848,00000,00000
BCN,2221,0000,063973,2,8,041051,2,3,32799,32848,00000,00000
BCN,2222,0000,061730,2,8,097555,2,8,32800,32831,00000,00000
BCN,2223,0000,061730,2,8,097555,2,8,32800,32831,00000,00000
BCN,2224,3177,061730,2,8,097555,2,8,32800,32831,00000,00000
BCN,2225,2926,061730,2,8,097555,2,8,32800,32831,00000,00000
BCN,2226,3456,061730,2,8,097555,2,8,32800,32831,00000,00000
BCN,2227,3348,061730,2,8,097555,2,8,32800,32831,00000,00000
BCN,2228,3255,063908,2,8,093672,2,8,32800,32829,00000,00000
BCN,2229,0000,063908,2,8,093672,2,8,32800,32829,00000,00000
BCN,2230,0000,063908,2,8,093672,2,8,32800,32829,00000,00000
BCN,2231,2925,063908,2,8,093672,2,8,32800,32829,00000,00000
BCN,2232,0000,063908,2,8,093672,2,8,32800,32829,00000,00000
BCN,2233,0000,063908,2,8,093672,2,8,32800,32829,00000,00000
BCN,2234,3174,063908,2,8,093672,2,8,32800,32829,00000,00000
BCN,2235,0000,063869,2,8,092864,2,7,32799,32828,00000,00000
BCN,2236,0000,063869,2,8,092864,2,7,32799,32828,00000,00000
BCN,2237,0000,063869,2,8,092864,2,7,32799,32828,00000,00000
BCN,2238,0000,063869,2,8,092864,2,7,32799,32828,00000,00000
BCN,2239,0000,063869,2,8,092864,2,7,32799,32828,00000,00000
BCN,2240,3284,063869,2,8,092864,2,7,32799,32828,00000,00000
BCN,2241,3272,061665,2,8,093401,2,8,32800,32827,00000,00000
BCN,2242,3051,061665,2,8,093401,2,8,32800,32827,00000,00000
BCN,2243,0000,061665,2,8,093401,2,8,32800,32827,00000,00000
BCN,2244,3179,061665,2,8,093401,2,8,32800,32827,00000,00000
BCN,2245,3067,061665,2,8,093401,2,8,32800,32827,00000,00000
BCN,2246,3336,061665,2,8,093401,2,8,32800,32827,00000,00000
BCN,2247,0000,061717,2,8,090886,2,7,32800,32826,00000,00000
BCN,2248,3394,061717,2,8,090886,2,7,32800,32826,00000,00000
BCN,2249,3360,061717,2,8,090886,2,7,32800,32826,00000,00000
BCN,2250,3360,061717,2,8,090886,2,7,32800,32826,00000,00000
BCN,2251,0000,061717,2,8,090886,2,7,32800,32826,00000,00000
BCN,2252,2916,061717,2,8,090886,2,7,32800,32826,00000,00000
BCN,2253,0000,063765,2,8,094498,2,8,32799,32825,00000,00000
BCN,2254,3238,063765,2,8,094498,2,8,32799,32825,00000,00000
BCN,2255,3154,063765,2,8,094498,2,8,32799,32825,00000,00000
BCN,2256,3067,063765,2,8,094498,2,8,32799,32825,00000,00000
BCN,2257,0000,063765,2,8,094498,2,8,32799,32825,00000,00000
BCN,2258,0000,063765,2,8,094498,2,8,32799,32825,00000,00000
BCN,2259,0000,059656,2,8,093214,2,7,32799,32824,00000,00000
BCN,2260,0000,059656,2,8,093214,2,7,32799,32824,00000,00000
BCN,2261,3282,059656,2,8,093214,2,7,32799,32824,00000,00000
BCN,2262,2997,059656,2,8,093214,2,7,32799,32824,00000,00000
BCN,2263,2973,059656,2,8,093214,2,7,32799,32824,00000,00000
BCN,2264,3361,059656,2,8,093214,2,7,32799,32824,00000,00000
BCN,2265,3035,069948,2,9,093306,2,8,32800,32823,00000,00000
BCN,2266,0000,069948,2,9,093306,2,8,32800,32823,00000,00000
BCN,2267,0000,069948,2,9,093306,2,8,32800,32823,00000,00000
BCN,2268,2907,069948,2,9,093306,2,8,32800,32823,00000,00000
BCN,2269,0000,069948,2,9,093306,2,8,32800,32823,00000,00000
BCN,2270,0000,069948,2,9,093306,2,8,32800,32823,00000,00000
BCN,2271,3113,069948,2,9,093306,2,8,32800,32823,00000,00000
BCN,2272,0000,063765,2,8,094655,2,8,32800,32822,00000,00000
BCN,2273,0000,063765,2,8,094655,2,8,32800,32822,00000,00000
BCN,2274,0000,063765,2,8,094655,2,8,32800,32822,00000,00000
BCN,2275,0000,063765,2,8,094655,2,8,32800,32822,00000,00000
BCN,2276,0000,063765,2,8,094655,2,8,32800,32822,00000,00000
BCN,2277,3330,063765,2,8,094655,2,8,32800,32822,00000,00000
BCN,2278,2991,065852,2,9,092146,2,7,32800,32821,00000,00000
BCN,2279,2998,065852,2,9,092146,2,7,32800,32821,00000,00000
BCN,2280,0000,065852,2,9,092146,2,7,32800,32821,00000,00000
BCN,2281,2934,065852,2,9,092146,2,7,32800,32821,00000,00000
BCN,2282,2925,065852,2,9,092146,2,7,32800,32821,00000,00000
BCN,2283,3226,065852,2,9,092146,2,7,32800,32821,00000,00000
BCN,2284,0000,061782,2,8,091652,2,7,32800,32820,00000,00000
BCN,2285,3245,061782,2,8,091652,2,7,32800,32820,00000,00000
BCN,2286,3019,061782,2,8,091652,2,7,32800,32820,00000,00000
BCN,2287,2943,061782,2,8,091652,2,7,32800,32820,00000,00000
BCN,2288,0000,061782,2,8,091652,2,7,32800,32820,00000,00000
BCN,2289,2995,061782,2,8,091652,2,7,32800,32820,00000,00000
BCN,2290,0000,065956,2,9,093138,2,8,32799,32819,00000,00000
BCN,2291,3328,065956,2,9,093138,2,8,32799,32819,00000,00000
BCN,2292,3052,065956,2,9,093138,2,8,32799,32819,00000,00000
BCN,2293,3346,065956,2,9,093138,2,8,32799,32819,00000,00000
BCN,2294,0000,065956,2,9,093138,2,8,32799,32819,00000,00000
BCN,2295,0000,065956,2,9,093138,2,8,32799,32819,00000,00000
BCN,2296,0000,064064,2,8,092320,2,7,32799,32818,00000,00000
BCN,2297,0000,064064,2,8,092320,2,7,32799,32818,00000,00000
BCN,2298,3278,064064,2,8,092320,2,7,32799,32818,00000,00000
BCN,2299,3219,064064,2,8,092320,2,7,32799,32818,00000,00000
BCN,2300,3163,064064,2,8,092320,2,7,32799,32818,00000,00000
BCN,2301,3174,064064,2,8,092320,2,7,32799,32818,00000,00000
BCN,2302,3174,072321,2,9,096482,2,8,32800,32817,00000,00000
BCN,2303,0000,072321,2,9,096482,2,8,32800,32817,00000,00000
BCN,2304,0000,072321,2,9,096482,2,8,32800,32817,00000,00000
BCN,2305,2994,072321,2,9,096482,2,8,32800,32817,00000,00000
BCN,2306,0000,072321,2,9,096482,2,8,32800,32817,00000,00000
BCN,2307,0000,072321,2,9,096482,2,8,32800,32817,00000,00000
BCN,2308,3053,072321,2,9,096482,2,8,32800,32817,00000,00000
BCN,2309,0000,068095,2,9,095661,2,8,32800,32816,00000,00000
BCN,2310,0000,068095,2,9,095661,2,8,32800,32816,00000,00000
BCN,2311,0000,068095,2,9,095661,2,8,32800,32816,00000,00000
BCN,2312,0000,068095,2,9,095661,2,8,32800,32816,00000,00000
BCN,2313,0000,068095,2,9,095661,2,8,32800,32816,00000,00000
BCN,2314,3225,068095,2,9,095661,2,8,32800,32816,00000,00000
BCN,2315,2924,066216,2,9,096225,2,8,32800,32815,00000,00000
BCN,2316,3291,066216,2,9,096225,2,8,32800,32815,00000,00000
BCN,2317,0000,066216,2,9,096225,2,8,32800,32815,00000,00000
BCN,2318,2879,066216,2,9,096225,2,8,32800,32815,00000,00000
BCN,2319,2966,066216,2,9,096225,2,8,32800,32815,00000,00000
BCN,2320,2982,066216,2,9,096225,2,8,32800,32815,00000,00000
BCN,2321,0000,060150,2,8,096889,2,8,32799,32814,00000,00000
BCN,2322,3333,060150,2,8,096889,2,8,32799,32814,00000,00000
BCN,2323,3034,060150,2,8,096889,2,8,32799,32814,00000,00000
BCN,2324,3244,060150,2,8,096889,2,8,32799,32814,00000,00000
BCN,2325,2924,060150,2,8,096889,2,8,32799,32814,00000,00000
BCN,2326,2719,060150,2,8,096889,2,8,32799,32814,00000,00000
BCN,2327,0000,064090,2,8,095647,2,8,32800,32813,00000,00000
BCN,2328,2943,064090,2,8,095647,2,8,32800,32813,00000,00000
BCN,2329,3038,064090,2,8,095647,2,8,32800,32813,00000,00000
BCN,2330,2874,064090,2,8,095647,2,8,32800,32813,00000,00000
BCN,2331,0000,064090,2,8,095647,2,8,32800,32813,00000,00000
BCN,2332,0000,064090,2,8,095647,2,8,32800,32813,00000,00000
BCN,2333,0000,066281,2,9,094937,2,8,32800,32812,00000,00000
BCN,2334,0000,066281,2,9,094937,2,8,32800,32812,00000,00000
BCN,2335,3274,066281,2,9,094937,2,8,32800,32812,00000,00000
BCN,2336,3333,066281,2,9,094937,2,8,32800,32812,00000,00000
BCN,2337,3054,066281,2,9,094937,2,8,32800,32812,00000,00000
BCN,2338,2925,066281,2,9,094937,2,8,32800,32812,00000,00000
BCN,2339,3346,062159,2,8,093324,2,8,32799,32811,00000,00000
BCN,2340,0000,062159,2,8,093324,2,8,32799,32811,00000,00000
BCN,2341,0000,062159,2,8,093324,2,8,32799,32811,00000,00000
BCN,2342,3189,062159,2,8,093324,2,8,32799,32811,00000,00000
BCN,2343,0000,062159,2,8,093324,2,8,32799,32811,00000,00000
BCN,2344,0000,062159,2,8,093324,2,8,32799,32811,00000,00000
BCN,2345,3002,062159,2,8,093324,2,8,32799,32811,00000,00000
BCN,2346,0000,064051,2,8,095959,2,8,32800,32810,00000,00000
BCN,2347,0000,064051,2,8,095959,2,8,32800,32810,00000,00000
BCN,2348,0000,064051,2,8,095959,2,8,32800,32810,00000,00000
BCN,2349,0000,064051,2,8,095959,2,8,32800,32810,00000,00000
BCN,2350,0000,064051,2,8,095959,2,8,32800,32810,00000,00000
BCN,2351,2875,064051,2,8,095959,2,8,32800,32810,00000,00000
BCN,2352,2783,064116,2,8,095190,2,8,32800,32809,00000,00000
BCN,2353,3224,064116,2,8,095190,2,8,32800,32809,00000,00000
BCN,2354,0000,064116,2,8,095190,2,8,32800,32809,00000,00000
BCN,2355,2935,064116,2,8,095190,2,8,32800,32809,00000,00000
BCN,2356,3053,064116,2,8,095190,2,8,32800,32809,00000,00000
BCN,2357,3245,064116,2,8,095190,2,8,32800,32809,00000,00000
BCN,2358,0000,064025,2,8,095188,2,8,32799,32808,00000,00000
BCN,2359,3006,064025,2,8,095188,2,8,32799,32808,00000,00000
BCN,2360,2935,064025,2,8,095188,2,8,32799,32808,00000,00000
BCN,2361,3180,064025,2,8,095188,2,8,32799,32808,00000,00000
BCN,2362,3053,064025,2,8,095188,2,8,32799,32808,00000,00000
BCN,2363,3046,064025,2,8,095188,2,8,32799,32808,00000,00000
BCN,2364,0000,061769,2,8,095152,2,8,32800,32807,00000,00000
BCN,2365,0000,061769,2,8,095152,2,8,32800,32807,00000,00000
BCN,2366,0000,061769,2,8,095152,2,8,32800,32807,00000,00000
BCN,2367,0000,061769,2,8,095152,2,8,32800,32807,00000,00000
BCN,2368,3062,061769,2,8,095152,2,8,32800,32807,00000,00000
BCN,2369,3238,061769,2,8,095152,2,8,32800,32807,00000,00000
BCN,2370,0000,061795,2,8,094337,2,8,32800,32806,00000,00000
BCN,2371,3289,061795,2,8,094337,2,8,32800,32806,00000,00000
BCN,2372,2926,061795,2,8,094337,2,8,32800,32806,00000,00000
BCN,2373,3404,061795,2,8,094337,2,8,32800,32806,00000,00000
BCN,2374,0000,061795,2,8,094337,2,8,32800,32806,00000,00000
BCN,2375,2799,061795,2,8,094337,2,8,32800,32806,00000,00000
BCN,2376,3053,063830,2,8,096797,2,8,32799,32776,00000,00000
BCN,2377,2874,063830,2,8,096797,2,8,32799,32776,00000,00000
BCN,2378,0000,063830,2,8,096797,2,8,32799,32776,00000,00000
BCN,2379,0000,063830,2,8,096797,2,8,32799,32776,00000,00000
BCN,2380,0000,063830,2,8,096797,2,8,32799,32776,00000,00000
BCN,2381,0000,063830,2,8,096797,2,8,32799,32776,00000,00000
BCN,2382,3296,063830,2,8,096797,2,8,32799,32776,00000,00000
BCN,2383,3226,059708,2,8,103407,2,9,32799,32775,00000,00000
BCN,2384,3037,059708,2,8,103407,2,9,32799,32775,00000,00000
BCN,2385,0000,059708,2,8,103407,2,9,32799,32775,00000,00000
BCN,2386,0000,059708,2,8,103407,2,9,32799,32775,00000,00000
BCN,2387,0000,059708,2,8,103407,2,9,32799,32775,00000,00000
BCN,2388,0000,059708,2,8,103407,2,9,32799,32775,00000,00000
BCN,2389,0000,069987,2,9,105061,2,9,32800,32775,00000,00000
BCN,2390,0000,069987,2,9,105061,2,9,32800,32775,00000,00000
BCN,2391,3045,069987,2,9,105061,2,9,32800,32775,00000,00000
BCN,2392,3218,069987,2,9,105061,2,9,32800,32775,00000,00000
BCN,2393,3219,069987,2,9,105061,2,9,32800,32775,00000,00000
BCN,2394,0000,069987,2,9,105061,2,9,32800,32775,00000,00000
BCN,2395,0000,063791,2,8,029037,2,2,32800,32761,00000,00000
BCN,2396,0000,063791,2,8,029037,2,2,32800,32761,00000,00000
BCN,2397,0000,063791,2,8,029037,2,2,32800,32761,00000,00000
BCN,2398,3221,063791,2,8,029037,2,2,32800,32761,00000,00000
BCN,2399,2815,063791,2,8,029037,2,2,32800,32761,00000,00000
BCN,2400,2997,063791,2,8,029037,2,2,32800,32761,00000,00000
BCN,2401,3180,065878,2,9,097584,2,8,32800,32746,00000,00000
BCN,2402,3027,065878,2,9,097584,2,8,32800,32746,00000,00000
BCN,2403,0000,065878,2,9,097584,2,8,32800,32746,00000,00000
BCN,2404,0000,065878,2,9,097584,2,8,32800,32746,00000,00000
BCN,2405,3346,065878,2,9,097584,2,8,32800,32746,00000,00000
BCN,2406,0000,065878,2,9,097584,2,8,32800,32746,00000,00000
BCN,2407,0000,059890,2,8,099534,2,8,32799,32747,00000,00000
BCN,2408,3368,059890,2,8,099534,2,8,32799,32747,00000,00000
BCN,2409,0000,059890,2,8,099534,2,8,32799,32747,00000,00000
BCN,2410,0000,059890,2,8,099534,2,8,32799,32747,00000,00000
BCN,2411,3218,059890,2,8,099534,2,8,32799,32747,00000,00000
BCN,2412,0000,059890,2,8,099534,2,8,32799,32747,00000,00000
BCN,2413,0000,066034,2,9,098256,2,8,32800,32748,00000,00000
BCN,2414,3332,066034,2,9,098256,2,8,32800,32748,00000,00000
BCN,2415,0000,066034,2,9,098256,2,8,32800,32748,00000,00000
BCN,2416,0000,066034,2,9,098256,2,8,32800,32748,00000,00000
BCN,2417,0000,066034,2,9,098256,2,8,32800,32748,00000,00000
BCN,2418,0000,066034,2,9,098256,2,8,32800,32748,00000,00000
BCN,2419,0000,066034,2,9,098256,2,8,32800,32748,00000,00000
BCN,2420,0000,066203,2,9,098165,2,8,32800,32749,00000,00000
BCN,2421,0000,066203,2,9,098165,2,8,32800,32749,00000,00000
BCN,2422,0000,066203,2,9,098165,2,8,32800,32749,00000,00000
BCN,2423,0000,066203,2,9,098165,2,8,32800,32749,00000,00000
BCN,2424,2877,066203,2,9,098165,2,8,32800,32749,00000,00000
BCN,2425,2989,066203,2,9,098165,2,8,32800,32749,00000,00000
BCN,2426,3364,060137,2,8,074473,2,6,32799,32750,00000,00000
BCN,2427,2934,060137,2,8,074473,2,6,32799,32750,00000,00000
BCN,2428,3412,060137,2,8,074473,2,6,32799,32750,00000,00000
BCN,2429,0000,060137,2,8,074473,2,6,32799,32750,00000,00000
BCN,2430,3222,060137,2,8,074473,2,6,32799,32750,00000,00000
BCN,2431,2987,060137,2,8,074473,2,6,32799,32750,00000,00000
BCN,2432,3266,064077,2,8,103766,2,8,32800,32767,00000,00000
BCN,2433,3367,064077,2,8,103766,2,8,32800,32767,00000,00000
BCN,2434,3277,064077,2,8,103766,2,8,32800,32767,00000,00000
BCN,2435,0000,064077,2,8,103766,2,8,32800,32767,00000,00000
BCN,2436,0000,064077,2,8,103766,2,8,32800,32767,00000,00000
BCN,2437,3365,064077,2,8,103766,2,8,32800,32767,00000,00000
BCN,2438,0000,066281,2,9,101356,2,8,32800,32768,00000,00000
BCN,2439,0000,066281,2,9,101356,2,8,32800,32768,00000,00000
BCN,2440,3221,066281,2,9,101356,2,8,32800,32768,00000,00000
BCN,2441,0000,066281,2,9,101356,2,8,32800,32768,00000,00000
BCN,2442,0000,066281,2,9,101356,2,8,32800,32768,00000,00000
BCN,2443,0000,066281,2,9,101356,2,8,32800,32768,00000,00000
BCN,2444,0000,060189,2,8,090779,2,7,32799,32768,00000,00000
BCN,2445,0000,060189,2,8,090779,2,7,32799,32768,00000,00000
BCN,2446,0000,060189,2,8,090779,2,7,32799,32768,00000,00000
BCN,2447,0000,060189,2,8,090779,2,7,32799,32768,00000,00000
BCN,2448,0000,060189,2,8,090779,2,7,32799,32768,00000,00000
BCN,2449,0000,060189,2,8,090779,2,7,32799,32768,00000,00000
BCN,2450,0000,064116,2,8,065824,2,5,32800,32769,00000,00000
BCN,2451,0000,064116,2,8,065824,2,5,32800,32769,00000,00000
BCN,2452,0000,064116,2,8,065824,2,5,32800,32769,00000,00000
BCN,2453,0000,064116,2,8,065824,2,5,32800,32769,00000,00000
BCN,2454,3286,064116,2,8,065824,2,5,32800,32769,00000,00000
BCN,2455,0000,064116,2,8,065824,2,5,32800,32769,00000,00000
BCN,2456,0000,064116,2,8,065824,2,5,32800,32769,00000,00000
BCN,2457,0000,066307,2,9,111772,2,9,32800,32789,00000,00000
BCN,2458,0000,066307,2,9,111772,2,9,32800,32789,00000,00000
BCN,2459,0000,066307,2,9,111772,2,9,32800,32789,00000,00000
BCN,2460,0000,066307,2,9,111772,2,9,32800,32789,00000,00000
BCN,2461,0000,066307,2,9,111772,2,9,32800,32789,00000,00000
BCN,2462,0000,066307,2,9,111772,2,9,32800,32789,00000,00000
BCN,2463,2943,064129,2,8,066841,2,5,32799,32789,00000,00000
BCN,2464,3204,064129,2,8,066841,2,5,32799,32789,00000,00000
BCN,2465,2999,064129,2,8,066841,2,5,32799,32789,00000,00000
BCN,2466,3289,064129,2,8,066841,2,5,32799,32789,00000,00000
BCN,2467,3188,064129,2,8,066841,2,5,32799,32789,00000,00000
BCN,2468,0000,064129,2,8,066841,2,5,32799,32789,00000,00000
BCN,2469,0000,061847,2,8,108341,2,9,32800,32793,00000,00000
BCN,2470,3254,061847,2,8,108341,2,9,32800,32793,00000,00000
BCN,2471,0000,061847,2,8,108341,2,9,32800,32793,00000,00000
BCN,2472,0000,061847,2,8,108341,2,9,32800,32793,00000,00000
BCN,2473,3283,061847,2,8,108341,2,9,32800,32793,00000,00000
BCN,2474,0000,061847,2,8,108341,2,9,32800,32793,00000,00000
BCN,2475,0000,061860,2,8,108517,2,9,32800,32793,00000,00000
BCN,2476,3289,061860,2,8,108517,2,9,32800,32793,00000,00000
BCN,2477,0000,061860,2,8,108517,2,9,32800,32793,00000,00000
BCN,2478,0000,061860,2,8,108517,2,9,32800,32793,00000,00000
BCN,2479,2925,061860,2,8,108517,2,9,32800,32793,00000,00000
BCN,2480,0000,061860,2,8,108517,2,9,32800,32793,00000,00000
BCN,2481,0000,063869,2,8,109895,2,9,32799,32793,00000,00000
BCN,2482,0000,063869,2,8,109895,2,9,32799,32793,00000,00000
BCN,2483,0000,063869,2,8,109895,2,9,32799,32793,00000,00000
BCN,2484,0000,063869,2,8,109895,2,9,32799,32793,00000,00000
BCN,2485,3362,063869,2,8,109895,2,9,32799,32793,00000,00000
BCN,2486,3030,063869,2,8,109895,2,9,32799,32793,00000,00000
BCN,2487,2783,059734,2,8,108475,2,9,32799,32793,00000,00000
BCN,2488,0000,059734,2,8,108475,2,9,32799,32793,00000,00000
BCN,2489,3346,059734,2,8,108475,2,9,32799,32793,00000,00000
BCN,2490,3212,059734,2,8,108475,2,9,32799,32793,00000,00000
BCN,2491,3376,059734,2,8,108475,2,9,32799,32793,00000,00000
BCN,2492,0000,059734,2,8,108475,2,9,32799,32793,00000,00000
BCN,2493,3039,059734,2,8,108475,2,9,32799,32793,00000,00000
BCN,2494,2934,070000,2,9,109057,2,9,32800,32793,00000,00000
BCN,2495,0000,070000,2,9,109057,2,9,32800,32793,00000,00000
BCN,2496,0000,070000,2,9,109057,2,9,32800,32793,00000,00000
BCN,2497,0000,070000,2,9,109057,2,9,32800,32793,00000,00000
BCN,2498,0000,070000,2,9,109057,2,9,32800,32793,00000,00000
BCN,2499,3363,070000,2,9,109057,2,9,32800,32793,00000,00000
BCN,2500,3250,063804,2,8,047719,2,4,32800,32793,00000,00000
BCN,2501,2903,063804,2,8,047719,2,4,32800,32793,00000,00000
BCN,2502,3273,063804,2,8,047719,2,4,32800,32793,00000,00000
BCN,2503,3181,063804,2,8,047719,2,4,32800,32793,00000,00000
BCN,2504,0000,063804,2,8,047719,2,4,32800,32793,00000,00000
BCN,2505,0000,063804,2,8,047719,2,4,32800,32793,00000,00000
BCN,2506,3277,065891,2,9,092066,2,7,32800,32782,00000,00000
BCN,2507,0000,065891,2,9,092066,2,7,32800,32782,00000,00000
BCN,2508,0000,065891,2,9,092066,2,7,32800,32782,00000,00000
BCN,2509,3055,065891,2,9,092066,2,7,32800,32782,00000,00000
BCN,2510,0000,065891,2,9,092066,2,7,32800,32782,00000,00000
BCN,2511,0000,065891,2,9,092066,2,7,32800,32782,00000,00000
BCN,2512,0000,059903,2,8,092566,2,7,32799,32782,00000,00000
BCN,2513,0000,059903,2,8,092566,2,7,32799,32782,00000,00000
BCN,2514,0000,059903,2,8,092566,2,7,32799,32782,00000,00000
BCN,2515,3213,059903,2,8,092566,2,7,32799,32782,00000,00000
BCN,2516,2991,059903,2,8,092566,2,7,32799,32782,00000,00000
BCN,2517,3272,059903,2,8,092566,2,7,32799,32782,00000,00000
BCN,2518,0000,063895,2,8,092581,2,8,32800,32782,00000,00000
BCN,2519,3218,063895,2,8,092581,2,8,32800,32782,00000,00000
BCN,2520,3432,063895,2,8,092581,2,8,32800,32782,00000,00000
BCN,2521,3213,063895,2,8,092581,2,8,32800,32782,00000,00000
BCN,2522,0000,063895,2,8,092581,2,8,32800,32782,00000,00000
BCN,2523,3181,063895,2,8,092581,2,8,32800,32782,00000,00000
BCN,2524,3456,066151,2,9,094747,2,8,32800,32782,00000,00000
BCN,2525,3238,066151,2,9,094747,2,8,32800,32782,00000,00000
BCN,2526,0000,066151,2,9,094747,2,8,32800,32782,00000,00000
BCN,2527,0000,066151,2,9,094747,2,8,32800,32782,00000,00000
BCN,2528,0000,066151,2,9,094747,2,8,32800,32782,00000,00000
BCN,2529,0000,066151,2,9,094747,2,8,32800,32782,00000,00000
BCN,2530,3190,066151,2,9,094747,2,8,32800,32782,00000,00000
BCN,2531,2863,060085,2,8,096785,2,8,32799,32782,00000,00000
BCN,2532,3038,060085,2,8,096785,2,8,32799,32782,00000,00000
BCN,2533,3273,060085,2,8,096785,2,8,32799,32782,00000,00000
BCN,2534,0000,060085,2,8,096785,2,8,32799,32782,00000,00000
BCN,2535,0000,060085,2,8,096785,2,8,32799,32782,00000,00000
BCN,2536,3328,060085,2,8,096785,2,8,32799,32782,00000,00000
BCN,2537,3221,064038,2,8,098745,2,8,32800,32782,00000,00000
BCN,2538,3363,064038,2,8,098745,2,8,32800,32782,00000,00000
BCN,2539,2927,064038,2,8,098745,2,8,32800,32782,00000,00000
BCN,2540,3243,064038,2,8,098745,2,8,32800,32782,00000,00000
BCN,2541,0000,064038,2,8,098745,2,8,32800,32782,00000,00000
BCN,2542,0000,064038,2,8,098745,2,8,32800,32782,00000,00000
BCN,2543,2998,064103,2,8,099169,2,8,32800,32782,00000,00000
BCN,2544,0000,064103,2,8,099169,2,8,32800,32782,00000,00000
BCN,2545,0000,064103,2,8,099169,2,8,32800,32782,00000,00000
BCN,2546,3147,064103,2,8,099169,2,8,32800,32782,00000,00000
BCN,2547,0000,064103,2,8,099169,2,8,32800,32782,00000,00000
BCN,2548,0000,064103,2,8,099169,2,8,32800,32782,00000,00000
BCN,2549,0000,064025,2,8,098276,2,8,32799,32782,00000,00000
BCN,2550,0000,064025,2,8,098276,2,8,32799,32782,00000,00000
BCN,2551,0000,064025,2,8,098276,2,8,32799,32782,00000,00000
BCN,2552,2998,064025,2,8,098276,2,8,32799,32782,00000,00000
BCN,2553,3172,064025,2,8,098276,2,8,32799,32782,00000,00000
BCN,2554,3238,064025,2,8,098276,2,8,32799,32782,00000,00000
BCN,2555,0000,061769,2,8,098585,2,8,32800,32782,00000,00000
BCN,2556,3172,061769,2,8,098585,2,8,32800,32782,00000,00000
BCN,2557,3187,061769,2,8,098585,2,8,32800,32782,00000,00000
BCN,2558,2981,061769,2,8,098585,2,8,32800,32782,00000,00000
BCN,2559,0000,061769,2,8,098585,2,8,32800,32782,00000,00000
BCN,2560,2940,061769,2,8,098585,2,8,32800,32782,00000,00000
BCN,2561,3054,061795,2,8,101026,2,8,32800,32782,00000,00000
BCN,2562,2943,061795,2,8,101026,2,8,32800,32782,00000,00000
BCN,2563,0000,061795,2,8,101026,2,8,32800,32782,00000,00000
BCN,2564,0000,061795,2,8,101026,2,8,32800,32782,00000,00000
BCN,2565,0000,061795,2,8,101026,2,8,32800,32782,00000,00000
BCN,2566,0000,061795,2,8,101026,2,8,32800,32782,00000,00000
BCN,2567,2998,061795,2,8,101026,2,8,32800,32782,00000,00000
BCN,2568,2991,063817,2,8,098225,2,8,32799,32782,00000,00000
BCN,2569,3270,063817,2,8,098225,2,8,32799,32782,00000,00000
BCN,2570,0021,063817,2,8,098225,2,8,32799,32782,00000,00000
BCN,2571,0000,063817,2,8,098225,2,8,32799,32782,00000,00000
BCN,2572,0000,063817,2,8,098225,2,8,32799,32782,00000,00000
BCN,2573,2935,063817,2,8,098225,2,8,32799,32782,00000,00000
BCN,2574,3249,059695,2,8,102300,2,8,32799,32782,00000,00000
BCN,2575,3251,059695,2,8,102300,2,8,32799,32782,00000,00000
BCN,2576,3354,059695,2,8,102300,2,8,32799,32782,00000,00000
BCN,2577,3035,059695,2,8,102300,2,8,32799,32782,00000,00000
BCN,2578,0000,059695,2,8,102300,2,8,32799,32782,00000,00000
BCN,2579,0000,059695,2,8,102300,2,8,32799,32782,00000,00000
BCN,2580,3362,069974,2,9,101590,2,8,32800,32782,00000,00000
BCN,2581,0000,069974,2,9,101590,2,8,32800,32782,00000,00000
BCN,2582,0000,069974,2,9,101590,2,8,32800,32782,00000,00000
BCN,2583,2926,069974,2,9,101590,2,8,32800,32782,00000,00000
BCN,2584,0000,069974,2,9,101590,2,8,32800,32782,00000,00000
BCN,2585,0000,069974,2,9,101590,2,8,32800,32782,00000,00000
BCN,2586,0000,065917,2,9,102976,2,8,32800,32782,00000,00000
BCN,2587,0000,065917,2,9,102976,2,8,32800,32782,00000,00000
BCN,2588,0000,065917,2,9,102976,2,8,32800,32782,00000,00000
BCN,2589,3023,065917,2,9,102976,2,8,32800,32782,00000,00000
BCN,2590,3376,065917,2,9,102976,2,8,32800,32782,00000,00000
BCN,2591,3252,065917,2,9,102976,2,8,32800,32782,00000,00000
BCN,2592,0000,066125,2,9,105126,2,9,32800,32782,00000,00000
BCN,2593,2983,066125,2,9,105126,2,9,32800,32782,00000,00000
BCN,2594,3226,066125,2,9,105126,2,9,32800,32782,00000,00000
BCN,2595,3370,066125,2,9,105126,2,9,32800,32782,00000,00000
BCN,2596,0000,066125,2,9,105126,2,9,32800,32782,00000,00000
BCN,2597,2999,066125,2,9,105126,2,9,32800,32782,00000,00000
BCN,2598,3222,060072,2,8,109646,2,9,32799,32782,00000,00000
BCN,2599,3118,060072,2,8,109646,2,9,32799,32782,00000,00000
BCN,2600,0000,060072,2,8,109646,2,9,32799,32782,00000,00000
BCN,2601,0000,060072,2,8,109646,2,9,32799,32782,00000,00000
BCN,2602,0000,060072,2,8,109646,2,9,32799,32782,00000,00000
BCN,2603,0000,060072,2,8,109646,2,9,32799,32782,00000,00000
BCN,2604,2926,060072,2,8,109646,2,9,32799,32782,00000,00000
BCN,2605,3456,064038,2,8,109127,2,9,32800,32782,00000,00000
BCN,2606,0000,064038,2,8,109127,2,9,32800,32782,00000,00000
BCN,2607,0000,064038,2,8,109127,2,9,32800,32782,00000,00000
BCN,2608,0000,064038,2,8,109127,2,9,32800,32782,00000,00000
BCN,2609,0000,064038,2,8,109127,2,9,32800,32782,00000,00000
BCN,2610,3046,064038,2,8,109127,2,9,32800,32782,00000,00000
BCN,2611,3360,066242,2,9,110187,2,9,32800,32782,00000,00000
BCN,2612,3246,066242,2,9,110187,2,9,32800,32782,00000,00000
BCN,2613,2815,066242,2,9,110187,2,9,32800,32782,00000,00000
BCN,2614,2995,066242,2,9,110187,2,9,32800,32782,00000,00000
BCN,2615,0000,066242,2,9,110187,2,9,32800,32782,00000,00000
BCN,2616,0000,066242,2,9,110187,2,9,32800,32782,00000,00000
BCN,2617,3456,064090,2,8,112835,2,9,32799,32782,00000,00000
BCN,2618,0000,064090,2,8,112835,2,9,32799,32782,00000,00000
BCN,2619,0000,064090,2,8,112835,2,9,32799,32782,00000,00000
BCN,2620,3212,064090,2,8,112835,2,9,32799,32782,00000,00000
BCN,2621,0000,064090,2,8,112835,2,9,32799,32782,00000,00000
BCN,2622,0000,064090,2,8,112835,2,9,32799,32782,00000,00000
BCN,2623,0000,059903,2,8,111540,2,9,32799,32782,00000,00000
BCN,2624,0000,059903,2,8,111540,2,9,32799,32782,00000,00000
BCN,2625,0000,059903,2,8,111540,2,9,32799,32782,00000,00000
BCN,2626,3053,059903,2,8,111540,2,9,32799,32782,00000,00000
BCN,2627,3145,059903,2,8,111540,2,9,32799,32782,00000,00000
BCN,2628,3223,059903,2,8,111540,2,9,32799,32782,00000,00000
BCN,2629,0000,070130,2,9,112423,2,9,32800,32782,00000,00000
BCN,2630,3222,070130,2,9,112423,2,9,32800,32782,00000,00000
BCN,2631,0000,070130,2,9,112423,2,9,32800,32782,00000,00000
BCN,2632,0000,070130,2,9,112423,2,9,32800,32782,00000,00000
BCN,2633,0000,070130,2,9,112423,2,9,32800,32782,00000,00000
BCN,2634,0000,070130,2,9,112423,2,9,32800,32782,00000,00000
BCN,2635,2921,063895,2,8,065694,2,5,32800,32782,00000,00000
BCN,2636,3157,063895,2,8,065694,2,5,32800,32782,00000,00000
BCN,2637,3345,063895,2,8,065694,2,5,32800,32782,00000,00000
BCN,2638,3341,063895,2,8,065694,2,5,32800,32782,00000,00000
BCN,2639,3250,063895,2,8,065694,2,5,32800,32782,00000,00000
BCN,2640,0000,063895,2,8,065694,2,5,32800,32782,00000,00000
BCN,2641,0000,063895,2,8,065694,2,5,32800,32782,00000,00000
BCN,2642,3195,067913,2,9,109767,2,9,32800,32786,00000,00000
BCN,2643,0000,067913,2,9,109767,2,9,32800,32786,00000,00000
BCN,2644,0000,067913,2,9,109767,2,9,32800,32786,00000,00000
BCN,2645,2783,067913,2,9,109767,2,9,32800,32786,00000,00000
BCN,2646,0000,067913,2,9,109767,2,9,32800,32786,00000,00000
BCN,2647,0000,067913,2,9,109767,2,9,32800,32786,00000,00000
BCN,2648,0000,061795,2,8,110405,2,9,32800,32786,00000,00000
BCN,2649,0000,061795,2,8,110405,2,9,32800,32786,00000,00000
BCN,2650,0000,061795,2,8,110405,2,9,32800,32786,00000,00000
BCN,2651,3238,061795,2,8,110405,2,9,32800,32786,00000,00000
BCN,2652,3378,061795,2,8,110405,2,9,32800,32786,00000,00000
BCN,2653,3465,061795,2,8,110405,2,9,32800,32786,00000,00000
BCN,2654,0000,065956,2,9,113139,2,9,32799,32786,00000,00000
BCN,2655,3269,065956,2,9,113139,2,9,32799,32786,00000,00000
BCN,2656,3472,065956,2,9,113139,2,9,32799,32786,00000,00000
BCN,2657,3019,065956,2,9,113139,2,9,32799,32786,00000,00000
BCN,2658,0000,065956,2,9,113139,2,9,32799,32786,00000,00000
BCN,2659,3226,065956,2,9,113139,2,9,32799,32786,00000,00000
BCN,2660,3055,064064,2,8,111634,2,9,32799,32786,00000,00000
BCN,2661,3253,064064,2,8,111634,2,9,32799,32786,00000,00000
BCN,2662,0000,064064,2,8,111634,2,9,32799,32786,00000,00000
BCN,2663,0000,064064,2,8,111634,2,9,32799,32786,00000,00000
BCN,2664,0000,064064,2,8,111634,2,9,32799,32786,00000,00000
BCN,2665,0000,064064,2,8,111634,2,9,32799,32786,00000,00000
BCN,2666,2907,072321,2,9,112189,2,9,32800,32786,00000,00000
BCN,2667,2925,072321,2,9,112189,2,9,32800,32786,00000,00000
BCN,2668,0000,072321,2,9,112189,2,9,32800,32786,00000,00000
BCN,2669,0000,072321,2,9,112189,2,9,32800,32786,00000,00000
BCN,2670,0000,072321,2,9,112189,2,9,32800,32786,00000,00000
BCN,2671,0000,072321,2,9,112189,2,9,32800,32786,00000,00000
BCN,2672,3334,068095,2,9,111518,2,9,32800,32786,00000,00000
BCN,2673,3254,068095,2,9,111518,2,9,32800,32786,00000,00000
BCN,2674,3334,068095,2,9,111518,2,9,32800,32786,00000,00000
BCN,2675,2925,068095,2,9,111518,2,9,32800,32786,00000,00000
BCN,2676,2926,068095,2,9,111518,2,9,32800,32786,00000,00000
BCN,2677,0000,068095,2,9,111518,2,9,32800,32786,00000,00000
BCN,2678,0000,068095,2,9,111518,2,9,32800,32786,00000,00000
BCN,2679,3328,066216,2,9,111780,2,9,32800,32786,00000,00000
BCN,2680,0000,066216,2,9,111780,2,9,32800,32786,00000,00000
BCN,2681,0000,066216,2,9,111780,2,9,32800,32786,00000,00000
BCN,2682,3337,066216,2,9,111780,2,9,32800,32786,00000,00000
BCN,2683,0000,066216,2,9,111780,2,9,32800,32786,00000,00000
BCN,2684,0000,066216,2,9,111780,2,9,32800,32786,00000,00000
BCN,2685,0000,062107,2,8,110299,2,9,32799,32786,00000,00000
BCN,2686,0000,062107,2,8,110299,2,9,32799,32786,00000,00000
BCN,2687,0000,062107,2,8,110299,2,9,32799,32786,00000,00000
BCN,2688,2811,062107,2,8,110299,2,9,32799,32786,00000,00000
BCN,2689,3349,062107,2,8,110299,2,9,32799,32786,00000,00000
BCN,2690,3126,062107,2,8,110299,2,9,32799,32786,00000,00000
BCN,2691,0000,064025,2,8,112420,2,9,32800,32786,00000,00000
BCN,2692,2927,064025,2,8,112420,2,9,32800,32786,00000,00000
BCN,2693,3035,064025,2,8,112420,2,9,32800,32786,00000,00000
BCN,2694,2935,064025,2,8,112420,2,9,32800,32786,00000,00000
BCN,2695,0000,064025,2,8,112420,2,9,32800,32786,00000,00000
BCN,2696,2811,064025,2,8,112420,2,9,32800,32786,00000,00000
BCN,2697,3347,055937,2,7,114180,2,9,32799,32786,00000,00000
BCN,2698,3227,055937,2,7,114180,2,9,32799,32786,00000,00000
BCN,2699,0000,055937,2,7,114180,2,9,32799,32786,00000,00000
BCN,2700,0000,055937,2,7,114180,2,9,32799,32786,00000,00000
BCN,2701,0000,055937,2,7,114180,2,9,32799,32786,00000,00000
BCN,2702,2749,055937,2,7,114180,2,9,32799,32786,00000,00000
BCN,2703,3275,053707,2,7,115367,2,9,32799,32786,00000,00000
BCN,2704,3218,053707,2,7,115367,2,9,32799,32786,00000,00000
BCN,2705,0000,053707,2,7,115367,2,9,32799,32786,00000,00000
BCN,2706,0000,053707,2,7,115367,2,9,32799,32786,00000,00000
BCN,2707,0000,053707,2,7,115367,2,9,32799,32786,00000,00000
BCN,2708,0000,053707,2,7,115367,2,9,32799,32786,00000,00000
BCN,2709,2981,068108,2,9,115322,2,9,32800,32786,00000,00000
BCN,2710,2871,068108,2,9,115322,2,9,32800,32786,00000,00000
BCN,2711,3177,068108,2,9,115322,2,9,32800,32786,00000,00000
BCN,2712,3259,068108,2,9,115322,2,9,32800,32786,00000,00000
BCN,2713,3050,068108,2,9,115322,2,9,32800,32786,00000,00000
BCN,2714,0000,068108,2,9,115322,2,9,32800,32786,00000,00000
BCN,2715,0000,068108,2,9,115322,2,9,32800,32786,00000,00000
BCN,2716,3275,067991,2,9,115498,2,9,32800,32786,00000,00000
BCN,2717,0000,067991,2,9,115498,2,9,32800,32786,00000,00000
BCN,2718,0000,067991,2,9,115498,2,9,32800,32786,00000,00000
BCN,2719,2923,067991,2,9,115498,2,9,32800,32786,00000,00000
BCN,2720,0000,067991,2,9,115498,2,9,32800,32786,00000,00000
BCN,2721,0000,067991,2,9,115498,2,9,32800,32786,00000,00000
BCN,2722,0000,061847,2,8,117075,2,9,32800,32786,00000,00000
BCN,2723,0000,061847,2,8,117075,2,9,32800,32786,00000,00000
BCN,2724,0000,061847,2,8,117075,2,9,32800,32786,00000,00000
BCN,2725,2807,061847,2,8,117075,2,9,32800,32786,00000,00000
BCN,2726,2959,061847,2,8,117075,2,9,32800,32786,00000,00000
BCN,2727,3179,061847,2,8,117075,2,9,32800,32786,00000,00000
BCN,2728,0000,065995,2,9,114033,2,9,32799,32786,00000,00000
BCN,2729,3424,065995,2,9,114033,2,9,32799,32786,00000,00000
BCN,2730,3174,065995,2,9,114033,2,9,32799,32786,00000,00000
BCN,2731,2934,065995,2,9,114033,2,9,32799,32786,00000,00000
BCN,2732,0000,065995,2,9,114033,2,9,32799,32786,00000,00000
BCN,2733,2938,065995,2,9,114033,2,9,32799,32786,00000,00000
BCN,2734,2870,066229,2,9,114241,2,9,32799,32786,00000,00000
BCN,2735,0000,066229,2,9,114241,2,9,32799,32786,00000,00000
BCN,2736,0000,066229,2,9,114241,2,9,32799,32786,00000,00000
BCN,2737,0000,066229,2,9,114241,2,9,32799,32786,00000,00000
BCN,2738,0000,066229,2,9,114241,2,9,32799,32786,00000,00000
BCN,2739,2939,066229,2,9,114241,2,9,32799,32786,00000,00000
BCN,2740,2973,070273,2,9,048484,2,4,32800,32786,00000,00000
BCN,2741,3332,070273,2,9,048484,2,4,32800,32786,00000,00000
BCN,2742,3035,070273,2,9,048484,2,4,32800,32786,00000,00000
BCN,2743,3226,070273,2,9,048484,2,4,32800,32786,00000,00000
BCN,2744,0000,070273,2,9,048484,2,4,32800,32786,00000,00000
BCN,2745,0000,070273,2,9,048484,2,4,32800,32786,00000,00000
BCN,2746,0000,065943,2,9,091537,2,7,32800,32776,00000,00000
BCN,2747,0000,065943,2,9,091537,2,7,32800,32776,00000,00000
BCN,2748,3212,065943,2,9,091537,2,7,32800,32776,00000,00000
BCN,2749,3330,065943,2,9,091537,2,7,32800,32776,00000,00000
BCN,2750,3286,065943,2,9,091537,2,7,32800,32776,00000,00000
BCN,2751,0000,065943,2,9,091537,2,7,32800,32776,00000,00000
BCN,2752,0000,065943,2,9,091537,2,7,32800,32776,00000,00000
BCN,2753,0000,061847,2,8,030278,2,2,32800,32762,00000,00000
BCN,2754,0000,061847,2,8,030278,2,2,32800,32762,00000,00000
BCN,2755,3253,061847,2,8,030278,2,2,32800,32762,00000,00000
BCN,2756,2989,061847,2,8,030278,2,2,32800,32762,00000,00000
BCN,2757,2997,061847,2,8,030278,2,2,32800,32762,00000,00000
BCN,2758,3270,061847,2,8,030278,2,2,32800,32762,00000,00000
BCN,2759,3050,063869,2,8,092884,2,8,32799,32747,00000,00000
BCN,2760,0000,063869,2,8,092884,2,8,32799,32747,00000,00000
BCN,2761,0000,063869,2,8,092884,2,8,32799,32747,00000,00000
BCN,2762,3047,063869,2,8,092884,2,8,32799,32747,00000,00000
BCN,2763,0000,063869,2,8,092884,2,8,32799,32747,00000,00000
BCN,2764,0000,063869,2,8,092884,2,8,32799,32747,00000,00000
BCN,2765,3127,059734,2,8,092616,2,8,32799,32748,00000,00000
BCN,2766,0000,059734,2,8,092616,2,8,32799,32748,00000,00000
BCN,2767,0000,059734,2,8,092616,2,8,32799,32748,00000,00000
BCN,2768,0000,059734,2,8,092616,2,8,32799,32748,00000,00000
BCN,2769,0000,059734,2,8,092616,2,8,32799,32748,00000,00000
BCN,2770,0000,059734,2,8,092616,2,8,32799,32748,00000,00000
BCN,2771,3400,070000,2,9,093424,2,8,32800,32749,00000,00000
BCN,2772,3348,070000,2,9,093424,2,8,32800,32749,00000,00000
BCN,2773,2846,070000,2,9,093424,2,8,32800,32749,00000,00000
BCN,2774,0000,070000,2,9,093424,2,8,32800,32749,00000,00000
BCN,2775,3334,070000,2,9,093424,2,8,32800,32749,00000,00000
BCN,2776,3162,070000,2,9,093424,2,8,32800,32749,00000,00000
BCN,2777,2907,063804,2,8,091547,2,8,32800,32750,00000,00000
BCN,2778,0000,063804,2,8,091547,2,8,32800,32750,00000,00000
BCN,2779,3173,063804,2,8,091547,2,8,32800,32750,00000,00000
BCN,2780,3393,063804,2,8,091547,2,8,32800,32750,00000,00000
BCN,2781,3226,063804,2,8,091547,2,8,32800,32750,00000,00000
BCN,2782,0000,063804,2,8,091547,2,8,32800,32750,00000,00000
BCN,2783,0000,065891,2,9,093133,2,8,32800,32751,00000,00000
BCN,2784,0000,065891,2,9,093133,2,8,32800,32751,00000,00000
BCN,2785,2706,065891,2,9,093133,2,8,32800,32751,00000,00000
BCN,2786,3401,065891,2,9,093133,2,8,32800,32751,00000,00000
BCN,2787,3424,065891,2,9,093133,2,8,32800,32751,00000,00000
BCN,2788,0000,065891,2,9,093133,2,8,32800,32751,00000,00000
BCN,2789,0000,065891,2,9,093133,2,8,32800,32751,00000,00000
BCN,2790,0000,059903,2,8,095384,2,8,32799,32752,00000,00000
BCN,2791,0000,059903,2,8,095384,2,8,32799,32752,00000,00000
BCN,2792,3334,059903,2,8,095384,2,8,32799,32752,00000,00000
BCN,2793,3289,059903,2,8,095384,2,8,32799,32752,00000,00000
BCN,2794,3304,059903,2,8,095384,2,8,32799,32752,00000,00000
BCN,2795,3188,059903,2,8,095384,2,8,32799,32752,00000,00000
BCN,2796,3283,066034,2,9,094602,2,8,32800,32753,00000,00000
BCN,2797,0000,066034,2,9,094602,2,8,32800,32753,00000,00000
BCN,2798,0000,066034,2,9,094602,2,8,32800,32753,00000,00000
BCN,2799,3225,066034,2,9,094602,2,8,32800,32753,00000,00000
BCN,2800,0000,066034,2,9,094602,2,8,32800,32753,00000,00000
BCN,2801,0000,066034,2,9,094602,2,8,32800,32753,00000,00000
BCN,2802,3362,066216,2,9,092972,2,8,32800,32754,00000,00000
BCN,2803,0000,066216,2,9,092972,2,8,32800,32754,00000,00000
BCN,2804,0000,066216,2,9,092972,2,8,32800,32754,00000,00000
BCN,2805,0000,066216,2,9,092972,2,8,32800,32754,00000,00000
BCN,2806,0000,066216,2,9,092972,2,8,32800,32754,00000,00000
BCN,2807,0000,066216,2,9,092972,2,8,32800,32754,00000,00000
BCN,2808,0000,060137,2,8,094186,2,8,32799,32755,00000,00000
BCN,2809,0000,060137,2,8,094186,2,8,32799,32755,00000,00000
BCN,2810,0000,060137,2,8,094186,2,8,32799,32755,00000,00000
BCN,2811,0000,060137,2,8,094186,2,8,32799,32755,00000,00000
BCN,2812,0000,060137,2,8,094186,2,8,32799,32755,00000,00000
BCN,2813,3196,060137,2,8,094186,2,8,32799,32755,00000,00000
BCN,2814,0000,064077,2,8,065124,2,5,32800,32756,00000,00000
BCN,2815,0000,064077,2,8,065124,2,5,32800,32756,00000,00000
BCN,2816,3180,064077,2,8,065124,2,5,32800,32756,00000,00000
BCN,2817,0000,064077,2,8,065124,2,5,32800,32756,00000,00000
BCN,2818,0000,064077,2,8,065124,2,5,32800,32756,00000,00000
BCN,2819,0000,064077,2,8,065124,2,5,32800,32756,00000,00000
BCN,2820,0000,066281,2,9,102760,2,8,32800,32777,00000,00000
BCN,2821,0000,066281,2,9,102760,2,8,32800,32777,00000,00000
BCN,2822,3006,066281,2,9,102760,2,8,32800,32777,00000,00000
BCN,2823,3328,066281,2,9,102760,2,8,32800,32777,00000,00000
BCN,2824,3234,066281,2,9,102760,2,8,32800,32777,00000,00000
BCN,2825,0000,066281,2,9,102760,2,8,32800,32777,00000,00000
BCN,2826,3188,066281,2,9,102760,2,8,32800,32777,00000,00000
BCN,2827,3346,064116,2,8,094003,2,8,32799,32778,00000,00000
BCN,2828,3235,064116,2,8,094003,2,8,32799,32778,00000,00000
BCN,2829,0000,064116,2,8,094003,2,8,32799,32778,00000,00000
BCN,2830,2972,064116,2,8,094003,2,8,32799,32778,00000,00000
BCN,2831,3346,064116,2,8,094003,2,8,32799,32778,00000,00000
BCN,2832,3211,064116,2,8,094003,2,8,32799,32778,00000,00000
BCN,2833,0000,061834,2,8,092714,2,8,32800,32778,00000,00000
BCN,2834,0000,061834,2,8,092714,2,8,32800,32778,00000,00000
BCN,2835,0000,061834,2,8,092714,2,8,32800,32778,00000,00000
BCN,2836,0000,061834,2,8,092714,2,8,32800,32778,00000,00000
BCN,2837,3037,061834,2,8,092714,2,8,32800,32778,00000,00000
BCN,2838,0000,061834,2,8,092714,2,8,32800,32778,00000,00000
BCN,2839,0000,061847,2,8,092757,2,8,32800,32778,00000,00000
BCN,2840,0000,061847,2,8,092757,2,8,32800,32778,00000,00000
BCN,2841,0000,061847,2,8,092757,2,8,32800,32778,00000,00000
BCN,2842,0000,061847,2,8,092757,2,8,32800,32778,00000,00000
BCN,2843,3379,061847,2,8,092757,2,8,32800,32778,00000,00000
BCN,2844,0000,061847,2,8,092757,2,8,32800,32778,00000,00000
BCN,2845,0000,063856,2,8,038594,2,3,32799,32778,00000,00000
BCN,2846,0000,063856,2,8,038594,2,3,32799,32778,00000,00000
BCN,2847,0000,063856,2,8,038594,2,3,32799,32778,00000,00000
BCN,2848,0000,063856,2,8,038594,2,3,32799,32778,00000,00000
BCN,2849,0000,063856,2,8,038594,2,3,32799,32778,00000,00000
BCN,2850,0000,063856,2,8,038594,2,3,32799,32778,00000,00000
BCN,2851,2927,059734,2,8,083278,2,7,32799,32767,00000,00000
BCN,2852,0000,059734,2,8,083278,2,7,32799,32767,00000,00000
BCN,2853,0000,059734,2,8,083278,2,7,32799,32767,00000,00000
BCN,2854,3154,059734,2,8,083278,2,7,32799,32767,00000,00000
BCN,2855,0000,059734,2,8,083278,2,7,32799,32767,00000,00000
BCN,2856,0000,059734,2,8,083278,2,7,32799,32767,00000,00000
BCN,2857,3023,070000,2,9,098843,2,8,32800,32788,00000,00000
BCN,2858,0000,070000,2,9,098843,2,8,32800,32788,00000,00000
BCN,2859,0000,070000,2,9,098843,2,8,32800,32788,00000,00000
BCN,2860,2966,070000,2,9,098843,2,8,32800,32788,00000,00000
BCN,2861,0000,070000,2,9,098843,2,8,32800,32788,00000,00000
BCN,2862,0000,070000,2,9,098843,2,8,32800,32788,00000,00000
BCN,2863,0000,070000,2,9,098843,2,8,32800,32788,00000,00000
BCN,2864,0000,063804,2,8,098130,2,8,32800,32789,00000,00000
BCN,2865,0000,063804,2,8,098130,2,8,32800,32789,00000,00000
BCN,2866,3272,063804,2,8,098130,2,8,32800,32789,00000,00000
BCN,2867,2941,063804,2,8,098130,2,8,32800,32789,00000,00000
BCN,2868,3241,063804,2,8,098130,2,8,32800,32789,00000,00000
BCN,2869,0000,063804,2,8,098130,2,8,32800,32789,00000,00000
BCN,2870,3155,063947,2,8,101196,2,8,32800,32789,00000,00000
BCN,2871,3349,063947,2,8,101196,2,8,32800,32789,00000,00000
BCN,2872,3241,063947,2,8,101196,2,8,32800,32789,00000,00000
BCN,2873,0000,063947,2,8,101196,2,8,32800,32789,00000,00000
BCN,2874,3220,063947,2,8,101196,2,8,32800,32789,00000,00000
BCN,2875,3226,063947,2,8,101196,2,8,32800,32789,00000,00000
BCN,2876,3125,059968,2,8,099463,2,8,32799,32789,00000,00000
BCN,2877,0000,059968,2,8,099463,2,8,32799,32789,00000,00000
BCN,2878,0000,059968,2,8,099463,2,8,32799,32789,00000,00000
BCN,2879,0000,059968,2,8,099463,2,8,32799,32789,00000,00000
BCN,2880,0000,059968,2,8,099463,2,8,32799,32789,00000,00000
BCN,2881,3211,059968,2,8,099463,2,8,32799,32789,00000,00000
BCN,2882,3270,063960,2,8,098783,2,8,32800,32789,00000,00000
BCN,2883,2994,063960,2,8,098783,2,8,32800,32789,00000,00000
BCN,2884,0000,063960,2,8,098783,2,8,32800,32789,00000,00000
BCN,2885,0000,063960,2,8,098783,2,8,32800,32789,00000,00000
BCN,2886,0000,063960,2,8,098783,2,8,32800,32789,00000,00000
BCN,2887,0000,063960,2,8,098783,2,8,32800,32789,00000,00000
BCN,2888,0000,066190,2,9,071127,2,6,32800,32789,00000,00000
BCN,2889,0000,066190,2,9,071127,2,6,32800,32789,00000,00000
BCN,2890,0000,066190,2,9,071127,2,6,32800,32789,00000,00000
BCN,2891,0000,066190,2,9,071127,2,6,32800,32789,00000,00000
BCN,2892,0000,066190,2,9,071127,2,6,32800,32789,00000,00000
BCN,2893,0000,066190,2,9,071127,2,6,32800,32789,00000,00000
BCN,2894,0000,062081,2,8,065661,2,5,32799,32804,00000,00000
BCN,2895,0000,062081,2,8,065661,2,5,32799,32804,00000,00000
BCN,2896,0000,062081,2,8,065661,2,5,32799,32804,00000,00000
BCN,2897,0000,062081,2,8,065661,2,5,32799,32804,00000,00000
BCN,2898,0000,062081,2,8,065661,2,5,32799,32804,00000,00000
BCN,2899,0000,062081,2,8,065661,2,5,32799,32804,00000,00000
BCN,2900,2919,062081,2,8,065661,2,5,32799,32804,00000,00000
BCN,2901,3237,063999,2,8,030791,2,2,32800,32783,00000,00000
BCN,2902,3038,063999,2,8,030791,2,2,32800,32783,00000,00000
BCN,2903,0000,063999,2,8,030791,2,2,32800,32783,00000,00000
BCN,2904,0000,063999,2,8,030791,2,2,32800,32783,00000,00000
BCN,2905,0000,063999,2,8,030791,2,2,32800,32783,00000,00000
BCN,2906,0000,063999,2,8,030791,2,2,32800,32783,00000,00000
BCN,2907,0000,066229,2,9,065239,2,6,32800,32804,00000,00000
BCN,2908,0000,066229,2,9,065239,2,6,32800,32804,00000,00000
BCN,2909,0000,066229,2,9,065239,2,6,32800,32804,00000,00000
BCN,2910,0000,066229,2,9,065239,2,6,32800,32804,00000,00000
BCN,2911,3288,066229,2,9,065239,2,6,32800,32804,00000,00000
BCN,2912,0000,066229,2,9,065239,2,6,32800,32804,00000,00000
BCN,2913,0000,062107,2,8,094661,2,8,32799,32808,00000,00000
BCN,2914,0000,062107,2,8,094661,2,8,32799,32808,00000,00000
BCN,2915,0000,062107,2,8,094661,2,8,32799,32808,00000,00000
BCN,2916,0000,062107,2,8,094661,2,8,32799,32808,00000,00000
BCN,2917,2932,062107,2,8,094661,2,8,32799,32808,00000,00000
BCN,2918,3048,062107,2,8,094661,2,8,32799,32808,00000,00000
BCN,2919,3220,064025,2,8,094493,2,8,32800,32807,00000,00000
BCN,2920,0000,064025,2,8,094493,2,8,32800,32807,00000,00000
BCN,2921,3007,064025,2,8,094493,2,8,32800,32807,00000,00000
BCN,2922,3227,064025,2,8,094493,2,8,32800,32807,00000,00000
BCN,2923,3331,064025,2,8,094493,2,8,32800,32807,00000,00000
BCN,2924,0000,064025,2,8,094493,2,8,32800,32807,00000,00000
BCN,2925,3284,064090,2,8,094649,2,8,32800,32806,00000,00000
BCN,2926,3219,064090,2,8,094649,2,8,32800,32806,00000,00000
BCN,2927,3337,064090,2,8,094649,2,8,32800,32806,00000,00000
BCN,2928,0000,064090,2,8,094649,2,8,32800,32806,00000,00000
BCN,2929,0000,064090,2,8,094649,2,8,32800,32806,00000,00000
BCN,2930,0000,064090,2,8,094649,2,8,32800,32806,00000,00000
BCN,2931,0000,064012,2,8,094178,2,8,32799,32805,00000,00000
BCN,2932,3272,064012,2,8,094178,2,8,32799,32805,00000,00000
BCN,2933,0000,064012,2,8,094178,2,8,32799,32805,00000,00000
BCN,2934,0000,064012,2,8,094178,2,8,32799,32805,00000,00000
BCN,2935,0000,064012,2,8,094178,2,8,32799,32805,00000,00000
BCN,2936,0000,064012,2,8,094178,2,8,32799,32805,00000,00000
BCN,2937,0000,064012,2,8,094178,2,8,32799,32805,00000,00000
BCN,2938,3034,061756,2,8,042882,2,3,32800,32809,00000,00000
BCN,2939,0000,061756,2,8,042882,2,3,32800,32809,00000,00000
BCN,2940,0000,061756,2,8,042882,2,3,32800,32809,00000,00000
BCN,2941,3344,061756,2,8,042882,2,3,32800,32809,00000,00000
BCN,2942,0000,061756,2,8,042882,2,3,32800,32809,00000,00000
BCN,2943,0000,061756,2,8,042882,2,3,32800,32809,00000,00000
BCN,2944,0000,061782,2,8,105493,2,8,32800,32792,00000,00000
BCN,2945,0000,061782,2,8,105493,2,8,32800,32792,00000,00000
BCN,2946,0000,061782,2,8,105493,2,8,32800,32792,00000,00000
BCN,2947,3332,061782,2,8,105493,2,8,32800,32792,00000,00000
BCN,2948,2995,061782,2,8,105493,2,8,32800,32792,00000,00000
BCN,2949,2941,061782,2,8,105493,2,8,32800,32792,00000,00000
BCN,2950,0000,063817,2,8,092044,2,7,32799,32792,00000,00000
BCN,2951,0007,063817,2,8,092044,2,7,32799,32792,00000,00000
BCN,2952,0000,063817,2,8,092044,2,7,32799,32792,00000,00000
BCN,2953,0000,063817,2,8,092044,2,7,32799,32792,00000,00000
BCN,2954,0000,063817,2,8,092044,2,7,32799,32792,00000,00000
BCN,2955,3038,063817,2,8,092044,2,7,32799,32792,00000,00000
BCN,2956,3252,059695,2,8,038498,2,3,32799,32792,00000,00000
BCN,2957,0000,059695,2,8,038498,2,3,32799,32792,00000,00000
BCN,2958,0000,059695,2,8,038498,2,3,32799,32792,00000,00000
BCN,2959,0000,059695,2,8,038498,2,3,32799,32792,00000,00000
BCN,2960,0000,059695,2,8,038498,2,3,32799,32792,00000,00000
BCN,2961,0000,059695,2,8,038498,2,3,32799,32792,00000,00000
BCN,2962,0000,069974,2,9,112450,2,9,32800,32781,00000,00000
BCN,2963,0000,069974,2,9,112450,2,9,32800,32781,00000,00000
BCN,2964,3118,069974,2,9,112450,2,9,32800,32781,00000,00000
BCN,2965,3114,069974,2,9,112450,2,9,32800,32781,00000,00000
BCN,2966,3282,069974,2,9,112450,2,9,32800,32781,00000,00000
BCN,2967,3162,069974,2,9,112450,2,9,32800,32781,00000,00000
BCN,2968,3239,063791,2,8,041810,2,3,32800,32804,00000,00000
BCN,2969,0000,063791,2,8,041810,2,3,32800,32804,00000,00000
BCN,2970,0000,063791,2,8,041810,2,3,32800,32804,00000,00000
BCN,2971,2795,063791,2,8,041810,2,3,32800,32804,00000,00000
BCN,2972,0000,063791,2,8,041810,2,3,32800,32804,00000,00000
BCN,2973,0000,063791,2,8,041810,2,3,32800,32804,00000,00000
BCN,2974,3323,063791,2,8,041810,2,3,32800,32804,00000,00000
BCN,2975,0000,067822,2,9,094893,2,8,32800,32816,00000,00000
BCN,2976,0000,067822,2,9,094893,2,8,32800,32816,00000,00000
BCN,2977,0000,067822,2,9,094893,2,8,32800,32816,00000,00000
BCN,2978,0000,067822,2,9,094893,2,8,32800,32816,00000,00000
BCN,2979,0000,067822,2,9,094893,2,8,32800,32816,00000,00000
BCN,2980,3514,067822,2,9,094893,2,8,32800,32816,00000,00000
BCN,2981,0000,061730,2,8,096857,2,8,32800,32815,00000,00000
BCN,2982,0000,061730,2,8,096857,2,8,32800,32815,00000,00000
BCN,2983,0000,061730,2,8,096857,2,8,32800,32815,00000,00000
BCN,2984,0000,061730,2,8,096857,2,8,32800,32815,00000,00000
BCN,2985,0000,061730,2,8,096857,2,8,32800,32815,00000,00000
BCN,2986,0000,061730,2,8,096857,2,8,32800,32815,00000,00000
BCN,2987,0000,063778,2,8,098210,2,7,32799,32814,00000,00000
BCN,2988,0000,063778,2,8,098210,2,7,32799,32814,00000,00000
BCN,2989,0000,063778,2,8,098210,2,7,32799,32814,00000,00000
BCN,2990,3794,063778,2,8,098210,2,7,32799,32814,00000,00000
BCN,2991,3533,063778,2,8,098210,2,7,32799,32814,00000,00000
BCN,2992,3766,063778,2,8,098210,2,7,32799,32814,00000,00000
BCN,2993,3762,063960,2,8,067623,2,5,32799,32813,00000,00000
BCN,2994,3805,063960,2,8,067623,2,5,32799,32813,00000,00000
BCN,2995,0000,063960,2,8,067623,2,5,32799,32813,00000,00000
BCN,2996,3823,063960,2,8,067623,2,5,32799,32813,00000,00000
BCN,2997,3546,063960,2,8,067623,2,5,32799,32813,00000,00000
BCN,2998,3661,063960,2,8,067623,2,5,32799,32813,00000,00000
BCN,2999,3812,072243,2,9,119377,2,8,32800,32827,00000,00000
BCN,3000,4046,072243,2,9,119377,2,8,32800,32827,00000,00000
BCN,3001,0000,072243,2,9,119377,2,8,32800,32827,00000,00000
BCN,3002,0000,072243,2,9,119377,2,8,32800,32827,00000,00000
BCN,3003,4022,072243,2,9,119377,2,8,32800,32827,00000,00000
BCN,3004,0000,072243,2,9,119377,2,8,32800,32827,00000,00000
BCN,3005,0000,068043,2,9,119816,2,8,32800,32826,00000,00000
BCN,3006,4058,068043,2,9,119816,2,8,32800,32826,00000,00000
BCN,3007,0000,068043,2,9,119816,2,8,32800,32826,00000,00000
BCN,3008,0000,068043,2,9,119816,2,8,32800,32826,00000,00000
BCN,3009,0000,068043,2,9,119816,2,8,32800,32826,00000,00000
BCN,3010,0000,068043,2,9,119816,2,8,32800,32826,00000,00000
BCN,3011,0000,068043,2,9,119816,2,8,32800,32826,00000,00000
BCN,3012,3901,066177,2,9,113709,2,7,32800,32825,00000,00000
BCN,3013,4059,066177,2,9,113709,2,7,32800,32825,00000,00000
BCN,3014,4027,066177,2,9,113709,2,7,32800,32825,00000,00000
BCN,3015,0000,066177,2,9,113709,2,7,32800,32825,00000,00000
BCN,3016,3967,066177,2,9,113709,2,7,32800,32825,00000,00000
BCN,3017,4063,066177,2,9,113709,2,7,32800,32825,00000,00000
BCN,3018,3965,060111,2,8,121972,2,8,32799,32824,00000,00000
BCN,3019,0000,060111,2,8,121972,2,8,32799,32824,00000,00000
BCN,3020,4059,060111,2,8,121972,2,8,32799,32824,00000,00000
BCN,3021,3965,060111,2,8,121972,2,8,32799,32824,00000,00000
BCN,3022,4063,060111,2,8,121972,2,8,32799,32824,00000,00000
BCN,3023,4023,060111,2,8,121972,2,8,32799,32824,00000,00000
BCN,3024,4030,064064,2,8,122036,2,8,32800,32822,00000,00000
BCN,3025,0000,064064,2,8,122036,2,8,32800,32822,00000,00000
BCN,3026,4063,064064,2,8,122036,2,8,32800,32822,00000,00000
BCN,3027,4095,064064,2,8,122036,2,8,32800,32822,00000,00000
BCN,3028,4095,064064,2,8,122036,2,8,32800,32822,00000,00000
BCN,3029,0000,064064,2,8,122036,2,8,32800,32822,00000,00000
BCN,3030,0000,066268,2,9,119277,2,8,32800,32821,00000,00000
BCN,3031,0000,066268,2,9,119277,2,8,32800,32821,00000,00000
BCN,3032,0000,066268,2,9,119277,2,8,32800,32821,00000,00000
BCN,3033,4095,066268,2,9,119277,2,8,32800,32821,00000,00000
BCN,3034,4095,066268,2,9,119277,2,8,32800,32821,00000,00000
BCN,3035,4095,066268,2,9,119277,2,8,32800,32821,00000,00000
BCN,3036,4087,062146,2,8,128825,2,8,32799,32820,00000,00000
BCN,3037,4095,062146,2,8,128825,2,8,32799,32820,00000,00000
BCN,3038,0000,062146,2,8,128825,2,8,32799,32820,00000,00000
BCN,3039,0000,062146,2,8,128825,2,8,32799,32820,00000,00000
BCN,3040,4095,062146,2,8,128825,2,8,32799,32820,00000,00000
BCN,3041,0000,062146,2,8,128825,2,8,32799,32820,00000,00000
BCN,3042,0000,064051,2,8,132606,2,8,32800,32819,00000,00000
BCN,3043,4095,064051,2,8,132606,2,8,32800,32819,00000,00000
BCN,3044,0000,064051,2,8,132606,2,8,32800,32819,00000,00000
BCN,3045,0000,064051,2,8,132606,2,8,32800,32819,00000,00000
BCN,3046,0000,064051,2,8,132606,2,8,32800,32819,00000,00000
BCN,3047,0000,064051,2,8,132606,2,8,32800,32819,00000,00000
BCN,3048,0000,064051,2,8,132606,2,8,32800,32819,00000,00000
BCN,3049,4095,064116,2,8,124481,2,8,32800,32818,00000,00000
BCN,3050,4093,064116,2,8,124481,2,8,32800,32818,00000,00000
BCN,3051,4095,064116,2,8,124481,2,8,32800,32818,00000,00000
BCN,3052,0000,064116,2,8,124481,2,8,32800,32818,00000,00000
BCN,3053,4095,064116,2,8,124481,2,8,32800,32818,00000,00000
BCN,3054,4095,064116,2,8,124481,2,8,32800,32818,00000,00000
BCN,3055,4095,064025,2,8,124710,2,8,32799,32817,00000,00000
BCN,3056,0000,064025,2,8,124710,2,8,32799,32817,00000,00000
BCN,3057,4091,064025,2,8,124710,2,8,32799,32817,00000,00000
BCN,3058,4087,064025,2,8,124710,2,8,32799,32817,00000,00000
BCN,3059,4091,064025,2,8,124710,2,8,32799,32817,00000,00000
BCN,3060,4095,064025,2,8,124710,2,8,32799,32817,00000,00000
BCN,3061,4095,061769,2,8,128520,2,8,32800,32816,00000,00000
BCN,3062,0000,061769,2,8,128520,2,8,32800,32816,00000,00000
BCN,3063,4095,061769,2,8,128520,2,8,32800,32816,00000,00000
BCN,3064,4093,061769,2,8,128520,2,8,32800,32816,00000,00000
BCN,3065,4094,061769,2,8,128520,2,8,32800,32816,00000,00000
BCN,3066,0000,061769,2,8,128520,2,8,32800,32816,00000,00000
BCN,3067,0000,061795,2,8,124319,2,8,32800,32815,00000,00000
BCN,3068,0000,061795,2,8,124319,2,8,32800,32815,00000,00000
BCN,3069,0000,061795,2,8,124319,2,8,32800,32815,00000,00000
BCN,3070,4095,061795,2,8,124319,2,8,32800,32815,00000,00000
BCN,3071,4095,061795,2,8,124319,2,8,32800,32815,00000,00000
BCN,3072,4095,061795,2,8,124319,2,8,32800,32815,00000,00000
BCN,3073,4095,063817,2,8,124356,2,8,32799,32814,00000,00000
BCN,3074,4095,063817,2,8,124356,2,8,32799,32814,00000,00000
BCN,3075,0000,063817,2,8,124356,2,8,32799,32814,00000,00000
BCN,3076,0000,063817,2,8,124356,2,8,32799,32814,00000,00000
BCN,3077,4095,063817,2,8,124356,2,8,32799,32814,00000,00000
BCN,3078,0000,063817,2,8,124356,2,8,32799,32814,00000,00000
BCN,3079,0000,059708,2,8,124340,2,8,32799,32813,00000,00000
BCN,3080,4095,059708,2,8,124340,2,8,32799,32813,00000,00000
BCN,3081,0000,059708,2,8,124340,2,8,32799,32813,00000,00000
BCN,3082,0000,059708,2,8,124340,2,8,32799,32813,00000,00000
BCN,3083,0000,059708,2,8,124340,2,8,32799,32813,00000,00000
BCN,3084,0000,059708,2,8,124340,2,8,32799,32813,00000,00000
BCN,3085,0000,059708,2,8,124340,2,8,32799,32813,00000,00000
BCN,3086,4095,069987,2,9,124310,2,8,32800,32812,00000,00000
BCN,3087,4095,069987,2,9,124310,2,8,32800,32812,00000,00000
BCN,3088,4095,069987,2,9,124310,2,8,32800,32812,00000,00000
BCN,3089,0000,069987,2,9,124310,2,8,32800,32812,00000,00000
BCN,3090,4095,069987,2,9,124310,2,8,32800,32812,00000,00000
BCN,3091,4095,069987,2,9,124310,2,8,32800,32812,00000,00000
BCN,3092,4095,063791,2,8,124285,2,8,32800,32811,00000,00000
BCN,3093,0000,063791,2,8,124285,2,8,32800,32811,00000,00000
BCN,3094,4095,063791,2,8,124285,2,8,32800,32811,00000,00000
BCN,3095,4095,063791,2,8,124285,2,8,32800,32811,00000,00000
BCN,3096,4095,063791,2,8,124285,2,8,32800,32811,00000,00000
BCN,3097,0000,063791,2,8,124285,2,8,32800,32811,00000,00000
BCN,3098,4095,065878,2,9,120245,2,8,32800,32810,00000,00000
BCN,3099,0000,065878,2,9,120245,2,8,32800,32810,00000,00000
BCN,3100,4095,065878,2,9,120245,2,8,32800,32810,00000,00000
BCN,3101,4095,065878,2,9,120245,2,8,32800,32810,00000,00000
BCN,3102,4095,065878,2,9,120245,2,8,32800,32810,00000,00000
BCN,3103,0000,065878,2,9,120245,2,8,32800,32810,00000,00000
BCN,3104,0000,061795,2,8,120290,2,8,32800,32809,00000,00000
BCN,3105,0000,061795,2,8,120290,2,8,32800,32809,00000,00000
BCN,3106,0000,061795,2,8,120290,2,8,32800,32809,00000,00000
BCN,3107,4095,061795,2,8,120290,2,8,32800,32809,00000,00000
BCN,3108,4095,061795,2,8,120290,2,8,32800,32809,00000,00000
BCN,3109,4095,061795,2,8,120290,2,8,32800,32809,00000,00000
BCN,3110,4095,063830,2,8,120320,2,8,32799,32808,00000,00000
BCN,3111,4095,063830,2,8,120320,2,8,32799,32808,00000,00000
BCN,3112,0000,063830,2,8,120320,2,8,32799,32808,00000,00000
BCN,3113,0000,063830,2,8,120320,2,8,32799,32808,00000,00000
BCN,3114,4095,063830,2,8,120320,2,8,32799,32808,00000,00000
BCN,3115,0000,063830,2,8,120320,2,8,32799,32808,00000,00000
BCN,3116,0000,061847,2,8,120313,2,8,32799,32807,00000,00000
BCN,3117,4095,061847,2,8,120313,2,8,32799,32807,00000,00000
BCN,3118,0000,061847,2,8,120313,2,8,32799,32807,00000,00000
BCN,3119,0000,061847,2,8,120313,2,8,32799,32807,00000,00000
BCN,3120,0000,061847,2,8,120313,2,8,32799,32807,00000,00000
BCN,3121,0000,061847,2,8,120313,2,8,32799,32807,00000,00000
BCN,3122,0000,061847,2,8,120313,2,8,32799,32807,00000,00000
BCN,3123,4095,070052,2,9,120237,2,8,32800,32806,00000,00000
BCN,3124,4095,070052,2,9,120237,2,8,32800,32806,00000,00000
BCN,3125,4095,070052,2,9,120237,2,8,32800,32806,00000,00000
BCN,3126,0000,070052,2,9,120237,2,8,32800,32806,00000,00000
BCN,3127,4095,070052,2,9,120237,2,8,32800,32806,00000,00000
BCN,3128,4095,070052,2,9,120237,2,8,32800,32806,00000,00000
BCN,3129,4095,065982,2,9,120380,2,8,32800,32805,00000,00000
BCN,3130,0000,065982,2,9,120380,2,8,32800,32805,00000,00000
BCN,3131,4095,065982,2,9,120380,2,8,32800,32805,00000,00000
BCN,3132,4095,065982,2,9,120380,2,8,32800,32805,00000,00000
BCN,3133,4095,065982,2,9,120380,2,8,32800,32805,00000,00000
BCN,3134,0000,065982,2,9,120380,2,8,32800,32805,00000,00000
BCN,3135,0000,065982,2,9,116410,2,7,32800,32805,00000,00000
BCN,3136,0000,065982,2,9,116410,2,7,32800,32805,00000,00000
BCN,3137,4095,065982,2,9,116410,2,7,32800,32805,00000,00000
BCN,3138,4095,065982,2,9,116410,2,7,32800,32805,00000,00000
BCN,3139,4095,065982,2,9,116410,2,7,32800,32805,00000,00000
BCN,3140,0000,065982,2,9,116410,2,7,32800,32805,00000,00000
BCN,3141,0000,059968,2,8,116475,2,7,32799,32804,00000,00000
BCN,3142,0000,059968,2,8,116475,2,7,32799,32804,00000,00000
BCN,3143,0000,059968,2,8,116475,2,7,32799,32804,00000,00000
BCN,3144,4095,059968,2,8,116475,2,7,32799,32804,00000,00000
BCN,3145,4095,059968,2,8,116475,2,7,32799,32804,00000,00000
BCN,3146,4095,059968,2,8,116475,2,7,32799,32804,00000,00000
BCN,3147,4095,066086,2,9,116520,2,7,32800,32803,00000,00000
BCN,3148,4095,066086,2,9,116520,2,7,32800,32803,00000,00000
BCN,3149,0000,066086,2,9,116520,2,7,32800,32803,00000,00000
BCN,3150,0000,066086,2,9,116520,2,7,32800,32803,00000,00000
BCN,3151,4095,066086,2,9,116520,2,7,32800,32803,00000,00000
BCN,3152,0000,066086,2,9,116520,2,7,32800,32803,00000,00000
BCN,3153,0000,066255,2,9,116555,2,7,32800,32802,00000,00000
BCN,3154,4095,066255,2,9,116555,2,7,32800,32802,00000,00000
BCN,3155,0000,066255,2,9,116555,2,7,32800,32802,00000,00000
BCN,3156,0000,066255,2,9,116555,2,7,32800,32802,00000,00000
BCN,3157,0000,066255,2,9,116555,2,7,32800,32802,00000,00000
BCN,3158,0000,066255,2,9,116555,2,7,32800,32802,00000,00000
BCN,3159,0000,066255,2,9,116555,2,7,32800,32802,00000,00000
BCN,3160,4095,060163,2,8,116593,2,7,32799,32801,00000,00000
BCN,3161,4095,060163,2,8,116593,2,7,32799,32801,00000,00000
BCN,3162,4095,060163,2,8,116593,2,7,32799,32801,00000,00000
BCN,3163,0000,060163,2,8,116593,2,7,32799,32801,00000,00000
BCN,3164,4095,060163,2,8,116593,2,7,32799,32801,00000,00000
BCN,3165,4095,060163,2,8,116593,2,7,32799,32801,00000,00000
BCN,3166,4095,064103,2,8,116605,2,7,32800,32800,00000,00000
BCN,3167,0000,064103,2,8,116605,2,7,32800,32800,00000,00000
BCN,3168,4095,064103,2,8,116605,2,7,32800,32800,00000,00000
BCN,3169,4095,064103,2,8,116605,2,7,32800,32800,00000,00000
BCN,3170,4095,064103,2,8,116605,2,7,32800,32800,00000,00000
BCN,3171,0000,064103,2,8,116605,2,7,32800,32800,00000,00000
BCN,3172,0000,066294,2,9,120780,2,8,32800,32799,00000,00000
BCN,3173,0000,066294,2,9,120780,2,8,32800,32799,00000,00000
BCN,3174,4095,066294,2,9,120780,2,8,32800,32799,00000,00000
BCN,3175,4095,066294,2,9,120780,2,8,32800,32799,00000,00000
BCN,3176,4095,066294,2,9,120780,2,8,32800,32799,00000,00000
BCN,3177,0000,066294,2,9,120780,2,8,32800,32799,00000,00000
BCN,3178,0000,060202,2,8,149467,2,9,32799,32798,00000,00000
BCN,3179,0000,060202,2,8,149467,2,9,32799,32798,00000,00000
BCN,3180,0000,060202,2,8,149467,2,9,32799,32798,00000,00000
BCN,3181,4095,060202,2,8,149467,2,9,32799,32798,00000,00000
BCN,3182,4095,060202,2,8,149467,2,9,32799,32798,00000,00000
BCN,3183,4095,060202,2,8,149467,2,9,32799,32798,00000,00000
BCN,3184,4095,064129,2,8,149458,2,9,32800,32798,00000,00000
BCN,3185,4095,064129,2,8,149458,2,9,32800,32798,00000,00000
BCN,3186,0000,064129,2,8,149458,2,9,32800,32798,00000,00000
BCN,3187,0000,064129,2,8,149458,2,9,32800,32798,00000,00000
BCN,3188,4095,064129,2,8,149458,2,9,32800,32798,00000,00000
BCN,3189,0000,064129,2,8,149458,2,9,32800,32798,00000,00000
BCN,3190,0000,066320,2,9,149451,2,9,32800,32798,00000,00000
BCN,3191,4095,066320,2,9,149451,2,9,32800,32798,00000,00000
BCN,3192,0000,066320,2,9,149451,2,9,32800,32798,00000,00000
BCN,3193,0000,066320,2,9,149451,2,9,32800,32798,00000,00000
BCN,3194,0000,066320,2,9,149451,2,9,32800,32798,00000,00000
BCN,3195,0000,066320,2,9,149451,2,9,32800,32798,00000,00000
BCN,3196,0000,066320,2,9,149451,2,9,32800,32798,00000,00000
BCN,3197,4095,064142,2,8,149442,2,9,32799,32798,00000,00000
BCN,3198,4095,064142,2,8,149442,2,9,32799,32798,00000,00000
BCN,3199,4095,064142,2,8,149442,2,9,32799,32798,00000,00000
BCN,3200,0000,064142,2,8,149442,2,9,32799,32798,00000,00000
BCN,3201,4095,064142,2,8,149442,2,9,32799,32798,00000,00000
BCN,3202,4095,064142,2,8,149442,2,9,32799,32798,00000,00000
BCN,3203,4095,064012,2,8,149442,2,9,32800,32798,00000,00000
BCN,3204,0000,064012,2,8,149442,2,9,32800,32798,00000,00000
BCN,3205,4095,064012,2,8,149442,2,9,32800,32798,00000,00000
BCN,3206,4095,064012,2,8,149442,2,9,32800,32798,00000,00000
BCN,3207,4095,064012,2,8,149442,2,9,32800,32798,00000,00000
BCN,3208,0000,064012,2,8,149442,2,9,32800,32798,00000,00000
BCN,3209,0000,064077,2,8,145332,2,9,32800,32798,00000,00000
BCN,3210,0000,064077,2,8,145332,2,9,32800,32798,00000,00000
BCN,3211,0000,064077,2,8,145332,2,9,32800,32798,00000,00000
BCN,3212,4095,064077,2,8,145332,2,9,32800,32798,00000,00000
BCN,3213,4095,064077,2,8,145332,2,9,32800,32798,00000,00000
BCN,3214,0000,064077,2,8,145332,2,9,32800,32798,00000,00000
BCN,3215,0000,063999,2,8,145320,2,9,32799,32798,00000,00000
BCN,3216,0000,063999,2,8,145320,2,9,32799,32798,00000,00000
BCN,3217,0000,063999,2,8,145320,2,9,32799,32798,00000,00000
BCN,3218,4095,063999,2,8,145320,2,9,32799,32798,00000,00000
BCN,3219,4095,063999,2,8,145320,2,9,32799,32798,00000,00000
BCN,3220,4095,063999,2,8,145320,2,9,32799,32798,00000,00000
BCN,3221,4095,061756,2,8,145311,2,9,32800,32798,00000,00000
BCN,3222,4095,061756,2,8,145311,2,9,32800,32798,00000,00000
BCN,3223,0000,061756,2,8,145311,2,9,32800,32798,00000,00000
BCN,3224,0000,061756,2,8,145311,2,9,32800,32798,00000,00000
BCN,3225,4095,061756,2,8,145311,2,9,32800,32798,00000,00000
BCN,3226,0000,061756,2,8,145311,2,9,32800,32798,00000,00000
BCN,3227,0000,061782,2,8,145305,2,9,32800,32798,00000,00000
BCN,3228,4095,061782,2,8,145305,2,9,32800,32798,00000,00000
BCN,3229,0000,061782,2,8,145305,2,9,32800,32798,00000,00000
BCN,3230,0000,061782,2,8,145305,2,9,32800,32798,00000,00000
BCN,3231,0000,061782,2,8,145305,2,9,32800,32798,00000,00000
BCN,3232,0000,061782,2,8,145305,2,9,32800,32798,00000,00000
BCN,3233,0000,061782,2,8,145305,2,9,32800,32798,00000,00000
BCN,3234,4095,063817,2,8,145300,2,9,32799,32798,00000,00000
BCN,3235,4095,063817,2,8,145300,2,9,32799,32798,00000,00000
BCN,3236,4095,063817,2,8,145300,2,9,32799,32798,00000,00000
BCN,3237,0000,063817,2,8,145300,2,9,32799,32798,00000,00000
BCN,3238,4095,063817,2,8,145300,2,9,32799,32798,00000,00000
BCN,3239,4095,063817,2,8,145300,2,9,32799,32798,00000,00000
BCN,3240,4095,059695,2,8,145296,2,9,32799,32798,00000,00000
BCN,3241,0000,059695,2,8,145296,2,9,32799,32798,00000,00000
BCN,3242,4095,059695,2,8,145296,2,9,32799,32798,00000,00000
BCN,3243,4095,059695,2,8,145296,2,9,32799,32798,00000,00000
BCN,3244,4095,059695,2,8,145296,2,9,32799,32798,00000,00000
BCN,3245,0000,059695,2,8,145296,2,9,32799,32798,00000,00000
BCN,3246,0000,069974,2,9,145294,2,9,32800,32798,00000,00000
BCN,3247,0000,069974,2,9,145294,2,9,32800,32798,00000,00000
BCN,3248,0000,069974,2,9,145294,2,9,32800,32798,00000,00000
BCN,3249,4095,069974,2,9,145294,2,9,32800,32798,00000,00000
BCN,3250,4095,069974,2,9,145294,2,9,32800,32798,00000,00000
BCN,3251,0000,069974,2,9,145294,2,9,32800,32798,00000,00000
BCN,3252,0000,063778,2,8,145292,2,9,32800,32798,00000,00000
BCN,3253,0000,063778,2,8,145292,2,9,32800,32798,00000,00000
BCN,3254,0000,063778,2,8,145292,2,9,32800,32798,00000,00000
BCN,3255,4095,063778,2,8,145292,2,9,32800,32798,00000,00000
BCN,3256,4095,063778,2,8,145292,2,9,32800,32798,00000,00000
BCN,3257,4095,063778,2,8,145292,2,9,32800,32798,00000,00000
BCN,3258,4095,067822,2,9,141207,2,9,32800,32798,00000,00000
BCN,3259,4095,067822,2,9,141207,2,9,32800,32798,00000,00000
BCN,3260,0000,067822,2,9,141207,2,9,32800,32798,00000,00000
BCN,3261,0000,067822,2,9,141207,2,9,32800,32798,00000,00000
BCN,3262,4095,067822,2,9,141207,2,9,32800,32798,00000,00000
BCN,3263,0000,067822,2,9,141207,2,9,32800,32798,00000,00000
BCN,3264,0000,061730,2,8,141215,2,9,32800,32798,00000,00000
BCN,3265,4095,061730,2,8,141215,2,9,32800,32798,00000,00000
BCN,3266,0000,061730,2,8,141215,2,9,32800,32798,00000,00000
BCN,3267,0000,061730,2,8,141215,2,9,32800,32798,00000,00000
BCN,3268,0000,061730,2,8,141215,2,9,32800,32798,00000,00000
BCN,3269,0000,061730,2,8,141215,2,9,32800,32798,00000,00000
BCN,3270,0000,061730,2,8,141215,2,9,32800,32798,00000,00000
BCN,3271,4095,063765,2,8,137141,2,9,32799,32798,00000,00000
BCN,3272,4095,063765,2,8,137141,2,9,32799,32798,00000,00000
BCN,3273,4095,063765,2,8,137141,2,9,32799,32798,00000,00000
BCN,3274,0000,063765,2,8,137141,2,9,32799,32798,00000,00000
BCN,3275,4095,063765,2,8,137141,2,9,32799,32798,00000,00000
BCN,3276,4095,063765,2,8,137141,2,9,32799,32798,00000,00000
BCN,3277,4095,059669,2,8,137156,2,9,32799,32798,00000,00000
BCN,3278,0000,059669,2,8,137156,2,9,32799,32798,00000,00000
BCN,3279,4095,059669,2,8,137156,2,9,32799,32798,00000,00000
BCN,3280,4095,059669,2,8,137156,2,9,32799,32798,00000,00000
BCN,3281,4095,059669,2,8,137156,2,9,32799,32798,00000,00000
BCN,3282,0000,059669,2,8,137156,2,9,32799,32798,00000,00000
BCN,3283,0000,069948,2,9,137168,2,9,32800,32798,00000,00000
BCN,3284,0000,069948,2,9,137168,2,9,32800,32798,00000,00000
BCN,3285,0000,069948,2,9,137168,2,9,32800,32798,00000,00000
BCN,3286,4095,069948,2,9,137168,2,9,32800,32798,00000,00000
BCN,3287,4095,069948,2,9,137168,2,9,32800,32798,00000,00000
BCN,3288,4095,069948,2,9,137168,2,9,32800,32798,00000,00000
BCN,3289,0000,063765,2,8,137176,2,9,32800,32798,00000,00000
BCN,3290,0000,063765,2,8,137176,2,9,32800,32798,00000,00000
BCN,3291,0000,063765,2,8,137176,2,9,32800,32798,00000,00000
BCN,3292,4095,063765,2,8,137176,2,9,32800,32798,00000,00000
BCN,3293,4095,063765,2,8,137176,2,9,32800,32798,00000,00000
BCN,3294,4095,063765,2,8,137176,2,9,32800,32798,00000,00000
BCN,3295,4095,067809,2,9,133100,2,8,32800,32798,00000,00000
BCN,3296,4095,067809,2,9,133100,2,8,32800,32798,00000,00000
BCN,3297,0000,067809,2,9,133100,2,8,32800,32798,00000,00000
BCN,3298,0000,067809,2,9,133100,2,8,32800,32798,00000,00000
BCN,3299,4095,067809,2,9,133100,2,8,32800,32798,00000,00000
BCN,3300,0000,067809,2,9,133100,2,8,32800,32798,00000,00000
BCN,3301,0000,061717,2,8,133115,2,8,32800,32798,00000,00000
BCN,3302,4095,061717,2,8,133115,2,8,32800,32798,00000,00000
BCN,3303,0000,061717,2,8,133115,2,8,32800,32798,00000,00000
BCN,3304,0000,061717,2,8,133115,2,8,32800,32798,00000,00000
BCN,3305,0000,061717,2,8,133115,2,8,32800,32798,00000,00000
BCN,3306,0000,061717,2,8,133115,2,8,32800,32798,00000,00000
BCN,3307,0000,061717,2,8,133115,2,8,32800,32798,00000,00000
BCN,3308,4095,063765,2,8,133126,2,8,32799,32798,00000,00000
BCN,3309,4095,063765,2,8,133126,2,8,32799,32798,00000,00000
BCN,3310,4095,063765,2,8,133126,2,8,32799,32798,00000,00000
BCN,3311,0000,063765,2,8,133126,2,8,32799,32798,00000,00000
BCN,3312,4095,063765,2,8,133126,2,8,32799,32798,00000,00000
BCN,3313,4095,063765,2,8,133126,2,8,32799,32798,00000,00000
BCN,3314,4095,061808,2,8,131276,2,8,32799,32798,00000,00000
BCN,3315,0000,061808,2,8,131276,2,8,32799,32798,00000,00000
BCN,3316,4095,061808,2,8,131276,2,8,32799,32798,00000,00000
BCN,3317,4095,061808,2,8,131276,2,8,32799,32798,00000,00000
BCN,3318,4095,061808,2,8,131276,2,8,32799,32798,00000,00000
BCN,3319,0000,061808,2,8,131276,2,8,32799,32798,00000,00000
BCN,3320,0000,072165,2,9,129065,2,8,32800,32798,00000,00000
BCN,3321,0000,072165,2,9,129065,2,8,32800,32798,00000,00000
BCN,3322,0000,072165,2,9,129065,2,8,32800,32798,00000,00000
BCN,3323,4095,072165,2,9,129065,2,8,32800,32798,00000,00000
BCN,3324,4095,072165,2,9,129065,2,8,32800,32798,00000,00000
BCN,3325,4095,072165,2,9,129065,2,8,32800,32798,00000,00000
BCN,3326,4095,066021,2,9,129079,2,8,32800,32798,00000,00000
BCN,3327,0000,066021,2,9,129079,2,8,32800,32798,00000,00000
BCN,3328,0000,066021,2,9,129079,2,8,32800,32798,00000,00000
BCN,3329,4095,066021,2,9,129079,2,8,32800,32798,00000,00000
BCN,3330,4095,066021,2,9,129079,2,8,32800,32798,00000,00000
BCN,3331,4095,066021,2,9,129079,2,8,32800,32798,00000,00000
BCN,3332,4095,064064,2,8,129090,2,8,32800,32798,00000,00000
BCN,3333,4095,064064,2,8,129090,2,8,32800,32798,00000,00000
BCN,3334,0000,064064,2,8,129090,2,8,32800,32798,00000,00000
BCN,3335,0000,064064,2,8,129090,2,8,32800,32798,00000,00000
BCN,3336,4095,064064,2,8,129090,2,8,32800,32798,00000,00000
BCN,3337,0000,064064,2,8,129090,2,8,32800,32798,00000,00000
BCN,3338,0000,060072,2,8,129099,2,8,32799,32798,00000,00000
BCN,3339,4095,060072,2,8,129099,2,8,32799,32798,00000,00000
BCN,3340,0000,060072,2,8,129099,2,8,32799,32798,00000,00000
BCN,3341,0000,060072,2,8,129099,2,8,32799,32798,00000,00000
BCN,3342,0000,060072,2,8,129099,2,8,32799,32798,00000,00000
BCN,3343,0000,060072,2,8,129099,2,8,32799,32798,00000,00000
BCN,3344,0000,060072,2,8,129099,2,8,32799,32798,00000,00000
BCN,3345,4095,066164,2,9,129105,2,8,32800,32798,00000,00000
BCN,3346,4095,066164,2,9,129105,2,8,32800,32798,00000,00000
BCN,3347,4095,066164,2,9,129105,2,8,32800,32798,00000,00000
BCN,3348,0000,066164,2,9,129105,2,8,32800,32798,00000,00000
BCN,3349,4095,066164,2,9,129105,2,8,32800,32798,00000,00000
BCN,3350,4095,066164,2,9,129105,2,8,32800,32798,00000,00000
BCN,3351,4095,066307,2,9,129109,2,8,32800,32798,00000,00000
BCN,3352,0000,066307,2,9,129109,2,8,32800,32798,00000,00000
BCN,3353,4095,066307,2,9,129109,2,8,32800,32798,00000,00000
BCN,3354,4095,066307,2,9,129109,2,8,32800,32798,00000,00000
BCN,3355,4095,066307,2,9,129109,2,8,32800,32798,00000,00000
BCN,3356,0000,066307,2,9,129109,2,8,32800,32798,00000,00000
BCN,3357,0000,060215,2,8,129113,2,8,32799,32798,00000,00000
BCN,3358,0000,060215,2,8,129113,2,8,32799,32798,00000,00000
BCN,3359,0000,060215,2,8,129113,2,8,32799,32798,00000,00000
BCN,3360,4095,060215,2,8,129113,2,8,32799,32798,00000,00000
BCN,3361,4095,060215,2,8,129113,2,8,32799,32798,00000,00000
BCN,3362,4095,060215,2,8,129113,2,8,32799,32798,00000,00000
BCN,3363,4095,064129,2,8,129115,2,8,32800,32798,00000,00000
BCN,3364,0000,064129,2,8,129115,2,8,32800,32798,00000,00000
BCN,3365,0000,064129,2,8,129115,2,8,32800,32798,00000,00000
BCN,3366,4095,064129,2,8,129115,2,8,32800,32798,00000,00000
BCN,3367,4095,064129,2,8,129115,2,8,32800,32798,00000,00000
BCN,3368,4095,064129,2,8,129115,2,8,32800,32798,00000,00000
BCN,3369,4095,066320,2,9,129117,2,8,32800,32798,00000,00000
BCN,3370,4095,066320,2,9,129117,2,8,32800,32798,00000,00000
BCN,3371,0000,066320,2,9,129117,2,8,32800,32798,00000,00000
BCN,3372,0000,066320,2,9,129117,2,8,32800,32798,00000,00000
BCN,3373,4095,066320,2,9,129117,2,8,32800,32798,00000,00000
BCN,3374,0000,066320,2,9,129117,2,8,32800,32798,00000,00000
BCN,3375,0000,060215,2,8,129119,2,8,32799,32798,00000,00000
BCN,3376,4095,060215,2,8,129119,2,8,32799,32798,00000,00000
BCN,3377,0000,060215,2,8,129119,2,8,32799,32798,00000,00000
BCN,3378,0000,060215,2,8,129119,2,8,32799,32798,00000,00000
BCN,3379,0000,060215,2,8,129119,2,8,32799,32798,00000,00000
BCN,3380,0000,060215,2,8,129119,2,8,32799,32798,00000,00000
BCN,3381,0000,060215,2,8,129119,2,8,32799,32798,00000,00000
BCN,3382,4095,064142,2,8,129120,2,8,32800,32798,00000,00000
BCN,3383,4095,064142,2,8,129120,2,8,32800,32798,00000,00000
BCN,3384,4095,064142,2,8,129120,2,8,32800,32798,00000,00000
BCN,3385,0000,064142,2,8,129120,2,8,32800,32798,00000,00000
BCN,3386,4095,064142,2,8,129120,2,8,32800,32798,00000,00000
BCN,3387,4095,064142,2,8,129120,2,8,32800,32798,00000,00000
BCN,3388,4095,066320,2,9,125041,2,8,32800,32798,00000,00000
BCN,3389,0000,066320,2,9,125041,2,8,32800,32798,00000,00000
BCN,3390,4095,066320,2,9,125041,2,8,32800,32798,00000,00000
BCN,3391,4095,066320,2,9,125041,2,8,32800,32798,00000,00000
BCN,3392,4095,066320,2,9,125041,2,8,32800,32798,00000,00000
BCN,3393,0000,066320,2,9,125041,2,8,32800,32798,00000,00000
BCN,3394,0000,060228,2,8,125054,2,8,32799,32798,00000,00000
BCN,3395,0000,060228,2,8,125054,2,8,32799,32798,00000,00000
BCN,3396,0000,060228,2,8,125054,2,8,32799,32798,00000,00000
BCN,3397,4095,060228,2,8,125054,2,8,32799,32798,00000,00000
BCN,3398,4095,060228,2,8,125054,2,8,32799,32798,00000,00000
BCN,3399,4095,060228,2,8,125054,2,8,32799,32798,00000,00000
BCN,3400,4095,064142,2,8,125063,2,8,32800,32798,00000,00000
BCN,3401,4095,064142,2,8,125063,2,8,32800,32798,00000,00000
BCN,3402,0000,064142,2,8,125063,2,8,32800,32798,00000,00000
BCN,3403,4095,064142,2,8,125063,2,8,32800,32798,00000,00000
BCN,3404,4095,064142,2,8,125063,2,8,32800,32798,00000,00000
BCN,3405,4095,064142,2,8,125063,2,8,32800,32798,00000,00000
BCN,3406,4095,054084,2,7,125070,2,8,32799,32798,00000,00000
BCN,3407,4095,054084,2,7,125070,2,8,32799,32798,00000,00000
BCN,3408,0000,054084,2,7,125070,2,8,32799,32798,00000,00000
BCN,3409,0000,054084,2,7,125070,2,8,32799,32798,00000,00000
BCN,3410,4095,054084,2,7,125070,2,8,32799,32798,00000,00000
BCN,3411,0000,054084,2,7,125070,2,8,32799,32798,00000,00000
BCN,3412,0000,054032,2,7,120994,2,8,32800,32798,00000,00000
BCN,3413,4095,054032,2,7,120994,2,8,32800,32798,00000,00000
BCN,3414,0000,054032,2,7,120994,2,8,32800,32798,00000,00000
BCN,3415,0000,054032,2,7,120994,2,8,32800,32798,00000,00000
BCN,3416,0000,054032,2,7,120994,2,8,32800,32798,00000,00000
BCN,3417,0000,054032,2,7,120994,2,8,32800,32798,00000,00000
BCN,3418,0000,054032,2,7,120994,2,8,32800,32798,00000,00000
BCN,3419,4095,060228,2,8,121009,2,8,32799,32798,00000,00000
BCN,3420,4095,060228,2,8,121009,2,8,32799,32798,00000,00000
BCN,3421,4095,060228,2,8,121009,2,8,32799,32798,00000,00000
BCN,3422,0000,060228,2,8,121009,2,8,32799,32798,00000,00000
BCN,3423,4095,060228,2,8,121009,2,8,32799,32798,00000,00000
BCN,3424,4095,060228,2,8,121009,2,8,32799,32798,00000,00000
BCN,3425,4095,064142,2,8,121020,2,8,32800,32798,00000,00000
BCN,3426,0000,064142,2,8,121020,2,8,32800,32798,00000,00000
BCN,3427,4095,064142,2,8,121020,2,8,32800,32798,00000,00000
BCN,3428,4095,064142,2,8,121020,2,8,32800,32798,00000,00000
BCN,3429,4095,064142,2,8,121020,2,8,32800,32798,00000,00000
BCN,3430,0000,064142,2,8,121020,2,8,32800,32798,00000,00000
BCN,3431,0000,066333,2,9,121028,2,8,32800,32798,00000,00000
BCN,3432,0000,066333,2,9,121028,2,8,32800,32798,00000,00000
BCN,3433,0000,066333,2,9,121028,2,8,32800,32798,00000,00000
BCN,3434,4095,066333,2,9,121028,2,8,32800,32798,00000,00000
BCN,3435,4095,066333,2,9,121028,2,8,32800,32798,00000,00000
BCN,3436,4095,066333,2,9,121028,2,8,32800,32798,00000,00000
BCN,3437,4095,060228,2,8,121034,2,8,32799,32798,00000,00000
BCN,3438,4095,060228,2,8,121034,2,8,32799,32798,00000,00000
BCN,3439,0000,060228,2,8,121034,2,8,32799,32798,00000,00000
BCN,3440,0000,060228,2,8,121034,2,8,32799,32798,00000,00000
BCN,3441,4095,060228,2,8,121034,2,8,32799,32798,00000,00000
BCN,3442,4095,060228,2,8,121034,2,8,32799,32798,00000,00000
BCN,3443,4095,064142,2,8,116967,2,7,32800,32799,00000,00000
BCN,3444,4095,064142,2,8,116967,2,7,32800,32799,00000,00000
BCN,3445,0000,064142,2,8,116967,2,7,32800,32799,00000,00000
BCN,3446,0000,064142,2,8,116967,2,7,32800,32799,00000,00000
BCN,3447,4095,064142,2,8,116967,2,7,32800,32799,00000,00000
BCN,3448,0000,064142,2,8,116967,2,7,32800,32799,00000,00000
BCN,3449,0000,066333,2,9,121045,2,8,32800,32799,00000,00000
BCN,3450,4095,066333,2,9,121045,2,8,32800,32799,00000,00000
BCN,3451,0000,066333,2,9,121045,2,8,32800,32799,00000,00000
BCN,3452,0000,066333,2,9,121045,2,8,32800,32799,00000,00000
BCN,3453,0000,066333,2,9,121045,2,8,32800,32799,00000,00000
BCN,3454,0000,066333,2,9,121045,2,8,32800,32799,00000,00000
BCN,3455,0000,066333,2,9,121045,2,8,32800,32799,00000,00000
BCN,3456,4095,060228,2,8,121046,2,8,32799,32799,00000,00000
BCN,3457,4095,060228,2,8,121046,2,8,32799,32799,00000,00000
BCN,3458,4095,060228,2,8,121046,2,8,32799,32799,00000,00000
BCN,3459,0000,060228,2,8,121046,2,8,32799,32799,00000,00000
BCN,3460,4095,060228,2,8,121046,2,8,32799,32799,00000,00000
BCN,3461,4095,060228,2,8,121046,2,8,32799,32799,00000,00000
BCN,3462,4095,064142,2,8,121047,2,8,32800,32799,00000,00000
BCN,3463,0000,064142,2,8,121047,2,8,32800,32799,00000,00000
BCN,3464,4095,064142,2,8,121047,2,8,32800,32799,00000,00000
BCN,3465,4095,064142,2,8,121047,2,8,32800,32799,00000,00000
BCN,3466,4095,064142,2,8,121047,2,8,32800,32799,00000,00000
BCN,3467,0000,064142,2,8,121047,2,8,32800,32799,00000,00000
BCN,3468,0000,066333,2,9,121175,2,8,32800,32799,00000,00000
BCN,3469,0000,066333,2,9,121175,2,8,32800,32799,00000,00000
BCN,3470,0000,066333,2,9,121175,2,8,32800,32799,00000,00000
BCN,3471,4095,066333,2,9,121175,2,8,32800,32799,00000,00000
BCN,3472,4095,066333,2,9,121175,2,8,32800,32799,00000,00000
BCN,3473,4095,066333,2,9,121175,2,8,32800,32799,00000,00000
BCN,3474,4095,060228,2,8,125131,2,8,32799,32799,00000,00000
BCN,3475,4095,060228,2,8,125131,2,8,32799,32799,00000,00000
BCN,3476,0000,060228,2,8,125131,2,8,32799,32799,00000,00000
BCN,3477,0000,060228,2,8,125131,2,8,32799,32799,00000,00000
BCN,3478,4095,060228,2,8,125131,2,8,32799,32799,00000,00000
BCN,3479,0000,060228,2,8,125131,2,8,32799,32799,00000,00000
BCN,3480,3950,064142,2,8,129203,2,8,32800,32799,00000,00000
BCN,3481,4095,064142,2,8,129203,2,8,32800,32799,00000,00000
BCN,3482,0000,064142,2,8,129203,2,8,32800,32799,00000,00000
BCN,3483,0000,064142,2,8,129203,2,8,32800,32799,00000,00000
BCN,3484,4095,064142,2,8,129203,2,8,32800,32799,00000,00000
BCN,3485,0000,064142,2,8,129203,2,8,32800,32799,00000,00000
BCN,3486,0000,066333,2,9,129330,2,8,32800,32799,00000,00000
BCN,3487,4095,066333,2,9,129330,2,8,32800,32799,00000,00000
BCN,3488,0000,066333,2,9,129330,2,8,32800,32799,00000,00000
BCN,3489,0000,066333,2,9,129330,2,8,32800,32799,00000,00000
BCN,3490,0000,066333,2,9,129330,2,8,32800,32799,00000,00000
BCN,3491,0000,066333,2,9,129330,2,8,32800,32799,00000,00000
BCN,3492,0000,066333,2,9,129330,2,8,32800,32799,00000,00000
BCN,3493,4095,060228,2,8,129173,2,8,32799,32799,00000,00000
BCN,3494,4095,060228,2,8,129173,2,8,32799,32799,00000,00000
BCN,3495,4095,060228,2,8,129173,2,8,32799,32799,00000,00000
BCN,3496,0000,060228,2,8,129173,2,8,32799,32799,00000,00000
BCN,3497,4095,060228,2,8,129173,2,8,32799,32799,00000,00000
BCN,3498,4095,060228,2,8,129173,2,8,32799,32799,00000,00000
BCN,3499,4095,064142,2,8,133243,2,8,32800,32799,00000,00000
BCN,3500,0000,064142,2,8,133243,2,8,32800,32799,00000,00000
BCN,3501,4095,064142,2,8,133243,2,8,32800,32799,00000,00000
BCN,3502,4095,064142,2,8,133243,2,8,32800,32799,00000,00000
BCN,3503,4095,064142,2,8,133243,2,8,32800,32799,00000,00000
BCN,3504,0000,064142,2,8,133243,2,8,32800,32799,00000,00000
BCN,3505,0000,066333,2,9,133225,2,8,32800,32799,00000,00000
BCN,3506,0000,066333,2,9,133225,2,8,32800,32799,00000,00000
BCN,3507,0000,066333,2,9,133225,2,8,32800,32799,00000,00000
BCN,3508,4095,066333,2,9,133225,2,8,32800,32799,00000,00000
BCN,3509,4095,066333,2,9,133225,2,8,32800,32799,00000,00000
BCN,3510,4095,066333,2,9,133225,2,8,32800,32799,00000,00000
BCN,3511,4095,060228,2,8,133211,2,8,32799,32799,00000,00000
BCN,3512,4095,060228,2,8,133211,2,8,32799,32799,00000,00000
BCN,3513,0000,060228,2,8,133211,2,8,32799,32799,00000,00000
BCN,3514,0000,060228,2,8,133211,2,8,32799,32799,00000,00000
BCN,3515,4095,060228,2,8,133211,2,8,32799,32799,00000,00000
BCN,3516,0000,060228,2,8,133211,2,8,32799,32799,00000,00000
BCN,3517,0000,064142,2,8,137309,2,9,32800,32799,00000,00000
BCN,3518,4095,064142,2,8,137309,2,9,32800,32799,00000,00000
BCN,3519,0000,064142,2,8,137309,2,9,32800,32799,00000,00000
BCN,3520,0000,064142,2,8,137309,2,9,32800,32799,00000,00000
BCN,3521,4095,064142,2,8,137309,2,9,32800,32799,00000,00000
BCN,3522,0000,064142,2,8,137309,2,9,32800,32799,00000,00000
BCN,3523,0000,066333,2,9,137311,2,9,32800,32799,00000,00000
BCN,3524,4095,066333,2,9,137311,2,9,32800,32799,00000,00000
BCN,3525,0000,066333,2,9,137311,2,9,32800,32799,00000,00000
BCN,3526,0000,066333,2,9,137311,2,9,32800,32799,00000,00000
BCN,3527,0000,066333,2,9,137311,2,9,32800,32799,00000,00000
BCN,3528,0000,066333,2,9,137311,2,9,32800,32799,00000,00000
BCN,3529,0000,066333,2,9,137311,2,9,32800,32799,00000,00000
BCN,3530,4095,060228,2,8,137313,2,9,32799,32799,00000,00000
BCN,3531,4095,060228,2,8,137313,2,9,32799,32799,00000,00000
BCN,3532,4095,060228,2,8,137313,2,9,32799,32799,00000,00000
BCN,3533,0000,060228,2,8,137313,2,9,32799,32799,00000,00000
BCN,3534,4095,060228,2,8,137313,2,9,32799,32799,00000,00000
BCN,3535,4095,060228,2,8,137313,2,9,32799,32799,00000,00000
BCN,3536,4095,064142,2,8,137314,2,9,32800,32799,00000,00000
BCN,3537,0000,064142,2,8,137314,2,9,32800,32799,00000,00000
BCN,3538,4095,064142,2,8,137314,2,9,32800,32799,00000,00000
BCN,3539,4095,064142,2,8,137314,2,9,32800,32799,00000,00000
BCN,3540,4095,064142,2,8,137314,2,9,32800,32799,00000,00000
BCN,3541,0000,064142,2,8,137314,2,9,32800,32799,00000,00000
BCN,3542,0000,066333,2,9,137317,2,9,32800,32799,00000,00000
BCN,3543,0000,066333,2,9,137317,2,9,32800,32799,00000,00000
BCN,3544,0000,066333,2,9,137317,2,9,32800,32799,00000,00000
BCN,3545,4095,066333,2,9,137317,2,9,32800,32799,00000,00000
BCN,3546,4095,066333,2,9,137317,2,9,32800,32799,00000,00000
BCN,3547,4095,066333,2,9,137317,2,9,32800,32799,00000,00000
BCN,3548,4095,060228,2,8,141396,2,9,32799,32799,00000,00000
BCN,3549,4095,060228,2,8,141396,2,9,32799,32799,00000,00000
BCN,3550,0000,060228,2,8,141396,2,9,32799,32799,00000,00000
BCN,3551,0000,060228,2,8,141396,2,9,32799,32799,00000,00000
BCN,3552,4095,060228,2,8,141396,2,9,32799,32799,00000,00000
BCN,3553,0000,060228,2,8,141396,2,9,32799,32799,00000,00000
BCN,3554,0000,064142,2,8,141386,2,9,32800,32799,00000,00000
BCN,3555,4095,064142,2,8,141386,2,9,32800,32799,00000,00000
BCN,3556,0000,064142,2,8,141386,2,9,32800,32799,00000,00000
BCN,3557,0000,064142,2,8,141386,2,9,32800,32799,00000,00000
BCN,3558,4095,064142,2,8,141386,2,9,32800,32799,00000,00000
BCN,3559,0000,064142,2,8,141386,2,9,32800,32799,00000,00000
BCN,3560,0000,066333,2,9,141410,2,9,32800,32799,00000,00000
BCN,3561,4095,066333,2,9,141410,2,9,32800,32799,00000,00000
BCN,3562,0000,066333,2,9,141410,2,9,32800,32799,00000,00000
BCN,3563,0000,066333,2,9,141410,2,9,32800,32799,00000,00000
BCN,3564,0000,066333,2,9,141410,2,9,32800,32799,00000,00000
BCN,3565,0000,066333,2,9,141410,2,9,32800,32799,00000,00000
BCN,3566,0000,066333,2,9,141410,2,9,32800,32799,00000,00000
BCN,3567,4095,062185,2,8,145452,2,9,32799,32799,00000,00000
BCN,3568,4095,062185,2,8,145452,2,9,32799,32799,00000,00000
BCN,3569,4095,062185,2,8,145452,2,9,32799,32799,00000,00000
BCN,3570,0000,062185,2,8,145452,2,9,32799,32799,00000,00000
BCN,3571,4095,062185,2,8,145452,2,9,32799,32799,00000,00000
BCN,3572,4095,062185,2,8,145452,2,9,32799,32799,00000,00000
BCN,3573,4095,064077,2,8,145438,2,9,32800,32799,00000,00000
BCN,3574,0000,064077,2,8,145438,2,9,32800,32799,00000,00000
BCN,3575,4095,064077,2,8,145438,2,9,32800,32799,00000,00000
BCN,3576,4095,064077,2,8,145438,2,9,32800,32799,00000,00000
BCN,3577,4095,064077,2,8,145438,2,9,32800,32799,00000,00000
BCN,3578,0000,064077,2,8,145438,2,9,32800,32799,00000,00000
BCN,3579,0000,066281,2,9,145424,2,9,32800,32799,00000,00000
BCN,3580,0000,066281,2,9,145424,2,9,32800,32799,00000,00000
BCN,3581,0000,066281,2,9,145424,2,9,32800,32799,00000,00000
BCN,3582,4095,066281,2,9,145424,2,9,32800,32799,00000,00000
BCN,3583,4095,066281,2,9,145424,2,9,32800,32799,00000,00000
BCN,3584,4095,066281,2,9,145424,2,9,32800,32799,00000,00000
BCN,3585,4095,062159,2,8,145416,2,9,32799,32799,00000,00000
BCN,3586,4095,062159,2,8,145416,2,9,32799,32799,00000,00000
BCN,3587,0000,062159,2,8,145416,2,9,32799,32799,00000,00000
BCN,3588,0000,062159,2,8,145416,2,9,32799,32799,00000,00000
BCN,3589,4095,062159,2,8,145416,2,9,32799,32799,00000,00000
BCN,3590,0000,062159,2,8,145416,2,9,32799,32799,00000,00000
BCN,3591,0000,064051,2,8,149491,2,9,32800,32799,00000,00000
BCN,3592,4095,064051,2,8,149491,2,9,32800,32799,00000,00000
BCN,3593,0000,064051,2,8,149491,2,9,32800,32799,00000,00000
BCN,3594,0000,064051,2,8,149491,2,9,32800,32799,00000,00000
BCN,3595,0000,064051,2,8,149491,2,9,32800,32799,00000,00000
BCN,3596,0000,064051,2,8,149491,2,9,32800,32799,00000,00000
BCN,3597,0000,066268,2,9,149475,2,9,32800,32799,00000,00000
BCN,3598,4095,066268,2,9,149475,2,9,32800,32799,00000,00000
BCN,3599,0000,066268,2,9,149475,2,9,32800,32799,00000,00000
BCN,3600,0000,066268,2,9,149475,2,9,32800,32799,00000,00000
BCN,3601,0000,066268,2,9,149475,2,9,32800,32799,00000,00000
BCN,3602,0000,066268,2,9,149475,2,9,32800,32799,00000,00000
BCN,3603,0000,066268,2,9,149475,2,9,32800,32799,00000,00000
BCN,3604,4095,062146,2,8,149463,2,9,32799,32799,00000,00000
BCN,3605,4095,062146,2,8,149463,2,9,32799,32799,00000,00000
BCN,3606,4095,062146,2,8,149463,2,9,32799,32799,00000,00000
BCN,3607,0000,062146,2,8,149463,2,9,32799,32799,00000,00000
BCN,3608,4095,062146,2,8,149463,2,9,32799,32799,00000,00000
BCN,3609,4095,062146,2,8,149463,2,9,32799,32799,00000,00000
BCN,3610,4095,064051,2,8,149456,2,9,32800,32799,00000,00000
BCN,3611,0000,064051,2,8,149456,2,9,32800,32799,00000,00000
BCN,3612,4095,064051,2,8,149456,2,9,32800,32799,00000,00000
BCN,3613,4095,064051,2,8,149456,2,9,32800,32799,00000,00000
BCN,3614,4095,064051,2,8,149456,2,9,32800,32799,00000,00000
BCN,3615,0000,064051,2,8,149456,2,9,32800,32799,00000,00000
BCN,3616,0000,066255,2,9,149449,2,9,32800,32799,00000,00000
BCN,3617,0000,066255,2,9,149449,2,9,32800,32799,00000,00000
BCN,3618,0000,066255,2,9,149449,2,9,32800,32799,00000,00000
BCN,3619,4095,066255,2,9,149449,2,9,32800,32799,00000,00000
BCN,3620,4095,066255,2,9,149449,2,9,32800,32799,00000,00000
BCN,3621,4095,066255,2,9,149449,2,9,32800,32799,00000,00000
BCN,3622,4095,060176,2,8,149445,2,9,32799,32799,00000,00000
BCN,3623,4095,060176,2,8,149445,2,9,32799,32799,00000,00000
BCN,3624,0000,060176,2,8,149445,2,9,32799,32799,00000,00000
BCN,3625,0000,060176,2,8,149445,2,9,32799,32799,00000,00000
BCN,3626,4095,060176,2,8,149445,2,9,32799,32799,00000,00000
BCN,3627,0000,060176,2,8,149445,2,9,32799,32799,00000,00000
BCN,3628,0000,064103,2,8,149441,2,9,32800,32799,00000,00000
BCN,3629,4095,064103,2,8,149441,2,9,32800,32799,00000,00000
BCN,3630,0000,064103,2,8,149441,2,9,32800,32799,00000,00000
BCN,3631,0000,064103,2,8,149441,2,9,32800,32799,00000,00000
BCN,3632,0000,064103,2,8,149441,2,9,32800,32799,00000,00000
BCN,3633,0000,064103,2,8,149441,2,9,32800,32799,00000,00000
BCN,3634,0000,066294,2,9,149438,2,9,32800,32799,00000,00000
BCN,3635,4095,066294,2,9,149438,2,9,32800,32799,00000,00000
BCN,3636,0000,066294,2,9,149438,2,9,32800,32799,00000,00000
BCN,3637,0000,066294,2,9,149438,2,9,32800,32799,00000,00000
BCN,3638,0000,066294,2,9,149438,2,9,32800,32799,00000,00000
BCN,3639,0000,066294,2,9,149438,2,9,32800,32799,00000,00000
BCN,3640,0000,066294,2,9,149438,2,9,32800,32799,00000,00000
BCN,3641,4095,060202,2,8,149436,2,9,32799,32799,00000,00000
BCN,3642,4095,060202,2,8,149436,2,9,32799,32799,00000,00000
BCN,3643,4095,060202,2,8,149436,2,9,32799,32799,00000,00000
BCN,3644,0000,060202,2,8,149436,2,9,32799,32799,00000,00000
BCN,3645,4095,060202,2,8,149436,2,9,32799,32799,00000,00000
BCN,3646,4095,060202,2,8,149436,2,9,32799,32799,00000,00000
BCN,3647,4095,064129,2,8,149435,2,9,32800,32799,00000,00000
BCN,3648,0000,064129,2,8,149435,2,9,32800,32799,00000,00000
BCN,3649,4095,064129,2,8,149435,2,9,32800,32799,00000,00000
BCN,3650,4095,064129,2,8,149435,2,9,32800,32799,00000,00000
BCN,3651,4095,064129,2,8,149435,2,9,32800,32799,00000,00000
BCN,3652,0000,064129,2,8,149435,2,9,32800,32799,00000,00000
BCN,3653,0000,066320,2,9,149434,2,9,32800,32799,00000,00000
BCN,3654,0000,066320,2,9,149434,2,9,32800,32799,00000,00000
BCN,3655,0000,066320,2,9,149434,2,9,32800,32799,00000,00000
BCN,3656,4095,066320,2,9,149434,2,9,32800,32799,00000,00000
BCN,3657,4095,066320,2,9,149434,2,9,32800,32799,00000,00000
BCN,3658,4095,066320,2,9,149434,2,9,32800,32799,00000,00000
BCN,3659,4095,060215,2,8,149360,2,9,32799,32799,00000,00000
BCN,3660,4095,060215,2,8,149360,2,9,32799,32799,00000,00000
BCN,3661,0000,060215,2,8,149360,2,9,32799,32799,00000,00000
BCN,3662,0000,060215,2,8,149360,2,9,32799,32799,00000,00000
BCN,3663,4095,060215,2,8,149360,2,9,32799,32799,00000,00000
BCN,3664,0000,060215,2,8,149360,2,9,32799,32799,00000,00000
BCN,3665,0000,064142,2,8,145325,2,9,32800,32799,00000,00000
BCN,3666,4095,064142,2,8,145325,2,9,32800,32799,00000,00000
BCN,3667,0000,064142,2,8,145325,2,9,32800,32799,00000,00000
BCN,3668,0000,064142,2,8,145325,2,9,32800,32799,00000,00000
BCN,3669,0000,064142,2,8,145325,2,9,32800,32799,00000,00000
BCN,3670,0000,064142,2,8,145325,2,9,32800,32799,00000,00000
BCN,3671,0000,066320,2,9,145315,2,9,32800,32799,00000,00000
BCN,3672,4095,066320,2,9,145315,2,9,32800,32799,00000,00000
BCN,3673,0000,066320,2,9,145315,2,9,32800,32799,00000,00000
BCN,3674,0000,066320,2,9,145315,2,9,32800,32799,00000,00000
BCN,3675,0000,066320,2,9,145315,2,9,32800,32799,00000,00000
BCN,3676,0000,066320,2,9,145315,2,9,32800,32799,00000,00000
BCN,3677,0000,066320,2,9,145315,2,9,32800,32799,00000,00000
BCN,3678,4095,060228,2,8,145308,2,9,32799,32799,00000,00000
BCN,3679,4095,060228,2,8,145308,2,9,32799,32799,00000,00000
BCN,3680,4095,060228,2,8,145308,2,9,32799,32799,00000,00000
BCN,3681,0000,060228,2,8,145308,2,9,32799,32799,00000,00000
BCN,3682,4095,060228,2,8,145308,2,9,32799,32799,00000,00000
BCN,3683,4095,060228,2,8,145308,2,9,32799,32799,00000,00000
BCN,3684,4095,064142,2,8,145302,2,9,32800,32799,00000,00000
BCN,3685,0000,064142,2,8,145302,2,9,32800,32799,00000,00000
BCN,3686,4095,064142,2,8,145302,2,9,32800,32799,00000,00000
BCN,3687,4095,064142,2,8,145302,2,9,32800,32799,00000,00000
BCN,3688,4095,064142,2,8,145302,2,9,32800,32799,00000,00000
BCN,3689,0000,064142,2,8,145302,2,9,32800,32799,00000,00000
BCN,3690,0000,066320,2,9,145298,2,9,32800,32799,00000,00000
BCN,3691,0000,066320,2,9,145298,2,9,32800,32799,00000,00000
BCN,3692,0000,066320,2,9,145298,2,9,32800,32799,00000,00000
BCN,3693,4095,066320,2,9,145298,2,9,32800,32799,00000,00000
BCN,3694,4095,066320,2,9,145298,2,9,32800,32799,00000,00000
BCN,3695,4095,066320,2,9,145298,2,9,32800,32799,00000,00000
BCN,3696,4095,060228,2,8,145295,2,9,32799,32799,00000,00000
BCN,3697,4095,060228,2,8,145295,2,9,32799,32799,00000,00000
BCN,3698,0000,060228,2,8,145295,2,9,32799,32799,00000,00000
BCN,3699,0000,060228,2,8,145295,2,9,32799,32799,00000,00000
BCN,3700,4095,060228,2,8,145295,2,9,32799,32799,00000,00000
BCN,3701,0000,060228,2,8,145295,2,9,32799,32799,00000,00000
BCN,3702,0000,064142,2,8,145293,2,9,32800,32799,00000,00000
BCN,3703,4095,064142,2,8,145293,2,9,32800,32799,00000,00000
BCN,3704,0000,064142,2,8,145293,2,9,32800,32799,00000,00000
BCN,3705,0000,064142,2,8,145293,2,9,32800,32799,00000,00000
BCN,3706,0000,064142,2,8,145293,2,9,32800,32799,00000,00000
BCN,3707,0000,064142,2,8,145293,2,9,32800,32799,00000,00000
BCN,3708,0000,066333,2,9,145291,2,9,32800,32799,00000,00000
BCN,3709,4095,066333,2,9,145291,2,9,32800,32799,00000,00000
BCN,3710,0000,066333,2,9,145291,2,9,32800,32799,00000,00000
BCN,3711,0000,066333,2,9,145291,2,9,32800,32799,00000,00000
BCN,3712,0000,066333,2,9,145291,2,9,32800,32799,00000,00000
BCN,3713,0000,066333,2,9,145291,2,9,32800,32799,00000,00000
BCN,3714,0000,066333,2,9,145291,2,9,32800,32799,00000,00000
BCN,3715,4095,060228,2,8,145290,2,9,32799,32799,00000,00000
BCN,3716,4095,060228,2,8,145290,2,9,32799,32799,00000,00000
BCN,3717,4095,060228,2,8,145290,2,9,32799,32799,00000,00000
BCN,3718,0000,060228,2,8,145290,2,9,32799,32799,00000,00000
BCN,3719,4095,060228,2,8,145290,2,9,32799,32799,00000,00000
BCN,3720,4095,060228,2,8,145290,2,9,32799,32799,00000,00000
BCN,3721,4095,064142,2,8,145289,2,9,32800,32799,00000,00000
BCN,3722,0000,064142,2,8,145289,2,9,32800,32799,00000,00000
BCN,3723,4095,064142,2,8,145289,2,9,32800,32799,00000,00000
BCN,3724,4095,064142,2,8,145289,2,9,32800,32799,00000,00000
BCN,3725,4095,064142,2,8,145289,2,9,32800,32799,00000,00000
BCN,3726,0000,064142,2,8,145289,2,9,32800,32799,00000,00000
BCN,3727,0000,066333,2,9,145288,2,9,32800,32799,00000,00000
BCN,3728,0000,066333,2,9,145288,2,9,32800,32799,00000,00000
BCN,3729,0000,066333,2,9,145288,2,9,32800,32799,00000,00000
BCN,3730,4095,066333,2,9,145288,2,9,32800,32799,00000,00000
BCN,3731,4095,066333,2,9,145288,2,9,32800,32799,00000,00000
BCN,3732,4095,066333,2,9,145288,2,9,32800,32799,00000,00000
BCN,3733,4095,060228,2,8,141204,2,9,32799,32799,00000,00000
BCN,3734,4095,060228,2,8,141204,2,9,32799,32799,00000,00000
BCN,3735,0000,060228,2,8,141204,2,9,32799,32799,00000,00000
BCN,3736,0000,060228,2,8,141204,2,9,32799,32799,00000,00000
BCN,3737,4095,060228,2,8,141204,2,9,32799,32799,00000,00000
BCN,3738,0000,060228,2,8,141204,2,9,32799,32799,00000,00000
BCN,3739,0000,066281,2,9,141213,2,9,32800,32799,00000,00000
BCN,3740,4095,066281,2,9,141213,2,9,32800,32799,00000,00000
BCN,3741,0000,066281,2,9,141213,2,9,32800,32799,00000,00000
BCN,3742,0000,066281,2,9,141213,2,9,32800,32799,00000,00000
BCN,3743,0000,066281,2,9,141213,2,9,32800,32799,00000,00000
BCN,3744,0000,066281,2,9,141213,2,9,32800,32799,00000,00000
BCN,3745,0000,066216,2,9,141220,2,9,32800,32799,00000,00000
BCN,3746,4095,066216,2,9,141220,2,9,32800,32799,00000,00000
BCN,3747,4095,066216,2,9,141220,2,9,32800,32799,00000,00000
BCN,3748,0000,066216,2,9,141220,2,9,32800,32799,00000,00000
BCN,3749,0000,066216,2,9,141220,2,9,32800,32799,00000,00000
BCN,3750,0000,066216,2,9,141220,2,9,32800,32799,00000,00000
BCN,3751,0000,066216,2,9,141220,2,9,32800,32799,00000,00000
BCN,3752,4095,062055,2,8,137144,2,9,32800,32799,00000,00000
BCN,3753,4095,062055,2,8,137144,2,9,32800,32799,00000,00000
BCN,3754,4095,062055,2,8,137144,2,9,32800,32799,00000,00000
BCN,3755,0000,062055,2,8,137144,2,9,32800,32799,00000,00000
BCN,3756,4095,062055,2,8,137144,2,9,32800,32799,00000,00000
BCN,3757,4095,062055,2,8,137144,2,9,32800,32799,00000,00000
BCN,3758,4095,064012,2,8,137159,2,9,32799,32799,00000,00000
BCN,3759,0000,064012,2,8,137159,2,9,32799,32799,00000,00000
BCN,3760,4095,064012,2,8,137159,2,9,32799,32799,00000,00000
BCN,3761,4095,064012,2,8,137159,2,9,32799,32799,00000,00000
BCN,3762,4095,064012,2,8,137159,2,9,32799,32799,00000,00000
BCN,3763,0000,064012,2,8,137159,2,9,32799,32799,00000,00000
BCN,3764,0000,059851,2,8,133087,2,8,32799,32799,00000,00000
BCN,3765,0000,059851,2,8,133087,2,8,32799,32799,00000,00000
BCN,3766,0000,059851,2,8,133087,2,8,32799,32799,00000,00000
BCN,3767,4095,059851,2,8,133087,2,8,32799,32799,00000,00000
BCN,3768,4095,059851,2,8,133087,2,8,32799,32799,00000,00000
BCN,3769,4095,059851,2,8,133087,2,8,32799,32799,00000,00000
BCN,3770,4095,070091,2,9,129025,2,8,32800,32799,00000,00000
BCN,3771,4095,070091,2,9,129025,2,8,32800,32799,00000,00000
BCN,3772,0000,070091,2,9,129025,2,8,32800,32799,00000,00000
BCN,3773,0000,070091,2,9,129025,2,8,32800,32799,00000,00000
BCN,3774,4095,070091,2,9,129025,2,8,32800,32799,00000,00000
BCN,3775,0000,070091,2,9,129025,2,8,32800,32799,00000,00000
BCN,3776,0000,063869,2,8,129050,2,8,32800,32799,00000,00000
BCN,3777,4095,063869,2,8,129050,2,8,32800,32799,00000,00000
BCN,3778,0000,063869,2,8,129050,2,8,32800,32799,00000,00000
BCN,3779,0000,063869,2,8,129050,2,8,32800,32799,00000,00000
BCN,3780,0000,063869,2,8,129050,2,8,32800,32799,00000,00000
BCN,3781,0000,063869,2,8,129050,2,8,32800,32799,00000,00000
BCN,3782,0000,065930,2,9,129068,2,8,32800,32799,00000,00000
BCN,3783,4095,065930,2,9,129068,2,8,32800,32799,00000,00000
BCN,3784,4095,065930,2,9,129068,2,8,32800,32799,00000,00000
BCN,3785,4095,065930,2,9,129068,2,8,32800,32799,00000,00000
BCN,3786,0000,065930,2,9,129068,2,8,32800,32799,00000,00000
BCN,3787,0000,065930,2,9,129068,2,8,32800,32799,00000,00000
BCN,3788,0000,065930,2,9,129068,2,8,32800,32799,00000,00000
BCN,3789,4095,059929,2,8,129082,2,8,32799,32799,00000,00000
BCN,3790,4095,059929,2,8,129082,2,8,32799,32799,00000,00000
BCN,3791,4095,059929,2,8,129082,2,8,32799,32799,00000,00000
BCN,3792,0000,059929,2,8,129082,2,8,32799,32799,00000,00000
BCN,3793,4095,059929,2,8,129082,2,8,32799,32799,00000,00000
BCN,3794,4095,059929,2,8,129082,2,8,32799,32799,00000,00000
BCN,3795,4095,066060,2,9,129092,2,8,32800,32799,00000,00000
BCN,3796,0000,066060,2,9,129092,2,8,32800,32799,00000,00000
BCN,3797,4095,066060,2,9,129092,2,8,32800,32799,00000,00000
BCN,3798,4095,066060,2,9,129092,2,8,32800,32799,00000,00000
BCN,3799,4095,066060,2,9,129092,2,8,32800,32799,00000,00000
BCN,3800,0000,066060,2,9,129092,2,8,32800,32799,00000,00000
BCN,3801,0000,066229,2,9,125021,2,8,32800,32799,00000,00000
BCN,3802,0000,066229,2,9,125021,2,8,32800,32799,00000,00000
BCN,3803,0000,066229,2,9,125021,2,8,32800,32799,00000,00000
BCN,3804,4095,066229,2,9,125021,2,8,32800,32799,00000,00000
BCN,3805,4095,066229,2,9,125021,2,8,32800,32799,00000,00000
BCN,3806,4095,066229,2,9,125021,2,8,32800,32799,00000,00000
BCN,3807,4095,060150,2,8,125038,2,8,32799,32799,00000,00000
BCN,3808,4095,060150,2,8,125038,2,8,32799,32799,00000,00000
BCN,3809,0000,060150,2,8,125038,2,8,32799,32799,00000,00000
BCN,3810,0000,060150,2,8,125038,2,8,32799,32799,00000,00000
BCN,3811,4095,060150,2,8,125038,2,8,32799,32799,00000,00000
BCN,3812,0000,060150,2,8,125038,2,8,32799,32799,00000,00000
BCN,3813,0000,064090,2,8,125052,2,8,32800,32799,00000,00000
BCN,3814,4095,064090,2,8,125052,2,8,32800,32799,00000,00000
BCN,3815,0000,064090,2,8,125052,2,8,32800,32799,00000,00000
BCN,3816,0000,064090,2,8,125052,2,8,32800,32799,00000,00000
BCN,3817,0000,064090,2,8,125052,2,8,32800,32799,00000,00000
BCN,3818,0000,064090,2,8,125052,2,8,32800,32799,00000,00000
BCN,3819,0000,066294,2,9,120981,2,8,32800,32799,00000,00000
BCN,3820,4095,066294,2,9,120981,2,8,32800,32799,00000,00000
BCN,3821,4095,066294,2,9,120981,2,8,32800,32799,00000,00000
BCN,3822,4095,066294,2,9,120981,2,8,32800,32799,00000,00000
BCN,3823,0000,066294,2,9,120981,2,8,32800,32799,00000,00000
BCN,3824,4095,066294,2,9,120981,2,8,32800,32799,00000,00000
BCN,3825,4095,066294,2,9,120981,2,8,32800,32799,00000,00000
BCN,3826,4095,062159,2,8,120998,2,8,32799,32799,00000,00000
BCN,3827,4095,062159,2,8,120998,2,8,32799,32799,00000,00000
BCN,3828,4095,062159,2,8,120998,2,8,32799,32799,00000,00000
BCN,3829,0000,062159,2,8,120998,2,8,32799,32799,00000,00000
BCN,3830,4095,062159,2,8,120998,2,8,32799,32799,00000,00000
BCN,3831,4095,062159,2,8,120998,2,8,32799,32799,00000,00000
BCN,3832,4095,064064,2,8,116932,2,7,32800,32799,00000,00000
BCN,3833,0000,064064,2,8,116932,2,7,32800,32799,00000,00000
BCN,3834,4095,064064,2,8,116932,2,7,32800,32799,00000,00000
BCN,3835,4095,064064,2,8,116932,2,7,32800,32799,00000,00000
BCN,3836,4095,064064,2,8,116932,2,7,32800,32799,00000,00000
BCN,3837,0000,064064,2,8,116932,2,7,32800,32799,00000,00000
BCN,3838,0000,066268,2,9,116951,2,7,32800,32799,00000,00000
BCN,3839,0000,066268,2,9,116951,2,7,32800,32799,00000,00000
BCN,3840,0000,066268,2,9,116951,2,7,32800,32799,00000,00000
BCN,3841,4095,066268,2,9,116951,2,7,32800,32799,00000,00000
BCN,3842,4095,066268,2,9,116951,2,7,32800,32799,00000,00000
BCN,3843,4095,066268,2,9,116951,2,7,32800,32799,00000,00000
BCN,3844,4095,062146,2,8,121041,2,8,32799,32800,00000,00000
BCN,3845,4095,062146,2,8,121041,2,8,32799,32800,00000,00000
BCN,3846,0000,062146,2,8,121041,2,8,32799,32800,00000,00000
BCN,3847,0000,062146,2,8,121041,2,8,32799,32800,00000,00000
BCN,3848,4095,062146,2,8,121041,2,8,32799,32800,00000,00000
BCN,3849,0000,062146,2,8,121041,2,8,32799,32800,00000,00000
BCN,3850,0000,064051,2,8,131877,2,8,32800,32799,00000,00000
BCN,3851,4095,064051,2,8,131877,2,8,32800,32799,00000,00000
BCN,3852,0000,064051,2,8,131877,2,8,32800,32799,00000,00000
BCN,3853,0000,064051,2,8,131877,2,8,32800,32799,00000,00000
BCN,3854,0000,064051,2,8,131877,2,8,32800,32799,00000,00000
BCN,3855,0000,064051,2,8,131877,2,8,32800,32799,00000,00000
BCN,3856,0000,066255,2,9,121045,2,8,32800,32799,00000,00000
BCN,3857,4095,066255,2,9,121045,2,8,32800,32799,00000,00000
BCN,3858,4095,066255,2,9,121045,2,8,32800,32799,00000,00000
BCN,3859,4095,066255,2,9,121045,2,8,32800,32799,00000,00000
BCN,3860,0000,066255,2,9,121045,2,8,32800,32799,00000,00000
BCN,3861,4095,066255,2,9,121045,2,8,32800,32799,00000,00000
BCN,3862,4095,066255,2,9,121045,2,8,32800,32799,00000,00000
BCN,3863,4095,064090,2,8,121190,2,8,32799,32799,00000,00000
BCN,3864,0000,064090,2,8,121190,2,8,32799,32799,00000,00000
BCN,3865,4095,064090,2,8,121190,2,8,32799,32799,00000,00000
BCN,3866,0000,064090,2,8,121190,2,8,32799,32799,00000,00000
BCN,3867,4095,064090,2,8,121190,2,8,32799,32799,00000,00000
BCN,3868,4095,064090,2,8,121190,2,8,32799,32799,00000,00000
BCN,3869,4095,061821,2,8,129210,2,8,32800,32799,00000,00000
BCN,3870,0000,061821,2,8,129210,2,8,32800,32799,00000,00000
BCN,3871,4095,061821,2,8,129210,2,8,32800,32799,00000,00000
BCN,3872,4095,061821,2,8,129210,2,8,32800,32799,00000,00000
BCN,3873,4095,061821,2,8,129210,2,8,32800,32799,00000,00000
BCN,3874,0000,061821,2,8,129210,2,8,32800,32799,00000,00000
BCN,3875,0000,063986,2,8,129191,2,8,32800,32799,00000,00000
BCN,3876,0000,063986,2,8,129191,2,8,32800,32799,00000,00000
BCN,3877,0000,063986,2,8,129191,2,8,32800,32799,00000,00000
BCN,3878,4095,063986,2,8,129191,2,8,32800,32799,00000,00000
BCN,3879,4095,063986,2,8,129191,2,8,32800,32799,00000,00000
BCN,3880,4095,063986,2,8,129191,2,8,32800,32799,00000,00000
BCN,3881,4095,063921,2,8,129177,2,8,32799,32799,00000,00000
BCN,3882,4095,063921,2,8,129177,2,8,32799,32799,00000,00000
BCN,3883,0000,063921,2,8,129177,2,8,32799,32799,00000,00000
BCN,3884,0000,063921,2,8,129177,2,8,32799,32799,00000,00000
BCN,3885,4095,063921,2,8,129177,2,8,32799,32799,00000,00000
BCN,3886,0000,063921,2,8,129177,2,8,32799,32799,00000,00000
BCN,3887,0000,059786,2,8,129166,2,8,32799,32799,00000,00000
BCN,3888,4095,059786,2,8,129166,2,8,32799,32799,00000,00000
BCN,3889,0000,059786,2,8,129166,2,8,32799,32799,00000,00000
BCN,3890,0000,059786,2,8,129166,2,8,32799,32799,00000,00000
BCN,3891,0000,059786,2,8,129166,2,8,32799,32799,00000,00000
BCN,3892,0000,059786,2,8,129166,2,8,32799,32799,00000,00000
BCN,3893,0000,070039,2,9,129162,2,8,32800,32799,00000,00000
BCN,3894,4095,070039,2,9,129162,2,8,32800,32799,00000,00000
BCN,3895,4095,070039,2,9,129162,2,8,32800,32799,00000,00000
BCN,3896,4095,070039,2,9,129162,2,8,32800,32799,00000,00000
BCN,3897,0000,070039,2,9,129162,2,8,32800,32799,00000,00000
BCN,3898,4095,070039,2,9,129162,2,8,32800,32799,00000,00000
BCN,3899,4095,070039,2,9,129162,2,8,32800,32799,00000,00000
BCN,3900,4095,063830,2,8,129152,2,8,32800,32799,00000,00000
BCN,3901,0000,063830,2,8,129152,2,8,32800,32799,00000,00000
BCN,3902,4095,063830,2,8,129152,2,8,32800,32799,00000,00000
BCN,3903,0000,063830,2,8,129152,2,8,32800,32799,00000,00000
BCN,3904,4095,063830,2,8,129152,2,8,32800,32799,00000,00000
BCN,3905,4095,063830,2,8,129152,2,8,32800,32799,00000,00000
BCN,3906,4095,067861,2,9,133228,2,8,32800,32799,00000,00000
BCN,3907,0000,067861,2,9,133228,2,8,32800,32799,00000,00000
BCN,3908,4095,067861,2,9,133228,2,8,32800,32799,00000,00000
BCN,3909,4095,067861,2,9,133228,2,8,32800,32799,00000,00000
BCN,3910,4095,067861,2,9,133228,2,8,32800,32799,00000,00000
BCN,3911,0000,067861,2,9,133228,2,8,32800,32799,00000,00000
BCN,3912,0000,061756,2,8,133213,2,8,32800,32799,00000,00000
BCN,3913,0000,061756,2,8,133213,2,8,32800,32799,00000,00000
BCN,3914,0000,061756,2,8,133213,2,8,32800,32799,00000,00000
BCN,3915,4095,061756,2,8,133213,2,8,32800,32799,00000,00000
BCN,3916,4095,061756,2,8,133213,2,8,32800,32799,00000,00000
BCN,3917,4095,061756,2,8,133213,2,8,32800,32799,00000,00000
BCN,3918,4095,063791,2,8,133203,2,8,32799,32799,00000,00000
BCN,3919,4095,063791,2,8,133203,2,8,32799,32799,00000,00000
BCN,3920,0000,063791,2,8,133203,2,8,32799,32799,00000,00000
BCN,3921,0000,063791,2,8,133203,2,8,32799,32799,00000,00000
BCN,3922,4095,063791,2,8,133203,2,8,32799,32799,00000,00000
BCN,3923,0000,063791,2,8,133203,2,8,32799,32799,00000,00000
BCN,3924,0000,059682,2,8,137303,2,9,32799,32799,00000,00000
BCN,3925,4095,059682,2,8,137303,2,9,32799,32799,00000,00000
BCN,3926,0000,059682,2,8,137303,2,9,32799,32799,00000,00000
BCN,3927,0000,059682,2,8,137303,2,9,32799,32799,00000,00000
BCN,3928,0000,059682,2,8,137303,2,9,32799,32799,00000,00000
BCN,3929,0000,059682,2,8,137303,2,9,32799,32799,00000,00000
BCN,3930,0000,069961,2,9,137307,2,9,32800,32799,00000,00000
BCN,3931,4095,069961,2,9,137307,2,9,32800,32799,00000,00000
BCN,3932,4095,069961,2,9,137307,2,9,32800,32799,00000,00000
BCN,3933,4095,069961,2,9,137307,2,9,32800,32799,00000,00000
BCN,3934,0000,069961,2,9,137307,2,9,32800,32799,00000,00000
BCN,3935,4095,069961,2,9,137307,2,9,32800,32799,00000,00000
BCN,3936,4095,069961,2,9,137307,2,9,32800,32799,00000,00000
BCN,3937,4095,063778,2,8,137309,2,9,32800,32799,00000,00000
BCN,3938,0000,063778,2,8,137309,2,9,32800,32799,00000,00000
BCN,3939,4095,063778,2,8,137309,2,9,32800,32799,00000,00000
BCN,3940,4095,063778,2,8,137309,2,9,32800,32799,00000,00000
BCN,3941,4095,063778,2,8,137309,2,9,32800,32799,00000,00000
BCN,3942,4095,063778,2,8,137309,2,9,32800,32799,00000,00000
BCN,3943,4095,065865,2,9,137312,2,9,32800,32799,00000,00000
BCN,3944,0000,065865,2,9,137312,2,9,32800,32799,00000,00000
BCN,3945,4095,065865,2,9,137312,2,9,32800,32799,00000,00000
BCN,3946,4095,065865,2,9,137312,2,9,32800,32799,00000,00000
BCN,3947,4095,065865,2,9,137312,2,9,32800,32799,00000,00000
BCN,3948,0000,065865,2,9,137312,2,9,32800,32799,00000,00000
BCN,3949,0000,061795,2,8,137313,2,9,32800,32799,00000,00000
BCN,3950,0000,061795,2,8,137313,2,9,32800,32799,00000,00000
BCN,3951,0000,061795,2,8,137313,2,9,32800,32799,00000,00000
BCN,3952,4095,061795,2,8,137313,2,9,32800,32799,00000,00000
BCN,3953,4095,061795,2,8,137313,2,9,32800,32799,00000,00000
BCN,3954,4095,061795,2,8,137313,2,9,32800,32799,00000,00000
BCN,3955,4095,065956,2,9,137314,2,9,32799,32799,00000,00000
BCN,3956,4095,065956,2,9,137314,2,9,32799,32799,00000,00000
BCN,3957,0000,065956,2,9,137314,2,9,32799,32799,00000,00000
BCN,3958,0000,065956,2,9,137314,2,9,32799,32799,00000,00000
BCN,3959,4095,065956,2,9,137314,2,9,32799,32799,00000,00000
BCN,3960,0000,065956,2,9,137314,2,9,32799,32799,00000,00000
BCN,3961,0000,064064,2,8,137315,2,9,32799,32799,00000,00000
BCN,3962,4095,064064,2,8,137315,2,9,32799,32799,00000,00000
BCN,3963,0000,064064,2,8,137315,2,9,32799,32799,00000,00000
BCN,3964,0000,064064,2,8,137315,2,9,32799,32799,00000,00000
BCN,3965,0000,064064,2,8,137315,2,9,32799,32799,00000,00000
BCN,3966,0000,064064,2,8,137315,2,9,32799,32799,00000,00000
BCN,3967,0000,072321,2,9,137316,2,9,32800,32799,00000,00000
BCN,3968,4095,072321,2,9,137316,2,9,32800,32799,00000,00000
BCN,3969,4095,072321,2,9,137316,2,9,32800,32799,00000,00000
BCN,3970,4095,072321,2,9,137316,2,9,32800,32799,00000,00000
BCN,3971,0000,072321,2,9,137316,2,9,32800,32799,00000,00000
BCN,3972,4095,072321,2,9,137316,2,9,32800,32799,00000,00000
BCN,3973,4095,072321,2,9,137316,2,9,32800,32799,00000,00000
BCN,3974,4095,068095,2,9,137316,2,9,32800,32799,00000,00000
BCN,3975,0000,068095,2,9,137316,2,9,32800,32799,00000,00000
BCN,3976,4095,068095,2,9,137316,2,9,32800,32799,00000,00000
BCN,3977,4095,068095,2,9,137316,2,9,32800,32799,00000,00000
BCN,3978,4095,068095,2,9,137316,2,9,32800,32799,00000,00000
BCN,3979,4095,068095,2,9,137316,2,9,32800,32799,00000,00000
BCN,3980,4095,066216,2,9,137334,2,9,32800,32799,00000,00000
BCN,3981,0000,066216,2,9,137334,2,9,32800,32799,00000,00000
BCN,3982,4095,066216,2,9,137334,2,9,32800,32799,00000,00000
BCN,3983,4095,066216,2,9,137334,2,9,32800,32799,00000,00000
BCN,3984,4095,066216,2,9,137334,2,9,32800,32799,00000,00000
BCN,3985,0000,066216,2,9,137334,2,9,32800,32799,00000,00000
BCN,3986,0000,060150,2,8,137317,2,9,32799,32799,00000,00000
BCN,3987,0000,060150,2,8,137317,2,9,32799,32799,00000,00000
BCN,3988,0000,060150,2,8,137317,2,9,32799,32799,00000,00000
BCN,3989,4095,060150,2,8,137317,2,9,32799,32799,00000,00000
BCN,3990,4095,060150,2,8,137317,2,9,32799,32799,00000,00000
BCN,3991,4095,060150,2,8,137317,2,9,32799,32799,00000,00000
BCN,3992,4095,064090,2,8,141406,2,9,32800,32799,00000,00000
BCN,3993,4095,064090,2,8,141406,2,9,32800,32799,00000,00000
BCN,3994,0000,064090,2,8,141406,2,9,32800,32799,00000,00000
BCN,3995,0000,064090,2,8,141406,2,9,32800,32799,00000,00000
BCN,3996,4095,064090,2,8,141406,2,9,32800,32799,00000,00000
BCN,3997,0000,064090,2,8,141406,2,9,32800,32799,00000,00000
BCN,3998,0000,066281,2,9,141387,2,9,32800,32799,00000,00000
BCN,3999,4095,066281,2,9,141387,2,9,32800,32799,00000,00000
BCN,4000,0000,066281,2,9,141387,2,9,32800,32799,00000,00000
BCN,4001,0000,066281,2,9,141387,2,9,32800,32799,00000,00000
BCN,4002,0000,066281,2,9,141387,2,9,32800,32799,00000,00000
BCN,4003,0000,066281,2,9,141387,2,9,32800,32799,00000,00000
BCN,4004,0000,060189,2,8,141388,2,9,32799,32799,00000,00000
BCN,4005,4095,060189,2,8,141388,2,9,32799,32799,00000,00000
BCN,4006,4095,060189,2,8,141388,2,9,32799,32799,00000,00000
BCN,4007,4095,060189,2,8,141388,2,9,32799,32799,00000,00000
BCN,4008,0000,060189,2,8,141388,2,9,32799,32799,00000,00000
BCN,4009,4095,060189,2,8,141388,2,9,32799,32799,00000,00000
BCN,4010,4095,060189,2,8,141388,2,9,32799,32799,00000,00000
BCN,4011,4095,064116,2,8,145453,2,9,32800,32799,00000,00000
BCN,4012,0000,064116,2,8,145453,2,9,32800,32799,00000,00000
BCN,4013,4095,064116,2,8,145453,2,9,32800,32799,00000,00000
BCN,4014,4095,064116,2,8,145453,2,9,32800,32799,00000,00000
BCN,4015,4095,064116,2,8,145453,2,9,32800,32799,00000,00000
BCN,4016,0000,064116,2,8,145453,2,9,32800,32799,00000,00000
BCN,4017,0000,066307,2,9,145508,2,9,32800,32799,00000,00000
BCN,4018,0000,066307,2,9,145508,2,9,32800,32799,00000,00000
BCN,4019,4095,066307,2,9,145508,2,9,32800,32799,00000,00000
BCN,4020,4095,066307,2,9,145508,2,9,32800,32799,00000,00000
BCN,4021,4095,066307,2,9,145508,2,9,32800,32799,00000,00000
BCN,4022,0000,066307,2,9,145508,2,9,32800,32799,00000,00000
BCN,4023,0000,060215,2,8,145425,2,9,32799,32799,00000,00000
BCN,4024,0000,060215,2,8,145425,2,9,32799,32799,00000,00000
BCN,4025,0000,060215,2,8,145425,2,9,32799,32799,00000,00000
BCN,4026,4095,060215,2,8,145425,2,9,32799,32799,00000,00000
BCN,4027,4095,060215,2,8,145425,2,9,32799,32799,00000,00000
BCN,4028,4095,060215,2,8,145425,2,9,32799,32799,00000,00000
BCN,4029,4095,064129,2,8,149497,2,9,32800,32799,00000,00000
BCN,4030,4095,064129,2,8,149497,2,9,32800,32799,00000,00000
BCN,4031,0000,064129,2,8,149497,2,9,32800,32799,00000,00000
BCN,4032,0000,064129,2,8,149497,2,9,32800,32799,00000,00000
BCN,4033,4095,064129,2,8,149497,2,9,32800,32799,00000,00000
BCN,4034,0000,064129,2,8,149497,2,9,32800,32799,00000,00000
BCN,4035,0000,066320,2,9,149480,2,9,32800,32799,00000,00000
BCN,4036,4095,066320,2,9,149480,2,9,32800,32799,00000,00000
BCN,4037,0000,066320,2,9,149480,2,9,32800,32799,00000,00000
BCN,4038,0000,066320,2,9,149480,2,9,32800,32799,00000,00000
BCN,4039,0000,066320,2,9,149480,2,9,32800,32799,00000,00000
BCN,4040,0000,066320,2,9,149480,2,9,32800,32799,00000,00000
BCN,4041,0000,060215,2,8,149468,2,9,32799,32799,00000,00000
BCN,4042,4095,060215,2,8,149468,2,9,32799,32799,00000,00000
BCN,4043,4095,060215,2,8,149468,2,9,32799,32799,00000,00000
BCN,4044,4095,060215,2,8,149468,2,9,32799,32799,00000,00000
BCN,4045,0000,060215,2,8,149468,2,9,32799,32799,00000,00000
BCN,4046,4095,060215,2,8,149468,2,9,32799,32799,00000,00000
BCN,4047,4095,060215,2,8,149468,2,9,32799,32799,00000,00000
BCN,4048,4095,064142,2,8,149459,2,9,32800,32799,00000,00000
BCN,4049,0000,064142,2,8,149459,2,9,32800,32799,00000,00000
BCN,4050,4095,064142,2,8,149459,2,9,32800,32799,00000,00000
BCN,4051,4095,064142,2,8,149459,2,9,32800,32799,00000,00000
BCN,4052,4095,064142,2,8,149459,2,9,32800,32799,00000,00000
BCN,4053,0000,064142,2,8,149459,2,9,32800,32799,00000,00000
BCN,4054,0000,066320,2,9,149452,2,9,32800,32799,00000,00000
BCN,4055,0000,066320,2,9,149452,2,9,32800,32799,00000,00000
BCN,4056,4095,066320,2,9,149452,2,9,32800,32799,00000,00000
BCN,4057,4095,066320,2,9,149452,2,9,32800,32799,00000,00000
BCN,4058,4095,066320,2,9,149452,2,9,32800,32799,00000,00000
BCN,4059,0000,066320,2,9,149452,2,9,32800,32799,00000,00000
BCN,4060,0000,060228,2,8,149446,2,9,32799,32799,00000,00000
BCN,4061,0000,060228,2,8,149446,2,9,32799,32799,00000,00000
BCN,4062,0000,060228,2,8,149446,2,9,32799,32799,00000,00000
BCN,4063,4095,060228,2,8,149446,2,9,32799,32799,00000,00000
BCN,4064,4095,060228,2,8,149446,2,9,32799,32799,00000,00000
BCN,4065,4095,060228,2,8,149446,2,9,32799,32799,00000,00000
BCN,4066,4095,066281,2,9,149442,2,9,32800,32799,00000,00000
BCN,4067,4095,066281,2,9,149442,2,9,32800,32799,00000,00000
BCN,4068,0000,066281,2,9,149442,2,9,32800,32799,00000,00000
BCN,4069,0000,066281,2,9,149442,2,9,32800,32799,00000,00000
BCN,4070,4095,066281,2,9,149442,2,9,32800,32799,00000,00000
BCN,4071,0000,066281,2,9,149442,2,9,32800,32799,00000,00000
BCN,4072,0000,064259,2,8,149430,2,9,32800,32799,00000,00000
BCN,4073,4095,064259,2,8,149430,2,9,32800,32799,00000,00000
BCN,4074,0000,064259,2,8,149430,2,9,32800,32799,00000,00000
BCN,4075,0000,064259,2,8,149430,2,9,32800,32799,00000,00000
BCN,4076,0000,064259,2,8,149430,2,9,32800,32799,00000,00000
BCN,4077,0000,064259,2,8,149430,2,9,32800,32799,00000,00000
BCN,4078,0000,062120,2,8,149437,2,9,32800,32799,00000,00000
BCN,4079,4095,062120,2,8,149437,2,9,32800,32799,00000,00000
BCN,4080,4095,062120,2,8,149437,2,9,32800,32799,00000,00000
BCN,4081,4095,062120,2,8,149437,2,9,32800,32799,00000,00000
BCN,4082,0000,062120,2,8,149437,2,9,32800,32799,00000,00000
BCN,4083,4095,062120,2,8,149437,2,9,32800,32799,00000,00000
BCN,4084,4095,062120,2,8,149437,2,9,32800,32799,00000,00000
BCN,4085,4095,064064,2,8,145328,2,9,32799,32799,00000,00000
BCN,4086,0000,064064,2,8,145328,2,9,32799,32799,00000,00000
BCN,4087,4095,064064,2,8,145328,2,9,32799,32799,00000,00000
BCN,4088,4095,064064,2,8,145328,2,9,32799,32799,00000,00000
BCN,4089,4095,064064,2,8,145328,2,9,32799,32799,00000,00000
BCN,4090,0000,064064,2,8,145328,2,9,32799,32799,00000,00000
BCN,4091,0000,059890,2,8,145317,2,9,32799,32799,00000,00000
BCN,4092,0000,059890,2,8,145317,2,9,32799,32799,00000,00000
BCN,4093,0000,059890,2,8,145317,2,9,32799,32799,00000,00000
BCN,4094,4095,059890,2,8,145317,2,9,32799,32799,00000,00000
BCN,4095,4095,059890,2,8,145317,2,9,32799,32799,00000,00000
BCN,4096,0000,059890,2,8,145317,2,9,32799,32799,00000,00000
BCN,4097,0000,070117,2,9,145309,2,9,32800,32799,00000,00000
BCN,4098,0000,070117,2,9,145309,2,9,32800,32799,00000,00000
BCN,4099,0000,070117,2,9,145309,2,9,32800,32799,00000,00000
BCN,4100,4095,070117,2,9,145309,2,9,32800,32799,00000,00000
BCN,4101,4095,070117,2,9,145309,2,9,32800,32799,00000,00000
BCN,4102,4095,070117,2,9,145309,2,9,32800,32799,00000,00000
BCN,4103,4095,061886,2,8,145303,2,9,32800,32799,00000,00000
BCN,4104,4095,061886,2,8,145303,2,9,32800,32799,00000,00000
BCN,4105,0000,061886,2,8,145303,2,9,32800,32799,00000,00000
BCN,4106,0000,061886,2,8,145303,2,9,32800,32799,00000,00000
BCN,4107,4095,061886,2,8,145303,2,9,32800,32799,00000,00000
BCN,4108,0000,061886,2,8,145303,2,9,32800,32799,00000,00000
BCN,4109,0000,063895,2,8,145299,2,9,32799,32799,00000,00000
BCN,4110,4095,063895,2,8,145299,2,9,32799,32799,00000,00000
BCN,4111,0000,063895,2,8,145299,2,9,32799,32799,00000,00000
BCN,4112,0000,063895,2,8,145299,2,9,32799,32799,00000,00000
BCN,4113,0000,063895,2,8,145299,2,9,32799,32799,00000,00000
BCN,4114,0000,063895,2,8,145299,2,9,32799,32799,00000,00000
BCN,4115,0000,059747,2,8,145296,2,9,32799,32799,00000,00000
BCN,4116,4095,059747,2,8,145296,2,9,32799,32799,00000,00000
BCN,4117,4095,059747,2,8,145296,2,9,32799,32799,00000,00000
BCN,4118,4095,059747,2,8,145296,2,9,32799,32799,00000,00000
BCN,4119,0000,059747,2,8,145296,2,9,32799,32799,00000,00000
BCN,4120,4095,059747,2,8,145296,2,9,32799,32799,00000,00000
BCN,4121,4095,059747,2,8,145296,2,9,32799,32799,00000,00000
BCN,4122,4095,070013,2,9,145293,2,9,32800,32799,00000,00000
BCN,4123,0000,070013,2,9,145293,2,9,32800,32799,00000,00000
BCN,4124,4095,070013,2,9,145293,2,9,32800,32799,00000,00000
BCN,4125,4095,070013,2,9,145293,2,9,32800,32799,00000,00000
BCN,4126,4095,070013,2,9,145293,2,9,32800,32799,00000,00000
BCN,4127,0000,070013,2,9,145293,2,9,32800,32799,00000,00000
BCN,4128,0000,063817,2,8,145291,2,9,32800,32799,00000,00000
BCN,4129,0000,063817,2,8,145291,2,9,32800,32799,00000,00000
BCN,4130,0000,063817,2,8,145291,2,9,32800,32799,00000,00000
BCN,4131,4095,063817,2,8,145291,2,9,32800,32799,00000,00000
BCN,4132,4095,063817,2,8,145291,2,9,32800,32799,00000,00000
BCN,4133,0000,063817,2,8,145291,2,9,32800,32799,00000,00000
BCN,4134,0000,067848,2,9,145290,2,9,32800,32799,00000,00000
BCN,4135,0000,067848,2,9,145290,2,9,32800,32799,00000,00000
BCN,4136,0000,067848,2,9,145290,2,9,32800,32799,00000,00000
BCN,4137,4095,067848,2,9,145290,2,9,32800,32799,00000,00000
BCN,4138,4095,067848,2,9,145290,2,9,32800,32799,00000,00000
BCN,4139,4095,067848,2,9,145290,2,9,32800,32799,00000,00000
BCN,4140,4095,061743,2,8,145289,2,9,32800,32799,00000,00000
BCN,4141,4095,061743,2,8,145289,2,9,32800,32799,00000,00000
BCN,4142,0000,061743,2,8,145289,2,9,32800,32799,00000,00000
BCN,4143,0000,061743,2,8,145289,2,9,32800,32799,00000,00000
BCN,4144,4095,061743,2,8,145289,2,9,32800,32799,00000,00000
BCN,4145,0000,061743,2,8,145289,2,9,32800,32799,00000,00000
BCN,4146,0000,063778,2,8,145288,2,9,32799,32799,00000,00000
BCN,4147,4095,063778,2,8,145288,2,9,32799,32799,00000,00000
BCN,4148,0000,063778,2,8,145288,2,9,32799,32799,00000,00000
BCN,4149,0000,063778,2,8,145288,2,9,32799,32799,00000,00000
BCN,4150,0000,063778,2,8,145288,2,9,32799,32799,00000,00000
BCN,4151,0000,063778,2,8,145288,2,9,32799,32799,00000,00000
BCN,4152,0000,059669,2,8,145287,2,9,32799,32799,00000,00000
BCN,4153,4095,059669,2,8,145287,2,9,32799,32799,00000,00000
BCN,4154,4095,059669,2,8,145287,2,9,32799,32799,00000,00000
BCN,4155,4095,059669,2,8,145287,2,9,32799,32799,00000,00000
BCN,4156,0000,059669,2,8,145287,2,9,32799,32799,00000,00000
BCN,4157,4095,059669,2,8,145287,2,9,32799,32799,00000,00000
BCN,4158,4095,059669,2,8,145287,2,9,32799,32799,00000,00000
BCN,4159,4095,069961,2,9,141204,2,9,32800,32799,00000,00000
BCN,4160,0000,069961,2,9,141204,2,9,32800,32799,00000,00000
BCN,4161,4095,069961,2,9,141204,2,9,32800,32799,00000,00000
BCN,4162,4095,069961,2,9,141204,2,9,32800,32799,00000,00000
BCN,4163,4095,069961,2,9,141204,2,9,32800,32799,00000,00000
BCN,4164,0000,069961,2,9,141204,2,9,32800,32799,00000,00000
BCN,4165,0000,063765,2,8,141213,2,9,32800,32799,00000,00000
BCN,4166,0000,063765,2,8,141213,2,9,32800,32799,00000,00000
BCN,4167,0000,063765,2,8,141213,2,9,32800,32799,00000,00000
BCN,4168,4095,063765,2,8,141213,2,9,32800,32799,00000,00000
BCN,4169,4095,063765,2,8,141213,2,9,32800,32799,00000,00000
BCN,4170,4095,063765,2,8,141213,2,9,32800,32799,00000,00000
BCN,4171,0000,067809,2,9,137139,2,9,32800,32799,00000,00000
BCN,4172,0000,067809,2,9,137139,2,9,32800,32799,00000,00000
BCN,4173,0000,067809,2,9,137139,2,9,32800,32799,00000,00000
BCN,4174,4095,067809,2,9,137139,2,9,32800,32799,00000,00000
BCN,4175,4095,067809,2,9,137139,2,9,32800,32799,00000,00000
BCN,4176,4095,067809,2,9,137139,2,9,32800,32799,00000,00000
BCN,4177,4095,061717,2,8,137155,2,9,32800,32799,00000,00000
BCN,4178,4095,061717,2,8,137155,2,9,32800,32799,00000,00000
BCN,4179,0000,061717,2,8,137155,2,9,32800,32799,00000,00000
BCN,4180,0000,061717,2,8,137155,2,9,32800,32799,00000,00000
BCN,4181,4095,061717,2,8,137155,2,9,32800,32799,00000,00000
BCN,4182,0000,061717,2,8,137155,2,9,32800,32799,00000,00000
BCN,4183,0000,063765,2,8,137167,2,9,32799,32799,00000,00000
BCN,4184,4095,063765,2,8,137167,2,9,32799,32799,00000,00000
BCN,4185,0000,063765,2,8,137167,2,9,32799,32799,00000,00000
BCN,4186,0000,063765,2,8,137167,2,9,32799,32799,00000,00000
BCN,4187,0000,063765,2,8,137167,2,9,32799,32799,00000,00000
BCN,4188,0000,063765,2,8,137167,2,9,32799,32799,00000,00000
BCN,4189,0000,059656,2,8,133093,2,8,32799,32799,00000,00000
BCN,4190,4095,059656,2,8,133093,2,8,32799,32799,00000,00000
BCN,4191,4095,059656,2,8,133093,2,8,32799,32799,00000,00000
BCN,4192,4095,059656,2,8,133093,2,8,32799,32799,00000,00000
BCN,4193,0000,059656,2,8,133093,2,8,32799,32799,00000,00000
BCN,4194,4095,059656,2,8,133093,2,8,32799,32799,00000,00000
BCN,4195,4095,059656,2,8,133093,2,8,32799,32799,00000,00000
BCN,4196,4095,069948,2,9,133096,2,8,32800,32799,00000,00000
BCN,4197,0000,069948,2,9,133096,2,8,32800,32799,00000,00000
BCN,4198,4095,069948,2,9,133096,2,8,32800,32799,00000,00000
BCN,4199,4095,069948,2,9,133096,2,8,32800,32799,00000,00000
BCN,4200,4095,069948,2,9,133096,2,8,32800,32799,00000,00000
BCN,4201,0000,069948,2,9,133096,2,8,32800,32799,00000,00000
BCN,4202,0000,063765,2,8,129042,2,8,32800,32799,00000,00000
BCN,4203,0000,063765,2,8,129042,2,8,32800,32799,00000,00000
BCN,4204,0000,063765,2,8,129042,2,8,32800,32799,00000,00000
BCN,4205,4095,063765,2,8,129042,2,8,32800,32799,00000,00000
BCN,4206,4095,063765,2,8,129042,2,8,32800,32799,00000,00000
BCN,4207,4095,063765,2,8,129042,2,8,32800,32799,00000,00000
BCN,4208,4095,067809,2,9,129062,2,8,32800,32799,00000,00000
BCN,4209,4095,067809,2,9,129062,2,8,32800,32799,00000,00000
BCN,4210,0000,067809,2,9,129062,2,8,32800,32799,00000,00000
BCN,4211,4095,067809,2,9,129062,2,8,32800,32799,00000,00000
BCN,4212,4095,067809,2,9,129062,2,8,32800,32799,00000,00000
BCN,4213,4095,067809,2,9,129062,2,8,32800,32799,00000,00000
BCN,4214,4095,061717,2,8,124998,2,8,32800,32799,00000,00000
BCN,4215,4095,061717,2,8,124998,2,8,32800,32799,00000,00000
BCN,4216,0000,061717,2,8,124998,2,8,32800,32799,00000,00000
BCN,4217,0000,061717,2,8,124998,2,8,32800,32799,00000,00000
BCN,4218,4095,061717,2,8,124998,2,8,32800,32799,00000,00000
BCN,4219,0000,061717,2,8,124998,2,8,32800,32799,00000,00000
BCN,4220,0000,063765,2,8,125022,2,8,32799,32799,00000,00000
BCN,4221,4095,063765,2,8,125022,2,8,32799,32799,00000,00000
BCN,4222,0000,063765,2,8,125022,2,8,32799,32799,00000,00000
BCN,4223,0000,063765,2,8,125022,2,8,32799,32799,00000,00000
BCN,4224,0000,063765,2,8,125022,2,8,32799,32799,00000,00000
BCN,4225,0000,063765,2,8,125022,2,8,32799,32799,00000,00000
BCN,4226,0000,059656,2,8,125039,2,8,32799,32799,00000,00000
BCN,4227,4095,059656,2,8,125039,2,8,32799,32799,00000,00000
BCN,4228,4095,059656,2,8,125039,2,8,32799,32799,00000,00000
BCN,4229,4095,059656,2,8,125039,2,8,32799,32799,00000,00000
BCN,4230,0000,059656,2,8,125039,2,8,32799,32799,00000,00000
BCN,4231,4095,059656,2,8,125039,2,8,32799,32799,00000,00000
BCN,4232,4095,059656,2,8,125039,2,8,32799,32799,00000,00000
BCN,4233,4095,069948,2,9,120967,2,8,32800,32799,00000,00000
BCN,4234,0000,069948,2,9,120967,2,8,32800,32799,00000,00000
BCN,4235,4095,069948,2,9,120967,2,8,32800,32799,00000,00000
BCN,4236,4095,069948,2,9,120967,2,8,32800,32799,00000,00000
BCN,4237,4095,069948,2,9,120967,2,8,32800,32799,00000,00000
BCN,4238,0000,069948,2,9,120967,2,8,32800,32799,00000,00000
BCN,4239,0000,063765,2,8,120991,2,8,32800,32799,00000,00000
BCN,4240,0000,063765,2,8,120991,2,8,32800,32799,00000,00000
BCN,4241,0000,063765,2,8,120991,2,8,32800,32799,00000,00000
BCN,4242,4095,063765,2,8,120991,2,8,32800,32799,00000,00000
BCN,4243,4095,063765,2,8,120991,2,8,32800,32799,00000,00000
BCN,4244,4095,063765,2,8,120991,2,8,32800,32799,00000,00000
BCN,4245,4095,067809,2,9,121007,2,8,32800,32799,00000,00000
BCN,4246,4095,067809,2,9,121007,2,8,32800,32799,00000,00000
BCN,4247,0000,067809,2,9,121007,2,8,32800,32799,00000,00000
BCN,4248,4079,067809,2,9,121007,2,8,32800,32799,00000,00000
BCN,4249,4095,067809,2,9,121007,2,8,32800,32799,00000,00000
BCN,4250,4095,067809,2,9,121007,2,8,32800,32799,00000,00000
BCN,4251,4095,061717,2,8,117029,2,7,32800,32800,00000,00000
BCN,4252,4095,061717,2,8,117029,2,7,32800,32800,00000,00000
BCN,4253,0000,061717,2,8,117029,2,7,32800,32800,00000,00000
BCN,4254,0000,061717,2,8,117029,2,7,32800,32800,00000,00000
BCN,4255,4095,061717,2,8,117029,2,7,32800,32800,00000,00000
BCN,4256,0000,061717,2,8,117029,2,7,32800,32800,00000,00000
BCN,4257,0000,063765,2,8,135964,2,9,32799,32799,00000,00000
BCN,4258,4095,063765,2,8,135964,2,9,32799,32799,00000,00000
BCN,4259,0000,063765,2,8,135964,2,9,32799,32799,00000,00000
BCN,4260,0000,063765,2,8,135964,2,9,32799,32799,00000,00000
BCN,4261,0000,063765,2,8,135964,2,9,32799,32799,00000,00000
BCN,4262,0000,063765,2,8,135964,2,9,32799,32799,00000,00000
BCN,4263,0000,059656,2,8,121054,2,8,32799,32799,00000,00000
BCN,4264,4095,059656,2,8,121054,2,8,32799,32799,00000,00000
BCN,4265,4095,059656,2,8,121054,2,8,32799,32799,00000,00000
BCN,4266,4095,059656,2,8,121054,2,8,32799,32799,00000,00000
BCN,4267,0000,059656,2,8,121054,2,8,32799,32799,00000,00000
BCN,4268,4095,059656,2,8,121054,2,8,32799,32799,00000,00000
BCN,4269,4095,059656,2,8,121054,2,8,32799,32799,00000,00000
BCN,4270,4095,069948,2,9,121046,2,8,32800,32799,00000,00000
BCN,4271,0000,069948,2,9,121046,2,8,32800,32799,00000,00000
BCN,4272,4095,069948,2,9,121046,2,8,32800,32799,00000,00000
BCN,4273,4095,069948,2,9,121046,2,8,32800,32799,00000,00000
BCN,4274,4095,069948,2,9,121046,2,8,32800,32799,00000,00000
BCN,4275,0000,069948,2,9,121046,2,8,32800,32799,00000,00000
BCN,4276,0000,063765,2,8,121047,2,8,32800,32799,00000,00000
BCN,4277,0000,063765,2,8,121047,2,8,32800,32799,00000,00000
BCN,4278,0000,063765,2,8,121047,2,8,32800,32799,00000,00000
BCN,4279,4095,063765,2,8,121047,2,8,32800,32799,00000,00000
BCN,4280,4095,063765,2,8,121047,2,8,32800,32799,00000,00000
BCN,4281,4095,063765,2,8,121047,2,8,32800,32799,00000,00000
BCN,4282,4095,067809,2,9,121047,2,8,32800,32799,00000,00000
BCN,4283,4095,067809,2,9,121047,2,8,32800,32799,00000,00000
BCN,4284,0000,067809,2,9,121047,2,8,32800,32799,00000,00000
BCN,4285,0000,067809,2,9,121047,2,8,32800,32799,00000,00000
BCN,4286,4095,067809,2,9,121047,2,8,32800,32799,00000,00000
BCN,4287,4095,067809,2,9,121047,2,8,32800,32799,00000,00000
BCN,4288,4095,061717,2,8,121048,2,8,32800,32799,00000,00000
BCN,4289,4095,061717,2,8,121048,2,8,32800,32799,00000,00000
BCN,4290,0000,061717,2,8,121048,2,8,32800,32799,00000,00000
BCN,4291,0000,061717,2,8,121048,2,8,32800,32799,00000,00000
BCN,4292,4095,061717,2,8,121048,2,8,32800,32799,00000,00000
BCN,4293,0000,061717,2,8,121048,2,8,32800,32799,00000,00000
BCN,4294,0000,063765,2,8,121194,2,8,32799,32799,00000,00000
BCN,4295,4095,063765,2,8,121194,2,8,32799,32799,00000,00000
BCN,4296,0000,063765,2,8,121194,2,8,32799,32799,00000,00000
BCN,4297,0000,063765,2,8,121194,2,8,32799,32799,00000,00000
BCN,4298,0000,063765,2,8,121194,2,8,32799,32799,00000,00000
BCN,4299,0000,063765,2,8,121194,2,8,32799,32799,00000,00000
BCN,4300,0000,059656,2,8,121056,2,8,32799,32799,00000,00000
BCN,4301,4095,059656,2,8,121056,2,8,32799,32799,00000,00000
BCN,4302,4095,059656,2,8,121056,2,8,32799,32799,00000,00000
BCN,4303,4095,059656,2,8,121056,2,8,32799,32799,00000,00000
BCN,4304,0000,059656,2,8,121056,2,8,32799,32799,00000,00000
BCN,4305,4095,059656,2,8,121056,2,8,32799,32799,00000,00000
BCN,4306,4095,059656,2,8,121056,2,8,32799,32799,00000,00000
BCN,4307,4095,069948,2,9,121049,2,8,32800,32799,00000,00000
BCN,4308,0000,069948,2,9,121049,2,8,32800,32799,00000,00000
BCN,4309,4095,069948,2,9,121049,2,8,32800,32799,00000,00000
BCN,4310,4095,069948,2,9,121049,2,8,32800,32799,00000,00000
BCN,4311,4095,069948,2,9,121049,2,8,32800,32799,00000,00000
BCN,4312,0000,069948,2,9,121049,2,8,32800,32799,00000,00000
BCN,4313,0000,063765,2,8,125132,2,8,32800,32799,00000,00000
BCN,4314,0000,063765,2,8,125132,2,8,32800,32799,00000,00000
BCN,4315,0000,063765,2,8,125132,2,8,32800,32799,00000,00000
BCN,4316,4095,063765,2,8,125132,2,8,32800,32799,00000,00000
BCN,4317,4095,063765,2,8,125132,2,8,32800,32799,00000,00000
BCN,4318,4095,063765,2,8,125132,2,8,32800,32799,00000,00000
BCN,4319,4095,065670,2,9,129204,2,8,32800,32799,00000,00000
BCN,4320,4095,065670,2,9,129204,2,8,32800,32799,00000,00000
BCN,4321,0000,065670,2,9,129204,2,8,32800,32799,00000,00000
BCN,4322,0000,065670,2,9,129204,2,8,32800,32799,00000,00000
BCN,4323,4095,065670,2,9,129204,2,8,32800,32799,00000,00000
BCN,4324,0000,065670,2,9,129204,2,8,32800,32799,00000,00000
BCN,4325,0000,063791,2,8,129186,2,8,32800,32799,00000,00000
BCN,4326,4095,063791,2,8,129186,2,8,32800,32799,00000,00000
BCN,4327,0000,063791,2,8,129186,2,8,32800,32799,00000,00000
BCN,4328,0000,063791,2,8,129186,2,8,32800,32799,00000,00000
BCN,4329,4095,063791,2,8,129186,2,8,32800,32799,00000,00000
BCN,4330,0000,063791,2,8,129186,2,8,32800,32799,00000,00000
BCN,4331,0000,063791,2,8,133253,2,8,32799,32799,00000,00000
BCN,4332,4095,063791,2,8,133253,2,8,32799,32799,00000,00000
BCN,4333,0000,063791,2,8,133253,2,8,32799,32799,00000,00000
BCN,4334,0000,063791,2,8,133253,2,8,32799,32799,00000,00000
BCN,4335,0000,063791,2,8,133253,2,8,32799,32799,00000,00000
BCN,4336,0000,063791,2,8,133253,2,8,32799,32799,00000,00000
BCN,4337,0000,063752,2,8,137341,2,9,32800,32799,00000,00000
BCN,4338,4095,063752,2,8,137341,2,9,32800,32799,00000,00000
BCN,4339,4095,063752,2,8,137341,2,9,32800,32799,00000,00000
BCN,4340,4095,063752,2,8,137341,2,9,32800,32799,00000,00000
BCN,4341,0000,063752,2,8,137341,2,9,32800,32799,00000,00000
BCN,4342,4095,063752,2,8,137341,2,9,32800,32799,00000,00000
BCN,4343,4095,063752,2,8,137341,2,9,32800,32799,00000,00000
BCN,4344,4095,066034,2,9,137337,2,9,32800,32799,00000,00000
BCN,4345,0000,066034,2,9,137337,2,9,32800,32799,00000,00000
BCN,4346,4095,066034,2,9,137337,2,9,32800,32799,00000,00000
BCN,4347,4095,066034,2,9,137337,2,9,32800,32799,00000,00000
BCN,4348,4095,066034,2,9,137337,2,9,32800,32799,00000,00000
BCN,4349,0000,066034,2,9,137337,2,9,32800,32799,00000,00000
BCN,4350,0000,063934,2,8,137331,2,9,32799,32799,00000,00000
BCN,4351,0000,063934,2,8,137331,2,9,32799,32799,00000,00000
BCN,4352,0000,063934,2,8,137331,2,9,32799,32799,00000,00000
BCN,4353,4095,063934,2,8,137331,2,9,32799,32799,00000,00000
BCN,4354,4095,063934,2,8,137331,2,9,32799,32799,00000,00000
BCN,4355,4095,063934,2,8,137331,2,9,32799,32799,00000,00000
BCN,4356,4095,063856,2,8,137327,2,9,32800,32799,00000,00000
BCN,4357,4095,063856,2,8,137327,2,9,32800,32799,00000,00000
BCN,4358,0000,063856,2,8,137327,2,9,32800,32799,00000,00000
BCN,4359,0000,063856,2,8,137327,2,9,32800,32799,00000,00000
BCN,4360,4095,063856,2,8,137327,2,9,32800,32799,00000,00000
BCN,4361,0000,063856,2,8,137327,2,9,32800,32799,00000,00000
BCN,4362,0000,066112,2,9,137325,2,9,32800,32799,00000,00000
BCN,4363,4095,066112,2,9,137325,2,9,32800,32799,00000,00000
BCN,4364,0000,066112,2,9,137325,2,9,32800,32799,00000,00000
BCN,4365,0000,066112,2,9,137325,2,9,32800,32799,00000,00000
BCN,4366,4095,066112,2,9,137325,2,9,32800,32799,00000,00000
BCN,4367,0000,066112,2,9,137325,2,9,32800,32799,00000,00000
BCN,4368,0000,063986,2,8,137323,2,9,32799,32799,00000,00000
BCN,4369,4095,063986,2,8,137323,2,9,32799,32799,00000,00000
BCN,4370,0000,063986,2,8,137323,2,9,32799,32799,00000,00000
BCN,4371,0000,063986,2,8,137323,2,9,32799,32799,00000,00000
BCN,4372,0000,063986,2,8,137323,2,9,32799,32799,00000,00000
BCN,4373,0000,063986,2,8,137323,2,9,32799,32799,00000,00000
BCN,4374,0000,061743,2,8,137322,2,9,32800,32799,00000,00000
BCN,4375,4095,061743,2,8,137322,2,9,32800,32799,00000,00000
BCN,4376,4095,061743,2,8,137322,2,9,32800,32799,00000,00000
BCN,4377,4095,061743,2,8,137322,2,9,32800,32799,00000,00000
BCN,4378,0000,061743,2,8,137322,2,9,32800,32799,00000,00000
BCN,4379,4095,061743,2,8,137322,2,9,32800,32799,00000,00000
BCN,4380,4095,061743,2,8,137322,2,9,32800,32799,00000,00000
BCN,4381,4095,061769,2,8,141401,2,9,32800,32799,00000,00000
BCN,4382,0000,061769,2,8,141401,2,9,32800,32799,00000,00000
BCN,4383,4095,061769,2,8,141401,2,9,32800,32799,00000,00000
BCN,4384,4095,061769,2,8,141401,2,9,32800,32799,00000,00000
BCN,4385,4095,061769,2,8,141401,2,9,32800,32799,00000,00000
BCN,4386,0000,061769,2,8,141401,2,9,32800,32799,00000,00000
BCN,4387,0000,063804,2,8,141390,2,9,32799,32799,00000,00000
BCN,4388,0000,063804,2,8,141390,2,9,32799,32799,00000,00000
BCN,4389,0000,063804,2,8,141390,2,9,32799,32799,00000,00000
BCN,4390,4095,063804,2,8,141390,2,9,32799,32799,00000,00000
BCN,4391,4095,063804,2,8,141390,2,9,32799,32799,00000,00000
BCN,4392,4095,063804,2,8,141390,2,9,32799,32799,00000,00000
BCN,4393,4095,059695,2,8,141387,2,9,32799,32799,00000,00000
BCN,4394,4095,059695,2,8,141387,2,9,32799,32799,00000,00000
BCN,4395,0000,059695,2,8,141387,2,9,32799,32799,00000,00000
BCN,4396,0000,059695,2,8,141387,2,9,32799,32799,00000,00000
BCN,4397,4095,059695,2,8,141387,2,9,32799,32799,00000,00000
BCN,4398,0000,059695,2,8,141387,2,9,32799,32799,00000,00000
BCN,4399,0000,069974,2,9,141374,2,9,32800,32799,00000,00000
BCN,4400,4095,069974,2,9,141374,2,9,32800,32799,00000,00000
BCN,4401,0000,069974,2,9,141374,2,9,32800,32799,00000,00000
BCN,4402,0000,069974,2,9,141374,2,9,32800,32799,00000,00000
BCN,4403,0000,069974,2,9,141374,2,9,32800,32799,00000,00000
BCN,4404,0000,069974,2,9,141374,2,9,32800,32799,00000,00000
BCN,4405,0000,063778,2,8,145522,2,9,32800,32799,00000,00000
BCN,4406,4095,063778,2,8,145522,2,9,32800,32799,00000,00000
BCN,4407,0000,063778,2,8,145522,2,9,32800,32799,00000,00000
BCN,4408,0000,063778,2,8,145522,2,9,32800,32799,00000,00000
BCN,4409,0000,063778,2,8,145522,2,9,32800,32799,00000,00000
BCN,4410,0000,063778,2,8,145522,2,9,32800,32799,00000,00000
BCN,4411,0000,067822,2,9,149516,2,9,32800,32799,00000,00000
BCN,4412,4095,067822,2,9,149516,2,9,32800,32799,00000,00000
BCN,4413,4095,067822,2,9,149516,2,9,32800,32799,00000,00000
BCN,4414,4095,067822,2,9,149516,2,9,32800,32799,00000,00000
BCN,4415,0000,067822,2,9,149516,2,9,32800,32799,00000,00000
BCN,4416,4095,067822,2,9,149516,2,9,32800,32799,00000,00000
BCN,4417,4095,067822,2,9,149516,2,9,32800,32799,00000,00000
BCN,4418,4095,061730,2,8,149494,2,9,32800,32799,00000,00000
BCN,4419,0000,061730,2,8,149494,2,9,32800,32799,00000,00000
BCN,4420,4095,061730,2,8,149494,2,9,32800,32799,00000,00000
BCN,4421,4095,061730,2,8,149494,2,9,32800,32799,00000,00000
BCN,4422,4095,061730,2,8,149494,2,9,32800,32799,00000,00000
BCN,4423,0000,061730,2,8,149494,2,9,32800,32799,00000,00000
BCN,4424,0000,063765,2,8,149478,2,9,32799,32799,00000,00000
BCN,4425,0000,063765,2,8,149478,2,9,32799,32799,00000,00000
BCN,4426,0000,063765,2,8,149478,2,9,32799,32799,00000,00000
BCN,4427,4095,063765,2,8,149478,2,9,32799,32799,00000,00000
BCN,4428,4095,063765,2,8,149478,2,9,32799,32799,00000,00000
BCN,4429,4095,063765,2,8,149478,2,9,32799,32799,00000,00000
BCN,4430,4095,061808,2,8,149466,2,9,32799,32799,00000,00000
BCN,4431,4095,061808,2,8,149466,2,9,32799,32799,00000,00000
BCN,4432,0000,061808,2,8,149466,2,9,32799,32799,00000,00000
BCN,4433,0000,061808,2,8,149466,2,9,32799,32799,00000,00000
BCN,4434,4095,061808,2,8,149466,2,9,32799,32799,00000,00000
BCN,4435,0000,061808,2,8,149466,2,9,32799,32799,00000,00000
BCN,4436,0000,070026,2,9,145350,2,9,32800,32799,00000,00000
BCN,4437,4095,070026,2,9,145350,2,9,32800,32799,00000,00000
BCN,4438,0000,070026,2,9,145350,2,9,32800,32799,00000,00000
BCN,4439,0000,070026,2,9,145350,2,9,32800,32799,00000,00000
BCN,4440,0000,070026,2,9,145350,2,9,32800,32799,00000,00000
BCN,4441,0000,070026,2,9,145350,2,9,32800,32799,00000,00000
BCN,4442,0000,063817,2,8,145334,2,9,32800,32799,00000,00000
BCN,4443,4095,063817,2,8,145334,2,9,32800,32799,00000,00000
BCN,4444,0000,063817,2,8,145334,2,9,32800,32799,00000,00000
BCN,4445,0000,063817,2,8,145334,2,9,32800,32799,00000,00000
BCN,4446,0000,063817,2,8,145334,2,9,32800,32799,00000,00000
BCN,4447,0000,063817,2,8,145334,2,9,32800,32799,00000,00000
BCN,4448,0000,065904,2,9,145322,2,9,32800,32799,00000,00000
BCN,4449,4095,065904,2,9,145322,2,9,32800,32799,00000,00000
BCN,4450,4095,065904,2,9,145322,2,9,32800,32799,00000,00000
BCN,4451,4095,065904,2,9,145322,2,9,32800,32799,00000,00000
BCN,4452,0000,065904,2,9,145322,2,9,32800,32799,00000,00000
BCN,4453,4095,065904,2,9,145322,2,9,32800,32799,00000,00000
BCN,4454,4095,065904,2,9,145322,2,9,32800,32799,00000,00000
BCN,4455,4095,061821,2,8,145313,2,9,32800,32799,00000,00000
BCN,4456,0000,061821,2,8,145313,2,9,32800,32799,00000,00000
BCN,4457,4095,061821,2,8,145313,2,9,32800,32799,00000,00000
BCN,4458,4095,061821,2,8,145313,2,9,32800,32799,00000,00000
BCN,4459,4095,061821,2,8,145313,2,9,32800,32799,00000,00000
BCN,4460,0000,061821,2,8,145313,2,9,32800,32799,00000,00000
BCN,4461,0000,063843,2,8,145306,2,9,32799,32799,00000,00000
BCN,4462,0000,063843,2,8,145306,2,9,32799,32799,00000,00000
BCN,4463,0000,063843,2,8,145306,2,9,32799,32799,00000,00000
BCN,4464,4095,063843,2,8,145306,2,9,32799,32799,00000,00000
BCN,4465,4095,063843,2,8,145306,2,9,32799,32799,00000,00000
BCN,4466,4095,063843,2,8,145306,2,9,32799,32799,00000,00000
BCN,4467,4095,061860,2,8,145301,2,9,32799,32799,00000,00000
BCN,4468,4095,061860,2,8,145301,2,9,32799,32799,00000,00000
BCN,4469,0000,061860,2,8,145301,2,9,32799,32799,00000,00000
BCN,4470,0000,061860,2,8,145301,2,9,32799,32799,00000,00000
BCN,4471,4095,061860,2,8,145301,2,9,32799,32799,00000,00000
BCN,4472,0000,061860,2,8,145301,2,9,32799,32799,00000,00000
BCN,4473,0000,070065,2,9,145297,2,9,32800,32799,00000,00000
BCN,4474,4095,070065,2,9,145297,2,9,32800,32799,00000,00000
BCN,4475,0000,070065,2,9,145297,2,9,32800,32799,00000,00000
BCN,4476,0000,070065,2,9,145297,2,9,32800,32799,00000,00000
BCN,4477,0000,070065,2,9,145297,2,9,32800,32799,00000,00000
BCN,4478,0000,070065,2,9,145297,2,9,32800,32799,00000,00000
BCN,4479,0000,065982,2,9,145294,2,9,32800,32799,00000,00000
BCN,4480,4095,065982,2,9,145294,2,9,32800,32799,00000,00000
BCN,4481,4095,065982,2,9,145294,2,9,32800,32799,00000,00000
BCN,4482,0000,065982,2,9,145294,2,9,32800,32799,00000,00000
BCN,4483,0000,065982,2,9,145294,2,9,32800,32799,00000,00000
BCN,4484,0000,065982,2,9,145294,2,9,32800,32799,00000,00000
BCN,4485,0000,066177,2,9,141209,2,9,32800,32799,00000,00000
BCN,4486,4095,066177,2,9,141209,2,9,32800,32799,00000,00000
BCN,4487,4095,066177,2,9,141209,2,9,32800,32799,00000,00000
BCN,4488,4095,066177,2,9,141209,2,9,32800,32799,00000,00000
BCN,4489,0000,066177,2,9,141209,2,9,32800,32799,00000,00000
BCN,4490,4095,066177,2,9,141209,2,9,32800,32799,00000,00000
BCN,4491,4095,066177,2,9,141209,2,9,32800,32799,00000,00000
BCN,4492,4095,060111,2,8,137136,2,9,32799,32799,00000,00000
BCN,4493,0000,060111,2,8,137136,2,9,32799,32799,00000,00000
BCN,4494,4095,060111,2,8,137136,2,9,32799,32799,00000,00000
BCN,4495,4095,060111,2,8,137136,2,9,32799,32799,00000,00000
BCN,4496,4095,060111,2,8,137136,2,9,32799,32799,00000,00000
BCN,4497,0000,060111,2,8,137136,2,9,32799,32799,00000,00000
BCN,4498,0000,064064,2,8,137153,2,9,32800,32799,00000,00000
BCN,4499,0000,064064,2,8,137153,2,9,32800,32799,00000,00000
BCN,4500,0000,064064,2,8,137153,2,9,32800,32799,00000,00000
BCN,4501,4095,064064,2,8,137153,2,9,32800,32799,00000,00000
BCN,4502,4095,064064,2,8,137153,2,9,32800,32799,00000,00000
BCN,4503,4095,064064,2,8,137153,2,9,32800,32799,00000,00000
BCN,4504,4095,066268,2,9,133083,2,8,32800,32799,00000,00000
BCN,4505,4095,066268,2,9,133083,2,8,32800,32799,00000,00000
BCN,4506,0000,066268,2,9,133083,2,8,32800,32799,00000,00000
BCN,4507,0000,066268,2,9,133083,2,8,32800,32799,00000,00000
BCN,4508,4095,066268,2,9,133083,2,8,32800,32799,00000,00000
BCN,4509,0000,066268,2,9,133083,2,8,32800,32799,00000,00000
BCN,4510,0000,062146,2,8,129022,2,8,32799,32799,00000,00000
BCN,4511,4095,062146,2,8,129022,2,8,32799,32799,00000,00000
BCN,4512,0000,062146,2,8,129022,2,8,32799,32799,00000,00000
BCN,4513,0000,062146,2,8,129022,2,8,32799,32799,00000,00000
BCN,4514,0000,062146,2,8,129022,2,8,32799,32799,00000,00000
BCN,4515,0000,062146,2,8,129022,2,8,32799,32799,00000,00000
BCN,4516,0000,064051,2,8,129047,2,8,32800,32799,00000,00000
BCN,4517,4095,064051,2,8,129047,2,8,32800,32799,00000,00000
BCN,4518,4095,064051,2,8,129047,2,8,32800,32799,00000,00000
BCN,4519,4095,064051,2,8,129047,2,8,32800,32799,00000,00000
BCN,4520,0000,064051,2,8,129047,2,8,32800,32799,00000,00000
BCN,4521,0000,064051,2,8,129047,2,8,32800,32799,00000,00000
BCN,4522,0000,066255,2,9,129066,2,8,32800,32799,00000,00000
BCN,4523,4095,066255,2,9,129066,2,8,32800,32799,00000,00000
BCN,4524,4095,066255,2,9,129066,2,8,32800,32799,00000,00000
BCN,4525,4095,066255,2,9,129066,2,8,32800,32799,00000,00000
BCN,4526,0000,066255,2,9,129066,2,8,32800,32799,00000,00000
BCN,4527,4095,066255,2,9,129066,2,8,32800,32799,00000,00000
BCN,4528,4095,066255,2,9,129066,2,8,32800,32799,00000,00000
BCN,4529,4095,064090,2,8,125001,2,8,32799,32799,00000,00000
BCN,4530,0000,064090,2,8,125001,2,8,32799,32799,00000,00000
BCN,4531,4095,064090,2,8,125001,2,8,32799,32799,00000,00000
BCN,4532,4095,064090,2,8,125001,2,8,32799,32799,00000,00000
BCN,4533,4095,064090,2,8,125001,2,8,32799,32799,00000,00000
BCN,4534,0000,064090,2,8,125001,2,8,32799,32799,00000,00000
BCN,4535,0000,063973,2,8,125024,2,8,32800,32799,00000,00000
BCN,4536,0000,063973,2,8,125024,2,8,32800,32799,00000,00000
BCN,4537,0000,063973,2,8,125024,2,8,32800,32799,00000,00000
BCN,4538,4095,063973,2,8,125024,2,8,32800,32799,00000,00000
BCN,4539,4095,063973,2,8,125024,2,8,32800,32799,00000,00000
BCN,4540,4095,063973,2,8,125024,2,8,32800,32799,00000,00000
BCN,4541,4095,066203,2,9,120960,2,8,32800,32799,00000,00000
BCN,4542,4095,066203,2,9,120960,2,8,32800,32799,00000,00000
BCN,4543,0000,066203,2,9,120960,2,8,32800,32799,00000,00000
BCN,4544,0000,066203,2,9,120960,2,8,32800,32799,00000,00000
BCN,4545,4095,066203,2,9,120960,2,8,32800,32799,00000,00000
BCN,4546,0000,066203,2,9,120960,2,8,32800,32799,00000,00000
BCN,4547,0000,064051,2,8,120983,2,8,32799,32799,00000,00000
BCN,4548,4095,064051,2,8,120983,2,8,32799,32799,00000,00000
BCN,4549,0000,064051,2,8,120983,2,8,32799,32799,00000,00000
BCN,4550,0000,064051,2,8,120983,2,8,32799,32799,00000,00000
BCN,4551,0000,064051,2,8,120983,2,8,32799,32799,00000,00000
BCN,4552,0000,064051,2,8,120983,2,8,32799,32799,00000,00000
BCN,4553,0000,063947,2,8,121000,2,8,32800,32799,00000,00000
BCN,4554,4095,063947,2,8,121000,2,8,32800,32799,00000,00000
BCN,4555,4095,063947,2,8,121000,2,8,32800,32799,00000,00000
BCN,4556,4095,063947,2,8,121000,2,8,32800,32799,00000,00000
BCN,4557,0000,063947,2,8,121000,2,8,32800,32799,00000,00000
BCN,4558,4095,063947,2,8,121000,2,8,32800,32799,00000,00000
BCN,4559,0000,066177,2,9,121013,2,8,32800,32799,00000,00000
BCN,4560,4095,066177,2,9,121013,2,8,32800,32799,00000,00000
BCN,4561,4095,066177,2,9,121013,2,8,32800,32799,00000,00000
BCN,4562,4095,066177,2,9,121013,2,8,32800,32799,00000,00000
BCN,4563,0000,066177,2,9,121013,2,8,32800,32799,00000,00000
BCN,4564,4095,066177,2,9,121013,2,8,32800,32799,00000,00000
BCN,4565,4095,066177,2,9,121013,2,8,32800,32799,00000,00000
BCN,4566,4095,064038,2,8,121023,2,8,32799,32799,00000,00000
BCN,4567,0000,064038,2,8,121023,2,8,32799,32799,00000,00000
BCN,4568,4095,064038,2,8,121023,2,8,32799,32799,00000,00000
BCN,4569,4095,064038,2,8,121023,2,8,32799,32799,00000,00000
BCN,4570,4095,064038,2,8,121023,2,8,32799,32799,00000,00000
BCN,4571,0000,064038,2,8,121023,2,8,32799,32799,00000,00000
BCN,4572,0000,063934,2,8,116950,2,7,32800,32799,00000,00000
BCN,4573,0000,063934,2,8,116950,2,7,32800,32799,00000,00000
BCN,4574,0000,063934,2,8,116950,2,7,32800,32799,00000,00000
BCN,4575,4095,063934,2,8,116950,2,7,32800,32799,00000,00000
BCN,4576,4095,063934,2,8,116950,2,7,32800,32799,00000,00000
BCN,4577,4095,063934,2,8,116950,2,7,32800,32799,00000,00000
BCN,4578,4095,066177,2,9,116965,2,7,32800,32800,00000,00000
BCN,4579,4095,066177,2,9,116965,2,7,32800,32800,00000,00000
BCN,4580,0000,066177,2,9,116965,2,7,32800,32800,00000,00000
BCN,4581,0000,066177,2,9,116965,2,7,32800,32800,00000,00000
BCN,4582,4095,066177,2,9,116965,2,7,32800,32800,00000,00000
BCN,4583,0000,066177,2,9,116965,2,7,32800,32800,00000,00000
BCN,4584,0000,062068,2,8,135870,2,9,32799,32799,00000,00000
BCN,4585,4095,062068,2,8,135870,2,9,32799,32799,00000,00000
BCN,4586,0000,062068,2,8,135870,2,9,32799,32799,00000,00000
BCN,4587,0000,062068,2,8,135870,2,9,32799,32799,00000,00000
BCN,4588,0000,062068,2,8,135870,2,9,32799,32799,00000,00000
BCN,4589,0000,062068,2,8,135870,2,9,32799,32799,00000,00000
BCN,4590,0000,063999,2,8,116988,2,7,32800,32798,00000,00000
BCN,4591,4095,063999,2,8,116988,2,7,32800,32798,00000,00000
BCN,4592,4095,063999,2,8,116988,2,7,32800,32798,00000,00000
BCN,4593,4095,063999,2,8,116988,2,7,32800,32798,00000,00000
BCN,4594,0000,063999,2,8,116988,2,7,32800,32798,00000,00000
BCN,4595,4095,063999,2,8,116988,2,7,32800,32798,00000,00000
BCN,4596,4095,066216,2,9,121068,2,8,32800,32799,00000,00000
BCN,4597,4095,066216,2,9,121068,2,8,32800,32799,00000,00000
BCN,4598,4095,066216,2,9,121068,2,8,32800,32799,00000,00000
BCN,4599,4095,066216,2,9,121068,2,8,32800,32799,00000,00000
BCN,4600,0000,066216,2,9,121068,2,8,32800,32799,00000,00000
BCN,4601,4095,066216,2,9,121068,2,8,32800,32799,00000,00000
BCN,4602,4095,066216,2,9,121068,2,8,32800,32799,00000,00000
BCN,4603,4095,062107,2,8,121063,2,8,32799,32799,00000,00000
BCN,4604,0000,062107,2,8,121063,2,8,32799,32799,00000,00000
BCN,4605,4095,062107,2,8,121063,2,8,32799,32799,00000,00000
BCN,4606,4095,062107,2,8,121063,2,8,32799,32799,00000,00000
BCN,4607,4095,062107,2,8,121063,2,8,32799,32799,00000,00000
BCN,4608,0000,062107,2,8,121063,2,8,32799,32799,00000,00000
BCN,4609,0000,064025,2,8,121060,2,8,32800,32799,00000,00000
BCN,4610,0000,064025,2,8,121060,2,8,32800,32799,00000,00000
BCN,4611,0000,064025,2,8,121060,2,8,32800,32799,00000,00000
BCN,4612,4095,064025,2,8,121060,2,8,32800,32799,00000,00000
BCN,4613,4095,064025,2,8,121060,2,8,32800,32799,00000,00000
BCN,4614,4095,064025,2,8,121060,2,8,32800,32799,00000,00000
BCN,4615,4095,066229,2,9,121057,2,8,32800,32799,00000,00000
BCN,4616,4095,066229,2,9,121057,2,8,32800,32799,00000,00000
BCN,4617,0000,066229,2,9,121057,2,8,32800,32799,00000,00000
BCN,4618,0000,066229,2,9,121057,2,8,32800,32799,00000,00000
BCN,4619,4095,066229,2,9,121057,2,8,32800,32799,00000,00000
BCN,4620,0000,066229,2,9,121057,2,8,32800,32799,00000,00000
BCN,4621,0000,064077,2,8,121055,2,8,32799,32799,00000,00000
BCN,4622,4095,064077,2,8,121055,2,8,32799,32799,00000,00000
BCN,4623,0000,064077,2,8,121055,2,8,32799,32799,00000,00000
BCN,4624,0000,064077,2,8,121055,2,8,32799,32799,00000,00000
BCN,4625,0000,064077,2,8,121055,2,8,32799,32799,00000,00000
BCN,4626,0000,064077,2,8,121055,2,8,32799,32799,00000,00000
BCN,4627,0000,061808,2,8,121062,2,8,32800,32799,00000,00000
BCN,4628,4095,061808,2,8,121062,2,8,32800,32799,00000,00000
BCN,4629,4095,061808,2,8,121062,2,8,32800,32799,00000,00000
BCN,4630,4095,061808,2,8,121062,2,8,32800,32799,00000,00000
BCN,4631,0000,061808,2,8,121062,2,8,32800,32799,00000,00000
BCN,4632,4095,061808,2,8,121062,2,8,32800,32799,00000,00000
BCN,4633,4095,061821,2,8,125136,2,8,32800,32799,00000,00000
BCN,4634,4095,061821,2,8,125136,2,8,32800,32799,00000,00000
BCN,4635,0000,061821,2,8,125136,2,8,32800,32799,00000,00000
BCN,4636,4095,061821,2,8,125136,2,8,32800,32799,00000,00000
BCN,4637,0000,061821,2,8,125136,2,8,32800,32799,00000,00000
BCN,4638,4095,061821,2,8,125136,2,8,32800,32799,00000,00000
BCN,4639,4095,061821,2,8,125136,2,8,32800,32799,00000,00000
BCN,4640,4095,063843,2,8,129207,2,8,32799,32799,00000,00000
BCN,4641,0000,063843,2,8,129207,2,8,32799,32799,00000,00000
BCN,4642,4095,063843,2,8,129207,2,8,32799,32799,00000,00000
BCN,4643,4095,063843,2,8,129207,2,8,32799,32799,00000,00000
BCN,4644,4095,063843,2,8,129207,2,8,32799,32799,00000,00000
BCN,4645,0000,063843,2,8,129207,2,8,32799,32799,00000,00000
BCN,4646,0000,059721,2,8,129188,2,8,32799,32799,00000,00000
BCN,4647,0000,059721,2,8,129188,2,8,32799,32799,00000,00000
BCN,4648,0000,059721,2,8,129188,2,8,32799,32799,00000,00000
BCN,4649,4095,059721,2,8,129188,2,8,32799,32799,00000,00000
BCN,4650,4095,059721,2,8,129188,2,8,32799,32799,00000,00000
BCN,4651,4095,059721,2,8,129188,2,8,32799,32799,00000,00000
BCN,4652,4095,069987,2,9,133255,2,8,32800,32799,00000,00000
BCN,4653,4095,069987,2,9,133255,2,8,32800,32799,00000,00000
BCN,4654,0000,069987,2,9,133255,2,8,32800,32799,00000,00000
BCN,4655,0000,069987,2,9,133255,2,8,32800,32799,00000,00000
BCN,4656,4095,069987,2,9,133255,2,8,32800,32799,00000,00000
BCN,4657,0000,069987,2,9,133255,2,8,32800,32799,00000,00000
BCN,4658,0000,063791,2,8,137342,2,9,32800,32799,00000,00000
BCN,4659,4095,063791,2,8,137342,2,9,32800,32799,00000,00000
BCN,4660,0000,063791,2,8,137342,2,9,32800,32799,00000,00000
BCN,4661,0000,063791,2,8,137342,2,9,32800,32799,00000,00000
BCN,4662,0000,063791,2,8,137342,2,9,32800,32799,00000,00000
BCN,4663,0000,063791,2,8,137342,2,9,32800,32799,00000,00000
BCN,4664,0000,067835,2,9,137336,2,9,32800,32799,00000,00000
BCN,4665,4095,067835,2,9,137336,2,9,32800,32799,00000,00000
BCN,4666,4095,067835,2,9,137336,2,9,32800,32799,00000,00000
BCN,4667,4095,067835,2,9,137336,2,9,32800,32799,00000,00000
BCN,4668,0000,067835,2,9,137336,2,9,32800,32799,00000,00000
BCN,4669,4095,067835,2,9,137336,2,9,32800,32799,00000,00000
BCN,4670,4095,061730,2,8,137335,2,9,32800,32799,00000,00000
BCN,4671,4095,061730,2,8,137335,2,9,32800,32799,00000,00000
BCN,4672,0000,061730,2,8,137335,2,9,32800,32799,00000,00000
BCN,4673,4095,061730,2,8,137335,2,9,32800,32799,00000,00000
BCN,4674,4095,061730,2,8,137335,2,9,32800,32799,00000,00000
BCN,4675,4095,061730,2,8,137335,2,9,32800,32799,00000,00000
BCN,4676,0000,061730,2,8,137335,2,9,32800,32799,00000,00000
BCN,4677,0000,063778,2,8,141540,2,9,32799,32799,00000,00000
BCN,4678,0000,063778,2,8,141540,2,9,32799,32799,00000,00000
BCN,4679,4095,063778,2,8,141540,2,9,32799,32799,00000,00000
BCN,4680,4095,063778,2,8,141540,2,9,32799,32799,00000,00000
BCN,4681,4095,063778,2,8,141540,2,9,32799,32799,00000,00000
BCN,4682,0000,063778,2,8,141540,2,9,32799,32799,00000,00000
BCN,4683,0000,059669,2,8,145474,2,9,32799,32799,00000,00000
BCN,4684,0000,059669,2,8,145474,2,9,32799,32799,00000,00000
BCN,4685,0000,059669,2,8,145474,2,9,32799,32799,00000,00000
BCN,4686,4095,059669,2,8,145474,2,9,32799,32799,00000,00000
BCN,4687,4095,059669,2,8,145474,2,9,32799,32799,00000,00000
BCN,4688,4095,059669,2,8,145474,2,9,32799,32799,00000,00000
BCN,4689,4095,069961,2,9,145453,2,9,32800,32799,00000,00000
BCN,4690,4095,069961,2,9,145453,2,9,32800,32799,00000,00000
BCN,4691,0000,069961,2,9,145453,2,9,32800,32799,00000,00000
BCN,4692,0000,069961,2,9,145453,2,9,32800,32799,00000,00000
BCN,4693,4095,069961,2,9,145453,2,9,32800,32799,00000,00000
BCN,4694,0000,069961,2,9,145453,2,9,32800,32799,00000,00000
BCN,4695,0000,063765,2,8,149518,2,9,32800,32799,00000,00000
BCN,4696,4095,063765,2,8,149518,2,9,32800,32799,00000,00000
BCN,4697,0000,063765,2,8,149518,2,9,32800,32799,00000,00000
BCN,4698,0000,063765,2,8,149518,2,9,32800,32799,00000,00000
BCN,4699,0000,063765,2,8,149518,2,9,32800,32799,00000,00000
BCN,4700,0000,063765,2,8,149518,2,9,32800,32799,00000,00000
BCN,4701,0000,067809,2,9,149496,2,9,32800,32799,00000,00000
BCN,4702,4095,067809,2,9,149496,2,9,32800,32799,00000,00000
BCN,4703,4095,067809,2,9,149496,2,9,32800,32799,00000,00000
BCN,4704,4095,067809,2,9,149496,2,9,32800,32799,00000,00000
BCN,4705,0000,067809,2,9,149496,2,9,32800,32799,00000,00000
BCN,4706,4095,067809,2,9,149496,2,9,32800,32799,00000,00000
BCN,4707,4095,061717,2,8,145372,2,9,32800,32799,00000,00000
BCN,4708,4095,061717,2,8,145372,2,9,32800,32799,00000,00000
BCN,4709,0000,061717,2,8,145372,2,9,32800,32799,00000,00000
BCN,4710,4095,061717,2,8,145372,2,9,32800,32799,00000,00000
BCN,4711,4095,061717,2,8,145372,2,9,32800,32799,00000,00000
BCN,4712,4095,061717,2,8,145372,2,9,32800,32799,00000,00000
BCN,4713,0000,061717,2,8,145372,2,9,32800,32799,00000,00000
BCN,4714,0000,063765,2,8,145351,2,9,32799,32799,00000,00000
BCN,4715,0000,063765,2,8,145351,2,9,32799,32799,00000,00000
BCN,4716,0000,063765,2,8,145351,2,9,32799,32799,00000,00000
BCN,4717,4095,063765,2,8,145351,2,9,32799,32799,00000,00000
BCN,4718,4095,063765,2,8,145351,2,9,32799,32799,00000,00000
BCN,4719,0000,063765,2,8,145351,2,9,32799,32799,00000,00000
BCN,4720,0000,061574,2,8,145334,2,9,32800,32799,00000,00000
BCN,4721,0000,061574,2,8,145334,2,9,32800,32799,00000,00000
BCN,4722,0000,061574,2,8,145334,2,9,32800,32799,00000,00000
BCN,4723,4095,061574,2,8,145334,2,9,32800,32799,00000,00000
BCN,4724,4095,061574,2,8,145334,2,9,32800,32799,00000,00000
BCN,4725,4095,061574,2,8,145334,2,9,32800,32799,00000,00000
BCN,4726,4095,063804,2,8,145322,2,9,32800,32799,00000,00000
BCN,4727,4095,063804,2,8,145322,2,9,32800,32799,00000,00000
BCN,4728,0000,063804,2,8,145322,2,9,32800,32799,00000,00000
BCN,4729,0000,063804,2,8,145322,2,9,32800,32799,00000,00000
BCN,4730,4095,063804,2,8,145322,2,9,32800,32799,00000,00000
BCN,4731,0000,063804,2,8,145322,2,9,32800,32799,00000,00000
BCN,4732,0000,063791,2,8,145313,2,9,32799,32799,00000,00000
BCN,4733,4095,063791,2,8,145313,2,9,32799,32799,00000,00000
BCN,4734,0000,063791,2,8,145313,2,9,32799,32799,00000,00000
BCN,4735,0000,063791,2,8,145313,2,9,32799,32799,00000,00000
BCN,4736,0000,063791,2,8,145313,2,9,32799,32799,00000,00000
BCN,4737,0000,063791,2,8,145313,2,9,32799,32799,00000,00000
BCN,4738,0000,063752,2,8,145306,2,9,32800,32799,00000,00000
BCN,4739,4095,063752,2,8,145306,2,9,32800,32799,00000,00000
BCN,4740,4095,063752,2,8,145306,2,9,32800,32799,00000,00000
BCN,4741,4095,063752,2,8,145306,2,9,32800,32799,00000,00000
BCN,4742,0000,063752,2,8,145306,2,9,32800,32799,00000,00000
BCN,4743,4095,063752,2,8,145306,2,9,32800,32799,00000,00000
BCN,4744,4095,066034,2,9,141218,2,9,32800,32799,00000,00000
BCN,4745,4095,066034,2,9,141218,2,9,32800,32799,00000,00000
BCN,4746,0000,066034,2,9,141218,2,9,32800,32799,00000,00000
BCN,4747,4095,066034,2,9,141218,2,9,32800,32799,00000,00000
BCN,4748,4095,066034,2,9,141218,2,9,32800,32799,00000,00000
BCN,4749,4095,066034,2,9,141218,2,9,32800,32799,00000,00000
BCN,4750,0000,066034,2,9,141218,2,9,32800,32799,00000,00000
BCN,4751,0000,061964,2,8,137143,2,9,32799,32799,00000,00000
BCN,4752,0000,061964,2,8,137143,2,9,32799,32799,00000,00000
BCN,4753,0000,061964,2,8,137143,2,9,32799,32799,00000,00000
BCN,4754,4095,061964,2,8,137143,2,9,32799,32799,00000,00000
BCN,4755,4095,061964,2,8,137143,2,9,32799,32799,00000,00000
BCN,4756,4095,061964,2,8,137143,2,9,32799,32799,00000,00000
BCN,4757,4095,063921,2,8,128996,2,8,32800,32799,00000,00000
BCN,4758,0000,063921,2,8,128996,2,8,32800,32799,00000,00000
BCN,4759,0000,063921,2,8,128996,2,8,32800,32799,00000,00000
BCN,4760,4095,063921,2,8,128996,2,8,32800,32799,00000,00000
BCN,4761,4095,063921,2,8,128996,2,8,32800,32799,00000,00000
BCN,4762,4095,063921,2,8,128996,2,8,32800,32799,00000,00000
BCN,4763,4095,066164,2,9,129028,2,8,32800,32799,00000,00000
BCN,4764,4095,066164,2,9,129028,2,8,32800,32799,00000,00000
BCN,4765,0000,066164,2,9,129028,2,8,32800,32799,00000,00000
BCN,4766,0000,066164,2,9,129028,2,8,32800,32799,00000,00000
BCN,4767,4095,066164,2,9,129028,2,8,32800,32799,00000,00000
BCN,4768,0000,066164,2,9,129028,2,8,32800,32799,00000,00000
BCN,4769,0000,060098,2,8,124972,2,8,32799,32799,00000,00000
BCN,4770,4095,060098,2,8,124972,2,8,32799,32799,00000,00000
BCN,4771,0000,060098,2,8,124972,2,8,32799,32799,00000,00000
BCN,4772,0000,060098,2,8,124972,2,8,32799,32799,00000,00000
BCN,4773,0000,060098,2,8,124972,2,8,32799,32799,00000,00000
BCN,4774,0000,060098,2,8,124972,2,8,32799,32799,00000,00000
BCN,4775,0000,064051,2,8,120921,2,8,32800,32799,00000,00000
BCN,4776,4095,064051,2,8,120921,2,8,32800,32799,00000,00000
BCN,4777,4095,064051,2,8,120921,2,8,32800,32799,00000,00000
BCN,4778,4095,064051,2,8,120921,2,8,32800,32799,00000,00000
BCN,4779,0000,064051,2,8,120921,2,8,32800,32799,00000,00000
BCN,4780,4095,064051,2,8,120921,2,8,32800,32799,00000,00000
BCN,4781,4095,066255,2,9,120954,2,8,32800,32799,00000,00000
BCN,4782,4095,066255,2,9,120954,2,8,32800,32799,00000,00000
BCN,4783,0000,066255,2,9,120954,2,8,32800,32799,00000,00000
BCN,4784,4095,066255,2,9,120954,2,8,32800,32799,00000,00000
BCN,4785,4095,066255,2,9,120954,2,8,32800,32799,00000,00000
BCN,4786,4095,066255,2,9,120954,2,8,32800,32799,00000,00000
BCN,4787,0000,066255,2,9,120954,2,8,32800,32799,00000,00000
BCN,4788,0000,060176,2,8,116898,2,7,32799,32799,00000,00000
BCN,4789,0000,060176,2,8,116898,2,7,32799,32799,00000,00000
BCN,4790,0000,060176,2,8,116898,2,7,32799,32799,00000,00000
BCN,4791,4095,060176,2,8,116898,2,7,32799,32799,00000,00000
BCN,4792,4095,060176,2,8,116898,2,7,32799,32799,00000,00000
BCN,4793,4095,060176,2,8,116898,2,7,32799,32799,00000,00000
BCN,4794,4095,055937,2,7,121001,2,8,32799,32800,00000,00000
BCN,4795,4095,055937,2,7,121001,2,8,32799,32800,00000,00000
BCN,4796,0000,055937,2,7,121001,2,8,32799,32800,00000,00000
BCN,4797,0000,055937,2,7,121001,2,8,32799,32800,00000,00000
BCN,4798,4095,055937,2,7,121001,2,8,32799,32800,00000,00000
BCN,4799,4095,055937,2,7,121001,2,8,32799,32800,00000,00000
BCN,4800,4095,066242,2,9,132031,2,8,32800,32799,00000,00000
BCN,4801,4095,066242,2,9,132031,2,8,32800,32799,00000,00000
BCN,4802,0000,066242,2,9,132031,2,8,32800,32799,00000,00000
BCN,4803,0000,066242,2,9,132031,2,8,32800,32799,00000,00000
BCN,4804,4095,066242,2,9,132031,2,8,32800,32799,00000,00000
BCN,4805,0000,066242,2,9,132031,2,8,32800,32799,00000,00000
BCN,4806,0000,066177,2,9,121022,2,8,32800,32799,00000,00000
BCN,4807,4095,066177,2,9,121022,2,8,32800,32799,00000,00000
BCN,4808,0000,066177,2,9,121022,2,8,32800,32799,00000,00000
BCN,4809,0000,066177,2,9,121022,2,8,32800,32799,00000,00000
BCN,4810,0000,066177,2,9,121022,2,8,32800,32799,00000,00000
BCN,4811,0000,066177,2,9,121022,2,8,32800,32799,00000,00000
BCN,4812,0000,060111,2,8,121029,2,8,32799,32799,00000,00000
BCN,4813,4095,060111,2,8,121029,2,8,32799,32799,00000,00000
BCN,4814,4095,060111,2,8,121029,2,8,32799,32799,00000,00000
BCN,4815,4095,060111,2,8,121029,2,8,32799,32799,00000,00000
BCN,4816,0000,060111,2,8,121029,2,8,32799,32799,00000,00000
BCN,4817,4095,060111,2,8,121029,2,8,32799,32799,00000,00000
BCN,4818,4095,066203,2,9,125151,2,8,32800,32799,00000,00000
BCN,4819,4095,066203,2,9,125151,2,8,32800,32799,00000,00000
BCN,4820,0000,066203,2,9,125151,2,8,32800,32799,00000,00000
BCN,4821,4095,066203,2,9,125151,2,8,32800,32799,00000,00000
BCN,4822,4095,066203,2,9,125151,2,8,32800,32799,00000,00000
BCN,4823,4095,066203,2,9,125151,2,8,32800,32799,00000,00000
BCN,4824,0000,066203,2,9,125151,2,8,32800,32799,00000,00000
BCN,4825,0000,066151,2,9,129193,2,8,32800,32799,00000,00000
BCN,4826,0000,066151,2,9,129193,2,8,32800,32799,00000,00000
BCN,4827,0000,066151,2,9,129193,2,8,32800,32799,00000,00000
BCN,4828,4095,066151,2,9,129193,2,8,32800,32799,00000,00000
BCN,4829,4095,066151,2,9,129193,2,8,32800,32799,00000,00000
BCN,4830,4095,066151,2,9,129193,2,8,32800,32799,00000,00000
BCN,4831,4095,062003,2,8,129186,2,8,32800,32799,00000,00000
BCN,4832,4095,062003,2,8,129186,2,8,32800,32799,00000,00000
BCN,4833,0000,062003,2,8,129186,2,8,32800,32799,00000,00000
BCN,4834,0000,062003,2,8,129186,2,8,32800,32799,00000,00000
BCN,4835,4095,062003,2,8,129186,2,8,32800,32799,00000,00000
BCN,4836,0000,062003,2,8,129186,2,8,32800,32799,00000,00000
BCN,4837,0000,063973,2,8,133247,2,8,32799,32799,00000,00000
BCN,4838,4095,063973,2,8,133247,2,8,32799,32799,00000,00000
BCN,4839,0000,063973,2,8,133247,2,8,32799,32799,00000,00000
BCN,4840,0000,063973,2,8,133247,2,8,32799,32799,00000,00000
BCN,4841,4095,063973,2,8,133247,2,8,32799,32799,00000,00000
BCN,4842,0000,063973,2,8,133247,2,8,32799,32799,00000,00000
BCN,4843,0000,061964,2,8,133228,2,8,32799,32799,00000,00000
BCN,4844,4095,061964,2,8,133228,2,8,32799,32799,00000,00000
BCN,4845,0000,061964,2,8,133228,2,8,32799,32799,00000,00000
BCN,4846,0000,061964,2,8,133228,2,8,32799,32799,00000,00000
BCN,4847,0000,061964,2,8,133228,2,8,32799,32799,00000,00000
BCN,4848,0000,061964,2,8,133228,2,8,32799,32799,00000,00000
BCN,4849,0000,070143,2,9,137322,2,9,32800,32799,00000,00000
BCN,4850,4095,070143,2,9,137322,2,9,32800,32799,00000,00000
BCN,4851,4095,070143,2,9,137322,2,9,32800,32799,00000,00000
BCN,4852,4095,070143,2,9,137322,2,9,32800,32799,00000,00000
BCN,4853,0000,070143,2,9,137322,2,9,32800,32799,00000,00000
BCN,4854,4095,070143,2,9,137322,2,9,32800,32799,00000,00000
BCN,4855,4095,063908,2,8,137321,2,9,32800,32799,00000,00000
BCN,4856,4095,063908,2,8,137321,2,9,32800,32799,00000,00000
BCN,4857,0000,063908,2,8,137321,2,9,32800,32799,00000,00000
BCN,4858,4095,063908,2,8,137321,2,9,32800,32799,00000,00000
BCN,4859,4095,063908,2,8,137321,2,9,32800,32799,00000,00000
BCN,4860,4095,063908,2,8,137321,2,9,32800,32799,00000,00000
BCN,4861,0000,063908,2,8,137321,2,9,32800,32799,00000,00000
BCN,4862,0000,065969,2,9,137320,2,9,32800,32799,00000,00000
BCN,4863,0000,065969,2,9,137320,2,9,32800,32799,00000,00000
BCN,4864,0000,065969,2,9,137320,2,9,32800,32799,00000,00000
BCN,4865,4095,065969,2,9,137320,2,9,32800,32799,00000,00000
BCN,4866,4095,065969,2,9,137320,2,9,32800,32799,00000,00000
BCN,4867,4095,065969,2,9,137320,2,9,32800,32799,00000,00000
BCN,4868,4095,061873,2,8,137319,2,9,32800,32799,00000,00000
BCN,4869,4095,061873,2,8,137319,2,9,32800,32799,00000,00000
BCN,4870,0000,061873,2,8,137319,2,9,32800,32799,00000,00000
BCN,4871,0000,061873,2,8,137319,2,9,32800,32799,00000,00000
BCN,4872,4095,061873,2,8,137319,2,9,32800,32799,00000,00000
BCN,4873,0000,061873,2,8,137319,2,9,32800,32799,00000,00000
BCN,4874,0000,063882,2,8,137319,2,9,32799,32799,00000,00000
BCN,4875,4095,063882,2,8,137319,2,9,32799,32799,00000,00000
BCN,4876,0000,063882,2,8,137319,2,9,32799,32799,00000,00000
BCN,4877,0000,063882,2,8,137319,2,9,32799,32799,00000,00000
BCN,4878,4095,063882,2,8,137319,2,9,32799,32799,00000,00000
BCN,4879,0000,063882,2,8,137319,2,9,32799,32799,00000,00000
BCN,4880,0000,059747,2,8,137319,2,9,32799,32799,00000,00000
BCN,4881,4095,059747,2,8,137319,2,9,32799,32799,00000,00000
BCN,4882,0000,059747,2,8,137319,2,9,32799,32799,00000,00000
BCN,4883,0000,059747,2,8,137319,2,9,32799,32799,00000,00000
BCN,4884,0000,059747,2,8,137319,2,9,32799,32799,00000,00000
BCN,4885,0000,059747,2,8,137319,2,9,32799,32799,00000,00000
BCN,4886,0000,070013,2,9,137319,2,9,32800,32799,00000,00000
BCN,4887,4095,070013,2,9,137319,2,9,32800,32799,00000,00000
BCN,4888,4095,070013,2,9,137319,2,9,32800,32799,00000,00000
BCN,4889,4095,070013,2,9,137319,2,9,32800,32799,00000,00000
BCN,4890,0000,070013,2,9,137319,2,9,32800,32799,00000,00000
BCN,4891,4095,070013,2,9,137319,2,9,32800,32799,00000,00000
BCN,4892,4095,063804,2,8,141399,2,9,32800,32799,00000,00000
BCN,4893,4095,063804,2,8,141399,2,9,32800,32799,00000,00000
BCN,4894,0000,063804,2,8,141399,2,9,32800,32799,00000,00000
BCN,4895,4095,063804,2,8,141399,2,9,32800,32799,00000,00000
BCN,4896,4095,063804,2,8,141399,2,9,32800,32799,00000,00000
BCN,4897,4095,063804,2,8,141399,2,9,32800,32799,00000,00000
BCN,4898,0000,063804,2,8,141399,2,9,32800,32799,00000,00000
BCN,4899,0000,065709,2,9,145468,2,9,32800,32799,00000,00000
BCN,4900,0000,065709,2,9,145468,2,9,32800,32799,00000,00000
BCN,4901,0000,065709,2,9,145468,2,9,32800,32799,00000,00000
BCN,4902,4095,065709,2,9,145468,2,9,32800,32799,00000,00000
BCN,4903,4095,065709,2,9,145468,2,9,32800,32799,00000,00000
BCN,4904,4095,065709,2,9,145468,2,9,32800,32799,00000,00000
BCN,4905,4095,063817,2,8,149529,2,9,32800,32799,00000,00000
BCN,4906,4095,063817,2,8,149529,2,9,32800,32799,00000,00000
BCN,4907,0000,063817,2,8,149529,2,9,32800,32799,00000,00000
BCN,4908,0000,063817,2,8,149529,2,9,32800,32799,00000,00000
BCN,4909,4095,063817,2,8,149529,2,9,32800,32799,00000,00000
BCN,4910,0000,063817,2,8,149529,2,9,32800,32799,00000,00000
BCN,4911,0000,063804,2,8,149505,2,9,32799,32799,00000,00000
BCN,4912,4095,063804,2,8,149505,2,9,32799,32799,00000,00000
BCN,4913,0000,063804,2,8,149505,2,9,32799,32799,00000,00000
BCN,4914,0000,063804,2,8,149505,2,9,32799,32799,00000,00000
BCN,4915,0000,063804,2,8,149505,2,9,32799,32799,00000,00000
BCN,4916,0000,063804,2,8,149505,2,9,32799,32799,00000,00000
BCN,4917,0000,063765,2,8,149418,2,9,32800,32799,00000,00000
BCN,4918,4095,063765,2,8,149418,2,9,32800,32799,00000,00000
BCN,4919,0000,063765,2,8,149418,2,9,32800,32799,00000,00000
BCN,4920,0000,063765,2,8,149418,2,9,32800,32799,00000,00000
BCN,4921,0000,063765,2,8,149418,2,9,32800,32799,00000,00000
BCN,4922,0000,063765,2,8,149418,2,9,32800,32799,00000,00000
BCN,4923,0000,063895,2,8,145364,2,9,32800,32799,00000,00000
BCN,4924,4095,063895,2,8,145364,2,9,32800,32799,00000,00000
BCN,4925,4095,063895,2,8,145364,2,9,32800,32799,00000,00000
BCN,4926,4095,063895,2,8,145364,2,9,32800,32799,00000,00000
BCN,4927,0000,063895,2,8,145364,2,9,32800,32799,00000,00000
BCN,4928,4095,063895,2,8,145364,2,9,32800,32799,00000,00000
BCN,4929,4095,063869,2,8,145345,2,9,32799,32799,00000,00000
BCN,4930,4095,063869,2,8,145345,2,9,32799,32799,00000,00000
BCN,4931,0000,063869,2,8,145345,2,9,32799,32799,00000,00000
BCN,4932,4095,063869,2,8,145345,2,9,32799,32799,00000,00000
BCN,4933,4095,063869,2,8,145345,2,9,32799,32799,00000,00000
BCN,4934,4095,063869,2,8,145345,2,9,32799,32799,00000,00000
BCN,4935,0000,063869,2,8,145345,2,9,32799,32799,00000,00000
BCN,4936,0000,063804,2,8,145330,2,9,32800,32799,00000,00000
BCN,4937,0000,063804,2,8,145330,2,9,32800,32799,00000,00000
BCN,4938,0000,063804,2,8,145330,2,9,32800,32799,00000,00000
BCN,4939,4095,063804,2,8,145330,2,9,32800,32799,00000,00000
BCN,4940,4095,063804,2,8,145330,2,9,32800,32799,00000,00000
BCN,4941,4095,063804,2,8,145330,2,9,32800,32799,00000,00000
BCN,4942,4095,063934,2,8,145319,2,9,32800,32799,00000,00000
BCN,4943,4095,063934,2,8,145319,2,9,32800,32799,00000,00000
BCN,4944,0000,063934,2,8,145319,2,9,32800,32799,00000,00000
BCN,4945,0000,063934,2,8,145319,2,9,32800,32799,00000,00000
BCN,4946,4095,063934,2,8,145319,2,9,32800,32799,00000,00000
BCN,4947,0000,063934,2,8,145319,2,9,32800,32799,00000,00000
BCN,4948,0000,063882,2,8,137147,2,9,32799,32799,00000,00000
BCN,4949,4095,063882,2,8,137147,2,9,32799,32799,00000,00000
BCN,4950,0000,063882,2,8,137147,2,9,32799,32799,00000,00000
BCN,4951,0000,063882,2,8,137147,2,9,32799,32799,00000,00000
BCN,4952,0000,063882,2,8,137147,2,9,32799,32799,00000,00000
BCN,4953,0000,063882,2,8,137147,2,9,32799,32799,00000,00000
BCN,4954,0000,063817,2,8,137161,2,9,32800,32799,00000,00000
BCN,4955,4095,063817,2,8,137161,2,9,32800,32799,00000,00000
BCN,4956,4095,063817,2,8,137161,2,9,32800,32799,00000,00000
BCN,4957,4095,063817,2,8,137161,2,9,32800,32799,00000,00000
BCN,4958,0000,063817,2,8,137161,2,9,32800,32799,00000,00000
BCN,4959,0000,063817,2,8,137161,2,9,32800,32799,00000,00000
BCN,4960,0000,063947,2,8,129009,2,8,32800,32799,00000,00000
BCN,4961,4095,063947,2,8,129009,2,8,32800,32799,00000,00000
BCN,4962,4095,063947,2,8,129009,2,8,32800,32799,00000,00000
BCN,4963,4095,063947,2,8,129009,2,8,32800,32799,00000,00000
BCN,4964,0000,063947,2,8,129009,2,8,32800,32799,00000,00000
BCN,4965,4095,063947,2,8,129009,2,8,32800,32799,00000,00000
BCN,4966,4095,063895,2,8,124958,2,8,32799,32799,00000,00000
BCN,4967,4095,063895,2,8,124958,2,8,32799,32799,00000,00000
BCN,4968,0000,063895,2,8,124958,2,8,32799,32799,00000,00000
BCN,4969,4095,063895,2,8,124958,2,8,32799,32799,00000,00000
BCN,4970,4095,063895,2,8,124958,2,8,32799,32799,00000,00000
BCN,4971,4058,063895,2,8,124958,2,8,32799,32799,00000,00000
BCN,4972,0000,063895,2,8,124958,2,8,32799,32799,00000,00000
BCN,4973,0000,061678,2,8,124992,2,8,32800,32799,00000,00000
BCN,4974,0000,061678,2,8,124992,2,8,32800,32799,00000,00000
BCN,4975,0000,061678,2,8,124992,2,8,32800,32799,00000,00000
BCN,4976,4091,061678,2,8,124992,2,8,32800,32799,00000,00000
BCN,4977,3995,061678,2,8,124992,2,8,32800,32799,00000,00000
BCN,4978,4021,061678,2,8,124992,2,8,32800,32799,00000,00000
BCN,4979,4094,063869,2,8,124046,2,8,32800,32799,00000,00000
BCN,4980,3949,063869,2,8,124046,2,8,32800,32799,00000,00000
BCN,4981,0000,063869,2,8,124046,2,8,32800,32799,00000,00000
BCN,4982,0000,063869,2,8,124046,2,8,32800,32799,00000,00000
BCN,4983,3958,063869,2,8,124046,2,8,32800,32799,00000,00000
BCN,4984,0000,063869,2,8,124046,2,8,32800,32799,00000,00000
BCN,4985,0000,063843,2,8,135608,2,9,32799,32799,00000,00000
BCN,4986,3956,063843,2,8,135608,2,9,32799,32799,00000,00000
BCN,4987,0000,063843,2,8,135608,2,9,32799,32799,00000,00000
BCN,4988,0000,063843,2,8,135608,2,9,32799,32799,00000,00000
BCN,4989,3865,063843,2,8,135608,2,9,32799,32799,00000,00000
BCN,4990,0000,063843,2,8,135608,2,9,32799,32799,00000,00000
BCN,4991,0000,063791,2,8,139703,2,9,32800,32799,00000,00000
BCN,4992,4054,063791,2,8,139703,2,9,32800,32799,00000,00000
BCN,4993,0000,063791,2,8,139703,2,9,32800,32799,00000,00000
BCN,4994,0000,063791,2,8,139703,2,9,32800,32799,00000,00000
BCN,4995,0000,063791,2,8,139703,2,9,32800,32799,00000,00000
BCN,4996,0000,063791,2,8,139703,2,9,32800,32799,00000,00000
BCN,4997,0000,066060,2,9,131885,2,9,32800,32799,00000,00000
BCN,4998,3509,066060,2,9,131885,2,9,32800,32799,00000,00000
BCN,4999,3293,066060,2,9,131885,2,9,32800,32799,00000,00000
BCN,5000,3673,066060,2,9,131885,2,9,32800,32799,00000,00000
BCN,5001,0000,066060,2,9,131885,2,9,32800,32799,00000,00000
BCN,5002,3545,066060,2,9,131885,2,9,32800,32799,00000,00000
BCN,5003,3437,063947,2,8,124185,2,9,32799,32799,00000,00000
BCN,5004,3714,063947,2,8,124185,2,9,32799,32799,00000,00000
BCN,5005,0000,063947,2,8,124185,2,9,32799,32799,00000,00000
BCN,5006,3660,063947,2,8,124185,2,9,32799,32799,00000,00000
BCN,5007,3483,063947,2,8,124185,2,9,32799,32799,00000,00000
BCN,5008,3386,063947,2,8,124185,2,9,32799,32799,00000,00000
BCN,5009,0000,063947,2,8,124185,2,9,32799,32799,00000,00000
BCN,5010,0000,063869,2,8,110302,2,8,32800,32799,00000,00000
BCN,5011,0000,063869,2,8,110302,2,8,32800,32799,00000,00000
BCN,5012,0000,063869,2,8,110302,2,8,32800,32799,00000,00000
BCN,5013,3493,063869,2,8,110302,2,8,32800,32799,00000,00000
BCN,5014,3730,063869,2,8,110302,2,8,32800,32799,00000,00000
BCN,5015,3668,063869,2,8,110302,2,8,32800,32799,00000,00000
BCN,5016,3651,063973,2,8,103272,2,8,32800,32799,00000,00000
BCN,5017,3246,063973,2,8,103272,2,8,32800,32799,00000,00000
BCN,5018,0000,063973,2,8,103272,2,8,32800,32799,00000,00000
BCN,5019,3069,063973,2,8,103272,2,8,32800,32799,00000,00000
BCN,5020,3382,063973,2,8,103272,2,8,32800,32799,00000,00000
BCN,5021,3482,063973,2,8,103272,2,8,32800,32799,00000,00000
BCN,5022,3481,063921,2,8,101814,2,8,32799,32798,00000,00000
BCN,5023,3731,063921,2,8,101814,2,8,32799,32798,00000,00000
BCN,5024,0000,063921,2,8,101814,2,8,32799,32798,00000,00000
BCN,5025,0000,063921,2,8,101814,2,8,32799,32798,00000,00000
BCN,5026,3638,063921,2,8,101814,2,8,32799,32798,00000,00000
BCN,5027,0000,063921,2,8,101814,2,8,32799,32798,00000,00000
BCN,5028,0000,063843,2,8,109792,2,8,32800,32798,00000,00000
BCN,5029,3511,063843,2,8,109792,2,8,32800,32798,00000,00000
BCN,5030,0000,063843,2,8,109792,2,8,32800,32798,00000,00000
BCN,5031,0000,063843,2,8,109792,2,8,32800,32798,00000,00000
BCN,5032,0000,063843,2,8,109792,2,8,32800,32798,00000,00000
BCN,5033,0000,063843,2,8,109792,2,8,32800,32798,00000,00000
BCN,5034,0000,066112,2,9,114349,2,8,32800,32798,00000,00000
BCN,5035,3482,066112,2,9,114349,2,8,32800,32798,00000,00000
BCN,5036,3482,066112,2,9,114349,2,8,32800,32798,00000,00000
BCN,5037,3721,066112,2,9,114349,2,8,32800,32798,00000,00000
BCN,5038,0000,066112,2,9,114349,2,8,32800,32798,00000,00000
BCN,5039,3363,066112,2,9,114349,2,8,32800,32798,00000,00000
BCN,5040,3776,063986,2,8,119412,2,9,32799,32798,00000,00000
BCN,5041,3888,063986,2,8,119412,2,9,32799,32798,00000,00000
BCN,5042,0000,063986,2,8,119412,2,9,32799,32798,00000,00000
BCN,5043,3507,063986,2,8,119412,2,9,32799,32798,00000,00000
BCN,5044,3908,063986,2,8,119412,2,9,32799,32798,00000,00000
BCN,5045,3849,063986,2,8,119412,2,9,32799,32798,00000,00000
BCN,5046,0000,063986,2,8,119412,2,9,32799,32798,00000,00000
BCN,5047,0000,063895,2,8,128617,2,9,32800,32798,00000,00000
BCN,5048,0000,063895,2,8,128617,2,9,32800,32798,00000,00000
BCN,5049,3702,063895,2,8,128617,2,9,32800,32798,00000,00000
BCN,5050,3295,063895,2,8,128617,2,9,32800,32798,00000,00000
BCN,5051,3532,063895,2,8,128617,2,9,32800,32798,00000,00000
BCN,5052,0000,063895,2,8,128617,2,9,32800,32798,00000,00000
BCN,5053,0000,066138,2,9,129045,2,9,32800,32798,00000,00000
BCN,5054,0000,066138,2,9,129045,2,9,32800,32798,00000,00000
BCN,5055,0000,066138,2,9,129045,2,9,32800,32798,00000,00000
BCN,5056,3631,066138,2,9,129045,2,9,32800,32798,00000,00000
BCN,5057,3840,066138,2,9,129045,2,9,32800,32798,00000,00000
BCN,5058,3545,066138,2,9,129045,2,9,32800,32798,00000,00000
BCN,5059,3667,062055,2,8,125003,2,9,32799,32798,00000,00000
BCN,5060,3789,062055,2,8,125003,2,9,32799,32798,00000,00000
BCN,5061,0000,062055,2,8,125003,2,9,32799,32798,00000,00000
BCN,5062,0000,062055,2,8,125003,2,9,32799,32798,00000,00000
BCN,5063,3657,062055,2,8,125003,2,9,32799,32798,00000,00000
BCN,5064,0000,062055,2,8,125003,2,9,32799,32798,00000,00000
BCN,5065,0000,063973,2,8,121116,2,9,32800,32798,00000,00000
BCN,5066,3732,063973,2,8,121116,2,9,32800,32798,00000,00000
BCN,5067,0000,063973,2,8,121116,2,9,32800,32798,00000,00000
BCN,5068,0000,063973,2,8,121116,2,9,32800,32798,00000,00000
BCN,5069,0000,063973,2,8,121116,2,9,32800,32798,00000,00000
BCN,5070,0000,063973,2,8,121116,2,9,32800,32798,00000,00000
BCN,5071,0000,066203,2,9,120531,2,9,32800,32798,00000,00000
BCN,5072,3858,066203,2,9,120531,2,9,32800,32798,00000,00000
BCN,5073,3794,066203,2,9,120531,2,9,32800,32798,00000,00000
BCN,5074,3802,066203,2,9,120531,2,9,32800,32798,00000,00000
BCN,5075,0000,066203,2,9,120531,2,9,32800,32798,00000,00000
BCN,5076,4034,066203,2,9,120531,2,9,32800,32798,00000,00000
BCN,5077,3802,062094,2,8,110112,2,8,32799,32798,00000,00000
BCN,5078,3565,062094,2,8,110112,2,8,32799,32798,00000,00000
BCN,5079,3972,062094,2,8,110112,2,8,32799,32798,00000,00000
BCN,5080,4050,062094,2,8,110112,2,8,32799,32798,00000,00000
BCN,5081,0000,062094,2,8,110112,2,8,32799,32798,00000,00000
BCN,5082,3878,062094,2,8,110112,2,8,32799,32798,00000,00000
BCN,5083,3827,062094,2,8,110112,2,8,32799,32798,00000,00000
BCN,5084,3970,064012,2,8,108952,2,7,32800,32798,00000,00000
BCN,5085,0000,064012,2,8,108952,2,7,32800,32798,00000,00000
BCN,5086,3579,064012,2,8,108952,2,7,32800,32798,00000,00000
BCN,5087,3922,064012,2,8,108952,2,7,32800,32798,00000,00000
BCN,5088,3739,064012,2,8,108952,2,7,32800,32798,00000,00000
BCN,5089,0000,064012,2,8,108952,2,7,32800,32798,00000,00000
BCN,5090,0000,066229,2,9,119613,2,8,32800,32797,00000,00000
BCN,5091,0000,066229,2,9,119613,2,8,32800,32797,00000,00000
BCN,5092,0000,066229,2,9,119613,2,8,32800,32797,00000,00000
BCN,5093,3559,066229,2,9,119613,2,8,32800,32797,00000,00000
BCN,5094,3813,066229,2,9,119613,2,8,32800,32797,00000,00000
BCN,5095,3789,066229,2,9,119613,2,8,32800,32797,00000,00000
BCN,5096,3817,060150,2,8,126307,2,9,32799,32797,00000,00000
BCN,5097,3565,060150,2,8,126307,2,9,32799,32797,00000,00000
BCN,5098,0000,060150,2,8,126307,2,9,32799,32797,00000,00000
BCN,5099,0000,060150,2,8,126307,2,9,32799,32797,00000,00000
BCN,5100,3674,060150,2,8,126307,2,9,32799,32797,00000,00000
BCN,5101,0000,060150,2,8,126307,2,9,32799,32797,00000,00000
BCN,5102,0000,064090,2,8,132633,2,9,32800,32797,00000,00000
BCN,5103,3821,064090,2,8,132633,2,9,32800,32797,00000,00000
BCN,5104,0000,064090,2,8,132633,2,9,32800,32797,00000,00000
BCN,5105,0000,064090,2,8,132633,2,9,32800,32797,00000,00000
BCN,5106,3684,064090,2,8,132633,2,9,32800,32797,00000,00000
BCN,5107,0000,064090,2,8,132633,2,9,32800,32797,00000,00000
BCN,5108,0000,066281,2,9,127263,2,9,32800,32797,00000,00000
BCN,5109,3582,066281,2,9,127263,2,9,32800,32797,00000,00000
BCN,5110,0000,066281,2,9,127263,2,9,32800,32797,00000,00000
BCN,5111,0000,066281,2,9,127263,2,9,32800,32797,00000,00000
BCN,5112,0000,066281,2,9,127263,2,9,32800,32797,00000,00000
BCN,5113,0000,066281,2,9,127263,2,9,32800,32797,00000,00000
BCN,5114,0000,060189,2,8,125283,2,9,32799,32797,00000,00000
BCN,5115,3890,060189,2,8,125283,2,9,32799,32797,00000,00000
BCN,5116,3894,060189,2,8,125283,2,9,32799,32797,00000,00000
BCN,5117,3501,060189,2,8,125283,2,9,32799,32797,00000,00000
BCN,5118,0000,060189,2,8,125283,2,9,32799,32797,00000,00000
BCN,5119,3564,060189,2,8,125283,2,9,32799,32797,00000,00000
BCN,5120,3675,060189,2,8,125283,2,9,32799,32797,00000,00000
BCN,5121,3453,064116,2,8,113937,2,8,32800,32797,00000,00000
BCN,5122,0000,064116,2,8,113937,2,8,32800,32797,00000,00000
BCN,5123,3517,064116,2,8,113937,2,8,32800,32797,00000,00000
BCN,5124,3323,064116,2,8,113937,2,8,32800,32797,00000,00000
BCN,5125,3542,064116,2,8,113937,2,8,32800,32797,00000,00000
BCN,5126,0000,064116,2,8,113937,2,8,32800,32797,00000,00000
BCN,5127,0000,066307,2,9,105607,2,7,32800,32796,00000,00000
BCN,5128,0000,066307,2,9,105607,2,7,32800,32796,00000,00000
BCN,5129,0000,066307,2,9,105607,2,7,32800,32796,00000,00000
BCN,5130,3658,066307,2,9,105607,2,7,32800,32796,00000,00000
BCN,5131,3730,066307,2,9,105607,2,7,32800,32796,00000,00000
BCN,5132,0000,066307,2,9,105607,2,7,32800,32796,00000,00000
BCN,5133,0000,060215,2,8,115127,2,8,32799,32796,00000,00000
BCN,5134,0000,060215,2,8,115127,2,8,32799,32796,00000,00000
BCN,5135,0000,060215,2,8,115127,2,8,32799,32796,00000,00000
BCN,5136,3311,060215,2,8,115127,2,8,32799,32796,00000,00000
BCN,5137,3848,060215,2,8,115127,2,8,32799,32796,00000,00000
BCN,5138,3795,060215,2,8,115127,2,8,32799,32796,00000,00000
BCN,5139,3724,064129,2,8,126857,2,9,32800,32796,00000,00000
BCN,5140,3403,064129,2,8,126857,2,9,32800,32796,00000,00000
BCN,5141,0000,064129,2,8,126857,2,9,32800,32796,00000,00000
BCN,5142,0000,064129,2,8,126857,2,9,32800,32796,00000,00000
BCN,5143,3912,064129,2,8,126857,2,9,32800,32796,00000,00000
BCN,5144,0000,064129,2,8,126857,2,9,32800,32796,00000,00000
BCN,5145,0000,066320,2,9,131203,2,9,32800,32796,00000,00000
BCN,5146,3542,066320,2,9,131203,2,9,32800,32796,00000,00000
BCN,5147,0000,066320,2,9,131203,2,9,32800,32796,00000,00000
BCN,5148,0000,066320,2,9,131203,2,9,32800,32796,00000,00000
BCN,5149,0000,066320,2,9,131203,2,9,32800,32796,00000,00000
BCN,5150,0000,066320,2,9,131203,2,9,32800,32796,00000,00000
BCN,5151,0000,060215,2,8,130303,2,9,32799,32796,00000,00000
BCN,5152,3762,060215,2,8,130303,2,9,32799,32796,00000,00000
BCN,5153,3565,060215,2,8,130303,2,9,32799,32796,00000,00000
BCN,5154,3912,060215,2,8,130303,2,9,32799,32796,00000,00000
BCN,5155,0000,060215,2,8,130303,2,9,32799,32796,00000,00000
BCN,5156,3453,060215,2,8,130303,2,9,32799,32796,00000,00000
BCN,5157,3545,060215,2,8,130303,2,9,32799,32796,00000,00000
BCN,5158,3638,066281,2,9,122505,2,9,32800,32796,00000,00000
BCN,5159,0000,066281,2,9,122505,2,9,32800,32796,00000,00000
BCN,5160,3494,066281,2,9,122505,2,9,32800,32796,00000,00000
BCN,5161,0000,066281,2,9,122505,2,9,32800,32796,00000,00000
BCN,5162,4005,066281,2,9,122505,2,9,32800,32796,00000,00000
BCN,5163,3486,066281,2,9,122505,2,9,32800,32796,00000,00000
BCN,5164,3748,066203,2,9,116383,2,8,32800,32796,00000,00000
BCN,5165,0000,066203,2,9,116383,2,8,32800,32796,00000,00000
BCN,5166,3327,066203,2,9,116383,2,8,32800,32796,00000,00000
BCN,5167,3936,066203,2,9,116383,2,8,32800,32796,00000,00000
BCN,5168,3793,066203,2,9,116383,2,8,32800,32796,00000,00000
BCN,5169,0000,066203,2,9,116383,2,8,32800,32796,00000,00000
BCN,5170,0000,062042,2,8,112002,2,8,32800,32796,00000,00000
BCN,5171,0000,062042,2,8,112002,2,8,32800,32796,00000,00000
BCN,5172,0000,062042,2,8,112002,2,8,32800,32796,00000,00000
BCN,5173,3435,062042,2,8,112002,2,8,32800,32796,00000,00000
BCN,5174,3487,062042,2,8,112002,2,8,32800,32796,00000,00000
BCN,5175,3543,062042,2,8,112002,2,8,32800,32796,00000,00000
BCN,5176,3503,064012,2,8,107466,2,7,32799,32795,00000,00000
BCN,5177,3824,064012,2,8,107466,2,7,32799,32795,00000,00000
BCN,5178,0000,064012,2,8,107466,2,7,32799,32795,00000,00000
BCN,5179,0000,064012,2,8,107466,2,7,32799,32795,00000,00000
BCN,5180,3922,064012,2,8,107466,2,7,32799,32795,00000,00000
BCN,5181,0000,064012,2,8,107466,2,7,32799,32795,00000,00000
BCN,5182,0000,059838,2,8,119351,2,8,32799,32795,00000,00000
BCN,5183,0000,059838,2,8,119351,2,8,32799,32795,00000,00000
BCN,5184,3482,059838,2,8,119351,2,8,32799,32795,00000,00000
BCN,5185,3844,059838,2,8,119351,2,8,32799,32795,00000,00000
BCN,5186,0000,059838,2,8,119351,2,8,32799,32795,00000,00000
BCN,5187,3738,059838,2,8,119351,2,8,32799,32795,00000,00000
BCN,5188,3510,070091,2,9,072134,2,5,32800,32795,00000,00000
BCN,5189,3674,070091,2,9,072134,2,5,32800,32795,00000,00000
BCN,5190,0000,070091,2,9,072134,2,5,32800,32795,00000,00000
BCN,5191,3785,070091,2,9,072134,2,5,32800,32795,00000,00000
BCN,5192,3501,070091,2,9,072134,2,5,32800,32795,00000,00000
BCN,5193,3661,070091,2,9,072134,2,5,32800,32795,00000,00000
BCN,5194,0000,070091,2,9,072134,2,5,32800,32795,00000,00000
BCN,5195,0000,063869,2,8,126310,2,9,32800,32799,00000,00000
BCN,5196,0000,063869,2,8,126310,2,9,32800,32799,00000,00000
BCN,5197,0000,063869,2,8,126310,2,9,32800,32799,00000,00000
BCN,5198,3805,063869,2,8,126310,2,9,32800,32799,00000,00000
BCN,5199,3819,063869,2,8,126310,2,9,32800,32799,00000,00000
BCN,5200,3545,063869,2,8,126310,2,9,32800,32799,00000,00000
BCN,5201,3739,065748,2,9,121440,2,8,32800,32799,00000,00000
BCN,5202,3853,065748,2,9,121440,2,8,32800,32799,00000,00000
BCN,5203,0000,065748,2,9,121440,2,8,32800,32799,00000,00000
BCN,5204,0000,065748,2,9,121440,2,8,32800,32799,00000,00000
BCN,5205,3693,065748,2,9,121440,2,8,32800,32799,00000,00000
BCN,5206,3622,065748,2,9,121440,2,8,32800,32799,00000,00000
BCN,5207,3731,063856,2,8,116291,2,8,32800,32799,00000,00000
BCN,5208,3814,063856,2,8,116291,2,8,32800,32799,00000,00000
BCN,5209,0000,063856,2,8,116291,2,8,32800,32799,00000,00000
BCN,5210,0000,063856,2,8,116291,2,8,32800,32799,00000,00000
BCN,5211,3741,063856,2,8,116291,2,8,32800,32799,00000,00000
BCN,5212,0000,063856,2,8,116291,2,8,32800,32799,00000,00000
BCN,5213,0000,063830,2,8,113024,2,8,32799,32799,00000,00000
BCN,5214,3517,063830,2,8,113024,2,8,32799,32799,00000,00000
BCN,5215,0000,063830,2,8,113024,2,8,32799,32799,00000,00000
BCN,5216,0000,063830,2,8,113024,2,8,32799,32799,00000,00000
BCN,5217,0000,063830,2,8,113024,2,8,32799,32799,00000,00000
BCN,5218,0000,063830,2,8,113024,2,8,32799,32799,00000,00000
BCN,5219,0000,063778,2,8,105511,2,7,32800,32798,00000,00000
BCN,5220,3531,063778,2,8,105511,2,7,32800,32798,00000,00000
BCN,5221,3700,063778,2,8,105511,2,7,32800,32798,00000,00000
BCN,5222,3327,063778,2,8,105511,2,7,32800,32798,00000,00000
BCN,5223,0000,063778,2,8,105511,2,7,32800,32798,00000,00000
BCN,5224,3883,063778,2,8,105511,2,7,32800,32798,00000,00000
BCN,5225,3660,066060,2,9,120858,2,8,32800,32798,00000,00000
BCN,5226,3739,066060,2,9,120858,2,8,32800,32798,00000,00000
BCN,5227,0000,066060,2,9,120858,2,8,32800,32798,00000,00000
BCN,5228,3893,066060,2,9,120858,2,8,32800,32798,00000,00000
BCN,5229,3701,066060,2,9,120858,2,8,32800,32798,00000,00000
BCN,5230,3327,066060,2,9,120858,2,8,32800,32798,00000,00000
BCN,5231,0000,066060,2,9,120858,2,8,32800,32798,00000,00000
BCN,5232,0000,061990,2,8,126074,2,9,32799,32798,00000,00000
BCN,5233,0000,061990,2,8,126074,2,9,32799,32798,00000,00000
BCN,5234,3592,061990,2,8,126074,2,9,32799,32798,00000,00000
BCN,5235,3674,061990,2,8,126074,2,9,32799,32798,00000,00000
BCN,5236,3435,061990,2,8,126074,2,9,32799,32798,00000,00000
BCN,5237,0000,061990,2,8,126074,2,9,32799,32798,00000,00000
BCN,5238,0000,063934,2,8,131805,2,9,32800,32798,00000,00000
BCN,5239,0000,063934,2,8,131805,2,9,32800,32798,00000,00000
BCN,5240,0000,063934,2,8,131805,2,9,32800,32798,00000,00000
BCN,5241,3547,063934,2,8,131805,2,9,32800,32798,00000,00000
BCN,5242,3788,063934,2,8,131805,2,9,32800,32798,00000,00000
BCN,5243,3534,063934,2,8,131805,2,9,32800,32798,00000,00000
BCN,5244,3830,066164,2,9,133837,2,9,32800,32798,00000,00000
BCN,5245,3939,066164,2,9,133837,2,9,32800,32798,00000,00000
BCN,5246,0000,066164,2,9,133837,2,9,32800,32798,00000,00000
BCN,5247,0000,066164,2,9,133837,2,9,32800,32798,00000,00000
BCN,5248,3435,066164,2,9,133837,2,9,32800,32798,00000,00000
BCN,5249,0000,066164,2,9,133837,2,9,32800,32798,00000,00000
BCN,5250,0000,060111,2,8,123033,2,9,32799,32798,00000,00000
BCN,5251,3913,060111,2,8,123033,2,9,32799,32798,00000,00000
BCN,5252,0000,060111,2,8,123033,2,9,32799,32798,00000,00000
BCN,5253,0000,060111,2,8,123033,2,9,32799,32798,00000,00000
BCN,5254,0000,060111,2,8,123033,2,9,32799,32798,00000,00000
BCN,5255,0000,060111,2,8,123033,2,9,32799,32798,00000,00000
BCN,5256,0000,066190,2,9,122246,2,8,32800,32798,00000,00000
BCN,5257,3673,066190,2,9,122246,2,8,32800,32798,00000,00000
BCN,5258,3892,066190,2,9,122246,2,8,32800,32798,00000,00000
BCN,5259,3657,066190,2,9,122246,2,8,32800,32798,00000,00000
BCN,5260,0000,066190,2,9,122246,2,8,32800,32798,00000,00000
BCN,5261,3801,066190,2,9,122246,2,8,32800,32798,00000,00000
BCN,5262,3510,068095,2,9,112024,2,8,32800,32798,00000,00000
BCN,5263,3789,068095,2,9,112024,2,8,32800,32798,00000,00000
BCN,5264,3506,068095,2,9,112024,2,8,32800,32798,00000,00000
BCN,5265,3663,068095,2,9,112024,2,8,32800,32798,00000,00000
BCN,5266,0000,068095,2,9,112024,2,8,32800,32798,00000,00000
BCN,5267,3665,068095,2,9,112024,2,8,32800,32798,00000,00000
BCN,5268,3699,068095,2,9,112024,2,8,32800,32798,00000,00000
BCN,5269,3499,061925,2,8,108639,2,8,32800,32798,00000,00000
BCN,5270,0000,061925,2,8,108639,2,8,32800,32798,00000,00000
BCN,5271,3510,061925,2,8,108639,2,8,32800,32798,00000,00000
BCN,5272,3509,061925,2,8,108639,2,8,32800,32798,00000,00000
BCN,5273,3326,061925,2,8,108639,2,8,32800,32798,00000,00000
BCN,5274,0000,061925,2,8,108639,2,8,32800,32798,00000,00000
BCN,5275,0000,063921,2,8,114160,2,8,32799,32797,00000,00000
BCN,5276,0000,063921,2,8,114160,2,8,32799,32797,00000,00000
BCN,5277,0000,063921,2,8,114160,2,8,32799,32797,00000,00000
BCN,5278,3969,063921,2,8,114160,2,8,32799,32797,00000,00000
BCN,5279,3533,063921,2,8,114160,2,8,32799,32797,00000,00000
BCN,5280,3786,063921,2,8,114160,2,8,32799,32797,00000,00000
BCN,5281,3880,059773,2,8,118600,2,8,32799,32797,00000,00000
BCN,5282,3787,059773,2,8,118600,2,8,32799,32797,00000,00000
BCN,5283,0000,059773,2,8,118600,2,8,32799,32797,00000,00000
BCN,5284,0000,059773,2,8,118600,2,8,32799,32797,00000,00000
BCN,5285,3531,059773,2,8,118600,2,8,32799,32797,00000,00000
BCN,5286,0000,059773,2,8,118600,2,8,32799,32797,00000,00000
BCN,5287,0000,068082,2,9,129609,2,9,32800,32797,00000,00000
BCN,5288,3881,068082,2,9,129609,2,9,32800,32797,00000,00000
BCN,5289,0000,068082,2,9,129609,2,9,32800,32797,00000,00000
BCN,5290,0000,068082,2,9,129609,2,9,32800,32797,00000,00000
BCN,5291,2941,068082,2,9,129609,2,9,32800,32797,00000,00000
BCN,5292,0000,068082,2,9,129609,2,9,32800,32797,00000,00000
BCN,5293,0000,063908,2,8,129871,2,9,32800,32797,00000,00000
BCN,5294,3970,063908,2,8,129871,2,9,32800,32797,00000,00000
BCN,5295,0000,063908,2,8,129871,2,9,32800,32797,00000,00000
BCN,5296,0000,063908,2,8,129871,2,9,32800,32797,00000,00000
BCN,5297,0000,063908,2,8,129871,2,9,32800,32797,00000,00000
BCN,5298,0000,063908,2,8,129871,2,9,32800,32797,00000,00000
BCN,5299,0000,067926,2,9,129144,2,9,32800,32797,00000,00000
BCN,5300,3691,067926,2,9,129144,2,9,32800,32797,00000,00000
BCN,5301,3509,067926,2,9,129144,2,9,32800,32797,00000,00000
BCN,5302,3567,067926,2,9,129144,2,9,32800,32797,00000,00000
BCN,5303,0000,067926,2,9,129144,2,9,32800,32797,00000,00000
BCN,5304,3912,067926,2,9,129144,2,9,32800,32797,00000,00000
BCN,5305,3801,067926,2,9,129144,2,9,32800,32797,00000,00000
BCN,5306,3547,066099,2,9,123255,2,9,32800,32797,00000,00000
BCN,5307,0000,066099,2,9,123255,2,9,32800,32797,00000,00000
BCN,5308,3319,066099,2,9,123255,2,9,32800,32797,00000,00000
BCN,5309,3661,066099,2,9,123255,2,9,32800,32797,00000,00000
BCN,5310,3968,066099,2,9,123255,2,9,32800,32797,00000,00000
BCN,5311,0000,066099,2,9,123255,2,9,32800,32797,00000,00000
BCN,5312,0000,060046,2,8,114865,2,8,32799,32797,00000,00000
BCN,5313,0000,060046,2,8,114865,2,8,32799,32797,00000,00000
BCN,5314,0000,060046,2,8,114865,2,8,32799,32797,00000,00000
BCN,5315,3291,060046,2,8,114865,2,8,32799,32797,00000,00000
BCN,5316,3514,060046,2,8,114865,2,8,32799,32797,00000,00000
BCN,5317,3694,060046,2,8,114865,2,8,32799,32797,00000,00000
BCN,5318,3796,066151,2,9,106455,2,8,32800,32797,00000,00000
BCN,5319,0000,066151,2,9,106455,2,8,32800,32797,00000,00000
BCN,5320,0000,066151,2,9,106455,2,8,32800,32797,00000,00000
BCN,5321,3821,066151,2,9,106455,2,8,32800,32797,00000,00000
BCN,5322,3418,066151,2,9,106455,2,8,32800,32797,00000,00000
BCN,5323,3482,066151,2,9,106455,2,8,32800,32797,00000,00000
BCN,5324,3566,066112,2,9,112614,2,8,32800,32796,00000,00000
BCN,5325,3800,066112,2,9,112614,2,8,32800,32796,00000,00000
BCN,5326,0000,066112,2,9,112614,2,8,32800,32796,00000,00000
BCN,5327,0000,066112,2,9,112614,2,8,32800,32796,00000,00000
BCN,5328,3566,066112,2,9,112614,2,8,32800,32796,00000,00000
BCN,5329,0000,066112,2,9,112614,2,8,32800,32796,00000,00000
BCN,5330,0000,061977,2,8,120084,2,8,32800,32796,00000,00000
BCN,5331,3693,061977,2,8,120084,2,8,32800,32796,00000,00000
BCN,5332,0000,061977,2,8,120084,2,8,32800,32796,00000,00000
BCN,5333,0000,061977,2,8,120084,2,8,32800,32796,00000,00000
BCN,5334,0000,061977,2,8,120084,2,8,32800,32796,00000,00000
BCN,5335,0000,061977,2,8,120084,2,8,32800,32796,00000,00000
BCN,5336,0000,063960,2,8,126178,2,9,32799,32796,00000,00000
BCN,5337,3691,063960,2,8,126178,2,9,32799,32796,00000,00000
BCN,5338,3756,063960,2,8,126178,2,9,32799,32796,00000,00000
BCN,5339,3431,063960,2,8,126178,2,9,32799,32796,00000,00000
BCN,5340,0000,063960,2,8,126178,2,9,32799,32796,00000,00000
BCN,5341,3734,063960,2,8,126178,2,9,32799,32796,00000,00000
BCN,5342,3433,063960,2,8,126178,2,9,32799,32796,00000,00000
BCN,5343,3691,061717,2,8,129580,2,9,32800,32796,00000,00000
BCN,5344,0000,061717,2,8,129580,2,9,32800,32796,00000,00000
BCN,5345,3660,061717,2,8,129580,2,9,32800,32796,00000,00000
BCN,5346,3753,061717,2,8,129580,2,9,32800,32796,00000,00000
BCN,5347,3731,061717,2,8,129580,2,9,32800,32796,00000,00000
BCN,5348,3581,061717,2,8,129580,2,9,32800,32796,00000,00000
BCN,5349,3912,063908,2,8,128765,2,9,32800,32796,00000,00000
BCN,5350,0000,063908,2,8,128765,2,9,32800,32796,00000,00000
BCN,5351,3881,063908,2,8,128765,2,9,32800,32796,00000,00000
BCN,5352,3913,063908,2,8,128765,2,9,32800,32796,00000,00000
BCN,5353,3414,063908,2,8,128765,2,9,32800,32796,00000,00000
BCN,5354,0000,063908,2,8,128765,2,9,32800,32796,00000,00000
BCN,5355,0000,061912,2,8,123094,2,9,32799,32796,00000,00000
BCN,5356,0000,061912,2,8,123094,2,9,32799,32796,00000,00000
BCN,5357,0000,061912,2,8,123094,2,9,32799,32796,00000,00000
BCN,5358,3794,061912,2,8,123094,2,9,32799,32796,00000,00000
BCN,5359,3763,061912,2,8,123094,2,9,32799,32796,00000,00000
BCN,5360,3483,061912,2,8,123094,2,9,32799,32796,00000,00000
BCN,5361,3732,063869,2,8,118698,2,8,32800,32796,00000,00000
BCN,5362,3848,063869,2,8,118698,2,8,32800,32796,00000,00000
BCN,5363,0000,063869,2,8,118698,2,8,32800,32796,00000,00000
BCN,5364,0000,063869,2,8,118698,2,8,32800,32796,00000,00000
BCN,5365,3530,063869,2,8,118698,2,8,32800,32796,00000,00000
BCN,5366,0000,063869,2,8,118698,2,8,32800,32796,00000,00000
BCN,5367,0000,066125,2,9,111937,2,8,32800,32796,00000,00000
BCN,5368,3565,066125,2,9,111937,2,8,32800,32796,00000,00000
BCN,5369,0000,066125,2,9,111937,2,8,32800,32796,00000,00000
BCN,5370,0000,066125,2,9,111937,2,8,32800,32796,00000,00000
BCN,5371,0000,066125,2,9,111937,2,8,32800,32796,00000,00000
BCN,5372,0000,066125,2,9,111937,2,8,32800,32796,00000,00000
BCN,5373,0000,060072,2,8,106840,2,8,32799,32796,00000,00000
BCN,5374,3475,060072,2,8,106840,2,8,32799,32796,00000,00000
BCN,5375,3480,060072,2,8,106840,2,8,32799,32796,00000,00000
BCN,5376,3881,060072,2,8,106840,2,8,32799,32796,00000,00000
BCN,5377,0000,060072,2,8,106840,2,8,32799,32796,00000,00000
BCN,5378,0000,060072,2,8,106840,2,8,32799,32796,00000,00000
BCN,5379,0000,060072,2,8,106840,2,8,32799,32796,00000,00000
BCN,5380,3620,068134,2,9,111467,2,8,32800,32795,00000,00000
BCN,5381,0000,068134,2,9,111467,2,8,32800,32795,00000,00000
BCN,5382,0000,068134,2,9,111467,2,8,32800,32795,00000,00000
BCN,5383,0000,068134,2,9,111467,2,8,32800,32795,00000,00000
BCN,5384,3755,068134,2,9,111467,2,8,32800,32795,00000,00000
BCN,5385,3852,068134,2,9,111467,2,8,32800,32795,00000,00000
BCN,5386,0000,068017,2,9,118686,2,8,32800,32795,00000,00000
BCN,5387,3517,068017,2,9,118686,2,8,32800,32795,00000,00000
BCN,5388,3821,068017,2,9,118686,2,8,32800,32795,00000,00000
BCN,5389,3502,068017,2,9,118686,2,8,32800,32795,00000,00000
BCN,5390,0000,068017,2,9,118686,2,8,32800,32795,00000,00000
BCN,5391,3453,068017,2,9,118686,2,8,32800,32795,00000,00000
BCN,5392,3517,061860,2,8,132683,2,9,32800,32830,00000,00000
BCN,5393,3730,061860,2,8,132683,2,9,32800,32830,00000,00000
BCN,5394,3652,061860,2,8,132683,2,9,32800,32830,00000,00000
BCN,5395,3634,061860,2,8,132683,2,9,32800,32830,00000,00000
BCN,5396,0000,061860,2,8,132683,2,9,32800,32830,00000,00000
BCN,5397,3435,061860,2,8,132683,2,9,32800,32830,00000,00000
BCN,5398,3846,063882,2,8,111417,2,8,32799,32829,00000,00000
BCN,5399,3503,063882,2,8,111417,2,8,32799,32829,00000,00000
BCN,5400,0000,063882,2,8,111417,2,8,32799,32829,00000,00000
BCN,5401,0000,063882,2,8,111417,2,8,32799,32829,00000,00000
BCN,5402,0000,063882,2,8,111417,2,8,32799,32829,00000,00000
BCN,5403,0000,063882,2,8,111417,2,8,32799,32829,00000,00000
BCN,5404,3502,061665,2,8,110944,2,8,32800,32828,00000,00000
BCN,5405,0000,061665,2,8,110944,2,8,32800,32828,00000,00000
BCN,5406,0000,061665,2,8,110944,2,8,32800,32828,00000,00000
BCN,5407,0000,061665,2,8,110944,2,8,32800,32828,00000,00000
BCN,5408,0000,061665,2,8,110944,2,8,32800,32828,00000,00000
BCN,5409,0000,061665,2,8,110944,2,8,32800,32828,00000,00000
BCN,5410,0000,063856,2,8,047097,2,3,32800,32832,00000,00000
BCN,5411,0000,063856,2,8,047097,2,3,32800,32832,00000,00000
BCN,5412,0000,063856,2,8,047097,2,3,32800,32832,00000,00000
BCN,5413,3789,063856,2,8,047097,2,3,32800,32832,00000,00000
BCN,5414,0000,063856,2,8,047097,2,3,32800,32832,00000,00000
BCN,5415,0000,063856,2,8,047097,2,3,32800,32832,00000,00000
BCN,5416,0000,063856,2,8,047097,2,3,32800,32832,00000,00000
BCN,5417,0000,063830,2,8,108283,2,8,32799,32815,00000,00000
BCN,5418,0000,063830,2,8,108283,2,8,32799,32815,00000,00000
BCN,5419,3638,063830,2,8,108283,2,8,32799,32815,00000,00000
BCN,5420,3629,063830,2,8,108283,2,8,32799,32815,00000,00000
BCN,5421,3692,063830,2,8,108283,2,8,32799,32815,00000,00000
BCN,5422,0000,063830,2,8,108283,2,8,32799,32815,00000,00000
BCN,5423,3755,063778,2,8,107420,2,8,32800,32814,00000,00000
BCN,5424,3374,063778,2,8,107420,2,8,32800,32814,00000,00000
BCN,5425,3479,063778,2,8,107420,2,8,32800,32814,00000,00000
BCN,5426,0000,063778,2,8,107420,2,8,32800,32814,00000,00000
BCN,5427,3263,063778,2,8,107420,2,8,32800,32814,00000,00000
BCN,5428,3435,063778,2,8,107420,2,8,32800,32814,00000,00000
BCN,5429,3602,066060,2,9,107524,2,8,32800,32812,00000,00000
BCN,5430,0000,066060,2,9,107524,2,8,32800,32812,00000,00000
BCN,5431,0000,066060,2,9,107524,2,8,32800,32812,00000,00000
BCN,5432,0000,066060,2,9,107524,2,8,32800,32812,00000,00000
BCN,5433,0000,066060,2,9,107524,2,8,32800,32812,00000,00000
BCN,5434,3245,066060,2,9,107524,2,8,32800,32812,00000,00000
BCN,5435,3750,060020,2,8,111037,2,8,32799,32811,00000,00000
BCN,5436,3675,060020,2,8,111037,2,8,32799,32811,00000,00000
BCN,5437,3657,060020,2,8,111037,2,8,32799,32811,00000,00000
BCN,5438,3864,060020,2,8,111037,2,8,32799,32811,00000,00000
BCN,5439,0000,060020,2,8,111037,2,8,32799,32811,00000,00000
BCN,5440,0000,060020,2,8,111037,2,8,32799,32811,00000,00000
BCN,5441,3810,063999,2,8,111771,2,8,32800,32810,00000,00000
BCN,5442,3666,063999,2,8,111771,2,8,32800,32810,00000,00000
BCN,5443,3792,063999,2,8,111771,2,8,32800,32810,00000,00000
BCN,5444,3620,063999,2,8,111771,2,8,32800,32810,00000,00000
BCN,5445,0000,063999,2,8,111771,2,8,32800,32810,00000,00000
BCN,5446,0000,063999,2,8,111771,2,8,32800,32810,00000,00000
BCN,5447,3788,068160,2,9,113316,2,8,32800,32809,00000,00000
BCN,5448,0000,068160,2,9,113316,2,8,32800,32809,00000,00000
BCN,5449,0000,068160,2,9,113316,2,8,32800,32809,00000,00000
BCN,5450,3509,068160,2,9,113316,2,8,32800,32809,00000,00000
BCN,5451,0000,068160,2,9,113316,2,8,32800,32809,00000,00000
BCN,5452,0000,068160,2,9,113316,2,8,32800,32809,00000,00000
BCN,5453,0000,068160,2,9,113316,2,8,32800,32809,00000,00000
BCN,5454,0000,061977,2,8,116898,2,8,32800,32808,00000,00000
BCN,5455,0000,061977,2,8,116898,2,8,32800,32808,00000,00000
BCN,5456,3849,061977,2,8,116898,2,8,32800,32808,00000,00000
BCN,5457,0000,061977,2,8,116898,2,8,32800,32808,00000,00000
BCN,5458,0000,061977,2,8,116898,2,8,32800,32808,00000,00000
BCN,5459,0000,061977,2,8,116898,2,8,32800,32808,00000,00000
BCN,5460,3437,063960,2,8,115801,2,8,32799,32807,00000,00000
BCN,5461,0000,063960,2,8,115801,2,8,32799,32807,00000,00000
BCN,5462,0000,063960,2,8,115801,2,8,32799,32807,00000,00000
BCN,5463,0000,063960,2,8,115801,2,8,32799,32807,00000,00000
BCN,5464,0000,063960,2,8,115801,2,8,32799,32807,00000,00000
BCN,5465,3283,063960,2,8,115801,2,8,32799,32807,00000,00000
BCN,5466,3477,059799,2,8,040917,2,3,32799,32771,00000,00000
BCN,5467,3446,059799,2,8,040917,2,3,32799,32771,00000,00000
BCN,5468,0000,059799,2,8,040917,2,3,32799,32771,00000,00000
BCN,5469,3545,059799,2,8,040917,2,3,32799,32771,00000,00000
BCN,5470,3608,059799,2,8,040917,2,3,32799,32771,00000,00000
BCN,5471,3183,059799,2,8,040917,2,3,32799,32771,00000,00000
BCN,5472,0000,059760,2,8,122530,2,9,32800,32766,00000,00000
BCN,5473,3667,059760,2,8,122530,2,9,32800,32766,00000,00000
BCN,5474,3762,059760,2,8,122530,2,9,32800,32766,00000,00000
BCN,5475,3656,059760,2,8,122530,2,9,32800,32766,00000,00000
BCN,5476,0000,059760,2,8,122530,2,9,32800,32766,00000,00000
BCN,5477,0000,059760,2,8,122530,2,9,32800,32766,00000,00000
BCN,5478,0000,061821,2,8,109101,2,8,32800,32767,00000,00000
BCN,5479,0000,061821,2,8,109101,2,8,32800,32767,00000,00000
BCN,5480,3662,061821,2,8,109101,2,8,32800,32767,00000,00000
BCN,5481,3619,061821,2,8,109101,2,8,32800,32767,00000,00000
BCN,5482,3373,061821,2,8,109101,2,8,32800,32767,00000,00000
BCN,5483,3682,061821,2,8,109101,2,8,32800,32767,00000,00000
BCN,5484,3529,063843,2,8,109468,2,8,32799,32768,00000,00000
BCN,5485,0000,063843,2,8,109468,2,8,32799,32768,00000,00000
BCN,5486,0000,063843,2,8,109468,2,8,32799,32768,00000,00000
BCN,5487,3483,063843,2,8,109468,2,8,32799,32768,00000,00000
BCN,5488,0000,063843,2,8,109468,2,8,32799,32768,00000,00000
BCN,5489,0000,063843,2,8,109468,2,8,32799,32768,00000,00000
BCN,5490,3562,063843,2,8,109468,2,8,32799,32768,00000,00000
BCN,5491,0000,061639,2,8,128721,2,9,32800,32768,00000,00000
BCN,5492,0000,061639,2,8,128721,2,9,32800,32768,00000,00000
BCN,5493,3522,061639,2,8,128721,2,9,32800,32768,00000,00000
BCN,5494,0000,061639,2,8,128721,2,9,32800,32768,00000,00000
BCN,5495,0000,061639,2,8,128721,2,9,32800,32768,00000,00000
BCN,5496,3381,061639,2,8,128721,2,9,32800,32768,00000,00000
BCN,5497,0000,063843,2,8,122898,2,9,32800,32768,00000,00000
BCN,5498,0000,063843,2,8,122898,2,9,32800,32768,00000,00000
BCN,5499,0000,063843,2,8,122898,2,9,32800,32768,00000,00000
BCN,5500,0000,063843,2,8,122898,2,9,32800,32768,00000,00000
BCN,5501,0000,063843,2,8,122898,2,9,32800,32768,00000,00000
BCN,5502,3657,063843,2,8,122898,2,9,32800,32768,00000,00000
BCN,5503,3532,063817,2,8,118568,2,9,32799,32768,00000,00000
BCN,5504,3430,063817,2,8,118568,2,9,32799,32768,00000,00000
BCN,5505,0000,063817,2,8,118568,2,9,32799,32768,00000,00000
BCN,5506,3844,063817,2,8,118568,2,9,32799,32768,00000,00000
BCN,5507,3437,063817,2,8,118568,2,9,32799,32768,00000,00000
BCN,5508,3693,063817,2,8,118568,2,9,32799,32768,00000,00000
BCN,5509,0000,063778,2,8,116983,2,9,32800,32768,00000,00000
BCN,5510,3629,063778,2,8,116983,2,9,32800,32768,00000,00000
BCN,5511,3629,063778,2,8,116983,2,9,32800,32768,00000,00000
BCN,5512,3737,063778,2,8,116983,2,9,32800,32768,00000,00000
BCN,5513,0000,063778,2,8,116983,2,9,32800,32768,00000,00000
BCN,5514,0000,063778,2,8,116983,2,9,32800,32768,00000,00000
BCN,5515,0000,066047,2,9,111268,2,8,32800,32768,00000,00000
BCN,5516,0000,066047,2,9,111268,2,8,32800,32768,00000,00000
BCN,5517,3281,066047,2,9,111268,2,8,32800,32768,00000,00000
BCN,5518,3403,066047,2,9,111268,2,8,32800,32768,00000,00000
BCN,5519,3375,066047,2,9,111268,2,8,32800,32768,00000,00000
BCN,5520,3556,066047,2,9,111268,2,8,32800,32768,00000,00000
BCN,5521,3712,060020,2,8,108670,2,8,32799,32768,00000,00000
BCN,5522,0000,060020,2,8,108670,2,8,32799,32768,00000,00000
BCN,5523,3840,060020,2,8,108670,2,8,32799,32768,00000,00000
BCN,5524,3634,060020,2,8,108670,2,8,32799,32768,00000,00000
BCN,5525,3531,060020,2,8,108670,2,8,32799,32768,00000,00000
BCN,5526,3379,060020,2,8,108670,2,8,32799,32768,00000,00000
BCN,5527,3666,060020,2,8,108670,2,8,32799,32768,00000,00000
BCN,5528,0000,063986,2,8,103209,2,8,32800,32768,00000,00000
BCN,5529,0000,063986,2,8,103209,2,8,32800,32768,00000,00000
BCN,5530,3070,063986,2,8,103209,2,8,32800,32768,00000,00000
BCN,5531,0000,063986,2,8,103209,2,8,32800,32768,00000,00000
BCN,5532,0000,063986,2,8,103209,2,8,32800,32768,00000,00000
BCN,5533,3507,063986,2,8,103209,2,8,32800,32768,00000,00000
BCN,5534,0000,066216,2,9,102264,2,8,32800,32767,00000,00000
BCN,5535,0000,066216,2,9,102264,2,8,32800,32767,00000,00000
BCN,5536,0000,066216,2,9,102264,2,8,32800,32767,00000,00000
BCN,5537,0000,066216,2,9,102264,2,8,32800,32767,00000,00000
BCN,5538,0000,066216,2,9,102264,2,8,32800,32767,00000,00000
BCN,5539,3652,066216,2,9,102264,2,8,32800,32767,00000,00000
BCN,5540,3602,060137,2,8,110589,2,8,32799,32768,00000,00000
BCN,5541,3069,060137,2,8,110589,2,8,32799,32768,00000,00000
BCN,5542,0000,060137,2,8,110589,2,8,32799,32768,00000,00000
BCN,5543,3652,060137,2,8,110589,2,8,32799,32768,00000,00000
BCN,5544,3482,060137,2,8,110589,2,8,32799,32768,00000,00000
BCN,5545,3495,060137,2,8,110589,2,8,32799,32768,00000,00000
BCN,5546,0000,064077,2,8,110514,2,8,32800,32768,00000,00000
BCN,5547,3721,064077,2,8,110514,2,8,32800,32768,00000,00000
BCN,5548,3406,064077,2,8,110514,2,8,32800,32768,00000,00000
BCN,5549,3373,064077,2,8,110514,2,8,32800,32768,00000,00000
BCN,5550,0000,064077,2,8,110514,2,8,32800,32768,00000,00000
BCN,5551,0000,064077,2,8,110514,2,8,32800,32768,00000,00000
BCN,5552,0000,066281,2,9,118862,2,9,32800,32768,00000,00000
BCN,5553,0000,066281,2,9,118862,2,9,32800,32768,00000,00000
BCN,5554,3621,066281,2,9,118862,2,9,32800,32768,00000,00000
BCN,5555,3498,066281,2,9,118862,2,9,32800,32768,00000,00000
BCN,5556,0000,066281,2,9,118862,2,9,32800,32768,00000,00000
BCN,5557,0000,066281,2,9,118862,2,9,32800,32768,00000,00000
BCN,5558,0000,060189,2,8,121661,2,9,32799,32768,00000,00000
BCN,5559,0000,060189,2,8,121661,2,9,32799,32768,00000,00000
BCN,5560,3648,060189,2,8,121661,2,9,32799,32768,00000,00000
BCN,5561,3071,060189,2,8,121661,2,9,32799,32768,00000,00000
BCN,5562,3321,060189,2,8,121661,2,9,32799,32768,00000,00000
BCN,5563,3545,060189,2,8,121661,2,9,32799,32768,00000,00000
BCN,5564,3324,060189,2,8,121661,2,9,32799,32768,00000,00000
BCN,5565,0000,064116,2,8,121671,2,9,32800,32768,00000,00000
BCN,5566,0000,064116,2,8,121671,2,9,32800,32768,00000,00000
BCN,5567,3611,064116,2,8,121671,2,9,32800,32768,00000,00000
BCN,5568,0000,064116,2,8,121671,2,9,32800,32768,00000,00000
BCN,5569,0000,064116,2,8,121671,2,9,32800,32768,00000,00000
BCN,5570,3371,064116,2,8,121671,2,9,32800,32768,00000,00000
BCN,5571,0000,066307,2,9,118410,2,9,32800,32768,00000,00000
BCN,5572,0000,066307,2,9,118410,2,9,32800,32768,00000,00000
BCN,5573,0000,066307,2,9,118410,2,9,32800,32768,00000,00000
BCN,5574,0000,066307,2,9,118410,2,9,32800,32768,00000,00000
BCN,5575,0000,066307,2,9,118410,2,9,32800,32768,00000,00000
BCN,5576,3473,066307,2,9,118410,2,9,32800,32768,00000,00000
BCN,5577,3433,060215,2,8,120610,2,9,32799,32768,00000,00000
BCN,5578,3465,060215,2,8,120610,2,9,32799,32768,00000,00000
BCN,5579,0000,060215,2,8,120610,2,9,32799,32768,00000,00000
BCN,5580,3071,060215,2,8,120610,2,9,32799,32768,00000,00000
BCN,5581,3293,060215,2,8,120610,2,9,32799,32768,00000,00000
BCN,5582,3293,060215,2,8,120610,2,9,32799,32768,00000,00000
BCN,5583,0000,066268,2,9,119450,2,9,32800,32768,00000,00000
BCN,5584,3648,066268,2,9,119450,2,9,32800,32768,00000,00000
BCN,5585,3035,066268,2,9,119450,2,9,32800,32768,00000,00000
BCN,5586,3429,066268,2,9,119450,2,9,32800,32768,00000,00000
BCN,5587,0000,066268,2,9,119450,2,9,32800,32768,00000,00000
BCN,5588,0000,066268,2,9,119450,2,9,32800,32768,00000,00000
BCN,5589,0000,066203,2,9,120705,2,9,32800,32768,00000,00000
BCN,5590,3063,066203,2,9,120705,2,9,32800,32768,00000,00000
BCN,5591,3055,066203,2,9,120705,2,9,32800,32768,00000,00000
BCN,5592,2991,066203,2,9,120705,2,9,32800,32768,00000,00000
BCN,5593,0000,066203,2,9,120705,2,9,32800,32768,00000,00000
BCN,5594,0000,066203,2,9,120705,2,9,32800,32768,00000,00000
BCN,5595,0000,062042,2,8,117320,2,9,32800,32768,00000,00000
BCN,5596,0000,062042,2,8,117320,2,9,32800,32768,00000,00000
BCN,5597,3497,062042,2,8,117320,2,9,32800,32768,00000,00000
BCN,5598,3063,062042,2,8,117320,2,9,32800,32768,00000,00000
BCN,5599,3430,062042,2,8,117320,2,9,32800,32768,00000,00000
BCN,5600,3219,062042,2,8,117320,2,9,32800,32768,00000,00000
BCN,5601,3067,062042,2,8,117320,2,9,32800,32768,00000,00000
BCN,5602,0000,064012,2,8,116019,2,9,32799,32768,00000,00000
BCN,5603,0000,064012,2,8,116019,2,9,32799,32768,00000,00000
BCN,5604,3282,064012,2,8,116019,2,9,32799,32768,00000,00000
BCN,5605,0000,064012,2,8,116019,2,9,32799,32768,00000,00000
BCN,5606,0000,064012,2,8,116019,2,9,32799,32768,00000,00000
BCN,5607,3348,064012,2,8,116019,2,9,32799,32768,00000,00000
BCN,5608,0000,059838,2,8,114168,2,9,32799,32768,00000,00000
BCN,5609,0000,059838,2,8,114168,2,9,32799,32768,00000,00000
BCN,5610,0000,059838,2,8,114168,2,9,32799,32768,00000,00000
BCN,5611,0000,059838,2,8,114168,2,9,32799,32768,00000,00000
BCN,5612,0000,059838,2,8,114168,2,9,32799,32768,00000,00000
BCN,5613,3258,059838,2,8,114168,2,9,32799,32768,00000,00000
BCN,5614,3421,070091,2,9,110101,2,9,32800,32768,00000,00000
BCN,5615,3349,070091,2,9,110101,2,9,32800,32768,00000,00000
BCN,5616,0000,070091,2,9,110101,2,9,32800,32768,00000,00000
BCN,5617,3584,070091,2,9,110101,2,9,32800,32768,00000,00000
BCN,5618,3656,070091,2,9,110101,2,9,32800,32768,00000,00000
BCN,5619,3420,070091,2,9,110101,2,9,32800,32768,00000,00000
BCN,5620,0000,063869,2,8,111270,2,9,32800,32768,00000,00000
BCN,5621,3369,063869,2,8,111270,2,9,32800,32768,00000,00000
BCN,5622,0000,063869,2,8,111270,2,9,32800,32768,00000,00000
BCN,5623,3648,063869,2,8,111270,2,9,32800,32768,00000,00000
BCN,5624,3401,063869,2,8,111270,2,9,32800,32768,00000,00000
BCN,5625,3262,063869,2,8,111270,2,9,32800,32768,00000,00000
BCN,5626,0000,067887,2,9,110038,2,9,32800,32768,00000,00000
BCN,5627,3039,067887,2,9,110038,2,9,32800,32768,00000,00000
BCN,5628,3071,067887,2,9,110038,2,9,32800,32768,00000,00000
BCN,5629,3191,067887,2,9,110038,2,9,32800,32768,00000,00000
BCN,5630,0000,067887,2,9,110038,2,9,32800,32768,00000,00000
BCN,5631,0000,067887,2,9,110038,2,9,32800,32768,00000,00000
BCN,5632,0000,061769,2,8,107359,2,8,32800,32768,00000,00000
BCN,5633,0000,061769,2,8,107359,2,8,32800,32768,00000,00000
BCN,5634,3259,061769,2,8,107359,2,8,32800,32768,00000,00000
BCN,5635,3275,061769,2,8,107359,2,8,32800,32768,00000,00000
BCN,5636,3409,061769,2,8,107359,2,8,32800,32768,00000,00000
BCN,5637,3494,061769,2,8,107359,2,8,32800,32768,00000,00000
BCN,5638,3467,061769,2,8,107359,2,8,32800,32768,00000,00000
BCN,5639,0000,063804,2,8,105289,2,8,32799,32768,00000,00000
BCN,5640,0000,063804,2,8,105289,2,8,32799,32768,00000,00000
BCN,5641,3315,063804,2,8,105289,2,8,32799,32768,00000,00000
BCN,5642,0000,063804,2,8,105289,2,8,32799,32768,00000,00000
BCN,5643,0000,063804,2,8,105289,2,8,32799,32768,00000,00000
BCN,5644,3425,063804,2,8,105289,2,8,32799,32768,00000,00000
BCN,5645,0000,063765,2,8,103595,2,8,32800,32768,00000,00000
BCN,5646,0000,063765,2,8,103595,2,8,32800,32768,00000,00000
BCN,5647,0000,063765,2,8,103595,2,8,32800,32768,00000,00000
BCN,5648,0000,063765,2,8,103595,2,8,32800,32768,00000,00000
BCN,5649,0000,063765,2,8,103595,2,8,32800,32768,00000,00000
BCN,5650,3438,063765,2,8,103595,2,8,32800,32768,00000,00000
BCN,5651,3252,066034,2,9,101905,2,8,32800,32768,00000,00000
BCN,5652,3584,066034,2,9,101905,2,8,32800,32768,00000,00000
BCN,5653,0000,066034,2,9,101905,2,8,32800,32768,00000,00000
BCN,5654,3251,066034,2,9,101905,2,8,32800,32768,00000,00000
BCN,5655,3489,066034,2,9,101905,2,8,32800,32768,00000,00000
BCN,5656,3310,066034,2,9,101905,2,8,32800,32768,00000,00000
BCN,5657,3473,061977,2,8,100350,2,8,32799,32768,00000,00000
BCN,5658,3364,061977,2,8,100350,2,8,32799,32768,00000,00000
BCN,5659,0000,061977,2,8,100350,2,8,32799,32768,00000,00000
BCN,5660,3053,061977,2,8,100350,2,8,32799,32768,00000,00000
BCN,5661,3251,061977,2,8,100350,2,8,32799,32768,00000,00000
BCN,5662,3190,061977,2,8,100350,2,8,32799,32768,00000,00000
BCN,5663,0000,063921,2,8,097733,2,8,32800,32768,00000,00000
BCN,5664,2943,063921,2,8,097733,2,8,32800,32768,00000,00000
BCN,5665,3062,063921,2,8,097733,2,8,32800,32768,00000,00000
BCN,5666,3347,063921,2,8,097733,2,8,32800,32768,00000,00000
BCN,5667,0000,063921,2,8,097733,2,8,32800,32768,00000,00000
BCN,5668,0000,063921,2,8,097733,2,8,32800,32768,00000,00000
BCN,5669,0000,066164,2,9,094796,2,8,32800,32768,00000,00000
BCN,5670,0000,066164,2,9,094796,2,8,32800,32768,00000,00000
BCN,5671,3229,066164,2,9,094796,2,8,32800,32768,00000,00000
BCN,5672,2942,066164,2,9,094796,2,8,32800,32768,00000,00000
BCN,5673,3227,066164,2,9,094796,2,8,32800,32768,00000,00000
BCN,5674,3307,066164,2,9,094796,2,8,32800,32768,00000,00000
BCN,5675,3043,066164,2,9,094796,2,8,32800,32768,00000,00000
BCN,5676,0000,060098,2,8,093069,2,7,32799,32767,00000,00000
BCN,5677,0000,060098,2,8,093069,2,7,32799,32767,00000,00000
BCN,5678,3492,060098,2,8,093069,2,7,32799,32767,00000,00000
BCN,5679,0000,060098,2,8,093069,2,7,32799,32767,00000,00000
BCN,5680,0000,060098,2,8,093069,2,7,32799,32767,00000,00000
BCN,5681,3054,060098,2,8,093069,2,7,32799,32767,00000,00000
BCN,5682,0000,064051,2,8,105533,2,8,32800,32768,00000,00000
BCN,5683,0000,064051,2,8,105533,2,8,32800,32768,00000,00000
BCN,5684,0000,064051,2,8,105533,2,8,32800,32768,00000,00000
BCN,5685,0000,064051,2,8,105533,2,8,32800,32768,00000,00000
BCN,5686,0000,064051,2,8,105533,2,8,32800,32768,00000,00000
BCN,5687,3283,064051,2,8,105533,2,8,32800,32768,00000,00000
BCN,5688,3393,066255,2,9,098437,2,8,32800,32768,00000,00000
BCN,5689,3220,066255,2,9,098437,2,8,32800,32768,00000,00000
BCN,5690,0000,066255,2,9,098437,2,8,32800,32768,00000,00000
BCN,5691,0000,066255,2,9,098437,2,8,32800,32768,00000,00000
BCN,5692,0000,066255,2,9,098437,2,8,32800,32768,00000,00000
BCN,5693,3001,066255,2,9,098437,2,8,32800,32768,00000,00000
BCN,5694,3481,060176,2,8,103698,2,8,32799,32768,00000,00000
BCN,5695,3465,060176,2,8,103698,2,8,32799,32768,00000,00000
BCN,5696,0000,060176,2,8,103698,2,8,32799,32768,00000,00000
BCN,5697,3430,060176,2,8,103698,2,8,32799,32768,00000,00000
BCN,5698,3027,060176,2,8,103698,2,8,32799,32768,00000,00000
BCN,5699,3585,060176,2,8,103698,2,8,32799,32768,00000,00000
BCN,5700,0000,066242,2,9,099724,2,8,32800,32768,00000,00000
BCN,5701,2995,066242,2,9,099724,2,8,32800,32768,00000,00000
BCN,5702,2935,066242,2,9,099724,2,8,32800,32768,00000,00000
BCN,5703,3007,066242,2,9,099724,2,8,32800,32768,00000,00000
BCN,5704,0000,066242,2,9,099724,2,8,32800,32768,00000,00000
BCN,5705,0000,066242,2,9,099724,2,8,32800,32768,00000,00000
BCN,5706,0000,066372,2,9,105744,2,9,32800,32768,00000,00000
BCN,5707,0000,066372,2,9,105744,2,9,32800,32768,00000,00000
BCN,5708,3253,066372,2,9,105744,2,9,32800,32768,00000,00000
BCN,5709,3402,066372,2,9,105744,2,9,32800,32768,00000,00000
BCN,5710,3405,066372,2,9,105744,2,9,32800,32768,00000,00000
BCN,5711,3055,066372,2,9,105744,2,9,32800,32768,00000,00000
BCN,5712,3286,066372,2,9,105744,2,9,32800,32768,00000,00000
BCN,5713,0000,060254,2,8,104843,2,8,32799,32768,00000,00000
BCN,5714,0000,060254,2,8,104843,2,8,32799,32768,00000,00000
BCN,5715,2927,060254,2,8,104843,2,8,32799,32768,00000,00000
BCN,5716,0000,060254,2,8,104843,2,8,32799,32768,00000,00000
BCN,5717,0000,060254,2,8,104843,2,8,32799,32768,00000,00000
BCN,5718,3348,060254,2,8,104843,2,8,32799,32768,00000,00000
BCN,5719,0000,066307,2,9,108239,2,9,32800,32768,00000,00000
BCN,5720,0000,066307,2,9,108239,2,9,32800,32768,00000,00000
BCN,5721,0000,066307,2,9,108239,2,9,32800,32768,00000,00000
BCN,5722,0000,066307,2,9,108239,2,9,32800,32768,00000,00000
BCN,5723,0000,066307,2,9,108239,2,9,32800,32768,00000,00000
BCN,5724,3480,066307,2,9,108239,2,9,32800,32768,00000,00000
BCN,5725,0000,066229,2,9,112393,2,9,32800,32768,00000,00000
BCN,5726,0000,066229,2,9,112393,2,9,32800,32768,00000,00000
BCN,5727,0000,066229,2,9,112393,2,9,32800,32768,00000,00000
BCN,5728,0000,066229,2,9,112393,2,9,32800,32768,00000,00000
BCN,5729,0000,066229,2,9,112393,2,9,32800,32768,00000,00000
BCN,5730,2967,066229,2,9,112393,2,9,32800,32768,00000,00000
BCN,5731,3031,062055,2,8,116389,2,9,32800,32768,00000,00000
BCN,5732,3275,062055,2,8,116389,2,9,32800,32768,00000,00000
BCN,5733,0000,062055,2,8,116389,2,9,32800,32768,00000,00000
BCN,5734,3369,062055,2,8,116389,2,9,32800,32768,00000,00000
BCN,5735,2907,062055,2,8,116389,2,9,32800,32768,00000,00000
BCN,5736,3286,062055,2,8,116389,2,9,32800,32768,00000,00000
BCN,5737,0000,064025,2,8,113211,2,9,32799,32768,00000,00000
BCN,5738,3361,064025,2,8,113211,2,9,32799,32768,00000,00000
BCN,5739,3394,064025,2,8,113211,2,9,32799,32768,00000,00000
BCN,5740,3369,064025,2,8,113211,2,9,32799,32768,00000,00000
BCN,5741,0000,064025,2,8,113211,2,9,32799,32768,00000,00000
BCN,5742,0000,064025,2,8,113211,2,9,32799,32768,00000,00000
BCN,5743,0000,059851,2,8,112605,2,9,32799,32768,00000,00000
BCN,5744,0000,059851,2,8,112605,2,9,32799,32768,00000,00000
BCN,5745,2999,059851,2,8,112605,2,9,32799,32768,00000,00000
BCN,5746,3163,059851,2,8,112605,2,9,32799,32768,00000,00000
BCN,5747,3235,059851,2,8,112605,2,9,32799,32768,00000,00000
BCN,5748,3123,059851,2,8,112605,2,9,32799,32768,00000,00000
BCN,5749,3305,059851,2,8,112605,2,9,32799,32768,00000,00000
BCN,5750,0000,070091,2,9,114358,2,9,32800,32768,00000,00000
BCN,5751,0000,070091,2,9,114358,2,9,32800,32768,00000,00000
BCN,5752,3246,070091,2,9,114358,2,9,32800,32768,00000,00000
BCN,5753,0000,070091,2,9,114358,2,9,32800,32768,00000,00000
BCN,5754,0000,070091,2,9,114358,2,9,32800,32768,00000,00000
BCN,5755,3175,070091,2,9,114358,2,9,32800,32768,00000,00000
BCN,5756,0000,063869,2,8,112600,2,9,32800,32768,00000,00000
BCN,5757,0000,063869,2,8,112600,2,9,32800,32768,00000,00000
BCN,5758,0000,063869,2,8,112600,2,9,32800,32768,00000,00000
BCN,5759,0000,063869,2,8,112600,2,9,32800,32768,00000,00000
BCN,5760,0000,063869,2,8,112600,2,9,32800,32768,00000,00000
BCN,5761,3046,063869,2,8,112600,2,9,32800,32768,00000,00000
BCN,5762,0000,067887,2,9,112579,2,9,32800,32768,00000,00000
BCN,5763,0000,067887,2,9,112579,2,9,32800,32768,00000,00000
BCN,5764,0000,067887,2,9,112579,2,9,32800,32768,00000,00000
BCN,5765,0000,067887,2,9,112579,2,9,32800,32768,00000,00000
BCN,5766,0000,067887,2,9,112579,2,9,32800,32768,00000,00000
BCN,5767,0000,067887,2,9,112579,2,9,32800,32768,00000,00000
BCN,5768,0000,061769,2,8,112650,2,9,32800,32768,00000,00000
BCN,5769,0000,061769,2,8,112650,2,9,32800,32768,00000,00000
BCN,5770,0000,061769,2,8,112650,2,9,32800,32768,00000,00000
BCN,5771,0000,061769,2,8,112650,2,9,32800,32768,00000,00000
BCN,5772,0000,061769,2,8,112650,2,9,32800,32768,00000,00000
BCN,5773,0000,061769,2,8,112650,2,9,32800,32768,00000,00000
BCN,5774,3059,063804,2,8,070940,2,6,32799,32768,00000,00000
BCN,5775,3035,063804,2,8,070940,2,6,32799,32768,00000,00000
BCN,5776,3067,063804,2,8,070940,2,6,32799,32768,00000,00000
BCN,5777,0000,063804,2,8,070940,2,6,32799,32768,00000,00000
BCN,5778,0000,063804,2,8,070940,2,6,32799,32768,00000,00000
BCN,5779,0000,063804,2,8,070940,2,6,32799,32768,00000,00000
BCN,5780,0000,061613,2,8,103822,2,8,32800,32757,00000,00000
BCN,5781,2877,061613,2,8,103822,2,8,32800,32757,00000,00000
BCN,5782,3366,061613,2,8,103822,2,8,32800,32757,00000,00000
BCN,5783,3347,061613,2,8,103822,2,8,32800,32757,00000,00000
BCN,5784,3227,061613,2,8,103822,2,8,32800,32757,00000,00000
BCN,5785,2962,061613,2,8,103822,2,8,32800,32757,00000,00000
BCN,5786,0000,061613,2,8,103822,2,8,32800,32757,00000,00000
BCN,5787,0000,063817,2,8,099745,2,8,32800,32757,00000,00000
BCN,5788,3035,063817,2,8,099745,2,8,32800,32757,00000,00000
BCN,5789,0000,063817,2,8,099745,2,8,32800,32757,00000,00000
BCN,5790,0000,063817,2,8,099745,2,8,32800,32757,00000,00000
BCN,5791,3186,063817,2,8,099745,2,8,32800,32757,00000,00000
BCN,5792,0000,063817,2,8,099745,2,8,32800,32757,00000,00000
BCN,5793,0000,063804,2,8,099084,2,8,32799,32758,00000,00000
BCN,5794,0000,063804,2,8,099084,2,8,32799,32758,00000,00000
BCN,5795,0000,063804,2,8,099084,2,8,32799,32758,00000,00000
BCN,5796,0000,063804,2,8,099084,2,8,32799,32758,00000,00000
BCN,5797,3257,063804,2,8,099084,2,8,32799,32758,00000,00000
BCN,5798,3049,063804,2,8,099084,2,8,32799,32758,00000,00000
BCN,5799,2915,061613,2,8,094834,2,8,32800,32759,00000,00000
BCN,5800,0000,061613,2,8,094834,2,8,32800,32759,00000,00000
BCN,5801,0000,061613,2,8,094834,2,8,32800,32759,00000,00000
BCN,5802,0000,061613,2,8,094834,2,8,32800,32759,00000,00000
BCN,5803,0000,061613,2,8,094834,2,8,32800,32759,00000,00000
BCN,5804,3004,061613,2,8,094834,2,8,32800,32759,00000,00000
BCN,5805,3245,063817,2,8,046801,2,4,32800,32755,00000,00000
BCN,5806,3337,063817,2,8,046801,2,4,32800,32755,00000,00000
BCN,5807,0000,063817,2,8,046801,2,4,32800,32755,00000,00000
BCN,5808,0000,063817,2,8,046801,2,4,32800,32755,00000,00000
BCN,5809,0000,063817,2,8,046801,2,4,32800,32755,00000,00000
BCN,5810,0000,063817,2,8,046801,2,4,32800,32755,00000,00000
BCN,5811,3225,063804,2,8,106076,2,9,32799,32751,00000,00000
BCN,5812,3238,063804,2,8,106076,2,9,32799,32751,00000,00000
BCN,5813,2907,063804,2,8,106076,2,9,32799,32751,00000,00000
BCN,5814,3282,063804,2,8,106076,2,9,32799,32751,00000,00000
BCN,5815,3396,063804,2,8,106076,2,9,32799,32751,00000,00000
BCN,5816,0000,063804,2,8,106076,2,9,32799,32751,00000,00000
BCN,5817,0000,063765,2,8,106347,2,9,32800,32752,00000,00000
BCN,5818,0000,063765,2,8,106347,2,9,32800,32752,00000,00000
BCN,5819,0000,063765,2,8,106347,2,9,32800,32752,00000,00000
BCN,5820,3336,063765,2,8,106347,2,9,32800,32752,00000,00000
BCN,5821,3174,063765,2,8,106347,2,9,32800,32752,00000,00000
BCN,5822,0000,063765,2,8,106347,2,9,32800,32752,00000,00000
BCN,5823,2815,063765,2,8,106347,2,9,32800,32752,00000,00000
BCN,5824,3161,066047,2,9,044124,2,3,32800,32738,00000,00000
BCN,5825,3211,066047,2,9,044124,2,3,32800,32738,00000,00000
BCN,5826,0000,066047,2,9,044124,2,3,32800,32738,00000,00000
BCN,5827,2927,066047,2,9,044124,2,3,32800,32738,00000,00000
BCN,5828,0000,066047,2,9,044124,2,3,32800,32738,00000,00000
BCN,5829,0000,066047,2,9,044124,2,3,32800,32738,00000,00000
BCN,5830,0000,061977,2,8,101749,2,8,32799,32734,00000,00000
BCN,5831,0000,061977,2,8,101749,2,8,32799,32734,00000,00000
BCN,5832,0000,061977,2,8,101749,2,8,32799,32734,00000,00000
BCN,5833,0000,061977,2,8,101749,2,8,32799,32734,00000,00000
BCN,5834,0000,061977,2,8,101749,2,8,32799,32734,00000,00000
BCN,5835,0000,061977,2,8,101749,2,8,32799,32734,00000,00000
BCN,5836,0000,063921,2,8,047123,2,4,32800,32721,00000,00000
BCN,5837,0000,063921,2,8,047123,2,4,32800,32721,00000,00000
BCN,5838,0000,063921,2,8,047123,2,4,32800,32721,00000,00000
BCN,5839,0000,063921,2,8,047123,2,4,32800,32721,00000,00000
BCN,5840,0000,063921,2,8,047123,2,4,32800,32721,00000,00000
BCN,5841,0000,063921,2,8,047123,2,4,32800,32721,00000,00000
BCN,5842,0000,066164,2,9,071856,2,6,32800,32717,00000,00000
BCN,5843,0000,066164,2,9,071856,2,6,32800,32717,00000,00000
BCN,5844,3206,066164,2,9,071856,2,6,32800,32717,00000,00000
BCN,5845,3045,066164,2,9,071856,2,6,32800,32717,00000,00000
BCN,5846,3170,066164,2,9,071856,2,6,32800,32717,00000,00000
BCN,5847,0000,066164,2,9,071856,2,6,32800,32717,00000,00000
BCN,5848,0000,060098,2,8,035900,2,3,32799,32739,00000,00000
BCN,5849,0000,060098,2,8,035900,2,3,32799,32739,00000,00000
BCN,5850,0000,060098,2,8,035900,2,3,32799,32739,00000,00000
BCN,5851,0000,060098,2,8,035900,2,3,32799,32739,00000,00000
BCN,5852,0000,060098,2,8,035900,2,3,32799,32739,00000,00000
BCN,5853,3164,060098,2,8,035900,2,3,32799,32739,00000,00000
BCN,5854,0000,064051,2,8,064385,2,6,32800,32721,00000,00000
BCN,5855,0000,064051,2,8,064385,2,6,32800,32721,00000,00000
BCN,5856,0000,064051,2,8,064385,2,6,32800,32721,00000,00000
BCN,5857,0000,064051,2,8,064385,2,6,32800,32721,00000,00000
BCN,5858,0000,064051,2,8,064385,2,6,32800,32721,00000,00000
BCN,5859,0000,064051,2,8,064385,2,6,32800,32721,00000,00000
BCN,5860,0000,064051,2,8,064385,2,6,32800,32721,00000,00000
BCN,5861,0000,066255,2,9,053220,2,5,32800,32738,00000,00000
BCN,5862,0000,066255,2,9,053220,2,5,32800,32738,00000,00000
BCN,5863,0000,066255,2,9,053220,2,5,32800,32738,00000,00000
BCN,5864,0000,066255,2,9,053220,2,5,32800,32738,00000,00000
BCN,5865,0000,066255,2,9,053220,2,5,32800,32738,00000,00000
BCN,5866,0000,066255,2,9,053220,2,5,32800,32738,00000,00000
BCN,5867,0000,060176,2,8,041329,2,4,32799,32703,00000,00000
BCN,5868,0000,060176,2,8,041329,2,4,32799,32703,00000,00000
BCN,5869,0000,060176,2,8,041329,2,4,32799,32703,00000,00000
BCN,5870,0000,060176,2,8,041329,2,4,32799,32703,00000,00000
BCN,5871,0000,060176,2,8,041329,2,4,32799,32703,00000,00000
BCN,5872,0000,060176,2,8,041329,2,4,32799,32703,00000,00000
BCN,5873,0000,064103,2,8,055155,2,5,32800,32717,00000,00000
BCN,5874,3226,064103,2,8,055155,2,5,32800,32717,00000,00000
BCN,5875,3107,064103,2,8,055155,2,5,32800,32717,00000,00000
BCN,5876,0000,064103,2,8,055155,2,5,32800,32717,00000,00000
BCN,5877,2991,064103,2,8,055155,2,5,32800,32717,00000,00000
BCN,5878,0000,064103,2,8,055155,2,5,32800,32717,00000,00000
BCN,5879,0000,066294,2,9,042673,2,4,32800,32735,00000,00000
BCN,5880,0000,066294,2,9,042673,2,4,32800,32735,00000,00000
BCN,5881,0000,066294,2,9,042673,2,4,32800,32735,00000,00000
BCN,5882,2926,066294,2,9,042673,2,4,32800,32735,00000,00000
BCN,5883,3019,066294,2,9,042673,2,4,32800,32735,00000,00000
BCN,5884,3220,066294,2,9,042673,2,4,32800,32735,00000,00000
BCN,5885,0000,060202,2,8,059758,2,6,32799,32731,00000,00000
BCN,5886,0000,060202,2,8,059758,2,6,32799,32731,00000,00000
BCN,5887,0000,060202,2,8,059758,2,6,32799,32731,00000,00000
BCN,5888,0000,060202,2,8,059758,2,6,32799,32731,00000,00000
BCN,5889,3220,060202,2,8,059758,2,6,32799,32731,00000,00000
BCN,5890,3366,060202,2,8,059758,2,6,32799,32731,00000,00000
BCN,5891,3119,064129,2,8,060738,2,6,32800,32737,00000,00000
BCN,5892,3226,064129,2,8,060738,2,6,32800,32737,00000,00000
BCN,5893,3148,064129,2,8,060738,2,6,32800,32737,00000,00000
BCN,5894,0000,064129,2,8,060738,2,6,32800,32737,00000,00000
BCN,5895,0000,064129,2,8,060738,2,6,32800,32737,00000,00000
BCN,5896,3226,064129,2,8,060738,2,6,32800,32737,00000,00000
BCN,5897,0000,064129,2,8,060738,2,6,32800,32737,00000,00000
BCN,5898,0000,066320,2,9,091104,2,7,32800,32748,00000,00000
BCN,5899,0000,066320,2,9,091104,2,7,32800,32748,00000,00000
BCN,5900,0000,066320,2,9,091104,2,7,32800,32748,00000,00000
BCN,5901,3368,066320,2,9,091104,2,7,32800,32748,00000,00000
BCN,5902,0000,066320,2,9,091104,2,7,32800,32748,00000,00000
BCN,5903,0000,066320,2,9,091104,2,7,32800,32748,00000,00000
BCN,5904,0000,060215,2,8,067594,2,5,32799,32748,00000,00000
BCN,5905,0000,060215,2,8,067594,2,5,32799,32748,00000,00000
BCN,5906,0000,060215,2,8,067594,2,5,32799,32748,00000,00000
BCN,5907,0000,060215,2,8,067594,2,5,32799,32748,00000,00000
BCN,5908,0000,060215,2,8,067594,2,5,32799,32748,00000,00000
BCN,5909,0000,060215,2,8,067594,2,5,32799,32748,00000,00000
BCN,5910,3244,066281,2,9,027194,2,2,32800,32778,00000,00000
BCN,5911,3368,066281,2,9,027194,2,2,32800,32778,00000,00000
BCN,5912,0000,066281,2,9,027194,2,2,32800,32778,00000,00000
BCN,5913,0000,066281,2,9,027194,2,2,32800,32778,00000,00000
BCN,5914,0000,066281,2,9,027194,2,2,32800,32778,00000,00000
BCN,5915,0000,066281,2,9,027194,2,2,32800,32778,00000,00000
BCN,5916,0000,064259,2,8,106062,2,9,32800,32810,00000,00000
BCN,5917,0000,064259,2,8,106062,2,9,32800,32810,00000,00000
BCN,5918,0000,064259,2,8,106062,2,9,32800,32810,00000,00000
BCN,5919,0000,064259,2,8,106062,2,9,32800,32810,00000,00000
BCN,5920,0000,064259,2,8,106062,2,9,32800,32810,00000,00000
BCN,5921,0000,064259,2,8,106062,2,9,32800,32810,00000,00000
BCN,5922,3244,060215,2,8,068962,2,6,32799,32810,00000,00000
BCN,5923,2799,060215,2,8,068962,2,6,32799,32810,00000,00000
BCN,5924,0000,060215,2,8,068962,2,6,32799,32810,00000,00000
BCN,5925,3017,060215,2,8,068962,2,6,32799,32810,00000,00000
BCN,5926,0000,060215,2,8,068962,2,6,32799,32810,00000,00000
BCN,5927,0000,060215,2,8,068962,2,6,32799,32810,00000,00000
BCN,5928,0000,066268,2,9,033796,2,3,32800,32791,00000,00000
BCN,5929,3062,066268,2,9,033796,2,3,32800,32791,00000,00000
BCN,5930,3235,066268,2,9,033796,2,3,32800,32791,00000,00000
BCN,5931,0000,066268,2,9,033796,2,3,32800,32791,00000,00000
BCN,5932,0000,066268,2,9,033796,2,3,32800,32791,00000,00000
BCN,5933,0000,066268,2,9,033796,2,3,32800,32791,00000,00000
BCN,5934,0000,066268,2,9,033796,2,3,32800,32791,00000,00000
BCN,5935,3219,064259,2,8,059464,2,6,32800,32795,00000,00000
BCN,5936,0000,064259,2,8,059464,2,6,32800,32795,00000,00000
BCN,5937,0000,064259,2,8,059464,2,6,32800,32795,00000,00000
BCN,5938,0000,064259,2,8,059464,2,6,32800,32795,00000,00000
BCN,5939,0000,064259,2,8,059464,2,6,32800,32795,00000,00000
BCN,5940,0000,064259,2,8,059464,2,6,32800,32795,00000,00000
BCN,5941,0000,060202,2,8,041095,2,4,32799,32803,00000,00000
BCN,5942,0000,060202,2,8,041095,2,4,32799,32803,00000,00000
BCN,5943,0000,060202,2,8,041095,2,4,32799,32803,00000,00000
BCN,5944,0000,060202,2,8,041095,2,4,32799,32803,00000,00000
BCN,5945,0000,060202,2,8,041095,2,4,32799,32803,00000,00000
BCN,5946,0000,060202,2,8,041095,2,4,32799,32803,00000,00000
BCN,5947,0000,066268,2,9,051859,2,5,32800,32773,00000,00000
BCN,5948,0000,066268,2,9,051859,2,5,32800,32773,00000,00000
BCN,5949,2815,066268,2,9,051859,2,5,32800,32773,00000,00000
BCN,5950,3225,066268,2,9,051859,2,5,32800,32773,00000,00000
BCN,5951,3330,066268,2,9,051859,2,5,32800,32773,00000,00000
BCN,5952,0000,066268,2,9,051859,2,5,32800,32773,00000,00000
BCN,5953,0000,066203,2,9,022327,2,2,32800,32756,00000,00000
BCN,5954,0000,066203,2,9,022327,2,2,32800,32756,00000,00000
BCN,5955,2926,066203,2,9,022327,2,2,32800,32756,00000,00000
BCN,5956,3376,066203,2,9,022327,2,2,32800,32756,00000,00000
BCN,5957,0000,066203,2,9,022327,2,2,32800,32756,00000,00000
BCN,5958,3174,066203,2,9,022327,2,2,32800,32756,00000,00000
BCN,5959,0000,060124,2,8,071603,2,7,32799,32737,00000,00000
BCN,5960,0000,060124,2,8,071603,2,7,32799,32737,00000,00000
BCN,5961,0000,060124,2,8,071603,2,7,32799,32737,00000,00000
BCN,5962,3029,060124,2,8,071603,2,7,32799,32737,00000,00000
BCN,5963,3177,060124,2,8,071603,2,7,32799,32737,00000,00000
BCN,5964,0000,060124,2,8,071603,2,7,32799,32737,00000,00000
BCN,5965,3031,066216,2,9,065246,2,6,32800,32747,00000,00000
BCN,5966,3225,066216,2,9,065246,2,6,32800,32747,00000,00000
BCN,5967,2994,066216,2,9,065246,2,6,32800,32747,00000,00000
BCN,5968,0000,066216,2,9,065246,2,6,32800,32747,00000,00000
BCN,5969,0000,066216,2,9,065246,2,6,32800,32747,00000,00000
BCN,5970,0000,066216,2,9,065246,2,6,32800,32747,00000,00000
BCN,5971,3273,066216,2,9,065246,2,6,32800,32747,00000,00000
BCN,5972,0000,066151,2,9,091003,2,8,32800,32757,00000,00000
BCN,5973,0000,066151,2,9,091003,2,8,32800,32757,00000,00000
BCN,5974,0000,066151,2,9,091003,2,8,32800,32757,00000,00000
BCN,5975,0000,066151,2,9,091003,2,8,32800,32757,00000,00000
BCN,5976,0000,066151,2,9,091003,2,8,32800,32757,00000,00000
BCN,5977,0000,066151,2,9,091003,2,8,32800,32757,00000,00000
BCN,5978,0000,062016,2,8,029561,2,3,32800,32724,00000,00000
BCN,5979,0000,062016,2,8,029561,2,3,32800,32724,00000,00000
BCN,5980,0000,062016,2,8,029561,2,3,32800,32724,00000,00000
BCN,5981,0000,062016,2,8,029561,2,3,32800,32724,00000,00000
BCN,5982,0000,062016,2,8,029561,2,3,32800,32724,00000,00000
BCN,5983,2934,062016,2,8,029561,2,3,32800,32724,00000,00000
BCN,5984,2927,063986,2,8,029578,2,4,32799,32720,00000,00000
BCN,5985,0000,063986,2,8,029578,2,4,32799,32720,00000,00000
BCN,5986,0000,063986,2,8,029578,2,4,32799,32720,00000,00000
BCN,5987,0000,063986,2,8,029578,2,4,32799,32720,00000,00000
BCN,5988,0000,063986,2,8,029578,2,4,32799,32720,00000,00000
BCN,5989,3346,063986,2,8,029578,2,4,32799,32720,00000,00000
BCN,5990,3291,061964,2,8,041961,2,5,32799,32712,00000,00000
BCN,5991,3220,061964,2,8,041961,2,5,32799,32712,00000,00000
BCN,5992,0000,061964,2,8,041961,2,5,32799,32712,00000,00000
BCN,5993,0000,061964,2,8,041961,2,5,32799,32712,00000,00000
BCN,5994,0000,061964,2,8,041961,2,5,32799,32712,00000,00000
BCN,5995,0000,061964,2,8,041961,2,5,32799,32712,00000,00000
BCN,5996,0000,070143,2,9,088919,2,7,32800,32708,00000,00000
BCN,5997,0000,070143,2,9,088919,2,7,32800,32708,00000,00000
BCN,5998,0000,070143,2,9,088919,2,7,32800,32708,00000,00000
BCN,5999,3296,070143,2,9,088919,2,7,32800,32708,00000,00000
BCN,6000,3273,070143,2,9,088919,2,7,32800,32708,00000,00000
BCN,6001,3464,070143,2,9,088919,2,7,32800,32708,00000,00000
BCN,6002,2906,063908,2,8,036110,2,3,32800,32676,00000,00000
BCN,6003,0000,063908,2,8,036110,2,3,32800,32676,00000,00000
BCN,6004,0000,063908,2,8,036110,2,3,32800,32676,00000,00000
BCN,6005,2927,063908,2,8,036110,2,3,32800,32676,00000,00000
BCN,6006,3235,063908,2,8,036110,2,3,32800,32676,00000,00000
BCN,6007,3161,063908,2,8,036110,2,3,32800,32676,00000,00000
BCN,6008,3173,063908,2,8,036110,2,3,32800,32676,00000,00000
BCN,6009,0000,065969,2,9,077312,2,6,32800,32674,00000,00000
BCN,6010,0000,065969,2,9,077312,2,6,32800,32674,00000,00000
BCN,6011,0000,065969,2,9,077312,2,6,32800,32674,00000,00000
BCN,6012,0000,065969,2,9,077312,2,6,32800,32674,00000,00000
BCN,6013,0000,065969,2,9,077312,2,6,32800,32674,00000,00000
BCN,6014,0000,065969,2,9,077312,2,6,32800,32674,00000,00000
BCN,6015,3270,061873,2,8,055364,2,4,32800,32677,00000,00000
BCN,6016,3267,061873,2,8,055364,2,4,32800,32677,00000,00000
BCN,6017,2923,061873,2,8,055364,2,4,32800,32677,00000,00000
BCN,6018,0000,061873,2,8,055364,2,4,32800,32677,00000,00000
BCN,6019,0000,061873,2,8,055364,2,4,32800,32677,00000,00000
BCN,6020,0000,061873,2,8,055364,2,4,32800,32677,00000,00000
BCN,6021,0000,063882,2,8,072886,2,6,32799,32662,00000,00000
BCN,6022,3014,063882,2,8,072886,2,6,32799,32662,00000,00000
BCN,6023,3091,063882,2,8,072886,2,6,32799,32662,00000,00000
BCN,6024,3296,063882,2,8,072886,2,6,32799,32662,00000,00000
BCN,6025,3111,063882,2,8,072886,2,6,32799,32662,00000,00000
BCN,6026,3035,063882,2,8,072886,2,6,32799,32662,00000,00000
BCN,6027,0000,059747,2,8,060371,2,5,32799,32665,00000,00000
BCN,6028,0000,059747,2,8,060371,2,5,32799,32665,00000,00000
BCN,6029,2814,059747,2,8,060371,2,5,32799,32665,00000,00000
BCN,6030,0000,059747,2,8,060371,2,5,32799,32665,00000,00000
BCN,6031,0000,059747,2,8,060371,2,5,32799,32665,00000,00000
BCN,6032,0000,059747,2,8,060371,2,5,32799,32665,00000,00000
BCN,6033,0000,070013,2,9,046211,2,4,32800,32668,00000,00000
BCN,6034,3006,070013,2,9,046211,2,4,32800,32668,00000,00000
BCN,6035,2991,070013,2,9,046211,2,4,32800,32668,00000,00000
BCN,6036,3345,070013,2,9,046211,2,4,32800,32668,00000,00000
BCN,6037,0000,070013,2,9,046211,2,4,32800,32668,00000,00000
BCN,6038,0000,070013,2,9,046211,2,4,32800,32668,00000,00000
BCN,6039,0000,063817,2,8,047821,2,4,32800,32676,00000,00000
BCN,6040,0000,063817,2,8,047821,2,4,32800,32676,00000,00000
BCN,6041,0000,063817,2,8,047821,2,4,32800,32676,00000,00000
BCN,6042,0000,063817,2,8,047821,2,4,32800,32676,00000,00000
BCN,6043,0000,063817,2,8,047821,2,4,32800,32676,00000,00000
BCN,6044,0000,063817,2,8,047821,2,4,32800,32676,00000,00000
BCN,6045,3187,063817,2,8,047821,2,4,32800,32676,00000,00000
BCN,6046,2918,067848,2,9,023574,0,2,32800,32693,00000,00000
BCN,6047,3364,067848,2,9,023574,0,2,32800,32693,00000,00000
BCN,6048,3225,067848,2,9,023574,0,2,32800,32693,00000,00000
BCN,6049,0000,067848,2,9,023574,0,2,32800,32693,00000,00000
BCN,6050,0000,067848,2,9,023574,0,2,32800,32693,00000,00000
BCN,6051,3252,067848,2,9,023574,0,2,32800,32693,00000,00000
BCN,6052,0000,061743,2,8,074378,2,6,32800,32693,00000,00000
BCN,6053,0000,061743,2,8,074378,2,6,32800,32693,00000,00000
BCN,6054,2810,061743,2,8,074378,2,6,32800,32693,00000,00000
BCN,6055,0000,061743,2,8,074378,2,6,32800,32693,00000,00000
BCN,6056,0000,061743,2,8,074378,2,6,32800,32693,00000,00000
BCN,6057,0000,061743,2,8,074378,2,6,32800,32693,00000,00000
BCN,6058,0002,063778,2,8,071327,2,6,32799,32696,00000,00000
BCN,6059,0000,063778,2,8,071327,2,6,32799,32696,00000,00000
BCN,6060,0000,063778,2,8,071327,2,6,32799,32696,00000,00000
BCN,6061,2927,063778,2,8,071327,2,6,32799,32696,00000,00000
BCN,6062,3026,063778,2,8,071327,2,6,32799,32696,00000,00000
BCN,6063,3055,063778,2,8,071327,2,6,32799,32696,00000,00000
BCN,6064,3225,061587,2,8,038506,2,3,32800,32684,00000,00000
BCN,6065,2996,061587,2,8,038506,2,3,32800,32684,00000,00000
BCN,6066,0000,061587,2,8,038506,2,3,32800,32684,00000,00000
BCN,6067,0000,061587,2,8,038506,2,3,32800,32684,00000,00000
BCN,6068,0000,061587,2,8,038506,2,3,32800,32684,00000,00000
BCN,6069,0000,061587,2,8,038506,2,3,32800,32684,00000,00000
BCN,6070,3270,063804,2,8,073189,2,6,32800,32682,00000,00000
BCN,6071,3208,063804,2,8,073189,2,6,32800,32682,00000,00000
BCN,6072,2879,063804,2,8,073189,2,6,32800,32682,00000,00000
BCN,6073,3258,063804,2,8,073189,2,6,32800,32682,00000,00000
BCN,6074,3364,063804,2,8,073189,2,6,32800,32682,00000,00000
BCN,6075,0000,063804,2,8,073189,2,6,32800,32682,00000,00000
BCN,6076,0000,063791,2,8,070024,2,6,32799,32720,00000,00000
BCN,6077,3174,063791,2,8,070024,2,6,32799,32720,00000,00000
BCN,6078,0000,063791,2,8,070024,2,6,32799,32720,00000,00000
BCN,6079,0000,063791,2,8,070024,2,6,32799,32720,00000,00000
BCN,6080,3211,063791,2,8,070024,2,6,32799,32720,00000,00000
BCN,6081,0000,063791,2,8,070024,2,6,32799,32720,00000,00000
BCN,6082,0000,063791,2,8,070024,2,6,32799,32720,00000,00000
BCN,6083,0000,063752,2,8,088452,2,7,32800,32723,00000,00000
BCN,6084,0000,063752,2,8,088452,2,7,32800,32723,00000,00000
BCN,6085,0000,063752,2,8,088452,2,7,32800,32723,00000,00000
BCN,6086,0000,063752,2,8,088452,2,7,32800,32723,00000,00000
BCN,6087,0000,063752,2,8,088452,2,7,32800,32723,00000,00000
BCN,6088,3003,063752,2,8,088452,2,7,32800,32723,00000,00000
BCN,6089,2924,066034,2,9,052096,2,4,32800,32724,00000,00000
BCN,6090,3241,066034,2,9,052096,2,4,32800,32724,00000,00000
BCN,6091,0000,066034,2,9,052096,2,4,32800,32724,00000,00000
BCN,6092,0000,066034,2,9,052096,2,4,32800,32724,00000,00000
BCN,6093,0000,066034,2,9,052096,2,4,32800,32724,00000,00000
BCN,6094,0000,066034,2,9,052096,2,4,32800,32724,00000,00000
BCN,6095,2934,061977,2,8,090840,2,7,32799,32730,00000,00000
BCN,6096,0000,061977,2,8,090840,2,7,32799,32730,00000,00000
BCN,6097,0000,061977,2,8,090840,2,7,32799,32730,00000,00000
BCN,6098,0000,061977,2,8,090840,2,7,32799,32730,00000,00000
BCN,6099,0000,061977,2,8,090840,2,7,32799,32730,00000,00000
BCN,6100,0000,061977,2,8,090840,2,7,32799,32730,00000,00000
BCN,6101,2814,063921,2,8,054196,2,4,32800,32727,00000,00000
BCN,6102,0000,063921,2,8,054196,2,4,32800,32727,00000,00000
BCN,6103,0000,063921,2,8,054196,2,4,32800,32727,00000,00000
BCN,6104,3182,063921,2,8,054196,2,4,32800,32727,00000,00000
BCN,6105,0000,063921,2,8,054196,2,4,32800,32727,00000,00000
BCN,6106,0000,063921,2,8,054196,2,4,32800,32727,00000,00000
BCN,6107,0000,066164,2,9,091570,2,7,32800,32724,00000,00000
BCN,6108,0000,066164,2,9,091570,2,7,32800,32724,00000,00000
BCN,6109,0000,066164,2,9,091570,2,7,32800,32724,00000,00000
BCN,6110,3380,066164,2,9,091570,2,7,32800,32724,00000,00000
BCN,6111,3148,066164,2,9,091570,2,7,32800,32724,00000,00000
BCN,6112,3181,066164,2,9,091570,2,7,32800,32724,00000,00000
BCN,6113,0000,062068,2,8,090246,2,7,32799,32726,00000,00000
BCN,6114,3474,062068,2,8,090246,2,7,32799,32726,00000,00000
BCN,6115,3146,062068,2,8,090246,2,7,32799,32726,00000,00000
BCN,6116,3252,062068,2,8,090246,2,7,32799,32726,00000,00000
BCN,6117,0000,062068,2,8,090246,2,7,32799,32726,00000,00000
BCN,6118,3323,062068,2,8,090246,2,7,32799,32726,00000,00000
BCN,6119,3394,062068,2,8,090246,2,7,32799,32726,00000,00000
BCN,6120,3240,063986,2,8,091762,2,7,32800,32728,00000,00000
BCN,6121,0000,063986,2,8,091762,2,7,32800,32728,00000,00000
BCN,6122,0000,063986,2,8,091762,2,7,32800,32728,00000,00000
BCN,6123,0000,063986,2,8,091762,2,7,32800,32728,00000,00000
BCN,6124,0000,063986,2,8,091762,2,7,32800,32728,00000,00000
BCN,6125,3305,063986,2,8,091762,2,7,32800,32728,00000,00000
BCN,6126,3145,066216,2,9,092233,2,7,32800,32730,00000,00000
BCN,6127,3426,066216,2,9,092233,2,7,32800,32730,00000,00000
BCN,6128,3274,066216,2,9,092233,2,7,32800,32730,00000,00000
BCN,6129,2925,066216,2,9,092233,2,7,32800,32730,00000,00000
BCN,6130,0000,066216,2,9,092233,2,7,32800,32730,00000,00000
BCN,6131,0000,066216,2,9,092233,2,7,32800,32730,00000,00000
BCN,6132,2909,062107,2,8,090877,2,7,32799,32732,00000,00000
BCN,6133,0000,062107,2,8,090877,2,7,32799,32732,00000,00000
BCN,6134,0000,062107,2,8,090877,2,7,32799,32732,00000,00000
BCN,6135,3051,062107,2,8,090877,2,7,32799,32732,00000,00000
BCN,6136,0000,062107,2,8,090877,2,7,32799,32732,00000,00000
BCN,6137,0000,062107,2,8,090877,2,7,32799,32732,00000,00000
BCN,6138,3052,064012,2,8,092638,2,7,32800,32734,00000,00000
BCN,6139,0000,064012,2,8,092638,2,7,32800,32734,00000,00000
BCN,6140,0000,064012,2,8,092638,2,7,32800,32734,00000,00000
BCN,6141,3331,064012,2,8,092638,2,7,32800,32734,00000,00000
BCN,6142,0000,064012,2,8,092638,2,7,32800,32734,00000,00000
BCN,6143,0000,064012,2,8,092638,2,7,32800,32734,00000,00000
BCN,6144,0000,053993,2,7,093719,2,8,32799,32736,00000,00000
BCN,6145,0000,053993,2,7,093719,2,8,32799,32736,00000,00000
BCN,6146,0000,053993,2,7,093719,2,8,32799,32736,00000,00000
BCN,6147,2943,053993,2,7,093719,2,8,32799,32736,00000,00000
BCN,6148,3404,053993,2,7,093719,2,8,32799,32736,00000,00000
BCN,6149,3258,053993,2,7,093719,2,8,32799,32736,00000,00000
BCN,6150,0000,053941,2,7,097705,2,8,32800,32737,00000,00000
BCN,6151,3165,053941,2,7,097705,2,8,32800,32737,00000,00000
BCN,6152,3472,053941,2,7,097705,2,8,32800,32737,00000,00000
BCN,6153,3291,053941,2,7,097705,2,8,32800,32737,00000,00000
BCN,6154,0000,053941,2,7,097705,2,8,32800,32737,00000,00000
BCN,6155,3062,053941,2,7,097705,2,8,32800,32737,00000,00000
BCN,6156,3272,053941,2,7,097705,2,8,32800,32737,00000,00000
BCN,6157,3292,060150,2,8,100238,2,8,32799,32738,00000,00000
BCN,6158,0000,060150,2,8,100238,2,8,32799,32738,00000,00000
BCN,6159,0000,060150,2,8,100238,2,8,32799,32738,00000,00000
BCN,6160,0000,060150,2,8,100238,2,8,32799,32738,00000,00000
BCN,6161,0000,060150,2,8,100238,2,8,32799,32738,00000,00000
BCN,6162,3069,060150,2,8,100238,2,8,32799,32738,00000,00000
BCN,6163,3368,066229,2,9,100116,2,8,32800,32739,00000,00000
BCN,6164,2926,066229,2,9,100116,2,8,32800,32739,00000,00000
BCN,6165,3219,066229,2,9,100116,2,8,32800,32739,00000,00000
BCN,6166,3225,066229,2,9,100116,2,8,32800,32739,00000,00000
BCN,6167,0000,066229,2,9,100116,2,8,32800,32739,00000,00000
BCN,6168,0000,066229,2,9,100116,2,8,32800,32739,00000,00000
BCN,6169,3442,066177,2,9,104097,2,8,32800,32740,00000,00000
BCN,6170,0000,066177,2,9,104097,2,8,32800,32740,00000,00000
BCN,6171,3798,066177,2,9,104097,2,8,32800,32740,00000,00000
BCN,6172,2985,066177,2,9,104097,2,8,32800,32740,00000,00000
BCN,6173,0000,066177,2,9,104097,2,8,32800,32740,00000,00000
BCN,6174,0000,066177,2,9,104097,2,8,32800,32740,00000,00000
BCN,6175,3472,062016,2,8,103497,2,8,32800,32741,00000,00000
BCN,6176,0000,062016,2,8,103497,2,8,32800,32741,00000,00000
BCN,6177,0000,062016,2,8,103497,2,8,32800,32741,00000,00000
BCN,6178,3289,062016,2,8,103497,2,8,32800,32741,00000,00000
BCN,6179,0000,062016,2,8,103497,2,8,32800,32741,00000,00000
BCN,6180,0000,062016,2,8,103497,2,8,32800,32741,00000,00000
BCN,6181,0000,066125,2,9,106431,2,9,32799,32742,00000,00000
BCN,6182,0000,066125,2,9,106431,2,9,32799,32742,00000,00000
BCN,6183,0000,066125,2,9,106431,2,9,32799,32742,00000,00000
BCN,6184,3347,066125,2,9,106431,2,9,32799,32742,00000,00000
BCN,6185,3274,066125,2,9,106431,2,9,32799,32742,00000,00000
BCN,6186,3258,066125,2,9,106431,2,9,32799,32742,00000,00000
BCN,6187,0000,059890,2,8,108340,2,9,32799,32743,00000,00000
BCN,6188,3369,059890,2,8,108340,2,9,32799,32743,00000,00000
BCN,6189,3369,059890,2,8,108340,2,9,32799,32743,00000,00000
BCN,6190,3227,059890,2,8,108340,2,9,32799,32743,00000,00000
BCN,6191,0000,059890,2,8,108340,2,9,32799,32743,00000,00000
BCN,6192,3401,059890,2,8,108340,2,9,32799,32743,00000,00000
BCN,6193,3005,059890,2,8,108340,2,9,32799,32743,00000,00000
BCN,6194,3149,070117,2,9,103996,2,8,32800,32744,00000,00000
BCN,6195,0000,070117,2,9,103996,2,8,32800,32744,00000,00000
BCN,6196,0000,070117,2,9,103996,2,8,32800,32744,00000,00000
BCN,6197,0000,070117,2,9,103996,2,8,32800,32744,00000,00000
BCN,6198,0000,070117,2,9,103996,2,8,32800,32744,00000,00000
BCN,6199,3219,070117,2,9,103996,2,8,32800,32744,00000,00000
BCN,6200,3283,063895,2,8,104083,2,8,32800,32745,00000,00000
BCN,6201,3276,063895,2,8,104083,2,8,32800,32745,00000,00000
BCN,6202,3295,063895,2,8,104083,2,8,32800,32745,00000,00000
BCN,6203,3067,063895,2,8,104083,2,8,32800,32745,00000,00000
BCN,6204,0000,063895,2,8,104083,2,8,32800,32745,00000,00000
BCN,6205,3295,063895,2,8,104083,2,8,32800,32745,00000,00000
BCN,6206,3394,067913,2,9,104773,2,8,32800,32746,00000,00000
BCN,6207,2941,067913,2,9,104773,2,8,32800,32746,00000,00000
BCN,6208,3465,067913,2,9,104773,2,8,32800,32746,00000,00000
BCN,6209,3584,067913,2,9,104773,2,8,32800,32746,00000,00000
BCN,6210,0000,067913,2,9,104773,2,8,32800,32746,00000,00000
BCN,6211,0000,067913,2,9,104773,2,8,32800,32746,00000,00000
BCN,6212,2975,061782,2,8,102428,2,8,32800,32747,00000,00000
BCN,6213,0000,061782,2,8,102428,2,8,32800,32747,00000,00000
BCN,6214,0000,061782,2,8,102428,2,8,32800,32747,00000,00000
BCN,6215,3055,061782,2,8,102428,2,8,32800,32747,00000,00000
BCN,6216,0000,061782,2,8,102428,2,8,32800,32747,00000,00000
BCN,6217,0000,061782,2,8,102428,2,8,32800,32747,00000,00000
BCN,6218,0000,063817,2,8,103582,2,8,32799,32748,00000,00000
BCN,6219,0000,063817,2,8,103582,2,8,32799,32748,00000,00000
BCN,6220,0000,063817,2,8,103582,2,8,32799,32748,00000,00000
BCN,6221,3253,063817,2,8,103582,2,8,32799,32748,00000,00000
BCN,6222,3373,063817,2,8,103582,2,8,32799,32748,00000,00000
BCN,6223,2926,063817,2,8,103582,2,8,32799,32748,00000,00000
BCN,6224,0000,059695,2,8,099855,2,8,32799,32749,00000,00000
BCN,6225,3061,059695,2,8,099855,2,8,32799,32749,00000,00000
BCN,6226,3417,059695,2,8,099855,2,8,32799,32749,00000,00000
BCN,6227,2990,059695,2,8,099855,2,8,32799,32749,00000,00000
BCN,6228,0000,059695,2,8,099855,2,8,32799,32749,00000,00000
BCN,6229,3284,059695,2,8,099855,2,8,32799,32749,00000,00000
BCN,6230,3295,059695,2,8,099855,2,8,32799,32749,00000,00000
BCN,6231,3063,069974,2,9,104259,2,8,32800,32750,00000,00000
BCN,6232,0000,069974,2,9,104259,2,8,32800,32750,00000,00000
BCN,6233,0000,069974,2,9,104259,2,8,32800,32750,00000,00000
BCN,6234,0000,069974,2,9,104259,2,8,32800,32750,00000,00000
BCN,6235,0000,069974,2,9,104259,2,8,32800,32750,00000,00000
BCN,6236,3162,069974,2,9,104259,2,8,32800,32750,00000,00000
BCN,6237,3164,063791,2,8,107752,2,9,32800,32751,00000,00000
BCN,6238,3405,063791,2,8,107752,2,9,32800,32751,00000,00000
BCN,6239,0000,063791,2,8,107752,2,9,32800,32751,00000,00000
BCN,6240,0000,063791,2,8,107752,2,9,32800,32751,00000,00000
BCN,6241,0000,063791,2,8,107752,2,9,32800,32751,00000,00000
BCN,6242,3035,063791,2,8,107752,2,9,32800,32751,00000,00000
BCN,6243,3461,067822,2,9,107138,2,9,32800,32752,00000,00000
BCN,6244,3592,067822,2,9,107138,2,9,32800,32752,00000,00000
BCN,6245,3254,067822,2,9,107138,2,9,32800,32752,00000,00000
BCN,6246,3037,067822,2,9,107138,2,9,32800,32752,00000,00000
BCN,6247,0000,067822,2,9,107138,2,9,32800,32752,00000,00000
BCN,6248,0000,067822,2,9,107138,2,9,32800,32752,00000,00000
BCN,6249,3405,061730,2,8,102523,2,8,32800,32753,00000,00000
BCN,6250,0000,061730,2,8,102523,2,8,32800,32753,00000,00000
BCN,6251,0000,061730,2,8,102523,2,8,32800,32753,00000,00000
BCN,6252,3369,061730,2,8,102523,2,8,32800,32753,00000,00000
BCN,6253,0000,061730,2,8,102523,2,8,32800,32753,00000,00000
BCN,6254,0000,061730,2,8,102523,2,8,32800,32753,00000,00000
BCN,6255,0000,063778,2,8,098976,2,8,32799,32754,00000,00000
BCN,6256,0000,063778,2,8,098976,2,8,32799,32754,00000,00000
BCN,6257,0000,063778,2,8,098976,2,8,32799,32754,00000,00000
BCN,6258,2982,063778,2,8,098976,2,8,32799,32754,00000,00000
BCN,6259,3238,063778,2,8,098976,2,8,32799,32754,00000,00000
BCN,6260,2879,063778,2,8,098976,2,8,32799,32754,00000,00000
BCN,6261,0000,059669,2,8,097926,2,8,32799,32755,00000,00000
BCN,6262,3251,059669,2,8,097926,2,8,32799,32755,00000,00000
BCN,6263,3346,059669,2,8,097926,2,8,32799,32755,00000,00000
BCN,6264,3279,059669,2,8,097926,2,8,32799,32755,00000,00000
BCN,6265,0000,059669,2,8,097926,2,8,32799,32755,00000,00000
BCN,6266,3149,059669,2,8,097926,2,8,32799,32755,00000,00000
BCN,6267,3365,059669,2,8,097926,2,8,32799,32755,00000,00000
BCN,6268,3181,069948,2,9,098718,2,8,32800,32756,00000,00000
BCN,6269,0000,069948,2,9,098718,2,8,32800,32756,00000,00000
BCN,6270,0000,069948,2,9,098718,2,8,32800,32756,00000,00000
BCN,6271,0000,069948,2,9,098718,2,8,32800,32756,00000,00000
BCN,6272,2867,069948,2,9,098718,2,8,32800,32756,00000,00000
BCN,6273,3244,069948,2,9,098718,2,8,32800,32756,00000,00000
BCN,6274,3362,063765,2,8,099703,2,8,32800,32757,00000,00000
BCN,6275,0000,063765,2,8,099703,2,8,32800,32757,00000,00000
BCN,6276,0000,063765,2,8,099703,2,8,32800,32757,00000,00000
BCN,6277,0000,063765,2,8,099703,2,8,32800,32757,00000,00000
BCN,6278,0000,063765,2,8,099703,2,8,32800,32757,00000,00000
BCN,6279,3374,063765,2,8,099703,2,8,32800,32757,00000,00000
BCN,6280,2998,065670,2,9,094543,2,8,32800,32758,00000,00000
BCN,6281,3302,065670,2,9,094543,2,8,32800,32758,00000,00000
BCN,6282,3291,065670,2,9,094543,2,8,32800,32758,00000,00000
BCN,6283,2935,065670,2,9,094543,2,8,32800,32758,00000,00000
BCN,6284,0000,065670,2,9,094543,2,8,32800,32758,00000,00000
BCN,6285,0000,065670,2,9,094543,2,8,32800,32758,00000,00000
BCN,6286,3253,063804,2,8,093826,2,8,32800,32759,00000,00000
BCN,6287,0000,063804,2,8,093826,2,8,32800,32759,00000,00000
BCN,6288,0000,063804,2,8,093826,2,8,32800,32759,00000,00000
BCN,6289,3460,063804,2,8,093826,2,8,32800,32759,00000,00000
BCN,6290,0000,063804,2,8,093826,2,8,32800,32759,00000,00000
BCN,6291,0000,063804,2,8,093826,2,8,32800,32759,00000,00000
BCN,6292,0000,063791,2,8,095666,2,8,32799,32759,00000,00000
BCN,6293,0000,063791,2,8,095666,2,8,32799,32759,00000,00000
BCN,6294,0000,063791,2,8,095666,2,8,32799,32759,00000,00000
BCN,6295,3478,063791,2,8,095666,2,8,32799,32759,00000,00000
BCN,6296,3656,063791,2,8,095666,2,8,32799,32759,00000,00000
BCN,6297,3379,063791,2,8,095666,2,8,32799,32759,00000,00000
BCN,6298,0000,063752,2,8,097955,2,7,32800,32760,00000,00000
BCN,6299,3023,063752,2,8,097955,2,7,32800,32760,00000,00000
BCN,6300,3362,063752,2,8,097955,2,7,32800,32760,00000,00000
BCN,6301,3418,063752,2,8,097955,2,7,32800,32760,00000,00000
BCN,6302,0000,063752,2,8,097955,2,7,32800,32760,00000,00000
BCN,6303,3476,063752,2,8,097955,2,7,32800,32760,00000,00000
BCN,6304,3593,063752,2,8,097955,2,7,32800,32760,00000,00000
BCN,6305,3508,066034,2,9,101421,2,8,32800,32761,00000,00000
BCN,6306,3863,066034,2,9,101421,2,8,32800,32761,00000,00000
BCN,6307,3793,066034,2,9,101421,2,8,32800,32761,00000,00000
BCN,6308,0000,066034,2,9,101421,2,8,32800,32761,00000,00000
BCN,6309,3567,066034,2,9,101421,2,8,32800,32761,00000,00000
BCN,6310,3984,066034,2,9,101421,2,8,32800,32761,00000,00000
BCN,6311,3387,061964,2,8,105054,2,8,32799,32762,00000,00000
BCN,6312,0000,061964,2,8,105054,2,8,32799,32762,00000,00000
BCN,6313,0000,061964,2,8,105054,2,8,32799,32762,00000,00000
BCN,6314,0000,061964,2,8,105054,2,8,32799,32762,00000,00000
BCN,6315,0000,061964,2,8,105054,2,8,32799,32762,00000,00000
BCN,6316,3872,061964,2,8,105054,2,8,32799,32762,00000,00000
BCN,6317,3454,063921,2,8,117612,2,8,32800,32763,00000,00000
BCN,6318,3559,063921,2,8,117612,2,8,32800,32763,00000,00000
BCN,6319,3672,063921,2,8,117612,2,8,32800,32763,00000,00000
BCN,6320,3662,063921,2,8,117612,2,8,32800,32763,00000,00000
BCN,6321,0000,063921,2,8,117612,2,8,32800,32763,00000,00000
BCN,6322,0000,063921,2,8,117612,2,8,32800,32763,00000,00000
BCN,6323,3732,066164,2,9,118751,2,8,32800,32764,00000,00000
BCN,6324,0000,066164,2,9,118751,2,8,32800,32764,00000,00000
BCN,6325,0000,066164,2,9,118751,2,8,32800,32764,00000,00000
BCN,6326,3763,066164,2,9,118751,2,8,32800,32764,00000,00000
BCN,6327,0000,066164,2,9,118751,2,8,32800,32764,00000,00000
BCN,6328,0000,066164,2,9,118751,2,8,32800,32764,00000,00000
BCN,6329,0000,060098,2,8,122053,2,8,32799,32765,00000,00000
BCN,6330,0000,060098,2,8,122053,2,8,32799,32765,00000,00000
BCN,6331,0000,060098,2,8,122053,2,8,32799,32765,00000,00000
BCN,6332,4050,060098,2,8,122053,2,8,32799,32765,00000,00000
BCN,6333,0000,060098,2,8,122053,2,8,32799,32765,00000,00000
BCN,6334,0000,060098,2,8,122053,2,8,32799,32765,00000,00000
BCN,6335,0000,064051,2,8,123351,2,8,32800,32766,00000,00000
BCN,6336,0000,064051,2,8,123351,2,8,32800,32766,00000,00000
BCN,6337,0000,064051,2,8,123351,2,8,32800,32766,00000,00000
BCN,6338,3583,064051,2,8,123351,2,8,32800,32766,00000,00000
BCN,6339,3965,064051,2,8,123351,2,8,32800,32766,00000,00000
BCN,6340,3940,064051,2,8,123351,2,8,32800,32766,00000,00000
BCN,6341,0000,064051,2,8,123351,2,8,32800,32766,00000,00000
BCN,6342,3945,066255,2,9,117833,2,8,32800,32767,00000,00000
BCN,6343,3583,066255,2,9,117833,2,8,32800,32767,00000,00000
BCN,6344,4051,066255,2,9,117833,2,8,32800,32767,00000,00000
BCN,6345,0000,066255,2,9,117833,2,8,32800,32767,00000,00000
BCN,6346,4028,066255,2,9,117833,2,8,32800,32767,00000,00000
BCN,6347,4043,066255,2,9,117833,2,8,32800,32767,00000,00000
BCN,6348,4055,060176,2,8,113560,2,8,32799,32767,00000,00000
BCN,6349,0000,060176,2,8,113560,2,8,32799,32767,00000,00000
BCN,6350,0000,060176,2,8,113560,2,8,32799,32767,00000,00000
BCN,6351,0000,060176,2,8,113560,2,8,32799,32767,00000,00000
BCN,6352,0000,060176,2,8,113560,2,8,32799,32767,00000,00000
BCN,6353,3967,060176,2,8,113560,2,8,32799,32767,00000,00000
BCN,6354,4027,064103,2,8,124774,2,8,32800,32768,00000,00000
BCN,6355,4029,064103,2,8,124774,2,8,32800,32768,00000,00000
BCN,6356,3942,064103,2,8,124774,2,8,32800,32768,00000,00000
BCN,6357,4061,064103,2,8,124774,2,8,32800,32768,00000,00000
BCN,6358,0000,064103,2,8,124774,2,8,32800,32768,00000,00000
BCN,6359,4015,064103,2,8,124774,2,8,32800,32768,00000,00000
BCN,6360,4022,066294,2,9,121882,2,8,32800,32769,00000,00000
BCN,6361,3951,066294,2,9,121882,2,8,32800,32769,00000,00000
BCN,6362,4031,066294,2,9,121882,2,8,32800,32769,00000,00000
BCN,6363,3967,066294,2,9,121882,2,8,32800,32769,00000,00000
BCN,6364,0000,066294,2,9,121882,2,8,32800,32769,00000,00000
BCN,6365,0000,066294,2,9,121882,2,8,32800,32769,00000,00000
BCN,6366,3967,060202,2,8,130310,2,8,32799,32768,00000,00000
BCN,6367,0000,060202,2,8,130310,2,8,32799,32768,00000,00000
BCN,6368,0000,060202,2,8,130310,2,8,32799,32768,00000,00000
BCN,6369,4086,060202,2,8,130310,2,8,32799,32768,00000,00000
BCN,6370,0000,060202,2,8,130310,2,8,32799,32768,00000,00000
BCN,6371,0000,060202,2,8,130310,2,8,32799,32768,00000,00000
BCN,6372,0000,064129,2,8,139273,2,9,32800,32768,00000,00000
BCN,6373,0000,064129,2,8,139273,2,9,32800,32768,00000,00000
BCN,6374,0000,064129,2,8,139273,2,9,32800,32768,00000,00000
BCN,6375,4095,064129,2,8,139273,2,9,32800,32768,00000,00000
BCN,6376,4093,064129,2,8,139273,2,9,32800,32768,00000,00000
BCN,6377,4091,064129,2,8,139273,2,9,32800,32768,00000,00000
BCN,6378,0000,064129,2,8,139273,2,9,32800,32768,00000,00000
BCN,6379,4087,066320,2,9,148637,2,9,32800,32768,00000,00000
BCN,6380,4095,066320,2,9,148637,2,9,32800,32768,00000,00000
BCN,6381,4095,066320,2,9,148637,2,9,32800,32768,00000,00000
BCN,6382,0000,066320,2,9,148637,2,9,32800,32768,00000,00000
BCN,6383,4063,066320,2,9,148637,2,9,32800,32768,00000,00000
BCN,6384,4095,066320,2,9,148637,2,9,32800,32768,00000,00000
BCN,6385,4095,060215,2,8,149206,2,9,32799,32768,00000,00000
BCN,6386,0000,060215,2,8,149206,2,9,32799,32768,00000,00000
BCN,6387,0000,060215,2,8,149206,2,9,32799,32768,00000,00000
BCN,6388,0000,060215,2,8,149206,2,9,32799,32768,00000,00000
BCN,6389,0000,060215,2,8,149206,2,9,32799,32768,00000,00000
BCN,6390,4095,060215,2,8,149206,2,9,32799,32768,00000,00000
BCN,6391,4095,064142,2,8,145279,2,9,32800,32768,00000,00000
BCN,6392,0000,064142,2,8,145279,2,9,32800,32768,00000,00000
BCN,6393,0000,064142,2,8,145279,2,9,32800,32768,00000,00000
BCN,6394,0000,064142,2,8,145279,2,9,32800,32768,00000,00000
BCN,6395,0000,064142,2,8,145279,2,9,32800,32768,00000,00000
BCN,6396,4095,064142,2,8,145279,2,9,32800,32768,00000,00000
BCN,6397,4095,066320,2,9,145319,2,9,32800,32768,00000,00000
BCN,6398,4095,066320,2,9,145319,2,9,32800,32768,00000,00000
BCN,6399,4095,066320,2,9,145319,2,9,32800,32768,00000,00000
BCN,6400,4095,066320,2,9,145319,2,9,32800,32768,00000,00000
BCN,6401,0000,066320,2,9,145319,2,9,32800,32768,00000,00000
BCN,6402,0000,066320,2,9,145319,2,9,32800,32768,00000,00000
BCN,6403,4095,060228,2,8,145310,2,9,32799,32768,00000,00000
BCN,6404,0000,060228,2,8,145310,2,9,32799,32768,00000,00000
BCN,6405,0000,060228,2,8,145310,2,9,32799,32768,00000,00000
BCN,6406,4095,060228,2,8,145310,2,9,32799,32768,00000,00000
BCN,6407,0000,060228,2,8,145310,2,9,32799,32768,00000,00000
BCN,6408,0000,060228,2,8,145310,2,9,32799,32768,00000,00000
BCN,6409,0000,066281,2,9,144369,2,9,32800,32768,00000,00000
BCN,6410,0000,066281,2,9,144369,2,9,32800,32768,00000,00000
BCN,6411,0000,066281,2,9,144369,2,9,32800,32768,00000,00000
BCN,6412,4095,066281,2,9,144369,2,9,32800,32768,00000,00000
BCN,6413,4095,066281,2,9,144369,2,9,32800,32768,00000,00000
BCN,6414,4095,066281,2,9,144369,2,9,32800,32768,00000,00000
BCN,6415,0000,066281,2,9,144369,2,9,32800,32768,00000,00000
BCN,6416,4095,066203,2,9,137138,2,9,32800,32768,00000,00000
BCN,6417,4095,066203,2,9,137138,2,9,32800,32768,00000,00000
BCN,6418,4095,066203,2,9,137138,2,9,32800,32768,00000,00000
BCN,6419,0000,066203,2,9,137138,2,9,32800,32768,00000,00000
BCN,6420,4095,066203,2,9,137138,2,9,32800,32768,00000,00000
BCN,6421,4095,066203,2,9,137138,2,9,32800,32768,00000,00000
BCN,6422,4095,060137,2,8,128992,2,8,32799,32768,00000,00000
BCN,6423,0000,060137,2,8,128992,2,8,32799,32768,00000,00000
BCN,6424,0000,060137,2,8,128992,2,8,32799,32768,00000,00000
BCN,6425,0000,060137,2,8,128992,2,8,32799,32768,00000,00000
BCN,6426,0000,060137,2,8,128992,2,8,32799,32768,00000,00000
BCN,6427,4095,060137,2,8,128992,2,8,32799,32768,00000,00000
BCN,6428,4095,066216,2,9,129025,2,8,32800,32768,00000,00000
BCN,6429,4095,066216,2,9,129025,2,8,32800,32768,00000,00000
BCN,6430,4095,066216,2,9,129025,2,8,32800,32768,00000,00000
BCN,6431,4095,066216,2,9,129025,2,8,32800,32768,00000,00000
BCN,6432,0000,066216,2,9,129025,2,8,32800,32768,00000,00000
BCN,6433,4095,066216,2,9,129025,2,8,32800,32768,00000,00000
BCN,6434,4095,064220,2,8,124970,2,8,32800,32768,00000,00000
BCN,6435,4095,064220,2,8,124970,2,8,32800,32768,00000,00000
BCN,6436,4095,064220,2,8,124970,2,8,32800,32768,00000,00000
BCN,6437,4095,064220,2,8,124970,2,8,32800,32768,00000,00000
BCN,6438,0000,064220,2,8,124970,2,8,32800,32768,00000,00000
BCN,6439,0000,064220,2,8,124970,2,8,32800,32768,00000,00000
BCN,6440,4095,060176,2,8,125001,2,8,32799,32768,00000,00000
BCN,6441,0000,060176,2,8,125001,2,8,32799,32768,00000,00000
BCN,6442,0000,060176,2,8,125001,2,8,32799,32768,00000,00000
BCN,6443,4095,060176,2,8,125001,2,8,32799,32768,00000,00000
BCN,6444,0000,060176,2,8,125001,2,8,32799,32768,00000,00000
BCN,6445,0000,060176,2,8,125001,2,8,32799,32768,00000,00000
BCN,6446,0000,064103,2,8,120940,2,8,32800,32768,00000,00000
BCN,6447,0000,064103,2,8,120940,2,8,32800,32768,00000,00000
BCN,6448,0000,064103,2,8,120940,2,8,32800,32768,00000,00000
BCN,6449,4095,064103,2,8,120940,2,8,32800,32768,00000,00000
BCN,6450,4095,064103,2,8,120940,2,8,32800,32768,00000,00000
BCN,6451,4095,064103,2,8,120940,2,8,32800,32768,00000,00000
BCN,6452,0000,064103,2,8,120940,2,8,32800,32768,00000,00000
BCN,6453,4095,066307,2,9,120970,2,8,32800,32768,00000,00000
BCN,6454,4095,066307,2,9,120970,2,8,32800,32768,00000,00000
BCN,6455,4095,066307,2,9,120970,2,8,32800,32768,00000,00000
BCN,6456,0000,066307,2,9,120970,2,8,32800,32768,00000,00000
BCN,6457,4095,066307,2,9,120970,2,8,32800,32768,00000,00000
BCN,6458,4095,066307,2,9,120970,2,8,32800,32768,00000,00000
BCN,6459,4095,062172,2,8,116910,2,7,32799,32768,00000,00000
BCN,6460,0000,062172,2,8,116910,2,7,32799,32768,00000,00000
BCN,6461,0000,062172,2,8,116910,2,7,32799,32768,00000,00000
BCN,6462,0000,062172,2,8,116910,2,7,32799,32768,00000,00000
BCN,6463,0000,062172,2,8,116910,2,7,32799,32768,00000,00000
BCN,6464,4095,062172,2,8,116910,2,7,32799,32768,00000,00000
BCN,6465,4095,064064,2,8,116992,2,7,32800,32769,00000,00000
BCN,6466,4095,064064,2,8,116992,2,7,32800,32769,00000,00000
BCN,6467,4095,064064,2,8,116992,2,7,32800,32769,00000,00000
BCN,6468,4095,064064,2,8,116992,2,7,32800,32769,00000,00000
BCN,6469,0000,064064,2,8,116992,2,7,32800,32769,00000,00000
BCN,6470,0000,064064,2,8,116992,2,7,32800,32769,00000,00000
BCN,6471,4095,066268,2,9,121029,2,8,32800,32769,00000,00000
BCN,6472,4095,066268,2,9,121029,2,8,32800,32769,00000,00000
BCN,6473,4095,066268,2,9,121029,2,8,32800,32769,00000,00000
BCN,6474,4095,066268,2,9,121029,2,8,32800,32769,00000,00000
BCN,6475,0000,066268,2,9,121029,2,8,32800,32769,00000,00000
BCN,6476,0000,066268,2,9,121029,2,8,32800,32769,00000,00000
BCN,6477,4095,064103,2,8,121034,2,8,32799,32769,00000,00000
BCN,6478,0000,064103,2,8,121034,2,8,32799,32769,00000,00000
BCN,6479,0000,064103,2,8,121034,2,8,32799,32769,00000,00000
BCN,6480,4095,064103,2,8,121034,2,8,32799,32769,00000,00000
BCN,6481,0000,064103,2,8,121034,2,8,32799,32769,00000,00000
BCN,6482,0000,064103,2,8,121034,2,8,32799,32769,00000,00000
BCN,6483,0000,063986,2,8,121166,2,8,32800,32769,00000,00000
BCN,6484,0000,063986,2,8,121166,2,8,32800,32769,00000,00000
BCN,6485,0000,063986,2,8,121166,2,8,32800,32769,00000,00000
BCN,6486,4095,063986,2,8,121166,2,8,32800,32769,00000,00000
BCN,6487,4095,063986,2,8,121166,2,8,32800,32769,00000,00000
BCN,6488,4095,063986,2,8,121166,2,8,32800,32769,00000,00000
BCN,6489,0000,063986,2,8,121166,2,8,32800,32769,00000,00000
BCN,6490,4095,066203,2,9,129204,2,8,32800,32769,00000,00000
BCN,6491,4095,066203,2,9,129204,2,8,32800,32769,00000,00000
BCN,6492,4095,066203,2,9,129204,2,8,32800,32769,00000,00000
BCN,6493,0000,066203,2,9,129204,2,8,32800,32769,00000,00000
BCN,6494,4095,066203,2,9,129204,2,8,32800,32769,00000,00000
BCN,6495,4095,066203,2,9,129204,2,8,32800,32769,00000,00000
BCN,6496,4095,064064,2,8,129237,2,8,32799,32769,00000,00000
BCN,6497,0000,064064,2,8,129237,2,8,32799,32769,00000,00000
BCN,6498,0000,064064,2,8,129237,2,8,32799,32769,00000,00000
BCN,6499,0000,064064,2,8,129237,2,8,32799,32769,00000,00000
BCN,6500,0000,064064,2,8,129237,2,8,32799,32769,00000,00000
BCN,6501,4095,064064,2,8,129237,2,8,32799,32769,00000,00000
BCN,6502,4095,063947,2,8,133254,2,8,32800,32769,00000,00000
BCN,6503,4095,063947,2,8,133254,2,8,32800,32769,00000,00000
BCN,6504,4095,063947,2,8,133254,2,8,32800,32769,00000,00000
BCN,6505,4095,063947,2,8,133254,2,8,32800,32769,00000,00000
BCN,6506,0000,063947,2,8,133254,2,8,32800,32769,00000,00000
BCN,6507,0000,063947,2,8,133254,2,8,32800,32769,00000,00000
BCN,6508,4095,066177,2,9,137341,2,9,32800,32769,00000,00000
BCN,6509,0000,066177,2,9,137341,2,9,32800,32769,00000,00000
BCN,6510,0000,066177,2,9,137341,2,9,32800,32769,00000,00000
BCN,6511,4095,066177,2,9,137341,2,9,32800,32769,00000,00000
BCN,6512,0000,066177,2,9,137341,2,9,32800,32769,00000,00000
BCN,6513,0000,066177,2,9,137341,2,9,32800,32769,00000,00000
BCN,6514,4095,062081,2,8,137335,2,9,32799,32769,00000,00000
BCN,6515,0000,062081,2,8,137335,2,9,32799,32769,00000,00000
BCN,6516,0000,062081,2,8,137335,2,9,32799,32769,00000,00000
BCN,6517,4095,062081,2,8,137335,2,9,32799,32769,00000,00000
BCN,6518,0000,062081,2,8,137335,2,9,32799,32769,00000,00000
BCN,6519,0000,062081,2,8,137335,2,9,32799,32769,00000,00000
BCN,6520,0000,063999,2,8,137349,2,9,32800,32769,00000,00000
BCN,6521,0000,063999,2,8,137349,2,9,32800,32769,00000,00000
BCN,6522,0000,063999,2,8,137349,2,9,32800,32769,00000,00000
BCN,6523,4095,063999,2,8,137349,2,9,32800,32769,00000,00000
BCN,6524,4095,063999,2,8,137349,2,9,32800,32769,00000,00000
BCN,6525,4095,063999,2,8,137349,2,9,32800,32769,00000,00000
BCN,6526,0000,063999,2,8,137349,2,9,32800,32769,00000,00000
BCN,6527,4095,066216,2,9,137328,2,9,32800,32769,00000,00000
BCN,6528,4095,066216,2,9,137328,2,9,32800,32769,00000,00000
BCN,6529,4095,066216,2,9,137328,2,9,32800,32769,00000,00000
BCN,6530,0000,066216,2,9,137328,2,9,32800,32769,00000,00000
BCN,6531,4095,066216,2,9,137328,2,9,32800,32769,00000,00000
BCN,6532,4095,066216,2,9,137328,2,9,32800,32769,00000,00000
BCN,6533,4095,062107,2,8,141406,2,9,32799,32769,00000,00000
BCN,6534,0000,062107,2,8,141406,2,9,32799,32769,00000,00000
BCN,6535,0000,062107,2,8,141406,2,9,32799,32769,00000,00000
BCN,6536,0000,062107,2,8,141406,2,9,32799,32769,00000,00000
BCN,6537,0000,062107,2,8,141406,2,9,32799,32769,00000,00000
BCN,6538,4095,062107,2,8,141406,2,9,32799,32769,00000,00000
BCN,6539,4095,064025,2,8,145473,2,9,32800,32769,00000,00000
BCN,6540,4095,064025,2,8,145473,2,9,32800,32769,00000,00000
BCN,6541,4095,064025,2,8,145473,2,9,32800,32769,00000,00000
BCN,6542,4095,064025,2,8,145473,2,9,32800,32769,00000,00000
BCN,6543,0000,064025,2,8,145473,2,9,32800,32769,00000,00000
BCN,6544,0000,064025,2,8,145473,2,9,32800,32769,00000,00000
BCN,6545,4095,066242,2,9,145452,2,9,32800,32769,00000,00000
BCN,6546,0000,066242,2,9,145452,2,9,32800,32769,00000,00000
BCN,6547,0000,066242,2,9,145452,2,9,32800,32769,00000,00000
BCN,6548,4095,066242,2,9,145452,2,9,32800,32769,00000,00000
BCN,6549,0000,066242,2,9,145452,2,9,32800,32769,00000,00000
BCN,6550,0000,066242,2,9,145452,2,9,32800,32769,00000,00000
BCN,6551,0000,062120,2,8,149517,2,9,32799,32769,00000,00000
BCN,6552,0000,062120,2,8,149517,2,9,32799,32769,00000,00000
BCN,6553,0000,062120,2,8,149517,2,9,32799,32769,00000,00000
BCN,6554,4095,062120,2,8,149517,2,9,32799,32769,00000,00000
BCN,6555,0000,062120,2,8,149517,2,9,32799,32769,00000,00000
BCN,6556,0000,062120,2,8,149517,2,9,32799,32769,00000,00000
BCN,6557,0000,064038,2,8,149496,2,9,32800,32769,00000,00000
BCN,6558,0000,064038,2,8,149496,2,9,32800,32769,00000,00000
BCN,6559,0000,064038,2,8,149496,2,9,32800,32769,00000,00000
BCN,6560,4095,064038,2,8,149496,2,9,32800,32769,00000,00000
BCN,6561,4095,064038,2,8,149496,2,9,32800,32769,00000,00000
BCN,6562,4095,064038,2,8,149496,2,9,32800,32769,00000,00000
BCN,6563,0000,064038,2,8,149496,2,9,32800,32769,00000,00000
BCN,6564,4095,066242,2,9,149479,2,9,32800,32769,00000,00000
BCN,6565,4095,066242,2,9,149479,2,9,32800,32769,00000,00000
BCN,6566,4095,066242,2,9,149479,2,9,32800,32769,00000,00000
BCN,6567,0000,066242,2,9,149479,2,9,32800,32769,00000,00000
BCN,6568,4095,066242,2,9,149479,2,9,32800,32769,00000,00000
BCN,6569,4095,066242,2,9,149479,2,9,32800,32769,00000,00000
BCN,6570,4095,060163,2,8,145359,2,9,32799,32769,00000,00000
BCN,6571,0000,060163,2,8,145359,2,9,32799,32769,00000,00000
BCN,6572,0000,060163,2,8,145359,2,9,32799,32769,00000,00000
BCN,6573,0000,060163,2,8,145359,2,9,32799,32769,00000,00000
BCN,6574,0000,060163,2,8,145359,2,9,32799,32769,00000,00000
BCN,6575,4095,060163,2,8,145359,2,9,32799,32769,00000,00000
BCN,6576,4095,066242,2,9,145341,2,9,32800,32769,00000,00000
BCN,6577,4095,066242,2,9,145341,2,9,32800,32769,00000,00000
BCN,6578,4095,066242,2,9,145341,2,9,32800,32769,00000,00000
BCN,6579,4095,066242,2,9,145341,2,9,32800,32769,00000,00000
BCN,6580,0000,066242,2,9,145341,2,9,32800,32769,00000,00000
BCN,6581,0000,066242,2,9,145341,2,9,32800,32769,00000,00000
BCN,6582,4095,066177,2,9,145327,2,9,32800,32769,00000,00000
BCN,6583,0000,066177,2,9,145327,2,9,32800,32769,00000,00000
BCN,6584,0000,066177,2,9,145327,2,9,32800,32769,00000,00000
BCN,6585,4095,066177,2,9,145327,2,9,32800,32769,00000,00000
BCN,6586,0000,066177,2,9,145327,2,9,32800,32769,00000,00000
BCN,6587,0000,066177,2,9,145327,2,9,32800,32769,00000,00000
BCN,6588,0000,062029,2,8,145317,2,9,32800,32769,00000,00000
BCN,6589,0000,062029,2,8,145317,2,9,32800,32769,00000,00000
BCN,6590,0000,062029,2,8,145317,2,9,32800,32769,00000,00000
BCN,6591,4095,062029,2,8,145317,2,9,32800,32769,00000,00000
BCN,6592,4095,062029,2,8,145317,2,9,32800,32769,00000,00000
BCN,6593,0000,062029,2,8,145317,2,9,32800,32769,00000,00000
BCN,6594,0000,063999,2,8,145309,2,9,32799,32769,00000,00000
BCN,6595,0000,063999,2,8,145309,2,9,32799,32769,00000,00000
BCN,6596,0000,063999,2,8,145309,2,9,32799,32769,00000,00000
BCN,6597,4095,063999,2,8,145309,2,9,32799,32769,00000,00000
BCN,6598,4095,063999,2,8,145309,2,9,32799,32769,00000,00000
BCN,6599,4095,063999,2,8,145309,2,9,32799,32769,00000,00000
BCN,6600,0000,063999,2,8,145309,2,9,32799,32769,00000,00000
BCN,6601,4095,059825,2,8,137140,2,9,32799,32769,00000,00000
BCN,6602,4095,059825,2,8,137140,2,9,32799,32769,00000,00000
BCN,6603,4095,059825,2,8,137140,2,9,32799,32769,00000,00000
BCN,6604,0000,059825,2,8,137140,2,9,32799,32769,00000,00000
BCN,6605,4095,059825,2,8,137140,2,9,32799,32769,00000,00000
BCN,6606,4095,059825,2,8,137140,2,9,32799,32769,00000,00000
BCN,6607,4095,070078,2,9,137155,2,9,32800,32769,00000,00000
BCN,6608,0000,070078,2,9,137155,2,9,32800,32769,00000,00000
BCN,6609,0000,070078,2,9,137155,2,9,32800,32769,00000,00000
BCN,6610,0000,070078,2,9,137155,2,9,32800,32769,00000,00000
BCN,6611,0000,070078,2,9,137155,2,9,32800,32769,00000,00000
BCN,6612,4095,070078,2,9,137155,2,9,32800,32769,00000,00000
BCN,6613,4095,063856,2,8,129005,2,8,32800,32769,00000,00000
BCN,6614,4095,063856,2,8,129005,2,8,32800,32769,00000,00000
BCN,6615,4095,063856,2,8,129005,2,8,32800,32769,00000,00000
BCN,6616,4095,063856,2,8,129005,2,8,32800,32769,00000,00000
BCN,6617,0000,063856,2,8,129005,2,8,32800,32769,00000,00000
BCN,6618,0000,063856,2,8,129005,2,8,32800,32769,00000,00000
BCN,6619,4095,067874,2,9,129035,2,8,32800,32769,00000,00000
BCN,6620,0000,067874,2,9,129035,2,8,32800,32769,00000,00000
BCN,6621,0000,067874,2,9,129035,2,8,32800,32769,00000,00000
BCN,6622,4095,067874,2,9,129035,2,8,32800,32769,00000,00000
BCN,6623,0000,067874,2,9,129035,2,8,32800,32769,00000,00000
BCN,6624,0000,067874,2,9,129035,2,8,32800,32769,00000,00000
BCN,6625,0000,061769,2,8,129057,2,8,32800,32769,00000,00000
BCN,6626,0000,061769,2,8,129057,2,8,32800,32769,00000,00000
BCN,6627,0000,061769,2,8,129057,2,8,32800,32769,00000,00000
BCN,6628,4095,061769,2,8,129057,2,8,32800,32769,00000,00000
BCN,6629,4095,061769,2,8,129057,2,8,32800,32769,00000,00000
BCN,6630,4095,061769,2,8,129057,2,8,32800,32769,00000,00000
BCN,6631,0000,063804,2,8,124994,2,8,32799,32769,00000,00000
BCN,6632,4095,063804,2,8,124994,2,8,32799,32769,00000,00000
BCN,6633,0000,063804,2,8,124994,2,8,32799,32769,00000,00000
BCN,6634,4095,063804,2,8,124994,2,8,32799,32769,00000,00000
BCN,6635,4095,063804,2,8,124994,2,8,32799,32769,00000,00000
BCN,6636,4095,063804,2,8,124994,2,8,32799,32769,00000,00000
BCN,6637,0000,063804,2,8,124994,2,8,32799,32769,00000,00000
BCN,6638,4095,059682,2,8,120938,2,8,32799,32769,00000,00000
BCN,6639,4095,059682,2,8,120938,2,8,32799,32769,00000,00000
BCN,6640,4095,059682,2,8,120938,2,8,32799,32769,00000,00000
BCN,6641,0000,059682,2,8,120938,2,8,32799,32769,00000,00000
BCN,6642,4095,059682,2,8,120938,2,8,32799,32769,00000,00000
BCN,6643,4095,059682,2,8,120938,2,8,32799,32769,00000,00000
BCN,6644,4095,069974,2,9,120966,2,8,32800,32769,00000,00000
BCN,6645,0000,069974,2,9,120966,2,8,32800,32769,00000,00000
BCN,6646,0000,069974,2,9,120966,2,8,32800,32769,00000,00000
BCN,6647,0000,069974,2,9,120966,2,8,32800,32769,00000,00000
BCN,6648,0000,069974,2,9,120966,2,8,32800,32769,00000,00000
BCN,6649,4095,069974,2,9,120966,2,8,32800,32769,00000,00000
BCN,6650,4095,063778,2,8,116908,2,7,32800,32769,00000,00000
BCN,6651,4095,063778,2,8,116908,2,7,32800,32769,00000,00000
BCN,6652,4095,063778,2,8,116908,2,7,32800,32769,00000,00000
BCN,6653,4095,063778,2,8,116908,2,7,32800,32769,00000,00000
BCN,6654,0000,063778,2,8,116908,2,7,32800,32769,00000,00000
BCN,6655,0000,063778,2,8,116908,2,7,32800,32769,00000,00000
BCN,6656,4095,067822,2,9,121024,2,8,32800,32770,00000,00000
BCN,6657,0000,067822,2,9,121024,2,8,32800,32770,00000,00000
BCN,6658,0000,067822,2,9,121024,2,8,32800,32770,00000,00000
BCN,6659,4095,067822,2,9,121024,2,8,32800,32770,00000,00000
BCN,6660,0000,067822,2,9,121024,2,8,32800,32770,00000,00000
BCN,6661,0000,067822,2,9,121024,2,8,32800,32770,00000,00000
BCN,6662,0000,061717,2,8,121018,2,8,32800,32770,00000,00000
BCN,6663,0000,061717,2,8,121018,2,8,32800,32770,00000,00000
BCN,6664,0000,061717,2,8,121018,2,8,32800,32770,00000,00000
BCN,6665,4095,061717,2,8,121018,2,8,32800,32770,00000,00000
BCN,6666,4095,061717,2,8,121018,2,8,32800,32770,00000,00000
BCN,6667,4095,061717,2,8,121018,2,8,32800,32770,00000,00000
BCN,6668,0000,063765,2,8,121026,2,8,32799,32770,00000,00000
BCN,6669,4095,063765,2,8,121026,2,8,32799,32770,00000,00000
BCN,6670,4095,063765,2,8,121026,2,8,32799,32770,00000,00000
BCN,6671,4095,063765,2,8,121026,2,8,32799,32770,00000,00000
BCN,6672,0000,063765,2,8,121026,2,8,32799,32770,00000,00000
BCN,6673,4095,063765,2,8,121026,2,8,32799,32770,00000,00000
BCN,6674,0000,063765,2,8,121026,2,8,32799,32770,00000,00000
BCN,6675,4095,059669,2,8,121108,2,8,32799,32770,00000,00000
BCN,6676,4095,059669,2,8,121108,2,8,32799,32770,00000,00000
BCN,6677,4095,059669,2,8,121108,2,8,32799,32770,00000,00000
BCN,6678,0000,059669,2,8,121108,2,8,32799,32770,00000,00000
BCN,6679,4095,059669,2,8,121108,2,8,32799,32770,00000,00000
BCN,6680,4095,059669,2,8,121108,2,8,32799,32770,00000,00000
BCN,6681,4095,069948,2,9,125154,2,8,32800,32770,00000,00000
BCN,6682,0000,069948,2,9,125154,2,8,32800,32770,00000,00000
BCN,6683,0000,069948,2,9,125154,2,8,32800,32770,00000,00000
BCN,6684,0000,069948,2,9,125154,2,8,32800,32770,00000,00000
BCN,6685,0000,069948,2,9,125154,2,8,32800,32770,00000,00000
BCN,6686,4095,069948,2,9,125154,2,8,32800,32770,00000,00000
BCN,6687,4095,063765,2,8,125113,2,8,32800,32770,00000,00000
BCN,6688,4095,063765,2,8,125113,2,8,32800,32770,00000,00000
BCN,6689,4095,063765,2,8,125113,2,8,32800,32770,00000,00000
BCN,6690,4095,063765,2,8,125113,2,8,32800,32770,00000,00000
BCN,6691,0000,063765,2,8,125113,2,8,32800,32770,00000,00000
BCN,6692,0000,063765,2,8,125113,2,8,32800,32770,00000,00000
BCN,6693,4095,067809,2,9,129190,2,8,32800,32770,00000,00000
BCN,6694,0000,067809,2,9,129190,2,8,32800,32770,00000,00000
BCN,6695,0000,067809,2,9,129190,2,8,32800,32770,00000,00000
BCN,6696,4095,067809,2,9,129190,2,8,32800,32770,00000,00000
BCN,6697,0000,067809,2,9,129190,2,8,32800,32770,00000,00000
BCN,6698,0000,067809,2,9,129190,2,8,32800,32770,00000,00000
BCN,6699,0000,061717,2,8,129240,2,8,32800,32770,00000,00000
BCN,6700,0000,061717,2,8,129240,2,8,32800,32770,00000,00000
BCN,6701,0000,061717,2,8,129240,2,8,32800,32770,00000,00000
BCN,6702,4095,061717,2,8,129240,2,8,32800,32770,00000,00000
BCN,6703,4095,061717,2,8,129240,2,8,32800,32770,00000,00000
BCN,6704,4095,061717,2,8,129240,2,8,32800,32770,00000,00000
BCN,6705,0000,063765,2,8,133245,2,8,32799,32770,00000,00000
BCN,6706,4095,063765,2,8,133245,2,8,32799,32770,00000,00000
BCN,6707,4095,063765,2,8,133245,2,8,32799,32770,00000,00000
BCN,6708,4095,063765,2,8,133245,2,8,32799,32770,00000,00000
BCN,6709,0000,063765,2,8,133245,2,8,32799,32770,00000,00000
BCN,6710,4095,063765,2,8,133245,2,8,32799,32770,00000,00000
BCN,6711,4095,063765,2,8,133245,2,8,32799,32770,00000,00000
BCN,6712,4095,059656,2,8,137335,2,9,32799,32770,00000,00000
BCN,6713,4093,059656,2,8,137335,2,9,32799,32770,00000,00000
BCN,6714,4095,059656,2,8,137335,2,9,32799,32770,00000,00000
BCN,6715,0000,059656,2,8,137335,2,9,32799,32770,00000,00000
BCN,6716,4095,059656,2,8,137335,2,9,32799,32770,00000,00000
BCN,6717,4095,059656,2,8,137335,2,9,32799,32770,00000,00000
BCN,6718,4095,069948,2,9,137333,2,9,32800,32770,00000,00000
BCN,6719,0000,069948,2,9,137333,2,9,32800,32770,00000,00000
BCN,6720,0000,069948,2,9,137333,2,9,32800,32770,00000,00000
BCN,6721,0000,069948,2,9,137333,2,9,32800,32770,00000,00000
BCN,6722,0000,069948,2,9,137333,2,9,32800,32770,00000,00000
BCN,6723,4095,069948,2,9,137333,2,9,32800,32770,00000,00000
BCN,6724,4095,063765,2,8,137327,2,9,32800,32770,00000,00000
BCN,6725,4095,063765,2,8,137327,2,9,32800,32770,00000,00000
BCN,6726,4095,063765,2,8,137327,2,9,32800,32770,00000,00000
BCN,6727,4095,063765,2,8,137327,2,9,32800,32770,00000,00000
BCN,6728,0000,063765,2,8,137327,2,9,32800,32770,00000,00000
BCN,6729,0000,063765,2,8,137327,2,9,32800,32770,00000,00000
BCN,6730,4095,067822,2,9,137325,2,9,32800,32770,00000,00000
BCN,6731,0000,067822,2,9,137325,2,9,32800,32770,00000,00000
BCN,6732,0000,067822,2,9,137325,2,9,32800,32770,00000,00000
BCN,6733,4095,067822,2,9,137325,2,9,32800,32770,00000,00000
BCN,6734,0000,067822,2,9,137325,2,9,32800,32770,00000,00000
BCN,6735,0000,067822,2,9,137325,2,9,32800,32770,00000,00000
BCN,6736,0000,066021,2,9,137323,2,9,32800,32770,00000,00000
BCN,6737,0000,066021,2,9,137323,2,9,32800,32770,00000,00000
BCN,6738,0000,066021,2,9,137323,2,9,32800,32770,00000,00000
BCN,6739,4095,066021,2,9,137323,2,9,32800,32770,00000,00000
BCN,6740,4095,066021,2,9,137323,2,9,32800,32770,00000,00000
BCN,6741,4095,066021,2,9,137323,2,9,32800,32770,00000,00000
BCN,6742,0000,061964,2,8,141546,2,9,32799,32770,00000,00000
BCN,6743,4095,061964,2,8,141546,2,9,32799,32770,00000,00000
BCN,6744,4095,061964,2,8,141546,2,9,32799,32770,00000,00000
BCN,6745,4095,061964,2,8,141546,2,9,32799,32770,00000,00000
BCN,6746,0000,061964,2,8,141546,2,9,32799,32770,00000,00000
BCN,6747,4095,061964,2,8,141546,2,9,32799,32770,00000,00000
BCN,6748,4095,061964,2,8,141546,2,9,32799,32770,00000,00000
BCN,6749,4095,063908,2,8,141406,2,9,32800,32770,00000,00000
BCN,6750,0000,063908,2,8,141406,2,9,32800,32770,00000,00000
BCN,6751,0000,063908,2,8,141406,2,9,32800,32770,00000,00000
BCN,6752,0000,063908,2,8,141406,2,9,32800,32770,00000,00000
BCN,6753,4095,063908,2,8,141406,2,9,32800,32770,00000,00000
BCN,6754,4095,063908,2,8,141406,2,9,32800,32770,00000,00000
BCN,6755,4095,066151,2,9,145461,2,9,32800,32770,00000,00000
BCN,6756,0000,066151,2,9,145461,2,9,32800,32770,00000,00000
BCN,6757,0000,066151,2,9,145461,2,9,32800,32770,00000,00000
BCN,6758,0000,066151,2,9,145461,2,9,32800,32770,00000,00000
BCN,6759,0000,066151,2,9,145461,2,9,32800,32770,00000,00000
BCN,6760,4095,066151,2,9,145461,2,9,32800,32770,00000,00000
BCN,6761,4095,060098,2,8,145443,2,9,32799,32770,00000,00000
BCN,6762,4095,060098,2,8,145443,2,9,32799,32770,00000,00000
BCN,6763,4095,060098,2,8,145443,2,9,32799,32770,00000,00000
BCN,6764,4095,060098,2,8,145443,2,9,32799,32770,00000,00000
BCN,6765,0000,060098,2,8,145443,2,9,32799,32770,00000,00000
BCN,6766,0000,060098,2,8,145443,2,9,32799,32770,00000,00000
BCN,6767,4095,064051,2,8,149511,2,9,32800,32770,00000,00000
BCN,6768,0000,064051,2,8,149511,2,9,32800,32770,00000,00000
BCN,6769,0000,064051,2,8,149511,2,9,32800,32770,00000,00000
BCN,6770,4095,064051,2,8,149511,2,9,32800,32770,00000,00000
BCN,6771,0000,064051,2,8,149511,2,9,32800,32770,00000,00000
BCN,6772,0000,064051,2,8,149511,2,9,32800,32770,00000,00000
BCN,6773,0000,066255,2,9,149491,2,9,32800,32770,00000,00000
BCN,6774,0000,066255,2,9,149491,2,9,32800,32770,00000,00000
BCN,6775,0000,066255,2,9,149491,2,9,32800,32770,00000,00000
BCN,6776,4095,066255,2,9,149491,2,9,32800,32770,00000,00000
BCN,6777,4095,066255,2,9,149491,2,9,32800,32770,00000,00000
BCN,6778,4095,066255,2,9,149491,2,9,32800,32770,00000,00000
BCN,6779,0000,060176,2,8,149476,2,9,32799,32770,00000,00000
BCN,6780,4095,060176,2,8,149476,2,9,32799,32770,00000,00000
BCN,6781,4095,060176,2,8,149476,2,9,32799,32770,00000,00000
BCN,6782,4095,060176,2,8,149476,2,9,32799,32770,00000,00000
BCN,6783,0000,060176,2,8,149476,2,9,32799,32770,00000,00000
BCN,6784,4095,060176,2,8,149476,2,9,32799,32770,00000,00000
BCN,6785,4095,060176,2,8,149476,2,9,32799,32770,00000,00000
BCN,6786,4095,064103,2,8,149464,2,9,32800,32770,00000,00000
BCN,6787,0000,064103,2,8,149464,2,9,32800,32770,00000,00000
BCN,6788,0000,064103,2,8,149464,2,9,32800,32770,00000,00000
BCN,6789,0000,064103,2,8,149464,2,9,32800,32770,00000,00000
BCN,6790,0000,064103,2,8,149464,2,9,32800,32770,00000,00000
BCN,6791,4095,064103,2,8,149464,2,9,32800,32770,00000,00000
BCN,6792,4095,066294,2,9,145348,2,9,32800,32770,00000,00000
BCN,6793,0000,066294,2,9,145348,2,9,32800,32770,00000,00000
BCN,6794,0000,066294,2,9,145348,2,9,32800,32770,00000,00000
BCN,6795,0000,066294,2,9,145348,2,9,32800,32770,00000,00000
BCN,6796,0000,066294,2,9,145348,2,9,32800,32770,00000,00000
BCN,6797,4095,066294,2,9,145348,2,9,32800,32770,00000,00000
BCN,6798,4095,060202,2,8,145333,2,9,32799,32770,00000,00000
BCN,6799,4095,060202,2,8,145333,2,9,32799,32770,00000,00000
BCN,6800,4095,060202,2,8,145333,2,9,32799,32770,00000,00000
BCN,6801,4095,060202,2,8,145333,2,9,32799,32770,00000,00000
BCN,6802,0000,060202,2,8,145333,2,9,32799,32770,00000,00000
BCN,6803,0000,060202,2,8,145333,2,9,32799,32770,00000,00000
BCN,6804,4095,064129,2,8,145321,2,9,32800,32770,00000,00000
BCN,6805,0000,064129,2,8,145321,2,9,32800,32770,00000,00000
BCN,6806,0000,064129,2,8,145321,2,9,32800,32770,00000,00000
BCN,6807,4095,064129,2,8,145321,2,9,32800,32770,00000,00000
BCN,6808,0000,064129,2,8,145321,2,9,32800,32770,00000,00000
BCN,6809,0000,064129,2,8,145321,2,9,32800,32770,00000,00000
BCN,6810,0000,066320,2,9,145312,2,9,32800,32770,00000,00000
BCN,6811,0000,066320,2,9,145312,2,9,32800,32770,00000,00000
BCN,6812,0000,066320,2,9,145312,2,9,32800,32770,00000,00000
BCN,6813,4095,066320,2,9,145312,2,9,32800,32770,00000,00000
BCN,6814,4095,066320,2,9,145312,2,9,32800,32770,00000,00000
BCN,6815,4095,066320,2,9,145312,2,9,32800,32770,00000,00000
BCN,6816,0000,060215,2,8,145305,2,9,32799,32770,00000,00000
BCN,6817,4095,060215,2,8,145305,2,9,32799,32770,00000,00000
BCN,6818,4095,060215,2,8,145305,2,9,32799,32770,00000,00000
BCN,6819,4095,060215,2,8,145305,2,9,32799,32770,00000,00000
BCN,6820,0000,060215,2,8,145305,2,9,32799,32770,00000,00000
BCN,6821,4095,060215,2,8,145305,2,9,32799,32770,00000,00000
BCN,6822,4095,060215,2,8,145305,2,9,32799,32770,00000,00000
BCN,6823,4095,064142,2,8,137137,2,9,32800,32770,00000,00000
BCN,6824,0000,064142,2,8,137137,2,9,32800,32770,00000,00000
BCN,6825,0000,064142,2,8,137137,2,9,32800,32770,00000,00000
BCN,6826,0000,064142,2,8,137137,2,9,32800,32770,00000,00000
BCN,6827,0000,064142,2,8,137137,2,9,32800,32770,00000,00000
BCN,6828,4095,064142,2,8,137137,2,9,32800,32770,00000,00000
BCN,6829,4095,054084,2,7,133071,2,8,32799,32770,00000,00000
BCN,6830,4095,054084,2,7,133071,2,8,32799,32770,00000,00000
BCN,6831,4095,054084,2,7,133071,2,8,32799,32770,00000,00000
BCN,6832,0000,054084,2,7,133071,2,8,32799,32770,00000,00000
BCN,6833,0000,054084,2,7,133071,2,8,32799,32770,00000,00000
BCN,6834,4095,054084,2,7,133071,2,8,32799,32770,00000,00000
BCN,6835,4095,054032,2,7,129013,2,8,32800,32770,00000,00000
BCN,6836,4095,054032,2,7,129013,2,8,32800,32770,00000,00000
BCN,6837,4095,054032,2,7,129013,2,8,32800,32770,00000,00000
BCN,6838,4095,054032,2,7,129013,2,8,32800,32770,00000,00000
BCN,6839,0000,054032,2,7,129013,2,8,32800,32770,00000,00000
BCN,6840,0000,054032,2,7,129013,2,8,32800,32770,00000,00000
BCN,6841,4095,060228,2,8,129041,2,8,32799,32770,00000,00000
BCN,6842,0000,060228,2,8,129041,2,8,32799,32770,00000,00000
BCN,6843,0000,060228,2,8,129041,2,8,32799,32770,00000,00000
BCN,6844,4095,060228,2,8,129041,2,8,32799,32770,00000,00000
BCN,6845,0000,060228,2,8,129041,2,8,32799,32770,00000,00000
BCN,6846,0000,060228,2,8,129041,2,8,32799,32770,00000,00000
BCN,6847,0000,064142,2,8,124982,2,8,32800,32770,00000,00000
BCN,6848,0000,064142,2,8,124982,2,8,32800,32770,00000,00000
BCN,6849,0000,064142,2,8,124982,2,8,32800,32770,00000,00000
BCN,6850,4095,064142,2,8,124982,2,8,32800,32770,00000,00000
BCN,6851,4095,064142,2,8,124982,2,8,32800,32770,00000,00000
BCN,6852,4095,064142,2,8,124982,2,8,32800,32770,00000,00000
BCN,6853,0000,066320,2,9,120929,2,8,32800,32770,00000,00000
BCN,6854,4095,066320,2,9,120929,2,8,32800,32770,00000,00000
BCN,6855,4095,066320,2,9,120929,2,8,32800,32770,00000,00000
BCN,6856,4095,066320,2,9,120929,2,8,32800,32770,00000,00000
BCN,6857,0000,066320,2,9,120929,2,8,32800,32770,00000,00000
BCN,6858,4095,066320,2,9,120929,2,8,32800,32770,00000,00000
BCN,6859,4095,066320,2,9,120929,2,8,32800,32770,00000,00000
BCN,6860,4095,060228,2,8,120960,2,8,32799,32770,00000,00000
BCN,6861,0000,060228,2,8,120960,2,8,32799,32770,00000,00000
BCN,6862,0000,060228,2,8,120960,2,8,32799,32770,00000,00000
BCN,6863,0000,060228,2,8,120960,2,8,32799,32770,00000,00000
BCN,6864,0000,060228,2,8,120960,2,8,32799,32770,00000,00000
BCN,6865,4095,060228,2,8,120960,2,8,32799,32770,00000,00000
BCN,6866,4095,064142,2,8,116900,2,7,32800,32771,00000,00000
BCN,6867,4095,064142,2,8,116900,2,7,32800,32771,00000,00000
BCN,6868,4095,064142,2,8,116900,2,7,32800,32771,00000,00000
BCN,6869,4095,064142,2,8,116900,2,7,32800,32771,00000,00000
BCN,6870,0000,064142,2,8,116900,2,7,32800,32771,00000,00000
BCN,6871,0000,064142,2,8,116900,2,7,32800,32771,00000,00000
BCN,6872,4095,066333,2,9,121004,2,8,32800,32771,00000,00000
BCN,6873,4095,066333,2,9,121004,2,8,32800,32771,00000,00000
BCN,6874,4095,066333,2,9,121004,2,8,32800,32771,00000,00000
BCN,6875,4095,066333,2,9,121004,2,8,32800,32771,00000,00000
BCN,6876,0000,066333,2,9,121004,2,8,32800,32771,00000,00000
BCN,6877,0000,066333,2,9,121004,2,8,32800,32771,00000,00000
BCN,6878,4095,060228,2,8,121015,2,8,32799,32771,00000,00000
BCN,6879,0000,060228,2,8,121015,2,8,32799,32771,00000,00000
BCN,6880,0000,060228,2,8,121015,2,8,32799,32771,00000,00000
BCN,6881,4095,060228,2,8,121015,2,8,32799,32771,00000,00000
BCN,6882,0000,060228,2,8,121015,2,8,32799,32771,00000,00000
BCN,6883,0000,060228,2,8,121015,2,8,32799,32771,00000,00000
BCN,6884,0000,066281,2,9,121030,2,8,32800,32771,00000,00000
BCN,6885,0000,066281,2,9,121030,2,8,32800,32771,00000,00000
BCN,6886,0000,066281,2,9,121030,2,8,32800,32771,00000,00000
BCN,6887,4095,066281,2,9,121030,2,8,32800,32771,00000,00000
BCN,6888,4095,066281,2,9,121030,2,8,32800,32771,00000,00000
BCN,6889,4095,066281,2,9,121030,2,8,32800,32771,00000,00000
BCN,6890,0000,068160,2,9,129194,2,8,32800,32771,00000,00000
BCN,6891,4095,068160,2,9,129194,2,8,32800,32771,00000,00000
BCN,6892,4095,068160,2,9,129194,2,8,32800,32771,00000,00000
BCN,6893,4095,068160,2,9,129194,2,8,32800,32771,00000,00000
BCN,6894,0000,068160,2,9,129194,2,8,32800,32771,00000,00000
BCN,6895,4095,068160,2,9,129194,2,8,32800,32771,00000,00000
BCN,6896,4095,068160,2,9,129194,2,8,32800,32771,00000,00000
BCN,6897,4095,061977,2,8,129179,2,8,32800,32771,00000,00000
BCN,6898,0000,061977,2,8,129179,2,8,32800,32771,00000,00000
BCN,6899,0000,061977,2,8,129179,2,8,32800,32771,00000,00000
BCN,6900,0000,061977,2,8,129179,2,8,32800,32771,00000,00000
BCN,6901,0000,061977,2,8,129179,2,8,32800,32771,00000,00000
BCN,6902,4095,061977,2,8,129179,2,8,32800,32771,00000,00000
BCN,6903,4095,063960,2,8,129184,2,8,32799,32771,00000,00000
BCN,6904,4095,063960,2,8,129184,2,8,32799,32771,00000,00000
BCN,6905,4095,063960,2,8,129184,2,8,32799,32771,00000,00000
BCN,6906,4095,063960,2,8,129184,2,8,32799,32771,00000,00000
BCN,6907,0000,063960,2,8,129184,2,8,32799,32771,00000,00000
BCN,6908,0000,063960,2,8,129184,2,8,32799,32771,00000,00000
BCN,6909,4095,059799,2,8,133240,2,8,32799,32771,00000,00000
BCN,6910,0000,059799,2,8,133240,2,8,32799,32771,00000,00000
BCN,6911,0000,059799,2,8,133240,2,8,32799,32771,00000,00000
BCN,6912,4095,059799,2,8,133240,2,8,32799,32771,00000,00000
BCN,6913,0000,059799,2,8,133240,2,8,32799,32771,00000,00000
BCN,6914,0000,059799,2,8,133240,2,8,32799,32771,00000,00000
BCN,6915,4095,070052,2,9,133222,2,8,32800,32771,00000,00000
BCN,6916,0000,070052,2,9,133222,2,8,32800,32771,00000,00000
BCN,6917,0000,070052,2,9,133222,2,8,32800,32771,00000,00000
BCN,6918,4095,070052,2,9,133222,2,8,32800,32771,00000,00000
BCN,6919,0000,070052,2,9,133222,2,8,32800,32771,00000,00000
BCN,6920,0000,070052,2,9,133222,2,8,32800,32771,00000,00000
BCN,6921,0000,063843,2,8,137317,2,9,32800,32771,00000,00000
BCN,6922,0000,063843,2,8,137317,2,9,32800,32771,00000,00000
BCN,6923,0000,063843,2,8,137317,2,9,32800,32771,00000,00000
BCN,6924,4095,063843,2,8,137317,2,9,32800,32771,00000,00000
BCN,6925,4095,063843,2,8,137317,2,9,32800,32771,00000,00000
BCN,6926,4095,063843,2,8,137317,2,9,32800,32771,00000,00000
BCN,6927,0000,067874,2,9,137317,2,9,32800,32771,00000,00000
BCN,6928,4095,067874,2,9,137317,2,9,32800,32771,00000,00000
BCN,6929,4095,067874,2,9,137317,2,9,32800,32771,00000,00000
BCN,6930,4095,067874,2,9,137317,2,9,32800,32771,00000,00000
BCN,6931,0000,067874,2,9,137317,2,9,32800,32771,00000,00000
BCN,6932,4095,067874,2,9,137317,2,9,32800,32771,00000,00000
BCN,6933,4095,067874,2,9,137317,2,9,32800,32771,00000,00000
BCN,6934,4095,061756,2,8,137318,2,9,32800,32771,00000,00000
BCN,6935,0000,061756,2,8,137318,2,9,32800,32771,00000,00000
BCN,6936,0000,061756,2,8,137318,2,9,32800,32771,00000,00000
BCN,6937,0000,061756,2,8,137318,2,9,32800,32771,00000,00000
BCN,6938,0000,061756,2,8,137318,2,9,32800,32771,00000,00000
BCN,6939,4095,061756,2,8,137318,2,9,32800,32771,00000,00000
BCN,6940,4095,063791,2,8,137318,2,9,32799,32771,00000,00000
BCN,6941,4095,063791,2,8,137318,2,9,32799,32771,00000,00000
BCN,6942,4095,063791,2,8,137318,2,9,32799,32771,00000,00000
BCN,6943,4095,063791,2,8,137318,2,9,32799,32771,00000,00000
BCN,6944,0000,063791,2,8,137318,2,9,32799,32771,00000,00000
BCN,6945,0000,063791,2,8,137318,2,9,32799,32771,00000,00000
BCN,6946,4095,061600,2,8,137318,2,9,32800,32771,00000,00000
BCN,6947,0000,061600,2,8,137318,2,9,32800,32771,00000,00000
BCN,6948,0000,061600,2,8,137318,2,9,32800,32771,00000,00000
BCN,6949,4095,061600,2,8,137318,2,9,32800,32771,00000,00000
BCN,6950,0000,061600,2,8,137318,2,9,32800,32771,00000,00000
BCN,6951,0000,061600,2,8,137318,2,9,32800,32771,00000,00000
BCN,6952,4095,063817,2,8,137354,2,9,32800,32771,00000,00000
BCN,6953,0000,063817,2,8,137354,2,9,32800,32771,00000,00000
BCN,6954,0000,063817,2,8,137354,2,9,32800,32771,00000,00000
BCN,6955,4095,063817,2,8,137354,2,9,32800,32771,00000,00000
BCN,6956,0000,063817,2,8,137354,2,9,32800,32771,00000,00000
BCN,6957,0000,063817,2,8,137354,2,9,32800,32771,00000,00000
BCN,6958,0000,063804,2,8,141398,2,9,32799,32771,00000,00000
BCN,6959,0000,063804,2,8,141398,2,9,32799,32771,00000,00000
BCN,6960,0000,063804,2,8,141398,2,9,32799,32771,00000,00000
BCN,6961,4095,063804,2,8,141398,2,9,32799,32771,00000,00000
BCN,6962,4095,063804,2,8,141398,2,9,32799,32771,00000,00000
BCN,6963,4095,063804,2,8,141398,2,9,32799,32771,00000,00000
BCN,6964,0000,063752,2,8,141515,2,9,32800,32771,00000,00000
BCN,6965,4095,063752,2,8,141515,2,9,32800,32771,00000,00000
BCN,6966,4095,063752,2,8,141515,2,9,32800,32771,00000,00000
BCN,6967,4095,063752,2,8,141515,2,9,32800,32771,00000,00000
BCN,6968,0000,063752,2,8,141515,2,9,32800,32771,00000,00000
BCN,6969,4095,063752,2,8,141515,2,9,32800,32771,00000,00000
BCN,6970,4095,063752,2,8,141515,2,9,32800,32771,00000,00000
BCN,6971,4095,066034,2,9,141395,2,9,32800,32771,00000,00000
BCN,6972,0000,066034,2,9,141395,2,9,32800,32771,00000,00000
BCN,6973,0000,066034,2,9,141395,2,9,32800,32771,00000,00000
BCN,6974,0000,066034,2,9,141395,2,9,32800,32771,00000,00000
BCN,6975,0000,066034,2,9,141395,2,9,32800,32771,00000,00000
BCN,6976,4095,066034,2,9,141395,2,9,32800,32771,00000,00000
BCN,6977,4095,061977,2,8,145453,2,9,32799,32771,00000,00000
BCN,6978,4095,061977,2,8,145453,2,9,32799,32771,00000,00000
BCN,6979,4095,061977,2,8,145453,2,9,32799,32771,00000,00000
BCN,6980,4095,061977,2,8,145453,2,9,32799,32771,00000,00000
BCN,6981,0000,061977,2,8,145453,2,9,32799,32771,00000,00000
BCN,6982,0000,061977,2,8,145453,2,9,32799,32771,00000,00000
BCN,6983,4095,063921,2,8,145439,2,9,32800,32771,00000,00000
BCN,6984,0000,063921,2,8,145439,2,9,32800,32771,00000,00000
BCN,6985,0000,063921,2,8,145439,2,9,32800,32771,00000,00000
BCN,6986,4095,063921,2,8,145439,2,9,32800,32771,00000,00000
BCN,6987,0000,063921,2,8,145439,2,9,32800,32771,00000,00000
BCN,6988,0000,063921,2,8,145439,2,9,32800,32771,00000,00000
BCN,6989,0000,066164,2,9,149506,2,9,32800,32771,00000,00000
BCN,6990,0000,066164,2,9,149506,2,9,32800,32771,00000,00000
BCN,6991,0000,066164,2,9,149506,2,9,32800,32771,00000,00000
BCN,6992,4095,066164,2,9,149506,2,9,32800,32771,00000,00000
BCN,6993,0000,066164,2,9,149506,2,9,32800,32771,00000,00000
BCN,6994,0000,066164,2,9,149506,2,9,32800,32771,00000,00000
BCN,6995,0000,060098,2,8,149487,2,9,32799,32771,00000,00000
BCN,6996,0000,060098,2,8,149487,2,9,32799,32771,00000,00000
BCN,6997,0000,060098,2,8,149487,2,9,32799,32771,00000,00000
BCN,6998,4095,060098,2,8,149487,2,9,32799,32771,00000,00000
BCN,6999,4095,060098,2,8,149487,2,9,32799,32771,00000,00000
BCN,7000,4095,060098,2,8,149487,2,9,32799,32771,00000,00000
BCN,7001,0000,064051,2,8,149473,2,9,32800,32771,00000,00000
BCN,7002,4095,064051,2,8,149473,2,9,32800,32771,00000,00000
BCN,7003,4095,064051,2,8,149473,2,9,32800,32771,00000,00000
BCN,7004,4095,064051,2,8,149473,2,9,32800,32771,00000,00000
BCN,7005,0000,064051,2,8,149473,2,9,32800,32771,00000,00000
BCN,7006,4095,064051,2,8,149473,2,9,32800,32771,00000,00000
BCN,7007,4095,064051,2,8,149473,2,9,32800,32771,00000,00000
BCN,7008,4095,066255,2,9,149462,2,9,32800,32771,00000,00000
BCN,7009,0000,066255,2,9,149462,2,9,32800,32771,00000,00000
BCN,7010,0000,066255,2,9,149462,2,9,32800,32771,00000,00000
BCN,7011,0000,066255,2,9,149462,2,9,32800,32771,00000,00000
BCN,7012,0000,066255,2,9,149462,2,9,32800,32771,00000,00000
BCN,7013,4095,066255,2,9,149462,2,9,32800,32771,00000,00000
BCN,7014,4095,060176,2,8,147040,2,9,32799,32771,00000,00000
BCN,7015,4095,060176,2,8,147040,2,9,32799,32771,00000,00000
BCN,7016,4095,060176,2,8,147040,2,9,32799,32771,00000,00000
BCN,7017,4095,060176,2,8,147040,2,9,32799,32771,00000,00000
BCN,7018,0000,060176,2,8,147040,2,9,32799,32771,00000,00000
BCN,7019,0000,060176,2,8,147040,2,9,32799,32771,00000,00000
BCN,7020,4095,064103,2,8,145335,2,9,32800,32771,00000,00000
BCN,7021,0000,064103,2,8,145335,2,9,32800,32771,00000,00000
BCN,7022,0000,064103,2,8,145335,2,9,32800,32771,00000,00000
BCN,7023,4095,064103,2,8,145335,2,9,32800,32771,00000,00000
BCN,7024,0000,064103,2,8,145335,2,9,32800,32771,00000,00000
BCN,7025,0000,064103,2,8,145335,2,9,32800,32771,00000,00000
BCN,7026,0000,066294,2,9,145323,2,9,32800,32771,00000,00000
BCN,7027,0000,066294,2,9,145323,2,9,32800,32771,00000,00000
BCN,7028,0000,066294,2,9,145323,2,9,32800,32771,00000,00000
BCN,7029,4095,066294,2,9,145323,2,9,32800,32771,00000,00000
BCN,7030,0000,066294,2,9,145323,2,9,32800,32771,00000,00000
BCN,7031,0000,066294,2,9,145323,2,9,32800,32771,00000,00000
BCN,7032,0000,060202,2,8,145313,2,9,32799,32771,00000,00000
BCN,7033,0000,060202,2,8,145313,2,9,32799,32771,00000,00000
BCN,7034,0000,060202,2,8,145313,2,9,32799,32771,00000,00000
BCN,7035,4095,060202,2,8,145313,2,9,32799,32771,00000,00000
BCN,7036,4095,060202,2,8,145313,2,9,32799,32771,00000,00000
BCN,7037,4095,060202,2,8,145313,2,9,32799,32771,00000,00000
BCN,7038,0000,066268,2,9,145306,2,9,32800,32771,00000,00000
BCN,7039,4095,066268,2,9,145306,2,9,32800,32771,00000,00000
BCN,7040,4095,066268,2,9,145306,2,9,32800,32771,00000,00000
BCN,7041,4095,066268,2,9,145306,2,9,32800,32771,00000,00000
BCN,7042,0000,066268,2,9,145306,2,9,32800,32771,00000,00000
BCN,7043,4095,066268,2,9,145306,2,9,32800,32771,00000,00000
BCN,7044,4095,066268,2,9,145306,2,9,32800,32771,00000,00000
BCN,7045,4095,066203,2,9,145301,2,9,32800,32771,00000,00000
BCN,7046,0000,066203,2,9,145301,2,9,32800,32771,00000,00000
BCN,7047,0000,066203,2,9,145301,2,9,32800,32771,00000,00000
BCN,7048,0000,066203,2,9,145301,2,9,32800,32771,00000,00000
BCN,7049,0000,066203,2,9,145301,2,9,32800,32771,00000,00000
BCN,7050,4095,066203,2,9,145301,2,9,32800,32771,00000,00000
BCN,7051,4095,062042,2,8,145297,2,9,32800,32771,00000,00000
BCN,7052,4095,062042,2,8,145297,2,9,32800,32771,00000,00000
BCN,7053,4095,062042,2,8,145297,2,9,32800,32771,00000,00000
BCN,7054,4095,062042,2,8,145297,2,9,32800,32771,00000,00000
BCN,7055,0000,062042,2,8,145297,2,9,32800,32771,00000,00000
BCN,7056,0000,062042,2,8,145297,2,9,32800,32771,00000,00000
BCN,7057,4095,064012,2,8,141212,2,9,32799,32771,00000,00000
BCN,7058,0000,064012,2,8,141212,2,9,32799,32771,00000,00000
BCN,7059,0000,064012,2,8,141212,2,9,32799,32771,00000,00000
BCN,7060,4095,064012,2,8,141212,2,9,32799,32771,00000,00000
BCN,7061,0000,064012,2,8,141212,2,9,32799,32771,00000,00000
BCN,7062,0000,064012,2,8,141212,2,9,32799,32771,00000,00000
BCN,7063,0000,059838,2,8,137138,2,9,32799,32771,00000,00000
BCN,7064,0000,059838,2,8,137138,2,9,32799,32771,00000,00000
BCN,7065,0000,059838,2,8,137138,2,9,32799,32771,00000,00000
BCN,7066,4095,059838,2,8,137138,2,9,32799,32771,00000,00000
BCN,7067,4095,059838,2,8,137138,2,9,32799,32771,00000,00000
BCN,7068,4095,059838,2,8,137138,2,9,32799,32771,00000,00000
BCN,7069,0000,070078,2,9,128992,2,8,32800,32771,00000,00000
BCN,7070,0000,070078,2,9,128992,2,8,32800,32771,00000,00000
BCN,7071,0000,070078,2,9,128992,2,8,32800,32771,00000,00000
BCN,7072,4095,070078,2,9,128992,2,8,32800,32771,00000,00000
BCN,7073,4095,070078,2,9,128992,2,8,32800,32771,00000,00000
BCN,7074,4095,070078,2,9,128992,2,8,32800,32771,00000,00000
BCN,7075,0000,063869,2,8,129025,2,8,32800,32771,00000,00000
BCN,7076,4095,063869,2,8,129025,2,8,32800,32771,00000,00000
BCN,7077,4095,063869,2,8,129025,2,8,32800,32771,00000,00000
BCN,7078,4095,063869,2,8,129025,2,8,32800,32771,00000,00000
BCN,7079,0000,063869,2,8,129025,2,8,32800,32771,00000,00000
BCN,7080,4095,063869,2,8,129025,2,8,32800,32771,00000,00000
BCN,7081,4095,063869,2,8,129025,2,8,32800,32771,00000,00000
BCN,7082,4095,065748,2,9,124970,2,8,32800,32771,00000,00000
BCN,7083,0000,065748,2,9,124970,2,8,32800,32771,00000,00000
BCN,7084,0000,065748,2,9,124970,2,8,32800,32771,00000,00000
BCN,7085,0000,065748,2,9,124970,2,8,32800,32771,00000,00000
BCN,7086,0000,065748,2,9,124970,2,8,32800,32771,00000,00000
BCN,7087,4095,065748,2,9,124970,2,8,32800,32771,00000,00000
BCN,7088,4095,063856,2,8,125001,2,8,32800,32771,00000,00000
BCN,7089,4095,063856,2,8,125001,2,8,32800,32771,00000,00000
BCN,7090,4095,063856,2,8,125001,2,8,32800,32771,00000,00000
BCN,7091,4095,063856,2,8,125001,2,8,32800,32771,00000,00000
BCN,7092,0000,063856,2,8,125001,2,8,32800,32771,00000,00000
BCN,7093,0000,063856,2,8,125001,2,8,32800,32771,00000,00000
BCN,7094,4095,063830,2,8,120942,2,8,32799,32771,00000,00000
BCN,7095,0000,063830,2,8,120942,2,8,32799,32771,00000,00000
BCN,7096,0000,063830,2,8,120942,2,8,32799,32771,00000,00000
BCN,7097,4095,063830,2,8,120942,2,8,32799,32771,00000,00000
BCN,7098,0000,063830,2,8,120942,2,8,32799,32771,00000,00000
BCN,7099,0000,063830,2,8,120942,2,8,32799,32771,00000,00000
BCN,7100,0000,061626,2,8,120970,2,8,32800,32771,00000,00000
BCN,7101,0000,061626,2,8,120970,2,8,32800,32771,00000,00000
BCN,7102,0000,061626,2,8,120970,2,8,32800,32771,00000,00000
BCN,7103,4095,061626,2,8,120970,2,8,32800,32771,00000,00000
BCN,7104,4095,061626,2,8,120970,2,8,32800,32771,00000,00000
BCN,7105,4095,061626,2,8,120970,2,8,32800,32771,00000,00000
BCN,7106,0000,063830,2,8,116910,2,7,32800,32771,00000,00000
BCN,7107,4095,063830,2,8,116910,2,7,32800,32771,00000,00000
BCN,7108,4095,063830,2,8,116910,2,7,32800,32771,00000,00000
BCN,7109,4095,063830,2,8,116910,2,7,32800,32771,00000,00000
BCN,7110,4079,063830,2,8,116910,2,7,32800,32771,00000,00000
BCN,7111,4095,063830,2,8,116910,2,7,32800,32771,00000,00000
BCN,7112,0000,063817,2,8,116937,2,7,32799,32771,00000,00000
BCN,7113,4095,063817,2,8,116937,2,7,32799,32771,00000,00000
BCN,7114,4095,063817,2,8,116937,2,7,32799,32771,00000,00000
BCN,7115,4095,063817,2,8,116937,2,7,32799,32771,00000,00000
BCN,7116,0000,063817,2,8,116937,2,7,32799,32771,00000,00000
BCN,7117,4095,063817,2,8,116937,2,7,32799,32771,00000,00000
BCN,7118,4095,063817,2,8,116937,2,7,32799,32771,00000,00000
BCN,7119,4095,063765,2,8,121061,2,8,32800,32772,00000,00000
BCN,7120,0000,063765,2,8,121061,2,8,32800,32772,00000,00000
BCN,7121,0000,063765,2,8,121061,2,8,32800,32772,00000,00000
BCN,7122,0000,063765,2,8,121061,2,8,32800,32772,00000,00000
BCN,7123,0000,063765,2,8,121061,2,8,32800,32772,00000,00000
BCN,7124,4095,063765,2,8,121061,2,8,32800,32772,00000,00000
BCN,7125,4095,066047,2,9,121034,2,8,32800,32772,00000,00000
BCN,7126,4095,066047,2,9,121034,2,8,32800,32772,00000,00000
BCN,7127,4095,066047,2,9,121034,2,8,32800,32772,00000,00000
BCN,7128,4095,066047,2,9,121034,2,8,32800,32772,00000,00000
BCN,7129,0000,066047,2,9,121034,2,8,32800,32772,00000,00000
BCN,7130,0000,066047,2,9,121034,2,8,32800,32772,00000,00000
BCN,7131,4095,061977,2,8,121070,2,8,32799,32772,00000,00000
BCN,7132,0000,061977,2,8,121070,2,8,32799,32772,00000,00000
BCN,7133,0000,061977,2,8,121070,2,8,32799,32772,00000,00000
BCN,7134,4095,061977,2,8,121070,2,8,32799,32772,00000,00000
BCN,7135,0000,061977,2,8,121070,2,8,32799,32772,00000,00000
BCN,7136,0000,061977,2,8,121070,2,8,32799,32772,00000,00000
BCN,7137,0000,063921,2,8,129205,2,8,32800,32772,00000,00000
BCN,7138,0000,063921,2,8,129205,2,8,32800,32772,00000,00000
BCN,7139,0000,063921,2,8,129205,2,8,32800,32772,00000,00000
BCN,7140,4095,063921,2,8,129205,2,8,32800,32772,00000,00000
BCN,7141,4095,063921,2,8,129205,2,8,32800,32772,00000,00000
BCN,7142,4095,063921,2,8,129205,2,8,32800,32772,00000,00000
BCN,7143,0000,066164,2,9,129187,2,8,32800,32772,00000,00000
BCN,7144,4095,066164,2,9,129187,2,8,32800,32772,00000,00000
BCN,7145,4095,066164,2,9,129187,2,8,32800,32772,00000,00000
BCN,7146,4095,066164,2,9,129187,2,8,32800,32772,00000,00000
BCN,7147,0000,066164,2,9,129187,2,8,32800,32772,00000,00000
BCN,7148,4095,066164,2,9,129187,2,8,32800,32772,00000,00000
BCN,7149,0000,060098,2,8,129182,2,8,32799,32772,00000,00000
BCN,7150,4095,060098,2,8,129182,2,8,32799,32772,00000,00000
BCN,7151,4095,060098,2,8,129182,2,8,32799,32772,00000,00000
BCN,7152,4095,060098,2,8,129182,2,8,32799,32772,00000,00000
BCN,7153,0000,060098,2,8,129182,2,8,32799,32772,00000,00000
BCN,7154,4095,060098,2,8,129182,2,8,32799,32772,00000,00000
BCN,7155,4095,060098,2,8,129182,2,8,32799,32772,00000,00000
BCN,7156,4095,064051,2,8,133244,2,8,32800,32772,00000,00000
BCN,7157,0000,064051,2,8,133244,2,8,32800,32772,00000,00000
BCN,7158,0000,064051,2,8,133244,2,8,32800,32772,00000,00000
BCN,7159,0000,064051,2,8,133244,2,8,32800,32772,00000,00000
BCN,7160,0000,064051,2,8,133244,2,8,32800,32772,00000,00000
BCN,7161,4095,064051,2,8,133244,2,8,32800,32772,00000,00000
BCN,7162,4095,066255,2,9,137334,2,9,32800,32772,00000,00000
BCN,7163,4095,066255,2,9,137334,2,9,32800,32772,00000,00000
BCN,7164,4095,066255,2,9,137334,2,9,32800,32772,00000,00000
BCN,7165,4095,066255,2,9,137334,2,9,32800,32772,00000,00000
BCN,7166,0000,066255,2,9,137334,2,9,32800,32772,00000,00000
BCN,7167,0000,066255,2,9,137334,2,9,32800,32772,00000,00000
BCN,7168,4095,060176,2,8,137330,2,9,32799,32772,00000,00000
BCN,7169,0000,060176,2,8,137330,2,9,32799,32772,00000,00000
BCN,7170,0000,060176,2,8,137330,2,9,32799,32772,00000,00000
BCN,7171,4095,060176,2,8,137330,2,9,32799,32772,00000,00000
BCN,7172,0000,060176,2,8,137330,2,9,32799,32772,00000,00000
BCN,7173,0000,060176,2,8,137330,2,9,32799,32772,00000,00000
BCN,7174,0000,066242,2,9,137327,2,9,32800,32772,00000,00000
BCN,7175,0000,066242,2,9,137327,2,9,32800,32772,00000,00000
BCN,7176,0000,066242,2,9,137327,2,9,32800,32772,00000,00000
BCN,7177,4095,066242,2,9,137327,2,9,32800,32772,00000,00000
BCN,7178,4095,066242,2,9,137327,2,9,32800,32772,00000,00000
BCN,7179,4095,066242,2,9,137327,2,9,32800,32772,00000,00000
BCN,7180,0000,066177,2,9,137325,2,9,32800,32772,00000,00000
BCN,7181,4095,066177,2,9,137325,2,9,32800,32772,00000,00000
BCN,7182,4095,066177,2,9,137325,2,9,32800,32772,00000,00000
BCN,7183,4095,066177,2,9,137325,2,9,32800,32772,00000,00000
BCN,7184,0000,066177,2,9,137325,2,9,32800,32772,00000,00000
BCN,7185,4095,066177,2,9,137325,2,9,32800,32772,00000,00000
BCN,7186,4095,062029,2,8,137333,2,9,32800,32772,00000,00000
BCN,7187,4095,062029,2,8,137333,2,9,32800,32772,00000,00000
BCN,7188,1054,062029,2,8,137333,2,9,32800,32772,00000,00000
BCN,7189,4095,062029,2,8,137333,2,9,32800,32772,00000,00000
BCN,7190,0000,062029,2,8,137333,2,9,32800,32772,00000,00000
BCN,7191,4095,062029,2,8,137333,2,9,32800,32772,00000,00000
BCN,7192,4095,062029,2,8,137333,2,9,32800,32772,00000,00000
BCN,7193,4095,063999,2,8,140352,2,9,32799,32772,00000,00000
BCN,7194,0000,063999,2,8,140352,2,9,32799,32772,00000,00000
BCN,7195,0000,063999,2,8,140352,2,9,32799,32772,00000,00000
BCN,7196,0000,063999,2,8,140352,2,9,32799,32772,00000,00000
BCN,7197,0000,063999,2,8,140352,2,9,32799,32772,00000,00000
BCN,7198,4095,063999,2,8,140352,2,9,32799,32772,00000,00000
BCN,7199,4095,059838,2,8,141429,2,9,32799,32772,00000,00000
BCN,7200,4095,059838,2,8,141429,2,9,32799,32772,00000,00000
BCN,7201,4095,059838,2,8,141429,2,9,32799,32772,00000,00000
BCN,7202,4095,059838,2,8,141429,2,9,32799,32772,00000,00000
BCN,7203,0000,059838,2,8,141429,2,9,32799,32772,00000,00000
BCN,7204,0000,059838,2,8,141429,2,9,32799,32772,00000,00000
BCN,7205,4095,068134,2,9,145527,2,9,32800,32772,00000,00000
BCN,7206,0000,068134,2,9,145527,2,9,32800,32772,00000,00000
BCN,7207,0000,068134,2,9,145527,2,9,32800,32772,00000,00000
BCN,7208,4095,068134,2,9,145527,2,9,32800,32772,00000,00000
BCN,7209,0000,068134,2,9,145527,2,9,32800,32772,00000,00000
BCN,7210,0000,068134,2,9,145527,2,9,32800,32772,00000,00000
BCN,7211,0000,063934,2,8,149526,2,9,32800,32772,00000,00000
BCN,7212,0000,063934,2,8,149526,2,9,32800,32772,00000,00000
BCN,7213,0000,063934,2,8,149526,2,9,32800,32772,00000,00000
BCN,7214,4095,063934,2,8,149526,2,9,32800,32772,00000,00000
BCN,7215,4095,063934,2,8,149526,2,9,32800,32772,00000,00000
BCN,7216,4095,063934,2,8,149526,2,9,32800,32772,00000,00000
BCN,7217,0000,067952,2,9,149502,2,9,32800,32772,00000,00000
BCN,7218,4095,067952,2,9,149502,2,9,32800,32772,00000,00000
BCN,7219,4095,067952,2,9,149502,2,9,32800,32772,00000,00000
BCN,7220,4095,067952,2,9,149502,2,9,32800,32772,00000,00000
BCN,7221,0000,067952,2,9,149502,2,9,32800,32772,00000,00000
BCN,7222,4095,067952,2,9,149502,2,9,32800,32772,00000,00000
BCN,7223,4095,066112,2,9,149484,2,9,32800,32772,00000,00000
BCN,7224,4095,066112,2,9,149484,2,9,32800,32772,00000,00000
BCN,7225,0000,066112,2,9,149484,2,9,32800,32772,00000,00000
BCN,7226,0000,066112,2,9,149484,2,9,32800,32772,00000,00000
BCN,7227,0000,066112,2,9,149484,2,9,32800,32772,00000,00000
BCN,7228,4087,066112,2,9,149484,2,9,32800,32772,00000,00000
BCN,7229,4095,066112,2,9,149484,2,9,32800,32772,00000,00000
BCN,7230,4095,060059,2,8,149471,2,9,32799,32772,00000,00000
BCN,7231,0000,060059,2,8,149471,2,9,32799,32772,00000,00000
BCN,7232,0000,060059,2,8,149471,2,9,32799,32772,00000,00000
BCN,7233,0000,060059,2,8,149471,2,9,32799,32772,00000,00000
BCN,7234,0000,060059,2,8,149471,2,9,32799,32772,00000,00000
BCN,7235,4095,060059,2,8,149471,2,9,32799,32772,00000,00000
BCN,7236,4095,064025,2,8,149452,2,9,32800,32772,00000,00000
BCN,7237,4095,064025,2,8,149452,2,9,32800,32772,00000,00000
BCN,7238,4095,064025,2,8,149452,2,9,32800,32772,00000,00000
BCN,7239,4095,064025,2,8,149452,2,9,32800,32772,00000,00000
BCN,7240,0000,064025,2,8,149452,2,9,32800,32772,00000,00000
BCN,7241,0000,064025,2,8,149452,2,9,32800,32772,00000,00000
BCN,7242,4095,066060,2,9,145345,2,9,32800,32772,00000,00000
BCN,7243,0000,066060,2,9,145345,2,9,32800,32772,00000,00000
BCN,7244,0000,066060,2,9,145345,2,9,32800,32772,00000,00000
BCN,7245,4095,066060,2,9,145345,2,9,32800,32772,00000,00000
BCN,7246,0000,066060,2,9,145345,2,9,32800,32772,00000,00000
BCN,7247,0000,066060,2,9,145345,2,9,32800,32772,00000,00000
BCN,7248,0000,061938,2,8,145330,2,9,32800,32772,00000,00000
BCN,7249,0000,061938,2,8,145330,2,9,32800,32772,00000,00000
BCN,7250,0000,061938,2,8,145330,2,9,32800,32772,00000,00000
BCN,7251,4095,061938,2,8,145330,2,9,32800,32772,00000,00000
BCN,7252,4095,061938,2,8,145330,2,9,32800,32772,00000,00000
BCN,7253,4095,061938,2,8,145330,2,9,32800,32772,00000,00000
BCN,7254,0000,063921,2,8,145319,2,9,32799,32772,00000,00000
BCN,7255,4095,063921,2,8,145319,2,9,32799,32772,00000,00000
BCN,7256,4095,063921,2,8,145319,2,9,32799,32772,00000,00000
BCN,7257,4095,063921,2,8,145319,2,9,32799,32772,00000,00000
BCN,7258,0000,063921,2,8,145319,2,9,32799,32772,00000,00000
BCN,7259,4095,063921,2,8,145319,2,9,32799,32772,00000,00000
BCN,7260,4095,059786,2,8,145311,2,9,32799,32772,00000,00000
BCN,7261,4095,059786,2,8,145311,2,9,32799,32772,00000,00000
BCN,7262,0000,059786,2,8,145311,2,9,32799,32772,00000,00000
BCN,7263,0000,059786,2,8,145311,2,9,32799,32772,00000,00000
BCN,7264,0000,059786,2,8,145311,2,9,32799,32772,00000,00000
BCN,7265,0000,059786,2,8,145311,2,9,32799,32772,00000,00000
BCN,7266,4095,059786,2,8,145311,2,9,32799,32772,00000,00000
BCN,7267,4095,070039,2,9,145304,2,9,32800,32772,00000,00000
BCN,7268,4095,070039,2,9,145304,2,9,32800,32772,00000,00000
BCN,7269,0000,070039,2,9,145304,2,9,32800,32772,00000,00000
BCN,7270,0000,070039,2,9,145304,2,9,32800,32772,00000,00000
BCN,7271,0000,070039,2,9,145304,2,9,32800,32772,00000,00000
BCN,7272,4095,070039,2,9,145304,2,9,32800,32772,00000,00000
BCN,7273,4095,063830,2,8,137136,2,9,32800,32772,00000,00000
BCN,7274,4095,063830,2,8,137136,2,9,32800,32772,00000,00000
BCN,7275,4095,063830,2,8,137136,2,9,32800,32772,00000,00000
BCN,7276,4095,063830,2,8,137136,2,9,32800,32772,00000,00000
BCN,7277,0000,063830,2,8,137136,2,9,32800,32772,00000,00000
BCN,7278,0000,063830,2,8,137136,2,9,32800,32772,00000,00000
BCN,7279,4095,065722,2,9,133071,2,8,32800,32772,00000,00000
BCN,7280,0000,065722,2,9,133071,2,8,32800,32772,00000,00000
BCN,7281,0000,065722,2,9,133071,2,8,32800,32772,00000,00000
BCN,7282,4095,065722,2,9,133071,2,8,32800,32772,00000,00000
BCN,7283,0000,065722,2,9,133071,2,8,32800,32772,00000,00000
BCN,7284,0000,065722,2,9,133071,2,8,32800,32772,00000,00000
BCN,7285,0000,063830,2,8,129013,2,8,32800,32772,00000,00000
BCN,7286,0000,063830,2,8,129013,2,8,32800,32772,00000,00000
BCN,7287,0000,063830,2,8,129013,2,8,32800,32772,00000,00000
BCN,7288,4095,063830,2,8,129013,2,8,32800,32772,00000,00000
BCN,7289,4095,063830,2,8,129013,2,8,32800,32772,00000,00000
BCN,7290,4095,063830,2,8,129013,2,8,32800,32772,00000,00000
BCN,7291,0000,063817,2,8,124961,2,8,32799,32772,00000,00000
BCN,7292,4095,063817,2,8,124961,2,8,32799,32772,00000,00000
BCN,7293,4095,063817,2,8,124961,2,8,32799,32772,00000,00000
BCN,7294,4095,063817,2,8,124961,2,8,32799,32772,00000,00000
BCN,7295,0000,063817,2,8,124961,2,8,32799,32772,00000,00000
BCN,7296,4095,063817,2,8,124961,2,8,32799,32772,00000,00000
BCN,7297,4095,063765,2,8,124994,2,8,32800,32772,00000,00000
BCN,7298,4095,063765,2,8,124994,2,8,32800,32772,00000,00000
BCN,7299,0000,063765,2,8,124994,2,8,32800,32772,00000,00000
BCN,7300,0000,063765,2,8,124994,2,8,32800,32772,00000,00000
BCN,7301,0000,063765,2,8,124994,2,8,32800,32772,00000,00000
BCN,7302,0000,063765,2,8,124994,2,8,32800,32772,00000,00000
BCN,7303,4095,063765,2,8,124994,2,8,32800,32772,00000,00000
BCN,7304,4095,066047,2,9,120937,2,8,32800,32772,00000,00000
BCN,7305,4095,066047,2,9,120937,2,8,32800,32772,00000,00000
BCN,7306,4095,066047,2,9,120937,2,8,32800,32772,00000,00000
BCN,7307,4095,066047,2,9,120937,2,8,32800,32772,00000,00000
BCN,7308,0000,066047,2,9,120937,2,8,32800,32772,00000,00000
BCN,7309,4095,066047,2,9,120937,2,8,32800,32772,00000,00000
BCN,7310,4095,060020,2,8,120966,2,8,32799,32772,00000,00000
BCN,7311,4095,060020,2,8,120966,2,8,32799,32772,00000,00000
BCN,7312,4095,060020,2,8,120966,2,8,32799,32772,00000,00000
BCN,7313,4095,060020,2,8,120966,2,8,32799,32772,00000,00000
BCN,7314,0000,060020,2,8,120966,2,8,32799,32772,00000,00000
BCN,7315,0000,060020,2,8,120966,2,8,32799,32772,00000,00000
BCN,7316,4095,063986,2,8,116907,2,7,32800,32772,00000,00000
BCN,7317,0000,063986,2,8,116907,2,7,32800,32772,00000,00000
BCN,7318,0000,063986,2,8,116907,2,7,32800,32772,00000,00000
BCN,7319,4095,063986,2,8,116907,2,7,32800,32772,00000,00000
BCN,7320,0000,063986,2,8,116907,2,7,32800,32772,00000,00000
BCN,7321,0000,063986,2,8,116907,2,7,32800,32772,00000,00000
BCN,7322,0000,066216,2,9,116931,2,7,32800,32772,00000,00000
BCN,7323,0000,066216,2,9,116931,2,7,32800,32772,00000,00000
BCN,7324,0000,066216,2,9,116931,2,7,32800,32772,00000,00000
BCN,7325,4095,066216,2,9,116931,2,7,32800,32772,00000,00000
BCN,7326,4095,066216,2,9,116931,2,7,32800,32772,00000,00000
BCN,7327,4095,066216,2,9,116931,2,7,32800,32772,00000,00000
BCN,7328,0000,060137,2,8,116955,2,7,32799,32772,00000,00000
BCN,7329,4095,060137,2,8,116955,2,7,32799,32772,00000,00000
BCN,7330,4095,060137,2,8,116955,2,7,32799,32772,00000,00000
BCN,7331,4095,060137,2,8,116955,2,7,32799,32772,00000,00000
BCN,7332,0000,060137,2,8,116955,2,7,32799,32772,00000,00000
BCN,7333,4095,060137,2,8,116955,2,7,32799,32772,00000,00000
BCN,7334,4095,064077,2,8,121043,2,8,32800,32773,00000,00000
BCN,7335,4095,064077,2,8,121043,2,8,32800,32773,00000,00000
BCN,7336,0000,064077,2,8,121043,2,8,32800,32773,00000,00000
BCN,7337,0000,064077,2,8,121043,2,8,32800,32773,00000,00000
BCN,7338,0000,064077,2,8,121043,2,8,32800,32773,00000,00000
BCN,7339,0000,064077,2,8,121043,2,8,32800,32773,00000,00000
BCN,7340,4095,064077,2,8,121043,2,8,32800,32773,00000,00000
BCN,7341,4095,066281,2,9,121045,2,8,32800,32773,00000,00000
BCN,7342,4095,066281,2,9,121045,2,8,32800,32773,00000,00000
BCN,7343,4095,066281,2,9,121045,2,8,32800,32773,00000,00000
BCN,7344,4095,066281,2,9,121045,2,8,32800,32773,00000,00000
BCN,7345,0000,066281,2,9,121045,2,8,32800,32773,00000,00000
BCN,7346,0000,066281,2,9,121045,2,8,32800,32773,00000,00000
BCN,7347,4095,060189,2,8,121046,2,8,32799,32773,00000,00000
BCN,7348,4095,060189,2,8,121046,2,8,32799,32773,00000,00000
BCN,7349,4095,060189,2,8,121046,2,8,32799,32773,00000,00000
BCN,7350,4095,060189,2,8,121046,2,8,32799,32773,00000,00000
BCN,7351,0000,060189,2,8,121046,2,8,32799,32773,00000,00000
BCN,7352,0000,060189,2,8,121046,2,8,32799,32773,00000,00000
BCN,7353,4095,064116,2,8,121047,2,8,32800,32773,00000,00000
BCN,7354,0000,064116,2,8,121047,2,8,32800,32773,00000,00000
BCN,7355,0000,064116,2,8,121047,2,8,32800,32773,00000,00000
BCN,7356,4095,064116,2,8,121047,2,8,32800,32773,00000,00000
BCN,7357,0000,064116,2,8,121047,2,8,32800,32773,00000,00000
BCN,7358,0000,064116,2,8,121047,2,8,32800,32773,00000,00000
BCN,7359,0000,066307,2,9,121175,2,8,32800,32773,00000,00000
BCN,7360,0000,066307,2,9,121175,2,8,32800,32773,00000,00000
BCN,7361,0000,066307,2,9,121175,2,8,32800,32773,00000,00000
BCN,7362,4095,066307,2,9,121175,2,8,32800,32773,00000,00000
BCN,7363,4095,066307,2,9,121175,2,8,32800,32773,00000,00000
BCN,7364,4095,066307,2,9,121175,2,8,32800,32773,00000,00000
BCN,7365,0000,060215,2,8,129211,2,8,32799,32773,00000,00000
BCN,7366,4095,060215,2,8,129211,2,8,32799,32773,00000,00000
BCN,7367,4095,060215,2,8,129211,2,8,32799,32773,00000,00000
BCN,7368,4095,060215,2,8,129211,2,8,32799,32773,00000,00000
BCN,7369,0000,060215,2,8,129211,2,8,32799,32773,00000,00000
BCN,7370,4095,060215,2,8,129211,2,8,32799,32773,00000,00000
BCN,7371,4095,068238,2,9,129192,2,8,32800,32773,00000,00000
BCN,7372,4095,068238,2,9,129192,2,8,32800,32773,00000,00000
BCN,7373,0000,068238,2,9,129192,2,8,32800,32773,00000,00000
BCN,7374,0000,068238,2,9,129192,2,8,32800,32773,00000,00000
BCN,7375,0000,068238,2,9,129192,2,8,32800,32773,00000,00000
BCN,7376,0000,068238,2,9,129192,2,8,32800,32773,00000,00000
BCN,7377,4095,068238,2,9,129192,2,8,32800,32773,00000,00000
BCN,7378,4095,066138,2,9,129901,2,8,32800,32773,00000,00000
BCN,7379,4095,066138,2,9,129901,2,8,32800,32773,00000,00000
BCN,7380,4095,066138,2,9,129901,2,8,32800,32773,00000,00000
BCN,7381,4095,066138,2,9,129901,2,8,32800,32773,00000,00000
BCN,7382,0000,066138,2,9,129901,2,8,32800,32773,00000,00000
BCN,7383,0000,066138,2,9,129901,2,8,32800,32773,00000,00000
BCN,7384,4095,061990,2,8,133245,2,8,32800,32773,00000,00000
BCN,7385,0000,061990,2,8,133245,2,8,32800,32773,00000,00000
BCN,7386,0000,061990,2,8,133245,2,8,32800,32773,00000,00000
BCN,7387,4095,061990,2,8,133245,2,8,32800,32773,00000,00000
BCN,7388,0000,061990,2,8,133245,2,8,32800,32773,00000,00000
BCN,7389,0000,061990,2,8,133245,2,8,32800,32773,00000,00000
BCN,7390,4095,063973,2,8,137334,2,9,32799,32773,00000,00000
BCN,7391,0000,063973,2,8,137334,2,9,32799,32773,00000,00000
BCN,7392,0000,063973,2,8,137334,2,9,32799,32773,00000,00000
BCN,7393,4095,063973,2,8,137334,2,9,32799,32773,00000,00000
BCN,7394,0000,063973,2,8,137334,2,9,32799,32773,00000,00000
BCN,7395,0000,063973,2,8,137334,2,9,32799,32773,00000,00000
BCN,7396,0000,059812,2,8,137330,2,9,32799,32773,00000,00000
BCN,7397,0000,059812,2,8,137330,2,9,32799,32773,00000,00000
BCN,7398,0000,059812,2,8,137330,2,9,32799,32773,00000,00000
BCN,7399,4095,059812,2,8,137330,2,9,32799,32773,00000,00000
BCN,7400,4095,059812,2,8,137330,2,9,32799,32773,00000,00000
BCN,7401,4095,059812,2,8,137330,2,9,32799,32773,00000,00000
BCN,7402,0000,070065,2,9,137344,2,9,32800,32773,00000,00000
BCN,7403,4095,070065,2,9,137344,2,9,32800,32773,00000,00000
BCN,7404,4095,070065,2,9,137344,2,9,32800,32773,00000,00000
BCN,7405,4095,070065,2,9,137344,2,9,32800,32773,00000,00000
BCN,7406,0000,070065,2,9,137344,2,9,32800,32773,00000,00000
BCN,7407,4095,070065,2,9,137344,2,9,32800,32773,00000,00000
BCN,7408,4095,063856,2,8,137325,2,9,32800,32773,00000,00000
BCN,7409,4095,063856,2,8,137325,2,9,32800,32773,00000,00000
BCN,7410,0000,063856,2,8,137325,2,9,32800,32773,00000,00000
BCN,7411,0000,063856,2,8,137325,2,9,32800,32773,00000,00000
BCN,7412,0000,063856,2,8,137325,2,9,32800,32773,00000,00000
BCN,7413,0000,063856,2,8,137325,2,9,32800,32773,00000,00000
BCN,7414,4095,063856,2,8,137325,2,9,32800,32773,00000,00000
BCN,7415,4095,065735,2,9,141436,2,9,32800,32773,00000,00000
BCN,7416,4095,065735,2,9,141436,2,9,32800,32773,00000,00000
BCN,7417,4095,065735,2,9,141436,2,9,32800,32773,00000,00000
BCN,7418,4095,065735,2,9,141436,2,9,32800,32773,00000,00000
BCN,7419,0000,065735,2,9,141436,2,9,32800,32773,00000,00000
BCN,7420,0000,065735,2,9,141436,2,9,32800,32773,00000,00000
BCN,7421,4095,065982,2,9,141391,2,9,32800,32773,00000,00000
BCN,7422,0000,065982,2,9,141391,2,9,32800,32773,00000,00000
BCN,7423,0000,065982,2,9,141391,2,9,32800,32773,00000,00000
BCN,7424,4095,065982,2,9,141391,2,9,32800,32773,00000,00000
BCN,7425,0000,065982,2,9,141391,2,9,32800,32773,00000,00000
BCN,7426,0000,065982,2,9,141391,2,9,32800,32773,00000,00000
BCN,7427,4095,059968,2,8,141446,2,9,32799,32773,00000,00000
BCN,7428,0000,059968,2,8,141446,2,9,32799,32773,00000,00000
BCN,7429,0000,059968,2,8,141446,2,9,32799,32773,00000,00000
BCN,7430,4095,059968,2,8,141446,2,9,32799,32773,00000,00000
BCN,7431,0000,059968,2,8,141446,2,9,32799,32773,00000,00000
BCN,7432,0000,059968,2,8,141446,2,9,32799,32773,00000,00000
BCN,7433,0000,063960,2,8,141375,2,9,32800,32773,00000,00000
BCN,7434,0000,063960,2,8,141375,2,9,32800,32773,00000,00000
BCN,7435,0000,063960,2,8,141375,2,9,32800,32773,00000,00000
BCN,7436,4095,063960,2,8,141375,2,9,32800,32773,00000,00000
BCN,7437,4095,063960,2,8,141375,2,9,32800,32773,00000,00000
BCN,7438,4095,063960,2,8,141375,2,9,32800,32773,00000,00000
BCN,7439,0000,066008,2,9,145466,2,9,32800,32773,00000,00000
BCN,7440,4095,066008,2,9,145466,2,9,32800,32773,00000,00000
BCN,7441,4095,066008,2,9,145466,2,9,32800,32773,00000,00000
BCN,7442,4095,066008,2,9,145466,2,9,32800,32773,00000,00000
BCN,7443,0000,066008,2,9,145466,2,9,32800,32773,00000,00000
BCN,7444,4095,066008,2,9,145466,2,9,32800,32773,00000,00000
BCN,7445,4095,061899,2,8,145435,2,9,32800,32773,00000,00000
BCN,7446,4095,061899,2,8,145435,2,9,32800,32773,00000,00000
BCN,7447,0000,061899,2,8,145435,2,9,32800,32773,00000,00000
BCN,7448,0000,061899,2,8,145435,2,9,32800,32773,00000,00000
BCN,7449,0000,061899,2,8,145435,2,9,32800,32773,00000,00000
BCN,7450,0000,061899,2,8,145435,2,9,32800,32773,00000,00000
BCN,7451,4095,061899,2,8,145435,2,9,32800,32773,00000,00000
BCN,7452,4095,063895,2,8,145423,2,9,32799,32773,00000,00000
BCN,7453,4095,063895,2,8,145423,2,9,32799,32773,00000,00000
BCN,7454,4095,063895,2,8,145423,2,9,32799,32773,00000,00000
BCN,7455,4095,063895,2,8,145423,2,9,32799,32773,00000,00000
BCN,7456,0000,063895,2,8,145423,2,9,32799,32773,00000,00000
BCN,7457,0000,063895,2,8,145423,2,9,32799,32773,00000,00000
BCN,7458,4095,059760,2,8,149496,2,9,32799,32773,00000,00000
BCN,7459,0000,059760,2,8,149496,2,9,32799,32773,00000,00000
BCN,7460,0000,059760,2,8,149496,2,9,32799,32773,00000,00000
BCN,7461,4095,059760,2,8,149496,2,9,32799,32773,00000,00000
BCN,7462,0000,059760,2,8,149496,2,9,32799,32773,00000,00000
BCN,7463,0000,059760,2,8,149496,2,9,32799,32773,00000,00000
BCN,7464,0000,068069,2,9,149480,2,9,32800,32773,00000,00000
BCN,7465,0000,068069,2,9,149480,2,9,32800,32773,00000,00000
BCN,7466,0000,068069,2,9,149480,2,9,32800,32773,00000,00000
BCN,7467,4095,068069,2,9,149480,2,9,32800,32773,00000,00000
BCN,7468,0000,068069,2,9,149480,2,9,32800,32773,00000,00000
BCN,7469,0000,068069,2,9,149480,2,9,32800,32773,00000,00000
BCN,7470,0000,063895,2,8,149467,2,9,32800,32773,00000,00000
BCN,7471,0000,063895,2,8,149467,2,9,32800,32773,00000,00000
BCN,7472,0000,063895,2,8,149467,2,9,32800,32773,00000,00000
BCN,7473,4095,063895,2,8,149467,2,9,32800,32773,00000,00000
BCN,7474,4095,063895,2,8,149467,2,9,32800,32773,00000,00000
BCN,7475,4095,063895,2,8,149467,2,9,32800,32773,00000,00000
BCN,7476,0000,067926,2,9,149458,2,9,32800,32773,00000,00000
BCN,7477,4095,067926,2,9,149458,2,9,32800,32773,00000,00000
BCN,7478,4095,067926,2,9,149458,2,9,32800,32773,00000,00000
BCN,7479,4095,067926,2,9,149458,2,9,32800,32773,00000,00000
BCN,7480,0000,067926,2,9,149458,2,9,32800,32773,00000,00000
BCN,7481,4095,067926,2,9,149458,2,9,32800,32773,00000,00000
BCN,7482,4095,068030,2,9,145344,2,9,32800,32773,00000,00000
BCN,7483,4095,068030,2,9,145344,2,9,32800,32773,00000,00000
BCN,7484,0000,068030,2,9,145344,2,9,32800,32773,00000,00000
BCN,7485,0000,068030,2,9,145344,2,9,32800,32773,00000,00000
BCN,7486,0000,068030,2,9,145344,2,9,32800,32773,00000,00000
BCN,7487,0000,068030,2,9,145344,2,9,32800,32773,00000,00000
BCN,7488,4095,068030,2,9,145344,2,9,32800,32773,00000,00000
BCN,7489,4095,061886,2,8,145329,2,9,32800,32773,00000,00000
BCN,7490,4095,061886,2,8,145329,2,9,32800,32773,00000,00000
BCN,7491,4095,061886,2,8,145329,2,9,32800,32773,00000,00000
BCN,7492,4095,061886,2,8,145329,2,9,32800,32773,00000,00000
BCN,7493,0000,061886,2,8,145329,2,9,32800,32773,00000,00000
BCN,7494,0000,061886,2,8,145329,2,9,32800,32773,00000,00000
BCN,7495,4095,063895,2,8,145318,2,9,32799,32773,00000,00000
BCN,7496,0000,063895,2,8,145318,2,9,32799,32773,00000,00000
BCN,7497,0000,063895,2,8,145318,2,9,32799,32773,00000,00000
BCN,7498,4095,063895,2,8,145318,2,9,32799,32773,00000,00000
BCN,7499,0000,063895,2,8,145318,2,9,32799,32773,00000,00000
BCN,7500,0000,063895,2,8,145318,2,9,32799,32773,00000,00000
BCN,7501,0000,059747,2,8,145310,2,9,32799,32773,00000,00000
BCN,7502,0000,059747,2,8,145310,2,9,32799,32773,00000,00000
BCN,7503,0000,059747,2,8,145310,2,9,32799,32773,00000,00000
BCN,7504,4095,059747,2,8,145310,2,9,32799,32773,00000,00000
BCN,7505,4095,059747,2,8,145310,2,9,32799,32773,00000,00000
BCN,7506,0000,059747,2,8,145310,2,9,32799,32773,00000,00000
BCN,7507,0000,059708,2,8,145304,2,9,32800,32773,00000,00000
BCN,7508,0000,059708,2,8,145304,2,9,32800,32773,00000,00000
BCN,7509,0000,059708,2,8,145304,2,9,32800,32773,00000,00000
BCN,7510,4095,059708,2,8,145304,2,9,32800,32773,00000,00000
BCN,7511,4095,059708,2,8,145304,2,9,32800,32773,00000,00000
BCN,7512,4095,059708,2,8,145304,2,9,32800,32773,00000,00000
BCN,7513,0000,063934,2,8,141216,2,9,32800,32773,00000,00000
BCN,7514,4095,063934,2,8,141216,2,9,32800,32773,00000,00000
BCN,7515,4095,063934,2,8,141216,2,9,32800,32773,00000,00000
BCN,7516,4095,063934,2,8,141216,2,9,32800,32773,00000,00000
BCN,7517,0000,063934,2,8,141216,2,9,32800,32773,00000,00000
BCN,7518,4095,063934,2,8,141216,2,9,32800,32773,00000,00000
BCN,7519,4095,063895,2,8,141222,2,9,32799,32773,00000,00000
BCN,7520,4095,063895,2,8,141222,2,9,32799,32773,00000,00000
BCN,7521,0000,063895,2,8,141222,2,9,32799,32773,00000,00000
BCN,7522,0000,063895,2,8,141222,2,9,32799,32773,00000,00000
BCN,7523,0000,063895,2,8,141222,2,9,32799,32773,00000,00000
BCN,7524,0000,063895,2,8,141222,2,9,32799,32773,00000,00000
BCN,7525,4095,063895,2,8,141222,2,9,32799,32773,00000,00000
BCN,7526,4095,063817,2,8,137146,2,9,32800,32773,00000,00000
BCN,7527,4095,063817,2,8,137146,2,9,32800,32773,00000,00000
BCN,7528,4095,063817,2,8,137146,2,9,32800,32773,00000,00000
BCN,7529,4095,063817,2,8,137146,2,9,32800,32773,00000,00000
BCN,7530,0000,063817,2,8,137146,2,9,32800,32773,00000,00000
BCN,7531,0000,063817,2,8,137146,2,9,32800,32773,00000,00000
BCN,7532,4095,066086,2,9,133078,2,8,32800,32773,00000,00000
BCN,7533,0000,066086,2,9,133078,2,8,32800,32773,00000,00000
BCN,7534,0000,066086,2,9,133078,2,8,32800,32773,00000,00000
BCN,7535,4095,066086,2,9,133078,2,8,32800,32773,00000,00000
BCN,7536,0000,066086,2,9,133078,2,8,32800,32773,00000,00000
BCN,7537,0000,066086,2,9,133078,2,8,32800,32773,00000,00000
BCN,7538,0000,060046,2,8,129018,2,8,32799,32773,00000,00000
BCN,7539,0000,060046,2,8,129018,2,8,32799,32773,00000,00000
BCN,7540,0000,060046,2,8,129018,2,8,32799,32773,00000,00000
BCN,7541,4095,060046,2,8,129018,2,8,32799,32773,00000,00000
BCN,7542,4095,060046,2,8,129018,2,8,32799,32773,00000,00000
BCN,7543,4095,060046,2,8,129018,2,8,32799,32773,00000,00000
BCN,7544,0000,064012,2,8,129044,2,8,32800,32773,00000,00000
BCN,7545,0000,064012,2,8,129044,2,8,32800,32773,00000,00000
BCN,7546,0000,064012,2,8,129044,2,8,32800,32773,00000,00000
BCN,7547,4095,064012,2,8,129044,2,8,32800,32773,00000,00000
BCN,7548,4095,064012,2,8,129044,2,8,32800,32773,00000,00000
BCN,7549,4095,064012,2,8,129044,2,8,32800,32773,00000,00000
BCN,7550,0000,066229,2,9,129064,2,8,32800,32773,00000,00000
BCN,7551,4095,066229,2,9,129064,2,8,32800,32773,00000,00000
BCN,7552,4095,066229,2,9,129064,2,8,32800,32773,00000,00000
BCN,7553,4095,066229,2,9,129064,2,8,32800,32773,00000,00000
BCN,7554,0000,066229,2,9,129064,2,8,32800,32773,00000,00000
BCN,7555,4095,066229,2,9,129064,2,8,32800,32773,00000,00000
BCN,7556,4095,062068,2,8,129079,2,8,32800,32773,00000,00000
BCN,7557,4095,062068,2,8,129079,2,8,32800,32773,00000,00000
BCN,7558,0000,062068,2,8,129079,2,8,32800,32773,00000,00000
BCN,7559,0000,062068,2,8,129079,2,8,32800,32773,00000,00000
BCN,7560,0000,062068,2,8,129079,2,8,32800,32773,00000,00000
BCN,7561,0000,062068,2,8,129079,2,8,32800,32773,00000,00000
BCN,7562,4095,062068,2,8,129079,2,8,32800,32773,00000,00000
BCN,7563,4095,064025,2,8,125011,2,8,32799,32773,00000,00000
BCN,7564,4095,064025,2,8,125011,2,8,32799,32773,00000,00000
BCN,7565,4095,064025,2,8,125011,2,8,32799,32773,00000,00000
BCN,7566,4095,064025,2,8,125011,2,8,32799,32773,00000,00000
BCN,7567,0000,064025,2,8,125011,2,8,32799,32773,00000,00000
BCN,7568,0000,064025,2,8,125011,2,8,32799,32773,00000,00000
BCN,7569,4095,059851,2,8,120950,2,8,32799,32773,00000,00000
BCN,7570,0000,059851,2,8,120950,2,8,32799,32773,00000,00000
BCN,7571,0000,059851,2,8,120950,2,8,32799,32773,00000,00000
BCN,7572,4095,059851,2,8,120950,2,8,32799,32773,00000,00000
BCN,7573,0000,059851,2,8,120950,2,8,32799,32773,00000,00000
BCN,7574,0000,059851,2,8,120950,2,8,32799,32773,00000,00000
BCN,7575,0000,070091,2,9,120976,2,8,32800,32773,00000,00000
BCN,7576,0000,070091,2,9,120976,2,8,32800,32773,00000,00000
BCN,7577,0000,070091,2,9,120976,2,8,32800,32773,00000,00000
BCN,7578,4095,070091,2,9,120976,2,8,32800,32773,00000,00000
BCN,7579,4095,070091,2,9,120976,2,8,32800,32773,00000,00000
BCN,7580,4095,070091,2,9,120976,2,8,32800,32773,00000,00000
BCN,7581,0000,063869,2,8,116924,2,7,32800,32774,00000,00000
BCN,7582,4095,063869,2,8,116924,2,7,32800,32774,00000,00000
BCN,7583,4095,063869,2,8,116924,2,7,32800,32774,00000,00000
BCN,7584,4095,063869,2,8,116924,2,7,32800,32774,00000,00000
BCN,7585,4095,063869,2,8,116924,2,7,32800,32774,00000,00000
BCN,7586,4095,063869,2,8,116924,2,7,32800,32774,00000,00000
BCN,7587,0000,065748,2,9,121013,2,8,32800,32774,00000,00000
BCN,7588,4095,065748,2,9,121013,2,8,32800,32774,00000,00000
BCN,7589,4095,065748,2,9,121013,2,8,32800,32774,00000,00000
BCN,7590,4095,065748,2,9,121013,2,8,32800,32774,00000,00000
BCN,7591,0000,065748,2,9,121013,2,8,32800,32774,00000,00000
BCN,7592,4095,065748,2,9,121013,2,8,32800,32774,00000,00000
BCN,7593,4095,063856,2,8,121022,2,8,32800,32774,00000,00000
BCN,7594,4095,063856,2,8,121022,2,8,32800,32774,00000,00000
BCN,7595,0000,063856,2,8,121022,2,8,32800,32774,00000,00000
BCN,7596,0000,063856,2,8,121022,2,8,32800,32774,00000,00000
BCN,7597,0000,063856,2,8,121022,2,8,32800,32774,00000,00000
BCN,7598,0000,063856,2,8,121022,2,8,32800,32774,00000,00000
BCN,7599,4095,063856,2,8,121022,2,8,32800,32774,00000,00000
BCN,7600,4095,063830,2,8,121029,2,8,32799,32774,00000,00000
BCN,7601,4095,063830,2,8,121029,2,8,32799,32774,00000,00000
BCN,7602,4095,063830,2,8,121029,2,8,32799,32774,00000,00000
BCN,7603,4095,063830,2,8,121029,2,8,32799,32774,00000,00000
BCN,7604,0000,063830,2,8,121029,2,8,32799,32774,00000,00000
BCN,7605,0000,063830,2,8,121029,2,8,32799,32774,00000,00000
BCN,7606,4095,063778,2,8,121076,2,8,32800,32774,00000,00000
BCN,7607,0000,063778,2,8,121076,2,8,32800,32774,00000,00000
BCN,7608,0000,063778,2,8,121076,2,8,32800,32774,00000,00000
BCN,7609,4095,063778,2,8,121076,2,8,32800,32774,00000,00000
BCN,7610,0000,063778,2,8,121076,2,8,32800,32774,00000,00000
BCN,7611,0000,063778,2,8,121076,2,8,32800,32774,00000,00000
BCN,7612,0000,066060,2,9,125121,2,8,32800,32774,00000,00000
BCN,7613,0000,066060,2,9,125121,2,8,32800,32774,00000,00000
BCN,7614,0000,066060,2,9,125121,2,8,32800,32774,00000,00000
BCN,7615,4095,066060,2,9,125121,2,8,32800,32774,00000,00000
BCN,7616,4095,066060,2,9,125121,2,8,32800,32774,00000,00000
BCN,7617,4095,066060,2,9,125121,2,8,32800,32774,00000,00000
BCN,7618,0000,060020,2,8,129195,2,8,32799,32774,00000,00000
BCN,7619,4095,060020,2,8,129195,2,8,32799,32774,00000,00000
BCN,7620,4095,060020,2,8,129195,2,8,32799,32774,00000,00000
BCN,7621,4095,060020,2,8,129195,2,8,32799,32774,00000,00000
BCN,7622,0000,060020,2,8,129195,2,8,32799,32774,00000,00000
BCN,7623,4095,060020,2,8,129195,2,8,32799,32774,00000,00000
BCN,7624,0000,068095,2,9,129180,2,8,32800,32774,00000,00000
BCN,7625,4095,068095,2,9,129180,2,8,32800,32774,00000,00000
BCN,7626,4095,068095,2,9,129180,2,8,32800,32774,00000,00000
BCN,7627,4095,068095,2,9,129180,2,8,32800,32774,00000,00000
BCN,7628,0000,068095,2,9,129180,2,8,32800,32774,00000,00000
BCN,7629,4095,068095,2,9,129180,2,8,32800,32774,00000,00000
BCN,7630,4095,067978,2,9,133249,2,8,32800,32774,00000,00000
BCN,7631,4095,067978,2,9,133249,2,8,32800,32774,00000,00000
BCN,7632,0000,067978,2,9,133249,2,8,32800,32774,00000,00000
BCN,7633,0000,067978,2,9,133249,2,8,32800,32774,00000,00000
BCN,7634,0000,067978,2,9,133249,2,8,32800,32774,00000,00000
BCN,7635,0000,067978,2,9,133249,2,8,32800,32774,00000,00000
BCN,7636,4095,067978,2,9,133249,2,8,32800,32774,00000,00000
BCN,7637,4095,061847,2,8,137337,2,9,32800,32774,00000,00000
BCN,7638,4095,061847,2,8,137337,2,9,32800,32774,00000,00000
BCN,7639,4095,061847,2,8,137337,2,9,32800,32774,00000,00000
BCN,7640,4095,061847,2,8,137337,2,9,32800,32774,00000,00000
BCN,7641,0000,061847,2,8,137337,2,9,32800,32774,00000,00000
BCN,7642,0000,061847,2,8,137337,2,9,32800,32774,00000,00000
BCN,7643,4095,063856,2,8,137332,2,9,32799,32774,00000,00000
BCN,7644,0000,063856,2,8,137332,2,9,32799,32774,00000,00000
BCN,7645,0000,063856,2,8,137332,2,9,32799,32774,00000,00000
BCN,7646,4095,063856,2,8,137332,2,9,32799,32774,00000,00000
BCN,7647,0000,063856,2,8,137332,2,9,32799,32774,00000,00000
BCN,7648,0000,063856,2,8,137332,2,9,32799,32774,00000,00000
BCN,7649,0000,063804,2,8,137342,2,9,32800,32774,00000,00000
BCN,7650,0000,063804,2,8,137342,2,9,32800,32774,00000,00000
BCN,7651,0000,063804,2,8,137342,2,9,32800,32774,00000,00000
BCN,7652,4095,063804,2,8,137342,2,9,32800,32774,00000,00000
BCN,7653,4095,063804,2,8,137342,2,9,32800,32774,00000,00000
BCN,7654,4095,063804,2,8,137342,2,9,32800,32774,00000,00000
BCN,7655,0000,066073,2,9,141406,2,9,32800,32774,00000,00000
BCN,7656,4095,066073,2,9,141406,2,9,32800,32774,00000,00000
BCN,7657,4095,066073,2,9,141406,2,9,32800,32774,00000,00000
BCN,7658,4095,066073,2,9,141406,2,9,32800,32774,00000,00000
BCN,7659,0000,066073,2,9,141406,2,9,32800,32774,00000,00000
BCN,7660,4095,066073,2,9,141406,2,9,32800,32774,00000,00000
BCN,7661,4095,062003,2,8,141394,2,9,32799,32774,00000,00000
BCN,7662,4095,062003,2,8,141394,2,9,32799,32774,00000,00000
BCN,7663,0000,062003,2,8,141394,2,9,32799,32774,00000,00000
BCN,7664,0000,062003,2,8,141394,2,9,32799,32774,00000,00000
BCN,7665,0000,062003,2,8,141394,2,9,32799,32774,00000,00000
BCN,7666,4087,062003,2,8,141394,2,9,32799,32774,00000,00000
BCN,7667,4095,063934,2,8,145591,2,9,32800,32774,00000,00000
BCN,7668,4095,063934,2,8,145591,2,9,32800,32774,00000,00000
BCN,7669,0000,063934,2,8,145591,2,9,32800,32774,00000,00000
BCN,7670,0000,063934,2,8,145591,2,9,32800,32774,00000,00000
BCN,7671,0000,063934,2,8,145591,2,9,32800,32774,00000,00000
BCN,7672,0000,063934,2,8,145591,2,9,32800,32774,00000,00000
BCN,7673,4095,063934,2,8,145591,2,9,32800,32774,00000,00000
BCN,7674,4095,066177,2,9,149518,2,9,32800,32774,00000,00000
BCN,7675,4095,066177,2,9,149518,2,9,32800,32774,00000,00000
BCN,7676,4095,066177,2,9,149518,2,9,32800,32774,00000,00000
BCN,7677,4095,066177,2,9,149518,2,9,32800,32774,00000,00000
BCN,7678,0000,066177,2,9,149518,2,9,32800,32774,00000,00000
BCN,7679,0000,066177,2,9,149518,2,9,32800,32774,00000,00000
BCN,7680,4095,060111,2,8,149502,2,9,32799,32774,00000,00000
BCN,7681,0000,060111,2,8,149502,2,9,32799,32774,00000,00000
BCN,7682,0000,060111,2,8,149502,2,9,32799,32774,00000,00000
BCN,7683,4095,060111,2,8,149502,2,9,32799,32774,00000,00000
BCN,7684,0000,060111,2,8,149502,2,9,32799,32774,00000,00000
BCN,7685,0000,060111,2,8,149502,2,9,32799,32774,00000,00000
BCN,7686,0000,066203,2,9,149484,2,9,32800,32774,00000,00000
BCN,7687,0000,066203,2,9,149484,2,9,32800,32774,00000,00000
BCN,7688,0000,066203,2,9,149484,2,9,32800,32774,00000,00000
BCN,7689,4095,066203,2,9,149484,2,9,32800,32774,00000,00000
BCN,7690,4095,066203,2,9,149484,2,9,32800,32774,00000,00000
BCN,7691,4095,066203,2,9,149484,2,9,32800,32774,00000,00000
BCN,7692,0000,066151,2,9,145363,2,9,32800,32774,00000,00000
BCN,7693,4095,066151,2,9,145363,2,9,32800,32774,00000,00000
BCN,7694,4095,066151,2,9,145363,2,9,32800,32774,00000,00000
BCN,7695,4095,066151,2,9,145363,2,9,32800,32774,00000,00000
BCN,7696,0000,066151,2,9,145363,2,9,32800,32774,00000,00000
BCN,7697,4095,066151,2,9,145363,2,9,32800,32774,00000,00000
BCN,7698,4095,062003,2,8,145344,2,9,32800,32774,00000,00000
BCN,7699,4095,062003,2,8,145344,2,9,32800,32774,00000,00000
BCN,7700,0000,062003,2,8,145344,2,9,32800,32774,00000,00000
BCN,7701,0000,062003,2,8,145344,2,9,32800,32774,00000,00000
BCN,7702,0000,062003,2,8,145344,2,9,32800,32774,00000,00000
BCN,7703,0000,062003,2,8,145344,2,9,32800,32774,00000,00000
BCN,7704,4095,063973,2,8,145329,2,9,32799,32774,00000,00000
BCN,7705,4095,063973,2,8,145329,2,9,32799,32774,00000,00000
BCN,7706,0000,063973,2,8,145329,2,9,32799,32774,00000,00000
BCN,7707,0000,063973,2,8,145329,2,9,32799,32774,00000,00000
BCN,7708,0000,063973,2,8,145329,2,9,32799,32774,00000,00000
BCN,7709,0000,063973,2,8,145329,2,9,32799,32774,00000,00000
BCN,7710,4095,063973,2,8,145329,2,9,32799,32774,00000,00000
BCN,7711,4095,059825,2,8,145318,2,9,32799,32774,00000,00000
BCN,7712,4095,059825,2,8,145318,2,9,32799,32774,00000,00000
BCN,7713,4095,059825,2,8,145318,2,9,32799,32774,00000,00000
BCN,7714,4095,059825,2,8,145318,2,9,32799,32774,00000,00000
BCN,7715,0000,059825,2,8,145318,2,9,32799,32774,00000,00000
BCN,7716,0000,059825,2,8,145318,2,9,32799,32774,00000,00000
BCN,7717,4095,070065,2,9,145310,2,9,32800,32774,00000,00000
BCN,7718,0000,070065,2,9,145310,2,9,32800,32774,00000,00000
BCN,7719,0000,070065,2,9,145310,2,9,32800,32774,00000,00000
BCN,7720,4095,070065,2,9,145310,2,9,32800,32774,00000,00000
BCN,7721,0000,070065,2,9,145310,2,9,32800,32774,00000,00000
BCN,7722,0000,070065,2,9,145310,2,9,32800,32774,00000,00000
BCN,7723,0000,063856,2,8,141221,2,9,32800,32774,00000,00000
BCN,7724,0000,063856,2,8,141221,2,9,32800,32774,00000,00000
BCN,7725,0000,063856,2,8,141221,2,9,32800,32774,00000,00000
BCN,7726,4095,063856,2,8,141221,2,9,32800,32774,00000,00000
BCN,7727,4095,063856,2,8,141221,2,9,32800,32774,00000,00000
BCN,7728,4095,063856,2,8,141221,2,9,32800,32774,00000,00000
BCN,7729,0000,065735,2,9,137145,2,9,32800,32774,00000,00000
BCN,7730,4095,065735,2,9,137145,2,9,32800,32774,00000,00000
BCN,7731,4095,065735,2,9,137145,2,9,32800,32774,00000,00000
BCN,7732,4095,065735,2,9,137145,2,9,32800,32774,00000,00000
BCN,7733,0000,065735,2,9,137145,2,9,32800,32774,00000,00000
BCN,7734,4095,065735,2,9,137145,2,9,32800,32774,00000,00000
BCN,7735,4095,063843,2,8,133077,2,8,32800,32774,00000,00000
BCN,7736,4095,063843,2,8,133077,2,8,32800,32774,00000,00000
BCN,7737,0000,063843,2,8,133077,2,8,32800,32774,00000,00000
BCN,7738,0000,063843,2,8,133077,2,8,32800,32774,00000,00000
BCN,7739,0000,063843,2,8,133077,2,8,32800,32774,00000,00000
BCN,7740,0000,063843,2,8,133077,2,8,32800,32774,00000,00000
BCN,7741,4095,063830,2,8,129017,2,8,32799,32774,00000,00000
BCN,7742,4095,063830,2,8,129017,2,8,32799,32774,00000,00000
BCN,7743,4095,063830,2,8,129017,2,8,32799,32774,00000,00000
BCN,7744,4095,063830,2,8,129017,2,8,32799,32774,00000,00000
BCN,7745,4095,063830,2,8,129017,2,8,32799,32774,00000,00000
BCN,7746,0000,063830,2,8,129017,2,8,32799,32774,00000,00000
BCN,7747,4095,063830,2,8,129017,2,8,32799,32774,00000,00000
BCN,7748,4095,063778,2,8,124965,2,8,32800,32774,00000,00000
BCN,7749,4095,063778,2,8,124965,2,8,32800,32774,00000,00000
BCN,7750,4095,063778,2,8,124965,2,8,32800,32774,00000,00000
BCN,7751,4095,063778,2,8,124965,2,8,32800,32774,00000,00000
BCN,7752,0000,063778,2,8,124965,2,8,32800,32774,00000,00000
BCN,7753,0000,063778,2,8,124965,2,8,32800,32774,00000,00000
BCN,7754,4095,066047,2,9,124997,2,8,32800,32774,00000,00000
BCN,7755,0000,066047,2,9,124997,2,8,32800,32774,00000,00000
BCN,7756,0000,066047,2,9,124997,2,8,32800,32774,00000,00000
BCN,7757,4095,066047,2,9,124997,2,8,32800,32774,00000,00000
BCN,7758,0000,066047,2,9,124997,2,8,32800,32774,00000,00000
BCN,7759,0000,066047,2,9,124997,2,8,32800,32774,00000,00000
BCN,7760,0000,061977,2,8,120939,2,8,32799,32774,00000,00000
BCN,7761,0000,061977,2,8,120939,2,8,32799,32774,00000,00000
BCN,7762,0000,061977,2,8,120939,2,8,32799,32774,00000,00000
BCN,7763,4095,061977,2,8,120939,2,8,32799,32774,00000,00000
BCN,7764,4095,061977,2,8,120939,2,8,32799,32774,00000,00000
BCN,7765,4095,061977,2,8,120939,2,8,32799,32774,00000,00000
BCN,7766,0000,063934,2,8,116887,2,7,32800,32774,00000,00000
BCN,7767,4095,063934,2,8,116887,2,7,32800,32774,00000,00000
BCN,7768,4095,063934,2,8,116887,2,7,32800,32774,00000,00000
BCN,7769,4095,063934,2,8,116887,2,7,32800,32774,00000,00000
BCN,7770,0000,063934,2,8,116887,2,7,32800,32774,00000,00000
BCN,7771,4095,063934,2,8,116887,2,7,32800,32774,00000,00000
BCN,7772,4095,066164,2,9,116920,2,7,32800,32774,00000,00000
BCN,7773,4095,066164,2,9,116920,2,7,32800,32774,00000,00000
BCN,7774,0000,066164,2,9,116920,2,7,32800,32774,00000,00000
BCN,7775,0000,066164,2,9,116920,2,7,32800,32774,00000,00000
BCN,7776,0000,066164,2,9,116920,2,7,32800,32774,00000,00000
BCN,7777,0000,066164,2,9,116920,2,7,32800,32774,00000,00000
BCN,7778,4095,060111,2,8,121017,2,8,32799,32775,00000,00000
BCN,7779,4095,060111,2,8,121017,2,8,32799,32775,00000,00000
BCN,7780,4095,060111,2,8,121017,2,8,32799,32775,00000,00000
BCN,7781,4095,060111,2,8,121017,2,8,32799,32775,00000,00000
BCN,7782,4095,060111,2,8,121017,2,8,32799,32775,00000,00000
BCN,7783,0000,060111,2,8,121017,2,8,32799,32775,00000,00000
BCN,7784,0000,060111,2,8,121017,2,8,32799,32775,00000,00000
BCN,7785,4095,066190,2,9,121025,2,8,32800,32775,00000,00000
BCN,7786,4095,066190,2,9,121025,2,8,32800,32775,00000,00000
BCN,7787,4095,066190,2,9,121025,2,8,32800,32775,00000,00000
BCN,7788,4095,066190,2,9,121025,2,8,32800,32775,00000,00000
BCN,7789,0000,066190,2,9,121025,2,8,32800,32775,00000,00000
BCN,7790,0000,066190,2,9,121025,2,8,32800,32775,00000,00000
BCN,7791,4095,068095,2,9,121163,2,8,32800,32775,00000,00000
BCN,7792,0000,068095,2,9,121163,2,8,32800,32775,00000,00000
BCN,7793,0000,068095,2,9,121163,2,8,32800,32775,00000,00000
BCN,7794,4095,068095,2,9,121163,2,8,32800,32775,00000,00000
BCN,7795,0000,068095,2,9,121163,2,8,32800,32775,00000,00000
BCN,7796,0000,068095,2,9,121163,2,8,32800,32775,00000,00000
BCN,7797,0000,061925,2,8,125118,2,8,32800,32775,00000,00000
BCN,7798,0000,061925,2,8,125118,2,8,32800,32775,00000,00000
BCN,7799,0000,061925,2,8,125118,2,8,32800,32775,00000,00000
BCN,7800,4095,061925,2,8,125118,2,8,32800,32775,00000,00000
BCN,7801,4095,061925,2,8,125118,2,8,32800,32775,00000,00000
BCN,7802,4095,061925,2,8,125118,2,8,32800,32775,00000,00000
BCN,7803,0000,063921,2,8,129194,2,8,32799,32775,00000,00000
BCN,7804,4095,063921,2,8,129194,2,8,32799,32775,00000,00000
BCN,7805,4095,063921,2,8,129194,2,8,32799,32775,00000,00000
BCN,7806,4095,063921,2,8,129194,2,8,32799,32775,00000,00000
BCN,7807,0000,063921,2,8,129194,2,8,32799,32775,00000,00000
BCN,7808,4095,063921,2,8,129194,2,8,32799,32775,00000,00000
BCN,7809,4095,059773,2,8,129183,2,8,32799,32775,00000,00000
BCN,7810,4095,059773,2,8,129183,2,8,32799,32775,00000,00000
BCN,7811,0000,059773,2,8,129183,2,8,32799,32775,00000,00000
BCN,7812,0000,059773,2,8,129183,2,8,32799,32775,00000,00000
BCN,7813,0000,059773,2,8,129183,2,8,32799,32775,00000,00000
BCN,7814,0000,059773,2,8,129183,2,8,32799,32775,00000,00000
BCN,7815,4095,068082,2,9,129168,2,8,32800,32775,00000,00000
BCN,7816,4095,068082,2,9,129168,2,8,32800,32775,00000,00000
BCN,7817,4095,068082,2,9,129168,2,8,32800,32775,00000,00000
BCN,7818,4095,068082,2,9,129168,2,8,32800,32775,00000,00000
BCN,7819,4095,068082,2,9,129168,2,8,32800,32775,00000,00000
BCN,7820,0000,068082,2,9,129168,2,8,32800,32775,00000,00000
BCN,7821,0000,068082,2,9,129168,2,8,32800,32775,00000,00000
BCN,7822,4095,063908,2,8,133239,2,8,32800,32775,00000,00000
BCN,7823,0000,063908,2,8,133239,2,8,32800,32775,00000,00000
BCN,7824,0000,063908,2,8,133239,2,8,32800,32775,00000,00000
BCN,7825,4095,063908,2,8,133239,2,8,32800,32775,00000,00000
BCN,7826,0000,063908,2,8,133239,2,8,32800,32775,00000,00000
BCN,7827,0000,063908,2,8,133239,2,8,32800,32775,00000,00000
BCN,7828,4095,067926,2,9,133222,2,8,32800,32775,00000,00000
BCN,7829,0000,067926,2,9,133222,2,8,32800,32775,00000,00000
BCN,7830,0000,067926,2,9,133222,2,8,32800,32775,00000,00000
BCN,7831,4095,067926,2,9,133222,2,8,32800,32775,00000,00000
BCN,7832,0000,067926,2,9,133222,2,8,32800,32775,00000,00000
BCN,7833,0000,067926,2,9,133222,2,8,32800,32775,00000,00000
BCN,7834,0000,066099,2,9,133209,2,8,32800,32775,00000,00000
BCN,7835,0000,066099,2,9,133209,2,8,32800,32775,00000,00000
BCN,7836,0000,066099,2,9,133209,2,8,32800,32775,00000,00000
BCN,7837,4095,066099,2,9,133209,2,8,32800,32775,00000,00000
BCN,7838,4095,066099,2,9,133209,2,8,32800,32775,00000,00000
BCN,7839,4095,066099,2,9,133209,2,8,32800,32775,00000,00000
BCN,7840,0000,062016,2,8,137308,2,9,32799,32775,00000,00000
BCN,7841,4095,062016,2,8,137308,2,9,32799,32775,00000,00000
BCN,7842,4095,062016,2,8,137308,2,9,32799,32775,00000,00000
BCN,7843,4095,062016,2,8,137308,2,9,32799,32775,00000,00000
BCN,7844,0000,062016,2,8,137308,2,9,32799,32775,00000,00000
BCN,7845,4095,062016,2,8,137308,2,9,32799,32775,00000,00000
BCN,7846,4095,063947,2,8,137310,2,9,32800,32775,00000,00000
BCN,7847,4095,063947,2,8,137310,2,9,32800,32775,00000,00000
BCN,7848,0000,063947,2,8,137310,2,9,32800,32775,00000,00000
BCN,7849,0000,063947,2,8,137310,2,9,32800,32775,00000,00000
BCN,7850,0000,063947,2,8,137310,2,9,32800,32775,00000,00000
BCN,7851,0000,063947,2,8,137310,2,9,32800,32775,00000,00000
BCN,7852,4095,066190,2,9,137312,2,9,32800,32775,00000,00000
BCN,7853,4095,066190,2,9,137312,2,9,32800,32775,00000,00000
BCN,7854,4095,066190,2,9,137312,2,9,32800,32775,00000,00000
BCN,7855,4095,066190,2,9,137312,2,9,32800,32775,00000,00000
BCN,7856,4095,066190,2,9,137312,2,9,32800,32775,00000,00000
BCN,7857,0000,066190,2,9,137312,2,9,32800,32775,00000,00000
BCN,7858,0000,066190,2,9,137312,2,9,32800,32775,00000,00000
BCN,7859,4095,060124,2,8,137314,2,9,32799,32775,00000,00000
BCN,7860,0000,060124,2,8,137314,2,9,32799,32775,00000,00000
BCN,7861,0000,060124,2,8,137314,2,9,32799,32775,00000,00000
BCN,7862,4095,060124,2,8,137314,2,9,32799,32775,00000,00000
BCN,7863,0000,060124,2,8,137314,2,9,32799,32775,00000,00000
BCN,7864,0000,060124,2,8,137314,2,9,32799,32775,00000,00000
BCN,7865,4095,066203,2,9,137315,2,9,32800,32775,00000,00000
BCN,7866,0000,066203,2,9,137315,2,9,32800,32775,00000,00000
BCN,7867,0000,066203,2,9,137315,2,9,32800,32775,00000,00000
BCN,7868,4095,066203,2,9,137315,2,9,32800,32775,00000,00000
BCN,7869,0000,066203,2,9,137315,2,9,32800,32775,00000,00000
BCN,7870,0000,066203,2,9,137315,2,9,32800,32775,00000,00000
BCN,7871,0000,066151,2,9,141396,2,9,32800,32775,00000,00000
BCN,7872,0000,066151,2,9,141396,2,9,32800,32775,00000,00000
BCN,7873,0000,066151,2,9,141396,2,9,32800,32775,00000,00000
BCN,7874,4095,066151,2,9,141396,2,9,32800,32775,00000,00000
BCN,7875,4095,066151,2,9,141396,2,9,32800,32775,00000,00000
BCN,7876,4095,066151,2,9,141396,2,9,32800,32775,00000,00000
BCN,7877,0000,062003,2,8,141386,2,9,32800,32775,00000,00000
BCN,7878,4095,062003,2,8,141386,2,9,32800,32775,00000,00000
BCN,7879,4095,062003,2,8,141386,2,9,32800,32775,00000,00000
BCN,7880,4095,062003,2,8,141386,2,9,32800,32775,00000,00000
BCN,7881,0000,062003,2,8,141386,2,9,32800,32775,00000,00000
BCN,7882,4095,062003,2,8,141386,2,9,32800,32775,00000,00000
BCN,7883,4095,063986,2,8,145521,2,9,32799,32775,00000,00000
BCN,7884,4095,063986,2,8,145521,2,9,32799,32775,00000,00000
BCN,7885,0000,063986,2,8,145521,2,9,32799,32775,00000,00000
BCN,7886,0000,063986,2,8,145521,2,9,32799,32775,00000,00000
BCN,7887,0000,063986,2,8,145521,2,9,32799,32775,00000,00000
BCN,7888,0000,063986,2,8,145521,2,9,32799,32775,00000,00000
BCN,7889,4095,059825,2,8,149522,2,9,32799,32775,00000,00000
BCN,7890,4095,059825,2,8,149522,2,9,32799,32775,00000,00000
BCN,7891,4095,059825,2,8,149522,2,9,32799,32775,00000,00000
BCN,7892,4095,059825,2,8,149522,2,9,32799,32775,00000,00000
BCN,7893,4095,059825,2,8,149522,2,9,32799,32775,00000,00000
BCN,7894,0000,059825,2,8,149522,2,9,32799,32775,00000,00000
BCN,7895,0000,059825,2,8,149522,2,9,32799,32775,00000,00000
BCN,7896,4095,070065,2,9,149499,2,9,32800,32775,00000,00000
BCN,7897,0000,070065,2,9,149499,2,9,32800,32775,00000,00000
BCN,7898,0000,070065,2,9,149499,2,9,32800,32775,00000,00000
BCN,7899,4095,070065,2,9,149499,2,9,32800,32775,00000,00000
BCN,7900,0000,070065,2,9,149499,2,9,32800,32775,00000,00000
BCN,7901,0000,070065,2,9,149499,2,9,32800,32775,00000,00000
BCN,7902,0000,063856,2,8,149477,2,9,32800,32775,00000,00000
BCN,7903,0000,063856,2,8,149477,2,9,32800,32775,00000,00000
BCN,7904,0000,063856,2,8,149477,2,9,32800,32775,00000,00000
BCN,7905,4095,063856,2,8,149477,2,9,32800,32775,00000,00000
BCN,7906,0000,063856,2,8,149477,2,9,32800,32775,00000,00000
BCN,7907,0000,063856,2,8,149477,2,9,32800,32775,00000,00000
BCN,7908,0000,067887,2,9,145361,2,9,32800,32775,00000,00000
BCN,7909,0000,067887,2,9,145361,2,9,32800,32775,00000,00000
BCN,7910,0000,067887,2,9,145361,2,9,32800,32775,00000,00000
BCN,7911,4095,067887,2,9,145361,2,9,32800,32775,00000,00000
BCN,7912,4095,067887,2,9,145361,2,9,32800,32775,00000,00000
BCN,7913,4095,067887,2,9,145361,2,9,32800,32775,00000,00000
BCN,7914,0000,066073,2,9,145342,2,9,32800,32775,00000,00000
BCN,7915,4095,066073,2,9,145342,2,9,32800,32775,00000,00000
BCN,7916,4095,066073,2,9,145342,2,9,32800,32775,00000,00000
BCN,7917,4095,066073,2,9,145342,2,9,32800,32775,00000,00000
BCN,7918,0000,066073,2,9,145342,2,9,32800,32775,00000,00000
BCN,7919,4095,066073,2,9,145342,2,9,32800,32775,00000,00000
BCN,7920,4095,060033,2,8,145328,2,9,32799,32775,00000,00000
BCN,7921,4095,060033,2,8,145328,2,9,32799,32775,00000,00000
BCN,7922,0000,060033,2,8,145328,2,9,32799,32775,00000,00000
BCN,7923,0000,060033,2,8,145328,2,9,32799,32775,00000,00000
BCN,7924,0000,060033,2,8,145328,2,9,32799,32775,00000,00000
BCN,7925,0000,060033,2,8,145328,2,9,32799,32775,00000,00000
BCN,7926,4095,063999,2,8,145317,2,9,32800,32775,00000,00000
BCN,7927,4095,063999,2,8,145317,2,9,32800,32775,00000,00000
BCN,7928,4095,063999,2,8,145317,2,9,32800,32775,00000,00000
BCN,7929,4095,063999,2,8,145317,2,9,32800,32775,00000,00000
BCN,7930,4095,063999,2,8,145317,2,9,32800,32775,00000,00000
BCN,7931,0000,063999,2,8,145317,2,9,32800,32775,00000,00000
BCN,7932,0000,063999,2,8,145317,2,9,32800,32775,00000,00000
BCN,7933,4095,068160,2,9,137146,2,9,32800,32775,00000,00000
BCN,7934,0000,068160,2,9,137146,2,9,32800,32775,00000,00000
BCN,7935,0000,068160,2,9,137146,2,9,32800,32775,00000,00000
BCN,7936,4095,068160,2,9,137146,2,9,32800,32775,00000,00000
BCN,7937,0000,068160,2,9,137146,2,9,32800,32775,00000,00000
BCN,7938,0000,068160,2,9,137146,2,9,32800,32775,00000,00000
BCN,7939,0000,061977,2,8,137160,2,9,32800,32775,00000,00000
BCN,7940,0000,061977,2,8,137160,2,9,32800,32775,00000,00000
BCN,7941,0000,061977,2,8,137160,2,9,32800,32775,00000,00000
BCN,7942,4095,061977,2,8,137160,2,9,32800,32775,00000,00000
BCN,7943,4095,061977,2,8,137160,2,9,32800,32775,00000,00000
BCN,7944,4095,061977,2,8,137160,2,9,32800,32775,00000,00000
BCN,7945,0000,063960,2,8,129008,2,8,32799,32775,00000,00000
BCN,7946,0000,063960,2,8,129008,2,8,32799,32775,00000,00000
BCN,7947,0000,063960,2,8,129008,2,8,32799,32775,00000,00000
BCN,7948,4095,063960,2,8,129008,2,8,32799,32775,00000,00000
BCN,7949,4095,063960,2,8,129008,2,8,32799,32775,00000,00000
BCN,7950,4095,063960,2,8,129008,2,8,32799,32775,00000,00000
BCN,7951,0000,059812,2,8,124958,2,8,32799,32775,00000,00000
BCN,7952,4095,059812,2,8,124958,2,8,32799,32775,00000,00000
BCN,7953,4095,059812,2,8,124958,2,8,32799,32775,00000,00000
BCN,7954,4095,059812,2,8,124958,2,8,32799,32775,00000,00000
BCN,7955,0000,059812,2,8,124958,2,8,32799,32775,00000,00000
BCN,7956,4095,059812,2,8,124958,2,8,32799,32775,00000,00000
BCN,7957,4095,070052,2,9,124991,2,8,32800,32775,00000,00000
BCN,7958,4095,070052,2,9,124991,2,8,32800,32775,00000,00000
BCN,7959,0000,070052,2,9,124991,2,8,32800,32775,00000,00000
BCN,7960,0000,070052,2,9,124991,2,8,32800,32775,00000,00000
BCN,7961,0000,070052,2,9,124991,2,8,32800,32775,00000,00000
BCN,7962,0000,070052,2,9,124991,2,8,32800,32775,00000,00000
BCN,7963,4095,063843,2,8,120936,2,8,32800,32775,00000,00000
BCN,7964,4095,063843,2,8,120936,2,8,32800,32775,00000,00000
BCN,7965,4095,063843,2,8,120936,2,8,32800,32775,00000,00000
BCN,7966,4095,063843,2,8,120936,2,8,32800,32775,00000,00000
BCN,7967,4095,063843,2,8,120936,2,8,32800,32775,00000,00000
BCN,7968,0000,063843,2,8,120936,2,8,32800,32775,00000,00000
BCN,7969,0000,063843,2,8,120936,2,8,32800,32775,00000,00000
BCN,7970,4095,067874,2,9,120965,2,8,32800,32775,00000,00000
BCN,7971,0000,067874,2,9,120965,2,8,32800,32775,00000,00000
BCN,7972,0000,067874,2,9,120965,2,8,32800,32775,00000,00000
BCN,7973,4095,067874,2,9,120965,2,8,32800,32775,00000,00000
BCN,7974,0000,067874,2,9,120965,2,8,32800,32775,00000,00000
BCN,7975,0000,067874,2,9,120965,2,8,32800,32775,00000,00000
BCN,7976,0000,061756,2,8,116915,2,7,32800,32776,00000,00000
BCN,7977,0000,061756,2,8,116915,2,7,32800,32776,00000,00000
BCN,7978,0000,061756,2,8,116915,2,7,32800,32776,00000,00000
BCN,7979,4095,061756,2,8,116915,2,7,32800,32776,00000,00000
BCN,7980,4095,061756,2,8,116915,2,7,32800,32776,00000,00000
BCN,7981,4095,061756,2,8,116915,2,7,32800,32776,00000,00000
BCN,7982,0000,063791,2,8,121007,2,8,32799,32776,00000,00000
BCN,7983,4095,063791,2,8,121007,2,8,32799,32776,00000,00000
BCN,7984,4095,063791,2,8,121007,2,8,32799,32776,00000,00000
BCN,7985,4095,063791,2,8,121007,2,8,32799,32776,00000,00000
BCN,7986,4093,063791,2,8,121007,2,8,32799,32776,00000,00000
BCN,7987,4095,063791,2,8,121007,2,8,32799,32776,00000,00000
BCN,7988,0000,061600,2,8,121018,2,8,32800,32776,00000,00000
BCN,7989,4095,061600,2,8,121018,2,8,32800,32776,00000,00000
BCN,7990,4095,061600,2,8,121018,2,8,32800,32776,00000,00000
BCN,7991,4095,061600,2,8,121018,2,8,32800,32776,00000,00000
BCN,7992,0000,061600,2,8,121018,2,8,32800,32776,00000,00000
BCN,7993,4095,061600,2,8,121018,2,8,32800,32776,00000,00000
BCN,7994,4095,063817,2,8,121028,2,8,32800,32776,00000,00000
BCN,7995,4095,063817,2,8,121028,2,8,32800,32776,00000,00000
BCN,7996,0000,063817,2,8,121028,2,8,32800,32776,00000,00000
BCN,7997,0000,063817,2,8,121028,2,8,32800,32776,00000,00000
BCN,7998,0000,063817,2,8,121028,2,8,32800,32776,00000,00000
BCN,7999,0000,063817,2,8,121028,2,8,32800,32776,00000,00000
BCN,8000,4095,063804,2,8,129259,2,8,32799,32776,00000,00000
BCN,8001,4095,063804,2,8,129259,2,8,32799,32776,00000,00000
BCN,8002,4095,063804,2,8,129259,2,8,32799,32776,00000,00000
BCN,8003,4095,063804,2,8,129259,2,8,32799,32776,00000,00000
BCN,8004,4095,063804,2,8,129259,2,8,32799,32776,00000,00000
BCN,8005,0000,063804,2,8,129259,2,8,32799,32776,00000,00000
BCN,8006,0000,063804,2,8,129259,2,8,32799,32776,00000,00000
BCN,8007,4095,063752,2,8,133260,2,8,32800,32776,00000,00000
BCN,8008,0000,063752,2,8,133260,2,8,32800,32776,00000,00000
BCN,8009,0000,063752,2,8,133260,2,8,32800,32776,00000,00000
BCN,8010,4095,063752,2,8,133260,2,8,32800,32776,00000,00000
BCN,8011,0000,063752,2,8,133260,2,8,32800,32776,00000,00000
BCN,8012,0000,063752,2,8,133260,2,8,32800,32776,00000,00000
BCN,8013,0000,066034,2,9,137346,2,9,32800,32776,00000,00000
BCN,8014,0000,066034,2,9,137346,2,9,32800,32776,00000,00000
BCN,8015,0000,066034,2,9,137346,2,9,32800,32776,00000,00000
BCN,8016,4095,066034,2,9,137346,2,9,32800,32776,00000,00000
BCN,8017,4095,066034,2,9,137346,2,9,32800,32776,00000,00000
BCN,8018,4095,066034,2,9,137346,2,9,32800,32776,00000,00000
BCN,8019,0000,061977,2,8,137339,2,9,32799,32776,00000,00000
BCN,8020,4095,061977,2,8,137339,2,9,32799,32776,00000,00000
BCN,8021,4095,061977,2,8,137339,2,9,32799,32776,00000,00000
BCN,8022,4095,061977,2,8,137339,2,9,32799,32776,00000,00000
BCN,8023,0000,061977,2,8,137339,2,9,32799,32776,00000,00000
BCN,8024,4095,061977,2,8,137339,2,9,32799,32776,00000,00000
BCN,8025,4095,063921,2,8,137333,2,9,32800,32776,00000,00000
BCN,8026,4095,063921,2,8,137333,2,9,32800,32776,00000,00000
BCN,8027,4031,063921,2,8,137333,2,9,32800,32776,00000,00000
BCN,8028,4095,063921,2,8,137333,2,9,32800,32776,00000,00000
BCN,8029,0000,063921,2,8,137333,2,9,32800,32776,00000,00000
BCN,8030,4095,063921,2,8,137333,2,9,32800,32776,00000,00000
BCN,8031,4095,066164,2,9,137393,2,9,32800,32776,00000,00000
BCN,8032,4095,066164,2,9,137393,2,9,32800,32776,00000,00000
BCN,8033,0000,066164,2,9,137393,2,9,32800,32776,00000,00000
BCN,8034,0000,066164,2,9,137393,2,9,32800,32776,00000,00000
BCN,8035,0000,066164,2,9,137393,2,9,32800,32776,00000,00000
BCN,8036,0000,066164,2,9,137393,2,9,32800,32776,00000,00000
BCN,8037,4095,060098,2,8,137342,2,9,32799,32776,00000,00000
BCN,8038,4095,060098,2,8,137342,2,9,32799,32776,00000,00000
BCN,8039,4095,060098,2,8,137342,2,9,32799,32776,00000,00000
BCN,8040,4095,060098,2,8,137342,2,9,32799,32776,00000,00000
BCN,8041,4095,060098,2,8,137342,2,9,32799,32776,00000,00000
BCN,8042,0000,060098,2,8,137342,2,9,32799,32776,00000,00000
BCN,8043,0000,060098,2,8,137342,2,9,32799,32776,00000,00000
BCN,8044,4095,064051,2,8,141405,2,9,32800,32776,00000,00000
BCN,8045,0000,064051,2,8,141405,2,9,32800,32776,00000,00000
BCN,8046,0000,064051,2,8,141405,2,9,32800,32776,00000,00000
BCN,8047,4095,064051,2,8,141405,2,9,32800,32776,00000,00000
BCN,8048,0000,064051,2,8,141405,2,9,32800,32776,00000,00000
BCN,8049,0000,064051,2,8,141405,2,9,32800,32776,00000,00000
BCN,8050,0000,066255,2,9,141392,2,9,32800,32776,00000,00000
BCN,8051,0000,066255,2,9,141392,2,9,32800,32776,00000,00000
BCN,8052,0000,066255,2,9,141392,2,9,32800,32776,00000,00000
BCN,8053,4095,066255,2,9,141392,2,9,32800,32776,00000,00000
BCN,8054,4095,066255,2,9,141392,2,9,32800,32776,00000,00000
BCN,8055,4095,066255,2,9,141392,2,9,32800,32776,00000,00000
BCN,8056,0000,062081,2,8,141510,2,9,32800,32776,00000,00000
BCN,8057,4095,062081,2,8,141510,2,9,32800,32776,00000,00000
BCN,8058,4095,062081,2,8,141510,2,9,32800,32776,00000,00000
BCN,8059,4095,062081,2,8,141510,2,9,32800,32776,00000,00000
BCN,8060,0000,062081,2,8,141510,2,9,32800,32776,00000,00000
BCN,8061,4095,062081,2,8,141510,2,9,32800,32776,00000,00000
BCN,8062,4095,064038,2,8,145455,2,9,32799,32776,00000,00000
BCN,8063,4095,064038,2,8,145455,2,9,32799,32776,00000,00000
BCN,8064,0000,064038,2,8,145455,2,9,32799,32776,00000,00000
BCN,8065,0000,064038,2,8,145455,2,9,32799,32776,00000,00000
BCN,8066,0000,064038,2,8,145455,2,9,32799,32776,00000,00000
BCN,8067,4095,064038,2,8,145455,2,9,32799,32776,00000,00000
BCN,8068,4095,059864,2,8,149520,2,9,32799,32776,00000,00000
BCN,8069,4095,059864,2,8,149520,2,9,32799,32776,00000,00000
BCN,8070,0000,059864,2,8,149520,2,9,32799,32776,00000,00000
BCN,8071,0000,059864,2,8,149520,2,9,32799,32776,00000,00000
BCN,8072,0000,059864,2,8,149520,2,9,32799,32776,00000,00000
BCN,8073,0000,059864,2,8,149520,2,9,32799,32776,00000,00000
BCN,8074,4095,070104,2,9,149498,2,9,32800,32776,00000,00000
BCN,8075,4095,070104,2,9,149498,2,9,32800,32776,00000,00000
BCN,8076,4095,070104,2,9,149498,2,9,32800,32776,00000,00000
BCN,8077,4095,070104,2,9,149498,2,9,32800,32776,00000,00000
BCN,8078,4095,070104,2,9,149498,2,9,32800,32776,00000,00000
BCN,8079,0000,070104,2,9,149498,2,9,32800,32776,00000,00000
BCN,8080,0000,070104,2,9,149498,2,9,32800,32776,00000,00000
BCN,8081,4095,063882,2,8,149481,2,9,32800,32776,00000,00000
BCN,8082,0000,063882,2,8,149481,2,9,32800,32776,00000,00000
BCN,8083,0000,063882,2,8,149481,2,9,32800,32776,00000,00000
BCN,8084,4095,063882,2,8,149481,2,9,32800,32776,00000,00000
BCN,8085,0000,063882,2,8,149481,2,9,32800,32776,00000,00000
BCN,8086,0000,063882,2,8,149481,2,9,32800,32776,00000,00000
BCN,8087,0000,067900,2,9,149468,2,9,32800,32776,00000,00000
BCN,8088,0000,067900,2,9,149468,2,9,32800,32776,00000,00000
BCN,8089,0000,067900,2,9,149468,2,9,32800,32776,00000,00000
BCN,8090,4095,067900,2,9,149468,2,9,32800,32776,00000,00000
BCN,8091,4095,067900,2,9,149468,2,9,32800,32776,00000,00000
BCN,8092,4095,067900,2,9,149468,2,9,32800,32776,00000,00000
BCN,8093,0000,061782,2,8,145351,2,9,32800,32776,00000,00000
BCN,8094,4095,061782,2,8,145351,2,9,32800,32776,00000,00000
BCN,8095,4095,061782,2,8,145351,2,9,32800,32776,00000,00000
BCN,8096,4095,061782,2,8,145351,2,9,32800,32776,00000,00000
BCN,8097,0000,061782,2,8,145351,2,9,32800,32776,00000,00000
BCN,8098,4095,061782,2,8,145351,2,9,32800,32776,00000,00000
BCN,8099,4095,063817,2,8,145335,2,9,32799,32776,00000,00000
BCN,8100,4095,063817,2,8,145335,2,9,32799,32776,00000,00000
BCN,8101,0000,063817,2,8,145335,2,9,32799,32776,00000,00000
BCN,8102,0000,063817,2,8,145335,2,9,32799,32776,00000,00000
BCN,8103,0000,063817,2,8,145335,2,9,32799,32776,00000,00000
BCN,8104,0000,063817,2,8,145335,2,9,32799,32776,00000,00000
BCN,8105,4095,059695,2,8,145322,2,9,32799,32776,00000,00000
BCN,8106,4095,059695,2,8,145322,2,9,32799,32776,00000,00000
BCN,8107,0000,059695,2,8,145322,2,9,32799,32776,00000,00000
BCN,8108,0000,059695,2,8,145322,2,9,32799,32776,00000,00000
BCN,8109,0000,059695,2,8,145322,2,9,32799,32776,00000,00000
BCN,8110,0000,059695,2,8,145322,2,9,32799,32776,00000,00000
BCN,8111,4095,069974,2,9,145313,2,9,32800,32776,00000,00000
BCN,8112,4095,069974,2,9,145313,2,9,32800,32776,00000,00000
BCN,8113,4095,069974,2,9,145313,2,9,32800,32776,00000,00000
BCN,8114,4095,069974,2,9,145313,2,9,32800,32776,00000,00000
BCN,8115,4095,069974,2,9,145313,2,9,32800,32776,00000,00000
BCN,8116,0000,069974,2,9,145313,2,9,32800,32776,00000,00000
BCN,8117,0000,069974,2,9,145313,2,9,32800,32776,00000,00000
BCN,8118,4095,063778,2,8,145306,2,9,32800,32776,00000,00000
BCN,8119,0000,063778,2,8,145306,2,9,32800,32776,00000,00000
BCN,8120,0000,063778,2,8,145306,2,9,32800,32776,00000,00000
BCN,8121,4095,063778,2,8,145306,2,9,32800,32776,00000,00000
BCN,8122,0000,063778,2,8,145306,2,9,32800,32776,00000,00000
BCN,8123,0000,063778,2,8,145306,2,9,32800,32776,00000,00000
BCN,8124,0000,065683,2,9,137138,2,9,32800,32776,00000,00000
BCN,8125,0000,065683,2,9,137138,2,9,32800,32776,00000,00000
BCN,8126,0000,065683,2,9,137138,2,9,32800,32776,00000,00000
BCN,8127,4095,065683,2,9,137138,2,9,32800,32776,00000,00000
BCN,8128,4095,065683,2,9,137138,2,9,32800,32776,00000,00000
BCN,8129,4095,065683,2,9,137138,2,9,32800,32776,00000,00000
BCN,8130,0000,063804,2,8,135129,2,9,32800,32776,00000,00000
BCN,8131,4095,063804,2,8,135129,2,9,32800,32776,00000,00000
BCN,8132,4095,063804,2,8,135129,2,9,32800,32776,00000,00000
BCN,8133,4095,063804,2,8,135129,2,9,32800,32776,00000,00000
BCN,8134,0000,063804,2,8,135129,2,9,32800,32776,00000,00000
BCN,8135,4095,063804,2,8,135129,2,9,32800,32776,00000,00000
BCN,8136,4095,063791,2,8,129009,2,8,32799,32776,00000,00000
BCN,8137,4095,063791,2,8,129009,2,8,32799,32776,00000,00000
BCN,8138,0000,063791,2,8,129009,2,8,32799,32776,00000,00000
BCN,8139,0000,063791,2,8,129009,2,8,32799,32776,00000,00000
BCN,8140,0000,063791,2,8,129009,2,8,32799,32776,00000,00000
BCN,8141,0000,063791,2,8,129009,2,8,32799,32776,00000,00000
BCN,8142,4095,063752,2,8,124958,2,8,32800,32776,00000,00000
BCN,8143,4095,063752,2,8,124958,2,8,32800,32776,00000,00000
BCN,8144,4095,063752,2,8,124958,2,8,32800,32776,00000,00000
BCN,8145,4095,063752,2,8,124958,2,8,32800,32776,00000,00000
BCN,8146,4095,063752,2,8,124958,2,8,32800,32776,00000,00000
BCN,8147,0000,063752,2,8,124958,2,8,32800,32776,00000,00000
BCN,8148,4095,066034,2,9,124992,2,8,32800,32776,00000,00000
BCN,8149,4095,066034,2,9,124992,2,8,32800,32776,00000,00000
BCN,8150,4095,066034,2,9,124992,2,8,32800,32776,00000,00000
BCN,8151,4095,066034,2,9,124992,2,8,32800,32776,00000,00000
BCN,8152,4095,066034,2,9,124992,2,8,32800,32776,00000,00000
BCN,8153,0000,066034,2,9,124992,2,8,32800,32776,00000,00000
BCN,8154,0000,066034,2,9,124992,2,8,32800,32776,00000,00000
BCN,8155,4095,063934,2,8,120936,2,8,32799,32776,00000,00000
BCN,8156,0000,063934,2,8,120936,2,8,32799,32776,00000,00000
BCN,8157,0000,063934,2,8,120936,2,8,32799,32776,00000,00000
BCN,8158,4095,063934,2,8,120936,2,8,32799,32776,00000,00000
BCN,8159,0000,063934,2,8,120936,2,8,32799,32776,00000,00000
BCN,8160,0000,063934,2,8,120936,2,8,32799,32776,00000,00000
BCN,8161,0000,063856,2,8,116885,2,7,32800,32776,00000,00000
BCN,8162,0000,063856,2,8,116885,2,7,32800,32776,00000,00000
BCN,8163,0000,063856,2,8,116885,2,7,32800,32776,00000,00000
BCN,8164,4095,063856,2,8,116885,2,7,32800,32776,00000,00000
BCN,8165,4095,063856,2,8,116885,2,7,32800,32776,00000,00000
BCN,8166,4095,063856,2,8,116885,2,7,32800,32776,00000,00000
BCN,8167,0000,053863,2,7,116944,2,7,32799,32777,00000,00000
BCN,8168,4095,053863,2,7,116944,2,7,32799,32777,00000,00000
BCN,8169,4095,053863,2,7,116944,2,7,32799,32777,00000,00000
BCN,8170,4095,053863,2,7,116944,2,7,32799,32777,00000,00000
BCN,8171,0000,053863,2,7,116944,2,7,32799,32777,00000,00000
BCN,8172,4095,053863,2,7,116944,2,7,32799,32777,00000,00000
BCN,8173,4095,053824,2,7,121031,2,8,32800,32777,00000,00000
BCN,8174,4095,053824,2,7,121031,2,8,32800,32777,00000,00000
BCN,8175,0000,053824,2,7,121031,2,8,32800,32777,00000,00000
BCN,8176,0000,053824,2,7,121031,2,8,32800,32777,00000,00000
BCN,8177,0000,053824,2,7,121031,2,8,32800,32777,00000,00000
BCN,8178,0000,053824,2,7,121031,2,8,32800,32777,00000,00000
BCN,8179,4095,062029,2,8,121024,2,8,32799,32777,00000,00000
BCN,8180,4095,062029,2,8,121024,2,8,32799,32777,00000,00000
BCN,8181,4095,062029,2,8,121024,2,8,32799,32777,00000,00000
BCN,8182,4095,062029,2,8,121024,2,8,32799,32777,00000,00000
BCN,8183,4095,062029,2,8,121024,2,8,32799,32777,00000,00000
BCN,8184,0000,062029,2,8,121024,2,8,32799,32777,00000,00000
BCN,8185,0000,063960,2,8,121048,2,8,32800,32777,00000,00000
BCN,8186,4095,063960,2,8,121048,2,8,32800,32777,00000,00000
BCN,8187,4095,063960,2,8,121048,2,8,32800,32777,00000,00000
BCN,8188,4095,063960,2,8,121048,2,8,32800,32777,00000,00000
BCN,8189,4095,063960,2,8,121048,2,8,32800,32777,00000,00000
BCN,8190,0000,063960,2,8,121048,2,8,32800,32777,00000,00000
BCN,8191,0000,063960,2,8,121048,2,8,32800,32777,00000,00000
BCN,8192,4095,066190,2,9,125118,2,8,32800,32777,00000,00000
BCN,8193,0000,066190,2,9,125118,2,8,32800,32777,00000,00000
BCN,8194,0000,066190,2,9,125118,2,8,32800,32777,00000,00000
BCN,8195,4095,066190,2,9,125118,2,8,32800,32777,00000,00000
BCN,8196,0000,066190,2,9,125118,2,8,32800,32777,00000,00000
BCN,8197,0000,066190,2,9,125118,2,8,32800,32777,00000,00000
BCN,8198,0000,062081,2,8,129193,2,8,32799,32777,00000,00000
BCN,8199,0000,062081,2,8,129193,2,8,32799,32777,00000,00000
BCN,8200,0000,062081,2,8,129193,2,8,32799,32777,00000,00000
BCN,8201,4095,062081,2,8,129193,2,8,32799,32777,00000,00000
BCN,8202,4095,062081,2,8,129193,2,8,32799,32777,00000,00000
BCN,8203,4095,062081,2,8,129193,2,8,32799,32777,00000,00000
BCN,8204,0000,064012,2,8,129180,2,8,32800,32777,00000,00000
BCN,8205,4095,064012,2,8,129180,2,8,32800,32777,00000,00000
BCN,8206,4095,064012,2,8,129180,2,8,32800,32777,00000,00000
BCN,8207,4095,064012,2,8,129180,2,8,32800,32777,00000,00000
BCN,8208,0000,064012,2,8,129180,2,8,32800,32777,00000,00000
BCN,8209,4095,064012,2,8,129180,2,8,32800,32777,00000,00000
BCN,8210,4095,066229,2,9,133248,2,8,32800,32777,00000,00000
BCN,8211,4095,066229,2,9,133248,2,8,32800,32777,00000,00000
BCN,8212,0000,066229,2,9,133248,2,8,32800,32777,00000,00000
BCN,8213,0000,066229,2,9,133248,2,8,32800,32777,00000,00000
BCN,8214,0000,066229,2,9,133248,2,8,32800,32777,00000,00000
BCN,8215,0000,066229,2,9,133248,2,8,32800,32777,00000,00000
BCN,8216,4095,062107,2,8,133228,2,8,32799,32777,00000,00000
BCN,8217,4095,062107,2,8,133228,2,8,32799,32777,00000,00000
BCN,8218,4095,062107,2,8,133228,2,8,32799,32777,00000,00000
BCN,8219,4095,062107,2,8,133228,2,8,32799,32777,00000,00000
BCN,8220,4095,062107,2,8,133228,2,8,32799,32777,00000,00000
BCN,8221,0000,062107,2,8,133228,2,8,32799,32777,00000,00000
BCN,8222,0000,064025,2,8,137322,2,9,32800,32777,00000,00000
BCN,8223,4095,064025,2,8,137322,2,9,32800,32777,00000,00000
BCN,8224,0000,064025,2,8,137322,2,9,32800,32777,00000,00000
BCN,8225,0000,064025,2,8,137322,2,9,32800,32777,00000,00000
BCN,8226,4095,064025,2,8,137322,2,9,32800,32777,00000,00000
BCN,8227,0000,064025,2,8,137322,2,9,32800,32777,00000,00000
BCN,8228,0000,064025,2,8,137322,2,9,32800,32777,00000,00000
BCN,8229,4095,066242,2,9,137321,2,9,32800,32777,00000,00000
BCN,8230,0000,066242,2,9,137321,2,9,32800,32777,00000,00000
BCN,8231,0000,066242,2,9,137321,2,9,32800,32777,00000,00000
BCN,8232,4095,066242,2,9,137321,2,9,32800,32777,00000,00000
BCN,8233,0000,066242,2,9,137321,2,9,32800,32777,00000,00000
BCN,8234,0000,066242,2,9,137321,2,9,32800,32777,00000,00000
BCN,8235,0000,064077,2,8,137320,2,9,32799,32777,00000,00000
BCN,8236,0000,064077,2,8,137320,2,9,32799,32777,00000,00000
BCN,8237,0000,064077,2,8,137320,2,9,32799,32777,00000,00000
BCN,8238,4095,064077,2,8,137320,2,9,32799,32777,00000,00000
BCN,8239,4095,064077,2,8,137320,2,9,32799,32777,00000,00000
BCN,8240,4095,064077,2,8,137320,2,9,32799,32777,00000,00000
BCN,8241,0000,061821,2,8,137320,2,9,32800,32777,00000,00000
BCN,8242,4095,061821,2,8,137320,2,9,32800,32777,00000,00000
BCN,8243,4095,061821,2,8,137320,2,9,32800,32777,00000,00000
