BCN,5956,0844,063947,2,8,002760,2,9,32800,32768,00000,00000
BCN,5957,0778,063947,2,8,002760,2,9,32800,32768,0000<DAPLink:Overflow>
BCN,6861,060,05976,2,8,002552,2,9,32799,32767,00000,00000
BCN,6862,0809,059760,2,8,002552,2,9,32799,32767,00000,00000
BCN,6863,0799,059760,2,8,002552,2,9,32799,32767,00000,00000
BCN,6864,0779,070026,2,9,002607,2,9,32800,32768,00000,00000
BCN,6865,0789,070026,2,9,002607,2,9,32800,32768,00000,00000
BCN,6866,0789,070026,2,9,002607,2,9,32800,32768,00000,00000
BCN,6867,0860,070026,2,9,002607,2,9,32800,32768,00000,00000
BCN,6868,0858,070026,2,9,002607,2,9,32800,32768,00000,00000
BCN,6869,0859,070026,2,9,002607,2,9,32800,32768,00000,00000
BCN,6870,0783,063817,2,8,002774,2,9,32800,32768,00000,00000
BCN,6871,0859,063817,2,8,002774,2,9,32800,32768,00000,00000
BCN,6872,0861,063817,2,8,002774,2,9,32800,32768,00000,00000
BCN,6873,0858,063817,2,8,002774,2,9,32800,32768,00000,00000
BCN,6874,0779,063817,2,8,002774,2,9,32800,32768,00000,00000
BCN,6875,0859,063817,2,8,002774,2,9,32800,32768,00000,00000
BCN,6876,0863,066086,2,9,002743,2,9,32800,32768,00000,00000
BCN,6877,0860,066086,2,9,002743,2,9,32800,32768,00000,00000
BCN,6878,0779,066086,2,9,002743,2,9,32800,32768,00000,00000
BCN,6879,0776,066086,2,9,002743,2,9,32800,32768,00000,00000
BCN,6880,0779,066086,2,9,002743,2,9,32800,32768,00000,00000
BCN,6881,0776,066086,2,9,002743,2,9,32800,32768,00000,00000
BCN,6882,0863,066086,2,9,002743,2,9,32800,32768,00000,00000
BCN,6883,0860,060046,2,8,002680,2,9,32799,32768,00000,00000
BCN,6884,0862,060046,2,8,002680,2,9,32799,32768,00000,00000
BCN,6885,0860,060046,2,8,002680,2,9,32799,32768,00000,00000
BCN,6886,0848,060046,2,8,002680,2,9,32799,32768,00000,00000
BCN,6887,0776,060046,2,8,002680,2,9,32799,32768,00000,00000
BCN,6888,0828,060046,2,8,002680,2,9,32799,32768,00000,00000
BCN,6889,0860,064012,2,8,002521,2,8,32800,32768,00000,00000
BCN,6890,0844,064012,2,8,002521,2,8,32800,32768,00000,00000
BCN,6891,0845,064012,2,8,002521,2,8,32800,32768,00000,00000
BCN,6892,0863,064012,2,8,002521,2,8,32800,32768,00000,00000
BCN,6893,0776,064012,2,8,002521,2,8,32800,32768,00000,00000
BCN,6894,0779,064012,2,8,002521,2,8,32800,32768,00000,00000
BCN,6895,0855,064090,2,8,002388,2,8,32800,32767,00000,00000
BCN,6896,0779,064090,2,8,002388,2,8,32800,32767,00000,00000
BCN,6897,0776,064090,2,8,002388,2,8,32800,32767,00000,00000
BCN,6898,0863,064090,2,8,002388,2,8,32800,32767,00000,00000
BCN,6899,0779,064090,2,8,002388,2,8,32800,32767,00000,00000
BCN,6900,0781,064090,2,8,002388,2,8,32800,32767,00000,00000
BCN,6901,0776,063999,2,8,002623,2,9,32799,32768,00000,00000
BCN,6902,0780,063999,2,8,002623,2,9,32799,32768,00000,00000
BCN,6903,0777,063999,2,8,002623,2,9,32799,32768,00000,00000
BCN,6904,0863,063999,2,8,002623,2,9,32799,32768,00000,00000
BCN,6905,0860,063999,2,8,002623,2,9,32799,32768,00000,00000
BCN,6906,0863,063999,2,8,002623,2,9,32799,32768,00000,00000
BCN,6907,0777,059838,2,8,002720,2,9,32799,32768,00000,00000
BCN,6908,0863,059838,2,8,002720,2,9,32799,32768,00000,00000
BCN,6909,0860,059838,2,8,002720,2,9,32799,32768,00000,00000
BCN,6910,0863,059838,2,8,002720,2,9,32799,32768,00000,00000
BCN,6911,0776,059838,2,8,002720,2,9,32799,32768,00000,00000
BCN,6912,0863,059838,2,8,002720,2,9,32799,32768,00000,00000
BCN,6913,0839,070078,2,9,002762,2,9,32800,32768,00000,00000
BCN,6914,0863,070078,2,9,002762,2,9,32800,32768,00000,00000
BCN,6915,0828,070078,2,9,002762,2,9,32800,32768,00000,00000
BCN,6916,0838,070078,2,9,002762,2,9,32800,32768,00000,00000
BCN,6917,0776,070078,2,9,002762,2,9,32800,32768,00000,00000
BCN,6918,0849,070078,2,9,002762,2,9,32800,32768,00000,00000
BCN,6919,0860,070078,2,9,002762,2,9,32800,32768,00000,00000
BCN,6920,0863,063869,2,8,002705,2,9,32800,32768,00000,00000
BCN,6921,0783,063869,2,8,002705,2,9,32800,32768,00000,00000
BCN,6922,0784,063869,2,8,002705,2,9,32800,32768,00000,00000
BCN,6923,0781,063869,2,8,002705,2,9,32800,32768,00000,00000
BCN,6924,0779,063869,2,8,002705,2,9,32800,32768,00000,00000
BCN,6925,0858,063869,2,8,002705,2,9,32800,32768,00000,00000
BCN,6926,0862,063986,2,8,002605,2,9,32800,32768,00000,00000
BCN,6927,0859,063986,2,8,002605,2,9,32800,32768,00000,00000
BCN,6928,0862,063986,2,8,002605,2,9,32800,32768,00000,00000
BCN,6929,0860,063986,2,8,002605,2,9,32800,32768,00000,00000
BCN,6930,0779,063986,2,8,002605,2,9,32800,32768,00000,00000
BCN,6931,0776,063986,2,8,002605,2,9,32800,32768,00000,00000
BCN,6932,0862,060007,2,8,002432,2,8,32799,32768,00000,00000
BCN,6933,0776,060007,2,8,002432,2,8,32799,32768,00000,00000
BCN,6934,0779,060007,2,8,002432,2,8,32799,32768,00000,00000
BCN,6935,0860,060007,2,8,002432,2,8,32799,32768,00000,00000
BCN,6936,0779,060007,2,8,002432,2,8,32799,32768,00000,00000
BCN,6937,0776,060007,2,8,002432,2,8,32799,32768,00000,00000
BCN,6938,0779,063986,2,8,002492,2,8,32800,32767,00000,00000
BCN,6939,0776,063986,2,8,002492,2,8,32800,32767,00000,00000
BCN,6940,0779,063986,2,8,002492,2,8,32800,32767,00000,00000
BCN,6941,0860,063986,2,8,002492,2,8,32800,32767,00000,00000
BCN,6942,0813,063986,2,8,002492,2,8,32800,32767,00000,00000
BCN,6943,0802,063986,2,8,002492,2,8,32800,32767,00000,00000
BCN,6944,0779,066203,2,9,002628,2,9,32800,32768,00000,00000
BCN,6945,0791,066203,2,9,002628,2,9,32800,32768,00000,00000
BCN,6946,0790,066203,2,9,002628,2,9,32800,32768,00000,00000
BCN,6947,0860,066203,2,9,002628,2,9,32800,32768,00000,00000
BCN,6948,0857,066203,2,9,002628,2,9,32800,32768,00000,00000
BCN,6949,0860,066203,2,9,002628,2,9,32800,32768,00000,00000
BCN,6950,0783,062094,2,8,002754,2,9,32799,32768,00000,00000
BCN,6951,0860,062094,2,8,002754,2,9,32799,32768,00000,00000
BCN,6952,0861,062094,2,8,002754,2,9,32799,32768,00000,00000
BCN,6953,0858,062094,2,8,002754,2,9,32799,32768,00000,00000
BCN,6954,0779,062094,2,8,002754,2,9,32799,32768,00000,00000
BCN,6955,0859,062094,2,8,002754,2,9,32799,32768,00000,00000
BCN,6956,0863,062094,2,8,002754,2,9,32799,32768,00000,00000
BCN,6957,0861,064012,2,8,002745,2,9,32800,32768,00000,00000
BCN,6958,0779,064012,2,8,002745,2,9,32800,32768,00000,00000
BCN,6959,0777,064012,2,8,002745,2,9,32800,32768,00000,00000
BCN,6960,0779,064012,2,8,002745,2,9,32800,32768,00000,00000
BCN,6961,0776,064012,2,8,002745,2,9,32800,32768,00000,00000
BCN,6962,0863,064012,2,8,002745,2,9,32800,32768,00000,00000
BCN,6963,0861,064090,2,8,002701,2,9,32800,32768,00000,00000
BCN,6964,0863,064090,2,8,002701,2,9,32800,32768,00000,00000
BCN,6965,0861,064090,2,8,002701,2,9,32800,32768,00000,00000
BCN,6966,0852,064090,2,8,002701,2,9,32800,32768,00000,00000
BCN,6967,0776,064090,2,8,002701,2,9,32800,32768,00000,00000
BCN,6968,0826,064090,2,8,002701,2,9,32800,32768,00000,00000
BCN,6969,0861,064012,2,8,002558,2,9,32799,32768,00000,00000
BCN,6970,0842,064012,2,8,002558,2,9,32799,32768,00000,00000
BCN,6971,0845,064012,2,8,002558,2,9,32799,32768,00000,00000
BCN,6972,0863,064012,2,8,002558,2,9,32799,32768,00000,00000
BCN,6973,0777,064012,2,8,002558,2,9,32799,32768,00000,00000
BCN,6974,0779,064012,2,8,002558,2,9,32799,32768,00000,00000
BCN,6975,0855,059838,2,8,002367,2,8,32799,32767,00000,00000
BCN,6976,0779,059838,2,8,002367,2,8,32799,32767,00000,00000
BCN,6977,0776,059838,2,8,002367,2,8,32799,32767,00000,00000
BCN,6978,0862,059838,2,8,002367,2,8,32799,32767,00000,00000
BCN,6979,0779,059838,2,8,002367,2,8,32799,32767,00000,00000
BCN,6980,0781,059838,2,8,002367,2,8,32799,32767,00000,00000
BCN,6981,0776,070078,2,9,002626,2,9,32800,32768,00000,00000
BCN,6982,0780,070078,2,9,002626,2,9,32800,32768,00000,00000
BCN,6983,0777,070078,2,9,002626,2,9,32800,32768,00000,00000
BCN,6984,0863,070078,2,9,002626,2,9,32800,32768,00000,00000
BCN,6985,0860,070078,2,9,002626,2,9,32800,32768,00000,00000
BCN,6986,0862,070078,2,9,002626,2,9,32800,32768,00000,00000
BCN,6987,0777,063869,2,8,002725,2,9,32800,32768,00000,00000
BCN,6988,0863,063869,2,8,002725,2,9,32800,32768,00000,00000
BCN,6989,0860,063869,2,8,002725,2,9,32800,32768,00000,00000
BCN,6990,0863,063869,2,8,002725,2,9,32800,32768,00000,00000
BCN,6991,0776,063869,2,8,002725,2,9,32800,32768,00000,00000
BCN,6992,0862,063869,2,8,002725,2,9,32800,32768,00000,00000
BCN,6993,0837,063869,2,8,002725,2,9,32800,32768,00000,00000
BCN,6994,0863,065930,2,9,002767,2,9,32800,32768,00000,00000
BCN,6995,0829,065930,2,9,002767,2,9,32800,32768,00000,00000
BCN,6996,0839,065930,2,9,002767,2,9,32800,32768,00000,00000
BCN,6997,0776,065930,2,9,002767,2,9,32800,32768,00000,00000
BCN,6998,0849,065930,2,9,002767,2,9,32800,32768,00000,00000
BCN,6999,0860,065930,2,9,002767,2,9,32800,32768,00000,00000
BCN,7000,0863,061847,2,8,002708,2,9,32800,32768,00000,00000
BCN,7001,0783,061847,2,8,002708,2,9,32800,32768,00000,00000
BCN,7002,0784,061847,2,8,002708,2,9,32800,32768,00000,00000
BCN,7003,0781,061847,2,8,002708,2,9,32800,32768,00000,00000
BCN,7004,0778,061847,2,8,002708,2,9,32800,32768,00000,00000
BCN,7005,0859,061847,2,8,002708,2,9,32800,32768,00000,00000
BCN,7006,0862,065995,2,9,002604,2,9,32799,32768,00000,00000
BCN,7007,0859,065995,2,9,002604,2,9,32799,32768,00000,00000
BCN,7008,0861,065995,2,9,002604,2,9,32799,32768,00000,00000
BCN,7009,0861,065995,2,9,002604,2,9,32799,32768,00000,00000
BCN,7010,0778,065995,2,9,002604,2,9,32799,32768,00000,00000
BCN,7011,0776,065995,2,9,002604,2,9,32799,32768,00000,00000
BCN,7012,0863,066216,2,9,002434,2,8,32799,32768,00000,00000
BCN,7013,0776,066216,2,9,002434,2,8,32799,32768,00000,00000
BCN,7014,0778,066216,2,9,002434,2,8,32799,32768,00000,00000
BCN,7015,0861,066216,2,9,002434,2,8,32799,32768,00000,00000
BCN,7016,0779,066216,2,9,002434,2,8,32799,32768,00000,00000
BCN,7017,0777,066216,2,9,002434,2,8,32799,32768,00000,00000
BCN,7018,0778,072399,2,9,002495,2,8,32800,32767,00000,00000
BCN,7019,0776,072399,2,9,002495,2,8,32800,32767,00000,00000
BCN,7020,0778,072399,2,9,002495,2,8,32800,32767,00000,00000
BCN,7021,0861,072399,2,9,002495,2,8,32800,32767,00000,00000
BCN,7022,0813,072399,2,9,002495,2,8,32800,32767,00000,00000
BCN,7023,0802,072399,2,9,002495,2,8,32800,32767,00000,00000
BCN,7024,0778,068160,2,9,002636,2,9,32800,32768,00000,00000
BCN,7025,0791,068160,2,9,002636,2,9,32800,32768,00000,00000
BCN,7026,0790,068160,2,9,002636,2,9,32800,32768,00000,00000
BCN,7027,0861,068160,2,9,002636,2,9,32800,32768,00000,00000
BCN,7028,0857,068160,2,9,002636,2,9,32800,32768,00000,00000
BCN,7029,0861,068160,2,9,002636,2,9,32800,32768,00000,00000
BCN,7030,0782,068160,2,9,002636,2,9,32800,32768,00000,00000
BCN,7031,0861,066268,2,9,002761,2,9,32800,32768,00000,00000
BCN,7032,0861,066268,2,9,002761,2,9,32800,32768,00000,00000
BCN,7033,0859,066268,2,9,002761,2,9,32800,32768,00000,00000
BCN,7034,0778,066268,2,9,002761,2,9,32800,32768,00000,00000
BCN,7035,0860,066268,2,9,002761,2,9,32800,32768,00000,00000
BCN,7036,0863,066268,2,9,002761,2,9,32800,32768,00000,00000
BCN,7037,0861,064103,2,8,002753,2,9,32799,32768,00000,00000
BCN,7038,0779,064103,2,8,002753,2,9,32799,32768,00000,00000
BCN,7039,0777,064103,2,8,002753,2,9,32799,32768,00000,00000
BCN,7040,0779,064103,2,8,002753,2,9,32799,32768,00000,00000
BCN,7041,0776,064103,2,8,002753,2,9,32799,32768,00000,00000
BCN,7042,0862,064103,2,8,002753,2,9,32799,32768,00000,00000
BCN,7043,0861,061834,2,8,002700,2,9,32800,32768,00000,00000
BCN,7044,0862,061834,2,8,002700,2,9,32800,32768,00000,00000
BCN,7045,0858,061834,2,8,002700,2,9,32800,32768,00000,00000
BCN,7046,0842,061834,2,8,002700,2,9,32800,32768,00000,00000
BCN,7047,0776,061834,2,8,002700,2,9,32800,32768,00000,00000
BCN,7048,0831,061834,2,8,002700,2,9,32800,32768,00000,00000
BCN,7049,0861,061834,2,8,002508,2,8,32800,32768,00000,00000
BCN,7050,0845,061834,2,8,002508,2,8,32800,32768,00000,00000
BCN,7051,0847,061834,2,8,002508,2,8,32800,32768,00000,00000
BCN,7052,0862,061834,2,8,002508,2,8,32800,32768,00000,00000
BCN,7053,0776,061834,2,8,002508,2,8,32800,32768,00000,00000
BCN,7054,0778,061834,2,8,002508,2,8,32800,32768,00000,00000
BCN,7055,0856,063856,2,8,002458,2,8,32799,32767,00000,00000
BCN,7056,0778,063856,2,8,002458,2,8,32799,32767,00000,00000
BCN,7057,0776,063856,2,8,002458,2,8,32799,32767,00000,00000
BCN,7058,0863,063856,2,8,002458,2,8,32799,32767,00000,00000
BCN,7059,0778,063856,2,8,002458,2,8,32799,32767,00000,00000
BCN,7060,0780,063856,2,8,002458,2,8,32799,32767,00000,00000
BCN,7061,0776,059721,2,8,002629,2,9,32799,32768,00000,00000
BCN,7062,0779,059721,2,8,002629,2,9,32799,32768,00000,00000
BCN,7063,0777,059721,2,8,002629,2,9,32799,32768,00000,00000
BCN,7064,0862,059721,2,8,002629,2,9,32799,32768,00000,00000
BCN,7065,0860,059721,2,8,002629,2,9,32799,32768,00000,00000
BCN,7066,0863,059721,2,8,002629,2,9,32799,32768,00000,00000
BCN,7067,0777,059721,2,8,002629,2,9,32799,32768,00000,00000
BCN,7068,0862,070000,2,9,002753,2,9,32800,32768,00000,00000
BCN,7069,0861,070000,2,9,002753,2,9,32800,32768,00000,00000
BCN,7070,0863,070000,2,9,002753,2,9,32800,32768,00000,00000
BCN,7071,0776,070000,2,9,002753,2,9,32800,32768,00000,00000
BCN,7072,0863,070000,2,9,002753,2,9,32800,32768,00000,00000
BCN,7073,0824,070000,2,9,002753,2,9,32800,32768,00000,00000
BCN,7074,0862,063804,2,8,002762,2,9,32800,32768,00000,00000
BCN,7075,0836,063804,2,8,002762,2,9,32800,32768,00000,00000
BCN,7076,0844,063804,2,8,002762,2,9,32800,32768,00000,00000
BCN,7077,0776,063804,2,8,002762,2,9,32800,32768,00000,00000
BCN,7078,0852,063804,2,8,002762,2,9,32800,32768,00000,00000
BCN,7079,0860,063804,2,8,002762,2,9,32800,32768,00000,00000
BCN,7080,0863,067835,2,9,002683,2,9,32800,32768,00000,00000
BCN,7081,0782,067835,2,9,002683,2,9,32800,32768,00000,00000
BCN,7082,0783,067835,2,9,002683,2,9,32800,32768,00000,00000
BCN,7083,0779,067835,2,9,002683,2,9,32800,32768,00000,00000
BCN,7084,0778,067835,2,9,002683,2,9,32800,32768,00000,00000
BCN,7085,0859,067835,2,9,002683,2,9,32800,32768,00000,00000
BCN,7086,0863,061730,2,8,002489,2,8,32800,32768,00000,00000
BCN,7087,0860,061730,2,8,002489,2,8,32800,32768,00000,00000
BCN,7088,0862,061730,2,8,002489,2,8,32800,32768,00000,00000
BCN,7089,0860,061730,2,8,002489,2,8,32800,32768,00000,00000
BCN,7090,0778,061730,2,8,002489,2,8,32800,32768,00000,00000
BCN,7091,0776,061730,2,8,002489,2,8,32800,32768,00000,00000
BCN,7092,0863,065917,2,9,002439,2,8,32799,32767,00000,00000
BCN,7093,0776,065917,2,9,002439,2,8,32799,32767,00000,00000
BCN,7094,0778,065917,2,9,002439,2,8,32799,32767,00000,00000
BCN,7095,0861,065917,2,9,002439,2,8,32799,32767,00000,00000
BCN,7096,0779,065917,2,9,002439,2,8,32799,32767,00000,00000
BCN,7097,0777,065917,2,9,002439,2,8,32799,32767,00000,00000
BCN,7098,0809,066164,2,9,002651,2,9,32799,32768,00000,00000
BCN,7099,0776,066164,2,9,002651,2,9,32799,32768,00000,00000
BCN,7100,0778,066164,2,9,002651,2,9,32799,32768,00000,00000
BCN,7101,0861,066164,2,9,002651,2,9,32799,32768,00000,00000
BCN,7102,0798,066164,2,9,002651,2,9,32799,32768,00000,00000
BCN,7103,0791,066164,2,9,002651,2,9,32799,32768,00000,00000
BCN,7104,0779,066164,2,9,002651,2,9,32799,32768,00000,00000
BCN,7105,0785,072360,2,9,002772,2,9,32800,32768,00000,00000
BCN,7106,0785,072360,2,9,002772,2,9,32800,32768,00000,00000
BCN,7107,0861,072360,2,9,002772,2,9,32800,32768,00000,00000
BCN,7108,0860,072360,2,9,002772,2,9,32800,32768,00000,00000
BCN,7109,0861,072360,2,9,002772,2,9,32800,32768,00000,00000
BCN,7110,0781,072360,2,9,002772,2,9,32800,32768,00000,00000
BCN,7111,0861,068121,2,9,002748,2,9,32800,32768,00000,00000
BCN,7112,0862,068121,2,9,002748,2,9,32800,32768,00000,00000
BCN,7113,0860,068121,2,9,002748,2,9,32800,32768,00000,00000
BCN,7114,0779,068121,2,9,002748,2,9,32800,32768,00000,00000
BCN,7115,0861,068121,2,9,002748,2,9,32800,32768,00000,00000
BCN,7116,0863,068121,2,9,002748,2,9,32800,32768,00000,00000
BCN,7117,0862,066242,2,9,002634,2,9,32800,32768,00000,00000
BCN,7118,0779,066242,2,9,002634,2,9,32800,32768,00000,00000
BCN,7119,0777,066242,2,9,002634,2,9,32800,32768,00000,00000
BCN,7120,0778,066242,2,9,002634,2,9,32800,32768,00000,00000
BCN,7121,0776,066242,2,9,002634,2,9,32800,32768,00000,00000
BCN,7122,0864,066242,2,9,002634,2,9,32800,32768,00000,00000
BCN,7123,0862,064090,2,8,002461,2,8,32799,32768,00000,00000
BCN,7124,0840,064090,2,8,002461,2,8,32799,32768,00000,00000
BCN,7125,0822,064090,2,8,002461,2,8,32799,32768,00000,00000
BCN,7126,0813,064090,2,8,002461,2,8,32799,32768,00000,00000
BCN,7127,0775,064090,2,8,002461,2,8,32799,32768,00000,00000
BCN,7128,0846,064090,2,8,002461,2,8,32799,32768,00000,00000
BCN,7129,0862,061821,2,8,002550,2,8,32800,32767,00000,00000
BCN,7130,0854,061821,2,8,002550,2,8,32800,32767,00000,00000
BCN,7131,0855,061821,2,8,002550,2,8,32800,32767,00000,00000
BCN,7132,0865,061821,2,8,002550,2,8,32800,32767,00000,00000
BCN,7133,0775,061821,2,8,002550,2,8,32800,32767,00000,00000
BCN,7134,0777,061821,2,8,002550,2,8,32800,32767,00000,00000
BCN,7135,0861,061821,2,8,002716,2,9,32800,32768,00000,00000
BCN,7136,0777,061821,2,8,002716,2,9,32800,32768,00000,00000
BCN,7137,0775,061821,2,8,002716,2,9,32800,32768,00000,00000
BCN,7138,0866,061821,2,8,002716,2,9,32800,32768,00000,00000
BCN,7139,0776,061821,2,8,002716,2,9,32800,32768,00000,00000
BCN,7140,0779,061821,2,8,002716,2,9,32800,32768,00000,00000
BCN,7141,0775,061821,2,8,002716,2,9,32800,32768,00000,00000
BCN,7142,0778,063843,2,8,002891,2,9,32799,32768,00000,00000
BCN,7143,0776,063843,2,8,002891,2,9,32799,32768,00000,00000
BCN,7144,0867,063843,2,8,002891,2,9,32799,32768,00000,00000
BCN,7145,0865,063843,2,8,002891,2,9,32799,32768,00000,00000
BCN,7146,0867,063843,2,8,002891,2,9,32799,32768,00000,00000
BCN,7147,0776,063843,2,8,002891,2,9,32799,32768,00000,00000
BCN,7148,0867,061873,2,8,002902,2,9,32799,32768,00000,00000
BCN,7149,0860,061873,2,8,002902,2,9,32799,32768,00000,00000
BCN,7150,0867,061873,2,8,002902,2,9,32799,32768,00000,00000
BCN,7151,0821,061873,2,8,002902,2,9,32799,32768,00000,00000
BCN,7152,0867,061873,2,8,002902,2,9,32799,32768,00000,00000
BCN,7153,0805,061873,2,8,002902,2,9,32799,32768,00000,00000
BCN,7154,0868,072204,2,9,002814,2,9,32800,32768,00000,00000
BCN,7155,0851,072204,2,9,002814,2,9,32800,32768,00000,00000
BCN,7156,0857,072204,2,9,002814,2,9,32800,32768,00000,00000
BCN,7157,0776,072204,2,9,002814,2,9,32800,32768,00000,00000
BCN,7158,0861,072204,2,9,002814,2,9,32800,32768,00000,00000
BCN,7159,0866,072204,2,9,002814,2,9,32800,32768,00000,00000
BCN,7160,0868,068017,2,9,002631,2,8,32800,32768,00000,00000
BCN,7161,0779,068017,2,9,002631,2,8,32800,32768,00000,00000
BCN,7162,0780,068017,2,9,002631,2,8,32800,32768,00000,00000
BCN,7163,0778,068017,2,9,002631,2,8,32800,32768,00000,00000
BCN,7164,0778,068017,2,9,002631,2,8,32800,32768,00000,00000
BCN,7165,0865,068017,2,9,002631,2,8,32800,32768,00000,00000
BCN,7166,0869,066164,2,9,002628,2,8,32800,32767,00000,00000
BCN,7167,0865,066164,2,9,002628,2,8,32800,32767,00000,00000
BCN,7168,0868,066164,2,9,002628,2,8,32800,32767,00000,00000
BCN,7169,0866,066164,2,9,002628,2,8,32800,32767,00000,00000
BCN,7170,0778,066164,2,9,002628,2,8,32800,32767,00000,00000
BCN,7171,0775,066164,2,9,002628,2,8,32800,32767,00000,00000
BCN,7172,0868,060098,2,8,002828,2,9,32799,32768,00000,00000
BCN,7173,0775,060098,2,8,002828,2,9,32799,32768,00000,00000
BCN,7174,0777,060098,2,8,002828,2,9,32799,32768,00000,00000
BCN,7175,0867,060098,2,8,002828,2,9,32799,32768,00000,00000
BCN,7176,0778,060098,2,8,002828,2,9,32799,32768,00000,00000
BCN,7177,0775,060098,2,8,002828,2,9,32799,32768,00000,00000
BCN,7178,0829,060098,2,8,002828,2,9,32799,32768,00000,00000
BCN,7179,0775,064051,2,8,002980,2,9,32800,32768,00000,00000
BCN,7180,0777,064051,2,8,002980,2,9,32800,32768,00000,00000
BCN,7181,0866,064051,2,8,002980,2,9,32800,32768,00000,00000
BCN,7182,0792,064051,2,8,002980,2,9,32800,32768,00000,00000
BCN,7183,0786,064051,2,8,002980,2,9,32800,32768,00000,00000
BCN,7184,0778,064051,2,8,002980,2,9,32800,32768,00000,00000
BCN,7185,0782,066255,2,9,003000,2,9,32800,32768,00000,00000
BCN,7186,0783,066255,2,9,003000,2,9,32800,32768,00000,00000
BCN,7187,0867,066255,2,9,003000,2,9,32800,32768,00000,00000
BCN,7188,0867,066255,2,9,003000,2,9,32800,32768,00000,00000
BCN,7189,0866,066255,2,9,003000,2,9,32800,32768,00000,00000
BCN,7190,0779,066255,2,9,003000,2,9,32800,32768,00000,00000
BCN,7191,0867,062133,2,8,002956,2,9,32799,32768,00000,00000
BCN,7192,0868,062133,2,8,002956,2,9,32799,32768,00000,00000
BCN,7193,0867,062133,2,8,002956,2,9,32799,32768,00000,00000
BCN,7194,0777,062133,2,8,002956,2,9,32799,32768,00000,00000
BCN,7195,0868,062133,2,8,002956,2,9,32799,32768,00000,00000
BCN,7196,0871,062133,2,8,002956,2,9,32799,32768,00000,00000
BCN,7197,0868,061886,2,8,002761,2,8,32800,32768,00000,00000
BCN,7198,0777,061886,2,8,002761,2,8,32800,32768,00000,00000
BCN,7199,0775,061886,2,8,002761,2,8,32800,32768,00000,00000
BCN,7200,0777,061886,2,8,002761,2,8,32800,32768,00000,00000
BCN,7201,0775,061886,2,8,002761,2,8,32800,32768,00000,00000
BCN,7202,0869,061886,2,8,002761,2,8,32800,32768,00000,00000
BCN,7203,0867,064025,2,8,002643,2,8,32800,32767,00000,00000
BCN,7204,0825,064025,2,8,002643,2,8,32800,32767,00000,00000
BCN,7205,0811,064025,2,8,002643,2,8,32800,32767,00000,00000
BCN,7206,0805,064025,2,8,002643,2,8,32800,32767,00000,00000
BCN,7207,0774,064025,2,8,002643,2,8,32800,32767,00000,00000
BCN,7208,0856,064025,2,8,002643,2,8,32800,32767,00000,00000
BCN,7209,0867,063960,2,8,002911,2,9,32799,32768,00000,00000
BCN,7210,0861,063960,2,8,002911,2,9,32799,32768,00000,00000
BCN,7211,0860,063960,2,8,002911,2,9,32799,32768,00000,00000
BCN,7212,0869,063960,2,8,002911,2,9,32799,32768,00000,00000
BCN,7213,0774,063960,2,8,002911,2,9,32799,32768,00000,00000
BCN,7214,0777,063960,2,8,002911,2,9,32799,32768,00000,00000
BCN,7215,0866,063960,2,8,002911,2,9,32799,32768,00000,00000
BCN,7216,0777,061730,2,8,003009,2,9,32800,32768,00000,00000
BCN,7217,0775,061730,2,8,003009,2,9,32800,32768,00000,00000
BCN,7218,0870,061730,2,8,003009,2,9,32800,32768,00000,00000
BCN,7219,0775,061730,2,8,003009,2,9,32800,32768,00000,00000
BCN,7220,0778,061730,2,8,003009,2,9,32800,32768,00000,00000
BCN,7221,0774,061730,2,8,003009,2,9,32800,32768,00000,00000
BCN,7222,0778,061756,2,8,003034,2,9,32800,32768,00000,00000
BCN,7223,0775,061756,2,8,003034,2,9,32800,32768,00000,00000
BCN,7224,0870,061756,2,8,003034,2,9,32800,32768,00000,00000
BCN,7225,0867,061756,2,8,003034,2,9,32800,32768,00000,00000
BCN,7226,0871,061756,2,8,003034,2,9,32800,32768,00000,00000
BCN,7227,0775,061756,2,8,003034,2,9,32800,32768,00000,00000
BCN,7228,0864,063791,2,8,002936,2,9,32799,32768,00000,00000
BCN,7229,0841,063791,2,8,002936,2,9,32799,32768,00000,00000
BCN,7230,0869,063791,2,8,002936,2,9,32799,32768,00000,00000
BCN,7231,0832,063791,2,8,002936,2,9,32799,32768,00000,00000
BCN,7232,0869,063791,2,8,002936,2,9,32799,32768,00000,00000
BCN,7233,0797,063791,2,8,002936,2,9,32799,32768,00000,00000
BCN,7234,0870,059682,2,8,002790,2,9,32799,32768,00000,00000
BCN,7235,0856,059682,2,8,002790,2,9,32799,32768,00000,00000
BCN,7236,0862,059682,2,8,002790,2,9,32799,32768,00000,00000
BCN,7237,0775,059682,2,8,002790,2,9,32799,32768,00000,00000
BCN,7238,0865,059682,2,8,002790,2,9,32799,32768,00000,00000
BCN,7239,0866,059682,2,8,002790,2,9,32799,32768,00000,00000
BCN,7240,0869,069961,2,9,002595,2,8,32800,32767,00000,00000
BCN,7241,0777,069961,2,9,002595,2,8,32800,32767,00000,00000
BCN,7242,0780,069961,2,9,002595,2,8,32800,32767,00000,00000
BCN,7243,0776,069961,2,9,002595,2,8,32800,32767,00000,00000
BCN,7244,0778,069961,2,9,002595,2,8,32800,32767,00000,00000
BCN,7245,0866,069961,2,9,002595,2,8,32800,32767,00000,00000
BCN,7246,0870,065917,2,9,002874,2,9,32800,32768,00000,00000
BCN,7247,0866,065917,2,9,002874,2,9,32800,32768,00000,00000
BCN,7248,0869,065917,2,9,002874,2,9,32800,32768,00000,00000
BCN,7249,0867,065917,2,9,002874,2,9,32800,32768,00000,00000
BCN,7250,0778,065917,2,9,002874,2,9,32800,32768,00000,00000
BCN,7251,0774,065917,2,9,002874,2,9,32800,32768,00000,00000
BCN,7252,0870,065917,2,9,002874,2,9,32800,32768,00000,00000
BCN,7253,0775,066112,2,9,002977,2,9,32800,32768,00000,00000
BCN,7254,0778,066112,2,9,002977,2,9,32800,32768,00000,00000
BCN,7255,0867,066112,2,9,002977,2,9,32800,32768,00000,00000
BCN,7256,0778,066112,2,9,002977,2,9,32800,32768,00000,00000
BCN,7257,0775,066112,2,9,002977,2,9,32800,32768,00000,00000
BCN,7258,0839,066112,2,9,002977,2,9,32800,32768,00000,00000
BCN,7259,0775,060072,2,8,003029,2,9,32799,32768,00000,00000
BCN,7260,0778,060072,2,8,003029,2,9,32799,32768,00000,00000
BCN,7261,0867,060072,2,8,003029,2,9,32799,32768,00000,00000
BCN,7262,0790,060072,2,8,003029,2,9,32799,32768,00000,00000
BCN,7263,0784,060072,2,8,003029,2,9,32799,32768,00000,00000
BCN,7264,0778,060072,2,8,003029,2,9,32799,32768,00000,00000
BCN,7265,0780,061873,2,8,002984,2,9,32800,32768,00000,00000
BCN,7266,0782,061873,2,8,002984,2,9,32800,32768,00000,00000
BCN,7267,0867,061873,2,8,002984,2,9,32800,32768,00000,00000
BCN,7268,0868,061873,2,8,002984,2,9,32800,32768,00000,00000
BCN,7269,0867,061873,2,8,002984,2,9,32800,32768,00000,00000
BCN,7270,0779,061873,2,8,002984,2,9,32800,32768,00000,00000
BCN,7271,0867,061873,2,8,002890,2,9,32800,32768,00000,00000
BCN,7272,0869,061873,2,8,002890,2,9,32800,32768,00000,00000
BCN,7273,0866,061873,2,8,002890,2,9,32800,32768,00000,00000
BCN,7274,0778,061873,2,8,002890,2,9,32800,32768,00000,00000
BCN,7275,0867,061873,2,8,002890,2,9,32800,32768,00000,00000
BCN,7276,0870,061873,2,8,002890,2,9,32800,32768,00000,00000
BCN,7277,0867,063882,2,8,002695,2,8,32799,32768,00000,00000
BCN,7278,0778,063882,2,8,002695,2,8,32799,32768,00000,00000
BCN,7279,0775,063882,2,8,002695,2,8,32799,32768,00000,00000
BCN,7280,0778,063882,2,8,002695,2,8,32799,32768,00000,00000
BCN,7281,0775,063882,2,8,002695,2,8,32799,32768,00000,00000
BCN,7282,0870,063882,2,8,002695,2,8,32799,32768,00000,00000
BCN,7283,0867,059747,2,8,002688,2,8,32799,32767,00000,00000
BCN,7284,0821,059747,2,8,002688,2,8,32799,32767,00000,00000
BCN,7285,0807,059747,2,8,002688,2,8,32799,32767,00000,00000
BCN,7286,0803,059747,2,8,002688,2,8,32799,32767,00000,00000
BCN,7287,0774,059747,2,8,002688,2,8,32799,32767,00000,00000
BCN,7288,0858,059747,2,8,002688,2,8,32799,32767,00000,00000
BCN,7289,0867,059747,2,8,002688,2,8,32799,32767,00000,00000
BCN,7290,0863,070013,2,9,002896,2,9,32800,32768,00000,00000
BCN,7291,0862,070013,2,9,002896,2,9,32800,32768,00000,00000
BCN,7292,0870,070013,2,9,002896,2,9,32800,32768,00000,00000
BCN,7293,0774,070013,2,9,002896,2,9,32800,32768,00000,00000
BCN,7294,0778,070013,2,9,002896,2,9,32800,32768,00000,00000
BCN,7295,0865,070013,2,9,002896,2,9,32800,32768,00000,00000
BCN,7296,0778,065943,2,9,003023,2,9,32800,32768,00000,00000
BCN,7297,0774,065943,2,9,003023,2,9,32800,32768,00000,00000
BCN,7298,0870,065943,2,9,003023,2,9,32800,32768,00000,00000
BCN,7299,0775,065943,2,9,003023,2,9,32800,32768,00000,00000
BCN,7300,0778,065943,2,9,003023,2,9,32800,32768,00000,00000
BCN,7301,0774,065943,2,9,003023,2,9,32800,32768,00000,00000
BCN,7302,0778,066138,2,9,003017,2,9,32800,32768,00000,00000
BCN,7303,0775,066138,2,9,003017,2,9,32800,32768,00000,00000
BCN,7304,0870,066138,2,9,003017,2,9,32800,32768,00000,00000
BCN,7305,0867,066138,2,9,003017,2,9,32800,32768,00000,00000
BCN,7306,0870,066138,2,9,003017,2,9,32800,32768,00000,00000
BCN,7307,0775,066138,2,9,003017,2,9,32800,32768,00000,00000
BCN,7308,0858,060085,2,8,002929,2,9,32799,32768,00000,00000
BCN,7309,0836,060085,2,8,002929,2,9,32799,32768,00000,00000
BCN,7310,0870,060085,2,8,002929,2,9,32799,32768,00000,00000
BCN,7311,0835,060085,2,8,002929,2,9,32799,32768,00000,00000
BCN,7312,0870,060085,2,8,002929,2,9,32799,32768,00000,00000
BCN,7313,0796,060085,2,8,002929,2,9,32799,32768,00000,00000
BCN,7314,0870,064038,2,8,002766,2,8,32800,32768,00000,00000
BCN,7315,0856,064038,2,8,002766,2,8,32800,32768,00000,00000
BCN,7316,0862,064038,2,8,002766,2,8,32800,32768,00000,00000
BCN,7317,0775,064038,2,8,002766,2,8,32800,32768,00000,00000
BCN,7318,0866,064038,2,8,002766,2,8,32800,32768,00000,00000
BCN,7319,0867,064038,2,8,002766,2,8,32800,32768,00000,00000
BCN,7320,0871,066255,2,9,002612,2,8,32800,32767,00000,00000
BCN,7321,0777,066255,2,9,002612,2,8,32800,32767,00000,00000
BCN,7322,0780,066255,2,9,002612,2,8,32800,32767,00000,00000
BCN,7323,0776,066255,2,9,002612,2,8,32800,32767,00000,00000
BCN,7324,0778,066255,2,9,002612,2,8,32800,32767,00000,00000
BCN,7325,0866,066255,2,9,002612,2,8,32800,32767,00000,00000
BCN,7326,0871,066255,2,9,002612,2,8,32800,32767,00000,00000
BCN,7327,0867,064090,2,8,002901,2,9,32799,32768,00000,00000
BCN,7328,0870,064090,2,8,002901,2,9,32799,32768,00000,00000
BCN,7329,0867,064090,2,8,002901,2,9,32799,32768,00000,00000
BCN,7330,0778,064090,2,8,002901,2,9,32799,32768,00000,00000
BCN,7331,0774,064090,2,8,002901,2,9,32799,32768,00000,00000
BCN,7332,0871,064090,2,8,002901,2,9,32799,32768,00000,00000
BCN,7333,0774,061821,2,8,002996,2,9,32800,32768,00000,00000
BCN,7334,0778,061821,2,8,002996,2,9,32800,32768,00000,00000
BCN,7335,0867,061821,2,8,002996,2,9,32800,32768,00000,00000
BCN,7336,0778,061821,2,8,002996,2,9,32800,32768,00000,00000
BCN,7337,0775,061821,2,8,002996,2,9,32800,32768,00000,00000
BCN,7338,0831,061821,2,8,002996,2,9,32800,32768,00000,00000
BCN,7339,0775,061834,2,8,003038,2,9,32800,32768,00000,00000
BCN,7340,0778,061834,2,8,003038,2,9,32800,32768,00000,00000
BCN,7341,0867,061834,2,8,003038,2,9,32800,32768,00000,00000
BCN,7342,0793,061834,2,8,003038,2,9,32800,32768,00000,00000
BCN,7343,0786,061834,2,8,003038,2,9,32800,32768,00000,00000
BCN,7344,0778,061834,2,8,003038,2,9,32800,32768,00000,00000
BCN,7345,0782,063856,2,8,003042,2,9,32799,32768,00000,00000
BCN,7346,0783,063856,2,8,003042,2,9,32799,32768,00000,00000
BCN,7347,0867,063856,2,8,003042,2,9,32799,32768,00000,00000
BCN,7348,0868,063856,2,8,003042,2,9,32799,32768,00000,00000
BCN,7349,0866,063856,2,8,003042,2,9,32799,32768,00000,00000
BCN,7350,0780,063856,2,8,003042,2,9,32799,32768,00000,00000
BCN,7351,0867,059721,2,8,002971,2,9,32799,32768,00000,00000
BCN,7352,0869,059721,2,8,002971,2,9,32799,32768,00000,00000
BCN,7353,0866,059721,2,8,002971,2,9,32799,32768,00000,00000
BCN,7354,0778,059721,2,8,002971,2,9,32799,32768,00000,00000
BCN,7355,0867,059721,2,8,002971,2,9,32799,32768,00000,00000
BCN,7356,0871,059721,2,8,002971,2,9,32799,32768,00000,00000
BCN,7357,0867,070000,2,9,002833,2,9,32800,32768,00000,00000
BCN,7358,0778,070000,2,9,002833,2,9,32800,32768,00000,00000
BCN,7359,0775,070000,2,9,002833,2,9,32800,32768,00000,00000
BCN,7360,0778,070000,2,9,002833,2,9,32800,32768,00000,00000
BCN,7361,0774,070000,2,9,002833,2,9,32800,32768,00000,00000
BCN,7362,0870,070000,2,9,002833,2,9,32800,32768,00000,00000
BCN,7363,0867,070000,2,9,002833,2,9,32800,32768,00000,00000
BCN,7364,0846,065930,2,9,002676,2,8,32800,32768,00000,00000
BCN,7365,0827,065930,2,9,002676,2,8,32800,32768,00000,00000
BCN,7366,0818,065930,2,9,002676,2,8,32800,32768,00000,00000
BCN,7367,0774,065930,2,9,002676,2,8,32800,32768,00000,00000
BCN,7368,0850,065930,2,9,002676,2,8,32800,32768,00000,00000
BCN,7369,0866,065930,2,9,002676,2,8,32800,32768,00000,00000
BCN,7370,0858,063999,2,8,002714,2,8,32800,32767,00000,00000
BCN,7371,0857,063999,2,8,002714,2,8,32800,32767,00000,00000
BCN,7372,0870,063999,2,8,002714,2,8,32800,32767,00000,00000
BCN,7373,0774,063999,2,8,002714,2,8,32800,32767,00000,00000
BCN,7374,0778,063999,2,8,002714,2,8,32800,32767,00000,00000
BCN,7375,0864,063999,2,8,002714,2,8,32800,32767,00000,00000
BCN,7376,0778,060020,2,8,002878,2,9,32799,32768,00000,00000
BCN,7377,0775,060020,2,8,002878,2,9,32799,32768,00000,00000
BCN,7378,0871,060020,2,8,002878,2,9,32799,32768,00000,00000
BCN,7379,0776,060020,2,8,002878,2,9,32799,32768,00000,00000
BCN,7380,0779,060020,2,8,002878,2,9,32799,32768,00000,00000
BCN,7381,0774,060020,2,8,002878,2,9,32799,32768,00000,00000
BCN,7382,0779,063986,2,8,003022,2,9,32800,32768,00000,00000
BCN,7383,0775,063986,2,8,003022,2,9,32800,32768,00000,00000
BCN,7384,0871,063986,2,8,003022,2,9,32800,32768,00000,00000
BCN,7385,0867,063986,2,8,003022,2,9,32800,32768,00000,00000
BCN,7386,0871,063986,2,8,003022,2,9,32800,32768,00000,00000
BCN,7387,0775,063986,2,8,003022,2,9,32800,32768,00000,00000
BCN,7388,0870,066216,2,9,003035,2,9,32800,32768,00000,00000
BCN,7389,0866,066216,2,9,003035,2,9,32800,32768,00000,00000
BCN,7390,0870,066216,2,9,003035,2,9,32800,32768,00000,00000
BCN,7391,0798,066216,2,9,003035,2,9,32800,32768,00000,00000
BCN,7392,0870,066216,2,9,003035,2,9,32800,32768,00000,00000
BCN,7393,0821,066216,2,9,003035,2,9,32800,32768,00000,00000
BCN,7394,0870,062107,2,8,002978,2,9,32799,32768,00000,00000
BCN,7395,0843,062107,2,8,002978,2,9,32799,32768,00000,00000
BCN,7396,0852,062107,2,8,002978,2,9,32799,32768,00000,00000
BCN,7397,0775,062107,2,8,002978,2,9,32799,32768,00000,00000
BCN,7398,0860,062107,2,8,002978,2,9,32799,32768,00000,00000
BCN,7399,0867,062107,2,8,002978,2,9,32799,32768,00000,00000
BCN,7400,0870,062107,2,8,002978,2,9,32799,32768,00000,00000
BCN,7401,0780,064012,2,8,002895,2,9,32800,32768,00000,00000
BCN,7402,0782,064012,2,8,002895,2,9,32800,32768,00000,00000
BCN,7403,0778,064012,2,8,002895,2,9,32800,32768,00000,00000
BCN,7404,0778,064012,2,8,002895,2,9,32800,32768,00000,00000
BCN,7405,0866,064012,2,8,002895,2,9,32800,32768,00000,00000
BCN,7406,0871,064012,2,8,002895,2,9,32800,32768,00000,00000
BCN,7407,0866,064090,2,8,002682,2,8,32800,32768,00000,00000
BCN,7408,0870,064090,2,8,002682,2,8,32800,32768,00000,00000
BCN,7409,0867,064090,2,8,002682,2,8,32800,32768,00000,00000
BCN,7410,0778,064090,2,8,002682,2,8,32800,32768,00000,00000
BCN,7411,0775,064090,2,8,002682,2,8,32800,32768,00000,00000
BCN,7412,0870,064090,2,8,002682,2,8,32800,32768,00000,00000
BCN,7413,0775,064012,2,8,002698,2,8,32799,32767,00000,00000
BCN,7414,0778,064012,2,8,002698,2,8,32799,32767,00000,00000
BCN,7415,0867,064012,2,8,002698,2,8,32799,32767,00000,00000
BCN,7416,0778,064012,2,8,002698,2,8,32799,32767,00000,00000
BCN,7417,0775,064012,2,8,002698,2,8,32799,32767,00000,00000
BCN,7418,0802,064012,2,8,002698,2,8,32799,32767,00000,00000
BCN,7419,0775,061756,2,8,002886,2,9,32800,32768,00000,00000
BCN,7420,0778,061756,2,8,002886,2,9,32800,32768,00000,00000
BCN,7421,0868,061756,2,8,002886,2,9,32800,32768,00000,00000
BCN,7422,0804,061756,2,8,002886,2,9,32800,32768,00000,00000
BCN,7423,0795,061756,2,8,002886,2,9,32800,32768,00000,00000
BCN,7424,0778,061756,2,8,002886,2,9,32800,32768,00000,00000
BCN,7425,0787,061782,2,8,003035,2,9,32800,32768,00000,00000
BCN,7426,0787,061782,2,8,003035,2,9,32800,32768,00000,00000
BCN,7427,0868,061782,2,8,003035,2,9,32800,32768,00000,00000
BCN,7428,0866,061782,2,8,003035,2,9,32800,32768,00000,00000
BCN,7429,0868,061782,2,8,003035,2,9,32800,32768,00000,00000
BCN,7430,0781,061782,2,8,003035,2,9,32800,32768,00000,00000
BCN,7431,0868,063817,2,8,003037,2,9,32799,32768,00000,00000
BCN,7432,0869,063817,2,8,003037,2,9,32799,32768,00000,00000
BCN,7433,0866,063817,2,8,003037,2,9,32799,32768,00000,00000
BCN,7434,0778,063817,2,8,003037,2,9,32799,32768,00000,00000
BCN,7435,0866,063817,2,8,003037,2,9,32799,32768,00000,00000
BCN,7436,0871,063817,2,8,003037,2,9,32799,32768,00000,00000
BCN,7437,0868,063817,2,8,003037,2,9,32799,32768,00000,00000
BCN,7438,0779,059695,2,8,002971,2,9,32799,32768,00000,00000
BCN,7439,0776,059695,2,8,002971,2,9,32799,32768,00000,00000
BCN,7440,0778,059695,2,8,002971,2,9,32799,32768,00000,00000
BCN,7441,0775,059695,2,8,002971,2,9,32799,32768,00000,00000
BCN,7442,0870,059695,2,8,002971,2,9,32799,32768,00000,00000
BCN,7443,0867,059695,2,8,002971,2,9,32799,32768,00000,00000
BCN,7444,0870,069974,2,9,002859,2,9,32800,32768,00000,00000
BCN,7445,0856,069974,2,9,002859,2,9,32800,32768,00000,00000
BCN,7446,0841,069974,2,9,002859,2,9,32800,32768,00000,00000
BCN,7447,0775,069974,2,9,002859,2,9,32800,32768,00000,00000
BCN,7448,0838,069974,2,9,002859,2,9,32800,32768,00000,00000
BCN,7449,0869,069974,2,9,002859,2,9,32800,32768,00000,00000
BCN,7450,0852,063778,2,8,002687,2,8,32800,32768,00000,00000
BCN,7451,0854,063778,2,8,002687,2,8,32800,32768,00000,00000
BCN,7452,0871,063778,2,8,002687,2,8,32800,32768,00000,00000
BCN,7453,0775,063778,2,8,002687,2,8,32800,32768,00000,00000
BCN,7454,0778,063778,2,8,002687,2,8,32800,32768,00000,00000
BCN,7455,0863,063778,2,8,002687,2,8,32800,32768,00000,00000
BCN,7456,0778,065878,2,9,002733,2,8,32800,32767,00000,00000
BCN,7457,0775,065878,2,9,002733,2,8,32800,32767,00000,00000
BCN,7458,0871,065878,2,9,002733,2,8,32800,32767,00000,00000
BCN,7459,0778,065878,2,9,002733,2,8,32800,32767,00000,00000
BCN,7460,0780,065878,2,9,002733,2,8,32800,32767,00000,00000
BCN,7461,0775,065878,2,9,002733,2,8,32800,32767,00000,00000
BCN,7462,0779,059890,2,8,002881,2,9,32799,32768,00000,00000
BCN,7463,0776,059890,2,8,002881,2,9,32799,32768,00000,00000
BCN,7464,0870,059890,2,8,002881,2,9,32799,32768,00000,00000
BCN,7465,0868,059890,2,8,002881,2,9,32799,32768,00000,00000
BCN,7466,0871,059890,2,8,002881,2,9,32799,32768,00000,00000
BCN,7467,0776,059890,2,8,002881,2,9,32799,32768,00000,00000
BCN,7468,0871,063895,2,8,003008,2,9,32800,32768,00000,00000
BCN,7469,0868,063895,2,8,003008,2,9,32800,32768,00000,00000
BCN,7470,0870,063895,2,8,003008,2,9,32800,32768,00000,00000
BCN,7471,0775,063895,2,8,003008,2,9,32800,32768,00000,00000
BCN,7472,0870,063895,2,8,003008,2,9,32800,32768,00000,00000
BCN,7473,0854,063895,2,8,003008,2,9,32800,32768,00000,00000
BCN,7474,0871,063895,2,8,003008,2,9,32800,32768,00000,00000
BCN,7475,0825,066138,2,9,003053,2,9,32800,32768,00000,00000
BCN,7476,0838,066138,2,9,003053,2,9,32800,32768,00000,00000
BCN,7477,0776,066138,2,9,003053,2,9,32800,32768,00000,00000
BCN,7478,0852,066138,2,9,003053,2,9,32800,32768,00000,00000
BCN,7479,0868,066138,2,9,003053,2,9,32800,32768,00000,00000
BCN,7480,0870,066138,2,9,003053,2,9,32800,32768,00000,00000
BCN,7481,0786,060085,2,8,003031,2,9,32799,32768,00000,00000
BCN,7482,0786,060085,2,8,003031,2,9,32799,32768,00000,00000
BCN,7483,0782,060085,2,8,003031,2,9,32799,32768,00000,00000
BCN,7484,0778,060085,2,8,003031,2,9,32799,32768,00000,00000
BCN,7485,0866,060085,2,8,003031,2,9,32799,32768,00000,00000
BCN,7486,0870,060085,2,8,003031,2,9,32799,32768,00000,00000
BCN,7487,0866,061886,2,8,002949,2,9,32800,32768,00000,00000
BCN,7488,0869,061886,2,8,002949,2,9,32800,32768,00000,00000
BCN,7489,0868,061886,2,8,002949,2,9,32800,32768,00000,00000
BCN,7490,0778,061886,2,8,002949,2,9,32800,32768,00000,00000
BCN,7491,0776,061886,2,8,002949,2,9,32800,32768,00000,00000
BCN,7492,0870,061886,2,8,002949,2,9,32800,32768,00000,00000
BCN,7493,0776,061886,2,8,002789,2,9,32800,32768,00000,00000
BCN,7494,0778,061886,2,8,002789,2,9,32800,32768,00000,00000
BCN,7495,0868,061886,2,8,002789,2,9,32800,32768,00000,00000
BCN,7496,0778,061886,2,8,002789,2,9,32800,32768,00000,00000
BCN,7497,0776,061886,2,8,002789,2,9,32800,32768,00000,00000
BCN,7498,0778,061886,2,8,002789,2,9,32800,32768,00000,00000
BCN,7499,0776,063882,2,8,002636,2,8,32799,32768,00000,00000
BCN,7500,0778,063882,2,8,002636,2,8,32799,32768,00000,00000
BCN,7501,0868,063882,2,8,002636,2,8,32799,32768,00000,00000
BCN,7502,0834,063882,2,8,002636,2,8,32799,32768,00000,00000
BCN,7503,0819,063882,2,8,002636,2,8,32799,32768,00000,00000
BCN,7504,0778,063882,2,8,002636,2,8,32799,32768,00000,00000
BCN,7505,0802,059747,2,8,002772,2,9,32799,32767,00000,00000
BCN,7506,0797,059747,2,8,002772,2,9,32799,32767,00000,00000
BCN,7507,0868,059747,2,8,002772,2,9,32799,32767,00000,00000
BCN,7508,0860,059747,2,8,002772,2,9,32799,32767,00000,00000
BCN,7509,0868,059747,2,8,002772,2,9,32799,32767,00000,00000
BCN,7510,0785,059747,2,8,002772,2,9,32799,32767,00000,00000
BCN,7511,0868,059747,2,8,002772,2,9,32799,32767,00000,00000
BCN,7512,0866,059708,2,8,002850,2,9,32800,32768,00000,00000
BCN,7513,0865,059708,2,8,002850,2,9,32800,32768,00000,00000
BCN,7514,0778,059708,2,8,002850,2,9,32800,32768,00000,00000
BCN,7515,0866,059708,2,8,002850,2,9,32800,32768,00000,00000
BCN,7516,0869,059708,2,8,002850,2,9,32800,32768,00000,00000
BCN,7517,0867,059708,2,8,002850,2,9,32800,32768,00000,00000
BCN,7518,0779,061782,2,8,002998,2,9,32800,32768,00000,00000
BCN,7519,0777,061782,2,8,002998,2,9,32800,32768,00000,00000
BCN,7520,0778,061782,2,8,002998,2,9,32800,32768,00000,00000
BCN,7521,0776,061782,2,8,002998,2,9,32800,32768,00000,00000
BCN,7522,0868,061782,2,8,002998,2,9,32800,32768,00000,00000
BCN,7523,0866,061782,2,8,002998,2,9,32800,32768,00000,00000
BCN,7524,0867,063817,2,8,002991,2,9,32799,32768,00000,00000
BCN,7525,0865,063817,2,8,002991,2,9,32799,32768,00000,00000
BCN,7526,0868,063817,2,8,002991,2,9,32799,32768,00000,00000
BCN,7527,0776,063817,2,8,002991,2,9,32799,32768,00000,00000
BCN,7528,0801,063817,2,8,002991,2,9,32799,32768,00000,00000
BCN,7529,0868,063817,2,8,002991,2,9,32799,32768,00000,00000
BCN,7530,0826,063986,2,8,002904,2,9,32799,32768,00000,00000
BCN,7531,0834,063986,2,8,002904,2,9,32799,32768,00000,00000
BCN,7532,0868,063986,2,8,002904,2,9,32799,32768,00000,00000
BCN,7533,0776,063986,2,8,002904,2,9,32799,32768,00000,00000
BCN,7534,0777,063986,2,8,002904,2,9,32799,32768,00000,00000
BCN,7535,0853,063986,2,8,002904,2,9,32799,32768,00000,00000
BCN,7536,0777,072269,2,9,002812,2,9,32800,32768,00000,00000
BCN,7537,0776,072269,2,9,002812,2,9,32800,32768,00000,00000
BCN,7538,0869,072269,2,9,002812,2,9,32800,32768,00000,00000
BCN,7539,0781,072269,2,9,002812,2,9,32800,32768,00000,00000
BCN,7540,0781,072269,2,9,002812,2,9,32800,32768,00000,00000
BCN,7541,0776,072269,2,9,002812,2,9,32800,32768,00000,00000
BCN,7542,0780,068056,2,9,002598,2,8,32800,32768,00000,00000
BCN,7543,0777,068056,2,9,002598,2,8,32800,32768,00000,00000
BCN,7544,0865,068056,2,9,002598,2,8,32800,32768,00000,00000
BCN,7545,0863,068056,2,9,002598,2,8,32800,32768,00000,00000
BCN,7546,0865,068056,2,9,002598,2,8,32800,32768,00000,00000
BCN,7547,0777,068056,2,9,002598,2,8,32800,32768,00000,00000
BCN,7548,0866,068056,2,9,002598,2,8,32800,32768,00000,00000
BCN,7549,0865,066190,2,9,002588,2,8,32800,32767,00000,00000
BCN,7550,0866,066190,2,9,002588,2,8,32800,32767,00000,00000
BCN,7551,0776,066190,2,9,002588,2,8,32800,32767,00000,00000
BCN,7552,0865,066190,2,9,002588,2,8,32800,32767,00000,00000
BCN,7553,0863,066190,2,9,002588,2,8,32800,32767,00000,00000
BCN,7554,0864,066190,2,9,002588,2,8,32800,32767,00000,00000
BCN,7555,0776,062081,2,8,002771,2,9,32799,32768,00000,00000
BCN,7556,0798,062081,2,8,002771,2,9,32799,32768,00000,00000
BCN,7557,0777,062081,2,8,002771,2,9,32799,32768,00000,00000
BCN,7558,0828,062081,2,8,002771,2,9,32799,32768,00000,00000
BCN,7559,0863,062081,2,8,002771,2,9,32799,32768,00000,00000
BCN,7560,0865,062081,2,8,002771,2,9,32799,32768,00000,00000
BCN,7561,0795,064012,2,8,002812,2,9,32800,32768,00000,00000
BCN,7562,0793,064012,2,8,002812,2,9,32800,32768,00000,00000
BCN,7563,0788,064012,2,8,002812,2,9,32800,32768,00000,00000
BCN,7564,0778,064012,2,8,002812,2,9,32800,32768,00000,00000
BCN,7565,0860,064012,2,8,002812,2,9,32800,32768,00000,00000
BCN,7566,0867,064012,2,8,002812,2,9,32800,32768,00000,00000
BCN,7567,0863,066229,2,9,002885,2,9,32800,32768,00000,00000
BCN,7568,0865,066229,2,9,002885,2,9,32800,32768,00000,00000
BCN,7569,0866,066229,2,9,002885,2,9,32800,32768,00000,00000
BCN,7570,0778,066229,2,9,002885,2,9,32800,32768,00000,00000
BCN,7571,0777,066229,2,9,002885,2,9,32800,32768,00000,00000
BCN,7572,0866,066229,2,9,002885,2,9,32800,32768,00000,00000
BCN,7573,0777,064077,2,8,002871,2,9,32799,32768,00000,00000
BCN,7574,0778,064077,2,8,002871,2,9,32799,32768,00000,00000
BCN,7575,0864,064077,2,8,002871,2,9,32799,32768,00000,00000
BCN,7576,0779,064077,2,8,002871,2,9,32799,32768,00000,00000
BCN,7577,0777,064077,2,8,002871,2,9,32799,32768,00000,00000
BCN,7578,0778,064077,2,8,002871,2,9,32799,32768,00000,00000
BCN,7579,0777,061808,2,8,002762,2,9,32800,32768,00000,00000
BCN,7580,0778,061808,2,8,002762,2,9,32800,32768,00000,00000
BCN,7581,0864,061808,2,8,002762,2,9,32800,32768,00000,00000
BCN,7582,0865,061808,2,8,002762,2,9,32800,32768,00000,00000
BCN,7583,0853,061808,2,8,002762,2,9,32800,32768,00000,00000
BCN,7584,0778,061808,2,8,002762,2,9,32800,32768,00000,00000
BCN,7585,0823,061808,2,8,002762,2,9,32800,32768,00000,00000
BCN,7586,0813,061821,2,8,002576,2,8,32800,32768,00000,00000
BCN,7587,0863,061821,2,8,002576,2,8,32800,32768,00000,00000
BCN,7588,0847,061821,2,8,002576,2,8,32800,32768,00000,00000
BCN,7589,0864,061821,2,8,002576,2,8,32800,32768,00000,00000
BCN,7590,0791,061821,2,8,002576,2,8,32800,32768,00000,00000
BCN,7591,0863,061821,2,8,002576,2,8,32800,32768,00000,00000
BCN,7592,0859,063843,2,8,002503,2,8,32799,32767,00000,00000
BCN,7593,0859,063843,2,8,002503,2,8,32799,32767,00000,00000
BCN,7594,0778,063843,2,8,002503,2,8,32799,32767,00000,00000
BCN,7595,0861,063843,2,8,002503,2,8,32799,32767,00000,00000
BCN,7596,0866,063843,2,8,002503,2,8,32799,32767,00000,00000
BCN,7597,0864,063843,2,8,002503,2,8,32799,32767,00000,00000
BCN,7598,0780,059721,2,8,002700,2,9,32799,32768,00000,00000
BCN,7599,0778,059721,2,8,002700,2,9,32799,32768,00000,00000
BCN,7600,0779,059721,2,8,002700,2,9,32799,32768,00000,00000
BCN,7601,0777,059721,2,8,002700,2,9,32799,32768,00000,00000
BCN,7602,0867,059721,2,8,002700,2,9,32799,32768,00000,00000
BCN,7603,0866,059721,2,8,002700,2,9,32799,32768,00000,00000
BCN,7604,0867,069987,2,9,002835,2,9,32800,32768,00000,00000
BCN,7605,0867,069987,2,9,002835,2,9,32800,32768,00000,00000
BCN,7606,0869,069987,2,9,002835,2,9,32800,32768,00000,00000
BCN,7607,0777,069987,2,9,002835,2,9,32800,32768,00000,00000
BCN,7608,0778,069987,2,9,002835,2,9,32800,32768,00000,00000
BCN,7609,0867,069987,2,9,002835,2,9,32800,32768,00000,00000
BCN,7610,0778,063791,2,8,002946,2,9,32800,32768,00000,00000
BCN,7611,0800,063791,2,8,002946,2,9,32800,32768,00000,00000
BCN,7612,0870,063791,2,8,002946,2,9,32800,32768,00000,00000
BCN,7613,0777,063791,2,8,002946,2,9,32800,32768,00000,00000
BCN,7614,0778,063791,2,8,002946,2,9,32800,32768,00000,00000
BCN,7615,0845,063791,2,8,002946,2,9,32800,32768,00000,00000
BCN,7616,0778,063934,2,8,002990,2,9,32800,32768,00000,00000
BCN,7617,0776,063934,2,8,002990,2,9,32800,32768,00000,00000
BCN,7618,0871,063934,2,8,002990,2,9,32800,32768,00000,00000
BCN,7619,0787,063934,2,8,002990,2,9,32800,32768,00000,00000
BCN,7620,0786,063934,2,8,002990,2,9,32800,32768,00000,00000
BCN,7621,0776,063934,2,8,002990,2,9,32800,32768,00000,00000
BCN,7622,0783,063934,2,8,002990,2,9,32800,32768,00000,00000
BCN,7623,0780,059968,2,8,002952,2,9,32799,32768,00000,00000
BCN,7624,0870,059968,2,8,002952,2,9,32799,32768,00000,00000
BCN,7625,0867,059968,2,8,002952,2,9,32799,32768,00000,00000
BCN,7626,0870,059968,2,8,002952,2,9,32799,32768,00000,00000
BCN,7627,0778,059968,2,8,002952,2,9,32799,32768,00000,00000
BCN,7628,0870,059968,2,8,002952,2,9,32799,32768,00000,00000
BCN,7629,0868,063947,2,8,002828,2,9,32800,32768,00000,00000
BCN,7630,0870,063947,2,8,002828,2,9,32800,32768,00000,00000
BCN,7631,0776,063947,2,8,002828,2,9,32800,32768,00000,00000
BCN,7632,0871,063947,2,8,002828,2,9,32800,32768,00000,00000
BCN,7633,0871,063947,2,8,002828,2,9,32800,32768,00000,00000
BCN,7634,0872,063947,2,8,002828,2,9,32800,32768,00000,00000
BCN,7635,0776,066190,2,9,002678,2,8,32800,32768,00000,00000
BCN,7636,0778,066190,2,9,002678,2,8,32800,32768,00000,00000
BCN,7637,0776,066190,2,9,002678,2,8,32800,32768,00000,00000
BCN,7638,0777,066190,2,9,002678,2,8,32800,32768,00000,00000
BCN,7639,0873,066190,2,9,002678,2,8,32800,32768,00000,00000
BCN,7640,0875,066190,2,9,002678,2,8,32800,32768,00000,00000
BCN,7641,0822,062081,2,8,002807,2,8,32799,32767,00000,00000
BCN,7642,0813,062081,2,8,002807,2,8,32799,32767,00000,00000
BCN,7643,0803,062081,2,8,002807,2,8,32799,32767,00000,00000
BCN,7644,0777,062081,2,8,002807,2,8,32799,32767,00000,00000
BCN,7645,0862,062081,2,8,002807,2,8,32799,32767,00000,00000
BCN,7646,0878,062081,2,8,002807,2,8,32799,32767,00000,00000
BCN,7647,0869,061847,2,8,003056,2,9,32800,32768,00000,00000
BCN,7648,0872,061847,2,8,003056,2,9,32800,32768,00000,00000
BCN,7649,0877,061847,2,8,003056,2,9,32800,32768,00000,00000
BCN,7650,0777,061847,2,8,003056,2,9,32800,32768,00000,00000
BCN,7651,0775,061847,2,8,003056,2,9,32800,32768,00000,00000
BCN,7652,0877,061847,2,8,003056,2,9,32800,32768,00000,00000
BCN,7653,0776,063999,2,8,003303,2,9,32800,32768,00000,00000
BCN,7654,0777,063999,2,8,003303,2,9,32800,32768,00000,00000
BCN,7655,0878,063999,2,8,003303,2,9,32800,32768,00000,00000
BCN,7656,0778,063999,2,8,003303,2,9,32800,32768,00000,00000
BCN,7657,0777,063999,2,8,003303,2,9,32800,32768,00000,00000
BCN,7658,0777,063999,2,8,003303,2,9,32800,32768,00000,00000
BCN,7659,0776,063999,2,8,003303,2,9,32800,32768,00000,00000
BCN,7660,0778,063947,2,8,003367,2,9,32799,32768,00000,00000
BCN,7661,0877,063947,2,8,003367,2,9,32799,32768,00000,00000
BCN,7662,0878,063947,2,8,003367,2,9,32799,32768,00000,00000
BCN,7663,0877,063947,2,8,003367,2,9,32799,32768,00000,00000
BCN,7664,0778,063947,2,8,003367,2,9,32799,32768,00000,00000
BCN,7665,0877,063947,2,8,003367,2,9,32799,32768,00000,00000
BCN,7666,0874,061704,2,8,003287,2,9,32800,32768,00000,00000
BCN,7667,0877,061704,2,8,003287,2,9,32800,32768,00000,00000
BCN,7668,0827,061704,2,8,003287,2,9,32800,32768,00000,00000
BCN,7669,0878,061704,2,8,003287,2,9,32800,32768,00000,00000
BCN,7670,0811,061704,2,8,003287,2,9,32800,32768,00000,00000
BCN,7671,0878,061704,2,8,003287,2,9,32800,32768,00000,00000
BCN,7672,0862,061743,2,8,003178,2,9,32800,32768,00000,00000
BCN,7673,0866,061743,2,8,003178,2,9,32800,32768,00000,00000
BCN,7674,0777,061743,2,8,003178,2,9,32800,32768,00000,00000
BCN,7675,0872,061743,2,8,003178,2,9,32800,32768,00000,00000
BCN,7676,0882,061743,2,8,003178,2,9,32800,32768,00000,00000
BCN,7677,0881,061743,2,8,003178,2,9,32800,32768,00000,00000
BCN,7678,0781,063791,2,8,003033,2,8,32799,32768,00000,00000
BCN,7679,0779,063791,2,8,003033,2,8,32799,32768,00000,00000
BCN,7680,0780,063791,2,8,003033,2,8,32799,32768,00000,00000
BCN,7681,0775,063791,2,8,003033,2,8,32799,32768,00000,00000
BCN,7682,0884,063791,2,8,003033,2,8,32799,32768,00000,00000
BCN,7683,0883,063791,2,8,003033,2,8,32799,32768,00000,00000
BCN,7684,0884,059682,2,8,003008,2,8,32799,32767,00000,00000
BCN,7685,0883,059682,2,8,003008,2,8,32799,32767,00000,00000
BCN,7686,0885,059682,2,8,003008,2,8,32799,32767,00000,00000
BCN,7687,0775,059682,2,8,003008,2,8,32799,32767,00000,00000
BCN,7688,0777,059682,2,8,003008,2,8,32799,32767,00000,00000
BCN,7689,0884,059682,2,8,003008,2,8,32799,32767,00000,00000
BCN,7690,0777,069961,2,9,003393,2,9,32800,32768,00000,00000
BCN,7691,0775,069961,2,9,003393,2,9,32800,32768,00000,00000
BCN,7692,0885,069961,2,9,003393,2,9,32800,32768,00000,00000
BCN,7693,0775,069961,2,9,003393,2,9,32800,32768,00000,00000
BCN,7694,0777,069961,2,9,003393,2,9,32800,32768,00000,00000
BCN,7695,0819,069961,2,9,003393,2,9,32800,32768,00000,00000
BCN,7696,0777,069961,2,9,003393,2,9,32800,32768,00000,00000
BCN,7697,0776,063778,2,8,003517,2,9,32800,32768,00000,00000
BCN,7698,0885,063778,2,8,003517,2,9,32800,32768,00000,00000
BCN,7699,0801,063778,2,8,003517,2,9,32800,32768,00000,00000
BCN,7700,0797,063778,2,8,003517,2,9,32800,32768,00000,00000
BCN,7701,0775,063778,2,8,003517,2,9,32800,32768,00000,00000
BCN,7702,0789,063778,2,8,003517,2,9,32800,32768,00000,00000
BCN,7703,0785,067822,2,9,003556,2,9,32800,32768,00000,00000
BCN,7704,0885,067822,2,9,003556,2,9,32800,32768,00000,00000
BCN,7705,0880,067822,2,9,003556,2,9,32800,32768,00000,00000
BCN,7706,0886,067822,2,9,003556,2,9,32800,32768,00000,00000
BCN,7707,0779,067822,2,9,003556,2,9,32800,32768,00000,00000
BCN,7708,0886,067822,2,9,003556,2,9,32800,32768,00000,00000
BCN,7709,0882,061717,2,8,003541,2,9,32800,32768,00000,00000
BCN,7710,0884,061717,2,8,003541,2,9,32800,32768,00000,00000
BCN,7711,0775,061717,2,8,003541,2,9,32800,32768,00000,00000
BCN,7712,0885,061717,2,8,003541,2,9,32800,32768,00000,00000
BCN,7713,0884,061717,2,8,003541,2,9,32800,32768,00000,00000
BCN,7714,0886,061717,2,8,003541,2,9,32800,32768,00000,00000
BCN,7715,0776,065904,2,9,003497,2,9,32799,32768,00000,00000
BCN,7716,0777,065904,2,9,003497,2,9,32799,32768,00000,00000
BCN,7717,0776,065904,2,9,003497,2,9,32799,32768,00000,00000
BCN,7718,0777,065904,2,9,003497,2,9,32799,32768,00000,00000
BCN,7719,0883,065904,2,9,003497,2,9,32799,32768,00000,00000
BCN,7720,0885,065904,2,9,003497,2,9,32799,32768,00000,00000
BCN,7721,0883,064025,2,8,003360,2,9,32799,32768,00000,00000
BCN,7722,0880,064025,2,8,003360,2,9,32799,32768,00000,00000
BCN,7723,0858,064025,2,8,003360,2,9,32799,32768,00000,00000
BCN,7724,0777,064025,2,8,003360,2,9,32799,32768,00000,00000
BCN,7725,0838,064025,2,8,003360,2,9,32799,32768,00000,00000
BCN,7726,0884,064025,2,8,003360,2,9,32799,32768,00000,00000
BCN,7727,0856,072295,2,9,003180,2,8,32800,32768,00000,00000
BCN,7728,0864,072295,2,9,003180,2,8,32800,32768,00000,00000
BCN,7729,0883,072295,2,9,003180,2,8,32800,32768,00000,00000
BCN,7730,0777,072295,2,9,003180,2,8,32800,32768,00000,00000
BCN,7731,0775,072295,2,9,003180,2,8,32800,32768,00000,00000
BCN,7732,0876,072295,2,9,003180,2,8,32800,32768,00000,00000
BCN,7733,0775,072295,2,9,003180,2,8,32800,32768,00000,00000
BCN,7734,0777,068069,2,9,003028,2,8,32800,32767,00000,00000
BCN,7735,0883,068069,2,9,003028,2,8,32800,32767,00000,00000
BCN,7736,0780,068069,2,9,003028,2,8,32800,32767,00000,00000
BCN,7737,0778,068069,2,9,003028,2,8,32800,32767,00000,00000
BCN,7738,0777,068069,2,9,003028,2,8,32800,32767,00000,00000
BCN,7739,0777,068069,2,9,003028,2,8,32800,32767,00000,00000
BCN,7740,0778,066203,2,9,003360,2,9,32800,32768,00000,00000
BCN,7741,0883,066203,2,9,003360,2,9,32800,32768,00000,00000
BCN,7742,0883,066203,2,9,003360,2,9,32800,32768,00000,00000
BCN,7743,0883,066203,2,9,003360,2,9,32800,32768,00000,00000
BCN,7744,0778,066203,2,9,003360,2,9,32800,32768,00000,00000
BCN,7745,0883,066203,2,9,003360,2,9,32800,32768,00000,00000
BCN,7746,0885,062094,2,8,003408,2,9,32799,32768,00000,00000
BCN,7747,0883,062094,2,8,003408,2,9,32799,32768,00000,00000
BCN,7748,0777,062094,2,8,003408,2,9,32799,32768,00000,00000
BCN,7749,0883,062094,2,8,003408,2,9,32799,32768,00000,00000
BCN,7750,0885,062094,2,8,003408,2,9,32799,32768,00000,00000
BCN,7751,0884,062094,2,8,003408,2,9,32799,32768,00000,00000
BCN,7752,0807,064012,2,8,003514,2,9,32800,32768,00000,00000
BCN,7753,0824,064012,2,8,003514,2,9,32800,32768,00000,00000
BCN,7754,0777,064012,2,8,003514,2,9,32800,32768,00000,00000
BCN,7755,0848,064012,2,8,003514,2,9,32800,32768,00000,00000
BCN,7756,0886,064012,2,8,003514,2,9,32800,32768,00000,00000
BCN,7757,0884,064012,2,8,003514,2,9,32800,32768,00000,00000
BCN,7758,0796,064090,2,8,003558,2,9,32800,32768,00000,00000
BCN,7759,0790,064090,2,8,003558,2,9,32800,32768,00000,00000
BCN,7760,0789,064090,2,8,003558,2,9,32800,32768,00000,00000
BCN,7761,0775,064090,2,8,003558,2,9,32800,32768,00000,00000
BCN,7762,0880,064090,2,8,003558,2,9,32800,32768,00000,00000
BCN,7763,0884,064090,2,8,003558,2,9,32800,32768,00000,00000
BCN,7764,0882,063999,2,8,003556,2,9,32799,32768,00000,00000
BCN,7765,0881,063999,2,8,003556,2,9,32799,32768,00000,00000
BCN,7766,0886,063999,2,8,003556,2,9,32799,32768,00000,00000
BCN,7767,0775,063999,2,8,003556,2,9,32799,32768,00000,00000
BCN,7768,0777,063999,2,8,003556,2,9,32799,32768,00000,00000
BCN,7769,0884,063999,2,8,003556,2,9,32799,32768,00000,00000
BCN,7770,0777,063999,2,8,003556,2,9,32799,32768,00000,00000
BCN,7771,0775,061756,2,8,003526,2,9,32800,32768,00000,00000
BCN,7772,0887,061756,2,8,003526,2,9,32800,32768,00000,00000
BCN,7773,0776,061756,2,8,003526,2,9,32800,32768,00000,00000
BCN,7774,0777,061756,2,8,003526,2,9,32800,32768,00000,00000
BCN,7775,0775,061756,2,8,003526,2,9,32800,32768,00000,00000
BCN,7776,0777,061756,2,8,003526,2,9,32800,32768,00000,00000
BCN,7777,0776,061782,2,8,003473,2,9,32800,32768,00000,00000
BCN,7778,0886,061782,2,8,003473,2,9,32800,32768,00000,00000
BCN,7779,0885,061782,2,8,003473,2,9,32800,32768,00000,00000
BCN,7780,0886,061782,2,8,003473,2,9,32800,32768,00000,00000
BCN,7781,0776,061782,2,8,003473,2,9,32800,32768,00000,00000
BCN,7782,0867,061782,2,8,003473,2,9,32800,32768,00000,00000
BCN,7783,0846,063817,2,8,003375,2,9,32799,32768,00000,00000
BCN,7784,0885,063817,2,8,003375,2,9,32799,32768,00000,00000
BCN,7785,0845,063817,2,8,003375,2,9,32799,32768,00000,00000
BCN,7786,0885,063817,2,8,003375,2,9,32799,32768,00000,00000
BCN,7787,0802,063817,2,8,003375,2,9,32799,32768,00000,00000
BCN,7788,0886,063817,2,8,003375,2,9,32799,32768,00000,00000
BCN,7789,0870,059695,2,8,003231,2,8,32799,32768,00000,00000
BCN,7790,0874,059695,2,8,003231,2,8,32799,32768,00000,00000
BCN,7791,0775,059695,2,8,003231,2,8,32799,32768,00000,00000
BCN,7792,0878,059695,2,8,003231,2,8,32799,32768,00000,00000
BCN,7793,0884,059695,2,8,003231,2,8,32799,32768,00000,00000
BCN,7794,0886,059695,2,8,003231,2,8,32799,32768,00000,00000
BCN,7795,0779,069974,2,9,003099,2,8,32800,32768,00000,00000
BCN,7796,0780,069974,2,9,003099,2,8,32800,32768,00000,00000
BCN,7797,0778,069974,2,9,003099,2,8,32800,32768,00000,00000
BCN,7798,0776,069974,2,9,003099,2,8,32800,32768,00000,00000
BCN,7799,0883,069974,2,9,003099,2,8,32800,32768,00000,00000
BCN,7800,0886,069974,2,9,003099,2,8,32800,32768,00000,00000
BCN,7801,0883,065917,2,9,003190,2,8,32800,32767,00000,00000
BCN,7802,0885,065917,2,9,003190,2,8,32800,32767,00000,00000
BCN,7803,0884,065917,2,9,003190,2,8,32800,32767,00000,00000
BCN,7804,0777,065917,2,9,003190,2,8,32800,32767,00000,00000
BCN,7805,0775,065917,2,9,003190,2,8,32800,32767,00000,00000
BCN,7806,0886,065917,2,9,003190,2,8,32800,32767,00000,00000
BCN,7807,0775,065917,2,9,003190,2,8,32800,32767,00000,00000
BCN,7808,0776,066125,2,9,003387,2,9,32800,32768,00000,00000
BCN,7809,0884,066125,2,9,003387,2,9,32800,32768,00000,00000
BCN,7810,0777,066125,2,9,003387,2,9,32800,32768,00000,00000
BCN,7811,0776,066125,2,9,003387,2,9,32800,32768,00000,00000
BCN,7812,0799,066125,2,9,003387,2,9,32800,32768,00000,00000
BCN,7813,0775,066125,2,9,003387,2,9,32800,32768,00000,00000
BCN,7814,0777,060072,2,8,003473,2,9,32799,32768,00000,00000
BCN,7815,0885,060072,2,8,003473,2,9,32799,32768,00000,00000
BCN,7816,0817,060072,2,8,003473,2,9,32799,32768,00000,00000
BCN,7817,0807,060072,2,8,003473,2,9,32799,32768,00000,00000
BCN,7818,0777,060072,2,8,003473,2,9,32799,32768,00000,00000
BCN,7819,0795,060072,2,8,003473,2,9,32799,32768,00000,00000
BCN,7820,0793,064025,2,8,003547,2,9,32800,32768,00000,00000
BCN,7821,0885,064025,2,8,003547,2,9,32800,32768,00000,00000
BCN,7822,0877,064025,2,8,003547,2,9,32800,32768,00000,00000
BCN,7823,0885,064025,2,8,003547,2,9,32800,32768,00000,00000
BCN,7824,0783,064025,2,8,003547,2,9,32800,32768,00000,00000
BCN,7825,0885,064025,2,8,003547,2,9,32800,32768,00000,00000
BCN,7826,0882,066242,2,9,003586,2,9,32800,32768,00000,00000
BCN,7827,0882,066242,2,9,003586,2,9,32800,32768,00000,00000
BCN,7828,0777,066242,2,9,003586,2,9,32800,32768,00000,00000
BCN,7829,0882,066242,2,9,003586,2,9,32800,32768,00000,00000
BCN,7830,0886,066242,2,9,003586,2,9,32800,32768,00000,00000
BCN,7831,0884,066242,2,9,003586,2,9,32800,32768,00000,00000
BCN,7832,0778,064090,2,8,003595,2,9,32799,32768,00000,00000
BCN,7833,0776,064090,2,8,003595,2,9,32799,32768,00000,00000
BCN,7834,0778,064090,2,8,003595,2,9,32799,32768,00000,00000
BCN,7835,0775,064090,2,8,003595,2,9,32799,32768,00000,00000
BCN,7836,0884,064090,2,8,003595,2,9,32799,32768,00000,00000
BCN,7837,0884,064090,2,8,003595,2,9,32799,32768,00000,00000
BCN,7838,0884,061821,2,8,003577,2,9,32800,32768,00000,00000
BCN,7839,0883,061821,2,8,003577,2,9,32800,32768,00000,00000
BCN,7840,0885,061821,2,8,003577,2,9,32800,32768,00000,00000
BCN,7841,0775,061821,2,8,003577,2,9,32800,32768,00000,00000
BCN,7842,0777,061821,2,8,003577,2,9,32800,32768,00000,00000
BCN,7843,0883,061821,2,8,003577,2,9,32800,32768,00000,00000
BCN,7844,0801,061821,2,8,003577,2,9,32800,32768,00000,00000
BCN,7845,0816,061834,2,8,003538,2,9,32800,32768,00000,00000
BCN,7846,0885,061834,2,8,003538,2,9,32800,32768,00000,00000
BCN,7847,0776,061834,2,8,003538,2,9,32800,32768,00000,00000
BCN,7848,0777,061834,2,8,003538,2,9,32800,32768,00000,00000
BCN,7849,0858,061834,2,8,003538,2,9,32800,32768,00000,00000
BCN,7850,0777,061834,2,8,003538,2,9,32800,32768,00000,00000
BCN,7851,0775,063843,2,8,003492,2,9,32799,32768,00000,00000
BCN,7852,0885,063843,2,8,003492,2,9,32799,32768,00000,00000
BCN,7853,0787,063843,2,8,003492,2,9,32799,32768,00000,00000
BCN,7854,0786,063843,2,8,003492,2,9,32799,32768,00000,00000
BCN,7855,0775,063843,2,8,003492,2,9,32799,32768,00000,00000
BCN,7856,0783,063843,2,8,003492,2,9,32799,32768,00000,00000
BCN,7857,0780,059721,2,8,003437,2,9,32799,32768,00000,00000
BCN,7858,0885,059721,2,8,003437,2,9,32799,32768,00000,00000
BCN,7859,0881,059721,2,8,003437,2,9,32799,32768,00000,00000
BCN,7860,0885,059721,2,8,003437,2,9,32799,32768,00000,00000
BCN,7861,0778,059721,2,8,003437,2,9,32799,32768,00000,00000
BCN,7862,0885,059721,2,8,003437,2,9,32799,32768,00000,00000
BCN,7863,0883,070000,2,9,003360,2,9,32800,32768,00000,00000
BCN,7864,0884,070000,2,9,003360,2,9,32800,32768,00000,00000
BCN,7865,0775,070000,2,9,003360,2,9,32800,32768,00000,00000
BCN,7866,0884,070000,2,9,003360,2,9,32800,32768,00000,00000
BCN,7867,0884,070000,2,9,003360,2,9,32800,32768,00000,00000
BCN,7868,0886,070000,2,9,003360,2,9,32800,32768,00000,00000
BCN,7869,0776,063804,2,8,003305,2,9,32800,32768,00000,00000
BCN,7870,0777,063804,2,8,003305,2,9,32800,32768,00000,00000
BCN,7871,0776,063804,2,8,003305,2,9,32800,32768,00000,00000
BCN,7872,0776,063804,2,8,003305,2,9,32800,32768,00000,00000
BCN,7873,0884,063804,2,8,003305,2,9,32800,32768,00000,00000
BCN,7874,0886,063804,2,8,003305,2,9,32800,32768,00000,00000
BCN,7875,0884,065878,2,9,003273,2,9,32800,32768,00000,00000
BCN,7876,0886,065878,2,9,003273,2,9,32800,32768,00000,00000
BCN,7877,0869,065878,2,9,003273,2,9,32800,32768,00000,00000
BCN,7878,0776,065878,2,9,003273,2,9,32800,32768,00000,00000
BCN,7879,0830,065878,2,9,003273,2,9,32800,32768,00000,00000
BCN,7880,0887,065878,2,9,003273,2,9,32800,32768,00000,00000
BCN,7881,0850,065878,2,9,003273,2,9,32800,32768,00000,00000
BCN,7882,0859,059890,2,8,003237,2,8,32799,32768,00000,00000
BCN,7883,0886,059890,2,8,003237,2,8,32799,32768,00000,00000
BCN,7884,0777,059890,2,8,003237,2,8,32799,32768,00000,00000
BCN,7885,0775,059890,2,8,003237,2,8,32799,32768,00000,00000
BCN,7886,0875,059890,2,8,003237,2,8,32799,32768,00000,00000
BCN,7887,0775,059890,2,8,003237,2,8,32799,32768,00000,00000
BCN,7888,0777,066034,2,9,003215,2,8,32800,32768,00000,00000
BCN,7889,0886,066034,2,9,003215,2,8,32800,32768,00000,00000
BCN,7890,0783,066034,2,9,003215,2,8,32800,32768,00000,00000
BCN,7891,0780,066034,2,9,003215,2,8,32800,32768,00000,00000
BCN,7892,0777,066034,2,9,003215,2,8,32800,32768,00000,00000
BCN,7893,0779,066034,2,9,003215,2,8,32800,32768,00000,00000
BCN,7894,0779,066216,2,9,003175,2,8,32800,32768,00000,00000
BCN,7895,0886,066216,2,9,003175,2,8,32800,32768,00000,00000
BCN,7896,0885,066216,2,9,003175,2,8,32800,32768,00000,00000
BCN,7897,0885,066216,2,9,003175,2,8,32800,32768,00000,00000
BCN,7898,0778,066216,2,9,003175,2,8,32800,32768,00000,00000
BCN,7899,0885,066216,2,9,003175,2,8,32800,32768,00000,00000
BCN,7900,0886,060137,2,8,003100,2,8,32799,32768,00000,00000
BCN,7901,0885,060137,2,8,003100,2,8,32799,32768,00000,00000
BCN,7902,0776,060137,2,8,003100,2,8,32799,32768,00000,00000
BCN,7903,0886,060137,2,8,003100,2,8,32799,32768,00000,00000
BCN,7904,0887,060137,2,8,003100,2,8,32799,32768,00000,00000
BCN,7905,0886,060137,2,8,003100,2,8,32799,32768,00000,00000
BCN,7906,0777,064077,2,8,003176,2,8,32800,32767,00000,00000
BCN,7907,0776,064077,2,8,003176,2,8,32800,32767,00000,00000
BCN,7908,0777,064077,2,8,003176,2,8,32800,32767,00000,00000
BCN,7909,0775,064077,2,8,003176,2,8,32800,32767,00000,00000
BCN,7910,0887,064077,2,8,003176,2,8,32800,32767,00000,00000
BCN,7911,0886,064077,2,8,003176,2,8,32800,32767,00000,00000
BCN,7912,0851,066281,2,9,003441,2,9,32800,32768,00000,00000
BCN,7913,0836,066281,2,9,003441,2,9,32800,32768,00000,00000
BCN,7914,0825,066281,2,9,003441,2,9,32800,32768,00000,00000
BCN,7915,0775,066281,2,9,003441,2,9,32800,32768,00000,00000
BCN,7916,0859,066281,2,9,003441,2,9,32800,32768,00000,00000
BCN,7917,0886,066281,2,9,003441,2,9,32800,32768,00000,00000
BCN,7918,0870,066281,2,9,003441,2,9,32800,32768,00000,00000
BCN,7919,0872,064116,2,8,003320,2,9,32799,32768,00000,00000
BCN,7920,0887,064116,2,8,003320,2,9,32799,32768,00000,00000
BCN,7921,0775,064116,2,8,003320,2,9,32799,32768,00000,00000
BCN,7922,0777,064116,2,8,003320,2,9,32799,32768,00000,00000
BCN,7923,0881,064116,2,8,003320,2,9,32799,32768,00000,00000
BCN,7924,0777,064116,2,8,003320,2,9,32799,32768,00000,00000
BCN,7925,0775,061834,2,8,003406,2,9,32800,32768,00000,00000
BCN,7926,0887,061834,2,8,003406,2,9,32800,32768,00000,00000
BCN,7927,0778,061834,2,8,003406,2,9,32800,32768,00000,00000
BCN,7928,0779,061834,2,8,003406,2,9,32800,32768,00000,00000
BCN,7929,0775,061834,2,8,003406,2,9,32800,32768,00000,00000
BCN,7930,0778,061834,2,8,003406,2,9,32800,32768,00000,00000
BCN,7931,0777,061847,2,8,003491,2,9,32800,32768,00000,00000
BCN,7932,0888,061847,2,8,003491,2,9,32800,32768,00000,00000
BCN,7933,0885,061847,2,8,003491,2,9,32800,32768,00000,00000
BCN,7934,0887,061847,2,8,003491,2,9,32800,32768,00000,00000
BCN,7935,0776,061847,2,8,003491,2,9,32800,32768,00000,00000
BCN,7936,0887,061847,2,8,003491,2,9,32800,32768,00000,00000
BCN,7937,0885,063856,2,8,003555,2,9,32799,32768,00000,00000
BCN,7938,0886,063856,2,8,003555,2,9,32799,32768,00000,00000
BCN,7939,0775,063856,2,8,003555,2,9,32799,32768,00000,00000
BCN,7940,0887,063856,2,8,003555,2,9,32799,32768,00000,00000
BCN,7941,0886,063856,2,8,003555,2,9,32799,32768,00000,00000
BCN,7942,0887,063856,2,8,003555,2,9,32799,32768,00000,00000
BCN,7943,0776,059734,2,8,003568,2,9,32799,32768,00000,00000
BCN,7944,0777,059734,2,8,003568,2,9,32799,32768,00000,00000
BCN,7945,0776,059734,2,8,003568,2,9,32799,32768,00000,00000
BCN,7946,0821,059734,2,8,003568,2,9,32799,32768,00000,00000
BCN,7947,0886,059734,2,8,003568,2,9,32799,32768,00000,00000
BCN,7948,0887,059734,2,8,003568,2,9,32799,32768,00000,00000
BCN,7949,0814,070000,2,9,003589,2,9,32800,32768,00000,00000
BCN,7950,0808,070000,2,9,003589,2,9,32800,32768,00000,00000
BCN,7951,0801,070000,2,9,003589,2,9,32800,32768,00000,00000
BCN,7952,0777,070000,2,9,003589,2,9,32800,32768,00000,00000
BCN,7953,0871,070000,2,9,003589,2,9,32800,32768,00000,00000
BCN,7954,0887,070000,2,9,003589,2,9,32800,32768,00000,00000
BCN,7955,0876,070000,2,9,003589,2,9,32800,32768,00000,00000
BCN,7956,0879,065943,2,9,003594,2,9,32800,32768,00000,00000
BCN,7957,0886,065943,2,9,003594,2,9,32800,32768,00000,00000
BCN,7958,0777,065943,2,9,003594,2,9,32800,32768,00000,00000
BCN,7959,0775,065943,2,9,003594,2,9,32800,32768,00000,00000
BCN,7960,0883,065943,2,9,003594,2,9,32800,32768,00000,00000
BCN,7961,0776,065943,2,9,003594,2,9,32800,32768,00000,00000
BCN,7962,0777,066138,2,9,003607,2,9,32800,32768,00000,00000
BCN,7963,0886,066138,2,9,003607,2,9,32800,32768,00000,00000
BCN,7964,0779,066138,2,9,003607,2,9,32800,32768,00000,00000
BCN,7965,0777,066138,2,9,003607,2,9,32800,32768,00000,00000
BCN,7966,0777,066138,2,9,003607,2,9,32800,32768,00000,00000
BCN,7967,0777,066138,2,9,003607,2,9,32800,32768,00000,00000
BCN,7968,0778,060085,2,8,003616,2,9,32799,32768,00000,00000
BCN,7969,0886,060085,2,8,003616,2,9,32799,32768,00000,00000
BCN,7970,0886,060085,2,8,003616,2,9,32799,32768,00000,00000
BCN,7971,0886,060085,2,8,003616,2,9,32799,32768,00000,00000
BCN,7972,0777,060085,2,8,003616,2,9,32799,32768,00000,00000
BCN,7973,0886,060085,2,8,003616,2,9,32799,32768,00000,00000
BCN,7974,0887,061886,2,8,003637,2,9,32800,32768,00000,00000
BCN,7975,0885,061886,2,8,003637,2,9,32800,32768,00000,00000
BCN,7976,0777,061886,2,8,003637,2,9,32800,32768,00000,00000
BCN,7977,0886,061886,2,8,003637,2,9,32800,32768,00000,00000
BCN,7978,0887,061886,2,8,003637,2,9,32800,32768,00000,00000
BCN,7979,0886,061886,2,8,003637,2,9,32800,32768,00000,00000
BCN,7980,0804,061873,2,8,003627,2,9,32800,32768,00000,00000
BCN,7981,0812,061873,2,8,003627,2,9,32800,32768,00000,00000
BCN,7982,0777,061873,2,8,003627,2,9,32800,32768,00000,00000
BCN,7983,0838,061873,2,8,003627,2,9,32800,32768,00000,00000
BCN,7984,0887,061873,2,8,003627,2,9,32800,32768,00000,00000
BCN,7985,0886,061873,2,8,003627,2,9,32800,32768,00000,00000
BCN,7986,0806,063882,2,8,003626,2,9,32799,32768,00000,00000
BCN,7987,0800,063882,2,8,003626,2,9,32799,32768,00000,00000
BCN,7988,0797,063882,2,8,003626,2,9,32799,32768,00000,00000
BCN,7989,0776,063882,2,8,003626,2,9,32799,32768,00000,00000
BCN,7990,0876,063882,2,8,003626,2,9,32799,32768,00000,00000
BCN,7991,0886,063882,2,8,003626,2,9,32799,32768,00000,00000
BCN,7992,0879,063882,2,8,003626,2,9,32799,32768,00000,00000
BCN,7993,0880,059747,2,8,003627,2,9,32799,32768,00000,00000
BCN,7994,0887,059747,2,8,003627,2,9,32799,32768,00000,00000
BCN,7995,0775,059747,2,8,003627,2,9,32799,32768,00000,00000
BCN,7996,0777,059747,2,8,003627,2,9,32799,32768,00000,00000
BCN,7997,0883,059747,2,8,003627,2,9,32799,32768,00000,00000
BCN,7998,0777,059747,2,8,003627,2,9,32799,32768,00000,00000
BCN,7999,0776,070013,2,9,003643,2,9,32800,32768,00000,00000
BCN,8000,0887,070013,2,9,003643,2,9,32800,32768,00000,00000
BCN,8001,0777,070013,2,9,003643,2,9,32800,32768,00000,00000
BCN,8002,0778,070013,2,9,003643,2,9,32800,32768,00000,00000
BCN,8003,0775,070013,2,9,003643,2,9,32800,32768,00000,00000
BCN,8004,0778,070013,2,9,003643,2,9,32800,32768,00000,00000
BCN,8005,0776,063817,2,8,003648,2,9,32800,32768,00000,00000
BCN,8006,0887,063817,2,8,003648,2,9,32800,32768,00000,00000
BCN,8007,0886,063817,2,8,003648,2,9,32800,32768,00000,00000
BCN,8008,0888,063817,2,8,003648,2,9,32800,32768,00000,00000
BCN,8009,0776,063817,2,8,003648,2,9,32800,32768,00000,00000
BCN,8010,0887,063817,2,8,003648,2,9,32800,32768,00000,00000
BCN,8011,0886,063947,2,8,003651,2,9,32800,32768,00000,00000
BCN,8012,0887,063947,2,8,003651,2,9,32800,32768,00000,00000
BCN,8013,0775,063947,2,8,003651,2,9,32800,32768,00000,00000
BCN,8014,0887,063947,2,8,003651,2,9,32800,32768,00000,00000
BCN,8015,0881,063947,2,8,003651,2,9,32800,32768,00000,00000
BCN,8016,0888,063947,2,8,003651,2,9,32800,32768,00000,00000
BCN,8017,0822,059981,2,8,003648,2,9,32799,32768,00000,00000
BCN,8018,0836,059981,2,8,003648,2,9,32799,32768,00000,00000
BCN,8019,0776,059981,2,8,003648,2,9,32799,32768,00000,00000
BCN,8020,0854,059981,2,8,003648,2,9,32799,32768,00000,00000
BCN,8021,0886,059981,2,8,003648,2,9,32799,32768,00000,00000
BCN,8022,0888,059981,2,8,003648,2,9,32799,32768,00000,00000
BCN,8023,0796,063960,2,8,003665,2,9,32800,32768,00000,00000
BCN,8024,0793,063960,2,8,003665,2,9,32800,32768,00000,00000
BCN,8025,0789,063960,2,8,003665,2,9,32800,32768,00000,00000
BCN,8026,0777,063960,2,8,003665,2,9,32800,32768,00000,00000
BCN,8027,0879,063960,2,8,003665,2,9,32800,32768,00000,00000
BCN,8028,0777,063960,2,8,003665,2,9,32800,32768,00000,00000
BCN,8029,0775,063960,2,8,003665,2,9,32800,32768,00000,00000
BCN,8030,0776,066190,2,9,003661,2,9,32800,32768,00000,00000
BCN,8031,0776,066190,2,9,003661,2,9,32800,32768,00000,00000
BCN,8032,0777,066190,2,9,003661,2,9,32800,32768,00000,00000
BCN,8033,0775,066190,2,9,003661,2,9,32800,32768,00000,00000
BCN,8034,0776,066190,2,9,003661,2,9,32800,32768,00000,00000
BCN,8035,0775,066190,2,9,003661,2,9,32800,32768,00000,00000
BCN,8036,0883,064051,2,8,001537,2,4,32799,32768,00000,00000
BCN,8037,0887,064051,2,8,001537,2,4,32799,32768,00000,00000
BCN,8038,0781,064051,2,8,001537,2,4,32799,32768,00000,00000
BCN,8039,0886,064051,2,8,001537,2,4,32799,32768,00000,00000
BCN,8040,0885,064051,2,8,001537,2,4,32799,32768,00000,00000
BCN,8041,0885,064051,2,8,001537,2,4,32799,32768,00000,00000
BCN,8042,0777,061782,2,8,001350,2,3,32800,32752,00000,00000
BCN,8043,0885,061782,2,8,001350,2,3,32800,32752,00000,00000
BCN,8044,0887,061782,2,8,001350,2,3,32800,32752,00000,00000
BCN,8045,0886,061782,2,8,001350,2,3,32800,32752,00000,00000
BCN,8046,0778,061782,2,8,001350,2,3,32800,32752,00000,00000
BCN,8047,0776,061782,2,8,001350,2,3,32800,32752,00000,00000
BCN,8048,0777,061808,2,8,003232,2,8,32800,32747,00000,00000
BCN,8049,0775,061808,2,8,003232,2,8,32800,32747,00000,00000
BCN,8050,0887,061808,2,8,003232,2,8,32800,32747,00000,00000
BCN,8051,0775,061808,2,8,003232,2,8,32800,32747,00000,00000
BCN,8052,0777,061808,2,8,003232,2,8,32800,32747,00000,00000
BCN,8053,0775,061808,2,8,003232,2,8,32800,32747,00000,00000
BCN,8054,0777,063830,2,8,003214,2,8,32799,32748,00000,00000
BCN,8055,0775,063830,2,8,003214,2,8,32799,32748,00000,00000
BCN,8056,0881,063830,2,8,003214,2,8,32799,32748,00000,00000
BCN,8057,0776,063830,2,8,003214,2,8,32799,32748,00000,00000
BCN,8058,0777,063830,2,8,003214,2,8,32799,32748,00000,00000
BCN,8059,0886,063830,2,8,003214,2,8,32799,32748,00000,00000
BCN,8060,0780,061860,2,8,003432,2,9,32799,32739,00000,00000
BCN,8061,0778,061860,2,8,003432,2,9,32799,32739,00000,00000
BCN,8062,0777,061860,2,8,003432,2,9,32799,32739,00000,00000
BCN,8063,0777,061860,2,8,003432,2,9,32799,32739,00000,00000
BCN,8064,0778,061860,2,8,003432,2,9,32799,32739,00000,00000
BCN,8065,0886,061860,2,8,003432,2,9,32799,32739,00000,00000
BCN,8066,0886,061860,2,8,003432,2,9,32799,32739,00000,00000
BCN,8067,0886,070052,2,9,003417,2,9,32800,32740,00000,00000
BCN,8068,0777,070052,2,9,003417,2,9,32800,32740,00000,00000
BCN,8069,0886,070052,2,9,003417,2,9,32800,32740,00000,00000
BCN,8070,0887,070052,2,9,003417,2,9,32800,32740,00000,00000
BCN,8071,0885,070052,2,9,003417,2,9,32800,32740,00000,00000
BCN,8072,0777,070052,2,9,003417,2,9,32800,32740,00000,00000
BCN,8073,0886,065982,2,9,003393,2,9,32800,32741,00000,00000
BCN,8074,0887,065982,2,9,003393,2,9,32800,32741,00000,00000
BCN,8075,0886,065982,2,9,003393,2,9,32800,32741,00000,00000
BCN,8076,0777,065982,2,9,003393,2,9,32800,32741,00000,00000
BCN,8077,0776,065982,2,9,003393,2,9,32800,32741,00000,00000
BCN,8078,0777,065982,2,9,003393,2,9,32800,32741,00000,00000
BCN,8079,0804,064038,2,8,003377,2,9,32800,32742,00000,00000
BCN,8080,0887,064038,2,8,003377,2,9,32800,32742,00000,00000
BCN,8081,0886,064038,2,8,003377,2,9,32800,32742,00000,00000
BCN,8082,0826,064038,2,8,003377,2,9,32800,32742,00000,00000
BCN,8083,0815,064038,2,8,003377,2,9,32800,32742,00000,00000
BCN,8084,0809,064038,2,8,003377,2,9,32800,32742,00000,00000
BCN,8085,0775,060046,2,8,003385,2,9,32799,32743,00000,00000
BCN,8086,0868,060046,2,8,003385,2,9,32799,32743,00000,00000
BCN,8087,0886,060046,2,8,003385,2,9,32799,32743,00000,00000
BCN,8088,0875,060046,2,8,003385,2,9,32799,32743,00000,00000
BCN,8089,0876,060046,2,8,003385,2,9,32799,32743,00000,00000
BCN,8090,0887,060046,2,8,003385,2,9,32799,32743,00000,00000
BCN,8091,0775,064012,2,8,003385,2,9,32800,32744,00000,00000
BCN,8092,0777,064012,2,8,003385,2,9,32800,32744,00000,00000
BCN,8093,0882,064012,2,8,003385,2,9,32800,32744,00000,00000
BCN,8094,0777,064012,2,8,003385,2,9,32800,32744,00000,00000
BCN,8095,0775,064012,2,8,003385,2,9,32800,32744,00000,00000
BCN,8096,0887,064012,2,8,003385,2,9,32800,32744,00000,00000
BCN,8097,0778,066229,2,9,003376,2,9,32800,32745,00000,00000
BCN,8098,0779,066229,2,9,003376,2,9,32800,32745,00000,00000
BCN,8099,0776,066229,2,9,003376,2,9,32800,32745,00000,00000
BCN,8100,0778,066229,2,9,003376,2,9,32800,32745,00000,00000
BCN,8101,0777,066229,2,9,003376,2,9,32800,32745,00000,00000
BCN,8102,0887,066229,2,9,003376,2,9,32800,32745,00000,00000
BCN,8103,0885,066229,2,9,003376,2,9,32800,32745,00000,00000
BCN,8104,0777,064077,2,8,003349,2,9,32799,32746,00000,00000
BCN,8105,0775,064077,2,8,003349,2,9,32799,32746,00000,00000
BCN,8106,0777,064077,2,8,003349,2,9,32799,32746,00000,00000
BCN,8107,0775,064077,2,8,003349,2,9,32799,32746,00000,00000
BCN,8108,0777,064077,2,8,003349,2,9,32799,32746,00000,00000
BCN,8109,0871,064077,2,8,003349,2,9,32799,32746,00000,00000
BCN,8110,0777,061808,2,8,001140,2,3,32800,32763,00000,00000
BCN,8111,0775,061808,2,8,001140,2,3,32800,32763,00000,00000
BCN,8112,0887,061808,2,8,001140,2,3,32800,32763,00000,00000
BCN,8113,0783,061808,2,8,001140,2,3,32800,32763,00000,00000
BCN,8114,0783,061808,2,8,001140,2,3,32800,32763,00000,00000
BCN,8115,0775,061808,2,8,001140,2,3,32800,32763,00000,00000
BCN,8116,0781,061821,2,8,003384,2,9,32800,32792,00000,00000
BCN,8117,0779,061821,2,8,003384,2,9,32800,32792,00000,00000
BCN,8118,0887,061821,2,8,003384,2,9,32800,32792,00000,00000
BCN,8119,0884,061821,2,8,003384,2,9,32800,32792,00000,00000
BCN,8120,0887,061821,2,8,003384,2,9,32800,32792,00000,00000
BCN,8121,0777,061821,2,8,003384,2,9,32800,32792,00000,00000
BCN,8122,0887,063843,2,8,003220,2,8,32799,32793,00000,00000
BCN,8123,0885,063843,2,8,003220,2,8,32799,32793,00000,00000
BCN,8124,0886,063843,2,8,003220,2,8,32799,32793,00000,00000
BCN,8125,0775,063843,2,8,003220,2,8,32799,32793,00000,00000
BCN,8126,0886,063843,2,8,003220,2,8,32799,32793,00000,00000
BCN,8127,0886,063843,2,8,003220,2,8,32799,32793,00000,00000
BCN,8128,0887,061860,2,8,003206,2,8,32799,32793,00000,00000
BCN,8129,0776,061860,2,8,003206,2,8,32799,32793,00000,00000
BCN,8130,0777,061860,2,8,003206,2,8,32799,32793,00000,00000
BCN,8131,0775,061860,2,8,003206,2,8,32799,32793,00000,00000
BCN,8132,0776,061860,2,8,003206,2,8,32799,32793,00000,00000
BCN,8133,0775,061860,2,8,003206,2,8,32799,32793,00000,00000
BCN,8134,0776,072204,2,9,002334,2,6,32800,32793,00000,00000
BCN,8135,0775,072204,2,9,002334,2,6,32800,32793,00000,00000
BCN,8136,0776,072204,2,9,002334,2,6,32800,32793,00000,00000
BCN,8137,0775,072204,2,9,002334,2,6,32800,32793,00000,00000
BCN,8138,0777,072204,2,9,002334,2,6,32800,32793,00000,00000
BCN,8139,0775,072204,2,9,002334,2,6,32800,32793,00000,00000
BCN,8140,0777,072204,2,9,002334,2,6,32800,32793,00000,00000
BCN,8141,0775,066060,2,9,000691,2,2,32800,32759,00000,00000
BCN,8142,0776,066060,2,9,000691,2,2,32800,32759,00000,00000
BCN,8143,0775,066060,2,9,000691,2,2,32800,32759,00000,00000
BCN,8144,0776,066060,2,9,000691,2,2,32800,32759,00000,00000
BCN,8145,0775,066060,2,9,000691,2,2,32800,32759,00000,00000
BCN,8146,0776,066060,2,9,000691,2,2,32800,32759,00000,00000
BCN,8147,0775,066229,2,9,000044,2,0,32800,32760,00000,00000
BCN,8148,0777,066229,2,9,000044,2,0,32800,32760,00000,00000
BCN,8149,0775,066229,2,9,000044,2,0,32800,32760,00000,00000
BCN,8150,0777,066229,2,9,000044,2,0,32800,32760,00000,00000
BCN,8151,0775,066229,2,9,000044,2,0,32800,32760,00000,00000
BCN,8152,0776,066229,2,9,000044,2,0,32800,32760,00000,00000
BCN,8153,0775,060150,2,8,000036,0,0,32799,32759,00000,00000
BCN,8154,0776,060150,2,8,000036,0,0,32799,32759,00000,00000
BCN,8155,0775,060150,2,8,000036,0,0,32799,32759,00000,00000
BCN,8156,0777,060150,2,8,000036,0,0,32799,32759,00000,00000
BCN,8157,0775,060150,2,8,000036,0,0,32799,32759,00000,00000
BCN,8158,0777,060150,2,8,000036,0,0,32799,32759,00000,00000
BCN,8159,0775,064090,2,8,000032,0,0,32800,32759,00000,00000
BCN,8160,0777,064090,2,8,000032,0,0,32800,32759,00000,00000
BCN,8161,0775,064090,2,8,000032,0,0,32800,32759,00000,00000
BCN,8162,0776,064090,2,8,000032,0,0,32800,32759,00000,00000
BCN,8163,0775,064090,2,8,000032,0,0,32800,32759,00000,00000
BCN,8164,0777,064090,2,8,000032,0,0,32800,32759,00000,00000
BCN,8165,0775,066281,2,9,000026,0,0,32800,32759,00000,00000
BCN,8166,0777,066281,2,9,000026,0,0,32800,32759,00000,00000
BCN,8167,0775,066281,2,9,000026,0,0,32800,32759,00000,00000
BCN,8168,0777,066281,2,9,000026,0,0,32800,32759,00000,00000
BCN,8169,0775,066281,2,9,000026,0,0,32800,32759,00000,00000
BCN,8170,0777,066281,2,9,000026,0,0,32800,32759,00000,00000
BCN,8171,0775,064116,2,8,000023,0,0,32799,32759,00000,00000
BCN,8172,0777,064116,2,8,000023,0,0,32799,32759,00000,00000
BCN,8173,0775,064116,2,8,000023,0,0,32799,32759,00000,00000
BCN,8174,0777,064116,2,8,000023,0,0,32799,32759,00000,00000
BCN,8175,0775,064116,2,8,000023,0,0,32799,32759,00000,00000
BCN,8176,0776,064116,2,8,000023,0,0,32799,32759,00000,00000
BCN,8177,0775,064116,2,8,000023,0,0,32799,32759,00000,00000
BCN,8178,0777,061847,2,8,000020,0,0,32800,32759,00000,00000
BCN,8179,0775,061847,2,8,000020,0,0,32800,32759,00000,00000
BCN,8180,0777,061847,2,8,000020,0,0,32800,32759,00000,00000
BCN,8181,0775,061847,2,8,000020,0,0,32800,32759,00000,00000
BCN,8182,0777,061847,2,8,000020,0,0,32800,32759,00000,00000
BCN,8183,0775,061847,2,8,000020,0,0,32800,32759,00000,00000
BCN,8184,0776,063999,2,8,000020,0,0,32800,32759,00000,00000
BCN,8185,0775,063999,2,8,000020,0,0,32800,32759,00000,00000
BCN,8186,0776,063999,2,8,000020,0,0,32800,32759,00000,00000
BCN,8187,0775,063999,2,8,000020,0,0,32800,32759,00000,00000
BCN,8188,0777,063999,2,8,000020,0,0,32800,32759,00000,00000
BCN,8189,0775,063999,2,8,000020,0,0,32800,32759,00000,00000
BCN,8190,0776,063934,2,8,000019,0,0,32799,32759,00000,00000
BCN,8191,0775,063934,2,8,000019,0,0,32799,32759,00000,00000
BCN,8192,0776,063934,2,8,000019,0,0,32799,32759,00000,00000
BCN,8193,0775,063934,2,8,000019,0,0,32799,32759,00000,00000
BCN,8194,0776,063934,2,8,000019,0,0,32799,32759,00000,00000
BCN,8195,0775,063934,2,8,000019,0,0,32799,32759,00000,00000
BCN,8196,0776,059786,2,8,000020,0,0,32799,32759,00000,00000
BCN,8197,0775,059786,2,8,000020,0,0,32799,32759,00000,00000
BCN,8198,0776,059786,2,8,000020,0,0,32799,32759,00000,00000
BCN,8199,0775,059786,2,8,000020,0,0,32799,32759,00000,00000
BCN,8200,0776,059786,2,8,000020,0,0,32799,32759,00000,00000
BCN,8201,0775,059786,2,8,000020,0,0,32799,32759,00000,00000
BCN,8202,0776,070039,2,9,000018,0,1,32800,32759,00000,00000
BCN,8203,0775,070039,2,9,000018,0,1,32800,32759,00000,00000
BCN,8204,0777,070039,2,9,000018,0,1,32800,32759,00000,00000
BCN,8205,0775,070039,2,9,000018,0,1,32800,32759,00000,00000
BCN,8206,0776,070039,2,9,000018,0,1,32800,32759,00000,00000
BCN,8207,0775,070039,2,9,000018,0,1,32800,32759,00000,00000
BCN,8208,0777,063830,2,8,000016,0,0,32800,32759,00000,00000
BCN,8209,0775,063830,2,8,000016,0,0,32800,32759,00000,00000
BCN,8210,0777,063830,2,8,000016,0,0,32800,32759,00000,00000
BCN,8211,0775,063830,2,8,000016,0,0,32800,32759,00000,00000
BCN,8212,0777,063830,2,8,000016,0,0,32800,32759,00000,00000
BCN,8213,0775,063830,2,8,000016,0,0,32800,32759,00000,00000
BCN,8214,0776,063830,2,8,000016,0,0,32800,32759,00000,00000
BCN,8215,0775,067861,2,9,000018,0,1,32800,32759,00000,00000
BCN,8216,0777,067861,2,9,000018,0,1,32800,32759,00000,00000
BCN,8217,0775,067861,2,9,000018,0,1,32800,32759,00000,00000
BCN,8218,0776,067861,2,9,000018,0,1,32800,32759,00000,00000
BCN,8219,0775,067861,2,9,000018,0,1,32800,32759,00000,00000
BCN,8220,0777,067861,2,9,000018,0,1,32800,32759,00000,00000
BCN,8221,0775,057699,2,8,000017,0,1,32799,32759,00000,00000
BCN,8222,0776,057699,2,8,000017,0,1,32799,32759,00000,00000
BCN,8223,0775,057699,2,8,000017,0,1,32799,32759,00000,00000
BCN,8224,0776,057699,2,8,000017,0,1,32799,32759,00000,00000
BCN,8225,0775,057699,2,8,000017,0,1,32799,32759,00000,00000
BCN,8226,0777,057699,2,8,000017,0,1,32799,32759,00000,00000
BCN,8227,0775,053486,2,7,000018,0,3,32799,32759,00000,00000
BCN,8228,0776,053486,2,7,000018,0,3,32799,32759,00000,00000
BCN,8229,0775,053486,2,7,000018,0,3,32799,32759,00000,00000
BCN,8230,0776,053486,2,7,000018,0,3,32799,32759,00000,00000
BCN,8231,0775,053486,2,7,000018,0,3,32799,32759,00000,00000
BCN,8232,0776,053486,2,7,000018,0,3,32799,32759,00000,00000
BCN,8233,0775,067887,2,9,000015,0,2,32800,32759,00000,00000
BCN,8234,0776,067887,2,9,000015,0,2,32800,32759,00000,00000
BCN,8235,0775,067887,2,9,000015,0,2,32800,32759,00000,00000
BCN,8236,0777,067887,2,9,000015,0,2,32800,32759,00000,00000
BCN,8237,0775,067887,2,9,000015,0,2,32800,32759,00000,00000
BCN,8238,0777,067887,2,9,000015,0,2,32800,32759,00000,00000
BCN,8239,0775,065878,2,9,000016,0,2,32800,32759,00000,00000
BCN,8240,0777,065878,2,9,000016,0,2,32800,32759,00000,00000
BCN,8241,0775,065878,2,9,000016,0,2,32800,32759,00000,00000
BCN,8242,0776,065878,2,9,000016,0,2,32800,32759,00000,00000
BCN,8243,0775,065878,2,9,000016,0,2,32800,32759,00000,00000
BCN,8244,0776,065878,2,9,000016,0,2,32800,32759,00000,00000
BCN,8245,0775,059890,2,8,000014,0,2,32799,32759,00000,00000
BCN,8246,0776,059890,2,8,000014,0,2,32799,32759,00000,00000
BCN,8247,0775,059890,2,8,000014,0,2,32799,32759,00000,00000
BCN,8248,0776,059890,2,8,000014,0,2,32799,32759,00000,00000
BCN,8249,0775,059890,2,8,000014,0,2,32799,32759,00000,00000
BCN,8250,0777,059890,2,8,000014,0,2,32799,32759,00000,00000
BCN,8251,0775,059890,2,8,000014,0,2,32799,32759,00000,00000
BCN,8252,0776,063895,2,8,000015,0,2,32800,32759,00000,00000
BCN,8253,0775,063895,2,8,000015,0,2,32800,32759,00000,00000
BCN,8254,0777,063895,2,8,000015,0,2,32800,32759,00000,00000
BCN,8255,0775,063895,2,8,000015,0,2,32800,32759,00000,00000
BCN,8256,0776,063895,2,8,000015,0,2,32800,32759,00000,00000
BCN,8257,0775,063895,2,8,000015,0,2,32800,32759,00000,00000
BCN,8258,0777,066138,2,9,000015,0,2,32800,32759,00000,00000
BCN,8259,0775,066138,2,9,000015,0,2,32800,32759,00000,00000
BCN,8260,0776,066138,2,9,000015,0,2,32800,32759,00000,00000
BCN,8261,0775,066138,2,9,000015,0,2,32800,32759,00000,00000
BCN,8262,0776,066138,2,9,000015,0,2,32800,32759,00000,00000
BCN,8263,0775,066138,2,9,000015,0,2,32800,32759,00000,00000
BCN,8264,0776,060085,2,8,000013,0,2,32799,32759,00000,00000
BCN,8265,0775,060085,2,8,000013,0,2,32799,32759,00000,00000
BCN,8266,0776,060085,2,8,000013,0,2,32799,32759,00000,00000
BCN,8267,0775,060085,2,8,000013,0,2,32799,32759,00000,00000
BCN,8268,0776,060085,2,8,000013,0,2,32799,32759,00000,00000
BCN,8269,0775,060085,2,8,000013,0,2,32799,32759,00000,00000
BCN,8270,0776,064038,2,8,000013,0,2,32800,32759,00000,00000
BCN,8271,0775,064038,2,8,000013,0,2,32800,32759,00000,00000
BCN,8272,0776,064038,2,8,000013,0,2,32800,32759,00000,00000
BCN,8273,0775,064038,2,8,000013,0,2,32800,32759,00000,00000
BCN,8274,0776,064038,2,8,000013,0,2,32800,32759,00000,00000
BCN,8275,0775,064038,2,8,000013,0,2,32800,32759,00000,00000
BCN,8276,0776,066255,2,9,000011,0,1,32800,32759,00000,00000
BCN,8277,0775,066255,2,9,000011,0,1,32800,32759,00000,00000
BCN,8278,0776,066255,2,9,000011,0,1,32800,32759,00000,00000
BCN,8279,0775,066255,2,9,000011,0,1,32800,32759,00000,00000
BCN,8280,0776,066255,2,9,000011,0,1,32800,32759,00000,00000
BCN,8281,0775,066255,2,9,000011,0,1,32800,32759,00000,00000
BCN,8282,0776,064090,2,8,000011,0,1,32799,32759,00000,00000
BCN,8283,0775,064090,2,8,000011,0,1,32799,32759,00000,00000
BCN,8284,0777,064090,2,8,000011,0,1,32799,32759,00000,00000
BCN,8285,0775,064090,2,8,000011,0,1,32799,32759,00000,00000
BCN,8286,0776,064090,2,8,000011,0,1,32799,32759,00000,00000
BCN,8287,0775,064090,2,8,000011,0,1,32799,32759,00000,00000
BCN,8288,0776,064090,2,8,000011,0,1,32799,32759,00000,00000
BCN,8289,0775,061821,2,8,000013,0,2,32800,32759,00000,00000
BCN,8290,0776,061821,2,8,000013,0,2,32800,32759,00000,00000
BCN,8291,0775,061821,2,8,000013,0,2,32800,32759,00000,00000
BCN,8292,0776,061821,2,8,000013,0,2,32800,32759,00000,00000
BCN,8293,0775,061821,2,8,000013,0,2,32800,32759,00000,00000
BCN,8294,0776,061821,2,8,000013,0,2,32800,32759,00000,00000
BCN,8295,0775,061834,2,8,000013,0,2,32800,32759,00000,00000
BCN,8296,0776,061834,2,8,000013,0,2,32800,32759,00000,00000
BCN,8297,0775,061834,2,8,000013,0,2,32800,32759,00000,00000
BCN,8298,0776,061834,2,8,000013,0,2,32800,32759,00000,00000
BCN,8299,0775,061834,2,8,000013,0,2,32800,32759,00000,00000
BCN,8300,0776,061834,2,8,000013,0,2,32800,32759,00000,00000
BCN,8301,0775,063856,2,8,000015,0,2,32799,32759,00000,00000
BCN,8302,0776,063856,2,8,000015,0,2,32799,32759,00000,00000
BCN,8303,0775,063856,2,8,000015,0,2,32799,32759,00000,00000
BCN,8304,0777,063856,2,8,000015,0,2,32799,32759,00000,00000
BCN,8305,0775,063856,2,8,000015,0,2,32799,32759,00000,00000
BCN,8306,0777,063856,2,8,000015,0,2,32799,32759,00000,00000
BCN,8307,0775,061873,2,8,000016,0,2,32799,32759,00000,00000
BCN,8308,0777,061873,2,8,000016,0,2,32799,32759,00000,00000
BCN,8309,0776,061873,2,8,000016,0,2,32799,32759,00000,00000
BCN,8310,0777,061873,2,8,000016,0,2,32799,32759,00000,00000
BCN,8311,0776,061873,2,8,000016,0,2,32799,32759,00000,00000
BCN,8312,0777,061873,2,8,000016,0,2,32799,32759,00000,00000
BCN,8313,0776,072217,2,9,000021,0,2,32800,32759,00000,00000
BCN,8314,0777,072217,2,9,000021,0,2,32800,32759,00000,00000
BCN,8315,0776,072217,2,9,000021,0,2,32800,32759,00000,00000
BCN,8316,0777,072217,2,9,000021,0,2,32800,32759,00000,00000
BCN,8317,0776,072217,2,9,000021,0,2,32800,32759,00000,00000
BCN,8318,0777,072217,2,9,000021,0,2,32800,32759,00000,00000
BCN,8319,0776,066060,2,9,000017,0,2,32800,32759,00000,00000
BCN,8320,0777,066060,2,9,000017,0,2,32800,32759,00000,00000
BCN,8321,0776,066060,2,9,000017,0,2,32800,32759,00000,00000
BCN,8322,0777,066060,2,9,000017,0,2,32800,32759,00000,00000
BCN,8323,0776,066060,2,9,000017,0,2,32800,32759,00000,00000
BCN,8324,0777,066060,2,9,000017,0,2,32800,32759,00000,00000
BCN,8325,0776,066060,2,9,000017,0,2,32800,32759,00000,00000
BCN,8326,0777,066229,2,9,000016,0,2,32800,32759,00000,00000
BCN,8327,0776,066229,2,9,000016,0,2,32800,32759,00000,00000
BCN,8328,0778,066229,2,9,000016,0,2,32800,32759,00000,00000
BCN,8329,0776,066229,2,9,000016,0,2,32800,32759,00000,00000
BCN,8330,0778,066229,2,9,000016,0,2,32800,32759,00000,00000
BCN,8331,0776,066229,2,9,000016,0,2,32800,32759,00000,00000
BCN,8332,0778,060150,2,8,000016,0,2,32799,32759,00000,00000
BCN,8333,0776,060150,2,8,000016,0,2,32799,32759,00000,00000
BCN,8334,0778,060150,2,8,000016,0,2,32799,32759,00000,00000
BCN,8335,0776,060150,2,8,000016,0,2,32799,32759,00000,00000
BCN,8336,0778,060150,2,8,000016,0,2,32799,32759,00000,00000
BCN,8337,0776,060150,2,8,000016,0,2,32799,32759,00000,00000
BCN,8338,0778,064090,2,8,000016,0,1,32800,32759,00000,00000
BCN,8339,0777,064090,2,8,000016,0,1,32800,32759,00000,00000
BCN,8340,0778,064090,2,8,000016,0,1,32800,32759,00000,00000
BCN,8341,0776,064090,2,8,000016,0,1,32800,32759,00000,00000
BCN,8342,0778,064090,2,8,000016,0,1,32800,32759,00000,00000
BCN,8343,0776,064090,2,8,000016,0,1,32800,32759,00000,00000
BCN,8344,0778,064142,2,8,000017,0,1,32800,32759,00000,00000
BCN,8345,0776,064142,2,8,000017,0,1,32800,32759,00000,00000
BCN,8346,0778,064142,2,8,000017,0,1,32800,32759,00000,00000
BCN,8347,0777,064142,2,8,000017,0,1,32800,32759,00000,00000
BCN,8348,0778,064142,2,8,000017,0,1,32800,32759,00000,00000
BCN,8349,0777,064142,2,8,000017,0,1,32800,32759,00000,00000
BCN,8350,0778,064051,2,8,000018,0,2,32799,32759,00000,00000
BCN,8351,0776,064051,2,8,000018,0,2,32799,32759,00000,00000
BCN,8352,0778,064051,2,8,000018,0,2,32799,32759,00000,00000
BCN,8353,0776,064051,2,8,000018,0,2,32799,32759,00000,00000
BCN,8354,0778,064051,2,8,000018,0,2,32799,32759,00000,00000
BCN,8355,0776,064051,2,8,000018,0,2,32799,32759,00000,00000
BCN,8356,0778,061782,2,8,000016,0,2,32800,32759,00000,00000
BCN,8357,0776,061782,2,8,000016,0,2,32800,32759,00000,00000
BCN,8358,0778,061782,2,8,000016,0,2,32800,32759,00000,00000
BCN,8359,0776,061782,2,8,000016,0,2,32800,32759,00000,00000
BCN,8360,0778,061782,2,8,000016,0,2,32800,32759,00000,00000
BCN,8361,0776,061782,2,8,000016,0,2,32800,32759,00000,00000
BCN,8362,0778,061782,2,8,000016,0,2,32800,32759,00000,00000
BCN,8363,0776,061808,2,8,000017,0,2,32800,32759,00000,00000
BCN,8364,0778,061808,2,8,000017,0,2,32800,32759,00000,00000
BCN,8365,0776,061808,2,8,000017,0,2,32800,32759,00000,00000
BCN,8366,0778,061808,2,8,000017,0,2,32800,32759,00000,00000
BCN,8367,0777,061808,2,8,000017,0,2,32800,32759,00000,00000
BCN,8368,0778,061808,2,8,000017,0,2,32800,32759,00000,00000
BCN,8369,0776,063830,2,8,000017,0,2,32799,32759,00000,00000
BCN,8370,0778,063830,2,8,000017,0,2,32799,32759,00000,00000
BCN,8371,0777,063830,2,8,000017,0,2,32799,32759,00000,00000
BCN,8372,0778,063830,2,8,000017,0,2,32799,32759,00000,00000
BCN,8373,0777,063830,2,8,000017,0,2,32799,32759,00000,00000
BCN,8374,0778,063830,2,8,000017,0,2,32799,32759,00000,00000
BCN,8375,0777,059708,2,8,000015,0,2,32799,32759,00000,00000
BCN,8376,0778,059708,2,8,000015,0,2,32799,32759,00000,00000
BCN,8377,0776,059708,2,8,000015,0,2,32799,32759,00000,00000
BCN,8378,0778,059708,2,8,000015,0,2,32799,32759,00000,00000
BCN,8379,0776,059708,2,8,000015,0,2,32799,32759,00000,00000
BCN,8380,0778,059708,2,8,000015,0,2,32799,32759,00000,00000
BCN,8381,0776,069987,2,9,000014,0,2,32800,32759,00000,00000
BCN,8382,0778,069987,2,9,000014,0,2,32800,32759,00000,00000
BCN,8383,0777,069987,2,9,000014,0,2,32800,32759,00000,00000
BCN,8384,0778,069987,2,9,000014,0,2,32800,32759,00000,00000
BCN,8385,0777,069987,2,9,000014,0,2,32800,32759,00000,00000
BCN,8386,0778,069987,2,9,000014,0,2,32800,32759,00000,00000
BCN,8387,0777,063791,2,8,000015,0,2,32800,32759,00000,00000
BCN,8388,0778,063791,2,8,000015,0,2,32800,32759,00000,00000
BCN,8389,0777,063791,2,8,000015,0,2,32800,32759,00000,00000
BCN,8390,0778,063791,2,8,000015,0,2,32800,32759,00000,00000
BCN,8391,0777,063791,2,8,000015,0,2,32800,32759,00000,00000
BCN,8392,0778,063791,2,8,000015,0,2,32800,32759,00000,00000
BCN,8393,0777,065878,2,9,000014,0,2,32800,32759,00000,00000
BCN,8394,0778,065878,2,9,000014,0,2,32800,32759,00000,00000
BCN,8395,0777,065878,2,9,000014,0,2,32800,32759,00000,00000
BCN,8396,0778,065878,2,9,000014,0,2,32800,32759,00000,00000
BCN,8397,0777,065878,2,9,000014,0,2,32800,32759,00000,00000
BCN,8398,0778,065878,2,9,000014,0,2,32800,32759,00000,00000
BCN,8399,0777,065878,2,9,000014,0,2,32800,32759,00000,00000
BCN,8400,0778,059890,2,8,000014,0,2,32799,32759,00000,00000
BCN,8401,0777,059890,2,8,000014,0,2,32799,32759,00000,00000
BCN,8402,0778,059890,2,8,000014,0,2,32799,32759,00000,00000
BCN,8403,0776,059890,2,8,000014,0,2,32799,32759,00000,00000
BCN,8404,0778,059890,2,8,000014,0,2,32799,32759,00000,00000
BCN,8405,0777,059890,2,8,000014,0,2,32799,32759,00000,00000
BCN,8406,0778,063895,2,8,000015,0,2,32800,32759,00000,00000
BCN,8407,0777,063895,2,8,000015,0,2,32800,32759,00000,00000
BCN,8408,0778,063895,2,8,000015,0,2,32800,32759,00000,00000
BCN,8409,0776,063895,2,8,000015,0,2,32800,32759,00000,00000
BCN,8410,0778,063895,2,8,000015,0,2,32800,32759,00000,00000
BCN,8411,0776,063895,2,8,000015,0,2,32800,32759,00000,00000
BCN,8412,0778,066138,2,9,000015,0,2,32800,32759,00000,00000
BCN,8413,0777,066138,2,9,000015,0,2,32800,32759,00000,00000
BCN,8414,0778,066138,2,9,000015,0,2,32800,32759,00000,00000
BCN,8415,0777,066138,2,9,000015,0,2,32800,32759,00000,00000
BCN,8416,0778,066138,2,9,000015,0,2,32800,32759,00000,00000
BCN,8417,0776,066138,2,9,000015,0,2,32800,32759,00000,00000
BCN,8418,0778,060085,2,8,000014,0,2,32799,32759,00000,00000
BCN,8419,0776,060085,2,8,000014,0,2,32799,32759,00000,00000
BCN,8420,0778,060085,2,8,000014,0,2,32799,32759,00000,00000
BCN,8421,0777,060085,2,8,000014,0,2,32799,32759,00000,00000
BCN,8422,0778,060085,2,8,000014,0,2,32799,32759,00000,00000
BCN,8423,0776,060085,2,8,000014,0,2,32799,32759,00000,00000
BCN,8424,0778,064038,2,8,000015,0,2,32800,32759,00000,00000
BCN,8425,0777,064038,2,8,000015,0,2,32800,32759,00000,00000
BCN,8426,0778,064038,2,8,000015,0,2,32800,32759,00000,00000
BCN,8427,0776,064038,2,8,000015,0,2,32800,32759,00000,00000
BCN,8428,0778,064038,2,8,000015,0,2,32800,32759,00000,00000
BCN,8429,0777,064038,2,8,000015,0,2,32800,32759,00000,00000
BCN,8430,0778,066255,2,9,000015,0,2,32800,32759,00000,00000
BCN,8431,0776,066255,2,9,000015,0,2,32800,32759,00000,00000
BCN,8432,0778,066255,2,9,000015,0,2,32800,32759,00000,00000
BCN,8433,0777,066255,2,9,000015,0,2,32800,32759,00000,00000
BCN,8434,0778,066255,2,9,000015,0,2,32800,32759,00000,00000
BCN,8435,0777,066255,2,9,000015,0,2,32800,32759,00000,00000
BCN,8436,0778,066255,2,9,000015,0,2,32800,32759,00000,00000
BCN,8437,0776,062133,2,8,000014,0,2,32799,32759,00000,00000
BCN,8438,0778,062133,2,8,000014,0,2,32799,32759,00000,00000
BCN,8439,0777,062133,2,8,000014,0,2,32799,32759,00000,00000
BCN,8440,0778,062133,2,8,000014,0,2,32799,32759,00000,00000
BCN,8441,0777,062133,2,8,000014,0,2,32799,32759,00000,00000
BCN,8442,0778,062133,2,8,000014,0,2,32799,32759,00000,00000
BCN,8443,0777,061886,2,8,000015,0,2,32800,32759,00000,00000
BCN,8444,0778,061886,2,8,000015,0,2,32800,32759,00000,00000
BCN,8445,0777,061886,2,8,000015,0,2,32800,32759,00000,00000
BCN,8446,0778,061886,2,8,000015,0,2,32800,32759,00000,00000
BCN,8447,0777,061886,2,8,000015,0,2,32800,32759,00000,00000
BCN,8448,0778,061886,2,8,000015,0,2,32800,32759,00000,00000
BCN,8449,0776,064025,2,8,000015,0,2,32800,32759,00000,00000
BCN,8450,0778,064025,2,8,000015,0,2,32800,32759,00000,00000
BCN,8451,0777,064025,2,8,000015,0,2,32800,32759,00000,00000
BCN,8452,0778,064025,2,8,000015,0,2,32800,32759,00000,00000
BCN,8453,0777,064025,2,8,000015,0,2,32800,32759,00000,00000
BCN,8454,0778,064025,2,8,000015,0,2,32800,32759,00000,00000
BCN,8455,0776,063960,2,8,000016,0,2,32799,32759,00000,00000
BCN,8456,0778,063960,2,8,000016,0,2,32799,32759,00000,00000
BCN,8457,0776,063960,2,8,000016,0,2,32799,32759,00000,00000
BCN,8458,0778,063960,2,8,000016,0,2,32799,32759,00000,00000
BCN,8459,0776,063960,2,8,000016,0,2,32799,32759,00000,00000
BCN,8460,0778,063960,2,8,000016,0,2,32799,32759,00000,00000
BCN,8461,0777,059812,2,8,000014,0,1,32799,32759,00000,00000
BCN,8462,0778,059812,2,8,000014,0,1,32799,32759,00000,00000
BCN,8463,0776,059812,2,8,000014,0,1,32799,32759,00000,00000
BCN,8464,0778,059812,2,8,000014,0,1,32799,32759,00000,00000
BCN,8465,0777,059812,2,8,000014,0,1,32799,32759,00000,00000
BCN,8466,0778,059812,2,8,000014,0,1,32799,32759,00000,00000
BCN,8467,0776,070052,2,9,000015,0,1,32800,32759,00000,00000
BCN,8468,0778,070052,2,9,000015,0,1,32800,32759,00000,00000
BCN,8469,0776,070052,2,9,000015,0,1,32800,32759,00000,00000
BCN,8470,0778,070052,2,9,000015,0,1,32800,32759,00000,00000
BCN,8471,0776,070052,2,9,000015,0,1,32800,32759,00000,00000
BCN,8472,0778,070052,2,9,000015,0,1,32800,32759,00000,00000
BCN,8473,0777,070052,2,9,000015,0,1,32800,32759,00000,00000
BCN,8474,0778,063843,2,8,000016,0,2,32800,32759,00000,00000
BCN,8475,0776,063843,2,8,000016,0,2,32800,32759,00000,00000
BCN,8476,0778,063843,2,8,000016,0,2,32800,32759,00000,00000
BCN,8477,0776,063843,2,8,000016,0,2,32800,32759,00000,00000
BCN,8478,0778,063843,2,8,000016,0,2,32800,32759,00000,00000
BCN,8479,0776,063843,2,8,000016,0,2,32800,32759,00000,00000
BCN,8480,0778,067874,2,9,000014,0,1,32800,32759,00000,00000
BCN,8481,0776,067874,2,9,000014,0,1,32800,32759,00000,00000
BCN,8482,0778,067874,2,9,000014,0,1,32800,32759,00000,00000
BCN,8483,0776,067874,2,9,000014,0,1,32800,32759,00000,00000
BCN,8484,0778,067874,2,9,000014,0,1,32800,32759,00000,00000
BCN,8485,0776,067874,2,9,000014,0,1,32800,32759,00000,00000
BCN,8486,0778,061756,2,8,000015,0,1,32800,32759,00000,00000
BCN,8487,0776,061756,2,8,000015,0,1,32800,32759,00000,00000
BCN,8488,0778,061756,2,8,000015,0,1,32800,32759,00000,00000
BCN,8489,0776,061756,2,8,000015,0,1,32800,32759,00000,00000
BCN,8490,0778,061756,2,8,000015,0,1,32800,32759,00000,00000
BCN,8491,0777,061756,2,8,000015,0,1,32800,32759,00000,00000
BCN,8492,0778,063791,2,8,000016,0,2,32799,32759,00000,00000
BCN,8493,0777,063791,2,8,000016,0,2,32799,32759,00000,00000
BCN,8494,0778,063791,2,8,000016,0,2,32799,32759,00000,00000
BCN,8495,0776,063791,2,8,000016,0,2,32799,32759,00000,00000
BCN,8496,0778,063791,2,8,000016,0,2,32799,32759,00000,00000
BCN,8497,0776,063791,2,8,000016,0,2,32799,32759,00000,00000
BCN,8498,0778,063973,2,8,000015,0,1,32799,32759,00000,00000
BCN,8499,0776,063973,2,8,000015,0,1,32799,32759,00000,00000
BCN,8500,0778,063973,2,8,000015,0,1,32799,32759,00000,00000
BCN,8501,0776,063973,2,8,000015,0,1,32799,32759,00000,00000
BCN,8502,0778,063973,2,8,000015,0,1,32799,32759,00000,00000
BCN,8503,0776,063973,2,8,000015,0,1,32799,32759,00000,00000
BCN,8504,0778,072256,2,9,000015,0,1,32800,32759,00000,00000
BCN,8505,0776,072256,2,9,000015,0,1,32800,32759,00000,00000
BCN,8506,0778,072256,2,9,000015,0,1,32800,32759,00000,00000
BCN,8507,0776,072256,2,9,000015,0,1,32800,32759,00000,00000
BCN,8508,0778,072256,2,9,000015,0,1,32800,32759,00000,00000
BCN,8509,0777,072256,2,9,000015,0,1,32800,32759,00000,00000
BCN,8510,0778,072256,2,9,000015,0,1,32800,32759,00000,00000
BCN,8511,0776,068056,2,9,000015,0,1,32800,32759,00000,00000
BCN,8512,0778,068056,2,9,000015,0,1,32800,32759,00000,00000
BCN,8513,0777,068056,2,9,000015,0,1,32800,32759,00000,00000
BCN,8514,0778,068056,2,9,000015,0,1,32800,32759,00000,00000
BCN,8515,0777,068056,2,9,000015,0,1,32800,32759,00000,00000
BCN,8516,0778,068056,2,9,000015,0,1,32800,32759,00000,00000
BCN,8517,0777,066190,2,9,000016,0,2,32800,32759,00000,00000
BCN,8518,0778,066190,2,9,000016,0,2,32800,32759,00000,00000
BCN,8519,0776,066190,2,9,000016,0,2,32800,32759,00000,00000
BCN,8520,0778,066190,2,9,000016,0,2,32800,32759,00000,00000
BCN,8521,0777,066190,2,9,000016,0,2,32800,32759,00000,00000
BCN,8522,0778,066190,2,9,000016,0,2,32800,32759,00000,00000
BCN,8523,0776,060124,2,8,000014,0,1,32799,32759,00000,00000
BCN,8524,0778,060124,2,8,000014,0,1,32799,32759,00000,00000
BCN,8525,0776,060124,2,8,000014,0,1,32799,32759,00000,00000
BCN,8526,0778,060124,2,8,000014,0,1,32799,32759,00000,00000
BCN,8527,0776,060124,2,8,000014,0,1,32799,32759,00000,00000
BCN,8528,0778,060124,2,8,000014,0,1,32799,32759,00000,00000
BCN,8529,0776,064064,2,8,000015,0,1,32800,32759,00000,00000
BCN,8530,0778,064064,2,8,000015,0,1,32800,32759,00000,00000
BCN,8531,0776,064064,2,8,000015,0,1,32800,32759,00000,00000
BCN,8532,0778,064064,2,8,000015,0,1,32800,32759,00000,00000
BCN,8533,0777,064064,2,8,000015,0,1,32800,32759,00000,00000
BCN,8534,0778,064064,2,8,000015,0,1,32800,32759,00000,00000
BCN,8535,0776,066268,2,9,000014,0,1,32800,32759,00000,00000
BCN,8536,0778,066268,2,9,000014,0,1,32800,32759,00000,00000
BCN,8537,0776,066268,2,9,000014,0,1,32800,32759,00000,00000
BCN,8538,0778,066268,2,9,000014,0,1,32800,32759,00000,00000
BCN,8539,0776,066268,2,9,000014,0,1,32800,32759,00000,00000
BCN,8540,0778,066268,2,9,000014,0,1,32800,32759,00000,00000
BCN,8541,0776,062146,2,8,000013,0,1,32799,32759,00000,00000
BCN,8542,0779,062146,2,8,000013,0,1,32799,32759,00000,00000
BCN,8543,0776,062146,2,8,000013,0,1,32799,32759,00000,00000
BCN,8544,0778,062146,2,8,000013,0,1,32799,32759,00000,00000
BCN,8545,0777,062146,2,8,000013,0,1,32799,32759,00000,00000
BCN,8546,0778,062146,2,8,000013,0,1,32799,32759,00000,00000
BCN,8547,0776,062146,2,8,000013,0,1,32799,32759,00000,00000
BCN,8548,0778,064051,2,8,000016,0,2,32800,32759,00000,00000
BCN,8549,0776,064051,2,8,000016,0,2,32800,32759,00000,00000
BCN,8550,0778,064051,2,8,000016,0,2,32800,32759,00000,00000
BCN,8551,0776,064051,2,8,000016,0,2,32800,32759,00000,00000
BCN,8552,0779,064051,2,8,000016,0,2,32800,32759,00000,00000
BCN,8553,0776,064051,2,8,000016,0,2,32800,32759,00000,00000
BCN,8554,0778,066255,2,9,000014,0,1,32800,32759,00000,00000
BCN,8555,0776,066255,2,9,000014,0,1,32800,32759,00000,00000
BCN,8556,0778,066255,2,9,000014,0,1,32800,32759,00000,00000
BCN,8557,0776,066255,2,9,000014,0,1,32800,32759,00000,00000
BCN,8558,0778,066255,2,9,000014,0,1,32800,32759,00000,00000
BCN,8559,0776,066255,2,9,000014,0,1,32800,32759,00000,00000
BCN,8560,0779,062133,2,8,000015,0,2,32799,32759,00000,00000
BCN,8561,0776,062133,2,8,000015,0,2,32799,32759,00000,00000
BCN,8562,0779,062133,2,8,000015,0,2,32799,32759,00000,00000
BCN,8563,0776,062133,2,8,000015,0,2,32799,32759,00000,00000
BCN,8564,0779,062133,2,8,000015,0,2,32799,32759,00000,00000
BCN,8565,0776,062133,2,8,000015,0,2,32799,32759,00000,00000
BCN,8566,0778,064038,2,8,000015,0,1,32800,32759,00000,00000
BCN,8567,0776,064038,2,8,000015,0,1,32800,32759,00000,00000
BCN,8568,0779,064038,2,8,000015,0,1,32800,32759,00000,00000
BCN,8569,0776,064038,2,8,000015,0,1,32800,32759,00000,00000
BCN,8570,0779,064038,2,8,000015,0,1,32800,32759,00000,00000
BCN,8571,0776,064038,2,8,000015,0,1,32800,32759,00000,00000
BCN,8572,0779,066255,2,9,000015,0,2,32800,32759,00000,00000
BCN,8573,0776,066255,2,9,000015,0,2,32800,32759,00000,00000
BCN,8574,0778,066255,2,9,000015,0,2,32800,32759,00000,00000
BCN,8575,0776,066255,2,9,000015,0,2,32800,32759,00000,00000
BCN,8576,0779,066255,2,9,000015,0,2,32800,32759,00000,00000
BCN,8577,0776,066255,2,9,000015,0,2,32800,32759,00000,00000
BCN,8578,0779,062133,2,8,000018,0,2,32799,32759,00000,00000
BCN,8579,0776,062133,2,8,000018,0,2,32799,32759,00000,00000
BCN,8580,0779,062133,2,8,000018,0,2,32799,32759,00000,00000
BCN,8581,0776,062133,2,8,000018,0,2,32799,32759,00000,00000
BCN,8582,0779,062133,2,8,000018,0,2,32799,32759,00000,00000
BCN,8583,0776,062133,2,8,000018,0,2,32799,32759,00000,00000
BCN,8584,0779,062133,2,8,000018,0,2,32799,32759,00000,00000
BCN,8585,0776,064038,2,8,000014,0,1,32800,32759,00000,00000
BCN,8586,0779,064038,2,8,000014,0,1,32800,32759,00000,00000
BCN,8587,0776,064038,2,8,000014,0,1,32800,32759,00000,00000
BCN,8588,0778,064038,2,8,000014,0,1,32800,32759,00000,00000
BCN,8589,0776,064038,2,8,000014,0,1,32800,32759,00000,00000
BCN,8590,0779,064038,2,8,000014,0,1,32800,32759,00000,00000
BCN,8591,0776,066255,2,9,000016,0,2,32800,32759,00000,00000
BCN,8592,0779,066255,2,9,000016,0,2,32800,32759,00000,00000
BCN,8593,0776,066255,2,9,000016,0,2,32800,32759,00000,00000
BCN,8594,0778,066255,2,9,000016,0,2,32800,32759,00000,00000
BCN,8595,0776,066255,2,9,000016,0,2,32800,32759,00000,00000
BCN,8596,0779,066255,2,9,000016,0,2,32800,32759,00000,00000
BCN,8597,0776,064090,2,8,000014,0,1,32799,32759,00000,00000
BCN,8598,0779,064090,2,8,000014,0,1,32799,32759,00000,00000
BCN,8599,0776,064090,2,8,000014,0,1,32799,32759,00000,00000
BCN,8600,0779,064090,2,8,000014,0,1,32799,32759,00000,00000
BCN,8601,0776,064090,2,8,000014,0,1,32799,32759,00000,00000
BCN,8602,0779,064090,2,8,000014,0,1,32799,32759,00000,00000
BCN,8603,0776,063973,2,8,000014,0,1,32800,32759,00000,00000
BCN,8604,0779,063973,2,8,000014,0,1,32800,32759,00000,00000
BCN,8605,0776,063973,2,8,000014,0,1,32800,32759,00000,00000
BCN,8606,0779,063973,2,8,000014,0,1,32800,32759,00000,00000
BCN,8607,0776,063973,2,8,000014,0,1,32800,32759,00000,00000
BCN,8608,0779,063973,2,8,000014,0,1,32800,32759,00000,00000
BCN,8609,0776,066203,2,9,000013,0,1,32800,32759,00000,00000
BCN,8610,0779,066203,2,9,000013,0,1,32800,32759,00000,00000
BCN,8611,0776,066203,2,9,000013,0,1,32800,32759,00000,00000
BCN,8612,0779,066203,2,9,000013,0,1,32800,32759,00000,00000
BCN,8613,0776,066203,2,9,000013,0,1,32800,32759,00000,00000
BCN,8614,0779,066203,2,9,000013,0,1,32800,32759,00000,00000
BCN,8615,0776,064051,2,8,000012,0,1,32799,32759,00000,00000
BCN,8616,0779,064051,2,8,000012,0,1,32799,32759,00000,00000
BCN,8617,0776,064051,2,8,000012,0,1,32799,32759,00000,00000
BCN,8618,0779,064051,2,8,000012,0,1,32799,32759,00000,00000
BCN,8619,0776,064051,2,8,000012,0,1,32799,32759,00000,00000
BCN,8620,0779,064051,2,8,000012,0,1,32799,32759,00000,00000
BCN,8621,0776,064051,2,8,000012,0,1,32799,32759,00000,00000
BCN,8622,0779,061795,2,8,000012,0,1,32800,32759,00000,00000
BCN,8623,0776,061795,2,8,000012,0,1,32800,32759,00000,00000
BCN,8624,0779,061795,2,8,000012,0,1,32800,32759,00000,00000
BCN,8625,0776,061795,2,8,000012,0,1,32800,32759,00000,00000
BCN,8626,0779,061795,2,8,000012,0,1,32800,32759,00000,00000
BCN,8627,0776,061795,2,8,000012,0,1,32800,32759,00000,00000
BCN,8628,0779,063960,2,8,000013,0,1,32800,32759,00000,00000
BCN,8629,0776,063960,2,8,000013,0,1,32800,32759,00000,00000
BCN,8630,0779,063960,2,8,000013,0,1,32800,32759,00000,00000
BCN,8631,0776,063960,2,8,000013,0,1,32800,32759,00000,00000
BCN,8632,0779,063960,2,8,000013,0,1,32800,32759,00000,00000
BCN,8633,0776,063960,2,8,000013,0,1,32800,32759,00000,00000
BCN,8634,0779,063908,2,8,000014,0,1,32799,32759,00000,00000
BCN,8635,0776,063908,2,8,000014,0,1,32799,32759,00000,00000
BCN,8636,0779,063908,2,8,000014,0,1,32799,32759,00000,00000
BCN,8637,0776,063908,2,8,000014,0,1,32799,32759,00000,00000
BCN,8638,0779,063908,2,8,000014,0,1,32799,32759,00000,00000
BCN,8639,0776,063908,2,8,000014,0,1,32799,32759,00000,00000
BCN,8640,0779,059773,2,8,000013,0,1,32799,32759,00000,00000
BCN,8641,0776,059773,2,8,000013,0,1,32799,32759,00000,00000
BCN,8642,0779,059773,2,8,000013,0,1,32799,32759,00000,00000
BCN,8643,0776,059773,2,8,000013,0,1,32799,32759,00000,00000
BCN,8644,0779,059773,2,8,000013,0,1,32799,32759,00000,00000
BCN,8645,0776,059773,2,8,000013,0,1,32799,32759,00000,00000
BCN,8646,0779,070026,2,9,000013,0,1,32800,32759,00000,00000
BCN,8647,0776,070026,2,9,000013,0,1,32800,32759,00000,00000
BCN,8648,0779,070026,2,9,000013,0,1,32800,32759,00000,00000
BCN,8649,0776,070026,2,9,000013,0,1,32800,32759,00000,00000
BCN,8650,0779,070026,2,9,000013,0,1,32800,32759,00000,00000
BCN,8651,0776,070026,2,9,000013,0,1,32800,32759,00000,00000
BCN,8652,0779,063817,2,8,000014,0,1,32800,32759,00000,00000
BCN,8653,0776,063817,2,8,000014,0,1,32800,32759,00000,00000
BCN,8654,0779,063817,2,8,000014,0,1,32800,32759,00000,00000
BCN,8655,0776,063817,2,8,000014,0,1,32800,32759,00000,00000
BCN,8656,0779,063817,2,8,000014,0,1,32800,32759,00000,00000
BCN,8657,0776,063817,2,8,000014,0,1,32800,32759,00000,00000
BCN,8658,0779,063817,2,8,000014,0,1,32800,32759,00000,00000
BCN,8659,0776,067848,2,9,000014,0,1,32800,32759,00000,00000
BCN,8660,0779,067848,2,9,000014,0,1,32800,32759,00000,00000
BCN,8661,0776,067848,2,9,000014,0,1,32800,32759,00000,00000
BCN,8662,0779,067848,2,9,000014,0,1,32800,32759,00000,00000
BCN,8663,0776,067848,2,9,000014,0,1,32800,32759,00000,00000
BCN,8664,0779,067848,2,9,000014,0,1,32800,32759,00000,00000
BCN,8665,0776,061743,2,8,000014,0,1,32800,32759,00000,00000
BCN,8666,0779,061743,2,8,000014,0,1,32800,32759,00000,00000
BCN,8667,0776,061743,2,8,000014,0,1,32800,32759,00000,00000
BCN,8668,0779,061743,2,8,000014,0,1,32800,32759,00000,00000
BCN,8669,0776,061743,2,8,000014,0,1,32800,32759,00000,00000
BCN,8670,0779,061743,2,8,000014,0,1,32800,32759,00000,00000
BCN,8671,0776,063791,2,8,000013,0,1,32799,32759,00000,00000
BCN,8672,0779,063791,2,8,000013,0,1,32799,32759,00000,00000
BCN,8673,0776,063791,2,8,000013,0,1,32799,32759,00000,00000
BCN,8674,0779,063791,2,8,000013,0,1,32799,32759,00000,00000
BCN,8675,0776,063791,2,8,000013,0,1,32799,32759,00000,00000
BCN,8676,0779,063791,2,8,000013,0,1,32799,32759,00000,00000
BCN,8677,0776,063973,2,8,000013,0,1,32799,32759,00000,00000
BCN,8678,0779,063973,2,8,000013,0,1,32799,32759,00000,00000
BCN,8679,0776,063973,2,8,000013,0,1,32799,32759,00000,00000
BCN,8680,0779,063973,2,8,000013,0,1,32799,32759,00000,00000
BCN,8681,0776,063973,2,8,000013,0,1,32799,32759,00000,00000
BCN,8682,0779,063973,2,8,000013,0,1,32799,32759,00000,00000
BCN,8683,0776,072256,2,9,000012,0,1,32800,32759,00000,00000
BCN,8684,0779,072256,2,9,000012,0,1,32800,32759,00000,00000
BCN,8685,0776,072256,2,9,000012,0,1,32800,32759,00000,00000
BCN,8686,0779,072256,2,9,000012,0,1,32800,32759,00000,00000
BCN,8687,0776,072256,2,9,000012,0,1,32800,32759,00000,00000
BCN,8688,0779,072256,2,9,000012,0,1,32800,32759,00000,00000
BCN,8689,0776,068043,2,9,000012,0,1,32800,32759,00000,00000
BCN,8690,0779,068043,2,9,000012,0,1,32800,32759,00000,00000
BCN,8691,0776,068043,2,9,000012,0,1,32800,32759,00000,00000
BCN,8692,0779,068043,2,9,000012,0,1,32800,32759,00000,00000
BCN,8693,0776,068043,2,9,000012,0,1,32800,32759,00000,00000
BCN,8694,0779,068043,2,9,000012,0,1,32800,32759,00000,00000
BCN,8695,0776,068043,2,9,000012,0,1,32800,32759,00000,00000
BCN,8696,0779,066177,2,9,000012,0,1,32800,32759,00000,00000
BCN,8697,0776,066177,2,9,000012,0,1,32800,32759,00000,00000
BCN,8698,0779,066177,2,9,000012,0,1,32800,32759,00000,00000
BCN,8699,0776,066177,2,9,000012,0,1,32800,32759,00000,00000
BCN,8700,0779,066177,2,9,000012,0,1,32800,32759,00000,00000
BCN,8701,0776,066177,2,9,000012,0,1,32800,32759,00000,00000
BCN,8702,0779,060111,2,8,000013,0,1,32799,32759,00000,00000
BCN,8703,0776,060111,2,8,000013,0,1,32799,32759,00000,00000
BCN,8704,0779,060111,2,8,000013,0,1,32799,32759,00000,00000
BCN,8705,0776,060111,2,8,000013,0,1,32799,32759,00000,00000
BCN,8706,0779,060111,2,8,000013,0,1,32799,32759,00000,00000
BCN,8707,0776,060111,2,8,000013,0,1,32799,32759,00000,00000
BCN,8708,0779,064064,2,8,000014,0,1,32800,32759,00000,00000
BCN,8709,0776,064064,2,8,000014,0,1,32800,32759,00000,00000
BCN,8710,0779,064064,2,8,000014,0,1,32800,32759,00000,00000
BCN,8711,0776,064064,2,8,000014,0,1,32800,32759,00000,00000
BCN,8712,0779,064064,2,8,000014,0,1,32800,32759,00000,00000
BCN,8713,0776,064064,2,8,000014,0,1,32800,32759,00000,00000
BCN,8714,0779,066268,2,9,000014,0,2,32800,32759,00000,00000
BCN,8715,0776,066268,2,9,000014,0,2,32800,32759,00000,00000
BCN,8716,0779,066268,2,9,000014,0,2,32800,32759,00000,00000
BCN,8717,0776,066268,2,9,000014,0,2,32800,32759,00000,00000
BCN,8718,0779,066268,2,9,000014,0,2,32800,32759,00000,00000
BCN,8719,0776,066268,2,9,000014,0,2,32800,32759,00000,00000
BCN,8720,0779,062146,2,8,000013,0,1,32799,32759,00000,00000
BCN,8721,0776,062146,2,8,000013,0,1,32799,32759,00000,00000
BCN,8722,0779,062146,2,8,000013,0,1,32799,32759,00000,00000
BCN,8723,0776,062146,2,8,000013,0,1,32799,32759,00000,00000
BCN,8724,0779,062146,2,8,000013,0,1,32799,32759,00000,00000
BCN,8725,0776,062146,2,8,000013,0,1,32799,32759,00000,00000
BCN,8726,0779,064051,2,8,000014,0,2,32800,32759,00000,00000
BCN,8727,0776,064051,2,8,000014,0,2,32800,32759,00000,00000
BCN,8728,0779,064051,2,8,000014,0,2,32800,32759,00000,00000
BCN,8729,0776,064051,2,8,000014,0,2,32800,32759,00000,00000
BCN,8730,0779,064051,2,8,000014,0,2,32800,32759,00000,00000
BCN,8731,0776,064051,2,8,000014,0,2,32800,32759,00000,00000
BCN,8732,0779,064051,2,8,000014,0,2,32800,32759,00000,00000
BCN,8733,0775,066255,2,9,000013,0,1,32800,32759,00000,00000
BCN,8734,0779,066255,2,9,000013,0,1,32800,32759,00000,00000
BCN,8735,0775,066255,2,9,000013,0,1,32800,32759,00000,00000
BCN,8736,0779,066255,2,9,000013,0,1,32800,32759,00000,00000
BCN,8737,0775,066255,2,9,000013,0,1,32800,32759,00000,00000
BCN,8738,0779,066255,2,9,000013,0,1,32800,32759,00000,00000
BCN,8739,0776,060176,2,8,000015,0,1,32799,32759,00000,00000
BCN,8740,0779,060176,2,8,000015,0,1,32799,32759,00000,00000
BCN,8741,0776,060176,2,8,000015,0,1,32799,32759,00000,00000
BCN,8742,0779,060176,2,8,000015,0,1,32799,32759,00000,00000
BCN,8743,0775,060176,2,8,000015,0,1,32799,32759,00000,00000
BCN,8744,0779,060176,2,8,000015,0,1,32799,32759,00000,00000
BCN,8745,0775,064103,2,8,000017,0,2,32800,32759,00000,00000
BCN,8746,0779,064103,2,8,000017,0,2,32800,32759,00000,00000
BCN,8747,0775,064103,2,8,000017,0,2,32800,32759,00000,00000
BCN,8748,0779,064103,2,8,000017,0,2,32800,32759,00000,00000
BCN,8749,0775,064103,2,8,000017,0,2,32800,32759,00000,00000
BCN,8750,0779,064103,2,8,000017,0,2,32800,32759,00000,00000
BCN,8751,0775,066294,2,9,000017,0,2,32800,32759,00000,00000
BCN,8752,0779,066294,2,9,000017,0,2,32800,32759,00000,00000
BCN,8753,0775,066294,2,9,000017,0,2,32800,32759,00000,00000
BCN,8754,0779,066294,2,9,000017,0,2,32800,32759,00000,00000
BCN,8755,0776,066294,2,9,000017,0,2,32800,32759,00000,00000
BCN,8756,0779,066294,2,9,000017,0,2,32800,32759,00000,00000
BCN,8757,0775,060202,2,8,000019,0,2,32799,32759,00000,00000
BCN,8758,0779,060202,2,8,000019,0,2,32799,32759,00000,00000
BCN,8759,0775,060202,2,8,000019,0,2,32799,32759,00000,00000
BCN,8760,0779,060202,2,8,000019,0,2,32799,32759,00000,00000
BCN,8761,0776,060202,2,8,000019,0,2,32799,32759,00000,00000
BCN,8762,0779,060202,2,8,000019,0,2,32799,32759,00000,00000
BCN,8763,0775,064129,2,8,000016,0,2,32800,32759,00000,00000
BCN,8764,0779,064129,2,8,000016,0,2,32800,32759,00000,00000
BCN,8765,0775,064129,2,8,000016,0,2,32800,32759,00000,00000
BCN,8766,0779,064129,2,8,000016,0,2,32800,32759,00000,00000
BCN,8767,0775,064129,2,8,000016,0,2,32800,32759,00000,00000
BCN,8768,0779,064129,2,8,000016,0,2,32800,32759,00000,00000
BCN,8769,0775,064129,2,8,000016,0,2,32800,32759,00000,00000
BCN,8770,0779,066320,2,9,000019,0,2,32800,32759,00000,00000
BCN,8771,0775,066320,2,9,000019,0,2,32800,32759,00000,00000
BCN,8772,0779,066320,2,9,000019,0,2,32800,32759,00000,00000
BCN,8773,0776,066320,2,9,000019,0,2,32800,32759,00000,00000
BCN,8774,0779,066320,2,9,000019,0,2,32800,32759,00000,00000
BCN,8775,0776,066320,2,9,000019,0,2,32800,32759,00000,00000
BCN,8776,0779,060215,2,8,000019,0,2,32799,32759,00000,00000
BCN,8777,0775,060215,2,8,000019,0,2,32799,32759,00000,00000
BCN,8778,0779,060215,2,8,000019,0,2,32799,32759,00000,00000
BCN,8779,0776,060215,2,8,000019,0,2,32799,32759,00000,00000
BCN,8780,0779,060215,2,8,000019,0,2,32799,32759,00000,00000
BCN,8781,0775,060215,2,8,000019,0,2,32799,32759,00000,00000
BCN,8782,0779,064142,2,8,000015,0,2,32800,32759,00000,00000
BCN,8783,0775,064142,2,8,000015,0,2,32800,32759,00000,00000
BCN,8784,0779,064142,2,8,000015,0,2,32800,32759,00000,00000
BCN,8785,0775,064142,2,8,000015,0,2,32800,32759,00000,00000
BCN,8786,0779,064142,2,8,000015,0,2,32800,32759,00000,00000
BCN,8787,0775,064142,2,8,000015,0,2,32800,32759,00000,00000
BCN,8788,0779,066320,2,9,000016,0,2,32800,32759,00000,00000
BCN,8789,0775,066320,2,9,000016,0,2,32800,32759,00000,00000
BCN,8790,0779,066320,2,9,000016,0,2,32800,32759,00000,00000
BCN,8791,0776,066320,2,9,000016,0,2,32800,32759,00000,00000
BCN,8792,0779,066320,2,9,000016,0,2,32800,32759,00000,00000
BCN,8793,0775,066320,2,9,000016,0,2,32800,32759,00000,00000
BCN,8794,0779,060228,2,8,000020,0,2,32799,32759,00000,00000
BCN,8795,0775,060228,2,8,000020,0,2,32799,32759,00000,00000
BCN,8796,0779,060228,2,8,000020,0,2,32799,32759,00000,00000
BCN,8797,0776,060228,2,8,000020,0,2,32799,32759,00000,00000
BCN,8798,0779,060228,2,8,000020,0,2,32799,32759,00000,00000
BCN,8799,0776,060228,2,8,000020,0,2,32799,32759,00000,00000
BCN,8800,0779,064142,2,8,000017,0,2,32800,32759,00000,00000
BCN,8801,0775,064142,2,8,000017,0,2,32800,32759,00000,00000
BCN,8802,0779,064142,2,8,000017,0,2,32800,32759,00000,00000
BCN,8803,0775,064142,2,8,000017,0,2,32800,32759,00000,00000
BCN,8804,0779,064142,2,8,000017,0,2,32800,32759,00000,00000
BCN,8805,0776,064142,2,8,000017,0,2,32800,32759,00000,00000
BCN,8806,0779,064142,2,8,000017,0,2,32800,32759,00000,00000
BCN,8807,0775,066320,2,9,000021,0,2,32800,32759,00000,00000
BCN,8808,0779,066320,2,9,000021,0,2,32800,32759,00000,00000
BCN,8809,0775,066320,2,9,000021,0,2,32800,32759,00000,00000
BCN,8810,0779,066320,2,9,000021,0,2,32800,32759,00000,00000
BCN,8811,0775,066320,2,9,000021,0,2,32800,32759,00000,00000
BCN,8812,0779,066320,2,9,000021,0,2,32800,32759,00000,00000
BCN,8813,0775,062185,2,8,000020,0,2,32799,32759,00000,00000
BCN,8814,0779,062185,2,8,000020,0,2,32799,32759,00000,00000
BCN,8815,0775,062185,2,8,000020,0,2,32799,32759,00000,00000
BCN,8816,0779,062185,2,8,000020,0,2,32799,32759,00000,00000
BCN,8817,0775,062185,2,8,000020,0,2,32799,32759,00000,00000
BCN,8818,0779,062185,2,8,000020,0,2,32799,32759,00000,00000
BCN,8819,0775,064077,2,8,000019,0,2,32800,32759,00000,00000
BCN,8820,0779,064077,2,8,000019,0,2,32800,32759,00000,00000
BCN,8821,0775,064077,2,8,000019,0,2,32800,32759,00000,00000
BCN,8822,0779,064077,2,8,000019,0,2,32800,32759,00000,00000
BCN,8823,0775,064077,2,8,000019,0,2,32800,32759,00000,00000
BCN,8824,0779,064077,2,8,000019,0,2,32800,32759,00000,00000
BCN,8825,0775,066281,2,9,000019,0,2,32800,32759,00000,00000
BCN,8826,0779,066281,2,9,000019,0,2,32800,32759,00000,00000
BCN,8827,0775,066281,2,9,000019,0,2,32800,32759,00000,00000
BCN,8828,0779,066281,2,9,000019,0,2,32800,32759,00000,00000
BCN,8829,0776,066281,2,9,000019,0,2,32800,32759,00000,00000
BCN,8830,0779,066281,2,9,000019,0,2,32800,32759,00000,00000
BCN,8831,0775,064116,2,8,000017,0,2,32799,32759,00000,00000
BCN,8832,0779,064116,2,8,000017,0,2,32799,32759,00000,00000
BCN,8833,0775,064116,2,8,000017,0,2,32799,32759,00000,00000
BCN,8834,0779,064116,2,8,000017,0,2,32799,32759,00000,00000
BCN,8835,0775,064116,2,8,000017,0,2,32799,32759,00000,00000
BCN,8836,0779,064116,2,8,000017,0,2,32799,32759,00000,00000
BCN,8837,0775,061834,2,8,000015,0,1,32800,32759,00000,00000
BCN,8838,0779,061834,2,8,000015,0,1,32800,32759,00000,00000
BCN,8839,0775,061834,2,8,000015,0,1,32800,32759,00000,00000
BCN,8840,0779,061834,2,8,000015,0,1,32800,32759,00000,00000
BCN,8841,0775,061834,2,8,000015,0,1,32800,32759,00000,00000
BCN,8842,0779,061834,2,8,000015,0,1,32800,32759,00000,00000
BCN,8843,0775,061834,2,8,000015,0,1,32800,32759,00000,00000
BCN,8844,0779,063986,2,8,000015,0,1,32800,32759,00000,00000
BCN,8845,0775,063986,2,8,000015,0,1,32800,32759,00000,00000
BCN,8846,0779,063986,2,8,000015,0,1,32800,32759,00000,00000
BCN,8847,0775,063986,2,8,000015,0,1,32800,32759,00000,00000
BCN,8848,0779,063986,2,8,000015,0,1,32800,32759,00000,00000
BCN,8849,0775,063986,2,8,000015,0,1,32800,32759,00000,00000
BCN,8850,0779,063934,2,8,000017,0,2,32799,32759,00000,00000
BCN,8851,0775,063934,2,8,000017,0,2,32799,32759,00000,00000
BCN,8852,0779,063934,2,8,000017,0,2,32799,32759,00000,00000
BCN,8853,0775,063934,2,8,000017,0,2,32799,32759,00000,00000
BCN,8854,0779,063934,2,8,000017,0,2,32799,32759,00000,00000
BCN,8855,0775,063934,2,8,000017,0,2,32799,32759,00000,00000
BCN,8856,0779,061704,2,8,000015,0,1,32800,32759,00000,00000
BCN,8857,0776,061704,2,8,000015,0,1,32800,32759,00000,00000
BCN,8858,0779,061704,2,8,000015,0,1,32800,32759,00000,00000
BCN,8859,0775,061704,2,8,000015,0,1,32800,32759,00000,00000
BCN,8860,0779,061704,2,8,000015,0,1,32800,32759,00000,00000
BCN,8861,0775,061704,2,8,000015,0,1,32800,32759,00000,00000
BCN,8862,0779,061743,2,8,000017,0,2,32800,32759,00000,00000
BCN,8863,0775,061743,2,8,000017,0,2,32800,32759,00000,00000
BCN,8864,0779,061743,2,8,000017,0,2,32800,32759,00000,00000
BCN,8865,0775,061743,2,8,000017,0,2,32800,32759,00000,00000
BCN,8866,0779,061743,2,8,000017,0,2,32800,32759,00000,00000
BCN,8867,0775,061743,2,8,000017,0,2,32800,32759,00000,00000
BCN,8868,0779,063791,2,8,000014,0,1,32799,32759,00000,00000
BCN,8869,0775,063791,2,8,000014,0,1,32799,32759,00000,00000
BCN,8870,0779,063791,2,8,000014,0,1,32799,32759,00000,00000
BCN,8871,0775,063791,2,8,000014,0,1,32799,32759,00000,00000
BCN,8872,0779,063791,2,8,000014,0,1,32799,32759,00000,00000
BCN,8873,0775,063791,2,8,000014,0,1,32799,32759,00000,00000
BCN,8874,0779,059669,2,8,000018,0,2,32799,32759,00000,00000
BCN,8875,0775,059669,2,8,000018,0,2,32799,32759,00000,00000
BCN,8876,0779,059669,2,8,000018,0,2,32799,32759,00000,00000
BCN,8877,0775,059669,2,8,000018,0,2,32799,32759,00000,00000
BCN,8878,0779,059669,2,8,000018,0,2,32799,32759,00000,00000
BCN,8879,0775,059669,2,8,000018,0,2,32799,32759,00000,00000
BCN,8880,0779,059669,2,8,000018,0,2,32799,32759,00000,00000
BCN,8881,0775,069961,2,9,000017,0,2,32800,32759,00000,00000
BCN,8882,0779,069961,2,9,000017,0,2,32800,32759,00000,00000
BCN,8883,0775,069961,2,9,000017,0,2,32800,32759,00000,00000
BCN,8884,0779,069961,2,9,000017,0,2,32800,32759,00000,00000
BCN,8885,0775,069961,2,9,000017,0,2,32800,32759,00000,00000
BCN,8886,0779,069961,2,9,000017,0,2,32800,32759,00000,00000
BCN,8887,0775,063778,2,8,000014,0,1,32800,32759,00000,00000
BCN,8888,0779,063778,2,8,000014,0,1,32800,32759,00000,00000
BCN,8889,0775,063778,2,8,000014,0,1,32800,32759,00000,00000
BCN,8890,0779,063778,2,8,000014,0,1,32800,32759,00000,00000
BCN,8891,0775,063778,2,8,000014,0,1,32800,32759,00000,00000
BCN,8892,0779,063778,2,8,000014,0,1,32800,32759,00000,00000
BCN,8893,0775,067809,2,9,000015,0,2,32800,32759,00000,00000
BCN,8894,0779,067809,2,9,000015,0,2,32800,32759,00000,00000
BCN,8895,0775,067809,2,9,000015,0,2,32800,32759,00000,00000
BCN,8896,0779,067809,2,9,000015,0,2,32800,32759,00000,00000
BCN,8897,0775,067809,2,9,000015,0,2,32800,32759,00000,00000
BCN,8898,0779,067809,2,9,000015,0,2,32800,32759,00000,00000
BCN,8899,0775,061717,2,8,000015,0,1,32800,32759,00000,00000
BCN,8900,0779,061717,2,8,000015,0,1,32800,32759,00000,00000
BCN,8901,0775,061717,2,8,000015,0,1,32800,32759,00000,00000
BCN,8902,0779,061717,2,8,000015,0,1,32800,32759,00000,00000
BCN,8903,0775,061717,2,8,000015,0,1,32800,32759,00000,00000
BCN,8904,0779,061717,2,8,000015,0,1,32800,32759,00000,00000
BCN,8905,0775,063765,2,8,000016,0,2,32799,32759,00000,00000
BCN,8906,0779,063765,2,8,000016,0,2,32799,32759,00000,00000
BCN,8907,0776,063765,2,8,000016,0,2,32799,32759,00000,00000
BCN,8908,0779,063765,2,8,000016,0,2,32799,32759,00000,00000
BCN,8909,0776,063765,2,8,000016,0,2,32799,32759,00000,00000
BCN,8910,0779,063765,2,8,000016,0,2,32799,32759,00000,00000
BCN,8911,0775,061808,2,8,000015,0,1,32799,32759,00000,00000
BCN,8912,0779,061808,2,8,000015,0,1,32799,32759,00000,00000
BCN,8913,0775,061808,2,8,000015,0,1,32799,32759,00000,00000
BCN,8914,0779,061808,2,8,000015,0,1,32799,32759,00000,00000
BCN,8915,0775,061808,2,8,000015,0,1,32799,32759,00000,00000
BCN,8916,0779,061808,2,8,000015,0,1,32799,32759,00000,00000
BCN,8917,0775,061808,2,8,000015,0,1,32799,32759,00000,00000
BCN,8918,0779,072165,2,9,000015,0,1,32800,32759,00000,00000
BCN,8919,0776,072165,2,9,000015,0,1,32800,32759,00000,00000
BCN,8920,0779,072165,2,9,000015,0,1,32800,32759,00000,00000
BCN,8921,0775,072165,2,9,000015,0,1,32800,32759,00000,00000
BCN,8922,0779,072165,2,9,000015,0,1,32800,32759,00000,00000
BCN,8923,0775,072165,2,9,000015,0,1,32800,32759,00000,00000
BCN,8924,0779,066021,2,9,000015,0,1,32800,32759,00000,00000
BCN,8925,0775,066021,2,9,000015,0,1,32800,32759,00000,00000
BCN,8926,0779,066021,2,9,000015,0,1,32800,32759,00000,00000
BCN,8927,0775,066021,2,9,000015,0,1,32800,32759,00000,00000
BCN,8928,0779,066021,2,9,000015,0,1,32800,32759,00000,00000
BCN,8929,0775,066021,2,9,000015,0,1,32800,32759,00000,00000
BCN,8930,0779,053954,2,7,000016,0,2,32799,32759,00000,00000
BCN,8931,0776,053954,2,7,000016,0,2,32799,32759,00000,00000
BCN,8932,0779,053954,2,7,000016,0,2,32799,32759,00000,00000
BCN,8933,0775,053954,2,7,000016,0,2,32799,32759,00000,00000
BCN,8934,0779,053954,2,7,000016,0,2,32799,32759,00000,00000
BCN,8935,0775,053954,2,7,000016,0,2,32799,32759,00000,00000
BCN,8936,0779,053915,2,7,000016,0,2,32800,32759,00000,00000
BCN,8937,0775,053915,2,7,000016,0,2,32800,32759,00000,00000
BCN,8938,0779,053915,2,7,000016,0,2,32800,32759,00000,00000
BCN,8939,0775,053915,2,7,000016,0,2,32800,32759,00000,00000
BCN,8940,0779,053915,2,7,000016,0,2,32800,32759,00000,00000
BCN,8941,0775,053915,2,7,000016,0,2,32800,32759,00000,00000
BCN,8942,0779,060137,2,8,000014,0,1,32799,32759,00000,00000
BCN,8943,0775,060137,2,8,000014,0,1,32799,32759,00000,00000
BCN,8944,0779,060137,2,8,000014,0,1,32799,32759,00000,00000
BCN,8945,0775,060137,2,8,000014,0,1,32799,32759,00000,00000
BCN,8946,0779,060137,2,8,000014,0,1,32799,32759,00000,00000
BCN,8947,0776,060137,2,8,000014,0,1,32799,32759,00000,00000
BCN,8948,0779,064077,2,8,000015,0,1,32800,32759,00000,00000
BCN,8949,0775,064077,2,8,000015,0,1,32800,32759,00000,00000
BCN,8950,0779,064077,2,8,000015,0,1,32800,32759,00000,00000
BCN,8951,0776,064077,2,8,000015,0,1,32800,32759,00000,00000
BCN,8952,0779,064077,2,8,000015,0,1,32800,32759,00000,00000
BCN,8953,0775,064077,2,8,000015,0,1,32800,32759,00000,00000
BCN,8954,0779,064077,2,8,000015,0,1,32800,32759,00000,00000
BCN,8955,0776,066281,2,9,000016,0,2,32800,32759,00000,00000
BCN,8956,0779,066281,2,9,000016,0,2,32800,32759,00000,00000
BCN,8957,0776,066281,2,9,000016,0,2,32800,32759,00000,00000
BCN,8958,0779,066281,2,9,000016,0,2,32800,32759,00000,00000
BCN,8959,0776,066281,2,9,000016,0,2,32800,32759,00000,00000
BCN,8960,0779,066281,2,9,000016,0,2,32800,32759,00000,00000
BCN,8961,0775,062146,2,8,000015,0,1,32799,32759,00000,00000
BCN,8962,0779,062146,2,8,000015,0,1,32799,32759,00000,00000
BCN,8963,0776,062146,2,8,000015,0,1,32799,32759,00000,00000
BCN,8964,0779,062146,2,8,000015,0,1,32799,32759,00000,00000
BCN,8965,0775,062146,2,8,000015,0,1,32799,32759,00000,00000
BCN,8966,0779,062146,2,8,000015,0,1,32799,32759,00000,00000
BCN,8967,0775,061899,2,8,000015,0,1,32800,32759,00000,00000
BCN,8968,0779,061899,2,8,000015,0,1,32800,32759,00000,00000
BCN,8969,0775,061899,2,8,000015,0,1,32800,32759,00000,00000
BCN,8970,0779,061899,2,8,000015,0,1,32800,32759,00000,00000
BCN,8971,0775,061899,2,8,000015,0,1,32800,32759,00000,00000
BCN,8972,0779,061899,2,8,000015,0,1,32800,32759,00000,00000
BCN,8973,0776,061886,2,8,000015,0,1,32800,32759,00000,00000
BCN,8974,0779,061886,2,8,000015,0,1,32800,32759,00000,00000
BCN,8975,0776,061886,2,8,000015,0,1,32800,32759,00000,00000
BCN,8976,0779,061886,2,8,000015,0,1,32800,32759,00000,00000
BCN,8977,0775,061886,2,8,000015,0,1,32800,32759,00000,00000
BCN,8978,0779,061886,2,8,000015,0,1,32800,32759,00000,00000
BCN,8979,0775,063895,2,8,000014,0,1,32799,32759,00000,00000
BCN,8980,0779,063895,2,8,000014,0,1,32799,32759,00000,00000
BCN,8981,0775,063895,2,8,000014,0,1,32799,32759,00000,00000
BCN,8982,0779,063895,2,8,000014,0,1,32799,32759,00000,00000
BCN,8983,0775,063895,2,8,000014,0,1,32799,32759,00000,00000
BCN,8984,0779,063895,2,8,000014,0,1,32799,32759,00000,00000
BCN,8985,0775,059760,2,8,000014,0,1,32799,32759,00000,00000
BCN,8986,0779,059760,2,8,000014,0,1,32799,32759,00000,00000
BCN,8987,0776,059760,2,8,000014,0,1,32799,32759,00000,00000
BCN,8988,0779,059760,2,8,000014,0,1,32799,32759,00000,00000
BCN,8989,0775,059760,2,8,000014,0,1,32799,32759,00000,00000
BCN,8990,0779,059760,2,8,000014,0,1,32799,32759,00000,00000
BCN,8991,0775,059760,2,8,000014,0,1,32799,32759,00000,00000
BCN,8992,0779,070026,2,9,000014,0,1,32800,32759,00000,00000
BCN,8993,0775,070026,2,9,000014,0,1,32800,32759,00000,00000
BCN,8994,0779,070026,2,9,000014,0,1,32800,32759,00000,00000
BCN,8995,0775,070026,2,9,000014,0,1,32800,32759,00000,00000
BCN,8996,0779,070026,2,9,000014,0,1,32800,32759,00000,00000
BCN,8997,0775,070026,2,9,000014,0,1,32800,32759,00000,00000
BCN,8998,0779,063817,2,8,000015,0,1,32800,32759,00000,00000
BCN,8999,0775,063817,2,8,000015,0,1,32800,32759,00000,00000
BCN,9000,0779,063817,2,8,000015,0,1,32800,32759,00000,00000
BCN,9001,0775,063817,2,8,000015,0,1,32800,32759,00000,00000
BCN,9002,0779,063817,2,8,000015,0,1,32800,32759,00000,00000
BCN,9003,0775,063817,2,8,000015,0,1,32800,32759,00000,00000
BCN,9004,0779,065904,2,9,000014,0,1,32800,32759,00000,00000
BCN,9005,0775,065904,2,9,000014,0,1,32800,32759,00000,00000
BCN,9006,0779,065904,2,9,000014,0,1,32800,32759,00000,00000
BCN,9007,0776,065904,2,9,000014,0,1,32800,32759,00000,00000
BCN,9008,0779,065904,2,9,000014,0,1,32800,32759,00000,00000
BCN,9009,0775,065904,2,9,000014,0,1,32800,32759,00000,00000
BCN,9010,0779,059903,2,8,000015,0,1,32799,32759,00000,00000
BCN,9011,0775,059903,2,8,000015,0,1,32799,32759,00000,00000
BCN,9012,0779,059903,2,8,000015,0,1,32799,32759,00000,00000
BCN,9013,0775,059903,2,8,000015,0,1,32799,32759,00000,00000
BCN,9014,0779,059903,2,8,000015,0,1,32799,32759,00000,00000
BCN,9015,0776,059903,2,8,000015,0,1,32799,32759,00000,00000
BCN,9016,0779,063908,2,8,000014,0,1,32800,32759,00000,00000
BCN,9017,0775,063908,2,8,000014,0,1,32800,32759,00000,00000
BCN,9018,0779,063908,2,8,000014,0,1,32800,32759,00000,00000
BCN,9019,0775,063908,2,8,000014,0,1,32800,32759,00000,00000
BCN,9020,0779,063908,2,8,000014,0,1,32800,32759,00000,00000
BCN,9021,0776,063908,2,8,000014,0,1,32800,32759,00000,00000
BCN,9022,0779,066151,2,9,000014,0,1,32800,32759,00000,00000
BCN,9023,0775,066151,2,9,000014,0,1,32800,32759,00000,00000
BCN,9024,0779,066151,2,9,000014,0,1,32800,32759,00000,00000
BCN,9025,0775,066151,2,9,000014,0,1,32800,32759,00000,00000
BCN,9026,0779,066151,2,9,000014,0,1,32800,32759,00000,00000
BCN,9027,0775,066151,2,9,000014,0,1,32800,32759,00000,00000
BCN,9028,0779,066151,2,9,000014,0,1,32800,32759,00000,00000
BCN,9029,0775,060098,2,8,000015,0,1,32799,32759,00000,00000
BCN,9030,0779,060098,2,8,000015,0,1,32799,32759,00000,00000
BCN,9031,0775,060098,2,8,000015,0,1,32799,32759,00000,00000
BCN,9032,0779,060098,2,8,000015,0,1,32799,32759,00000,00000
BCN,9033,0775,060098,2,8,000015,0,1,32799,32759,00000,00000
BCN,9034,0779,060098,2,8,000015,0,1,32799,32759,00000,00000
BCN,9035,0775,064051,2,8,000014,0,1,32800,32759,00000,00000
BCN,9036,0779,064051,2,8,000014,0,1,32800,32759,00000,00000
BCN,9037,0775,064051,2,8,000014,0,1,32800,32759,00000,00000
BCN,9038,0779,064051,2,8,000014,0,1,32800,32759,00000,00000
BCN,9039,0775,064051,2,8,000014,0,1,32800,32759,00000,00000
BCN,9040,0779,064051,2,8,000014,0,1,32800,32759,00000,00000
BCN,9041,0775,064116,2,8,000015,0,1,32800,32759,00000,00000
BCN,9042,0779,064116,2,8,000015,0,1,32800,32759,00000,00000
BCN,9043,0775,064116,2,8,000015,0,1,32800,32759,00000,00000
BCN,9044,0779,064116,2,8,000015,0,1,32800,32759,00000,00000
BCN,9045,0775,064116,2,8,000015,0,1,32800,32759,00000,00000
BCN,9046,0779,064116,2,8,000015,0,1,32800,32759,00000,00000
BCN,9047,0775,064025,2,8,000016,0,1,32799,32759,00000,00000
BCN,9048,0779,064025,2,8,000016,0,1,32799,32759,00000,00000
BCN,9049,0775,064025,2,8,000016,0,1,32799,32759,00000,00000
BCN,9050,0779,064025,2,8,000016,0,1,32799,32759,00000,00000
BCN,9051,0775,064025,2,8,000016,0,1,32799,32759,00000,00000
BCN,9052,0779,064025,2,8,000016,0,1,32799,32759,00000,00000
BCN,9053,0775,059851,2,8,000015,0,1,32799,32759,00000,00000
BCN,9054,0779,059851,2,8,000015,0,1,32799,32759,00000,00000
BCN,9055,0775,059851,2,8,000015,0,1,32799,32759,00000,00000
BCN,9056,0779,059851,2,8,000015,0,1,32799,32759,00000,00000
BCN,9057,0775,059851,2,8,000015,0,1,32799,32759,00000,00000
BCN,9058,0779,059851,2,8,000015,0,1,32799,32759,00000,00000
BCN,9059,0775,070091,2,9,000015,0,1,32800,32759,00000,00000
BCN,9060,0779,070091,2,9,000015,0,1,32800,32759,00000,00000
BCN,9061,0775,070091,2,9,000015,0,1,32800,32759,00000,00000
BCN,9062,0779,070091,2,9,000015,0,1,32800,32759,00000,00000
BCN,9063,0776,070091,2,9,000015,0,1,32800,32759,00000,00000
BCN,9064,0779,070091,2,9,000015,0,1,32800,32759,00000,00000
BCN,9065,0776,070091,2,9,000015,0,1,32800,32759,00000,00000
BCN,9066,0779,063869,2,8,000015,0,1,32800,32759,00000,00000
BCN,9067,0776,063869,2,8,000015,0,1,32800,32759,00000,00000
BCN,9068,0779,063869,2,8,000015,0,1,32800,32759,00000,00000
BCN,9069,0776,063869,2,8,000015,0,1,32800,32759,00000,00000
BCN,9070,0779,063869,2,8,000015,0,1,32800,32759,00000,00000
BCN,9071,0775,063869,2,8,000015,0,1,32800,32759,00000,00000
BCN,9072,0779,063986,2,8,000016,0,2,32800,32759,00000,00000
BCN,9073,0775,063986,2,8,000016,0,2,32800,32759,00000,00000
BCN,9074,0779,063986,2,8,000016,0,2,32800,32759,00000,00000
BCN,9075,0775,063986,2,8,000016,0,2,32800,32759,00000,00000
BCN,9076,0779,063986,2,8,000016,0,2,32800,32759,00000,00000
BCN,9077,0775,063986,2,8,000016,0,2,32800,32759,00000,00000
BCN,9078,0779,060007,2,8,000015,0,1,32799,32759,00000,00000
BCN,9079,0775,060007,2,8,000015,0,1,32799,32759,00000,00000
BCN,9080,0779,060007,2,8,000015,0,1,32799,32759,00000,00000
BCN,9081,0775,060007,2,8,000015,0,1,32799,32759,00000,00000
BCN,9082,0779,060007,2,8,000015,0,1,32799,32759,00000,00000
BCN,9083,0775,060007,2,8,000015,0,1,32799,32759,00000,00000
BCN,9084,0779,063986,2,8,000017,0,2,32800,32759,00000,00000
BCN,9085,0775,063986,2,8,000017,0,2,32800,32759,00000,00000
BCN,9086,0779,063986,2,8,000017,0,2,32800,32759,00000,00000
BCN,9087,0776,063986,2,8,000017,0,2,32800,32759,00000,00000
BCN,9088,0779,063986,2,8,000017,0,2,32800,32759,00000,00000
BCN,9089,0775,063986,2,8,000017,0,2,32800,32759,00000,00000
BCN,9090,0779,066203,2,9,000016,0,2,32800,32759,00000,00000
BCN,9091,0775,066203,2,9,000016,0,2,32800,32759,00000,00000
BCN,9092,0779,066203,2,9,000016,0,2,32800,32759,00000,00000
BCN,9093,0775,066203,2,9,000016,0,2,32800,32759,00000,00000
BCN,9094,0779,066203,2,9,000016,0,2,32800,32759,00000,00000
BCN,9095,0775,066203,2,9,000016,0,2,32800,32759,00000,00000
BCN,9096,0779,064064,2,8,000015,0,1,32799,32759,00000,00000
BCN,9097,0775,064064,2,8,000015,0,1,32799,32759,00000,00000
BCN,9098,0779,064064,2,8,000015,0,1,32799,32759,00000,00000
BCN,9099,0775,064064,2,8,000015,0,1,32799,32759,00000,00000
BCN,9100,0779,064064,2,8,000015,0,1,32799,32759,00000,00000
BCN,9101,0776,064064,2,8,000015,0,1,32799,32759,00000,00000
BCN,9102,0779,064064,2,8,000015,0,1,32799,32759,00000,00000
BCN,9103,0776,059877,2,8,000014,0,1,32799,32759,00000,00000
BCN,9104,0779,059877,2,8,000014,0,1,32799,32759,00000,00000
BCN,9105,0775,059877,2,8,000014,0,1,32799,32759,00000,00000
BCN,9106,0779,059877,2,8,000014,0,1,32799,32759,00000,00000
BCN,9107,0776,059877,2,8,000014,0,1,32799,32759,00000,00000
BCN,9108,0779,059877,2,8,000014,0,1,32799,32759,00000,00000
BCN,9109,0775,070117,2,9,000014,0,1,32800,32759,00000,00000
BCN,9110,0779,070117,2,9,000014,0,1,32800,32759,00000,00000
BCN,9111,0775,070117,2,9,000014,0,1,32800,32759,00000,00000
BCN,9112,0779,070117,2,9,000014,0,1,32800,32759,00000,00000
BCN,9113,0775,070117,2,9,000014,0,1,32800,32759,00000,00000
BCN,9114,0779,070117,2,9,000014,0,1,32800,32759,00000,00000
BCN,9115,0775,063882,2,8,000014,0,1,32800,32759,00000,00000
BCN,9116,0779,063882,2,8,000014,0,1,32800,32759,00000,00000
BCN,9117,0775,063882,2,8,000014,0,1,32800,32759,00000,00000
BCN,9118,0779,063882,2,8,000014,0,1,32800,32759,00000,00000
BCN,9119,0775,063882,2,8,000014,0,1,32800,32759,00000,00000
BCN,9120,0779,063882,2,8,000014,0,1,32800,32759,00000,00000
BCN,9121,0775,063999,2,8,000016,0,2,32800,32759,00000,00000
BCN,9122,0779,063999,2,8,000016,0,2,32800,32759,00000,00000
BCN,9123,0775,063999,2,8,000016,0,2,32800,32759,00000,00000
BCN,9124,0779,063999,2,8,000016,0,2,32800,32759,00000,00000
BCN,9125,0775,063999,2,8,000016,0,2,32800,32759,00000,00000
BCN,9126,0779,063999,2,8,000016,0,2,32800,32759,00000,00000
BCN,9127,0775,060020,2,8,000015,0,1,32799,32759,00000,00000
BCN,9128,0779,060020,2,8,000015,0,1,32799,32759,00000,00000
BCN,9129,0775,060020,2,8,000015,0,1,32799,32759,00000,00000
BCN,9130,0779,060020,2,8,000015,0,1,32799,32759,00000,00000
BCN,9131,0775,060020,2,8,000015,0,1,32799,32759,00000,00000
BCN,9132,0779,060020,2,8,000015,0,1,32799,32759,00000,00000
BCN,9133,0775,061834,2,8,000014,0,1,32800,32759,00000,00000
BCN,9134,0779,061834,2,8,000014,0,1,32800,32759,00000,00000
BCN,9135,0775,061834,2,8,000014,0,1,32800,32759,00000,00000
BCN,9136,0779,061834,2,8,000014,0,1,32800,32759,00000,00000
BCN,9137,0775,061834,2,8,000014,0,1,32800,32759,00000,00000
BCN,9138,0779,061834,2,8,000014,0,1,32800,32759,00000,00000
BCN,9139,0775,061834,2,8,000014,0,1,32800,32759,00000,00000
BCN,9140,0779,061847,2,8,000015,0,1,32800,32759,00000,00000
BCN,9141,0775,061847,2,8,000015,0,1,32800,32759,00000,00000
BCN,9142,0779,061847,2,8,000015,0,1,32800,32759,00000,00000
BCN,9143,0776,061847,2,8,000015,0,1,32800,32759,00000,00000
BCN,9144,0779,061847,2,8,000015,0,1,32800,32759,00000,00000
BCN,9145,0776,061847,2,8,000015,0,1,32800,32759,00000,00000
BCN,9146,0779,063856,2,8,000014,0,1,32799,32759,00000,00000
BCN,9147,0775,063856,2,8,000014,0,1,32799,32759,00000,00000
BCN,9148,0779,063856,2,8,000014,0,1,32799,32759,00000,00000
BCN,9149,0776,063856,2,8,000014,0,1,32799,32759,00000,00000
BCN,9150,0779,063856,2,8,000014,0,1,32799,32759,00000,00000
BCN,9151,0775,063856,2,8,000014,0,1,32799,32759,00000,00000
BCN,9152,0779,059734,2,8,000016,0,2,32799,32759,00000,00000
BCN,9153,0776,059734,2,8,000016,0,2,32799,32759,00000,00000
BCN,9154,0779,059734,2,8,000016,0,2,32799,32759,00000,00000
BCN,9155,0776,059734,2,8,000016,0,2,32799,32759,00000,00000
BCN,9156,0779,059734,2,8,000016,0,2,32799,32759,00000,00000
BCN,9157,0775,059734,2,8,000016,0,2,32799,32759,00000,00000
BCN,9158,0779,070000,2,9,000015,0,1,32800,32759,00000,00000
BCN,9159,0776,070000,2,9,000015,0,1,32800,32759,00000,00000
BCN,9160,0779,070000,2,9,000015,0,1,32800,32759,00000,00000
BCN,9161,0775,070000,2,9,000015,0,1,32800,32759,00000,00000
BCN,9162,0779,070000,2,9,000015,0,1,32800,32759,00000,00000
BCN,9163,0775,070000,2,9,000015,0,1,32800,32759,00000,00000
BCN,9164,0779,065943,2,9,000014,0,1,32800,32759,00000,00000
BCN,9165,0775,065943,2,9,000014,0,1,32800,32759,00000,00000
BCN,9166,0779,065943,2,9,000014,0,1,32800,32759,00000,00000
BCN,9167,0775,065943,2,9,000014,0,1,32800,32759,00000,00000
BCN,9168,0779,065943,2,9,000014,0,1,32800,32759,00000,00000
BCN,9169,0776,065943,2,9,000014,0,1,32800,32759,00000,00000
BCN,9170,0779,066138,2,9,000014,0,1,32800,32759,00000,00000
BCN,9171,0775,066138,2,9,000014,0,1,32800,32759,00000,00000
BCN,9172,0779,066138,2,9,000014,0,1,32800,32759,00000,00000
BCN,9173,0776,066138,2,9,000014,0,1,32800,32759,00000,00000
BCN,9174,0779,066138,2,9,000014,0,1,32800,32759,00000,00000
BCN,9175,0775,066138,2,9,000014,0,1,32800,32759,00000,00000
BCN,9176,0779,066138,2,9,000014,0,1,32800,32759,00000,00000
BCN,9177,0775,060085,2,8,000014,0,1,32799,32759,00000,00000
BCN,9178,0779,060085,2,8,000014,0,1,32799,32759,00000,00000
BCN,9179,0775,060085,2,8,000014,0,1,32799,32759,00000,00000
BCN,9180,0779,060085,2,8,000014,0,1,32799,32759,00000,00000
BCN,9181,0775,060085,2,8,000014,0,1,32799,32759,00000,00000
BCN,9182,0779,060085,2,8,000014,0,1,32799,32759,00000,00000
BCN,9183,0775,064038,2,8,000013,0,1,32800,32759,00000,00000
BCN,9184,0779,064038,2,8,000013,0,1,32800,32759,00000,00000
BCN,9185,0775,064038,2,8,000013,0,1,32800,32759,00000,00000
BCN,9186,0779,064038,2,8,000013,0,1,32800,32759,00000,00000
BCN,9187,0775,064038,2,8,000013,0,1,32800,32759,00000,00000
BCN,9188,0779,064038,2,8,000013,0,1,32800,32759,00000,00000
BCN,9189,0775,064103,2,8,000016,0,2,32800,32759,00000,00000
BCN,9190,0779,064103,2,8,000016,0,2,32800,32759,00000,00000
BCN,9191,0775,064103,2,8,000016,0,2,32800,32759,00000,00000
BCN,9192,0779,064103,2,8,000016,0,2,32800,32759,00000,00000
BCN,9193,0775,064103,2,8,000016,0,2,32800,32759,00000,00000
BCN,9194,0779,064103,2,8,000016,0,2,32800,32759,00000,00000
BCN,9195,0775,064025,2,8,000015,0,1,32799,32759,00000,00000
BCN,9196,0779,064025,2,8,000015,0,1,32799,32759,00000,00000
BCN,9197,0775,064025,2,8,000015,0,1,32799,32759,00000,00000
BCN,9198,0779,064025,2,8,000015,0,1,32799,32759,00000,00000
BCN,9199,0775,064025,2,8,000015,0,1,32799,32759,00000,00000
BCN,9200,0779,064025,2,8,000015,0,1,32799,32759,00000,00000
BCN,9201,0775,059851,2,8,000015,0,1,32799,32759,00000,00000
BCN,9202,0779,059851,2,8,000015,0,1,32799,32759,00000,00000
BCN,9203,0775,059851,2,8,000015,0,1,32799,32759,00000,00000
BCN,9204,0779,059851,2,8,000015,0,1,32799,32759,00000,00000
BCN,9205,0775,059851,2,8,000015,0,1,32799,32759,00000,00000
BCN,9206,0779,059851,2,8,000015,0,1,32799,32759,00000,00000
BCN,9207,0776,070091,2,9,000014,0,1,32800,32759,00000,00000
BCN,9208,0779,070091,2,9,000014,0,1,32800,32759,00000,00000
BCN,9209,0776,070091,2,9,000014,0,1,32800,32759,00000,00000
BCN,9210,0779,070091,2,9,000014,0,1,32800,32759,00000,00000
BCN,9211,0775,070091,2,9,000014,0,1,32800,32759,00000,00000
BCN,9212,0779,070091,2,9,000014,0,1,32800,32759,00000,00000
BCN,9213,0775,070091,2,9,000014,0,1,32800,32759,00000,00000
BCN,9214,0779,063869,2,8,000016,0,2,32800,32759,00000,00000
BCN,9215,0775,063869,2,8,000016,0,2,32800,32759,00000,00000
BCN,9216,0779,063869,2,8,000016,0,2,32800,32759,00000,00000
BCN,9217,0775,063869,2,8,000016,0,2,32800,32759,00000,00000
BCN,9218,0779,063869,2,8,000016,0,2,32800,32759,00000,00000
BCN,9219,0776,063869,2,8,000016,0,2,32800,32759,00000,00000
BCN,9220,0779,063986,2,8,000018,0,2,32800,32759,00000,00000
BCN,9221,0776,063986,2,8,000018,0,2,32800,32759,00000,00000
BCN,9222,0779,063986,2,8,000018,0,2,32800,32759,00000,00000
BCN,9223,0776,063986,2,8,000018,0,2,32800,32759,00000,00000
BCN,9224,0779,063986,2,8,000018,0,2,32800,32759,00000,00000
BCN,9225,0776,063986,2,8,000018,0,2,32800,32759,00000,00000
BCN,9226,0779,060007,2,8,000015,0,2,32799,32759,00000,00000
BCN,9227,0775,060007,2,8,000015,0,2,32799,32759,00000,00000
BCN,9228,0779,060007,2,8,000015,0,2,32799,32759,00000,00000
BCN,9229,0776,060007,2,8,000015,0,2,32799,32759,00000,00000
BCN,9230,0779,060007,2,8,000015,0,2,32799,32759,00000,00000
BCN,9231,0776,060007,2,8,000015,0,2,32799,32759,00000,00000
BCN,9232,0779,063986,2,8,000015,0,2,32800,32759,00000,00000
BCN,9233,0776,063986,2,8,000015,0,2,32800,32759,00000,00000
BCN,9234,0779,063986,2,8,000015,0,2,32800,32759,00000,00000
BCN,9235,0776,063986,2,8,000015,0,2,32800,32759,00000,00000
BCN,9236,0779,063986,2,8,000015,0,2,32800,32759,00000,00000
BCN,9237,0776,063986,2,8,000015,0,2,32800,32759,00000,00000
BCN,9238,0779,066203,2,9,000015,0,2,32800,32759,00000,00000
BCN,9239,0776,066203,2,9,000015,0,2,32800,32759,00000,00000
BCN,9240,0779,066203,2,9,000015,0,2,32800,32759,00000,00000
BCN,9241,0776,066203,2,9,000015,0,2,32800,32759,00000,00000
BCN,9242,0779,066203,2,9,000015,0,2,32800,32759,00000,00000
BCN,9243,0776,066203,2,9,000015,0,2,32800,32759,00000,00000
BCN,9244,0779,064064,2,8,000014,0,2,32799,32759,00000,00000
BCN,9245,0776,064064,2,8,000014,0,2,32799,32759,00000,00000
BCN,9246,0779,064064,2,8,000014,0,2,32799,32759,00000,00000
BCN,9247,0776,064064,2,8,000014,0,2,32799,32759,00000,00000
BCN,9248,0779,064064,2,8,000014,0,2,32799,32759,00000,00000
BCN,9249,0776,064064,2,8,000014,0,2,32799,32759,00000,00000
BCN,9250,0779,064064,2,8,000014,0,2,32799,32759,00000,00000
BCN,9251,0776,061795,2,8,000012,0,1,32800,32759,00000,00000
BCN,9252,0779,061795,2,8,000012,0,1,32800,32759,00000,00000
BCN,9253,0776,061795,2,8,000012,0,1,32800,32759,00000,00000
BCN,9254,0779,061795,2,8,000012,0,1,32800,32759,00000,00000
BCN,9255,0776,061795,2,8,000012,0,1,32800,32759,00000,00000
BCN,9256,0779,061795,2,8,000012,0,1,32800,32759,00000,00000
BCN,9257,0776,061808,2,8,000013,0,2,32800,32759,00000,00000
BCN,9258,0779,061808,2,8,000013,0,2,32800,32759,00000,00000
BCN,9259,0776,061808,2,8,000013,0,2,32800,32759,00000,00000
BCN,9260,0779,061808,2,8,000013,0,2,32800,32759,00000,00000
BCN,9261,0776,061808,2,8,000013,0,2,32800,32759,00000,00000
BCN,9262,0779,061808,2,8,000013,0,2,32800,32759,00000,00000
BCN,9263,0776,063830,2,8,000012,0,1,32799,32759,00000,00000
BCN,9264,0779,063830,2,8,000012,0,1,32799,32759,00000,00000
BCN,9265,0776,063830,2,8,000012,0,1,32799,32759,00000,00000
BCN,9266,0779,063830,2,8,000012,0,1,32799,32759,00000,00000
BCN,9267,0776,063830,2,8,000012,0,1,32799,32759,00000,00000
BCN,9268,0779,063830,2,8,000012,0,1,32799,32759,00000,00000
BCN,9269,0776,061860,2,8,000011,0,1,32799,32759,00000,00000
BCN,9270,0779,061860,2,8,000011,0,1,32799,32759,00000,00000
BCN,9271,0776,061860,2,8,000011,0,1,32799,32759,00000,00000
BCN,9272,0779,061860,2,8,000011,0,1,32799,32759,00000,00000
BCN,9273,0776,061860,2,8,000011,0,1,32799,32759,00000,00000
BCN,9274,0779,061860,2,8,000011,0,1,32799,32759,00000,00000
BCN,9275,0776,072204,2,9,000013,0,1,32800,32759,00000,00000
BCN,9276,0779,072204,2,9,000013,0,1,32800,32759,00000,00000
BCN,9277,0776,072204,2,9,000013,0,1,32800,32759,00000,00000
BCN,9278,0779,072204,2,9,000013,0,1,32800,32759,00000,00000
BCN,9279,0776,072204,2,9,000013,0,1,32800,32759,00000,00000
BCN,9280,0779,072204,2,9,000013,0,1,32800,32759,00000,00000
BCN,9281,0776,068004,2,9,000014,0,2,32800,32759,00000,00000
BCN,9282,0779,068004,2,9,000014,0,2,32800,32759,00000,00000
BCN,9283,0776,068004,2,9,000014,0,2,32800,32759,00000,00000
BCN,9284,0779,068004,2,9,000014,0,2,32800,32759,00000,00000
BCN,9285,0776,068004,2,9,000014,0,2,32800,32759,00000,00000
BCN,9286,0779,068004,2,9,000014,0,2,32800,32759,00000,00000
BCN,9287,0776,068004,2,9,000014,0,2,32800,32759,00000,00000
BCN,9288,0779,066151,2,9,000013,0,1,32800,32759,00000,00000
BCN,9289,0776,066151,2,9,000013,0,1,32800,32759,00000,00000
BCN,9290,0779,066151,2,9,000013,0,1,32800,32759,00000,00000
BCN,9291,0776,066151,2,9,000013,0,1,32800,32759,00000,00000
BCN,9292,0779,066151,2,9,000013,0,1,32800,32759,00000,00000
BCN,9293,0776,066151,2,9,000013,0,1,32800,32759,00000,00000
BCN,9294,0779,062055,2,8,000014,0,1,32799,32759,00000,00000
BCN,9295,0776,062055,2,8,000014,0,1,32799,32759,00000,00000
BCN,9296,0779,062055,2,8,000014,0,1,32799,32759,00000,00000
BCN,9297,0776,062055,2,8,000014,0,1,32799,32759,00000,00000
BCN,9298,0779,062055,2,8,000014,0,1,32799,32759,00000,00000
BCN,9299,0776,062055,2,8,000014,0,1,32799,32759,00000,00000
BCN,9300,0779,061834,2,8,000015,0,2,32800,32759,00000,00000
BCN,9301,0776,061834,2,8,000015,0,2,32800,32759,00000,00000
BCN,9302,0779,061834,2,8,000015,0,2,32800,32759,00000,00000
BCN,9303,0776,061834,2,8,000015,0,2,32800,32759,00000,00000
BCN,9304,0779,061834,2,8,000015,0,2,32800,32759,00000,00000
BCN,9305,0776,061834,2,8,000015,0,2,32800,32759,00000,00000
BCN,9306,0779,063986,2,8,000014,0,1,32800,32759,00000,00000
BCN,9307,0776,063986,2,8,000014,0,1,32800,32759,00000,00000
BCN,9308,0779,063986,2,8,000014,0,1,32800,32759,00000,00000
BCN,9309,0776,063986,2,8,000014,0,1,32800,32759,00000,00000
BCN,9310,0779,063986,2,8,000014,0,1,32800,32759,00000,00000
BCN,9311,0776,063986,2,8,000014,0,1,32800,32759,00000,00000
BCN,9312,0779,063934,2,8,000015,0,2,32799,32759,00000,00000
BCN,9313,0776,063934,2,8,000015,0,2,32799,32759,00000,00000
BCN,9314,0779,063934,2,8,000015,0,2,32799,32759,00000,00000
BCN,9315,0776,063934,2,8,000015,0,2,32799,32759,00000,00000
BCN,9316,0779,063934,2,8,000015,0,2,32799,32759,00000,00000
BCN,9317,0776,063934,2,8,000015,0,2,32799,32759,00000,00000
BCN,9318,0778,059786,2,8,000013,0,1,32799,32759,00000,00000
BCN,9319,0776,059786,2,8,000013,0,1,32799,32759,00000,00000
BCN,9320,0779,059786,2,8,000013,0,1,32799,32759,00000,00000
BCN,9321,0776,059786,2,8,000013,0,1,32799,32759,00000,00000
BCN,9322,0779,059786,2,8,000013,0,1,32799,32759,00000,00000
BCN,9323,0776,059786,2,8,000013,0,1,32799,32759,00000,00000
BCN,9324,0779,059786,2,8,000013,0,1,32799,32759,00000,00000
BCN,9325,0776,070039,2,9,000015,0,2,32800,32759,00000,00000
BCN,9326,0779,070039,2,9,000015,0,2,32800,32759,00000,00000
BCN,9327,0776,070039,2,9,000015,0,2,32800,32759,00000,00000
BCN,9328,0778,070039,2,9,000015,0,2,32800,32759,00000,00000
BCN,9329,0776,070039,2,9,000015,0,2,32800,32759,00000,00000
BCN,9330,0778,070039,2,9,000015,0,2,32800,32759,00000,00000
BCN,9331,0776,063830,2,8,000015,0,2,32800,32759,00000,00000
BCN,9332,0778,063830,2,8,000015,0,2,32800,32759,00000,00000
BCN,9333,0776,063830,2,8,000015,0,2,32800,32759,00000,00000
BCN,9334,0778,063830,2,8,000015,0,2,32800,32759,00000,00000
BCN,9335,0776,063830,2,8,000015,0,2,32800,32759,00000,00000
BCN,9336,0779,063830,2,8,000015,0,2,32800,32759,00000,00000
BCN,9337,0776,063960,2,8,000013,0,1,32800,32759,00000,00000
BCN,9338,0778,063960,2,8,000013,0,1,32800,32759,00000,00000
BCN,9339,0776,063960,2,8,000013,0,1,32800,32759,00000,00000
BCN,9340,0778,063960,2,8,000013,0,1,32800,32759,00000,00000
BCN,9341,0776,063960,2,8,000013,0,1,32800,32759,00000,00000
BCN,9342,0778,063960,2,8,000013,0,1,32800,32759,00000,00000
BCN,9343,0776,059994,2,8,000012,0,1,32799,32759,00000,00000
BCN,9344,0778,059994,2,8,000012,0,1,32799,32759,00000,00000
BCN,9345,0776,059994,2,8,000012,0,1,32799,32759,00000,00000
BCN,9346,0778,059994,2,8,000012,0,1,32799,32759,00000,00000
BCN,9347,0776,059994,2,8,000012,0,1,32799,32759,00000,00000
BCN,9348,0778,059994,2,8,000012,0,1,32799,32759,00000,00000
BCN,9349,0776,063973,2,8,000012,0,1,32800,32759,00000,00000
BCN,9350,0778,063973,2,8,000012,0,1,32800,32759,00000,00000
BCN,9351,0776,063973,2,8,000012,0,1,32800,32759,00000,00000
BCN,9352,0778,063973,2,8,000012,0,1,32800,32759,00000,00000
BCN,9353,0777,063973,2,8,000012,0,1,32800,32759,00000,00000
BCN,9354,0778,063973,2,8,000012,0,1,32800,32759,00000,00000
BCN,9355,0776,066203,2,9,000013,0,1,32800,32759,00000,00000
BCN,9356,0778,066203,2,9,000013,0,1,32800,32759,00000,00000
BCN,9357,0777,066203,2,9,000013,0,1,32800,32759,00000,00000
BCN,9358,0778,066203,2,9,000013,0,1,32800,32759,00000,00000
BCN,9359,0777,066203,2,9,000013,0,1,32800,32759,00000,00000
BCN,9360,0778,066203,2,9,000013,0,1,32800,32759,00000,00000
BCN,9361,0777,066203,2,9,000013,0,1,32800,32759,00000,00000
BCN,9362,0778,062094,2,8,000012,0,1,32799,32759,00000,00000
BCN,9363,0776,062094,2,8,000012,0,1,32799,32759,00000,00000
BCN,9364,0778,062094,2,8,000012,0,1,32799,32759,00000,00000
BCN,9365,0776,062094,2,8,000012,0,1,32799,32759,00000,00000
BCN,9366,0778,062094,2,8,000012,0,1,32799,32759,00000,00000
BCN,9367,0776,062094,2,8,000012,0,1,32799,32759,00000,00000
BCN,9368,0778,064012,2,8,000014,0,1,32800,32759,00000,00000
BCN,9369,0776,064012,2,8,000014,0,1,32800,32759,00000,00000
BCN,9370,0778,064012,2,8,000014,0,1,32800,32759,00000,00000
BCN,9371,0776,064012,2,8,000014,0,1,32800,32759,00000,00000
BCN,9372,0778,064012,2,8,000014,0,1,32800,32759,00000,00000
BCN,9373,0776,064012,2,8,000014,0,1,32800,32759,00000,00000
BCN,9374,0778,064077,2,8,000015,0,2,32800,32759,00000,00000
BCN,9375,0776,064077,2,8,000015,0,2,32800,32759,00000,00000
BCN,9376,0778,064077,2,8,000015,0,2,32800,32759,00000,00000
BCN,9377,0776,064077,2,8,000015,0,2,32800,32759,00000,00000
BCN,9378,0778,064077,2,8,000015,0,2,32800,32759,00000,00000
BCN,9379,0776,064077,2,8,000015,0,2,32800,32759,00000,00000
BCN,9380,0778,063999,2,8,000013,0,1,32799,32759,00000,00000
BCN,9381,0776,063999,2,8,000013,0,1,32799,32759,00000,00000
BCN,9382,0778,063999,2,8,000013,0,1,32799,32759,00000,00000
BCN,9383,0776,063999,2,8,000013,0,1,32799,32759,00000,00000
BCN,9384,0778,063999,2,8,000013,0,1,32799,32759,00000,00000
BCN,9385,0776,063999,2,8,000013,0,1,32799,32759,00000,00000
BCN,9386,0778,059838,2,8,000016,0,2,32799,32759,00000,00000
BCN,9387,0776,059838,2,8,000016,0,2,32799,32759,00000,00000
BCN,9388,0778,059838,2,8,000016,0,2,32799,32759,00000,00000
BCN,9389,0776,059838,2,8,000016,0,2,32799,32759,00000,00000
BCN,9390,0778,059838,2,8,000016,0,2,32799,32759,00000,00000
BCN,9391,0776,059838,2,8,000016,0,2,32799,32759,00000,00000
BCN,9392,0778,070078,2,9,000017,0,2,32800,32759,00000,00000
BCN,9393,0776,070078,2,9,000017,0,2,32800,32759,00000,00000
BCN,9394,0778,070078,2,9,000017,0,2,32800,32759,00000,00000
BCN,9395,0776,070078,2,9,000017,0,2,32800,32759,00000,00000
BCN,9396,0778,070078,2,9,000017,0,2,32800,32759,00000,00000
BCN,9397,0776,070078,2,9,000017,0,2,32800,32759,00000,00000
BCN,9398,0778,070078,2,9,000017,0,2,32800,32759,00000,00000
BCN,9399,0776,063869,2,8,000016,0,2,32800,32759,00000,00000
BCN,9400,0778,063869,2,8,000016,0,2,32800,32759,00000,00000
BCN,9401,0776,063869,2,8,000016,0,2,32800,32759,00000,00000
BCN,9402,0778,063869,2,8,000016,0,2,32800,32759,00000,00000
BCN,9403,0776,063869,2,8,000016,0,2,32800,32759,00000,00000
BCN,9404,0778,063869,2,8,000016,0,2,32800,32759,00000,00000
BCN,9405,0777,067887,2,9,000014,0,1,32800,32759,00000,00000
BCN,9406,0778,067887,2,9,000014,0,1,32800,32759,00000,00000
BCN,9407,0776,067887,2,9,000014,0,1,32800,32759,00000,00000
BCN,9408,0778,067887,2,9,000014,0,1,32800,32759,00000,00000
BCN,9409,0776,067887,2,9,000014,0,1,32800,32759,00000,00000
BCN,9410,0778,067887,2,9,000014,0,1,32800,32759,00000,00000
BCN,9411,0776,061769,2,8,000013,0,1,32800,32759,00000,00000
BCN,9412,0778,061769,2,8,000013,0,1,32800,32759,00000,00000
BCN,9413,0777,061769,2,8,000013,0,1,32800,32759,00000,00000
BCN,9414,0778,061769,2,8,000013,0,1,32800,32759,00000,00000
BCN,9415,0776,061769,2,8,000013,0,1,32800,32759,00000,00000
BCN,9416,0778,061769,2,8,000013,0,1,32800,32759,00000,00000
BCN,9417,0776,063804,2,8,000013,0,1,32799,32759,00000,00000
BCN,9418,0778,063804,2,8,000013,0,1,32799,32759,00000,00000
BCN,9419,0777,063804,2,8,000013,0,1,32799,32759,00000,00000
BCN,9420,0778,063804,2,8,000013,0,1,32799,32759,00000,00000
BCN,9421,0776,063804,2,8,000013,0,1,32799,32759,00000,00000
BCN,9422,0778,063804,2,8,000013,0,1,32799,32759,00000,00000
BCN,9423,0776,061834,2,8,000015,0,1,32799,32759,00000,00000
BCN,9424,0778,061834,2,8,000015,0,1,32799,32759,00000,00000
BCN,9425,0776,061834,2,8,000015,0,1,32799,32759,00000,00000
BCN,9426,0778,061834,2,8,000015,0,1,32799,32759,00000,00000
BCN,9427,0776,061834,2,8,000015,0,1,32799,32759,00000,00000
BCN,9428,0778,061834,2,8,000015,0,1,32799,32759,00000,00000
BCN,9429,0777,072191,2,9,000017,0,2,32800,32759,00000,00000
BCN,9430,0778,072191,2,9,000017,0,2,32800,32759,00000,00000
BCN,9431,0777,072191,2,9,000017,0,2,32800,32759,00000,00000
BCN,9432,0778,072191,2,9,000017,0,2,32800,32759,00000,00000
BCN,9433,0777,072191,2,9,000017,0,2,32800,32759,00000,00000
BCN,9434,0778,072191,2,9,000017,0,2,32800,32759,00000,00000
BCN,9435,0776,072191,2,9,000017,0,2,32800,32759,00000,00000
BCN,9436,0778,067991,2,9,000014,0,1,32800,32759,00000,00000
BCN,9437,0776,067991,2,9,000014,0,1,32800,32759,00000,00000
BCN,9438,0778,067991,2,9,000014,0,1,32800,32759,00000,00000
BCN,9439,0777,067991,2,9,000014,0,1,32800,32759,00000,00000
BCN,9440,0778,067991,2,9,000014,0,1,32800,32759,00000,00000
BCN,9441,0776,067991,2,9,000014,0,1,32800,32759,00000,00000
BCN,9442,0778,066151,2,9,000016,0,2,32800,32759,00000,00000
BCN,9443,0776,066151,2,9,000016,0,2,32800,32759,00000,00000
BCN,9444,0778,066151,2,9,000016,0,2,32800,32759,00000,00000
BCN,9445,0776,066151,2,9,000016,0,2,32800,32759,00000,00000
BCN,9446,0778,066151,2,9,000016,0,2,32800,32759,00000,00000
BCN,9447,0776,066151,2,9,000016,0,2,32800,32759,00000,00000
BCN,9448,0778,060085,2,8,000015,0,1,32799,32759,00000,00000
BCN,9449,0776,060085,2,8,000015,0,1,32799,32759,00000,00000
BCN,9450,0778,060085,2,8,000015,0,1,32799,32759,00000,00000
BCN,9451,0776,060085,2,8,000015,0,1,32799,32759,00000,00000
BCN,9452,0778,060085,2,8,000015,0,1,32799,32759,00000,00000
BCN,9453,0776,060085,2,8,000015,0,1,32799,32759,00000,00000
BCN,9454,0778,064038,2,8,000015,0,1,32800,32759,00000,00000
BCN,9455,0776,064038,2,8,000015,0,1,32800,32759,00000,00000
BCN,9456,0778,064038,2,8,000015,0,1,32800,32759,00000,00000
BCN,9457,0776,064038,2,8,000015,0,1,32800,32759,00000,00000
BCN,9458,0778,064038,2,8,000015,0,1,32800,32759,00000,00000
BCN,9459,0776,064038,2,8,000015,0,1,32800,32759,00000,00000
BCN,9460,0778,066255,2,9,000016,0,1,32800,32759,00000,00000
BCN,9461,0776,066255,2,9,000016,0,1,32800,32759,00000,00000
BCN,9462,0778,066255,2,9,000016,0,1,32800,32759,00000,00000
BCN,9463,0776,066255,2,9,000016,0,1,32800,32759,00000,00000
BCN,9464,0778,066255,2,9,000016,0,1,32800,32759,00000,00000
BCN,9465,0776,066255,2,9,000016,0,1,32800,32759,00000,00000
BCN,9466,0778,064090,2,8,000016,0,1,32799,32759,00000,00000
BCN,9467,0776,064090,2,8,000016,0,1,32799,32759,00000,00000
BCN,9468,0778,064090,2,8,000016,0,1,32799,32759,00000,00000
BCN,9469,0776,064090,2,8,000016,0,1,32799,32759,00000,00000
BCN,9470,0778,064090,2,8,000016,0,1,32799,32759,00000,00000
BCN,9471,0776,064090,2,8,000016,0,1,32799,32759,00000,00000
BCN,9472,0778,064090,2,8,000016,0,1,32799,32759,00000,00000
BCN,9473,0776,061821,2,8,000016,0,1,32800,32759,00000,00000
BCN,9474,0778,061821,2,8,000016,0,1,32800,32759,00000,00000
BCN,9475,0776,061821,2,8,000016,0,1,32800,32759,00000,00000
BCN,9476,0778,061821,2,8,000016,0,1,32800,32759,00000,00000
BCN,9477,0776,061821,2,8,000016,0,1,32800,32759,00000,00000
BCN,9478,0778,061821,2,8,000016,0,1,32800,32759,00000,00000
BCN,9479,0776,063986,2,8,000019,0,2,32800,32759,00000,00000
BCN,9480,0778,063986,2,8,000019,0,2,32800,32759,00000,00000
BCN,9481,0777,063986,2,8,000019,0,2,32800,32759,00000,00000
BCN,9482,0778,063986,2,8,000019,0,2,32800,32759,00000,00000
BCN,9483,0777,063986,2,8,000019,0,2,32800,32759,00000,00000
BCN,9484,0778,063986,2,8,000019,0,2,32800,32759,00000,00000
BCN,9485,0777,063921,2,8,000016,0,1,32799,32759,00000,00000
BCN,9486,0778,063921,2,8,000016,0,1,32799,32759,00000,00000
BCN,9487,0777,063921,2,8,000016,0,1,32799,32759,00000,00000
BCN,9488,0778,063921,2,8,000016,0,1,32799,32759,00000,00000
BCN,9489,0777,063921,2,8,000016,0,1,32799,32759,00000,00000
BCN,9490,0778,063921,2,8,000016,0,1,32799,32759,00000,00000
BCN,9491,0777,061704,2,8,000013,0,1,32800,32759,00000,00000
BCN,9492,0778,061704,2,8,000013,0,1,32800,32759,00000,00000
BCN,9493,0777,061704,2,8,000013,0,1,32800,32759,00000,00000
BCN,9494,0778,061704,2,8,000013,0,1,32800,32759,00000,00000
BCN,9495,0777,061704,2,8,000013,0,1,32800,32759,00000,00000
BCN,9496,0778,061704,2,8,000013,0,1,32800,32759,00000,00000
BCN,9497,0776,061743,2,8,000013,0,1,32800,32759,00000,00000
BCN,9498,0778,061743,2,8,000013,0,1,32800,32759,00000,00000
BCN,9499,0777,061743,2,8,000013,0,1,32800,32759,00000,00000
BCN,9500,0778,061743,2,8,000013,0,1,32800,32759,00000,00000
BCN,9501,0777,061743,2,8,000013,0,1,32800,32759,00000,00000
BCN,9502,0778,061743,2,8,000013,0,1,32800,32759,00000,00000
BCN,9503,0777,063778,2,8,000015,0,1,32799,32759,00000,00000
BCN,9504,0778,063778,2,8,000015,0,1,32799,32759,00000,00000
BCN,9505,0777,063778,2,8,000015,0,1,32799,32759,00000,00000
BCN,9506,0778,063778,2,8,000015,0,1,32799,32759,00000,00000
BCN,9507,0777,063778,2,8,000015,0,1,32799,32759,00000,00000
BCN,9508,0778,063778,2,8,000015,0,1,32799,32759,00000,00000
BCN,9509,0777,063778,2,8,000015,0,1,32799,32759,00000,00000
BCN,9510,0778,059669,2,8,000016,0,2,32799,32759,00000,00000
BCN,9511,0777,059669,2,8,000016,0,2,32799,32759,00000,00000
BCN,9512,0778,059669,2,8,000016,0,2,32799,32759,00000,00000
BCN,9513,0777,059669,2,8,000016,0,2,32799,32759,00000,00000
BCN,9514,0778,059669,2,8,000016,0,2,32799,32759,00000,00000
BCN,9515,0776,059669,2,8,000016,0,2,32799,32759,00000,00000
BCN,9516,0778,069961,2,9,000012,0,1,32800,32759,00000,00000
BCN,9517,0777,069961,2,9,000012,0,1,32800,32759,00000,00000
BCN,9518,0778,069961,2,9,000012,0,1,32800,32759,00000,00000
BCN,9519,0777,069961,2,9,000012,0,1,32800,32759,00000,00000
BCN,9520,0778,069961,2,9,000012,0,1,32800,32759,00000,00000
BCN,9521,0777,069961,2,9,000012,0,1,32800,32759,00000,00000
BCN,9522,0778,063765,2,8,000015,0,1,32800,32759,00000,00000
BCN,9523,0777,063765,2,8,000015,0,1,32800,32759,00000,00000
BCN,9524,0778,063765,2,8,000015,0,1,32800,32759,00000,00000
BCN,9525,0777,063765,2,8,000015,0,1,32800,32759,00000,00000
BCN,9526,0778,063765,2,8,000015,0,1,32800,32759,00000,00000
BCN,9527,0777,063765,2,8,000015,0,1,32800,32759,00000,00000
BCN,9528,0778,063921,2,8,000014,0,1,32800,32759,00000,00000
BCN,9529,0776,063921,2,8,000014,0,1,32800,32759,00000,00000
BCN,9530,0778,063921,2,8,000014,0,1,32800,32759,00000,00000
BCN,9531,0777,063921,2,8,000014,0,1,32800,32759,00000,00000
BCN,9532,0778,063921,2,8,000014,0,1,32800,32759,00000,00000
BCN,9533,0777,063921,2,8,000014,0,1,32800,32759,00000,00000
BCN,9534,0778,059955,2,8,000014,0,1,32799,32759,00000,00000
BCN,9535,0777,059955,2,8,000014,0,1,32799,32759,00000,00000
BCN,9536,0778,059955,2,8,000014,0,1,32799,32759,00000,00000
BCN,9537,0777,059955,2,8,000014,0,1,32799,32759,00000,00000
BCN,9538,0778,059955,2,8,000014,0,1,32799,32759,00000,00000
BCN,9539,0777,059955,2,8,000014,0,1,32799,32759,00000,00000
BCN,9540,0778,063947,2,8,000015,0,2,32800,32759,00000,00000
BCN,9541,0777,063947,2,8,000015,0,2,32800,32759,00000,00000
BCN,9542,0778,063947,2,8,000015,0,2,32800,32759,00000,00000
BCN,9543,0777,063947,2,8,000015,0,2,32800,32759,00000,00000
BCN,9544,0778,063947,2,8,000015,0,2,32800,32759,00000,00000
BCN,9545,0777,063947,2,8,000015,0,2,32800,32759,00000,00000
BCN,9546,0778,063947,2,8,000015,0,2,32800,32759,00000,00000
BCN,9547,0777,066177,2,9,000014,0,1,32800,32759,00000,00000
BCN,9548,0778,066177,2,9,000014,0,1,32800,32759,00000,00000
BCN,9549,0777,066177,2,9,000014,0,1,32800,32759,00000,00000
BCN,9550,0778,066177,2,9,000014,0,1,32800,32759,00000,00000
BCN,9551,0777,066177,2,9,000014,0,1,32800,32759,00000,00000
BCN,9552,0778,066177,2,9,000014,0,1,32800,32759,00000,00000
BCN,9553,0777,062081,2,8,000014,0,1,32799,32759,00000,00000
BCN,9554,0778,062081,2,8,000014,0,1,32799,32759,00000,00000
BCN,9555,0777,062081,2,8,000014,0,1,32799,32759,00000,00000
BCN,9556,0778,062081,2,8,000014,0,1,32799,32759,00000,00000
BCN,9557,0777,062081,2,8,000014,0,1,32799,32759,00000,00000
BCN,9558,0778,062081,2,8,000014,0,1,32799,32759,00000,00000
BCN,9559,0777,063999,2,8,000013,0,1,32800,32759,00000,00000
BCN,9560,0778,063999,2,8,000013,0,1,32800,32759,00000,00000
BCN,9561,0777,063999,2,8,000013,0,1,32800,32759,00000,00000
BCN,9562,0778,063999,2,8,000013,0,1,32800,32759,00000,00000
BCN,9563,0777,063999,2,8,000013,0,1,32800,32759,00000,00000
BCN,9564,0778,063999,2,8,000013,0,1,32800,32759,00000,00000
BCN,9565,0777,064077,2,8,000013,0,1,32800,32759,00000,00000
BCN,9566,0778,064077,2,8,000013,0,1,32800,32759,00000,00000
BCN,9567,0777,064077,2,8,000013,0,1,32800,32759,00000,00000
BCN,9568,0778,064077,2,8,000013,0,1,32800,32759,00000,00000
BCN,9569,0777,064077,2,8,000013,0,1,32800,32759,00000,00000
BCN,9570,0778,064077,2,8,000013,0,1,32800,32759,00000,00000
BCN,9571,0777,063999,2,8,000013,0,1,32799,32759,00000,00000
BCN,9572,0778,063999,2,8,000013,0,1,32799,32759,00000,00000
BCN,9573,0777,063999,2,8,000013,0,1,32799,32759,00000,00000
BCN,9574,0778,063999,2,8,000013,0,1,32799,32759,00000,00000
BCN,9575,0777,063999,2,8,000013,0,1,32799,32759,00000,00000
BCN,9576,0778,063999,2,8,000013,0,1,32799,32759,00000,00000
BCN,9577,0777,061756,2,8,000014,0,1,32800,32759,00000,00000
BCN,9578,0778,061756,2,8,000014,0,1,32800,32759,00000,00000
BCN,9579,0777,061756,2,8,000014,0,1,32800,32759,00000,00000
BCN,9580,0778,061756,2,8,000014,0,1,32800,32759,00000,00000
BCN,9581,0777,061756,2,8,000014,0,1,32800,32759,00000,00000
BCN,9582,0778,061756,2,8,000014,0,1,32800,32759,00000,00000
BCN,9583,0777,061756,2,8,000014,0,1,32800,32759,00000,00000
BCN,9584,0778,061782,2,8,000014,0,1,32800,32759,00000,00000
BCN,9585,0777,061782,2,8,000014,0,1,32800,32759,00000,00000
BCN,9586,0778,061782,2,8,000014,0,1,32800,32759,00000,00000
BCN,9587,0777,061782,2,8,000014,0,1,32800,32759,00000,00000
BCN,9588,0778,061782,2,8,000014,0,1,32800,32759,00000,00000
BCN,9589,0777,061782,2,8,000014,0,1,32800,32759,00000,00000
BCN,9590,0778,063817,2,8,000014,0,2,32799,32759,00000,00000
BCN,9591,0777,063817,2,8,000014,0,2,32799,32759,00000,00000
BCN,9592,0778,063817,2,8,000014,0,2,32799,32759,00000,00000
BCN,9593,0777,063817,2,8,000014,0,2,32799,32759,00000,00000
BCN,9594,0778,063817,2,8,000014,0,2,32799,32759,00000,00000
BCN,9595,0777,063817,2,8,000014,0,2,32799,32759,00000,00000
BCN,9596,0778,061834,2,8,000013,0,1,32799,32759,00000,00000
BCN,9597,0776,061834,2,8,000013,0,1,32799,32759,00000,00000
BCN,9598,0778,061834,2,8,000013,0,1,32799,32759,00000,00000
BCN,9599,0777,061834,2,8,000013,0,1,32799,32759,00000,00000
BCN,9600,0778,061834,2,8,000013,0,1,32799,32759,00000,00000
BCN,9601,0777,061834,2,8,000013,0,1,32799,32759,00000,00000
BCN,9602,0778,072191,2,9,000014,0,2,32800,32759,00000,00000
BCN,9603,0777,072191,2,9,000014,0,2,32800,32759,00000,00000
BCN,9604,0778,072191,2,9,000014,0,2,32800,32759,00000,00000
BCN,9605,0777,072191,2,9,000014,0,2,32800,32759,00000,00000
BCN,9606,0778,072191,2,9,000014,0,2,32800,32759,00000,00000
BCN,9607,0777,072191,2,9,000014,0,2,32800,32759,00000,00000
BCN,9608,0778,068004,2,9,000014,0,2,32800,32759,00000,00000
BCN,9609,0777,068004,2,9,000014,0,2,32800,32759,00000,00000
BCN,9610,0778,068004,2,9,000014,0,2,32800,32759,00000,00000
BCN,9611,0777,068004,2,9,000014,0,2,32800,32759,00000,00000
BCN,9612,0778,068004,2,9,000014,0,2,32800,32759,00000,00000
BCN,9613,0777,068004,2,9,000014,0,2,32800,32759,00000,00000
BCN,9614,0778,066151,2,9,000014,0,2,32800,32759,00000,00000
BCN,9615,0777,066151,2,9,000014,0,2,32800,32759,00000,00000
BCN,9616,0778,066151,2,9,000014,0,2,32800,32759,00000,00000
BCN,9617,0777,066151,2,9,000014,0,2,32800,32759,00000,00000
BCN,9618,0778,066151,2,9,000014,0,2,32800,32759,00000,00000
BCN,9619,0777,066151,2,9,000014,0,2,32800,32759,00000,00000
BCN,9620,0778,066151,2,9,000014,0,2,32800,32759,00000,00000
BCN,9621,0777,062055,2,8,000012,0,1,32799,32759,00000,00000
BCN,9622,0778,062055,2,8,000012,0,1,32799,32759,00000,00000
BCN,9623,0777,062055,2,8,000012,0,1,32799,32759,00000,00000
BCN,9624,0778,062055,2,8,000012,0,1,32799,32759,00000,00000
BCN,9625,0776,062055,2,8,000012,0,1,32799,32759,00000,00000
BCN,9626,0778,062055,2,8,000012,0,1,32799,32759,00000,00000
BCN,9627,0777,063986,2,8,000015,0,2,32800,32759,00000,00000
BCN,9628,0778,063986,2,8,000015,0,2,32800,32759,00000,00000
BCN,9629,0777,063986,2,8,000015,0,2,32800,32759,00000,00000
BCN,9630,0778,063986,2,8,000015,0,2,32800,32759,00000,00000
BCN,9631,0777,063986,2,8,000015,0,2,32800,32759,00000,00000
BCN,9632,0778,063986,2,8,000015,0,2,32800,32759,00000,00000
BCN,9633,0777,064064,2,8,000014,0,1,32800,32759,00000,00000
BCN,9634,0778,064064,2,8,000014,0,1,32800,32759,00000,00000
BCN,9635,0777,064064,2,8,000014,0,1,32800,32759,00000,00000
BCN,9636,0778,064064,2,8,000014,0,1,32800,32759,00000,00000
BCN,9637,0777,064064,2,8,000014,0,1,32800,32759,00000,00000
BCN,9638,0778,064064,2,8,000014,0,1,32800,32759,00000,00000
BCN,9639,0777,063986,2,8,000013,0,1,32799,32759,00000,00000
BCN,9640,0778,063986,2,8,000013,0,1,32799,32759,00000,00000
BCN,9641,0777,063986,2,8,000013,0,1,32799,32759,00000,00000
BCN,9642,0778,063986,2,8,000013,0,1,32799,32759,00000,00000
BCN,9643,0777,063986,2,8,000013,0,1,32799,32759,00000,00000
BCN,9644,0778,063986,2,8,000013,0,1,32799,32759,00000,00000
BCN,9645,0777,059825,2,8,000013,0,1,32799,32759,00000,00000
BCN,9646,0778,059825,2,8,000013,0,1,32799,32759,00000,00000
BCN,9647,0777,059825,2,8,000013,0,1,32799,32759,00000,00000
BCN,9648,0778,059825,2,8,000013,0,1,32799,32759,00000,00000
BCN,9649,0777,059825,2,8,000013,0,1,32799,32759,00000,00000
BCN,9650,0778,059825,2,8,000013,0,1,32799,32759,00000,00000
BCN,9651,0777,070078,2,9,000014,0,1,32800,32759,00000,00000
BCN,9652,0778,070078,2,9,000014,0,1,32800,32759,00000,00000
BCN,9653,0777,070078,2,9,000014,0,1,32800,32759,00000,00000
BCN,9654,0778,070078,2,9,000014,0,1,32800,32759,00000,00000
BCN,9655,0777,070078,2,9,000014,0,1,32800,32759,00000,00000
BCN,9656,0778,070078,2,9,000014,0,1,32800,32759,00000,00000
BCN,9657,0777,070078,2,9,000014,0,1,32800,32759,00000,00000
BCN,9658,0778,061834,2,8,000013,0,1,32800,32759,00000,00000
BCN,9659,0777,061834,2,8,000013,0,1,32800,32759,00000,00000
BCN,9660,0778,061834,2,8,000013,0,1,32800,32759,00000,00000
BCN,9661,0777,061834,2,8,000013,0,1,32800,32759,00000,00000
BCN,9662,0778,061834,2,8,000013,0,1,32800,32759,00000,00000
BCN,9663,0777,061834,2,8,000013,0,1,32800,32759,00000,00000
BCN,9664,0778,063856,2,8,000012,0,1,32799,32759,00000,00000
BCN,9665,0777,063856,2,8,000012,0,1,32799,32759,00000,00000
BCN,9666,0778,063856,2,8,000012,0,1,32799,32759,00000,00000
BCN,9667,0777,063856,2,8,000012,0,1,32799,32759,00000,00000
BCN,9668,0778,063856,2,8,000012,0,1,32799,32759,00000,00000
BCN,9669,0777,063856,2,8,000012,0,1,32799,32759,00000,00000
BCN,9670,0778,061873,2,8,000014,0,1,32799,32759,00000,00000
BCN,9671,0777,061873,2,8,000014,0,1,32799,32759,00000,00000
BCN,9672,0778,061873,2,8,000014,0,1,32799,32759,00000,00000
BCN,9673,0777,061873,2,8,000014,0,1,32799,32759,00000,00000
BCN,9674,0778,061873,2,8,000014,0,1,32799,32759,00000,00000
BCN,9675,0777,061873,2,8,000014,0,1,32799,32759,00000,00000
BCN,9676,0778,072217,2,9,000013,0,1,32800,32759,00000,00000
BCN,9677,0777,072217,2,9,000013,0,1,32800,32759,00000,00000
BCN,9678,0778,072217,2,9,000013,0,1,32800,32759,00000,00000
BCN,9679,0777,072217,2,9,000013,0,1,32800,32759,00000,00000
BCN,9680,0778,072217,2,9,000013,0,1,32800,32759,00000,00000
BCN,9681,0777,072217,2,9,000013,0,1,32800,32759,00000,00000
BCN,9682,0778,068017,2,9,000014,0,1,32800,32759,00000,00000
BCN,9683,0777,068017,2,9,000014,0,1,32800,32759,00000,00000
BCN,9684,0778,068017,2,9,000014,0,1,32800,32759,00000,00000
BCN,9685,0777,068017,2,9,000014,0,1,32800,32759,00000,00000
BCN,9686,0778,068017,2,9,000014,0,1,32800,32759,00000,00000
BCN,9687,0777,068017,2,9,000014,0,1,32800,32759,00000,00000
BCN,9688,0778,066164,2,9,000013,0,1,32800,32759,00000,00000
BCN,9689,0777,066164,2,9,000013,0,1,32800,32759,00000,00000
BCN,9690,0778,066164,2,9,000013,0,1,32800,32759,00000,00000
BCN,9691,0777,066164,2,9,000013,0,1,32800,32759,00000,00000
BCN,9692,0778,066164,2,9,000013,0,1,32800,32759,00000,00000
BCN,9693,0777,066164,2,9,000013,0,1,32800,32759,00000,00000
BCN,9694,0778,066164,2,9,000013,0,1,32800,32759,00000,00000
BCN,9695,0777,060098,2,8,000014,0,1,32799,32759,00000,00000
BCN,9696,0778,060098,2,8,000014,0,1,32799,32759,00000,00000
BCN,9697,0777,060098,2,8,000014,0,1,32799,32759,00000,00000
BCN,9698,0778,060098,2,8,000014,0,1,32799,32759,00000,00000
BCN,9699,0777,060098,2,8,000014,0,1,32799,32759,00000,00000
BCN,9700,0778,060098,2,8,000014,0,1,32799,32759,00000,00000
BCN,9701,0777,064051,2,8,000013,0,1,32800,32759,00000,00000
BCN,9702,0778,064051,2,8,000013,0,1,32800,32759,00000,00000
BCN,9703,0777,064051,2,8,000013,0,1,32800,32759,00000,00000
BCN,9704,0778,064051,2,8,000013,0,1,32800,32759,00000,00000
BCN,9705,0777,064051,2,8,000013,0,1,32800,32759,00000,00000
BCN,9706,0778,064051,2,8,000013,0,1,32800,32759,00000,00000
BCN,9707,0777,064116,2,8,000016,0,2,32800,32759,00000,00000
BCN,9708,0778,064116,2,8,000016,0,2,32800,32759,00000,00000
BCN,9709,0777,064116,2,8,000016,0,2,32800,32759,00000,00000
BCN,9710,0778,064116,2,8,000016,0,2,32800,32759,00000,00000
BCN,9711,0777,064116,2,8,000016,0,2,32800,32759,00000,00000
BCN,9712,0778,064116,2,8,000016,0,2,32800,32759,00000,00000
BCN,9713,0777,064025,2,8,000014,0,1,32799,32759,00000,00000
BCN,9714,0778,064025,2,8,000014,0,1,32799,32759,00000,00000
BCN,9715,0777,064025,2,8,000014,0,1,32799,32759,00000,00000
BCN,9716,0778,064025,2,8,000014,0,1,32799,32759,00000,00000
BCN,9717,0777,064025,2,8,000014,0,1,32799,32759,00000,00000
BCN,9718,0778,064025,2,8,000014,0,1,32799,32759,00000,00000
BCN,9719,0777,061769,2,8,000013,0,1,32800,32759,00000,00000
BCN,9720,0778,061769,2,8,000013,0,1,32800,32759,00000,00000
BCN,9721,0777,061769,2,8,000013,0,1,32800,32759,00000,00000
BCN,9722,0778,061769,2,8,000013,0,1,32800,32759,00000,00000
BCN,9723,0777,061769,2,8,000013,0,1,32800,32759,00000,00000
BCN,9724,0777,061769,2,8,000013,0,1,32800,32759,00000,00000
BCN,9725,0777,061795,2,8,000015,0,1,32800,32759,00000,00000
BCN,9726,0778,061795,2,8,000015,0,1,32800,32759,00000,00000
BCN,9727,0777,061795,2,8,000015,0,1,32800,32759,00000,00000
BCN,9728,0778,061795,2,8,000015,0,1,32800,32759,00000,00000
BCN,9729,0777,061795,2,8,000015,0,1,32800,32759,00000,00000
BCN,9730,0778,061795,2,8,000015,0,1,32800,32759,00000,00000
BCN,9731,0777,061795,2,8,000015,0,1,32800,32759,00000,00000
BCN,9732,0778,063817,2,8,000015,0,2,32799,32759,00000,00000
BCN,9733,0777,063817,2,8,000015,0,2,32799,32759,00000,00000
BCN,9734,0778,063817,2,8,000015,0,2,32799,32759,00000,00000
BCN,9735,0777,063817,2,8,000015,0,2,32799,32759,00000,00000
BCN,9736,0778,063817,2,8,000015,0,2,32799,32759,00000,00000
BCN,9737,0777,063817,2,8,000015,0,2,32799,32759,00000,00000
BCN,9738,0778,059708,2,8,000015,0,2,32799,32759,00000,00000
BCN,9739,0777,059708,2,8,000015,0,2,32799,32759,00000,00000
BCN,9740,0778,059708,2,8,000015,0,2,32799,32759,00000,00000
BCN,9741,0777,059708,2,8,000015,0,2,32799,32759,00000,00000
BCN,9742,0778,059708,2,8,000015,0,2,32799,32759,00000,00000
BCN,9743,0777,059708,2,8,000015,0,2,32799,32759,00000,00000
BCN,9744,0778,069987,2,9,000012,0,1,32800,32759,00000,00000
BCN,9745,0777,069987,2,9,000012,0,1,32800,32759,00000,00000
BCN,9746,0778,069987,2,9,000012,0,1,32800,32759,00000,00000
BCN,9747,0777,069987,2,9,000012,0,1,32800,32759,00000,00000
BCN,9748,0777,069987,2,9,000012,0,1,32800,32759,00000,00000
BCN,9749,0777,069987,2,9,000012,0,1,32800,32759,00000,00000
BCN,9750,0778,063791,2,8,000013,0,1,32800,32759,00000,00000
BCN,9751,0777,063791,2,8,000013,0,1,32800,32759,00000,00000
BCN,9752,0777,063791,2,8,000013,0,1,32800,32759,00000,00000
BCN,9753,0777,063791,2,8,000013,0,1,32800,32759,00000,00000
BCN,9754,0778,063791,2,8,000013,0,1,32800,32759,00000,00000
BCN,9755,0777,063791,2,8,000013,0,1,32800,32759,00000,00000
BCN,9756,0778,065878,2,9,000016,0,2,32800,32759,00000,00000
BCN,9757,0777,065878,2,9,000016,0,2,32800,32759,00000,00000
BCN,9758,0777,065878,2,9,000016,0,2,32800,32759,00000,00000
BCN,9759,0777,065878,2,9,000016,0,2,32800,32759,00000,00000
BCN,9760,0777,065878,2,9,000016,0,2,32800,32759,00000,00000
BCN,9761,0777,065878,2,9,000016,0,2,32800,32759,00000,00000
BCN,9762,0777,059890,2,8,000014,0,2,32799,32759,00000,00000
BCN,9763,0777,059890,2,8,000014,0,2,32799,32759,00000,00000
BCN,9764,0777,059890,2,8,000014,0,2,32799,32759,00000,00000
BCN,9765,0777,059890,2,8,000014,0,2,32799,32759,00000,00000
BCN,9766,0778,059890,2,8,000014,0,2,32799,32759,00000,00000
BCN,9767,0777,059890,2,8,000014,0,2,32799,32759,00000,00000
BCN,9768,0777,059890,2,8,000014,0,2,32799,32759,00000,00000
BCN,9769,0777,066034,2,9,000014,0,2,32800,32759,00000,00000
BCN,9770,0777,066034,2,9,000014,0,2,32800,32759,00000,00000
BCN,9771,0777,066034,2,9,000014,0,2,32800,32759,00000,00000
BCN,9772,0777,066034,2,9,000014,0,2,32800,32759,00000,00000
BCN,9773,0777,066034,2,9,000014,0,2,32800,32759,00000,00000
BCN,9774,0777,066034,2,9,000014,0,2,32800,32759,00000,00000
BCN,9775,0777,066203,2,9,000013,0,1,32800,32759,00000,00000
BCN,9776,0777,066203,2,9,000013,0,1,32800,32759,00000,00000
BCN,9777,0777,066203,2,9,000013,0,1,32800,32759,00000,00000
BCN,9778,0777,066203,2,9,000013,0,1,32800,32759,00000,00000
BCN,9779,0777,066203,2,9,000013,0,1,32800,32759,00000,00000
BCN,9780,0777,066203,2,9,000013,0,1,32800,32759,00000,00000
BCN,9781,0777,060137,2,8,000013,0,1,32799,32759,00000,00000
BCN,9782,0777,060137,2,8,000013,0,1,32799,32759,00000,00000
BCN,9783,0777,060137,2,8,000013,0,1,32799,32759,00000,00000
BCN,9784,0777,060137,2,8,000013,0,1,32799,32759,00000,00000
BCN,9785,0777,060137,2,8,000013,0,1,32799,32759,00000,00000
BCN,9786,0777,060137,2,8,000013,0,1,32799,32759,00000,00000
BCN,9787,0777,066216,2,9,000013,0,1,32800,32759,00000,00000
BCN,9788,0777,066216,2,9,000013,0,1,32800,32759,00000,00000
BCN,9789,0777,066216,2,9,000013,0,1,32800,32759,00000,00000
BCN,9790,0777,066216,2,9,000013,0,1,32800,32759,00000,00000
BCN,9791,0777,066216,2,9,000013,0,1,32800,32759,00000,00000
BCN,9792,0777,066216,2,9,000013,0,1,32800,32759,00000,00000
BCN,9793,0777,066346,2,9,000013,0,1,32800,32759,00000,00000
BCN,9794,0777,066346,2,9,000013,0,1,32800,32759,00000,00000
BCN,9795,0777,066346,2,9,000013,0,1,32800,32759,00000,00000
BCN,9796,0777,066346,2,9,000013,0,1,32800,32759,00000,00000
BCN,9797,0777,066346,2,9,000013,0,1,32800,32759,00000,00000
BCN,9798,0777,066346,2,9,000013,0,1,32800,32759,00000,00000
BCN,9799,0777,060241,2,8,000014,0,1,32799,32759,00000,00000
BCN,9800,0777,060241,2,8,000014,0,1,32799,32759,00000,00000
BCN,9801,0777,060241,2,8,000014,0,1,32799,32759,00000,00000
BCN,9802,0777,060241,2,8,000014,0,1,32799,32759,00000,00000
BCN,9803,0777,060241,2,8,000014,0,1,32799,32759,00000,00000
BCN,9804,0777,060241,2,8,000014,0,1,32799,32759,00000,00000
BCN,9805,0777,060241,2,8,000014,0,1,32799,32759,00000,00000
BCN,9806,0777,064155,2,8,000015,0,1,32800,32759,00000,00000
BCN,9807,0777,064155,2,8,000015,0,1,32800,32759,00000,00000
BCN,9808,0777,064155,2,8,000015,0,1,32800,32759,00000,00000
BCN,9809,0777,064155,2,8,000015,0,1,32800,32759,00000,00000
BCN,9810,0777,064155,2,8,000015,0,1,32800,32759,00000,00000
BCN,9811,0777,064155,2,8,000015,0,1,32800,32759,00000,00000
BCN,9812,0777,066333,2,9,000015,0,2,32800,32759,00000,00000
BCN,9813,0778,066333,2,9,000015,0,2,32800,32759,00000,00000
BCN,9814,0777,066333,2,9,000015,0,2,32800,32759,00000,00000
BCN,9815,0777,066333,2,9,000015,0,2,32800,32759,00000,00000
BCN,9816,0777,066333,2,9,000015,0,2,32800,32759,00000,00000
BCN,9817,0777,066333,2,9,000015,0,2,32800,32759,00000,00000
BCN,9818,0777,060228,2,8,000016,0,2,32799,32759,00000,00000
BCN,9819,0777,060228,2,8,000016,0,2,32799,32759,00000,00000
BCN,9820,0777,060228,2,8,000016,0,2,32799,32759,00000,00000
BCN,9821,0777,060228,2,8,000016,0,2,32799,32759,00000,00000
BCN,9822,0777,060228,2,8,000016,0,2,32799,32759,00000,00000
BCN,9823,0777,060228,2,8,000016,0,2,32799,32759,00000,00000
BCN,9824,0777,064155,2,8,000014,0,1,32800,32759,00000,00000
BCN,9825,0777,064155,2,8,000014,0,1,32800,32759,00000,00000
BCN,9826,0777,064155,2,8,000014,0,1,32800,32759,00000,00000
BCN,9827,0777,064155,2,8,000014,0,1,32800,32759,00000,00000
BCN,9828,0777,064155,2,8,000014,0,1,32800,32759,00000,00000
BCN,9829,0777,064155,2,8,000014,0,1,32800,32759,00000,00000
BCN,9830,0777,066333,2,9,000017,0,2,32800,32759,00000,00000
BCN,9831,0777,066333,2,9,000017,0,2,32800,32759,00000,00000
BCN,9832,0777,066333,2,9,000017,0,2,32800,32759,00000,00000
BCN,9833,0777,066333,2,9,000017,0,2,32800,32759,00000,00000
BCN,9834,0777,066333,2,9,000017,0,2,32800,32759,00000,00000
BCN,9835,0778,066333,2,9,000017,0,2,32800,32759,00000,00000
BCN,9836,0777,062198,2,8,000016,0,1,32799,32759,00000,00000
BCN,9837,0777,062198,2,8,000016,0,1,32799,32759,00000,00000
BCN,9838,0777,062198,2,8,000016,0,1,32799,32759,00000,00000
BCN,9839,0777,062198,2,8,000016,0,1,32799,32759,00000,00000
BCN,9840,0777,062198,2,8,000016,0,1,32799,32759,00000,00000
BCN,9841,0777,062198,2,8,000016,0,1,32799,32759,00000,00000
BCN,9842,0777,062198,2,8,000016,0,1,32799,32759,00000,00000
BCN,9843,0777,061938,2,8,000018,0,2,32800,32759,00000,00000
BCN,9844,0777,061938,2,8,000018,0,2,32800,32759,00000,00000
BCN,9845,0777,061938,2,8,000018,0,2,32800,32759,00000,00000
BCN,9846,0777,061938,2,8,000018,0,2,32800,32759,00000,00000
BCN,9847,0777,061938,2,8,000018,0,2,32800,32759,00000,00000
BCN,9848,0777,061938,2,8,000018,0,2,32800,32759,00000,00000
BCN,9849,0777,064064,2,8,000015,0,2,32800,32759,00000,00000
BCN,9850,0777,064064,2,8,000015,0,2,32800,32759,00000,00000
BCN,9851,0777,064064,2,8,000015,0,2,32800,32759,00000,00000
BCN,9852,0777,064064,2,8,000015,0,2,32800,32759,00000,00000
BCN,9853,0777,064064,2,8,000015,0,2,32800,32759,00000,00000
BCN,9854,0777,064064,2,8,000015,0,2,32800,32759,00000,00000
BCN,9855,0777,063986,2,8,000017,0,2,32799,32759,00000,00000
BCN,9856,0777,063986,2,8,000017,0,2,32799,32759,00000,00000
BCN,9857,0777,063986,2,8,000017,0,2,32799,32759,00000,00000
BCN,9858,0777,063986,2,8,000017,0,2,32799,32759,00000,00000
BCN,9859,0777,063986,2,8,000017,0,2,32799,32759,00000,00000
BCN,9860,0777,063986,2,8,000017,0,2,32799,32759,00000,00000
BCN,9861,0777,061743,2,8,000015,0,1,32800,32759,00000,00000
BCN,9862,0777,061743,2,8,000015,0,1,32800,32759,00000,00000
BCN,9863,0777,061743,2,8,000015,0,1,32800,32759,00000,00000
BCN,9864,0777,061743,2,8,000015,0,1,32800,32759,00000,00000
BCN,9865,0777,061743,2,8,000015,0,1,32800,32759,00000,00000
BCN,9866,0777,061743,2,8,000015,0,1,32800,32759,00000,00000
BCN,9867,0777,061769,2,8,000016,0,2,32800,32759,00000,00000
BCN,9868,0777,061769,2,8,000016,0,2,32800,32759,00000,00000
BCN,9869,0777,061769,2,8,000016,0,2,32800,32759,00000,00000
BCN,9870,0777,061769,2,8,000016,0,2,32800,32759,00000,00000
BCN,9871,0777,061769,2,8,000016,0,2,32800,32759,00000,00000
BCN,9872,0777,061769,2,8,000016,0,2,32800,32759,00000,00000
BCN,9873,0777,063804,2,8,000017,0,2,32799,32759,00000,00000
BCN,9874,0777,063804,2,8,000017,0,2,32799,32759,00000,00000
BCN,9875,0777,063804,2,8,000017,0,2,32799,32759,00000,00000
BCN,9876,0777,063804,2,8,000017,0,2,32799,32759,00000,00000
BCN,9877,0777,063804,2,8,000017,0,2,32799,32759,00000,00000
BCN,9878,0777,063804,2,8,000017,0,2,32799,32759,00000,00000
BCN,9879,0777,063804,2,8,000017,0,2,32799,32759,00000,00000
BCN,9880,0777,059695,2,8,000015,0,2,32799,32759,00000,00000
BCN,9881,0777,059695,2,8,000015,0,2,32799,32759,00000,00000
BCN,9882,0777,059695,2,8,000015,0,2,32799,32759,00000,00000
BCN,9883,0777,059695,2,8,000015,0,2,32799,32759,00000,00000
BCN,9884,0777,059695,2,8,000015,0,2,32799,32759,00000,00000
BCN,9885,0777,059695,2,8,000015,0,2,32799,32759,00000,00000
BCN,9886,0777,069974,2,9,000017,0,2,32800,32759,00000,00000
BCN,9887,0778,069974,2,9,000017,0,2,32800,32759,00000,00000
BCN,9888,0777,069974,2,9,000017,0,2,32800,32759,00000,00000
BCN,9889,0778,069974,2,9,000017,0,2,32800,32759,00000,00000
BCN,9890,0777,069974,2,9,000017,0,2,32800,32759,00000,00000
BCN,9891,0778,069974,2,9,000017,0,2,32800,32759,00000,00000
BCN,9892,0777,065917,2,9,000013,0,1,32800,32759,00000,00000
BCN,9893,0778,065917,2,9,000013,0,1,32800,32759,00000,00000
BCN,9894,0777,065917,2,9,000013,0,1,32800,32759,00000,00000
BCN,9895,0778,065917,2,9,000013,0,1,32800,32759,00000,00000
BCN,9896,0777,065917,2,9,000013,0,1,32800,32759,00000,00000
BCN,9897,0777,065917,2,9,000013,0,1,32800,32759,00000,00000
BCN,9898,0776,063986,2,8,000015,0,2,32800,32759,00000,00000
BCN,9899,0777,063986,2,8,000015,0,2,32800,32759,00000,00000
BCN,9900,0777,063986,2,8,000015,0,2,32800,32759,00000,00000
BCN,9901,0778,063986,2,8,000015,0,2,32800,32759,00000,00000
BCN,9902,0777,063986,2,8,000015,0,2,32800,32759,00000,00000
BCN,9903,0777,063986,2,8,000015,0,2,32800,32759,00000,00000
BCN,9904,0777,060007,2,8,000015,0,2,32799,32759,00000,00000
BCN,9905,0778,060007,2,8,000015,0,2,32799,32759,00000,00000
BCN,9906,0776,060007,2,8,000015,0,2,32799,32759,00000,00000
BCN,9907,0777,060007,2,8,000015,0,2,32799,32759,00000,00000
BCN,9908,0777,060007,2,8,000015,0,2,32799,32759,00000,00000
BCN,9909,0777,060007,2,8,000015,0,2,32799,32759,00000,00000
BCN,9910,0777,063986,2,8,000016,0,2,32800,32759,00000,00000
BCN,9911,0777,063986,2,8,000016,0,2,32800,32759,00000,00000
BCN,9912,0776,063986,2,8,000016,0,2,32800,32759,00000,00000
BCN,9913,0778,063986,2,8,000016,0,2,32800,32759,00000,00000
BCN,9914,0777,063986,2,8,000016,0,2,32800,32759,00000,00000
BCN,9915,0777,063986,2,8,000016,0,2,32800,32759,00000,00000
BCN,9916,0776,063986,2,8,000016,0,2,32800,32759,00000,00000
BCN,9917,0777,066203,2,9,000016,0,2,32800,32759,00000,00000
BCN,9918,0776,066203,2,9,000016,0,2,32800,32759,00000,00000
BCN,9919,0778,066203,2,9,000016,0,2,32800,32759,00000,00000
BCN,9920,0776,066203,2,9,000016,0,2,32800,32759,00000,00000
BCN,9921,0778,066203,2,9,000016,0,2,32800,32759,00000,00000
BCN,9922,0776,066203,2,9,000016,0,2,32800,32759,00000,00000
BCN,9923,0778,060137,2,8,000017,0,2,32799,32759,00000,00000
BCN,9924,0776,060137,2,8,000017,0,2,32799,32759,00000,00000
BCN,9925,0778,060137,2,8,000017,0,2,32799,32759,00000,00000
BCN,9926,0776,060137,2,8,000017,0,2,32799,32759,00000,00000
BCN,9927,0778,060137,2,8,000017,0,2,32799,32759,00000,00000
BCN,9928,0776,060137,2,8,000017,0,2,32799,32759,00000,00000
BCN,9929,0778,064077,2,8,000016,0,2,32800,32759,00000,00000
BCN,9930,0776,064077,2,8,000016,0,2,32800,32759,00000,00000
BCN,9931,0778,064077,2,8,000016,0,2,32800,32759,00000,00000
BCN,9932,0776,064077,2,8,000016,0,2,32800,32759,00000,00000
BCN,9933,0778,064077,2,8,000016,0,2,32800,32759,00000,00000
BCN,9934,0776,064077,2,8,000016,0,2,32800,32759,00000,00000
BCN,9935,0778,066281,2,9,000014,0,2,32800,32759,00000,00000
BCN,9936,0776,066281,2,9,000014,0,2,32800,32759,00000,00000
BCN,9937,0778,066281,2,9,000014,0,2,32800,32759,00000,00000
BCN,9938,0776,066281,2,9,000014,0,2,32800,32759,00000,00000
BCN,9939,0778,066281,2,9,000014,0,2,32800,32759,00000,00000
BCN,9940,0776,066281,2,9,000014,0,2,32800,32759,00000,00000
BCN,9941,0778,060189,2,8,000014,0,2,32799,32759,00000,00000
BCN,9942,0776,060189,2,8,000014,0,2,32799,32759,00000,00000
BCN,9943,0778,060189,2,8,000014,0,2,32799,32759,00000,00000
BCN,9944,0776,060189,2,8,000014,0,2,32799,32759,00000,00000
BCN,9945,0778,060189,2,8,000014,0,2,32799,32759,00000,00000
BCN,9946,0776,060189,2,8,000014,0,2,32799,32759,00000,00000
BCN,9947,0778,064116,2,8,000015,0,2,32800,32759,00000,00000
BCN,9948,0776,064116,2,8,000015,0,2,32800,32759,00000,00000
BCN,9949,0778,064116,2,8,000015,0,2,32800,32759,00000,00000
BCN,9950,0776,064116,2,8,000015,0,2,32800,32759,00000,00000
BCN,9951,0778,064116,2,8,000015,0,2,32800,32759,00000,00000
BCN,9952,0776,064116,2,8,000015,0,2,32800,32759,00000,00000
BCN,9953,0778,064116,2,8,000015,0,2,32800,32759,00000,00000
BCN,9954,0776,066307,2,9,000012,0,1,32800,32759,00000,00000
BCN,9955,0778,066307,2,9,000012,0,1,32800,32759,00000,00000
BCN,9956,0776,066307,2,9,000012,0,1,32800,32759,00000,00000
BCN,9957,0778,066307,2,9,000012,0,1,32800,32759,00000,00000
BCN,9958,0776,066307,2,9,000012,0,1,32800,32759,00000,00000
BCN,9959,0778,066307,2,9,000012,0,1,32800,32759,00000,00000
BCN,9960,0776,060215,2,8,000013,0,1,32799,32759,00000,00000
BCN,9961,0778,060215,2,8,000013,0,1,32799,32759,00000,00000
BCN,9962,0776,060215,2,8,000013,0,1,32799,32759,00000,00000
BCN,9963,0778,060215,2,8,000013,0,1,32799,32759,00000,00000
BCN,9964,0776,060215,2,8,000013,0,1,32799,32759,00000,00000
BCN,9965,0778,060215,2,8,000013,0,1,32799,32759,00000,00000
BCN,9966,0776,064129,2,8,000014,0,1,32800,32759,00000,00000
BCN,9967,0778,064129,2,8,000014,0,1,32800,32759,00000,00000
BCN,9968,0776,064129,2,8,000014,0,1,32800,32759,00000,00000
BCN,9969,0778,064129,2,8,000014,0,1,32800,32759,00000,00000
BCN,9970,0776,064129,2,8,000014,0,1,32800,32759,00000,00000
BCN,9971,0778,064129,2,8,000014,0,1,32800,32759,00000,00000
BCN,9972,0776,066320,2,9,000014,0,1,32800,32759,00000,00000
BCN,9973,0778,066320,2,9,000014,0,1,32800,32759,00000,00000
BCN,9974,0776,066320,2,9,000014,0,1,32800,32759,00000,00000
BCN,9975,0778,066320,2,9,000014,0,1,32800,32759,00000,00000
BCN,9976,0776,066320,2,9,000014,0,1,32800,32759,00000,00000
BCN,9977,0778,066320,2,9,000014,0,1,32800,32759,00000,00000
BCN,9978,0776,060215,2,8,000013,0,1,32799,32759,00000,00000
BCN,9979,0778,060215,2,8,000013,0,1,32799,32759,00000,00000
BCN,9980,0776,060215,2,8,000013,0,1,32799,32759,00000,00000
BCN,9981,0778,060215,2,8,000013,0,1,32799,32759,00000,00000
BCN,9982,0776,060215,2,8,000013,0,1,32799,32759,00000,00000
BCN,9983,0779,060215,2,8,000013,0,1,32799,32759,00000,00000
BCN,9984,0776,064142,2,8,000014,0,1,32800,32759,00000,00000
BCN,9985,0778,064142,2,8,000014,0,1,32800,32759,00000,00000
BCN,9986,0776,064142,2,8,000014,0,1,32800,32759,00000,00000
BCN,9987,0778,064142,2,8,000014,0,1,32800,32759,00000,00000
BCN,9988,0776,064142,2,8,000014,0,1,32800,32759,00000,00000
BCN,9989,0778,064142,2,8,000014,0,1,32800,32759,00000,00000
BCN,9990,0776,064142,2,8,000014,0,1,32800,32759,00000,00000
BCN,9991,0778,064181,2,8,000013,0,1,32800,32759,00000,00000
BCN,9992,0776,064181,2,8,000013,0,1,32800,32759,00000,00000
BCN,9993,0779,064181,2,8,000013,0,1,32800,32759,00000,00000
BCN,9994,0776,064181,2,8,000013,0,1,32800,32759,00000,00000
BCN,9995,0778,064181,2,8,000013,0,1,32800,32759,00000,00000
BCN,9996,0776,064181,2,8,000013,0,1,32800,32759,00000,00000
BCN,9997,0778,064077,2,8,000014,0,1,32799,32759,00000,00000
BCN,9998,0776,064077,2,8,000014,0,1,32799,32759,00000,00000
BCN,9999,0779,064077,2,8,000014,0,1,32799,32759,00000,00000
BCN,0000,0776,064077,2,8,000014,0,1,32799,32759,00000,00000
BCN,0001,0779,064077,2,8,000014,0,1,32799,32759,00000,00000
BCN,0002,0776,064077,2,8,000014,0,1,32799,32759,00000,00000
BCN,0003,0778,061808,2,8,000014,0,1,32800,32759,00000,00000
BCN,0004,0776,061808,2,8,000014,0,1,32800,32759,00000,00000
BCN,0005,0778,061808,2,8,000014,0,1,32800,32759,00000,00000
BCN,0006,0776,061808,2,8,000014,0,1,32800,32759,00000,00000
BCN,0007,0778,061808,2,8,000014,0,1,32800,32759,00000,00000
BCN,0008,0775,061808,2,8,000014,0,1,32800,32759,00000,00000
BCN,0009,0779,061821,2,8,000015,0,2,32800,32759,00000,00000
BCN,0010,0776,061821,2,8,000015,0,2,32800,32759,00000,00000
BCN,0011,0779,061821,2,8,000015,0,2,32800,32759,00000,00000
BCN,0012,0776,061821,2,8,000015,0,2,32800,32759,00000,00000
BCN,0013,0778,061821,2,8,000015,0,2,32800,32759,00000,00000
BCN,0014,0776,061821,2,8,000015,0,2,32800,32759,00000,00000
BCN,0015,0779,063843,2,8,000015,0,2,32799,32759,00000,00000
BCN,0016,0776,063843,2,8,000015,0,2,32799,32759,00000,00000
BCN,0017,0779,063843,2,8,000015,0,2,32799,32759,00000,00000
BCN,0018,0776,063843,2,8,000015,0,2,32799,32759,00000,00000
BCN,0019,0779,063843,2,8,000015,0,2,32799,32759,00000,00000
BCN,0020,0775,063843,2,8,000015,0,2,32799,32759,00000,00000
BCN,0021,0779,059721,2,8,000014,0,1,32799,32759,00000,00000
BCN,0022,0776,059721,2,8,000014,0,1,32799,32759,00000,00000
BCN,0023,0779,059721,2,8,000014,0,1,32799,32759,00000,00000
BCN,0024,0776,059721,2,8,000014,0,1,32799,32759,00000,00000
BCN,0025,0779,059721,2,8,000014,0,1,32799,32759,00000,00000
BCN,0026,0776,059721,2,8,000014,0,1,32799,32759,00000,00000
BCN,0027,0779,059721,2,8,000014,0,1,32799,32759,00000,00000
BCN,0028,0776,069987,2,9,000015,0,1,32800,32759,00000,00000
BCN,0029,0779,069987,2,9,000015,0,1,32800,32759,00000,00000
BCN,0030,0775,069987,2,9,000015,0,1,32800,32759,00000,00000
BCN,0031,0779,069987,2,9,000015,0,1,32800,32759,00000,00000
BCN,0032,0775,069987,2,9,000015,0,1,32800,32759,00000,00000
BCN,0033,0779,069987,2,9,000015,0,1,32800,32759,00000,00000
BCN,0034,0775,063791,2,8,000014,0,1,32800,32759,00000,00000
BCN,0035,0779,063791,2,8,000014,0,1,32800,32759,00000,00000
BCN,0036,0776,063791,2,8,000014,0,1,32800,32759,00000,00000
BCN,0037,0779,063791,2,8,000014,0,1,32800,32759,00000,00000
BCN,0038,0776,063791,2,8,000014,0,1,32800,32759,00000,00000
BCN,0039,0779,063791,2,8,000014,0,1,32800,32759,00000,00000
BCN,0040,0776,065878,2,9,000017,0,2,32800,32759,00000,00000
BCN,0041,0779,065878,2,9,000017,0,2,32800,32759,00000,00000
BCN,0042,0776,065878,2,9,000017,0,2,32800,32759,00000,00000
BCN,0043,0779,065878,2,9,000017,0,2,32800,32759,00000,00000
BCN,0044,0776,065878,2,9,000017,0,2,32800,32759,00000,00000
BCN,0045,0779,065878,2,9,000017,0,2,32800,32759,00000,00000
BCN,0046,0776,059890,2,8,000013,0,1,32799,32759,00000,00000
BCN,0047,0779,059890,2,8,000013,0,1,32799,32759,00000,00000
BCN,0048,0776,059890,2,8,000013,0,1,32799,32759,00000,00000
BCN,0049,0779,059890,2,8,000013,0,1,32799,32759,00000,00000
BCN,0050,0775,059890,2,8,000013,0,1,32799,32759,00000,00000
BCN,0051,0779,059890,2,8,000013,0,1,32799,32759,00000,00000
BCN,0052,0775,066034,2,9,000014,0,1,32800,32759,00000,00000
BCN,0053,0779,066034,2,9,000014,0,1,32800,32759,00000,00000
BCN,0054,0775,066034,2,9,000014,0,1,32800,32759,00000,00000
BCN,0055,0779,066034,2,9,000014,0,1,32800,32759,00000,00000
BCN,0056,0775,066034,2,9,000014,0,1,32800,32759,00000,00000
BCN,0057,0779,066034,2,9,000014,0,1,32800,32759,00000,00000
BCN,0058,0775,066216,2,9,000014,0,1,32800,32759,00000,00000
BCN,0059,0779,066216,2,9,000014,0,1,32800,32759,00000,00000
BCN,0060,0775,066216,2,9,000014,0,1,32800,32759,00000,00000
BCN,0061,0779,066216,2,9,000014,0,1,32800,32759,00000,00000
BCN,0062,0775,066216,2,9,000014,0,1,32800,32759,00000,00000
BCN,0063,0779,066216,2,9,000014,0,1,32800,32759,00000,00000
BCN,0064,0775,066216,2,9,000014,0,1,32800,32759,00000,00000
BCN,0065,0779,060137,2,8,000014,0,1,32799,32759,00000,00000
BCN,0066,0776,060137,2,8,000014,0,1,32799,32759,00000,00000
BCN,0067,0779,060137,2,8,000014,0,1,32799,32759,00000,00000
BCN,0068,0775,060137,2,8,000014,0,1,32799,32759,00000,00000
BCN,0069,0779,060137,2,8,000014,0,1,32799,32759,00000,00000
BCN,0070,0775,060137,2,8,000014,0,1,32799,32759,00000,00000
BCN,0071,0779,064077,2,8,000014,0,1,32800,32759,00000,00000
BCN,0072,0775,064077,2,8,000014,0,1,32800,32759,00000,00000
BCN,0073,0779,064077,2,8,000014,0,1,32800,32759,00000,00000
BCN,0074,0775,064077,2,8,000014,0,1,32800,32759,00000,00000
BCN,0075,0779,064077,2,8,000014,0,1,32800,32759,00000,00000
BCN,0076,0775,064077,2,8,000014,0,1,32800,32759,00000,00000
BCN,0077,0779,066281,2,9,000015,0,1,32800,32759,00000,00000
BCN,0078,0775,066281,2,9,000015,0,1,32800,32759,00000,00000
BCN,0079,0779,066281,2,9,000015,0,1,32800,32759,00000,00000
BCN,0080,0775,066281,2,9,000015,0,1,32800,32759,00000,00000
BCN,0081,0779,066281,2,9,000015,0,1,32800,32759,00000,00000
BCN,0082,0775,066281,2,9,000015,0,1,32800,32759,00000,00000
BCN,0083,0779,062159,2,8,000014,0,1,32799,32759,00000,00000
BCN,0084,0775,062159,2,8,000014,0,1,32799,32759,00000,00000
BCN,0085,0779,062159,2,8,000014,0,1,32799,32759,00000,00000
BCN,0086,0776,062159,2,8,000014,0,1,32799,32759,00000,00000
BCN,0087,0779,062159,2,8,000014,0,1,32799,32759,00000,00000
BCN,0088,0775,062159,2,8,000014,0,1,32799,32759,00000,00000
BCN,0089,0779,061899,2,8,000015,0,1,32800,32759,00000,00000
BCN,0090,0776,061899,2,8,000015,0,1,32800,32759,00000,00000
BCN,0091,0779,061899,2,8,000015,0,1,32800,32759,00000,00000
BCN,0092,0775,061899,2,8,000015,0,1,32800,32759,00000,00000
BCN,0093,0779,061899,2,8,000015,0,1,32800,32759,00000,00000
BCN,0094,0776,061899,2,8,000015,0,1,32800,32759,00000,00000
BCN,0095,0779,061886,2,8,000014,0,1,32800,32759,00000,00000
BCN,0096,0776,061886,2,8,000014,0,1,32800,32759,00000,00000
BCN,0097,0779,061886,2,8,000014,0,1,32800,32759,00000,00000
BCN,0098,0776,061886,2,8,000014,0,1,32800,32759,00000,00000
BCN,0099,0779,061886,2,8,000014,0,1,32800,32759,00000,00000
BCN,0100,0775,061886,2,8,000014,0,1,32800,32759,00000,00000
BCN,0101,0779,061886,2,8,000014,0,1,32800,32759,00000,00000
BCN,0102,0776,063895,2,8,000014,0,1,32799,32759,00000,00000
BCN,0103,0779,063895,2,8,000014,0,1,32799,32759,00000,00000
BCN,0104,0775,063895,2,8,000014,0,1,32799,32759,00000,00000
BCN,0105,0779,063895,2,8,000014,0,1,32799,32759,00000,00000
BCN,0106,0775,063895,2,8,000014,0,1,32799,32759,00000,00000
BCN,0107,0779,063895,2,8,000014,0,1,32799,32759,00000,00000
BCN,0108,0775,059760,2,8,000015,0,2,32799,32759,00000,00000
BCN,0109,0779,059760,2,8,000015,0,2,32799,32759,00000,00000
BCN,0110,0775,059760,2,8,000015,0,2,32799,32759,00000,00000
BCN,0111,0779,059760,2,8,000015,0,2,32799,32759,00000,00000
BCN,0112,0775,059760,2,8,000015,0,2,32799,32759,00000,00000
BCN,0113,0779,059760,2,8,000015,0,2,32799,32759,00000,00000
BCN,0114,0775,070026,2,9,000016,0,2,32800,32759,00000,00000
BCN,0115,0779,070026,2,9,000016,0,2,32800,32759,00000,00000
BCN,0116,0776,070026,2,9,000016,0,2,32800,32759,00000,00000
BCN,0117,0779,070026,2,9,000016,0,2,32800,32759,00000,00000
BCN,0118,0776,070026,2,9,000016,0,2,32800,32759,00000,00000
BCN,0119,0779,070026,2,9,000016,0,2,32800,32759,00000,00000
BCN,0120,0775,063817,2,8,000014,0,2,32800,32759,00000,00000
BCN,0121,0779,063817,2,8,000014,0,2,32800,32759,00000,00000
BCN,0122,0776,063817,2,8,000014,0,2,32800,32759,00000,00000
BCN,0123,0779,063817,2,8,000014,0,2,32800,32759,00000,00000
BCN,0124,0776,063817,2,8,000014,0,2,32800,32759,00000,00000
BCN,0125,0779,063817,2,8,000014,0,2,32800,32759,00000,00000
BCN,0126,0776,063947,2,8,000013,0,1,32800,32759,00000,00000
BCN,0127,0779,063947,2,8,000013,0,1,32800,32759,00000,00000
BCN,0128,0776,063947,2,8,000013,0,1,32800,32759,00000,00000
BCN,0129,0779,063947,2,8,000013,0,1,32800,32759,00000,00000
BCN,0130,0776,063947,2,8,000013,0,1,32800,32759,00000,00000
BCN,0131,0779,063947,2,8,000013,0,1,32800,32759,00000,00000
BCN,0132,0776,059981,2,8,000014,0,2,32799,32759,00000,00000
BCN,0133,0779,059981,2,8,000014,0,2,32799,32759,00000,00000
BCN,0134,0776,059981,2,8,000014,0,2,32799,32759,00000,00000
BCN,0135,0779,059981,2,8,000014,0,2,32799,32759,00000,00000
BCN,0136,0776,059981,2,8,000014,0,2,32799,32759,00000,00000
BCN,0137,0779,059981,2,8,000014,0,2,32799,32759,00000,00000
BCN,0138,0776,059981,2,8,000014,0,2,32799,32759,00000,00000
BCN,0139,0779,063960,2,8,000014,0,2,32800,32759,00000,00000
BCN,0140,0776,063960,2,8,000014,0,2,32800,32759,00000,00000
BCN,0141,0779,063960,2,8,000014,0,2,32800,32759,00000,00000
BCN,0142,0776,063960,2,8,000014,0,2,32800,32759,00000,00000
BCN,0143,0779,063960,2,8,000014,0,2,32800,32759,00000,00000
BCN,0144,0776,063960,2,8,000014,0,2,32800,32759,00000,00000
BCN,0145,0779,066190,2,9,000012,0,2,32800,32759,00000,00000
BCN,0146,0776,066190,2,9,000012,0,2,32800,32759,00000,00000
BCN,0147,0779,066190,2,9,000012,0,2,32800,32759,00000,00000
BCN,0148,0776,066190,2,9,000012,0,2,32800,32759,00000,00000
BCN,0149,0779,066190,2,9,000012,0,2,32800,32759,00000,00000
BCN,0150,0776,066190,2,9,000012,0,2,32800,32759,00000,00000
BCN,0151,0779,064051,2,8,000011,0,1,32799,32759,00000,00000
BCN,0152,0776,064051,2,8,000011,0,1,32799,32759,00000,00000
BCN,0153,0779,064051,2,8,000011,0,1,32799,32759,00000,00000
BCN,0154,0776,064051,2,8,000011,0,1,32799,32759,00000,00000
BCN,0155,0779,064051,2,8,000011,0,1,32799,32759,00000,00000
BCN,0156,0776,064051,2,8,000011,0,1,32799,32759,00000,00000
BCN,0157,0779,061795,2,8,000012,0,1,32800,32759,00000,00000
BCN,0158,0776,061795,2,8,000012,0,1,32800,32759,00000,00000
BCN,0159,0779,061795,2,8,000012,0,1,32800,32759,00000,00000
BCN,0160,0776,061795,2,8,000012,0,1,32800,32759,00000,00000
BCN,0161,0779,061795,2,8,000012,0,1,32800,32759,00000,00000
BCN,0162,0776,061795,2,8,000012,0,1,32800,32759,00000,00000
BCN,0163,0779,061808,2,8,000012,0,1,32800,32759,00000,00000
BCN,0164,0776,061808,2,8,000012,0,1,32800,32759,00000,00000
BCN,0165,0779,061808,2,8,000012,0,1,32800,32759,00000,00000
BCN,0166,0776,061808,2,8,000012,0,1,32800,32759,00000,00000
BCN,0167,0779,061808,2,8,000012,0,1,32800,32759,00000,00000
BCN,0168,0776,061808,2,8,000012,0,1,32800,32759,00000,00000
BCN,0169,0779,063830,2,8,000012,0,1,32799,32759,00000,00000
BCN,0170,0776,063830,2,8,000012,0,1,32799,32759,00000,00000
BCN,0171,0779,063830,2,8,000012,0,1,32799,32759,00000,00000
BCN,0172,0776,063830,2,8,000012,0,1,32799,32759,00000,00000
BCN,0173,0779,063830,2,8,000012,0,1,32799,32759,00000,00000
BCN,0174,0776,063830,2,8,000012,0,1,32799,32759,00000,00000
BCN,0175,0779,063830,2,8,000012,0,1,32799,32759,00000,00000
BCN,0176,0776,059708,2,8,000011,0,1,32799,32759,00000,00000
BCN,0177,0779,059708,2,8,000011,0,1,32799,32759,00000,00000
BCN,0178,0776,059708,2,8,000011,0,1,32799,32759,00000,00000
BCN,0179,0779,059708,2,8,000011,0,1,32799,32759,00000,00000
BCN,0180,0776,059708,2,8,000011,0,1,32799,32759,00000,00000
BCN,0181,0779,059708,2,8,000011,0,1,32799,32759,00000,00000
BCN,0182,0776,069987,2,9,000011,0,1,32800,32759,00000,00000
BCN,0183,0779,069987,2,9,000011,0,1,32800,32759,00000,00000
BCN,0184,0776,069987,2,9,000011,0,1,32800,32759,00000,00000
BCN,0185,0779,069987,2,9,000011,0,1,32800,32759,00000,00000
BCN,0186,0776,069987,2,9,000011,0,1,32800,32759,00000,00000
BCN,0187,0779,069987,2,9,000011,0,1,32800,32759,00000,00000
BCN,0188,0776,063791,2,8,000013,0,1,32800,32759,00000,00000
BCN,0189,0779,063791,2,8,000013,0,1,32800,32759,00000,00000
BCN,0190,0776,063791,2,8,000013,0,1,32800,32759,00000,00000
BCN,0191,0779,063791,2,8,000013,0,1,32800,32759,00000,00000
BCN,0192,0776,063791,2,8,000013,0,1,32800,32759,00000,00000
BCN,0193,0779,063791,2,8,000013,0,1,32800,32759,00000,00000
BCN,0194,0776,067835,2,9,000013,0,1,32800,32759,00000,00000
BCN,0195,0779,067835,2,9,000013,0,1,32800,32759,00000,00000
BCN,0196,0776,067835,2,9,000013,0,1,32800,32759,00000,00000
BCN,0197,0778,067835,2,9,000013,0,1,32800,32759,00000,00000
BCN,0198,0776,067835,2,9,000013,0,1,32800,32759,00000,00000
BCN,0199,0778,067835,2,9,000013,0,1,32800,32759,00000,00000
BCN,0200,0776,061730,2,8,000014,0,1,32800,32759,00000,00000
BCN,0201,0779,061730,2,8,000014,0,1,32800,32759,00000,00000
BCN,0202,0776,061730,2,8,000014,0,1,32800,32759,00000,00000
BCN,0203,0779,061730,2,8,000014,0,1,32800,32759,00000,00000
BCN,0204,0776,061730,2,8,000014,0,1,32800,32759,00000,00000
BCN,0205,0779,061730,2,8,000014,0,1,32800,32759,00000,00000
BCN,0206,0776,065904,2,9,000016,0,2,32799,32759,00000,00000
BCN,0207,0778,065904,2,9,000016,0,2,32799,32759,00000,00000
BCN,0208,0776,065904,2,9,000016,0,2,32799,32759,00000,00000
BCN,0209,0779,065904,2,9,000016,0,2,32799,32759,00000,00000
BCN,0210,0776,065904,2,9,000016,0,2,32799,32759,00000,00000
BCN,0211,0779,065904,2,9,000016,0,2,32799,32759,00000,00000
BCN,0212,0776,065904,2,9,000016,0,2,32799,32759,00000,00000
BCN,0213,0778,064025,2,8,000015,0,2,32799,32759,00000,00000
BCN,0214,0776,064025,2,8,000015,0,2,32799,32759,00000,00000
BCN,0215,0778,064025,2,8,000015,0,2,32799,32759,00000,00000
BCN,0216,0776,064025,2,8,000015,0,2,32799,32759,00000,00000
BCN,0217,0778,064025,2,8,000015,0,2,32799,32759,00000,00000
BCN,0218,0776,064025,2,8,000015,0,2,32799,32759,00000,00000
BCN,0219,0778,072295,2,9,000016,0,2,32800,32759,00000,00000
BCN,0220,0776,072295,2,9,000016,0,2,32800,32759,00000,00000
BCN,0221,0778,072295,2,9,000016,0,2,32800,32759,00000,00000
BCN,0222,0776,072295,2,9,000016,0,2,32800,32759,00000,00000
BCN,0223,0778,072295,2,9,000016,0,2,32800,32759,00000,00000
BCN,0224,0776,072295,2,9,000016,0,2,32800,32759,00000,00000
BCN,0225,0779,068082,2,9,000014,0,1,32800,32759,00000,00000
BCN,0226,0776,068082,2,9,000014,0,1,32800,32759,00000,00000
BCN,0227,0778,068082,2,9,000014,0,1,32800,32759,00000,00000
BCN,0228,0776,068082,2,9,000014,0,1,32800,32759,00000,00000
BCN,0229,0778,068082,2,9,000014,0,1,32800,32759,00000,00000
BCN,0230,0777,068082,2,9,000014,0,1,32800,32759,00000,00000
BCN,0231,0778,066203,2,9,000013,0,1,32800,32759,00000,00000
BCN,0232,0776,066203,2,9,000013,0,1,32800,32759,00000,00000
BCN,0233,0778,066203,2,9,000013,0,1,32800,32759,00000,00000
BCN,0234,0777,066203,2,9,000013,0,1,32800,32759,00000,00000
BCN,0235,0778,066203,2,9,000013,0,1,32800,32759,00000,00000
BCN,0236,0777,066203,2,9,000013,0,1,32800,32759,00000,00000
BCN,0237,0778,062094,2,8,000013,0,1,32799,32759,00000,00000
BCN,0238,0776,062094,2,8,000013,0,1,32799,32759,00000,00000
BCN,0239,0778,062094,2,8,000013,0,1,32799,32759,00000,00000
BCN,0240,0777,062094,2,8,000013,0,1,32799,32759,00000,00000
BCN,0241,0778,062094,2,8,000013,0,1,32799,32759,00000,00000
BCN,0242,0776,062094,2,8,000013,0,1,32799,32759,00000,00000
BCN,0243,0778,061860,2,8,000013,0,1,32800,32759,00000,00000
BCN,0244,0776,061860,2,8,000013,0,1,32800,32759,00000,00000
BCN,0245,0778,061860,2,8,000013,0,1,32800,32759,00000,00000
BCN,0246,0776,061860,2,8,000013,0,1,32800,32759,00000,00000
BCN,0247,0778,061860,2,8,000013,0,1,32800,32759,00000,00000
BCN,0248,0776,061860,2,8,000013,0,1,32800,32759,00000,00000
BCN,0249,0778,061860,2,8,000013,0,1,32800,32759,00000,00000
BCN,0250,0776,064012,2,8,000015,0,2,32800,32759,00000,00000
BCN,0251,0778,064012,2,8,000015,0,2,32800,32759,00000,00000
BCN,0252,0777,064012,2,8,000015,0,2,32800,32759,00000,00000
BCN,0253,0778,064012,2,8,000015,0,2,32800,32759,00000,00000
BCN,0254,0777,064012,2,8,000015,0,2,32800,32759,00000,00000
BCN,0255,0778,064012,2,8,000015,0,2,32800,32759,00000,00000
BCN,0256,0777,063947,2,8,000014,0,1,32799,32759,00000,00000
BCN,0257,0778,063947,2,8,000014,0,1,32799,32759,00000,00000
BCN,0258,0777,063947,2,8,000014,0,1,32799,32759,00000,00000
BCN,0259,0778,063947,2,8,000014,0,1,32799,32759,00000,00000
BCN,0260,0777,063947,2,8,000014,0,1,32799,32759,00000,00000
BCN,0261,0778,063947,2,8,000014,0,1,32799,32759,00000,00000
BCN,0262,0776,061717,2,8,000014,0,1,32800,32759,00000,00000
BCN,0263,0778,061717,2,8,000014,0,1,32800,32759,00000,00000
BCN,0264,0777,061717,2,8,000014,0,1,32800,32759,00000,00000
BCN,0265,0778,061717,2,8,000014,0,1,32800,32759,00000,00000
BCN,0266,0777,061717,2,8,000014,0,1,32800,32759,00000,00000
BCN,0267,0778,061717,2,8,000014,0,1,32800,32759,00000,00000
BCN,0268,0777,061756,2,8,000014,0,1,32800,32759,00000,00000
BCN,0269,0778,061756,2,8,000014,0,1,32800,32759,00000,00000
BCN,0270,0777,061756,2,8,000014,0,1,32800,32759,00000,00000
BCN,0271,0778,061756,2,8,000014,0,1,32800,32759,00000,00000
BCN,0272,0777,061756,2,8,000014,0,1,32800,32759,00000,00000
BCN,0273,0778,061756,2,8,000014,0,1,32800,32759,00000,00000
BCN,0274,0777,063791,2,8,000014,0,1,32799,32759,00000,00000
BCN,0275,0778,063791,2,8,000014,0,1,32799,32759,00000,00000
BCN,0276,0777,063791,2,8,000014,0,1,32799,32759,00000,00000
BCN,0277,0778,063791,2,8,000014,0,1,32799,32759,00000,00000
BCN,0278,0777,063791,2,8,000014,0,1,32799,32759,00000,00000
BCN,0279,0778,063791,2,8,000014,0,1,32799,32759,00000,00000
BCN,0280,0777,061821,2,8,000012,0,1,32799,32759,00000,00000
BCN,0281,0778,061821,2,8,000012,0,1,32799,32759,00000,00000
BCN,0282,0777,061821,2,8,000012,0,1,32799,32759,00000,00000
BCN,0283,0778,061821,2,8,000012,0,1,32799,32759,00000,00000
BCN,0284,0777,061821,2,8,000012,0,1,32799,32759,00000,00000
BCN,0285,0778,061821,2,8,000012,0,1,32799,32759,00000,00000
BCN,0286,0777,061821,2,8,000012,0,1,32799,32759,00000,00000
BCN,0287,0778,072178,2,9,000012,0,1,32800,32759,00000,00000
BCN,0288,0776,072178,2,9,000012,0,1,32800,32759,00000,00000
BCN,0289,0778,072178,2,9,000012,0,1,32800,32759,00000,00000
BCN,0290,0777,072178,2,9,000012,0,1,32800,32759,00000,00000
BCN,0291,0778,072178,2,9,000012,0,1,32800,32759,00000,00000
BCN,0292,0777,072178,2,9,000012,0,1,32800,32759,00000,00000
BCN,0293,0778,067991,2,9,000014,0,1,32800,32759,00000,00000
BCN,0294,0777,067991,2,9,000014,0,1,32800,32759,00000,00000
BCN,0295,0778,067991,2,9,000014,0,1,32800,32759,00000,00000
BCN,0296,0776,067991,2,9,000014,0,1,32800,32759,00000,00000
BCN,0297,0778,067991,2,9,000014,0,1,32800,32759,00000,00000
BCN,0298,0777,067991,2,9,000014,0,1,32800,32759,00000,00000
BCN,0299,0778,066138,2,9,000012,0,1,32800,32759,00000,00000
BCN,0300,0777,066138,2,9,000012,0,1,32800,32759,00000,00000
BCN,0301,0778,066138,2,9,000012,0,1,32800,32759,00000,00000
BCN,0302,0777,066138,2,9,000012,0,1,32800,32759,00000,00000
BCN,0303,0778,066138,2,9,000012,0,1,32800,32759,00000,00000
BCN,0304,0777,066138,2,9,000012,0,1,32800,32759,00000,00000
BCN,0305,0778,062055,2,8,000012,0,1,32799,32759,00000,00000
BCN,0306,0777,062055,2,8,000012,0,1,32799,32759,00000,00000
BCN,0307,0778,062055,2,8,000012,0,1,32799,32759,00000,00000
BCN,0308,0777,062055,2,8,000012,0,1,32799,32759,00000,00000
BCN,0309,0778,062055,2,8,000012,0,1,32799,32759,00000,00000
BCN,0310,0777,062055,2,8,000012,0,1,32799,32759,00000,00000
BCN,0311,0778,061821,2,8,000012,0,1,32800,32759,00000,00000
BCN,0312,0777,061821,2,8,000012,0,1,32800,32759,00000,00000
BCN,0313,0778,061821,2,8,000012,0,1,32800,32759,00000,00000
BCN,0314,0776,061821,2,8,000012,0,1,32800,32759,00000,00000
BCN,0315,0778,061821,2,8,000012,0,1,32800,32759,00000,00000
BCN,0316,0776,061821,2,8,000012,0,1,32800,32759,00000,00000
BCN,0317,0778,061834,2,8,000013,0,1,32800,32759,00000,00000
BCN,0318,0777,061834,2,8,000013,0,1,32800,32759,00000,00000
BCN,0319,0778,061834,2,8,000013,0,1,32800,32759,00000,00000
BCN,0320,0777,061834,2,8,000013,0,1,32800,32759,00000,00000
BCN,0321,0778,061834,2,8,000013,0,1,32800,32759,00000,00000
BCN,0322,0777,061834,2,8,000013,0,1,32800,32759,00000,00000
BCN,0323,0778,061834,2,8,000013,0,1,32800,32759,00000,00000
BCN,0324,0776,063856,2,8,000013,0,1,32799,32759,00000,00000
BCN,0325,0778,063856,2,8,000013,0,1,32799,32759,00000,00000
BCN,0326,0777,063856,2,8,000013,0,1,32799,32759,00000,00000
BCN,0327,0778,063856,2,8,000013,0,1,32799,32759,00000,00000
BCN,0328,0777,063856,2,8,000013,0,1,32799,32759,00000,00000
BCN,0329,0778,063856,2,8,000013,0,1,32799,32759,00000,00000
BCN,0330,0777,059721,2,8,000014,0,1,32799,32759,00000,00000
BCN,0331,0778,059721,2,8,000014,0,1,32799,32759,00000,00000
BCN,0332,0777,059721,2,8,000014,0,1,32799,32759,00000,00000
BCN,0333,0778,059721,2,8,000014,0,1,32799,32759,00000,00000
BCN,0334,0776,059721,2,8,000014,0,1,32799,32759,00000,00000
BCN,0335,0778,059721,2,8,000014,0,1,32799,32759,00000,00000
BCN,0336,0776,070000,2,9,000014,0,1,32800,32759,00000,00000
BCN,0337,0778,070000,2,9,000014,0,1,32800,32759,00000,00000
BCN,0338,0777,070000,2,9,000014,0,1,32800,32759,00000,00000
BCN,0339,0778,070000,2,9,000014,0,1,32800,32759,00000,00000
BCN,0340,0777,070000,2,9,000014,0,1,32800,32759,00000,00000
BCN,0341,0778,070000,2,9,000014,0,1,32800,32759,00000,00000
BCN,0342,0777,063804,2,8,000016,0,2,32800,32759,00000,00000
BCN,0343,0778,063804,2,8,000016,0,2,32800,32759,00000,00000
BCN,0344,0777,063804,2,8,000016,0,2,32800,32759,00000,00000
BCN,0345,0778,063804,2,8,000016,0,2,32800,32759,00000,00000
BCN,0346,0776,063804,2,8,000016,0,2,32800,32759,00000,00000
BCN,0347,0778,063804,2,8,000016,0,2,32800,32759,00000,00000
BCN,0348,0777,067835,2,9,000012,0,1,32800,32759,00000,00000
BCN,0349,0778,067835,2,9,000012,0,1,32800,32759,00000,00000
BCN,0350,0777,067835,2,9,000012,0,1,32800,32759,00000,00000
BCN,0351,0778,067835,2,9,000012,0,1,32800,32759,00000,00000
BCN,0352,0777,067835,2,9,000012,0,1,32800,32759,00000,00000
BCN,0353,0778,067835,2,9,000012,0,1,32800,32759,00000,00000
BCN,0354,0777,061730,2,8,000013,0,1,32800,32759,00000,00000
BCN,0355,0778,061730,2,8,000013,0,1,32800,32759,00000,00000
BCN,0356,0777,061730,2,8,000013,0,1,32800,32759,00000,00000
BCN,0357,0778,061730,2,8,000013,0,1,32800,32759,00000,00000
BCN,0358,0777,061730,2,8,000013,0,1,32800,32759,00000,00000
BCN,0359,0778,061730,2,8,000013,0,1,32800,32759,00000,00000
BCN,0360,0777,061730,2,8,000013,0,1,32800,32759,00000,00000
BCN,0361,0778,065917,2,9,000013,0,1,32799,32759,00000,00000
BCN,0362,0777,065917,2,9,000013,0,1,32799,32759,00000,00000
BCN,0363,0778,065917,2,9,000013,0,1,32799,32759,00000,00000
BCN,0364,0777,065917,2,9,000013,0,1,32799,32759,00000,00000
BCN,0365,0778,065917,2,9,000013,0,1,32799,32759,00000,00000
BCN,0366,0777,065917,2,9,000013,0,1,32799,32759,00000,00000
BCN,0367,0778,064025,2,8,000015,0,1,32799,32759,00000,00000
BCN,0368,0777,064025,2,8,000015,0,1,32799,32759,00000,00000
BCN,0369,0778,064025,2,8,000015,0,1,32799,32759,00000,00000
BCN,0370,0777,064025,2,8,000015,0,1,32799,32759,00000,00000
BCN,0371,0778,064025,2,8,000015,0,1,32799,32759,00000,00000
BCN,0372,0777,064025,2,8,000015,0,1,32799,32759,00000,00000
BCN,0373,0778,055794,2,7,000016,0,2,32800,32759,00000,00000
BCN,0374,0777,055794,2,7,000016,0,2,32800,32759,00000,00000
BCN,0375,0778,055794,2,7,000016,0,2,32800,32759,00000,00000
BCN,0376,0777,055794,2,7,000016,0,2,32800,32759,00000,00000
BCN,0377,0778,055794,2,7,000016,0,2,32800,32759,00000,00000
BCN,0378,0777,055794,2,7,000016,0,2,32800,32759,00000,00000
BCN,0379,0778,060007,2,8,000014,0,2,32799,32759,00000,00000
BCN,0380,0777,060007,2,8,000014,0,2,32799,32759,00000,00000
BCN,0381,0778,060007,2,8,000014,0,2,32799,32759,00000,00000
BCN,0382,0777,060007,2,8,000014,0,2,32799,32759,00000,00000
BCN,0383,0778,060007,2,8,000014,0,2,32799,32759,00000,00000
BCN,0384,0777,060007,2,8,000014,0,2,32799,32759,00000,00000
BCN,0385,0778,063986,2,8,000013,0,1,32800,32759,00000,00000
BCN,0386,0777,063986,2,8,000013,0,1,32800,32759,00000,00000
BCN,0387,0778,063986,2,8,000013,0,1,32800,32759,00000,00000
BCN,0388,0777,063986,2,8,000013,0,1,32800,32759,00000,00000
BCN,0389,0778,063986,2,8,000013,0,1,32800,32759,00000,00000
BCN,0390,0777,063986,2,8,000013,0,1,32800,32759,00000,00000
BCN,0391,0778,066203,2,9,000014,0,2,32800,32759,00000,00000
BCN,0392,0777,066203,2,9,000014,0,2,32800,32759,00000,00000
BCN,0393,0778,066203,2,9,000014,0,2,32800,32759,00000,00000
BCN,0394,0777,066203,2,9,000014,0,2,32800,32759,00000,00000
BCN,0395,0778,066203,2,9,000014,0,2,32800,32759,00000,00000
BCN,0396,0777,066203,2,9,000014,0,2,32800,32759,00000,00000
BCN,0397,0778,066203,2,9,000014,0,2,32800,32759,00000,00000
BCN,0398,0777,062094,2,8,000012,0,1,32799,32759,00000,00000
BCN,0399,0778,062094,2,8,000012,0,1,32799,32759,00000,00000
BCN,0400,0777,062094,2,8,000012,0,1,32799,32759,00000,00000
BCN,0401,0778,062094,2,8,000012,0,1,32799,32759,00000,00000
BCN,0402,0777,062094,2,8,000012,0,1,32799,32759,00000,00000
BCN,0403,0778,062094,2,8,000012,0,1,32799,32759,00000,00000
BCN,0404,0777,064012,2,8,000012,0,1,32800,32759,00000,00000
BCN,0405,0778,064012,2,8,000012,0,1,32800,32759,00000,00000
BCN,0406,0777,064012,2,8,000012,0,1,32800,32759,00000,00000
BCN,0407,0778,064012,2,8,000012,0,1,32800,32759,00000,00000
BCN,0408,0777,064012,2,8,000012,0,1,32800,32759,00000,00000
BCN,0409,0778,064012,2,8,000012,0,1,32800,32759,00000,00000
BCN,0410,0777,064090,2,8,000013,0,1,32800,32759,00000,00000
BCN,0411,0778,064090,2,8,000013,0,1,32800,32759,00000,00000
BCN,0412,0777,064090,2,8,000013,0,1,32800,32759,00000,00000
BCN,0413,0778,064090,2,8,000013,0,1,32800,32759,00000,00000
BCN,0414,0777,064090,2,8,000013,0,1,32800,32759,00000,00000
BCN,0415,0778,064090,2,8,000013,0,1,32800,32759,00000,00000
BCN,0416,0777,064012,2,8,000012,0,1,32799,32759,00000,00000
BCN,0417,0778,064012,2,8,000012,0,1,32799,32759,00000,00000
BCN,0418,0777,064012,2,8,000012,0,1,32799,32759,00000,00000
BCN,0419,0778,064012,2,8,000012,0,1,32799,32759,00000,00000
BCN,0420,0777,064012,2,8,000012,0,1,32799,32759,00000,00000
BCN,0421,0778,064012,2,8,000012,0,1,32799,32759,00000,00000
BCN,0422,0777,059838,2,8,000014,0,1,32799,32759,00000,00000
BCN,0423,0778,059838,2,8,000014,0,1,32799,32759,00000,00000
BCN,0424,0777,059838,2,8,000014,0,1,32799,32759,00000,00000
BCN,0425,0778,059838,2,8,000014,0,1,32799,32759,00000,00000
BCN,0426,0777,059838,2,8,000014,0,1,32799,32759,00000,00000
BCN,0427,0778,059838,2,8,000014,0,1,32799,32759,00000,00000
BCN,0428,0777,070078,2,9,000013,0,1,32800,32759,00000,00000
BCN,0429,0778,070078,2,9,000013,0,1,32800,32759,00000,00000
BCN,0430,0777,070078,2,9,000013,0,1,32800,32759,00000,00000
BCN,0431,0778,070078,2,9,000013,0,1,32800,32759,00000,00000
BCN,0432,0777,070078,2,9,000013,0,1,32800,32759,00000,00000
BCN,0433,0778,070078,2,9,000013,0,1,32800,32759,00000,00000
BCN,0434,0777,070078,2,9,000013,0,1,32800,32759,00000,00000
BCN,0435,0778,063869,2,8,000013,0,1,32800,32759,00000,00000
BCN,0436,0777,063869,2,8,000013,0,1,32800,32759,00000,00000
BCN,0437,0778,063869,2,8,000013,0,1,32800,32759,00000,00000
BCN,0438,0777,063869,2,8,000013,0,1,32800,32759,00000,00000
BCN,0439,0778,063869,2,8,000013,0,1,32800,32759,00000,00000
BCN,0440,0777,063869,2,8,000013,0,1,32800,32759,00000,00000
BCN,0441,0778,065930,2,9,000012,0,1,32800,32759,00000,00000
BCN,0442,0777,065930,2,9,000012,0,1,32800,32759,00000,00000
BCN,0443,0778,065930,2,9,000012,0,1,32800,32759,00000,00000
BCN,0444,0777,065930,2,9,000012,0,1,32800,32759,00000,00000
BCN,0445,0778,065930,2,9,000012,0,1,32800,32759,00000,00000
BCN,0446,0777,065930,2,9,000012,0,1,32800,32759,00000,00000
BCN,0447,0778,059929,2,8,000013,0,1,32799,32759,00000,00000
BCN,0448,0777,059929,2,8,000013,0,1,32799,32759,00000,00000
BCN,0449,0778,059929,2,8,000013,0,1,32799,32759,00000,00000
BCN,0450,0777,059929,2,8,000013,0,1,32799,32759,00000,00000
BCN,0451,0778,059929,2,8,000013,0,1,32799,32759,00000,00000
BCN,0452,0777,059929,2,8,000013,0,1,32799,32759,00000,00000
BCN,0453,0778,063921,2,8,000013,0,1,32800,32759,00000,00000
BCN,0454,0777,063921,2,8,000013,0,1,32800,32759,00000,00000
BCN,0455,0778,063921,2,8,000013,0,1,32800,32759,00000,00000
BCN,0456,0777,063921,2,8,000013,0,1,32800,32759,00000,00000
BCN,0457,0778,063921,2,8,000013,0,1,32800,32759,00000,00000
BCN,0458,0777,063921,2,8,000013,0,1,32800,32759,00000,00000
BCN,0459,0778,066164,2,9,000014,0,1,32800,32759,00000,00000
BCN,0460,0777,066164,2,9,000014,0,1,32800,32759,00000,00000
BCN,0461,0778,066164,2,9,000014,0,1,32800,32759,00000,00000
BCN,0462,0777,066164,2,9,000014,0,1,32800,32759,00000,00000
BCN,0463,0778,066164,2,9,000014,0,1,32800,32759,00000,00000
BCN,0464,0777,066164,2,9,000014,0,1,32800,32759,00000,00000
BCN,0465,0778,062068,2,8,000012,0,1,32799,32759,00000,00000
BCN,0466,0777,062068,2,8,000012,0,1,32799,32759,00000,00000
BCN,0467,0778,062068,2,8,000012,0,1,32799,32759,00000,00000
BCN,0468,0777,062068,2,8,000012,0,1,32799,32759,00000,00000
BCN,0469,0778,062068,2,8,000012,0,1,32799,32759,00000,00000
BCN,0470,0777,062068,2,8,000012,0,1,32799,32759,00000,00000
BCN,0471,0778,062068,2,8,000012,0,1,32799,32759,00000,00000
BCN,0472,0777,061834,2,8,000012,0,1,32800,32759,00000,00000
BCN,0473,0778,061834,2,8,000012,0,1,32800,32759,00000,00000
BCN,0474,0777,061834,2,8,000012,0,1,32800,32759,00000,00000
BCN,0475,0778,061834,2,8,000012,0,1,32800,32759,00000,00000
BCN,0476,0777,061834,2,8,000012,0,1,32800,32759,00000,00000
BCN,0477,0778,061834,2,8,000012,0,1,32800,32759,00000,00000
BCN,0478,0777,063986,2,8,000012,0,1,32800,32759,00000,00000
BCN,0479,0778,063986,2,8,000012,0,1,32800,32759,00000,00000
BCN,0480,0777,063986,2,8,000012,0,1,32800,32759,00000,00000
BCN,0481,0778,063986,2,8,000012,0,1,32800,32759,00000,00000
BCN,0482,0777,063986,2,8,000012,0,1,32800,32759,00000,00000
BCN,0483,0778,063986,2,8,000012,0,1,32800,32759,00000,00000
BCN,0484,0777,063934,2,8,000013,0,2,32799,32759,00000,00000
BCN,0485,0778,063934,2,8,000013,0,2,32799,32759,00000,00000
BCN,0486,0777,063934,2,8,000013,0,2,32799,32759,00000,00000
BCN,0487,0778,063934,2,8,000013,0,2,32799,32759,00000,00000
BCN,0488,0777,063934,2,8,000013,0,2,32799,32759,00000,00000
BCN,0489,0778,063934,2,8,000013,0,2,32799,32759,00000,00000
BCN,0490,0777,059786,2,8,000013,0,1,32799,32759,00000,00000
BCN,0491,0778,059786,2,8,000013,0,1,32799,32759,00000,00000
BCN,0492,0777,059786,2,8,000013,0,1,32799,32759,00000,00000
BCN,0493,0778,059786,2,8,000013,0,1,32799,32759,00000,00000
BCN,0494,0777,059786,2,8,000013,0,1,32799,32759,00000,00000
BCN,0495,0778,059786,2,8,000013,0,1,32799,32759,00000,00000
BCN,0496,0777,070039,2,9,000014,0,1,32800,32759,00000,00000
BCN,0497,0778,070039,2,9,000014,0,1,32800,32759,00000,00000
BCN,0498,0777,070039,2,9,000014,0,1,32800,32759,00000,00000
BCN,0499,0778,070039,2,9,000014,0,1,32800,32759,00000,00000
BCN,0500,0777,070039,2,9,000014,0,1,32800,32759,00000,00000
BCN,0501,0778,070039,2,9,000014,0,1,32800,32759,00000,00000
BCN,0502,0777,063830,2,8,000015,0,1,32800,32759,00000,00000
BCN,0503,0778,063830,2,8,000015,0,1,32800,32759,00000,00000
BCN,0504,0777,063830,2,8,000015,0,1,32800,32759,00000,00000
BCN,0505,0778,063830,2,8,000015,0,1,32800,32759,00000,00000
BCN,0506,0777,063830,2,8,000015,0,1,32800,32759,00000,00000
BCN,0507,0778,063830,2,8,000015,0,1,32800,32759,00000,00000
BCN,0508,0777,063830,2,8,000015,0,1,32800,32759,00000,00000
BCN,0509,0778,067861,2,9,000015,0,1,32800,32759,00000,00000
BCN,0510,0777,067861,2,9,000015,0,1,32800,32759,00000,00000
BCN,0511,0778,067861,2,9,000015,0,1,32800,32759,00000,00000
BCN,0512,0777,067861,2,9,000015,0,1,32800,32759,00000,00000
BCN,0513,0778,067861,2,9,000015,0,1,32800,32759,00000,00000
BCN,0514,0777,067861,2,9,000015,0,1,32800,32759,00000,00000
BCN,0515,0778,061756,2,8,000012,0,1,32800,32759,00000,00000
BCN,0516,0777,061756,2,8,000012,0,1,32800,32759,00000,00000
BCN,0517,0778,061756,2,8,000012,0,1,32800,32759,00000,00000
BCN,0518,0777,061756,2,8,000012,0,1,32800,32759,00000,00000
BCN,0519,0778,061756,2,8,000012,0,1,32800,32759,00000,00000
BCN,0520,0777,061756,2,8,000012,0,1,32800,32759,00000,00000
BCN,0521,0778,063791,2,8,000015,0,2,32799,32759,00000,00000
BCN,0522,0777,063791,2,8,000015,0,2,32799,32759,00000,00000
BCN,0523,0778,063791,2,8,000015,0,2,32799,32759,00000,00000
BCN,0524,0777,063791,2,8,000015,0,2,32799,32759,00000,00000
BCN,0525,0778,063791,2,8,000015,0,2,32799,32759,00000,00000
BCN,0526,0777,063791,2,8,000015,0,2,32799,32759,00000,00000
BCN,0527,0778,063973,2,8,000018,0,2,32799,32759,00000,00000
BCN,0528,0777,063973,2,8,000018,0,2,32799,32759,00000,00000
BCN,0529,0778,063973,2,8,000018,0,2,32799,32759,00000,00000
BCN,0530,0777,063973,2,8,000018,0,2,32799,32759,00000,00000
BCN,0531,0778,063973,2,8,000018,0,2,32799,32759,00000,00000
BCN,0532,0777,063973,2,8,000018,0,2,32799,32759,00000,00000
BCN,0533,0778,072256,2,9,000014,0,1,32800,32759,00000,00000
BCN,0534,0777,072256,2,9,000014,0,1,32800,32759,00000,00000
BCN,0535,0778,072256,2,9,000014,0,1,32800,32759,00000,00000
BCN,0536,0777,072256,2,9,000014,0,1,32800,32759,00000,00000
BCN,0537,0778,072256,2,9,000014,0,1,32800,32759,00000,00000
BCN,0538,0777,072256,2,9,000014,0,1,32800,32759,00000,00000
BCN,0539,0778,068043,2,9,000015,0,1,32800,32759,00000,00000
BCN,0540,0777,068043,2,9,000015,0,1,32800,32759,00000,00000
BCN,0541,0778,068043,2,9,000015,0,1,32800,32759,00000,00000
BCN,0542,0777,068043,2,9,000015,0,1,32800,32759,00000,00000
BCN,0543,0778,068043,2,9,000015,0,1,32800,32759,00000,00000
BCN,0544,0777,068043,2,9,000015,0,1,32800,32759,00000,00000
BCN,0545,0778,068043,2,9,000015,0,1,32800,32759,00000,00000
BCN,0546,0777,066190,2,9,000015,0,1,32800,32759,00000,00000
BCN,0547,0778,066190,2,9,000015,0,1,32800,32759,00000,00000
BCN,0548,0777,066190,2,9,000015,0,1,32800,32759,00000,00000
BCN,0549,0778,066190,2,9,000015,0,1,32800,32759,00000,00000
BCN,0550,0777,066190,2,9,000015,0,1,32800,32759,00000,00000
BCN,0551,0778,066190,2,9,000015,0,1,32800,32759,00000,00000
BCN,0552,0777,062081,2,8,000016,0,1,32799,32759,00000,00000
BCN,0553,0778,062081,2,8,000016,0,1,32799,32759,00000,00000
BCN,0554,0777,062081,2,8,000016,0,1,32799,32759,00000,00000
BCN,0555,0778,062081,2,8,000016,0,1,32799,32759,00000,00000
BCN,0556,0777,062081,2,8,000016,0,1,32799,32759,00000,00000
BCN,0557,0778,062081,2,8,000016,0,1,32799,32759,00000,00000
BCN,0558,0777,063999,2,8,000015,0,1,32800,32759,00000,00000
BCN,0559,0778,063999,2,8,000015,0,1,32800,32759,00000,00000
BCN,0560,0777,063999,2,8,000015,0,1,32800,32759,00000,00000
BCN,0561,0778,063999,2,8,000015,0,1,32800,32759,00000,00000
BCN,0562,0777,063999,2,8,000015,0,1,32800,32759,00000,00000
BCN,0563,0778,063999,2,8,000015,0,1,32800,32759,00000,00000
BCN,0564,0777,066216,2,9,000016,0,1,32800,32759,00000,00000
BCN,0565,0778,066216,2,9,000016,0,1,32800,32759,00000,00000
BCN,0566,0777,066216,2,9,000016,0,1,32800,32759,00000,00000
BCN,0567,0778,066216,2,9,000016,0,1,32800,32759,00000,00000
BCN,0568,0777,066216,2,9,000016,0,1,32800,32759,00000,00000
BCN,0569,0778,066216,2,9,000016,0,1,32800,32759,00000,00000
BCN,0570,0777,064064,2,8,000017,0,2,32799,32759,00000,00000
BCN,0571,0778,064064,2,8,000017,0,2,32799,32759,00000,00000
BCN,0572,0777,064064,2,8,000017,0,2,32799,32759,00000,00000
BCN,0573,0778,064064,2,8,000017,0,2,32799,32759,00000,00000
BCN,0574,0777,064064,2,8,000017,0,2,32799,32759,00000,00000
BCN,0575,0778,064064,2,8,000017,0,2,32799,32759,00000,00000
BCN,0576,0777,061808,2,8,000015,0,1,32800,32759,00000,00000
BCN,0577,0778,061808,2,8,000015,0,1,32800,32759,00000,00000
BCN,0578,0777,061808,2,8,000015,0,1,32800,32759,00000,00000
BCN,0579,0778,061808,2,8,000015,0,1,32800,32759,00000,00000
BCN,0580,0777,061808,2,8,000015,0,1,32800,32759,00000,00000
BCN,0581,0778,061808,2,8,000015,0,1,32800,32759,00000,00000
BCN,0582,0777,061808,2,8,000015,0,1,32800,32759,00000,00000
BCN,0583,0778,063973,2,8,000018,0,2,32800,32759,00000,00000
BCN,0584,0777,063973,2,8,000018,0,2,32800,32759,00000,00000
BCN,0585,0778,063973,2,8,000018,0,2,32800,32759,00000,00000
BCN,0586,0777,063973,2,8,000018,0,2,32800,32759,00000,00000
BCN,0587,0778,063973,2,8,000018,0,2,32800,32759,00000,00000
BCN,0588,0777,063973,2,8,000018,0,2,32800,32759,00000,00000
BCN,0589,0778,063921,2,8,000017,0,2,32799,32759,00000,00000
BCN,0590,0777,063921,2,8,000017,0,2,32799,32759,00000,00000
BCN,0591,0778,063921,2,8,000017,0,2,32799,32759,00000,00000
BCN,0592,0777,063921,2,8,000017,0,2,32799,32759,00000,00000
BCN,0593,0778,063921,2,8,000017,0,2,32799,32759,00000,00000
BCN,0594,0777,063921,2,8,000017,0,2,32799,32759,00000,00000
BCN,0595,0778,061691,2,8,000016,0,2,32800,32759,00000,00000
BCN,0596,0777,061691,2,8,000016,0,2,32800,32759,00000,00000
BCN,0597,0778,061691,2,8,000016,0,2,32800,32759,00000,00000
BCN,0598,0777,061691,2,8,000016,0,2,32800,32759,00000,00000
BCN,0599,0778,061691,2,8,000016,0,2,32800,32759,00000,00000
BCN,0600,0777,061691,2,8,000016,0,2,32800,32759,00000,00000
BCN,0601,0778,061730,2,8,000015,0,1,32800,32759,00000,00000
BCN,0602,0777,061730,2,8,000015,0,1,32800,32759,00000,00000
BCN,0603,0778,061730,2,8,000015,0,1,32800,32759,00000,00000
BCN,0604,0777,061730,2,8,000015,0,1,32800,32759,00000,00000
BCN,0605,0778,061730,2,8,000015,0,1,32800,32759,00000,00000
BCN,0606,0777,061730,2,8,000015,0,1,32800,32759,00000,00000
BCN,0607,0778,063778,2,8,000015,0,1,32799,32759,00000,00000
BCN,0608,0777,063778,2,8,000015,0,1,32799,32759,00000,00000
BCN,0609,0778,063778,2,8,000015,0,1,32799,32759,00000,00000
BCN,0610,0777,063778,2,8,000015,0,1,32799,32759,00000,00000
BCN,0611,0778,063778,2,8,000015,0,1,32799,32759,00000,00000
BCN,0612,0777,063778,2,8,000015,0,1,32799,32759,00000,00000
BCN,0613,0778,059669,2,8,000017,0,2,32799,32759,00000,00000
BCN,0614,0777,059669,2,8,000017,0,2,32799,32759,00000,00000
BCN,0615,0778,059669,2,8,000017,0,2,32799,32759,00000,00000
BCN,0616,0777,059669,2,8,000017,0,2,32799,32759,00000,00000
BCN,0617,0778,059669,2,8,000017,0,2,32799,32759,00000,00000
BCN,0618,0777,059669,2,8,000017,0,2,32799,32759,00000,00000
BCN,0619,0778,059669,2,8,000017,0,2,32799,32759,00000,00000
BCN,0620,0777,069961,2,9,000016,0,2,32800,32759,00000,00000
BCN,0621,0778,069961,2,9,000016,0,2,32800,32759,00000,00000
BCN,0622,0777,069961,2,9,000016,0,2,32800,32759,00000,00000
BCN,0623,0778,069961,2,9,000016,0,2,32800,32759,00000,00000
BCN,0624,0777,069961,2,9,000016,0,2,32800,32759,00000,00000
BCN,0625,0777,069961,2,9,000016,0,2,32800,32759,00000,00000
BCN,0626,0777,065904,2,9,000013,0,1,32800,32759,00000,00000
BCN,0627,0778,065904,2,9,000013,0,1,32800,32759,00000,00000
BCN,0628,0777,065904,2,9,000013,0,1,32800,32759,00000,00000
BCN,0629,0777,065904,2,9,000013,0,1,32800,32759,00000,00000
BCN,0630,0777,065904,2,9,000013,0,1,32800,32759,00000,00000
BCN,0631,0777,065904,2,9,000013,0,1,32800,32759,00000,00000
BCN,0632,0777,063986,2,8,000017,0,2,32800,32759,00000,00000
BCN,0633,0777,063986,2,8,000017,0,2,32800,32759,00000,00000
BCN,0634,0777,063986,2,8,000017,0,2,32800,32759,00000,00000
BCN,0635,0778,063986,2,8,000017,0,2,32800,32759,00000,00000
BCN,0636,0777,063986,2,8,000017,0,2,32800,32759,00000,00000
BCN,0637,0778,063986,2,8,000017,0,2,32800,32759,00000,00000
BCN,0638,0777,060007,2,8,000019,0,2,32799,32759,00000,00000
BCN,0639,0778,060007,2,8,000019,0,2,32799,32759,00000,00000
BCN,0640,0777,060007,2,8,000019,0,2,32799,32759,00000,00000
BCN,0641,0778,060007,2,8,000019,0,2,32799,32759,00000,00000
BCN,0642,0777,060007,2,8,000019,0,2,32799,32759,00000,00000
BCN,0643,0778,060007,2,8,000019,0,2,32799,32759,00000,00000
BCN,0644,0778,063973,2,8,000015,0,2,32800,32759,00000,00000
BCN,0645,0778,063973,2,8,000015,0,2,32800,32759,00000,00000
BCN,0646,0777,063973,2,8,000015,0,2,32800,32759,00000,00000
BCN,0647,0778,063973,2,8,000015,0,2,32800,32759,00000,00000
BCN,0648,0778,063973,2,8,000015,0,2,32800,32759,00000,00000
BCN,0649,0778,063973,2,8,000015,0,2,32800,32759,00000,00000
BCN,0650,0778,066203,2,9,000018,0,2,32800,32759,00000,00000
BCN,0651,0778,066203,2,9,000018,0,2,32800,32759,00000,00000
BCN,0652,0778,066203,2,9,000018,0,2,32800,32759,00000,00000
BCN,0653,0778,066203,2,9,000018,0,2,32800,32759,00000,00000
BCN,0654,0778,066203,2,9,000018,0,2,32800,32759,00000,00000
BCN,0655,0778,066203,2,9,000018,0,2,32800,32759,00000,00000
BCN,0656,0778,066203,2,9,000018,0,2,32800,32759,00000,00000
BCN,0657,0778,062094,2,8,000018,0,2,32799,32759,00000,00000
BCN,0658,0778,062094,2,8,000018,0,2,32799,32759,00000,00000
BCN,0659,0778,062094,2,8,000018,0,2,32799,32759,00000,00000
BCN,0660,0778,062094,2,8,000018,0,2,32799,32759,00000,00000
BCN,0661,0778,062094,2,8,000018,0,2,32799,32759,00000,00000
BCN,0662,0778,062094,2,8,000018,0,2,32799,32759,00000,00000
BCN,0663,0778,064012,2,8,000017,0,2,32800,32759,00000,00000
BCN,0664,0777,064012,2,8,000017,0,2,32800,32759,00000,00000
BCN,0665,0778,064012,2,8,000017,0,2,32800,32759,00000,00000
BCN,0666,0777,064012,2,8,000017,0,2,32800,32759,00000,00000
BCN,0667,0778,064012,2,8,000017,0,2,32800,32759,00000,00000
BCN,0668,0777,064012,2,8,000017,0,2,32800,32759,00000,00000
BCN,0669,0778,064090,2,8,000017,0,2,32800,32759,00000,00000
BCN,0670,0777,064090,2,8,000017,0,2,32800,32759,00000,00000
BCN,0671,0778,064090,2,8,000017,0,2,32800,32759,00000,00000
BCN,0672,0777,064090,2,8,000017,0,2,32800,32759,00000,00000
BCN,0673,0777,064090,2,8,000017,0,2,32800,32759,00000,00000
BCN,0674,0777,064090,2,8,000017,0,2,32800,32759,00000,00000
BCN,0675,0777,063999,2,8,000014,0,1,32799,32759,00000,00000
BCN,0676,0777,063999,2,8,000014,0,1,32799,32759,00000,00000
BCN,0677,0777,063999,2,8,000014,0,1,32799,32759,00000,00000
BCN,0678,0777,063999,2,8,000014,0,1,32799,32759,00000,00000
BCN,0679,0777,063999,2,8,000014,0,1,32799,32759,00000,00000
BCN,0680,0777,063999,2,8,000014,0,1,32799,32759,00000,00000
BCN,0681,0777,059838,2,8,000013,0,1,32799,32759,00000,00000
BCN,0682,0777,059838,2,8,000013,0,1,32799,32759,00000,00000
BCN,0683,0777,059838,2,8,000013,0,1,32799,32759,00000,00000
BCN,0684,0777,059838,2,8,000013,0,1,32799,32759,00000,00000
BCN,0685,0777,059838,2,8,000013,0,1,32799,32759,00000,00000
BCN,0686,0777,059838,2,8,000013,0,1,32799,32759,00000,00000
BCN,0687,0777,070078,2,9,000013,0,1,32800,32759,00000,00000
BCN,0688,0777,070078,2,9,000013,0,1,32800,32759,00000,00000
BCN,0689,0777,070078,2,9,000013,0,1,32800,32759,00000,00000
BCN,0690,0777,070078,2,9,000013,0,1,32800,32759,00000,00000
BCN,0691,0777,070078,2,9,000013,0,1,32800,32759,00000,00000
BCN,0692,0777,070078,2,9,000013,0,1,32800,32759,00000,00000
BCN,0693,0777,070078,2,9,000013,0,1,32800,32759,00000,00000
BCN,0694,0777,063869,2,8,000014,0,1,32800,32759,00000,00000
BCN,0695,0777,063869,2,8,000014,0,1,32800,32759,00000,00000
BCN,0696,0777,063869,2,8,000014,0,1,32800,32759,00000,00000
BCN,0697,0777,063869,2,8,000014,0,1,32800,32759,00000,00000
BCN,0698,0778,063869,2,8,000014,0,1,32800,32759,00000,00000
BCN,0699,0778,063869,2,8,000014,0,1,32800,32759,00000,00000
BCN,0700,0778,065930,2,9,000015,0,1,32800,32759,00000,00000
BCN,0701,0778,065930,2,9,000015,0,1,32800,32759,00000,00000
BCN,0702,0778,065930,2,9,000015,0,1,32800,32759,00000,00000
BCN,0703,0778,065930,2,9,000015,0,1,32800,32759,00000,00000
BCN,0704,0778,065930,2,9,000015,0,1,32800,32759,00000,00000
BCN,0705,0778,065930,2,9,000015,0,1,32800,32759,00000,00000
BCN,0706,0778,061847,2,8,000017,0,2,32800,32759,00000,00000
BCN,0707,0778,061847,2,8,000017,0,2,32800,32759,00000,00000
BCN,0708,0778,061847,2,8,000017,0,2,32800,32759,00000,00000
BCN,0709,0778,061847,2,8,000017,0,2,32800,32759,00000,00000
BCN,0710,0778,061847,2,8,000017,0,2,32800,32759,00000,00000
BCN,0711,0778,061847,2,8,000017,0,2,32800,32759,00000,00000
BCN,0712,0778,065995,2,9,000013,0,1,32799,32759,00000,00000
BCN,0713,0778,065995,2,9,000013,0,1,32799,32759,00000,00000
BCN,0714,0778,065995,2,9,000013,0,1,32799,32759,00000,00000
BCN,0715,0778,065995,2,9,000013,0,1,32799,32759,00000,00000
BCN,0716,0778,065995,2,9,000013,0,1,32799,32759,00000,00000
BCN,0717,0778,065995,2,9,000013,0,1,32799,32759,00000,00000
BCN,0718,0778,064090,2,8,000012,0,1,32799,32759,00000,00000
BCN,0719,0778,064090,2,8,000012,0,1,32799,32759,00000,00000
BCN,0720,0778,064090,2,8,000012,0,1,32799,32759,00000,00000
BCN,0721,0778,064090,2,8,000012,0,1,32799,32759,00000,00000
BCN,0722,0778,064090,2,8,000012,0,1,32799,32759,00000,00000
BCN,0723,0778,064090,2,8,000012,0,1,32799,32759,00000,00000
BCN,0724,0778,072334,2,9,000016,0,1,32800,32759,00000,00000
BCN,0725,0778,072334,2,9,000016,0,1,32800,32759,00000,00000
BCN,0726,0778,072334,2,9,000016,0,1,32800,32759,00000,00000
BCN,0727,0778,072334,2,9,000016,0,1,32800,32759,00000,00000
BCN,0728,0778,072334,2,9,000016,0,1,32800,32759,00000,00000
BCN,0729,0777,072334,2,9,000016,0,1,32800,32759,00000,00000
BCN,0730,0778,072334,2,9,000016,0,1,32800,32759,00000,00000
BCN,0731,0777,068108,2,9,000014,0,1,32800,32759,00000,00000
BCN,0732,0778,068108,2,9,000014,0,1,32800,32759,00000,00000
BCN,0733,0778,068108,2,9,000014,0,1,32800,32759,00000,00000
BCN,0734,0777,068108,2,9,000014,0,1,32800,32759,00000,00000
BCN,0735,0777,068108,2,9,000014,0,1,32800,32759,00000,00000
BCN,0736,0777,068108,2,9,000014,0,1,32800,32759,00000,00000
BCN,0737,0777,066229,2,9,000015,0,2,32800,32759,00000,00000
BCN,0738,0777,066229,2,9,000015,0,2,32800,32759,00000,00000
BCN,0739,0777,066229,2,9,000015,0,2,32800,32759,00000,00000
BCN,0740,0777,066229,2,9,000015,0,2,32800,32759,00000,00000
BCN,0741,0777,066229,2,9,000015,0,2,32800,32759,00000,00000
BCN,0742,0777,066229,2,9,000015,0,2,32800,32759,00000,00000
BCN,0743,0777,060150,2,8,000013,0,1,32799,32759,00000,00000
BCN,0744,0777,060150,2,8,000013,0,1,32799,32759,00000,00000
BCN,0745,0777,060150,2,8,000013,0,1,32799,32759,00000,00000
BCN,0746,0777,060150,2,8,000013,0,1,32799,32759,00000,00000
BCN,0747,0777,060150,2,8,000013,0,1,32799,32759,00000,00000
BCN,0748,0777,060150,2,8,000013,0,1,32799,32759,00000,00000
BCN,0749,0777,064090,2,8,000015,0,1,32800,32759,00000,00000
BCN,0750,0777,064090,2,8,000015,0,1,32800,32759,00000,00000
BCN,0751,0777,064090,2,8,000015,0,1,32800,32759,00000,00000
BCN,0752,0777,064090,2,8,000015,0,1,32800,32759,00000,00000
BCN,0753,0777,064090,2,8,000015,0,1,32800,32759,00000,00000
BCN,0754,0777,064090,2,8,000015,0,1,32800,32759,00000,00000
BCN,0755,0777,066294,2,9,000015,0,1,32800,32759,00000,00000
BCN,0756,0777,066294,2,9,000015,0,1,32800,32759,00000,00000
BCN,0757,0777,066294,2,9,000015,0,1,32800,32759,00000,00000
BCN,0758,0777,066294,2,9,000015,0,1,32800,32759,00000,00000
BCN,0759,0777,066294,2,9,000015,0,1,32800,32759,00000,00000
BCN,0760,0777,066294,2,9,000015,0,1,32800,32759,00000,00000
BCN,0761,0777,062159,2,8,000013,0,1,32799,32759,00000,00000
BCN,0762,0777,062159,2,8,000013,0,1,32799,32759,00000,00000
BCN,0763,0777,062159,2,8,000013,0,1,32799,32759,00000,00000
BCN,0764,0777,062159,2,8,000013,0,1,32799,32759,00000,00000
BCN,0765,0777,062159,2,8,000013,0,1,32799,32759,00000,00000
BCN,0766,0777,062159,2,8,000013,0,1,32799,32759,00000,00000
BCN,0767,0777,062159,2,8,000013,0,1,32799,32759,00000,00000
BCN,0768,0778,061912,2,8,000013,0,1,32800,32759,00000,00000
BCN,0769,0777,061912,2,8,000013,0,1,32800,32759,00000,00000
BCN,0770,0777,061912,2,8,000013,0,1,32800,32759,00000,00000
BCN,0771,0777,061912,2,8,000013,0,1,32800,32759,00000,00000
BCN,0772,0778,061912,2,8,000013,0,1,32800,32759,00000,00000
BCN,0773,0777,061912,2,8,000013,0,1,32800,32759,00000,00000
BCN,0774,0778,064038,2,8,000013,0,1,32800,32759,00000,00000
BCN,0775,0777,064038,2,8,000013,0,1,32800,32759,00000,00000
BCN,0776,0778,064038,2,8,000013,0,1,32800,32759,00000,00000
BCN,0777,0777,064038,2,8,000013,0,1,32800,32759,00000,00000
BCN,0778,0778,064038,2,8,000013,0,1,32800,32759,00000,00000
BCN,0779,0777,064038,2,8,000013,0,1,32800,32759,00000,00000
BCN,0780,0778,063973,2,8,000013,0,2,32799,32759,00000,00000
BCN,0781,0777,063973,2,8,000013,0,2,32799,32759,00000,00000
BCN,0782,0778,063973,2,8,000013,0,2,32799,32759,00000,00000
BCN,0783,0777,063973,2,8,000013,0,2,32799,32759,00000,00000
BCN,0784,0778,063973,2,8,000013,0,2,32799,32759,00000,00000
BCN,0785,0778,063973,2,8,000013,0,2,32799,32759,00000,00000
BCN,0786,0778,061730,2,8,000015,0,2,32800,32759,00000,00000
BCN,0787,0777,061730,2,8,000015,0,2,32800,32759,00000,00000
BCN,0788,0778,061730,2,8,000015,0,2,32800,32759,00000,00000
BCN,0789,0777,061730,2,8,000015,0,2,32800,32759,00000,00000
BCN,0790,0778,061730,2,8,000015,0,2,32800,32759,00000,00000
BCN,0791,0777,061730,2,8,000015,0,2,32800,32759,00000,00000
BCN,0792,0778,063908,2,8,000018,0,2,32800,32759,00000,00000
BCN,0793,0777,063908,2,8,000018,0,2,32800,32759,00000,00000
BCN,0794,0778,063908,2,8,000018,0,2,32800,32759,00000,00000
BCN,0795,0777,063908,2,8,000018,0,2,32800,32759,00000,00000
BCN,0796,0778,063908,2,8,000018,0,2,32800,32759,00000,00000
BCN,0797,0778,063908,2,8,000018,0,2,32800,32759,00000,00000
BCN,0798,0778,063882,2,8,000016,0,1,32799,32759,00000,00000
BCN,0799,0777,063882,2,8,000016,0,1,32799,32759,00000,00000
BCN,0800,0778,063882,2,8,000016,0,1,32799,32759,00000,00000
BCN,0801,0777,063882,2,8,000016,0,1,32799,32759,00000,00000
BCN,0802,0778,063882,2,8,000016,0,1,32799,32759,00000,00000
BCN,0803,0777,063882,2,8,000016,0,1,32799,32759,00000,00000
BCN,0804,0778,063882,2,8,000016,0,1,32799,32759,00000,00000
BCN,0805,0777,061665,2,8,000017,0,2,32800,32759,00000,00000
BCN,0806,0778,061665,2,8,000017,0,2,32800,32759,00000,00000
BCN,0807,0777,061665,2,8,000017,0,2,32800,32759,00000,00000
BCN,0808,0778,061665,2,8,000017,0,2,32800,32759,00000,00000
BCN,0809,0777,061665,2,8,000017,0,2,32800,32759,00000,00000
BCN,0810,0778,061665,2,8,000017,0,2,32800,32759,00000,00000
BCN,0811,0777,061717,2,8,000014,0,1,32800,32759,00000,00000
BCN,0812,0778,061717,2,8,000014,0,1,32800,32759,00000,00000
BCN,0813,0777,061717,2,8,000014,0,1,32800,32759,00000,00000
BCN,0814,0777,061717,2,8,000014,0,1,32800,32759,00000,00000
BCN,0815,0777,061717,2,8,000014,0,1,32800,32759,00000,00000
BCN,0816,0777,061717,2,8,000014,0,1,32800,32759,00000,00000
BCN,0817,0777,063765,2,8,000013,0,2,32799,32759,00000,00000
BCN,0818,0777,063765,2,8,000013,0,2,32799,32759,00000,00000
BCN,0819,0777,063765,2,8,000013,0,2,32799,32759,00000,00000
BCN,0820,0778,063765,2,8,000013,0,2,32799,32759,00000,00000
BCN,0821,0777,063765,2,8,000013,0,2,32799,32759,00000,00000
BCN,0822,0778,063765,2,8,000013,0,2,32799,32759,00000,00000
BCN,0823,0777,061574,2,8,000017,0,2,32800,32759,00000,00000
BCN,0824,0777,061574,2,8,000017,0,2,32800,32759,00000,00000
BCN,0825,0777,061574,2,8,000017,0,2,32800,32759,00000,00000
BCN,0826,0777,061574,2,8,000017,0,2,32800,32759,00000,00000
BCN,0827,0777,061574,2,8,000017,0,2,32800,32759,00000,00000
BCN,0828,0778,061574,2,8,000017,0,2,32800,32759,00000,00000
BCN,0829,0777,061652,2,8,000016,0,2,32800,32759,00000,00000
BCN,0830,0778,061652,2,8,000016,0,2,32800,32759,00000,00000
BCN,0831,0777,061652,2,8,000016,0,2,32800,32759,00000,00000
BCN,0832,0778,061652,2,8,000016,0,2,32800,32759,00000,00000
BCN,0833,0777,061652,2,8,000016,0,2,32800,32759,00000,00000
BCN,0834,0778,061652,2,8,000016,0,2,32800,32759,00000,00000
BCN,0835,0777,063713,2,8,000015,0,2,32799,32759,00000,00000
BCN,0836,0778,063713,2,8,000015,0,2,32799,32759,00000,00000
BCN,0837,0777,063713,2,8,000015,0,2,32799,32759,00000,00000
BCN,0838,0778,063713,2,8,000015,0,2,32799,32759,00000,00000
BCN,0839,0777,063713,2,8,000015,0,2,32799,32759,00000,00000
BCN,0840,0778,063713,2,8,000015,0,2,32799,32759,00000,00000
BCN,0841,0777,063713,2,8,000015,0,2,32799,32759,00000,00000
BCN,0842,0778,061535,2,8,000013,0,2,32800,32759,00000,00000
BCN,0843,0777,061535,2,8,000013,0,2,32800,32759,00000,00000
BCN,0844,0778,061535,2,8,000013,0,2,32800,32759,00000,00000
BCN,0845,0777,061535,2,8,000013,0,2,32800,32759,00000,00000
BCN,0846,0778,061535,2,8,000013,0,2,32800,32759,00000,00000
BCN,0847,0777,061535,2,8,000013,0,2,32800,32759,00000,00000
BCN,0848,0778,061613,2,8,000012,0,1,32800,32759,00000,00000
BCN,0849,0777,061613,2,8,000012,0,1,32800,32759,00000,00000
BCN,0850,0778,061613,2,8,000012,0,1,32800,32759,00000,00000
BCN,0851,0777,061613,2,8,000012,0,1,32800,32759,00000,00000
BCN,0852,0778,061613,2,8,000012,0,1,32800,32759,00000,00000
BCN,0853,0777,061613,2,8,000012,0,1,32800,32759,00000,00000
BCN,0854,0778,063687,2,8,000013,0,2,32799,32759,00000,00000
BCN,0855,0777,063687,2,8,000013,0,2,32799,32759,00000,00000
BCN,0856,0778,063687,2,8,000013,0,2,32799,32759,00000,00000
BCN,0857,0777,063687,2,8,000013,0,2,32799,32759,00000,00000
BCN,0858,0778,063687,2,8,000013,0,2,32799,32759,00000,00000
BCN,0859,0777,063687,2,8,000013,0,2,32799,32759,00000,00000
BCN,0860,0778,059604,2,8,000017,0,2,32799,32759,00000,00000
BCN,0861,0777,059604,2,8,000017,0,2,32799,32759,00000,00000
BCN,0862,0778,059604,2,8,000017,0,2,32799,32759,00000,00000
BCN,0863,0777,059604,2,8,000017,0,2,32799,32759,00000,00000
BCN,0864,0778,059604,2,8,000017,0,2,32799,32759,00000,00000
BCN,0865,0777,059604,2,8,000017,0,2,32799,32759,00000,00000
BCN,0866,0778,069909,2,9,000016,0,2,32800,32759,00000,00000
BCN,0867,0777,069909,2,9,000016,0,2,32800,32759,00000,00000
BCN,0868,0778,069909,2,9,000016,0,2,32800,32759,00000,00000
BCN,0869,0777,069909,2,9,000016,0,2,32800,32759,00000,00000
BCN,0870,0778,069909,2,9,000016,0,2,32800,32759,00000,00000
BCN,0871,0777,069909,2,9,000016,0,2,32800,32759,00000,00000
BCN,0872,0778,063739,2,8,000017,0,2,32800,32759,00000,00000
BCN,0873,0777,063739,2,8,000017,0,2,32800,32759,00000,00000
BCN,0874,0778,063739,2,8,000017,0,2,32800,32759,00000,00000
BCN,0875,0777,063739,2,8,000017,0,2,32800,32759,00000,00000
BCN,0876,0778,063739,2,8,000017,0,2,32800,32759,00000,00000
BCN,0877,0777,063739,2,8,000017,0,2,32800,32759,00000,00000
BCN,0878,0778,063739,2,8,000017,0,2,32800,32759,00000,00000
BCN,0879,0777,067783,2,9,000014,0,2,32800,32759,00000,00000
BCN,0880,0778,067783,2,9,000014,0,2,32800,32759,00000,00000
BCN,0881,0776,067783,2,9,000014,0,2,32800,32759,00000,00000
BCN,0882,0778,067783,2,9,000014,0,2,32800,32759,00000,00000
BCN,0883,0776,067783,2,9,000014,0,2,32800,32759,00000,00000
BCN,0884,0778,067783,2,9,000014,0,2,32800,32759,00000,00000
BCN,0885,0776,061691,2,8,000014,0,2,32800,32759,00000,00000
BCN,0886,0778,061691,2,8,000014,0,2,32800,32759,00000,00000
BCN,0887,0776,061691,2,8,000014,0,2,32800,32759,00000,00000
BCN,0888,0778,061691,2,8,000014,0,2,32800,32759,00000,00000
BCN,0889,0776,061691,2,8,000014,0,2,32800,32759,00000,00000
BCN,0890,0778,061691,2,8,000014,0,2,32800,32759,00000,00000
BCN,0891,0776,063752,2,8,000018,0,2,32799,32759,00000,00000
BCN,0892,0778,063752,2,8,000018,0,2,32799,32759,00000,00000
BCN,0893,0776,063752,2,8,000018,0,2,32799,32759,00000,00000
BCN,0894,0778,063752,2,8,000018,0,2,32799,32759,00000,00000
BCN,0895,0776,063752,2,8,000018,0,2,32799,32759,00000,00000
BCN,0896,0778,063752,2,8,000018,0,2,32799,32759,00000,00000
BCN,0897,0776,059643,2,8,000016,0,2,32799,32759,00000,00000
BCN,0898,0778,059643,2,8,000016,0,2,32799,32759,00000,00000
BCN,0899,0776,059643,2,8,000016,0,2,32799,32759,00000,00000
BCN,0900,0778,059643,2,8,000016,0,2,32799,32759,00000,00000
BCN,0901,0776,059643,2,8,000016,0,2,32799,32759,00000,00000
BCN,0902,0778,059643,2,8,000016,0,2,32799,32759,00000,00000
BCN,0903,0777,069935,2,9,000013,0,2,32800,32759,00000,00000
BCN,0904,0778,069935,2,9,000013,0,2,32800,32759,00000,00000
BCN,0905,0777,069935,2,9,000013,0,2,32800,32759,00000,00000
BCN,0906,0778,069935,2,9,000013,0,2,32800,32759,00000,00000
BCN,0907,0777,069935,2,9,000013,0,2,32800,32759,00000,00000
BCN,0908,0779,069935,2,9,000013,0,2,32800,32759,00000,00000
BCN,0909,0777,065891,2,9,000015,0,2,32800,32759,00000,00000
BCN,0910,0779,065891,2,9,000015,0,2,32800,32759,00000,00000
BCN,0911,0777,065891,2,9,000015,0,2,32800,32759,00000,00000
BCN,0912,0779,065891,2,9,000015,0,2,32800,32759,00000,00000
BCN,0913,0777,065891,2,9,000015,0,2,32800,32759,00000,00000
BCN,0914,0779,065891,2,9,000015,0,2,32800,32759,00000,00000
BCN,0915,0777,065891,2,9,000015,0,2,32800,32759,00000,00000
BCN,0916,0779,063973,2,8,000017,0,2,32800,32759,00000,00000
BCN,0917,0777,063973,2,8,000017,0,2,32800,32759,00000,00000
BCN,0918,0779,063973,2,8,000017,0,2,32800,32759,00000,00000
BCN,0919,0777,063973,2,8,000017,0,2,32800,32759,00000,00000
BCN,0920,0779,063973,2,8,000017,0,2,32800,32759,00000,00000
BCN,0921,0777,063973,2,8,000017,0,2,32800,32759,00000,00000
BCN,0922,0779,059994,2,8,000016,0,2,32799,32759,00000,00000
BCN,0923,0777,059994,2,8,000016,0,2,32799,32759,00000,00000
BCN,0924,0779,059994,2,8,000016,0,2,32799,32759,00000,00000
BCN,0925,0777,059994,2,8,000016,0,2,32799,32759,00000,00000
BCN,0926,0778,059994,2,8,000016,0,2,32799,32759,00000,00000
BCN,0927,0777,059994,2,8,000016,0,2,32799,32759,00000,00000
BCN,0928,0779,066112,2,9,000017,0,2,32800,32759,00000,00000
BCN,0929,0777,066112,2,9,000017,0,2,32800,32759,00000,00000
BCN,0930,0779,066112,2,9,000017,0,2,32800,32759,00000,00000
BCN,0931,0777,066112,2,9,000017,0,2,32800,32759,00000,00000
BCN,0932,0779,066112,2,9,000017,0,2,32800,32759,00000,00000
BCN,0933,0777,066112,2,9,000017,0,2,32800,32759,00000,00000
BCN,0934,0779,066268,2,9,000020,0,2,32800,32759,00000,00000
BCN,0935,0777,066268,2,9,000020,0,2,32800,32759,00000,00000
BCN,0936,0779,066268,2,9,000020,0,2,32800,32759,00000,00000
BCN,0937,0777,066268,2,9,000020,0,2,32800,32759,00000,00000
BCN,0938,0779,066268,2,9,000020,0,2,32800,32759,00000,00000
BCN,0939,0777,066268,2,9,000020,0,2,32800,32759,00000,00000
BCN,0940,0779,060176,2,8,000018,0,2,32799,32759,00000,00000
BCN,0941,0777,060176,2,8,000018,0,2,32799,32759,00000,00000
BCN,0942,0779,060176,2,8,000018,0,2,32799,32759,00000,00000
BCN,0943,0777,060176,2,8,000018,0,2,32799,32759,00000,00000
BCN,0944,0779,060176,2,8,000018,0,2,32799,32759,00000,00000
BCN,0945,0777,060176,2,8,000018,0,2,32799,32759,00000,00000
BCN,0946,0779,064116,2,8,000018,0,2,32800,32759,00000,00000
BCN,0947,0777,064116,2,8,000018,0,2,32800,32759,00000,00000
BCN,0948,0779,064116,2,8,000018,0,2,32800,32759,00000,00000
BCN,0949,0777,064116,2,8,000018,0,2,32800,32759,00000,00000
BCN,0950,0779,064116,2,8,000018,0,2,32800,32759,00000,00000
BCN,0951,0777,064116,2,8,000018,0,2,32800,32759,00000,00000
BCN,0952,0779,064116,2,8,000018,0,2,32800,32759,00000,00000
BCN,0953,0777,066307,2,9,000014,0,2,32800,32759,00000,00000
BCN,0954,0779,066307,2,9,000014,0,2,32800,32759,00000,00000
BCN,0955,0776,066307,2,9,000014,0,2,32800,32759,00000,00000
BCN,0956,0779,066307,2,9,000014,0,2,32800,32759,00000,00000
BCN,0957,0776,066307,2,9,000014,0,2,32800,32759,00000,00000
BCN,0958,0778,066307,2,9,000014,0,2,32800,32759,00000,00000
BCN,0959,0776,062172,2,8,000015,0,2,32799,32759,00000,00000
BCN,0960,0778,062172,2,8,000015,0,2,32799,32759,00000,00000
BCN,0961,0776,062172,2,8,000015,0,2,32799,32759,00000,00000
BCN,0962,0778,062172,2,8,000015,0,2,32799,32759,00000,00000
BCN,0963,0776,062172,2,8,000015,0,2,32799,32759,00000,00000
BCN,0964,0778,062172,2,8,000015,0,2,32799,32759,00000,00000
BCN,0965,0775,061912,2,8,000018,0,2,32800,32759,00000,00000
BCN,0966,0778,061912,2,8,000018,0,2,32800,32759,00000,00000
BCN,0967,0775,061912,2,8,000018,0,2,32800,32759,00000,00000
BCN,0968,0778,061912,2,8,000018,0,2,32800,32759,00000,00000
BCN,0969,0775,061912,2,8,000018,0,2,32800,32759,00000,00000
BCN,0970,0778,061912,2,8,000018,0,2,32800,32759,00000,00000
BCN,0971,0775,061899,2,8,000015,0,2,32800,32759,00000,00000
BCN,0972,0778,061899,2,8,000015,0,2,32800,32759,00000,00000
BCN,0973,0775,061899,2,8,000015,0,2,32800,32759,00000,00000
BCN,0974,0778,061899,2,8,000015,0,2,32800,32759,00000,00000
BCN,0975,0775,061899,2,8,000015,0,2,32800,32759,00000,00000
BCN,0976,0778,061899,2,8,000015,0,2,32800,32759,00000,00000
BCN,0977,0775,063908,2,8,000012,0,1,32799,32759,00000,00000
BCN,0978,0778,063908,2,8,000012,0,1,32799,32759,00000,00000
BCN,0979,0775,063908,2,8,000012,0,1,32799,32759,00000,00000
BCN,0980,0778,063908,2,8,000012,0,1,32799,32759,00000,00000
BCN,0981,0776,063908,2,8,000012,0,1,32799,32759,00000,00000
BCN,0982,0778,063908,2,8,000012,0,1,32799,32759,00000,00000
BCN,0983,0775,059760,2,8,000013,0,2,32799,32759,00000,00000
BCN,0984,0778,059760,2,8,000013,0,2,32799,32759,00000,00000
BCN,0985,0775,059760,2,8,000013,0,2,32799,32759,00000,00000
BCN,0986,0778,059760,2,8,000013,0,2,32799,32759,00000,00000
BCN,0987,0775,059760,2,8,000013,0,2,32799,32759,00000,00000
BCN,0988,0778,059760,2,8,000013,0,2,32799,32759,00000,00000
BCN,0989,0775,059760,2,8,000013,0,2,32799,32759,00000,00000
BCN,0990,0778,070026,2,9,000013,0,2,32800,32759,00000,00000
BCN,0991,0775,070026,2,9,000013,0,2,32800,32759,00000,00000
BCN,0992,0778,070026,2,9,000013,0,2,32800,32759,00000,00000
BCN,0993,0775,070026,2,9,000013,0,2,32800,32759,00000,00000
BCN,0994,0778,070026,2,9,000013,0,2,32800,32759,00000,00000
BCN,0995,0775,070026,2,9,000013,0,2,32800,32759,00000,00000
BCN,0996,0778,063817,2,8,000017,0,2,32800,32759,00000,00000
BCN,0997,0775,063817,2,8,000017,0,2,32800,32759,00000,00000
BCN,0998,0778,063817,2,8,000017,0,2,32800,32759,00000,00000
BCN,0999,0774,063817,2,8,000017,0,2,32800,32759,00000,00000
BCN,1000,0777,063817,2,8,000017,0,2,32800,32759,00000,00000
BCN,1001,0774,063817,2,8,000017,0,2,32800,32759,00000,00000
BCN,1002,0777,065904,2,9,000017,0,2,32800,32759,00000,00000
BCN,1003,0774,065904,2,9,000017,0,2,32800,32759,00000,00000
BCN,1004,0777,065904,2,9,000017,0,2,32800,32759,00000,00000
BCN,1005,0774,065904,2,9,000017,0,2,32800,32759,00000,00000
BCN,1006,0777,065904,2,9,000017,0,2,32800,32759,00000,00000
BCN,1007,0774,065904,2,9,000017,0,2,32800,32759,00000,00000
BCN,1008,0777,061821,2,8,000015,0,1,32800,32759,00000,00000
BCN,1009,0774,061821,2,8,000015,0,1,32800,32759,00000,00000
BCN,1010,0777,061821,2,8,000015,0,1,32800,32759,00000,00000
BCN,1011,0774,061821,2,8,000015,0,1,32800,32759,00000,00000
BCN,1012,0777,061821,2,8,000015,0,1,32800,32759,00000,00000
BCN,1013,0773,061821,2,8,000015,0,1,32800,32759,00000,00000
BCN,1014,0776,065969,2,9,000017,0,1,32799,32759,00000,00000
BCN,1015,0773,065969,2,9,000017,0,1,32799,32759,00000,00000
BCN,1016,0777,065969,2,9,000017,0,1,32799,32759,00000,00000
BCN,1017,0773,065969,2,9,000017,0,1,32799,32759,00000,00000
BCN,1018,0776,065969,2,9,000017,0,1,32799,32759,00000,00000
BCN,1019,0773,065969,2,9,000017,0,1,32799,32759,00000,00000
BCN,1020,0777,066203,2,9,000015,0,1,32799,32759,00000,00000
BCN,1021,0773,066203,2,9,000015,0,1,32799,32759,00000,00000
BCN,1022,0776,066203,2,9,000015,0,1,32799,32759,00000,00000
BCN,1023,0773,066203,2,9,000015,0,1,32799,32759,00000,00000
BCN,1024,0777,066203,2,9,000015,0,1,32799,32759,00000,00000
BCN,1025,0773,066203,2,9,000015,0,1,32799,32759,00000,00000
BCN,1026,0776,066203,2,9,000015,0,1,32799,32759,00000,00000
BCN,1027,0773,072386,2,9,000017,0,1,32800,32759,00000,00000
BCN,1028,0777,072386,2,9,000017,0,1,32800,32759,00000,00000
BCN,1029,0773,072386,2,9,000017,0,1,32800,32759,00000,00000
BCN,1030,0776,072386,2,9,000017,0,1,32800,32759,00000,00000
BCN,1031,0773,072386,2,9,000017,0,1,32800,32759,00000,00000
BCN,1032,0777,072386,2,9,000017,0,1,32800,32759,00000,00000
BCN,1033,0773,068147,2,9,000017,0,1,32800,32759,00000,00000
BCN,1034,0777,068147,2,9,000017,0,1,32800,32759,00000,00000
BCN,1035,0773,068147,2,9,000017,0,1,32800,32759,00000,00000
BCN,1036,0777,068147,2,9,000017,0,1,32800,32759,00000,00000
BCN,1037,0774,068147,2,9,000017,0,1,32800,32759,00000,00000
BCN,1038,0777,068147,2,9,000017,0,1,32800,32759,00000,00000
BCN,1039,0773,066255,2,9,000016,0,1,32800,32759,00000,00000
BCN,1040,0776,066255,2,9,000016,0,1,32800,32759,00000,00000
BCN,1041,0773,066255,2,9,000016,0,1,32800,32759,00000,00000
BCN,1042,0776,066255,2,9,000016,0,1,32800,32759,00000,00000
BCN,1043,0774,066255,2,9,000016,0,1,32800,32759,00000,00000
BCN,1044,0777,066255,2,9,000016,0,1,32800,32759,00000,00000
BCN,1045,0773,062146,2,8,000017,0,2,32799,32759,00000,00000
BCN,1046,0777,062146,2,8,000017,0,2,32799,32759,00000,00000
BCN,1047,0774,062146,2,8,000017,0,2,32799,32759,00000,00000
BCN,1048,0777,062146,2,8,000017,0,2,32799,32759,00000,00000
BCN,1049,0774,062146,2,8,000017,0,2,32799,32759,00000,00000
BCN,1050,0777,062146,2,8,000017,0,2,32799,32759,00000,00000
BCN,1051,0774,061899,2,8,000017,0,2,32800,32759,00000,00000
BCN,1052,0777,061899,2,8,000017,0,2,32800,32759,00000,00000
BCN,1053,0773,061899,2,8,000017,0,2,32800,32759,00000,00000
BCN,1054,0777,061899,2,8,000017,0,2,32800,32759,00000,00000
BCN,1055,0774,061899,2,8,000017,0,2,32800,32759,00000,00000
BCN,1056,0777,061899,2,8,000017,0,2,32800,32759,00000,00000
BCN,1057,0774,064038,2,8,000015,0,2,32800,32759,00000,00000
BCN,1058,0777,064038,2,8,000015,0,2,32800,32759,00000,00000
BCN,1059,0774,064038,2,8,000015,0,2,32800,32759,00000,00000
BCN,1060,0777,064038,2,8,000015,0,2,32800,32759,00000,00000
BCN,1061,0774,064038,2,8,000015,0,2,32800,32759,00000,00000
BCN,1062,0777,064038,2,8,000015,0,2,32800,32759,00000,00000
BCN,1063,0774,064038,2,8,000015,0,2,32800,32759,00000,00000
BCN,1064,0777,063960,2,8,000013,0,1,32799,32759,00000,00000
BCN,1065,0774,063960,2,8,000013,0,1,32799,32759,00000,00000
BCN,1066,0777,063960,2,8,000013,0,1,32799,32759,00000,00000
BCN,1067,0774,063960,2,8,000013,0,1,32799,32759,00000,00000
BCN,1068,0777,063960,2,8,000013,0,1,32799,32759,00000,00000
BCN,1069,0773,063960,2,8,000013,0,1,32799,32759,00000,00000
BCN,1070,0777,061730,2,8,000011,0,1,32800,32759,00000,00000
BCN,1071,0774,061730,2,8,000011,0,1,32800,32759,00000,00000
BCN,1072,0777,061730,2,8,000011,0,1,32800,32759,00000,00000
BCN,1073,0774,061730,2,8,000011,0,1,32800,32759,00000,00000
BCN,1074,0777,061730,2,8,000011,0,1,32800,32759,00000,00000
BCN,1075,0774,061730,2,8,000011,0,1,32800,32759,00000,00000
BCN,1076,0777,057712,2,8,000011,0,1,32799,32759,00000,00000
BCN,1077,0774,057712,2,8,000011,0,1,32799,32759,00000,00000
BCN,1078,0777,057712,2,8,000011,0,1,32799,32759,00000,00000
BCN,1079,0774,057712,2,8,000011,0,1,32799,32759,00000,00000
BCN,1080,0777,057712,2,8,000011,0,1,32799,32759,00000,00000
BCN,1081,0774,057712,2,8,000011,0,1,32799,32759,00000,00000
BCN,1082,0777,053499,2,7,000009,0,1,32799,32759,00000,00000
BCN,1083,0774,053499,2,7,000009,0,1,32799,32759,00000,00000
BCN,1084,0777,053499,2,7,000009,0,1,32799,32759,00000,00000
BCN,1085,0774,053499,2,7,000009,0,1,32799,32759,00000,00000
BCN,1086,0777,053499,2,7,000009,0,1,32799,32759,00000,00000
BCN,1087,0774,053499,2,7,000009,0,1,32799,32759,00000,00000
BCN,1088,0777,067887,2,9,000010,0,1,32800,32759,00000,00000
BCN,1089,0774,067887,2,9,000010,0,1,32800,32759,00000,00000
BCN,1090,0777,067887,2,9,000010,0,1,32800,32759,00000,00000
BCN,1091,0774,067887,2,9,000010,0,1,32800,32759,00000,00000
BCN,1092,0777,067887,2,9,000010,0,1,32800,32759,00000,00000
BCN,1093,0774,067887,2,9,000010,0,1,32800,32759,00000,00000
BCN,1094,0777,067835,2,9,000011,0,1,32800,32759,00000,00000
BCN,1095,0774,067835,2,9,000011,0,1,32800,32759,00000,00000
BCN,1096,0777,067835,2,9,000011,0,1,32800,32759,00000,00000
BCN,1097,0774,067835,2,9,000011,0,1,32800,32759,00000,00000
BCN,1098,0777,067835,2,9,000011,0,1,32800,32759,00000,00000
BCN,1099,0774,067835,2,9,000011,0,1,32800,32759,00000,00000
BCN,1100,0777,067835,2,9,000011,0,1,32800,32759,00000,00000
BCN,1101,0774,061730,2,8,000011,0,1,32800,32759,00000,00000
BCN,1102,0777,061730,2,8,000011,0,1,32800,32759,00000,00000
BCN,1103,0774,061730,2,8,000011,0,1,32800,32759,00000,00000
BCN,1104,0777,061730,2,8,000011,0,1,32800,32759,00000,00000
BCN,1105,0774,061730,2,8,000011,0,1,32800,32759,00000,00000
BCN,1106,0777,061730,2,8,000011,0,1,32800,32759,00000,00000
BCN,1107,0774,063778,2,8,000011,0,1,32799,32759,00000,00000
BCN,1108,0777,063778,2,8,000011,0,1,32799,32759,00000,00000
BCN,1109,0774,063778,2,8,000011,0,1,32799,32759,00000,00000
BCN,1110,0777,063778,2,8,000011,0,1,32799,32759,00000,00000
BCN,1111,0774,063778,2,8,000011,0,1,32799,32759,00000,00000
BCN,1112,0777,063778,2,8,000011,0,1,32799,32759,00000,00000
BCN,1113,0774,063960,2,8,000011,0,1,32799,32759,00000,00000
BCN,1114,0777,063960,2,8,000011,0,1,32799,32759,00000,00000
BCN,1115,0774,063960,2,8,000011,0,1,32799,32759,00000,00000
BCN,1116,0777,063960,2,8,000011,0,1,32799,32759,00000,00000
BCN,1117,0774,063960,2,8,000011,0,1,32799,32759,00000,00000
BCN,1118,0777,063960,2,8,000011,0,1,32799,32759,00000,00000
BCN,1119,0774,072243,2,9,000010,0,1,32800,32759,00000,00000
BCN,1120,0777,072243,2,9,000010,0,1,32800,32759,00000,00000
BCN,1121,0774,072243,2,9,000010,0,1,32800,32759,00000,00000
BCN,1122,0777,072243,2,9,000010,0,1,32800,32759,00000,00000
BCN,1123,0774,072243,2,9,000010,0,1,32800,32759,00000,00000
BCN,1124,0777,072243,2,9,000010,0,1,32800,32759,00000,00000
BCN,1125,0774,068043,2,9,000012,0,2,32800,32759,00000,00000
BCN,1126,0777,068043,2,9,000012,0,2,32800,32759,00000,00000
BCN,1127,0774,068043,2,9,000012,0,2,32800,32759,00000,00000
BCN,1128,0777,068043,2,9,000012,0,2,32800,32759,00000,00000
BCN,1129,0774,068043,2,9,000012,0,2,32800,32759,00000,00000
BCN,1130,0777,068043,2,9,000012,0,2,32800,32759,00000,00000
BCN,1131,0774,066177,2,9,000010,0,1,32800,32759,00000,00000
BCN,1132,0777,066177,2,9,000010,0,1,32800,32759,00000,00000
BCN,1133,0774,066177,2,9,000010,0,1,32800,32759,00000,00000
BCN,1134,0777,066177,2,9,000010,0,1,32800,32759,00000,00000
BCN,1135,0774,066177,2,9,000010,0,1,32800,32759,00000,00000
BCN,1136,0777,066177,2,9,000010,0,1,32800,32759,00000,00000
BCN,1137,0774,066177,2,9,000010,0,1,32800,32759,00000,00000
BCN,1138,0777,060111,2,8,000010,0,1,32799,32759,00000,00000
BCN,1139,0774,060111,2,8,000010,0,1,32799,32759,00000,00000
BCN,1140,0777,060111,2,8,000010,0,1,32799,32759,00000,00000
BCN,1141,0774,060111,2,8,000010,0,1,32799,32759,00000,00000
BCN,1142,0777,060111,2,8,000010,0,1,32799,32759,00000,00000
BCN,1143,0774,060111,2,8,000010,0,1,32799,32759,00000,00000
BCN,1144,0777,064064,2,8,000011,0,1,32800,32759,00000,00000
BCN,1145,0774,064064,2,8,000011,0,1,32800,32759,00000,00000
BCN,1146,0777,064064,2,8,000011,0,1,32800,32759,00000,00000
BCN,1147,0774,064064,2,8,000011,0,1,32800,32759,00000,00000
BCN,1148,0778,064064,2,8,000011,0,1,32800,32759,00000,00000
BCN,1149,0774,064064,2,8,000011,0,1,32800,32759,00000,00000
BCN,1150,0777,066268,2,9,000013,0,2,32800,32759,00000,00000
BCN,1151,0774,066268,2,9,000013,0,2,32800,32759,00000,00000
BCN,1152,0778,066268,2,9,000013,0,2,32800,32759,00000,00000
BCN,1153,0774,066268,2,9,000013,0,2,32800,32759,00000,00000
BCN,1154,0778,066268,2,9,000013,0,2,32800,32759,00000,00000
BCN,1155,0774,066268,2,9,000013,0,2,32800,32759,00000,00000
BCN,1156,0778,062146,2,8,000014,0,2,32799,32759,00000,00000
BCN,1157,0774,062146,2,8,000014,0,2,32799,32759,00000,00000
BCN,1158,0778,062146,2,8,000014,0,2,32799,32759,00000,00000
BCN,1159,0774,062146,2,8,000014,0,2,32799,32759,00000,00000
BCN,1160,0778,062146,2,8,000014,0,2,32799,32759,00000,00000
BCN,1161,0775,062146,2,8,000014,0,2,32799,32759,00000,00000
BCN,1162,0898,064051,2,8,000762,0,4,32800,32759,00000,00000
BCN,1163,0775,064051,2,8,000762,0,4,32800,32759,00000,00000
BCN,1164,0778,064051,2,8,000762,0,4,32800,32759,00000,00000
BCN,1165,0894,064051,2,8,000762,0,4,32800,32759,00000,00000
BCN,1166,0778,064051,2,8,000762,0,4,32800,32759,00000,00000
BCN,1167,0775,064051,2,8,000762,0,4,32800,32759,00000,00000
BCN,1168,0778,066255,2,9,003751,1,8,32800,32759,00000,00000
BCN,1169,0775,066255,2,9,003751,1,8,32800,32759,00000,00000
BCN,1170,0778,066255,2,9,003751,1,8,32800,32759,00000,00000
BCN,1171,0892,066255,2,9,003751,1,8,32800,32759,00000,00000
BCN,1172,0892,066255,2,9,003751,1,8,32800,32759,00000,00000
BCN,1173,0865,066255,2,9,003751,1,8,32800,32759,00000,00000
BCN,1174,0778,066255,2,9,003751,1,8,32800,32759,00000,00000
BCN,1175,0828,064090,2,8,003691,2,8,32799,32759,00000,00000
BCN,1176,0818,064090,2,8,003691,2,8,32799,32759,00000,00000
BCN,1177,0885,064090,2,8,003691,2,8,32799,32759,00000,00000
BCN,1178,0867,064090,2,8,003691,2,8,32799,32759,00000,00000
BCN,1179,0885,064090,2,8,003691,2,8,32799,32759,00000,00000
BCN,1180,0792,064090,2,8,003691,2,8,32799,32759,00000,00000
BCN,1181,0884,061821,2,8,003582,2,8,32800,32768,00000,00000
BCN,1182,0879,061821,2,8,003582,2,8,32800,32768,00000,00000
BCN,1183,0877,061821,2,8,003582,2,8,32800,32768,00000,00000
BCN,1184,0778,061821,2,8,003582,2,8,32800,32768,00000,00000
BCN,1185,0876,061821,2,8,003582,2,8,32800,32768,00000,00000
BCN,1186,0881,061821,2,8,003582,2,8,32800,32768,00000,00000
BCN,1187,0877,061834,2,8,003373,2,9,32800,32768,00000,00000
BCN,1188,0780,061834,2,8,003373,2,9,32800,32768,00000,00000
BCN,1189,0777,061834,2,8,003373,2,9,32800,32768,00000,00000
BCN,1190,0780,061834,2,8,003373,2,9,32800,32768,00000,00000
BCN,1191,0775,061834,2,8,003373,2,9,32800,32768,00000,00000
BCN,1192,0877,061834,2,8,003373,2,9,32800,32768,00000,00000
BCN,1193,0875,063856,2,8,003312,2,9,32799,32768,00000,00000
BCN,1194,0876,063856,2,8,003312,2,9,32799,32768,00000,00000
BCN,1195,0873,063856,2,8,003312,2,9,32799,32768,00000,00000
BCN,1196,0875,063856,2,8,003312,2,9,32799,32768,00000,00000
BCN,1197,0775,063856,2,8,003312,2,9,32799,32768,00000,00000
BCN,1198,0778,063856,2,8,003312,2,9,32799,32768,00000,00000
BCN,1199,0870,059721,2,8,003237,2,9,32799,32768,00000,00000
BCN,1200,0778,059721,2,8,003237,2,9,32799,32768,00000,00000
BCN,1201,0797,059721,2,8,003237,2,9,32799,32768,00000,00000
BCN,1202,0871,059721,2,8,003237,2,9,32799,32768,00000,00000
BCN,1203,0775,059721,2,8,003237,2,9,32799,32768,00000,00000
BCN,1204,0779,059721,2,8,003237,2,9,32799,32768,00000,00000
BCN,1205,0842,070000,2,9,003084,2,9,32800,32768,00000,00000
BCN,1206,0779,070000,2,9,003084,2,9,32800,32768,00000,00000
BCN,1207,0776,070000,2,9,003084,2,9,32800,32768,00000,00000
BCN,1208,0869,070000,2,9,003084,2,9,32800,32768,00000,00000
BCN,1209,0786,070000,2,9,003084,2,9,32800,32768,00000,00000
BCN,1210,0787,070000,2,9,003084,2,9,32800,32768,00000,00000
BCN,1211,0776,070000,2,9,003084,2,9,32800,32768,00000,00000
BCN,1212,0784,063804,2,8,002925,2,9,32800,32768,00000,00000
BCN,1213,0780,063804,2,8,002925,2,9,32800,32768,00000,00000
BCN,1214,0868,063804,2,8,002925,2,9,32800,32768,00000,00000
BCN,1215,0863,063804,2,8,002925,2,9,32800,32768,00000,00000
BCN,1216,0867,063804,2,8,002925,2,9,32800,32768,00000,00000
BCN,1217,0778,063804,2,8,002925,2,9,32800,32768,00000,00000
BCN,1218,0868,065891,2,9,002757,2,9,32800,32768,00000,00000
BCN,1219,0864,065891,2,9,002757,2,9,32800,32768,00000,00000
BCN,1220,0866,065891,2,9,002757,2,9,32800,32768,00000,00000
BCN,1221,0777,065891,2,9,002757,2,9,32800,32768,00000,00000
BCN,1222,0867,065891,2,9,002757,2,9,32800,32768,00000,00000
BCN,1223,0865,065891,2,9,002757,2,9,32800,32768,00000,00000
BCN,1224,0868,061808,2,8,002595,2,8,32800,32768,00000,00000
BCN,1225,0778,061808,2,8,002595,2,8,32800,32768,00000,00000
BCN,1226,0780,061808,2,8,002595,2,8,32800,32768,00000,00000
BCN,1227,0778,061808,2,8,002595,2,8,32800,32768,00000,00000
BCN,1228,0780,061808,2,8,002595,2,8,32800,32768,00000,00000
BCN,1229,0865,061808,2,8,002595,2,8,32800,32768,00000,00000
BCN,1230,0868,065969,2,9,002512,2,8,32799,32767,00000,00000
BCN,1231,0831,065969,2,9,002512,2,8,32799,32767,00000,00000
BCN,1232,0821,065969,2,9,002512,2,8,32799,32767,00000,00000
BCN,1233,0810,065969,2,9,002512,2,8,32799,32767,00000,00000
BCN,1234,0779,065969,2,9,002512,2,8,32799,32767,00000,00000
BCN,1235,0848,065969,2,9,002512,2,8,32799,32767,00000,00000
BCN,1236,0867,064064,2,8,002737,2,9,32799,32768,00000,00000
BCN,1237,0855,064064,2,8,002737,2,9,32799,32768,00000,00000
BCN,1238,0859,064064,2,8,002737,2,9,32799,32768,00000,00000
BCN,1239,0865,064064,2,8,002737,2,9,32799,32768,00000,00000
BCN,1240,0779,064064,2,8,002737,2,9,32799,32768,00000,00000
BCN,1241,0777,064064,2,8,002737,2,9,32799,32768,00000,00000
BCN,1242,0864,072321,2,9,002812,2,9,32800,32768,00000,00000
BCN,1243,0777,072321,2,9,002812,2,9,32800,32768,00000,00000
BCN,1244,0779,072321,2,9,002812,2,9,32800,32768,00000,00000
BCN,1245,0865,072321,2,9,002812,2,9,32800,32768,00000,00000
BCN,1246,0780,072321,2,9,002812,2,9,32800,32768,00000,00000
BCN,1247,0778,072321,2,9,002812,2,9,32800,32768,00000,00000
BCN,1248,0779,072321,2,9,002812,2,9,32800,32768,00000,00000
BCN,1249,0778,068095,2,9,002878,2,9,32800,32768,00000,00000
BCN,1250,0780,068095,2,9,002878,2,9,32800,32768,00000,00000
BCN,1251,0864,068095,2,9,002878,2,9,32800,32768,00000,00000
BCN,1252,0865,068095,2,9,002878,2,9,32800,32768,00000,00000
BCN,1253,0864,068095,2,9,002878,2,9,32800,32768,00000,00000
BCN,1254,0779,068095,2,9,002878,2,9,32800,32768,00000,00000
BCN,1255,0864,066229,2,9,002877,2,9,32800,32768,00000,00000
BCN,1256,0865,066229,2,9,002877,2,9,32800,32768,00000,00000
BCN,1257,0864,066229,2,9,002877,2,9,32800,32768,00000,00000
BCN,1258,0799,066229,2,9,002877,2,9,32800,32768,00000,00000
BCN,1259,0864,066229,2,9,002877,2,9,32800,32768,00000,00000
BCN,1260,0824,066229,2,9,002877,2,9,32800,32768,00000,00000
BCN,1261,0864,060150,2,8,002803,2,9,32799,32768,00000,00000
BCN,1262,0843,060150,2,8,002803,2,9,32799,32768,00000,00000
BCN,1263,0847,060150,2,8,002803,2,9,32799,32768,00000,00000
BCN,1264,0779,060150,2,8,002803,2,9,32799,32768,00000,00000
BCN,1265,0854,060150,2,8,002803,2,9,32799,32768,00000,00000
BCN,1266,0866,060150,2,8,002803,2,9,32799,32768,00000,00000
BCN,1267,0865,064090,2,8,002720,2,9,32800,32768,00000,00000
BCN,1268,0785,064090,2,8,002720,2,9,32800,32768,00000,00000
BCN,1269,0782,064090,2,8,002720,2,9,32800,32768,00000,00000
BCN,1270,0783,064090,2,8,002720,2,9,32800,32768,00000,00000
BCN,1271,0778,064090,2,8,002720,2,9,32800,32768,00000,00000
BCN,1272,0864,064090,2,8,002720,2,9,32800,32768,00000,00000
BCN,1273,0865,066281,2,9,002591,2,8,32800,32768,00000,00000
BCN,1274,0865,066281,2,9,002591,2,8,32800,32768,00000,00000
BCN,1275,0863,066281,2,9,002591,2,8,32800,32768,00000,00000
BCN,1276,0866,066281,2,9,002591,2,8,32800,32768,00000,00000
BCN,1277,0778,066281,2,9,002591,2,8,32800,32768,00000,00000
BCN,1278,0779,066281,2,9,002591,2,8,32800,32768,00000,00000
BCN,1279,0863,062159,2,8,002449,2,8,32799,32767,00000,00000
BCN,1280,0779,062159,2,8,002449,2,8,32799,32767,00000,00000
BCN,1281,0777,062159,2,8,002449,2,8,32799,32767,00000,00000
BCN,1282,0865,062159,2,8,002449,2,8,32799,32767,00000,00000
BCN,1283,0777,062159,2,8,002449,2,8,32799,32767,00000,00000
BCN,1284,0779,062159,2,8,002449,2,8,32799,32767,00000,00000
BCN,1285,0777,062159,2,8,002449,2,8,32799,32767,00000,00000
BCN,1286,0779,064064,2,8,002718,2,9,32800,32768,00000,00000
BCN,1287,0777,064064,2,8,002718,2,9,32800,32768,00000,00000
BCN,1288,0865,064064,2,8,002718,2,9,32800,32768,00000,00000
BCN,1289,0811,064064,2,8,002718,2,9,32800,32768,00000,00000
BCN,1290,0805,064064,2,8,002718,2,9,32800,32768,00000,00000
BCN,1291,0777,064064,2,8,002718,2,9,32800,32768,00000,00000
BCN,1292,0795,066268,2,9,002796,2,9,32800,32768,00000,00000
BCN,1293,0789,066268,2,9,002796,2,9,32800,32768,00000,00000
BCN,1294,0865,066268,2,9,002796,2,9,32800,32768,00000,00000
BCN,1295,0857,066268,2,9,002796,2,9,32800,32768,00000,00000
BCN,1296,0865,066268,2,9,002796,2,9,32800,32768,00000,00000
BCN,1297,0782,066268,2,9,002796,2,9,32800,32768,00000,00000
BCN,1298,0865,062146,2,8,002834,2,9,32799,32768,00000,00000
BCN,1299,0862,062146,2,8,002834,2,9,32799,32768,00000,00000
BCN,1300,0864,062146,2,8,002834,2,9,32799,32768,00000,00000
BCN,1301,0777,062146,2,8,002834,2,9,32799,32768,00000,00000
BCN,1302,0864,062146,2,8,002834,2,9,32799,32768,00000,00000
BCN,1303,0864,062146,2,8,002834,2,9,32799,32768,00000,00000
BCN,1304,0865,061899,2,8,002869,2,9,32800,32768,00000,00000
BCN,1305,0778,061899,2,8,002869,2,9,32800,32768,00000,00000
BCN,1306,0779,061899,2,8,002869,2,9,32800,32768,00000,00000
BCN,1307,0777,061899,2,8,002869,2,9,32800,32768,00000,00000
BCN,1308,0778,061899,2,8,002869,2,9,32800,32768,00000,00000
BCN,1309,0864,061899,2,8,002869,2,9,32800,32768,00000,00000
BCN,1310,0865,061886,2,8,002805,2,9,32800,32768,00000,00000
BCN,1311,0864,061886,2,8,002805,2,9,32800,32768,00000,00000
BCN,1312,0864,061886,2,8,002805,2,9,32800,32768,00000,00000
BCN,1313,0864,061886,2,8,002805,2,9,32800,32768,00000,00000
BCN,1314,0778,061886,2,8,002805,2,9,32800,32768,00000,00000
BCN,1315,0810,061886,2,8,002805,2,9,32800,32768,00000,00000
BCN,1316,0865,063895,2,8,002726,2,9,32799,32768,00000,00000
BCN,1317,0834,063895,2,8,002726,2,9,32799,32768,00000,00000
BCN,1318,0842,063895,2,8,002726,2,9,32799,32768,00000,00000
BCN,1319,0864,063895,2,8,002726,2,9,32799,32768,00000,00000
BCN,1320,0779,063895,2,8,002726,2,9,32799,32768,00000,00000
BCN,1321,0777,063895,2,8,002726,2,9,32799,32768,00000,00000
BCN,1322,0857,063895,2,8,002726,2,9,32799,32768,00000,00000
BCN,1323,0777,059760,2,8,002556,2,8,32799,32768,00000,00000
BCN,1324,0779,059760,2,8,002556,2,8,32799,32768,00000,00000
BCN,1325,0864,059760,2,8,002556,2,8,32799,32768,00000,00000
BCN,1326,0782,059760,2,8,002556,2,8,32799,32768,00000,00000
BCN,1327,0780,059760,2,8,002556,2,8,32799,32768,00000,00000
BCN,1328,0779,059760,2,8,002556,2,8,32799,32768,00000,00000
BCN,1329,0779,070013,2,9,002482,2,8,32800,32767,00000,00000
BCN,1330,0780,070013,2,9,002482,2,8,32800,32767,00000,00000
BCN,1331,0864,070013,2,9,002482,2,8,32800,32767,00000,00000
BCN,1332,0865,070013,2,9,002482,2,8,32800,32767,00000,00000
BCN,1333,0864,070013,2,9,002482,2,8,32800,32767,00000,00000
BCN,1334,0780,070013,2,9,002482,2,8,32800,32767,00000,00000
BCN,1335,0864,063817,2,8,002716,2,9,32800,32768,00000,00000
BCN,1336,0865,063817,2,8,002716,2,9,32800,32768,00000,00000
BCN,1337,0864,063817,2,8,002716,2,9,32800,32768,00000,00000
BCN,1338,0779,063817,2,8,002716,2,9,32800,32768,00000,00000
BCN,1339,0864,063817,2,8,002716,2,9,32800,32768,00000,00000
BCN,1340,0865,063817,2,8,002716,2,9,32800,32768,00000,00000
BCN,1341,0864,067848,2,9,002794,2,9,32800,32768,00000,00000
BCN,1342,0802,067848,2,9,002794,2,9,32800,32768,00000,00000
BCN,1343,0815,067848,2,9,002794,2,9,32800,32768,00000,00000
BCN,1344,0779,067848,2,9,002794,2,9,32800,32768,00000,00000
BCN,1345,0835,067848,2,9,002794,2,9,32800,32768,00000,00000
BCN,1346,0866,067848,2,9,002794,2,9,32800,32768,00000,00000
BCN,1347,0864,061743,2,8,002829,2,9,32800,32768,00000,00000
BCN,1348,0794,061743,2,8,002829,2,9,32800,32768,00000,00000
BCN,1349,0790,061743,2,8,002829,2,9,32800,32768,00000,00000
BCN,1350,0788,061743,2,8,002829,2,9,32800,32768,00000,00000
BCN,1351,0777,061743,2,8,002829,2,9,32800,32768,00000,00000
BCN,1352,0860,061743,2,8,002829,2,9,32800,32768,00000,00000
BCN,1353,0864,063778,2,8,002824,2,9,32799,32768,00000,00000
BCN,1354,0862,063778,2,8,002824,2,9,32799,32768,00000,00000
BCN,1355,0861,063778,2,8,002824,2,9,32799,32768,00000,00000
BCN,1356,0865,063778,2,8,002824,2,9,32799,32768,00000,00000
BCN,1357,0777,063778,2,8,002824,2,9,32799,32768,00000,00000
BCN,1358,0779,063778,2,8,002824,2,9,32799,32768,00000,00000
BCN,1359,0862,063778,2,8,002824,2,9,32799,32768,00000,00000
BCN,1360,0779,061821,2,8,002767,2,9,32799,32768,00000,00000
BCN,1361,0777,061821,2,8,002767,2,9,32799,32768,00000,00000
BCN,1362,0864,061821,2,8,002767,2,9,32799,32768,00000,00000
BCN,1363,0778,061821,2,8,002767,2,9,32799,32768,00000,00000
BCN,1364,0779,061821,2,8,002767,2,9,32799,32768,00000,00000
BCN,1365,0777,061821,2,8,002767,2,9,32799,32768,00000,00000
BCN,1366,0779,072178,2,9,002635,2,9,32800,32768,00000,00000
BCN,1367,0777,072178,2,9,002635,2,9,32800,32768,00000,00000
BCN,1368,0864,072178,2,9,002635,2,9,32800,32768,00000,00000
BCN,1369,0863,072178,2,9,002635,2,9,32800,32768,00000,00000
BCN,1370,0849,072178,2,9,002635,2,9,32800,32768,00000,00000
BCN,1371,0777,072178,2,9,002635,2,9,32800,32768,00000,00000
BCN,1372,0821,067991,2,9,002458,2,8,32800,32768,00000,00000
BCN,1373,0810,067991,2,9,002458,2,8,32800,32768,00000,00000
BCN,1374,0864,067991,2,9,002458,2,8,32800,32768,00000,00000
BCN,1375,0845,067991,2,9,002458,2,8,32800,32768,00000,00000
BCN,1376,0864,067991,2,9,002458,2,8,32800,32768,00000,00000
BCN,1377,0789,067991,2,9,002458,2,8,32800,32768,00000,00000
BCN,1378,0864,066138,2,9,002481,2,8,32800,32767,00000,00000
BCN,1379,0857,066138,2,9,002481,2,8,32800,32767,00000,00000
BCN,1380,0860,066138,2,9,002481,2,8,32800,32767,00000,00000
BCN,1381,0777,066138,2,9,002481,2,8,32800,32767,00000,00000
BCN,1382,0861,066138,2,9,002481,2,8,32800,32767,00000,00000
BCN,1383,0862,066138,2,9,002481,2,8,32800,32767,00000,00000
BCN,1384,0864,060085,2,8,002686,2,9,32799,32768,00000,00000
BCN,1385,0779,060085,2,8,002686,2,9,32799,32768,00000,00000
BCN,1386,0780,060085,2,8,002686,2,9,32799,32768,00000,00000
BCN,1387,0778,060085,2,8,002686,2,9,32799,32768,00000,00000
BCN,1388,0778,060085,2,8,002686,2,9,32799,32768,00000,00000
BCN,1389,0862,060085,2,8,002686,2,9,32799,32768,00000,00000
BCN,1390,0864,064038,2,8,002783,2,9,32800,32768,00000,00000
BCN,1391,0863,064038,2,8,002783,2,9,32800,32768,00000,00000
BCN,1392,0864,064038,2,8,002783,2,9,32800,32768,00000,00000
BCN,1393,0862,064038,2,8,002783,2,9,32800,32768,00000,00000
BCN,1394,0778,064038,2,8,002783,2,9,32800,32768,00000,00000
BCN,1395,0777,064038,2,8,002783,2,9,32800,32768,00000,00000
BCN,1396,0864,064038,2,8,002783,2,9,32800,32768,00000,00000
BCN,1397,0794,066255,2,9,002814,2,9,32800,32768,00000,00000
BCN,1398,0808,066255,2,9,002814,2,9,32800,32768,00000,00000
BCN,1399,0863,066255,2,9,002814,2,9,32800,32768,00000,00000
BCN,1400,0779,066255,2,9,002814,2,9,32800,32768,00000,00000
BCN,1401,0778,066255,2,9,002814,2,9,32800,32768,00000,00000
BCN,1402,0846,066255,2,9,002814,2,9,32800,32768,00000,00000
BCN,1403,0778,062133,2,8,002754,2,9,32799,32768,00000,00000
BCN,1404,0779,062133,2,8,002754,2,9,32799,32768,00000,00000
BCN,1405,0863,062133,2,8,002754,2,9,32799,32768,00000,00000
BCN,1406,0787,062133,2,8,002754,2,9,32799,32768,00000,00000
BCN,1407,0784,062133,2,8,002754,2,9,32799,32768,00000,00000
BCN,1408,0779,062133,2,8,002754,2,9,32799,32768,00000,00000
BCN,1409,0781,064038,2,8,002683,2,9,32800,32768,00000,00000
BCN,1410,0782,064038,2,8,002683,2,9,32800,32768,00000,00000
BCN,1411,0863,064038,2,8,002683,2,9,32800,32768,00000,00000
BCN,1412,0863,064038,2,8,002683,2,9,32800,32768,00000,00000
BCN,1413,0863,064038,2,8,002683,2,9,32800,32768,00000,00000
BCN,1414,0780,064038,2,8,002683,2,9,32800,32768,00000,00000
BCN,1415,0863,064103,2,8,002529,2,8,32800,32768,00000,00000
BCN,1416,0864,064103,2,8,002529,2,8,32800,32768,00000,00000
BCN,1417,0863,064103,2,8,002529,2,8,32800,32768,00000,00000
BCN,1418,0779,064103,2,8,002529,2,8,32800,32768,00000,00000
BCN,1419,0863,064103,2,8,002529,2,8,32800,32768,00000,00000
BCN,1420,0864,064103,2,8,002529,2,8,32800,32768,00000,00000
BCN,1421,0863,064025,2,8,002422,2,8,32799,32767,00000,00000
BCN,1422,0779,064025,2,8,002422,2,8,32799,32767,00000,00000
BCN,1423,0778,064025,2,8,002422,2,8,32799,32767,00000,00000
BCN,1424,0779,064025,2,8,002422,2,8,32799,32767,00000,00000
BCN,1425,0798,064025,2,8,002422,2,8,32799,32767,00000,00000
BCN,1426,0864,064025,2,8,002422,2,8,32799,32767,00000,00000
BCN,1427,0863,061769,2,8,002661,2,9,32800,32768,00000,00000
BCN,1428,0810,061769,2,8,002661,2,9,32800,32768,00000,00000
BCN,1429,0801,061769,2,8,002661,2,9,32800,32768,00000,00000
BCN,1430,0797,061769,2,8,002661,2,9,32800,32768,00000,00000
BCN,1431,0777,061769,2,8,002661,2,9,32800,32768,00000,00000
BCN,1432,0855,061769,2,8,002661,2,9,32800,32768,00000,00000
BCN,1433,0863,061769,2,8,002661,2,9,32800,32768,00000,00000
BCN,1434,0859,061795,2,8,002765,2,9,32800,32768,00000,00000
BCN,1435,0859,061795,2,8,002765,2,9,32800,32768,00000,00000
BCN,1436,0864,061795,2,8,002765,2,9,32800,32768,00000,00000
BCN,1437,0777,061795,2,8,002765,2,9,32800,32768,00000,00000
BCN,1438,0779,061795,2,8,002765,2,9,32800,32768,00000,00000
BCN,1439,0861,061795,2,8,002765,2,9,32800,32768,00000,00000
BCN,1440,0778,063817,2,8,002811,2,9,32799,32768,00000,00000
BCN,1441,0777,063817,2,8,002811,2,9,32799,32768,00000,00000
BCN,1442,0864,063817,2,8,002811,2,9,32799,32768,00000,00000
BCN,1443,0778,063817,2,8,002811,2,9,32799,32768,00000,00000
BCN,1444,0779,063817,2,8,002811,2,9,32799,32768,00000,00000
BCN,1445,0777,063817,2,8,002811,2,9,32799,32768,00000,00000
BCN,1446,0779,059695,2,8,002772,2,9,32799,32768,00000,00000
BCN,1447,0778,059695,2,8,002772,2,9,32799,32768,00000,00000
BCN,1448,0864,059695,2,8,002772,2,9,32799,32768,00000,00000
BCN,1449,0863,059695,2,8,002772,2,9,32799,32768,00000,00000
BCN,1450,0864,059695,2,8,002772,2,9,32799,32768,00000,00000
BCN,1451,0777,059695,2,8,002772,2,9,32799,32768,00000,00000
BCN,1452,0849,069974,2,9,002677,2,9,32800,32768,00000,00000
BCN,1453,0832,069974,2,9,002677,2,9,32800,32768,00000,00000
BCN,1454,0864,069974,2,9,002677,2,9,32800,32768,00000,00000
BCN,1455,0834,069974,2,9,002677,2,9,32800,32768,00000,00000
BCN,1456,0864,069974,2,9,002677,2,9,32800,32768,00000,00000
BCN,1457,0796,069974,2,9,002677,2,9,32800,32768,00000,00000
BCN,1458,0864,063791,2,8,002526,2,8,32800,32768,00000,00000
BCN,1459,0854,063791,2,8,002526,2,8,32800,32768,00000,00000
BCN,1460,0857,063791,2,8,002526,2,8,32800,32768,00000,00000
BCN,1461,0777,063791,2,8,002526,2,8,32800,32768,00000,00000
BCN,1462,0860,063791,2,8,002526,2,8,32800,32768,00000,00000
BCN,1463,0863,063791,2,8,002526,2,8,32800,32768,00000,00000
BCN,1464,0864,067822,2,9,002442,2,8,32800,32767,00000,00000
BCN,1465,0780,067822,2,9,002442,2,8,32800,32767,00000,00000
BCN,1466,0781,067822,2,9,002442,2,8,32800,32767,00000,00000
BCN,1467,0779,067822,2,9,002442,2,8,32800,32767,00000,00000
BCN,1468,0779,067822,2,9,002442,2,8,32800,32767,00000,00000
BCN,1469,0862,067822,2,9,002442,2,8,32800,32767,00000,00000
BCN,1470,0864,067822,2,9,002442,2,8,32800,32767,00000,00000
BCN,1471,0862,061730,2,8,002671,2,9,32800,32768,00000,00000
BCN,1472,0864,061730,2,8,002671,2,9,32800,32768,00000,00000
BCN,1473,0863,061730,2,8,002671,2,9,32800,32768,00000,00000
BCN,1474,0779,061730,2,8,002671,2,9,32800,32768,00000,00000
BCN,1475,0778,061730,2,8,002671,2,9,32800,32768,00000,00000
BCN,1476,0864,061730,2,8,002671,2,9,32800,32768,00000,00000
BCN,1477,0778,063778,2,8,002759,2,9,32799,32768,00000,00000
BCN,1478,0779,063778,2,8,002759,2,9,32799,32768,00000,00000
BCN,1479,0862,063778,2,8,002759,2,9,32799,32768,00000,00000
BCN,1480,0779,063778,2,8,002759,2,9,32799,32768,00000,00000
BCN,1481,0778,063778,2,8,002759,2,9,32799,32768,00000,00000
BCN,1482,0832,063778,2,8,002759,2,9,32799,32768,00000,00000
BCN,1483,0778,061808,2,8,002788,2,9,32799,32768,00000,00000
BCN,1484,0779,061808,2,8,002788,2,9,32799,32768,00000,00000
BCN,1485,0863,061808,2,8,002788,2,9,32799,32768,00000,00000
BCN,1486,0792,061808,2,8,002788,2,9,32799,32768,00000,00000
BCN,1487,0788,061808,2,8,002788,2,9,32799,32768,00000,00000
BCN,1488,0779,061808,2,8,002788,2,9,32799,32768,00000,00000
BCN,1489,0784,070026,2,9,002783,2,9,32800,32768,00000,00000
BCN,1490,0784,070026,2,9,002783,2,9,32800,32768,00000,00000
BCN,1491,0863,070026,2,9,002783,2,9,32800,32768,00000,00000
BCN,1492,0862,070026,2,9,002783,2,9,32800,32768,00000,00000
BCN,1493,0862,070026,2,9,002783,2,9,32800,32768,00000,00000
BCN,1494,0781,070026,2,9,002783,2,9,32800,32768,00000,00000
BCN,1495,0863,065956,2,9,002721,2,9,32800,32768,00000,00000
BCN,1496,0863,065956,2,9,002721,2,9,32800,32768,00000,00000
BCN,1497,0862,065956,2,9,002721,2,9,32800,32768,00000,00000
BCN,1498,0779,065956,2,9,002721,2,9,32800,32768,00000,00000
BCN,1499,0862,065956,2,9,002721,2,9,32800,32768,00000,00000
BCN,1500,0863,065956,2,9,002721,2,9,32800,32768,00000,00000
BCN,1501,0863,064025,2,8,002595,2,9,32800,32768,00000,00000
BCN,1502,0779,064025,2,8,002595,2,9,32800,32768,00000,00000
BCN,1503,0778,064025,2,8,002595,2,9,32800,32768,00000,00000
BCN,1504,0779,064025,2,8,002595,2,9,32800,32768,00000,00000
BCN,1505,0777,064025,2,8,002595,2,9,32800,32768,00000,00000
BCN,1506,0864,064025,2,8,002595,2,9,32800,32768,00000,00000
BCN,1507,0862,064025,2,8,002595,2,9,32800,32768,00000,00000
BCN,1508,0835,060033,2,8,002425,2,8,32799,32768,00000,00000
BCN,1509,0821,060033,2,8,002425,2,8,32799,32768,00000,00000
BCN,1510,0812,060033,2,8,002425,2,8,32799,32768,00000,00000
BCN,1511,0777,060033,2,8,002425,2,8,32799,32768,00000,00000
BCN,1512,0846,060033,2,8,002425,2,8,32799,32768,00000,00000
BCN,1513,0862,060033,2,8,002425,2,8,32799,32768,00000,00000
BCN,1514,0853,063999,2,8,002541,2,9,32800,32767,00000,00000
BCN,1515,0854,063999,2,8,002541,2,9,32800,32767,00000,00000
BCN,1516,0863,063999,2,8,002541,2,9,32800,32767,00000,00000
BCN,1517,0777,063999,2,8,002541,2,9,32800,32767,00000,00000
BCN,1518,0778,063999,2,8,002541,2,9,32800,32767,00000,00000
BCN,1519,0860,063999,2,8,002541,2,9,32800,32767,00000,00000
BCN,1520,0778,066216,2,9,002662,2,9,32800,32768,00000,00000
BCN,1521,0777,066216,2,9,002662,2,9,32800,32768,00000,00000
BCN,1522,0863,066216,2,9,002662,2,9,32800,32768,00000,00000
BCN,1523,0778,066216,2,9,002662,2,9,32800,32768,00000,00000
BCN,1524,0779,066216,2,9,002662,2,9,32800,32768,00000,00000
BCN,1525,0777,066216,2,9,002662,2,9,32800,32768,00000,00000
BCN,1526,0779,060150,2,8,002783,2,9,32799,32768,00000,00000
BCN,1527,0778,060150,2,8,002783,2,9,32799,32768,00000,00000
BCN,1528,0864,060150,2,8,002783,2,9,32799,32768,00000,00000
BCN,1529,0862,060150,2,8,002783,2,9,32799,32768,00000,00000
BCN,1530,0864,060150,2,8,002783,2,9,32799,32768,00000,00000
BCN,1531,0777,060150,2,8,002783,2,9,32799,32768,00000,00000
BCN,1532,0864,064090,2,8,002801,2,9,32800,32768,00000,00000
BCN,1533,0863,064090,2,8,002801,2,9,32800,32768,00000,00000
BCN,1534,0864,064090,2,8,002801,2,9,32800,32768,00000,00000
BCN,1535,0797,064090,2,8,002801,2,9,32800,32768,00000,00000
BCN,1536,0864,064090,2,8,002801,2,9,32800,32768,00000,00000
BCN,1537,0820,064090,2,8,002801,2,9,32800,32768,00000,00000
BCN,1538,0865,066281,2,9,002758,2,9,32800,32768,00000,00000
BCN,1539,0842,066281,2,9,002758,2,9,32800,32768,00000,00000
BCN,1540,0848,066281,2,9,002758,2,9,32800,32768,00000,00000
BCN,1541,0777,066281,2,9,002758,2,9,32800,32768,00000,00000
BCN,1542,0856,066281,2,9,002758,2,9,32800,32768,00000,00000
BCN,1543,0865,066281,2,9,002758,2,9,32800,32768,00000,00000
BCN,1544,0866,066281,2,9,002758,2,9,32800,32768,00000,00000
BCN,1545,0782,062159,2,8,002723,2,9,32799,32768,00000,00000
BCN,1546,0781,062159,2,8,002723,2,9,32799,32768,00000,00000
BCN,1547,0779,062159,2,8,002723,2,9,32799,32768,00000,00000
BCN,1548,0777,062159,2,8,002723,2,9,32799,32768,00000,00000
BCN,1549,0862,062159,2,8,002723,2,9,32799,32768,00000,00000
BCN,1550,0866,062159,2,8,002723,2,9,32799,32768,00000,00000
BCN,1551,0863,064051,2,8,002599,2,8,32800,32768,00000,00000
BCN,1552,0865,064051,2,8,002599,2,8,32800,32768,00000,00000
BCN,1553,0865,064051,2,8,002599,2,8,32800,32768,00000,00000
BCN,1554,0776,064051,2,8,002599,2,8,32800,32768,00000,00000
BCN,1555,0775,064051,2,8,002599,2,8,32800,32768,00000,00000
BCN,1556,0865,064051,2,8,002599,2,8,32800,32768,00000,00000
BCN,1557,0775,064116,2,8,002561,2,8,32800,32767,00000,00000
BCN,1558,0777,064116,2,8,002561,2,8,32800,32767,00000,00000
BCN,1559,0864,064116,2,8,002561,2,8,32800,32767,00000,00000
BCN,1560,0777,064116,2,8,002561,2,8,32800,32767,00000,00000
BCN,1561,0776,064116,2,8,002561,2,8,32800,32767,00000,00000
BCN,1562,0796,064116,2,8,002561,2,8,32800,32767,00000,00000
BCN,1563,0776,064025,2,8,002765,2,9,32799,32768,00000,00000
BCN,1564,0777,064025,2,8,002765,2,9,32799,32768,00000,00000
BCN,1565,0865,064025,2,8,002765,2,9,32799,32768,00000,00000
BCN,1566,0805,064025,2,8,002765,2,9,32799,32768,00000,00000
BCN,1567,0797,064025,2,8,002765,2,9,32799,32768,00000,00000
BCN,1568,0777,064025,2,8,002765,2,9,32799,32768,00000,00000
BCN,1569,0788,061769,2,8,002898,2,9,32800,32768,00000,00000
BCN,1570,0787,061769,2,8,002898,2,9,32800,32768,00000,00000
BCN,1571,0866,061769,2,8,002898,2,9,32800,32768,00000,00000
BCN,1572,0863,061769,2,8,002898,2,9,32800,32768,00000,00000
BCN,1573,0866,061769,2,8,002898,2,9,32800,32768,00000,00000
BCN,1574,0780,061769,2,8,002898,2,9,32800,32768,00000,00000
BCN,1575,0867,061795,2,8,002962,2,9,32800,32768,00000,00000
BCN,1576,0866,061795,2,8,002962,2,9,32800,32768,00000,00000
BCN,1577,0866,061795,2,8,002962,2,9,32800,32768,00000,00000
BCN,1578,0777,061795,2,8,002962,2,9,32800,32768,00000,00000
BCN,1579,0866,061795,2,8,002962,2,9,32800,32768,00000,00000
BCN,1580,0868,061795,2,8,002962,2,9,32800,32768,00000,00000
BCN,1581,0867,061795,2,8,002962,2,9,32800,32768,00000,00000
BCN,1582,0778,063830,2,8,002925,2,9,32799,32768,00000,00000
BCN,1583,0776,063830,2,8,002925,2,9,32799,32768,00000,00000
BCN,1584,0778,063830,2,8,002925,2,9,32799,32768,00000,00000
BCN,1585,0776,063830,2,8,002925,2,9,32799,32768,00000,00000
BCN,1586,0869,063830,2,8,002925,2,9,32799,32768,00000,00000
BCN,1587,0868,063830,2,8,002925,2,9,32799,32768,00000,00000
BCN,1588,0869,061626,2,8,002826,2,9,32800,32768,00000,00000
BCN,1589,0856,061626,2,8,002826,2,9,32800,32768,00000,00000
BCN,1590,0839,061626,2,8,002826,2,9,32800,32768,00000,00000
BCN,1591,0776,061626,2,8,002826,2,9,32800,32768,00000,00000
BCN,1592,0837,061626,2,8,002826,2,9,32800,32768,00000,00000
BCN,1593,0868,061626,2,8,002826,2,9,32800,32768,00000,00000
BCN,1594,0851,063830,2,8,002661,2,8,32800,32768,00000,00000
BCN,1595,0855,063830,2,8,002661,2,8,32800,32768,00000,00000
BCN,1596,0869,063830,2,8,002661,2,8,32800,32768,00000,00000
BCN,1597,0776,063830,2,8,002661,2,8,32800,32768,00000,00000
BCN,1598,0778,063830,2,8,002661,2,8,32800,32768,00000,00000
BCN,1599,0864,063830,2,8,002661,2,8,32800,32768,00000,00000
BCN,1600,0778,063817,2,8,002707,2,8,32799,32767,00000,00000
BCN,1601,0776,063817,2,8,002707,2,8,32799,32767,00000,00000
BCN,1602,0870,063817,2,8,002707,2,8,32799,32767,00000,00000
BCN,1603,0778,063817,2,8,002707,2,8,32799,32767,00000,00000
BCN,1604,0779,063817,2,8,002707,2,8,32799,32767,00000,00000
BCN,1605,0776,063817,2,8,002707,2,8,32799,32767,00000,00000
BCN,1606,0779,061613,2,8,002884,2,9,32800,32768,00000,00000
BCN,1607,0777,061613,2,8,002884,2,9,32800,32768,00000,00000
BCN,1608,0871,061613,2,8,002884,2,9,32800,32768,00000,00000
BCN,1609,0869,061613,2,8,002884,2,9,32800,32768,00000,00000
BCN,1610,0871,061613,2,8,002884,2,9,32800,32768,00000,00000
BCN,1611,0777,061613,2,8,002884,2,9,32800,32768,00000,00000
BCN,1612,0871,063830,2,8,003021,2,9,32800,32768,00000,00000
BCN,1613,0869,063830,2,8,003021,2,9,32800,32768,00000,00000
BCN,1614,0871,063830,2,8,003021,2,9,32800,32768,00000,00000
BCN,1615,0776,063830,2,8,003021,2,9,32800,32768,00000,00000
BCN,1616,0871,063830,2,8,003021,2,9,32800,32768,00000,00000
BCN,1617,0835,063830,2,8,003021,2,9,32800,32768,00000,00000
BCN,1618,0871,063830,2,8,003021,2,9,32800,32768,00000,00000
BCN,1619,0839,063804,2,8,003041,2,9,32799,32768,00000,00000
BCN,1620,0848,063804,2,8,003041,2,9,32799,32768,00000,00000
BCN,1621,0776,063804,2,8,003041,2,9,32799,32768,00000,00000
BCN,1622,0858,063804,2,8,003041,2,9,32799,32768,00000,00000
BCN,1623,0870,063804,2,8,003041,2,9,32799,32768,00000,00000
BCN,1624,0871,063804,2,8,003041,2,9,32799,32768,00000,00000
BCN,1625,0783,061613,2,8,002986,2,9,32800,32768,00000,00000
BCN,1626,0783,061613,2,8,002986,2,9,32800,32768,00000,00000
BCN,1627,0781,061613,2,8,002986,2,9,32800,32768,00000,00000
BCN,1628,0777,061613,2,8,002986,2,9,32800,32768,00000,00000
BCN,1629,0868,061613,2,8,002986,2,9,32800,32768,00000,00000
BCN,1630,0871,061613,2,8,002986,2,9,32800,32768,00000,00000
BCN,1631,0869,063817,2,8,002847,2,9,32800,32768,00000,00000
BCN,1632,0870,063817,2,8,002847,2,9,32800,32768,00000,00000
BCN,1633,0870,063817,2,8,002847,2,9,32800,32768,00000,00000
BCN,1634,0777,063817,2,8,002847,2,9,32800,32768,00000,00000
BCN,1635,0776,063817,2,8,002847,2,9,32800,32768,00000,00000
BCN,1636,0870,063817,2,8,002847,2,9,32800,32768,00000,00000
BCN,1637,0776,063804,2,8,002646,2,8,32799,32768,00000,00000
BCN,1638,0777,063804,2,8,002646,2,8,32799,32768,00000,00000
BCN,1639,0869,063804,2,8,002646,2,8,32799,32768,00000,00000
BCN,1640,0778,063804,2,8,002646,2,8,32799,32768,00000,00000
BCN,1641,0776,063804,2,8,002646,2,8,32799,32768,00000,00000
BCN,1642,0777,063804,2,8,002646,2,8,32799,32768,00000,00000
BCN,1643,0776,061613,2,8,002800,2,9,32800,32767,00000,00000
BCN,1644,0777,061613,2,8,002800,2,9,32800,32767,00000,00000
BCN,1645,0869,061613,2,8,002800,2,9,32800,32767,00000,00000
BCN,1646,0812,061613,2,8,002800,2,9,32800,32767,00000,00000
BCN,1647,0803,061613,2,8,002800,2,9,32800,32767,00000,00000
BCN,1648,0777,061613,2,8,002800,2,9,32800,32767,00000,00000
BCN,1649,0792,063817,2,8,002894,2,9,32800,32768,00000,00000
BCN,1650,0789,063817,2,8,002894,2,9,32800,32768,00000,00000
BCN,1651,0868,063817,2,8,002894,2,9,32800,32768,00000,00000
BCN,1652,0863,063817,2,8,002894,2,9,32800,32768,00000,00000
BCN,1653,0868,063817,2,8,002894,2,9,32800,32768,00000,00000
BCN,1654,0782,063817,2,8,002894,2,9,32800,32768,00000,00000
BCN,1655,0867,063817,2,8,002894,2,9,32800,32768,00000,00000
BCN,1656,0866,063804,2,8,003020,2,9,32799,32768,00000,00000
BCN,1657,0865,063804,2,8,003020,2,9,32799,32768,00000,00000
BCN,1658,0777,063804,2,8,003020,2,9,32799,32768,00000,00000
BCN,1659,0865,063804,2,8,003020,2,9,32799,32768,00000,00000
BCN,1660,0867,063804,2,8,003020,2,9,32799,32768,00000,00000
BCN,1661,0866,063804,2,8,003020,2,9,32799,32768,00000,00000
BCN,1662,0777,061613,2,8,002973,2,9,32800,32768,00000,00000
BCN,1663,0776,061613,2,8,002973,2,9,32800,32768,00000,00000
BCN,1664,0777,061613,2,8,002973,2,9,32800,32768,00000,00000
BCN,1665,0776,061613,2,8,002973,2,9,32800,32768,00000,00000
BCN,1666,0865,061613,2,8,002973,2,9,32800,32768,00000,00000
BCN,1667,0864,061613,2,8,002973,2,9,32800,32768,00000,00000
BCN,1668,0865,061678,2,8,002870,2,9,32800,32768,00000,00000
BCN,1669,0864,061678,2,8,002870,2,9,32800,32768,00000,00000
BCN,1670,0856,061678,2,8,002870,2,9,32800,32768,00000,00000
BCN,1671,0776,061678,2,8,002870,2,9,32800,32768,00000,00000
BCN,1672,0824,061678,2,8,002870,2,9,32800,32768,00000,00000
BCN,1673,0864,061678,2,8,002870,2,9,32800,32768,00000,00000
BCN,1674,0841,063726,2,8,002692,2,9,32799,32768,00000,00000
BCN,1675,0846,063726,2,8,002692,2,9,32799,32768,00000,00000
BCN,1676,0865,063726,2,8,002692,2,9,32799,32768,00000,00000
BCN,1677,0776,063726,2,8,002692,2,9,32799,32768,00000,00000
BCN,1678,0777,063726,2,8,002692,2,9,32799,32768,00000,00000
BCN,1679,0857,063726,2,8,002692,2,9,32799,32768,00000,00000
BCN,1680,0777,059630,2,8,002505,2,8,32799,32768,00000,00000
BCN,1681,0776,059630,2,8,002505,2,8,32799,32768,00000,00000
BCN,1682,0865,059630,2,8,002505,2,8,32799,32768,00000,00000
BCN,1683,0779,059630,2,8,002505,2,8,32799,32768,00000,00000
BCN,1684,0780,059630,2,8,002505,2,8,32799,32768,00000,00000
BCN,1685,0776,059630,2,8,002505,2,8,32799,32768,00000,00000
BCN,1686,0779,069935,2,9,002641,2,9,32800,32767,00000,00000
BCN,1687,0778,069935,2,9,002641,2,9,32800,32767,00000,00000
BCN,1688,0864,069935,2,9,002641,2,9,32800,32767,00000,00000
BCN,1689,0863,069935,2,9,002641,2,9,32800,32767,00000,00000
BCN,1690,0864,069935,2,9,002641,2,9,32800,32767,00000,00000
BCN,1691,0777,069935,2,9,002641,2,9,32800,32767,00000,00000
BCN,1692,0865,069935,2,9,002641,2,9,32800,32767,00000,00000
BCN,1693,0863,063752,2,8,002669,2,9,32800,32768,00000,00000
BCN,1694,0865,063752,2,8,002669,2,9,32800,32768,00000,00000
BCN,1695,0778,063752,2,8,002669,2,9,32800,32768,00000,00000
BCN,1696,0866,063752,2,8,002669,2,9,32800,32768,00000,00000
BCN,1697,0865,063752,2,8,002669,2,9,32800,32768,00000,00000
BCN,1698,0867,063752,2,8,002669,2,9,32800,32768,00000,00000
BCN,1699,0816,065852,2,9,002821,2,9,32800,32768,00000,00000
BCN,1700,0830,065852,2,9,002821,2,9,32800,32768,00000,00000
BCN,1701,0779,065852,2,9,002821,2,9,32800,32768,00000,00000
BCN,1702,0846,065852,2,9,002821,2,9,32800,32768,00000,00000
BCN,1703,0867,065852,2,9,002821,2,9,32800,32768,00000,00000
BCN,1704,0868,065852,2,9,002821,2,9,32800,32768,00000,00000
BCN,1705,0791,059864,2,8,002881,2,9,32799,32768,00000,00000
BCN,1706,0790,059864,2,8,002881,2,9,32799,32768,00000,00000
BCN,1707,0786,059864,2,8,002881,2,9,32799,32768,00000,00000
BCN,1708,0780,059864,2,8,002881,2,9,32799,32768,00000,00000
BCN,1709,0863,059864,2,8,002881,2,9,32799,32768,00000,00000
BCN,1710,0867,059864,2,8,002881,2,9,32799,32768,00000,00000
BCN,1711,0863,066021,2,9,002807,2,9,32800,32768,00000,00000
BCN,1712,0865,066021,2,9,002807,2,9,32800,32768,00000,00000
BCN,1713,0865,066021,2,9,002807,2,9,32800,32768,00000,00000
BCN,1714,0779,066021,2,9,002807,2,9,32800,32768,00000,00000
BCN,1715,0778,066021,2,9,002807,2,9,32800,32768,00000,00000
BCN,1716,0865,066021,2,9,002807,2,9,32800,32768,00000,00000
BCN,1717,0777,066190,2,9,002690,2,9,32800,32768,00000,00000
BCN,1718,0778,066190,2,9,002690,2,9,32800,32768,00000,00000
BCN,1719,0864,066190,2,9,002690,2,9,32800,32768,00000,00000
BCN,1720,0779,066190,2,9,002690,2,9,32800,32768,00000,00000
BCN,1721,0778,066190,2,9,002690,2,9,32800,32768,00000,00000
BCN,1722,0778,066190,2,9,002690,2,9,32800,32768,00000,00000
BCN,1723,0778,060124,2,8,002519,2,8,32799,32768,00000,00000
BCN,1724,0778,060124,2,8,002519,2,8,32799,32768,00000,00000
BCN,1725,0864,060124,2,8,002519,2,8,32799,32768,00000,00000
BCN,1726,0837,060124,2,8,002519,2,8,32799,32768,00000,00000
BCN,1727,0822,060124,2,8,002519,2,8,32799,32768,00000,00000
BCN,1728,0778,060124,2,8,002519,2,8,32799,32768,00000,00000
BCN,1729,0803,060124,2,8,002519,2,8,32799,32768,00000,00000
BCN,1730,0798,064077,2,8,002541,2,8,32800,32767,00000,00000
BCN,1731,0864,064077,2,8,002541,2,8,32800,32767,00000,00000
BCN,1732,0854,064077,2,8,002541,2,8,32800,32767,00000,00000
BCN,1733,0863,064077,2,8,002541,2,8,32800,32767,00000,00000
BCN,1734,0785,064077,2,8,002541,2,8,32800,32767,00000,00000
BCN,1735,0864,064077,2,8,002541,2,8,32800,32767,00000,00000
BCN,1736,0861,066268,2,9,002709,2,9,32800,32768,00000,00000
BCN,1737,0861,066268,2,9,002709,2,9,32800,32768,00000,00000
BCN,1738,0778,066268,2,9,002709,2,9,32800,32768,00000,00000
BCN,1739,0862,066268,2,9,002709,2,9,32800,32768,00000,00000
BCN,1740,0865,066268,2,9,002709,2,9,32800,32768,00000,00000
BCN,1741,0864,066268,2,9,002709,2,9,32800,32768,00000,00000
BCN,1742,0779,062146,2,8,002842,2,9,32799,32768,00000,00000
BCN,1743,0777,062146,2,8,002842,2,9,32799,32768,00000,00000
BCN,1744,0778,062146,2,8,002842,2,9,32799,32768,00000,00000
BCN,1745,0777,062146,2,8,002842,2,9,32799,32768,00000,00000
BCN,1746,0864,062146,2,8,002842,2,9,32799,32768,00000,00000
BCN,1747,0864,062146,2,8,002842,2,9,32799,32768,00000,00000
BCN,1748,0864,064051,2,8,002856,2,9,32800,32768,00000,00000
BCN,1749,0864,064051,2,8,002856,2,9,32800,32768,00000,00000
BCN,1750,0864,064051,2,8,002856,2,9,32800,32768,00000,00000
BCN,1751,0776,064051,2,8,002856,2,9,32800,32768,00000,00000
BCN,1752,0797,064051,2,8,002856,2,9,32800,32768,00000,00000
BCN,1753,0863,064051,2,8,002856,2,9,32800,32768,00000,00000
BCN,1754,0822,066255,2,9,002789,2,9,32800,32768,00000,00000
BCN,1755,0831,066255,2,9,002789,2,9,32800,32768,00000,00000
BCN,1756,0864,066255,2,9,002789,2,9,32800,32768,00000,00000
BCN,1757,0777,066255,2,9,002789,2,9,32800,32768,00000,00000
BCN,1758,0778,066255,2,9,002789,2,9,32800,32768,00000,00000
BCN,1759,0852,066255,2,9,002789,2,9,32800,32768,00000,00000
BCN,1760,0778,062133,2,8,002670,2,9,32799,32768,00000,00000
BCN,1761,0777,062133,2,8,002670,2,9,32799,32768,00000,00000
BCN,1762,0863,062133,2,8,002670,2,9,32799,32768,00000,00000
BCN,1763,0782,062133,2,8,002670,2,9,32799,32768,00000,00000
BCN,1764,0782,062133,2,8,002670,2,9,32799,32768,00000,00000
BCN,1765,0778,062133,2,8,002670,2,9,32799,32768,00000,00000
BCN,1766,0781,062133,2,8,002670,2,9,32799,32768,00000,00000
BCN,1767,0780,064038,2,8,002468,2,8,32800,32768,00000,00000
BCN,1768,0864,064038,2,8,002468,2,8,32800,32768,00000,00000
BCN,1769,0863,064038,2,8,002468,2,8,32800,32768,00000,00000
BCN,1770,0864,064038,2,8,002468,2,8,32800,32768,00000,00000
BCN,1771,0780,064038,2,8,002468,2,8,32800,32768,00000,00000
BCN,1772,0865,064038,2,8,002468,2,8,32800,32768,00000,00000
BCN,1773,0865,066255,2,9,002492,2,8,32800,32767,00000,00000
BCN,1774,0865,066255,2,9,002492,2,8,32800,32767,00000,00000
BCN,1775,0781,066255,2,9,002492,2,8,32800,32767,00000,00000
BCN,1776,0866,066255,2,9,002492,2,8,32800,32767,00000,00000
BCN,1777,0866,066255,2,9,002492,2,8,32800,32767,00000,00000
BCN,1778,0867,066255,2,9,002492,2,8,32800,32767,00000,00000
BCN,1779,0783,064090,2,8,002636,2,9,32799,32768,00000,00000
BCN,1780,0808,064090,2,8,002636,2,9,32799,32768,00000,00000
BCN,1781,0784,064090,2,8,002636,2,9,32799,32768,00000,00000
BCN,1782,0833,064090,2,8,002636,2,9,32799,32768,00000,00000
BCN,1783,0868,064090,2,8,002636,2,9,32799,32768,00000,00000
BCN,1784,0869,064090,2,8,002636,2,9,32799,32768,00000,00000
BCN,1785,0802,057764,2,8,002743,2,9,32799,32768,00000,00000
BCN,1786,0799,057764,2,8,002743,2,9,32799,32768,00000,00000
BCN,1787,0796,057764,2,8,002743,2,9,32799,32768,00000,00000
BCN,1788,0785,057764,2,8,002743,2,9,32799,32768,00000,00000
BCN,1789,0863,057764,2,8,002743,2,9,32799,32768,00000,00000
BCN,1790,0869,057764,2,8,002743,2,9,32799,32768,00000,00000
BCN,1791,0866,061821,2,8,002765,2,9,32800,32768,00000,00000
BCN,1792,0867,061821,2,8,002765,2,9,32800,32768,00000,00000
BCN,1793,0869,061821,2,8,002765,2,9,32800,32768,00000,00000
BCN,1794,0786,061821,2,8,002765,2,9,32800,32768,00000,00000
BCN,1795,0785,061821,2,8,002765,2,9,32800,32768,00000,00000
BCN,1796,0868,061821,2,8,002765,2,9,32800,32768,00000,00000
BCN,1797,0785,063986,2,8,002711,2,9,32800,32768,00000,00000
BCN,1798,0786,063986,2,8,002711,2,9,32800,32768,00000,00000
BCN,1799,0869,063986,2,8,002711,2,9,32800,32768,00000,00000
BCN,1800,0786,063986,2,8,002711,2,9,32800,32768,00000,00000
BCN,1801,0785,063986,2,8,002711,2,9,32800,32768,00000,00000
BCN,1802,0785,063986,2,8,002711,2,9,32800,32768,00000,00000
BCN,1803,0785,063986,2,8,002711,2,9,32800,32768,00000,00000
BCN,1804,0785,063921,2,8,002629,2,9,32799,32768,00000,00000
BCN,1805,0890,063921,2,8,002629,2,9,32799,32768,00000,00000
BCN,1806,0868,063921,2,8,002629,2,9,32799,32768,00000,00000
BCN,1807,0859,063921,2,8,002629,2,9,32799,32768,00000,00000
BCN,1808,0783,063921,2,8,002629,2,9,32799,32768,00000,00000
BCN,1809,0851,063921,2,8,002629,2,9,32799,32768,00000,00000
BCN,1810,0816,059786,2,8,002518,2,8,32799,32768,00000,00000
BCN,1811,0864,059786,2,8,002518,2,8,32799,32768,00000,00000
BCN,1812,0846,059786,2,8,002518,2,8,32799,32768,00000,00000
BCN,1813,0863,059786,2,8,002518,2,8,32799,32768,00000,00000
BCN,1814,0791,059786,2,8,002518,2,8,32799,32768,00000,00000
BCN,1815,0862,059786,2,8,002518,2,8,32799,32768,00000,00000
BCN,1816,0857,070039,2,9,002285,2,8,32800,32767,00000,00000
BCN,1817,0857,070039,2,9,002285,2,8,32800,32767,00000,00000
BCN,1818,0778,070039,2,9,002285,2,8,32800,32767,00000,00000
BCN,1819,0859,070039,2,9,002285,2,8,32800,32767,00000,00000
BCN,1820,0862,070039,2,9,002285,2,8,32800,32767,00000,00000
BCN,1821,0861,070039,2,9,002285,2,8,32800,32767,00000,00000
BCN,1822,0779,063830,2,8,002623,2,9,32800,32768,00000,00000
BCN,1823,0778,063830,2,8,002623,2,9,32800,32768,00000,00000
BCN,1824,0778,063830,2,8,002623,2,9,32800,32768,00000,00000
BCN,1825,0777,063830,2,8,002623,2,9,32800,32768,00000,00000
BCN,1826,0862,063830,2,8,002623,2,9,32800,32768,00000,00000
BCN,1827,0862,063830,2,8,002623,2,9,32800,32768,00000,00000
BCN,1828,0862,063960,2,8,002738,2,9,32800,32768,00000,00000
BCN,1829,0861,063960,2,8,002738,2,9,32800,32768,00000,00000
BCN,1830,0862,063960,2,8,002738,2,9,32800,32768,00000,00000
BCN,1831,0777,063960,2,8,002738,2,9,32800,32768,00000,00000
BCN,1832,0777,063960,2,8,002738,2,9,32800,32768,00000,00000
BCN,1833,0862,063960,2,8,002738,2,9,32800,32768,00000,00000
BCN,1834,0784,059994,2,8,002779,2,9,32799,32768,00000,00000
BCN,1835,0803,059994,2,8,002779,2,9,32799,32768,00000,00000
BCN,1836,0862,059994,2,8,002779,2,9,32799,32768,00000,00000
BCN,1837,0777,059994,2,8,002779,2,9,32799,32768,00000,00000
BCN,1838,0777,059994,2,8,002779,2,9,32799,32768,00000,00000
BCN,1839,0843,059994,2,8,002779,2,9,32799,32768,00000,00000
BCN,1840,0777,059994,2,8,002779,2,9,32799,32768,00000,00000
BCN,1841,0777,063973,2,8,002753,2,9,32800,32768,00000,00000
BCN,1842,0862,063973,2,8,002753,2,9,32800,32768,00000,00000
BCN,1843,0785,063973,2,8,002753,2,9,32800,32768,00000,00000
BCN,1844,0784,063973,2,8,002753,2,9,32800,32768,00000,00000
BCN,1845,0777,063973,2,8,002753,2,9,32800,32768,00000,00000
BCN,1846,0782,063973,2,8,002753,2,9,32800,32768,00000,00000
BCN,1847,0781,066190,2,9,002670,2,9,32800,32768,00000,00000
BCN,1848,0863,066190,2,9,002670,2,9,32800,32768,00000,00000
BCN,1849,0862,066190,2,9,002670,2,9,32800,32768,00000,00000
BCN,1850,0864,066190,2,9,002670,2,9,32800,32768,00000,00000
BCN,1851,0780,066190,2,9,002670,2,9,32800,32768,00000,00000
BCN,1852,0864,066190,2,9,002670,2,9,32800,32768,00000,00000
BCN,1853,0864,064051,2,8,002508,2,9,32799,32768,00000,00000
BCN,1854,0865,064051,2,8,002508,2,9,32799,32768,00000,00000
BCN,1855,0781,064051,2,8,002508,2,9,32799,32768,00000,00000
BCN,1856,0866,064051,2,8,002508,2,9,32799,32768,00000,00000
BCN,1857,0866,064051,2,8,002508,2,9,32799,32768,00000,00000
BCN,1858,0867,064051,2,8,002508,2,9,32799,32768,00000,00000
BCN,1859,0783,059877,2,8,002389,2,8,32799,32767,00000,00000
BCN,1860,0783,059877,2,8,002389,2,8,32799,32767,00000,00000
BCN,1861,0783,059877,2,8,002389,2,8,32799,32767,00000,00000
BCN,1862,0804,059877,2,8,002389,2,8,32799,32767,00000,00000
BCN,1863,0868,059877,2,8,002389,2,8,32799,32767,00000,00000
BCN,1864,0868,059877,2,8,002389,2,8,32799,32767,00000,00000
BCN,1865,0814,070104,2,9,002653,2,9,32800,32768,00000,00000
BCN,1866,0807,070104,2,9,002653,2,9,32800,32768,00000,00000
BCN,1867,0802,070104,2,9,002653,2,9,32800,32768,00000,00000
BCN,1868,0784,070104,2,9,002653,2,9,32800,32768,00000,00000
BCN,1869,0858,070104,2,9,002653,2,9,32800,32768,00000,00000
BCN,1870,0867,070104,2,9,002653,2,9,32800,32768,00000,00000
BCN,1871,0862,066021,2,9,002724,2,9,32800,32768,00000,00000
BCN,1872,0863,066021,2,9,002724,2,9,32800,32768,00000,00000
BCN,1873,0867,066021,2,9,002724,2,9,32800,32768,00000,00000
BCN,1874,0783,066021,2,9,002724,2,9,32800,32768,00000,00000
BCN,1875,0782,066021,2,9,002724,2,9,32800,32768,00000,00000
BCN,1876,0865,066021,2,9,002724,2,9,32800,32768,00000,00000
BCN,1877,0782,066021,2,9,002724,2,9,32800,32768,00000,00000
BCN,1878,0781,066203,2,9,002748,2,9,32800,32768,00000,00000
BCN,1879,0865,066203,2,9,002748,2,9,32800,32768,00000,00000
BCN,1880,0781,066203,2,9,002748,2,9,32800,32768,00000,00000
BCN,1881,0781,066203,2,9,002748,2,9,32800,32768,00000,00000
BCN,1882,0780,066203,2,9,002748,2,9,32800,32768,00000,00000
BCN,1883,0780,066203,2,9,002748,2,9,32800,32768,00000,00000
BCN,1884,0779,060124,2,8,002730,2,9,32799,32768,00000,00000
BCN,1885,0863,060124,2,8,002730,2,9,32799,32768,00000,00000
BCN,1886,0862,060124,2,8,002730,2,9,32799,32768,00000,00000
BCN,1887,0862,060124,2,8,002730,2,9,32799,32768,00000,00000
BCN,1888,0778,060124,2,8,002730,2,9,32799,32768,00000,00000
BCN,1889,0859,060124,2,8,002730,2,9,32799,32768,00000,00000
BCN,1890,0842,064077,2,8,002683,2,9,32800,32768,00000,00000
BCN,1891,0861,064077,2,8,002683,2,9,32800,32768,00000,00000
BCN,1892,0828,064077,2,8,002683,2,9,32800,32768,00000,00000
BCN,1893,0862,064077,2,8,002683,2,9,32800,32768,00000,00000
BCN,1894,0800,064077,2,8,002683,2,9,32800,32768,00000,00000
BCN,1895,0861,064077,2,8,002683,2,9,32800,32768,00000,00000
BCN,1896,0850,064129,2,8,002566,2,9,32800,32768,00000,00000
BCN,1897,0853,064129,2,8,002566,2,9,32800,32768,00000,00000
BCN,1898,0777,064129,2,8,002566,2,9,32800,32768,00000,00000
BCN,1899,0856,064129,2,8,002566,2,9,32800,32768,00000,00000
BCN,1900,0862,064129,2,8,002566,2,9,32800,32768,00000,00000
BCN,1901,0862,064129,2,8,002566,2,9,32800,32768,00000,00000
BCN,1902,0780,064038,2,8,002420,2,8,32799,32768,00000,00000
BCN,1903,0779,064038,2,8,002420,2,8,32799,32768,00000,00000
BCN,1904,0779,064038,2,8,002420,2,8,32799,32768,00000,00000
BCN,1905,0777,064038,2,8,002420,2,8,32799,32768,00000,00000
BCN,1906,0861,064038,2,8,002420,2,8,32799,32768,00000,00000
BCN,1907,0862,064038,2,8,002420,2,8,32799,32768,00000,00000
BCN,1908,0861,061782,2,8,002502,2,9,32800,32767,00000,00000
BCN,1909,0861,061782,2,8,002502,2,9,32800,32767,00000,00000
BCN,1910,0862,061782,2,8,002502,2,9,32800,32767,00000,00000
BCN,1911,0777,061782,2,8,002502,2,9,32800,32767,00000,00000
BCN,1912,0778,061782,2,8,002502,2,9,32800,32767,00000,00000
BCN,1913,0862,061782,2,8,002502,2,9,32800,32767,00000,00000
BCN,1914,0778,061782,2,8,002502,2,9,32800,32767,00000,00000
BCN,1915,0778,061795,2,8,002639,2,9,32800,32768,00000,00000
BCN,1916,0863,061795,2,8,002639,2,9,32800,32768,00000,00000
BCN,1917,0779,061795,2,8,002639,2,9,32800,32768,00000,00000
BCN,1918,0779,061795,2,8,002639,2,9,32800,32768,00000,00000
BCN,1919,0824,061795,2,8,002639,2,9,32800,32768,00000,00000
BCN,1920,0780,061795,2,8,002639,2,9,32800,32768,00000,00000
BCN,1921,0780,063830,2,8,002751,2,9,32799,32768,00000,00000
BCN,1922,0865,063830,2,8,002751,2,9,32799,32768,00000,00000
BCN,1923,0797,063830,2,8,002751,2,9,32799,32768,00000,00000
BCN,1924,0794,063830,2,8,002751,2,9,32799,32768,00000,00000
BCN,1925,0781,063830,2,8,002751,2,9,32799,32768,00000,00000
BCN,1926,0789,063830,2,8,002751,2,9,32799,32768,00000,00000
BCN,1927,0788,061847,2,8,002780,2,9,32799,32768,00000,00000
BCN,1928,0866,061847,2,8,002780,2,9,32799,32768,00000,00000
BCN,1929,0864,061847,2,8,002780,2,9,32799,32768,00000,00000
BCN,1930,0866,061847,2,8,002780,2,9,32799,32768,00000,00000
BCN,1931,0785,061847,2,8,002780,2,9,32799,32768,00000,00000
BCN,1932,0867,061847,2,8,002780,2,9,32799,32768,00000,00000
BCN,1933,0866,072204,2,9,002700,2,9,32800,32768,00000,00000
BCN,1934,0866,072204,2,9,002700,2,9,32800,32768,00000,00000
BCN,1935,0783,072204,2,9,002700,2,9,32800,32768,00000,00000
BCN,1936,0867,072204,2,9,002700,2,9,32800,32768,00000,00000
BCN,1937,0867,072204,2,9,002700,2,9,32800,32768,00000,00000
BCN,1938,0867,072204,2,9,002700,2,9,32800,32768,00000,00000
BCN,1939,0783,066047,2,9,002615,2,9,32800,32768,00000,00000
BCN,1940,0783,066047,2,9,002615,2,9,32800,32768,00000,00000
BCN,1941,0783,066047,2,9,002615,2,9,32800,32768,00000,00000
BCN,1942,0783,066047,2,9,002615,2,9,32800,32768,00000,00000
BCN,1943,0866,066047,2,9,002615,2,9,32800,32768,00000,00000
BCN,1944,0867,066047,2,9,002615,2,9,32800,32768,00000,00000
BCN,1945,0845,066216,2,9,002442,2,8,32800,32768,00000,00000
BCN,1946,0830,066216,2,9,002442,2,8,32800,32768,00000,00000
BCN,1947,0818,066216,2,9,002442,2,8,32800,32768,00000,00000
BCN,1948,0782,066216,2,9,002442,2,8,32800,32768,00000,00000
BCN,1949,0847,066216,2,9,002442,2,8,32800,32768,00000,00000
BCN,1950,0865,066216,2,9,002442,2,8,32800,32768,00000,00000
BCN,1951,0854,066216,2,9,002442,2,8,32800,32768,00000,00000
BCN,1952,0856,060150,2,8,002465,2,8,32799,32767,00000,00000
BCN,1953,0864,060150,2,8,002465,2,8,32799,32767,00000,00000
BCN,1954,0780,060150,2,8,002465,2,8,32799,32767,00000,00000
BCN,1955,0780,060150,2,8,002465,2,8,32799,32767,00000,00000
BCN,1956,0861,060150,2,8,002465,2,8,32799,32767,00000,00000
BCN,1957,0779,060150,2,8,002465,2,8,32799,32767,00000,00000
BCN,1958,0779,064090,2,8,002601,2,9,32800,32768,00000,00000
BCN,1959,0863,064090,2,8,002601,2,9,32800,32768,00000,00000
BCN,1960,0780,064090,2,8,002601,2,9,32800,32768,00000,00000
BCN,1961,0779,064090,2,8,002601,2,9,32800,32768,00000,00000
BCN,1962,0778,064090,2,8,002601,2,9,32800,32768,00000,00000
BCN,1963,0778,064090,2,8,002601,2,9,32800,32768,00000,00000
BCN,1964,0778,066281,2,9,002740,2,9,32800,32768,00000,00000
BCN,1965,0861,066281,2,9,002740,2,9,32800,32768,00000,00000
BCN,1966,0861,066281,2,9,002740,2,9,32800,32768,00000,00000
BCN,1967,0861,066281,2,9,002740,2,9,32800,32768,00000,00000
BCN,1968,0777,066281,2,9,002740,2,9,32800,32768,00000,00000
BCN,1969,0861,066281,2,9,002740,2,9,32800,32768,00000,00000
BCN,1970,0861,062159,2,8,002768,2,9,32799,32768,00000,00000
BCN,1971,0861,062159,2,8,002768,2,9,32799,32768,00000,00000
BCN,1972,0798,062159,2,8,002768,2,9,32799,32768,00000,00000
BCN,1973,0861,062159,2,8,002768,2,9,32799,32768,00000,00000
BCN,1974,0818,062159,2,8,002768,2,9,32799,32768,00000,00000
BCN,1975,0861,062159,2,8,002768,2,9,32799,32768,00000,00000
BCN,1976,0841,064051,2,8,002716,2,9,32800,32768,00000,00000
BCN,1977,0846,064051,2,8,002716,2,9,32800,32768,00000,00000
BCN,1978,0777,064051,2,8,002716,2,9,32800,32768,00000,00000
BCN,1979,0852,064051,2,8,002716,2,9,32800,32768,00000,00000
BCN,1980,0861,064051,2,8,002716,2,9,32800,32768,00000,00000
BCN,1981,0862,064051,2,8,002716,2,9,32800,32768,00000,00000
BCN,1982,0782,064116,2,8,002634,2,9,32800,32768,00000,00000
BCN,1983,0781,064116,2,8,002634,2,9,32800,32768,00000,00000
BCN,1984,0781,064116,2,8,002634,2,9,32800,32768,00000,00000
BCN,1985,0778,064116,2,8,002634,2,9,32800,32768,00000,00000
BCN,1986,0861,064116,2,8,002634,2,9,32800,32768,00000,00000
BCN,1987,0862,064116,2,8,002634,2,9,32800,32768,00000,00000
BCN,1988,0862,064116,2,8,002634,2,9,32800,32768,00000,00000
BCN,1989,0862,064025,2,8,002477,2,8,32799,32768,00000,00000
BCN,1990,0863,064025,2,8,002477,2,8,32799,32768,00000,00000
BCN,1991,0779,064025,2,8,002477,2,8,32799,32768,00000,00000
BCN,1992,0780,064025,2,8,002477,2,8,32799,32768,00000,00000
BCN,1993,0864,064025,2,8,002477,2,8,32799,32768,00000,00000
BCN,1994,0781,064025,2,8,002477,2,8,32799,32768,00000,00000
BCN,1995,0781,061769,2,8,002419,2,8,32800,32767,00000,00000
BCN,1996,0865,061769,2,8,002419,2,8,32800,32767,00000,00000
BCN,1997,0782,061769,2,8,002419,2,8,32800,32767,00000,00000
BCN,1998,0782,061769,2,8,002419,2,8,32800,32767,00000,00000
BCN,1999,0803,061769,2,8,002419,2,8,32800,32767,00000,00000
BCN,2000,0782,061769,2,8,002419,2,8,32800,32767,00000,00000
BCN,2001,0783,061795,2,8,002641,2,9,32800,32768,00000,00000
BCN,2002,0867,061795,2,8,002641,2,9,32800,32768,00000,00000
BCN,2003,0809,061795,2,8,002641,2,9,32800,32768,00000,00000
BCN,2004,0803,061795,2,8,002641,2,9,32800,32768,00000,00000
BCN,2005,0783,061795,2,8,002641,2,9,32800,32768,00000,00000
BCN,2006,0795,061795,2,8,002641,2,9,32800,32768,00000,00000
BCN,2007,0792,063830,2,8,002737,2,9,32799,32768,00000,00000
BCN,2008,0867,063830,2,8,002737,2,9,32799,32768,00000,00000
BCN,2009,0862,063830,2,8,002737,2,9,32799,32768,00000,00000
BCN,2010,0867,063830,2,8,002737,2,9,32799,32768,00000,00000
BCN,2011,0786,063830,2,8,002737,2,9,32799,32768,00000,00000
BCN,2012,0866,063830,2,8,002737,2,9,32799,32768,00000,00000
BCN,2013,0865,059708,2,8,002745,2,9,32799,32768,00000,00000
BCN,2014,0865,059708,2,8,002745,2,9,32799,32768,00000,00000
BCN,2015,0783,059708,2,8,002745,2,9,32799,32768,00000,00000
BCN,2016,0865,059708,2,8,002745,2,9,32799,32768,00000,00000
BCN,2017,0866,059708,2,8,002745,2,9,32799,32768,00000,00000
BCN,2018,0866,059708,2,8,002745,2,9,32799,32768,00000,00000
BCN,2019,0782,069987,2,9,002693,2,9,32800,32768,00000,00000
BCN,2020,0782,069987,2,9,002693,2,9,32800,32768,00000,00000
BCN,2021,0782,069987,2,9,002693,2,9,32800,32768,00000,00000
BCN,2022,0781,069987,2,9,002693,2,9,32800,32768,00000,00000
BCN,2023,0864,069987,2,9,002693,2,9,32800,32768,00000,00000
BCN,2024,0864,069987,2,9,002693,2,9,32800,32768,00000,00000
BCN,2025,0864,069987,2,9,002693,2,9,32800,32768,00000,00000
BCN,2026,0858,063791,2,8,002628,2,9,32800,32768,00000,00000
BCN,2027,0840,063791,2,8,002628,2,9,32800,32768,00000,00000
BCN,2028,0779,063791,2,8,002628,2,9,32800,32768,00000,00000
BCN,2029,0831,063791,2,8,002628,2,9,32800,32768,00000,00000
BCN,2030,0862,063791,2,8,002628,2,9,32800,32768,00000,00000
BCN,2031,0844,063791,2,8,002628,2,9,32800,32768,00000,00000
BCN,2032,0848,065878,2,9,002466,2,8,32800,32768,00000,00000
BCN,2033,0862,065878,2,9,002466,2,8,32800,32768,00000,00000
BCN,2034,0778,065878,2,9,002466,2,8,32800,32768,00000,00000
BCN,2035,0778,065878,2,9,002466,2,8,32800,32768,00000,00000
BCN,2036,0857,065878,2,9,002466,2,8,32800,32768,00000,00000
BCN,2037,0778,065878,2,9,002466,2,8,32800,32768,00000,00000
BCN,2038,0777,059890,2,8,002425,2,8,32799,32767,00000,00000
BCN,2039,0862,059890,2,8,002425,2,8,32799,32767,00000,00000
BCN,2040,0780,059890,2,8,002425,2,8,32799,32767,00000,00000
BCN,2041,0779,059890,2,8,002425,2,8,32799,32767,00000,00000
BCN,2042,0778,059890,2,8,002425,2,8,32799,32767,00000,00000
BCN,2043,0779,059890,2,8,002425,2,8,32799,32767,00000,00000
BCN,2044,0778,066034,2,9,002622,2,9,32800,32768,00000,00000
BCN,2045,0862,066034,2,9,002622,2,9,32800,32768,00000,00000
BCN,2046,0861,066034,2,9,002622,2,9,32800,32768,00000,00000
BCN,2047,0862,066034,2,9,002622,2,9,32800,32768,00000,00000
BCN,2048,0778,066034,2,9,002622,2,9,32800,32768,00000,00000
BCN,2049,0862,066034,2,9,002622,2,9,32800,32768,00000,00000
BCN,2050,0861,066203,2,9,002730,2,9,32800,32768,00000,00000
BCN,2051,0862,066203,2,9,002730,2,9,32800,32768,00000,00000
BCN,2052,0778,066203,2,9,002730,2,9,32800,32768,00000,00000
BCN,2053,0862,066203,2,9,002730,2,9,32800,32768,00000,00000
BCN,2054,0840,066203,2,9,002730,2,9,32800,32768,00000,00000
BCN,2055,0863,066203,2,9,002730,2,9,32800,32768,00000,00000
BCN,2056,0832,060137,2,8,002765,2,9,32799,32768,00000,00000
BCN,2057,0840,060137,2,8,002765,2,9,32799,32768,00000,00000
BCN,2058,0779,060137,2,8,002765,2,9,32799,32768,00000,00000
BCN,2059,0850,060137,2,8,002765,2,9,32799,32768,00000,00000
BCN,2060,0864,060137,2,8,002765,2,9,32799,32768,00000,00000
BCN,2061,0864,060137,2,8,002765,2,9,32799,32768,00000,00000
BCN,2062,0787,060137,2,8,002765,2,9,32799,32768,00000,00000
BCN,2063,0786,064077,2,8,002701,2,9,32800,32768,00000,00000
BCN,2064,0785,064077,2,8,002701,2,9,32800,32768,00000,00000
BCN,2065,0781,064077,2,8,002701,2,9,32800,32768,00000,00000
BCN,2066,0863,064077,2,8,002701,2,9,32800,32768,00000,00000
BCN,2067,0865,064077,2,8,002701,2,9,32800,32768,00000,00000
BCN,2068,0864,064077,2,8,002701,2,9,32800,32768,00000,00000
BCN,2069,0865,066281,2,9,002587,2,9,32800,32768,00000,00000
BCN,2070,0866,066281,2,9,002587,2,9,32800,32768,00000,00000
BCN,2071,0782,066281,2,9,002587,2,9,32800,32768,00000,00000
BCN,2072,0782,066281,2,9,002587,2,9,32800,32768,00000,00000
BCN,2073,0866,066281,2,9,002587,2,9,32800,32768,00000,00000
BCN,2074,0783,066281,2,9,002587,2,9,32800,32768,00000,00000
BCN,2075,0783,062159,2,8,002434,2,8,32799,32768,00000,00000
BCN,2076,0866,062159,2,8,002434,2,8,32799,32768,00000,00000
BCN,2077,0783,062159,2,8,002434,2,8,32799,32768,00000,00000
BCN,2078,0783,062159,2,8,002434,2,8,32799,32768,00000,00000
BCN,2079,0783,062159,2,8,002434,2,8,32799,32768,00000,00000
BCN,2080,0783,062159,2,8,002434,2,8,32799,32768,00000,00000
BCN,2081,0782,064051,2,8,002452,2,8,32800,32767,00000,00000
BCN,2082,0865,064051,2,8,002452,2,8,32800,32767,00000,00000
BCN,2083,0817,064051,2,8,002452,2,8,32800,32767,00000,00000
BCN,2084,0808,064051,2,8,002452,2,8,32800,32767,00000,00000
BCN,2085,0782,064051,2,8,002452,2,8,32800,32767,00000,00000
BCN,2086,0797,064051,2,8,002452,2,8,32800,32767,00000,00000
BCN,2087,0793,064116,2,8,002606,2,9,32800,32768,00000,00000
BCN,2088,0864,064116,2,8,002606,2,9,32800,32768,00000,00000
BCN,2089,0858,064116,2,8,002606,2,9,32800,32768,00000,00000
BCN,2090,0864,064116,2,8,002606,2,9,32800,32768,00000,00000
BCN,2091,0784,064116,2,8,002606,2,9,32800,32768,00000,00000
BCN,2092,0863,064116,2,8,002606,2,9,32800,32768,00000,00000
BCN,2093,0861,064025,2,8,002718,2,9,32799,32768,00000,00000
BCN,2094,0861,064025,2,8,002718,2,9,32799,32768,00000,00000
BCN,2095,0779,064025,2,8,002718,2,9,32799,32768,00000,00000
BCN,2096,0861,064025,2,8,002718,2,9,32799,32768,00000,00000
BCN,2097,0862,064025,2,8,002718,2,9,32799,32768,00000,00000
BCN,2098,0861,064025,2,8,002718,2,9,32799,32768,00000,00000
BCN,2099,0779,064025,2,8,002718,2,9,32799,32768,00000,00000
BCN,2100,0778,061769,2,8,002731,2,9,32800,32768,00000,00000
BCN,2101,0778,061769,2,8,002731,2,9,32800,32768,00000,00000
BCN,2102,0777,061769,2,8,002731,2,9,32800,32768,00000,00000
BCN,2103,0861,061769,2,8,002731,2,9,32800,32768,00000,00000
BCN,2104,0861,061769,2,8,002731,2,9,32800,32768,00000,00000
BCN,2105,0861,061769,2,8,002731,2,9,32800,32768,00000,00000
BCN,2106,0861,061795,2,8,002683,2,9,32800,32768,00000,00000
BCN,2107,0851,061795,2,8,002683,2,9,32800,32768,00000,00000
BCN,2108,0777,061795,2,8,002683,2,9,32800,32768,00000,00000
BCN,2109,0823,061795,2,8,002683,2,9,32800,32768,00000,00000
BCN,2110,0861,061795,2,8,002683,2,9,32800,32768,00000,00000
BCN,2111,0840,061795,2,8,002683,2,9,32800,32768,00000,00000
BCN,2112,0845,063817,2,8,002561,2,9,32799,32768,00000,00000
BCN,2113,0861,063817,2,8,002561,2,9,32799,32768,00000,00000
BCN,2114,0777,063817,2,8,002561,2,9,32799,32768,00000,00000
BCN,2115,0778,063817,2,8,002561,2,9,32799,32768,00000,00000
BCN,2116,0856,063817,2,8,002561,2,9,32799,32768,00000,00000
BCN,2117,0778,063817,2,8,002561,2,9,32799,32768,00000,00000
BCN,2118,0778,059708,2,8,002356,2,8,32799,32768,00000,00000
BCN,2119,0862,059708,2,8,002356,2,8,32799,32768,00000,00000
BCN,2120,0781,059708,2,8,002356,2,8,32799,32768,00000,00000
BCN,2121,0780,059708,2,8,002356,2,8,32799,32768,00000,00000
BCN,2122,0779,059708,2,8,002356,2,8,32799,32768,00000,00000
BCN,2123,0780,059708,2,8,002356,2,8,32799,32768,00000,00000
BCN,2124,0780,069987,2,9,002548,2,9,32800,32767,00000,00000
BCN,2125,0863,069987,2,9,002548,2,9,32800,32767,00000,00000
BCN,2126,0863,069987,2,9,002548,2,9,32800,32767,00000,00000
BCN,2127,0864,069987,2,9,002548,2,9,32800,32767,00000,00000
BCN,2128,0780,069987,2,9,002548,2,9,32800,32767,00000,00000
BCN,2129,0864,069987,2,9,002548,2,9,32800,32767,00000,00000
BCN,2130,0864,065917,2,9,002570,2,9,32800,32768,00000,00000
BCN,2131,0865,065917,2,9,002570,2,9,32800,32768,00000,00000
BCN,2132,0781,065917,2,9,002570,2,9,32800,32768,00000,00000
BCN,2133,0865,065917,2,9,002570,2,9,32800,32768,00000,00000
BCN,2134,0846,065917,2,9,002570,2,9,32800,32768,00000,00000
BCN,2135,0866,065917,2,9,002570,2,9,32800,32768,00000,00000
BCN,2136,0833,065917,2,9,002570,2,9,32800,32768,00000,00000
BCN,2137,0841,066125,2,9,002743,2,9,32800,32768,00000,00000
BCN,2138,0783,066125,2,9,002743,2,9,32800,32768,00000,00000
BCN,2139,0852,066125,2,9,002743,2,9,32800,32768,00000,00000
BCN,2140,0866,066125,2,9,002743,2,9,32800,32768,00000,00000
BCN,2141,0867,066125,2,9,002743,2,9,32800,32768,00000,00000
BCN,2142,0790,066125,2,9,002743,2,9,32800,32768,00000,00000
BCN,2143,0789,060072,2,8,002692,2,9,32799,32768,00000,00000
BCN,2144,0787,060072,2,8,002692,2,9,32799,32768,00000,00000
BCN,2145,0783,060072,2,8,002692,2,9,32799,32768,00000,00000
BCN,2146,0864,060072,2,8,002692,2,9,32799,32768,00000,00000
BCN,2147,0866,060072,2,8,002692,2,9,32799,32768,00000,00000
BCN,2148,0865,060072,2,8,002692,2,9,32799,32768,00000,00000
BCN,2149,0865,064038,2,8,002590,2,9,32800,32768,00000,00000
BCN,2150,0866,064038,2,8,002590,2,9,32800,32768,00000,00000
BCN,2151,0782,064038,2,8,002590,2,9,32800,32768,00000,00000
BCN,2152,0782,064038,2,8,002590,2,9,32800,32768,00000,00000
BCN,2153,0865,064038,2,8,002590,2,9,32800,32768,00000,00000
BCN,2154,0781,064038,2,8,002590,2,9,32800,32768,00000,00000
BCN,2155,0781,064103,2,8,002408,2,8,32800,32768,00000,00000
BCN,2156,0864,064103,2,8,002408,2,8,32800,32768,00000,00000
BCN,2157,0780,064103,2,8,002408,2,8,32800,32768,00000,00000
BCN,2158,0780,064103,2,8,002408,2,8,32800,32768,00000,00000
BCN,2159,0780,064103,2,8,002408,2,8,32800,32768,00000,00000
BCN,2160,0779,064103,2,8,002408,2,8,32800,32768,00000,00000
BCN,2161,0779,064012,2,8,002485,2,8,32799,32767,00000,00000
BCN,2162,0862,064012,2,8,002485,2,8,32799,32767,00000,00000
BCN,2163,0811,064012,2,8,002485,2,8,32799,32767,00000,00000
BCN,2164,0803,064012,2,8,002485,2,8,32799,32767,00000,00000
BCN,2165,0779,064012,2,8,002485,2,8,32799,32767,00000,00000
BCN,2166,0792,064012,2,8,002485,2,8,32799,32767,00000,00000
BCN,2167,0789,061769,2,8,002584,2,9,32800,32768,00000,00000
BCN,2168,0862,061769,2,8,002584,2,9,32800,32768,00000,00000
BCN,2169,0856,061769,2,8,002584,2,9,32800,32768,00000,00000
BCN,2170,0862,061769,2,8,002584,2,9,32800,32768,00000,00000
BCN,2171,0781,061769,2,8,002584,2,9,32800,32768,00000,00000
BCN,2172,0861,061769,2,8,002584,2,9,32800,32768,00000,00000
BCN,2173,0860,061769,2,8,002584,2,9,32800,32768,00000,00000
BCN,2174,0860,061795,2,8,002730,2,9,32800,32768,00000,00000
BCN,2175,0778,061795,2,8,002730,2,9,32800,32768,00000,00000
BCN,2176,0860,061795,2,8,002730,2,9,32800,32768,00000,00000
BCN,2177,0861,061795,2,8,002730,2,9,32800,32768,00000,00000
BCN,2178,0861,061795,2,8,002730,2,9,32800,32768,00000,00000
BCN,2179,0778,061795,2,8,002730,2,9,32800,32768,00000,00000
BCN,2180,0778,063817,2,8,002728,2,9,32799,32768,00000,00000
BCN,2181,0778,063817,2,8,002728,2,9,32799,32768,00000,00000
BCN,2182,0778,063817,2,8,002728,2,9,32799,32768,00000,00000
BCN,2183,0862,063817,2,8,002728,2,9,32799,32768,00000,00000
BCN,2184,0861,063817,2,8,002728,2,9,32799,32768,00000,00000
BCN,2185,0861,063817,2,8,002728,2,9,32799,32768,00000,00000
BCN,2186,0854,059695,2,8,002649,2,9,32799,32768,00000,00000
BCN,2187,0836,059695,2,8,002649,2,9,32799,32768,00000,00000
BCN,2188,0778,059695,2,8,002649,2,9,32799,32768,00000,00000
BCN,2189,0833,059695,2,8,002649,2,9,32799,32768,00000,00000
BCN,2190,0863,059695,2,8,002649,2,9,32799,32768,00000,00000
BCN,2191,0847,059695,2,8,002649,2,9,32799,32768,00000,00000
BCN,2192,0850,069974,2,9,002465,2,8,32800,32768,00000,00000
BCN,2193,0863,069974,2,9,002465,2,8,32800,32768,00000,00000
BCN,2194,0780,069974,2,9,002465,2,8,32800,32768,00000,00000
BCN,2195,0780,069974,2,9,002465,2,8,32800,32768,00000,00000
BCN,2196,0860,069974,2,9,002465,2,8,32800,32768,00000,00000
BCN,2197,0781,069974,2,9,002465,2,8,32800,32768,00000,00000
BCN,2198,0781,063791,2,8,002463,2,8,32800,32767,00000,00000
BCN,2199,0865,063791,2,8,002463,2,8,32800,32767,00000,00000
BCN,2200,0783,063791,2,8,002463,2,8,32800,32767,00000,00000
BCN,2201,0783,063791,2,8,002463,2,8,32800,32767,00000,00000
BCN,2202,0782,063791,2,8,002463,2,8,32800,32767,00000,00000
BCN,2203,0783,063791,2,8,002463,2,8,32800,32767,00000,00000
BCN,2204,0783,065878,2,9,002605,2,9,32800,32768,00000,00000
BCN,2205,0866,065878,2,9,002605,2,9,32800,32768,00000,00000
BCN,2206,0865,065878,2,9,002605,2,9,32800,32768,00000,00000
BCN,2207,0866,065878,2,9,002605,2,9,32800,32768,00000,00000
BCN,2208,0782,065878,2,9,002605,2,9,32800,32768,00000,00000
BCN,2209,0866,065878,2,9,002605,2,9,32800,32768,00000,00000
BCN,2210,0865,065878,2,9,002605,2,9,32800,32768,00000,00000
BCN,2211,0866,059890,2,8,002722,2,9,32799,32768,00000,00000
BCN,2212,0782,059890,2,8,002722,2,9,32799,32768,00000,00000
BCN,2213,0865,059890,2,8,002722,2,9,32799,32768,00000,00000
BCN,2214,0832,059890,2,8,002722,2,9,32799,32768,00000,00000
BCN,2215,0865,059890,2,8,002722,2,9,32799,32768,00000,00000
BCN,2216,0840,059890,2,8,002722,2,9,32799,32768,00000,00000
BCN,2217,0846,063895,2,8,002729,2,9,32800,32768,00000,00000
BCN,2218,0781,063895,2,8,002729,2,9,32800,32768,00000,00000
BCN,2219,0853,063895,2,8,002729,2,9,32800,32768,00000,00000
BCN,2220,0864,063895,2,8,002729,2,9,32800,32768,00000,00000
BCN,2221,0864,063895,2,8,002729,2,9,32800,32768,00000,00000
BCN,2222,0786,063895,2,8,002729,2,9,32800,32768,00000,00000
BCN,2223,0785,066138,2,9,002661,2,9,32800,32768,00000,00000
BCN,2224,0784,066138,2,9,002661,2,9,32800,32768,00000,00000
BCN,2225,0780,066138,2,9,002661,2,9,32800,32768,00000,00000
BCN,2226,0861,066138,2,9,002661,2,9,32800,32768,00000,00000
BCN,2227,0863,066138,2,9,002661,2,9,32800,32768,00000,00000
BCN,2228,0862,066138,2,9,002661,2,9,32800,32768,00000,00000
BCN,2229,0862,062055,2,8,002510,2,9,32799,32768,00000,00000
BCN,2230,0862,062055,2,8,002510,2,9,32799,32768,00000,00000
BCN,2231,0779,062055,2,8,002510,2,9,32799,32768,00000,00000
BCN,2232,0779,062055,2,8,002510,2,9,32799,32768,00000,00000
BCN,2233,0862,062055,2,8,002510,2,9,32799,32768,00000,00000
BCN,2234,0778,062055,2,8,002510,2,9,32799,32768,00000,00000
BCN,2235,0778,063973,2,8,002348,2,8,32800,32768,00000,00000
BCN,2236,0862,063973,2,8,002348,2,8,32800,32768,00000,00000
BCN,2237,0779,063973,2,8,002348,2,8,32800,32768,00000,00000
BCN,2238,0778,063973,2,8,002348,2,8,32800,32768,00000,00000
BCN,2239,0778,063973,2,8,002348,2,8,32800,32768,00000,00000
BCN,2240,0778,063973,2,8,002348,2,8,32800,32768,00000,00000
BCN,2241,0778,064064,2,8,002548,2,9,32800,32767,00000,00000
BCN,2242,0862,064064,2,8,002548,2,9,32800,32767,00000,00000
BCN,2243,0806,064064,2,8,002548,2,9,32800,32767,00000,00000
BCN,2244,0799,064064,2,8,002548,2,9,32800,32767,00000,00000
BCN,2245,0779,064064,2,8,002548,2,9,32800,32767,00000,00000
BCN,2246,0791,064064,2,8,002548,2,9,32800,32767,00000,00000
BCN,2247,0788,064064,2,8,002548,2,9,32800,32767,00000,00000
BCN,2248,0862,063986,2,8,002555,2,9,32799,32768,00000,00000
BCN,2249,0858,063986,2,8,002555,2,9,32799,32768,00000,00000
BCN,2250,0862,063986,2,8,002555,2,9,32799,32768,00000,00000
BCN,2251,0783,063986,2,8,002555,2,9,32799,32768,00000,00000
BCN,2252,0863,063986,2,8,002555,2,9,32799,32768,00000,00000
BCN,2253,0862,063986,2,8,002555,2,9,32799,32768,00000,00000
BCN,2254,0862,061743,2,8,002738,2,9,32800,32768,00000,00000
BCN,2255,0780,061743,2,8,002738,2,9,32800,32768,00000,00000
BCN,2256,0863,061743,2,8,002738,2,9,32800,32768,00000,00000
BCN,2257,0864,061743,2,8,002738,2,9,32800,32768,00000,00000
BCN,2258,0864,061743,2,8,002738,2,9,32800,32768,00000,00000
BCN,2259,0782,061743,2,8,002738,2,9,32800,32768,00000,00000
BCN,2260,0782,063921,2,8,002684,2,9,32800,32768,00000,00000
BCN,2261,0782,063921,2,8,002684,2,9,32800,32768,00000,00000
BCN,2262,0781,063921,2,8,002684,2,9,32800,32768,00000,00000
BCN,2263,0865,063921,2,8,002684,2,9,32800,32768,00000,00000
BCN,2264,0865,063921,2,8,002684,2,9,32800,32768,00000,00000
BCN,2265,0866,063921,2,8,002684,2,9,32800,32768,00000,00000
BCN,2266,0855,063882,2,8,002605,2,9,32799,32768,00000,00000
BCN,2267,0839,063882,2,8,002605,2,9,32799,32768,00000,00000
BCN,2268,0782,063882,2,8,002605,2,9,32799,32768,00000,00000
BCN,2269,0837,063882,2,8,002605,2,9,32799,32768,00000,00000
BCN,2270,0866,063882,2,8,002605,2,9,32799,32768,00000,00000
BCN,2271,0849,063882,2,8,002605,2,9,32799,32768,00000,00000
BCN,2272,0853,061665,2,8,002426,2,8,32800,32768,00000,00000
BCN,2273,0866,061665,2,8,002426,2,8,32800,32768,00000,00000
BCN,2274,0783,061665,2,8,002426,2,8,32800,32768,00000,00000
BCN,2275,0783,061665,2,8,002426,2,8,32800,32768,00000,00000
BCN,2276,0862,061665,2,8,002426,2,8,32800,32768,00000,00000
BCN,2277,0782,061665,2,8,002426,2,8,32800,32768,00000,00000
BCN,2278,0782,061717,2,8,002431,2,8,32800,32767,00000,00000
BCN,2279,0866,061717,2,8,002431,2,8,32800,32767,00000,00000
BCN,2280,0784,061717,2,8,002431,2,8,32800,32767,00000,00000
BCN,2281,0783,061717,2,8,002431,2,8,32800,32767,00000,00000
BCN,2282,0782,061717,2,8,002431,2,8,32800,32767,00000,00000
BCN,2283,0783,061717,2,8,002431,2,8,32800,32767,00000,00000
BCN,2284,0782,061717,2,8,002431,2,8,32800,32767,00000,00000
BCN,2285,0865,063765,2,8,002562,2,9,32799,32768,00000,00000
BCN,2286,0864,063765,2,8,002562,2,9,32799,32768,00000,00000
BCN,2287,0864,063765,2,8,002562,2,9,32799,32768,00000,00000
BCN,2288,0781,063765,2,8,002562,2,9,32799,32768,00000,00000
BCN,2289,0864,063765,2,8,002562,2,9,32799,32768,00000,00000
BCN,2290,0864,063765,2,8,002562,2,9,32799,32768,00000,00000
BCN,2291,0864,059656,2,8,002718,2,9,32799,32768,00000,00000
BCN,2292,0780,059656,2,8,002718,2,9,32799,32768,00000,00000
BCN,2293,0864,059656,2,8,002718,2,9,32799,32768,00000,00000
BCN,2294,0834,059656,2,8,002718,2,9,32799,32768,00000,00000
BCN,2295,0864,059656,2,8,002718,2,9,32799,32768,00000,00000
BCN,2296,0837,059656,2,8,002718,2,9,32799,32768,00000,00000
BCN,2297,0843,069948,2,9,002731,2,9,32800,32768,00000,00000
BCN,2298,0780,069948,2,9,002731,2,9,32800,32768,00000,00000
BCN,2299,0852,069948,2,9,002731,2,9,32800,32768,00000,00000
BCN,2300,0864,069948,2,9,002731,2,9,32800,32768,00000,00000
BCN,2301,0864,069948,2,9,002731,2,9,32800,32768,00000,00000
BCN,2302,0787,069948,2,9,002731,2,9,32800,32768,00000,00000
BCN,2303,0786,063765,2,8,002667,2,9,32800,32768,00000,00000
BCN,2304,0784,063765,2,8,002667,2,9,32800,32768,00000,00000
BCN,2305,0781,063765,2,8,002667,2,9,32800,32768,00000,00000
BCN,2306,0862,063765,2,8,002667,2,9,32800,32768,00000,00000
BCN,2307,0864,063765,2,8,002667,2,9,32800,32768,00000,00000
BCN,2308,0864,063765,2,8,002667,2,9,32800,32768,00000,00000
BCN,2309,0864,065852,2,9,002524,2,9,32800,32768,00000,00000
BCN,2310,0865,065852,2,9,002524,2,9,32800,32768,00000,00000
BCN,2311,0781,065852,2,9,002524,2,9,32800,32768,00000,00000
BCN,2312,0781,065852,2,9,002524,2,9,32800,32768,00000,00000
BCN,2313,0865,065852,2,9,002524,2,9,32800,32768,00000,00000
BCN,2314,0782,065852,2,9,002524,2,9,32800,32768,00000,00000
BCN,2315,0782,059877,2,8,002346,2,8,32799,32768,00000,00000
BCN,2316,0865,059877,2,8,002346,2,8,32799,32768,00000,00000
BCN,2317,0783,059877,2,8,002346,2,8,32799,32768,00000,00000
BCN,2318,0782,059877,2,8,002346,2,8,32799,32768,00000,00000
BCN,2319,0792,059877,2,8,002346,2,8,32799,32768,00000,00000
BCN,2320,0782,059877,2,8,002346,2,8,32799,32768,00000,00000
BCN,2321,0783,059877,2,8,002346,2,8,32799,32768,00000,00000
BCN,2322,0866,066021,2,9,002555,2,9,32800,32767,00000,00000
BCN,2323,0809,066021,2,9,002555,2,9,32800,32767,00000,00000
BCN,2324,0803,066021,2,9,002555,2,9,32800,32767,00000,00000
BCN,2325,0783,066021,2,9,002555,2,9,32800,32767,00000,00000
BCN,2326,0794,066021,2,9,002555,2,9,32800,32767,00000,00000
BCN,2327,0792,066021,2,9,002555,2,9,32800,32767,00000,00000
BCN,2328,0866,066203,2,9,002537,2,9,32800,32768,00000,00000
BCN,2329,0861,066203,2,9,002537,2,9,32800,32768,00000,00000
BCN,2330,0865,066203,2,9,002537,2,9,32800,32768,00000,00000
BCN,2331,0785,066203,2,9,002537,2,9,32800,32768,00000,00000
BCN,2332,0865,066203,2,9,002537,2,9,32800,32768,00000,00000
BCN,2333,0864,066203,2,9,002537,2,9,32800,32768,00000,00000
BCN,2334,0864,062094,2,8,002734,2,9,32799,32768,00000,00000
BCN,2335,0781,062094,2,8,002734,2,9,32799,32768,00000,00000
BCN,2336,0864,062094,2,8,002734,2,9,32799,32768,00000,00000
BCN,2337,0864,062094,2,8,002734,2,9,32799,32768,00000,00000
BCN,2338,0864,062094,2,8,002734,2,9,32799,32768,00000,00000
BCN,2339,0781,062094,2,8,002734,2,9,32799,32768,00000,00000
BCN,2340,0780,064012,2,8,002679,2,9,32800,32768,00000,00000
BCN,2341,0780,064012,2,8,002679,2,9,32800,32768,00000,00000
BCN,2342,0780,064012,2,8,002679,2,9,32800,32768,00000,00000
BCN,2343,0863,064012,2,8,002679,2,9,32800,32768,00000,00000
BCN,2344,0863,064012,2,8,002679,2,9,32800,32768,00000,00000
BCN,2345,0863,064012,2,8,002679,2,9,32800,32768,00000,00000
BCN,2346,0846,061938,2,8,002577,2,9,32800,32768,00000,00000
BCN,2347,0831,061938,2,8,002577,2,9,32800,32768,00000,00000
BCN,2348,0779,061938,2,8,002577,2,9,32800,32768,00000,00000
BCN,2349,0838,061938,2,8,002577,2,9,32800,32768,00000,00000
BCN,2350,0863,061938,2,8,002577,2,9,32800,32768,00000,00000
BCN,2351,0849,061938,2,8,002577,2,9,32800,32768,00000,00000
BCN,2352,0852,063934,2,8,002400,2,8,32799,32768,00000,00000
BCN,2353,0862,063934,2,8,002400,2,8,32799,32768,00000,00000
BCN,2354,0779,063934,2,8,002400,2,8,32799,32768,00000,00000
BCN,2355,0779,063934,2,8,002400,2,8,32799,32768,00000,00000
BCN,2356,0859,063934,2,8,002400,2,8,32799,32768,00000,00000
BCN,2357,0779,063934,2,8,002400,2,8,32799,32768,00000,00000
BCN,2358,0779,063934,2,8,002400,2,8,32799,32768,00000,00000
BCN,2359,0863,059786,2,8,002523,2,9,32799,32767,00000,00000
BCN,2360,0780,059786,2,8,002523,2,9,32799,32767,00000,00000
BCN,2361,0781,059786,2,8,002523,2,9,32799,32767,00000,00000
BCN,2362,0779,059786,2,8,002523,2,9,32799,32767,00000,00000
BCN,2363,0780,059786,2,8,002523,2,9,32799,32767,00000,00000
BCN,2364,0780,059786,2,8,002523,2,9,32799,32767,00000,00000
BCN,2365,0863,070039,2,9,002561,2,9,32800,32768,00000,00000
BCN,2366,0862,070039,2,9,002561,2,9,32800,32768,00000,00000
BCN,2367,0863,070039,2,9,002561,2,9,32800,32768,00000,00000
BCN,2368,0780,070039,2,9,002561,2,9,32800,32768,00000,00000
BCN,2369,0863,070039,2,9,002561,2,9,32800,32768,00000,00000
BCN,2370,0863,070039,2,9,002561,2,9,32800,32768,00000,00000
BCN,2371,0864,065969,2,9,002741,2,9,32800,32768,00000,00000
BCN,2372,0801,065969,2,9,002741,2,9,32800,32768,00000,00000
BCN,2373,0864,065969,2,9,002741,2,9,32800,32768,00000,00000
BCN,2374,0821,065969,2,9,002741,2,9,32800,32768,00000,00000
BCN,2375,0865,065969,2,9,002741,2,9,32800,32768,00000,00000
BCN,2376,0844,065969,2,9,002741,2,9,32800,32768,00000,00000
BCN,2377,0850,066164,2,9,002697,2,9,32800,32768,00000,00000
BCN,2378,0782,066164,2,9,002697,2,9,32800,32768,00000,00000
BCN,2379,0856,066164,2,9,002697,2,9,32800,32768,00000,00000
BCN,2380,0865,066164,2,9,002697,2,9,32800,32768,00000,00000
BCN,2381,0865,066164,2,9,002697,2,9,32800,32768,00000,00000
BCN,2382,0786,066164,2,9,002697,2,9,32800,32768,00000,00000
BCN,2383,0786,060098,2,8,002606,2,9,32799,32768,00000,00000
BCN,2384,0785,060098,2,8,002606,2,9,32799,32768,00000,00000
BCN,2385,0782,060098,2,8,002606,2,9,32799,32768,00000,00000
BCN,2386,0864,060098,2,8,002606,2,9,32799,32768,00000,00000
BCN,2387,0866,060098,2,8,002606,2,9,32799,32768,00000,00000
BCN,2388,0865,060098,2,8,002606,2,9,32799,32768,00000,00000
BCN,2389,0865,061899,2,8,002409,2,8,32800,32768,00000,00000
BCN,2390,0866,061899,2,8,002409,2,8,32800,32768,00000,00000
BCN,2391,0782,061899,2,8,002409,2,8,32800,32768,00000,00000
BCN,2392,0782,061899,2,8,002409,2,8,32800,32768,00000,00000
BCN,2393,0866,061899,2,8,002409,2,8,32800,32768,00000,00000
BCN,2394,0782,061899,2,8,002409,2,8,32800,32768,00000,00000
BCN,2395,0782,061899,2,8,002409,2,8,32800,32768,00000,00000
BCN,2396,0865,061886,2,8,002466,2,8,32800,32767,00000,00000
BCN,2397,0782,061886,2,8,002466,2,8,32800,32767,00000,00000
BCN,2398,0782,061886,2,8,002466,2,8,32800,32767,00000,00000
BCN,2399,0811,061886,2,8,002466,2,8,32800,32767,00000,00000
BCN,2400,0781,061886,2,8,002466,2,8,32800,32767,00000,00000
BCN,2401,0781,061886,2,8,002466,2,8,32800,32767,00000,00000
BCN,2402,0864,063895,2,8,002598,2,9,32799,32768,00000,00000
BCN,2403,0801,063895,2,8,002598,2,9,32799,32768,00000,00000
BCN,2404,0796,063895,2,8,002598,2,9,32799,32768,00000,00000
BCN,2405,0780,063895,2,8,002598,2,9,32799,32768,00000,00000
BCN,2406,0789,063895,2,8,002598,2,9,32799,32768,00000,00000
BCN,2407,0787,063895,2,8,002598,2,9,32799,32768,00000,00000
BCN,2408,0863,059760,2,8,002724,2,9,32799,32768,00000,00000
BCN,2409,0860,059760,2,8,002724,2,9,32799,32768,00000,00000
BCN,2410,0863,059760,2,8,002724,2,9,32799,32768,00000,00000
BCN,2411,0782,059760,2,8,002724,2,9,32799,32768,00000,00000
BCN,2412,0863,059760,2,8,002724,2,9,32799,32768,00000,00000
BCN,2413,0861,059760,2,8,002724,2,9,32799,32768,00000,00000
BCN,2414,0862,070026,2,9,002725,2,9,32800,32768,00000,00000
BCN,2415,0779,070026,2,9,002725,2,9,32800,32768,00000,00000
BCN,2416,0862,070026,2,9,002725,2,9,32800,32768,00000,00000
BCN,2417,0863,070026,2,9,002725,2,9,32800,32768,00000,00000
BCN,2418,0862,070026,2,9,002725,2,9,32800,32768,00000,00000
BCN,2419,0779,070026,2,9,002725,2,9,32800,32768,00000,00000
BCN,2420,0779,063817,2,8,002647,2,9,32800,32768,00000,00000
BCN,2421,0779,063817,2,8,002647,2,9,32800,32768,00000,00000
BCN,2422,0778,063817,2,8,002647,2,9,32800,32768,00000,00000
BCN,2423,0862,063817,2,8,002647,2,9,32800,32768,00000,00000
BCN,2424,0862,063817,2,8,002647,2,9,32800,32768,00000,00000
BCN,2425,0843,063817,2,8,002647,2,9,32800,32768,00000,00000
BCN,2426,0827,065904,2,9,002467,2,8,32800,32768,00000,00000
BCN,2427,0816,065904,2,9,002467,2,8,32800,32768,00000,00000
BCN,2428,0779,065904,2,9,002467,2,8,32800,32768,00000,00000
BCN,2429,0844,065904,2,9,002467,2,8,32800,32768,00000,00000
BCN,2430,0863,065904,2,9,002467,2,8,32800,32768,00000,00000
BCN,2431,0852,065904,2,9,002467,2,8,32800,32768,00000,00000
BCN,2432,0855,065904,2,9,002467,2,8,32800,32768,00000,00000
BCN,2433,0863,059903,2,8,002435,2,8,32799,32767,00000,00000
BCN,2434,0780,059903,2,8,002435,2,8,32799,32767,00000,00000
BCN,2435,0780,059903,2,8,002435,2,8,32799,32767,00000,00000
BCN,2436,0861,059903,2,8,002435,2,8,32799,32767,00000,00000
BCN,2437,0780,059903,2,8,002435,2,8,32799,32767,00000,00000
BCN,2438,0781,059903,2,8,002435,2,8,32799,32767,00000,00000
BCN,2439,0864,063908,2,8,002584,2,9,32800,32768,00000,00000
BCN,2440,0782,063908,2,8,002584,2,9,32800,32768,00000,00000
BCN,2441,0782,063908,2,8,002584,2,9,32800,32768,00000,00000
BCN,2442,0781,063908,2,8,002584,2,9,32800,32768,00000,00000
BCN,2443,0782,063908,2,8,002584,2,9,32800,32768,00000,00000
BCN,2444,0782,063908,2,8,002584,2,9,32800,32768,00000,00000
BCN,2445,0865,066151,2,9,002673,2,9,32800,32768,00000,00000
BCN,2446,0865,066151,2,9,002673,2,9,32800,32768,00000,00000
BCN,2447,0865,066151,2,9,002673,2,9,32800,32768,00000,00000
BCN,2448,0782,066151,2,9,002673,2,9,32800,32768,00000,00000
BCN,2449,0865,066151,2,9,002673,2,9,32800,32768,00000,00000
BCN,2450,0866,066151,2,9,002673,2,9,32800,32768,00000,00000
BCN,2451,0866,062055,2,8,002723,2,9,32799,32768,00000,00000
BCN,2452,0817,062055,2,8,002723,2,9,32799,32768,00000,00000
BCN,2453,0866,062055,2,8,002723,2,9,32799,32768,00000,00000
BCN,2454,0814,062055,2,8,002723,2,9,32799,32768,00000,00000
BCN,2455,0866,062055,2,8,002723,2,9,32799,32768,00000,00000
BCN,2456,0850,062055,2,8,002723,2,9,32799,32768,00000,00000
BCN,2457,0854,063986,2,8,002652,2,9,32800,32768,00000,00000
BCN,2458,0782,063986,2,8,002652,2,9,32800,32768,00000,00000
BCN,2459,0859,063986,2,8,002652,2,9,32800,32768,00000,00000
BCN,2460,0864,063986,2,8,002652,2,9,32800,32768,00000,00000
BCN,2461,0865,063986,2,8,002652,2,9,32800,32768,00000,00000
BCN,2462,0785,063986,2,8,002652,2,9,32800,32768,00000,00000
BCN,2463,0784,066203,2,9,002499,2,9,32800,32768,00000,00000
BCN,2464,0783,066203,2,9,002499,2,9,32800,32768,00000,00000
BCN,2465,0781,066203,2,9,002499,2,9,32800,32768,00000,00000
BCN,2466,0863,066203,2,9,002499,2,9,32800,32768,00000,00000
BCN,2467,0864,066203,2,9,002499,2,9,32800,32768,00000,00000
BCN,2468,0862,066203,2,9,002499,2,9,32800,32768,00000,00000
BCN,2469,0863,066203,2,9,002499,2,9,32800,32768,00000,00000
BCN,2470,0863,062094,2,8,002360,2,8,32799,32767,00000,00000
BCN,2471,0780,062094,2,8,002360,2,8,32799,32767,00000,00000
BCN,2472,0779,062094,2,8,002360,2,8,32799,32767,00000,00000
BCN,2473,0863,062094,2,8,002360,2,8,32799,32767,00000,00000
BCN,2474,0779,062094,2,8,002360,2,8,32799,32767,00000,00000
BCN,2475,0779,062094,2,8,002360,2,8,32799,32767,00000,00000
BCN,2476,0862,064012,2,8,002609,2,9,32800,32768,00000,00000
BCN,2477,0779,064012,2,8,002609,2,9,32800,32768,00000,00000
BCN,2478,0779,064012,2,8,002609,2,9,32800,32768,00000,00000
BCN,2479,0823,064012,2,8,002609,2,9,32800,32768,00000,00000
BCN,2480,0778,064012,2,8,002609,2,9,32800,32768,00000,00000
BCN,2481,0779,064012,2,8,002609,2,9,32800,32768,00000,00000
BCN,2482,0862,064090,2,8,002715,2,9,32800,32768,00000,00000
BCN,2483,0793,064090,2,8,002715,2,9,32800,32768,00000,00000
BCN,2484,0790,064090,2,8,002715,2,9,32800,32768,00000,00000
BCN,2485,0779,064090,2,8,002715,2,9,32800,32768,00000,00000
BCN,2486,0785,064090,2,8,002715,2,9,32800,32768,00000,00000
BCN,2487,0784,064090,2,8,002715,2,9,32800,32768,00000,00000
BCN,2488,0862,064012,2,8,002739,2,9,32799,32768,00000,00000
BCN,2489,0860,064012,2,8,002739,2,9,32799,32768,00000,00000
BCN,2490,0862,064012,2,8,002739,2,9,32799,32768,00000,00000
BCN,2491,0781,064012,2,8,002739,2,9,32799,32768,00000,00000
BCN,2492,0862,064012,2,8,002739,2,9,32799,32768,00000,00000
BCN,2493,0862,064012,2,8,002739,2,9,32799,32768,00000,00000
BCN,2494,0862,061756,2,8,002676,2,9,32800,32768,00000,00000
BCN,2495,0780,061756,2,8,002676,2,9,32800,32768,00000,00000
BCN,2496,0863,061756,2,8,002676,2,9,32800,32768,00000,00000
BCN,2497,0864,061756,2,8,002676,2,9,32800,32768,00000,00000
BCN,2498,0863,061756,2,8,002676,2,9,32800,32768,00000,00000
BCN,2499,0781,061756,2,8,002676,2,9,32800,32768,00000,00000
BCN,2500,0781,057725,2,8,002549,2,9,32799,32768,00000,00000
BCN,2501,0781,057725,2,8,002549,2,9,32799,32768,00000,00000
BCN,2502,0781,057725,2,8,002549,2,9,32799,32768,00000,00000
BCN,2503,0864,057725,2,8,002549,2,9,32799,32768,00000,00000
BCN,2504,0865,057725,2,8,002549,2,9,32799,32768,00000,00000
BCN,2505,0835,057725,2,8,002549,2,9,32799,32768,00000,00000
BCN,2506,0822,057725,2,8,002549,2,9,32799,32768,00000,00000
BCN,2507,0813,053512,2,7,002385,2,8,32799,32768,00000,00000
BCN,2508,0782,053512,2,7,002385,2,8,32799,32768,00000,00000
BCN,2509,0850,053512,2,7,002385,2,8,32799,32768,00000,00000
BCN,2510,0865,053512,2,7,002385,2,8,32799,32768,00000,00000
BCN,2511,0857,053512,2,7,002385,2,8,32799,32768,00000,00000
BCN,2512,0858,053512,2,7,002385,2,8,32799,32768,00000,00000
BCN,2513,0865,067913,2,9,002509,2,9,32800,32767,00000,00000
BCN,2514,0782,067913,2,9,002509,2,9,32800,32767,00000,00000
BCN,2515,0782,067913,2,9,002509,2,9,32800,32767,00000,00000
BCN,2516,0862,067913,2,9,002509,2,9,32800,32767,00000,00000
BCN,2517,0782,067913,2,9,002509,2,9,32800,32767,00000,00000
BCN,2518,0782,067913,2,9,002509,2,9,32800,32767,00000,00000
BCN,2519,0865,067848,2,9,002550,2,9,32800,32768,00000,00000
BCN,2520,0783,067848,2,9,002550,2,9,32800,32768,00000,00000
BCN,2521,0783,067848,2,9,002550,2,9,32800,32768,00000,00000
BCN,2522,0782,067848,2,9,002550,2,9,32800,32768,00000,00000
BCN,2523,0782,067848,2,9,002550,2,9,32800,32768,00000,00000
BCN,2524,0781,067848,2,9,002550,2,9,32800,32768,00000,00000
BCN,2525,0865,061743,2,8,002712,2,9,32800,32768,00000,00000
BCN,2526,0864,061743,2,8,002712,2,9,32800,32768,00000,00000
BCN,2527,0864,061743,2,8,002712,2,9,32800,32768,00000,00000
BCN,2528,0780,061743,2,8,002712,2,9,32800,32768,00000,00000
BCN,2529,0864,061743,2,8,002712,2,9,32800,32768,00000,00000
BCN,2530,0851,061743,2,8,002712,2,9,32800,32768,00000,00000
BCN,2531,0863,063778,2,8,002677,2,9,32799,32768,00000,00000
BCN,2532,0826,063778,2,8,002677,2,9,32799,32768,00000,00000
BCN,2533,0863,063778,2,8,002677,2,9,32799,32768,00000,00000
BCN,2534,0803,063778,2,8,002677,2,9,32799,32768,00000,00000
BCN,2535,0862,063778,2,8,002677,2,9,32799,32768,00000,00000
BCN,2536,0850,063778,2,8,002677,2,9,32799,32768,00000,00000
BCN,2537,0853,061821,2,8,002583,2,9,32799,32768,00000,00000
BCN,2538,0779,061821,2,8,002583,2,9,32799,32768,00000,00000
BCN,2539,0857,061821,2,8,002583,2,9,32799,32768,00000,00000
BCN,2540,0862,061821,2,8,002583,2,9,32799,32768,00000,00000
BCN,2541,0862,061821,2,8,002583,2,9,32799,32768,00000,00000
BCN,2542,0781,061821,2,8,002583,2,9,32799,32768,00000,00000
BCN,2543,0781,061821,2,8,002583,2,9,32799,32768,00000,00000
BCN,2544,0780,072178,2,9,002403,2,8,32800,32768,00000,00000
BCN,2545,0778,072178,2,9,002403,2,8,32800,32768,00000,00000
BCN,2546,0861,072178,2,9,002403,2,8,32800,32768,00000,00000
BCN,2547,0862,072178,2,9,002403,2,8,32800,32768,00000,00000
BCN,2548,0861,072178,2,9,002403,2,8,32800,32768,00000,00000
BCN,2549,0862,072178,2,9,002403,2,8,32800,32768,00000,00000
BCN,2550,0862,066034,2,9,002490,2,8,32800,32767,00000,00000
BCN,2551,0779,066034,2,9,002490,2,8,32800,32767,00000,00000
BCN,2552,0779,066034,2,9,002490,2,8,32800,32767,00000,00000
BCN,2553,0863,066034,2,9,002490,2,8,32800,32767,00000,00000
BCN,2554,0779,066034,2,9,002490,2,8,32800,32767,00000,00000
BCN,2555,0779,066034,2,9,002490,2,8,32800,32767,00000,00000
BCN,2556,0863,066203,2,9,002594,2,9,32800,32768,00000,00000
BCN,2557,0780,066203,2,9,002594,2,9,32800,32768,00000,00000
BCN,2558,0780,066203,2,9,002594,2,9,32800,32768,00000,00000
BCN,2559,0833,066203,2,9,002594,2,9,32800,32768,00000,00000
BCN,2560,0780,066203,2,9,002594,2,9,32800,32768,00000,00000
BCN,2561,0781,066203,2,9,002594,2,9,32800,32768,00000,00000
BCN,2562,0864,060137,2,8,002732,2,9,32799,32768,00000,00000
BCN,2563,0793,060137,2,8,002732,2,9,32799,32768,00000,00000
BCN,2564,0790,060137,2,8,002732,2,9,32799,32768,00000,00000
BCN,2565,0781,060137,2,8,002732,2,9,32799,32768,00000,00000
BCN,2566,0787,060137,2,8,002732,2,9,32799,32768,00000,00000
BCN,2567,0786,060137,2,8,002732,2,9,32799,32768,00000,00000
BCN,2568,0865,064077,2,8,002718,2,9,32800,32768,00000,00000
BCN,2569,0863,064077,2,8,002718,2,9,32800,32768,00000,00000
BCN,2570,0865,064077,2,8,002718,2,9,32800,32768,00000,00000
BCN,2571,0784,064077,2,8,002718,2,9,32800,32768,00000,00000
BCN,2572,0865,064077,2,8,002718,2,9,32800,32768,00000,00000
BCN,2573,0865,064077,2,8,002718,2,9,32800,32768,00000,00000
BCN,2574,0865,066281,2,9,002622,2,9,32800,32768,00000,00000
BCN,2575,0782,066281,2,9,002622,2,9,32800,32768,00000,00000
BCN,2576,0865,066281,2,9,002622,2,9,32800,32768,00000,00000
BCN,2577,0865,066281,2,9,002622,2,9,32800,32768,00000,00000
BCN,2578,0865,066281,2,9,002622,2,9,32800,32768,00000,00000
BCN,2579,0782,066281,2,9,002622,2,9,32800,32768,00000,00000
BCN,2580,0782,066281,2,9,002622,2,9,32800,32768,00000,00000
BCN,2581,0782,062146,2,8,002463,2,8,32799,32768,00000,00000
BCN,2582,0781,062146,2,8,002463,2,8,32799,32768,00000,00000
BCN,2583,0865,062146,2,8,002463,2,8,32799,32768,00000,00000
BCN,2584,0864,062146,2,8,002463,2,8,32799,32768,00000,00000
BCN,2585,0825,062146,2,8,002463,2,8,32799,32768,00000,00000
BCN,2586,0814,062146,2,8,002463,2,8,32799,32768,00000,00000
BCN,2587,0807,064051,2,8,002383,2,8,32800,32767,00000,00000
BCN,2588,0780,064051,2,8,002383,2,8,32800,32767,00000,00000
BCN,2589,0851,064051,2,8,002383,2,8,32800,32767,00000,00000
BCN,2590,0863,064051,2,8,002383,2,8,32800,32767,00000,00000
BCN,2591,0856,064051,2,8,002383,2,8,32800,32767,00000,00000
BCN,2592,0857,064051,2,8,002383,2,8,32800,32767,00000,00000
BCN,2593,0863,064116,2,8,002613,2,9,32800,32768,00000,00000
BCN,2594,0779,064116,2,8,002613,2,9,32800,32768,00000,00000
BCN,2595,0779,064116,2,8,002613,2,9,32800,32768,00000,00000
BCN,2596,0860,064116,2,8,002613,2,9,32800,32768,00000,00000
BCN,2597,0779,064116,2,8,002613,2,9,32800,32768,00000,00000
BCN,2598,0778,064116,2,8,002613,2,9,32800,32768,00000,00000
BCN,2599,0862,064025,2,8,002698,2,9,32799,32768,00000,00000
BCN,2600,0779,064025,2,8,002698,2,9,32799,32768,00000,00000
BCN,2601,0779,064025,2,8,002698,2,9,32799,32768,00000,00000
BCN,2602,0778,064025,2,8,002698,2,9,32799,32768,00000,00000
BCN,2603,0779,064025,2,8,002698,2,9,32799,32768,00000,00000
BCN,2604,0778,064025,2,8,002698,2,9,32799,32768,00000,00000
BCN,2605,0861,061769,2,8,002735,2,9,32800,32768,00000,00000
BCN,2606,0861,061769,2,8,002735,2,9,32800,32768,00000,00000
BCN,2607,0861,061769,2,8,002735,2,9,32800,32768,00000,00000
BCN,2608,0778,061769,2,8,002735,2,9,32800,32768,00000,00000
BCN,2609,0861,061769,2,8,002735,2,9,32800,32768,00000,00000
BCN,2610,0854,061769,2,8,002735,2,9,32800,32768,00000,00000
BCN,2611,0861,061795,2,8,002692,2,9,32800,32768,00000,00000
BCN,2612,0820,061795,2,8,002692,2,9,32800,32768,00000,00000
BCN,2613,0862,061795,2,8,002692,2,9,32800,32768,00000,00000
BCN,2614,0804,061795,2,8,002692,2,9,32800,32768,00000,00000
BCN,2615,0862,061795,2,8,002692,2,9,32800,32768,00000,00000
BCN,2616,0848,061795,2,8,002692,2,9,32800,32768,00000,00000
BCN,2617,0852,061795,2,8,002692,2,9,32800,32768,00000,00000
BCN,2618,0778,063817,2,8,002612,2,9,32799,32768,00000,00000
BCN,2619,0856,063817,2,8,002612,2,9,32799,32768,00000,00000
BCN,2620,0862,063817,2,8,002612,2,9,32799,32768,00000,00000
BCN,2621,0863,063817,2,8,002612,2,9,32799,32768,00000,00000
BCN,2622,0782,063817,2,8,002612,2,9,32799,32768,00000,00000
BCN,2623,0782,063817,2,8,002612,2,9,32799,32768,00000,00000
BCN,2624,0782,059708,2,8,002448,2,8,32799,32768,00000,00000
BCN,2625,0780,059708,2,8,002448,2,8,32799,32768,00000,00000
BCN,2626,0862,059708,2,8,002448,2,8,32799,32768,00000,00000
BCN,2627,0864,059708,2,8,002448,2,8,32799,32768,00000,00000
BCN,2628,0863,059708,2,8,002448,2,8,32799,32768,00000,00000
BCN,2629,0864,059708,2,8,002448,2,8,32799,32768,00000,00000
BCN,2630,0864,069987,2,9,002427,2,8,32800,32767,00000,00000
BCN,2631,0781,069987,2,9,002427,2,8,32800,32767,00000,00000
BCN,2632,0781,069987,2,9,002427,2,8,32800,32767,00000,00000
BCN,2633,0865,069987,2,9,002427,2,8,32800,32767,00000,00000
BCN,2634,0781,069987,2,9,002427,2,8,32800,32767,00000,00000
BCN,2635,0782,069987,2,9,002427,2,8,32800,32767,00000,00000
BCN,2636,0865,063791,2,8,002604,2,9,32800,32768,00000,00000
BCN,2637,0782,063791,2,8,002604,2,9,32800,32768,00000,00000
BCN,2638,0782,063791,2,8,002604,2,9,32800,32768,00000,00000
BCN,2639,0827,063791,2,8,002604,2,9,32800,32768,00000,00000
BCN,2640,0782,063791,2,8,002604,2,9,32800,32768,00000,00000
BCN,2641,0782,063791,2,8,002604,2,9,32800,32768,00000,00000
BCN,2642,0865,063934,2,8,002717,2,9,32800,32768,00000,00000
BCN,2643,0796,063934,2,8,002717,2,9,32800,32768,00000,00000
BCN,2644,0792,063934,2,8,002717,2,9,32800,32768,00000,00000
BCN,2645,0782,063934,2,8,002717,2,9,32800,32768,00000,00000
BCN,2646,0788,063934,2,8,002717,2,9,32800,32768,00000,00000
BCN,2647,0786,063934,2,8,002717,2,9,32800,32768,00000,00000
BCN,2648,0864,059968,2,8,002724,2,9,32799,32768,00000,00000
BCN,2649,0862,059968,2,8,002724,2,9,32799,32768,00000,00000
BCN,2650,0863,059968,2,8,002724,2,9,32799,32768,00000,00000
BCN,2651,0782,059968,2,8,002724,2,9,32799,32768,00000,00000
BCN,2652,0863,059968,2,8,002724,2,9,32799,32768,00000,00000
BCN,2653,0862,059968,2,8,002724,2,9,32799,32768,00000,00000
BCN,2654,0862,059968,2,8,002724,2,9,32799,32768,00000,00000
BCN,2655,0779,063947,2,8,002666,2,9,32800,32768,00000,00000
BCN,2656,0862,063947,2,8,002666,2,9,32800,32768,00000,00000
BCN,2657,0862,063947,2,8,002666,2,9,32800,32768,00000,00000
BCN,2658,0862,063947,2,8,002666,2,9,32800,32768,00000,00000
BCN,2659,0779,063947,2,8,002666,2,9,32800,32768,00000,00000
BCN,2660,0778,063947,2,8,002666,2,9,32800,32768,00000,00000
BCN,2661,0779,066177,2,9,002536,2,9,32800,32768,00000,00000
BCN,2662,0778,066177,2,9,002536,2,9,32800,32768,00000,00000
BCN,2663,0861,066177,2,9,002536,2,9,32800,32768,00000,00000
BCN,2664,0861,066177,2,9,002536,2,9,32800,32768,00000,00000
BCN,2665,0833,066177,2,9,002536,2,9,32800,32768,00000,00000
BCN,2666,0819,066177,2,9,002536,2,9,32800,32768,00000,00000
BCN,2667,0810,062081,2,8,002384,2,8,32799,32768,00000,00000
BCN,2668,0777,062081,2,8,002384,2,8,32799,32768,00000,00000
BCN,2669,0845,062081,2,8,002384,2,8,32799,32768,00000,00000
BCN,2670,0861,062081,2,8,002384,2,8,32799,32768,00000,00000
BCN,2671,0852,062081,2,8,002384,2,8,32799,32768,00000,00000
BCN,2672,0853,062081,2,8,002384,2,8,32799,32768,00000,00000
BCN,2673,0861,061847,2,8,002513,2,9,32800,32767,00000,00000
BCN,2674,0778,061847,2,8,002513,2,9,32800,32767,00000,00000
BCN,2675,0778,061847,2,8,002513,2,9,32800,32767,00000,00000
BCN,2676,0859,061847,2,8,002513,2,9,32800,32767,00000,00000
BCN,2677,0778,061847,2,8,002513,2,9,32800,32767,00000,00000
BCN,2678,0778,061847,2,8,002513,2,9,32800,32767,00000,00000
BCN,2679,0862,061847,2,8,002572,2,9,32800,32768,00000,00000
BCN,2680,0779,061847,2,8,002572,2,9,32800,32768,00000,00000
BCN,2681,0780,061847,2,8,002572,2,9,32800,32768,00000,00000
BCN,2682,0779,061847,2,8,002572,2,9,32800,32768,00000,00000
BCN,2683,0780,061847,2,8,002572,2,9,32800,32768,00000,00000
BCN,2684,0780,061847,2,8,002572,2,9,32800,32768,00000,00000
BCN,2685,0863,063869,2,8,002721,2,9,32799,32768,00000,00000
BCN,2686,0863,063869,2,8,002721,2,9,32799,32768,00000,00000
BCN,2687,0864,063869,2,8,002721,2,9,32799,32768,00000,00000
BCN,2688,0781,063869,2,8,002721,2,9,32799,32768,00000,00000
BCN,2689,0865,063869,2,8,002721,2,9,32799,32768,00000,00000
BCN,2690,0863,063869,2,8,002721,2,9,32799,32768,00000,00000
BCN,2691,0865,063869,2,8,002721,2,9,32799,32768,00000,00000
BCN,2692,0821,059734,2,8,002722,2,9,32799,32768,00000,00000
BCN,2693,0865,059734,2,8,002722,2,9,32799,32768,00000,00000
BCN,2694,0810,059734,2,8,002722,2,9,32799,32768,00000,00000
BCN,2695,0866,059734,2,8,002722,2,9,32799,32768,00000,00000
BCN,2696,0851,059734,2,8,002722,2,9,32799,32768,00000,00000
BCN,2697,0855,059734,2,8,002722,2,9,32799,32768,00000,00000
BCN,2698,0782,070000,2,9,002638,2,9,32800,32768,00000,00000
BCN,2699,0860,070000,2,9,002638,2,9,32800,32768,00000,00000
BCN,2700,0865,070000,2,9,002638,2,9,32800,32768,00000,00000
BCN,2701,0866,070000,2,9,002638,2,9,32800,32768,00000,00000
BCN,2702,0785,070000,2,9,002638,2,9,32800,32768,00000,00000
BCN,2703,0785,070000,2,9,002638,2,9,32800,32768,00000,00000
BCN,2704,0784,065943,2,9,002460,2,8,32800,32768,00000,00000
BCN,2705,0782,065943,2,9,002460,2,8,32800,32768,00000,00000
BCN,2706,0864,065943,2,9,002460,2,8,32800,32768,00000,00000
BCN,2707,0865,065943,2,9,002460,2,8,32800,32768,00000,00000
BCN,2708,0864,065943,2,9,002460,2,8,32800,32768,00000,00000
BCN,2709,0865,065943,2,9,002460,2,8,32800,32768,00000,00000
BCN,2710,0864,066138,2,9,002401,2,8,32800,32767,00000,00000
BCN,2711,0781,066138,2,9,002401,2,8,32800,32767,00000,00000
BCN,2712,0780,066138,2,9,002401,2,8,32800,32767,00000,00000
BCN,2713,0864,066138,2,9,002401,2,8,32800,32767,00000,00000
BCN,2714,0780,066138,2,9,002401,2,8,32800,32767,00000,00000
BCN,2715,0780,066138,2,9,002401,2,8,32800,32767,00000,00000
BCN,2716,0862,060085,2,8,002607,2,9,32799,32768,00000,00000
BCN,2717,0780,060085,2,8,002607,2,9,32799,32768,00000,00000
BCN,2718,0779,060085,2,8,002607,2,9,32799,32768,00000,00000
BCN,2719,0826,060085,2,8,002607,2,9,32799,32768,00000,00000
BCN,2720,0778,060085,2,8,002607,2,9,32799,32768,00000,00000
BCN,2721,0779,060085,2,8,002607,2,9,32799,32768,00000,00000
BCN,2722,0861,064038,2,8,002716,2,9,32800,32768,00000,00000
BCN,2723,0793,064038,2,8,002716,2,9,32800,32768,00000,00000
BCN,2724,0789,064038,2,8,002716,2,9,32800,32768,00000,00000
BCN,2725,0778,064038,2,8,002716,2,9,32800,32768,00000,00000
BCN,2726,0784,064038,2,8,002716,2,9,32800,32768,00000,00000
BCN,2727,0783,064038,2,8,002716,2,9,32800,32768,00000,00000
BCN,2728,0861,064038,2,8,002716,2,9,32800,32768,00000,00000
BCN,2729,0859,066255,2,9,002726,2,9,32800,32768,00000,00000
BCN,2730,0861,066255,2,9,002726,2,9,32800,32768,00000,00000
BCN,2731,0780,066255,2,9,002726,2,9,32800,32768,00000,00000
BCN,2732,0861,066255,2,9,002726,2,9,32800,32768,00000,00000
BCN,2733,0861,066255,2,9,002726,2,9,32800,32768,00000,00000
BCN,2734,0860,066255,2,9,002726,2,9,32800,32768,00000,00000
BCN,2735,0778,062133,2,8,002670,2,9,32799,32768,00000,00000
BCN,2736,0860,062133,2,8,002670,2,9,32799,32768,00000,00000
BCN,2737,0862,062133,2,8,002670,2,9,32799,32768,00000,00000
BCN,2738,0861,062133,2,8,002670,2,9,32799,32768,00000,00000
BCN,2739,0779,062133,2,8,002670,2,9,32799,32768,00000,00000
BCN,2740,0778,062133,2,8,002670,2,9,32799,32768,00000,00000
BCN,2741,0779,061886,2,8,002552,2,9,32800,32768,00000,00000
BCN,2742,0778,061886,2,8,002552,2,9,32800,32768,00000,00000
BCN,2743,0863,061886,2,8,002552,2,9,32800,32768,00000,00000
BCN,2744,0862,061886,2,8,002552,2,9,32800,32768,00000,00000
BCN,2745,0835,061886,2,8,002552,2,9,32800,32768,00000,00000
BCN,2746,0821,061886,2,8,002552,2,9,32800,32768,00000,00000
BCN,2747,0813,064025,2,8,002391,2,8,32800,32768,00000,00000
BCN,2748,0779,064025,2,8,002391,2,8,32800,32768,00000,00000
BCN,2749,0847,064025,2,8,002391,2,8,32800,32768,00000,00000
BCN,2750,0863,064025,2,8,002391,2,8,32800,32768,00000,00000
BCN,2751,0854,064025,2,8,002391,2,8,32800,32768,00000,00000
BCN,2752,0856,064025,2,8,002391,2,8,32800,32768,00000,00000
BCN,2753,0865,063960,2,8,002495,2,9,32799,32767,00000,00000
BCN,2754,0780,063960,2,8,002495,2,9,32799,32767,00000,00000
BCN,2755,0782,063960,2,8,002495,2,9,32799,32767,00000,00000
BCN,2756,0862,063960,2,8,002495,2,9,32799,32767,00000,00000
BCN,2757,0782,063960,2,8,002495,2,9,32799,32767,00000,00000
BCN,2758,0781,063960,2,8,002495,2,9,32799,32767,00000,00000
BCN,2759,0865,061730,2,8,002577,2,9,32800,32768,00000,00000
BCN,2760,0782,061730,2,8,002577,2,9,32800,32768,00000,00000
BCN,2761,0783,061730,2,8,002577,2,9,32800,32768,00000,00000
BCN,2762,0781,061730,2,8,002577,2,9,32800,32768,00000,00000
BCN,2763,0783,061730,2,8,002577,2,9,32800,32768,00000,00000
BCN,2764,0781,061730,2,8,002577,2,9,32800,32768,00000,00000
BCN,2765,0865,061730,2,8,002577,2,9,32800,32768,00000,00000
BCN,2766,0864,061756,2,8,002712,2,9,32800,32768,00000,00000
BCN,2767,0865,061756,2,8,002712,2,9,32800,32768,00000,00000
BCN,2768,0780,061756,2,8,002712,2,9,32800,32768,00000,00000
BCN,2769,0864,061756,2,8,002712,2,9,32800,32768,00000,00000
BCN,2770,0863,061756,2,8,002712,2,9,32800,32768,00000,00000
BCN,2771,0864,061756,2,8,002712,2,9,32800,32768,00000,00000
BCN,2772,0814,063791,2,8,002715,2,9,32799,32768,00000,00000
BCN,2773,0863,063791,2,8,002715,2,9,32799,32768,00000,00000
BCN,2774,0811,063791,2,8,002715,2,9,32799,32768,00000,00000
BCN,2775,0863,063791,2,8,002715,2,9,32799,32768,00000,00000
BCN,2776,0846,063791,2,8,002715,2,9,32799,32768,00000,00000
BCN,2777,0851,063791,2,8,002715,2,9,32799,32768,00000,00000
BCN,2778,0778,059682,2,8,002654,2,9,32799,32768,00000,00000
BCN,2779,0855,059682,2,8,002654,2,9,32799,32768,00000,00000
BCN,2780,0861,059682,2,8,002654,2,9,32799,32768,00000,00000
BCN,2781,0862,059682,2,8,002654,2,9,32799,32768,00000,00000
BCN,2782,0781,059682,2,8,002654,2,9,32799,32768,00000,00000
BCN,2783,0781,059682,2,8,002654,2,9,32799,32768,00000,00000
BCN,2784,0780,069961,2,9,002518,2,9,32800,32768,00000,00000
BCN,2785,0778,069961,2,9,002518,2,9,32800,32768,00000,00000
BCN,2786,0859,069961,2,9,002518,2,9,32800,32768,00000,00000
BCN,2787,0861,069961,2,9,002518,2,9,32800,32768,00000,00000
BCN,2788,0860,069961,2,9,002518,2,9,32800,32768,00000,00000
BCN,2789,0861,069961,2,9,002518,2,9,32800,32768,00000,00000
BCN,2790,0860,063778,2,8,002341,2,8,32800,32768,00000,00000
BCN,2791,0778,063778,2,8,002341,2,8,32800,32768,00000,00000
BCN,2792,0777,063778,2,8,002341,2,8,32800,32768,00000,00000
BCN,2793,0861,063778,2,8,002341,2,8,32800,32768,00000,00000
BCN,2794,0777,063778,2,8,002341,2,8,32800,32768,00000,00000
BCN,2795,0778,063778,2,8,002341,2,8,32800,32768,00000,00000
BCN,2796,0860,067822,2,9,002524,2,9,32800,32767,00000,00000
BCN,2797,0778,067822,2,9,002524,2,9,32800,32767,00000,00000
BCN,2798,0777,067822,2,9,002524,2,9,32800,32767,00000,00000
BCN,2799,0810,067822,2,9,002524,2,9,32800,32767,00000,00000
BCN,2800,0777,067822,2,9,002524,2,9,32800,32767,00000,00000
BCN,2801,0779,067822,2,9,002524,2,9,32800,32767,00000,00000
BCN,2802,0861,067822,2,9,002524,2,9,32800,32767,00000,00000
BCN,2803,0799,061717,2,8,002569,2,9,32800,32768,00000,00000
BCN,2804,0793,061717,2,8,002569,2,9,32800,32768,00000,00000
BCN,2805,0780,061717,2,8,002569,2,9,32800,32768,00000,00000
BCN,2806,0788,061717,2,8,002569,2,9,32800,32768,00000,00000
BCN,2807,0787,061717,2,8,002569,2,9,32800,32768,00000,00000
BCN,2808,0863,061717,2,8,002569,2,9,32800,32768,00000,00000
BCN,2809,0861,063765,2,8,002738,2,9,32799,32768,00000,00000
BCN,2810,0863,063765,2,8,002738,2,9,32799,32768,00000,00000
BCN,2811,0784,063765,2,8,002738,2,9,32799,32768,00000,00000
BCN,2812,0864,063765,2,8,002738,2,9,32799,32768,00000,00000
BCN,2813,0864,063765,2,8,002738,2,9,32799,32768,00000,00000
BCN,2814,0863,063765,2,8,002738,2,9,32799,32768,00000,00000
BCN,2815,0782,061808,2,8,002719,2,9,32799,32768,00000,00000
BCN,2816,0864,061808,2,8,002719,2,9,32799,32768,00000,00000
BCN,2817,0866,061808,2,8,002719,2,9,32799,32768,00000,00000
BCN,2818,0865,061808,2,8,002719,2,9,32799,32768,00000,00000
BCN,2819,0783,061808,2,8,002719,2,9,32799,32768,00000,00000
BCN,2820,0782,061808,2,8,002719,2,9,32799,32768,00000,00000
BCN,2821,0783,070026,2,9,002648,2,9,32800,32768,00000,00000
BCN,2822,0781,070026,2,9,002648,2,9,32800,32768,00000,00000
BCN,2823,0866,070026,2,9,002648,2,9,32800,32768,00000,00000
BCN,2824,0864,070026,2,9,002648,2,9,32800,32768,00000,00000
BCN,2825,0857,070026,2,9,002648,2,9,32800,32768,00000,00000
BCN,2826,0838,070026,2,9,002648,2,9,32800,32768,00000,00000
BCN,2827,0826,065956,2,9,002509,2,8,32800,32768,00000,00000
BCN,2828,0780,065956,2,9,002509,2,8,32800,32768,00000,00000
BCN,2829,0842,065956,2,9,002509,2,8,32800,32768,00000,00000
BCN,2830,0863,065956,2,9,002509,2,8,32800,32768,00000,00000
BCN,2831,0852,065956,2,9,002509,2,8,32800,32768,00000,00000
BCN,2832,0852,065956,2,9,002509,2,8,32800,32768,00000,00000
BCN,2833,0864,065969,2,9,002348,2,8,32800,32767,00000,00000
BCN,2834,0779,065969,2,9,002348,2,8,32800,32767,00000,00000
BCN,2835,0780,065969,2,9,002348,2,8,32800,32767,00000,00000
BCN,2836,0858,065969,2,9,002348,2,8,32800,32767,00000,00000
BCN,2837,0780,065969,2,9,002348,2,8,32800,32767,00000,00000
BCN,2838,0778,065969,2,9,002348,2,8,32800,32767,00000,00000
BCN,2839,0863,065969,2,9,002348,2,8,32800,32767,00000,00000
BCN,2840,0779,059955,2,8,002598,2,9,32799,32768,00000,00000
BCN,2841,0781,059955,2,8,002598,2,9,32799,32768,00000,00000
BCN,2842,0777,059955,2,8,002598,2,9,32799,32768,00000,00000
BCN,2843,0780,059955,2,8,002598,2,9,32799,32768,00000,00000
BCN,2844,0778,059955,2,8,002598,2,9,32799,32768,00000,00000
BCN,2845,0862,059955,2,8,002598,2,9,32799,32768,00000,00000
BCN,2846,0860,066086,2,9,002692,2,9,32800,32768,00000,00000
BCN,2847,0862,066086,2,9,002692,2,9,32800,32768,00000,00000
BCN,2848,0777,066086,2,9,002692,2,9,32800,32768,00000,00000
BCN,2849,0862,066086,2,9,002692,2,9,32800,32768,00000,00000
BCN,2850,0860,066086,2,9,002692,2,9,32800,32768,00000,00000
BCN,2851,0862,066086,2,9,002692,2,9,32800,32768,00000,00000
BCN,2852,0797,064116,2,8,002730,2,9,32800,32768,00000,00000
BCN,2853,0862,064116,2,8,002730,2,9,32800,32768,00000,00000
BCN,2854,0821,064116,2,8,002730,2,9,32800,32768,00000,00000
BCN,2855,0862,064116,2,8,002730,2,9,32800,32768,00000,00000
BCN,2856,0838,064116,2,8,002730,2,9,32800,32768,00000,00000
BCN,2857,0845,064116,2,8,002730,2,9,32800,32768,00000,00000
BCN,2858,0777,060098,2,8,002721,2,9,32799,32768,00000,00000
BCN,2859,0852,060098,2,8,002721,2,9,32799,32768,00000,00000
BCN,2860,0861,060098,2,8,002721,2,9,32799,32768,00000,00000
BCN,2861,0862,060098,2,8,002721,2,9,32799,32768,00000,00000
BCN,2862,0783,060098,2,8,002721,2,9,32799,32768,00000,00000
BCN,2863,0784,060098,2,8,002721,2,9,32799,32768,00000,00000
BCN,2864,0781,066190,2,9,002626,2,9,32800,32768,00000,00000
BCN,2865,0780,066190,2,9,002626,2,9,32800,32768,00000,00000
BCN,2866,0860,066190,2,9,002626,2,9,32800,32768,00000,00000
BCN,2867,0864,066190,2,9,002626,2,9,32800,32768,00000,00000
BCN,2868,0861,066190,2,9,002626,2,9,32800,32768,00000,00000
BCN,2869,0864,066190,2,9,002626,2,9,32800,32768,00000,00000
BCN,2870,0863,064194,2,8,002465,2,8,32800,32768,00000,00000
BCN,2871,0782,064194,2,8,002465,2,8,32800,32768,00000,00000
BCN,2872,0780,064194,2,8,002465,2,8,32800,32768,00000,00000
BCN,2873,0865,064194,2,8,002465,2,8,32800,32768,00000,00000
BCN,2874,0780,064194,2,8,002465,2,8,32800,32768,00000,00000
BCN,2875,0783,064194,2,8,002465,2,8,32800,32768,00000,00000
BCN,2876,0864,064194,2,8,002465,2,8,32800,32768,00000,00000
BCN,2877,0783,060163,2,8,002384,2,8,32799,32767,00000,00000
BCN,2878,0781,060163,2,8,002384,2,8,32799,32767,00000,00000
BCN,2879,0803,060163,2,8,002384,2,8,32799,32767,00000,00000
BCN,2880,0781,060163,2,8,002384,2,8,32799,32767,00000,00000
BCN,2881,0783,060163,2,8,002384,2,8,32799,32767,00000,00000
BCN,2882,0864,060163,2,8,002384,2,8,32799,32767,00000,00000
BCN,2883,0807,066242,2,9,002613,2,9,32800,32768,00000,00000
BCN,2884,0800,066242,2,9,002613,2,9,32800,32768,00000,00000
BCN,2885,0783,066242,2,9,002613,2,9,32800,32768,00000,00000
BCN,2886,0792,066242,2,9,002613,2,9,32800,32768,00000,00000
BCN,2887,0791,066242,2,9,002613,2,9,32800,32768,00000,00000
BCN,2888,0863,066242,2,9,002613,2,9,32800,32768,00000,00000
BCN,2889,0861,066359,2,9,002706,2,9,32800,32768,00000,00000
BCN,2890,0863,066359,2,9,002706,2,9,32800,32768,00000,00000
BCN,2891,0785,066359,2,9,002706,2,9,32800,32768,00000,00000
BCN,2892,0862,066359,2,9,002706,2,9,32800,32768,00000,00000
BCN,2893,0863,066359,2,9,002706,2,9,32800,32768,00000,00000
BCN,2894,0861,066359,2,9,002706,2,9,32800,32768,00000,00000
BCN,2895,0780,060254,2,8,002726,2,9,32799,32768,00000,00000
BCN,2896,0861,060254,2,8,002726,2,9,32799,32768,00000,00000
BCN,2897,0864,060254,2,8,002726,2,9,32799,32768,00000,00000
BCN,2898,0861,060254,2,8,002726,2,9,32799,32768,00000,00000
BCN,2899,0780,060254,2,8,002726,2,9,32799,32768,00000,00000
BCN,2900,0778,060254,2,8,002726,2,9,32799,32768,00000,00000
BCN,2901,0780,064168,2,8,002662,2,9,32800,32768,00000,00000
BCN,2902,0777,064168,2,8,002662,2,9,32800,32768,00000,00000
BCN,2903,0863,064168,2,8,002662,2,9,32800,32768,00000,00000
BCN,2904,0860,064168,2,8,002662,2,9,32800,32768,00000,00000
BCN,2905,0862,064168,2,8,002662,2,9,32800,32768,00000,00000
BCN,2906,0844,064168,2,8,002662,2,9,32800,32768,00000,00000
BCN,2907,0831,066346,2,9,002573,2,9,32800,32768,00000,00000
BCN,2908,0776,066346,2,9,002573,2,9,32800,32768,00000,00000
BCN,2909,0835,066346,2,9,002573,2,9,32800,32768,00000,00000
BCN,2910,0860,066346,2,9,002573,2,9,32800,32768,00000,00000
BCN,2911,0847,066346,2,9,002573,2,9,32800,32768,00000,00000
BCN,2912,0848,066346,2,9,002573,2,9,32800,32768,00000,00000
BCN,2913,0862,066346,2,9,002573,2,9,32800,32768,00000,00000
BCN,2914,0776,060241,2,8,002401,2,8,32799,32768,00000,00000
BCN,2915,0779,060241,2,8,002401,2,8,32799,32768,00000,00000
BCN,2916,0856,060241,2,8,002401,2,8,32799,32768,00000,00000
BCN,2917,0779,060241,2,8,002401,2,8,32799,32768,00000,00000
BCN,2918,0777,060241,2,8,002401,2,8,32799,32768,00000,00000
BCN,2919,0863,060241,2,8,002401,2,8,32799,32768,00000,00000
BCN,2920,0779,064155,2,8,002488,2,9,32800,32767,00000,00000
BCN,2921,0781,064155,2,8,002488,2,9,32800,32767,00000,00000
BCN,2922,0777,064155,2,8,002488,2,9,32800,32767,00000,00000
BCN,2923,0781,064155,2,8,002488,2,9,32800,32767,00000,00000
BCN,2924,0778,064155,2,8,002488,2,9,32800,32767,00000,00000
BCN,2925,0864,064155,2,8,002488,2,9,32800,32767,00000,00000
BCN,2926,0861,066333,2,9,002580,2,9,32800,32768,00000,00000
BCN,2927,0864,066333,2,9,002580,2,9,32800,32768,00000,00000
BCN,2928,0779,066333,2,9,002580,2,9,32800,32768,00000,00000
BCN,2929,0865,066333,2,9,002580,2,9,32800,32768,00000,00000
BCN,2930,0862,066333,2,9,002580,2,9,32800,32768,00000,00000
BCN,2931,0865,066333,2,9,002580,2,9,32800,32768,00000,00000
BCN,2932,0779,060228,2,8,002704,2,9,32799,32768,00000,00000
BCN,2933,0865,060228,2,8,002704,2,9,32799,32768,00000,00000
BCN,2934,0834,060228,2,8,002704,2,9,32799,32768,00000,00000
BCN,2935,0866,060228,2,8,002704,2,9,32799,32768,00000,00000
BCN,2936,0836,060228,2,8,002704,2,9,32799,32768,00000,00000
BCN,2937,0845,060228,2,8,002704,2,9,32799,32768,00000,00000
BCN,2938,0780,064142,2,8,002735,2,9,32800,32768,00000,00000
BCN,2939,0854,064142,2,8,002735,2,9,32800,32768,00000,00000
BCN,2940,0863,064142,2,8,002735,2,9,32800,32768,00000,00000
BCN,2941,0866,064142,2,8,002735,2,9,32800,32768,00000,00000
BCN,2942,0786,064142,2,8,002735,2,9,32800,32768,00000,00000
BCN,2943,0788,064142,2,8,002735,2,9,32800,32768,00000,00000
BCN,2944,0784,066333,2,9,002663,2,9,32800,32768,00000,00000
BCN,2945,0783,066333,2,9,002663,2,9,32800,32768,00000,00000
BCN,2946,0861,066333,2,9,002663,2,9,32800,32768,00000,00000
BCN,2947,0866,066333,2,9,002663,2,9,32800,32768,00000,00000
BCN,2948,0861,066333,2,9,002663,2,9,32800,32768,00000,00000
BCN,2949,0865,066333,2,9,002663,2,9,32800,32768,00000,00000
BCN,2950,0862,066333,2,9,002663,2,9,32800,32768,00000,00000
BCN,2951,0781,060228,2,8,002530,2,9,32799,32768,00000,00000
BCN,2952,0778,060228,2,8,002530,2,9,32799,32768,00000,00000
BCN,2953,0864,060228,2,8,002530,2,9,32799,32768,00000,00000
BCN,2954,0778,060228,2,8,002530,2,9,32799,32768,00000,00000
BCN,2955,0781,060228,2,8,002530,2,9,32799,32768,00000,00000
BCN,2956,0860,060228,2,8,002530,2,9,32799,32768,00000,00000
BCN,2957,0781,064142,2,8,002352,2,8,32800,32768,00000,00000
BCN,2958,0777,064142,2,8,002352,2,8,32800,32768,00000,00000
BCN,2959,0780,064142,2,8,002352,2,8,32800,32768,00000,00000
BCN,2960,0777,064142,2,8,002352,2,8,32800,32768,00000,00000
BCN,2961,0780,064142,2,8,002352,2,8,32800,32768,00000,00000
BCN,2962,0860,064142,2,8,002352,2,8,32800,32768,00000,00000
BCN,2963,0811,066333,2,9,002517,2,9,32800,32767,00000,00000
BCN,2964,0800,066333,2,9,002517,2,9,32800,32767,00000,00000
BCN,2965,0779,066333,2,9,002517,2,9,32800,32767,00000,00000
BCN,2966,0790,066333,2,9,002517,2,9,32800,32767,00000,00000
BCN,2967,0790,066333,2,9,002517,2,9,32800,32767,00000,00000
BCN,2968,0859,066333,2,9,002517,2,9,32800,32767,00000,00000
BCN,2969,0857,060228,2,8,002571,2,9,32799,32768,00000,00000
BCN,2970,0859,060228,2,8,002571,2,9,32799,32768,00000,00000
BCN,2971,0783,060228,2,8,002571,2,9,32799,32768,00000,00000
BCN,2972,0859,060228,2,8,002571,2,9,32799,32768,00000,00000
BCN,2973,0861,060228,2,8,002571,2,9,32799,32768,00000,00000
BCN,2974,0858,060228,2,8,002571,2,9,32799,32768,00000,00000
BCN,2975,0780,064142,2,8,002731,2,9,32800,32768,00000,00000
BCN,2976,0858,064142,2,8,002731,2,9,32800,32768,00000,00000
BCN,2977,0863,064142,2,8,002731,2,9,32800,32768,00000,00000
BCN,2978,0859,064142,2,8,002731,2,9,32800,32768,00000,00000
BCN,2979,0781,064142,2,8,002731,2,9,32800,32768,00000,00000
BCN,2980,0777,064142,2,8,002731,2,9,32800,32768,00000,00000
BCN,2981,0781,066333,2,9,002715,2,9,32800,32768,00000,00000
BCN,2982,0777,066333,2,9,002715,2,9,32800,32768,00000,00000
BCN,2983,0864,066333,2,9,002715,2,9,32800,32768,00000,00000
BCN,2984,0861,066333,2,9,002715,2,9,32800,32768,00000,00000
BCN,2985,0864,066333,2,9,002715,2,9,32800,32768,00000,00000
BCN,2986,0861,066333,2,9,002715,2,9,32800,32768,00000,00000
BCN,2987,0853,066333,2,9,002715,2,9,32800,32768,00000,00000
BCN,2988,0779,060228,2,8,002656,2,9,32799,32768,00000,00000
BCN,2989,0829,060228,2,8,002656,2,9,32799,32768,00000,00000
BCN,2990,0862,060228,2,8,002656,2,9,32799,32768,00000,00000
BCN,2991,0845,060228,2,8,002656,2,9,32799,32768,00000,00000
BCN,2992,0847,060228,2,8,002656,2,9,32799,32768,00000,00000
BCN,2993,0866,060228,2,8,002656,2,9,32799,32768,00000,00000
BCN,2994,0780,064142,2,8,002522,2,9,32800,32768,00000,00000
BCN,2995,0784,064142,2,8,002522,2,9,32800,32768,00000,00000
BCN,2996,0858,064142,2,8,002522,2,9,32800,32768,00000,00000
BCN,2997,0784,064142,2,8,002522,2,9,32800,32768,00000,00000
BCN,2998,0780,064142,2,8,002522,2,9,32800,32768,00000,00000
BCN,2999,0867,064142,2,8,002522,2,9,32800,32768,00000,00000
BCN,3000,0782,066333,2,9,002334,2,8,32800,32768,00000,00000
BCN,3001,0786,066333,2,9,002334,2,8,32800,32768,00000,00000
BCN,3002,0780,066333,2,9,002334,2,8,32800,32768,00000,00000
BCN,3003,0785,066333,2,9,002334,2,8,32800,32768,00000,00000
BCN,3004,0781,066333,2,9,002334,2,8,32800,32768,00000,00000
BCN,3005,0866,066333,2,9,002334,2,8,32800,32768,00000,00000
BCN,3006,0862,060228,2,8,002526,2,9,32799,32767,00000,00000
BCN,3007,0866,060228,2,8,002526,2,9,32799,32767,00000,00000
BCN,3008,0780,060228,2,8,002526,2,9,32799,32767,00000,00000
BCN,3009,0866,060228,2,8,002526,2,9,32799,32767,00000,00000
BCN,3010,0862,060228,2,8,002526,2,9,32799,32767,00000,00000
BCN,3011,0865,060228,2,8,002526,2,9,32799,32767,00000,00000
BCN,3012,0778,064142,2,8,002543,2,9,32800,32768,00000,00000
BCN,3013,0865,064142,2,8,002543,2,9,32800,32768,00000,00000
BCN,3014,0845,064142,2,8,002543,2,9,32800,32768,00000,00000
BCN,3015,0865,064142,2,8,002543,2,9,32800,32768,00000,00000
BCN,3016,0826,064142,2,8,002543,2,9,32800,32768,00000,00000
BCN,3017,0838,064142,2,8,002543,2,9,32800,32768,00000,00000
BCN,3018,0777,066333,2,9,002724,2,9,32800,32768,00000,00000
BCN,3019,0849,066333,2,9,002724,2,9,32800,32768,00000,00000
BCN,3020,0860,066333,2,9,002724,2,9,32800,32768,00000,00000
BCN,3021,0864,066333,2,9,002724,2,9,32800,32768,00000,00000
BCN,3022,0784,066333,2,9,002724,2,9,32800,32768,00000,00000
BCN,3023,0786,066333,2,9,002724,2,9,32800,32768,00000,00000
BCN,3024,0781,066333,2,9,002724,2,9,32800,32768,00000,00000
BCN,3025,0780,062185,2,8,002692,2,9,32799,32768,00000,00000
BCN,3026,0857,062185,2,8,002692,2,9,32799,32768,00000,00000
BCN,3027,0863,062185,2,8,002692,2,9,32799,32768,00000,00000
BCN,3028,0857,062185,2,8,002692,2,9,32799,32768,00000,00000
BCN,3029,0862,062185,2,8,002692,2,9,32799,32768,00000,00000
BCN,3030,0860,062185,2,8,002692,2,9,32799,32768,00000,00000
BCN,3031,0780,064077,2,8,002609,2,9,32800,32768,00000,00000
BCN,3032,0776,064077,2,8,002609,2,9,32800,32768,00000,00000
BCN,3033,0863,064077,2,8,002609,2,9,32800,32768,00000,00000
BCN,3034,0776,064077,2,8,002609,2,9,32800,32768,00000,00000
BCN,3035,0780,064077,2,8,002609,2,9,32800,32768,00000,00000
BCN,3036,0860,064077,2,8,002609,2,9,32800,32768,00000,00000
BCN,3037,0780,066281,2,9,002433,2,8,32800,32768,00000,00000
BCN,3038,0777,066281,2,9,002433,2,8,32800,32768,00000,00000
BCN,3039,0780,066281,2,9,002433,2,8,32800,32768,00000,00000
BCN,3040,0777,066281,2,9,002433,2,8,32800,32768,00000,00000
BCN,3041,0781,066281,2,9,002433,2,8,32800,32768,00000,00000
BCN,3042,0860,066281,2,9,002433,2,8,32800,32768,00000,00000
BCN,3043,0820,062159,2,8,002593,2,9,32799,32767,00000,00000
BCN,3044,0807,062159,2,8,002593,2,9,32799,32767,00000,00000
BCN,3045,0782,062159,2,8,002593,2,9,32799,32767,00000,00000
BCN,3046,0796,062159,2,8,002593,2,9,32799,32767,00000,00000
BCN,3047,0796,062159,2,8,002593,2,9,32799,32767,00000,00000
BCN,3048,0862,062159,2,8,002593,2,9,32799,32767,00000,00000
BCN,3049,0859,064051,2,8,002489,2,9,32800,32768,00000,00000
BCN,3050,0862,064051,2,8,002489,2,9,32800,32768,00000,00000
BCN,3051,0788,064051,2,8,002489,2,9,32800,32768,00000,00000
BCN,3052,0862,064051,2,8,002489,2,9,32800,32768,00000,00000
BCN,3053,0864,064051,2,8,002489,2,9,32800,32768,00000,00000
BCN,3054,0860,064051,2,8,002489,2,9,32800,32768,00000,00000
BCN,3055,0783,066268,2,9,002715,2,9,32800,32768,00000,00000
BCN,3056,0861,066268,2,9,002715,2,9,32800,32768,00000,00000
BCN,3057,0866,066268,2,9,002715,2,9,32800,32768,00000,00000
BCN,3058,0862,066268,2,9,002715,2,9,32800,32768,00000,00000
BCN,3059,0784,066268,2,9,002715,2,9,32800,32768,00000,00000
BCN,3060,0780,066268,2,9,002715,2,9,32800,32768,00000,00000
BCN,3061,0784,066268,2,9,002715,2,9,32800,32768,00000,00000
BCN,3062,0779,060176,2,8,002676,2,9,32799,32768,00000,00000
BCN,3063,0866,060176,2,8,002676,2,9,32799,32768,00000,00000
BCN,3064,0862,060176,2,8,002676,2,9,32799,32768,00000,00000
BCN,3065,0866,060176,2,8,002676,2,9,32799,32768,00000,00000
BCN,3066,0861,060176,2,8,002676,2,9,32799,32768,00000,00000
BCN,3067,0865,060176,2,8,002676,2,9,32799,32768,00000,00000
BCN,3068,0778,064103,2,8,002605,2,9,32800,32768,00000,00000
BCN,3069,0814,064103,2,8,002605,2,9,32800,32768,00000,00000
BCN,3070,0861,064103,2,8,002605,2,9,32800,32768,00000,00000
BCN,3071,0836,064103,2,8,002605,2,9,32800,32768,00000,00000
BCN,3072,0839,064103,2,8,002605,2,9,32800,32768,00000,00000
BCN,3073,0864,064103,2,8,002605,2,9,32800,32768,00000,00000
BCN,3074,0777,066294,2,9,002441,2,8,32800,32768,00000,00000
BCN,3075,0781,066294,2,9,002441,2,8,32800,32768,00000,00000
BCN,3076,0853,066294,2,9,002441,2,8,32800,32768,00000,00000
BCN,3077,0780,066294,2,9,002441,2,8,32800,32768,00000,00000
BCN,3078,0776,066294,2,9,002441,2,8,32800,32768,00000,00000
BCN,3079,0863,066294,2,9,002441,2,8,32800,32768,00000,00000
BCN,3080,0779,060202,2,8,002412,2,8,32799,32767,00000,00000
BCN,3081,0782,060202,2,8,002412,2,8,32799,32767,00000,00000
BCN,3082,0776,060202,2,8,002412,2,8,32799,32767,00000,00000
BCN,3083,0781,060202,2,8,002412,2,8,32799,32767,00000,00000
BCN,3084,0777,060202,2,8,002412,2,8,32799,32767,00000,00000
BCN,3085,0862,060202,2,8,002412,2,8,32799,32767,00000,00000
BCN,3086,0859,064129,2,8,002595,2,9,32800,32768,00000,00000
BCN,3087,0863,064129,2,8,002595,2,9,32800,32768,00000,00000
BCN,3088,0776,064129,2,8,002595,2,9,32800,32768,00000,00000
BCN,3089,0863,064129,2,8,002595,2,9,32800,32768,00000,00000
BCN,3090,0859,064129,2,8,002595,2,9,32800,32768,00000,00000
BCN,3091,0863,064129,2,8,002595,2,9,32800,32768,00000,00000
BCN,3092,0776,066320,2,9,002721,2,9,32800,32768,00000,00000
BCN,3093,0862,066320,2,9,002721,2,9,32800,32768,00000,00000
BCN,3094,0860,066320,2,9,002721,2,9,32800,32768,00000,00000
BCN,3095,0863,066320,2,9,002721,2,9,32800,32768,00000,00000
BCN,3096,0813,066320,2,9,002721,2,9,32800,32768,00000,00000
BCN,3097,0829,066320,2,9,002721,2,9,32800,32768,00000,00000
BCN,3098,0777,066320,2,9,002721,2,9,32800,32768,00000,00000
BCN,3099,0843,060215,2,8,002739,2,9,32799,32768,00000,00000
BCN,3100,0861,060215,2,8,002739,2,9,32799,32768,00000,00000
BCN,3101,0865,060215,2,8,002739,2,9,32799,32768,00000,00000
BCN,3102,0789,060215,2,8,002739,2,9,32799,32768,00000,00000
BCN,3103,0790,060215,2,8,002739,2,9,32799,32768,00000,00000
BCN,3104,0785,060215,2,8,002739,2,9,32799,32768,00000,00000
BCN,3105,0783,064142,2,8,002665,2,9,32800,32768,00000,00000
BCN,3106,0859,064142,2,8,002665,2,9,32800,32768,00000,00000
BCN,3107,0866,064142,2,8,002665,2,9,32800,32768,00000,00000
BCN,3108,0861,064142,2,8,002665,2,9,32800,32768,00000,00000
BCN,3109,0865,064142,2,8,002665,2,9,32800,32768,00000,00000
BCN,3110,0863,064142,2,8,002665,2,9,32800,32768,00000,00000
BCN,3111,0784,066320,2,9,002533,2,9,32800,32768,00000,00000
BCN,3112,0780,066320,2,9,002533,2,9,32800,32768,00000,00000
BCN,3113,0866,066320,2,9,002533,2,9,32800,32768,00000,00000
BCN,3114,0780,066320,2,9,002533,2,9,32800,32768,00000,00000
BCN,3115,0784,066320,2,9,002533,2,9,32800,32768,00000,00000
BCN,3116,0863,066320,2,9,002533,2,9,32800,32768,00000,00000
BCN,3117,0784,060228,2,8,002377,2,8,32799,32768,00000,00000
BCN,3118,0780,060228,2,8,002377,2,8,32799,32768,00000,00000
BCN,3119,0784,060228,2,8,002377,2,8,32799,32768,00000,00000
BCN,3120,0780,060228,2,8,002377,2,8,32799,32768,00000,00000
BCN,3121,0784,060228,2,8,002377,2,8,32799,32768,00000,00000
BCN,3122,0863,060228,2,8,002377,2,8,32799,32768,00000,00000
BCN,3123,0836,064142,2,8,002471,2,9,32800,32767,00000,00000
BCN,3124,0820,064142,2,8,002471,2,9,32800,32767,00000,00000
BCN,3125,0783,064142,2,8,002471,2,9,32800,32767,00000,00000
BCN,3126,0803,064142,2,8,002471,2,9,32800,32767,00000,00000
BCN,3127,0801,064142,2,8,002471,2,9,32800,32767,00000,00000
BCN,3128,0861,064142,2,8,002471,2,9,32800,32767,00000,00000
BCN,3129,0855,066320,2,9,002572,2,9,32800,32768,00000,00000
BCN,3130,0861,066320,2,9,002572,2,9,32800,32768,00000,00000
BCN,3131,0788,066320,2,9,002572,2,9,32800,32768,00000,00000
BCN,3132,0860,066320,2,9,002572,2,9,32800,32768,00000,00000
BCN,3133,0860,066320,2,9,002572,2,9,32800,32768,00000,00000
BCN,3134,0858,066320,2,9,002572,2,9,32800,32768,00000,00000
BCN,3135,0780,066320,2,9,002572,2,9,32800,32768,00000,00000
BCN,3136,0858,062185,2,8,002698,2,9,32799,32768,00000,00000
BCN,3137,0863,062185,2,8,002698,2,9,32799,32768,00000,00000
BCN,3138,0860,062185,2,8,002698,2,9,32799,32768,00000,00000
BCN,3139,0781,062185,2,8,002698,2,9,32799,32768,00000,00000
BCN,3140,0777,062185,2,8,002698,2,9,32799,32768,00000,00000
BCN,3141,0780,062185,2,8,002698,2,9,32799,32768,00000,00000
BCN,3142,0776,064077,2,8,002734,2,9,32800,32768,00000,00000
BCN,3143,0862,064077,2,8,002734,2,9,32800,32768,00000,00000
BCN,3144,0859,064077,2,8,002734,2,9,32800,32768,00000,00000
BCN,3145,0862,064077,2,8,002734,2,9,32800,32768,00000,00000
BCN,3146,0859,064077,2,8,002734,2,9,32800,32768,00000,00000
BCN,3147,0863,064077,2,8,002734,2,9,32800,32768,00000,00000
BCN,3148,0776,066281,2,9,002682,2,9,32800,32768,00000,00000
BCN,3149,0786,066281,2,9,002682,2,9,32800,32768,00000,00000
BCN,3150,0859,066281,2,9,002682,2,9,32800,32768,00000,00000
BCN,3151,0819,066281,2,9,002682,2,9,32800,32768,00000,00000
BCN,3152,0826,066281,2,9,002682,2,9,32800,32768,00000,00000
BCN,3153,0863,066281,2,9,002682,2,9,32800,32768,00000,00000
BCN,3154,0777,062159,2,8,002598,2,9,32799,32768,00000,00000
BCN,3155,0780,062159,2,8,002598,2,9,32799,32768,00000,00000
BCN,3156,0848,062159,2,8,002598,2,9,32799,32768,00000,00000
BCN,3157,0780,062159,2,8,002598,2,9,32799,32768,00000,00000
BCN,3158,0777,062159,2,8,002598,2,9,32799,32768,00000,00000
BCN,3159,0864,062159,2,8,002598,2,9,32799,32768,00000,00000
BCN,3160,0782,064051,2,8,002444,2,8,32800,32768,00000,00000
BCN,3161,0785,064051,2,8,002444,2,8,32800,32768,00000,00000
BCN,3162,0778,064051,2,8,002444,2,8,32800,32768,00000,00000
BCN,3163,0784,064051,2,8,002444,2,8,32800,32768,00000,00000
BCN,3164,0780,064051,2,8,002444,2,8,32800,32768,00000,00000
BCN,3165,0864,064051,2,8,002444,2,8,32800,32768,00000,00000
BCN,3166,0861,064116,2,8,002362,2,8,32800,32767,00000,00000
BCN,3167,0865,064116,2,8,002362,2,8,32800,32767,00000,00000
BCN,3168,0780,064116,2,8,002362,2,8,32800,32767,00000,00000
BCN,3169,0866,064116,2,8,002362,2,8,32800,32767,00000,00000
BCN,3170,0862,064116,2,8,002362,2,8,32800,32767,00000,00000
BCN,3171,0866,064116,2,8,002362,2,8,32800,32767,00000,00000
BCN,3172,0780,064116,2,8,002362,2,8,32800,32767,00000,00000
BCN,3173,0866,064025,2,8,002616,2,9,32799,32768,00000,00000
BCN,3174,0863,064025,2,8,002616,2,9,32799,32768,00000,00000
BCN,3175,0866,064025,2,8,002616,2,9,32799,32768,00000,00000
BCN,3176,0780,064025,2,8,002616,2,9,32799,32768,00000,00000
BCN,3177,0805,064025,2,8,002616,2,9,32799,32768,00000,00000
BCN,3178,0780,064025,2,8,002616,2,9,32799,32768,00000,00000
BCN,3179,0828,061769,2,8,002684,2,9,32800,32768,00000,00000
BCN,3180,0863,061769,2,8,002684,2,9,32800,32768,00000,00000
BCN,3181,0866,061769,2,8,002684,2,9,32800,32768,00000,00000
BCN,3182,0799,061769,2,8,002684,2,9,32800,32768,00000,00000
BCN,3183,0797,061769,2,8,002684,2,9,32800,32768,00000,00000
BCN,3184,0790,061769,2,8,002684,2,9,32800,32768,00000,00000
BCN,3185,0782,063947,2,8,002722,2,9,32800,32768,00000,00000
BCN,3186,0857,063947,2,8,002722,2,9,32800,32768,00000,00000
BCN,3187,0865,063947,2,8,002722,2,9,32800,32768,00000,00000
BCN,3188,0858,063947,2,8,002722,2,9,32800,32768,00000,00000
BCN,3189,0862,063947,2,8,002722,2,9,32800,32768,00000,00000
BCN,3190,0861,063947,2,8,002722,2,9,32800,32768,00000,00000
BCN,3191,0781,063895,2,8,002683,2,9,32799,32768,00000,00000
BCN,3192,0778,063895,2,8,002683,2,9,32799,32768,00000,00000
BCN,3193,0863,063895,2,8,002683,2,9,32799,32768,00000,00000
BCN,3194,0777,063895,2,8,002683,2,9,32799,32768,00000,00000
BCN,3195,0780,063895,2,8,002683,2,9,32799,32768,00000,00000
BCN,3196,0860,063895,2,8,002683,2,9,32799,32768,00000,00000
BCN,3197,0781,059760,2,8,002626,2,9,32799,32768,00000,00000
BCN,3198,0777,059760,2,8,002626,2,9,32799,32768,00000,00000
BCN,3199,0780,059760,2,8,002626,2,9,32799,32768,00000,00000
BCN,3200,0777,059760,2,8,002626,2,9,32799,32768,00000,00000
BCN,3201,0780,059760,2,8,002626,2,9,32799,32768,00000,00000
BCN,3202,0860,059760,2,8,002626,2,9,32799,32768,00000,00000
BCN,3203,0863,070026,2,9,002494,2,9,32800,32768,00000,00000
BCN,3204,0856,070026,2,9,002494,2,9,32800,32768,00000,00000
BCN,3205,0779,070026,2,9,002494,2,9,32800,32768,00000,00000
BCN,3206,0824,070026,2,9,002494,2,9,32800,32768,00000,00000
BCN,3207,0816,070026,2,9,002494,2,9,32800,32768,00000,00000
BCN,3208,0859,070026,2,9,002494,2,9,32800,32768,00000,00000
BCN,3209,0844,070026,2,9,002494,2,9,32800,32768,00000,00000
BCN,3210,0860,061795,2,8,002350,2,8,32800,32767,00000,00000
BCN,3211,0792,061795,2,8,002350,2,8,32800,32767,00000,00000
BCN,3212,0860,061795,2,8,002350,2,8,32800,32767,00000,00000
BCN,3213,0856,061795,2,8,002350,2,8,32800,32767,00000,00000
BCN,3214,0855,061795,2,8,002350,2,8,32800,32767,00000,00000
BCN,3215,0779,061795,2,8,002350,2,8,32800,32767,00000,00000
BCN,3216,0857,063817,2,8,002590,2,9,32799,32768,00000,00000
BCN,3217,0863,063817,2,8,002590,2,9,32799,32768,00000,00000
BCN,3218,0860,063817,2,8,002590,2,9,32799,32768,00000,00000
BCN,3219,0781,063817,2,8,002590,2,9,32799,32768,00000,00000
BCN,3220,0778,063817,2,8,002590,2,9,32799,32768,00000,00000
BCN,3221,0781,063817,2,8,002590,2,9,32799,32768,00000,00000
BCN,3222,0777,061847,2,8,002681,2,9,32799,32768,00000,00000
BCN,3223,0862,061847,2,8,002681,2,9,32799,32768,00000,00000
BCN,3224,0859,061847,2,8,002681,2,9,32799,32768,00000,00000
BCN,3225,0863,061847,2,8,002681,2,9,32799,32768,00000,00000
BCN,3226,0860,061847,2,8,002681,2,9,32799,32768,00000,00000
BCN,3227,0862,061847,2,8,002681,2,9,32799,32768,00000,00000
BCN,3228,0777,072191,2,9,002723,2,9,32800,32768,00000,00000
BCN,3229,0780,072191,2,9,002723,2,9,32800,32768,00000,00000
BCN,3230,0860,072191,2,9,002723,2,9,32800,32768,00000,00000
BCN,3231,0780,072191,2,9,002723,2,9,32800,32768,00000,00000
BCN,3232,0799,072191,2,9,002723,2,9,32800,32768,00000,00000
BCN,3233,0863,072191,2,9,002723,2,9,32800,32768,00000,00000
BCN,3234,0777,066047,2,9,002707,2,9,32800,32768,00000,00000
BCN,3235,0780,066047,2,9,002707,2,9,32800,32768,00000,00000
BCN,3236,0839,066047,2,9,002707,2,9,32800,32768,00000,00000
BCN,3237,0780,066047,2,9,002707,2,9,32800,32768,00000,00000
BCN,3238,0777,066047,2,9,002707,2,9,32800,32768,00000,00000
BCN,3239,0862,066047,2,9,002707,2,9,32800,32768,00000,00000
BCN,3240,0785,066216,2,9,002627,2,9,32800,32768,00000,00000
BCN,3241,0786,066216,2,9,002627,2,9,32800,32768,00000,00000
BCN,3242,0777,066216,2,9,002627,2,9,32800,32768,00000,00000
BCN,3243,0783,066216,2,9,002627,2,9,32800,32768,00000,00000
BCN,3244,0780,066216,2,9,002627,2,9,32800,32768,00000,00000
BCN,3245,0863,066216,2,9,002627,2,9,32800,32768,00000,00000
BCN,3246,0859,066216,2,9,002627,2,9,32800,32768,00000,00000
BCN,3247,0862,060137,2,8,002492,2,9,32799,32768,00000,00000
BCN,3248,0778,060137,2,8,002492,2,9,32799,32768,00000,00000
BCN,3249,0862,060137,2,8,002492,2,9,32799,32768,00000,00000
BCN,3250,0859,060137,2,8,002492,2,9,32799,32768,00000,00000
BCN,3251,0862,060137,2,8,002492,2,9,32799,32768,00000,00000
BCN,3252,0777,060137,2,8,002492,2,9,32799,32768,00000,00000
BCN,3253,0862,064077,2,8,002341,2,8,32800,32768,00000,00000
BCN,3254,0860,064077,2,8,002341,2,8,32800,32768,00000,00000
BCN,3255,0862,064077,2,8,002341,2,8,32800,32768,00000,00000
BCN,3256,0777,064077,2,8,002341,2,8,32800,32768,00000,00000
BCN,3257,0780,064077,2,8,002341,2,8,32800,32768,00000,00000
BCN,3258,0777,064077,2,8,002341,2,8,32800,32768,00000,00000
BCN,3259,0797,066281,2,9,002513,2,9,32800,32767,00000,00000
BCN,3260,0860,066281,2,9,002513,2,9,32800,32767,00000,00000
BCN,3261,0863,066281,2,9,002513,2,9,32800,32767,00000,00000
BCN,3262,0812,066281,2,9,002513,2,9,32800,32767,00000,00000
BCN,3263,0807,066281,2,9,002513,2,9,32800,32767,00000,00000
BCN,3264,0798,066281,2,9,002513,2,9,32800,32767,00000,00000
BCN,3265,0780,060189,2,8,002555,2,9,32799,32768,00000,00000
BCN,3266,0850,060189,2,8,002555,2,9,32799,32768,00000,00000
BCN,3267,0862,060189,2,8,002555,2,9,32799,32768,00000,00000
BCN,3268,0854,060189,2,8,002555,2,9,32799,32768,00000,00000
BCN,3269,0858,060189,2,8,002555,2,9,32799,32768,00000,00000
BCN,3270,0860,060189,2,8,002555,2,9,32799,32768,00000,00000
BCN,3271,0780,064116,2,8,002698,2,9,32800,32768,00000,00000
BCN,3272,0777,064116,2,8,002698,2,9,32800,32768,00000,00000
BCN,3273,0861,064116,2,8,002698,2,9,32800,32768,00000,00000
BCN,3274,0777,064116,2,8,002698,2,9,32800,32768,00000,00000
BCN,3275,0780,064116,2,8,002698,2,9,32800,32768,00000,00000
BCN,3276,0860,064116,2,8,002698,2,9,32800,32768,00000,00000
BCN,3277,0780,066307,2,9,002719,2,9,32800,32768,00000,00000
BCN,3278,0778,066307,2,9,002719,2,9,32800,32768,00000,00000
BCN,3279,0779,066307,2,9,002719,2,9,32800,32768,00000,00000
BCN,3280,0778,066307,2,9,002719,2,9,32800,32768,00000,00000
BCN,3281,0780,066307,2,9,002719,2,9,32800,32768,00000,00000
BCN,3282,0860,066307,2,9,002719,2,9,32800,32768,00000,00000
BCN,3283,0863,066307,2,9,002719,2,9,32800,32768,00000,00000
BCN,3284,0860,060215,2,8,002667,2,9,32799,32768,00000,00000
BCN,3285,0780,060215,2,8,002667,2,9,32799,32768,00000,00000
BCN,3286,0860,060215,2,8,002667,2,9,32799,32768,00000,00000
BCN,3287,0851,060215,2,8,002667,2,9,32799,32768,00000,00000
BCN,3288,0860,060215,2,8,002667,2,9,32799,32768,00000,00000
BCN,3289,0824,060215,2,8,002667,2,9,32799,32768,00000,00000
BCN,3290,0860,064129,2,8,002564,2,9,32800,32768,00000,00000
BCN,3291,0805,064129,2,8,002564,2,9,32800,32768,00000,00000
BCN,3292,0860,064129,2,8,002564,2,9,32800,32768,00000,00000
BCN,3293,0849,064129,2,8,002564,2,9,32800,32768,00000,00000
BCN,3294,0850,064129,2,8,002564,2,9,32800,32768,00000,00000
BCN,3295,0779,064129,2,8,002564,2,9,32800,32768,00000,00000
BCN,3296,0854,066320,2,9,002414,2,8,32800,32768,00000,00000
BCN,3297,0863,066320,2,9,002414,2,8,32800,32768,00000,00000
BCN,3298,0860,066320,2,9,002414,2,8,32800,32768,00000,00000
BCN,3299,0783,066320,2,9,002414,2,8,32800,32768,00000,00000
BCN,3300,0780,066320,2,9,002414,2,8,32800,32768,00000,00000
BCN,3301,0782,066320,2,9,002414,2,8,32800,32768,00000,00000
BCN,3302,0777,062185,2,8,002389,2,8,32799,32767,00000,00000
BCN,3303,0861,062185,2,8,002389,2,8,32799,32767,00000,00000
BCN,3304,0860,062185,2,8,002389,2,8,32799,32767,00000,00000
BCN,3305,0862,062185,2,8,002389,2,8,32799,32767,00000,00000
BCN,3306,0860,062185,2,8,002389,2,8,32799,32767,00000,00000
BCN,3307,0863,062185,2,8,002389,2,8,32799,32767,00000,00000
BCN,3308,0777,064077,2,8,002607,2,9,32800,32768,00000,00000
BCN,3309,0779,064077,2,8,002607,2,9,32800,32768,00000,00000
BCN,3310,0860,064077,2,8,002607,2,9,32800,32768,00000,00000
BCN,3311,0779,064077,2,8,002607,2,9,32800,32768,00000,00000
BCN,3312,0777,064077,2,8,002607,2,9,32800,32768,00000,00000
BCN,3313,0862,064077,2,8,002607,2,9,32800,32768,00000,00000
BCN,3314,0778,066281,2,9,002689,2,9,32800,32768,00000,00000
BCN,3315,0780,066281,2,9,002689,2,9,32800,32768,00000,00000
BCN,3316,0816,066281,2,9,002689,2,9,32800,32768,00000,00000
BCN,3317,0780,066281,2,9,002689,2,9,32800,32768,00000,00000
BCN,3318,0777,066281,2,9,002689,2,9,32800,32768,00000,00000
BCN,3319,0862,066281,2,9,002689,2,9,32800,32768,00000,00000
BCN,3320,0795,066281,2,9,002689,2,9,32800,32768,00000,00000
BCN,3321,0793,064116,2,8,002717,2,9,32799,32768,00000,00000
BCN,3322,0777,064116,2,8,002717,2,9,32799,32768,00000,00000
BCN,3323,0787,064116,2,8,002717,2,9,32799,32768,00000,00000
BCN,3324,0784,064116,2,8,002717,2,9,32799,32768,00000,00000
BCN,3325,0862,064116,2,8,002717,2,9,32799,32768,00000,00000
BCN,3326,0857,064116,2,8,002717,2,9,32799,32768,00000,00000
BCN,3327,0862,063986,2,8,002687,2,9,32800,32768,00000,00000
BCN,3328,0780,063986,2,8,002687,2,9,32800,32768,00000,00000
BCN,3329,0862,063986,2,8,002687,2,9,32800,32768,00000,00000
BCN,3330,0859,063986,2,8,002687,2,9,32800,32768,00000,00000
BCN,3331,0862,063986,2,8,002687,2,9,32800,32768,00000,00000
BCN,3332,0777,063986,2,8,002687,2,9,32800,32768,00000,00000
BCN,3333,0862,064064,2,8,002611,2,9,32800,32768,00000,00000
BCN,3334,0860,064064,2,8,002611,2,9,32800,32768,00000,00000
BCN,3335,0862,064064,2,8,002611,2,9,32800,32768,00000,00000
BCN,3336,0778,064064,2,8,002611,2,9,32800,32768,00000,00000
BCN,3337,0780,064064,2,8,002611,2,9,32800,32768,00000,00000
BCN,3338,0778,064064,2,8,002611,2,9,32800,32768,00000,00000
BCN,3339,0779,063986,2,8,002478,2,8,32799,32768,00000,00000
BCN,3340,0860,063986,2,8,002478,2,8,32799,32768,00000,00000
BCN,3341,0862,063986,2,8,002478,2,8,32799,32768,00000,00000
BCN,3342,0850,063986,2,8,002478,2,8,32799,32768,00000,00000
BCN,3343,0836,063986,2,8,002478,2,8,32799,32768,00000,00000
BCN,3344,0821,063986,2,8,002478,2,8,32799,32768,00000,00000
BCN,3345,0779,061743,2,8,002346,2,8,32800,32767,00000,00000
BCN,3346,0838,061743,2,8,002346,2,8,32800,32767,00000,00000
BCN,3347,0862,061743,2,8,002346,2,8,32800,32767,00000,00000
BCN,3348,0847,061743,2,8,002346,2,8,32800,32767,00000,00000
BCN,3349,0852,061743,2,8,002346,2,8,32800,32767,00000,00000
BCN,3350,0861,061743,2,8,002346,2,8,32800,32767,00000,00000
BCN,3351,0779,063921,2,8,002592,2,9,32800,32768,00000,00000
BCN,3352,0777,063921,2,8,002592,2,9,32800,32768,00000,00000
BCN,3353,0859,063921,2,8,002592,2,9,32800,32768,00000,00000
BCN,3354,0777,063921,2,8,002592,2,9,32800,32768,00000,00000
BCN,3355,0779,063921,2,8,002592,2,9,32800,32768,00000,00000
BCN,3356,0861,063921,2,8,002592,2,9,32800,32768,00000,00000
BCN,3357,0781,063921,2,8,002592,2,9,32800,32768,00000,00000
BCN,3358,0779,063882,2,8,002685,2,9,32799,32768,00000,00000
BCN,3359,0779,063882,2,8,002685,2,9,32799,32768,00000,00000
BCN,3360,0778,063882,2,8,002685,2,9,32799,32768,00000,00000
BCN,3361,0780,063882,2,8,002685,2,9,32799,32768,00000,00000
BCN,3362,0860,063882,2,8,002685,2,9,32799,32768,00000,00000
BCN,3363,0862,063882,2,8,002685,2,9,32799,32768,00000,00000
BCN,3364,0860,063817,2,8,002710,2,9,32800,32768,00000,00000
BCN,3365,0779,063817,2,8,002710,2,9,32800,32768,00000,00000
BCN,3366,0861,063817,2,8,002710,2,9,32800,32768,00000,00000
BCN,3367,0862,063817,2,8,002710,2,9,32800,32768,00000,00000
BCN,3368,0860,063817,2,8,002710,2,9,32800,32768,00000,00000
BCN,3369,0779,063817,2,8,002710,2,9,32800,32768,00000,00000
BCN,3370,0860,063934,2,8,002723,2,9,32800,32768,00000,00000
BCN,3371,0838,063934,2,8,002723,2,9,32800,32768,00000,00000
BCN,3372,0860,063934,2,8,002723,2,9,32800,32768,00000,00000
BCN,3373,0831,063934,2,8,002723,2,9,32800,32768,00000,00000
BCN,3374,0837,063934,2,8,002723,2,9,32800,32768,00000,00000
BCN,3375,0779,063934,2,8,002723,2,9,32800,32768,00000,00000
BCN,3376,0847,063895,2,8,002661,2,9,32799,32768,00000,00000
BCN,3377,0862,063895,2,8,002661,2,9,32799,32768,00000,00000
BCN,3378,0861,063895,2,8,002661,2,9,32799,32768,00000,00000
BCN,3379,0787,063895,2,8,002661,2,9,32799,32768,00000,00000
BCN,3380,0783,063895,2,8,002661,2,9,32799,32768,00000,00000
BCN,3381,0784,063895,2,8,002661,2,9,32799,32768,00000,00000
BCN,3382,0777,063830,2,8,002593,2,9,32800,32768,00000,00000
BCN,3383,0859,063830,2,8,002593,2,9,32800,32768,00000,00000
BCN,3384,0860,063830,2,8,002593,2,9,32800,32768,00000,00000
BCN,3385,0861,063830,2,8,002593,2,9,32800,32768,00000,00000
BCN,3386,0859,063830,2,8,002593,2,9,32800,32768,00000,00000
BCN,3387,0862,063830,2,8,002593,2,9,32800,32768,00000,00000
BCN,3388,0777,066086,2,9,002437,2,8,32800,32768,00000,00000
BCN,3389,0779,066086,2,9,002437,2,8,32800,32768,00000,00000
BCN,3390,0860,066086,2,9,002437,2,8,32800,32768,00000,00000
BCN,3391,0779,066086,2,9,002437,2,8,32800,32768,00000,00000
BCN,3392,0777,066086,2,9,002437,2,8,32800,32768,00000,00000
BCN,3393,0862,066086,2,9,002437,2,8,32800,32768,00000,00000
BCN,3394,0778,066086,2,9,002437,2,8,32800,32768,00000,00000
BCN,3395,0779,062016,2,8,002400,2,8,32799,32767,00000,00000
BCN,3396,0778,062016,2,8,002400,2,8,32799,32767,00000,00000
BCN,3397,0779,062016,2,8,002400,2,8,32799,32767,00000,00000
BCN,3398,0778,062016,2,8,002400,2,8,32799,32767,00000,00000
BCN,3399,0862,062016,2,8,002400,2,8,32799,32767,00000,00000
BCN,3400,0820,062016,2,8,002400,2,8,32799,32767,00000,00000
BCN,3401,0812,063947,2,8,002579,2,9,32800,32768,00000,00000
BCN,3402,0778,063947,2,8,002579,2,9,32800,32768,00000,00000
BCN,3403,0799,063947,2,8,002579,2,9,32800,32768,00000,00000
BCN,3404,0793,063947,2,8,002579,2,9,32800,32768,00000,00000
BCN,3405,0862,063947,2,8,002579,2,9,32800,32768,00000,00000
BCN,3406,0853,063947,2,8,002579,2,9,32800,32768,00000,00000
BCN,3407,0862,066177,2,9,002679,2,9,32800,32768,00000,00000
BCN,3408,0783,066177,2,9,002679,2,9,32800,32768,00000,00000
BCN,3409,0862,066177,2,9,002679,2,9,32800,32768,00000,00000
BCN,3410,0858,066177,2,9,002679,2,9,32800,32768,00000,00000
BCN,3411,0860,066177,2,9,002679,2,9,32800,32768,00000,00000
BCN,3412,0778,066177,2,9,002679,2,9,32800,32768,00000,00000
BCN,3413,0861,060111,2,8,002727,2,9,32799,32768,00000,00000
BCN,3414,0860,060111,2,8,002727,2,9,32799,32768,00000,00000
BCN,3415,0862,060111,2,8,002727,2,9,32799,32768,00000,00000
BCN,3416,0779,060111,2,8,002727,2,9,32799,32768,00000,00000
BCN,3417,0780,060111,2,8,002727,2,9,32799,32768,00000,00000
BCN,3418,0778,060111,2,8,002727,2,9,32799,32768,00000,00000
BCN,3419,0779,064064,2,8,002716,2,9,32800,32768,00000,00000
BCN,3420,0860,064064,2,8,002716,2,9,32800,32768,00000,00000
BCN,3421,0862,064064,2,8,002716,2,9,32800,32768,00000,00000
BCN,3422,0860,064064,2,8,002716,2,9,32800,32768,00000,00000
BCN,3423,0862,064064,2,8,002716,2,9,32800,32768,00000,00000
BCN,3424,0861,064064,2,8,002716,2,9,32800,32768,00000,00000
BCN,3425,0779,066268,2,9,002645,2,9,32800,32768,00000,00000
BCN,3426,0798,066268,2,9,002645,2,9,32800,32768,00000,00000
BCN,3427,0862,066268,2,9,002645,2,9,32800,32768,00000,00000
BCN,3428,0824,066268,2,9,002645,2,9,32800,32768,00000,00000
BCN,3429,0834,066268,2,9,002645,2,9,32800,32768,00000,00000
BCN,3430,0861,066268,2,9,002645,2,9,32800,32768,00000,00000
BCN,3431,0779,066268,2,9,002645,2,9,32800,32768,00000,00000
BCN,3432,0778,060176,2,8,002530,2,9,32799,32768,00000,00000
BCN,3433,0853,060176,2,8,002530,2,9,32799,32768,00000,00000
BCN,3434,0778,060176,2,8,002530,2,9,32799,32768,00000,00000
BCN,3435,0779,060176,2,8,002530,2,9,32799,32768,00000,00000
BCN,3436,0861,060176,2,8,002530,2,9,32799,32768,00000,00000
BCN,3437,0783,060176,2,8,002530,2,9,32799,32768,00000,00000
BCN,3438,0781,064116,2,8,002387,2,8,32800,32768,00000,00000
BCN,3439,0779,064116,2,8,002387,2,8,32800,32768,00000,00000
BCN,3440,0779,064116,2,8,002387,2,8,32800,32768,00000,00000
BCN,3441,0781,064116,2,8,002387,2,8,32800,32768,00000,00000
BCN,3442,0861,064116,2,8,002387,2,8,32800,32768,00000,00000
BCN,3443,0861,064116,2,8,002387,2,8,32800,32768,00000,00000
BCN,3444,0861,066307,2,9,002464,2,8,32800,32767,00000,00000
BCN,3445,0780,066307,2,9,002464,2,8,32800,32767,00000,00000
BCN,3446,0861,066307,2,9,002464,2,8,32800,32767,00000,00000
BCN,3447,0862,066307,2,9,002464,2,8,32800,32767,00000,00000
BCN,3448,0860,066307,2,9,002464,2,8,32800,32767,00000,00000
BCN,3449,0779,066307,2,9,002464,2,8,32800,32767,00000,00000
BCN,3450,0860,060202,2,8,002578,2,9,32799,32768,00000,00000
BCN,3451,0862,060202,2,8,002578,2,9,32799,32768,00000,00000
BCN,3452,0861,060202,2,8,002578,2,9,32799,32768,00000,00000
BCN,3453,0779,060202,2,8,002578,2,9,32799,32768,00000,00000
BCN,3454,0804,060202,2,8,002578,2,9,32799,32768,00000,00000
BCN,3455,0779,060202,2,8,002578,2,9,32799,32768,00000,00000
BCN,3456,0828,064129,2,8,002708,2,9,32800,32768,00000,00000
BCN,3457,0862,064129,2,8,002708,2,9,32800,32768,00000,00000
BCN,3458,0861,064129,2,8,002708,2,9,32800,32768,00000,00000
BCN,3459,0796,064129,2,8,002708,2,9,32800,32768,00000,00000
BCN,3460,0790,064129,2,8,002708,2,9,32800,32768,00000,00000
BCN,3461,0789,064129,2,8,002708,2,9,32800,32768,00000,00000
BCN,3462,0778,066320,2,9,002731,2,9,32800,32768,00000,00000
BCN,3463,0857,066320,2,9,002731,2,9,32800,32768,00000,00000
BCN,3464,0861,066320,2,9,002731,2,9,32800,32768,00000,00000
BCN,3465,0859,066320,2,9,002731,2,9,32800,32768,00000,00000
BCN,3466,0858,066320,2,9,002731,2,9,32800,32768,00000,00000
BCN,3467,0862,066320,2,9,002731,2,9,32800,32768,00000,00000
BCN,3468,0778,066320,2,9,002731,2,9,32800,32768,00000,00000
BCN,3469,0779,060215,2,8,002675,2,9,32799,32768,00000,00000
BCN,3470,0860,060215,2,8,002675,2,9,32799,32768,00000,00000
BCN,3471,0779,060215,2,8,002675,2,9,32799,32768,00000,00000
BCN,3472,0777,060215,2,8,002675,2,9,32799,32768,00000,00000
BCN,3473,0862,060215,2,8,002675,2,9,32799,32768,00000,00000
BCN,3474,0778,060215,2,8,002675,2,9,32799,32768,00000,00000
BCN,3475,0779,064142,2,8,002607,2,9,32800,32768,00000,00000
BCN,3476,0778,064142,2,8,002607,2,9,32800,32768,00000,00000
BCN,3477,0779,064142,2,8,002607,2,9,32800,32768,00000,00000
BCN,3478,0778,064142,2,8,002607,2,9,32800,32768,00000,00000
BCN,3479,0862,064142,2,8,002607,2,9,32800,32768,00000,00000
BCN,3480,0860,064142,2,8,002607,2,9,32800,32768,00000,00000
BCN,3481,0858,066320,2,9,002459,2,8,32800,32768,00000,00000
BCN,3482,0778,066320,2,9,002459,2,8,32800,32768,00000,00000
BCN,3483,0827,066320,2,9,002459,2,8,32800,32768,00000,00000
BCN,3484,0814,066320,2,9,002459,2,8,32800,32768,00000,00000
BCN,3485,0862,066320,2,9,002459,2,8,32800,32768,00000,00000
BCN,3486,0841,066320,2,9,002459,2,8,32800,32768,00000,00000
BCN,3487,0862,060228,2,8,002336,2,8,32799,32767,00000,00000
BCN,3488,0791,060228,2,8,002336,2,8,32799,32767,00000,00000
BCN,3489,0862,060228,2,8,002336,2,8,32799,32767,00000,00000
BCN,3490,0854,060228,2,8,002336,2,8,32799,32767,00000,00000
BCN,3491,0857,060228,2,8,002336,2,8,32799,32767,00000,00000
BCN,3492,0777,060228,2,8,002336,2,8,32799,32767,00000,00000
BCN,3493,0859,066281,2,9,002612,2,9,32800,32768,00000,00000
BCN,3494,0860,066281,2,9,002612,2,9,32800,32768,00000,00000
BCN,3495,0862,066281,2,9,002612,2,9,32800,32768,00000,00000
BCN,3496,0779,066281,2,9,002612,2,9,32800,32768,00000,00000
BCN,3497,0781,066281,2,9,002612,2,9,32800,32768,00000,00000
BCN,3498,0779,066281,2,9,002612,2,9,32800,32768,00000,00000
BCN,3499,0779,066203,2,9,002676,2,9,32800,32768,00000,00000
BCN,3500,0860,066203,2,9,002676,2,9,32800,32768,00000,00000
BCN,3501,0862,066203,2,9,002676,2,9,32800,32768,00000,00000
BCN,3502,0860,066203,2,9,002676,2,9,32800,32768,00000,00000
BCN,3503,0862,066203,2,9,002676,2,9,32800,32768,00000,00000
BCN,3504,0861,066203,2,9,002676,2,9,32800,32768,00000,00000
BCN,3505,0779,066203,2,9,002676,2,9,32800,32768,00000,00000
BCN,3506,0778,062042,2,8,002709,2,9,32800,32768,00000,00000
BCN,3507,0861,062042,2,8,002709,2,9,32800,32768,00000,00000
BCN,3508,0777,062042,2,8,002709,2,9,32800,32768,00000,00000
BCN,3509,0795,062042,2,8,002709,2,9,32800,32768,00000,00000
BCN,3510,0861,062042,2,8,002709,2,9,32800,32768,00000,00000
BCN,3511,0779,062042,2,8,002709,2,9,32800,32768,00000,00000
BCN,3512,0778,066151,2,9,002710,2,9,32799,32768,00000,00000
BCN,3513,0838,066151,2,9,002710,2,9,32799,32768,00000,00000
BCN,3514,0778,066151,2,9,002710,2,9,32799,32768,00000,00000
BCN,3515,0779,066151,2,9,002710,2,9,32799,32768,00000,00000
BCN,3516,0861,066151,2,9,002710,2,9,32799,32768,00000,00000
BCN,3517,0788,066151,2,9,002710,2,9,32799,32768,00000,00000
BCN,3518,0785,062055,2,8,002667,2,9,32799,32768,00000,00000
BCN,3519,0779,062055,2,8,002667,2,9,32799,32768,00000,00000
BCN,3520,0782,062055,2,8,002667,2,9,32799,32768,00000,00000
BCN,3521,0782,062055,2,8,002667,2,9,32799,32768,00000,00000
BCN,3522,0860,062055,2,8,002667,2,9,32799,32768,00000,00000
BCN,3523,0860,062055,2,8,002667,2,9,32799,32768,00000,00000
BCN,3524,0861,072347,2,9,002555,2,9,32800,32768,00000,00000
BCN,3525,0780,072347,2,9,002555,2,9,32800,32768,00000,00000
BCN,3526,0861,072347,2,9,002555,2,9,32800,32768,00000,00000
BCN,3527,0861,072347,2,9,002555,2,9,32800,32768,00000,00000
BCN,3528,0860,072347,2,9,002555,2,9,32800,32768,00000,00000
BCN,3529,0779,072347,2,9,002555,2,9,32800,32768,00000,00000
BCN,3530,0860,066164,2,9,002385,2,8,32800,32768,00000,00000
BCN,3531,0862,066164,2,9,002385,2,8,32800,32768,00000,00000
BCN,3532,0861,066164,2,9,002385,2,8,32800,32768,00000,00000
BCN,3533,0779,066164,2,9,002385,2,8,32800,32768,00000,00000
BCN,3534,0778,066164,2,9,002385,2,8,32800,32768,00000,00000
BCN,3535,0779,066164,2,9,002385,2,8,32800,32768,00000,00000
BCN,3536,0784,064168,2,8,002463,2,9,32800,32767,00000,00000
BCN,3537,0862,064168,2,8,002463,2,9,32800,32767,00000,00000
BCN,3538,0861,064168,2,8,002463,2,9,32800,32767,00000,00000
BCN,3539,0815,064168,2,8,002463,2,9,32800,32767,00000,00000
BCN,3540,0805,064168,2,8,002463,2,9,32800,32767,00000,00000
BCN,3541,0800,064168,2,8,002463,2,9,32800,32767,00000,00000
BCN,3542,0777,064168,2,8,002463,2,9,32800,32767,00000,00000
BCN,3543,0852,060150,2,8,002585,2,9,32799,32768,00000,00000
BCN,3544,0861,060150,2,8,002585,2,9,32799,32768,00000,00000
BCN,3545,0856,060150,2,8,002585,2,9,32799,32768,00000,00000
BCN,3546,0856,060150,2,8,002585,2,9,32799,32768,00000,00000
BCN,3547,0862,060150,2,8,002585,2,9,32799,32768,00000,00000
BCN,3548,0778,060150,2,8,002585,2,9,32799,32768,00000,00000
BCN,3549,0779,066229,2,9,002712,2,9,32800,32768,00000,00000
BCN,3550,0859,066229,2,9,002712,2,9,32800,32768,00000,00000
BCN,3551,0779,066229,2,9,002712,2,9,32800,32768,00000,00000
BCN,3552,0778,066229,2,9,002712,2,9,32800,32768,00000,00000
BCN,3553,0862,066229,2,9,002712,2,9,32800,32768,00000,00000
BCN,3554,0778,066229,2,9,002712,2,9,32800,32768,00000,00000
BCN,3555,0780,066164,2,9,002710,2,9,32800,32768,00000,00000
BCN,3556,0778,066164,2,9,002710,2,9,32800,32768,00000,00000
BCN,3557,0779,066164,2,9,002710,2,9,32800,32768,00000,00000
BCN,3558,0778,066164,2,9,002710,2,9,32800,32768,00000,00000
BCN,3559,0862,066164,2,9,002710,2,9,32800,32768,00000,00000
BCN,3560,0860,066164,2,9,002710,2,9,32800,32768,00000,00000
BCN,3561,0862,060111,2,8,002640,2,9,32799,32768,00000,00000
BCN,3562,0778,060111,2,8,002640,2,9,32799,32768,00000,00000
BCN,3563,0857,060111,2,8,002640,2,9,32799,32768,00000,00000
BCN,3564,0838,060111,2,8,002640,2,9,32799,32768,00000,00000
BCN,3565,0862,060111,2,8,002640,2,9,32799,32768,00000,00000
BCN,3566,0829,060111,2,8,002640,2,9,32799,32768,00000,00000
BCN,3567,0862,066190,2,9,002510,2,9,32800,32768,00000,00000
BCN,3568,0798,066190,2,9,002510,2,9,32800,32768,00000,00000
BCN,3569,0862,066190,2,9,002510,2,9,32800,32768,00000,00000
BCN,3570,0850,066190,2,9,002510,2,9,32800,32768,00000,00000
BCN,3571,0855,066190,2,9,002510,2,9,32800,32768,00000,00000
BCN,3572,0778,066190,2,9,002510,2,9,32800,32768,00000,00000
BCN,3573,0857,066333,2,9,002339,2,8,32800,32768,00000,00000
BCN,3574,0860,066333,2,9,002339,2,8,32800,32768,00000,00000
BCN,3575,0862,066333,2,9,002339,2,8,32800,32768,00000,00000
BCN,3576,0780,066333,2,9,002339,2,8,32800,32768,00000,00000
BCN,3577,0781,066333,2,9,002339,2,8,32800,32768,00000,00000
BCN,3578,0779,066333,2,9,002339,2,8,32800,32768,00000,00000
BCN,3579,0779,066333,2,9,002339,2,8,32800,32768,00000,00000
BCN,3580,0860,060228,2,8,002534,2,9,32799,32767,00000,00000
BCN,3581,0862,060228,2,8,002534,2,9,32799,32767,00000,00000
BCN,3582,0860,060228,2,8,002534,2,9,32799,32767,00000,00000
BCN,3583,0861,060228,2,8,002534,2,9,32799,32767,00000,00000
BCN,3584,0861,060228,2,8,002534,2,9,32799,32767,00000,00000
BCN,3585,0779,060228,2,8,002534,2,9,32799,32767,00000,00000
BCN,3586,0778,066281,2,9,002524,2,9,32800,32768,00000,00000
BCN,3587,0862,066281,2,9,002524,2,9,32800,32768,00000,00000
BCN,3588,0778,066281,2,9,002524,2,9,32800,32768,00000,00000
BCN,3589,0779,066281,2,9,002524,2,9,32800,32768,00000,00000
BCN,3590,0861,066281,2,9,002524,2,9,32800,32768,00000,00000
BCN,3591,0779,066281,2,9,002524,2,9,32800,32768,00000,00000
BCN,3592,0778,066398,2,9,002705,2,9,32800,32768,00000,00000
BCN,3593,0830,066398,2,9,002705,2,9,32800,32768,00000,00000
BCN,3594,0778,066398,2,9,002705,2,9,32800,32768,00000,00000
BCN,3595,0779,066398,2,9,002705,2,9,32800,32768,00000,00000
BCN,3596,0861,066398,2,9,002705,2,9,32800,32768,00000,00000
BCN,3597,0791,066398,2,9,002705,2,9,32800,32768,00000,00000
BCN,3598,0787,060280,2,8,002711,2,9,32799,32768,00000,00000
BCN,3599,0779,060280,2,8,002711,2,9,32799,32768,00000,00000
BCN,3600,0783,060280,2,8,002711,2,9,32799,32768,00000,00000
BCN,3601,0783,060280,2,8,002711,2,9,32799,32768,00000,00000
BCN,3602,0861,060280,2,8,002711,2,9,32799,32768,00000,00000
BCN,3603,0860,060280,2,8,002711,2,9,32799,32768,00000,00000
BCN,3604,0861,064181,2,8,002618,2,9,32800,32768,00000,00000
BCN,3605,0781,064181,2,8,002618,2,9,32800,32768,00000,00000
BCN,3606,0861,064181,2,8,002618,2,9,32800,32768,00000,00000
BCN,3607,0862,064181,2,8,002618,2,9,32800,32768,00000,00000
BCN,3608,0860,064181,2,8,002618,2,9,32800,32768,00000,00000
BCN,3609,0780,064181,2,8,002618,2,9,32800,32768,00000,00000
BCN,3610,0861,066359,2,9,002467,2,8,32800,32768,00000,00000
BCN,3611,0863,066359,2,9,002467,2,8,32800,32768,00000,00000
BCN,3612,0862,066359,2,9,002467,2,8,32800,32768,00000,00000
BCN,3613,0781,066359,2,9,002467,2,8,32800,32768,00000,00000
BCN,3614,0779,066359,2,9,002467,2,8,32800,32768,00000,00000
BCN,3615,0781,066359,2,9,002467,2,8,32800,32768,00000,00000
BCN,3616,0779,066359,2,9,002467,2,8,32800,32768,00000,00000
BCN,3617,0862,060241,2,8,002343,2,8,32799,32767,00000,00000
BCN,3618,0862,060241,2,8,002343,2,8,32799,32767,00000,00000
BCN,3619,0825,060241,2,8,002343,2,8,32799,32767,00000,00000
BCN,3620,0813,060241,2,8,002343,2,8,32799,32767,00000,00000
BCN,3621,0807,060241,2,8,002343,2,8,32799,32767,00000,00000
BCN,3622,0779,060241,2,8,002343,2,8,32799,32767,00000,00000
BCN,3623,0850,064155,2,8,002601,2,9,32800,32768,00000,00000
BCN,3624,0862,064155,2,8,002601,2,9,32800,32768,00000,00000
BCN,3625,0855,064155,2,8,002601,2,9,32800,32768,00000,00000
BCN,3626,0856,064155,2,8,002601,2,9,32800,32768,00000,00000
BCN,3627,0863,064155,2,8,002601,2,9,32800,32768,00000,00000
BCN,3628,0778,064155,2,8,002601,2,9,32800,32768,00000,00000
BCN,3629,0780,066346,2,9,002683,2,9,32800,32768,00000,00000
BCN,3630,0859,066346,2,9,002683,2,9,32800,32768,00000,00000
BCN,3631,0779,066346,2,9,002683,2,9,32800,32768,00000,00000
BCN,3632,0778,066346,2,9,002683,2,9,32800,32768,00000,00000
BCN,3633,0862,066346,2,9,002683,2,9,32800,32768,00000,00000
BCN,3634,0779,066346,2,9,002683,2,9,32800,32768,00000,00000
BCN,3635,0780,062198,2,8,002721,2,9,32799,32768,00000,00000
BCN,3636,0778,062198,2,8,002721,2,9,32799,32768,00000,00000
BCN,3637,0780,062198,2,8,002721,2,9,32799,32768,00000,00000
BCN,3638,0778,062198,2,8,002721,2,9,32799,32768,00000,00000
BCN,3639,0862,062198,2,8,002721,2,9,32799,32768,00000,00000
BCN,3640,0860,062198,2,8,002721,2,9,32799,32768,00000,00000
BCN,3641,0862,064090,2,8,002659,2,9,32800,32768,00000,00000
BCN,3642,0777,064090,2,8,002659,2,9,32800,32768,00000,00000
BCN,3643,0862,064090,2,8,002659,2,9,32800,32768,00000,00000
BCN,3644,0851,064090,2,8,002659,2,9,32800,32768,00000,00000
BCN,3645,0862,064090,2,8,002659,2,9,32800,32768,00000,00000
BCN,3646,0821,064090,2,8,002659,2,9,32800,32768,00000,00000
BCN,3647,0862,066281,2,9,002585,2,9,32800,32768,00000,00000
BCN,3648,0804,066281,2,9,002585,2,9,32800,32768,00000,00000
BCN,3649,0862,066281,2,9,002585,2,9,32800,32768,00000,00000
BCN,3650,0848,066281,2,9,002585,2,9,32800,32768,00000,00000
BCN,3651,0852,066281,2,9,002585,2,9,32800,32768,00000,00000
BCN,3652,0778,066281,2,9,002585,2,9,32800,32768,00000,00000
BCN,3653,0857,066281,2,9,002585,2,9,32800,32768,00000,00000
BCN,3654,0861,062159,2,8,002432,2,8,32799,32768,00000,00000
BCN,3655,0863,062159,2,8,002432,2,8,32799,32768,00000,00000
BCN,3656,0782,062159,2,8,002432,2,8,32799,32768,00000,00000
BCN,3657,0783,062159,2,8,002432,2,8,32799,32768,00000,00000
BCN,3658,0781,062159,2,8,002432,2,8,32799,32768,00000,00000
BCN,3659,0781,062159,2,8,002432,2,8,32799,32768,00000,00000
BCN,3660,0862,064064,2,8,002411,2,8,32800,32767,00000,00000
BCN,3661,0864,064064,2,8,002411,2,8,32800,32767,00000,00000
BCN,3662,0862,064064,2,8,002411,2,8,32800,32767,00000,00000
BCN,3663,0864,064064,2,8,002411,2,8,32800,32767,00000,00000
BCN,3664,0863,064064,2,8,002411,2,8,32800,32767,00000,00000
BCN,3665,0782,064064,2,8,002411,2,8,32800,32767,00000,00000
BCN,3666,0781,066268,2,9,002582,2,9,32800,32768,00000,00000
BCN,3667,0865,066268,2,9,002582,2,9,32800,32768,00000,00000
BCN,3668,0781,066268,2,9,002582,2,9,32800,32768,00000,00000
BCN,3669,0783,066268,2,9,002582,2,9,32800,32768,00000,00000
BCN,3670,0864,066268,2,9,002582,2,9,32800,32768,00000,00000
BCN,3671,0783,066268,2,9,002582,2,9,32800,32768,00000,00000
BCN,3672,0781,062146,2,8,002678,2,9,32799,32768,00000,00000
BCN,3673,0822,062146,2,8,002678,2,9,32799,32768,00000,00000
BCN,3674,0781,062146,2,8,002678,2,9,32799,32768,00000,00000
BCN,3675,0783,062146,2,8,002678,2,9,32799,32768,00000,00000
BCN,3676,0864,062146,2,8,002678,2,9,32799,32768,00000,00000
BCN,3677,0800,062146,2,8,002678,2,9,32799,32768,00000,00000
BCN,3678,0794,061899,2,8,002720,2,9,32800,32768,00000,00000
BCN,3679,0782,061899,2,8,002720,2,9,32800,32768,00000,00000
BCN,3680,0789,061899,2,8,002720,2,9,32800,32768,00000,00000
BCN,3681,0788,061899,2,8,002720,2,9,32800,32768,00000,00000
BCN,3682,0863,061899,2,8,002720,2,9,32800,32768,00000,00000
BCN,3683,0861,061899,2,8,002720,2,9,32800,32768,00000,00000
BCN,3684,0863,064038,2,8,002689,2,9,32800,32768,00000,00000
BCN,3685,0783,064038,2,8,002689,2,9,32800,32768,00000,00000
BCN,3686,0862,064038,2,8,002689,2,9,32800,32768,00000,00000
BCN,3687,0862,064038,2,8,002689,2,9,32800,32768,00000,00000
BCN,3688,0861,064038,2,8,002689,2,9,32800,32768,00000,00000
BCN,3689,0780,064038,2,8,002689,2,9,32800,32768,00000,00000
BCN,3690,0861,064038,2,8,002689,2,9,32800,32768,00000,00000
BCN,3691,0863,063960,2,8,002600,2,9,32799,32768,00000,00000
BCN,3692,0861,063960,2,8,002600,2,9,32799,32768,00000,00000
BCN,3693,0780,063960,2,8,002600,2,9,32799,32768,00000,00000
BCN,3694,0778,063960,2,8,002600,2,9,32799,32768,00000,00000
BCN,3695,0779,063960,2,8,002600,2,9,32799,32768,00000,00000
BCN,3696,0778,063960,2,8,002600,2,9,32799,32768,00000,00000
BCN,3697,0861,061730,2,8,002456,2,8,32800,32768,00000,00000
BCN,3698,0860,061730,2,8,002456,2,8,32800,32768,00000,00000
BCN,3699,0850,061730,2,8,002456,2,8,32800,32768,00000,00000
BCN,3700,0832,061730,2,8,002456,2,8,32800,32768,00000,00000
BCN,3701,0821,061730,2,8,002456,2,8,32800,32768,00000,00000
BCN,3702,0777,061730,2,8,002456,2,8,32800,32768,00000,00000
BCN,3703,0840,061756,2,8,002364,2,8,32800,32767,00000,00000
BCN,3704,0860,061756,2,8,002364,2,8,32800,32767,00000,00000
BCN,3705,0849,061756,2,8,002364,2,8,32800,32767,00000,00000
BCN,3706,0851,061756,2,8,002364,2,8,32800,32767,00000,00000
BCN,3707,0862,061756,2,8,002364,2,8,32800,32767,00000,00000
BCN,3708,0777,061756,2,8,002364,2,8,32800,32767,00000,00000
BCN,3709,0779,063804,2,8,002606,2,9,32799,32768,00000,00000
BCN,3710,0857,063804,2,8,002606,2,9,32799,32768,00000,00000
BCN,3711,0779,063804,2,8,002606,2,9,32799,32768,00000,00000
BCN,3712,0778,063804,2,8,002606,2,9,32799,32768,00000,00000
BCN,3713,0862,063804,2,8,002606,2,9,32799,32768,00000,00000
BCN,3714,0780,063804,2,8,002606,2,9,32799,32768,00000,00000
BCN,3715,0781,059682,2,8,002685,2,9,32799,32768,00000,00000
BCN,3716,0779,059682,2,8,002685,2,9,32799,32768,00000,00000
BCN,3717,0781,059682,2,8,002685,2,9,32799,32768,00000,00000
BCN,3718,0780,059682,2,8,002685,2,9,32799,32768,00000,00000
BCN,3719,0864,059682,2,8,002685,2,9,32799,32768,00000,00000
BCN,3720,0862,059682,2,8,002685,2,9,32799,32768,00000,00000
BCN,3721,0864,069961,2,9,002703,2,9,32800,32768,00000,00000
BCN,3722,0781,069961,2,9,002703,2,9,32800,32768,00000,00000
BCN,3723,0865,069961,2,9,002703,2,9,32800,32768,00000,00000
BCN,3724,0864,069961,2,9,002703,2,9,32800,32768,00000,00000
BCN,3725,0865,069961,2,9,002703,2,9,32800,32768,00000,00000
BCN,3726,0780,069961,2,9,002703,2,9,32800,32768,00000,00000
BCN,3727,0866,069961,2,9,002703,2,9,32800,32768,00000,00000
BCN,3728,0832,063778,2,8,002701,2,9,32800,32768,00000,00000
BCN,3729,0866,063778,2,8,002701,2,9,32800,32768,00000,00000
BCN,3730,0839,063778,2,8,002701,2,9,32800,32768,00000,00000
BCN,3731,0847,063778,2,8,002701,2,9,32800,32768,00000,00000
BCN,3732,0783,063778,2,8,002701,2,9,32800,32768,00000,00000
BCN,3733,0855,063778,2,8,002701,2,9,32800,32768,00000,00000
BCN,3734,0865,067822,2,9,002638,2,9,32800,32768,00000,00000
BCN,3735,0866,067822,2,9,002638,2,9,32800,32768,00000,00000
BCN,3736,0789,067822,2,9,002638,2,9,32800,32768,00000,00000
BCN,3737,0789,067822,2,9,002638,2,9,32800,32768,00000,00000
BCN,3738,0786,067822,2,9,002638,2,9,32800,32768,00000,00000
BCN,3739,0783,067822,2,9,002638,2,9,32800,32768,00000,00000
BCN,3740,0863,061717,2,8,002507,2,9,32800,32768,00000,00000
BCN,3741,0866,061717,2,8,002507,2,9,32800,32768,00000,00000
BCN,3742,0863,061717,2,8,002507,2,9,32800,32768,00000,00000
BCN,3743,0865,061717,2,8,002507,2,9,32800,32768,00000,00000
BCN,3744,0864,061717,2,8,002507,2,9,32800,32768,00000,00000
BCN,3745,0782,061717,2,8,002507,2,9,32800,32768,00000,00000
BCN,3746,0781,063765,2,8,002347,2,8,32799,32768,00000,00000
BCN,3747,0864,063765,2,8,002347,2,8,32799,32768,00000,00000
BCN,3748,0780,063765,2,8,002347,2,8,32799,32768,00000,00000
BCN,3749,0781,063765,2,8,002347,2,8,32799,32768,00000,00000
BCN,3750,0863,063765,2,8,002347,2,8,32799,32768,00000,00000
BCN,3751,0781,063765,2,8,002347,2,8,32799,32768,00000,00000
BCN,3752,0779,061808,2,8,002471,2,9,32799,32767,00000,00000
BCN,3753,0780,061808,2,8,002471,2,9,32799,32767,00000,00000
BCN,3754,0779,061808,2,8,002471,2,9,32799,32767,00000,00000
BCN,3755,0780,061808,2,8,002471,2,9,32799,32767,00000,00000
BCN,3756,0861,061808,2,8,002471,2,9,32799,32767,00000,00000
BCN,3757,0809,061808,2,8,002471,2,9,32799,32767,00000,00000
BCN,3758,0801,070026,2,9,002557,2,9,32800,32768,00000,00000
BCN,3759,0779,070026,2,9,002557,2,9,32800,32768,00000,00000
BCN,3760,0791,070026,2,9,002557,2,9,32800,32768,00000,00000
BCN,3761,0789,070026,2,9,002557,2,9,32800,32768,00000,00000
BCN,3762,0860,070026,2,9,002557,2,9,32800,32768,00000,00000
BCN,3763,0856,070026,2,9,002557,2,9,32800,32768,00000,00000
BCN,3764,0860,070026,2,9,002557,2,9,32800,32768,00000,00000
BCN,3765,0782,065956,2,9,002715,2,9,32800,32768,00000,00000
BCN,3766,0860,065956,2,9,002715,2,9,32800,32768,00000,00000
BCN,3767,0860,065956,2,9,002715,2,9,32800,32768,00000,00000
BCN,3768,0859,065956,2,9,002715,2,9,32800,32768,00000,00000
BCN,3769,0779,065956,2,9,002715,2,9,32800,32768,00000,00000
BCN,3770,0859,065956,2,9,002715,2,9,32800,32768,00000,00000
BCN,3771,0862,065969,2,9,002698,2,9,32800,32768,00000,00000
BCN,3772,0860,065969,2,9,002698,2,9,32800,32768,00000,00000
BCN,3773,0779,065969,2,9,002698,2,9,32800,32768,00000,00000
BCN,3774,0778,065969,2,9,002698,2,9,32800,32768,00000,00000
BCN,3775,0779,065969,2,9,002698,2,9,32800,32768,00000,00000
BCN,3776,0778,065969,2,9,002698,2,9,32800,32768,00000,00000
BCN,3777,0862,061860,2,8,002607,2,9,32800,32768,00000,00000
BCN,3778,0861,061860,2,8,002607,2,9,32800,32768,00000,00000
BCN,3779,0862,061860,2,8,002607,2,9,32800,32768,00000,00000
BCN,3780,0858,061860,2,8,002607,2,9,32800,32768,00000,00000
BCN,3781,0842,061860,2,8,002607,2,9,32800,32768,00000,00000
BCN,3782,0779,061860,2,8,002607,2,9,32800,32768,00000,00000
BCN,3783,0832,066008,2,9,002446,2,8,32799,32768,00000,00000
BCN,3784,0862,066008,2,9,002446,2,8,32799,32768,00000,00000
BCN,3785,0846,066008,2,9,002446,2,8,32799,32768,00000,00000
BCN,3786,0850,066008,2,9,002446,2,8,32799,32768,00000,00000
BCN,3787,0864,066008,2,9,002446,2,8,32799,32768,00000,00000
BCN,3788,0781,066008,2,9,002446,2,8,32799,32768,00000,00000
BCN,3789,0783,061951,2,8,002393,2,8,32799,32767,00000,00000
BCN,3790,0859,061951,2,8,002393,2,8,32799,32767,00000,00000
BCN,3791,0783,061951,2,8,002393,2,8,32799,32767,00000,00000
BCN,3792,0782,061951,2,8,002393,2,8,32799,32767,00000,00000
BCN,3793,0866,061951,2,8,002393,2,8,32799,32767,00000,00000
BCN,3794,0784,061951,2,8,002393,2,8,32799,32767,00000,00000
BCN,3795,0785,072269,2,9,002576,2,9,32800,32768,00000,00000
BCN,3796,0782,072269,2,9,002576,2,9,32800,32768,00000,00000
BCN,3797,0785,072269,2,9,002576,2,9,32800,32768,00000,00000
BCN,3798,0783,072269,2,9,002576,2,9,32800,32768,00000,00000
BCN,3799,0866,072269,2,9,002576,2,9,32800,32768,00000,00000
BCN,3800,0864,072269,2,9,002576,2,9,32800,32768,00000,00000
BCN,3801,0865,072269,2,9,002576,2,9,32800,32768,00000,00000
BCN,3802,0782,066099,2,9,002681,2,9,32800,32768,00000,00000
BCN,3803,0865,066099,2,9,002681,2,9,32800,32768,00000,00000
BCN,3804,0864,066099,2,9,002681,2,9,32800,32768,00000,00000
BCN,3805,0865,066099,2,9,002681,2,9,32800,32768,00000,00000
BCN,3806,0781,066099,2,9,002681,2,9,32800,32768,00000,00000
BCN,3807,0865,066099,2,9,002681,2,9,32800,32768,00000,00000
BCN,3808,0840,066268,2,9,002705,2,9,32800,32768,00000,00000
BCN,3809,0865,066268,2,9,002705,2,9,32800,32768,00000,00000
BCN,3810,0833,066268,2,9,002705,2,9,32800,32768,00000,00000
BCN,3811,0841,066268,2,9,002705,2,9,32800,32768,00000,00000
BCN,3812,0780,066268,2,9,002705,2,9,32800,32768,00000,00000
BCN,3813,0850,066268,2,9,002705,2,9,32800,32768,00000,00000
BCN,3814,0861,060176,2,8,002654,2,9,32799,32768,00000,00000
BCN,3815,0863,060176,2,8,002654,2,9,32799,32768,00000,00000
BCN,3816,0786,060176,2,8,002654,2,9,32799,32768,00000,00000
BCN,3817,0785,060176,2,8,002654,2,9,32799,32768,00000,00000
BCN,3818,0783,060176,2,8,002654,2,9,32799,32768,00000,00000
BCN,3819,0779,060176,2,8,002654,2,9,32799,32768,00000,00000
BCN,3820,0859,064103,2,8,002549,2,9,32800,32768,00000,00000
BCN,3821,0862,064103,2,8,002549,2,9,32800,32768,00000,00000
BCN,3822,0859,064103,2,8,002549,2,9,32800,32768,00000,00000
BCN,3823,0860,064103,2,8,002549,2,9,32800,32768,00000,00000
BCN,3824,0860,064103,2,8,002549,2,9,32800,32768,00000,00000
BCN,3825,0779,064103,2,8,002549,2,9,32800,32768,00000,00000
BCN,3826,0777,066294,2,9,002387,2,8,32800,32768,00000,00000
BCN,3827,0861,066294,2,9,002387,2,8,32800,32768,00000,00000
BCN,3828,0777,066294,2,9,002387,2,8,32800,32768,00000,00000
BCN,3829,0779,066294,2,9,002387,2,8,32800,32768,00000,00000
BCN,3830,0860,066294,2,9,002387,2,8,32800,32768,00000,00000
BCN,3831,0779,066294,2,9,002387,2,8,32800,32768,00000,00000
BCN,3832,0778,060202,2,8,002428,2,8,32799,32767,00000,00000
BCN,3833,0779,060202,2,8,002428,2,8,32799,32767,00000,00000
BCN,3834,0778,060202,2,8,002428,2,8,32799,32767,00000,00000
BCN,3835,0779,060202,2,8,002428,2,8,32799,32767,00000,00000
BCN,3836,0861,060202,2,8,002428,2,8,32799,32767,00000,00000
BCN,3837,0815,060202,2,8,002428,2,8,32799,32767,00000,00000
BCN,3838,0806,060202,2,8,002428,2,8,32799,32767,00000,00000
BCN,3839,0780,064129,2,8,002595,2,9,32800,32768,00000,00000
BCN,3840,0795,064129,2,8,002595,2,9,32800,32768,00000,00000
BCN,3841,0793,064129,2,8,002595,2,9,32800,32768,00000,00000
BCN,3842,0862,064129,2,8,002595,2,9,32800,32768,00000,00000
BCN,3843,0857,064129,2,8,002595,2,9,32800,32768,00000,00000
BCN,3844,0863,064129,2,8,002595,2,9,32800,32768,00000,00000
BCN,3845,0786,066320,2,9,002710,2,9,32800,32768,00000,00000
BCN,3846,0863,066320,2,9,002710,2,9,32800,32768,00000,00000
BCN,3847,0863,066320,2,9,002710,2,9,32800,32768,00000,00000
BCN,3848,0862,066320,2,9,002710,2,9,32800,32768,00000,00000
BCN,3849,0782,066320,2,9,002710,2,9,32800,32768,00000,00000
BCN,3850,0862,066320,2,9,002710,2,9,32800,32768,00000,00000
BCN,3851,0865,062185,2,8,002715,2,9,32799,32768,00000,00000
BCN,3852,0864,062185,2,8,002715,2,9,32799,32768,00000,00000
BCN,3853,0784,062185,2,8,002715,2,9,32799,32768,00000,00000
BCN,3854,0782,062185,2,8,002715,2,9,32799,32768,00000,00000
BCN,3855,0784,062185,2,8,002715,2,9,32799,32768,00000,00000
BCN,3856,0782,062185,2,8,002715,2,9,32799,32768,00000,00000
BCN,3857,0866,064077,2,8,002641,2,9,32800,32768,00000,00000
BCN,3858,0864,064077,2,8,002641,2,9,32800,32768,00000,00000
BCN,3859,0865,064077,2,8,002641,2,9,32800,32768,00000,00000
BCN,3860,0864,064077,2,8,002641,2,9,32800,32768,00000,00000
BCN,3861,0865,064077,2,8,002641,2,9,32800,32768,00000,00000
BCN,3862,0781,064077,2,8,002641,2,9,32800,32768,00000,00000
BCN,3863,0820,064129,2,8,002545,2,9,32800,32768,00000,00000
BCN,3864,0863,064129,2,8,002545,2,9,32800,32768,00000,00000
BCN,3865,0839,064129,2,8,002545,2,9,32800,32768,00000,00000
BCN,3866,0844,064129,2,8,002545,2,9,32800,32768,00000,00000
BCN,3867,0864,064129,2,8,002545,2,9,32800,32768,00000,00000
BCN,3868,0780,064129,2,8,002545,2,9,32800,32768,00000,00000
BCN,3869,0781,064038,2,8,002396,2,8,32799,32768,00000,00000
BCN,3870,0856,064038,2,8,002396,2,8,32799,32768,00000,00000
BCN,3871,0781,064038,2,8,002396,2,8,32799,32768,00000,00000
BCN,3872,0779,064038,2,8,002396,2,8,32799,32768,00000,00000
BCN,3873,0863,064038,2,8,002396,2,8,32799,32768,00000,00000
BCN,3874,0782,064038,2,8,002396,2,8,32799,32768,00000,00000
BCN,3875,0782,064038,2,8,002396,2,8,32799,32768,00000,00000
BCN,3876,0778,061782,2,8,002405,2,8,32800,32767,00000,00000
BCN,3877,0781,061782,2,8,002405,2,8,32800,32767,00000,00000
BCN,3878,0779,061782,2,8,002405,2,8,32800,32767,00000,00000
BCN,3879,0862,061782,2,8,002405,2,8,32800,32767,00000,00000
BCN,3880,0860,061782,2,8,002405,2,8,32800,32767,00000,00000
BCN,3881,0862,061782,2,8,002405,2,8,32800,32767,00000,00000
BCN,3882,0778,061808,2,8,002567,2,9,32800,32768,00000,00000
BCN,3883,0861,061808,2,8,002567,2,9,32800,32768,00000,00000
BCN,3884,0860,061808,2,8,002567,2,9,32800,32768,00000,00000
BCN,3885,0861,061808,2,8,002567,2,9,32800,32768,00000,00000
BCN,3886,0777,061808,2,8,002567,2,9,32800,32768,00000,00000
BCN,3887,0861,061808,2,8,002567,2,9,32800,32768,00000,00000
BCN,3888,0860,063830,2,8,002691,2,9,32799,32768,00000,00000
BCN,3889,0861,063830,2,8,002691,2,9,32799,32768,00000,00000
BCN,3890,0806,063830,2,8,002691,2,9,32799,32768,00000,00000
BCN,3891,0821,063830,2,8,002691,2,9,32799,32768,00000,00000
BCN,3892,0778,063830,2,8,002691,2,9,32799,32768,00000,00000
BCN,3893,0838,063830,2,8,002691,2,9,32799,32768,00000,00000
BCN,3894,0860,059708,2,8,002725,2,9,32799,32768,00000,00000
BCN,3895,0862,059708,2,8,002725,2,9,32799,32768,00000,00000
BCN,3896,0791,059708,2,8,002725,2,9,32799,32768,00000,00000
BCN,3897,0789,059708,2,8,002725,2,9,32799,32768,00000,00000
BCN,3898,0786,059708,2,8,002725,2,9,32799,32768,00000,00000
BCN,3899,0780,059708,2,8,002725,2,9,32799,32768,00000,00000
BCN,3900,0858,069987,2,9,002683,2,9,32800,32768,00000,00000
BCN,3901,0863,069987,2,9,002683,2,9,32800,32768,00000,00000
BCN,3902,0860,069987,2,9,002683,2,9,32800,32768,00000,00000
BCN,3903,0862,069987,2,9,002683,2,9,32800,32768,00000,00000
BCN,3904,0863,069987,2,9,002683,2,9,32800,32768,00000,00000
BCN,3905,0782,069987,2,9,002683,2,9,32800,32768,00000,00000
BCN,3906,0781,061756,2,8,002590,2,9,32800,32768,00000,00000
BCN,3907,0864,061756,2,8,002590,2,9,32800,32768,00000,00000
BCN,3908,0781,061756,2,8,002590,2,9,32800,32768,00000,00000
BCN,3909,0783,061756,2,8,002590,2,9,32800,32768,00000,00000
BCN,3910,0864,061756,2,8,002590,2,9,32800,32768,00000,00000
BCN,3911,0783,061756,2,8,002590,2,9,32800,32768,00000,00000
BCN,3912,0782,061756,2,8,002590,2,9,32800,32768,00000,00000
BCN,3913,0783,063791,2,8,002442,2,8,32799,32768,00000,00000
BCN,3914,0782,063791,2,8,002442,2,8,32799,32768,00000,00000
BCN,3915,0784,063791,2,8,002442,2,8,32799,32768,00000,00000
BCN,3916,0864,063791,2,8,002442,2,8,32799,32768,00000,00000
BCN,3917,0848,063791,2,8,002442,2,8,32799,32768,00000,00000
BCN,3918,0832,063791,2,8,002442,2,8,32799,32768,00000,00000
BCN,3919,0783,059682,2,8,002354,2,8,32799,32767,00000,00000
BCN,3920,0811,059682,2,8,002354,2,8,32799,32767,00000,00000
BCN,3921,0806,059682,2,8,002354,2,8,32799,32767,00000,00000
BCN,3922,0865,059682,2,8,002354,2,8,32799,32767,00000,00000
BCN,3923,0854,059682,2,8,002354,2,8,32799,32767,00000,00000
BCN,3924,0864,059682,2,8,002354,2,8,32799,32767,00000,00000
BCN,3925,0790,069961,2,9,002587,2,9,32800,32768,00000,00000
BCN,3926,0863,069961,2,9,002587,2,9,32800,32768,00000,00000
BCN,3927,0860,069961,2,9,002587,2,9,32800,32768,00000,00000
BCN,3928,0860,069961,2,9,002587,2,9,32800,32768,00000,00000
BCN,3929,0782,069961,2,9,002587,2,9,32800,32768,00000,00000
BCN,3930,0861,069961,2,9,002587,2,9,32800,32768,00000,00000
BCN,3931,0864,063778,2,8,002665,2,9,32800,32768,00000,00000
BCN,3932,0862,063778,2,8,002665,2,9,32800,32768,00000,00000
BCN,3933,0782,063778,2,8,002665,2,9,32800,32768,00000,00000
BCN,3934,0780,063778,2,8,002665,2,9,32800,32768,00000,00000
BCN,3935,0781,063778,2,8,002665,2,9,32800,32768,00000,00000
BCN,3936,0778,063778,2,8,002665,2,9,32800,32768,00000,00000
BCN,3937,0862,065865,2,9,002695,2,9,32800,32768,00000,00000
BCN,3938,0861,065865,2,9,002695,2,9,32800,32768,00000,00000
BCN,3939,0862,065865,2,9,002695,2,9,32800,32768,00000,00000
BCN,3940,0860,065865,2,9,002695,2,9,32800,32768,00000,00000
BCN,3941,0862,065865,2,9,002695,2,9,32800,32768,00000,00000
BCN,3942,0778,065865,2,9,002695,2,9,32800,32768,00000,00000
BCN,3943,0779,059877,2,8,002699,2,9,32799,32768,00000,00000
BCN,3944,0860,059877,2,8,002699,2,9,32799,32768,00000,00000
BCN,3945,0806,059877,2,8,002699,2,9,32799,32768,00000,00000
BCN,3946,0818,059877,2,8,002699,2,9,32799,32768,00000,00000
BCN,3947,0862,059877,2,8,002699,2,9,32799,32768,00000,00000
BCN,3948,0777,059877,2,8,002699,2,9,32799,32768,00000,00000
BCN,3949,0779,059877,2,8,002699,2,9,32799,32768,00000,00000
BCN,3950,0846,066021,2,9,002645,2,9,32800,32768,00000,00000
BCN,3951,0779,066021,2,9,002645,2,9,32800,32768,00000,00000
BCN,3952,0778,066021,2,9,002645,2,9,32800,32768,00000,00000
BCN,3953,0862,066021,2,9,002645,2,9,32800,32768,00000,00000
BCN,3954,0784,066021,2,9,002645,2,9,32800,32768,00000,00000
BCN,3955,0784,066021,2,9,002645,2,9,32800,32768,00000,00000
BCN,3956,0778,066203,2,9,002516,2,9,32800,32768,00000,00000
BCN,3957,0783,066203,2,9,002516,2,9,32800,32768,00000,00000
BCN,3958,0781,066203,2,9,002516,2,9,32800,32768,00000,00000
BCN,3959,0863,066203,2,9,002516,2,9,32800,32768,00000,00000
BCN,3960,0860,066203,2,9,002516,2,9,32800,32768,00000,00000
BCN,3961,0864,066203,2,9,002516,2,9,32800,32768,00000,00000
BCN,3962,0781,060137,2,8,002337,2,8,32799,32768,00000,00000
BCN,3963,0864,060137,2,8,002337,2,8,32799,32768,00000,00000
BCN,3964,0863,060137,2,8,002337,2,8,32799,32768,00000,00000
BCN,3965,0864,060137,2,8,002337,2,8,32799,32768,00000,00000
BCN,3966,0781,060137,2,8,002337,2,8,32799,32768,00000,00000
BCN,3967,0865,060137,2,8,002337,2,8,32799,32768,00000,00000
BCN,3968,0864,064077,2,8,002489,2,9,32800,32767,00000,00000
BCN,3969,0865,064077,2,8,002489,2,9,32800,32767,00000,00000
BCN,3970,0782,064077,2,8,002489,2,9,32800,32767,00000,00000
BCN,3971,0783,064077,2,8,002489,2,9,32800,32767,00000,00000
BCN,3972,0782,064077,2,8,002489,2,9,32800,32767,00000,00000
BCN,3973,0821,064077,2,8,002489,2,9,32800,32767,00000,00000
BCN,3974,0864,066281,2,9,002555,2,9,32800,32768,00000,00000
BCN,3975,0865,066281,2,9,002555,2,9,32800,32768,00000,00000
BCN,3976,0804,066281,2,9,002555,2,9,32800,32768,00000,00000
BCN,3977,0799,066281,2,9,002555,2,9,32800,32768,00000,00000
BCN,3978,0795,066281,2,9,002555,2,9,32800,32768,00000,00000
BCN,3979,0783,066281,2,9,002555,2,9,32800,32768,00000,00000
BCN,3980,0857,064116,2,8,002691,2,9,32799,32768,00000,00000
BCN,3981,0865,064116,2,8,002691,2,9,32799,32768,00000,00000
BCN,3982,0860,064116,2,8,002691,2,9,32799,32768,00000,00000
BCN,3983,0862,064116,2,8,002691,2,9,32799,32768,00000,00000
BCN,3984,0863,064116,2,8,002691,2,9,32799,32768,00000,00000
BCN,3985,0782,064116,2,8,002691,2,9,32799,32768,00000,00000
BCN,3986,0780,064116,2,8,002691,2,9,32799,32768,00000,00000
BCN,3987,0863,061834,2,8,002686,2,9,32800,32768,00000,00000
BCN,3988,0779,061834,2,8,002686,2,9,32800,32768,00000,00000
BCN,3989,0781,061834,2,8,002686,2,9,32800,32768,00000,00000
BCN,3990,0862,061834,2,8,002686,2,9,32800,32768,00000,00000
BCN,3991,0781,061834,2,8,002686,2,9,32800,32768,00000,00000
BCN,3992,0779,061834,2,8,002686,2,9,32800,32768,00000,00000
BCN,3993,0779,061847,2,8,002642,2,9,32800,32768,00000,00000
BCN,3994,0779,061847,2,8,002642,2,9,32800,32768,00000,00000
BCN,3995,0780,061847,2,8,002642,2,9,32800,32768,00000,00000
BCN,3996,0861,061847,2,8,002642,2,9,32800,32768,00000,00000
BCN,3997,0862,061847,2,8,002642,2,9,32800,32768,00000,00000
BCN,3998,0860,061847,2,8,002642,2,9,32800,32768,00000,00000
BCN,3999,0779,063856,2,8,002520,2,9,32799,32768,00000,00000
BCN,4000,0833,063856,2,8,002520,2,9,32799,32768,00000,00000
BCN,4001,0821,063856,2,8,002520,2,9,32799,32768,00000,00000
BCN,4002,0860,063856,2,8,002520,2,9,32799,32768,00000,00000
BCN,4003,0839,063856,2,8,002520,2,9,32799,32768,00000,00000
BCN,4004,0860,063856,2,8,002520,2,9,32799,32768,00000,00000
BCN,4005,0794,059734,2,8,002371,2,8,32799,32768,00000,00000
BCN,4006,0860,059734,2,8,002371,2,8,32799,32768,00000,00000
BCN,4007,0854,059734,2,8,002371,2,8,32799,32768,00000,00000
BCN,4008,0854,059734,2,8,002371,2,8,32799,32768,00000,00000
BCN,4009,0779,059734,2,8,002371,2,8,32799,32768,00000,00000
BCN,4010,0857,059734,2,8,002371,2,8,32799,32768,00000,00000
BCN,4011,0862,070000,2,9,002450,2,9,32800,32767,00000,00000
BCN,4012,0861,070000,2,9,002450,2,9,32800,32767,00000,00000
BCN,4013,0781,070000,2,9,002450,2,9,32800,32767,00000,00000
BCN,4014,0780,070000,2,9,002450,2,9,32800,32767,00000,00000
BCN,4015,0781,070000,2,9,002450,2,9,32800,32767,00000,00000
BCN,4016,0779,070000,2,9,002450,2,9,32800,32767,00000,00000
BCN,4017,0862,063804,2,8,002571,2,9,32800,32768,00000,00000
BCN,4018,0861,063804,2,8,002571,2,9,32800,32768,00000,00000
BCN,4019,0863,063804,2,8,002571,2,9,32800,32768,00000,00000
BCN,4020,0862,063804,2,8,002571,2,9,32800,32768,00000,00000
BCN,4021,0864,063804,2,8,002571,2,9,32800,32768,00000,00000
BCN,4022,0780,063804,2,8,002571,2,9,32800,32768,00000,00000
BCN,4023,0782,063804,2,8,002571,2,9,32800,32768,00000,00000
BCN,4024,0863,067835,2,9,002695,2,9,32800,32768,00000,00000
BCN,4025,0782,067835,2,9,002695,2,9,32800,32768,00000,00000
BCN,4026,0798,067835,2,9,002695,2,9,32800,32768,00000,00000
BCN,4027,0865,067835,2,9,002695,2,9,32800,32768,00000,00000
BCN,4028,0781,067835,2,9,002695,2,9,32800,32768,00000,00000
BCN,4029,0783,067835,2,9,002695,2,9,32800,32768,00000,00000
BCN,4030,0840,061730,2,8,002703,2,9,32800,32768,00000,00000
BCN,4031,0783,061730,2,8,002703,2,9,32800,32768,00000,00000
BCN,4032,0782,061730,2,8,002703,2,9,32800,32768,00000,00000
BCN,4033,0865,061730,2,8,002703,2,9,32800,32768,00000,00000
BCN,4034,0791,061730,2,8,002703,2,9,32800,32768,00000,00000
BCN,4035,0790,061730,2,8,002703,2,9,32800,32768,00000,00000
BCN,4036,0782,063778,2,8,002643,2,9,32799,32768,00000,00000
BCN,4037,0787,063778,2,8,002643,2,9,32799,32768,00000,00000
BCN,4038,0785,063778,2,8,002643,2,9,32799,32768,00000,00000
BCN,4039,0865,063778,2,8,002643,2,9,32799,32768,00000,00000
BCN,4040,0862,063778,2,8,002643,2,9,32799,32768,00000,00000
BCN,4041,0865,063778,2,8,002643,2,9,32799,32768,00000,00000
BCN,4042,0782,059669,2,8,002527,2,9,32799,32768,00000,00000
BCN,4043,0865,059669,2,8,002527,2,9,32799,32768,00000,00000
BCN,4044,0862,059669,2,8,002527,2,9,32799,32768,00000,00000
BCN,4045,0863,059669,2,8,002527,2,9,32799,32768,00000,00000
BCN,4046,0780,059669,2,8,002527,2,9,32799,32768,00000,00000
BCN,4047,0863,059669,2,8,002527,2,9,32799,32768,00000,00000
BCN,4048,0862,069961,2,9,002388,2,8,32800,32768,00000,00000
BCN,4049,0863,069961,2,9,002388,2,8,32800,32768,00000,00000
BCN,4050,0779,069961,2,9,002388,2,8,32800,32768,00000,00000
BCN,4051,0780,069961,2,9,002388,2,8,32800,32768,00000,00000
BCN,4052,0779,069961,2,9,002388,2,8,32800,32768,00000,00000
BCN,4053,0780,069961,2,9,002388,2,8,32800,32768,00000,00000
BCN,4054,0861,063765,2,8,002427,2,8,32800,32767,00000,00000
BCN,4055,0862,063765,2,8,002427,2,8,32800,32767,00000,00000
BCN,4056,0817,063765,2,8,002427,2,8,32800,32767,00000,00000
BCN,4057,0809,063765,2,8,002427,2,8,32800,32767,00000,00000
BCN,4058,0801,063765,2,8,002427,2,8,32800,32767,00000,00000
BCN,4059,0779,063765,2,8,002427,2,8,32800,32767,00000,00000
BCN,4060,0848,063765,2,8,002427,2,8,32800,32767,00000,00000
BCN,4061,0862,063921,2,8,002570,2,9,32800,32768,00000,00000
BCN,4062,0853,063921,2,8,002570,2,9,32800,32768,00000,00000
BCN,4063,0856,063921,2,8,002570,2,9,32800,32768,00000,00000
BCN,4064,0860,063921,2,8,002570,2,9,32800,32768,00000,00000
BCN,4065,0779,063921,2,8,002570,2,9,32800,32768,00000,00000
BCN,4066,0777,063921,2,8,002570,2,9,32800,32768,00000,00000
BCN,4067,0859,059955,2,8,002691,2,9,32799,32768,00000,00000
BCN,4068,0778,059955,2,8,002691,2,9,32799,32768,00000,00000
BCN,4069,0779,059955,2,8,002691,2,9,32799,32768,00000,00000
BCN,4070,0860,059955,2,8,002691,2,9,32799,32768,00000,00000
BCN,4071,0781,059955,2,8,002691,2,9,32799,32768,00000,00000
BCN,4072,0779,059955,2,8,002691,2,9,32799,32768,00000,00000
BCN,4073,0780,066086,2,9,002713,2,9,32800,32768,00000,00000
BCN,4074,0779,066086,2,9,002713,2,9,32800,32768,00000,00000
BCN,4075,0781,066086,2,9,002713,2,9,32800,32768,00000,00000
BCN,4076,0862,066086,2,9,002713,2,9,32800,32768,00000,00000
BCN,4077,0863,066086,2,9,002713,2,9,32800,32768,00000,00000
BCN,4078,0862,066086,2,9,002713,2,9,32800,32768,00000,00000
BCN,4079,0782,066242,2,9,002665,2,9,32800,32768,00000,00000
BCN,4080,0863,066242,2,9,002665,2,9,32800,32768,00000,00000
BCN,4081,0857,066242,2,9,002665,2,9,32800,32768,00000,00000
BCN,4082,0863,066242,2,9,002665,2,9,32800,32768,00000,00000
BCN,4083,0825,066242,2,9,002665,2,9,32800,32768,00000,00000
BCN,4084,0863,066242,2,9,002665,2,9,32800,32768,00000,00000
BCN,4085,0809,060163,2,8,002584,2,9,32799,32768,00000,00000
BCN,4086,0864,060163,2,8,002584,2,9,32799,32768,00000,00000
BCN,4087,0852,060163,2,8,002584,2,9,32799,32768,00000,00000
BCN,4088,0854,060163,2,8,002584,2,9,32799,32768,00000,00000
BCN,4089,0783,060163,2,8,002584,2,9,32799,32768,00000,00000
BCN,4090,0858,060163,2,8,002584,2,9,32799,32768,00000,00000
BCN,4091,0866,064103,2,8,002404,2,8,32800,32768,00000,00000
BCN,4092,0864,064103,2,8,002404,2,8,32800,32768,00000,00000
BCN,4093,0786,064103,2,8,002404,2,8,32800,32768,00000,00000
BCN,4094,0784,064103,2,8,002404,2,8,32800,32768,00000,00000
BCN,4095,0785,064103,2,8,002404,2,8,32800,32768,00000,00000
BCN,4096,0781,064103,2,8,002404,2,8,32800,32768,00000,00000
BCN,4097,0864,064103,2,8,002404,2,8,32800,32768,00000,00000
BCN,4098,0863,066294,2,9,002371,2,8,32800,32767,00000,00000
BCN,4099,0864,066294,2,9,002371,2,8,32800,32767,00000,00000
BCN,4100,0862,066294,2,9,002371,2,8,32800,32767,00000,00000
BCN,4101,0864,066294,2,9,002371,2,8,32800,32767,00000,00000
BCN,4102,0780,066294,2,9,002371,2,8,32800,32767,00000,00000
BCN,4103,0781,066294,2,9,002371,2,8,32800,32767,00000,00000
BCN,4104,0862,060202,2,8,002590,2,9,32799,32768,00000,00000
BCN,4105,0780,060202,2,8,002590,2,9,32799,32768,00000,00000
BCN,4106,0779,060202,2,8,002590,2,9,32799,32768,00000,00000
BCN,4107,0863,060202,2,8,002590,2,9,32799,32768,00000,00000
BCN,4108,0778,060202,2,8,002590,2,9,32799,32768,00000,00000
BCN,4109,0780,060202,2,8,002590,2,9,32799,32768,00000,00000
BCN,4110,0819,064129,2,8,002691,2,9,32800,32768,00000,00000
BCN,4111,0779,064129,2,8,002691,2,9,32800,32768,00000,00000
BCN,4112,0778,064129,2,8,002691,2,9,32800,32768,00000,00000
BCN,4113,0862,064129,2,8,002691,2,9,32800,32768,00000,00000
BCN,4114,0793,064129,2,8,002691,2,9,32800,32768,00000,00000
BCN,4115,0791,064129,2,8,002691,2,9,32800,32768,00000,00000
BCN,4116,0778,066307,2,9,002715,2,9,32800,32768,00000,00000
BCN,4117,0786,066307,2,9,002715,2,9,32800,32768,00000,00000
BCN,4118,0783,066307,2,9,002715,2,9,32800,32768,00000,00000
BCN,4119,0862,066307,2,9,002715,2,9,32800,32768,00000,00000
BCN,4120,0857,066307,2,9,002715,2,9,32800,32768,00000,00000
BCN,4121,0861,066307,2,9,002715,2,9,32800,32768,00000,00000
BCN,4122,0780,060215,2,8,002653,2,9,32799,32768,00000,00000
BCN,4123,0862,060215,2,8,002653,2,9,32799,32768,00000,00000
BCN,4124,0859,060215,2,8,002653,2,9,32799,32768,00000,00000
BCN,4125,0861,060215,2,8,002653,2,9,32799,32768,00000,00000
BCN,4126,0778,060215,2,8,002653,2,9,32799,32768,00000,00000
BCN,4127,0862,060215,2,8,002653,2,9,32799,32768,00000,00000
BCN,4128,0861,064142,2,8,002585,2,9,32800,32768,00000,00000
BCN,4129,0862,064142,2,8,002585,2,9,32800,32768,00000,00000
BCN,4130,0779,064142,2,8,002585,2,9,32800,32768,00000,00000
BCN,4131,0781,064142,2,8,002585,2,9,32800,32768,00000,00000
BCN,4132,0780,064142,2,8,002585,2,9,32800,32768,00000,00000
BCN,4133,0781,064142,2,8,002585,2,9,32800,32768,00000,00000
BCN,4134,0863,064142,2,8,002585,2,9,32800,32768,00000,00000
BCN,4135,0864,066320,2,9,002436,2,8,32800,32768,00000,00000
BCN,4136,0847,066320,2,9,002436,2,8,32800,32768,00000,00000
BCN,4137,0833,066320,2,9,002436,2,8,32800,32768,00000,00000
BCN,4138,0819,066320,2,9,002436,2,8,32800,32768,00000,00000
BCN,4139,0782,066320,2,9,002436,2,8,32800,32768,00000,00000
BCN,4140,0844,066320,2,9,002436,2,8,32800,32768,00000,00000
BCN,4141,0865,060215,2,8,002388,2,8,32799,32767,00000,00000
BCN,4142,0853,060215,2,8,002388,2,8,32799,32767,00000,00000
BCN,4143,0857,060215,2,8,002388,2,8,32799,32767,00000,00000
BCN,4144,0864,060215,2,8,002388,2,8,32799,32767,00000,00000
BCN,4145,0783,060215,2,8,002388,2,8,32799,32767,00000,00000
BCN,4146,0781,060215,2,8,002388,2,8,32799,32767,00000,00000
BCN,4147,0862,064142,2,8,002569,2,9,32800,32768,00000,00000
BCN,4148,0781,064142,2,8,002569,2,9,32800,32768,00000,00000
BCN,4149,0783,064142,2,8,002569,2,9,32800,32768,00000,00000
BCN,4150,0864,064142,2,8,002569,2,9,32800,32768,00000,00000
BCN,4151,0784,064142,2,8,002569,2,9,32800,32768,00000,00000
BCN,4152,0782,064142,2,8,002569,2,9,32800,32768,00000,00000
BCN,4153,0782,066320,2,9,002685,2,9,32800,32768,00000,00000
BCN,4154,0781,066320,2,9,002685,2,9,32800,32768,00000,00000
BCN,4155,0782,066320,2,9,002685,2,9,32800,32768,00000,00000
BCN,4156,0862,066320,2,9,002685,2,9,32800,32768,00000,00000
BCN,4157,0863,066320,2,9,002685,2,9,32800,32768,00000,00000
BCN,4158,0862,066320,2,9,002685,2,9,32800,32768,00000,00000
BCN,4159,0781,060228,2,8,002714,2,9,32799,32768,00000,00000
BCN,4160,0861,060228,2,8,002714,2,9,32799,32768,00000,00000
BCN,4161,0862,060228,2,8,002714,2,9,32799,32768,00000,00000
BCN,4162,0861,060228,2,8,002714,2,9,32799,32768,00000,00000
BCN,4163,0804,060228,2,8,002714,2,9,32799,32768,00000,00000
BCN,4164,0861,060228,2,8,002714,2,9,32799,32768,00000,00000
BCN,4165,0816,064142,2,8,002652,2,9,32800,32768,00000,00000
BCN,4166,0861,064142,2,8,002652,2,9,32800,32768,00000,00000
BCN,4167,0843,064142,2,8,002652,2,9,32800,32768,00000,00000
BCN,4168,0846,064142,2,8,002652,2,9,32800,32768,00000,00000
BCN,4169,0779,064142,2,8,002652,2,9,32800,32768,00000,00000
BCN,4170,0852,064142,2,8,002652,2,9,32800,32768,00000,00000
BCN,4171,0861,064142,2,8,002652,2,9,32800,32768,00000,00000
BCN,4172,0860,066333,2,9,002538,2,9,32800,32768,00000,00000
BCN,4173,0783,066333,2,9,002538,2,9,32800,32768,00000,00000
BCN,4174,0781,066333,2,9,002538,2,9,32800,32768,00000,00000
BCN,4175,0781,066333,2,9,002538,2,9,32800,32768,00000,00000
BCN,4176,0777,066333,2,9,002538,2,9,32800,32768,00000,00000
BCN,4177,0860,066333,2,9,002538,2,9,32800,32768,00000,00000
BCN,4178,0860,062185,2,8,002396,2,8,32799,32768,00000,00000
BCN,4179,0861,062185,2,8,002396,2,8,32799,32768,00000,00000
BCN,4180,0860,062185,2,8,002396,2,8,32799,32768,00000,00000
BCN,4181,0862,062185,2,8,002396,2,8,32799,32768,00000,00000
BCN,4182,0778,062185,2,8,002396,2,8,32799,32768,00000,00000
BCN,4183,0780,062185,2,8,002396,2,8,32799,32768,00000,00000
BCN,4184,0860,064077,2,8,002426,2,8,32800,32767,00000,00000
BCN,4185,0780,064077,2,8,002426,2,8,32800,32767,00000,00000
BCN,4186,0779,064077,2,8,002426,2,8,32800,32767,00000,00000
BCN,4187,0863,064077,2,8,002426,2,8,32800,32767,00000,00000
BCN,4188,0779,064077,2,8,002426,2,8,32800,32767,00000,00000
BCN,4189,0781,064077,2,8,002426,2,8,32800,32767,00000,00000
BCN,4190,0801,064142,2,8,002582,2,9,32800,32768,00000,00000
BCN,4191,0782,064142,2,8,002582,2,9,32800,32768,00000,00000
BCN,4192,0781,064142,2,8,002582,2,9,32800,32768,00000,00000
BCN,4193,0865,064142,2,8,002582,2,9,32800,32768,00000,00000
BCN,4194,0806,064142,2,8,002582,2,9,32800,32768,00000,00000
BCN,4195,0802,064142,2,8,002582,2,9,32800,32768,00000,00000
BCN,4196,0781,064038,2,8,002685,2,9,32799,32768,00000,00000
BCN,4197,0794,064038,2,8,002685,2,9,32799,32768,00000,00000
BCN,4198,0790,064038,2,8,002685,2,9,32799,32768,00000,00000
BCN,4199,0865,064038,2,8,002685,2,9,32799,32768,00000,00000
BCN,4200,0860,064038,2,8,002685,2,9,32799,32768,00000,00000
BCN,4201,0866,064038,2,8,002685,2,9,32799,32768,00000,00000
BCN,4202,0785,061782,2,8,002700,2,9,32800,32768,00000,00000
BCN,4203,0866,061782,2,8,002700,2,9,32800,32768,00000,00000
BCN,4204,0863,061782,2,8,002700,2,9,32800,32768,00000,00000
BCN,4205,0865,061782,2,8,002700,2,9,32800,32768,00000,00000
BCN,4206,0782,061782,2,8,002700,2,9,32800,32768,00000,00000
BCN,4207,0865,061782,2,8,002700,2,9,32800,32768,00000,00000
BCN,4208,0864,061782,2,8,002700,2,9,32800,32768,00000,00000
BCN,4209,0865,061808,2,8,002663,2,9,32800,32768,00000,00000
BCN,4210,0782,061808,2,8,002663,2,9,32800,32768,00000,00000
BCN,4211,0783,061808,2,8,002663,2,9,32800,32768,00000,00000
BCN,4212,0782,061808,2,8,002663,2,9,32800,32768,00000,00000
BCN,4213,0782,061808,2,8,002663,2,9,32800,32768,00000,00000
BCN,4214,0863,061808,2,8,002663,2,9,32800,32768,00000,00000
BCN,4215,0864,063830,2,8,002592,2,9,32799,32768,00000,00000
BCN,4216,0863,063830,2,8,002592,2,9,32799,32768,00000,00000
BCN,4217,0864,063830,2,8,002592,2,9,32799,32768,00000,00000
BCN,4218,0846,063830,2,8,002592,2,9,32799,32768,00000,00000
BCN,4219,0781,063830,2,8,002592,2,9,32799,32768,00000,00000
BCN,4220,0827,063830,2,8,002592,2,9,32799,32768,00000,00000
BCN,4221,0862,059708,2,8,002456,2,8,32799,32768,00000,00000
BCN,4222,0841,059708,2,8,002456,2,8,32799,32768,00000,00000
BCN,4223,0847,059708,2,8,002456,2,8,32799,32768,00000,00000
BCN,4224,0861,059708,2,8,002456,2,8,32799,32768,00000,00000
BCN,4225,0779,059708,2,8,002456,2,8,32799,32768,00000,00000
BCN,4226,0778,059708,2,8,002456,2,8,32799,32768,00000,00000
BCN,4227,0857,069987,2,9,002322,2,8,32800,32767,00000,00000
BCN,4228,0778,069987,2,9,002322,2,8,32800,32767,00000,00000
BCN,4229,0779,069987,2,9,002322,2,8,32800,32767,00000,00000
BCN,4230,0860,069987,2,9,002322,2,8,32800,32767,00000,00000
BCN,4231,0781,069987,2,9,002322,2,8,32800,32767,00000,00000
BCN,4232,0779,069987,2,9,002322,2,8,32800,32767,00000,00000
BCN,4233,0779,063791,2,8,002592,2,9,32800,32768,00000,00000
BCN,4234,0779,063791,2,8,002592,2,9,32800,32768,00000,00000
BCN,4235,0780,063791,2,8,002592,2,9,32800,32768,00000,00000
BCN,4236,0860,063791,2,8,002592,2,9,32800,32768,00000,00000
BCN,4237,0861,063791,2,8,002592,2,9,32800,32768,00000,00000
BCN,4238,0860,063791,2,8,002592,2,9,32800,32768,00000,00000
BCN,4239,0780,067835,2,9,002682,2,9,32800,32768,00000,00000
BCN,4240,0861,067835,2,9,002682,2,9,32800,32768,00000,00000
BCN,4241,0862,067835,2,9,002682,2,9,32800,32768,00000,00000
BCN,4242,0861,067835,2,9,002682,2,9,32800,32768,00000,00000
BCN,4243,0780,067835,2,9,002682,2,9,32800,32768,00000,00000
BCN,4244,0861,067835,2,9,002682,2,9,32800,32768,00000,00000
BCN,4245,0860,067835,2,9,002682,2,9,32800,32768,00000,00000
BCN,4246,0862,061730,2,8,002705,2,9,32800,32768,00000,00000
BCN,4247,0821,061730,2,8,002705,2,9,32800,32768,00000,00000
BCN,4248,0829,061730,2,8,002705,2,9,32800,32768,00000,00000
BCN,4249,0781,061730,2,8,002705,2,9,32800,32768,00000,00000
BCN,4250,0844,061730,2,8,002705,2,9,32800,32768,00000,00000
BCN,4251,0864,061730,2,8,002705,2,9,32800,32768,00000,00000
BCN,4252,0863,065904,2,9,002693,2,9,32799,32768,00000,00000
BCN,4253,0792,065904,2,9,002693,2,9,32799,32768,00000,00000
BCN,4254,0789,065904,2,9,002693,2,9,32799,32768,00000,00000
BCN,4255,0789,065904,2,9,002693,2,9,32799,32768,00000,00000
BCN,4256,0781,065904,2,9,002693,2,9,32799,32768,00000,00000
BCN,4257,0863,065904,2,9,002693,2,9,32799,32768,00000,00000
BCN,4258,0864,066151,2,9,002641,2,9,32799,32768,00000,00000
BCN,4259,0864,066151,2,9,002641,2,9,32799,32768,00000,00000
BCN,4260,0863,066151,2,9,002641,2,9,32799,32768,00000,00000
BCN,4261,0866,066151,2,9,002641,2,9,32799,32768,00000,00000
BCN,4262,0782,066151,2,9,002641,2,9,32799,32768,00000,00000
BCN,4263,0783,066151,2,9,002641,2,9,32799,32768,00000,00000
BCN,4264,0863,072360,2,9,002529,2,9,32800,32768,00000,00000
BCN,4265,0783,072360,2,9,002529,2,9,32800,32768,00000,00000
BCN,4266,0782,072360,2,9,002529,2,9,32800,32768,00000,00000
BCN,4267,0865,072360,2,9,002529,2,9,32800,32768,00000,00000
BCN,4268,0781,072360,2,9,002529,2,9,32800,32768,00000,00000
BCN,4269,0783,072360,2,9,002529,2,9,32800,32768,00000,00000
BCN,4270,0781,068121,2,9,002368,2,8,32800,32768,00000,00000
BCN,4271,0782,068121,2,9,002368,2,8,32800,32768,00000,00000
BCN,4272,0780,068121,2,9,002368,2,8,32800,32768,00000,00000
BCN,4273,0864,068121,2,9,002368,2,8,32800,32768,00000,00000
BCN,4274,0832,068121,2,9,002368,2,8,32800,32768,00000,00000
BCN,4275,0821,068121,2,9,002368,2,8,32800,32768,00000,00000
BCN,4276,0779,066242,2,9,002447,2,9,32800,32767,00000,00000
BCN,4277,0804,066242,2,9,002447,2,9,32800,32767,00000,00000
BCN,4278,0797,066242,2,9,002447,2,9,32800,32767,00000,00000
BCN,4279,0863,066242,2,9,002447,2,9,32800,32767,00000,00000
BCN,4280,0852,066242,2,9,002447,2,9,32800,32767,00000,00000
BCN,4281,0863,066242,2,9,002447,2,9,32800,32767,00000,00000
BCN,4282,0785,066242,2,9,002447,2,9,32800,32767,00000,00000
BCN,4283,0862,064090,2,8,002567,2,9,32799,32768,00000,00000
BCN,4284,0857,064090,2,8,002567,2,9,32799,32768,00000,00000
BCN,4285,0859,064090,2,8,002567,2,9,32799,32768,00000,00000
BCN,4286,0778,064090,2,8,002567,2,9,32799,32768,00000,00000
BCN,4287,0860,064090,2,8,002567,2,9,32799,32768,00000,00000
BCN,4288,0860,064090,2,8,002567,2,9,32799,32768,00000,00000
BCN,4289,0862,061821,2,8,002702,2,9,32800,32768,00000,00000
BCN,4290,0778,061821,2,8,002702,2,9,32800,32768,00000,00000
BCN,4291,0780,061821,2,8,002702,2,9,32800,32768,00000,00000
BCN,4292,0778,061821,2,8,002702,2,9,32800,32768,00000,00000
BCN,4293,0779,061821,2,8,002702,2,9,32800,32768,00000,00000
BCN,4294,0859,061821,2,8,002702,2,9,32800,32768,00000,00000
BCN,4295,0862,061821,2,8,002721,2,9,32800,32768,00000,00000
BCN,4296,0860,061821,2,8,002721,2,9,32800,32768,00000,00000
BCN,4297,0862,061821,2,8,002721,2,9,32800,32768,00000,00000
BCN,4298,0861,061821,2,8,002721,2,9,32800,32768,00000,00000
BCN,4299,0779,061821,2,8,002721,2,9,32800,32768,00000,00000
BCN,4300,0797,061821,2,8,002721,2,9,32800,32768,00000,00000
BCN,4301,0863,063843,2,8,002669,2,9,32799,32768,00000,00000
BCN,4302,0821,063843,2,8,002669,2,9,32799,32768,00000,00000
BCN,4303,0832,063843,2,8,002669,2,9,32799,32768,00000,00000
BCN,4304,0862,063843,2,8,002669,2,9,32799,32768,00000,00000
BCN,4305,0781,063843,2,8,002669,2,9,32799,32768,00000,00000
BCN,4306,0780,063843,2,8,002669,2,9,32799,32768,00000,00000
BCN,4307,0853,061860,2,8,002551,2,9,32799,32768,00000,00000
BCN,4308,0780,061860,2,8,002551,2,9,32799,32768,00000,00000
BCN,4309,0782,061860,2,8,002551,2,9,32799,32768,00000,00000
BCN,4310,0863,061860,2,8,002551,2,9,32799,32768,00000,00000
BCN,4311,0787,061860,2,8,002551,2,9,32799,32768,00000,00000
BCN,4312,0784,061860,2,8,002551,2,9,32799,32768,00000,00000
BCN,4313,0782,072204,2,9,002410,2,8,32800,32768,00000,00000
BCN,4314,0783,072204,2,9,002410,2,8,32800,32768,00000,00000
BCN,4315,0784,072204,2,9,002410,2,8,32800,32768,00000,00000
BCN,4316,0864,072204,2,9,002410,2,8,32800,32768,00000,00000
BCN,4317,0865,072204,2,9,002410,2,8,32800,32768,00000,00000
BCN,4318,0864,072204,2,9,002410,2,8,32800,32768,00000,00000
BCN,4319,0784,072204,2,9,002410,2,8,32800,32768,00000,00000
BCN,4320,0864,066060,2,9,002417,2,8,32800,32767,00000,00000
BCN,4321,0865,066060,2,9,002417,2,8,32800,32767,00000,00000
BCN,4322,0864,066060,2,9,002417,2,8,32800,32767,00000,00000
BCN,4323,0783,066060,2,9,002417,2,8,32800,32767,00000,00000
BCN,4324,0863,066060,2,9,002417,2,8,32800,32767,00000,00000
BCN,4325,0865,066060,2,9,002417,2,8,32800,32767,00000,00000
BCN,4326,0864,066229,2,9,002570,2,9,32800,32768,00000,00000
BCN,4327,0782,066229,2,9,002570,2,9,32800,32768,00000,00000
BCN,4328,0803,066229,2,9,002570,2,9,32800,32768,00000,00000
BCN,4329,0782,066229,2,9,002570,2,9,32800,32768,00000,00000
BCN,4330,0826,066229,2,9,002570,2,9,32800,32768,00000,00000
BCN,4331,0863,066229,2,9,002570,2,9,32800,32768,00000,00000
BCN,4332,0862,060150,2,8,002677,2,9,32799,32768,00000,00000
BCN,4333,0799,060150,2,8,002677,2,9,32799,32768,00000,00000
BCN,4334,0793,060150,2,8,002677,2,9,32799,32768,00000,00000
BCN,4335,0791,060150,2,8,002677,2,9,32799,32768,00000,00000
BCN,4336,0778,060150,2,8,002677,2,9,32799,32768,00000,00000
BCN,4337,0857,060150,2,8,002677,2,9,32799,32768,00000,00000
BCN,4338,0861,064090,2,8,002713,2,9,32800,32768,00000,00000
BCN,4339,0859,064090,2,8,002713,2,9,32800,32768,00000,00000
BCN,4340,0858,064090,2,8,002713,2,9,32800,32768,00000,00000
BCN,4341,0862,064090,2,8,002713,2,9,32800,32768,00000,00000
BCN,4342,0778,064090,2,8,002713,2,9,32800,32768,00000,00000
BCN,4343,0779,064090,2,8,002713,2,9,32800,32768,00000,00000
BCN,4344,0860,066281,2,9,002677,2,9,32800,32768,00000,00000
BCN,4345,0779,066281,2,9,002677,2,9,32800,32768,00000,00000
BCN,4346,0777,066281,2,9,002677,2,9,32800,32768,00000,00000
BCN,4347,0862,066281,2,9,002677,2,9,32800,32768,00000,00000
BCN,4348,0778,066281,2,9,002677,2,9,32800,32768,00000,00000
BCN,4349,0780,066281,2,9,002677,2,9,32800,32768,00000,00000
BCN,4350,0778,062159,2,8,002603,2,9,32799,32768,00000,00000
BCN,4351,0780,062159,2,8,002603,2,9,32799,32768,00000,00000
BCN,4352,0778,062159,2,8,002603,2,9,32799,32768,00000,00000
BCN,4353,0862,062159,2,8,002603,2,9,32799,32768,00000,00000
BCN,4354,0861,062159,2,8,002603,2,9,32799,32768,00000,00000
BCN,4355,0856,062159,2,8,002603,2,9,32799,32768,00000,00000
BCN,4356,0779,062159,2,8,002603,2,9,32799,32768,00000,00000
BCN,4357,0826,064064,2,8,002450,2,8,32800,32768,00000,00000
BCN,4358,0814,064064,2,8,002450,2,8,32800,32768,00000,00000
BCN,4359,0863,064064,2,8,002450,2,8,32800,32768,00000,00000
BCN,4360,0844,064064,2,8,002450,2,8,32800,32768,00000,00000
BCN,4361,0864,064064,2,8,002450,2,8,32800,32768,00000,00000
BCN,4362,0792,064064,2,8,002450,2,8,32800,32768,00000,00000
BCN,4363,0865,064116,2,8,002349,2,8,32800,32767,00000,00000
BCN,4364,0857,064116,2,8,002349,2,8,32800,32767,00000,00000
BCN,4365,0861,064116,2,8,002349,2,8,32800,32767,00000,00000
BCN,4366,0781,064116,2,8,002349,2,8,32800,32767,00000,00000
BCN,4367,0863,064116,2,8,002349,2,8,32800,32767,00000,00000
BCN,4368,0864,064116,2,8,002349,2,8,32800,32767,00000,00000
BCN,4369,0866,064025,2,8,002603,2,9,32799,32768,00000,00000
BCN,4370,0783,064025,2,8,002603,2,9,32799,32768,00000,00000
BCN,4371,0784,064025,2,8,002603,2,9,32799,32768,00000,00000
BCN,4372,0783,064025,2,8,002603,2,9,32799,32768,00000,00000
BCN,4373,0783,064025,2,8,002603,2,9,32799,32768,00000,00000
BCN,4374,0864,064025,2,8,002603,2,9,32799,32768,00000,00000
BCN,4375,0866,061782,2,8,002679,2,9,32800,32768,00000,00000
BCN,4376,0863,061782,2,8,002679,2,9,32800,32768,00000,00000
BCN,4377,0865,061782,2,8,002679,2,9,32800,32768,00000,00000
BCN,4378,0864,061782,2,8,002679,2,9,32800,32768,00000,00000
BCN,4379,0783,061782,2,8,002679,2,9,32800,32768,00000,00000
BCN,4380,0781,061782,2,8,002679,2,9,32800,32768,00000,00000
BCN,4381,0865,061795,2,8,002700,2,9,32800,32768,00000,00000
BCN,4382,0781,061795,2,8,002700,2,9,32800,32768,00000,00000
BCN,4383,0805,061795,2,8,002700,2,9,32800,32768,00000,00000
BCN,4384,0863,061795,2,8,002700,2,9,32800,32768,00000,00000
BCN,4385,0782,061795,2,8,002700,2,9,32800,32768,00000,00000
BCN,4386,0780,061795,2,8,002700,2,9,32800,32768,00000,00000
BCN,4387,0845,063830,2,8,002684,2,9,32799,32768,00000,00000
BCN,4388,0780,063830,2,8,002684,2,9,32799,32768,00000,00000
BCN,4389,0781,063830,2,8,002684,2,9,32799,32768,00000,00000
BCN,4390,0862,063830,2,8,002684,2,9,32799,32768,00000,00000
BCN,4391,0788,063830,2,8,002684,2,9,32799,32768,00000,00000
BCN,4392,0785,063830,2,8,002684,2,9,32799,32768,00000,00000
BCN,4393,0780,063830,2,8,002684,2,9,32799,32768,00000,00000
BCN,4394,0782,059708,2,8,002616,2,9,32799,32768,00000,00000
BCN,4395,0783,059708,2,8,002616,2,9,32799,32768,00000,00000
BCN,4396,0861,059708,2,8,002616,2,9,32799,32768,00000,00000
BCN,4397,0861,059708,2,8,002616,2,9,32799,32768,00000,00000
BCN,4398,0861,059708,2,8,002616,2,9,32799,32768,00000,00000
BCN,4399,0780,059708,2,8,002616,2,9,32799,32768,00000,00000
BCN,4400,0861,069987,2,9,002475,2,8,32800,32768,00000,00000
BCN,4401,0862,069987,2,9,002475,2,8,32800,32768,00000,00000
BCN,4402,0860,069987,2,9,002475,2,8,32800,32768,00000,00000
BCN,4403,0779,069987,2,9,002475,2,8,32800,32768,00000,00000
BCN,4404,0860,069987,2,9,002475,2,8,32800,32768,00000,00000
BCN,4405,0862,069987,2,9,002475,2,8,32800,32768,00000,00000
BCN,4406,0861,063791,2,8,002347,2,8,32800,32767,00000,00000
BCN,4407,0780,063791,2,8,002347,2,8,32800,32767,00000,00000
BCN,4408,0779,063791,2,8,002347,2,8,32800,32767,00000,00000
BCN,4409,0780,063791,2,8,002347,2,8,32800,32767,00000,00000
BCN,4410,0799,063791,2,8,002347,2,8,32800,32767,00000,00000
BCN,4411,0863,063791,2,8,002347,2,8,32800,32767,00000,00000
BCN,4412,0862,063934,2,8,002586,2,9,32800,32768,00000,00000
BCN,4413,0812,063934,2,8,002586,2,9,32800,32768,00000,00000
BCN,4414,0803,063934,2,8,002586,2,9,32800,32768,00000,00000
BCN,4415,0799,063934,2,8,002586,2,9,32800,32768,00000,00000
BCN,4416,0780,063934,2,8,002586,2,9,32800,32768,00000,00000
BCN,4417,0855,063934,2,8,002586,2,9,32800,32768,00000,00000
BCN,4418,0863,059968,2,8,002677,2,9,32799,32768,00000,00000
BCN,4419,0859,059968,2,8,002677,2,9,32799,32768,00000,00000
BCN,4420,0859,059968,2,8,002677,2,9,32799,32768,00000,00000
BCN,4421,0865,059968,2,8,002677,2,9,32799,32768,00000,00000
BCN,4422,0781,059968,2,8,002677,2,9,32799,32768,00000,00000
BCN,4423,0783,059968,2,8,002677,2,9,32799,32768,00000,00000
BCN,4424,0862,063947,2,8,002718,2,9,32800,32768,00000,00000
BCN,4425,0783,063947,2,8,002718,2,9,32800,32768,00000,00000
BCN,4426,0782,063947,2,8,002718,2,9,32800,32768,00000,00000
BCN,4427,0866,063947,2,8,002718,2,9,32800,32768,00000,00000
BCN,4428,0783,063947,2,8,002718,2,9,32800,32768,00000,00000
BCN,4429,0784,063947,2,8,002718,2,9,32800,32768,00000,00000
BCN,4430,0782,063947,2,8,002718,2,9,32800,32768,00000,00000
BCN,4431,0784,066177,2,9,002698,2,9,32800,32768,00000,00000
BCN,4432,0782,066177,2,9,002698,2,9,32800,32768,00000,00000
BCN,4433,0866,066177,2,9,002698,2,9,32800,32768,00000,00000
BCN,4434,0864,066177,2,9,002698,2,9,32800,32768,00000,00000
BCN,4435,0866,066177,2,9,002698,2,9,32800,32768,00000,00000
BCN,4436,0781,066177,2,9,002698,2,9,32800,32768,00000,00000
BCN,4437,0865,062081,2,8,002635,2,9,32799,32768,00000,00000
BCN,4438,0849,062081,2,8,002635,2,9,32799,32768,00000,00000
BCN,4439,0865,062081,2,8,002635,2,9,32799,32768,00000,00000
BCN,4440,0827,062081,2,8,002635,2,9,32799,32768,00000,00000
BCN,4441,0864,062081,2,8,002635,2,9,32799,32768,00000,00000
BCN,4442,0804,062081,2,8,002635,2,9,32799,32768,00000,00000
BCN,4443,0864,063999,2,8,002537,2,9,32800,32768,00000,00000
BCN,4444,0850,063999,2,8,002537,2,9,32800,32768,00000,00000
BCN,4445,0854,063999,2,8,002537,2,9,32800,32768,00000,00000
BCN,4446,0779,063999,2,8,002537,2,9,32800,32768,00000,00000
BCN,4447,0857,063999,2,8,002537,2,9,32800,32768,00000,00000
BCN,4448,0861,063999,2,8,002537,2,9,32800,32768,00000,00000
BCN,4449,0862,064077,2,8,002397,2,8,32800,32768,00000,00000
BCN,4450,0781,064077,2,8,002397,2,8,32800,32768,00000,00000
BCN,4451,0782,064077,2,8,002397,2,8,32800,32768,00000,00000
BCN,4452,0780,064077,2,8,002397,2,8,32800,32768,00000,00000
BCN,4453,0779,064077,2,8,002397,2,8,32800,32768,00000,00000
BCN,4454,0859,064077,2,8,002397,2,8,32800,32768,00000,00000
BCN,4455,0861,063999,2,8,002422,2,8,32799,32767,00000,00000
BCN,4456,0860,063999,2,8,002422,2,8,32799,32767,00000,00000
BCN,4457,0861,063999,2,8,002422,2,8,32799,32767,00000,00000
BCN,4458,0860,063999,2,8,002422,2,8,32799,32767,00000,00000
BCN,4459,0779,063999,2,8,002422,2,8,32799,32767,00000,00000
BCN,4460,0777,063999,2,8,002422,2,8,32799,32767,00000,00000
BCN,4461,0861,061756,2,8,002576,2,9,32800,32768,00000,00000
BCN,4462,0777,061756,2,8,002576,2,9,32800,32768,00000,00000
BCN,4463,0779,061756,2,8,002576,2,9,32800,32768,00000,00000
BCN,4464,0861,061756,2,8,002576,2,9,32800,32768,00000,00000
BCN,4465,0779,061756,2,8,002576,2,9,32800,32768,00000,00000
BCN,4466,0778,061756,2,8,002576,2,9,32800,32768,00000,00000
BCN,4467,0822,061756,2,8,002576,2,9,32800,32768,00000,00000
BCN,4468,0779,061782,2,8,002696,2,9,32800,32768,00000,00000
BCN,4469,0780,061782,2,8,002696,2,9,32800,32768,00000,00000
BCN,4470,0862,061782,2,8,002696,2,9,32800,32768,00000,00000
BCN,4471,0797,061782,2,8,002696,2,9,32800,32768,00000,00000
BCN,4472,0792,061782,2,8,002696,2,9,32800,32768,00000,00000
BCN,4473,0781,061782,2,8,002696,2,9,32800,32768,00000,00000
BCN,4474,0788,063817,2,8,002729,2,9,32799,32768,00000,00000
BCN,4475,0788,063817,2,8,002729,2,9,32799,32768,00000,00000
BCN,4476,0863,063817,2,8,002729,2,9,32799,32768,00000,00000
BCN,4477,0862,063817,2,8,002729,2,9,32799,32768,00000,00000
BCN,4478,0864,063817,2,8,002729,2,9,32799,32768,00000,00000
BCN,4479,0785,063817,2,8,002729,2,9,32799,32768,00000,00000
BCN,4480,0864,059695,2,8,002669,2,9,32799,32768,00000,00000
BCN,4481,0865,059695,2,8,002669,2,9,32799,32768,00000,00000
BCN,4482,0864,059695,2,8,002669,2,9,32799,32768,00000,00000
BCN,4483,0783,059695,2,8,002669,2,9,32799,32768,00000,00000
BCN,4484,0864,059695,2,8,002669,2,9,32799,32768,00000,00000
BCN,4485,0866,059695,2,8,002669,2,9,32799,32768,00000,00000
BCN,4486,0865,069974,2,9,002590,2,9,32800,32768,00000,00000
BCN,4487,0784,069974,2,9,002590,2,9,32800,32768,00000,00000
BCN,4488,0783,069974,2,9,002590,2,9,32800,32768,00000,00000
BCN,4489,0784,069974,2,9,002590,2,9,32800,32768,00000,00000
BCN,4490,0782,069974,2,9,002590,2,9,32800,32768,00000,00000
BCN,4491,0866,069974,2,9,002590,2,9,32800,32768,00000,00000
BCN,4492,0865,065917,2,9,002428,2,8,32800,32768,00000,00000
BCN,4493,0853,065917,2,9,002428,2,8,32800,32768,00000,00000
BCN,4494,0836,065917,2,9,002428,2,8,32800,32768,00000,00000
BCN,4495,0824,065917,2,9,002428,2,8,32800,32768,00000,00000
BCN,4496,0781,065917,2,9,002428,2,8,32800,32768,00000,00000
BCN,4497,0844,065917,2,9,002428,2,8,32800,32768,00000,00000
BCN,4498,0864,063986,2,8,002355,2,8,32800,32767,00000,00000
BCN,4499,0853,063986,2,8,002355,2,8,32800,32767,00000,00000
BCN,4500,0854,063986,2,8,002355,2,8,32800,32767,00000,00000
BCN,4501,0864,063986,2,8,002355,2,8,32800,32767,00000,00000
BCN,4502,0780,063986,2,8,002355,2,8,32800,32767,00000,00000
BCN,4503,0781,063986,2,8,002355,2,8,32800,32767,00000,00000
BCN,4504,0858,063986,2,8,002355,2,8,32800,32767,00000,00000
BCN,4505,0780,060007,2,8,002593,2,9,32799,32768,00000,00000
BCN,4506,0779,060007,2,8,002593,2,9,32799,32768,00000,00000
BCN,4507,0863,060007,2,8,002593,2,9,32799,32768,00000,00000
BCN,4508,0780,060007,2,8,002593,2,9,32799,32768,00000,00000
BCN,4509,0781,060007,2,8,002593,2,9,32799,32768,00000,00000
BCN,4510,0778,060007,2,8,002593,2,9,32799,32768,00000,00000
BCN,4511,0780,063986,2,8,002674,2,9,32800,32768,00000,00000
BCN,4512,0778,063986,2,8,002674,2,9,32800,32768,00000,00000
BCN,4513,0862,063986,2,8,002674,2,9,32800,32768,00000,00000
BCN,4514,0860,063986,2,8,002674,2,9,32800,32768,00000,00000
BCN,4515,0862,063986,2,8,002674,2,9,32800,32768,00000,00000
BCN,4516,0778,063986,2,8,002674,2,9,32800,32768,00000,00000
BCN,4517,0862,066203,2,9,002711,2,9,32800,32768,00000,00000
BCN,4518,0860,066203,2,9,002711,2,9,32800,32768,00000,00000
BCN,4519,0862,066203,2,9,002711,2,9,32800,32768,00000,00000
BCN,4520,0778,066203,2,9,002711,2,9,32800,32768,00000,00000
BCN,4521,0862,066203,2,9,002711,2,9,32800,32768,00000,00000
BCN,4522,0827,066203,2,9,002711,2,9,32800,32768,00000,00000
BCN,4523,0862,062094,2,8,002705,2,9,32799,32768,00000,00000
BCN,4524,0836,062094,2,8,002705,2,9,32799,32768,00000,00000
BCN,4525,0844,062094,2,8,002705,2,9,32799,32768,00000,00000
BCN,4526,0779,062094,2,8,002705,2,9,32799,32768,00000,00000
BCN,4527,0851,062094,2,8,002705,2,9,32799,32768,00000,00000
BCN,4528,0862,062094,2,8,002705,2,9,32799,32768,00000,00000
BCN,4529,0863,064012,2,8,002648,2,9,32800,32768,00000,00000
BCN,4530,0785,064012,2,8,002648,2,9,32800,32768,00000,00000
BCN,4531,0786,064012,2,8,002648,2,9,32800,32768,00000,00000
BCN,4532,0784,064012,2,8,002648,2,9,32800,32768,00000,00000
BCN,4533,0781,064012,2,8,002648,2,9,32800,32768,00000,00000
BCN,4534,0861,064012,2,8,002648,2,9,32800,32768,00000,00000
BCN,4535,0865,064090,2,8,002514,2,9,32800,32768,00000,00000
BCN,4536,0862,064090,2,8,002514,2,9,32800,32768,00000,00000
BCN,4537,0864,064090,2,8,002514,2,9,32800,32768,00000,00000
BCN,4538,0864,064090,2,8,002514,2,9,32800,32768,00000,00000
BCN,4539,0783,064090,2,8,002514,2,9,32800,32768,00000,00000
BCN,4540,0781,064090,2,8,002514,2,9,32800,32768,00000,00000
BCN,4541,0865,064090,2,8,002514,2,9,32800,32768,00000,00000
BCN,4542,0782,064012,2,8,002347,2,8,32799,32768,00000,00000
BCN,4543,0783,064012,2,8,002347,2,8,32799,32768,00000,00000
BCN,4544,0865,064012,2,8,002347,2,8,32799,32768,00000,00000
BCN,4545,0783,064012,2,8,002347,2,8,32799,32768,00000,00000
BCN,4546,0782,064012,2,8,002347,2,8,32799,32768,00000,00000
BCN,4547,0783,064012,2,8,002347,2,8,32799,32768,00000,00000
BCN,4548,0782,061756,2,8,002457,2,9,32800,32767,00000,00000
BCN,4549,0783,061756,2,8,002457,2,9,32800,32767,00000,00000
BCN,4550,0864,061756,2,8,002457,2,9,32800,32767,00000,00000
BCN,4551,0818,061756,2,8,002457,2,9,32800,32767,00000,00000
BCN,4552,0808,061756,2,8,002457,2,9,32800,32767,00000,00000
BCN,4553,0783,061756,2,8,002457,2,9,32800,32767,00000,00000
BCN,4554,0797,063934,2,8,002572,2,9,32800,32768,00000,00000
BCN,4555,0795,063934,2,8,002572,2,9,32800,32768,00000,00000
BCN,4556,0863,063934,2,8,002572,2,9,32800,32768,00000,00000
BCN,4557,0858,063934,2,8,002572,2,9,32800,32768,00000,00000
BCN,4558,0863,063934,2,8,002572,2,9,32800,32768,00000,00000
BCN,4559,0786,063934,2,8,002572,2,9,32800,32768,00000,00000
BCN,4560,0862,063895,2,8,002697,2,9,32799,32768,00000,00000
BCN,4561,0861,063895,2,8,002697,2,9,32799,32768,00000,00000
BCN,4562,0860,063895,2,8,002697,2,9,32799,32768,00000,00000
BCN,4563,0781,063895,2,8,002697,2,9,32799,32768,00000,00000
BCN,4564,0861,063895,2,8,002697,2,9,32799,32768,00000,00000
BCN,4565,0863,063895,2,8,002697,2,9,32799,32768,00000,00000
BCN,4566,0861,059747,2,8,002716,2,9,32799,32768,00000,00000
BCN,4567,0781,059747,2,8,002716,2,9,32799,32768,00000,00000
BCN,4568,0779,059747,2,8,002716,2,9,32799,32768,00000,00000
BCN,4569,0780,059747,2,8,002716,2,9,32799,32768,00000,00000
BCN,4570,0778,059747,2,8,002716,2,9,32799,32768,00000,00000
BCN,4571,0862,059747,2,8,002716,2,9,32799,32768,00000,00000
BCN,4572,0861,070013,2,9,002651,2,9,32800,32768,00000,00000
BCN,4573,0862,070013,2,9,002651,2,9,32800,32768,00000,00000
BCN,4574,0860,070013,2,9,002651,2,9,32800,32768,00000,00000
BCN,4575,0862,070013,2,9,002651,2,9,32800,32768,00000,00000
BCN,4576,0778,070013,2,9,002651,2,9,32800,32768,00000,00000
BCN,4577,0816,070013,2,9,002651,2,9,32800,32768,00000,00000
BCN,4578,0861,070013,2,9,002651,2,9,32800,32768,00000,00000
BCN,4579,0836,063817,2,8,002573,2,9,32800,32768,00000,00000
BCN,4580,0841,063817,2,8,002573,2,9,32800,32768,00000,00000
BCN,4581,0863,063817,2,8,002573,2,9,32800,32768,00000,00000
BCN,4582,0778,063817,2,8,002573,2,9,32800,32768,00000,00000
BCN,4583,0780,063817,2,8,002573,2,9,32800,32768,00000,00000
BCN,4584,0855,063817,2,8,002573,2,9,32800,32768,00000,00000
BCN,4585,0780,067848,2,9,002413,2,8,32800,32768,00000,00000
BCN,4586,0779,067848,2,9,002413,2,8,32800,32768,00000,00000
BCN,4587,0863,067848,2,9,002413,2,8,32800,32768,00000,00000
BCN,4588,0783,067848,2,9,002413,2,8,32800,32768,00000,00000
BCN,4589,0783,067848,2,9,002413,2,8,32800,32768,00000,00000
BCN,4590,0780,067848,2,9,002413,2,8,32800,32768,00000,00000
BCN,4591,0783,061743,2,8,002419,2,8,32800,32767,00000,00000
BCN,4592,0782,061743,2,8,002419,2,8,32800,32767,00000,00000
BCN,4593,0865,061743,2,8,002419,2,8,32800,32767,00000,00000
BCN,4594,0863,061743,2,8,002419,2,8,32800,32767,00000,00000
BCN,4595,0865,061743,2,8,002419,2,8,32800,32767,00000,00000
BCN,4596,0782,061743,2,8,002419,2,8,32800,32767,00000,00000
BCN,4597,0866,063778,2,8,002573,2,9,32799,32768,00000,00000
BCN,4598,0864,063778,2,8,002573,2,9,32799,32768,00000,00000
BCN,4599,0866,063778,2,8,002573,2,9,32799,32768,00000,00000
BCN,4600,0782,063778,2,8,002573,2,9,32799,32768,00000,00000
BCN,4601,0866,063778,2,8,002573,2,9,32799,32768,00000,00000
BCN,4602,0865,063778,2,8,002573,2,9,32799,32768,00000,00000
BCN,4603,0866,059669,2,8,002682,2,9,32799,32768,00000,00000
BCN,4604,0812,059669,2,8,002682,2,9,32799,32768,00000,00000
BCN,4605,0826,059669,2,8,002682,2,9,32799,32768,00000,00000
BCN,4606,0782,059669,2,8,002682,2,9,32799,32768,00000,00000
BCN,4607,0842,059669,2,8,002682,2,9,32799,32768,00000,00000
BCN,4608,0864,059669,2,8,002682,2,9,32799,32768,00000,00000
BCN,4609,0865,069961,2,9,002710,2,9,32800,32768,00000,00000
BCN,4610,0793,069961,2,9,002710,2,9,32800,32768,00000,00000
BCN,4611,0792,069961,2,9,002710,2,9,32800,32768,00000,00000
BCN,4612,0788,069961,2,9,002710,2,9,32800,32768,00000,00000
BCN,4613,0782,069961,2,9,002710,2,9,32800,32768,00000,00000
BCN,4614,0859,069961,2,9,002710,2,9,32800,32768,00000,00000
BCN,4615,0864,069961,2,9,002710,2,9,32800,32768,00000,00000
BCN,4616,0860,061730,2,8,002672,2,9,32800,32768,00000,00000
BCN,4617,0862,061730,2,8,002672,2,9,32800,32768,00000,00000
BCN,4618,0862,061730,2,8,002672,2,9,32800,32768,00000,00000
BCN,4619,0780,061730,2,8,002672,2,9,32800,32768,00000,00000
BCN,4620,0779,061730,2,8,002672,2,9,32800,32768,00000,00000
BCN,4621,0862,061730,2,8,002672,2,9,32800,32768,00000,00000
BCN,4622,0778,063765,2,8,002593,2,9,32799,32768,00000,00000
BCN,4623,0780,063765,2,8,002593,2,9,32799,32768,00000,00000
BCN,4624,0861,063765,2,8,002593,2,9,32799,32768,00000,00000
BCN,4625,0780,063765,2,8,002593,2,9,32799,32768,00000,00000
BCN,4626,0778,063765,2,8,002593,2,9,32799,32768,00000,00000
BCN,4627,0779,063765,2,8,002593,2,9,32799,32768,00000,00000
BCN,4628,0778,061808,2,8,002471,2,9,32799,32768,00000,00000
BCN,4629,0779,061808,2,8,002471,2,9,32799,32768,00000,00000
BCN,4630,0860,061808,2,8,002471,2,9,32799,32768,00000,00000
BCN,4631,0849,061808,2,8,002471,2,9,32799,32768,00000,00000
BCN,4632,0831,061808,2,8,002471,2,9,32799,32768,00000,00000
BCN,4633,0779,061808,2,8,002471,2,9,32799,32768,00000,00000
BCN,4634,0809,072165,2,9,002338,2,8,32800,32767,00000,00000
BCN,4635,0803,072165,2,9,002338,2,8,32800,32767,00000,00000
BCN,4636,0861,072165,2,9,002338,2,8,32800,32767,00000,00000
BCN,4637,0850,072165,2,9,002338,2,8,32800,32767,00000,00000
BCN,4638,0860,072165,2,9,002338,2,8,32800,32767,00000,00000
BCN,4639,0788,072165,2,9,002338,2,8,32800,32767,00000,00000
BCN,4640,0861,066021,2,9,002598,2,9,32800,32768,00000,00000
BCN,4641,0858,066021,2,9,002598,2,9,32800,32768,00000,00000
BCN,4642,0858,066021,2,9,002598,2,9,32800,32768,00000,00000
BCN,4643,0780,066021,2,9,002598,2,9,32800,32768,00000,00000
BCN,4644,0859,066021,2,9,002598,2,9,32800,32768,00000,00000
BCN,4645,0863,066021,2,9,002598,2,9,32800,32768,00000,00000
BCN,4646,0862,064077,2,8,002677,2,9,32800,32768,00000,00000
BCN,4647,0782,064077,2,8,002677,2,9,32800,32768,00000,00000
BCN,4648,0781,064077,2,8,002677,2,9,32800,32768,00000,00000
BCN,4649,0783,064077,2,8,002677,2,9,32800,32768,00000,00000
BCN,4650,0781,064077,2,8,002677,2,9,32800,32768,00000,00000
BCN,4651,0865,064077,2,8,002677,2,9,32800,32768,00000,00000
BCN,4652,0863,064077,2,8,002677,2,9,32800,32768,00000,00000
BCN,4653,0865,060072,2,8,002699,2,9,32799,32768,00000,00000
BCN,4654,0864,060072,2,8,002699,2,9,32799,32768,00000,00000
BCN,4655,0865,060072,2,8,002699,2,9,32799,32768,00000,00000
BCN,4656,0782,060072,2,8,002699,2,9,32799,32768,00000,00000
BCN,4657,0783,060072,2,8,002699,2,9,32799,32768,00000,00000
BCN,4658,0864,060072,2,8,002699,2,9,32799,32768,00000,00000
BCN,4659,0809,066164,2,9,002700,2,9,32800,32768,00000,00000
BCN,4660,0822,066164,2,9,002700,2,9,32800,32768,00000,00000
BCN,4661,0866,066164,2,9,002700,2,9,32800,32768,00000,00000
BCN,4662,0782,066164,2,9,002700,2,9,32800,32768,00000,00000
BCN,4663,0783,066164,2,9,002700,2,9,32800,32768,00000,00000
BCN,4664,0850,066164,2,9,002700,2,9,32800,32768,00000,00000
BCN,4665,0783,066307,2,9,002642,2,9,32800,32768,00000,00000
BCN,4666,0782,066307,2,9,002642,2,9,32800,32768,00000,00000
BCN,4667,0865,066307,2,9,002642,2,9,32800,32768,00000,00000
BCN,4668,0787,066307,2,9,002642,2,9,32800,32768,00000,00000
BCN,4669,0787,066307,2,9,002642,2,9,32800,32768,00000,00000
BCN,4670,0781,066307,2,9,002642,2,9,32800,32768,00000,00000
BCN,4671,0785,060215,2,8,002517,2,9,32799,32768,00000,00000
BCN,4672,0783,060215,2,8,002517,2,9,32799,32768,00000,00000
BCN,4673,0864,060215,2,8,002517,2,9,32799,32768,00000,00000
BCN,4674,0862,060215,2,8,002517,2,9,32799,32768,00000,00000
BCN,4675,0864,060215,2,8,002517,2,9,32799,32768,00000,00000
BCN,4676,0780,060215,2,8,002517,2,9,32799,32768,00000,00000
BCN,4677,0863,064129,2,8,002370,2,8,32800,32768,00000,00000
BCN,4678,0861,064129,2,8,002370,2,8,32800,32768,00000,00000
BCN,4679,0863,064129,2,8,002370,2,8,32800,32768,00000,00000
BCN,4680,0778,064129,2,8,002370,2,8,32800,32768,00000,00000
BCN,4681,0862,064129,2,8,002370,2,8,32800,32768,00000,00000
BCN,4682,0861,064129,2,8,002370,2,8,32800,32768,00000,00000
BCN,4683,0862,066320,2,9,002447,2,8,32800,32767,00000,00000
BCN,4684,0778,066320,2,9,002447,2,8,32800,32767,00000,00000
BCN,4685,0779,066320,2,9,002447,2,8,32800,32767,00000,00000
BCN,4686,0778,066320,2,9,002447,2,8,32800,32767,00000,00000
BCN,4687,0812,066320,2,9,002447,2,8,32800,32767,00000,00000
BCN,4688,0860,066320,2,9,002447,2,8,32800,32767,00000,00000
BCN,4689,0862,066320,2,9,002447,2,8,32800,32767,00000,00000
BCN,4690,0802,060215,2,8,002585,2,9,32799,32768,00000,00000
BCN,4691,0797,060215,2,8,002585,2,9,32799,32768,00000,00000
BCN,4692,0792,060215,2,8,002585,2,9,32799,32768,00000,00000
BCN,4693,0779,060215,2,8,002585,2,9,32799,32768,00000,00000
BCN,4694,0853,060215,2,8,002585,2,9,32799,32768,00000,00000
BCN,4695,0862,060215,2,8,002585,2,9,32799,32768,00000,00000
BCN,4696,0857,064142,2,8,002698,2,9,32800,32768,00000,00000
BCN,4697,0858,064142,2,8,002698,2,9,32800,32768,00000,00000
BCN,4698,0861,064142,2,8,002698,2,9,32800,32768,00000,00000
BCN,4699,0780,064142,2,8,002698,2,9,32800,32768,00000,00000
BCN,4700,0779,064142,2,8,002698,2,9,32800,32768,00000,00000
BCN,4701,0862,064142,2,8,002698,2,9,32800,32768,00000,00000
BCN,4702,0779,066320,2,9,002704,2,9,32800,32768,00000,00000
BCN,4703,0781,066320,2,9,002704,2,9,32800,32768,00000,00000
BCN,4704,0862,066320,2,9,002704,2,9,32800,32768,00000,00000
BCN,4705,0782,066320,2,9,002704,2,9,32800,32768,00000,00000
BCN,4706,0781,066320,2,9,002704,2,9,32800,32768,00000,00000
BCN,4707,0782,066320,2,9,002704,2,9,32800,32768,00000,00000
BCN,4708,0781,060228,2,8,002658,2,9,32799,32768,00000,00000
BCN,4709,0783,060228,2,8,002658,2,9,32799,32768,00000,00000
BCN,4710,0864,060228,2,8,002658,2,9,32799,32768,00000,00000
BCN,4711,0864,060228,2,8,002658,2,9,32799,32768,00000,00000
BCN,4712,0864,060228,2,8,002658,2,9,32799,32768,00000,00000
BCN,4713,0783,060228,2,8,002658,2,9,32799,32768,00000,00000
BCN,4714,0851,064142,2,8,002593,2,9,32800,32768,00000,00000
BCN,4715,0836,064142,2,8,002593,2,9,32800,32768,00000,00000
BCN,4716,0864,064142,2,8,002593,2,9,32800,32768,00000,00000
BCN,4717,0838,064142,2,8,002593,2,9,32800,32768,00000,00000
BCN,4718,0865,064142,2,8,002593,2,9,32800,32768,00000,00000
BCN,4719,0802,064142,2,8,002593,2,9,32800,32768,00000,00000
BCN,4720,0865,066320,2,9,002446,2,8,32800,32768,00000,00000
BCN,4721,0856,066320,2,9,002446,2,8,32800,32768,00000,00000
BCN,4722,0857,066320,2,9,002446,2,8,32800,32768,00000,00000
BCN,4723,0783,066320,2,9,002446,2,8,32800,32768,00000,00000
BCN,4724,0860,066320,2,9,002446,2,8,32800,32768,00000,00000
BCN,4725,0866,066320,2,9,002446,2,8,32800,32768,00000,00000
BCN,4726,0864,066320,2,9,002446,2,8,32800,32768,00000,00000
BCN,4727,0785,062185,2,8,002336,2,8,32799,32767,00000,00000
BCN,4728,0783,062185,2,8,002336,2,8,32799,32767,00000,00000
BCN,4729,0784,062185,2,8,002336,2,8,32799,32767,00000,00000
BCN,4730,0780,062185,2,8,002336,2,8,32799,32767,00000,00000
BCN,4731,0863,062185,2,8,002336,2,8,32799,32767,00000,00000
BCN,4732,0863,062185,2,8,002336,2,8,32799,32767,00000,00000
BCN,4733,0863,064077,2,8,002582,2,9,32800,32768,00000,00000
BCN,4734,0861,064077,2,8,002582,2,9,32800,32768,00000,00000
BCN,4735,0863,064077,2,8,002582,2,9,32800,32768,00000,00000
BCN,4736,0778,064077,2,8,002582,2,9,32800,32768,00000,00000
BCN,4737,0780,064077,2,8,002582,2,9,32800,32768,00000,00000
BCN,4738,0861,064077,2,8,002582,2,9,32800,32768,00000,00000
BCN,4739,0779,064142,2,8,002667,2,9,32800,32768,00000,00000
BCN,4740,0778,064142,2,8,002667,2,9,32800,32768,00000,00000
BCN,4741,0862,064142,2,8,002667,2,9,32800,32768,00000,00000
BCN,4742,0778,064142,2,8,002667,2,9,32800,32768,00000,00000
BCN,4743,0779,064142,2,8,002667,2,9,32800,32768,00000,00000
BCN,4744,0820,064142,2,8,002667,2,9,32800,32768,00000,00000
BCN,4745,0779,064038,2,8,002707,2,9,32799,32768,00000,00000
BCN,4746,0777,064038,2,8,002707,2,9,32799,32768,00000,00000
BCN,4747,0862,064038,2,8,002707,2,9,32799,32768,00000,00000
BCN,4748,0794,064038,2,8,002707,2,9,32799,32768,00000,00000
BCN,4749,0791,064038,2,8,002707,2,9,32799,32768,00000,00000
BCN,4750,0777,064038,2,8,002707,2,9,32799,32768,00000,00000
BCN,4751,0787,063934,2,8,002721,2,9,32800,32768,00000,00000
BCN,4752,0783,063934,2,8,002721,2,9,32800,32768,00000,00000
BCN,4753,0862,063934,2,8,002721,2,9,32800,32768,00000,00000
BCN,4754,0857,063934,2,8,002721,2,9,32800,32768,00000,00000
BCN,4755,0862,063934,2,8,002721,2,9,32800,32768,00000,00000
BCN,4756,0780,063934,2,8,002721,2,9,32800,32768,00000,00000
BCN,4757,0862,064025,2,8,002669,2,9,32800,32768,00000,00000
BCN,4758,0860,064025,2,8,002669,2,9,32800,32768,00000,00000
BCN,4759,0862,064025,2,8,002669,2,9,32800,32768,00000,00000
BCN,4760,0779,064025,2,8,002669,2,9,32800,32768,00000,00000
BCN,4761,0863,064025,2,8,002669,2,9,32800,32768,00000,00000
BCN,4762,0862,064025,2,8,002669,2,9,32800,32768,00000,00000
BCN,4763,0864,064025,2,8,002669,2,9,32800,32768,00000,00000
BCN,4764,0780,063960,2,8,002611,2,9,32799,32768,00000,00000
BCN,4765,0782,063960,2,8,002611,2,9,32799,32768,00000,00000
BCN,4766,0781,063960,2,8,002611,2,9,32799,32768,00000,00000
BCN,4767,0782,063960,2,8,002611,2,9,32799,32768,00000,00000
BCN,4768,0863,063960,2,8,002611,2,9,32799,32768,00000,00000
BCN,4769,0865,063960,2,8,002611,2,9,32799,32768,00000,00000
BCN,4770,0861,061730,2,8,002491,2,9,32800,32768,00000,00000
BCN,4771,0845,061730,2,8,002491,2,9,32800,32768,00000,00000
BCN,4772,0830,061730,2,8,002491,2,9,32800,32768,00000,00000
BCN,4773,0783,061730,2,8,002491,2,9,32800,32768,00000,00000
BCN,4774,0839,061730,2,8,002491,2,9,32800,32768,00000,00000
BCN,4775,0866,061730,2,8,002491,2,9,32800,32768,00000,00000
BCN,4776,0850,063908,2,8,002339,2,8,32800,32768,00000,00000
BCN,4777,0854,063908,2,8,002339,2,8,32800,32768,00000,00000
BCN,4778,0864,063908,2,8,002339,2,8,32800,32768,00000,00000
BCN,4779,0783,063908,2,8,002339,2,8,32800,32768,00000,00000
BCN,4780,0782,063908,2,8,002339,2,8,32800,32768,00000,00000
BCN,4781,0861,063908,2,8,002339,2,8,32800,32768,00000,00000
BCN,4782,0781,063869,2,8,002471,2,9,32799,32767,00000,00000
BCN,4783,0782,063869,2,8,002471,2,9,32799,32767,00000,00000
BCN,4784,0863,063869,2,8,002471,2,9,32799,32767,00000,00000
BCN,4785,0784,063869,2,8,002471,2,9,32799,32767,00000,00000
BCN,4786,0782,063869,2,8,002471,2,9,32799,32767,00000,00000
BCN,4787,0782,063869,2,8,002471,2,9,32799,32767,00000,00000
BCN,4788,0781,061652,2,8,002565,2,9,32800,32768,00000,00000
BCN,4789,0782,061652,2,8,002565,2,9,32800,32768,00000,00000
BCN,4790,0862,061652,2,8,002565,2,9,32800,32768,00000,00000
BCN,4791,0863,061652,2,8,002565,2,9,32800,32768,00000,00000
BCN,4792,0862,061652,2,8,002565,2,9,32800,32768,00000,00000
BCN,4793,0780,061652,2,8,002565,2,9,32800,32768,00000,00000
BCN,4794,0862,061704,2,8,002691,2,9,32800,32768,00000,00000
BCN,4795,0862,061704,2,8,002691,2,9,32800,32768,00000,00000
BCN,4796,0861,061704,2,8,002691,2,9,32800,32768,00000,00000
BCN,4797,0779,061704,2,8,002691,2,9,32800,32768,00000,00000
BCN,4798,0861,061704,2,8,002691,2,9,32800,32768,00000,00000
BCN,4799,0832,061704,2,8,002691,2,9,32800,32768,00000,00000
BCN,4800,0860,061704,2,8,002691,2,9,32800,32768,00000,00000
BCN,4801,0834,063752,2,8,002700,2,9,32799,32768,00000,00000
BCN,4802,0840,063752,2,8,002700,2,9,32799,32768,00000,00000
BCN,4803,0779,063752,2,8,002700,2,9,32799,32768,00000,00000
BCN,4804,0848,063752,2,8,002700,2,9,32799,32768,00000,00000
BCN,4805,0862,063752,2,8,002700,2,9,32799,32768,00000,00000
BCN,4806,0860,063752,2,8,002700,2,9,32799,32768,00000,00000
BCN,4807,0786,059656,2,8,002644,2,9,32799,32768,00000,00000
BCN,4808,0783,059656,2,8,002644,2,9,32799,32768,00000,00000
BCN,4809,0783,059656,2,8,002644,2,9,32799,32768,00000,00000
BCN,4810,0778,059656,2,8,002644,2,9,32799,32768,00000,00000
BCN,4811,0860,059656,2,8,002644,2,9,32799,32768,00000,00000
BCN,4812,0861,059656,2,8,002644,2,9,32799,32768,00000,00000
BCN,4813,0860,069948,2,9,002541,2,9,32800,32768,00000,00000
BCN,4814,0860,069948,2,9,002541,2,9,32800,32768,00000,00000
BCN,4815,0863,069948,2,9,002541,2,9,32800,32768,00000,00000
BCN,4816,0779,069948,2,9,002541,2,9,32800,32768,00000,00000
BCN,4817,0780,069948,2,9,002541,2,9,32800,32768,00000,00000
BCN,4818,0861,069948,2,9,002541,2,9,32800,32768,00000,00000
BCN,4819,0781,063765,2,8,002394,2,8,32800,32768,00000,00000
BCN,4820,0780,063765,2,8,002394,2,8,32800,32768,00000,00000
BCN,4821,0864,063765,2,8,002394,2,8,32800,32768,00000,00000
BCN,4822,0781,063765,2,8,002394,2,8,32800,32768,00000,00000
BCN,4823,0782,063765,2,8,002394,2,8,32800,32768,00000,00000
BCN,4824,0781,063765,2,8,002394,2,8,32800,32768,00000,00000
BCN,4825,0783,067809,2,9,002440,2,8,32800,32767,00000,00000
BCN,4826,0781,067809,2,9,002440,2,8,32800,32767,00000,00000
BCN,4827,0865,067809,2,9,002440,2,8,32800,32767,00000,00000
BCN,4828,0818,067809,2,9,002440,2,8,32800,32767,00000,00000
BCN,4829,0810,067809,2,9,002440,2,8,32800,32767,00000,00000
BCN,4830,0781,067809,2,9,002440,2,8,32800,32767,00000,00000
BCN,4831,0799,061717,2,8,002570,2,9,32800,32768,00000,00000
BCN,4832,0794,061717,2,8,002570,2,9,32800,32768,00000,00000
BCN,4833,0865,061717,2,8,002570,2,9,32800,32768,00000,00000
BCN,4834,0858,061717,2,8,002570,2,9,32800,32768,00000,00000
BCN,4835,0866,061717,2,8,002570,2,9,32800,32768,00000,00000
BCN,4836,0786,061717,2,8,002570,2,9,32800,32768,00000,00000
BCN,4837,0866,061717,2,8,002570,2,9,32800,32768,00000,00000
BCN,4838,0862,063765,2,8,002689,2,9,32799,32768,00000,00000
BCN,4839,0863,063765,2,8,002689,2,9,32799,32768,00000,00000
BCN,4840,0781,063765,2,8,002689,2,9,32799,32768,00000,00000
BCN,4841,0864,063765,2,8,002689,2,9,32799,32768,00000,00000
BCN,4842,0863,063765,2,8,002689,2,9,32799,32768,00000,00000
BCN,4843,0864,063765,2,8,002689,2,9,32799,32768,00000,00000
BCN,4844,0781,061808,2,8,002716,2,9,32799,32768,00000,00000
BCN,4845,0782,061808,2,8,002716,2,9,32799,32768,00000,00000
BCN,4846,0780,061808,2,8,002716,2,9,32799,32768,00000,00000
BCN,4847,0781,061808,2,8,002716,2,9,32799,32768,00000,00000
BCN,4848,0861,061808,2,8,002716,2,9,32799,32768,00000,00000
BCN,4849,0863,061808,2,8,002716,2,9,32799,32768,00000,00000
BCN,4850,0861,072165,2,9,002658,2,9,32800,32768,00000,00000
BCN,4851,0862,072165,2,9,002658,2,9,32800,32768,00000,00000
BCN,4852,0861,072165,2,9,002658,2,9,32800,32768,00000,00000
BCN,4853,0780,072165,2,9,002658,2,9,32800,32768,00000,00000
BCN,4854,0815,072165,2,9,002658,2,9,32800,32768,00000,00000
BCN,4855,0862,072165,2,9,002658,2,9,32800,32768,00000,00000
BCN,4856,0834,066021,2,9,002551,2,9,32800,32768,00000,00000
BCN,4857,0842,066021,2,9,002551,2,9,32800,32768,00000,00000
BCN,4858,0860,066021,2,9,002551,2,9,32800,32768,00000,00000
BCN,4859,0779,066021,2,9,002551,2,9,32800,32768,00000,00000
BCN,4860,0778,066021,2,9,002551,2,9,32800,32768,00000,00000
BCN,4861,0855,066021,2,9,002551,2,9,32800,32768,00000,00000
BCN,4862,0777,064064,2,8,002395,2,8,32800,32768,00000,00000
BCN,4863,0779,064064,2,8,002395,2,8,32800,32768,00000,00000
BCN,4864,0860,064064,2,8,002395,2,8,32800,32768,00000,00000
BCN,4865,0782,064064,2,8,002395,2,8,32800,32768,00000,00000
BCN,4866,0780,064064,2,8,002395,2,8,32800,32768,00000,00000
BCN,4867,0779,064064,2,8,002395,2,8,32800,32768,00000,00000
BCN,4868,0779,060072,2,8,002426,2,8,32799,32767,00000,00000
BCN,4869,0780,060072,2,8,002426,2,8,32799,32767,00000,00000
BCN,4870,0861,060072,2,8,002426,2,8,32799,32767,00000,00000
BCN,4871,0862,060072,2,8,002426,2,8,32799,32767,00000,00000
BCN,4872,0861,060072,2,8,002426,2,8,32799,32767,00000,00000
BCN,4873,0780,060072,2,8,002426,2,8,32799,32767,00000,00000
BCN,4874,0861,060072,2,8,002426,2,8,32799,32767,00000,00000
BCN,4875,0863,066164,2,9,002591,2,9,32800,32768,00000,00000
BCN,4876,0862,066164,2,9,002591,2,9,32800,32768,00000,00000
BCN,4877,0781,066164,2,9,002591,2,9,32800,32768,00000,00000
BCN,4878,0862,066164,2,9,002591,2,9,32800,32768,00000,00000
BCN,4879,0864,066164,2,9,002591,2,9,32800,32768,00000,00000
BCN,4880,0863,066164,2,9,002591,2,9,32800,32768,00000,00000
BCN,4881,0819,066307,2,9,002691,2,9,32800,32768,00000,00000
BCN,4882,0829,066307,2,9,002691,2,9,32800,32768,00000,00000
BCN,4883,0782,066307,2,9,002691,2,9,32800,32768,00000,00000
BCN,4884,0843,066307,2,9,002691,2,9,32800,32768,00000,00000
BCN,4885,0865,066307,2,9,002691,2,9,32800,32768,00000,00000
BCN,4886,0864,066307,2,9,002691,2,9,32800,32768,00000,00000
BCN,4887,0794,060215,2,8,002700,2,9,32799,32768,00000,00000
BCN,4888,0790,060215,2,8,002700,2,9,32799,32768,00000,00000
BCN,4889,0790,060215,2,8,002700,2,9,32799,32768,00000,00000
BCN,4890,0782,060215,2,8,002700,2,9,32799,32768,00000,00000
BCN,4891,0863,060215,2,8,002700,2,9,32799,32768,00000,00000
BCN,4892,0865,060215,2,8,002700,2,9,32799,32768,00000,00000
BCN,4893,0864,064129,2,8,002645,2,9,32800,32768,00000,00000
BCN,4894,0863,064129,2,8,002645,2,9,32800,32768,00000,00000
BCN,4895,0866,064129,2,8,002645,2,9,32800,32768,00000,00000
BCN,4896,0782,064129,2,8,002645,2,9,32800,32768,00000,00000
BCN,4897,0783,064129,2,8,002645,2,9,32800,32768,00000,00000
BCN,4898,0864,064129,2,8,002645,2,9,32800,32768,00000,00000
BCN,4899,0783,066320,2,9,002549,2,9,32800,32768,00000,00000
BCN,4900,0781,066320,2,9,002549,2,9,32800,32768,00000,00000
BCN,4901,0865,066320,2,9,002549,2,9,32800,32768,00000,00000
BCN,4902,0781,066320,2,9,002549,2,9,32800,32768,00000,00000
BCN,4903,0783,066320,2,9,002549,2,9,32800,32768,00000,00000
BCN,4904,0780,066320,2,9,002549,2,9,32800,32768,00000,00000
BCN,4905,0782,062185,2,8,002378,2,8,32799,32768,00000,00000
BCN,4906,0780,062185,2,8,002378,2,8,32799,32768,00000,00000
BCN,4907,0864,062185,2,8,002378,2,8,32799,32768,00000,00000
BCN,4908,0835,062185,2,8,002378,2,8,32799,32768,00000,00000
BCN,4909,0823,062185,2,8,002378,2,8,32799,32768,00000,00000
BCN,4910,0779,062185,2,8,002378,2,8,32799,32768,00000,00000
BCN,4911,0805,062185,2,8,002378,2,8,32799,32768,00000,00000
BCN,4912,0797,064077,2,8,002428,2,8,32800,32767,00000,00000
BCN,4913,0862,064077,2,8,002428,2,8,32800,32767,00000,00000
BCN,4914,0851,064077,2,8,002428,2,8,32800,32767,00000,00000
BCN,4915,0862,064077,2,8,002428,2,8,32800,32767,00000,00000
BCN,4916,0785,064077,2,8,002428,2,8,32800,32767,00000,00000
BCN,4917,0862,064077,2,8,002428,2,8,32800,32767,00000,00000
BCN,4918,0857,066281,2,9,002563,2,9,32800,32768,00000,00000
BCN,4919,0859,066281,2,9,002563,2,9,32800,32768,00000,00000
BCN,4920,0777,066281,2,9,002563,2,9,32800,32768,00000,00000
BCN,4921,0860,066281,2,9,002563,2,9,32800,32768,00000,00000
BCN,4922,0860,066281,2,9,002563,2,9,32800,32768,00000,00000
BCN,4923,0862,066281,2,9,002563,2,9,32800,32768,00000,00000
BCN,4924,0779,064116,2,8,002708,2,9,32799,32768,00000,00000
BCN,4925,0780,064116,2,8,002708,2,9,32799,32768,00000,00000
BCN,4926,0779,064116,2,8,002708,2,9,32799,32768,00000,00000
BCN,4927,0779,064116,2,8,002708,2,9,32799,32768,00000,00000
BCN,4928,0860,064116,2,8,002708,2,9,32799,32768,00000,00000
BCN,4929,0862,064116,2,8,002708,2,9,32799,32768,00000,00000
BCN,4930,0861,063986,2,8,002726,2,9,32800,32768,00000,00000
BCN,4931,0862,063986,2,8,002726,2,9,32800,32768,00000,00000
BCN,4932,0861,063986,2,8,002726,2,9,32800,32768,00000,00000
BCN,4933,0780,063986,2,8,002726,2,9,32800,32768,00000,00000
BCN,4934,0779,063986,2,8,002726,2,9,32800,32768,00000,00000
BCN,4935,0863,063986,2,8,002726,2,9,32800,32768,00000,00000
BCN,4936,0818,064064,2,8,002655,2,9,32800,32768,00000,00000
BCN,4937,0831,064064,2,8,002655,2,9,32800,32768,00000,00000
BCN,4938,0863,064064,2,8,002655,2,9,32800,32768,00000,00000
BCN,4939,0782,064064,2,8,002655,2,9,32800,32768,00000,00000
BCN,4940,0781,064064,2,8,002655,2,9,32800,32768,00000,00000
BCN,4941,0854,064064,2,8,002655,2,9,32800,32768,00000,00000
BCN,4942,0781,063986,2,8,002572,2,9,32799,32768,00000,00000
BCN,4943,0783,063986,2,8,002572,2,9,32799,32768,00000,00000
BCN,4944,0864,063986,2,8,002572,2,9,32799,32768,00000,00000
BCN,4945,0788,063986,2,8,002572,2,9,32799,32768,00000,00000
BCN,4946,0786,063986,2,8,002572,2,9,32799,32768,00000,00000
BCN,4947,0783,063986,2,8,002572,2,9,32799,32768,00000,00000
BCN,4948,0784,063986,2,8,002572,2,9,32799,32768,00000,00000
BCN,4949,0785,061743,2,8,002426,2,8,32800,32768,00000,00000
BCN,4950,0865,061743,2,8,002426,2,8,32800,32768,00000,00000
BCN,4951,0865,061743,2,8,002426,2,8,32800,32768,00000,00000
BCN,4952,0865,061743,2,8,002426,2,8,32800,32768,00000,00000
BCN,4953,0784,061743,2,8,002426,2,8,32800,32768,00000,00000
BCN,4954,0865,061743,2,8,002426,2,8,32800,32768,00000,00000
BCN,4955,0865,063921,2,8,002379,2,8,32800,32767,00000,00000
BCN,4956,0864,063921,2,8,002379,2,8,32800,32767,00000,00000
BCN,4957,0783,063921,2,8,002379,2,8,32800,32767,00000,00000
BCN,4958,0864,063921,2,8,002379,2,8,32800,32767,00000,00000
BCN,4959,0866,063921,2,8,002379,2,8,32800,32767,00000,00000
BCN,4960,0864,063921,2,8,002379,2,8,32800,32767,00000,00000
BCN,4961,0783,063882,2,8,002571,2,9,32799,32768,00000,00000
BCN,4962,0802,063882,2,8,002571,2,9,32799,32768,00000,00000
BCN,4963,0783,063882,2,8,002571,2,9,32799,32768,00000,00000
BCN,4964,0824,063882,2,8,002571,2,9,32799,32768,00000,00000
BCN,4965,0865,063882,2,8,002571,2,9,32799,32768,00000,00000
BCN,4966,0863,063882,2,8,002571,2,9,32799,32768,00000,00000
BCN,4967,0802,061665,2,8,002661,2,9,32800,32768,00000,00000
BCN,4968,0796,061665,2,8,002661,2,9,32800,32768,00000,00000
BCN,4969,0793,061665,2,8,002661,2,9,32800,32768,00000,00000
BCN,4970,0779,061665,2,8,002661,2,9,32800,32768,00000,00000
BCN,4971,0856,061665,2,8,002661,2,9,32800,32768,00000,00000
BCN,4972,0861,061665,2,8,002661,2,9,32800,32768,00000,00000
BCN,4973,0858,063869,2,8,002696,2,9,32800,32768,00000,00000
BCN,4974,0858,063869,2,8,002696,2,9,32800,32768,00000,00000
BCN,4975,0862,063869,2,8,002696,2,9,32800,32768,00000,00000
BCN,4976,0778,063869,2,8,002696,2,9,32800,32768,00000,00000
BCN,4977,0779,063869,2,8,002696,2,9,32800,32768,00000,00000
BCN,4978,0859,063869,2,8,002696,2,9,32800,32768,00000,00000
BCN,4979,0779,063843,2,8,002692,2,9,32799,32768,00000,00000
BCN,4980,0777,063843,2,8,002692,2,9,32799,32768,00000,00000
BCN,4981,0861,063843,2,8,002692,2,9,32799,32768,00000,00000
BCN,4982,0778,063843,2,8,002692,2,9,32799,32768,00000,00000
BCN,4983,0779,063843,2,8,002692,2,9,32799,32768,00000,00000
BCN,4984,0777,063843,2,8,002692,2,9,32799,32768,00000,00000
BCN,4985,0779,063843,2,8,002692,2,9,32799,32768,00000,00000
BCN,4986,0777,061639,2,8,002641,2,9,32800,32768,00000,00000
BCN,4987,0861,061639,2,8,002641,2,9,32800,32768,00000,00000
BCN,4988,0859,061639,2,8,002641,2,9,32800,32768,00000,00000
BCN,4989,0861,061639,2,8,002641,2,9,32800,32768,00000,00000
BCN,4990,0777,061639,2,8,002641,2,9,32800,32768,00000,00000
BCN,4991,0840,061639,2,8,002641,2,9,32800,32768,00000,00000
BCN,4992,0826,061691,2,8,002532,2,9,32800,32768,00000,00000
BCN,4993,0861,061691,2,8,002532,2,9,32800,32768,00000,00000
BCN,4994,0835,061691,2,8,002532,2,9,32800,32768,00000,00000
BCN,4995,0861,061691,2,8,002532,2,9,32800,32768,00000,00000
BCN,4996,0795,061691,2,8,002532,2,9,32800,32768,00000,00000
BCN,4997,0861,061691,2,8,002532,2,9,32800,32768,00000,00000
BCN,4998,0851,063739,2,8,002397,2,8,32799,32768,00000,00000
BCN,4999,0855,063739,2,8,002397,2,8,32799,32768,00000,00000
BCN,5000,0777,063739,2,8,002397,2,8,32799,32768,00000,00000
BCN,5001,0857,063739,2,8,002397,2,8,32799,32768,00000,00000
BCN,5002,0860,063739,2,8,002397,2,8,32799,32768,00000,00000
BCN,5003,0861,063739,2,8,002397,2,8,32799,32768,00000,00000
BCN,5004,0780,059643,2,8,002376,2,8,32799,32767,00000,00000
BCN,5005,0781,059643,2,8,002376,2,8,32799,32767,00000,00000
BCN,5006,0779,059643,2,8,002376,2,8,32799,32767,00000,00000
BCN,5007,0778,059643,2,8,002376,2,8,32799,32767,00000,00000
BCN,5008,0859,059643,2,8,002376,2,8,32799,32767,00000,00000
BCN,5009,0861,059643,2,8,002376,2,8,32799,32767,00000,00000
BCN,5010,0859,069935,2,9,002573,2,9,32800,32768,00000,00000
BCN,5011,0860,069935,2,9,002573,2,9,32800,32768,00000,00000
BCN,5012,0859,069935,2,9,002573,2,9,32800,32768,00000,00000
BCN,5013,0778,069935,2,9,002573,2,9,32800,32768,00000,00000
BCN,5014,0777,069935,2,9,002573,2,9,32800,32768,00000,00000
BCN,5015,0861,069935,2,9,002573,2,9,32800,32768,00000,00000
BCN,5016,0777,063752,2,8,002665,2,9,32800,32768,00000,00000
BCN,5017,0778,063752,2,8,002665,2,9,32800,32768,00000,00000
BCN,5018,0860,063752,2,8,002665,2,9,32800,32768,00000,00000
BCN,5019,0779,063752,2,8,002665,2,9,32800,32768,00000,00000
BCN,5020,0777,063752,2,8,002665,2,9,32800,32768,00000,00000
BCN,5021,0826,063752,2,8,002665,2,9,32800,32768,00000,00000
BCN,5022,0777,063752,2,8,002665,2,9,32800,32768,00000,00000
BCN,5023,0779,067809,2,9,002684,2,9,32800,32768,00000,00000
BCN,5024,0860,067809,2,9,002684,2,9,32800,32768,00000,00000
BCN,5025,0793,067809,2,9,002684,2,9,32800,32768,00000,00000
BCN,5026,0789,067809,2,9,002684,2,9,32800,32768,00000,00000
BCN,5027,0779,067809,2,9,002684,2,9,32800,32768,00000,00000
BCN,5028,0785,067809,2,9,002684,2,9,32800,32768,00000,00000
BCN,5029,0785,061704,2,8,002697,2,9,32800,32768,00000,00000
BCN,5030,0861,061704,2,8,002697,2,9,32800,32768,00000,00000
BCN,5031,0860,061704,2,8,002697,2,9,32800,32768,00000,00000
BCN,5032,0861,061704,2,8,002697,2,9,32800,32768,00000,00000
BCN,5033,0782,061704,2,8,002697,2,9,32800,32768,00000,00000
BCN,5034,0862,061704,2,8,002697,2,9,32800,32768,00000,00000
BCN,5035,0862,063765,2,8,002649,2,9,32799,32768,00000,00000
BCN,5036,0861,063765,2,8,002649,2,9,32799,32768,00000,00000
BCN,5037,0781,063765,2,8,002649,2,9,32799,32768,00000,00000
BCN,5038,0862,063765,2,8,002649,2,9,32799,32768,00000,00000
BCN,5039,0863,063765,2,8,002649,2,9,32799,32768,00000,00000
BCN,5040,0863,063765,2,8,002649,2,9,32799,32768,00000,00000
BCN,5041,0782,061795,2,8,002550,2,9,32799,32768,00000,00000
BCN,5042,0781,061795,2,8,002550,2,9,32799,32768,00000,00000
BCN,5043,0782,061795,2,8,002550,2,9,32799,32768,00000,00000
BCN,5044,0780,061795,2,8,002550,2,9,32799,32768,00000,00000
BCN,5045,0864,061795,2,8,002550,2,9,32799,32768,00000,00000
BCN,5046,0863,061795,2,8,002550,2,9,32799,32768,00000,00000
BCN,5047,0853,070013,2,9,002416,2,8,32800,32768,00000,00000
BCN,5048,0836,070013,2,9,002416,2,8,32800,32768,00000,00000
BCN,5049,0825,070013,2,9,002416,2,8,32800,32768,00000,00000
BCN,5050,0780,070013,2,9,002416,2,8,32800,32768,00000,00000
BCN,5051,0841,070013,2,9,002416,2,8,32800,32768,00000,00000
BCN,5052,0862,070013,2,9,002416,2,8,32800,32768,00000,00000
BCN,5053,0850,063817,2,8,002335,2,8,32800,32767,00000,00000
BCN,5054,0851,063817,2,8,002335,2,8,32800,32767,00000,00000
BCN,5055,0863,063817,2,8,002335,2,8,32800,32767,00000,00000
BCN,5056,0779,063817,2,8,002335,2,8,32800,32767,00000,00000
BCN,5057,0780,063817,2,8,002335,2,8,32800,32767,00000,00000
BCN,5058,0858,063817,2,8,002335,2,8,32800,32767,00000,00000
BCN,5059,0780,063817,2,8,002335,2,8,32800,32767,00000,00000
BCN,5060,0779,065891,2,9,002591,2,9,32800,32768,00000,00000
BCN,5061,0862,065891,2,9,002591,2,9,32800,32768,00000,00000
BCN,5062,0780,065891,2,9,002591,2,9,32800,32768,00000,00000
BCN,5063,0781,065891,2,9,002591,2,9,32800,32768,00000,00000
BCN,5064,0778,065891,2,9,002591,2,9,32800,32768,00000,00000
BCN,5065,0780,065891,2,9,002591,2,9,32800,32768,00000,00000
BCN,5066,0778,059903,2,8,002669,2,9,32799,32768,00000,00000
BCN,5067,0861,059903,2,8,002669,2,9,32799,32768,00000,00000
BCN,5068,0859,059903,2,8,002669,2,9,32799,32768,00000,00000
BCN,5069,0862,059903,2,8,002669,2,9,32799,32768,00000,00000
BCN,5070,0778,059903,2,8,002669,2,9,32799,32768,00000,00000
BCN,5071,0862,059903,2,8,002669,2,9,32799,32768,00000,00000
BCN,5072,0860,066047,2,9,002689,2,9,32800,32768,00000,00000
BCN,5073,0862,066047,2,9,002689,2,9,32800,32768,00000,00000
BCN,5074,0778,066047,2,9,002689,2,9,32800,32768,00000,00000
BCN,5075,0862,066047,2,9,002689,2,9,32800,32768,00000,00000
BCN,5076,0835,066047,2,9,002689,2,9,32800,32768,00000,00000
BCN,5077,0862,066047,2,9,002689,2,9,32800,32768,00000,00000
BCN,5078,0830,066216,2,9,002711,2,9,32800,32768,00000,00000
BCN,5079,0839,066216,2,9,002711,2,9,32800,32768,00000,00000
BCN,5080,0779,066216,2,9,002711,2,9,32800,32768,00000,00000
BCN,5081,0849,066216,2,9,002711,2,9,32800,32768,00000,00000
BCN,5082,0862,066216,2,9,002711,2,9,32800,32768,00000,00000
BCN,5083,0863,066216,2,9,002711,2,9,32800,32768,00000,00000
BCN,5084,0787,060137,2,8,002665,2,9,32799,32768,00000,00000
BCN,5085,0787,060137,2,8,002665,2,9,32799,32768,00000,00000
BCN,5086,0785,060137,2,8,002665,2,9,32799,32768,00000,00000
BCN,5087,0782,060137,2,8,002665,2,9,32799,32768,00000,00000
BCN,5088,0861,060137,2,8,002665,2,9,32799,32768,00000,00000
BCN,5089,0865,060137,2,8,002665,2,9,32799,32768,00000,00000
BCN,5090,0862,064077,2,8,002575,2,9,32800,32768,00000,00000
BCN,5091,0864,064077,2,8,002575,2,9,32800,32768,00000,00000
BCN,5092,0864,064077,2,8,002575,2,9,32800,32768,00000,00000
BCN,5093,0783,064077,2,8,002575,2,9,32800,32768,00000,00000
BCN,5094,0782,064077,2,8,002575,2,9,32800,32768,00000,00000
BCN,5095,0865,064077,2,8,002575,2,9,32800,32768,00000,00000
BCN,5096,0782,064077,2,8,002575,2,9,32800,32768,00000,00000
BCN,5097,0783,066281,2,9,002435,2,8,32800,32768,00000,00000
BCN,5098,0865,066281,2,9,002435,2,8,32800,32768,00000,00000
BCN,5099,0784,066281,2,9,002435,2,8,32800,32768,00000,00000
BCN,5100,0783,066281,2,9,002435,2,8,32800,32768,00000,00000
BCN,5101,0783,066281,2,9,002435,2,8,32800,32768,00000,00000
BCN,5102,0783,066281,2,9,002435,2,8,32800,32768,00000,00000
BCN,5103,0784,060189,2,8,002330,2,8,32799,32767,00000,00000
BCN,5104,0864,060189,2,8,002330,2,8,32799,32767,00000,00000
BCN,5105,0831,060189,2,8,002330,2,8,32799,32767,00000,00000
BCN,5106,0818,060189,2,8,002330,2,8,32799,32767,00000,00000
BCN,5107,0783,060189,2,8,002330,2,8,32799,32767,00000,00000
BCN,5108,0803,060189,2,8,002330,2,8,32799,32767,00000,00000
BCN,5109,0799,064116,2,8,002588,2,9,32800,32768,00000,00000
BCN,5110,0864,064116,2,8,002588,2,9,32800,32768,00000,00000
BCN,5111,0855,064116,2,8,002588,2,9,32800,32768,00000,00000
BCN,5112,0863,064116,2,8,002588,2,9,32800,32768,00000,00000
BCN,5113,0788,064116,2,8,002588,2,9,32800,32768,00000,00000
BCN,5114,0863,064116,2,8,002588,2,9,32800,32768,00000,00000
BCN,5115,0860,066307,2,9,002659,2,9,32800,32768,00000,00000
BCN,5116,0859,066307,2,9,002659,2,9,32800,32768,00000,00000
BCN,5117,0780,066307,2,9,002659,2,9,32800,32768,00000,00000
BCN,5118,0859,066307,2,9,002659,2,9,32800,32768,00000,00000
BCN,5119,0862,066307,2,9,002659,2,9,32800,32768,00000,00000
BCN,5120,0861,066307,2,9,002659,2,9,32800,32768,00000,00000
BCN,5121,0780,062172,2,8,002688,2,9,32799,32768,00000,00000
BCN,5122,0779,062172,2,8,002688,2,9,32799,32768,00000,00000
BCN,5123,0780,062172,2,8,002688,2,9,32799,32768,00000,00000
BCN,5124,0778,062172,2,8,002688,2,9,32799,32768,00000,00000
BCN,5125,0861,062172,2,8,002688,2,9,32799,32768,00000,00000
BCN,5126,0860,062172,2,8,002688,2,9,32799,32768,00000,00000
BCN,5127,0861,064077,2,8,002714,2,9,32800,32768,00000,00000
BCN,5128,0860,064077,2,8,002714,2,9,32800,32768,00000,00000
BCN,5129,0862,064077,2,8,002714,2,9,32800,32768,00000,00000
BCN,5130,0777,064077,2,8,002714,2,9,32800,32768,00000,00000
BCN,5131,0779,064077,2,8,002714,2,9,32800,32768,00000,00000
BCN,5132,0860,064077,2,8,002714,2,9,32800,32768,00000,00000
BCN,5133,0814,064077,2,8,002714,2,9,32800,32768,00000,00000
BCN,5134,0824,064129,2,8,002671,2,9,32800,32768,00000,00000
BCN,5135,0862,064129,2,8,002671,2,9,32800,32768,00000,00000
BCN,5136,0778,064129,2,8,002671,2,9,32800,32768,00000,00000
BCN,5137,0779,064129,2,8,002671,2,9,32800,32768,00000,00000
BCN,5138,0849,064129,2,8,002671,2,9,32800,32768,00000,00000
BCN,5139,0779,064129,2,8,002671,2,9,32800,32768,00000,00000
BCN,5140,0779,064038,2,8,002606,2,9,32799,32768,00000,00000
BCN,5141,0862,064038,2,8,002606,2,9,32799,32768,00000,00000
BCN,5142,0784,064038,2,8,002606,2,9,32799,32768,00000,00000
BCN,5143,0784,064038,2,8,002606,2,9,32799,32768,00000,00000
BCN,5144,0779,064038,2,8,002606,2,9,32799,32768,00000,00000
BCN,5145,0783,064038,2,8,002606,2,9,32799,32768,00000,00000
BCN,5146,0782,061782,2,8,002470,2,9,32800,32768,00000,00000
BCN,5147,0864,061782,2,8,002470,2,9,32800,32768,00000,00000
BCN,5148,0862,061782,2,8,002470,2,9,32800,32768,00000,00000
BCN,5149,0864,061782,2,8,002470,2,9,32800,32768,00000,00000
BCN,5150,0782,061782,2,8,002470,2,9,32800,32768,00000,00000
BCN,5151,0865,061782,2,8,002470,2,9,32800,32768,00000,00000
BCN,5152,0863,063947,2,8,002317,2,8,32800,32768,00000,00000
BCN,5153,0865,063947,2,8,002317,2,8,32800,32768,00000,00000
BCN,5154,0782,063947,2,8,002317,2,8,32800,32768,00000,00000
BCN,5155,0865,063947,2,8,002317,2,8,32800,32768,00000,00000
BCN,5156,0864,063947,2,8,002317,2,8,32800,32768,00000,00000
BCN,5157,0865,063947,2,8,002317,2,8,32800,32768,00000,00000
BCN,5158,0782,063908,2,8,002475,2,9,32799,32767,00000,00000
BCN,5159,0783,063908,2,8,002475,2,9,32799,32767,00000,00000
BCN,5160,0782,063908,2,8,002475,2,9,32799,32767,00000,00000
BCN,5161,0817,063908,2,8,002475,2,9,32799,32767,00000,00000
BCN,5162,0864,063908,2,8,002475,2,9,32799,32767,00000,00000
BCN,5163,0865,063908,2,8,002475,2,9,32799,32767,00000,00000
BCN,5164,0806,061678,2,8,002559,2,9,32800,32768,00000,00000
BCN,5165,0801,061678,2,8,002559,2,9,32800,32768,00000,00000
BCN,5166,0796,061678,2,8,002559,2,9,32800,32768,00000,00000
BCN,5167,0782,061678,2,8,002559,2,9,32800,32768,00000,00000
BCN,5168,0856,061678,2,8,002559,2,9,32800,32768,00000,00000
BCN,5169,0864,061678,2,8,002559,2,9,32800,32768,00000,00000
BCN,5170,0858,061678,2,8,002559,2,9,32800,32768,00000,00000
BCN,5171,0860,061730,2,8,002689,2,9,32800,32768,00000,00000
BCN,5172,0862,061730,2,8,002689,2,9,32800,32768,00000,00000
BCN,5173,0781,061730,2,8,002689,2,9,32800,32768,00000,00000
BCN,5174,0779,061730,2,8,002689,2,9,32800,32768,00000,00000
BCN,5175,0861,061730,2,8,002689,2,9,32800,32768,00000,00000
BCN,5176,0779,061730,2,8,002689,2,9,32800,32768,00000,00000
BCN,5177,0780,063765,2,8,002702,2,9,32799,32768,00000,00000
BCN,5178,0861,063765,2,8,002702,2,9,32799,32768,00000,00000
BCN,5179,0780,063765,2,8,002702,2,9,32799,32768,00000,00000
BCN,5180,0779,063765,2,8,002702,2,9,32799,32768,00000,00000
BCN,5181,0779,063765,2,8,002702,2,9,32799,32768,00000,00000
BCN,5182,0778,063765,2,8,002702,2,9,32799,32768,00000,00000
BCN,5183,0779,059669,2,8,002648,2,9,32799,32768,00000,00000
BCN,5184,0860,059669,2,8,002648,2,9,32799,32768,00000,00000
BCN,5185,0861,059669,2,8,002648,2,9,32799,32768,00000,00000
BCN,5186,0860,059669,2,8,002648,2,9,32799,32768,00000,00000
BCN,5187,0779,059669,2,8,002648,2,9,32799,32768,00000,00000
BCN,5188,0845,059669,2,8,002648,2,9,32799,32768,00000,00000
BCN,5189,0831,069948,2,9,002583,2,9,32800,32768,00000,00000
BCN,5190,0860,069948,2,9,002583,2,9,32800,32768,00000,00000
BCN,5191,0835,069948,2,9,002583,2,9,32800,32768,00000,00000
BCN,5192,0860,069948,2,9,002583,2,9,32800,32768,00000,00000
BCN,5193,0797,069948,2,9,002583,2,9,32800,32768,00000,00000
BCN,5194,0861,069948,2,9,002583,2,9,32800,32768,00000,00000
BCN,5195,0853,063765,2,8,002440,2,8,32800,32768,00000,00000
BCN,5196,0854,063765,2,8,002440,2,8,32800,32768,00000,00000
BCN,5197,0780,063765,2,8,002440,2,8,32800,32768,00000,00000
BCN,5198,0857,063765,2,8,002440,2,8,32800,32768,00000,00000
BCN,5199,0862,063765,2,8,002440,2,8,32800,32768,00000,00000
BCN,5200,0861,063765,2,8,002440,2,8,32800,32768,00000,00000
BCN,5201,0783,067809,2,9,002365,2,8,32800,32767,00000,00000
BCN,5202,0782,067809,2,9,002365,2,8,32800,32767,00000,00000
BCN,5203,0783,067809,2,9,002365,2,8,32800,32767,00000,00000
BCN,5204,0780,067809,2,9,002365,2,8,32800,32767,00000,00000
BCN,5205,0863,067809,2,9,002365,2,8,32800,32767,00000,00000
BCN,5206,0863,067809,2,9,002365,2,8,32800,32767,00000,00000
BCN,5207,0864,067809,2,9,002365,2,8,32800,32767,00000,00000
BCN,5208,0863,061717,2,8,002575,2,9,32800,32768,00000,00000
BCN,5209,0865,061717,2,8,002575,2,9,32800,32768,00000,00000
BCN,5210,0782,061717,2,8,002575,2,9,32800,32768,00000,00000
BCN,5211,0783,061717,2,8,002575,2,9,32800,32768,00000,00000
BCN,5212,0864,061717,2,8,002575,2,9,32800,32768,00000,00000
BCN,5213,0783,061717,2,8,002575,2,9,32800,32768,00000,00000
BCN,5214,0782,063765,2,8,002664,2,9,32799,32768,00000,00000
BCN,5215,0865,063765,2,8,002664,2,9,32799,32768,00000,00000
BCN,5216,0782,063765,2,8,002664,2,9,32799,32768,00000,00000
BCN,5217,0783,063765,2,8,002664,2,9,32799,32768,00000,00000
BCN,5218,0831,063765,2,8,002664,2,9,32799,32768,00000,00000
BCN,5219,0783,063765,2,8,002664,2,9,32799,32768,00000,00000
BCN,5220,0782,059656,2,8,002700,2,9,32799,32768,00000,00000
BCN,5221,0865,059656,2,8,002700,2,9,32799,32768,00000,00000
BCN,5222,0794,059656,2,8,002700,2,9,32799,32768,00000,00000
BCN,5223,0793,059656,2,8,002700,2,9,32799,32768,00000,00000
BCN,5224,0781,059656,2,8,002700,2,9,32799,32768,00000,00000
BCN,5225,0788,059656,2,8,002700,2,9,32799,32768,00000,00000
BCN,5226,0785,069948,2,9,002687,2,9,32800,32768,00000,00000
BCN,5227,0864,069948,2,9,002687,2,9,32800,32768,00000,00000
BCN,5228,0860,069948,2,9,002687,2,9,32800,32768,00000,00000
BCN,5229,0863,069948,2,9,002687,2,9,32800,32768,00000,00000
BCN,5230,0781,069948,2,9,002687,2,9,32800,32768,00000,00000
BCN,5231,0863,069948,2,9,002687,2,9,32800,32768,00000,00000
BCN,5232,0861,063765,2,8,002627,2,9,32800,32768,00000,00000
BCN,5233,0862,063765,2,8,002627,2,9,32800,32768,00000,00000
BCN,5234,0779,063765,2,8,002627,2,9,32800,32768,00000,00000
BCN,5235,0861,063765,2,8,002627,2,9,32800,32768,00000,00000
BCN,5236,0861,063765,2,8,002627,2,9,32800,32768,00000,00000
BCN,5237,0862,063765,2,8,002627,2,9,32800,32768,00000,00000
BCN,5238,0779,067809,2,9,002530,2,9,32800,32768,00000,00000
BCN,5239,0779,067809,2,9,002530,2,9,32800,32768,00000,00000
BCN,5240,0779,067809,2,9,002530,2,9,32800,32768,00000,00000
BCN,5241,0779,067809,2,9,002530,2,9,32800,32768,00000,00000
BCN,5242,0861,067809,2,9,002530,2,9,32800,32768,00000,00000
BCN,5243,0862,067809,2,9,002530,2,9,32800,32768,00000,00000
BCN,5244,0844,067809,2,9,002530,2,9,32800,32768,00000,00000
BCN,5245,0830,061717,2,8,002396,2,8,32800,32768,00000,00000
BCN,5246,0817,061717,2,8,002396,2,8,32800,32768,00000,00000
BCN,5247,0779,061717,2,8,002396,2,8,32800,32768,00000,00000
BCN,5248,0840,061717,2,8,002396,2,8,32800,32768,00000,00000
BCN,5249,0862,061717,2,8,002396,2,8,32800,32768,00000,00000
BCN,5250,0849,061717,2,8,002396,2,8,32800,32768,00000,00000
BCN,5251,0853,063765,2,8,002402,2,8,32799,32767,00000,00000
BCN,5252,0862,063765,2,8,002402,2,8,32799,32767,00000,00000
BCN,5253,0780,063765,2,8,002402,2,8,32799,32767,00000,00000
BCN,5254,0779,063765,2,8,002402,2,8,32799,32767,00000,00000
BCN,5255,0860,063765,2,8,002402,2,8,32799,32767,00000,00000
BCN,5256,0780,063765,2,8,002402,2,8,32799,32767,00000,00000
BCN,5257,0781,059656,2,8,002566,2,9,32799,32768,00000,00000
BCN,5258,0863,059656,2,8,002566,2,9,32799,32768,00000,00000
BCN,5259,0783,059656,2,8,002566,2,9,32799,32768,00000,00000
BCN,5260,0782,059656,2,8,002566,2,9,32799,32768,00000,00000
BCN,5261,0782,059656,2,8,002566,2,9,32799,32768,00000,00000
BCN,5262,0782,059656,2,8,002566,2,9,32799,32768,00000,00000
BCN,5263,0783,069948,2,9,002666,2,9,32800,32768,00000,00000
BCN,5264,0864,069948,2,9,002666,2,9,32800,32768,00000,00000
BCN,5265,0864,069948,2,9,002666,2,9,32800,32768,00000,00000
BCN,5266,0864,069948,2,9,002666,2,9,32800,32768,00000,00000
BCN,5267,0783,069948,2,9,002666,2,9,32800,32768,00000,00000
BCN,5268,0864,069948,2,9,002666,2,9,32800,32768,00000,00000
BCN,5269,0865,063765,2,8,002708,2,9,32800,32768,00000,00000
BCN,5270,0864,063765,2,8,002708,2,9,32800,32768,00000,00000
BCN,5271,0782,063765,2,8,002708,2,9,32800,32768,00000,00000
BCN,5272,0864,063765,2,8,002708,2,9,32800,32768,00000,00000
BCN,5273,0832,063765,2,8,002708,2,9,32800,32768,00000,00000
BCN,5274,0864,063765,2,8,002708,2,9,32800,32768,00000,00000
BCN,5275,0840,065852,2,9,002690,2,9,32800,32768,00000,00000
BCN,5276,0844,065852,2,9,002690,2,9,32800,32768,00000,00000
BCN,5277,0782,065852,2,9,002690,2,9,32800,32768,00000,00000
BCN,5278,0852,065852,2,9,002690,2,9,32800,32768,00000,00000
BCN,5279,0864,065852,2,9,002690,2,9,32800,32768,00000,00000
BCN,5280,0863,065852,2,9,002690,2,9,32800,32768,00000,00000
BCN,5281,0787,065852,2,9,002690,2,9,32800,32768,00000,00000
BCN,5282,0785,061782,2,8,002626,2,9,32800,32768,00000,00000
BCN,5283,0784,061782,2,8,002626,2,9,32800,32768,00000,00000
BCN,5284,0779,061782,2,8,002626,2,9,32800,32768,00000,00000
BCN,5285,0861,061782,2,8,002626,2,9,32800,32768,00000,00000
BCN,5286,0861,061782,2,8,002626,2,9,32800,32768,00000,00000
BCN,5287,0861,061782,2,8,002626,2,9,32800,32768,00000,00000
BCN,5288,0860,063817,2,8,002485,2,9,32799,32768,00000,00000
BCN,5289,0862,063817,2,8,002485,2,9,32799,32768,00000,00000
BCN,5290,0778,063817,2,8,002485,2,9,32799,32768,00000,00000
BCN,5291,0779,063817,2,8,002485,2,9,32799,32768,00000,00000
BCN,5292,0861,063817,2,8,002485,2,9,32799,32768,00000,00000
BCN,5293,0779,063817,2,8,002485,2,9,32799,32768,00000,00000
BCN,5294,0778,061847,2,8,002341,2,8,32799,32768,00000,00000
BCN,5295,0861,061847,2,8,002341,2,8,32799,32768,00000,00000
BCN,5296,0778,061847,2,8,002341,2,8,32799,32768,00000,00000
BCN,5297,0779,061847,2,8,002341,2,8,32799,32768,00000,00000
BCN,5298,0778,061847,2,8,002341,2,8,32799,32768,00000,00000
BCN,5299,0779,061847,2,8,002341,2,8,32799,32768,00000,00000
BCN,5300,0778,072191,2,9,002493,2,9,32800,32767,00000,00000
BCN,5301,0862,072191,2,9,002493,2,9,32800,32767,00000,00000
BCN,5302,0810,072191,2,9,002493,2,9,32800,32767,00000,00000
BCN,5303,0804,072191,2,9,002493,2,9,32800,32767,00000,00000
BCN,5304,0779,072191,2,9,002493,2,9,32800,32767,00000,00000
BCN,5305,0794,072191,2,9,002493,2,9,32800,32767,00000,00000
BCN,5306,0790,068004,2,9,002542,2,9,32800,32768,00000,00000
BCN,5307,0862,068004,2,9,002542,2,9,32800,32768,00000,00000
BCN,5308,0857,068004,2,9,002542,2,9,32800,32768,00000,00000
BCN,5309,0863,068004,2,9,002542,2,9,32800,32768,00000,00000
BCN,5310,0784,068004,2,9,002542,2,9,32800,32768,00000,00000
BCN,5311,0863,068004,2,9,002542,2,9,32800,32768,00000,00000
BCN,5312,0861,053902,2,7,002693,2,9,32799,32768,00000,00000
BCN,5313,0862,053902,2,7,002693,2,9,32799,32768,00000,00000
BCN,5314,0781,053902,2,7,002693,2,9,32799,32768,00000,00000
BCN,5315,0863,053902,2,7,002693,2,9,32799,32768,00000,00000
BCN,5316,0864,053902,2,7,002693,2,9,32799,32768,00000,00000
BCN,5317,0864,053902,2,7,002693,2,9,32799,32768,00000,00000
BCN,5318,0782,053902,2,7,002693,2,9,32799,32768,00000,00000
BCN,5319,0783,053863,2,7,002702,2,9,32800,32768,00000,00000
BCN,5320,0782,053863,2,7,002702,2,9,32800,32768,00000,00000
BCN,5321,0782,053863,2,7,002702,2,9,32800,32768,00000,00000
BCN,5322,0864,053863,2,7,002702,2,9,32800,32768,00000,00000
BCN,5323,0865,053863,2,7,002702,2,9,32800,32768,00000,00000
BCN,5324,0864,053863,2,7,002702,2,9,32800,32768,00000,00000
BCN,5325,0865,060098,2,8,002637,2,9,32799,32768,00000,00000
BCN,5326,0856,060098,2,8,002637,2,9,32799,32768,00000,00000
BCN,5327,0783,060098,2,8,002637,2,9,32799,32768,00000,00000
BCN,5328,0826,060098,2,8,002637,2,9,32799,32768,00000,00000
BCN,5329,0865,060098,2,8,002637,2,9,32799,32768,00000,00000
BCN,5330,0842,060098,2,8,002637,2,9,32799,32768,00000,00000
BCN,5331,0848,064051,2,8,002502,2,9,32800,32768,00000,00000
BCN,5332,0864,064051,2,8,002502,2,9,32800,32768,00000,00000
BCN,5333,0783,064051,2,8,002502,2,9,32800,32768,00000,00000
BCN,5334,0782,064051,2,8,002502,2,9,32800,32768,00000,00000
BCN,5335,0859,064051,2,8,002502,2,9,32800,32768,00000,00000
BCN,5336,0781,064051,2,8,002502,2,9,32800,32768,00000,00000
BCN,5337,0781,066255,2,9,002328,2,8,32800,32768,00000,00000
BCN,5338,0864,066255,2,9,002328,2,8,32800,32768,00000,00000
BCN,5339,0784,066255,2,9,002328,2,8,32800,32768,00000,00000
BCN,5340,0783,066255,2,9,002328,2,8,32800,32768,00000,00000
BCN,5341,0781,066255,2,9,002328,2,8,32800,32768,00000,00000
BCN,5342,0781,066255,2,9,002328,2,8,32800,32768,00000,00000
BCN,5343,0781,064090,2,8,002460,2,9,32799,32767,00000,00000
BCN,5344,0862,064090,2,8,002460,2,9,32799,32767,00000,00000
BCN,5345,0862,064090,2,8,002460,2,9,32799,32767,00000,00000
BCN,5346,0862,064090,2,8,002460,2,9,32799,32767,00000,00000
BCN,5347,0780,064090,2,8,002460,2,9,32799,32767,00000,00000
BCN,5348,0862,064090,2,8,002460,2,9,32799,32767,00000,00000
BCN,5349,0862,061821,2,8,002556,2,9,32800,32768,00000,00000
BCN,5350,0861,061821,2,8,002556,2,9,32800,32768,00000,00000
BCN,5351,0779,061821,2,8,002556,2,9,32800,32768,00000,00000
BCN,5352,0861,061821,2,8,002556,2,9,32800,32768,00000,00000
BCN,5353,0859,061821,2,8,002556,2,9,32800,32768,00000,00000
BCN,5354,0861,061821,2,8,002556,2,9,32800,32768,00000,00000
BCN,5355,0820,061821,2,8,002556,2,9,32800,32768,00000,00000
BCN,5356,0829,061834,2,8,002700,2,9,32800,32768,00000,00000
BCN,5357,0779,061834,2,8,002700,2,9,32800,32768,00000,00000
BCN,5358,0842,061834,2,8,002700,2,9,32800,32768,00000,00000
BCN,5359,0862,061834,2,8,002700,2,9,32800,32768,00000,00000
BCN,5360,0861,061834,2,8,002700,2,9,32800,32768,00000,00000
BCN,5361,0790,061834,2,8,002700,2,9,32800,32768,00000,00000
BCN,5362,0787,063856,2,8,002698,2,9,32799,32768,00000,00000
BCN,5363,0786,063856,2,8,002698,2,9,32799,32768,00000,00000
BCN,5364,0779,063856,2,8,002698,2,9,32799,32768,00000,00000
BCN,5365,0859,063856,2,8,002698,2,9,32799,32768,00000,00000
BCN,5366,0862,063856,2,8,002698,2,9,32799,32768,00000,00000
BCN,5367,0861,063856,2,8,002698,2,9,32799,32768,00000,00000
BCN,5368,0861,059721,2,8,002640,2,9,32799,32768,00000,00000
BCN,5369,0863,059721,2,8,002640,2,9,32799,32768,00000,00000
BCN,5370,0781,059721,2,8,002640,2,9,32799,32768,00000,00000
BCN,5371,0782,059721,2,8,002640,2,9,32799,32768,00000,00000
BCN,5372,0863,059721,2,8,002640,2,9,32799,32768,00000,00000
BCN,5373,0782,059721,2,8,002640,2,9,32799,32768,00000,00000
BCN,5374,0782,070000,2,9,002541,2,9,32800,32768,00000,00000
BCN,5375,0865,070000,2,9,002541,2,9,32800,32768,00000,00000
BCN,5376,0783,070000,2,9,002541,2,9,32800,32768,00000,00000
BCN,5377,0783,070000,2,9,002541,2,9,32800,32768,00000,00000
BCN,5378,0783,070000,2,9,002541,2,9,32800,32768,00000,00000
BCN,5379,0783,070000,2,9,002541,2,9,32800,32768,00000,00000
BCN,5380,0783,063804,2,8,002393,2,8,32800,32768,00000,00000
BCN,5381,0865,063804,2,8,002393,2,8,32800,32768,00000,00000
BCN,5382,0838,063804,2,8,002393,2,8,32800,32768,00000,00000
BCN,5383,0825,063804,2,8,002393,2,8,32800,32768,00000,00000
BCN,5384,0783,063804,2,8,002393,2,8,32800,32768,00000,00000
BCN,5385,0808,063804,2,8,002393,2,8,32800,32768,00000,00000
BCN,5386,0802,065891,2,9,002415,2,8,32800,32767,00000,00000
BCN,5387,0865,065891,2,9,002415,2,8,32800,32767,00000,00000
BCN,5388,0856,065891,2,9,002415,2,8,32800,32767,00000,00000
BCN,5389,0865,065891,2,9,002415,2,8,32800,32767,00000,00000
BCN,5390,0789,065891,2,9,002415,2,8,32800,32767,00000,00000
BCN,5391,0865,065891,2,9,002415,2,8,32800,32767,00000,00000
BCN,5392,0861,065891,2,9,002415,2,8,32800,32767,00000,00000
BCN,5393,0862,061808,2,8,002553,2,9,32800,32768,00000,00000
BCN,5394,0782,061808,2,8,002553,2,9,32800,32768,00000,00000
BCN,5395,0862,061808,2,8,002553,2,9,32800,32768,00000,00000
BCN,5396,0863,061808,2,8,002553,2,9,32800,32768,00000,00000
BCN,5397,0864,061808,2,8,002553,2,9,32800,32768,00000,00000
BCN,5398,0782,061808,2,8,002553,2,9,32800,32768,00000,00000
BCN,5399,0781,065969,2,9,002689,2,9,32799,32768,00000,00000
BCN,5400,0781,065969,2,9,002689,2,9,32799,32768,00000,00000
BCN,5401,0780,065969,2,9,002689,2,9,32799,32768,00000,00000
BCN,5402,0862,065969,2,9,002689,2,9,32799,32768,00000,00000
BCN,5403,0862,065969,2,9,002689,2,9,32799,32768,00000,00000
BCN,5404,0862,065969,2,9,002689,2,9,32799,32768,00000,00000
BCN,5405,0861,066203,2,9,002712,2,9,32799,32768,00000,00000
BCN,5406,0861,066203,2,9,002712,2,9,32799,32768,00000,00000
BCN,5407,0779,066203,2,9,002712,2,9,32799,32768,00000,00000
BCN,5408,0779,066203,2,9,002712,2,9,32799,32768,00000,00000
BCN,5409,0861,066203,2,9,002712,2,9,32799,32768,00000,00000
BCN,5410,0815,066203,2,9,002712,2,9,32799,32768,00000,00000
BCN,5411,0826,072386,2,9,002659,2,9,32800,32768,00000,00000
BCN,5412,0861,072386,2,9,002659,2,9,32800,32768,00000,00000
BCN,5413,0778,072386,2,9,002659,2,9,32800,32768,00000,00000
BCN,5414,0778,072386,2,9,002659,2,9,32800,32768,00000,00000
BCN,5415,0849,072386,2,9,002659,2,9,32800,32768,00000,00000
BCN,5416,0778,072386,2,9,002659,2,9,32800,32768,00000,00000
BCN,5417,0778,068147,2,9,002593,2,9,32800,32768,00000,00000
BCN,5418,0861,068147,2,9,002593,2,9,32800,32768,00000,00000
BCN,5419,0783,068147,2,9,002593,2,9,32800,32768,00000,00000
BCN,5420,0782,068147,2,9,002593,2,9,32800,32768,00000,00000
BCN,5421,0778,068147,2,9,002593,2,9,32800,32768,00000,00000
BCN,5422,0781,068147,2,9,002593,2,9,32800,32768,00000,00000
BCN,5423,0780,066255,2,9,002445,2,8,32800,32768,00000,00000
BCN,5424,0862,066255,2,9,002445,2,8,32800,32768,00000,00000
BCN,5425,0861,066255,2,9,002445,2,8,32800,32768,00000,00000
BCN,5426,0862,066255,2,9,002445,2,8,32800,32768,00000,00000
BCN,5427,0780,066255,2,9,002445,2,8,32800,32768,00000,00000
BCN,5428,0862,066255,2,9,002445,2,8,32800,32768,00000,00000
BCN,5429,0862,066255,2,9,002445,2,8,32800,32768,00000,00000
BCN,5430,0863,060176,2,8,002367,2,8,32799,32767,00000,00000
BCN,5431,0780,060176,2,8,002367,2,8,32799,32767,00000,00000
BCN,5432,0863,060176,2,8,002367,2,8,32799,32767,00000,00000
BCN,5433,0863,060176,2,8,002367,2,8,32799,32767,00000,00000
BCN,5434,0864,060176,2,8,002367,2,8,32799,32767,00000,00000
BCN,5435,0781,060176,2,8,002367,2,8,32799,32767,00000,00000
BCN,5436,0796,064103,2,8,002600,2,9,32800,32768,00000,00000
BCN,5437,0781,064103,2,8,002600,2,9,32800,32768,00000,00000
BCN,5438,0822,064103,2,8,002600,2,9,32800,32768,00000,00000
BCN,5439,0864,064103,2,8,002600,2,9,32800,32768,00000,00000
BCN,5440,0864,064103,2,8,002600,2,9,32800,32768,00000,00000
BCN,5441,0803,064103,2,8,002600,2,9,32800,32768,00000,00000
BCN,5442,0798,066294,2,9,002671,2,9,32800,32768,00000,00000
BCN,5443,0794,066294,2,9,002671,2,9,32800,32768,00000,00000
BCN,5444,0782,066294,2,9,002671,2,9,32800,32768,00000,00000
BCN,5445,0857,066294,2,9,002671,2,9,32800,32768,00000,00000
BCN,5446,0865,066294,2,9,002671,2,9,32800,32768,00000,00000
BCN,5447,0860,066294,2,9,002671,2,9,32800,32768,00000,00000
BCN,5448,0862,060202,2,8,002698,2,9,32799,32768,00000,00000
BCN,5449,0864,060202,2,8,002698,2,9,32799,32768,00000,00000
BCN,5450,0781,060202,2,8,002698,2,9,32799,32768,00000,00000
BCN,5451,0781,060202,2,8,002698,2,9,32799,32768,00000,00000
BCN,5452,0862,060202,2,8,002698,2,9,32799,32768,00000,00000
BCN,5453,0781,060202,2,8,002698,2,9,32799,32768,00000,00000
BCN,5454,0781,064129,2,8,002696,2,9,32800,32768,00000,00000
BCN,5455,0863,064129,2,8,002696,2,9,32800,32768,00000,00000
BCN,5456,0781,064129,2,8,002696,2,9,32800,32768,00000,00000
BCN,5457,0780,064129,2,8,002696,2,9,32800,32768,00000,00000
BCN,5458,0780,064129,2,8,002696,2,9,32800,32768,00000,00000
BCN,5459,0779,064129,2,8,002696,2,9,32800,32768,00000,00000
BCN,5460,0780,066320,2,9,002643,2,9,32800,32768,00000,00000
BCN,5461,0862,066320,2,9,002643,2,9,32800,32768,00000,00000
BCN,5462,0862,066320,2,9,002643,2,9,32800,32768,00000,00000
BCN,5463,0861,066320,2,9,002643,2,9,32800,32768,00000,00000
BCN,5464,0779,066320,2,9,002643,2,9,32800,32768,00000,00000
BCN,5465,0834,066320,2,9,002643,2,9,32800,32768,00000,00000
BCN,5466,0821,066320,2,9,002643,2,9,32800,32768,00000,00000
BCN,5467,0860,062185,2,8,002520,2,9,32799,32768,00000,00000
BCN,5468,0839,062185,2,8,002520,2,9,32799,32768,00000,00000
BCN,5469,0861,062185,2,8,002520,2,9,32799,32768,00000,00000
BCN,5470,0793,062185,2,8,002520,2,9,32799,32768,00000,00000
BCN,5471,0861,062185,2,8,002520,2,9,32799,32768,00000,00000
BCN,5472,0854,062185,2,8,002520,2,9,32799,32768,00000,00000
BCN,5473,0855,064077,2,8,002364,2,8,32800,32768,00000,00000
BCN,5474,0778,064077,2,8,002364,2,8,32800,32768,00000,00000
BCN,5475,0857,064077,2,8,002364,2,8,32800,32768,00000,00000
BCN,5476,0862,064077,2,8,002364,2,8,32800,32768,00000,00000
BCN,5477,0861,064077,2,8,002364,2,8,32800,32768,00000,00000
BCN,5478,0781,064077,2,8,002364,2,8,32800,32768,00000,00000
BCN,5479,0780,066281,2,9,002456,2,8,32800,32767,00000,00000
BCN,5480,0781,066281,2,9,002456,2,8,32800,32767,00000,00000
BCN,5481,0779,066281,2,9,002456,2,8,32800,32767,00000,00000
BCN,5482,0862,066281,2,9,002456,2,8,32800,32767,00000,00000
BCN,5483,0861,066281,2,9,002456,2,8,32800,32767,00000,00000
BCN,5484,0862,066281,2,9,002456,2,8,32800,32767,00000,00000
BCN,5485,0862,062146,2,8,002592,2,9,32799,32768,00000,00000
BCN,5486,0863,062146,2,8,002592,2,9,32799,32768,00000,00000
BCN,5487,0780,062146,2,8,002592,2,9,32799,32768,00000,00000
BCN,5488,0781,062146,2,8,002592,2,9,32799,32768,00000,00000
BCN,5489,0863,062146,2,8,002592,2,9,32799,32768,00000,00000
BCN,5490,0781,062146,2,8,002592,2,9,32799,32768,00000,00000
BCN,5491,0781,064051,2,8,002719,2,9,32800,32768,00000,00000
BCN,5492,0864,064051,2,8,002719,2,9,32800,32768,00000,00000
BCN,5493,0781,064051,2,8,002719,2,9,32800,32768,00000,00000
BCN,5494,0782,064051,2,8,002719,2,9,32800,32768,00000,00000
BCN,5495,0835,064051,2,8,002719,2,9,32800,32768,00000,00000
BCN,5496,0782,064051,2,8,002719,2,9,32800,32768,00000,00000
BCN,5497,0781,066255,2,9,002723,2,9,32800,32768,00000,00000
BCN,5498,0865,066255,2,9,002723,2,9,32800,32768,00000,00000
BCN,5499,0793,066255,2,9,002723,2,9,32800,32768,00000,00000
BCN,5500,0791,066255,2,9,002723,2,9,32800,32768,00000,00000
BCN,5501,0781,066255,2,9,002723,2,9,32800,32768,00000,00000
BCN,5502,0787,066255,2,9,002723,2,9,32800,32768,00000,00000
BCN,5503,0785,066255,2,9,002723,2,9,32800,32768,00000,00000
BCN,5504,0865,062133,2,8,002673,2,9,32799,32768,00000,00000
BCN,5505,0861,062133,2,8,002673,2,9,32799,32768,00000,00000
BCN,5506,0864,062133,2,8,002673,2,9,32799,32768,00000,00000
BCN,5507,0782,062133,2,8,002673,2,9,32799,32768,00000,00000
BCN,5508,0864,062133,2,8,002673,2,9,32799,32768,00000,00000
BCN,5509,0862,062133,2,8,002673,2,9,32799,32768,00000,00000
BCN,5510,0862,064038,2,8,002607,2,9,32800,32768,00000,00000
BCN,5511,0779,064038,2,8,002607,2,9,32800,32768,00000,00000
BCN,5512,0863,064038,2,8,002607,2,9,32800,32768,00000,00000
BCN,5513,0861,064038,2,8,002607,2,9,32800,32768,00000,00000
BCN,5514,0863,064038,2,8,002607,2,9,32800,32768,00000,00000
BCN,5515,0779,064038,2,8,002607,2,9,32800,32768,00000,00000
BCN,5516,0780,066255,2,9,002489,2,9,32800,32768,00000,00000
BCN,5517,0778,066255,2,9,002489,2,9,32800,32768,00000,00000
BCN,5518,0779,066255,2,9,002489,2,9,32800,32768,00000,00000
BCN,5519,0861,066255,2,9,002489,2,9,32800,32768,00000,00000
BCN,5520,0862,066255,2,9,002489,2,9,32800,32768,00000,00000
BCN,5521,0831,066255,2,9,002489,2,9,32800,32768,00000,00000
BCN,5522,0821,060176,2,8,002330,2,8,32799,32768,00000,00000
BCN,5523,0810,060176,2,8,002330,2,8,32799,32768,00000,00000
BCN,5524,0778,060176,2,8,002330,2,8,32799,32768,00000,00000
BCN,5525,0844,060176,2,8,002330,2,8,32799,32768,00000,00000
BCN,5526,0861,060176,2,8,002330,2,8,32799,32768,00000,00000
BCN,5527,0850,060176,2,8,002330,2,8,32799,32768,00000,00000
BCN,5528,0854,064103,2,8,002486,2,9,32800,32767,00000,00000
BCN,5529,0861,064103,2,8,002486,2,9,32800,32767,00000,00000
BCN,5530,0779,064103,2,8,002486,2,9,32800,32767,00000,00000
BCN,5531,0777,064103,2,8,002486,2,9,32800,32767,00000,00000
BCN,5532,0859,064103,2,8,002486,2,9,32800,32767,00000,00000
BCN,5533,0778,064103,2,8,002486,2,9,32800,32767,00000,00000
BCN,5534,0779,066294,2,9,002578,2,9,32800,32768,00000,00000
BCN,5535,0861,066294,2,9,002578,2,9,32800,32768,00000,00000
BCN,5536,0781,066294,2,9,002578,2,9,32800,32768,00000,00000
BCN,5537,0779,066294,2,9,002578,2,9,32800,32768,00000,00000
BCN,5538,0780,066294,2,9,002578,2,9,32800,32768,00000,00000
BCN,5539,0780,066294,2,9,002578,2,9,32800,32768,00000,00000
BCN,5540,0781,066294,2,9,002578,2,9,32800,32768,00000,00000
BCN,5541,0862,062172,2,8,002710,2,9,32799,32768,00000,00000
BCN,5542,0863,062172,2,8,002710,2,9,32799,32768,00000,00000
BCN,5543,0863,062172,2,8,002710,2,9,32799,32768,00000,00000
BCN,5544,0782,062172,2,8,002710,2,9,32799,32768,00000,00000
BCN,5545,0863,062172,2,8,002710,2,9,32799,32768,00000,00000
BCN,5546,0864,062172,2,8,002710,2,9,32799,32768,00000,00000
BCN,5547,0863,064064,2,8,002726,2,9,32800,32768,00000,00000
BCN,5548,0807,064064,2,8,002726,2,9,32800,32768,00000,00000
BCN,5549,0863,064064,2,8,002726,2,9,32800,32768,00000,00000
BCN,5550,0820,064064,2,8,002726,2,9,32800,32768,00000,00000
BCN,5551,0864,064064,2,8,002726,2,9,32800,32768,00000,00000
BCN,5552,0846,064064,2,8,002726,2,9,32800,32768,00000,00000
BCN,5553,0850,066268,2,9,002651,2,9,32800,32768,00000,00000
BCN,5554,0783,066268,2,9,002651,2,9,32800,32768,00000,00000
BCN,5555,0855,066268,2,9,002651,2,9,32800,32768,00000,00000
BCN,5556,0865,066268,2,9,002651,2,9,32800,32768,00000,00000
BCN,5557,0864,066268,2,9,002651,2,9,32800,32768,00000,00000
BCN,5558,0787,066268,2,9,002651,2,9,32800,32768,00000,00000
BCN,5559,0784,062146,2,8,002551,2,9,32799,32768,00000,00000
BCN,5560,0785,062146,2,8,002551,2,9,32799,32768,00000,00000
BCN,5561,0780,062146,2,8,002551,2,9,32799,32768,00000,00000
BCN,5562,0863,062146,2,8,002551,2,9,32799,32768,00000,00000
BCN,5563,0863,062146,2,8,002551,2,9,32799,32768,00000,00000
BCN,5564,0863,062146,2,8,002551,2,9,32799,32768,00000,00000
BCN,5565,0862,064051,2,8,002398,2,8,32800,32768,00000,00000
BCN,5566,0863,064051,2,8,002398,2,8,32800,32768,00000,00000
BCN,5567,0779,064051,2,8,002398,2,8,32800,32768,00000,00000
BCN,5568,0780,064051,2,8,002398,2,8,32800,32768,00000,00000
BCN,5569,0861,064051,2,8,002398,2,8,32800,32768,00000,00000
BCN,5570,0780,064051,2,8,002398,2,8,32800,32768,00000,00000
BCN,5571,0778,066255,2,9,002408,2,8,32800,32767,00000,00000
BCN,5572,0863,066255,2,9,002408,2,8,32800,32767,00000,00000
BCN,5573,0778,066255,2,9,002408,2,8,32800,32767,00000,00000
BCN,5574,0779,066255,2,9,002408,2,8,32800,32767,00000,00000
BCN,5575,0793,066255,2,9,002408,2,8,32800,32767,00000,00000
BCN,5576,0779,066255,2,9,002408,2,8,32800,32767,00000,00000
BCN,5577,0777,066255,2,9,002408,2,8,32800,32767,00000,00000
BCN,5578,0861,064090,2,8,002566,2,9,32799,32768,00000,00000
BCN,5579,0805,064090,2,8,002566,2,9,32799,32768,00000,00000
BCN,5580,0801,064090,2,8,002566,2,9,32799,32768,00000,00000
BCN,5581,0777,064090,2,8,002566,2,9,32799,32768,00000,00000
BCN,5582,0792,064090,2,8,002566,2,9,32799,32768,00000,00000
BCN,5583,0787,064090,2,8,002566,2,9,32799,32768,00000,00000
BCN,5584,0862,061821,2,8,002673,2,9,32800,32768,00000,00000
BCN,5585,0855,061821,2,8,002673,2,9,32800,32768,00000,00000
BCN,5586,0862,061821,2,8,002673,2,9,32800,32768,00000,00000
BCN,5587,0781,061821,2,8,002673,2,9,32800,32768,00000,00000
BCN,5588,0862,061821,2,8,002673,2,9,32800,32768,00000,00000
BCN,5589,0858,061821,2,8,002673,2,9,32800,32768,00000,00000
BCN,5590,0860,061834,2,8,002730,2,9,32800,32768,00000,00000
BCN,5591,0778,061834,2,8,002730,2,9,32800,32768,00000,00000
BCN,5592,0862,061834,2,8,002730,2,9,32800,32768,00000,00000
BCN,5593,0861,061834,2,8,002730,2,9,32800,32768,00000,00000
BCN,5594,0863,061834,2,8,002730,2,9,32800,32768,00000,00000
BCN,5595,0779,061834,2,8,002730,2,9,32800,32768,00000,00000
BCN,5596,0781,063856,2,8,002715,2,9,32799,32768,00000,00000
BCN,5597,0779,063856,2,8,002715,2,9,32799,32768,00000,00000
BCN,5598,0781,063856,2,8,002715,2,9,32799,32768,00000,00000
BCN,5599,0862,063856,2,8,002715,2,9,32799,32768,00000,00000
BCN,5600,0865,063856,2,8,002715,2,9,32799,32768,00000,00000
BCN,5601,0863,063856,2,8,002715,2,9,32799,32768,00000,00000
BCN,5602,0865,059721,2,8,002651,2,9,32799,32768,00000,00000
BCN,5603,0863,059721,2,8,002651,2,9,32799,32768,00000,00000
BCN,5604,0783,059721,2,8,002651,2,9,32799,32768,00000,00000
BCN,5605,0818,059721,2,8,002651,2,9,32799,32768,00000,00000
BCN,5606,0866,059721,2,8,002651,2,9,32799,32768,00000,00000
BCN,5607,0837,059721,2,8,002651,2,9,32799,32768,00000,00000
BCN,5608,0846,070000,2,9,002539,2,9,32800,32768,00000,00000
BCN,5609,0864,070000,2,9,002539,2,9,32800,32768,00000,00000
BCN,5610,0784,070000,2,9,002539,2,9,32800,32768,00000,00000
BCN,5611,0781,070000,2,9,002539,2,9,32800,32768,00000,00000
BCN,5612,0859,070000,2,9,002539,2,9,32800,32768,00000,00000
BCN,5613,0781,070000,2,9,002539,2,9,32800,32768,00000,00000
BCN,5614,0784,070000,2,9,002539,2,9,32800,32768,00000,00000
BCN,5615,0864,063804,2,8,002412,2,8,32800,32768,00000,00000
BCN,5616,0787,063804,2,8,002412,2,8,32800,32768,00000,00000
BCN,5617,0783,063804,2,8,002412,2,8,32800,32768,00000,00000
BCN,5618,0783,063804,2,8,002412,2,8,32800,32768,00000,00000
BCN,5619,0782,063804,2,8,002412,2,8,32800,32768,00000,00000
BCN,5620,0784,063804,2,8,002412,2,8,32800,32768,00000,00000
BCN,5621,0862,067835,2,9,002375,2,8,32800,32767,00000,00000
BCN,5622,0864,067835,2,9,002375,2,8,32800,32767,00000,00000
BCN,5623,0862,067835,2,9,002375,2,8,32800,32767,00000,00000
BCN,5624,0782,067835,2,9,002375,2,8,32800,32767,00000,00000
BCN,5625,0862,067835,2,9,002375,2,8,32800,32767,00000,00000
BCN,5626,0864,067835,2,9,002375,2,8,32800,32767,00000,00000
BCN,5627,0861,061730,2,8,002579,2,9,32800,32768,00000,00000
BCN,5628,0780,061730,2,8,002579,2,9,32800,32768,00000,00000
BCN,5629,0860,061730,2,8,002579,2,9,32800,32768,00000,00000
BCN,5630,0863,061730,2,8,002579,2,9,32800,32768,00000,00000
BCN,5631,0860,061730,2,8,002579,2,9,32800,32768,00000,00000
BCN,5632,0802,061730,2,8,002579,2,9,32800,32768,00000,00000
BCN,5633,0809,063778,2,8,002671,2,9,32799,32768,00000,00000
BCN,5634,0780,063778,2,8,002671,2,9,32799,32768,00000,00000
BCN,5635,0829,063778,2,8,002671,2,9,32799,32768,00000,00000
BCN,5636,0862,063778,2,8,002671,2,9,32799,32768,00000,00000
BCN,5637,0859,063778,2,8,002671,2,9,32799,32768,00000,00000
BCN,5638,0795,063778,2,8,002671,2,9,32799,32768,00000,00000
BCN,5639,0789,059669,2,8,002701,2,9,32799,32768,00000,00000
BCN,5640,0789,059669,2,8,002701,2,9,32799,32768,00000,00000
BCN,5641,0776,059669,2,8,002701,2,9,32799,32768,00000,00000
BCN,5642,0857,059669,2,8,002701,2,9,32799,32768,00000,00000
BCN,5643,0860,059669,2,8,002701,2,9,32799,32768,00000,00000
BCN,5644,0859,059669,2,8,002701,2,9,32799,32768,00000,00000
BCN,5645,0857,069961,2,9,002743,2,9,32800,32768,00000,00000
BCN,5646,0862,069961,2,9,002743,2,9,32800,32768,00000,00000
BCN,5647,0777,069961,2,9,002743,2,9,32800,32768,00000,00000
BCN,5648,0779,069961,2,9,002743,2,9,32800,32768,00000,00000
BCN,5649,0859,069961,2,9,002743,2,9,32800,32768,00000,00000
BCN,5650,0780,069961,2,9,002743,2,9,32800,32768,00000,00000
BCN,5651,0777,069961,2,9,002743,2,9,32800,32768,00000,00000
BCN,5652,0863,063765,2,8,002676,2,9,32800,32768,00000,00000
BCN,5653,0778,063765,2,8,002676,2,9,32800,32768,00000,00000
BCN,5654,0781,063765,2,8,002676,2,9,32800,32768,00000,00000
BCN,5655,0778,063765,2,8,002676,2,9,32800,32768,00000,00000
BCN,5656,0781,063765,2,8,002676,2,9,32800,32768,00000,00000
BCN,5657,0779,063765,2,8,002676,2,9,32800,32768,00000,00000
BCN,5658,0864,065865,2,9,002601,2,9,32800,32768,00000,00000
BCN,5659,0861,065865,2,9,002601,2,9,32800,32768,00000,00000
BCN,5660,0865,065865,2,9,002601,2,9,32800,32768,00000,00000
BCN,5661,0779,065865,2,9,002601,2,9,32800,32768,00000,00000
BCN,5662,0838,065865,2,9,002601,2,9,32800,32768,00000,00000
BCN,5663,0822,065865,2,9,002601,2,9,32800,32768,00000,00000
BCN,5664,0866,059877,2,8,002485,2,9,32799,32768,00000,00000
BCN,5665,0840,059877,2,8,002485,2,9,32799,32768,00000,00000
BCN,5666,0866,059877,2,8,002485,2,9,32799,32768,00000,00000
BCN,5667,0796,059877,2,8,002485,2,9,32799,32768,00000,00000
BCN,5668,0866,059877,2,8,002485,2,9,32799,32768,00000,00000
BCN,5669,0855,059877,2,8,002485,2,9,32799,32768,00000,00000
BCN,5670,0860,066021,2,9,002371,2,8,32800,32768,00000,00000
BCN,5671,0781,066021,2,9,002371,2,8,32800,32768,00000,00000
BCN,5672,0863,066021,2,9,002371,2,8,32800,32768,00000,00000
BCN,5673,0863,066021,2,9,002371,2,8,32800,32768,00000,00000
BCN,5674,0866,066021,2,9,002371,2,8,32800,32768,00000,00000
BCN,5675,0782,066021,2,9,002371,2,8,32800,32768,00000,00000
BCN,5676,0785,064077,2,8,002434,2,8,32800,32767,00000,00000
BCN,5677,0781,064077,2,8,002434,2,8,32800,32767,00000,00000
BCN,5678,0783,064077,2,8,002434,2,8,32800,32767,00000,00000
BCN,5679,0862,064077,2,8,002434,2,8,32800,32767,00000,00000
BCN,5680,0865,064077,2,8,002434,2,8,32800,32767,00000,00000
BCN,5681,0861,064077,2,8,002434,2,8,32800,32767,00000,00000
BCN,5682,0864,060072,2,8,002574,2,9,32799,32768,00000,00000
BCN,5683,0862,060072,2,8,002574,2,9,32799,32768,00000,00000
BCN,5684,0781,060072,2,8,002574,2,9,32799,32768,00000,00000
BCN,5685,0778,060072,2,8,002574,2,9,32799,32768,00000,00000
BCN,5686,0864,060072,2,8,002574,2,9,32799,32768,00000,00000
BCN,5687,0778,060072,2,8,002574,2,9,32799,32768,00000,00000
BCN,5688,0781,060072,2,8,002574,2,9,32799,32768,00000,00000
BCN,5689,0860,066164,2,9,002671,2,9,32800,32768,00000,00000
BCN,5690,0781,066164,2,9,002671,2,9,32800,32768,00000,00000
BCN,5691,0777,066164,2,9,002671,2,9,32800,32768,00000,00000
BCN,5692,0829,066164,2,9,002671,2,9,32800,32768,00000,00000
BCN,5693,0777,066164,2,9,002671,2,9,32800,32768,00000,00000
BCN,5694,0780,066164,2,9,002671,2,9,32800,32768,00000,00000
BCN,5695,0860,066307,2,9,002725,2,9,32800,32768,00000,00000
BCN,5696,0794,066307,2,9,002725,2,9,32800,32768,00000,00000
BCN,5697,0788,066307,2,9,002725,2,9,32800,32768,00000,00000
BCN,5698,0780,066307,2,9,002725,2,9,32800,32768,00000,00000
BCN,5699,0783,066307,2,9,002725,2,9,32800,32768,00000,00000
BCN,5700,0785,066307,2,9,002725,2,9,32800,32768,00000,00000
BCN,5701,0860,060215,2,8,002716,2,9,32799,32768,00000,00000
BCN,5702,0860,060215,2,8,002716,2,9,32799,32768,00000,00000
BCN,5703,0860,060215,2,8,002716,2,9,32799,32768,00000,00000
BCN,5704,0782,060215,2,8,002716,2,9,32799,32768,00000,00000
BCN,5705,0860,060215,2,8,002716,2,9,32799,32768,00000,00000
BCN,5706,0862,060215,2,8,002716,2,9,32799,32768,00000,00000
BCN,5707,0859,064129,2,8,002668,2,9,32800,32768,00000,00000
BCN,5708,0780,064129,2,8,002668,2,9,32800,32768,00000,00000
BCN,5709,0859,064129,2,8,002668,2,9,32800,32768,00000,00000
BCN,5710,0864,064129,2,8,002668,2,9,32800,32768,00000,00000
BCN,5711,0861,064129,2,8,002668,2,9,32800,32768,00000,00000
BCN,5712,0781,064129,2,8,002668,2,9,32800,32768,00000,00000
BCN,5713,0778,066320,2,9,002584,2,9,32800,32768,00000,00000
BCN,5714,0782,066320,2,9,002584,2,9,32800,32768,00000,00000
BCN,5715,0778,066320,2,9,002584,2,9,32800,32768,00000,00000
BCN,5716,0865,066320,2,9,002584,2,9,32800,32768,00000,00000
BCN,5717,0862,066320,2,9,002584,2,9,32800,32768,00000,00000
BCN,5718,0856,066320,2,9,002584,2,9,32800,32768,00000,00000
BCN,5719,0837,060215,2,8,002460,2,8,32799,32768,00000,00000
BCN,5720,0828,060215,2,8,002460,2,8,32799,32768,00000,00000
BCN,5721,0780,060215,2,8,002460,2,8,32799,32768,00000,00000
BCN,5722,0842,060215,2,8,002460,2,8,32799,32768,00000,00000
BCN,5723,0863,060215,2,8,002460,2,8,32799,32768,00000,00000
BCN,5724,0853,060215,2,8,002460,2,8,32799,32768,00000,00000
BCN,5725,0852,060215,2,8,002460,2,8,32799,32768,00000,00000
BCN,5726,0866,064142,2,8,002350,2,8,32800,32767,00000,00000
BCN,5727,0780,064142,2,8,002350,2,8,32800,32767,00000,00000
BCN,5728,0783,064142,2,8,002350,2,8,32800,32767,00000,00000
BCN,5729,0859,064142,2,8,002350,2,8,32800,32767,00000,00000
BCN,5730,0783,064142,2,8,002350,2,8,32800,32767,00000,00000
BCN,5731,0780,064142,2,8,002350,2,8,32800,32767,00000,00000
BCN,5732,0866,066320,2,9,002602,2,9,32800,32768,00000,00000
BCN,5733,0782,066320,2,9,002602,2,9,32800,32768,00000,00000
BCN,5734,0784,066320,2,9,002602,2,9,32800,32768,00000,00000
BCN,5735,0779,066320,2,9,002602,2,9,32800,32768,00000,00000
BCN,5736,0783,066320,2,9,002602,2,9,32800,32768,00000,00000
BCN,5737,0780,066320,2,9,002602,2,9,32800,32768,00000,00000
BCN,5738,0865,060228,2,8,002654,2,9,32799,32768,00000,00000
BCN,5739,0861,060228,2,8,002654,2,9,32799,32768,00000,00000
BCN,5740,0864,060228,2,8,002654,2,9,32799,32768,00000,00000
BCN,5741,0778,060228,2,8,002654,2,9,32799,32768,00000,00000
BCN,5742,0864,060228,2,8,002654,2,9,32799,32768,00000,00000
BCN,5743,0860,060228,2,8,002654,2,9,32799,32768,00000,00000
BCN,5744,0864,064142,2,8,002697,2,9,32800,32768,00000,00000
BCN,5745,0777,064142,2,8,002697,2,9,32800,32768,00000,00000
BCN,5746,0863,064142,2,8,002697,2,9,32800,32768,00000,00000
BCN,5747,0839,064142,2,8,002697,2,9,32800,32768,00000,00000
BCN,5748,0863,064142,2,8,002697,2,9,32800,32768,00000,00000
BCN,5749,0827,064142,2,8,002697,2,9,32800,32768,00000,00000
BCN,5750,0839,066320,2,9,002732,2,9,32800,32768,00000,00000
BCN,5751,0777,066320,2,9,002732,2,9,32800,32768,00000,00000
BCN,5752,0848,066320,2,9,002732,2,9,32800,32768,00000,00000
BCN,5753,0859,066320,2,9,002732,2,9,32800,32768,00000,00000
BCN,5754,0863,066320,2,9,002732,2,9,32800,32768,00000,00000
BCN,5755,0785,066320,2,9,002732,2,9,32800,32768,00000,00000
BCN,5756,0786,062185,2,8,002680,2,9,32799,32768,00000,00000
BCN,5757,0781,062185,2,8,002680,2,9,32799,32768,00000,00000
BCN,5758,0780,062185,2,8,002680,2,9,32799,32768,00000,00000
BCN,5759,0857,062185,2,8,002680,2,9,32799,32768,00000,00000
BCN,5760,0863,062185,2,8,002680,2,9,32799,32768,00000,00000
BCN,5761,0858,062185,2,8,002680,2,9,32799,32768,00000,00000
BCN,5762,0862,062185,2,8,002680,2,9,32799,32768,00000,00000
BCN,5763,0860,064077,2,8,002605,2,9,32800,32768,00000,00000
BCN,5764,0781,064077,2,8,002605,2,9,32800,32768,00000,00000
BCN,5765,0777,064077,2,8,002605,2,9,32800,32768,00000,00000
BCN,5766,0864,064077,2,8,002605,2,9,32800,32768,00000,00000
BCN,5767,0778,064077,2,8,002605,2,9,32800,32768,00000,00000
BCN,5768,0781,064077,2,8,002605,2,9,32800,32768,00000,00000
BCN,5769,0861,066281,2,9,002468,2,8,32800,32768,00000,00000
BCN,5770,0782,066281,2,9,002468,2,8,32800,32768,00000,00000
BCN,5771,0779,066281,2,9,002468,2,8,32800,32768,00000,00000
BCN,5772,0782,066281,2,9,002468,2,8,32800,32768,00000,00000
BCN,5773,0779,066281,2,9,002468,2,8,32800,32768,00000,00000
BCN,5774,0783,066281,2,9,002468,2,8,32800,32768,00000,00000
BCN,5775,0862,064116,2,8,002341,2,8,32799,32768,00000,00000
BCN,5776,0833,064116,2,8,002341,2,8,32799,32768,00000,00000
BCN,5777,0818,064116,2,8,002341,2,8,32799,32768,00000,00000
BCN,5778,0783,064116,2,8,002341,2,8,32799,32768,00000,00000
BCN,5779,0803,064116,2,8,002341,2,8,32799,32768,00000,00000
BCN,5780,0801,064116,2,8,002341,2,8,32799,32768,00000,00000
BCN,5781,0863,061834,2,8,002510,2,9,32800,32767,00000,00000
BCN,5782,0857,061834,2,8,002510,2,9,32800,32767,00000,00000
BCN,5783,0862,061834,2,8,002510,2,9,32800,32767,00000,00000
BCN,5784,0790,061834,2,8,002510,2,9,32800,32767,00000,00000
BCN,5785,0863,061834,2,8,002510,2,9,32800,32767,00000,00000
BCN,5786,0863,061834,2,8,002510,2,9,32800,32767,00000,00000
BCN,5787,0859,063986,2,8,002553,2,9,32800,32768,00000,00000
BCN,5788,0783,063986,2,8,002553,2,9,32800,32768,00000,00000
BCN,5789,0860,063986,2,8,002553,2,9,32800,32768,00000,00000
BCN,5790,0865,063986,2,8,002553,2,9,32800,32768,00000,00000
BCN,5791,0861,063986,2,8,002553,2,9,32800,32768,00000,00000
BCN,5792,0783,063986,2,8,002553,2,9,32800,32768,00000,00000
BCN,5793,0779,063934,2,8,002701,2,9,32799,32768,00000,00000
BCN,5794,0782,063934,2,8,002701,2,9,32799,32768,00000,00000
BCN,5795,0778,063934,2,8,002701,2,9,32799,32768,00000,00000
BCN,5796,0864,063934,2,8,002701,2,9,32799,32768,00000,00000
BCN,5797,0860,063934,2,8,002701,2,9,32799,32768,00000,00000
BCN,5798,0863,063934,2,8,002701,2,9,32799,32768,00000,00000
BCN,5799,0859,063934,2,8,002701,2,9,32799,32768,00000,00000
BCN,5800,0863,061704,2,8,002727,2,9,32800,32768,00000,00000
BCN,5801,0777,061704,2,8,002727,2,9,32800,32768,00000,00000
BCN,5802,0780,061704,2,8,002727,2,9,32800,32768,00000,00000
BCN,5803,0860,061704,2,8,002727,2,9,32800,32768,00000,00000
BCN,5804,0812,061704,2,8,002727,2,9,32800,32768,00000,00000
BCN,5805,0819,061704,2,8,002727,2,9,32800,32768,00000,00000
BCN,5806,0863,063895,2,8,002706,2,9,32800,32768,00000,00000
BCN,5807,0776,063895,2,8,002706,2,9,32800,32768,00000,00000
BCN,5808,0780,063895,2,8,002706,2,9,32800,32768,00000,00000
BCN,5809,0845,063895,2,8,002706,2,9,32800,32768,00000,00000
BCN,5810,0779,063895,2,8,002706,2,9,32800,32768,00000,00000
BCN,5811,0776,063895,2,8,002706,2,9,32800,32768,00000,00000
BCN,5812,0863,063856,2,8,002635,2,9,32799,32768,00000,00000
BCN,5813,0783,063856,2,8,002635,2,9,32799,32768,00000,00000
BCN,5814,0785,063856,2,8,002635,2,9,32799,32768,00000,00000
BCN,5815,0777,063856,2,8,002635,2,9,32799,32768,00000,00000
BCN,5816,0783,063856,2,8,002635,2,9,32799,32768,00000,00000
BCN,5817,0779,063856,2,8,002635,2,9,32799,32768,00000,00000
BCN,5818,0863,061652,2,8,002528,2,9,32800,32768,00000,00000
BCN,5819,0859,061652,2,8,002528,2,9,32800,32768,00000,00000
BCN,5820,0863,061652,2,8,002528,2,9,32800,32768,00000,00000
BCN,5821,0779,061652,2,8,002528,2,9,32800,32768,00000,00000
BCN,5822,0864,061652,2,8,002528,2,9,32800,32768,00000,00000
BCN,5823,0861,061652,2,8,002528,2,9,32800,32768,00000,00000
BCN,5824,0864,061704,2,8,002391,2,8,32800,32768,00000,00000
BCN,5825,0778,061704,2,8,002391,2,8,32800,32768,00000,00000
BCN,5826,0865,061704,2,8,002391,2,8,32800,32768,00000,00000
BCN,5827,0862,061704,2,8,002391,2,8,32800,32768,00000,00000
BCN,5828,0866,061704,2,8,002391,2,8,32800,32768,00000,00000
BCN,5829,0780,061704,2,8,002391,2,8,32800,32768,00000,00000
BCN,5830,0783,063752,2,8,002436,2,8,32799,32767,00000,00000
BCN,5831,0780,063752,2,8,002436,2,8,32799,32767,00000,00000
BCN,5832,0811,063752,2,8,002436,2,8,32799,32767,00000,00000
BCN,5833,0863,063752,2,8,002436,2,8,32799,32767,00000,00000
BCN,5834,0866,063752,2,8,002436,2,8,32799,32767,00000,00000
BCN,5835,0808,063752,2,8,002436,2,8,32799,32767,00000,00000
BCN,5836,0805,063752,2,8,002436,2,8,32799,32767,00000,00000
BCN,5837,0797,059656,2,8,002595,2,9,32799,32768,00000,00000
BCN,5838,0784,059656,2,8,002595,2,9,32799,32768,00000,00000
BCN,5839,0855,059656,2,8,002595,2,9,32799,32768,00000,00000
BCN,5840,0866,059656,2,8,002595,2,9,32799,32768,00000,00000
BCN,5841,0858,059656,2,8,002595,2,9,32799,32768,00000,00000
BCN,5842,0863,059656,2,8,002595,2,9,32799,32768,00000,00000
BCN,5843,0863,069948,2,9,002700,2,9,32800,32768,00000,00000
BCN,5844,0783,069948,2,9,002700,2,9,32800,32768,00000,00000
BCN,5845,0779,069948,2,9,002700,2,9,32800,32768,00000,00000
BCN,5846,0864,069948,2,9,002700,2,9,32800,32768,00000,00000
BCN,5847,0779,069948,2,9,002700,2,9,32800,32768,00000,00000
BCN,5848,0782,069948,2,9,002700,2,9,32800,32768,00000,00000
BCN,5849,0862,063765,2,8,002711,2,9,32800,32768,00000,00000
BCN,5850,0782,063765,2,8,002711,2,9,32800,32768,00000,00000
BCN,5851,0778,063765,2,8,002711,2,9,32800,32768,00000,00000
BCN,5852,0781,063765,2,8,002711,2,9,32800,32768,00000,00000
BCN,5853,0778,063765,2,8,002711,2,9,32800,32768,00000,00000
BCN,5854,0781,063765,2,8,002711,2,9,32800,32768,00000,00000
BCN,5855,0860,067809,2,9,002683,2,9,32800,32768,00000,00000
BCN,5856,0863,067809,2,9,002683,2,9,32800,32768,00000,00000
BCN,5857,0860,067809,2,9,002683,2,9,32800,32768,00000,00000
BCN,5858,0780,067809,2,9,002683,2,9,32800,32768,00000,00000
BCN,5859,0846,067809,2,9,002683,2,9,32800,32768,00000,00000
BCN,5860,0833,067809,2,9,002683,2,9,32800,32768,00000,00000
BCN,5861,0860,061717,2,8,002618,2,9,32800,32768,00000,00000
BCN,5862,0835,061717,2,8,002618,2,9,32800,32768,00000,00000
BCN,5863,0860,061717,2,8,002618,2,9,32800,32768,00000,00000
BCN,5864,0798,061717,2,8,002618,2,9,32800,32768,00000,00000
BCN,5865,0859,061717,2,8,002618,2,9,32800,32768,00000,00000
BCN,5866,0853,061717,2,8,002618,2,9,32800,32768,00000,00000
BCN,5867,0853,065891,2,9,002466,2,9,32799,32768,00000,00000
BCN,5868,0779,065891,2,9,002466,2,9,32799,32768,00000,00000
BCN,5869,0855,065891,2,9,002466,2,9,32799,32768,00000,00000
BCN,5870,0863,065891,2,9,002466,2,9,32799,32768,00000,00000
BCN,5871,0860,065891,2,9,002466,2,9,32799,32768,00000,00000
BCN,5872,0782,065891,2,9,002466,2,9,32799,32768,00000,00000
BCN,5873,0779,065891,2,9,002466,2,9,32799,32768,00000,00000
BCN,5874,0782,064012,2,8,002374,2,8,32799,32767,00000,00000
BCN,5875,0777,064012,2,8,002374,2,8,32799,32767,00000,00000
BCN,5876,0863,064012,2,8,002374,2,8,32799,32767,00000,00000
BCN,5877,0861,064012,2,8,002374,2,8,32799,32767,00000,00000
BCN,5878,0864,064012,2,8,002374,2,8,32799,32767,00000,00000
BCN,5879,0860,064012,2,8,002374,2,8,32799,32767,00000,00000
BCN,5880,0865,072282,2,9,002615,2,9,32800,32768,00000,00000
BCN,5881,0778,072282,2,9,002615,2,9,32800,32768,00000,00000
BCN,5882,0782,072282,2,9,002615,2,9,32800,32768,00000,00000
BCN,5883,0862,072282,2,9,002615,2,9,32800,32768,00000,00000
BCN,5884,0783,072282,2,9,002615,2,9,32800,32768,00000,00000
BCN,5885,0779,072282,2,9,002615,2,9,32800,32768,00000,00000
BCN,5886,0866,068069,2,9,002707,2,9,32800,32768,00000,00000
BCN,5887,0780,068069,2,9,002707,2,9,32800,32768,00000,00000
BCN,5888,0783,068069,2,9,002707,2,9,32800,32768,00000,00000
BCN,5889,0835,068069,2,9,002707,2,9,32800,32768,00000,00000
BCN,5890,0783,068069,2,9,002707,2,9,32800,32768,00000,00000
BCN,5891,0780,068069,2,9,002707,2,9,32800,32768,00000,00000
BCN,5892,0867,066203,2,9,002737,2,9,32800,32768,00000,00000
BCN,5893,0791,066203,2,9,002737,2,9,32800,32768,00000,00000
BCN,5894,0792,066203,2,9,002737,2,9,32800,32768,00000,00000
BCN,5895,0781,066203,2,9,002737,2,9,32800,32768,00000,00000
BCN,5896,0789,066203,2,9,002737,2,9,32800,32768,00000,00000
BCN,5897,0785,066203,2,9,002737,2,9,32800,32768,00000,00000
BCN,5898,0867,062094,2,8,002675,2,9,32799,32768,00000,00000
BCN,5899,0862,062094,2,8,002675,2,9,32799,32768,00000,00000
BCN,5900,0867,062094,2,8,002675,2,9,32799,32768,00000,00000
BCN,5901,0782,062094,2,8,002675,2,9,32799,32768,00000,00000
BCN,5902,0867,062094,2,8,002675,2,9,32799,32768,00000,00000
BCN,5903,0863,062094,2,8,002675,2,9,32799,32768,00000,00000
BCN,5904,0867,061860,2,8,002598,2,9,32800,32768,00000,00000
BCN,5905,0781,061860,2,8,002598,2,9,32800,32768,00000,00000
BCN,5906,0867,061860,2,8,002598,2,9,32800,32768,00000,00000
BCN,5907,0864,061860,2,8,002598,2,9,32800,32768,00000,00000
BCN,5908,0866,061860,2,8,002598,2,9,32800,32768,00000,00000
BCN,5909,0780,061860,2,8,002598,2,9,32800,32768,00000,00000
BCN,5910,0783,061860,2,8,002598,2,9,32800,32768,00000,00000
BCN,5911,0780,061860,2,8,002439,2,8,32800,32768,00000,00000
BCN,5912,0782,061860,2,8,002439,2,8,32800,32768,00000,00000
BCN,5913,0862,061860,2,8,002439,2,8,32800,32768,00000,00000
BCN,5914,0865,061860,2,8,002439,2,8,32800,32768,00000,00000
BCN,5915,0821,061860,2,8,002439,2,8,32800,32768,00000,00000
BCN,5916,0814,061860,2,8,002439,2,8,32800,32768,00000,00000
BCN,5917,0803,063869,2,8,002414,2,8,32799,32767,00000,00000
BCN,5918,0781,063869,2,8,002414,2,8,32799,32767,00000,00000
BCN,5919,0848,063869,2,8,002414,2,8,32799,32767,00000,00000
BCN,5920,0864,063869,2,8,002414,2,8,32799,32767,00000,00000
BCN,5921,0853,063869,2,8,002414,2,8,32799,32767,00000,00000
BCN,5922,0858,063869,2,8,002414,2,8,32799,32767,00000,00000
BCN,5923,0860,059734,2,8,002580,2,9,32799,32768,00000,00000
BCN,5924,0780,059734,2,8,002580,2,9,32799,32768,00000,00000
BCN,5925,0776,059734,2,8,002580,2,9,32799,32768,00000,00000
BCN,5926,0861,059734,2,8,002580,2,9,32799,32768,00000,00000
BCN,5927,0776,059734,2,8,002580,2,9,32799,32768,00000,00000
BCN,5928,0779,059734,2,8,002580,2,9,32799,32768,00000,00000
BCN,5929,0859,070013,2,9,002707,2,9,32800,32768,00000,00000
BCN,5930,0780,070013,2,9,002707,2,9,32800,32768,00000,00000
BCN,5931,0777,070013,2,9,002707,2,9,32800,32768,00000,00000
BCN,5932,0779,070013,2,9,002707,2,9,32800,32768,00000,00000
BCN,5933,0777,070013,2,9,002707,2,9,32800,32768,00000,00000
BCN,5934,0780,070013,2,9,002707,2,9,32800,32768,00000,00000
BCN,5935,0860,063804,2,8,002747,2,9,32800,32768,00000,00000
BCN,5936,0863,063804,2,8,002747,2,9,32800,32768,00000,00000
BCN,5937,0860,063804,2,8,002747,2,9,32800,32768,00000,00000
BCN,5938,0780,063804,2,8,002747,2,9,32800,32768,00000,00000
BCN,5939,0860,063804,2,8,002747,2,9,32800,32768,00000,00000
BCN,5940,0861,063804,2,8,002747,2,9,32800,32768,00000,00000
BCN,5941,0860,067848,2,9,002722,2,9,32800,32768,00000,00000
BCN,5942,0820,067848,2,9,002722,2,9,32800,32768,00000,00000
BCN,5943,0861,067848,2,9,002722,2,9,32800,32768,00000,00000
BCN,5944,0809,067848,2,9,002722,2,9,32800,32768,00000,00000
BCN,5945,0861,067848,2,9,002722,2,9,32800,32768,00000,00000
BCN,5946,0850,067848,2,9,002722,2,9,32800,32768,00000,00000
BCN,5947,0850,067848,2,9,002722,2,9,32800,32768,00000,00000
BCN,5948,0781,061743,2,8,002623,2,9,32800,32768,00000,00000
BCN,5949,0855,061743,2,8,002623,2,9,32800,32768,00000,00000
BCN,5950,0865,061743,2,8,002623,2,9,32800,32768,00000,00000
BCN,5951,0862,061743,2,8,002623,2,9,32800,32768,00000,00000
BCN,5952,0786,061743,2,8,002623,2,9,32800,32768,00000,00000
BCN,5953,0782,061743,2,8,002623,2,9,32800,32768,00000,00000
BCN,5954,0785,063778,2,8,002469,2,8,32799,32768,00000,00000
BCN,5955,0779,063778,2,8,002469,2,8,32799,32768,00000,00000
BCN,5956,0864,063778,2,8,002469,2,8,32799,32768,00000,00000
BCN,5957,0863,063778,2,8,002469,2,8,32799,32768,00000,00000
BCN,5958,0865,063778,2,8,002469,2,8,32799,32768,00000,00000
BCN,5959,0862,063778,2,8,002469,2,8,32799,32768,00000,00000
BCN,5960,0866,061821,2,8,002378,2,8,32799,32767,00000,00000
BCN,5961,0780,061821,2,8,002378,2,8,32799,32767,00000,00000
BCN,5962,0783,061821,2,8,002378,2,8,32799,32767,00000,00000
BCN,5963,0863,061821,2,8,002378,2,8,32799,32767,00000,00000
BCN,5964,0783,061821,2,8,002378,2,8,32799,32767,00000,00000
BCN,5965,0780,061821,2,8,002378,2,8,32799,32767,00000,00000
BCN,5966,0866,070026,2,9,002611,2,9,32800,32768,00000,00000
BCN,5967,0779,070026,2,9,002611,2,9,32800,32768,00000,00000
BCN,5968,0783,070026,2,9,002611,2,9,32800,32768,00000,00000
BCN,5969,0814,070026,2,9,002611,2,9,32800,32768,00000,00000
BCN,5970,0782,070026,2,9,002611,2,9,32800,32768,00000,00000
BCN,5971,0779,070026,2,9,002611,2,9,32800,32768,00000,00000
BCN,5972,0865,063830,2,8,002695,2,9,32800,32768,00000,00000
BCN,5973,0796,063830,2,8,002695,2,9,32800,32768,00000,00000
BCN,5974,0795,063830,2,8,002695,2,9,32800,32768,00000,00000
BCN,5975,0778,063830,2,8,002695,2,9,32800,32768,00000,00000
BCN,5976,0789,063830,2,8,002695,2,9,32800,32768,00000,00000
BCN,5977,0783,063830,2,8,002695,2,9,32800,32768,00000,00000
BCN,5978,0863,065904,2,9,002724,2,9,32800,32768,00000,00000
BCN,5979,0857,065904,2,9,002724,2,9,32800,32768,00000,00000
BCN,5980,0864,065904,2,9,002724,2,9,32800,32768,00000,00000
BCN,5981,0779,065904,2,9,002724,2,9,32800,32768,00000,00000
BCN,5982,0863,065904,2,9,002724,2,9,32800,32768,00000,00000
BCN,5983,0859,065904,2,9,002724,2,9,32800,32768,00000,00000
BCN,5984,0862,065904,2,9,002724,2,9,32800,32768,00000,00000
BCN,5985,0776,061821,2,8,002705,2,9,32800,32768,00000,00000
BCN,5986,0863,061821,2,8,002705,2,9,32800,32768,00000,00000
BCN,5987,0860,061821,2,8,002705,2,9,32800,32768,00000,00000
BCN,5988,0863,061821,2,8,002705,2,9,32800,32768,00000,00000
BCN,5989,0776,061821,2,8,002705,2,9,32800,32768,00000,00000
BCN,5990,0780,061821,2,8,002705,2,9,32800,32768,00000,00000
BCN,5991,0777,063843,2,8,002625,2,9,32799,32768,00000,00000
BCN,5992,0780,063843,2,8,002625,2,9,32799,32768,00000,00000
BCN,5993,0860,063843,2,8,002625,2,9,32799,32768,00000,00000
BCN,5994,0863,063843,2,8,002625,2,9,32799,32768,00000,00000
BCN,5995,0848,063843,2,8,002625,2,9,32799,32768,00000,00000
BCN,5996,0835,063843,2,8,002625,2,9,32799,32768,00000,00000
BCN,5997,0819,061860,2,8,002475,2,8,32799,32768,00000,00000
BCN,5998,0780,061860,2,8,002475,2,8,32799,32768,00000,00000
BCN,5999,0839,061860,2,8,002475,2,8,32799,32768,00000,00000
BCN,6000,0864,061860,2,8,002475,2,8,32799,32768,00000,00000
BCN,6001,0848,061860,2,8,002475,2,8,32799,32768,00000,00000
BCN,6002,0855,061860,2,8,002475,2,8,32799,32768,00000,00000
BCN,6003,0861,072204,2,9,002377,2,8,32800,32767,00000,00000
BCN,6004,0782,072204,2,9,002377,2,8,32800,32767,00000,00000
BCN,6005,0778,072204,2,9,002377,2,8,32800,32767,00000,00000
BCN,6006,0862,072204,2,9,002377,2,8,32800,32767,00000,00000
BCN,6007,0779,072204,2,9,002377,2,8,32800,32767,00000,00000
BCN,6008,0782,072204,2,9,002377,2,8,32800,32767,00000,00000
BCN,6009,0862,066060,2,9,002623,2,9,32800,32768,00000,00000
BCN,6010,0784,066060,2,9,002623,2,9,32800,32768,00000,00000
BCN,6011,0780,066060,2,9,002623,2,9,32800,32768,00000,00000
BCN,6012,0783,066060,2,9,002623,2,9,32800,32768,00000,00000
BCN,6013,0780,066060,2,9,002623,2,9,32800,32768,00000,00000
BCN,6014,0784,066060,2,9,002623,2,9,32800,32768,00000,00000
BCN,6015,0863,053980,2,7,002700,2,9,32799,32768,00000,00000
BCN,6016,0866,053980,2,7,002700,2,9,32799,32768,00000,00000
BCN,6017,0863,053980,2,7,002700,2,9,32799,32768,00000,00000
BCN,6018,0783,053980,2,7,002700,2,9,32799,32768,00000,00000
BCN,6019,0863,053980,2,7,002700,2,9,32799,32768,00000,00000
BCN,6020,0866,053980,2,7,002700,2,9,32799,32768,00000,00000
BCN,6021,0863,053980,2,7,002700,2,9,32799,32768,00000,00000
BCN,6022,0803,053941,2,7,002740,2,9,32800,32768,00000,00000
BCN,6023,0862,053941,2,7,002740,2,9,32800,32768,00000,00000
BCN,6024,0826,053941,2,7,002740,2,9,32800,32768,00000,00000
BCN,6025,0862,053941,2,7,002740,2,9,32800,32768,00000,00000
BCN,6026,0843,053941,2,7,002740,2,9,32800,32768,00000,00000
BCN,6027,0844,053941,2,7,002740,2,9,32800,32768,00000,00000
BCN,6028,0781,060150,2,8,002697,2,9,32799,32768,00000,00000
BCN,6029,0852,060150,2,8,002697,2,9,32799,32768,00000,00000
BCN,6030,0864,060150,2,8,002697,2,9,32799,32768,00000,00000
BCN,6031,0861,060150,2,8,002697,2,9,32799,32768,00000,00000
BCN,6032,0785,060150,2,8,002697,2,9,32799,32768,00000,00000
BCN,6033,0781,060150,2,8,002697,2,9,32799,32768,00000,00000
BCN,6034,0783,064090,2,8,002608,2,9,32800,32768,00000,00000
BCN,6035,0776,064090,2,8,002608,2,9,32800,32768,00000,00000
BCN,6036,0862,064090,2,8,002608,2,9,32800,32768,00000,00000
BCN,6037,0860,064090,2,8,002608,2,9,32800,32768,00000,00000
BCN,6038,0862,064090,2,8,002608,2,9,32800,32768,00000,00000
BCN,6039,0859,064090,2,8,002608,2,9,32800,32768,00000,00000
BCN,6040,0863,066281,2,9,002455,2,8,32800,32768,00000,00000
BCN,6041,0776,066281,2,9,002455,2,8,32800,32768,00000,00000
BCN,6042,0779,066281,2,9,002455,2,8,32800,32768,00000,00000
BCN,6043,0859,066281,2,9,002455,2,8,32800,32768,00000,00000
BCN,6044,0779,066281,2,9,002455,2,8,32800,32768,00000,00000
BCN,6045,0776,066281,2,9,002455,2,8,32800,32768,00000,00000
BCN,6046,0863,060189,2,8,002445,2,8,32799,32767,00000,00000
BCN,6047,0776,060189,2,8,002445,2,8,32799,32767,00000,00000
BCN,6048,0780,060189,2,8,002445,2,8,32799,32767,00000,00000
BCN,6049,0799,060189,2,8,002445,2,8,32799,32767,00000,00000
BCN,6050,0780,060189,2,8,002445,2,8,32799,32767,00000,00000
BCN,6051,0776,060189,2,8,002445,2,8,32799,32767,00000,00000
BCN,6052,0863,064116,2,8,002601,2,9,32800,32768,00000,00000
BCN,6053,0800,064116,2,8,002601,2,9,32800,32768,00000,00000
BCN,6054,0798,064116,2,8,002601,2,9,32800,32768,00000,00000
BCN,6055,0777,064116,2,8,002601,2,9,32800,32768,00000,00000
BCN,6056,0791,064116,2,8,002601,2,9,32800,32768,00000,00000
BCN,6057,0785,064116,2,8,002601,2,9,32800,32768,00000,00000
BCN,6058,0865,064116,2,8,002601,2,9,32800,32768,00000,00000
BCN,6059,0858,066307,2,9,002722,2,9,32800,32768,00000,00000
BCN,6060,0865,066307,2,9,002722,2,9,32800,32768,00000,00000
BCN,6061,0782,066307,2,9,002722,2,9,32800,32768,00000,00000
BCN,6062,0866,066307,2,9,002722,2,9,32800,32768,00000,00000
BCN,6063,0861,066307,2,9,002722,2,9,32800,32768,00000,00000
BCN,6064,0865,066307,2,9,002722,2,9,32800,32768,00000,00000
BCN,6065,0779,062172,2,8,002738,2,9,32799,32768,00000,00000
BCN,6066,0866,062172,2,8,002738,2,9,32799,32768,00000,00000
BCN,6067,0863,062172,2,8,002738,2,9,32799,32768,00000,00000
BCN,6068,0867,062172,2,8,002738,2,9,32799,32768,00000,00000
BCN,6069,0781,062172,2,8,002738,2,9,32799,32768,00000,00000
BCN,6070,0784,062172,2,8,002738,2,9,32799,32768,00000,00000
BCN,6071,0780,064077,2,8,002682,2,9,32800,32768,00000,00000
BCN,6072,0783,064077,2,8,002682,2,9,32800,32768,00000,00000
BCN,6073,0863,064077,2,8,002682,2,9,32800,32768,00000,00000
BCN,6074,0867,064077,2,8,002682,2,9,32800,32768,00000,00000
BCN,6075,0863,064077,2,8,002682,2,9,32800,32768,00000,00000
BCN,6076,0850,064077,2,8,002682,2,9,32800,32768,00000,00000
BCN,6077,0831,064129,2,8,002556,2,9,32800,32768,00000,00000
BCN,6078,0783,064129,2,8,002556,2,9,32800,32768,00000,00000
BCN,6079,0837,064129,2,8,002556,2,9,32800,32768,00000,00000
BCN,6080,0865,064129,2,8,002556,2,9,32800,32768,00000,00000
BCN,6081,0847,064129,2,8,002556,2,9,32800,32768,00000,00000
BCN,6082,0854,064129,2,8,002556,2,9,32800,32768,00000,00000
BCN,6083,0861,064038,2,8,002382,2,8,32799,32768,00000,00000
BCN,6084,0781,064038,2,8,002382,2,8,32799,32768,00000,00000
BCN,6085,0778,064038,2,8,002382,2,8,32799,32768,00000,00000
BCN,6086,0860,064038,2,8,002382,2,8,32799,32768,00000,00000
BCN,6087,0777,064038,2,8,002382,2,8,32799,32768,00000,00000
BCN,6088,0780,064038,2,8,002382,2,8,32799,32768,00000,00000
BCN,6089,0861,061782,2,8,002487,2,8,32800,32767,00000,00000
BCN,6090,0782,061782,2,8,002487,2,8,32800,32767,00000,00000
BCN,6091,0778,061782,2,8,002487,2,8,32800,32767,00000,00000
BCN,6092,0780,061782,2,8,002487,2,8,32800,32767,00000,00000
BCN,6093,0777,061782,2,8,002487,2,8,32800,32767,00000,00000
BCN,6094,0780,061782,2,8,002487,2,8,32800,32767,00000,00000
BCN,6095,0860,061782,2,8,002487,2,8,32800,32767,00000,00000
BCN,6096,0863,061795,2,8,002593,2,9,32800,32768,00000,00000
BCN,6097,0860,061795,2,8,002593,2,9,32800,32768,00000,00000
BCN,6098,0780,061795,2,8,002593,2,9,32800,32768,00000,00000
BCN,6099,0860,061795,2,8,002593,2,9,32800,32768,00000,00000
BCN,6100,0863,061795,2,8,002593,2,9,32800,32768,00000,00000
BCN,6101,0860,061795,2,8,002593,2,9,32800,32768,00000,00000
BCN,6102,0779,063830,2,8,002738,2,9,32799,32768,00000,00000
BCN,6103,0860,063830,2,8,002738,2,9,32799,32768,00000,00000
BCN,6104,0828,063830,2,8,002738,2,9,32799,32768,00000,00000
BCN,6105,0860,063830,2,8,002738,2,9,32799,32768,00000,00000
BCN,6106,0839,063830,2,8,002738,2,9,32799,32768,00000,00000
BCN,6107,0842,063830,2,8,002738,2,9,32799,32768,00000,00000
BCN,6108,0781,059708,2,8,002732,2,9,32799,32768,00000,00000
BCN,6109,0850,059708,2,8,002732,2,9,32799,32768,00000,00000
BCN,6110,0864,059708,2,8,002732,2,9,32799,32768,00000,00000
BCN,6111,0861,059708,2,8,002732,2,9,32799,32768,00000,00000
BCN,6112,0787,059708,2,8,002732,2,9,32799,32768,00000,00000
BCN,6113,0782,059708,2,8,002732,2,9,32799,32768,00000,00000
BCN,6114,0785,069987,2,9,002657,2,9,32800,32768,00000,00000
BCN,6115,0778,069987,2,9,002657,2,9,32800,32768,00000,00000
BCN,6116,0864,069987,2,9,002657,2,9,32800,32768,00000,00000
BCN,6117,0862,069987,2,9,002657,2,9,32800,32768,00000,00000
BCN,6118,0865,069987,2,9,002657,2,9,32800,32768,00000,00000
BCN,6119,0862,069987,2,9,002657,2,9,32800,32768,00000,00000
BCN,6120,0866,063791,2,8,002503,2,8,32800,32768,00000,00000
BCN,6121,0780,063791,2,8,002503,2,8,32800,32768,00000,00000
BCN,6122,0783,063791,2,8,002503,2,8,32800,32768,00000,00000
BCN,6123,0862,063791,2,8,002503,2,8,32800,32768,00000,00000
BCN,6124,0783,063791,2,8,002503,2,8,32800,32768,00000,00000
BCN,6125,0780,063791,2,8,002503,2,8,32800,32768,00000,00000
BCN,6126,0867,067822,2,9,002371,2,8,32800,32767,00000,00000
BCN,6127,0780,067822,2,9,002371,2,8,32800,32767,00000,00000
BCN,6128,0783,067822,2,9,002371,2,8,32800,32767,00000,00000
BCN,6129,0798,067822,2,9,002371,2,8,32800,32767,00000,00000
BCN,6130,0783,067822,2,9,002371,2,8,32800,32767,00000,00000
BCN,6131,0780,067822,2,9,002371,2,8,32800,32767,00000,00000
BCN,6132,0866,067822,2,9,002371,2,8,32800,32767,00000,00000
BCN,6133,0806,061730,2,8,002609,2,9,32800,32768,00000,00000
BCN,6134,0803,061730,2,8,002609,2,9,32800,32768,00000,00000
BCN,6135,0779,061730,2,8,002609,2,9,32800,32768,00000,00000
BCN,6136,0794,061730,2,8,002609,2,9,32800,32768,00000,00000
BCN,6137,0788,061730,2,8,002609,2,9,32800,32768,00000,00000
BCN,6138,0865,061730,2,8,002609,2,9,32800,32768,00000,00000
BCN,6139,0857,063778,2,8,002692,2,9,32799,32768,00000,00000
BCN,6140,0864,063778,2,8,002692,2,9,32799,32768,00000,00000
BCN,6141,0781,063778,2,8,002692,2,9,32799,32768,00000,00000
BCN,6142,0864,063778,2,8,002692,2,9,32799,32768,00000,00000
BCN,6143,0859,063778,2,8,002692,2,9,32799,32768,00000,00000
BCN,6144,0863,063778,2,8,002692,2,9,32799,32768,00000,00000
BCN,6145,0777,059669,2,8,002738,2,9,32799,32768,00000,00000
BCN,6146,0863,059669,2,8,002738,2,9,32799,32768,00000,00000
BCN,6147,0860,059669,2,8,002738,2,9,32799,32768,00000,00000
BCN,6148,0863,059669,2,8,002738,2,9,32799,32768,00000,00000
BCN,6149,0777,059669,2,8,002738,2,9,32799,32768,00000,00000
BCN,6150,0780,059669,2,8,002738,2,9,32799,32768,00000,00000
BCN,6151,0776,069948,2,9,002692,2,9,32800,32768,00000,00000
BCN,6152,0779,069948,2,9,002692,2,9,32800,32768,00000,00000
BCN,6153,0860,069948,2,9,002692,2,9,32800,32768,00000,00000
BCN,6154,0863,069948,2,9,002692,2,9,32800,32768,00000,00000
BCN,6155,0860,069948,2,9,002692,2,9,32800,32768,00000,00000
BCN,6156,0856,069948,2,9,002692,2,9,32800,32768,00000,00000
BCN,6157,0836,063765,2,8,002617,2,9,32800,32768,00000,00000
BCN,6158,0779,063765,2,8,002617,2,9,32800,32768,00000,00000
BCN,6159,0829,063765,2,8,002617,2,9,32800,32768,00000,00000
BCN,6160,0863,063765,2,8,002617,2,9,32800,32768,00000,00000
BCN,6161,0842,063765,2,8,002617,2,9,32800,32768,00000,00000
BCN,6162,0849,063765,2,8,002617,2,9,32800,32768,00000,00000
BCN,6163,0860,067809,2,9,002444,2,8,32800,32768,00000,00000
BCN,6164,0780,067809,2,9,002444,2,8,32800,32768,00000,00000
BCN,6165,0777,067809,2,9,002444,2,8,32800,32768,00000,00000
BCN,6166,0859,067809,2,9,002444,2,8,32800,32768,00000,00000
BCN,6167,0777,067809,2,9,002444,2,8,32800,32768,00000,00000
BCN,6168,0781,067809,2,9,002444,2,8,32800,32768,00000,00000
BCN,6169,0861,067809,2,9,002444,2,8,32800,32768,00000,00000
BCN,6170,0783,061717,2,8,002410,2,8,32800,32767,00000,00000
BCN,6171,0780,061717,2,8,002410,2,8,32800,32767,00000,00000
BCN,6172,0782,061717,2,8,002410,2,8,32800,32767,00000,00000
BCN,6173,0780,061717,2,8,002410,2,8,32800,32767,00000,00000
BCN,6174,0783,061717,2,8,002410,2,8,32800,32767,00000,00000
BCN,6175,0863,061717,2,8,002410,2,8,32800,32767,00000,00000
BCN,6176,0866,063765,2,8,002625,2,9,32799,32768,00000,00000
BCN,6177,0863,063765,2,8,002625,2,9,32799,32768,00000,00000
BCN,6178,0784,063765,2,8,002625,2,9,32799,32768,00000,00000
BCN,6179,0863,063765,2,8,002625,2,9,32799,32768,00000,00000
BCN,6180,0866,063765,2,8,002625,2,9,32799,32768,00000,00000
BCN,6181,0864,063765,2,8,002625,2,9,32799,32768,00000,00000
BCN,6182,0784,059656,2,8,002716,2,9,32799,32768,00000,00000
BCN,6183,0864,059656,2,8,002716,2,9,32799,32768,00000,00000
BCN,6184,0846,059656,2,8,002716,2,9,32799,32768,00000,00000
BCN,6185,0864,059656,2,8,002716,2,9,32799,32768,00000,00000
BCN,6186,0834,059656,2,8,002716,2,9,32799,32768,00000,00000
BCN,6187,0839,059656,2,8,002716,2,9,32799,32768,00000,00000
BCN,6188,0783,069948,2,9,002736,2,9,32800,32768,00000,00000
BCN,6189,0850,069948,2,9,002736,2,9,32800,32768,00000,00000
BCN,6190,0867,069948,2,9,002736,2,9,32800,32768,00000,00000
BCN,6191,0863,069948,2,9,002736,2,9,32800,32768,00000,00000
BCN,6192,0790,069948,2,9,002736,2,9,32800,32768,00000,00000
BCN,6193,0785,069948,2,9,002736,2,9,32800,32768,00000,00000
BCN,6194,0787,063765,2,8,002673,2,9,32800,32768,00000,00000
BCN,6195,0779,063765,2,8,002673,2,9,32800,32768,00000,00000
BCN,6196,0863,063765,2,8,002673,2,9,32800,32768,00000,00000
BCN,6197,0862,063765,2,8,002673,2,9,32800,32768,00000,00000
BCN,6198,0863,063765,2,8,002673,2,9,32800,32768,00000,00000
BCN,6199,0861,063765,2,8,002673,2,9,32800,32768,00000,00000
BCN,6200,0865,067809,2,9,002595,2,9,32800,32768,00000,00000
BCN,6201,0778,067809,2,9,002595,2,9,32800,32768,00000,00000
BCN,6202,0781,067809,2,9,002595,2,9,32800,32768,00000,00000
BCN,6203,0860,067809,2,9,002595,2,9,32800,32768,00000,00000
BCN,6204,0780,067809,2,9,002595,2,9,32800,32768,00000,00000
BCN,6205,0777,067809,2,9,002595,2,9,32800,32768,00000,00000
BCN,6206,0863,067809,2,9,002595,2,9,32800,32768,00000,00000
BCN,6207,0777,061717,2,8,002425,2,8,32800,32768,00000,00000
BCN,6208,0780,061717,2,8,002425,2,8,32800,32768,00000,00000
BCN,6209,0777,061717,2,8,002425,2,8,32800,32768,00000,00000
BCN,6210,0780,061717,2,8,002425,2,8,32800,32768,00000,00000
BCN,6211,0777,061717,2,8,002425,2,8,32800,32768,00000,00000
BCN,6212,0863,061717,2,8,002425,2,8,32800,32768,00000,00000
BCN,6213,0812,063765,2,8,002445,2,8,32799,32767,00000,00000
BCN,6214,0807,063765,2,8,002445,2,8,32799,32767,00000,00000
BCN,6215,0777,063765,2,8,002445,2,8,32799,32767,00000,00000
BCN,6216,0796,063765,2,8,002445,2,8,32799,32767,00000,00000
BCN,6217,0789,063765,2,8,002445,2,8,32799,32767,00000,00000
BCN,6218,0863,063765,2,8,002445,2,8,32799,32767,00000,00000
BCN,6219,0854,059656,2,8,002595,2,9,32799,32768,00000,00000
BCN,6220,0863,059656,2,8,002595,2,9,32799,32768,00000,00000
BCN,6221,0781,059656,2,8,002595,2,9,32799,32768,00000,00000
BCN,6222,0864,059656,2,8,002595,2,9,32799,32768,00000,00000
BCN,6223,0858,059656,2,8,002595,2,9,32799,32768,00000,00000
BCN,6224,0862,059656,2,8,002595,2,9,32799,32768,00000,00000
BCN,6225,0778,069948,2,9,002726,2,9,32800,32768,00000,00000
BCN,6226,0863,069948,2,9,002726,2,9,32800,32768,00000,00000
BCN,6227,0861,069948,2,9,002726,2,9,32800,32768,00000,00000
BCN,6228,0865,069948,2,9,002726,2,9,32800,32768,00000,00000
BCN,6229,0779,069948,2,9,002726,2,9,32800,32768,00000,00000
BCN,6230,0782,069948,2,9,002726,2,9,32800,32768,00000,00000
BCN,6231,0779,063765,2,8,002744,2,9,32800,32768,00000,00000
BCN,6232,0782,063765,2,8,002744,2,9,32800,32768,00000,00000
BCN,6233,0862,063765,2,8,002744,2,9,32800,32768,00000,00000
BCN,6234,0865,063765,2,8,002744,2,9,32800,32768,00000,00000
BCN,6235,0863,063765,2,8,002744,2,9,32800,32768,00000,00000
BCN,6236,0866,063765,2,8,002744,2,9,32800,32768,00000,00000
BCN,6237,0858,065670,2,9,002676,2,9,32800,32768,00000,00000
BCN,6238,0783,065670,2,9,002676,2,9,32800,32768,00000,00000
BCN,6239,0822,065670,2,9,002676,2,9,32800,32768,00000,00000
BCN,6240,0867,065670,2,9,002676,2,9,32800,32768,00000,00000
BCN,6241,0840,065670,2,9,002676,2,9,32800,32768,00000,00000
BCN,6242,0849,065670,2,9,002676,2,9,32800,32768,00000,00000
BCN,6243,0863,065670,2,9,002676,2,9,32800,32768,00000,00000
BCN,6244,0783,063791,2,8,002549,2,9,32800,32768,00000,00000
BCN,6245,0780,063791,2,8,002549,2,9,32800,32768,00000,00000
BCN,6246,0860,063791,2,8,002549,2,9,32800,32768,00000,00000
BCN,6247,0780,063791,2,8,002549,2,9,32800,32768,00000,00000
BCN,6248,0782,063791,2,8,002549,2,9,32800,32768,00000,00000
BCN,6249,0862,063791,2,8,002549,2,9,32800,32768,00000,00000
BCN,6250,0785,063791,2,8,002379,2,8,32799,32768,00000,00000
BCN,6251,0781,063791,2,8,002379,2,8,32799,32768,00000,00000
BCN,6252,0782,063791,2,8,002379,2,8,32799,32768,00000,00000
BCN,6253,0780,063791,2,8,002379,2,8,32799,32768,00000,00000
BCN,6254,0782,063791,2,8,002379,2,8,32799,32768,00000,00000
BCN,6255,0861,063791,2,8,002379,2,8,32799,32768,00000,00000
BCN,6256,0863,061600,2,8,002491,2,9,32800,32767,00000,00000
BCN,6257,0861,061600,2,8,002491,2,9,32800,32767,00000,00000
BCN,6258,0781,061600,2,8,002491,2,9,32800,32767,00000,00000
BCN,6259,0860,061600,2,8,002491,2,9,32800,32767,00000,00000
BCN,6260,0863,061600,2,8,002491,2,9,32800,32767,00000,00000
BCN,6261,0860,061600,2,8,002491,2,9,32800,32767,00000,00000
BCN,6262,0780,063804,2,8,002573,2,9,32800,32768,00000,00000
BCN,6263,0860,063804,2,8,002573,2,9,32800,32768,00000,00000
BCN,6264,0860,063804,2,8,002573,2,9,32800,32768,00000,00000
BCN,6265,0859,063804,2,8,002573,2,9,32800,32768,00000,00000
BCN,6266,0818,063804,2,8,002573,2,9,32800,32768,00000,00000
BCN,6267,0826,063804,2,8,002573,2,9,32800,32768,00000,00000
BCN,6268,0779,063804,2,8,002720,2,9,32799,32768,00000,00000
BCN,6269,0840,063804,2,8,002720,2,9,32799,32768,00000,00000
BCN,6270,0863,063804,2,8,002720,2,9,32799,32768,00000,00000
BCN,6271,0859,063804,2,8,002720,2,9,32799,32768,00000,00000
BCN,6272,0789,063804,2,8,002720,2,9,32799,32768,00000,00000
BCN,6273,0784,063804,2,8,002720,2,9,32799,32768,00000,00000
BCN,6274,0786,061600,2,8,002719,2,9,32800,32768,00000,00000
BCN,6275,0776,061600,2,8,002719,2,9,32800,32768,00000,00000
BCN,6276,0860,061600,2,8,002719,2,9,32800,32768,00000,00000
BCN,6277,0860,061600,2,8,002719,2,9,32800,32768,00000,00000
BCN,6278,0862,061600,2,8,002719,2,9,32800,32768,00000,00000
BCN,6279,0859,061600,2,8,002719,2,9,32800,32768,00000,00000
BCN,6280,0864,061600,2,8,002719,2,9,32800,32768,00000,00000
BCN,6281,0777,061665,2,8,002678,2,9,32800,32768,00000,00000
BCN,6282,0781,061665,2,8,002678,2,9,32800,32768,00000,00000
BCN,6283,0860,061665,2,8,002678,2,9,32800,32768,00000,00000
BCN,6284,0781,061665,2,8,002678,2,9,32800,32768,00000,00000
BCN,6285,0778,061665,2,8,002678,2,9,32800,32768,00000,00000
BCN,6286,0865,061665,2,8,002678,2,9,32800,32768,00000,00000
BCN,6287,0779,063726,2,8,002567,2,9,32799,32768,00000,00000
BCN,6288,0783,063726,2,8,002567,2,9,32799,32768,00000,00000
BCN,6289,0779,063726,2,8,002567,2,9,32799,32768,00000,00000
BCN,6290,0783,063726,2,8,002567,2,9,32799,32768,00000,00000
BCN,6291,0780,063726,2,8,002567,2,9,32799,32768,00000,00000
BCN,6292,0866,063726,2,8,002567,2,9,32799,32768,00000,00000
BCN,6293,0835,059630,2,8,002397,2,8,32799,32768,00000,00000
BCN,6294,0826,059630,2,8,002397,2,8,32799,32768,00000,00000
BCN,6295,0780,059630,2,8,002397,2,8,32799,32768,00000,00000
BCN,6296,0809,059630,2,8,002397,2,8,32799,32768,00000,00000
BCN,6297,0800,059630,2,8,002397,2,8,32799,32768,00000,00000
BCN,6298,0867,059630,2,8,002397,2,8,32799,32768,00000,00000
BCN,6299,0854,069922,2,9,002449,2,8,32800,32767,00000,00000
BCN,6300,0867,069922,2,9,002449,2,8,32800,32767,00000,00000
BCN,6301,0787,069922,2,9,002449,2,8,32800,32767,00000,00000
BCN,6302,0867,069922,2,9,002449,2,8,32800,32767,00000,00000
BCN,6303,0860,069922,2,9,002449,2,8,32800,32767,00000,00000
BCN,6304,0863,069922,2,9,002449,2,8,32800,32767,00000,00000
BCN,6305,0780,063752,2,8,002608,2,9,32800,32768,00000,00000
BCN,6306,0864,063752,2,8,002608,2,9,32800,32768,00000,00000
BCN,6307,0863,063752,2,8,002608,2,9,32800,32768,00000,00000
BCN,6308,0865,063752,2,8,002608,2,9,32800,32768,00000,00000
BCN,6309,0780,063752,2,8,002608,2,9,32800,32768,00000,00000
BCN,6310,0783,063752,2,8,002608,2,9,32800,32768,00000,00000
BCN,6311,0779,067796,2,9,002722,2,9,32800,32768,00000,00000
BCN,6312,0781,067796,2,9,002722,2,9,32800,32768,00000,00000
BCN,6313,0861,067796,2,9,002722,2,9,32800,32768,00000,00000
BCN,6314,0864,067796,2,9,002722,2,9,32800,32768,00000,00000
BCN,6315,0861,067796,2,9,002722,2,9,32800,32768,00000,00000
BCN,6316,0864,067796,2,9,002722,2,9,32800,32768,00000,00000
BCN,6317,0860,067796,2,9,002722,2,9,32800,32768,00000,00000
BCN,6318,0780,061704,2,8,002732,2,9,32800,32768,00000,00000
BCN,6319,0797,061704,2,8,002732,2,9,32800,32768,00000,00000
BCN,6320,0863,061704,2,8,002732,2,9,32800,32768,00000,00000
BCN,6321,0822,061704,2,8,002732,2,9,32800,32768,00000,00000
BCN,6322,0834,061704,2,8,002732,2,9,32800,32768,00000,00000
BCN,6323,0860,061704,2,8,002732,2,9,32800,32768,00000,00000
BCN,6324,0779,063752,2,8,002665,2,9,32799,32768,00000,00000
BCN,6325,0776,063752,2,8,002665,2,9,32799,32768,00000,00000
BCN,6326,0853,063752,2,8,002665,2,9,32799,32768,00000,00000
BCN,6327,0776,063752,2,8,002665,2,9,32799,32768,00000,00000
BCN,6328,0779,063752,2,8,002665,2,9,32799,32768,00000,00000
BCN,6329,0860,063752,2,8,002665,2,9,32799,32768,00000,00000
BCN,6330,0784,059656,2,8,002561,2,9,32799,32768,00000,00000
BCN,6331,0780,059656,2,8,002561,2,9,32799,32768,00000,00000
BCN,6332,0780,059656,2,8,002561,2,9,32799,32768,00000,00000
BCN,6333,0778,059656,2,8,002561,2,9,32799,32768,00000,00000
BCN,6334,0781,059656,2,8,002561,2,9,32799,32768,00000,00000
BCN,6335,0860,059656,2,8,002561,2,9,32799,32768,00000,00000
BCN,6336,0862,069948,2,9,002405,2,8,32800,32768,00000,00000
BCN,6337,0860,069948,2,9,002405,2,8,32800,32768,00000,00000
BCN,6338,0781,069948,2,9,002405,2,8,32800,32768,00000,00000
BCN,6339,0860,069948,2,9,002405,2,8,32800,32768,00000,00000
BCN,6340,0864,069948,2,9,002405,2,8,32800,32768,00000,00000
BCN,6341,0861,069948,2,9,002405,2,8,32800,32768,00000,00000
BCN,6342,0781,063765,2,8,002457,2,8,32800,32767,00000,00000
BCN,6343,0861,063765,2,8,002457,2,8,32800,32767,00000,00000
BCN,6344,0865,063765,2,8,002457,2,8,32800,32767,00000,00000
BCN,6345,0862,063765,2,8,002457,2,8,32800,32767,00000,00000
BCN,6346,0782,063765,2,8,002457,2,8,32800,32767,00000,00000
BCN,6347,0799,063765,2,8,002457,2,8,32800,32767,00000,00000
BCN,6348,0783,067809,2,9,002591,2,9,32800,32768,00000,00000
BCN,6349,0826,067809,2,9,002591,2,9,32800,32768,00000,00000
BCN,6350,0866,067809,2,9,002591,2,9,32800,32768,00000,00000
BCN,6351,0863,067809,2,9,002591,2,9,32800,32768,00000,00000
BCN,6352,0802,067809,2,9,002591,2,9,32800,32768,00000,00000
BCN,6353,0794,067809,2,9,002591,2,9,32800,32768,00000,00000
BCN,6354,0794,067809,2,9,002591,2,9,32800,32768,00000,00000
BCN,6355,0780,061717,2,8,002705,2,9,32800,32768,00000,00000
BCN,6356,0861,061717,2,8,002705,2,9,32800,32768,00000,00000
BCN,6357,0863,061717,2,8,002705,2,9,32800,32768,00000,00000
BCN,6358,0864,061717,2,8,002705,2,9,32800,32768,00000,00000
BCN,6359,0861,061717,2,8,002705,2,9,32800,32768,00000,00000
BCN,6360,0867,061717,2,8,002705,2,9,32800,32768,00000,00000
BCN,6361,0780,063765,2,8,002733,2,9,32799,32768,00000,00000
BCN,6362,0783,063765,2,8,002733,2,9,32799,32768,00000,00000
BCN,6363,0862,063765,2,8,002733,2,9,32799,32768,00000,00000
BCN,6364,0783,063765,2,8,002733,2,9,32799,32768,00000,00000
BCN,6365,0779,063765,2,8,002733,2,9,32799,32768,00000,00000
BCN,6366,0866,063765,2,8,002733,2,9,32799,32768,00000,00000
BCN,6367,0779,061574,2,8,002683,2,9,32800,32768,00000,00000
BCN,6368,0782,061574,2,8,002683,2,9,32800,32768,00000,00000
BCN,6369,0778,061574,2,8,002683,2,9,32800,32768,00000,00000
BCN,6370,0782,061574,2,8,002683,2,9,32800,32768,00000,00000
BCN,6371,0778,061574,2,8,002683,2,9,32800,32768,00000,00000
BCN,6372,0864,061574,2,8,002683,2,9,32800,32768,00000,00000
BCN,6373,0861,061652,2,8,002591,2,9,32800,32768,00000,00000
BCN,6374,0850,061652,2,8,002591,2,9,32800,32768,00000,00000
BCN,6375,0777,061652,2,8,002591,2,9,32800,32768,00000,00000
BCN,6376,0821,061652,2,8,002591,2,9,32800,32768,00000,00000
BCN,6377,0808,061652,2,8,002591,2,9,32800,32768,00000,00000
BCN,6378,0863,061652,2,8,002591,2,9,32800,32768,00000,00000
BCN,6379,0844,063713,2,8,002429,2,8,32799,32767,00000,00000
BCN,6380,0863,063713,2,8,002429,2,8,32799,32767,00000,00000
BCN,6381,0787,063713,2,8,002429,2,8,32799,32767,00000,00000
BCN,6382,0863,063713,2,8,002429,2,8,32799,32767,00000,00000
BCN,6383,0854,063713,2,8,002429,2,8,32799,32767,00000,00000
BCN,6384,0859,063713,2,8,002429,2,8,32799,32767,00000,00000
BCN,6385,0776,061535,2,8,002610,2,9,32800,32768,00000,00000
BCN,6386,0860,061535,2,8,002610,2,9,32800,32768,00000,00000
BCN,6387,0859,061535,2,8,002610,2,9,32800,32768,00000,00000
BCN,6388,0863,061535,2,8,002610,2,9,32800,32768,00000,00000
BCN,6389,0777,061535,2,8,002610,2,9,32800,32768,00000,00000
BCN,6390,0781,061535,2,8,002610,2,9,32800,32768,00000,00000
BCN,6391,0777,061535,2,8,002610,2,9,32800,32768,00000,00000
BCN,6392,0780,061626,2,8,002723,2,9,32800,32768,00000,00000
BCN,6393,0859,061626,2,8,002723,2,9,32800,32768,00000,00000
BCN,6394,0863,061626,2,8,002723,2,9,32800,32768,00000,00000
BCN,6395,0859,061626,2,8,002723,2,9,32800,32768,00000,00000
BCN,6396,0863,061626,2,8,002723,2,9,32800,32768,00000,00000
BCN,6397,0860,061626,2,8,002723,2,9,32800,32768,00000,00000
BCN,6398,0780,063687,2,8,002725,2,9,32799,32768,00000,00000
BCN,6399,0777,063687,2,8,002725,2,9,32799,32768,00000,00000
BCN,6400,0864,063687,2,8,002725,2,9,32799,32768,00000,00000
BCN,6401,0799,063687,2,8,002725,2,9,32799,32768,00000,00000
BCN,6402,0819,063687,2,8,002725,2,9,32799,32768,00000,00000
BCN,6403,0861,063687,2,8,002725,2,9,32799,32768,00000,00000
BCN,6404,0782,059604,2,8,002670,2,9,32799,32768,00000,00000
BCN,6405,0779,059604,2,8,002670,2,9,32799,32768,00000,00000
BCN,6406,0851,059604,2,8,002670,2,9,32799,32768,00000,00000
BCN,6407,0779,059604,2,8,002670,2,9,32799,32768,00000,00000
BCN,6408,0783,059604,2,8,002670,2,9,32799,32768,00000,00000
BCN,6409,0862,059604,2,8,002670,2,9,32799,32768,00000,00000
BCN,6410,0789,069909,2,9,002551,2,9,32800,32768,00000,00000
BCN,6411,0784,069909,2,9,002551,2,9,32800,32768,00000,00000
BCN,6412,0783,069909,2,9,002551,2,9,32800,32768,00000,00000
BCN,6413,0783,069909,2,9,002551,2,9,32800,32768,00000,00000
BCN,6414,0786,069909,2,9,002551,2,9,32800,32768,00000,00000
BCN,6415,0863,069909,2,9,002551,2,9,32800,32768,00000,00000
BCN,6416,0866,063739,2,8,002374,2,8,32800,32768,00000,00000
BCN,6417,0863,063739,2,8,002374,2,8,32800,32768,00000,00000
BCN,6418,0784,063739,2,8,002374,2,8,32800,32768,00000,00000
BCN,6419,0863,063739,2,8,002374,2,8,32800,32768,00000,00000
BCN,6420,0866,063739,2,8,002374,2,8,32800,32768,00000,00000
BCN,6421,0862,063739,2,8,002374,2,8,32800,32768,00000,00000
BCN,6422,0783,067783,2,9,002516,2,9,32800,32767,00000,00000
BCN,6423,0862,067783,2,9,002516,2,9,32800,32767,00000,00000
BCN,6424,0866,067783,2,9,002516,2,9,32800,32767,00000,00000
BCN,6425,0862,067783,2,9,002516,2,9,32800,32767,00000,00000
BCN,6426,0782,067783,2,9,002516,2,9,32800,32767,00000,00000
BCN,6427,0798,067783,2,9,002516,2,9,32800,32767,00000,00000
BCN,6428,0781,067783,2,9,002516,2,9,32800,32767,00000,00000
BCN,6429,0820,061691,2,8,002550,2,9,32800,32768,00000,00000
BCN,6430,0864,061691,2,8,002550,2,9,32800,32768,00000,00000
BCN,6431,0861,061691,2,8,002550,2,9,32800,32768,00000,00000
BCN,6432,0800,061691,2,8,002550,2,9,32800,32768,00000,00000
BCN,6433,0792,061691,2,8,002550,2,9,32800,32768,00000,00000
BCN,6434,0792,061691,2,8,002550,2,9,32800,32768,00000,00000
BCN,6435,0776,063752,2,8,002742,2,9,32799,32768,00000,00000
BCN,6436,0858,063752,2,8,002742,2,9,32799,32768,00000,00000
BCN,6437,0860,063752,2,8,002742,2,9,32799,32768,00000,00000
BCN,6438,0860,063752,2,8,002742,2,9,32799,32768,00000,00000
BCN,6439,0857,063752,2,8,002742,2,9,32799,32768,00000,00000
BCN,6440,0863,063752,2,8,002742,2,9,32799,32768,00000,00000
BCN,6441,0776,059643,2,8,002725,2,9,32799,32768,00000,00000
BCN,6442,0779,059643,2,8,002725,2,9,32799,32768,00000,00000
BCN,6443,0859,059643,2,8,002725,2,9,32799,32768,00000,00000
BCN,6444,0779,059643,2,8,002725,2,9,32799,32768,00000,00000
BCN,6445,0776,059643,2,8,002725,2,9,32799,32768,00000,00000
BCN,6446,0863,059643,2,8,002725,2,9,32799,32768,00000,00000
BCN,6447,0777,069935,2,9,002632,2,9,32800,32768,00000,00000
BCN,6448,0780,069935,2,9,002632,2,9,32800,32768,00000,00000
BCN,6449,0776,069935,2,9,002632,2,9,32800,32768,00000,00000
BCN,6450,0780,069935,2,9,002632,2,9,32800,32768,00000,00000
BCN,6451,0777,069935,2,9,002632,2,9,32800,32768,00000,00000
BCN,6452,0863,069935,2,9,002632,2,9,32800,32768,00000,00000
BCN,6453,0860,063752,2,8,002486,2,9,32800,32768,00000,00000
BCN,6454,0861,063752,2,8,002486,2,9,32800,32768,00000,00000
BCN,6455,0777,063752,2,8,002486,2,9,32800,32768,00000,00000
BCN,6456,0830,063752,2,8,002486,2,9,32800,32768,00000,00000
BCN,6457,0815,063752,2,8,002486,2,9,32800,32768,00000,00000
BCN,6458,0864,063752,2,8,002486,2,9,32800,32768,00000,00000
BCN,6459,0842,063908,2,8,002342,2,8,32800,32767,00000,00000
BCN,6460,0865,063908,2,8,002342,2,8,32800,32767,00000,00000
BCN,6461,0792,063908,2,8,002342,2,8,32800,32767,00000,00000
BCN,6462,0865,063908,2,8,002342,2,8,32800,32767,00000,00000
