<?xml version="1.0" encoding="UTF-8"?>
<gpx creator="blackbox_decode v8.0.0 INAV c4f2026" version="1.1" xmlns="http://www.topografix.com/GPX/1/1" xmlns:xsi="http://www.w3.org/2001/XMLSchema-instance" xsi:schemaLocation="http://www.topografix.com/GPX/1/1 http://www.topografix.com/GPX/1/1/gpx.xsd">
<metadata><name>Blackbox flight log</name>
 <link href="https://github.com/iNavFlight/blackbox-tools">
 <text>INAV Blackbox Tools</text>
 </link>
</metadata>
<trk><name>Blackbox flight log</name><trkseg>
  <trkpt lat="37.4117797" lon="-121.9949636"><ele>1</ele><time>2026-09-05T17:41:38.262596Z</time></trkpt>
  <trkpt lat="37.4117797" lon="-121.9949636"><ele>1</ele><time>2026-09-05T17:41:38.270688Z</time></trkpt>
  <trkpt lat="37.4117798" lon="-121.9949636"><ele>1</ele><time>2026-09-05T17:41:38.347112Z</time></trkpt>
  <trkpt lat="37.4117797" lon="-121.9949638"><ele>1</ele><time>2026-09-05T17:41:38.447210Z</time></trkpt>
  <trkpt lat="37.4117798" lon="-121.9949638"><ele>1</ele><time>2026-09-05T17:41:38.547674Z</time></trkpt>
  <trkpt lat="37.4117800" lon="-121.9949638"><ele>1</ele><time>2026-09-05T17:41:38.749226Z</time></trkpt>
  <trkpt lat="37.4117801" lon="-121.9949639"><ele>1</ele><time>2026-09-05T17:41:38.850160Z</time></trkpt>
  <trkpt lat="37.4117802" lon="-121.9949639"><ele>1</ele><time>2026-09-05T17:41:38.951761Z</time></trkpt>
  <trkpt lat="37.4117803" lon="-121.9949638"><ele>1</ele><time>2026-09-05T17:41:39.052458Z</time></trkpt>
  <trkpt lat="37.4117804" lon="-121.9949636"><ele>1</ele><time>2026-09-05T17:41:39.153180Z</time></trkpt>
  <trkpt lat="37.4117805" lon="-121.9949634"><ele>1</ele><time>2026-09-05T17:41:39.253249Z</time></trkpt>
  <trkpt lat="37.4117805" lon="-121.9949633"><ele>1</ele><time>2026-09-05T17:41:39.353995Z</time></trkpt>
  <trkpt lat="37.4117806" lon="-121.9949632"><ele>1</ele><time>2026-09-05T17:41:39.454303Z</time></trkpt>
  <trkpt lat="37.4117807" lon="-121.9949632"><ele>0</ele><time>2026-09-05T17:41:39.555339Z</time></trkpt>
  <trkpt lat="37.4117808" lon="-121.9949631"><ele>0</ele><time>2026-09-05T17:41:39.635592Z</time></trkpt>
  <trkpt lat="37.4117809" lon="-121.9949630"><ele>0</ele><time>2026-09-05T17:41:39.756298Z</time></trkpt>
  <trkpt lat="37.4117810" lon="-121.9949629"><ele>0</ele><time>2026-09-05T17:41:39.836524Z</time></trkpt>
  <trkpt lat="37.4117812" lon="-121.9949629"><ele>0</ele><time>2026-09-05T17:41:39.937271Z</time></trkpt>
  <trkpt lat="37.4117814" lon="-121.9949629"><ele>0</ele><time>2026-09-05T17:41:40.037781Z</time></trkpt>
  <trkpt lat="37.4117815" lon="-121.9949629"><ele>0</ele><time>2026-09-05T17:41:40.138144Z</time></trkpt>
  <trkpt lat="37.4117817" lon="-121.9949630"><ele>0</ele><time>2026-09-05T17:41:40.239230Z</time></trkpt>
  <trkpt lat="37.4117821" lon="-121.9949630"><ele>0</ele><time>2026-09-05T17:41:40.339083Z</time></trkpt>
  <trkpt lat="37.4117821" lon="-121.9949630"><ele>0</ele><time>2026-09-05T17:41:40.412968Z</time></trkpt>
  <trkpt lat="37.4117824" lon="-121.9949630"><ele>0</ele><time>2026-09-05T17:41:40.439582Z</time></trkpt>
  <trkpt lat="37.4117825" lon="-121.9949630"><ele>0</ele><time>2026-09-05T17:41:40.540591Z</time></trkpt>
  <trkpt lat="37.4117825" lon="-121.9949629"><ele>0</ele><time>2026-09-05T17:41:40.641217Z</time></trkpt>
  <trkpt lat="37.4117825" lon="-121.9949628"><ele>0</ele><time>2026-09-05T17:41:40.943294Z</time></trkpt>
  <trkpt lat="37.4117824" lon="-121.9949627"><ele>0</ele><time>2026-09-05T17:41:41.043500Z</time></trkpt>
  <trkpt lat="37.4117824" lon="-121.9949626"><ele>0</ele><time>2026-09-05T17:41:41.143948Z</time></trkpt>
  <trkpt lat="37.4117822" lon="-121.9949625"><ele>0</ele><time>2026-09-05T17:41:41.244762Z</time></trkpt>
  <trkpt lat="37.4117821" lon="-121.9949625"><ele>0</ele><time>2026-09-05T17:41:41.344995Z</time></trkpt>
  <trkpt lat="37.4117819" lon="-121.9949623"><ele>0</ele><time>2026-09-05T17:41:41.445829Z</time></trkpt>
  <trkpt lat="37.4117818" lon="-121.9949621"><ele>0</ele><time>2026-09-05T17:41:41.546818Z</time></trkpt>
  <trkpt lat="37.4117816" lon="-121.9949619"><ele>0</ele><time>2026-09-05T17:41:41.647812Z</time></trkpt>
  <trkpt lat="37.4117815" lon="-121.9949616"><ele>0</ele><time>2026-09-05T17:41:41.748102Z</time></trkpt>
  <trkpt lat="37.4117814" lon="-121.9949614"><ele>0</ele><time>2026-09-05T17:41:41.848632Z</time></trkpt>
  <trkpt lat="37.4117811" lon="-121.9949612"><ele>0</ele><time>2026-09-05T17:41:41.949494Z</time></trkpt>
  <trkpt lat="37.4117810" lon="-121.9949611"><ele>0</ele><time>2026-09-05T17:41:42.050183Z</time></trkpt>
  <trkpt lat="37.4117809" lon="-121.9949610"><ele>0</ele><time>2026-09-05T17:41:42.151000Z</time></trkpt>
  <trkpt lat="37.4117808" lon="-121.9949609"><ele>0</ele><time>2026-09-05T17:41:42.352164Z</time></trkpt>
  <trkpt lat="37.4117807" lon="-121.9949608"><ele>0</ele><time>2026-09-05T17:41:42.432743Z</time></trkpt>
  <trkpt lat="37.4117807" lon="-121.9949608"><ele>0</ele><time>2026-09-05T17:41:42.532345Z</time></trkpt>
  <trkpt lat="37.4117804" lon="-121.9949605"><ele>0</ele><time>2026-09-05T17:41:42.533363Z</time></trkpt>
  <trkpt lat="37.4117801" lon="-121.9949603"><ele>0</ele><time>2026-09-05T17:41:42.634149Z</time></trkpt>
  <trkpt lat="37.4117799" lon="-121.9949600"><ele>1</ele><time>2026-09-05T17:41:42.735185Z</time></trkpt>
  <trkpt lat="37.4117797" lon="-121.9949598"><ele>1</ele><time>2026-09-05T17:41:42.835663Z</time></trkpt>
  <trkpt lat="37.4117795" lon="-121.9949596"><ele>1</ele><time>2026-09-05T17:41:42.936564Z</time></trkpt>
  <trkpt lat="37.4117792" lon="-121.9949593"><ele>1</ele><time>2026-09-05T17:41:43.037360Z</time></trkpt>
  <trkpt lat="37.4117790" lon="-121.9949592"><ele>1</ele><time>2026-09-05T17:41:43.138117Z</time></trkpt>
  <trkpt lat="37.4117788" lon="-121.9949590"><ele>1</ele><time>2026-09-05T17:41:43.238435Z</time></trkpt>
  <trkpt lat="37.4117786" lon="-121.9949589"><ele>1</ele><time>2026-09-05T17:41:43.339220Z</time></trkpt>
  <trkpt lat="37.4117785" lon="-121.9949589"><ele>1</ele><time>2026-09-05T17:41:43.439908Z</time></trkpt>
  <trkpt lat="37.4117784" lon="-121.9949589"><ele>1</ele><time>2026-09-05T17:41:43.540138Z</time></trkpt>
  <trkpt lat="37.4117782" lon="-121.9949587"><ele>1</ele><time>2026-09-05T17:41:43.741159Z</time></trkpt>
  <trkpt lat="37.4117780" lon="-121.9949587"><ele>1</ele><time>2026-09-05T17:41:43.841649Z</time></trkpt>
  <trkpt lat="37.4117779" lon="-121.9949585"><ele>1</ele><time>2026-09-05T17:41:43.941847Z</time></trkpt>
  <trkpt lat="37.4117777" lon="-121.9949583"><ele>1</ele><time>2026-09-05T17:41:44.042304Z</time></trkpt>
  <trkpt lat="37.4117776" lon="-121.9949582"><ele>1</ele><time>2026-09-05T17:41:44.142988Z</time></trkpt>
  <trkpt lat="37.4117775" lon="-121.9949582"><ele>1</ele><time>2026-09-05T17:41:44.243841Z</time></trkpt>
  <trkpt lat="37.4117773" lon="-121.9949581"><ele>1</ele><time>2026-09-05T17:41:44.344901Z</time></trkpt>
  <trkpt lat="37.4117771" lon="-121.9949579"><ele>1</ele><time>2026-09-05T17:41:44.446478Z</time></trkpt>
  <trkpt lat="37.4117766" lon="-121.9949574"><ele>1</ele><time>2026-09-05T17:41:44.546746Z</time></trkpt>
  <trkpt lat="37.4117764" lon="-121.9949571"><ele>1</ele><time>2026-09-05T17:41:44.647483Z</time></trkpt>
  <trkpt lat="37.4117764" lon="-121.9949571"><ele>1</ele><time>2026-09-05T17:41:44.652648Z</time></trkpt>
  <trkpt lat="37.4117763" lon="-121.9949570"><ele>1</ele><time>2026-09-05T17:41:44.748168Z</time></trkpt>
  <trkpt lat="37.4117760" lon="-121.9949567"><ele>1</ele><time>2026-09-05T17:41:44.848342Z</time></trkpt>
  <trkpt lat="37.4117758" lon="-121.9949565"><ele>1</ele><time>2026-09-05T17:41:44.948445Z</time></trkpt>
  <trkpt lat="37.4117756" lon="-121.9949564"><ele>1</ele><time>2026-09-05T17:41:45.049156Z</time></trkpt>
  <trkpt lat="37.4117754" lon="-121.9949565"><ele>1</ele><time>2026-09-05T17:41:45.149997Z</time></trkpt>
  <trkpt lat="37.4117753" lon="-121.9949566"><ele>1</ele><time>2026-09-05T17:41:45.230281Z</time></trkpt>
  <trkpt lat="37.4117751" lon="-121.9949566"><ele>1</ele><time>2026-09-05T17:41:45.431550Z</time></trkpt>
  <trkpt lat="37.4117750" lon="-121.9949566"><ele>2</ele><time>2026-09-05T17:41:45.532078Z</time></trkpt>
  <trkpt lat="37.4117749" lon="-121.9949567"><ele>2</ele><time>2026-09-05T17:41:45.632370Z</time></trkpt>
  <trkpt lat="37.4117749" lon="-121.9949568"><ele>2</ele><time>2026-09-05T17:41:45.733193Z</time></trkpt>
  <trkpt lat="37.4117748" lon="-121.9949570"><ele>2</ele><time>2026-09-05T17:41:45.834390Z</time></trkpt>
  <trkpt lat="37.4117747" lon="-121.9949572"><ele>2</ele><time>2026-09-05T17:41:45.935019Z</time></trkpt>
  <trkpt lat="37.4117746" lon="-121.9949576"><ele>2</ele><time>2026-09-05T17:41:46.035663Z</time></trkpt>
  <trkpt lat="37.4117743" lon="-121.9949577"><ele>2</ele><time>2026-09-05T17:41:46.136092Z</time></trkpt>
  <trkpt lat="37.4117742" lon="-121.9949578"><ele>2</ele><time>2026-09-05T17:41:46.236566Z</time></trkpt>
  <trkpt lat="37.4117740" lon="-121.9949577"><ele>2</ele><time>2026-09-05T17:41:46.337080Z</time></trkpt>
  <trkpt lat="37.4117738" lon="-121.9949577"><ele>2</ele><time>2026-09-05T17:41:46.437798Z</time></trkpt>
  <trkpt lat="37.4117733" lon="-121.9949577"><ele>2</ele><time>2026-09-05T17:41:46.538153Z</time></trkpt>
  <trkpt lat="37.4117728" lon="-121.9949575"><ele>2</ele><time>2026-09-05T17:41:46.638851Z</time></trkpt>
  <trkpt lat="37.4117722" lon="-121.9949571"><ele>2</ele><time>2026-09-05T17:41:46.739944Z</time></trkpt>
  <trkpt lat="37.4117722" lon="-121.9949571"><ele>2</ele><time>2026-09-05T17:41:46.776230Z</time></trkpt>
  <trkpt lat="37.4117721" lon="-121.9949567"><ele>1</ele><time>2026-09-05T17:41:46.840575Z</time></trkpt>
  <trkpt lat="37.4117721" lon="-121.9949563"><ele>1</ele><time>2026-09-05T17:41:46.942037Z</time></trkpt>
  <trkpt lat="37.4117728" lon="-121.9949565"><ele>1</ele><time>2026-09-05T17:41:47.042474Z</time></trkpt>
  <trkpt lat="37.4117747" lon="-121.9949572"><ele>1</ele><time>2026-09-05T17:41:47.143273Z</time></trkpt>
  <trkpt lat="37.4117783" lon="-121.9949588"><ele>1</ele><time>2026-09-05T17:41:47.243627Z</time></trkpt>
  <trkpt lat="37.4117829" lon="-121.9949607"><ele>2</ele><time>2026-09-05T17:41:47.344119Z</time></trkpt>
  <trkpt lat="37.4117877" lon="-121.9949627"><ele>2</ele><time>2026-09-05T17:41:47.445293Z</time></trkpt>
  <trkpt lat="37.4117930" lon="-121.9949641"><ele>3</ele><time>2026-09-05T17:41:47.545746Z</time></trkpt>
  <trkpt lat="37.4117981" lon="-121.9949652"><ele>3</ele><time>2026-09-05T17:41:47.647585Z</time></trkpt>
  <trkpt lat="37.4118032" lon="-121.9949659"><ele>3</ele><time>2026-09-05T17:41:47.728351Z</time></trkpt>
  <trkpt lat="37.4118079" lon="-121.9949665"><ele>4</ele><time>2026-09-05T17:41:47.829231Z</time></trkpt>
  <trkpt lat="37.4118126" lon="-121.9949673"><ele>5</ele><time>2026-09-05T17:41:47.930574Z</time></trkpt>
  <trkpt lat="37.4118175" lon="-121.9949682"><ele>5</ele><time>2026-09-05T17:41:48.030941Z</time></trkpt>
  <trkpt lat="37.4118220" lon="-121.9949694"><ele>6</ele><time>2026-09-05T17:41:48.131092Z</time></trkpt>
  <trkpt lat="37.4118270" lon="-121.9949704"><ele>7</ele><time>2026-09-05T17:41:48.231341Z</time></trkpt>
  <trkpt lat="37.4118325" lon="-121.9949712"><ele>7</ele><time>2026-09-05T17:41:48.331841Z</time></trkpt>
  <trkpt lat="37.4118388" lon="-121.9949720"><ele>8</ele><time>2026-09-05T17:41:48.432881Z</time></trkpt>
  <trkpt lat="37.4118458" lon="-121.9949728"><ele>8</ele><time>2026-09-05T17:41:48.533558Z</time></trkpt>
  <trkpt lat="37.4118533" lon="-121.9949737"><ele>8</ele><time>2026-09-05T17:41:48.633420Z</time></trkpt>
  <trkpt lat="37.4118611" lon="-121.9949747"><ele>8</ele><time>2026-09-05T17:41:48.734357Z</time></trkpt>
  <trkpt lat="37.4118692" lon="-121.9949757"><ele>9</ele><time>2026-09-05T17:41:48.835586Z</time></trkpt>
  <trkpt lat="37.4118692" lon="-121.9949757"><ele>9</ele><time>2026-09-05T17:41:48.918049Z</time></trkpt>
  <trkpt lat="37.4118764" lon="-121.9949769"><ele>9</ele><time>2026-09-05T17:41:48.935889Z</time></trkpt>
  <trkpt lat="37.4118827" lon="-121.9949783"><ele>10</ele><time>2026-09-05T17:41:49.036255Z</time></trkpt>
  <trkpt lat="37.4118892" lon="-121.9949793"><ele>10</ele><time>2026-09-05T17:41:49.136946Z</time></trkpt>
  <trkpt lat="37.4118962" lon="-121.9949804"><ele>11</ele><time>2026-09-05T17:41:49.237495Z</time></trkpt>
  <trkpt lat="37.4119041" lon="-121.9949813"><ele>11</ele><time>2026-09-05T17:41:49.338155Z</time></trkpt>
  <trkpt lat="37.4119125" lon="-121.9949821"><ele>12</ele><time>2026-09-05T17:41:49.438607Z</time></trkpt>
  <trkpt lat="37.4119211" lon="-121.9949825"><ele>12</ele><time>2026-09-05T17:41:49.539375Z</time></trkpt>
  <trkpt lat="37.4119295" lon="-121.9949832"><ele>13</ele><time>2026-09-05T17:41:49.639617Z</time></trkpt>
  <trkpt lat="37.4119376" lon="-121.9949840"><ele>13</ele><time>2026-09-05T17:41:49.741222Z</time></trkpt>
  <trkpt lat="37.4119458" lon="-121.9949849"><ele>14</ele><time>2026-09-05T17:41:49.841603Z</time></trkpt>
  <trkpt lat="37.4119540" lon="-121.9949858"><ele>14</ele><time>2026-09-05T17:41:49.942497Z</time></trkpt>
  <trkpt lat="37.4119620" lon="-121.9949870"><ele>15</ele><time>2026-09-05T17:41:50.042739Z</time></trkpt>
  <trkpt lat="37.4119698" lon="-121.9949885"><ele>16</ele><time>2026-09-05T17:41:50.143369Z</time></trkpt>
  <trkpt lat="37.4119774" lon="-121.9949901"><ele>17</ele><time>2026-09-05T17:41:50.224392Z</time></trkpt>
  <trkpt lat="37.4119851" lon="-121.9949918"><ele>18</ele><time>2026-09-05T17:41:50.325420Z</time></trkpt>
  <trkpt lat="37.4119930" lon="-121.9949935"><ele>18</ele><time>2026-09-05T17:41:50.425582Z</time></trkpt>
  <trkpt lat="37.4120010" lon="-121.9949950"><ele>19</ele><time>2026-09-05T17:41:50.526264Z</time></trkpt>
  <trkpt lat="37.4120094" lon="-121.9949964"><ele>20</ele><time>2026-09-05T17:41:50.627584Z</time></trkpt>
  <trkpt lat="37.4120179" lon="-121.9949979"><ele>20</ele><time>2026-09-05T17:41:50.728385Z</time></trkpt>
  <trkpt lat="37.4120266" lon="-121.9949993"><ele>21</ele><time>2026-09-05T17:41:50.828794Z</time></trkpt>
  <trkpt lat="37.4120352" lon="-121.9950008"><ele>22</ele><time>2026-09-05T17:41:50.929779Z</time></trkpt>
  <trkpt lat="37.4120438" lon="-121.9950024"><ele>22</ele><time>2026-09-05T17:41:51.030078Z</time></trkpt>
  <trkpt lat="37.4120438" lon="-121.9950024"><ele>22</ele><time>2026-09-05T17:41:51.053823Z</time></trkpt>
  <trkpt lat="37.4120523" lon="-121.9950039"><ele>23</ele><time>2026-09-05T17:41:51.131028Z</time></trkpt>
  <trkpt lat="37.4120608" lon="-121.9950055"><ele>24</ele><time>2026-09-05T17:41:51.231830Z</time></trkpt>
  <trkpt lat="37.4120698" lon="-121.9950069"><ele>24</ele><time>2026-09-05T17:41:51.332420Z</time></trkpt>
  <trkpt lat="37.4120787" lon="-121.9950080"><ele>25</ele><time>2026-09-05T17:41:51.432566Z</time></trkpt>
  <trkpt lat="37.4120877" lon="-121.9950087"><ele>26</ele><time>2026-09-05T17:41:51.533266Z</time></trkpt>
  <trkpt lat="37.4120967" lon="-121.9950095"><ele>26</ele><time>2026-09-05T17:41:51.633807Z</time></trkpt>
  <trkpt lat="37.4121055" lon="-121.9950103"><ele>27</ele><time>2026-09-05T17:41:51.734199Z</time></trkpt>
  <trkpt lat="37.4121147" lon="-121.9950110"><ele>27</ele><time>2026-09-05T17:41:51.835285Z</time></trkpt>
  <trkpt lat="37.4121240" lon="-121.9950115"><ele>28</ele><time>2026-09-05T17:41:51.935853Z</time></trkpt>
  <trkpt lat="37.4121335" lon="-121.9950117"><ele>29</ele><time>2026-09-05T17:41:52.036318Z</time></trkpt>
  <trkpt lat="37.4121428" lon="-121.9950117"><ele>29</ele><time>2026-09-05T17:41:52.136804Z</time></trkpt>
  <trkpt lat="37.4121521" lon="-121.9950114"><ele>30</ele><time>2026-09-05T17:41:52.237606Z</time></trkpt>
  <trkpt lat="37.4121613" lon="-121.9950111"><ele>31</ele><time>2026-09-05T17:41:52.338692Z</time></trkpt>
  <trkpt lat="37.4121707" lon="-121.9950109"><ele>31</ele><time>2026-09-05T17:41:52.439432Z</time></trkpt>
  <trkpt lat="37.4121800" lon="-121.9950104"><ele>32</ele><time>2026-09-05T17:41:52.540434Z</time></trkpt>
  <trkpt lat="37.4121897" lon="-121.9950096"><ele>33</ele><time>2026-09-05T17:41:52.640998Z</time></trkpt>
  <trkpt lat="37.4121992" lon="-121.9950090"><ele>33</ele><time>2026-09-05T17:41:52.741833Z</time></trkpt>
  <trkpt lat="37.4122087" lon="-121.9950084"><ele>34</ele><time>2026-09-05T17:41:52.822302Z</time></trkpt>
  <trkpt lat="37.4122184" lon="-121.9950078"><ele>35</ele><time>2026-09-05T17:41:52.923232Z</time></trkpt>
  <trkpt lat="37.4122279" lon="-121.9950071"><ele>35</ele><time>2026-09-05T17:41:53.023759Z</time></trkpt>
  <trkpt lat="37.4122375" lon="-121.9950063"><ele>36</ele><time>2026-09-05T17:41:53.124321Z</time></trkpt>
  <trkpt lat="37.4122375" lon="-121.9950063"><ele>36</ele><time>2026-09-05T17:41:53.188608Z</time></trkpt>
  <trkpt lat="37.4122470" lon="-121.9950058"><ele>37</ele><time>2026-09-05T17:41:53.225354Z</time></trkpt>
  <trkpt lat="37.4122563" lon="-121.9950055"><ele>37</ele><time>2026-09-05T17:41:53.326115Z</time></trkpt>
  <trkpt lat="37.4122665" lon="-121.9950049"><ele>38</ele><time>2026-09-05T17:41:53.426808Z</time></trkpt>
  <trkpt lat="37.4122779" lon="-121.9950043"><ele>38</ele><time>2026-09-05T17:41:53.527234Z</time></trkpt>
  <trkpt lat="37.4122895" lon="-121.9950038"><ele>39</ele><time>2026-09-05T17:41:53.627885Z</time></trkpt>
  <trkpt lat="37.4123013" lon="-121.9950033"><ele>39</ele><time>2026-09-05T17:41:53.728160Z</time></trkpt>
  <trkpt lat="37.4123129" lon="-121.9950035"><ele>39</ele><time>2026-09-05T17:41:53.828645Z</time></trkpt>
  <trkpt lat="37.4123239" lon="-121.9950048"><ele>40</ele><time>2026-09-05T17:41:53.929062Z</time></trkpt>
  <trkpt lat="37.4123334" lon="-121.9950079"><ele>41</ele><time>2026-09-05T17:41:54.029559Z</time></trkpt>
  <trkpt lat="37.4123420" lon="-121.9950121"><ele>41</ele><time>2026-09-05T17:41:54.130199Z</time></trkpt>
  <trkpt lat="37.4123502" lon="-121.9950171"><ele>42</ele><time>2026-09-05T17:41:54.230207Z</time></trkpt>
  <trkpt lat="37.4123584" lon="-121.9950225"><ele>43</ele><time>2026-09-05T17:41:54.330698Z</time></trkpt>
  <trkpt lat="37.4123664" lon="-121.9950282"><ele>44</ele><time>2026-09-05T17:41:54.431479Z</time></trkpt>
  <trkpt lat="37.4123741" lon="-121.9950342"><ele>45</ele><time>2026-09-05T17:41:54.532444Z</time></trkpt>
  <trkpt lat="37.4123824" lon="-121.9950402"><ele>46</ele><time>2026-09-05T17:41:54.632946Z</time></trkpt>
  <trkpt lat="37.4123905" lon="-121.9950463"><ele>46</ele><time>2026-09-05T17:41:54.733386Z</time></trkpt>
  <trkpt lat="37.4123986" lon="-121.9950525"><ele>47</ele><time>2026-09-05T17:41:54.833988Z</time></trkpt>
  <trkpt lat="37.4124067" lon="-121.9950588"><ele>48</ele><time>2026-09-05T17:41:54.934490Z</time></trkpt>
  <trkpt lat="37.4124153" lon="-121.9950650"><ele>49</ele><time>2026-09-05T17:41:55.035489Z</time></trkpt>
  <trkpt lat="37.4124243" lon="-121.9950714"><ele>49</ele><time>2026-09-05T17:41:55.135579Z</time></trkpt>
  <trkpt lat="37.4124337" lon="-121.9950780"><ele>50</ele><time>2026-09-05T17:41:55.236133Z</time></trkpt>
  <trkpt lat="37.4124436" lon="-121.9950848"><ele>50</ele><time>2026-09-05T17:41:55.336423Z</time></trkpt>
  <trkpt lat="37.4124436" lon="-121.9950848"><ele>50</ele><time>2026-09-05T17:41:55.348051Z</time></trkpt>
  <trkpt lat="37.4124540" lon="-121.9950915"><ele>50</ele><time>2026-09-05T17:41:55.436678Z</time></trkpt>
  <trkpt lat="37.4124645" lon="-121.9950983"><ele>51</ele><time>2026-09-05T17:41:55.537245Z</time></trkpt>
  <trkpt lat="37.4124753" lon="-121.9951051"><ele>51</ele><time>2026-09-05T17:41:55.637594Z</time></trkpt>
  <trkpt lat="37.4124863" lon="-121.9951115"><ele>51</ele><time>2026-09-05T17:41:55.737957Z</time></trkpt>
  <trkpt lat="37.4124978" lon="-121.9951176"><ele>51</ele><time>2026-09-05T17:41:55.838456Z</time></trkpt>
  <trkpt lat="37.4125096" lon="-121.9951227"><ele>52</ele><time>2026-09-05T17:41:55.938817Z</time></trkpt>
  <trkpt lat="37.4125218" lon="-121.9951271"><ele>52</ele><time>2026-09-05T17:41:56.018963Z</time></trkpt>
  <trkpt lat="37.4125341" lon="-121.9951307"><ele>52</ele><time>2026-09-05T17:41:56.119504Z</time></trkpt>
  <trkpt lat="37.4125468" lon="-121.9951336"><ele>53</ele><time>2026-09-05T17:41:56.219860Z</time></trkpt>
  <trkpt lat="37.4125598" lon="-121.9951355"><ele>53</ele><time>2026-09-05T17:41:56.320639Z</time></trkpt>
  <trkpt lat="37.4125729" lon="-121.9951368"><ele>54</ele><time>2026-09-05T17:41:56.421634Z</time></trkpt>
  <trkpt lat="37.4125861" lon="-121.9951378"><ele>54</ele><time>2026-09-05T17:41:56.523103Z</time></trkpt>
  <trkpt lat="37.4125997" lon="-121.9951385"><ele>54</ele><time>2026-09-05T17:41:56.622974Z</time></trkpt>
  <trkpt lat="37.4126134" lon="-121.9951388"><ele>54</ele><time>2026-09-05T17:41:56.723331Z</time></trkpt>
  <trkpt lat="37.4126273" lon="-121.9951388"><ele>55</ele><time>2026-09-05T17:41:56.824350Z</time></trkpt>
  <trkpt lat="37.4126412" lon="-121.9951386"><ele>55</ele><time>2026-09-05T17:41:56.925047Z</time></trkpt>
  <trkpt lat="37.4126553" lon="-121.9951382"><ele>55</ele><time>2026-09-05T17:41:57.025287Z</time></trkpt>
  <trkpt lat="37.4126696" lon="-121.9951376"><ele>56</ele><time>2026-09-05T17:41:57.125343Z</time></trkpt>
  <trkpt lat="37.4126837" lon="-121.9951367"><ele>56</ele><time>2026-09-05T17:41:57.225993Z</time></trkpt>
  <trkpt lat="37.4126976" lon="-121.9951354"><ele>56</ele><time>2026-09-05T17:41:57.326298Z</time></trkpt>
  <trkpt lat="37.4127113" lon="-121.9951340"><ele>57</ele><time>2026-09-05T17:41:57.426419Z</time></trkpt>
  <trkpt lat="37.4127113" lon="-121.9951340"><ele>57</ele><time>2026-09-05T17:41:57.512734Z</time></trkpt>
  <trkpt lat="37.4127249" lon="-121.9951327"><ele>57</ele><time>2026-09-05T17:41:57.526802Z</time></trkpt>
  <trkpt lat="37.4127378" lon="-121.9951319"><ele>58</ele><time>2026-09-05T17:41:57.627541Z</time></trkpt>
  <trkpt lat="37.4127504" lon="-121.9951314"><ele>59</ele><time>2026-09-05T17:41:57.728605Z</time></trkpt>
  <trkpt lat="37.4127628" lon="-121.9951312"><ele>60</ele><time>2026-09-05T17:41:57.828628Z</time></trkpt>
  <trkpt lat="37.4127753" lon="-121.9951311"><ele>60</ele><time>2026-09-05T17:41:57.929018Z</time></trkpt>
  <trkpt lat="37.4127877" lon="-121.9951314"><ele>61</ele><time>2026-09-05T17:41:58.030179Z</time></trkpt>
  <trkpt lat="37.4128001" lon="-121.9951319"><ele>62</ele><time>2026-09-05T17:41:58.131163Z</time></trkpt>
  <trkpt lat="37.4128123" lon="-121.9951328"><ele>62</ele><time>2026-09-05T17:41:58.231791Z</time></trkpt>
  <trkpt lat="37.4128243" lon="-121.9951340"><ele>63</ele><time>2026-09-05T17:41:58.332626Z</time></trkpt>
  <trkpt lat="37.4128367" lon="-121.9951354"><ele>64</ele><time>2026-09-05T17:41:58.433763Z</time></trkpt>
  <trkpt lat="37.4128487" lon="-121.9951371"><ele>64</ele><time>2026-09-05T17:41:58.534198Z</time></trkpt>
  <trkpt lat="37.4128607" lon="-121.9951392"><ele>65</ele><time>2026-09-05T17:41:58.634847Z</time></trkpt>
  <trkpt lat="37.4128729" lon="-121.9951413"><ele>66</ele><time>2026-09-05T17:41:58.715711Z</time></trkpt>
  <trkpt lat="37.4128850" lon="-121.9951435"><ele>66</ele><time>2026-09-05T17:41:58.816286Z</time></trkpt>
  <trkpt lat="37.4128969" lon="-121.9951461"><ele>67</ele><time>2026-09-05T17:41:58.916840Z</time></trkpt>
  <trkpt lat="37.4129087" lon="-121.9951491"><ele>67</ele><time>2026-09-05T17:41:59.017757Z</time></trkpt>
  <trkpt lat="37.4129203" lon="-121.9951524"><ele>68</ele><time>2026-09-05T17:41:59.118475Z</time></trkpt>
  <trkpt lat="37.4129313" lon="-121.9951567"><ele>69</ele><time>2026-09-05T17:41:59.219052Z</time></trkpt>
  <trkpt lat="37.4129407" lon="-121.9951628"><ele>70</ele><time>2026-09-05T17:41:59.319569Z</time></trkpt>
  <trkpt lat="37.4129484" lon="-121.9951712"><ele>71</ele><time>2026-09-05T17:41:59.420342Z</time></trkpt>
  <trkpt lat="37.4129535" lon="-121.9951819"><ele>72</ele><time>2026-09-05T17:41:59.520983Z</time></trkpt>
  <trkpt lat="37.4129559" lon="-121.9951948"><ele>72</ele><time>2026-09-05T17:41:59.622414Z</time></trkpt>
  <trkpt lat="37.4129559" lon="-121.9951948"><ele>72</ele><time>2026-09-05T17:41:59.666252Z</time></trkpt>
  <trkpt lat="37.4129558" lon="-121.9952086"><ele>73</ele><time>2026-09-05T17:41:59.722916Z</time></trkpt>
  <trkpt lat="37.4129542" lon="-121.9952220"><ele>74</ele><time>2026-09-05T17:41:59.823333Z</time></trkpt>
  <trkpt lat="37.4129497" lon="-121.9952340"><ele>75</ele><time>2026-09-05T17:41:59.924127Z</time></trkpt>
  <trkpt lat="37.4129426" lon="-121.9952460"><ele>76</ele><time>2026-09-05T17:42:00.025111Z</time></trkpt>
  <trkpt lat="37.4129335" lon="-121.9952573"><ele>76</ele><time>2026-09-05T17:42:00.126391Z</time></trkpt>
  <trkpt lat="37.4129233" lon="-121.9952682"><ele>76</ele><time>2026-09-05T17:42:00.227302Z</time></trkpt>
  <trkpt lat="37.4129107" lon="-121.9952762"><ele>76</ele><time>2026-09-05T17:42:00.328059Z</time></trkpt>
  <trkpt lat="37.4128963" lon="-121.9952813"><ele>76</ele><time>2026-09-05T17:42:00.428751Z</time></trkpt>
  <trkpt lat="37.4128810" lon="-121.9952852"><ele>76</ele><time>2026-09-05T17:42:00.529288Z</time></trkpt>
  <trkpt lat="37.4128652" lon="-121.9952880"><ele>76</ele><time>2026-09-05T17:42:00.630307Z</time></trkpt>
  <trkpt lat="37.4128488" lon="-121.9952900"><ele>76</ele><time>2026-09-05T17:42:00.730805Z</time></trkpt>
  <trkpt lat="37.4128317" lon="-121.9952915"><ele>76</ele><time>2026-09-05T17:42:00.831453Z</time></trkpt>
  <trkpt lat="37.4128145" lon="-121.9952922"><ele>76</ele><time>2026-09-05T17:42:00.931732Z</time></trkpt>
  <trkpt lat="37.4127972" lon="-121.9952918"><ele>76</ele><time>2026-09-05T17:42:01.032129Z</time></trkpt>
  <trkpt lat="37.4127797" lon="-121.9952909"><ele>77</ele><time>2026-09-05T17:42:01.112355Z</time></trkpt>
  <trkpt lat="37.4127620" lon="-121.9952898"><ele>77</ele><time>2026-09-05T17:42:01.213360Z</time></trkpt>
  <trkpt lat="37.4127443" lon="-121.9952885"><ele>77</ele><time>2026-09-05T17:42:01.314419Z</time></trkpt>
  <trkpt lat="37.4127265" lon="-121.9952871"><ele>78</ele><time>2026-09-05T17:42:01.415272Z</time></trkpt>
  <trkpt lat="37.4127085" lon="-121.9952857"><ele>78</ele><time>2026-09-05T17:42:01.515635Z</time></trkpt>
  <trkpt lat="37.4126904" lon="-121.9952842"><ele>78</ele><time>2026-09-05T17:42:01.616616Z</time></trkpt>
  <trkpt lat="37.4126721" lon="-121.9952825"><ele>79</ele><time>2026-09-05T17:42:01.717690Z</time></trkpt>
  <trkpt lat="37.4126721" lon="-121.9952825"><ele>79</ele><time>2026-09-05T17:42:01.810702Z</time></trkpt>
  <trkpt lat="37.4126539" lon="-121.9952806"><ele>79</ele><time>2026-09-05T17:42:01.818527Z</time></trkpt>
  <trkpt lat="37.4126355" lon="-121.9952782"><ele>79</ele><time>2026-09-05T17:42:01.919368Z</time></trkpt>
  <trkpt lat="37.4126173" lon="-121.9952758"><ele>80</ele><time>2026-09-05T17:42:02.019743Z</time></trkpt>
  <trkpt lat="37.4125991" lon="-121.9952732"><ele>80</ele><time>2026-09-05T17:42:02.120432Z</time></trkpt>
  <trkpt lat="37.4125809" lon="-121.9952703"><ele>80</ele><time>2026-09-05T17:42:02.221088Z</time></trkpt>
  <trkpt lat="37.4125625" lon="-121.9952675"><ele>80</ele><time>2026-09-05T17:42:02.321775Z</time></trkpt>
  <trkpt lat="37.4125443" lon="-121.9952648"><ele>81</ele><time>2026-09-05T17:42:02.422614Z</time></trkpt>
  <trkpt lat="37.4125264" lon="-121.9952620"><ele>80</ele><time>2026-09-05T17:42:02.523289Z</time></trkpt>
  <trkpt lat="37.4125092" lon="-121.9952600"><ele>80</ele><time>2026-09-05T17:42:02.623422Z</time></trkpt>
  <trkpt lat="37.4124930" lon="-121.9952571"><ele>79</ele><time>2026-09-05T17:42:02.724356Z</time></trkpt>
  <trkpt lat="37.4124776" lon="-121.9952533"><ele>79</ele><time>2026-09-05T17:42:02.824902Z</time></trkpt>
  <trkpt lat="37.4124637" lon="-121.9952484"><ele>78</ele><time>2026-09-05T17:42:02.926220Z</time></trkpt>
  <trkpt lat="37.4124509" lon="-121.9952422"><ele>77</ele><time>2026-09-05T17:42:03.027019Z</time></trkpt>
  <trkpt lat="37.4124391" lon="-121.9952361"><ele>76</ele><time>2026-09-05T17:42:03.127856Z</time></trkpt>
  <trkpt lat="37.4124283" lon="-121.9952300"><ele>75</ele><time>2026-09-05T17:42:03.228763Z</time></trkpt>
  <trkpt lat="37.4124171" lon="-121.9952246"><ele>74</ele><time>2026-09-05T17:42:03.329664Z</time></trkpt>
  <trkpt lat="37.4124055" lon="-121.9952192"><ele>73</ele><time>2026-09-05T17:42:03.409743Z</time></trkpt>
  <trkpt lat="37.4123945" lon="-121.9952126"><ele>72</ele><time>2026-09-05T17:42:03.530885Z</time></trkpt>
  <trkpt lat="37.4123843" lon="-121.9952058"><ele>71</ele><time>2026-09-05T17:42:03.610970Z</time></trkpt>
  <trkpt lat="37.4123744" lon="-121.9951985"><ele>70</ele><time>2026-09-05T17:42:03.711238Z</time></trkpt>
  <trkpt lat="37.4123646" lon="-121.9951910"><ele>69</ele><time>2026-09-05T17:42:03.812079Z</time></trkpt>
  <trkpt lat="37.4123550" lon="-121.9951824"><ele>68</ele><time>2026-09-05T17:42:03.913190Z</time></trkpt>
  <trkpt lat="37.4123550" lon="-121.9951824"><ele>68</ele><time>2026-09-05T17:42:03.956652Z</time></trkpt>
  <trkpt lat="37.4123461" lon="-121.9951730"><ele>67</ele><time>2026-09-05T17:42:04.013931Z</time></trkpt>
  <trkpt lat="37.4123377" lon="-121.9951630"><ele>66</ele><time>2026-09-05T17:42:04.114756Z</time></trkpt>
  <trkpt lat="37.4123299" lon="-121.9951528"><ele>65</ele><time>2026-09-05T17:42:04.215159Z</time></trkpt>
  <trkpt lat="37.4123229" lon="-121.9951424"><ele>64</ele><time>2026-09-05T17:42:04.315358Z</time></trkpt>
  <trkpt lat="37.4123166" lon="-121.9951315"><ele>63</ele><time>2026-09-05T17:42:04.416494Z</time></trkpt>
  <trkpt lat="37.4123108" lon="-121.9951205"><ele>62</ele><time>2026-09-05T17:42:04.516813Z</time></trkpt>
  <trkpt lat="37.4123051" lon="-121.9951093"><ele>61</ele><time>2026-09-05T17:42:04.617112Z</time></trkpt>
  <trkpt lat="37.4123006" lon="-121.9950981"><ele>60</ele><time>2026-09-05T17:42:04.717355Z</time></trkpt>
  <trkpt lat="37.4122967" lon="-121.9950865"><ele>59</ele><time>2026-09-05T17:42:04.817750Z</time></trkpt>
  <trkpt lat="37.4122937" lon="-121.9950746"><ele>58</ele><time>2026-09-05T17:42:04.918134Z</time></trkpt>
  <trkpt lat="37.4122908" lon="-121.9950626"><ele>57</ele><time>2026-09-05T17:42:05.019013Z</time></trkpt>
  <trkpt lat="37.4122885" lon="-121.9950507"><ele>55</ele><time>2026-09-05T17:42:05.119578Z</time></trkpt>
  <trkpt lat="37.4122877" lon="-121.9950410"><ele>53</ele><time>2026-09-05T17:42:05.220047Z</time></trkpt>
  <trkpt lat="37.4122873" lon="-121.9950357"><ele>51</ele><time>2026-09-05T17:42:05.320582Z</time></trkpt>
  <trkpt lat="37.4122846" lon="-121.9950347"><ele>49</ele><time>2026-09-05T17:42:05.421175Z</time></trkpt>
  <trkpt lat="37.4122824" lon="-121.9950382"><ele>47</ele><time>2026-09-05T17:42:05.521806Z</time></trkpt>
  <trkpt lat="37.4122791" lon="-121.9950479"><ele>45</ele><time>2026-09-05T17:42:05.622067Z</time></trkpt>
  <trkpt lat="37.4122763" lon="-121.9950614"><ele>43</ele><time>2026-09-05T17:42:05.723325Z</time></trkpt>
  <trkpt lat="37.4122742" lon="-121.9950774"><ele>42</ele><time>2026-09-05T17:42:05.824382Z</time></trkpt>
  <trkpt lat="37.4122711" lon="-121.9950966"><ele>41</ele><time>2026-09-05T17:42:05.924681Z</time></trkpt>
  <trkpt lat="37.4122691" lon="-121.9951160"><ele>39</ele><time>2026-09-05T17:42:06.024843Z</time></trkpt>
  <trkpt lat="37.4122691" lon="-121.9951160"><ele>39</ele><time>2026-09-05T17:42:06.106628Z</time></trkpt>
  <trkpt lat="37.4122684" lon="-121.9951360"><ele>38</ele><time>2026-09-05T17:42:06.125133Z</time></trkpt>
  <trkpt lat="37.4122669" lon="-121.9951572"><ele>38</ele><time>2026-09-05T17:42:06.225521Z</time></trkpt>
  <trkpt lat="37.4122659" lon="-121.9951798"><ele>37</ele><time>2026-09-05T17:42:06.326501Z</time></trkpt>
  <trkpt lat="37.4122653" lon="-121.9952036"><ele>37</ele><time>2026-09-05T17:42:06.406898Z</time></trkpt>
  <trkpt lat="37.4122664" lon="-121.9952277"><ele>37</ele><time>2026-09-05T17:42:06.507425Z</time></trkpt>
  <trkpt lat="37.4122691" lon="-121.9952509"><ele>37</ele><time>2026-09-05T17:42:06.608138Z</time></trkpt>
  <trkpt lat="37.4122727" lon="-121.9952722"><ele>38</ele><time>2026-09-05T17:42:06.708835Z</time></trkpt>
  <trkpt lat="37.4122784" lon="-121.9952905"><ele>39</ele><time>2026-09-05T17:42:06.809428Z</time></trkpt>
  <trkpt lat="37.4122860" lon="-121.9953054"><ele>39</ele><time>2026-09-05T17:42:06.910590Z</time></trkpt>
  <trkpt lat="37.4122946" lon="-121.9953171"><ele>40</ele><time>2026-09-05T17:42:07.011141Z</time></trkpt>
  <trkpt lat="37.4123049" lon="-121.9953249"><ele>40</ele><time>2026-09-05T17:42:07.111215Z</time></trkpt>
  <trkpt lat="37.4123162" lon="-121.9953293"><ele>40</ele><time>2026-09-05T17:42:07.212203Z</time></trkpt>
  <trkpt lat="37.4123272" lon="-121.9953326"><ele>41</ele><time>2026-09-05T17:42:07.312473Z</time></trkpt>
  <trkpt lat="37.4123378" lon="-121.9953331"><ele>41</ele><time>2026-09-05T17:42:07.412837Z</time></trkpt>
  <trkpt lat="37.4123471" lon="-121.9953301"><ele>42</ele><time>2026-09-05T17:42:07.513303Z</time></trkpt>
  <trkpt lat="37.4123554" lon="-121.9953249"><ele>43</ele><time>2026-09-05T17:42:07.613756Z</time></trkpt>
  <trkpt lat="37.4123637" lon="-121.9953192"><ele>44</ele><time>2026-09-05T17:42:07.713939Z</time></trkpt>
  <trkpt lat="37.4123719" lon="-121.9953129"><ele>44</ele><time>2026-09-05T17:42:07.814492Z</time></trkpt>
  <trkpt lat="37.4123797" lon="-121.9953062"><ele>45</ele><time>2026-09-05T17:42:07.914537Z</time></trkpt>
  <trkpt lat="37.4123874" lon="-121.9952992"><ele>46</ele><time>2026-09-05T17:42:08.015553Z</time></trkpt>
  <trkpt lat="37.4123954" lon="-121.9952921"><ele>47</ele><time>2026-09-05T17:42:08.116359Z</time></trkpt>
  <trkpt lat="37.4124033" lon="-121.9952846"><ele>47</ele><time>2026-09-05T17:42:08.216869Z</time></trkpt>
  <trkpt lat="37.4124033" lon="-121.9952846"><ele>47</ele><time>2026-09-05T17:42:08.260915Z</time></trkpt>
  <trkpt lat="37.4124110" lon="-121.9952769"><ele>48</ele><time>2026-09-05T17:42:08.317530Z</time></trkpt>
  <trkpt lat="37.4124187" lon="-121.9952689"><ele>48</ele><time>2026-09-05T17:42:08.417995Z</time></trkpt>
  <trkpt lat="37.4124261" lon="-121.9952608"><ele>49</ele><time>2026-09-05T17:42:08.518162Z</time></trkpt>
  <trkpt lat="37.4124335" lon="-121.9952526"><ele>50</ele><time>2026-09-05T17:42:08.618656Z</time></trkpt>
  <trkpt lat="37.4124408" lon="-121.9952444"><ele>50</ele><time>2026-09-05T17:42:08.719251Z</time></trkpt>
  <trkpt lat="37.4124479" lon="-121.9952361"><ele>51</ele><time>2026-09-05T17:42:08.819565Z</time></trkpt>
  <trkpt lat="37.4124551" lon="-121.9952275"><ele>52</ele><time>2026-09-05T17:42:08.920220Z</time></trkpt>
  <trkpt lat="37.4124625" lon="-121.9952187"><ele>52</ele><time>2026-09-05T17:42:09.021003Z</time></trkpt>
  <trkpt lat="37.4124700" lon="-121.9952096"><ele>53</ele><time>2026-09-05T17:42:09.121395Z</time></trkpt>
  <trkpt lat="37.4124777" lon="-121.9951998"><ele>53</ele><time>2026-09-05T17:42:09.221653Z</time></trkpt>
  <trkpt lat="37.4124857" lon="-121.9951897"><ele>54</ele><time>2026-09-05T17:42:09.322253Z</time></trkpt>
  <trkpt lat="37.4124939" lon="-121.9951793"><ele>54</ele><time>2026-09-05T17:42:09.422596Z</time></trkpt>
  <trkpt lat="37.4125019" lon="-121.9951686"><ele>54</ele><time>2026-09-05T17:42:09.522863Z</time></trkpt>
  <trkpt lat="37.4125100" lon="-121.9951577"><ele>55</ele><time>2026-09-05T17:42:09.623688Z</time></trkpt>
  <trkpt lat="37.4125182" lon="-121.9951468"><ele>55</ele><time>2026-09-05T17:42:09.704670Z</time></trkpt>
  <trkpt lat="37.4125265" lon="-121.9951360"><ele>55</ele><time>2026-09-05T17:42:09.805179Z</time></trkpt>
  <trkpt lat="37.4125348" lon="-121.9951255"><ele>56</ele><time>2026-09-05T17:42:09.906246Z</time></trkpt>
  <trkpt lat="37.4125432" lon="-121.9951153"><ele>56</ele><time>2026-09-05T17:42:10.006869Z</time></trkpt>
  <trkpt lat="37.4125517" lon="-121.9951054"><ele>56</ele><time>2026-09-05T17:42:10.107590Z</time></trkpt>
  <trkpt lat="37.4125601" lon="-121.9950958"><ele>57</ele><time>2026-09-05T17:42:10.207131Z</time></trkpt>
  <trkpt lat="37.4125688" lon="-121.9950865"><ele>57</ele><time>2026-09-05T17:42:10.307759Z</time></trkpt>
  <trkpt lat="37.4125775" lon="-121.9950773"><ele>58</ele><time>2026-09-05T17:42:10.409084Z</time></trkpt>
  <trkpt lat="37.4125775" lon="-121.9950773"><ele>58</ele><time>2026-09-05T17:42:10.420234Z</time></trkpt>
  <trkpt lat="37.4125864" lon="-121.9950679"><ele>58</ele><time>2026-09-05T17:42:10.510124Z</time></trkpt>
  <trkpt lat="37.4125953" lon="-121.9950585"><ele>59</ele><time>2026-09-05T17:42:10.610826Z</time></trkpt>
  <trkpt lat="37.4126045" lon="-121.9950491"><ele>59</ele><time>2026-09-05T17:42:10.710788Z</time></trkpt>
  <trkpt lat="37.4126141" lon="-121.9950401"><ele>59</ele><time>2026-09-05T17:42:10.810903Z</time></trkpt>
  <trkpt lat="37.4126239" lon="-121.9950315"><ele>60</ele><time>2026-09-05T17:42:10.911485Z</time></trkpt>
  <trkpt lat="37.4126340" lon="-121.9950234"><ele>60</ele><time>2026-09-05T17:42:11.012099Z</time></trkpt>
  <trkpt lat="37.4126447" lon="-121.9950159"><ele>61</ele><time>2026-09-05T17:42:11.112791Z</time></trkpt>
  <trkpt lat="37.4126559" lon="-121.9950092"><ele>61</ele><time>2026-09-05T17:42:11.213765Z</time></trkpt>
  <trkpt lat="37.4126674" lon="-121.9950036"><ele>61</ele><time>2026-09-05T17:42:11.315076Z</time></trkpt>
  <trkpt lat="37.4126788" lon="-121.9949997"><ele>62</ele><time>2026-09-05T17:42:11.416712Z</time></trkpt>
  <trkpt lat="37.4126904" lon="-121.9949967"><ele>62</ele><time>2026-09-05T17:42:11.517640Z</time></trkpt>
  <trkpt lat="37.4127021" lon="-121.9949945"><ele>63</ele><time>2026-09-05T17:42:11.618486Z</time></trkpt>
  <trkpt lat="37.4127139" lon="-121.9949924"><ele>63</ele><time>2026-09-05T17:42:11.719229Z</time></trkpt>
  <trkpt lat="37.4127261" lon="-121.9949903"><ele>63</ele><time>2026-09-05T17:42:11.819509Z</time></trkpt>
  <trkpt lat="37.4127384" lon="-121.9949882"><ele>64</ele><time>2026-09-05T17:42:11.919791Z</time></trkpt>
  <trkpt lat="37.4127510" lon="-121.9949857"><ele>64</ele><time>2026-09-05T17:42:12.020763Z</time></trkpt>
  <trkpt lat="37.4127638" lon="-121.9949828"><ele>64</ele><time>2026-09-05T17:42:12.100731Z</time></trkpt>
  <trkpt lat="37.4127768" lon="-121.9949800"><ele>64</ele><time>2026-09-05T17:42:12.221029Z</time></trkpt>
  <trkpt lat="37.4127901" lon="-121.9949777"><ele>64</ele><time>2026-09-05T17:42:12.321573Z</time></trkpt>
  <trkpt lat="37.4128038" lon="-121.9949763"><ele>64</ele><time>2026-09-05T17:42:12.401825Z</time></trkpt>
  <trkpt lat="37.4128175" lon="-121.9949767"><ele>64</ele><time>2026-09-05T17:42:12.502242Z</time></trkpt>
  <trkpt lat="37.4128175" lon="-121.9949767"><ele>64</ele><time>2026-09-05T17:42:12.581977Z</time></trkpt>
  <trkpt lat="37.4128307" lon="-121.9949792"><ele>64</ele><time>2026-09-05T17:42:12.603003Z</time></trkpt>
  <trkpt lat="37.4128433" lon="-121.9949827"><ele>64</ele><time>2026-09-05T17:42:12.703696Z</time></trkpt>
  <trkpt lat="37.4128562" lon="-121.9949868"><ele>65</ele><time>2026-09-05T17:42:12.804497Z</time></trkpt>
  <trkpt lat="37.4128689" lon="-121.9949914"><ele>65</ele><time>2026-09-05T17:42:12.904648Z</time></trkpt>
  <trkpt lat="37.4128814" lon="-121.9949964"><ele>66</ele><time>2026-09-05T17:42:13.005347Z</time></trkpt>
  <trkpt lat="37.4128933" lon="-121.9950019"><ele>66</ele><time>2026-09-05T17:42:13.105827Z</time></trkpt>
  <trkpt lat="37.4129042" lon="-121.9950078"><ele>67</ele><time>2026-09-05T17:42:13.206619Z</time></trkpt>
  <trkpt lat="37.4129149" lon="-121.9950137"><ele>68</ele><time>2026-09-05T17:42:13.306824Z</time></trkpt>
  <trkpt lat="37.4129258" lon="-121.9950195"><ele>69</ele><time>2026-09-05T17:42:13.407819Z</time></trkpt>
  <trkpt lat="37.4129366" lon="-121.9950252"><ele>70</ele><time>2026-09-05T17:42:13.508007Z</time></trkpt>
  <trkpt lat="37.4129477" lon="-121.9950309"><ele>70</ele><time>2026-09-05T17:42:13.608120Z</time></trkpt>
  <trkpt lat="37.4129590" lon="-121.9950366"><ele>71</ele><time>2026-09-05T17:42:13.709218Z</time></trkpt>
  <trkpt lat="37.4129711" lon="-121.9950423"><ele>71</ele><time>2026-09-05T17:42:13.809965Z</time></trkpt>
  <trkpt lat="37.4129833" lon="-121.9950479"><ele>71</ele><time>2026-09-05T17:42:13.910177Z</time></trkpt>
  <trkpt lat="37.4129955" lon="-121.9950534"><ele>72</ele><time>2026-09-05T17:42:14.010579Z</time></trkpt>
  <trkpt lat="37.4130075" lon="-121.9950587"><ele>73</ele><time>2026-09-05T17:42:14.110929Z</time></trkpt>
  <trkpt lat="37.4130194" lon="-121.9950640"><ele>73</ele><time>2026-09-05T17:42:14.211305Z</time></trkpt>
  <trkpt lat="37.4130312" lon="-121.9950693"><ele>74</ele><time>2026-09-05T17:42:14.312164Z</time></trkpt>
  <trkpt lat="37.4130428" lon="-121.9950748"><ele>74</ele><time>2026-09-05T17:42:14.412877Z</time></trkpt>
  <trkpt lat="37.4130547" lon="-121.9950800"><ele>75</ele><time>2026-09-05T17:42:14.512958Z</time></trkpt>
  <trkpt lat="37.4130664" lon="-121.9950849"><ele>76</ele><time>2026-09-05T17:42:14.613662Z</time></trkpt>
  <trkpt lat="37.4130782" lon="-121.9950900"><ele>76</ele><time>2026-09-05T17:42:14.713810Z</time></trkpt>
  <trkpt lat="37.4130782" lon="-121.9950900"><ele>76</ele><time>2026-09-05T17:42:14.744550Z</time></trkpt>
  <trkpt lat="37.4130898" lon="-121.9950952"><ele>77</ele><time>2026-09-05T17:42:14.814315Z</time></trkpt>
  <trkpt lat="37.4131014" lon="-121.9951001"><ele>77</ele><time>2026-09-05T17:42:14.914637Z</time></trkpt>
  <trkpt lat="37.4131131" lon="-121.9951045"><ele>78</ele><time>2026-09-05T17:42:15.015606Z</time></trkpt>
  <trkpt lat="37.4131247" lon="-121.9951083"><ele>79</ele><time>2026-09-05T17:42:15.116924Z</time></trkpt>
  <trkpt lat="37.4131363" lon="-121.9951123"><ele>79</ele><time>2026-09-05T17:42:15.197191Z</time></trkpt>
  <trkpt lat="37.4131478" lon="-121.9951167"><ele>80</ele><time>2026-09-05T17:42:15.318149Z</time></trkpt>
  <trkpt lat="37.4131591" lon="-121.9951208"><ele>80</ele><time>2026-09-05T17:42:15.398766Z</time></trkpt>
  <trkpt lat="37.4131700" lon="-121.9951248"><ele>81</ele><time>2026-09-05T17:42:15.499151Z</time></trkpt>
  <trkpt lat="37.4131802" lon="-121.9951283"><ele>82</ele><time>2026-09-05T17:42:15.599636Z</time></trkpt>
  <trkpt lat="37.4131902" lon="-121.9951315"><ele>83</ele><time>2026-09-05T17:42:15.699962Z</time></trkpt>
  <trkpt lat="37.4132003" lon="-121.9951348"><ele>84</ele><time>2026-09-05T17:42:15.800543Z</time></trkpt>
  <trkpt lat="37.4132105" lon="-121.9951378"><ele>85</ele><time>2026-09-05T17:42:15.900864Z</time></trkpt>
  <trkpt lat="37.4132210" lon="-121.9951408"><ele>85</ele><time>2026-09-05T17:42:16.001895Z</time></trkpt>
  <trkpt lat="37.4132317" lon="-121.9951435"><ele>86</ele><time>2026-09-05T17:42:16.102951Z</time></trkpt>
  <trkpt lat="37.4132424" lon="-121.9951460"><ele>87</ele><time>2026-09-05T17:42:16.203673Z</time></trkpt>
  <trkpt lat="37.4132534" lon="-121.9951487"><ele>87</ele><time>2026-09-05T17:42:16.304337Z</time></trkpt>
  <trkpt lat="37.4132645" lon="-121.9951512"><ele>88</ele><time>2026-09-05T17:42:16.405643Z</time></trkpt>
  <trkpt lat="37.4132756" lon="-121.9951536"><ele>88</ele><time>2026-09-05T17:42:16.506057Z</time></trkpt>
  <trkpt lat="37.4132864" lon="-121.9951557"><ele>89</ele><time>2026-09-05T17:42:16.607217Z</time></trkpt>
  <trkpt lat="37.4132964" lon="-121.9951572"><ele>90</ele><time>2026-09-05T17:42:16.707925Z</time></trkpt>
  <trkpt lat="37.4133060" lon="-121.9951587"><ele>91</ele><time>2026-09-05T17:42:16.808737Z</time></trkpt>
  <trkpt lat="37.4133060" lon="-121.9951587"><ele>91</ele><time>2026-09-05T17:42:16.896337Z</time></trkpt>
  <trkpt lat="37.4133157" lon="-121.9951602"><ele>91</ele><time>2026-09-05T17:42:16.909672Z</time></trkpt>
  <trkpt lat="37.4133254" lon="-121.9951614"><ele>92</ele><time>2026-09-05T17:42:17.010408Z</time></trkpt>
  <trkpt lat="37.4133351" lon="-121.9951623"><ele>93</ele><time>2026-09-05T17:42:17.111308Z</time></trkpt>
  <trkpt lat="37.4133445" lon="-121.9951635"><ele>94</ele><time>2026-09-05T17:42:17.212259Z</time></trkpt>
  <trkpt lat="37.4133538" lon="-121.9951657"><ele>95</ele><time>2026-09-05T17:42:17.313371Z</time></trkpt>
  <trkpt lat="37.4133630" lon="-121.9951686"><ele>95</ele><time>2026-09-05T17:42:17.413975Z</time></trkpt>
  <trkpt lat="37.4133725" lon="-121.9951719"><ele>96</ele><time>2026-09-05T17:42:17.494680Z</time></trkpt>
  <trkpt lat="37.4133819" lon="-121.9951757"><ele>97</ele><time>2026-09-05T17:42:17.614917Z</time></trkpt>
  <trkpt lat="37.4133907" lon="-121.9951808"><ele>97</ele><time>2026-09-05T17:42:17.695762Z</time></trkpt>
  <trkpt lat="37.4133976" lon="-121.9951878"><ele>98</ele><time>2026-09-05T17:42:17.796194Z</time></trkpt>
  <trkpt lat="37.4134027" lon="-121.9951968"><ele>98</ele><time>2026-09-05T17:42:17.897184Z</time></trkpt>
  <trkpt lat="37.4134072" lon="-121.9952077"><ele>98</ele><time>2026-09-05T17:42:17.998158Z</time></trkpt>
  <trkpt lat="37.4134105" lon="-121.9952199"><ele>99</ele><time>2026-09-05T17:42:18.098575Z</time></trkpt>
  <trkpt lat="37.4134110" lon="-121.9952334"><ele>99</ele><time>2026-09-05T17:42:18.198904Z</time></trkpt>
  <trkpt lat="37.4134089" lon="-121.9952473"><ele>99</ele><time>2026-09-05T17:42:18.299731Z</time></trkpt>
  <trkpt lat="37.4134055" lon="-121.9952616"><ele>99</ele><time>2026-09-05T17:42:18.400452Z</time></trkpt>
  <trkpt lat="37.4134011" lon="-121.9952762"><ele>99</ele><time>2026-09-05T17:42:18.500697Z</time></trkpt>
  <trkpt lat="37.4133949" lon="-121.9952902"><ele>99</ele><time>2026-09-05T17:42:18.601532Z</time></trkpt>
  <trkpt lat="37.4133858" lon="-121.9953019"><ele>98</ele><time>2026-09-05T17:42:18.701996Z</time></trkpt>
  <trkpt lat="37.4133748" lon="-121.9953118"><ele>98</ele><time>2026-09-05T17:42:18.802799Z</time></trkpt>
  <trkpt lat="37.4133630" lon="-121.9953209"><ele>98</ele><time>2026-09-05T17:42:18.903439Z</time></trkpt>
  <trkpt lat="37.4133495" lon="-121.9953278"><ele>98</ele><time>2026-09-05T17:42:19.003959Z</time></trkpt>
  <trkpt lat="37.4133495" lon="-121.9953278"><ele>98</ele><time>2026-09-05T17:42:19.054857Z</time></trkpt>
  <trkpt lat="37.4133347" lon="-121.9953324"><ele>98</ele><time>2026-09-05T17:42:19.104608Z</time></trkpt>
  <trkpt lat="37.4133191" lon="-121.9953357"><ele>97</ele><time>2026-09-05T17:42:19.204788Z</time></trkpt>
  <trkpt lat="37.4133030" lon="-121.9953380"><ele>97</ele><time>2026-09-05T17:42:19.304928Z</time></trkpt>
  <trkpt lat="37.4132866" lon="-121.9953392"><ele>97</ele><time>2026-09-05T17:42:19.405748Z</time></trkpt>
  <trkpt lat="37.4132697" lon="-121.9953394"><ele>97</ele><time>2026-09-05T17:42:19.506369Z</time></trkpt>
  <trkpt lat="37.4132524" lon="-121.9953389"><ele>97</ele><time>2026-09-05T17:42:19.607184Z</time></trkpt>
  <trkpt lat="37.4132347" lon="-121.9953378"><ele>97</ele><time>2026-09-05T17:42:19.708598Z</time></trkpt>
  <trkpt lat="37.4132167" lon="-121.9953365"><ele>96</ele><time>2026-09-05T17:42:19.808858Z</time></trkpt>
  <trkpt lat="37.4131986" lon="-121.9953352"><ele>96</ele><time>2026-09-05T17:42:19.909870Z</time></trkpt>
  <trkpt lat="37.4131803" lon="-121.9953338"><ele>96</ele><time>2026-09-05T17:42:20.010048Z</time></trkpt>
  <trkpt lat="37.4131617" lon="-121.9953321"><ele>96</ele><time>2026-09-05T17:42:20.110781Z</time></trkpt>
  <trkpt lat="37.4131427" lon="-121.9953301"><ele>95</ele><time>2026-09-05T17:42:20.191014Z</time></trkpt>
  <trkpt lat="37.4131233" lon="-121.9953279"><ele>95</ele><time>2026-09-05T17:42:20.311736Z</time></trkpt>
  <trkpt lat="37.4131036" lon="-121.9953255"><ele>95</ele><time>2026-09-05T17:42:20.391985Z</time></trkpt>
  <trkpt lat="37.4130839" lon="-121.9953226"><ele>95</ele><time>2026-09-05T17:42:20.492323Z</time></trkpt>
  <trkpt lat="37.4130640" lon="-121.9953194"><ele>94</ele><time>2026-09-05T17:42:20.593004Z</time></trkpt>
  <trkpt lat="37.4130440" lon="-121.9953159"><ele>94</ele><time>2026-09-05T17:42:20.694186Z</time></trkpt>
  <trkpt lat="37.4130237" lon="-121.9953121"><ele>94</ele><time>2026-09-05T17:42:20.794941Z</time></trkpt>
  <trkpt lat="37.4130034" lon="-121.9953080"><ele>94</ele><time>2026-09-05T17:42:20.896000Z</time></trkpt>
  <trkpt lat="37.4129830" lon="-121.9953036"><ele>93</ele><time>2026-09-05T17:42:20.996653Z</time></trkpt>
  <trkpt lat="37.4129624" lon="-121.9952988"><ele>93</ele><time>2026-09-05T17:42:21.097345Z</time></trkpt>
  <trkpt lat="37.4129624" lon="-121.9952988"><ele>93</ele><time>2026-09-05T17:42:21.196710Z</time></trkpt>
  <trkpt lat="37.4129423" lon="-121.9952935"><ele>93</ele><time>2026-09-05T17:42:21.197714Z</time></trkpt>
  <trkpt lat="37.4129233" lon="-121.9952881"><ele>93</ele><time>2026-09-05T17:42:21.298318Z</time></trkpt>
  <trkpt lat="37.4129055" lon="-121.9952831"><ele>94</ele><time>2026-09-05T17:42:21.398643Z</time></trkpt>
  <trkpt lat="37.4128901" lon="-121.9952795"><ele>95</ele><time>2026-09-05T17:42:21.499436Z</time></trkpt>
  <trkpt lat="37.4128759" lon="-121.9952765"><ele>97</ele><time>2026-09-05T17:42:21.600563Z</time></trkpt>
  <trkpt lat="37.4128620" lon="-121.9952744"><ele>98</ele><time>2026-09-05T17:42:21.700964Z</time></trkpt>
  <trkpt lat="37.4128495" lon="-121.9952732"><ele>100</ele><time>2026-09-05T17:42:21.801557Z</time></trkpt>
  <trkpt lat="37.4128386" lon="-121.9952730"><ele>101</ele><time>2026-09-05T17:42:21.902030Z</time></trkpt>
  <trkpt lat="37.4128292" lon="-121.9952736"><ele>103</ele><time>2026-09-05T17:42:22.002956Z</time></trkpt>
  <trkpt lat="37.4128210" lon="-121.9952748"><ele>105</ele><time>2026-09-05T17:42:22.103226Z</time></trkpt>
  <trkpt lat="37.4128157" lon="-121.9952770"><ele>107</ele><time>2026-09-05T17:42:22.204102Z</time></trkpt>
  <trkpt lat="37.4128112" lon="-121.9952792"><ele>109</ele><time>2026-09-05T17:42:22.304176Z</time></trkpt>
  <trkpt lat="37.4128083" lon="-121.9952824"><ele>110</ele><time>2026-09-05T17:42:22.404340Z</time></trkpt>
  <trkpt lat="37.4128063" lon="-121.9952859"><ele>112</ele><time>2026-09-05T17:42:22.505475Z</time></trkpt>
  <trkpt lat="37.4128056" lon="-121.9952908"><ele>113</ele><time>2026-09-05T17:42:22.606817Z</time></trkpt>
  <trkpt lat="37.4128051" lon="-121.9952957"><ele>114</ele><time>2026-09-05T17:42:22.687139Z</time></trkpt>
  <trkpt lat="37.4128032" lon="-121.9952982"><ele>116</ele><time>2026-09-05T17:42:22.788279Z</time></trkpt>
  <trkpt lat="37.4128032" lon="-121.9953000"><ele>116</ele><time>2026-09-05T17:42:22.889197Z</time></trkpt>
  <trkpt lat="37.4128045" lon="-121.9953010"><ele>117</ele><time>2026-09-05T17:42:22.989565Z</time></trkpt>
  <trkpt lat="37.4128058" lon="-121.9953030"><ele>117</ele><time>2026-09-05T17:42:23.090556Z</time></trkpt>
  <trkpt lat="37.4128098" lon="-121.9953083"><ele>117</ele><time>2026-09-05T17:42:23.191343Z</time></trkpt>
  <trkpt lat="37.4128181" lon="-121.9953168"><ele>117</ele><time>2026-09-05T17:42:23.292398Z</time></trkpt>
  <trkpt lat="37.4128181" lon="-121.9953168"><ele>117</ele><time>2026-09-05T17:42:23.350527Z</time></trkpt>
  <trkpt lat="37.4128242" lon="-121.9953256"><ele>116</ele><time>2026-09-05T17:42:23.393264Z</time></trkpt>
  <trkpt lat="37.4128291" lon="-121.9953352"><ele>116</ele><time>2026-09-05T17:42:23.493192Z</time></trkpt>
  <trkpt lat="37.4128320" lon="-121.9953446"><ele>116</ele><time>2026-09-05T17:42:23.593738Z</time></trkpt>
  <trkpt lat="37.4128355" lon="-121.9953572"><ele>115</ele><time>2026-09-05T17:42:23.693720Z</time></trkpt>
  <trkpt lat="37.4128369" lon="-121.9953705"><ele>115</ele><time>2026-09-05T17:42:23.794515Z</time></trkpt>
  <trkpt lat="37.4128373" lon="-121.9953858"><ele>114</ele><time>2026-09-05T17:42:23.894771Z</time></trkpt>
  <trkpt lat="37.4128344" lon="-121.9954012"><ele>114</ele><time>2026-09-05T17:42:23.996269Z</time></trkpt>
  <trkpt lat="37.4128301" lon="-121.9954172"><ele>113</ele><time>2026-09-05T17:42:24.096727Z</time></trkpt>
  <trkpt lat="37.4128266" lon="-121.9954335"><ele>112</ele><time>2026-09-05T17:42:24.197432Z</time></trkpt>
  <trkpt lat="37.4128228" lon="-121.9954498"><ele>111</ele><time>2026-09-05T17:42:24.277930Z</time></trkpt>
  <trkpt lat="37.4128181" lon="-121.9954662"><ele>110</ele><time>2026-09-05T17:42:24.398427Z</time></trkpt>
  <trkpt lat="37.4128131" lon="-121.9954820"><ele>109</ele><time>2026-09-05T17:42:24.479202Z</time></trkpt>
  <trkpt lat="37.4128134" lon="-121.9954998"><ele>107</ele><time>2026-09-05T17:42:24.579657Z</time></trkpt>
  <trkpt lat="37.4128181" lon="-121.9955187"><ele>106</ele><time>2026-09-05T17:42:24.680495Z</time></trkpt>
  <trkpt lat="37.4128193" lon="-121.9955354"><ele>105</ele><time>2026-09-05T17:42:24.781001Z</time></trkpt>
  <trkpt lat="37.4128200" lon="-121.9955516"><ele>103</ele><time>2026-09-05T17:42:24.881050Z</time></trkpt>
  <trkpt lat="37.4128233" lon="-121.9955695"><ele>101</ele><time>2026-09-05T17:42:24.981845Z</time></trkpt>
  <trkpt lat="37.4128307" lon="-121.9955881"><ele>99</ele><time>2026-09-05T17:42:25.082116Z</time></trkpt>
  <trkpt lat="37.4128438" lon="-121.9956098"><ele>97</ele><time>2026-09-05T17:42:25.182518Z</time></trkpt>
  <trkpt lat="37.4128481" lon="-121.9956272"><ele>96</ele><time>2026-09-05T17:42:25.303006Z</time></trkpt>
  <trkpt lat="37.4128546" lon="-121.9956435"><ele>95</ele><time>2026-09-05T17:42:25.403528Z</time></trkpt>
  <trkpt lat="37.4128546" lon="-121.9956435"><ele>95</ele><time>2026-09-05T17:42:25.499854Z</time></trkpt>
  <trkpt lat="37.4128651" lon="-121.9956610"><ele>94</ele><time>2026-09-05T17:42:25.504151Z</time></trkpt>
  <trkpt lat="37.4128766" lon="-121.9956802"><ele>93</ele><time>2026-09-05T17:42:25.605270Z</time></trkpt>
  <trkpt lat="37.4128847" lon="-121.9956972"><ele>92</ele><time>2026-09-05T17:42:25.685703Z</time></trkpt>
  <trkpt lat="37.4128969" lon="-121.9957171"><ele>92</ele><time>2026-09-05T17:42:25.786424Z</time></trkpt>
  <trkpt lat="37.4129048" lon="-121.9957353"><ele>92</ele><time>2026-09-05T17:42:25.887005Z</time></trkpt>
  <trkpt lat="37.4129127" lon="-121.9957526"><ele>92</ele><time>2026-09-05T17:42:25.987685Z</time></trkpt>
  <trkpt lat="37.4129200" lon="-121.9957700"><ele>91</ele><time>2026-09-05T17:42:26.088182Z</time></trkpt>
  <trkpt lat="37.4129284" lon="-121.9957889"><ele>91</ele><time>2026-09-05T17:42:26.188482Z</time></trkpt>
  <trkpt lat="37.4129339" lon="-121.9958051"><ele>90</ele><time>2026-09-05T17:42:26.289332Z</time></trkpt>
  <trkpt lat="37.4129386" lon="-121.9958195"><ele>89</ele><time>2026-09-05T17:42:26.390545Z</time></trkpt>
  <trkpt lat="37.4129409" lon="-121.9958311"><ele>88</ele><time>2026-09-05T17:42:26.491085Z</time></trkpt>
  <trkpt lat="37.4129450" lon="-121.9958430"><ele>88</ele><time>2026-09-05T17:42:26.592687Z</time></trkpt>
  <trkpt lat="37.4129507" lon="-121.9958538"><ele>87</ele><time>2026-09-05T17:42:26.693050Z</time></trkpt>
  <trkpt lat="37.4129614" lon="-121.9958645"><ele>86</ele><time>2026-09-05T17:42:26.793984Z</time></trkpt>
  <trkpt lat="37.4129738" lon="-121.9958726"><ele>85</ele><time>2026-09-05T17:42:26.894742Z</time></trkpt>
  <trkpt lat="37.4129859" lon="-121.9958783"><ele>84</ele><time>2026-09-05T17:42:26.995773Z</time></trkpt>
  <trkpt lat="37.4129988" lon="-121.9958811"><ele>83</ele><time>2026-09-05T17:42:27.096885Z</time></trkpt>
  <trkpt lat="37.4130123" lon="-121.9958788"><ele>82</ele><time>2026-09-05T17:42:27.197364Z</time></trkpt>
  <trkpt lat="37.4130268" lon="-121.9958726"><ele>82</ele><time>2026-09-05T17:42:27.297788Z</time></trkpt>
  <trkpt lat="37.4130423" lon="-121.9958636"><ele>82</ele><time>2026-09-05T17:42:27.398394Z</time></trkpt>
  <trkpt lat="37.4130563" lon="-121.9958511"><ele>81</ele><time>2026-09-05T17:42:27.498676Z</time></trkpt>
  <trkpt lat="37.4130680" lon="-121.9958347"><ele>82</ele><time>2026-09-05T17:42:27.598771Z</time></trkpt>
  <trkpt lat="37.4130680" lon="-121.9958347"><ele>82</ele><time>2026-09-05T17:42:27.647521Z</time></trkpt>
  <trkpt lat="37.4130776" lon="-121.9958178"><ele>82</ele><time>2026-09-05T17:42:27.698893Z</time></trkpt>
  <trkpt lat="37.4130868" lon="-121.9958018"><ele>81</ele><time>2026-09-05T17:42:27.799740Z</time></trkpt>
  <trkpt lat="37.4130926" lon="-121.9957849"><ele>81</ele><time>2026-09-05T17:42:27.900174Z</time></trkpt>
  <trkpt lat="37.4130980" lon="-121.9957677"><ele>80</ele><time>2026-09-05T17:42:28.001265Z</time></trkpt>
  <trkpt lat="37.4131038" lon="-121.9957506"><ele>80</ele><time>2026-09-05T17:42:28.102202Z</time></trkpt>
  <trkpt lat="37.4131061" lon="-121.9957339"><ele>80</ele><time>2026-09-05T17:42:28.202614Z</time></trkpt>
  <trkpt lat="37.4131075" lon="-121.9957180"><ele>81</ele><time>2026-09-05T17:42:28.283153Z</time></trkpt>
  <trkpt lat="37.4131083" lon="-121.9957020"><ele>81</ele><time>2026-09-05T17:42:28.383777Z</time></trkpt>
  <trkpt lat="37.4131094" lon="-121.9956862"><ele>82</ele><time>2026-09-05T17:42:28.484287Z</time></trkpt>
  <trkpt lat="37.4131100" lon="-121.9956715"><ele>83</ele><time>2026-09-05T17:42:28.584652Z</time></trkpt>
  <trkpt lat="37.4131100" lon="-121.9956585"><ele>84</ele><time>2026-09-05T17:42:28.684709Z</time></trkpt>
  <trkpt lat="37.4131129" lon="-121.9956459"><ele>84</ele><time>2026-09-05T17:42:28.786171Z</time></trkpt>
  <trkpt lat="37.4131158" lon="-121.9956340"><ele>85</ele><time>2026-09-05T17:42:28.886272Z</time></trkpt>
  <trkpt lat="37.4131181" lon="-121.9956241"><ele>86</ele><time>2026-09-05T17:42:28.986882Z</time></trkpt>
  <trkpt lat="37.4131209" lon="-121.9956165"><ele>86</ele><time>2026-09-05T17:42:29.087167Z</time></trkpt>
  <trkpt lat="37.4131241" lon="-121.9956103"><ele>87</ele><time>2026-09-05T17:42:29.187904Z</time></trkpt>
  <trkpt lat="37.4131269" lon="-121.9956056"><ele>88</ele><time>2026-09-05T17:42:29.288519Z</time></trkpt>
  <trkpt lat="37.4131296" lon="-121.9956023"><ele>89</ele><time>2026-09-05T17:42:29.389636Z</time></trkpt>
  <trkpt lat="37.4131326" lon="-121.9956015"><ele>89</ele><time>2026-09-05T17:42:29.490152Z</time></trkpt>
  <trkpt lat="37.4131356" lon="-121.9956040"><ele>90</ele><time>2026-09-05T17:42:29.590424Z</time></trkpt>
  <trkpt lat="37.4131380" lon="-121.9956094"><ele>91</ele><time>2026-09-05T17:42:29.691265Z</time></trkpt>
  <trkpt lat="37.4131401" lon="-121.9956164"><ele>92</ele><time>2026-09-05T17:42:29.792405Z</time></trkpt>
  <trkpt lat="37.4131428" lon="-121.9956247"><ele>92</ele><time>2026-09-05T17:42:29.892724Z</time></trkpt>
  <trkpt lat="37.4131467" lon="-121.9956344"><ele>93</ele><time>2026-09-05T17:42:29.993584Z</time></trkpt>
  <trkpt lat="37.4131501" lon="-121.9956445"><ele>93</ele><time>2026-09-05T17:42:30.094271Z</time></trkpt>
  <trkpt lat="37.4131524" lon="-121.9956553"><ele>94</ele><time>2026-09-05T17:42:30.194424Z</time></trkpt>
  <trkpt lat="37.4131538" lon="-121.9956656"><ele>94</ele><time>2026-09-05T17:42:30.294700Z</time></trkpt>
  <trkpt lat="37.4131550" lon="-121.9956774"><ele>95</ele><time>2026-09-05T17:42:30.394913Z</time></trkpt>
  <trkpt lat="37.4131571" lon="-121.9956893"><ele>95</ele><time>2026-09-05T17:42:30.495099Z</time></trkpt>
  <trkpt lat="37.4131593" lon="-121.9957029"><ele>95</ele><time>2026-09-05T17:42:30.595899Z</time></trkpt>
  <trkpt lat="37.4131612" lon="-121.9957168"><ele>95</ele><time>2026-09-05T17:42:30.696563Z</time></trkpt>
  <trkpt lat="37.4131617" lon="-121.9957296"><ele>96</ele><time>2026-09-05T17:42:30.796882Z</time></trkpt>
  <trkpt lat="37.4131602" lon="-121.9957415"><ele>96</ele><time>2026-09-05T17:42:30.897255Z</time></trkpt>
  <trkpt lat="37.4131571" lon="-121.9957530"><ele>97</ele><time>2026-09-05T17:42:30.997451Z</time></trkpt>
  <trkpt lat="37.4131528" lon="-121.9957633"><ele>97</ele><time>2026-09-05T17:42:31.098156Z</time></trkpt>
  <trkpt lat="37.4131483" lon="-121.9957718"><ele>98</ele><time>2026-09-05T17:42:31.178486Z</time></trkpt>
  <trkpt lat="37.4131457" lon="-121.9957790"><ele>99</ele><time>2026-09-05T17:42:31.299614Z</time></trkpt>
  <trkpt lat="37.4131461" lon="-121.9957850"><ele>99</ele><time>2026-09-05T17:42:31.380017Z</time></trkpt>
  <trkpt lat="37.4131458" lon="-121.9957862"><ele>99</ele><time>2026-09-05T17:42:31.480805Z</time></trkpt>
  <trkpt lat="37.4131465" lon="-121.9957836"><ele>100</ele><time>2026-09-05T17:42:31.581867Z</time></trkpt>
  <trkpt lat="37.4131505" lon="-121.9957749"><ele>100</ele><time>2026-09-05T17:42:31.682758Z</time></trkpt>
  <trkpt lat="37.4131535" lon="-121.9957595"><ele>100</ele><time>2026-09-05T17:42:31.783757Z</time></trkpt>
  <trkpt lat="37.4131573" lon="-121.9957404"><ele>101</ele><time>2026-09-05T17:42:31.884165Z</time></trkpt>
  <trkpt lat="37.4131573" lon="-121.9957404"><ele>101</ele><time>2026-09-05T17:42:31.941966Z</time></trkpt>
  <trkpt lat="37.4131629" lon="-121.9957211"><ele>102</ele><time>2026-09-05T17:42:31.984478Z</time></trkpt>
  <trkpt lat="37.4131712" lon="-121.9957046"><ele>101</ele><time>2026-09-05T17:42:32.085305Z</time></trkpt>
  <trkpt lat="37.4131815" lon="-121.9956860"><ele>101</ele><time>2026-09-05T17:42:32.186742Z</time></trkpt>
  <trkpt lat="37.4131936" lon="-121.9956694"><ele>101</ele><time>2026-09-05T17:42:32.286195Z</time></trkpt>
  <trkpt lat="37.4132110" lon="-121.9956625"><ele>100</ele><time>2026-09-05T17:42:32.386576Z</time></trkpt>
  <trkpt lat="37.4132282" lon="-121.9956534"><ele>100</ele><time>2026-09-05T17:42:32.486973Z</time></trkpt>
  <trkpt lat="37.4132448" lon="-121.9956435"><ele>99</ele><time>2026-09-05T17:42:32.587646Z</time></trkpt>
  <trkpt lat="37.4132604" lon="-121.9956326"><ele>98</ele><time>2026-09-05T17:42:32.688707Z</time></trkpt>
  <trkpt lat="37.4132755" lon="-121.9956210"><ele>97</ele><time>2026-09-05T17:42:32.789218Z</time></trkpt>
  <trkpt lat="37.4132932" lon="-121.9956106"><ele>96</ele><time>2026-09-05T17:42:32.889710Z</time></trkpt>
  <trkpt lat="37.4133075" lon="-121.9955987"><ele>96</ele><time>2026-09-05T17:42:32.990330Z</time></trkpt>
  <trkpt lat="37.4133231" lon="-121.9955892"><ele>95</ele><time>2026-09-05T17:42:33.090899Z</time></trkpt>
  <trkpt lat="37.4133395" lon="-121.9955801"><ele>95</ele><time>2026-09-05T17:42:33.191110Z</time></trkpt>
  <trkpt lat="37.4133550" lon="-121.9955689"><ele>95</ele><time>2026-09-05T17:42:33.291628Z</time></trkpt>
  <trkpt lat="37.4133688" lon="-121.9955555"><ele>95</ele><time>2026-09-05T17:42:33.392565Z</time></trkpt>
  <trkpt lat="37.4133816" lon="-121.9955423"><ele>95</ele><time>2026-09-05T17:42:33.493831Z</time></trkpt>
  <trkpt lat="37.4133939" lon="-121.9955287"><ele>94</ele><time>2026-09-05T17:42:33.574588Z</time></trkpt>
  <trkpt lat="37.4134061" lon="-121.9955149"><ele>94</ele><time>2026-09-05T17:42:33.675290Z</time></trkpt>
  <trkpt lat="37.4134176" lon="-121.9955014"><ele>93</ele><time>2026-09-05T17:42:33.775961Z</time></trkpt>
  <trkpt lat="37.4134263" lon="-121.9954869"><ele>93</ele><time>2026-09-05T17:42:33.876027Z</time></trkpt>
  <trkpt lat="37.4134336" lon="-121.9954724"><ele>93</ele><time>2026-09-05T17:42:33.976572Z</time></trkpt>
  <trkpt lat="37.4134413" lon="-121.9954587"><ele>92</ele><time>2026-09-05T17:42:34.077635Z</time></trkpt>
  <trkpt lat="37.4134413" lon="-121.9954587"><ele>92</ele><time>2026-09-05T17:42:34.094918Z</time></trkpt>
  <trkpt lat="37.4134488" lon="-121.9954458"><ele>92</ele><time>2026-09-05T17:42:34.178216Z</time></trkpt>
  <trkpt lat="37.4134557" lon="-121.9954337"><ele>92</ele><time>2026-09-05T17:42:34.279404Z</time></trkpt>
  <trkpt lat="37.4134623" lon="-121.9954229"><ele>92</ele><time>2026-09-05T17:42:34.379632Z</time></trkpt>
  <trkpt lat="37.4134688" lon="-121.9954129"><ele>92</ele><time>2026-09-05T17:42:34.480522Z</time></trkpt>
  <trkpt lat="37.4134759" lon="-121.9954040"><ele>92</ele><time>2026-09-05T17:42:34.581300Z</time></trkpt>
  <trkpt lat="37.4134844" lon="-121.9953960"><ele>91</ele><time>2026-09-05T17:42:34.682065Z</time></trkpt>
  <trkpt lat="37.4134919" lon="-121.9953866"><ele>90</ele><time>2026-09-05T17:42:34.782471Z</time></trkpt>
  <trkpt lat="37.4134983" lon="-121.9953748"><ele>89</ele><time>2026-09-05T17:42:34.883158Z</time></trkpt>
  <trkpt lat="37.4135011" lon="-121.9953601"><ele>89</ele><time>2026-09-05T17:42:34.984187Z</time></trkpt>
  <trkpt lat="37.4135015" lon="-121.9953431"><ele>88</ele><time>2026-09-05T17:42:35.084771Z</time></trkpt>
  <trkpt lat="37.4134990" lon="-121.9953249"><ele>88</ele><time>2026-09-05T17:42:35.185602Z</time></trkpt>
  <trkpt lat="37.4134941" lon="-121.9953085"><ele>87</ele><time>2026-09-05T17:42:35.286772Z</time></trkpt>
  <trkpt lat="37.4134878" lon="-121.9952935"><ele>86</ele><time>2026-09-05T17:42:35.386908Z</time></trkpt>
  <trkpt lat="37.4134783" lon="-121.9952792"><ele>86</ele><time>2026-09-05T17:42:35.487415Z</time></trkpt>
  <trkpt lat="37.4134669" lon="-121.9952667"><ele>85</ele><time>2026-09-05T17:42:35.587652Z</time></trkpt>
  <trkpt lat="37.4134519" lon="-121.9952556"><ele>85</ele><time>2026-09-05T17:42:35.688839Z</time></trkpt>
  <trkpt lat="37.4134351" lon="-121.9952472"><ele>85</ele><time>2026-09-05T17:42:35.789371Z</time></trkpt>
  <trkpt lat="37.4134190" lon="-121.9952436"><ele>85</ele><time>2026-09-05T17:42:35.889717Z</time></trkpt>
  <trkpt lat="37.4134028" lon="-121.9952439"><ele>84</ele><time>2026-09-05T17:42:35.989868Z</time></trkpt>
  <trkpt lat="37.4133870" lon="-121.9952473"><ele>84</ele><time>2026-09-05T17:42:36.090379Z</time></trkpt>
  <trkpt lat="37.4133728" lon="-121.9952537"><ele>83</ele><time>2026-09-05T17:42:36.191178Z</time></trkpt>
  <trkpt lat="37.4133728" lon="-121.9952537"><ele>83</ele><time>2026-09-05T17:42:36.242364Z</time></trkpt>
  <trkpt lat="37.4133604" lon="-121.9952641"><ele>83</ele><time>2026-09-05T17:42:36.272236Z</time></trkpt>
  <trkpt lat="37.4133495" lon="-121.9952764"><ele>83</ele><time>2026-09-05T17:42:36.372794Z</time></trkpt>
  <trkpt lat="37.4133398" lon="-121.9952905"><ele>83</ele><time>2026-09-05T17:42:36.473300Z</time></trkpt>
  <trkpt lat="37.4133301" lon="-121.9953054"><ele>83</ele><time>2026-09-05T17:42:36.574213Z</time></trkpt>
  <trkpt lat="37.4133201" lon="-121.9953209"><ele>83</ele><time>2026-09-05T17:42:36.674963Z</time></trkpt>
  <trkpt lat="37.4133094" lon="-121.9953359"><ele>83</ele><time>2026-09-05T17:42:36.775305Z</time></trkpt>
  <trkpt lat="37.4132988" lon="-121.9953507"><ele>82</ele><time>2026-09-05T17:42:36.875904Z</time></trkpt>
  <trkpt lat="37.4132878" lon="-121.9953654"><ele>82</ele><time>2026-09-05T17:42:36.975994Z</time></trkpt>
  <trkpt lat="37.4132772" lon="-121.9953805"><ele>82</ele><time>2026-09-05T17:42:37.076535Z</time></trkpt>
  <trkpt lat="37.4132683" lon="-121.9953967"><ele>82</ele><time>2026-09-05T17:42:37.177148Z</time></trkpt>
  <trkpt lat="37.4132609" lon="-121.9954138"><ele>82</ele><time>2026-09-05T17:42:37.277873Z</time></trkpt>
  <trkpt lat="37.4132553" lon="-121.9954319"><ele>82</ele><time>2026-09-05T17:42:37.378398Z</time></trkpt>
  <trkpt lat="37.4132508" lon="-121.9954510"><ele>83</ele><time>2026-09-05T17:42:37.479041Z</time></trkpt>
  <trkpt lat="37.4132470" lon="-121.9954707"><ele>83</ele><time>2026-09-05T17:42:37.579366Z</time></trkpt>
  <trkpt lat="37.4132428" lon="-121.9954896"><ele>84</ele><time>2026-09-05T17:42:37.680659Z</time></trkpt>
  <trkpt lat="37.4132390" lon="-121.9955081"><ele>84</ele><time>2026-09-05T17:42:37.781185Z</time></trkpt>
  <trkpt lat="37.4132350" lon="-121.9955268"><ele>85</ele><time>2026-09-05T17:42:37.881666Z</time></trkpt>
  <trkpt lat="37.4132314" lon="-121.9955459"><ele>85</ele><time>2026-09-05T17:42:37.982246Z</time></trkpt>
  <trkpt lat="37.4132278" lon="-121.9955653"><ele>85</ele><time>2026-09-05T17:42:38.082982Z</time></trkpt>
  <trkpt lat="37.4132238" lon="-121.9955843"><ele>86</ele><time>2026-09-05T17:42:38.183204Z</time></trkpt>
  <trkpt lat="37.4132198" lon="-121.9956032"><ele>86</ele><time>2026-09-05T17:42:38.283759Z</time></trkpt>
  <trkpt lat="37.4132156" lon="-121.9956219"><ele>86</ele><time>2026-09-05T17:42:38.384137Z</time></trkpt>
  <trkpt lat="37.4132156" lon="-121.9956219"><ele>86</ele><time>2026-09-05T17:42:38.389850Z</time></trkpt>
  <trkpt lat="37.4132111" lon="-121.9956397"><ele>86</ele><time>2026-09-05T17:42:38.484696Z</time></trkpt>
  <trkpt lat="37.4132059" lon="-121.9956564"><ele>87</ele><time>2026-09-05T17:42:38.585846Z</time></trkpt>
  <trkpt lat="37.4132000" lon="-121.9956723"><ele>87</ele><time>2026-09-05T17:42:38.686506Z</time></trkpt>
  <trkpt lat="37.4131934" lon="-121.9956873"><ele>88</ele><time>2026-09-05T17:42:38.787103Z</time></trkpt>
  <trkpt lat="37.4131865" lon="-121.9957019"><ele>89</ele><time>2026-09-05T17:42:38.887729Z</time></trkpt>
  <trkpt lat="37.4131795" lon="-121.9957162"><ele>89</ele><time>2026-09-05T17:42:38.988090Z</time></trkpt>
  <trkpt lat="37.4131722" lon="-121.9957305"><ele>90</ele><time>2026-09-05T17:42:39.088478Z</time></trkpt>
  <trkpt lat="37.4131646" lon="-121.9957445"><ele>90</ele><time>2026-09-05T17:42:39.189787Z</time></trkpt>
  <trkpt lat="37.4131568" lon="-121.9957582"><ele>91</ele><time>2026-09-05T17:42:39.270150Z</time></trkpt>
  <trkpt lat="37.4131480" lon="-121.9957707"><ele>91</ele><time>2026-09-05T17:42:39.371112Z</time></trkpt>
  <trkpt lat="37.4131388" lon="-121.9957819"><ele>92</ele><time>2026-09-05T17:42:39.471527Z</time></trkpt>
  <trkpt lat="37.4131294" lon="-121.9957928"><ele>93</ele><time>2026-09-05T17:42:39.572140Z</time></trkpt>
  <trkpt lat="37.4131203" lon="-121.9958031"><ele>94</ele><time>2026-09-05T17:42:39.672334Z</time></trkpt>
  <trkpt lat="37.4131112" lon="-121.9958129"><ele>95</ele><time>2026-09-05T17:42:39.773618Z</time></trkpt>
  <trkpt lat="37.4131017" lon="-121.9958221"><ele>95</ele><time>2026-09-05T17:42:39.873781Z</time></trkpt>
  <trkpt lat="37.4130925" lon="-121.9958308"><ele>96</ele><time>2026-09-05T17:42:39.974163Z</time></trkpt>
  <trkpt lat="37.4130832" lon="-121.9958385"><ele>97</ele><time>2026-09-05T17:42:40.074898Z</time></trkpt>
  <trkpt lat="37.4130743" lon="-121.9958457"><ele>97</ele><time>2026-09-05T17:42:40.175684Z</time></trkpt>
  <trkpt lat="37.4130655" lon="-121.9958524"><ele>98</ele><time>2026-09-05T17:42:40.276259Z</time></trkpt>
  <trkpt lat="37.4130571" lon="-121.9958579"><ele>99</ele><time>2026-09-05T17:42:40.376805Z</time></trkpt>
  <trkpt lat="37.4130495" lon="-121.9958625"><ele>100</ele><time>2026-09-05T17:42:40.476831Z</time></trkpt>
  <trkpt lat="37.4130495" lon="-121.9958625"><ele>100</ele><time>2026-09-05T17:42:40.550011Z</time></trkpt>
  <trkpt lat="37.4130420" lon="-121.9958661"><ele>101</ele><time>2026-09-05T17:42:40.577435Z</time></trkpt>
  <trkpt lat="37.4130352" lon="-121.9958692"><ele>102</ele><time>2026-09-05T17:42:40.678141Z</time></trkpt>
  <trkpt lat="37.4130282" lon="-121.9958718"><ele>103</ele><time>2026-09-05T17:42:40.778911Z</time></trkpt>
  <trkpt lat="37.4130215" lon="-121.9958738"><ele>104</ele><time>2026-09-05T17:42:40.879462Z</time></trkpt>
  <trkpt lat="37.4130155" lon="-121.9958752"><ele>105</ele><time>2026-09-05T17:42:40.980157Z</time></trkpt>
  <trkpt lat="37.4130097" lon="-121.9958759"><ele>106</ele><time>2026-09-05T17:42:41.080336Z</time></trkpt>
  <trkpt lat="37.4130036" lon="-121.9958761"><ele>107</ele><time>2026-09-05T17:42:41.180841Z</time></trkpt>
  <trkpt lat="37.4129976" lon="-121.9958756"><ele>108</ele><time>2026-09-05T17:42:41.281413Z</time></trkpt>
  <trkpt lat="37.4129917" lon="-121.9958748"><ele>109</ele><time>2026-09-05T17:42:41.382181Z</time></trkpt>
  <trkpt lat="37.4129863" lon="-121.9958738"><ele>110</ele><time>2026-09-05T17:42:41.482468Z</time></trkpt>
  <trkpt lat="37.4129813" lon="-121.9958719"><ele>111</ele><time>2026-09-05T17:42:41.583227Z</time></trkpt>
  <trkpt lat="37.4129765" lon="-121.9958696"><ele>112</ele><time>2026-09-05T17:42:41.683398Z</time></trkpt>
  <trkpt lat="37.4129727" lon="-121.9958667"><ele>113</ele><time>2026-09-05T17:42:41.763614Z</time></trkpt>
  <trkpt lat="37.4129693" lon="-121.9958632"><ele>114</ele><time>2026-09-05T17:42:41.864620Z</time></trkpt>
  <trkpt lat="37.4129666" lon="-121.9958595"><ele>114</ele><time>2026-09-05T17:42:41.965280Z</time></trkpt>
  <trkpt lat="37.4129648" lon="-121.9958557"><ele>115</ele><time>2026-09-05T17:42:42.065921Z</time></trkpt>
  <trkpt lat="37.4129632" lon="-121.9958516"><ele>115</ele><time>2026-09-05T17:42:42.166879Z</time></trkpt>
  <trkpt lat="37.4129604" lon="-121.9958467"><ele>116</ele><time>2026-09-05T17:42:42.267642Z</time></trkpt>
  <trkpt lat="37.4129574" lon="-121.9958414"><ele>117</ele><time>2026-09-05T17:42:42.368528Z</time></trkpt>
  <trkpt lat="37.4129543" lon="-121.9958358"><ele>117</ele><time>2026-09-05T17:42:42.468993Z</time></trkpt>
  <trkpt lat="37.4129503" lon="-121.9958297"><ele>118</ele><time>2026-09-05T17:42:42.570257Z</time></trkpt>
  <trkpt lat="37.4129470" lon="-121.9958241"><ele>119</ele><time>2026-09-05T17:42:42.670148Z</time></trkpt>
  <trkpt lat="37.4129470" lon="-121.9958241"><ele>119</ele><time>2026-09-05T17:42:42.712900Z</time></trkpt>
  <trkpt lat="37.4129441" lon="-121.9958181"><ele>120</ele><time>2026-09-05T17:42:42.770639Z</time></trkpt>
  <trkpt lat="37.4129432" lon="-121.9958126"><ele>120</ele><time>2026-09-05T17:42:42.871421Z</time></trkpt>
  <trkpt lat="37.4129425" lon="-121.9958067"><ele>121</ele><time>2026-09-05T17:42:42.972818Z</time></trkpt>
  <trkpt lat="37.4129422" lon="-121.9958016"><ele>121</ele><time>2026-09-05T17:42:43.073970Z</time></trkpt>
  <trkpt lat="37.4129434" lon="-121.9957979"><ele>121</ele><time>2026-09-05T17:42:43.174374Z</time></trkpt>
  <trkpt lat="37.4129445" lon="-121.9957955"><ele>121</ele><time>2026-09-05T17:42:43.274670Z</time></trkpt>
  <trkpt lat="37.4129468" lon="-121.9957962"><ele>120</ele><time>2026-09-05T17:42:43.375210Z</time></trkpt>
  <trkpt lat="37.4129475" lon="-121.9957989"><ele>119</ele><time>2026-09-05T17:42:43.475300Z</time></trkpt>
  <trkpt lat="37.4129484" lon="-121.9958029"><ele>119</ele><time>2026-09-05T17:42:43.576334Z</time></trkpt>
  <trkpt lat="37.4129493" lon="-121.9958080"><ele>118</ele><time>2026-09-05T17:42:43.676652Z</time></trkpt>
  <trkpt lat="37.4129506" lon="-121.9958135"><ele>117</ele><time>2026-09-05T17:42:43.777425Z</time></trkpt>
  <trkpt lat="37.4129522" lon="-121.9958194"><ele>115</ele><time>2026-09-05T17:42:43.878182Z</time></trkpt>
  <trkpt lat="37.4129541" lon="-121.9958252"><ele>114</ele><time>2026-09-05T17:42:43.978600Z</time></trkpt>
  <trkpt lat="37.4129565" lon="-121.9958316"><ele>113</ele><time>2026-09-05T17:42:44.079592Z</time></trkpt>
  <trkpt lat="37.4129596" lon="-121.9958392"><ele>111</ele><time>2026-09-05T17:42:44.180518Z</time></trkpt>
  <trkpt lat="37.4129625" lon="-121.9958485"><ele>109</ele><time>2026-09-05T17:42:44.281255Z</time></trkpt>
  <trkpt lat="37.4129637" lon="-121.9958605"><ele>108</ele><time>2026-09-05T17:42:44.382205Z</time></trkpt>
  <trkpt lat="37.4129648" lon="-121.9958741"><ele>107</ele><time>2026-09-05T17:42:44.482807Z</time></trkpt>
  <trkpt lat="37.4129652" lon="-121.9958888"><ele>106</ele><time>2026-09-05T17:42:44.583135Z</time></trkpt>
  <trkpt lat="37.4129652" lon="-121.9959047"><ele>105</ele><time>2026-09-05T17:42:44.684510Z</time></trkpt>
  <trkpt lat="37.4129626" lon="-121.9959217"><ele>105</ele><time>2026-09-05T17:42:44.785198Z</time></trkpt>
  <trkpt lat="37.4129626" lon="-121.9959217"><ele>105</ele><time>2026-09-05T17:42:44.874932Z</time></trkpt>
  <trkpt lat="37.4129594" lon="-121.9959390"><ele>105</ele><time>2026-09-05T17:42:44.885971Z</time></trkpt>
  <trkpt lat="37.4129561" lon="-121.9959562"><ele>104</ele><time>2026-09-05T17:42:44.966583Z</time></trkpt>
  <trkpt lat="37.4129532" lon="-121.9959733"><ele>104</ele><time>2026-09-05T17:42:45.067251Z</time></trkpt>
  <trkpt lat="37.4129501" lon="-121.9959902"><ele>103</ele><time>2026-09-05T17:42:45.168109Z</time></trkpt>
  <trkpt lat="37.4129467" lon="-121.9960077"><ele>103</ele><time>2026-09-05T17:42:45.268322Z</time></trkpt>
  <trkpt lat="37.4129431" lon="-121.9960252"><ele>103</ele><time>2026-09-05T17:42:45.369338Z</time></trkpt>
  <trkpt lat="37.4129402" lon="-121.9960429"><ele>103</ele><time>2026-09-05T17:42:45.469984Z</time></trkpt>
  <trkpt lat="37.4129377" lon="-121.9960605"><ele>103</ele><time>2026-09-05T17:42:45.570310Z</time></trkpt>
  <trkpt lat="37.4129356" lon="-121.9960775"><ele>103</ele><time>2026-09-05T17:42:45.670938Z</time></trkpt>
  <trkpt lat="37.4129341" lon="-121.9960940"><ele>104</ele><time>2026-09-05T17:42:45.772024Z</time></trkpt>
  <trkpt lat="37.4129334" lon="-121.9961100"><ele>104</ele><time>2026-09-05T17:42:45.872409Z</time></trkpt>
  <trkpt lat="37.4129333" lon="-121.9961256"><ele>104</ele><time>2026-09-05T17:42:45.972792Z</time></trkpt>
  <trkpt lat="37.4129337" lon="-121.9961409"><ele>105</ele><time>2026-09-05T17:42:46.073772Z</time></trkpt>
  <trkpt lat="37.4129345" lon="-121.9961557"><ele>105</ele><time>2026-09-05T17:42:46.175560Z</time></trkpt>
  <trkpt lat="37.4129360" lon="-121.9961703"><ele>105</ele><time>2026-09-05T17:42:46.277161Z</time></trkpt>
  <trkpt lat="37.4129382" lon="-121.9961845"><ele>105</ele><time>2026-09-05T17:42:46.378239Z</time></trkpt>
  <trkpt lat="37.4129411" lon="-121.9961979"><ele>105</ele><time>2026-09-05T17:42:46.478721Z</time></trkpt>
  <trkpt lat="37.4129448" lon="-121.9962102"><ele>105</ele><time>2026-09-05T17:42:46.579128Z</time></trkpt>
  <trkpt lat="37.4129502" lon="-121.9962214"><ele>105</ele><time>2026-09-05T17:42:46.679716Z</time></trkpt>
  <trkpt lat="37.4129572" lon="-121.9962309"><ele>105</ele><time>2026-09-05T17:42:46.780151Z</time></trkpt>
  <trkpt lat="37.4129649" lon="-121.9962391"><ele>105</ele><time>2026-09-05T17:42:46.881646Z</time></trkpt>
  <trkpt lat="37.4129736" lon="-121.9962459"><ele>105</ele><time>2026-09-05T17:42:46.982378Z</time></trkpt>
  <trkpt lat="37.4129736" lon="-121.9962459"><ele>105</ele><time>2026-09-05T17:42:47.035006Z</time></trkpt>
  <trkpt lat="37.4129831" lon="-121.9962514"><ele>104</ele><time>2026-09-05T17:42:47.083023Z</time></trkpt>
  <trkpt lat="37.4129932" lon="-121.9962559"><ele>104</ele><time>2026-09-05T17:42:47.163604Z</time></trkpt>
  <trkpt lat="37.4130039" lon="-121.9962591"><ele>104</ele><time>2026-09-05T17:42:47.264636Z</time></trkpt>
  <trkpt lat="37.4130150" lon="-121.9962603"><ele>103</ele><time>2026-09-05T17:42:47.365747Z</time></trkpt>
  <trkpt lat="37.4130264" lon="-121.9962606"><ele>103</ele><time>2026-09-05T17:42:47.465813Z</time></trkpt>
  <trkpt lat="37.4130378" lon="-121.9962594"><ele>102</ele><time>2026-09-05T17:42:47.565962Z</time></trkpt>
  <trkpt lat="37.4130485" lon="-121.9962563"><ele>102</ele><time>2026-09-05T17:42:47.666398Z</time></trkpt>
  <trkpt lat="37.4130587" lon="-121.9962512"><ele>102</ele><time>2026-09-05T17:42:47.767363Z</time></trkpt>
  <trkpt lat="37.4130682" lon="-121.9962439"><ele>101</ele><time>2026-09-05T17:42:47.867922Z</time></trkpt>
  <trkpt lat="37.4130769" lon="-121.9962346"><ele>101</ele><time>2026-09-05T17:42:47.968356Z</time></trkpt>
  <trkpt lat="37.4130861" lon="-121.9962246"><ele>101</ele><time>2026-09-05T17:42:48.068895Z</time></trkpt>
  <trkpt lat="37.4130954" lon="-121.9962146"><ele>100</ele><time>2026-09-05T17:42:48.169323Z</time></trkpt>
  <trkpt lat="37.4131044" lon="-121.9962042"><ele>99</ele><time>2026-09-05T17:42:48.270037Z</time></trkpt>
  <trkpt lat="37.4131133" lon="-121.9961944"><ele>98</ele><time>2026-09-05T17:42:48.370191Z</time></trkpt>
  <trkpt lat="37.4131224" lon="-121.9961848"><ele>97</ele><time>2026-09-05T17:42:48.470790Z</time></trkpt>
  <trkpt lat="37.4131313" lon="-121.9961751"><ele>96</ele><time>2026-09-05T17:42:48.571198Z</time></trkpt>
  <trkpt lat="37.4131395" lon="-121.9961638"><ele>95</ele><time>2026-09-05T17:42:48.671902Z</time></trkpt>
  <trkpt lat="37.4131480" lon="-121.9961518"><ele>94</ele><time>2026-09-05T17:42:48.773015Z</time></trkpt>
  <trkpt lat="37.4131569" lon="-121.9961396"><ele>92</ele><time>2026-09-05T17:42:48.874321Z</time></trkpt>
  <trkpt lat="37.4131647" lon="-121.9961243"><ele>91</ele><time>2026-09-05T17:42:48.974959Z</time></trkpt>
  <trkpt lat="37.4131724" lon="-121.9961071"><ele>91</ele><time>2026-09-05T17:42:49.075429Z</time></trkpt>
  <trkpt lat="37.4131802" lon="-121.9960890"><ele>90</ele><time>2026-09-05T17:42:49.175785Z</time></trkpt>
  <trkpt lat="37.4131802" lon="-121.9960890"><ele>90</ele><time>2026-09-05T17:42:49.198843Z</time></trkpt>
  <trkpt lat="37.4131876" lon="-121.9960701"><ele>89</ele><time>2026-09-05T17:42:49.276277Z</time></trkpt>
  <trkpt lat="37.4131943" lon="-121.9960499"><ele>89</ele><time>2026-09-05T17:42:49.377212Z</time></trkpt>
  <trkpt lat="37.4132005" lon="-121.9960292"><ele>89</ele><time>2026-09-05T17:42:49.479045Z</time></trkpt>
  <trkpt lat="37.4132059" lon="-121.9960080"><ele>89</ele><time>2026-09-05T17:42:49.580558Z</time></trkpt>
  <trkpt lat="37.4132105" lon="-121.9959867"><ele>89</ele><time>2026-09-05T17:42:49.681359Z</time></trkpt>
  <trkpt lat="37.4132144" lon="-121.9959655"><ele>89</ele><time>2026-09-05T17:42:49.761055Z</time></trkpt>
  <trkpt lat="37.4132173" lon="-121.9959443"><ele>89</ele><time>2026-09-05T17:42:49.881119Z</time></trkpt>
  <trkpt lat="37.4132196" lon="-121.9959234"><ele>89</ele><time>2026-09-05T17:42:49.961818Z</time></trkpt>
  <trkpt lat="37.4132223" lon="-121.9959029"><ele>89</ele><time>2026-09-05T17:42:50.062800Z</time></trkpt>
  <trkpt lat="37.4132252" lon="-121.9958829"><ele>89</ele><time>2026-09-05T17:42:50.163513Z</time></trkpt>
  <trkpt lat="37.4132282" lon="-121.9958630"><ele>89</ele><time>2026-09-05T17:42:50.263721Z</time></trkpt>
  <trkpt lat="37.4132309" lon="-121.9958432"><ele>89</ele><time>2026-09-05T17:42:50.364166Z</time></trkpt>
  <trkpt lat="37.4132333" lon="-121.9958233"><ele>88</ele><time>2026-09-05T17:42:50.464420Z</time></trkpt>
  <trkpt lat="37.4132355" lon="-121.9958033"><ele>88</ele><time>2026-09-05T17:42:50.565538Z</time></trkpt>
  <trkpt lat="37.4132370" lon="-121.9957830"><ele>88</ele><time>2026-09-05T17:42:50.666694Z</time></trkpt>
  <trkpt lat="37.4132377" lon="-121.9957628"><ele>88</ele><time>2026-09-05T17:42:50.767853Z</time></trkpt>
  <trkpt lat="37.4132374" lon="-121.9957427"><ele>88</ele><time>2026-09-05T17:42:50.868272Z</time></trkpt>
  <trkpt lat="37.4132367" lon="-121.9957232"><ele>89</ele><time>2026-09-05T17:42:50.969488Z</time></trkpt>
  <trkpt lat="37.4132355" lon="-121.9957042"><ele>89</ele><time>2026-09-05T17:42:51.070568Z</time></trkpt>
  <trkpt lat="37.4132337" lon="-121.9956856"><ele>89</ele><time>2026-09-05T17:42:51.171794Z</time></trkpt>
  <trkpt lat="37.4132315" lon="-121.9956674"><ele>90</ele><time>2026-09-05T17:42:51.272585Z</time></trkpt>
  <trkpt lat="37.4132315" lon="-121.9956674"><ele>90</ele><time>2026-09-05T17:42:51.353672Z</time></trkpt>
  <trkpt lat="37.4132292" lon="-121.9956494"><ele>90</ele><time>2026-09-05T17:42:51.372961Z</time></trkpt>
  <trkpt lat="37.4132267" lon="-121.9956315"><ele>91</ele><time>2026-09-05T17:42:51.473580Z</time></trkpt>
  <trkpt lat="37.4132241" lon="-121.9956136"><ele>91</ele><time>2026-09-05T17:42:51.574344Z</time></trkpt>
  <trkpt lat="37.4132212" lon="-121.9955956"><ele>91</ele><time>2026-09-05T17:42:51.674861Z</time></trkpt>
  <trkpt lat="37.4132183" lon="-121.9955777"><ele>91</ele><time>2026-09-05T17:42:51.776523Z</time></trkpt>
  <trkpt lat="37.4132149" lon="-121.9955597"><ele>91</ele><time>2026-09-05T17:42:51.856899Z</time></trkpt>
  <trkpt lat="37.4132113" lon="-121.9955418"><ele>91</ele><time>2026-09-05T17:42:51.977433Z</time></trkpt>
  <trkpt lat="37.4132073" lon="-121.9955241"><ele>92</ele><time>2026-09-05T17:42:52.057918Z</time></trkpt>
  <trkpt lat="37.4132023" lon="-121.9955068"><ele>92</ele><time>2026-09-05T17:42:52.158747Z</time></trkpt>
  <trkpt lat="37.4131963" lon="-121.9954901"><ele>92</ele><time>2026-09-05T17:42:52.258939Z</time></trkpt>
  <trkpt lat="37.4131890" lon="-121.9954744"><ele>92</ele><time>2026-09-05T17:42:52.359228Z</time></trkpt>
  <trkpt lat="37.4131808" lon="-121.9954600"><ele>92</ele><time>2026-09-05T17:42:52.459873Z</time></trkpt>
  <trkpt lat="37.4131715" lon="-121.9954466"><ele>92</ele><time>2026-09-05T17:42:52.560307Z</time></trkpt>
  <trkpt lat="37.4131614" lon="-121.9954345"><ele>92</ele><time>2026-09-05T17:42:52.661033Z</time></trkpt>
  <trkpt lat="37.4131507" lon="-121.9954236"><ele>92</ele><time>2026-09-05T17:42:52.761749Z</time></trkpt>
  <trkpt lat="37.4131391" lon="-121.9954145"><ele>93</ele><time>2026-09-05T17:42:52.862466Z</time></trkpt>
  <trkpt lat="37.4131272" lon="-121.9954071"><ele>93</ele><time>2026-09-05T17:42:52.962946Z</time></trkpt>
  <trkpt lat="37.4131151" lon="-121.9954008"><ele>93</ele><time>2026-09-05T17:42:53.064300Z</time></trkpt>
  <trkpt lat="37.4131026" lon="-121.9953962"><ele>93</ele><time>2026-09-05T17:42:53.164313Z</time></trkpt>
  <trkpt lat="37.4130901" lon="-121.9953927"><ele>93</ele><time>2026-09-05T17:42:53.264350Z</time></trkpt>
  <trkpt lat="37.4130779" lon="-121.9953896"><ele>93</ele><time>2026-09-05T17:42:53.364547Z</time></trkpt>
  <trkpt lat="37.4130655" lon="-121.9953878"><ele>93</ele><time>2026-09-05T17:42:53.465625Z</time></trkpt>
  <trkpt lat="37.4130655" lon="-121.9953878"><ele>93</ele><time>2026-09-05T17:42:53.509026Z</time></trkpt>
  <trkpt lat="37.4130530" lon="-121.9953876"><ele>93</ele><time>2026-09-05T17:42:53.566249Z</time></trkpt>
  <trkpt lat="37.4130410" lon="-121.9953881"><ele>93</ele><time>2026-09-05T17:42:53.666787Z</time></trkpt>
  <trkpt lat="37.4130286" lon="-121.9953899"><ele>93</ele><time>2026-09-05T17:42:53.767876Z</time></trkpt>
  <trkpt lat="37.4130165" lon="-121.9953918"><ele>94</ele><time>2026-09-05T17:42:53.868276Z</time></trkpt>
  <trkpt lat="37.4130044" lon="-121.9953940"><ele>94</ele><time>2026-09-05T17:42:53.968502Z</time></trkpt>
  <trkpt lat="37.4129921" lon="-121.9953967"><ele>94</ele><time>2026-09-05T17:42:54.069355Z</time></trkpt>
  <trkpt lat="37.4129800" lon="-121.9953998"><ele>94</ele><time>2026-09-05T17:42:54.169631Z</time></trkpt>
  <trkpt lat="37.4129678" lon="-121.9954033"><ele>94</ele><time>2026-09-05T17:42:54.270349Z</time></trkpt>
  <trkpt lat="37.4129556" lon="-121.9954067"><ele>94</ele><time>2026-09-05T17:42:54.370886Z</time></trkpt>
  <trkpt lat="37.4129433" lon="-121.9954103"><ele>94</ele><time>2026-09-05T17:42:54.471981Z</time></trkpt>
  <trkpt lat="37.4129310" lon="-121.9954139"><ele>94</ele><time>2026-09-05T17:42:54.573564Z</time></trkpt>
  <trkpt lat="37.4129186" lon="-121.9954177"><ele>94</ele><time>2026-09-05T17:42:54.674193Z</time></trkpt>
  <trkpt lat="37.4129065" lon="-121.9954216"><ele>94</ele><time>2026-09-05T17:42:54.774912Z</time></trkpt>
  <trkpt lat="37.4128942" lon="-121.9954257"><ele>94</ele><time>2026-09-05T17:42:54.856475Z</time></trkpt>
  <trkpt lat="37.4128821" lon="-121.9954299"><ele>94</ele><time>2026-09-05T17:42:54.956934Z</time></trkpt>
  <trkpt lat="37.4128699" lon="-121.9954342"><ele>94</ele><time>2026-09-05T17:42:55.057776Z</time></trkpt>
  <trkpt lat="37.4128579" lon="-121.9954386"><ele>94</ele><time>2026-09-05T17:42:55.158054Z</time></trkpt>
  <trkpt lat="37.4128457" lon="-121.9954433"><ele>94</ele><time>2026-09-05T17:42:55.258819Z</time></trkpt>
  <trkpt lat="37.4128338" lon="-121.9954483"><ele>94</ele><time>2026-09-05T17:42:55.359474Z</time></trkpt>
  <trkpt lat="37.4128219" lon="-121.9954537"><ele>94</ele><time>2026-09-05T17:42:55.459972Z</time></trkpt>
  <trkpt lat="37.4128101" lon="-121.9954593"><ele>94</ele><time>2026-09-05T17:42:55.561270Z</time></trkpt>
  <trkpt lat="37.4128101" lon="-121.9954593"><ele>94</ele><time>2026-09-05T17:42:55.648965Z</time></trkpt>
  <trkpt lat="37.4127981" lon="-121.9954652"><ele>95</ele><time>2026-09-05T17:42:55.661534Z</time></trkpt>
  <trkpt lat="37.4127861" lon="-121.9954713"><ele>95</ele><time>2026-09-05T17:42:55.762582Z</time></trkpt>
  <trkpt lat="37.4127745" lon="-121.9954778"><ele>95</ele><time>2026-09-05T17:42:55.862542Z</time></trkpt>
  <trkpt lat="37.4127633" lon="-121.9954850"><ele>95</ele><time>2026-09-05T17:42:55.963974Z</time></trkpt>
  <trkpt lat="37.4127520" lon="-121.9954923"><ele>95</ele><time>2026-09-05T17:42:56.064697Z</time></trkpt>
  <trkpt lat="37.4127420" lon="-121.9955005"><ele>95</ele><time>2026-09-05T17:42:56.165142Z</time></trkpt>
  <trkpt lat="37.4127323" lon="-121.9955080"><ele>94</ele><time>2026-09-05T17:42:56.265772Z</time></trkpt>
  <trkpt lat="37.4127225" lon="-121.9955142"><ele>94</ele><time>2026-09-05T17:42:56.366745Z</time></trkpt>
  <trkpt lat="37.4127136" lon="-121.9955198"><ele>93</ele><time>2026-09-05T17:42:56.467362Z</time></trkpt>
  <trkpt lat="37.4127056" lon="-121.9955259"><ele>92</ele><time>2026-09-05T17:42:56.568116Z</time></trkpt>
  <trkpt lat="37.4126983" lon="-121.9955321"><ele>91</ele><time>2026-09-05T17:42:56.668732Z</time></trkpt>
  <trkpt lat="37.4126913" lon="-121.9955386"><ele>91</ele><time>2026-09-05T17:42:56.769364Z</time></trkpt>
  <trkpt lat="37.4126842" lon="-121.9955458"><ele>90</ele><time>2026-09-05T17:42:56.869933Z</time></trkpt>
  <trkpt lat="37.4126774" lon="-121.9955534"><ele>89</ele><time>2026-09-05T17:42:56.971361Z</time></trkpt>
  <trkpt lat="37.4126726" lon="-121.9955603"><ele>86</ele><time>2026-09-05T17:42:57.052140Z</time></trkpt>
  <trkpt lat="37.4126661" lon="-121.9955600"><ele>85</ele><time>2026-09-05T17:42:57.152584Z</time></trkpt>
  <trkpt lat="37.4126600" lon="-121.9955557"><ele>83</ele><time>2026-09-05T17:42:57.253645Z</time></trkpt>
  <trkpt lat="37.4126542" lon="-121.9955483"><ele>82</ele><time>2026-09-05T17:42:57.354190Z</time></trkpt>
  <trkpt lat="37.4126493" lon="-121.9955362"><ele>80</ele><time>2026-09-05T17:42:57.454524Z</time></trkpt>
  <trkpt lat="37.4126446" lon="-121.9955198"><ele>79</ele><time>2026-09-05T17:42:57.554651Z</time></trkpt>
  <trkpt lat="37.4126399" lon="-121.9955000"><ele>78</ele><time>2026-09-05T17:42:57.655280Z</time></trkpt>
  <trkpt lat="37.4126350" lon="-121.9954776"><ele>77</ele><time>2026-09-05T17:42:57.755434Z</time></trkpt>
  <trkpt lat="37.4126350" lon="-121.9954776"><ele>77</ele><time>2026-09-05T17:42:57.795833Z</time></trkpt>
  <trkpt lat="37.4126298" lon="-121.9954537"><ele>77</ele><time>2026-09-05T17:42:57.855866Z</time></trkpt>
  <trkpt lat="37.4126242" lon="-121.9954302"><ele>77</ele><time>2026-09-05T17:42:57.956512Z</time></trkpt>
  <trkpt lat="37.4126178" lon="-121.9954070"><ele>78</ele><time>2026-09-05T17:42:58.057227Z</time></trkpt>
  <trkpt lat="37.4126108" lon="-121.9953838"><ele>78</ele><time>2026-09-05T17:42:58.157676Z</time></trkpt>
  <trkpt lat="37.4126033" lon="-121.9953595"><ele>78</ele><time>2026-09-05T17:42:58.258956Z</time></trkpt>
  <trkpt lat="37.4125957" lon="-121.9953350"><ele>78</ele><time>2026-09-05T17:42:58.359525Z</time></trkpt>
  <trkpt lat="37.4125888" lon="-121.9953110"><ele>78</ele><time>2026-09-05T17:42:58.459625Z</time></trkpt>
  <trkpt lat="37.4125824" lon="-121.9952886"><ele>78</ele><time>2026-09-05T17:42:58.560319Z</time></trkpt>
  <trkpt lat="37.4125754" lon="-121.9952664"><ele>79</ele><time>2026-09-05T17:42:58.660963Z</time></trkpt>
  <trkpt lat="37.4125679" lon="-121.9952441"><ele>80</ele><time>2026-09-05T17:42:58.761416Z</time></trkpt>
  <trkpt lat="37.4125614" lon="-121.9952222"><ele>80</ele><time>2026-09-05T17:42:58.862054Z</time></trkpt>
  <trkpt lat="37.4125556" lon="-121.9952004"><ele>81</ele><time>2026-09-05T17:42:58.962265Z</time></trkpt>
  <trkpt lat="37.4125518" lon="-121.9951794"><ele>83</ele><time>2026-09-05T17:42:59.063035Z</time></trkpt>
  <trkpt lat="37.4125509" lon="-121.9951597"><ele>84</ele><time>2026-09-05T17:42:59.163977Z</time></trkpt>
  <trkpt lat="37.4125538" lon="-121.9951416"><ele>85</ele><time>2026-09-05T17:42:59.264595Z</time></trkpt>
  <trkpt lat="37.4125570" lon="-121.9951244"><ele>86</ele><time>2026-09-05T17:42:59.365160Z</time></trkpt>
  <trkpt lat="37.4125603" lon="-121.9951072"><ele>88</ele><time>2026-09-05T17:42:59.465909Z</time></trkpt>
  <trkpt lat="37.4125653" lon="-121.9950907"><ele>89</ele><time>2026-09-05T17:42:59.566270Z</time></trkpt>
  <trkpt lat="37.4125708" lon="-121.9950747"><ele>90</ele><time>2026-09-05T17:42:59.666655Z</time></trkpt>
  <trkpt lat="37.4125767" lon="-121.9950615"><ele>91</ele><time>2026-09-05T17:42:59.766981Z</time></trkpt>
  <trkpt lat="37.4125839" lon="-121.9950501"><ele>91</ele><time>2026-09-05T17:42:59.867735Z</time></trkpt>
  <trkpt lat="37.4125839" lon="-121.9950501"><ele>91</ele><time>2026-09-05T17:42:59.940951Z</time></trkpt>
  <trkpt lat="37.4125927" lon="-121.9950398"><ele>92</ele><time>2026-09-05T17:42:59.968453Z</time></trkpt>
  <trkpt lat="37.4126033" lon="-121.9950292"><ele>93</ele><time>2026-09-05T17:43:00.068887Z</time></trkpt>
  <trkpt lat="37.4126165" lon="-121.9950199"><ele>93</ele><time>2026-09-05T17:43:00.148910Z</time></trkpt>
  <trkpt lat="37.4126309" lon="-121.9950121"><ele>93</ele><time>2026-09-05T17:43:00.249435Z</time></trkpt>
  <trkpt lat="37.4126467" lon="-121.9950076"><ele>92</ele><time>2026-09-05T17:43:00.349812Z</time></trkpt>
  <trkpt lat="37.4126608" lon="-121.9950057"><ele>92</ele><time>2026-09-05T17:43:00.470636Z</time></trkpt>
  <trkpt lat="37.4126736" lon="-121.9950012"><ele>92</ele><time>2026-09-05T17:43:00.550780Z</time></trkpt>
  <trkpt lat="37.4126876" lon="-121.9949935"><ele>91</ele><time>2026-09-05T17:43:00.651738Z</time></trkpt>
  <trkpt lat="37.4127026" lon="-121.9949867"><ele>90</ele><time>2026-09-05T17:43:00.752177Z</time></trkpt>
  <trkpt lat="37.4127170" lon="-121.9949799"><ele>90</ele><time>2026-09-05T17:43:00.853135Z</time></trkpt>
  <trkpt lat="37.4127300" lon="-121.9949707"><ele>89</ele><time>2026-09-05T17:43:00.953691Z</time></trkpt>
  <trkpt lat="37.4127426" lon="-121.9949626"><ele>89</ele><time>2026-09-05T17:43:01.054254Z</time></trkpt>
  <trkpt lat="37.4127560" lon="-121.9949572"><ele>88</ele><time>2026-09-05T17:43:01.155242Z</time></trkpt>
  <trkpt lat="37.4127712" lon="-121.9949536"><ele>87</ele><time>2026-09-05T17:43:01.256033Z</time></trkpt>
  <trkpt lat="37.4127850" lon="-121.9949494"><ele>86</ele><time>2026-09-05T17:43:01.356609Z</time></trkpt>
  <trkpt lat="37.4127983" lon="-121.9949456"><ele>86</ele><time>2026-09-05T17:43:01.456977Z</time></trkpt>
  <trkpt lat="37.4128113" lon="-121.9949441"><ele>85</ele><time>2026-09-05T17:43:01.557761Z</time></trkpt>
  <trkpt lat="37.4128239" lon="-121.9949452"><ele>86</ele><time>2026-09-05T17:43:01.658522Z</time></trkpt>
  <trkpt lat="37.4128375" lon="-121.9949482"><ele>86</ele><time>2026-09-05T17:43:01.758921Z</time></trkpt>
  <trkpt lat="37.4128519" lon="-121.9949527"><ele>87</ele><time>2026-09-05T17:43:01.859771Z</time></trkpt>
  <trkpt lat="37.4128658" lon="-121.9949570"><ele>87</ele><time>2026-09-05T17:43:01.960803Z</time></trkpt>
  <trkpt lat="37.4128798" lon="-121.9949614"><ele>87</ele><time>2026-09-05T17:43:02.061238Z</time></trkpt>
  <trkpt lat="37.4128798" lon="-121.9949614"><ele>87</ele><time>2026-09-05T17:43:02.088996Z</time></trkpt>
  <trkpt lat="37.4128922" lon="-121.9949663"><ele>88</ele><time>2026-09-05T17:43:02.161672Z</time></trkpt>
  <trkpt lat="37.4129016" lon="-121.9949723"><ele>89</ele><time>2026-09-05T17:43:02.263094Z</time></trkpt>
  <trkpt lat="37.4129104" lon="-121.9949813"><ele>89</ele><time>2026-09-05T17:43:02.364234Z</time></trkpt>
  <trkpt lat="37.4129206" lon="-121.9949915"><ele>90</ele><time>2026-09-05T17:43:02.465057Z</time></trkpt>
  <trkpt lat="37.4129313" lon="-121.9950005"><ele>90</ele><time>2026-09-05T17:43:02.565478Z</time></trkpt>
  <trkpt lat="37.4129407" lon="-121.9950093"><ele>91</ele><time>2026-09-05T17:43:02.666167Z</time></trkpt>
  <trkpt lat="37.4129497" lon="-121.9950201"><ele>92</ele><time>2026-09-05T17:43:02.746766Z</time></trkpt>
  <trkpt lat="37.4129588" lon="-121.9950323"><ele>92</ele><time>2026-09-05T17:43:02.847443Z</time></trkpt>
  <trkpt lat="37.4129655" lon="-121.9950453"><ele>93</ele><time>2026-09-05T17:43:02.947738Z</time></trkpt>
  <trkpt lat="37.4129692" lon="-121.9950599"><ele>93</ele><time>2026-09-05T17:43:03.048517Z</time></trkpt>
  <trkpt lat="37.4129688" lon="-121.9950749"><ele>94</ele><time>2026-09-05T17:43:03.148966Z</time></trkpt>
  <trkpt lat="37.4129684" lon="-121.9950917"><ele>94</ele><time>2026-09-05T17:43:03.249507Z</time></trkpt>
  <trkpt lat="37.4129699" lon="-121.9951080"><ele>94</ele><time>2026-09-05T17:43:03.349825Z</time></trkpt>
  <trkpt lat="37.4129720" lon="-121.9951239"><ele>94</ele><time>2026-09-05T17:43:03.450581Z</time></trkpt>
  <trkpt lat="37.4129725" lon="-121.9951393"><ele>94</ele><time>2026-09-05T17:43:03.551962Z</time></trkpt>
  <trkpt lat="37.4129711" lon="-121.9951548"><ele>94</ele><time>2026-09-05T17:43:03.652569Z</time></trkpt>
  <trkpt lat="37.4129700" lon="-121.9951701"><ele>94</ele><time>2026-09-05T17:43:03.753289Z</time></trkpt>
  <trkpt lat="37.4129703" lon="-121.9951838"><ele>94</ele><time>2026-09-05T17:43:03.854480Z</time></trkpt>
  <trkpt lat="37.4129701" lon="-121.9951969"><ele>94</ele><time>2026-09-05T17:43:03.954550Z</time></trkpt>
  <trkpt lat="37.4129683" lon="-121.9952101"><ele>93</ele><time>2026-09-05T17:43:04.054608Z</time></trkpt>
  <trkpt lat="37.4129659" lon="-121.9952239"><ele>93</ele><time>2026-09-05T17:43:04.155194Z</time></trkpt>
  <trkpt lat="37.4129659" lon="-121.9952239"><ele>93</ele><time>2026-09-05T17:43:04.238059Z</time></trkpt>
  <trkpt lat="37.4129647" lon="-121.9952377"><ele>93</ele><time>2026-09-05T17:43:04.256093Z</time></trkpt>
  <trkpt lat="37.4129639" lon="-121.9952507"><ele>93</ele><time>2026-09-05T17:43:04.356775Z</time></trkpt>
  <trkpt lat="37.4129621" lon="-121.9952631"><ele>92</ele><time>2026-09-05T17:43:04.457571Z</time></trkpt>
  <trkpt lat="37.4129594" lon="-121.9952777"><ele>92</ele><time>2026-09-05T17:43:04.558584Z</time></trkpt>
  <trkpt lat="37.4129551" lon="-121.9952896"><ele>91</ele><time>2026-09-05T17:43:04.659258Z</time></trkpt>
  <trkpt lat="37.4129508" lon="-121.9952994"><ele>90</ele><time>2026-09-05T17:43:04.759960Z</time></trkpt>
  <trkpt lat="37.4129462" lon="-121.9953101"><ele>90</ele><time>2026-09-05T17:43:04.860409Z</time></trkpt>
  <trkpt lat="37.4129417" lon="-121.9953235"><ele>89</ele><time>2026-09-05T17:43:04.961117Z</time></trkpt>
  <trkpt lat="37.4129382" lon="-121.9953390"><ele>88</ele><time>2026-09-05T17:43:05.061633Z</time></trkpt>
  <trkpt lat="37.4129334" lon="-121.9953537"><ele>88</ele><time>2026-09-05T17:43:05.161762Z</time></trkpt>
  <trkpt lat="37.4129271" lon="-121.9953682"><ele>88</ele><time>2026-09-05T17:43:05.262527Z</time></trkpt>
  <trkpt lat="37.4129199" lon="-121.9953825"><ele>88</ele><time>2026-09-05T17:43:05.342700Z</time></trkpt>
  <trkpt lat="37.4129131" lon="-121.9953966"><ele>88</ele><time>2026-09-05T17:43:05.463694Z</time></trkpt>
  <trkpt lat="37.4129066" lon="-121.9954108"><ele>88</ele><time>2026-09-05T17:43:05.544437Z</time></trkpt>
  <trkpt lat="37.4128991" lon="-121.9954240"><ele>89</ele><time>2026-09-05T17:43:05.644516Z</time></trkpt>
  <trkpt lat="37.4128905" lon="-121.9954355"><ele>89</ele><time>2026-09-05T17:43:05.745418Z</time></trkpt>
  <trkpt lat="37.4128820" lon="-121.9954459"><ele>90</ele><time>2026-09-05T17:43:05.846877Z</time></trkpt>
  <trkpt lat="37.4128732" lon="-121.9954556"><ele>90</ele><time>2026-09-05T17:43:05.947778Z</time></trkpt>
  <trkpt lat="37.4128639" lon="-121.9954646"><ele>91</ele><time>2026-09-05T17:43:06.048382Z</time></trkpt>
  <trkpt lat="37.4128536" lon="-121.9954717"><ele>91</ele><time>2026-09-05T17:43:06.148900Z</time></trkpt>
  <trkpt lat="37.4128423" lon="-121.9954758"><ele>92</ele><time>2026-09-05T17:43:06.249466Z</time></trkpt>
  <trkpt lat="37.4128305" lon="-121.9954777"><ele>93</ele><time>2026-09-05T17:43:06.350186Z</time></trkpt>
  <trkpt lat="37.4128305" lon="-121.9954777"><ele>93</ele><time>2026-09-05T17:43:06.378130Z</time></trkpt>
  <trkpt lat="37.4128183" lon="-121.9954781"><ele>93</ele><time>2026-09-05T17:43:06.451505Z</time></trkpt>
  <trkpt lat="37.4128054" lon="-121.9954764"><ele>94</ele><time>2026-09-05T17:43:06.552596Z</time></trkpt>
  <trkpt lat="37.4127917" lon="-121.9954709"><ele>95</ele><time>2026-09-05T17:43:06.653036Z</time></trkpt>
  <trkpt lat="37.4127775" lon="-121.9954619"><ele>95</ele><time>2026-09-05T17:43:06.753191Z</time></trkpt>
  <trkpt lat="37.4127639" lon="-121.9954519"><ele>96</ele><time>2026-09-05T17:43:06.853657Z</time></trkpt>
  <trkpt lat="37.4127515" lon="-121.9954414"><ele>96</ele><time>2026-09-05T17:43:06.953999Z</time></trkpt>
  <trkpt lat="37.4127403" lon="-121.9954315"><ele>96</ele><time>2026-09-05T17:43:07.055281Z</time></trkpt>
  <trkpt lat="37.4127293" lon="-121.9954224"><ele>96</ele><time>2026-09-05T17:43:07.155432Z</time></trkpt>
  <trkpt lat="37.4127172" lon="-121.9954137"><ele>96</ele><time>2026-09-05T17:43:07.256036Z</time></trkpt>
  <trkpt lat="37.4127038" lon="-121.9954046"><ele>95</ele><time>2026-09-05T17:43:07.356705Z</time></trkpt>
  <trkpt lat="37.4126911" lon="-121.9953954"><ele>95</ele><time>2026-09-05T17:43:07.457040Z</time></trkpt>
  <trkpt lat="37.4126795" lon="-121.9953880"><ele>94</ele><time>2026-09-05T17:43:07.557688Z</time></trkpt>
  <trkpt lat="37.4126702" lon="-121.9953810"><ele>92</ele><time>2026-09-05T17:43:07.658473Z</time></trkpt>
  <trkpt lat="37.4126623" lon="-121.9953782"><ele>90</ele><time>2026-09-05T17:43:07.759310Z</time></trkpt>
  <trkpt lat="37.4126538" lon="-121.9953784"><ele>88</ele><time>2026-09-05T17:43:07.840882Z</time></trkpt>
  <trkpt lat="37.4126444" lon="-121.9953813"><ele>87</ele><time>2026-09-05T17:43:07.941522Z</time></trkpt>
  <trkpt lat="37.4126361" lon="-121.9953873"><ele>84</ele><time>2026-09-05T17:43:08.042330Z</time></trkpt>
  <trkpt lat="37.4126302" lon="-121.9953963"><ele>82</ele><time>2026-09-05T17:43:08.143267Z</time></trkpt>
  <trkpt lat="37.4126258" lon="-121.9954109"><ele>81</ele><time>2026-09-05T17:43:08.243819Z</time></trkpt>
  <trkpt lat="37.4126229" lon="-121.9954281"><ele>80</ele><time>2026-09-05T17:43:08.344739Z</time></trkpt>
  <trkpt lat="37.4126207" lon="-121.9954451"><ele>80</ele><time>2026-09-05T17:43:08.445452Z</time></trkpt>
  <trkpt lat="37.4126207" lon="-121.9954451"><ele>80</ele><time>2026-09-05T17:43:08.525790Z</time></trkpt>
  <trkpt lat="37.4126193" lon="-121.9954621"><ele>81</ele><time>2026-09-05T17:43:08.546136Z</time></trkpt>
  <trkpt lat="37.4126221" lon="-121.9954777"><ele>81</ele><time>2026-09-05T17:43:08.646714Z</time></trkpt>
  <trkpt lat="37.4126268" lon="-121.9954935"><ele>81</ele><time>2026-09-05T17:43:08.747057Z</time></trkpt>
  <trkpt lat="37.4126320" lon="-121.9955100"><ele>81</ele><time>2026-09-05T17:43:08.847358Z</time></trkpt>
  <trkpt lat="37.4126372" lon="-121.9955270"><ele>81</ele><time>2026-09-05T17:43:08.948217Z</time></trkpt>
  <trkpt lat="37.4126406" lon="-121.9955445"><ele>82</ele><time>2026-09-05T17:43:09.048427Z</time></trkpt>
  <trkpt lat="37.4126441" lon="-121.9955607"><ele>84</ele><time>2026-09-05T17:43:09.148931Z</time></trkpt>
  <trkpt lat="37.4126493" lon="-121.9955763"><ele>85</ele><time>2026-09-05T17:43:09.249335Z</time></trkpt>
  <trkpt lat="37.4126546" lon="-121.9955918"><ele>86</ele><time>2026-09-05T17:43:09.349718Z</time></trkpt>
  <trkpt lat="37.4126574" lon="-121.9956072"><ele>87</ele><time>2026-09-05T17:43:09.450073Z</time></trkpt>
  <trkpt lat="37.4126558" lon="-121.9956218"><ele>88</ele><time>2026-09-05T17:43:09.550530Z</time></trkpt>
  <trkpt lat="37.4126524" lon="-121.9956354"><ele>89</ele><time>2026-09-05T17:43:09.651247Z</time></trkpt>
  <trkpt lat="37.4126496" lon="-121.9956493"><ele>90</ele><time>2026-09-05T17:43:09.751515Z</time></trkpt>
  <trkpt lat="37.4126481" lon="-121.9956626"><ele>91</ele><time>2026-09-05T17:43:09.852219Z</time></trkpt>
  <trkpt lat="37.4126460" lon="-121.9956753"><ele>92</ele><time>2026-09-05T17:43:09.952450Z</time></trkpt>
  <trkpt lat="37.4126429" lon="-121.9956874"><ele>93</ele><time>2026-09-05T17:43:10.053179Z</time></trkpt>
  <trkpt lat="37.4126392" lon="-121.9956990"><ele>94</ele><time>2026-09-05T17:43:10.153709Z</time></trkpt>
  <trkpt lat="37.4126374" lon="-121.9957116"><ele>95</ele><time>2026-09-05T17:43:10.254500Z</time></trkpt>
  <trkpt lat="37.4126337" lon="-121.9957238"><ele>95</ele><time>2026-09-05T17:43:10.355474Z</time></trkpt>
  <trkpt lat="37.4126280" lon="-121.9957359"><ele>96</ele><time>2026-09-05T17:43:10.455707Z</time></trkpt>
  <trkpt lat="37.4126205" lon="-121.9957506"><ele>96</ele><time>2026-09-05T17:43:10.536636Z</time></trkpt>
  <trkpt lat="37.4126121" lon="-121.9957653"><ele>96</ele><time>2026-09-05T17:43:10.637402Z</time></trkpt>
  <trkpt lat="37.4126121" lon="-121.9957653"><ele>96</ele><time>2026-09-05T17:43:10.670716Z</time></trkpt>
  <trkpt lat="37.4126039" lon="-121.9957792"><ele>96</ele><time>2026-09-05T17:43:10.737597Z</time></trkpt>
  <trkpt lat="37.4125975" lon="-121.9957937"><ele>96</ele><time>2026-09-05T17:43:10.837650Z</time></trkpt>
  <trkpt lat="37.4125956" lon="-121.9958079"><ele>96</ele><time>2026-09-05T17:43:10.937943Z</time></trkpt>
  <trkpt lat="37.4125954" lon="-121.9958196"><ele>96</ele><time>2026-09-05T17:43:11.038676Z</time></trkpt>
  <trkpt lat="37.4125985" lon="-121.9958264"><ele>97</ele><time>2026-09-05T17:43:11.139382Z</time></trkpt>
  <trkpt lat="37.4126058" lon="-121.9958299"><ele>97</ele><time>2026-09-05T17:43:11.239901Z</time></trkpt>
  <trkpt lat="37.4126145" lon="-121.9958306"><ele>98</ele><time>2026-09-05T17:43:11.340939Z</time></trkpt>
  <trkpt lat="37.4126245" lon="-121.9958305"><ele>98</ele><time>2026-09-05T17:43:11.441851Z</time></trkpt>
  <trkpt lat="37.4126367" lon="-121.9958297"><ele>98</ele><time>2026-09-05T17:43:11.542739Z</time></trkpt>
  <trkpt lat="37.4126480" lon="-121.9958268"><ele>99</ele><time>2026-09-05T17:43:11.643508Z</time></trkpt>
  <trkpt lat="37.4126611" lon="-121.9958214"><ele>99</ele><time>2026-09-05T17:43:11.743994Z</time></trkpt>
  <trkpt lat="37.4126742" lon="-121.9958160"><ele>100</ele><time>2026-09-05T17:43:11.844175Z</time></trkpt>
  <trkpt lat="37.4126890" lon="-121.9958107"><ele>100</ele><time>2026-09-05T17:43:11.944731Z</time></trkpt>
  <trkpt lat="37.4127054" lon="-121.9958068"><ele>100</ele><time>2026-09-05T17:43:12.045335Z</time></trkpt>
  <trkpt lat="37.4127223" lon="-121.9958026"><ele>99</ele><time>2026-09-05T17:43:12.146011Z</time></trkpt>
  <trkpt lat="37.4127409" lon="-121.9957993"><ele>99</ele><time>2026-09-05T17:43:12.246538Z</time></trkpt>
  <trkpt lat="37.4127603" lon="-121.9957971"><ele>98</ele><time>2026-09-05T17:43:12.346554Z</time></trkpt>
  <trkpt lat="37.4127798" lon="-121.9957949"><ele>98</ele><time>2026-09-05T17:43:12.447055Z</time></trkpt>
  <trkpt lat="37.4127995" lon="-121.9957923"><ele>97</ele><time>2026-09-05T17:43:12.547686Z</time></trkpt>
  <trkpt lat="37.4128185" lon="-121.9957896"><ele>96</ele><time>2026-09-05T17:43:12.647888Z</time></trkpt>
  <trkpt lat="37.4128372" lon="-121.9957874"><ele>95</ele><time>2026-09-05T17:43:12.748341Z</time></trkpt>
  <trkpt lat="37.4128372" lon="-121.9957874"><ele>95</ele><time>2026-09-05T17:43:12.819117Z</time></trkpt>
  <trkpt lat="37.4128552" lon="-121.9957849"><ele>94</ele><time>2026-09-05T17:43:12.848829Z</time></trkpt>
  <trkpt lat="37.4128727" lon="-121.9957831"><ele>93</ele><time>2026-09-05T17:43:12.949405Z</time></trkpt>
  <trkpt lat="37.4128897" lon="-121.9957830"><ele>92</ele><time>2026-09-05T17:43:13.050314Z</time></trkpt>
  <trkpt lat="37.4129073" lon="-121.9957861"><ele>91</ele><time>2026-09-05T17:43:13.150270Z</time></trkpt>
  <trkpt lat="37.4129238" lon="-121.9957882"><ele>90</ele><time>2026-09-05T17:43:13.251320Z</time></trkpt>
  <trkpt lat="37.4129397" lon="-121.9957880"><ele>88</ele><time>2026-09-05T17:43:13.332366Z</time></trkpt>
  <trkpt lat="37.4129539" lon="-121.9957860"><ele>87</ele><time>2026-09-05T17:43:13.432974Z</time></trkpt>
  <trkpt lat="37.4129670" lon="-121.9957830"><ele>86</ele><time>2026-09-05T17:43:13.533395Z</time></trkpt>
  <trkpt lat="37.4129800" lon="-121.9957810"><ele>84</ele><time>2026-09-05T17:43:13.633764Z</time></trkpt>
  <trkpt lat="37.4129924" lon="-121.9957790"><ele>83</ele><time>2026-09-05T17:43:13.734648Z</time></trkpt>
  <trkpt lat="37.4130044" lon="-121.9957757"><ele>82</ele><time>2026-09-05T17:43:13.834893Z</time></trkpt>
  <trkpt lat="37.4130166" lon="-121.9957692"><ele>80</ele><time>2026-09-05T17:43:13.935494Z</time></trkpt>
  <trkpt lat="37.4130268" lon="-121.9957567"><ele>80</ele><time>2026-09-05T17:43:14.036577Z</time></trkpt>
  <trkpt lat="37.4130335" lon="-121.9957367"><ele>79</ele><time>2026-09-05T17:43:14.136918Z</time></trkpt>
  <trkpt lat="37.4130378" lon="-121.9957150"><ele>79</ele><time>2026-09-05T17:43:14.237403Z</time></trkpt>
  <trkpt lat="37.4130368" lon="-121.9956918"><ele>79</ele><time>2026-09-05T17:43:14.338165Z</time></trkpt>
  <trkpt lat="37.4130334" lon="-121.9956672"><ele>78</ele><time>2026-09-05T17:43:14.438541Z</time></trkpt>
  <trkpt lat="37.4130261" lon="-121.9956447"><ele>78</ele><time>2026-09-05T17:43:14.539628Z</time></trkpt>
  <trkpt lat="37.4130153" lon="-121.9956242"><ele>79</ele><time>2026-09-05T17:43:14.640317Z</time></trkpt>
  <trkpt lat="37.4130022" lon="-121.9956070"><ele>79</ele><time>2026-09-05T17:43:14.740825Z</time></trkpt>
  <trkpt lat="37.4129887" lon="-121.9955916"><ele>79</ele><time>2026-09-05T17:43:14.841108Z</time></trkpt>
  <trkpt lat="37.4129748" lon="-121.9955758"><ele>79</ele><time>2026-09-05T17:43:14.941812Z</time></trkpt>
  <trkpt lat="37.4129748" lon="-121.9955758"><ele>79</ele><time>2026-09-05T17:43:14.965852Z</time></trkpt>
  <trkpt lat="37.4129614" lon="-121.9955611"><ele>78</ele><time>2026-09-05T17:43:15.042684Z</time></trkpt>
  <trkpt lat="37.4129474" lon="-121.9955479"><ele>78</ele><time>2026-09-05T17:43:15.143436Z</time></trkpt>
  <trkpt lat="37.4129336" lon="-121.9955371"><ele>79</ele><time>2026-09-05T17:43:15.244234Z</time></trkpt>
  <trkpt lat="37.4129195" lon="-121.9955280"><ele>80</ele><time>2026-09-05T17:43:15.344395Z</time></trkpt>
  <trkpt lat="37.4129067" lon="-121.9955203"><ele>80</ele><time>2026-09-05T17:43:15.445220Z</time></trkpt>
  <trkpt lat="37.4128938" lon="-121.9955135"><ele>81</ele><time>2026-09-05T17:43:15.545915Z</time></trkpt>
  <trkpt lat="37.4128826" lon="-121.9955070"><ele>82</ele><time>2026-09-05T17:43:15.646437Z</time></trkpt>
  <trkpt lat="37.4128731" lon="-121.9955012"><ele>83</ele><time>2026-09-05T17:43:15.746663Z</time></trkpt>
  <trkpt lat="37.4128655" lon="-121.9954959"><ele>84</ele><time>2026-09-05T17:43:15.846875Z</time></trkpt>
  <trkpt lat="37.4128590" lon="-121.9954900"><ele>85</ele><time>2026-09-05T17:43:15.947731Z</time></trkpt>
  <trkpt lat="37.4128543" lon="-121.9954841"><ele>85</ele><time>2026-09-05T17:43:16.028103Z</time></trkpt>
  <trkpt lat="37.4128497" lon="-121.9954776"><ele>86</ele><time>2026-09-05T17:43:16.128595Z</time></trkpt>
  <trkpt lat="37.4128449" lon="-121.9954705"><ele>87</ele><time>2026-09-05T17:43:16.229319Z</time></trkpt>
  <trkpt lat="37.4128407" lon="-121.9954630"><ele>88</ele><time>2026-09-05T17:43:16.349594Z</time></trkpt>
  <trkpt lat="37.4128360" lon="-121.9954553"><ele>89</ele><time>2026-09-05T17:43:16.430142Z</time></trkpt>
  <trkpt lat="37.4128307" lon="-121.9954467"><ele>89</ele><time>2026-09-05T17:43:16.530841Z</time></trkpt>
  <trkpt lat="37.4128240" lon="-121.9954372"><ele>90</ele><time>2026-09-05T17:43:16.631298Z</time></trkpt>
  <trkpt lat="37.4128191" lon="-121.9954280"><ele>91</ele><time>2026-09-05T17:43:16.732041Z</time></trkpt>
  <trkpt lat="37.4128149" lon="-121.9954186"><ele>91</ele><time>2026-09-05T17:43:16.833197Z</time></trkpt>
  <trkpt lat="37.4128128" lon="-121.9954082"><ele>92</ele><time>2026-09-05T17:43:16.933836Z</time></trkpt>
  <trkpt lat="37.4128108" lon="-121.9953977"><ele>92</ele><time>2026-09-05T17:43:17.034442Z</time></trkpt>
  <trkpt lat="37.4128108" lon="-121.9953977"><ele>92</ele><time>2026-09-05T17:43:17.115308Z</time></trkpt>
  <trkpt lat="37.4128085" lon="-121.9953870"><ele>92</ele><time>2026-09-05T17:43:17.134800Z</time></trkpt>
  <trkpt lat="37.4128067" lon="-121.9953771"><ele>91</ele><time>2026-09-05T17:43:17.235740Z</time></trkpt>
  <trkpt lat="37.4128028" lon="-121.9953676"><ele>91</ele><time>2026-09-05T17:43:17.336307Z</time></trkpt>
  <trkpt lat="37.4127980" lon="-121.9953586"><ele>91</ele><time>2026-09-05T17:43:17.437614Z</time></trkpt>
  <trkpt lat="37.4127924" lon="-121.9953497"><ele>90</ele><time>2026-09-05T17:43:17.538132Z</time></trkpt>
  <trkpt lat="37.4127876" lon="-121.9953424"><ele>88</ele><time>2026-09-05T17:43:17.618704Z</time></trkpt>
  <trkpt lat="37.4127796" lon="-121.9953369"><ele>87</ele><time>2026-09-05T17:43:17.719802Z</time></trkpt>
  <trkpt lat="37.4127711" lon="-121.9953316"><ele>85</ele><time>2026-09-05T17:43:17.820310Z</time></trkpt>
  <trkpt lat="37.4127632" lon="-121.9953260"><ele>84</ele><time>2026-09-05T17:43:17.921267Z</time></trkpt>
  <trkpt lat="37.4127623" lon="-121.9953172"><ele>81</ele><time>2026-09-05T17:43:18.021565Z</time></trkpt>
  <trkpt lat="37.4127618" lon="-121.9953105"><ele>78</ele><time>2026-09-05T17:43:18.122606Z</time></trkpt>
  <trkpt lat="37.4127611" lon="-121.9953068"><ele>76</ele><time>2026-09-05T17:43:18.223305Z</time></trkpt>
  <trkpt lat="37.4127594" lon="-121.9953060"><ele>73</ele><time>2026-09-05T17:43:18.323717Z</time></trkpt>
  <trkpt lat="37.4127574" lon="-121.9953093"><ele>71</ele><time>2026-09-05T17:43:18.425202Z</time></trkpt>
  <trkpt lat="37.4127593" lon="-121.9953144"><ele>68</ele><time>2026-09-05T17:43:18.525708Z</time></trkpt>
  <trkpt lat="37.4127632" lon="-121.9953212"><ele>66</ele><time>2026-09-05T17:43:18.626401Z</time></trkpt>
  <trkpt lat="37.4127669" lon="-121.9953319"><ele>64</ele><time>2026-09-05T17:43:18.727203Z</time></trkpt>
  <trkpt lat="37.4127704" lon="-121.9953452"><ele>62</ele><time>2026-09-05T17:43:18.828197Z</time></trkpt>
  <trkpt lat="37.4127735" lon="-121.9953601"><ele>61</ele><time>2026-09-05T17:43:18.929141Z</time></trkpt>
  <trkpt lat="37.4127782" lon="-121.9953751"><ele>60</ele><time>2026-09-05T17:43:19.029585Z</time></trkpt>
  <trkpt lat="37.4127796" lon="-121.9953937"><ele>60</ele><time>2026-09-05T17:43:19.130290Z</time></trkpt>
  <trkpt lat="37.4127828" lon="-121.9954111"><ele>60</ele><time>2026-09-05T17:43:19.230989Z</time></trkpt>
  <trkpt lat="37.4127828" lon="-121.9954111"><ele>60</ele><time>2026-09-05T17:43:19.272262Z</time></trkpt>
  <trkpt lat="37.4127869" lon="-121.9954277"><ele>59</ele><time>2026-09-05T17:43:19.330672Z</time></trkpt>
  <trkpt lat="37.4127914" lon="-121.9954438"><ele>59</ele><time>2026-09-05T17:43:19.430742Z</time></trkpt>
  <trkpt lat="37.4127968" lon="-121.9954598"><ele>58</ele><time>2026-09-05T17:43:19.531762Z</time></trkpt>
  <trkpt lat="37.4128037" lon="-121.9954742"><ele>57</ele><time>2026-09-05T17:43:19.632157Z</time></trkpt>
  <trkpt lat="37.4128098" lon="-121.9954883"><ele>57</ele><time>2026-09-05T17:43:19.732880Z</time></trkpt>
  <trkpt lat="37.4128155" lon="-121.9955026"><ele>56</ele><time>2026-09-05T17:43:19.833278Z</time></trkpt>
  <trkpt lat="37.4128210" lon="-121.9955157"><ele>55</ele><time>2026-09-05T17:43:19.933588Z</time></trkpt>
  <trkpt lat="37.4128289" lon="-121.9955273"><ele>55</ele><time>2026-09-05T17:43:20.034135Z</time></trkpt>
  <trkpt lat="37.4128389" lon="-121.9955362"><ele>54</ele><time>2026-09-05T17:43:20.134625Z</time></trkpt>
  <trkpt lat="37.4128510" lon="-121.9955423"><ele>53</ele><time>2026-09-05T17:43:20.235047Z</time></trkpt>
  <trkpt lat="37.4128637" lon="-121.9955462"><ele>53</ele><time>2026-09-05T17:43:20.335543Z</time></trkpt>
  <trkpt lat="37.4128769" lon="-121.9955483"><ele>53</ele><time>2026-09-05T17:43:20.436121Z</time></trkpt>
  <trkpt lat="37.4128903" lon="-121.9955494"><ele>53</ele><time>2026-09-05T17:43:20.536393Z</time></trkpt>
  <trkpt lat="37.4129030" lon="-121.9955495"><ele>53</ele><time>2026-09-05T17:43:20.636985Z</time></trkpt>
  <trkpt lat="37.4129145" lon="-121.9955488"><ele>53</ele><time>2026-09-05T17:43:20.737971Z</time></trkpt>
  <trkpt lat="37.4129256" lon="-121.9955474"><ele>54</ele><time>2026-09-05T17:43:20.838910Z</time></trkpt>
  <trkpt lat="37.4129369" lon="-121.9955459"><ele>54</ele><time>2026-09-05T17:43:20.939881Z</time></trkpt>
  <trkpt lat="37.4129490" lon="-121.9955445"><ele>54</ele><time>2026-09-05T17:43:21.040866Z</time></trkpt>
  <trkpt lat="37.4129604" lon="-121.9955429"><ele>54</ele><time>2026-09-05T17:43:21.141597Z</time></trkpt>
  <trkpt lat="37.4129726" lon="-121.9955417"><ele>54</ele><time>2026-09-05T17:43:21.242131Z</time></trkpt>
  <trkpt lat="37.4129841" lon="-121.9955400"><ele>54</ele><time>2026-09-05T17:43:21.322150Z</time></trkpt>
  <trkpt lat="37.4129951" lon="-121.9955369"><ele>54</ele><time>2026-09-05T17:43:21.422818Z</time></trkpt>
  <trkpt lat="37.4129951" lon="-121.9955369"><ele>54</ele><time>2026-09-05T17:43:21.423868Z</time></trkpt>
  <trkpt lat="37.4130061" lon="-121.9955325"><ele>54</ele><time>2026-09-05T17:43:21.524074Z</time></trkpt>
  <trkpt lat="37.4130163" lon="-121.9955269"><ele>54</ele><time>2026-09-05T17:43:21.624436Z</time></trkpt>
  <trkpt lat="37.4130261" lon="-121.9955205"><ele>55</ele><time>2026-09-05T17:43:21.724839Z</time></trkpt>
  <trkpt lat="37.4130357" lon="-121.9955136"><ele>55</ele><time>2026-09-05T17:43:21.825710Z</time></trkpt>
  <trkpt lat="37.4130452" lon="-121.9955059"><ele>56</ele><time>2026-09-05T17:43:21.926145Z</time></trkpt>
  <trkpt lat="37.4130549" lon="-121.9954978"><ele>56</ele><time>2026-09-05T17:43:22.026539Z</time></trkpt>
  <trkpt lat="37.4130645" lon="-121.9954898"><ele>57</ele><time>2026-09-05T17:43:22.127380Z</time></trkpt>
  <trkpt lat="37.4130740" lon="-121.9954815"><ele>57</ele><time>2026-09-05T17:43:22.227599Z</time></trkpt>
  <trkpt lat="37.4130830" lon="-121.9954725"><ele>57</ele><time>2026-09-05T17:43:22.328003Z</time></trkpt>
  <trkpt lat="37.4130913" lon="-121.9954627"><ele>57</ele><time>2026-09-05T17:43:22.429108Z</time></trkpt>
  <trkpt lat="37.4130989" lon="-121.9954522"><ele>57</ele><time>2026-09-05T17:43:22.530633Z</time></trkpt>
  <trkpt lat="37.4131055" lon="-121.9954410"><ele>58</ele><time>2026-09-05T17:43:22.631882Z</time></trkpt>
  <trkpt lat="37.4131116" lon="-121.9954294"><ele>58</ele><time>2026-09-05T17:43:22.732709Z</time></trkpt>
  <trkpt lat="37.4131174" lon="-121.9954174"><ele>59</ele><time>2026-09-05T17:43:22.833010Z</time></trkpt>
  <trkpt lat="37.4131227" lon="-121.9954048"><ele>59</ele><time>2026-09-05T17:43:22.933381Z</time></trkpt>
  <trkpt lat="37.4131277" lon="-121.9953916"><ele>59</ele><time>2026-09-05T17:43:23.034088Z</time></trkpt>
  <trkpt lat="37.4131322" lon="-121.9953778"><ele>59</ele><time>2026-09-05T17:43:23.134719Z</time></trkpt>
  <trkpt lat="37.4131362" lon="-121.9953635"><ele>60</ele><time>2026-09-05T17:43:23.235290Z</time></trkpt>
  <trkpt lat="37.4131394" lon="-121.9953491"><ele>60</ele><time>2026-09-05T17:43:23.336007Z</time></trkpt>
  <trkpt lat="37.4131420" lon="-121.9953341"><ele>60</ele><time>2026-09-05T17:43:23.435965Z</time></trkpt>
  <trkpt lat="37.4131441" lon="-121.9953187"><ele>60</ele><time>2026-09-05T17:43:23.536108Z</time></trkpt>
  <trkpt lat="37.4131441" lon="-121.9953187"><ele>60</ele><time>2026-09-05T17:43:23.583246Z</time></trkpt>
  <trkpt lat="37.4131451" lon="-121.9953028"><ele>60</ele><time>2026-09-05T17:43:23.636310Z</time></trkpt>
  <trkpt lat="37.4131448" lon="-121.9952861"><ele>60</ele><time>2026-09-05T17:43:23.736688Z</time></trkpt>
  <trkpt lat="37.4131429" lon="-121.9952690"><ele>60</ele><time>2026-09-05T17:43:23.836993Z</time></trkpt>
  <trkpt lat="37.4131397" lon="-121.9952517"><ele>60</ele><time>2026-09-05T17:43:23.937481Z</time></trkpt>
  <trkpt lat="37.4131351" lon="-121.9952350"><ele>60</ele><time>2026-09-05T17:43:24.038002Z</time></trkpt>
  <trkpt lat="37.4131293" lon="-121.9952183"><ele>60</ele><time>2026-09-05T17:43:24.138170Z</time></trkpt>
  <trkpt lat="37.4131226" lon="-121.9952018"><ele>60</ele><time>2026-09-05T17:43:24.238864Z</time></trkpt>
  <trkpt lat="37.4131151" lon="-121.9951856"><ele>60</ele><time>2026-09-05T17:43:24.340241Z</time></trkpt>
  <trkpt lat="37.4131064" lon="-121.9951703"><ele>60</ele><time>2026-09-05T17:43:24.420812Z</time></trkpt>
  <trkpt lat="37.4130960" lon="-121.9951562"><ele>60</ele><time>2026-09-05T17:43:24.541225Z</time></trkpt>
  <trkpt lat="37.4130843" lon="-121.9951441"><ele>60</ele><time>2026-09-05T17:43:24.621837Z</time></trkpt>
  <trkpt lat="37.4130715" lon="-121.9951337"><ele>60</ele><time>2026-09-05T17:43:24.721941Z</time></trkpt>
  <trkpt lat="37.4130577" lon="-121.9951248"><ele>60</ele><time>2026-09-05T17:43:24.823091Z</time></trkpt>
  <trkpt lat="37.4130435" lon="-121.9951175"><ele>60</ele><time>2026-09-05T17:43:24.923485Z</time></trkpt>
  <trkpt lat="37.4130290" lon="-121.9951122"><ele>60</ele><time>2026-09-05T17:43:25.023947Z</time></trkpt>
  <trkpt lat="37.4130143" lon="-121.9951092"><ele>61</ele><time>2026-09-05T17:43:25.125146Z</time></trkpt>
  <trkpt lat="37.4129999" lon="-121.9951081"><ele>61</ele><time>2026-09-05T17:43:25.225727Z</time></trkpt>
  <trkpt lat="37.4129860" lon="-121.9951089"><ele>61</ele><time>2026-09-05T17:43:25.325972Z</time></trkpt>
  <trkpt lat="37.4129725" lon="-121.9951113"><ele>61</ele><time>2026-09-05T17:43:25.426366Z</time></trkpt>
  <trkpt lat="37.4129598" lon="-121.9951152"><ele>61</ele><time>2026-09-05T17:43:25.526376Z</time></trkpt>
  <trkpt lat="37.4129478" lon="-121.9951201"><ele>62</ele><time>2026-09-05T17:43:25.627184Z</time></trkpt>
  <trkpt lat="37.4129366" lon="-121.9951258"><ele>62</ele><time>2026-09-05T17:43:25.727621Z</time></trkpt>
  <trkpt lat="37.4129366" lon="-121.9951258"><ele>62</ele><time>2026-09-05T17:43:25.739183Z</time></trkpt>
  <trkpt lat="37.4129264" lon="-121.9951325"><ele>62</ele><time>2026-09-05T17:43:25.828248Z</time></trkpt>
  <trkpt lat="37.4129169" lon="-121.9951404"><ele>62</ele><time>2026-09-05T17:43:25.928595Z</time></trkpt>
  <trkpt lat="37.4129082" lon="-121.9951492"><ele>63</ele><time>2026-09-05T17:43:26.028832Z</time></trkpt>
  <trkpt lat="37.4128991" lon="-121.9951579"><ele>63</ele><time>2026-09-05T17:43:26.129198Z</time></trkpt>
  <trkpt lat="37.4128906" lon="-121.9951666"><ele>63</ele><time>2026-09-05T17:43:26.229547Z</time></trkpt>
  <trkpt lat="37.4128820" lon="-121.9951753"><ele>64</ele><time>2026-09-05T17:43:26.329820Z</time></trkpt>
  <trkpt lat="37.4128737" lon="-121.9951837"><ele>64</ele><time>2026-09-05T17:43:26.430364Z</time></trkpt>
  <trkpt lat="37.4128657" lon="-121.9951925"><ele>64</ele><time>2026-09-05T17:43:26.531487Z</time></trkpt>
  <trkpt lat="37.4128578" lon="-121.9952014"><ele>65</ele><time>2026-09-05T17:43:26.631636Z</time></trkpt>
  <trkpt lat="37.4128496" lon="-121.9952103"><ele>65</ele><time>2026-09-05T17:43:26.731836Z</time></trkpt>
  <trkpt lat="37.4128412" lon="-121.9952193"><ele>65</ele><time>2026-09-05T17:43:26.832668Z</time></trkpt>
  <trkpt lat="37.4128328" lon="-121.9952282"><ele>65</ele><time>2026-09-05T17:43:26.933822Z</time></trkpt>
  <trkpt lat="37.4128242" lon="-121.9952373"><ele>65</ele><time>2026-09-05T17:43:27.034137Z</time></trkpt>
  <trkpt lat="37.4128154" lon="-121.9952458"><ele>66</ele><time>2026-09-05T17:43:27.134455Z</time></trkpt>
  <trkpt lat="37.4128061" lon="-121.9952543"><ele>66</ele><time>2026-09-05T17:43:27.235585Z</time></trkpt>
  <trkpt lat="37.4127967" lon="-121.9952626"><ele>66</ele><time>2026-09-05T17:43:27.336553Z</time></trkpt>
  <trkpt lat="37.4127872" lon="-121.9952708"><ele>66</ele><time>2026-09-05T17:43:27.436662Z</time></trkpt>
  <trkpt lat="37.4127773" lon="-121.9952788"><ele>66</ele><time>2026-09-05T17:43:27.537110Z</time></trkpt>
  <trkpt lat="37.4127672" lon="-121.9952866"><ele>66</ele><time>2026-09-05T17:43:27.638052Z</time></trkpt>
  <trkpt lat="37.4127569" lon="-121.9952943"><ele>67</ele><time>2026-09-05T17:43:27.738268Z</time></trkpt>
  <trkpt lat="37.4127461" lon="-121.9953016"><ele>67</ele><time>2026-09-05T17:43:27.819487Z</time></trkpt>
  <trkpt lat="37.4127461" lon="-121.9953016"><ele>67</ele><time>2026-09-05T17:43:27.901351Z</time></trkpt>
  <trkpt lat="37.4127349" lon="-121.9953087"><ele>67</ele><time>2026-09-05T17:43:27.920582Z</time></trkpt>
  <trkpt lat="37.4127239" lon="-121.9953156"><ele>67</ele><time>2026-09-05T17:43:28.021070Z</time></trkpt>
  <trkpt lat="37.4127130" lon="-121.9953229"><ele>67</ele><time>2026-09-05T17:43:28.121647Z</time></trkpt>
  <trkpt lat="37.4127022" lon="-121.9953303"><ele>67</ele><time>2026-09-05T17:43:28.222614Z</time></trkpt>
  <trkpt lat="37.4126915" lon="-121.9953372"><ele>67</ele><time>2026-09-05T17:43:28.323300Z</time></trkpt>
  <trkpt lat="37.4126813" lon="-121.9953442"><ele>67</ele><time>2026-09-05T17:43:28.424028Z</time></trkpt>
  <trkpt lat="37.4126719" lon="-121.9953514"><ele>67</ele><time>2026-09-05T17:43:28.525008Z</time></trkpt>
  <trkpt lat="37.4126629" lon="-121.9953585"><ele>68</ele><time>2026-09-05T17:43:28.625421Z</time></trkpt>
  <trkpt lat="37.4126545" lon="-121.9953654"><ele>68</ele><time>2026-09-05T17:43:28.726128Z</time></trkpt>
  <trkpt lat="37.4126464" lon="-121.9953724"><ele>68</ele><time>2026-09-05T17:43:28.826728Z</time></trkpt>
  <trkpt lat="37.4126388" lon="-121.9953796"><ele>68</ele><time>2026-09-05T17:43:28.927834Z</time></trkpt>
  <trkpt lat="37.4126316" lon="-121.9953869"><ele>68</ele><time>2026-09-05T17:43:29.028158Z</time></trkpt>
  <trkpt lat="37.4126250" lon="-121.9953942"><ele>68</ele><time>2026-09-05T17:43:29.128805Z</time></trkpt>
  <trkpt lat="37.4126189" lon="-121.9954015"><ele>68</ele><time>2026-09-05T17:43:29.229515Z</time></trkpt>
  <trkpt lat="37.4126129" lon="-121.9954085"><ele>68</ele><time>2026-09-05T17:43:29.330513Z</time></trkpt>
  <trkpt lat="37.4126072" lon="-121.9954153"><ele>68</ele><time>2026-09-05T17:43:29.430972Z</time></trkpt>
  <trkpt lat="37.4126020" lon="-121.9954225"><ele>68</ele><time>2026-09-05T17:43:29.531399Z</time></trkpt>
  <trkpt lat="37.4125972" lon="-121.9954299"><ele>68</ele><time>2026-09-05T17:43:29.632043Z</time></trkpt>
  <trkpt lat="37.4125928" lon="-121.9954371"><ele>68</ele><time>2026-09-05T17:43:29.733611Z</time></trkpt>
  <trkpt lat="37.4125884" lon="-121.9954446"><ele>68</ele><time>2026-09-05T17:43:29.834822Z</time></trkpt>
  <trkpt lat="37.4125844" lon="-121.9954522"><ele>68</ele><time>2026-09-05T17:43:29.934316Z</time></trkpt>
  <trkpt lat="37.4125805" lon="-121.9954598"><ele>68</ele><time>2026-09-05T17:43:30.034639Z</time></trkpt>
  <trkpt lat="37.4125805" lon="-121.9954598"><ele>68</ele><time>2026-09-05T17:43:30.062814Z</time></trkpt>
  <trkpt lat="37.4125771" lon="-121.9954675"><ele>68</ele><time>2026-09-05T17:43:30.136038Z</time></trkpt>
  <trkpt lat="37.4125741" lon="-121.9954755"><ele>67</ele><time>2026-09-05T17:43:30.216379Z</time></trkpt>
  <trkpt lat="37.4125714" lon="-121.9954836"><ele>67</ele><time>2026-09-05T17:43:30.316843Z</time></trkpt>
  <trkpt lat="37.4125689" lon="-121.9954918"><ele>67</ele><time>2026-09-05T17:43:30.418093Z</time></trkpt>
  <trkpt lat="37.4125673" lon="-121.9955004"><ele>66</ele><time>2026-09-05T17:43:30.518849Z</time></trkpt>
  <trkpt lat="37.4125655" lon="-121.9955088"><ele>66</ele><time>2026-09-05T17:43:30.619632Z</time></trkpt>
  <trkpt lat="37.4125639" lon="-121.9955174"><ele>65</ele><time>2026-09-05T17:43:30.720279Z</time></trkpt>
  <trkpt lat="37.4125629" lon="-121.9955262"><ele>65</ele><time>2026-09-05T17:43:30.821529Z</time></trkpt>
  <trkpt lat="37.4125623" lon="-121.9955351"><ele>65</ele><time>2026-09-05T17:43:30.922397Z</time></trkpt>
  <trkpt lat="37.4125621" lon="-121.9955442"><ele>64</ele><time>2026-09-05T17:43:31.023198Z</time></trkpt>
  <trkpt lat="37.4125623" lon="-121.9955534"><ele>64</ele><time>2026-09-05T17:43:31.123303Z</time></trkpt>
  <trkpt lat="37.4125629" lon="-121.9955628"><ele>63</ele><time>2026-09-05T17:43:31.223836Z</time></trkpt>
  <trkpt lat="37.4125641" lon="-121.9955724"><ele>63</ele><time>2026-09-05T17:43:31.324433Z</time></trkpt>
  <trkpt lat="37.4125661" lon="-121.9955823"><ele>62</ele><time>2026-09-05T17:43:31.425103Z</time></trkpt>
  <trkpt lat="37.4125687" lon="-121.9955923"><ele>62</ele><time>2026-09-05T17:43:31.525618Z</time></trkpt>
  <trkpt lat="37.4125719" lon="-121.9956022"><ele>61</ele><time>2026-09-05T17:43:31.625616Z</time></trkpt>
  <trkpt lat="37.4125759" lon="-121.9956118"><ele>61</ele><time>2026-09-05T17:43:31.726485Z</time></trkpt>
  <trkpt lat="37.4125806" lon="-121.9956209"><ele>61</ele><time>2026-09-05T17:43:31.827429Z</time></trkpt>
  <trkpt lat="37.4125860" lon="-121.9956295"><ele>61</ele><time>2026-09-05T17:43:31.928437Z</time></trkpt>
  <trkpt lat="37.4125916" lon="-121.9956376"><ele>61</ele><time>2026-09-05T17:43:32.028787Z</time></trkpt>
  <trkpt lat="37.4125977" lon="-121.9956450"><ele>61</ele><time>2026-09-05T17:43:32.129464Z</time></trkpt>
  <trkpt lat="37.4125977" lon="-121.9956450"><ele>61</ele><time>2026-09-05T17:43:32.228045Z</time></trkpt>
  <trkpt lat="37.4126041" lon="-121.9956519"><ele>61</ele><time>2026-09-05T17:43:32.230105Z</time></trkpt>
  <trkpt lat="37.4126109" lon="-121.9956582"><ele>61</ele><time>2026-09-05T17:43:32.330185Z</time></trkpt>
  <trkpt lat="37.4126180" lon="-121.9956637"><ele>61</ele><time>2026-09-05T17:43:32.430915Z</time></trkpt>
  <trkpt lat="37.4126251" lon="-121.9956681"><ele>61</ele><time>2026-09-05T17:43:32.531639Z</time></trkpt>
  <trkpt lat="37.4126315" lon="-121.9956716"><ele>61</ele><time>2026-09-05T17:43:32.632687Z</time></trkpt>
  <trkpt lat="37.4126381" lon="-121.9956743"><ele>61</ele><time>2026-09-05T17:43:32.713349Z</time></trkpt>
  <trkpt lat="37.4126446" lon="-121.9956762"><ele>61</ele><time>2026-09-05T17:43:32.834152Z</time></trkpt>
  <trkpt lat="37.4126508" lon="-121.9956773"><ele>62</ele><time>2026-09-05T17:43:32.914943Z</time></trkpt>
  <trkpt lat="37.4126568" lon="-121.9956772"><ele>62</ele><time>2026-09-05T17:43:33.015816Z</time></trkpt>
  <trkpt lat="37.4126625" lon="-121.9956761"><ele>62</ele><time>2026-09-05T17:43:33.116422Z</time></trkpt>
  <trkpt lat="37.4126683" lon="-121.9956741"><ele>63</ele><time>2026-09-05T17:43:33.216734Z</time></trkpt>
  <trkpt lat="37.4126738" lon="-121.9956714"><ele>63</ele><time>2026-09-05T17:43:33.317161Z</time></trkpt>
  <trkpt lat="37.4126788" lon="-121.9956681"><ele>63</ele><time>2026-09-05T17:43:33.416747Z</time></trkpt>
  <trkpt lat="37.4126839" lon="-121.9956645"><ele>63</ele><time>2026-09-05T17:43:33.517252Z</time></trkpt>
  <trkpt lat="37.4126889" lon="-121.9956606"><ele>63</ele><time>2026-09-05T17:43:33.618012Z</time></trkpt>
  <trkpt lat="37.4126937" lon="-121.9956560"><ele>64</ele><time>2026-09-05T17:43:33.718465Z</time></trkpt>
  <trkpt lat="37.4126985" lon="-121.9956511"><ele>64</ele><time>2026-09-05T17:43:33.819339Z</time></trkpt>
  <trkpt lat="37.4127031" lon="-121.9956459"><ele>64</ele><time>2026-09-05T17:43:33.920030Z</time></trkpt>
  <trkpt lat="37.4127076" lon="-121.9956404"><ele>64</ele><time>2026-09-05T17:43:34.020545Z</time></trkpt>
  <trkpt lat="37.4127121" lon="-121.9956348"><ele>64</ele><time>2026-09-05T17:43:34.121060Z</time></trkpt>
  <trkpt lat="37.4127167" lon="-121.9956288"><ele>64</ele><time>2026-09-05T17:43:34.221605Z</time></trkpt>
  <trkpt lat="37.4127212" lon="-121.9956226"><ele>64</ele><time>2026-09-05T17:43:34.322559Z</time></trkpt>
  <trkpt lat="37.4127212" lon="-121.9956226"><ele>64</ele><time>2026-09-05T17:43:34.387152Z</time></trkpt>
  <trkpt lat="37.4127257" lon="-121.9956164"><ele>64</ele><time>2026-09-05T17:43:34.423092Z</time></trkpt>
  <trkpt lat="37.4127299" lon="-121.9956099"><ele>64</ele><time>2026-09-05T17:43:34.523784Z</time></trkpt>
  <trkpt lat="37.4127341" lon="-121.9956037"><ele>64</ele><time>2026-09-05T17:43:34.624583Z</time></trkpt>
  <trkpt lat="37.4127383" lon="-121.9955971"><ele>64</ele><time>2026-09-05T17:43:34.724891Z</time></trkpt>
  <trkpt lat="37.4127425" lon="-121.9955906"><ele>64</ele><time>2026-09-05T17:43:34.825589Z</time></trkpt>
  <trkpt lat="37.4127468" lon="-121.9955842"><ele>64</ele><time>2026-09-05T17:43:34.926345Z</time></trkpt>
  <trkpt lat="37.4127513" lon="-121.9955776"><ele>64</ele><time>2026-09-05T17:43:35.028030Z</time></trkpt>
  <trkpt lat="37.4127559" lon="-121.9955712"><ele>64</ele><time>2026-09-05T17:43:35.128109Z</time></trkpt>
  <trkpt lat="37.4127606" lon="-121.9955645"><ele>64</ele><time>2026-09-05T17:43:35.228813Z</time></trkpt>
  <trkpt lat="37.4127653" lon="-121.9955578"><ele>64</ele><time>2026-09-05T17:43:35.329213Z</time></trkpt>
  <trkpt lat="37.4127701" lon="-121.9955512"><ele>64</ele><time>2026-09-05T17:43:35.409631Z</time></trkpt>
  <trkpt lat="37.4127751" lon="-121.9955445"><ele>65</ele><time>2026-09-05T17:43:35.510243Z</time></trkpt>
  <trkpt lat="37.4127802" lon="-121.9955379"><ele>65</ele><time>2026-09-05T17:43:35.610597Z</time></trkpt>
  <trkpt lat="37.4127853" lon="-121.9955315"><ele>65</ele><time>2026-09-05T17:43:35.711374Z</time></trkpt>
  <trkpt lat="37.4127904" lon="-121.9955256"><ele>65</ele><time>2026-09-05T17:43:35.811776Z</time></trkpt>
  <trkpt lat="37.4127958" lon="-121.9955198"><ele>65</ele><time>2026-09-05T17:43:35.912190Z</time></trkpt>
  <trkpt lat="37.4128012" lon="-121.9955141"><ele>65</ele><time>2026-09-05T17:43:36.013015Z</time></trkpt>
  <trkpt lat="37.4128068" lon="-121.9955085"><ele>65</ele><time>2026-09-05T17:43:36.114101Z</time></trkpt>
  <trkpt lat="37.4128127" lon="-121.9955030"><ele>65</ele><time>2026-09-05T17:43:36.214036Z</time></trkpt>
  <trkpt lat="37.4128188" lon="-121.9954979"><ele>66</ele><time>2026-09-05T17:43:36.314313Z</time></trkpt>
  <trkpt lat="37.4128251" lon="-121.9954932"><ele>66</ele><time>2026-09-05T17:43:36.415463Z</time></trkpt>
  <trkpt lat="37.4128312" lon="-121.9954890"><ele>66</ele><time>2026-09-05T17:43:36.516345Z</time></trkpt>
  <trkpt lat="37.4128312" lon="-121.9954890"><ele>66</ele><time>2026-09-05T17:43:36.545097Z</time></trkpt>
  <trkpt lat="37.4128374" lon="-121.9954849"><ele>67</ele><time>2026-09-05T17:43:36.616900Z</time></trkpt>
  <trkpt lat="37.4128437" lon="-121.9954809"><ele>67</ele><time>2026-09-05T17:43:36.717032Z</time></trkpt>
  <trkpt lat="37.4128499" lon="-121.9954772"><ele>67</ele><time>2026-09-05T17:43:36.817865Z</time></trkpt>
  <trkpt lat="37.4128559" lon="-121.9954736"><ele>68</ele><time>2026-09-05T17:43:36.918153Z</time></trkpt>
  <trkpt lat="37.4128619" lon="-121.9954699"><ele>68</ele><time>2026-09-05T17:43:37.018669Z</time></trkpt>
  <trkpt lat="37.4128678" lon="-121.9954661"><ele>69</ele><time>2026-09-05T17:43:37.118955Z</time></trkpt>
  <trkpt lat="37.4128736" lon="-121.9954619"><ele>70</ele><time>2026-09-05T17:43:37.219430Z</time></trkpt>
  <trkpt lat="37.4128791" lon="-121.9954573"><ele>70</ele><time>2026-09-05T17:43:37.319847Z</time></trkpt>
  <trkpt lat="37.4128843" lon="-121.9954525"><ele>71</ele><time>2026-09-05T17:43:37.420012Z</time></trkpt>
  <trkpt lat="37.4128890" lon="-121.9954477"><ele>71</ele><time>2026-09-05T17:43:37.520591Z</time></trkpt>
  <trkpt lat="37.4128934" lon="-121.9954431"><ele>72</ele><time>2026-09-05T17:43:37.620954Z</time></trkpt>
  <trkpt lat="37.4128977" lon="-121.9954383"><ele>73</ele><time>2026-09-05T17:43:37.721927Z</time></trkpt>
  <trkpt lat="37.4129018" lon="-121.9954336"><ele>73</ele><time>2026-09-05T17:43:37.822878Z</time></trkpt>
  <trkpt lat="37.4129055" lon="-121.9954286"><ele>74</ele><time>2026-09-05T17:43:37.923440Z</time></trkpt>
  <trkpt lat="37.4129095" lon="-121.9954233"><ele>74</ele><time>2026-09-05T17:43:38.024058Z</time></trkpt>
  <trkpt lat="37.4129136" lon="-121.9954178"><ele>75</ele><time>2026-09-05T17:43:38.124732Z</time></trkpt>
  <trkpt lat="37.4129179" lon="-121.9954121"><ele>75</ele><time>2026-09-05T17:43:38.225064Z</time></trkpt>
  <trkpt lat="37.4129226" lon="-121.9954062"><ele>76</ele><time>2026-09-05T17:43:38.325915Z</time></trkpt>
  <trkpt lat="37.4129277" lon="-121.9954003"><ele>76</ele><time>2026-09-05T17:43:38.407604Z</time></trkpt>
  <trkpt lat="37.4129334" lon="-121.9953940"><ele>76</ele><time>2026-09-05T17:43:38.527082Z</time></trkpt>
  <trkpt lat="37.4129395" lon="-121.9953875"><ele>76</ele><time>2026-09-05T17:43:38.607441Z</time></trkpt>
  <trkpt lat="37.4129395" lon="-121.9953875"><ele>76</ele><time>2026-09-05T17:43:38.704210Z</time></trkpt>
  <trkpt lat="37.4129460" lon="-121.9953809"><ele>76</ele><time>2026-09-05T17:43:38.707843Z</time></trkpt>
  <trkpt lat="37.4129527" lon="-121.9953742"><ele>76</ele><time>2026-09-05T17:43:38.807827Z</time></trkpt>
  <trkpt lat="37.4129599" lon="-121.9953679"><ele>76</ele><time>2026-09-05T17:43:38.908780Z</time></trkpt>
  <trkpt lat="37.4129679" lon="-121.9953626"><ele>76</ele><time>2026-09-05T17:43:39.010206Z</time></trkpt>
  <trkpt lat="37.4129763" lon="-121.9953584"><ele>76</ele><time>2026-09-05T17:43:39.111487Z</time></trkpt>
  <trkpt lat="37.4129853" lon="-121.9953554"><ele>76</ele><time>2026-09-05T17:43:39.212182Z</time></trkpt>
  <trkpt lat="37.4129948" lon="-121.9953537"><ele>75</ele><time>2026-09-05T17:43:39.312905Z</time></trkpt>
  <trkpt lat="37.4130045" lon="-121.9953531"><ele>75</ele><time>2026-09-05T17:43:39.414335Z</time></trkpt>
  <trkpt lat="37.4130144" lon="-121.9953536"><ele>75</ele><time>2026-09-05T17:43:39.514311Z</time></trkpt>
  <trkpt lat="37.4130246" lon="-121.9953551"><ele>75</ele><time>2026-09-05T17:43:39.614874Z</time></trkpt>
  <trkpt lat="37.4130350" lon="-121.9953574"><ele>75</ele><time>2026-09-05T17:43:39.715295Z</time></trkpt>
  <trkpt lat="37.4130455" lon="-121.9953606"><ele>75</ele><time>2026-09-05T17:43:39.816175Z</time></trkpt>
  <trkpt lat="37.4130560" lon="-121.9953650"><ele>75</ele><time>2026-09-05T17:43:39.917146Z</time></trkpt>
  <trkpt lat="37.4130660" lon="-121.9953702"><ele>75</ele><time>2026-09-05T17:43:40.017648Z</time></trkpt>
  <trkpt lat="37.4130761" lon="-121.9953759"><ele>75</ele><time>2026-09-05T17:43:40.117960Z</time></trkpt>
  <trkpt lat="37.4130858" lon="-121.9953819"><ele>75</ele><time>2026-09-05T17:43:40.219155Z</time></trkpt>
  <trkpt lat="37.4130951" lon="-121.9953880"><ele>76</ele><time>2026-09-05T17:43:40.320138Z</time></trkpt>
  <trkpt lat="37.4131039" lon="-121.9953945"><ele>76</ele><time>2026-09-05T17:43:40.421191Z</time></trkpt>
  <trkpt lat="37.4131127" lon="-121.9954008"><ele>77</ele><time>2026-09-05T17:43:40.520914Z</time></trkpt>
  <trkpt lat="37.4131212" lon="-121.9954072"><ele>77</ele><time>2026-09-05T17:43:40.621121Z</time></trkpt>
  <trkpt lat="37.4131297" lon="-121.9954136"><ele>78</ele><time>2026-09-05T17:43:40.721909Z</time></trkpt>
  <trkpt lat="37.4131382" lon="-121.9954201"><ele>78</ele><time>2026-09-05T17:43:40.822595Z</time></trkpt>
  <trkpt lat="37.4131382" lon="-121.9954201"><ele>78</ele><time>2026-09-05T17:43:40.867984Z</time></trkpt>
  <trkpt lat="37.4131467" lon="-121.9954264"><ele>79</ele><time>2026-09-05T17:43:40.923157Z</time></trkpt>
  <trkpt lat="37.4131553" lon="-121.9954326"><ele>79</ele><time>2026-09-05T17:43:41.003694Z</time></trkpt>
  <trkpt lat="37.4131639" lon="-121.9954386"><ele>79</ele><time>2026-09-05T17:43:41.103808Z</time></trkpt>
  <trkpt lat="37.4131727" lon="-121.9954443"><ele>80</ele><time>2026-09-05T17:43:41.204240Z</time></trkpt>
  <trkpt lat="37.4131816" lon="-121.9954493"><ele>80</ele><time>2026-09-05T17:43:41.304675Z</time></trkpt>
  <trkpt lat="37.4131899" lon="-121.9954535"><ele>81</ele><time>2026-09-05T17:43:41.405351Z</time></trkpt>
  <trkpt lat="37.4131981" lon="-121.9954564"><ele>82</ele><time>2026-09-05T17:43:41.505996Z</time></trkpt>
  <trkpt lat="37.4132059" lon="-121.9954578"><ele>82</ele><time>2026-09-05T17:43:41.606470Z</time></trkpt>
  <trkpt lat="37.4132134" lon="-121.9954578"><ele>83</ele><time>2026-09-05T17:43:41.707344Z</time></trkpt>
  <trkpt lat="37.4132206" lon="-121.9954559"><ele>83</ele><time>2026-09-05T17:43:41.807744Z</time></trkpt>
  <trkpt lat="37.4132271" lon="-121.9954521"><ele>84</ele><time>2026-09-05T17:43:41.908254Z</time></trkpt>
  <trkpt lat="37.4132329" lon="-121.9954469"><ele>85</ele><time>2026-09-05T17:43:42.008532Z</time></trkpt>
  <trkpt lat="37.4132378" lon="-121.9954404"><ele>85</ele><time>2026-09-05T17:43:42.109213Z</time></trkpt>
  <trkpt lat="37.4132419" lon="-121.9954327"><ele>86</ele><time>2026-09-05T17:43:42.209838Z</time></trkpt>
  <trkpt lat="37.4132448" lon="-121.9954240"><ele>86</ele><time>2026-09-05T17:43:42.310819Z</time></trkpt>
  <trkpt lat="37.4132468" lon="-121.9954143"><ele>87</ele><time>2026-09-05T17:43:42.410684Z</time></trkpt>
  <trkpt lat="37.4132478" lon="-121.9954035"><ele>87</ele><time>2026-09-05T17:43:42.511416Z</time></trkpt>
  <trkpt lat="37.4132474" lon="-121.9953922"><ele>87</ele><time>2026-09-05T17:43:42.611727Z</time></trkpt>
  <trkpt lat="37.4132457" lon="-121.9953802"><ele>87</ele><time>2026-09-05T17:43:42.712820Z</time></trkpt>
  <trkpt lat="37.4132425" lon="-121.9953680"><ele>87</ele><time>2026-09-05T17:43:42.813272Z</time></trkpt>
  <trkpt lat="37.4132377" lon="-121.9953559"><ele>87</ele><time>2026-09-05T17:43:42.913704Z</time></trkpt>
  <trkpt lat="37.4132322" lon="-121.9953439"><ele>87</ele><time>2026-09-05T17:43:43.014677Z</time></trkpt>
  <trkpt lat="37.4132322" lon="-121.9953439"><ele>87</ele><time>2026-09-05T17:43:43.025652Z</time></trkpt>
  <trkpt lat="37.4132256" lon="-121.9953321"><ele>87</ele><time>2026-09-05T17:43:43.115145Z</time></trkpt>
  <trkpt lat="37.4132179" lon="-121.9953207"><ele>87</ele><time>2026-09-05T17:43:43.216469Z</time></trkpt>
  <trkpt lat="37.4132092" lon="-121.9953092"><ele>86</ele><time>2026-09-05T17:43:43.317444Z</time></trkpt>
  <trkpt lat="37.4131998" lon="-121.9952978"><ele>86</ele><time>2026-09-05T17:43:43.418919Z</time></trkpt>
  <trkpt lat="37.4131903" lon="-121.9952863"><ele>85</ele><time>2026-09-05T17:43:43.520097Z</time></trkpt>
  <trkpt lat="37.4131802" lon="-121.9952749"><ele>85</ele><time>2026-09-05T17:43:43.600732Z</time></trkpt>
  <trkpt lat="37.4131706" lon="-121.9952631"><ele>85</ele><time>2026-09-05T17:43:43.700991Z</time></trkpt>
  <trkpt lat="37.4131612" lon="-121.9952512"><ele>85</ele><time>2026-09-05T17:43:43.801671Z</time></trkpt>
  <trkpt lat="37.4131516" lon="-121.9952389"><ele>85</ele><time>2026-09-05T17:43:43.901836Z</time></trkpt>
  <trkpt lat="37.4131423" lon="-121.9952268"><ele>85</ele><time>2026-09-05T17:43:44.002858Z</time></trkpt>
  <trkpt lat="37.4131336" lon="-121.9952150"><ele>86</ele><time>2026-09-05T17:43:44.103113Z</time></trkpt>
  <trkpt lat="37.4131250" lon="-121.9952033"><ele>86</ele><time>2026-09-05T17:43:44.203685Z</time></trkpt>
  <trkpt lat="37.4131170" lon="-121.9951922"><ele>87</ele><time>2026-09-05T17:43:44.304332Z</time></trkpt>
  <trkpt lat="37.4131099" lon="-121.9951818"><ele>87</ele><time>2026-09-05T17:43:44.404827Z</time></trkpt>
  <trkpt lat="37.4131037" lon="-121.9951722"><ele>88</ele><time>2026-09-05T17:43:44.505380Z</time></trkpt>
  <trkpt lat="37.4130981" lon="-121.9951629"><ele>89</ele><time>2026-09-05T17:43:44.606274Z</time></trkpt>
  <trkpt lat="37.4130921" lon="-121.9951536"><ele>89</ele><time>2026-09-05T17:43:44.706607Z</time></trkpt>
  <trkpt lat="37.4130852" lon="-121.9951441"><ele>90</ele><time>2026-09-05T17:43:44.807557Z</time></trkpt>
  <trkpt lat="37.4130780" lon="-121.9951349"><ele>90</ele><time>2026-09-05T17:43:44.907695Z</time></trkpt>
  <trkpt lat="37.4130706" lon="-121.9951261"><ele>91</ele><time>2026-09-05T17:43:45.008470Z</time></trkpt>
  <trkpt lat="37.4130636" lon="-121.9951182"><ele>91</ele><time>2026-09-05T17:43:45.108810Z</time></trkpt>
  <trkpt lat="37.4130636" lon="-121.9951182"><ele>91</ele><time>2026-09-05T17:43:45.182364Z</time></trkpt>
  <trkpt lat="37.4130569" lon="-121.9951115"><ele>92</ele><time>2026-09-05T17:43:45.209459Z</time></trkpt>
  <trkpt lat="37.4130502" lon="-121.9951059"><ele>92</ele><time>2026-09-05T17:43:45.310121Z</time></trkpt>
  <trkpt lat="37.4130433" lon="-121.9951014"><ele>93</ele><time>2026-09-05T17:43:45.411139Z</time></trkpt>
  <trkpt lat="37.4130363" lon="-121.9950979"><ele>93</ele><time>2026-09-05T17:43:45.511720Z</time></trkpt>
  <trkpt lat="37.4130298" lon="-121.9950954"><ele>94</ele><time>2026-09-05T17:43:45.612108Z</time></trkpt>
  <trkpt lat="37.4130235" lon="-121.9950940"><ele>95</ele><time>2026-09-05T17:43:45.712096Z</time></trkpt>
  <trkpt lat="37.4130166" lon="-121.9950932"><ele>95</ele><time>2026-09-05T17:43:45.812835Z</time></trkpt>
  <trkpt lat="37.4130090" lon="-121.9950926"><ele>96</ele><time>2026-09-05T17:43:45.913170Z</time></trkpt>
  <trkpt lat="37.4130021" lon="-121.9950924"><ele>97</ele><time>2026-09-05T17:43:46.013934Z</time></trkpt>
  <trkpt lat="37.4129940" lon="-121.9950920"><ele>98</ele><time>2026-09-05T17:43:46.114741Z</time></trkpt>
  <trkpt lat="37.4129862" lon="-121.9950919"><ele>98</ele><time>2026-09-05T17:43:46.215360Z</time></trkpt>
  <trkpt lat="37.4129775" lon="-121.9950919"><ele>99</ele><time>2026-09-05T17:43:46.316131Z</time></trkpt>
  <trkpt lat="37.4129672" lon="-121.9950922"><ele>100</ele><time>2026-09-05T17:43:46.416174Z</time></trkpt>
  <trkpt lat="37.4129563" lon="-121.9950927"><ele>101</ele><time>2026-09-05T17:43:46.497040Z</time></trkpt>
  <trkpt lat="37.4129470" lon="-121.9950933"><ele>102</ele><time>2026-09-05T17:43:46.597908Z</time></trkpt>
  <trkpt lat="37.4129380" lon="-121.9950937"><ele>102</ele><time>2026-09-05T17:43:46.698458Z</time></trkpt>
  <trkpt lat="37.4129291" lon="-121.9950939"><ele>103</ele><time>2026-09-05T17:43:46.798648Z</time></trkpt>
  <trkpt lat="37.4129209" lon="-121.9950939"><ele>103</ele><time>2026-09-05T17:43:46.899308Z</time></trkpt>
  <trkpt lat="37.4129129" lon="-121.9950937"><ele>104</ele><time>2026-09-05T17:43:46.999886Z</time></trkpt>
  <trkpt lat="37.4129054" lon="-121.9950932"><ele>104</ele><time>2026-09-05T17:43:47.100296Z</time></trkpt>
  <trkpt lat="37.4128975" lon="-121.9950923"><ele>105</ele><time>2026-09-05T17:43:47.201068Z</time></trkpt>
  <trkpt lat="37.4128895" lon="-121.9950906"><ele>105</ele><time>2026-09-05T17:43:47.302242Z</time></trkpt>
  <trkpt lat="37.4128895" lon="-121.9950906"><ele>105</ele><time>2026-09-05T17:43:47.328918Z</time></trkpt>
  <trkpt lat="37.4128817" lon="-121.9950894"><ele>106</ele><time>2026-09-05T17:43:47.402688Z</time></trkpt>
  <trkpt lat="37.4128738" lon="-121.9950883"><ele>106</ele><time>2026-09-05T17:43:47.503302Z</time></trkpt>
  <trkpt lat="37.4128656" lon="-121.9950869"><ele>107</ele><time>2026-09-05T17:43:47.603934Z</time></trkpt>
  <trkpt lat="37.4128573" lon="-121.9950851"><ele>107</ele><time>2026-09-05T17:43:47.704726Z</time></trkpt>
  <trkpt lat="37.4128484" lon="-121.9950834"><ele>108</ele><time>2026-09-05T17:43:47.805097Z</time></trkpt>
  <trkpt lat="37.4128403" lon="-121.9950828"><ele>108</ele><time>2026-09-05T17:43:47.905563Z</time></trkpt>
  <trkpt lat="37.4128323" lon="-121.9950823"><ele>108</ele><time>2026-09-05T17:43:48.006579Z</time></trkpt>
  <trkpt lat="37.4128243" lon="-121.9950818"><ele>107</ele><time>2026-09-05T17:43:48.106858Z</time></trkpt>
  <trkpt lat="37.4128161" lon="-121.9950808"><ele>107</ele><time>2026-09-05T17:43:48.207455Z</time></trkpt>
  <trkpt lat="37.4128073" lon="-121.9950792"><ele>107</ele><time>2026-09-05T17:43:48.307953Z</time></trkpt>
  <trkpt lat="37.4127986" lon="-121.9950768"><ele>106</ele><time>2026-09-05T17:43:48.408382Z</time></trkpt>
  <trkpt lat="37.4127906" lon="-121.9950734"><ele>105</ele><time>2026-09-05T17:43:48.509025Z</time></trkpt>
  <trkpt lat="37.4127830" lon="-121.9950699"><ele>104</ele><time>2026-09-05T17:43:48.609807Z</time></trkpt>
  <trkpt lat="37.4127753" lon="-121.9950690"><ele>103</ele><time>2026-09-05T17:43:48.710383Z</time></trkpt>
  <trkpt lat="37.4127685" lon="-121.9950710"><ele>101</ele><time>2026-09-05T17:43:48.810822Z</time></trkpt>
  <trkpt lat="37.4127625" lon="-121.9950742"><ele>100</ele><time>2026-09-05T17:43:48.911189Z</time></trkpt>
  <trkpt lat="37.4127564" lon="-121.9950787"><ele>98</ele><time>2026-09-05T17:43:49.011877Z</time></trkpt>
  <trkpt lat="37.4127505" lon="-121.9950846"><ele>96</ele><time>2026-09-05T17:43:49.112210Z</time></trkpt>
  <trkpt lat="37.4127446" lon="-121.9950917"><ele>95</ele><time>2026-09-05T17:43:49.212930Z</time></trkpt>
  <trkpt lat="37.4127399" lon="-121.9951006"><ele>94</ele><time>2026-09-05T17:43:49.313118Z</time></trkpt>
  <trkpt lat="37.4127352" lon="-121.9951130"><ele>92</ele><time>2026-09-05T17:43:49.413815Z</time></trkpt>
  <trkpt lat="37.4127352" lon="-121.9951130"><ele>92</ele><time>2026-09-05T17:43:49.473973Z</time></trkpt>
  <trkpt lat="37.4127304" lon="-121.9951279"><ele>92</ele><time>2026-09-05T17:43:49.494212Z</time></trkpt>
  <trkpt lat="37.4127252" lon="-121.9951442"><ele>91</ele><time>2026-09-05T17:43:49.594736Z</time></trkpt>
  <trkpt lat="37.4127196" lon="-121.9951603"><ele>91</ele><time>2026-09-05T17:43:49.695395Z</time></trkpt>
  <trkpt lat="37.4127139" lon="-121.9951760"><ele>92</ele><time>2026-09-05T17:43:49.795934Z</time></trkpt>
  <trkpt lat="37.4127092" lon="-121.9951897"><ele>93</ele><time>2026-09-05T17:43:49.897496Z</time></trkpt>
  <trkpt lat="37.4127051" lon="-121.9952023"><ele>94</ele><time>2026-09-05T17:43:49.998142Z</time></trkpt>
  <trkpt lat="37.4126994" lon="-121.9952136"><ele>95</ele><time>2026-09-05T17:43:50.098489Z</time></trkpt>
  <trkpt lat="37.4126934" lon="-121.9952226"><ele>97</ele><time>2026-09-05T17:43:50.198736Z</time></trkpt>
  <trkpt lat="37.4126866" lon="-121.9952289"><ele>98</ele><time>2026-09-05T17:43:50.299878Z</time></trkpt>
  <trkpt lat="37.4126791" lon="-121.9952334"><ele>99</ele><time>2026-09-05T17:43:50.399815Z</time></trkpt>
  <trkpt lat="37.4126715" lon="-121.9952375"><ele>101</ele><time>2026-09-05T17:43:50.500165Z</time></trkpt>
  <trkpt lat="37.4126632" lon="-121.9952409"><ele>102</ele><time>2026-09-05T17:43:50.600842Z</time></trkpt>
  <trkpt lat="37.4126542" lon="-121.9952436"><ele>103</ele><time>2026-09-05T17:43:50.701288Z</time></trkpt>
  <trkpt lat="37.4126432" lon="-121.9952453"><ele>104</ele><time>2026-09-05T17:43:50.802135Z</time></trkpt>
  <trkpt lat="37.4126303" lon="-121.9952456"><ele>106</ele><time>2026-09-05T17:43:50.902868Z</time></trkpt>
  <trkpt lat="37.4126176" lon="-121.9952455"><ele>107</ele><time>2026-09-05T17:43:51.004276Z</time></trkpt>
  <trkpt lat="37.4126039" lon="-121.9952441"><ele>109</ele><time>2026-09-05T17:43:51.104657Z</time></trkpt>
  <trkpt lat="37.4125910" lon="-121.9952439"><ele>111</ele><time>2026-09-05T17:43:51.204800Z</time></trkpt>
  <trkpt lat="37.4125754" lon="-121.9952443"><ele>112</ele><time>2026-09-05T17:43:51.305731Z</time></trkpt>
  <trkpt lat="37.4125571" lon="-121.9952453"><ele>114</ele><time>2026-09-05T17:43:51.405896Z</time></trkpt>
  <trkpt lat="37.4125377" lon="-121.9952463"><ele>115</ele><time>2026-09-05T17:43:51.506612Z</time></trkpt>
  <trkpt lat="37.4125174" lon="-121.9952467"><ele>117</ele><time>2026-09-05T17:43:51.607607Z</time></trkpt>
  <trkpt lat="37.4125174" lon="-121.9952467"><ele>117</ele><time>2026-09-05T17:43:51.613719Z</time></trkpt>
  <trkpt lat="37.4124984" lon="-121.9952476"><ele>118</ele><time>2026-09-05T17:43:51.708610Z</time></trkpt>
  <trkpt lat="37.4124794" lon="-121.9952481"><ele>120</ele><time>2026-09-05T17:43:51.789635Z</time></trkpt>
  <trkpt lat="37.4124558" lon="-121.9952452"><ele>121</ele><time>2026-09-05T17:43:51.889878Z</time></trkpt>
  <trkpt lat="37.4124299" lon="-121.9952419"><ele>122</ele><time>2026-09-05T17:43:51.991269Z</time></trkpt>
  <trkpt lat="37.4124068" lon="-121.9952413"><ele>123</ele><time>2026-09-05T17:43:52.091844Z</time></trkpt>
  <trkpt lat="37.4123816" lon="-121.9952393"><ele>125</ele><time>2026-09-05T17:43:52.192795Z</time></trkpt>
  <trkpt lat="37.4123554" lon="-121.9952365"><ele>127</ele><time>2026-09-05T17:43:52.294104Z</time></trkpt>
  <trkpt lat="37.4123289" lon="-121.9952337"><ele>129</ele><time>2026-09-05T17:43:52.395202Z</time></trkpt>
  <trkpt lat="37.4123017" lon="-121.9952274"><ele>132</ele><time>2026-09-05T17:43:52.496193Z</time></trkpt>
  <trkpt lat="37.4122776" lon="-121.9952190"><ele>135</ele><time>2026-09-05T17:43:52.597518Z</time></trkpt>
  <trkpt lat="37.4122580" lon="-121.9952081"><ele>138</ele><time>2026-09-05T17:43:52.698092Z</time></trkpt>
  <trkpt lat="37.4122447" lon="-121.9951960"><ele>141</ele><time>2026-09-05T17:43:52.797774Z</time></trkpt>
  <trkpt lat="37.4122369" lon="-121.9951850"><ele>144</ele><time>2026-09-05T17:43:52.897851Z</time></trkpt>
  <trkpt lat="37.4122462" lon="-121.9951830"><ele>145</ele><time>2026-09-05T17:43:52.998729Z</time></trkpt>
  <trkpt lat="37.4122560" lon="-121.9951798"><ele>147</ele><time>2026-09-05T17:43:53.099548Z</time></trkpt>
  <trkpt lat="37.4122732" lon="-121.9951797"><ele>148</ele><time>2026-09-05T17:43:53.200126Z</time></trkpt>
  <trkpt lat="37.4122811" lon="-121.9951757"><ele>150</ele><time>2026-09-05T17:43:53.300294Z</time></trkpt>
  <trkpt lat="37.4122892" lon="-121.9951708"><ele>151</ele><time>2026-09-05T17:43:53.400630Z</time></trkpt>
  <trkpt lat="37.4122998" lon="-121.9951675"><ele>152</ele><time>2026-09-05T17:43:53.500976Z</time></trkpt>
  <trkpt lat="37.4123123" lon="-121.9951666"><ele>152</ele><time>2026-09-05T17:43:53.601295Z</time></trkpt>
  <trkpt lat="37.4123225" lon="-121.9951662"><ele>153</ele><time>2026-09-05T17:43:53.701872Z</time></trkpt>
  <trkpt lat="37.4123225" lon="-121.9951662"><ele>153</ele><time>2026-09-05T17:43:53.769267Z</time></trkpt>
  <trkpt lat="37.4123331" lon="-121.9951651"><ele>152</ele><time>2026-09-05T17:43:53.802649Z</time></trkpt>
  <trkpt lat="37.4123439" lon="-121.9951650"><ele>151</ele><time>2026-09-05T17:43:53.903430Z</time></trkpt>
  <trkpt lat="37.4123522" lon="-121.9951647"><ele>149</ele><time>2026-09-05T17:43:54.004233Z</time></trkpt>
  <trkpt lat="37.4123604" lon="-121.9951639"><ele>147</ele><time>2026-09-05T17:43:54.104803Z</time></trkpt>
  <trkpt lat="37.4123663" lon="-121.9951613"><ele>145</ele><time>2026-09-05T17:43:54.205108Z</time></trkpt>
  <trkpt lat="37.4123696" lon="-121.9951558"><ele>144</ele><time>2026-09-05T17:43:54.305763Z</time></trkpt>
  <trkpt lat="37.4123732" lon="-121.9951489"><ele>143</ele><time>2026-09-05T17:43:54.406906Z</time></trkpt>
  <trkpt lat="37.4123777" lon="-121.9951415"><ele>142</ele><time>2026-09-05T17:43:54.487498Z</time></trkpt>
  <trkpt lat="37.4123831" lon="-121.9951334"><ele>142</ele><time>2026-09-05T17:43:54.607167Z</time></trkpt>
  <trkpt lat="37.4123898" lon="-121.9951258"><ele>141</ele><time>2026-09-05T17:43:54.687572Z</time></trkpt>
  <trkpt lat="37.4123961" lon="-121.9951185"><ele>140</ele><time>2026-09-05T17:43:54.788267Z</time></trkpt>
  <trkpt lat="37.4124034" lon="-121.9951125"><ele>139</ele><time>2026-09-05T17:43:54.888561Z</time></trkpt>
  <trkpt lat="37.4124117" lon="-121.9951079"><ele>138</ele><time>2026-09-05T17:43:54.988923Z</time></trkpt>
  <trkpt lat="37.4124200" lon="-121.9951055"><ele>137</ele><time>2026-09-05T17:43:55.089621Z</time></trkpt>
  <trkpt lat="37.4124450" lon="-121.9951080"><ele>133</ele><time>2026-09-05T17:43:55.190213Z</time></trkpt>
  <trkpt lat="37.4124550" lon="-121.9951095"><ele>132</ele><time>2026-09-05T17:43:55.290625Z</time></trkpt>
  <trkpt lat="37.4124791" lon="-121.9951140"><ele>128</ele><time>2026-09-05T17:43:55.391092Z</time></trkpt>
  <trkpt lat="37.4124967" lon="-121.9951163"><ele>125</ele><time>2026-09-05T17:43:55.492196Z</time></trkpt>
  <trkpt lat="37.4125158" lon="-121.9951177"><ele>122</ele><time>2026-09-05T17:43:55.592742Z</time></trkpt>
  <trkpt lat="37.4125359" lon="-121.9951186"><ele>119</ele><time>2026-09-05T17:43:55.692965Z</time></trkpt>
  <trkpt lat="37.4125632" lon="-121.9951221"><ele>115</ele><time>2026-09-05T17:43:55.793857Z</time></trkpt>
  <trkpt lat="37.4125789" lon="-121.9951244"><ele>111</ele><time>2026-09-05T17:43:55.894208Z</time></trkpt>
  <trkpt lat="37.4125789" lon="-121.9951244"><ele>111</ele><time>2026-09-05T17:43:55.929435Z</time></trkpt>
  <trkpt lat="37.4125922" lon="-121.9951258"><ele>107</ele><time>2026-09-05T17:43:55.995827Z</time></trkpt>
  <trkpt lat="37.4126045" lon="-121.9951262"><ele>104</ele><time>2026-09-05T17:43:56.096916Z</time></trkpt>
  <trkpt lat="37.4126223" lon="-121.9951290"><ele>100</ele><time>2026-09-05T17:43:56.177881Z</time></trkpt>
  <trkpt lat="37.4126402" lon="-121.9951322"><ele>95</ele><time>2026-09-05T17:43:56.298192Z</time></trkpt>
  <trkpt lat="37.4126609" lon="-121.9951367"><ele>90</ele><time>2026-09-05T17:43:56.398841Z</time></trkpt>
  <trkpt lat="37.4126827" lon="-121.9951439"><ele>86</ele><time>2026-09-05T17:43:56.499508Z</time></trkpt>
  <trkpt lat="37.4127009" lon="-121.9951527"><ele>83</ele><time>2026-09-05T17:43:56.600339Z</time></trkpt>
  <trkpt lat="37.4127082" lon="-121.9951600"><ele>82</ele><time>2026-09-05T17:43:56.680674Z</time></trkpt>
  <trkpt lat="37.4127181" lon="-121.9951702"><ele>81</ele><time>2026-09-05T17:43:56.781536Z</time></trkpt>
  <trkpt lat="37.4127298" lon="-121.9951824"><ele>80</ele><time>2026-09-05T17:43:56.881750Z</time></trkpt>
  <trkpt lat="37.4127402" lon="-121.9951945"><ele>79</ele><time>2026-09-05T17:43:56.982026Z</time></trkpt>
  <trkpt lat="37.4127483" lon="-121.9952070"><ele>79</ele><time>2026-09-05T17:43:57.103945Z</time></trkpt>
  <trkpt lat="37.4127564" lon="-121.9952194"><ele>80</ele><time>2026-09-05T17:43:57.204299Z</time></trkpt>
  <trkpt lat="37.4127651" lon="-121.9952320"><ele>80</ele><time>2026-09-05T17:43:57.304585Z</time></trkpt>
  <trkpt lat="37.4127723" lon="-121.9952441"><ele>81</ele><time>2026-09-05T17:43:57.385152Z</time></trkpt>
  <trkpt lat="37.4127795" lon="-121.9952566"><ele>81</ele><time>2026-09-05T17:43:57.486089Z</time></trkpt>
  <trkpt lat="37.4127868" lon="-121.9952690"><ele>82</ele><time>2026-09-05T17:43:57.586666Z</time></trkpt>
  <trkpt lat="37.4127947" lon="-121.9952812"><ele>83</ele><time>2026-09-05T17:43:57.687055Z</time></trkpt>
  <trkpt lat="37.4128031" lon="-121.9952934"><ele>83</ele><time>2026-09-05T17:43:57.788090Z</time></trkpt>
  <trkpt lat="37.4128131" lon="-121.9953056"><ele>83</ele><time>2026-09-05T17:43:57.888562Z</time></trkpt>
  <trkpt lat="37.4128234" lon="-121.9953176"><ele>83</ele><time>2026-09-05T17:43:57.989076Z</time></trkpt>
  <trkpt lat="37.4128234" lon="-121.9953176"><ele>83</ele><time>2026-09-05T17:43:58.086211Z</time></trkpt>
  <trkpt lat="37.4128330" lon="-121.9953294"><ele>83</ele><time>2026-09-05T17:43:58.089396Z</time></trkpt>
  <trkpt lat="37.4128417" lon="-121.9953413"><ele>83</ele><time>2026-09-05T17:43:58.189941Z</time></trkpt>
  <trkpt lat="37.4128500" lon="-121.9953533"><ele>82</ele><time>2026-09-05T17:43:58.290486Z</time></trkpt>
  <trkpt lat="37.4128585" lon="-121.9953650"><ele>82</ele><time>2026-09-05T17:43:58.391264Z</time></trkpt>
  <trkpt lat="37.4128657" lon="-121.9953755"><ele>82</ele><time>2026-09-05T17:43:58.492328Z</time></trkpt>
  <trkpt lat="37.4128735" lon="-121.9953853"><ele>81</ele><time>2026-09-05T17:43:58.592750Z</time></trkpt>
  <trkpt lat="37.4128829" lon="-121.9953935"><ele>80</ele><time>2026-09-05T17:43:58.693299Z</time></trkpt>
  <trkpt lat="37.4128945" lon="-121.9953984"><ele>79</ele><time>2026-09-05T17:43:58.793735Z</time></trkpt>
  <trkpt lat="37.4129064" lon="-121.9953996"><ele>79</ele><time>2026-09-05T17:43:58.894784Z</time></trkpt>
  <trkpt lat="37.4129191" lon="-121.9953978"><ele>78</ele><time>2026-09-05T17:43:58.995324Z</time></trkpt>
  <trkpt lat="37.4129324" lon="-121.9953929"><ele>78</ele><time>2026-09-05T17:43:59.095963Z</time></trkpt>
  <trkpt lat="37.4129454" lon="-121.9953846"><ele>77</ele><time>2026-09-05T17:43:59.196951Z</time></trkpt>
  <trkpt lat="37.4129570" lon="-121.9953731"><ele>76</ele><time>2026-09-05T17:43:59.296842Z</time></trkpt>
  <trkpt lat="37.4129672" lon="-121.9953589"><ele>75</ele><time>2026-09-05T17:43:59.397321Z</time></trkpt>
  <trkpt lat="37.4129766" lon="-121.9953433"><ele>74</ele><time>2026-09-05T17:43:59.498005Z</time></trkpt>
  <trkpt lat="37.4129856" lon="-121.9953274"><ele>74</ele><time>2026-09-05T17:43:59.598422Z</time></trkpt>
  <trkpt lat="37.4129947" lon="-121.9953115"><ele>73</ele><time>2026-09-05T17:43:59.698868Z</time></trkpt>
  <trkpt lat="37.4130036" lon="-121.9952955"><ele>71</ele><time>2026-09-05T17:43:59.799111Z</time></trkpt>
  <trkpt lat="37.4130123" lon="-121.9952793"><ele>70</ele><time>2026-09-05T17:43:59.899824Z</time></trkpt>
  <trkpt lat="37.4130212" lon="-121.9952630"><ele>69</ele><time>2026-09-05T17:44:00.000541Z</time></trkpt>
  <trkpt lat="37.4130299" lon="-121.9952459"><ele>68</ele><time>2026-09-05T17:44:00.080776Z</time></trkpt>
  <trkpt lat="37.4130385" lon="-121.9952282"><ele>68</ele><time>2026-09-05T17:44:00.201421Z</time></trkpt>
  <trkpt lat="37.4130385" lon="-121.9952282"><ele>68</ele><time>2026-09-05T17:44:00.253225Z</time></trkpt>
  <trkpt lat="37.4130480" lon="-121.9952098"><ele>67</ele><time>2026-09-05T17:44:00.281634Z</time></trkpt>
  <trkpt lat="37.4130573" lon="-121.9951908"><ele>66</ele><time>2026-09-05T17:44:00.382153Z</time></trkpt>
  <trkpt lat="37.4130666" lon="-121.9951722"><ele>66</ele><time>2026-09-05T17:44:00.482898Z</time></trkpt>
  <trkpt lat="37.4130763" lon="-121.9951535"><ele>65</ele><time>2026-09-05T17:44:00.584142Z</time></trkpt>
  <trkpt lat="37.4130858" lon="-121.9951346"><ele>65</ele><time>2026-09-05T17:44:00.685042Z</time></trkpt>
  <trkpt lat="37.4130949" lon="-121.9951158"><ele>64</ele><time>2026-09-05T17:44:00.786030Z</time></trkpt>
  <trkpt lat="37.4131037" lon="-121.9950968"><ele>64</ele><time>2026-09-05T17:44:00.886829Z</time></trkpt>
  <trkpt lat="37.4131125" lon="-121.9950780"><ele>63</ele><time>2026-09-05T17:44:00.987414Z</time></trkpt>
  <trkpt lat="37.4131211" lon="-121.9950596"><ele>63</ele><time>2026-09-05T17:44:01.087792Z</time></trkpt>
  <trkpt lat="37.4131293" lon="-121.9950412"><ele>62</ele><time>2026-09-05T17:44:01.187790Z</time></trkpt>
  <trkpt lat="37.4131372" lon="-121.9950225"><ele>61</ele><time>2026-09-05T17:44:01.288089Z</time></trkpt>
  <trkpt lat="37.4131448" lon="-121.9950036"><ele>61</ele><time>2026-09-05T17:44:01.388259Z</time></trkpt>
  <trkpt lat="37.4131519" lon="-121.9949845"><ele>60</ele><time>2026-09-05T17:44:01.488881Z</time></trkpt>
  <trkpt lat="37.4131581" lon="-121.9949650"><ele>60</ele><time>2026-09-05T17:44:01.590004Z</time></trkpt>
  <trkpt lat="37.4131640" lon="-121.9949452"><ele>59</ele><time>2026-09-05T17:44:01.690473Z</time></trkpt>
  <trkpt lat="37.4131694" lon="-121.9949250"><ele>58</ele><time>2026-09-05T17:44:01.790520Z</time></trkpt>
  <trkpt lat="37.4131745" lon="-121.9949047"><ele>58</ele><time>2026-09-05T17:44:01.890835Z</time></trkpt>
  <trkpt lat="37.4131787" lon="-121.9948838"><ele>57</ele><time>2026-09-05T17:44:01.991582Z</time></trkpt>
  <trkpt lat="37.4131822" lon="-121.9948625"><ele>57</ele><time>2026-09-05T17:44:02.091827Z</time></trkpt>
  <trkpt lat="37.4131849" lon="-121.9948405"><ele>56</ele><time>2026-09-05T17:44:02.192341Z</time></trkpt>
  <trkpt lat="37.4131869" lon="-121.9948184"><ele>56</ele><time>2026-09-05T17:44:02.292977Z</time></trkpt>
  <trkpt lat="37.4131884" lon="-121.9947964"><ele>56</ele><time>2026-09-05T17:44:02.393295Z</time></trkpt>
  <trkpt lat="37.4131884" lon="-121.9947964"><ele>56</ele><time>2026-09-05T17:44:02.417221Z</time></trkpt>
  <trkpt lat="37.4131896" lon="-121.9947742"><ele>55</ele><time>2026-09-05T17:44:02.494161Z</time></trkpt>
  <trkpt lat="37.4131902" lon="-121.9947520"><ele>55</ele><time>2026-09-05T17:44:02.595188Z</time></trkpt>
  <trkpt lat="37.4131907" lon="-121.9947299"><ele>55</ele><time>2026-09-05T17:44:02.695218Z</time></trkpt>
  <trkpt lat="37.4131907" lon="-121.9947078"><ele>54</ele><time>2026-09-05T17:44:02.795374Z</time></trkpt>
  <trkpt lat="37.4131898" lon="-121.9946858"><ele>54</ele><time>2026-09-05T17:44:02.896142Z</time></trkpt>
  <trkpt lat="37.4131886" lon="-121.9946637"><ele>54</ele><time>2026-09-05T17:44:02.996265Z</time></trkpt>
  <trkpt lat="37.4131871" lon="-121.9946417"><ele>53</ele><time>2026-09-05T17:44:03.096498Z</time></trkpt>
  <trkpt lat="37.4131848" lon="-121.9946195"><ele>53</ele><time>2026-09-05T17:44:03.196960Z</time></trkpt>
  <trkpt lat="37.4131816" lon="-121.9945976"><ele>53</ele><time>2026-09-05T17:44:03.277482Z</time></trkpt>
  <trkpt lat="37.4131772" lon="-121.9945758"><ele>53</ele><time>2026-09-05T17:44:03.398482Z</time></trkpt>
  <trkpt lat="37.4131719" lon="-121.9945543"><ele>53</ele><time>2026-09-05T17:44:03.478937Z</time></trkpt>
  <trkpt lat="37.4131661" lon="-121.9945329"><ele>53</ele><time>2026-09-05T17:44:03.579230Z</time></trkpt>
  <trkpt lat="37.4131606" lon="-121.9945123"><ele>53</ele><time>2026-09-05T17:44:03.679604Z</time></trkpt>
  <trkpt lat="37.4131546" lon="-121.9944917"><ele>53</ele><time>2026-09-05T17:44:03.780245Z</time></trkpt>
  <trkpt lat="37.4131484" lon="-121.9944713"><ele>53</ele><time>2026-09-05T17:44:03.880305Z</time></trkpt>
  <trkpt lat="37.4131421" lon="-121.9944512"><ele>53</ele><time>2026-09-05T17:44:03.981114Z</time></trkpt>
  <trkpt lat="37.4131351" lon="-121.9944315"><ele>53</ele><time>2026-09-05T17:44:04.082093Z</time></trkpt>
  <trkpt lat="37.4131273" lon="-121.9944119"><ele>52</ele><time>2026-09-05T17:44:04.182467Z</time></trkpt>
  <trkpt lat="37.4131193" lon="-121.9943925"><ele>52</ele><time>2026-09-05T17:44:04.283340Z</time></trkpt>
  <trkpt lat="37.4131109" lon="-121.9943731"><ele>52</ele><time>2026-09-05T17:44:04.383306Z</time></trkpt>
  <trkpt lat="37.4131027" lon="-121.9943544"><ele>52</ele><time>2026-09-05T17:44:04.484422Z</time></trkpt>
  <trkpt lat="37.4131027" lon="-121.9943544"><ele>52</ele><time>2026-09-05T17:44:04.578740Z</time></trkpt>
  <trkpt lat="37.4130943" lon="-121.9943360"><ele>52</ele><time>2026-09-05T17:44:04.585102Z</time></trkpt>
  <trkpt lat="37.4130852" lon="-121.9943177"><ele>51</ele><time>2026-09-05T17:44:04.685528Z</time></trkpt>
  <trkpt lat="37.4130752" lon="-121.9942998"><ele>51</ele><time>2026-09-05T17:44:04.786742Z</time></trkpt>
  <trkpt lat="37.4130644" lon="-121.9942821"><ele>51</ele><time>2026-09-05T17:44:04.886985Z</time></trkpt>
  <trkpt lat="37.4130529" lon="-121.9942648"><ele>51</ele><time>2026-09-05T17:44:04.987340Z</time></trkpt>
  <trkpt lat="37.4130415" lon="-121.9942486"><ele>51</ele><time>2026-09-05T17:44:05.087983Z</time></trkpt>
  <trkpt lat="37.4130298" lon="-121.9942327"><ele>51</ele><time>2026-09-05T17:44:05.188251Z</time></trkpt>
  <trkpt lat="37.4130178" lon="-121.9942172"><ele>52</ele><time>2026-09-05T17:44:05.288665Z</time></trkpt>
  <trkpt lat="37.4130057" lon="-121.9942023"><ele>52</ele><time>2026-09-05T17:44:05.389117Z</time></trkpt>
  <trkpt lat="37.4129935" lon="-121.9941878"><ele>52</ele><time>2026-09-05T17:44:05.489894Z</time></trkpt>
  <trkpt lat="37.4129817" lon="-121.9941739"><ele>52</ele><time>2026-09-05T17:44:05.591158Z</time></trkpt>
  <trkpt lat="37.4129698" lon="-121.9941600"><ele>51</ele><time>2026-09-05T17:44:05.691948Z</time></trkpt>
  <trkpt lat="37.4129578" lon="-121.9941457"><ele>51</ele><time>2026-09-05T17:44:05.792257Z</time></trkpt>
  <trkpt lat="37.4129460" lon="-121.9941318"><ele>51</ele><time>2026-09-05T17:44:05.893326Z</time></trkpt>
  <trkpt lat="37.4129342" lon="-121.9941180"><ele>50</ele><time>2026-09-05T17:44:05.994097Z</time></trkpt>
  <trkpt lat="37.4129226" lon="-121.9941043"><ele>50</ele><time>2026-09-05T17:44:06.075392Z</time></trkpt>
  <trkpt lat="37.4129107" lon="-121.9940903"><ele>50</ele><time>2026-09-05T17:44:06.176512Z</time></trkpt>
  <trkpt lat="37.4128988" lon="-121.9940762"><ele>49</ele><time>2026-09-05T17:44:06.276934Z</time></trkpt>
  <trkpt lat="37.4128869" lon="-121.9940624"><ele>49</ele><time>2026-09-05T17:44:06.377640Z</time></trkpt>
  <trkpt lat="37.4128743" lon="-121.9940486"><ele>49</ele><time>2026-09-05T17:44:06.478321Z</time></trkpt>
  <trkpt lat="37.4128620" lon="-121.9940353"><ele>49</ele><time>2026-09-05T17:44:06.579157Z</time></trkpt>
  <trkpt lat="37.4128499" lon="-121.9940223"><ele>49</ele><time>2026-09-05T17:44:06.678665Z</time></trkpt>
  <trkpt lat="37.4128499" lon="-121.9940223"><ele>49</ele><time>2026-09-05T17:44:06.737819Z</time></trkpt>
  <trkpt lat="37.4128379" lon="-121.9940095"><ele>49</ele><time>2026-09-05T17:44:06.779025Z</time></trkpt>
  <trkpt lat="37.4128258" lon="-121.9939968"><ele>49</ele><time>2026-09-05T17:44:06.879315Z</time></trkpt>
  <trkpt lat="37.4128139" lon="-121.9939846"><ele>48</ele><time>2026-09-05T17:44:06.979319Z</time></trkpt>
  <trkpt lat="37.4128020" lon="-121.9939724"><ele>48</ele><time>2026-09-05T17:44:07.079757Z</time></trkpt>
  <trkpt lat="37.4127903" lon="-121.9939603"><ele>48</ele><time>2026-09-05T17:44:07.180570Z</time></trkpt>
  <trkpt lat="37.4127784" lon="-121.9939484"><ele>47</ele><time>2026-09-05T17:44:07.280999Z</time></trkpt>
  <trkpt lat="37.4127665" lon="-121.9939369"><ele>46</ele><time>2026-09-05T17:44:07.381597Z</time></trkpt>
  <trkpt lat="37.4127541" lon="-121.9939254"><ele>46</ele><time>2026-09-05T17:44:07.481900Z</time></trkpt>
  <trkpt lat="37.4127413" lon="-121.9939143"><ele>45</ele><time>2026-09-05T17:44:07.582215Z</time></trkpt>
  <trkpt lat="37.4127280" lon="-121.9939037"><ele>45</ele><time>2026-09-05T17:44:07.682566Z</time></trkpt>
  <trkpt lat="37.4127141" lon="-121.9938932"><ele>45</ele><time>2026-09-05T17:44:07.783022Z</time></trkpt>
  <trkpt lat="37.4127001" lon="-121.9938832"><ele>44</ele><time>2026-09-05T17:44:07.883328Z</time></trkpt>
  <trkpt lat="37.4126860" lon="-121.9938738"><ele>44</ele><time>2026-09-05T17:44:07.983567Z</time></trkpt>
  <trkpt lat="37.4126716" lon="-121.9938653"><ele>44</ele><time>2026-09-05T17:44:08.084759Z</time></trkpt>
  <trkpt lat="37.4126572" lon="-121.9938577"><ele>44</ele><time>2026-09-05T17:44:08.184927Z</time></trkpt>
  <trkpt lat="37.4126428" lon="-121.9938505"><ele>44</ele><time>2026-09-05T17:44:08.284899Z</time></trkpt>
  <trkpt lat="37.4126284" lon="-121.9938440"><ele>44</ele><time>2026-09-05T17:44:08.385297Z</time></trkpt>
  <trkpt lat="37.4126134" lon="-121.9938385"><ele>44</ele><time>2026-09-05T17:44:08.486841Z</time></trkpt>
  <trkpt lat="37.4125987" lon="-121.9938338"><ele>43</ele><time>2026-09-05T17:44:08.587333Z</time></trkpt>
  <trkpt lat="37.4125845" lon="-121.9938298"><ele>43</ele><time>2026-09-05T17:44:08.688366Z</time></trkpt>
  <trkpt lat="37.4125699" lon="-121.9938264"><ele>43</ele><time>2026-09-05T17:44:08.790014Z</time></trkpt>
  <trkpt lat="37.4125553" lon="-121.9938235"><ele>43</ele><time>2026-09-05T17:44:08.871133Z</time></trkpt>
  <trkpt lat="37.4125553" lon="-121.9938235"><ele>43</ele><time>2026-09-05T17:44:08.893479Z</time></trkpt>
  <trkpt lat="37.4125414" lon="-121.9938207"><ele>43</ele><time>2026-09-05T17:44:08.992074Z</time></trkpt>
  <trkpt lat="37.4125275" lon="-121.9938183"><ele>43</ele><time>2026-09-05T17:44:09.072763Z</time></trkpt>
  <trkpt lat="37.4125136" lon="-121.9938164"><ele>43</ele><time>2026-09-05T17:44:09.173243Z</time></trkpt>
  <trkpt lat="37.4124999" lon="-121.9938149"><ele>43</ele><time>2026-09-05T17:44:09.274018Z</time></trkpt>
  <trkpt lat="37.4124864" lon="-121.9938136"><ele>43</ele><time>2026-09-05T17:44:09.374662Z</time></trkpt>
  <trkpt lat="37.4124733" lon="-121.9938126"><ele>43</ele><time>2026-09-05T17:44:09.475609Z</time></trkpt>
  <trkpt lat="37.4124609" lon="-121.9938122"><ele>42</ele><time>2026-09-05T17:44:09.576772Z</time></trkpt>
  <trkpt lat="37.4124486" lon="-121.9938114"><ele>42</ele><time>2026-09-05T17:44:09.677535Z</time></trkpt>
  <trkpt lat="37.4124363" lon="-121.9938103"><ele>42</ele><time>2026-09-05T17:44:09.778565Z</time></trkpt>
  <trkpt lat="37.4124245" lon="-121.9938091"><ele>41</ele><time>2026-09-05T17:44:09.878901Z</time></trkpt>
  <trkpt lat="37.4124126" lon="-121.9938080"><ele>40</ele><time>2026-09-05T17:44:09.979522Z</time></trkpt>
  <trkpt lat="37.4124008" lon="-121.9938070"><ele>40</ele><time>2026-09-05T17:44:10.079730Z</time></trkpt>
  <trkpt lat="37.4123889" lon="-121.9938061"><ele>39</ele><time>2026-09-05T17:44:10.180332Z</time></trkpt>
  <trkpt lat="37.4123767" lon="-121.9938053"><ele>39</ele><time>2026-09-05T17:44:10.280795Z</time></trkpt>
  <trkpt lat="37.4123642" lon="-121.9938050"><ele>38</ele><time>2026-09-05T17:44:10.381071Z</time></trkpt>
  <trkpt lat="37.4123512" lon="-121.9938056"><ele>38</ele><time>2026-09-05T17:44:10.481822Z</time></trkpt>
  <trkpt lat="37.4123378" lon="-121.9938068"><ele>37</ele><time>2026-09-05T17:44:10.581544Z</time></trkpt>
  <trkpt lat="37.4123244" lon="-121.9938085"><ele>37</ele><time>2026-09-05T17:44:10.682475Z</time></trkpt>
  <trkpt lat="37.4123111" lon="-121.9938104"><ele>36</ele><time>2026-09-05T17:44:10.784327Z</time></trkpt>
  <trkpt lat="37.4122978" lon="-121.9938125"><ele>36</ele><time>2026-09-05T17:44:10.884234Z</time></trkpt>
  <trkpt lat="37.4122845" lon="-121.9938148"><ele>35</ele><time>2026-09-05T17:44:10.984464Z</time></trkpt>
  <trkpt lat="37.4122845" lon="-121.9938148"><ele>35</ele><time>2026-09-05T17:44:11.045284Z</time></trkpt>
  <trkpt lat="37.4122710" lon="-121.9938178"><ele>35</ele><time>2026-09-05T17:44:11.084902Z</time></trkpt>
  <trkpt lat="37.4122580" lon="-121.9938209"><ele>34</ele><time>2026-09-05T17:44:11.185947Z</time></trkpt>
  <trkpt lat="37.4122453" lon="-121.9938239"><ele>33</ele><time>2026-09-05T17:44:11.287284Z</time></trkpt>
  <trkpt lat="37.4122326" lon="-121.9938272"><ele>32</ele><time>2026-09-05T17:44:11.387713Z</time></trkpt>
  <trkpt lat="37.4122199" lon="-121.9938308"><ele>32</ele><time>2026-09-05T17:44:11.468432Z</time></trkpt>
  <trkpt lat="37.4122074" lon="-121.9938346"><ele>31</ele><time>2026-09-05T17:44:11.569225Z</time></trkpt>
  <trkpt lat="37.4121951" lon="-121.9938384"><ele>30</ele><time>2026-09-05T17:44:11.669319Z</time></trkpt>
  <trkpt lat="37.4121831" lon="-121.9938429"><ele>29</ele><time>2026-09-05T17:44:11.770283Z</time></trkpt>
  <trkpt lat="37.4121708" lon="-121.9938480"><ele>28</ele><time>2026-09-05T17:44:11.871522Z</time></trkpt>
  <trkpt lat="37.4121587" lon="-121.9938533"><ele>27</ele><time>2026-09-05T17:44:11.971989Z</time></trkpt>
  <trkpt lat="37.4121471" lon="-121.9938590"><ele>26</ele><time>2026-09-05T17:44:12.073220Z</time></trkpt>
  <trkpt lat="37.4121357" lon="-121.9938651"><ele>25</ele><time>2026-09-05T17:44:12.174231Z</time></trkpt>
  <trkpt lat="37.4121237" lon="-121.9938724"><ele>24</ele><time>2026-09-05T17:44:12.274637Z</time></trkpt>
  <trkpt lat="37.4121117" lon="-121.9938809"><ele>23</ele><time>2026-09-05T17:44:12.375356Z</time></trkpt>
  <trkpt lat="37.4120995" lon="-121.9938909"><ele>22</ele><time>2026-09-05T17:44:12.476023Z</time></trkpt>
  <trkpt lat="37.4120873" lon="-121.9939020"><ele>21</ele><time>2026-09-05T17:44:12.577301Z</time></trkpt>
  <trkpt lat="37.4120757" lon="-121.9939138"><ele>21</ele><time>2026-09-05T17:44:12.678152Z</time></trkpt>
  <trkpt lat="37.4120641" lon="-121.9939263"><ele>20</ele><time>2026-09-05T17:44:12.778903Z</time></trkpt>
  <trkpt lat="37.4120529" lon="-121.9939389"><ele>20</ele><time>2026-09-05T17:44:12.879998Z</time></trkpt>
  <trkpt lat="37.4120419" lon="-121.9939514"><ele>20</ele><time>2026-09-05T17:44:12.980729Z</time></trkpt>
  <trkpt lat="37.4120312" lon="-121.9939638"><ele>19</ele><time>2026-09-05T17:44:13.081129Z</time></trkpt>
  <trkpt lat="37.4120206" lon="-121.9939752"><ele>18</ele><time>2026-09-05T17:44:13.181449Z</time></trkpt>
  <trkpt lat="37.4120206" lon="-121.9939752"><ele>18</ele><time>2026-09-05T17:44:13.204691Z</time></trkpt>
  <trkpt lat="37.4120095" lon="-121.9939856"><ele>18</ele><time>2026-09-05T17:44:13.281937Z</time></trkpt>
  <trkpt lat="37.4119988" lon="-121.9939954"><ele>17</ele><time>2026-09-05T17:44:13.382222Z</time></trkpt>
  <trkpt lat="37.4119884" lon="-121.9940049"><ele>16</ele><time>2026-09-05T17:44:13.482477Z</time></trkpt>
  <trkpt lat="37.4119784" lon="-121.9940148"><ele>15</ele><time>2026-09-05T17:44:13.583059Z</time></trkpt>
  <trkpt lat="37.4119695" lon="-121.9940264"><ele>14</ele><time>2026-09-05T17:44:13.683679Z</time></trkpt>
  <trkpt lat="37.4119615" lon="-121.9940394"><ele>14</ele><time>2026-09-05T17:44:13.784668Z</time></trkpt>
  <trkpt lat="37.4119538" lon="-121.9940525"><ele>13</ele><time>2026-09-05T17:44:13.885338Z</time></trkpt>
  <trkpt lat="37.4119462" lon="-121.9940656"><ele>13</ele><time>2026-09-05T17:44:13.986725Z</time></trkpt>
  <trkpt lat="37.4119386" lon="-121.9940788"><ele>12</ele><time>2026-09-05T17:44:14.067294Z</time></trkpt>
  <trkpt lat="37.4119312" lon="-121.9940923"><ele>11</ele><time>2026-09-05T17:44:14.188109Z</time></trkpt>
  <trkpt lat="37.4119240" lon="-121.9941060"><ele>11</ele><time>2026-09-05T17:44:14.268151Z</time></trkpt>
  <trkpt lat="37.4119174" lon="-121.9941203"><ele>10</ele><time>2026-09-05T17:44:14.368724Z</time></trkpt>
  <trkpt lat="37.4119110" lon="-121.9941347"><ele>10</ele><time>2026-09-05T17:44:14.468880Z</time></trkpt>
  <trkpt lat="37.4119048" lon="-121.9941489"><ele>10</ele><time>2026-09-05T17:44:14.569213Z</time></trkpt>
  <trkpt lat="37.4118986" lon="-121.9941628"><ele>9</ele><time>2026-09-05T17:44:14.670261Z</time></trkpt>
  <trkpt lat="37.4118925" lon="-121.9941769"><ele>9</ele><time>2026-09-05T17:44:14.771469Z</time></trkpt>
  <trkpt lat="37.4118866" lon="-121.9941909"><ele>9</ele><time>2026-09-05T17:44:14.871886Z</time></trkpt>
  <trkpt lat="37.4118812" lon="-121.9942050"><ele>8</ele><time>2026-09-05T17:44:14.971981Z</time></trkpt>
  <trkpt lat="37.4118763" lon="-121.9942191"><ele>8</ele><time>2026-09-05T17:44:15.072724Z</time></trkpt>
  <trkpt lat="37.4118724" lon="-121.9942327"><ele>8</ele><time>2026-09-05T17:44:15.174041Z</time></trkpt>
  <trkpt lat="37.4118689" lon="-121.9942460"><ele>8</ele><time>2026-09-05T17:44:15.274528Z</time></trkpt>
  <trkpt lat="37.4118689" lon="-121.9942460"><ele>8</ele><time>2026-09-05T17:44:15.367097Z</time></trkpt>
  <trkpt lat="37.4118661" lon="-121.9942587"><ele>8</ele><time>2026-09-05T17:44:15.376067Z</time></trkpt>
  <trkpt lat="37.4118638" lon="-121.9942713"><ele>8</ele><time>2026-09-05T17:44:15.476823Z</time></trkpt>
  <trkpt lat="37.4118614" lon="-121.9942834"><ele>8</ele><time>2026-09-05T17:44:15.576539Z</time></trkpt>
  <trkpt lat="37.4118593" lon="-121.9942950"><ele>8</ele><time>2026-09-05T17:44:15.677198Z</time></trkpt>
  <trkpt lat="37.4118573" lon="-121.9943066"><ele>8</ele><time>2026-09-05T17:44:15.777718Z</time></trkpt>
  <trkpt lat="37.4118556" lon="-121.9943178"><ele>8</ele><time>2026-09-05T17:44:15.878928Z</time></trkpt>
  <trkpt lat="37.4118541" lon="-121.9943288"><ele>8</ele><time>2026-09-05T17:44:15.979556Z</time></trkpt>
  <trkpt lat="37.4118528" lon="-121.9943395"><ele>8</ele><time>2026-09-05T17:44:16.080743Z</time></trkpt>
  <trkpt lat="37.4118516" lon="-121.9943502"><ele>8</ele><time>2026-09-05T17:44:16.181326Z</time></trkpt>
  <trkpt lat="37.4118502" lon="-121.9943604"><ele>7</ele><time>2026-09-05T17:44:16.281960Z</time></trkpt>
  <trkpt lat="37.4118491" lon="-121.9943705"><ele>7</ele><time>2026-09-05T17:44:16.382772Z</time></trkpt>
  <trkpt lat="37.4118481" lon="-121.9943804"><ele>7</ele><time>2026-09-05T17:44:16.483105Z</time></trkpt>
  <trkpt lat="37.4118472" lon="-121.9943905"><ele>7</ele><time>2026-09-05T17:44:16.583184Z</time></trkpt>
  <trkpt lat="37.4118467" lon="-121.9944005"><ele>6</ele><time>2026-09-05T17:44:16.683691Z</time></trkpt>
  <trkpt lat="37.4118463" lon="-121.9944103"><ele>6</ele><time>2026-09-05T17:44:16.784144Z</time></trkpt>
  <trkpt lat="37.4118460" lon="-121.9944202"><ele>6</ele><time>2026-09-05T17:44:16.884550Z</time></trkpt>
  <trkpt lat="37.4118460" lon="-121.9944298"><ele>6</ele><time>2026-09-05T17:44:16.965610Z</time></trkpt>
  <trkpt lat="37.4118463" lon="-121.9944395"><ele>6</ele><time>2026-09-05T17:44:17.066585Z</time></trkpt>
  <trkpt lat="37.4118466" lon="-121.9944488"><ele>6</ele><time>2026-09-05T17:44:17.167399Z</time></trkpt>
  <trkpt lat="37.4118472" lon="-121.9944584"><ele>6</ele><time>2026-09-05T17:44:17.268005Z</time></trkpt>
  <trkpt lat="37.4118478" lon="-121.9944678"><ele>6</ele><time>2026-09-05T17:44:17.369179Z</time></trkpt>
  <trkpt lat="37.4118484" lon="-121.9944770"><ele>5</ele><time>2026-09-05T17:44:17.469992Z</time></trkpt>
  <trkpt lat="37.4118484" lon="-121.9944770"><ele>5</ele><time>2026-09-05T17:44:17.528403Z</time></trkpt>
  <trkpt lat="37.4118490" lon="-121.9944865"><ele>5</ele><time>2026-09-05T17:44:17.571542Z</time></trkpt>
  <trkpt lat="37.4118496" lon="-121.9944960"><ele>5</ele><time>2026-09-05T17:44:17.671921Z</time></trkpt>
  <trkpt lat="37.4118502" lon="-121.9945055"><ele>5</ele><time>2026-09-05T17:44:17.773119Z</time></trkpt>
  <trkpt lat="37.4118507" lon="-121.9945149"><ele>5</ele><time>2026-09-05T17:44:17.873343Z</time></trkpt>
  <trkpt lat="37.4118514" lon="-121.9945242"><ele>5</ele><time>2026-09-05T17:44:17.974593Z</time></trkpt>
  <trkpt lat="37.4118524" lon="-121.9945336"><ele>4</ele><time>2026-09-05T17:44:18.076218Z</time></trkpt>
  <trkpt lat="37.4118532" lon="-121.9945428"><ele>4</ele><time>2026-09-05T17:44:18.176333Z</time></trkpt>
  <trkpt lat="37.4118541" lon="-121.9945519"><ele>4</ele><time>2026-09-05T17:44:18.276789Z</time></trkpt>
  <trkpt lat="37.4118552" lon="-121.9945608"><ele>4</ele><time>2026-09-05T17:44:18.377670Z</time></trkpt>
  <trkpt lat="37.4118564" lon="-121.9945699"><ele>3</ele><time>2026-09-05T17:44:18.477944Z</time></trkpt>
  <trkpt lat="37.4118577" lon="-121.9945787"><ele>3</ele><time>2026-09-05T17:44:18.578559Z</time></trkpt>
  <trkpt lat="37.4118590" lon="-121.9945872"><ele>3</ele><time>2026-09-05T17:44:18.679040Z</time></trkpt>
  <trkpt lat="37.4118602" lon="-121.9945956"><ele>3</ele><time>2026-09-05T17:44:18.779521Z</time></trkpt>
  <trkpt lat="37.4118615" lon="-121.9946041"><ele>2</ele><time>2026-09-05T17:44:18.880300Z</time></trkpt>
  <trkpt lat="37.4118629" lon="-121.9946123"><ele>2</ele><time>2026-09-05T17:44:18.980575Z</time></trkpt>
  <trkpt lat="37.4118644" lon="-121.9946205"><ele>2</ele><time>2026-09-05T17:44:19.080866Z</time></trkpt>
  <trkpt lat="37.4118659" lon="-121.9946286"><ele>2</ele><time>2026-09-05T17:44:19.182287Z</time></trkpt>
  <trkpt lat="37.4118674" lon="-121.9946363"><ele>1</ele><time>2026-09-05T17:44:19.263010Z</time></trkpt>
  <trkpt lat="37.4118690" lon="-121.9946437"><ele>1</ele><time>2026-09-05T17:44:19.383986Z</time></trkpt>
  <trkpt lat="37.4118706" lon="-121.9946508"><ele>1</ele><time>2026-09-05T17:44:19.464222Z</time></trkpt>
  <trkpt lat="37.4118724" lon="-121.9946579"><ele>0</ele><time>2026-09-05T17:44:19.564893Z</time></trkpt>
  <trkpt lat="37.4118742" lon="-121.9946643"><ele>0</ele><time>2026-09-05T17:44:19.665202Z</time></trkpt>
  <trkpt lat="37.4118742" lon="-121.9946643"><ele>0</ele><time>2026-09-05T17:44:19.685636Z</time></trkpt>
  <trkpt lat="37.4118745" lon="-121.9946684"><ele>0</ele><time>2026-09-05T17:44:19.765377Z</time></trkpt>
  <trkpt lat="37.4118743" lon="-121.9946696"><ele>0</ele><time>2026-09-05T17:44:19.866170Z</time></trkpt>
  <trkpt lat="37.4118740" lon="-121.9946698"><ele>0</ele><time>2026-09-05T17:44:19.966798Z</time></trkpt>
  <trkpt lat="37.4118741" lon="-121.9946697"><ele>0</ele><time>2026-09-05T17:44:20.068473Z</time></trkpt>
  <trkpt lat="37.4118742" lon="-121.9946697"><ele>0</ele><time>2026-09-05T17:44:20.169269Z</time></trkpt>
  <trkpt lat="37.4118744" lon="-121.9946699"><ele>0</ele><time>2026-09-05T17:44:20.269653Z</time></trkpt>
  <trkpt lat="37.4118747" lon="-121.9946699"><ele>0</ele><time>2026-09-05T17:44:20.370083Z</time></trkpt>
  <trkpt lat="37.4118749" lon="-121.9946699"><ele>0</ele><time>2026-09-05T17:44:20.470531Z</time></trkpt>
  <trkpt lat="37.4118753" lon="-121.9946700"><ele>0</ele><time>2026-09-05T17:44:20.570993Z</time></trkpt>
</trkseg></trk>
</gpx>