time (us),GPS_fixType,GPS_numSat,GPS_coord[0],GPS_coord[1],GPS_altitude,GPS_speed (m/s),GPS_ground_course,GPS_hdop,GPS_eph,GPS_epv,GPS_velned[0],GPS_velned[1],GPS_velned[2],GPS_home_lat,GPS_home_lon
130009618,2,10,37.4117797,-121.9949636,1,0.20,136.5,180,224,390,-19,6,-44,37.4117787,-121.9949642
130017710,2,10,37.4117797,-121.9949636,1,0.20,136.5,180,224,390,-19,6,-44,37.4117787,-121.9949642
130094134,2,10,37.4117798,-121.9949636,1,0.18,136.5,180,223,390,-18,-2,-39,37.4117787,-121.9949642
130194232,2,10,37.4117797,-121.9949638,1,0.15,136.5,180,223,390,-12,-9,-45,37.4117787,-121.9949642
130294696,2,10,37.4117798,-121.9949638,1,0.09,136.5,180,223,390,-8,4,-32,37.4117787,-121.9949642
130496248,2,10,37.4117800,-121.9949638,1,0.14,136.5,180,223,390,0,14,-22,37.4117787,-121.9949642
130597182,2,10,37.4117801,-121.9949639,1,0.09,136.5,180,223,390,-4,-8,-29,37.4117787,-121.9949642
130698783,2,10,37.4117802,-121.9949639,1,0.16,136.5,180,222,390,-16,0,-34,37.4117787,-121.9949642
130799480,2,10,37.4117803,-121.9949638,1,0.08,136.5,180,222,390,-6,5,-39,37.4117787,-121.9949642
130900202,2,10,37.4117804,-121.9949636,1,0.20,136.5,180,222,389,-14,13,-38,37.4117787,-121.9949642
131000271,2,10,37.4117805,-121.9949634,1,0.07,136.5,180,222,389,-3,6,-37,37.4117787,-121.9949642
131101017,2,10,37.4117805,-121.9949633,1,0.01,136.5,180,222,388,-1,0,-35,37.4117787,-121.9949642
131201325,2,10,37.4117806,-121.9949632,1,0.03,136.5,180,222,388,-2,2,-37,37.4117787,-121.9949642
131302361,2,10,37.4117807,-121.9949632,0,0.09,136.5,180,221,387,-9,0,-28,37.4117787,-121.9949642
131382614,2,10,37.4117808,-121.9949631,0,0.13,136.5,180,221,387,-11,5,-33,37.4117787,-121.9949642
131503320,2,10,37.4117809,-121.9949630,0,0.06,136.5,180,221,386,1,5,-31,37.4117787,-121.9949642
131583546,2,10,37.4117810,-121.9949629,0,0.10,136.5,180,221,386,9,4,-33,37.4117787,-121.9949642
131684293,2,10,37.4117812,-121.9949629,0,0.07,136.5,180,221,385,-7,1,-34,37.4117787,-121.9949642
131784803,2,10,37.4117814,-121.9949629,0,0.07,136.5,180,221,385,-5,4,-45,37.4117787,-121.9949642
131885166,2,10,37.4117815,-121.9949629,0,0.09,136.5,180,221,384,-8,-3,-57,37.4117787,-121.9949642
131986252,2,10,37.4117817,-121.9949630,0,0.07,136.5,180,221,384,-2,7,-62,37.4117787,-121.9949642
132086105,2,10,37.4117821,-121.9949630,0,0.16,136.5,180,221,383,13,8,-64,37.4117787,-121.9949642
132159990,2,10,37.4117821,-121.9949630,0,0.16,136.5,180,221,383,13,8,-64,37.4117787,-121.9949642
132186604,2,10,37.4117824,-121.9949630,0,0.08,136.5,180,221,383,5,6,-64,37.4117787,-121.9949642
132287613,2,10,37.4117825,-121.9949630,0,0.08,136.5,180,220,383,-5,6,-60,37.4117787,-121.9949642
132388239,2,10,37.4117825,-121.9949629,0,0.08,136.5,180,220,383,-8,0,-51,37.4117787,-121.9949642
132690316,2,10,37.4117825,-121.9949628,0,0.09,136.5,180,220,384,0,9,-47,37.4117787,-121.9949642
132790522,2,10,37.4117824,-121.9949627,0,0.02,136.5,180,220,384,0,2,-37,37.4117787,-121.9949642
132890970,2,10,37.4117824,-121.9949626,0,0.01,136.5,180,219,384,0,1,-32,37.4117787,-121.9949642
132991784,2,10,37.4117822,-121.9949625,0,0.23,136.5,180,219,384,-22,5,-30,37.4117787,-121.9949642
133092017,2,10,37.4117821,-121.9949625,0,0.19,136.5,180,219,384,-18,-6,-29,37.4117787,-121.9949642
133192851,2,10,37.4117819,-121.9949623,0,0.14,136.5,180,219,383,-13,4,-38,37.4117787,-121.9949642
133293840,2,10,37.4117818,-121.9949621,0,0.07,136.5,180,219,383,-6,3,-42,37.4117787,-121.9949642
133394834,2,10,37.4117816,-121.9949619,0,0.09,136.5,180,219,383,1,9,-39,37.4117787,-121.9949642
133495124,2,10,37.4117815,-121.9949616,0,0.16,136.5,180,218,383,-9,12,-42,37.4117787,-121.9949642
133595654,2,10,37.4117814,-121.9949614,0,0.07,136.5,180,218,383,-7,0,-39,37.4117787,-121.9949642
133696516,2,10,37.4117811,-121.9949612,0,0.16,136.5,180,218,383,-16,1,-51,37.4117787,-121.9949642
133797205,2,10,37.4117810,-121.9949611,0,0.11,136.5,180,218,383,-7,-9,-54,37.4117787,-121.9949642
133898022,2,10,37.4117809,-121.9949610,0,0.14,136.5,180,218,382,-14,1,-60,37.4117787,-121.9949642
134099186,2,10,37.4117808,-121.9949609,0,0.13,136.5,180,217,382,-12,6,-54,37.4117787,-121.9949642
134179765,2,10,37.4117807,-121.9949608,0,0.18,136.5,180,217,382,-14,12,-54,37.4117787,-121.9949642
134279367,2,10,37.4117807,-121.9949608,0,0.18,136.5,180,217,382,-14,12,-54,37.4117787,-121.9949642
134280385,2,10,37.4117804,-121.9949605,0,0.32,136.5,180,217,382,-28,16,-52,37.4117787,-121.9949642
134381171,2,10,37.4117801,-121.9949603,0,0.12,136.5,180,216,382,-5,11,-46,37.4117787,-121.9949642
134482207,2,10,37.4117799,-121.9949600,1,0.19,136.5,180,216,381,-15,12,-45,37.4117787,-121.9949642
134582685,2,10,37.4117797,-121.9949598,1,0.22,136.5,180,216,381,-16,15,-39,37.4117787,-121.9949642
134683586,2,10,37.4117795,-121.9949596,1,0.21,136.5,180,216,381,-18,10,-30,37.4117787,-121.9949642
134784382,2,10,37.4117792,-121.9949593,1,0.24,136.5,180,216,381,-22,8,-29,37.4117787,-121.9949642
134885139,2,10,37.4117790,-121.9949592,1,0.09,136.5,180,216,381,-8,0,-23,37.4117787,-121.9949642
134985457,2,10,37.4117788,-121.9949590,1,0.13,136.5,180,215,381,-11,5,-23,37.4117787,-121.9949642
135086242,2,10,37.4117786,-121.9949589,1,0.09,136.5,180,215,381,-5,7,-32,37.4117787,-121.9949642
135186930,2,10,37.4117785,-121.9949589,1,0.01,136.5,180,215,380,1,0,-27,37.4117787,-121.9949642
135287160,2,10,37.4117784,-121.9949589,1,0.02,136.5,180,215,380,-2,0,-35,37.4117787,-121.9949642
135488181,2,10,37.4117782,-121.9949587,1,0.09,136.5,180,215,380,-8,5,-42,37.4117787,-121.9949642
135588671,2,10,37.4117780,-121.9949587,1,0.02,136.5,180,215,380,-2,0,-40,37.4117787,-121.9949642
135688869,2,10,37.4117779,-121.9949585,1,0.13,136.5,180,215,380,-1,13,-25,37.4117787,-121.9949642
135789326,2,10,37.4117777,-121.9949583,1,0.11,136.5,180,215,380,-1,11,-25,37.4117787,-121.9949642
135890010,2,10,37.4117776,-121.9949582,1,0.16,136.5,180,214,380,-14,6,-26,37.4117787,-121.9949642
135990863,2,10,37.4117775,-121.9949582,1,0.10,136.5,180,214,380,-10,1,-29,37.4117787,-121.9949642
136091923,2,10,37.4117773,-121.9949581,1,0.20,136.5,180,214,380,-15,13,-25,37.4117787,-121.9949642
136193500,2,10,37.4117771,-121.9949579,1,0.23,136.5,180,214,380,-16,16,-19,37.4117787,-121.9949642
136293768,2,10,37.4117766,-121.9949574,1,0.55,133.8,180,214,380,-35,42,3,37.4117787,-121.9949642
136394505,2,10,37.4117764,-121.9949571,1,0.38,133.8,180,214,380,-20,32,-12,37.4117787,-121.9949642
136399670,2,10,37.4117764,-121.9949571,1,0.38,133.8,180,214,380,-20,32,-12,37.4117787,-121.9949642
136495190,2,10,37.4117763,-121.9949570,1,0.13,133.8,180,214,380,-7,11,-27,37.4117787,-121.9949642
136595364,2,10,37.4117760,-121.9949567,1,0.15,133.8,180,214,380,0,15,-16,37.4117787,-121.9949642
136695467,2,10,37.4117758,-121.9949565,1,0.09,133.8,180,214,380,5,8,1,37.4117787,-121.9949642
136796178,2,10,37.4117756,-121.9949564,1,0.16,133.8,180,214,380,16,-1,10,37.4117787,-121.9949642
136897019,2,10,37.4117754,-121.9949565,1,0.12,133.8,180,213,380,10,-6,26,37.4117787,-121.9949642
136977303,2,10,37.4117753,-121.9949566,1,0.30,133.8,180,213,380,23,-19,45,37.4117787,-121.9949642
137178572,2,10,37.4117751,-121.9949566,1,0.36,133.8,180,213,381,33,-14,95,37.4117787,-121.9949642
137279100,2,10,37.4117750,-121.9949566,2,0.39,133.8,180,213,381,34,-19,108,37.4117787,-121.9949642
137379392,2,10,37.4117749,-121.9949567,2,0.46,133.8,180,213,381,42,-18,125,37.4117787,-121.9949642
137480215,2,10,37.4117749,-121.9949568,2,0.50,133.8,180,213,381,44,-24,140,37.4117787,-121.9949642
137581412,2,10,37.4117748,-121.9949570,2,0.46,133.8,180,213,381,40,-23,147,37.4117787,-121.9949642
137682041,2,10,37.4117747,-121.9949572,2,0.34,133.8,180,213,381,24,-24,153,37.4117787,-121.9949642
137782685,2,10,37.4117746,-121.9949576,2,0.37,133.8,180,213,381,25,-27,165,37.4117787,-121.9949642
137883114,2,10,37.4117743,-121.9949577,2,0.31,133.8,180,212,381,24,-19,168,37.4117787,-121.9949642
137983588,2,10,37.4117742,-121.9949578,2,0.32,133.8,180,212,381,30,-10,167,37.4117787,-121.9949642
138084102,2,10,37.4117740,-121.9949577,2,0.16,133.8,180,212,381,16,0,158,37.4117787,-121.9949642
138184820,2,10,37.4117738,-121.9949577,2,0.10,133.8,180,212,381,6,-8,156,37.4117787,-121.9949642
138285175,2,10,37.4117733,-121.9949577,2,0.11,133.8,180,212,381,-4,-11,163,37.4117787,-121.9949642
138385873,2,10,37.4117728,-121.9949575,2,0.25,133.8,180,212,380,-22,13,156,37.4117787,-121.9949642
138486966,2,10,37.4117722,-121.9949571,2,0.34,133.8,180,212,380,-24,24,154,37.4117787,-121.9949642
138523252,2,10,37.4117722,-121.9949571,2,0.34,133.8,180,212,380,-24,24,154,37.4117787,-121.9949642
138587597,2,10,37.4117721,-121.9949567,1,0.41,133.8,180,212,380,11,39,152,37.4117787,-121.9949642
138689059,2,10,37.4117721,-121.9949563,1,0.57,133.8,180,212,380,53,20,160,37.4117787,-121.9949642
138789496,2,10,37.4117728,-121.9949565,1,1.41,13.5,180,212,380,137,-32,167,37.4117787,-121.9949642
138890295,2,10,37.4117747,-121.9949572,1,2.61,351.3,180,212,380,252,-68,114,37.4117787,-121.9949642
138990649,2,10,37.4117783,-121.9949588,1,4.64,346.2,180,212,380,448,-123,48,37.4117787,-121.9949642
139091141,2,10,37.4117829,-121.9949607,2,5.77,344.1,180,212,380,551,-174,-42,37.4117787,-121.9949642
139192315,2,10,37.4117877,-121.9949627,2,6.23,342.5,180,212,380,590,-200,-125,37.4117787,-121.9949642
139292768,2,10,37.4117930,-121.9949641,3,6.44,345.9,180,212,380,633,-115,-176,37.4117787,-121.9949642
139394607,2,10,37.4117981,-121.9949652,3,6.19,347.7,180,212,379,610,-109,-207,37.4117787,-121.9949642
139475373,2,10,37.4118032,-121.9949659,3,5.93,349.8,180,212,379,588,-81,-267,37.4117787,-121.9949642
139576253,2,10,37.4118079,-121.9949665,4,5.91,351.4,180,212,379,586,-73,-343,37.4117787,-121.9949642
139677596,2,10,37.4118126,-121.9949673,5,6.18,350.9,180,212,378,609,-101,-401,37.4117787,-121.9949642
139777963,2,10,37.4118175,-121.9949682,5,5.76,350.4,180,211,378,567,-100,-433,37.4117787,-121.9949642
139878114,2,10,37.4118220,-121.9949694,6,5.80,348.8,180,211,377,566,-127,-473,37.4117787,-121.9949642
139978363,2,10,37.4118270,-121.9949704,7,5.85,350.0,180,211,377,578,-88,-475,37.4117787,-121.9949642
140078863,2,10,37.4118325,-121.9949712,7,6.60,353.7,180,211,376,656,-72,-459,37.4117787,-121.9949642
140179903,2,10,37.4118388,-121.9949720,8,7.50,354.5,180,211,375,746,-70,-374,37.4117787,-121.9949642
140280580,2,10,37.4118458,-121.9949728,8,8.27,355.3,180,211,374,825,-67,-253,37.4117787,-121.9949642
140380442,2,10,37.4118533,-121.9949737,8,8.54,353.5,180,210,374,848,-95,-201,37.4117787,-121.9949642
140481379,2,10,37.4118611,-121.9949747,8,9.19,354.5,180,210,373,915,-87,-186,37.4117787,-121.9949642
140582608,2,10,37.4118692,-121.9949757,9,9.07,354.3,180,210,372,903,-90,-195,37.4117787,-121.9949642
140665071,2,10,37.4118692,-121.9949757,9,9.07,354.3,180,210,372,903,-90,-195,37.4117787,-121.9949642
140682911,2,10,37.4118764,-121.9949769,9,7.90,350.8,180,210,372,780,-125,-296,37.4117787,-121.9949642
140783277,2,10,37.4118827,-121.9949783,10,7.17,349.8,180,209,371,706,-126,-414,37.4117787,-121.9949642
140883968,2,10,37.4118892,-121.9949793,10,7.72,352.9,180,209,370,766,-95,-430,37.4117787,-121.9949642
140984517,2,10,37.4118962,-121.9949804,11,8.41,352.7,180,209,370,834,-106,-426,37.4117787,-121.9949642
141085177,2,10,37.4119041,-121.9949813,11,8.96,354.8,180,209,369,893,-79,-430,37.4117787,-121.9949642
141185629,2,10,37.4119125,-121.9949821,12,9.59,356.0,180,208,369,957,-65,-417,37.4117787,-121.9949642
141286397,2,10,37.4119211,-121.9949825,12,9.67,357.5,180,208,368,966,-40,-425,37.4117787,-121.9949642
141386639,2,10,37.4119295,-121.9949832,13,9.22,355.3,180,207,367,919,-74,-484,37.4117787,-121.9949642
141488244,2,10,37.4119376,-121.9949840,13,9.09,354.6,180,207,366,905,-84,-540,37.4117787,-121.9949642
141588625,2,10,37.4119458,-121.9949849,14,9.18,354.5,180,207,365,914,-86,-560,37.4117787,-121.9949642
141689519,2,10,37.4119540,-121.9949858,14,9.36,354.6,180,206,365,931,-87,-574,37.4117787,-121.9949642
141789761,2,10,37.4119620,-121.9949870,15,9.32,352.1,180,206,364,924,-127,-612,37.4117787,-121.9949642
141890391,2,10,37.4119698,-121.9949885,16,9.20,350.5,180,206,363,907,-151,-641,37.4117787,-121.9949642
141971414,2,10,37.4119774,-121.9949901,17,9.09,349.6,180,205,362,894,-163,-663,37.4117787,-121.9949642
142072442,2,10,37.4119851,-121.9949918,18,8.97,349.1,180,205,361,881,-169,-689,37.4117787,-121.9949642
142172604,2,10,37.4119930,-121.9949935,18,9.12,350.0,180,204,359,898,-158,-698,37.4117787,-121.9949642
142273286,2,10,37.4120010,-121.9949950,19,9.19,351.7,180,204,358,910,-132,-700,37.4117787,-121.9949642
142374606,2,10,37.4120094,-121.9949964,20,9.47,352.7,180,203,357,939,-119,-688,37.4117787,-121.9949642
142475407,2,10,37.4120179,-121.9949979,20,9.54,352.2,180,203,356,945,-129,-677,37.4117787,-121.9949642
142575816,2,10,37.4120266,-121.9949993,21,9.62,353.7,180,203,355,956,-104,-667,37.4117787,-121.9949642
142676801,2,10,37.4120352,-121.9950008,22,9.66,352.3,180,202,354,958,-128,-659,37.4117787,-121.9949642
142777100,2,10,37.4120438,-121.9950024,22,9.65,352.3,180,202,353,957,-128,-658,37.4117787,-121.9949642
142800845,2,10,37.4120438,-121.9950024,22,9.65,352.3,180,202,353,957,-128,-658,37.4117787,-121.9949642
142878050,2,10,37.4120523,-121.9950039,23,9.59,353.0,180,202,353,952,-115,-667,37.4117787,-121.9949642
142978852,2,10,37.4120608,-121.9950055,24,9.70,352.8,180,202,352,962,-121,-669,37.4117787,-121.9949642
143079442,2,10,37.4120698,-121.9950069,24,10.07,354.1,180,201,351,1001,-102,-655,37.4117787,-121.9949642
143179588,2,10,37.4120787,-121.9950080,25,9.99,354.8,180,201,350,994,-90,-662,37.4117787,-121.9949642
143280288,2,10,37.4120877,-121.9950087,26,9.99,356.4,180,201,350,997,-62,-650,37.4117787,-121.9949642
143380829,2,10,37.4120967,-121.9950095,26,10.12,356.0,180,201,349,1010,-70,-656,37.4117787,-121.9949642
143481221,2,10,37.4121055,-121.9950103,27,10.20,356.6,180,201,349,1018,-60,-653,37.4117787,-121.9949642
143582307,2,10,37.4121147,-121.9950110,27,10.38,356.4,180,201,348,1036,-64,-632,37.4117787,-121.9949642
143682875,2,10,37.4121240,-121.9950115,28,10.35,357.4,180,200,348,1034,-46,-632,37.4117787,-121.9949642
143783340,2,10,37.4121335,-121.9950117,29,10.33,359.1,180,200,347,1033,-14,-639,37.4117787,-121.9949642
143883826,2,10,37.4121428,-121.9950117,29,10.38,0.2,180,200,346,1038,4,-616,37.4117787,-121.9949642
143984628,2,10,37.4121521,-121.9950114,30,10.33,1.5,180,200,345,1033,27,-623,37.4117787,-121.9949642
144085714,2,10,37.4121613,-121.9950111,31,10.36,1.0,180,199,344,1035,19,-626,37.4117787,-121.9949642
144186454,2,10,37.4121707,-121.9950109,31,10.25,1.0,180,199,344,1025,18,-647,37.4117787,-121.9949642
144287456,2,10,37.4121800,-121.9950104,32,10.38,2.7,180,199,343,1037,50,-657,37.4117787,-121.9949642
144388020,2,10,37.4121897,-121.9950096,33,10.61,3.4,180,198,342,1059,64,-678,37.4117787,-121.9949642
144488855,2,10,37.4121992,-121.9950090,33,10.54,2.7,180,198,342,1053,50,-671,37.4117787,-121.9949642
144569324,2,10,37.4122087,-121.9950084,34,10.64,3.0,180,198,341,1063,56,-665,37.4117787,-121.9949642
144670254,2,10,37.4122184,-121.9950078,35,10.74,3.3,180,198,340,1073,62,-658,37.4117787,-121.9949642
144770781,2,10,37.4122279,-121.9950071,35,10.75,3.8,180,197,339,1073,72,-668,37.4117787,-121.9949642
144871343,2,10,37.4122375,-121.9950063,36,10.73,3.6,180,197,339,1071,68,-677,37.4117787,-121.9949642
144935630,2,10,37.4122375,-121.9950063,36,10.73,3.6,180,197,339,1071,68,-677,37.4117787,-121.9949642
144972376,2,10,37.4122470,-121.9950058,37,10.55,1.8,180,197,338,1055,34,-709,37.4117787,-121.9949642
145073137,2,10,37.4122563,-121.9950055,37,11.52,2.2,180,197,338,1151,44,-619,37.4117787,-121.9949642
145173830,2,10,37.4122665,-121.9950049,38,12.73,3.3,180,197,337,1270,75,-450,37.4117787,-121.9949642
145274256,2,10,37.4122779,-121.9950043,38,12.63,2.9,180,196,336,1262,65,-393,37.4117787,-121.9949642
145374907,2,10,37.4122895,-121.9950038,39,12.70,2.5,180,196,336,1269,55,-379,37.4117787,-121.9949642
145475182,2,10,37.4123013,-121.9950033,39,12.87,2.1,180,196,335,1286,48,-358,37.4117787,-121.9949642
145575667,2,10,37.4123129,-121.9950035,39,12.48,359.1,180,196,334,1248,-19,-410,37.4117787,-121.9949642
145676084,2,10,37.4123239,-121.9950048,40,11.27,352.6,180,196,334,1118,-144,-532,37.4117787,-121.9949642
145776581,2,10,37.4123334,-121.9950079,41,10.30,343.4,180,195,333,987,-294,-667,37.4117787,-121.9949642
145877221,2,10,37.4123420,-121.9950121,41,10.18,337.7,180,195,333,942,-385,-743,37.4117787,-121.9949642
145977229,2,10,37.4123502,-121.9950171,42,10.32,335.0,180,195,332,936,-435,-764,37.4117787,-121.9949642
146077720,2,10,37.4123584,-121.9950225,43,10.42,332.7,180,195,332,926,-476,-783,37.4117787,-121.9949642
146178501,2,10,37.4123664,-121.9950282,44,10.33,330.7,180,195,331,902,-504,-795,37.4117787,-121.9949642
146279466,2,10,37.4123741,-121.9950342,45,10.59,329.7,180,194,331,915,-532,-782,37.4117787,-121.9949642
146379968,2,10,37.4123824,-121.9950402,46,10.81,330.9,180,194,330,944,-525,-754,37.4117787,-121.9949642
146480408,2,10,37.4123905,-121.9950463,46,10.50,328.9,180,194,330,900,-541,-754,37.4117787,-121.9949642
146581010,2,10,37.4123986,-121.9950525,47,10.52,328.5,180,194,329,897,-549,-749,37.4117787,-121.9949642
146681512,2,10,37.4124067,-121.9950588,48,10.78,329.2,180,194,328,926,-551,-729,37.4117787,-121.9949642
146782511,2,10,37.4124153,-121.9950650,49,11.24,330.3,180,193,328,977,-555,-669,37.4117787,-121.9949642
146882601,2,10,37.4124243,-121.9950714,49,11.85,330.6,180,193,327,1033,-581,-589,37.4117787,-121.9949642
146983155,2,10,37.4124337,-121.9950780,50,12.40,331.2,180,193,327,1087,-597,-497,37.4117787,-121.9949642
147083445,2,10,37.4124436,-121.9950848,50,12.55,331.3,180,193,326,1101,-602,-403,37.4117787,-121.9949642
147095073,2,10,37.4124436,-121.9950848,50,12.55,331.3,180,193,326,1101,-602,-403,37.4117787,-121.9949642
147183700,2,10,37.4124540,-121.9950915,50,12.72,332.6,180,192,325,1130,-584,-373,37.4117787,-121.9949642
147284267,2,10,37.4124645,-121.9950983,51,13.24,332.9,180,192,325,1180,-601,-379,37.4117787,-121.9949642
147384616,2,10,37.4124753,-121.9951051,51,13.30,333.6,180,192,324,1191,-591,-342,37.4117787,-121.9949642
147484979,2,10,37.4124863,-121.9951115,51,13.44,335.2,180,192,324,1221,-562,-296,37.4117787,-121.9949642
147585478,2,10,37.4124978,-121.9951176,51,13.70,337.6,180,191,323,1267,-520,-284,37.4117787,-121.9949642
147685839,2,10,37.4125096,-121.9951227,52,13.75,341.9,180,191,322,1307,-426,-293,37.4117787,-121.9949642
147765985,2,10,37.4125218,-121.9951271,52,14.03,344.7,180,191,322,1353,-368,-344,37.4117787,-121.9949642
147866526,2,10,37.4125341,-121.9951307,52,14.10,347.6,180,191,322,1377,-302,-352,37.4117787,-121.9949642
147966882,2,10,37.4125468,-121.9951336,53,14.37,350.3,180,191,321,1416,-241,-348,37.4117787,-121.9949642
148067661,2,10,37.4125598,-121.9951355,53,14.51,353.9,180,190,321,1443,-152,-358,37.4117787,-121.9949642
148168656,2,10,37.4125729,-121.9951368,54,14.57,355.1,180,190,320,1451,-123,-363,37.4117787,-121.9949642
148270125,2,10,37.4125861,-121.9951378,54,14.79,356.6,180,190,320,1476,-87,-350,37.4117787,-121.9949642
148369996,2,10,37.4125997,-121.9951385,54,14.98,357.8,180,190,320,1497,-54,-316,37.4117787,-121.9949642
148470353,2,10,37.4126134,-121.9951388,54,15.21,358.7,180,190,319,1521,-33,-312,37.4117787,-121.9949642
148571372,2,10,37.4126273,-121.9951388,55,15.28,0.1,180,189,319,1528,2,-308,37.4117787,-121.9949642
148672069,2,10,37.4126412,-121.9951386,55,15.37,0.8,180,189,318,1537,22,-307,37.4117787,-121.9949642
148772309,2,10,37.4126553,-121.9951382,55,15.59,1.4,180,189,318,1558,38,-302,37.4117787,-121.9949642
148872365,2,10,37.4126696,-121.9951376,56,15.66,2.2,180,189,317,1565,60,-293,37.4117787,-121.9949642
148973015,2,10,37.4126837,-121.9951367,56,15.69,2.8,180,189,317,1567,77,-310,37.4117787,-121.9949642
149073320,2,10,37.4126976,-121.9951354,56,15.45,4.1,180,188,317,1541,110,-360,37.4117787,-121.9949642
149173441,2,10,37.4127113,-121.9951340,57,15.13,4.5,180,188,316,1508,119,-445,37.4117787,-121.9949642
149259756,2,10,37.4127113,-121.9951340,57,15.13,4.5,180,188,316,1508,119,-445,37.4117787,-121.9949642
149273824,2,10,37.4127249,-121.9951327,57,14.70,4.4,180,188,316,1466,113,-531,37.4117787,-121.9949642
149374563,2,10,37.4127378,-121.9951319,58,14.22,1.7,180,188,315,1421,42,-642,37.4117787,-121.9949642
149475627,2,10,37.4127504,-121.9951314,59,13.95,1.1,180,187,315,1395,26,-691,37.4117787,-121.9949642
149575650,2,10,37.4127628,-121.9951312,60,13.86,0.3,180,187,315,1386,9,-697,37.4117787,-121.9949642
149676040,2,10,37.4127753,-121.9951311,60,13.85,359.9,180,187,315,1385,0,-681,37.4117787,-121.9949642
149777201,2,10,37.4127877,-121.9951314,61,13.97,358.7,180,187,314,1396,-30,-661,37.4117787,-121.9949642
149878185,2,10,37.4128001,-121.9951319,62,13.69,357.6,180,187,314,1368,-56,-667,37.4117787,-121.9949642
149978813,2,10,37.4128123,-121.9951328,62,13.53,356.4,180,187,314,1351,-83,-670,37.4117787,-121.9949642
150079648,2,10,37.4128243,-121.9951340,63,13.67,355.1,180,186,314,1362,-116,-653,37.4117787,-121.9949642
150180785,2,10,37.4128367,-121.9951354,64,13.68,354.3,180,186,313,1361,-133,-634,37.4117787,-121.9949642
150281220,2,10,37.4128487,-121.9951371,64,13.54,353.5,180,186,313,1345,-153,-623,37.4117787,-121.9949642
150381869,2,10,37.4128607,-121.9951392,65,13.53,352.6,180,186,313,1341,-173,-617,37.4117787,-121.9949642
150462733,2,10,37.4128729,-121.9951413,66,13.43,352.3,180,186,312,1331,-179,-619,37.4117787,-121.9949642
150563308,2,10,37.4128850,-121.9951435,66,13.38,351.6,180,186,312,1324,-193,-612,37.4117787,-121.9949642
150663862,2,10,37.4128969,-121.9951461,67,13.51,349.8,180,185,311,1330,-237,-608,37.4117787,-121.9949642
150764779,2,10,37.4129087,-121.9951491,67,13.49,348.3,180,185,311,1321,-271,-584,37.4117787,-121.9949642
150865497,2,10,37.4129203,-121.9951524,68,13.24,347.4,180,185,311,1293,-288,-600,37.4117787,-121.9949642
150966074,2,10,37.4129313,-121.9951567,69,12.38,340.9,180,185,310,1170,-404,-683,37.4117787,-121.9949642
151066591,2,10,37.4129407,-121.9951628,70,11.46,329.3,180,185,310,987,-584,-760,37.4117787,-121.9949642
151167364,2,10,37.4129484,-121.9951712,71,11.14,314.7,180,185,310,785,-791,-811,37.4117787,-121.9949642
151268005,2,10,37.4129535,-121.9951819,72,11.14,297.0,180,185,310,507,-992,-845,37.4117787,-121.9949642
151369436,2,10,37.4129559,-121.9951948,72,12.00,279.6,180,185,310,200,-1183,-838,37.4117787,-121.9949642
151413274,2,10,37.4129559,-121.9951948,72,12.00,279.6,180,185,310,200,-1183,-838,37.4117787,-121.9949642
151469938,2,10,37.4129558,-121.9952086,73,12.31,272.3,180,185,310,51,-1229,-830,37.4117787,-121.9949642
151570355,2,10,37.4129542,-121.9952220,74,12.11,264.9,180,185,310,-106,-1206,-765,37.4117787,-121.9949642
151671149,2,10,37.4129497,-121.9952340,75,11.86,248.4,180,186,310,-435,-1104,-661,37.4117787,-121.9949642
151772133,2,10,37.4129426,-121.9952460,76,13.66,235.8,180,186,311,-767,-1131,-558,37.4117787,-121.9949642
151873413,2,10,37.4129335,-121.9952573,76,14.38,228.5,180,186,311,-952,-1078,-442,37.4117787,-121.9949642
151974324,2,10,37.4129233,-121.9952682,76,15.42,221.7,180,187,312,-1150,-1028,-331,37.4117787,-121.9949642
152075081,2,10,37.4129107,-121.9952762,76,15.89,210.9,180,188,312,-1363,-816,-179,37.4117787,-121.9949642
152175773,2,10,37.4128963,-121.9952813,76,16.62,199.5,180,188,313,-1566,-555,-73,37.4117787,-121.9949642
152276310,2,10,37.4128810,-121.9952852,76,17.27,193.2,180,189,313,-1682,-395,-13,37.4117787,-121.9949642
152377329,2,10,37.4128652,-121.9952880,76,17.95,188.6,180,189,314,-1774,-270,16,37.4117787,-121.9949642
152477827,2,10,37.4128488,-121.9952900,76,18.59,185.0,180,189,314,-1852,-165,5,37.4117787,-121.9949642
152578475,2,10,37.4128317,-121.9952915,76,19.10,183.5,180,189,314,-1907,-117,-34,37.4117787,-121.9949642
152678754,2,10,37.4128145,-121.9952922,76,19.06,181.1,180,190,314,-1906,-36,-120,37.4117787,-121.9949642
152779151,2,10,37.4127972,-121.9952918,76,18.96,178.7,180,190,313,-1896,40,-203,37.4117787,-121.9949642
152859377,2,10,37.4127797,-121.9952909,77,19.23,179.0,180,190,313,-1923,32,-236,37.4117787,-121.9949642
152960382,2,10,37.4127620,-121.9952898,77,19.52,178.2,180,190,313,-1951,59,-263,37.4117787,-121.9949642
153061441,2,10,37.4127443,-121.9952885,77,19.52,177.5,180,190,313,-1950,84,-267,37.4117787,-121.9949642
153162294,2,10,37.4127265,-121.9952871,78,19.67,176.9,180,190,312,-1965,103,-275,37.4117787,-121.9949642
153262657,2,10,37.4127085,-121.9952857,78,20.02,176.8,180,190,312,-1999,110,-283,37.4117787,-121.9949642
153363638,2,10,37.4126904,-121.9952842,78,20.08,176.5,180,190,312,-2005,121,-277,37.4117787,-121.9949642
153464712,2,10,37.4126721,-121.9952825,79,20.25,175.8,180,190,312,-2020,148,-281,37.4117787,-121.9949642
153557724,2,10,37.4126721,-121.9952825,79,20.25,175.8,180,190,312,-2020,148,-281,37.4117787,-121.9949642
153565549,2,10,37.4126539,-121.9952806,79,20.20,175.1,180,190,312,-2013,169,-282,37.4117787,-121.9949642
153666390,2,10,37.4126355,-121.9952782,79,20.36,174.3,180,190,312,-2026,199,-280,37.4117787,-121.9949642
153766765,2,10,37.4126173,-121.9952758,80,20.36,174.1,180,190,312,-2025,206,-265,37.4117787,-121.9949642
153867454,2,10,37.4125991,-121.9952732,80,20.40,173.6,180,190,312,-2028,227,-240,37.4117787,-121.9949642
153968110,2,10,37.4125809,-121.9952703,80,20.41,173.2,180,190,312,-2027,240,-226,37.4117787,-121.9949642
154068797,2,10,37.4125625,-121.9952675,80,20.51,173.2,180,190,312,-2037,242,-245,37.4117787,-121.9949642
154169636,2,10,37.4125443,-121.9952648,81,20.31,173.5,180,190,312,-2019,228,-245,37.4117787,-121.9949642
154270311,2,10,37.4125264,-121.9952620,80,20.95,173.9,180,190,312,-2083,222,-4,37.4117787,-121.9949642
154370444,2,10,37.4125092,-121.9952600,80,20.59,174.7,180,190,312,-2050,188,234,37.4117787,-121.9949642
154471378,2,10,37.4124930,-121.9952571,79,18.65,171.6,180,190,312,-1845,270,360,37.4117787,-121.9949642
154571924,2,10,37.4124776,-121.9952533,79,17.54,168.8,180,190,313,-1720,339,424,37.4117787,-121.9949642
154673242,2,10,37.4124637,-121.9952484,78,16.66,164.2,180,191,313,-1603,453,537,37.4117787,-121.9949642
154774041,2,10,37.4124509,-121.9952422,77,15.81,158.7,180,191,314,-1474,572,614,37.4117787,-121.9949642
154874878,2,10,37.4124391,-121.9952361,76,15.08,158.0,180,191,314,-1398,565,701,37.4117787,-121.9949642
154975785,2,10,37.4124283,-121.9952300,75,14.54,156.1,180,192,315,-1330,588,854,37.4117787,-121.9949642
155076686,2,10,37.4124171,-121.9952246,74,13.77,158.9,180,193,315,-1285,493,918,37.4117787,-121.9949642
155156765,2,10,37.4124055,-121.9952192,73,13.77,159.2,180,194,316,-1288,487,943,37.4117787,-121.9949642
155277907,2,10,37.4123945,-121.9952126,72,13.61,155.2,180,195,318,-1236,570,932,37.4117787,-121.9949642
155357992,2,10,37.4123843,-121.9952058,71,13.03,153.0,180,196,319,-1161,591,924,37.4117787,-121.9949642
155458260,2,10,37.4123744,-121.9951985,70,12.79,150.4,180,197,320,-1113,631,910,37.4117787,-121.9949642
155559101,2,10,37.4123646,-121.9951910,69,12.69,148.2,180,198,321,-1079,668,905,37.4117787,-121.9949642
155660212,2,10,37.4123550,-121.9951824,68,12.84,144.3,180,199,322,-1043,749,884,37.4117787,-121.9949642
155703674,2,10,37.4123550,-121.9951824,68,12.84,144.3,180,199,322,-1043,749,884,37.4117787,-121.9949642
155760953,2,10,37.4123461,-121.9951730,67,12.90,140.0,180,200,324,-989,828,909,37.4117787,-121.9949642
155861778,2,10,37.4123377,-121.9951630,66,12.90,136.8,180,201,325,-941,882,931,37.4117787,-121.9949642
155962181,2,10,37.4123299,-121.9951528,65,12.38,132.5,180,202,326,-837,913,935,37.4117787,-121.9949642
156062380,2,10,37.4123229,-121.9951424,64,12.10,129.8,180,203,327,-775,928,943,37.4117787,-121.9949642
156163516,2,10,37.4123166,-121.9951315,63,11.94,126.1,180,204,328,-704,964,961,37.4117787,-121.9949642
156263835,2,10,37.4123108,-121.9951205,62,11.74,123.2,180,205,329,-643,982,986,37.4117787,-121.9949642
156364134,2,10,37.4123051,-121.9951093,61,11.80,121.3,180,206,330,-613,1008,965,37.4117787,-121.9949642
156464377,2,10,37.4123006,-121.9950981,60,11.38,118.2,180,207,332,-539,1002,970,37.4117787,-121.9949642
156564772,2,10,37.4122967,-121.9950865,59,11.37,115.0,180,208,333,-481,1030,993,37.4117787,-121.9949642
156665156,2,10,37.4122937,-121.9950746,58,11.19,111.2,180,209,334,-406,1042,1050,37.4117787,-121.9949642
156766035,2,10,37.4122908,-121.9950626,57,11.01,109.4,180,210,336,-366,1038,1129,37.4117787,-121.9949642
156866600,2,10,37.4122885,-121.9950507,55,10.82,106.4,180,211,337,-306,1038,1193,37.4117787,-121.9949642
156967069,2,10,37.4122877,-121.9950410,53,8.76,110.8,180,212,339,-311,819,1308,37.4117787,-121.9949642
157067604,2,10,37.4122873,-121.9950357,51,5.20,128.9,180,213,341,-327,404,1410,37.4117787,-121.9949642
157168197,2,10,37.4122846,-121.9950347,49,3.37,166.0,180,214,342,-327,81,1519,37.4117787,-121.9949642
157268828,2,10,37.4122824,-121.9950382,47,4.71,222.7,180,215,344,-346,-319,1654,37.4117787,-121.9949642
157369089,2,10,37.4122791,-121.9950479,45,9.75,241.7,180,216,346,-462,-858,1773,37.4117787,-121.9949642
157470347,2,10,37.4122763,-121.9950614,43,12.59,251.8,180,217,348,-392,-1196,1736,37.4117787,-121.9949642
157571404,2,10,37.4122742,-121.9950774,42,14.45,257.3,180,218,349,-316,-1410,1669,37.4117787,-121.9949642
157671703,2,10,37.4122711,-121.9950966,41,16.80,258.8,180,219,350,-324,-1649,1539,37.4117787,-121.9949642
157771865,2,10,37.4122691,-121.9951160,39,16.70,263.5,180,220,351,-188,-1660,1443,37.4117787,-121.9949642
157853650,2,10,37.4122691,-121.9951160,39,16.70,263.5,180,220,351,-188,-1660,1443,37.4117787,-121.9949642
157872155,2,10,37.4122684,-121.9951360,38,16.91,268.5,180,220,352,-42,-1690,1363,37.4117787,-121.9949642
157972543,2,10,37.4122669,-121.9951572,38,17.56,269.5,180,221,353,-12,-1756,1257,37.4117787,-121.9949642
158073523,2,10,37.4122659,-121.9951798,37,18.84,270.3,180,221,353,10,-1884,1147,37.4117787,-121.9949642
158153920,2,10,37.4122653,-121.9952036,37,19.58,272.4,180,221,353,84,-1956,989,37.4117787,-121.9949642
158254447,2,10,37.4122664,-121.9952277,37,19.86,277.1,180,221,353,247,-1971,772,37.4117787,-121.9949642
158355160,2,10,37.4122691,-121.9952509,37,19.38,283.5,180,221,354,454,-1884,517,37.4117787,-121.9949642
158455857,2,10,37.4122727,-121.9952722,38,18.36,289.6,180,221,354,619,-1729,265,37.4117787,-121.9949642
158556450,2,10,37.4122784,-121.9952905,39,17.13,297.3,180,221,354,787,-1521,55,37.4117787,-121.9949642
158657612,2,10,37.4122860,-121.9953054,39,15.95,305.7,180,221,355,931,-1295,-81,37.4117787,-121.9949642
158758163,2,10,37.4122946,-121.9953171,40,14.64,314.3,180,221,355,1023,-1048,-221,37.4117787,-121.9949642
158858237,2,10,37.4123049,-121.9953249,40,13.72,326.8,180,222,356,1148,-751,-278,37.4117787,-121.9949642
158959225,2,10,37.4123162,-121.9953293,40,13.16,338.9,180,222,357,1228,-471,-289,37.4117787,-121.9949642
159059495,2,10,37.4123272,-121.9953326,41,12.68,344.4,180,223,357,1222,-339,-330,37.4117787,-121.9949642
159159859,2,10,37.4123378,-121.9953331,41,12.19,354.3,180,223,358,1214,-119,-379,37.4117787,-121.9949642
159260325,2,10,37.4123471,-121.9953301,42,11.55,7.2,180,223,358,1146,144,-410,37.4117787,-121.9949642
159360778,2,10,37.4123554,-121.9953249,43,10.97,18.6,180,223,358,1040,350,-476,37.4117787,-121.9949642
159460961,2,10,37.4123637,-121.9953192,44,10.82,24.8,180,224,358,981,455,-520,37.4117787,-121.9949642
159561514,2,10,37.4123719,-121.9953129,44,10.82,28.0,180,223,358,954,509,-540,37.4117787,-121.9949642
159661559,2,10,37.4123797,-121.9953062,45,10.56,30.9,180,223,358,906,543,-582,37.4117787,-121.9949642
159762575,2,10,37.4123874,-121.9952992,46,10.57,33.3,180,223,357,883,581,-619,37.4117787,-121.9949642
159863381,2,10,37.4123954,-121.9952921,47,10.80,34.5,180,222,356,889,613,-616,37.4117787,-121.9949642
159963891,2,10,37.4124033,-121.9952846,47,10.86,36.5,180,222,356,872,647,-613,37.4117787,-121.9949642
160007937,2,10,37.4124033,-121.9952846,47,10.86,36.5,180,222,356,872,647,-613,37.4117787,-121.9949642
160064552,2,10,37.4124110,-121.9952769,48,10.78,37.7,180,221,355,852,659,-626,37.4117787,-121.9949642
160165017,2,10,37.4124187,-121.9952689,48,10.86,39.3,180,221,354,840,689,-632,37.4117787,-121.9949642
160265184,2,10,37.4124261,-121.9952608,49,10.74,40.4,180,221,353,817,697,-641,37.4117787,-121.9949642
160365678,2,10,37.4124335,-121.9952526,50,10.73,40.9,180,220,352,811,702,-655,37.4117787,-121.9949642
160466273,2,10,37.4124408,-121.9952444,50,10.62,41.6,180,220,352,794,706,-649,37.4117787,-121.9949642
160566587,2,10,37.4124479,-121.9952361,51,10.74,42.0,180,219,351,798,718,-661,37.4117787,-121.9949642
160667242,2,10,37.4124551,-121.9952275,52,10.99,43.0,180,219,350,803,750,-630,37.4117787,-121.9949642
160768025,2,10,37.4124625,-121.9952187,52,11.26,43.7,180,218,350,813,779,-589,37.4117787,-121.9949642
160868417,2,10,37.4124700,-121.9952096,53,11.45,44.8,180,218,349,812,806,-561,37.4117787,-121.9949642
160968675,2,10,37.4124777,-121.9951998,53,11.93,46.3,180,217,348,823,863,-512,37.4117787,-121.9949642
161069275,2,10,37.4124857,-121.9951897,54,12.39,46.0,180,217,348,859,892,-448,37.4117787,-121.9949642
161169618,2,10,37.4124939,-121.9951793,54,12.58,46.4,180,216,347,866,912,-398,37.4117787,-121.9949642
161269885,2,10,37.4125019,-121.9951686,54,12.86,47.4,180,216,346,870,948,-363,37.4117787,-121.9949642
161370710,2,10,37.4125100,-121.9951577,55,12.90,47.3,180,215,346,873,949,-340,37.4117787,-121.9949642
161451692,2,10,37.4125182,-121.9951468,55,12.99,47.4,180,215,345,877,957,-349,37.4117787,-121.9949642
161552201,2,10,37.4125265,-121.9951360,55,12.96,46.7,180,214,345,889,943,-369,37.4117787,-121.9949642
161653268,2,10,37.4125348,-121.9951255,56,12.96,45.0,180,214,344,916,917,-381,37.4117787,-121.9949642
161753891,2,10,37.4125432,-121.9951153,56,13.07,43.7,180,213,343,945,903,-374,37.4117787,-121.9949642
161854612,2,10,37.4125517,-121.9951054,56,12.79,42.8,180,213,343,938,870,-396,37.4117787,-121.9949642
161954153,2,10,37.4125601,-121.9950958,57,12.64,42.3,180,212,342,934,852,-427,37.4117787,-121.9949642
162054781,2,10,37.4125688,-121.9950865,57,12.53,40.8,180,212,342,948,819,-447,37.4117787,-121.9949642
162156106,2,10,37.4125775,-121.9950773,58,12.81,40.1,180,212,341,978,826,-430,37.4117787,-121.9949642
162167256,2,10,37.4125775,-121.9950773,58,12.81,40.1,180,212,341,978,826,-430,37.4117787,-121.9949642
162257146,2,10,37.4125864,-121.9950679,58,12.95,39.8,180,211,341,994,829,-400,37.4117787,-121.9949642
162357848,2,10,37.4125953,-121.9950585,59,13.14,40.0,180,211,340,1006,845,-359,37.4117787,-121.9949642
162457810,2,10,37.4126045,-121.9950491,59,13.21,38.6,180,211,340,1031,826,-357,37.4117787,-121.9949642
162557925,2,10,37.4126141,-121.9950401,59,13.19,37.1,180,210,339,1051,797,-363,37.4117787,-121.9949642
162658507,2,10,37.4126239,-121.9950315,60,13.34,34.4,180,210,339,1100,755,-371,37.4117787,-121.9949642
162759121,2,10,37.4126340,-121.9950234,60,13.41,32.0,180,210,339,1137,711,-375,37.4117787,-121.9949642
162859813,2,10,37.4126447,-121.9950159,61,13.56,29.0,180,209,338,1185,659,-359,37.4117787,-121.9949642
162960787,2,10,37.4126559,-121.9950092,61,13.69,25.0,180,209,338,1240,580,-349,37.4117787,-121.9949642
163062098,2,10,37.4126674,-121.9950036,61,13.42,21.0,180,209,337,1253,482,-356,37.4117787,-121.9949642
163163734,2,10,37.4126788,-121.9949997,62,13.22,13.7,180,209,337,1284,314,-397,37.4117787,-121.9949642
163264662,2,10,37.4126904,-121.9949967,62,13.26,11.0,180,209,336,1301,254,-410,37.4117787,-121.9949642
163365508,2,10,37.4127021,-121.9949945,63,13.37,8.0,180,208,336,1324,187,-410,37.4117787,-121.9949642
163466251,2,10,37.4127139,-121.9949924,63,13.66,7.5,180,208,335,1354,180,-348,37.4117787,-121.9949642
163566531,2,10,37.4127261,-121.9949903,63,13.96,7.7,180,208,335,1383,188,-320,37.4117787,-121.9949642
163666813,2,10,37.4127384,-121.9949882,64,14.27,7.5,180,207,334,1414,186,-249,37.4117787,-121.9949642
163767785,2,10,37.4127510,-121.9949857,64,14.62,8.7,180,207,334,1445,221,-126,37.4117787,-121.9949642
163847753,2,10,37.4127638,-121.9949828,64,14.66,9.5,180,207,333,1445,243,-30,37.4117787,-121.9949642
163968051,2,10,37.4127768,-121.9949800,64,14.77,8.9,180,206,333,1460,228,21,37.4117787,-121.9949642
164068595,2,10,37.4127901,-121.9949777,64,14.94,6.9,180,206,332,1484,180,37,37.4117787,-121.9949642
164148847,2,10,37.4128038,-121.9949763,64,15.15,3.2,180,206,332,1513,86,20,37.4117787,-121.9949642
164249264,2,10,37.4128175,-121.9949767,64,15.03,356.7,180,205,331,1500,-84,-76,37.4117787,-121.9949642
164328999,2,10,37.4128175,-121.9949767,64,15.03,356.7,180,205,331,1500,-84,-76,37.4117787,-121.9949642
164350025,2,10,37.4128307,-121.9949792,64,14.88,350.5,180,205,331,1468,-244,-185,37.4117787,-121.9949642
164450718,2,10,37.4128433,-121.9949827,64,14.73,347.3,180,205,330,1438,-323,-258,37.4117787,-121.9949642
164551519,2,10,37.4128562,-121.9949868,65,14.96,346.1,180,204,329,1452,-358,-350,37.4117787,-121.9949642
164651670,2,10,37.4128689,-121.9949914,65,14.72,344.0,180,204,329,1415,-404,-414,37.4117787,-121.9949642
164752369,2,10,37.4128814,-121.9949964,66,14.49,342.2,180,204,328,1380,-442,-479,37.4117787,-121.9949642
164852849,2,10,37.4128933,-121.9950019,66,13.82,339.1,180,203,328,1291,-492,-571,37.4117787,-121.9949642
164953641,2,10,37.4129042,-121.9950078,67,13.16,336.1,180,203,327,1204,-531,-685,37.4117787,-121.9949642
165053846,2,10,37.4129149,-121.9950137,68,13.23,336.9,180,203,327,1218,-517,-713,37.4117787,-121.9949642
165154841,2,10,37.4129258,-121.9950195,69,13.26,337.7,180,203,326,1228,-502,-699,37.4117787,-121.9949642
165255029,2,10,37.4129366,-121.9950252,70,13.34,338.4,180,202,326,1240,-490,-684,37.4117787,-121.9949642
165355142,2,10,37.4129477,-121.9950309,70,13.72,338.3,180,202,325,1275,-505,-612,37.4117787,-121.9949642
165456240,2,10,37.4129590,-121.9950366,71,14.49,339.6,180,202,325,1358,-503,-456,37.4117787,-121.9949642
165556987,2,10,37.4129711,-121.9950423,71,14.57,340.0,180,202,325,1369,-498,-375,37.4117787,-121.9949642
165657199,2,10,37.4129833,-121.9950479,71,14.48,340.2,180,201,324,1363,-488,-342,37.4117787,-121.9949642
165757601,2,10,37.4129955,-121.9950534,72,14.29,340.2,180,201,323,1345,-482,-420,37.4117787,-121.9949642
165857951,2,10,37.4130075,-121.9950587,73,14.03,340.4,180,201,323,1322,-470,-499,37.4117787,-121.9949642
165958327,2,10,37.4130194,-121.9950640,73,14.07,340.6,180,200,322,1328,-465,-526,37.4117787,-121.9949642
166059186,2,10,37.4130312,-121.9950693,74,14.16,340.0,180,200,322,1330,-483,-517,37.4117787,-121.9949642
166159899,2,10,37.4130428,-121.9950748,74,14.17,339.1,180,199,321,1325,-503,-538,37.4117787,-121.9949642
166259980,2,10,37.4130547,-121.9950800,75,13.95,341.2,180,199,320,1321,-447,-554,37.4117787,-121.9949642
166360684,2,10,37.4130664,-121.9950849,76,13.87,341.2,180,199,320,1313,-447,-556,37.4117787,-121.9949642
166460832,2,10,37.4130782,-121.9950900,76,13.81,340.6,180,198,319,1302,-458,-561,37.4117787,-121.9949642
166491572,2,10,37.4130782,-121.9950900,76,13.81,340.6,180,198,319,1302,-458,-561,37.4117787,-121.9949642
166561337,2,10,37.4130898,-121.9950952,77,13.97,339.6,180,198,319,1309,-486,-530,37.4117787,-121.9949642
166661659,2,10,37.4131014,-121.9951001,77,13.99,341.5,180,197,318,1327,-442,-537,37.4117787,-121.9949642
166762628,2,10,37.4131131,-121.9951045,78,13.81,343.2,180,197,317,1322,-397,-593,37.4117787,-121.9949642
166863946,2,10,37.4131247,-121.9951083,79,13.68,345.1,180,197,317,1323,-350,-643,37.4117787,-121.9949642
166944213,2,10,37.4131363,-121.9951123,79,13.22,343.6,180,196,316,1269,-371,-654,37.4117787,-121.9949642
167065171,2,10,37.4131478,-121.9951167,80,13.29,342.7,180,196,316,1270,-394,-631,37.4117787,-121.9949642
167145788,2,10,37.4131591,-121.9951208,80,13.05,342.9,180,195,315,1247,-382,-640,37.4117787,-121.9949642
167246173,2,10,37.4131700,-121.9951248,81,12.38,343.0,180,195,315,1184,-360,-728,37.4117787,-121.9949642
167346658,2,10,37.4131802,-121.9951283,82,11.82,343.9,180,195,314,1136,-326,-821,37.4117787,-121.9949642
167446984,2,10,37.4131902,-121.9951315,83,11.69,344.9,180,194,314,1128,-304,-856,37.4117787,-121.9949642
167547565,2,10,37.4132003,-121.9951348,84,11.79,344.8,180,194,314,1138,-307,-843,37.4117787,-121.9949642
167647886,2,10,37.4132105,-121.9951378,85,11.87,346.5,180,194,313,1155,-275,-795,37.4117787,-121.9949642
167748917,2,10,37.4132210,-121.9951408,85,12.13,347.2,180,193,313,1183,-266,-733,37.4117787,-121.9949642
167849973,2,10,37.4132317,-121.9951435,86,12.21,348.5,180,193,312,1197,-242,-692,37.4117787,-121.9949642
167950695,2,10,37.4132424,-121.9951460,87,12.22,348.9,180,193,312,1199,-234,-659,37.4117787,-121.9949642
168051359,2,10,37.4132534,-121.9951487,87,12.72,348.9,180,193,311,1248,-243,-585,37.4117787,-121.9949642
168152665,2,10,37.4132645,-121.9951512,88,12.80,349.7,180,192,311,1259,-228,-520,37.4117787,-121.9949642
168253079,2,10,37.4132756,-121.9951536,88,12.50,349.8,180,192,311,1230,-219,-553,37.4117787,-121.9949642
168354239,2,10,37.4132864,-121.9951557,89,11.58,351.3,180,192,310,1145,-174,-666,37.4117787,-121.9949642
168454947,2,10,37.4132964,-121.9951572,90,10.69,352.9,180,191,310,1061,-131,-771,37.4117787,-121.9949642
168555759,2,10,37.4133060,-121.9951587,91,10.94,352.7,180,191,309,1086,-138,-774,37.4117787,-121.9949642
168643359,2,10,37.4133060,-121.9951587,91,10.94,352.7,180,191,309,1086,-138,-774,37.4117787,-121.9949642
168656694,2,10,37.4133157,-121.9951602,91,10.93,352.7,180,191,309,1084,-137,-767,37.4117787,-121.9949642
168757430,2,10,37.4133254,-121.9951614,92,10.97,354.4,180,191,309,1092,-105,-765,37.4117787,-121.9949642
168858330,2,10,37.4133351,-121.9951623,93,10.81,355.2,180,190,308,1078,-88,-744,37.4117787,-121.9949642
168959281,2,10,37.4133445,-121.9951635,94,10.31,353.1,180,190,308,1024,-123,-776,37.4117787,-121.9949642
169060393,2,10,37.4133538,-121.9951657,95,10.36,347.6,180,190,307,1012,-222,-773,37.4117787,-121.9949642
169160997,2,10,37.4133630,-121.9951686,95,10.99,345.1,180,189,306,1062,-282,-723,37.4117787,-121.9949642
169241702,2,10,37.4133725,-121.9951719,96,11.16,344.0,180,189,306,1073,-307,-657,37.4117787,-121.9949642
169361939,2,10,37.4133819,-121.9951757,97,11.29,341.1,180,189,306,1069,-364,-615,37.4117787,-121.9949642
169442784,2,10,37.4133907,-121.9951808,97,10.84,331.9,180,189,305,957,-510,-579,37.4117787,-121.9949642
169543216,2,10,37.4133976,-121.9951878,98,9.85,315.6,180,189,305,704,-688,-497,37.4117787,-121.9949642
169644206,2,10,37.4134027,-121.9951968,98,10.25,301.7,180,189,305,540,-871,-398,37.4117787,-121.9949642
169745180,2,10,37.4134072,-121.9952077,98,11.28,296.8,180,189,305,509,-1007,-322,37.4117787,-121.9949642
169845597,2,10,37.4134105,-121.9952199,99,11.80,286.2,180,189,305,329,-1133,-275,37.4117787,-121.9949642
169945926,2,10,37.4134110,-121.9952334,99,12.45,269.7,180,189,305,-5,-1245,-206,37.4117787,-121.9949642
170046753,2,10,37.4134089,-121.9952473,99,12.96,257.5,180,189,305,-280,-1265,-142,37.4117787,-121.9949642
170147474,2,10,37.4134055,-121.9952616,99,13.55,252.6,180,189,305,-405,-1293,-55,37.4117787,-121.9949642
170247719,2,10,37.4134011,-121.9952762,99,14.07,248.5,180,189,305,-514,-1309,25,37.4117787,-121.9949642
170348554,2,10,37.4133949,-121.9952902,99,14.63,238.6,180,189,305,-760,-1250,54,37.4117787,-121.9949642
170449018,2,10,37.4133858,-121.9953019,98,14.79,224.5,180,189,305,-1053,-1038,121,37.4117787,-121.9949642
170549821,2,10,37.4133748,-121.9953118,98,14.80,218.1,180,189,305,-1164,-914,204,37.4117787,-121.9949642
170650461,2,10,37.4133630,-121.9953209,98,15.73,211.2,180,189,305,-1344,-817,229,37.4117787,-121.9949642
170750981,2,10,37.4133495,-121.9953278,98,16.21,199.2,180,189,304,-1530,-535,180,37.4117787,-121.9949642
170801879,2,10,37.4133495,-121.9953278,98,16.21,199.2,180,189,304,-1530,-535,180,37.4117787,-121.9949642
170851630,2,10,37.4133347,-121.9953324,98,17.34,191.2,180,189,303,-1700,-338,91,37.4117787,-121.9949642
170951810,2,10,37.4133191,-121.9953357,97,17.49,190.3,180,189,302,-1720,-312,126,37.4117787,-121.9949642
171051950,2,10,37.4133030,-121.9953380,97,17.63,187.0,180,189,302,-1750,-215,142,37.4117787,-121.9949642
171152770,2,10,37.4132866,-121.9953392,97,18.07,183.5,180,189,301,-1804,-111,131,37.4117787,-121.9949642
171253391,2,10,37.4132697,-121.9953394,97,18.66,181.8,180,189,300,-1865,-59,154,37.4117787,-121.9949642
171354206,2,10,37.4132524,-121.9953389,97,19.17,179.7,180,189,300,-1917,8,167,37.4117787,-121.9949642
171455620,2,10,37.4132347,-121.9953378,97,19.64,178.2,180,189,299,-1963,60,185,37.4117787,-121.9949642
171555880,2,10,37.4132167,-121.9953365,96,19.97,178.5,180,189,299,-1996,50,240,37.4117787,-121.9949642
171656892,2,10,37.4131986,-121.9953352,96,20.05,177.9,180,188,298,-2004,71,270,37.4117787,-121.9949642
171757070,2,10,37.4131803,-121.9953338,96,20.42,177.0,180,188,298,-2039,104,278,37.4117787,-121.9949642
171857803,2,10,37.4131617,-121.9953321,96,20.90,176.0,180,188,298,-2085,142,281,37.4117787,-121.9949642
171938036,2,10,37.4131427,-121.9953301,95,21.28,175.8,180,188,298,-2122,153,291,37.4117787,-121.9949642
172058758,2,10,37.4131233,-121.9953279,95,21.60,175.3,180,188,298,-2153,175,290,37.4117787,-121.9949642
172139007,2,10,37.4131036,-121.9953255,95,21.79,174.5,180,187,298,-2169,206,294,37.4117787,-121.9949642
172239345,2,10,37.4130839,-121.9953226,95,21.85,173.5,180,187,297,-2171,243,291,37.4117787,-121.9949642
172340026,2,10,37.4130640,-121.9953194,94,22.18,172.7,180,187,297,-2200,279,299,37.4117787,-121.9949642
172441208,2,10,37.4130440,-121.9953159,94,22.37,172.3,180,187,297,-2217,296,326,37.4117787,-121.9949642
172541963,2,10,37.4130237,-121.9953121,94,22.51,171.9,180,187,297,-2229,315,343,37.4117787,-121.9949642
172643022,2,10,37.4130034,-121.9953080,94,22.73,171.2,180,187,296,-2247,345,347,37.4117787,-121.9949642
172743675,2,10,37.4129830,-121.9953036,93,22.97,170.5,180,186,296,-2266,377,371,37.4117787,-121.9949642
172844367,2,10,37.4129624,-121.9952988,93,23.33,169.2,180,186,296,-2292,435,324,37.4117787,-121.9949642
172943732,2,10,37.4129624,-121.9952988,93,23.33,169.2,180,186,296,-2292,435,324,37.4117787,-121.9949642
172944736,2,10,37.4129423,-121.9952935,93,22.30,166.5,180,186,295,-2169,520,-29,37.4117787,-121.9949642
173045340,2,10,37.4129233,-121.9952881,93,21.01,166.3,180,186,295,-2042,494,-401,37.4117787,-121.9949642
173145665,2,10,37.4129055,-121.9952831,94,19.22,167.7,180,186,295,-1879,408,-643,37.4117787,-121.9949642
173246458,2,10,37.4128901,-121.9952795,95,16.39,169.5,180,186,295,-1612,296,-837,37.4117787,-121.9949642
173347585,2,10,37.4128759,-121.9952765,97,14.66,170.7,180,186,296,-1447,235,-1057,37.4117787,-121.9949642
173447986,2,10,37.4128620,-121.9952744,98,14.28,174.6,180,187,296,-1422,132,-1216,37.4117787,-121.9949642
173548579,2,10,37.4128495,-121.9952732,100,12.81,177.2,180,188,296,-1280,62,-1319,37.4117787,-121.9949642
173649052,2,10,37.4128386,-121.9952730,101,10.95,181.4,180,188,297,-1094,-27,-1426,37.4117787,-121.9949642
173749978,2,10,37.4128292,-121.9952736,103,9.57,185.8,180,189,297,-952,-97,-1538,37.4117787,-121.9949642
173850248,2,10,37.4128210,-121.9952748,105,8.57,190.4,180,190,298,-843,-154,-1601,37.4117787,-121.9949642
173951124,2,10,37.4128157,-121.9952770,107,6.57,199.0,180,192,299,-621,-214,-1614,37.4117787,-121.9949642
174051198,2,10,37.4128112,-121.9952792,109,5.21,206.7,180,193,300,-465,-234,-1655,37.4117787,-121.9949642
174151362,2,10,37.4128083,-121.9952824,110,4.49,220.4,180,195,301,-341,-291,-1661,37.4117787,-121.9949642
174252497,2,10,37.4128063,-121.9952859,112,4.11,231.3,180,196,302,-256,-321,-1643,37.4117787,-121.9949642
174353839,2,10,37.4128056,-121.9952908,113,4.40,243.1,180,198,304,-198,-392,-1575,37.4117787,-121.9949642
174434161,2,10,37.4128051,-121.9952957,114,4.34,243.1,180,200,305,-196,-387,-1453,37.4117787,-121.9949642
174535301,2,10,37.4128032,-121.9952982,116,3.30,243.1,180,202,307,-213,-251,-1379,37.4117787,-121.9949642
174636219,2,9,37.4128032,-121.9953000,116,2.14,243.1,191,204,308,-186,-106,-1212,37.4117787,-121.9949642
174736587,2,8,37.4128045,-121.9953010,117,1.35,243.1,216,207,310,-134,16,-1031,37.4117787,-121.9949642
174837578,2,8,37.4128058,-121.9953030,117,1.29,243.1,216,210,312,-116,-56,-905,37.4117787,-121.9949642
174938365,2,8,37.4128098,-121.9953083,117,2.34,243.1,216,213,315,-22,-233,-756,37.4117787,-121.9949642
175039420,2,8,37.4128181,-121.9953168,117,4.37,292.9,216,215,316,187,-395,-539,37.4117787,-121.9949642
175097549,2,8,37.4128181,-121.9953168,117,4.37,292.9,216,215,316,187,-395,-539,37.4117787,-121.9949642
175140286,2,8,37.4128242,-121.9953256,116,6.03,291.9,216,218,318,220,-562,-375,37.4117787,-121.9949642
175240214,2,8,37.4128291,-121.9953352,116,7.17,287.9,216,220,320,188,-692,-238,37.4117787,-121.9949642
175340760,2,8,37.4128320,-121.9953446,116,7.55,282.5,216,223,323,98,-749,-139,37.4117787,-121.9949642
175440742,2,8,37.4128355,-121.9953572,115,9.25,268.0,216,225,325,-30,-925,30,37.4117787,-121.9949642
175541537,2,8,37.4128369,-121.9953705,115,10.88,266.7,216,228,328,-62,-1086,92,37.4117787,-121.9949642
175641793,2,8,37.4128373,-121.9953858,114,12.74,264.4,216,230,331,-122,-1268,146,37.4117787,-121.9949642
175743291,2,8,37.4128344,-121.9954012,114,14.03,256.2,216,232,333,-334,-1363,205,37.4117787,-121.9949642
175843749,2,8,37.4128301,-121.9954172,113,15.09,250.0,216,234,336,-516,-1419,278,37.4117787,-121.9949642
175944454,2,8,37.4128266,-121.9954335,112,15.33,245.2,216,236,339,-641,-1393,421,37.4117787,-121.9949642
176024952,2,8,37.4128228,-121.9954498,111,15.39,243.7,216,238,341,-680,-1381,534,37.4117787,-121.9949642
176145449,2,8,37.4128181,-121.9954662,110,15.74,241.4,216,240,344,-753,-1382,644,37.4117787,-121.9949642
176226224,2,8,37.4128131,-121.9954820,109,15.42,240.5,216,242,346,-757,-1343,707,37.4117787,-121.9949642
176326679,2,8,37.4128134,-121.9954998,107,14.93,250.7,216,244,349,-492,-1410,772,37.4117787,-121.9949642
176427517,2,8,37.4128181,-121.9955187,106,14.91,266.6,216,246,351,-88,-1489,788,37.4117787,-121.9949642
176528023,2,8,37.4128193,-121.9955354,105,14.25,267.0,216,249,353,-72,-1423,862,37.4117787,-121.9949642
176628072,2,8,37.4128200,-121.9955516,103,13.66,264.5,216,251,355,-130,-1359,969,37.4117787,-121.9949642
176728867,2,8,37.4128233,-121.9955695,101,14.39,266.4,216,252,356,-87,-1437,1087,37.4117787,-121.9949642
176829138,2,9,37.4128307,-121.9955881,99,14.53,276.0,193,254,357,153,-1444,1186,37.4117787,-121.9949642
176929540,2,8,37.4128438,-121.9956098,97,17.22,288.7,200,255,358,552,-1631,1304,37.4117787,-121.9949642
177050028,2,9,37.4128481,-121.9956272,96,16.89,290.2,193,258,362,584,-1585,1240,37.4117787,-121.9949642
177150550,2,9,37.4128546,-121.9956435,95,16.61,295.3,193,262,365,710,-1502,1172,37.4117787,-121.9949642
177246876,2,9,37.4128546,-121.9956435,95,16.61,295.3,193,262,365,710,-1502,1172,37.4117787,-121.9949642
177251173,2,10,37.4128651,-121.9956610,94,17.56,300.8,180,264,366,899,-1508,1143,37.4117787,-121.9949642
177352292,2,10,37.4128766,-121.9956802,93,19.55,303.2,180,265,368,1070,-1636,1073,37.4117787,-121.9949642
177432725,2,10,37.4128847,-121.9956972,92,19.23,303.3,180,267,370,1058,-1606,995,37.4117787,-121.9949642
177533446,2,10,37.4128969,-121.9957171,92,20.74,304.9,180,268,371,1187,-1701,926,37.4117787,-121.9949642
177634027,2,10,37.4129048,-121.9957353,92,20.93,303.4,180,269,372,1153,-1747,762,37.4117787,-121.9949642
177734707,2,10,37.4129127,-121.9957526,92,20.13,303.6,180,270,372,1114,-1676,656,37.4117787,-121.9949642
177835204,2,10,37.4129200,-121.9957700,91,19.31,301.3,180,271,373,1005,-1649,596,37.4117787,-121.9949642
177935504,2,10,37.4129284,-121.9957889,91,19.16,299.3,180,271,374,937,-1671,611,37.4117787,-121.9949642
178036354,2,10,37.4129339,-121.9958051,90,16.77,296.8,180,272,375,757,-1496,656,37.4117787,-121.9949642
178137567,2,10,37.4129386,-121.9958195,89,14.67,294.9,180,273,377,618,-1330,704,37.4117787,-121.9949642
178238107,2,10,37.4129409,-121.9958311,88,12.42,291.1,180,274,378,447,-1158,682,37.4117787,-121.9949642
178339709,2,10,37.4129450,-121.9958430,88,11.83,293.2,180,274,379,467,-1086,655,37.4117787,-121.9949642
178440072,2,10,37.4129507,-121.9958538,87,11.41,301.2,180,275,380,591,-975,617,37.4117787,-121.9949642
178541006,2,10,37.4129614,-121.9958645,86,11.79,317.5,180,275,381,870,-796,698,37.4117787,-121.9949642
178641764,2,10,37.4129738,-121.9958726,85,12.70,331.1,180,275,382,1113,-612,765,37.4117787,-121.9949642
178742795,2,8,37.4129859,-121.9958783,84,12.77,338.5,216,275,383,1188,-467,807,37.4117787,-121.9949642
178843907,2,8,37.4129988,-121.9958811,83,13.56,349.3,216,275,384,1333,-249,784,37.4117787,-121.9949642
178944386,2,10,37.4130123,-121.9958788,82,14.70,5.8,180,275,384,1462,149,710,37.4117787,-121.9949642
179044810,2,10,37.4130268,-121.9958726,82,16.35,17.9,180,274,385,1555,505,596,37.4117787,-121.9949642
179145416,2,10,37.4130423,-121.9958636,82,17.38,27.9,180,273,386,1535,813,539,37.4117787,-121.9949642
179245698,2,10,37.4130563,-121.9958511,81,17.79,38.2,180,272,386,1396,1102,444,37.4117787,-121.9949642
179345793,2,10,37.4130680,-121.9958347,82,18.69,49.3,180,271,386,1218,1418,296,37.4117787,-121.9949642
179394543,2,10,37.4130680,-121.9958347,82,18.69,49.3,180,271,386,1218,1418,296,37.4117787,-121.9949642
179445915,2,10,37.4130776,-121.9958178,82,17.68,57.4,180,270,386,950,1491,229,37.4117787,-121.9949642
179546762,2,10,37.4130868,-121.9958018,81,16.84,59.7,180,270,387,848,1454,237,37.4117787,-121.9949642
179647196,2,10,37.4130926,-121.9957849,81,15.76,68.1,180,269,387,587,1462,212,37.4117787,-121.9949642
179748287,2,10,37.4130980,-121.9957677,80,15.96,72.3,180,269,387,483,1521,266,37.4117787,-121.9949642
179849224,2,10,37.4131038,-121.9957506,80,16.21,72.6,180,268,386,483,1547,333,37.4117787,-121.9949642
179949636,2,9,37.4131061,-121.9957339,80,14.26,81.3,191,268,386,214,1410,179,37.4117787,-121.9949642
180030175,2,9,37.4131075,-121.9957180,81,13.74,84.4,191,267,385,132,1368,27,37.4117787,-121.9949642
180130799,2,9,37.4131083,-121.9957020,81,13.88,87.1,191,266,384,68,1387,-106,37.4117787,-121.9949642
180231309,2,9,37.4131094,-121.9956862,82,13.99,87.2,191,265,384,67,1397,-226,37.4117787,-121.9949642
180331674,2,9,37.4131100,-121.9956715,83,13.06,88.1,191,264,383,43,1305,-380,37.4117787,-121.9949642
180431731,2,9,37.4131100,-121.9956585,84,11.59,88.4,191,264,383,30,1159,-545,37.4117787,-121.9949642
180533193,2,10,37.4131129,-121.9956459,84,11.35,80.6,180,263,383,185,1120,-490,37.4117787,-121.9949642
180633294,2,10,37.4131158,-121.9956340,85,10.83,78.1,180,262,383,223,1059,-489,37.4117787,-121.9949642
180733904,2,10,37.4131181,-121.9956241,86,8.90,77.0,180,262,382,199,867,-573,37.4117787,-121.9949642
180834189,2,10,37.4131209,-121.9956165,86,6.90,70.4,180,262,382,231,650,-607,37.4117787,-121.9949642
180934926,2,10,37.4131241,-121.9956103,87,6.21,62.2,180,261,382,289,549,-623,37.4117787,-121.9949642
181035541,2,10,37.4131269,-121.9956056,88,5.22,57.1,180,261,382,283,439,-666,37.4117787,-121.9949642
181136658,2,10,37.4131296,-121.9956023,89,4.05,51.1,180,261,382,254,315,-720,37.4117787,-121.9949642
181237174,2,10,37.4131326,-121.9956015,89,2.67,40.2,180,261,383,253,84,-734,37.4117787,-121.9949642
181337446,2,10,37.4131356,-121.9956040,90,3.22,355.1,180,262,383,253,-199,-717,37.4117787,-121.9949642
181438287,2,10,37.4131380,-121.9956094,91,4.80,302.0,180,262,384,255,-407,-721,37.4117787,-121.9949642
181539427,2,10,37.4131401,-121.9956164,92,6.01,290.0,180,263,385,206,-564,-711,37.4117787,-121.9949642
181639746,2,10,37.4131428,-121.9956247,92,7.34,286.2,180,263,385,205,-705,-671,37.4117787,-121.9949642
181740606,2,10,37.4131467,-121.9956344,93,8.84,286.1,180,263,386,246,-849,-605,37.4117787,-121.9949642
181841293,2,10,37.4131501,-121.9956445,93,9.18,284.7,180,264,386,233,-888,-566,37.4117787,-121.9949642
181941446,2,10,37.4131524,-121.9956553,94,9.48,280.0,180,264,387,165,-933,-564,37.4117787,-121.9949642
182041722,2,10,37.4131538,-121.9956656,94,9.14,276.6,180,265,388,106,-908,-575,37.4117787,-121.9949642
182141935,2,10,37.4131550,-121.9956774,95,10.18,275.3,180,266,389,95,-1013,-555,37.4117787,-121.9949642
182242121,2,10,37.4131571,-121.9956893,95,10.67,276.9,180,266,389,129,-1059,-494,37.4117787,-121.9949642
182342921,2,10,37.4131593,-121.9957029,95,12.02,277.7,180,267,390,161,-1191,-404,37.4117787,-121.9949642
182443585,2,10,37.4131612,-121.9957168,95,12.32,279.2,180,268,391,197,-1216,-369,37.4117787,-121.9949642
182543904,2,10,37.4131617,-121.9957296,96,11.47,276.3,180,268,392,126,-1140,-367,37.4117787,-121.9949642
182644277,2,10,37.4131602,-121.9957415,96,10.56,269.6,180,269,392,-6,-1056,-372,37.4117787,-121.9949642
182744473,2,10,37.4131571,-121.9957530,97,10.40,259.6,180,270,393,-187,-1023,-398,37.4117787,-121.9949642
182845178,2,10,37.4131528,-121.9957633,97,10.28,248.6,180,270,393,-374,-957,-378,37.4117787,-121.9949642
182925508,2,10,37.4131483,-121.9957718,98,8.71,243.7,180,271,394,-385,-782,-412,37.4117787,-121.9949642
183046636,2,10,37.4131457,-121.9957790,99,6.87,245.0,180,272,394,-290,-623,-476,37.4117787,-121.9949642
183127039,2,10,37.4131461,-121.9957850,99,5.11,248.5,180,273,396,-113,-498,-477,37.4117787,-121.9949642
183227827,2,10,37.4131458,-121.9957862,99,2.22,248.5,180,274,397,-80,-207,-431,37.4117787,-121.9949642
183328889,2,10,37.4131465,-121.9957836,100,1.20,248.5,180,275,399,10,119,-429,37.4117787,-121.9949642
183429780,2,10,37.4131505,-121.9957749,100,6.63,333.2,180,276,401,280,600,-373,37.4117787,-121.9949642
183530779,2,10,37.4131535,-121.9957595,100,11.73,68.4,180,277,403,430,1091,-439,37.4117787,-121.9949642
183631187,2,10,37.4131573,-121.9957404,101,15.77,71.0,180,278,405,511,1492,-519,37.4117787,-121.9949642
183688988,2,10,37.4131573,-121.9957404,101,15.77,71.0,180,278,405,511,1492,-519,37.4117787,-121.9949642
183731500,2,10,37.4131629,-121.9957211,102,17.40,71.0,180,279,407,564,1646,-524,37.4117787,-121.9949642
183832327,2,9,37.4131712,-121.9957046,101,17.07,69.0,196,281,409,611,1594,-423,37.4117787,-121.9949642
183933764,2,9,37.4131815,-121.9956860,101,18.90,66.3,196,282,412,758,1732,-304,37.4117787,-121.9949642
184033217,2,9,37.4131936,-121.9956694,101,19.09,59.9,196,284,415,955,1652,-280,37.4117787,-121.9949642
184133598,2,9,37.4132110,-121.9956625,100,17.23,45.9,196,285,417,1198,1239,-165,37.4117787,-121.9949642
184233995,2,10,37.4132282,-121.9956534,100,17.86,36.7,180,285,418,1432,1068,-140,37.4117787,-121.9949642
184334668,2,10,37.4132448,-121.9956435,99,18.28,33.5,180,286,419,1524,1009,-91,37.4117787,-121.9949642
184435729,2,10,37.4132604,-121.9956326,98,18.20,35.5,180,286,419,1481,1059,28,37.4117787,-121.9949642
184536240,2,10,37.4132755,-121.9956210,97,18.12,38.7,180,286,419,1413,1134,169,37.4117787,-121.9949642
184636732,2,10,37.4132932,-121.9956106,96,18.96,35.6,180,286,419,1541,1104,317,37.4117787,-121.9949642
184737352,2,10,37.4133075,-121.9955987,96,18.64,35.1,180,287,419,1524,1074,309,37.4117787,-121.9949642
184837921,2,9,37.4133231,-121.9955892,95,18.77,28.9,184,288,420,1642,909,263,37.4117787,-121.9949642
184938132,2,9,37.4133395,-121.9955801,95,19.38,26.0,184,288,421,1741,850,223,37.4117787,-121.9949642
185038650,2,9,37.4133550,-121.9955689,95,19.63,28.7,184,289,421,1721,943,234,37.4117787,-121.9949642
185139587,2,9,37.4133688,-121.9955555,95,19.41,33.8,184,289,422,1612,1079,235,37.4117787,-121.9949642
185240853,2,9,37.4133816,-121.9955423,95,18.64,36.1,184,290,422,1506,1098,219,37.4117787,-121.9949642
185321610,2,9,37.4133939,-121.9955287,94,18.13,38.9,193,290,423,1409,1140,221,37.4117787,-121.9949642
185422312,2,9,37.4134061,-121.9955149,94,17.94,41.4,193,291,425,1344,1188,255,37.4117787,-121.9949642
185522983,2,9,37.4134176,-121.9955014,93,17.26,42.8,193,292,426,1265,1174,293,37.4117787,-121.9949642
185623049,2,9,37.4134263,-121.9954869,93,16.18,48.8,193,293,427,1065,1217,311,37.4117787,-121.9949642
185723594,2,9,37.4134336,-121.9954724,93,15.42,53.8,193,294,429,908,1246,304,37.4117787,-121.9949642
185824657,2,9,37.4134413,-121.9954587,92,14.92,54.2,193,295,430,871,1211,285,37.4117787,-121.9949642
185841940,2,9,37.4134413,-121.9954587,92,14.92,54.2,193,295,430,871,1211,285,37.4117787,-121.9949642
185925238,2,9,37.4134488,-121.9954458,92,14.38,53.6,193,296,431,851,1158,259,37.4117787,-121.9949642
186026426,2,9,37.4134557,-121.9954337,92,13.46,53.4,193,296,432,802,1081,239,37.4117787,-121.9949642
186126654,2,9,37.4134623,-121.9954229,92,12.39,52.4,193,297,433,756,982,214,37.4117787,-121.9949642
186227544,2,9,37.4134688,-121.9954129,92,11.49,52.1,193,298,433,704,907,200,37.4117787,-121.9949642
186328322,2,9,37.4134759,-121.9954040,92,10.87,48.8,193,298,432,715,818,181,37.4117787,-121.9949642
186429087,2,9,37.4134844,-121.9953960,91,10.40,48.3,193,297,431,691,778,211,37.4117787,-121.9949642
186529493,2,8,37.4134919,-121.9953866,90,10.69,57.4,206,297,431,575,901,271,37.4117787,-121.9949642
186630180,2,9,37.4134983,-121.9953748,89,11.70,70.0,193,297,430,398,1100,384,37.4117787,-121.9949642
186731209,2,9,37.4135011,-121.9953601,89,12.65,80.3,193,297,430,212,1247,434,37.4117787,-121.9949642
186831793,2,9,37.4135015,-121.9953431,88,14.10,90.9,193,297,430,-22,1410,481,37.4117787,-121.9949642
186932624,2,10,37.4134990,-121.9953249,88,15.67,103.6,180,296,429,-368,1523,467,37.4117787,-121.9949642
187033794,2,9,37.4134941,-121.9953085,87,16.20,116.5,196,295,429,-724,1449,481,37.4117787,-121.9949642
187133930,2,9,37.4134878,-121.9952935,86,17.15,124.9,196,295,429,-983,1405,558,37.4117787,-121.9949642
187234437,2,10,37.4134783,-121.9952792,86,17.70,135.2,180,294,428,-1257,1246,552,37.4117787,-121.9949642
187334674,2,10,37.4134669,-121.9952667,85,18.25,143.4,180,293,428,-1466,1087,537,37.4117787,-121.9949642
187435861,2,10,37.4134519,-121.9952556,85,19.19,152.1,180,292,428,-1696,896,454,37.4117787,-121.9949642
187536393,2,10,37.4134351,-121.9952472,85,19.97,160.2,180,292,428,-1880,674,389,37.4117787,-121.9949642
187636739,2,10,37.4134190,-121.9952436,85,19.58,169.1,180,291,429,-1923,367,376,37.4117787,-121.9949642
187736890,2,10,37.4134028,-121.9952439,84,19.28,178.2,180,291,429,-1927,60,352,37.4117787,-121.9949642
187837401,2,10,37.4133870,-121.9952473,84,18.21,186.4,180,291,428,-1809,-204,301,37.4117787,-121.9949642
187938200,2,10,37.4133728,-121.9952537,83,16.93,195.5,180,291,428,-1631,-452,273,37.4117787,-121.9949642
187989386,2,10,37.4133728,-121.9952537,83,16.93,195.5,180,291,428,-1631,-452,273,37.4117787,-121.9949642
188019258,2,10,37.4133604,-121.9952641,83,16.19,209.1,180,291,428,-1414,-788,226,37.4117787,-121.9949642
188119816,2,10,37.4133495,-121.9952764,83,15.50,219.8,180,290,428,-1190,-993,154,37.4117787,-121.9949642
188220322,2,10,37.4133398,-121.9952905,83,15.81,228.5,180,290,429,-1046,-1185,79,37.4117787,-121.9949642
188321235,2,10,37.4133301,-121.9953054,83,16.77,231.2,180,290,429,-1049,-1308,54,37.4117787,-121.9949642
188421985,2,10,37.4133201,-121.9953209,83,17.89,230.3,180,290,429,-1141,-1378,61,37.4117787,-121.9949642
188522327,2,10,37.4133094,-121.9953359,83,18.17,228.3,180,289,429,-1206,-1358,70,37.4117787,-121.9949642
188622926,2,10,37.4132988,-121.9953507,82,18.08,227.2,180,289,429,-1228,-1327,103,37.4117787,-121.9949642
188723016,2,10,37.4132878,-121.9953654,82,18.54,226.4,180,288,429,-1277,-1344,128,37.4117787,-121.9949642
188823557,2,10,37.4132772,-121.9953805,82,18.34,227.9,180,288,429,-1228,-1362,136,37.4117787,-121.9949642
188924170,2,10,37.4132683,-121.9953967,82,17.30,235.2,180,287,429,-985,-1422,94,37.4117787,-121.9949642
189024895,2,10,37.4132609,-121.9954138,82,16.40,243.4,180,287,429,-733,-1467,-21,37.4117787,-121.9949642
189125420,2,9,37.4132553,-121.9954319,82,16.78,250.8,193,287,429,-551,-1584,-85,37.4117787,-121.9949642
189226063,2,9,37.4132508,-121.9954510,83,17.30,254.2,193,287,430,-470,-1665,-150,37.4117787,-121.9949642
189326388,2,10,37.4132470,-121.9954707,83,17.83,255.6,180,287,429,-441,-1728,-239,37.4117787,-121.9949642
189427681,2,10,37.4132428,-121.9954896,84,17.74,254.9,180,286,429,-462,-1712,-342,37.4117787,-121.9949642
189528207,2,10,37.4132390,-121.9955081,84,17.73,252.7,180,285,428,-527,-1693,-424,37.4117787,-121.9949642
189628688,2,10,37.4132350,-121.9955268,85,17.80,251.7,180,285,427,-557,-1690,-453,37.4117787,-121.9949642
189729268,2,10,37.4132314,-121.9955459,85,17.76,251.1,180,283,425,-574,-1681,-451,37.4117787,-121.9949642
189830004,2,9,37.4132278,-121.9955653,85,17.73,250.1,192,282,424,-603,-1667,-447,37.4117787,-121.9949642
189930226,2,10,37.4132238,-121.9955843,86,17.65,249.3,180,281,422,-623,-1652,-448,37.4117787,-121.9949642
190030781,2,10,37.4132198,-121.9956032,86,17.62,248.2,180,280,420,-652,-1636,-439,37.4117787,-121.9949642
190131159,2,10,37.4132156,-121.9956219,86,17.48,247.3,180,278,418,-672,-1613,-425,37.4117787,-121.9949642
190136872,2,10,37.4132156,-121.9956219,86,17.48,247.3,180,278,418,-672,-1613,-425,37.4117787,-121.9949642
190231718,2,10,37.4132111,-121.9956397,86,17.25,246.4,180,277,416,-689,-1581,-454,37.4117787,-121.9949642
190332868,2,10,37.4132059,-121.9956564,87,16.70,242.8,180,275,415,-761,-1487,-508,37.4117787,-121.9949642
190433528,2,10,37.4132000,-121.9956723,87,16.41,240.8,180,274,413,-800,-1432,-562,37.4117787,-121.9949642
190534125,2,10,37.4131934,-121.9956873,88,15.97,238.1,180,273,412,-842,-1356,-591,37.4117787,-121.9949642
190634751,2,10,37.4131865,-121.9957019,89,15.91,235.9,180,271,411,-891,-1318,-613,37.4117787,-121.9949642
190735112,2,10,37.4131795,-121.9957162,89,15.75,234.3,180,270,409,-918,-1279,-618,37.4117787,-121.9949642
190835500,2,10,37.4131722,-121.9957305,90,15.76,233.3,180,269,408,-941,-1264,-625,37.4117787,-121.9949642
190936809,2,10,37.4131646,-121.9957445,90,15.81,232.0,180,268,406,-972,-1247,-611,37.4117787,-121.9949642
191017172,2,10,37.4131568,-121.9957582,91,15.58,230.8,180,267,405,-984,-1209,-602,37.4117787,-121.9949642
191118134,2,10,37.4131480,-121.9957707,91,15.23,226.4,180,266,404,-1048,-1104,-683,37.4117787,-121.9949642
191218549,2,10,37.4131388,-121.9957819,92,14.79,222.3,180,265,403,-1093,-997,-790,37.4117787,-121.9949642
191319162,2,10,37.4131294,-121.9957928,93,14.75,221.6,180,265,402,-1102,-980,-828,37.4117787,-121.9949642
191419356,2,10,37.4131203,-121.9958031,94,14.39,218.7,180,264,402,-1122,-900,-800,37.4117787,-121.9949642
191520640,2,10,37.4131112,-121.9958129,95,14.21,217.0,180,264,401,-1134,-857,-759,37.4117787,-121.9949642
191620803,2,10,37.4131017,-121.9958221,95,14.06,215.2,180,263,401,-1147,-812,-746,37.4117787,-121.9949642
191721185,2,10,37.4130925,-121.9958308,96,13.44,213.5,180,263,400,-1120,-742,-750,37.4117787,-121.9949642
191821920,2,11,37.4130832,-121.9958385,97,12.83,211.4,171,263,400,-1095,-669,-766,37.4117787,-121.9949642
191922706,2,11,37.4130743,-121.9958457,97,12.19,210.5,171,262,399,-1050,-619,-779,37.4117787,-121.9949642
192023281,2,11,37.4130655,-121.9958524,98,11.70,209.8,171,262,399,-1015,-582,-820,37.4117787,-121.9949642
192123827,2,11,37.4130571,-121.9958579,99,10.70,206.2,171,262,398,-959,-473,-874,37.4117787,-121.9949642
192223853,2,11,37.4130495,-121.9958625,100,9.61,203.9,171,261,398,-879,-389,-911,37.4117787,-121.9949642
192297033,2,11,37.4130495,-121.9958625,100,9.61,203.9,171,261,398,-879,-389,-911,37.4117787,-121.9949642
192324457,2,11,37.4130420,-121.9958661,101,9.07,201.2,171,261,398,-845,-328,-948,37.4117787,-121.9949642
192425163,2,11,37.4130352,-121.9958692,102,8.54,197.4,171,261,398,-814,-256,-949,37.4117787,-121.9949642
192525933,2,11,37.4130282,-121.9958718,103,8.49,195.2,171,261,398,-819,-223,-955,37.4117787,-121.9949642
192626484,2,11,37.4130215,-121.9958738,104,7.91,192.3,171,261,398,-773,-169,-953,37.4117787,-121.9949642
192727179,2,11,37.4130155,-121.9958752,105,7.22,189.9,171,261,398,-711,-124,-944,37.4117787,-121.9949642
192827358,2,11,37.4130097,-121.9958759,106,6.78,185.8,171,261,398,-675,-69,-947,37.4117787,-121.9949642
192927863,2,11,37.4130036,-121.9958761,107,6.79,185.2,171,261,398,-676,-61,-987,37.4117787,-121.9949642
193028435,2,11,37.4129976,-121.9958756,108,6.49,180.6,171,261,399,-649,-7,-1005,37.4117787,-121.9949642
193129203,2,11,37.4129917,-121.9958748,109,6.43,178.8,171,261,399,-643,13,-1041,37.4117787,-121.9949642
193229490,2,10,37.4129863,-121.9958738,110,6.56,171.0,177,261,399,-648,101,-1022,37.4117787,-121.9949642
193330249,2,10,37.4129813,-121.9958719,111,6.42,164.2,177,261,400,-618,174,-992,37.4117787,-121.9949642
193430420,2,10,37.4129765,-121.9958696,112,6.13,160.4,177,261,401,-578,205,-983,37.4117787,-121.9949642
193510636,2,9,37.4129727,-121.9958667,113,5.56,151.8,189,261,401,-490,262,-926,37.4117787,-121.9949642
193611642,2,9,37.4129693,-121.9958632,114,5.36,144.8,189,261,402,-438,308,-879,37.4117787,-121.9949642
193712302,2,9,37.4129666,-121.9958595,114,4.95,139.2,189,261,402,-375,323,-823,37.4117787,-121.9949642
193812943,2,9,37.4129648,-121.9958557,115,4.52,130.4,189,262,402,-293,344,-748,37.4117787,-121.9949642
193913901,2,9,37.4129632,-121.9958516,115,4.45,125.4,189,262,403,-258,362,-690,37.4117787,-121.9949642
194014664,2,9,37.4129604,-121.9958467,116,5.02,127.8,189,263,403,-308,397,-688,37.4117787,-121.9949642
194115550,2,9,37.4129574,-121.9958414,117,5.38,127.3,189,264,404,-326,427,-676,37.4117787,-121.9949642
194216015,2,9,37.4129543,-121.9958358,117,5.66,126.2,189,265,405,-335,456,-666,37.4117787,-121.9949642
194317279,2,9,37.4129503,-121.9958297,118,5.97,127.7,189,266,405,-366,472,-688,37.4117787,-121.9949642
194417170,2,9,37.4129470,-121.9958241,119,5.79,127.9,189,267,407,-355,456,-658,37.4117787,-121.9949642
194459922,2,9,37.4129470,-121.9958241,119,5.79,127.9,189,267,407,-355,456,-658,37.4117787,-121.9949642
194517661,2,9,37.4129441,-121.9958181,120,5.77,122.5,189,269,409,-310,486,-652,37.4117787,-121.9949642
194618443,2,9,37.4129432,-121.9958126,120,5.42,114.1,189,270,410,-222,494,-602,37.4117787,-121.9949642
194719840,2,9,37.4129425,-121.9958067,121,5.13,110.9,189,271,412,-155,489,-533,37.4117787,-121.9949642
194820992,2,9,37.4129422,-121.9958016,121,4.69,107.6,189,272,413,-112,455,-454,37.4117787,-121.9949642
194921396,2,9,37.4129434,-121.9957979,121,3.80,105.6,189,273,415,-83,370,-346,37.4117787,-121.9949642
195021692,2,10,37.4129445,-121.9957955,121,2.94,110.3,178,275,416,-133,262,-207,37.4117787,-121.9949642
195122232,2,11,37.4129468,-121.9957962,120,1.46,122.9,171,275,418,-134,57,-16,37.4117787,-121.9949642
195222322,2,11,37.4129475,-121.9957989,119,2.47,193.6,171,276,420,-172,-177,107,37.4117787,-121.9949642
195323356,2,11,37.4129484,-121.9958029,119,3.51,224.6,171,276,422,-179,-302,220,37.4117787,-121.9949642
195423674,2,11,37.4129493,-121.9958080,118,4.38,236.7,171,276,423,-191,-394,353,37.4117787,-121.9949642
195524447,2,11,37.4129506,-121.9958135,117,4.91,243.6,171,276,423,-179,-457,511,37.4117787,-121.9949642
195625204,2,11,37.4129522,-121.9958194,115,5.35,252.9,171,276,424,-157,-512,660,37.4117787,-121.9949642
195725622,2,11,37.4129541,-121.9958252,114,5.48,258.5,171,276,424,-108,-537,789,37.4117787,-121.9949642
195826614,2,11,37.4129565,-121.9958316,113,5.99,264.2,171,276,425,-59,-596,926,37.4117787,-121.9949642
195927540,2,11,37.4129596,-121.9958392,111,7.37,268.5,171,276,425,-18,-737,1017,37.4117787,-121.9949642
196028277,2,11,37.4129625,-121.9958485,109,9.27,269.9,171,276,425,0,-927,1038,37.4117787,-121.9949642
196129227,2,11,37.4129637,-121.9958605,108,11.55,269.9,171,276,426,0,-1155,1010,37.4117787,-121.9949642
196229829,2,11,37.4129648,-121.9958741,107,12.99,268.9,171,276,427,-23,-1299,985,37.4117787,-121.9949642
196330157,2,11,37.4129652,-121.9958888,106,13.52,269.0,171,275,427,-22,-1352,966,37.4117787,-121.9949642
196431532,2,11,37.4129652,-121.9959047,105,14.16,268.7,171,275,427,-30,-1416,936,37.4117787,-121.9949642
196532220,2,11,37.4129626,-121.9959217,105,14.67,265.2,171,275,427,-121,-1462,833,37.4117787,-121.9949642
196621954,2,11,37.4129626,-121.9959217,105,14.67,265.2,171,275,427,-121,-1462,833,37.4117787,-121.9949642
196632993,2,11,37.4129594,-121.9959390,105,14.98,262.3,171,274,427,-198,-1485,739,37.4117787,-121.9949642
196713605,2,11,37.4129561,-121.9959562,104,15.21,259.6,171,274,426,-272,-1496,677,37.4117787,-121.9949642
196814273,2,11,37.4129532,-121.9959733,104,15.28,258.3,171,273,426,-309,-1497,641,37.4117787,-121.9949642
196915131,2,11,37.4129501,-121.9959902,103,15.19,256.9,171,273,425,-343,-1480,588,37.4117787,-121.9949642
197015344,2,11,37.4129467,-121.9960077,103,15.65,256.8,171,272,425,-357,-1523,516,37.4117787,-121.9949642
197116360,2,11,37.4129431,-121.9960252,103,15.70,257.4,171,272,424,-340,-1533,425,37.4117787,-121.9949642
197217006,2,11,37.4129402,-121.9960429,103,15.69,259.8,171,271,423,-276,-1545,328,37.4117787,-121.9949642
197317332,2,11,37.4129377,-121.9960605,103,15.38,262.0,171,271,423,-212,-1524,199,37.4117787,-121.9949642
197417960,2,11,37.4129356,-121.9960775,103,14.96,263.8,171,270,422,-159,-1488,73,37.4117787,-121.9949642
197519046,2,11,37.4129341,-121.9960940,104,14.57,265.9,171,270,421,-102,-1454,-33,37.4117787,-121.9949642
197619431,2,11,37.4129334,-121.9961100,104,14.02,267.6,171,269,421,-58,-1401,-114,37.4117787,-121.9949642
197719814,2,11,37.4129333,-121.9961256,104,13.72,269.5,171,269,420,-11,-1372,-174,37.4117787,-121.9949642
197820794,2,11,37.4129337,-121.9961409,105,13.31,271.5,171,268,419,37,-1330,-214,37.4117787,-121.9949642
197922582,2,11,37.4129345,-121.9961557,105,13.07,272.4,171,267,417,55,-1306,-256,37.4117787,-121.9949642
198024183,2,11,37.4129360,-121.9961703,105,12.67,276.0,171,266,415,133,-1260,-258,37.4117787,-121.9949642
198125261,2,11,37.4129382,-121.9961845,105,12.31,279.0,171,265,413,194,-1216,-224,37.4117787,-121.9949642
198225743,2,11,37.4129411,-121.9961979,105,11.90,283.5,171,264,411,278,-1157,-208,37.4117787,-121.9949642
198326150,2,11,37.4129448,-121.9962102,105,11.34,289.8,171,263,409,384,-1067,-216,37.4117787,-121.9949642
198426738,2,11,37.4129502,-121.9962214,105,10.82,299.6,171,262,408,534,-940,-203,37.4117787,-121.9949642
198527173,2,11,37.4129572,-121.9962309,105,10.78,312.3,171,262,406,727,-797,-179,37.4117787,-121.9949642
198628668,2,11,37.4129649,-121.9962391,105,10.63,319.4,171,261,403,808,-692,-136,37.4117787,-121.9949642
198729400,2,11,37.4129736,-121.9962459,105,10.53,326.9,171,260,401,883,-574,-94,37.4117787,-121.9949642
198782028,2,11,37.4129736,-121.9962459,105,10.53,326.9,171,260,401,883,-574,-94,37.4117787,-121.9949642
198830045,2,11,37.4129831,-121.9962514,104,10.64,334.0,171,259,399,956,-465,-46,37.4117787,-121.9949642
198910626,2,11,37.4129932,-121.9962559,104,10.49,341.5,171,258,397,995,-331,32,37.4117787,-121.9949642
199011658,2,11,37.4130039,-121.9962591,104,11.01,349.4,171,258,395,1082,-202,109,37.4117787,-121.9949642
199112769,2,11,37.4130150,-121.9962603,103,11.38,356.2,171,257,394,1136,-74,157,37.4117787,-121.9949642
199212835,2,11,37.4130264,-121.9962606,103,11.61,2.0,171,257,393,1160,41,224,37.4117787,-121.9949642
199312984,2,11,37.4130378,-121.9962594,102,11.60,8.0,171,256,392,1149,162,297,37.4117787,-121.9949642
199413420,2,11,37.4130485,-121.9962563,102,11.42,13.6,171,256,391,1109,270,318,37.4117787,-121.9949642
199514385,2,11,37.4130587,-121.9962512,102,11.63,21.5,171,255,389,1082,427,319,37.4117787,-121.9949642
199614944,2,11,37.4130682,-121.9962439,101,11.97,29.9,171,254,388,1037,598,305,37.4117787,-121.9949642
199715378,2,11,37.4130769,-121.9962346,101,12.26,36.8,171,254,388,981,734,287,37.4117787,-121.9949642
199815917,2,11,37.4130861,-121.9962246,101,12.93,43.9,171,253,387,931,897,368,37.4117787,-121.9949642
199916345,2,11,37.4130954,-121.9962146,100,13.15,45.9,171,252,387,914,945,469,37.4117787,-121.9949642
200017059,2,11,37.4131044,-121.9962042,99,13.02,46.7,171,252,386,892,948,558,37.4117787,-121.9949642
200117213,2,11,37.4131133,-121.9961944,98,12.83,45.2,171,251,385,903,911,667,37.4117787,-121.9949642
200217812,2,11,37.4131224,-121.9961848,97,12.58,44.5,171,250,384,896,883,775,37.4117787,-121.9949642
200318220,2,11,37.4131313,-121.9961751,96,12.77,45.4,171,250,384,895,911,872,37.4117787,-121.9949642
200418924,2,11,37.4131395,-121.9961638,95,13.35,50.0,171,249,383,858,1023,906,37.4117787,-121.9949642
200520037,2,11,37.4131480,-121.9961518,94,14.28,53.0,171,249,383,857,1141,938,37.4117787,-121.9949642
200621343,2,11,37.4131569,-121.9961396,92,14.61,54.4,171,248,382,848,1189,978,37.4117787,-121.9949642
200721981,2,11,37.4131647,-121.9961243,91,16.09,57.5,171,247,381,864,1358,923,37.4117787,-121.9949642
200822451,2,11,37.4131724,-121.9961071,91,17.30,59.3,171,247,380,881,1489,835,37.4117787,-121.9949642
200922807,2,11,37.4131802,-121.9960890,90,17.74,61.0,171,246,378,859,1552,779,37.4117787,-121.9949642
200945865,2,11,37.4131802,-121.9960890,90,17.74,61.0,171,246,378,859,1552,779,37.4117787,-121.9949642
201023299,2,11,37.4131876,-121.9960701,89,18.13,62.5,171,245,377,837,1608,692,37.4117787,-121.9949642
201124234,2,11,37.4131943,-121.9960499,89,18.60,64.7,171,244,376,794,1682,551,37.4117787,-121.9949642
201226067,2,11,37.4132005,-121.9960292,89,18.61,67.0,171,243,375,726,1713,434,37.4117787,-121.9949642
201327580,2,11,37.4132059,-121.9960080,89,18.79,70.1,171,242,374,638,1768,303,37.4117787,-121.9949642
201428381,2,11,37.4132105,-121.9959867,89,18.58,73.4,171,241,372,529,1781,177,37.4117787,-121.9949642
201508077,2,11,37.4132144,-121.9959655,89,18.44,76.4,171,240,372,432,1792,70,37.4117787,-121.9949642
201628141,2,11,37.4132173,-121.9959443,89,18.11,79.5,171,240,371,328,1781,-26,37.4117787,-121.9949642
201708840,2,11,37.4132196,-121.9959234,89,18.03,81.1,171,239,370,277,1781,-48,37.4117787,-121.9949642
201809822,2,11,37.4132223,-121.9959029,89,17.79,80.6,171,238,369,289,1756,11,37.4117787,-121.9949642
201910535,2,11,37.4132252,-121.9958829,89,17.48,80.7,171,237,368,279,1725,98,37.4117787,-121.9949642
202010743,2,11,37.4132282,-121.9958630,89,17.51,81.5,171,236,368,256,1732,155,37.4117787,-121.9949642
202111188,2,11,37.4132309,-121.9958432,89,17.35,82.2,171,235,367,233,1719,213,37.4117787,-121.9949642
202211442,2,11,37.4132333,-121.9958233,88,17.56,82.8,171,235,366,218,1743,236,37.4117787,-121.9949642
202312560,2,11,37.4132355,-121.9958033,88,17.68,83.5,171,234,365,197,1757,218,37.4117787,-121.9949642
202413716,2,11,37.4132370,-121.9957830,88,17.78,85.4,171,233,364,139,1772,169,37.4117787,-121.9949642
202514875,2,11,37.4132377,-121.9957628,88,17.67,87.1,171,232,363,89,1765,88,37.4117787,-121.9949642
202615294,2,11,37.4132374,-121.9957427,88,17.08,89.2,171,232,362,21,1708,-38,37.4117787,-121.9949642
202716510,2,11,37.4132367,-121.9957232,89,16.80,92.0,171,231,362,-59,1679,-139,37.4117787,-121.9949642
202817590,2,11,37.4132355,-121.9957042,89,16.34,94.0,171,230,361,-116,1630,-215,37.4117787,-121.9949642
202918816,2,11,37.4132337,-121.9956856,89,16.06,96.1,171,229,360,-171,1597,-274,37.4117787,-121.9949642
203019607,2,11,37.4132315,-121.9956674,90,15.85,97.9,171,229,359,-218,1570,-305,37.4117787,-121.9949642
203100694,2,11,37.4132315,-121.9956674,90,15.85,97.9,171,229,359,-218,1570,-305,37.4117787,-121.9949642
203119983,2,11,37.4132292,-121.9956494,90,15.74,99.2,171,228,359,-253,1553,-305,37.4117787,-121.9949642
203220602,2,11,37.4132267,-121.9956315,91,15.70,100.2,171,228,358,-279,1545,-289,37.4117787,-121.9949642
203321366,2,11,37.4132241,-121.9956136,91,15.77,101.3,171,227,357,-311,1546,-269,37.4117787,-121.9949642
203421883,2,11,37.4132212,-121.9955956,91,15.85,102.6,171,226,357,-347,1546,-234,37.4117787,-121.9949642
203523545,2,11,37.4132183,-121.9955777,91,15.91,102.9,171,226,356,-356,1551,-169,37.4117787,-121.9949642
203603921,2,11,37.4132149,-121.9955597,91,15.99,104.5,171,225,356,-401,1548,-140,37.4117787,-121.9949642
203724455,2,11,37.4132113,-121.9955418,91,15.95,105.5,171,225,355,-426,1537,-103,37.4117787,-121.9949642
203804940,2,11,37.4132073,-121.9955241,92,16.01,108.0,171,224,354,-495,1523,-97,37.4117787,-121.9949642
203905769,2,11,37.4132023,-121.9955068,92,16.21,112.4,171,223,353,-619,1498,-95,37.4117787,-121.9949642
204005961,2,11,37.4131963,-121.9954901,92,16.08,116.0,171,223,353,-707,1445,-97,37.4117787,-121.9949642
204106250,2,11,37.4131890,-121.9954744,92,15.92,122.5,171,222,352,-857,1341,-115,37.4117787,-121.9949642
204206895,2,11,37.4131808,-121.9954600,92,15.70,128.1,171,222,351,-970,1234,-129,37.4117787,-121.9949642
204307329,2,11,37.4131715,-121.9954466,92,15.73,133.7,171,221,351,-1088,1135,-134,37.4117787,-121.9949642
204408055,2,11,37.4131614,-121.9954345,92,15.51,138.4,171,221,350,-1161,1029,-139,37.4117787,-121.9949642
204508771,2,11,37.4131507,-121.9954236,92,15.31,143.0,171,220,350,-1223,921,-114,37.4117787,-121.9949642
204609488,2,11,37.4131391,-121.9954145,93,15.12,149.5,171,220,350,-1304,766,-130,37.4117787,-121.9949642
204709968,2,11,37.4131272,-121.9954071,93,14.94,154.9,171,220,350,-1353,633,-132,37.4117787,-121.9949642
204811322,2,11,37.4131151,-121.9954008,93,14.67,158.5,171,220,350,-1366,537,-121,37.4117787,-121.9949642
204911335,2,11,37.4131026,-121.9953962,93,14.45,164.3,171,219,350,-1392,389,-131,37.4117787,-121.9949642
205011372,2,11,37.4130901,-121.9953927,93,14.21,168.3,171,219,350,-1391,285,-139,37.4117787,-121.9949642
205111569,2,11,37.4130779,-121.9953896,93,14.05,169.9,171,219,350,-1384,244,-97,37.4117787,-121.9949642
205212647,2,11,37.4130655,-121.9953878,93,13.79,174.7,171,219,350,-1373,126,-75,37.4117787,-121.9949642
205256048,2,11,37.4130655,-121.9953878,93,13.79,174.7,171,219,350,-1373,126,-75,37.4117787,-121.9949642
205313271,2,11,37.4130530,-121.9953876,93,13.77,179.7,171,219,350,-1377,5,-84,37.4117787,-121.9949642
205413809,2,11,37.4130410,-121.9953881,93,13.48,183.0,171,218,350,-1346,-70,-77,37.4117787,-121.9949642
205514898,2,11,37.4130286,-121.9953899,93,13.63,186.6,171,218,351,-1354,-157,-83,37.4117787,-121.9949642
205615298,2,11,37.4130165,-121.9953918,94,13.66,187.4,171,218,351,-1354,-178,-51,37.4117787,-121.9949642
205715524,2,11,37.4130044,-121.9953940,94,13.70,188.6,171,218,351,-1354,-207,-33,37.4117787,-121.9949642
205816377,2,11,37.4129921,-121.9953967,94,13.85,190.0,171,218,351,-1363,-241,-15,37.4117787,-121.9949642
205916653,2,11,37.4129800,-121.9953998,94,13.83,191.1,171,217,351,-1357,-267,-21,37.4117787,-121.9949642
206017371,2,11,37.4129678,-121.9954033,94,13.89,192.4,171,217,351,-1356,-298,-58,37.4117787,-121.9949642
206117908,2,11,37.4129556,-121.9954067,94,13.99,192.3,171,217,351,-1367,-299,-61,37.4117787,-121.9949642
206219003,2,11,37.4129433,-121.9954103,94,14.16,192.5,171,216,351,-1382,-307,-58,37.4117787,-121.9949642
206320586,2,11,37.4129310,-121.9954139,94,14.21,192.9,171,216,350,-1384,-319,-64,37.4117787,-121.9949642
206421215,2,11,37.4129186,-121.9954177,94,14.24,193.2,171,215,350,-1386,-326,-87,37.4117787,-121.9949642
206521934,2,11,37.4129065,-121.9954216,94,14.29,193.9,171,215,349,-1387,-344,-83,37.4117787,-121.9949642
206603497,2,11,37.4128942,-121.9954257,94,14.33,194.4,171,214,349,-1388,-358,-100,37.4117787,-121.9949642
206703956,2,11,37.4128821,-121.9954299,94,14.34,194.6,171,214,348,-1387,-362,-104,37.4117787,-121.9949642
206804798,2,11,37.4128699,-121.9954342,94,14.43,195.3,171,213,348,-1392,-382,-96,37.4117787,-121.9949642
206905076,2,11,37.4128579,-121.9954386,94,14.41,196.1,171,213,347,-1384,-400,-91,37.4117787,-121.9949642
207005841,2,11,37.4128457,-121.9954433,94,14.46,197.1,171,212,346,-1382,-427,-107,37.4117787,-121.9949642
207106496,2,11,37.4128338,-121.9954483,94,14.37,198.2,171,212,345,-1365,-449,-120,37.4117787,-121.9949642
207206994,2,11,37.4128219,-121.9954537,94,14.31,199.6,171,211,345,-1347,-480,-131,37.4117787,-121.9949642
207308292,2,11,37.4128101,-121.9954593,94,14.32,201.2,171,211,345,-1335,-518,-123,37.4117787,-121.9949642
207395987,2,11,37.4128101,-121.9954593,94,14.32,201.2,171,211,345,-1335,-518,-123,37.4117787,-121.9949642
207408556,2,11,37.4127981,-121.9954652,95,14.41,202.2,171,211,344,-1334,-545,-107,37.4117787,-121.9949642
207509604,2,11,37.4127861,-121.9954713,95,14.62,202.5,171,211,344,-1350,-561,-77,37.4117787,-121.9949642
207609564,2,11,37.4127745,-121.9954778,95,14.19,203.8,171,210,344,-1298,-574,-162,37.4117787,-121.9949642
207710996,2,11,37.4127633,-121.9954850,95,14.23,206.7,171,210,343,-1270,-640,-254,37.4117787,-121.9949642
207811719,2,11,37.4127520,-121.9954923,95,14.62,208.4,171,210,343,-1285,-696,-50,37.4117787,-121.9949642
207912164,2,11,37.4127420,-121.9955005,95,13.93,212.2,171,210,343,-1178,-742,180,37.4117787,-121.9949642
208012794,2,11,37.4127323,-121.9955080,94,13.14,209.6,171,209,343,-1142,-649,325,37.4117787,-121.9949642
208113767,2,11,37.4127225,-121.9955142,94,12.09,207.3,171,209,342,-1074,-556,426,37.4117787,-121.9949642
208214384,2,11,37.4127136,-121.9955198,93,10.99,208.3,171,209,342,-966,-522,576,37.4117787,-121.9949642
208315138,2,11,37.4127056,-121.9955259,92,10.55,211.5,171,209,342,-899,-552,658,37.4117787,-121.9949642
208415754,2,11,37.4126983,-121.9955321,91,10.06,212.8,171,208,342,-845,-545,710,37.4117787,-121.9949642
208516386,2,11,37.4126913,-121.9955386,91,9.93,215.3,171,208,341,-809,-575,740,37.4117787,-121.9949642
208616955,2,11,37.4126842,-121.9955458,90,10.32,218.7,171,208,340,-805,-647,793,37.4117787,-121.9949642
208718383,2,11,37.4126774,-121.9955534,89,10.60,219.0,171,208,340,-823,-668,903,37.4117787,-121.9949642
208799162,2,11,37.4126726,-121.9955603,86,8.76,211.7,171,208,339,-745,-461,1118,37.4117787,-121.9949642
208899606,2,11,37.4126661,-121.9955600,85,6.42,171.9,171,208,339,-636,89,1358,37.4117787,-121.9949642
209000667,2,11,37.4126600,-121.9955557,83,7.26,150.0,171,209,338,-629,362,1502,37.4117787,-121.9949642
209101212,2,11,37.4126542,-121.9955483,82,8.99,131.6,171,209,338,-597,671,1518,37.4117787,-121.9949642
209201546,2,11,37.4126493,-121.9955362,80,12.88,114.2,171,209,338,-528,1174,1368,37.4117787,-121.9949642
209301673,2,11,37.4126446,-121.9955198,79,15.85,109.6,171,209,339,-532,1493,1305,37.4117787,-121.9949642
209402302,2,11,37.4126399,-121.9955000,78,19.15,106.3,171,209,339,-540,1837,1116,37.4117787,-121.9949642
209502456,2,11,37.4126350,-121.9954776,77,20.90,104.5,171,209,339,-523,2023,869,37.4117787,-121.9949642
209542855,2,11,37.4126350,-121.9954776,77,20.90,104.5,171,209,339,-523,2023,869,37.4117787,-121.9949642
209602888,2,11,37.4126298,-121.9954537,77,21.27,104.2,171,210,339,-524,2061,707,37.4117787,-121.9949642
209703534,2,11,37.4126242,-121.9954302,77,20.79,105.4,171,210,339,-552,2004,439,37.4117787,-121.9949642
209804249,2,11,37.4126178,-121.9954070,78,20.27,106.8,171,210,339,-586,1940,216,37.4117787,-121.9949642
209904698,2,11,37.4126108,-121.9953838,78,20.41,109.5,171,210,339,-683,1923,162,37.4117787,-121.9949642
210005978,2,11,37.4126033,-121.9953595,78,22.21,111.2,171,210,338,-805,2069,162,37.4117787,-121.9949642
210106547,2,11,37.4125957,-121.9953350,78,22.85,111.5,171,210,338,-839,2125,128,37.4117787,-121.9949642
210206647,2,11,37.4125888,-121.9953110,78,22.39,109.6,171,211,339,-751,2109,26,37.4117787,-121.9949642
210307341,2,11,37.4125824,-121.9952886,78,20.80,109.2,171,212,339,-686,1964,-139,37.4117787,-121.9949642
210407985,2,11,37.4125754,-121.9952664,79,20.37,110.9,171,212,340,-729,1902,-241,37.4117787,-121.9949642
210508438,2,11,37.4125679,-121.9952441,80,20.63,111.4,171,213,340,-755,1919,-335,37.4117787,-121.9949642
210609076,2,11,37.4125614,-121.9952222,80,20.25,109.4,171,213,340,-674,1909,-472,37.4117787,-121.9949642
210709287,2,11,37.4125556,-121.9952004,81,19.84,106.6,171,214,341,-567,1901,-585,37.4117787,-121.9949642
210810057,2,11,37.4125518,-121.9951794,83,18.85,100.1,171,214,341,-332,1855,-735,37.4117787,-121.9949642
210910999,2,11,37.4125509,-121.9951597,84,17.66,92.8,171,214,341,-87,1764,-806,37.4117787,-121.9949642
211011617,2,11,37.4125538,-121.9951416,85,16.75,79.9,171,215,342,292,1649,-907,37.4117787,-121.9949642
211112182,2,11,37.4125570,-121.9951244,86,15.79,73.7,171,215,342,441,1516,-1043,37.4117787,-121.9949642
211212931,2,11,37.4125603,-121.9951072,88,15.79,73.2,171,216,343,455,1512,-1155,37.4117787,-121.9949642
211313292,2,11,37.4125653,-121.9950907,89,15.66,69.4,171,216,344,549,1466,-1168,37.4117787,-121.9949642
211413677,2,11,37.4125708,-121.9950747,90,15.19,67.9,171,217,344,571,1407,-1110,37.4117787,-121.9949642
211514003,2,11,37.4125767,-121.9950615,91,13.02,63.2,171,218,346,586,1163,-1002,37.4117787,-121.9949642
211614757,2,11,37.4125839,-121.9950501,91,12.39,55.7,171,219,347,697,1024,-923,37.4117787,-121.9949642
211687973,2,11,37.4125839,-121.9950501,91,12.39,55.7,171,219,347,697,1024,-923,37.4117787,-121.9949642
211715475,2,11,37.4125927,-121.9950398,92,12.80,46.9,171,220,348,873,936,-868,37.4117787,-121.9949642
211815909,2,11,37.4126033,-121.9950292,93,13.94,42.0,171,221,350,1036,933,-814,37.4117787,-121.9949642
211895932,2,11,37.4126165,-121.9950199,93,14.63,33.6,171,222,351,1217,811,-693,37.4117787,-121.9949642
211996457,2,11,37.4126309,-121.9950121,93,15.06,25.5,171,223,352,1358,649,-543,37.4117787,-121.9949642
212096834,2,11,37.4126467,-121.9950076,92,14.79,12.1,171,223,353,1446,312,-271,37.4117787,-121.9949642
212217658,2,11,37.4126608,-121.9950057,92,15.00,6.5,171,224,355,1490,170,-159,37.4117787,-121.9949642
212297802,2,11,37.4126736,-121.9950012,92,14.48,13.2,171,225,356,1410,331,-122,37.4117787,-121.9949642
212398760,2,11,37.4126876,-121.9949935,91,14.94,20.7,171,225,357,1397,530,4,37.4117787,-121.9949642
212499199,2,11,37.4127026,-121.9949867,90,15.69,19.0,171,226,357,1483,512,152,37.4117787,-121.9949642
212600157,2,11,37.4127170,-121.9949799,90,15.93,20.2,171,226,358,1494,552,262,37.4117787,-121.9949642
212700713,2,11,37.4127300,-121.9949707,89,15.76,29.0,171,226,359,1378,764,348,37.4117787,-121.9949642
212801276,2,11,37.4127426,-121.9949626,89,15.62,27.0,171,226,359,1391,710,347,37.4117787,-121.9949642
212902264,2,11,37.4127560,-121.9949572,88,15.12,18.5,171,226,360,1434,481,375,37.4117787,-121.9949642
213003055,2,11,37.4127712,-121.9949536,87,15.98,12.0,171,227,360,1563,334,461,37.4117787,-121.9949642
213103631,2,11,37.4127850,-121.9949494,86,15.20,13.8,171,227,360,1475,363,552,37.4117787,-121.9949642
213203999,2,11,37.4127983,-121.9949456,86,14.90,13.4,171,227,360,1449,345,576,37.4117787,-121.9949642
213304783,2,11,37.4128113,-121.9949441,85,14.41,6.3,171,227,360,1432,158,496,37.4117787,-121.9949642
213405544,2,11,37.4128239,-121.9949452,86,14.22,357.3,171,227,360,1421,-65,313,37.4117787,-121.9949642
213505943,2,11,37.4128375,-121.9949482,86,15.17,351.3,171,227,359,1500,-227,125,37.4117787,-121.9949642
213606793,2,11,37.4128519,-121.9949527,87,15.98,346.7,171,227,359,1555,-366,-4,37.4117787,-121.9949642
213707825,2,11,37.4128658,-121.9949570,87,15.99,346.4,171,227,358,1554,-375,-59,37.4117787,-121.9949642
213808260,2,11,37.4128798,-121.9949614,87,15.94,346.0,171,226,357,1548,-383,-77,37.4117787,-121.9949642
213836018,2,11,37.4128798,-121.9949614,87,15.94,346.0,171,226,357,1548,-383,-77,37.4117787,-121.9949642
213908694,2,11,37.4128922,-121.9949663,88,14.52,340.3,171,226,356,1368,-489,-200,37.4117787,-121.9949642
214010116,2,11,37.4129016,-121.9949723,89,12.21,329.9,171,226,356,1056,-611,-374,37.4117787,-121.9949642
214111256,2,11,37.4129104,-121.9949813,89,12.56,319.3,171,226,356,952,-819,-500,37.4117787,-121.9949642
214212079,2,11,37.4129206,-121.9949915,90,13.90,322.1,171,226,355,1097,-853,-494,37.4117787,-121.9949642
214312500,2,11,37.4129313,-121.9950005,90,13.88,327.2,171,225,355,1168,-750,-481,37.4117787,-121.9949642
214413189,2,11,37.4129407,-121.9950093,91,12.94,322.5,171,225,354,1028,-787,-551,37.4117787,-121.9949642
214493788,2,11,37.4129497,-121.9950201,92,13.10,314.8,171,225,354,923,-929,-548,37.4117787,-121.9949642
214594465,2,11,37.4129588,-121.9950323,92,13.82,311.0,171,225,354,907,-1043,-490,37.4117787,-121.9949642
214694760,2,11,37.4129655,-121.9950453,93,13.45,300.7,171,225,354,687,-1156,-497,37.4117787,-121.9949642
214795539,2,11,37.4129692,-121.9950599,93,13.52,283.7,171,225,354,320,-1313,-493,37.4117787,-121.9949642
214895988,2,11,37.4129688,-121.9950749,94,13.62,265.0,171,225,354,-117,-1357,-494,37.4117787,-121.9949642
214996529,2,11,37.4129684,-121.9950917,94,14.61,265.0,171,224,354,-126,-1455,-415,37.4117787,-121.9949642
215096847,2,11,37.4129699,-121.9951080,94,13.87,275.1,171,224,355,125,-1381,-299,37.4117787,-121.9949642
215197603,2,11,37.4129720,-121.9951239,94,13.68,276.1,171,224,355,146,-1360,-204,37.4117787,-121.9949642
215298984,2,11,37.4129725,-121.9951393,94,13.51,271.0,171,224,355,25,-1351,-203,37.4117787,-121.9949642
215399591,2,11,37.4129711,-121.9951548,94,13.83,261.4,171,224,355,-205,-1368,-186,37.4117787,-121.9949642
215500311,2,11,37.4129700,-121.9951701,94,13.25,262.6,171,225,356,-169,-1315,-129,37.4117787,-121.9949642
215601502,2,11,37.4129703,-121.9951838,94,11.59,268.1,171,225,356,-37,-1158,-45,37.4117787,-121.9949642
215701572,2,11,37.4129701,-121.9951969,94,11.35,266.1,171,225,357,-76,-1132,6,37.4117787,-121.9949642
215801630,2,11,37.4129683,-121.9952101,93,11.76,258.2,171,225,357,-239,-1151,36,37.4117787,-121.9949642
215902216,2,11,37.4129659,-121.9952239,93,12.49,254.4,171,226,357,-334,-1203,97,37.4117787,-121.9949642
215985081,2,11,37.4129659,-121.9952239,93,12.49,254.4,171,226,357,-334,-1203,97,37.4117787,-121.9949642
216003115,2,11,37.4129647,-121.9952377,93,12.03,261.9,171,226,358,-167,-1192,128,37.4117787,-121.9949642
216103797,2,11,37.4129639,-121.9952507,93,11.29,261.4,171,226,358,-168,-1116,201,37.4117787,-121.9949642
216204593,2,11,37.4129621,-121.9952631,92,10.98,256.2,171,227,359,-261,-1066,219,37.4117787,-121.9949642
216305606,2,11,37.4129594,-121.9952777,92,12.75,249.1,171,227,359,-453,-1192,312,37.4117787,-121.9949642
216406280,2,11,37.4129551,-121.9952896,91,11.80,242.0,171,227,360,-553,-1042,422,37.4117787,-121.9949642
216506982,2,11,37.4129508,-121.9952994,90,10.20,237.1,171,228,361,-552,-857,510,37.4117787,-121.9949642
216607431,2,11,37.4129462,-121.9953101,90,10.56,239.4,171,228,362,-537,-910,493,37.4117787,-121.9949642
216708139,2,11,37.4129417,-121.9953235,89,12.24,246.1,171,229,363,-495,-1119,430,37.4117787,-121.9949642
216808655,2,11,37.4129382,-121.9953390,88,13.74,248.6,171,229,363,-501,-1280,473,37.4117787,-121.9949642
216908784,2,11,37.4129334,-121.9953537,88,14.04,246.9,171,229,363,-550,-1291,480,37.4117787,-121.9949642
217009549,2,11,37.4129271,-121.9953682,88,14.49,245.4,171,229,364,-601,-1318,374,37.4117787,-121.9949642
217089722,2,11,37.4129199,-121.9953825,88,14.65,244.5,171,229,363,-629,-1323,233,37.4117787,-121.9949642
217210716,2,11,37.4129131,-121.9953966,88,14.45,243.7,171,228,363,-639,-1296,139,37.4117787,-121.9949642
217291459,2,11,37.4129066,-121.9954108,88,14.40,242.3,171,228,362,-668,-1276,85,37.4117787,-121.9949642
217391538,2,11,37.4128991,-121.9954240,89,14.11,238.6,171,228,361,-735,-1205,-18,37.4117787,-121.9949642
217492440,2,11,37.4128905,-121.9954355,89,13.62,231.7,171,227,360,-844,-1069,-169,37.4117787,-121.9949642
217593899,2,11,37.4128820,-121.9954459,90,12.77,226.5,171,227,359,-878,-927,-274,37.4117787,-121.9949642
217694800,2,11,37.4128732,-121.9954556,90,12.86,222.6,171,226,358,-945,-871,-341,37.4117787,-121.9949642
217795404,2,11,37.4128639,-121.9954646,91,12.99,218.3,171,226,357,-1020,-805,-408,37.4117787,-121.9949642
217895922,2,11,37.4128536,-121.9954717,91,12.67,208.4,171,225,356,-1114,-603,-465,37.4117787,-121.9949642
217996488,2,11,37.4128423,-121.9954758,92,12.56,194.9,171,225,355,-1214,-323,-512,37.4117787,-121.9949642
218097208,2,11,37.4128305,-121.9954777,93,12.83,187.0,171,225,354,-1273,-157,-533,37.4117787,-121.9949642
218125152,2,11,37.4128305,-121.9954777,93,12.83,187.0,171,225,354,-1273,-157,-533,37.4117787,-121.9949642
218198527,2,11,37.4128183,-121.9954781,93,13.35,181.0,171,224,354,-1335,-25,-551,37.4117787,-121.9949642
218299618,2,11,37.4128054,-121.9954764,94,14.01,173.5,171,225,354,-1392,156,-570,37.4117787,-121.9949642
218400058,2,11,37.4127917,-121.9954709,95,15.45,161.8,171,225,354,-1468,482,-588,37.4117787,-121.9949642
218500213,2,11,37.4127775,-121.9954619,95,16.99,153.2,171,225,354,-1518,763,-614,37.4117787,-121.9949642
218600679,2,11,37.4127639,-121.9954519,96,18.05,148.8,171,226,355,-1544,934,-547,37.4117787,-121.9949642
218701021,2,11,37.4127515,-121.9954414,96,17.39,145.8,171,227,356,-1439,976,-506,37.4117787,-121.9949642
218802303,2,11,37.4127403,-121.9954315,96,16.54,144.8,171,227,357,-1352,953,-429,37.4117787,-121.9949642
218902454,2,11,37.4127293,-121.9954224,96,16.58,146.6,171,228,357,-1385,911,-261,37.4117787,-121.9949642
219003058,2,11,37.4127172,-121.9954137,96,17.04,150.0,171,229,358,-1477,850,-119,37.4117787,-121.9949642
219103727,2,11,37.4127038,-121.9954046,95,17.65,151.6,171,230,359,-1553,838,-34,37.4117787,-121.9949642
219204062,2,11,37.4126911,-121.9953954,95,17.49,150.6,171,232,361,-1524,858,84,37.4117787,-121.9949642
219304710,2,11,37.4126795,-121.9953880,94,17.00,152.1,171,233,362,-1503,793,283,37.4117787,-121.9949642
219405495,2,11,37.4126702,-121.9953810,92,16.12,149.1,171,234,363,-1384,825,555,37.4117787,-121.9949642
219506332,2,11,37.4126623,-121.9953782,90,13.99,156.6,171,236,364,-1285,554,800,37.4117787,-121.9949642
219587904,2,11,37.4126538,-121.9953784,88,12.70,168.6,171,237,366,-1245,250,988,37.4117787,-121.9949642
219688544,2,11,37.4126444,-121.9953813,87,12.56,180.9,171,238,367,-1256,-20,1139,37.4117787,-121.9949642
219789352,2,11,37.4126361,-121.9953873,84,12.46,192.7,171,239,368,-1215,-274,1330,37.4117787,-121.9949642
219890289,2,11,37.4126302,-121.9953963,82,11.29,209.7,171,240,369,-980,-559,1415,37.4117787,-121.9949642
219990841,2,11,37.4126258,-121.9954109,81,12.40,235.4,171,241,370,-703,-1022,1350,37.4117787,-121.9949642
220091761,2,11,37.4126229,-121.9954281,80,13.97,251.8,171,241,371,-435,-1327,1234,37.4117787,-121.9949642
220192474,2,11,37.4126207,-121.9954451,80,14.46,261.5,171,242,371,-213,-1430,1021,37.4117787,-121.9949642
220272812,2,11,37.4126207,-121.9954451,80,14.46,261.5,171,242,371,-213,-1430,1021,37.4117787,-121.9949642
220293158,2,11,37.4126193,-121.9954621,81,14.38,269.8,171,243,372,-4,-1438,716,37.4117787,-121.9949642
220393736,2,11,37.4126221,-121.9954777,81,13.46,281.9,171,243,373,278,-1317,546,37.4117787,-121.9949642
220494079,2,11,37.4126268,-121.9954935,81,13.89,291.1,171,244,373,500,-1295,394,37.4117787,-121.9949642
220594380,2,11,37.4126320,-121.9955100,81,14.81,295.4,171,244,374,636,-1337,233,37.4117787,-121.9949642
220695239,2,11,37.4126372,-121.9955270,81,15.43,294.7,171,244,374,646,-1401,134,37.4117787,-121.9949642
220795449,2,11,37.4126406,-121.9955445,82,14.97,293.2,171,244,374,590,-1376,-141,37.4117787,-121.9949642
220895953,2,11,37.4126441,-121.9955607,84,13.86,293.4,171,243,373,552,-1271,-392,37.4117787,-121.9949642
220996357,2,11,37.4126493,-121.9955763,85,14.01,296.8,171,243,372,633,-1250,-536,37.4117787,-121.9949642
221096740,2,11,37.4126546,-121.9955918,86,14.01,294.4,171,242,371,579,-1276,-629,37.4117787,-121.9949642
221197095,2,11,37.4126574,-121.9956072,87,13.30,283.6,171,241,370,314,-1293,-745,37.4117787,-121.9949642
221297552,2,11,37.4126558,-121.9956218,88,12.21,263.6,171,241,369,-134,-1213,-920,37.4117787,-121.9949642
221398269,2,11,37.4126524,-121.9956354,89,12.50,252.2,171,240,368,-381,-1190,-948,37.4117787,-121.9949642
221498537,2,11,37.4126496,-121.9956493,90,12.33,254.9,171,240,368,-319,-1191,-957,37.4117787,-121.9949642
221599241,2,11,37.4126481,-121.9956626,91,11.36,261.9,171,240,368,-160,-1125,-977,37.4117787,-121.9949642
221699472,2,11,37.4126460,-121.9956753,92,11.34,258.6,171,240,368,-222,-1112,-999,37.4117787,-121.9949642
221800201,2,11,37.4126429,-121.9956874,93,11.35,251.7,171,241,368,-356,-1078,-947,37.4117787,-121.9949642
221900731,2,11,37.4126392,-121.9956990,94,11.02,249.0,171,241,369,-393,-1030,-952,37.4117787,-121.9949642
222001522,2,11,37.4126374,-121.9957116,95,11.06,252.9,171,242,370,-323,-1057,-822,37.4117787,-121.9949642
222102496,2,11,37.4126337,-121.9957238,95,11.59,248.3,171,244,371,-426,-1077,-714,37.4117787,-121.9949642
222202729,2,10,37.4126280,-121.9957359,96,12.28,241.1,177,245,372,-591,-1076,-643,37.4117787,-121.9949642
222283658,2,9,37.4126205,-121.9957506,96,14.67,237.1,190,246,373,-797,-1232,-529,37.4117787,-121.9949642
222384424,2,9,37.4126121,-121.9957653,96,15.54,235.3,190,248,375,-883,-1279,-487,37.4117787,-121.9949642
222417738,2,9,37.4126121,-121.9957653,96,15.54,235.3,190,248,375,-883,-1279,-487,37.4117787,-121.9949642
222484619,2,9,37.4126039,-121.9957792,96,15.40,233.6,190,250,377,-912,-1241,-435,37.4117787,-121.9949642
222584672,2,9,37.4125975,-121.9957937,96,14.96,235.2,190,252,379,-852,-1230,-346,37.4117787,-121.9949642
222684965,2,9,37.4125956,-121.9958079,96,12.97,244.2,190,254,380,-563,-1168,-270,37.4117787,-121.9949642
222785698,2,9,37.4125954,-121.9958196,96,10.70,253.7,190,256,382,-298,-1028,-267,37.4117787,-121.9949642
222886404,2,9,37.4125985,-121.9958264,97,7.36,273.6,190,257,383,47,-734,-314,37.4117787,-121.9949642
222986923,2,10,37.4126058,-121.9958299,97,6.60,294.1,179,258,384,488,-444,-384,37.4117787,-121.9949642
223087961,2,10,37.4126145,-121.9958306,98,8.02,347.3,179,258,386,783,-176,-412,37.4117787,-121.9949642
223188873,2,10,37.4126245,-121.9958305,98,9.14,359.5,179,259,386,914,-7,-329,37.4117787,-121.9949642
223289761,2,10,37.4126367,-121.9958297,98,11.58,5.0,179,259,386,1154,101,-303,37.4117787,-121.9949642
223390530,2,10,37.4126480,-121.9958268,99,13.29,8.6,179,259,386,1314,200,-416,37.4117787,-121.9949642
223491016,2,10,37.4126611,-121.9958214,99,15.13,16.4,179,259,387,1451,428,-454,37.4117787,-121.9949642
223591197,2,10,37.4126742,-121.9958160,100,15.17,19.3,179,259,388,1432,501,-437,37.4117787,-121.9949642
223691753,2,10,37.4126890,-121.9958107,100,16.29,18.4,179,260,390,1545,514,-414,37.4117787,-121.9949642
223792357,2,10,37.4127054,-121.9958068,100,16.86,16.0,179,260,391,1620,465,-333,37.4117787,-121.9949642
223893033,2,10,37.4127223,-121.9958026,99,16.87,16.8,179,261,392,1614,490,-168,37.4117787,-121.9949642
223993560,2,10,37.4127409,-121.9957993,99,18.16,13.8,179,260,392,1763,434,-81,37.4117787,-121.9949642
224093576,2,10,37.4127603,-121.9957971,98,19.58,9.2,179,260,392,1933,313,-47,37.4117787,-121.9949642
224194077,2,10,37.4127798,-121.9957949,98,20.14,8.6,179,260,392,1991,302,38,37.4117787,-121.9949642
224294708,2,10,37.4127995,-121.9957923,97,20.07,10.2,179,260,392,1975,357,191,37.4117787,-121.9949642
224394910,2,10,37.4128185,-121.9957896,96,19.60,11.2,179,260,391,1923,380,326,37.4117787,-121.9949642
224495363,2,10,37.4128372,-121.9957874,95,19.41,9.2,179,259,391,1916,313,410,37.4117787,-121.9949642
224566139,2,10,37.4128372,-121.9957874,95,19.41,9.2,179,259,391,1916,313,410,37.4117787,-121.9949642
224595851,2,10,37.4128552,-121.9957849,94,19.26,9.3,179,259,390,1900,314,504,37.4117787,-121.9949642
224696427,2,10,37.4128727,-121.9957831,93,18.60,7.5,179,258,390,1844,245,592,37.4117787,-121.9949642
224797336,2,10,37.4128897,-121.9957830,92,18.02,1.8,179,258,389,1802,58,620,37.4117787,-121.9949642
224897292,2,10,37.4129073,-121.9957861,91,18.20,353.2,179,258,388,1807,-212,697,37.4117787,-121.9949642
224998342,2,10,37.4129238,-121.9957882,90,17.85,356.6,179,257,388,1782,-105,807,37.4117787,-121.9949642
225079388,2,10,37.4129397,-121.9957880,88,17.10,2.9,179,257,388,1708,86,966,37.4117787,-121.9949642
225179996,2,10,37.4129539,-121.9957860,87,16.00,7.5,179,258,388,1586,210,1018,37.4117787,-121.9949642
225280417,2,10,37.4129670,-121.9957830,86,15.13,10.3,179,258,388,1488,271,1036,37.4117787,-121.9949642
225380786,2,10,37.4129800,-121.9957810,84,14.43,8.7,179,258,388,1426,219,1087,37.4117787,-121.9949642
225481670,2,10,37.4129924,-121.9957790,83,13.75,9.5,179,259,388,1356,227,1149,37.4117787,-121.9949642
225581915,2,10,37.4130044,-121.9957757,82,13.68,13.6,179,260,389,1329,322,1180,37.4117787,-121.9949642
225682516,2,10,37.4130166,-121.9957692,80,14.55,21.7,179,261,390,1351,540,1177,37.4117787,-121.9949642
225783599,2,10,37.4130268,-121.9957567,80,15.74,34.7,179,262,391,1293,897,1059,37.4117787,-121.9949642
225883940,2,10,37.4130335,-121.9957367,79,17.64,53.6,179,262,392,1045,1421,958,37.4117787,-121.9949642
225984425,2,10,37.4130378,-121.9957150,79,18.64,67.5,179,263,394,712,1722,900,37.4117787,-121.9949642
226085187,2,10,37.4130368,-121.9956918,79,18.89,82.6,179,264,395,242,1874,771,37.4117787,-121.9949642
226185563,2,10,37.4130334,-121.9956672,78,20.16,93.0,179,264,396,-108,2013,656,37.4117787,-121.9949642
226286650,2,10,37.4130261,-121.9956447,78,20.29,106.4,179,265,398,-574,1946,564,37.4117787,-121.9949642
226387339,2,10,37.4130153,-121.9956242,79,20.15,117.6,179,265,400,-935,1785,397,37.4117787,-121.9949642
226487847,2,10,37.4130022,-121.9956070,79,20.33,129.5,179,265,402,-1295,1567,314,37.4117787,-121.9949642
226588130,2,10,37.4129887,-121.9955916,79,20.32,135.6,179,265,404,-1453,1420,280,37.4117787,-121.9949642
226688834,2,10,37.4129748,-121.9955758,79,20.70,136.8,179,265,405,-1509,1416,278,37.4117787,-121.9949642
226712874,2,10,37.4129748,-121.9955758,79,20.70,136.8,179,265,405,-1509,1416,278,37.4117787,-121.9949642
226789706,2,10,37.4129614,-121.9955611,78,20.22,138.3,179,265,406,-1511,1343,278,37.4117787,-121.9949642
226890458,2,10,37.4129474,-121.9955479,78,19.13,140.7,179,265,406,-1482,1209,199,37.4117787,-121.9949642
226991256,2,10,37.4129336,-121.9955371,79,17.24,144.4,179,265,407,-1402,1004,67,37.4117787,-121.9949642
227091417,2,10,37.4129195,-121.9955280,80,16.22,149.4,179,265,408,-1397,823,-64,37.4117787,-121.9949642
227192242,2,9,37.4129067,-121.9955203,80,14.85,152.2,182,265,409,-1314,691,-155,37.4117787,-121.9949642
227292937,2,10,37.4128938,-121.9955135,81,14.15,153.5,179,265,409,-1267,631,-259,37.4117787,-121.9949642
227393459,2,10,37.4128826,-121.9955070,82,12.73,152.0,179,265,410,-1125,596,-354,37.4117787,-121.9949642
227493685,2,10,37.4128731,-121.9955012,83,10.48,149.7,179,266,411,-905,528,-486,37.4117787,-121.9949642
227593897,2,10,37.4128655,-121.9954959,84,9.10,146.3,179,266,412,-758,504,-556,37.4117787,-121.9949642
227694753,2,10,37.4128590,-121.9954900,85,8.41,140.1,179,267,412,-645,539,-608,37.4117787,-121.9949642
227775125,2,10,37.4128543,-121.9954841,85,7.75,133.1,179,267,412,-529,566,-613,37.4117787,-121.9949642
227875617,2,10,37.4128497,-121.9954776,86,7.78,128.3,179,268,413,-482,610,-627,37.4117787,-121.9949642
227976341,2,10,37.4128449,-121.9954705,87,7.95,126.8,179,268,413,-477,636,-645,37.4117787,-121.9949642
228096616,2,10,37.4128407,-121.9954630,88,7.71,121.1,179,269,413,-399,660,-674,37.4117787,-121.9949642
228177164,2,9,37.4128360,-121.9954553,89,7.99,121.6,192,270,413,-419,681,-707,37.4117787,-121.9949642
228277863,2,9,37.4128307,-121.9954467,89,9.05,122.7,192,271,414,-490,761,-702,37.4117787,-121.9949642
228378320,2,9,37.4128240,-121.9954372,90,10.30,127.0,192,273,414,-620,822,-695,37.4117787,-121.9949642
228479063,2,9,37.4128191,-121.9954280,91,10.19,125.1,192,274,415,-587,833,-677,37.4117787,-121.9949642
228580219,2,9,37.4128149,-121.9954186,91,10.31,122.6,192,275,417,-556,869,-641,37.4117787,-121.9949642
228680858,2,9,37.4128128,-121.9954082,92,10.83,115.2,192,277,417,-462,979,-554,37.4117787,-121.9949642
228781464,2,9,37.4128108,-121.9953977,92,10.57,111.6,192,278,419,-390,983,-493,37.4117787,-121.9949642
228862330,2,9,37.4128108,-121.9953977,92,10.57,111.6,192,278,419,-390,983,-493,37.4117787,-121.9949642
228881822,2,9,37.4128085,-121.9953870,92,10.94,113.1,192,280,421,-429,1006,-371,37.4117787,-121.9949642
228982762,2,9,37.4128067,-121.9953771,91,10.88,115.4,192,282,422,-467,983,-228,37.4117787,-121.9949642
229083329,2,9,37.4128028,-121.9953676,91,10.57,120.8,192,284,424,-542,907,-135,37.4117787,-121.9949642
229184636,2,9,37.4127980,-121.9953586,91,10.60,127.4,192,285,426,-644,842,-40,37.4117787,-121.9949642
229285154,2,9,37.4127924,-121.9953497,90,11.44,135.6,192,286,427,-818,800,149,37.4117787,-121.9949642
229365726,2,9,37.4127876,-121.9953424,88,11.68,143.2,192,287,428,-936,699,387,37.4117787,-121.9949642
229466824,2,9,37.4127796,-121.9953369,87,11.74,153.4,192,288,430,-1050,524,577,37.4117787,-121.9949642
229567332,2,9,37.4127711,-121.9953316,85,11.99,156.1,192,289,432,-1097,484,711,37.4117787,-121.9949642
229668289,2,9,37.4127632,-121.9953260,84,12.05,155.0,192,290,433,-1092,508,823,37.4117787,-121.9949642
229768587,2,9,37.4127623,-121.9953172,81,11.48,141.8,192,291,433,-903,709,1063,37.4117787,-121.9949642
229869628,2,9,37.4127618,-121.9953105,78,9.71,139.9,192,291,433,-744,625,1268,37.4117787,-121.9949642
229970327,2,9,37.4127611,-121.9953068,76,7.66,151.3,192,291,433,-672,368,1491,37.4117787,-121.9949642
230070739,2,9,37.4127594,-121.9953060,73,6.08,169.2,192,291,434,-597,113,1641,37.4117787,-121.9949642
230172224,2,9,37.4127574,-121.9953093,71,5.18,203.8,192,292,435,-474,-209,1714,37.4117787,-121.9949642
230272730,2,9,37.4127593,-121.9953144,68,4.45,249.7,192,292,436,-154,-418,1794,37.4117787,-121.9949642
230373423,2,9,37.4127632,-121.9953212,66,6.12,282.5,192,293,438,132,-597,1875,37.4117787,-121.9949642
230474225,2,9,37.4127669,-121.9953319,64,9.61,291.7,192,293,439,356,-892,1872,37.4117787,-121.9949642
230575219,2,9,37.4127704,-121.9953452,62,12.11,293.4,192,294,441,482,-1110,1823,37.4117787,-121.9949642
230676163,2,9,37.4127735,-121.9953601,61,13.50,293.8,192,294,443,546,-1234,1718,37.4117787,-121.9949642
230776607,2,9,37.4127782,-121.9953751,60,14.53,300.4,192,295,445,736,-1253,1573,37.4117787,-121.9949642
230877312,2,9,37.4127796,-121.9953937,60,15.89,296.5,192,296,445,711,-1421,1362,37.4117787,-121.9949642
230978011,2,9,37.4127828,-121.9954111,60,15.81,295.8,192,296,446,688,-1424,1231,37.4117787,-121.9949642
231019284,2,9,37.4127828,-121.9954111,60,15.81,295.8,192,296,446,688,-1424,1231,37.4117787,-121.9949642
231077694,2,9,37.4127869,-121.9954277,59,15.53,295.8,192,296,447,677,-1398,1154,37.4117787,-121.9949642
231177764,2,9,37.4127914,-121.9954438,59,15.26,297.8,192,296,447,712,-1349,1068,37.4117787,-121.9949642
231278784,2,9,37.4127968,-121.9954598,58,15.53,301.0,192,296,447,801,-1330,980,37.4117787,-121.9949642
231379179,2,9,37.4128037,-121.9954742,57,15.21,306.7,192,296,448,911,-1218,936,37.4117787,-121.9949642
231479902,2,10,37.4128098,-121.9954883,57,14.75,305.4,179,296,448,854,-1202,908,37.4117787,-121.9949642
231580300,2,10,37.4128155,-121.9955026,56,14.37,303.5,179,296,447,793,-1198,886,37.4117787,-121.9949642
231680610,2,10,37.4128210,-121.9955157,55,13.47,306.1,179,296,447,794,-1088,851,37.4117787,-121.9949642
231781157,2,10,37.4128289,-121.9955273,55,13.76,316.8,179,296,447,1003,-941,785,37.4117787,-121.9949642
231881647,2,10,37.4128389,-121.9955362,54,13.80,329.2,179,295,447,1186,-706,747,37.4117787,-121.9949642
231982069,2,10,37.4128510,-121.9955423,53,14.38,342.5,179,295,446,1371,-431,723,37.4117787,-121.9949642
232082565,2,10,37.4128637,-121.9955462,53,15.49,350.5,179,295,446,1528,-254,651,37.4117787,-121.9949642
232183143,2,10,37.4128769,-121.9955483,53,16.08,355.7,179,294,446,1604,-117,571,37.4117787,-121.9949642
232283415,2,9,37.4128903,-121.9955494,53,16.62,359.3,183,294,445,1661,-19,484,37.4117787,-121.9949642
232384007,2,9,37.4129030,-121.9955495,53,16.27,1.6,183,293,444,1627,45,384,37.4117787,-121.9949642
232484993,2,9,37.4129145,-121.9955488,53,15.27,3.1,183,292,442,1524,83,259,37.4117787,-121.9949642
232585932,2,9,37.4129256,-121.9955474,54,14.49,5.1,183,291,442,1443,130,155,37.4117787,-121.9949642
232686903,2,9,37.4129369,-121.9955459,54,13.78,6.2,183,291,441,1370,149,127,37.4117787,-121.9949642
232787888,2,10,37.4129490,-121.9955445,54,13.75,7.2,179,290,440,1364,173,110,37.4117787,-121.9949642
232888619,2,10,37.4129604,-121.9955429,54,13.34,7.8,179,289,439,1321,181,80,37.4117787,-121.9949642
232989153,2,10,37.4129726,-121.9955417,54,13.25,9.2,179,287,437,1307,212,78,37.4117787,-121.9949642
233069172,2,10,37.4129841,-121.9955400,54,13.12,11.5,179,285,435,1286,261,46,37.4117787,-121.9949642
233169840,2,10,37.4129951,-121.9955369,54,12.95,15.4,179,284,434,1248,344,-24,37.4117787,-121.9949642
233170890,2,10,37.4129951,-121.9955369,54,12.95,15.4,179,284,434,1248,344,-24,37.4117787,-121.9949642
233271096,2,9,37.4130061,-121.9955325,54,13.01,19.8,196,283,433,1224,441,-97,37.4117787,-121.9949642
233371458,2,9,37.4130163,-121.9955269,54,12.78,24.2,196,282,433,1166,525,-199,37.4117787,-121.9949642
233471861,2,9,37.4130261,-121.9955205,55,12.50,28.1,196,281,432,1102,589,-311,37.4117787,-121.9949642
233572732,2,10,37.4130357,-121.9955136,55,12.47,32.1,188,281,431,1055,663,-349,37.4117787,-121.9949642
233673167,2,10,37.4130452,-121.9955059,56,12.66,35.2,188,280,431,1034,731,-363,37.4117787,-121.9949642
233773561,2,10,37.4130549,-121.9954978,56,12.80,36.9,188,279,430,1023,769,-361,37.4117787,-121.9949642
233874402,2,10,37.4130645,-121.9954898,57,12.71,37.1,188,278,429,1013,768,-336,37.4117787,-121.9949642
233974621,2,10,37.4130740,-121.9954815,57,12.71,39.3,188,277,429,983,806,-310,37.4117787,-121.9949642
234075025,2,10,37.4130830,-121.9954725,57,12.71,42.6,188,277,428,935,861,-303,37.4117787,-121.9949642
234176130,2,10,37.4130913,-121.9954627,57,12.74,46.2,188,276,427,880,920,-334,37.4117787,-121.9949642
234277655,2,10,37.4130989,-121.9954522,57,12.58,52.0,188,275,427,773,992,-375,37.4117787,-121.9949642
234378904,2,10,37.4131055,-121.9954410,58,12.38,56.9,188,275,427,676,1037,-410,37.4117787,-121.9949642
234479731,2,10,37.4131116,-121.9954294,58,12.47,59.6,188,274,427,629,1076,-405,37.4117787,-121.9949642
234580032,2,10,37.4131174,-121.9954174,59,12.63,61.6,188,274,427,600,1112,-385,37.4117787,-121.9949642
234680403,2,10,37.4131227,-121.9954048,59,12.85,63.4,188,273,427,574,1149,-367,37.4117787,-121.9949642
234781110,2,9,37.4131277,-121.9953916,59,12.94,66.1,192,273,427,522,1183,-354,37.4117787,-121.9949642
234881741,2,9,37.4131322,-121.9953778,59,13.24,70.0,192,272,427,452,1244,-344,37.4117787,-121.9949642
234982312,2,9,37.4131362,-121.9953635,60,13.50,73.0,192,272,427,392,1291,-320,37.4117787,-121.9949642
235083029,2,11,37.4131394,-121.9953491,60,14.02,76.1,171,271,427,334,1361,-269,37.4117787,-121.9949642
235182987,2,11,37.4131420,-121.9953341,60,14.30,79.5,171,271,426,260,1406,-234,37.4117787,-121.9949642
235283130,2,11,37.4131441,-121.9953187,60,14.61,82.5,171,270,426,189,1449,-204,37.4117787,-121.9949642
235330268,2,11,37.4131441,-121.9953187,60,14.61,82.5,171,270,426,189,1449,-204,37.4117787,-121.9949642
235383332,2,11,37.4131451,-121.9953028,60,14.91,87.9,171,269,425,54,1490,-188,37.4117787,-121.9949642
235483710,2,11,37.4131448,-121.9952861,60,15.36,94.4,171,269,424,-119,1532,-169,37.4117787,-121.9949642
235584015,2,11,37.4131429,-121.9952690,60,15.70,99.9,171,268,424,-271,1546,-170,37.4117787,-121.9949642
235684503,2,11,37.4131397,-121.9952517,60,16.02,104.7,171,268,423,-407,1549,-168,37.4117787,-121.9949642
235785024,2,11,37.4131351,-121.9952350,60,16.12,111.4,171,267,423,-588,1501,-151,37.4117787,-121.9949642
235885192,2,11,37.4131293,-121.9952183,60,16.52,115.0,171,267,422,-698,1497,-114,37.4117787,-121.9949642
235985886,2,11,37.4131226,-121.9952018,60,16.82,118.3,171,267,421,-799,1480,-77,37.4117787,-121.9949642
236087263,2,11,37.4131151,-121.9951856,60,16.96,122.2,171,266,421,-906,1434,-31,37.4117787,-121.9949642
236167834,2,11,37.4131064,-121.9951703,60,17.24,127.9,171,266,420,-1059,1360,-11,37.4117787,-121.9949642
236288247,2,11,37.4130960,-121.9951562,60,17.65,135.3,171,265,420,-1255,1241,-5,37.4117787,-121.9949642
236368859,2,11,37.4130843,-121.9951441,60,17.50,142.4,171,265,419,-1387,1066,-37,37.4117787,-121.9949642
236468963,2,11,37.4130715,-121.9951337,60,17.65,148.7,171,264,419,-1509,916,-59,37.4117787,-121.9949642
236570113,2,11,37.4130577,-121.9951248,60,17.44,153.3,171,264,418,-1558,783,-100,37.4117787,-121.9949642
236670507,2,11,37.4130435,-121.9951175,60,17.24,157.7,171,263,418,-1596,651,-128,37.4117787,-121.9949642
236770969,2,11,37.4130290,-121.9951122,60,16.88,164.0,171,263,418,-1623,464,-170,37.4117787,-121.9949642
236872168,2,11,37.4130143,-121.9951092,61,16.59,171.0,171,262,418,-1638,258,-212,37.4117787,-121.9949642
236972749,2,11,37.4129999,-121.9951081,61,16.13,176.7,171,262,417,-1610,91,-226,37.4117787,-121.9949642
237072994,2,11,37.4129860,-121.9951089,61,15.67,182.6,171,262,417,-1566,-71,-216,37.4117787,-121.9949642
237173388,2,11,37.4129725,-121.9951113,61,15.09,187.8,171,262,417,-1495,-205,-242,37.4117787,-121.9949642
237273398,2,11,37.4129598,-121.9951152,61,14.53,193.2,171,261,418,-1415,-333,-262,37.4117787,-121.9949642
237374206,2,11,37.4129478,-121.9951201,62,14.02,197.2,171,261,418,-1339,-415,-271,37.4117787,-121.9949642
237474643,2,11,37.4129366,-121.9951258,62,13.22,201.6,171,261,418,-1229,-486,-302,37.4117787,-121.9949642
237486205,2,11,37.4129366,-121.9951258,62,13.22,201.6,171,261,418,-1229,-486,-302,37.4117787,-121.9949642
237575270,2,11,37.4129264,-121.9951325,62,12.72,206.0,171,261,418,-1143,-559,-337,37.4117787,-121.9949642
237675617,2,11,37.4129169,-121.9951404,62,12.68,212.3,171,261,418,-1071,-679,-356,37.4117787,-121.9949642
237775854,2,11,37.4129082,-121.9951492,63,12.49,216.6,171,261,418,-1002,-746,-349,37.4117787,-121.9949642
237876220,2,11,37.4128991,-121.9951579,63,12.30,217.8,171,261,418,-972,-754,-324,37.4117787,-121.9949642
237976569,2,11,37.4128906,-121.9951666,63,12.10,218.4,171,260,418,-947,-753,-280,37.4117787,-121.9949642
238076842,2,11,37.4128820,-121.9951753,64,11.82,219.1,171,260,418,-916,-746,-299,37.4117787,-121.9949642
238177386,2,11,37.4128737,-121.9951837,64,11.72,218.6,171,260,418,-915,-731,-311,37.4117787,-121.9949642
238278509,2,11,37.4128657,-121.9951925,64,11.78,220.3,171,260,418,-898,-762,-296,37.4117787,-121.9949642
238378658,2,11,37.4128578,-121.9952014,65,11.96,220.6,171,259,418,-906,-779,-255,37.4117787,-121.9949642
238478858,2,11,37.4128496,-121.9952103,65,12.19,219.7,171,259,417,-937,-779,-231,37.4117787,-121.9949642
238579690,2,11,37.4128412,-121.9952193,65,12.21,218.9,171,258,416,-949,-767,-202,37.4117787,-121.9949642
238680844,2,11,37.4128328,-121.9952282,65,12.42,218.5,171,257,415,-972,-773,-181,37.4117787,-121.9949642
238781159,2,11,37.4128242,-121.9952373,65,12.57,217.2,171,257,414,-1001,-761,-191,37.4117787,-121.9949642
238881477,2,11,37.4128154,-121.9952458,66,12.53,215.3,171,256,413,-1022,-725,-192,37.4117787,-121.9949642
238982607,2,11,37.4128061,-121.9952543,66,12.87,214.5,171,256,411,-1059,-730,-193,37.4117787,-121.9949642
239083575,2,11,37.4127967,-121.9952626,66,12.88,212.9,171,255,410,-1081,-700,-190,37.4117787,-121.9949642
239183684,2,11,37.4127872,-121.9952708,66,13.03,211.4,171,254,409,-1112,-680,-174,37.4117787,-121.9949642
239284132,2,11,37.4127773,-121.9952788,66,13.28,211.3,171,254,407,-1135,-690,-172,37.4117787,-121.9949642
239385074,2,11,37.4127672,-121.9952866,66,13.38,210.0,171,253,406,-1158,-670,-170,37.4117787,-121.9949642
239485290,2,11,37.4127569,-121.9952943,67,13.54,208.2,171,253,405,-1193,-641,-154,37.4117787,-121.9949642
239566509,2,11,37.4127461,-121.9953016,67,13.81,207.2,171,252,404,-1228,-631,-161,37.4117787,-121.9949642
239648373,2,11,37.4127461,-121.9953016,67,13.81,207.2,171,252,404,-1228,-631,-161,37.4117787,-121.9949642
239667604,2,11,37.4127349,-121.9953087,67,13.92,205.7,171,251,403,-1253,-605,-150,37.4117787,-121.9949642
239768092,2,11,37.4127239,-121.9953156,67,13.98,205.3,171,251,401,-1264,-598,-98,37.4117787,-121.9949642
239868669,2,11,37.4127130,-121.9953229,67,14.07,207.0,171,250,400,-1253,-639,-56,37.4117787,-121.9949642
239969636,2,11,37.4127022,-121.9953303,67,13.80,207.1,171,250,400,-1228,-629,-49,37.4117787,-121.9949642
240070322,2,11,37.4126915,-121.9953372,67,13.39,206.6,171,249,399,-1197,-600,-81,37.4117787,-121.9949642
240171050,2,11,37.4126813,-121.9953442,67,12.79,207.0,171,249,398,-1139,-582,-162,37.4117787,-121.9949642
240272030,2,11,37.4126719,-121.9953514,67,12.10,209.1,171,249,397,-1057,-588,-214,37.4117787,-121.9949642
240372443,2,11,37.4126629,-121.9953585,68,11.64,211.0,171,248,396,-997,-600,-229,37.4117787,-121.9949642
240473150,2,11,37.4126545,-121.9953654,68,11.20,211.9,171,248,396,-950,-592,-223,37.4117787,-121.9949642
240573750,2,11,37.4126464,-121.9953724,68,10.74,213.2,171,248,395,-899,-588,-198,37.4117787,-121.9949642
240674856,2,11,37.4126388,-121.9953796,68,10.44,215.1,171,247,395,-853,-601,-193,37.4117787,-121.9949642
240775180,2,11,37.4126316,-121.9953869,68,10.04,216.9,171,247,394,-802,-604,-177,37.4117787,-121.9949642
240875827,2,11,37.4126250,-121.9953942,68,9.62,218.2,171,247,394,-756,-595,-143,37.4117787,-121.9949642
240976537,2,11,37.4126189,-121.9954015,68,9.23,219.4,171,247,393,-713,-586,-111,37.4117787,-121.9949642
241077535,2,11,37.4126129,-121.9954085,68,8.91,221.8,171,246,393,-664,-595,-75,37.4117787,-121.9949642
241177994,2,11,37.4126072,-121.9954153,68,8.59,223.3,171,246,393,-624,-590,-47,37.4117787,-121.9949642
241278421,2,11,37.4126020,-121.9954225,68,8.38,226.4,171,246,392,-577,-607,-31,37.4117787,-121.9949642
241379065,2,11,37.4125972,-121.9954299,68,8.35,228.0,171,246,392,-558,-620,-2,37.4117787,-121.9949642
241480633,2,11,37.4125928,-121.9954371,68,7.96,228.9,171,246,392,-512,-609,30,37.4117787,-121.9949642
241581844,2,11,37.4125884,-121.9954446,68,8.29,232.2,171,246,391,-507,-655,58,37.4117787,-121.9949642
241681338,2,11,37.4125844,-121.9954522,68,8.04,234.9,171,246,391,-462,-658,100,37.4117787,-121.9949642
241781661,2,11,37.4125805,-121.9954598,68,8.02,237.1,171,246,391,-435,-673,123,37.4117787,-121.9949642
241809836,2,11,37.4125805,-121.9954598,68,8.02,237.1,171,246,391,-435,-673,123,37.4117787,-121.9949642
241883060,2,11,37.4125771,-121.9954675,68,7.80,238.3,171,245,391,-395,-673,157,37.4117787,-121.9949642
241963401,2,11,37.4125741,-121.9954755,67,7.84,242.6,171,245,391,-360,-696,177,37.4117787,-121.9949642
242063865,2,11,37.4125714,-121.9954836,67,7.77,245.5,170,245,391,-322,-707,223,37.4117787,-121.9949642
242165115,2,11,37.4125689,-121.9954918,67,7.76,247.5,170,245,391,-297,-717,270,37.4117787,-121.9949642
242265871,2,11,37.4125673,-121.9955004,66,7.71,253.9,170,245,390,-213,-741,332,37.4117787,-121.9949642
242366654,2,11,37.4125655,-121.9955088,66,7.72,253.1,170,244,390,-223,-739,339,37.4117787,-121.9949642
242467301,2,11,37.4125639,-121.9955174,65,7.88,255.4,170,244,390,-197,-763,368,37.4117787,-121.9949642
242568551,2,11,37.4125629,-121.9955262,65,7.81,259.7,170,244,390,-138,-768,378,37.4117787,-121.9949642
242669419,2,11,37.4125623,-121.9955351,65,7.85,263.7,170,244,390,-86,-780,387,37.4117787,-121.9949642
242770220,2,11,37.4125621,-121.9955442,64,7.92,266.7,170,244,390,-45,-791,399,37.4117787,-121.9949642
242870325,2,11,37.4125623,-121.9955534,64,8.02,269.7,170,244,390,-3,-802,440,37.4117787,-121.9949642
242970858,2,11,37.4125629,-121.9955628,63,8.24,273.6,170,243,389,52,-823,451,37.4117787,-121.9949642
243071455,2,11,37.4125641,-121.9955724,63,8.43,278.0,170,243,389,118,-835,427,37.4117787,-121.9949642
243172125,2,11,37.4125661,-121.9955823,62,8.81,283.2,170,243,389,202,-857,416,37.4117787,-121.9949642
243272640,2,11,37.4125687,-121.9955923,62,9.01,287.0,170,243,388,263,-862,384,37.4117787,-121.9949642
243372638,2,11,37.4125719,-121.9956022,61,9.16,293.4,170,242,388,365,-840,327,37.4117787,-121.9949642
243473507,2,11,37.4125759,-121.9956118,61,9.22,298.4,170,242,387,439,-811,294,37.4117787,-121.9949642
243574451,2,11,37.4125806,-121.9956209,61,9.30,305.3,170,241,387,537,-758,220,37.4117787,-121.9949642
243675459,2,11,37.4125860,-121.9956295,61,9.21,310.4,170,241,385,597,-700,133,37.4117787,-121.9949642
243775809,2,11,37.4125916,-121.9956376,61,9.39,313.7,170,240,384,649,-679,68,37.4117787,-121.9949642
243876486,2,11,37.4125977,-121.9956450,61,9.35,317.5,170,240,384,689,-632,67,37.4117787,-121.9949642
243975067,2,11,37.4125977,-121.9956450,61,9.35,317.5,170,240,384,689,-632,67,37.4117787,-121.9949642
243977127,2,11,37.4126041,-121.9956519,61,8.99,321.2,170,239,383,701,-562,38,37.4117787,-121.9949642
244077207,2,11,37.4126109,-121.9956582,61,8.82,327.5,170,238,381,745,-473,-56,37.4117787,-121.9949642
244177937,2,11,37.4126180,-121.9956637,61,8.40,330.5,170,237,380,731,-413,-97,37.4117787,-121.9949642
244278661,2,11,37.4126251,-121.9956681,61,7.92,335.5,170,236,379,721,-328,-150,37.4117787,-121.9949642
244379709,2,11,37.4126315,-121.9956716,61,7.38,336.6,170,236,377,685,-276,-232,37.4117787,-121.9949642
244460371,2,11,37.4126381,-121.9956743,61,6.92,340.8,170,235,376,670,-174,-273,37.4117787,-121.9949642
244581174,2,11,37.4126446,-121.9956762,61,6.69,345.3,170,234,375,659,-115,-267,37.4117787,-121.9949642
244661965,2,11,37.4126508,-121.9956773,62,6.69,349.7,170,234,374,666,-67,-271,37.4117787,-121.9949642
244762838,2,11,37.4126568,-121.9956772,62,6.42,356.4,170,233,373,640,43,-273,37.4117787,-121.9949642
244863444,2,11,37.4126625,-121.9956761,62,6.40,3.2,170,233,372,628,121,-270,37.4117787,-121.9949642
244963756,2,11,37.4126683,-121.9956741,63,6.42,11.0,170,232,371,608,205,-257,37.4117787,-121.9949642
245064183,2,11,37.4126738,-121.9956714,63,6.32,17.8,170,231,369,575,263,-247,37.4117787,-121.9949642
245163769,2,11,37.4126788,-121.9956681,63,6.29,22.6,170,231,368,559,289,-234,37.4117787,-121.9949642
245264274,2,11,37.4126839,-121.9956645,63,6.36,26.9,170,230,367,545,329,-220,37.4117787,-121.9949642
245365034,2,11,37.4126889,-121.9956606,63,6.39,30.3,170,229,366,531,355,-198,37.4117787,-121.9949642
245465487,2,11,37.4126937,-121.9956560,64,6.55,35.1,170,229,365,504,418,-171,37.4117787,-121.9949642
245566361,2,11,37.4126985,-121.9956511,64,6.71,38.2,170,229,365,506,440,-141,37.4117787,-121.9949642
245667052,2,11,37.4127031,-121.9956459,64,6.81,40.5,170,228,364,501,462,-99,37.4117787,-121.9949642
245767567,2,11,37.4127076,-121.9956404,64,6.83,43.0,170,228,363,481,485,-66,37.4117787,-121.9949642
245868082,2,11,37.4127121,-121.9956348,64,6.98,45.2,170,227,362,473,513,-58,37.4117787,-121.9949642
245968627,2,11,37.4127167,-121.9956288,64,7.24,48.0,170,226,361,460,559,-68,37.4117787,-121.9949642
246069581,2,11,37.4127212,-121.9956226,64,7.24,49.6,170,226,361,454,565,-63,37.4117787,-121.9949642
246134174,2,11,37.4127212,-121.9956226,64,7.24,49.6,170,226,361,454,565,-63,37.4117787,-121.9949642
246170114,2,11,37.4127257,-121.9956164,64,7.37,50.6,170,225,360,459,576,-44,37.4117787,-121.9949642
246270806,2,11,37.4127299,-121.9956099,64,7.26,52.2,170,225,359,429,585,-58,37.4117787,-121.9949642
246371605,2,11,37.4127341,-121.9956037,64,7.14,52.2,170,224,358,436,565,-69,37.4117787,-121.9949642
246471913,2,11,37.4127383,-121.9955971,64,7.38,52.8,170,224,357,441,592,-88,37.4117787,-121.9949642
246572611,2,11,37.4127425,-121.9955906,64,7.26,51.9,170,223,356,455,565,-56,37.4117787,-121.9949642
246673367,2,11,37.4127468,-121.9955842,64,7.39,51.4,170,222,356,465,573,-1,37.4117787,-121.9949642
246775052,2,11,37.4127513,-121.9955776,64,7.68,51.3,170,222,355,479,599,17,37.4117787,-121.9949642
246875131,2,11,37.4127559,-121.9955712,64,7.45,50.9,170,221,354,474,575,19,37.4117787,-121.9949642
246975835,2,11,37.4127606,-121.9955645,64,7.77,49.7,170,220,353,513,584,4,37.4117787,-121.9949642
247076235,2,11,37.4127653,-121.9955578,64,7.77,49.3,170,220,353,510,586,-13,37.4117787,-121.9949642
247156653,2,11,37.4127701,-121.9955512,64,7.92,48.7,170,219,352,528,590,-32,37.4117787,-121.9949642
247257265,2,11,37.4127751,-121.9955445,65,7.99,47.2,170,219,351,542,587,-42,37.4117787,-121.9949642
247357619,2,11,37.4127802,-121.9955379,65,8.03,46.8,170,218,351,549,585,-55,37.4117787,-121.9949642
247458396,2,11,37.4127853,-121.9955315,65,7.83,46.7,170,218,350,538,569,-90,37.4117787,-121.9949642
247558798,2,11,37.4127904,-121.9955256,65,7.70,44.9,170,217,349,561,527,-112,37.4117787,-121.9949642
247659212,2,11,37.4127958,-121.9955198,65,7.91,44.3,170,216,348,571,546,-91,37.4117787,-121.9949642
247760037,2,11,37.4128012,-121.9955141,65,7.94,42.6,170,216,347,599,521,-61,37.4117787,-121.9949642
247861123,2,11,37.4128068,-121.9955085,65,8.08,39.4,170,215,347,623,513,-82,37.4117787,-121.9949642
247961058,2,11,37.4128127,-121.9955030,65,8.16,37.0,170,215,346,651,492,-114,37.4117787,-121.9949642
248061335,2,11,37.4128188,-121.9954979,66,8.03,34.8,170,215,346,659,459,-180,37.4117787,-121.9949642
248162485,2,10,37.4128251,-121.9954932,66,7.82,32.1,231,214,346,662,416,-268,37.4117787,-121.9949642
248263367,2,11,37.4128312,-121.9954890,66,7.74,30.6,170,214,345,666,394,-307,37.4117787,-121.9949642
248292119,2,11,37.4128312,-121.9954890,66,7.74,30.6,170,214,345,666,394,-307,37.4117787,-121.9949642
248363922,2,11,37.4128374,-121.9954849,67,7.76,29.0,170,213,344,679,377,-334,37.4117787,-121.9949642
248464054,2,11,37.4128437,-121.9954809,67,7.72,28.7,170,213,343,677,372,-385,37.4117787,-121.9949642
248564887,2,11,37.4128499,-121.9954772,67,7.45,27.3,170,212,342,662,342,-419,37.4117787,-121.9949642
248665175,2,11,37.4128559,-121.9954736,68,7.57,26.0,170,212,341,680,333,-429,37.4117787,-121.9949642
248765691,2,11,37.4128619,-121.9954699,68,7.41,26.6,170,211,340,662,332,-454,37.4117787,-121.9949642
248865977,2,11,37.4128678,-121.9954661,69,7.41,28.8,170,211,339,649,357,-477,37.4117787,-121.9949642
248966452,2,11,37.4128736,-121.9954619,70,7.39,31.8,170,210,339,628,390,-493,37.4117787,-121.9949642
249066869,2,11,37.4128791,-121.9954573,70,7.30,35.2,170,210,338,596,422,-518,37.4117787,-121.9949642
249167034,2,11,37.4128843,-121.9954525,71,7.05,38.0,170,209,337,555,434,-539,37.4117787,-121.9949642
249267613,2,11,37.4128890,-121.9954477,71,6.73,39.0,170,209,336,523,424,-569,37.4117787,-121.9949642
249367976,2,11,37.4128934,-121.9954431,72,6.45,40.1,170,208,336,493,415,-595,37.4117787,-121.9949642
249468949,2,11,37.4128977,-121.9954383,73,6.31,43.6,170,208,335,456,435,-608,37.4117787,-121.9949642
249569900,2,11,37.4129018,-121.9954336,73,6.18,44.7,170,208,334,438,435,-612,37.4117787,-121.9949642
249670462,2,11,37.4129055,-121.9954286,74,6.11,47.8,170,207,334,410,453,-612,37.4117787,-121.9949642
249771080,2,11,37.4129095,-121.9954233,74,6.56,47.4,170,207,333,443,483,-573,37.4117787,-121.9949642
249871754,2,11,37.4129136,-121.9954178,75,6.97,46.1,170,206,332,482,502,-508,37.4117787,-121.9949642
249972086,2,11,37.4129179,-121.9954121,75,7.44,44.6,170,206,332,529,523,-423,37.4117787,-121.9949642
250072937,2,11,37.4129226,-121.9954062,76,7.92,43.3,170,206,331,576,543,-308,37.4117787,-121.9949642
250154626,2,11,37.4129277,-121.9954003,76,8.17,42.0,170,205,331,606,546,-224,37.4117787,-121.9949642
250274104,2,11,37.4129334,-121.9953940,76,8.62,42.1,170,205,330,639,579,-146,37.4117787,-121.9949642
250354463,2,11,37.4129395,-121.9953875,76,9.02,41.6,170,205,330,673,600,-70,37.4117787,-121.9949642
250451232,2,11,37.4129395,-121.9953875,76,9.02,41.6,170,205,330,673,600,-70,37.4117787,-121.9949642
250454865,2,11,37.4129460,-121.9953809,76,9.48,40.7,170,205,329,718,619,-1,37.4117787,-121.9949642
250554849,2,11,37.4129527,-121.9953742,76,9.75,38.4,170,204,329,763,606,66,37.4117787,-121.9949642
250655802,2,11,37.4129599,-121.9953679,76,10.01,34.1,170,204,328,829,561,105,37.4117787,-121.9949642
250757228,2,11,37.4129679,-121.9953626,76,10.23,27.5,170,204,328,907,473,135,37.4117787,-121.9949642
250858509,2,11,37.4129763,-121.9953584,76,10.36,19.4,170,203,327,977,346,157,37.4117787,-121.9949642
250959204,2,11,37.4129853,-121.9953554,76,10.57,13.5,170,203,327,1027,247,149,37.4117787,-121.9949642
251059927,2,11,37.4129948,-121.9953537,75,10.67,6.9,170,203,326,1059,128,152,37.4117787,-121.9949642
251161357,2,11,37.4130045,-121.9953531,75,11.01,1.7,170,203,326,1101,33,170,37.4117787,-121.9949642
251261333,2,11,37.4130144,-121.9953536,75,11.23,356.9,170,203,325,1122,-59,179,37.4117787,-121.9949642
251361896,2,11,37.4130246,-121.9953551,75,11.53,352.4,170,202,325,1143,-152,173,37.4117787,-121.9949642
251462317,2,11,37.4130350,-121.9953574,75,11.70,349.0,170,202,325,1149,-221,166,37.4117787,-121.9949642
251563197,2,11,37.4130455,-121.9953606,75,11.93,344.8,170,202,324,1152,-311,107,37.4117787,-121.9949642
251664168,2,11,37.4130560,-121.9953650,75,11.86,341.0,170,202,323,1122,-384,-7,37.4117787,-121.9949642
251764670,2,11,37.4130660,-121.9953702,75,11.96,337.3,170,201,322,1103,-460,-115,37.4117787,-121.9949642
251864982,2,11,37.4130761,-121.9953759,75,11.93,335.8,170,201,322,1088,-488,-206,37.4117787,-121.9949642
251966177,2,11,37.4130858,-121.9953819,75,11.86,334.2,170,200,322,1069,-514,-289,37.4117787,-121.9949642
252067160,2,11,37.4130951,-121.9953880,76,11.29,332.0,170,200,321,996,-530,-390,37.4117787,-121.9949642
252168213,2,11,37.4131039,-121.9953945,76,10.98,329.9,170,200,321,951,-549,-479,37.4117787,-121.9949642
252267936,2,11,37.4131127,-121.9954008,77,11.05,330.1,170,199,320,958,-550,-480,37.4117787,-121.9949642
252368143,2,11,37.4131212,-121.9954072,77,11.10,329.0,170,199,320,952,-570,-469,37.4117787,-121.9949642
252468931,2,11,37.4131297,-121.9954136,78,11.01,329.1,170,199,319,945,-564,-485,37.4117787,-121.9949642
252569617,2,11,37.4131382,-121.9954201,78,11.34,329.1,170,199,319,973,-582,-437,37.4117787,-121.9949642
252615006,2,11,37.4131382,-121.9954201,78,11.34,329.1,170,199,319,973,-582,-437,37.4117787,-121.9949642
252670179,2,11,37.4131467,-121.9954264,79,11.25,329.4,170,198,318,969,-572,-400,37.4117787,-121.9949642
252750716,2,11,37.4131553,-121.9954326,79,11.13,330.5,170,198,318,969,-547,-373,37.4117787,-121.9949642
252850830,2,11,37.4131639,-121.9954386,79,11.19,331.3,170,197,317,981,-537,-356,37.4117787,-121.9949642
252951262,2,11,37.4131727,-121.9954443,80,10.91,334.0,170,197,316,980,-478,-364,37.4117787,-121.9949642
253051697,2,11,37.4131816,-121.9954493,80,10.56,337.0,170,197,316,973,-411,-386,37.4117787,-121.9949642
253152373,2,11,37.4131899,-121.9954535,81,10.25,339.6,170,196,315,961,-357,-448,37.4117787,-121.9949642
253253018,2,11,37.4131981,-121.9954564,82,9.55,347.0,170,196,314,931,-213,-499,37.4117787,-121.9949642
253353492,2,11,37.4132059,-121.9954578,82,8.86,354.9,170,196,313,883,-77,-538,37.4117787,-121.9949642
253454366,2,11,37.4132134,-121.9954578,83,8.31,2.9,170,195,313,830,42,-583,37.4117787,-121.9949642
253554766,2,11,37.4132206,-121.9954559,83,8.05,16.6,170,195,312,771,230,-573,37.4117787,-121.9949642
253655276,2,11,37.4132271,-121.9954521,84,7.90,27.6,170,195,312,700,366,-576,37.4117787,-121.9949642
253755554,2,11,37.4132329,-121.9954469,85,7.76,36.8,170,195,312,621,465,-559,37.4117787,-121.9949642
253856235,2,11,37.4132378,-121.9954404,85,7.91,47.1,170,195,311,538,579,-519,37.4117787,-121.9949642
253956860,2,11,37.4132419,-121.9954327,86,8.09,56.6,170,195,311,444,676,-489,37.4117787,-121.9949642
254057841,2,11,37.4132448,-121.9954240,86,8.20,66.1,170,195,311,332,750,-450,37.4117787,-121.9949642
254157706,2,11,37.4132468,-121.9954143,87,8.87,75.0,170,195,311,229,857,-383,37.4117787,-121.9949642
254258438,2,11,37.4132478,-121.9954035,87,9.38,82.9,170,195,310,114,931,-311,37.4117787,-121.9949642
254358749,2,11,37.4132474,-121.9953922,87,9.86,92.5,170,195,310,-44,985,-235,37.4117787,-121.9949642
254459842,2,11,37.4132457,-121.9953802,87,10.61,101.4,170,195,310,-211,1040,-142,37.4117787,-121.9949642
254560294,2,11,37.4132425,-121.9953680,87,11.16,110.2,170,195,310,-386,1047,-55,37.4117787,-121.9949642
254660726,2,11,37.4132377,-121.9953559,87,11.77,116.4,170,195,310,-525,1054,49,37.4117787,-121.9949642
254761699,2,11,37.4132322,-121.9953439,87,12.13,120.2,170,194,310,-612,1048,139,37.4117787,-121.9949642
254772674,2,11,37.4132322,-121.9953439,87,12.13,120.2,170,194,310,-612,1048,139,37.4117787,-121.9949642
254862167,2,11,37.4132256,-121.9953321,87,12.68,126.0,170,194,310,-745,1025,201,37.4117787,-121.9949642
254963491,2,11,37.4132179,-121.9953207,87,13.46,131.9,170,194,310,-899,1002,238,37.4117787,-121.9949642
255064466,2,11,37.4132092,-121.9953092,86,14.09,133.6,170,194,310,-971,1020,294,37.4117787,-121.9949642
255165941,2,11,37.4131998,-121.9952978,86,14.33,135.3,170,194,309,-1019,1007,348,37.4117787,-121.9949642
255267119,2,11,37.4131903,-121.9952863,85,14.97,136.3,170,194,309,-1083,1033,331,37.4117787,-121.9949642
255347754,2,11,37.4131802,-121.9952749,85,15.35,136.2,170,194,308,-1109,1062,171,37.4117787,-121.9949642
255448013,2,11,37.4131706,-121.9952631,85,15.36,134.2,170,193,308,-1072,1100,11,37.4117787,-121.9949642
255548693,2,11,37.4131612,-121.9952512,85,14.95,133.3,170,193,308,-1026,1087,-103,37.4117787,-121.9949642
255648858,2,11,37.4131516,-121.9952389,85,15.19,133.9,170,193,307,-1055,1092,-129,37.4117787,-121.9949642
255749880,2,11,37.4131423,-121.9952268,85,14.93,133.0,170,193,307,-1019,1091,-183,37.4117787,-121.9949642
255850135,2,11,37.4131336,-121.9952150,86,14.27,131.6,170,192,307,-948,1066,-310,37.4117787,-121.9949642
255950707,2,11,37.4131250,-121.9952033,86,13.92,132.0,170,192,306,-932,1034,-387,37.4117787,-121.9949642
256051354,2,11,37.4131170,-121.9951922,87,13.19,132.1,170,192,306,-885,978,-442,37.4117787,-121.9949642
256151849,2,11,37.4131099,-121.9951818,87,11.97,129.8,170,192,306,-766,919,-549,37.4117787,-121.9949642
256252402,2,11,37.4131037,-121.9951722,88,10.71,127.8,170,192,306,-657,845,-632,37.4117787,-121.9949642
256353296,2,11,37.4130981,-121.9951629,89,10.18,128.0,170,192,306,-626,802,-607,37.4117787,-121.9949642
256453629,2,11,37.4130921,-121.9951536,89,10.68,129.7,170,193,306,-682,822,-570,37.4117787,-121.9949642
256554579,2,11,37.4130852,-121.9951441,90,11.10,132.3,170,193,307,-747,820,-563,37.4117787,-121.9949642
256654717,2,11,37.4130780,-121.9951349,90,11.23,134.6,170,193,307,-789,799,-538,37.4117787,-121.9949642
256755492,2,11,37.4130706,-121.9951261,91,11.19,137.0,170,193,307,-819,762,-518,37.4117787,-121.9949642
256855832,2,11,37.4130636,-121.9951182,91,10.67,139.4,170,193,308,-811,693,-507,37.4117787,-121.9949642
256929386,2,11,37.4130636,-121.9951182,91,10.67,139.4,170,193,308,-811,693,-507,37.4117787,-121.9949642
256956481,2,11,37.4130569,-121.9951115,92,9.78,143.3,170,194,308,-785,583,-533,37.4117787,-121.9949642
257057143,2,11,37.4130502,-121.9951059,92,9.04,148.6,170,194,309,-772,470,-562,37.4117787,-121.9949642
257158161,2,11,37.4130433,-121.9951014,93,8.81,154.2,170,195,310,-794,382,-578,37.4117787,-121.9949642
257258742,2,11,37.4130363,-121.9950979,93,8.24,158.4,170,195,311,-766,302,-577,37.4117787,-121.9949642
257359130,2,11,37.4130298,-121.9950954,94,7.68,164.0,170,195,311,-738,210,-566,37.4117787,-121.9949642
257459118,2,11,37.4130235,-121.9950940,95,7.09,170.2,170,196,312,-699,119,-547,37.4117787,-121.9949642
257559857,2,11,37.4130166,-121.9950932,95,7.28,175.0,170,197,313,-725,63,-570,37.4117787,-121.9949642
257660192,2,11,37.4130090,-121.9950926,96,7.61,175.7,170,198,314,-759,55,-591,37.4117787,-121.9949642
257760956,2,11,37.4130021,-121.9950924,97,7.34,178.4,170,198,315,-734,20,-575,37.4117787,-121.9949642
257861763,2,11,37.4129940,-121.9950920,98,7.86,178.2,170,199,316,-785,23,-612,37.4117787,-121.9949642
257962382,2,11,37.4129862,-121.9950919,98,7.72,179.6,170,200,317,-772,4,-603,37.4117787,-121.9949642
258063153,2,11,37.4129775,-121.9950919,99,8.35,182.0,170,200,317,-834,-29,-593,37.4117787,-121.9949642
258163196,2,11,37.4129672,-121.9950922,100,10.26,183.6,170,200,318,-1024,-64,-593,37.4117787,-121.9949642
258244062,2,11,37.4129563,-121.9950927,101,11.17,183.6,170,200,318,-1115,-70,-599,37.4117787,-121.9949642
258344930,2,11,37.4129470,-121.9950933,102,10.40,183.0,170,201,318,-1039,-54,-575,37.4117787,-121.9949642
258445480,2,11,37.4129380,-121.9950937,102,10.20,182.3,170,201,318,-1019,-42,-563,37.4117787,-121.9949642
258545670,2,11,37.4129291,-121.9950939,103,9.99,181.5,170,201,318,-999,-26,-569,37.4117787,-121.9949642
258646330,2,11,37.4129209,-121.9950939,103,9.46,178.8,170,201,318,-945,18,-551,37.4117787,-121.9949642
258746908,2,11,37.4129129,-121.9950937,104,9.19,177.7,170,201,318,-919,35,-545,37.4117787,-121.9949642
258847318,2,11,37.4129054,-121.9950932,104,8.88,176.6,170,201,318,-887,51,-511,37.4117787,-121.9949642
258948090,2,11,37.4128975,-121.9950923,105,8.95,174.4,170,201,318,-891,86,-506,37.4117787,-121.9949642
259049264,2,11,37.4128895,-121.9950906,105,8.87,170.4,170,201,318,-875,147,-513,37.4117787,-121.9949642
259075940,2,11,37.4128895,-121.9950906,105,8.87,170.4,170,201,318,-875,147,-513,37.4117787,-121.9949642
259149710,2,11,37.4128817,-121.9950894,106,8.98,172.6,170,201,318,-890,114,-507,37.4117787,-121.9949642
259250324,2,11,37.4128738,-121.9950883,106,9.04,173.4,170,201,318,-898,102,-507,37.4117787,-121.9949642
259350956,2,11,37.4128656,-121.9950869,107,9.02,171.5,170,201,317,-892,133,-543,37.4117787,-121.9949642
259451748,2,11,37.4128573,-121.9950851,107,9.28,170.7,170,201,317,-916,149,-537,37.4117787,-121.9949642
259552119,2,11,37.4128484,-121.9950834,108,10.36,173.8,170,201,317,-1030,111,-382,37.4117787,-121.9949642
259652585,2,11,37.4128403,-121.9950828,108,10.36,176.7,170,201,317,-1034,59,-196,37.4117787,-121.9949642
259753601,2,11,37.4128323,-121.9950823,108,9.65,176.7,170,200,317,-964,55,-55,37.4117787,-121.9949642
259853880,2,11,37.4128243,-121.9950818,107,9.46,176.6,170,200,317,-945,55,43,37.4117787,-121.9949642
259954477,2,11,37.4128161,-121.9950808,107,9.37,174.0,170,200,317,-932,97,163,37.4117787,-121.9949642
260054975,2,11,37.4128073,-121.9950792,107,10.24,171.2,170,199,317,-1012,156,297,37.4117787,-121.9949642
260155404,2,11,37.4127986,-121.9950768,106,10.41,165.5,170,199,317,-1008,260,470,37.4117787,-121.9949642
260256047,2,11,37.4127906,-121.9950734,105,10.09,159.6,170,199,317,-946,351,598,37.4117787,-121.9949642
260356829,2,11,37.4127830,-121.9950699,104,10.09,161.2,170,199,317,-955,324,746,37.4117787,-121.9949642
260457405,2,11,37.4127753,-121.9950690,103,9.59,175.4,170,200,318,-956,76,881,37.4117787,-121.9949642
260557844,2,11,37.4127685,-121.9950710,101,9.02,192.1,170,200,318,-882,-190,990,37.4117787,-121.9949642
260658211,2,11,37.4127625,-121.9950742,100,8.36,199.4,170,200,318,-788,-279,1143,37.4117787,-121.9949642
260758899,2,11,37.4127564,-121.9950787,98,8.74,207.6,170,200,319,-774,-405,1290,37.4117787,-121.9949642
260859232,2,11,37.4127505,-121.9950846,96,9.21,216.9,170,200,319,-736,-553,1346,37.4117787,-121.9949642
260959952,2,11,37.4127446,-121.9950917,95,9.06,224.5,170,201,320,-645,-635,1277,37.4117787,-121.9949642
261060140,2,11,37.4127399,-121.9951006,94,9.75,235.5,170,201,321,-551,-804,1313,37.4117787,-121.9949642
261160837,2,11,37.4127352,-121.9951130,92,11.80,244.1,170,202,321,-515,-1061,1308,37.4117787,-121.9949642
261220995,2,11,37.4127352,-121.9951130,92,11.80,244.1,170,202,321,-515,-1061,1308,37.4117787,-121.9949642
261241234,2,11,37.4127304,-121.9951279,92,13.69,250.8,170,202,322,-449,-1293,1136,37.4117787,-121.9949642
261341758,2,11,37.4127252,-121.9951442,91,14.75,252.4,170,202,323,-444,-1406,952,37.4117787,-121.9949642
261442417,2,11,37.4127196,-121.9951603,91,14.75,251.7,170,203,323,-463,-1400,704,37.4117787,-121.9949642
261542956,2,11,37.4127139,-121.9951760,92,13.94,251.2,170,203,324,-447,-1320,363,37.4117787,-121.9949642
261644518,2,10,37.4127092,-121.9951897,93,11.91,252.7,174,203,324,-353,-1137,53,37.4117787,-121.9949642
261745164,2,10,37.4127051,-121.9952023,94,10.84,253.2,174,204,325,-311,-1038,-195,37.4117787,-121.9949642
261845511,2,11,37.4126994,-121.9952136,95,9.76,245.2,170,204,325,-408,-887,-500,37.4117787,-121.9949642
261945758,2,11,37.4126934,-121.9952226,97,8.83,236.3,170,204,325,-490,-735,-695,37.4117787,-121.9949642
262046900,2,11,37.4126866,-121.9952289,98,7.94,220.9,170,205,326,-600,-520,-848,37.4117787,-121.9949642
262146837,2,11,37.4126791,-121.9952334,99,8.07,207.6,170,205,326,-715,-374,-967,37.4117787,-121.9949642
262247187,2,11,37.4126715,-121.9952375,101,8.29,204.1,170,205,326,-756,-339,-1048,37.4117787,-121.9949642
262347864,2,11,37.4126632,-121.9952409,102,8.82,199.6,170,205,326,-830,-296,-1131,37.4117787,-121.9949642
262448310,2,11,37.4126542,-121.9952436,103,10.31,194.3,170,205,326,-999,-255,-1115,37.4117787,-121.9949642
262549157,2,10,37.4126432,-121.9952453,104,12.15,187.5,178,206,326,-1204,-160,-1097,37.4117787,-121.9949642
262649890,2,10,37.4126303,-121.9952456,106,13.33,182.3,178,206,326,-1332,-54,-1150,37.4117787,-121.9949642
262751298,2,10,37.4126176,-121.9952455,107,12.74,179.4,178,207,327,-1274,12,-1279,37.4117787,-121.9949642
262851679,2,10,37.4126039,-121.9952441,109,13.52,176.6,178,208,327,-1349,79,-1417,37.4117787,-121.9949642
262951822,2,10,37.4125910,-121.9952439,111,14.16,179.4,178,209,328,-1416,12,-1424,37.4117787,-121.9949642
263052753,2,10,37.4125754,-121.9952443,112,16.42,183.2,178,210,329,-1640,-91,-1438,37.4117787,-121.9949642
263152918,2,10,37.4125571,-121.9952453,114,18.92,184.3,178,211,330,-1887,-143,-1468,37.4117787,-121.9949642
263253634,2,10,37.4125377,-121.9952463,115,20.67,183.8,178,212,331,-2062,-137,-1429,37.4117787,-121.9949642
263354629,2,10,37.4125174,-121.9952467,117,21.62,181.8,178,214,333,-2161,-71,-1423,37.4117787,-121.9949642
263360741,2,10,37.4125174,-121.9952467,117,21.62,181.8,178,214,333,-2161,-71,-1423,37.4117787,-121.9949642
263455632,2,10,37.4124984,-121.9952476,118,21.25,181.3,178,215,335,-2125,-48,-1412,37.4117787,-121.9949642
263536657,2,10,37.4124794,-121.9952481,120,21.01,180.5,178,217,336,-2101,-18,-1420,37.4117787,-121.9949642
263636900,2,10,37.4124558,-121.9952452,121,23.55,176.3,178,218,338,-2350,149,-1386,37.4117787,-121.9949642
263738291,2,11,37.4124299,-121.9952419,122,26.21,175.7,170,220,340,-2614,194,-1325,37.4117787,-121.9949642
263838866,2,10,37.4124068,-121.9952413,123,25.87,177.6,177,222,342,-2585,105,-1321,37.4117787,-121.9949642
263939817,2,10,37.4123816,-121.9952393,125,26.56,176.7,177,224,344,-2652,151,-1348,37.4117787,-121.9949642
264041126,2,10,37.4123554,-121.9952365,127,27.28,175.5,177,226,347,-2720,210,-1443,37.4117787,-121.9949642
264142224,2,10,37.4123289,-121.9952337,129,27.77,175.4,177,228,349,-2768,222,-1531,37.4117787,-121.9949642
264243215,2,10,37.4123017,-121.9952274,132,27.78,171.2,177,230,351,-2745,423,-1732,37.4117787,-121.9949642
264344540,2,11,37.4122776,-121.9952190,135,26.59,166.4,170,231,354,-2585,621,-1899,37.4117787,-121.9949642
264445114,2,9,37.4122580,-121.9952081,138,23.79,159.5,183,234,356,-2229,832,-2126,37.4117787,-121.9949642
264544796,2,9,37.4122447,-121.9951960,141,19.71,150.0,183,236,358,-1707,985,-2370,37.4117787,-121.9949642
264644873,2,9,37.4122369,-121.9951850,144,16.19,140.1,183,238,360,-1244,1037,-2482,37.4117787,-121.9949642
264745751,2,9,37.4122462,-121.9951830,145,8.39,117.4,190,240,361,-386,744,-2301,37.4117787,-121.9949642
264846570,2,11,37.4122560,-121.9951798,147,6.36,73.4,170,240,362,180,610,-2298,37.4117787,-121.9949642
264947148,2,9,37.4122732,-121.9951797,148,8.86,29.5,190,241,363,771,437,-2089,37.4117787,-121.9949642
265047316,2,10,37.4122811,-121.9951757,150,8.73,28.7,178,242,365,765,419,-2037,37.4117787,-121.9949642
265147652,2,9,37.4122892,-121.9951708,151,9.03,30.8,181,244,366,775,463,-1978,37.4117787,-121.9949642
265247998,2,11,37.4122998,-121.9951675,152,9.63,27.8,170,244,367,851,449,-1870,37.4117787,-121.9949642
265348317,2,8,37.4123123,-121.9951666,152,10.08,19.0,214,246,369,953,329,-1657,37.4117787,-121.9949642
265448894,2,11,37.4123225,-121.9951662,153,8.95,15.9,170,247,369,861,245,-1461,37.4117787,-121.9949642
265516289,2,11,37.4123225,-121.9951662,153,8.95,15.9,170,247,369,861,245,-1461,37.4117787,-121.9949642
265549671,2,10,37.4123331,-121.9951651,152,8.37,21.5,174,247,369,778,307,-1155,37.4117787,-121.9949642
265650452,2,8,37.4123439,-121.9951650,151,8.44,20.1,214,248,370,793,290,-798,37.4117787,-121.9949642
265751255,2,10,37.4123522,-121.9951647,149,7.15,25.7,173,249,369,644,311,-406,37.4117787,-121.9949642
265851825,2,10,37.4123604,-121.9951639,147,7.24,28.1,173,249,369,623,369,-15,37.4117787,-121.9949642
265952130,2,10,37.4123663,-121.9951613,145,6.89,31.7,173,250,369,556,406,202,37.4117787,-121.9949642
266052785,2,9,37.4123696,-121.9951558,144,6.96,40.5,183,250,370,425,552,333,37.4117787,-121.9949642
266153928,2,9,37.4123732,-121.9951489,143,7.49,60.4,183,251,371,369,652,454,37.4117787,-121.9949642
266234520,2,8,37.4123777,-121.9951415,142,8.21,60.4,202,252,372,405,714,556,37.4117787,-121.9949642
266354189,2,9,37.4123831,-121.9951334,142,9.02,56.7,183,253,372,494,755,607,37.4117787,-121.9949642
266434594,2,9,37.4123898,-121.9951258,141,9.39,49.6,183,254,374,608,715,647,37.4117787,-121.9949642
266535289,2,7,37.4123961,-121.9951185,140,8.96,48.4,272,256,376,595,670,681,37.4117787,-121.9949642
266635583,2,7,37.4124034,-121.9951125,139,8.81,41.8,272,257,378,656,588,702,37.4117787,-121.9949642
266735945,2,7,37.4124117,-121.9951079,138,8.85,32.2,272,258,380,748,472,717,37.4117787,-121.9949642
266836643,2,7,37.4124200,-121.9951055,137,8.37,19.6,272,259,382,788,281,728,37.4117787,-121.9949642
266937235,2,9,37.4124450,-121.9951080,133,13.50,4.1,192,260,384,1346,98,1296,37.4117787,-121.9949642
267037647,2,8,37.4124550,-121.9951095,132,10.72,355.7,214,260,386,1069,-79,1297,37.4117787,-121.9949642
267138114,2,9,37.4124791,-121.9951140,128,16.14,356.3,183,261,387,1610,-103,1732,37.4117787,-121.9949642
267239218,2,9,37.4124967,-121.9951163,125,16.81,357.6,183,262,388,1679,-67,1861,37.4117787,-121.9949642
267339764,2,9,37.4125158,-121.9951177,122,18.62,0.1,183,263,390,1862,5,1968,37.4117787,-121.9949642
267439987,2,9,37.4125359,-121.9951186,119,19.23,1.1,183,263,392,1923,38,2117,37.4117787,-121.9949642
267540879,2,9,37.4125632,-121.9951221,115,22.03,358.9,183,264,393,2203,-39,2480,37.4117787,-121.9949642
267641230,2,9,37.4125789,-121.9951244,111,16.86,357.7,191,265,395,1685,-65,2684,37.4117787,-121.9949642
267676457,2,9,37.4125789,-121.9951244,111,16.86,357.7,191,265,395,1685,-65,2684,37.4117787,-121.9949642
267742849,2,9,37.4125922,-121.9951258,107,14.03,358.8,191,267,397,1403,-28,2828,37.4117787,-121.9949642
267843938,2,9,37.4126045,-121.9951262,104,12.89,2.1,191,268,399,1288,49,2934,37.4117787,-121.9949642
267924903,2,9,37.4126223,-121.9951290,100,14.35,358.5,191,269,401,1435,-36,3141,37.4117787,-121.9949642
268045214,2,9,37.4126402,-121.9951322,95,15.37,356.4,190,270,403,1534,-96,3330,37.4117787,-121.9949642
268145863,2,9,37.4126609,-121.9951367,90,17.36,354.3,190,271,404,1727,-171,3529,37.4117787,-121.9949642
268246530,2,8,37.4126827,-121.9951439,86,20.39,347.1,197,272,405,1989,-452,3619,37.4117787,-121.9949642
268347361,2,9,37.4127009,-121.9951527,83,22.25,339.8,182,273,406,2089,-765,3522,37.4117787,-121.9949642
268427696,2,8,37.4127082,-121.9951600,82,20.24,334.5,194,273,407,1828,-869,3164,37.4117787,-121.9949642
268528558,2,9,37.4127181,-121.9951702,81,21.31,331.5,188,274,407,1874,-1015,2811,37.4117787,-121.9949642
268628772,2,9,37.4127298,-121.9951824,80,23.05,329.6,188,275,409,1990,-1164,2468,37.4117787,-121.9949642
268729048,2,9,37.4127402,-121.9951945,79,22.32,328.6,188,275,409,1906,-1162,2172,37.4117787,-121.9949642
268850967,2,9,37.4127483,-121.9952070,79,21.79,326.7,188,276,409,1821,-1196,1792,37.4117787,-121.9949642
268951321,2,10,37.4127564,-121.9952194,80,20.65,325.8,178,276,410,1709,-1159,1453,37.4117787,-121.9949642
269051607,2,10,37.4127651,-121.9952320,80,19.62,324.1,178,276,410,1590,-1149,1183,37.4117787,-121.9949642
269132174,2,10,37.4127723,-121.9952441,81,18.66,323.4,178,276,410,1499,-1112,885,37.4117787,-121.9949642
269233111,2,10,37.4127795,-121.9952566,81,17.59,321.8,178,276,409,1383,-1086,625,37.4117787,-121.9949642
269333688,2,10,37.4127868,-121.9952690,82,16.69,319.8,178,275,408,1275,-1077,387,37.4117787,-121.9949642
269434077,2,9,37.4127947,-121.9952812,83,16.02,318.4,190,275,408,1199,-1061,236,37.4117787,-121.9949642
269535112,2,9,37.4128031,-121.9952934,83,15.49,318.3,190,274,407,1156,-1030,136,37.4117787,-121.9949642
269635584,2,10,37.4128131,-121.9953056,83,15.02,318.9,178,273,406,1132,-987,92,37.4117787,-121.9949642
269736098,2,10,37.4128234,-121.9953176,83,14.73,319.1,178,273,405,1115,-963,71,37.4117787,-121.9949642
269833233,2,10,37.4128234,-121.9953176,83,14.73,319.1,178,273,405,1115,-963,71,37.4117787,-121.9949642
269836418,2,10,37.4128330,-121.9953294,83,14.10,317.2,178,272,404,1035,-957,46,37.4117787,-121.9949642
269936963,2,9,37.4128417,-121.9953413,83,13.32,313.2,188,271,403,912,-970,71,37.4117787,-121.9949642
270037508,2,9,37.4128500,-121.9953533,82,13.29,311.7,188,271,402,885,-991,128,37.4117787,-121.9949642
270138286,2,9,37.4128585,-121.9953650,82,13.16,313.0,188,271,402,899,-961,173,37.4117787,-121.9949642
270239350,2,11,37.4128657,-121.9953755,82,11.58,312.0,170,271,401,776,-859,216,37.4117787,-121.9949642
270339772,2,11,37.4128735,-121.9953853,81,10.68,317.5,170,271,400,788,-720,305,37.4117787,-121.9949642
270440321,2,11,37.4128829,-121.9953935,80,10.45,330.3,170,271,399,908,-517,434,37.4117787,-121.9949642
270540757,2,11,37.4128945,-121.9953984,79,11.41,349.2,170,270,397,1121,-213,515,37.4117787,-121.9949642
270641806,2,11,37.4129064,-121.9953996,79,12.71,1.2,170,270,396,1271,27,501,37.4117787,-121.9949642
270742346,2,11,37.4129191,-121.9953978,78,13.89,11.0,170,269,396,1363,266,468,37.4117787,-121.9949642
270842985,2,11,37.4129324,-121.9953929,78,14.93,23.7,170,269,396,1367,600,508,37.4117787,-121.9949642
270943973,2,11,37.4129454,-121.9953846,77,15.96,34.5,170,268,396,1314,906,574,37.4117787,-121.9949642
271043864,2,11,37.4129570,-121.9953731,76,16.37,44.0,170,268,396,1177,1138,599,37.4117787,-121.9949642
271144343,2,11,37.4129672,-121.9953589,75,17.04,52.5,170,267,396,1036,1352,606,37.4117787,-121.9949642
271245027,2,11,37.4129766,-121.9953433,74,17.07,57.6,170,267,397,913,1441,622,37.4117787,-121.9949642
271345444,2,10,37.4129856,-121.9953274,74,17.06,60.4,176,266,397,841,1484,636,37.4117787,-121.9949642
271445890,2,11,37.4129947,-121.9953115,73,17.05,61.8,170,266,396,805,1502,675,37.4117787,-121.9949642
271546133,2,11,37.4130036,-121.9952955,71,17.06,62.3,170,265,395,790,1511,709,37.4117787,-121.9949642
271646846,2,11,37.4130123,-121.9952793,70,17.33,62.9,170,264,394,789,1543,745,37.4117787,-121.9949642
271747563,2,11,37.4130212,-121.9952630,69,17.21,63.2,170,263,393,774,1537,777,37.4117787,-121.9949642
271827798,2,11,37.4130299,-121.9952459,68,17.81,63.0,170,262,393,806,1588,751,37.4117787,-121.9949642
271948443,2,11,37.4130385,-121.9952282,68,18.33,62.7,170,262,392,840,1629,687,37.4117787,-121.9949642
272000247,2,11,37.4130385,-121.9952282,68,18.33,62.7,170,262,392,840,1629,687,37.4117787,-121.9949642
272028656,2,11,37.4130480,-121.9952098,67,19.50,61.9,170,261,392,917,1721,647,37.4117787,-121.9949642
272129175,2,10,37.4130573,-121.9951908,66,19.30,61.3,173,260,391,925,1695,542,37.4117787,-121.9949642
272229920,2,10,37.4130666,-121.9951722,66,19.02,61.2,173,259,391,916,1667,439,37.4117787,-121.9949642
272331164,2,11,37.4130763,-121.9951535,65,19.71,61.0,170,258,390,954,1725,409,37.4117787,-121.9949642
272432064,2,11,37.4130858,-121.9951346,65,19.49,61.8,170,257,390,918,1719,393,37.4117787,-121.9949642
272533052,2,11,37.4130949,-121.9951158,64,19.27,63.0,170,257,389,872,1718,376,37.4117787,-121.9949642
272633851,2,11,37.4131037,-121.9950968,64,19.33,64.4,170,256,388,834,1744,370,37.4117787,-121.9949642
272734436,2,11,37.4131125,-121.9950780,63,19.35,65.1,170,255,387,811,1756,371,37.4117787,-121.9949642
272834814,2,11,37.4131211,-121.9950596,63,18.68,65.7,170,254,386,766,1704,369,37.4117787,-121.9949642
272934812,2,11,37.4131293,-121.9950412,62,18.54,67.4,170,253,385,709,1712,382,37.4117787,-121.9949642
273035111,2,10,37.4131372,-121.9950225,61,18.64,68.5,173,252,384,681,1735,383,37.4117787,-121.9949642
273135281,2,10,37.4131448,-121.9950036,61,18.50,69.8,173,251,383,637,1736,379,37.4117787,-121.9949642
273235903,2,11,37.4131519,-121.9949845,60,18.70,70.9,170,250,382,611,1768,390,37.4117787,-121.9949642
273337026,2,11,37.4131581,-121.9949650,60,18.81,72.1,170,249,381,575,1790,387,37.4117787,-121.9949642
273437495,2,11,37.4131640,-121.9949452,59,18.95,73.4,170,249,380,538,1817,399,37.4117787,-121.9949642
273537542,2,11,37.4131694,-121.9949250,58,19.06,75.0,170,248,380,491,1842,403,37.4117787,-121.9949642
273637857,2,11,37.4131745,-121.9949047,58,19.17,76.4,170,248,379,447,1864,410,37.4117787,-121.9949642
273738604,2,11,37.4131787,-121.9948838,57,19.38,78.1,170,247,378,396,1897,386,37.4117787,-121.9949642
273838849,2,11,37.4131822,-121.9948625,57,19.73,81.1,170,247,377,303,1950,291,37.4117787,-121.9949642
273939363,2,11,37.4131849,-121.9948405,56,20.10,84.1,170,246,376,205,2000,243,37.4117787,-121.9949642
274039999,2,11,37.4131869,-121.9948184,56,19.97,85.7,170,246,376,149,1992,197,37.4117787,-121.9949642
274140317,2,11,37.4131884,-121.9947964,56,19.90,87.0,170,245,375,100,1987,177,37.4117787,-121.9949642
274164243,2,11,37.4131884,-121.9947964,56,19.90,87.0,170,245,375,100,1987,177,37.4117787,-121.9949642
274241183,2,11,37.4131896,-121.9947742,55,19.95,88.6,170,245,374,48,1995,171,37.4117787,-121.9949642
274342210,2,11,37.4131902,-121.9947520,55,19.87,90.0,170,244,373,-1,1987,175,37.4117787,-121.9949642
274442240,2,11,37.4131907,-121.9947299,55,19.88,91.3,170,244,373,-46,1988,205,37.4117787,-121.9949642
274542396,2,11,37.4131907,-121.9947078,54,19.93,92.4,170,243,372,-84,1991,210,37.4117787,-121.9949642
274643164,2,11,37.4131898,-121.9946858,54,20.01,94.6,170,243,372,-161,1994,174,37.4117787,-121.9949642
274743287,2,11,37.4131886,-121.9946637,54,19.99,95.3,170,242,371,-186,1991,193,37.4117787,-121.9949642
274843520,2,11,37.4131871,-121.9946417,53,20.19,97.0,170,241,370,-249,2004,190,37.4117787,-121.9949642
274943982,2,11,37.4131848,-121.9946195,53,20.23,99.4,170,241,369,-333,1995,171,37.4117787,-121.9949642
275024504,2,11,37.4131816,-121.9945976,53,20.24,102.2,170,240,368,-428,1978,82,37.4117787,-121.9949642
275145504,2,10,37.4131772,-121.9945758,53,20.29,105.7,178,240,368,-550,1953,-64,37.4117787,-121.9949642
275225959,2,10,37.4131719,-121.9945543,53,20.26,108.1,178,240,367,-632,1925,-127,37.4117787,-121.9949642
275326252,2,10,37.4131661,-121.9945329,53,20.09,108.7,178,239,367,-646,1902,-93,37.4117787,-121.9949642
275426626,2,11,37.4131606,-121.9945123,53,19.72,109.9,170,239,366,-674,1853,-63,37.4117787,-121.9949642
275527267,2,11,37.4131546,-121.9944917,53,19.77,111.0,170,238,365,-709,1845,-29,37.4117787,-121.9949642
275627327,2,11,37.4131484,-121.9944713,53,19.75,111.8,170,238,365,-735,1833,-5,37.4117787,-121.9949642
275728136,2,11,37.4131421,-121.9944512,53,19.63,113.2,170,237,364,-775,1803,-1,37.4117787,-121.9949642
275829115,2,11,37.4131351,-121.9944315,53,19.66,115.8,170,237,363,-858,1769,0,37.4117787,-121.9949642
275929489,2,11,37.4131273,-121.9944119,52,19.78,117.7,170,236,362,-920,1751,41,37.4117787,-121.9949642
276030362,2,11,37.4131193,-121.9943925,52,19.60,118.0,170,236,361,-922,1730,87,37.4117787,-121.9949642
276130328,2,11,37.4131109,-121.9943731,52,19.86,119.3,170,235,361,-974,1731,105,37.4117787,-121.9949642
276231444,2,11,37.4131027,-121.9943544,52,19.19,119.8,170,235,360,-955,1665,120,37.4117787,-121.9949642
276325762,2,11,37.4131027,-121.9943544,52,19.19,119.8,170,235,360,-955,1665,120,37.4117787,-121.9949642
276332124,2,11,37.4130943,-121.9943360,52,19.09,120.9,170,234,359,-982,1637,184,37.4117787,-121.9949642
276432550,2,11,37.4130852,-121.9943177,51,19.47,123.2,170,234,358,-1068,1628,188,37.4117787,-121.9949642
276533764,2,10,37.4130752,-121.9942998,51,19.88,126.1,183,234,358,-1171,1606,152,37.4117787,-121.9949642
276634007,2,10,37.4130644,-121.9942821,51,20.25,128.4,183,233,357,-1260,1585,81,37.4117787,-121.9949642
276734362,2,11,37.4130529,-121.9942648,51,20.24,130.5,170,233,356,-1317,1537,-41,37.4117787,-121.9949642
276835005,2,11,37.4130415,-121.9942486,51,19.73,131.3,170,233,356,-1303,1482,-158,37.4117787,-121.9949642
276935273,2,11,37.4130298,-121.9942327,51,19.23,132.8,170,232,356,-1308,1410,-232,37.4117787,-121.9949642
277035687,2,11,37.4130178,-121.9942172,52,18.82,134.2,170,232,355,-1314,1347,-255,37.4117787,-121.9949642
277136139,2,11,37.4130057,-121.9942023,52,18.72,135.8,170,232,355,-1343,1303,-232,37.4117787,-121.9949642
277236916,2,10,37.4129935,-121.9941878,52,18.75,136.7,183,232,355,-1366,1284,-179,37.4117787,-121.9949642
277338180,2,11,37.4129817,-121.9941739,52,17.75,138.7,170,231,354,-1335,1170,-1,37.4117787,-121.9949642
277438970,2,11,37.4129698,-121.9941600,51,17.49,137.7,170,231,354,-1293,1177,176,37.4117787,-121.9949642
277539279,2,11,37.4129578,-121.9941457,51,17.97,136.3,170,231,354,-1301,1240,248,37.4117787,-121.9949642
277640348,2,11,37.4129460,-121.9941318,51,17.93,136.8,170,231,353,-1307,1227,304,37.4117787,-121.9949642
277741119,2,11,37.4129342,-121.9941180,50,17.92,137.0,170,231,353,-1312,1220,376,37.4117787,-121.9949642
277822414,2,11,37.4129226,-121.9941043,50,18.07,136.2,170,231,352,-1306,1249,390,37.4117787,-121.9949642
277923534,2,11,37.4129107,-121.9940903,50,18.58,135.5,170,231,351,-1326,1302,335,37.4117787,-121.9949642
278023956,2,11,37.4128988,-121.9940762,49,18.79,135.6,170,231,351,-1343,1314,187,37.4117787,-121.9949642
278124662,2,11,37.4128869,-121.9940624,49,18.68,136.1,170,231,350,-1348,1293,78,37.4117787,-121.9949642
278225343,2,11,37.4128743,-121.9940486,49,18.64,137.9,170,231,349,-1385,1247,36,37.4117787,-121.9949642
278326179,2,11,37.4128620,-121.9940353,49,18.35,138.2,170,230,348,-1369,1222,7,37.4117787,-121.9949642
278425687,2,11,37.4128499,-121.9940223,49,18.37,139.5,170,230,347,-1399,1191,47,37.4117787,-121.9949642
278484841,2,11,37.4128499,-121.9940223,49,18.37,139.5,170,230,347,-1399,1191,47,37.4117787,-121.9949642
278526047,2,11,37.4128379,-121.9940095,49,18.33,139.8,170,229,347,-1401,1181,81,37.4117787,-121.9949642
278626337,2,11,37.4128258,-121.9939968,49,18.29,140.5,170,229,346,-1412,1162,154,37.4117787,-121.9949642
278726341,2,11,37.4128139,-121.9939846,48,18.06,140.9,170,228,345,-1403,1137,212,37.4117787,-121.9949642
278826779,2,11,37.4128020,-121.9939724,48,17.99,140.6,170,228,345,-1392,1140,290,37.4117787,-121.9949642
278927592,2,11,37.4127903,-121.9939603,48,17.89,140.9,170,227,344,-1389,1128,352,37.4117787,-121.9949642
279028021,2,11,37.4127784,-121.9939484,47,17.91,141.8,170,227,343,-1407,1107,388,37.4117787,-121.9949642
279128619,2,11,37.4127665,-121.9939369,46,17.84,142.7,170,226,343,-1421,1079,427,37.4117787,-121.9949642
279228922,2,11,37.4127541,-121.9939254,46,18.01,143.7,170,226,342,-1452,1066,439,37.4117787,-121.9949642
279329237,2,11,37.4127413,-121.9939143,45,18.39,145.8,170,225,341,-1521,1033,401,37.4117787,-121.9949642
279429588,2,11,37.4127280,-121.9939037,45,18.56,147.3,170,225,340,-1563,1000,314,37.4117787,-121.9949642
279530044,2,11,37.4127141,-121.9938932,45,19.02,148.6,170,224,339,-1624,990,239,37.4117787,-121.9949642
279630350,2,11,37.4127001,-121.9938832,44,19.00,150.1,170,223,339,-1649,944,166,37.4117787,-121.9949642
279730589,2,11,37.4126860,-121.9938738,44,18.30,151.5,170,223,338,-1609,871,76,37.4117787,-121.9949642
279831781,2,11,37.4126716,-121.9938653,44,18.42,155.0,170,222,337,-1671,776,53,37.4117787,-121.9949642
279931949,2,11,37.4126572,-121.9938577,44,18.29,156.9,170,222,336,-1683,717,58,37.4117787,-121.9949642
280031921,2,11,37.4126428,-121.9938505,44,18.22,158.6,170,221,336,-1697,662,37,37.4117787,-121.9949642
280132319,2,11,37.4126284,-121.9938440,44,17.93,160.4,170,221,335,-1690,599,-5,37.4117787,-121.9949642
280233863,2,11,37.4126134,-121.9938385,44,17.95,164.1,170,220,335,-1727,489,-14,37.4117787,-121.9949642
280334355,2,11,37.4125987,-121.9938338,43,17.70,165.5,170,220,335,-1714,441,-13,37.4117787,-121.9949642
280435388,2,11,37.4125845,-121.9938298,43,17.01,166.7,170,220,335,-1655,390,15,37.4117787,-121.9949642
280537036,2,11,37.4125699,-121.9938264,43,16.95,169.3,170,219,335,-1666,313,9,37.4117787,-121.9949642
280618155,2,11,37.4125553,-121.9938235,43,16.77,170.9,170,219,335,-1657,263,-32,37.4117787,-121.9949642
280640501,2,11,37.4125553,-121.9938235,43,16.77,170.9,170,219,335,-1657,263,-32,37.4117787,-121.9949642
280739096,2,11,37.4125414,-121.9938207,43,15.99,170.1,170,219,335,-1575,274,-1,37.4117787,-121.9949642
280819785,2,11,37.4125275,-121.9938183,43,16.00,171.7,170,219,335,-1584,228,-9,37.4117787,-121.9949642
280920265,2,11,37.4125136,-121.9938164,43,15.80,173.5,170,218,335,-1570,178,4,37.4117787,-121.9949642
281021040,2,11,37.4124999,-121.9938149,43,15.59,173.9,170,218,335,-1550,164,19,37.4117787,-121.9949642
281121684,2,11,37.4124864,-121.9938136,43,15.48,174.6,170,218,335,-1542,143,46,37.4117787,-121.9949642
281222631,2,11,37.4124733,-121.9938126,43,15.23,175.5,170,217,335,-1518,118,42,37.4117787,-121.9949642
281323794,2,11,37.4124609,-121.9938122,42,15.37,175.6,170,217,334,-1532,117,42,37.4117787,-121.9949642
281424557,2,11,37.4124486,-121.9938114,42,14.94,175.6,170,216,334,-1490,112,164,37.4117787,-121.9949642
281525587,2,11,37.4124363,-121.9938103,42,14.28,175.3,170,216,334,-1423,115,294,37.4117787,-121.9949642
281625923,2,11,37.4124245,-121.9938091,41,13.89,174.8,170,215,334,-1383,125,409,37.4117787,-121.9949642
281726544,2,11,37.4124126,-121.9938080,40,13.88,174.8,170,215,333,-1383,124,461,37.4117787,-121.9949642
281826752,2,11,37.4124008,-121.9938070,40,13.93,175.0,170,214,333,-1388,119,512,37.4117787,-121.9949642
281927354,2,11,37.4123889,-121.9938061,39,13.94,175.9,170,214,333,-1390,99,537,37.4117787,-121.9949642
282027817,2,11,37.4123767,-121.9938053,39,14.22,175.8,170,214,333,-1419,101,523,37.4117787,-121.9949642
282128093,2,11,37.4123642,-121.9938050,38,14.85,177.9,170,213,332,-1484,53,482,37.4117787,-121.9949642
282228844,2,11,37.4123512,-121.9938056,38,15.42,180.6,170,213,332,-1542,-18,396,37.4117787,-121.9949642
282328566,2,11,37.4123378,-121.9938068,37,15.57,182.9,170,213,332,-1555,-80,368,37.4117787,-121.9949642
282429497,2,11,37.4123244,-121.9938085,37,15.50,184.6,170,212,332,-1545,-125,366,37.4117787,-121.9949642
282531349,2,11,37.4123111,-121.9938104,36,15.32,185.2,170,212,332,-1526,-139,403,37.4117787,-121.9949642
282631256,2,11,37.4122978,-121.9938125,36,15.23,186.0,170,212,332,-1514,-160,443,37.4117787,-121.9949642
282731486,2,11,37.4122845,-121.9938148,35,15.34,187.3,170,211,332,-1522,-195,450,37.4117787,-121.9949642
282792306,2,11,37.4122845,-121.9938148,35,15.34,187.3,170,211,332,-1522,-195,450,37.4117787,-121.9949642
282831924,2,11,37.4122710,-121.9938178,35,15.32,189.4,170,211,332,-1511,-252,475,37.4117787,-121.9949642
282932969,2,11,37.4122580,-121.9938209,34,15.11,189.7,170,211,332,-1489,-257,533,37.4117787,-121.9949642
283034306,2,11,37.4122453,-121.9938239,33,14.71,189.2,170,211,332,-1452,-237,602,37.4117787,-121.9949642
283134735,2,11,37.4122326,-121.9938272,32,14.53,190.6,170,211,332,-1428,-269,671,37.4117787,-121.9949642
283215454,2,11,37.4122199,-121.9938308,32,14.57,192.0,170,211,332,-1425,-304,707,37.4117787,-121.9949642
283316247,2,11,37.4122074,-121.9938346,31,14.42,192.2,170,211,332,-1409,-307,777,37.4117787,-121.9949642
283416341,2,11,37.4121951,-121.9938384,30,14.38,192.7,170,211,332,-1402,-316,822,37.4117787,-121.9949642
283517305,2,11,37.4121831,-121.9938429,29,14.69,195.3,170,211,332,-1416,-389,828,37.4117787,-121.9949642
283618544,2,11,37.4121708,-121.9938480,28,14.80,197.4,170,211,332,-1412,-445,857,37.4117787,-121.9949642
283719011,2,11,37.4121587,-121.9938533,27,14.73,198.6,170,211,332,-1396,-470,887,37.4117787,-121.9949642
283820242,2,11,37.4121471,-121.9938590,26,14.80,199.8,170,211,332,-1393,-502,912,37.4117787,-121.9949642
283921253,2,11,37.4121357,-121.9938651,25,14.82,201.3,170,211,332,-1380,-539,910,37.4117787,-121.9949642
284021659,2,11,37.4121237,-121.9938724,24,15.29,204.8,170,211,333,-1387,-643,907,37.4117787,-121.9949642
284122378,2,11,37.4121117,-121.9938809,23,15.89,208.3,170,211,333,-1398,-753,864,37.4117787,-121.9949642
284223045,2,11,37.4120995,-121.9938909,22,16.46,212.0,170,211,333,-1394,-874,760,37.4117787,-121.9949642
284324323,2,11,37.4120873,-121.9939020,21,16.70,215.2,170,211,333,-1363,-964,639,37.4117787,-121.9949642
284425174,2,11,37.4120757,-121.9939138,21,16.64,217.5,170,211,333,-1320,-1013,534,37.4117787,-121.9949642
284525925,2,11,37.4120641,-121.9939263,20,16.67,219.6,170,211,333,-1283,-1064,456,37.4117787,-121.9949642
284627020,2,11,37.4120529,-121.9939389,20,16.43,220.9,170,210,333,-1242,-1075,420,37.4117787,-121.9949642
284727751,2,11,37.4120419,-121.9939514,20,16.09,221.4,170,210,333,-1207,-1064,451,37.4117787,-121.9949642
284828151,2,11,37.4120312,-121.9939638,19,15.94,222.0,170,210,333,-1183,-1067,509,37.4117787,-121.9949642
284928471,2,11,37.4120206,-121.9939752,18,15.46,219.2,170,210,333,-1197,-977,565,37.4117787,-121.9949642
284951713,2,11,37.4120206,-121.9939752,18,15.46,219.2,170,210,333,-1197,-977,565,37.4117787,-121.9949642
285028959,2,11,37.4120095,-121.9939856,18,15.19,215.0,170,210,334,-1243,-873,591,37.4117787,-121.9949642
285129244,2,11,37.4119988,-121.9939954,17,14.83,214.4,170,210,334,-1224,-838,667,37.4117787,-121.9949642
285229499,2,11,37.4119884,-121.9940049,16,14.40,214.0,170,210,334,-1193,-805,722,37.4117787,-121.9949642
285330081,2,11,37.4119784,-121.9940148,15,14.20,216.6,170,211,335,-1140,-847,768,37.4117787,-121.9949642
285430701,2,11,37.4119695,-121.9940264,14,14.36,225.5,170,211,335,-1005,-1026,682,37.4117787,-121.9949642
285531690,2,11,37.4119615,-121.9940394,14,14.24,232.1,170,211,336,-873,-1125,590,37.4117787,-121.9949642
285632360,2,11,37.4119538,-121.9940525,13,14.15,232.8,170,211,337,-855,-1127,608,37.4117787,-121.9949642
285733747,2,11,37.4119462,-121.9940656,13,14.26,232.8,170,211,337,-861,-1136,621,37.4117787,-121.9949642
285814316,2,11,37.4119386,-121.9940788,12,14.30,233.1,170,211,338,-858,-1144,618,37.4117787,-121.9949642
285935131,2,11,37.4119312,-121.9940923,11,14.36,234.3,170,211,338,-837,-1167,606,37.4117787,-121.9949642
286015173,2,11,37.4119240,-121.9941060,11,14.33,236.0,170,211,339,-800,-1189,572,37.4117787,-121.9949642
286115746,2,11,37.4119174,-121.9941203,10,14.44,238.3,170,211,339,-758,-1228,442,37.4117787,-121.9949642
286215902,2,11,37.4119110,-121.9941347,10,14.41,239.7,170,211,340,-727,-1244,350,37.4117787,-121.9949642
286316235,2,11,37.4119048,-121.9941489,10,14.19,240.4,170,211,340,-699,-1235,383,37.4117787,-121.9949642
286417283,2,11,37.4118986,-121.9941628,9,13.94,240.3,170,211,340,-690,-1212,409,37.4117787,-121.9949642
286518491,2,11,37.4118925,-121.9941769,9,13.94,240.6,170,211,341,-683,-1215,380,37.4117787,-121.9949642
286618908,2,11,37.4118866,-121.9941909,9,13.71,241.5,170,211,341,-652,-1205,318,37.4117787,-121.9949642
286719003,2,11,37.4118812,-121.9942050,8,13.47,243.5,170,211,341,-600,-1206,243,37.4117787,-121.9949642
286819746,2,11,37.4118763,-121.9942191,8,12.91,246.7,170,211,341,-510,-1186,142,37.4117787,-121.9949642
286921063,2,11,37.4118724,-121.9942327,8,12.37,250.0,170,210,341,-422,-1163,90,37.4117787,-121.9949642
287021550,2,11,37.4118689,-121.9942460,8,12.01,251.2,170,210,342,-387,-1137,54,37.4117787,-121.9949642
287114119,2,11,37.4118689,-121.9942460,8,12.01,251.2,170,210,342,-387,-1137,54,37.4117787,-121.9949642
287123089,2,11,37.4118661,-121.9942587,8,11.37,253.2,170,210,342,-327,-1089,12,37.4117787,-121.9949642
287223845,2,11,37.4118638,-121.9942713,8,11.31,255.2,170,210,342,-287,-1094,3,37.4117787,-121.9949642
287323561,2,11,37.4118614,-121.9942834,8,10.73,256.7,170,210,342,-246,-1044,-46,37.4117787,-121.9949642
287424220,2,11,37.4118593,-121.9942950,8,10.47,256.5,170,210,342,-243,-1019,-42,37.4117787,-121.9949642
287524740,2,11,37.4118573,-121.9943066,8,10.24,256.2,170,209,342,-243,-994,-31,37.4117787,-121.9949642
287625950,2,11,37.4118556,-121.9943178,8,9.87,256.2,170,209,341,-234,-959,-34,37.4117787,-121.9949642
287726578,2,11,37.4118541,-121.9943288,8,9.75,257.1,170,208,340,-217,-950,-2,37.4117787,-121.9949642
287827765,2,11,37.4118528,-121.9943395,8,9.38,256.5,170,207,339,-218,-912,47,37.4117787,-121.9949642
287928348,2,11,37.4118516,-121.9943502,8,9.38,257.1,170,207,338,-208,-915,95,37.4117787,-121.9949642
288028982,2,11,37.4118502,-121.9943604,7,8.84,256.0,170,206,337,-212,-858,140,37.4117787,-121.9949642
288129794,2,11,37.4118491,-121.9943705,7,8.80,257.3,170,205,336,-192,-859,161,37.4117787,-121.9949642
288230127,2,11,37.4118481,-121.9943804,7,8.61,259.1,170,205,335,-162,-846,155,37.4117787,-121.9949642
288330206,2,11,37.4118472,-121.9943905,7,8.64,260.9,170,204,334,-135,-854,136,37.4117787,-121.9949642
288430713,2,11,37.4118467,-121.9944005,6,8.43,262.4,170,203,333,-111,-836,131,37.4117787,-121.9949642
288531166,2,11,37.4118463,-121.9944103,6,8.40,264.3,170,203,332,-82,-836,133,37.4117787,-121.9949642
288631572,2,11,37.4118460,-121.9944202,6,8.48,266.6,170,202,332,-49,-846,125,37.4117787,-121.9949642
288712632,2,11,37.4118460,-121.9944298,6,8.24,269.9,170,202,330,0,-824,102,37.4117787,-121.9949642
288813607,2,11,37.4118463,-121.9944395,6,8.29,271.0,170,201,328,15,-829,79,37.4117787,-121.9949642
288914421,2,11,37.4118466,-121.9944488,6,8.19,273.2,170,200,327,46,-817,79,37.4117787,-121.9949642
289015027,2,11,37.4118472,-121.9944584,6,8.27,273.2,170,200,327,46,-826,83,37.4117787,-121.9949642
289116201,2,11,37.4118478,-121.9944678,6,8.16,273.6,170,199,326,52,-814,95,37.4117787,-121.9949642
289217014,2,11,37.4118484,-121.9944770,5,8.06,274.3,170,199,325,61,-804,131,37.4117787,-121.9949642
289275425,2,11,37.4118484,-121.9944770,5,8.06,274.3,170,199,325,61,-804,131,37.4117787,-121.9949642
289318564,2,11,37.4118490,-121.9944865,5,8.25,273.3,170,198,324,48,-823,161,37.4117787,-121.9949642
289418943,2,11,37.4118496,-121.9944960,5,8.46,273.8,170,198,324,56,-844,186,37.4117787,-121.9949642
289520141,2,11,37.4118502,-121.9945055,5,8.14,272.2,170,197,323,31,-813,210,37.4117787,-121.9949642
289620365,2,11,37.4118507,-121.9945149,5,8.19,272.9,170,197,323,42,-818,170,37.4117787,-121.9949642
289721615,2,11,37.4118514,-121.9945242,5,8.16,274.6,170,196,322,66,-814,120,37.4117787,-121.9949642
289823240,2,11,37.4118524,-121.9945336,4,8.28,276.4,170,196,322,93,-823,92,37.4117787,-121.9949642
289923355,2,11,37.4118532,-121.9945428,4,8.30,276.2,170,196,321,89,-825,175,37.4117787,-121.9949642
290023811,2,11,37.4118541,-121.9945519,4,8.03,276.4,170,195,321,90,-798,246,37.4117787,-121.9949642
290124692,2,11,37.4118552,-121.9945608,4,7.81,278.0,170,195,320,110,-774,278,37.4117787,-121.9949642
290224966,2,11,37.4118564,-121.9945699,3,7.82,277.5,170,195,320,102,-775,233,37.4117787,-121.9949642
290325581,2,11,37.4118577,-121.9945787,3,7.40,277.8,170,194,319,105,-733,137,37.4117787,-121.9949642
290426062,2,11,37.4118590,-121.9945872,3,7.27,277.9,170,194,319,102,-720,147,37.4117787,-121.9949642
290526543,2,11,37.4118602,-121.9945956,3,7.54,278.5,170,193,318,118,-745,189,37.4117787,-121.9949642
290627322,2,11,37.4118615,-121.9946041,2,7.59,280.2,170,193,318,134,-747,258,37.4117787,-121.9949642
290727597,2,11,37.4118629,-121.9946123,2,7.21,280.5,170,193,318,135,-709,323,37.4117787,-121.9949642
290827888,2,11,37.4118644,-121.9946205,2,7.16,280.7,170,192,317,136,-703,249,37.4117787,-121.9949642
290929309,2,11,37.4118659,-121.9946286,2,6.96,281.4,170,192,316,147,-680,171,37.4117787,-121.9949642
291010032,2,11,37.4118674,-121.9946363,1,6.75,282.2,170,191,316,152,-658,183,37.4117787,-121.9949642
291131008,2,11,37.4118690,-121.9946437,1,6.71,283.3,170,191,315,166,-651,260,37.4117787,-121.9949642
291211244,2,11,37.4118706,-121.9946508,1,6.56,283.3,170,190,314,151,-638,337,37.4117787,-121.9949642
291311915,2,11,37.4118724,-121.9946579,0,6.47,285.0,170,190,314,187,-620,359,37.4117787,-121.9949642
291412224,2,11,37.4118742,-121.9946643,0,5.58,286.4,170,190,313,180,-528,252,37.4117787,-121.9949642
291432658,2,11,37.4118742,-121.9946643,0,5.58,286.4,170,190,313,180,-528,252,37.4117787,-121.9949642
291512399,2,11,37.4118745,-121.9946684,0,3.50,285.2,170,190,313,68,-343,47,37.4117787,-121.9949642
291613192,2,11,37.4118743,-121.9946696,0,0.88,282.0,170,190,313,-66,-58,-40,37.4117787,-121.9949642
291713820,2,11,37.4118740,-121.9946698,0,0.54,282.0,170,189,313,-51,-18,-46,37.4117787,-121.9949642
291815495,2,11,37.4118741,-121.9946697,0,0.24,282.0,170,189,313,-17,17,-60,37.4117787,-121.9949642
291916291,2,11,37.4118742,-121.9946697,0,0.15,282.0,170,189,312,-9,12,-65,37.4117787,-121.9949642
292016675,2,11,37.4118744,-121.9946699,0,0.17,282.0,170,188,312,-14,-9,-65,37.4117787,-121.9949642
292117105,2,11,37.4118747,-121.9946699,0,0.16,282.0,170,188,311,-10,13,-68,37.4117787,-121.9949642
292217553,2,11,37.4118749,-121.9946699,0,0.13,282.0,170,187,310,-13,2,-64,37.4117787,-121.9949642
292318015,2,11,37.4118753,-121.9946700,0,0.11,282.0,170,186,309,-10,4,-64,37.4117787,-121.9949642
