span_id,timestamp_ms,tick_counter,target_x_0,target_x_1,target_x_2,target_x_3,target_x_4,target_x_5,target_y_0,target_y_1,target_y_2,target_y_3,target_y_4,target_y_5,target_z_0,target_z_1,target_z_2,target_z_3,target_z_4,target_z_5,dist_0,dist_1,dist_2,dist_3,dist_4,dist_5,closing_rate,quat_w,quat_x,quat_y,quat_z,airspeed,gyro_p,gyro_q,gyro_r,accel_x,accel_y,accel_z,specific_energy,boundary_closure_rate,dist_to_boundary,inward_body_x,inward_body_y,inward_body_z,score_grad_x,score_grad_y,score_grad_z,out_pitch,out_roll,out_throttle,pos_n,pos_e,pos_d,vel_n,vel_e,vel_d,rabbit_n,rabbit_e,rabbit_d,recurrent_reset,path_index,rc_roll,rc_pitch,rc_throttle,state_valid
1,152498,0,0.8131656849879452,0.8131656849879452,0.8131656849879452,0.8131656849879452,0.8131656849879452,0.9901425214392529,-0.39698477126377146,-0.39698477126377146,-0.39698477126377146,-0.39698477126377146,-0.39698477126377146,-0.09408856471449935,0.42564165166173284,0.42564165166173284,0.42564165166173284,0.42564165166173284,0.42564165166173284,0.10361033967101047,6.238525390625,6.238525390625,6.238525390625,6.238525390625,6.238525390625,0.023193359375,7.999755859375,-0.03595080416272469,-0.06024353770561846,-0.19705801568651388,0.977874080629902,1.423828125,-0.007568359375,-0.0048828125,0.0087890625,0.03515625,0.0191650390625,-0.1083984375,0.327392578125,0.0,0.9983214819788202,0.0,0.0,0.0,0.04199346903897214,-0.003997924741355632,0.004394665364543596,-0.989135410626545,-0.4205755790887173,-1.0,0.0,0.0,0.0,-18.28125,-0.421875,-2.87109375,-0.625,0.0,0.0,1,0,1289,1994,1000,1
1,152540,1,0.8131656849879452,0.8131656849879452,0.8131656849879452,0.8131656849879452,0.9901425214392529,0.8546098208563494,-0.39698477126377146,-0.39698477126377146,-0.39698477126377146,-0.39698477126377146,-0.09408856471449935,-0.15912350840784936,0.42564165166173284,0.42564165166173284,0.42564165166173284,0.42564165166173284,0.10361033967101047,0.4943082979827265,6.238525390625,6.238525390625,6.238525390625,6.238525390625,0.023193359375,0.013427734375,0.311767578125,-0.03405865657521287,-0.0608233893856624,-0.20020142216254158,0.9772637104403821,1.44677734375,-0.00634765625,0.013427734375,-0.016845703125,0.0318603515625,0.0257568359375,-0.10791015625,0.332275390625,1.4287109375,0.9981688894314402,-0.9882503738517411,0.12216559343241676,-0.09173863948484756,-0.5099642933439131,-0.13312173833429974,0.8462172307504502,-0.9600512710959197,-0.6770836512344737,-0.7978453932309946,-0.875,0.0,-0.125,-18.58984375,-0.19140625,-2.859375,-1.1875,0.0,0.0,0,0,1161,1980,1101,1
1,152580,2,0.8131656849879452,0.8131656849879452,0.8131656849879452,0.9901425214392529,0.8546098208563494,0.08450575273903622,-0.39698477126377146,-0.39698477126377146,-0.39698477126377146,-0.09408856471449935,-0.15912350840784936,-0.20896023438215278,0.42564165166173284,0.42564165166173284,0.42564165166173284,0.10361033967101047,0.4943082979827265,0.9742728965117343,6.238525390625,6.238525390625,6.238525390625,0.023193359375,0.013427734375,0.01123046875,0.072509765625,-0.03076265755180517,-0.060884426404614396,-0.20471816156498918,0.9764397106845302,1.464599609375,-0.031982421875,-0.013671875,-0.03515625,0.031005859375,0.0267333984375,-0.093505859375,0.3363037109375,1.447509765625,0.9979857783745841,-0.988891262550737,0.11648915066988129,-0.0923184911648915,-0.7829218420972319,-0.06643879512924589,0.5554368724631489,-1.0,0.28382213812677387,-0.5830561235389263,-1.75,0.0625,-0.25,-18.828125,-0.01953125,-2.8203125,-1.8125,0.0,0.0,0,0,1641,2000,1208,1
1,152631,3,0.8131656849879452,0.8131656849879452,0.8131656849879452,0.8546098208563494,0.08450575273903622,-0.8822901089510788,-0.39698477126377146,-0.39698477126377146,-0.39698477126377146,-0.15912350840784936,-0.20896023438215278,-0.03607287820062868,0.42564165166173284,0.42564165166173284,0.42564165166173284,0.4943082979827265,0.9742728965117343,0.4693136387218848,6.238525390625,6.238525390625,6.238525390625,0.013427734375,0.01123046875,0.033203125,-0.716064453125,-0.02362132633442183,-0.061342204046754355,-0.20590838343455306,0.9763481551561022,1.493896484375,-0.01708984375,-0.00634765625,-0.05126953125,0.0333251953125,0.03759765625,-0.108642578125,0.3427734375,1.47802734375,0.9976805932798242,-0.9898068178350169,0.10660115359965819,-0.09436323129978332,-0.018189031647694327,-0.0007324442274239326,0.00967436750389111,-0.999603259376812,-0.1804254280220954,-0.9962462233344523,-3.125,0.125,-0.5,-19.21875,0.2109375,-2.76953125,-2.375,0.0,0.0,0,0,1409,1999,1001,1
1,152682,4,0.8131656849879452,0.8131656849879452,0.9901425214392529,0.08450575273903622,-0.8822901089510788,-0.9002960295419171,-0.39698477126377146,-0.39698477126377146,-0.09408856471449935,-0.20896023438215278,-0.03607287820062868,-0.03436384166997284,0.42564165166173284,0.42564165166173284,0.10361033967101047,0.9742728965117343,0.4693136387218848,0.4338816492202521,6.238525390625,6.238525390625,0.023193359375,0.01123046875,0.033203125,0.045166015625,-0.38720703125,-0.01272621845149083,-0.06079287087618641,-0.206671346171453,0.9764397106845302,1.508056640625,0.05419921875,-0.001708984375,-0.054443359375,0.0250244140625,0.01953125,-0.0997314453125,0.34619140625,1.4927978515625,0.9974669637134922,-0.9913937803277688,0.08883938108462783,-0.09613330484939116,-0.019928586687826166,-0.0011597033600878933,0.012359996337778864,-0.9735709707937864,-0.7413251136814478,-0.9918820764793848,-4.0,0.1875,-0.625,-19.41015625,0.33984375,-2.73046875,-3.0,0.0,0.0,0,0,1129,1986,1004,1
1,152736,5,0.8131656849879452,0.8131656849879452,0.8546098208563494,-0.8822901089510788,-0.9002960295419171,-0.9471419415875728,-0.39698477126377146,-0.39698477126377146,-0.15912350840784936,-0.03607287820062868,-0.03436384166997284,-0.02240058595538194,0.42564165166173284,0.42564165166173284,0.4943082979827265,0.4693136387218848,0.4338816492202521,0.32007812738425856,6.238525390625,6.238525390625,0.013427734375,0.033203125,0.045166015625,0.075927734375,-0.995361328125,-0.0021057771538438063,-0.05948057496871853,-0.20480971709341717,0.9769890438550981,1.53271484375,0.050537109375,0.0185546875,-0.04443359375,0.0267333984375,0.016845703125,-0.115234375,0.35205078125,1.51904296875,0.9970702230903042,-0.9927671132541886,0.07098605304116946,-0.0966826380199591,-0.03353984191412091,-0.000793481246375927,0.011352885525070956,-0.9870296334727012,-0.9159520249031037,-0.8656575212866604,-5.375,0.25,-0.8125,-19.73828125,0.62109375,-2.6484375,-3.625,0.0,0.0,0,0,1042,1993,1067,1
1,152783,6,0.8131656849879452,0.8131656849879452,0.08450575273903622,-0.9002960295419171,-0.9471419415875728,-0.9465010528885769,-0.39698477126377146,-0.39698477126377146,-0.20896023438215278,-0.03436384166997284,-0.02240058595538194,-0.022431104464857937,0.42564165166173284,0.42564165166173284,0.9742728965117343,0.4338816492202521,0.32007812738425856,0.3219092379528184,6.238525390625,6.238525390625,0.01123046875,0.045166015625,0.075927734375,0.088623046875,-0.416748046875,0.004913480025635548,-0.058229316080202646,-0.20355845820490126,0.9773247474593341,1.544677734375,0.005126953125,0.014892578125,-0.05908203125,0.021728515625,0.0145263671875,-0.1051025390625,0.3551025390625,1.5311279296875,0.9967650379955443,-0.9935911130100405,0.06076235236671041,-0.09543137913144321,-0.03381450849940489,-0.0009155552842799158,0.013031403546250802,-0.9948423718985565,-0.7366252632221443,-0.9661854915005951,-6.25,0.3125,-0.9375,-19.890625,0.78125,-2.640625,-4.1875,0.0,0.0,0,0,1131,1997,1016,1
1,152834,7,0.8131656849879452,0.8131656849879452,-0.8822901089510788,-0.9471419415875728,-0.9465010528885769,-0.9610278633991516,-0.39698477126377146,-0.39698477126377146,-0.03607287820062868,-0.02240058595538194,-0.022431104464857937,-0.01467940305795465,0.42564165166173284,0.42564165166173284,0.4693136387218848,0.32007812738425856,0.3219092379528184,0.2760399182103946,6.238525390625,6.238525390625,0.033203125,0.075927734375,0.088623046875,0.12060546875,-1.034912109375,0.00924710837122715,-0.05731376079592273,-0.2056947538682211,0.9768974883266701,1.563720703125,0.006591796875,0.004638671875,-0.040771484375,0.0267333984375,0.0162353515625,-0.120849609375,0.3599853515625,1.55126953125,0.9962462233344523,-0.9940488906521805,0.056581316568498796,-0.09320352793969543,-0.0347300637836848,-0.0005188146610919523,0.009979552598651083,-0.9161046174504838,-0.9289529099398786,-0.9168675801873837,-7.6875,0.4375,-1.125,-20.140625,1.03125,-2.5703125,-4.8125,0.0,0.0,0,0,1035,1958,1041,1
1,152885,8,0.8131656849879452,0.9901425214392529,-0.9002960295419171,-0.9465010528885769,-0.9610278633991516,-0.9584337900936918,-0.39698477126377146,-0.09408856471449935,-0.03436384166997284,-0.022431104464857937,-0.01467940305795465,-0.011719107638782922,0.42564165166173284,0.10361033967101047,0.4338816492202521,0.3219092379528184,0.2760399182103946,0.2850428785058138,6.238525390625,0.023193359375,0.045166015625,0.088623046875,0.12060546875,0.13330078125,-0.41845703125,0.010711996826075015,-0.05572679830317087,-0.20816675313577684,0.9764397106845302,1.572021484375,0.021484375,0.005126953125,-0.00341796875,0.0240478515625,0.0093994140625,-0.1075439453125,0.3624267578125,1.5596923828125,0.9959105197302164,-0.9944151127658926,0.05642872402111881,-0.0890224921414838,-0.03378398998992889,-0.0004577776421399579,0.010925626392406995,0.6346018860438856,0.6393932920316172,0.42350535599841305,-8.5625,0.5,-1.25,-20.23828125,1.19921875,-2.55078125,-5.375,0.0,0.0,0,0,1819,1182,1711,1
1,152939,9,0.8131656849879452,0.8546098208563494,-0.9471419415875728,-0.9610278633991516,-0.9584337900936918,-0.9645680104983673,-0.39698477126377146,-0.15912350840784936,-0.02240058595538194,-0.01467940305795465,-0.011719107638782922,0.00466933194982757,0.42564165166173284,0.4943082979827265,0.32007812738425856,0.2760399182103946,0.2850428785058138,0.2638325144199957,6.238525390625,0.013427734375,0.075927734375,0.12060546875,0.13330078125,0.1650390625,-1.02978515625,0.009735404522843105,-0.05413983581041902,-0.20838038270210882,0.9765007477034822,1.58740234375,-0.017822265625,0.005126953125,-0.00146484375,0.022216796875,0.0048828125,-0.091552734375,0.3665771484375,1.576171875,0.9952696310312205,-0.9945371868037965,0.06280709250160223,-0.08322397534104434,-0.028748435926389357,0.00015259254737998596,0.007873775444807276,0.868953520310068,0.5042878505813776,0.9990234076967681,-10.0,0.625,-1.4375,-20.44140625,1.4296875,-2.4609375,-6.0,0.0,0.0,0,0,1752,1065,1999,1
1,152986,10,0.8131656849879452,0.08450575273903622,-0.9465010528885769,-0.9584337900936918,-0.9645680104983673,-0.9621570482497634,-0.39698477126377146,-0.20896023438215278,-0.022431104464857937,-0.011719107638782922,0.00466933194982757,0.015076143681142613,0.42564165166173284,0.9742728965117343,0.3219092379528184,0.2850428785058138,0.2638325144199957,0.27204199346903896,6.238525390625,0.01123046875,0.088623046875,0.13330078125,0.1650390625,0.177978515625,-0.416259765625,0.007141331217383343,-0.05319376201666311,-0.20999786370433668,0.9762260811181982,1.59326171875,-0.0419921875,-0.02734375,-0.008056640625,0.0225830078125,0.0157470703125,-0.08935546875,0.3685302734375,1.5830078125,0.9947813348796045,-0.9944151127658926,0.07016205328531755,-0.07885982848597675,-0.027649769585253458,0.0004272591326639607,0.008331553086947234,0.8013550218207343,0.8966948454237496,0.9523606067079684,-10.875,0.75,-1.5625,-20.51953125,1.55859375,-2.3515625,-6.625,0.0,0.0,0,0,1948,1099,1976,1
1,153037,11,0.8131656849879452,-0.8822901089510788,-0.9610278633991516,-0.9645680104983673,-0.9621570482497634,-0.9653004547257912,-0.39698477126377146,-0.03607287820062868,-0.01467940305795465,0.00466933194982757,0.015076143681142613,0.029816583758049256,0.42564165166173284,0.4693136387218848,0.2760399182103946,0.2638325144199957,0.27204199346903896,0.25940733054597614,6.238525390625,0.033203125,0.12060546875,0.1650390625,0.177978515625,0.209716796875,-1.034912109375,0.00466933194982757,-0.05203405865657521,-0.2098147526474807,0.9763481551561022,1.6044921875,-0.039794921875,-0.02294921875,-0.011962890625,0.02490234375,0.02392578125,-0.09619140625,0.3719482421875,1.595458984375,0.9939573351237525,-0.9941709646900846,0.07855464339121677,-0.07376323740348521,-0.021820734275337993,0.0006714072084719382,0.005859553819391461,0.8406628620258186,0.7417828913235878,0.9964903714102603,-12.3125,0.875,-1.75,-20.671875,1.73046875,-2.2109375,-7.1875,0.0,0.0,0,0,1870,1079,1998,1
1,153088,12,0.8131656849879452,-0.9002960295419171,-0.9584337900936918,-0.9621570482497634,-0.9653004547257912,-0.9627063814203314,-0.39698477126377146,-0.03436384166997284,-0.011719107638782922,0.015076143681142613,0.029816583758049256,0.03775139622180853,0.42564165166173284,0.4338816492202521,0.2850428785058138,0.27204199346903896,0.25940733054597614,0.26792199468977934,6.238525390625,0.045166015625,0.13330078125,0.177978515625,0.209716796875,0.22216796875,-0.403076171875,0.0038758507034516434,-0.050141911069063384,-0.20938749351481672,0.9765312662129582,1.6083984375,-0.013916015625,-0.025634765625,-0.009033203125,0.02099609375,0.025634765625,-0.0938720703125,0.3734130859375,1.599853515625,0.9933774834437086,-0.9942930387279886,0.08172856837672048,-0.06869716483046968,-0.020935697500534076,0.0008545182653279214,0.006134220404675436,0.7794732505264443,0.8789025543992431,0.9661549729911191,-13.1875,1.0,-1.875,-20.71875,1.8203125,-2.1484375,-7.8125,0.0,0.0,0,0,1939,1110,1983,1
1,153138,13,0.8131656849879452,-0.9471419415875728,-0.9645680104983673,-0.9653004547257912,-0.9627063814203314,-0.9652699362163152,-0.39698477126377146,-0.02240058595538194,0.00466933194982757,0.029816583758049256,0.03775139622180853,0.045075838496047856,0.42564165166173284,0.32007812738425856,0.2638325144199957,0.25940733054597614,0.26792199468977934,0.25730155339213234,6.238525390625,0.075927734375,0.1650390625,0.209716796875,0.22216796875,0.25341796875,-1.01953125,0.005096591082491531,-0.04849391155735954,-0.2077089754936369,0.9769890438550981,1.61767578125,-0.031494140625,-0.01806640625,-0.009521484375,0.0228271484375,0.0230712890625,-0.0887451171875,0.3763427734375,1.6099853515625,0.9923703726310007,-0.9945371868037965,0.08206427198095645,-0.06466872157963804,-0.01620532853175451,0.0007629627368999298,0.004333628345591601,0.8306527909176916,0.8073061311685538,0.9946592608417005,-14.5625,1.125,-2.0,-20.83984375,1.9609375,-2.0390625,-8.375,0.0,0.0,0,0,1903,1084,1997,1
1,153191,14,0.8131656849879452,-0.9465010528885769,-0.9621570482497634,-0.9627063814203314,-0.9652699362163152,-0.9637440107425154,-0.39698477126377146,-0.022431104464857937,0.015076143681142613,0.03775139622180853,0.045075838496047856,0.04632709738456374,0.42564165166173284,0.3219092379528184,0.27204199346903896,0.26792199468977934,0.25730155339213234,0.26273384807885986,6.238525390625,0.088623046875,0.177978515625,0.22216796875,0.25341796875,0.265869140625,-0.405517578125,0.007812738425855281,-0.04754783776360363,-0.20719016083254493,0.9771111178930021,1.6201171875,-0.01123046875,-0.0166015625,-0.020263671875,0.0257568359375,0.025390625,-0.0941162109375,0.37744140625,1.61279296875,0.9916379284035768,-0.9949034089175085,0.07867671742912076,-0.0629902035584582,-0.015564439832758568,0.0007629627368999298,0.004425183874019593,0.7863399151585436,0.8719443342387158,0.9739677114169744,-15.4375,1.25,-2.125,-20.87109375,2.0390625,-1.94921875,-9.0,0.0,0.0,0,0,1935,1106,1986,1
1,153230,15,0.8131656849879452,-0.9610278633991516,-0.9653004547257912,-0.9652699362163152,-0.9637440107425154,-0.9636524552140874,-0.39698477126377146,-0.01467940305795465,0.029816583758049256,0.045075838496047856,0.04632709738456374,0.046235541856135744,0.42564165166173284,0.2760399182103946,0.25940733054597614,0.25730155339213234,0.26273384807885986,0.2631611072115238,6.238525390625,0.12060546875,0.209716796875,0.25341796875,0.265869140625,0.27978515625,-0.448974609375,0.011108737449262978,-0.04727317117831965,-0.20725119785149693,0.9770805993835261,1.62548828125,0.022705078125,0.02734375,-0.04248046875,0.0213623046875,0.0177001953125,-0.1026611328125,0.3792724609375,1.6187744140625,0.9907834101382489,-0.9952696310312205,0.0740379039887692,-0.0629902035584582,-0.014831995605334635,0.0007629627368999298,0.0043641468550675985,0.8095645008697775,0.8449659718619342,0.9899899288918729,-16.375,1.375,-2.25,-20.94140625,2.12890625,-1.87890625,-9.625,0.0,0.0,0,0,1922,1095,1994,1
1,153281,16,0.9901425214392529,-0.9584337900936918,-0.9627063814203314,-0.9637440107425154,-0.9636524552140874,-0.966704306161687,-0.09408856471449935,-0.011719107638782922,0.03775139622180853,0.04632709738456374,0.046235541856135744,0.04477065340128788,0.10361033967101047,0.2850428785058138,0.26792199468977934,0.26273384807885986,0.2631611072115238,0.2519302957243568,0.023193359375,0.13330078125,0.22216796875,0.265869140625,0.27978515625,0.309326171875,-0.96142578125,0.01654103213599048,-0.04739524521622364,-0.20480971709341717,0.97750785851619,1.628662109375,0.10302734375,0.041259765625,-0.02685546875,0.0361328125,0.0198974609375,-0.1021728515625,0.380859375,1.622314453125,0.9894405957213049,-0.9956968901638844,0.0663472396008179,-0.06451612903225806,-0.011627552110354931,0.0005493331705679495,0.003143406476027711,-0.5121616260261849,0.6920377208777123,-0.9090243232520524,-17.75,1.5625,-2.375,-20.96875,2.2890625,-1.8203125,-10.1875,0.0,0.0,0,0,1846,1756,1045,1
1,153342,17,0.8546098208563494,-0.9645680104983673,-0.9652699362163152,-0.9636524552140874,-0.966704306161687,-0.97750785851619,-0.15912350840784936,0.00466933194982757,0.045075838496047856,0.046235541856135744,0.04477065340128788,0.08636738181707206,0.4943082979827265,0.2638325144199957,0.25730155339213234,0.2631611072115238,0.2519302957243568,0.1924802392651143,0.013427734375,0.1650390625,0.25341796875,0.27978515625,0.309326171875,0.340087890625,-0.99658203125,0.01901303140354625,-0.06872768333994568,-0.14758751182592242,0.9864803003021333,1.63916015625,0.658203125,0.245849609375,0.119384765625,0.0284423828125,0.0048828125,-0.1297607421875,0.3839111328125,1.6339111328125,0.9878536332285531,-0.9910275582140569,0.06857509079256568,-0.11471907712027345,-0.010071108127079073,0.000946073793755913,0.0021362956633198035,0.6465651417584766,-0.8771629993591114,0.923947874385815,-19.125,1.75,-2.5,-21.109375,2.41015625,-1.640625,-10.8125,0.0,0.0,0,0,1061,1176,1961,1
1,153382,18,0.08450575273903622,-0.9621570482497634,-0.9637440107425154,-0.966704306161687,-0.97750785851619,-0.9807428205206458,-0.20896023438215278,0.015076143681142613,0.04632709738456374,0.04477065340128788,0.08636738181707206,0.14331492049928282,0.9742728965117343,0.27204199346903896,0.26273384807885986,0.2519302957243568,0.1924802392651143,0.1327249977111118,0.01123046875,0.177978515625,0.265869140625,0.309326171875,0.340087890625,0.352294921875,-0.401611328125,0.016449476607562488,-0.08929715872676779,-0.06152531510361034,0.9939573351237525,1.633544921875,0.901123046875,-0.08642578125,0.048095703125,-0.0113525390625,0.033935546875,-0.3756103515625,0.3834228515625,1.6263427734375,0.9867854853968933,-0.9833674123355816,0.06930753501998962,-0.16785180211798456,-0.00891140476699118,0.0013428144169438765,0.001281777397991882,-0.988494521927549,0.532303842280343,-1.0,-20.0,1.8125,-2.625,-21.0,2.51953125,-1.8984375,-11.375,0.0,0.0,0,0,1766,1994,1000,1
1,153433,19,-0.8822901089510788,-0.9653004547257912,-0.9636524552140874,-0.97750785851619,-0.9807428205206458,-0.9704275643177587,-0.03607287820062868,0.029816583758049256,0.046235541856135744,0.08636738181707206,0.14331492049928282,0.1868953520310068,0.4693136387218848,0.25940733054597614,0.2631611072115238,0.1924802392651143,0.1327249977111118,0.15286721396526995,0.033203125,0.209716796875,0.27978515625,0.340087890625,0.352294921875,0.3662109375,-0.447021484375,0.023743400372325817,-0.05694753868221076,0.057802056947538684,0.9964293343913083,1.622802734375,0.286865234375,-0.382568359375,-0.01220703125,0.02734375,0.0128173828125,-0.14404296875,0.382080078125,1.609375,0.9857783745841853,-0.9918210394604328,0.039368877224036376,-0.12131107516708883,-0.008453627124851223,0.0017090365306558428,0.001434369945371868,-0.9953917050691244,-0.6028626361888485,-1.0,-20.9375,2.0,-2.6875,-20.78125,2.48828125,-2.6484375,-12.0,0.0,0.0,0,0,1198,1997,1000,1
1,153484,20,-0.9002960295419171,-0.9627063814203314,-0.966704306161687,-0.9807428205206458,-0.9704275643177587,-0.9492477187414167,-0.03436384166997284,0.03775139622180853,0.04477065340128788,0.14331492049928282,0.1868953520310068,0.17368083742790003,0.4338816492202521,0.26792199468977934,0.2519302957243568,0.1327249977111118,0.15286721396526995,0.26227607043671985,0.045166015625,0.22216796875,0.309326171875,0.352294921875,0.3662109375,0.39501953125,-0.936767578125,0.042237617114780114,0.005249183629871517,0.08078249458296456,0.9958189642017884,1.619140625,-0.008544921875,-0.549560546875,-0.1533203125,-0.0074462890625,0.01220703125,0.1412353515625,0.3828125,1.6090087890625,0.9836420789208655,-0.999938962981048,0.011871700186162909,0.0017700735496078372,-0.006622516556291391,0.0012512588885158849,0.0018616290780358287,-0.9688100833155309,-0.152165288247322,-1.0,-22.1875,2.125,-2.9375,-20.78125,2.4296875,-2.3203125,-12.625,0.0,0.0,0,0,1423,1984,1000,1
1,153535,21,-0.9471419415875728,-0.9652699362163152,-0.97750785851619,-0.9704275643177587,-0.9492477187414167,-0.8888515884884183,-0.02240058595538194,0.045075838496047856,0.08636738181707206,0.1868953520310068,0.17368083742790003,0.13238929410687583,0.32007812738425856,0.25730155339213234,0.1924802392651143,0.15286721396526995,0.26227607043671985,0.43867305520798366,0.075927734375,0.25341796875,0.340087890625,0.3662109375,0.39501953125,0.408203125,-0.427734375,0.07031464583269753,0.09543137913144321,0.0640888698995941,0.9908749656666769,1.609375,-0.189453125,-0.645751953125,-0.131591796875,-0.0391845703125,-0.0438232421875,0.39208984375,0.3817138671875,1.6044921875,0.9818109683523056,-0.9820856349375896,-0.030060731833857234,0.1860408337656789,-0.0059511093478194525,0.000946073793755913,0.003021332438123722,-0.5841547898800623,0.3738517410809656,-1.0,-23.125,2.25,-3.0,-20.7109375,2.53125,-1.55859375,-13.1875,0.0,0.0,0,0,1686,1792,1000,1
1,153585,22,-0.9465010528885769,-0.9637440107425154,-0.9807428205206458,-0.9492477187414167,-0.8888515884884183,-0.8018433179723502,-0.022431104464857937,0.04632709738456374,0.14331492049928282,0.17368083742790003,0.13238929410687583,0.0793786431470687,0.3219092379528184,0.26273384807885986,0.1327249977111118,0.26227607043671985,0.43867305520798366,0.5922421948912016,0.088623046875,0.265869140625,0.352294921875,0.39501953125,0.408203125,0.436279296875,-0.916259765625,0.09335612048707541,0.17865535447248757,0.030274361400189215,0.979003265480514,1.557373046875,0.010498046875,-0.53271484375,-0.065185546875,-0.0582275390625,-0.0413818359375,0.3402099609375,0.373291015625,1.5562744140625,0.979094821008942,-0.9335612048707541,-0.07229834894863735,0.3510544145023957,-0.0043641468550675985,0.0004577776421399579,0.0032654805139316996,-0.7841731009857479,0.3484603411969359,-1.0,-24.375,2.5,-3.25,-20.05078125,2.80859375,0.171875,-13.8125,0.0,0.0,0,0,1674,1892,1000,1
1,153646,23,-0.9610278633991516,-0.9636524552140874,-0.9704275643177587,-0.8888515884884183,-0.8018433179723502,-0.716696676534318,-0.01467940305795465,0.046235541856135744,0.1868953520310068,0.13238929410687583,0.0793786431470687,0.12384411145359661,0.2760399182103946,0.2631611072115238,0.15286721396526995,0.43867305520798366,0.5922421948912016,0.6863002410962249,0.12060546875,0.27978515625,0.3662109375,0.408203125,0.436279296875,0.462646484375,-0.856201171875,0.08941923276467177,0.24930570390942106,0.055085909604174935,0.9627063814203314,1.49853515625,0.481201171875,-0.09912109375,0.0595703125,-0.0625,-0.045166015625,0.404541015625,0.3634033203125,1.4893798828125,0.9768364513077181,-0.8757591479232154,-0.042603839228492084,0.48088015381328775,-0.003509628589739677,0.000640888698995941,0.0033875545518356883,-0.8859523300881985,0.49626148258919034,-1.0,-25.625,2.6875,-3.375,-19.16015625,2.94140625,1.94140625,-14.375,0.0,0.0,0,0,1748,1942,1000,1
1,153687,24,-0.9584337900936918,-0.966704306161687,-0.9492477187414167,-0.8018433179723502,-0.716696676534318,-0.706808679464095,-0.011719107638782922,0.04477065340128788,0.17368083742790003,0.0793786431470687,0.12384411145359661,0.2251655629139073,0.2850428785058138,0.2519302957243568,0.26227607043671985,0.5922421948912016,0.6863002410962249,0.6706137272255623,0.13330078125,0.309326171875,0.39501953125,0.436279296875,0.462646484375,0.470458984375,-0.257080078125,0.06604205450605792,0.260658589434492,0.11066011535996582,0.956785790581988,1.466064453125,0.54931640625,0.0498046875,0.0693359375,-0.069091796875,-0.025146484375,0.2352294921875,0.35791015625,1.4454345703125,0.9757683034760583,-0.870021668141728,0.033570360423596915,0.49186681722464676,-0.003173924985503708,0.0010376293221839045,0.0030518509475997192,-0.9574571977904599,0.42283394878994107,-1.0,-26.4375,2.8125,-3.375,-18.5703125,3.0703125,2.98828125,-15.0,0.0,0.0,0,0,1711,1978,1000,1
1,153737,25,-0.9645680104983673,-0.97750785851619,-0.8888515884884183,-0.716696676534318,-0.706808679464095,-0.7149876400036622,0.00466933194982757,0.08636738181707206,0.13238929410687583,0.12384411145359661,0.2251655629139073,0.35358745078890347,0.2638325144199957,0.1924802392651143,0.43867305520798366,0.6863002410962249,0.6706137272255623,0.6031373027741325,0.1650390625,0.340087890625,0.408203125,0.462646484375,0.470458984375,0.478515625,-0.262451171875,0.03436384166997284,0.2589190343943602,0.19162572099978636,0.9460737937559129,1.458251953125,0.669921875,0.100341796875,0.01416015625,-0.0618896484375,-0.012451171875,0.12255859375,0.3565673828125,1.4278564453125,0.9744865260780663,-0.8762169255653554,0.13330484939115575,0.4631183812982574,-0.003204443494979705,0.0016479995117038484,0.00271614734336375,-0.9416791283913694,0.60917996765038,-1.0,-27.1875,2.9375,-3.375,-18.328125,3.1484375,3.671875,-15.625,0.0,0.0,0,0,1804,1970,1000,1
1,153787,26,-0.9621570482497634,-0.9807428205206458,-0.8018433179723502,-0.706808679464095,-0.7149876400036622,-0.727408673360393,0.015076143681142613,0.14331492049928282,0.0793786431470687,0.2251655629139073,0.35358745078890347,0.4553056428724021,0.27204199346903896,0.1327249977111118,0.5922421948912016,0.6706137272255623,0.6031373027741325,0.5133823664052247,0.177978515625,0.352294921875,0.436279296875,0.470458984375,0.478515625,0.4990234375,-0.662353515625,0.009582811975463118,0.2589495529038362,0.27695547349467453,0.9252906888027589,1.461181640625,0.541015625,-0.074462890625,-0.044189453125,-0.055419921875,-0.0020751953125,0.0560302734375,0.356689453125,1.4193115234375,0.9723197119052706,-0.8781701101718192,0.21817682424390392,0.42567217017120884,-0.0028077028717917417,0.0018005920590838343,0.0020142216254158147,-0.4913174840540788,0.5489974669637135,-1.0,-28.3125,3.125,-3.3125,-18.2109375,3.19921875,4.359375,-16.1875,0.0,0.0,0,0,1774,1745,1000,1
1,153838,27,-0.9653004547257912,-0.9704275643177587,-0.716696676534318,-0.7149876400036622,-0.727408673360393,-0.7306741538743248,0.029816583758049256,0.1868953520310068,0.12384411145359661,0.35358745078890347,0.4553056428724021,0.5127109591967528,0.25940733054597614,0.15286721396526995,0.6863002410962249,0.6031373027741325,0.5133823664052247,0.45078890346995454,0.209716796875,0.3662109375,0.462646484375,0.478515625,0.4990234375,0.506591796875,-0.246337890625,0.004821924497207556,0.26895962401196327,0.3499557481612598,0.8973052156132695,1.4677734375,0.48974609375,-0.1357421875,-0.14013671875,-0.053466796875,0.0,0.087158203125,0.357421875,1.418701171875,0.9705801568651387,-0.8719443342387158,0.26294747764519183,0.413037507248146,-0.0028077028717917417,0.0020142216254158147,0.00173955504013184,-0.7634205145420697,0.5363933225501266,-1.0,-29.125,3.25,-3.25,-18.19921875,3.19140625,4.76171875,-16.8125,0.0,0.0,0,0,1768,1881,1000,1
1,153889,28,-0.9627063814203314,-0.9492477187414167,-0.706808679464095,-0.727408673360393,-0.7306741538743248,-0.7450178533280435,0.03775139622180853,0.17368083742790003,0.2251655629139073,0.4553056428724021,0.5127109591967528,0.5402386547441023,0.26792199468977934,0.26227607043671985,0.6706137272255623,0.5133823664052247,0.45078890346995454,0.39127780999176,0.22216796875,0.39501953125,0.470458984375,0.4990234375,0.506591796875,0.52587890625,-0.630615234375,0.01120029297769097,0.2834864345225379,0.4266487624744407,0.858760338145085,1.4677734375,0.668212890625,-0.146728515625,-0.1611328125,-0.0562744140625,-0.01318359375,0.1756591796875,0.3565673828125,1.4041748046875,0.9682912686544389,-0.8633075960570086,0.29364909817804496,0.41044343394268623,-0.002533036286507767,0.0018616290780358287,0.0013122959074678793,-0.01892147587511826,0.6033509323404644,-1.0,-30.25,3.5,-3.125,-17.98828125,3.3515625,5.41015625,-17.375,0.0,0.0,0,0,1801,1509,1000,1
1,153929,29,-0.9652699362163152,-0.8888515884884183,-0.7149876400036622,-0.7306741538743248,-0.7450178533280435,-0.7615894039735099,0.045075838496047856,0.13238929410687583,0.35358745078890347,0.5127109591967528,0.5402386547441023,0.5662099063081759,0.25730155339213234,0.43867305520798366,0.6031373027741325,0.45078890346995454,0.39127780999176,0.315256202887051,0.25341796875,0.408203125,0.478515625,0.506591796875,0.52587890625,0.5322265625,-0.20556640625,0.011902218695638905,0.2904446546830653,0.5023041474654378,0.814386425366985,1.46044921875,0.685546875,-0.150146484375,-0.15185546875,-0.0570068359375,-0.0267333984375,0.1568603515625,0.3544921875,1.3837890625,0.9668568987090671,-0.8614764854884488,0.32798242133854183,0.3876766258735923,-0.0025940733054597613,0.0019531846064638203,0.0010681478316599017,0.4816431165501877,-0.1326639606921598,-1.0,-31.0,3.625,-3.0,-17.6796875,3.69921875,5.8515625,-18.0,0.0,0.0,0,0,1433,1259,1000,1
1,153980,30,-0.9637440107425154,-0.8018433179723502,-0.727408673360393,-0.7450178533280435,-0.7615894039735099,-0.7864619891964476,0.04632709738456374,0.0793786431470687,0.4553056428724021,0.5402386547441023,0.5662099063081759,0.5820490127262185,0.26273384807885986,0.5922421948912016,0.5133823664052247,0.39127780999176,0.315256202887051,0.206610309152501,0.265869140625,0.436279296875,0.4990234375,0.52587890625,0.5322265625,0.537109375,-0.15625,0.0065919980468153935,0.29206213568529316,0.5927915280617695,0.7505111850337229,1.45166015625,0.862548828125,0.039794921875,-0.101318359375,-0.0611572265625,-0.0426025390625,0.273681640625,0.3521728515625,1.363525390625,0.9653309732352672,-0.8655354472487564,0.36909085360271005,0.33854182561723684,-0.002533036286507767,0.001892147587511826,0.000640888698995941,0.12793359172338023,-0.018127994628742334,-1.0,-31.75,3.75,-2.875,-17.37109375,4.05078125,6.171875,-18.625,0.0,0.0,0,0,1490,1436,1000,1
1,154031,31,-0.9636524552140874,-0.716696676534318,-0.7306741538743248,-0.7615894039735099,-0.7864619891964476,-0.815668202764977,0.046235541856135744,0.12384411145359661,0.5127109591967528,0.5662099063081759,0.5820490127262185,0.5779290139469588,0.2631611072115238,0.6863002410962249,0.45078890346995454,0.315256202887051,0.206610309152501,0.025849177526169623,0.27978515625,0.462646484375,0.506591796875,0.5322265625,0.537109375,0.5556640625,-0.605712890625,-0.03442487868892483,0.2680745872371593,0.6773583178197576,0.684194463942381,1.435302734375,0.463134765625,0.33837890625,-0.034912109375,-0.05029296875,-0.05615234375,0.179931640625,0.347900390625,1.3299560546875,0.9625232703634754,-0.8861354411450545,0.4169743949705496,0.2022766808069094,-0.0024719992675557726,0.0017700735496078372,6.103701895199438e-05,0.5889156773583178,0.6716208380382702,-0.999816888943144,-32.8125,4.0625,-2.6875,-16.80859375,4.9609375,6.3984375,-19.1875,0.0,0.0,0,0,1835,1205,1000,1
1,154082,32,-0.966704306161687,-0.706808679464095,-0.7450178533280435,-0.7864619891964476,-0.815668202764977,-0.8202459791863765,0.04477065340128788,0.2251655629139073,0.5402386547441023,0.5820490127262185,0.5779290139469588,0.5589465010528886,0.2519302957243568,0.6706137272255623,0.39127780999176,0.206610309152501,0.025849177526169623,-0.12143314920499283,0.309326171875,0.470458984375,0.52587890625,0.537109375,0.5556640625,0.56005859375,-0.1435546875,-0.0805078279976806,0.2273323770867031,0.7035431989501633,0.6684469130527665,1.432861328125,0.051513671875,0.342041015625,-0.006103515625,-0.0440673828125,-0.0240478515625,-0.046875,0.346435546875,1.3216552734375,0.9602343821527757,-0.9033173619800409,0.423780022583697,0.06643879512924589,-0.002349925229651784,0.0016174810022278512,-0.0003662221137119663,-0.9497360148930326,0.22968230231635486,-1.0,-33.5,4.25,-2.5625,-16.671875,5.12890625,6.5390625,-19.8125,0.0,0.0,0,0,1614,1974,1000,1
1,154132,33,-0.97750785851619,-0.7149876400036622,-0.7615894039735099,-0.815668202764977,-0.8202459791863765,-0.8095950193792535,0.08636738181707206,0.35358745078890347,0.5662099063081759,0.5779290139469588,0.5589465010528886,0.5414593951231422,0.1924802392651143,0.6031373027741325,0.315256202887051,0.025849177526169623,-0.12143314920499283,-0.22675252540665913,0.340087890625,0.478515625,0.5322265625,0.5556640625,0.56005859375,0.578125,-0.587158203125,-0.12234870448927275,0.19391460921048617,0.7035431989501633,0.6726279488509781,1.430908203125,0.13818359375,0.354248046875,0.122802734375,-0.0504150390625,-0.0255126953125,-0.109375,0.34423828125,1.31005859375,0.957029938657796,-0.9013336588641011,0.43113498336741235,-0.04153569139683218,-0.002197332682271798,0.0014648884548478652,-0.000640888698995941,-0.8291573839533677,0.5599841303750724,-0.9944456312753686,-34.5625,4.5625,-2.25,-16.55859375,4.69921875,7.05078125,-20.375,0.0,0.0,0,0,1779,1914,1002,1
1,154183,34,-0.9807428205206458,-0.727408673360393,-0.7864619891964476,-0.8202459791863765,-0.8095950193792535,-0.7619861445966979,0.14331492049928282,0.4553056428724021,0.5820490127262185,0.5589465010528886,0.5414593951231422,0.533555101168859,0.1327249977111118,0.5133823664052247,0.206610309152501,-0.12143314920499283,-0.22675252540665913,-0.36701559495834224,0.352294921875,0.4990234375,0.537109375,0.56005859375,0.578125,0.58154296875,-0.107177734375,-0.1815546128727073,0.16803491317484054,0.7218543046357616,0.6463209936826685,1.42333984375,0.543701171875,0.145263671875,0.15771484375,-0.0386962890625,0.0028076171875,-0.3145751953125,0.341552734375,1.295654296875,0.9551377910702842,-0.8709067049165319,0.4587542344431898,-0.1763054292428358,-0.0019837031159398175,0.0013733329264198737,-0.0009765923032319102,-0.93420209356975,-0.75975829340495,-0.999816888943144,-35.1875,4.6875,-2.0625,-16.4296875,4.2109375,7.3984375,-21.0,0.0,0.0,0,0,1120,1967,1000,1
1,154236,35,-0.9704275643177587,-0.7306741538743248,-0.815668202764977,-0.8095950193792535,-0.7619861445966979,-0.7586291085543382,0.1868953520310068,0.5127109591967528,0.5779290139469588,0.5414593951231422,0.533555101168859,0.4694662312692648,0.15286721396526995,0.45078890346995454,0.025849177526169623,-0.22675252540665913,-0.36701559495834224,-0.4517654957731864,0.3662109375,0.506591796875,0.5556640625,0.578125,0.58154296875,0.59716796875,-0.511962890625,-0.206579790643025,0.17056794946134832,0.7736136967070528,0.5742362743003632,1.401611328125,0.742431640625,-0.331298828125,0.11279296875,-0.04736328125,-0.0010986328125,-0.244873046875,0.335205078125,1.2509765625,0.9538865321817682,-0.8522598956266976,0.4586016418958098,-0.25168614764854885,-0.0018616290780358287,0.0011597033600878933,-0.0011597033600878933,-0.8029419843134862,-0.4587847529526658,-0.9722586748863186,-36.1875,4.9375,-1.6875,-16.01171875,2.9609375,8.1796875,-21.625,-0.0625,0.0,0,0,1270,1901,1013,1
1,154286,36,-0.9492477187414167,-0.7450178533280435,-0.8202459791863765,-0.7619861445966979,-0.7586291085543382,-0.8167058320871609,0.17368083742790003,0.5402386547441023,0.5589465010528886,0.533555101168859,0.4694662312692648,0.39268166142765587,0.26227607043671985,0.39127780999176,-0.12143314920499283,-0.36701559495834224,-0.4517654957731864,-0.4228644672994171,0.39501953125,0.52587890625,0.56005859375,0.58154296875,0.59716796875,0.599853515625,-0.0830078125,-0.17566454054383984,0.20352793969542526,0.8347422711874752,0.4805444502090518,1.395751953125,0.234375,-0.663330078125,0.10302734375,-0.0455322265625,-0.03662109375,0.160888671875,0.332275390625,1.2274169921875,0.9531235694448683,-0.8706930753501999,0.4423963133640553,-0.21491134372997223,-0.0019531846064638203,0.0009155552842799158,-0.0010071108127079073,-0.8870815149388104,-0.5420697653126622,-0.9963988158818323,-36.875,5.0,-1.375,-15.73046875,2.73828125,8.62109375,-22.1875,-0.125,0.0,0,0,1228,1943,1001,1
1,154341,37,-0.8888515884884183,-0.7615894039735099,-0.8095950193792535,-0.7586291085543382,-0.8167058320871609,-0.8824732200079348,0.13238929410687583,0.5662099063081759,0.5414593951231422,0.4694662312692648,0.39268166142765587,0.38441114535966064,0.43867305520798366,0.315256202887051,-0.22675252540665913,-0.4517654957731864,-0.4228644672994171,-0.2710348826563311,0.408203125,0.5322265625,0.578125,0.59716796875,0.599853515625,0.615478515625,-0.510498046875,-0.10943937498092593,0.25458540604876856,0.8467360454115421,0.45414593951231425,1.381103515625,-0.166748046875,-0.390625,0.078857421875,-0.0540771484375,-0.0233154296875,0.4217529296875,0.3267822265625,1.2193603515625,0.9465010528885769,-0.8839991454817346,0.46250801110873746,-0.06796472060304574,-0.0020142216254158147,0.0008545182653279214,-0.000640888698995941,-0.7815179906613361,0.7363505966368603,-0.9773857844782861,-37.8125,5.25,-0.9375,-15.44921875,3.98828125,8.23046875,-22.8125,-0.1875,0.0,0,0,1868,1890,1011,1
1,154388,38,-0.8018433179723502,-0.7864619891964476,-0.7619861445966979,-0.8167058320871609,-0.8824732200079348,-0.8984344004638813,0.0793786431470687,0.5820490127262185,0.533555101168859,0.39268166142765587,0.38441114535966064,0.39707632679219945,0.5922421948912016,0.206610309152501,-0.36701559495834224,-0.4228644672994171,-0.2710348826563311,-0.18747520371105075,0.436279296875,0.537109375,0.58154296875,0.599853515625,0.615478515625,0.61865234375,-0.10498046875,-0.07574694051942503,0.2847376934110538,0.8352916043580432,0.4642170476393933,1.3583984375,-0.140869140625,-0.12890625,0.109619140625,-0.0618896484375,-0.0263671875,0.30859375,0.3214111328125,1.205322265625,0.9409161656544694,-0.8750572222052675,0.48353526413769954,0.02163762321848201,-0.0019531846064638203,0.0008545182653279214,-0.0004272591326639607,-0.9330729087191382,-0.5390484328745384,-0.99954222235786,-38.375,5.4375,-0.6875,-15.109375,5.05078125,7.62109375,-23.375,-0.3125,0.0,0,0,1230,1966,1000,1
1,154439,39,-0.716696676534318,-0.815668202764977,-0.7586291085543382,-0.8824732200079348,-0.8984344004638813,-0.8984649189733573,0.12384411145359661,0.5779290139469588,0.4694662312692648,0.38441114535966064,0.39707632679219945,0.39701528977324746,0.6863002410962249,0.025849177526169623,-0.4517654957731864,-0.2710348826563311,-0.18747520371105075,-0.18744468520157476,0.462646484375,0.5556640625,0.59716796875,0.615478515625,0.61865234375,0.635986328125,-0.560546875,-0.08105716116824854,0.29847102267525255,0.8310800500503556,0.4622333445234535,1.331787109375,0.36181640625,0.1357421875,0.11279296875,-0.0626220703125,-0.0103759765625,0.2340087890625,0.3148193359375,1.1737060546875,0.934690389721366,-0.8615375225074008,0.5073091830195013,0.020477919858394117,-0.0018616290780358287,0.0008239997558519242,-0.0004272591326639607,-0.8074892422254097,0.11239967040009766,-0.8776207770012513,-39.3125,5.8125,-0.375,-14.53125,6.05078125,7.2109375,-24.0,-0.375,0.0,0,0,1556,1903,1061,1
1,154481,40,-0.706808679464095,-0.8202459791863765,-0.8167058320871609,-0.8984344004638813,-0.8984649189733573,-0.8856471449934386,0.2251655629139073,0.5589465010528886,0.39268166142765587,0.39707632679219945,0.39701528977324746,0.3793450727866451,0.6706137272255623,-0.12143314920499283,-0.4228644672994171,-0.18747520371105075,-0.18744468520157476,-0.26786095767082735,0.470458984375,0.56005859375,0.599853515625,0.61865234375,0.635986328125,0.639892578125,-0.125244140625,-0.11780144657734916,0.2976470229194006,0.8455153050325022,0.4273506881923887,1.318115234375,0.321044921875,0.249267578125,0.10693359375,-0.054443359375,-0.0198974609375,0.147216796875,0.3111572265625,1.15478515625,0.9311502426221503,-0.8465224158452102,0.5284585100863674,-0.06445509201330607,-0.0017700735496078372,0.0007324442274239326,-0.0005493331705679495,-0.9291970580156865,-0.23294778283028658,-0.9993591113010041,-39.8125,6.0625,-0.125,-14.19921875,6.48046875,7.0703125,-24.5625,-0.5,0.0,0,0,1383,1964,1000,1
1,154531,41,-0.7149876400036622,-0.8095950193792535,-0.8824732200079348,-0.8984649189733573,-0.8856471449934386,-0.8661763359477523,0.35358745078890347,0.5414593951231422,0.38441114535966064,0.39701528977324746,0.3793450727866451,0.35358745078890347,0.6031373027741325,-0.22675252540665913,-0.2710348826563311,-0.18744468520157476,-0.26786095767082735,-0.3531907101657155,0.478515625,0.578125,0.615478515625,0.635986328125,0.639892578125,0.645751953125,-0.189697265625,-0.15808587908566546,0.29279457991271707,0.8546098208563494,0.3986022522659993,1.307373046875,0.18408203125,0.05224609375,0.068603515625,-0.0555419921875,0.0003662109375,0.0447998046875,0.3079833984375,1.1396484375,0.9276406140324106,-0.8271126438184759,0.5399029511398663,-0.15613269447920164,-0.0017090365306558428,0.0006714072084719382,-0.0007324442274239326,-0.7753532517471846,-0.6283455916013062,-0.9432966093935972,-40.375,6.3125,0.0625,-13.96875,6.55078125,7.12890625,-25.125,-0.6875,0.0,0,0,1185,1887,1028,1
1,154582,42,-0.727408673360393,-0.7619861445966979,-0.8984344004638813,-0.8856471449934386,-0.8661763359477523,-0.8676412244026002,0.4553056428724021,0.533555101168859,0.39707632679219945,0.3793450727866451,0.35358745078890347,0.31174657429731134,0.5133823664052247,-0.36701559495834224,-0.18747520371105075,-0.26786095767082735,-0.3531907101657155,-0.38731040375988035,0.4990234375,0.58154296875,0.61865234375,0.639892578125,0.645751953125,0.6630859375,-0.566162109375,-0.17474898525955992,0.28937650685140537,0.8627887813959166,0.3759575182348094,1.293701171875,0.122802734375,-0.004638671875,-0.003173828125,-0.0560302734375,-0.0057373046875,0.0643310546875,0.3033447265625,1.115478515625,0.923337504196295,-0.8206122013000885,0.5339823603015229,-0.20352793969542526,-0.0015564439832758568,0.0005493331705679495,-0.0007019257179479354,-0.9108554338206122,-0.7314676351207007,-0.9968871120334483,-41.1875,6.75,0.4375,-13.640625,6.4609375,7.421875,-25.75,-0.8125,0.0,0,0,1134,1955,1001,1
1,154643,43,-0.7306741538743248,-0.7586291085543382,-0.8984649189733573,-0.8661763359477523,-0.8676412244026002,-0.880886257515183,0.5127109591967528,0.4694662312692648,0.39701528977324746,0.35358745078890347,0.31174657429731134,0.2804956205938902,0.45078890346995454,-0.4517654957731864,-0.18744468520157476,-0.3531907101657155,-0.38731040375988035,-0.3812372203741569,0.506591796875,0.59716796875,0.635986328125,0.645751953125,0.6630859375,0.681884765625,-0.60693359375,-0.17096469008453627,0.29007843256935334,0.8636738181707205,0.3751029999694815,1.28369140625,-0.2724609375,-0.024169921875,0.0146484375,-0.05517578125,-0.0135498046875,0.1370849609375,0.2991943359375,1.100830078125,0.9170812097537157,-0.8246711630603961,0.5285805841242713,-0.20139164403210547,-0.0014954069643238624,0.0004577776421399579,-0.0006714072084719382,-0.7132175664540544,0.4279305398724326,-0.9273659474471266,-42.0,7.125,0.8125,-13.41015625,6.51953125,7.48828125,-26.3125,-1.0,0.0,0,0,1713,1856,1036,1
1,154684,44,-0.7450178533280435,-0.8167058320871609,-0.8856471449934386,-0.8676412244026002,-0.880886257515183,-0.8856471449934386,0.5402386547441023,0.39268166142765587,0.3793450727866451,0.31174657429731134,0.2804956205938902,0.2758262886440626,0.39127780999176,-0.4228644672994171,-0.26786095767082735,-0.38731040375988035,-0.3812372203741569,-0.3735465559862056,0.52587890625,0.599853515625,0.639892578125,0.6630859375,0.681884765625,0.688232421875,-0.212646484375,-0.16266365550706505,0.293527024140141,0.8511917477950377,0.4035767693105869,1.277099609375,-0.390869140625,0.037841796875,-0.001953125,-0.050537109375,-0.0135498046875,0.11083984375,0.29638671875,1.091796875,0.9128086184270761,-0.826349681081576,0.5358439893795587,-0.17319254127628406,-0.001434369945371868,0.0004272591326639607,-0.0006103701895199438,-0.9061861018707846,-0.6696981719412823,-0.9980468153935361,-42.5,7.375,1.0625,-13.26171875,6.6015625,7.5,-26.875,-1.1875,0.0,0,0,1165,1953,1000,1
1,154734,45,-0.7615894039735099,-0.8824732200079348,-0.8661763359477523,-0.880886257515183,-0.8856471449934386,-0.8905606250190741,0.5662099063081759,0.38441114535966064,0.35358745078890347,0.2804956205938902,0.2758262886440626,0.29007843256935334,0.315256202887051,-0.2710348826563311,-0.3531907101657155,-0.3812372203741569,-0.3735465559862056,-0.35038300729392374,0.5322265625,0.615478515625,0.645751953125,0.681884765625,0.688232421875,0.697021484375,-0.284423828125,-0.14575640125736258,0.30191961424604025,0.8271736808374279,0.4510025330362865,1.272216796875,-0.17431640625,-0.067138671875,-0.00439453125,-0.05029296875,-0.007568359375,0.0750732421875,0.2939453125,1.0814208984375,0.9085970641193885,-0.8276314584795679,0.5493026520584735,-0.1152073732718894,-0.0014038514358958708,0.0004272591326639607,-0.0005798516800439467,-0.7478560747093111,0.0674153874324778,-0.9625232703634754,-43.0625,7.625,1.3125,-13.08984375,6.69140625,7.578125,-27.4375,-1.4375,0.0,0,0,1533,1873,1018,1
1,154785,46,-0.7864619891964476,-0.8984344004638813,-0.8676412244026002,-0.8856471449934386,-0.8905606250190741,-0.9062776573992126,0.5820490127262185,0.39707632679219945,0.31174657429731134,0.2758262886440626,0.29007843256935334,0.2786034730063784,0.206610309152501,-0.18747520371105075,-0.38731040375988035,-0.3735465559862056,-0.35038300729392374,-0.31785027619251077,0.537109375,0.61865234375,0.6630859375,0.688232421875,0.697021484375,0.716796875,-0.636962890625,-0.12784203619495224,0.31373027741325116,0.8195440534684286,0.4621417889950255,1.265625,-0.185791015625,-0.19384765625,0.06591796875,-0.0504150390625,-0.033447265625,0.11376953125,0.2901611328125,1.0625,0.9035004730368968,-0.8293099765007477,0.554094058046205,-0.07214575640125737,-0.0013122959074678793,0.0003967406231879635,-0.0004577776421399579,-0.924497207556383,-0.8146000549333171,-0.9990844447157201,-43.8125,8.0625,1.75,-12.80078125,6.76953125,7.80859375,-28.0,-1.6875,0.0,0,0,1092,1962,1000,1
1,154836,47,-0.815668202764977,-0.8984649189733573,-0.880886257515183,-0.8905606250190741,-0.9062776573992126,-0.9210486159855953,0.5779290139469588,0.39701528977324746,0.2804956205938902,0.29007843256935334,0.2786034730063784,0.27631458479567855,0.025849177526169623,-0.18744468520157476,-0.3812372203741569,-0.35038300729392374,-0.31785027619251077,-0.27451399273659477,0.5556640625,0.635986328125,0.681884765625,0.697021484375,0.716796875,0.726806640625,-0.327880859375,-0.10574663533433028,0.33317056794946137,0.8124027222510453,0.46671956541642506,1.258544921875,-0.0078125,-0.18359375,0.0791015625,-0.053955078125,-0.02197265625,0.15869140625,0.2872314453125,1.0501708984375,0.8988921781060213,-0.8243049409466842,0.565935239722892,-0.016052735984374525,-0.001281777397991882,0.0003662221137119663,-0.0003967406231879635,-0.8343150120548113,-0.2119510483108005,-0.9908749656666769,-44.3125,8.3125,2.0,-12.58984375,6.9296875,7.8203125,-28.5,-1.875,0.0,0,0,1394,1917,1004,1
1,154886,48,-0.8202459791863765,-0.8856471449934386,-0.8856471449934386,-0.9062776573992126,-0.9210486159855953,-0.9339884640034181,0.5589465010528886,0.3793450727866451,0.2758262886440626,0.2786034730063784,0.27631458479567855,0.2683187353129673,-0.12143314920499283,-0.26786095767082735,-0.3735465559862056,-0.31785027619251077,-0.27451399273659477,-0.2359385967589343,0.56005859375,0.639892578125,0.688232421875,0.716796875,0.726806640625,0.74853515625,-0.707275390625,-0.09063997314371167,0.3542283394878994,0.8113956114383374,0.455977050080874,1.244873046875,-0.0732421875,-0.117431640625,0.09326171875,-0.0504150390625,-0.0379638671875,0.178466796875,0.2823486328125,1.0291748046875,0.8916898098696859,-0.8129520554216132,0.5820184942167425,0.0195928830835902,-0.0011902218695638905,0.0003357036042359691,-0.0003051850947599719,-0.9179967650379955,-0.8218024231696524,-0.9991760002441481,-45.0,8.75,2.4375,-12.21875,7.26171875,7.73828125,-29.0625,-2.1875,0.0,0,0,1089,1959,1000,1
1,154937,49,-0.8095950193792535,-0.8661763359477523,-0.8905606250190741,-0.9210486159855953,-0.9339884640034181,-0.9372234260078738,0.5414593951231422,0.35358745078890347,0.29007843256935334,0.27631458479567855,0.2683187353129673,0.2815942869350261,-0.22675252540665913,-0.3531907101657155,-0.35038300729392374,-0.27451399273659477,-0.2359385967589343,-0.2056642353587451,0.578125,0.645751953125,0.697021484375,0.726806640625,0.74853515625,0.7607421875,-0.394287109375,-0.07751701406903287,0.3773308511612293,0.7993408001953185,0.46116519669179357,1.23681640625,-0.046142578125,-0.113037109375,0.127685546875,-0.05615234375,-0.0269775390625,0.1549072265625,0.279296875,1.015625,0.8865627002777184,-0.793328653828547,0.6053651539658803,0.06479079561754204,-0.0011597033600878933,0.0003357036042359691,-0.00027466658528397473,-0.8973052156132695,-0.5153355510116886,-0.9978331858272041,-45.5,9.0,2.6875,-11.96875,7.51171875,7.671875,-29.5625,-2.4375,0.0,0,0,1242,1948,1001,1
1,154987,50,-0.7619861445966979,-0.8676412244026002,-0.9062776573992126,-0.9339884640034181,-0.9372234260078738,-0.9366435743278299,0.533555101168859,0.31174657429731134,0.2786034730063784,0.2683187353129673,0.2815942869350261,0.30274361400189215,-0.36701559495834224,-0.38731040375988035,-0.31785027619251077,-0.2359385967589343,-0.2056642353587451,-0.17618335520493178,0.58154296875,0.6630859375,0.716796875,0.74853515625,0.7607421875,0.7841796875,-0.763916015625,-0.0686056093020417,0.4034546952726829,0.783501693777276,0.46760460219122896,1.2216796875,-0.21533203125,-0.04052734375,0.16357421875,-0.0526123046875,-0.02880859375,0.19677734375,0.2742919921875,0.991455078125,0.8795434430982391,-0.7656788842432936,0.6344492934965056,0.10580767235328227,-0.0010376293221839045,0.0003357036042359691,-0.00021362956633198035,-0.9091158787804804,-0.6867885372478408,-0.9990844447157201,-46.125,9.5,3.0625,-11.55859375,7.78125,7.62109375,-30.125,-2.75,0.0,0,0,1156,1954,1000,1
1,155038,51,-0.7586291085543382,-0.880886257515183,-0.9210486159855953,-0.9372234260078738,-0.9366435743278299,-0.9267555772576067,0.4694662312692648,0.2804956205938902,0.27631458479567855,0.2815942869350261,0.30274361400189215,0.3392132328257088,-0.4517654957731864,-0.3812372203741569,-0.27451399273659477,-0.2056642353587451,-0.17618335520493178,-0.16135135959959715,0.59716796875,0.681884765625,0.726806640625,0.7607421875,0.7841796875,0.798828125,-0.472900390625,-0.06256294442579424,0.42655720694601273,0.7546617023224585,0.4945829645680105,1.212646484375,-0.292236328125,-0.039794921875,0.187744140625,-0.0540771484375,-0.015625,0.12158203125,0.27099609375,0.9744873046875,0.8747825556199835,-0.7345194860683004,0.6604205450605792,0.15601062044129765,-0.0009765923032319102,0.0003357036042359691,-0.00018311105685598315,-0.9101229895931883,-0.2554704428235725,-0.9985656300546282,-46.5625,9.8125,3.375,-11.26171875,8.01953125,7.578125,-30.625,-3.0625,0.0,0,0,1372,1955,1000,1
1,155080,52,-0.8167058320871609,-0.8856471449934386,-0.9339884640034181,-0.9366435743278299,-0.9267555772576067,-0.9177220984527116,0.39268166142765587,0.2758262886440626,0.2683187353129673,0.30274361400189215,0.3392132328257088,0.369487594225898,-0.4228644672994171,-0.3735465559862056,-0.2359385967589343,-0.17618335520493178,-0.16135135959959715,-0.1457258827478866,0.599853515625,0.688232421875,0.74853515625,0.7841796875,0.798828125,0.81298828125,-0.46484375,-0.05514694662312693,0.44645527512436295,0.7257606738486893,0.5204626606036561,1.20458984375,-0.39599609375,-0.052001953125,0.2138671875,-0.0498046875,-0.0185546875,0.1270751953125,0.267822265625,0.957275390625,0.8712118900112918,-0.7059846797082431,0.6772667622913296,0.20719016083254493,-0.0009155552842799158,0.0003662221137119663,-0.00015259254737998596,-0.9049348429822688,-0.1543321024201178,-0.9989013336588641,-47.0,10.0625,3.6875,-10.98828125,8.1015625,7.671875,-31.125,-3.375,0.0,0,0,1422,1952,1000,1
1,155130,53,-0.8824732200079348,-0.8905606250190741,-0.9372234260078738,-0.9267555772576067,-0.9177220984527116,-0.9063386944181646,0.38441114535966064,0.29007843256935334,0.2815942869350261,0.3392132328257088,0.369487594225898,0.4087343974120304,-0.2710348826563311,-0.35038300729392374,-0.2056642353587451,-0.16135135959959715,-0.1457258827478866,-0.10727256080813014,0.615478515625,0.697021484375,0.7607421875,0.798828125,0.81298828125,0.8408203125,-0.901611328125,-0.04104739524521622,0.4730063783684805,0.6875820184942167,0.5493636890774255,1.198974609375,-0.24609375,-0.173095703125,0.1943359375,-0.0518798828125,-0.001220703125,0.07861328125,0.26416015625,0.93505859375,0.8656575212866604,-0.6674703207495346,0.6900540177617726,0.27982421338541824,-0.0008239997558519242,0.0003662221137119663,-0.00012207403790398877,-0.9266640217291787,-0.7875606555375836,-0.9994811853389081,-47.625,10.5625,4.0625,-10.609375,8.2890625,7.8515625,-31.625,-3.75,0.0,0,0,1106,1963,1000,1
1,155180,54,-0.8984344004638813,-0.9062776573992126,-0.9366435743278299,-0.9177220984527116,-0.9063386944181646,-0.8971831415753655,0.39707632679219945,0.2786034730063784,0.30274361400189215,0.369487594225898,0.4087343974120304,0.43824579607531966,-0.18747520371105075,-0.31785027619251077,-0.17618335520493178,-0.1457258827478866,-0.10727256080813014,-0.055024872585222935,0.61865234375,0.716796875,0.7841796875,0.81298828125,0.8408203125,0.857421875,-0.541259765625,-0.023957029938657795,0.5058442945646534,0.6637775811029389,0.5504013183996094,1.1943359375,-0.10498046875,-0.264892578125,0.165283203125,-0.0528564453125,-0.0047607421875,0.1317138671875,0.2613525390625,0.918701171875,0.8629413739432966,-0.6178167058320871,0.706656086916715,0.3448591570787683,-0.0007629627368999298,0.0003662221137119663,-6.103701895199438e-05,-0.9193395794549394,0.49974059266945403,-0.9992980742820521,-48.0,10.875,4.375,-10.359375,8.30859375,8.0390625,-32.125,-4.0625,0.0,0,0,1749,1959,1000,1
1,155243,55,-0.8984649189733573,-0.9210486159855953,-0.9267555772576067,-0.9063386944181646,-0.8971831415753655,-0.8868373668630024,0.39701528977324746,0.27631458479567855,0.3392132328257088,0.4087343974120304,0.43824579607531966,0.4616534928434095,-0.18744468520157476,-0.27451399273659477,-0.16135135959959715,-0.10727256080813014,-0.055024872585222935,0.02044740134891812,0.635986328125,0.726806640625,0.798828125,0.8408203125,0.857421875,0.88720703125,-0.970458984375,0.0016479995117038484,0.5425275429548021,0.6366466261787774,0.5480208746604815,1.18505859375,-0.33935546875,-0.113525390625,0.148681640625,-0.051513671875,-0.0174560546875,0.2296142578125,0.2568359375,0.8868408203125,0.858943449201941,-0.5587023529770806,0.7140415662099063,0.4219183935056612,-0.0007019257179479354,0.0003662221137119663,0.0,-0.9403973509933775,-0.1564989165929136,-0.99984740745262,-48.625,11.4375,4.875,-9.80859375,8.66015625,8.12890625,-32.5625,-4.4375,0.0,0,0,1421,1970,1000,1
1,155281,56,-0.8856471449934386,-0.9339884640034181,-0.9177220984527116,-0.8971831415753655,-0.8868373668630024,-0.8814966277047029,0.3793450727866451,0.2683187353129673,0.369487594225898,0.43824579607531966,0.4616534928434095,0.47016815698721276,-0.26786095767082735,-0.2359385967589343,-0.1457258827478866,-0.055024872585222935,0.02044740134891812,0.04361095004119999,0.639892578125,0.74853515625,0.81298828125,0.857421875,0.88720703125,0.906494140625,-0.625,0.015808587908566547,0.5553758354441969,0.6107669301431318,0.564165166173284,1.17529296875,-0.131103515625,-0.033203125,0.127685546875,-0.05322265625,0.002197265625,0.1866455078125,0.25341796875,0.8592529296875,0.8574175237281411,-0.5345011749626148,0.7014679403057955,0.4714194158757286,-0.000640888698995941,0.0003357036042359691,3.051850947599719e-05,-0.9249855037079989,0.5074312570574053,-0.99954222235786,-49.0,11.75,5.1875,-9.328125,8.98828125,8.1015625,-33.0625,-4.8125,0.0,0,0,1753,1962,1000,1
1,155332,57,-0.8661763359477523,-0.9372234260078738,-0.9063386944181646,-0.8868373668630024,-0.8814966277047029,-0.8774071474349193,0.35358745078890347,0.2815942869350261,0.4087343974120304,0.4616534928434095,0.47016815698721276,0.478286080507828,-0.3531907101657155,-0.2056642353587451,-0.10727256080813014,0.02044740134891812,0.04361095004119999,0.03714102603228858,0.645751953125,0.7607421875,0.8408203125,0.88720703125,0.906494140625,0.938232421875,-1.03271484375,0.01315347758415479,0.5662404248176519,0.5986816003906369,0.5663624988555559,1.170166015625,-0.01806640625,-0.088623046875,0.100341796875,-0.05517578125,-0.0145263671875,0.099853515625,0.2493896484375,0.8280029296875,0.8552812280648213,-0.5149388103885006,0.7117221594897305,0.47776726584673607,-0.0037537766655476546,0.002380443739127781,0.000946073793755913,-0.9465010528885769,-0.12042603839228493,-1.0,-49.5,12.3125,5.625,-8.7890625,9.26171875,8.26953125,-33.5,-5.25,0.0,0,0,1439,1973,1000,1
1,155386,58,-0.8676412244026002,-0.9366435743278299,-0.8971831415753655,-0.8814966277047029,-0.8774071474349193,-0.8758201849421674,0.31174657429731134,0.30274361400189215,0.43824579607531966,0.47016815698721276,0.478286080507828,0.4811853389080477,-0.38731040375988035,-0.17618335520493178,-0.055024872585222935,0.04361095004119999,0.03714102603228858,0.037263100070192574,0.6630859375,0.7841796875,0.857421875,0.906494140625,0.938232421875,0.95947265625,-0.69140625,0.01293984801782281,0.5801263466292307,0.5967589342936491,0.554216132084109,1.168212890625,0.187255859375,-0.123046875,0.037841796875,-0.0555419921875,-0.0052490234375,0.1239013671875,0.2469482421875,0.8143310546875,0.8528397473067415,-0.49046296578875087,0.727927488021485,0.4791100802636799,-0.003662221137119663,0.002349925229651784,0.0008850367748039186,-0.9322489089632863,0.3705862605670339,-0.999755851924192,-49.8125,12.625,5.9375,-8.55859375,9.30078125,8.421875,-33.9375,-5.625,0.0,0,0,1685,1966,1000,1
1,155433,59,-0.880886257515183,-0.9267555772576067,-0.8868373668630024,-0.8774071474349193,-0.8758201849421674,-0.8806421094393749,0.2804956205938902,0.3392132328257088,0.4616534928434095,0.478286080507828,0.4811853389080477,0.4727622302926725,-0.3812372203741569,-0.16135135959959715,0.02044740134891812,0.03714102603228858,0.037263100070192574,0.031250953703421125,0.681884765625,0.798828125,0.88720703125,0.938232421875,0.95947265625,0.993896484375,-1.11279296875,0.007141331217383343,0.5939512314218574,0.608844264046144,0.5258033997619557,1.163818359375,0.19873046875,-0.159423828125,-0.0087890625,-0.05517578125,-0.0162353515625,0.134765625,0.242919921875,0.7877197265625,0.8498184148686179,-0.47032074953459274,0.7579271828363903,0.4520401623584704,-0.0035706656086916715,0.002227851191747795,0.0007019257179479354,-0.9475997192297129,-0.14474929044465468,-1.0,-50.3125,13.1875,6.4375,-8.1015625,9.46875,8.578125,-34.375,-6.0625,0.0,0,0,1427,1973,1000,1
1,155485,60,-0.8856471449934386,-0.9177220984527116,-0.8814966277047029,-0.8758201849421674,-0.8806421094393749,-0.8883022553178502,0.2758262886440626,0.369487594225898,0.47016815698721276,0.4811853389080477,0.4727622302926725,0.4580523087252419,-0.3735465559862056,-0.1457258827478866,0.04361095004119999,0.037263100070192574,0.031250953703421125,0.033661915952024904,0.688232421875,0.81298828125,0.906494140625,0.95947265625,0.993896484375,1.017578125,-0.775390625,0.00598162785729545,0.6070131534775841,0.6241035187841426,0.49192785424359875,1.158447265625,0.250732421875,-0.116455078125,-0.041259765625,-0.055419921875,-0.0103759765625,0.195068359375,0.2398681640625,0.77001953125,0.847560045167394,-0.4519791253395184,0.783349101229896,0.4266792809839167,-0.00347911008026368,0.0021362956633198035,0.0006714072084719382,-0.9350871303445539,0.31104464857936337,-0.999816888943144,-50.5625,13.5625,6.8125,-7.7890625,9.58984375,8.609375,-34.75,-6.5,0.0,0,0,1655,1967,1000,1
1,155535,61,-0.8905606250190741,-0.9063386944181646,-0.8774071474349193,-0.8806421094393749,-0.8883022553178502,-0.9002349925229651,0.29007843256935334,0.4087343974120304,0.478286080507828,0.4727622302926725,0.4580523087252419,0.43458357493820005,-0.35038300729392374,-0.10727256080813014,0.03714102603228858,0.031250953703421125,0.033661915952024904,0.02642902920621357,0.697021484375,0.8408203125,0.938232421875,0.993896484375,1.017578125,1.053955078125,-1.176513671875,0.000793481246375927,0.6134220404675436,0.641254921109653,0.4610126041444136,1.147216796875,0.1484375,-0.0947265625,-0.028564453125,-0.0572509765625,-0.009765625,0.18603515625,0.23486328125,0.7403564453125,0.8433790093691824,-0.4489577929013947,0.804834131900998,0.3881344035157323,-0.0033875545518356883,0.0019226660969878231,0.0005188146610919523,-0.9478133487960448,-0.152287362285226,-1.0,-51.0,14.1875,7.3125,-7.25,9.87109375,8.51171875,-35.1875,-6.9375,0.0,0,0,1423,1973,1000,1
1,155586,62,-0.9062776573992126,-0.8971831415753655,-0.8758201849421674,-0.8883022553178502,-0.9002349925229651,-0.913022247993408,0.2786034730063784,0.43824579607531966,0.4811853389080477,0.4580523087252419,0.43458357493820005,0.4078493606372265,-0.31785027619251077,-0.055024872585222935,0.037263100070192574,0.033661915952024904,0.02642902920621357,0.0045167394024475845,0.716796875,0.857421875,0.95947265625,1.017578125,1.053955078125,1.07958984375,-0.83544921875,-0.009125034333323161,0.6136051515243995,0.6596270638142033,0.43397320474868006,1.138671875,0.24853515625,-0.033203125,-0.02294921875,-0.056640625,-0.0250244140625,0.200439453125,0.2314453125,0.722900390625,0.8401745658742027,-0.45606860560930207,0.8217719046601764,0.3415936765648366,-0.0032959990234076968,0.0017700735496078372,0.0003967406231879635,-0.9389324625385296,0.0794091616565447,-0.99984740745262,-51.3125,14.5625,7.625,-6.9296875,10.01171875,8.421875,-35.5625,-7.4375,0.0,0,0,1539,1969,1000,1
1,155637,63,-0.9210486159855953,-0.8868373668630024,-0.8806421094393749,-0.9002349925229651,-0.913022247993408,-0.9252601702932829,0.27631458479567855,0.4616534928434095,0.4727622302926725,0.43458357493820005,0.4078493606372265,0.3782769249549852,-0.27451399273659477,0.02044740134891812,0.031250953703421125,0.02642902920621357,0.0045167394024475845,-0.028778954435865353,0.726806640625,0.88720703125,0.993896484375,1.053955078125,1.07958984375,1.117919921875,-1.2490234375,-0.026459547715689567,0.6102786339915158,0.6775109103671376,0.4096804712057863,1.13037109375,0.22607421875,0.005615234375,-0.04150390625,-0.058349609375,-0.0189208984375,0.1519775390625,0.2269287109375,0.70361328125,0.8331858272041993,-0.4700155644398328,0.837000640888699,0.2801599169896542,-0.003204443494979705,0.0015564439832758568,0.00018311105685598315,-0.9472029786065248,-0.2434156315805536,-1.0,-51.6875,15.125,8.125,-6.53125,10.23828125,8.26953125,-35.9375,-7.875,0.0,0,0,1378,1973,1000,1
1,155687,64,-0.9339884640034181,-0.8814966277047029,-0.8883022553178502,-0.913022247993408,-0.9252601702932829,-0.9339274269844661,0.2683187353129673,0.47016815698721276,0.4580523087252419,0.4078493606372265,0.3782769249549852,0.35227515488143557,-0.2359385967589343,0.04361095004119999,0.033661915952024904,0.0045167394024475845,-0.028778954435865353,-0.060426648762474444,0.74853515625,0.906494140625,1.017578125,1.07958984375,1.117919921875,1.14599609375,-0.909423828125,-0.04480117191076388,0.6075319681386762,0.6936552018799402,0.38438062685018465,1.125732421875,0.278076171875,-0.0283203125,-0.013916015625,-0.0618896484375,-0.01904296875,0.135986328125,0.2239990234375,0.6944580078125,0.8281807916501358,-0.47874385814996795,0.8501235999633778,0.21936704611346783,-0.0030823694570757164,0.0014038514358958708,6.103701895199438e-05,-0.9418622394482253,-0.5085299233985412,-0.999877925962096,-51.9375,15.5625,8.4375,-6.33984375,10.30078125,8.23828125,-36.25,-8.375,0.0,0,0,1245,1970,1000,1
1,155737,65,-0.9372234260078738,-0.8774071474349193,-0.9002349925229651,-0.9252601702932829,-0.9339274269844661,-0.9403057954649495,0.2815942869350261,0.478286080507828,0.43458357493820005,0.3782769249549852,0.35227515488143557,0.3272804956205939,-0.2056642353587451,0.03714102603228858,0.02642902920621357,-0.028778954435865353,-0.060426648762474444,-0.09329508346812342,0.7607421875,0.938232421875,1.053955078125,1.117919921875,1.14599609375,1.186279296875,-1.30908203125,-0.06970427564317759,0.6057008575701163,0.7097384563737907,0.35285500656147956,1.120849609375,0.307861328125,0.01318359375,0.023681640625,-0.055908203125,-0.0225830078125,0.1666259765625,0.219970703125,0.684814453125,0.8186284981841487,-0.4844813379314554,0.8633686330759606,0.14102603228858301,-0.0029297769096957305,0.0012207403790398877,-0.00012207403790398877,-0.9435407574694052,-0.5255897701956237,-0.999908444471572,-52.25,16.1875,8.9375,-6.1015625,10.41015625,8.171875,-36.625,-8.875,0.0,0,0,1237,1971,1000,1
2,171299,0,0.9340189825128941,0.9340189825128941,0.9340189825128941,0.9340189825128941,0.9340189825128941,0.9950560014648885,-0.22330393383587147,-0.22330393383587147,-0.22330393383587147,-0.22330393383587147,-0.22330393383587147,0.058107242042298654,0.27878658406323437,0.27878658406323437,0.27878658406323437,0.27878658406323437,0.27878658406323437,-0.0805078279976806,7.999755859375,7.999755859375,7.999755859375,7.999755859375,7.999755859375,0.023193359375,7.999755859375,0.02151554918057802,0.04480117191076388,-0.17673268837549974,0.9830011902218696,1.58544921875,-0.02099609375,-0.00341796875,0.003173828125,0.01513671875,0.0213623046875,-0.1214599609375,0.3563232421875,0.0,0.9982299264503922,0.0,0.0,0.0,0.04217658009582812,0.0024719992675557726,-0.0034180730613116855,-0.989135410626545,-0.4205755790887173,-1.0,0.0,0.0,0.0,-20.51171875,1.0,1.76953125,-0.625,0.0,0.0,1,0,1289,1994,1000,1
2,171332,1,0.9340189825128941,0.9340189825128941,0.9340189825128941,0.9340189825128941,0.9950560014648885,0.9169896542252877,-0.22330393383587147,-0.22330393383587147,-0.22330393383587147,-0.22330393383587147,0.058107242042298654,0.35294656208990755,0.27878658406323437,0.27878658406323437,0.27878658406323437,0.27878658406323437,-0.0805078279976806,-0.1858882412182989,7.999755859375,7.999755859375,7.999755859375,7.999755859375,0.023193359375,0.012939453125,0.32861328125,0.02368236335337382,0.04446546830652791,-0.17679372539445173,0.9829706717123936,1.59765625,-0.001708984375,0.010498046875,-0.01416015625,0.0206298828125,0.0283203125,-0.1080322265625,0.3580322265625,1.5906982421875,0.9980468153935361,-0.9936216315195165,0.022766808069093907,0.11038544877468184,-0.38993499557481615,0.8632160405285806,-0.30835901974547564,-0.6019470809045686,-0.8984649189733573,-0.945524460585345,-0.875,0.0625,0.0625,-20.66015625,1.140625,1.7890625,-1.1875,0.0,0.0,0,0,1050,1800,1027,1
2,171383,2,0.9340189825128941,0.9340189825128941,0.9340189825128941,0.9950560014648885,0.9169896542252877,-0.8615375225074008,-0.22330393383587147,-0.22330393383587147,-0.22330393383587147,0.058107242042298654,0.35294656208990755,0.47859126560258797,0.27878658406323437,0.27878658406323437,0.27878658406323437,-0.0805078279976806,-0.1858882412182989,-0.1694082461012604,7.999755859375,7.999755859375,7.999755859375,0.023193359375,0.012939453125,0.01806640625,-0.16552734375,0.029755546739097263,0.042664876247444077,-0.17676320688497574,0.9828791161839656,1.615478515625,0.014892578125,0.02685546875,-0.051025390625,0.01708984375,0.029541015625,-0.1341552734375,0.3607177734375,1.6085205078125,0.9978026673177282,-0.9943845942564166,0.012237922299874875,0.10504470961638233,-0.00521866512039552,0.006073183385723441,-0.002380443739127781,-0.9934995574816126,0.966643269142735,-0.9286782433545946,-2.1875,0.1875,0.1875,-20.87890625,1.2890625,1.859375,-1.8125,0.0,0.0,0,0,1983,1996,1035,1
2,171434,3,0.9340189825128941,0.9340189825128941,0.9340189825128941,0.9169896542252877,-0.8615375225074008,-0.9125949888607441,-0.22330393383587147,-0.22330393383587147,-0.22330393383587147,0.35294656208990755,0.47859126560258797,0.3857234412671285,0.27878658406323437,0.27878658406323437,0.27878658406323437,-0.1858882412182989,-0.1694082461012604,-0.13562425611133153,7.999755859375,7.999755859375,7.999755859375,0.012939453125,0.01806640625,0.0302734375,-0.396728515625,0.037659840693380534,0.04043702505569628,-0.17511520737327188,0.9830011902218696,1.628173828125,0.024169921875,0.017822265625,-0.03076171875,0.0107421875,0.01611328125,-0.132568359375,0.362548828125,1.6217041015625,0.9975890377513962,-0.9951170384838405,-6.103701895199438e-05,0.09860530411694693,-0.017334513382366405,0.007324442274239326,-0.002563554795983764,-0.9988708151493881,-0.14407788323618276,-0.9994811853389081,-3.0625,0.3125,0.25,-21.0390625,1.4296875,1.8203125,-2.375,0.0,0.0,0,0,1427,1999,1000,1
2,171486,4,0.9340189825128941,0.9340189825128941,0.9950560014648885,-0.8615375225074008,-0.9125949888607441,-0.9599902340769677,-0.22330393383587147,-0.22330393383587147,0.058107242042298654,0.47859126560258797,0.3857234412671285,0.26578569902645954,0.27878658406323437,0.27878658406323437,-0.0805078279976806,-0.1694082461012604,-0.13562425611133153,-0.0881679738761559,7.999755859375,7.999755859375,0.023193359375,0.01806640625,0.0302734375,0.056884765625,-0.864501953125,0.04647968993194372,0.03888058107242042,-0.17850276192510758,0.9820551164281136,1.6376953125,0.005859375,0.007568359375,-0.042236328125,0.0147705078125,0.0216064453125,-0.1195068359375,0.3636474609375,1.63134765625,0.9972533341471602,-0.9954527420880764,-0.013214514603106785,0.09424115726187933,-0.026642658772545548,0.009033478804895169,-0.0031128879665517136,-0.9772942289498581,-0.8462477492599262,-0.40882595294045837,-4.375,0.4375,0.375,-21.1484375,1.62109375,1.83984375,-3.0,0.0,0.0,0,0,1076,1988,1295,1
2,171536,5,0.9340189825128941,0.9340189825128941,0.9169896542252877,-0.9125949888607441,-0.9599902340769677,-0.9626453444013794,-0.22330393383587147,-0.22330393383587147,0.35294656208990755,0.3857234412671285,0.26578569902645954,0.25717947935422836,0.27878658406323437,0.27878658406323437,-0.1858882412182989,-0.13562425611133153,-0.0881679738761559,-0.08474990081484421,7.999755859375,7.999755859375,0.012939453125,0.0302734375,0.056884765625,0.06982421875,-0.4228515625,0.054383983886227,0.03653065584276864,-0.1836909085360271,0.9808038575395978,1.650146484375,-0.075927734375,0.01171875,-0.05712890625,0.0120849609375,0.0174560546875,-0.1265869140625,0.365478515625,1.6435546875,0.9969786675618763,-0.9957579271828364,-0.025025177770317698,0.08856471449934385,-0.03302102725302896,0.00881984923856319,-0.0028992584002197333,-0.9073458052308725,-0.9139378032776879,-0.8427991576891385,-5.25,0.5625,0.5,-21.30078125,1.73828125,1.87109375,-3.625,0.0,0.0,0,0,1043,1953,1078,1
2,171590,6,0.9340189825128941,0.9340189825128941,-0.8615375225074008,-0.9599902340769677,-0.9626453444013794,-0.9749443037202064,-0.22330393383587147,-0.22330393383587147,0.47859126560258797,0.26578569902645954,0.25717947935422836,0.2099063081759087,0.27878658406323437,0.27878658406323437,-0.1694082461012604,-0.0881679738761559,-0.08474990081484421,-0.07367168187505722,7.999755859375,7.999755859375,0.01806640625,0.056884765625,0.06982421875,0.09912109375,-0.950927734375,0.0597857600634785,0.034638508255256814,-0.1879024628437147,0.9797662282174139,1.664794921875,-0.017333984375,-0.035888671875,-0.017333984375,0.009033203125,0.006591796875,-0.1314697265625,0.367431640625,1.658203125,0.9965514084292123,-0.9959105197302164,-0.0336924344615009,0.0838038270210883,-0.0358897671437727,0.008789330729087191,-0.0030823694570757164,-0.9857478560747093,-0.8203680532242805,-0.40061647389141514,-6.625,0.6875,0.625,-21.46875,1.94921875,1.8984375,-4.1875,0.0,0.0,0,0,1089,1992,1299,1
2,171639,7,0.9340189825128941,0.9340189825128941,-0.9125949888607441,-0.9626453444013794,-0.9749443037202064,-0.9743644520401623,-0.22330393383587147,-0.22330393383587147,0.3857234412671285,0.25717947935422836,0.2099063081759087,0.21366008484145635,0.27878658406323437,0.27878658406323437,-0.13562425611133153,-0.08474990081484421,-0.07367168187505722,-0.07031464583269753,7.999755859375,7.999755859375,0.0302734375,0.06982421875,0.09912109375,0.112548828125,-0.4375,0.06234931485946226,0.03457747123630482,-0.18903164769432662,0.9793694875942259,1.674560546875,0.03173828125,0.012451171875,-0.01318359375,0.0123291015625,0.0194091796875,-0.113037109375,0.3687744140625,1.6678466796875,0.9962157048249763,-0.9958189642017884,-0.03595080416272469,0.08395641956846828,-0.035828730124820705,0.00784325693533128,-0.0025940733054597613,-0.8828089236121708,-0.9105502487258522,-0.8740806299020356,-7.5,0.8125,0.6875,-21.578125,2.109375,1.921875,-4.8125,0.0,0.0,0,0,1044,1941,1062,1
2,171679,8,0.9340189825128941,0.9950560014648885,-0.9599902340769677,-0.9749443037202064,-0.9743644520401623,-0.9730216376232185,-0.22330393383587147,0.058107242042298654,0.26578569902645954,0.2099063081759087,0.21366008484145635,0.2196722312082278,0.27878658406323437,-0.0805078279976806,-0.0881679738761559,-0.07367168187505722,-0.07031464583269753,-0.0705282753990295,7.999755859375,0.023193359375,0.056884765625,0.09912109375,0.112548828125,0.12451171875,-0.390625,0.06390575884273812,0.03564561906796472,-0.1902523880733665,0.979003265480514,1.681640625,-0.013916015625,-0.04345703125,0.00146484375,0.0087890625,0.014404296875,-0.1116943359375,0.36962890625,1.6746826171875,0.9958800012207404,-0.9955442976165044,-0.037873470259712515,0.08621478926969207,-0.03518784142582476,0.00881984923856319,-0.002838221381267739,0.8061769463179418,0.7697378460036012,0.8692892239143041,-8.4375,0.9375,0.75,-21.66015625,2.19921875,1.98046875,-5.375,0.0,0.0,0,0,1884,1096,1934,1
2,171730,9,0.9340189825128941,0.9169896542252877,-0.9626453444013794,-0.9743644520401623,-0.9730216376232185,-0.9783623767815179,-0.22330393383587147,0.35294656208990755,0.25717947935422836,0.21366008484145635,0.2196722312082278,0.19882808923612172,0.27878658406323437,-0.1858882412182989,-0.08474990081484421,-0.07031464583269753,-0.0705282753990295,-0.05737479781487472,7.999755859375,0.012939453125,0.06982421875,0.112548828125,0.12451171875,0.156982421875,-1.050537109375,0.06573686941129796,0.0370189519943846,-0.1935483870967742,0.978179265724662,1.6962890625,-0.04833984375,0.016357421875,-0.004150390625,0.006591796875,0.0074462890625,-0.10302734375,0.37158203125,1.6885986328125,0.9952391125217445,-0.9952085940122685,-0.0391247291482284,0.08975493636890775,-0.0304574724570452,0.00619525742362743,-0.0018005920590838343,0.8720969267860957,0.44175542466505935,0.9989928891872921,-9.8125,1.125,0.9375,-21.8203125,2.3984375,2.08984375,-6.0,0.0,0.0,0,0,1720,1063,1999,1
2,171781,10,0.9340189825128941,-0.8615375225074008,-0.9749443037202064,-0.9730216376232185,-0.9783623767815179,-0.9766838587603381,-0.22330393383587147,0.47859126560258797,0.2099063081759087,0.2196722312082278,0.19882808923612172,0.20728171636097292,0.27878658406323437,-0.1694082461012604,-0.07367168187505722,-0.0705282753990295,-0.05737479781487472,-0.056001464888454845,7.999755859375,0.01806640625,0.09912109375,0.12451171875,0.156982421875,0.169189453125,-0.396728515625,0.0663472396008179,0.03903317361980041,-0.195593127231666,0.97766045106357,1.7001953125,-0.0595703125,-0.035400390625,0.002685546875,0.0023193359375,0.0194091796875,-0.0869140625,0.3717041015625,1.69189453125,0.9948118533890805,-0.9947508163701285,-0.03958250679036836,0.09433271279030732,-0.02948088015381329,0.006775109103671377,-0.0018311105685598315,0.8060243537705618,0.8753318887905515,0.9441511276589252,-10.6875,1.25,1.0,-21.8515625,2.51953125,2.19140625,-6.625,0.0,0.0,0,0,1937,1096,1972,1
2,171833,11,0.9340189825128941,-0.9125949888607441,-0.9743644520401623,-0.9783623767815179,-0.9766838587603381,-0.9801019318216498,-0.22330393383587147,0.3857234412671285,0.21366008484145635,0.19882808923612172,0.20728171636097292,0.19272438734092226,0.27878658406323437,-0.13562425611133153,-0.07031464583269753,-0.05737479781487472,-0.056001464888454845,-0.04770043031098361,7.999755859375,0.0302734375,0.112548828125,0.156982421875,0.169189453125,0.201416015625,-1.045654296875,0.06866664632099369,0.04092532120731224,-0.1965392010254219,0.9772331919309061,1.713623046875,-0.05029296875,-0.03759765625,-0.01318359375,0.0057373046875,0.021240234375,-0.1004638671875,0.3734130859375,1.7041015625,0.9940488906521805,-0.9942625202185126,-0.04202398754844813,0.09836115604113894,-0.023407696768089847,0.004608294930875576,-0.0011291848506118961,0.869563890499588,0.4462416455580309,0.9982909634693442,-12.125,1.4375,1.1875,-21.98828125,2.6796875,2.359375,-7.1875,0.0,0.0,0,0,1723,1065,1999,1
2,171884,12,0.9340189825128941,-0.9599902340769677,-0.9730216376232185,-0.9766838587603381,-0.9801019318216498,-0.9826654866176336,-0.22330393383587147,0.26578569902645954,0.2196722312082278,0.20728171636097292,0.19272438734092226,0.1803949095126194,0.27878658406323437,-0.0881679738761559,-0.0705282753990295,-0.056001464888454845,-0.04770043031098361,-0.04287850581377606,7.999755859375,0.056884765625,0.12451171875,0.169189453125,0.201416015625,0.232666015625,-1.01708984375,0.07327494125186926,0.04226813562425611,-0.19943845942564165,0.9762565996276742,1.724365234375,0.013671875,0.019287109375,-0.036376953125,0.005859375,0.017822265625,-0.0791015625,0.37451171875,1.7130126953125,0.9931943723868526,-0.9937131870479445,-0.04879909665211951,0.10071108127079073,-0.019959105197302165,0.003906369212927641,-0.000946073793755913,0.8239997558519242,0.8324228644672994,0.9818109683523056,-13.5,1.625,1.3125,-22.08984375,2.8203125,2.55859375,-7.8125,0.0,0.0,0,0,1916,1087,1990,1
2,171934,13,0.9340189825128941,-0.9626453444013794,-0.9783623767815179,-0.9801019318216498,-0.9826654866176336,-0.9832758568071536,-0.22330393383587147,0.25717947935422836,0.19882808923612172,0.19272438734092226,0.1803949095126194,0.1770378734702597,0.27878658406323437,-0.08474990081484421,-0.05737479781487472,-0.04770043031098361,-0.04287850581377606,-0.04293954283272805,7.999755859375,0.06982421875,0.156982421875,0.201416015625,0.232666015625,0.247314453125,-0.47900390625,0.07913449507126072,0.04361095004119999,-0.2043824579607532,0.9747001556443984,1.732421875,-0.08349609375,-0.0087890625,-0.050048828125,0.00439453125,0.02294921875,-0.10595703125,0.375244140625,1.719970703125,0.9925534836878567,-0.9929807428205206,-0.05999938962981048,0.10196234015930662,-0.017212439344462416,0.0031128879665517136,-0.0007629627368999298,0.8550675984984893,0.5998718222602009,0.9952696310312205,-14.4375,1.75,1.4375,-22.171875,2.91015625,2.6796875,-8.375,0.0,0.0,0,0,1799,1072,1997,1
2,171986,14,0.9340189825128941,-0.9749443037202064,-0.9766838587603381,-0.9826654866176336,-0.9832758568071536,-0.9857478560747093,-0.22330393383587147,0.2099063081759087,0.20728171636097292,0.1803949095126194,0.1770378734702597,0.16269417401654104,0.27878658406323437,-0.07367168187505722,-0.056001464888454845,-0.04287850581377606,-0.04293954283272805,-0.04303109836115604,7.999755859375,0.09912109375,0.169189453125,0.232666015625,0.247314453125,0.27880859375,-1.02587890625,0.08609271523178808,0.044038209173863946,-0.2074648274178289,0.9734488967558824,1.74169921875,-0.051513671875,-0.02392578125,-0.02294921875,0.0047607421875,0.0169677734375,-0.1324462890625,0.3759765625,1.728759765625,0.9914548173467208,-0.9922788171025727,-0.07135227515488143,0.10138248847926268,-0.014587847529526658,0.002563554795983764,-0.0006714072084719382,0.838038270210883,0.7585070345164342,0.9913022247993408,-15.75,2.0,1.625,-22.26171875,3.1015625,2.75,-9.0,0.0,0.0,0,0,1879,1080,1995,1
2,172036,15,0.9340189825128941,-0.9743644520401623,-0.9801019318216498,-0.9832758568071536,-0.9857478560747093,-0.9864497817926573,-0.22330393383587147,0.21366008484145635,0.19272438734092226,0.1770378734702597,0.16269417401654104,0.15720084231086154,0.27878658406323437,-0.07031464583269753,-0.04770043031098361,-0.04293954283272805,-0.04303109836115604,-0.0466933194982757,7.999755859375,0.112548828125,0.201416015625,0.247314453125,0.27880859375,0.29345703125,-0.47119140625,0.09295937986388744,0.04437391277809992,-0.20795312356944487,0.9726859340189825,1.749267578125,0.00439453125,0.00146484375,-0.035888671875,0.0018310546875,0.0198974609375,-0.1204833984375,0.376708984375,1.736083984375,0.9906002990813929,-0.9914853358561968,-0.08331553086947234,0.0999786370433668,-0.013855403302102725,0.0024719992675557726,-0.0007324442274239326,0.8445692312387463,0.6934415723136083,0.9924314096499527,-16.6875,2.125,1.75,-22.33984375,3.23046875,2.76171875,-9.625,0.0,0.0,0,0,1846,1077,1996,1
2,172097,16,0.9950560014648885,-0.9730216376232185,-0.9826654866176336,-0.9857478560747093,-0.9864497817926573,-0.9880062257759331,0.058107242042298654,0.2196722312082278,0.1803949095126194,0.16269417401654104,0.15720084231086154,0.14334543900875882,-0.0805078279976806,-0.0705282753990295,-0.04287850581377606,-0.04303109836115604,-0.0466933194982757,-0.057252723776970736,0.023193359375,0.12451171875,0.232666015625,0.27880859375,0.29345703125,0.325439453125,-1.0439453125,0.10074159978026673,0.04037598803674428,-0.20838038270210882,0.9720145268105106,1.7626953125,0.110595703125,0.1396484375,-0.0009765625,0.0325927734375,0.0155029296875,-0.06494140625,0.378173828125,1.74853515625,0.989196447645497,-0.9914548173467208,-0.09436323129978332,0.09009063997314372,-0.010681478316599017,0.0016479995117038484,-0.000640888698995941,0.7490157780693991,0.8757591479232154,0.956297494430372,-18.0625,2.375,1.9375,-22.48046875,3.3984375,2.8515625,-10.1875,0.0,0.0,0,0,1937,1125,1978,1
2,172138,17,0.9169896542252877,-0.9783623767815179,-0.9832758568071536,-0.9864497817926573,-0.9880062257759331,-0.9800714133121738,0.35294656208990755,0.19882808923612172,0.1770378734702597,0.15720084231086154,0.14334543900875882,0.1533249916074099,-0.1858882412182989,-0.05737479781487472,-0.04293954283272805,-0.0466933194982757,-0.057252723776970736,-0.12625507370220038,0.012939453125,0.156982421875,0.247314453125,0.29345703125,0.325439453125,0.341064453125,-0.5078125,0.10223700674459059,0.013855403302102725,-0.17773979918820765,0.978667561876278,1.775390625,0.37890625,0.427001953125,0.11279296875,0.024169921875,0.0321044921875,-0.1639404296875,0.3798828125,1.7593994140625,0.9881588183233131,-0.9959715567491684,-0.08166753135776848,0.037415692617572556,-0.010010071108127079,0.00173955504013184,-0.0013428144169438765,0.7059541611987671,0.271645252845851,-0.8323313089388714,-19.0625,2.5625,2.0625,-22.609375,3.48046875,3.05859375,-10.8125,0.0,0.0,0,0,1635,1147,1083,1
2,172189,18,-0.8615375225074008,-0.9766838587603381,-0.9857478560747093,-0.9880062257759331,-0.9800714133121738,-0.9479354228339488,0.47859126560258797,0.20728171636097292,0.16269417401654104,0.14334543900875882,0.1533249916074099,0.15616321298867764,-0.1694082461012604,-0.056001464888454845,-0.04303109836115604,-0.057252723776970736,-0.12625507370220038,-0.27750480666524246,0.01806640625,0.169189453125,0.27880859375,0.325439453125,0.341064453125,0.37451171875,-1.0830078125,0.09598071230201118,-0.04541154210028382,-0.09762871181371502,0.9895321512497329,1.7822265625,0.645751953125,0.38330078125,0.150390625,0.0579833984375,0.050537109375,-0.5496826171875,0.3798828125,1.7724609375,0.9861140781884212,-0.9953917050691244,-0.048768578142643515,-0.0825525681325724,-0.007477034821619312,0.001281777397991882,-0.002227851191747795,0.8176519058809167,-0.8744468520157476,0.9883419293801691,-20.4375,2.8125,2.3125,-22.73828125,3.78125,2.3203125,-11.375,0.0,0.0,0,0,1062,1091,1994,1
2,172229,19,-0.9125949888607441,-0.9801019318216498,-0.9864497817926573,-0.9800714133121738,-0.9479354228339488,-0.9094210638752404,0.3857234412671285,0.19272438734092226,0.15720084231086154,0.1533249916074099,0.15616321298867764,0.14706869716483048,-0.13562425611133153,-0.04770043031098361,-0.0466933194982757,-0.12625507370220038,-0.27750480666524246,-0.3889889217810602,0.0302734375,0.201416015625,0.29345703125,0.341064453125,0.37451171875,0.39013671875,-0.50732421875,0.08880886257515183,-0.08865627002777185,-0.02630695516830958,0.9917600024414808,1.771484375,0.386962890625,0.3876953125,0.079345703125,0.02197265625,0.05810546875,-0.5927734375,0.3768310546875,1.7689208984375,0.9844050416577654,-0.9842219306009095,-0.03375347148045289,-0.17374187444685202,-0.006805627613147374,0.0011902218695638905,-0.002990813928647725,0.7595751823480941,0.7144688253425703,0.030274361400189215,-21.375,3.0,2.375,-22.6796875,3.859375,1.0,-12.0,0.0,0.0,0,0,1857,1120,1515,1
2,172280,20,-0.9599902340769677,-0.9826654866176336,-0.9880062257759331,-0.9479354228339488,-0.9094210638752404,-0.8506424146244698,0.26578569902645954,0.1803949095126194,0.14334543900875882,0.15616321298867764,0.14706869716483048,0.13538010803552356,-0.0881679738761559,-0.04287850581377606,-0.057252723776970736,-0.27750480666524246,-0.3889889217810602,-0.5080111087374493,0.056884765625,0.232666015625,0.325439453125,0.37451171875,0.39013671875,0.40283203125,-0.416259765625,0.08609271523178808,-0.1479842524491104,0.014862514114810634,0.9851374858851893,1.740234375,-0.085205078125,0.392578125,-0.01806640625,0.0389404296875,0.05419921875,-0.6983642578125,0.369873046875,1.7392578125,0.9828791161839656,-0.9552598651081882,-0.03399761955626087,-0.29383220923490094,-0.005645924253059481,0.000946073793755913,-0.0034180730613116855,0.8017212439344462,0.6344187749870296,0.006775109103671377,-22.25,3.1875,2.4375,-22.30859375,3.7109375,-0.51171875,-12.625,0.0,0.0,0,0,1817,1099,1503,1
2,172330,21,-0.9626453444013794,-0.9832758568071536,-0.9800714133121738,-0.9094210638752404,-0.8506424146244698,-0.804681539353618,0.25717947935422836,0.1770378734702597,0.1533249916074099,0.14706869716483048,0.13538010803552356,0.13309121982482375,-0.08474990081484421,-0.04293954283272805,-0.12625507370220038,-0.3889889217810602,-0.5080111087374493,-0.5786004211554308,0.06982421875,0.247314453125,0.341064453125,0.39013671875,0.40283203125,0.4345703125,-1.02783203125,0.08847315897091586,-0.20075075533310954,0.015259254737998596,0.9755241554002503,1.707763671875,0.13427734375,0.34814453125,0.0078125,0.0445556640625,0.0501708984375,-0.67041015625,0.363525390625,1.69189453125,0.9810480056154057,-0.9182409131138035,-0.03634754478591266,-0.3943296609393597,-0.004608294930875576,0.0008239997558519242,-0.003357036042359691,0.836664937284463,-0.6246223334452345,0.9979857783745841,-23.6875,3.4375,2.4375,-21.71875,3.48046875,-3.01171875,-13.1875,0.0,0.0,0,0,1187,1081,1998,1
2,172381,22,-0.9749443037202064,-0.9857478560747093,-0.9479354228339488,-0.8506424146244698,-0.804681539353618,-0.7557603686635944,0.2099063081759087,0.16269417401654104,0.15616321298867764,0.13538010803552356,0.13309121982482375,0.10525833918271432,-0.07367168187505722,-0.04303109836115604,-0.27750480666524246,-0.5080111087374493,-0.5786004211554308,-0.6463209936826685,0.09912109375,0.27880859375,0.37451171875,0.40283203125,0.4345703125,0.4443359375,-0.321533203125,0.09192175054170354,-0.24246955778679768,0.048982207708975496,0.9645374919888913,1.682373046875,0.203857421875,0.249267578125,0.008056640625,0.031005859375,0.033447265625,-0.631103515625,0.3590087890625,1.64697265625,0.9804376354258858,-0.8785973693044832,-0.05816827906125065,-0.4739829706717124,-0.003936887722403638,0.0005798516800439467,-0.0033875545518356883,0.8108767967772454,0.49540696432386244,0.6062501907406842,-24.5625,3.5625,2.3125,-21.1484375,3.33984375,-4.44921875,-13.8125,0.0,0.0,0,0,1747,1094,1803,1
2,172432,23,-0.9743644520401623,-0.9864497817926573,-0.9094210638752404,-0.804681539353618,-0.7557603686635944,-0.727805413983581,0.21366008484145635,0.15720084231086154,0.14706869716483048,0.13309121982482375,0.10525833918271432,0.10483108005005036,-0.07031464583269753,-0.0466933194982757,-0.3889889217810602,-0.5786004211554308,-0.6463209936826685,-0.6777245399334696,0.112548828125,0.29345703125,0.39013671875,0.4345703125,0.4443359375,0.471923828125,-0.889892578125,0.08474990081484421,-0.2752769554734947,0.06659138767662587,0.9552903836176642,1.653076171875,-0.09521484375,0.22900390625,0.031005859375,0.0726318359375,0.0438232421875,-0.5487060546875,0.35498046875,1.579833984375,0.9798577837458419,-0.8434400463881344,-0.053743095187231055,-0.5345316934720908,-0.0033875545518356883,0.0005493331705679495,-0.003204443494979705,0.8648030030213324,0.3314920499282815,0.9991149632251961,-25.875,3.8125,2.0625,-20.2890625,3.19140625,-6.3203125,-14.375,0.0,0.0,0,0,1665,1067,1999,1
2,172482,24,-0.9730216376232185,-0.9880062257759331,-0.8506424146244698,-0.7557603686635944,-0.727805413983581,-0.684530167546617,0.2196722312082278,0.14334543900875882,0.13538010803552356,0.10525833918271432,0.10483108005005036,0.14178899502548295,-0.0705282753990295,-0.057252723776970736,-0.5080111087374493,-0.6463209936826685,-0.6777245399334696,-0.7150791955320902,0.12451171875,0.325439453125,0.40283203125,0.4443359375,0.471923828125,0.4794921875,-0.2509765625,0.07296975615710928,-0.3135776848658712,0.056276131473738826,0.9450972014526811,1.640625,0.062255859375,0.295166015625,0.070068359375,0.062744140625,0.05322265625,-0.5030517578125,0.35400390625,1.54150390625,0.9797051911984619,-0.7991576891384625,-0.026581621753593555,-0.6005127109591968,-0.0029297769096957305,0.000640888698995941,-0.0030823694570757164,0.7949156163212988,0.13080233161412397,0.5611743522446364,-26.6875,4.0,1.875,-19.80078125,3.08984375,-7.30078125,-15.0,0.0,0.0,0,0,1565,1102,1780,1
2,172533,25,-0.9783623767815179,-0.9800714133121738,-0.804681539353618,-0.727805413983581,-0.684530167546617,-0.6247138889736625,0.19882808923612172,0.1533249916074099,0.13309121982482375,0.10483108005005036,0.14178899502548295,0.14618366039002656,-0.05737479781487472,-0.12625507370220038,-0.5786004211554308,-0.6777245399334696,-0.7150791955320902,-0.7670522171697134,0.156982421875,0.341064453125,0.4345703125,0.471923828125,0.4794921875,0.49609375,-0.537353515625,0.06399731437116611,-0.3630481887264626,0.07242042298654133,0.9267555772576067,1.619873046875,0.080810546875,0.413818359375,0.080078125,0.0882568359375,0.050048828125,-0.558837890625,0.352294921875,1.4798583984375,0.9799798577837459,-0.7299417096469009,-0.02328562273018586,-0.6831263161107212,-0.002533036286507767,0.000640888698995941,-0.003143406476027711,0.8645283364360484,-0.04693746757408368,0.9991149632251961,-27.6875,4.1875,1.5,-19.0,3.01953125,-8.55859375,-15.625,0.0,0.0,0,0,1476,1067,1999,1
2,172590,26,-0.9766838587603381,-0.9479354228339488,-0.7557603686635944,-0.684530167546617,-0.6247138889736625,-0.5422528763695181,0.20728171636097292,0.15616321298867764,0.10525833918271432,0.14178899502548295,0.14618366039002656,0.1500900296029542,-0.056001464888454845,-0.27750480666524246,-0.6463209936826685,-0.7150791955320902,-0.7670522171697134,-0.826715903195288,0.169189453125,0.37451171875,0.4443359375,0.4794921875,0.49609375,0.49658203125,-0.019287109375,0.053346354564043096,-0.41578417310098575,0.09195226905117954,0.9032258064516129,1.593994140625,0.01123046875,0.346923828125,0.095947265625,0.0718994140625,0.041748046875,-0.6173095703125,0.349365234375,1.417724609375,0.9810480056154057,-0.6442457350383007,-0.024811548203985716,-0.7643971068453017,-0.0021362956633198035,0.0006103701895199438,-0.0032654805139316996,0.7988219855342265,0.5294045838801233,0.08731345561082797,-28.3125,4.25,1.25,-18.2109375,2.83984375,-9.46875,-16.1875,0.0,0.0,0,0,1764,1100,1543,1
2,172634,27,-0.9801019318216498,-0.9094210638752404,-0.727805413983581,-0.6247138889736625,-0.5422528763695181,-0.489486373485519,0.19272438734092226,0.14706869716483048,0.10483108005005036,0.14618366039002656,0.1500900296029542,0.17920468764305553,-0.04770043031098361,-0.3889889217810602,-0.6777245399334696,-0.7670522171697134,-0.826715903195288,-0.8533890804773094,0.201416015625,0.39013671875,0.471923828125,0.49609375,0.49658203125,0.50341796875,-0.216796875,0.03497421185949278,-0.4555497909482101,0.09958189642017884,0.8839381084627826,1.550048828125,-0.056640625,0.191162109375,0.109619140625,0.0902099609375,0.0462646484375,-0.55908203125,0.3443603515625,1.3121337890625,0.9835810419019135,-0.5715201269569994,-0.003662221137119663,-0.8205816827906125,-0.0019226660969878231,0.0007629627368999298,-0.0033875545518356883,0.8596148564104129,-0.15970336008789332,0.9985656300546282,-29.0625,4.4375,0.75,-16.87109375,2.51953125,-10.73046875,-16.8125,0.0,0.0,0,0,1420,1070,1999,1
2,172685,28,-0.9826654866176336,-0.8506424146244698,-0.684530167546617,-0.5422528763695181,-0.489486373485519,-0.45835749382000185,0.1803949095126194,0.13538010803552356,0.14178899502548295,0.1500900296029542,0.17920468764305553,0.20700704977568896,-0.04287850581377606,-0.5080111087374493,-0.7150791955320902,-0.826715903195288,-0.8533890804773094,-0.8643147068697165,0.232666015625,0.40283203125,0.4794921875,0.49658203125,0.50341796875,0.498291015625,0.16162109375,0.019531846064638203,-0.47740104373302406,0.10675374614703818,0.8719443342387158,1.527099609375,0.071044921875,0.16552734375,0.119873046875,0.052001953125,0.0430908203125,-0.44873046875,0.342529296875,1.2537841796875,0.9850154118472854,-0.5269325846125675,0.012909329508346813,-0.8498184148686179,-0.0017700735496078372,0.0008239997558519242,-0.0033875545518356883,0.804345835749382,0.3933530686361278,-0.040131839960936305,-29.5625,4.5,0.4375,-16.12890625,2.3515625,-11.328125,-17.375,0.0,0.0,0,0,1696,1097,1479,1
2,172735,29,-0.9832758568071536,-0.804681539353618,-0.6247138889736625,-0.489486373485519,-0.45835749382000185,-0.43543809320352794,0.1770378734702597,0.13309121982482375,0.14618366039002656,0.17920468764305553,0.20700704977568896,0.22711874752037112,-0.04293954283272805,-0.5786004211554308,-0.7670522171697134,-0.8533890804773094,-0.8643147068697165,-0.8710898159733879,0.247314453125,0.4345703125,0.49609375,0.50341796875,0.498291015625,0.491455078125,0.22314453125,0.007354960783715323,-0.49497970519119844,0.11767937253944517,0.8608661152989288,1.5107421875,-0.0400390625,0.169189453125,0.068359375,0.0799560546875,0.060302734375,-0.3956298828125,0.3421630859375,1.2158203125,0.9857478560747093,-0.4882961516159551,0.019409772026734214,-0.8724631488998077,-0.0018311105685598315,0.0010071108127079073,-0.003662221137119663,0.8639484847560045,0.002044740134891812,0.41157261879329815,-29.9375,4.5625,0.0625,-15.640625,2.28125,-11.66015625,-18.0,0.0,0.0,0,0,1501,1068,1705,1
2,172785,30,-0.9857478560747093,-0.7557603686635944,-0.5422528763695181,-0.45835749382000185,-0.43543809320352794,-0.42448194830164493,0.16269417401654104,0.10525833918271432,0.1500900296029542,0.20700704977568896,0.22711874752037112,0.25168614764854885,-0.04303109836115604,-0.6463209936826685,-0.826715903195288,-0.8643147068697165,-0.8710898159733879,-0.869747001556444,0.27880859375,0.4443359375,0.49658203125,0.498291015625,0.491455078125,0.490234375,0.039794921875,-0.0020142216254158147,-0.5151219214453566,0.12054811243018891,0.8485976744895779,1.49169921875,0.0224609375,0.226318359375,0.075927734375,0.041015625,0.0421142578125,-0.35205078125,0.3426513671875,1.1734619140625,0.9863582262642293,-0.4445326090273751,0.027771843623157447,-0.8953215124973296,-0.00173955504013184,0.0010376293221839045,-0.0035401470992156743,0.8715170751060518,0.10202337717825861,0.9971007415997802,-30.4375,4.6875,-0.5,-15.1015625,2.171875,-11.96875,-18.625,0.0,0.0,0,0,1551,1064,1998,1
2,172835,31,-0.9864497817926573,-0.727805413983581,-0.489486373485519,-0.43543809320352794,-0.42448194830164493,-0.3892330698568682,0.15720084231086154,0.10483108005005036,0.17920468764305553,0.22711874752037112,0.25168614764854885,0.2681966612750633,-0.0466933194982757,-0.6777245399334696,-0.8533890804773094,-0.8710898159733879,-0.869747001556444,-0.881221961119419,0.29345703125,0.471923828125,0.50341796875,0.491455078125,0.490234375,0.48193359375,0.27001953125,-0.009216589861751152,-0.5407269508957182,0.1270790734580523,0.8314767906735435,1.47412109375,0.040771484375,0.305908203125,0.032958984375,0.03662109375,0.0335693359375,-0.311767578125,0.3421630859375,1.1480712890625,0.9864803003021333,-0.3870052186651204,0.026337473677785578,-0.9216895046845912,-0.0017090365306558428,0.0012512588885158849,-0.0038758507034516434,0.7988219855342265,0.3359172338023011,-0.12909329508346812,-30.75,4.75,-0.875,-14.76953125,2.1484375,-12.01953125,-19.1875,0.0,0.0,0,0,1667,1100,1435,1
2,172891,32,-0.9880062257759331,-0.684530167546617,-0.45835749382000185,-0.42448194830164493,-0.3892330698568682,-0.34955900753807184,0.14334543900875882,0.14178899502548295,0.20700704977568896,0.25168614764854885,0.2681966612750633,0.2804956205938902,-0.057252723776970736,-0.7150791955320902,-0.8643147068697165,-0.869747001556444,-0.881221961119419,-0.8939481795709098,0.325439453125,0.4794921875,0.498291015625,0.490234375,0.48193359375,0.483154296875,-0.036865234375,-0.014496292001098667,-0.575884273812067,0.13177892391735588,0.8067262794885098,1.443115234375,0.033935546875,0.334716796875,0.0517578125,0.088134765625,0.04736328125,-0.3482666015625,0.3408203125,1.107421875,0.9865413373210853,-0.30564287240211185,0.020264290292062136,-0.9519333475753045,-0.0014648884548478652,0.0012207403790398877,-0.003784295175023652,0.8545793023468734,-0.35145115512558367,0.9985961485641042,-31.3125,4.8125,-1.5,-14.25,2.05078125,-12.03125,-19.8125,0.0,0.0,0,0,1324,1072,1999,1
2,172937,33,-0.9800714133121738,-0.6247138889736625,-0.43543809320352794,-0.3892330698568682,-0.34955900753807184,-0.2850123599963378,0.1533249916074099,0.14618366039002656,0.22711874752037112,0.2681966612750633,0.2804956205938902,0.26581621753593554,-0.12625507370220038,-0.7670522171697134,-0.8710898159733879,-0.881221961119419,-0.8939481795709098,-0.9209265419476913,0.341064453125,0.49609375,0.491455078125,0.48193359375,0.483154296875,0.49267578125,-0.3095703125,-0.015411847285378583,-0.6146732993560594,0.14624469740897855,0.7749565111239967,1.4013671875,0.12548828125,0.335693359375,0.03759765625,0.0526123046875,0.023681640625,-0.3736572265625,0.3367919921875,1.0455322265625,0.9870601519821772,-0.2098452711569567,-0.007751701406903287,-0.977690969573046,-0.0011902218695638905,0.0011597033600878933,-0.003814813684499649,0.8757286294137394,0.2436902981658376,0.9993591113010041,-32.0625,4.9375,-1.9375,-13.5,1.640625,-12.12109375,-20.375,0.0,0.0,0,0,1621,1062,1999,1
2,172988,34,-0.9479354228339488,-0.5422528763695181,-0.42448194830164493,-0.34955900753807184,-0.2850123599963378,-0.22959074678792687,0.15616321298867764,0.1500900296029542,0.25168614764854885,0.2804956205938902,0.26581621753593554,0.2589190343943602,-0.27750480666524246,-0.826715903195288,-0.869747001556444,-0.8939481795709098,-0.9209265419476913,-0.9382305368205817,0.37451171875,0.49658203125,0.490234375,0.483154296875,0.49267578125,0.513671875,-0.685546875,-0.020050660725730154,-0.65248573259682,0.15631580553605762,0.7412335581530198,1.328369140625,-0.047607421875,0.336181640625,0.034423828125,0.1011962890625,0.0374755859375,-0.4090576171875,0.32958984375,0.9449462890625,0.9882808923612171,-0.11023285622730186,-0.02673421430097354,-0.9935605945005646,-0.0008239997558519242,0.000946073793755913,-0.003357036042359691,0.8717612231818598,0.43061616870632036,0.9992980742820521,-33.0625,5.125,-2.5625,-12.26171875,1.1015625,-12.109375,-21.0,0.0,0.0,0,0,1715,1064,1999,1
2,173043,35,-0.9094210638752404,-0.489486373485519,-0.3892330698568682,-0.2850123599963378,-0.22959074678792687,-0.162938322092349,0.14706869716483048,0.17920468764305553,0.2681966612750633,0.26581621753593554,0.2589190343943602,0.27771843623157444,-0.3889889217810602,-0.8533890804773094,-0.881221961119419,-0.9209265419476913,-0.9382305368205817,-0.9467452009643849,0.39013671875,0.50341796875,0.48193359375,0.49267578125,0.513671875,0.521240234375,-0.243408203125,-0.0314951017792291,-0.6877651295510727,0.15466780602435376,0.7085787530137028,1.2783203125,-0.01025390625,0.297607421875,0.045654296875,0.107421875,0.0372314453125,-0.401611328125,0.324951171875,0.8721923828125,0.9895321512497329,-0.012146366771446883,-0.021301919614246042,-0.99969481490524,-0.0005798516800439467,0.0010376293221839045,-0.0033875545518356883,0.8741111484115116,0.2902615436262093,0.9993591113010041,-33.6875,5.1875,-3.0625,-11.37109375,0.66015625,-12.1015625,-21.625,-0.0625,0.0,0,0,1645,1062,1999,1
2,173088,36,-0.8506424146244698,-0.45835749382000185,-0.34955900753807184,-0.22959074678792687,-0.162938322092349,-0.12268440809350871,0.13538010803552356,0.20700704977568896,0.2804956205938902,0.2589190343943602,0.27771843623157444,0.27265236365855894,-0.5080111087374493,-0.8643147068697165,-0.8939481795709098,-0.9382305368205817,-0.9467452009643849,-0.9542527542954802,0.40283203125,0.498291015625,0.483154296875,0.513671875,0.521240234375,0.538330078125,-0.5576171875,-0.03567613757744072,-0.7149266029847102,0.16428113650929288,0.6787011322367016,1.202880859375,0.044189453125,0.25048828125,0.078369140625,0.119384765625,0.048095703125,-0.36328125,0.3184814453125,0.7696533203125,0.9914242988372448,0.06732383190404981,-0.04159672841578417,-0.9968565935239723,-0.0003967406231879635,0.0008850367748039186,-0.003021332438123722,0.8753013702810755,0.36466566972869047,0.9994201483199561,-34.5625,5.3125,-3.6875,-10.109375,0.078125,-11.9296875,-22.1875,-0.125,0.0,0,0,1682,1062,1999,1
2,173139,37,-0.804681539353618,-0.43543809320352794,-0.2850123599963378,-0.162938322092349,-0.12268440809350871,-0.07486190374462111,0.13309121982482375,0.22711874752037112,0.26581621753593554,0.27771843623157444,0.27265236365855894,0.26560258796960357,-0.5786004211554308,-0.8710898159733879,-0.9209265419476913,-0.9467452009643849,-0.9542527542954802,-0.9611804559465316,0.4345703125,0.491455078125,0.49267578125,0.521240234375,0.538330078125,0.54296875,-0.15087890625,-0.04016235847041231,-0.7378765221106601,0.1791131321146275,0.6494949186681722,1.156005859375,0.0400390625,0.28564453125,0.091552734375,0.1053466796875,0.03955078125,-0.310302734375,0.3150634765625,0.706787109375,0.9926145207068087,0.13852351451155126,-0.07003997924741355,-0.9878841517380291,-0.00024414807580797754,0.0009155552842799158,-0.0030518509475997192,0.8754539628284554,0.2748802148503067,0.9994201483199561,-35.125,5.3125,-4.1875,-9.33984375,-0.30859375,-11.76953125,-22.8125,-0.1875,0.0,0,0,1637,1062,1999,1
2,173179,38,-0.7557603686635944,-0.42448194830164493,-0.22959074678792687,-0.12268440809350871,-0.07486190374462111,-0.0347605822931608,0.10525833918271432,0.25168614764854885,0.2589190343943602,0.27265236365855894,0.26560258796960357,0.26798303170873133,-0.6463209936826685,-0.869747001556444,-0.9382305368205817,-0.9542527542954802,-0.9611804559465316,-0.9627979369487594,0.4443359375,0.490234375,0.513671875,0.538330078125,0.54296875,0.546142578125,-0.1044921875,-0.0466933194982757,-0.7566454054383984,0.19083223975341043,0.6236457411420027,1.112548828125,-0.04345703125,0.254150390625,0.093017578125,0.1024169921875,0.0479736328125,-0.2900390625,0.312255859375,0.6558837890625,0.9933164464247566,0.19919431134983367,-0.09103671376689962,-0.9757377849665823,-0.00012207403790398877,0.0008545182653279214,-0.0029297769096957305,0.8747520371105075,0.3933530686361278,0.9993896298104801,-35.5625,5.3125,-4.625,-8.71875,-0.6484375,-11.51953125,-23.375,-0.3125,0.0,0,0,1696,1062,1999,1
2,173232,39,-0.727805413983581,-0.3892330698568682,-0.162938322092349,-0.07486190374462111,-0.0347605822931608,0.01834162419507431,0.10483108005005036,0.2681966612750633,0.27771843623157444,0.26560258796960357,0.26798303170873133,0.27692495498519853,-0.6777245399334696,-0.881221961119419,-0.9467452009643849,-0.9611804559465316,-0.9627979369487594,-0.9607226783043916,0.471923828125,0.48193359375,0.521240234375,0.54296875,0.546142578125,0.560302734375,-0.45458984375,-0.062105166783654284,-0.7799920651875363,0.20093386638996552,0.5894039735099338,1.043212890625,0.032470703125,0.30810546875,0.073486328125,0.115234375,0.0572509765625,-0.2860107421875,0.307861328125,0.580810546875,0.9918820764793848,0.2783898434400464,-0.10492263557847835,-0.9547105319376201,3.051850947599719e-05,0.0008545182653279214,-0.0028077028717917417,0.8747520371105075,0.40736106448561055,0.9994201483199561,-36.25,5.3125,-5.25,-7.80859375,-1.2109375,-11.01953125,-24.0,-0.375,0.0,0,0,1703,1062,1999,1
2,173290,40,-0.684530167546617,-0.34955900753807184,-0.12268440809350871,-0.0347605822931608,0.01834162419507431,0.1129795220801416,0.14178899502548295,0.2804956205938902,0.27265236365855894,0.26798303170873133,0.27692495498519853,0.26557206946012757,-0.7150791955320902,-0.8939481795709098,-0.9542527542954802,-0.9627979369487594,-0.9607226783043916,-0.9574571977904599,0.4794921875,0.483154296875,0.538330078125,0.546142578125,0.560302734375,0.571533203125,-0.367919921875,-0.07586901455732901,-0.8122196111941893,0.21805475020599993,0.5357219153416547,0.968994140625,0.09716796875,0.373779296875,0.099365234375,0.1102294921875,0.03466796875,-0.346435546875,0.3033447265625,0.509033203125,0.9905697805719169,0.38947721793267615,-0.14310129093295085,-0.9098483230079043,0.0003051850947599719,0.0007324442274239326,-0.002563554795983764,0.8769493697927793,0.35160374767296365,0.9994811853389081,-36.875,5.3125,-5.875,-6.9296875,-1.69921875,-10.37890625,-24.5625,-0.5,0.0,0,0,1675,1061,1999,1
2,173331,41,-0.6247138889736625,-0.2850123599963378,-0.07486190374462111,0.01834162419507431,0.1129795220801416,0.18018127994628744,0.14618366039002656,0.26581621753593554,0.26560258796960357,0.27692495498519853,0.26557206946012757,0.24216437269203772,-0.7670522171697134,-0.9209265419476913,-0.9611804559465316,-0.9607226783043916,-0.9574571977904599,-0.9533677175206763,0.49609375,0.49267578125,0.54296875,0.560302734375,0.571533203125,0.5732421875,-0.059326171875,-0.07641834772789698,-0.8336741233558153,0.2358165227210303,0.4935148167363506,0.90234375,0.1396484375,0.341796875,0.09326171875,0.1258544921875,0.0477294921875,-0.3670654296875,0.298828125,0.447265625,0.9895016327402569,0.4631183812982574,-0.1923581652272103,-0.8651692251350444,0.0004882961516159551,0.0007019257179479354,-0.0025940733054597613,0.8773766289254433,0.3100070192571795,0.9995117038483841,-37.25,5.25,-6.3125,-6.16015625,-2.05078125,-9.76953125,-25.125,-0.6875,0.0,0,0,1655,1061,1999,1
2,173382,42,-0.5422528763695181,-0.22959074678792687,-0.0347605822931608,0.1129795220801416,0.18018127994628744,0.2556535538804285,0.1500900296029542,0.2589190343943602,0.26798303170873133,0.26557206946012757,0.24216437269203772,0.2053285317545091,-0.826715903195288,-0.9382305368205817,-0.9627979369487594,-0.9574571977904599,-0.9533677175206763,-0.9447004608294931,0.49658203125,0.513671875,0.546142578125,0.571533203125,0.5732421875,0.573974609375,-0.02001953125,-0.0750755333109531,-0.8532975249488814,0.26010925626392406,0.445631275368511,0.835205078125,0.18212890625,0.343017578125,0.117431640625,0.120849609375,0.04931640625,-0.310302734375,0.29443359375,0.39013671875,0.988799707022309,0.5329142124698629,-0.25681325724051635,-0.8062379833368938,0.0006714072084719382,0.0005798516800439467,-0.0025025177770317698,0.8773155919064913,0.2650837733085116,0.99954222235786,-37.625,5.1875,-6.6875,-5.44921875,-2.390625,-9.078125,-25.75,-0.8125,0.0,0,0,1632,1061,1999,1
2,173432,43,-0.489486373485519,-0.162938322092349,0.01834162419507431,0.18018127994628744,0.2556535538804285,0.3252052369762261,0.17920468764305553,0.27771843623157444,0.27692495498519853,0.24216437269203772,0.2053285317545091,0.1672414319284646,-0.8533890804773094,-0.9467452009643849,-0.9607226783043916,-0.9533677175206763,-0.9447004608294931,-0.9307229834894863,0.50341796875,0.521240234375,0.560302734375,0.5732421875,0.573974609375,0.5810546875,-0.231689453125,-0.07678456984160893,-0.870265816217536,0.28330332346568193,0.39558091982787563,0.739501953125,0.128173828125,0.327880859375,0.120361328125,0.116455078125,0.049560546875,-0.3072509765625,0.289306640625,0.3140869140625,0.9883419293801691,0.5949888607440412,-0.3193151646473586,-0.7375713370159002,0.0008545182653279214,0.0004882961516159551,-0.0024414807580797754,0.8781090731528672,0.2945951719718009,0.99954222235786,-38.0625,5.0625,-7.25,-4.5,-2.859375,-8.0,-26.3125,-1.0,0.0,0,0,1647,1060,1999,1
2,173484,44,-0.45835749382000185,-0.12268440809350871,0.1129795220801416,0.2556535538804285,0.3252052369762261,0.40589617603076267,0.20700704977568896,0.27265236365855894,0.26557206946012757,0.2053285317545091,0.1672414319284646,0.14181951353495895,-0.8643147068697165,-0.9542527542954802,-0.9574571977904599,-0.9447004608294931,-0.9307229834894863,-0.9028595843379009,0.498291015625,0.538330078125,0.571533203125,0.573974609375,0.5810546875,0.580322265625,0.028564453125,-0.08392590105899228,-0.8843043305764946,0.304422132023072,0.34394360179448835,0.676025390625,0.09326171875,0.3388671875,0.103271484375,0.1229248046875,0.035400390625,-0.309326171875,0.2861328125,0.271484375,0.989043855098117,0.6500137333292642,-0.3735770744956816,-0.6617328409680471,0.0010376293221839045,0.0003967406231879635,-0.0023194067201757866,0.8761864070558794,0.282845545823542,0.99954222235786,-38.375,5.0,-7.5625,-3.96875,-3.171875,-7.171875,-26.875,-1.1875,0.0,0,0,1641,1061,1999,1
2,173534,45,-0.43543809320352794,-0.07486190374462111,0.18018127994628744,0.3252052369762261,0.40589617603076267,0.48286385692922756,0.22711874752037112,0.26560258796960357,0.24216437269203772,0.1672414319284646,0.14181951353495895,0.11465804010132145,-0.8710898159733879,-0.9611804559465316,-0.9533677175206763,-0.9307229834894863,-0.9028595843379009,-0.8681600390636921,0.491455078125,0.54296875,0.5732421875,0.5810546875,0.580322265625,0.584228515625,-0.127685546875,-0.09173863948484756,-0.8971831415753655,0.32142094180120245,0.28867458113345745,0.583984375,0.124755859375,0.416259765625,0.09765625,0.11181640625,0.045166015625,-0.268310546875,0.2823486328125,0.2122802734375,0.9910275582140569,0.6997283852656636,-0.423841059602649,-0.5751213110751671,0.0012512588885158849,0.0003662221137119663,-0.002227851191747795,0.8753929258095035,0.24152348399304177,0.99954222235786,-38.6875,4.8125,-8.0,-3.21875,-3.53125,-5.8984375,-27.4375,-1.4375,0.0,0,0,1620,1062,1999,1
2,173585,46,-0.42448194830164493,-0.0347605822931608,0.2556535538804285,0.40589617603076267,0.48286385692922756,0.5772270882290109,0.25168614764854885,0.26798303170873133,0.2053285317545091,0.14181951353495895,0.11465804010132145,0.09698782311471908,-0.869747001556444,-0.9627979369487594,-0.9447004608294931,-0.9028595843379009,-0.8681600390636921,-0.8107852412488175,0.490234375,0.546142578125,0.573974609375,0.580322265625,0.584228515625,0.581787109375,0.076904296875,-0.10492263557847835,-0.9083834345530565,0.3357036042359691,0.2261421552171392,0.52392578125,0.0771484375,0.431640625,0.104736328125,0.1103515625,0.0435791015625,-0.2940673828125,0.2802734375,0.1827392578125,0.9934385204626606,0.7464217047639393,-0.467940305795465,-0.47315897091586046,0.0014648884548478652,0.00027466658528397473,-0.002075258644367809,0.86977752006592,0.22995696890163883,0.99954222235786,-38.9375,4.6875,-8.25,-2.83984375,-3.69140625,-4.96875,-28.0,-1.6875,0.0,0,0,1614,1065,1999,1
2,173638,47,-0.3892330698568682,0.01834162419507431,0.3252052369762261,0.48286385692922756,0.5772270882290109,0.6625568407238991,0.2681966612750633,0.27692495498519853,0.1672414319284646,0.11465804010132145,0.09698782311471908,0.0804162724692526,-0.881221961119419,-0.9607226783043916,-0.9307229834894863,-0.8681600390636921,-0.8107852412488175,-0.7446821497238075,0.48193359375,0.560302734375,0.5810546875,0.584228515625,0.581787109375,0.583251953125,-0.05126953125,-0.12109744560075686,-0.9158299508651997,0.3463240455336161,0.16318247016815698,0.4345703125,0.053466796875,0.41796875,0.109375,0.1251220703125,0.042236328125,-0.3267822265625,0.2774658203125,0.1380615234375,0.9920346690267647,0.7795037690359203,-0.5070650349436934,-0.36774803918576615,0.0017090365306558428,0.00027466658528397473,-0.001892147587511826,0.8605304116946928,0.17444380016479996,0.9994811853389081,-39.25,4.5,-8.625,-2.26171875,-3.921875,-3.37890625,-28.5,-1.875,0.0,0,0,1587,1069,1999,1
2,173707,48,-0.34955900753807184,0.1129795220801416,0.40589617603076267,0.5772270882290109,0.6625568407238991,0.7630848109378338,0.2804956205938902,0.26557206946012757,0.14181951353495895,0.09698782311471908,0.0804162724692526,0.060426648762474444,-0.8939481795709098,-0.9574571977904599,-0.9028595843379009,-0.8107852412488175,-0.7446821497238075,-0.6434827723014008,0.483154296875,0.571533203125,0.580322265625,0.581787109375,0.583251953125,0.58251953125,0.02392578125,-0.1466719565416425,-0.9180883205664235,0.35804315317239904,0.08624530777916807,0.3623046875,-0.00439453125,0.386474609375,0.095703125,0.1146240234375,0.030517578125,-0.279296875,0.27587890625,0.1029052734375,0.9865413373210853,0.7990050965910825,-0.5517441328165532,-0.239112521744438,0.0019226660969878231,0.00018311105685598315,-0.0016174810022278512,0.8183843501083408,0.13403729361857966,0.9987487411114842,-39.5,4.3125,-8.875,-1.7890625,-4.0390625,-1.62890625,-29.0625,-2.1875,0.0,0,0,1567,1090,1999,1
2,173738,49,-0.2850123599963378,0.18018127994628744,0.48286385692922756,0.6625568407238991,0.7630848109378338,0.7991576891384625,0.26581621753593554,0.24216437269203772,0.11465804010132145,0.0804162724692526,0.060426648762474444,0.0739158299508652,-0.9209265419476913,-0.9533677175206763,-0.8681600390636921,-0.7446821497238075,-0.6434827723014008,-0.5965453047273171,0.49267578125,0.5732421875,0.584228515625,0.583251953125,0.58251953125,0.578125,0.1455078125,-0.15945921201208532,-0.9172643208105716,0.3607898190252388,0.05484176152836696,0.336669921875,-0.04150390625,0.36328125,0.0673828125,0.1051025390625,0.0416259765625,-0.2652587890625,0.2757568359375,0.0855712890625,0.9846491897335734,0.8013245033112583,-0.5680104983672597,-0.18774987029633472,0.002075258644367809,0.00024414807580797754,-0.0015564439832758568,0.7410809656056399,0.17099520859401227,0.9967040009765923,-39.625,4.1875,-9.0,-1.55078125,-4.05859375,-0.53125,-29.5625,-2.4375,0.0,0,0,1585,1129,1998,1
2,173788,50,-0.22959074678792687,0.2556535538804285,0.5772270882290109,0.7630848109378338,0.7991576891384625,0.859309671315653,0.2589190343943602,0.2053285317545091,0.09698782311471908,0.060426648762474444,0.0739158299508652,0.0838038270210883,-0.9382305368205817,-0.9447004608294931,-0.8107852412488175,-0.6434827723014008,-0.5965453047273171,-0.5045319986571856,0.513671875,0.573974609375,0.581787109375,0.58251953125,0.578125,0.573486328125,0.154296875,-0.18411816766869107,-0.91323587755974,0.36341441084017456,0.0025025177770317698,0.331787109375,-0.060546875,0.42138671875,0.059326171875,0.109375,0.050537109375,-0.25537109375,0.276123046875,0.07763671875,0.9855647450178533,0.8000122074037904,-0.5910214545121616,-0.10342722861415449,0.0022583697012237922,0.00024414807580797754,-0.0013122959074678793,0.4055909909360027,-0.042756431775872066,0.9955442976165044,-39.75,4.0625,-9.0625,-1.4296875,-4.03125,0.5703125,-30.125,-2.75,0.0,0,0,1478,1297,1997,1
2,173838,51,-0.162938322092349,0.3252052369762261,0.6625568407238991,0.7991576891384625,0.859309671315653,0.91308328501236,0.27771843623157444,0.1672414319284646,0.0804162724692526,0.0739158299508652,0.0838038270210883,0.08246101260414442,-0.9467452009643849,-0.9307229834894863,-0.7446821497238075,-0.5965453047273171,-0.5045319986571856,-0.39930417798394724,0.521240234375,0.5810546875,0.583251953125,0.578125,0.573486328125,0.569091796875,0.138671875,-0.20596942045350505,-0.9069795831171605,0.3631092257454146,-0.05597094637897885,0.36962890625,0.0087890625,0.44091796875,0.07568359375,0.1212158203125,0.0694580078125,-0.283203125,0.2781982421875,0.0679931640625,0.9928586687826166,0.7880794701986755,-0.6155278176213874,-0.007751701406903287,0.0024719992675557726,0.0003051850947599719,-0.0010681478316599017,0.1718497268593402,-0.3144016846217231,0.9969176305429243,-39.9375,3.875,-9.1875,-1.28125,-4.03125,2.28125,-30.625,-3.0625,0.0,0,0,1342,1414,1998,1
2,173879,52,-0.12268440809350871,0.40589617603076267,0.7630848109378338,0.859309671315653,0.91308328501236,0.9491561632129887,0.27265236365855894,0.14181951353495895,0.060426648762474444,0.0838038270210883,0.08246101260414442,0.08841212195196387,-0.9542527542954802,-0.9028595843379009,-0.6434827723014008,-0.5045319986571856,-0.39930417798394724,-0.3021027253028962,0.538330078125,0.580322265625,0.58251953125,0.573486328125,0.569091796875,0.563720703125,0.178955078125,-0.22217474898525957,-0.8992278817102572,0.3619800408948027,-0.10473952452162237,0.41943359375,0.08349609375,0.42578125,0.063232421875,0.11962890625,0.0487060546875,-0.3162841796875,0.2806396484375,0.0679931640625,0.9953917050691244,0.7691885128330332,-0.6349681081575976,0.0717184972685934,0.0025940733054597613,0.00027466658528397473,-0.0008239997558519242,-0.4915921506393628,-0.6010620441297647,0.9958189642017884,-40.0625,3.75,-9.1875,-1.26171875,-3.96875,3.51953125,-31.125,-3.375,0.0,0,0,1199,1745,1997,1
2,173930,53,-0.07486190374462111,0.48286385692922756,0.7991576891384625,0.91308328501236,0.9491561632129887,0.9757683034760583,0.26560258796960357,0.11465804010132145,0.0739158299508652,0.08246101260414442,0.08841212195196387,0.10190130314035463,-0.9611804559465316,-0.8681600390636921,-0.5965453047273171,-0.39930417798394724,-0.3021027253028962,-0.19357890560625018,0.54296875,0.584228515625,0.578125,0.569091796875,0.563720703125,0.5576171875,0.195068359375,-0.24561296426282542,-0.8878444776757103,0.358195745719779,-0.15201269569994202,0.48193359375,-0.1943359375,0.2509765625,0.023681640625,0.1124267578125,0.0404052734375,-0.3592529296875,0.28369140625,0.0712890625,0.9874568926053652,0.7445905941953795,-0.652150028992584,0.1423993652150029,0.0027771843623157445,0.0003662221137119663,-0.0005188146610919523,-0.6262703329569383,-0.31247901852473525,0.9961241492965484,-40.1875,3.625,-9.125,-1.26953125,-3.76953125,4.83984375,-31.625,-3.75,0.0,0,0,1343,1813,1998,1
2,173979,54,-0.0347605822931608,0.5772270882290109,0.859309671315653,0.9491561632129887,0.9757683034760583,0.9824823755607777,0.26798303170873133,0.09698782311471908,0.0838038270210883,0.08841212195196387,0.10190130314035463,0.13287759025849177,-0.9627979369487594,-0.8107852412488175,-0.5045319986571856,-0.3021027253028962,-0.19357890560625018,-0.130649739066744,0.546142578125,0.581787109375,0.573486328125,0.563720703125,0.5576171875,0.549560546875,0.26171875,-0.28650776696066166,-0.8739280373546556,0.3596911526841029,-0.1574144718771935,0.597900390625,-0.459716796875,-0.029296875,-0.02392578125,0.1065673828125,0.0458984375,-0.323486328125,0.2899169921875,0.083740234375,0.9751274147770623,0.7348246711630604,-0.6673787652211066,0.12082277901547288,0.002868739890743736,0.0004272591326639607,-0.0003662221137119663,-0.6639606921597949,-0.06311227759636219,0.9897762993255409,-40.3125,3.4375,-8.9375,-1.37109375,-3.26171875,6.921875,-32.125,-4.0625,0.0,0,0,1468,1831,1994,1
2,174030,55,0.01834162419507431,0.6625568407238991,0.91308328501236,0.9757683034760583,0.9824823755607777,0.9725638599810785,0.27692495498519853,0.0804162724692526,0.08246101260414442,0.10190130314035463,0.13287759025849177,0.1869258705404828,-0.9607226783043916,-0.7446821497238075,-0.39930417798394724,-0.19357890560625018,-0.130649739066744,-0.13840144047364727,0.560302734375,0.583251953125,0.569091796875,0.5576171875,0.549560546875,0.54345703125,0.2001953125,-0.3464461195715201,-0.8533890804773094,0.37556077761162143,-0.1033051545762505,0.666748046875,-0.57470703125,-0.419921875,-0.027099609375,0.0992431640625,0.0318603515625,-0.1300048828125,0.2939453125,0.090087890625,0.9696340830713828,0.7409588915677359,-0.6709494308297983,-0.028717917416913357,0.0029297769096957305,0.000640888698995941,-0.0003662221137119663,-0.4448683126316111,-0.20252082888271736,0.9935911130100405,-40.4375,3.3125,-8.8125,-1.41015625,-2.859375,8.05859375,-32.5625,-4.4375,0.0,0,0,1398,1722,1996,1
2,174084,56,0.1129795220801416,0.7630848109378338,0.9491561632129887,0.9824823755607777,0.9725638599810785,0.945158238471633,0.26557206946012757,0.060426648762474444,0.08841212195196387,0.13287759025849177,0.1869258705404828,0.23990600299081394,-0.9574571977904599,-0.6434827723014008,-0.3021027253028962,-0.130649739066744,-0.13840144047364727,-0.22156437879573962,0.571533203125,0.58251953125,0.563720703125,0.549560546875,0.54345703125,0.536865234375,0.212646484375,-0.3772698141422773,-0.8351390118106632,0.4000976592303232,-0.012665181432538836,0.71728515625,-0.187744140625,-0.65625,-0.03515625,0.1094970703125,0.0107421875,0.2210693359375,0.29638671875,0.087646484375,0.967528305917539,0.729178746910001,-0.6446729941709647,-0.22952970976897488,0.0029297769096957305,0.000793481246375927,-0.0006714072084719382,0.003662221137119663,0.054200872829371013,0.9926755577257607,-40.625,3.1875,-8.5625,-1.37109375,-2.890625,8.76171875,-33.0625,-4.8125,0.0,0,0,1527,1498,1996,1
2,174131,57,0.18018127994628744,0.7991576891384625,0.9757683034760583,0.9725638599810785,0.945158238471633,0.9012726218451491,0.24216437269203772,0.0739158299508652,0.10190130314035463,0.1869258705404828,0.23990600299081394,0.28449354533524585,-0.9533677175206763,-0.5965453047273171,-0.19357890560625018,-0.13840144047364727,-0.22156437879573962,-0.3267311624500259,0.5732421875,0.578125,0.5576171875,0.54345703125,0.536865234375,0.53564453125,0.0390625,-0.3645741142002625,-0.8270821253089999,0.4232917264320811,0.062013611255226295,0.681640625,-0.25244140625,-0.324951171875,0.044677734375,0.0980224609375,-0.03271484375,0.5103759765625,0.2930908203125,0.103759765625,0.9716483046967986,0.6888637958922086,-0.6244697408978546,-0.3681142612994781,0.008880886257515184,-0.001281777397991882,-0.007263405255287332,0.11270485549485763,-0.18021179845576343,0.9848323007904294,-40.75,3.125,-8.5,-1.609375,-3.359375,8.0390625,-33.5,-5.25,0.0,0,0,1409,1443,1992,1
2,174182,58,0.2556535538804285,0.859309671315653,0.9824823755607777,0.945158238471633,0.9012726218451491,0.8963591418195135,0.2053285317545091,0.0838038270210883,0.13287759025849177,0.23990600299081394,0.28449354533524585,0.3192541276284066,-0.9447004608294931,-0.5045319986571856,-0.130649739066744,-0.22156437879573962,-0.3267311624500259,-0.3075960570085757,0.573974609375,0.573486328125,0.549560546875,0.536865234375,0.53564453125,0.541015625,-0.171875,-0.39201025421918395,-0.8092287972655415,0.4296090578936125,0.08297982726523637,0.58837890625,-0.32080078125,0.16650390625,0.144775390625,0.0875244140625,-0.025146484375,0.3800048828125,0.2872314453125,0.1463623046875,0.9842829676198614,0.6703390606402784,-0.6053041169469283,-0.4292428357799005,0.00891140476699118,-0.0005188146610919523,-0.0075380718405713065,0.02240058595538194,-0.1076998199407941,0.9875179296243172,-40.9375,2.9375,-8.6875,-2.19921875,-4.0390625,6.109375,-33.9375,-5.625,0.0,0,0,1446,1488,1993,1
2,174232,59,0.3252052369762261,0.91308328501236,0.9725638599810785,0.9012726218451491,0.8963591418195135,0.9323709830011903,0.1672414319284646,0.08246101260414442,0.1869258705404828,0.28449354533524585,0.3192541276284066,0.31537827692495496,-0.9307229834894863,-0.39930417798394724,-0.13840144047364727,-0.3267311624500259,-0.3075960570085757,-0.17664113284707175,0.5810546875,0.569091796875,0.54345703125,0.53564453125,0.541015625,0.54736328125,-0.205322265625,-0.44096194341868344,-0.7885372478408155,0.4261909848323008,0.04580828272347179,0.546142578125,-0.22119140625,0.3466796875,0.24609375,0.0888671875,-0.005859375,0.0623779296875,0.28564453125,0.1580810546875,0.988525040437025,0.6803491317484054,-0.6130558183538316,-0.4015625476851711,0.010406811731315043,0.00027466658528397473,-0.006500442518387402,-0.14114810632648703,-0.21497238074892422,0.9842524491103855,-41.0,2.875,-8.875,-2.33984375,-4.0390625,5.3515625,-34.375,-6.0625,0.0,0,0,1392,1570,1992,1
2,174283,60,0.40589617603076267,0.9491561632129887,0.945158238471633,0.8963591418195135,0.9323709830011903,0.9597766045106357,0.14181951353495895,0.08841212195196387,0.23990600299081394,0.3192541276284066,0.31537827692495496,0.2763756218146306,-0.9028595843379009,-0.3021027253028962,-0.22156437879573962,-0.3075960570085757,-0.17664113284707175,-0.049226355784783474,0.580322265625,0.563720703125,0.536865234375,0.541015625,0.54736328125,0.55615234375,-0.289306640625,-0.49290444654683063,-0.7549668874172185,0.4324472792748802,0.008423108615375225,0.5302734375,-0.27197265625,0.13330078125,0.269287109375,0.0946044921875,0.018310546875,-0.1441650390625,0.286376953125,0.12744140625,0.9820551164281136,0.6678975798821986,-0.6340830713827936,-0.3896908474990082,0.011078218939786982,0.0003662221137119663,-0.0053102206488235115,-0.2883693960386975,-0.15060884426404614,0.9875484481337932,-41.1875,2.6875,-9.125,-1.87890625,-3.33984375,5.73046875,-34.75,-6.5,0.0,0,0,1424,1644,1993,1
2,174334,61,0.48286385692922756,0.9757683034760583,0.9012726218451491,0.9323709830011903,0.9597766045106357,0.9762565996276742,0.11465804010132145,0.10190130314035463,0.28449354533524585,0.31537827692495496,0.2763756218146306,0.2150639362773522,-0.8681600390636921,-0.19357890560625018,-0.3267311624500259,-0.17664113284707175,-0.049226355784783474,0.02587969603564562,0.584228515625,0.5576171875,0.53564453125,0.54736328125,0.55615234375,0.561279296875,-0.167724609375,-0.5283059175389874,-0.716635639515366,0.4553056428724021,-0.006012146366771447,0.553955078125,-0.187744140625,-0.0380859375,0.235107421875,0.08984375,0.033935546875,-0.1593017578125,0.288330078125,0.0977783203125,0.9743949705496383,0.6252327036347545,-0.6558427686391797,-0.4230170598467971,0.012085329752494888,0.0004577776421399579,-0.004486220892971587,-0.6399731437116611,-0.44871364482558673,0.9832148197882016,-41.25,2.625,-9.1875,-1.44921875,-2.76171875,6.48828125,-35.1875,-6.9375,0.0,0,0,1275,1819,1991,1
2,174385,62,0.5772270882290109,0.9824823755607777,0.8963591418195135,0.9597766045106357,0.9762565996276742,0.9873043000579852,0.09698782311471908,0.13287759025849177,0.3192541276284066,0.2763756218146306,0.2150639362773522,0.15631580553605762,-0.8107852412488175,-0.130649739066744,-0.3075960570085757,-0.049226355784783474,0.02587969603564562,0.028656880397961364,0.581787109375,0.549560546875,0.541015625,0.55615234375,0.561279296875,0.564453125,-0.097412109375,-0.5391094698934904,-0.684408093508713,0.4908597064119388,0.004181035798211615,0.611083984375,-0.173095703125,-0.251953125,0.144775390625,0.084716796875,0.0626220703125,0.0211181640625,0.2918701171875,0.0638427734375,0.967711416974395,0.5587633899960326,-0.6700338755455184,-0.488723410748619,0.012421033356730858,0.00012207403790398877,-0.004730368968779565,-0.7468794824060793,-0.34818567461165195,0.9946897793511765,-41.3125,2.5625,-9.125,-0.96875,-2.23828125,7.55859375,-35.5625,-7.4375,0.0,0,0,1325,1873,1997,1
2,174436,63,0.6625568407238991,0.9725638599810785,0.9323709830011903,0.9762565996276742,0.9873043000579852,0.9911801507614368,0.0804162724692526,0.1869258705404828,0.31537827692495496,0.2150639362773522,0.15631580553605762,0.12860499893185218,-0.7446821497238075,-0.13840144047364727,-0.17664113284707175,0.02587969603564562,0.028656880397961364,-0.03216650898770104,0.583251953125,0.54345703125,0.54736328125,0.561279296875,0.564453125,0.567626953125,-0.109130859375,-0.5374309518723106,-0.6527909176915799,0.5315103610339671,0.05026398510696738,0.6474609375,-0.46630859375,-0.5654296875,0.07080078125,0.0770263671875,0.049560546875,0.2171630859375,0.2940673828125,0.059814453125,0.967925046540727,0.4740134891811884,-0.6473281044953765,-0.5969115268410291,0.012878810998870815,0.0005188146610919523,-0.005401776177251503,-0.43205053865169224,0.02044740134891812,0.989257484664449,-41.3125,2.5,-9.0,-0.9296875,-2.51171875,7.98046875,-35.9375,-7.875,0.0,0,0,1510,1716,1994,1
2,174487,64,0.7630848109378338,0.945158238471633,0.9597766045106357,0.9873043000579852,0.9911801507614368,0.9801934873500778,0.060426648762474444,0.23990600299081394,0.2763756218146306,0.15631580553605762,0.12860499893185218,0.15417950987273782,-0.6434827723014008,-0.22156437879573962,-0.049226355784783474,0.028656880397961364,-0.03216650898770104,-0.12433240760521257,0.58251953125,0.536865234375,0.55615234375,0.564453125,0.567626953125,0.5751953125,-0.2421875,-0.5426190984832301,-0.6065248573259682,0.565599536118656,0.13333536790063175,0.641357421875,-0.53662109375,-0.478515625,-0.020263671875,0.09716796875,0.034912109375,0.4542236328125,0.294677734375,0.0760498046875,0.9752800073244423,0.37122714926602984,-0.5534836878566851,-0.7455366679891354,0.012359996337778864,0.00173955504013184,-0.006714072084719382,-0.2356334116641743,-0.423688467055269,0.9820856349375896,-41.25,2.3125,-9.1875,-1.19140625,-3.53125,7.4609375,-36.25,-8.375,0.0,0,0,1288,1617,1991,1
2,174538,65,0.7991576891384625,0.9012726218451491,0.9762565996276742,0.9911801507614368,0.9801934873500778,0.968169194616535,0.0739158299508652,0.28449354533524585,0.2150639362773522,0.12860499893185218,0.15417950987273782,0.19574571977904598,-0.5965453047273171,-0.3267311624500259,0.02587969603564562,-0.03216650898770104,-0.12433240760521257,-0.15598010193182166,0.578125,0.53564453125,0.561279296875,0.567626953125,0.5751953125,0.58544921875,-0.3330078125,-0.5498825037385174,-0.5713980529190954,0.5791802728354747,0.18881801812799462,0.630615234375,-0.17138671875,-0.02978515625,0.0146484375,0.0533447265625,0.010009765625,0.4635009765625,0.2960205078125,0.0819091796875,0.9835200048829615,0.3030793176061281,-0.46809289834284495,-0.8300729392376476,0.012421033356730858,0.0031128879665517136,-0.0065919980468153935,-0.17160557878353222,-0.07779168065431684,0.9963072603534043,-41.0625,2.1875,-9.5,-1.30078125,-4.44921875,6.76171875,-36.625,-8.875,0.0,0,0,1461,1585,1998,1
2,174588,66,0.859309671315653,0.8963591418195135,0.9873043000579852,0.9801934873500778,0.968169194616535,0.9684438612018189,0.0838038270210883,0.3192541276284066,0.15631580553605762,0.15417950987273782,0.19574571977904598,0.22852259895626698,-0.5045319986571856,-0.3075960570085757,0.028656880397961364,-0.12433240760521257,-0.15598010193182166,-0.09933774834437085,0.573486328125,0.541015625,0.564453125,0.5751953125,0.58544921875,0.597900390625,-0.40283203125,-0.5691091647083957,-0.5590075380718406,0.5712759788811914,0.19312112796411024,0.6337890625,-0.419677734375,0.1494140625,0.039794921875,0.068603515625,0.002685546875,0.259765625,0.2998046875,0.0850830078125,0.9909054841761529,0.31122775963621935,-0.43202002014221624,-0.8464613788262582,0.012512588885158849,0.0038758507034516434,-0.005706961272011475,-0.22147282326731163,0.2707602160710471,0.9832758568071536,-40.875,1.875,-10.0,-1.3515625,-5.3515625,6.12109375,-36.9375,-9.375,0.0,0,0,1635,1610,1991,1
2,174645,67,0.91308328501236,0.9323709830011903,0.9911801507614368,0.968169194616535,0.9684438612018189,0.9729300820947905,0.08246101260414442,0.31537827692495496,0.12860499893185218,0.19574571977904598,0.22852259895626698,0.23102511673329876,-0.39930417798394724,-0.17664113284707175,-0.03216650898770104,-0.15598010193182166,-0.09933774834437085,0.0061037018951994385,0.569091796875,0.54736328125,0.567626953125,0.58544921875,0.597900390625,0.606689453125,-0.292236328125,-0.6132389294106876,-0.5297097689748833,0.5507370220038453,0.2000488296151616,0.653564453125,-0.215087890625,0.0146484375,0.0927734375,0.072021484375,0.0159912109375,-0.012939453125,0.3031005859375,0.0494384765625,0.9927060762352367,0.34522537919248025,-0.35172582171086764,-0.870113223670156,0.01315347758415479,0.004486220892971587,-0.003631702627643666,-0.03631702627643666,-0.03054902798547319,0.9858088930936613,-40.75,1.5625,-10.25,-0.87109375,-5.8515625,6.1015625,-37.25,-9.875,0.0,0,0,1484,1518,1992,1
2,174690,68,0.9491561632129887,0.9597766045106357,0.9801934873500778,0.9684438612018189,0.9729300820947905,0.9766533402508621,0.08841212195196387,0.2763756218146306,0.15417950987273782,0.22852259895626698,0.23102511673329876,0.21420941801202428,-0.3021027253028962,-0.049226355784783474,-0.12433240760521257,-0.09933774834437085,0.0061037018951994385,0.016876735740226446,0.563720703125,0.55615234375,0.5751953125,0.597900390625,0.606689453125,0.611328125,-0.14697265625,-0.608508560441908,-0.521683400982696,0.5670033875545518,0.18991668446913051,0.710205078125,0.422607421875,-0.2646484375,0.187255859375,0.053955078125,-0.003662109375,0.0552978515625,0.3092041015625,-0.032958984375,0.9910885952330089,0.3087252418591876,-0.3714712973418378,-0.8756065553758354,0.013428144169438765,0.004425183874019593,-0.0035401470992156743,0.2455519272438734,-0.5954771568956572,0.9945066682943206,-40.5,1.1875,-10.5,0.25,-6.12109375,6.91015625,-37.5625,-10.375,0.0,0,0,1202,1377,1997,1
2,174731,69,0.9757683034760583,0.9762565996276742,0.968169194616535,0.9729300820947905,0.9766533402508621,0.9830927457502976,0.10190130314035463,0.2150639362773522,0.19574571977904598,0.23102511673329876,0.21420941801202428,0.1793877986999115,-0.19357890560625018,0.02587969603564562,-0.15598010193182166,0.0061037018951994385,0.016876735740226446,-0.03686635944700461,0.5576171875,0.561279296875,0.58544921875,0.606689453125,0.611328125,0.61474609375,-0.112548828125,-0.56556901760918,-0.5341959898678549,0.6060670796838282,0.16565446943571277,0.756103515625,0.20947265625,-0.392578125,0.162353515625,0.0712890625,0.0028076171875,0.2847900390625,0.3131103515625,-0.0433349609375,0.9914548173467208,0.22861415448469496,-0.46818445387127294,-0.8535416730246895,0.013794366283150731,0.0037232581560716575,-0.003967406231879635,-0.1501205481124302,-0.14102603228858301,0.9940794091616565,-40.3125,0.875,-10.5,0.421875,-6.5703125,7.30078125,-37.8125,-10.9375,0.0,0,0,1429,1575,1997,1
2,174796,70,0.9824823755607777,0.9873043000579852,0.9684438612018189,0.9766533402508621,0.9830927457502976,0.9870906704916532,0.13287759025849177,0.15631580553605762,0.22852259895626698,0.21420941801202428,0.1793877986999115,0.1588183233130894,-0.130649739066744,0.028656880397961364,-0.09933774834437085,0.016876735740226446,-0.03686635944700461,-0.020935697500534076,0.549560546875,0.564453125,0.597900390625,0.611328125,0.61474609375,0.6142578125,0.013671875,-0.5705740531632435,-0.5126804406872768,0.618793298135319,0.1693166905728324,0.790283203125,-0.675048828125,0.16162109375,0.008544921875,0.0306396484375,0.0289306640625,0.32275390625,0.3165283203125,0.022705078125,0.9949034089175085,0.185064241462447,-0.445417645802179,-0.8760032959990234,0.014313180944242684,0.0038453321939756462,-0.0038453321939756462,-0.7668996246223334,-0.32456434827723013,0.9919431134983367,-40.0625,0.375,-10.5,-0.37109375,-7.5390625,6.96875,-38.0625,-11.4375,0.0,0,0,1337,1883,1995,1
2,174832,71,0.9725638599810785,0.9911801507614368,0.9729300820947905,0.9830927457502976,0.9870906704916532,0.9828485976744896,0.1869258705404828,0.12860499893185218,0.23102511673329876,0.1793877986999115,0.1588183233130894,0.163090914639729,-0.13840144047364727,-0.03216650898770104,0.0061037018951994385,-0.03686635944700461,-0.020935697500534076,0.08612323374126407,0.54345703125,0.567626953125,0.606689453125,0.61474609375,0.6142578125,0.619384765625,-0.16552734375,-0.6243781853694266,-0.47453230384228035,0.5872676778466139,0.20023194067201758,0.81396484375,-0.4638671875,0.124755859375,-0.021728515625,0.054931640625,0.0333251953125,-0.1182861328125,0.3192138671875,0.0341796875,0.9953306680501725,0.23065889461958677,-0.3076570940275277,-0.923123874629963,0.014587847529526658,0.0043641468550675985,-0.0014954069643238624,-0.32355723746452225,0.15463728751487776,0.9912411877803888,-39.875,0.0,-10.5625,-0.44921875,-7.83984375,7.08984375,-38.3125,-12.0,0.0,0,0,1577,1661,1995,1
2,174893,72,0.945158238471633,0.9801934873500778,0.9766533402508621,0.9870906704916532,0.9828485976744896,0.9844965971861934,0.23990600299081394,0.15417950987273782,0.21420941801202428,0.1588183233130894,0.163090914639729,0.14755699331644642,-0.22156437879573962,-0.12433240760521257,0.016876735740226446,-0.020935697500534076,0.08612323374126407,0.09488204596087527,0.536865234375,0.5751953125,0.611328125,0.6142578125,0.619384765625,0.6171875,0.070556640625,-0.6383556627094332,-0.43336283455916014,0.5906552323984496,0.23624378185369427,0.86962890625,-0.20068359375,-0.582275390625,0.0703125,0.04345703125,-0.0125732421875,-0.1737060546875,0.324462890625,-0.062255859375,0.9928586687826166,0.18012024292733542,-0.20371105075228127,-0.9623096407971434,0.015045625171666617,0.004791405987731559,-0.0011902218695638905,-0.315652943510239,-0.09094515823847163,0.9590441602832118,-39.625,-0.5,-10.5625,0.91015625,-7.7890625,8.140625,-38.5625,-12.5625,0.0,0,0,1454,1657,1979,1
2,174934,73,0.9012726218451491,0.968169194616535,0.9830927457502976,0.9828485976744896,0.9844965971861934,0.9916684469130528,0.28449354533524585,0.19574571977904598,0.1793877986999115,0.163090914639729,0.14755699331644642,0.12250129703665273,-0.3267311624500259,-0.15598010193182166,-0.03686635944700461,0.08612323374126407,0.09488204596087527,-0.039826654866176335,0.53564453125,0.58544921875,0.61474609375,0.619384765625,0.6171875,0.618408203125,-0.034912109375,-0.5926694540238655,-0.4009826960051271,0.6437879573961608,0.27109591967528307,0.919677734375,0.21875,-0.569580078125,0.095703125,0.0662841796875,-0.012939453125,0.5455322265625,0.3289794921875,-0.0516357421875,0.9926450392162847,0.004974517044587542,-0.18277535325174718,-0.9831537827692496,0.015137180700094607,0.0043641468550675985,-0.0027466658528397473,0.13306070131534775,-0.8428296761986145,0.9971007415997802,-39.4375,-0.875,-10.4375,0.859375,-8.23046875,8.62890625,-38.8125,-13.125,0.0,0,0,1078,1433,1998,1
2,174985,74,0.8963591418195135,0.9684438612018189,0.9870906704916532,0.9844965971861934,0.9916684469130528,0.9881893368327891,0.3192541276284066,0.22852259895626698,0.1588183233130894,0.14755699331644642,0.12250129703665273,0.09207434308908354,-0.3075960570085757,-0.09933774834437085,-0.020935697500534076,0.09488204596087527,-0.039826654866176335,-0.12237922299874875,0.541015625,0.597900390625,0.6142578125,0.6171875,0.618408203125,0.615478515625,0.09326171875,-0.554033021027253,-0.3861201818903165,0.6872157963805048,0.26773888363292336,0.929931640625,-0.13623046875,0.09716796875,0.20703125,0.032470703125,-0.035888671875,0.636962890625,0.3302001953125,0.1798095703125,0.9960936307870724,-0.12057863093966491,-0.21176793725394452,-0.9698477126377147,0.015411847285378583,0.0042115543076876125,-0.0042115543076876125,-0.5455488753929258,0.047425763725699635,0.9967040009765923,-39.125,-1.5625,-10.4375,-1.96875,-9.328125,7.4296875,-39.0,-13.6875,0.0,0,0,1523,1772,1998,1
2,175034,75,0.9323709830011903,0.9729300820947905,0.9828485976744896,0.9916684469130528,0.9881893368327891,0.9970702230903042,0.31537827692495496,0.23102511673329876,0.163090914639729,0.12250129703665273,0.09207434308908354,0.06357005523850215,-0.17664113284707175,0.0061037018951994385,0.08612323374126407,-0.039826654866176335,-0.12237922299874875,-0.04269539475692007,0.54736328125,0.606689453125,0.619384765625,0.618408203125,0.615478515625,0.6201171875,-0.14892578125,-0.5983764152958769,-0.34827723014007994,0.6642658772545549,0.28180791650135806,0.958251953125,-0.914306640625,0.2705078125,0.1259765625,0.0401611328125,0.0252685546875,0.1868896484375,0.333984375,0.2413330078125,0.9935300759910886,-0.08319345683156834,-0.09390545365764336,-0.9920957060457167,0.015594958342234566,0.0037537766655476546,-0.002197332682271798,-0.03460798974578082,-0.3729056672872097,0.9833979308450576,-39.0625,-2.0625,-10.5,-2.62109375,-9.94921875,7.01953125,-39.1875,-14.25,0.0,0,0,1313,1517,1991,1
2,175085,76,0.9597766045106357,0.9766533402508621,0.9844965971861934,0.9881893368327891,0.9970702230903042,0.9982604449598682,0.2763756218146306,0.21420941801202428,0.14755699331644642,0.09207434308908354,0.06357005523850215,0.04574724570451979,-0.049226355784783474,0.016876735740226446,0.09488204596087527,-0.12237922299874875,-0.04269539475692007,0.0369884334849086,0.55615234375,0.611328125,0.6171875,0.615478515625,0.6201171875,0.6171875,0.091064453125,-0.6570635090182195,-0.2667622913296915,0.6141239661854915,0.3463545640430921,1.027587890625,-0.390625,-0.178955078125,0.0810546875,0.0325927734375,0.030517578125,-0.1566162109375,0.3427734375,0.194580078125,0.9957579271828364,-0.050416577654347365,0.17151402325510423,-0.9838862269966735,0.016052735984374525,0.004150517288735618,-9.155552842799158e-05,-0.10034485915707878,0.1933652760399182,0.9934080019531846,-38.9375,-2.8125,-10.625,-1.76953125,-10.640625,7.87890625,-39.3125,-14.8125,0.0,0,0,1596,1550,1996,1
2,175137,77,0.9762565996276742,0.9830927457502976,0.9916684469130528,0.9970702230903042,0.9982604449598682,0.999755851924192,0.2150639362773522,0.1793877986999115,0.12250129703665273,0.06357005523850215,0.04574724570451979,0.005676442762535478,0.02587969603564562,-0.03686635944700461,-0.039826654866176335,-0.04269539475692007,0.0369884334849086,-0.021271401104770042,0.561279296875,0.61474609375,0.618408203125,0.6201171875,0.6171875,0.615966796875,0.04345703125,-0.6505325479903562,-0.21338541825617238,0.6258735923337504,0.3735465559862056,1.095703125,-0.293701171875,-0.302734375,0.130859375,0.042236328125,-0.0096435546875,0.1817626953125,0.3507080078125,0.176513671875,0.9966429639576403,-0.12726218451490828,0.2724082155827509,-0.9537339396343882,0.016266365550706503,0.0032654805139316996,-0.0004577776421399579,0.29502243110446486,-0.629657887508774,0.9944761497848446,-38.8125,-3.375,-10.5,-1.328125,-11.23828125,8.6484375,-39.5,-15.4375,0.0,0,0,1185,1352,1997,1
2,175187,78,0.9873043000579852,0.9870906704916532,0.9881893368327891,0.9982604449598682,0.999755851924192,0.9965514084292123,0.15631580553605762,0.1588183233130894,0.09207434308908354,0.04574724570451979,0.005676442762535478,-0.026917325357829525,0.028656880397961364,-0.020935697500534076,-0.12237922299874875,0.0369884334849086,-0.021271401104770042,-0.07843256935331279,0.564453125,0.6142578125,0.615478515625,0.6171875,0.615966796875,0.603759765625,0.3974609375,-0.6343272194586016,-0.18649861140781884,0.6499526963103122,0.37473677785576953,1.171875,0.30224609375,-0.155029296875,0.114501953125,0.008056640625,0.010009765625,0.404541015625,0.3594970703125,0.2996826171875,0.9948423718985565,-0.20236823633533738,0.3016449476607562,-0.9316995757927183,0.017242957853938413,0.0032654805139316996,-0.0012512588885158849,-0.029755546739097263,-0.6604205450605792,0.9985351115451522,-38.75,-4.1875,-10.3125,-2.6484375,-11.69140625,9.3984375,-39.625,-16.0,0.0,0,0,1169,1514,1999,1
2,175239,79,0.9911801507614368,0.9828485976744896,0.9970702230903042,0.999755851924192,0.9965514084292123,0.9942625202185126,0.12860499893185218,0.163090914639729,0.06357005523850215,0.005676442762535478,-0.026917325357829525,-0.06204412976470229,-0.03216650898770104,0.08612323374126407,-0.04269539475692007,-0.021271401104770042,-0.07843256935331279,-0.08706930753501999,0.567626953125,0.619384765625,0.6201171875,0.615966796875,0.603759765625,0.599853515625,0.123779296875,-0.6337473677785577,-0.1795403912472915,0.6582232123783075,0.3645130771813105,1.2197265625,-0.51513671875,0.054931640625,-0.056396484375,0.024658203125,0.02392578125,0.2144775390625,0.3651123046875,0.386962890625,0.9927060762352367,-0.21677297280800806,0.3059480574968719,-0.9270302438428907,0.01748710592974639,0.002380443739127781,-0.0012512588885158849,0.25589770195623646,0.15765861995300148,0.9981994079409162,-38.75,-4.75,-10.125,-3.578125,-12.0703125,9.640625,-39.6875,-16.625,0.0,0,0,1578,1372,1999,1
2,175309,80,0.9801934873500778,0.9844965971861934,0.9982604449598682,0.9965514084292123,0.9942625202185126,0.9961241492965484,0.15417950987273782,0.14755699331644642,0.04574724570451979,-0.026917325357829525,-0.06204412976470229,-0.005829035309915464,-0.12433240760521257,0.09488204596087527,0.0369884334849086,-0.07843256935331279,-0.08706930753501999,-0.08771019623401594,0.5751953125,0.6171875,0.6171875,0.603759765625,0.599853515625,0.572509765625,0.893310546875,-0.6544389172032838,-0.07800531022064883,0.5816217535935545,0.47679067354350413,1.31396484375,-0.9248046875,-0.23193359375,-0.063720703125,0.015380859375,0.0087890625,-0.0946044921875,0.3765869140625,0.4422607421875,0.9920041505172887,-0.2380138554033021,0.6079287087618641,-0.7574999237037263,0.01925717947935423,0.003997924741355632,0.0003051850947599719,0.2360606707968383,0.7130039368877225,0.8786278878139592,-38.875,-5.9375,-9.75,-3.83984375,-12.8984375,10.51953125,-39.8125,-17.1875,0.0,0,0,1856,1381,1939,1
2,175340,81,0.968169194616535,0.9916684469130528,0.999755851924192,0.9942625202185126,0.9961241492965484,0.9919431134983367,0.19574571977904598,0.12250129703665273,0.005676442762535478,-0.06204412976470229,-0.005829035309915464,-0.0004577776421399579,-0.15598010193182166,-0.039826654866176335,-0.021271401104770042,-0.08706930753501999,-0.08771019623401594,-0.12677388836329234,0.58544921875,0.618408203125,0.615966796875,0.599853515625,0.572509765625,0.578125,-0.185791015625,-0.6476027710806604,-0.03317361980040895,0.5602282784508804,0.5153965880306406,1.337890625,-0.190185546875,-0.185546875,0.048583984375,0.012939453125,-0.0010986328125,0.061767578125,0.3795166015625,0.4564208984375,0.9917600024414808,-0.2688070314645833,0.6964323862422559,-0.6653645435956907,0.018951994384594256,0.003173924985503708,-6.103701895199438e-05,0.6229438154240546,-0.7964110232856227,0.9960020752586444,-38.9375,-6.25,-9.625,-3.8984375,-13.12890625,10.71875,-39.875,-17.8125,0.0,0,0,1101,1188,1997,1
2,175380,82,0.9684438612018189,0.9881893368327891,0.9965514084292123,0.9961241492965484,0.9919431134983367,0.988647114474929,0.22852259895626698,0.09207434308908354,-0.026917325357829525,-0.005829035309915464,-0.0004577776421399579,-0.03878902554399243,-0.09933774834437085,-0.12237922299874875,-0.07843256935331279,-0.08771019623401594,-0.12677388836329234,-0.14523758659627065,0.597900390625,0.615478515625,0.603759765625,0.572509765625,0.578125,0.573974609375,0.1337890625,-0.65218054750206,-0.026703695791497544,0.5667897579882198,0.5027008880886258,1.37255859375,0.523193359375,0.136474609375,0.24853515625,-0.0162353515625,-0.053955078125,0.1494140625,0.383544921875,0.5087890625,0.9906002990813929,-0.26371044038209174,0.7009186071352275,-0.6626789147618031,0.01977599414044618,0.0027466658528397473,-0.00021362956633198035,0.09140293588061159,-0.06912442396313365,0.9993285927915281,-39.0625,-6.8125,-9.375,-4.3984375,-13.25,11.109375,-39.9375,-18.375,0.0,0,0,1465,1454,1999,1
2,175431,83,0.9729300820947905,0.9970702230903042,0.9942625202185126,0.9919431134983367,0.988647114474929,0.9832148197882016,0.23102511673329876,0.06357005523850215,-0.06204412976470229,-0.0004577776421399579,-0.03878902554399243,-0.14685506759849848,0.0061037018951994385,-0.04269539475692007,-0.08706930753501999,-0.12677388836329234,-0.14523758659627065,-0.10821863460188605,0.606689453125,0.6201171875,0.599853515625,0.578125,0.573974609375,0.5537109375,0.66162109375,-0.6784875026703696,-0.06573686941129796,0.597796563615833,0.4218878749961852,1.422119140625,0.26025390625,0.21240234375,0.2880859375,0.0162353515625,0.000244140625,-0.1414794921875,0.38916015625,0.581298828125,0.9883419293801691,-0.195837275307474,0.6078981902523881,-0.7694936979277932,0.021118808557390057,0.0008850367748039186,9.155552842799158e-05,0.6210516678365429,-0.8325144199957274,0.9958189642017884,-39.25,-7.75,-9.0,-5.01953125,-13.55078125,11.53125,-40.0,-19.0,0.0,0,0,1083,1189,1997,1
2,175482,84,0.9766533402508621,0.9982604449598682,0.9961241492965484,0.988647114474929,0.9832148197882016,0.9739066743980224,0.21420941801202428,0.04574724570451979,-0.005829035309915464,-0.03878902554399243,-0.14685506759849848,-0.21158482619708854,0.016876735740226446,0.0369884334849086,-0.08771019623401594,-0.14523758659627065,-0.10821863460188605,-0.08212530899990844,0.611328125,0.6171875,0.572509765625,0.573974609375,0.5537109375,0.545166015625,0.2724609375,-0.7024140140995514,-0.059083834345530564,0.586596270638142,0.3987853633228553,1.44140625,-0.159423828125,0.078857421875,0.04833984375,-0.0081787109375,0.09033203125,-0.2659912109375,0.3905029296875,0.574462890625,0.988494521927549,-0.13751640369884335,0.6209601123081149,-0.771691030610065,0.022278511917477952,-0.00021362956633198035,0.0009765923032319102,0.16901150547807245,0.10696737571337016,0.9994811853389081,-39.4375,-8.4375,-8.75,-4.6796875,-13.8515625,11.71875,-40.0,-19.5625,0.0,0,0,1553,1415,1999,1
2,175531,85,0.9830927457502976,0.999755851924192,0.9919431134983367,0.9832148197882016,0.9739066743980224,0.9753105258339183,0.1793877986999115,0.005676442762535478,-0.0004577776421399579,-0.14685506759849848,-0.21158482619708854,-0.20197149571214942,-0.03686635944700461,-0.021271401104770042,-0.12677388836329234,-0.10821863460188605,-0.08212530899990844,-0.08926664021729179,0.61474609375,0.615966796875,0.578125,0.5537109375,0.545166015625,0.523681640625,0.701171875,-0.7123020111697744,-0.03521835993530076,0.5570238349559008,0.42555009613330486,1.452880859375,-0.5966796875,0.172607421875,-0.1630859375,-0.0230712890625,0.063720703125,-0.240234375,0.38916015625,0.54638671875,0.989196447645497,-0.1312906277657399,0.6976226081118199,-0.7043061616870632,0.02380443739127781,-0.0005188146610919523,0.0014954069643238624,0.717459639271218,0.07223731192968535,0.9932554094058046,-39.6875,-9.375,-8.25,-3.96875,-14.12109375,11.8984375,-40.0,-20.1875,0.0,0,0,1536,1141,1996,1
2,175582,86,0.9870906704916532,0.9965514084292123,0.988647114474929,0.9739066743980224,0.9753105258339183,0.9844965971861934,0.1588183233130894,-0.026917325357829525,-0.03878902554399243,-0.21158482619708854,-0.20197149571214942,-0.15811639759514146,-0.020935697500534076,-0.07843256935331279,-0.14523758659627065,-0.08212530899990844,-0.08926664021729179,-0.07577745902890103,0.6142578125,0.603759765625,0.573974609375,0.545166015625,0.523681640625,0.5166015625,0.229736328125,-0.7187414166692099,-0.017578661458174383,0.5099642933439131,0.47224341563158057,1.45849609375,0.16162109375,0.225830078125,-0.0927734375,-0.019775390625,0.0369873046875,-0.315185546875,0.3878173828125,0.53759765625,0.989165929136021,-0.1359294412060915,0.7752311777092806,-0.6168706320383313,0.025055696279793694,0.00027466658528397473,0.002838221381267739,-0.02945036164433729,-0.6928922391430402,0.9984740745262002,-39.8125,-9.9375,-7.9375,-3.640625,-14.28125,11.9296875,-40.0,-20.8125,0.0,0,0,1153,1514,1999,1
2,175633,87,0.9828485976744896,0.9942625202185126,0.9832148197882016,0.9753105258339183,0.9844965971861934,0.988586077455977,0.163090914639729,-0.06204412976470229,-0.14685506759849848,-0.20197149571214942,-0.15811639759514146,-0.15048677022614215,0.08612323374126407,-0.08706930753501999,-0.10821863460188605,-0.08926664021729179,-0.07577745902890103,0.007202368236335337,0.619384765625,0.599853515625,0.5537109375,0.523681640625,0.5166015625,0.494873046875,0.704833984375,-0.7396465956602679,-0.06448561052278207,0.48768578142643515,0.45927304910428174,1.46484375,0.132568359375,0.61669921875,0.0703125,-0.027587890625,-0.0177001953125,-0.366455078125,0.3856201171875,0.5411376953125,0.9876705221716972,-0.09576708273567919,0.7444074831385236,-0.6608478041932432,0.02655110324411756,0.0004577776421399579,0.00521866512039552,-0.1888790551469466,-0.565141758476516,0.9985045930356762,-40.0,-10.875,-7.4375,-3.28125,-14.75,11.58984375,-39.9375,-21.375,0.0,0,0,1217,1594,1999,1
2,175685,88,0.9844965971861934,0.9961241492965484,0.9739066743980224,0.9844965971861934,0.988586077455977,0.9707937864314707,0.14755699331644642,-0.005829035309915464,-0.21158482619708854,-0.15811639759514146,-0.15048677022614215,-0.1804254280220954,0.09488204596087527,-0.08771019623401594,-0.08212530899990844,-0.07577745902890103,0.007202368236335337,0.15808587908566546,0.6171875,0.572509765625,0.545166015625,0.5166015625,0.494873046875,0.486328125,0.282470703125,-0.7852107303079318,-0.0989410077211829,0.4224677266762291,0.44178594317453534,1.443603515625,-0.26318359375,0.452880859375,0.091064453125,0.04296875,0.0416259765625,-0.954345703125,0.3797607421875,0.5091552734375,0.9869380779442732,0.028138065736869413,0.7494735557115391,-0.6614276558732871,0.02685628833887753,-3.051850947599719e-05,0.010315256202887051,-0.4002502517777032,-0.2109439374980926,0.9992370372631001,-40.125,-11.5,-7.125,-2.55078125,-15.08984375,10.859375,-39.875,-22.0,0.0,0,0,1394,1700,1999,1
2,175734,89,0.9916684469130528,0.9919431134983367,0.9753105258339183,0.988586077455977,0.9707937864314707,0.9601428266243477,0.12250129703665273,-0.0004577776421399579,-0.20197149571214942,-0.15048677022614215,-0.1804254280220954,-0.22406689657277137,-0.039826654866176335,-0.12677388836329234,-0.08926664021729179,0.007202368236335337,0.15808587908566546,0.16708883938108463,0.618408203125,0.578125,0.523681640625,0.494873046875,0.486328125,0.46630859375,0.647705078125,-0.8071840571306498,-0.049073763237403485,0.370128482924894,0.45719779045991393,1.37255859375,-0.891357421875,-0.320556640625,0.0927734375,0.029541015625,0.0321044921875,-0.942138671875,0.365478515625,0.3892822265625,0.9863277077547532,0.06378368480483414,0.8416394543290505,-0.5362712485122226,0.027893917661061435,-0.0026245918149357585,0.012115848261970886,-0.7431867427594836,0.6870021668141728,0.7201147495956297,-40.1875,-12.5,-6.75,-0.390625,-15.76953125,8.33984375,-39.8125,-22.5625,0.0,0,0,1843,1871,1860,1
2,175784,90,0.9881893368327891,0.988647114474929,0.9844965971861934,0.9707937864314707,0.9601428266243477,0.9643543809320353,0.09207434308908354,-0.03878902554399243,-0.15811639759514146,-0.1804254280220954,-0.22406689657277137,-0.2619098483230079,-0.12237922299874875,-0.14523758659627065,-0.07577745902890103,0.15808587908566546,0.16708883938108463,-0.037781914731284526,0.615478515625,0.573974609375,0.5166015625,0.486328125,0.46630859375,0.4599609375,0.209716796875,-0.7855464339121677,0.08630634479812006,0.36774803918576615,0.4901272621845149,1.35595703125,-0.393798828125,-0.740966796875,0.06787109375,0.0107421875,0.04248046875,0.0003662109375,0.3616943359375,0.4044189453125,0.9835200048829615,0.016022217474898525,0.9494003112887967,-0.31363872188482317,0.0304269539475692,-0.005829035309915464,0.007965330973235268,0.6419263283181249,-0.8425244911038545,0.9967040009765923,-40.25,-13.25,-6.625,-0.26953125,-16.01953125,7.3515625,-39.75,-23.1875,0.0,0,0,1078,1179,1998,1
2,175835,91,0.9970702230903042,0.9832148197882016,0.988586077455977,0.9601428266243477,0.9643543809320353,0.9364299447614979,0.06357005523850215,-0.14685506759849848,-0.15048677022614215,-0.22406689657277137,-0.2619098483230079,-0.25797296060060426,-0.04269539475692007,-0.10821863460188605,0.007202368236335337,0.16708883938108463,-0.037781914731284526,-0.23783074434644613,0.6201171875,0.5537109375,0.494873046875,0.46630859375,0.4599609375,0.444580078125,0.499755859375,-0.7454451124607074,0.13074129459517198,0.4555192724387341,0.4687337870418409,1.320068359375,0.6953125,-0.4326171875,0.016357421875,-0.0269775390625,0.0074462890625,0.8116455078125,0.3551025390625,0.5509033203125,0.977904599139378,-0.0554216132084109,0.9464094973601489,-0.31815546128727074,0.03247169408246101,-0.006042664876247444,0.0016479995117038484,-0.2413098544267098,-0.1369060335093234,0.9992675557725761,-40.3125,-14.1875,-6.5,-2.51171875,-14.421875,8.9609375,-39.625,-23.75,0.0,0,0,1431,1620,1999,1
2,175885,92,0.9982604449598682,0.9739066743980224,0.9707937864314707,0.9643543809320353,0.9364299447614979,0.9093600268562884,0.04574724570451979,-0.21158482619708854,-0.1804254280220954,-0.2619098483230079,-0.25797296060060426,-0.29700613422040467,0.0369884334849086,-0.08212530899990844,0.15808587908566546,-0.037781914731284526,-0.23783074434644613,-0.2912991729483932,0.6171875,0.545166015625,0.486328125,0.4599609375,0.444580078125,0.439208984375,0.17138671875,-0.7352214117862483,0.0890530106509598,0.5216223639637441,0.42359691152684104,1.32080078125,0.118408203125,0.309326171875,-0.00927734375,-0.01416015625,-0.004150390625,0.63818359375,0.353515625,0.634521484375,0.9755851924192023,-0.09149449140903958,0.8873256630146183,-0.4519486068300424,0.034272286141544844,-0.006042664876247444,-0.00015259254737998596,0.7544785912656026,-0.7446211127048555,0.9972838526566362,-40.375,-14.8125,-6.25,-3.96875,-13.12890625,10.328125,-39.5,-24.375,0.0,0,0,1127,1122,1998,1
2,175936,93,0.999755851924192,0.9753105258339183,0.9601428266243477,0.9364299447614979,0.9093600268562884,0.9193395794549394,0.005676442762535478,-0.20197149571214942,-0.22406689657277137,-0.25797296060060426,-0.29700613422040467,-0.2737510299996948,-0.021271401104770042,-0.08926664021729179,0.16708883938108463,-0.23783074434644613,-0.2912991729483932,-0.28263191625721,0.615966796875,0.523681640625,0.46630859375,0.444580078125,0.439208984375,0.419189453125,0.65380859375,-0.7466353343302713,0.08578753013702811,0.49180578020569476,0.43968016602069154,1.36083984375,-0.270263671875,0.046142578125,-0.09228515625,0.0123291015625,0.0396728515625,-0.08349609375,0.35595703125,0.620361328125,0.97903378398999,-0.08578753013702811,0.9071626941740165,-0.4119388409070101,0.03704947050386059,-0.006805627613147374,0.0003051850947599719,0.4098330637531663,0.40278328806421093,0.9152806176946318,-40.5,-15.6875,-5.6875,-3.58984375,-13.05859375,11.37890625,-39.375,-24.9375,0.0,0,0,1701,1295,1957,1
2,175986,94,0.9965514084292123,0.9844965971861934,0.9643543809320353,0.9093600268562884,0.9193395794549394,0.924588763084811,-0.026917325357829525,-0.15811639759514146,-0.2619098483230079,-0.29700613422040467,-0.2737510299996948,-0.21262245551927245,-0.07843256935331279,-0.07577745902890103,-0.037781914731284526,-0.2912991729483932,-0.28263191625721,-0.3161412396618549,0.603759765625,0.5166015625,0.4599609375,0.439208984375,0.419189453125,0.41064453125,0.272216796875,-0.7412335581530198,0.1141087069307535,0.45591601306192203,0.4792626728110599,1.39501953125,-0.58642578125,0.29931640625,-0.16748046875,-0.029296875,0.0064697265625,-0.035888671875,0.35888671875,0.579345703125,0.9822382274849696,-0.11062959685048983,0.9477523117770928,-0.29920346690267646,0.040040284432508316,-0.006378368480483413,0.00018311105685598315,0.7771843623157445,-0.25724051637318035,0.9960936307870724,-40.5,-16.3125,-5.25,-2.6796875,-13.51171875,11.80078125,-39.25,-25.5,0.0,0,0,1371,1111,1998,1
2,176037,95,0.9942625202185126,0.988586077455977,0.9364299447614979,0.9193395794549394,0.924588763084811,0.9541917172765282,-0.06204412976470229,-0.15048677022614215,-0.25797296060060426,-0.2737510299996948,-0.21262245551927245,-0.14081240272225104,-0.08706930753501999,0.007202368236335337,-0.23783074434644613,-0.28263191625721,-0.3161412396618549,-0.2639545884578997,0.599853515625,0.494873046875,0.444580078125,0.419189453125,0.41064453125,0.390625,0.655029296875,-0.7488021485030671,0.12424085207678456,0.38651692251350445,0.5239112521744438,1.4208984375,-0.07958984375,0.481689453125,0.0458984375,-0.02099609375,-0.0015869140625,-0.492919921875,0.3597412109375,0.534912109375,0.9835505233924375,-0.12964262825403608,0.9748527481917784,-0.18124942777794734,0.043122653889584035,-0.00640888698995941,0.0025940733054597613,0.7208166753135777,0.49186681722464676,-0.1891842402417066,-40.5,-17.25,-4.75,-1.5,-14.23046875,11.6796875,-39.0625,-26.0625,0.0,0,0,1745,1139,1405,1
2,176088,96,0.9961241492965484,0.9707937864314707,0.9093600268562884,0.924588763084811,0.9541917172765282,0.9796746726889859,-0.005829035309915464,-0.1804254280220954,-0.29700613422040467,-0.21262245551927245,-0.14081240272225104,-0.15952024903103731,-0.08771019623401594,0.15808587908566546,-0.2912991729483932,-0.3161412396618549,-0.2639545884578997,-0.12161626026184881,0.572509765625,0.486328125,0.439208984375,0.41064453125,0.390625,0.3837890625,0.221923828125,-0.7859736930448317,0.08966338084047976,0.3140354625080111,0.5249794000061037,1.420654296875,-0.16552734375,0.6435546875,0.140869140625,0.01220703125,0.0394287109375,-0.84326171875,0.3577880859375,0.511474609375,0.9813226722006897,-0.08111819818720054,0.9812616351817377,-0.17481002227851192,0.044495986816003905,-0.00848414563432722,0.010559404278695029,0.03955198828089236,-0.7556688131351664,0.9964293343913083,-40.375,-17.875,-4.5,-0.5703125,-15.140625,10.55859375,-38.875,-26.625,0.0,0,0,1122,1480,1998,1
2,176139,97,0.9919431134983367,0.9601428266243477,0.9193395794549394,0.9541917172765282,0.9796746726889859,0.979094821008942,-0.0004577776421399579,-0.22406689657277137,-0.2737510299996948,-0.14081240272225104,-0.15952024903103731,-0.19718008972441786,-0.12677388836329234,0.16708883938108463,-0.28263191625721,-0.2639545884578997,-0.12161626026184881,0.04980620746482742,0.578125,0.46630859375,0.419189453125,0.390625,0.3837890625,0.363525390625,0.656494140625,-0.8250984221930601,0.04272591326639607,0.23935666982024598,0.5099948118533891,1.37841796875,0.2626953125,0.451171875,0.219970703125,0.03173828125,0.05712890625,-1.0936279296875,0.348388671875,0.4605712890625,0.9758903775139622,-0.01794488357188635,0.9826654866176336,-0.18454542680135502,0.04412976470229194,-0.01174962614825892,0.019409772026734214,-0.16605121005890072,-0.25373088778344066,-0.40675069429609056,-40.25,-18.875,-4.125,1.03125,-16.30078125,7.37109375,-38.625,-27.1875,0.0,0,0,1373,1583,1296,1
2,176180,98,0.988647114474929,0.9643543809320353,0.924588763084811,0.9796746726889859,0.979094821008942,0.9589526047547837,-0.03878902554399243,-0.2619098483230079,-0.21262245551927245,-0.15952024903103731,-0.19718008972441786,-0.2356334116641743,-0.14523758659627065,-0.037781914731284526,-0.3161412396618549,-0.12161626026184881,0.04980620746482742,0.1578112125003815,0.573974609375,0.4599609375,0.41064453125,0.3837890625,0.363525390625,0.35693359375,0.210693359375,-0.8514969328897977,-0.0033875545518356883,0.20703756828516495,0.4817651905880917,1.350830078125,0.05029296875,0.31787109375,0.173095703125,0.053466796875,0.07421875,-1.020751953125,0.3428955078125,0.4224853515625,0.9732047486800744,0.04422132023071993,0.9710074159978027,-0.2349009674367504,0.04263435773796808,-0.013641773735770746,0.027314065981017488,-0.5680715353862117,-0.8839686269722586,0.9979247413556321,-40.125,-19.5625,-4.0,2.05859375,-16.75,4.8515625,-38.4375,-27.75,0.0,0,0,1058,1784,1998,1
2,176230,99,0.9832148197882016,0.9364299447614979,0.9541917172765282,0.979094821008942,0.9589526047547837,0.9449446089053011,-0.14685506759849848,-0.25797296060060426,-0.14081240272225104,-0.19718008972441786,-0.2356334116641743,-0.2632831812494278,-0.10821863460188605,-0.23783074434644613,-0.2639545884578997,0.04980620746482742,0.1578112125003815,0.19428083132419813,0.5537109375,0.444580078125,0.390625,0.363525390625,0.35693359375,0.350830078125,0.200927734375,-0.8649861140781884,-0.003906369212927641,0.1826532792138432,0.467360454115421,1.33642578125,-0.309326171875,-0.18994140625,0.048828125,0.0008544921875,0.082275390625,-0.9161376953125,0.340087890625,0.382568359375,0.9726248970000305,0.076143681142613,0.9745475630970183,-0.2108523819696646,0.04104739524521622,-0.016235847041230506,0.02804651020844142,-0.6997894222846156,0.3526413769951476,0.9804986724448378,-39.9375,-20.25,-3.9375,3.01953125,-16.94140625,2.3984375,-38.1875,-28.3125,0.0,0,0,1676,1849,1990,1
2,176281,100,0.9739066743980224,0.9093600268562884,0.9796746726889859,0.9589526047547837,0.9449446089053011,0.9590441602832118,-0.21158482619708854,-0.29700613422040467,-0.15952024903103731,-0.2356334116641743,-0.2632831812494278,-0.2749717703787347,-0.08212530899990844,-0.2912991729483932,-0.12161626026184881,0.1578112125003815,0.19428083132419813,0.06781212805566576,0.545166015625,0.439208984375,0.3837890625,0.35693359375,0.350830078125,0.333740234375,0.554931640625,-0.8503372295297098,0.10190130314035463,0.18408764915921508,0.48231452375865963,1.322021484375,-1.107177734375,-0.605712890625,-0.136962890625,-0.0223388671875,0.0540771484375,-0.1912841796875,0.3380126953125,0.3702392578125,0.9717703787347026,0.04031495101779229,0.9989318521683401,-0.022858363597521896,0.044038209173863946,-0.022888882106997896,0.027314065981017488,-0.9309366130558183,0.7245094149601733,-0.8583025605029451,-39.625,-21.3125,-3.9375,3.578125,-16.80859375,0.140625,-37.9375,-28.875,0.0,0,0,1862,1965,1070,1
2,176332,101,0.9753105258339183,0.9193395794549394,0.979094821008942,0.9449446089053011,0.9590441602832118,0.9588610492263557,-0.20197149571214942,-0.2737510299996948,-0.19718008972441786,-0.2632831812494278,-0.2749717703787347,-0.21329386272774437,-0.08926664021729179,-0.28263191625721,0.04980620746482742,0.19428083132419813,0.06781212805566576,-0.18729209265419478,0.523681640625,0.419189453125,0.363525390625,0.350830078125,0.333740234375,0.32958984375,0.137939453125,-0.7928098391674551,0.2688375499740593,0.19940794091616565,0.5093234046449171,1.257568359375,-0.203857421875,-0.508544921875,-0.13671875,0.001220703125,0.003662109375,0.6273193359375,0.3284912109375,0.37939453125,0.9695730460524308,0.008514664143803218,0.9627063814203314,0.2704245124668111,0.047486800744651635,-0.026703695791497544,0.009979552598651083,-0.07348857081820125,-0.10632648701437422,0.9993285927915281,-39.375,-22.0,-4.0,3.2890625,-15.98046875,1.05078125,-37.625,-29.375,0.0,0,0,1446,1536,1999,1
2,176383,102,0.9844965971861934,0.924588763084811,0.9589526047547837,0.9590441602832118,0.9588610492263557,0.924619281594287,-0.15811639759514146,-0.21262245551927245,-0.2356334116641743,-0.2749717703787347,-0.21329386272774437,-0.1968443861201819,-0.07577745902890103,-0.3161412396618549,0.1578112125003815,0.06781212805566576,-0.18729209265419478,-0.326059755241554,0.5166015625,0.41064453125,0.35693359375,0.333740234375,0.32958984375,0.30908203125,0.667724609375,-0.7702871791741691,0.2913602099673452,0.26905117954039126,0.4993743705557421,1.15234375,0.667236328125,-0.33984375,-0.02685546875,-0.0758056640625,-0.073974609375,0.591552734375,0.3115234375,0.332275390625,0.9734794152653584,-0.004730368968779565,0.9659413434247871,0.25876644184698017,0.05212561418500321,-0.03219702749717704,0.008026367992187262,0.44795068208868677,0.2575457014679403,-0.7143467513046663,-38.875,-23.0,-3.75,3.3203125,-14.109375,3.78125,-37.375,-29.9375,0.0,0,0,1628,1276,1142,1
2,176433,103,0.988586077455977,0.9541917172765282,0.9449446089053011,0.9588610492263557,0.924619281594287,0.8865932187871944,-0.15048677022614215,-0.14081240272225104,-0.2632831812494278,-0.21329386272774437,-0.1968443861201819,-0.2701803643910031,0.007202368236335337,-0.2639545884578997,0.19428083132419813,-0.18729209265419478,-0.326059755241554,-0.37546922208319344,0.494873046875,0.390625,0.350830078125,0.32958984375,0.30908203125,0.296142578125,0.41748046875,-0.7878658406323436,0.23004852443006685,0.33323160496841336,0.46400341807306134,1.146240234375,0.343017578125,0.17431640625,0.04248046875,-0.0235595703125,-0.0435791015625,0.4615478515625,0.30712890625,0.3173828125,0.9767754142887661,-0.005829035309915464,0.9963377788628803,0.08536027100436415,0.05371257667775506,-0.035828730124820705,0.0059511093478194525,0.3672292245246742,-0.8297677541428876,0.9880977813043611,-38.5,-23.5625,-3.1875,3.48828125,-13.58984375,5.01953125,-37.0625,-30.4375,0.0,0,0,1085,1316,1994,1
2,176483,104,0.9707937864314707,0.9796746726889859,0.9590441602832118,0.924619281594287,0.8865932187871944,0.8655659657582324,-0.1804254280220954,-0.15952024903103731,-0.2749717703787347,-0.1968443861201819,-0.2701803643910031,-0.32132938627277446,0.15808587908566546,-0.12161626026184881,0.06781212805566576,-0.326059755241554,-0.37546922208319344,-0.3841059602649007,0.486328125,0.3837890625,0.333740234375,0.30908203125,0.296142578125,0.27197265625,0.788330078125,-0.8073061311685538,0.20175786614581745,0.314951017792291,0.456434827723014,1.191650390625,0.01708984375,0.396484375,0.03857421875,-0.0548095703125,0.0045166015625,0.169189453125,0.3076171875,0.314453125,0.9808954130680257,-0.005706961272011475,0.9982604449598682,0.058473464156010624,0.055696279793694875,-0.05212561418500321,0.00933866389965514,0.7641224402600177,0.4811243018890957,-0.7523728141117588,-38.0,-24.4375,-2.375,3.78125,-13.44921875,6.69140625,-36.75,-30.9375,0.0,0,0,1740,1117,1123,1
2,176534,105,0.9601428266243477,0.979094821008942,0.9588610492263557,0.8865932187871944,0.8655659657582324,0.8827478865932188,-0.22406689657277137,-0.19718008972441786,-0.21329386272774437,-0.2701803643910031,-0.32132938627277446,-0.3163853877376629,0.16708883938108463,0.04980620746482742,-0.18729209265419478,-0.37546922208319344,-0.3841059602649007,-0.34736167485580005,0.46630859375,0.363525390625,0.32958984375,0.296142578125,0.27197265625,0.2607421875,0.36279296875,-0.825434125797296,0.1869563890499588,0.24961088900418105,0.4705343791009247,1.261474609375,-0.601318359375,0.361572265625,-0.047607421875,-0.013916015625,0.0433349609375,-0.44580078125,0.313720703125,0.3154296875,0.9822992645039216,-0.017883846552934356,0.9944151127658926,0.10406811731315042,0.05371257667775506,-0.05890072328867458,0.0034180730613116855,0.7401654103213599,0.21362956633198035,0.1620838038270211,-37.6875,-25.0,-1.75,4.390625,-14.01953125,7.2890625,-36.375,-31.4375,0.0,0,0,1606,1129,1581,1
2,176585,106,0.9643543809320353,0.9589526047547837,0.924619281594287,0.8655659657582324,0.8827478865932188,0.880153813287759,-0.2619098483230079,-0.2356334116641743,-0.1968443861201819,-0.32132938627277446,-0.3163853877376629,-0.22095400860621967,-0.037781914731284526,0.1578112125003815,-0.326059755241554,-0.3841059602649007,-0.34736167485580005,-0.42011780144657734,0.4599609375,0.35693359375,0.30908203125,0.27197265625,0.2607421875,0.237548828125,0.749267578125,-0.8064210943937498,0.25183874019592883,0.16360972930082096,0.5093844416638691,1.364501953125,-0.55126953125,0.230712890625,-0.09521484375,-0.0379638671875,0.053955078125,-0.526123046875,0.32470703125,0.3408203125,0.9793389690847499,-0.07257301553392133,0.9439985351115452,0.3219092379528184,0.05059968871120334,-0.07742545854060488,-0.017090365306558428,0.728141117587817,0.8838770714438307,-0.9508041627246925,-37.1875,-25.9375,-1.0,5.5,-15.62109375,6.359375,-36.0625,-31.9375,0.0,0,0,1941,1135,1024,1
2,176636,107,0.9364299447614979,0.9449446089053011,0.8865932187871944,0.8827478865932188,0.880153813287759,0.9034699545274208,-0.25797296060060426,-0.2632831812494278,-0.2701803643910031,-0.3163853877376629,-0.22095400860621967,-0.14123966185491502,-0.23783074434644613,0.19428083132419813,-0.37546922208319344,-0.34736167485580005,-0.42011780144657734,-0.40473647267067475,0.444580078125,0.350830078125,0.296142578125,0.2607421875,0.237548828125,0.2275390625,0.332275390625,-0.7940916165654469,0.2683797723319193,0.10354930265205847,0.5354167302468947,1.392578125,0.052001953125,0.4462890625,0.01953125,-0.04638671875,0.0394287109375,-0.4564208984375,0.3267822265625,0.36083984375,0.9769585253456221,-0.13779107028412732,0.8995330668050172,0.41453291421246985,0.0521866512039552,-0.07428205206457716,-0.031006805627613147,0.6961577196569719,-0.6258735923337504,-0.8951994384594256,-36.8125,-26.625,-0.6875,5.8984375,-16.1484375,5.671875,-35.6875,-32.4375,0.0,0,0,1187,1151,1052,1
2,176688,108,0.9093600268562884,0.9590441602832118,0.8655659657582324,0.880153813287759,0.9034699545274208,0.9414654988250374,-0.29700613422040467,-0.2749717703787347,-0.32132938627277446,-0.22095400860621967,-0.14123966185491502,-0.16397595141453292,-0.2912991729483932,0.06781212805566576,-0.3841059602649007,-0.42011780144657734,-0.40473647267067475,-0.2945341349528489,0.439208984375,0.333740234375,0.27197265625,0.237548828125,0.2275390625,0.220458984375,0.23095703125,-0.8149052400280771,0.19937742240668965,0.06576738792077395,0.5402386547441023,1.404052734375,0.534423828125,0.329345703125,0.11669921875,-0.0362548828125,0.0423583984375,-0.7503662109375,0.3270263671875,0.3941650390625,0.9731742301705985,-0.18524735251930297,0.9277626880703147,0.3238929410687582,0.05096591082491531,-0.08716086306344799,-0.025055696279793694,0.6707663197729423,0.2402722251045259,-0.41364787743766596,-36.5,-27.25,-0.4375,6.01171875,-16.58984375,4.671875,-35.3125,-32.875,0.0,0,0,1620,1164,1293,1
2,176738,109,0.9193395794549394,0.9588610492263557,0.8827478865932188,0.9034699545274208,0.9414654988250374,0.9501327555162206,-0.2737510299996948,-0.21329386272774437,-0.3163853877376629,-0.14123966185491502,-0.16397595141453292,-0.22544022949919126,-0.28263191625721,-0.18729209265419478,-0.34736167485580005,-0.40473647267067475,-0.2945341349528489,-0.2153996398815882,0.419189453125,0.32958984375,0.2607421875,0.2275390625,0.220458984375,0.196044921875,0.788818359375,-0.8377330851161229,0.12100589007232887,0.06295968504898221,0.5287636951811273,1.429443359375,0.072998046875,0.270751953125,0.03515625,-0.039794921875,0.033203125,-0.6124267578125,0.3299560546875,0.43359375,0.967558824427015,-0.1990722373119297,0.9624927518539994,0.18439283425397504,0.046662800988799706,-0.10562456129642628,-0.01599169896542253,0.586443678090762,-0.20142216254158146,-0.97811822870571,-35.9375,-28.3125,-0.25,6.4609375,-17.30078125,2.0703125,-34.9375,-33.3125,0.0,0,0,1399,1206,1010,1
2,176788,110,0.924588763084811,0.924619281594287,0.880153813287759,0.9414654988250374,0.9501327555162206,0.9669789727469711,-0.21262245551927245,-0.1968443861201819,-0.22095400860621967,-0.16397595141453292,-0.22544022949919126,-0.22568437757499923,-0.3161412396618549,-0.326059755241554,-0.42011780144657734,-0.2945341349528489,-0.2153996398815882,-0.11844233527634511,0.41064453125,0.30908203125,0.237548828125,0.220458984375,0.196044921875,0.1875,0.27587890625,-0.8466139713736381,0.0837733085116123,0.02752769554734947,0.5248573259681997,1.43212890625,0.217529296875,0.432861328125,0.05419921875,-0.0491943359375,0.0369873046875,-0.6492919921875,0.330078125,0.4384765625,0.9661244544816431,-0.21158482619708854,0.967284157841731,0.13989684743797112,0.043488876003296,-0.12732322153386028,-0.010376293221839045,-0.2782372508926664,-0.6832789086581011,-0.9081392864772484,-35.625,-29.0,-0.1875,6.76953125,-17.328125,0.6484375,-34.5,-33.75,0.0,0,0,1158,1639,1045,1
2,176838,111,0.9541917172765282,0.8865932187871944,0.9034699545274208,0.9501327555162206,0.9669789727469711,0.9687185277871029,-0.14081240272225104,-0.2701803643910031,-0.14123966185491502,-0.22544022949919126,-0.22568437757499923,-0.2478408154545732,-0.2639545884578997,-0.37546922208319344,-0.40473647267067475,-0.2153996398815882,-0.11844233527634511,0.01327555162205878,0.390625,0.296142578125,0.2275390625,0.196044921875,0.1875,0.162353515625,0.81640625,-0.8532059694204535,0.046967986083559676,-0.018524735251930297,0.5191503646961882,1.45703125,-0.14794921875,0.3359375,0.03466796875,-0.0289306640625,0.04443359375,-0.7481689453125,0.3345947265625,0.4442138671875,0.9658192693868831,-0.22891933957945493,0.9682302316354869,0.10065004425183874,0.03955198828089236,-0.15732291634876552,-0.0005798516800439467,-0.0173955504013184,0.792901394695883,-0.9355449079866939,-35.0625,-30.0625,-0.25,7.30078125,-17.37109375,-1.94140625,-34.0625,-34.1875,0.0,0,0,1896,1508,1032,1
2,176910,112,0.9796746726889859,0.8655659657582324,0.9414654988250374,0.9669789727469711,0.9687185277871029,0.9338663899655141,-0.15952024903103731,-0.32132938627277446,-0.16397595141453292,-0.22568437757499923,-0.2478408154545732,-0.31232642597735527,-0.12161626026184881,-0.3841059602649007,-0.2945341349528489,-0.11844233527634511,0.01327555162205878,0.17423017059846796,0.3837890625,0.27197265625,0.220458984375,0.1875,0.162353515625,0.123779296875,1.2578125,-0.8511307107760857,0.06469924008911405,-0.07840205084383679,0.5150303659169286,1.50244140625,-0.1728515625,-0.0908203125,-0.058349609375,-0.0341796875,0.046142578125,-0.668212890625,0.3447265625,0.458251953125,0.9683828241828669,-0.26355784783471176,0.9500411999877926,0.16718039490951261,-0.016815698721274454,-0.24704733420819727,0.014160588396862697,-0.8164006469924009,-0.32151249732963044,-0.978911709952086,-34.25,-31.5,-0.5625,7.58984375,-17.05859375,-5.73046875,-33.625,-34.625,0.0,0,0,1339,1908,1010,1
2,176940,113,0.979094821008942,0.8827478865932188,0.9501327555162206,0.9687185277871029,0.9338663899655141,0.9481490524002808,-0.19718008972441786,-0.3163853877376629,-0.22544022949919126,-0.2478408154545732,-0.31232642597735527,-0.25461592455824456,0.04980620746482742,-0.34736167485580005,-0.2153996398815882,0.01327555162205878,0.17423017059846796,0.1901608325449385,0.363525390625,0.2607421875,0.196044921875,0.162353515625,0.123779296875,0.128662109375,-0.16259765625,-0.8503372295297098,0.08221686452833643,-0.0748924222540971,0.5143589587084567,1.513427734375,0.42822265625,-0.208251953125,-0.04345703125,-0.052734375,0.0411376953125,-0.418212890625,0.34765625,0.4638671875,0.9689626758629108,-0.26996673482467115,0.9423505355998413,0.1977294228949858,0.017151402325510424,-0.23239844965971862,0.025666066469313638,-0.9612109744560076,-0.8327890865810114,0.9486068300424207,-34.0625,-31.875,-0.6875,7.609375,-16.96875,-6.421875,-33.1875,-35.0,0.0,0,0,1083,1980,1974,1
2,176981,114,0.9589526047547837,0.880153813287759,0.9669789727469711,0.9338663899655141,0.9481490524002808,0.9467452009643849,-0.2356334116641743,-0.22095400860621967,-0.22568437757499923,-0.31232642597735527,-0.25461592455824456,-0.18774987029633472,0.1578112125003815,-0.42011780144657734,-0.11844233527634511,0.17423017059846796,0.1901608325449385,0.26160466322824794,0.35693359375,0.237548828125,0.1875,0.123779296875,0.128662109375,0.12158203125,0.23095703125,-0.8554033021027253,0.032380138554033024,-0.006378368480483413,0.5168919949949644,1.520751953125,1.130615234375,-0.36767578125,-0.02099609375,-0.0928955078125,0.013427734375,-0.1195068359375,0.3507080078125,0.4599609375,0.9698477126377147,-0.27991576891384623,0.9577623828852199,0.06582842493972595,-0.006012146366771447,-0.25046540726950894,0.10495315408795435,-0.8990447706534013,-0.6307260353404339,-0.9211706900234993,-33.6875,-32.5,-0.9375,7.8515625,-16.73046875,-7.01953125,-32.75,-35.375,0.0,0,0,1184,1949,1039,1
2,177031,115,0.9449446089053011,0.9034699545274208,0.9687185277871029,0.9481490524002808,0.9467452009643849,0.9556871242408521,-0.2632831812494278,-0.14123966185491502,-0.2478408154545732,-0.25461592455824456,-0.18774987029633472,-0.06323435163426619,0.19428083132419813,-0.40473647267067475,0.01327555162205878,0.1901608325449385,0.26160466322824794,0.28754539628284553,0.350830078125,0.2275390625,0.162353515625,0.128662109375,0.12158203125,0.11376953125,0.2529296875,-0.8497573778496659,-0.05124057741019929,0.11255226294747765,0.5124668111209448,1.513916015625,0.370849609375,-0.40087890625,-0.060546875,-0.0108642578125,-0.000732421875,0.1912841796875,0.3511962890625,0.45263671875,0.9691152684102908,-0.3066499832148198,0.9395428327280496,-0.152287362285226,0.010406811731315043,-0.19855342265083772,0.20191045869319743,-0.978240302743614,0.9378032776879177,-0.9185766167180395,-33.1875,-33.25,-1.1875,8.26171875,-16.5703125,-6.671875,-32.3125,-35.75,0.0,0,0,1968,1989,1040,1
2,177082,116,0.9590441602832118,0.9414654988250374,0.9338663899655141,0.9467452009643849,0.9556871242408521,0.9449140903958251,-0.2749717703787347,-0.16397595141453292,-0.31232642597735527,-0.18774987029633472,-0.06323435163426619,0.03012176885280923,0.06781212805566576,-0.2945341349528489,0.17423017059846796,0.26160466322824794,0.28754539628284553,0.325968199713126,0.333740234375,0.220458984375,0.123779296875,0.12158203125,0.11376953125,0.095947265625,0.581298828125,-0.8281502731406598,-0.02685628833887753,0.18494216742454297,0.5284585100863674,1.4892578125,-0.353515625,-0.49267578125,-0.1630859375,-0.0465087890625,-0.01171875,0.3944091796875,0.3485107421875,0.4554443359375,0.9650257881405072,-0.38505203405865657,0.9149449140903958,-0.12094485305337688,-0.023316141239661855,-0.15137180700094607,0.21607104709006011,-0.9938352610858485,-0.7557298501541184,-0.9954832605975524,-32.5,-34.1875,-1.4375,8.78125,-16.5,-5.05078125,-31.8125,-36.125,0.0,0,0,1122,1996,1002,1
2,177143,117,0.9588610492263557,0.9501327555162206,0.9481490524002808,0.9556871242408521,0.9449140903958251,0.9257789849543748,-0.21329386272774437,-0.22544022949919126,-0.25461592455824456,-0.06323435163426619,0.03012176885280923,0.09488204596087527,-0.18729209265419478,-0.2153996398815882,0.1901608325449385,0.28754539628284553,0.325968199713126,0.3659474471266823,0.32958984375,0.196044921875,0.128662109375,0.11376953125,0.095947265625,0.073974609375,0.714599609375,-0.7985168004394665,0.03457747123630482,0.2269661549729911,0.5564745017853328,1.4248046875,0.147705078125,-0.207763671875,-0.132080078125,-0.067626953125,-0.02001953125,0.388916015625,0.3370361328125,0.4697265625,0.9582506790368358,-0.46250801110873746,0.8865321817682424,0.011688589129306926,-0.00836207159642323,-0.17645802179021577,0.2555925168614765,-0.9830317087313456,0.6114688558610798,-0.9526657918027284,-31.75,-35.25,-1.375,8.73828125,-16.1015625,-2.73046875,-31.3125,-36.5,0.0,0,0,1805,1991,1023,1
2,177189,118,0.924619281594287,0.9669789727469711,0.9467452009643849,0.9449140903958251,0.9257789849543748,0.9041413617358928,-0.1968443861201819,-0.22568437757499923,-0.18774987029633472,0.03012176885280923,0.09488204596087527,0.21997741630298775,-0.326059755241554,-0.11844233527634511,0.26160466322824794,0.325968199713126,0.3659474471266823,0.36622211371196634,0.30908203125,0.1875,0.12158203125,0.095947265625,0.073974609375,0.064208984375,0.314453125,-0.7878963591418195,0.03891109958189642,0.2468947416608173,0.5627918332468642,1.3818359375,-0.283203125,-0.080078125,0.005615234375,-0.073486328125,-0.069580078125,0.258056640625,0.3291015625,0.478271484375,0.9541001617481002,-0.4925687429425947,0.869808038575396,0.02838221381267739,-0.02426221503341777,-0.18512527848139898,0.30484939115573595,-0.9931028168584246,0.23725089266640217,-0.9841914120914335,-31.3125,-35.875,-1.25,8.55859375,-15.73046875,-1.41015625,-30.8125,-36.8125,0.0,0,0,1618,1996,1007,1
2,177235,119,0.8865932187871944,0.9687185277871029,0.9556871242408521,0.9257789849543748,0.9041413617358928,0.7427289651173437,-0.2701803643910031,-0.2478408154545732,-0.06323435163426619,0.09488204596087527,0.21997741630298775,0.3414410840174566,-0.37546922208319344,0.01327555162205878,0.28754539628284553,0.3659474471266823,0.36622211371196634,0.576006347849971,0.296142578125,0.162353515625,0.11376953125,0.073974609375,0.064208984375,0.043701171875,0.666015625,-0.7844172490615559,0.06289864803003022,0.24759666737876523,0.565202795495468,1.349853515625,0.1728515625,-0.142333984375,0.036376953125,-0.0692138671875,-0.0211181640625,0.1563720703125,0.322265625,0.4886474609375,0.9496749778740806,-0.5046540726950896,0.858851893673513,0.08771019623401594,-0.05475020599993896,-0.19742423780022583,0.4302499465926084,-0.9929807428205206,0.10199285866878262,-0.9876705221716972,-30.6875,-36.8125,-1.0,8.5,-15.3515625,-0.08984375,-30.3125,-37.125,0.0,0,0,1551,1996,1006,1
2,177286,120,0.8655659657582324,0.9338663899655141,0.9449140903958251,0.9041413617358928,0.7427289651173437,0.5831781975768303,-0.32132938627277446,-0.31232642597735527,0.03012176885280923,0.21997741630298775,0.3414410840174566,0.6193426313058871,-0.3841059602649007,0.17423017059846796,0.325968199713126,0.36622211371196634,0.576006347849971,0.5256508072145757,0.27197265625,0.123779296875,0.095947265625,0.064208984375,0.043701171875,0.036865234375,0.2265625,-0.7852717673268838,0.05038605914487136,0.28730124820703756,0.5461592455824458,1.333984375,0.242919921875,-0.3115234375,0.086181640625,-0.0712890625,-0.0294189453125,0.1112060546875,0.3184814453125,0.496337890625,0.9469283120212408,-0.4945829645680105,0.8672750022888882,0.0564897610400708,-0.1455122531815546,-0.13010040589617602,0.5039521469771416,-0.9880672627948851,0.641132847071749,-0.9841303750724815,-30.25,-37.4375,-0.8125,8.44921875,-15.12890625,0.6484375,-29.8125,-37.4375,0.0,0,0,1820,1994,1007,1
2,177337,121,0.8827478865932188,0.9481490524002808,0.9257789849543748,0.7427289651173437,0.5831781975768303,-0.08957182531205175,-0.3163853877376629,-0.25461592455824456,0.09488204596087527,0.3414410840174566,0.6193426313058871,0.8516190069277016,-0.34736167485580005,0.1901608325449385,0.3659474471266823,0.576006347849971,0.5256508072145757,0.5164647358623005,0.2607421875,0.128662109375,0.073974609375,0.043701171875,0.036865234375,0.0341796875,0.08984375,-0.7761162144840846,0.04437391277809992,0.3533738212225715,0.5204016235847041,1.3115234375,0.35595703125,-0.389404296875,0.02294921875,-0.072509765625,-0.0262451171875,0.2080078125,0.312744140625,0.512451171875,0.9420453505050813,-0.48646504104739524,0.8728598895229956,0.0380260628070925,-0.2588885158848842,-0.04379406109805597,0.4174321726126896,-0.9220862453077792,0.9313943906979583,-0.9943845942564166,-29.625,-38.3125,-0.5,8.26953125,-14.8203125,1.6484375,-29.25,-37.75,0.0,0,0,1965,1961,1002,1
2,177387,122,0.880153813287759,0.9467452009643849,0.9041413617358928,0.5831781975768303,-0.08957182531205175,-0.3631702627643666,-0.22095400860621967,-0.18774987029633472,0.21997741630298775,0.6193426313058871,0.8516190069277016,0.8934293649098178,-0.42011780144657734,0.26160466322824794,0.36622211371196634,0.5256508072145757,0.5164647358623005,0.26438184759056366,0.237548828125,0.12158203125,0.064208984375,0.036865234375,0.0341796875,0.042236328125,-0.266357421875,-0.7570116275521104,0.04211554307687613,0.42658772545548873,0.4931485946226386,1.28125,0.38525390625,-0.2958984375,0.04296875,-0.075439453125,-0.0194091796875,0.36474609375,0.3062744140625,0.5233154296875,0.9380779442732017,-0.478133487960448,0.8779564806054873,0.024079103976561784,-0.16983550523392438,-0.07889034699545275,0.26236762596514784,0.5482039857173375,0.924222540971099,-0.9934690389721366,-29.25,-38.9375,-0.25,7.8984375,-14.44921875,2.48828125,-28.75,-38.0,0.0,0,0,1962,1225,1003,1
2,177438,123,0.9034699545274208,0.9556871242408521,0.7427289651173437,-0.08957182531205175,-0.3631702627643666,-0.6945707571642201,-0.14123966185491502,-0.06323435163426619,0.3414410840174566,0.8516190069277016,0.8934293649098178,0.7133091219824824,-0.40473647267067475,0.28754539628284553,0.576006347849971,0.5164647358623005,0.26438184759056366,0.09375286111026337,0.2275390625,0.11376953125,0.043701171875,0.0341796875,0.042236328125,0.063232421875,-0.67822265625,-0.7488631855220191,-0.009582811975463118,0.48622089297158727,0.4502090517899106,1.22607421875,0.713623046875,0.089599609375,-0.000244140625,-0.077392578125,-0.0118408203125,0.3240966796875,0.2947998046875,0.544921875,0.9307535019989623,-0.48307748649555954,0.8711508529923399,-0.08774071474349193,-0.09860530411694693,-0.04492324594866787,0.16342661824396496,0.02621539963988159,0.2455824457533494,-0.9281289101840267,-28.6875,-39.8125,0.1875,6.98828125,-13.78125,3.91015625,-28.1875,-38.25,0.0,0,0,1622,1486,1035,1
2,177488,124,0.9414654988250374,0.9449140903958251,0.5831781975768303,-0.3631702627643666,-0.6945707571642201,-0.7487716299935911,-0.16397595141453292,0.03012176885280923,0.6193426313058871,0.8934293649098178,0.7133091219824824,0.6192815942869351,-0.2945341349528489,0.325968199713126,0.5256508072145757,0.26438184759056366,0.09375286111026337,-0.23630481887264626,0.220458984375,0.095947265625,0.036865234375,0.042236328125,0.063232421875,0.080078125,-0.55126953125,-0.7543870357371746,-0.12048707541123692,0.521927549058504,0.3794061098055971,1.204345703125,1.115234375,0.39990234375,0.033447265625,-0.078125,-0.02490234375,0.2796630859375,0.289306640625,0.5677490234375,0.9248634296700949,-0.4748680074465163,0.815698721274453,-0.3303933835871456,-0.07098605304116946,-0.010925626392406995,0.1185338908047731,0.4718771935178686,-0.7666859950560014,-0.9895016327402569,-28.375,-40.375,0.5625,6.37890625,-13.51171875,4.6796875,-27.625,-38.5,0.0,0,0,1116,1264,1005,1
2,177539,125,0.9501327555162206,0.9257789849543748,-0.08957182531205175,-0.6945707571642201,-0.7487716299935911,-0.7107760856959746,-0.22544022949919126,0.09488204596087527,0.8516190069277016,0.7133091219824824,0.6192815942869351,0.4173100985747856,-0.2153996398815882,0.3659474471266823,0.5164647358623005,0.09375286111026337,-0.23630481887264626,-0.5662404248176519,0.196044921875,0.073974609375,0.0341796875,0.063232421875,0.080078125,0.099853515625,-0.6435546875,-0.7650074770348216,-0.2562028870509964,0.5184484389782403,0.2834559160130619,1.199951171875,0.656005859375,0.367919921875,-0.010498046875,-0.0428466796875,-0.00146484375,-0.1666259765625,0.2860107421875,0.5947265625,0.9185155796990875,-0.4058351390118107,0.6788537247840816,-0.6119266335032197,-0.09262367625965148,0.02533036286507767,0.0859096041749321,0.7377239295632801,-0.7312540055543687,0.3763237403485214,-28.0625,-40.9375,0.9375,5.921875,-13.44140625,5.26171875,-27.0625,-38.6875,0.0,0,0,1134,1131,1688,1
2,177590,126,0.9669789727469711,0.9041413617358928,-0.3631702627643666,-0.7487716299935911,-0.7107760856959746,-0.7169713431196021,-0.22568437757499923,0.21997741630298775,0.8934293649098178,0.6192815942869351,0.4173100985747856,0.23877681814020205,-0.11844233527634511,0.36622211371196634,0.26438184759056366,-0.23630481887264626,-0.5662404248176519,-0.6549272133548998,0.1875,0.064208984375,0.042236328125,0.080078125,0.099853515625,0.13037109375,-0.9931640625,-0.7729117709891049,-0.3207495345927305,0.489059114352855,0.24607074190496536,1.238037109375,-0.234130859375,0.2734375,-0.183349609375,-0.0538330078125,0.0179443359375,-0.2635498046875,0.2872314453125,0.5589599609375,0.9258095034638508,-0.3575548570207831,0.598040711691641,-0.717276528214362,-0.060731833857234414,0.015778069399090548,0.05249183629871517,0.8653828547013764,0.44398327585680714,0.9942625202185126,-27.625,-41.6875,1.5625,6.96875,-13.328125,5.71875,-26.5,-38.9375,0.0,0,0,1721,1067,1997,1
2,177630,127,0.9687185277871029,0.7427289651173437,-0.6945707571642201,-0.7107760856959746,-0.7169713431196021,-0.67314676351207,-0.2478408154545732,0.3414410840174566,0.7133091219824824,0.4173100985747856,0.23877681814020205,0.2161015655995361,0.01327555162205878,0.576006347849971,0.09375286111026337,-0.5662404248176519,-0.6549272133548998,-0.7072359385967589,0.162353515625,0.043701171875,0.063232421875,0.099853515625,0.13037109375,0.14990234375,-0.635009765625,-0.7954954680013429,-0.3088473158970916,0.4449598681600391,0.271675771355327,1.254638671875,-0.5576171875,0.2607421875,-0.21875,-0.015869140625,0.0145263671875,-0.3175048828125,0.287109375,0.5247802734375,0.9315775017548142,-0.34589678640095217,0.641041291543321,-0.6851405377361369,-0.06704916531876583,0.008026367992187262,0.03939939573351237,0.7848445081942198,0.7155369731742302,-0.7211828974272897,-27.3125,-42.1875,1.9375,7.7109375,-13.109375,5.890625,-25.9375,-39.125,0.0,0,0,1857,1107,1139,1
2,177681,128,0.9338663899655141,0.5831781975768303,-0.7487716299935911,-0.7169713431196021,-0.67314676351207,-0.6156498916592914,-0.31232642597735527,0.6193426313058871,0.6192815942869351,0.23877681814020205,0.2161015655995361,0.2704550309762871,0.17423017059846796,0.5256508072145757,-0.23630481887264626,-0.6549272133548998,-0.7072359385967589,-0.7401654103213599,0.123779296875,0.036865234375,0.080078125,0.13037109375,0.14990234375,0.168701171875,-0.6064453125,-0.8275093844416639,-0.26651814325388345,0.3783074434644612,0.31791131321146276,1.28125,-0.374267578125,0.3173828125,-0.139892578125,0.07763671875,0.01171875,-0.4136962890625,0.2886962890625,0.48681640625,0.9378948332163457,-0.3420514542069765,0.727744376964629,-0.5944700460829493,-0.05984679708243049,-0.003173924985503708,0.02880947294534135,0.838038270210883,0.4075441755424665,0.8787804803613392,-26.9375,-42.6875,2.25,8.6484375,-12.94921875,5.91015625,-25.375,-39.25,0.0,0,0,1703,1080,1939,1
2,177734,129,0.9481490524002808,-0.08957182531205175,-0.7107760856959746,-0.67314676351207,-0.6156498916592914,-0.5771660512100589,-0.25461592455824456,0.8516190069277016,0.4173100985747856,0.2161015655995361,0.2704550309762871,0.25925473799859616,0.1901608325449385,0.5164647358623005,-0.5662404248176519,-0.7072359385967589,-0.7401654103213599,-0.7743766594439527,0.128662109375,0.0341796875,0.099853515625,0.14990234375,0.168701171875,0.19189453125,-0.75341796875,-0.847651600695822,-0.2685934018982513,0.32654805139316995,0.3205053865169225,1.325927734375,0.01513671875,0.3251953125,0.06640625,0.01953125,-0.00634765625,-0.4486083984375,0.2926025390625,0.4447021484375,0.9438154240546892,-0.31107516708883937,0.7467268898586993,-0.58790856654561,-0.05499435407574694,-0.005584887234107486,0.016144291512802514,0.8017517624439222,-0.2402417065950499,0.6224860377819147,-26.375,-43.25,2.75,10.01953125,-12.87890625,5.55078125,-24.8125,-39.4375,0.0,0,0,1379,1099,1811,1
2,177787,130,0.9467452009643849,-0.3631702627643666,-0.7169713431196021,-0.6156498916592914,-0.5771660512100589,-0.46562089907528914,-0.18774987029633472,0.8934293649098178,0.23877681814020205,0.2704550309762871,0.25925473799859616,0.260658589434492,0.26160466322824794,0.26438184759056366,-0.6549272133548998,-0.7401654103213599,-0.7743766594439527,-0.8457289345988342,0.12158203125,0.042236328125,0.13037109375,0.168701171875,0.19189453125,0.206787109375,-0.488037109375,-0.8671834467604602,-0.2871791741691336,0.28604998931852166,0.28934598834192937,1.334716796875,0.060302734375,0.33544921875,0.16552734375,0.0799560546875,0.0164794921875,-0.494384765625,0.29248046875,0.416015625,0.9462263863032929,-0.22998748741111485,0.7462996307260353,-0.6245918149357585,-0.05099642933439131,-0.003814813684499649,0.008575701162755212,0.8066957609790338,0.38169499801629686,-0.38441114535966064,-26.0,-43.6875,2.9375,10.71875,-12.6796875,5.0390625,-24.1875,-39.5625,0.0,0,0,1690,1096,1307,1
2,177833,131,0.9556871242408521,-0.6945707571642201,-0.67314676351207,-0.5771660512100589,-0.46562089907528914,-0.37461470381786555,-0.06323435163426619,0.7133091219824824,0.2161015655995361,0.25925473799859616,0.260658589434492,0.2764671773430586,0.28754539628284553,0.09375286111026337,-0.7072359385967589,-0.7743766594439527,-0.8457289345988342,-0.8850062562944426,0.11376953125,0.063232421875,0.14990234375,0.19189453125,0.206787109375,0.222900390625,-0.5244140625,-0.8891872920926542,-0.29523606067079683,0.24521622363963744,0.24906155583361309,1.341064453125,-0.10302734375,0.380126953125,0.19384765625,0.0721435546875,0.0240478515625,-0.5062255859375,0.2916259765625,0.36669921875,0.9509262367625965,-0.13187047944578387,0.7567674794763024,-0.6402478102969451,-0.04852443006683554,-0.001098666341135899,-0.0005798516800439467,0.8130130924405652,0.23957029938657795,0.26642658772545547,-25.4375,-44.125,3.1875,11.69140625,-12.23828125,4.1796875,-23.625,-39.6875,0.0,0,0,1619,1093,1633,1
2,177883,132,0.9449140903958251,-0.7487716299935911,-0.6156498916592914,-0.46562089907528914,-0.37461470381786555,-0.23456526383251441,0.03012176885280923,0.6192815942869351,0.2704550309762871,0.260658589434492,0.2764671773430586,0.29721976378673665,0.325968199713126,-0.23630481887264626,-0.7401654103213599,-0.8457289345988342,-0.8850062562944426,-0.9255348368785669,0.095947265625,0.080078125,0.168701171875,0.206787109375,0.222900390625,0.233154296875,-0.3291015625,-0.9085970641193885,-0.29850154118472855,0.2056642353587451,0.20752586443678092,1.322509765625,0.069580078125,0.320068359375,0.224365234375,0.034423828125,0.03173828125,-0.530029296875,0.2877197265625,0.3388671875,0.9528794213690603,-0.02694784386730552,0.7655568102053896,-0.6427808465834529,-0.046052430799279766,0.0013428144169438765,-0.006500442518387402,0.7957701345866268,0.31153294473097937,-0.5991698965422528,-25.0625,-44.375,3.375,11.96875,-11.828125,3.51953125,-23.0,-39.75,0.0,0,0,1655,1102,1200,1
2,177933,133,0.9257789849543748,-0.7107760856959746,-0.5771660512100589,-0.37461470381786555,-0.23456526383251441,-0.13855403302102726,0.09488204596087527,0.4173100985747856,0.25925473799859616,0.2764671773430586,0.29721976378673665,0.29508346812341685,0.3659474471266823,-0.5662404248176519,-0.7743766594439527,-0.8850062562944426,-0.9255348368785669,-0.945371868037965,0.073974609375,0.099853515625,0.19189453125,0.222900390625,0.233154296875,0.244384765625,-0.365234375,-0.9201635792107914,-0.30814539017914366,0.1793267616809595,0.16183965575121312,1.275390625,0.084716796875,0.22216796875,0.2412109375,0.0255126953125,0.0452880859375,-0.4908447265625,0.279296875,0.28955078125,0.956511123996704,0.06784264656514176,0.7541734061708426,-0.6531571398052919,-0.043488876003296,0.0043641468550675985,-0.013855403302102725,0.8020874660481582,0.1315042573320719,0.06002990813928648,-24.5625,-44.6875,3.5,12.171875,-10.98828125,2.44921875,-22.4375,-39.875,0.0,0,0,1565,1098,1530,1
2,177984,134,0.9041413617358928,-0.7169713431196021,-0.46562089907528914,-0.23456526383251441,-0.13855403302102726,-0.04251228370006409,0.21997741630298775,0.23877681814020205,0.260658589434492,0.29721976378673665,0.29508346812341685,0.2729270302438429,0.36622211371196634,-0.6549272133548998,-0.8457289345988342,-0.9255348368785669,-0.945371868037965,-0.9610889004181036,0.064208984375,0.13037109375,0.206787109375,0.233154296875,0.244384765625,0.253173828125,-0.28662109375,-0.924039429914243,-0.3216956083864864,0.16953032013916441,0.11789300210577715,1.23974609375,0.2001953125,0.146240234375,0.227783203125,-0.0087890625,0.0238037109375,-0.4139404296875,0.2735595703125,0.2620849609375,0.9584948271126438,0.1467635120700705,0.7250587481307413,-0.6728415784173101,-0.04089480269783624,0.006622516556291391,-0.016693624683370465,0.7871944334238716,0.10690633869441817,-0.522507400738548,-24.25,-44.875,3.5625,12.1484375,-10.4296875,1.828125,-21.8125,-39.9375,0.0,0,0,1553,1106,1238,1
2,178034,135,0.7427289651173437,-0.67314676351207,-0.37461470381786555,-0.13855403302102726,-0.04251228370006409,-0.03497421185949278,0.3414410840174566,0.2161015655995361,0.2764671773430586,0.29508346812341685,0.2729270302438429,0.2710043641468551,0.576006347849971,-0.7072359385967589,-0.8850062562944426,-0.945371868037965,-0.9610889004181036,-0.9619434186834315,0.043701171875,0.14990234375,0.222900390625,0.244384765625,0.253173828125,0.2724609375,-0.622802734375,-0.923581652272103,-0.336893826105533,0.16583758049256875,0.07727286599322489,1.178955078125,0.110595703125,0.12451171875,0.198974609375,-0.00732421875,0.0313720703125,-0.3009033203125,0.263916015625,0.1910400390625,0.9646900845362713,0.20163579210791344,0.6905423139133885,-0.6946012756736961,-0.0347911008026368,0.008239997558519242,-0.018005920590838345,0.8581804864650411,-0.15512558366649373,0.9987792596209601,-23.5,-45.5625,3.6875,12.26171875,-9.12109375,1.2109375,-21.25,-39.9375,0.0,0,0,1422,1070,1999,1
2,178084,136,0.5831781975768303,-0.6156498916592914,-0.23456526383251441,-0.04251228370006409,-0.03497421185949278,0.03204443494979705,0.6193426313058871,0.2704550309762871,0.29721976378673665,0.2729270302438429,0.2710043641468551,0.2468337046418653,0.5256508072145757,-0.7401654103213599,-0.9255348368785669,-0.9610889004181036,-0.9619434186834315,-0.9685354167302469,0.036865234375,0.168701171875,0.233154296875,0.253173828125,0.2724609375,0.2861328125,-0.447509765625,-0.9217505417035432,-0.3540452284310434,0.15295876949369794,0.04007080294198431,1.140380859375,0.12353515625,0.2548828125,0.128173828125,-0.0224609375,0.0452880859375,-0.26025390625,0.258056640625,0.157958984375,0.967528305917539,0.2629779961546678,0.6515091402935881,-0.7116306039613025,-0.030915250099185155,0.00881984923856319,-0.018860438856166267,0.8521073030793176,0.41682180242316963,0.9700308236945707,-23.0,-45.9375,3.75,12.171875,-8.3984375,1.05078125,-20.625,-40.0,0.0,0,0,1708,1073,1985,1
2,178135,137,-0.08957182531205175,-0.5771660512100589,-0.13855403302102726,-0.03497421185949278,0.03204443494979705,0.09830011902218695,0.8516190069277016,0.25925473799859616,0.29508346812341685,0.2710043641468551,0.2468337046418653,0.2534867397076327,0.5164647358623005,-0.7743766594439527,-0.945371868037965,-0.9619434186834315,-0.9685354167302469,-0.9623401593066194,0.0341796875,0.19189453125,0.244384765625,0.2724609375,0.2861328125,0.30322265625,-0.55615234375,-0.9256874294259468,-0.3608508560441908,0.11325418866542558,0.007263405255287332,1.1044921875,-0.09375,0.406982421875,0.029296875,0.0701904296875,0.0662841796875,-0.337890625,0.2523193359375,0.0872802734375,0.9746696371349224,0.33542893765068515,0.6372569963682974,-0.6938077944273202,-0.024872585222937713,0.008972441785943175,-0.020630512405774102,0.8758812219611194,0.2974333933530686,0.9991454817346721,-22.25,-46.4375,3.9375,12.390625,-7.19921875,0.921875,-20.0,-40.0,0.0,0,0,1648,1062,1999,1
2,178186,138,-0.3631702627643666,-0.46562089907528914,-0.04251228370006409,0.03204443494979705,0.09830011902218695,0.24314096499526963,0.8934293649098178,0.260658589434492,0.2729270302438429,0.2468337046418653,0.2534867397076327,0.2779931028168584,0.26438184759056366,-0.8457289345988342,-0.9610889004181036,-0.9685354167302469,-0.9623401593066194,-0.9293191320535905,0.042236328125,0.206787109375,0.253173828125,0.2861328125,0.30322265625,0.31494140625,-0.38037109375,-0.934446241645558,-0.35242774742881555,0.046235541856135744,-0.021271401104770042,1.08642578125,0.05517578125,0.490966796875,0.02978515625,0.1160888671875,0.066162109375,-0.5704345703125,0.24951171875,0.02294921875,0.9806817835016938,0.42677083651234476,0.6498306222724082,-0.6289254432813501,-0.020172734763634143,0.009125034333323161,-0.02218695638904996,0.8528092287972655,0.40598773155919066,0.9769280068361461,-21.8125,-46.75,4.0,12.66015625,-6.23046875,0.6484375,-19.4375,-40.0,0.0,0,0,1702,1073,1988,1
2,178236,139,-0.6945707571642201,-0.37461470381786555,-0.03497421185949278,0.09830011902218695,0.24314096499526963,0.3359782708212531,0.7133091219824824,0.2764671773430586,0.2710043641468551,0.2534867397076327,0.2779931028168584,0.2806176946317942,0.09375286111026337,-0.8850062562944426,-0.9619434186834315,-0.9623401593066194,-0.9293191320535905,-0.8991058076723533,0.063232421875,0.222900390625,0.2724609375,0.30322265625,0.31494140625,0.326171875,-0.3681640625,-0.9328592791528062,-0.3564256721701712,-0.015472884304330577,-0.04977568895535142,1.056396484375,0.036865234375,0.317626953125,0.050537109375,0.1082763671875,0.03955078125,-0.6309814453125,0.2451171875,-0.1231689453125,0.9908139286477249,0.49946592608417006,0.6436048463393048,-0.5799127170628986,-0.015167699209570605,0.008667256691183203,-0.02316354869228187,0.8717001861629078,0.36463515121921447,0.9987487411114842,-21.0,-47.125,4.0625,13.1015625,-4.078125,-0.609375,-18.8125,-40.0,0.0,0,0,1682,1064,1999,1
2,178289,140,-0.7487716299935911,-0.23456526383251441,0.03204443494979705,0.24314096499526963,0.3359782708212531,0.4147770622882778,0.6192815942869351,0.29721976378673665,0.2468337046418653,0.2779931028168584,0.2806176946317942,0.2730185857722709,-0.23630481887264626,-0.9255348368785669,-0.9685354167302469,-0.9293191320535905,-0.8991058076723533,-0.8680074465163121,0.080078125,0.233154296875,0.2861328125,0.31494140625,0.326171875,0.33203125,-0.1865234375,-0.9295937986388745,-0.358256782738731,-0.04751731925412763,-0.07238990447706534,1.037841796875,0.066650390625,0.1123046875,0.103759765625,0.1016845703125,0.0400390625,-0.551513671875,0.2427978515625,-0.202392578125,0.9945066682943206,0.5461897640919218,0.6325266273995178,-0.5491805780205695,-0.013031403546250802,0.008636738181707206,-0.02328562273018586,0.8328501235999634,0.4551835688344981,0.815668202764977,-20.5,-47.25,4.0625,13.109375,-2.80859375,-1.5,-18.25,-40.0,0.0,0,0,1727,1083,1907,1
2,178329,141,-0.7107760856959746,-0.13855403302102726,0.09830011902218695,0.3359782708212531,0.4147770622882778,0.44642475661488695,0.4173100985747856,0.29508346812341685,0.2534867397076327,0.2806176946317942,0.2730185857722709,0.25318155461287273,-0.5662404248176519,-0.945371868037965,-0.9623401593066194,-0.8991058076723533,-0.8680074465163121,-0.8582415234839931,0.099853515625,0.244384765625,0.30322265625,0.326171875,0.33203125,0.335693359375,-0.123046875,-0.924558244575335,-0.3664967802972503,-0.056672872096926785,-0.08771019623401594,1.03759765625,0.08642578125,0.082275390625,0.097412109375,0.0833740234375,0.0445556640625,-0.438232421875,0.2427978515625,-0.2823486328125,0.9968871120334483,0.5667897579882198,0.6133304849391156,-0.5500961333048494,-0.010925626392406995,0.008728293710135197,-0.024292733542893765,0.8532975249488814,0.2248603778191473,0.9894405957213049,-19.9375,-47.375,4.0625,13.2109375,-1.5703125,-2.23046875,-17.625,-40.0,0.0,0,0,1612,1073,1994,1
2,178380,142,-0.7169713431196021,-0.04251228370006409,0.24314096499526963,0.4147770622882778,0.44642475661488695,0.46571245460371713,0.23877681814020205,0.2729270302438429,0.2779931028168584,0.2730185857722709,0.25318155461287273,0.23551133762627033,-0.6549272133548998,-0.9610889004181036,-0.9293191320535905,-0.8680074465163121,-0.8582415234839931,-0.8530228583635975,0.13037109375,0.253173828125,0.31494140625,0.33203125,0.335693359375,0.33544921875,0.014892578125,-0.9178746910000916,-0.3757133701590014,-0.06820886867885373,-0.10818811609241005,1.0400390625,0.01708984375,0.11669921875,0.1201171875,0.0804443359375,0.0452880859375,-0.3553466796875,0.24365234375,-0.35791015625,0.9982909634693442,0.5932493057039094,0.5888851588488418,-0.5488753929258096,-0.011108737449262978,0.008392590105899229,-0.023194067201757866,0.8034302804651021,0.402050843836787,-0.4532914212469863,-19.125,-47.4375,4.0,13.21875,-0.30859375,-2.8203125,-17.0,-40.0,0.0,0,0,1701,1098,1273,1
2,178431,143,-0.67314676351207,-0.03497421185949278,0.3359782708212531,0.44642475661488695,0.46571245460371713,0.5305948057496872,0.2161015655995361,0.2710043641468551,0.2806176946317942,0.25318155461287273,0.23551133762627033,0.21234778893398845,-0.7072359385967589,-0.9619434186834315,-0.8991058076723533,-0.8582415234839931,-0.8530228583635975,-0.8205816827906125,0.14990234375,0.2724609375,0.326171875,0.335693359375,0.33544921875,0.3349609375,0.013671875,-0.9113742484817041,-0.37748344370860926,-0.09060945463423567,-0.13678395947141941,1.056396484375,0.073974609375,0.22802734375,0.117431640625,0.064208984375,0.05224609375,-0.3502197265625,0.245849609375,-0.423828125,0.9989318521683401,0.6403393658253731,0.56526383251442,-0.5200048829615161,-0.008453627124851223,0.008850367748039186,-0.024750511185033724,0.8058412427137058,-0.413190099795526,0.9211706900234993,-18.5625,-47.4375,3.9375,13.37109375,0.69140625,-3.05859375,-16.4375,-40.0,0.0,0,0,1293,1097,1960,1
2,178502,144,-0.6156498916592914,0.03204443494979705,0.4147770622882778,0.46571245460371713,0.5305948057496872,0.6193426313058871,0.2704550309762871,0.2468337046418653,0.2730185857722709,0.23551133762627033,0.21234778893398845,0.15692617572557757,-0.7401654103213599,-0.9685354167302469,-0.8680074465163121,-0.8530228583635975,-0.8205816827906125,-0.7692800683614612,0.168701171875,0.2861328125,0.33203125,0.33544921875,0.3349609375,0.32373046875,0.3603515625,-0.8873561815240943,-0.39210180974761194,-0.15390484328745385,-0.18753624073000275,1.076904296875,0.073486328125,0.444580078125,0.129150390625,0.0396728515625,0.036865234375,-0.4593505859375,0.2493896484375,-0.550537109375,0.999603259376812,0.7304910428174688,0.5105136265144811,-0.45359660634174626,-0.007660145878475295,0.007873775444807276,-0.02465895565660573,0.7806939909054842,0.24094363231299784,-0.8136539811395611,-17.4375,-47.3125,3.8125,13.23828125,2.75,-3.62890625,-15.8125,-40.0,0.0,0,0,1620,1109,1093,1
2,178536,145,-0.5771660512100589,0.09830011902218695,0.44642475661488695,0.5305948057496872,0.6193426313058871,0.7031769768364513,0.25925473799859616,0.2534867397076327,0.25318155461287273,0.21234778893398845,0.15692617572557757,0.1291543321024201,-0.7743766594439527,-0.9623401593066194,-0.8582415234839931,-0.8205816827906125,-0.7692800683614612,-0.6992095706045717,0.19189453125,0.30322265625,0.335693359375,0.3349609375,0.32373046875,0.323486328125,0.011962890625,-0.8783532212286752,-0.38868373668630024,-0.18176824243903927,-0.21063875240333263,1.088134765625,-0.10205078125,0.34228515625,0.0712890625,0.0831298828125,0.047607421875,-0.4969482421875,0.2509765625,-0.59375,0.99969481490524,0.7688833277382733,0.4946134830774865,-0.4051637318033387,-0.0036011841181676687,0.008239997558519242,-0.027161473433637503,0.8501846369823298,0.0030518509475997192,0.9948423718985565,-17.125,-47.25,3.8125,13.1796875,3.4296875,-3.8203125,-15.25,-40.0,0.0,0,0,1501,1074,1997,1
2,178583,146,-0.46562089907528914,0.24314096499526963,0.46571245460371713,0.6193426313058871,0.7031769768364513,0.7685171056245613,0.260658589434492,0.2779931028168584,0.23551133762627033,0.15692617572557757,0.1291543321024201,0.12894070253608814,-0.8457289345988342,-0.9293191320535905,-0.8530228583635975,-0.7692800683614612,-0.6992095706045717,-0.6266975920896023,0.206787109375,0.31494140625,0.33544921875,0.32373046875,0.323486328125,0.310546875,0.4189453125,-0.86870937223426,-0.3680837427900021,-0.2249214148380993,-0.2435071871089816,1.1259765625,-0.041259765625,0.36767578125,0.073486328125,0.05078125,0.042724609375,-0.4925537109375,0.256591796875,-0.7117919921875,0.999877925962096,0.8121280556657613,0.4921414838099307,-0.3134861293374432,-0.003204443494979705,0.009216589861751152,-0.027649769585253458,0.7834711752678,0.4915616321298868,-0.8140507217627491,-16.3125,-47.0,3.6875,12.87890625,5.3203125,-4.48046875,-14.625,-40.0,0.0,0,0,1745,1108,1092,1
2,178634,147,-0.37461470381786555,0.3359782708212531,0.5305948057496872,0.7031769768364513,0.7685171056245613,0.8440198980681783,0.2764671773430586,0.2806176946317942,0.21234778893398845,0.1291543321024201,0.12894070253608814,0.09170812097537157,-0.8850062562944426,-0.8991058076723533,-0.8205816827906125,-0.6992095706045717,-0.6266975920896023,-0.5284279915768914,0.222900390625,0.326171875,0.3349609375,0.323486328125,0.310546875,0.299560546875,0.356689453125,-0.8486892300180059,-0.359050263985107,-0.27469710379345075,-0.2744834742271188,1.15966796875,0.041015625,0.380859375,0.080078125,0.0843505859375,0.052490234375,-0.5389404296875,0.2615966796875,-0.7987060546875,0.999938962981048,0.8512222663045137,0.4749595629749443,-0.22321237830744348,0.0009155552842799158,0.009399700918607135,-0.03024384289071322,0.6916714987640004,-0.6471449934385205,-0.9470809045686208,-15.6875,-46.6875,3.6875,12.58984375,6.71875,-4.859375,-14.0,-40.0,0.0,0,0,1176,1154,1026,1
2,178685,148,-0.23456526383251441,0.4147770622882778,0.6193426313058871,0.7685171056245613,0.8440198980681783,0.8837549974059267,0.29721976378673665,0.2730185857722709,0.15692617572557757,0.12894070253608814,0.09170812097537157,0.036286507766960664,-0.9255348368785669,-0.8680074465163121,-0.7692800683614612,-0.6266975920896023,-0.5284279915768914,-0.4665669728690451,0.233154296875,0.33203125,0.32373046875,0.310546875,0.299560546875,0.27978515625,0.64111328125,-0.826197088534196,-0.36011841181676685,-0.3120517593920713,-0.30057679982909635,1.194091796875,0.17626953125,0.243408203125,0.132568359375,0.02001953125,0.0235595703125,-0.5079345703125,0.2669677734375,-0.89599609375,0.999969481490524,0.8782921842097232,0.44944608905301064,-0.163090914639729,0.0005188146610919523,0.009094515823847163,-0.032685323648792994,0.6642353587450789,-0.5836359752189703,-0.9448225348673971,-14.875,-46.1875,3.5625,11.80859375,8.4296875,-5.51953125,-13.4375,-40.0,0.0,0,0,1208,1167,1027,1
2,178738,149,-0.13855403302102726,0.44642475661488695,0.7031769768364513,0.8440198980681783,0.8837549974059267,0.9093295083468124,0.29508346812341685,0.25318155461287273,0.1291543321024201,0.09170812097537157,0.036286507766960664,-0.033661915952024904,-0.945371868037965,-0.8582415234839931,-0.6992095706045717,-0.5284279915768914,-0.4665669728690451,-0.4147160252693258,0.244384765625,0.335693359375,0.323486328125,0.299560546875,0.27978515625,0.26513671875,0.4775390625,-0.8087710196234016,-0.3663441877498703,-0.3273720511490219,-0.3233436078981903,1.20849609375,-0.2001953125,0.056396484375,0.14306640625,-0.0157470703125,0.025634765625,-0.3900146484375,0.26953125,-0.95068359375,0.999969481490524,0.9002349925229651,0.4140751365703299,-0.13452558977019563,0.0035401470992156743,0.008850367748039186,-0.0369884334849086,0.6489761040070803,-0.06494338816492203,-0.8745078890346996,-14.3125,-45.75,3.5,11.12109375,9.46875,-5.7890625,-12.8125,-40.0,0.0,0,0,1467,1175,1062,1
2,178786,150,-0.04251228370006409,0.46571245460371713,0.7685171056245613,0.8837549974059267,0.9093295083468124,0.9104586931974242,0.2729270302438429,0.23551133762627033,0.12894070253608814,0.036286507766960664,-0.033661915952024904,-0.07626575518051698,-0.9610889004181036,-0.8530228583635975,-0.6266975920896023,-0.4665669728690451,-0.4147160252693258,-0.4064760277108066,0.253173828125,0.33544921875,0.310546875,0.27978515625,0.26513671875,0.241455078125,0.7705078125,-0.8096560563982055,-0.34601886043885616,-0.32084109012115847,-0.3489791558580279,1.2109375,-0.271728515625,0.072509765625,0.08984375,-0.026611328125,0.0191650390625,-0.263671875,0.270751953125,-0.9903564453125,0.999969481490524,0.9125644703512681,0.3959166234321116,-0.10238959929197058,0.0007629627368999298,0.012024292733542894,-0.04135258033997619,0.4868923001800592,-0.7120273445844905,-0.9615771965697195,-13.625,-45.125,3.375,10.33984375,10.328125,-5.8515625,-12.25,-40.0,0.0,0,0,1143,1256,1019,1
2,178838,151,-0.03497421185949278,0.5305948057496872,0.8440198980681783,0.9093295083468124,0.9104586931974242,0.9251686147648549,0.2710043641468551,0.21234778893398845,0.09170812097537157,-0.033661915952024904,-0.07626575518051698,-0.12204351939451277,-0.9619434186834315,-0.8205816827906125,-0.5284279915768914,-0.4147160252693258,-0.4064760277108066,-0.35941648609881893,0.2724609375,0.3349609375,0.299560546875,0.26513671875,0.241455078125,0.225341796875,0.520263671875,-0.8100222785119174,-0.31818597979674673,-0.3191320535905026,-0.3751945554979095,1.221923828125,-0.101318359375,0.20166015625,0.09228515625,-0.03076171875,0.0125732421875,-0.239990234375,0.2728271484375,-1.0247802734375,0.999969481490524,0.923215430158391,0.38080996124149297,-0.05157628101443525,0.005279702139347514,0.015564439832758568,-0.04815820795312357,0.36356700338755454,-0.7239295632801294,-0.9492172002319407,-13.125,-44.625,3.3125,9.94921875,10.9609375,-5.76171875,-11.625,-40.0,0.0,0,0,1138,1318,1025,1
2,178889,152,0.03204443494979705,0.6193426313058871,0.8837549974059267,0.9104586931974242,0.9251686147648549,0.9274269844660786,0.2468337046418653,0.15692617572557757,0.036286507766960664,-0.07626575518051698,-0.12204351939451277,-0.20072023682363355,-0.9685354167302469,-0.7692800683614612,-0.4665669728690451,-0.4064760277108066,-0.35941648609881893,-0.315591906491287,0.2861328125,0.32373046875,0.27978515625,0.241455078125,0.225341796875,0.201416015625,0.780517578125,-0.8020569475386822,-0.2945646534623249,-0.33069856868190556,-0.40067751091036713,1.229248046875,-0.213134765625,0.213623046875,0.042236328125,-0.02734375,0.016845703125,-0.2750244140625,0.2745361328125,-1.058837890625,0.999969481490524,0.9314859462263863,0.36368907742545853,0.009979552598651083,0.004760887478255562,0.019653920102542192,-0.05642872402111881,0.1465804010132145,-0.7541123691518906,-0.9502853480636005,-12.5,-43.875,3.1875,9.359375,11.6484375,-5.66015625,-11.0,-40.0,0.0,0,0,1122,1426,1024,1
2,178929,153,0.09830011902218695,0.7031769768364513,0.9093295083468124,0.9251686147648549,0.9274269844660786,0.9255348368785669,0.2534867397076327,0.1291543321024201,-0.033661915952024904,-0.12204351939451277,-0.20072023682363355,-0.26895962401196327,-0.9623401593066194,-0.6992095706045717,-0.4147160252693258,-0.35941648609881893,-0.315591906491287,-0.26651814325388345,0.30322265625,0.323486328125,0.26513671875,0.225341796875,0.201416015625,0.186767578125,0.47412109375,-0.8038270210882901,-0.25708792382580037,-0.3294778283028657,-0.4232917264320811,1.228759765625,-0.43994140625,0.033447265625,0.031982421875,-0.0233154296875,0.0146484375,-0.321044921875,0.27490234375,-1.0780029296875,1.0,0.9325846125675222,0.3539841914120914,0.07058931241798151,0.014069032868434707,0.024292733542893765,-0.06769005401776178,0.36695455793939025,-0.5278786584063234,-0.9218115787224952,-12.0625,-43.3125,3.125,8.69140625,12.12890625,-5.69921875,-10.4375,-40.0,0.0,0,0,1236,1316,1039,1
2,178981,154,0.24314096499526963,0.7685171056245613,0.9104586931974242,0.9274269844660786,0.9255348368785669,0.9045991393780328,0.2779931028168584,0.12894070253608814,-0.07626575518051698,-0.20072023682363355,-0.26895962401196327,-0.32517471846675006,-0.9293191320535905,-0.6266975920896023,-0.4064760277108066,-0.315591906491287,-0.26651814325388345,-0.27558214056825464,0.31494140625,0.310546875,0.241455078125,0.201416015625,0.186767578125,0.1748046875,0.388427734375,-0.8208563493758965,-0.19360942411572618,-0.29645680104983674,-0.44816431165501874,1.2265625,-0.647705078125,-0.091552734375,-0.011962890625,-0.0291748046875,0.0079345703125,-0.26904296875,0.2750244140625,-1.0882568359375,1.0,0.9316995757927183,0.34168523209326457,0.12326425977355265,0.015900143436994536,0.03662221137119663,-0.076052125614185,0.39750358592486346,-0.511154515213477,-0.9209265419476913,-11.6875,-42.8125,3.0625,8.05078125,12.46875,-5.828125,-9.8125,-40.0,0.0,0,0,1244,1301,1039,1
2,179031,155,0.3359782708212531,0.8440198980681783,0.9251686147648549,0.9255348368785669,0.9045991393780328,0.826044495986816,0.2806176946317942,0.09170812097537157,-0.12204351939451277,-0.26895962401196327,-0.32517471846675006,-0.3932615131076998,-0.8991058076723533,-0.5284279915768914,-0.35941648609881893,-0.26651814325388345,-0.27558214056825464,-0.40375988036744287,0.326171875,0.299560546875,0.225341796875,0.186767578125,0.1748046875,0.156494140625,0.60107421875,-0.8448133793145542,-0.11548203985717338,-0.23300881984923857,-0.46760460219122896,1.22412109375,-0.62744140625,-0.175048828125,-0.0595703125,-0.0361328125,0.0020751953125,-0.09716796875,0.2750244140625,-1.095703125,1.0,0.9320352793969543,0.3295999023407697,0.15054780724509415,0.018890957365642263,0.05261391033661916,-0.09494308297982726,0.7161168248542741,-0.11606189153721733,-0.9000823999755851,-11.125,-41.9375,3.0625,7.4609375,12.76171875,-5.8984375,-9.25,-40.0,0.0,0,0,1441,1141,1049,1
2,179081,156,0.4147770622882778,0.8837549974059267,0.9274269844660786,0.9045991393780328,0.826044495986816,0.7548448133793145,0.2730185857722709,0.036286507766960664,-0.20072023682363355,-0.32517471846675006,-0.3932615131076998,-0.4315317239906003,-0.8680074465163121,-0.4665669728690451,-0.315591906491287,-0.27558214056825464,-0.40375988036744287,-0.49397259437849056,0.33203125,0.27978515625,0.201416015625,0.1748046875,0.156494140625,0.152099609375,0.14306640625,-0.859218115787225,-0.04199346903897214,-0.1784722434156316,-0.4776451918088321,1.220703125,-0.507568359375,-0.076416015625,-0.030029296875,-0.03466796875,-0.0020751953125,-0.1094970703125,0.2745361328125,-1.1004638671875,1.0,0.9296853541673025,0.32001709036530657,0.18243964964751122,0.013183996093630787,0.06857509079256568,-0.1032746360667745,0.771904660176397,0.09378337961973937,-0.6557206946012757,-10.75,-41.375,3.0,7.4296875,12.8515625,-5.609375,-8.625,-40.0,0.0,0,0,1546,1114,1172,1
2,179142,157,0.44642475661488695,0.9093295083468124,0.9255348368785669,0.826044495986816,0.7548448133793145,0.6068605609302041,0.25318155461287273,-0.033661915952024904,-0.26895962401196327,-0.3932615131076998,-0.4315317239906003,-0.511185033722953,-0.8582415234839931,-0.4147160252693258,-0.26651814325388345,-0.40375988036744287,-0.49397259437849056,-0.608630634479812,0.335693359375,0.26513671875,0.186767578125,0.156494140625,0.152099609375,0.146484375,0.18115234375,-0.8620868556779687,0.01532029175695059,-0.1466109195226905,-0.4848170415356914,1.21044921875,-0.180908203125,0.095703125,0.0498046875,-0.0408935546875,-0.00634765625,-0.09375,0.2728271484375,-1.1015625,0.999969481490524,0.9254432813501389,0.3072603534043397,0.2217474898525956,0.004089480269783624,0.06622516556291391,-0.1217078157902768,0.684865871150853,-0.7206335642567216,-0.9524826807458724,-10.25,-40.5,3.0625,7.16015625,12.9609375,-5.328125,-8.0,-40.0,0.0,0,0,1139,1157,1023,1
2,179183,158,0.46571245460371713,0.9104586931974242,0.9045991393780328,0.7548448133793145,0.6068605609302041,0.5143589587084567,0.23551133762627033,-0.07626575518051698,-0.32517471846675006,-0.4315317239906003,-0.511185033722953,-0.6173589281899472,-0.8530228583635975,-0.4064760277108066,-0.27558214056825464,-0.49397259437849056,-0.608630634479812,-0.5952330088198492,0.33544921875,0.241455078125,0.1748046875,0.152099609375,0.146484375,0.152099609375,-0.183837890625,-0.8556779686880093,0.03378398998992889,-0.1564378795739616,-0.4921414838099307,1.198974609375,0.0263671875,0.252197265625,0.092041015625,-0.0357666015625,-0.0047607421875,-0.126708984375,0.2711181640625,-1.09765625,0.999969481490524,0.9195837275307474,0.29282509842219306,0.2620014038514359,-0.005096591082491531,0.0565507980590228,-0.12756736960966827,0.7490462965788751,-0.6946012756736961,0.5345011749626148,-9.9375,-39.9375,3.0625,6.98046875,12.96875,-5.1015625,-7.4375,-40.0,0.0,0,0,1152,1125,1767,1
2,179234,159,0.5305948057496872,0.9251686147648549,0.826044495986816,0.6068605609302041,0.5143589587084567,0.35300759910885954,0.21234778893398845,-0.12204351939451277,-0.3932615131076998,-0.511185033722953,-0.6173589281899472,-0.7218543046357616,-0.8205816827906125,-0.35941648609881893,-0.40375988036744287,-0.608630634479812,-0.5952330088198492,-0.5952635273293252,0.3349609375,0.225341796875,0.156494140625,0.146484375,0.152099609375,0.161376953125,-0.30322265625,-0.8408459730826746,0.05465865047151097,-0.1870479445783868,-0.5049897762993255,1.185791015625,-0.076171875,0.277099609375,0.077880859375,-0.018310546875,0.0068359375,-0.2655029296875,0.2686767578125,-1.0914306640625,0.999969481490524,0.9042634357737968,0.2661519211401715,0.3339335306863613,-0.014435254982146673,0.031159398174993132,-0.1217383342997528,0.7248756370738854,-0.6968901638843958,-0.5037385174108097,-9.4375,-39.0625,3.125,6.5703125,13.01171875,-5.01953125,-6.8125,-40.0,0.0,0,0,1151,1137,1248,1
2,179286,160,0.6193426313058871,0.9274269844660786,0.7548448133793145,0.5143589587084567,0.35300759910885954,0.206518753624073,0.15692617572557757,-0.20072023682363355,-0.4315317239906003,-0.6173589281899472,-0.7218543046357616,-0.7457197790459914,-0.7692800683614612,-0.315591906491287,-0.49397259437849056,-0.5952330088198492,-0.5952635273293252,-0.6334727011932737,0.32373046875,0.201416015625,0.152099609375,0.152099609375,0.161376953125,0.177978515625,-0.540771484375,-0.8246101260414441,0.0956144901882992,-0.20038453321939756,-0.5203405865657521,1.179931640625,-0.2431640625,0.14453125,0.069580078125,0.0450439453125,0.0159912109375,-0.309814453125,0.267333984375,-1.077880859375,0.999969481490524,0.8847315897091586,0.22263252662739952,0.40946684163945435,-0.024811548203985716,0.030030213324381237,-0.10037537766655477,0.8373058259834589,0.11276589251380963,0.9751579332865383,-9.0,-38.1875,3.25,6.05078125,12.96875,-5.51953125,-6.25,-40.0,0.0,0,0,1556,1081,1987,1
2,179337,161,0.7031769768364513,0.9255348368785669,0.6068605609302041,0.35300759910885954,0.206518753624073,0.13013092440565202,0.1291543321024201,-0.26895962401196327,-0.511185033722953,-0.7218543046357616,-0.7457197790459914,-0.7400128177739799,-0.6992095706045717,-0.26651814325388345,-0.608630634479812,-0.5952635273293252,-0.6334727011932737,-0.6598712118900113,0.323486328125,0.186767578125,0.146484375,0.161376953125,0.177978515625,0.19677734375,-0.60791015625,-0.8132572405163732,0.13238929410687583,-0.19721060823389386,-0.5312356944486831,1.183349609375,-0.242919921875,0.029296875,0.021484375,0.018310546875,0.02490234375,-0.2867431640625,0.2674560546875,-1.072021484375,0.999969481490524,0.8717307046723838,0.18286690878017517,0.4545731986449782,-0.023834955900753806,0.01858577227088229,-0.08767967772453994,0.8406323435163426,-0.13098544267097995,0.9924314096499527,-8.75,-37.5625,3.25,5.76171875,12.96875,-5.94140625,-5.625,-40.0,0.0,0,0,1434,1079,1996,1
2,179387,162,0.7685171056245613,0.9045991393780328,0.5143589587084567,0.206518753624073,0.13013092440565202,0.07345805230872524,0.12894070253608814,-0.32517471846675006,-0.6173589281899472,-0.7457197790459914,-0.7400128177739799,-0.7433088167973876,-0.6266975920896023,-0.27558214056825464,-0.5952330088198492,-0.6334727011932737,-0.6598712118900113,-0.6649067659535508,0.310546875,0.1748046875,0.152099609375,0.177978515625,0.19677734375,0.216796875,-0.6474609375,-0.8086794640949736,0.15262306588946195,-0.19367046113467817,-0.5341044343394269,1.18505859375,-0.01220703125,0.04052734375,-0.001220703125,0.0966796875,0.0335693359375,-0.228759765625,0.2674560546875,-1.068603515625,0.999969481490524,0.8635212256233405,0.1672109134189886,0.47578356273079625,-0.025696584978789638,0.01565599536118656,-0.07547227393414106,0.814203314310129,-0.6934415723136083,0.9946592608417005,-8.5,-37.0,3.3125,5.55078125,12.98046875,-6.171875,-5.0,-40.0,0.0,0,0,1153,1092,1997,1
2,179438,163,0.8440198980681783,0.826044495986816,0.35300759910885954,0.13013092440565202,0.07345805230872524,-0.0061037018951994385,0.09170812097537157,-0.3932615131076998,-0.7218543046357616,-0.7400128177739799,-0.7433088167973876,-0.7463301492355113,-0.5284279915768914,-0.40375988036744287,-0.5952635273293252,-0.6598712118900113,-0.6649067659535508,-0.6655476546525467,0.299560546875,0.156494140625,0.161376953125,0.19677734375,0.216796875,0.245361328125,-0.93408203125,-0.8067262794885098,0.16006958220160528,-0.206549272133549,-0.5300149540696433,1.19580078125,0.02392578125,0.12744140625,-0.03955078125,0.1097412109375,0.035400390625,-0.2215576171875,0.26806640625,-1.07861328125,0.999969481490524,0.8471633045442061,0.17557298501541185,0.5014801477095858,-0.02328562273018586,0.005035554063539537,-0.059297463911862545,0.8606219672231208,-0.15582750938444168,0.9990539262062441,-8.125,-36.125,3.4375,5.0390625,13.23828125,-6.3984375,-4.4375,-40.0,0.0,0,0,1422,1069,1999,1
2,179488,164,0.8837549974059267,0.7548448133793145,0.206518753624073,0.07345805230872524,-0.0061037018951994385,-0.012024292733542894,0.036286507766960664,-0.4315317239906003,-0.7457197790459914,-0.7433088167973876,-0.7463301492355113,-0.7438886684774315,-0.4665669728690451,-0.49397259437849056,-0.6334727011932737,-0.6649067659535508,-0.6655476546525467,-0.6681722464674825,0.27978515625,0.152099609375,0.177978515625,0.216796875,0.245361328125,0.27099609375,-0.831787109375,-0.8050782799768059,0.18085268715475936,-0.21366008484145635,-0.5229346598712119,1.201904296875,-0.1005859375,0.130126953125,-0.073974609375,0.12109375,0.042724609375,-0.2386474609375,0.26806640625,-1.0816650390625,0.999969481490524,0.8250373851741081,0.17883846552934354,0.5360271004364147,-0.02044740134891812,0.002685628833887753,-0.050935392315439317,0.8553727835932493,-0.20090334788048952,0.9986571855830562,-7.875,-35.5,3.5625,4.609375,13.37890625,-6.62109375,-3.8125,-40.0,0.0,0,0,1399,1072,1999,1
2,179539,165,0.9093295083468124,0.6068605609302041,0.13013092440565202,-0.0061037018951994385,-0.012024292733542894,-0.030274361400189215,-0.033661915952024904,-0.511185033722953,-0.7400128177739799,-0.7463301492355113,-0.7438886684774315,-0.7259132663960692,-0.4147160252693258,-0.608630634479812,-0.6598712118900113,-0.6655476546525467,-0.6681722464674825,-0.6871242408520768,0.26513671875,0.146484375,0.19677734375,0.245361328125,0.27099609375,0.30517578125,-1.1064453125,-0.8000122074037904,0.21115756706442457,-0.22782067323831903,-0.5133213293862727,1.20703125,-0.076904296875,0.236083984375,-0.055908203125,0.106201171875,0.009033203125,-0.224365234375,0.2681884765625,-1.079345703125,0.999969481490524,0.7876522110660116,0.17691579943235572,0.5901669362468337,-0.01574755088961455,-0.002563554795983764,-0.041474654377880185,0.8549760429700614,-0.2555314798425245,0.9988708151493881,-7.625,-34.5,3.6875,3.98046875,13.48828125,-6.9609375,-3.25,-40.0,0.0,0,0,1372,1072,1999,1
2,179590,166,0.9104586931974242,0.5143589587084567,0.07345805230872524,-0.012024292733542894,-0.030274361400189215,0.010284737693411055,-0.07626575518051698,-0.6173589281899472,-0.7433088167973876,-0.7438886684774315,-0.7259132663960692,-0.7260658589434492,-0.4064760277108066,-0.5952330088198492,-0.6649067659535508,-0.6681722464674825,-0.6871242408520768,-0.6875514999847407,0.241455078125,0.152099609375,0.216796875,0.27099609375,0.30517578125,0.33203125,-0.87744140625,-0.7878963591418195,0.24417859431745353,-0.2584917752616962,-0.5027619251075778,1.204833984375,-0.087158203125,0.35107421875,-0.0146484375,0.131103515625,0.0235595703125,-0.3382568359375,0.267578125,-1.066162109375,0.999969481490524,0.728019043549913,0.16895046845912046,0.6644184698019349,-0.011383404034546954,-0.003814813684499649,-0.037476729636524556,0.8360545670949431,-0.5406659138767662,0.9979857783745841,-7.4375,-33.875,3.6875,3.6015625,13.3984375,-7.26953125,-2.625,-40.0,0.0,0,0,1229,1081,1998,1
2,179630,167,0.9251686147648549,0.35300759910885954,-0.0061037018951994385,-0.030274361400189215,0.010284737693411055,0.0358592486342967,-0.12204351939451277,-0.7218543046357616,-0.7463301492355113,-0.7259132663960692,-0.7260658589434492,-0.7225562303537095,-0.35941648609881893,-0.5952635273293252,-0.6655476546525467,-0.6871242408520768,-0.6875514999847407,-0.6903897213660085,0.225341796875,0.161376953125,0.245361328125,0.30517578125,0.33203125,0.36083984375,-0.931396484375,-0.7737662892544328,0.27420880764183475,-0.28278450880459,-0.49610889004181036,1.204345703125,-0.134033203125,0.34765625,0.01953125,0.1402587890625,0.0283203125,-0.4100341796875,0.267333984375,-1.043212890625,0.999969481490524,0.673207800531022,0.1501205481124302,0.7240516373180333,-0.007293923764763329,-0.007080294198431349,-0.033295693838312934,0.8466750083925901,-0.38419751579332867,0.9984740745262002,-7.3125,-33.25,3.75,3.12109375,13.19921875,-7.8203125,-2.0,-40.0,0.0,0,0,1307,1076,1999,1
2,179682,168,0.9274269844660786,0.206518753624073,-0.012024292733542894,0.010284737693411055,0.0358592486342967,0.050813318277535324,-0.20072023682363355,-0.7457197790459914,-0.7438886684774315,-0.7260658589434492,-0.7225562303537095,-0.6978057191686758,-0.315591906491287,-0.6334727011932737,-0.6681722464674825,-0.6875514999847407,-0.6903897213660085,-0.7144993438520463,0.201416015625,0.177978515625,0.27099609375,0.33203125,0.36083984375,0.396728515625,-1.168212890625,-0.7559739982299265,0.3109530930509354,-0.30133976256599626,-0.4909207434308908,1.196044921875,-0.156494140625,0.17578125,-0.0400390625,0.1202392578125,0.02783203125,-0.3648681640625,0.2659912109375,-0.9896240234375,0.99984740745262,0.6146732993560594,0.11496322519608142,0.7803582873012482,-0.0050050355540635395,-0.006317331461531419,-0.028839991454817346,0.8607440412610248,-0.08691671498764,0.9988097781304361,-7.1875,-32.3125,3.75,2.37890625,12.6484375,-8.71875,-1.4375,-40.0,0.0,0,0,1456,1069,1999,1
2,179735,169,0.9255348368785669,0.13013092440565202,-0.030274361400189215,0.0358592486342967,0.050813318277535324,0.041016876735740226,-0.26895962401196327,-0.7400128177739799,-0.7259132663960692,-0.7225562303537095,-0.6978057191686758,-0.6784264656514176,-0.26651814325388345,-0.6598712118900113,-0.6871242408520768,-0.6903897213660085,-0.7144993438520463,-0.7335428937650685,0.186767578125,0.19677734375,0.30517578125,0.36083984375,0.396728515625,0.432861328125,-1.17431640625,-0.7466963713492233,0.33494064149906916,-0.3023773918881802,-0.48869289223914303,1.194091796875,-0.077392578125,0.090576171875,-0.033935546875,0.1104736328125,0.030029296875,-0.29638671875,0.2662353515625,-0.951416015625,0.999725333414716,0.5890072328867458,0.08563493758964812,0.8035828730124821,-0.0037537766655476546,-0.007324442274239326,-0.02465895565660573,0.8298593096713156,-0.5993224890896328,0.9974364452040162,-7.0625,-31.375,3.6875,1.859375,12.26171875,-9.33984375,-0.8125,-40.0,0.0,0,0,1200,1085,1998,1
2,179786,170,0.9045991393780328,0.07345805230872524,0.010284737693411055,0.050813318277535324,0.041016876735740226,0.034943693350016784,-0.32517471846675006,-0.7433088167973876,-0.7260658589434492,-0.6978057191686758,-0.6784264656514176,-0.6818140202032533,-0.27558214056825464,-0.6649067659535508,-0.6875514999847407,-0.7144993438520463,-0.7335428937650685,-0.7306741538743248,0.1748046875,0.216796875,0.33203125,0.396728515625,0.432861328125,0.460693359375,-0.907470703125,-0.7461470381786554,0.34403515732291634,-0.2968535416730247,-0.4866176335947752,1.19384765625,0.010986328125,-0.079345703125,-0.031982421875,0.11669921875,0.014892578125,-0.239990234375,0.2666015625,-0.933349609375,0.999664296395764,0.586657307657094,0.07559434797204505,0.8062990203558458,-0.0035401470992156743,-0.007507553331095309,-0.022431104464857937,0.8176213873714407,-0.716391491439558,0.9966124454481643,-7.0,-30.8125,3.625,1.6015625,12.078125,-9.609375,-0.25,-40.0,0.0,0,0,1141,1091,1998,1
2,179839,171,0.826044495986816,-0.0061037018951994385,0.0358592486342967,0.041016876735740226,0.034943693350016784,0.0018005920590838343,-0.3932615131076998,-0.7463301492355113,-0.7225562303537095,-0.6784264656514176,-0.6818140202032533,-0.6795861690115055,-0.40375988036744287,-0.6655476546525467,-0.6903897213660085,-0.7335428937650685,-0.7306741538743248,-0.7336039307840205,0.156494140625,0.245361328125,0.36083984375,0.432861328125,0.460693359375,0.496826171875,-1.173095703125,-0.7467268898586993,0.34943693350016786,-0.2861415448469497,-0.4882656331064791,1.19775390625,-0.17431640625,-0.069580078125,-0.032958984375,0.10888671875,0.019775390625,-0.147705078125,0.2679443359375,-0.92138671875,0.999572740867336,0.5969725638599811,0.06097598193304239,0.7999511703848384,-0.0033875545518356883,-0.008087405011139257,-0.019165623950926237,0.8718222602008118,0.1729178746910001,0.9990844447157201,-7.0,-30.0,3.5,1.37109375,11.98046875,-9.8515625,0.375,-40.0,0.0,0,0,1586,1064,1999,1
2,179886,172,0.7548448133793145,-0.012024292733542894,0.050813318277535324,0.034943693350016784,0.0018005920590838343,-0.0003967406231879635,-0.4315317239906003,-0.7438886684774315,-0.6978057191686758,-0.6818140202032533,-0.6795861690115055,-0.6490066225165563,-0.49397259437849056,-0.6681722464674825,-0.7144993438520463,-0.7306741538743248,-0.7336039307840205,-0.760765404217658,0.152099609375,0.27099609375,0.396728515625,0.460693359375,0.496826171875,0.525146484375,-0.916748046875,-0.7350688192388684,0.3748588518936735,-0.2738731040375988,-0.49412518692587054,1.19775390625,-0.20458984375,0.173095703125,-0.00341796875,0.1094970703125,-0.002685546875,-0.101806640625,0.2685546875,-0.920654296875,0.999572740867336,0.5902890102847377,0.010254219183935057,0.8071230201116978,-0.0030823694570757164,-0.007110812707907346,-0.017883846552934356,0.8400219733268227,-0.4576860866115299,0.9979247413556321,-6.9375,-29.4375,3.4375,1.26171875,12.0,-9.83984375,1.0,-40.0,0.0,0,0,1271,1079,1998,1
2,179937,173,0.6068605609302041,-0.030274361400189215,0.041016876735740226,0.0018005920590838343,-0.0003967406231879635,0.012787255470442824,-0.511185033722953,-0.7259132663960692,-0.6784264656514176,-0.6795861690115055,-0.6490066225165563,-0.6095156712546159,-0.608630634479812,-0.6871242408520768,-0.7335428937650685,-0.7336039307840205,-0.760765404217658,-0.7926572466200751,0.146484375,0.30517578125,0.432861328125,0.496826171875,0.525146484375,0.561279296875,-1.174560546875,-0.7124240852076784,0.4109012115848262,-0.2795495468001343,-0.49546800134281443,1.185546875,-0.160400390625,0.21875,0.074951171875,0.1092529296875,0.0264892578125,-0.146728515625,0.2679443359375,-0.906982421875,0.99954222235786,0.5458235419782098,-0.053529465620899074,0.8361766411328471,-0.0019531846064638203,-0.006378368480483413,-0.015930661946470536,0.8764000366222113,0.1990417188024537,0.9994201483199561,-6.9375,-28.5625,3.25,1.12109375,11.859375,-9.78125,1.5625,-40.0,0.0,0,0,1599,1061,1999,1
2,179988,174,0.5143589587084567,0.010284737693411055,0.034943693350016784,-0.0003967406231879635,0.012787255470442824,0.06598101748710593,-0.6173589281899472,-0.7260658589434492,-0.6818140202032533,-0.6490066225165563,-0.6095156712546159,-0.5803704947050387,-0.5952330088198492,-0.6875514999847407,-0.7306741538743248,-0.760765404217658,-0.7926572466200751,-0.8116702780236213,0.152099609375,0.33203125,0.460693359375,0.525146484375,0.561279296875,0.589111328125,-0.9111328125,-0.6811120944853053,0.4499649037141026,-0.30417798394726403,-0.4910122989593188,1.168701171875,-0.147216796875,0.369384765625,0.08935546875,0.11865234375,0.022705078125,-0.2733154296875,0.2662353515625,-0.8817138671875,0.9994506668294321,0.4630878627887814,-0.11514633625293741,0.8788109988708152,-0.000640888698995941,-0.005523850215155492,-0.015045625171666617,0.8581499679555651,-0.18243964964751122,0.9989318521683401,-6.875,-28.0625,3.1875,1.109375,11.53125,-9.828125,2.1875,-40.0,0.0,0,0,1408,1070,1999,1
2,180038,175,0.35300759910885954,0.0358592486342967,0.0018005920590838343,0.012787255470442824,0.06598101748710593,0.12140263069551684,-0.7218543046357616,-0.7225562303537095,-0.6795861690115055,-0.6095156712546159,-0.5803704947050387,-0.5579393902401807,-0.5952635273293252,-0.6903897213660085,-0.7336039307840205,-0.7926572466200751,-0.8116702780236213,-0.8209479049043245,0.161376953125,0.36083984375,0.496826171875,0.561279296875,0.589111328125,0.62255859375,-1.086181640625,-0.6465956602679526,0.4868007446516312,-0.3379314554277169,-0.4803308206427198,1.12744140625,-0.071533203125,0.357177734375,0.116943359375,0.1295166015625,0.0306396484375,-0.3680419921875,0.2618408203125,-0.80859375,0.9990539262062441,0.358714560380871,-0.16788232062746056,0.9182409131138035,0.0006714072084719382,-0.005127109591967528,-0.013428144169438765,0.8656270027771844,-0.0510574663533433,0.9992065187536241,-6.8125,-27.3125,3.0,1.33984375,10.5,-10.140625,2.75,-40.0,0.0,0,0,1474,1067,1999,1
2,180100,176,0.206518753624073,0.050813318277535324,-0.0003967406231879635,0.06598101748710593,0.12140263069551684,0.17743461409344768,-0.7457197790459914,-0.6978057191686758,-0.6490066225165563,-0.5803704947050387,-0.5579393902401807,-0.5442365794854579,-0.6334727011932737,-0.7144993438520463,-0.760765404217658,-0.8116702780236213,-0.8209479049043245,-0.8199713126010926,0.177978515625,0.396728515625,0.525146484375,0.589111328125,0.62255859375,0.6533203125,-0.9951171875,-0.60872219000824,0.5180516983550524,-0.3757438886684774,-0.46894741660817285,1.07080078125,-0.0771484375,0.1357421875,0.053466796875,0.1124267578125,0.025634765625,-0.3792724609375,0.255859375,-0.710693359375,0.9983214819788202,0.24420911282692953,-0.21280556657612842,0.9460737937559129,0.0016174810022278512,-0.004547257911923582,-0.01229895931882687,0.8658101138340404,-0.02023377178258614,0.9991454817346721,-6.75,-26.625,2.8125,1.578125,9.12890625,-10.390625,3.375,-40.0,0.0,0,0,1489,1067,1999,1
2,180140,177,0.13013092440565202,0.041016876735740226,0.012787255470442824,0.12140263069551684,0.17743461409344768,0.19507431257057406,-0.7400128177739799,-0.6784264656514176,-0.6095156712546159,-0.5579393902401807,-0.5442365794854579,-0.5460982085634938,-0.6598712118900113,-0.7335428937650685,-0.7926572466200751,-0.8209479049043245,-0.8199713126010926,-0.8146916104617451,0.19677734375,0.432861328125,0.561279296875,0.62255859375,0.6533203125,0.676513671875,-0.758056640625,-0.5929746391186255,0.5297402874843593,-0.3883175145725883,-0.4658040101321451,1.03662109375,-0.008056640625,0.0869140625,0.019287109375,0.1162109375,0.056640625,-0.366455078125,0.2523193359375,-0.65478515625,0.9977721488082522,0.20178838465529345,-0.2326731162450026,0.9513840144047365,0.001892147587511826,-0.004608294930875576,-0.011261329996642965,0.836695455793939,-0.5405438398388622,0.9981688894314402,-6.6875,-26.25,2.6875,1.69921875,8.3515625,-10.44140625,4.0,-40.0,0.0,0,0,1229,1081,1999,1
2,180195,178,0.07345805230872524,0.034943693350016784,0.06598101748710593,0.17743461409344768,0.19507431257057406,0.19504379406109806,-0.7433088167973876,-0.6818140202032533,-0.5803704947050387,-0.5442365794854579,-0.5460982085634938,-0.564409314249092,-0.6649067659535508,-0.7306741538743248,-0.8116702780236213,-0.8199713126010926,-0.8146916104617451,-0.8021179845576342,0.216796875,0.460693359375,0.589111328125,0.6533203125,0.676513671875,0.69921875,-0.736328125,-0.5906247138889736,0.5296182134464553,-0.3956419568468276,-0.46275215918454543,1.008056640625,0.0908203125,0.049560546875,0.0087890625,0.1124267578125,0.0279541015625,-0.2396240234375,0.24951171875,-0.6109619140625,0.9973143711661122,0.18744468520157476,-0.22791222876674702,0.9554734946745201,0.0018311105685598315,-0.004638813440351573,-0.010589922788171027,0.8196356089968566,-0.7242652668843653,0.9974059266945402,-6.5625,-25.875,2.5625,1.75,7.75,-10.421875,4.5625,-40.0,0.0,0,0,1137,1090,1998,1
2,180231,179,-0.0061037018951994385,0.0018005920590838343,0.12140263069551684,0.19507431257057406,0.19504379406109806,0.18878749961851862,-0.7463301492355113,-0.6795861690115055,-0.5579393902401807,-0.5460982085634938,-0.564409314249092,-0.5843684194463943,-0.6655476546525467,-0.7336039307840205,-0.8209479049043245,-0.8146916104617451,-0.8021179845576342,-0.7892391735587634,0.245361328125,0.496826171875,0.62255859375,0.676513671875,0.69921875,0.72119140625,-0.71240234375,-0.5938291573839534,0.5265358439893796,-0.3981749931333354,-0.4599749748222297,0.986572265625,0.030029296875,0.016845703125,-0.018310546875,0.111083984375,0.0233154296875,-0.168701171875,0.247802734375,-0.5792236328125,0.9969481490524003,0.1871089815973388,-0.21655934324167608,0.9581591235084078,0.0016785180211798456,-0.004821924497207556,-0.009643848994415113,0.8287301248207037,-0.6357005523850215,0.9978637043366801,-6.5,-25.5,2.4375,1.80859375,7.30859375,-10.37890625,5.1875,-40.0,0.0,0,0,1182,1085,1998,1
2,180287,180,-0.012024292733542894,-0.0003967406231879635,0.17743461409344768,0.19504379406109806,0.18878749961851862,0.19092379528183845,-0.7438886684774315,-0.6490066225165563,-0.5442365794854579,-0.564409314249092,-0.5843684194463943,-0.5849482711264382,-0.6681722464674825,-0.760765404217658,-0.8199713126010926,-0.8021179845576342,-0.7892391735587634,-0.7882930997650075,0.27099609375,0.525146484375,0.6533203125,0.69921875,0.72119140625,0.74609375,-0.812744140625,-0.5900753807184057,0.532670064394055,-0.39985351115451523,-0.45628223517563404,0.96484375,-0.1005859375,0.0908203125,-0.03076171875,0.1116943359375,0.011474609375,-0.1121826171875,0.2464599609375,-0.5557861328125,0.9966734824671163,0.17410809656056397,-0.22211371196630755,0.9593493453779718,0.001586962492751854,-0.004547257911923582,-0.009063997314371167,0.8535111545152134,-0.2617267372661519,0.9987487411114842,-6.375,-25.0625,2.25,1.91015625,6.96875,-10.25,5.75,-40.0,0.0,0,0,1369,1073,1999,1
2,180333,181,-0.030274361400189215,0.012787255470442824,0.19507431257057406,0.18878749961851862,0.19092379528183845,0.23126926480910673,-0.7259132663960692,-0.6095156712546159,-0.5460982085634938,-0.5843684194463943,-0.5849482711264382,-0.5549180578020569,-0.6871242408520768,-0.7926572466200751,-0.8146916104617451,-0.7892391735587634,-0.7882930997650075,-0.7991271706289865,0.30517578125,0.561279296875,0.676513671875,0.72119140625,0.74609375,0.76708984375,-0.67724609375,-0.5669728690450758,0.5600756859035004,-0.4029358806115909,-0.4499649037141026,0.9443359375,-0.251220703125,0.243408203125,-0.005615234375,0.1031494140625,0.01513671875,-0.115478515625,0.244873046875,-0.5338134765625,0.9964293343913083,0.12353892635883663,-0.26767784661397137,0.9555650502029481,0.0019531846064638203,-0.004119998779259621,-0.00848414563432722,0.8667867061372723,0.08627582628864407,0.9989013336588641,-6.25,-24.75,2.1875,2.05078125,6.640625,-10.12109375,6.375,-40.0,0.0,0,0,1543,1066,1999,1
2,180383,182,0.010284737693411055,0.06598101748710593,0.19504379406109806,0.19092379528183845,0.23126926480910673,0.30420850245674,-0.7260658589434492,-0.5803704947050387,-0.564409314249092,-0.5849482711264382,-0.5549180578020569,-0.5075228125858333,-0.6875514999847407,-0.8116702780236213,-0.8021179845576342,-0.7882930997650075,-0.7991271706289865,-0.8061464278084658,0.33203125,0.589111328125,0.69921875,0.74609375,0.76708984375,0.78955078125,-0.7353515625,-0.5275734733115635,0.6003295999023408,-0.4155400250251778,-0.43427838984344,0.905029296875,-0.19580078125,0.376220703125,0.025634765625,0.114990234375,0.0166015625,-0.169921875,0.2413330078125,-0.4931640625,0.9960631122775964,0.028138065736869413,-0.3283486434522538,0.9441206091494492,0.0025940733054597613,-0.0034485915707876827,-0.008056886501663259,0.8596758934293649,-0.0771813104647969,0.9986877040925322,-6.125,-24.3125,2.0625,2.26953125,6.0390625,-9.83984375,7.0,-40.0,0.0,0,0,1461,1070,1999,1
2,180434,183,0.0358592486342967,0.12140263069551684,0.18878749961851862,0.23126926480910673,0.30420850245674,0.40458388012329477,-0.7225562303537095,-0.5579393902401807,-0.5843684194463943,-0.5549180578020569,-0.5075228125858333,-0.4882961516159551,-0.6903897213660085,-0.8209479049043245,-0.7892391735587634,-0.7991271706289865,-0.8061464278084658,-0.7732474745933409,0.36083984375,0.62255859375,0.72119140625,0.76708984375,0.78955078125,0.808837890625,-0.622314453125,-0.48213141270180365,0.6376537369914853,-0.445631275368511,-0.4029053621021149,0.869140625,-0.08544921875,0.5244140625,0.03955078125,0.12255859375,0.038330078125,-0.226318359375,0.2381591796875,-0.4476318359375,0.9955442976165044,-0.10727256080813014,-0.3650929288613544,0.924771874141667,0.0034180730613116855,-0.003204443494979705,-0.007232886745811335,0.8404797509689627,-0.3741264076662496,0.9976195562608722,-6.0,-24.0625,2.0,2.48046875,5.37890625,-9.62109375,7.5625,-40.0,0.0,0,0,1312,1079,1998,1
2,180485,184,0.050813318277535324,0.17743461409344768,0.19092379528183845,0.30420850245674,0.40458388012329477,0.5117954039124729,-0.6978057191686758,-0.5442365794854579,-0.5849482711264382,-0.5075228125858333,-0.4882961516159551,-0.4846339304788354,-0.7144993438520463,-0.8199713126010926,-0.7882930997650075,-0.8061464278084658,-0.7732474745933409,-0.7093722342600788,0.396728515625,0.6533203125,0.74609375,0.78955078125,0.808837890625,0.828125,-0.62744140625,-0.4356822412793359,0.6695760979033784,-0.4827417828913236,-0.358928189947203,0.794921875,-0.058837890625,0.544189453125,0.02685546875,0.1444091796875,0.05224609375,-0.353271484375,0.231201171875,-0.3521728515625,0.9944456312753686,-0.2585222937711722,-0.37760551774651324,0.8891262550737022,0.004272591326639607,-0.003021332438123722,-0.00640888698995941,0.84804834131901,0.013580736716818751,0.9978026673177282,-5.8125,-23.75,1.9375,2.671875,4.05859375,-9.12109375,8.1875,-40.0,0.0,0,0,1506,1075,1998,1
2,180536,185,0.041016876735740226,0.19507431257057406,0.23126926480910673,0.40458388012329477,0.5117954039124729,0.6020691549424726,-0.6784264656514176,-0.5460982085634938,-0.5549180578020569,-0.4882961516159551,-0.4846339304788354,-0.4955900753807184,-0.7335428937650685,-0.8146916104617451,-0.7991271706289865,-0.7732474745933409,-0.7093722342600788,-0.6260261848811304,0.432861328125,0.676513671875,0.76708984375,0.808837890625,0.828125,0.843994140625,-0.51953125,-0.3968626972258675,0.6934110538041323,-0.5144505142368847,-0.31156346324045536,0.731201171875,0.130859375,0.4248046875,0.013427734375,0.1368408203125,0.05615234375,-0.339111328125,0.225830078125,-0.2698974609375,0.9934995574816126,-0.38868373668630024,-0.3757438886684774,0.8412732322153386,0.004852443006683554,-0.0030823694570757164,-0.005371257667775506,0.7494430372020631,-0.7790459913937803,0.9895626697592089,-5.6875,-23.5625,1.875,2.73828125,2.94921875,-8.609375,8.75,-40.0,0.0,0,0,1110,1125,1994,1
2,180587,186,0.034943693350016784,0.19504379406109806,0.30420850245674,0.5117954039124729,0.6020691549424726,0.6638691366313669,-0.6818140202032533,-0.564409314249092,-0.5075228125858333,-0.4846339304788354,-0.4955900753807184,-0.5240028077028718,-0.7306741538743248,-0.8021179845576342,-0.8061464278084658,-0.7093722342600788,-0.6260261848811304,-0.533555101168859,0.460693359375,0.69921875,0.78955078125,0.828125,0.843994140625,0.858642578125,-0.472412109375,-0.380687887203589,0.7029023102511673,-0.5406964323862422,-0.2620014038514359,0.6376953125,0.281494140625,0.32568359375,-0.02685546875,0.1370849609375,0.052490234375,-0.2999267578125,0.21875,-0.169677734375,0.9926755577257607,-0.48283333841975157,-0.3401287881099887,0.8069704275643178,0.005249183629871517,-0.003204443494979705,-0.004577776421399579,0.6492507705923642,-0.6911221655934324,0.9950865199743645,-5.4375,-23.4375,1.8125,2.71875,1.62890625,-7.66015625,9.375,-40.0,0.0,0,0,1154,1175,1997,1
2,180637,187,0.0018005920590838343,0.18878749961851862,0.40458388012329477,0.6020691549424726,0.6638691366313669,0.7052522354808192,-0.6795861690115055,-0.5843684194463943,-0.4882961516159551,-0.4955900753807184,-0.5240028077028718,-0.5518662068544572,-0.7336039307840205,-0.7892391735587634,-0.7732474745933409,-0.6260261848811304,-0.533555101168859,-0.44505142368846706,0.496826171875,0.72119140625,0.808837890625,0.843994140625,0.858642578125,0.87255859375,-0.454833984375,-0.3758049256874294,0.706534012878811,-0.5586107974486526,-0.21796319467757194,0.58203125,0.103759765625,0.157958984375,-0.045654296875,0.1378173828125,0.0408935546875,-0.2947998046875,0.21484375,-0.1142578125,0.9924008911404767,-0.5473189489425336,-0.3032929471724601,0.7800225836970123,0.005371257667775506,-0.0033875545518356883,-0.0036927396465956603,0.4958647419660024,-0.48838770714438307,0.9809564500869777,-5.3125,-23.3125,1.75,2.640625,0.921875,-7.03125,10.0,-40.0,0.0,0,0,1255,1252,1990,1
2,180688,188,-0.0003967406231879635,0.19092379528183845,0.5117954039124729,0.6638691366313669,0.7052522354808192,0.7312234870448927,-0.6490066225165563,-0.5849482711264382,-0.4846339304788354,-0.5240028077028718,-0.5518662068544572,-0.5507980590227973,-0.760765404217658,-0.7882930997650075,-0.7093722342600788,-0.533555101168859,-0.44505142368846706,-0.402386547441023,0.525146484375,0.74609375,0.828125,0.858642578125,0.87255859375,0.885009765625,-0.400146484375,-0.3715323343607898,0.7146824549089023,-0.5594653157139805,-0.19544053468428602,0.506591796875,-0.141845703125,0.046630859375,-0.10791015625,0.1282958984375,0.021484375,-0.2235107421875,0.2100830078125,-0.0382080078125,0.9925229651783807,-0.5747550889614551,-0.2996307260353404,0.761497848445082,0.005462813196203497,-0.003326517532883694,-0.003357036042359691,0.2216254158146916,-0.1316873683889279,0.9850764488662374,-5.125,-23.3125,1.75,2.48046875,-0.0390625,-6.1015625,10.5625,-40.0,0.0,0,0,1434,1389,1992,1
2,180729,189,0.012787255470442824,0.23126926480910673,0.6020691549424726,0.7052522354808192,0.7312234870448927,0.7477340006714072,-0.6095156712546159,-0.5549180578020569,-0.4955900753807184,-0.5518662068544572,-0.5507980590227973,-0.5314798425244911,-0.7926572466200751,-0.7991271706289865,-0.6260261848811304,-0.44505142368846706,-0.402386547441023,-0.3980224005859554,0.561279296875,0.76708984375,0.843994140625,0.87255859375,0.885009765625,0.8974609375,-0.405517578125,-0.3618274483474227,0.728263191625721,-0.5492110965300455,-0.19260231330301827,0.47216796875,-0.1376953125,0.130126953125,-0.121826171875,0.1156005859375,0.0113525390625,-0.1531982421875,0.2081298828125,0.005615234375,0.9932859279152806,-0.5777764213995789,-0.32978301339762567,0.7466048158207953,0.005340739158299509,-0.0031128879665517136,-0.0031128879665517136,0.2953581347087008,-0.3350627155369732,0.97857600634785,-5.0,-23.3125,1.75,2.48046875,-0.609375,-5.578125,11.1875,-40.0,0.0,0,0,1332,1352,1989,1
2,180780,190,0.06598101748710593,0.30420850245674,0.6638691366313669,0.7312234870448927,0.7477340006714072,0.7688222907193213,-0.5803704947050387,-0.5075228125858333,-0.5240028077028718,-0.5507980590227973,-0.5314798425244911,-0.49940488906521807,-0.8116702780236213,-0.8061464278084658,-0.533555101168859,-0.402386547441023,-0.3980224005859554,-0.39933469649342324,0.589111328125,0.78955078125,0.858642578125,0.885009765625,0.8974609375,0.910400390625,-0.423095703125,-0.34272286141544844,0.7472151860103152,-0.5357524338511307,-0.19290749839777827,0.44873046875,-0.1064453125,0.18994140625,-0.076904296875,0.1370849609375,0.01806640625,-0.0965576171875,0.20654296875,0.0302734375,0.9942625202185126,-0.5815301980651265,-0.3793145542771691,0.7196874904629658,0.005401776177251503,-0.0028077028717917417,-0.0030518509475997192,0.2078005310220649,0.10074159978026673,0.9872737815485092,-4.9375,-23.3125,1.8125,2.55078125,-0.94140625,-5.16015625,11.75,-40.0,0.0,0,0,1550,1396,1993,1
2,180832,191,0.12140263069551684,0.40458388012329477,0.7052522354808192,0.7477340006714072,0.7688222907193213,0.7941526535843989,-0.5579393902401807,-0.4882961516159551,-0.5518662068544572,-0.5314798425244911,-0.49940488906521807,-0.4735862300485244,-0.8209479049043245,-0.7732474745933409,-0.44505142368846706,-0.3980224005859554,-0.39933469649342324,-0.38087099826044496,0.62255859375,0.808837890625,0.87255859375,0.8974609375,0.910400390625,0.91943359375,-0.293212890625,-0.31232642597735527,0.7653126621295816,-0.5307473982970672,-0.18720053712576679,0.43505859375,-0.222412109375,0.245849609375,-0.039306640625,0.11865234375,0.0343017578125,-0.07177734375,0.2052001953125,0.0924072265625,0.9962767418439283,-0.6095461897640919,-0.42002624591814935,0.6723532822656941,0.005401776177251503,-0.0025940733054597613,-0.0027771843623157445,0.130497146519364,0.2367320780053102,0.9804681539353618,-4.6875,-23.375,1.875,2.66015625,-1.76171875,-4.671875,12.375,-40.0,0.0,0,0,1618,1434,1990,1
2,180881,192,0.17743461409344768,0.5117954039124729,0.7312234870448927,0.7688222907193213,0.7941526535843989,0.8189031647694327,-0.5442365794854579,-0.4846339304788354,-0.5507980590227973,-0.49940488906521807,-0.4735862300485244,-0.46250801110873746,-0.8199713126010926,-0.7093722342600788,-0.402386547441023,-0.39933469649342324,-0.38087099826044496,-0.33985412152470473,0.6533203125,0.828125,0.885009765625,0.910400390625,0.91943359375,0.93115234375,-0.38134765625,-0.27481917783135473,0.7806024353770562,-0.5337992492446669,-0.17377239295632801,0.42724609375,-0.066650390625,0.24609375,0.04052734375,0.123046875,0.015625,-0.078369140625,0.2041015625,0.1270751953125,0.9974974822229682,-0.6532486953337199,-0.4520096438489944,0.6074098941007721,0.005493331705679495,-0.0024719992675557726,-0.0024414807580797754,0.20484023560289316,-0.3412579729606006,0.9690542313913388,-4.5625,-23.4375,2.0,2.69921875,-2.2109375,-4.3203125,13.0,-40.0,0.0,0,0,1329,1397,1984,1
2,180932,193,0.19507431257057406,0.6020691549424726,0.7477340006714072,0.7941526535843989,0.8189031647694327,0.8327585680715354,-0.5460982085634938,-0.4955900753807184,-0.5314798425244911,-0.4735862300485244,-0.46250801110873746,-0.4861293374431593,-0.8146916104617451,-0.6260261848811304,-0.3980224005859554,-0.38087099826044496,-0.33985412152470473,-0.26493118076113165,0.676513671875,0.843994140625,0.8974609375,0.91943359375,0.93115234375,0.937255859375,-0.201416015625,-0.25580614642780847,0.7827082125309,-0.5484481337931455,-0.14539017914365063,0.43701171875,0.17919921875,0.277587890625,0.07080078125,0.1202392578125,0.013427734375,-0.073486328125,0.20361328125,0.207275390625,0.9980162968840601,-0.706381420331431,-0.4326914273506882,0.5601977599414044,0.005462813196203497,-0.0026245918149357585,-0.0018616290780358287,-0.7085787530137028,-0.6119266335032197,0.9859004486220893,-4.375,-23.625,2.125,2.80859375,-3.26171875,-3.7109375,13.5625,-40.0,0.0,0,0,1194,1854,1992,1
2,180982,194,0.19504379406109806,0.6638691366313669,0.7688222907193213,0.8189031647694327,0.8327585680715354,0.8343455305642873,-0.564409314249092,-0.5240028077028718,-0.49940488906521807,-0.46250801110873746,-0.4861293374431593,-0.5190588091677603,-0.8021179845576342,-0.533555101168859,-0.39933469649342324,-0.33985412152470473,-0.26493118076113165,-0.18561357463301492,0.69921875,0.858642578125,0.910400390625,0.93115234375,0.937255859375,0.947509765625,-0.332763671875,-0.24356822412793358,0.7794122135074923,-0.565660573137608,-0.11484115115817743,0.44677734375,-0.0830078125,0.201416015625,0.05712890625,0.1318359375,0.015380859375,-0.109375,0.2032470703125,0.25732421875,0.9957579271828364,-0.7544785912656026,-0.402233954893643,0.5186315500350963,0.005462813196203497,-0.0028077028717917417,-0.0013733329264198737,-0.4032715842158269,0.03686635944700461,0.9960325937681204,-4.25,-23.75,2.25,2.8203125,-3.8984375,-3.25,14.1875,-40.0,0.0,0,0,1518,1701,1998,1
2,181033,195,0.18878749961851862,0.7052522354808192,0.7941526535843989,0.8327585680715354,0.8343455305642873,0.8307443464461196,-0.5843684194463943,-0.5518662068544572,-0.4735862300485244,-0.4861293374431593,-0.5190588091677603,-0.5367900631733146,-0.7892391735587634,-0.44505142368846706,-0.38087099826044496,-0.26493118076113165,-0.18561357463301492,-0.14740440076906644,0.72119140625,0.87255859375,0.91943359375,0.937255859375,0.947509765625,0.951416015625,-0.123779296875,-0.21008941923276467,0.7841120639667959,-0.5742973113193152,-0.10592974639118626,0.47705078125,-0.238037109375,0.01220703125,0.022705078125,0.12109375,0.040283203125,-0.1595458984375,0.2041015625,0.3463134765625,0.9903866695150609,-0.7918027283547472,-0.40482802819910274,0.4573198644978179,0.005340739158299509,-0.0028992584002197333,-0.0010376293221839045,-0.6860866115298929,-0.6035340433973205,0.956816309091464,-4.0625,-24.125,2.375,2.71875,-5.01953125,-2.421875,14.75,-40.0,0.0,0,0,1198,1843,1978,1
2,181084,196,0.19092379528183845,0.7312234870448927,0.8189031647694327,0.8343455305642873,0.8307443464461196,0.8177434614093447,-0.5849482711264382,-0.5507980590227973,-0.46250801110873746,-0.5190588091677603,-0.5367900631733146,-0.5449385052034059,-0.7882930997650075,-0.402386547441023,-0.33985412152470473,-0.18561357463301492,-0.14740440076906644,-0.18533890804773095,0.74609375,0.885009765625,0.93115234375,0.947509765625,0.951416015625,0.960693359375,-0.29931640625,-0.1882076479384747,0.7884456923123875,-0.5707266457106235,-0.13119907223731192,0.499755859375,-0.064208984375,-0.240234375,0.00439453125,0.122802734375,0.03564453125,-0.05908203125,0.2047119140625,0.398193359375,0.9867244483779413,-0.7896664326914273,-0.42545854060487687,0.4420606097598193,0.005279702139347514,-0.0029297769096957305,-0.0012512588885158849,-0.4511551255836665,-0.6280098879970702,0.9942014831995606,-3.9375,-24.3125,2.5,2.640625,-5.671875,-1.76171875,15.375,-40.0,0.0,0,0,1185,1725,1997,1
2,181135,197,0.23126926480910673,0.7477340006714072,0.8327585680715354,0.8307443464461196,0.8177434614093447,0.793328653828547,-0.5549180578020569,-0.5314798425244911,-0.4861293374431593,-0.5367900631733146,-0.5449385052034059,-0.5614185003204444,-0.7991271706289865,-0.3980224005859554,-0.26493118076113165,-0.14740440076906644,-0.18533890804773095,-0.23548081911679433,0.76708984375,0.8974609375,0.937255859375,0.951416015625,0.960693359375,0.963134765625,-0.081787109375,-0.2011474959562975,0.7842951750236519,-0.5637073885311441,-0.16327402569658497,0.55078125,-0.176025390625,-0.341552734375,-0.017333984375,0.1151123046875,0.0220947265625,0.1014404296875,0.2066650390625,0.4639892578125,0.9843134861293374,-0.7629322183904538,-0.42213202307199316,0.48963896603289897,0.0050050355540635395,-0.0030518509475997192,-0.0015259254737998596,-0.7106540116580706,0.032898953215124975,0.9922177800836207,-3.75,-24.75,2.625,2.578125,-6.48828125,-1.578125,16.0,-40.0,0.0,0,0,1516,1855,1996,1
2,181186,198,0.30420850245674,0.7688222907193213,0.8343455305642873,0.8177434614093447,0.793328653828547,0.7591784417249061,-0.5075228125858333,-0.49940488906521807,-0.5190588091677603,-0.5449385052034059,-0.5614185003204444,-0.5496993926816615,-0.8061464278084658,-0.39933469649342324,-0.18561357463301492,-0.18533890804773095,-0.23548081911679433,-0.3485213782158879,0.78955078125,0.910400390625,0.947509765625,0.960693359375,0.963134765625,0.97216796875,-0.29345703125,-0.19000823999755853,0.7846308786278878,-0.5452742088076419,-0.22562334055604724,0.567626953125,-0.525634765625,-0.22216796875,-0.039794921875,0.116943359375,0.0084228515625,0.2440185546875,0.2069091796875,0.4764404296875,0.9848628192999054,-0.7184667500839259,-0.46467482528153325,0.5175634022034363,0.004791405987731559,-0.0029297769096957305,-0.002197332682271798,0.5462813196203498,0.06311227759636219,0.9825739310892057,-3.625,-25.0625,2.75,2.5,-6.62109375,-2.08984375,16.5625,-40.0,0.0,0,0,1531,1226,1991,1
2,181237,199,0.40458388012329477,0.7941526535843989,0.8307443464461196,0.793328653828547,0.7591784417249061,0.727439191869869,-0.4882961516159551,-0.4735862300485244,-0.5367900631733146,-0.5614185003204444,-0.5496993926816615,-0.5161290322580645,-0.7732474745933409,-0.38087099826044496,-0.14740440076906644,-0.23548081911679433,-0.3485213782158879,-0.4521011993774224,0.808837890625,0.91943359375,0.951416015625,0.963134765625,0.97216796875,0.973388671875,-0.03857421875,-0.1501205481124302,0.7893612475966674,-0.5230872524185919,-0.2841883602404859,0.627197265625,-0.24755859375,-0.114501953125,0.05517578125,0.1083984375,0.0013427734375,0.2298583984375,0.2105712890625,0.5113525390625,0.9869685964537492,-0.695211645863216,-0.5251625110629596,0.49079866939298683,0.0045167394024475845,-0.0027466658528397473,-0.0027466658528397473,-0.15970336008789332,-0.0826441236610004,0.9643848994415113,-3.4375,-25.5625,2.875,2.48046875,-7.0390625,-3.28125,17.1875,-40.0,0.0,0,0,1458,1579,1982,1
2,181288,200,0.5117954039124729,0.8189031647694327,0.8177434614093447,0.7591784417249061,0.727439191869869,0.7090670491653188,-0.4846339304788354,-0.46250801110873746,-0.5449385052034059,-0.5496993926816615,-0.5161290322580645,-0.5186315500350963,-0.7093722342600788,-0.33985412152470473,-0.18533890804773095,-0.3485213782158879,-0.4521011993774224,-0.47776726584673607,0.828125,0.93115234375,0.960693359375,0.97216796875,0.973388671875,0.981689453125,-0.270263671875,-0.1228980376598407,0.7892391735587634,-0.5215613269447921,-0.29993591113010043,0.653076171875,-0.078369140625,0.287353515625,0.1337890625,0.1148681640625,-0.0174560546875,0.2554931640625,0.2127685546875,0.5247802734375,0.9880367442854091,-0.7084871974852748,-0.5360576189458907,0.45899838251899777,0.004425183874019593,-0.0027466658528397473,-0.002868739890743736,0.6269112216559343,-0.565324869533372,0.9970702230903042,-3.3125,-25.875,2.8125,2.37109375,-7.1796875,-3.859375,17.75,-40.0,0.0,0,0,1217,1186,1998,1
2,181338,201,0.6020691549424726,0.8327585680715354,0.793328653828547,0.727439191869869,0.7090670491653188,0.7078463087862789,-0.4955900753807184,-0.4861293374431593,-0.5614185003204444,-0.5161290322580645,-0.5186315500350963,-0.5630359813226722,-0.6260261848811304,-0.26493118076113165,-0.23548081911679433,-0.4521011993774224,-0.47776726584673607,-0.42655720694601273,0.843994140625,0.937255859375,0.963134765625,0.973388671875,0.981689453125,0.982421875,-0.025146484375,-0.08438367870113224,0.7908261360515152,-0.5410626544999543,-0.27332377086703086,0.7099609375,-0.064208984375,0.3291015625,0.225830078125,0.141845703125,0.011962890625,0.0322265625,0.21826171875,0.5677490234375,0.9883724478896451,-0.7731559190649129,-0.5028534806360058,0.38645588549455245,0.0043641468550675985,-0.0030518509475997192,-0.002533036286507767,0.04068117313150426,0.2902310251167333,0.9711905270546587,-3.125,-26.4375,2.6875,2.28125,-7.69921875,-4.55078125,18.375,-40.0,0.0,0,0,1645,1479,1985,1
2,181389,202,0.6638691366313669,0.8343455305642873,0.7591784417249061,0.7090670491653188,0.7078463087862789,0.6889553514206366,-0.5240028077028718,-0.5190588091677603,-0.5496993926816615,-0.5186315500350963,-0.5630359813226722,-0.6143375957518235,-0.533555101168859,-0.18561357463301492,-0.3485213782158879,-0.47776726584673607,-0.42655720694601273,-0.3846247749259926,0.858642578125,0.947509765625,0.97216796875,0.981689453125,0.982421875,0.99072265625,-0.273193359375,-0.045167394024475845,0.7846003601184118,-0.565599536118656,-0.249916074098941,0.73583984375,-0.096923828125,0.276123046875,0.221435546875,0.1220703125,0.0159912109375,0.0596923828125,0.22119140625,0.6097412109375,0.9858699301126133,-0.8335215308084353,-0.45487838373973816,0.3135471663563952,0.004272591326639607,-0.003357036042359691,-0.0022583697012237922,0.7058931241798151,-0.8011413922544023,0.9909665211951049,-3.0,-26.75,2.5625,2.37109375,-8.23828125,-4.23828125,19.0,-40.0,0.0,0,0,1099,1147,1995,1
2,181439,203,0.7052522354808192,0.8307443464461196,0.727439191869869,0.7078463087862789,0.6889553514206366,0.6563615833002716,-0.5518662068544572,-0.5367900631733146,-0.5161290322580645,-0.5630359813226722,-0.6143375957518235,-0.6685384685811945,-0.44505142368846706,-0.14740440076906644,-0.4521011993774224,-0.42655720694601273,-0.3846247749259926,-0.34965056306649983,0.87255859375,0.951416015625,0.973388671875,0.982421875,0.99072265625,0.99169921875,-0.0244140625,-0.002533036286507767,0.7760246589556566,-0.5884578997161779,-0.2269356364635151,0.774658203125,0.037353515625,0.35302734375,0.220458984375,0.1353759765625,0.055419921875,-0.0086669921875,0.2255859375,0.67431640625,0.9821161534470656,-0.8866847743156224,-0.3987243263039033,0.23413800469985047,0.004028443250831629,-0.003631702627643666,-0.0019837031159398175,-0.21552171391949218,-0.22995696890163883,0.9821161534470656,-2.8125,-27.4375,2.4375,2.12890625,-9.03125,-3.921875,19.5625,-40.0,0.0,0,0,1385,1607,1991,1
2,181480,204,0.7312234870448927,0.8177434614093447,0.7090670491653188,0.6889553514206366,0.6563615833002716,0.6257515182958464,-0.5507980590227973,-0.5449385052034059,-0.5186315500350963,-0.6143375957518235,-0.6685384685811945,-0.718039490951262,-0.402386547441023,-0.18533890804773095,-0.47776726584673607,-0.3846247749259926,-0.34965056306649983,-0.30469679860835597,0.885009765625,0.960693359375,0.981689453125,0.99072265625,0.99169921875,1.000732421875,-0.296142578125,0.021454512161626027,0.7679982909634694,-0.6082338938566241,-0.19943845942564165,0.790771484375,-0.06201171875,0.2705078125,0.187255859375,0.1109619140625,0.0433349609375,-0.0823974609375,0.2274169921875,0.713623046875,0.978545487838374,-0.9209570604571673,-0.34739219336527605,0.17654957731864376,0.0038453321939756462,-0.003906369212927641,-0.0017090365306558428,0.5637684255500961,-0.7877437665944396,0.9974669637134922,-2.6875,-27.8125,2.4375,2.05859375,-9.51953125,-3.2890625,20.1875,-40.0,0.0,0,0,1106,1218,1998,1
2,181540,205,0.7477340006714072,0.793328653828547,0.7078463087862789,0.6563615833002716,0.6257515182958464,0.5900448622089297,-0.5314798425244911,-0.5614185003204444,-0.5630359813226722,-0.6685384685811945,-0.718039490951262,-0.750297555467391,-0.3980224005859554,-0.23548081911679433,-0.42655720694601273,-0.34965056306649983,-0.30469679860835597,-0.2981963560899686,0.8974609375,0.963134765625,0.982421875,0.99169921875,1.000732421875,1.00341796875,-0.0908203125,0.08078249458296456,0.7587511825922422,-0.619922482985931,-0.18286690878017517,0.8037109375,-0.249267578125,0.18798828125,0.078369140625,0.1231689453125,0.060546875,-0.163330078125,0.2286376953125,0.75830078125,0.9728385265663625,-0.9518723105563525,-0.29837946714682456,0.07016205328531755,0.0035401470992156743,-0.004028443250831629,-0.001586962492751854,-0.2150944547868282,0.4002807702871792,0.9806512649922178,-2.5625,-28.5,2.4375,1.94140625,-10.0703125,-2.0,20.75,-39.9375,0.0,0,0,1700,1607,1990,1
2,181580,206,0.7688222907193213,0.7591784417249061,0.6889553514206366,0.6257515182958464,0.5900448622089297,0.5694448683126316,-0.49940488906521807,-0.5496993926816615,-0.6143375957518235,-0.718039490951262,-0.750297555467391,-0.7513962218085268,-0.39933469649342324,-0.3485213782158879,-0.3846247749259926,-0.30469679860835597,-0.2981963560899686,-0.33335367900631735,0.910400390625,0.97216796875,0.99072265625,1.000732421875,1.00341796875,1.013671875,-0.330810546875,0.12448500015259255,0.7530747398297067,-0.6176335947752312,-0.18945890682699057,0.815185546875,-0.418212890625,0.280029296875,0.022216796875,0.1080322265625,0.0302734375,-0.0960693359375,0.2296142578125,0.7816162109375,0.9699697866756187,-0.9599291970580157,-0.2801293984801782,0.009155552842799158,0.0034180730613116855,-0.003997924741355632,-0.00173955504013184,0.5674611651966918,-0.43189794610431226,0.9945677053132725,-2.4375,-28.9375,2.4375,1.91015625,-10.359375,-1.16015625,21.375,-39.9375,0.0,0,0,1284,1216,1997,1
2,181634,207,0.7941526535843989,0.727439191869869,0.6563615833002716,0.5900448622089297,0.5694448683126316,0.5695669423505356,-0.4735862300485244,-0.5161290322580645,-0.6685384685811945,-0.750297555467391,-0.7513962218085268,-0.716544083986938,-0.38087099826044496,-0.4521011993774224,-0.34965056306649983,-0.2981963560899686,-0.33335367900631735,-0.40269173253578294,0.91943359375,0.973388671875,0.99169921875,1.00341796875,1.013671875,1.023193359375,-0.311279296875,0.19620349742118595,0.7474898525955992,-0.5999023407696769,-0.20703756828516495,0.8330078125,-0.317626953125,0.3115234375,-0.026123046875,0.1038818359375,0.0439453125,-0.0316162109375,0.23095703125,0.80615234375,0.967711416974395,-0.9593188268684958,-0.2681356242561113,-0.08856471449934385,0.0032349620044557024,-0.003662221137119663,-0.0020142216254158147,0.13602099673451948,0.44810327463606675,0.979125339518418,-2.375,-29.375,2.5,1.80859375,-10.66015625,-0.5703125,21.9375,-39.875,0.0,0,0,1724,1431,1989,1
2,181702,208,0.8189031647694327,0.7090670491653188,0.6257515182958464,0.5694448683126316,0.5695669423505356,0.598132267220069,-0.46250801110873746,-0.5186315500350963,-0.718039490951262,-0.7513962218085268,-0.716544083986938,-0.6899624622333446,-0.33985412152470473,-0.47776726584673607,-0.30469679860835597,-0.33335367900631735,-0.40269173253578294,-0.4076357310708945,0.93115234375,0.981689453125,1.000732421875,1.013671875,1.023193359375,1.024658203125,-0.046875,0.28394421216467786,0.7487105929746392,-0.5693838312936796,-0.1860408337656789,0.865478515625,-0.249267578125,0.4482421875,-0.026123046875,0.0986328125,0.034423828125,-0.1925048828125,0.233154296875,0.8388671875,0.9646595660267953,-0.9351786858729819,-0.24417859431745353,-0.2565080721457564,0.0034485915707876827,-0.0036011841181676687,-0.002044740134891812,0.4368724631488998,0.1608935819574572,0.9872737815485092,-2.1875,-30.3125,2.625,1.87109375,-11.0703125,0.73046875,22.5625,-39.75,0.0,0,0,1580,1281,1993,1
2,181732,209,0.8327585680715354,0.7078463087862789,0.5900448622089297,0.5695669423505356,0.598132267220069,0.619556260872219,-0.4861293374431593,-0.5630359813226722,-0.750297555467391,-0.716544083986938,-0.6899624622333446,-0.6817835016937773,-0.26493118076113165,-0.42655720694601273,-0.2981963560899686,-0.40269173253578294,-0.4076357310708945,-0.3890194402905362,0.937255859375,0.982421875,1.00341796875,1.023193359375,1.024658203125,1.0400390625,-0.4951171875,0.3207800531022065,0.7516098513748588,-0.5522629474776451,-0.16486098818933684,0.875732421875,-0.102783203125,0.510498046875,-0.0107421875,0.1165771484375,0.0262451171875,-0.299072265625,0.2340087890625,0.8428955078125,0.9645985290078433,-0.9099398785363323,-0.23483993041779838,-0.34180730613116855,0.003326517532883694,-0.0033875545518356883,-0.0018311105685598315,0.6376537369914853,0.09741508224738304,0.9864192632831813,-2.1875,-30.5625,2.6875,2.05078125,-11.12890625,1.23828125,23.125,-39.6875,0.0,0,0,1548,1181,1993,1
2,181783,210,0.8343455305642873,0.6889553514206366,0.5694448683126316,0.598132267220069,0.619556260872219,0.6337168492690817,-0.5190588091677603,-0.6143375957518235,-0.7513962218085268,-0.6899624622333446,-0.6817835016937773,-0.7052217169713432,-0.18561357463301492,-0.3846247749259926,-0.33335367900631735,-0.4076357310708945,-0.3890194402905362,-0.31788079470198677,0.947509765625,0.99072265625,1.013671875,1.024658203125,1.0400390625,1.04638671875,-0.206298828125,0.3526413769951476,0.7600329599902341,-0.533646656697287,-0.11487166966765343,0.91162109375,0.14990234375,0.370361328125,0.024169921875,0.1180419921875,0.0382080078125,-0.34716796875,0.236328125,0.8341064453125,0.967680898464919,-0.8645893734550004,-0.228003784295175,-0.4477980895413068,0.0034180730613116855,-0.003509628589739677,-0.001434369945371868,0.0738853114413892,-0.7000640888698996,0.9895321512497329,-2.0,-31.25,2.875,2.87109375,-11.05078125,3.1796875,23.75,-39.5625,0.0,0,0,1149,1463,1994,1
2,181835,211,0.8307443464461196,0.6563615833002716,0.5695669423505356,0.619556260872219,0.6337168492690817,0.6319772942289499,-0.5367900631733146,-0.6685384685811945,-0.716544083986938,-0.6817835016937773,-0.7052217169713432,-0.740256965849788,-0.14740440076906644,-0.34965056306649983,-0.40269173253578294,-0.3890194402905362,-0.31788079470198677,-0.2294076357310709,0.951416015625,0.99169921875,1.023193359375,1.0400390625,1.04638671875,1.056884765625,-0.341552734375,0.369487594225898,0.7670827356791894,-0.521256141850032,-0.05807672353282266,0.9501953125,0.031005859375,0.441162109375,0.06103515625,0.1058349609375,0.0313720703125,-0.2606201171875,0.2392578125,0.8385009765625,0.9701834162419507,-0.8146610919522691,-0.22775963621936704,-0.533341471602527,0.0032349620044557024,-0.0035401470992156743,-0.000946073793755913,0.39558091982787563,-0.031769768364513076,0.9992980742820521,-1.875,-31.75,3.0625,3.23046875,-11.109375,4.328125,24.3125,-39.4375,0.0,0,0,1484,1302,1999,1
2,181884,212,0.8177434614093447,0.6257515182958464,0.598132267220069,0.6337168492690817,0.6319772942289499,0.6123538926358837,-0.5449385052034059,-0.718039490951262,-0.6899624622333446,-0.7052217169713432,-0.740256965849788,-0.770958586382641,-0.18533890804773095,-0.30469679860835597,-0.4076357310708945,-0.31788079470198677,-0.2294076357310709,-0.1749931333353679,0.960693359375,1.000732421875,1.024658203125,1.04638671875,1.056884765625,1.0634765625,-0.219482421875,0.4112979522080142,0.7587206640827662,-0.5051118503372295,-0.007660145878475295,1.0029296875,-0.314697265625,0.40087890625,0.038330078125,0.1165771484375,0.0223388671875,-0.3802490234375,0.2430419921875,0.8292236328125,0.9750358592486343,-0.7466963713492233,-0.19009979552598652,-0.6374401074251533,0.0031128879665517136,-0.0036927396465956603,-0.000640888698995941,-0.09247108371227149,0.04699850459303568,0.9770195623645741,-1.6875,-32.375,3.4375,3.62890625,-10.98046875,6.01953125,24.875,-39.25,0.0,0,0,1523,1546,1988,1
2,181935,213,0.793328653828547,0.5900448622089297,0.619556260872219,0.6319772942289499,0.6123538926358837,0.5931577501754814,-0.5614185003204444,-0.750297555467391,-0.6817835016937773,-0.740256965849788,-0.770958586382641,-0.7733695486312449,-0.23548081911679433,-0.2981963560899686,-0.3890194402905362,-0.2294076357310709,-0.1749931333353679,-0.2237922299874874,0.963134765625,1.00341796875,1.0400390625,1.056884765625,1.0634765625,1.07470703125,-0.3642578125,0.47737052522354806,0.727622302926725,-0.49262977996154667,0.0022888882106997894,1.04443359375,-0.333984375,0.260986328125,0.049560546875,0.11279296875,0.0323486328125,-0.375732421875,0.24609375,0.80322265625,0.9800103762932219,-0.6903592028565325,-0.09176915799432356,-0.717612231818598,0.002868739890743736,-0.0035706656086916715,-0.0008545182653279214,0.6516617328409681,-0.6823633533738213,0.9969176305429243,-1.5,-32.875,3.6875,4.078125,-10.640625,7.37890625,25.5,-39.125,0.0,0,0,1158,1174,1998,1
2,181986,214,0.7591784417249061,0.5694448683126316,0.6337168492690817,0.6123538926358837,0.5931577501754814,0.5527207251197851,-0.5496993926816615,-0.7513962218085268,-0.7052217169713432,-0.770958586382641,-0.7733695486312449,-0.7973570970793786,-0.3485213782158879,-0.33335367900631735,-0.31788079470198677,-0.1749931333353679,-0.2237922299874874,-0.2423780022583697,0.97216796875,1.013671875,1.04638671875,1.0634765625,1.07470703125,1.0830078125,-0.271484375,0.5013580736716818,0.7113559373760185,-0.4922635578478347,0.01654103213599048,1.1025390625,0.103759765625,0.1083984375,0.0986328125,0.1102294921875,0.0263671875,-0.2965087890625,0.2501220703125,0.775146484375,0.967619861445967,-0.6638080996124149,-0.03976561784722434,-0.7468489638966033,0.0026551103244117557,-0.0036927396465956603,-0.0009155552842799158,-0.06933805352946562,-0.8226264229255044,0.9965514084292123,-1.25,-33.5625,4.1875,4.3984375,-10.25,9.0,26.0625,-38.9375,0.0,0,0,1088,1534,1998,1
2,182037,215,0.727439191869869,0.5695669423505356,0.6319772942289499,0.5931577501754814,0.5527207251197851,0.5056611835077974,-0.5161290322580645,-0.716544083986938,-0.740256965849788,-0.7733695486312449,-0.7973570970793786,-0.826837977233192,-0.4521011993774224,-0.40269173253578294,-0.2294076357310709,-0.2237922299874874,-0.2423780022583697,-0.24625385296182134,0.973388671875,1.023193359375,1.056884765625,1.07470703125,1.0830078125,1.09619140625,-0.422119140625,0.5024567400128178,0.7035737174596393,-0.5015411847285378,0.031556138798181095,1.135986328125,-0.16455078125,0.18359375,0.0947265625,0.0753173828125,0.0107421875,-0.0574951171875,0.252197265625,0.779541015625,0.9591662343211158,-0.6573686941129795,-0.016296884060182502,-0.7534104434339427,0.0023194067201757866,-0.003662221137119663,-0.0008850367748039186,0.7741325113681448,-0.3673818170720542,0.9988097781304361,-1.125,-34.0,4.5625,4.26171875,-10.28125,9.7109375,26.625,-38.6875,0.0,0,0,1316,1112,1999,1
2,182089,216,0.7090670491653188,0.598132267220069,0.6123538926358837,0.5527207251197851,0.5056611835077974,0.46263008514664145,-0.5186315500350963,-0.6899624622333446,-0.770958586382641,-0.7973570970793786,-0.826837977233192,-0.8179570909756767,-0.47776726584673607,-0.4076357310708945,-0.1749931333353679,-0.2423780022583697,-0.24625385296182134,-0.34195989867854854,0.981689453125,1.024658203125,1.0634765625,1.0830078125,1.09619140625,1.1083984375,-0.39892578125,0.5485396893215735,0.6666463209936827,-0.5042268135624256,0.020691549424726098,1.177490234375,-0.78076171875,-0.055908203125,0.0400390625,0.0712890625,0.01123046875,-0.2760009765625,0.254150390625,0.7816162109375,0.945951719718009,-0.6362193670461135,0.09158604693746758,-0.7660451063570055,0.0021057771538438063,-0.0036011841181676687,-0.001281777397991882,0.5067293313394574,0.46888637958922086,0.9880062257759331,-0.9375,-34.625,5.0625,3.94921875,-10.26953125,10.640625,27.1875,-38.5,0.0,0,0,1734,1246,1994,1
2,182129,217,0.7078463087862789,0.619556260872219,0.5931577501754814,0.5056611835077974,0.46263008514664145,0.4210333567308573,-0.5630359813226722,-0.6817835016937773,-0.7733695486312449,-0.826837977233192,-0.8179570909756767,-0.738547929319132,-0.42655720694601273,-0.3890194402905362,-0.2237922299874874,-0.24625385296182134,-0.34195989867854854,-0.5265663624988556,0.982421875,1.0400390625,1.07470703125,1.09619140625,1.1083984375,1.12451171875,-0.52197265625,0.6078676717429121,0.6043885616626484,-0.5138706625568408,-0.03442487868892483,1.197265625,-0.9208984375,-0.099853515625,-0.00439453125,0.0621337890625,0.0267333984375,-0.165283203125,0.25439453125,0.7535400390625,0.9329203161717582,-0.651844843897824,0.2534867397076327,-0.7147434919278542,0.0018005920590838343,-0.0031128879665517136,-0.0020142216254158147,0.8676412244026002,0.31531723990600297,0.9986571855830562,-0.8125,-35.125,5.5,3.921875,-9.890625,11.359375,27.75,-38.25,0.0,0,0,1657,1066,1999,1
2,182190,218,0.6889553514206366,0.6337168492690817,0.5527207251197851,0.46263008514664145,0.4210333567308573,0.3896298104800561,-0.6143375957518235,-0.7052217169713432,-0.7973570970793786,-0.8179570909756767,-0.738547929319132,-0.5872371593371379,-0.3846247749259926,-0.31788079470198677,-0.2423780022583697,-0.34195989867854854,-0.5265663624988556,-0.7094637897885068,0.99072265625,1.04638671875,1.0830078125,1.1083984375,1.12451171875,1.141845703125,-0.56982421875,0.6795861690115055,0.522598956266976,-0.5058748130741295,-0.09558397167882321,1.23095703125,-0.265625,0.22314453125,0.0849609375,0.0609130859375,0.0406494140625,0.00537109375,0.2552490234375,0.7674560546875,0.9197668385876033,-0.6491897335734123,0.4275032807397687,-0.6291390728476821,0.0016479995117038484,-0.0024719992675557726,-0.00271614734336375,0.8540910061952575,-0.004547257911923582,0.9981383709219642,-0.6875,-35.75,6.0625,3.08984375,-10.0390625,12.0703125,28.25,-38.0,0.0,0,0,1497,1072,1999,1
2,182231,219,0.6563615833002716,0.6319772942289499,0.5056611835077974,0.4210333567308573,0.3896298104800561,0.4092226935636464,-0.6685384685811945,-0.740256965849788,-0.826837977233192,-0.738547929319132,-0.5872371593371379,-0.5744193853572191,-0.34965056306649983,-0.2294076357310709,-0.24625385296182134,-0.5265663624988556,-0.7094637897885068,-0.7089144566179387,0.99169921875,1.056884765625,1.09619140625,1.12451171875,1.141845703125,1.1630859375,-0.68359375,0.7075716422009949,0.509720145268105,-0.4840540787987915,-0.07223731192968535,1.24658203125,0.10595703125,0.53466796875,0.173095703125,0.048828125,0.0068359375,-0.1519775390625,0.2548828125,0.7730712890625,0.9115573595385601,-0.5854976042970061,0.4622638630329295,-0.6659749137852107,0.001586962492751854,-0.0022583697012237922,-0.002563554795983764,0.8240607928708762,-0.6602679525131993,0.9978637043366801,-0.6875,-36.1875,6.4375,2.48046875,-10.1015625,12.4296875,28.8125,-37.75,0.0,0,0,1169,1087,1998,1
2,182282,220,0.6257515182958464,0.6123538926358837,0.46263008514664145,0.3896298104800561,0.4092226935636464,0.46806237983336896,-0.718039490951262,-0.770958586382641,-0.8179570909756767,-0.5872371593371379,-0.5744193853572191,-0.618976409192175,-0.30469679860835597,-0.1749931333353679,-0.34195989867854854,-0.7094637897885068,-0.7089144566179387,-0.6306955168309579,1.000732421875,1.0634765625,1.1083984375,1.141845703125,1.1630859375,1.18505859375,-0.716796875,0.7394940031128879,0.5105746635334331,-0.43873409222693566,0.001098666341135899,1.248291015625,0.023193359375,0.7216796875,0.1865234375,0.0721435546875,0.036376953125,-0.459716796875,0.25244140625,0.7386474609375,0.8989226966154973,-0.434522537919248,0.4699545274208808,-0.7683339945677053,0.0017090365306558428,-0.002349925229651784,-0.0021668141727958007,0.8716696676534318,0.24097415082247384,0.9995117038483841,-0.6875,-36.5625,6.8125,2.4296875,-9.6484375,12.8203125,29.3125,-37.4375,0.0,0,0,1620,1064,1999,1
2,182333,221,0.5900448622089297,0.5931577501754814,0.4210333567308573,0.4092226935636464,0.46806237983336896,0.532029175695059,-0.750297555467391,-0.7733695486312449,-0.738547929319132,-0.5744193853572191,-0.618976409192175,-0.6235541856135747,-0.2981963560899686,-0.2237922299874874,-0.5265663624988556,-0.7089144566179387,-0.6306955168309579,-0.5728019043549913,1.00341796875,1.07470703125,1.12451171875,1.1630859375,1.18505859375,1.21044921875,-0.828369140625,0.7834711752678,0.488814966277047,-0.3786126285592212,0.06216620380260628,1.197998046875,-0.08837890625,0.509521484375,0.078369140625,0.1304931640625,0.0782470703125,-0.793701171875,0.2412109375,0.5880126953125,0.868587298196356,-0.2586443678090762,0.5049592577898495,-0.8234809411908323,0.0018005920590838343,-0.002197332682271798,-0.0018311105685598315,0.8712118900112918,0.239051484725486,0.9995117038483841,-0.75,-37.125,7.375,2.73046875,-7.69921875,13.26171875,29.875,-37.125,0.0,0,0,1619,1064,1999,1
2,182384,222,0.5694448683126316,0.5527207251197851,0.3896298104800561,0.46806237983336896,0.532029175695059,0.5825983458967864,-0.7513962218085268,-0.7973570970793786,-0.5872371593371379,-0.618976409192175,-0.6235541856135747,-0.6226386303292947,-0.33335367900631735,-0.2423780022583697,-0.7094637897885068,-0.6306955168309579,-0.5728019043549913,-0.522385326700644,1.013671875,1.0830078125,1.141845703125,1.18505859375,1.21044921875,1.233642578125,-0.754150390625,0.8077944273201697,0.4776451918088321,-0.33112582781456956,0.09848323007904294,1.142578125,0.05029296875,0.319580078125,0.050048828125,0.091796875,0.071044921875,-0.7027587890625,0.230712890625,0.4520263671875,0.8467970824304941,-0.14191106906338694,0.5146946623126927,-0.8455458235419782,0.0018616290780358287,-0.0021057771538438063,-0.001586962492751854,0.8609271523178808,0.026978362376781518,0.9993591113010041,-0.75,-37.4375,7.8125,3.12109375,-5.94140625,13.25,30.375,-36.8125,0.0,0,0,1513,1069,1999,1
2,182435,223,0.5695669423505356,0.5056611835077974,0.4092226935636464,0.532029175695059,0.5825983458967864,0.5958128604998932,-0.716544083986938,-0.826837977233192,-0.5744193853572191,-0.6235541856135747,-0.6226386303292947,-0.6353953672902616,-0.40269173253578294,-0.24625385296182134,-0.7089144566179387,-0.5728019043549913,-0.522385326700644,-0.4911954100161748,1.023193359375,1.09619140625,1.1630859375,1.21044921875,1.233642578125,1.25830078125,-0.80126953125,0.8135929441206091,0.47938474684896387,-0.3056733909115879,0.1217383342997528,1.07177734375,0.051025390625,0.17919921875,0.073486328125,0.060546875,0.0460205078125,-0.5711669921875,0.2174072265625,0.2789306640625,0.8193609424115726,-0.07959227271340068,0.5010223700674459,-0.8617511520737328,0.0017700735496078372,-0.0020142216254158147,-0.0014038514358958708,0.8500625629444258,-0.09378337961973937,0.9992065187536241,-0.75,-37.75,8.375,3.23046875,-3.69140625,13.0390625,30.875,-36.5,0.0,0,0,1453,1074,1999,1
2,182486,224,0.598132267220069,0.46263008514664145,0.46806237983336896,0.5825983458967864,0.5958128604998932,0.6001464888454848,-0.6899624622333446,-0.8179570909756767,-0.618976409192175,-0.6226386303292947,-0.6353953672902616,-0.6502883999145481,-0.4076357310708945,-0.34195989867854854,-0.6306955168309579,-0.522385326700644,-0.4911954100161748,-0.4657734916226691,1.024658203125,1.1083984375,1.18505859375,1.233642578125,1.25830078125,1.281494140625,-0.750732421875,0.8165532395397809,0.478469191564684,-0.2889187292092654,0.14429151280251473,1.042236328125,0.095947265625,0.32373046875,0.089599609375,0.0458984375,0.0343017578125,-0.3948974609375,0.2110595703125,0.2186279296875,0.8058107242042298,-0.025177770317697683,0.4902493362224189,-0.8712118900112918,0.0017090365306558428,-0.0019837031159398175,-0.001281777397991882,0.8113040559099094,-0.5478377636036256,0.9983214819788202,-0.75,-37.9375,8.75,2.91015625,-2.8984375,12.91015625,31.375,-36.1875,0.0,0,0,1226,1094,1999,1
2,182536,225,0.619556260872219,0.4210333567308573,0.532029175695059,0.5958128604998932,0.6001464888454848,0.6272469252601703,-0.6817835016937773,-0.738547929319132,-0.6235541856135747,-0.6353953672902616,-0.6502883999145481,-0.6614886928922391,-0.3890194402905362,-0.5265663624988556,-0.5728019043549913,-0.4911954100161748,-0.4657734916226691,-0.41108432264168215,1.0400390625,1.12451171875,1.21044921875,1.25830078125,1.281494140625,1.308837890625,-0.888671875,0.8311105685598316,0.4637287514877773,-0.24646748252815331,0.18286690878017517,1.008056640625,-0.106689453125,0.520751953125,0.087646484375,0.056884765625,0.035888671875,-0.4835205078125,0.20361328125,0.1507568359375,0.7884456923123875,0.09323404644917142,0.4911343729972228,-0.8660847804193244,0.0016785180211798456,-0.0018616290780358287,-0.0010376293221839045,0.8505203405865658,0.1878414258247627,0.9994506668294321,-0.8125,-38.125,9.25,2.26171875,-2.01171875,12.75,31.8125,-35.8125,0.0,0,0,1593,1074,1999,1
2,182587,226,0.6337168492690817,0.3896298104800561,0.5825983458967864,0.6001464888454848,0.6272469252601703,0.6695455793939024,-0.7052217169713432,-0.5872371593371379,-0.6226386303292947,-0.6502883999145481,-0.6614886928922391,-0.6439710684530168,-0.31788079470198677,-0.7094637897885068,-0.522385326700644,-0.4657734916226691,-0.41108432264168215,-0.37015900143436997,1.04638671875,1.141845703125,1.233642578125,1.281494140625,1.308837890625,1.3330078125,-0.7880859375,0.8600726340525529,0.4182561723685415,-0.19513534958952605,0.217383342997528,0.9619140625,-0.33447265625,0.4541015625,0.05029296875,0.0928955078125,0.0384521484375,-0.696533203125,0.1961669921875,0.0787353515625,0.7779778435621204,0.2303537095248268,0.5426801355021821,-0.8077333903012177,0.0017090365306558428,-0.00173955504013184,-0.0009155552842799158,0.825495162816248,0.27344584490493484,0.9991454817346721,-0.9375,-38.25,9.5,1.921875,-1.0703125,12.30859375,32.3125,-35.4375,0.0,0,0,1636,1087,1999,1
2,182638,227,0.6319772942289499,0.4092226935636464,0.5958128604998932,0.6272469252601703,0.6695455793939024,0.7039704580828272,-0.740256965849788,-0.5744193853572191,-0.6353953672902616,-0.6614886928922391,-0.6439710684530168,-0.6244087038789026,-0.2294076357310709,-0.7089144566179387,-0.4911954100161748,-0.41108432264168215,-0.37015900143436997,-0.33845027008880885,1.056884765625,1.1630859375,1.25830078125,1.308837890625,1.3330078125,1.359619140625,-0.863525390625,0.8845789971617786,0.3684804834131901,-0.14865565965758232,0.24417859431745353,0.854248046875,-0.066650390625,0.36474609375,0.09765625,0.0977783203125,0.052978515625,-0.743408203125,0.181640625,-0.0594482421875,0.7681203650013734,0.3443708609271523,0.5947141941587573,-0.7264320810571612,0.0016785180211798456,-0.001586962492751854,-0.000793481246375927,0.7788933988464003,-0.30704672383800774,0.9986877040925322,-1.0,-38.25,9.9375,1.62890625,0.73046875,10.9609375,32.75,-35.0625,0.0,0,0,1346,1110,1999,1
2,182679,228,0.6123538926358837,0.46806237983336896,0.6001464888454848,0.6695455793939024,0.7039704580828272,0.7147434919278542,-0.770958586382641,-0.618976409192175,-0.6502883999145481,-0.6439710684530168,-0.6244087038789026,-0.6389660328989533,-0.1749931333353679,-0.6306955168309579,-0.4657734916226691,-0.37015900143436997,-0.33845027008880885,-0.28434095278786586,1.0634765625,1.18505859375,1.281494140625,1.3330078125,1.359619140625,1.38232421875,-0.732666015625,0.8879055146946623,0.35148167363505967,-0.11377300332651753,0.27414777062288276,0.77392578125,0.06884765625,0.353515625,0.185302734375,0.0826416015625,0.031005859375,-0.7095947265625,0.1722412109375,-0.135986328125,0.7677846613971374,0.42970061342204047,0.58653523361919,-0.6865443891720329,0.0016174810022278512,-0.0015564439832758568,-0.000640888698995941,0.6468398083437605,-0.6041749320963165,0.9983520004882962,-1.0625,-38.25,10.1875,1.3515625,1.73046875,9.8203125,33.1875,-34.625,0.0,0,0,1197,1176,1999,1
2,182731,229,0.5931577501754814,0.532029175695059,0.6272469252601703,0.7039704580828272,0.7147434919278542,0.7016510513626515,-0.7733695486312449,-0.6235541856135747,-0.6614886928922391,-0.6244087038789026,-0.6389660328989533,-0.6805932798242134,-0.2237922299874874,-0.5728019043549913,-0.41108432264168215,-0.33845027008880885,-0.28434095278786586,-0.2109134189886166,1.07470703125,1.21044921875,1.308837890625,1.359619140625,1.38232421875,1.404052734375,-0.707763671875,0.880489516891995,0.34311960203863645,-0.07922605059968871,0.3173924985503708,0.696044921875,-0.045166015625,0.25048828125,0.1591796875,0.073974609375,0.060302734375,-0.68798828125,0.1639404296875,-0.20361328125,0.7738883632923368,0.5275429548020875,0.5446638386181218,-0.651936399426252,0.0014954069643238624,-0.0015564439832758568,-0.0004272591326639607,0.717551194799646,-0.33198034607989746,0.9989928891872921,-1.125,-38.1875,10.375,0.94140625,2.62109375,8.609375,33.625,-34.1875,0.0,0,0,1334,1141,1999,1
2,182781,230,0.5527207251197851,0.5825983458967864,0.6695455793939024,0.7147434919278542,0.7016510513626515,0.6968901638843958,-0.7973570970793786,-0.6226386303292947,-0.6439710684530168,-0.6389660328989533,-0.6805932798242134,-0.6933805352946563,-0.2423780022583697,-0.522385326700644,-0.37015900143436997,-0.28434095278786586,-0.2109134189886166,-0.18311105685598317,1.0830078125,1.233642578125,1.3330078125,1.38232421875,1.404052734375,1.427001953125,-0.7509765625,0.8833277382732627,0.3141880550553911,-0.054933317056794946,0.3435163426618244,0.603271484375,-0.226318359375,0.276611328125,0.00732421875,0.0770263671875,0.080078125,-0.62744140625,0.1552734375,-0.2855224609375,0.8002868739890744,0.5967284157841731,0.5453657643360699,-0.5886410107730339,0.001434369945371868,-0.0015259254737998596,-0.0003662221137119663,0.6148869289223914,-0.511398663289285,0.9985656300546282,-1.25,-38.0625,10.625,0.109375,3.7109375,6.91015625,34.0625,-33.8125,0.0,0,0,1244,1192,1999,1
2,182838,231,0.5056611835077974,0.5958128604998932,0.7039704580828272,0.7016510513626515,0.6968901638843958,0.7237769707327494,-0.826837977233192,-0.6353953672902616,-0.6244087038789026,-0.6805932798242134,-0.6933805352946563,-0.6711020233771783,-0.24625385296182134,-0.4911954100161748,-0.33845027008880885,-0.2109134189886166,-0.18311105685598317,-0.16049684133426922,1.09619140625,1.25830078125,1.359619140625,1.404052734375,1.427001953125,1.4482421875,-0.6865234375,0.8958403271584215,0.2702719199194311,-0.022125919370097964,0.3520615253151036,0.549560546875,-0.22119140625,0.38916015625,-0.065185546875,0.0682373046875,0.0611572265625,-0.6024169921875,0.15087890625,-0.3125,0.82647175511948,0.6449476607562487,0.5829340495010223,-0.49418622394482253,0.0014038514358958708,-0.0014038514358958708,-0.0003051850947599719,0.42130802331614126,-0.6078676717429121,0.9984740745262002,-1.3125,-37.9375,10.75,-0.44140625,4.078125,5.8515625,34.4375,-33.375,0.0,0,0,1196,1289,1999,1
2,182884,232,0.46263008514664145,0.6001464888454848,0.7147434919278542,0.6968901638843958,0.7237769707327494,0.76128421887875,-0.8179570909756767,-0.6502883999145481,-0.6389660328989533,-0.6933805352946563,-0.6711020233771783,-0.6361888485366375,-0.34195989867854854,-0.4657734916226691,-0.28434095278786586,-0.18311105685598317,-0.16049684133426922,-0.12524796288949247,1.1083984375,1.281494140625,1.38232421875,1.427001953125,1.4482421875,1.47119140625,-0.7451171875,0.9102755821405683,0.21256141850032045,0.020203253273110143,0.3546555986205634,0.462158203125,-0.38623046875,0.3798828125,-0.094482421875,0.07666015625,0.040283203125,-0.6925048828125,0.1451416015625,-0.332763671875,0.8998077333903012,0.6838587603381451,0.6318552201910459,-0.36481826227607045,0.001434369945371868,-0.0013122959074678793,-0.00024414807580797754,-0.18826868495742669,-0.5984984893337809,0.9974364452040162,-1.5,-37.75,10.8125,-1.23828125,4.37890625,3.921875,34.875,-32.875,0.0,0,0,1200,1594,1998,1
2,182935,233,0.4210333567308573,0.6272469252601703,0.7016510513626515,0.7237769707327494,0.76128421887875,0.7975402081362346,-0.738547929319132,-0.6614886928922391,-0.6805932798242134,-0.6711020233771783,-0.6361888485366375,-0.5836054567094943,-0.5265663624988556,-0.41108432264168215,-0.2109134189886166,-0.16049684133426922,-0.12524796288949247,-0.15280617694631793,1.12451171875,1.308837890625,1.404052734375,1.4482421875,1.47119140625,1.4912109375,-0.654296875,0.9277626880703147,0.130558183538316,0.03280739768669698,0.34803308206427197,0.40185546875,-0.688232421875,0.06396484375,-0.10595703125,0.080078125,0.027099609375,-0.7669677734375,0.1422119140625,-0.333740234375,0.9810480056154057,0.6868495742667928,0.6950285348063601,-0.21256141850032045,0.001434369945371868,-0.0011291848506118961,-0.00027466658528397473,-0.369335001678518,-0.31940672017578664,0.9738456373790704,-1.625,-37.5625,10.75,-1.76171875,4.421875,2.16015625,35.25,-32.4375,0.0,0,0,1340,1684,1986,1
2,182985,234,0.3896298104800561,0.6695455793939024,0.6968901638843958,0.76128421887875,0.7975402081362346,0.8073976866969818,-0.5872371593371379,-0.6439710684530168,-0.6933805352946563,-0.6361888485366375,-0.5836054567094943,-0.5088351084933012,-0.7094637897885068,-0.37015900143436997,-0.18311105685598317,-0.12524796288949247,-0.15280617694631793,-0.2987151707510605,1.141845703125,1.3330078125,1.427001953125,1.47119140625,1.4912109375,1.5126953125,-0.693603515625,0.9403973509933775,0.02206488235114597,-0.020355845820490128,0.3387859736930448,0.343505859375,-0.990234375,-0.3388671875,-0.012451171875,0.044677734375,-0.01220703125,-0.5364990234375,0.140869140625,-0.2874755859375,0.999908444471572,0.674092837305826,0.7365031891842403,-0.05639820551164281,0.0014038514358958708,-0.0009765923032319102,-0.0005493331705679495,0.36918240913113803,0.05398724326303903,0.9265724662007507,-1.875,-37.4375,10.5625,-2.16015625,3.8515625,-0.6796875,35.625,-31.9375,0.0,0,0,1527,1315,1963,1
2,183035,235,0.4092226935636464,0.7039704580828272,0.7237769707327494,0.7975402081362346,0.8073976866969818,0.7509384441663869,-0.5744193853572191,-0.6244087038789026,-0.6711020233771783,-0.5836054567094943,-0.5088351084933012,-0.3967711416974395,-0.7089144566179387,-0.33845027008880885,-0.16049684133426922,-0.15280617694631793,-0.2987151707510605,-0.5278786584063234,1.1630859375,1.359619140625,1.4482421875,1.4912109375,1.5126953125,1.528564453125,-0.519775390625,0.9296853541673025,-0.0815759758293405,-0.13415936765648365,0.33320108645893737,0.382080078125,-0.59033203125,-0.565185546875,0.00341796875,0.0379638671875,0.0040283203125,-0.0086669921875,0.1444091796875,-0.3392333984375,0.999969481490524,0.6801355021820734,0.7316507461775567,0.045991393780327766,0.0012512588885158849,-0.0007324442274239326,-0.0009155552842799158,0.7522507400738548,-0.467299417096469,0.9872737815485092,-2.0,-37.25,10.3125,-1.37890625,4.48828125,-1.609375,35.9375,-31.5,0.0,0,0,1266,1123,1993,1
2,183085,236,0.46806237983336896,0.7147434919278542,0.76128421887875,0.8073976866969818,0.7509384441663869,0.6432691427350689,-0.618976409192175,-0.6389660328989533,-0.6361888485366375,-0.5088351084933012,-0.3967711416974395,-0.3499862666707358,-0.6306955168309579,-0.28434095278786586,-0.12524796288949247,-0.2987151707510605,-0.5278786584063234,-0.6809595019379253,1.18505859375,1.38232421875,1.47119140625,1.5126953125,1.528564453125,1.53759765625,-0.291015625,0.9043244727927489,-0.10513626514481032,-0.23508407849360638,0.34046449171422466,0.531982421875,0.008056640625,-0.138427734375,0.139404296875,0.0321044921875,-0.0413818359375,0.66650390625,0.1573486328125,-0.53076171875,0.999969481490524,0.7010406811731315,0.7131260109256264,0.0021362956633198035,0.0010681478316599017,-0.000640888698995941,-0.0011902218695638905,0.7875911740470596,-0.814447462385937,0.9966734824671163,-2.0625,-36.8125,9.625,0.01953125,6.91015625,-0.30078125,36.3125,-31.0,0.0,0,0,1092,1106,1998,1
2,183136,237,0.532029175695059,0.7016510513626515,0.7975402081362346,0.7509384441663869,0.6432691427350689,0.6419873653370769,-0.6235541856135747,-0.6805932798242134,-0.5836054567094943,-0.3967711416974395,-0.3499862666707358,-0.39506210516678364,-0.5728019043549913,-0.2109134189886166,-0.15280617694631793,-0.5278786584063234,-0.6809595019379253,-0.6570940275276955,1.21044921875,1.404052734375,1.4912109375,1.528564453125,1.53759765625,1.544677734375,-0.228759765625,0.8970915860469375,-0.11279641102328562,-0.22247993408001954,0.36466566972869047,0.702392578125,-0.251708984375,0.634033203125,0.16650390625,-0.00439453125,0.0186767578125,0.3470458984375,0.173095703125,-0.688232421875,0.999938962981048,0.739158299508652,0.673421430097354,0.012909329508346813,0.0010376293221839045,-0.0007019257179479354,-0.001098666341135899,0.8197576830347606,-0.24936674092837305,0.9989928891872921,-2.0625,-36.3125,9.125,0.390625,8.94140625,1.80859375,36.625,-30.4375,0.0,0,0,1375,1090,1999,1
2,183187,238,0.5825983458967864,0.6968901638843958,0.8073976866969818,0.6432691427350689,0.6419873653370769,0.7345500045777764,-0.6226386303292947,-0.6933805352946563,-0.5088351084933012,-0.3499862666707358,-0.39506210516678364,-0.358287301248207,-0.522385326700644,-0.18311105685598317,-0.2987151707510605,-0.6809595019379253,-0.6570940275276955,-0.576219977416303,1.233642578125,1.427001953125,1.5126953125,1.53759765625,1.544677734375,1.546142578125,-0.046875,0.8977935117648854,-0.2010864589373455,-0.16537980285042878,0.35517441328165533,0.8955078125,-0.596923828125,0.5458984375,0.031494140625,0.0333251953125,0.0611572265625,-0.5928955078125,0.1953125,-0.87255859375,0.999969481490524,0.7414166692098758,0.6343272194586016,0.21893978698080385,0.0011902218695638905,-0.000640888698995941,-0.0009765923032319102,0.7217017120883816,0.38026062807092503,0.9968260750144963,-1.9375,-35.5,8.5625,1.98828125,11.25,2.23046875,36.9375,-29.9375,0.0,0,0,1690,1139,1998,1
2,183237,239,0.5958128604998932,0.7237769707327494,0.7509384441663869,0.6419873653370769,0.7345500045777764,0.8201849421674245,-0.6353953672902616,-0.6711020233771783,-0.3967711416974395,-0.39506210516678364,-0.358287301248207,-0.29285561693166906,-0.4911954100161748,-0.16049684133426922,-0.5278786584063234,-0.6570940275276955,-0.576219977416303,-0.4914700766014588,1.25830078125,1.4482421875,1.528564453125,1.544677734375,1.546142578125,1.5458984375,0.0048828125,0.890835291604358,-0.293496505630665,-0.11761833552049318,0.326212347788934,0.990234375,-0.232666015625,0.606201171875,-0.0048828125,0.074462890625,0.0889892578125,-0.7420654296875,0.208984375,-0.9603271484375,0.999938962981048,0.6881923886837367,0.58790856654561,0.4251228370006409,0.0013122959074678793,-0.0005188146610919523,-0.0008545182653279214,0.7655262916959136,-0.08719138157292398,0.9970091860713522,-1.75,-34.8125,8.125,3.73046875,12.30859375,0.51953125,37.1875,-29.4375,0.0,0,0,1456,1117,1998,1
2,183308,240,0.6001464888454848,0.76128421887875,0.6432691427350689,0.7345500045777764,0.8201849421674245,0.9013641773735771,-0.6502883999145481,-0.6361888485366375,-0.3499862666707358,-0.358287301248207,-0.29285561693166906,-0.3305154576250496,-0.4657734916226691,-0.12524796288949247,-0.6809595019379253,-0.576219977416303,-0.4914700766014588,-0.27985473189489424,1.281494140625,1.47119140625,1.53759765625,1.546142578125,1.5458984375,1.52685546875,0.618896484375,0.9012421033356731,-0.3184606463820307,-0.009918515579699088,0.29367961668752096,1.082763671875,0.185302734375,0.416748046875,0.012451171875,0.087646484375,0.0811767578125,-0.9359130859375,0.2261962890625,-0.9532470703125,0.999938962981048,0.5663319803460799,0.6046021912289804,0.5601062044129764,0.0014954069643238624,-0.0006103701895199438,-0.0005188146610919523,0.10129093295083468,0.03668324839014862,0.9864803003021333,-1.25,-33.5625,7.3125,6.140625,12.171875,-3.51171875,37.5,-28.875,0.0,0,0,1518,1449,1993,1
2,183343,241,0.6272469252601703,0.7975402081362346,0.6419873653370769,0.8201849421674245,0.9013641773735771,0.9174779503769036,-0.6614886928922391,-0.5836054567094943,-0.39506210516678364,-0.29285561693166906,-0.3305154576250496,-0.33964049195837276,-0.41108432264168215,-0.15280617694631793,-0.6570940275276955,-0.4914700766014588,-0.27985473189489424,-0.20703756828516495,1.308837890625,1.4912109375,1.544677734375,1.5458984375,1.52685546875,1.5302734375,-0.114013671875,0.9041108432264168,-0.3170567949461348,0.022553178502761926,0.2855922116763817,1.0947265625,0.030517578125,0.23828125,-0.003662109375,0.06689453125,0.074951171875,-0.8231201171875,0.2291259765625,-0.9237060546875,0.999938962981048,0.5294656208990753,0.6179387798699911,0.5812250129703666,0.0014954069643238624,-0.0006103701895199438,-0.0003967406231879635,0.684835352641377,-0.3901486251411481,0.9977721488082522,-1.125,-33.25,7.125,6.48046875,11.80078125,-4.62109375,37.75,-28.375,0.0,0,0,1304,1157,1998,1
2,183389,242,0.6695455793939024,0.8073976866969818,0.7345500045777764,0.9013641773735771,0.9174779503769036,0.9228186895352031,-0.6439710684530168,-0.5088351084933012,-0.358287301248207,-0.3305154576250496,-0.33964049195837276,-0.3505966368602558,-0.37015900143436997,-0.2987151707510605,-0.576219977416303,-0.27985473189489424,-0.20703756828516495,-0.1596423230689413,1.3330078125,1.5126953125,1.546142578125,1.52685546875,1.5302734375,1.51611328125,0.458740234375,0.902157658619953,-0.3272804956205939,0.04159672841578417,0.2779625843073824,1.151611328125,0.04541015625,-0.0107421875,-0.010498046875,0.0706787109375,0.06640625,-0.713134765625,0.2413330078125,-0.8565673828125,0.999969481490524,0.49055452131717886,0.6208990752891629,0.6114383373516038,0.0015564439832758568,-0.000640888698995941,-0.0003357036042359691,-0.5303811761833552,-0.28406628620258184,0.9385967589342936,-0.625,-32.5,6.4375,7.05859375,11.0,-7.30078125,38.0,-27.8125,0.0,0,0,1357,1765,1969,1
2,183429,243,0.7039704580828272,0.7509384441663869,0.8201849421674245,0.9174779503769036,0.9228186895352031,0.9203466902676474,-0.6244087038789026,-0.3967711416974395,-0.29285561693166906,-0.33964049195837276,-0.3505966368602558,-0.3598132267220069,-0.33845027008880885,-0.5278786584063234,-0.4914700766014588,-0.20703756828516495,-0.1596423230689413,-0.1532334360789819,1.359619140625,1.528564453125,1.5458984375,1.5302734375,1.51611328125,1.50830078125,0.25927734375,0.9050263985106968,-0.3185522019104587,0.039307840205084384,0.27909176915799433,1.209228515625,0.025634765625,0.0185546875,-0.022705078125,0.03564453125,0.0335693359375,-0.3831787109375,0.2529296875,-0.843994140625,0.999938962981048,0.48722800378429515,0.6367381817072054,0.597643971068453,0.0015564439832758568,-0.0006714072084719382,-0.0003051850947599719,0.391644032105472,-0.826868495742668,0.9920041505172887,-0.25,-31.9375,5.9375,7.4296875,10.91015625,-8.5390625,38.1875,-27.25,0.0,0,0,1086,1304,1996,1
2,183480,244,0.7147434919278542,0.6432691427350689,0.9013641773735771,0.9228186895352031,0.9203466902676474,0.9215979491561632,-0.6389660328989533,-0.3499862666707358,-0.3305154576250496,-0.3505966368602558,-0.3598132267220069,-0.3609424115726188,-0.28434095278786586,-0.6809595019379253,-0.27985473189489424,-0.1596423230689413,-0.1532334360789819,-0.14270455030976287,1.38232421875,1.53759765625,1.52685546875,1.51611328125,1.50830078125,1.499755859375,0.279296875,0.9056672872096927,-0.31934568315683465,0.03811761833552049,0.27625354777672656,1.259033203125,-0.13916015625,-0.238037109375,-0.079345703125,0.0438232421875,0.0489501953125,-0.468017578125,0.263916015625,-0.8629150390625,0.999908444471572,0.47364726706747645,0.6448866237372967,0.5998107852412489,0.001586962492751854,-0.0007019257179479354,-0.0003051850947599719,-0.5792413098544267,-0.3783989989928892,0.9877620777001251,0.0625,-31.375,5.375,7.62109375,11.23828125,-9.140625,38.4375,-26.6875,0.0,0,0,1310,1789,1993,1
2,183540,245,0.7016510513626515,0.6419873653370769,0.9174779503769036,0.9203466902676474,0.9215979491561632,0.8965422528763696,-0.6805932798242134,-0.39506210516678364,-0.33964049195837276,-0.3598132267220069,-0.3609424115726188,-0.326273384807886,-0.2109134189886166,-0.6570940275276955,-0.20703756828516495,-0.1532334360789819,-0.14270455030976287,-0.2996002075258644,1.404052734375,1.544677734375,1.5302734375,1.50830078125,1.499755859375,1.47705078125,0.731201171875,0.8969389934995575,-0.3348185674611652,-0.048982207708975496,0.28458510086367383,1.34912109375,-0.548095703125,-0.55712890625,-0.19580078125,0.0391845703125,0.0206298828125,0.26025390625,0.2838134765625,-0.8843994140625,0.99984740745262,0.5232398449659719,0.6250495925778985,0.5792413098544267,0.0015564439832758568,-0.000640888698995941,-0.0006103701895199438,0.49971007415997803,-0.565843684194464,0.9845881527146214,0.75,-30.5625,4.5,8.3515625,11.69921875,-10.05078125,38.625,-26.125,0.0,0,0,1217,1250,1992,1
2,183591,246,0.6968901638843958,0.7345500045777764,0.9228186895352031,0.9215979491561632,0.8965422528763696,0.8492690816980498,-0.6933805352946563,-0.358287301248207,-0.3505966368602558,-0.3609424115726188,-0.326273384807886,-0.2413098544267098,-0.18311105685598317,-0.576219977416303,-0.1596423230689413,-0.14270455030976287,-0.2996002075258644,-0.46961882381664477,1.427001953125,1.546142578125,1.51611328125,1.499755859375,1.47705078125,1.44677734375,0.985595703125,0.8670918912320322,-0.3833429975280007,-0.14954069643238624,0.2807702871791742,1.421875,-0.422607421875,-0.6279296875,-0.17578125,0.032958984375,-0.0106201171875,0.3709716796875,0.302978515625,-1.02587890625,0.999938962981048,0.5591906491286965,0.5670949430829798,0.6047242652668844,0.0015564439832758568,-0.0005188146610919523,-0.0009765923032319102,-0.21057771538438064,-0.23071993163853877,0.9420758690145573,1.5625,-29.5,3.5,8.91015625,13.8203125,-8.44140625,38.8125,-25.5625,0.0,0,0,1384,1605,1971,1
2,183642,247,0.7237769707327494,0.8201849421674245,0.9203466902676474,0.8965422528763696,0.8492690816980498,0.7973876155888546,-0.6711020233771783,-0.29285561693166906,-0.3598132267220069,-0.326273384807886,-0.2413098544267098,-0.15076143681142612,-0.16049684133426922,-0.4914700766014588,-0.1532334360789819,-0.2996002075258644,-0.46961882381664477,-0.5843379009369183,1.4482421875,1.5458984375,1.50830078125,1.47705078125,1.44677734375,1.42578125,0.683349609375,0.8333994567705313,-0.4227423932615131,-0.22525711844233529,0.27567369609668263,1.421875,-0.62451171875,0.04052734375,-0.0498046875,0.0352783203125,-0.0523681640625,0.5927734375,0.3072509765625,-1.044189453125,0.999877925962096,0.5916013061922055,0.5095370342112491,0.6248054445020905,0.0014648884548478652,-0.0003357036042359691,-0.0012207403790398877,0.30692464980010375,-0.7864619891964476,0.9572435682241279,2.1875,-28.875,2.875,9.30859375,14.3203125,-7.0703125,38.9375,-24.9375,0.0,0,0,1106,1346,1978,1
2,183682,248,0.76128421887875,0.9013641773735771,0.9215979491561632,0.8492690816980498,0.7973876155888546,0.8097476119266335,-0.6361888485366375,-0.3305154576250496,-0.3609424115726188,-0.2413098544267098,-0.15076143681142612,-0.08456678975798822,-0.12524796288949247,-0.27985473189489424,-0.14270455030976287,-0.46961882381664477,-0.5843379009369183,-0.5806451612903226,1.47119140625,1.52685546875,1.499755859375,1.44677734375,1.42578125,1.407470703125,0.597900390625,0.8059327982421338,-0.478316599017304,-0.2367015594958342,0.2562334055604724,1.41064453125,-0.37353515625,0.071533203125,0.06201171875,0.0491943359375,-0.024658203125,0.0865478515625,0.3089599609375,-1.058349609375,0.99984740745262,0.5625476851710562,0.4273812067018647,0.7077242347483749,0.0015259254737998596,-0.00021362956633198035,-0.0012512588885158849,0.6184881130405591,0.2681051057466353,0.9946287423322245,2.75,-28.25,2.3125,9.33984375,14.73828125,-5.640625,39.0625,-24.375,0.0,0,0,1634,1190,1997,1
2,183733,249,0.7975402081362346,0.9174779503769036,0.8965422528763696,0.7973876155888546,0.8097476119266335,0.7947019867549668,-0.5836054567094943,-0.33964049195837276,-0.326273384807886,-0.15076143681142612,-0.08456678975798822,-0.05368205816827906,-0.15280617694631793,-0.20703756828516495,-0.2996002075258644,-0.5843379009369183,-0.5806451612903226,-0.6046327097384564,1.4912109375,1.5302734375,1.47705078125,1.42578125,1.407470703125,1.366455078125,1.33447265625,0.7643055513168737,-0.533402508621479,-0.2521134067812128,0.26029236732078004,1.417724609375,-0.618896484375,-0.148681640625,0.191162109375,0.0517578125,-0.01416015625,-0.01318359375,0.3148193359375,-0.9041748046875,0.99969481490524,0.5561387981810968,0.3106784264656514,0.770836512344737,0.001586962492751854,-0.00015259254737998596,-0.0014038514358958708,0.6015198217719047,0.29721976378673665,0.879879146702475,3.875,-27.375,1.6875,11.55078125,13.51953125,-4.8515625,39.1875,-23.8125,0.0,0,0,1648,1199,1939,1
2,183784,250,0.8073976866969818,0.9228186895352031,0.8492690816980498,0.8097476119266335,0.7947019867549668,0.7643055513168737,-0.5088351084933012,-0.3505966368602558,-0.2413098544267098,-0.08456678975798822,-0.05368205816827906,0.0003662221137119663,-0.2987151707510605,-0.1596423230689413,-0.46961882381664477,-0.5806451612903226,-0.6046327097384564,-0.6448561052278207,1.5126953125,1.51611328125,1.44677734375,1.407470703125,1.366455078125,1.34375,0.73388671875,0.7005523850215155,-0.597430341502121,-0.2784813989684744,0.27341532639545885,1.422119140625,-0.173095703125,-0.12646484375,0.215087890625,0.037841796875,0.0211181640625,0.2061767578125,0.318359375,-0.828125,0.999603259376812,0.5886104922635579,0.14319284646137884,0.7956175420392468,0.001586962492751854,-3.051850947599719e-05,-0.0015564439832758568,0.7675405133213293,-0.5164342173528245,0.9806207464827418,4.5625,-26.875,1.25,12.3515625,13.03125,-4.41015625,39.3125,-23.1875,0.0,0,0,1241,1116,1990,1
2,183837,251,0.7509384441663869,0.9203466902676474,0.7973876155888546,0.7947019867549668,0.7643055513168737,0.782158879360332,-0.3967711416974395,-0.3598132267220069,-0.15076143681142612,-0.05368205816827906,0.0003662221137119663,-0.07626575518051698,-0.5278786584063234,-0.1532334360789819,-0.5843379009369183,-0.6046327097384564,-0.6448561052278207,-0.6183965575121311,1.528564453125,1.50830078125,1.42578125,1.366455078125,1.34375,1.298583984375,1.46875,0.6985076448866238,-0.6067690054017761,-0.2445448164311655,0.2899868770409253,1.435302734375,0.388916015625,0.3740234375,0.276123046875,0.0147705078125,0.0447998046875,0.130615234375,0.3243408203125,-0.7393798828125,0.9994506668294321,0.5301675466170233,0.11673329874568926,0.8398083437604907,0.00173955504013184,-0.00021362956633198035,-0.0016174810022278512,0.7224951933347575,0.06784264656514176,0.9529709768974883,5.8125,-26.1875,0.75,13.0703125,12.76171875,-3.80859375,39.375,-22.625,0.0,0,0,1533,1138,1976,1
2,183885,252,0.6432691427350689,0.9215979491561632,0.8097476119266335,0.7643055513168737,0.782158879360332,0.8539078951384015,-0.3499862666707358,-0.3609424115726188,-0.08456678975798822,0.0003662221137119663,-0.07626575518051698,-0.1770378734702597,-0.6809595019379253,-0.14270455030976287,-0.5806451612903226,-0.6448561052278207,-0.6183965575121311,-0.489364299447615,1.53759765625,1.499755859375,1.407470703125,1.34375,1.298583984375,1.274658203125,0.77880859375,0.7264625995666372,-0.6057924130985443,-0.16663106173894468,0.2784203619495224,1.435302734375,0.014892578125,0.704345703125,0.022705078125,0.0452880859375,0.1204833984375,-0.33984375,0.3265380859375,-0.6492919921875,0.9992980742820521,0.3933835871456038,0.1574449903866695,0.9057893612475967,0.0019837031159398175,-0.0004577776421399579,-0.0014038514358958708,0.6292001098666341,0.12564470351268045,0.9851069673757133,6.5625,-25.75,0.375,13.671875,12.1796875,-3.58984375,39.4375,-22.0,0.0,0,0,1562,1185,1992,1
2,183936,253,0.6419873653370769,0.8965422528763696,0.7947019867549668,0.782158879360332,0.8539078951384015,0.9408856471449935,-0.39506210516678364,-0.326273384807886,-0.05368205816827906,-0.07626575518051698,-0.1770378734702597,-0.18201239051484724,-0.6570940275276955,-0.2996002075258644,-0.6046327097384564,-0.6183965575121311,-0.489364299447615,-0.2856837672048097,1.544677734375,1.47705078125,1.366455078125,1.298583984375,1.274658203125,1.2294921875,1.469970703125,0.7449262977996155,-0.6278572954496903,-0.08883938108462783,0.20731223487044892,1.4560546875,0.162109375,0.794921875,-0.126708984375,0.1094970703125,0.1102294921875,-0.7420654296875,0.3330078125,-0.4058837890625,0.9988402966399121,0.13617358928189946,0.1783196508682516,0.9745170445875423,0.002410962248603778,-0.0005188146610919523,-0.0010071108127079073,0.43397320474868006,-0.031342509231849114,0.9094210638752404,7.75,-25.125,0.0,15.37890625,10.28125,-4.01171875,39.5,-21.4375,0.0,0,0,1484,1283,1954,1
2,183986,254,0.7345500045777764,0.8492690816980498,0.7643055513168737,0.8539078951384015,0.9408856471449935,0.9842219306009095,-0.358287301248207,-0.2413098544267098,0.0003662221137119663,-0.1770378734702597,-0.18201239051484724,-0.16354869228186894,-0.576219977416303,-0.46961882381664477,-0.6448561052278207,-0.489364299447615,-0.2856837672048097,-0.06753746147038178,1.546142578125,1.44677734375,1.34375,1.274658203125,1.2294921875,1.20166015625,0.901123046875,0.770897549363689,-0.6228522598956266,-0.019653920102542192,0.13193151646473586,1.4560546875,0.180419921875,0.42578125,-0.0908203125,0.1331787109375,0.08154296875,-0.9793701171875,0.335205078125,-0.18017578125,0.9982299264503922,-0.09909360026856288,0.23734244819483016,0.966368602557451,0.00271614734336375,-0.0005188146610919523,-0.0004882961516159551,0.034485915707876826,0.261177404095584,0.9801629688406018,8.5625,-24.8125,-0.3125,16.46875,8.16015625,-4.51953125,39.5625,-20.8125,0.0,0,0,1630,1482,1990,1
2,184038,255,0.8201849421674245,0.7973876155888546,0.782158879360332,0.9408856471449935,0.9842219306009095,0.988677632984405,-0.29285561693166906,-0.15076143681142612,-0.07626575518051698,-0.18201239051484724,-0.16354869228186894,-0.14584795678579057,-0.4914700766014588,-0.5843379009369183,-0.6183965575121311,-0.2856837672048097,-0.06753746147038178,0.0348216193121128,1.5458984375,1.42578125,1.298583984375,1.2294921875,1.20166015625,1.1533203125,1.569091796875,0.7944273201696829,-0.5995666371654408,0.005066072573015534,0.09695730460524309,1.4423828125,0.2734375,0.08984375,-0.115234375,0.0721435546875,0.0572509765625,-0.70361328125,0.3358154296875,0.0970458984375,0.9971922971282082,-0.23075045014801476,0.3031708731345561,0.924588763084811,0.002990813928647725,-0.0005493331705679495,-0.00021362956633198035,-0.19309060945463424,-0.8795129245887631,0.858546708578753,9.875,-24.4375,-0.75,17.109375,5.55859375,-5.2890625,39.5625,-20.1875,0.0,0,0,1060,1596,1929,1
2,184089,256,0.9013641773735771,0.8097476119266335,0.8539078951384015,0.9842219306009095,0.988677632984405,0.9931943723868526,-0.3305154576250496,-0.08456678975798822,-0.1770378734702597,-0.16354869228186894,-0.14584795678579057,-0.11304055909909361,-0.27985473189489424,-0.5806451612903226,-0.489364299447615,-0.06753746147038178,0.0348216193121128,0.02859584337900937,1.52685546875,1.407470703125,1.274658203125,1.20166015625,1.1533203125,1.126708984375,0.865478515625,0.8164311655018769,-0.5695974608600116,-0.0163274025696585,0.0935087130344554,1.4326171875,0.39208984375,-0.281005859375,-0.121826171875,0.0621337890625,0.0498046875,-0.3895263671875,0.336181640625,0.1954345703125,0.9967040009765923,-0.2380748924222541,0.35941648609881893,0.902310251167333,0.003173924985503708,-0.0005188146610919523,-0.00027466658528397473,-0.5033722952970977,-0.29840998565630056,0.9866023743400373,10.6875,-24.25,-1.0625,17.109375,4.73828125,-5.62109375,39.5625,-19.625,0.0,0,0,1350,1751,1993,1
2,184139,257,0.9174779503769036,0.7947019867549668,0.9408856471449935,0.988677632984405,0.9931943723868526,0.9963072603534043,-0.33964049195837276,-0.05368205816827906,-0.18201239051484724,-0.14584795678579057,-0.11304055909909361,-0.08059938352610858,-0.20703756828516495,-0.6046327097384564,-0.2856837672048097,0.0348216193121128,0.02859584337900937,-0.030060731833857234,1.5302734375,1.366455078125,1.2294921875,1.1533203125,1.126708984375,1.080322265625,1.506591796875,0.8390758995330668,-0.5307779168065432,-0.060426648762474444,0.10266426587725455,1.458251953125,-0.060546875,-0.228271484375,-0.1748046875,0.0711669921875,0.0335693359375,-0.08056640625,0.3433837890625,0.246337890625,0.9963377788628803,-0.22156437879573962,0.42008728293710135,0.880031739249855,0.0034180730613116855,-0.0004882961516159551,-0.0005188146610919523,-0.1697134311960204,-0.4008301034577471,0.8579058198797571,11.9375,-23.9375,-1.5,17.359375,5.0703125,-5.6796875,39.5625,-19.0,0.0,0,0,1299,1584,1928,1
2,184189,258,0.9228186895352031,0.7643055513168737,0.9842219306009095,0.9931943723868526,0.9963072603534043,0.9919125949888608,-0.3505966368602558,0.0003662221137119663,-0.16354869228186894,-0.11304055909909361,-0.08059938352610858,-0.016754661702322458,-0.1596423230689413,-0.6448561052278207,-0.06753746147038178,0.02859584337900937,-0.030060731833857234,-0.12588885158848842,1.51611328125,1.34375,1.20166015625,1.126708984375,1.080322265625,1.05322265625,0.886474609375,0.8149052400280771,-0.5554673909726249,-0.1281472212897122,0.10486159855952636,1.467041015625,-0.400634765625,-0.481201171875,-0.208740234375,0.0623779296875,0.0091552734375,0.0543212890625,0.3466796875,0.2281494140625,0.9963072603534043,-0.16980498672444838,0.3316751609851375,0.9279763176366467,0.0035706656086916715,-0.00024414807580797754,-0.000946073793755913,-0.27692495498519853,-0.07971434675130466,0.9850154118472854,12.6875,-23.75,-1.75,17.328125,5.91015625,-5.33984375,39.5,-18.4375,0.0,0,0,1460,1638,1992,1
2,184230,259,0.9203466902676474,0.782158879360332,0.988677632984405,0.9963072603534043,0.9919125949888608,0.9685659352397229,-0.3598132267220069,-0.07626575518051698,-0.14584795678579057,-0.08059938352610858,-0.016754661702322458,0.04559465315713981,-0.1532334360789819,-0.6183965575121311,0.0348216193121128,-0.030060731833857234,-0.12588885158848842,-0.2445753349406415,1.50830078125,1.298583984375,1.1533203125,1.080322265625,1.05322265625,1.020751953125,1.049072265625,0.7757499923703727,-0.5856501968443861,-0.20380260628070926,0.11697744682149724,1.471435546875,-0.509033203125,-0.355712890625,-0.111083984375,0.0748291015625,-0.0296630859375,0.5401611328125,0.3489990234375,0.1746826171875,0.9964598529007843,-0.08310190130314035,0.21921445356608782,0.9721366008484146,0.0036011841181676687,3.051850947599719e-05,-0.0014954069643238624,-0.04965361491744743,-0.2625812555314798,0.8788109988708152,13.5625,-23.375,-1.9375,17.05078125,7.26953125,-4.73046875,39.4375,-17.8125,0.0,0,0,1368,1524,1939,1
2,184281,260,0.9215979491561632,0.8539078951384015,0.9931943723868526,0.9919125949888608,0.9685659352397229,0.9512314218573565,-0.3609424115726188,-0.1770378734702597,-0.11304055909909361,-0.016754661702322458,0.04559465315713981,0.10617389446699423,-0.14270455030976287,-0.489364299447615,0.02859584337900937,-0.12588885158848842,-0.2445753349406415,-0.28965117343668934,1.499755859375,1.274658203125,1.126708984375,1.05322265625,1.020751953125,0.97607421875,1.45458984375,0.7324747459334087,-0.6250495925778985,-0.2454603717154454,0.11181981872005371,1.47265625,-0.0810546875,0.126220703125,0.029296875,0.0284423828125,-0.041259765625,0.427734375,0.349365234375,-0.0126953125,0.9972533341471602,-0.06753746147038178,0.08517715994750816,0.9940794091616565,0.003784295175023652,0.0003357036042359691,-0.0019226660969878231,-0.9366130558183539,-0.7324137089144566,-0.5669423505355998,14.6875,-22.75,-2.0,15.73046875,10.33984375,-3.48828125,39.375,-17.25,0.0,0,0,1133,1968,1216,1
2,184341,261,0.8965422528763696,0.9408856471449935,0.9963072603534043,0.9685659352397229,0.9512314218573565,0.9585863826410718,-0.326273384807886,-0.18201239051484724,-0.08059938352610858,0.04559465315713981,0.10617389446699423,0.11099581896420178,-0.2996002075258644,-0.2856837672048097,-0.030060731833857234,-0.2445753349406415,-0.28965117343668934,-0.26230658894619585,1.47705078125,1.2294921875,1.080322265625,1.020751953125,0.97607421875,0.926513671875,1.608154296875,0.7082735679189428,-0.6565141758476516,-0.2367015594958342,0.1064485610522782,1.490234375,-0.297607421875,-0.065185546875,0.1279296875,0.0284423828125,-0.014892578125,0.0615234375,0.350830078125,0.0286865234375,0.9968871120334483,-0.13104647968993194,9.155552842799158e-05,0.9913632618182928,0.004150517288735618,0.0004272591326639607,-0.002044740134891812,-0.9810785241248817,-0.554612872707297,-0.9822077089754936,15.875,-22.0625,-1.75,15.7890625,10.91015625,-2.62890625,39.3125,-16.625,0.0,0,0,1222,1990,1008,1
2,184382,262,0.8492690816980498,0.9842219306009095,0.9919125949888608,0.9512314218573565,0.9585863826410718,0.9537339396343882,-0.2413098544267098,-0.16354869228186894,-0.016754661702322458,0.10617389446699423,0.11099581896420178,0.1077303384502701,-0.46961882381664477,-0.06753746147038178,-0.12588885158848842,-0.28965117343668934,-0.26230658894619585,-0.2806482131412702,1.44677734375,1.20166015625,1.05322265625,0.97607421875,0.926513671875,0.897705078125,0.9375,0.6765648365733817,-0.6834009826960051,-0.2458571123386334,0.12161626026184881,1.482421875,-0.421142578125,-0.485107421875,0.118896484375,-0.014892578125,0.005126953125,-0.031494140625,0.348388671875,0.1051025390625,0.9963072603534043,-0.11941892757957702,-0.07544175542466507,0.9899594103823969,0.004272591326639607,0.0005188146610919523,-0.002349925229651784,-0.9923398541215247,-0.7507248146000549,-0.9954527420880764,16.5625,-21.625,-1.5625,16.0,10.5390625,-2.0703125,39.1875,-16.0625,0.0,0,0,1124,1996,1002,1
2,184432,263,0.7973876155888546,0.988677632984405,0.9685659352397229,0.9585863826410718,0.9537339396343882,0.8966338084047976,-0.15076143681142612,-0.14584795678579057,0.04559465315713981,0.11099581896420178,0.1077303384502701,0.12381359294412062,-0.5843379009369183,0.0348216193121128,-0.2445753349406415,-0.26230658894619585,-0.2806482131412702,-0.4250923184911649,1.42578125,1.1533203125,1.020751953125,0.926513671875,0.897705078125,0.86572265625,1.0380859375,0.6052735984374523,-0.7133091219824824,-0.304269539475692,0.17966246528519547,1.48046875,-0.31640625,-0.70703125,0.03515625,-0.042236328125,0.011474609375,0.4815673828125,0.347412109375,0.15869140625,0.9958494827112644,0.028962065492721335,-0.20075075533310954,0.979216895046846,0.004058961760307627,0.000793481246375927,-0.003173924985503708,-0.9875789666432692,-0.8081606494338817,-0.9982604449598682,17.3125,-21.1875,-1.5,16.05859375,10.48046875,-1.62890625,39.0625,-15.4375,0.0,0,0,1095,1993,1000,1
2,184484,264,0.8097476119266335,0.9931943723868526,0.9512314218573565,0.9537339396343882,0.8966338084047976,0.8310190130314036,-0.08456678975798822,-0.11304055909909361,0.10617389446699423,0.1077303384502701,0.12381359294412062,0.1879634998626667,-0.5806451612903226,0.02859584337900937,-0.28965117343668934,-0.2806482131412702,-0.4250923184911649,-0.5235145115512558,1.407470703125,1.126708984375,0.97607421875,0.897705078125,0.86572265625,0.822021484375,1.42529296875,0.5254982146671957,-0.7415387432477798,-0.35847041230506305,0.21326334421826837,1.44677734375,-0.58984375,-0.223876953125,0.01025390625,-0.066162109375,-0.0087890625,0.5355224609375,0.3404541015625,0.0938720703125,0.9963072603534043,0.1292764061403241,-0.3470870082705161,0.9288918729209266,0.000793481246375927,0.00018311105685598315,-0.0004882961516159551,-0.989165929136021,-0.8355357524338511,-0.9978942228461561,18.3125,-20.5,-1.3125,14.73828125,11.53125,-1.890625,38.875,-14.875,0.0,0,0,1082,1994,1001,1
2,184535,265,0.7947019867549668,0.9963072603534043,0.9585863826410718,0.8966338084047976,0.8310190130314036,0.8335215308084353,-0.05368205816827906,-0.08059938352610858,0.11099581896420178,0.12381359294412062,0.1879634998626667,0.27219458601641894,-0.6046327097384564,-0.030060731833857234,-0.26230658894619585,-0.4250923184911649,-0.5235145115512558,-0.48075807977538376,1.366455078125,1.080322265625,0.926513671875,0.86572265625,0.822021484375,0.792236328125,0.962646484375,0.4476149784844508,-0.7888729514450514,-0.37748344370860926,0.18668172246467482,1.42626953125,-0.70654296875,0.094482421875,0.07861328125,-0.074462890625,-0.015869140625,0.334716796875,0.3363037109375,0.06787109375,0.9964903714102603,0.10946989349040193,-0.5228736228522599,0.8453321939756462,0.0009155552842799158,0.00027466658528397473,-0.0004882961516159551,-0.990264595477157,-0.25663014618366037,-0.988738670003357,19.0,-20.0,-1.25,13.9609375,12.01953125,-2.1015625,38.75,-14.3125,0.0,0,0,1371,1995,1005,1
2,184586,266,0.7643055513168737,0.9919125949888608,0.9537339396343882,0.8310190130314036,0.8335215308084353,0.8617206335642568,0.0003662221137119663,-0.016754661702322458,0.1077303384502701,0.1879634998626667,0.27219458601641894,0.33555101168858914,-0.6448561052278207,-0.12588885158848842,-0.2806482131412702,-0.5235145115512558,-0.48075807977538376,-0.380596331675161,1.34375,1.05322265625,0.897705078125,0.822021484375,0.792236328125,0.751220703125,1.335205078125,0.369304483169042,-0.8384044923245949,-0.3764152958769494,0.1379436628315073,1.402099609375,-0.687255859375,0.06884765625,0.078857421875,-0.068359375,-0.0035400390625,0.1539306640625,0.331787109375,0.09765625,0.9962462233344523,0.024231696523941772,-0.6889248329111606,0.7244178594317453,0.0010681478316599017,0.0003967406231879635,-0.0004577776421399579,-0.9876705221716972,-0.4910428174687948,-0.9917294839320048,19.875,-19.3125,-1.1875,13.5,12.0703125,-2.078125,38.5625,-13.75,0.0,0,0,1254,1993,1004,1
2,184637,267,0.782158879360332,0.9685659352397229,0.8966338084047976,0.8335215308084353,0.8617206335642568,0.8759422589800714,-0.07626575518051698,0.04559465315713981,0.12381359294412062,0.27219458601641894,0.33555101168858914,0.35914181951353497,-0.6183965575121311,-0.2445753349406415,-0.4250923184911649,-0.48075807977538376,-0.380596331675161,-0.3220923490096744,1.298583984375,1.020751953125,0.86572265625,0.792236328125,0.751220703125,0.722412109375,0.936279296875,0.2954191717276528,-0.870326853236488,-0.37665944395275736,0.11578722495193335,1.395751953125,-0.2158203125,-0.2626953125,0.047607421875,-0.0740966796875,-0.0015869140625,0.0555419921875,0.330322265625,0.144287109375,0.9958189642017884,-0.017761772515030368,-0.7989440595721305,0.6011535996581927,0.0012207403790398877,0.0004882961516159551,-0.0004272591326639607,-0.9864803003021333,-0.2982268745994446,-0.9867549668874173,20.5,-18.8125,-1.125,13.53125,11.94921875,-1.828125,38.375,-13.125,0.0,0,0,1350,1993,1006,1
2,184687,268,0.8539078951384015,0.9512314218573565,0.8310190130314036,0.8617206335642568,0.8759422589800714,0.8576311532944731,-0.1770378734702597,0.10617389446699423,0.1879634998626667,0.33555101168858914,0.35914181951353497,0.3540147099215674,-0.489364299447615,-0.28965117343668934,-0.5235145115512558,-0.380596331675161,-0.3220923490096744,-0.3730277413251137,1.274658203125,0.97607421875,0.822021484375,0.751220703125,0.722412109375,0.680908203125,1.34814453125,0.25031281472212896,-0.8767357402264473,-0.3834345530564287,0.14712973418378247,1.37890625,-0.20703125,-0.33984375,0.076171875,-0.0697021484375,-0.02001953125,0.3072509765625,0.3270263671875,0.1956787109375,0.9953306680501725,-0.022461622974333934,-0.8321787163914914,0.554063539536729,0.0014038514358958708,0.0005798516800439467,-0.0006103701895199438,-0.9866634113589893,-0.6680196539201025,-0.9945677053132725,21.375,-18.125,-1.0,13.37109375,11.8203125,-1.6796875,38.125,-12.625,0.0,0,0,1165,1993,1002,1
2,184738,269,0.9408856471449935,0.9585863826410718,0.8335215308084353,0.8759422589800714,0.8576311532944731,0.8420667134617146,-0.18201239051484724,0.11099581896420178,0.27219458601641894,0.35914181951353497,0.3540147099215674,0.34400463881344034,-0.2856837672048097,-0.26230658894619585,-0.48075807977538376,-0.3220923490096744,-0.3730277413251137,-0.4154484694967498,1.2294921875,0.926513671875,0.792236328125,0.722412109375,0.680908203125,0.65185546875,0.94189453125,0.2084414197210608,-0.880397961363567,-0.3883480330820643,0.1749626148258919,1.3642578125,-0.155029296875,-0.3115234375,0.0537109375,-0.0684814453125,0.0003662109375,0.1822509765625,0.32421875,0.206787109375,0.9952085940122685,-0.02230903042695395,-0.859248634296701,0.511062959685049,0.001586962492751854,0.0006103701895199438,-0.0007629627368999298,-0.9852900784325693,-0.42228461561937314,-0.9922788171025727,21.9375,-17.625,-1.0,13.01171875,11.890625,-1.98828125,37.9375,-12.0625,0.0,0,0,1288,1992,1003,1
2,184788,270,0.9842219306009095,0.9537339396343882,0.8617206335642568,0.8576311532944731,0.8420667134617146,0.8223212378307444,-0.16354869228186894,0.1077303384502701,0.33555101168858914,0.3540147099215674,0.34400463881344034,0.3485213782158879,-0.06753746147038178,-0.2806482131412702,-0.380596331675161,-0.3730277413251137,-0.4154484694967498,-0.4498123111667226,1.20166015625,0.897705078125,0.751220703125,0.680908203125,0.65185546875,0.609619140625,1.378173828125,0.16895046845912046,-0.8815271462141789,-0.3951841792046876,0.19537949766533402,1.337890625,-0.3984375,-0.017822265625,-0.001953125,-0.063720703125,0.00146484375,0.310791015625,0.3197021484375,0.2366943359375,0.9948423718985565,-0.03625598925748467,-0.8822595904416028,0.4693441572313608,0.0018311105685598315,0.0007629627368999298,-0.0009765923032319102,-0.9895016327402569,-0.7849055452131718,-0.9960631122775964,22.8125,-16.9375,-0.9375,12.58984375,11.80078125,-2.19140625,37.6875,-11.5,0.0,0,0,1107,1994,1001,1
2,184829,271,0.988677632984405,0.8966338084047976,0.8759422589800714,0.8420667134617146,0.8223212378307444,0.826044495986816,-0.14584795678579057,0.12381359294412062,0.35914181951353497,0.34400463881344034,0.3485213782158879,0.3674123355815302,0.0348216193121128,-0.4250923184911649,-0.3220923490096744,-0.4154484694967498,-0.4498123111667226,-0.4274117252113407,1.1533203125,0.86572265625,0.722412109375,0.65185546875,0.609619140625,0.580810546875,0.935791015625,0.1292153691213721,-0.8859828485976745,-0.40491958372753073,0.18536942655720695,1.318603515625,-0.34619140625,0.017333984375,-0.05029296875,-0.065673828125,0.0106201171875,0.20556640625,0.31640625,0.2532958984375,0.9946592608417005,-0.05279702139347514,-0.9151890621662038,0.39957884456923126,0.0021362956633198035,0.0008850367748039186,-0.0010681478316599017,-0.9894405957213049,-0.391216772972808,-0.9923398541215247,23.375,-16.4375,-0.875,12.26953125,11.7109375,-2.48046875,37.375,-10.9375,0.0,0,0,1304,1994,1003,1
2,184907,272,0.9931943723868526,0.8310190130314036,0.8576311532944731,0.8223212378307444,0.826044495986816,0.8332163457136753,-0.11304055909909361,0.1879634998626667,0.3540147099215674,0.3485213782158879,0.3674123355815302,0.43131809442426833,0.02859584337900937,-0.5235145115512558,-0.3730277413251137,-0.4498123111667226,-0.4274117252113407,-0.34601886043885616,1.126708984375,0.822021484375,0.680908203125,0.609619140625,0.580810546875,0.539306640625,1.34814453125,0.05536057618945891,-0.8923612170781579,-0.4245735038300729,0.14264351329081087,1.295654296875,-0.358154296875,0.04296875,-0.054931640625,-0.0654296875,-0.004638671875,0.1754150390625,0.3126220703125,0.29248046875,0.9940794091616565,-0.07980590227973265,-0.967345194860683,0.24057741019928586,0.0025940733054597613,0.001281777397991882,-0.0010681478316599017,-0.9837336344492935,-0.4979094821008942,-0.9954527420880764,24.1875,-15.75,-0.875,12.03125,11.51171875,-2.55078125,37.125,-10.4375,0.0,0,0,1251,1991,1002,1
2,184942,273,0.9963072603534043,0.8335215308084353,0.8420667134617146,0.826044495986816,0.8332163457136753,0.8492385631885738,-0.08059938352610858,0.27219458601641894,0.34400463881344034,0.3674123355815302,0.43131809442426833,0.4427625354777673,-0.030060731833857234,-0.48075807977538376,-0.4154484694967498,-0.4274117252113407,-0.34601886043885616,-0.2876674703207495,1.080322265625,0.792236328125,0.65185546875,0.580810546875,0.539306640625,0.510498046875,0.93310546875,0.012787255470442824,-0.8943449201940977,-0.4326303903317362,0.11325418866542558,1.283935546875,-0.349609375,0.024658203125,-0.017333984375,-0.062255859375,-0.001953125,0.0855712890625,0.3106689453125,0.3199462890625,0.9936216315195165,-0.10223700674459059,-0.9845271156956694,0.14230780968657492,0.0030823694570757164,0.0014954069643238624,-0.0010376293221839045,-0.9926755577257607,-0.575579088717307,-0.9918210394604328,24.75,-15.25,-0.875,11.9296875,11.3984375,-2.51171875,36.8125,-9.875,0.0,0,0,1212,1996,1004,1
2,184982,274,0.9919125949888608,0.8617206335642568,0.8223212378307444,0.8332163457136753,0.8492385631885738,0.8636127811517685,-0.016754661702322458,0.33555101168858914,0.3485213782158879,0.43131809442426833,0.4427625354777673,0.4326914273506882,-0.12588885158848842,-0.380596331675161,-0.4498123111667226,-0.34601886043885616,-0.2876674703207495,-0.2587969603564562,1.05322265625,0.751220703125,0.609619140625,0.539306640625,0.510498046875,0.482177734375,0.92333984375,-0.01892147587511826,-0.8943754387035737,-0.4359263893551439,0.09854426709799494,1.27197265625,-0.299560546875,-0.0322265625,0.023193359375,-0.0592041015625,-0.0185546875,0.111328125,0.30859375,0.3499755859375,0.9929807428205206,-0.12512588885158848,-0.989135410626545,0.0771507919553209,0.0035706656086916715,0.0017090365306558428,-0.0010681478316599017,-0.9913937803277688,-0.5647144993438521,-0.9912106692709128,25.25,-14.8125,-0.8125,11.890625,11.26953125,-2.23828125,36.5,-9.375,0.0,0,0,1217,1995,1004,1
2,185032,275,0.9685659352397229,0.8759422589800714,0.826044495986816,0.8492385631885738,0.8636127811517685,0.8782311471907712,0.04559465315713981,0.35914181951353497,0.3674123355815302,0.4427625354777673,0.4326914273506882,0.41099276711325416,-0.2445753349406415,-0.3220923490096744,-0.4274117252113407,-0.2876674703207495,-0.2587969603564562,-0.2445753349406415,1.020751953125,0.722412109375,0.580810546875,0.510498046875,0.482177734375,0.4404296875,1.35302734375,-0.052766502883999145,-0.8959318826868495,-0.43186742759483626,0.08951078829309976,1.25390625,-0.187255859375,-0.031005859375,0.0546875,-0.052734375,-0.02587890625,0.1527099609375,0.3055419921875,0.3857421875,0.9921262245551927,-0.17242957853938415,-0.9848323007904294,0.018951994384594256,0.004608294930875576,0.0019531846064638203,-0.001281777397991882,-0.9957579271828364,-0.8005310220648824,-1.0,26.0625,-14.125,-0.75,11.73828125,11.12109375,-2.05859375,36.1875,-8.875,0.0,0,0,1099,1997,1000,1
2,185083,276,0.9512314218573565,0.8576311532944731,0.8332163457136753,0.8636127811517685,0.8782311471907712,0.8996856593523972,0.10617389446699423,0.3540147099215674,0.43131809442426833,0.4326914273506882,0.41099276711325416,0.3617969298379467,-0.28965117343668934,-0.3730277413251137,-0.34601886043885616,-0.2587969603564562,-0.2445753349406415,-0.24423963133640553,0.97607421875,0.680908203125,0.539306640625,0.482177734375,0.4404296875,0.412353515625,0.91259765625,-0.08166753135776848,-0.8994415112765892,-0.42085024567400126,0.08502456740012818,1.241455078125,-0.095458984375,-0.01708984375,0.0966796875,-0.051025390625,-0.023193359375,0.151611328125,0.3033447265625,0.40625,0.9915768913846248,-0.22080141605883968,-0.9750053407391583,-0.025177770317697683,0.005493331705679495,0.002075258644367809,-0.0014954069643238624,-0.9975280007324442,-0.8756065553758354,-0.9960936307870724,26.5625,-13.6875,-0.6875,11.62109375,11.01953125,-2.01171875,35.875,-8.375,0.0,0,0,1062,1998,1001,1
2,185134,277,0.9585863826410718,0.8420667134617146,0.8492385631885738,0.8782311471907712,0.8996856593523972,0.9219336527603992,0.11099581896420178,0.34400463881344034,0.4427625354777673,0.41099276711325416,0.3617969298379467,0.3002716147343364,-0.26230658894619585,-0.4154484694967498,-0.2876674703207495,-0.2445753349406415,-0.24423963133640553,-0.2447279274880215,0.926513671875,0.65185546875,0.510498046875,0.4404296875,0.412353515625,0.37109375,1.3408203125,-0.10724204229865414,-0.9051789910580768,-0.4036072878200629,0.07916501358073672,1.217041015625,-0.234130859375,0.033935546875,0.137939453125,-0.0462646484375,-0.02099609375,0.1611328125,0.299072265625,0.424072265625,0.9908444471572009,-0.2912686544389172,-0.9548020874660481,-0.05948057496871853,0.007263405255287332,0.002044740134891812,-0.0019837031159398175,-0.9962462233344523,-0.7887203588976714,-1.0,27.3125,-13.0,-0.625,11.2890625,10.91015625,-1.94921875,35.5,-7.9375,0.0,0,0,1105,1998,1000,1
2,185184,278,0.9537339396343882,0.8223212378307444,0.8636127811517685,0.8996856593523972,0.9219336527603992,0.9471114230780968,0.1077303384502701,0.3485213782158879,0.4326914273506882,0.3617969298379467,0.3002716147343364,0.22540971098971527,-0.2806482131412702,-0.4498123111667226,-0.2587969603564562,-0.24423963133640553,-0.2447279274880215,-0.22846156193731498,0.897705078125,0.609619140625,0.482177734375,0.412353515625,0.37109375,0.3447265625,0.85986328125,-0.1445966978972747,-0.9094821008941923,-0.3854487746818445,0.05786309396649068,1.200927734375,-0.38134765625,0.040771484375,0.169921875,-0.0439453125,-0.0150146484375,0.1610107421875,0.29638671875,0.43408203125,0.9903561510055849,-0.35294656208990755,-0.9262367625965148,-0.13223670155949582,0.0086977752006592,0.0018616290780358287,-0.0021362956633198035,-0.9989928891872921,-0.9092379528183844,-0.9959105197302164,27.75,-12.5625,-0.5625,11.078125,10.828125,-1.91015625,35.125,-7.4375,0.0,0,0,1045,1999,1002,1
2,185236,279,0.8966338084047976,0.826044495986816,0.8782311471907712,0.9219336527603992,0.9471114230780968,0.9693899349955748,0.12381359294412062,0.3674123355815302,0.41099276711325416,0.3002716147343364,0.22540971098971527,0.14706869716483048,-0.4250923184911649,-0.4274117252113407,-0.2445753349406415,-0.2447279274880215,-0.22846156193731498,-0.1966917935728019,0.86572265625,0.580810546875,0.4404296875,0.37109375,0.3447265625,0.305908203125,1.265380859375,-0.19180883205664234,-0.9103061006500442,-0.3661915952024903,0.021668141727958008,1.1767578125,-0.355712890625,0.076416015625,0.15234375,-0.0418701171875,-0.0072021484375,0.119140625,0.292236328125,0.4454345703125,0.9895931882686849,-0.4218573564867092,-0.8760643330179754,-0.2335276345103305,0.011474959562974944,0.0011902218695638905,-0.002533036286507767,-0.9959410382396924,-0.8398083437604907,-1.0,28.5,-11.875,-0.4375,10.73828125,10.73828125,-1.8203125,34.75,-7.0,0.0,0,0,1080,1997,1000,1
2,185288,280,0.8310190130314036,0.8332163457136753,0.8996856593523972,0.9471114230780968,0.9693899349955748,0.9814752647480697,0.1879634998626667,0.43131809442426833,0.3617969298379467,0.22540971098971527,0.14706869716483048,0.05612353892635884,-0.5235145115512558,-0.34601886043885616,-0.24423963133640553,-0.22846156193731498,-0.1966917935728019,-0.18311105685598317,0.822021484375,0.539306640625,0.412353515625,0.3447265625,0.305908203125,0.28076171875,0.818115234375,-0.24704733420819727,-0.9047822504348888,-0.3463850825525681,-0.01892147587511826,1.16162109375,-0.49462890625,0.091552734375,0.151611328125,-0.039794921875,0.001708984375,0.0799560546875,0.2896728515625,0.453857421875,0.989013336588641,-0.47318948942533645,-0.8083742790002136,-0.35016937772759177,0.011597033600878933,0.021790215765861997,0.009002960295419173,-0.9989928891872921,-0.913052766502884,-0.999633777886288,28.9375,-11.375,-0.375,10.55078125,10.6796875,-1.62890625,34.375,-6.5,0.0,0,0,1043,1999,1000,1
2,185338,281,0.8335215308084353,0.8492385631885738,0.9219336527603992,0.9693899349955748,0.9814752647480697,0.978667561876278,0.27219458601641894,0.4427625354777673,0.3002716147343364,0.14706869716483048,0.05612353892635884,-0.03857539597766045,-0.48075807977538376,-0.2876674703207495,-0.2447279274880215,-0.1966917935728019,-0.18311105685598317,-0.20184942167424544,0.792236328125,0.510498046875,0.37109375,0.305908203125,0.28076171875,0.244873046875,1.16552734375,-0.30823694570757165,-0.8923917355876338,-0.3249000518814661,-0.05566576128421888,1.142578125,-0.451171875,0.029052734375,0.129638671875,-0.0364990234375,-0.0045166015625,0.0760498046875,0.2862548828125,0.46728515625,0.9880062257759331,-0.5266273995178076,-0.7169408246101261,-0.456801049836726,0.01782280953398236,0.02533036286507767,0.015533921323282572,-0.9938657795953245,-0.8951078829309976,-1.0,29.5625,-10.75,-0.25,10.30859375,10.62109375,-1.23828125,33.9375,-6.0625,0.0,0,0,1052,1996,1000,1
2,185389,282,0.8617206335642568,0.8636127811517685,0.9471114230780968,0.9814752647480697,0.978667561876278,0.9533982360301523,0.33555101168858914,0.4326914273506882,0.22540971098971527,0.05612353892635884,-0.03857539597766045,-0.13174840540787988,-0.380596331675161,-0.2587969603564562,-0.22846156193731498,-0.18311105685598317,-0.20184942167424544,-0.27140110477004303,0.751220703125,0.482177734375,0.3447265625,0.28076171875,0.244873046875,0.222900390625,0.712158203125,-0.3748588518936735,-0.8731345561082797,-0.29944761497848443,-0.08627582628864407,1.129150390625,-0.51220703125,-0.05419921875,0.138671875,-0.0369873046875,-0.0047607421875,0.077392578125,0.2838134765625,0.4765625,0.9873043000579852,-0.5720084231086153,-0.6082949308755761,-0.5502487258522294,0.024079103976561784,0.025940733054597615,0.0228278450880459,-0.9918820764793848,-0.8850978118228706,-1.0,30.0,-10.25,-0.1875,10.16015625,10.55078125,-0.9609375,33.5,-5.6875,0.0,0,0,1057,1995,1000,1
2,185430,283,0.8759422589800714,0.8782311471907712,0.9693899349955748,0.978667561876278,0.9533982360301523,0.9005401776177252,0.35914181951353497,0.41099276711325416,0.14706869716483048,-0.03857539597766045,-0.13174840540787988,-0.21323282570879237,-0.3220923490096744,-0.2445753349406415,-0.1966917935728019,-0.20184942167424544,-0.27140110477004303,-0.37888729514450514,0.722412109375,0.4404296875,0.305908203125,0.244873046875,0.222900390625,0.203369140625,0.63037109375,-0.4288155766472366,-0.8536637470625935,-0.27619251075777457,-0.1054109317300943,1.116455078125,-0.51904296875,-0.085205078125,0.14453125,-0.0364990234375,-0.0089111328125,0.08837890625,0.2813720703125,0.4876708984375,0.9864803003021333,-0.6125980407116917,-0.5101168858912931,-0.6037476729636525,0.038544877468184455,0.025482955412457656,0.028870509964293346,-0.9418622394482253,-0.7081514938810388,-0.999877925962096,30.4375,-9.8125,-0.0625,10.0390625,10.4609375,-0.671875,33.0625,-5.25,0.0,0,0,1145,1970,1000,1
2,185480,284,0.8576311532944731,0.8996856593523972,0.9814752647480697,0.9533982360301523,0.9005401776177252,0.7917416913357952,0.3540147099215674,0.3617969298379467,0.05612353892635884,-0.13174840540787988,-0.21323282570879237,-0.2868129520554216,-0.3730277413251137,-0.24423963133640553,-0.18311105685598317,-0.27140110477004303,-0.37888729514450514,-0.5393536179692984,0.680908203125,0.412353515625,0.28076171875,0.222900390625,0.203369140625,0.177001953125,0.860595703125,-0.4986419263283181,-0.8223517563402204,-0.24304940946684164,-0.12659077730643636,1.09375,-0.5712890625,-0.11962890625,0.156982421875,-0.0380859375,-0.010009765625,0.101806640625,0.277099609375,0.507080078125,0.9850459303567614,-0.6659749137852107,-0.37125766777550584,-0.6470229194006165,0.061037018951994385,0.022583697012237922,0.04037598803674428,-0.6980193487350078,-0.6211127048554949,-0.999664296395764,31.0,-9.1875,0.125,9.890625,10.2109375,-0.28125,32.625,-4.875,0.0,0,0,1189,1849,1000,1
2,185533,285,0.8420667134617146,0.9219336527603992,0.978667561876278,0.9005401776177252,0.7917416913357952,0.6237678151799066,0.34400463881344034,0.3002716147343364,-0.03857539597766045,-0.21323282570879237,-0.2868129520554216,-0.30613116855372785,-0.4154484694967498,-0.2447279274880215,-0.20184942167424544,-0.37888729514450514,-0.5393536179692984,-0.7191686758018738,0.65185546875,0.37109375,0.244873046875,0.203369140625,0.177001953125,0.166748046875,0.331787109375,-0.5622119815668203,-0.7893307290871914,-0.2032837916196173,-0.13974425489059114,1.076416015625,-0.4326171875,-0.193359375,0.186279296875,-0.035888671875,-0.005859375,0.088134765625,0.2740478515625,0.5177001953125,0.9840388195440535,-0.7181920834986419,-0.23413800469985047,-0.6552629169591357,0.0935697500534074,0.0075380718405713065,0.03347880489516892,0.6718344676046022,-0.7312845240638447,-0.9584032715842158,31.4375,-8.75,0.25,9.76953125,10.01953125,0.01953125,32.1875,-4.4375,0.0,0,0,1134,1164,1020,1
2,185583,286,0.8223212378307444,0.9471114230780968,0.9533982360301523,0.7917416913357952,0.6237678151799066,0.35175634022034363,0.3485213782158879,0.22540971098971527,-0.13174840540787988,-0.2868129520554216,-0.30613116855372785,-0.3218482009338664,-0.4498123111667226,-0.22846156193731498,-0.27140110477004303,-0.5393536179692984,-0.7191686758018738,-0.8790246284371471,0.609619140625,0.3447265625,0.222900390625,0.177001953125,0.166748046875,0.15576171875,0.35888671875,-0.6095767082735679,-0.7628406628620258,-0.1596423230689413,-0.14487136448255866,1.04931640625,-0.4130859375,-0.195556640625,0.187255859375,-0.0341796875,-0.0107421875,0.1187744140625,0.26904296875,0.53173828125,0.9824518570513017,-0.7758720664082767,-0.11551255836664938,-0.620227668080691,0.13498336741233558,-0.017853328043458357,0.01568651387066256,0.7564622943815424,-0.12125003814813684,-0.8736228522598957,32.0,-8.125,0.5,9.58984375,9.69140625,0.5,31.6875,-4.125,0.0,0,0,1439,1121,1063,1
2,185634,287,0.826044495986816,0.9693899349955748,0.9005401776177252,0.6237678151799066,0.35175634022034363,0.04718161564989166,0.3674123355815302,0.14706869716483048,-0.21323282570879237,-0.30613116855372785,-0.3218482009338664,-0.26285592211676384,-0.4274117252113407,-0.1966917935728019,-0.37888729514450514,-0.7191686758018738,-0.8790246284371471,-0.9636829737235634,0.580810546875,0.305908203125,0.203369140625,0.166748046875,0.15576171875,0.15576171875,0.00341796875,-0.6572771385845515,-0.7265541550950652,-0.12210455641346477,-0.1587267677846614,1.009521484375,-0.455810546875,0.10888671875,0.132568359375,-0.0367431640625,-0.01123046875,0.2340087890625,0.2625732421875,0.5565185546875,0.9799188207647939,-0.8095339823603015,0.006561479537339396,-0.587054048280282,0.14316232795190284,-0.05923642689291055,-0.04709006012146367,0.7445600756859035,-0.6237983336893826,-0.08703878902554399,32.5,-7.5,0.6875,9.5,9.0,0.98828125,31.1875,-3.75,0.0,0,0,1188,1127,1456,1
2,185685,288,0.8332163457136753,0.9814752647480697,0.7917416913357952,0.35175634022034363,0.04718161564989166,-0.08313241981261635,0.43131809442426833,0.05612353892635884,-0.2868129520554216,-0.3218482009338664,-0.26285592211676384,-0.13846247749259927,-0.34601886043885616,-0.18311105685598317,-0.5393536179692984,-0.8790246284371471,-0.9636829737235634,-0.9868770409253212,0.539306640625,0.28076171875,0.177001953125,0.15576171875,0.15576171875,0.169921875,-0.46142578125,-0.6971037934507278,-0.6770531327249977,-0.11758781701101718,-0.20444349497970518,0.9814453125,-0.267822265625,0.42822265625,0.13671875,-0.03759765625,-0.0003662109375,0.1265869140625,0.258056640625,0.5732421875,0.97796563615833,-0.7742545854060487,0.1228675191503647,-0.6208380382702109,0.11923581652272103,-0.07654042176580096,-0.08075197607348857,0.8428907132175665,-0.4250617999816889,0.9980468153935361,32.875,-7.125,0.875,9.4609375,8.44921875,1.37890625,30.75,-3.375,0.0,0,0,1287,1078,1999,1
2,185736,289,0.8492385631885738,0.978667561876278,0.6237678151799066,0.04718161564989166,-0.08313241981261635,-0.16022217474898526,0.4427625354777673,-0.03857539597766045,-0.30613116855372785,-0.26285592211676384,-0.13846247749259927,-0.05728324228644673,-0.2876674703207495,-0.20184942167424544,-0.7191686758018738,-0.9636829737235634,-0.9868770409253212,-0.9854121524704733,0.510498046875,0.244873046875,0.166748046875,0.15576171875,0.169921875,0.18896484375,-0.62548828125,-0.7121494186223944,-0.6316110721152379,-0.13965269936216315,-0.2727744376964629,0.962890625,-0.298095703125,0.5185546875,0.14990234375,-0.0145263671875,0.001953125,-0.095947265625,0.25390625,0.5643310546875,0.977538377025666,-0.6873989074373608,0.2184514908291879,-0.6926480910672322,0.05224768822290719,-0.07296975615710928,-0.10586870937223426,0.8677022614215522,0.26075014496292004,0.9979552598651081,33.4375,-6.625,1.1875,9.12109375,8.3203125,2.0703125,30.1875,-3.0625,0.0,0,0,1630,1066,1998,1
2,185786,290,0.8636127811517685,0.9533982360301523,0.35175634022034363,-0.08313241981261635,-0.16022217474898526,-0.12973418378246407,0.4326914273506882,-0.13174840540787988,-0.3218482009338664,-0.13846247749259927,-0.05728324228644673,0.05279702139347514,-0.2587969603564562,-0.27140110477004303,-0.8790246284371471,-0.9868770409253212,-0.9854121524704733,-0.9901425214392529,0.482177734375,0.222900390625,0.15576171875,0.169921875,0.18896484375,0.21240234375,-0.760498046875,-0.7232581560716574,-0.575640125736259,-0.16187017426068911,-0.3454390087588122,0.972900390625,-0.251708984375,0.492431640625,0.197021484375,0.0977783203125,0.0020751953125,-0.26708984375,0.2535400390625,0.53466796875,0.9793389690847499,-0.5724356822412794,0.326029236732078,-0.7523422956022828,0.025605029450361645,-0.0608233893856624,-0.11215552232428969,0.8622089297158727,0.08871730704672384,0.9980773339030122,33.75,-6.25,1.375,8.69921875,8.828125,2.51171875,29.6875,-2.75,0.0,0,0,1544,1068,1999,1
2,185837,291,0.8782311471907712,0.9005401776177252,0.04718161564989166,-0.16022217474898526,-0.12973418378246407,-0.1326639606921598,0.41099276711325416,-0.21323282570879237,-0.26285592211676384,-0.05728324228644673,0.05279702139347514,0.10522782067323833,-0.2445753349406415,-0.37888729514450514,-0.9636829737235634,-0.9854121524704733,-0.9901425214392529,-0.9855647450178533,0.4404296875,0.203369140625,0.15576171875,0.18896484375,0.21240234375,0.239013671875,-0.861083984375,-0.7183446760460219,-0.5315103610339671,-0.18280587176122318,-0.4099246192815943,1.0048828125,-0.1181640625,0.436279296875,0.18505859375,0.1229248046875,0.029052734375,-0.3466796875,0.2545166015625,0.4681396484375,0.9832148197882016,-0.4617145298623615,0.4054383983886227,-0.7889339884640034,-0.003967406231879635,-0.03305154576250496,-0.0890530106509598,0.868953520310068,0.1640369884334849,0.9987792596209601,34.1875,-5.625,1.8125,7.8203125,10.01953125,3.01953125,29.1875,-2.4375,0.0,0,0,1582,1065,1999,1
2,185891,292,0.8996856593523972,0.7917416913357952,-0.08313241981261635,-0.12973418378246407,-0.1326639606921598,-0.09198278756065553,0.3617969298379467,-0.2868129520554216,-0.13846247749259927,0.05279702139347514,0.10522782067323833,0.1368755149998474,-0.24423963133640553,-0.5393536179692984,-0.9868770409253212,-0.9901425214392529,-0.9855647450178533,-0.9862971892452772,0.412353515625,0.177001953125,0.169921875,0.21240234375,0.239013671875,0.26513671875,-0.849609375,-0.7014069032868435,-0.5024567400128178,-0.20267342143009737,-0.4631183812982574,1.017578125,-0.00439453125,0.3154296875,0.168212890625,0.124267578125,0.0496826171875,-0.3797607421875,0.254150390625,0.412841796875,0.9857173375652333,-0.3556321909237953,0.4508804589983825,-0.8186895352031007,-0.009582811975463118,-0.02542191839350566,-0.0826136051515244,0.8571733756523331,-0.08273567918942838,0.9982604449598682,34.5,-5.25,2.0625,7.05078125,10.7109375,3.26171875,28.625,-2.1875,0.0,0,0,1458,1071,1999,1
2,185941,293,0.9219336527603992,0.6237678151799066,-0.16022217474898526,-0.1326639606921598,-0.09198278756065553,-0.1218604083376568,0.3002716147343364,-0.30613116855372785,-0.05728324228644673,0.10522782067323833,0.1368755149998474,0.12359996337778863,-0.2447279274880215,-0.7191686758018738,-0.9854121524704733,-0.9855647450178533,-0.9862971892452772,-0.9848323007904294,0.37109375,0.166748046875,0.18896484375,0.239013671875,0.26513671875,0.2939453125,-0.9375,-0.6806237983336894,-0.49290444654683063,-0.2163457136753441,-0.49696340830713825,1.0263671875,0.09619140625,0.189697265625,0.157958984375,0.1019287109375,0.033935546875,-0.3292236328125,0.252197265625,0.3414306640625,0.9884640034180731,-0.294015320291757,0.4619586779381695,-0.836756492812891,-0.015503402813806574,-0.016266365550706503,-0.06979583117160558,0.8486892300180059,-0.282723471785638,0.9980773339030122,34.8125,-4.5625,2.5,5.9609375,11.390625,3.578125,28.125,-1.9375,0.0,0,0,1358,1075,1999,1
2,185979,294,0.9471114230780968,0.35175634022034363,-0.12973418378246407,-0.09198278756065553,-0.1218604083376568,-0.14706869716483048,0.22540971098971527,-0.3218482009338664,0.05279702139347514,0.1368755149998474,0.12359996337778863,0.11258278145695365,-0.22846156193731498,-0.8790246284371471,-0.9901425214392529,-0.9862971892452772,-0.9848323007904294,-0.9826960051271096,0.3447265625,0.15576171875,0.21240234375,0.26513671875,0.2939453125,0.321044921875,-0.8837890625,-0.6647541734061708,-0.49620044557023835,-0.22241889706106754,-0.5122837000640889,1.0302734375,0.065185546875,0.044189453125,0.106689453125,0.1114501953125,0.04638671875,-0.314208984375,0.2508544921875,0.3013916015625,0.9898373363444929,-0.26917325357829525,0.4552446058534501,-0.8486892300180059,-0.018066957609790338,-0.013733329264198737,-0.06250190740684225,0.8547318948942534,-0.07153538621173743,0.9976500747703482,35.0625,-4.0625,2.75,5.30859375,11.69921875,3.78125,27.5625,-1.6875,0.0,0,0,1464,1072,1998,1
2,186030,295,0.9693899349955748,0.04718161564989166,-0.1326639606921598,-0.1218604083376568,-0.14706869716483048,-0.17792291024506363,0.14706869716483048,-0.26285592211676384,0.10522782067323833,0.12359996337778863,0.11258278145695365,0.11111789300210578,-0.1966917935728019,-0.9636829737235634,-0.9855647450178533,-0.9848323007904294,-0.9826960051271096,-0.977752006591998,0.305908203125,0.15576171875,0.239013671875,0.2939453125,0.321044921875,0.34912109375,-0.905517578125,-0.6540421765800958,-0.49745170445875425,-0.22370067445905942,-0.5241248817407758,1.04052734375,-0.076904296875,0.07861328125,0.05029296875,0.09765625,0.03466796875,-0.22802734375,0.25,0.269287109375,0.9909970397045809,-0.25595873897518845,0.45609912411877807,-0.8523209326456496,-0.016449476607562488,-0.008178960539567248,-0.05389568773461104,0.8645588549455244,0.28534806360057374,0.9968565935239723,35.25,-3.625,3.0625,4.75,12.0,4.05078125,27.0,-1.4375,0.0,0,0,1642,1067,1998,1
2,186081,296,0.9814752647480697,-0.08313241981261635,-0.09198278756065553,-0.14706869716483048,-0.17792291024506363,-0.20816675313577684,0.05612353892635884,-0.13846247749259927,0.1368755149998474,0.11258278145695365,0.11111789300210578,0.12765892513809626,-0.18311105685598317,-0.9868770409253212,-0.9862971892452772,-0.9826960051271096,-0.977752006591998,-0.9697256385998108,0.28076171875,0.169921875,0.26513671875,0.321044921875,0.34912109375,0.38037109375,-1.018310546875,-0.6504409924619282,-0.4824976348155156,-0.2262947477645192,-0.5412152470473343,1.056396484375,-0.045654296875,0.253662109375,0.07470703125,0.0814208984375,0.010009765625,-0.1361083984375,0.2490234375,0.2508544921875,0.9918820764793848,-0.2349314859462264,0.4798120059816279,-0.8453321939756462,-0.017334513382366405,-0.005859553819391461,-0.046815393536179695,0.8618427076021608,0.07370220038453322,0.9981078524124882,35.5625,-2.9375,3.5,4.28125,12.23046875,4.55078125,26.4375,-1.25,0.0,0,0,1536,1069,1999,1
2,186132,297,0.978667561876278,-0.16022217474898526,-0.1218604083376568,-0.17792291024506363,-0.20816675313577684,-0.15527817621387371,-0.03857539597766045,-0.05728324228644673,0.12359996337778863,0.11111789300210578,0.12765892513809626,0.13614307077242346,-0.20184942167424544,-0.9854121524704733,-0.9848323007904294,-0.977752006591998,-0.9697256385998108,-0.9784539323099459,0.244873046875,0.18896484375,0.2939453125,0.34912109375,0.38037109375,0.409912109375,-0.964599609375,-0.6314584795678579,-0.46049378948332165,-0.2467421491134373,-0.5729850154118473,1.0732421875,0.06201171875,0.432861328125,0.13671875,0.096923828125,0.017333984375,-0.265625,0.2489013671875,0.23046875,0.9926145207068087,-0.15604113895077365,0.48970000305185096,-0.8578142643513291,-0.011658070619830927,-0.0026245918149357585,-0.0412915433210242,0.8711203344828639,0.18646809289834285,0.9989623706778161,35.75,-2.4375,3.8125,3.859375,12.5,4.8515625,25.875,-1.0,0.0,0,0,1593,1064,1999,1
2,186183,298,0.9533982360301523,-0.12973418378246407,-0.14706869716483048,-0.20816675313577684,-0.15527817621387371,-0.07699819940794092,-0.13174840540787988,0.05279702139347514,0.11258278145695365,0.12765892513809626,0.13614307077242346,0.1216772972808008,-0.27140110477004303,-0.9901425214392529,-0.9826960051271096,-0.9697256385998108,-0.9784539323099459,-0.9895931882686849,0.222900390625,0.21240234375,0.321044921875,0.38037109375,0.409912109375,0.443115234375,-1.074462890625,-0.598193304239021,-0.4303720206305124,-0.28113650929288614,-0.6147343363750114,1.090087890625,0.01123046875,0.548095703125,0.16064453125,0.10986328125,0.0394287109375,-0.3760986328125,0.24755859375,0.15869140625,0.9942625202185126,-0.039063692129276406,0.4868617816705832,-0.8726157414471877,-0.008056886501663259,-0.0024719992675557726,-0.036896877956480605,0.8759727774895474,0.27249977111117896,0.9991760002441481,35.9375,-1.75,4.3125,2.69140625,12.96875,5.0390625,25.3125,-0.875,0.0,0,0,1636,1062,1999,1
2,186238,299,0.9005401776177252,-0.1326639606921598,-0.17792291024506363,-0.15527817621387371,-0.07699819940794092,0.0358592486342967,-0.21323282570879237,0.10522782067323833,0.11111789300210578,0.13614307077242346,0.1216772972808008,0.1291543321024201,-0.37888729514450514,-0.9855647450178533,-0.977752006591998,-0.9784539323099459,-0.9895931882686849,-0.9909665211951049,0.203369140625,0.239013671875,0.34912109375,0.409912109375,0.443115234375,0.471435546875,-0.92333984375,-0.5628528702658162,-0.391216772972808,-0.31046479689931944,-0.6585894344920195,1.100830078125,-0.07421875,0.5185546875,0.18994140625,0.1142578125,0.040771484375,-0.4786376953125,0.2467041015625,0.0814208984375,0.9955442976165044,0.0935087130344554,0.4923245948667867,-0.8653828547013764,-0.0025940733054597613,-0.0007629627368999298,-0.03271584215826899,0.8774987029633473,0.31540879543443096,0.9992065187536241,36.0625,-1.25,4.6875,1.51171875,13.328125,4.98046875,24.75,-0.6875,0.0,0,0,1657,1061,1999,1
2,186283,300,0.7917416913357952,-0.09198278756065553,-0.20816675313577684,-0.07699819940794092,0.0358592486342967,0.1284218878749962,-0.2868129520554216,0.1368755149998474,0.12765892513809626,0.1216772972808008,0.1291543321024201,0.13187047944578387,-0.5393536179692984,-0.9862971892452772,-0.9697256385998108,-0.9895931882686849,-0.9909665211951049,-0.9829096346934416,0.177001953125,0.26513671875,0.38037109375,0.443115234375,0.471435546875,0.497802734375,-0.853515625,-0.5268410290841395,-0.358958708456679,-0.3305764946440016,-0.695913571581164,1.101318359375,0.08251953125,0.30517578125,0.180419921875,0.10693359375,0.055908203125,-0.4803466796875,0.24462890625,-0.000732421875,0.9965819269386883,0.206457716605121,0.4913480025635548,-0.8461256752220222,0.00018311105685598315,-0.0003662221137119663,-0.030182805871761222,0.8772240363780633,0.24085207678456985,0.9993591113010041,36.125,-0.75,5.0,0.26171875,13.48828125,4.7890625,24.1875,-0.5625,0.0,0,0,1620,1061,1999,1
2,186338,301,0.6237678151799066,-0.1218604083376568,-0.15527817621387371,0.0358592486342967,0.1284218878749962,0.1543931394390698,-0.30613116855372785,0.12359996337778863,0.13614307077242346,0.1291543321024201,0.13187047944578387,0.0859401226844081,-0.7191686758018738,-0.9848323007904294,-0.9784539323099459,-0.9909665211951049,-0.9829096346934416,-0.9842524491103855,0.166748046875,0.2939453125,0.409912109375,0.471435546875,0.497802734375,0.525146484375,-0.886474609375,-0.48756370738853116,-0.35160374767296365,-0.35251930295724354,-0.7171849726859341,1.123779296875,0.31298828125,0.27490234375,0.18798828125,0.1025390625,0.058349609375,-0.4283447265625,0.244384765625,-0.1275634765625,0.9977416302987762,0.2744224372081668,0.4522843104342784,-0.8485976744895779,0.001098666341135899,-0.0009155552842799158,-0.02621539963988159,0.859004486220893,-0.2021851252784814,0.9990844447157201,36.0625,0.125,5.4375,-1.69921875,13.76953125,4.5703125,23.5625,-0.375,0.0,0,0,1398,1070,1999,1
2,186384,302,0.35175634022034363,-0.14706869716483048,-0.07699819940794092,0.1284218878749962,0.1543931394390698,0.19202246162297434,-0.3218482009338664,0.11258278145695365,0.1216772972808008,0.13187047944578387,0.0859401226844081,0.016113773003326518,-0.8790246284371471,-0.9826960051271096,-0.9895931882686849,-0.9829096346934416,-0.9842524491103855,-0.9812616351817377,0.15576171875,0.321044921875,0.443115234375,0.497802734375,0.525146484375,0.548828125,-0.77099609375,-0.44523453474532304,-0.35386211737418743,-0.3812982573931089,-0.728812524796289,1.13623046875,0.1943359375,0.275146484375,0.13525390625,0.077880859375,0.0447998046875,-0.355712890625,0.2440185546875,-0.186767578125,0.9981688894314402,0.336985381633961,0.3845637379070406,-0.8594012268440809,0.0017700735496078372,-0.0024414807580797754,-0.02426221503341777,0.8782616657002472,0.22397534104434338,0.9994811853389081,36.0,0.625,5.75,-2.671875,13.7890625,4.5703125,23.0,-0.3125,0.0,0,0,1611,1060,1999,1
2,186436,303,0.04718161564989166,-0.17792291024506363,0.0358592486342967,0.1543931394390698,0.19202246162297434,0.21112704855494857,-0.26285592211676384,0.11111789300210578,0.1291543321024201,0.0859401226844081,0.016113773003326518,-0.018829920346690267,-0.9636829737235634,-0.977752006591998,-0.9909665211951049,-0.9842524491103855,-0.9812616351817377,-0.9772637104403821,0.15576171875,0.34912109375,0.471435546875,0.525146484375,0.548828125,0.572265625,-0.76806640625,-0.41462446974089784,-0.33954893642994477,-0.40192876979888303,-0.7424542985320597,1.182373046875,0.01416015625,0.26025390625,0.049560546875,0.0980224609375,0.062255859375,-0.40966796875,0.2471923828125,-0.2940673828125,0.9987487411114842,0.3880428479873043,0.3563646351512192,-0.8499710074159978,0.002227851191747795,-0.0026245918149357585,-0.02142399365215003,0.879940183721427,0.28028199102755824,0.9994811853389081,35.8125,1.5,6.1875,-4.41015625,13.94140625,4.73828125,22.375,-0.1875,0.0,0,0,1640,1060,1999,1
2,186506,304,-0.08313241981261635,-0.20816675313577684,0.1284218878749962,0.19202246162297434,0.21112704855494857,0.2553788872951445,-0.13846247749259927,0.12765892513809626,0.13187047944578387,0.016113773003326518,-0.018829920346690267,-0.025086214789269694,-0.9868770409253212,-0.9697256385998108,-0.9829096346934416,-0.9812616351817377,-0.9772637104403821,-0.966521195104831,0.169921875,0.38037109375,0.497802734375,0.548828125,0.572265625,0.593994140625,-0.705810546875,-0.38795129245887633,-0.3079012421033357,-0.4185308389538255,-0.76128421887875,1.22265625,0.05126953125,0.211669921875,0.04541015625,0.085205078125,0.0439453125,-0.3677978515625,0.25,-0.4005126953125,0.9990539262062441,0.4525589770195624,0.35514389477217934,-0.8179570909756767,0.0027771843623157445,-0.0025940733054597613,-0.019867549668874173,0.8792992950224311,0.26499221778008364,0.9994506668294321,35.5,2.3125,6.625,-6.12890625,13.83984375,4.8515625,21.8125,-0.125,0.0,0,0,1632,1060,1999,1
2,186537,305,-0.16022217474898526,-0.15527817621387371,0.1543931394390698,0.21112704855494857,0.2553788872951445,0.2660908841212195,-0.05728324228644673,0.13614307077242346,0.0859401226844081,-0.018829920346690267,-0.025086214789269694,-0.03198339793084506,-0.9854121524704733,-0.9784539323099459,-0.9842524491103855,-0.9772637104403821,-0.966521195104831,-0.9634083071382794,0.18896484375,0.409912109375,0.525146484375,0.572265625,0.593994140625,0.61376953125,-0.636962890625,-0.3735465559862056,-0.29633472701193275,-0.42680135502182076,-0.7684255500961333,1.251220703125,0.092041015625,0.285888671875,0.10205078125,0.095947265625,0.03857421875,-0.3580322265625,0.2520751953125,-0.4735107421875,0.9990539262062441,0.47517319254127627,0.34946745200964385,-0.8075197607348857,0.0030518509475997192,-0.0022888882106997894,-0.018066957609790338,0.8764610736411633,0.2012085329752495,0.9994201483199561,35.25,2.9375,6.9375,-7.30859375,13.6796875,4.8984375,21.1875,-0.0625,0.0,0,0,1600,1061,1999,1
2,186587,306,-0.12973418378246407,-0.07699819940794092,0.19202246162297434,0.2553788872951445,0.2660908841212195,0.3119602038636433,0.05279702139347514,0.1216772972808008,0.016113773003326518,-0.025086214789269694,-0.03198339793084506,-0.0641193884090701,-0.9901425214392529,-0.9895931882686849,-0.9812616351817377,-0.966521195104831,-0.9634083071382794,-0.9479354228339488,0.21240234375,0.443115234375,0.548828125,0.593994140625,0.61376953125,0.632568359375,-0.61376953125,-0.34052552873317665,-0.2792138431958983,-0.44584490493484297,-0.7792901394695882,1.27392578125,0.118408203125,0.35595703125,0.135009765625,0.0858154296875,0.02880859375,-0.3343505859375,0.2535400390625,-0.5313720703125,0.9990234076967681,0.532609027375103,0.31681264687032684,-0.7848445081942198,0.0036011841181676687,-0.0027466658528397473,-0.016998809778130435,0.8731955931272317,0.12262337107455672,0.9993591113010041,34.9375,3.4375,7.25,-8.26953125,13.46875,4.94140625,20.625,0.0,0.0,0,0,1561,1063,1999,1
2,186638,307,-0.1326639606921598,0.0358592486342967,0.21112704855494857,0.2660908841212195,0.3119602038636433,0.3555101168858913,0.10522782067323833,0.1291543321024201,-0.018829920346690267,-0.03198339793084506,-0.0641193884090701,-0.11432233649708548,-0.9855647450178533,-0.9909665211951049,-0.9772637104403821,-0.9634083071382794,-0.9479354228339488,-0.9276406140324106,0.239013671875,0.471435546875,0.572265625,0.61376953125,0.632568359375,0.649658203125,-0.554443359375,-0.2968535416730247,-0.25467696157719655,-0.47032074953459274,-0.7910702841273233,1.31787109375,0.10009765625,0.45263671875,0.1357421875,0.09326171875,0.0352783203125,-0.3887939453125,0.257080078125,-0.630859375,0.9989318521683401,0.6009399700918607,0.27552110354930265,-0.750297555467391,0.004119998779259621,-0.003143406476027711,-0.0152287362285226,0.8705404828028199,0.058931241798150576,0.9992980742820521,34.4375,4.3125,7.6875,-9.890625,13.0390625,5.0703125,20.0,0.0,0.0,0,0,1529,1064,1999,1
2,186688,308,-0.09198278756065553,0.1284218878749962,0.2553788872951445,0.3119602038636433,0.3555101168858913,0.4461806085390789,0.1368755149998474,0.13187047944578387,-0.025086214789269694,-0.0641193884090701,-0.11432233649708548,-0.1465804010132145,-0.9862971892452772,-0.9829096346934416,-0.966521195104831,-0.9479354228339488,-0.9276406140324106,-0.8828699606311228,0.26513671875,0.497802734375,0.593994140625,0.632568359375,0.649658203125,0.666748046875,-0.554443359375,-0.24756614886928924,-0.21527756584368418,-0.4916226691488388,-0.8066347239600817,1.3359375,0.049072265625,0.47705078125,0.157470703125,0.097412109375,0.0341796875,-0.469970703125,0.2579345703125,-0.6961669921875,0.9989623706778161,0.6921292764061403,0.24069948423718984,-0.6804712057863094,0.005188146610919523,-0.0034485915707876827,-0.014038514358958708,0.870326853236488,0.04709006012146367,0.9993285927915281,34.0,4.75,8.0,-10.8984375,12.5390625,5.05078125,19.375,0.0,0.0,0,0,1523,1064,1999,1
2,186739,309,-0.1218604083376568,0.1543931394390698,0.2660908841212195,0.3555101168858913,0.4461806085390789,0.5081942197943052,0.12359996337778863,0.0859401226844081,-0.03198339793084506,-0.11432233649708548,-0.1465804010132145,-0.18744468520157476,-0.9848323007904294,-0.9842524491103855,-0.9634083071382794,-0.9276406140324106,-0.8828699606311228,-0.8406018250068666,0.2939453125,0.525146484375,0.61376953125,0.649658203125,0.666748046875,0.679443359375,-0.4150390625,-0.19418927579577014,-0.1771294289986877,-0.5077059236426893,-0.8204596087527085,1.359375,-0.02587890625,0.42578125,0.177490234375,0.1043701171875,0.0404052734375,-0.54443359375,0.2586669921875,-0.8265380859375,0.9992065187536241,0.7687612537003693,0.20380260628070926,-0.6061891537217322,0.005706961272011475,-0.0036011841181676687,-0.012512588885158849,0.8653218176824244,-0.05911435285500656,0.9992065187536241,33.3125,5.5,8.4375,-12.75,11.21875,4.87890625,18.8125,0.0,0.0,0,0,1470,1067,1999,1
2,186779,310,-0.14706869716483048,0.19202246162297434,0.3119602038636433,0.4461806085390789,0.5081942197943052,0.5487838373973815,0.11258278145695365,0.016113773003326518,-0.0641193884090701,-0.1465804010132145,-0.18744468520157476,-0.20947904904324474,-0.9826960051271096,-0.9812616351817377,-0.9479354228339488,-0.8828699606311228,-0.8406018250068666,-0.8092898342844935,0.321044921875,0.548828125,0.632568359375,0.666748046875,0.679443359375,0.69287109375,-0.4384765625,-0.1553697317423017,-0.15469832453382976,-0.510666219061861,-0.8313547166356395,1.362060546875,0.019775390625,0.292236328125,0.195556640625,0.0916748046875,0.0374755859375,-0.5521240234375,0.2572021484375,-0.902099609375,0.9993591113010041,0.815271462141789,0.17532883693960388,-0.5518662068544572,0.0059511093478194525,-0.0037537766655476546,-0.011810663167210914,0.8528397473067415,-0.3115024262215033,0.9988708151493881,32.8125,5.9375,8.6875,-13.75,10.12109375,4.69921875,18.1875,0.0,0.0,0,0,1344,1073,1999,1
2,186833,311,-0.17792291024506363,0.21112704855494857,0.3555101168858913,0.5081942197943052,0.5487838373973815,0.5675527207251198,0.11111789300210578,-0.018829920346690267,-0.11432233649708548,-0.18744468520157476,-0.20947904904324474,-0.24259163182470167,-0.977752006591998,-0.9772637104403821,-0.9276406140324106,-0.8406018250068666,-0.8092898342844935,-0.7867976928006836,0.34912109375,0.572265625,0.649658203125,0.679443359375,0.69287109375,0.704345703125,-0.369873046875,-0.1152073732718894,-0.14316232795190284,-0.510849330118717,-0.8398083437604907,1.374267578125,0.050537109375,0.213134765625,0.20263671875,0.0760498046875,0.0313720703125,-0.4544677734375,0.2572021484375,-0.9775390625,0.9994811853389081,0.8492385631885738,0.13357951597643972,-0.510849330118717,0.005920590838343455,-0.003784295175023652,-0.010834070863979004,0.8417920468764305,-0.4833216345713675,0.9984740745262002,32.25,6.375,9.0,-14.73046875,9.03125,4.5390625,17.625,0.0,0.0,0,0,1258,1079,1999,1
2,186891,312,-0.20816675313577684,0.2553788872951445,0.4461806085390789,0.5487838373973815,0.5675527207251198,0.5619373149815363,0.12765892513809626,-0.025086214789269694,-0.1465804010132145,-0.20947904904324474,-0.24259163182470167,-0.2640461439863277,-0.9697256385998108,-0.966521195104831,-0.8828699606311228,-0.8092898342844935,-0.7867976928006836,-0.7838984344004639,0.38037109375,0.593994140625,0.666748046875,0.69287109375,0.704345703125,0.71142578125,-0.228271484375,-0.07907345805230873,-0.13562425611133153,-0.5005340739158299,-0.8513748588518937,1.388427734375,-0.158935546875,0.18359375,0.109619140625,0.09521484375,0.023193359375,-0.40673828125,0.2567138671875,-1.0487060546875,0.99954222235786,0.8710287789544359,0.10275582140568254,-0.4803613391521958,0.005523850215155492,-0.003906369212927641,-0.010681478316599017,0.8746910000915555,0.2076174199652089,0.9992675557725761,31.375,6.875,9.375,-15.66015625,7.80078125,4.44140625,17.0,0.0,0.0,0,0,1603,1062,1999,1
2,186932,313,-0.15527817621387371,0.2660908841212195,0.5081942197943052,0.5675527207251198,0.5619373149815363,0.5712454603717154,0.13614307077242346,-0.03198339793084506,-0.18744468520157476,-0.24259163182470167,-0.2640461439863277,-0.2490005188146611,-0.9784539323099459,-0.9634083071382794,-0.8406018250068666,-0.7867976928006836,-0.7838984344004639,-0.78209784234138,0.409912109375,0.61376953125,0.679443359375,0.704345703125,0.71142578125,0.719482421875,-0.26123046875,-0.05963316751609851,-0.1229285561693167,-0.4831995605334635,-0.8647724845118564,1.41796875,-0.11279296875,0.258544921875,0.079345703125,0.081298828125,0.0479736328125,-0.316162109375,0.259765625,-1.1083984375,0.999603259376812,0.8867152928250984,0.10464796899319437,-0.4503006073183386,0.005493331705679495,-0.0034180730613116855,-0.010162663655507066,0.8526261177404095,-0.2541581469161046,0.9985656300546282,30.6875,7.1875,9.6875,-16.44921875,7.05078125,4.41015625,16.375,0.0,0.0,0,0,1372,1073,1999,1
2,186985,314,-0.07699819940794092,0.3119602038636433,0.5487838373973815,0.5619373149815363,0.5712454603717154,0.6123233741264077,0.1216772972808008,-0.0641193884090701,-0.20947904904324474,-0.2640461439863277,-0.2490005188146611,-0.2511673329874569,-0.9895931882686849,-0.9479354228339488,-0.8092898342844935,-0.7838984344004639,-0.78209784234138,-0.749626148258919,0.443115234375,0.632568359375,0.69287109375,0.71142578125,0.719482421875,0.72314453125,-0.124267578125,-0.02838221381267739,-0.08490249336222419,-0.47663808099612415,-0.8745384075441756,1.44970703125,0.094482421875,0.44970703125,0.087158203125,0.0972900390625,0.03564453125,-0.4161376953125,0.262451171875,-1.166259765625,0.99954222235786,0.9208960234382153,0.10452589495529038,-0.37549974059266944,0.005767998290963469,-0.003357036042359691,-0.009857478560747094,0.8345591601306193,-0.5712149418622394,0.9981078524124882,29.75,7.625,10.0625,-17.23046875,6.1796875,4.48828125,15.8125,0.0,0.0,0,0,1214,1082,1999,1
2,187034,315,0.0358592486342967,0.3555101168858913,0.5675527207251198,0.5712454603717154,0.6123233741264077,0.6943876461073641,0.1291543321024201,-0.11432233649708548,-0.24259163182470167,-0.2490005188146611,-0.2511673329874569,-0.25479903561510053,-0.9909665211951049,-0.9276406140324106,-0.7867976928006836,-0.78209784234138,-0.749626148258919,-0.67299417096469,0.471435546875,0.649658203125,0.704345703125,0.719482421875,0.72314453125,0.72802734375,-0.159423828125,0.011780144657734916,-0.02706991790520951,-0.4720297860652486,-0.881069368572039,1.470947265625,-0.11181640625,0.471923828125,0.022216796875,0.0992431640625,0.0634765625,-0.5540771484375,0.2645263671875,-1.227294921875,0.99969481490524,0.9621875667592394,0.10034485915707878,-0.2532731101413007,0.006714072084719382,-0.0032349620044557024,-0.008728293710135197,0.8782921842097232,0.261024811548204,0.9994506668294321,29.0,7.875,10.25,-17.921875,5.12109375,4.28125,15.1875,0.0,0.0,0,0,1630,1060,1999,1
2,187085,316,0.1284218878749962,0.4461806085390789,0.5619373149815363,0.6123233741264077,0.6943876461073641,0.7570116275521104,0.13187047944578387,-0.1465804010132145,-0.2640461439863277,-0.2511673329874569,-0.25479903561510053,-0.23584704123050632,-0.9829096346934416,-0.8828699606311228,-0.7838984344004639,-0.749626148258919,-0.67299417096469,-0.6093630787072359,0.497802734375,0.666748046875,0.71142578125,0.72314453125,0.72802734375,0.726318359375,0.059814453125,0.04315317239906003,0.031128879665517136,-0.45347453230384227,-0.8896755882442702,1.47119140625,-0.171875,0.35986328125,-0.041259765625,0.114501953125,0.0635986328125,-0.6087646484375,0.262451171875,-1.2977294921875,0.999877925962096,0.9839777825251015,0.11722159489730521,-0.13443403424176764,0.0073854792931913205,-0.002990813928647725,-0.008301034577471236,0.8694112979522081,0.24808496353038118,0.9989013336588641,27.9375,8.125,10.5625,-18.51171875,3.2109375,3.578125,14.625,0.0,0.0,0,0,1624,1065,1999,1
2,187136,317,0.1543931394390698,0.5081942197943052,0.5712454603717154,0.6943876461073641,0.7570116275521104,0.8069704275643178,0.0859401226844081,-0.18744468520157476,-0.2490005188146611,-0.25479903561510053,-0.23584704123050632,-0.21344645527512437,-0.9842524491103855,-0.8406018250068666,-0.78209784234138,-0.67299417096469,-0.6093630787072359,-0.5506759849848933,0.525146484375,0.679443359375,0.719482421875,0.72802734375,0.726318359375,0.72021484375,0.19775390625,0.06457716605121006,0.0847804193243202,-0.43470564897610403,-0.8942533646656697,1.4609375,-0.08203125,0.4091796875,-0.017822265625,0.1055908203125,0.0455322265625,-0.5645751953125,0.2587890625,-1.3533935546875,0.999877925962096,0.9894711142307809,0.14191106906338694,-0.028656880397961364,0.008026367992187262,-0.0026551103244117557,-0.007629627368999298,0.8346812341685232,0.1389202551347392,0.9980162968840601,26.8125,8.3125,10.875,-18.76171875,1.08984375,2.76171875,14.0,0.0,0.0,0,0,1569,1082,1999,1
2,187187,318,0.19202246162297434,0.5487838373973815,0.6123233741264077,0.7570116275521104,0.8069704275643178,0.8529007843256935,0.016113773003326518,-0.20947904904324474,-0.2511673329874569,-0.23584704123050632,-0.21344645527512437,-0.20892971587267678,-0.9812616351817377,-0.8092898342844935,-0.749626148258919,-0.6093630787072359,-0.5506759849848933,-0.478438673055208,0.548828125,0.69287109375,0.72314453125,0.726318359375,0.72021484375,0.720947265625,-0.0224609375,0.08743552964873195,0.12872707296975616,-0.4229255043183691,-0.8926969206823939,1.44482421875,-0.06103515625,0.333740234375,0.042236328125,0.094482421875,0.0377197265625,-0.5238037109375,0.2550048828125,-1.3671875,0.999877925962096,0.9870601519821772,0.14630573442793054,0.06585894344920194,0.008606219672231208,-0.0025940733054597613,-0.007080294198431349,0.7875606555375836,-0.011719107638782922,0.9976500747703482,26.0625,8.375,11.0,-18.66015625,-0.01171875,2.12890625,13.375,0.0,0.0,0,0,1494,1106,1998,1
2,187238,319,0.21112704855494857,0.5675527207251198,0.6943876461073641,0.8069704275643178,0.8529007843256935,0.8745689260536516,-0.018829920346690267,-0.24259163182470167,-0.25479903561510053,-0.21344645527512437,-0.20892971587267678,-0.23404644917142248,-0.9772637104403821,-0.7867976928006836,-0.67299417096469,-0.5506759849848933,-0.478438673055208,-0.4246650593585009,0.572265625,0.704345703125,0.72802734375,0.72021484375,0.720947265625,0.710693359375,0.333251953125,0.1163060396130253,0.16364024781029696,-0.4162419507431257,-0.8868068483535264,1.423095703125,0.020263671875,0.268798828125,0.109619140625,0.0865478515625,0.0511474609375,-0.511474609375,0.2501220703125,-1.3826904296875,0.99984740745262,0.9805291909543138,0.13190099795525986,0.14542069765312662,0.009033478804895169,-0.002868739890743736,-0.006561479537339396,0.1825922421948912,-0.3686330759605701,0.9838557084871975,24.9375,8.3125,11.1875,-18.37109375,-1.73828125,1.33984375,12.8125,0.0,0.0,0,0,1315,1408,1991,1
2,187288,320,0.2553788872951445,0.5619373149815363,0.7570116275521104,0.8529007843256935,0.8745689260536516,0.8922696615497299,-0.025086214789269694,-0.2640461439863277,-0.23584704123050632,-0.20892971587267678,-0.23404644917142248,-0.271523178807947,-0.966521195104831,-0.7838984344004639,-0.6093630787072359,-0.478438673055208,-0.4246650593585009,-0.36069826349681083,0.593994140625,0.71142578125,0.726318359375,0.720947265625,0.710693359375,0.708984375,0.050537109375,0.14838099307229835,0.19003875850703453,-0.412976470229194,-0.8782616657002472,1.405029296875,-0.045654296875,0.2138671875,0.12890625,0.0831298828125,0.0438232421875,-0.4542236328125,0.246337890625,-1.380859375,0.99984740745262,0.9711600085451827,0.09988708151493882,0.21655934324167608,0.009369182409131139,-0.003326517532883694,-0.0061037018951994385,0.7262794885097812,-0.4512771996215705,0.9962767418439283,24.25,8.25,11.3125,-18.0390625,-2.7109375,0.9296875,12.1875,0.0,0.0,0,0,1274,1136,1998,1
2,187339,321,0.2660908841212195,0.5712454603717154,0.8069704275643178,0.8745689260536516,0.8922696615497299,0.8965422528763696,-0.03198339793084506,-0.2490005188146611,-0.21344645527512437,-0.23404644917142248,-0.271523178807947,-0.31379131443220315,-0.9634083071382794,-0.78209784234138,-0.5506759849848933,-0.4246650593585009,-0.36069826349681083,-0.31266212958159123,0.61376953125,0.719482421875,0.72021484375,0.710693359375,0.708984375,0.705810546875,0.10888671875,0.18137150181585132,0.20755638294625692,-0.4056215094454787,-0.8714865565965758,1.38623046875,-0.116455078125,0.13623046875,0.125732421875,0.0997314453125,0.0430908203125,-0.4786376953125,0.2425537109375,-1.375244140625,0.99984740745262,0.9597766045106357,0.05792413098544267,0.27475814081240274,0.009552293465987122,-0.0037537766655476546,-0.005493331705679495,-0.11371196630756554,-0.09524826807458724,0.9865718558305613,23.5,8.125,11.375,-17.62109375,-3.75,0.53125,11.625,0.0,0.0,0,0,1452,1556,1993,1
2,187380,322,0.3119602038636433,0.6123233741264077,0.8529007843256935,0.8922696615497299,0.8965422528763696,0.8900112918485061,-0.0641193884090701,-0.2511673329874569,-0.20892971587267678,-0.271523178807947,-0.31379131443220315,-0.3471175267799921,-0.9479354228339488,-0.749626148258919,-0.478438673055208,-0.36069826349681083,-0.31266212958159123,-0.2956022827845088,0.632568359375,0.72314453125,0.720947265625,0.708984375,0.705810546875,0.69482421875,0.358154296875,0.20517593920712912,0.217505417035432,-0.3938413647877438,-0.8691976683858761,1.361572265625,-0.130615234375,0.305908203125,0.083740234375,0.0897216796875,0.0498046875,-0.3472900390625,0.2376708984375,-1.359619140625,0.999816888943144,0.9495223853267006,0.025147251808221686,0.31266212958159123,0.009704886013367107,-0.0042115543076876125,-0.005737479781487472,0.293313394573809,-0.7707144383068331,0.9842524491103855,22.5,7.875,11.5,-16.98828125,-4.9609375,0.05859375,11.0,0.0,0.0,0,0,1114,1353,1992,1
3,206044,0,0.7793816949980163,0.7793816949980163,0.7793816949980163,0.7793816949980163,0.7793816949980163,0.9555650502029481,-0.4097109897152623,-0.4097109897152623,-0.4097109897152623,-0.4097109897152623,-0.4097109897152623,-0.2946562089907529,0.4740134891811884,0.4740134891811884,0.4740134891811884,0.4740134891811884,0.4740134891811884,0.007965330973235268,7.045166015625,7.045166015625,7.045166015625,7.045166015625,7.045166015625,0.023193359375,7.999755859375,0.1490218817712943,-0.001892147587511826,-0.03927732169560839,-0.9880367442854091,1.126953125,0.0361328125,-0.020263671875,0.031005859375,0.017578125,0.007080078125,-0.1236572265625,0.2823486328125,0.0,0.9981994079409162,0.0,0.0,0.0,0.040498062074648275,-0.012482070375682853,0.0003357036042359691,-0.989135410626545,-0.4205755790887173,-1.0,0.0,0.0,0.0,-14.21875,-3.46875,0.640625,-0.625,0.0,0.0,1,2,1289,1994,1000,1
3,206083,1,0.7793816949980163,0.7793816949980163,0.7793816949980163,0.7793816949980163,0.9555650502029481,0.859279152806177,-0.4097109897152623,-0.4097109897152623,-0.4097109897152623,-0.4097109897152623,-0.2946562089907529,-0.5022125919370098,0.4740134891811884,0.4740134891811884,0.4740134891811884,0.4740134891811884,0.007965330973235268,0.09704886013367107,7.045166015625,7.045166015625,7.045166015625,7.045166015625,0.023193359375,0.025634765625,-0.08544921875,0.15366069521164585,0.0014038514358958708,-0.046967986083559676,-0.9869991149632252,1.1279296875,0.010498046875,0.02978515625,0.0439453125,0.0169677734375,0.004638671875,-0.1282958984375,0.28271484375,1.1265869140625,0.9980773339030122,-0.9990539262062441,0.04300057985168004,0.007660145878475295,-0.4168523209326456,-0.6986907559434797,0.28873561815240945,-0.9265724662007507,-0.9172948393200476,-0.8844569231238746,-0.5625,-0.125,-0.0625,-14.2109375,-3.55859375,0.609375,-1.1875,0.0,0.0,0,2,1041,1963,1057,1
3,206134,2,0.7793816949980163,0.7793816949980163,0.7793816949980163,0.9555650502029481,0.859279152806177,0.4412366100039674,-0.4097109897152623,-0.4097109897152623,-0.4097109897152623,-0.2946562089907529,-0.5022125919370098,-0.8518326364940336,0.4740134891811884,0.4740134891811884,0.4740134891811884,0.007965330973235268,0.09704886013367107,0.28226569414349806,7.045166015625,7.045166015625,7.045166015625,0.023193359375,0.025634765625,0.021728515625,0.13232421875,0.15970336008789332,0.003814813684499649,-0.05249183629871517,-0.9857478560747093,1.130859375,0.117431640625,0.019287109375,0.0244140625,0.0166015625,0.01220703125,-0.1197509765625,0.28369140625,1.1298828125,0.9978942228461561,-0.9986571855830562,0.05157628101443525,0.0038453321939756462,-0.7094332712790308,-0.5057832575457014,0.2663045136875515,-0.999908444471572,0.500198370311594,-0.3434553056428724,-1.4375,-0.375,-0.125,-14.21875,-3.69140625,0.55859375,-1.8125,0.0,0.0,0,2,1750,1999,1328,1
3,206185,3,0.7793816949980163,0.7793816949980163,0.7793816949980163,0.859279152806177,0.4412366100039674,0.3283181249427778,-0.4097109897152623,-0.4097109897152623,-0.4097109897152623,-0.5022125919370098,-0.8518326364940336,-0.8856471449934386,0.4740134891811884,0.4740134891811884,0.4740134891811884,0.09704886013367107,0.28226569414349806,0.3283486434522538,7.045166015625,7.045166015625,7.045166015625,0.025634765625,0.021728515625,0.02783203125,-0.199951171875,0.16556291390728478,0.0068971831415753655,-0.05993835261085849,-0.9843440046388134,1.131103515625,0.064208984375,-0.01220703125,0.039794921875,0.0142822265625,0.0098876953125,-0.1087646484375,0.2840576171875,1.1302490234375,0.9977721488082522,-0.9982299264503922,0.05957213049714652,-0.0008850367748039186,-0.6882229071932127,-0.2032227546006653,0.15601062044129765,-1.0,-0.6603900265511032,-0.957029938657796,-1.9375,-0.5625,-0.1875,-14.19921875,-3.78125,0.55859375,-2.375,0.0,0.0,0,2,1169,2000,1021,1
3,206235,4,0.7793816949980163,0.7793816949980163,0.9555650502029481,0.4412366100039674,0.3283181249427778,-0.11795403912472915,-0.4097109897152623,-0.4097109897152623,-0.2946562089907529,-0.8518326364940336,-0.8856471449934386,-0.9044160283211768,0.4740134891811884,0.4740134891811884,0.007965330973235268,0.28226569414349806,0.3283486434522538,0.4099856563005463,7.045166015625,7.045166015625,0.023193359375,0.021728515625,0.02783203125,0.032958984375,-0.1650390625,0.17139194921720025,0.01077303384502701,-0.06839197973570971,-0.9827570421460616,1.13232421875,0.0224609375,-0.016357421875,0.049560546875,0.017822265625,0.009033203125,-0.12109375,0.2847900390625,1.1314697265625,0.9975585192419202,-0.9976195562608722,0.06836146122623371,-0.007232886745811335,-0.47740104373302406,-0.0271919919431135,0.06402783288064211,0.30713827936643573,-0.9853816339609973,0.6013977477340007,-2.8125,-0.8125,-0.25,-14.1796875,-3.91015625,0.55859375,-3.0,0.0,0.0,0,2,1007,1346,1800,1
3,206286,5,0.7793816949980163,0.7793816949980163,0.859279152806177,0.3283181249427778,-0.11795403912472915,-0.10907315286721396,-0.4097109897152623,-0.4097109897152623,-0.5022125919370098,-0.8856471449934386,-0.9044160283211768,-0.8967864009521775,0.4740134891811884,0.4740134891811884,0.09704886013367107,0.3283486434522538,0.4099856563005463,0.42884609515671257,7.045166015625,7.045166015625,0.025634765625,0.02783203125,0.032958984375,0.03955078125,-0.220947265625,0.17777031769768364,0.014618366039002656,-0.0782189397869808,-0.9808648945585497,1.132568359375,0.007080078125,0.02490234375,0.0693359375,0.0152587890625,0.0087890625,-0.11962890625,0.28515625,1.1318359375,0.9974364452040162,-0.9967650379955443,0.07910397656178472,-0.013550218207342753,-0.33423871578112124,0.04477065340128788,0.01651051362651448,-0.5836970122379223,-0.8378551591540269,-0.7078157902768029,-3.375,-0.9375,-0.3125,-14.16015625,-4.0,0.55078125,-3.625,0.0,0.0,0,2,1081,1791,1146,1
3,206336,6,0.7793816949980163,0.7793816949980163,0.4412366100039674,-0.11795403912472915,-0.10907315286721396,-0.3611865596484268,-0.4097109897152623,-0.4097109897152623,-0.8518326364940336,-0.9044160283211768,-0.8967864009521775,-0.8230231635486923,0.4740134891811884,0.4740134891811884,0.28226569414349806,0.4099856563005463,0.42884609515671257,0.43839838862269964,7.045166015625,7.045166015625,0.021728515625,0.032958984375,0.03955078125,0.04931640625,-0.31298828125,0.18643757438886685,0.018402661214026308,-0.0902127140110477,-0.978148747215186,1.13427734375,0.1015625,0.047119140625,0.054931640625,0.0201416015625,0.0152587890625,-0.1336669921875,0.285888671875,1.133544921875,0.9971922971282082,-0.9956968901638844,0.09054841761528366,-0.019318216498306222,-0.2339548936429945,0.053651539658803066,0.0004882961516159551,-0.7577745902890103,-0.9855037079989013,0.9915768913846248,-4.1875,-1.25,-0.375,-14.140625,-4.1484375,0.51953125,-4.1875,0.0,0.0,0,2,1007,1878,1995,1
3,206390,7,0.7793816949980163,0.7793816949980163,0.3283181249427778,-0.10907315286721396,-0.3611865596484268,-0.3413495284890286,-0.4097109897152623,-0.4097109897152623,-0.8856471449934386,-0.8967864009521775,-0.8230231635486923,-0.8181096835230567,0.4740134891811884,0.4740134891811884,0.3283486434522538,0.42884609515671257,0.43839838862269964,0.4627826776940214,7.045166015625,7.045166015625,0.02783203125,0.03955078125,0.04931640625,0.05615234375,-0.22216796875,0.19318216498306223,0.021912289803765986,-0.10364085818048646,-0.9754325998718223,1.134765625,0.150146484375,-0.00927734375,0.02392578125,0.0224609375,0.0145263671875,-0.1544189453125,0.2862548828125,1.1341552734375,0.9970091860713522,-0.9944456312753686,0.1021759697256386,-0.02478102969450972,-0.16986602374340037,0.06070131534775842,-0.011230811487166967,-0.7027497177037874,-0.7220679342020936,0.988555558946501,-4.75,-1.375,-0.4375,-14.109375,-4.28125,0.4609375,-4.8125,0.0,0.0,0,2,1138,1851,1994,1
3,206438,8,0.7793816949980163,0.9555650502029481,-0.11795403912472915,-0.3611865596484268,-0.3413495284890286,-0.47541734061708424,-0.4097109897152623,-0.2946562089907529,-0.9044160283211768,-0.8230231635486923,-0.8181096835230567,-0.7479171117282631,0.4740134891811884,0.007965330973235268,0.4099856563005463,0.43839838862269964,0.4627826776940214,0.46324045533616137,7.045166015625,0.023193359375,0.032958984375,0.04931640625,0.05615234375,0.067626953125,-0.37744140625,0.1966307565538499,0.023865474410229806,-0.1141392254402295,-0.9735099337748344,1.13671875,0.04736328125,-0.035400390625,0.023681640625,0.0194091796875,0.0174560546875,-0.1492919921875,0.287109375,1.1363525390625,0.9967345194860683,-0.9942320017090366,0.10385448774681845,-0.026337473677785578,-0.012604144413586841,-0.02685628833887753,0.01608325449385052,0.836939603869747,0.29172643208105714,0.999603259376812,-5.625,-1.6875,-0.5,-14.0703125,-4.51171875,0.328125,-5.375,0.0,0.0,0,2,1645,1081,1999,1
3,206489,9,0.7793816949980163,0.859279152806177,-0.10907315286721396,-0.3413495284890286,-0.47541734061708424,-0.43968016602069154,-0.4097109897152623,-0.5022125919370098,-0.8967864009521775,-0.8181096835230567,-0.7479171117282631,-0.7508774071474349,0.4740134891811884,0.09704886013367107,0.42884609515671257,0.4627826776940214,0.46324045533616137,0.49284340952787864,7.045166015625,0.025634765625,0.03955078125,0.05615234375,0.067626953125,0.0751953125,-0.240966796875,0.19724112674336985,0.02673421430097354,-0.1282692953276162,-0.9715567491683706,1.13623046875,0.043701171875,0.013671875,0.015625,0.0216064453125,0.0167236328125,-0.1531982421875,0.287353515625,1.1356201171875,0.9965514084292123,-0.9944761497848446,0.10101626636555071,-0.028565324869533372,-0.015533921323282572,-0.02652058473464156,0.0173955504013184,0.7690969573046053,0.42658772545548873,0.9946592608417005,-6.125,-1.875,-0.5625,-14.01953125,-4.640625,0.23828125,-6.0,0.0,0.0,0,2,1713,1115,1997,1
3,206540,10,0.7793816949980163,0.4412366100039674,-0.3611865596484268,-0.47541734061708424,-0.43968016602069154,-0.5203711050752281,-0.4097109897152623,-0.8518326364940336,-0.8230231635486923,-0.7479171117282631,-0.7508774071474349,-0.6932279427472762,0.4740134891811884,0.28226569414349806,0.43839838862269964,0.46324045533616137,0.49284340952787864,0.4986419263283181,7.045166015625,0.021728515625,0.04931640625,0.067626953125,0.0751953125,0.088134765625,-0.4248046875,0.195684682760094,0.02990813928647725,-0.1424604022339549,-0.9697866756187628,1.138671875,0.153076171875,0.033203125,-0.031494140625,0.0166015625,0.01611328125,-0.1544189453125,0.288330078125,1.1378173828125,0.9962157048249763,-0.9952696310312205,0.09225745414593951,-0.030060731833857234,-0.016357921079134495,-0.026978362376781518,0.01892147587511826,0.8286385692922758,0.03277687917722098,0.9986266670735802,-7.0,-2.1875,-0.625,-13.96875,-4.890625,0.1015625,-6.625,0.0,0.0,0,2,1516,1085,1999,1
3,206581,11,0.7793816949980163,0.3283181249427778,-0.3413495284890286,-0.43968016602069154,-0.5203711050752281,-0.4806054872280038,-0.4097109897152623,-0.8856471449934386,-0.8181096835230567,-0.7508774071474349,-0.6932279427472762,-0.7081820123905148,0.4740134891811884,0.3283486434522538,0.4627826776940214,0.49284340952787864,0.4986419263283181,0.5172276985992004,7.045166015625,0.02783203125,0.05615234375,0.0751953125,0.088134765625,0.095703125,-0.24560546875,0.19278542435987425,0.03158665730765709,-0.14941862239448225,-0.9692678609576708,1.137451171875,0.05224609375,0.02490234375,-0.0224609375,0.016357421875,0.0076904296875,-0.122802734375,0.28857421875,1.1365966796875,0.9960020752586444,-0.9961546678060244,0.08227790154728844,-0.02978606524857326,-0.017883846552934356,-0.026337473677785578,0.019226660969878233,0.7221594897305216,0.2590716269417402,0.9974364452040162,-7.5,-2.375,-0.6875,-13.91015625,-5.01953125,0.03125,-7.1875,0.0,0.0,0,2,1629,1138,1998,1
3,206632,12,0.7793816949980163,-0.11795403912472915,-0.47541734061708424,-0.5203711050752281,-0.4806054872280038,-0.4555803094576861,-0.4097109897152623,-0.9044160283211768,-0.7479171117282631,-0.6932279427472762,-0.7081820123905148,-0.716483046967986,0.4740134891811884,0.4099856563005463,0.46324045533616137,0.4986419263283181,0.5172276985992004,0.5282753990295114,7.045166015625,0.032958984375,0.067626953125,0.088134765625,0.095703125,0.10400390625,-0.269287109375,0.19003875850703453,0.03384502700888089,-0.15271462141788994,-0.9692373424481948,1.13818359375,0.036865234375,0.00634765625,-0.0107421875,0.0133056640625,0.002197265625,-0.11328125,0.2891845703125,1.13720703125,0.9957579271828364,-0.9968565935239723,0.07269508957182531,-0.031556138798181095,-0.01446577349162267,-0.027741325113681447,0.020081179235206154,0.7656178472243416,-0.39353617969298377,0.9981994079409162,-8.0625,-2.5625,-0.75,-13.87890625,-5.12890625,0.05078125,-7.8125,0.0,0.0,0,2,1303,1117,1999,1
3,206683,13,0.7793816949980163,-0.10907315286721396,-0.43968016602069154,-0.4806054872280038,-0.4555803094576861,-0.5060579241309855,-0.4097109897152623,-0.8967864009521775,-0.7508774071474349,-0.7081820123905148,-0.716483046967986,-0.6910000915555284,0.4740134891811884,0.42884609515671257,0.49284340952787864,0.5172276985992004,0.5282753990295114,0.5161900692770165,7.045166015625,0.03955078125,0.0751953125,0.095703125,0.10400390625,0.117431640625,-0.435546875,0.1913815729239784,0.03497421185949278,-0.1510666219061861,-0.9692068239387188,1.135986328125,-0.09521484375,-0.013916015625,0.034423828125,0.012939453125,0.0010986328125,-0.10986328125,0.28955078125,1.1346435546875,0.9953917050691244,-0.9970397045808282,0.06970427564317759,-0.032898953215124975,-0.018433179723502304,-0.025147251808221686,0.01879940183721427,0.7453535569322794,0.25510422070986055,0.9985656300546282,-8.875,-2.875,-0.875,-13.80859375,-5.23046875,0.1015625,-8.375,0.0,0.0,0,2,1627,1127,1999,1
3,206734,14,0.7793816949980163,-0.3611865596484268,-0.5203711050752281,-0.4555803094576861,-0.5060579241309855,-0.49269081698049866,-0.4097109897152623,-0.8230231635486923,-0.6932279427472762,-0.716483046967986,-0.6910000915555284,-0.7034516434217353,0.4740134891811884,0.43839838862269964,0.4986419263283181,0.5282753990295114,0.5161900692770165,0.5122531815546129,7.045166015625,0.04931640625,0.088134765625,0.10400390625,0.117431640625,0.1259765625,-0.273193359375,0.1966612750633259,0.03491317484054079,-0.1467635120700705,-0.9688100833155309,1.135498046875,-0.0703125,0.008056640625,0.064697265625,0.0120849609375,-0.0009765625,-0.107421875,0.2899169921875,1.1341552734375,0.9950865199743645,-0.9964903714102603,0.07632679219946897,-0.03421124912259285,-0.01565599536118656,-0.026032288583025604,0.018646809289834285,0.7645802179021577,-0.28641621143223367,0.9983214819788202,-9.4375,-3.125,-0.9375,-13.76953125,-5.3203125,0.12109375,-9.0,0.0,0.0,0,2,1356,1117,1999,1
3,206785,15,0.7793816949980163,-0.3413495284890286,-0.4806054872280038,-0.5060579241309855,-0.49269081698049866,-0.543198950163274,-0.4097109897152623,-0.8181096835230567,-0.7081820123905148,-0.6910000915555284,-0.7034516434217353,-0.6748558000427259,0.4740134891811884,0.4627826776940214,0.5172276985992004,0.5161900692770165,0.5122531815546129,0.49949644459364606,7.045166015625,0.05615234375,0.095703125,0.117431640625,0.1259765625,0.13916015625,-0.434326171875,0.20734275337992492,0.03393658253730888,-0.14493240150151065,-0.9668874172185431,1.1328125,0.01025390625,0.01806640625,0.09130859375,0.0123291015625,-0.00048828125,-0.10009765625,0.2901611328125,1.1312255859375,0.9946592608417005,-0.9949644459364605,0.09390545365764336,-0.03469954527420881,-0.015289773247474594,-0.024811548203985716,0.017731254005554368,0.7899105807672353,0.2598956266975921,0.9987792596209601,-10.1875,-3.4375,-1.0,-13.69921875,-5.3984375,0.171875,-9.625,0.0,0.0,0,2,1629,1105,1999,1
3,206840,16,0.9555650502029481,-0.47541734061708424,-0.4555803094576861,-0.49269081698049866,-0.543198950163274,-0.5497604297006135,-0.2946562089907529,-0.7479171117282631,-0.716483046967986,-0.7034516434217353,-0.6748558000427259,-0.6749473555711539,0.007965330973235268,0.46324045533616137,0.5282753990295114,0.5122531815546129,0.49949644459364606,0.4921414838099307,0.023193359375,0.067626953125,0.10400390625,0.1259765625,0.13916015625,0.148193359375,-0.287109375,0.22324289681691947,0.035462508011108736,-0.13937803277687918,-0.9641102328562273,1.133056640625,-0.08984375,0.15087890625,0.14404296875,0.0562744140625,-0.0093994140625,-0.046142578125,0.2906494140625,1.1312255859375,0.9943540757469406,-0.9916684469130528,0.12152470473342082,-0.042451246681112095,-0.01654103213599048,-0.022919400616473892,0.01641895809808649,-0.9407635731070895,-0.7671437726981414,-0.9992980742820521,-10.75,-3.625,-1.0625,-13.671875,-5.48046875,0.23046875,-10.1875,0.0,0.0,0,2,1116,1970,1000,1
3,206886,17,0.859279152806177,-0.43968016602069154,-0.5060579241309855,-0.543198950163274,-0.5497604297006135,-0.6282845545823542,-0.5022125919370098,-0.7508774071474349,-0.6910000915555284,-0.6748558000427259,-0.6749473555711539,-0.6508377330851162,0.09704886013367107,0.49284340952787864,0.5161900692770165,0.49949644459364606,0.4921414838099307,0.4261909848323008,0.025634765625,0.0751953125,0.117431640625,0.13916015625,0.148193359375,0.161865234375,-0.4462890625,0.24631488998077333,0.058992278817102575,-0.11752677999206519,-0.9602343821527757,1.14697265625,-0.05029296875,0.279052734375,0.1640625,0.0892333984375,0.0098876953125,-0.1103515625,0.293212890625,1.1444091796875,0.9938657795953245,-0.9826654866176336,0.15732291634876552,-0.097933896908475,-0.016937772759178443,-0.021576586199530016,0.013733329264198737,-0.9879757072664571,-0.9332865382854701,0.826288644062624,-11.5625,-4.0,-1.1875,-13.80078125,-5.62109375,0.55078125,-10.8125,0.0,0.0,0,2,1033,1993,1913,1
3,206937,18,0.4412366100039674,-0.5203711050752281,-0.49269081698049866,-0.5497604297006135,-0.6282845545823542,-0.7151097140415662,-0.8518326364940336,-0.6932279427472762,-0.7034516434217353,-0.6749473555711539,-0.6508377330851162,-0.597643971068453,0.28226569414349806,0.4986419263283181,0.5122531815546129,0.4921414838099307,0.4261909848323008,0.36255989257484666,0.021728515625,0.088134765625,0.1259765625,0.148193359375,0.161865234375,0.177001953125,-0.496826171875,0.27433088167973874,0.09707937864314707,-0.11056855983153782,-0.9503158665730765,1.1552734375,0.05908203125,0.1923828125,0.150634765625,0.05517578125,0.04052734375,-0.2764892578125,0.2950439453125,1.1517333984375,0.9933164464247566,-0.9632862331003754,0.19946897793511764,-0.17963194677571948,-0.019196142460402233,-0.01751762443922239,0.010559404278695029,-0.05240028077028718,0.20285653248695334,-0.9556260872219001,-12.375,-4.3125,-1.25,-13.76171875,-6.01171875,0.2890625,-11.375,0.0,0.0,0,2,1601,1526,1022,1
3,206991,19,0.3283181249427778,-0.4806054872280038,-0.543198950163274,-0.6282845545823542,-0.7151097140415662,-0.7303384502700888,-0.8856471449934386,-0.7081820123905148,-0.6748558000427259,-0.6508377330851162,-0.597643971068453,-0.5894650105288858,0.3283486434522538,0.5172276985992004,0.49949644459364606,0.4261909848323008,0.36255989257484666,0.34513382366405226,0.02783203125,0.095703125,0.13916015625,0.161865234375,0.177001953125,0.185546875,-0.275634765625,0.29508346812341685,0.10705893124179815,-0.10385448774681845,-0.9437543870357372,1.1474609375,-0.27783203125,-0.142333984375,0.09423828125,0.0980224609375,0.0474853515625,-0.3692626953125,0.29443359375,1.1422119140625,0.9929197058015686,-0.9500717184972686,0.2360911893063143,-0.20401623584704123,-0.017975402081362345,-0.017151402325510424,0.009949034089175085,-0.9913327433088168,0.08456678975798822,-1.0,-12.875,-4.5625,-1.375,-13.53125,-6.28125,-0.25,-12.0,0.0,0.0,0,2,1542,1995,1000,1
3,207038,20,-0.11795403912472915,-0.4555803094576861,-0.5497604297006135,-0.7151097140415662,-0.7303384502700888,-0.7038789025543992,-0.9044160283211768,-0.716483046967986,-0.6749473555711539,-0.597643971068453,-0.5894650105288858,-0.6160771507919554,0.4099856563005463,0.5282753990295114,0.4921414838099307,0.36255989257484666,0.34513382366405226,0.3535264137699515,0.032958984375,0.10400390625,0.148193359375,0.177001953125,0.185546875,0.196044921875,-0.34130859375,0.30475783562730796,0.06323435163426619,-0.07684560686056092,-0.9472029786065248,1.1513671875,-0.171630859375,-0.361328125,0.0244140625,0.0450439453125,0.030029296875,-0.2105712890625,0.295654296875,1.1417236328125,0.9925840021973327,-0.9573046052430799,0.26276436658833585,-0.12057863093966491,-0.016815698721274454,-0.015961180455946532,0.009002960295419173,-0.9993591113010041,-0.9300210577715384,-0.999664296395764,-13.4375,-4.8125,-1.4375,-13.3984375,-6.6015625,-0.94921875,-12.625,0.0,0.0,0,2,1034,1999,1000,1
3,207079,21,-0.10907315286721396,-0.5060579241309855,-0.6282845545823542,-0.7303384502700888,-0.7038789025543992,-0.6465346232490006,-0.8967864009521775,-0.6910000915555284,-0.6508377330851162,-0.5894650105288858,-0.6160771507919554,-0.6384777367473372,0.42884609515671257,0.5161900692770165,0.4261909848323008,0.34513382366405226,0.3535264137699515,0.4175542466505936,0.03955078125,0.117431640625,0.161865234375,0.185546875,0.196044921875,0.2060546875,-0.3271484375,0.30268257698294015,0.009369182409131139,-0.0793176061281167,-0.9497360148930326,1.151123046875,0.066650390625,-0.582275390625,-0.01953125,0.0098876953125,0.027587890625,-0.0902099609375,0.2965087890625,1.139404296875,0.9922177800836207,-0.9645374919888913,0.26361888485366375,-0.012237922299874875,-0.013763847773674735,-0.01599169896542253,0.009918515579699088,-0.99984740745262,-0.9189428388317514,-0.999908444471572,-13.9375,-5.0625,-1.5625,-13.3203125,-6.7109375,-1.23046875,-13.1875,0.0,0.0,0,2,1040,1999,1000,1
3,207130,22,-0.3611865596484268,-0.49269081698049866,-0.7151097140415662,-0.7038789025543992,-0.6465346232490006,-0.5452742088076419,-0.8230231635486923,-0.7034516434217353,-0.597643971068453,-0.6160771507919554,-0.6384777367473372,-0.6172978911709952,0.43839838862269964,0.5122531815546129,0.36255989257484666,0.3535264137699515,0.4175542466505936,0.5670949430829798,0.04931640625,0.1259765625,0.177001953125,0.196044921875,0.2060546875,0.224365234375,-0.58984375,0.28662984099856564,-0.08960234382152776,-0.12381359294412062,-0.945768608661153,1.141357421875,-0.01416015625,-0.87646484375,-0.0400390625,0.000244140625,-0.0009765625,0.165283203125,0.2962646484375,1.1318359375,0.9914548173467208,-0.9495223853267006,0.24820703756828516,0.19193090609454636,-0.010711996826075015,-0.013183996093630787,0.011658070619830927,-0.99984740745262,-0.8212225714896084,-0.9949644459364605,-14.6875,-5.5,-1.75,-13.2109375,-6.69140625,-0.94140625,-13.8125,0.0,0.0,0,2,1089,1999,1002,1
3,207192,23,-0.3413495284890286,-0.543198950163274,-0.7303384502700888,-0.6465346232490006,-0.5452742088076419,-0.3680532242805261,-0.8181096835230567,-0.6748558000427259,-0.5894650105288858,-0.6384777367473372,-0.6172978911709952,-0.652363658558916,0.4627826776940214,0.49949644459364606,0.34513382366405226,0.4175542466505936,0.5670949430829798,0.6625263222144231,0.05615234375,0.13916015625,0.185546875,0.2060546875,0.224365234375,0.241455078125,-0.55810546875,0.2514419995727409,-0.22116763817255164,-0.13733329264198738,-0.9321878719443343,1.0986328125,-0.413330078125,-0.486083984375,-0.0537109375,-0.0145263671875,-0.0166015625,0.3402099609375,0.2916259765625,1.0943603515625,0.9906002990813929,-0.869808038575396,0.20035401470992156,0.45084994048890653,-0.025666066469313638,0.012421033356730858,0.015625476851710562,-1.0,-0.8808252204962309,-0.9930722983489486,-15.4375,-5.8125,-1.875,-12.8984375,-6.109375,0.46875,-14.375,0.0625,0.0,0,2,1059,2000,1003,1
3,207232,24,-0.47541734061708424,-0.5497604297006135,-0.7038789025543992,-0.5452742088076419,-0.3680532242805261,-0.28406628620258184,-0.7479171117282631,-0.6749473555711539,-0.6160771507919554,-0.6172978911709952,-0.652363658558916,-0.7331766716513566,0.46324045533616137,0.4921414838099307,0.3535264137699515,0.5670949430829798,0.6625263222144231,0.6178777428510391,0.067626953125,0.148193359375,0.196044921875,0.224365234375,0.241455078125,0.25244140625,-0.359619140625,0.22666096987823114,-0.27564317758720663,-0.10596026490066225,-0.9281289101840267,1.062744140625,-0.40283203125,-0.173583984375,-0.0654296875,-0.025634765625,-0.023681640625,0.2666015625,0.28759765625,1.0538330078125,0.9903561510055849,-0.825434125797296,0.1368755149998474,0.5476851710562456,-0.022766808069093907,0.009369182409131139,0.01834162419507431,-0.9990844447157201,-0.6805932798242134,-1.0,-15.9375,-6.0625,-1.9375,-12.48828125,-5.69921875,1.55078125,-15.0,0.125,0.0,0,2,1159,1999,1000,1
3,207283,25,-0.43968016602069154,-0.6282845545823542,-0.6465346232490006,-0.3680532242805261,-0.28406628620258184,-0.26349681081575976,-0.7508774071474349,-0.6508377330851162,-0.6384777367473372,-0.652363658558916,-0.7331766716513566,-0.815424054689169,0.49284340952787864,0.4261909848323008,0.4175542466505936,0.6625263222144231,0.6178777428510391,0.5154271065401166,0.0751953125,0.161865234375,0.2060546875,0.241455078125,0.25244140625,0.26806640625,-0.502685546875,0.20056764427625354,-0.3122653889584033,-0.0456251716666158,-0.9274575029755546,1.029296875,-0.4521484375,-0.12451171875,0.0126953125,-0.0328369140625,-0.0203857421875,0.141845703125,0.28369140625,1.0054931640625,0.9903866695150609,-0.7994933927426985,0.04617450483718375,0.5988952299569689,-0.021332438123722038,0.0042115543076876125,0.020905178991058076,-0.9866634113589893,-0.3891109958189642,-0.9945982238227485,-16.6875,-6.375,-2.0,-11.94140625,-5.37109375,2.76171875,-15.5625,0.1875,0.0,0,2,1305,1993,1002,1
3,207354,26,-0.5203711050752281,-0.7151097140415662,-0.5452742088076419,-0.28406628620258184,-0.26349681081575976,-0.2847071749015778,-0.6932279427472762,-0.597643971068453,-0.6172978911709952,-0.7331766716513566,-0.815424054689169,-0.8904690694906461,0.4986419263283181,0.36255989257484666,0.5670949430829798,0.6178777428510391,0.5154271065401166,0.35496078371532336,0.088134765625,0.177001953125,0.224365234375,0.25244140625,0.26806640625,0.28369140625,-0.50927734375,0.17865535447248757,-0.34266182439649645,0.04104739524521622,-0.9214148380993072,1.028564453125,-0.4521484375,-0.08056640625,0.088134765625,-0.0330810546875,-0.0166015625,0.048095703125,0.2835693359375,0.9908447265625,0.9903256324961089,-0.7829828791161839,-0.055238502151554916,0.619556260872219,-0.01879940183721427,0.0005493331705679495,0.01977599414044618,-0.9812616351817377,-0.8612933744315927,-0.999633777886288,-17.375,-6.6875,-2.0,-11.73046875,-5.37890625,3.5,-16.1875,0.3125,0.0,0,2,1069,1990,1000,1
3,207384,27,-0.4806054872280038,-0.7303384502700888,-0.3680532242805261,-0.26349681081575976,-0.2847071749015778,-0.26569414349803155,-0.7081820123905148,-0.5894650105288858,-0.652363658558916,-0.815424054689169,-0.8904690694906461,-0.9291055024872585,0.5172276985992004,0.34513382366405226,0.6625263222144231,0.5154271065401166,0.35496078371532336,0.25720999786370435,0.095703125,0.185546875,0.241455078125,0.26806640625,0.28369140625,0.28955078125,-0.19287109375,0.1750541703543199,-0.359019745475631,0.07394634846034119,-0.9137852107303079,1.030517578125,-0.3701171875,-0.211669921875,0.111083984375,-0.0311279296875,-0.0115966796875,0.003662109375,0.28369140625,0.988525390625,0.990295113986633,-0.7697378460036012,-0.08661152989288003,0.6324655903805658,-0.01989806817835017,-0.004486220892971587,0.022034363841669975,-0.8684957426679281,-0.9088106936857204,-1.0,-17.5625,-6.8125,-2.0,-11.69140625,-5.3984375,3.69140625,-16.75,0.375,0.0,0,2,1045,1934,1000,1
3,207437,28,-0.4555803094576861,-0.7038789025543992,-0.28406628620258184,-0.2847071749015778,-0.26569414349803155,-0.3037202063051241,-0.716483046967986,-0.6160771507919554,-0.7331766716513566,-0.8904690694906461,-0.9291055024872585,-0.934324167607654,0.5282753990295114,0.3535264137699515,0.6178777428510391,0.35496078371532336,0.25720999786370435,0.18655964842677084,0.10400390625,0.196044921875,0.25244140625,0.28369140625,0.28955078125,0.306640625,-0.55615234375,0.1783196508682516,-0.40052491836298715,0.11331522568437757,-0.891598254341258,1.037841796875,-0.364013671875,-0.335693359375,0.14599609375,-0.031005859375,-0.013427734375,0.083984375,0.2840576171875,0.98388671875,0.9900814844203009,-0.7222205267494736,-0.12057863093966491,0.6810510574663533,-0.016876735740226446,-0.0054322946867275,0.020783104953154087,-0.7925351725821711,-0.934842982268746,-0.9503769035920285,-18.25,-7.1875,-1.9375,-11.5703125,-5.53125,4.19140625,-17.375,0.5,0.0,0,2,1032,1896,1024,1
3,207486,29,-0.5060579241309855,-0.6465346232490006,-0.26349681081575976,-0.26569414349803155,-0.3037202063051241,-0.3324381237220374,-0.6910000915555284,-0.6384777367473372,-0.815424054689169,-0.9291055024872585,-0.934324167607654,-0.9396649067659536,0.5161900692770165,0.4175542466505936,0.5154271065401166,0.25720999786370435,0.18655964842677084,0.08075197607348857,0.117431640625,0.2060546875,0.26806640625,0.28955078125,0.306640625,0.319091796875,-0.402099609375,0.1784112063966796,-0.44740134891811884,0.16339609973448896,-0.8609881893368327,1.0322265625,-0.548828125,-0.285400390625,0.141357421875,-0.03369140625,-0.0098876953125,0.1541748046875,0.2828369140625,0.963623046875,0.9903256324961089,-0.6649678029725028,-0.17404705954161198,0.7263100070192572,-0.015808587908566547,-0.010254219183935057,0.020813623462630087,-0.9710989715262307,-0.9280983916745507,-0.9980773339030122,-18.75,-7.375,-1.8125,-11.25,-5.62109375,4.6796875,-17.9375,0.6875,0.0,0,2,1035,1985,1000,1
3,207537,30,-0.49269081698049866,-0.5452742088076419,-0.2847071749015778,-0.3037202063051241,-0.3324381237220374,-0.391216772972808,-0.7034516434217353,-0.6172978911709952,-0.8904690694906461,-0.934324167607654,-0.9396649067659536,-0.9177526169621876,0.5122531815546129,0.5670949430829798,0.35496078371532336,0.18655964842677084,0.08075197607348857,-0.06863612781151769,0.1259765625,0.224365234375,0.28369140625,0.306640625,0.319091796875,0.337890625,-0.60986328125,0.16028321176793725,-0.48518326364940334,0.23929563280129398,-0.825617236854152,1.018798828125,-0.606689453125,-0.15673828125,0.09814453125,-0.0355224609375,-0.00927734375,0.1268310546875,0.2802734375,0.923095703125,0.9909970397045809,-0.6280404065065462,-0.2793664357432783,0.7263100070192572,-0.014160588396862697,-0.012359996337778864,0.017670216986602375,-0.9830317087313456,-0.9514755699331645,-0.945158238471633,-19.375,-7.75,-1.6875,-10.62890625,-5.73828125,5.4296875,-18.5,0.8125,0.0,0,2,1024,1991,1027,1
3,207588,31,-0.543198950163274,-0.3680532242805261,-0.26569414349803155,-0.3324381237220374,-0.391216772972808,-0.44929349650563066,-0.6748558000427259,-0.652363658558916,-0.9291055024872585,-0.9396649067659536,-0.9177526169621876,-0.8611713003936887,0.49949644459364606,0.6625263222144231,0.25720999786370435,0.08075197607348857,-0.06863612781151769,-0.23767815179906612,0.13916015625,0.241455078125,0.28955078125,0.319091796875,0.337890625,0.357177734375,-0.625244140625,0.13068025757621998,-0.5132297738578447,0.3227637562181463,-0.7844172490615559,1.01318359375,-0.693115234375,-0.13671875,0.111083984375,-0.0364990234375,0.0042724609375,0.1065673828125,0.2784423828125,0.8931884765625,0.9915158543656728,-0.60841700491348,-0.40177617725150305,0.684408093508713,-0.014221625415814692,-0.016296884060182502,0.013031403546250802,-0.9269997253334147,-0.9328592791528062,-0.9729911191137425,-20.0,-8.125,-1.5,-10.1484375,-5.87109375,6.0,-19.0625,1.0,0.0,0,2,1033,1963,1013,1
3,207638,32,-0.5497604297006135,-0.28406628620258184,-0.3037202063051241,-0.391216772972808,-0.44929349650563066,-0.4900662251655629,-0.6749473555711539,-0.7331766716513566,-0.934324167607654,-0.9177526169621876,-0.8611713003936887,-0.7688222907193213,0.4921414838099307,0.6178777428510391,0.18655964842677084,-0.06863612781151769,-0.23767815179906612,-0.4107791375469222,0.148193359375,0.25244140625,0.306640625,0.337890625,0.357177734375,0.372802734375,-0.507080078125,0.09399700918607136,-0.532456434827723,0.40385143589587086,-0.7379375591296121,1.010009765625,-0.6884765625,-0.074951171875,0.073486328125,-0.03564453125,0.00439453125,0.100341796875,0.277099609375,0.8758544921875,0.9917600024414808,-0.5999938962981048,-0.5184484389782403,0.609271523178808,-0.01425214392529069,-0.017853328043458357,0.008636738181707206,-0.8741416669209876,-0.7985778374584185,-0.7874080629902036,-20.375,-8.375,-1.375,-9.87109375,-5.94140625,6.30078125,-19.6875,1.1875,0.0,0,2,1100,1937,1106,1
3,207688,33,-0.6282845545823542,-0.26349681081575976,-0.3324381237220374,-0.44929349650563066,-0.4900662251655629,-0.5237281411175878,-0.6508377330851162,-0.815424054689169,-0.9396649067659536,-0.8611713003936887,-0.7688222907193213,-0.6369212927640614,0.4261909848323008,0.5154271065401166,0.08075197607348857,-0.23767815179906612,-0.4107791375469222,-0.56572161015656,0.161865234375,0.26806640625,0.319091796875,0.357177734375,0.372802734375,0.388671875,-0.522705078125,0.050416577654347365,-0.5439619129001739,0.4825281533249916,-0.684652241584521,1.008056640625,-0.682373046875,-0.044677734375,0.04150390625,-0.037841796875,0.001953125,0.090087890625,0.27587890625,0.860595703125,0.9920041505172887,-0.5996581926938689,-0.6236762596514787,0.5014191106906338,-0.015198217719046602,-0.01925717947935423,0.002227851191747795,-0.7480086672566911,-0.7071138645588549,-0.7452009643848995,-20.75,-8.5625,-1.25,-9.62109375,-6.01171875,6.55859375,-20.1875,1.4375,0.0,0,2,1146,1873,1127,1
3,207739,34,-0.7151097140415662,-0.2847071749015778,-0.391216772972808,-0.4900662251655629,-0.5237281411175878,-0.5628528702658162,-0.597643971068453,-0.8904690694906461,-0.9177526169621876,-0.7688222907193213,-0.6369212927640614,-0.47462385937070833,0.36255989257484666,0.35496078371532336,-0.06863612781151769,-0.4107791375469222,-0.56572161015656,-0.6766869106112857,0.177001953125,0.28369140625,0.337890625,0.372802734375,0.388671875,0.410888671875,-0.714599609375,9.155552842799158e-05,-0.5488448744163336,0.5565965758232367,-0.6236762596514787,1.004150390625,-0.6611328125,-0.02685546875,0.0029296875,-0.0352783203125,0.0037841796875,0.09375,0.2738037109375,0.8382568359375,0.9922788171025727,-0.6033204138309884,-0.7105624561296426,0.36210211493270666,-0.015015106662190619,-0.0173650318918424,-0.002197332682271798,-0.6590777306436354,-0.7250587481307413,-0.4253364665669729,-21.3125,-8.9375,-1.0,-9.26171875,-6.08984375,6.8984375,-20.75,1.6875,0.0,0,2,1137,1829,1287,1
3,207790,35,-0.7303384502700888,-0.26569414349803155,-0.44929349650563066,-0.5237281411175878,-0.5628528702658162,-0.5790887173070467,-0.5894650105288858,-0.9291055024872585,-0.8611713003936887,-0.6369212927640614,-0.47462385937070833,-0.293496505630665,0.34513382366405226,0.25720999786370435,-0.23767815179906612,-0.56572161015656,-0.6766869106112857,-0.760612811670278,0.185546875,0.28955078125,0.357177734375,0.388671875,0.410888671875,0.428466796875,-0.578369140625,-0.053285317545091096,-0.5477767265846736,0.6209295937986389,-0.5581530198065127,1.00244140625,-0.68505859375,-0.002685546875,-0.01318359375,-0.0384521484375,0.008056640625,0.095458984375,0.2724609375,0.8260498046875,0.9924008911404767,-0.6055177465132603,-0.7681508835108494,0.20810571611682485,-0.015594958342234566,-0.015045625171666617,-0.007904293954283274,-0.4742271187475204,-0.6820581682790613,-0.5536667989135411,-21.6875,-9.1875,-0.875,-9.05078125,-6.16015625,7.0703125,-21.3125,1.875,0.0,0,2,1158,1737,1223,1
3,207831,36,-0.7038789025543992,-0.3037202063051241,-0.4900662251655629,-0.5628528702658162,-0.5790887173070467,-0.5984984893337809,-0.6160771507919554,-0.934324167607654,-0.7688222907193213,-0.47462385937070833,-0.293496505630665,-0.1403851435895871,0.3535264137699515,0.18655964842677084,-0.4107791375469222,-0.6766869106112857,-0.760612811670278,-0.7887203588976714,0.196044921875,0.306640625,0.372802734375,0.410888671875,0.428466796875,0.45263671875,-0.78271484375,-0.10077211828974272,-0.5413373210852382,0.6673482467116306,-0.5014496292001098,1.002685546875,-0.745361328125,0.033935546875,-0.013671875,-0.034912109375,0.00634765625,0.0999755859375,0.2706298828125,0.812744140625,0.9917294839320048,-0.6076235236671041,-0.7914365062410352,0.06653035065767388,-0.015045625171666617,-0.01184118167668691,-0.009949034089175085,0.29163487655262915,-0.49208044679097873,0.9254127628406629,-22.1875,-9.5625,-0.5625,-8.78125,-6.3203125,7.26953125,-21.875,2.1875,0.0,0,2,1253,1354,1962,1
3,207881,37,-0.6465346232490006,-0.3324381237220374,-0.5237281411175878,-0.5790887173070467,-0.5984984893337809,-0.5934934537797174,-0.6384777367473372,-0.9396649067659536,-0.6369212927640614,-0.293496505630665,-0.1403851435895871,0.05798516800439467,0.4175542466505936,0.08075197607348857,-0.56572161015656,-0.760612811670278,-0.7887203588976714,-0.8027588732566302,0.2060546875,0.319091796875,0.388671875,0.428466796875,0.45263671875,0.472412109375,-0.646240234375,-0.16602069154942473,-0.5252235480819116,0.7170018616290781,-0.4271675771355327,1.00439453125,-0.814208984375,0.076416015625,-0.00341796875,-0.0306396484375,0.001220703125,0.0997314453125,0.2696533203125,0.8076171875,0.9908749656666769,-0.6047547837763604,-0.7871028778954435,-0.12152470473342082,-0.014831995605334635,-0.007324442274239326,-0.013397625659962768,0.8486281929990539,0.4426099429303873,0.9981383709219642,-22.5625,-9.8125,-0.375,-8.6484375,-6.4296875,7.37109375,-22.375,2.4375,0.0,0,2,1721,1075,1999,1
3,207931,38,-0.5452742088076419,-0.391216772972808,-0.5628528702658162,-0.5984984893337809,-0.5934934537797174,-0.5721915341654713,-0.6172978911709952,-0.9177526169621876,-0.47462385937070833,-0.1403851435895871,0.05798516800439467,0.26926480910672324,0.5670949430829798,-0.06863612781151769,-0.6766869106112857,-0.7887203588976714,-0.8027588732566302,-0.7746513260292367,0.224365234375,0.337890625,0.410888671875,0.45263671875,0.472412109375,0.49365234375,-0.688232421875,-0.24594866786706138,-0.4965056306649983,0.7584459974974822,-0.34318063905758844,1.010986328125,-0.770263671875,0.281005859375,-0.042236328125,0.06689453125,0.0262451171875,0.0894775390625,0.26904296875,0.80712890625,0.9899899288918729,-0.5889461958677938,-0.7340311899166845,-0.3381450849940489,-0.013885921811578723,-0.0028992584002197333,-0.014740440076906645,0.847834711752678,0.7540818506424146,0.9979552598651081,-22.875,-10.0625,-0.1875,-8.578125,-6.55078125,7.5,-22.9375,2.75,0.0,0,2,1877,1076,1998,1
3,207993,39,-0.3680532242805261,-0.44929349650563066,-0.5790887173070467,-0.5934934537797174,-0.5721915341654713,-0.5061799981688895,-0.652363658558916,-0.8611713003936887,-0.293496505630665,0.05798516800439467,0.26926480910672324,0.4380016479995117,0.6625263222144231,-0.23767815179906612,-0.760612811670278,-0.8027588732566302,-0.7746513260292367,-0.7429120761741996,0.241455078125,0.357177734375,0.428466796875,0.472412109375,0.49365234375,0.5205078125,-0.87353515625,-0.3442487868892483,-0.45054475539414657,0.7737357707449568,-0.28250984221930603,1.056640625,-0.167236328125,0.46533203125,0.050048828125,0.095458984375,0.0384521484375,0.025390625,0.272705078125,0.8306884765625,0.9877010406811731,-0.5313882869960631,-0.6360667744987335,-0.5595263527329325,-0.011597033600878933,0.0019226660969878231,-0.01532029175695059,0.8459730826746422,-0.39191869869075596,0.9985351115451522,-23.375,-10.5,0.0625,-8.7890625,-6.7890625,8.078125,-23.4375,3.0625,0.0,0,2,1304,1077,1999,1
3,208033,40,-0.28406628620258184,-0.4900662251655629,-0.5984984893337809,-0.5721915341654713,-0.5061799981688895,-0.40531632435071874,-0.7331766716513566,-0.7688222907193213,-0.1403851435895871,0.26926480910672324,0.4380016479995117,0.4741966002380444,0.6178777428510391,-0.4107791375469222,-0.7887203588976714,-0.7746513260292367,-0.7429120761741996,-0.7815790276802881,0.25244140625,0.372802734375,0.45263671875,0.49365234375,0.5205078125,0.54248046875,-0.714599609375,-0.3951841792046876,-0.42121646778771327,0.7563097018341625,-0.3072603534043397,1.092041015625,0.0966796875,0.54833984375,0.123291015625,0.093994140625,0.016357421875,-0.19140625,0.27587890625,0.8355712890625,0.9834894863734855,-0.46583452864162117,-0.6134525589770196,-0.6377147740104373,-0.009277626880703146,0.0029297769096957305,-0.015808587908566547,0.8734702597125157,0.1543321024201178,0.9993285927915281,-23.6875,-10.75,0.25,-8.890625,-6.69921875,8.80859375,-23.9375,3.375,0.0,0,2,1577,1063,1999,1
3,208084,41,-0.26349681081575976,-0.5237281411175878,-0.5934934537797174,-0.5061799981688895,-0.40531632435071874,-0.2562944425794244,-0.815424054689169,-0.6369212927640614,0.05798516800439467,0.4380016479995117,0.4741966002380444,0.4586931974242378,0.5154271065401166,-0.56572161015656,-0.8027588732566302,-0.7429120761741996,-0.7815790276802881,-0.8508255256813257,0.26806640625,0.388671875,0.472412109375,0.5205078125,0.54248046875,0.567138671875,-0.794677734375,-0.4490188299203467,-0.3846247749259926,0.71675771355327,-0.36976226081118196,1.133056640625,0.08447265625,0.686279296875,0.070068359375,0.119140625,0.0562744140625,-0.3787841796875,0.2783203125,0.778564453125,0.966582232123783,-0.36481826227607045,-0.6246833704641865,-0.6903897213660085,-0.00598162785729545,0.0035401470992156743,-0.016144291512802514,0.8726462599566637,0.1663258766441847,0.9993285927915281,-24.0625,-11.0,0.6875,-8.5703125,-5.6015625,10.58984375,-24.4375,3.75,0.0,0,2,1583,1063,1999,1
3,208138,42,-0.2847071749015778,-0.5628528702658162,-0.5721915341654713,-0.40531632435071874,-0.2562944425794244,-0.07629627368999298,-0.8904690694906461,-0.47462385937070833,0.26926480910672324,0.4741966002380444,0.4586931974242378,0.4491409039582507,0.35496078371532336,-0.6766869106112857,-0.7746513260292367,-0.7815790276802881,-0.8508255256813257,-0.8901944029053621,0.28369140625,0.410888671875,0.49365234375,0.54248046875,0.567138671875,0.58642578125,-0.63134765625,-0.511459700308237,-0.34257026886806846,0.6626178777428511,-0.4266182439649647,1.158447265625,0.106689453125,0.705810546875,0.06689453125,0.1361083984375,0.0780029296875,-0.5784912109375,0.279296875,0.7186279296875,0.9513840144047365,-0.22748496963408307,-0.6428724021118809,-0.7314065981017487,-0.0026245918149357585,0.00347911008026368,-0.016479995117038484,0.8774071474349193,0.26343577379680777,0.9994506668294321,-24.3125,-11.125,1.0625,-8.26171875,-4.3984375,11.80078125,-24.875,4.0625,0.0,0,2,1631,1061,1999,1
3,208188,43,-0.26569414349803155,-0.5790887173070467,-0.5061799981688895,-0.2562944425794244,-0.07629627368999298,0.061250648518326366,-0.9291055024872585,-0.293496505630665,0.4380016479995117,0.4586931974242378,0.4491409039582507,0.41889706106753744,0.25720999786370435,-0.760612811670278,-0.7429120761741996,-0.8508255256813257,-0.8901944029053621,-0.9059724723044527,0.28955078125,0.428466796875,0.5205078125,0.567138671875,0.58642578125,0.60595703125,-0.631591796875,-0.5572985015411848,-0.30918301950132754,0.6041444135868405,-0.47834711752678,1.176513671875,0.181396484375,0.4091796875,0.020751953125,0.1180419921875,0.06591796875,-0.6513671875,0.2772216796875,0.5926513671875,0.9280068361461227,-0.10470900601214636,-0.6799829096346934,-0.7256996368297373,-3.051850947599719e-05,0.0035401470992156743,-0.015930661946470536,0.8788415173802911,0.31345561082796713,0.9995117038483841,-24.625,-11.1875,1.75,-7.5390625,-2.03125,13.1484375,-25.375,4.4375,0.0,0,2,1656,1060,1999,1
3,208237,44,-0.3037202063051241,-0.5984984893337809,-0.40531632435071874,-0.07629627368999298,0.061250648518326366,0.11230811487166967,-0.934324167607654,-0.1403851435895871,0.4741966002380444,0.4491409039582507,0.41889706106753744,0.37681203650013734,0.18655964842677084,-0.7887203588976714,-0.7815790276802881,-0.8901944029053621,-0.9059724723044527,-0.9194616534928434,0.306640625,0.45263671875,0.54248046875,0.58642578125,0.60595703125,0.6220703125,-0.525146484375,-0.5731070894497513,-0.30277413251136814,0.5611743522446364,-0.5147556993316447,1.18408203125,0.175048828125,0.102294921875,-0.0419921875,0.1002197265625,0.05859375,-0.517333984375,0.2733154296875,0.49169921875,0.912869655446028,-0.043427838984344005,-0.7311929685354167,-0.6807763908810693,0.0007324442274239326,0.002838221381267739,-0.01565599536118656,0.8788720358897671,0.3380230109561449,0.9995117038483841,-24.8125,-11.125,2.4375,-6.9609375,-0.1015625,13.73046875,-25.8125,4.8125,0.0,0,2,1669,1060,1999,1
3,208292,45,-0.3324381237220374,-0.5934934537797174,-0.2562944425794244,0.061250648518326366,0.11230811487166967,0.11066011535996582,-0.9396649067659536,0.05798516800439467,0.4586931974242378,0.41889706106753744,0.37681203650013734,0.35013885921811577,0.08075197607348857,-0.8027588732566302,-0.8508255256813257,-0.9059724723044527,-0.9194616534928434,-0.9301431318094424,0.319091796875,0.472412109375,0.567138671875,0.60595703125,0.6220703125,0.637451171875,-0.4970703125,-0.575975829340495,-0.3144016846217231,0.5368205816827906,-0.5303201391644032,1.199951171875,0.102294921875,0.04296875,-0.072998046875,0.0765380859375,0.0487060546875,-0.369384765625,0.272216796875,0.4583740234375,0.9059114352855007,-0.01638843958861049,-0.7704092532120731,-0.6373180333872493,0.0008239997558519242,0.002868739890743736,-0.015137180700094607,0.8772545548875393,0.38373973815118867,0.9994506668294321,-24.9375,-11.0,2.9375,-6.7890625,0.62109375,14.03125,-26.3125,5.25,0.0,0,2,1691,1061,1999,1
3,208339,46,-0.391216772972808,-0.5721915341654713,-0.07629627368999298,0.11230811487166967,0.11066011535996582,0.08755760368663594,-0.9177526169621876,0.26926480910672324,0.4491409039582507,0.37681203650013734,0.35013885921811577,0.337107455671865,-0.06863612781151769,-0.7746513260292367,-0.8901944029053621,-0.9194616534928434,-0.9301431318094424,-0.9373760185552538,0.337890625,0.49365234375,0.58642578125,0.6220703125,0.637451171875,0.65380859375,-0.537109375,-0.5804315317239906,-0.3226416821802423,0.5182348094119084,-0.5389263588366344,1.230712890625,0.052978515625,0.219970703125,-0.030029296875,0.0631103515625,0.0218505859375,-0.2259521484375,0.2713623046875,0.4478759765625,0.8958708456678975,0.007477034821619312,-0.7970519119846187,-0.6038697470015565,0.0003662221137119663,0.0026245918149357585,-0.014770958586382641,0.8769188512833033,0.391705069124424,0.9994506668294321,-25.0625,-10.875,3.6875,-6.7109375,0.83984375,14.5,-26.75,5.625,0.0,0,2,1695,1061,1999,1
3,208390,47,-0.44929349650563066,-0.5061799981688895,0.061250648518326366,0.11066011535996582,0.08755760368663594,0.14044618060853908,-0.8611713003936887,0.4380016479995117,0.41889706106753744,0.35013885921811577,0.337107455671865,0.3407391582995086,-0.23767815179906612,-0.7429120761741996,-0.9059724723044527,-0.9301431318094424,-0.9373760185552538,-0.9295937986388745,0.357177734375,0.5205078125,0.60595703125,0.637451171875,0.65380859375,0.672119140625,-0.593505859375,-0.5999328592791529,-0.30552079836420787,0.488937040314951,-0.554673909726249,1.254638671875,0.093994140625,0.457275390625,0.0361328125,0.0452880859375,0.01220703125,-0.238037109375,0.2713623046875,0.45166015625,0.8888821069978943,0.05835139011810663,-0.8087405011139256,-0.5852839747306742,0.0012207403790398877,0.002990813928647725,-0.013855403302102725,0.8773461104159673,0.38233588671529284,0.9994811853389081,-25.1875,-10.75,4.25,-6.71875,0.78125,14.83984375,-27.125,6.0625,0.0,0,2,1691,1061,1999,1
3,208431,48,-0.4900662251655629,-0.40531632435071874,0.11230811487166967,0.08755760368663594,0.14044618060853908,0.23197119052705467,-0.7688222907193213,0.4741966002380444,0.37681203650013734,0.337107455671865,0.3407391582995086,0.32560197759941406,-0.4107791375469222,-0.7815790276802881,-0.9194616534928434,-0.9373760185552538,-0.9295937986388745,-0.9166234321115757,0.372802734375,0.54248046875,0.6220703125,0.65380859375,0.672119140625,0.697021484375,-0.810302734375,-0.6229438154240546,-0.27353740043336283,0.44746238593707083,-0.5804315317239906,1.270751953125,0.08544921875,0.589111328125,0.08154296875,0.0694580078125,0.021484375,-0.4306640625,0.2694091796875,0.4210205078125,0.880428479873043,0.11868648335215308,-0.8218939786980803,-0.5571459089938048,0.002349925229651784,0.002685628833887753,-0.012909329508346813,0.8740501113925596,0.445539719840083,0.9993896298104801,-25.5,-10.8125,4.875,-6.578125,1.48828125,15.078125,-27.5625,6.5,0.0,0,2,1722,1062,1999,1
3,208495,49,-0.5237281411175878,-0.2562944425794244,0.11066011535996582,0.14044618060853908,0.23197119052705467,0.40128788109988706,-0.6369212927640614,0.4586931974242378,0.35013885921811577,0.3407391582995086,0.32560197759941406,0.2815027314065981,-0.56572161015656,-0.8508255256813257,-0.9301431318094424,-0.9295937986388745,-0.9166234321115757,-0.8716086306344798,0.388671875,0.567138671875,0.637451171875,0.672119140625,0.697021484375,0.7236328125,-0.865478515625,-0.6532181768242439,-0.21024201178014465,0.3707998901333659,-0.6258125553147984,1.259033203125,0.10595703125,0.5078125,0.112060546875,0.105712890625,0.050537109375,-0.7152099609375,0.2611083984375,0.3370361328125,0.8733787041840877,0.20093386638996552,-0.8490554521317178,-0.48860133671071504,0.004272591326639607,0.002197332682271798,-0.011169774468214972,0.8764000366222113,0.3944517349772637,0.9994506668294321,-26.0,-10.8125,5.8125,-6.23828125,3.578125,14.69921875,-27.9375,6.9375,0.0,0,2,1697,1061,1999,1
3,208534,50,-0.5628528702658162,-0.07629627368999298,0.08755760368663594,0.23197119052705467,0.40128788109988706,0.48509170812097535,-0.47462385937070833,0.4491409039582507,0.337107455671865,0.32560197759941406,0.2815027314065981,0.249977111117893,-0.6766869106112857,-0.8901944029053621,-0.9373760185552538,-0.9166234321115757,-0.8716086306344798,-0.837977233191931,0.410888671875,0.58642578125,0.65380859375,0.697021484375,0.7236328125,0.744384765625,-0.669677734375,-0.6604205450605792,-0.1772820215460677,0.32789086581011384,-0.651844843897824,1.229248046875,0.08203125,0.309326171875,0.143798828125,0.0980224609375,0.0616455078125,-0.7364501953125,0.25244140625,0.2713623046875,0.8772850733970153,0.22147282326731163,-0.8717307046723838,-0.4370860927152318,0.005035554063539537,0.00173955504013184,-0.010345774712363049,0.8763695181127353,0.38929410687582017,0.9994506668294321,-26.25,-10.75,6.4375,-5.98828125,5.33984375,13.8203125,-28.3125,7.4375,0.0,0,2,1694,1061,1999,1
3,208585,51,-0.5790887173070467,0.061250648518326366,0.14044618060853908,0.40128788109988706,0.48509170812097535,0.5283669545579394,-0.293496505630665,0.41889706106753744,0.3407391582995086,0.2815027314065981,0.249977111117893,0.19968260750144962,-0.760612811670278,-0.9059724723044527,-0.9295937986388745,-0.8716086306344798,-0.837977233191931,-0.825189977721488,0.428466796875,0.60595703125,0.672119140625,0.7236328125,0.744384765625,0.761474609375,-0.561767578125,-0.6556901760917997,-0.1567735831781976,0.293557542649617,-0.6777245399334696,1.18701171875,0.077880859375,0.150634765625,0.122802734375,0.072998046875,0.0631103515625,-0.565185546875,0.24072265625,0.208984375,0.8929715872676779,0.2054200872829371,-0.9017303994872891,-0.380382702108829,0.0051576281014435255,0.001281777397991882,-0.009491256447035128,0.8776512955107273,0.3608813745536668,0.9994811853389081,-26.6875,-10.4375,7.25,-5.80859375,7.3984375,12.23046875,-28.6875,7.875,0.0,0,2,1680,1061,1999,1
3,208636,52,-0.5984984893337809,0.11230811487166967,0.23197119052705467,0.48509170812097535,0.5283669545579394,0.5568102053895688,-0.1403851435895871,0.37681203650013734,0.32560197759941406,0.249977111117893,0.19968260750144962,0.15790276802880948,-0.7887203588976714,-0.9194616534928434,-0.9166234321115757,-0.837977233191931,-0.825189977721488,-0.815485091708121,0.45263671875,0.6220703125,0.697021484375,0.744384765625,0.761474609375,0.77734375,-0.511474609375,-0.6492202520828882,-0.14825891903439437,0.26715903195287943,-0.6965239417706839,1.18017578125,0.072998046875,0.23291015625,0.043701171875,0.0545654296875,0.0587158203125,-0.388427734375,0.2362060546875,0.193115234375,0.902035584582049,0.18564409314249092,-0.9252906888027589,-0.33072908719138155,0.005249183629871517,0.0008239997558519242,-0.009125034333323161,0.8783532212286752,0.3434247871333964,0.9995117038483841,-27.0,-10.1875,7.75,-5.8203125,8.30859375,11.51171875,-29.0625,8.375,0.0,0,2,1671,1060,1999,1
3,208686,53,-0.5934934537797174,0.11066011535996582,0.40128788109988706,0.5283669545579394,0.5568102053895688,0.6143375957518235,0.05798516800439467,0.35013885921811577,0.2815027314065981,0.19968260750144962,0.15790276802880948,0.12363048188726462,-0.8027588732566302,-0.9301431318094424,-0.8716086306344798,-0.825189977721488,-0.815485091708121,-0.7793206579790644,0.472412109375,0.637451171875,0.7236328125,0.761474609375,0.77734375,0.790283203125,-0.4248046875,-0.6555070650349437,-0.12207403790398877,0.22229682302316356,-0.7113254188665425,1.1875,0.14794921875,0.46826171875,0.006591796875,0.0626220703125,0.0584716796875,-0.45849609375,0.232177734375,0.186279296875,0.9146702475051118,0.1901608325449385,-0.9437238685262612,-0.2706381420331431,0.005615405743583483,0.0005798516800439467,-0.00827051606799524,0.8781395916623432,0.29618213446455277,0.9995117038483841,-27.375,-9.75,8.5,-5.9296875,9.44140625,10.6796875,-29.4375,8.875,0.0,0,2,1648,1060,1999,1
3,208737,54,-0.5721915341654713,0.08755760368663594,0.48509170812097535,0.5568102053895688,0.6143375957518235,0.717337565233314,0.26926480910672324,0.337107455671865,0.249977111117893,0.15790276802880948,0.12363048188726462,0.08700827051606799,-0.7746513260292367,-0.9373760185552538,-0.837977233191931,-0.815485091708121,-0.7793206579790644,-0.6912747581408124,0.49365234375,0.65380859375,0.744384765625,0.77734375,0.790283203125,0.802978515625,-0.409423828125,-0.6665547654652547,-0.08249153111362041,0.152134769737846,-0.7250892666402173,1.192138671875,0.153564453125,0.53125,-0.001220703125,0.0948486328125,0.062744140625,-0.7012939453125,0.229736328125,0.171630859375,0.9331644642475662,0.2099368266853847,-0.9600512710959197,-0.18500320444349497,0.006530961027863399,0.00018311105685598315,-0.007324442274239326,0.8742637409588916,0.2975554673909726,0.9995117038483841,-27.6875,-9.375,8.9375,-5.9296875,10.53125,9.69921875,-29.75,9.375,0.0,0,2,1648,1062,1999,1
3,208788,55,-0.5061799981688895,0.14044618060853908,0.5283669545579394,0.6143375957518235,0.717337565233314,0.7949766533402509,0.4380016479995117,0.3407391582995086,0.19968260750144962,0.12363048188726462,0.08700827051606799,0.06060975981933042,-0.7429120761741996,-0.9295937986388745,-0.825189977721488,-0.7793206579790644,-0.6912747581408124,-0.6035950804162725,0.5205078125,0.672119140625,0.761474609375,0.790283203125,0.802978515625,0.809326171875,-0.20556640625,-0.673574022644734,-0.0402233954893643,0.08960234382152776,-0.7325663014618367,1.174072265625,0.08642578125,0.3955078125,0.037353515625,0.08447265625,0.0589599609375,-0.798583984375,0.222900390625,0.1578369140625,0.9754936368907743,0.20685445722830897,-0.9716788232062746,-0.11426129947813349,0.007110812707907346,3.051850947599719e-05,-0.006256294442579424,0.8636432996612445,0.30893887142551957,0.9995117038483841,-28.0625,-8.75,9.5625,-5.94140625,12.12890625,7.109375,-30.0625,9.875,0.0,0,2,1654,1068,1999,1
3,208839,56,-0.40531632435071874,0.23197119052705467,0.5568102053895688,0.717337565233314,0.7949766533402509,0.8357799005096591,0.4741966002380444,0.32560197759941406,0.15790276802880948,0.08700827051606799,0.06060975981933042,0.03378398998992889,-0.7815790276802881,-0.9166234321115757,-0.815485091708121,-0.6912747581408124,-0.6035950804162725,-0.5480208746604815,0.54248046875,0.697021484375,0.77734375,0.802978515625,0.809326171875,0.81640625,-0.227783203125,-0.6707968382824183,-0.019379253517258218,0.05160679952391125,-0.7395855586413159,1.171875,0.1630859375,0.12158203125,0.06591796875,0.0782470703125,0.06396484375,-0.684326171875,0.220458984375,0.1593017578125,0.9942320017090366,0.1826837977233192,-0.9808343760490738,-0.06762901699880979,0.007477034821619312,-0.00024414807580797754,-0.005767998290963469,0.8432264168218024,0.22797326578569901,0.9994506668294321,-28.3125,-8.3125,9.875,-5.9609375,13.0,5.25,-30.3125,10.375,0.0,0,2,1613,1078,1999,1
3,208881,57,-0.2562944425794244,0.40128788109988706,0.6143375957518235,0.7949766533402509,0.8357799005096591,0.84759056367687,0.4586931974242378,0.2815027314065981,0.12363048188726462,0.06060975981933042,0.03378398998992889,0.000793481246375927,-0.8508255256813257,-0.8716086306344798,-0.7793206579790644,-0.6035950804162725,-0.5480208746604815,-0.5306253242591632,0.567138671875,0.7236328125,0.790283203125,0.809326171875,0.81640625,0.82177734375,-0.176025390625,-0.6645710623493148,-0.019653920102542192,0.028229621265297402,-0.7464522232734153,1.1787109375,0.1044921875,0.159912109375,0.08447265625,0.0533447265625,0.043701171875,-0.475830078125,0.2198486328125,0.1744384765625,0.9954527420880764,0.14856410412915433,-0.988555558946501,-0.025788140507217627,0.007415997802667318,-0.0004577776421399579,-0.005401776177251503,0.7350993377483444,0.12866603595080417,0.9984435560167242,-28.625,-7.8125,10.125,-6.05078125,13.578125,3.7109375,-30.625,10.9375,0.0,0,2,1564,1132,1999,1
3,208951,58,-0.07629627368999298,0.48509170812097535,0.717337565233314,0.8357799005096591,0.84759056367687,0.8778344065675833,0.4491409039582507,0.249977111117893,0.08700827051606799,0.03378398998992889,0.000793481246375927,-0.056825464644306774,-0.8901944029053621,-0.837977233191931,-0.6912747581408124,-0.5480208746604815,-0.5306253242591632,-0.47560045167394027,0.58642578125,0.744384765625,0.802978515625,0.81640625,0.82177734375,0.80712890625,0.474609375,-0.6534318063905759,0.0006714072084719382,-0.018890957365642263,-0.7567369609668264,1.256591796875,0.121826171875,0.372802734375,0.06640625,0.055908203125,0.0579833984375,-0.4527587890625,0.228515625,0.2166748046875,0.9943845942564166,0.07699819940794092,-0.9965819269386883,0.029602954191717278,0.008056886501663259,-0.001098666341135899,-0.005279702139347514,0.17413861507003997,0.23383281960509048,0.9913327433088168,-29.125,-6.625,10.5,-6.2890625,14.94921875,1.94921875,-30.875,11.4375,0.0,0,2,1616,1412,1995,1
3,208982,59,0.061250648518326366,0.5283669545579394,0.7949766533402509,0.84759056367687,0.8778344065675833,0.9121982482375561,0.41889706106753744,0.19968260750144962,0.06060975981933042,0.000793481246375927,-0.056825464644306774,-0.07220679342020936,-0.9059724723044527,-0.825189977721488,-0.6035950804162725,-0.5306253242591632,-0.47560045167394027,-0.40330210272530287,0.60595703125,0.761474609375,0.809326171875,0.82177734375,0.80712890625,0.817626953125,-0.338623046875,-0.6488845484786523,0.02041688283944212,-0.05398724326303903,-0.7586901455732902,1.272705078125,0.093017578125,0.498291015625,0.045166015625,0.0870361328125,0.0758056640625,-0.599609375,0.2303466796875,0.2313232421875,0.9941099276711325,0.05447553941465499,-0.9966429639576403,0.06115909298989838,0.008148442030091251,-0.001098666341135899,-0.0043641468550675985,0.8122501297036653,-0.10351878414258248,0.9987487411114842,-29.25,-6.3125,10.5625,-6.37109375,15.19921875,1.4609375,-31.125,12.0,0.0,0,2,1448,1093,1999,1
3,209033,60,0.11230811487166967,0.5568102053895688,0.8357799005096591,0.8778344065675833,0.9121982482375561,0.9532761619922483,0.37681203650013734,0.15790276802880948,0.03378398998992889,-0.056825464644306774,-0.07220679342020936,-0.097933896908475,-0.9194616534928434,-0.815485091708121,-0.5480208746604815,-0.47560045167394027,-0.40330210272530287,-0.2857753227332377,0.6220703125,0.77734375,0.81640625,0.80712890625,0.817626953125,0.804931640625,0.409912109375,-0.6416516617328409,0.06149479659413434,-0.1130100405896176,-0.7561571092867825,1.331787109375,0.14990234375,0.349609375,0.016845703125,0.1104736328125,0.05517578125,-0.7467041015625,0.2384033203125,0.2906494140625,0.9933164464247566,0.002563554795983764,-0.9954527420880764,0.09533982360301523,0.009002960295419173,-0.0014648884548478652,-0.0035706656086916715,-0.41569261757255777,0.19156468398083437,0.9524826807458724,-29.6875,-5.3125,10.75,-6.69921875,15.94140625,-0.8515625,-31.375,12.5625,0.0,0,2,1595,1707,1976,1
3,209093,61,0.11066011535996582,0.6143375957518235,0.84759056367687,0.9121982482375561,0.9532761619922483,0.9722586748863186,0.35013885921811577,0.12363048188726462,0.000793481246375927,-0.07220679342020936,-0.097933896908475,-0.12558366649372846,-0.9301431318094424,-0.7793206579790644,-0.5306253242591632,-0.40330210272530287,-0.2857753227332377,-0.19730216376232185,0.637451171875,0.790283203125,0.82177734375,0.817626953125,0.804931640625,0.7900390625,0.48828125,-0.6349986266670736,0.07882930997650074,-0.16541032135990477,-0.750450148014771,1.375244140625,0.01708984375,0.2294921875,0.042724609375,0.0673828125,0.043701171875,-0.6109619140625,0.245361328125,0.3583984375,0.9929807428205206,-0.047334208197271646,-0.988952299569689,0.1404156620990631,0.009521774956511124,-0.00173955504013184,-0.0027771843623157445,-0.228400524918363,-0.6915494247260964,0.9906002990813929,-30.125,-4.3125,10.75,-7.01953125,16.08984375,-3.37890625,-31.5625,13.125,0.0,0,2,1154,1614,1995,1
3,209134,62,0.08755760368663594,0.717337565233314,0.8778344065675833,0.9532761619922483,0.9722586748863186,0.9739982299264504,0.337107455671865,0.08700827051606799,-0.056825464644306774,-0.097933896908475,-0.12558366649372846,-0.13888973662526322,-0.9373760185552538,-0.6912747581408124,-0.47560045167394027,-0.2857753227332377,-0.19730216376232185,-0.17905209509567552,0.65380859375,0.802978515625,0.80712890625,0.804931640625,0.7900390625,0.783447265625,0.21240234375,-0.631427961058382,0.0804773094882046,-0.1759697256385998,-0.7509079256569109,1.4052734375,0.137939453125,-0.154052734375,0.031982421875,0.0845947265625,0.0572509765625,-0.5731201171875,0.2508544921875,0.404296875,0.9929197058015686,-0.07956175420392468,-0.9863887447737053,0.14389477217932675,0.009918515579699088,-0.0019837031159398175,-0.0027771843623157445,-0.43095187231055637,-0.1673024689474166,0.9841914120914335,-30.4375,-3.625,10.625,-7.2109375,16.109375,-4.7109375,-31.75,13.6875,0.0,0,2,1416,1715,1992,1
3,209185,63,0.14044618060853908,0.7949766533402509,0.9121982482375561,0.9722586748863186,0.9739982299264504,0.9554734946745201,0.3407391582995086,0.06060975981933042,-0.07220679342020936,-0.12558366649372846,-0.13888973662526322,-0.1544236579485458,-0.9295937986388745,-0.6035950804162725,-0.40330210272530287,-0.19730216376232185,-0.17905209509567552,-0.2514725180822169,0.672119140625,0.809326171875,0.817626953125,0.7900390625,0.783447265625,0.777587890625,0.19140625,-0.6399731437116611,0.03283791619617298,-0.16708883938108463,-0.7492904446546831,1.440673828125,-0.28466796875,-0.572998046875,-0.04296875,0.0634765625,0.0218505859375,-0.287841796875,0.2576904296875,0.4482421875,0.9928586687826166,-0.08719138157292398,-0.977538377025666,0.19186986907559433,0.009704886013367107,-0.002075258644367809,-0.00347911008026368,0.261238441114536,0.4405957213049715,0.9836115604113895,-30.6875,-2.9375,10.5,-7.41015625,16.19921875,-5.78125,-31.9375,14.25,0.0,0,2,1720,1369,1991,1
3,209235,64,0.23197119052705467,0.8357799005096591,0.9532761619922483,0.9739982299264504,0.9554734946745201,0.8931241798150579,0.32560197759941406,0.03378398998992889,-0.097933896908475,-0.13888973662526322,-0.1544236579485458,-0.11020233771782587,-0.9166234321115757,-0.5480208746604815,-0.2857753227332377,-0.17905209509567552,-0.2514725180822169,-0.43607898190252387,0.697021484375,0.81640625,0.804931640625,0.783447265625,0.777587890625,0.754638671875,0.739501953125,-0.6593523972289194,-0.000640888698995941,-0.07196264534440137,-0.7483748893704032,1.498779296875,-0.357421875,-0.681640625,-0.153076171875,0.0802001953125,0.0216064453125,0.258056640625,0.26904296875,0.48046875,0.9921872615741447,-0.07333597827082125,-0.9920957060457167,0.10184026612140264,0.009613330484939116,-0.00173955504013184,-0.006012146366771447,0.3295999023407697,0.17340617084261606,0.9500717184972686,-31.125,-1.8125,10.375,-7.25,17.19921875,-5.58984375,-32.125,14.8125,0.0,0,2,1586,1335,1975,1
3,209287,65,0.40128788109988706,0.84759056367687,0.9722586748863186,0.9554734946745201,0.8931241798150579,0.8163396099734489,0.2815027314065981,0.000793481246375927,-0.12558366649372846,-0.1544236579485458,-0.11020233771782587,-0.05349894711142308,-0.8716086306344798,-0.5306253242591632,-0.19730216376232185,-0.2514725180822169,-0.43607898190252387,-0.5750907925656911,0.7236328125,0.82177734375,0.7900390625,0.777587890625,0.754638671875,0.746337890625,0.27490234375,-0.6724143192846461,-0.030610065004425185,0.006653035065767388,-0.7395245216223639,1.52587890625,0.005859375,0.049560546875,-0.025634765625,0.037841796875,-0.037109375,0.660400390625,0.274169921875,0.477294921875,0.9915158543656728,-0.06253242591631825,-0.9974364452040162,0.03469954527420881,0.008728293710135197,-0.000946073793755913,-0.007568590350047304,0.3762932218390454,-0.7208777123325297,0.988982818079165,-31.4375,-1.0,10.3125,-6.78125,18.140625,-4.30078125,-32.25,15.4375,0.0,0,2,1139,1311,1994,1
3,209338,66,0.48509170812097535,0.8778344065675833,0.9739982299264504,0.8931241798150579,0.8163396099734489,0.8409985656300546,0.249977111117893,-0.056825464644306774,-0.13888973662526322,-0.11020233771782587,-0.05349894711142308,-0.08981597338785974,-0.837977233191931,-0.47560045167394027,-0.17905209509567552,-0.43607898190252387,-0.5750907925656911,-0.533555101168859,0.744384765625,0.80712890625,0.783447265625,0.754638671875,0.746337890625,0.7158203125,0.990966796875,-0.6666768395031587,-0.014313180944242684,-0.02206488235114597,-0.7448957792901395,1.537353515625,0.225830078125,0.536865234375,0.135009765625,0.037109375,-0.0238037109375,0.127197265625,0.2774658203125,0.5009765625,0.9901425214392529,-0.12350840784936064,-0.9910580767235329,0.05056917020172735,0.009918515579699088,-0.0015564439832758568,-0.008148442030091251,0.04464857936338389,0.20703756828516495,0.9633167516098514,-31.8125,0.4375,10.125,-6.26953125,18.859375,-2.109375,-32.375,16.0,0.0,0,2,1603,1477,1981,1
3,209388,67,0.5283669545579394,0.9121982482375561,0.9554734946745201,0.8163396099734489,0.8409985656300546,0.9045381023590808,0.19968260750144962,-0.07220679342020936,-0.1544236579485458,-0.05349894711142308,-0.08981597338785974,-0.14624469740897855,-0.825189977721488,-0.40330210272530287,-0.2514725180822169,-0.5750907925656911,-0.533555101168859,-0.40049439985351115,0.761474609375,0.817626953125,0.777587890625,0.746337890625,0.7158203125,0.705810546875,0.328125,-0.6450392162846766,0.03598132267220069,-0.0792870876186407,-0.7591784417249061,1.5546875,-0.34814453125,0.510498046875,0.14599609375,0.0584716796875,0.0269775390625,-0.4010009765625,0.28125,0.5347900390625,0.989349040192877,-0.20303964354380932,-0.978301339762566,0.041108432264168215,0.011139255958738976,-0.002197332682271798,-0.0065919980468153935,0.6230353709524826,0.3106479079561754,0.9928891872920926,-32.0625,1.25,10.0625,-6.2109375,19.16015625,-1.671875,-32.5,16.625,0.0,0,2,1655,1188,1996,1
3,209439,68,0.5568102053895688,0.9532761619922483,0.8931241798150579,0.8409985656300546,0.9045381023590808,0.9306924649800103,0.15790276802880948,-0.097933896908475,-0.11020233771782587,-0.08981597338785974,-0.14624469740897855,-0.1676076540421766,-0.815485091708121,-0.2857753227332377,-0.43607898190252387,-0.533555101168859,-0.40049439985351115,-0.32514419995727406,0.77734375,0.804931640625,0.754638671875,0.7158203125,0.705810546875,0.678466796875,0.886474609375,-0.6230353709524826,0.10522782067323833,-0.08740501113925596,-0.7701345866267891,1.577392578125,0.04052734375,0.271484375,0.118408203125,0.08251953125,0.0592041015625,-0.548095703125,0.285888671875,0.633056640625,0.9873348185674612,-0.2773522141178625,-0.9578844569231239,-0.07458723715933714,0.012634662923062838,-0.002563554795983764,-0.006622516556291391,-0.17447431867427596,-0.23203222754600666,0.9378032776879177,-32.5,2.625,10.0,-6.69140625,19.2109375,-2.6015625,-32.625,17.1875,0.0,0,2,1383,1587,1968,1
3,209479,69,0.6143375957518235,0.9722586748863186,0.8163396099734489,0.9045381023590808,0.9306924649800103,0.9393292031617175,0.12363048188726462,-0.12558366649372846,-0.05349894711142308,-0.14624469740897855,-0.1676076540421766,-0.2164983062227241,-0.7793206579790644,-0.19730216376232185,-0.5750907925656911,-0.40049439985351115,-0.32514419995727406,-0.2660908841212195,0.790283203125,0.7900390625,0.746337890625,0.705810546875,0.678466796875,0.670654296875,0.249755859375,-0.6112247077852717,0.11429181798760948,-0.12347788933988464,-0.7733695486312449,1.580078125,0.36279296875,0.32666015625,0.14697265625,0.069091796875,0.0499267578125,-0.462158203125,0.2867431640625,0.679931640625,0.9863277077547532,-0.3217566454054384,-0.9448835718863491,-0.06045716727195044,0.013031403546250802,-0.0032349620044557024,-0.005767998290963469,0.2661519211401715,-0.8036439100314341,0.9984130375072482,-32.75,3.4375,9.9375,-6.87890625,19.01953125,-3.578125,-32.6875,17.8125,0.0,0,2,1098,1366,1999,1
3,209537,70,0.717337565233314,0.9739982299264504,0.8409985656300546,0.9306924649800103,0.9393292031617175,0.9450972014526811,0.08700827051606799,-0.13888973662526322,-0.08981597338785974,-0.1676076540421766,-0.2164983062227241,-0.28308969389934996,-0.6912747581408124,-0.17905209509567552,-0.533555101168859,-0.32514419995727406,-0.2660908841212195,-0.16321298867763298,0.802978515625,0.783447265625,0.7158203125,0.678466796875,0.670654296875,0.660400390625,0.338623046875,-0.598223822748497,0.1141697439497055,-0.19226660969878231,-0.7694936979277932,1.60302734375,0.1552734375,0.201904296875,0.033935546875,0.092529296875,0.0623779296875,-0.611083984375,0.29150390625,0.748046875,0.9848628192999054,-0.37031159398174995,-0.9289223914304026,-0.002533036286507767,0.013855403302102725,-0.004608294930875576,-0.004760887478255562,-0.2508621478926969,0.20166631061738946,0.9922482985930967,-33.0625,4.375,9.875,-7.30859375,19.0,-4.4609375,-32.75,18.375,0.0,0,2,1600,1625,1996,1
3,209580,71,0.7949766533402509,0.9554734946745201,0.9045381023590808,0.9393292031617175,0.9450972014526811,0.945341349528489,0.06060975981933042,-0.1544236579485458,-0.14624469740897855,-0.2164983062227241,-0.28308969389934996,-0.2944730979338969,-0.6035950804162725,-0.2514725180822169,-0.40049439985351115,-0.2660908841212195,-0.16321298867763298,-0.14014099551377912,0.809326171875,0.777587890625,0.705810546875,0.670654296875,0.660400390625,0.638427734375,0.709228515625,-0.5958433790093692,0.14200262459181492,-0.19370097964415417,-0.7663502914517655,1.624267578125,-0.63623046875,0.072998046875,-0.131591796875,0.0654296875,0.0628662109375,-0.5147705078125,0.296630859375,0.8385009765625,0.9829706717123936,-0.3862727744376965,-0.9202246162297434,-0.0630512405774102,0.014648884548478652,-0.004882961516159551,-0.004699850459303568,-0.17117831965086824,-0.3093966490676595,0.9473250526444289,-33.5625,5.5625,9.75,-7.98046875,18.55859375,-6.140625,-32.75,19.0,0.0,0,2,1345,1585,1973,1
3,209631,72,0.8357799005096591,0.8931241798150579,0.9306924649800103,0.9450972014526811,0.945341349528489,0.9508957182531205,0.03378398998992889,-0.11020233771782587,-0.1676076540421766,-0.28308969389934996,-0.2944730979338969,-0.23071993163853877,-0.5480208746604815,-0.43607898190252387,-0.32514419995727406,-0.16321298867763298,-0.14014099551377912,-0.206335642567217,0.81640625,0.754638671875,0.678466796875,0.660400390625,0.638427734375,0.627685546875,0.348388671875,-0.5961790826136052,0.20795312356944487,-0.10458693197424238,-0.7683645130771813,1.643798828125,-0.63818359375,-0.045166015625,-0.160888671875,0.0728759765625,0.0364990234375,-0.333984375,0.301513671875,0.882568359375,0.9817804498428296,-0.3611560411389508,-0.8933378093813898,-0.2673726615192114,0.015411847285378583,-0.00347911008026368,-0.006317331461531419,-0.06482131412701804,0.27417828913235875,0.9898678548539689,-33.9375,6.4375,9.5625,-8.1796875,18.5,-6.890625,-32.8125,19.5625,0.0,0,2,1637,1532,1994,1
3,209681,73,0.84759056367687,0.8163396099734489,0.9393292031617175,0.945341349528489,0.9508957182531205,0.9397564622943816,0.000793481246375927,-0.05349894711142308,-0.2164983062227241,-0.2944730979338969,-0.23071993163853877,-0.17206335642567216,-0.5306253242591632,-0.5750907925656911,-0.2660908841212195,-0.14014099551377912,-0.206335642567217,-0.2953581347087008,0.82177734375,0.746337890625,0.670654296875,0.638427734375,0.627685546875,0.605224609375,0.73095703125,-0.5941953794976653,0.24820703756828516,-0.019409772026734214,-0.7648243659779657,1.676025390625,-0.48974609375,-0.175048828125,-0.098876953125,0.0657958984375,-0.0064697265625,-0.2215576171875,0.3096923828125,0.9149169921875,0.9804986724448378,-0.36054567094943085,-0.8337351603747672,-0.4181951353495895,0.015930661946470536,-0.002044740134891812,-0.008117923520615253,0.33426923429059724,0.5047456282235175,0.9365825373088779,-34.4375,7.625,9.3125,-8.03125,18.80078125,-7.5390625,-32.8125,20.1875,0.0,0,2,1752,1332,1968,1
3,209732,74,0.8778344065675833,0.8409985656300546,0.9450972014526811,0.9508957182531205,0.9397564622943816,0.9115573595385601,-0.056825464644306774,-0.08981597338785974,-0.28308969389934996,-0.23071993163853877,-0.17206335642567216,-0.1435895870845668,-0.47560045167394027,-0.533555101168859,-0.16321298867763298,-0.206335642567217,-0.2953581347087008,-0.38529618213446454,0.80712890625,0.7158203125,0.660400390625,0.627685546875,0.605224609375,0.59423828125,0.358642578125,-0.5894039735099338,0.24930570390942106,0.040498062074648275,-0.7673268837549974,1.700439453125,0.12939453125,-0.0849609375,0.04736328125,0.0718994140625,-0.0068359375,0.0118408203125,0.3157958984375,0.936279296875,0.979064302499466,-0.3946653645435957,-0.7877132480849636,-0.4730063783684805,0.015900143436994536,-0.0011902218695638905,-0.010376293221839045,0.03933835871456038,-0.8509781182287057,0.9926145207068087,-34.75,8.5,9.125,-7.83984375,19.23828125,-7.55078125,-32.8125,20.8125,0.0,0,2,1074,1480,1996,1
3,209783,75,0.9121982482375561,0.9045381023590808,0.945341349528489,0.9397564622943816,0.9115573595385601,0.8733481856746117,-0.07220679342020936,-0.14624469740897855,-0.2944730979338969,-0.17206335642567216,-0.1435895870845668,-0.24726096377452925,-0.40330210272530287,-0.40049439985351115,-0.14014099551377912,-0.2953581347087008,-0.38529618213446454,-0.4196905423139134,0.817626953125,0.705810546875,0.638427734375,0.605224609375,0.59423828125,0.5712890625,0.744140625,-0.5859859004486221,0.2077394940031129,0.0054322946867275,-0.783227027191992,1.730224609375,0.6708984375,0.116943359375,0.215087890625,0.037109375,0.0118408203125,0.1309814453125,0.3233642578125,0.9957275390625,0.9745475630970183,-0.4642780846583453,-0.7988525040437026,-0.3824579607531968,0.015930661946470536,-0.003509628589739677,-0.011810663167210914,0.6215704824976348,-0.8359935300759911,0.9947508163701285,-35.25,9.75,8.9375,-7.890625,20.01171875,-6.578125,-32.75,21.375,0.0,0,2,1082,1189,1997,1
3,209833,76,0.9532761619922483,0.9306924649800103,0.9508957182531205,0.9115573595385601,0.8733481856746117,0.8497268593401899,-0.097933896908475,-0.1676076540421766,-0.23071993163853877,-0.1435895870845668,-0.24726096377452925,-0.38773766289254435,-0.2857753227332377,-0.32514419995727406,-0.206335642567217,-0.38529618213446454,-0.4196905423139134,-0.35721915341654714,0.804931640625,0.678466796875,0.627685546875,0.59423828125,0.5712890625,0.56103515625,0.3359375,-0.5738700521866512,0.17538987395855588,-0.07037568285164952,-0.7968382824182867,1.72900390625,0.05908203125,0.2412109375,0.127197265625,0.0517578125,0.034912109375,-0.1614990234375,0.3238525390625,1.023681640625,0.9712820825830867,-0.5244605853450117,-0.8038575395977661,-0.2806787316507462,0.016144291512802514,-0.00695822016052736,-0.01174962614825892,-0.060365611743522445,-0.3999145481734672,0.9965514084292123,-35.5625,10.6875,8.8125,-7.8203125,20.19140625,-6.0390625,-32.6875,22.0,0.0,0,2,1300,1530,1998,1
3,209885,77,0.9722586748863186,0.9393292031617175,0.9397564622943816,0.8733481856746117,0.8497268593401899,0.8426160466322825,-0.12558366649372846,-0.2164983062227241,-0.17206335642567216,-0.24726096377452925,-0.38773766289254435,-0.4078188421277505,-0.19730216376232185,-0.2660908841212195,-0.2953581347087008,-0.4196905423139134,-0.35721915341654714,-0.35166478469191564,0.7900390625,0.670654296875,0.605224609375,0.5712890625,0.56103515625,0.541015625,0.650390625,-0.5604113895077364,0.22138126773888364,-0.06463820307016205,-0.7954649494918669,1.712158203125,-0.625732421875,0.205078125,-0.089599609375,0.068603515625,0.0985107421875,-0.3475341796875,0.3216552734375,1.04638671875,0.967619861445967,-0.532364879299295,-0.7582628864406262,-0.3762932218390454,0.01696829126865444,-0.007263405255287332,-0.012237922299874875,0.7893917661061434,0.565050202948088,0.9123813592944121,-36.0625,12.0,8.625,-7.71875,19.87890625,-6.37109375,-32.625,22.5625,0.0,0,2,1782,1105,1956,1
3,209940,78,0.9739982299264504,0.9450972014526811,0.9115573595385601,0.8497268593401899,0.8426160466322825,0.8566850795007172,-0.13888973662526322,-0.28308969389934996,-0.1435895870845668,-0.38773766289254435,-0.4078188421277505,-0.3273415326395459,-0.17905209509567552,-0.16321298867763298,-0.38529618213446454,-0.35721915341654714,-0.35166478469191564,-0.3986938077944273,0.783447265625,0.660400390625,0.59423828125,0.56103515625,0.541015625,0.532958984375,0.2578125,-0.5506149479659413,0.293374431592761,0.004608294930875576,-0.7814874721518601,1.697998046875,-0.657470703125,0.02685546875,-0.15283203125,0.0704345703125,0.0555419921875,-0.44189453125,0.3199462890625,1.0462646484375,0.9661549729911191,-0.49699392681661425,-0.6772972808008056,-0.5424665059358501,0.017853328043458357,-0.00466933194982757,-0.013946958830530718,0.12634662923062837,-0.10782189397869808,0.9866634113589893,-36.375,12.875,8.4375,-7.51953125,19.51171875,-7.078125,-32.5625,23.1875,0.0,0,2,1446,1436,1993,1
3,209985,79,0.9554734946745201,0.945341349528489,0.8733481856746117,0.8426160466322825,0.8566850795007172,0.8442640461439863,-0.1544236579485458,-0.2944730979338969,-0.24726096377452925,-0.4078188421277505,-0.3273415326395459,-0.23346659749137852,-0.2514725180822169,-0.14014099551377912,-0.4196905423139134,-0.35166478469191564,-0.3986938077944273,-0.4823755607776116,0.777587890625,0.638427734375,0.5712890625,0.541015625,0.532958984375,0.51513671875,0.58251953125,-0.542954802087466,0.34174626911221656,0.08404797509689627,-0.7624439222388378,1.684814453125,-0.363525390625,0.150146484375,-0.16064453125,0.054931640625,0.0361328125,-0.1544189453125,0.3193359375,1.029541015625,0.9648731955931272,-0.48146000549333173,-0.5781121250038148,-0.6587725455488754,0.018127994628742334,-0.0018311105685598315,-0.015930661946470536,0.8410290841395306,0.5298623615222633,0.9700918607135227,-36.8125,14.0625,8.1875,-6.98828125,19.19140625,-7.91015625,-32.4375,23.75,0.0,0,2,1764,1079,1985,1
3,210036,80,0.8931241798150579,0.9508957182531205,0.8497268593401899,0.8566850795007172,0.8442640461439863,0.8593707083346049,-0.11020233771782587,-0.23071993163853877,-0.38773766289254435,-0.3273415326395459,-0.23346659749137852,-0.1965697195348979,-0.43607898190252387,-0.206335642567217,-0.35721915341654714,-0.3986938077944273,-0.4823755607776116,-0.4720603045747246,0.754638671875,0.627685546875,0.56103515625,0.532958984375,0.51513671875,0.5087890625,0.203857421875,-0.5490890224921415,0.3763542588579974,0.1011383404034547,-0.739371929074984,1.686279296875,-0.05126953125,0.286865234375,-0.0712890625,0.050537109375,0.0108642578125,-0.275634765625,0.321044921875,1.0439453125,0.9617297891170995,-0.43681142612994783,-0.5422223578600421,-0.717764824365978,0.018982512894070255,-0.0004882961516159551,-0.016571550645466476,0.42231513412884913,-0.6262092959379864,0.9974974822229682,-37.125,14.9375,7.9375,-6.87890625,19.26953125,-7.87109375,-32.3125,24.375,0.0,0,2,1186,1288,1998,1
3,210087,81,0.8163396099734489,0.9397564622943816,0.8426160466322825,0.8442640461439863,0.8593707083346049,0.8720053712576677,-0.05349894711142308,-0.17206335642567216,-0.4078188421277505,-0.23346659749137852,-0.1965697195348979,-0.21500289925840022,-0.5750907925656911,-0.2953581347087008,-0.35166478469191564,-0.4823755607776116,-0.4720603045747246,-0.43974120303964354,0.746337890625,0.605224609375,0.541015625,0.51513671875,0.5087890625,0.492919921875,0.51611328125,-0.5523850215155491,0.41285439619129,0.08539078951384015,-0.7191076387829218,1.668701171875,-0.00927734375,0.454833984375,0.036376953125,0.0567626953125,0.0084228515625,-0.3140869140625,0.31982421875,1.0159912109375,0.9601428266243477,-0.3862117374187445,-0.5171361430707724,-0.7638172551652578,0.02041688283944212,-0.000946073793755913,-0.016479995117038484,0.7755973998229927,0.5242774742881557,0.9773552659688101,-37.5,16.125,7.625,-6.1796875,19.078125,-8.26953125,-32.1875,24.9375,0.0,0,2,1762,1112,1988,1
3,210137,82,0.8409985656300546,0.9115573595385601,0.8566850795007172,0.8593707083346049,0.8720053712576677,0.9034699545274208,-0.08981597338785974,-0.1435895870845668,-0.3273415326395459,-0.1965697195348979,-0.21500289925840022,-0.24604022339548937,-0.533555101168859,-0.38529618213446454,-0.3986938077944273,-0.4720603045747246,-0.43974120303964354,-0.3509933774834437,0.7158203125,0.59423828125,0.532958984375,0.5087890625,0.492919921875,0.48828125,0.155517578125,-0.5466475417340617,0.467024750511185,0.055238502151554916,-0.6928312021240882,1.653564453125,-0.18017578125,0.44921875,0.033203125,0.0784912109375,0.035888671875,-0.5242919921875,0.3184814453125,0.9832763671875,0.9600817896053957,-0.2999969481490524,-0.48207037568285166,-0.8231757560960723,0.02249214148380993,-0.0013122959074678793,-0.01532029175695059,0.11987670522171698,-0.37397381511886957,0.9971007415997802,-37.75,16.9375,7.375,-5.55078125,18.87109375,-8.671875,-32.0,25.5,0.0,0,2,1313,1440,1998,1
3,210187,83,0.9045381023590808,0.8733481856746117,0.8442640461439863,0.8720053712576677,0.9034699545274208,0.9184850611896115,-0.14624469740897855,-0.24726096377452925,-0.23346659749137852,-0.21500289925840022,-0.24604022339548937,-0.2835474715414899,-0.40049439985351115,-0.4196905423139134,-0.4823755607776116,-0.43974120303964354,-0.3509933774834437,-0.2757042146061586,0.705810546875,0.5712890625,0.51513671875,0.492919921875,0.48828125,0.473876953125,0.468017578125,-0.5356913968321787,0.5242469557786797,0.025147251808221686,-0.6614886928922391,1.60693359375,0.0517578125,0.445556640625,0.074462890625,0.09521484375,0.0693359375,-0.6170654296875,0.3121337890625,0.8846435546875,0.9643848994415113,-0.20365001373332928,-0.43415631580553604,-0.8774987029633473,0.024719992675557727,-0.0023194067201757866,-0.013733329264198737,0.5944700460829493,-0.3442182683797723,0.988860744041261,-38.0625,18.0625,7.0,-4.171875,18.03125,-9.69140625,-31.875,26.0625,0.0,0,2,1327,1202,1994,1
3,210239,84,0.9306924649800103,0.8497268593401899,0.8593707083346049,0.9034699545274208,0.9184850611896115,0.924008911404767,-0.1676076540421766,-0.38773766289254435,-0.1965697195348979,-0.24604022339548937,-0.2835474715414899,-0.3344218268379772,-0.32514419995727406,-0.35721915341654714,-0.4720603045747246,-0.3509933774834437,-0.2757042146061586,-0.18543046357615894,0.678466796875,0.56103515625,0.5087890625,0.48828125,0.473876953125,0.469970703125,0.128173828125,-0.532090212714011,0.5606250190740685,-0.015045625171666617,-0.6343272194586016,1.56787109375,-0.101318359375,0.244873046875,0.020263671875,0.1143798828125,0.0653076171875,-0.681884765625,0.306884765625,0.800048828125,0.9689626758629108,-0.11609241004669332,-0.42915128025147253,-0.8957487716299936,0.02652058473464156,-0.0036011841181676687,-0.01229895931882687,-0.26374095889156773,-0.7657094027527696,0.9955137791070284,-38.25,18.875,6.6875,-3.08984375,17.26171875,-10.390625,-31.6875,26.625,0.0,0,2,1117,1631,1997,1
3,210289,85,0.9393292031617175,0.8426160466322825,0.8720053712576677,0.9184850611896115,0.924008911404767,0.9150059511093478,-0.2164983062227241,-0.4078188421277505,-0.21500289925840022,-0.2835474715414899,-0.3344218268379772,-0.3575243385113071,-0.2660908841212195,-0.35166478469191564,-0.43974120303964354,-0.2757042146061586,-0.18543046357615894,-0.1869258705404828,0.670654296875,0.541015625,0.492919921875,0.473876953125,0.469970703125,0.4560546875,0.448486328125,-0.5169225135044404,0.5948057496871852,-0.011261329996642965,-0.6154972991119114,1.513671875,-0.28564453125,0.201904296875,-0.09375,0.0972900390625,0.07080078125,-0.486328125,0.300537109375,0.6796875,0.9761955626087222,-0.07126071962645344,-0.3633228553117466,-0.9289223914304026,0.027985473189489424,-0.00445570238349559,-0.01239051484725486,0.09121982482375561,0.15060884426404614,0.9719534897915586,-38.4375,19.875,6.1875,-1.6484375,16.0390625,-11.28125,-31.4375,27.1875,0.0,0,2,1575,1454,1985,1
3,210330,86,0.9450972014526811,0.8566850795007172,0.9034699545274208,0.924008911404767,0.9150059511093478,0.9149449140903958,-0.28308969389934996,-0.3273415326395459,-0.24604022339548937,-0.3344218268379772,-0.3575243385113071,-0.3547166356395154,-0.16321298867763298,-0.3986938077944273,-0.3509933774834437,-0.18543046357615894,-0.1869258705404828,-0.19251075777459029,0.660400390625,0.532958984375,0.48828125,0.469970703125,0.4560546875,0.45263671875,0.113037109375,-0.500320444349498,0.6282845545823542,0.007751701406903287,-0.5957518234809412,1.48974609375,-0.5498046875,0.00244140625,-0.13232421875,0.086181640625,0.0458984375,-0.526611328125,0.298828125,0.6177978515625,0.9794000061037019,-0.029602954191717278,-0.28196050904873804,-0.9589526047547837,0.0293282876064333,-0.003784295175023652,-0.013122959074678793,-0.13974425489059114,-0.6145207068086794,0.9806817835016938,-38.5,20.5625,5.8125,-0.8203125,15.51171875,-11.5703125,-31.25,27.75,0.0,0,2,1192,1569,1990,1
3,210380,87,0.945341349528489,0.8442640461439863,0.9184850611896115,0.9150059511093478,0.9149449140903958,0.9055146946623127,-0.2944730979338969,-0.23346659749137852,-0.2835474715414899,-0.3575243385113071,-0.3547166356395154,-0.304544206060976,-0.14014099551377912,-0.4823755607776116,-0.2757042146061586,-0.1869258705404828,-0.19251075777459029,-0.2954191717276528,0.638427734375,0.51513671875,0.473876953125,0.4560546875,0.45263671875,0.45068359375,0.065673828125,-0.44508194219794306,0.6700033570360424,0.08294930875576037,-0.5883358256782739,1.46240234375,-0.636962890625,-0.27001953125,-0.138671875,0.07666015625,0.0416259765625,-0.34033203125,0.296630859375,0.551513671875,0.9823603015228736,-0.048402356028931545,-0.07708975493636891,-0.9958494827112644,0.0293282876064333,-0.0019837031159398175,-0.014374217963194678,0.6366466261787774,0.4860683004242073,0.9869991149632252,-38.5625,21.1875,5.4375,0.08984375,15.0390625,-11.62890625,-31.0,28.3125,0.0,0,2,1743,1181,1993,1
3,210431,88,0.9508957182531205,0.8593707083346049,0.924008911404767,0.9149449140903958,0.9055146946623127,0.8552812280648213,-0.23071993163853877,-0.1965697195348979,-0.3344218268379772,-0.3547166356395154,-0.304544206060976,-0.2314523758659627,-0.206335642567217,-0.4720603045747246,-0.18543046357615894,-0.19251075777459029,-0.2954191717276528,-0.46357615894039733,0.627685546875,0.5087890625,0.469970703125,0.45263671875,0.45068359375,0.437255859375,0.4326171875,-0.38987395855586415,0.6810205389568773,0.16504409924619282,-0.597491378521073,1.475341796875,-0.683837890625,-0.32177734375,-0.13037109375,0.083984375,0.0045166015625,-0.006103515625,0.3028564453125,0.546630859375,0.9809869685964537,-0.14404736472670676,0.11123996704000977,-0.9833063753166296,0.028717917416913357,0.002075258644367809,-0.0206610309152501,0.7643665883358257,0.6926786095767082,0.9226355784783471,-38.5625,22.25,4.8125,0.640625,15.3515625,-11.48046875,-30.75,28.875,0.0,0,2,1846,1117,1961,1
3,210482,89,0.9397564622943816,0.8720053712576677,0.9150059511093478,0.9055146946623127,0.8552812280648213,0.7990661336100345,-0.17206335642567216,-0.21500289925840022,-0.3575243385113071,-0.304544206060976,-0.2314523758659627,-0.13953062532425917,-0.2953581347087008,-0.43974120303964354,-0.1869258705404828,-0.2954191717276528,-0.46357615894039733,-0.5848261970885342,0.605224609375,0.492919921875,0.4560546875,0.45068359375,0.437255859375,0.43701171875,0.0087890625,-0.3346354564043092,0.6861781670583209,0.23844111453596606,-0.6002685628833888,1.5009765625,-0.13818359375,-0.05908203125,-0.072021484375,0.0430908203125,-0.011962890625,0.267822265625,0.3099365234375,0.6136474609375,0.9753715628528703,-0.22913296914578693,0.2735984374523148,-0.934171575060274,0.026673177282021548,0.0045167394024475845,-0.022980437635425885,0.7881099887081515,-0.7762688070314646,0.9948423718985565,-38.625,22.875,4.5,0.1484375,15.8984375,-11.30859375,-30.4375,29.375,0.0,0,2,1111,1105,1997,1
3,210546,90,0.9115573595385601,0.9034699545274208,0.9149449140903958,0.8552812280648213,0.7990661336100345,0.7774895474105045,-0.1435895870845668,-0.24604022339548937,-0.3547166356395154,-0.2314523758659627,-0.13953062532425917,-0.18204290902432324,-0.38529618213446454,-0.3509933774834437,-0.19251075777459029,-0.46357615894039733,-0.5848261970885342,-0.6019775994140446,0.59423828125,0.48828125,0.45263671875,0.437255859375,0.43701171875,0.42529296875,0.3837890625,-0.34308908352916045,0.6979583117160558,0.21332438123722036,-0.5912961210974456,1.5439453125,0.2412109375,0.350830078125,0.185546875,0.068115234375,-0.010009765625,0.05712890625,0.3214111328125,0.6817626953125,0.9683828241828669,-0.19333475753044221,0.2639851069673757,-0.9449446089053011,0.02685628833887753,0.004333628345591601,-0.026367992187261574,0.8391369365520188,0.3324686422315134,0.9875484481337932,-38.625,24.0,3.9375,-0.109375,16.609375,-11.26953125,-30.1875,29.9375,0.0,0,2,1666,1080,1993,1
3,210586,91,0.8733481856746117,0.9184850611896115,0.9055146946623127,0.7990661336100345,0.7774895474105045,0.7963194677571948,-0.24726096377452925,-0.2835474715414899,-0.304544206060976,-0.13953062532425917,-0.18204290902432324,-0.27011932737205113,-0.4196905423139134,-0.2757042146061586,-0.2954191717276528,-0.5848261970885342,-0.6019775994140446,-0.5412457655568103,0.5712890625,0.473876953125,0.45068359375,0.43701171875,0.42529296875,0.426025390625,-0.029052734375,-0.35859248634296703,0.7226477858821375,0.16183965575121312,-0.5683156834620197,1.542724609375,0.031982421875,0.490234375,0.154541015625,0.0821533203125,0.026123046875,-0.2222900390625,0.3238525390625,0.65673828125,0.968047120578631,-0.09146397289956358,0.22562334055604724,-0.9699087496566667,0.02859584337900937,-0.0006103701895199438,-0.02447584459974975,0.7884762108218635,-0.8240913113803522,0.9963988158818323,-38.6875,24.75,3.5625,0.5703125,16.73828125,-11.03125,-29.875,30.4375,0.0,0,2,1087,1105,1998,1
3,210636,92,0.8497268593401899,0.924008911404767,0.8552812280648213,0.7774895474105045,0.7963194677571948,0.8323618274483474,-0.38773766289254435,-0.3344218268379772,-0.2314523758659627,-0.18204290902432324,-0.27011932737205113,-0.31446272164067507,-0.35721915341654714,-0.18543046357615894,-0.46357615894039733,-0.6019775994140446,-0.5412457655568103,-0.45634327219458604,0.56103515625,0.469970703125,0.437255859375,0.42529296875,0.426025390625,0.4150390625,0.358642578125,-0.3653370769371624,0.7697378460036012,0.11426129947813349,-0.510849330118717,1.48974609375,0.1474609375,0.738525390625,0.094482421875,0.087646484375,0.0748291015625,-0.3841552734375,0.318359375,0.5208740234375,0.9743644520401623,0.07000946073793755,0.2293160802026429,-0.9708243049409467,0.03195287942136906,-0.0013428144169438765,-0.024170659504989776,0.7781609546189764,0.36014893032624284,0.9895931882686849,-38.5625,25.8125,3.0,2.62890625,16.1015625,-10.44140625,-29.5625,30.9375,0.0,0,2,1680,1110,1994,1
3,210687,93,0.8426160466322825,0.9150059511093478,0.7990661336100345,0.7963194677571948,0.8323618274483474,0.8881191442609943,-0.4078188421277505,-0.3575243385113071,-0.13953062532425917,-0.27011932737205113,-0.31446272164067507,-0.3567613757744072,-0.35166478469191564,-0.1869258705404828,-0.5848261970885342,-0.5412457655568103,-0.45634327219458604,-0.2898342844935453,0.541015625,0.4560546875,0.43701171875,0.426025390625,0.4150390625,0.41552734375,-0.014892578125,-0.38181707205420085,0.8161564989165929,0.06033509323404645,-0.4295175023651845,1.43798828125,-0.023193359375,0.654296875,-0.014892578125,0.1314697265625,0.07958984375,-0.646484375,0.311767578125,0.40625,0.9799493392742699,0.27198095645008696,0.20850245674001283,-0.9394512771996215,0.03567613757744072,-0.004791405987731559,-0.01730399487289041,0.413434247871334,-0.7909482100894192,0.9965819269386883,-38.4375,26.4375,2.625,4.12109375,15.30078125,-9.921875,-29.1875,31.4375,0.0,0,2,1104,1293,1998,1
3,210741,94,0.8566850795007172,0.9149449140903958,0.7774895474105045,0.8323618274483474,0.8881191442609943,0.9126560258796961,-0.3273415326395459,-0.3547166356395154,-0.18204290902432324,-0.31446272164067507,-0.3567613757744072,-0.36576433606982633,-0.3986938077944273,-0.19251075777459029,-0.6019775994140446,-0.45634327219458604,-0.2898342844935453,-0.18243964964751122,0.532958984375,0.45263671875,0.42529296875,0.4150390625,0.41552734375,0.404052734375,0.373046875,-0.39066743980224006,0.848017822809534,0.027985473189489424,-0.35703604235969116,1.341796875,0.21435546875,0.446044921875,-0.01806640625,0.114501953125,0.0760498046875,-0.6151123046875,0.2991943359375,0.20751953125,0.9881282998138371,0.41315958128605,0.21668141727958007,-0.8845179601428266,0.039735099337748346,-0.004547257911923582,-0.01544236579485458,0.20938749351481672,0.12137211218604084,0.988921781060213,-38.0625,27.375,2.125,6.46875,13.62109375,-8.76953125,-28.875,31.9375,0.0,0,2,1560,1395,1994,1
3,210788,95,0.8442640461439863,0.9055146946623127,0.7963194677571948,0.8881191442609943,0.9126560258796961,0.9216895046845912,-0.23346659749137852,-0.304544206060976,-0.27011932737205113,-0.3567613757744072,-0.36576433606982633,-0.37965025788140505,-0.4823755607776116,-0.2954191717276528,-0.5412457655568103,-0.2898342844935453,-0.18243964964751122,-0.07953123569444868,0.51513671875,0.45068359375,0.426025390625,0.41552734375,0.404052734375,0.404296875,-0.0068359375,-0.4205755790887173,0.8532975249488814,0.0010071108127079073,-0.30826746421704765,1.279052734375,0.168212890625,0.142333984375,-0.076171875,0.099853515625,0.072021484375,-0.5555419921875,0.2913818359375,0.109130859375,0.9910580767235329,0.4966582232123783,0.17658009582811976,-0.8497878963591419,0.04083376567888424,-0.007354960783715323,-0.010559404278695029,-0.1076693014313181,-0.8202154606769005,0.9947813348796045,-37.8125,27.875,1.8125,7.5,12.55078125,-7.921875,-28.5,32.4375,0.0,0,2,1089,1553,1997,1
3,210838,96,0.8593707083346049,0.8552812280648213,0.8323618274483474,0.9126560258796961,0.9216895046845912,0.9273659474471266,-0.1965697195348979,-0.2314523758659627,-0.31446272164067507,-0.36576433606982633,-0.37965025788140505,-0.36997589037751394,-0.4720603045747246,-0.46357615894039733,-0.45634327219458604,-0.18243964964751122,-0.07953123569444868,-0.055848872341074864,0.5087890625,0.437255859375,0.4150390625,0.404052734375,0.404296875,0.392822265625,0.369384765625,-0.45579393902401805,0.8432569353312784,-0.0023194067201757866,-0.2848597674489578,1.20556640625,0.319091796875,0.047119140625,-0.106689453125,0.0958251953125,0.0540771484375,-0.4119873046875,0.283447265625,0.00439453125,0.9935300759910886,0.5082857753227332,0.14719077120273447,-0.8485061189611499,0.043885616626483964,-0.0073854792931913205,-0.012512588885158849,-0.31254005554368725,-0.09949034089175085,0.9912106692709128,-37.3125,28.6875,1.4375,8.55859375,11.23046875,-6.80078125,-28.125,32.875,0.0,0,2,1450,1656,1995,1
3,210889,97,0.8720053712576677,0.7990661336100345,0.8881191442609943,0.9216895046845912,0.9273659474471266,0.9367656483657338,-0.21500289925840022,-0.13953062532425917,-0.3567613757744072,-0.37965025788140505,-0.36997589037751394,-0.34595782341990416,-0.43974120303964354,-0.5848261970885342,-0.2898342844935453,-0.07953123569444868,-0.055848872341074864,-0.05273598437452315,0.492919921875,0.43701171875,0.41552734375,0.404296875,0.392822265625,0.393798828125,-0.02880859375,-0.4878994109927671,0.8280587176122318,0.011474959562974944,-0.2759178441724906,1.182373046875,-0.076171875,-0.031494140625,-0.180908203125,0.0869140625,0.0343017578125,-0.269775390625,0.28173828125,-0.013916015625,0.9936216315195165,0.48725852229377115,0.12756736960966827,-0.8638874477370525,0.04367198706015198,-0.008545182653279214,-0.01132236701559496,-0.032624286629841,0.053132724997711114,0.9961546678060244,-37.0,29.125,1.1875,8.8203125,10.8984375,-6.30078125,-27.6875,33.3125,0.0,0,2,1526,1516,1998,1
3,210929,98,0.9034699545274208,0.7774895474105045,0.9126560258796961,0.9273659474471266,0.9367656483657338,0.945249794000061,-0.24604022339548937,-0.18204290902432324,-0.36576433606982633,-0.36997589037751394,-0.34595782341990416,-0.3110141300698874,-0.3509933774834437,-0.6019775994140446,-0.18243964964751122,-0.055848872341074864,-0.05273598437452315,-0.0989410077211829,0.48828125,0.42529296875,0.404052734375,0.392822265625,0.393798828125,0.393798828125,-0.004638671875,-0.47746208075197605,0.8349253822443312,0.04272591326639607,-0.2703939939573351,1.167724609375,-0.256103515625,-0.10595703125,-0.183349609375,0.0875244140625,0.02587890625,-0.2188720703125,0.2813720703125,-0.0174560546875,0.9932859279152806,0.45359660634174626,0.19467757194738608,-0.869685964537492,0.04483169042023988,-0.006805627613147374,-0.01425214392529069,-0.09836115604113894,0.41666920987578965,0.9845271156956694,-36.625,29.625,0.9375,8.98828125,10.75,-5.83984375,-27.3125,33.75,0.0,0,2,1708,1549,1992,1
3,210980,99,0.9184850611896115,0.7963194677571948,0.9216895046845912,0.9367656483657338,0.945249794000061,0.9445478682821131,-0.2835474715414899,-0.27011932737205113,-0.37965025788140505,-0.34595782341990416,-0.3110141300698874,-0.2609027375103,-0.2757042146061586,-0.5412457655568103,-0.07953123569444868,-0.05273598437452315,-0.0989410077211829,-0.19934690389721366,0.473876953125,0.426025390625,0.404296875,0.393798828125,0.393798828125,0.38623046875,0.246826171875,-0.46037171544541766,0.8387096774193549,0.0890224921414838,-0.27692495498519853,1.16552734375,0.046142578125,-0.115234375,-0.14990234375,0.0640869140625,-0.0008544921875,0.0335693359375,0.2833251953125,0.015625,0.9914548173467208,0.3763237403485214,0.2793359172338023,-0.8833887752922147,0.044404431287575916,-0.005401776177251503,-0.01828058717612232,0.1773430585650197,-0.5392925809503464,0.9837641529587695,-36.125,30.3125,0.625,8.9609375,10.98828125,-5.33984375,-26.875,34.1875,0.0,0,2,1230,1411,1991,1
3,211030,100,0.924008911404767,0.8323618274483474,0.9273659474471266,0.945249794000061,0.9445478682821131,0.934842982268746,-0.3344218268379772,-0.31446272164067507,-0.36997589037751394,-0.3110141300698874,-0.2609027375103,-0.25244911038544876,-0.18543046357615894,-0.45634327219458604,-0.055848872341074864,-0.0989410077211829,-0.19934690389721366,-0.24970244453260904,0.469970703125,0.4150390625,0.392822265625,0.393798828125,0.38623046875,0.387939453125,-0.050048828125,-0.4814294869838557,0.8207037568285165,0.10657063509018219,-0.28867458113345745,1.169189453125,0.40771484375,-0.10009765625,-0.052001953125,0.0633544921875,-0.0040283203125,0.126220703125,0.285400390625,0.0848388671875,0.9882198553422651,0.3183080538346507,0.25739310892056033,-0.9123813592944121,0.043885616626483964,-0.005676442762535478,-0.022247993408001952,0.49540696432386244,-0.576006347849971,0.9985656300546282,-35.8125,30.875,0.375,8.44140625,11.48046875,-5.2890625,-26.4375,34.625,0.0,0,2,1211,1252,1999,1
3,211082,101,0.9150059511093478,0.8881191442609943,0.9367656483657338,0.9445478682821131,0.934842982268746,0.9055757316812647,-0.3575243385113071,-0.3567613757744072,-0.34595782341990416,-0.2609027375103,-0.25244911038544876,-0.2868434705648976,-0.1869258705404828,-0.2898342844935453,-0.05273598437452315,-0.19934690389721366,-0.24970244453260904,-0.31250953703421125,0.4560546875,0.41552734375,0.393798828125,0.38623046875,0.387939453125,0.384521484375,0.109375,-0.5083468123416852,0.7972350230414746,0.1076998199407941,-0.3072298348948637,1.177734375,-0.224609375,0.060791015625,-0.017822265625,0.08203125,-0.0081787109375,0.197265625,0.289306640625,0.1893310546875,0.9817499313333536,0.2652058473464156,0.20151371807000945,-0.9428998687704092,0.041169469283120215,-0.009399700918607135,-0.02490310373241371,0.32032227546006653,0.39405499435407576,0.9863887447737053,-35.4375,31.625,0.0,7.578125,12.1796875,-5.3515625,-26.0,35.0,0.0,0,2,1697,1339,1993,1
3,211132,102,0.9149449140903958,0.9126560258796961,0.945249794000061,0.934842982268746,0.9055757316812647,0.901760917996765,-0.3547166356395154,-0.36576433606982633,-0.3110141300698874,-0.25244911038544876,-0.2868434705648976,-0.25244911038544876,-0.19251075777459029,-0.18243964964751122,-0.0989410077211829,-0.24970244453260904,-0.31250953703421125,-0.35087130344553974,0.45263671875,0.404052734375,0.393798828125,0.387939453125,0.384521484375,0.38916015625,-0.15576171875,-0.467452009643849,0.826441236610004,0.12430188909573657,-0.2881862849818415,1.183837890625,-0.516357421875,0.2900390625,-0.110595703125,0.0537109375,0.02783203125,0.1435546875,0.2921142578125,0.2369384765625,0.97811822870571,0.27130954924161504,0.3122348704489273,-0.9104281746879482,0.04046754356517228,-0.007080294198431349,-0.02728354747154149,0.8171330912198248,0.3778496658223212,0.9908444471572009,-35.125,32.1875,-0.25,7.2109375,12.4296875,-5.51171875,-25.5625,35.375,0.0,0,2,1688,1091,1995,1
3,211183,103,0.9055146946623127,0.9216895046845912,0.9445478682821131,0.9055757316812647,0.901760917996765,0.9183324686422315,-0.304544206060976,-0.37965025788140505,-0.2609027375103,-0.2868434705648976,-0.25244911038544876,-0.2150944547868282,-0.2954191717276528,-0.07953123569444868,-0.19934690389721366,-0.31250953703421125,-0.35087130344553974,-0.33222449415570543,0.45068359375,0.404296875,0.38623046875,0.384521484375,0.38916015625,0.389892578125,-0.017578125,-0.4300973540452284,0.8636432996612445,0.12247077852717674,-0.23270363475447858,1.1591796875,-0.062255859375,0.42822265625,0.0166015625,0.058837890625,0.010986328125,-0.098388671875,0.2918701171875,0.2423095703125,0.9766838587603381,0.34250923184911647,0.42088076418347725,-0.8399609363078707,0.040345469527268286,-0.005584887234107486,-0.024933622241889705,0.20383312479018525,-0.32428968169194616,0.9847712637714774,-34.8125,32.9375,-0.75,7.12890625,12.109375,-5.44140625,-25.0625,35.75,0.0,0,2,1337,1398,1992,1
3,211234,104,0.8552812280648213,0.9273659474471266,0.934842982268746,0.901760917996765,0.9183324686422315,0.9442426831873532,-0.2314523758659627,-0.36997589037751394,-0.25244911038544876,-0.25244911038544876,-0.2150944547868282,-0.24951933347575306,-0.46357615894039733,-0.055848872341074864,-0.24970244453260904,-0.35087130344553974,-0.33222449415570543,-0.21481978820154424,0.437255859375,0.392822265625,0.387939453125,0.38916015625,0.389892578125,0.3955078125,-0.184814453125,-0.445539719840083,0.8748130741294595,0.07885982848597675,-0.17316202276680806,1.1220703125,0.141845703125,0.51171875,0.109375,0.0897216796875,0.0291748046875,-0.314453125,0.2886962890625,0.179931640625,0.9799798577837459,0.4622638630329295,0.3994872890408033,-0.7916501358073672,0.0424207281716361,-0.0076906643879512925,-0.020691549424726098,0.7547532578508865,-0.12155522324289682,0.9980773339030122,-34.5,33.4375,-1.0,7.78125,11.37890625,-4.76953125,-24.625,36.125,0.0,0,2,1439,1122,1999,1
3,211284,105,0.7990661336100345,0.9367656483657338,0.9055757316812647,0.9183324686422315,0.9442426831873532,0.9538560136722922,-0.13953062532425917,-0.34595782341990416,-0.2868434705648976,-0.2150944547868282,-0.24951933347575306,-0.2879726554155095,-0.5848261970885342,-0.05273598437452315,-0.31250953703421125,-0.33222449415570543,-0.21481978820154424,-0.08505508590960417,0.43701171875,0.393798828125,0.384521484375,0.389892578125,0.3955078125,0.39501953125,0.0166015625,-0.4594256416516617,0.881435590685751,0.027314065981017488,-0.10614337595751823,1.03466796875,-0.086669921875,0.48779296875,0.0439453125,0.1192626953125,0.071044921875,-0.570556640625,0.279541015625,0.0382080078125,0.9873348185674612,0.58653523361919,0.3729667043061617,-0.7189550462355419,0.043336283455916016,-0.010681478316599017,-0.013794366283150731,-0.23181859797967466,0.20612201300088503,0.9795831171605579,-34.0,34.0625,-1.3125,8.87109375,9.55859375,-3.30078125,-24.125,36.5,0.0,0,2,1603,1615,1989,1
3,211335,106,0.7774895474105045,0.945249794000061,0.901760917996765,0.9442426831873532,0.9538560136722922,0.9556260872219001,-0.18204290902432324,-0.3110141300698874,-0.25244911038544876,-0.24951933347575306,-0.2879726554155095,-0.293221839045381,-0.6019775994140446,-0.0989410077211829,-0.35087130344553974,-0.21481978820154424,-0.08505508590960417,0.028534806360057376,0.42529296875,0.393798828125,0.38916015625,0.3955078125,0.39501953125,0.398193359375,-0.10693359375,-0.445387127292703,0.8942838831751457,-0.0034180730613116855,-0.043519394512771994,0.98828125,-0.056396484375,0.556640625,-0.045166015625,0.0977783203125,0.075927734375,-0.4588623046875,0.27490234375,-0.0733642578125,0.9921567430646687,0.6722922452467421,0.40046388134403516,-0.6226386303292947,0.04531998657185583,-0.011078218939786982,-0.009186071352275156,-0.18857387005218665,-0.33756523331400495,0.9951780755027925,-33.5625,34.4375,-1.4375,9.7109375,8.140625,-2.12890625,-23.625,36.8125,0.0,0,2,1331,1594,1997,1
3,211385,107,0.7963194677571948,0.9445478682821131,0.9183324686422315,0.9538560136722922,0.9556260872219001,0.9472334971160008,-0.27011932737205113,-0.2609027375103,-0.2150944547868282,-0.2879726554155095,-0.293221839045381,-0.2787255470442824,-0.5412457655568103,-0.19934690389721366,-0.33222449415570543,-0.08505508590960417,0.028534806360057376,0.15839106418042542,0.426025390625,0.38623046875,0.389892578125,0.39501953125,0.398193359375,0.392333984375,0.19091796875,-0.4433423871578112,0.8954435865352336,-0.028839991454817346,0.02847376934110538,0.943603515625,0.021728515625,0.38916015625,-0.091552734375,0.127685546875,0.0672607421875,-0.5845947265625,0.2703857421875,-0.1961669921875,0.9959410382396924,0.740256965849788,0.4219183935056612,-0.5234534745323038,0.046449171422467725,-0.01141392254402295,-0.001892147587511826,-0.6462294381542405,0.5039521469771416,0.9921262245551927,-32.9375,34.875,-1.5,10.46875,6.37890625,-0.421875,-23.125,37.125,0.0,0,2,1751,1823,1996,1
3,211436,108,0.8323618274483474,0.934842982268746,0.9442426831873532,0.9556260872219001,0.9472334971160008,0.9391766106143375,-0.31446272164067507,-0.25244911038544876,-0.24951933347575306,-0.293221839045381,-0.2787255470442824,-0.24939725943784904,-0.45634327219458604,-0.24970244453260904,-0.21481978820154424,0.028534806360057376,0.15839106418042542,0.23612170781579028,0.4150390625,0.387939453125,0.3955078125,0.398193359375,0.392333984375,0.393798828125,-0.04736328125,-0.4324167607654042,0.8981292153691214,-0.03122043519394513,0.07364116336558123,0.924072265625,-0.26318359375,-0.015380859375,-0.154052734375,0.1129150390625,0.07080078125,-0.577392578125,0.26806640625,-0.285400390625,0.9978331858272041,0.7578356273079623,0.46357615894039733,-0.45912045655690176,0.048249763481551564,-0.010376293221839045,0.001892147587511826,-0.7526169621875668,0.8032166508987701,0.9685964537491989,-32.4375,35.125,-1.5,10.87890625,5.0,0.96875,-22.5625,37.4375,0.0,0,2,1901,1876,1984,1
3,211486,109,0.8881191442609943,0.9055757316812647,0.9538560136722922,0.9472334971160008,0.9391766106143375,0.9555955687124241,-0.3567613757744072,-0.2868434705648976,-0.2879726554155095,-0.2787255470442824,-0.24939725943784904,-0.21015045625171666,-0.2898342844935453,-0.31250953703421125,-0.08505508590960417,0.15839106418042542,0.23612170781579028,0.206579790643025,0.41552734375,0.384521484375,0.39501953125,0.392333984375,0.393798828125,0.385009765625,0.286376953125,-0.39976195562608724,0.913663136692404,-0.003631702627643666,0.07348857081820125,0.94384765625,0.09375,-0.252197265625,-0.185546875,0.07177734375,0.0255126953125,-0.2666015625,0.26953125,-0.368408203125,0.9989623706778161,0.7084871974852748,0.5416425061799982,-0.4523758659627064,0.049745170445875425,-0.008941923276467178,0.002197332682271798,-0.9052705465865047,0.3967711416974395,0.9794305246131779,-31.6875,35.4375,-1.4375,11.37109375,3.75,2.69140625,-22.0625,37.75,0.0,0,2,1698,1952,1989,1
3,211537,110,0.9126560258796961,0.901760917996765,0.9556260872219001,0.9391766106143375,0.9555955687124241,0.9836115604113895,-0.36576433606982633,-0.25244911038544876,-0.293221839045381,-0.24939725943784904,-0.21015045625171666,-0.12625507370220038,-0.18243964964751122,-0.35087130344553974,0.028534806360057376,0.23612170781579028,0.206579790643025,0.12881862849818415,0.404052734375,0.38916015625,0.398193359375,0.393798828125,0.385009765625,0.384521484375,0.019287109375,-0.45054475539414657,0.8905301065095981,0.05285805841242714,0.03402813806573687,0.991455078125,0.83984375,-0.552490234375,-0.17578125,0.0594482421875,0.011962890625,0.133544921875,0.2742919921875,-0.3843994140625,0.9990234076967681,0.6055177465132603,0.5250404370250557,-0.598071230201117,0.05240028077028718,-0.006225775933103427,-0.0018311105685598315,-0.641193884090701,0.11896114993743706,0.9991760002441481,-31.125,35.5625,-1.3125,11.91015625,3.78125,3.16015625,-21.5,38.0,0.0,0,2,1559,1820,1999,1
3,211590,111,0.9216895046845912,0.9183324686422315,0.9472334971160008,0.9555955687124241,0.9836115604113895,0.9982604449598682,-0.37965025788140505,-0.2150944547868282,-0.2787255470442824,-0.21015045625171666,-0.12625507370220038,-0.056825464644306774,-0.07953123569444868,-0.33222449415570543,0.15839106418042542,0.206579790643025,0.12881862849818415,-0.014740440076906645,0.404296875,0.389892578125,0.392333984375,0.385009765625,0.384521484375,0.369140625,0.494140625,-0.5532395397808771,0.8236640522476882,0.119602038636433,-0.03512680440687277,1.075927734375,0.782958984375,-0.40234375,-0.19287109375,0.064697265625,0.0006103515625,0.501708984375,0.284423828125,-0.3226318359375,0.9979857783745841,0.44312875759147924,0.37675099948118534,-0.8134403515732291,0.054261909848323006,-0.005706961272011475,-0.008026367992187262,-0.8605304116946928,0.8976714377269814,0.9609363078707236,-30.1875,35.9375,-1.25,12.76953125,5.26171875,2.2109375,-21.0,38.25,0.0,0,2,1948,1930,1980,1
3,211638,112,0.9273659474471266,0.9442426831873532,0.9391766106143375,0.9836115604113895,0.9982604449598682,0.9923703726310007,-0.36997589037751394,-0.24951933347575306,-0.24939725943784904,-0.12625507370220038,-0.056825464644306774,-0.029419843134861293,-0.055848872341074864,-0.21481978820154424,0.23612170781579028,0.12881862849818415,-0.014740440076906645,-0.119632557145909,0.392822265625,0.3955078125,0.393798828125,0.384521484375,0.369140625,0.365234375,0.129638671875,-0.6132389294106876,0.7683645130771813,0.1675160985137486,-0.07425153355510117,1.116943359375,0.2353515625,-0.0712890625,-0.15771484375,0.0572509765625,-0.0009765625,0.4739990234375,0.2906494140625,-0.2646484375,0.9968871120334483,0.3198950163274026,0.25373088778344066,-0.912839136936552,0.055848872341074864,-0.007019257179479354,-0.01391644032105472,0.28885769219031343,-0.5280007324442274,0.9919736320078127,-29.5625,36.1875,-1.375,13.05859375,6.21875,1.26953125,-20.4375,38.5,0.0,0,2,1236,1355,1995,1
3,211680,113,0.9367656483657338,0.9538560136722922,0.9555955687124241,0.9982604449598682,0.9923703726310007,0.9900814844203009,-0.34595782341990416,-0.2879726554155095,-0.21015045625171666,-0.056825464644306774,-0.029419843134861293,-0.024506363109225746,-0.05273598437452315,-0.08505508590960417,0.206579790643025,-0.014740440076906645,-0.119632557145909,-0.13837092196417128,0.393798828125,0.39501953125,0.385009765625,0.369140625,0.365234375,0.3642578125,0.03564453125,-0.641285439619129,0.7415387432477798,0.1826837977233192,-0.07419049653614918,1.1416015625,0.520751953125,0.13623046875,-0.13330078125,0.0511474609375,0.00634765625,0.3070068359375,0.29541015625,-0.2154541015625,0.9959105197302164,0.28644672994170967,0.19605090487380597,-0.9378337961973937,0.05453657643360698,-0.007812738425855281,-0.01229895931882687,-0.2736289559617908,0.22357860042115543,0.9995117038483841,-28.9375,36.4375,-1.625,13.140625,6.8515625,0.80078125,-19.875,38.6875,0.0,0,2,1611,1636,1999,1
3,211731,114,0.945249794000061,0.9556260872219001,0.9836115604113895,0.9923703726310007,0.9900814844203009,0.9940183721427045,-0.3110141300698874,-0.293221839045381,-0.12625507370220038,-0.029419843134861293,-0.024506363109225746,-0.04620502334665975,-0.0989410077211829,0.028534806360057376,0.12881862849818415,-0.119632557145909,-0.13837092196417128,-0.09903256324961089,0.393798828125,0.398193359375,0.384521484375,0.365234375,0.3642578125,0.349853515625,0.46875,-0.7003387554551835,0.6888332773827326,0.1784722434156316,-0.05661183507797479,1.166015625,0.403076171875,0.247314453125,-0.113037109375,0.076904296875,0.022705078125,0.180419921875,0.3013916015625,-0.2296142578125,0.9961546678060244,0.30280465102084414,0.065126499221778,-0.9508346812341685,0.05880916776024659,-0.01434369945371868,-0.009826960051271096,0.03579821161534471,0.25241859187597276,0.8012329477828303,-27.9375,36.8125,-2.0,13.62890625,6.58984375,0.78125,-19.3125,38.9375,0.0,0,2,1626,1482,1900,1
3,211791,115,0.9445478682821131,0.9472334971160008,0.9982604449598682,0.9900814844203009,0.9940183721427045,0.9987487411114842,-0.2609027375103,-0.2787255470442824,-0.056825464644306774,-0.024506363109225746,-0.04620502334665975,-0.04330576494644001,-0.19934690389721366,0.15839106418042542,-0.014740440076906645,-0.13837092196417128,-0.09903256324961089,-0.025147251808221686,0.38623046875,0.392333984375,0.369140625,0.3642578125,0.349853515625,0.335205078125,0.473388671875,-0.7319254127628406,0.6591998046815394,0.17157506027405622,-0.017120883816034424,1.182373046875,0.21728515625,0.0419921875,-0.2265625,0.0550537109375,0.040771484375,-0.0823974609375,0.30615234375,-0.281005859375,0.9970397045808282,0.34803308206427197,0.01239051484725486,-0.9374065370647298,0.06002990813928648,-0.017120883816034424,-0.002380443739127781,-0.2883388775292215,-0.29706717123935666,0.37037263100070195,-26.9375,37.1875,-2.3125,14.19921875,5.76953125,1.171875,-18.75,39.125,0.0,0,2,1351,1644,1685,1
3,211832,116,0.934842982268746,0.9391766106143375,0.9923703726310007,0.9940183721427045,0.9987487411114842,0.999877925962096,-0.25244911038544876,-0.24939725943784904,-0.029419843134861293,-0.04620502334665975,-0.04330576494644001,-0.015961180455946532,-0.24970244453260904,0.23612170781579028,-0.119632557145909,-0.09903256324961089,-0.025147251808221686,-0.003509628589739677,0.387939453125,0.393798828125,0.365234375,0.349853515625,0.335205078125,0.332275390625,0.095947265625,-0.7577745902890103,0.6268196661275063,0.18131046479689933,-0.0008850367748039186,1.18994140625,0.472412109375,0.0283203125,-0.1533203125,0.0498046875,0.00146484375,-0.08544921875,0.3082275390625,-0.32421875,0.9976500747703482,0.34952848902859585,-0.04550309762871181,-0.935819574571978,0.062013611255226295,-0.018646809289834285,0.0015259254737998596,-0.31183812982573933,0.0391857661671804,0.999664296395764,-26.1875,37.375,-2.5,14.51953125,5.0390625,1.75,-18.1875,39.25,0.0,0,2,1519,1655,1999,1
3,211883,117,0.9055757316812647,0.9555955687124241,0.9900814844203009,0.9987487411114842,0.999877925962096,0.999633777886288,-0.2868434705648976,-0.21015045625171666,-0.024506363109225746,-0.04330576494644001,-0.015961180455946532,0.02652058473464156,-0.31250953703421125,0.206579790643025,-0.13837092196417128,-0.025147251808221686,-0.003509628589739677,-0.0027771843623157445,0.384521484375,0.385009765625,0.3642578125,0.335205078125,0.332275390625,0.33056640625,0.050537109375,-0.7888729514450514,0.5819269386883145,0.19736320078127384,0.00784325693533128,1.196044921875,-0.025634765625,-0.02587890625,-0.1767578125,0.030517578125,0.0008544921875,-0.0572509765625,0.3094482421875,-0.3470458984375,0.9979857783745841,0.33982360301522874,-0.13016144291512802,-0.9314249092074343,0.061342204046754355,-0.013824884792626729,0.0054322946867275,-0.3130283516953032,0.6392101809747612,0.9820856349375896,-25.5625,37.5,-2.5625,14.6796875,4.55078125,2.359375,-17.5625,39.4375,0.0,0,2,1819,1656,1991,1
3,211933,118,0.901760917996765,0.9836115604113895,0.9940183721427045,0.999877925962096,0.999633777886288,0.9964598529007843,-0.25244911038544876,-0.12625507370220038,-0.04620502334665975,-0.015961180455946532,0.02652058473464156,0.0663472396008179,-0.35087130344553974,0.12881862849818415,-0.09903256324961089,-0.003509628589739677,-0.0027771843623157445,-0.051484725486007264,0.38916015625,0.384521484375,0.349853515625,0.332275390625,0.33056640625,0.31201171875,0.607421875,-0.782189397869808,0.5780816064943388,0.23191015350810265,0.014374217963194678,1.222412109375,0.138671875,-0.355224609375,-0.153076171875,0.054931640625,0.02392578125,0.063232421875,0.3128662109375,-0.322998046875,0.9978637043366801,0.2795190282906583,-0.11966307565538499,-0.9526657918027284,0.06799523911252174,-0.016754661702322458,0.005371257667775506,0.5193334757530442,0.26779992065187536,-0.9139988402966399,-24.5,37.75,-2.5,14.87890625,4.6484375,3.08984375,-17.0,39.5625,0.0,0,2,1633,1240,1043,1
3,211984,119,0.9183324686422315,0.9982604449598682,0.9987487411114842,0.999633777886288,0.9964598529007843,0.9801324503311258,-0.2150944547868282,-0.056825464644306774,-0.04330576494644001,0.02652058473464156,0.0663472396008179,0.0891750846888638,-0.33222449415570543,-0.014740440076906645,-0.025147251808221686,-0.0027771843623157445,-0.051484725486007264,-0.1771599475081637,0.389892578125,0.369140625,0.335205078125,0.33056640625,0.31201171875,0.30859375,0.111328125,-0.8052613910336619,0.5194860683004242,0.28519547105319376,-0.01867732779931028,1.23291015625,1.036376953125,-0.250244140625,0.003662109375,0.02197265625,-0.0557861328125,0.3736572265625,0.31396484375,-0.2642822265625,0.9973143711661122,0.16898098696859645,-0.24738303781243323,-0.9540696432386242,0.06830042420728172,-0.011017181920834987,0.0007629627368999298,-0.1271095919675283,-0.8824732200079348,0.9977111117893002,-23.875,37.9375,-2.4375,14.73828125,5.2109375,3.53125,-16.4375,39.6875,0.0,0,2,1058,1563,1998,1
3,212036,120,0.9442426831873532,0.9923703726310007,0.999877925962096,0.9964598529007843,0.9801324503311258,0.967345194860683,-0.24951933347575306,-0.029419843134861293,-0.015961180455946532,0.0663472396008179,0.0891750846888638,-0.015717032380138555,-0.21481978820154424,-0.119632557145909,-0.003509628589739677,-0.051484725486007264,-0.1771599475081637,-0.25293740653706476,0.3955078125,0.365234375,0.332275390625,0.31201171875,0.30859375,0.288818359375,0.643798828125,-0.8704794457838679,0.38453321939756463,0.2956328012939848,-0.0836207159642323,1.22509765625,0.7958984375,0.1787109375,0.09228515625,-0.046630859375,-0.0477294921875,0.448974609375,0.312255859375,-0.1187744140625,0.9955748161259804,0.09427167577135533,-0.5514084292123173,-0.8288827173680837,0.07519760734885708,-0.018433179723502304,0.005523850215155492,0.6399731437116611,-0.22852259895626698,-0.8439588610492263,-22.8125,38.3125,-2.375,13.859375,6.44921875,4.46875,-15.8125,39.75,0.0,0,2,1385,1180,1078,1
3,212087,121,0.9538560136722922,0.9900814844203009,0.999633777886288,0.9801324503311258,0.967345194860683,0.9822687459944456,-0.2879726554155095,-0.024506363109225746,0.02652058473464156,0.0891750846888638,-0.015717032380138555,-0.07467879268776513,-0.08505508590960417,-0.13837092196417128,-0.0027771843623157445,-0.1771599475081637,-0.25293740653706476,-0.17197180089724418,0.39501953125,0.3642578125,0.33056640625,0.30859375,0.288818359375,0.28662109375,0.068115234375,-0.9054841761528367,0.3351542710654012,0.24323252052369762,-0.09283730582598346,1.223388671875,-0.264404296875,0.396240234375,-0.031005859375,0.0174560546875,0.0302734375,-0.1180419921875,0.3116455078125,-0.0802001953125,0.9952696310312205,0.14419995727408674,-0.6595965453047273,-0.7376628925443282,0.07321390423291727,-0.01663258766441847,0.012146366771446883,-0.22370067445905942,-0.2651142918179876,0.9733573412274544,-22.1875,38.5625,-2.3125,13.5390625,6.58984375,5.12109375,-15.25,39.875,0.0,0,2,1367,1611,1986,1
3,212148,122,0.9556260872219001,0.9940183721427045,0.9964598529007843,0.967345194860683,0.9822687459944456,0.9965514084292123,-0.293221839045381,-0.04620502334665975,0.0663472396008179,-0.015717032380138555,-0.07467879268776513,-0.04446546830652791,0.028534806360057376,-0.09903256324961089,-0.051484725486007264,-0.25293740653706476,-0.17197180089724418,-0.06991790520950956,0.398193359375,0.349853515625,0.31201171875,0.288818359375,0.28662109375,0.267333984375,0.623291015625,-0.8968169194616535,0.3966795861690115,0.19275490585039826,-0.035065767387920777,1.270263671875,-0.255615234375,0.5078125,-0.1484375,-0.031494140625,0.046875,-0.3402099609375,0.3175048828125,-0.129638671875,0.9961241492965484,0.2512283700064089,-0.5569627979369488,-0.7916196172978912,0.07843256935331279,-0.02447584459974975,0.02456740012817774,0.38023010956144904,0.5775933103427229,-0.8659627063814204,-21.1875,39.0,-2.125,14.4609375,5.94140625,5.3203125,-14.625,39.9375,0.0,0,2,1788,1309,1067,1
3,212189,123,0.9472334971160008,0.9987487411114842,0.9801324503311258,0.9822687459944456,0.9965514084292123,0.999969481490524,-0.2787255470442824,-0.04330576494644001,0.0891750846888638,-0.07467879268776513,-0.04446546830652791,-0.005920590838343455,0.15839106418042542,-0.025147251808221686,-0.1771599475081637,-0.17197180089724418,-0.06991790520950956,-0.0003967406231879635,0.392333984375,0.335205078125,0.30859375,0.28662109375,0.267333984375,0.263671875,0.126220703125,-0.891598254341258,0.42558061464278085,0.15448469496749778,0.007446516312143315,1.275146484375,-0.267822265625,0.247314453125,-0.13818359375,0.058349609375,0.0318603515625,-0.6337890625,0.3170166015625,-0.1788330078125,0.9967650379955443,0.33756523331400495,-0.49745170445875425,-0.7991271706289865,0.0783715323343608,-0.018951994384594256,0.02685628833887753,-0.28031250953703424,0.14941862239448225,0.9437543870357372,-20.5625,39.1875,-1.9375,14.8984375,5.19140625,5.078125,-14.0,39.9375,0.0,0,2,1574,1640,1971,1
3,212229,124,0.9391766106143375,0.999877925962096,0.967345194860683,0.9965514084292123,0.999969481490524,0.99954222235786,-0.24939725943784904,-0.015961180455946532,-0.015717032380138555,-0.04446546830652791,-0.005920590838343455,0.02948088015381329,0.23612170781579028,-0.003509628589739677,-0.25293740653706476,-0.06991790520950956,-0.0003967406231879635,-0.006836146122623371,0.393798828125,0.332275390625,0.288818359375,0.267333984375,0.263671875,0.256591796875,0.225341796875,-0.8792687765129551,0.45139927365947446,0.14850306711020234,0.03277687917722098,1.281005859375,-0.126708984375,-0.117431640625,-0.138671875,0.02587890625,0.05615234375,-0.5518798828125,0.3165283203125,-0.2393798828125,0.9972838526566362,0.36069826349681083,-0.44102298043763544,-0.8218329416791283,0.08389538254951628,-0.02044740134891812,0.028626361888485368,-0.38926358836634417,0.826685384685812,0.6895962401196326,-19.8125,39.375,-1.75,15.4609375,4.30078125,4.44921875,-13.4375,40.0,0.0,0,2,1913,1694,1844,1
3,212280,125,0.9555955687124241,0.999633777886288,0.9822687459944456,0.999969481490524,0.99954222235786,0.9933469649342326,-0.21015045625171666,0.02652058473464156,-0.07467879268776513,-0.005920590838343455,0.02948088015381329,0.06921597949156164,0.206579790643025,-0.0027771843623157445,-0.17197180089724418,-0.0003967406231879635,-0.006836146122623371,-0.09216589861751152,0.385009765625,0.33056640625,0.28662109375,0.263671875,0.256591796875,0.239013671875,0.572021484375,-0.8790246284371471,0.44175542466505935,0.1750236518448439,0.03897213660084842,1.272216796875,0.3447265625,-0.301025390625,-0.104736328125,0.0107421875,0.0262451171875,-0.193359375,0.313232421875,-0.2469482421875,0.9972838526566362,0.3240760521256142,-0.4520401623584704,-0.8310495315408796,0.09555345316934721,-0.014618366039002656,0.023224585711233862,0.3290200506607257,0.2870265816217536,-0.9322489089632863,-18.875,39.6875,-1.5,15.5703125,3.8515625,4.03125,-12.8125,40.0,0.0,0,2,1643,1335,1033,1
3,212340,126,0.9836115604113895,0.9964598529007843,0.9965514084292123,0.99954222235786,0.9933469649342326,0.9509872737815485,-0.12625507370220038,0.0663472396008179,-0.04446546830652791,0.02948088015381329,0.06921597949156164,0.04519791253395184,0.12881862849818415,-0.051484725486007264,-0.06991790520950956,-0.006836146122623371,-0.09216589861751152,-0.3058870204779199,0.384521484375,0.31201171875,0.267333984375,0.256591796875,0.239013671875,0.22021484375,0.6142578125,-0.9068269905697806,0.3427838984344005,0.24524674214911343,0.002197332682271798,1.280517578125,1.187744140625,-0.43896484375,-0.017822265625,-0.019287109375,-0.0260009765625,0.2159423828125,0.312255859375,-0.1566162109375,0.9962767418439283,0.20850245674001283,-0.6284981841486862,-0.7493514816736351,0.1141087069307535,-0.015778069399090548,0.0075380718405713065,0.5359050263985107,-0.7951292458876309,-0.945768608661153,-17.8125,40.0,-1.125,15.328125,4.609375,4.5703125,-12.25,40.0,0.0,0,2,1102,1232,1027,1
3,212390,127,0.9982604449598682,0.9801324503311258,0.999969481490524,0.9933469649342326,0.9509872737815485,0.8962370677816095,-0.056825464644306774,0.0891750846888638,-0.005920590838343455,0.06921597949156164,0.04519791253395184,-0.0935087130344554,-0.014740440076906645,-0.1771599475081637,-0.0003967406231879635,-0.09216589861751152,-0.3058870204779199,-0.4335764641254921,0.369140625,0.30859375,0.263671875,0.239013671875,0.22021484375,0.21875,0.046630859375,-0.9366740928373058,0.2043824579607532,0.2793053987243263,-0.05331583605456709,1.25732421875,0.618408203125,0.19189453125,0.033935546875,-0.0489501953125,-0.041748046875,0.5927734375,0.3070068359375,-0.040283203125,0.9948423718985565,0.13348796044801173,-0.8315073091830195,-0.5392315439313944,0.11401715140232552,-0.015564439832758568,-0.016357921079134495,0.6263924069948423,-0.8596453749198889,0.9966124454481643,-17.25,40.25,-0.875,14.3515625,5.578125,5.48828125,-11.625,39.9375,0.0,0,2,1070,1186,1998,1
3,212431,128,0.9923703726310007,0.967345194860683,0.99954222235786,0.9509872737815485,0.8962370677816095,0.8986480300302133,-0.029419843134861293,-0.015717032380138555,0.02948088015381329,0.04519791253395184,-0.0935087130344554,-0.1749015778069399,-0.119632557145909,-0.25293740653706476,-0.006836146122623371,-0.3058870204779199,-0.4335764641254921,-0.402294991912595,0.365234375,0.288818359375,0.256591796875,0.22021484375,0.21875,0.217529296875,0.041015625,-0.9540696432386242,0.16559343241676078,0.24250007629627368,-0.05917538987395855,1.236083984375,-0.231201171875,0.499267578125,-0.09912109375,-0.0587158203125,0.0001220703125,0.10400390625,0.3026123046875,0.0228271484375,0.9943845942564166,0.1532029175695059,-0.880428479873043,-0.44874416333506273,0.11832026123844111,-0.031037324137089144,-0.018524735251930297,0.6649678029725028,0.5395672475356303,0.9525131992553484,-16.625,40.5,-0.6875,13.48828125,5.8515625,6.48046875,-11.0625,39.9375,0.0,0,2,1769,1167,1976,1
3,212481,129,0.9900814844203009,0.9822687459944456,0.9933469649342326,0.8962370677816095,0.8986480300302133,0.9205603198339793,-0.024506363109225746,-0.07467879268776513,0.06921597949156164,-0.0935087130344554,-0.1749015778069399,-0.14093447676015503,-0.13837092196417128,-0.17197180089724418,-0.09216589861751152,-0.4335764641254921,-0.402294991912595,-0.3642689291055025,0.3642578125,0.28662109375,0.239013671875,0.21875,0.217529296875,0.2099609375,0.24609375,-0.9557786797692801,0.23242896816919462,0.17978453932309946,-0.011535996581926939,1.24462890625,-0.773193359375,0.3828125,-0.201904296875,-0.0020751953125,0.039306640625,-0.40771484375,0.3017578125,0.0101318359375,0.9947202978606525,0.2381359294412061,-0.8097170934171575,-0.5363322855311746,0.11761833552049318,-0.03537095248268075,-0.03302102725302896,0.7138279366435744,0.4043702505569628,-0.8455153050325022,-15.75,40.875,-0.375,13.73046875,5.44140625,6.609375,-10.4375,39.875,0.0,0,2,1702,1143,1077,1
3,212532,130,0.9940183721427045,0.9965514084292123,0.9509872737815485,0.8986480300302133,0.9205603198339793,0.9396343882564776,-0.04620502334665975,-0.04446546830652791,0.04519791253395184,-0.1749015778069399,-0.14093447676015503,-0.04367198706015198,-0.09903256324961089,-0.06991790520950956,-0.3058870204779199,-0.402294991912595,-0.3642689291055025,-0.3393963438825648,0.349853515625,0.267333984375,0.22021484375,0.217529296875,0.2099609375,0.209228515625,0.01708984375,-0.9361247596667379,0.32306894131290625,0.13147373882259591,0.04480117191076388,1.267822265625,-0.3037109375,0.41455078125,-0.093994140625,0.067626953125,0.0426025390625,-0.5133056640625,0.303466796875,-0.06640625,0.9957274086733604,0.3309732352671895,-0.6805322428052614,-0.6537064729758598,0.12082277901547288,-0.02999969481490524,-0.05124057741019929,0.6133304849391156,0.10477004303109837,0.902096621601001,-15.125,41.125,-0.125,14.6484375,4.46875,6.08984375,-9.8125,39.75,0.0,0,2,1552,1193,1951,1
3,212583,131,0.9987487411114842,0.999969481490524,0.8962370677816095,0.9205603198339793,0.9396343882564776,0.9449446089053011,-0.04330576494644001,-0.005920590838343455,-0.0935087130344554,-0.14093447676015503,-0.04367198706015198,-0.039429914242988376,-0.025147251808221686,-0.0003967406231879635,-0.4335764641254921,-0.3642689291055025,-0.3393963438825648,-0.3248390148625141,0.335205078125,0.263671875,0.21875,0.2099609375,0.209228515625,0.19921875,0.325927734375,-0.9374370555742058,0.3324686422315134,0.07455671864986115,0.07147434919278542,1.2734375,0.09375,0.469482421875,0.054931640625,0.0074462890625,0.0103759765625,-0.610107421875,0.301513671875,-0.1790771484375,0.9968871120334483,0.39710684530167545,-0.6676839503158666,-0.62968840601825,0.11685537278359324,-0.023438215277565844,-0.07522812585833308,0.7168187505722221,0.13434247871333965,-0.8510391552476577,-14.1875,41.3125,0.25,15.5,2.8515625,5.0703125,-9.25,39.6875,0.0,0,2,1567,1141,1074,1
3,212636,132,0.999877925962096,0.99954222235786,0.8986480300302133,0.9396343882564776,0.9449446089053011,0.9601733451338237,-0.015961180455946532,0.02948088015381329,-0.1749015778069399,-0.04367198706015198,-0.039429914242988376,-0.07318338572344127,-0.003509628589739677,-0.006836146122623371,-0.402294991912595,-0.3393963438825648,-0.3248390148625141,-0.2696920682393872,0.332275390625,0.256591796875,0.217529296875,0.209228515625,0.19921875,0.19921875,0.000732421875,-0.9441511276589252,0.31904049806207463,0.013458662678914763,0.08139286477248452,1.249267578125,0.087890625,0.4345703125,0.103759765625,0.0570068359375,0.03125,-0.6187744140625,0.296142578125,-0.2286376953125,0.9972533341471602,0.44300668355357525,-0.6946012756736961,-0.5668202764976958,0.11587878048036133,-0.028962065492721335,-0.09314249092074343,0.152317880794702,-0.18872646259956663,0.9072237311929685,-13.5,41.4375,0.5,15.578125,1.94140625,4.1484375,-8.6875,39.5625,0.0,0,2,1405,1423,1953,1
3,212684,133,0.999633777886288,0.9933469649342326,0.9205603198339793,0.9449446089053011,0.9601733451338237,0.9616382335886715,0.02652058473464156,0.06921597949156164,-0.14093447676015503,-0.039429914242988376,-0.07318338572344127,-0.12314218573564867,-0.0027771843623157445,-0.09216589861751152,-0.3642689291055025,-0.3248390148625141,-0.2696920682393872,-0.24509414960173345,0.33056640625,0.239013671875,0.2099609375,0.19921875,0.19921875,0.19140625,0.25341796875,-0.9498275704214606,0.29718924527726065,-0.0467238380077517,0.08554338206122013,1.20458984375,0.13232421875,0.323486328125,0.11279296875,0.026123046875,0.05712890625,-0.68359375,0.287353515625,-0.283447265625,0.9975585192419202,0.46537675099948117,-0.7354045228431043,-0.4925382244331187,0.11166722617267373,-0.02838221381267739,-0.11035493026520585,0.7129428998687705,0.10086367381817073,-0.8222296823023163,-12.5,41.5,0.8125,15.44921875,0.80859375,2.4296875,-8.0625,39.4375,0.0,0,2,1550,1143,1088,1
3,212734,134,0.9964598529007843,0.9509872737815485,0.9396343882564776,0.9601733451338237,0.9616382335886715,0.9613025299844355,0.0663472396008179,0.04519791253395184,-0.04367198706015198,-0.07318338572344127,-0.12314218573564867,-0.17572557756279183,-0.051484725486007264,-0.3058870204779199,-0.3393963438825648,-0.2696920682393872,-0.24509414960173345,-0.21219519638660847,0.31201171875,0.22021484375,0.209228515625,0.19921875,0.19140625,0.193115234375,-0.05322265625,-0.9537034211249122,0.27561265907773064,-0.08691671498764,0.08310190130314035,1.167236328125,0.019775390625,0.091064453125,0.069580078125,0.064453125,0.054931640625,-0.6546630859375,0.281005859375,-0.3077392578125,0.9977416302987762,0.4649800103762932,-0.771874141666921,-0.4336069826349681,0.10711996826075014,-0.03820917386394849,-0.12878810998870815,-0.23236793115024262,-0.5379192480239265,0.86962492751854,-11.875,41.5625,1.0,15.140625,0.16015625,1.0,-7.5,39.3125,0.0,0,2,1231,1616,1934,1
3,212788,135,0.9801324503311258,0.8962370677816095,0.9449446089053011,0.9616382335886715,0.9613025299844355,0.9424726096377453,0.0891750846888638,-0.0935087130344554,-0.039429914242988376,-0.12314218573564867,-0.17572557756279183,-0.2337107455671865,-0.1771599475081637,-0.4335764641254921,-0.3248390148625141,-0.24509414960173345,-0.21219519638660847,-0.239051484725486,0.30859375,0.21875,0.19921875,0.19140625,0.193115234375,0.1865234375,0.212158203125,-0.9560533463545641,0.26148258919034395,-0.10727256080813014,0.07800531022064883,1.12744140625,0.042724609375,0.064697265625,0.07568359375,-0.0179443359375,0.0423583984375,-0.453857421875,0.2745361328125,-0.308837890625,0.9978637043366801,0.44401379436628313,-0.7994018372142705,-0.40476699118015075,0.09915463728751488,-0.044099246192815945,-0.14102603228858301,0.5477767265846736,-0.5199438459425642,-0.9002960295419171,-10.9375,41.5625,1.125,14.640625,-0.30078125,-0.66015625,-6.9375,39.125,0.0,0,2,1240,1226,1049,1
3,212836,136,0.967345194860683,0.8986480300302133,0.9601733451338237,0.9613025299844355,0.9424726096377453,0.9276100955229346,-0.015717032380138555,-0.1749015778069399,-0.07318338572344127,-0.17572557756279183,-0.2337107455671865,-0.28247932370983003,-0.25293740653706476,-0.402294991912595,-0.2696920682393872,-0.21219519638660847,-0.239051484725486,-0.2443922238837855,0.288818359375,0.217529296875,0.19921875,0.193115234375,0.1865234375,0.189453125,-0.089599609375,-0.9581591235084078,0.2511978514969329,-0.11655018768883328,0.07232886745811334,1.105224609375,0.093017578125,0.080810546875,0.03369140625,0.0404052734375,0.0655517578125,-0.3873291015625,0.2713623046875,-0.30712890625,0.9979857783745841,0.4231391338847011,-0.8186590166936247,-0.3882869960631123,0.08786278878139592,-0.05661183507797479,-0.15793328653828548,-0.3401593066194647,-0.7698294015320292,0.8454847865230262,-10.3125,41.5625,1.1875,14.28125,-0.5703125,-1.46875,-6.375,38.9375,0.0,0,2,1115,1670,1922,1
3,212887,137,0.9822687459944456,0.9205603198339793,0.9616382335886715,0.9424726096377453,0.9276100955229346,0.9092074343089084,-0.07467879268776513,-0.14093447676015503,-0.12314218573564867,-0.2337107455671865,-0.28247932370983003,-0.326120792260506,-0.17197180089724418,-0.3642689291055025,-0.24509414960173345,-0.239051484725486,-0.2443922238837855,-0.2588885158848842,0.28662109375,0.2099609375,0.19140625,0.1865234375,0.189453125,0.185302734375,0.131103515625,-0.9572740867336039,0.24631488998077333,-0.12970366527298807,0.07834101382488479,1.091796875,-0.10498046875,0.177734375,-0.095947265625,-0.0235595703125,0.0333251953125,-0.24365234375,0.2694091796875,-0.291748046875,0.9979857783745841,0.4203619495223853,-0.825647755363628,-0.3762932218390454,0.08429212317270425,-0.06518753624073001,-0.1588488418225654,0.5496688741721855,-0.15146336252937406,-0.6012756736960967,-9.5,41.5625,1.1875,14.01171875,-0.69921875,-2.16015625,-5.8125,38.75,0.0,0,2,1424,1225,1199,1
3,212940,138,0.9965514084292123,0.9396343882564776,0.9613025299844355,0.9276100955229346,0.9092074343089084,0.9171117282631917,-0.04446546830652791,-0.04367198706015198,-0.17572557756279183,-0.28247932370983003,-0.326120792260506,-0.3100985747856075,-0.06991790520950956,-0.3393963438825648,-0.21219519638660847,-0.2443922238837855,-0.2588885158848842,-0.25052644428846094,0.267333984375,0.209228515625,0.193115234375,0.189453125,0.185302734375,0.18896484375,-0.115966796875,-0.9443342387157811,0.27671132541886656,-0.14963225196081423,0.09628589739677114,1.078857421875,-0.52685546875,-0.021240234375,-0.131103515625,0.047607421875,0.03076171875,-0.450927734375,0.2679443359375,-0.29638671875,0.9981688894314402,0.4544816431165502,-0.7893612475966674,-0.412732322153386,0.0815759758293405,-0.06271553697317422,-0.17334513382366407,-0.061708426160466325,0.1553086947233497,0.9467757194738609,-8.875,41.5625,1.1875,13.76171875,-1.0,-2.53125,-5.25,38.5,0.0,0,2,1577,1530,1973,1
3,212992,139,0.999969481490524,0.9449446089053011,0.9424726096377453,0.9092074343089084,0.9171117282631917,0.89120151371807,-0.005920590838343455,-0.039429914242988376,-0.2337107455671865,-0.326120792260506,-0.3100985747856075,-0.2436597796563616,-0.0003967406231879635,-0.3248390148625141,-0.239051484725486,-0.2588885158848842,-0.25052644428846094,-0.3826105533005768,0.263671875,0.19921875,0.1865234375,0.185302734375,0.18896484375,0.185302734375,0.11279296875,-0.9120151371807,0.37556077761162143,-0.13193151646473586,0.09875789666432691,1.0732421875,-0.689453125,-0.244873046875,-0.198486328125,-0.0147705078125,0.0220947265625,-0.15185546875,0.2674560546875,-0.331298828125,0.9986571855830562,0.4543900875881222,-0.6701559495834224,-0.586870937223426,0.07110812707907346,-0.032532731101413005,-0.1861323892941069,0.7746818445387127,0.8080690939054537,-0.5622730185857723,-8.0625,41.5,1.125,13.4296875,-1.78125,-3.33984375,-4.6875,38.25,0.0,0,2,1904,1112,1218,1
3,213043,140,0.99954222235786,0.9601733451338237,0.9276100955229346,0.9171117282631917,0.89120151371807,0.8678853724784081,0.02948088015381329,-0.07318338572344127,-0.28247932370983003,-0.3100985747856075,-0.2436597796563616,-0.16812646870326853,-0.006836146122623371,-0.2696920682393872,-0.2443922238837855,-0.25052644428846094,-0.3826105533005768,-0.467452009643849,0.256591796875,0.19921875,0.189453125,0.18896484375,0.185302734375,0.1884765625,-0.102294921875,-0.8817712942899869,0.44709616382335887,-0.11020233771782587,0.1021149327066866,1.08349609375,0.00634765625,-0.052978515625,-0.057373046875,0.0413818359375,0.0142822265625,0.0096435546875,0.2691650390625,-0.3297119140625,0.9985351115451522,0.4435865352336192,-0.5557115390484328,-0.7031464583269753,0.04925687429425947,-0.009521774956511124,-0.20676290169988099,0.69518112735374,-0.6542558061464278,0.7217627491073336,-7.5,41.4375,1.0625,13.62109375,-1.8984375,-3.05078125,-4.125,38.0,0.0,0,2,1172,1152,1860,1
3,213079,141,0.9933469649342326,0.9616382335886715,0.9092074343089084,0.89120151371807,0.8678853724784081,0.8487807855464339,0.06921597949156164,-0.12314218573564867,-0.326120792260506,-0.2436597796563616,-0.16812646870326853,-0.20511490218817713,-0.09216589861751152,-0.24509414960173345,-0.2588885158848842,-0.3826105533005768,-0.467452009643849,-0.4873500778221992,0.239013671875,0.19140625,0.185302734375,0.185302734375,0.1884765625,0.19384765625,-0.170166015625,-0.891262550737022,0.4294259468367565,-0.10187078463087863,0.10415967284157841,1.100341796875,0.5029296875,0.056640625,0.103271484375,0.0,-0.0301513671875,0.068115234375,0.2713623046875,-0.323974609375,0.9983825189977722,0.4273506881923887,-0.5849482711264382,-0.6893520920438245,0.060274056215094456,-0.02252265999328593,-0.1901913510544145,0.7748344370860927,-0.7707144383068331,0.9904477065340129,-6.9375,41.375,1.0625,13.9296875,-1.94140625,-2.609375,-3.5625,37.75,0.0,0,2,1114,1112,1995,1
3,213140,142,0.9509872737815485,0.9613025299844355,0.9171117282631917,0.8678853724784081,0.8487807855464339,0.8241218298898282,0.04519791253395184,-0.17572557756279183,-0.3100985747856075,-0.16812646870326853,-0.20511490218817713,-0.34083071382793667,-0.3058870204779199,-0.21219519638660847,-0.25052644428846094,-0.467452009643849,-0.4873500778221992,-0.4524063844721824,0.22021484375,0.193115234375,0.18896484375,0.1884765625,0.19384765625,0.193115234375,0.025390625,-0.9184850611896115,0.3617053743095187,-0.12326425977355265,0.10174871059297463,1.1015625,-0.046875,0.239013671875,0.109375,0.0245361328125,-0.0052490234375,-0.0888671875,0.271728515625,-0.3009033203125,0.9980468153935361,0.412640766624958,-0.695455793939024,-0.5882747886593219,0.0347605822931608,-0.06189153721732231,-0.20471816156498918,0.760704367198706,0.434980315561388,0.17789239173558763,-6.125,41.3125,1.0625,14.08984375,-1.859375,-1.75,-3.0625,37.5,0.0,0,2,1717,1119,1588,1
3,213182,143,0.8962370677816095,0.9424726096377453,0.89120151371807,0.8487807855464339,0.8241218298898282,0.838038270210883,-0.0935087130344554,-0.2337107455671865,-0.2436597796563616,-0.20511490218817713,-0.34083071382793667,-0.3541367839594714,-0.4335764641254921,-0.239051484725486,-0.3826105533005768,-0.4873500778221992,-0.4524063844721824,-0.41505172887356184,0.21875,0.1865234375,0.185302734375,0.19384765625,0.193115234375,0.201416015625,-0.27490234375,-0.9076509903256325,0.37247840815454575,-0.16171758171330913,0.10632648701437422,1.103271484375,-0.307373046875,0.344970703125,-0.016845703125,0.055908203125,0.0609130859375,-0.256591796875,0.271728515625,-0.3074951171875,0.9981078524124882,0.43632312997833184,-0.6835535752433851,-0.5851313821832942,0.06506546220282601,-0.05609302041688284,-0.1815546128727073,0.6427198095645009,-0.6346324045533616,0.8325144199957274,-5.6875,41.25,1.0625,14.1015625,-2.1015625,-1.578125,-2.5625,37.1875,0.0,0,2,1182,1178,1916,1
3,213233,144,0.8986480300302133,0.9276100955229346,0.8678853724784081,0.8241218298898282,0.838038270210883,0.8721579638050477,-0.1749015778069399,-0.28247932370983003,-0.16812646870326853,-0.34083071382793667,-0.3541367839594714,-0.337260048219245,-0.402294991912595,-0.2443922238837855,-0.467452009643849,-0.4524063844721824,-0.41505172887356184,-0.35441145054475537,0.217529296875,0.189453125,0.1884765625,0.193115234375,0.201416015625,0.205322265625,-0.12744140625,-0.8815881832331309,0.39420758690145574,-0.22367015594958342,0.13174840540787988,1.08984375,0.031494140625,0.572265625,-0.025634765625,0.033935546875,0.0723876953125,-0.405517578125,0.269775390625,-0.3404541015625,0.9984435560167242,0.5104525894955291,-0.6428724021118809,-0.5711233863338114,0.07104709006012147,-0.04522843104342784,-0.19116794335764642,0.5277871028778954,-0.18414868617816707,0.8995635853144932,-5.0,41.125,1.125,13.76171875,-2.78125,-1.91015625,-2.0625,36.875,0.0,0,2,1407,1236,1949,1
3,213283,145,0.9205603198339793,0.9092074343089084,0.8487807855464339,0.838038270210883,0.8721579638050477,0.9219946897793512,-0.14093447676015503,-0.326120792260506,-0.20511490218817713,-0.3541367839594714,-0.337260048219245,-0.3296914578691977,-0.3642689291055025,-0.2588885158848842,-0.4873500778221992,-0.41505172887356184,-0.35441145054475537,-0.2031311990722373,0.2099609375,0.185302734375,0.19384765625,0.201416015625,0.205322265625,0.217529296875,-0.397216796875,-0.8640400402844325,0.3758049256874294,-0.2876979888302255,0.17148350474562823,1.06396484375,-0.087890625,0.471435546875,-0.13232421875,0.1162109375,0.062744140625,-0.6776123046875,0.26611328125,-0.3812255859375,0.9988708151493881,0.597643971068453,-0.6452833643604846,-0.47584459974974824,0.1183812982573931,-0.04492324594866787,-0.14365062410351878,-0.16910306100650044,-0.7058320871608631,0.9723502304147466,-4.6875,41.0625,1.1875,13.1484375,-3.48046875,-2.51171875,-1.5625,36.5,0.0,0,2,1147,1584,1986,1
3,213334,146,0.9396343882564776,0.9171117282631917,0.8241218298898282,0.8721579638050477,0.9219946897793512,0.9502853480636005,-0.04367198706015198,-0.3100985747856075,-0.34083071382793667,-0.337260048219245,-0.3296914578691977,-0.2953581347087008,-0.3393963438825648,-0.25052644428846094,-0.4524063844721824,-0.35441145054475537,-0.2031311990722373,-0.09875789666432691,0.209228515625,0.18896484375,0.193115234375,0.205322265625,0.217529296875,0.2255859375,-0.259521484375,-0.8347422711874752,0.38453321939756463,-0.3361003448591571,0.20593890194402906,1.0205078125,-0.0927734375,0.2705078125,-0.125,0.107421875,0.0771484375,-0.6539306640625,0.2607421875,-0.45556640625,0.9994811853389081,0.6713461714529863,-0.6070741904965361,-0.4251533555101169,0.1382183294167913,-0.03555406353953673,-0.13238929410687583,-0.293984801782281,0.05468916898098697,0.9804071169164098,-4.3125,40.875,1.1875,11.7890625,-4.7109375,-3.8515625,-1.0625,36.1875,0.0,0,2,1527,1646,1990,1
3,213385,147,0.9449446089053011,0.89120151371807,0.838038270210883,0.9219946897793512,0.9502853480636005,0.9635914181951354,-0.039429914242988376,-0.2436597796563616,-0.3541367839594714,-0.3296914578691977,-0.2953581347087008,-0.2638935514389477,-0.3248390148625141,-0.3826105533005768,-0.41505172887356184,-0.2031311990722373,-0.09875789666432691,-0.04293954283272805,0.19921875,0.185302734375,0.201416015625,0.217529296875,0.2255859375,0.237060546875,-0.37060546875,-0.8117313150425733,0.40690328684347055,-0.3535264137699515,0.22476882229071932,0.995361328125,-0.357177734375,-0.156982421875,-0.197265625,0.0921630859375,0.0595703125,-0.603271484375,0.2581787109375,-0.49072265625,0.99969481490524,0.7141636402478103,-0.5572679830317088,-0.42359691152684104,0.08191167943357647,-0.015045625171666617,-0.04754783776360363,-0.3838618121890927,-0.21817682424390392,0.966460158085879,-4.0625,40.75,1.125,10.87109375,-5.3203125,-4.578125,-0.5625,35.8125,0.0,0,2,1390,1691,1983,1
3,213436,148,0.9601733451338237,0.8678853724784081,0.8721579638050477,0.9502853480636005,0.9635914181951354,0.9697866756187628,-0.07318338572344127,-0.16812646870326853,-0.337260048219245,-0.2953581347087008,-0.2638935514389477,-0.22031311990722374,-0.2696920682393872,-0.467452009643849,-0.35441145054475537,-0.09875789666432691,-0.04293954283272805,-0.10483108005005036,0.19921875,0.1884765625,0.205322265625,0.2255859375,0.237060546875,0.24365234375,-0.2158203125,-0.793023468733787,0.46461378826258126,-0.32767723624378187,0.21878719443342387,0.978515625,-0.19140625,-0.340576171875,-0.21728515625,0.0894775390625,0.040283203125,-0.265625,0.2572021484375,-0.5272216796875,0.99984740745262,0.7129123813592945,-0.4665059358500931,-0.5235450300607318,0.08529923398541216,-0.009613330484939116,-0.05206457716605121,-0.2152165288247322,0.4028443250831629,0.9772637104403821,-3.8125,40.5,0.9375,9.98046875,-5.94921875,-5.1796875,-0.0625,35.4375,0.0,0,2,1701,1607,1988,1
3,213486,149,0.9616382335886715,0.8487807855464339,0.9219946897793512,0.9635914181951354,0.9697866756187628,0.9649037141026032,-0.12314218573564867,-0.20511490218817713,-0.3296914578691977,-0.2638935514389477,-0.22031311990722374,-0.16788232062746056,-0.24509414960173345,-0.4873500778221992,-0.2031311990722373,-0.04293954283272805,-0.10483108005005036,-0.20191045869319743,0.19140625,0.19384765625,0.217529296875,0.237060546875,0.24365234375,0.257080078125,-0.43701171875,-0.7900936918240913,0.5073702200384533,-0.2731101413006989,0.20917386394848475,0.9873046875,-0.185546875,-0.510498046875,-0.1640625,0.071533203125,-0.0108642578125,-0.02001953125,0.259033203125,-0.520751953125,0.999816888943144,0.67360454115421,-0.391247291482284,-0.6270332956938384,0.0783715323343608,-0.005890072328867458,-0.04171880245368816,0.5008087405011139,0.4036683248390149,0.9732657856990264,-3.625,40.375,0.8125,10.19921875,-5.87890625,-5.109375,0.375,35.0625,0.0,0,2,1701,1249,1986,1
3,213537,150,0.9613025299844355,0.8241218298898282,0.9502853480636005,0.9697866756187628,0.9649037141026032,0.9059419537949767,-0.17572557756279183,-0.34083071382793667,-0.2953581347087008,-0.22031311990722374,-0.16788232062746056,-0.1589098788415174,-0.21219519638660847,-0.4524063844721824,-0.09875789666432691,-0.10483108005005036,-0.20191045869319743,-0.3924375133518479,0.193115234375,0.193115234375,0.2255859375,0.24365234375,0.257080078125,0.24365234375,0.43798828125,-0.8005005035554064,0.5312662129581591,-0.20252082888271736,0.18958098086489455,1.0283203125,0.364013671875,-0.326904296875,-0.041259765625,0.074951171875,-0.008544921875,0.391357421875,0.2652587890625,-0.4990234375,0.999664296395764,0.5736259041108432,-0.35697500534073917,-0.7372356334116642,0.06903286843470564,-0.008850367748039186,-0.0727866451002533,0.5359050263985107,-0.717795342875454,-0.9602649006622517,-2.625,39.9375,0.625,11.171875,-5.76171875,-4.55859375,0.8125,34.625,0.0,0,2,1141,1232,1019,1
3,213588,151,0.9424726096377453,0.838038270210883,0.9635914181951354,0.9649037141026032,0.9059419537949767,0.8648030030213324,-0.2337107455671865,-0.3541367839594714,-0.2638935514389477,-0.16788232062746056,-0.1589098788415174,-0.2638325144199957,-0.239051484725486,-0.41505172887356184,-0.04293954283272805,-0.20191045869319743,-0.3924375133518479,-0.4271980956450087,0.1865234375,0.201416015625,0.237060546875,0.257080078125,0.24365234375,0.241455078125,0.06982421875,-0.8384350108340709,0.4776757103183081,-0.1781670583208716,0.19266335032197027,1.05615234375,0.5556640625,0.3671875,0.109130859375,0.0428466796875,-0.052978515625,0.451904296875,0.2698974609375,-0.4208984375,0.9993591113010041,0.5337687307351909,-0.4615924558244575,-0.7085482345042268,0.06457716605121006,-0.028290658284249398,-0.0740073854792932,0.5529648731955932,-0.8441724906155583,0.9878231147190771,-1.875,39.6875,0.5,12.12109375,-4.8984375,-4.19921875,1.25,34.25,0.0,0,2,1077,1223,1993,1
3,213641,152,0.9276100955229346,0.8721579638050477,0.9697866756187628,0.9059419537949767,0.8648030030213324,0.8397473067415387,-0.28247932370983003,-0.337260048219245,-0.22031311990722374,-0.1589098788415174,-0.2638325144199957,-0.4315317239906003,-0.2443922238837855,-0.35441145054475537,-0.10483108005005036,-0.3924375133518479,-0.4271980956450087,-0.3295388653218177,0.189453125,0.205322265625,0.24365234375,0.24365234375,0.241455078125,0.228759765625,0.41015625,-0.8552507095553453,0.41157261879329815,-0.23102511673329876,0.2139957884456923,1.06298828125,-0.046142578125,0.51318359375,0.120361328125,-0.0018310546875,0.00048828125,-0.0909423828125,0.273193359375,-0.428466796875,0.9992675557725761,0.5718558305612353,-0.5660573137607959,-0.5937681203650014,0.0511490218817713,-0.06335642567217017,-0.08188116092410047,-0.1118808557390057,-0.5157322916348765,-0.8735007782219917,-0.75,39.25,0.125,12.28125,-5.328125,-3.4296875,1.6875,33.8125,0.0,0,2,1242,1555,1063,1
3,213689,153,0.9092074343089084,0.9219946897793512,0.9649037141026032,0.8648030030213324,0.8397473067415387,0.8427991576891385,-0.326120792260506,-0.3296914578691977,-0.16788232062746056,-0.2638325144199957,-0.4315317239906003,-0.4763634144108402,-0.2588885158848842,-0.2031311990722373,-0.20191045869319743,-0.4271980956450087,-0.3295388653218177,-0.25055696279793693,0.185302734375,0.217529296875,0.257080078125,0.241455078125,0.228759765625,0.231201171875,-0.07958984375,-0.8251594592120121,0.41776787621692557,-0.3058870204779199,0.22583697012237922,1.0380859375,-0.5068359375,0.395263671875,0.0048828125,0.056396484375,0.068359375,-0.4630126953125,0.2713623046875,-0.4864501953125,0.9994811853389081,0.631031220435194,-0.5484481337931455,-0.5486312448500015,0.059297463911862545,-0.0663777581102939,-0.07135227515488143,0.014709921567430647,-0.6577654347361674,0.8605609302041688,-0.125,38.9375,-0.0625,11.4609375,-6.28125,-3.37109375,2.0625,33.375,0.0,0,2,1171,1492,1930,1
3,213750,154,0.9171117282631917,0.9502853480636005,0.9059419537949767,0.8397473067415387,0.8427991576891385,0.8188726462599567,-0.3100985747856075,-0.2953581347087008,-0.1589098788415174,-0.4315317239906003,-0.4763634144108402,-0.4699545274208808,-0.25052644428846094,-0.09875789666432691,-0.3924375133518479,-0.3295388653218177,-0.25055696279793693,-0.3295388653218177,0.18896484375,0.2255859375,0.24365234375,0.228759765625,0.231201171875,0.2216796875,0.31201171875,-0.7705923642689291,0.4859767448957793,-0.35282448805200356,0.21341593676564838,1.041748046875,-0.566650390625,-0.035888671875,-0.07080078125,0.0147705078125,0.05322265625,-0.440185546875,0.2735595703125,-0.60400390625,0.999755851924192,0.6590166936246834,-0.43623157444990385,-0.6126895962401196,0.04324472792748802,-0.06585894344920194,-0.10065004425183874,0.7034516434217353,0.4632099368266854,-0.7654347361674856,0.75,38.4375,-0.3125,10.19921875,-8.05078125,-3.8203125,2.4375,32.9375,0.0,0,2,1731,1148,1117,1
3,213780,155,0.89120151371807,0.9635914181951354,0.8648030030213324,0.8427991576891385,0.8188726462599567,0.8030335398419142,-0.2436597796563616,-0.2638935514389477,-0.2638325144199957,-0.4763634144108402,-0.4699545274208808,-0.44083986938077946,-0.3826105533005768,-0.04293954283272805,-0.4271980956450087,-0.25055696279793693,-0.3295388653218177,-0.4009826960051271,0.185302734375,0.237060546875,0.241455078125,0.231201171875,0.2216796875,0.22412109375,-0.080810546875,-0.7428815576647236,0.532395397808771,-0.35496078371532336,0.1966917935728019,1.043701171875,-0.704833984375,-0.14306640625,-0.125732421875,0.0267333984375,0.054931640625,-0.28125,0.27490234375,-0.6571044921875,0.999816888943144,0.6485183263649403,-0.35279396954252756,-0.674489577929014,0.046967986083559676,-0.0609149449140904,-0.09945982238227485,0.6118655964842677,0.43418683431501204,0.9416486098818934,1.1875,38.0,-0.5,9.51953125,-8.8515625,-3.890625,2.875,32.4375,0.0,0,2,1717,1194,1970,1
3,213831,156,0.8678853724784081,0.9697866756187628,0.8397473067415387,0.8188726462599567,0.8030335398419142,0.782006286812952,-0.16812646870326853,-0.22031311990722374,-0.4315317239906003,-0.4699545274208808,-0.44083986938077946,-0.31815546128727074,-0.467452009643849,-0.10483108005005036,-0.3295388653218177,-0.3295388653218177,-0.4009826960051271,-0.5359660634174627,0.1884765625,0.24365234375,0.228759765625,0.2216796875,0.22412109375,0.225341796875,-0.037353515625,-0.6817224646748253,0.6235236671040987,-0.3448896755882443,0.16592913602099674,1.060791015625,-0.607177734375,-0.052001953125,-0.22998046875,0.0501708984375,0.030517578125,-0.0218505859375,0.2781982421875,-0.6685791015625,0.999786370433668,0.6233100375377667,-0.15790276802880948,-0.7658619953001495,0.034089175084688866,-0.042664876247444077,-0.1218604083376568,0.8212530899990844,0.8005005035554064,0.8626667073580127,1.75,37.625,-0.625,9.609375,-9.140625,-3.78125,3.1875,32.0,0.0,0,2,1900,1089,1931,1
3,213891,157,0.8487807855464339,0.9649037141026032,0.8427991576891385,0.8030335398419142,0.782006286812952,0.7544480727561266,-0.20511490218817713,-0.16788232062746056,-0.4763634144108402,-0.44083986938077946,-0.31815546128727074,-0.2140568254646443,-0.4873500778221992,-0.20191045869319743,-0.25055696279793693,-0.4009826960051271,-0.5359660634174627,-0.6204718161564989,0.19384765625,0.257080078125,0.231201171875,0.22412109375,0.225341796875,0.21923828125,0.201904296875,-0.6339609973448896,0.6779992065187537,-0.33106479079561757,0.1697134311960204,1.0791015625,0.09326171875,0.243408203125,-0.103759765625,0.049072265625,0.0191650390625,0.063720703125,0.281982421875,-0.623046875,0.99969481490524,0.6144901882992034,-0.007446516312143315,-0.7889034699545274,0.025849177526169623,-0.03326517532883694,-0.12997833185827204,0.7121189001129185,-0.533494064149907,-0.8985869930112613,2.5,37.0,-0.875,10.37109375,-8.80859375,-3.41015625,3.5625,31.5,0.0,0,2,1233,1143,1050,1
3,213942,158,0.8241218298898282,0.9059419537949767,0.8188726462599567,0.782006286812952,0.7544480727561266,0.7420270393993957,-0.34083071382793667,-0.1589098788415174,-0.4699545274208808,-0.31815546128727074,-0.2140568254646443,-0.2632831812494278,-0.4524063844721824,-0.3924375133518479,-0.3295388653218177,-0.5359660634174627,-0.6204718161564989,-0.6165044099246193,0.193115234375,0.24365234375,0.2216796875,0.225341796875,0.21923828125,0.2138671875,0.174072265625,-0.6393627735221412,0.6540726950895718,-0.3444929349650563,0.21146275215918456,1.08740234375,0.397705078125,0.3154296875,0.04150390625,0.062255859375,0.00146484375,-0.126220703125,0.2845458984375,-0.600341796875,0.999603259376812,0.6569719534897915,-0.038331247901852473,-0.7529526657918028,9.155552842799158e-05,-0.0347911008026368,-0.10400708029419843,0.7795037690359203,-0.06778160954618977,0.09375286111026337,3.3125,36.4375,-1.0625,10.671875,-8.80859375,-2.890625,3.875,31.0,0.0,0,2,1466,1110,1546,1
3,213982,159,0.838038270210883,0.8648030030213324,0.8030335398419142,0.7544480727561266,0.7420270393993957,0.761314737388226,-0.3541367839594714,-0.2638325144199957,-0.44083986938077946,-0.2140568254646443,-0.2632831812494278,-0.3288369396038697,-0.41505172887356184,-0.4271980956450087,-0.4009826960051271,-0.6204718161564989,-0.6165044099246193,-0.5587939085055086,0.201416015625,0.241455078125,0.22412109375,0.21923828125,0.2138671875,0.217529296875,-0.1220703125,-0.6517227698599201,0.6161381878109073,-0.3650929288613544,0.24967192602313304,1.080810546875,0.117919921875,0.380859375,0.02978515625,0.021728515625,0.0120849609375,-0.2509765625,0.2845458984375,-0.6217041015625,0.999633777886288,0.706228827784051,-0.10220648823511459,-0.7005523850215155,0.010742515335551012,-0.04336680196539201,-0.09274575029755547,0.7764213995788446,-0.5088961455122532,0.9251686147648549,3.875,36.0,-1.1875,10.30078125,-9.23046875,-2.48046875,4.25,30.5,0.0,0,2,1245,1111,1962,1
3,214034,160,0.8721579638050477,0.8397473067415387,0.782006286812952,0.7420270393993957,0.761314737388226,0.8094729453413495,-0.337260048219245,-0.4315317239906003,-0.31815546128727074,-0.2632831812494278,-0.3288369396038697,-0.3554490798669393,-0.35441145054475537,-0.3295388653218177,-0.5359660634174627,-0.6165044099246193,-0.5587939085055086,-0.467360454115421,0.205322265625,0.228759765625,0.225341796875,0.2138671875,0.217529296875,0.22119140625,-0.120361328125,-0.6344492934965056,0.5874202703939939,-0.40586565752128667,0.2961516159550768,1.0654296875,-0.010986328125,0.552490234375,-0.02880859375,0.0206298828125,0.03466796875,-0.330810546875,0.283203125,-0.65673828125,0.99969481490524,0.7863704336680196,-0.12128055665761284,-0.6057313760795923,0.013061922055726798,-0.047029023102511676,-0.09146397289956358,0.7513046662800988,0.28263191625721,0.9497054963835566,4.3125,35.5625,-1.3125,9.578125,-9.76953125,-2.140625,4.5625,30.0,0.0,0,2,1641,1124,1974,1
3,214084,161,0.9219946897793512,0.8427991576891385,0.7544480727561266,0.761314737388226,0.8094729453413495,0.8461561937314982,-0.3296914578691977,-0.4763634144108402,-0.2140568254646443,-0.3288369396038697,-0.3554490798669393,-0.34833826715903193,-0.2031311990722373,-0.25055696279793693,-0.6204718161564989,-0.5587939085055086,-0.467360454115421,-0.4033326212347789,0.217529296875,0.231201171875,0.21923828125,0.217529296875,0.22119140625,0.217529296875,0.1220703125,-0.5907773064363536,0.5745414593951231,-0.4544206060975982,0.3382061220130009,1.046875,-0.101806640625,0.56787109375,-0.056640625,0.1025390625,0.049560546875,-0.45068359375,0.2816162109375,-0.7271728515625,0.999755851924192,0.8619953001495407,-0.09259315775017549,-0.49839777825251014,0.022125919370097964,-0.04477065340128788,-0.08822901089510789,0.5963927121799372,-0.13629566331980347,-0.7123325296792504,5.0,34.9375,-1.375,8.2109375,-10.71875,-1.69140625,4.8125,29.4375,0.0,0,2,1431,1201,1143,1
3,214135,162,0.9502853480636005,0.8188726462599567,0.7420270393993957,0.8094729453413495,0.8461561937314982,0.9010284737693411,-0.2953581347087008,-0.4699545274208808,-0.2632831812494278,-0.3554490798669393,-0.34833826715903193,-0.32581560716574604,-0.09875789666432691,-0.3295388653218177,-0.6165044099246193,-0.467360454115421,-0.4033326212347789,-0.2863246559038057,0.2255859375,0.2216796875,0.2138671875,0.22119140625,0.217529296875,0.2197265625,-0.07666015625,-0.543412579729606,0.5557725760673848,-0.4959257789849544,0.38715781121250037,1.044189453125,0.05908203125,0.553466796875,-0.079345703125,0.1053466796875,0.06640625,-0.470947265625,0.28173828125,-0.782470703125,0.999816888943144,0.9283120212408826,-0.06137272255623035,-0.3667104098635823,0.030213324381237222,-0.04400769066438795,-0.08835108493301187,-0.06332590716269418,-0.03445539719840083,0.9419232764671773,5.375,34.4375,-1.4375,7.2109375,-11.421875,-1.37109375,5.125,28.9375,0.0,0,2,1482,1531,1970,1
3,214186,163,0.9635914181951354,0.8030335398419142,0.761314737388226,0.8461561937314982,0.9010284737693411,0.9303262428662984,-0.2638935514389477,-0.44083986938077946,-0.3288369396038697,-0.34833826715903193,-0.32581560716574604,-0.32157353434858243,-0.04293954283272805,-0.4009826960051271,-0.5587939085055086,-0.4033326212347789,-0.2863246559038057,-0.1763054292428358,0.237060546875,0.22412109375,0.217529296875,0.217529296875,0.2197265625,0.213134765625,0.2158203125,-0.5044709616382336,0.5225684377575,-0.5264442884609516,0.44190801721243933,1.017578125,0.01953125,0.42822265625,-0.0703125,0.0479736328125,0.05859375,-0.5184326171875,0.27880859375,-0.8369140625,0.99984740745262,0.9718924527726066,-0.04446546830652791,-0.23120822779015474,0.042359691152684106,-0.047425763725699635,-0.08185064241462447,-0.2813196203497421,0.23285622730185856,-0.4936674092837306,5.875,33.6875,-1.5,5.5,-12.0,-0.83984375,5.375,28.375,0.0,0,2,1616,1640,1253,1
3,214237,164,0.9697866756187628,0.782006286812952,0.8094729453413495,0.9010284737693411,0.9303262428662984,0.9469588305307168,-0.22031311990722374,-0.31815546128727074,-0.3554490798669393,-0.32581560716574604,-0.32157353434858243,-0.30417798394726403,-0.10483108005005036,-0.5359660634174627,-0.467360454115421,-0.2863246559038057,-0.1763054292428358,-0.10376293221839046,0.24365234375,0.225341796875,0.22119140625,0.2197265625,0.213134765625,0.214599609375,-0.048095703125,-0.4770043031098361,0.5098727378154851,-0.5417035431989502,0.46803186132389296,0.989990234375,0.06591796875,-0.031005859375,-0.072509765625,0.0989990234375,0.064697265625,-0.53515625,0.2757568359375,-0.86376953125,0.999877925962096,0.9868160039063693,-0.02197332682271798,-0.16037476729636524,0.04626606036561175,-0.049226355784783474,-0.08276619769890439,-0.2812280648213141,0.17508468886379588,0.9493697927793207,6.125,33.1875,-1.5625,4.12109375,-12.1796875,-0.5390625,5.625,27.8125,0.0,0,2,1587,1640,1974,1
3,214288,165,0.9649037141026032,0.7544480727561266,0.8461561937314982,0.9303262428662984,0.9469588305307168,0.945341349528489,-0.16788232062746056,-0.2140568254646443,-0.34833826715903193,-0.32157353434858243,-0.30417798394726403,-0.2996917630542924,-0.20191045869319743,-0.6204718161564989,-0.4033326212347789,-0.1763054292428358,-0.10376293221839046,-0.12857448042237618,0.257080078125,0.21923828125,0.217529296875,0.213134765625,0.214599609375,0.20751953125,0.234619140625,-0.49739066743980226,0.5059358500930815,-0.5089571825312051,0.4874416333506272,0.978515625,0.49072265625,-0.27587890625,-0.13427734375,0.0260009765625,0.041748046875,-0.2603759765625,0.274658203125,-0.900146484375,0.999908444471572,0.9794000061037019,-0.0067445905941953795,-0.20181890316476944,0.0467543565172277,-0.0586565752128666,-0.07834101382488479,-0.5678884243293557,0.1312601092562639,-0.08886989959410382,6.4375,32.375,-1.5625,2.609375,-12.44921875,-0.16015625,5.8125,27.25,0.0,0,2,1565,1783,1455,1
3,214338,166,0.9059419537949767,0.7420270393993957,0.9010284737693411,0.9469588305307168,0.945341349528489,0.9443647572252571,-0.1589098788415174,-0.2632831812494278,-0.32581560716574604,-0.30417798394726403,-0.2996917630542924,-0.27958006530961027,-0.3924375133518479,-0.6165044099246193,-0.2863246559038057,-0.10376293221839046,-0.12857448042237618,-0.17322305978576005,0.24365234375,0.2138671875,0.2197265625,0.214599609375,0.20751953125,0.20849609375,-0.031005859375,-0.5451826532792139,0.5053559984130375,-0.435132908108768,0.5079500717184973,0.9931640625,0.465087890625,-0.40771484375,-0.185302734375,0.0731201171875,0.0240478515625,-0.0233154296875,0.2764892578125,-0.92041015625,0.999908444471572,0.9516586809900205,0.0031128879665517136,-0.30710776085695973,0.03976561784722434,-0.07358012634662923,-0.07568590350047304,-0.0750144962920011,-0.4427930539872433,0.902249214148381,6.625,31.875,-1.625,2.3203125,-12.69921875,0.01171875,6.0625,26.6875,0.0,0,2,1278,1537,1951,1
3,214389,167,0.8648030030213324,0.761314737388226,0.9303262428662984,0.945341349528489,0.9443647572252571,0.9229407635731071,-0.2638325144199957,-0.3288369396038697,-0.32157353434858243,-0.2996917630542924,-0.27958006530961027,-0.26081118198187203,-0.4271980956450087,-0.5587939085055086,-0.1763054292428358,-0.12857448042237618,-0.17322305978576005,-0.28318124942777795,0.241455078125,0.217529296875,0.213134765625,0.20751953125,0.20849609375,0.2001953125,0.263671875,-0.5831476790673543,0.5257118442335277,-0.3484603411969359,0.5120090334788049,1.021484375,0.300537109375,-0.54296875,-0.28125,0.03173828125,0.013916015625,0.14599609375,0.2802734375,-0.943359375,0.999877925962096,0.891140476699118,0.025727103488265634,-0.45298623615222633,0.039063692129276406,-0.08789330729087191,-0.0706808679464095,0.35230567339091157,0.4015015106662191,-0.7651600695822016,6.8125,31.0625,-1.625,2.33984375,-13.0703125,0.26953125,6.25,26.125,0.0,0,2,1700,1323,1117,1
3,214429,168,0.8397473067415387,0.8094729453413495,0.9469588305307168,0.9443647572252571,0.9229407635731071,0.8973967711416975,-0.4315317239906003,-0.3554490798669393,-0.30417798394726403,-0.27958006530961027,-0.26081118198187203,-0.22684408093508712,-0.3295388653218177,-0.467360454115421,-0.10376293221839046,-0.17322305978576005,-0.28318124942777795,-0.3784295175023652,0.228759765625,0.22119140625,0.214599609375,0.20849609375,0.2001953125,0.20166015625,-0.0439453125,-0.6002990813928648,0.554124576555681,-0.2781151768547624,0.5052034058656575,1.022705078125,0.078857421875,-0.328369140625,-0.263916015625,0.0655517578125,-0.0201416015625,0.4893798828125,0.281005859375,-0.929443359375,0.999877925962096,0.8173162022766808,0.05505539109469894,-0.5735343485824153,0.0337229529709769,-0.10159611804559465,-0.07077242347483749,0.5992919705801568,-0.17783135471663564,0.8872341074861904,6.9375,30.5,-1.75,2.69921875,-13.01171875,0.48828125,6.4375,25.5625,0.0,0,2,1411,1200,1943,1
3,214480,169,0.8427991576891385,0.8461561937314982,0.945341349528489,0.9229407635731071,0.8973967711416975,0.9063081759086886,-0.4763634144108402,-0.34833826715903193,-0.2996917630542924,-0.26081118198187203,-0.22684408093508712,-0.19211401715140233,-0.25055696279793693,-0.4033326212347789,-0.12857448042237618,-0.28318124942777795,-0.3784295175023652,-0.3763847773674734,0.231201171875,0.217529296875,0.20751953125,0.2001953125,0.20166015625,0.205810546875,-0.135009765625,-0.5919370097964416,0.5585802789391766,-0.24823755607776116,0.5253456221198156,1.009033203125,0.27490234375,0.36328125,-0.118896484375,0.010986328125,-0.038330078125,0.41455078125,0.2802734375,-0.8853759765625,0.99984740745262,0.7998901333658864,0.09161656544694358,-0.5931272316660054,0.05090487380596332,-0.09717093417157506,-0.05887020477919858,0.5408795434430982,-0.030213324381237222,0.9860225226599932,7.125,30.0,-1.875,3.41015625,-12.640625,0.8203125,6.5625,25.0,0.0,0,2,1484,1229,1993,1
3,214530,170,0.8188726462599567,0.9010284737693411,0.9443647572252571,0.8973967711416975,0.9063081759086886,0.9412213507492294,-0.4699545274208808,-0.32581560716574604,-0.27958006530961027,-0.22684408093508712,-0.19211401715140233,-0.24967192602313304,-0.3295388653218177,-0.2863246559038057,-0.17322305978576005,-0.3784295175023652,-0.3763847773674734,-0.22754600665303507,0.2216796875,0.2197265625,0.20849609375,0.20166015625,0.205810546875,0.199951171875,0.189697265625,-0.5873592333750419,0.5017548142948698,-0.26346629230628377,0.5778069399090549,1.02099609375,0.001220703125,0.568359375,-0.030517578125,0.0587158203125,-0.0198974609375,0.01904296875,0.2830810546875,-0.8865966796875,0.99984740745262,0.8671529282509842,0.06466872157963804,-0.4938200018311106,0.03927732169560839,-0.10745567186498611,-0.03469954527420881,-0.23447370830408643,0.11642811365092928,-0.8249458296456801,7.375,29.125,-2.0625,3.37890625,-12.73828125,1.55078125,6.6875,24.4375,0.0,0,2,1558,1617,1087,1
3,214581,171,0.8030335398419142,0.9303262428662984,0.9229407635731071,0.9063081759086886,0.9412213507492294,0.9633472701193274,-0.44083986938077946,-0.32157353434858243,-0.26081118198187203,-0.19211401715140233,-0.24967192602313304,-0.26590777306436353,-0.4009826960051271,-0.1763054292428358,-0.28318124942777795,-0.3763847773674734,-0.22754600665303507,-0.035462508011108736,0.22412109375,0.213134765625,0.2001953125,0.205810546875,0.199951171875,0.2041015625,-0.13330078125,-0.5561387981810968,0.44853053376873075,-0.3238929410687582,0.620197149571215,1.051513671875,-0.1591796875,0.69677734375,0.0390625,0.0841064453125,0.0263671875,-0.4068603515625,0.287841796875,-0.9521484375,0.999877925962096,0.9433576464125492,0.065309610278634,-0.3252967925046541,0.0500198370311594,-0.09860530411694693,-0.016449476607562488,-0.5987731559190649,-0.6137272255623035,0.9360942411572619,7.4375,28.625,-2.1875,2.1796875,-13.359375,1.91015625,6.8125,23.8125,0.0,0,2,1193,1799,1968,1
3,214631,172,0.782006286812952,0.9469588305307168,0.8973967711416975,0.9412213507492294,0.9633472701193274,0.9337748344370861,-0.31815546128727074,-0.30417798394726403,-0.22684408093508712,-0.24967192602313304,-0.26590777306436353,-0.3316141239661855,-0.5359660634174627,-0.10376293221839046,-0.3784295175023652,-0.22754600665303507,-0.035462508011108736,0.13452558977019563,0.225341796875,0.214599609375,0.20166015625,0.199951171875,0.2041015625,0.1943359375,0.316650390625,-0.5262001403851436,0.4011047700430311,-0.3792229987487411,0.6468398083437605,1.083984375,0.0693359375,0.253662109375,0.037841796875,0.076904296875,0.0513916015625,-0.6937255859375,0.29296875,-1.0372314453125,0.999877925962096,0.9830622272408216,0.054109317300943024,-0.17508468886379588,0.032593768120365005,-0.11883907589953306,-0.006866664632099368,-0.847865230262154,0.08938871425519578,-0.9013336588641011,7.5,27.6875,-2.375,-0.01953125,-13.96875,1.83984375,6.9375,23.25,0.0,0,2,1544,1923,1049,1
3,214684,173,0.7544480727561266,0.945341349528489,0.9063081759086886,0.9633472701193274,0.9337748344370861,0.9249549851985229,-0.2140568254646443,-0.2996917630542924,-0.19211401715140233,-0.26590777306436353,-0.3316141239661855,-0.34534745323038424,-0.6204718161564989,-0.12857448042237618,-0.3763847773674734,-0.035462508011108736,0.13452558977019563,0.1586352122562334,0.21923828125,0.20751953125,0.205810546875,0.2041015625,0.1943359375,0.195068359375,-0.021240234375,-0.520920438245796,0.40461439863277077,-0.39628284554582355,0.6386608478041932,1.0869140625,-0.349365234375,-0.375732421875,0.010009765625,0.0633544921875,0.0347900390625,-0.5478515625,0.293701171875,-1.068603515625,0.999877925962096,0.9850154118472854,0.04611346781823176,-0.1662648396252327,0.03939939573351237,-0.11661122470778527,0.004608294930875576,-0.9656666768395031,-0.717581713309122,0.8313852351451155,7.5,27.0625,-2.375,-1.5703125,-13.98046875,1.3203125,7.0,22.625,0.0,0,2,1141,1982,1915,1
3,214732,174,0.7420270393993957,0.9443647572252571,0.9412213507492294,0.9337748344370861,0.9249549851985229,0.9262062440870388,-0.2632831812494278,-0.27958006530961027,-0.24967192602313304,-0.3316141239661855,-0.34534745323038424,-0.3751335184789575,-0.6165044099246193,-0.17322305978576005,-0.22754600665303507,0.13452558977019563,0.1586352122562334,0.03750724814600055,0.2138671875,0.20849609375,0.199951171875,0.1943359375,0.195068359375,0.1845703125,0.3359375,-0.5362102114932706,0.46665852839747307,-0.3729667043061617,0.5963316751609852,1.098876953125,0.09423828125,-0.829345703125,-0.098876953125,0.0028076171875,0.0435791015625,-0.1287841796875,0.2955322265625,-1.0885009765625,0.999877925962096,0.9474471266823329,0.06189153721732231,-0.31385235145115514,0.023194067201757866,-0.141361735892819,0.0050050355540635395,-0.869838557084872,0.28736228522598956,-0.9465926084170049,7.375,26.1875,-2.4375,-2.28125,-14.05859375,1.08984375,7.125,22.0625,0.0,0,2,1643,1934,1026,1
3,214783,175,0.761314737388226,0.9229407635731071,0.9633472701193274,0.9249549851985229,0.9262062440870388,0.9221778008362072,-0.3288369396038697,-0.26081118198187203,-0.26590777306436353,-0.34534745323038424,-0.3751335184789575,-0.3348185674611652,-0.5587939085055086,-0.28318124942777795,-0.035462508011108736,0.1586352122562334,0.03750724814600055,-0.1935178685872982,0.217529296875,0.2001953125,0.2041015625,0.195068359375,0.1845703125,0.186767578125,-0.066162109375,-0.5664235358745079,0.5519882808923612,-0.2913602099673452,0.5381328775902585,1.082763671875,-0.31591796875,-0.769775390625,-0.17333984375,0.0657958984375,-0.0111083984375,0.498779296875,0.2938232421875,-1.060302734375,0.999877925962096,0.825647755363628,0.10159611804559465,-0.5549485763115329,0.04278695028534806,-0.13330484939115575,0.00772118289742729,-0.47669911801507614,0.19699697866756188,0.6826685384685812,7.375,25.625,-2.5,-1.328125,-13.9609375,1.23046875,7.125,21.4375,0.0,0,2,1598,1738,1841,1
3,214833,176,0.8094729453413495,0.8973967711416975,0.9337748344370861,0.9262062440870388,0.9221778008362072,0.8613544114505448,-0.3554490798669393,-0.22684408093508712,-0.3316141239661855,-0.3751335184789575,-0.3348185674611652,-0.337076937162389,-0.467360454115421,-0.3784295175023652,0.13452558977019563,0.03750724814600055,-0.1935178685872982,-0.38004699850459306,0.22119140625,0.20166015625,0.1943359375,0.1845703125,0.186767578125,0.182373046875,0.14306640625,-0.5522629474776451,0.6340220343638416,-0.2435071871089816,0.48347422711874755,1.027587890625,-0.07763671875,-0.352294921875,-0.174560546875,0.0087890625,0.0023193359375,0.4678955078125,0.2886962890625,-0.94970703125,0.999816888943144,0.6875209814752647,0.19492172002319408,-0.6995147556993316,0.022675252540665915,-0.1294595171971801,0.0038758507034516434,0.7460554826502274,0.13202307199316385,-0.8067567979979858,7.4375,24.6875,-2.75,1.1796875,-13.25,1.2109375,7.1875,20.875,0.0,0,2,1566,1126,1096,1
3,214884,177,0.8461561937314982,0.9063081759086886,0.9249549851985229,0.9221778008362072,0.8613544114505448,0.8438978240302744,-0.34833826715903193,-0.19211401715140233,-0.34534745323038424,-0.3348185674611652,-0.337076937162389,-0.3249610889004181,-0.4033326212347789,-0.3763847773674734,0.1586352122562334,-0.1935178685872982,-0.38004699850459306,-0.42686239204077275,0.217529296875,0.205810546875,0.195068359375,0.186767578125,0.182373046875,0.19091796875,-0.27783203125,-0.5475020599993896,0.6507766960661642,-0.21353801080355236,0.48075807977538376,0.99658203125,0.156005859375,0.021240234375,-0.093994140625,0.038330078125,-0.01123046875,0.3524169921875,0.2864990234375,-0.8896484375,0.999816888943144,0.6347849971007417,0.22122867519150366,-0.7403485213782159,0.033417767876216926,-0.11221655934324168,0.002868739890743736,0.5899533066805017,-0.7878658406323436,0.9847102267525254,7.5625,24.1875,-3.0,2.0,-12.73828125,1.23828125,7.1875,20.25,0.0,0,2,1106,1205,1992,1
3,214934,178,0.9010284737693411,0.9412213507492294,0.9262062440870388,0.8613544114505448,0.8438978240302744,0.8527176732688375,-0.32581560716574604,-0.24967192602313304,-0.3751335184789575,-0.337076937162389,-0.3249610889004181,-0.39970091860713525,-0.2863246559038057,-0.22754600665303507,0.03750724814600055,-0.38004699850459306,-0.42686239204077275,-0.33634449293496504,0.2197265625,0.199951171875,0.1845703125,0.182373046875,0.19091796875,0.1904296875,0.01171875,-0.5559556871242408,0.6161381878109073,-0.2087160863063448,0.5173802911465804,0.979248046875,0.29150390625,0.501220703125,-0.029296875,-0.0091552734375,-0.0120849609375,0.251708984375,0.2862548828125,-0.858642578125,0.999786370433668,0.6729636524552141,0.1805780205694754,-0.717276528214362,0.017120883816034424,-0.11322367015594959,0.021698660237434005,0.6178472243415631,0.020172734763634143,0.8757286294137394,7.6875,23.375,-3.25,2.1015625,-12.44140625,1.69921875,7.1875,19.625,0.0,0,2,1510,1191,1937,1
3,214985,179,0.9303262428662984,0.9633472701193274,0.9221778008362072,0.8438978240302744,0.8527176732688375,0.8949247718741417,-0.32157353434858243,-0.26590777306436353,-0.3348185674611652,-0.3249610889004181,-0.39970091860713525,-0.40458388012329477,-0.1763054292428358,-0.035462508011108736,-0.1935178685872982,-0.42686239204077275,-0.33634449293496504,-0.1882381664479507,0.213134765625,0.2041015625,0.186767578125,0.19091796875,0.1904296875,0.1953125,-0.1611328125,-0.5411236915189063,0.5633106479079562,-0.24814600054933317,0.5729544969023713,0.984375,-0.281005859375,0.63818359375,-0.06494140625,0.058837890625,0.008544921875,-0.1102294921875,0.287353515625,-0.8621826171875,0.999786370433668,0.7812433240760521,0.16641743217261268,-0.6016418958098086,0.02218695638904996,-0.10388500625629445,0.02542191839350566,-0.1610461745048372,-0.058229316080202646,0.9591967528305918,7.75,22.875,-3.3125,1.87109375,-12.46875,2.19140625,7.1875,19.0625,0.0,0,2,1470,1580,1979,1
3,215036,180,0.9469588305307168,0.9337748344370861,0.8613544114505448,0.8527176732688375,0.8949247718741417,0.9074068422498245,-0.30417798394726403,-0.3316141239661855,-0.337076937162389,-0.39970091860713525,-0.40458388012329477,-0.4162724692526017,-0.10376293221839046,0.13452558977019563,-0.38004699850459306,-0.33634449293496504,-0.1882381664479507,-0.05777153843806269,0.214599609375,0.1943359375,0.182373046875,0.1904296875,0.1953125,0.1904296875,0.158935546875,-0.48551896725363936,0.5316019165623951,-0.3173619800408948,0.6172063356425672,1.04150390625,-0.115966796875,0.591552734375,-0.048095703125,0.1007080078125,0.0555419921875,-0.3466796875,0.2945556640625,-0.9544677734375,0.999816888943144,0.8709067049165319,0.22101504562517166,-0.43894772179326763,0.005127109591967528,-0.11108737449262979,0.023560289315469832,-0.5904416028321177,0.025177770317697683,-0.8692892239143041,7.8125,22.0,-3.375,0.25,-13.25,2.78125,7.125,18.4375,0.0,0,2,1512,1795,1065,1
3,215086,181,0.945341349528489,0.9249549851985229,0.8438978240302744,0.8949247718741417,0.9074068422498245,0.9167760246589557,-0.2996917630542924,-0.34534745323038424,-0.3249610889004181,-0.40458388012329477,-0.4162724692526017,-0.3932615131076998,-0.12857448042237618,0.1586352122562334,-0.42686239204077275,-0.1882381664479507,-0.05777153843806269,0.06997894222846156,0.20751953125,0.195068359375,0.19091796875,0.1953125,0.1904296875,0.191162109375,-0.020751953125,-0.4499343852046266,0.489272743919187,-0.35731070894497513,0.6561479537339396,1.078125,0.034912109375,0.237060546875,-0.073486328125,0.1226806640625,0.0592041015625,-0.62353515625,0.2989501953125,-1.020263671875,0.99984740745262,0.923764763328959,0.23789178136539813,-0.3001190221869564,0.012634662923062838,-0.1075167088839381,0.026581621753593555,-0.9365825373088779,-0.47099215674306466,0.804498428296762,7.75,21.5,-3.3125,-1.328125,-13.62109375,3.01953125,7.0625,17.875,0.0,0,2,1264,1968,1902,1
3,215138,182,0.9443647572252571,0.9262062440870388,0.8527176732688375,0.9074068422498245,0.9167760246589557,0.9210486159855953,-0.27958006530961027,-0.3751335184789575,-0.39970091860713525,-0.4162724692526017,-0.3932615131076998,-0.3757744071779534,-0.17322305978576005,0.03750724814600055,-0.33634449293496504,-0.05777153843806269,0.06997894222846156,0.10235908078249459,0.20849609375,0.1845703125,0.1904296875,0.1904296875,0.191162109375,0.18017578125,0.3564453125,-0.4489883114108707,0.48527481917783133,-0.336802270577105,0.6704306161687064,1.10107421875,0.21435546875,-0.37939453125,-0.169677734375,0.0350341796875,0.0548095703125,-0.4764404296875,0.3011474609375,-1.07373046875,0.999816888943144,0.9152806176946318,0.2522965178380688,-0.3140049439985351,0.0016174810022278512,-0.11679433576464125,0.03958250679036836,-0.8284554582354198,0.6425061799981688,-0.9528183843501083,7.5625,20.625,-3.1875,-3.5390625,-13.5703125,2.87109375,7.0,17.25,0.0,0,2,1821,1914,1023,1
3,215188,183,0.9229407635731071,0.9221778008362072,0.8949247718741417,0.9167760246589557,0.9210486159855953,0.9544969023712881,-0.26081118198187203,-0.3348185674611652,-0.40458388012329477,-0.3932615131076998,-0.3757744071779534,-0.2959685048982208,-0.28318124942777795,-0.1935178685872982,-0.1882381664479507,0.06997894222846156,0.10235908078249459,-0.03674428540910062,0.2001953125,0.186767578125,0.1953125,0.191162109375,0.18017578125,0.179443359375,0.02734375,-0.46137882625812554,0.5422833948789941,-0.27628406628620256,0.6455580309457686,1.098388671875,-0.06640625,-0.813232421875,-0.188720703125,0.0477294921875,0.0029296875,-0.05615234375,0.3001708984375,-1.073486328125,0.999816888943144,0.8349559007538072,0.2927030243842891,-0.46604815820795314,0.027222510452589496,-0.10989715262306589,0.04699850459303568,-0.9042329172643208,0.3402203436384167,-0.6726584673604541,7.4375,20.0625,-3.125,-4.0,-13.3984375,2.890625,6.9375,16.6875,0.0,0,2,1670,1952,1163,1
3,215239,184,0.8973967711416975,0.8613544114505448,0.9074068422498245,0.9210486159855953,0.9544969023712881,0.9282204657124546,-0.22684408093508712,-0.337076937162389,-0.4162724692526017,-0.3757744071779534,-0.2959685048982208,-0.2467726676229133,-0.3784295175023652,-0.38004699850459306,-0.05777153843806269,0.10235908078249459,-0.03674428540910062,-0.2784508804589984,0.20166015625,0.182373046875,0.1904296875,0.18017578125,0.179443359375,0.17041015625,0.2939453125,-0.4795373393963439,0.6295968504898221,-0.185064241462447,0.5825678273873104,1.026611328125,0.31005859375,-0.803955078125,-0.216064453125,0.0216064453125,-0.009033203125,0.538330078125,0.290283203125,-0.9798583984375,0.999816888943144,0.652241584521012,0.3268532364879299,-0.6839197973570971,0.03900265511032441,-0.11664174321726127,0.054383983886227,0.7403180028687399,0.3420514542069765,-0.8272041993469039,7.25,19.3125,-3.0,-2.30859375,-12.73828125,3.23828125,6.8125,16.0625,0.0,0,2,1671,1129,1086,1
3,215289,185,0.9063081759086886,0.8438978240302744,0.9167760246589557,0.9544969023712881,0.9282204657124546,0.8671834467604602,-0.19211401715140233,-0.3249610889004181,-0.3932615131076998,-0.2959685048982208,-0.2467726676229133,-0.21225623340556046,-0.3763847773674734,-0.42686239204077275,0.06997894222846156,-0.03674428540910062,-0.2784508804589984,-0.45051423688467057,0.205810546875,0.19091796875,0.191162109375,0.179443359375,0.17041015625,0.173828125,-0.1123046875,-0.5051118503372295,0.663686025574511,-0.09393597216711935,0.543656727805414,0.93994140625,0.325439453125,-0.336181640625,-0.180908203125,-0.02392578125,-0.019775390625,0.4971923828125,0.280029296875,-0.858642578125,0.999816888943144,0.489150669881283,0.28882717368083743,-0.8229926450392163,0.06665242469557787,-0.09967345194860683,0.04709006012146367,0.6043885616626484,-0.7197790459913938,0.8547013763847774,7.25,18.8125,-3.0,-0.69140625,-11.69140625,3.48828125,6.6875,15.5,0.0,0,2,1140,1197,1927,1
3,215350,186,0.9412213507492294,0.8527176732688375,0.9210486159855953,0.9282204657124546,0.8671834467604602,0.8547318948942534,-0.24967192602313304,-0.39970091860713525,-0.3757744071779534,-0.2467726676229133,-0.21225623340556046,-0.23624378185369427,-0.22754600665303507,-0.33634449293496504,0.10235908078249459,-0.2784508804589984,-0.45051423688467057,-0.4621723075045015,0.199951171875,0.1904296875,0.18017578125,0.17041015625,0.173828125,0.169677734375,0.129638671875,-0.5271462141788995,0.6398205511642812,-0.04376354258857997,0.5575426496169927,0.85302734375,0.27001953125,0.499267578125,-0.072509765625,-0.0416259765625,-0.0352783203125,0.4190673828125,0.2701416015625,-0.720703125,0.999755851924192,0.4595171971800897,0.21231727042451246,-0.8624225592822047,0.06900234992522965,-0.1000701925717948,0.065218054750206,0.6902066103091525,-0.08691671498764,-0.6254768517105624,7.25,18.125,-2.9375,0.5390625,-10.30078125,4.0703125,6.5625,14.875,0.0,0,2,1456,1154,1187,1
3,215381,187,0.9633472701193274,0.8949247718741417,0.9544969023712881,0.8671834467604602,0.8547318948942534,0.8793603320413831,-0.26590777306436353,-0.40458388012329477,-0.2959685048982208,-0.21225623340556046,-0.23624378185369427,-0.22443311868648336,-0.035462508011108736,-0.1882381664479507,-0.03674428540910062,-0.45051423688467057,-0.4621723075045015,-0.41996520889919736,0.2041015625,0.1953125,0.179443359375,0.173828125,0.169677734375,0.1748046875,-0.16259765625,-0.5311136204107791,0.6034119693594164,-0.056886501663258766,0.5920896023438216,0.827880859375,0.02490234375,0.70458984375,-0.062255859375,0.0091552734375,-0.0108642578125,0.186279296875,0.26708984375,-0.6636962890625,0.9991149632251961,0.5351725821710868,0.18555253761406293,-0.8241218298898282,0.07654042176580096,-0.08932767723624378,0.05887020477919858,0.5154576250495926,-0.3505355998413037,0.9816278572954497,7.25,17.75,-2.8125,0.9296875,-9.69921875,4.5703125,6.375,14.3125,0.0,0,2,1324,1242,1990,1
3,215432,188,0.9337748344370861,0.9074068422498245,0.9282204657124546,0.8547318948942534,0.8793603320413831,0.945341349528489,-0.3316141239661855,-0.4162724692526017,-0.2467726676229133,-0.23624378185369427,-0.22443311868648336,-0.1879329813531907,0.13452558977019563,-0.05777153843806269,-0.2784508804589984,-0.4621723075045015,-0.41996520889919736,-0.26651814325388345,0.1943359375,0.1904296875,0.17041015625,0.169677734375,0.1748046875,0.1787109375,-0.123779296875,-0.5065462202826014,0.5401165807061983,-0.12222663045136875,0.6608783227027192,0.864990234375,-0.13330078125,0.774169921875,-0.06201171875,0.0343017578125,0.0308837890625,-0.1488037109375,0.2701416015625,-0.69482421875,0.9986266670735802,0.7017426068910795,0.21338541825617238,-0.6797082430494095,0.0663167210913419,-0.09430219428083132,0.07089449751274148,0.15353862117374187,0.5493942075869015,0.9660328989532151,7.25,17.375,-2.75,0.55859375,-10.03125,5.05078125,6.1875,13.75,0.0,0,2,1774,1423,1983,1
3,215483,189,0.9249549851985229,0.9167760246589557,0.8671834467604602,0.8793603320413831,0.945341349528489,0.9818720053712576,-0.34534745323038424,-0.3932615131076998,-0.21225623340556046,-0.22443311868648336,-0.1879329813531907,-0.1651966917935728,0.1586352122562334,0.06997894222846156,-0.45051423688467057,-0.41996520889919736,-0.26651814325388345,-0.09298989837336344,0.195068359375,0.191162109375,0.173828125,0.1748046875,0.1787109375,0.17333984375,0.172119140625,-0.4742271187475204,0.467452009643849,-0.18875698110904263,0.7217932676168096,0.942626953125,-0.086669921875,0.717529296875,-0.0322265625,0.107177734375,0.0418701171875,-0.47998046875,0.277099609375,-0.8106689453125,0.9989318521683401,0.8350779747917112,0.23749504074221015,-0.49623096407971434,0.06582842493972595,-0.09817804498428297,0.08026367992187261,-0.5684987945188757,0.8113345744193854,-0.891140476699118,7.25,16.6875,-2.5,-1.12109375,-11.0,5.28125,6.0,13.1875,0.0,0,2,1905,1784,1054,1
3,215533,190,0.9262062440870388,0.9210486159855953,0.8547318948942534,0.945341349528489,0.9818720053712576,0.988616595965453,-0.3751335184789575,-0.3757744071779534,-0.23624378185369427,-0.1879329813531907,-0.1651966917935728,-0.14374217963194677,0.03750724814600055,0.10235908078249459,-0.4621723075045015,-0.26651814325388345,-0.09298989837336344,0.04443494979705191,0.1845703125,0.18017578125,0.169677734375,0.1787109375,0.17333984375,0.173583984375,-0.006103515625,-0.4585406048768578,0.39628284554582355,-0.22309030426953946,0.7634815515610217,1.000244140625,0.384521484375,0.29638671875,0.000244140625,0.1331787109375,0.057373046875,-0.70068359375,0.2825927734375,-0.9063720703125,0.999572740867336,0.9095431379131443,0.22806482131412703,-0.34742271187475204,0.0565507980590228,-0.10580767235328227,0.10132145146031069,-0.9495529038361766,-0.7137974181340984,0.8499099703970459,7.125,16.25,-2.375,-2.6015625,-11.73046875,4.96875,5.8125,12.625,0.0,0,2,1143,1974,1924,1
3,215585,191,0.9221778008362072,0.9544969023712881,0.8793603320413831,0.9818720053712576,0.988616595965453,0.9917294839320048,-0.3348185674611652,-0.2959685048982208,-0.22443311868648336,-0.1651966917935728,-0.14374217963194677,-0.1174352244636372,-0.1935178685872982,-0.03674428540910062,-0.41996520889919736,-0.09298989837336344,0.04443494979705191,0.05160679952391125,0.186767578125,0.179443359375,0.1748046875,0.17333984375,0.173583984375,0.1630859375,0.33740234375,-0.4873195593127232,0.35050508133182773,-0.15344706564531388,0.7849360637226478,1.043701171875,0.85107421875,-0.322509765625,-0.05615234375,0.017822265625,0.0218505859375,-0.4654541015625,0.286376953125,-0.9993896484375,0.999755851924192,0.9106723227637562,0.16846217230750452,-0.3772087771233253,0.07168797875911741,-0.08310190130314035,0.12887966551713614,-0.9092989898373364,0.4224982451857051,-0.8161259804071169,6.9375,15.5,-2.125,-4.4296875,-12.25,3.80078125,5.5625,12.0625,0.0,0,2,1711,1954,1091,1
3,215636,192,0.8613544114505448,0.9282204657124546,0.945341349528489,0.988616595965453,0.9917294839320048,0.9913937803277688,-0.337076937162389,-0.2467726676229133,-0.1879329813531907,-0.14374217963194677,-0.1174352244636372,-0.09399700918607136,-0.38004699850459306,-0.2784508804589984,-0.26651814325388345,0.04443494979705191,0.05160679952391125,-0.0912808618427076,0.182373046875,0.17041015625,0.1787109375,0.173583984375,0.1630859375,0.161865234375,0.039306640625,-0.5275734733115635,0.34177678762169256,-0.01748710592974639,0.7775200659199805,1.0517578125,0.655029296875,-0.642822265625,-0.052001953125,0.0660400390625,0.0177001953125,-0.11669921875,0.286376953125,-1.0166015625,0.999725333414716,0.8451796014282662,0.07232886745811334,-0.5295876949369793,0.09820856349375896,-0.050202948088015384,0.15146336252937406,-0.7781609546189764,-0.15344706564531388,-0.8674275948362682,6.75,14.9375,-2.0,-4.6484375,-12.3984375,3.3984375,5.3125,11.5,0.0,0,2,1423,1889,1066,1
3,215688,193,0.8438978240302744,0.8671834467604602,0.9818720053712576,0.9917294839320048,0.9913937803277688,0.9417096469008454,-0.3249610889004181,-0.21225623340556046,-0.1651966917935728,-0.1174352244636372,-0.09399700918607136,-0.11899166844691306,-0.42686239204077275,-0.45051423688467057,-0.09298989837336344,0.05160679952391125,-0.0912808618427076,-0.31473738822595904,0.19091796875,0.173828125,0.17333984375,0.1630859375,0.161865234375,0.152099609375,0.32080078125,-0.543046357615894,0.37745292519913326,0.11395611438337351,0.7413861507003998,1.04052734375,0.5849609375,-0.899658203125,-0.100830078125,0.0103759765625,-0.00146484375,0.2061767578125,0.28369140625,-0.9871826171875,0.999755851924192,0.706259346293527,-0.02044740134891812,-0.7076326792199469,0.14859462263863032,-0.017761772515030368,0.130314035462508,0.6926786095767082,-0.4874111148411512,-0.935819574571978,6.5,14.1875,-1.8125,-4.08984375,-12.23828125,4.05078125,5.0625,11.0,0.0,0,2,1256,1153,1032,1
3,215737,194,0.8527176732688375,0.8547318948942534,0.988616595965453,0.9913937803277688,0.9417096469008454,0.8134403515732291,-0.39970091860713525,-0.23624378185369427,-0.14374217963194677,-0.09399700918607136,-0.11899166844691306,-0.17194128238776818,-0.33634449293496504,-0.4621723075045015,0.04443494979705191,-0.0912808618427076,-0.31473738822595904,-0.5556199835200049,0.1904296875,0.169677734375,0.173583984375,0.161865234375,0.152099609375,0.15283203125,-0.026123046875,-0.5373393963438826,0.42542802209540087,0.2381359294412061,0.6881618701742607,0.982666015625,0.142578125,-0.55859375,-0.073974609375,-0.0091552734375,-0.03857421875,0.491455078125,0.275634765625,-0.90087890625,0.9995117038483841,0.5127414777062288,-0.11490218817712942,-0.8508255256813257,0.19269386883144626,0.0012512588885158849,0.09503463850825526,0.7326273384807886,-0.6274605548265023,0.3890804773094882,6.3125,13.6875,-1.625,-3.48828125,-11.2890625,4.8515625,4.75,10.4375,0.0,0,2,1186,1133,1694,1
3,215788,195,0.8949247718741417,0.8793603320413831,0.9917294839320048,0.9417096469008454,0.8134403515732291,0.7183751945554979,-0.40458388012329477,-0.22443311868648336,-0.1174352244636372,-0.11899166844691306,-0.17194128238776818,-0.1978209784234138,-0.1882381664479507,-0.41996520889919736,0.05160679952391125,-0.31473738822595904,-0.5556199835200049,-0.6669209875789667,0.1953125,0.1748046875,0.1630859375,0.152099609375,0.15283203125,0.14892578125,0.127197265625,-0.5187536240730003,0.4533524582659383,0.27439191869869073,0.6708883938108463,0.888427734375,-0.180419921875,0.1494140625,-0.041259765625,-0.0401611328125,-0.0263671875,0.48046875,0.263671875,-0.7437744140625,0.9945371868037965,0.4261299478133488,-0.12161626026184881,-0.8964506973479415,0.20581682790612507,0.0013122959074678793,0.04074221015045625,0.7839594714194159,0.33347575304422133,-0.7844477675710319,6.1875,13.125,-1.4375,-2.8203125,-9.359375,6.1484375,4.5,9.9375,0.0,0,2,1666,1108,1107,1
3,215839,196,0.9074068422498245,0.945341349528489,0.9913937803277688,0.8134403515732291,0.7183751945554979,0.7472762230292672,-0.4162724692526017,-0.1879329813531907,-0.09399700918607136,-0.17194128238776818,-0.1978209784234138,-0.1640369884334849,-0.05777153843806269,-0.26651814325388345,-0.0912808618427076,-0.5556199835200049,-0.6669209875789667,-0.6439405499435408,0.1904296875,0.1787109375,0.161865234375,0.15283203125,0.14892578125,0.15380859375,-0.162841796875,-0.510971404156621,0.43195898312326425,0.22125919370097966,0.7094637897885068,0.87158203125,-0.359619140625,0.702392578125,-0.0126953125,-0.00439453125,-0.0067138671875,0.1910400390625,0.260498046875,-0.68310546875,0.9881282998138371,0.5267494735557116,-0.05264442884609516,-0.8483840449232459,0.20798364207892087,-0.006164738914151433,0.04394665364543596,0.8162175359355449,0.13022247993408,0.9253212073122349,6.0625,12.6875,-1.25,-2.62109375,-8.58984375,6.91015625,4.1875,9.4375,0.0,0,2,1565,1091,1962,1
3,215880,197,0.9167760246589557,0.9818720053712576,0.9417096469008454,0.7183751945554979,0.7472762230292672,0.815637684255501,-0.3932615131076998,-0.1651966917935728,-0.11899166844691306,-0.1978209784234138,-0.1640369884334849,-0.14102603228858301,0.06997894222846156,-0.09298989837336344,-0.31473738822595904,-0.6669209875789667,-0.6439405499435408,-0.5611133152256844,0.191162109375,0.17333984375,0.152099609375,0.14892578125,0.15380859375,0.161376953125,-0.242431640625,-0.5137485885189368,0.38209173863948487,0.1456648457289346,0.7542039246803186,0.903076171875,-0.083251953125,0.8642578125,0.046630859375,0.001953125,0.005615234375,-0.0869140625,0.262451171875,-0.68798828125,0.9847407452620014,0.6758018738364818,0.0004577776421399579,-0.7370830408642842,0.1857051301614429,-0.00640888698995941,0.016876735740226446,0.7861262855922116,-0.2583086642048402,0.9608447523422956,6.0,12.375,-1.0,-2.66015625,-8.6484375,7.48046875,3.875,8.9375,0.0,0,2,1370,1106,1980,1
3,215931,198,0.9210486159855953,0.988616595965453,0.8134403515732291,0.7472762230292672,0.815637684255501,0.8894924771874142,-0.3757744071779534,-0.14374217963194677,-0.17194128238776818,-0.1640369884334849,-0.14102603228858301,-0.17743461409344768,0.10235908078249459,0.04443494979705191,-0.5556199835200049,-0.6439405499435408,-0.5611133152256844,-0.4210943937498093,0.18017578125,0.173583984375,0.15283203125,0.15380859375,0.161376953125,0.158447265625,0.092041015625,-0.5312967314676351,0.2913602099673452,0.06109805597094638,0.793176061281167,0.971435546875,-0.140869140625,0.709228515625,0.11572265625,0.0850830078125,0.0260009765625,-0.515380859375,0.267578125,-0.7855224609375,0.9897457808160649,0.8414258247627185,-0.0050050355540635395,-0.5403302102725303,0.18286690878017517,-0.02444532609027375,0.026886806848353526,0.6720175786614582,0.5015411847285378,-0.6809289834284493,5.8125,11.75,-0.6875,-3.5390625,-9.640625,7.3515625,3.5,8.4375,0.0,0,2,1750,1163,1159,1
3,215992,199,0.9544969023712881,0.9917294839320048,0.7183751945554979,0.815637684255501,0.8894924771874142,0.9200109866634114,-0.2959685048982208,-0.1174352244636372,-0.1978209784234138,-0.14102603228858301,-0.17743461409344768,-0.22147282326731163,-0.03674428540910062,0.05160679952391125,-0.6669209875789667,-0.5611133152256844,-0.4210943937498093,-0.3232825708792383,0.179443359375,0.1630859375,0.14892578125,0.161376953125,0.158447265625,0.153564453125,0.16064453125,-0.5440839869380779,0.22019104586931973,-0.01815851313821833,0.8094119083223975,1.030517578125,-0.058837890625,0.29931640625,0.05224609375,0.0931396484375,0.0562744140625,-0.5750732421875,0.2720947265625,-0.925048828125,0.9979857783745841,0.934080019531846,-0.025696584978789638,-0.3561815240943632,0.1717581713309122,-0.029877620777001252,-0.006469924008911405,0.6046327097384564,-0.1010773033845027,-0.82601397747734,5.5625,11.125,-0.3125,-4.9296875,-10.98046875,5.87890625,3.125,7.9375,0.0,0,2,1449,1197,1086,1
3,216032,200,0.9282204657124546,0.9913937803277688,0.7472762230292672,0.8894924771874142,0.9200109866634114,0.913266396069216,-0.2467726676229133,-0.09399700918607136,-0.1640369884334849,-0.17743461409344768,-0.22147282326731163,-0.24976348155156103,-0.2784508804589984,-0.0912808618427076,-0.6439405499435408,-0.4210943937498093,-0.3232825708792383,-0.3218176824243904,0.17041015625,0.161865234375,0.15380859375,0.158447265625,0.153564453125,0.15673828125,-0.10205078125,-0.5482955412457655,0.1944334238715781,-0.03457747123630482,0.8126163518173772,1.030029296875,0.076171875,0.07958984375,0.042236328125,0.0457763671875,0.0400390625,-0.489013671875,0.2706298828125,-0.959716796875,0.9995117038483841,0.9533677175206763,-0.039826654866176335,-0.29917294839320047,0.1672719504379406,-0.03512680440687277,-0.03717154454176458,0.34879604480117193,-0.05706961272011475,0.923398541215247,5.3125,10.625,-0.125,-5.51953125,-11.19140625,4.859375,2.75,7.4375,0.0,0,2,1471,1325,1961,1
3,216083,201,0.8671834467604602,0.9417096469008454,0.815637684255501,0.9200109866634114,0.913266396069216,0.890865810113834,-0.21225623340556046,-0.11899166844691306,-0.14102603228858301,-0.22147282326731163,-0.24976348155156103,-0.2800988799707022,-0.45051423688467057,-0.31473738822595904,-0.5611133152256844,-0.3232825708792383,-0.3218176824243904,-0.3576464125492111,0.173828125,0.152099609375,0.161376953125,0.153564453125,0.15673828125,0.1611328125,-0.142822265625,-0.554582354197821,0.1837214270455031,-0.02053895687734611,0.8113345744193854,1.01953125,0.126220703125,-0.1396484375,-0.0087890625,-0.006103515625,0.0284423828125,-0.34130859375,0.26806640625,-0.9698486328125,0.999603259376812,0.9534287545396283,-0.05670339060640278,-0.29624317148350476,0.16046632282479323,-0.026673177282021548,-0.07190160832544938,0.7506332590716269,-0.2479628894924772,0.8665730765709403,5.125,10.1875,0.0625,-5.890625,-11.1484375,4.078125,2.375,7.0,0.0,0,2,1376,1124,1933,1
3,216137,202,0.8547318948942534,0.8134403515732291,0.8894924771874142,0.913266396069216,0.890865810113834,0.8347727896969512,-0.23624378185369427,-0.17194128238776818,-0.17743461409344768,-0.24976348155156103,-0.2800988799707022,-0.3066805017242958,-0.4621723075045015,-0.5556199835200049,-0.4210943937498093,-0.3218176824243904,-0.3576464125492111,-0.4572893459883419,0.169677734375,0.15283203125,0.158447265625,0.15673828125,0.1611328125,0.155517578125,0.178955078125,-0.5530869472334972,0.20203253273110142,-0.000640888698995941,0.8082522049623097,1.01708984375,0.0185546875,-0.22509765625,-0.035400390625,0.065673828125,0.03369140625,-0.2071533203125,0.26611328125,-0.9810791015625,0.99954222235786,0.9370097964415418,-0.05255287331766716,-0.34531693472090824,0.13000885036774804,-0.03466902676473281,-0.13464766380809962,0.6874599444563128,-0.027436140018921477,-0.8749961851863155,4.75,9.5,0.3125,-6.12109375,-11.19921875,3.44921875,2.0,6.5625,0.0,0,2,1486,1156,1062,1
3,216184,203,0.8793603320413831,0.7183751945554979,0.9200109866634114,0.890865810113834,0.8347727896969512,0.7922299874874111,-0.22443311868648336,-0.1978209784234138,-0.22147282326731163,-0.2800988799707022,-0.3066805017242958,-0.30133976256599626,-0.41996520889919736,-0.6669209875789667,-0.3232825708792383,-0.3576464125492111,-0.4572893459883419,-0.5306253242591632,0.1748046875,0.14892578125,0.153564453125,0.1611328125,0.155517578125,0.160888671875,-0.173095703125,-0.54307687612537,0.22293771172215948,0.011169774468214972,0.8094729453413495,1.026611328125,-0.065673828125,-0.02880859375,-0.083984375,0.06982421875,0.042236328125,-0.059326171875,0.2662353515625,-0.9879150390625,0.9995117038483841,0.9211401715140233,-0.026673177282021548,-0.3882869960631123,0.1163060396130253,-0.02447584459974975,-0.15472884304330575,0.7662892544328135,-0.4314401684621723,0.7780388805810724,4.5,9.0625,0.5,-6.140625,-11.2890625,3.6015625,1.5625,6.125,0.0,0,2,1284,1116,1889,1
3,216235,204,0.945341349528489,0.7472762230292672,0.913266396069216,0.8347727896969512,0.7922299874874111,0.7564928128910184,-0.1879329813531907,-0.1640369884334849,-0.24976348155156103,-0.3066805017242958,-0.30133976256599626,-0.3076570940275277,-0.26651814325388345,-0.6439405499435408,-0.3218176824243904,-0.4572893459883419,-0.5306253242591632,-0.5771355327005829,0.1787109375,0.15380859375,0.15673828125,0.155517578125,0.160888671875,0.156982421875,0.13134765625,-0.5308999908444472,0.2140873439741203,-0.00018311105685598315,0.8199407940916166,1.04833984375,-0.05419921875,0.24609375,-0.05810546875,0.0028076171875,-0.0009765625,-0.1192626953125,0.266845703125,-1.0006103515625,0.9995117038483841,0.9331339457380902,0.0036927396465956603,-0.3595385601367229,0.05911435285500656,-0.02880947294534135,-0.2161626026184881,0.7809076204718162,0.412945951719718,-0.782647175511948,4.125,8.375,0.75,-6.03125,-11.53125,4.05078125,1.1875,5.6875,0.0,0,2,1706,1109,1108,1
3,216286,205,0.9818720053712576,0.815637684255501,0.890865810113834,0.7922299874874111,0.7564928128910184,0.7774895474105045,-0.1651966917935728,-0.14102603228858301,-0.2800988799707022,-0.30133976256599626,-0.3076570940275277,-0.2960905789361248,-0.09298989837336344,-0.5611133152256844,-0.3576464125492111,-0.5306253242591632,-0.5771355327005829,-0.554826502273629,0.17333984375,0.161376953125,0.1611328125,0.160888671875,0.156982421875,0.163330078125,-0.205078125,-0.5192724387340922,0.18625446333201087,-0.04010132145146031,0.8330942716757713,1.054931640625,-0.227294921875,0.301025390625,-0.041015625,0.0601806640625,0.033447265625,-0.2760009765625,0.266357421875,-1.00927734375,0.9994811853389081,0.9623706778160954,0.03189184240241707,-0.26990569780571916,0.07184057130649739,-0.019043549913022248,-0.21021149327066865,0.8088625751518296,0.22016052735984373,0.9088717307046724,3.9375,7.875,1.0,-6.078125,-11.62890625,3.98046875,0.75,5.25,0.0,0,2,1610,1095,1954,1
3,216339,206,0.988616595965453,0.8894924771874142,0.8347727896969512,0.7564928128910184,0.7774895474105045,0.7756279183324687,-0.14374217963194677,-0.17743461409344768,-0.3066805017242958,-0.3076570940275277,-0.2960905789361248,-0.31464583269753105,0.04443494979705191,-0.4210943937498093,-0.4572893459883419,-0.5771355327005829,-0.554826502273629,-0.5471663563951537,0.173583984375,0.158447265625,0.155517578125,0.156982421875,0.163330078125,0.1611328125,0.068115234375,-0.509720145268105,0.1444746238593707,-0.08642841883602405,0.8436841944639424,1.087158203125,0.123291015625,0.444091796875,0.030029296875,0.02978515625,0.017578125,-0.39990234375,0.268310546875,-1.057861328125,0.9993285927915281,0.9877925962096011,0.04278695028534806,-0.1497543259987182,0.020630512405774102,-0.021301919614246042,-0.25943784905545214,0.7572557756279183,0.05664235358745079,-0.8565019684438612,3.5625,7.125,1.25,-6.37109375,-12.19140625,3.25,0.3125,4.875,0.0,0,2,1528,1121,1071,1
3,216388,207,0.9917294839320048,0.9200109866634114,0.7922299874874111,0.7774895474105045,0.7756279183324687,0.7944578386791589,-0.1174352244636372,-0.22147282326731163,-0.30133976256599626,-0.2960905789361248,-0.31464583269753105,-0.3651234473708304,0.05160679952391125,-0.3232825708792383,-0.5306253242591632,-0.554826502273629,-0.5471663563951537,-0.4853053376873073,0.1630859375,0.153564453125,0.160888671875,0.163330078125,0.1611328125,0.16796875,-0.2236328125,-0.5126804406872768,0.09277626880703146,-0.11362041077913755,0.8459425641651662,1.09326171875,0.05810546875,0.332275390625,0.08251953125,0.086669921875,0.034912109375,-0.5,0.26806640625,-1.0771484375,0.9992370372631001,0.9991454817346721,0.020935697500534076,-0.03598132267220069,0.05206457716605121,-0.030701620532853177,-0.2367625965147862,0.7672048097170934,-0.3100680562761315,0.8537553025910215,3.3125,6.625,1.4375,-6.609375,-12.3515625,2.3984375,-0.1875,4.5,0.0,0,2,1344,1116,1926,1
3,216439,208,0.9913937803277688,0.913266396069216,0.7564928128910184,0.7756279183324687,0.7944578386791589,0.7518234809411908,-0.09399700918607136,-0.24976348155156103,-0.3076570940275277,-0.31464583269753105,-0.3651234473708304,-0.4467909787285989,-0.0912808618427076,-0.3218176824243904,-0.5771355327005829,-0.5471663563951537,-0.4853053376873073,-0.4849085970641194,0.161865234375,0.15673828125,0.156982421875,0.1611328125,0.16796875,0.165771484375,0.07373046875,-0.5202795495468001,0.054261909848323006,-0.12796411023285623,0.8425855281228065,1.103271484375,0.06494140625,0.126708984375,0.080322265625,0.019775390625,0.043212890625,-0.429931640625,0.26806640625,-1.1005859375,0.9990539262062441,0.9991149632251961,-0.008301034577471236,0.04098635822626423,-0.0028077028717917417,-0.046143986327707755,-0.27195043794061097,0.7418439283425398,-0.1782891323587756,-0.891170995208594,2.9375,5.875,1.625,-6.9296875,-12.53125,0.8515625,-0.625,4.125,0.0,0,2,1410,1129,1054,1
3,216494,209,0.9417096469008454,0.890865810113834,0.7774895474105045,0.7944578386791589,0.7518234809411908,0.7200231940672017,-0.11899166844691306,-0.2800988799707022,-0.2960905789361248,-0.3651234473708304,-0.4467909787285989,-0.5064851832636494,-0.31473738822595904,-0.3576464125492111,-0.554826502273629,-0.4853053376873073,-0.4849085970641194,-0.47437971129490036,0.152099609375,0.1611328125,0.163330078125,0.16796875,0.165771484375,0.172119140625,-0.210205078125,-0.5272072511978515,0.03964354380932035,-0.12546159245582444,0.8394726401562548,1.097412109375,0.01025390625,-0.14697265625,0.01318359375,0.044921875,0.038330078125,-0.379638671875,0.266845703125,-1.0965576171875,0.9989928891872921,0.9978026673177282,-0.02597125156407361,0.06115909298989838,0.013946958830530718,-0.06277657399212623,-0.24607074190496536,0.7548753318887905,-0.6688436536759544,0.7488326670125431,2.6875,5.375,1.6875,-6.94921875,-12.4609375,-0.05078125,-1.125,3.75,0.0,0,2,1165,1122,1874,1
3,216531,210,0.8134403515732291,0.8347727896969512,0.7756279183324687,0.7518234809411908,0.7200231940672017,0.6688436536759544,-0.17194128238776818,-0.3066805017242958,-0.31464583269753105,-0.4467909787285989,-0.5064851832636494,-0.5561082796716208,-0.5556199835200049,-0.4572893459883419,-0.5471663563951537,-0.4849085970641194,-0.47437971129490036,-0.49333170567949464,0.15283203125,0.155517578125,0.1611328125,0.165771484375,0.172119140625,0.177734375,-0.17822265625,-0.5298623615222633,0.047334208197271646,-0.11258278145695365,0.8392590105899228,1.10546875,0.005126953125,-0.14111328125,-0.02099609375,0.003662109375,0.0294189453125,-0.244873046875,0.2677001953125,-1.10302734375,0.9989318521683401,0.9990539262062441,-0.026642658772545548,0.034485915707876826,-0.022919400616473892,-0.07739494003112889,-0.2506179998168889,0.716788232062746,-0.6719260231330302,-0.6130252998443556,2.4375,4.8125,1.75,-7.0,-12.53125,-0.71875,-1.625,3.4375,0.0,0,2,1164,1141,1193,1
3,216582,211,0.7183751945554979,0.7922299874874111,0.7944578386791589,0.7200231940672017,0.6688436536759544,0.5781731620227668,-0.1978209784234138,-0.30133976256599626,-0.3651234473708304,-0.5064851832636494,-0.5561082796716208,-0.6062807092501602,-0.6669209875789667,-0.5306253242591632,-0.4853053376873073,-0.47437971129490036,-0.49333170567949464,-0.5460066530350658,0.14892578125,0.160888671875,0.16796875,0.172119140625,0.177734375,0.1767578125,0.028564453125,-0.5254676961577197,0.06823938718832973,-0.10388500625629445,0.8417004913480025,1.110595703125,-0.0771484375,-0.045654296875,-0.089599609375,0.0364990234375,0.0316162109375,-0.12939453125,0.2681884765625,-1.107177734375,0.9988708151493881,0.999908444471572,-0.010925626392406995,-0.0086977752006592,-0.05340739158299509,-0.09317300943021943,-0.2337107455671865,0.685598315378277,-0.6989043855098117,-0.9551072725608082,2.0,4.0,1.75,-6.921875,-12.62890625,-1.0,-2.125,3.0625,0.0,0,2,1150,1157,1022,1
3,216643,212,0.7472762230292672,0.7564928128910184,0.7518234809411908,0.6688436536759544,0.5781731620227668,0.5158543656727805,-0.1640369884334849,-0.3076570940275277,-0.4467909787285989,-0.5561082796716208,-0.6062807092501602,-0.6056398205511643,-0.6439405499435408,-0.5771355327005829,-0.4849085970641194,-0.49333170567949464,-0.5460066530350658,-0.6059144871364482,0.15380859375,0.156982421875,0.165771484375,0.177734375,0.1767578125,0.177734375,-0.028076171875,-0.5055696279793694,0.08771019623401594,-0.13403729361857966,0.847804193243202,1.121826171875,-0.383056640625,0.119873046875,-0.13623046875,-0.005859375,0.015380859375,-0.1180419921875,0.2696533203125,-1.119140625,0.9987487411114842,0.99954222235786,0.029877620777001252,-0.003936887722403638,-0.1118808557390057,-0.08575701162755212,-0.23084200567644275,0.7865230262153996,0.315530869472335,-0.7855464339121677,1.625,3.25,1.75,-6.9296875,-12.80078125,-0.87890625,-2.625,2.75,0.0,0,2,1657,1106,1107,1
3,216683,213,0.815637684255501,0.7774895474105045,0.7200231940672017,0.5781731620227668,0.5158543656727805,0.5233008819849239,-0.14102603228858301,-0.2960905789361248,-0.5064851832636494,-0.6062807092501602,-0.6056398205511643,-0.5709707937864315,-0.5611133152256844,-0.554826502273629,-0.47437971129490036,-0.5460066530350658,-0.6059144871364482,-0.6325571459089938,0.161376953125,0.163330078125,0.172119140625,0.1767578125,0.177734375,0.1865234375,-0.28369140625,-0.48417615283669546,0.09643848994415113,-0.17758720664082767,0.8513138218329417,1.117919921875,-0.380126953125,0.21630859375,-0.15478515625,-0.017822265625,0.00390625,-0.179931640625,0.2691650390625,-1.114990234375,0.9986877040925322,0.9971922971282082,0.065309610278634,0.03656117435224464,-0.07742545854060488,-0.08130130924405653,-0.22049623096407972,0.8109378337961974,-0.08966338084047976,0.8956266975920896,1.375,2.75,1.75,-6.94921875,-12.73046875,-0.91015625,-3.1875,2.5,0.0,0,2,1455,1094,1947,1
3,216737,214,0.8894924771874142,0.7756279183324687,0.6688436536759544,0.5158543656727805,0.5233008819849239,0.5486007263405255,-0.17743461409344768,-0.31464583269753105,-0.5561082796716208,-0.6056398205511643,-0.5709707937864315,-0.5251625110629596,-0.4210943937498093,-0.5471663563951537,-0.49333170567949464,-0.6059144871364482,-0.6325571459089938,-0.6505630664998322,0.158447265625,0.1611328125,0.177734375,0.177734375,0.1865234375,0.194580078125,-0.26953125,-0.45612964262825406,0.09326456495864742,-0.2356944486831263,0.8530533768730735,1.113525390625,-0.187744140625,0.289794921875,-0.0625,-0.02392578125,0.0008544921875,-0.1910400390625,0.2686767578125,-1.1090087890625,0.9985961485641042,0.9876705221716972,0.10092471083712272,0.11972411267433698,-0.040345469527268286,-0.03338724936674093,-0.11075167088839381,0.82677694021424,0.2682576982940153,0.880977813043611,1.0625,2.1875,1.75,-7.0703125,-12.58984375,-1.03125,-3.6875,2.1875,0.0,0,2,1634,1086,1940,1
3,216786,215,0.9200109866634114,0.7944578386791589,0.5781731620227668,0.5233008819849239,0.5486007263405255,0.5385601367229225,-0.22147282326731163,-0.3651234473708304,-0.6062807092501602,-0.5709707937864315,-0.5251625110629596,-0.5395367290261543,-0.3232825708792383,-0.4853053376873073,-0.5460066530350658,-0.6325571459089938,-0.6505630664998322,-0.6471755119479965,0.153564453125,0.16796875,0.1767578125,0.1865234375,0.194580078125,0.199462890625,-0.15234375,-0.4370555742057558,0.061799981688894313,-0.2792748802148503,0.8527481917783135,1.109375,-0.092041015625,0.45263671875,0.0078125,0.0745849609375,0.0115966796875,-0.329345703125,0.268310546875,-1.0975341796875,0.9984740745262002,0.9630420850245675,0.12457655568102054,0.23874629963072602,-0.03195287942136906,-0.03183080538346507,-0.10238959929197058,0.7420575579088717,-0.3381756035035249,-0.82601397747734,0.625,1.375,1.6875,-7.390625,-12.30859375,-1.37109375,-4.25,1.9375,0.0,0,2,1330,1128,1087,1
3,216835,216,0.913266396069216,0.7518234809411908,0.5158543656727805,0.5486007263405255,0.5385601367229225,0.5691396832178717,-0.24976348155156103,-0.4467909787285989,-0.6056398205511643,-0.5251625110629596,-0.5395367290261543,-0.5596789452803125,-0.3218176824243904,-0.4849085970641194,-0.6059144871364482,-0.6505630664998322,-0.6471755119479965,-0.6023743400372326,0.15673828125,0.165771484375,0.177734375,0.194580078125,0.199462890625,0.208984375,-0.311767578125,-0.4230475783562731,0.016052735984374525,-0.315500350962859,0.8492690816980498,1.119873046875,0.00146484375,0.46435546875,0.07177734375,0.1124267578125,0.029052734375,-0.438720703125,0.269775390625,-1.083251953125,0.9984435560167242,0.9075289162877285,0.16605121005890072,0.38575395977660454,-0.027680288094729454,-0.029114658040101323,-0.09952085940122685,0.7849665822321238,-0.5666676839503159,0.9053315836054567,0.3125,0.875,1.6875,-7.83984375,-12.1015625,-2.01953125,-4.75,1.6875,0.0,0,2,1216,1107,1952,1
3,216885,217,0.890865810113834,0.7200231940672017,0.5233008819849239,0.5385601367229225,0.5691396832178717,0.5489059114352856,-0.2800988799707022,-0.5064851832636494,-0.5709707937864315,-0.5395367290261543,-0.5596789452803125,-0.6000854518265328,-0.3576464125492111,-0.47437971129490036,-0.6325571459089938,-0.6471755119479965,-0.6023743400372326,-0.5818964201788385,0.1611328125,0.172119140625,0.1865234375,0.199462890625,0.208984375,0.21435546875,-0.17578125,-0.41245765556810204,-0.029725028229621267,-0.34305856501968446,0.8433790093691824,1.1162109375,-0.156005859375,0.260986328125,0.022216796875,0.0506591796875,0.039794921875,-0.4598388671875,0.2696533203125,-0.1004638671875,0.9984740745262002,-0.050508133182775354,0.8183843501083408,0.5724662007507554,-0.019989623706778162,-0.029206213568529312,-0.09155552842799158,0.7839289529099399,0.21353801080355236,-0.6775414288766136,-0.1875,0.125,1.625,-8.30078125,-11.46875,-3.1796875,-5.3125,1.4375,0.0,0,2,1606,1108,1161,1
3,216946,218,0.8347727896969512,0.6688436536759544,0.5486007263405255,0.5691396832178717,0.5489059114352856,0.5100558488723411,-0.3066805017242958,-0.5561082796716208,-0.5251625110629596,-0.5596789452803125,-0.6000854518265328,-0.6148564104129154,-0.4572893459883419,-0.49333170567949464,-0.6505630664998322,-0.6023743400372326,-0.5818964201788385,-0.6014893032624287,0.155517578125,0.177734375,0.194580078125,0.208984375,0.21435546875,0.219970703125,-0.178955078125,-0.40403454695272684,-0.04647968993194372,-0.37394329660939357,0.8335215308084353,1.1044921875,-0.033447265625,0.07080078125,-0.033447265625,0.079345703125,0.045166015625,-0.353271484375,0.2689208984375,1.0350341796875,0.9985656300546282,-0.923093356120487,0.29090243232520524,-0.2515030365916929,-0.028199102755821406,-0.023102511673329874,-0.086947233497116,0.7525864436780908,-0.8280281991027558,0.7307962279122288,-0.6875,-0.5625,1.5,-8.609375,-10.6796875,-4.23828125,-5.875,1.25,0.0,0,2,1085,1123,1865,1
3,216989,219,0.7922299874874111,0.5781731620227668,0.5385601367229225,0.5489059114352856,0.5100558488723411,0.48924222540971096,-0.30133976256599626,-0.6062807092501602,-0.5395367290261543,-0.6000854518265328,-0.6148564104129154,-0.6448866237372967,-0.5306253242591632,-0.5460066530350658,-0.6471755119479965,-0.5818964201788385,-0.6014893032624287,-0.58714560380871,0.160888671875,0.1767578125,0.199462890625,0.21435546875,0.219970703125,0.229248046875,-0.302490234375,-0.4003112887966552,-0.05069124423963134,-0.37247840815454575,0.8357493820001831,1.098876953125,0.1015625,-0.025390625,-0.022216796875,0.0235595703125,0.0380859375,-0.288818359375,0.26904296875,1.0347900390625,0.9985656300546282,-0.923612170781579,0.2272103030487991,-0.3086947233497116,-0.02023377178258614,-0.029694509720145267,-0.08001953184606464,0.8001037629322184,-0.8076418347727897,0.9933469649342326,-1.0,-1.0,1.375,-8.73828125,-10.30859375,-4.62109375,-6.4375,1.0625,0.0,0,2,1096,1099,1996,1
3,217037,220,0.7564928128910184,0.5158543656727805,0.5691396832178717,0.5100558488723411,0.48924222540971096,0.4588763084810938,-0.3076570940275277,-0.6056398205511643,-0.5596789452803125,-0.6148564104129154,-0.6448866237372967,-0.674336985381634,-0.5771355327005829,-0.6059144871364482,-0.6023743400372326,-0.6014893032624287,-0.58714560380871,-0.5785393841364788,0.156982421875,0.177734375,0.208984375,0.219970703125,0.229248046875,0.23876953125,-0.31298828125,-0.39835810419019135,-0.04754783776360363,-0.36680196539201027,0.8393505661183508,1.090576171875,-0.14013671875,0.03515625,-0.06494140625,0.04833984375,0.0220947265625,-0.205810546875,0.2689208984375,1.0244140625,0.9985656300546282,-0.9271523178807947,0.19376201666310616,-0.3206884975737785,-0.02465895565660573,-0.03122043519394513,-0.07467879268776513,0.8035523545030061,-0.5165868099002044,0.9577623828852199,-1.375,-1.4375,1.25,-8.87109375,-9.94921875,-4.828125,-7.0,0.875,0.0,0,2,1241,1098,1978,1
3,217087,221,0.7774895474105045,0.5233008819849239,0.5489059114352856,0.48924222540971096,0.4588763084810938,0.4112369151890622,-0.2960905789361248,-0.5709707937864315,-0.6000854518265328,-0.6448866237372967,-0.674336985381634,-0.6660359508041628,-0.554826502273629,-0.6325571459089938,-0.5818964201788385,-0.58714560380871,-0.5785393841364788,-0.6223029267250587,0.163330078125,0.1865234375,0.21435546875,0.229248046875,0.23876953125,0.244873046875,-0.1953125,-0.38993499557481615,-0.03393658253730888,-0.391796624652852,0.8326364940336314,1.0947265625,-0.27587890625,0.0849609375,-0.14111328125,0.090576171875,0.0238037109375,-0.1573486328125,0.27099609375,1.0252685546875,0.9984740745262002,-0.9294412060914945,0.1857661671803949,-0.31882686849574265,-0.02346873378704184,-0.03057954649494919,-0.06894131290627765,0.7828302865688039,-0.12158574175237281,-0.19156468398083437,-1.9375,-2.0,1.0,-9.109375,-9.73046875,-4.98828125,-7.625,0.6875,0.0,0,2,1439,1108,1404,1
3,217138,222,0.7756279183324687,0.5486007263405255,0.5100558488723411,0.4588763084810938,0.4112369151890622,0.4394360179448836,-0.31464583269753105,-0.5251625110629596,-0.6148564104129154,-0.674336985381634,-0.6660359508041628,-0.6246833704641865,-0.5471663563951537,-0.6505630664998322,-0.6014893032624287,-0.5785393841364788,-0.6223029267250587,-0.6454969939268166,0.1611328125,0.194580078125,0.219970703125,0.23876953125,0.244873046875,0.255126953125,-0.33642578125,-0.3651234473708304,-0.030854213080233162,-0.4316537980285043,0.8242439039277322,1.097900390625,-0.145751953125,0.290283203125,-0.123291015625,0.0943603515625,0.043701171875,-0.17724609375,0.2723388671875,1.028076171875,0.9983825189977722,-0.9212012085329753,0.17307046723838007,-0.3484908597064119,-0.021912289803765986,-0.02661214026306955,-0.06769005401776178,0.8226874599444564,-0.6850489822077089,0.9971922971282082,-2.3125,-2.4375,0.875,-9.33984375,-9.55859375,-5.01171875,-8.1875,0.5625,0.0,0,2,1157,1088,1998,1
3,217189,223,0.7944578386791589,0.5385601367229225,0.48924222540971096,0.4112369151890622,0.4394360179448836,0.4693136387218848,-0.3651234473708304,-0.5395367290261543,-0.6448866237372967,-0.6660359508041628,-0.6246833704641865,-0.6140934476760155,-0.4853053376873073,-0.6471755119479965,-0.58714560380871,-0.6223029267250587,-0.6454969939268166,-0.6345713675344096,0.16796875,0.199462890625,0.229248046875,0.244873046875,0.255126953125,0.26220703125,-0.224365234375,-0.32770775475325786,-0.05954161198767052,-0.4651631214331492,0.8201544236579486,1.09033203125,-0.095703125,0.402587890625,-0.090576171875,0.052978515625,0.021484375,-0.2847900390625,0.2728271484375,1.013671875,0.9982909634693442,-0.8878444776757103,0.1598559526352733,-0.4314706869716483,-0.013641773735770746,-0.02694784386730552,-0.0640888698995941,0.8514969328897977,0.19104586931974243,0.9874263740958892,-2.875,-3.0,0.6875,-9.6796875,-8.96875,-5.171875,-8.75,0.4375,0.0,0,2,1595,1074,1993,1
3,217240,224,0.7518234809411908,0.5691396832178717,0.4588763084810938,0.4394360179448836,0.4693136387218848,0.5374004333628346,-0.4467909787285989,-0.5596789452803125,-0.674336985381634,-0.6246833704641865,-0.6140934476760155,-0.6009094515823847,-0.4849085970641194,-0.6023743400372326,-0.5785393841364788,-0.6454969939268166,-0.6345713675344096,-0.5916928617206335,0.165771484375,0.208984375,0.23876953125,0.255126953125,0.26220703125,0.2724609375,-0.333984375,-0.28861354411450546,-0.09820856349375896,-0.49818414868617816,0.8117007965330973,1.078369140625,-0.167724609375,0.44873046875,-0.101318359375,0.1124267578125,0.0281982421875,-0.4073486328125,0.2723388671875,0.98779296875,0.9983520004882962,-0.8358714560380871,0.15833002716147343,-0.5255592516861477,-0.007751701406903287,-0.02542191839350566,-0.0629902035584582,0.8335825678273873,-0.511429181798761,0.9977111117893002,-3.3125,-3.375,0.5,-9.94140625,-8.23046875,-5.48046875,-9.375,0.3125,0.0,0,2,1244,1083,1998,1
3,217291,225,0.7200231940672017,0.5489059114352856,0.4112369151890622,0.4693136387218848,0.5374004333628346,0.5731376079592273,-0.5064851832636494,-0.6000854518265328,-0.6660359508041628,-0.6140934476760155,-0.6009094515823847,-0.5877559739982299,-0.47437971129490036,-0.5818964201788385,-0.6223029267250587,-0.6345713675344096,-0.5916928617206335,-0.5710013122959074,0.172119140625,0.21435546875,0.244873046875,0.26220703125,0.2724609375,0.2783203125,-0.191650390625,-0.25104525894955293,-0.12991729483932005,-0.5299539170506913,0.7995239112521745,1.069580078125,-0.0029296875,0.290771484375,-0.095703125,0.10498046875,0.0452880859375,-0.4085693359375,0.272705078125,0.9462890625,0.9984740745262002,-0.7873165074617756,0.17056794946134832,-0.5924558244575335,-6.103701895199438e-05,-0.025391399884029664,-0.05972472304452651,0.8102969450972014,-0.5458235419782098,0.9836115604113895,-3.9375,-3.8125,0.3125,-10.421875,-6.921875,-6.0703125,-9.9375,0.1875,0.0,0,2,1227,1094,1991,1
3,217331,226,0.6688436536759544,0.5100558488723411,0.4394360179448836,0.5374004333628346,0.5731376079592273,0.6024048585467086,-0.5561082796716208,-0.6148564104129154,-0.6246833704641865,-0.6009094515823847,-0.5877559739982299,-0.5899533066805017,-0.49333170567949464,-0.6014893032624287,-0.6454969939268166,-0.5916928617206335,-0.5710013122959074,-0.5376445814386426,0.177734375,0.219970703125,0.255126953125,0.2724609375,0.2783203125,0.287353515625,-0.296875,-0.2262642292550432,-0.14935758537553026,-0.5427411725211341,0.7949461348307749,1.06298828125,-0.139404296875,0.12060546875,-0.090087890625,0.1051025390625,0.035400390625,-0.4130859375,0.2730712890625,0.9173583984375,0.9985656300546282,-0.7583544419690542,0.17090365306558428,-0.6290475173192541,0.0018005920590838343,-0.025482955412457656,-0.05798516800439467,0.8328806421094394,-0.43391216772972807,0.9983214819788202,-4.375,-4.0625,0.125,-10.62890625,-6.08984375,-6.390625,-10.5625,0.125,0.0,0,2,1283,1083,1999,1
3,217383,227,0.5781731620227668,0.48924222540971096,0.4693136387218848,0.5731376079592273,0.6024048585467086,0.6269112216559343,-0.6062807092501602,-0.6448866237372967,-0.6140934476760155,-0.5877559739982299,-0.5899533066805017,-0.5739310892056032,-0.5460066530350658,-0.58714560380871,-0.6345713675344096,-0.5710013122959074,-0.5376445814386426,-0.5268715475936155,0.1767578125,0.229248046875,0.26220703125,0.2783203125,0.287353515625,0.296875,-0.304443359375,-0.20581682790612507,-0.15204321420941802,-0.5609302041688284,0.7873165074617756,1.055908203125,-0.140380859375,0.0400390625,-0.115478515625,0.0885009765625,0.03173828125,-0.2938232421875,0.2734375,0.8973388671875,0.9985656300546282,-0.7487411114841152,0.17651905880916777,-0.6389049958800013,0.008850367748039186,-0.026978362376781518,-0.05389568773461104,0.7855464339121677,-0.7546617023224585,0.9962767418439283,-4.75,-4.3125,-0.0625,-10.76953125,-5.46875,-6.51953125,-11.125,0.0625,0.0,0,2,1122,1107,1998,1
3,217433,228,0.5158543656727805,0.4588763084810938,0.5374004333628346,0.6024048585467086,0.6269112216559343,0.6093630787072359,-0.6056398205511643,-0.674336985381634,-0.6009094515823847,-0.5899533066805017,-0.5739310892056032,-0.5619373149815363,-0.6059144871364482,-0.5785393841364788,-0.5916928617206335,-0.5376445814386426,-0.5268715475936155,-0.5593737601855525,0.177734375,0.23876953125,0.2724609375,0.287353515625,0.296875,0.300048828125,-0.107177734375,-0.19290749839777827,-0.14471877193517868,-0.5806146427808466,0.7776421399578844,1.059326171875,-0.194091796875,0.040771484375,-0.0810546875,0.1036376953125,0.012939453125,-0.2176513671875,0.27587890625,0.8880615234375,0.9984740745262002,-0.760612811670278,0.19577623828852198,-0.618976409192175,0.003814813684499649,-0.02511673329874569,-0.054506057924130984,0.739036225470748,-0.6559038056581317,0.8232673116245003,-5.5,-4.625,-0.3125,-11.1796875,-4.6484375,-6.55859375,-11.75,0.0,0.0,0,2,1172,1130,1911,1
3,217483,229,0.5233008819849239,0.4112369151890622,0.5731376079592273,0.6269112216559343,0.6093630787072359,0.6247749259926145,-0.5709707937864315,-0.6660359508041628,-0.5877559739982299,-0.5739310892056032,-0.5619373149815363,-0.5330668050172429,-0.6325571459089938,-0.6223029267250587,-0.5710013122959074,-0.5268715475936155,-0.5593737601855525,-0.5705435346537675,0.1865234375,0.244873046875,0.2783203125,0.296875,0.300048828125,0.30908203125,-0.2900390625,-0.1791131321146275,-0.141392254402295,-0.6065248573259682,0.7616199224829859,1.063720703125,-0.2236328125,0.1669921875,-0.095703125,0.1014404296875,0.0123291015625,-0.18603515625,0.27783203125,0.890380859375,0.9983520004882962,-0.7595751823480941,0.21906186101870784,-0.6124454481643117,0.009033478804895169,-0.02456740012817774,-0.05130161442915128,0.7973265785699026,-0.7399822992645039,0.9969786675618763,-5.9375,-4.8125,-0.5625,-11.44140625,-4.26953125,-6.48828125,-12.3125,0.0,0.0,0,2,1130,1101,1998,1
3,217534,230,0.5486007263405255,0.4394360179448836,0.6024048585467086,0.6093630787072359,0.6247749259926145,0.6355479598376416,-0.5251625110629596,-0.6246833704641865,-0.5899533066805017,-0.5619373149815363,-0.5330668050172429,-0.4903103732413709,-0.6505630664998322,-0.6454969939268166,-0.5376445814386426,-0.5593737601855525,-0.5705435346537675,-0.5963621936704612,0.194580078125,0.255126953125,0.287353515625,0.300048828125,0.30908203125,0.31103515625,-0.063232421875,-0.15582750938444168,-0.1465804010132145,-0.6457716605121006,0.7329630420850246,1.06884765625,-0.347412109375,0.304443359375,-0.128173828125,0.0948486328125,0.0037841796875,-0.194091796875,0.280517578125,0.889892578125,0.9980773339030122,-0.7482833338419752,0.26242866298409984,-0.609271523178808,0.005676442762535478,-0.019043549913022248,-0.0510879848628193,0.804773094882046,0.40479750968962674,0.8774071474349193,-6.6875,-5.0625,-0.8125,-11.96875,-3.3515625,-6.2109375,-12.9375,0.0,0.0,0,2,1702,1097,1938,1
3,217585,231,0.5385601367229225,0.4693136387218848,0.6269112216559343,0.6247749259926145,0.6355479598376416,0.6914273506881924,-0.5395367290261543,-0.6140934476760155,-0.5739310892056032,-0.5330668050172429,-0.4903103732413709,-0.4216437269203772,-0.6471755119479965,-0.6345713675344096,-0.5268715475936155,-0.5705435346537675,-0.5963621936704612,-0.586626789147618,0.199462890625,0.26220703125,0.296875,0.30908203125,0.31103515625,0.317626953125,-0.217041015625,-0.12308114871669668,-0.15939817499313333,-0.6933805352946563,0.6918546098208563,1.067626953125,-0.401123046875,0.276611328125,-0.100830078125,0.1029052734375,0.0218505859375,-0.2264404296875,0.28173828125,0.8837890625,0.9978942228461561,-0.7156895657216101,0.31266212958159123,-0.6245307779168066,0.007660145878475295,-0.013092440565202796,-0.05056917020172735,0.7958311716055788,-0.6179998168889431,0.9922482985930967,-7.1875,-5.1875,-1.0,-12.2109375,-2.7109375,-6.01953125,-13.5625,0.0,0.0,0,2,1190,1102,1996,1
3,217636,232,0.5691396832178717,0.5374004333628346,0.6093630787072359,0.6355479598376416,0.6914273506881924,0.73894466994232,-0.5596789452803125,-0.6009094515823847,-0.5619373149815363,-0.4903103732413709,-0.4216437269203772,-0.3783379619739372,-0.6023743400372326,-0.5916928617206335,-0.5593737601855525,-0.5963621936704612,-0.586626789147618,-0.5575121311075167,0.208984375,0.2724609375,0.300048828125,0.31103515625,0.317626953125,0.3154296875,0.069580078125,-0.08023316141239661,-0.184636982329783,-0.7308572649311808,0.652150028992584,1.0703125,-0.118896484375,0.390869140625,-0.01806640625,0.1102294921875,0.037353515625,-0.2689208984375,0.2840576171875,0.8707275390625,0.9975585192419202,-0.674275948362682,0.3569444868312632,-0.6465041047395246,0.010681478316599017,-0.009033478804895169,-0.047639393292031616,0.7658619953001495,0.11804559465315714,0.8012329477828303,-8.0,-5.3125,-1.3125,-12.6484375,-1.41015625,-5.62109375,-14.125,-0.0625,0.0,0,2,1559,1117,1900,1
3,217686,233,0.5489059114352856,0.5731376079592273,0.6247749259926145,0.6914273506881924,0.73894466994232,0.8066957609790338,-0.6000854518265328,-0.5877559739982299,-0.5330668050172429,-0.4216437269203772,-0.3783379619739372,-0.3651539658803064,-0.5818964201788385,-0.5710013122959074,-0.5705435346537675,-0.586626789147618,-0.5575121311075167,-0.46461378826258126,0.21435546875,0.2783203125,0.30908203125,0.317626953125,0.3154296875,0.318603515625,-0.10205078125,-0.031708731345561084,-0.22263252662739952,-0.7505111850337229,0.6214178899502548,1.0634765625,-0.205078125,0.508544921875,-0.05908203125,0.1129150390625,0.0333251953125,-0.3343505859375,0.2843017578125,0.8519287109375,0.9973143711661122,-0.6047547837763604,0.3847773674733726,-0.6972869045075839,0.014801477095858639,-0.0068971831415753655,-0.045991393780327766,0.336527603991821,-0.8160954618976409,0.9906918546098209,-8.5,-5.3125,-1.5,-12.78125,-0.46875,-5.25,-14.75,-0.125,0.0,0,2,1091,1331,1995,1
3,217739,234,0.5100558488723411,0.6024048585467086,0.6355479598376416,0.73894466994232,0.8066957609790338,0.8526871547593615,-0.6148564104129154,-0.5899533066805017,-0.4903103732413709,-0.3783379619739372,-0.3651539658803064,-0.358165227210303,-0.6014893032624287,-0.5376445814386426,-0.5963621936704612,-0.5575121311075167,-0.46461378826258126,-0.38029114658040103,0.219970703125,0.287353515625,0.31103515625,0.3154296875,0.318603515625,0.311279296875,0.239990234375,0.020172734763634143,-0.2588274788659322,-0.7668080690939054,0.587023529770806,1.056396484375,-0.05810546875,0.529296875,-0.04833984375,0.1142578125,0.0469970703125,-0.381103515625,0.2850341796875,0.818603515625,0.9968565935239723,-0.5444196905423139,0.4119083223975341,-0.7307046723838008,0.01913510544145024,-0.005340739158299509,-0.043427838984344005,0.2618488113040559,-0.4177068391979736,0.1892452772606586,-9.3125,-5.3125,-1.6875,-12.91015625,1.1796875,-4.53125,-15.3125,-0.1875,0.0,0,2,1291,1369,1594,1
3,217787,235,0.48924222540971096,0.6269112216559343,0.6914273506881924,0.8066957609790338,0.8526871547593615,0.8990447706534013,-0.6448866237372967,-0.5739310892056032,-0.4216437269203772,-0.3651539658803064,-0.358165227210303,-0.3567613757744072,-0.58714560380871,-0.5268715475936155,-0.586626789147618,-0.46461378826258126,-0.38029114658040103,-0.25388348033082064,0.229248046875,0.296875,0.317626953125,0.318603515625,0.311279296875,0.310546875,0.021240234375,0.07428205206457716,-0.2923062837611011,-0.772423474837489,0.5589159825434126,1.041748046875,-0.186279296875,0.29443359375,-0.088623046875,0.1070556640625,0.04736328125,-0.4241943359375,0.283935546875,0.791015625,0.9965514084292123,-0.4717551194799646,0.42130802331614126,-0.7745597705008087,0.023712881862849818,-0.004272591326639607,-0.04174932096316416,-0.3294778283028657,-0.8360240485854671,0.9796136356700339,-9.8125,-5.25,-1.8125,-12.78125,2.140625,-3.94140625,-15.9375,-0.25,0.0,0,2,1081,1664,1989,1
3,217838,236,0.4588763084810938,0.6093630787072359,0.73894466994232,0.8526871547593615,0.8990447706534013,0.9172338023010956,-0.674336985381634,-0.5619373149815363,-0.3783379619739372,-0.358165227210303,-0.3567613757744072,-0.33646656697286903,-0.5785393841364788,-0.5593737601855525,-0.5575121311075167,-0.38029114658040103,-0.25388348033082064,-0.21317178868984038,0.23876953125,0.300048828125,0.3154296875,0.311279296875,0.310546875,0.29833984375,0.396484375,0.10242011780144658,-0.30207220679342023,-0.793755912961211,0.5179296243171484,1.0302734375,-0.308349609375,0.062255859375,-0.151611328125,0.0709228515625,0.0416259765625,-0.3583984375,0.2835693359375,0.7490234375,0.9960631122775964,-0.4698019348735008,0.45771660512100587,-0.7548448133793145,0.02661214026306955,-0.001434369945371868,-0.04144413586840419,-0.5471358378856777,-0.18662068544572283,0.010559404278695029,-10.6875,-5.0625,-2.0,-12.53125,3.71875,-2.921875,-16.5,-0.375,0.0,0,2,1406,1773,1505,1
3,217879,237,0.4112369151890622,0.6247749259926145,0.8066957609790338,0.8990447706534013,0.9172338023010956,0.9268471327860347,-0.6660359508041628,-0.5330668050172429,-0.3651539658803064,-0.3567613757744072,-0.33646656697286903,-0.3053376873073519,-0.6223029267250587,-0.5705435346537675,-0.46461378826258126,-0.25388348033082064,-0.21317178868984038,-0.2185430463576159,0.244873046875,0.30908203125,0.318603515625,0.310546875,0.29833984375,0.295166015625,0.10595703125,0.09949034089175085,-0.2891018402661214,-0.8228095339823603,0.4791100802636799,1.02978515625,-0.51953125,-0.116455078125,-0.185546875,0.0902099609375,0.0255126953125,-0.2740478515625,0.2840576171875,0.744384765625,0.9957274086733604,-0.5164342173528245,0.49821466719565416,-0.6964629047517319,0.026367992187261574,0.0031128879665517136,-0.04354991302224799,-0.4503616443372906,-0.7401959288308358,0.8554033021027253,-11.1875,-4.875,-2.0625,-12.4609375,4.3515625,-2.25,-17.125,-0.5,0.0,0,2,1129,1725,1927,1
3,217930,238,0.4394360179448836,0.6355479598376416,0.8526871547593615,0.9172338023010956,0.9268471327860347,0.9228186895352031,-0.6246833704641865,-0.4903103732413709,-0.358165227210303,-0.33646656697286903,-0.3053376873073519,-0.239051484725486,-0.6454969939268166,-0.5963621936704612,-0.38029114658040103,-0.21317178868984038,-0.2185430463576159,-0.30207220679342023,0.255126953125,0.31103515625,0.311279296875,0.29833984375,0.295166015625,0.288330078125,0.21875,0.06256294442579424,-0.25598925748466445,-0.8713644825586718,0.41383098849452193,1.063720703125,-0.548095703125,-0.28271484375,-0.171142578125,0.072998046875,0.0126953125,-0.060546875,0.2886962890625,0.7706298828125,0.9953611865596484,-0.6163212988677633,0.5608996856593524,-0.5527817621387372,0.025818659016693626,0.01022370067445906,-0.04434339426862392,-0.369640186773278,0.21707815790276802,0.9591662343211158,-11.75,-4.6875,-2.125,-12.78125,5.03125,-1.62109375,-17.6875,-0.625,0.0,0,2,1608,1684,1979,1
3,217980,239,0.4693136387218848,0.6914273506881924,0.8990447706534013,0.9268471327860347,0.9228186895352031,0.8906826990569781,-0.6140934476760155,-0.4216437269203772,-0.3567613757744072,-0.3053376873073519,-0.239051484725486,-0.16595965453047273,-0.6345713675344096,-0.586626789147618,-0.25388348033082064,-0.2185430463576159,-0.30207220679342023,-0.4232612079226051,0.26220703125,0.317626953125,0.310546875,0.295166015625,0.288330078125,0.272216796875,0.525634765625,0.008056886501663259,-0.2150639362773522,-0.9140293588061159,0.34382152775658437,1.11376953125,-0.714599609375,-0.36572265625,-0.171875,0.0565185546875,-0.02587890625,0.1304931640625,0.295654296875,0.8492431640625,0.9948118533890805,-0.7267372661519211,0.5860164189580981,-0.358348338267159,0.018433179723502304,0.02197332682271798,-0.05047761467329936,0.5649891659291361,0.7253334147160253,-0.9590136417737358,-12.5625,-4.375,-2.1875,-13.46875,5.1484375,-1.2890625,-18.25,-0.75,0.0,0,2,1862,1217,1020,1
3,218031,240,0.5374004333628346,0.73894466994232,0.9172338023010956,0.9228186895352031,0.8906826990569781,0.8405713064973906,-0.6009094515823847,-0.3783379619739372,-0.33646656697286903,-0.239051484725486,-0.16595965453047273,-0.10196234015930662,-0.5916928617206335,-0.5575121311075167,-0.21317178868984038,-0.30207220679342023,-0.4232612079226051,-0.532029175695059,0.2724609375,0.3154296875,0.29833984375,0.288330078125,0.272216796875,0.26318359375,0.293701171875,-0.052369762260811185,-0.17850276192510758,-0.9435407574694052,0.27405621509445477,1.1669921875,-0.098876953125,-0.265625,-0.04541015625,0.09716796875,-0.019287109375,0.250732421875,0.3035888671875,0.9141845703125,0.9945066682943206,-0.7974791711172826,0.5822931608020264,-0.15802484206671347,0.015076143681142613,0.029602954191717278,-0.050935392315439317,0.6714987640003662,-0.7233802301095614,0.39188818018127997,-13.25,-4.125,-2.3125,-14.1015625,5.328125,-1.71875,-18.8125,-0.9375,0.0,0,2,1138,1164,1695,1
3,218095,241,0.5731376079592273,0.8066957609790338,0.9268471327860347,0.8906826990569781,0.8405713064973906,0.7910702841273233,-0.5877559739982299,-0.3651539658803064,-0.3053376873073519,-0.16595965453047273,-0.10196234015930662,-0.21362956633198035,-0.5710013122959074,-0.46461378826258126,-0.2185430463576159,-0.4232612079226051,-0.532029175695059,-0.5732291634876553,0.2783203125,0.318603515625,0.295166015625,0.272216796875,0.26318359375,0.2470703125,0.526611328125,-0.0642414624469741,-0.18320261238441116,-0.9351481673635059,0.29636524552140875,1.22216796875,0.3408203125,0.337646484375,0.174072265625,0.0125732421875,-0.0299072265625,0.3477783203125,0.3133544921875,0.99072265625,0.9942320017090366,-0.815393536179693,0.5623950926236763,-0.1372417371135594,0.007904293954283274,0.028626361888485368,-0.06115909298989838,0.6513870662556841,-0.7742851039155247,-0.9649342326120792,-14.125,-3.75,-2.5625,-14.7109375,5.2109375,-2.98046875,-19.4375,-1.125,0.0,0,2,1112,1174,1017,1
3,218132,242,0.6024048585467086,0.8526871547593615,0.9228186895352031,0.8405713064973906,0.7910702841273233,0.7962279122287668,-0.5899533066805017,-0.358165227210303,-0.239051484725486,-0.10196234015930662,-0.21362956633198035,-0.3511154515213477,-0.5376445814386426,-0.38029114658040103,-0.30207220679342023,-0.532029175695059,-0.5732291634876553,-0.49269081698049866,0.287353515625,0.311279296875,0.288330078125,0.26318359375,0.2470703125,0.24072265625,0.20263671875,-0.024079103976561784,-0.21897030549027985,-0.9254737998596149,0.30820642719809566,1.252685546875,-0.06884765625,0.580078125,0.17822265625,0.0413818359375,-0.0067138671875,0.110107421875,0.3197021484375,1.028076171875,0.9940183721427045,-0.7891170995208594,0.5729239783928953,-0.22141178624835964,0.0163274025696585,0.019867549668874173,-0.065218054750206,0.6071657460249641,-0.7271034882656331,0.5137485885189368,-14.8125,-3.5,-2.8125,-14.98046875,5.2890625,-3.578125,-20.0,-1.3125,0.0,0,2,1136,1196,1756,1
3,218183,243,0.6269112216559343,0.8990447706534013,0.8906826990569781,0.7910702841273233,0.7962279122287668,0.782372508926664,-0.5739310892056032,-0.3567613757744072,-0.16595965453047273,-0.21362956633198035,-0.3511154515213477,-0.45713675344096194,-0.5268715475936155,-0.25388348033082064,-0.4232612079226051,-0.5732291634876553,-0.49269081698049866,-0.4229865413373211,0.296875,0.310546875,0.272216796875,0.2470703125,0.24072265625,0.228759765625,0.38720703125,0.03610339671010468,-0.26273384807885986,-0.9282509842219306,0.260841700491348,1.284423828125,-0.37548828125,0.516357421875,0.087158203125,0.01806640625,0.035400390625,-0.13134765625,0.3270263671875,1.0540771484375,0.9933469649342326,-0.7450788903469955,0.6005127109591968,-0.2902615436262093,0.0195928830835902,0.02154606769005402,-0.07092501602221747,0.6479079561754204,-0.6700949125644704,-0.9505600146488845,-15.75,-3.125,-3.1875,-15.19140625,6.19921875,-3.109375,-20.5625,-1.5625,0.0,0,2,1164,1176,1024,1
3,218233,244,0.6093630787072359,0.9172338023010956,0.8405713064973906,0.7962279122287668,0.782372508926664,0.7867366557817316,-0.5619373149815363,-0.33646656697286903,-0.10196234015930662,-0.3511154515213477,-0.45713675344096194,-0.5048982207708975,-0.5593737601855525,-0.21317178868984038,-0.532029175695059,-0.49269081698049866,-0.4229865413373211,-0.35511337626270334,0.300048828125,0.29833984375,0.26318359375,0.24072265625,0.228759765625,0.227783203125,0.034912109375,0.08984649189733573,-0.293343913083285,-0.9338663899655141,0.18384350108340708,1.2861328125,-0.390869140625,0.490966796875,0.027587890625,0.0482177734375,0.052978515625,-0.2391357421875,0.32861328125,1.050048828125,0.9927671132541886,-0.7003082369457075,0.6374095889156773,-0.32135990478225046,0.034089175084688866,0.020691549424726098,-0.06683553575243385,0.4198431348612934,-0.6884060182500686,0.7665028839991455,-16.3125,-2.8125,-3.375,-15.05859375,6.9296875,-2.171875,-21.0625,-1.8125,0.0,0,2,1155,1290,1883,1
3,218285,245,0.6247749259926145,0.9268471327860347,0.7910702841273233,0.782372508926664,0.7867366557817316,0.7598193304239022,-0.5330668050172429,-0.3053376873073519,-0.21362956633198035,-0.45713675344096194,-0.5048982207708975,-0.5593127231666005,-0.5705435346537675,-0.2185430463576159,-0.5732291634876553,-0.4229865413373211,-0.35511337626270334,-0.3314310129093295,0.30908203125,0.295166015625,0.2470703125,0.228759765625,0.227783203125,0.219970703125,0.25439453125,0.13837092196417128,-0.3100985747856075,-0.934385204626606,0.10785241248817408,1.27978515625,-0.263427734375,0.462158203125,-0.05126953125,0.0184326171875,0.041015625,-0.264404296875,0.32861328125,1.037353515625,0.9920651875362407,-0.6770531327249977,0.6534928434095278,-0.33841975157933285,0.040131839960936305,0.026459547715689567,-0.07119968260750145,0.6012146366771447,-0.7413556321909238,-0.9523606067079684,-17.125,-2.4375,-3.5,-14.7109375,7.76171875,-0.46875,-21.625,-2.0625,0.0,0,2,1129,1199,1023,1
3,218336,246,0.6355479598376416,0.9228186895352031,0.7962279122287668,0.7867366557817316,0.7598193304239022,0.7520371105075229,-0.4903103732413709,-0.239051484725486,-0.3511154515213477,-0.5048982207708975,-0.5593127231666005,-0.5824457533494064,-0.5963621936704612,-0.30207220679342023,-0.49269081698049866,-0.35511337626270334,-0.3314310129093295,-0.3085421308023316,0.31103515625,0.288330078125,0.24072265625,0.227783203125,0.219970703125,0.22119140625,-0.03955078125,0.1762749107333598,-0.314981536301767,-0.9321878719443343,0.027314065981017488,1.2705078125,-0.51611328125,0.314453125,-0.09130859375,0.070556640625,0.0478515625,-0.339111328125,0.3272705078125,1.02490234375,0.9917905209509568,-0.662923062837611,0.6689657277138584,-0.33622241889706106,0.05301065095980712,0.02346873378704184,-0.06503494369335001,0.1358989226966155,-0.3067415387432478,0.9260536515396588,-17.625,-2.125,-3.5625,-14.390625,8.0703125,0.7890625,-22.1875,-2.3125,0.0,0,2,1346,1432,1963,1
3,218386,247,0.6914273506881924,0.8906826990569781,0.782372508926664,0.7598193304239022,0.7520371105075229,0.7204504531998657,-0.4216437269203772,-0.16595965453047273,-0.45713675344096194,-0.5593127231666005,-0.5824457533494064,-0.6011535996581927,-0.586626789147618,-0.4232612079226051,-0.4229865413373211,-0.3314310129093295,-0.3085421308023316,-0.3458052308725242,0.317626953125,0.272216796875,0.228759765625,0.219970703125,0.22119140625,0.216796875,0.139892578125,0.19711905270546587,-0.3101596118045595,-0.9281289101840267,-0.05954161198767052,1.265869140625,-0.439208984375,0.27587890625,-0.154541015625,0.013427734375,0.0404052734375,-0.2557373046875,0.3260498046875,1.00830078125,0.9919125949888608,-0.6761070589312418,0.6701864680928984,-0.30619220557267984,0.058778649250770594,0.03057954649494919,-0.07046723838007751,0.6686300241096225,-0.6067384868923001,-0.8934598834192938,-18.3125,-1.6875,-3.4375,-13.9296875,8.30859375,2.78125,-22.6875,-2.625,0.0,0,2,1196,1165,1053,1
3,218436,248,0.73894466994232,0.8405713064973906,0.7867366557817316,0.7520371105075229,0.7204504531998657,0.7117831965086825,-0.3783379619739372,-0.10196234015930662,-0.5048982207708975,-0.5824457533494064,-0.6011535996581927,-0.5972777489547411,-0.5575121311075167,-0.532029175695059,-0.35511337626270334,-0.3085421308023316,-0.3458052308725242,-0.369670705282754,0.3154296875,0.26318359375,0.227783203125,0.22119140625,0.216796875,0.2216796875,-0.159912109375,0.21146275215918456,-0.2981658375804926,-0.9201025421918394,-0.14069032868434705,1.26416015625,-0.3359375,0.271484375,-0.12939453125,0.076904296875,0.0411376953125,-0.232421875,0.324951171875,1.0018310546875,0.9921567430646687,-0.6940214239936522,0.6651509140293588,-0.27549058503982665,0.06701864680928983,0.023316141239661855,-0.06360057374797815,0.5531479842524492,-0.6643574327829829,0.9551072725608082,-18.75,-1.4375,-3.3125,-13.6796875,8.23828125,3.87890625,-23.1875,-2.9375,0.0,0,2,1167,1223,1977,1
3,218487,249,0.8066957609790338,0.7910702841273233,0.7598193304239022,0.7204504531998657,0.7117831965086825,0.684347056489761,-0.3651539658803064,-0.21362956633198035,-0.5593127231666005,-0.6011535996581927,-0.5972777489547411,-0.6152836695455794,-0.46461378826258126,-0.5732291634876553,-0.3314310129093295,-0.3458052308725242,-0.369670705282754,-0.391247291482284,0.318603515625,0.2470703125,0.219970703125,0.216796875,0.2216796875,0.223388671875,-0.050537109375,0.23084200567644275,-0.28305917538987396,-0.9072542497024445,-0.20856349375896482,1.279296875,-0.359130859375,0.374755859375,-0.12548828125,0.01220703125,0.0040283203125,-0.1885986328125,0.325439453125,1.003173828125,0.9927671132541886,-0.7094332712790308,0.6498916592913602,-0.27268288216803493,0.07232886745811334,0.02261421552171392,-0.06851405377361369,0.6990874965666677,-0.5778984954374828,0.3643299661244545,-19.3125,-1.0625,-3.0625,-13.5,8.078125,5.390625,-23.6875,-3.25,0.0,0,2,1211,1150,1682,1
3,218558,250,0.8526871547593615,0.7962279122287668,0.7520371105075229,0.7117831965086825,0.684347056489761,0.6855067598498489,-0.358165227210303,-0.3511154515213477,-0.5824457533494064,-0.5972777489547411,-0.6152836695455794,-0.6004821924497208,-0.38029114658040103,-0.49269081698049866,-0.3085421308023316,-0.369670705282754,-0.391247291482284,-0.41166417432172614,0.311279296875,0.24072265625,0.22119140625,0.2216796875,0.223388671875,0.22802734375,-0.15673828125,0.2685628833887753,-0.2662739951780755,-0.870265816217536,-0.315591906491287,1.286865234375,-0.39501953125,0.328369140625,-0.0556640625,0.0712890625,0.015625,-0.308349609375,0.32421875,0.998046875,0.9936521500289925,-0.7026276436658834,0.6568498794518876,-0.2736594744712668,0.0794396801660207,0.010010071108127079,-0.058626056703390605,0.6791894283883175,-0.7514572588274788,0.84743797112949,-19.75,-0.75,-2.75,-13.26171875,7.51171875,6.8984375,-24.1875,-3.5625,0.0,0,2,1124,1160,1923,1
3,218588,251,0.8990447706534013,0.782372508926664,0.7204504531998657,0.684347056489761,0.6855067598498489,0.6515091402935881,-0.3567613757744072,-0.45713675344096194,-0.6011535996581927,-0.6152836695455794,-0.6004821924497208,-0.6286812952055422,-0.25388348033082064,-0.4229865413373211,-0.3458052308725242,-0.391247291482284,-0.41166417432172614,-0.4246040223395489,0.310546875,0.228759765625,0.216796875,0.223388671875,0.22802734375,0.238525390625,-0.335205078125,0.28748435926389354,-0.26017029328287605,-0.8493911557359538,-0.35801263466292305,1.308349609375,-0.3271484375,0.3916015625,-0.016357421875,0.0689697265625,0.010986328125,-0.364501953125,0.3255615234375,1.0020751953125,0.9944151127658926,-0.6931058687093722,0.663014618366039,-0.282815027314066,0.07913449507126072,3.051850947599719e-05,-0.05966368602557451,0.7661976989043855,-0.8249153111362041,0.9899594103823969,-20.125,-0.5,-2.4375,-13.2109375,7.05078125,8.0703125,-24.6875,-3.9375,0.0,0,2,1087,1116,1994,1
3,218629,252,0.9172338023010956,0.7867366557817316,0.7117831965086825,0.6855067598498489,0.6515091402935881,0.5964232306894132,-0.33646656697286903,-0.5048982207708975,-0.5972777489547411,-0.6004821924497208,-0.6286812952055422,-0.640980254524369,-0.21317178868984038,-0.35511337626270334,-0.369670705282754,-0.41166417432172614,-0.4246040223395489,-0.4831690420239875,0.29833984375,0.227783203125,0.2216796875,0.22802734375,0.238525390625,0.24609375,-0.25048828125,0.315256202887051,-0.25464644306772055,-0.8186590166936247,-0.40693380535294654,1.34765625,-0.38427734375,0.319580078125,0.023193359375,0.080810546875,0.008056640625,-0.408447265625,0.32958984375,1.0299072265625,0.9948423718985565,-0.6705526902066103,0.6768395031586657,-0.3037202063051241,0.06814783165990174,-0.015808587908566547,-0.061708426160466325,0.7480391857661671,-0.7172154911954101,0.8486892300180059,-20.8125,-0.125,-2.125,-13.4296875,6.48828125,9.19140625,-25.1875,-4.3125,0.0,0,2,1141,1125,1924,1
3,218679,253,0.9268471327860347,0.7598193304239022,0.684347056489761,0.6515091402935881,0.5964232306894132,0.5384075441755425,-0.3053376873073519,-0.5593127231666005,-0.6152836695455794,-0.6286812952055422,-0.640980254524369,-0.6280404065065462,-0.2185430463576159,-0.3314310129093295,-0.391247291482284,-0.4246040223395489,-0.4831690420239875,-0.5618457594531083,0.295166015625,0.219970703125,0.223388671875,0.238525390625,0.24609375,0.257568359375,-0.369873046875,0.3412579729606006,-0.25812555314798424,-0.7771843623157445,-0.46137882625812554,1.39013671875,-0.384033203125,0.2021484375,0.015380859375,0.0908203125,0.020263671875,-0.4517822265625,0.333984375,1.0526123046875,0.9923398541215247,-0.6347544785912655,0.7111728263191626,-0.3022553178502762,0.05639820551164281,-0.018219550157170323,-0.07043671987060152,0.7900936918240913,-0.8340403454695273,0.9914853358561968,-21.4375,0.25,-1.75,-13.62109375,5.859375,10.328125,-25.625,-4.6875,0.0,0,2,1082,1104,1995,1
3,218730,254,0.9228186895352031,0.7520371105075229,0.6855067598498489,0.5964232306894132,0.5384075441755425,0.46552934354686115,-0.239051484725486,-0.5824457533494064,-0.6004821924497208,-0.640980254524369,-0.6280404065065462,-0.5774101992858669,-0.30207220679342023,-0.3085421308023316,-0.41166417432172614,-0.4831690420239875,-0.5618457594531083,-0.6707358012634663,0.288330078125,0.22119140625,0.22802734375,0.24609375,0.257568359375,0.270751953125,-0.43310546875,0.3484908597064119,-0.26911221655934325,-0.7369914853358562,-0.5128025147251808,1.434326171875,-0.39501953125,0.107421875,0.01318359375,0.0836181640625,0.0191650390625,-0.359619140625,0.338623046875,1.072509765625,0.988555558946501,-0.6131168553727836,0.7447431867427595,-0.26355784783471176,0.03933835871456038,-0.02056947538682211,-0.0717795342875454,0.8217108676412244,-0.5390484328745384,0.9938657795953245,-22.125,0.625,-1.375,-13.80078125,5.3515625,11.33984375,-26.0625,-5.0625,0.0,0,2,1230,1089,1996,1
3,218783,255,0.8906826990569781,0.7204504531998657,0.6515091402935881,0.5384075441755425,0.46552934354686115,0.35172582171086764,-0.16595965453047273,-0.6011535996581927,-0.6286812952055422,-0.6280404065065462,-0.5774101992858669,-0.4806665242469558,-0.4232612079226051,-0.3458052308725242,-0.4246040223395489,-0.5618457594531083,-0.6707358012634663,-0.8032776879177221,0.272216796875,0.216796875,0.238525390625,0.257568359375,0.270751953125,0.285400390625,-0.4755859375,0.3429059724723045,-0.28321176793725394,-0.6947538682210761,-0.565294351023896,1.496826171875,-0.478271484375,0.2236328125,0.0185546875,0.0697021484375,-0.01611328125,-0.229736328125,0.344970703125,1.102294921875,0.9838862269966735,-0.6040528580584125,0.770958586382641,-0.20184942167424544,0.015533921323282572,-0.009521774956511124,-0.0781884212775048,0.836359752189703,-0.26349681081575976,0.9929197058015686,-23.125,1.0625,-0.75,-14.109375,5.03125,12.421875,-26.5625,-5.4375,0.0,0,2,1368,1081,1996,1
3,218830,256,0.8405713064973906,0.7117831965086825,0.5964232306894132,0.46552934354686115,0.35172582171086764,0.3177587206640828,-0.10196234015930662,-0.5972777489547411,-0.640980254524369,-0.5774101992858669,-0.4806665242469558,-0.3637806329538865,-0.532029175695059,-0.369670705282754,-0.4831690420239875,-0.6707358012634663,-0.8032776879177221,-0.8756065553758354,0.26318359375,0.2216796875,0.24609375,0.270751953125,0.285400390625,0.3056640625,-0.658203125,0.3512070070497757,-0.2898953215124973,-0.6393627735221412,-0.619525742362743,1.53662109375,-0.454345703125,0.307373046875,0.083984375,0.058837890625,0.009765625,-0.2662353515625,0.348876953125,1.12744140625,0.9813837092196417,-0.5804315317239906,0.8007141331217383,-0.14825891903439437,0.009643848994415113,-0.004577776421399579,-0.06976531266212958,0.8676717429120762,0.04431287575914793,0.9990844447157201,-23.75,1.375,-0.25,-14.390625,4.94921875,12.94140625,-26.9375,-5.875,0.0,0,2,1522,1066,1999,1
3,218881,257,0.7910702841273233,0.684347056489761,0.5384075441755425,0.35172582171086764,0.3177587206640828,0.30698568681905575,-0.21362956633198035,-0.6152836695455794,-0.6280404065065462,-0.4806665242469558,-0.3637806329538865,-0.24201178014465774,-0.5732291634876553,-0.391247291482284,-0.5618457594531083,-0.8032776879177221,-0.8756065553758354,-0.9204382457960754,0.2470703125,0.223388671875,0.257568359375,0.285400390625,0.3056640625,0.32958984375,-0.77197265625,0.38450270088808863,-0.2794579912717063,-0.5717032380138554,-0.6687520981475265,1.571533203125,-0.22509765625,0.553466796875,0.168701171875,0.069580078125,0.020263671875,-0.44091796875,0.3502197265625,1.1456298828125,0.9765617847224342,-0.532334360789819,0.8352610858485672,-0.13760795922727134,0.002990813928647725,0.005096591082491531,-0.06234931485946226,0.8619953001495407,-0.12158574175237281,0.9991149632251961,-24.75,1.8125,0.5,-14.609375,4.390625,13.58984375,-27.375,-6.3125,0.0,0,2,1439,1069,1999,1
3,218943,258,0.7962279122287668,0.6855067598498489,0.46552934354686115,0.3177587206640828,0.30698568681905575,0.36698507644886624,-0.3511154515213477,-0.6004821924497208,-0.5774101992858669,-0.3637806329538865,-0.24201178014465774,-0.17624439222388377,-0.49269081698049866,-0.41166417432172614,-0.6707358012634663,-0.8756065553758354,-0.9204382457960754,-0.91338847010712,0.24072265625,0.22802734375,0.270751953125,0.3056640625,0.32958984375,0.357666015625,-0.916259765625,0.45054475539414657,-0.24381237220374158,-0.5012359996337779,-0.6973784600360119,1.561279296875,-0.06201171875,0.519775390625,0.19921875,0.0946044921875,0.0491943359375,-0.6279296875,0.3427734375,1.129638671875,0.9704580828272347,-0.4404431287575915,0.8774376659443953,-0.18994720297860654,0.006347849971007416,0.005371257667775506,-0.05136265144810327,0.8676107058931242,-0.02362132633442183,0.9992980742820521,-25.6875,2.1875,1.3125,-14.4609375,3.23828125,13.87109375,-27.8125,-6.75,0.0,0,2,1488,1066,1999,1
3,218983,259,0.782372508926664,0.6515091402935881,0.35172582171086764,0.30698568681905575,0.36698507644886624,0.4083681752983184,-0.45713675344096194,-0.6286812952055422,-0.4806665242469558,-0.24201178014465774,-0.17624439222388377,-0.16672261726737267,-0.4229865413373211,-0.4246040223395489,-0.8032776879177221,-0.9204382457960754,-0.91338847010712,-0.8974578081606495,0.228759765625,0.238525390625,0.285400390625,0.32958984375,0.357666015625,0.383544921875,-0.838134765625,0.49049348429822687,-0.22147282326731163,-0.46339304788354135,-0.7040009765923032,1.5234375,-0.075927734375,0.404052734375,0.20263671875,0.090576171875,0.059326171875,-0.7071533203125,0.3321533203125,1.097412109375,0.966399121066927,-0.3747978148747215,0.9002960295419171,-0.22132023071993165,0.007599108859523301,0.005127109591967528,-0.045930356761375773,0.8601336710715048,-0.1826532792138432,0.9991454817346721,-26.25,2.375,1.8125,-14.12890625,2.1484375,13.7109375,-28.1875,-7.1875,0.0,0,2,1408,1069,1999,1
3,219034,260,0.7867366557817316,0.5964232306894132,0.3177587206640828,0.36698507644886624,0.4083681752983184,0.4360179448835719,-0.5048982207708975,-0.640980254524369,-0.3637806329538865,-0.17624439222388377,-0.16672261726737267,-0.16644795068208867,-0.35511337626270334,-0.4831690420239875,-0.8756065553758354,-0.91338847010712,-0.8974578081606495,-0.8844264046143986,0.227783203125,0.24609375,0.3056640625,0.357666015625,0.383544921875,0.408935546875,-0.827880859375,0.5275734733115635,-0.20487075411236916,-0.4302804651020844,-0.7032380138554033,1.46630859375,0.02880859375,0.22119140625,0.1552734375,0.071533203125,0.0621337890625,-0.6229248046875,0.3182373046875,1.0496826171875,0.9625232703634754,-0.304483169042024,0.9211096530045473,-0.24259163182470167,0.009521774956511124,0.002410962248603778,-0.03985717337565233,0.8596148564104129,-0.19333475753044221,0.9991149632251961,-26.8125,2.5625,2.375,-13.62890625,0.80859375,13.30078125,-28.5625,-7.6875,0.0,0,2,1403,1070,1999,1
3,219084,261,0.7598193304239022,0.5384075441755425,0.30698568681905575,0.4083681752983184,0.4360179448835719,0.4196295052949614,-0.5593127231666005,-0.6280404065065462,-0.24201178014465774,-0.16672261726737267,-0.16644795068208867,-0.14300973540452283,-0.3314310129093295,-0.5618457594531083,-0.9204382457960754,-0.8974578081606495,-0.8844264046143986,-0.8963591418195135,0.219970703125,0.257568359375,0.32958984375,0.383544921875,0.408935546875,0.435791015625,-0.870361328125,0.5503097628711814,-0.1967223120822779,-0.40476699118015075,-0.7032990508743553,1.3916015625,-0.062744140625,0.216796875,0.102294921875,0.059326171875,0.0594482421875,-0.488525390625,0.300048828125,0.981689453125,0.9572435682241279,-0.2569353312784204,0.9354228339487899,-0.24283577990050967,0.00717184972685934,0.003173924985503708,-0.03549302652058473,0.8708456678975799,0.05078279976805933,0.9993591113010041,-27.625,2.625,3.1875,-12.87890625,-0.62109375,12.69140625,-28.9375,-8.125,0.0,0,2,1525,1064,1999,1
3,219134,262,0.7520371105075229,0.46552934354686115,0.36698507644886624,0.4360179448835719,0.4196295052949614,0.4518265327921384,-0.5824457533494064,-0.5774101992858669,-0.17624439222388377,-0.16644795068208867,-0.14300973540452283,-0.11938840907010102,-0.3085421308023316,-0.6707358012634663,-0.91338847010712,-0.8844264046143986,-0.8963591418195135,-0.8840907010101626,0.22119140625,0.270751953125,0.357666015625,0.408935546875,0.435791015625,0.459716796875,-0.77978515625,0.5667592394787438,-0.18036439100314341,-0.3742790002136296,-0.7114474929044465,1.3544921875,-0.047119140625,0.376953125,0.020263671875,0.05029296875,0.0745849609375,-0.48486328125,0.290283203125,0.9425048828125,0.9535508285775323,-0.22797326578569901,0.9445478682821131,-0.23630481887264626,0.008453627124851223,0.002075258644367809,-0.03128147221289712,0.8706015198217719,0.0510879848628193,0.9993591113010041,-28.125,2.6875,3.6875,-12.44140625,-1.41015625,12.37890625,-29.25,-8.625,0.0,0,2,1525,1064,1999,1
3,219184,263,0.7204504531998657,0.35172582171086764,0.4083681752983184,0.4196295052949614,0.4518265327921384,0.5061494796594135,-0.6011535996581927,-0.4806665242469558,-0.16672261726737267,-0.14300973540452283,-0.11938840907010102,-0.097933896908475,-0.3458052308725242,-0.8032776879177221,-0.8974578081606495,-0.8963591418195135,-0.8840907010101626,-0.8568681905575731,0.216796875,0.285400390625,0.383544921875,0.435791015625,0.459716796875,0.4853515625,-0.83203125,0.5859859004486221,-0.14017151402325512,-0.3391827143162328,-0.7224646748252815,1.294677734375,0.033935546875,0.482177734375,0.006103515625,0.0638427734375,0.0523681640625,-0.551025390625,0.275634765625,0.8890380859375,0.9501327555162206,-0.20444349497970518,0.945432905056917,-0.25366985076448867,0.00891140476699118,0.002349925229651784,-0.027802362132633443,0.8752708517715995,0.15897091586046938,0.9994506668294321,-28.8125,2.625,4.5,-11.828125,-2.44921875,11.71875,-29.625,-9.125,0.0,0,2,1579,1062,1999,1
3,219235,264,0.7117831965086825,0.3177587206640828,0.4360179448835719,0.4518265327921384,0.5061494796594135,0.608539078951384,-0.5972777489547411,-0.3637806329538865,-0.16644795068208867,-0.11938840907010102,-0.097933896908475,-0.10052797021393475,-0.369670705282754,-0.8756065553758354,-0.8844264046143986,-0.8840907010101626,-0.8568681905575731,-0.7871333964049196,0.2216796875,0.3056640625,0.408935546875,0.459716796875,0.4853515625,0.5078125,-0.72802734375,0.60887478255562,-0.08108767967772454,-0.2989288003173925,-0.7302774132511368,1.245849609375,0.03955078125,0.49169921875,0.01318359375,0.0892333984375,0.0618896484375,-0.739990234375,0.264892578125,0.8529052734375,0.9518417920468765,-0.17111728263191625,0.9411908322397534,-0.2913296914578692,0.01174962614825892,0.000946073793755913,-0.023773918881801814,0.8774987029633473,0.22049623096407972,0.9995117038483841,-29.25,2.5625,5.0,-11.4296875,-3.4296875,10.94921875,-29.9375,-9.625,0.0,0,2,1610,1061,1999,1
3,219286,265,0.684347056489761,0.30698568681905575,0.4196295052949614,0.5061494796594135,0.608539078951384,0.674794763023774,-0.6152836695455794,-0.24201178014465774,-0.14300973540452283,-0.097933896908475,-0.10052797021393475,-0.10132145146031069,-0.391247291482284,-0.9204382457960754,-0.8963591418195135,-0.8568681905575731,-0.7871333964049196,-0.7310098574785607,0.223388671875,0.32958984375,0.435791015625,0.4853515625,0.5078125,0.529296875,-0.702880859375,0.6288644062623981,-0.030945768608661155,-0.2629779961546678,-0.7310403759880367,1.130126953125,0.037841796875,0.235595703125,0.05615234375,0.0771484375,0.0411376953125,-0.7406005859375,0.243896484375,0.7822265625,0.9641407513657033,-0.1347697378460036,0.9383831293679616,-0.3182470168156987,0.012451551866206854,0.0007629627368999298,-0.021118808557390057,0.8769188512833033,0.22565385906552324,0.9995117038483841,-29.875,2.375,5.625,-10.58984375,-4.87890625,8.94140625,-30.1875,-10.1875,0.0,0,2,1612,1061,1999,1
3,219338,266,0.6855067598498489,0.36698507644886624,0.4518265327921384,0.608539078951384,0.674794763023774,0.7086703085421308,-0.6004821924497208,-0.17624439222388377,-0.11938840907010102,-0.10052797021393475,-0.10132145146031069,-0.11593981749931333,-0.41166417432172614,-0.91338847010712,-0.8840907010101626,-0.7871333964049196,-0.7310098574785607,-0.695974608600116,0.22802734375,0.357666015625,0.459716796875,0.5078125,0.529296875,0.54736328125,-0.583251953125,0.6449171422467727,-0.0076906643879512925,-0.24271370586260568,-0.7246620075075534,1.0615234375,-0.0087890625,0.149169921875,0.1259765625,0.0518798828125,0.0416259765625,-0.5838623046875,0.2322998046875,0.7403564453125,0.9751274147770623,-0.10040589617603077,0.9396038697470016,-0.3272194586016419,0.012970366527298808,-0.00024414807580797754,-0.018646809289834285,0.8612628559221167,-0.037476729636524556,0.9990539262062441,-30.25,2.1875,6.0,-10.05859375,-5.66015625,7.55859375,-30.5,-10.6875,0.0,0,2,1481,1069,1999,1
3,219393,267,0.6515091402935881,0.4083681752983184,0.5061494796594135,0.674794763023774,0.7086703085421308,0.716513565477462,-0.6286812952055422,-0.16672261726737267,-0.097933896908475,-0.10132145146031069,-0.11593981749931333,-0.14075136570329905,-0.4246040223395489,-0.8974578081606495,-0.8568681905575731,-0.7310098574785607,-0.695974608600116,-0.6832178716391492,0.238525390625,0.383544921875,0.4853515625,0.529296875,0.54736328125,0.5634765625,-0.522216796875,0.6624958037049471,0.00933866389965514,-0.23291726432081059,-0.7118747520371105,0.987060546875,0.11865234375,0.215576171875,0.160888671875,0.04248046875,0.0391845703125,-0.447998046875,0.2197265625,0.6905517578125,0.9848628192999054,-0.06402783288064211,0.9379558702352977,-0.3407696768089846,0.012421033356730858,-0.0007324442274239326,-0.017670216986602375,0.8251289407025361,-0.5842768639179663,0.9970397045808282,-30.75,1.875,6.5,-9.37890625,-6.30859375,6.0703125,-30.75,-11.25,0.0,0,2,1207,1087,1998,1
3,219439,268,0.5964232306894132,0.4360179448835719,0.608539078951384,0.7086703085421308,0.716513565477462,0.7566454054383984,-0.640980254524369,-0.16644795068208867,-0.10052797021393475,-0.11593981749931333,-0.14075136570329905,-0.18204290902432324,-0.4831690420239875,-0.8844264046143986,-0.7871333964049196,-0.695974608600116,-0.6832178716391492,-0.6279488509781183,0.24609375,0.408935546875,0.5078125,0.54736328125,0.5634765625,0.57861328125,-0.496337890625,0.684804834131901,0.04068117313150426,-0.21381267738883633,-0.6954863124485,0.952392578125,0.03466796875,0.405029296875,0.11181640625,0.0445556640625,0.066650390625,-0.462890625,0.213623046875,0.6551513671875,0.9838251899777215,-0.007965330973235268,0.9322794274727623,-0.3616138187810907,0.013061922055726798,-0.0019837031159398175,-0.015411847285378583,0.8574785607470932,-0.057649464400158695,0.9988097781304361,-31.125,1.625,6.8125,-8.87890625,-6.7109375,5.421875,-31.0,-11.75,0.0,0,2,1471,1071,1999,1
3,219490,269,0.5384075441755425,0.4196295052949614,0.674794763023774,0.716513565477462,0.7566454054383984,0.8181096835230567,-0.6280404065065462,-0.14300973540452283,-0.10132145146031069,-0.14075136570329905,-0.18204290902432324,-0.19089327677236242,-0.5618457594531083,-0.8963591418195135,-0.7310098574785607,-0.6832178716391492,-0.6279488509781183,-0.5424359874263741,0.257568359375,0.435791015625,0.529296875,0.5634765625,0.57861328125,0.591064453125,-0.401123046875,0.7050691244239631,0.08331553086947234,-0.16660054322946868,-0.684224982451857,0.88671875,-0.114013671875,0.49853515625,0.006103515625,0.0775146484375,0.0704345703125,-0.6500244140625,0.20361328125,0.5760498046875,0.9828180791650136,0.046510208441419724,0.934476760155034,-0.35294656208990755,0.014038514358958708,-0.002044740134891812,-0.013611255226294748,0.8436536759544664,0.023834955900753806,0.9977416302987762,-31.5,1.25,7.25,-7.78125,-7.3984375,4.19140625,-31.25,-12.3125,0.0,0,2,1511,1078,1998,1
3,219540,270,0.46552934354686115,0.4518265327921384,0.7086703085421308,0.7566454054383984,0.8181096835230567,0.8880275887325663,-0.5774101992858669,-0.11938840907010102,-0.11593981749931333,-0.18204290902432324,-0.19089327677236242,-0.17319254127628406,-0.6707358012634663,-0.8840907010101626,-0.695974608600116,-0.6279488509781183,-0.5424359874263741,-0.4259163182470168,0.270751953125,0.459716796875,0.54736328125,0.57861328125,0.591064453125,0.602783203125,-0.38720703125,0.7152623065889462,0.12353892635883663,-0.10296945097201453,-0.6801049836725974,0.843505859375,-0.052001953125,0.469970703125,-0.015625,0.09521484375,0.0621337890625,-0.7493896484375,0.1976318359375,0.50146484375,0.9826960051271096,0.08163701284829249,0.945860164189581,-0.3141880550553911,0.0152287362285226,-0.0019531846064638203,-0.010650959807123021,0.6941129795220802,-0.016602069154942473,0.9973143711661122,-31.75,0.875,7.5,-6.75,-8.171875,2.8203125,-31.5,-12.875,0.0,0,2,1491,1152,1998,1
3,219581,271,0.35172582171086764,0.5061494796594135,0.716513565477462,0.8181096835230567,0.8880275887325663,0.9272743919186986,-0.4806665242469558,-0.097933896908475,-0.14075136570329905,-0.19089327677236242,-0.17319254127628406,-0.1718192083498642,-0.8032776879177221,-0.8568681905575731,-0.6832178716391492,-0.5424359874263741,-0.4259163182470168,-0.3325907162694174,0.285400390625,0.4853515625,0.5634765625,0.591064453125,0.602783203125,0.613525390625,-0.341552734375,0.7200231940672017,0.15662099063081758,-0.061403241065706354,-0.673238319040498,0.802490234375,-0.01171875,0.2958984375,0.01025390625,0.0889892578125,0.0592041015625,-0.8004150390625,0.1923828125,0.4356689453125,0.9828791161839656,0.10263374736777856,0.9493697927793207,-0.2968840601825007,0.015961180455946532,-0.0019531846064638203,-0.009002960295419173,0.2680745872371593,0.12665181432538836,0.9962157048249763,-31.9375,0.5625,7.6875,-5.80859375,-8.58984375,1.140625,-31.6875,-13.4375,0.0,0,2,1563,1365,1998,1
3,219631,272,0.3177587206640828,0.608539078951384,0.7566454054383984,0.8880275887325663,0.9272743919186986,0.9432355723746452,-0.3637806329538865,-0.10052797021393475,-0.18204290902432324,-0.17319254127628406,-0.1718192083498642,-0.18027283547471543,-0.8756065553758354,-0.7871333964049196,-0.6279488509781183,-0.4259163182470168,-0.3325907162694174,-0.27893917661061435,0.3056640625,0.5078125,0.57861328125,0.602783203125,0.613525390625,0.61376953125,-0.013671875,0.7249061555833614,0.17822809533982362,-0.037476729636524556,-0.6643269142735069,0.793212890625,-0.007568359375,0.03955078125,0.052978515625,0.059814453125,0.030517578125,-0.586669921875,0.1905517578125,0.33203125,0.9872737815485092,0.11175878170110172,0.9499496444593646,-0.29172643208105714,0.016235847041230506,-0.002349925229651784,-0.007751701406903287,0.25183874019592883,0.23310037537766656,0.9855037079989013,-32.1875,-0.0625,7.8125,-4.2890625,-9.26953125,-1.41015625,-31.875,-14.0,0.0,0,2,1616,1374,1992,1
3,219682,273,0.30698568681905575,0.674794763023774,0.8181096835230567,0.9272743919186986,0.9432355723746452,0.9439680166020692,-0.24201178014465774,-0.10132145146031069,-0.19089327677236242,-0.1718192083498642,-0.18027283547471543,-0.19959105197302163,-0.9204382457960754,-0.7310098574785607,-0.5424359874263741,-0.3325907162694174,-0.27893917661061435,-0.26285592211676384,0.32958984375,0.529296875,0.591064453125,0.613525390625,0.61376953125,0.61962890625,-0.190673828125,0.728537858211005,0.18451490829187903,-0.03820917386394849,-0.6585894344920195,0.81494140625,0.106689453125,-0.0107421875,0.0634765625,0.0648193359375,0.02783203125,-0.42138671875,0.1925048828125,0.29150390625,0.9899288918729209,0.11453596606341747,0.9463789788506729,-0.30204168828394423,0.016357921079134495,-0.0028077028717917417,-0.007629627368999298,0.3381756035035249,-0.5007782219916379,0.9899288918729209,-32.25,-0.5,7.8125,-3.640625,-9.62890625,-2.5,-32.0625,-14.5625,0.0,0,2,1249,1330,1994,1
3,219732,274,0.36698507644886624,0.7086703085421308,0.8880275887325663,0.9432355723746452,0.9439680166020692,0.9374980925931578,-0.17624439222388377,-0.11593981749931333,-0.17319254127628406,-0.18027283547471543,-0.19959105197302163,-0.2381054109317301,-0.91338847010712,-0.695974608600116,-0.4259163182470168,-0.27893917661061435,-0.26285592211676384,-0.25376140629291666,0.357666015625,0.54736328125,0.602783203125,0.61376953125,0.61962890625,0.61328125,0.20947265625,0.7306741538743248,0.20297860652485733,-0.05694753868221076,-0.6493728446302682,0.875244140625,0.32080078125,0.076904296875,0.093994140625,0.059326171875,0.025146484375,-0.275390625,0.19873046875,0.2337646484375,0.9927671132541886,0.11218604083376568,0.9280373546555987,-0.3552354503006073,0.01641895809808649,-0.003936887722403638,-0.0073854792931913205,0.043214209418012024,-0.16287728507339702,0.9934385204626606,-32.3125,-1.25,7.8125,-2.62890625,-10.55078125,-3.3515625,-32.1875,-15.1875,0.0,0,2,1418,1478,1996,1
3,219785,275,0.4083681752983184,0.716513565477462,0.9272743919186986,0.9439680166020692,0.9374980925931578,0.9374675740836818,-0.16672261726737267,-0.14075136570329905,-0.1718192083498642,-0.19959105197302163,-0.2381054109317301,-0.27906125064851833,-0.8974578081606495,-0.6832178716391492,-0.3325907162694174,-0.26285592211676384,-0.25376140629291666,-0.20807519760734886,0.383544921875,0.5634765625,0.613525390625,0.61962890625,0.61328125,0.61572265625,-0.083984375,0.7355571153904843,0.228003784295175,-0.06350901821955016,-0.6347544785912655,0.90869140625,-0.207763671875,0.147216796875,0.03173828125,0.04931640625,0.033447265625,-0.236083984375,0.202392578125,0.2095947265625,0.9935300759910886,0.13385418256172368,0.9083834345530565,-0.39609973448896757,0.016754661702322458,-0.0050050355540635395,-0.006836146122623371,0.11151463362529374,0.29990539262062443,0.9847712637714774,-32.375,-1.75,7.75,-2.12890625,-11.0703125,-3.53125,-32.375,-15.75,0.0,0,2,1649,1444,1992,1
3,219833,276,0.4360179448835719,0.7566454054383984,0.9432355723746452,0.9374980925931578,0.9374675740836818,0.9419843134861293,-0.16644795068208867,-0.18204290902432324,-0.18027283547471543,-0.2381054109317301,-0.27906125064851833,-0.2791222876674703,-0.8844264046143986,-0.6279488509781183,-0.27893917661061435,-0.25376140629291666,-0.20807519760734886,-0.18649861140781884,0.408935546875,0.57861328125,0.61376953125,0.61328125,0.61572265625,0.605224609375,0.34521484375,0.7441938535721916,0.21988586077455977,-0.030793176061281166,-0.629963072603534,0.95361328125,-0.141357421875,0.0146484375,0.001220703125,0.0673828125,0.0478515625,-0.3458251953125,0.2080078125,0.1513671875,0.9949949644459365,0.12729270302438428,0.9299295022431104,-0.3450117496261483,0.01730399487289041,-0.00521866512039552,-0.00640888698995941,-0.24616229743339335,-0.34409619434186833,0.9585253456221198,-32.375,-2.625,7.6875,-1.03125,-11.71875,-3.91015625,-32.4375,-16.3125,0.0,0,2,1327,1623,1979,1
3,219883,277,0.4196295052949614,0.8181096835230567,0.9439680166020692,0.9374675740836818,0.9419843134861293,0.9430829798272652,-0.14300973540452283,-0.19089327677236242,-0.19959105197302163,-0.27906125064851833,-0.2791222876674703,-0.2891933957945494,-0.8963591418195135,-0.5424359874263741,-0.26285592211676384,-0.20807519760734886,-0.18649861140781884,-0.1642200994903409,0.435791015625,0.591064453125,0.61962890625,0.61572265625,0.605224609375,0.605224609375,-0.004150390625,0.7444990386669516,0.22666096987823114,-0.02816858424634541,-0.6273384807885983,0.980224609375,0.302490234375,0.049072265625,0.024658203125,0.042724609375,0.0556640625,-0.2457275390625,0.2115478515625,0.12109375,0.9957274086733604,0.11828974272896511,0.9277016510513626,-0.3541367839594714,0.017761772515030368,-0.005706961272011475,-0.006286812952055422,0.46971037934507276,-0.7058626056703391,0.9967040009765923,-32.375,-3.1875,7.625,-0.41015625,-11.98828125,-4.30078125,-32.5625,-16.9375,0.0,0,2,1147,1265,1998,1
3,219937,278,0.4518265327921384,0.8880275887325663,0.9374980925931578,0.9419843134861293,0.9430829798272652,0.9338358714560381,-0.11938840907010102,-0.17319254127628406,-0.2381054109317301,-0.2791222876674703,-0.2891933957945494,-0.3197424237800226,-0.8840907010101626,-0.4259163182470168,-0.25376140629291666,-0.18649861140781884,-0.1642200994903409,-0.16031373027741325,0.459716796875,0.602783203125,0.61328125,0.605224609375,0.605224609375,0.593505859375,0.38623046875,0.7424848170415357,0.239234595782342,-0.049287392803735466,-0.6237372966704307,1.005126953125,-0.166015625,-0.1689453125,-0.00732421875,0.062744140625,0.01220703125,-0.2039794921875,0.21533203125,0.0589599609375,0.9966734824671163,0.09729300820947905,0.9089938047425764,-0.40528580584124274,0.01794488357188635,-0.0068971831415753655,-0.006164738914151433,-0.39268166142765587,0.3076265755180517,0.9807733390301218,-32.25,-4.0625,7.5,0.76171875,-12.23046875,-4.5390625,-32.625,-17.5,0.0,0,2,1653,1696,1990,1
3,219984,279,0.5061494796594135,0.9272743919186986,0.9374675740836818,0.9430829798272652,0.9338358714560381,0.9261452070680868,-0.097933896908475,-0.1718192083498642,-0.27906125064851833,-0.2891933957945494,-0.3197424237800226,-0.3052766502883999,-0.8568681905575731,-0.3325907162694174,-0.20807519760734886,-0.1642200994903409,-0.16031373027741325,-0.22150334177678763,0.4853515625,0.613525390625,0.61572265625,0.605224609375,0.593505859375,0.59326171875,0.00732421875,0.750358592486343,0.18958098086489455,-0.03469954527420881,-0.6323129978331858,1.02294921875,-0.609375,-0.089111328125,-0.066650390625,0.0328369140625,0.0240478515625,0.0640869140625,0.2181396484375,0.034423828125,0.9968871120334483,0.059602649006622516,0.9445173497726371,-0.32297738578447827,0.01803643910031434,-0.006683553575243385,-0.00772118289742729,0.6785485396893216,-0.026001770073549608,0.9804986724448378,-32.125,-4.625,7.375,1.328125,-12.44921875,-4.48046875,-32.6875,-18.125,0.0,0,2,1486,1160,1990,1
3,220034,280,0.608539078951384,0.9432355723746452,0.9419843134861293,0.9338358714560381,0.9261452070680868,0.9260536515396588,-0.10052797021393475,-0.18027283547471543,-0.2791222876674703,-0.3197424237800226,-0.3052766502883999,-0.26352732932523576,-0.7871333964049196,-0.27893917661061435,-0.18649861140781884,-0.16031373027741325,-0.22150334177678763,-0.27014984588152713,0.5078125,0.61376953125,0.605224609375,0.593505859375,0.59326171875,0.580078125,0.42578125,0.7583849604785302,0.12189092684713279,0.026642658772545548,-0.6397595141453292,1.044677734375,-0.4150390625,0.149169921875,-0.019775390625,0.0484619140625,0.0257568359375,-0.0281982421875,0.221435546875,-0.0047607421875,0.9968260750144963,0.011902218695638905,0.9884029663991211,-0.15140232551042207,0.018402661214026308,-0.0057985168004394665,-0.008850367748039186,-0.17975402081362346,0.12305063020722068,0.9691457869197668,-31.875,-5.5625,7.3125,2.30859375,-12.8984375,-3.55859375,-32.75,-18.75,0.0,0,2,1561,1589,1984,1
3,220084,281,0.674794763023774,0.9439680166020692,0.9430829798272652,0.9261452070680868,0.9260536515396588,0.9377727591784417,-0.10132145146031069,-0.19959105197302163,-0.2891933957945494,-0.3052766502883999,-0.26352732932523576,-0.2617572557756279,-0.7310098574785607,-0.26285592211676384,-0.1642200994903409,-0.22150334177678763,-0.27014984588152713,-0.22815637684255502,0.529296875,0.61962890625,0.605224609375,0.59326171875,0.580078125,0.580322265625,-0.00439453125,0.7639393292031618,0.10916470839564196,0.07971434675130466,-0.630970183416242,1.05859375,-0.0966796875,0.3701171875,0.10791015625,0.0250244140625,-0.0177001953125,-0.128662109375,0.2235107421875,-0.02734375,0.9969786675618763,0.007354960783715323,0.9977416302987762,-0.06659138767662587,0.019104586931974244,-0.005829035309915464,-0.008423108615375225,0.7121494186223944,-0.673177282021546,0.9924924466689047,-31.6875,-6.125,7.25,2.890625,-13.0390625,-3.30859375,-32.8125,-19.3125,0.0,0,2,1163,1143,1996,1
3,220155,282,0.7086703085421308,0.9374980925931578,0.9338358714560381,0.9260536515396588,0.9377727591784417,0.9277626880703147,-0.11593981749931333,-0.2381054109317301,-0.3197424237800226,-0.26352732932523576,-0.2617572557756279,-0.3624988555558947,-0.695974608600116,-0.25376140629291666,-0.16031373027741325,-0.27014984588152713,-0.22815637684255502,-0.08856471449934385,0.54736328125,0.61328125,0.593505859375,0.580078125,0.580322265625,0.556884765625,0.755615234375,0.7754448072756127,0.163060396130253,0.14093447676015503,-0.5935239722891934,1.09814453125,0.121826171875,0.139892578125,0.135498046875,0.087890625,0.0574951171875,-0.6767578125,0.229248046875,-0.09228515625,0.9978942228461561,0.045472579119235815,0.9962767418439283,-0.07333597827082125,0.02011169774468215,-0.008850367748039186,-0.00598162785729545,-0.6207770012512589,-0.554094058046205,0.966551713614307,-31.125,-7.4375,7.125,4.30859375,-12.87109375,-4.4296875,-32.8125,-19.9375,0.0,0,2,1222,1810,1983,1
3,220185,283,0.716513565477462,0.9374675740836818,0.9261452070680868,0.9377727591784417,0.9277626880703147,0.9174779503769036,-0.14075136570329905,-0.27906125064851833,-0.3052766502883999,-0.2617572557756279,-0.3624988555558947,-0.39509262367625964,-0.6832178716391492,-0.20807519760734886,-0.22150334177678763,-0.22815637684255502,-0.08856471449934385,-0.04647968993194372,0.5634765625,0.61572265625,0.59326171875,0.580322265625,0.556884765625,0.5673828125,-0.33642578125,0.7800531022064883,0.17874691000091555,0.14413892025513475,-0.5820490127262185,1.108154296875,-0.0517578125,0.182861328125,0.085693359375,0.0758056640625,0.0404052734375,-0.505126953125,0.230712890625,-0.1126708984375,0.9982604449598682,0.065218054750206,0.9936521500289925,-0.09179967650379955,0.0195928830835902,-0.009704886013367107,-0.005035554063539537,0.5236365855891598,-0.8241523483993042,0.9973143711661122,-31.0,-7.75,7.125,4.66015625,-12.62890625,-5.12890625,-32.8125,-20.5,0.0,0,2,1087,1238,1998,1
3,220237,284,0.7566454054383984,0.9419843134861293,0.9260536515396588,0.9277626880703147,0.9174779503769036,0.8959318826868495,-0.18204290902432324,-0.2791222876674703,-0.26352732932523576,-0.3624988555558947,-0.39509262367625964,-0.4422437208166753,-0.6279488509781183,-0.18649861140781884,-0.27014984588152713,-0.08856471449934385,-0.04647968993194372,-0.041566209906308174,0.57861328125,0.605224609375,0.580078125,0.556884765625,0.5673828125,0.553955078125,0.43798828125,0.7879268776512955,0.1662343211157567,0.17474898525955992,-0.5665761284218879,1.160400390625,-0.47509765625,-0.03369140625,-0.000244140625,0.071044921875,0.06689453125,-0.5146484375,0.2392578125,-0.145751953125,0.9988097781304361,0.0564897610400708,0.9974974822229682,-0.04257332071901608,0.019226660969878233,-0.011108737449262978,-0.005035554063539537,-0.6389660328989533,-0.12747581408124029,0.9783318582720419,-30.5,-8.6875,6.9375,5.51953125,-12.44140625,-6.51171875,-32.75,-21.125,0.0,0,2,1436,1819,1989,1
3,220288,285,0.8181096835230567,0.9430829798272652,0.9377727591784417,0.9174779503769036,0.8959318826868495,0.8897976622821742,-0.19089327677236242,-0.2891933957945494,-0.2617572557756279,-0.39509262367625964,-0.4422437208166753,-0.4325693533127842,-0.5424359874263741,-0.1642200994903409,-0.22815637684255502,-0.04647968993194372,-0.041566209906308174,-0.14542069765312662,0.591064453125,0.605224609375,0.580322265625,0.5673828125,0.553955078125,0.5537109375,0.00634765625,0.7991882076479385,0.0836817529831843,0.20838038270210882,-0.5575426496169927,1.187744140625,-0.742431640625,-0.099365234375,-0.087646484375,0.0548095703125,0.0233154296875,-0.1522216796875,0.2442626953125,-0.148681640625,0.9990234076967681,0.027802362132633443,0.9921262245551927,0.12201300088503678,0.01901303140354625,-0.010650959807123021,-0.007873775444807276,0.7245094149601733,-0.7990966521195105,0.9956663716544084,-30.1875,-9.25,6.75,5.7890625,-12.30078125,-7.3203125,-32.75,-21.75,0.0,0,2,1100,1137,1997,1
3,220339,286,0.8880275887325663,0.9338358714560381,0.9277626880703147,0.8959318826868495,0.8897976622821742,0.879696035645619,-0.17319254127628406,-0.3197424237800226,-0.3624988555558947,-0.4422437208166753,-0.4325693533127842,-0.3820307016205329,-0.4259163182470168,-0.16031373027741325,-0.08856471449934385,-0.041566209906308174,-0.14542069765312662,-0.28318124942777795,0.602783203125,0.593505859375,0.556884765625,0.553955078125,0.5537109375,0.53955078125,0.45751953125,0.7982726523636585,-0.02847376934110538,0.2586443678090762,-0.543168431653798,1.217529296875,-0.728271484375,-0.1630859375,-0.0966796875,0.0626220703125,0.0010986328125,-0.1138916015625,0.2508544921875,-0.1083984375,0.9987792596209601,-0.02435377056184576,0.9387798699911496,0.3436689352092044,0.01858577227088229,-0.009063997314371167,-0.011261329996642965,-0.22876674703207495,0.26718955046235543,0.9858394116031373,-29.75,-10.1875,6.375,5.859375,-12.76953125,-7.2890625,-32.6875,-22.3125,0.0,0,2,1633,1614,1992,1
3,220380,287,0.9272743919186986,0.9261452070680868,0.9174779503769036,0.8897976622821742,0.879696035645619,0.86886196478164,-0.1718192083498642,-0.3052766502883999,-0.39509262367625964,-0.4325693533127842,-0.3820307016205329,-0.3252967925046541,-0.3325907162694174,-0.22150334177678763,-0.04647968993194372,-0.14542069765312662,-0.28318124942777795,-0.37318033387249366,0.613525390625,0.59326171875,0.5673828125,0.5537109375,0.53955078125,0.537841796875,0.058349609375,0.7915585802789392,-0.11169774468214973,0.2902310251167333,-0.5260780663472396,1.226318359375,-0.689208984375,0.04248046875,-0.064208984375,0.0172119140625,-0.009765625,0.06201171875,0.2537841796875,-0.0799560546875,0.9985656300546282,-0.046815393536179695,0.8659932248908964,0.4978484450819422,0.01815851313821833,-0.007324442274239326,-0.01391644032105472,0.8009887997070223,-0.7649769585253456,0.9949644459364605,-29.4375,-10.75,6.1875,5.87109375,-13.0390625,-7.05078125,-32.5625,-22.9375,0.0,0,2,1117,1099,1997,1
3,220431,288,0.9432355723746452,0.9260536515396588,0.8959318826868495,0.879696035645619,0.86886196478164,0.8755760368663594,-0.18027283547471543,-0.26352732932523576,-0.4422437208166753,-0.3820307016205329,-0.3252967925046541,-0.24527726065858943,-0.27893917661061435,-0.27014984588152713,-0.041566209906308174,-0.28318124942777795,-0.37318033387249366,-0.4161503952146977,0.61376953125,0.580078125,0.553955078125,0.53955078125,0.537841796875,0.53369140625,0.135009765625,0.7677236243781854,-0.1923581652272103,0.35166478469191564,-0.499954222235786,1.223388671875,-0.441162109375,0.162841796875,0.031494140625,0.0391845703125,0.0052490234375,-0.1173095703125,0.2548828125,-0.0557861328125,0.9982604449598682,-0.0934171575060274,0.7441022980437635,0.6615192114017151,0.017975402081362345,-0.004760887478255562,-0.014496292001098667,0.6549882503738518,0.4415112765892514,0.9882198553422651,-29.1875,-11.4375,5.9375,5.94140625,-13.19921875,-6.58984375,-32.5,-23.5,0.0,0,2,1720,1172,1994,1
3,220482,289,0.9439680166020692,0.9377727591784417,0.8897976622821742,0.86886196478164,0.8755760368663594,0.8879665517136143,-0.19959105197302163,-0.2617572557756279,-0.4325693533127842,-0.3252967925046541,-0.24527726065858943,-0.23215430158391065,-0.26285592211676384,-0.22815637684255502,-0.14542069765312662,-0.37318033387249366,-0.4161503952146977,-0.39701528977324746,0.61962890625,0.580322265625,0.5537109375,0.537841796875,0.53369140625,0.519775390625,0.449951171875,0.7450178533280435,-0.22144230475783563,0.4117862483596301,-0.47572252571184426,1.212890625,-0.397705078125,0.3837890625,0.090576171875,0.043212890625,0.012939453125,-0.287353515625,0.2557373046875,0.0262451171875,0.9978331858272041,-0.15909298989837337,0.6607562486648152,0.7335428937650685,0.018951994384594256,-0.004028443250831629,-0.015594958342234566,0.7114780114139225,-0.6855372783593249,0.9336527603991821,-28.8125,-12.3125,5.5625,5.30859375,-13.28125,-6.640625,-32.375,-24.125,0.0,0,2,1157,1144,1966,1
3,220533,290,0.9374980925931578,0.9277626880703147,0.879696035645619,0.8755760368663594,0.8879665517136143,0.9146702475051118,-0.2381054109317301,-0.3624988555558947,-0.3820307016205329,-0.24527726065858943,-0.23215430158391065,-0.2578814050721763,-0.25376140629291666,-0.08856471449934385,-0.28318124942777795,-0.4161503952146977,-0.39701528977324746,-0.31122775963621935,0.61328125,0.556884765625,0.53955078125,0.53369140625,0.519775390625,0.515380859375,0.141845703125,0.7206030457472457,-0.21115756706442457,0.47334208197271643,-0.46052430799279764,1.20556640625,0.158447265625,0.498291015625,0.153076171875,0.064697265625,0.0589599609375,-0.4527587890625,0.25634765625,0.0877685546875,0.9974974822229682,-0.24066896572771385,0.6235236671040987,0.7438276314584795,0.019867549668874173,-0.0045167394024475845,-0.013397625659962768,0.7172154911954101,-0.7154148991363262,0.9964293343913083,-28.5625,-12.9375,5.375,4.76953125,-13.26953125,-6.83984375,-32.25,-24.6875,0.0,0,2,1142,1141,1998,1
3,220584,291,0.9374675740836818,0.9174779503769036,0.86886196478164,0.8879665517136143,0.9146702475051118,0.9254127628406629,-0.27906125064851833,-0.39509262367625964,-0.3252967925046541,-0.23215430158391065,-0.2578814050721763,-0.3314615314188055,-0.20807519760734886,-0.04647968993194372,-0.37318033387249366,-0.39701528977324746,-0.31122775963621935,-0.1836298715170751,0.61572265625,0.5673828125,0.537841796875,0.519775390625,0.515380859375,0.501220703125,0.4658203125,0.6999114963225196,-0.1577501754814295,0.5207068086794641,-0.46272164067506943,1.183837890625,-0.09423828125,0.441162109375,0.065185546875,0.098388671875,0.0531005859375,-0.597900390625,0.255859375,0.2027587890625,0.9970091860713522,-0.3305459761345256,0.663716544083987,0.6709799493392743,0.02163762321848201,-0.006714072084719382,-0.012207403790398877,-0.21982482375560777,-0.629810480056154,0.9850764488662374,-28.25,-13.8125,5.0,3.41015625,-12.9609375,-7.5703125,-32.125,-25.25,0.0,0,2,1185,1609,1992,1
3,220634,292,0.9419843134861293,0.8959318826868495,0.8755760368663594,0.9146702475051118,0.9254127628406629,0.934232612079226,-0.2791222876674703,-0.4422437208166753,-0.24527726065858943,-0.2578814050721763,-0.3314615314188055,-0.34669026764732813,-0.18649861140781884,-0.041566209906308174,-0.4161503952146977,-0.31122775963621935,-0.1836298715170751,-0.08392590105899228,0.605224609375,0.553955078125,0.53369140625,0.515380859375,0.501220703125,0.496337890625,0.158935546875,0.663624988555559,-0.1478316599017304,0.575579088717307,-0.4543595690786462,1.1708984375,-0.270263671875,0.35400390625,-0.079345703125,0.1063232421875,0.076416015625,-0.6629638671875,0.2559814453125,0.28857421875,0.9967040009765923,-0.4204535050508133,0.6333506271553697,0.6497085482345042,0.022431104464857937,-0.006988738670003357,-0.009582811975463118,0.18857387005218665,-0.879787591174047,0.9970397045808282,-28.125,-14.4375,4.6875,2.26171875,-12.609375,-8.21875,-31.9375,-25.8125,0.0,0,2,1060,1405,1998,1
3,220685,293,0.9430829798272652,0.8897976622821742,0.8879665517136143,0.9254127628406629,0.934232612079226,0.9421369060335093,-0.2891933957945494,-0.4325693533127842,-0.23215430158391065,-0.3314615314188055,-0.34669026764732813,-0.3305154576250496,-0.1642200994903409,-0.14542069765312662,-0.39701528977324746,-0.1836298715170751,-0.08392590105899228,-0.05597094637897885,0.605224609375,0.5537109375,0.519775390625,0.501220703125,0.496337890625,0.481201171875,0.486572265625,0.6265144810327463,-0.18030335398419142,0.6193121127964111,-0.43751335184789575,1.147705078125,-0.589111328125,-0.023193359375,-0.184326171875,0.103515625,0.07373046875,-0.6751708984375,0.2559814453125,0.414794921875,0.9959715567491684,-0.5009002960295419,0.5495162816248055,0.6686910611285745,0.024201178014465773,-0.006073183385723441,-0.010406811731315043,-0.7901547288430433,-0.6945707571642201,0.8794824060792871,-28.0,-15.25,4.25,0.3515625,-11.91015625,-8.98046875,-31.75,-26.4375,0.0,0,2,1152,1895,1939,1
3,220736,294,0.9338358714560381,0.879696035645619,0.9146702475051118,0.934232612079226,0.9421369060335093,0.9521469771416364,-0.3197424237800226,-0.3820307016205329,-0.2578814050721763,-0.34669026764732813,-0.3305154576250496,-0.2688985869930113,-0.16031373027741325,-0.28318124942777795,-0.31122775963621935,-0.08392590105899228,-0.05597094637897885,-0.14539017914365063,0.593505859375,0.53955078125,0.515380859375,0.496337890625,0.481201171875,0.475341796875,0.196044921875,0.597674489577929,-0.27961058381908627,0.6488540299691763,-0.37894833216345714,1.146240234375,-1.037841796875,-0.18212890625,-0.27294921875,0.052490234375,0.040771484375,-0.306396484375,0.2581787109375,0.503173828125,0.9947202978606525,-0.5141758476516007,0.35239722891933956,0.781945249794,0.024048585467085788,-0.0030518509475997192,-0.011902218695638905,0.20264290292062137,-0.6751915036469619,0.9941404461806085,-27.9375,-15.8125,3.875,-0.87890625,-11.73046875,-9.1484375,-31.5625,-27.0,0.0,0,2,1162,1398,1997,1
3,220789,295,0.9261452070680868,0.86886196478164,0.9254127628406629,0.9421369060335093,0.9521469771416364,0.9426252021851252,-0.3052766502883999,-0.3252967925046541,-0.3314615314188055,-0.3305154576250496,-0.2688985869930113,-0.14709921567430648,-0.22150334177678763,-0.37318033387249366,-0.1836298715170751,-0.05597094637897885,-0.14539017914365063,-0.2996917630542924,0.59326171875,0.537841796875,0.501220703125,0.481201171875,0.475341796875,0.458984375,0.527587890625,0.5529648731955932,-0.4210638752403333,0.6655476546525467,-0.27198095645008696,1.1494140625,-1.164794921875,-0.4931640625,-0.273681640625,0.0460205078125,-0.001953125,-0.0826416015625,0.2620849609375,0.549560546875,0.9930112613299966,-0.46894741660817285,0.030732139042329173,0.8826868495742668,0.023987548448133795,0.003326517532883694,-0.016174810022278514,-0.5232093264564959,0.3444929349650563,0.5826593829157384,-27.9375,-16.625,3.375,-1.171875,-12.01953125,-8.80078125,-31.3125,-27.5625,0.0,0,2,1672,1761,1791,1
3,220837,296,0.9260536515396588,0.8755760368663594,0.934232612079226,0.9521469771416364,0.9426252021851252,0.8895840327158422,-0.26352732932523576,-0.24527726065858943,-0.34669026764732813,-0.2688985869930113,-0.14709921567430648,0.004974517044587542,-0.27014984588152713,-0.4161503952146977,-0.08392590105899228,-0.14539017914365063,-0.2996917630542924,-0.45677053132725,0.580078125,0.53369140625,0.496337890625,0.475341796875,0.458984375,0.451904296875,0.231689453125,0.5151219214453566,-0.5452131717886899,0.6451307718131046,-0.1456038087099826,1.157470703125,-0.876953125,-0.458740234375,-0.14111328125,0.04736328125,-0.0570068359375,0.383056640625,0.2655029296875,0.558837890625,0.9923703726310007,-0.3402508621478927,-0.2813501388592181,0.8972746971037935,0.02139347514267403,0.009033478804895169,-0.01782280953398236,0.7849971007415998,-0.7000640888698996,0.9951475569933165,-27.9375,-17.1875,3.0625,-1.01171875,-12.23046875,-8.7109375,-31.0625,-28.0625,0.0,0,2,1149,1107,1997,1
3,220888,297,0.9377727591784417,0.8879665517136143,0.9421369060335093,0.9426252021851252,0.8895840327158422,0.847773674733726,-0.2617572557756279,-0.23215430158391065,-0.3305154576250496,-0.14709921567430648,0.004974517044587542,0.09530930509353923,-0.22815637684255502,-0.39701528977324746,-0.05597094637897885,-0.2996917630542924,-0.45677053132725,-0.521713919492172,0.580322265625,0.519775390625,0.481201171875,0.458984375,0.451904296875,0.433837890625,0.58349609375,0.46342356639301735,-0.6124759666737877,0.6378978850672933,-0.056520279549546804,1.1796875,-0.35986328125,-0.063720703125,0.074951171875,0.0201416015625,-0.0595703125,0.233154296875,0.2733154296875,0.4857177734375,0.9950865199743645,-0.3010956144901883,-0.4805749687185278,0.8236335337382122,0.02041688283944212,0.014618366039002656,-0.019531846064638203,0.5693838312936796,0.380535294656209,0.9350566118350779,-27.875,-18.0,2.375,0.140625,-11.859375,-9.71875,-30.8125,-28.625,0.0,0,2,1690,1215,1967,1
3,220939,298,0.9277626880703147,0.9146702475051118,0.9521469771416364,0.8895840327158422,0.847773674733726,0.8286080507827998,-0.3624988555558947,-0.2578814050721763,-0.2688985869930113,0.004974517044587542,0.09530930509353923,0.025849177526169623,-0.08856471449934385,-0.31122775963621935,-0.14539017914365063,-0.45677053132725,-0.521713919492172,-0.5592211676381725,0.556884765625,0.515380859375,0.475341796875,0.451904296875,0.433837890625,0.42578125,0.265380859375,0.4575334940641499,-0.6051210058900723,0.6511734366893521,-0.02151554918057802,1.18994140625,0.0244140625,0.0849609375,0.287109375,0.0498046875,-0.0460205078125,0.2103271484375,0.2786865234375,0.5233154296875,0.9945066682943206,-0.32218390453810236,-0.4915921506393628,0.8090151676992096,0.020905178991058076,0.012604144413586841,-0.021057771538438064,0.7944578386791589,-0.8552201910458693,0.9957274086733604,-27.875,-18.5625,1.8125,-0.28125,-11.8515625,-9.94140625,-30.5625,-29.1875,0.0,0,2,1072,1102,1997,1
3,220989,299,0.9174779503769036,0.9254127628406629,0.9426252021851252,0.847773674733726,0.8286080507827998,0.8113650929288614,-0.39509262367625964,-0.3314615314188055,-0.14709921567430648,0.09530930509353923,0.025849177526169623,-0.1424909207434309,-0.04647968993194372,-0.1836298715170751,-0.2996917630542924,-0.521713919492172,-0.5592211676381725,-0.5669118320261238,0.5673828125,0.501220703125,0.458984375,0.433837890625,0.42578125,0.409423828125,0.528564453125,0.4588457899716178,-0.5612353892635884,0.6884975737784966,-0.021027253028962065,1.2001953125,0.288818359375,0.270751953125,0.416748046875,0.0579833984375,0.0003662109375,0.1878662109375,0.2860107421875,0.5394287109375,0.9945677053132725,-0.40940580462050236,-0.40888698995941036,0.815576647236549,0.022583697012237922,0.009430219428083133,-0.02523880733664968,0.7394634846034119,-0.771446882534257,0.9491256447035127,-27.9375,-19.375,0.9375,-0.46875,-11.62890625,-10.390625,-30.3125,-29.6875,0.0,0,2,1114,1130,1974,1
3,221029,300,0.8959318826868495,0.934232612079226,0.8895840327158422,0.8286080507827998,0.8113650929288614,0.8121585741752373,-0.4422437208166753,-0.34669026764732813,0.004974517044587542,0.025849177526169623,-0.1424909207434309,-0.31113620410779136,-0.041566209906308174,-0.08392590105899228,-0.45677053132725,-0.5592211676381725,-0.5669118320261238,-0.4935758537553026,0.553955078125,0.496337890625,0.451904296875,0.42578125,0.409423828125,0.404296875,0.168701171875,0.4443189794610431,-0.5099032563249611,0.7352519302957243,-0.04489272743919187,1.201416015625,0.159912109375,0.50341796875,0.371826171875,0.0816650390625,0.0364990234375,-0.1197509765625,0.2901611328125,0.5845947265625,0.9929807428205206,-0.5274513992736595,-0.3021637623218482,0.7940305795464949,0.024964140751365705,0.00271614734336375,-0.024750511185033724,0.7853022858363597,-0.8566240424817652,0.9961546678060244,-27.9375,-19.9375,0.375,-0.921875,-11.80859375,-10.1796875,-30.0,-30.1875,0.0,0,2,1071,1107,1998,1
3,221080,301,0.8897976622821742,0.9421369060335093,0.847773674733726,0.8113650929288614,0.8121585741752373,0.8228400524918363,-0.4325693533127842,-0.3305154576250496,0.09530930509353923,-0.1424909207434309,-0.31113620410779136,-0.4287545396282846,-0.14542069765312662,-0.05597094637897885,-0.521713919492172,-0.5669118320261238,-0.4935758537553026,-0.3729361857966857,0.5537109375,0.481201171875,0.433837890625,0.409423828125,0.404296875,0.40185546875,0.07763671875,0.38431958983123266,-0.4748680074465163,0.7890560625019074,-0.06472975859859005,1.1904296875,-0.173095703125,0.610107421875,0.130615234375,0.083740234375,0.0989990234375,-0.3446044921875,0.2919921875,0.6656494140625,0.988860744041261,-0.6754051332132939,-0.24738303781243323,0.6947233497116001,0.028626361888485368,-0.000793481246375927,-0.022736289559617907,0.7151097140415662,-0.7914975432599872,0.9981994079409162,-28.0,-20.4375,-0.125,-1.87890625,-12.12109375,-9.44140625,-29.6875,-30.75,0.0,0,2,1104,1142,1999,1
3,221131,302,0.879696035645619,0.9521469771416364,0.8286080507827998,0.8121585741752373,0.8228400524918363,0.8334910122989593,-0.3820307016205329,-0.2688985869930113,0.025849177526169623,-0.31113620410779136,-0.4287545396282846,-0.47523422956022826,-0.28318124942777795,-0.14539017914365063,-0.5592211676381725,-0.4935758537553026,-0.3729361857966857,-0.28189947202978605,0.53955078125,0.475341796875,0.42578125,0.404296875,0.40185546875,0.387939453125,0.450439453125,0.2986846522415845,-0.4771874141666921,0.8230842005676443,-0.07495345927304911,1.154541015625,-0.268310546875,0.54931640625,-0.1015625,0.11181640625,0.103515625,-0.4552001953125,0.2911376953125,0.781494140625,0.97811822870571,-0.7917722098452712,-0.27130954924161504,0.5472579119235816,0.03241065706350902,-0.00271614734336375,-0.020203253273110143,0.35065767387920777,-0.6318247016815699,0.8542130802331614,-28.25,-21.25,-0.75,-3.33984375,-12.4609375,-7.671875,-29.375,-31.25,0.0,0,2,1184,1324,1927,1
3,221182,303,0.86886196478164,0.9426252021851252,0.8113650929288614,0.8228400524918363,0.8334910122989593,0.8668172246467483,-0.3252967925046541,-0.14709921567430648,-0.1424909207434309,-0.4287545396282846,-0.47523422956022826,-0.46244697408978547,-0.37318033387249366,-0.2996917630542924,-0.5669118320261238,-0.3729361857966857,-0.28189947202978605,-0.18643757438886685,0.537841796875,0.458984375,0.409423828125,0.40185546875,0.387939453125,0.38671875,0.044189453125,0.20294808801538133,-0.5023041474654378,0.836573381756035,-0.08142338328196051,1.12646484375,-0.367919921875,0.529052734375,-0.253173828125,0.1209716796875,0.0977783203125,-0.49072265625,0.2894287109375,0.8428955078125,0.9686880092776269,-0.859096041749321,-0.347636341441084,0.3756218146305734,0.03631702627643666,-0.0010376293221839045,-0.016449476607562488,0.14337595751823481,-0.8668477431562243,0.9978942228461561,-28.375,-21.75,-1.0,-4.1484375,-12.6015625,-6.19921875,-29.0,-31.75,0.0,0,2,1066,1428,1998,1
3,221233,304,0.8755760368663594,0.8895840327158422,0.8121585741752373,0.8334910122989593,0.8668172246467483,0.8942533646656697,-0.24527726065858943,0.004974517044587542,-0.31113620410779136,-0.47523422956022826,-0.46244697408978547,-0.43064668721579635,-0.4161503952146977,-0.45677053132725,-0.4935758537553026,-0.28189947202978605,-0.18643757438886685,-0.1218604083376568,0.53369140625,0.451904296875,0.404296875,0.387939453125,0.38671875,0.37451171875,0.398193359375,0.10504470961638233,-0.5420392468031862,0.8303170873134557,-0.07589953306680501,1.08984375,-0.517822265625,0.341796875,-0.324951171875,0.1090087890625,0.06884765625,-0.46875,0.2867431640625,0.909912109375,0.9531846064638203,-0.8733787041840877,-0.4466383861812189,0.19418927579577014,0.040040284432508316,0.00027466658528397473,-0.012573625904110843,-0.5308999908444472,-0.6109500411999877,0.9317606128116703,-28.625,-22.5625,-1.375,-5.0390625,-12.71875,-3.6796875,-28.625,-32.1875,0.0,0,2,1194,1765,1965,1
3,221284,305,0.8879665517136143,0.847773674733726,0.8228400524918363,0.8668172246467483,0.8942533646656697,0.9217200231940672,-0.23215430158391065,0.09530930509353923,-0.4287545396282846,-0.46244697408978547,-0.43064668721579635,-0.37183751945554977,-0.39701528977324746,-0.521713919492172,-0.3729361857966857,-0.18643757438886685,-0.1218604083376568,-0.11035493026520585,0.519775390625,0.433837890625,0.40185546875,0.38671875,0.37451171875,0.374267578125,0.00634765625,0.009613330484939116,-0.586321604052858,0.8094424268318735,-0.030365916928617207,1.0634765625,-0.86474609375,0.15771484375,-0.334228515625,0.0858154296875,0.0167236328125,-0.474853515625,0.2843017578125,0.919189453125,0.945463423566393,-0.837031159398175,-0.5468916898098697,0.016296884060182502,0.042664876247444077,0.00445570238349559,-0.009369182409131139,-0.3177587206640828,-0.8393505661183508,0.9977721488082522,-28.875,-23.0625,-1.5,-5.16015625,-12.6796875,-1.9296875,-28.25,-32.6875,0.0,0,2,1080,1658,1998,1
3,221334,306,0.9146702475051118,0.8286080507827998,0.8334910122989593,0.8942533646656697,0.9217200231940672,0.9229102450636311,-0.2578814050721763,0.025849177526169623,-0.47523422956022826,-0.43064668721579635,-0.37183751945554977,-0.3071993163853877,-0.31122775963621935,-0.5592211676381725,-0.28189947202978605,-0.1218604083376568,-0.11035493026520585,-0.23209326456495866,0.515380859375,0.42578125,0.387939453125,0.37451171875,0.374267578125,0.36474609375,0.304931640625,-0.076052125614185,-0.6160771507919554,0.7788018433179723,0.09033478804895169,1.046630859375,-1.095458984375,-0.278564453125,-0.236572265625,0.0863037109375,0.0118408203125,-0.3089599609375,0.282470703125,0.910888671875,0.9399090548417616,-0.7939390240180669,-0.5896786400952178,-0.1480452894680624,0.0445265053254799,0.006653035065767388,-0.009521774956511124,-0.07962279122287667,0.04474013489181188,0.9001739555040131,-29.125,-23.875,-1.5,-4.94140625,-12.66015625,0.6484375,-27.875,-33.125,0.0,0,2,1522,1539,1950,1
3,221385,307,0.9254127628406629,0.8113650929288614,0.8668172246467483,0.9217200231940672,0.9229102450636311,0.8826563310647908,-0.3314615314188055,-0.1424909207434309,-0.46244697408978547,-0.37183751945554977,-0.3071993163853877,-0.1945554979094821,-0.1836298715170751,-0.5669118320261238,-0.18643757438886685,-0.11035493026520585,-0.23209326456495866,-0.42783898434400464,0.501220703125,0.409423828125,0.38671875,0.374267578125,0.36474609375,0.36669921875,-0.056884765625,-0.13940855128635518,-0.6103091525009918,0.7369914853358562,0.25479903561510053,1.042724609375,-1.20458984375,-0.52587890625,-0.117431640625,0.080322265625,-0.0364990234375,0.0284423828125,0.28173828125,0.894287109375,0.9392376476332895,-0.7864009521774956,-0.5574510940885647,-0.2661214026306955,0.04492324594866787,0.01098666341135899,-0.012634662923062838,0.728598895229957,-0.40684224982451855,0.9881588183233131,-29.3125,-24.3125,-1.5,-4.58984375,-12.671875,1.4609375,-27.5,-33.5625,0.0,0,2,1296,1135,1994,1
3,221436,308,0.934232612079226,0.8121585741752373,0.8942533646656697,0.9229102450636311,0.8826563310647908,0.7800531022064883,-0.34669026764732813,-0.31113620410779136,-0.43064668721579635,-0.3071993163853877,-0.1945554979094821,-0.08236945707571643,-0.08392590105899228,-0.4935758537553026,-0.1218604083376568,-0.23209326456495866,-0.42783898434400464,-0.620258186590167,0.496337890625,0.404296875,0.37451171875,0.36474609375,0.36669921875,0.360595703125,0.1923828125,-0.1770683919797357,-0.5713675344096194,0.6961272011474959,0.39698477126377146,1.017822265625,-0.3095703125,-0.327880859375,0.124755859375,0.0787353515625,-0.0555419921875,0.248779296875,0.2789306640625,0.8868408203125,0.9329813531907102,-0.8225653859065524,-0.47865230262153996,-0.30707724234748374,0.04354991302224799,0.012482070375682853,-0.019653920102542192,0.7629627368999298,-0.5164036988433485,0.9616077150791955,-29.5625,-25.125,-1.5,-4.640625,-12.3515625,1.01953125,-27.0625,-34.0,0.0,0,2,1241,1118,1980,1
3,221486,309,0.9421369060335093,0.8228400524918363,0.9217200231940672,0.8826563310647908,0.7800531022064883,0.6913052766502884,-0.3305154576250496,-0.4287545396282846,-0.37183751945554977,-0.1945554979094821,-0.08236945707571643,-0.11767937253944517,-0.05597094637897885,-0.3729361857966857,-0.11035493026520585,-0.42783898434400464,-0.620258186590167,-0.7129428998687705,0.481201171875,0.40185546875,0.374267578125,0.36669921875,0.360595703125,0.367919921875,-0.231689453125,-0.18085268715475936,-0.5316324350718711,0.7075716422009949,0.42896816919461656,0.98828125,-0.075439453125,0.164306640625,0.317138671875,0.0540771484375,-0.0396728515625,0.4364013671875,0.2762451171875,0.8897705078125,0.9261452070680868,-0.8713950010681478,-0.40961943418683433,-0.26996673482467115,0.04205450605792413,0.010040589617603077,-0.025360881374553668,0.7964720603045747,-0.8548844874416334,0.9961241492965484,-29.75,-25.5,-1.625,-5.12890625,-11.78125,0.078125,-26.625,-34.4375,0.0,0,2,1072,1101,1998,1
3,221537,310,0.9521469771416364,0.8334910122989593,0.9229102450636311,0.7800531022064883,0.6913052766502884,0.6797387615588855,-0.2688985869930113,-0.47523422956022826,-0.3071993163853877,-0.08236945707571643,-0.11767937253944517,-0.15253151036103396,-0.14539017914365063,-0.28189947202978605,-0.23209326456495866,-0.620258186590167,-0.7129428998687705,-0.717429120761742,0.475341796875,0.387939453125,0.36474609375,0.360595703125,0.367919921875,0.37060546875,-0.087890625,-0.25052644428846094,-0.5084688863795892,0.7107760856959746,0.41651661732840967,0.965087890625,-0.34375,0.55712890625,0.350830078125,0.0535888671875,-0.010009765625,0.07080078125,0.2757568359375,0.8927001953125,0.9180272835474715,-0.8819238868373669,-0.2977996154667806,-0.3653981139561144,0.04107791375469222,0.005615405743583483,-0.026581621753593555,0.8212225714896084,-0.48759422589800716,0.9967650379955443,-30.0,-26.1875,-1.9375,-5.671875,-11.1484375,-0.94921875,-26.1875,-34.8125,0.0,0,2,1256,1089,1998,1
3,221587,311,0.9426252021851252,0.8668172246467483,0.8826563310647908,0.6913052766502884,0.6797387615588855,0.7343058565019684,-0.14709921567430648,-0.46244697408978547,-0.1945554979094821,-0.11767937253944517,-0.15253151036103396,-0.13348796044801173,-0.2996917630542924,-0.18643757438886685,-0.42783898434400464,-0.7129428998687705,-0.717429120761742,-0.6655781731620227,0.458984375,0.38671875,0.36669921875,0.367919921875,0.37060546875,0.38232421875,-0.382568359375,-0.3611865596484268,-0.48554948576311535,0.6834925382244331,0.40818506424146245,0.9453125,-0.54931640625,0.49169921875,0.282470703125,0.081787109375,0.0357666015625,-0.37744140625,0.275146484375,0.858642578125,0.9170812097537157,-0.8346507156590472,-0.14755699331644642,-0.5306253242591632,0.043122653889584035,0.004638813440351573,-0.022278511917477952,0.858790856654561,-0.03662221137119663,0.9989013336588641,-30.1875,-26.625,-2.1875,-4.98046875,-11.23046875,-0.37109375,-25.75,-35.25,0.0,0,2,1481,1070,1999,1
3,221630,312,0.8895840327158422,0.8942533646656697,0.7800531022064883,0.6797387615588855,0.7343058565019684,0.7642750328073977,0.004974517044587542,-0.43064668721579635,-0.08236945707571643,-0.15253151036103396,-0.13348796044801173,-0.10501419110690634,-0.45677053132725,-0.1218604083376568,-0.620258186590167,-0.717429120761742,-0.6655781731620227,-0.6362804040650655,0.451904296875,0.37451171875,0.360595703125,0.37060546875,0.38232421875,0.39208984375,-0.3154296875,-0.4432508316293832,-0.46134830774864954,0.6516922513504441,0.40739158299508654,0.9404296875,-0.307373046875,0.431396484375,0.240966796875,0.09033203125,0.06298828125,-0.4508056640625,0.275634765625,0.8148193359375,0.9202551347392194,-0.7762993255409406,-0.017731254005554368,-0.630115665150914,0.0413220618305002,0.0029602954191717277,-0.019837031159398177,0.858577227088229,-0.09723197119052705,0.9990234076967681,-30.3125,-27.0625,-2.375,-3.87109375,-11.5703125,0.80859375,-25.3125,-35.625,0.0,0,2,1451,1070,1999,1
3,221680,313,0.847773674733726,0.9217200231940672,0.6913052766502884,0.7343058565019684,0.7642750328073977,0.8079165013580737,0.09530930509353923,-0.37183751945554977,-0.11767937253944517,-0.13348796044801173,-0.10501419110690634,-0.12121951963866084,-0.521713919492172,-0.11035493026520585,-0.7129428998687705,-0.6655781731620227,-0.6362804040650655,-0.576708273567919,0.433837890625,0.374267578125,0.367919921875,0.38232421875,0.39208984375,0.39501953125,-0.10107421875,-0.5156102175969726,-0.456862086855678,0.620105594042787,0.37531662953581346,0.9423828125,0.043701171875,0.569091796875,0.185546875,0.0965576171875,0.071533203125,-0.5042724609375,0.2762451171875,0.7318115234375,0.9314859462263863,-0.6797997985778375,0.06982634968108158,-0.7300637836848048,0.044190801721243934,0.00173955504013184,-0.017212439344462416,0.8604083376567888,-0.01944029053621021,0.9992065187536241,-30.4375,-27.75,-2.375,-2.109375,-11.80859375,2.48046875,-24.8125,-36.0,0.0,0,2,1490,1069,1999,1
3,221751,314,0.8286080507827998,0.9229102450636311,0.6797387615588855,0.7642750328073977,0.8079165013580737,0.8727072969756157,0.025849177526169623,-0.3071993163853877,-0.15253151036103396,-0.10501419110690634,-0.12121951963866084,-0.18936735129856258,-0.5592211676381725,-0.23209326456495866,-0.717429120761742,-0.6362804040650655,-0.576708273567919,-0.4500259407330546,0.42578125,0.36474609375,0.37060546875,0.39208984375,0.39501953125,0.396240234375,-0.0361328125,-0.586901455732902,-0.47785882137516406,0.5786309396649068,0.30396435438093206,0.9501953125,0.063720703125,0.377685546875,0.107666015625,0.0972900390625,0.0748291015625,-0.6103515625,0.2763671875,0.6412353515625,0.945768608661153,-0.5135654774620807,0.10083315530869473,-0.8521073030793176,0.045014801477095856,-0.0027466658528397473,-0.011871700186162909,0.8339793084505752,0.04745628223517563,0.9992065187536241,-30.5,-28.4375,-2.3125,-0.53125,-11.66015625,4.0390625,-24.3125,-36.3125,0.0,0,2,1523,1083,1999,1
3,221782,315,0.8113650929288614,0.8826563310647908,0.7343058565019684,0.8079165013580737,0.8727072969756157,0.8725547044282357,-0.1424909207434309,-0.1945554979094821,-0.13348796044801173,-0.12121951963866084,-0.18936735129856258,-0.2184514908291879,-0.5669118320261238,-0.42783898434400464,-0.6655781731620227,-0.576708273567919,-0.4500259407330546,-0.4369640186773278,0.409423828125,0.36669921875,0.38232421875,0.39501953125,0.396240234375,0.40380859375,-0.24853515625,-0.6059144871364482,-0.48359630115665153,0.5647755363628041,0.282967619861446,0.957275390625,-0.03515625,0.2333984375,0.074951171875,0.08740234375,0.060791015625,-0.572265625,0.2763671875,0.5841064453125,0.9548631244850001,-0.4643086031678213,0.10803552354503006,-0.8790551469466231,0.04544206060975982,-0.0045167394024475845,-0.011719107638782922,0.7938474684896389,-0.3193151646473586,0.9984130375072482,-30.5625,-28.875,-2.1875,0.3515625,-11.421875,4.9296875,-23.8125,-36.6875,0.0,0,2,1340,1103,1999,1
3,221834,316,0.8121585741752373,0.7800531022064883,0.7642750328073977,0.8727072969756157,0.8725547044282357,0.8733481856746117,-0.31113620410779136,-0.08236945707571643,-0.10501419110690634,-0.18936735129856258,-0.2184514908291879,-0.24729148228400524,-0.4935758537553026,-0.620258186590167,-0.6362804040650655,-0.4500259407330546,-0.4369640186773278,-0.4196600238044374,0.404296875,0.360595703125,0.39208984375,0.396240234375,0.40380859375,0.412353515625,-0.276123046875,-0.6272774437696463,-0.4882656331064791,0.5477156895657216,0.26105533005768,0.971435546875,0.01123046875,0.2587890625,0.05224609375,0.0670166015625,0.04833984375,-0.4425048828125,0.27685546875,0.562744140625,0.9593493453779718,-0.40699484237189854,0.1183812982573931,-0.9057283242286447,0.04251228370006409,-0.0068971831415753655,-0.011383404034546954,0.6901150547807245,-0.6649678029725028,0.9972838526566362,-30.5625,-29.375,-2.0,0.671875,-11.26171875,5.6796875,-23.3125,-37.0,0.0,0,2,1167,1154,1998,1
3,221883,317,0.8228400524918363,0.6913052766502884,0.8079165013580737,0.8725547044282357,0.8733481856746117,0.8626972258674886,-0.4287545396282846,-0.11767937253944517,-0.12121951963866084,-0.2184514908291879,-0.24729148228400524,-0.26657918027283545,-0.3729361857966857,-0.7129428998687705,-0.576708273567919,-0.4369640186773278,-0.4196600238044374,-0.42976165044099246,0.40185546875,0.367919921875,0.39501953125,0.40380859375,0.412353515625,0.416748046875,-0.138916015625,-0.6483046967986084,-0.48786889248329113,0.5291604358043153,0.24832911160618915,0.98974609375,-0.171630859375,0.15478515625,-0.022216796875,0.0552978515625,0.0303955078125,-0.3572998046875,0.277099609375,0.5701904296875,0.9604480117191077,-0.36051515243995486,0.14157536545915098,-0.9219336527603992,0.04327524643696402,-0.008728293710135197,-0.012878810998870815,0.640980254524369,-0.27896969512009034,0.9978026673177282,-30.6875,-30.0625,-1.75,0.4609375,-11.05859375,6.55859375,-22.8125,-37.3125,0.0,0,2,1360,1179,1998,1
3,221934,318,0.8334910122989593,0.6797387615588855,0.8727072969756157,0.8733481856746117,0.8626972258674886,0.8710592974639119,-0.47523422956022826,-0.15253151036103396,-0.18936735129856258,-0.24729148228400524,-0.26657918027283545,-0.24594866786706138,-0.28189947202978605,-0.717429120761742,-0.4500259407330546,-0.4196600238044374,-0.42976165044099246,-0.4251838740195929,0.387939453125,0.37060546875,0.396240234375,0.412353515625,0.416748046875,0.42919921875,-0.407470703125,-0.684591204565569,-0.47651600695822016,0.4931180761131626,0.24723044526505325,1.00927734375,-0.341796875,0.365234375,-0.05029296875,0.0787353515625,0.02978515625,-0.3985595703125,0.2779541015625,0.5985107421875,0.9578844569231239,-0.2912991729483932,0.20496230964079715,-0.934415723136082,0.03979613635670034,-0.008606219672231208,-0.012634662923062838,0.6839808343760491,-0.6229132969145786,0.9946592608417005,-30.75,-30.5,-1.5,0.01171875,-11.05859375,7.05859375,-22.3125,-37.625,0.0,0,2,1188,1158,1997,1
3,221985,319,0.8668172246467483,0.7343058565019684,0.8725547044282357,0.8626972258674886,0.8710592974639119,0.8828699606311228,-0.46244697408978547,-0.13348796044801173,-0.2184514908291879,-0.26657918027283545,-0.24594866786706138,-0.21219519638660847,-0.18643757438886685,-0.6655781731620227,-0.4369640186773278,-0.42976165044099246,-0.4251838740195929,-0.41892757957701343,0.38671875,0.38232421875,0.40380859375,0.416748046875,0.42919921875,0.440673828125,-0.370361328125,-0.728782006286813,-0.4606769005401776,0.44300668355357525,0.2457960753196814,1.021484375,-0.242919921875,0.457763671875,0.00341796875,0.0777587890625,0.024658203125,-0.4549560546875,0.2772216796875,0.61279296875,0.9557786797692801,-0.20081179235206154,0.28745384075441754,-0.9365215002899259,0.03967406231879635,-0.008087405011139257,-0.01327555162205878,0.5931577501754814,-0.22357860042115543,0.9975890377513962,-31.0,-31.1875,-1.1875,-0.33984375,-10.890625,7.58984375,-21.75,-37.875,0.0,0,2,1388,1203,1998,1
3,222035,320,0.8942533646656697,0.7642750328073977,0.8733481856746117,0.8710592974639119,0.8828699606311228,0.9079866939298684,-0.43064668721579635,-0.10501419110690634,-0.24729148228400524,-0.24594866786706138,-0.21219519638660847,-0.17416913357951597,-0.1218604083376568,-0.6362804040650655,-0.4196600238044374,-0.4251838740195929,-0.41892757957701343,-0.38111514633625293,0.37451171875,0.39208984375,0.412353515625,0.42919921875,0.440673828125,0.458251953125,-0.57666015625,-0.7753227332377086,-0.43864253669850767,0.38639484847560046,0.239143040253914,1.009521484375,-0.404296875,0.40576171875,0.018310546875,0.0885009765625,0.025390625,-0.5704345703125,0.274169921875,0.6075439453125,0.9537339396343882,-0.09396649067659535,0.3792229987487411,-0.9205298013245033,0.03616443372905667,-0.006683553575243385,-0.01132236701559496,0.76082644123661,0.0314951017792291,0.9932554094058046,-31.1875,-31.6875,-1.0,-0.44921875,-10.640625,7.671875,-21.25,-38.125,0.0,0,2,1515,1119,1996,1
3,222086,321,0.9217200231940672,0.8079165013580737,0.8626972258674886,0.8828699606311228,0.9079866939298684,0.9208349864192633,-0.37183751945554977,-0.12121951963866084,-0.26657918027283545,-0.21219519638660847,-0.17416913357951597,-0.141056550798059,-0.11035493026520585,-0.576708273567919,-0.42976165044099246,-0.41892757957701343,-0.38111514633625293,-0.36356700338755454,0.374267578125,0.39501953125,0.416748046875,0.440673828125,0.458251953125,0.47705078125,-0.605224609375,-0.815759758293405,-0.41245765556810204,0.3346964934232612,0.22888882106997893,0.9580078125,-0.16748046875,0.341796875,0.09130859375,0.08935546875,0.035888671875,-0.62158203125,0.26611328125,0.575927734375,0.9501327555162206,0.0027466658528397473,0.46559038056581314,-0.8850062562944426,0.034943693350016784,-0.005554368724631489,-0.01120029297769097,0.5956297494430371,-0.6060365611743522,0.9911191137424848,-31.5,-32.3125,-0.6875,-0.4296875,-10.03125,7.37109375,-20.6875,-38.375,0.0,0,2,1196,1202,1995,1
3,222136,322,0.9229102450636311,0.8727072969756157,0.8710592974639119,0.9079866939298684,0.9208349864192633,0.9383831293679616,-0.3071993163853877,-0.18936735129856258,-0.24594866786706138,-0.17416913357951597,-0.141056550798059,-0.14645832697531053,-0.23209326456495866,-0.4500259407330546,-0.4251838740195929,-0.38111514633625293,-0.36356700338755454,-0.3130283516953032,0.36474609375,0.396240234375,0.42919921875,0.458251953125,0.47705078125,0.499267578125,-0.725830078125,-0.8432264168218024,-0.4041261024811548,0.29279457991271707,0.19980468153935363,0.916015625,-0.049560546875,0.41455078125,0.162841796875,0.0830078125,0.0323486328125,-0.5408935546875,0.2601318359375,0.5618896484375,0.9443647572252571,0.10809656056398205,0.4963835566270943,-0.8613544114505448,0.031159398174993132,-0.0053102206488235115,-0.0086977752006592,0.7271034882656331,-0.326212347788934,0.9970702230903042,-31.6875,-32.8125,-0.5,-0.5390625,-9.640625,6.96875,-20.125,-38.625,0.0,0,2,1336,1136,1998,1
3,222186,323,0.8826563310647908,0.8725547044282357,0.8828699606311228,0.9208349864192633,0.9383831293679616,0.9511398663289284,-0.1945554979094821,-0.2184514908291879,-0.21219519638660847,-0.141056550798059,-0.14645832697531053,-0.15491195410016176,-0.42783898434400464,-0.4369640186773278,-0.41892757957701343,-0.36356700338755454,-0.3130283516953032,-0.26712851344340344,0.36669921875,0.40380859375,0.440673828125,0.47705078125,0.499267578125,0.523193359375,-0.77978515625,-0.869502853480636,-0.3932920316171758,0.2490310373241371,0.1650746177556688,0.843994140625,-0.224365234375,0.341552734375,0.10498046875,0.09619140625,0.050048828125,-0.6090087890625,0.2509765625,0.5311279296875,0.9353923154393139,0.21985534226508377,0.522293771172216,-0.8239387188329722,0.02945036164433729,-0.005188146610919523,-0.007293923764763329,0.5037690359202857,-0.21210364085818048,0.989349040192877,-32.0625,-33.4375,-0.25,-0.62109375,-8.96875,6.2890625,-19.5625,-38.8125,0.0,0,2,1393,1248,1994,1
3,222237,324,0.7800531022064883,0.8733481856746117,0.9079866939298684,0.9383831293679616,0.9511398663289284,0.966582232123783,-0.08236945707571643,-0.24729148228400524,-0.17416913357951597,-0.14645832697531053,-0.15491195410016176,-0.1488387707144383,-0.620258186590167,-0.4196600238044374,-0.38111514633625293,-0.3130283516953032,-0.26712851344340344,-0.2087160863063448,0.360595703125,0.412353515625,0.458251953125,0.499267578125,0.523193359375,0.546142578125,-0.747314453125,-0.8964812158574175,-0.36832789086581014,0.20172734763634145,0.141392254402295,0.781005859375,-0.22607421875,0.37255859375,0.08154296875,0.0870361328125,0.04248046875,-0.587646484375,0.2437744140625,0.4832763671875,0.9330729087191382,0.31464583269753105,0.5711233863338114,-0.7581713309121982,0.02630695516830958,-0.004547257911923582,-0.005035554063539537,0.4469130527665029,-0.575365459150975,0.9903561510055849,-32.1875,-33.8125,-0.125,-0.30078125,-8.390625,5.7109375,-19.0,-39.0,0.0,0,2,1212,1276,1995,1
3,222288,325,0.6913052766502884,0.8626972258674886,0.9208349864192633,0.9511398663289284,0.966582232123783,0.977996154667806,-0.11767937253944517,-0.26657918027283545,-0.141056550798059,-0.15491195410016176,-0.1488387707144383,-0.13412884914700765,-0.7129428998687705,-0.42976165044099246,-0.36356700338755454,-0.26712851344340344,-0.2087160863063448,-0.1598254341257973,0.367919921875,0.416748046875,0.47705078125,0.523193359375,0.546142578125,0.569580078125,-0.758056640625,-0.9160740989410078,-0.34879604480117193,0.1564989165929136,0.12103640858180487,0.671875,-0.09521484375,0.350341796875,0.047607421875,0.095703125,0.0479736328125,-0.592041015625,0.233154296875,0.4052734375,0.9287087618640706,0.39158299508651995,0.6064638203070162,-0.6920072023682363,0.0249946592608417,-0.0038453321939756462,-0.0037537766655476546,0.13644825586718345,-0.39353617969298377,0.9926450392162847,-32.4375,-34.375,0.0625,0.19921875,-7.4296875,4.58984375,-18.4375,-39.1875,0.0,0,2,1303,1431,1996,1
3,222341,326,0.6797387615588855,0.8710592974639119,0.9383831293679616,0.966582232123783,0.977996154667806,0.9877315591906491,-0.15253151036103396,-0.24594866786706138,-0.14645832697531053,-0.1488387707144383,-0.13412884914700765,-0.11770989104892117,-0.717429120761742,-0.4251838740195929,-0.3130283516953032,-0.2087160863063448,-0.1598254341257973,-0.10272530289620654,0.37060546875,0.42919921875,0.499267578125,0.546142578125,0.569580078125,0.591796875,-0.7236328125,-0.9317606128116703,-0.3274025696584979,0.11465804010132145,0.10724204229865414,0.594482421875,-0.332763671875,0.228759765625,-0.0078125,0.0877685546875,0.0430908203125,-0.626708984375,0.2266845703125,0.3485107421875,0.9262672811059908,0.4491103854487747,0.6419568468276009,-0.6214484084597308,0.02240058595538194,-0.0031128879665517136,-0.002044740134891812,-0.14276558732871486,-0.22879726554155094,0.9852900784325693,-32.5,-34.75,0.1875,0.578125,-6.75,3.71875,-17.8125,-39.375,0.0,0,2,1385,1571,1992,1
3,222390,327,0.7343058565019684,0.8828699606311228,0.9511398663289284,0.977996154667806,0.9877315591906491,0.9921262245551927,-0.13348796044801173,-0.21219519638660847,-0.15491195410016176,-0.13412884914700765,-0.11770989104892117,-0.07696768089846492,-0.6655781731620227,-0.41892757957701343,-0.26712851344340344,-0.1598254341257973,-0.10272530289620654,-0.09878841517380291,0.38232421875,0.440673828125,0.523193359375,0.569580078125,0.591796875,0.61376953125,-0.70849609375,-0.9516281624805445,-0.2723471785637989,0.08990752891628773,0.11026337473677786,0.478759765625,-0.45458984375,-0.017333984375,-0.0166015625,0.079345703125,0.0323486328125,-0.51904296875,0.218994140625,0.2630615234375,0.9223609118930631,0.46259956663716545,0.7160863063447981,-0.5227210303048799,0.021332438123722038,-0.002044740134891812,-0.0019837031159398175,-0.0848719748527482,0.07480086672566912,0.9855037079989013,-32.625,-35.1875,0.25,1.1484375,-5.73046875,2.140625,-17.25,-39.5,0.0,0,2,1537,1542,1992,1
3,222430,328,0.7642750328073977,0.9079866939298684,0.966582232123783,0.9877315591906491,0.9921262245551927,0.9914242988372448,-0.10501419110690634,-0.17416913357951597,-0.1488387707144383,-0.11770989104892117,-0.07696768089846492,-0.045991393780327766,-0.6362804040650655,-0.38111514633625293,-0.2087160863063448,-0.10272530289620654,-0.09878841517380291,-0.12240974150822474,0.39208984375,0.458251953125,0.546142578125,0.591796875,0.61376953125,0.634765625,-0.68408203125,-0.9644459364604633,-0.21997741630298775,0.08792382580034791,0.11722159489730521,0.439208984375,-0.363525390625,-0.1591796875,0.008056640625,0.059814453125,0.0174560546875,-0.353759765625,0.2169189453125,0.2239990234375,0.924344615009003,0.4534440137943663,0.771202734458449,-0.4468214972380749,0.019104586931974244,-0.0013122959074678793,-0.002227851191747795,0.13287759025849177,0.012634662923062838,0.9768364513077181,-32.625,-35.4375,0.1875,1.5,-5.33984375,1.3515625,-16.6875,-39.625,0.0,0,2,1506,1433,1988,1
3,222492,329,0.8079165013580737,0.9208349864192633,0.977996154667806,0.9921262245551927,0.9914242988372448,0.9807123020111698,-0.12121951963866084,-0.141056550798059,-0.13412884914700765,-0.07696768089846492,-0.045991393780327766,-0.02554399243140965,-0.576708273567919,-0.36356700338755454,-0.1598254341257973,-0.09878841517380291,-0.12240974150822474,-0.19379253517258216,0.39501953125,0.47705078125,0.569580078125,0.61376953125,0.634765625,0.65380859375,-0.620361328125,-0.9668263801995911,-0.19177831354716635,0.11777092806787316,0.12082277901547288,0.435302734375,0.19580078125,-0.19189453125,0.086669921875,0.0501708984375,0.0059814453125,-0.065185546875,0.2174072265625,0.18896484375,0.9353007599108859,0.42887661366618857,0.7902462843714713,-0.4376964629047517,0.018127994628742334,-0.0008545182653279214,-0.0034485915707876827,0.6838892788476211,-0.5813470870082705,0.9853511154515213,-32.625,-35.8125,0.125,2.05078125,-5.19140625,0.94140625,-16.0625,-39.75,0.0,0,2,1209,1158,1992,1
3,222532,330,0.8727072969756157,0.9383831293679616,0.9877315591906491,0.9914242988372448,0.9807123020111698,0.9728385265663625,-0.18936735129856258,-0.14645832697531053,-0.11770989104892117,-0.045991393780327766,-0.02554399243140965,-0.03775139622180853,-0.4500259407330546,-0.3130283516953032,-0.10272530289620654,-0.12240974150822474,-0.19379253517258216,-0.228400524918363,0.396240234375,0.499267578125,0.591796875,0.634765625,0.65380859375,0.672607421875,-0.6103515625,-0.9619129001739555,-0.20709860530411695,0.13876766258735923,0.11215552232428969,0.455322265625,0.106689453125,0.0400390625,0.107421875,0.025390625,0.000732421875,0.10009765625,0.218994140625,0.1663818359375,0.9483016449476608,0.42481765190588094,0.7658925138096255,-0.4826502273628956,0.0163274025696585,-0.0010071108127079073,-0.003662221137119663,0.18439283425397504,0.13422040467543564,0.9906002990813929,-32.5625,-36.0625,0.0,2.51953125,-5.19140625,1.3203125,-15.5,-39.8125,0.0,0,2,1567,1407,1995,1
3,222582,331,0.8725547044282357,0.9511398663289284,0.9921262245551927,0.9807123020111698,0.9728385265663625,0.9747306741538744,-0.2184514908291879,-0.15491195410016176,-0.07696768089846492,-0.02554399243140965,-0.03775139622180853,-0.05368205816827906,-0.4369640186773278,-0.26712851344340344,-0.09878841517380291,-0.19379253517258216,-0.228400524918363,-0.21686452833643605,0.40380859375,0.523193359375,0.61376953125,0.65380859375,0.672607421875,0.691162109375,-0.6015625,-0.9639271217993713,-0.20828882717368083,0.13547166356395154,0.09543137913144321,0.477294921875,-0.2001953125,0.270751953125,0.05517578125,0.0347900390625,0.0052490234375,0.0135498046875,0.2208251953125,0.1441650390625,0.9604785302285836,0.45139927365947446,0.7518234809411908,-0.4806360057374798,0.015717032380138555,-0.0012512588885158849,-0.0032959990234076968,0.5666676839503159,-0.4119998779259621,0.9829401532029176,-32.5,-36.25,-0.0625,2.921875,-5.12890625,1.91015625,-14.875,-39.875,0.0,0,2,1294,1216,1991,1
3,222633,332,0.8733481856746117,0.966582232123783,0.9914242988372448,0.9728385265663625,0.9747306741538744,0.9898068178350169,-0.24729148228400524,-0.1488387707144383,-0.045991393780327766,-0.03775139622180853,-0.05368205816827906,-0.05484176152836696,-0.4196600238044374,-0.2087160863063448,-0.12240974150822474,-0.228400524918363,-0.21686452833643605,-0.13135166478469193,0.412353515625,0.546142578125,0.634765625,0.672607421875,0.691162109375,0.701904296875,-0.347900390625,-0.9740897854548783,-0.19177831354716635,0.09256263924069949,0.07641834772789698,0.490966796875,0.08984375,0.302001953125,0.10205078125,0.0386962890625,0.0369873046875,-0.3447265625,0.2222900390625,0.01025390625,0.988891262550737,0.5038300729392376,0.761253700369274,-0.40824610126041444,0.014923551133762628,-0.0012207403790398877,-0.0017700735496078372,-0.1445051423688467,0.05270546586504715,0.9899288918729209,-32.25,-36.5625,-0.1875,4.44921875,-4.1015625,2.03125,-14.3125,-39.9375,0.0,0,2,1526,1572,1994,1
3,222684,333,0.8626972258674886,0.977996154667806,0.9807123020111698,0.9747306741538744,0.9898068178350169,0.9961241492965484,-0.26657918027283545,-0.13412884914700765,-0.02554399243140965,-0.05368205816827906,-0.05484176152836696,-0.08093508713034456,-0.42976165044099246,-0.1598254341257973,-0.19379253517258216,-0.21686452833643605,-0.13135166478469193,-0.03415021210364086,0.416748046875,0.569580078125,0.65380859375,0.691162109375,0.701904296875,0.7158203125,-0.458251953125,-0.9760124515518662,-0.20587786492507706,0.050508133182775354,0.04931791131321146,0.4921875,-0.041015625,0.31005859375,0.06591796875,0.045654296875,0.0372314453125,-0.4180908203125,0.2230224609375,-0.0931396484375,0.9958800012207404,0.5626697592089602,0.7355876338999603,-0.3772392956328013,0.014618366039002656,-0.0016174810022278512,-0.00027466658528397473,-0.08572649311807612,-0.5552232428968169,0.989104892117069,-32.0,-36.6875,-0.25,5.4296875,-3.12890625,1.28125,-13.6875,-40.0,0.0,0,2,1222,1542,1994,1
3,222735,334,0.8710592974639119,0.9877315591906491,0.9728385265663625,0.9898068178350169,0.9961241492965484,0.9931028168584246,-0.24594866786706138,-0.11770989104892117,-0.03775139622180853,-0.05484176152836696,-0.08093508713034456,-0.09164708395641957,-0.4251838740195929,-0.10272530289620654,-0.228400524918363,-0.13135166478469193,-0.03415021210364086,0.07293923764763328,0.42919921875,0.591796875,0.672607421875,0.701904296875,0.7158203125,0.7197265625,-0.123779296875,-0.9818414868617816,-0.18720053712576679,0.0006714072084719382,0.030671102023377177,0.533935546875,-0.120361328125,0.170654296875,0.03369140625,0.0694580078125,0.0406494140625,-0.6300048828125,0.2269287109375,-0.2569580078125,0.9992675557725761,0.6035950804162725,0.7436750389110995,-0.28742332224494155,0.01391644032105472,-0.00173955504013184,0.001281777397991882,-0.5846125675222023,0.0740379039887692,0.9934080019531846,-31.5,-36.75,-0.4375,6.7890625,-1.421875,-0.19921875,-13.0625,-40.0,0.0,0,2,1537,1792,1996,1
3,222785,335,0.8828699606311228,0.9921262245551927,0.9747306741538744,0.9961241492965484,0.9931028168584246,0.9916989654225288,-0.21219519638660847,-0.07696768089846492,-0.05368205816827906,-0.08093508713034456,-0.09164708395641957,-0.10074159978026673,-0.41892757957701343,-0.09878841517380291,-0.21686452833643605,-0.03415021210364086,0.07293923764763328,0.07992797631763665,0.440673828125,0.61376953125,0.691162109375,0.7158203125,0.7197265625,0.730224609375,-0.33935546875,-0.9875789666432692,-0.15497299111911375,-0.001892147587511826,0.02542191839350566,0.588623046875,-0.49072265625,-0.1826171875,-0.01123046875,0.041259765625,0.0091552734375,-0.50830078125,0.23193359375,-0.348388671875,0.999755851924192,0.6080813013092441,0.7579271828363903,-0.23618274483474228,0.01370281075472274,-0.0019226660969878231,0.0013733329264198737,-0.3762627033295694,-0.14545121616260262,0.978057191686758,-31.1875,-36.75,-0.625,7.44921875,-0.37890625,-1.7109375,-12.5,-40.0,0.0,0,2,1427,1688,1989,1
3,222838,336,0.9079866939298684,0.9914242988372448,0.9898068178350169,0.9931028168584246,0.9916989654225288,0.9947508163701285,-0.17416913357951597,-0.045991393780327766,-0.05484176152836696,-0.09164708395641957,-0.10074159978026673,-0.10052797021393475,-0.38111514633625293,-0.12240974150822474,-0.13135166478469193,0.07293923764763328,0.07992797631763665,-0.019043549913022248,0.458251953125,0.634765625,0.701904296875,0.7197265625,0.730224609375,0.7294921875,0.021240234375,-0.9934385204626606,-0.09726248970000305,0.04940946684163945,0.03411969359416486,0.701904296875,0.07275390625,-0.59423828125,-0.06396484375,0.027587890625,0.0272216796875,-0.0753173828125,0.2430419921875,-0.4549560546875,0.999877925962096,0.575426496169927,0.7896359141819513,-0.2129886776329844,0.01336710715048677,-0.0019531846064638203,0.0,-0.28415784173100983,-0.2704550309762871,0.9929502243110446,-30.5625,-36.75,-1.0,8.671875,0.48046875,-2.80078125,-11.875,-40.0,0.0,0,2,1364,1642,1996,1
3,222887,337,0.9208349864192633,0.9807123020111698,0.9961241492965484,0.9916989654225288,0.9947508163701285,0.9713736381115147,-0.141056550798059,-0.02554399243140965,-0.08093508713034456,-0.10074159978026673,-0.10052797021393475,-0.09479049043244728,-0.36356700338755454,-0.19379253517258216,-0.03415021210364086,0.07992797631763665,-0.019043549913022248,-0.21787163914914395,0.47705078125,0.65380859375,0.7158203125,0.730224609375,0.7294921875,0.735107421875,-0.186767578125,-0.978606524857326,-0.12118900112918485,0.15921506393627735,0.04815820795312357,0.74658203125,-0.041259765625,-0.6552734375,-0.02685546875,0.0496826171875,-0.0472412109375,0.6483154296875,0.2489013671875,-0.498046875,0.99984740745262,0.4966582232123783,0.782006286812952,-0.37656788842432937,0.013122959074678793,-0.0019531846064638203,-0.002563554795983764,0.6318552201910459,-0.1476790673543504,0.9912717062898648,-30.0625,-36.625,-1.25,9.44921875,0.62109375,-2.12109375,-11.3125,-39.9375,0.0,0,2,1426,1184,1995,1
3,222936,338,0.9383831293679616,0.9728385265663625,0.9931028168584246,0.9947508163701285,0.9713736381115147,0.9523300881984924,-0.14645832697531053,-0.03775139622180853,-0.09164708395641957,-0.10052797021393475,-0.09479049043244728,-0.08581804864650411,-0.3130283516953032,-0.228400524918363,0.07293923764763328,-0.019043549913022248,-0.21787163914914395,-0.29276406140324107,0.499267578125,0.672607421875,0.7197265625,0.7294921875,0.735107421875,0.7265625,0.283203125,-0.9718619342631306,-0.10141300698873867,0.20474868007446517,0.05731376079592273,0.773193359375,-0.206787109375,0.132080078125,0.02978515625,0.0260009765625,-0.022705078125,0.51806640625,0.2537841796875,-0.5084228515625,0.999786370433668,0.44871364482558673,0.8033692434461501,-0.39146092104861596,0.012848292489394819,-0.0019226660969878231,-0.003509628589739677,-0.20892971587267678,-0.3658253730887783,0.9838251899777215,-29.1875,-36.5,-1.625,10.01953125,0.44921875,0.6484375,-10.6875,-39.875,0.0,0,2,1317,1604,1991,1
3,222986,339,0.9511398663289284,0.9747306741538744,0.9916989654225288,0.9713736381115147,0.9523300881984924,0.9705191198461867,-0.15491195410016176,-0.05368205816827906,-0.10074159978026673,-0.09479049043244728,-0.08581804864650411,-0.07055879390850552,-0.26712851344340344,-0.21686452833643605,0.07992797631763665,-0.21787163914914395,-0.29276406140324107,-0.2304757835627308,0.523193359375,0.691162109375,0.730224609375,0.735107421875,0.7265625,0.730224609375,-0.117431640625,-0.9822077089754936,-0.05157628101443525,0.17099520859401227,0.05789361247596667,0.823974609375,-0.362548828125,0.4013671875,0.05126953125,0.0250244140625,0.0068359375,0.14013671875,0.259765625,-0.546875,0.999816888943144,0.47520371105075226,0.8356273079622791,-0.27558214056825464,0.01315347758415479,-0.0018616290780358287,-0.00271614734336375,0.6371044038209174,0.24246955778679768,0.9961546678060244,-28.6875,-36.4375,-1.8125,10.55078125,0.73828125,1.69921875,-10.125,-39.8125,0.0,0,2,1621,1181,1998,1
3,223037,340,0.966582232123783,0.9898068178350169,0.9947508163701285,0.9523300881984924,0.9705191198461867,0.9874874111148412,-0.1488387707144383,-0.05484176152836696,-0.10052797021393475,-0.08581804864650411,-0.07055879390850552,-0.09530930509353923,-0.2087160863063448,-0.13135166478469193,-0.019043549913022248,-0.29276406140324107,-0.2304757835627308,-0.12573625904110844,0.546142578125,0.701904296875,0.7294921875,0.7265625,0.730224609375,0.718017578125,0.389404296875,-0.9917294839320048,-0.005401776177251503,0.11920529801324503,0.04730368968779565,0.97265625,-0.38134765625,0.0,0.111328125,0.0396728515625,0.0318603515625,-0.5274658203125,0.277099609375,-0.7060546875,0.999877925962096,0.5126194036683248,0.8465224158452102,-0.14362010559404279,0.013336588641010774,-0.002349925229651784,-0.0013733329264198737,-0.11664174321726127,0.1901608325449385,0.9739371929074984,-27.75,-36.1875,-2.0,12.33984375,2.109375,1.76953125,-9.5,-39.75,0.0,0,2,1595,1558,1986,1
3,223088,341,0.977996154667806,0.9961241492965484,0.9713736381115147,0.9705191198461867,0.9874874111148412,0.9817499313333536,-0.13412884914700765,-0.08093508713034456,-0.09479049043244728,-0.07055879390850552,-0.09530930509353923,-0.12265388958403271,-0.1598254341257973,-0.03415021210364086,-0.21787163914914395,-0.2304757835627308,-0.12573625904110844,-0.14539017914365063,0.569580078125,0.7158203125,0.735107421875,0.730224609375,0.718017578125,0.7177734375,0.009765625,-0.990295113986633,0.050721762749107335,0.12457655568102054,0.0347911008026368,1.0498046875,-0.142822265625,-0.0703125,0.09375,0.0240478515625,0.0299072265625,-0.14453125,0.2874755859375,-0.785400390625,0.999877925962096,0.5361491744743186,0.8420667134617146,-0.058992278817102575,0.013397625659962768,-0.0029297769096957305,-0.00173955504013184,0.6503799554429761,-0.4987640003662221,0.9932554094058046,-27.125,-36.0,-2.1875,13.33984375,2.73828125,0.890625,-8.9375,-39.625,0.0,0,2,1250,1174,1996,1
3,223143,342,0.9877315591906491,0.9931028168584246,0.9523300881984924,0.9874874111148412,0.9817499313333536,0.9760429700613422,-0.11770989104892117,-0.09164708395641957,-0.08581804864650411,-0.09530930509353923,-0.12265388958403271,-0.17801446577349161,-0.10272530289620654,0.07293923764763328,-0.29276406140324107,-0.12573625904110844,-0.14539017914365063,-0.12518692587054048,0.591796875,0.7197265625,0.7265625,0.718017578125,0.7177734375,0.70361328125,0.46484375,-0.9913937803277688,0.04336680196539201,0.12262337107455672,0.015137180700094607,1.114013671875,0.414794921875,-0.09912109375,0.105224609375,0.02099609375,0.0516357421875,-0.2374267578125,0.29736328125,-0.8558349609375,0.999877925962096,0.5559556871242408,0.8282418286690878,-0.07016205328531755,0.013336588641010774,-0.0038453321939756462,-0.001434369945371868,-0.27893917661061435,-0.7055574205755791,0.9763176366466262,-26.0625,-35.6875,-2.4375,14.01953125,3.5390625,0.7890625,-8.3125,-39.5,0.0,0,2,1147,1639,1988,1
3,223180,343,0.9921262245551927,0.9916989654225288,0.9705191198461867,0.9817499313333536,0.9760429700613422,0.9682912686544389,-0.07696768089846492,-0.10074159978026673,-0.07055879390850552,-0.12265388958403271,-0.17801446577349161,-0.21915341654713583,-0.09878841517380291,0.07992797631763665,-0.2304757835627308,-0.14539017914365063,-0.12518692587054048,-0.11987670522171698,0.61376953125,0.730224609375,0.730224609375,0.7177734375,0.70361328125,0.703125,0.013916015625,-0.9908444471572009,-0.006164738914151433,0.1347087008270516,-0.004150517288735618,1.146240234375,0.21142578125,-0.072998046875,0.034912109375,0.0179443359375,0.033935546875,-0.0377197265625,0.302734375,-0.8897705078125,0.999877925962096,0.5666066469313639,0.8070314645832698,-0.1663258766441847,0.013306070131534776,-0.004608294930875576,-0.0011597033600878933,0.5628833887752922,-0.42445142979216893,0.9979247413556321,-25.4375,-35.5,-2.5625,14.359375,3.94140625,0.578125,-7.75,-39.375,0.0,0,2,1287,1218,1998,1
3,223241,344,0.9914242988372448,0.9947508163701285,0.9874874111148412,0.9760429700613422,0.9682912686544389,0.9709768974883267,-0.045991393780327766,-0.10052797021393475,-0.09530930509353923,-0.17801446577349161,-0.21915341654713583,-0.22641682180242317,-0.12240974150822474,-0.019043549913022248,-0.12573625904110844,-0.12518692587054048,-0.11987670522171698,-0.07702871791741692,0.634765625,0.7294921875,0.718017578125,0.70361328125,0.703125,0.6884765625,0.47265625,-0.9926755577257607,-0.002868739890743736,0.12088381603442488,-0.00021362956633198035,1.1953125,-0.4912109375,0.09716796875,-0.148681640625,0.005859375,0.0433349609375,-0.212646484375,0.3111572265625,-0.934326171875,0.999908444471572,0.5531785027619252,0.8209479049043245,-0.14154484694967498,0.01336710715048677,-0.004852443006683554,-0.0005493331705679495,-0.3272194586016419,-0.09079256569109165,0.9857478560747093,-24.375,-35.125,-2.8125,14.8515625,4.48046875,0.921875,-7.1875,-39.1875,0.0,0,2,1454,1663,1992,1
3,223282,345,0.9807123020111698,0.9713736381115147,0.9817499313333536,0.9682912686544389,0.9709768974883267,0.9819330423902096,-0.02554399243140965,-0.09479049043244728,-0.12265388958403271,-0.21915341654713583,-0.22641682180242317,-0.18179876094851527,-0.19379253517258216,-0.21787163914914395,-0.14539017914365063,-0.11987670522171698,-0.07702871791741692,-0.052308725241859186,0.65380859375,0.735107421875,0.7177734375,0.703125,0.6884765625,0.687744140625,0.028564453125,-0.9929502243110446,0.05941953794976653,0.09887997070223091,0.02728354747154149,1.2177734375,-0.52685546875,0.35791015625,-0.1884765625,-0.0079345703125,0.036865234375,-0.21142578125,0.3154296875,-0.951904296875,0.999877925962096,0.5153355510116886,0.8569597460860011,-0.006561479537339396,0.013672292245246742,-0.004547257911923582,-0.0003967406231879635,0.25595873897518845,-0.3245948667867061,0.9965208899197363,-23.75,-34.9375,-2.9375,15.109375,4.69140625,0.5390625,-6.625,-39.0,0.0,0,2,1337,1372,1998,1
3,223353,346,0.9728385265663625,0.9523300881984924,0.9760429700613422,0.9709768974883267,0.9819330423902096,0.9880977813043611,-0.03775139622180853,-0.08581804864650411,-0.17801446577349161,-0.22641682180242317,-0.18179876094851527,-0.1445356608783227,-0.228400524918363,-0.29276406140324107,-0.12518692587054048,-0.07702871791741692,-0.052308725241859186,0.052461317789239174,0.672607421875,0.7265625,0.70361328125,0.6884765625,0.687744140625,0.67919921875,0.27490234375,-0.9837031159398175,0.16360972930082096,0.03363139744254891,0.06668294320505387,1.2333984375,-0.42822265625,0.042724609375,-0.005859375,0.032958984375,0.0184326171875,-0.6614990234375,0.3194580078125,-0.9393310546875,0.999877925962096,0.4448377941221351,0.8606524857325968,0.2478408154545732,0.013611255226294748,-0.004089480269783624,0.0006103701895199438,-0.3519699697866756,0.3688467055269021,0.9868160039063693,-22.875,-34.625,-3.25,15.37109375,4.48046875,-0.87890625,-6.0,-38.8125,0.0,0,2,1684,1675,1993,1
3,223383,347,0.9747306741538744,0.9705191198461867,0.9682912686544389,0.9819330423902096,0.9880977813043611,0.9857783745841853,-0.05368205816827906,-0.07055879390850552,-0.21915341654713583,-0.18179876094851527,-0.1445356608783227,-0.15268410290841394,-0.21686452833643605,-0.2304757835627308,-0.11987670522171698,-0.052308725241859186,0.052461317789239174,0.07028412732322153,0.691162109375,0.730224609375,0.703125,0.687744140625,0.67919921875,0.6826171875,-0.11279296875,-0.9765312662129582,0.20285653248695334,0.023560289315469832,0.0684835352641377,1.24169921875,-0.45068359375,0.129638671875,0.03076171875,0.029052734375,0.0113525390625,-0.475830078125,0.3226318359375,-0.9063720703125,0.99984740745262,0.434492019409772,0.8399609363078707,0.32511368144779806,0.013489181188390759,-0.0043641468550675985,0.0007019257179479354,-0.0848414563432722,-0.002533036286507767,0.9945982238227485,-22.375,-34.5,-3.5,15.44921875,4.01953125,-2.390625,-5.4375,-38.625,0.0,0,2,1498,1542,1997,1
3,223434,348,0.9898068178350169,0.9874874111148412,0.9709768974883267,0.9880977813043611,0.9857783745841853,0.97750785851619,-0.05484176152836696,-0.09530930509353923,-0.22641682180242317,-0.1445356608783227,-0.15268410290841394,-0.1860408337656789,-0.13135166478469193,-0.12573625904110844,-0.07702871791741692,0.052461317789239174,0.07028412732322153,0.09927671132541886,0.701904296875,0.718017578125,0.6884765625,0.67919921875,0.6826171875,0.68701171875,-0.137451171875,-0.9663075655384991,0.250068666646321,0.0030518509475997192,0.06076235236671041,1.243896484375,0.061767578125,-0.010009765625,0.115478515625,0.02490234375,0.0267333984375,-0.4718017578125,0.324951171875,-0.874267578125,0.99984740745262,0.4359263893551439,0.7954344309823909,0.4210028382213813,0.01272621845149083,-0.004486220892971587,0.0008545182653279214,-0.4194769127475814,0.08001953184606464,0.9956663716544084,-21.875,-34.3125,-3.8125,15.3984375,3.66015625,-3.30859375,-4.9375,-38.375,0.0,0,2,1540,1709,1997,1
3,223484,349,0.9961241492965484,0.9817499313333536,0.9819330423902096,0.9857783745841853,0.97750785851619,0.9681997131260109,-0.08093508713034456,-0.12265388958403271,-0.18179876094851527,-0.15268410290841394,-0.1860408337656789,-0.22772911770989104,-0.03415021210364086,-0.14539017914365063,-0.052308725241859186,0.07028412732322153,0.09927671132541886,0.10357982116153447,0.7158203125,0.7177734375,0.687744140625,0.6826171875,0.68701171875,0.68701171875,-0.005859375,-0.9758293404950102,0.21485030671102023,0.019226660969878233,0.035309915463728754,1.25146484375,0.32177734375,-0.332275390625,0.1044921875,0.015380859375,0.030517578125,-0.2255859375,0.32958984375,-0.830322265625,0.99984740745262,0.4747459334086123,0.8094729453413495,0.3454695272682882,0.012451551866206854,-0.0053102206488235115,0.001098666341135899,-0.43665883358256785,-0.771355327005829,0.9941404461806085,-21.25,-34.1875,-4.3125,15.25,3.23046875,-4.66015625,-4.375,-38.125,0.0,0,2,1114,1718,1997,1
3,223535,350,0.9931028168584246,0.9760429700613422,0.9880977813043611,0.97750785851619,0.9681997131260109,0.9708548234504227,-0.09164708395641957,-0.17801446577349161,-0.1445356608783227,-0.1860408337656789,-0.22772911770989104,-0.23661000396740622,0.07293923764763328,-0.12518692587054048,0.052461317789239174,0.09927671132541886,0.10357982116153447,0.03836176641132847,0.7197265625,0.70361328125,0.67919921875,0.68701171875,0.68701171875,0.697021484375,-0.320556640625,-0.9813531907101657,0.17792291024506363,0.07141331217383343,0.013000885036774804,1.241455078125,0.171142578125,-0.640625,-0.084716796875,0.015625,0.0567626953125,0.115966796875,0.330810546875,-0.83935546875,0.999877925962096,0.5173497726371044,0.8247322000793481,0.228370006408887,0.01174962614825892,-0.0050050355540635395,0.0004272591326639607,-0.5391094698934904,0.2836695455793939,0.9995117038483841,-20.9375,-34.125,-4.6875,15.078125,3.55078125,-4.51953125,-3.8125,-37.875,0.0,0,2,1641,1769,1999,1
3,223586,351,0.9916989654225288,0.9682912686544389,0.9857783745841853,0.9681997131260109,0.9708548234504227,0.9724723044526505,-0.10074159978026673,-0.21915341654713583,-0.15268410290841394,-0.22772911770989104,-0.23661000396740622,-0.2022766808069094,0.07992797631763665,-0.11987670522171698,0.07028412732322153,0.10357982116153447,0.03836176641132847,-0.11572618793298135,0.730224609375,0.703125,0.6826171875,0.68701171875,0.697021484375,0.710693359375,-0.442138671875,-0.9693594164860988,0.18124942777794734,0.16537980285042878,0.012665181432538836,1.188232421875,-0.67431640625,-0.45458984375,-0.1884765625,0.01220703125,-0.003662109375,0.6495361328125,0.3270263671875,-0.8768310546875,0.999877925962096,0.5206457716605121,0.8422193060090946,0.13995788445692312,0.011383404034546954,-0.0045167394024475845,-0.0013428144169438765,0.5587939085055086,0.4435254982146672,0.9941709646900846,-20.625,-34.0,-5.25,14.51953125,4.51953125,-2.7109375,-3.3125,-37.625,0.0,0,2,1721,1220,1997,1
3,223636,352,0.9947508163701285,0.9709768974883267,0.97750785851619,0.9708548234504227,0.9724723044526505,0.9690847499008148,-0.10052797021393475,-0.22641682180242317,-0.1860408337656789,-0.23661000396740622,-0.2022766808069094,-0.11655018768883328,-0.019043549913022248,-0.07702871791741692,0.09927671132541886,0.03836176641132847,-0.11572618793298135,-0.217505417035432,0.7294921875,0.6884765625,0.68701171875,0.697021484375,0.710693359375,0.725830078125,-0.492919921875,-0.9427472762230292,0.2541581469161046,0.21170690023499253,0.04211554307687613,1.1337890625,-0.05224609375,-0.214111328125,-0.1376953125,0.0194091796875,-0.02197265625,0.42431640625,0.3211669921875,-0.89453125,0.999877925962096,0.4935148167363506,0.8388622699667349,0.22977385784478285,0.010711996826075015,-0.0031128879665517136,-0.002685628833887753,0.26987517929624316,-0.5185094759971923,0.9813837092196417,-20.5,-33.875,-5.5,13.73828125,5.28125,-0.78125,-2.75,-37.3125,0.0,0,2,1240,1365,1990,1
3,223687,353,0.9713736381115147,0.9819330423902096,0.9681997131260109,0.9724723044526505,0.9690847499008148,0.9714346751304667,-0.09479049043244728,-0.18179876094851527,-0.22772911770989104,-0.2022766808069094,-0.11655018768883328,-0.119602038636433,-0.21787163914914395,-0.052308725241859186,0.10357982116153447,-0.11572618793298135,-0.217505417035432,-0.20502334665974914,0.735107421875,0.687744140625,0.68701171875,0.710693359375,0.725830078125,0.725341796875,0.014404296875,-0.9521469771416364,0.21225623340556046,0.2164677877132481,0.03851435895870846,1.1533203125,0.60009765625,0.22314453125,0.13623046875,-0.007080078125,-0.085693359375,0.3736572265625,0.3243408203125,-0.9140625,0.999877925962096,0.47666859950560014,0.8643757438886684,0.16006958220160528,0.010803552354503006,-0.003326517532883694,-0.0024414807580797754,0.315469832453383,-0.7554551835688345,0.9953001495406965,-19.9375,-33.6875,-5.5625,13.87109375,5.58984375,1.05859375,-2.25,-37.0,0.0,0,2,1122,1342,1997,1
3,223737,354,0.9523300881984924,0.9880977813043611,0.9708548234504227,0.9690847499008148,0.9714346751304667,0.97872859889523,-0.08581804864650411,-0.1445356608783227,-0.23661000396740622,-0.11655018768883328,-0.119602038636433,-0.18311105685598317,-0.29276406140324107,0.052461317789239174,0.03836176641132847,-0.217505417035432,-0.20502334665974914,-0.0923795281838435,0.7265625,0.67919921875,0.697021484375,0.725830078125,0.725341796875,0.692626953125,1.06494140625,-0.9700918607135227,0.17575609607226783,0.16641743217261268,0.0184636982329783,1.28271484375,-0.31494140625,0.396484375,0.10595703125,-0.0001220703125,-0.0042724609375,-0.227783203125,0.3421630859375,-0.931396484375,0.999816888943144,0.4790490432447279,0.8649861140781884,0.14938810388500626,0.01141392254402295,-0.00445570238349559,-0.0011291848506118961,-0.22705771050141912,-0.31815546128727074,0.9809564500869777,-18.625,-33.375,-5.4375,15.73046875,5.1015625,2.140625,-1.75,-36.6875,0.0,0,2,1340,1613,1990,1
3,223788,355,0.9705191198461867,0.9857783745841853,0.9724723044526505,0.9714346751304667,0.97872859889523,0.9764397106845302,-0.07055879390850552,-0.15268410290841394,-0.2022766808069094,-0.119602038636433,-0.18311105685598317,-0.21109653004547257,-0.2304757835627308,0.07028412732322153,-0.11572618793298135,-0.20502334665974914,-0.0923795281838435,-0.04492324594866787,0.730224609375,0.6826171875,0.710693359375,0.725341796875,0.692626953125,0.637939453125,1.77099609375,-0.95684682760094,0.26020081179235205,0.12625507370220038,0.028260139774773402,1.445068359375,-0.917724609375,0.06201171875,0.0048828125,0.0089111328125,0.046875,-0.5172119140625,0.3671875,-0.902587890625,0.999664296395764,0.4447157200842311,0.8247932370983001,0.3492538224433119,0.012909329508346813,-0.006286812952055422,-0.001281777397991882,0.43864253669850767,-0.4683980834376049,-0.9425031281472213,-16.6875,-33.125,-5.25,18.30078125,3.9296875,1.609375,-1.25,-36.3125,0.0,0,2,1265,1280,1028,1
3,223841,356,0.9874874111148412,0.97750785851619,0.9690847499008148,0.97872859889523,0.9764397106845302,0.9742423780022583,-0.09530930509353923,-0.1860408337656789,-0.11655018768883328,-0.18311105685598317,-0.21109653004547257,-0.19641712698751793,-0.12573625904110844,0.09927671132541886,-0.217505417035432,-0.0923795281838435,-0.04492324594866787,-0.11072115237891782,0.718017578125,0.68701171875,0.725830078125,0.692626953125,0.637939453125,0.60693359375,1.010498046875,-0.9148228400524918,0.37867366557817317,0.13428144169438766,0.04052858058412427,1.5146484375,-0.578369140625,-0.254638671875,-0.031982421875,0.015625,0.0211181640625,-0.336669921875,0.37890625,-0.8519287109375,0.99954222235786,0.4308908352916044,0.717734305856502,0.5470137638477737,0.013550218207342753,-0.00640888698995941,-0.003326517532883694,-0.1718497268593402,-0.2948393200476089,0.966429639576403,-15.375,-33.0,-5.1875,19.41015625,3.171875,0.9296875,-0.75,-36.0,0.0,0,2,1352,1585,1983,1
3,223883,357,0.9817499313333536,0.9681997131260109,0.9714346751304667,0.9764397106845302,0.9742423780022583,0.9685964537491989,-0.12265388958403271,-0.22772911770989104,-0.119602038636433,-0.21109653004547257,-0.19641712698751793,-0.17209387493514816,-0.14539017914365063,0.10357982116153447,-0.20502334665974914,-0.04492324594866787,-0.11072115237891782,-0.1794488357188635,0.7177734375,0.68701171875,0.725341796875,0.637939453125,0.60693359375,0.582763671875,0.786865234375,-0.8831751457258827,0.43842890713217564,0.16122928556169316,0.04187139500106815,1.548828125,-0.496337890625,-0.152099609375,-0.0703125,-0.0394287109375,0.021484375,0.138671875,0.3851318359375,-0.809326171875,0.9994506668294321,0.4380626850184637,0.6471449934385205,0.6239204077272866,0.014069032868434707,-0.006805627613147374,-0.005401776177251503,0.6267891476180303,-0.020783104953154087,0.9969481490524003,-14.25,-32.875,-5.1875,19.921875,2.8203125,0.80859375,-0.3125,-35.625,0.0,0,2,1489,1186,1998,1
3,223931,358,0.9760429700613422,0.9708548234504227,0.97872859889523,0.9742423780022583,0.9685964537491989,0.9712515640736107,-0.17801446577349161,-0.23661000396740622,-0.18311105685598317,-0.19641712698751793,-0.17209387493514816,-0.13333536790063175,-0.12518692587054048,0.03836176641132847,-0.0923795281838435,-0.11072115237891782,-0.1794488357188635,-0.19718008972441786,0.70361328125,0.697021484375,0.692626953125,0.60693359375,0.582763671875,0.533447265625,1.6015625,-0.8423413800469985,0.5079195532090213,0.16669209875789667,0.0686056093020417,1.56103515625,-0.53466796875,-0.078369140625,-0.114013671875,-0.0360107421875,-0.005859375,-0.0540771484375,0.3868408203125,-0.795654296875,0.9994201483199561,0.3838923306985687,0.5450300607318339,0.7453535569322794,0.015381328775902585,-0.007019257179479354,-0.007599108859523301,0.4399853511154515,0.7005523850215155,-0.9439069795831172,-12.5,-32.6875,-5.0625,19.9296875,3.4609375,1.640625,0.1875,-35.25,0.0,0,2,1850,1280,1028,1
3,223982,359,0.9682912686544389,0.9724723044526505,0.9764397106845302,0.9685964537491989,0.9712515640736107,0.9737235633411664,-0.21915341654713583,-0.2022766808069094,-0.21109653004547257,-0.17209387493514816,-0.13333536790063175,-0.08252204962309641,-0.11987670522171698,-0.11572618793298135,-0.04492324594866787,-0.1794488357188635,-0.19718008972441786,-0.21225623340556046,0.703125,0.710693359375,0.637939453125,0.582763671875,0.533447265625,0.509765625,0.77099609375,-0.8021179845576342,0.5637989440595721,0.17587817011017182,0.08825952940458388,1.569091796875,-0.130615234375,0.1484375,-0.062255859375,-0.004150390625,-0.01025390625,0.046142578125,0.387939453125,-0.74658203125,0.9993285927915281,0.35920285653248696,0.44157231360820337,0.8221686452833643,0.016022217474898525,-0.0065919980468153935,-0.0097964415417951,-0.22995696890163883,-0.7706839197973571,0.9705496383556627,-11.4375,-32.5625,-5.0,20.0390625,3.25,1.96875,0.625,-34.8125,0.0,0,2,1114,1614,1985,1
3,224032,360,0.9709768974883267,0.9690847499008148,0.9742423780022583,0.9712515640736107,0.9737235633411664,0.9818109683523056,-0.22641682180242317,-0.11655018768883328,-0.19641712698751793,-0.13333536790063175,-0.08252204962309641,-0.12204351939451277,-0.07702871791741692,-0.217505417035432,-0.11072115237891782,-0.19718008972441786,-0.21225623340556046,-0.14542069765312662,0.6884765625,0.725830078125,0.60693359375,0.533447265625,0.509765625,0.464111328125,1.482421875,-0.8224433118686484,0.5384685811944945,0.15704824976348156,0.09475997192297128,1.576904296875,0.754638671875,0.24755859375,0.15087890625,-0.070068359375,0.0087890625,-0.171630859375,0.3883056640625,-0.68212890625,0.9992065187536241,0.28263191625721,0.4789880062257759,0.8310800500503556,0.01751762443922239,-0.009308145390179145,-0.01022370067445906,0.5816522721030305,-0.5929136020996735,-0.9475692007202369,-9.8125,-32.375,-4.875,20.08984375,3.19140625,2.5390625,1.0625,-34.4375,0.0,0,2,1203,1209,1026,1
3,224083,361,0.9819330423902096,0.9714346751304667,0.9685964537491989,0.9737235633411664,0.9818109683523056,0.9828791161839656,-0.18179876094851527,-0.119602038636433,-0.17209387493514816,-0.08252204962309641,-0.12204351939451277,-0.17886898403881954,-0.052308725241859186,-0.20502334665974914,-0.1794488357188635,-0.21225623340556046,-0.14542069765312662,-0.04422132023071993,0.687744140625,0.725341796875,0.582763671875,0.509765625,0.464111328125,0.442138671875,0.71484375,-0.8632465590380566,0.4812768944364757,0.12802514725180822,0.08215582750938444,1.568603515625,-0.043701171875,0.187744140625,0.05615234375,-0.0107421875,0.0316162109375,-0.3316650390625,0.38623046875,-0.596923828125,0.9990234076967681,0.23340556047242653,0.5746024964140751,0.7844477675710319,0.018066957609790338,-0.01315347758415479,-0.008758812219611195,-0.29993591113010043,-0.09408856471449935,0.9929502243110446,-8.8125,-32.25,-4.8125,20.0703125,2.55859375,2.5390625,1.5,-34.0,0.0,0,2,1452,1649,1996,1
3,224133,362,0.9880977813043611,0.97872859889523,0.9712515640736107,0.9818109683523056,0.9828791161839656,0.9804071169164098,-0.1445356608783227,-0.18311105685598317,-0.13333536790063175,-0.12204351939451277,-0.17886898403881954,-0.19302957243568225,0.052461317789239174,-0.0923795281838435,-0.19718008972441786,-0.14542069765312662,-0.04422132023071993,0.03958250679036836,0.67919921875,0.692626953125,0.533447265625,0.464111328125,0.442138671875,0.399169921875,1.39306640625,-0.8505508590960418,0.5059053315836055,0.09747611926633504,0.10553300576799829,1.568603515625,-0.47509765625,0.357177734375,-0.14990234375,-0.069580078125,0.039306640625,-0.3089599609375,0.3851318359375,-0.4654541015625,0.9986266670735802,0.1327249977111118,0.5157628101443525,0.8464003418073062,0.01989806817835017,-0.01565599536118656,-0.010071108127079073,-0.6133304849391156,0.707052827539903,-0.9572435682241279,-7.25,-32.1875,-4.625,20.2109375,1.62890625,2.1796875,1.875,-33.5625,0.0,0,2,1853,1806,1021,1
3,224184,363,0.9857783745841853,0.9764397106845302,0.9737235633411664,0.9828791161839656,0.9804071169164098,0.9759819330423902,-0.15268410290841394,-0.21109653004547257,-0.08252204962309641,-0.17886898403881954,-0.19302957243568225,-0.16565446943571277,0.07028412732322153,-0.04492324594866787,-0.21225623340556046,-0.04422132023071993,0.03958250679036836,0.14157536545915098,0.6826171875,0.637939453125,0.509765625,0.442138671875,0.399169921875,0.378662109375,0.6728515625,-0.8055970946378979,0.5679189428388317,0.060365611743522445,0.15768913846247748,1.549560546875,-0.447998046875,0.191162109375,-0.17041015625,0.0006103515625,0.0311279296875,-0.5819091796875,0.38134765625,-0.357666015625,0.9982299264503922,0.0008239997558519242,0.3619800408948027,0.9321878719443343,0.02240058595538194,-0.01532029175695059,-0.01217688528092288,-0.9561143833735161,-0.33976256599627674,0.586870937223426,-6.375,-32.125,-4.625,20.0390625,0.78125,1.87890625,2.3125,-33.125,0.0,0,2,1330,1978,1793,1
3,224234,364,0.97750785851619,0.9742423780022583,0.9818109683523056,0.9804071169164098,0.9759819330423902,0.967558824427015,-0.1860408337656789,-0.19641712698751793,-0.12204351939451277,-0.19302957243568225,-0.16565446943571277,-0.1597949156163213,0.09927671132541886,-0.11072115237891782,-0.14542069765312662,0.03958250679036836,0.14157536545915098,0.19574571977904598,0.68701171875,0.60693359375,0.464111328125,0.399169921875,0.378662109375,0.340087890625,1.24658203125,-0.7880489516891995,0.5845515305032503,0.0663777581102939,0.18127994628742333,1.522216796875,0.67431640625,-0.2744140625,-0.1630859375,-0.045166015625,0.05517578125,-0.459228515625,0.375732421875,-0.1558837890625,0.9971617786187322,-0.06607257301553392,0.30286568803979613,0.9507431257057405,0.025788140507217627,-0.017761772515030368,-0.015015106662190619,-0.8560747093111972,-0.059297463911862545,-0.9819940794091616,-4.9375,-32.1875,-4.5,19.7109375,-0.9609375,1.5,2.6875,-32.6875,0.0,0,2,1470,1928,1009,1
3,224285,365,0.9681997131260109,0.9685964537491989,0.9828791161839656,0.9759819330423902,0.967558824427015,0.9870601519821772,-0.22772911770989104,-0.17209387493514816,-0.17886898403881954,-0.16565446943571277,-0.1597949156163213,-0.07834101382488479,0.10357982116153447,-0.1794488357188635,-0.04422132023071993,0.14157536545915098,0.19574571977904598,0.13986632892849513,0.68701171875,0.582763671875,0.442138671875,0.378662109375,0.340087890625,0.322265625,0.584228515625,-0.8351695303201392,0.5052034058656575,0.1584826197088534,0.1487777336954863,1.504638671875,0.607177734375,-1.01171875,-0.1591796875,-0.02978515625,-0.0516357421875,0.0989990234375,0.372314453125,-0.0843505859375,0.9967040009765923,0.024719992675557727,0.4925687429425947,0.8699301126133,0.02621539963988159,-0.023743400372325817,-0.01586962492751854,-0.9557176427503281,-0.05487228003784295,0.9066438795129246,-4.0,-32.1875,-4.5,19.4609375,-1.328125,1.4609375,3.0625,-32.1875,0.0,0,2,1472,1977,1953,1
3,224336,366,0.9708548234504227,0.9712515640736107,0.9804071169164098,0.967558824427015,0.9870601519821772,0.9982299264503922,-0.23661000396740622,-0.13333536790063175,-0.19302957243568225,-0.1597949156163213,-0.07834101382488479,-0.0195928830835902,0.03836176641132847,-0.19718008972441786,0.03958250679036836,0.19574571977904598,0.13986632892849513,-0.05639820551164281,0.697021484375,0.533447265625,0.399169921875,0.340087890625,0.322265625,0.280029296875,1.373046875,-0.8310190130314036,0.46055482650227364,0.29938657795953244,0.08743552964873195,1.44287109375,0.224365234375,-0.73193359375,-0.198974609375,-0.06103515625,-0.0272216796875,0.7352294921875,0.359130859375,-0.162353515625,0.9974364452040162,0.19357890560625018,0.5919370097964416,0.78240302743614,0.027436140018921477,-0.033417767876216926,-0.023255104220709862,0.23297830133976258,0.7322000793481246,-0.9923093356120487,-2.5625,-32.25,-4.125,18.5390625,0.6484375,2.76953125,3.4375,-31.6875,0.0,0,2,1866,1383,1003,1
3,224387,367,0.9724723044526505,0.9737235633411664,0.9759819330423902,0.9870601519821772,0.9982299264503922,0.9802545243690298,-0.2022766808069094,-0.08252204962309641,-0.16565446943571277,-0.07834101382488479,-0.0195928830835902,0.07345805230872524,-0.11572618793298135,-0.21225623340556046,0.14157536545915098,0.13986632892849513,-0.05639820551164281,-0.1836298715170751,0.710693359375,0.509765625,0.378662109375,0.322265625,0.280029296875,0.2578125,0.7177734375,-0.8060243537705618,0.44517349772637105,0.38529618213446454,0.060731833857234414,1.37548828125,0.13330078125,-0.226318359375,-0.092041015625,-0.03662109375,-0.0323486328125,0.6378173828125,0.3450927734375,-0.2330322265625,0.9980773339030122,0.282143620105594,0.619067964720603,0.7329020050660726,0.028290658284249398,-0.04062013611255226,-0.03210547196874905,-0.6569414349803155,0.6422620319223609,-0.9382305368205817,-1.75,-32.1875,-3.75,17.37890625,2.1015625,3.6484375,3.75,-31.1875,0.0,0,2,1821,1828,1030,1
3,224437,368,0.9690847499008148,0.9818109683523056,0.967558824427015,0.9982299264503922,0.9802545243690298,0.9794000061037019,-0.11655018768883328,-0.12204351939451277,-0.1597949156163213,-0.0195928830835902,0.07345805230872524,0.15359965819269386,-0.217505417035432,-0.14542069765312662,0.19574571977904598,-0.05639820551164281,-0.1836298715170751,-0.13116855372783592,0.725830078125,0.464111328125,0.340087890625,0.280029296875,0.2578125,0.218505859375,1.28076171875,-0.8092287972655415,0.42701498458815274,0.39906002990813927,0.059755241554002504,1.314697265625,0.263916015625,0.305908203125,-0.03955078125,-0.0440673828125,-0.030517578125,0.516845703125,0.330810546875,-0.2396240234375,0.9984740745262002,0.2543717764824366,0.6347849971007417,0.7296060060426649,0.04211554307687613,-0.05459761345255898,-0.041932432020020144,0.5551316873683889,0.7569811090426344,-0.9695425275429548,-0.5,-32.0625,-3.0625,16.1015625,2.87109375,4.96875,4.0625,-30.6875,0.0,0,2,1878,1222,1015,1
3,224488,369,0.9714346751304667,0.9828791161839656,0.9870601519821772,0.9802545243690298,0.9794000061037019,0.9702139347514267,-0.119602038636433,-0.17886898403881954,-0.07834101382488479,0.07345805230872524,0.15359965819269386,0.24179815057832577,-0.20502334665974914,-0.04422132023071993,0.13986632892849513,-0.1836298715170751,-0.13116855372783592,0.015533921323282572,0.725341796875,0.442138671875,0.322265625,0.2578125,0.218505859375,0.2021484375,0.53515625,-0.8552507095553453,0.3706167790765099,0.35706656086916716,0.06070131534775842,1.30224609375,0.729248046875,0.429443359375,0.0087890625,-0.0728759765625,-0.01220703125,0.080810546875,0.3258056640625,-0.1978759765625,0.9984740745262002,0.15576647236548968,0.7153538621173742,0.6811731315042573,0.06097598193304239,-0.07107760856959747,-0.03668324839014862,-0.5513168736838893,-0.2663045136875515,0.6564531388286996,0.25,-32.0,-2.625,15.73046875,2.6796875,5.66015625,4.375,-30.1875,0.0,0,2,1366,1775,1828,1
3,224543,370,0.97872859889523,0.9804071169164098,0.9982299264503922,0.9794000061037019,0.9702139347514267,0.9034394360179449,-0.18311105685598317,-0.19302957243568225,-0.0195928830835902,0.15359965819269386,0.24179815057832577,0.40672017578661457,-0.0923795281838435,0.03958250679036836,-0.05639820551164281,-0.13116855372783592,0.015533921323282572,0.13547166356395154,0.692626953125,0.399169921875,0.280029296875,0.218505859375,0.2021484375,0.17236328125,0.96044921875,-0.9172948393200476,0.2520828882717368,0.30631427961058383,0.034943693350016784,1.32958984375,1.169677734375,0.36328125,0.033203125,-0.0709228515625,-0.003662109375,-0.126953125,0.325439453125,-0.0941162109375,0.9981078524124882,0.056062501907406845,0.8604693746757408,0.5063936277352215,0.10715048677022614,-0.08764915921506394,-0.006073183385723441,-0.6055482650227363,0.8294320505386517,-0.9361857966856899,1.375,-31.9375,-1.9375,15.96875,1.8984375,6.328125,4.6875,-29.6875,0.0,0,2,1914,1802,1031,1
3,224580,371,0.9764397106845302,0.9759819330423902,0.9802545243690298,0.9702139347514267,0.9034394360179449,0.8038575395977661,-0.21109653004547257,-0.16565446943571277,0.07345805230872524,0.24179815057832577,0.40672017578661457,0.5858333079012421,-0.04492324594866787,0.14157536545915098,-0.1836298715170751,0.015533921323282572,0.13547166356395154,0.10290841395306254,0.637939453125,0.378662109375,0.2578125,0.2021484375,0.17236328125,0.163818359375,0.279296875,-0.9521774956511124,0.13608203375347147,0.2735984374523148,0.0025025177770317698,1.368408203125,0.7783203125,0.144287109375,-0.030517578125,-0.0098876953125,0.0419921875,-0.419921875,0.3284912109375,-0.0167236328125,0.9975280007324442,0.013733329264198737,0.9556566057313761,0.29413739432966096,0.14786217841120639,-0.08023316141239661,0.0369884334849086,-0.2868434705648976,0.8861964781640065,0.7542954802087466,2.125,-31.9375,-1.5,16.6015625,1.30859375,6.26171875,5.0,-29.125,0.0,0,2,1943,1643,1877,1
3,224640,372,0.9742423780022583,0.967558824427015,0.9794000061037019,0.9034394360179449,0.8038575395977661,0.5681325724051637,-0.19641712698751793,-0.1597949156163213,0.15359965819269386,0.40672017578661457,0.5858333079012421,0.8104190191351054,-0.11072115237891782,0.19574571977904598,-0.13116855372783592,0.13547166356395154,0.10290841395306254,-0.14291817987609484,0.60693359375,0.340087890625,0.218505859375,0.17236328125,0.163818359375,0.1513671875,0.407470703125,-0.9588610492263557,-0.029602954191717278,0.28107547227393415,-0.02621539963988159,1.427490234375,1.319091796875,-0.41064453125,-0.21826171875,-0.0517578125,0.0472412109375,-0.3275146484375,0.333984375,0.0450439453125,0.9966734824671163,-0.05249183629871517,0.9985045930356762,-0.016174810022278514,0.1479537339396344,0.04580828272347179,0.05310220648823512,0.7109897152623066,0.9253212073122349,-0.967619861445967,3.25,-31.9375,-0.875,17.69921875,1.23046875,5.44140625,5.25,-28.625,0.0,0,2,1962,1144,1016,1
3,224681,373,0.9685964537491989,0.9870601519821772,0.9702139347514267,0.8038575395977661,0.5681325724051637,0.3008209479049043,-0.17209387493514816,-0.07834101382488479,0.24179815057832577,0.5858333079012421,0.8104190191351054,0.8194219794305246,-0.1794488357188635,0.13986632892849513,0.015533921323282572,0.10290841395306254,-0.14291817987609484,-0.4878994109927671,0.582763671875,0.322265625,0.2021484375,0.163818359375,0.1513671875,0.157958984375,-0.218505859375,-0.9226966154972991,-0.1944639423810541,0.3295083468123417,-0.047334208197271646,1.427001953125,1.46630859375,-0.58837890625,-0.18505859375,-0.02734375,-0.0460205078125,0.2919921875,0.3310546875,0.0771484375,0.9964903714102603,-0.1392254402294992,0.9397869808038576,-0.3121127964110233,0.05664235358745079,0.13422040467543564,-0.0017700735496078372,0.8005615405743584,-0.8445997497482223,0.9961851863155003,4.0625,-31.875,-0.4375,17.6015625,1.23828125,5.73046875,5.5,-28.0625,0.0,0,2,1077,1099,1998,1
3,224732,374,0.9712515640736107,0.9982299264503922,0.9034394360179449,0.5681325724051637,0.3008209479049043,-0.024842066713461716,-0.13333536790063175,-0.0195928830835902,0.40672017578661457,0.8104190191351054,0.8194219794305246,0.5157322916348765,-0.19718008972441786,-0.05639820551164281,0.13547166356395154,-0.14291817987609484,-0.4878994109927671,-0.8563798944059572,0.533447265625,0.280029296875,0.17236328125,0.1513671875,0.157958984375,0.172607421875,-0.471435546875,-0.8301034577471237,-0.41447187719351786,0.35843989379558705,-0.1033356730857265,1.37109375,1.56005859375,0.03466796875,0.007568359375,-0.0626220703125,-0.0606689453125,0.675537109375,0.3172607421875,0.163818359375,0.9963072603534043,-0.23441267128513443,0.6992706076235237,-0.6753440961943419,-0.07013153477584155,0.09738456373790703,-0.08664204840235602,0.7947325052644428,-0.8498184148686179,0.9942320017090366,4.9375,-31.9375,0.1875,16.44921875,0.390625,6.8515625,5.75,-27.5,0.0,0,2,1075,1102,1997,1
3,224783,375,0.9737235633411664,0.9802545243690298,0.8038575395977661,0.3008209479049043,-0.024842066713461716,-0.20856349375896482,-0.08252204962309641,0.07345805230872524,0.5858333079012421,0.8194219794305246,0.5157322916348765,0.11813715018158513,-0.21225623340556046,-0.1836298715170751,0.10290841395306254,-0.4878994109927671,-0.8563798944059572,-0.9708548234504227,0.509765625,0.2578125,0.163818359375,0.157958984375,0.172607421875,0.201171875,-0.93359375,-0.7459334086123234,-0.5627918332468642,0.2961210974456008,-0.1978820154423658,1.331787109375,0.433349609375,0.53564453125,-0.015625,0.01025390625,-0.0321044921875,0.10302734375,0.3037109375,0.2728271484375,0.9957579271828364,-0.17572557756279183,0.39967040009765925,-0.8996551408429212,-0.13052766502884,0.024048585467085788,-0.06729331339457381,0.7910702841273233,-0.8048951689199499,0.9876094851527452,6.0625,-32.0625,1.25,15.4296875,-0.69921875,7.8203125,5.9375,-26.9375,0.0,0,2,1097,1104,1993,1
3,224834,376,0.9818109683523056,0.9794000061037019,0.5681325724051637,-0.024842066713461716,-0.20856349375896482,-0.15894039735099338,-0.12204351939451277,0.15359965819269386,0.8104190191351054,0.5157322916348765,0.11813715018158513,0.08191167943357647,-0.14542069765312662,-0.13116855372783592,-0.14291817987609484,-0.8563798944059572,-0.9708548234504227,-0.9838862269966735,0.464111328125,0.218505859375,0.1513671875,0.172607421875,0.201171875,0.23193359375,-0.99755859375,-0.7668080690939054,-0.5504928739280374,0.2227240821558275,-0.2436597796563616,1.3662109375,-0.48486328125,0.57861328125,-0.176025390625,0.04296875,0.072509765625,-0.508056640625,0.30419921875,0.2088623046875,0.9933469649342326,-0.035920285653248694,0.39710684530167545,-0.9170506912442397,-0.07684560686056092,0.0045167394024475845,-0.05679494613483078,0.8777123325296793,0.3357951597643971,0.9991149632251961,6.75,-32.0625,2.0,15.4609375,0.48828125,8.73046875,6.125,-26.375,0.0,0,2,1667,1061,1999,1
3,224892,377,0.9828791161839656,0.9702139347514267,0.3008209479049043,-0.20856349375896482,-0.15894039735099338,-0.1694082461012604,-0.17886898403881954,0.24179815057832577,0.8194219794305246,0.11813715018158513,0.08191167943357647,0.2053590502639851,-0.04422132023071993,0.015533921323282572,-0.4878994109927671,-0.9708548234504227,-0.9838862269966735,-0.9639271217993713,0.442138671875,0.2021484375,0.157958984375,0.201171875,0.23193359375,0.26904296875,-1.203369140625,-0.8326059755241554,-0.467452009643849,0.1672719504379406,-0.2454603717154454,1.4169921875,-0.556640625,0.414306640625,-0.13818359375,0.0721435546875,0.029296875,-0.7437744140625,0.305419921875,0.015380859375,0.9904477065340129,0.050141911069063384,0.5637073885311441,-0.8244575334940641,-0.05957213049714652,0.0012207403790398877,-0.040955839716788234,0.879726554155095,0.32575457014679404,0.9994506668294321,7.8125,-31.9375,3.0,15.48828125,3.5703125,9.30859375,6.3125,-25.8125,0.0,0,2,1662,1060,1999,1
3,224958,378,0.9804071169164098,0.9034394360179449,-0.024842066713461716,-0.15894039735099338,-0.1694082461012604,-0.11932737205114902,-0.19302957243568225,0.40672017578661457,0.5157322916348765,0.08191167943357647,0.2053590502639851,0.3098239082003235,0.03958250679036836,0.13547166356395154,-0.8563798944059572,-0.9838862269966735,-0.9639271217993713,-0.9432660908841212,0.399169921875,0.17236328125,0.172607421875,0.23193359375,0.26904296875,0.30126953125,-1.050048828125,-0.8757591479232154,-0.39005706961272013,0.10364085818048646,-0.26480910672322766,1.43359375,0.01708984375,0.426513671875,0.132568359375,0.0623779296875,0.0166015625,-0.720703125,0.302734375,-0.1080322265625,0.9935911130100405,0.14499343852046265,0.6808069093905453,-0.717947935422834,-0.04016235847041231,0.003326517532883694,-0.03860591448713645,0.8724021118808557,0.12179937131870479,0.9992980742820521,8.8125,-31.6875,3.8125,15.55078125,5.76953125,8.5,6.5,-25.25,0.0,0,2,1560,1063,1999,1
3,224992,379,0.9759819330423902,0.8038575395977661,-0.20856349375896482,-0.1694082461012604,-0.11932737205114902,-0.08066042054506058,-0.16565446943571277,0.5858333079012421,0.11813715018158513,0.2053590502639851,0.3098239082003235,0.3077181310464797,0.14157536545915098,0.10290841395306254,-0.9708548234504227,-0.9639271217993713,-0.9432660908841212,-0.9480574968718528,0.378662109375,0.163818359375,0.201171875,0.26904296875,0.30126953125,0.326416015625,-0.812744140625,-0.8748741111484115,-0.37995544297616507,0.07358012634662923,-0.2912381359294412,1.426025390625,0.05908203125,0.43701171875,0.22021484375,0.0645751953125,0.015869140625,-0.7470703125,0.2984619140625,-0.1754150390625,0.9963988158818323,0.19928586687826166,0.6812036500137333,-0.7044587542344432,-0.033295693838312934,0.0032349620044557024,-0.035462508011108736,0.8709677419354839,0.17532883693960388,0.9989623706778161,9.4375,-31.4375,4.25,15.41015625,7.0,7.55859375,6.625,-24.6875,0.0,0,2,1587,1064,1999,1
3,225029,380,0.967558824427015,0.5681325724051637,-0.15894039735099338,-0.11932737205114902,-0.08066042054506058,-0.00012207403790398877,-0.1597949156163213,0.8104190191351054,0.08191167943357647,0.3098239082003235,0.3077181310464797,0.30063783684804835,0.19574571977904598,-0.14291817987609484,-0.9838862269966735,-0.9432660908841212,-0.9480574968718528,-0.9537339396343882,0.340087890625,0.1513671875,0.23193359375,0.30126953125,0.326416015625,0.349365234375,-0.7509765625,-0.8667256691183203,-0.36790063173314613,0.03405865657521287,-0.3351237525559252,1.408203125,0.045166015625,0.463623046875,0.27001953125,0.0679931640625,0.0341796875,-0.7625732421875,0.2928466796875,-0.24169921875,0.9985045930356762,0.29160435804315316,0.6663716544083987,-0.6862392040772729,-0.02349925229651784,0.004699850459303568,-0.0358592486342967,0.869899594103824,0.1990417188024537,0.9986877040925322,10.0625,-31.1875,4.625,15.05859375,8.16015625,6.4609375,6.75,-24.0625,0.0,0,2,1599,1065,1999,1
3,225080,381,0.9870601519821772,0.3008209479049043,-0.1694082461012604,-0.08066042054506058,-0.00012207403790398877,0.11423078096865749,-0.07834101382488479,0.8194219794305246,0.2053590502639851,0.3077181310464797,0.30063783684804835,0.28867458113345745,0.13986632892849513,-0.4878994109927671,-0.9639271217993713,-0.9480574968718528,-0.9537339396343882,-0.9505905331583605,0.322265625,0.157958984375,0.26904296875,0.326416015625,0.349365234375,0.3701171875,-0.672119140625,-0.8496658223212379,-0.3525803399761956,-0.010284737693411055,-0.39197973570970795,1.37890625,0.05126953125,0.302001953125,0.265380859375,0.061279296875,0.0694580078125,-0.764892578125,0.2861328125,-0.3099365234375,0.9986877040925322,0.4107181005279702,0.6346629230628376,-0.6545915097506638,-0.017548142948698386,0.005401776177251503,-0.0347911008026368,0.8736228522598957,0.27973265785699025,0.9988402966399121,10.625,-30.875,4.875,14.4296875,9.23828125,5.26953125,6.875,-23.5,0.0,0,2,1639,1063,1999,1
3,225131,382,0.9982299264503922,-0.024842066713461716,-0.11932737205114902,-0.00012207403790398877,0.11423078096865749,0.15341654713583788,-0.0195928830835902,0.5157322916348765,0.3098239082003235,0.30063783684804835,0.28867458113345745,0.26343577379680777,-0.05639820551164281,-0.8563798944059572,-0.9432660908841212,-0.9537339396343882,-0.9505905331583605,-0.9523911252174444,0.280029296875,0.172607421875,0.30126953125,0.349365234375,0.3701171875,0.391357421875,-0.68994140625,-0.8286385692922758,-0.34962004455702383,-0.041932432020020144,-0.435163426618244,1.329345703125,0.2275390625,0.2265625,0.169921875,0.0439453125,0.0838623046875,-0.6136474609375,0.2755126953125,-0.3924560546875,0.9988097781304361,0.48280281991027557,0.597552415540025,-0.6401867732779931,-0.012268440809350871,0.005279702139347514,-0.032135990478225046,0.8742332224494156,0.2161931211279641,0.9991760002441481,11.5,-30.3125,5.25,13.23046875,10.46875,3.73828125,7.0,-22.875,0.0,0,2,1608,1062,1999,1
3,225182,383,0.9802545243690298,-0.20856349375896482,-0.08066042054506058,0.11423078096865749,0.15341654713583788,0.22348704489272744,0.07345805230872524,0.11813715018158513,0.3077181310464797,0.28867458113345745,0.26343577379680777,0.20599993896298105,-0.1836298715170751,-0.9708548234504227,-0.9480574968718528,-0.9505905331583605,-0.9523911252174444,-0.9526963103122044,0.2578125,0.201171875,0.326416015625,0.3701171875,0.391357421875,0.4091796875,-0.580810546875,-0.804193243202002,-0.3595385601367229,-0.0825830866420484,-0.46604815820795314,1.286376953125,0.274658203125,0.296142578125,0.09912109375,0.03759765625,0.09375,-0.588623046875,0.267578125,-0.417236328125,0.9988708151493881,0.5457014679403058,0.5417035431989502,-0.6393627735221412,-0.00924710837122715,0.0036927396465956603,-0.031067842646565143,0.8646504104739524,-0.0032654805139316996,0.9989318521683401,12.0,-30.0,5.4375,12.3984375,10.80859375,3.01171875,7.0625,-22.3125,0.0,0,2,1498,1067,1999,1
3,225243,384,0.9794000061037019,-0.15894039735099338,-0.00012207403790398877,0.15341654713583788,0.22348704489272744,0.2868434705648976,0.15359965819269386,0.08191167943357647,0.30063783684804835,0.26343577379680777,0.20599993896298105,0.13086336863307596,-0.13116855372783592,-0.9838862269966735,-0.9537339396343882,-0.9523911252174444,-0.9526963103122044,-0.9490035706656087,0.218505859375,0.23193359375,0.349365234375,0.391357421875,0.4091796875,0.427978515625,-0.6123046875,-0.7753227332377086,-0.37122714926602984,-0.1435895870845668,-0.4903714102603229,1.23193359375,0.220703125,0.34130859375,0.045166015625,0.0531005859375,0.0740966796875,-0.624267578125,0.257568359375,-0.4630126953125,0.9990234076967681,0.6054872280037843,0.4833521530808435,-0.6322824793237098,-0.004760887478255562,0.001434369945371868,-0.0293588061159093,0.8660847804193244,-0.01654103213599048,0.9991454817346721,12.75,-29.4375,5.75,11.1015625,11.37109375,1.98828125,7.125,-21.6875,0.0,0,2,1491,1066,1999,1
3,225283,385,0.9702139347514267,-0.1694082461012604,0.11423078096865749,0.22348704489272744,0.2868434705648976,0.3491927854243599,0.24179815057832577,0.2053590502639851,0.28867458113345745,0.20599993896298105,0.13086336863307596,0.10364085818048646,0.015533921323282572,-0.9639271217993713,-0.9505905331583605,-0.9526963103122044,-0.9490035706656087,-0.9313028351695303,0.2021484375,0.26904296875,0.3701171875,0.4091796875,0.427978515625,0.44384765625,-0.515625,-0.7601245155186621,-0.36887722403637807,-0.1826532792138432,-0.5027619251075778,1.19140625,0.121337890625,0.402099609375,0.01318359375,0.045166015625,0.0640869140625,-0.592529296875,0.2509765625,-0.4893798828125,0.9991149632251961,0.6422315134128849,0.46241645558030947,-0.6112857448042237,-0.0025940733054597613,0.0005188146610919523,-0.028321176793725394,0.868984038819544,0.10077211828974272,0.9990539262062441,13.1875,-29.0625,5.8125,10.1796875,11.6015625,1.30859375,7.1875,-21.125,0.0,0,2,1550,1065,1999,1
3,225334,386,0.9034394360179449,-0.11932737205114902,0.15341654713583788,0.2868434705648976,0.3491927854243599,0.42124698629718926,0.40672017578661457,0.3098239082003235,0.26343577379680777,0.13086336863307596,0.10364085818048646,0.08999908444471572,0.13547166356395154,-0.9432660908841212,-0.9523911252174444,-0.9490035706656087,-0.9313028351695303,-0.902462843714713,0.17236328125,0.30126953125,0.391357421875,0.427978515625,0.44384765625,0.458740234375,-0.478759765625,-0.7427289651173437,-0.35248878444776754,-0.23630481887264626,-0.5179601428266244,1.161376953125,0.13818359375,0.49169921875,-0.022705078125,0.0538330078125,0.05517578125,-0.582763671875,0.2457275390625,-0.5443115234375,0.9992675557725761,0.6889248329111606,0.45631275368511004,-0.5631885738700522,0.0010681478316599017,3.051850947599719e-05,-0.026673177282021548,0.8595233008819849,-0.09805597094637898,0.9987182226020082,13.75,-28.4375,6.0,8.91015625,12.1796875,0.4296875,7.1875,-20.5,0.0,0,2,1450,1070,1999,1
3,225387,387,0.8038575395977661,-0.08066042054506058,0.22348704489272744,0.3491927854243599,0.42124698629718926,0.5465865047151097,0.5858333079012421,0.3077181310464797,0.20599993896298105,0.10364085818048646,0.08999908444471572,0.08056886501663259,0.10290841395306254,-0.9480574968718528,-0.9526963103122044,-0.9313028351695303,-0.902462843714713,-0.8335215308084353,0.163818359375,0.326416015625,0.4091796875,0.44384765625,0.458740234375,0.471923828125,-0.4296875,-0.7189855647450178,-0.3228858302560503,-0.30140079958494825,-0.5366374706259346,1.135498046875,0.048828125,0.507568359375,0.005126953125,0.07373046875,0.044921875,-0.7196044921875,0.2418212890625,-0.57373046875,0.9993591113010041,0.7540208136234626,0.4520706808679464,-0.47654652546769616,0.004791405987731559,-0.0004577776421399579,-0.02545243690298166,0.8716391491439558,0.16217535935544908,0.9991149632251961,14.125,-28.0625,6.0625,8.01953125,12.390625,-0.1796875,7.1875,-19.9375,0.0,0,2,1581,1064,1999,1
3,225435,388,0.5681325724051637,-0.00012207403790398877,0.2868434705648976,0.42124698629718926,0.5465865047151097,0.6333201086458937,0.8104190191351054,0.30063783684804835,0.13086336863307596,0.08999908444471572,0.08056886501663259,0.10904263435773796,-0.14291817987609484,-0.9537339396343882,-0.9490035706656087,-0.902462843714713,-0.8335215308084353,-0.7661671803949095,0.1513671875,0.349365234375,0.427978515625,0.458740234375,0.471923828125,0.478759765625,-0.224853515625,-0.6985381633960998,-0.27881710257271036,-0.347697378460036,-0.5598315378276925,1.123779296875,-0.219970703125,0.29296875,0.038330078125,0.0672607421875,0.0538330078125,-0.7813720703125,0.2401123046875,-0.6951904296875,0.999603259376812,0.7993408001953185,0.46891689809869685,-0.3757133701590014,0.008178960539567248,0.0003662221137119663,-0.023743400372325817,0.8709982604449599,0.39829706717123936,0.9975890377513962,14.5625,-27.3125,6.0625,5.7890625,13.328125,-1.5,7.1875,-19.3125,0.0,0,2,1699,1064,1998,1
3,225486,389,0.3008209479049043,0.11423078096865749,0.3491927854243599,0.5465865047151097,0.6333201086458937,0.6987517929624317,0.8194219794305246,0.28867458113345745,0.10364085818048646,0.08056886501663259,0.10904263435773796,0.13702810754722738,-0.4878994109927671,-0.9505905331583605,-0.9313028351695303,-0.8335215308084353,-0.7661671803949095,-0.7021393475142674,0.157958984375,0.3701171875,0.44384765625,0.471923828125,0.478759765625,0.486328125,-0.2421875,-0.6811426129947813,-0.24317148350474563,-0.36497085482345043,-0.586260567033906,1.1142578125,0.018310546875,0.2900390625,0.18505859375,0.05517578125,0.0252685546875,-0.6021728515625,0.2391357421875,-0.7476806640625,0.99969481490524,0.8327280495620594,0.4699240089114048,-0.29282509842219306,0.010010071108127079,0.0013122959074678793,-0.0228278450880459,0.8442030091250343,-0.39216284676656393,0.9981383709219642,14.75,-26.8125,6.0,4.48828125,13.5703125,-2.3515625,7.1875,-18.6875,0.0,0,2,1303,1077,1999,1
3,225537,390,-0.024842066713461716,0.15341654713583788,0.42124698629718926,0.6333201086458937,0.6987517929624317,0.7373271889400922,0.5157322916348765,0.26343577379680777,0.08999908444471572,0.10904263435773796,0.13702810754722738,0.09292886135441145,-0.8563798944059572,-0.9523911252174444,-0.902462843714713,-0.7661671803949095,-0.7021393475142674,-0.6691183202612384,0.172607421875,0.391357421875,0.458740234375,0.478759765625,0.486328125,0.485107421875,0.03466796875,-0.6462294381542405,-0.23953978087710195,-0.38932462538529616,-0.6111026337473677,1.1357421875,0.10205078125,0.31103515625,0.244384765625,0.0604248046875,0.04248046875,-0.52587890625,0.2425537109375,-0.8321533203125,0.999786370433668,0.870296334727012,0.4217352824488052,-0.2544022949919126,0.011719107638782922,0.0004577776421399579,-0.022034363841669975,0.8600421155430769,0.1152378917813654,0.9975280007324442,15.0,-25.9375,5.9375,2.80859375,14.12109375,-3.26953125,7.125,-18.125,0.0,0,2,1557,1069,1998,1
3,225587,391,-0.20856349375896482,0.22348704489272744,0.5465865047151097,0.6987517929624317,0.7373271889400922,0.8031861323892941,0.11813715018158513,0.20599993896298105,0.08056886501663259,0.13702810754722738,0.09292886135441145,0.040711691640980256,-0.9708548234504227,-0.9526963103122044,-0.8335215308084353,-0.7021393475142674,-0.6691183202612384,-0.5943479720450453,0.201171875,0.4091796875,0.471923828125,0.486328125,0.485107421875,0.48876953125,-0.117431640625,-0.6030762657551805,-0.228247932370983,-0.42149113437299723,-0.6376232184820093,1.147216796875,-0.057861328125,0.449462890625,0.145263671875,0.062255859375,0.0589599609375,-0.5057373046875,0.2445068359375,-0.87451171875,0.999816888943144,0.9124423963133641,0.3658558915982543,-0.18329416791283915,0.013672292245246742,-0.0007019257179479354,-0.021118808557390057,0.8430127872554705,-0.2631000701925718,0.9978026673177282,15.125,-25.375,5.875,1.87109375,14.33984375,-3.640625,7.0625,-17.5,0.0,0,2,1368,1078,1998,1
3,225642,392,-0.15894039735099338,0.2868434705648976,0.6333201086458937,0.7373271889400922,0.8031861323892941,0.8721579638050477,0.08191167943357647,0.13086336863307596,0.10904263435773796,0.09292886135441145,0.040711691640980256,0.024079103976561784,-0.9838862269966735,-0.9490035706656087,-0.7661671803949095,-0.6691183202612384,-0.5943479720450453,-0.48863185522019104,0.23193359375,0.427978515625,0.478759765625,0.485107421875,0.48876953125,0.481201171875,0.2451171875,-0.5584582049012726,-0.18756675923947874,-0.4610736411633656,-0.663563951536607,1.16943359375,0.056396484375,0.556640625,0.1083984375,0.0880126953125,0.0684814453125,-0.650634765625,0.24853515625,-0.964111328125,0.999877925962096,0.9382305368205817,0.3407696768089846,-0.060060426648762474,0.016937772759178443,-0.0010681478316599017,-0.019409772026734214,0.7126071962645344,0.030518509475997192,0.956968901638844,15.125,-24.4375,5.75,-0.1796875,14.62890625,-4.12890625,6.9375,-16.9375,0.0,0,2,1515,1143,1978,1
3,225689,393,-0.1694082461012604,0.3491927854243599,0.6987517929624317,0.8031861323892941,0.8721579638050477,0.9382305368205817,0.2053590502639851,0.10364085818048646,0.13702810754722738,0.040711691640980256,0.024079103976561784,0.009735404522843105,-0.9639271217993713,-0.9313028351695303,-0.7021393475142674,-0.5943479720450453,-0.48863185522019104,-0.3458357493820002,0.26904296875,0.44384765625,0.486328125,0.48876953125,0.481201171875,0.479736328125,0.0478515625,-0.5117954039124729,-0.1423688467055269,-0.5049592577898495,-0.6803186132389294,1.177001953125,-0.001708984375,0.478515625,0.095947265625,0.1026611328125,0.0751953125,-0.77587890625,0.25048828125,-1.0140380859375,0.999908444471572,0.9428388317514572,0.3241981261635182,0.0771813104647969,0.020020142216254158,-0.0016174810022278512,-0.017334513382366405,0.11456648457289346,-0.6799523911252174,0.9957579271828364,15.0625,-23.8125,5.625,-1.7890625,14.46875,-4.640625,6.875,-16.3125,0.0,0,2,1160,1442,1997,1
3,225731,394,-0.11932737205114902,0.42124698629718926,0.7373271889400922,0.8721579638050477,0.9382305368205817,0.9627674184392834,0.3098239082003235,0.08999908444471572,0.09292886135441145,0.024079103976561784,0.009735404522843105,-3.051850947599719e-05,-0.9432660908841212,-0.902462843714713,-0.6691183202612384,-0.48863185522019104,-0.3458357493820002,-0.2703329569383831,0.30126953125,0.458740234375,0.485107421875,0.481201171875,0.479736328125,0.474853515625,0.158935546875,-0.48493911557359537,-0.12076174199652089,-0.5271156956694235,-0.6873073519089328,1.198486328125,0.002685546875,0.276611328125,0.081787109375,0.0904541015625,0.04736328125,-0.665771484375,0.25439453125,-1.0712890625,0.999908444471572,0.9384441663869136,0.3144322031311991,0.14291817987609484,0.022431104464857937,-0.002044740134891812,-0.015411847285378583,0.12637714774010436,0.23010956144901884,0.9877620777001251,14.9375,-23.125,5.5,-3.58984375,14.26171875,-5.1484375,6.75,-15.75,0.0,0,2,1615,1436,1993,1
3,225780,395,-0.08066042054506058,0.5465865047151097,0.8031861323892941,0.9382305368205817,0.9627674184392834,0.9707022309030426,0.3077181310464797,0.08056886501663259,0.040711691640980256,0.009735404522843105,-3.051850947599719e-05,-0.012085329752494888,-0.9480574968718528,-0.8335215308084353,-0.5943479720450453,-0.3458357493820002,-0.2703329569383831,-0.23993652150028993,0.326416015625,0.471923828125,0.48876953125,0.479736328125,0.474853515625,0.45849609375,0.532470703125,-0.46684163945432905,-0.11075167088839381,-0.5345927304910428,-0.695699942014832,1.227783203125,-0.07958984375,0.115966796875,0.04052734375,0.072998046875,0.045654296875,-0.4970703125,0.2601318359375,-1.1236572265625,0.999938962981048,0.9381694998016297,0.29856257820368054,0.17520676290169987,0.02401806695760979,-0.0028077028717917417,-0.016937772759178443,-0.22431104464857937,-0.6609088412121952,0.6479995117038484,14.625,-22.1875,5.25,-5.37890625,13.94921875,-5.58984375,6.625,-15.125,0.0,0,2,1169,1612,1824,1
3,225831,396,-0.00012207403790398877,0.6333201086458937,0.8721579638050477,0.9627674184392834,0.9707022309030426,0.9761040070802942,0.30063783684804835,0.10904263435773796,0.024079103976561784,-3.051850947599719e-05,-0.012085329752494888,-0.018402661214026308,-0.9537339396343882,-0.7661671803949095,-0.48863185522019104,-0.2703329569383831,-0.23993652150028993,-0.2164677877132481,0.349365234375,0.478759765625,0.481201171875,0.474853515625,0.45849609375,0.450439453125,0.265625,-0.45695364238410596,-0.10290841395306254,-0.532670064394055,-0.7048860133671071,1.266845703125,0.101806640625,0.032958984375,0.052978515625,0.07568359375,0.0367431640625,-0.4290771484375,0.266845703125,-1.1763916015625,0.999908444471572,0.9385357219153416,0.28403576769310585,0.19614246040223396,0.02597125156407361,-0.003143406476027711,-0.016296884060182502,-0.11478011413922544,-0.49815363017670217,0.9856563005462813,14.375,-21.5,5.125,-6.5390625,14.01953125,-5.6484375,6.4375,-14.5625,0.0,0,2,1250,1557,1992,1
3,225882,397,0.11423078096865749,0.6987517929624317,0.9382305368205817,0.9707022309030426,0.9761040070802942,0.9732963042085024,0.28867458113345745,0.13702810754722738,0.009735404522843105,-0.012085329752494888,-0.018402661214026308,-0.031189916684469132,-0.9505905331583605,-0.7021393475142674,-0.3458357493820002,-0.23993652150028993,-0.2164677877132481,-0.22742393261513108,0.3701171875,0.486328125,0.479736328125,0.45849609375,0.450439453125,0.4296875,0.671875,-0.4524674214911344,-0.10522782067323833,-0.5294045838801233,-0.7098910489211707,1.3193359375,-0.358154296875,-0.12255859375,0.056640625,0.0440673828125,0.0281982421875,-0.376953125,0.2762451171875,-1.240478515625,0.999908444471572,0.9428083132419812,0.2723166600543229,0.1922971282082583,0.027253028962065492,-0.0043641468550675985,-0.01977599414044618,0.08294930875576037,0.4035462508011109,-0.19092379528183845,13.875,-20.5625,4.9375,-7.890625,14.12890625,-5.6796875,6.25,-14.0,0.0,0,2,1701,1458,1404,1
3,225934,398,0.15341654713583788,0.7373271889400922,0.9627674184392834,0.9761040070802942,0.9732963042085024,0.9574266792809839,0.26343577379680777,0.09292886135441145,-3.051850947599719e-05,-0.018402661214026308,-0.031189916684469132,-0.002044740134891812,-0.9523911252174444,-0.6691183202612384,-0.2703329569383831,-0.2164677877132481,-0.22742393261513108,-0.28864406262398146,0.391357421875,0.485107421875,0.474853515625,0.450439453125,0.4296875,0.417236328125,0.404296875,-0.4734641560106204,-0.09555345316934721,-0.4616534928434095,-0.7440412610248115,1.3662109375,-0.64013671875,-0.375244140625,-0.0166015625,0.0643310546875,0.02734375,-0.1475830078125,0.2845458984375,-1.2950439453125,0.999908444471572,0.9555040131839961,0.24216437269203772,0.16846217230750452,0.02804651020844142,-0.0022583697012237922,-0.02240058595538194,0.31690420239875483,0.15063936277352213,0.8948026978362377,13.4375,-19.8125,4.8125,-8.91015625,14.30078125,-5.62109375,6.0625,-13.4375,0.0,0,2,1575,1341,1947,1
3,225983,399,0.22348704489272744,0.8031861323892941,0.9707022309030426,0.9732963042085024,0.9574266792809839,0.9163792840357677,0.20599993896298105,0.040711691640980256,-0.012085329752494888,-0.031189916684469132,-0.002044740134891812,0.04596087527085177,-0.9526963103122044,-0.5943479720450453,-0.23993652150028993,-0.22742393261513108,-0.28864406262398146,-0.39768669698171943,0.4091796875,0.48876953125,0.45849609375,0.4296875,0.417236328125,0.392822265625,0.79150390625,-0.5035248878444777,-0.09329508346812342,-0.3728141117587817,-0.7737968077639088,1.425048828125,-0.045166015625,-0.349853515625,0.0263671875,0.0111083984375,0.0028076171875,0.1754150390625,0.295166015625,-1.3714599609375,0.999877925962096,0.9692068239387188,0.22211371196630755,0.10632648701437422,0.025849177526169623,0.0009155552842799158,-0.030701620532853177,0.65233314004944,-0.6954863124485,-0.9555955687124241,12.75,-18.75,4.6875,-9.4296875,15.1484375,-4.98046875,5.875,-12.875,0.0,0,2,1152,1173,1022,1
3,226044,400,0.2868434705648976,0.8721579638050477,0.9761040070802942,0.9574266792809839,0.9163792840357677,0.879757072664571,0.13086336863307596,0.024079103976561784,-0.018402661214026308,-0.002044740134891812,0.04596087527085177,-0.03851435895870846,-0.9490035706656087,-0.48863185522019104,-0.2164677877132481,-0.28864406262398146,-0.39768669698171943,-0.4738608966338084,0.427978515625,0.481201171875,0.450439453125,0.417236328125,0.392822265625,0.36767578125,0.816162109375,-0.49522385326700646,-0.13357951597643972,-0.37968077639088105,-0.7699209570604572,1.465576171875,0.277099609375,0.134033203125,0.1650390625,0.0260009765625,-0.02685546875,0.2288818359375,0.3017578125,-1.4390869140625,0.999816888943144,0.9806512649922178,0.19052705465865047,0.04510635700552385,0.024170659504989776,-0.004608294930875576,-0.03595080416272469,0.3608813745536668,-0.7878048036133916,-0.9500717184972686,12.0625,-17.625,4.75,-9.69921875,16.03125,-3.4609375,5.6875,-12.3125,0.0,0,2,1106,1319,1024,1
3,226084,401,0.3491927854243599,0.9382305368205817,0.9732963042085024,0.9163792840357677,0.879757072664571,0.8842432935575426,0.10364085818048646,0.009735404522843105,-0.031189916684469132,0.04596087527085177,-0.03851435895870846,-0.1152684102908414,-0.9313028351695303,-0.3458357493820002,-0.22742393261513108,-0.39768669698171943,-0.4738608966338084,-0.4525589770195624,0.44384765625,0.479736328125,0.4296875,0.392822265625,0.36767578125,0.3603515625,0.23974609375,-0.47032074953459274,-0.13776055177465132,-0.39979247413556324,-0.7745902890102847,1.482177734375,-0.200439453125,0.2763671875,0.12353515625,-0.0263671875,0.01025390625,0.0009765625,0.3038330078125,-1.4658203125,0.999786370433668,0.9856563005462813,0.15295876949369794,0.07119968260750145,0.02334665974913785,-0.009521774956511124,-0.037781914731284526,0.7432172612689596,-0.021668141727958008,0.8988311410870693,11.5625,-16.875,4.875,-10.0390625,16.21875,-2.71875,5.4375,-11.75,0.0,0,2,1489,1128,1949,1
3,226135,402,0.42124698629718926,0.9627674184392834,0.9574266792809839,0.879757072664571,0.8842432935575426,0.9058503982665487,0.08999908444471572,-3.051850947599719e-05,-0.002044740134891812,-0.03851435895870846,-0.1152684102908414,-0.1239661854915006,-0.902462843714713,-0.2703329569383831,-0.28864406262398146,-0.4738608966338084,-0.4525589770195624,-0.4050721762749107,0.458740234375,0.474853515625,0.417236328125,0.36767578125,0.3603515625,0.35205078125,0.269287109375,-0.45014801477095856,-0.0902127140110477,-0.380748924222541,-0.8026673177282021,1.485107421875,-0.62451171875,0.20654296875,0.013427734375,-0.037109375,0.0172119140625,-0.254150390625,0.303466796875,-1.4744873046875,0.999755851924192,0.9797051911984619,0.11691640980254524,0.16284676656392102,0.026490066225165563,-0.009643848994415113,-0.0369273964659566,0.7896969512009033,0.4645222327341533,0.9139683217871639,11.0,-16.1875,5.0,-10.78125,15.8515625,-2.30859375,5.1875,-11.1875,0.0,0,2,1732,1105,1956,1
3,226186,403,0.5465865047151097,0.9707022309030426,0.9163792840357677,0.8842432935575426,0.9058503982665487,0.9094821008941923,0.08056886501663259,-0.012085329752494888,0.04596087527085177,-0.1152684102908414,-0.1239661854915006,-0.08520767845698417,-0.8335215308084353,-0.23993652150028993,-0.39768669698171943,-0.4525589770195624,-0.4050721762749107,-0.40690328684347055,0.471923828125,0.45849609375,0.392822265625,0.3603515625,0.35205078125,0.332763671875,0.62451171875,-0.4446546830652791,-0.021668141727958008,-0.3143711661122471,-0.8384350108340709,1.486328125,-0.429443359375,0.240234375,-0.003173828125,0.0419921875,0.0400390625,-0.269287109375,0.302734375,-1.4686279296875,0.999725333414716,0.9669484542374951,0.07156590472121342,0.2447279274880215,0.0239265114291818,-0.005920590838343455,-0.04327524643696402,0.717337565233314,-0.19394512771996217,-0.9060335093234047,10.25,-15.1875,5.125,-12.0390625,14.91015625,-2.4609375,4.875,-10.6875,0.0,0,2,1403,1141,1046,1
3,226237,404,0.6333201086458937,0.9761040070802942,0.879757072664571,0.9058503982665487,0.9094821008941923,0.9298684652241584,0.10904263435773796,-0.018402661214026308,-0.03851435895870846,-0.1239661854915006,-0.08520767845698417,-0.10589922788171026,-0.7661671803949095,-0.2164677877132481,-0.4738608966338084,-0.4050721762749107,-0.40690328684347055,-0.35230567339091157,0.478759765625,0.450439453125,0.36767578125,0.35205078125,0.332763671875,0.324951171875,0.260498046875,-0.4250007629627369,0.02630695516830958,-0.30484939115573595,-0.8518936735129856,1.51025390625,0.1357421875,0.388427734375,0.131103515625,0.0579833984375,0.030517578125,-0.3594970703125,0.30615234375,-1.4814453125,0.99969481490524,0.9421674245429853,0.03030487990966521,0.3337809381389813,0.02740562150944548,-0.007477034821619312,-0.04202398754844813,0.5554063539536729,-0.6264534440137943,0.7404705954161199,9.5625,-14.5,5.25,-12.9296875,14.5390625,-2.609375,4.625,-10.125,0.0,0,2,1186,1222,1870,1
3,226288,405,0.6987517929624317,0.9732963042085024,0.8842432935575426,0.9094821008941923,0.9298684652241584,0.9374370555742058,0.13702810754722738,-0.031189916684469132,-0.1152684102908414,-0.08520767845698417,-0.10589922788171026,-0.2119815668202765,-0.7021393475142674,-0.22742393261513108,-0.4525589770195624,-0.40690328684347055,-0.35230567339091157,-0.27616199224829857,0.486328125,0.4296875,0.3603515625,0.332763671875,0.324951171875,0.306640625,0.5888671875,-0.38850062562944426,0.06607257301553392,-0.3468123416852321,-0.8511307107760857,1.5244140625,-0.004638671875,0.425537109375,0.09912109375,0.01318359375,0.04052734375,-0.4683837890625,0.3076171875,-1.4610595703125,0.999664296395764,0.8888210699789423,-0.008331553086947234,0.45817438276314587,0.02459791863765374,-0.01532029175695059,-0.045014801477095856,0.5816827906125065,-0.5505233924375134,-0.9321268349253823,8.625,-13.625,5.4375,-14.08984375,13.55859375,-3.2109375,4.3125,-9.625,0.0,0,2,1224,1209,1033,1
3,226339,406,0.7373271889400922,0.9574266792809839,0.9058503982665487,0.9298684652241584,0.9374370555742058,0.945921201208533,0.09292886135441145,-0.002044740134891812,-0.1239661854915006,-0.10589922788171026,-0.2119815668202765,-0.2598345896786401,-0.6691183202612384,-0.28864406262398146,-0.4050721762749107,-0.35230567339091157,-0.27616199224829857,-0.19428083132419813,0.485107421875,0.417236328125,0.35205078125,0.324951171875,0.306640625,0.29931640625,0.239013671875,-0.358714560380871,0.119541001617481,-0.3489181188390759,-0.8575090792565692,1.515625,-0.349609375,0.220703125,0.00927734375,0.0635986328125,0.0618896484375,-0.573486328125,0.3055419921875,-1.4119873046875,0.999633777886288,0.8250373851741081,-0.06436353648487808,0.5613879818109684,0.028138065736869413,-0.018646809289834285,-0.0423902096621601,0.04446546830652791,-0.2185430463576159,0.8518936735129856,7.875,-13.0,5.5,-14.671875,12.5703125,-3.87109375,4.0,-9.125,0.0,0,2,1390,1477,1925,1
3,226381,407,0.8031861323892941,0.9163792840357677,0.9094821008941923,0.9374370555742058,0.945921201208533,0.9441816461684012,0.040711691640980256,0.04596087527085177,-0.08520767845698417,-0.2119815668202765,-0.2598345896786401,-0.2836085085604419,-0.5943479720450453,-0.39768669698171943,-0.40690328684347055,-0.27616199224829857,-0.19428083132419813,-0.1675771355327006,0.48876953125,0.392822265625,0.332763671875,0.306640625,0.29931640625,0.294189453125,0.166015625,-0.3443403424176763,0.15839106418042542,-0.32642597735526596,-0.8659016693624684,1.506591796875,-0.31201171875,0.19873046875,-0.0361328125,0.021484375,0.0333251953125,-0.4874267578125,0.3035888671875,-1.3529052734375,0.999603259376812,0.7830439161351359,-0.12665181432538836,0.608935819574572,0.02621539963988159,-0.01913510544145024,-0.04495376445814386,0.6147953733939634,-0.4760582293160802,0.6431470686971649,7.25,-12.5,5.5625,-15.08984375,11.6015625,-4.62109375,3.625,-8.625,0.0,0,2,1261,1192,1821,1
3,226432,408,0.8721579638050477,0.879757072664571,0.9298684652241584,0.945921201208533,0.9441816461684012,0.9267555772576067,0.024079103976561784,-0.03851435895870846,-0.10589922788171026,-0.2598345896786401,-0.2836085085604419,-0.31876583147679066,-0.48863185522019104,-0.4738608966338084,-0.35230567339091157,-0.19428083132419813,-0.1675771355327006,-0.19879757072664572,0.481201171875,0.36767578125,0.324951171875,0.29931640625,0.294189453125,0.277099609375,0.561279296875,-0.33417767876216925,0.1967223120822779,-0.28736228522598956,-0.8758201849421674,1.479248046875,-0.32568359375,0.02099609375,-0.025634765625,0.063232421875,0.0146484375,-0.4554443359375,0.298828125,-1.2493896484375,0.999603259376812,0.7421491134372997,-0.21915341654713583,0.6333811456648457,0.022766808069093907,-0.020325327311014132,-0.04852443006683554,-0.23517563402203437,-0.6947233497116001,-0.9099703970458083,6.125,-11.8125,5.5,-15.19921875,10.390625,-5.55078125,3.3125,-8.125,0.0,0,2,1152,1617,1045,1
3,226480,409,0.9382305368205817,0.8842432935575426,0.9374370555742058,0.9441816461684012,0.9267555772576067,0.9198889126255073,0.009735404522843105,-0.1152684102908414,-0.2119815668202765,-0.2836085085604419,-0.31876583147679066,-0.3274941251869259,-0.3458357493820002,-0.4525589770195624,-0.27616199224829857,-0.1675771355327006,-0.19879757072664572,-0.21570482497634816,0.479736328125,0.3603515625,0.306640625,0.294189453125,0.277099609375,0.27294921875,0.1279296875,-0.32663960692159794,0.22342600787377545,-0.24814600054933317,-0.8842127750480666,1.47265625,-0.2490234375,0.15771484375,-0.03173828125,0.0384521484375,0.0152587890625,-0.25390625,0.2977294921875,-1.197998046875,0.999603259376812,0.7184667500839259,-0.2990813928647725,0.6279793694875943,0.018646809289834285,-0.018524735251930297,-0.051789910580767234,0.41468550675984983,-0.5511947996459853,0.8123722037415693,5.5,-11.375,5.5,-15.171875,9.98046875,-6.05859375,2.9375,-7.6875,0.0,0,2,1224,1292,1906,1
3,226542,410,0.9627674184392834,0.9058503982665487,0.945921201208533,0.9267555772576067,0.9198889126255073,0.8968474379711295,-3.051850947599719e-05,-0.1239661854915006,-0.2598345896786401,-0.31876583147679066,-0.3274941251869259,-0.35062715536973177,-0.2703329569383831,-0.4050721762749107,-0.19428083132419813,-0.19879757072664572,-0.21570482497634816,-0.2696920682393872,0.474853515625,0.35205078125,0.29931640625,0.277099609375,0.27294921875,0.259521484375,0.44189453125,-0.3101901303140355,0.26477858821375166,-0.19501327555162207,-0.8919949949644459,1.439453125,-0.524169921875,0.033203125,-0.017333984375,0.0,0.0091552734375,-0.356689453125,0.29248046875,-1.1036376953125,0.999572740867336,0.6701254310739464,-0.4267097994933927,0.6073183385723441,0.014221625415814692,-0.016479995117038484,-0.054322946867275006,0.4576555681020539,-0.21768852809228798,-0.869838557084872,4.4375,-10.75,5.4375,-14.859375,9.3984375,-6.3984375,2.5625,-7.1875,0.0,0,2,1391,1271,1065,1
3,226583,411,0.9707022309030426,0.9094821008941923,0.9441816461684012,0.9198889126255073,0.8968474379711295,0.8848231452375867,-0.012085329752494888,-0.08520767845698417,-0.2836085085604419,-0.3274941251869259,-0.35062715536973177,-0.34104434339426865,-0.23993652150028993,-0.40690328684347055,-0.1675771355327006,-0.21570482497634816,-0.2696920682393872,-0.3174230170598468,0.45849609375,0.332763671875,0.294189453125,0.27294921875,0.259521484375,0.255859375,0.12109375,-0.29276406140324107,0.2869655446028016,-0.13183996093630787,-0.902523880733665,1.40966796875,-0.569580078125,0.026123046875,0.0078125,0.05029296875,0.009765625,-0.2259521484375,0.2880859375,-1.029541015625,0.999572740867336,0.6530350657673879,-0.5384075441755425,0.532578508865627,0.009308145390179145,-0.011017181920834987,-0.05752739036225471,0.7477645191808832,0.20899075289162877,0.9014557329020051,3.75,-10.375,5.375,-14.48046875,8.9609375,-6.76953125,2.1875,-6.75,0.0,0,2,1604,1126,1950,1
3,226634,412,0.9761040070802942,0.9298684652241584,0.9267555772576067,0.8968474379711295,0.8848231452375867,0.8496963408307139,-0.018402661214026308,-0.10589922788171026,-0.31876583147679066,-0.35062715536973177,-0.34104434339426865,-0.3339030121768853,-0.2164677877132481,-0.35230567339091157,-0.19879757072664572,-0.2696920682393872,-0.3174230170598468,-0.40809350871303446,0.450439453125,0.324951171875,0.277099609375,0.259521484375,0.255859375,0.242919921875,0.417724609375,-0.2694174016541032,0.314951017792291,-0.061342204046754355,-0.9079866939298684,1.385498046875,-0.303955078125,0.1064453125,0.024658203125,0.00732421875,0.0142822265625,-0.17041015625,0.2852783203125,-0.936767578125,0.99954222235786,0.6133915219580676,-0.6699728385265664,0.4181646168401135,0.003784295175023652,-0.006012146366771447,-0.05951109347819453,0.7213354899746697,-0.22147282326731163,-0.9043855098117008,2.8125,-9.75,5.1875,-14.2109375,8.609375,-6.94921875,1.75,-6.3125,0.0,0,2,1389,1139,1047,1
3,226685,413,0.9732963042085024,0.9374370555742058,0.9198889126255073,0.8848231452375867,0.8496963408307139,0.8514664143803217,-0.031189916684469132,-0.2119815668202765,-0.3274941251869259,-0.34104434339426865,-0.3339030121768853,-0.3672597430341502,-0.22742393261513108,-0.27616199224829857,-0.21570482497634816,-0.3174230170598468,-0.40809350871303446,-0.3743095187231056,0.4296875,0.306640625,0.27294921875,0.255859375,0.242919921875,0.239990234375,0.091796875,-0.2533951841792047,0.3455000457777642,-0.05490279854731895,-0.901882992034669,1.364501953125,0.08154296875,0.31640625,0.102294921875,0.052490234375,0.01708984375,-0.224853515625,0.28271484375,-0.8741455078125,0.9995117038483841,0.5513168736838893,-0.7312845240638447,0.4015625476851711,0.0021362956633198035,-0.005371257667775506,-0.059755241554002504,0.6793725394451735,-0.71645252845851,0.6566667683950316,2.1875,-9.4375,5.0625,-13.98828125,8.421875,-6.9296875,1.375,-5.875,0.0,0,2,1141,1160,1828,1
3,226736,414,0.9574266792809839,0.945921201208533,0.8968474379711295,0.8496963408307139,0.8514664143803217,0.8331247901852473,-0.002044740134891812,-0.2598345896786401,-0.35062715536973177,-0.3339030121768853,-0.3672597430341502,-0.4477980895413068,-0.28864406262398146,-0.19428083132419813,-0.2696920682393872,-0.40809350871303446,-0.3743095187231056,-0.32456434827723013,0.417236328125,0.29931640625,0.259521484375,0.242919921875,0.239990234375,0.2294921875,0.33984375,-0.23947874385814996,0.38956877346110413,-0.08203375347148045,-0.8855250709555346,1.3193359375,0.019775390625,0.40576171875,0.065673828125,0.019775390625,0.034423828125,-0.3465576171875,0.2769775390625,-0.7403564453125,0.9995117038483841,0.43736075930051577,-0.7957701345866268,0.41886654255806144,0.002563554795983764,-0.009857478560747094,-0.05896176030762658,0.49693288979766226,-0.7022919400616474,-0.9478743858149968,1.25,-8.9375,4.8125,-13.421875,7.83984375,-7.25,0.9375,-5.4375,0.0,0,2,1148,1251,1026,1
3,226786,415,0.9163792840357677,0.9441816461684012,0.8848231452375867,0.8514664143803217,0.8331247901852473,0.8423718985564745,0.04596087527085177,-0.2836085085604419,-0.34104434339426865,-0.3672597430341502,-0.4477980895413068,-0.4833826715903195,-0.39768669698171943,-0.1675771355327006,-0.3174230170598468,-0.3743095187231056,-0.32456434827723013,-0.23822748496963408,0.392822265625,0.294189453125,0.255859375,0.239990234375,0.2294921875,0.226806640625,0.089111328125,-0.2241584521011994,0.4406567583239235,-0.08621478926969207,-0.8649555955687124,1.27392578125,-0.25341796875,0.27001953125,-0.005615234375,0.070068359375,0.0316162109375,-0.44873046875,0.27099609375,-0.6361083984375,0.99954222235786,0.3509933774834437,-0.8454542680135502,0.40247810296945097,0.0045167394024475845,-0.009369182409131139,-0.058778649250770594,0.29639576403088475,-0.4836573381756035,0.7538377025666066,0.6875,-8.625,4.6875,-12.75,7.2890625,-7.6484375,0.5,-5.0625,0.0,0,2,1258,1351,1876,1
3,226842,416,0.879757072664571,0.9267555772576067,0.8496963408307139,0.8331247901852473,0.8423718985564745,0.8285775322733238,-0.03851435895870846,-0.31876583147679066,-0.3339030121768853,-0.4477980895413068,-0.4833826715903195,-0.5045014801477096,-0.4738608966338084,-0.19879757072664572,-0.40809350871303446,-0.32456434827723013,-0.23822748496963408,-0.24274422437208168,0.36767578125,0.277099609375,0.242919921875,0.2294921875,0.226806640625,0.217041015625,0.31982421875,-0.21060823389385663,0.48072756126590777,-0.05914487136448256,-0.8491470076601458,1.206298828125,-0.3505859375,0.118896484375,-0.114013671875,0.020751953125,0.0435791015625,-0.3990478515625,0.26318359375,-0.4786376953125,0.999664296395764,0.293130283516953,-0.9112216559343241,0.28943754387035736,0.005066072573015534,-0.008453627124851223,-0.05987731559190649,0.6127201147495956,-0.4097720267342143,-0.9144566179387799,-0.125,-8.25,4.375,-11.578125,6.421875,-8.3984375,0.0,-4.625,0.0,0,2,1295,1193,1042,1
3,226888,417,0.8842432935575426,0.9198889126255073,0.8514664143803217,0.8423718985564745,0.8285775322733238,0.8375194555497909,-0.1152684102908414,-0.3274941251869259,-0.3672597430341502,-0.4833826715903195,-0.5045014801477096,-0.4803308206427198,-0.4525589770195624,-0.21570482497634816,-0.3743095187231056,-0.23822748496963408,-0.24274422437208168,-0.26044495986816,0.3603515625,0.27294921875,0.239990234375,0.226806640625,0.217041015625,0.2138671875,0.10595703125,-0.20072023682363355,0.499893185216834,-0.004852443006683554,-0.8424939725943785,1.164794921875,-0.391357421875,-0.08251953125,-0.167724609375,0.0682373046875,0.0303955078125,-0.2933349609375,0.2589111328125,-0.39453125,0.999725333414716,0.29984435560167244,-0.9432050538651692,0.14310129093295085,0.0031128879665517136,-0.0031128879665517136,-0.06146427808465835,0.4498733481856746,-0.02172917874691,0.8469496749778741,-0.625,-8.0,4.125,-10.87890625,5.98828125,-8.66015625,-0.4375,-4.25,0.0,0,2,1489,1275,1923,1
3,226929,418,0.9058503982665487,0.8968474379711295,0.8331247901852473,0.8285775322733238,0.8375194555497909,0.8413037507248146,-0.1239661854915006,-0.35062715536973177,-0.4477980895413068,-0.5045014801477096,-0.4803308206427198,-0.46549882503738516,-0.4050721762749107,-0.2696920682393872,-0.32456434827723013,-0.24274422437208168,-0.26044495986816,-0.27481917783135473,0.35205078125,0.259521484375,0.2294921875,0.217041015625,0.2138671875,0.210205078125,0.113037109375,-0.19959105197302163,0.5073397015289773,0.0358897671437727,-0.8375499740592669,1.140380859375,-0.160888671875,0.085693359375,-0.174560546875,0.025634765625,0.02001953125,-0.1627197265625,0.25732421875,-0.328125,0.999755851924192,0.3094271675771355,-0.9507431257057405,0.018311105685598315,0.004730368968779565,-0.0037537766655476546,-0.06353953672902615,0.6475417340617085,-0.6515701773125401,-0.27771843623157444,-1.125,-7.75,3.875,-10.390625,5.80078125,-8.83984375,-0.9375,-3.9375,0.0,0,2,1174,1176,1361,1
3,226982,419,0.9094821008941923,0.8848231452375867,0.8423718985564745,0.8375194555497909,0.8413037507248146,0.8392284920804468,-0.08520767845698417,-0.34104434339426865,-0.4833826715903195,-0.4803308206427198,-0.46549882503738516,-0.4601275673696097,-0.40690328684347055,-0.3174230170598468,-0.23822748496963408,-0.26044495986816,-0.27481917783135473,-0.2898342844935453,0.332763671875,0.255859375,0.226806640625,0.2138671875,0.210205078125,0.20166015625,0.282958984375,-0.20361949522385328,0.5255287331766717,0.07013153477584155,-0.8230842005676443,1.109375,-0.12353515625,0.213623046875,-0.121337890625,0.0606689453125,0.0079345703125,-0.169677734375,0.2554931640625,-0.245849609375,0.999725333414716,0.31165501876888335,-0.9432966093935972,-0.11432233649708548,-0.00012207403790398877,0.0,-0.06445509201330607,0.17123935666982024,-0.531846064638203,-0.8945890682699057,-1.8125,-7.375,3.5625,-10.01171875,5.7109375,-8.671875,-1.4375,-3.5625,0.0,0,2,1234,1414,1052,1
3,227031,420,0.9298684652241584,0.8496963408307139,0.8285775322733238,0.8413037507248146,0.8392284920804468,0.8543046357615894,-0.10589922788171026,-0.3339030121768853,-0.5045014801477096,-0.46549882503738516,-0.4601275673696097,-0.46143986327707753,-0.35230567339091157,-0.40809350871303446,-0.24274422437208168,-0.27481917783135473,-0.2898342844935453,-0.23929563280129398,0.324951171875,0.242919921875,0.217041015625,0.210205078125,0.20166015625,0.19873046875,0.095947265625,-0.20398571733756524,0.554124576555681,0.09207434308908354,-0.8017822809533982,1.08349609375,-0.307861328125,0.236083984375,-0.0712890625,0.037353515625,0.016357421875,-0.200439453125,0.2537841796875,-0.1956787109375,0.999664296395764,0.31882686849574265,-0.9259315775017548,-0.20249031037324136,0.006042664876247444,-0.0019226660969878231,-0.06662190618610186,0.6387524033326213,-0.16882839442121647,0.8463087862788782,-2.25,-7.1875,3.3125,-9.5703125,5.671875,-8.640625,-1.875,-3.25,0.0,0,2,1415,1180,1923,1
3,227091,421,0.9374370555742058,0.8514664143803217,0.8375194555497909,0.8392284920804468,0.8543046357615894,0.8546708578753014,-0.2119815668202765,-0.3672597430341502,-0.4803308206427198,-0.4601275673696097,-0.46143986327707753,-0.46592608417004916,-0.27616199224829857,-0.3743095187231056,-0.26044495986816,-0.2898342844935453,-0.23929563280129398,-0.22904141361735894,0.306640625,0.239990234375,0.2138671875,0.20166015625,0.19873046875,0.191162109375,0.244873046875,-0.18524735251930297,0.5956602679525131,0.1348307748649556,-0.7698599200415052,1.026611328125,-0.345458984375,0.15966796875,-0.072509765625,0.0244140625,0.0009765625,-0.2803955078125,0.2490234375,-0.13671875,0.9995117038483841,0.326212347788934,-0.8740195928830836,-0.36005737479781486,0.005340739158299509,0.005371257667775506,-0.06714072084719383,0.017761772515030368,-0.630237739188818,-0.9183019501327555,-2.875,-6.875,3.0,-8.671875,5.5390625,-8.5,-2.4375,-2.9375,0.0,0,2,1184,1491,1040,1
3,227132,422,0.945921201208533,0.8331247901852473,0.8413037507248146,0.8543046357615894,0.8546708578753014,0.8513443403424177,-0.2598345896786401,-0.4477980895413068,-0.46549882503738516,-0.46143986327707753,-0.46592608417004916,-0.4816125980407117,-0.19428083132419813,-0.32456434827723013,-0.27481917783135473,-0.23929563280129398,-0.22904141361735894,-0.20795312356944487,0.29931640625,0.2294921875,0.210205078125,0.19873046875,0.191162109375,0.18798828125,0.102783203125,-0.16281624805444503,0.6170232245857112,0.16919461653492843,-0.7511215552232429,0.98095703125,-0.30126953125,0.2236328125,-0.005615234375,0.0909423828125,0.0166015625,-0.201904296875,0.2452392578125,-0.116455078125,0.9993285927915281,0.326059755241554,-0.815332499160741,-0.478469191564684,0.011719107638782922,0.006073183385723441,-0.07046723838007751,0.38651692251350445,-0.5797601245155186,0.7100741599780267,-3.25,-6.625,2.75,-7.859375,5.51953125,-8.390625,-2.9375,-2.625,0.0,0,2,1210,1306,1855,1
3,227183,423,0.9441816461684012,0.8423718985564745,0.8392284920804468,0.8546708578753014,0.8513443403424177,0.8353831598864712,-0.2836085085604419,-0.4833826715903195,-0.4601275673696097,-0.46592608417004916,-0.4816125980407117,-0.5175634022034363,-0.1675771355327006,-0.23822748496963408,-0.2898342844935453,-0.22904141361735894,-0.20795312356944487,-0.18509475997192298,0.294189453125,0.226806640625,0.20166015625,0.191162109375,0.18798828125,0.1806640625,0.2333984375,-0.14490188299203466,0.6443678090762047,0.1881771294289987,-0.7268898586993011,0.937744140625,-0.1376953125,0.212158203125,0.018798828125,0.0509033203125,0.0262451171875,-0.22998046875,0.242431640625,-0.092041015625,0.9991149632251961,0.3252662739951781,-0.7476119266335032,-0.5790276802880947,0.011505478072450942,0.010711996826075015,-0.07211523789178137,-0.2011474959562975,-0.8093508713034455,-0.9382000183111057,-3.75,-6.3125,2.4375,-7.0390625,5.55078125,-8.26171875,-3.4375,-2.3125,0.0,0,2,1095,1600,1030,1
3,227233,424,0.9267555772576067,0.8285775322733238,0.8543046357615894,0.8513443403424177,0.8353831598864712,0.8212225714896084,-0.31876583147679066,-0.5045014801477096,-0.46143986327707753,-0.4816125980407117,-0.5175634022034363,-0.5533005767998291,-0.19879757072664572,-0.24274422437208168,-0.23929563280129398,-0.20795312356944487,-0.18509475997192298,-0.13943906979583118,0.277099609375,0.217041015625,0.19873046875,0.18798828125,0.1806640625,0.177490234375,0.107666015625,-0.12320322275460066,0.6678975798821986,0.21030304879909664,-0.7032074953459273,0.899658203125,-0.303955078125,0.107421875,0.0,0.0872802734375,0.036376953125,-0.224853515625,0.2398681640625,-0.0880126953125,0.9989623706778161,0.3351542710654012,-0.67390972624897,-0.6584063234351635,0.021149327066866053,0.009582811975463118,-0.07632679219946897,0.10614337595751823,-0.6284981841486862,0.6553239539780877,-4.0625,-6.125,2.1875,-6.3515625,5.6015625,-8.0703125,-4.0,-2.0625,0.0,0,2,1185,1446,1827,1
3,227284,425,0.9198889126255073,0.8375194555497909,0.8546708578753014,0.8353831598864712,0.8212225714896084,0.7981810968352305,-0.3274941251869259,-0.4803308206427198,-0.46592608417004916,-0.5175634022034363,-0.5533005767998291,-0.5832392345957823,-0.21570482497634816,-0.26044495986816,-0.22904141361735894,-0.18509475997192298,-0.13943906979583118,-0.1508224738303781,0.27294921875,0.2138671875,0.191162109375,0.1806640625,0.177490234375,0.169921875,0.24658203125,-0.09436323129978332,0.6831263161107212,0.24521622363963744,-0.6814172795800653,0.853759765625,-0.39208984375,0.008056640625,-0.041015625,0.0401611328125,0.02978515625,-0.2239990234375,0.2371826171875,-0.0936279296875,0.9987487411114842,0.33646656697286903,-0.554826502273629,-0.760887478255562,0.02075258644367809,0.017426068910794398,-0.08014160588396863,-0.010467848750267038,-0.6457411420026246,-0.9150669881282998,-4.5,-5.75,1.875,-5.421875,5.73828125,-7.80078125,-4.5625,-1.8125,0.0,0,2,1177,1505,1042,1
3,227334,426,0.8968474379711295,0.8413037507248146,0.8513443403424177,0.8212225714896084,0.7981810968352305,0.7811517685476241,-0.35062715536973177,-0.46549882503738516,-0.4816125980407117,-0.5533005767998291,-0.5832392345957823,-0.597705008087405,-0.2696920682393872,-0.27481917783135473,-0.20795312356944487,-0.13943906979583118,-0.1508224738303781,-0.1805169835505234,0.259521484375,0.210205078125,0.18798828125,0.177490234375,0.169921875,0.1669921875,0.089111328125,-0.04965361491744743,0.6835535752433851,0.2996307260353404,-0.663716544083987,0.8203125,-0.495849609375,-0.05029296875,-0.089599609375,0.0631103515625,0.032958984375,-0.1260986328125,0.2353515625,-0.1016845703125,0.9987487411114842,0.3226722006897183,-0.3978392895290994,-0.858851893673513,0.029053621021149327,0.021179845576342053,-0.08600115970336009,0.4615314188055055,-0.14972380748924222,0.8610797448652607,-4.75,-5.5625,1.6875,-4.83984375,5.859375,-7.48046875,-5.0625,-1.5625,0.0,0,2,1425,1269,1930,1
3,227385,427,0.8848231452375867,0.8392284920804468,0.8353831598864712,0.7981810968352305,0.7811517685476241,0.7587206640827662,-0.34104434339426865,-0.4601275673696097,-0.5175634022034363,-0.5832392345957823,-0.597705008087405,-0.5982848597674489,-0.3174230170598468,-0.2898342844935453,-0.18509475997192298,-0.1508224738303781,-0.1805169835505234,-0.2576677755058443,0.255859375,0.20166015625,0.1806640625,0.169921875,0.1669921875,0.15966796875,0.23779296875,-9.155552842799158e-05,0.6728415784173101,0.3645741142002625,-0.6437269203772088,0.792236328125,-0.512451171875,-0.08056640625,-0.136962890625,0.023681640625,0.0123291015625,-0.04833984375,0.2347412109375,-0.092041015625,0.9988708151493881,0.28611102633747365,-0.18497268593401897,-0.9401837214270455,0.02630695516830958,0.03686635944700461,-0.09228797265541551,0.6249275185399945,-0.25183874019592883,-0.9088717307046724,-5.0625,-5.1875,1.375,-4.46875,6.01171875,-7.0703125,-5.625,-1.3125,0.0,0,2,1374,1187,1045,1
3,227436,428,0.8496963408307139,0.8543046357615894,0.8212225714896084,0.7811517685476241,0.7587206640827662,0.7495040742210151,-0.3339030121768853,-0.46143986327707753,-0.5533005767998291,-0.597705008087405,-0.5982848597674489,-0.5912045655690176,-0.40809350871303446,-0.23929563280129398,-0.13943906979583118,-0.1805169835505234,-0.2576677755058443,-0.2978606524857326,0.242919921875,0.19873046875,0.177490234375,0.1669921875,0.15966796875,0.158935546875,0.02783203125,0.041779839472640155,0.6574602496414075,0.4258552812280648,-0.620197149571215,0.77734375,-0.35498046875,-0.019775390625,-0.120361328125,0.063232421875,0.029296875,0.0538330078125,0.2344970703125,-0.0701904296875,0.9990539262062441,0.25257118442335275,0.010284737693411055,-0.967528305917539,0.03503524887844478,0.04150517288735618,-0.09805597094637898,0.6593523972289194,-0.5778374584185308,0.8548234504226814,-5.25,-4.9375,1.1875,-4.44921875,6.05078125,-6.76171875,-6.1875,-1.125,0.0,0,2,1211,1170,1927,1
3,227485,429,0.8514664143803217,0.8546708578753014,0.7981810968352305,0.7587206640827662,0.7495040742210151,0.7394634846034119,-0.3672597430341502,-0.46592608417004916,-0.5832392345957823,-0.5982848597674489,-0.5912045655690176,-0.6107669301431318,-0.3743095187231056,-0.22904141361735894,-0.1508224738303781,-0.2576677755058443,-0.2978606524857326,-0.28315073091830195,0.239990234375,0.191162109375,0.169921875,0.15966796875,0.158935546875,0.153076171875,0.186279296875,0.05304116946928312,0.6567888424329356,0.46192815942869353,-0.5936765648365734,0.76708984375,-0.158203125,0.178955078125,-0.07177734375,0.025390625,0.0035400390625,0.0484619140625,0.2353515625,-0.01220703125,0.9992370372631001,0.24488052003540148,0.15478988006225777,-0.9571214941862239,0.038453321939756466,0.05188146610919523,-0.10690633869441817,0.5598925748466445,-0.7366252632221443,-0.9285866878261666,-5.5625,-4.625,0.9375,-4.7109375,5.94921875,-6.46875,-6.75,-0.9375,0.0,0,2,1131,1220,1035,1
3,227539,430,0.8331247901852473,0.8513443403424177,0.7811517685476241,0.7495040742210151,0.7394634846034119,0.7340922269356365,-0.4477980895413068,-0.4816125980407117,-0.597705008087405,-0.5912045655690176,-0.6107669301431318,-0.6443678090762047,-0.32456434827723013,-0.20795312356944487,-0.1805169835505234,-0.2978606524857326,-0.28315073091830195,-0.2141788995025483,0.2294921875,0.18798828125,0.1669921875,0.158935546875,0.153076171875,0.154052734375,-0.02587890625,0.05243079927976318,0.6696066164128543,0.4902188177129429,-0.5554673909726249,0.7587890625,-0.31201171875,0.241455078125,-0.0673828125,0.0765380859375,0.0064697265625,-0.02197265625,0.2357177734375,0.019287109375,0.9993896298104801,0.2815027314065981,0.26233710745567185,-0.923001800592059,0.058473464156010624,0.044099246192815945,-0.10965300454725792,0.2129276406140324,-0.7760856959746086,0.9852595599230933,-5.8125,-4.375,0.8125,-4.8203125,5.98828125,-6.1796875,-7.375,-0.75,0.0,0,2,1111,1393,1992,1
3,227591,431,0.8423718985564745,0.8353831598864712,0.7587206640827662,0.7394634846034119,0.7340922269356365,0.717551194799646,-0.4833826715903195,-0.5175634022034363,-0.5982848597674489,-0.6107669301431318,-0.6443678090762047,-0.6790063173314616,-0.23822748496963408,-0.18509475997192298,-0.2576677755058443,-0.28315073091830195,-0.2141788995025483,-0.15527817621387371,0.226806640625,0.1806640625,0.15966796875,0.153076171875,0.154052734375,0.150146484375,0.12109375,0.05316324350718711,0.6871242408520768,0.52134769737846,-0.5031891842402417,0.747802734375,-0.324951171875,0.319091796875,-0.053466796875,0.0421142578125,0.0179443359375,-0.1016845703125,0.2359619140625,0.0369873046875,0.999603259376812,0.3217261268959624,0.3967406231879635,-0.8597064119388409,0.07434308908352916,0.053956724753563036,-0.11453596606341747,0.19721060823389386,-0.6786400952177496,-0.8420361949522386,-6.125,-4.0,0.625,-4.69921875,6.2890625,-5.73046875,-7.9375,-0.625,0.0,0,2,1160,1401,1078,1
3,227637,432,0.8285775322733238,0.8212225714896084,0.7495040742210151,0.7340922269356365,0.717551194799646,0.6880092776268807,-0.5045014801477096,-0.5533005767998291,-0.5912045655690176,-0.6443678090762047,-0.6790063173314616,-0.7152012695699942,-0.24274422437208168,-0.13943906979583118,-0.2978606524857326,-0.2141788995025483,-0.15527817621387371,-0.1229285561693167,0.217041015625,0.177490234375,0.158935546875,0.154052734375,0.150146484375,0.152587890625,-0.07568359375,0.06796472060304574,0.6981414227729118,0.5581835383159887,-0.44318979461043123,0.7333984375,-0.459716796875,0.191650390625,-0.04052734375,0.104248046875,-0.0013427734375,-0.1669921875,0.235595703125,0.0302734375,0.9995117038483841,0.3527024140140996,0.5351725821710868,-0.7676015503402814,0.09659108249153112,0.0446180608539079,-0.10556352427747429,-0.19644764549699392,-0.8580278939176611,0.9898678548539689,-6.375,-3.75,0.5,-4.390625,6.640625,-5.25,-8.5,-0.4375,0.0,0,2,1070,1598,1994,1
3,227687,433,0.8375194555497909,0.7981810968352305,0.7394634846034119,0.717551194799646,0.6880092776268807,0.640919217505417,-0.4803308206427198,-0.5832392345957823,-0.6107669301431318,-0.6790063173314616,-0.7152012695699942,-0.7544175542466506,-0.26044495986816,-0.1508224738303781,-0.28315073091830195,-0.15527817621387371,-0.1229285561693167,-0.14166692098757896,0.2138671875,0.169921875,0.153076171875,0.150146484375,0.152587890625,0.149169921875,0.107666015625,0.10010071108127079,0.6983550523392438,0.5969725638599811,-0.3820001831110569,0.726318359375,-0.517822265625,0.129638671875,-0.0458984375,0.0484619140625,0.0164794921875,-0.131103515625,0.236083984375,0.0233154296875,0.9992370372631001,0.3358256782738731,0.6934720908230843,-0.6374401074251533,0.11688589129306924,0.057954649494918666,-0.10943937498092593,0.3522446363719596,-0.3834345530564287,-0.8290047914059877,-6.625,-3.3125,0.3125,-4.0,7.2890625,-4.46875,-9.125,-0.375,0.0,0,2,1308,1323,1085,1
3,227738,434,0.8413037507248146,0.7811517685476241,0.7340922269356365,0.6880092776268807,0.640919217505417,0.5841547898800623,-0.46549882503738516,-0.597705008087405,-0.6443678090762047,-0.7152012695699942,-0.7544175542466506,-0.7871333964049196,-0.27481917783135473,-0.1805169835505234,-0.2141788995025483,-0.1229285561693167,-0.14166692098757896,-0.1978820154423658,0.210205078125,0.1669921875,0.154052734375,0.152587890625,0.149169921875,0.15380859375,-0.1474609375,0.14639728995635853,0.6889248329111606,0.6317331461531419,-0.3238319040498062,0.720458984375,-0.63037109375,-0.054443359375,-0.04248046875,0.0736083984375,0.0133056640625,-0.121337890625,0.2362060546875,0.034912109375,0.9989928891872921,0.3077791680654317,0.8174993133335368,-0.4868007446516312,0.1315652943510239,0.04098635822626423,-0.10135196996978668,0.1510971404156621,-0.8457289345988342,0.9872737815485092,-6.8125,-3.0625,0.25,-3.87109375,7.58984375,-3.890625,-9.6875,-0.25,0.0,0,2,1077,1424,1993,1
3,227789,435,0.8392284920804468,0.7587206640827662,0.717551194799646,0.640919217505417,0.5841547898800623,0.5044404431287576,-0.4601275673696097,-0.5982848597674489,-0.6790063173314616,-0.7544175542466506,-0.7871333964049196,-0.8104495376445814,-0.2898342844935453,-0.2576677755058443,-0.15527817621387371,-0.14166692098757896,-0.1978820154423658,-0.2978911709952086,0.20166015625,0.15966796875,0.150146484375,0.149169921875,0.15380859375,0.153076171875,0.02392578125,0.21048615985595265,0.6676839503158666,0.6625568407238991,-0.2662739951780755,0.72265625,-0.545166015625,-0.04541015625,-0.038330078125,0.0374755859375,0.014892578125,-0.00048828125,0.237060546875,0.0718994140625,0.9986877040925322,0.24375133518478959,0.9262977996154668,-0.28733176671651356,0.15170751060518203,0.04791405987731559,-0.11358989226966155,0.7524643696401868,0.06518753624073001,-0.6355174413281656,-7.125,-2.5625,0.125,-3.859375,7.94140625,-3.2109375,-10.3125,-0.1875,0.0,0,2,1532,1123,1182,1
3,227839,436,0.8543046357615894,0.7495040742210151,0.6880092776268807,0.5841547898800623,0.5044404431287576,0.4309213538010804,-0.46143986327707753,-0.5912045655690176,-0.7152012695699942,-0.7871333964049196,-0.8104495376445814,-0.804071169164098,-0.23929563280129398,-0.2978606524857326,-0.1229285561693167,-0.1978820154423658,-0.2978911709952086,-0.4096499526963103,0.19873046875,0.158935546875,0.152587890625,0.15380859375,0.153076171875,0.16015625,-0.22900390625,0.27249977111117896,0.641560106204413,0.6862392040772729,-0.20786156804101688,0.721435546875,-0.598876953125,0.0576171875,-0.022216796875,0.0665283203125,0.0269775390625,0.0352783203125,0.2374267578125,0.1103515625,0.9985045930356762,0.19837031159398175,0.9765312662129582,-0.08401745658742027,0.14191106906338694,0.019409772026734214,-0.1097445600756859,0.7800531022064883,-0.71645252845851,0.9595019379253518,-7.3125,-2.25,0.0625,-3.94921875,7.96875,-2.96875,-10.875,-0.0625,0.0,0,2,1141,1109,1979,1
3,227880,437,0.8546708578753014,0.7394634846034119,0.640919217505417,0.5044404431287576,0.4309213538010804,0.36222418897061065,-0.46592608417004916,-0.6107669301431318,-0.7544175542466506,-0.8104495376445814,-0.804071169164098,-0.7904904324472792,-0.22904141361735894,-0.28315073091830195,-0.14166692098757896,-0.2978911709952086,-0.4096499526963103,-0.4938505203405866,0.191162109375,0.153076171875,0.149169921875,0.153076171875,0.16015625,0.169189453125,-0.29345703125,0.32032227546006653,0.6163518173772393,0.7017426068910795,-0.15826899014252144,0.72265625,-0.47900390625,0.00146484375,-0.003662109375,0.05078125,0.0015869140625,0.0899658203125,0.2379150390625,0.143798828125,0.9984130375072482,0.15710928678243355,0.9832758568071536,0.09204382457960754,0.1391033661915952,0.011108737449262978,-0.11642811365092928,0.8498794518875699,0.3743095187231056,0.9813226722006897,-7.5,-1.9375,0.0,-4.0,8.01171875,-2.8515625,-11.5,-0.0625,0.0,0,2,1687,1075,1990,1
3,227941,438,0.8513443403424177,0.7340922269356365,0.5841547898800623,0.4309213538010804,0.36222418897061065,0.28171636097293007,-0.4816125980407117,-0.6443678090762047,-0.7871333964049196,-0.804071169164098,-0.7904904324472792,-0.7634815515610217,-0.20795312356944487,-0.2141788995025483,-0.1978820154423658,-0.4096499526963103,-0.4938505203405866,-0.5811334574419386,0.18798828125,0.154052734375,0.15380859375,0.16015625,0.169189453125,0.172119140625,-0.09619140625,0.36057618945890685,0.5909604174932096,0.716574602496414,-0.08539078951384015,0.7265625,-0.4130859375,0.290771484375,0.041015625,0.10009765625,0.014404296875,0.0765380859375,0.23876953125,0.20947265625,0.9982604449598682,0.10196234015930662,0.945524460585345,0.30912198248237555,0.11691640980254524,-0.01977599414044618,-0.11828974272896511,0.7757499923703727,-0.31022064882351147,0.2723166600543229,-7.8125,-1.4375,-0.0625,-4.23828125,7.94921875,-2.828125,-12.0625,0.0,0.0,0,2,1344,1112,1636,1
4,257943,0,0.577013458662679,0.577013458662679,0.577013458662679,0.577013458662679,0.577013458662679,0.9075594347972045,-0.3488570818201239,-0.3488570818201239,-0.3488570818201239,-0.3488570818201239,-0.3488570818201239,-0.18979461043122653,0.73848689230018,0.73848689230018,0.73848689230018,0.73848689230018,0.73848689230018,0.37458418530838955,7.287353515625,7.287353515625,7.287353515625,7.287353515625,7.287353515625,0.023193359375,7.999755859375,-0.06912442396313365,-0.20355845820490126,-0.13782158879360332,0.9668568987090671,0.85107421875,0.07275390625,0.086669921875,-0.072021484375,0.0802001953125,0.013427734375,-0.11328125,0.2498779296875,0.0,0.9987487411114842,0.0,0.0,0.0,0.03848384044923246,-0.008056886501663259,0.01586962492751854,-0.989135410626545,-0.4205755790887173,-1.0,0.0,0.0,0.0,-10.5,-0.5703125,-3.44140625,-0.625,0.0,0.0,1,1,1289,1994,1000,1
4,257985,1,0.577013458662679,0.577013458662679,0.577013458662679,0.577013458662679,0.9075594347972045,0.7885982848597675,-0.3488570818201239,-0.3488570818201239,-0.3488570818201239,-0.3488570818201239,-0.18979461043122653,-0.23661000396740622,0.73848689230018,0.73848689230018,0.73848689230018,0.73848689230018,0.37458418530838955,0.5675527207251198,7.287353515625,7.287353515625,7.287353515625,7.287353515625,0.023193359375,0.029541015625,-0.211669921875,-0.05630664998321482,-0.2097537156285287,-0.13235877559739984,0.9671010467848751,0.85888671875,-0.01025390625,0.0732421875,-0.072509765625,0.0771484375,0.02001953125,-0.1107177734375,0.251953125,0.815673828125,0.9986877040925322,-0.9071321756645405,0.1217383342997528,-0.4028443250831629,-0.4700155644398328,-0.24387340922269357,0.598101748710593,-0.989135410626545,-0.5074007385479293,-0.8407238990447706,-0.4375,0.0,-0.1875,-10.58984375,-0.53125,-3.5,-1.1875,0.0,0.0,0,1,1246,1994,1079,1
4,258036,2,0.577013458662679,0.577013458662679,0.577013458662679,0.9075594347972045,0.7885982848597675,0.5176549577318644,-0.3488570818201239,-0.3488570818201239,-0.3488570818201239,-0.18979461043122653,-0.23661000396740622,-0.3099154637287515,0.73848689230018,0.73848689230018,0.73848689230018,0.37458418530838955,0.5675527207251198,0.7974791711172826,7.287353515625,7.287353515625,7.287353515625,0.023193359375,0.029541015625,0.031005859375,-0.043212890625,-0.04315317239906003,-0.21491134372997223,-0.12588885158848842,0.967528305917539,0.8681640625,-0.019775390625,0.04345703125,-0.080322265625,0.078857421875,0.0179443359375,-0.11865234375,0.2547607421875,0.8231201171875,0.9985961485641042,-0.9042023987548448,0.08627582628864407,-0.4183477278969695,-0.6416516617328409,-0.21457564012573627,0.47669911801507614,-0.99984740745262,0.31601916562395094,-0.7700735496078371,-1.125,-0.0625,-0.4375,-10.69140625,-0.48828125,-3.58984375,-1.8125,0.0,0.0,0,1,1658,1999,1114,1
4,258087,3,0.577013458662679,0.577013458662679,0.577013458662679,0.7885982848597675,0.5176549577318644,0.45835749382000185,-0.3488570818201239,-0.3488570818201239,-0.3488570818201239,-0.23661000396740622,-0.3099154637287515,-0.28669087801751764,0.73848689230018,0.73848689230018,0.73848689230018,0.5675527207251198,0.7974791711172826,0.8412427137058626,7.287353515625,7.287353515625,7.287353515625,0.029541015625,0.031005859375,0.03955078125,-0.283203125,-0.030610065004425185,-0.21881771294289987,-0.12012085329752495,0.967864009521775,0.87255859375,0.02880859375,-0.021484375,-0.080322265625,0.080810546875,0.0203857421875,-0.126708984375,0.2564697265625,0.8253173828125,0.9985656300546282,-0.901760917996765,0.06881923886837367,-0.4267097994933927,-0.684560686056093,-0.1543321024201178,0.3394268623920408,-0.99969481490524,-0.8877224036378063,-0.9729606006042665,-1.5625,-0.0625,-0.625,-10.71875,-0.44140625,-3.6796875,-2.375,0.0,0.0,0,1,1056,1999,1013,1
4,258138,4,0.577013458662679,0.577013458662679,0.9075594347972045,0.5176549577318644,0.45835749382000185,0.24433118686483352,-0.3488570818201239,-0.3488570818201239,-0.18979461043122653,-0.3099154637287515,-0.28669087801751764,-0.3053987243263039,0.73848689230018,0.73848689230018,0.37458418530838955,0.7974791711172826,0.8412427137058626,0.9203466902676474,7.287353515625,7.287353515625,0.023193359375,0.031005859375,0.03955078125,0.044677734375,-0.164306640625,-0.01879940183721427,-0.22104556413464765,-0.11606189153721733,0.968138676107059,0.878662109375,0.023193359375,0.083740234375,-0.06689453125,0.0784912109375,0.006591796875,-0.1251220703125,0.2589111328125,0.8280029296875,0.9985045930356762,-0.9000518814661091,0.04464857936338389,-0.4335154271065401,-0.5858027893917661,-0.11554307687612538,0.21829889828180793,-0.9991149632251961,-0.7003387554551835,0.9368572038941618,-2.25,-0.125,-0.875,-10.76171875,-0.33984375,-3.8203125,-3.0,0.0,0.0,0,1,1149,1999,1968,1
4,258179,5,0.577013458662679,0.577013458662679,0.7885982848597675,0.45835749382000185,0.24433118686483352,0.24485000152592548,-0.3488570818201239,-0.3488570818201239,-0.23661000396740622,-0.28669087801751764,-0.3053987243263039,-0.2871181371501816,0.73848689230018,0.73848689230018,0.5675527207251198,0.8412427137058626,0.9203466902676474,0.9260841700491348,7.287353515625,7.287353515625,0.029541015625,0.03955078125,0.044677734375,0.05419921875,-0.310546875,-0.010650959807123021,-0.2227851191747795,-0.1141087069307535,0.968108157597583,0.8798828125,0.031982421875,0.091552734375,-0.062255859375,0.08056640625,0.0047607421875,-0.135009765625,0.2603759765625,0.8262939453125,0.9984435560167242,-0.8985259559923093,0.031769768364513076,-0.4377574999237037,-0.43821527756584366,-0.07003997924741355,0.10818811609241005,-0.9989013336588641,0.6239509262367626,0.9834894863734855,-2.6875,-0.125,-1.0625,-10.73828125,-0.25,-3.9296875,-3.625,0.0,0.0,0,1,1811,1999,1991,1
4,258233,6,0.577013458662679,0.577013458662679,0.5176549577318644,0.24433118686483352,0.24485000152592548,0.23447370830408643,-0.3488570818201239,-0.3488570818201239,-0.3099154637287515,-0.3053987243263039,-0.2871181371501816,-0.27457502975554676,0.73848689230018,0.73848689230018,0.7974791711172826,0.9203466902676474,0.9260841700491348,0.9325540940580462,7.287353515625,7.287353515625,0.031005859375,0.044677734375,0.05419921875,0.063720703125,-0.304443359375,-0.003936887722403638,-0.22299874874111147,-0.11261329996642964,0.9682912686544389,0.87939453125,-0.052001953125,-0.04541015625,-0.0244140625,0.0784912109375,0.0072021484375,-0.1004638671875,0.26171875,0.8236083984375,0.9984130375072482,-0.8982512894070254,0.020844141972106083,-0.4390087588122196,-0.3680227057710501,-0.07293923764763328,0.1292153691213721,-0.9726554155095065,-0.9328287606433302,0.9986877040925322,-3.1875,-0.125,-1.25,-10.7109375,-0.140625,-4.0,-4.1875,0.0,0.0,0,1,1033,1986,1999,1
4,258281,7,0.577013458662679,0.577013458662679,0.45835749382000185,0.24485000152592548,0.23447370830408643,0.11459700308236946,-0.3488570818201239,-0.3488570818201239,-0.28669087801751764,-0.2871181371501816,-0.27457502975554676,-0.27332377086703086,0.73848689230018,0.73848689230018,0.8412427137058626,0.9260841700491348,0.9325540940580462,0.9550767540513321,7.287353515625,7.287353515625,0.03955078125,0.05419921875,0.063720703125,0.071533203125,-0.2578125,-0.0009155552842799158,-0.22455519272438734,-0.11200292977690969,0.968016602069155,0.878173828125,0.09375,0.03369140625,-0.01171875,0.07421875,0.0040283203125,-0.099609375,0.2635498046875,0.8211669921875,0.9983214819788202,-0.8971831415753655,0.021332438123722038,-0.4411450544755394,-0.29087191381572924,-0.03607287820062868,0.03790398876918851,-0.9841303750724815,0.11041596728415784,0.9983520004882962,-3.8125,-0.125,-1.5625,-10.6796875,-0.01171875,-4.03125,-4.8125,0.0,0.0,0,1,1555,1992,1999,1
4,258331,8,0.577013458662679,0.9075594347972045,0.24433118686483352,0.23447370830408643,0.11459700308236946,0.1218298898281808,-0.3488570818201239,-0.18979461043122653,-0.3053987243263039,-0.27457502975554676,-0.27332377086703086,-0.25818659016693624,0.73848689230018,0.37458418530838955,0.9203466902676474,0.9325540940580462,0.9550767540513321,0.9583727530747398,7.287353515625,0.023193359375,0.044677734375,0.063720703125,0.071533203125,0.081298828125,-0.31787109375,-0.00024414807580797754,-0.22745445112460708,-0.10846278267769402,0.967741935483871,0.87548828125,-0.05322265625,0.03662109375,0.010498046875,0.0775146484375,0.0028076171875,-0.1099853515625,0.2646484375,0.8179931640625,0.9982299264503922,-0.8948026978362377,0.022247993408001952,-0.44590594195379496,-0.2633136997589038,-0.03933835871456038,0.06363109225745414,0.42780846583452864,-0.31232642597735527,0.9985045930356762,-4.25,-0.125,-1.75,-10.640625,0.08984375,-4.0390625,-5.375,0.0,0.0,0,1,1343,1286,1999,1
4,258391,9,0.577013458662679,0.7885982848597675,0.24485000152592548,0.11459700308236946,0.1218298898281808,0.0369884334849086,-0.3488570818201239,-0.23661000396740622,-0.2871181371501816,-0.27332377086703086,-0.25818659016693624,-0.24634540849024933,0.73848689230018,0.5675527207251198,0.9260841700491348,0.9550767540513321,0.9583727530747398,0.9684743797112949,7.287353515625,0.029541015625,0.05419921875,0.071533203125,0.081298828125,0.090576171875,-0.302001953125,-0.004272591326639607,-0.22901089510788294,-0.10562456129642628,0.967650379955443,0.869873046875,0.052001953125,0.01318359375,0.02587890625,0.076416015625,0.005859375,-0.1143798828125,0.26611328125,0.8095703125,0.9981688894314402,-0.8940397350993378,0.036591692861720634,-0.44645527512436295,-0.20834986419263282,-0.017761772515030368,0.01748710592974639,-0.9331949827570422,0.43681142612994783,0.9995117038483841,-4.875,-0.125,-2.0625,-10.53125,0.19921875,-4.12109375,-6.0,0.0,0.0,0,1,1718,1966,1999,1
4,258432,10,0.577013458662679,0.5176549577318644,0.23447370830408643,0.1218298898281808,0.0369884334849086,0.058534501174962617,-0.3488570818201239,-0.3099154637287515,-0.27457502975554676,-0.25818659016693624,-0.24634540849024933,-0.2357249671926023,0.73848689230018,0.7974791711172826,0.9325540940580462,0.9583727530747398,0.9684743797112949,0.9700613422040467,7.287353515625,0.031005859375,0.063720703125,0.081298828125,0.090576171875,0.1005859375,-0.3271484375,-0.00881984923856319,-0.2294686727500229,-0.1033661915952025,0.967772453993347,0.865478515625,-0.013671875,0.058349609375,0.0302734375,0.0740966796875,0.0093994140625,-0.1016845703125,0.26708984375,0.8033447265625,0.9981078524124882,-0.8938871425519578,0.04791405987731559,-0.445722830896939,-0.19531846064638203,-0.019409772026734214,0.03955198828089236,-0.8897671437726982,0.07831049531540879,0.9843745231482894,-5.3125,-0.0625,-2.25,-10.44921875,0.28125,-4.16015625,-6.625,0.0,0.0,0,1,1539,1944,1992,1
4,258483,11,0.577013458662679,0.45835749382000185,0.11459700308236946,0.0369884334849086,0.058534501174962617,0.0007019257179479354,-0.3488570818201239,-0.28669087801751764,-0.27332377086703086,-0.24634540849024933,-0.2357249671926023,-0.22766808069093905,0.73848689230018,0.8412427137058626,0.9550767540513321,0.9684743797112949,0.9700613422040467,0.9737540818506424,7.287353515625,0.03955078125,0.071533203125,0.090576171875,0.1005859375,0.11083984375,-0.329345703125,-0.014557329020050662,-0.23163548692281868,-0.10190130314035463,0.967345194860683,0.858154296875,-0.05810546875,-0.0166015625,0.0390625,0.072509765625,0.0098876953125,-0.095458984375,0.2684326171875,0.794921875,0.9980162968840601,-0.8919949949644459,0.06378368480483414,-0.4475234229560228,-0.1598254341257973,-0.00836207159642323,0.013733329264198737,-0.9829401532029176,0.6675313577684866,0.9972533341471602,-5.875,-0.0625,-2.5625,-10.33984375,0.390625,-4.171875,-7.1875,0.0,0.0,0,1,1833,1991,1998,1
4,258534,12,0.577013458662679,0.24433118686483352,0.1218298898281808,0.058534501174962617,0.0007019257179479354,0.020294808801538132,-0.3488570818201239,-0.3053987243263039,-0.25818659016693624,-0.2357249671926023,-0.22766808069093905,-0.2119510483108005,0.73848689230018,0.9203466902676474,0.9583727530747398,0.9700613422040467,0.9737540818506424,0.9770805993835261,7.287353515625,0.044677734375,0.081298828125,0.1005859375,0.11083984375,0.12109375,-0.330810546875,-0.018738364818262278,-0.23377178258613848,-0.09872737815485091,0.9670705282753991,0.8544921875,0.03173828125,-0.04736328125,0.020751953125,0.074951171875,0.011474609375,-0.1033935546875,0.2694091796875,0.791259765625,0.9979247413556321,-0.8899197363200781,0.07617419965208899,-0.4496902371288186,-0.15140232551042207,-0.009063997314371167,0.02999969481490524,-0.9059114352855007,0.20258186590166935,0.9973448896755882,-6.3125,-0.0625,-2.75,-10.2890625,0.44921875,-4.16015625,-7.8125,0.0,0.0,0,1,1601,1952,1998,1
4,258587,13,0.577013458662679,0.24485000152592548,0.0369884334849086,0.0007019257179479354,0.020294808801538132,-0.024109622486037784,-0.3488570818201239,-0.2871181371501816,-0.24634540849024933,-0.22766808069093905,-0.2119510483108005,-0.1901608325449385,0.73848689230018,0.9260841700491348,0.9684743797112949,0.9737540818506424,0.9770805993835261,0.9814447462385937,7.287353515625,0.05419921875,0.090576171875,0.11083984375,0.12109375,0.131103515625,-0.327880859375,-0.019501327555162207,-0.23685415204321422,-0.09201330607013153,0.9669789727469711,0.847900390625,0.049560546875,0.072509765625,0.010009765625,0.07568359375,0.0201416015625,-0.10693359375,0.270751953125,0.782958984375,0.9978331858272041,-0.8870204779198584,0.07986693929868466,-0.45478682821131017,-0.1282082583086642,-0.0035401470992156743,0.013245033112582781,-0.9822077089754936,0.4747764519180883,0.9693288979766228,-6.875,0.0,-3.0625,-10.1796875,0.5390625,-4.19140625,-8.375,0.0,0.0,0,1,1737,1991,1984,1
4,258635,14,0.577013458662679,0.23447370830408643,0.058534501174962617,0.020294808801538132,-0.024109622486037784,-0.0065919980468153935,-0.3488570818201239,-0.27457502975554676,-0.2357249671926023,-0.2119510483108005,-0.1901608325449385,-0.16531876583147678,0.73848689230018,0.9325540940580462,0.9700613422040467,0.9770805993835261,0.9814447462385937,0.9862056337168492,7.287353515625,0.063720703125,0.1005859375,0.12109375,0.131103515625,0.141357421875,-0.3359375,-0.016907254249702446,-0.24063844721823785,-0.08404797509689627,0.9668263801995911,0.84375,0.04150390625,-0.051513671875,-0.01025390625,0.076171875,0.021240234375,-0.110595703125,0.271728515625,0.777099609375,0.9977721488082522,-0.8836329233680227,0.07583849604785302,-0.4620197149571215,-0.12158574175237281,-0.004882961516159551,0.02554399243140965,-0.9583117160557878,0.5738395336771752,0.999603259376812,-7.3125,0.0,-3.25,-10.1015625,0.62109375,-4.23046875,-9.0,0.0,0.0,0,1,1786,1979,1999,1
4,258685,15,0.577013458662679,0.11459700308236946,0.0007019257179479354,-0.024109622486037784,-0.0065919980468153935,-0.041627246925260174,-0.3488570818201239,-0.27332377086703086,-0.22766808069093905,-0.1901608325449385,-0.16531876583147678,-0.13638721884823146,0.73848689230018,0.9550767540513321,0.9737540818506424,0.9814447462385937,0.9862056337168492,0.9897762993255409,7.287353515625,0.071533203125,0.11083984375,0.131103515625,0.141357421875,0.15234375,-0.352783203125,-0.011169774468214972,-0.24420911282692953,-0.07779168065431684,0.966521195104831,0.837646484375,0.08837890625,0.075927734375,-0.04150390625,0.0777587890625,0.01904296875,-0.1143798828125,0.273193359375,0.7681884765625,0.9976805932798242,-0.8806115909298989,0.0696127201147496,-0.4687032685323649,-0.1075777459028901,-0.004394665364543596,0.02737510299996948,-0.9606006042664876,0.5043183690908536,0.9096957304605243,-7.875,0.0625,-3.5625,-9.98046875,0.69921875,-4.30078125,-9.625,0.0,0.0,0,1,1752,1980,1954,1
4,258736,16,0.9075594347972045,0.1218298898281808,0.020294808801538132,-0.0065919980468153935,-0.041627246925260174,-0.015350810266426589,-0.18979461043122653,-0.25818659016693624,-0.2119510483108005,-0.16531876583147678,-0.13638721884823146,-0.11288796655171361,0.37458418530838955,0.9583727530747398,0.9770805993835261,0.9862056337168492,0.9897762993255409,0.9934995574816126,0.023193359375,0.081298828125,0.12109375,0.141357421875,0.15234375,0.1630859375,-0.347900390625,-0.003509628589739677,-0.24433118686483352,-0.0717795342875454,0.9670094912564471,0.835693359375,0.07861328125,-0.02099609375,-0.0439453125,0.104248046875,0.03466796875,-0.1512451171875,0.2742919921875,0.7637939453125,0.9976500747703482,-0.880886257515183,0.05624561296426282,-0.4699850459303568,-0.09906308175908689,-0.004119998779259621,0.024628437147129735,-0.999572740867336,-0.07724234748374889,-0.967345194860683,-8.25,0.125,-3.75,-9.921875,0.73828125,-4.37109375,-10.1875,0.0,0.0,0,1,1461,1999,1016,1
4,258787,17,0.7885982848597675,0.0369884334849086,-0.024109622486037784,-0.041627246925260174,-0.015350810266426589,0.010834070863979004,-0.23661000396740622,-0.24634540849024933,-0.1901608325449385,-0.13638721884823146,-0.11288796655171361,-0.06457716605121006,0.5675527207251198,0.9684743797112949,0.9814447462385937,0.9897762993255409,0.9934995574816126,0.9978637043366801,0.029541015625,0.090576171875,0.131103515625,0.15234375,0.1630859375,0.1748046875,-0.3876953125,0.009277626880703146,-0.2205572679830317,-0.05572679830317087,0.9737235633411664,0.84130859375,0.18994140625,-0.337890625,-0.107421875,0.1358642578125,0.029052734375,-0.15478515625,0.277099609375,0.7587890625,0.9977111117893002,-0.9032258064516129,0.02685628833887753,-0.4283272804956206,-0.0858485671559801,-0.004089480269783624,0.031342509231849114,-1.0,0.35920285653248696,-0.9983825189977722,-8.8125,0.1875,-4.0625,-9.8515625,0.76953125,-4.69140625,-10.8125,0.0,0.0,0,1,1679,2000,1000,1
4,258838,18,0.5176549577318644,0.058534501174962617,-0.0065919980468153935,-0.015350810266426589,0.010834070863979004,0.15207373271889402,-0.3099154637287515,-0.2357249671926023,-0.16531876583147678,-0.11288796655171361,-0.06457716605121006,0.002349925229651784,0.7974791711172826,0.9700613422040467,0.9862056337168492,0.9934995574816126,0.9978637043366801,0.9883724478896451,0.031005859375,0.1005859375,0.141357421875,0.1630859375,0.1748046875,0.1865234375,-0.376708984375,0.028778954435865353,-0.16113773003326518,-0.032013916440321054,0.9859920041505172,0.847412109375,0.148681640625,-0.529296875,-0.12890625,0.059326171875,0.0150146484375,-0.078857421875,0.2791748046875,0.7596435546875,0.9977111117893002,-0.9477523117770928,-0.022553178502761926,-0.31821649830622273,-0.07495345927304911,-0.004028443250831629,0.03830072939237648,-0.9973143711661122,0.14578691976683858,-1.0,-9.1875,0.25,-4.3125,-9.859375,0.78125,-4.8515625,-11.375,0.0,0.0,0,1,1572,1998,1000,1
4,258879,19,0.45835749382000185,0.0007019257179479354,-0.041627246925260174,0.010834070863979004,0.15207373271889402,0.3109530930509354,-0.28669087801751764,-0.22766808069093905,-0.13638721884823146,-0.06457716605121006,0.002349925229651784,0.057649464400158695,0.8412427137058626,0.9737540818506424,0.9897762993255409,0.9978637043366801,0.9883724478896451,0.9486678670613727,0.03955078125,0.11083984375,0.15234375,0.1748046875,0.1865234375,0.19873046875,-0.396728515625,0.04629657887508774,-0.08835108493301187,-0.016022217474898525,0.9948728904080325,0.8427734375,0.15185546875,-0.65673828125,-0.133056640625,0.0418701171875,0.005615234375,0.0341796875,0.2803955078125,0.75830078125,0.9975585192419202,-0.9823297830133976,-0.062105166783654284,-0.17658009582811976,-0.05883968626972259,-0.0032654805139316996,0.05285805841242714,-0.9949644459364605,0.5936460463270974,-1.0,-9.5,0.25,-4.5,-9.83984375,0.7890625,-4.75,-12.0,0.0,0.0,0,1,1796,1997,1000,1
4,258930,20,0.24433118686483352,0.020294808801538132,-0.015350810266426589,0.15207373271889402,0.3109530930509354,0.48551896725363936,-0.3053987243263039,-0.2119510483108005,-0.11288796655171361,0.002349925229651784,0.057649464400158695,0.13202307199316385,0.9203466902676474,0.9770805993835261,0.9934995574816126,0.9883724478896451,0.9486678670613727,0.8641926328318125,0.044677734375,0.12109375,0.1630859375,0.1865234375,0.19873046875,0.211181640625,-0.404052734375,0.06888027588732566,0.0173955504013184,0.004486220892971587,0.9974669637134922,0.81884765625,0.23486328125,-0.71533203125,-0.166015625,0.0289306640625,-0.0015869140625,0.1248779296875,0.2801513671875,0.7578125,0.9969176305429243,-0.9937742240668965,-0.10559404278695028,0.03512680440687277,-0.04354991302224799,-0.002044740134891812,0.05587939085055086,-0.9953611865596484,0.5856196783349101,-1.0,-10.0,0.3125,-4.8125,-9.828125,0.828125,-4.0,-12.625,0.0,0.0,0,1,1792,1997,1000,1
4,258981,21,0.24485000152592548,-0.024109622486037784,0.010834070863979004,0.3109530930509354,0.48551896725363936,0.6640827661976989,-0.2871181371501816,-0.1901608325449385,-0.06457716605121006,0.057649464400158695,0.13202307199316385,0.2098452711569567,0.9260841700491348,0.9814447462385937,0.9978637043366801,0.9486678670613727,0.8641926328318125,0.717612231818598,0.05419921875,0.131103515625,0.1748046875,0.19873046875,0.211181640625,0.222900390625,-0.37890625,0.09048738059633167,0.1227149266029847,0.026062807092501604,0.9879757072664571,0.790771484375,0.248779296875,-0.5361328125,-0.136474609375,0.014892578125,-0.0101318359375,0.1873779296875,0.2786865234375,0.74951171875,0.9962767418439283,-0.9593798638874478,-0.13815729239783928,0.24600970488601337,-0.022156437879573963,0.0018616290780358287,0.06381420331431013,-0.9951170384838405,0.5964232306894132,-1.0,-10.375,0.375,-5.0,-9.71875,0.87109375,-3.23046875,-13.1875,0.0,0.0,0,1,1798,1997,1000,1
4,259031,22,0.23447370830408643,-0.0065919980468153935,0.15207373271889402,0.48551896725363936,0.6640827661976989,0.7550889614551225,-0.27457502975554676,-0.16531876583147678,0.002349925229651784,0.13202307199316385,0.2098452711569567,0.2882778405102695,0.9325540940580462,0.9862056337168492,0.9883724478896451,0.8641926328318125,0.717612231818598,0.5888546403393659,0.063720703125,0.141357421875,0.1865234375,0.211181640625,0.222900390625,0.2333984375,-0.345947265625,0.10580767235328227,0.2001098666341136,0.05664235358745079,0.9724112674336985,0.735107421875,0.23974609375,-0.3583984375,-0.10205078125,0.0048828125,-0.0081787109375,0.1649169921875,0.2752685546875,0.718505859375,0.9952696310312205,-0.9055452131717887,-0.14612262337107457,0.39826654866176336,-0.012573625904110843,0.005493331705679495,0.06128116702780236,-0.9950865199743645,0.5788750877407147,-1.0,-10.8125,0.4375,-5.25,-9.30859375,0.98828125,-1.91015625,-13.8125,0.0,0.0,0,1,1789,1997,1000,1
4,259093,23,0.11459700308236946,-0.041627246925260174,0.3109530930509354,0.6640827661976989,0.7550889614551225,0.8093813898129215,-0.27332377086703086,-0.13638721884823146,0.057649464400158695,0.2098452711569567,0.2882778405102695,0.3722647785882138,0.9550767540513321,0.9897762993255409,0.9486678670613727,0.717612231818598,0.5888546403393659,0.45420697653126624,0.071533203125,0.15234375,0.19873046875,0.222900390625,0.2333984375,0.242431640625,-0.292236328125,0.11542100283822138,0.2585528122806482,0.10049745170445876,0.9537949766533402,0.689453125,0.289794921875,-0.194580078125,-0.084716796875,-0.0047607421875,-0.0047607421875,0.112060546875,0.2724609375,0.6844482421875,0.9945677053132725,-0.8503372295297098,-0.1281167027802362,0.5104220709860531,-9.155552842799158e-05,0.012970366527298808,0.058931241798150576,-0.9927976317636646,0.49842829676198613,-0.99969481490524,-11.1875,0.5,-5.4375,-8.859375,1.0703125,-0.8203125,-14.375,0.0,0.0,0,1,1749,1996,1000,1
4,259133,24,0.1218298898281808,-0.015350810266426589,0.48551896725363936,0.7550889614551225,0.8093813898129215,0.8378551591540269,-0.25818659016693624,-0.11288796655171361,0.13202307199316385,0.2882778405102695,0.3722647785882138,0.4189886165959655,0.9583727530747398,0.9934995574816126,0.8641926328318125,0.5888546403393659,0.45420697653126624,0.3499252296517838,0.081298828125,0.1630859375,0.211181640625,0.2333984375,0.242431640625,0.25244140625,-0.324951171875,0.11639759514145329,0.28333384197515793,0.13562425611133153,0.9422284615619373,0.6650390625,0.29052734375,-0.142333984375,-0.068359375,-0.007080078125,-0.0008544921875,0.099609375,0.27099609375,0.662353515625,0.9943235572374646,-0.8247322000793481,-0.10065004425183874,0.5565050202948087,0.004303109836115604,0.01794488357188635,0.056001464888454845,-0.978179265724662,0.45817438276314587,-0.9969786675618763,-11.4375,0.5,-5.5,-8.5703125,1.12109375,-0.2109375,-15.0,0.0,0.0,0,1,1729,1989,1001,1
4,259184,25,0.0369884334849086,0.010834070863979004,0.6640827661976989,0.8093813898129215,0.8378551591540269,0.8523514511551256,-0.24634540849024933,-0.06457716605121006,0.2098452711569567,0.3722647785882138,0.4189886165959655,0.46552934354686115,0.9684743797112949,0.9978637043366801,0.717612231818598,0.45420697653126624,0.3499252296517838,0.23825800347911008,0.090576171875,0.1748046875,0.222900390625,0.242431640625,0.25244140625,0.262451171875,-0.32275390625,0.1130710776085696,0.30176702169866026,0.18497268593401897,0.9284035767693106,0.64599609375,0.336181640625,-0.0966796875,-0.052734375,-0.010009765625,-0.0064697265625,0.0555419921875,0.2698974609375,0.642822265625,0.9942014831995606,-0.8068178350169378,-0.054719687490462965,0.5882747886593219,0.012909329508346813,0.025849177526169623,0.04989776299325541,-0.9394817957090976,0.7425763725699637,-0.9601123081148717,-11.6875,0.5625,-5.5625,-8.30859375,1.171875,0.3515625,-15.625,0.0,0.0,0,1,1871,1969,1019,1
4,259235,26,0.058534501174962617,0.15207373271889402,0.7550889614551225,0.8378551591540269,0.8523514511551256,0.8560441908017212,-0.2357249671926023,0.002349925229651784,0.2882778405102695,0.4189886165959655,0.46552934354686115,0.4987640003662221,0.9700613422040467,0.9883724478896451,0.5888546403393659,0.3499252296517838,0.23825800347911008,0.13571581163975951,0.1005859375,0.1865234375,0.2333984375,0.25244140625,0.262451171875,0.2705078125,-0.265625,0.10635700552385022,0.315103610339671,0.23667104098635822,0.912900173955504,0.62939453125,0.33056640625,-0.0732421875,-0.036865234375,-0.0106201171875,-0.005859375,0.0379638671875,0.268798828125,0.6217041015625,0.9942625202185126,-0.7955565050202948,-0.00012207403790398877,0.6058839686269722,0.014313180944242684,0.031708731345561084,0.04510635700552385,-0.9104892117069002,-0.29517502365184484,0.5717642750328074,-11.9375,0.625,-5.5625,-8.03125,1.2109375,1.0,-16.1875,0.0,0.0,0,1,1352,1955,1785,1
4,259285,27,0.0007019257179479354,0.3109530930509354,0.8093813898129215,0.8523514511551256,0.8560441908017212,0.8601641895809808,-0.22766808069093905,0.057649464400158695,0.3722647785882138,0.46552934354686115,0.4987640003662221,0.5094454786828211,0.9737540818506424,0.9486678670613727,0.45420697653126624,0.23825800347911008,0.13571581163975951,0.023834955900753806,0.11083984375,0.19873046875,0.242431640625,0.262451171875,0.2705078125,0.28076171875,-0.332763671875,0.09689626758629108,0.3254188665425581,0.2912381359294412,0.8943754387035737,0.621826171875,0.436279296875,-0.019287109375,-0.061279296875,-0.011474609375,-0.0067138671875,0.052734375,0.268310546875,0.60888671875,0.9944456312753686,-0.7879879146702475,0.06024353770561846,0.6127201147495956,0.020966216010010072,0.03732413708914457,0.03540147099215674,-0.13861507003997925,0.5271156956694235,0.9701223792229987,-12.125,0.6875,-5.5625,-7.859375,1.23828125,1.421875,-16.8125,0.0,0.0,0,1,1763,1569,1985,1
4,259336,28,0.020294808801538132,0.48551896725363936,0.8378551591540269,0.8560441908017212,0.8601641895809808,0.8500015259254738,-0.2119510483108005,0.13202307199316385,0.4189886165959655,0.4987640003662221,0.5094454786828211,0.5242774742881557,0.9770805993835261,0.8641926328318125,0.3499252296517838,0.13571581163975951,0.023834955900753806,-0.05160679952391125,0.12109375,0.211181640625,0.25244140625,0.2705078125,0.28076171875,0.282958984375,-0.073486328125,0.08771019623401594,0.3318582720419935,0.33860286263618883,0.8760948515274514,0.642333984375,0.15966796875,-0.014892578125,-0.04443359375,0.05029296875,-0.0030517578125,0.0084228515625,0.269775390625,0.619384765625,0.9946592608417005,-0.7853938413647877,0.11560411389507737,0.6081118198187201,0.019165623950926237,0.04174932096316416,0.03164769432660909,-0.6130558183538316,0.5605945005645925,0.9636524552140874,-12.625,0.75,-5.5625,-7.98828125,1.2890625,2.05859375,-17.375,0.0,0.0,0,1,1780,1806,1981,1
4,259386,29,-0.024109622486037784,0.6640827661976989,0.8523514511551256,0.8601641895809808,0.8500015259254738,0.8466444898831141,-0.1901608325449385,0.2098452711569567,0.46552934354686115,0.5094454786828211,0.5242774742881557,0.5194250312814722,0.9814447462385937,0.717612231818598,0.23825800347911008,0.023834955900753806,-0.05160679952391125,-0.11566515091402936,0.131103515625,0.222900390625,0.262451171875,0.28076171875,0.282958984375,0.289306640625,-0.202392578125,0.0880153813287759,0.33960997344889676,0.358378856776635,0.8651387066255684,0.676513671875,0.05810546875,-0.150146484375,-0.02490234375,0.124267578125,0.0191650390625,0.0235595703125,0.2723388671875,0.6429443359375,0.9949034089175085,-0.7770012512588885,0.13620410779137546,0.6145817438276314,0.02349925229651784,0.042756431775872066,0.024842066713461716,0.3011566515091403,0.7643971068453017,0.9842219306009095,-13.0,0.8125,-5.5625,-8.2890625,1.3515625,2.609375,-18.0,0.0,0.0,0,1,1882,1349,1992,1
4,259457,30,-0.0065919980468153935,0.7550889614551225,0.8560441908017212,0.8500015259254738,0.8466444898831141,0.826288644062624,-0.16531876583147678,0.2882778405102695,0.4987640003662221,0.5242774742881557,0.5194250312814722,0.5215613269447921,0.9862056337168492,0.5888546403393659,0.13571581163975951,-0.05160679952391125,-0.11566515091402936,-0.21262245551927245,0.141357421875,0.2333984375,0.2705078125,0.282958984375,0.289306640625,0.281982421875,0.233154296875,0.08093508713034456,0.36478774376659445,0.3979308450575274,0.8378856776635029,0.76904296875,0.341552734375,-0.3056640625,0.034912109375,0.1126708984375,0.006103515625,0.052734375,0.279541015625,0.69921875,0.9957884456923124,-0.7478255561998352,0.19946897793511764,0.6331980346079897,0.021027253028962065,0.047944578386791586,0.022461622974333934,0.13321329386272773,0.8450575273903622,-0.04541154210028382,-13.75,0.9375,-5.4375,-9.01171875,1.48046875,4.0703125,-18.625,0.0,0.0,0,1,1922,1433,1477,1
4,259488,31,-0.041627246925260174,0.8093813898129215,0.8601641895809808,0.8466444898831141,0.826288644062624,0.8287301248207037,-0.13638721884823146,0.3722647785882138,0.5094454786828211,0.5194250312814722,0.5215613269447921,0.46586504715109717,0.9897762993255409,0.45420697653126624,0.023834955900753806,-0.11566515091402936,-0.21262245551927245,-0.3100985747856075,0.15234375,0.242431640625,0.28076171875,0.289306640625,0.281982421875,0.292236328125,-0.33349609375,0.06884975737784967,0.38230536820581684,0.4271065401165807,0.8165227210303049,0.786376953125,0.50927734375,-0.03466796875,0.071533203125,0.12451171875,0.0184326171875,0.125732421875,0.281005859375,0.70654296875,0.9959715567491684,-0.7269814142277291,0.2569963682973724,0.6367381817072054,0.027314065981017488,0.0467543565172277,0.011597033600878933,0.804681539353618,-0.4015625476851711,0.9973754081850642,-13.9375,1.0,-5.4375,-9.1015625,1.55078125,4.390625,-19.1875,0.0,0.0,0,1,1299,1097,1998,1
4,259538,32,-0.015350810266426589,0.8378551591540269,0.8500015259254738,0.826288644062624,0.8287301248207037,0.8250984221930601,-0.11288796655171361,0.4189886165959655,0.5242774742881557,0.5215613269447921,0.46586504715109717,0.3761101107821894,0.9934995574816126,0.3499252296517838,-0.05160679952391125,-0.21262245551927245,-0.3100985747856075,-0.4215826899014252,0.1630859375,0.25244140625,0.282958984375,0.281982421875,0.292236328125,0.287841796875,0.148681640625,0.028260139774773402,0.4063844721823786,0.4846644489883114,0.7740714743491928,0.834716796875,0.61328125,-0.13330078125,0.1884765625,0.0845947265625,-0.0101318359375,0.0970458984375,0.2845458984375,0.7161865234375,0.9967040009765923,-0.6985992004150517,0.3882259590441603,0.6010315256202887,0.021118808557390057,0.04293954283272805,0.008148442030091251,0.7042146061586352,0.7917722098452712,0.07550279244361706,-14.5625,1.0625,-5.25,-9.19140625,1.98046875,5.421875,-19.8125,0.0,0.0,0,1,1895,1147,1537,1
4,259591,33,0.010834070863979004,0.8523514511551256,0.8466444898831141,0.8287301248207037,0.8250984221930601,0.8332163457136753,-0.06457716605121006,0.46552934354686115,0.5194250312814722,0.46586504715109717,0.3761101107821894,0.21485030671102023,0.9978637043366801,0.23825800347911008,-0.11566515091402936,-0.3100985747856075,-0.4215826899014252,-0.5095370342112491,0.1748046875,0.262451171875,0.289306640625,0.292236328125,0.287841796875,0.288330078125,-0.02099609375,-0.02945036164433729,0.424115726187933,0.5404828028199102,0.7260353404339732,0.861083984375,0.449462890625,0.013916015625,0.2099609375,0.1083984375,-0.0064697265625,0.0909423828125,0.286376953125,0.71923828125,0.9970702230903042,-0.6686910611285745,0.5316934720908231,0.5197302163762322,0.025360881374553668,0.04416028321176794,-0.00021362956633198035,0.8026367992187261,-0.771752067629017,0.9953611865596484,-15.0,1.1875,-5.125,-9.2109375,2.171875,5.98046875,-20.375,0.0,-0.0625,0,1,1114,1098,1997,1
4,259639,34,0.15207373271889402,0.8560441908017212,0.826288644062624,0.8250984221930601,0.8332163457136753,0.8414868617816705,0.002349925229651784,0.4987640003662221,0.5215613269447921,0.3761101107821894,0.21485030671102023,0.05911435285500656,0.9883724478896451,0.13571581163975951,-0.21262245551927245,-0.4215826899014252,-0.5095370342112491,-0.5370036927396465,0.1865234375,0.2705078125,0.281982421875,0.287841796875,0.288330078125,0.27880859375,0.310546875,-0.09488204596087527,0.42902920621356855,0.576494644001587,0.6888943144016846,0.9208984375,0.443359375,0.26708984375,0.2578125,0.065673828125,0.005126953125,0.058349609375,0.291015625,0.7449951171875,0.9956053346354564,-0.6419263283181249,0.6495559556871242,0.40748313852351453,0.03332621234778894,0.04327524643696402,-0.008178960539567248,0.8009887997070223,0.46333201086458936,-0.23178807947019867,-15.625,1.3125,-4.875,-9.51171875,2.5,6.828125,-21.0,0.0,-0.1875,0,1,1731,1099,1384,1
4,259680,35,0.3109530930509354,0.8601641895809808,0.8287301248207037,0.8332163457136753,0.8414868617816705,0.8508255256813257,0.057649464400158695,0.5094454786828211,0.46586504715109717,0.21485030671102023,0.05911435285500656,-0.08471938230536821,0.9486678670613727,0.023834955900753806,-0.3100985747856075,-0.5095370342112491,-0.5370036927396465,-0.5185705130161443,0.19873046875,0.28076171875,0.292236328125,0.288330078125,0.27880859375,0.27783203125,0.035400390625,-0.15128025147251808,0.42426831873531295,0.5903195287942137,0.6697897274697103,0.95654296875,0.16064453125,0.349365234375,0.211669921875,0.0960693359375,0.027099609375,0.00537109375,0.2935791015625,0.7564697265625,0.9940488906521805,-0.6177556688131352,0.7231666005432295,0.3088778344065676,0.039429914242988376,0.04190191351054415,-0.011902218695638905,0.7870723593859675,-0.8140507217627491,0.9911191137424848,-16.0,1.375,-4.6875,-9.6484375,2.5390625,7.421875,-21.5625,-0.0625,-0.3125,0,1,1092,1106,1995,1
4,259731,36,0.48551896725363936,0.8500015259254738,0.8250984221930601,0.8414868617816705,0.8508255256813257,0.8667867061372723,0.13202307199316385,0.5242774742881557,0.3761101107821894,0.05911435285500656,-0.08471938230536821,-0.20795312356944487,0.8641926328318125,-0.05160679952391125,-0.4215826899014252,-0.5370036927396465,-0.5185705130161443,-0.4532914212469863,0.211181640625,0.282958984375,0.287841796875,0.27880859375,0.27783203125,0.275146484375,0.085693359375,-0.21433149204992827,0.4042786950285348,0.5844904934842983,0.6700643940549944,1.003662109375,0.2001953125,0.474365234375,0.194091796875,0.051025390625,0.041259765625,-0.088623046875,0.29736328125,0.77294921875,0.9919125949888608,-0.5956602679525131,0.7770622882778405,0.20334482863856929,0.04968413342692343,0.03466902676473281,-0.013397625659962768,0.8235419782097843,0.3891109958189642,0.9811090426343577,-16.5,1.5,-4.4375,-9.859375,2.53125,8.16015625,-22.1875,-0.125,-0.375,0,1,1694,1088,1990,1
4,259782,37,0.6640827661976989,0.8466444898831141,0.8332163457136753,0.8508255256813257,0.8667867061372723,0.8761864070558794,0.2098452711569567,0.5194250312814722,0.21485030671102023,-0.08471938230536821,-0.20795312356944487,-0.32370983001190223,0.717612231818598,-0.11566515091402936,-0.5095370342112491,-0.5185705130161443,-0.4532914212469863,-0.35709707937864316,0.222900390625,0.289306640625,0.288330078125,0.27783203125,0.275146484375,0.26416015625,0.357421875,-0.28409680471205784,0.3641468550675985,0.5728629413739433,0.6771446882534257,1.05859375,0.020751953125,0.581787109375,0.099853515625,0.1080322265625,0.040283203125,-0.2962646484375,0.3009033203125,0.7872314453125,0.9880062257759331,-0.5739005706961272,0.815546128727073,0.07425153355510117,0.06024353770561846,0.035523545030060735,-0.011688589129306926,0.7108676412244026,-0.32557145908993806,-0.8430127872554705,-17.125,1.625,-4.0,-10.1015625,1.8984375,9.1484375,-22.75,-0.1875,-0.5,0,1,1337,1144,1078,1
4,259832,38,0.7550889614551225,0.826288644062624,0.8414868617816705,0.8667867061372723,0.8761864070558794,0.8772240363780633,0.2882778405102695,0.5215613269447921,0.05911435285500656,-0.20795312356944487,-0.32370983001190223,-0.4058046205023347,0.5888546403393659,-0.21262245551927245,-0.5370036927396465,-0.4532914212469863,-0.35709707937864316,-0.2565080721457564,0.2333984375,0.281982421875,0.27880859375,0.275146484375,0.26416015625,0.261474609375,0.08349609375,-0.33899960325937684,0.3182470168156987,0.5460982085634938,0.6968291268654438,1.1005859375,0.114501953125,0.565673828125,0.10888671875,0.121826171875,0.051513671875,-0.4052734375,0.3038330078125,0.794677734375,0.9846186712240974,-0.5530259102145452,0.8329111606189153,-0.020691549424726098,0.07022309030426954,0.02426221503341777,-0.006317331461531419,0.6216925565355388,-0.3564256721701712,0.9947813348796045,-17.5625,1.6875,-3.625,-10.26953125,1.12109375,9.8984375,-23.3125,-0.25,-0.625,0,1,1321,1189,1997,1
4,259883,39,0.8093813898129215,0.8287301248207037,0.8508255256813257,0.8761864070558794,0.8772240363780633,0.84759056367687,0.3722647785882138,0.46586504715109717,-0.08471938230536821,-0.32370983001190223,-0.4058046205023347,-0.4992217780083621,0.45420697653126624,-0.3100985747856075,-0.5185705130161443,-0.35709707937864316,-0.2565080721457564,-0.17993713187047944,0.242431640625,0.292236328125,0.27783203125,0.26416015625,0.261474609375,0.25048828125,0.358154296875,-0.3892330698568682,0.2708212530899991,0.521469771416364,0.7093722342600788,1.13330078125,0.032470703125,0.3876953125,0.063720703125,0.0570068359375,0.0235595703125,-0.4383544921875,0.303955078125,0.78564453125,0.9802850428785058,-0.522446363719596,0.8453932309945982,-0.11117893002105778,0.08395641956846828,0.021027253028962065,-0.0019226660969878231,0.7306741538743248,0.31684316537980284,-0.6400646992400891,-18.1875,1.75,-3.0,-10.28125,-0.23046875,10.55078125,-23.9375,-0.375,-0.75,0,1,1658,1134,1179,1
4,259933,40,0.8378551591540269,0.8250984221930601,0.8667867061372723,0.8772240363780633,0.84759056367687,0.8097781304361095,0.4189886165959655,0.3761101107821894,-0.20795312356944487,-0.4058046205023347,-0.4992217780083621,-0.5676747947630237,0.3499252296517838,-0.4215826899014252,-0.4532914212469863,-0.2565080721457564,-0.17993713187047944,-0.14835047456282235,0.25244140625,0.287841796875,0.275146484375,0.261474609375,0.25048828125,0.250732421875,-0.005859375,-0.4176152836695456,0.24167607654042175,0.49751274147770624,0.7208777123325297,1.133544921875,-0.030029296875,0.2138671875,0.0302734375,0.068603515625,0.0394287109375,-0.4033203125,0.3011474609375,0.7706298828125,0.9785149693288979,-0.4990691854609821,0.8533280434583574,-0.15091402935880613,0.08743552964873195,0.0011291848506118961,0.0011597033600878933,0.4806360057374798,-0.8070314645832698,0.9922177800836207,-18.625,1.6875,-2.5625,-10.16015625,-1.08984375,10.62109375,-24.5,-0.5,-0.8125,0,1,1096,1259,1996,1
4,259984,41,0.8523514511551256,0.8332163457136753,0.8761864070558794,0.84759056367687,0.8097781304361095,0.7457502975554674,0.46552934354686115,0.21485030671102023,-0.32370983001190223,-0.4992217780083621,-0.5676747947630237,-0.6443067720572527,0.23825800347911008,-0.5095370342112491,-0.35709707937864316,-0.17993713187047944,-0.14835047456282235,-0.16946928312021242,0.262451171875,0.288330078125,0.26416015625,0.25048828125,0.250732421875,0.244873046875,0.1865234375,-0.4315012054811243,0.2262947477645192,0.49259926145207067,0.7210608233893857,1.132080078125,0.10791015625,0.0517578125,0.02490234375,0.015380859375,0.0272216796875,-0.3485107421875,0.296630859375,0.7445068359375,0.9756462294381543,-0.489303262428663,0.8542741172521134,-0.17548142948698386,0.09543137913144321,-0.012909329508346813,-0.004303109836115604,0.7294534134952849,0.054109317300943024,0.7367778557695243,-19.1875,1.625,-1.9375,-9.890625,-2.0703125,10.69921875,-25.0625,-0.625,-0.9375,0,1,1527,1135,1868,1
4,260035,42,0.8560441908017212,0.8414868617816705,0.8772240363780633,0.8097781304361095,0.7457502975554674,0.684957426679281,0.4987640003662221,0.05911435285500656,-0.4058046205023347,-0.5676747947630237,-0.6443067720572527,-0.695913571581164,0.13571581163975951,-0.5370036927396465,-0.2565080721457564,-0.14835047456282235,-0.16946928312021242,-0.21576586199530015,0.2705078125,0.27880859375,0.261474609375,0.250732421875,0.244873046875,0.25,-0.1611328125,-0.4313486129337443,0.22913296914578693,0.4925382244331187,0.7202978606524857,1.13427734375,-0.098388671875,-0.013427734375,-0.039306640625,0.0643310546875,0.025390625,-0.2215576171875,0.2939453125,0.732177734375,0.9739677114169744,-0.489364299447615,0.8558610797448652,-0.1673940244758446,0.08450575273903622,-0.03570665608691671,-0.011352885525070956,0.750297555467391,-0.8127994628742332,0.9810174871059297,-19.625,1.5625,-1.5,-9.76171875,-2.609375,10.73828125,-25.625,-0.8125,-1.0625,0,1,1093,1124,1990,1
4,260085,43,0.8601641895809808,0.8508255256813257,0.84759056367687,0.7457502975554674,0.684957426679281,0.6047242652668844,0.5094454786828211,-0.08471938230536821,-0.4992217780083621,-0.6443067720572527,-0.695913571581164,-0.7317117831965086,0.023834955900753806,-0.5185705130161443,-0.17993713187047944,-0.16946928312021242,-0.21576586199530015,-0.3144322031311991,0.28076171875,0.27783203125,0.25048828125,0.244873046875,0.25,0.25,-0.00390625,-0.4197210608233894,0.24112674336985382,0.47663808099612415,0.7338480788598285,1.16455078125,-0.189453125,0.0283203125,-0.01513671875,0.0623779296875,0.009521484375,-0.0518798828125,0.2935791015625,0.7266845703125,0.9683828241828669,-0.5021515549180579,0.8576006347849972,-0.11120944853053377,0.07867671742912076,-0.05481124301889096,-0.028260139774773402,0.8068178350169378,0.22919400616473892,0.8733481856746117,-20.1875,1.4375,-0.875,-9.671875,-2.73828125,11.3203125,-26.1875,-1.0,-1.1875,0,1,1614,1096,1936,1
4,260137,44,0.8500015259254738,0.8667867061372723,0.8097781304361095,0.684957426679281,0.6047242652668844,0.5597705008087405,0.5242774742881557,-0.20795312356944487,-0.5676747947630237,-0.695913571581164,-0.7317117831965086,-0.728080080568865,-0.05160679952391125,-0.4532914212469863,-0.14835047456282235,-0.21576586199530015,-0.3144322031311991,-0.3957029938657796,0.282958984375,0.275146484375,0.250732421875,0.25,0.25,0.260009765625,-0.322509765625,-0.4174932096316416,0.24176763206884977,0.4338511307107761,0.760917996765038,1.1904296875,-0.481201171875,0.2314453125,-0.0107421875,0.07861328125,0.0068359375,-0.1973876953125,0.2940673828125,0.7249755859375,0.9641712698751793,-0.5045319986571856,0.8618121890926848,-0.05249183629871517,0.05691702017273476,-0.06100650044251839,-0.03415021210364086,0.7995849482711265,-0.5955992309335612,0.9757377849665823,-20.5625,1.375,-0.4375,-9.640625,-2.87109375,11.76171875,-26.75,-1.1875,-1.25,0,1,1202,1100,1987,1
4,260187,45,0.8466444898831141,0.8761864070558794,0.7457502975554674,0.6047242652668844,0.5597705008087405,0.5031586657307657,0.5194250312814722,-0.32370983001190223,-0.6443067720572527,-0.7317117831965086,-0.728080080568865,-0.6982940153202918,-0.11566515091402936,-0.35709707937864316,-0.16946928312021242,-0.3144322031311991,-0.3957029938657796,-0.5091402935880611,0.289306640625,0.26416015625,0.244873046875,0.25,0.260009765625,0.267578125,-0.249755859375,-0.4183172093874935,0.23731192968535417,0.36622211371196634,0.7965941343424787,1.2177734375,-0.24462890625,0.40087890625,0.06494140625,0.079833984375,0.02294921875,-0.300537109375,0.2930908203125,0.71826171875,0.9601123081148717,-0.5070345164342174,0.8615680410168768,0.02490310373241371,0.03881954405346843,-0.06341746269112217,-0.05078279976805933,0.8514358958708457,0.32148197882015445,0.9880672627948851,-21.0625,1.25,0.25,-9.5703125,-3.62109375,12.078125,-27.3125,-1.375,-1.375,0,1,1660,1074,1994,1
4,260239,46,0.826288644062624,0.8772240363780633,0.684957426679281,0.5597705008087405,0.5031586657307657,0.4900967436750389,0.5215613269447921,-0.4058046205023347,-0.695913571581164,-0.728080080568865,-0.6982940153202918,-0.6891079439680166,-0.21262245551927245,-0.2565080721457564,-0.21576586199530015,-0.3957029938657796,-0.5091402935880611,-0.5337992492446669,0.281982421875,0.261474609375,0.25,0.260009765625,0.267578125,0.281982421875,-0.463623046875,-0.4445326090273751,0.20407727286599323,0.3078707235938597,0.8160649433881649,1.223388671875,-0.2880859375,0.456787109375,0.09423828125,0.09326171875,0.0303955078125,-0.48046875,0.2904052734375,0.7105712890625,0.9591967528305918,-0.48921170690023497,0.8718527787102878,0.02328562273018586,0.027863399151585436,-0.05914487136448256,-0.04931791131321146,0.8243659779656362,-0.5686819055757317,0.9961546678060244,-21.4375,1.125,0.8125,-9.48046875,-4.37109375,12.0,-27.875,-1.625,-1.5,0,1,1215,1087,1998,1
4,260280,47,0.8287301248207037,0.84759056367687,0.6047242652668844,0.5031586657307657,0.4900967436750389,0.48008667256691184,0.46586504715109717,-0.4992217780083621,-0.7317117831965086,-0.6982940153202918,-0.6891079439680166,-0.6805932798242134,-0.3100985747856075,-0.17993713187047944,-0.3144322031311991,-0.5091402935880611,-0.5337992492446669,-0.5534531693472091,0.292236328125,0.25048828125,0.25,0.267578125,0.281982421875,0.298095703125,-0.52392578125,-0.46604815820795314,0.17432172612689598,0.2619098483230079,0.82692953276162,1.21044921875,-0.013671875,0.473876953125,0.12548828125,0.1104736328125,0.044189453125,-0.5743408203125,0.28515625,0.6993408203125,0.9614551225318155,-0.47373882259590444,0.880489516891995,0.017334513382366405,0.020355845820490128,-0.05496383556627094,-0.051332132938627276,0.8581194494460891,-0.076052125614185,0.9990234076967681,-21.75,1.0,1.25,-9.33984375,-5.30078125,11.5,-28.375,-1.8125,-1.625,0,1,1461,1070,1999,1
4,260334,48,0.8250984221930601,0.8097781304361095,0.5597705008087405,0.4900967436750389,0.48008667256691184,0.4447157200842311,0.3761101107821894,-0.5676747947630237,-0.728080080568865,-0.6891079439680166,-0.6805932798242134,-0.6927091280861842,-0.4215826899014252,-0.14835047456282235,-0.3957029938657796,-0.5337992492446669,-0.5534531693472091,-0.5677968688009277,0.287841796875,0.250732421875,0.260009765625,0.281982421875,0.298095703125,0.311767578125,-0.444091796875,-0.4935453352458266,0.13599047822504348,0.22748496963408307,0.8283639027069918,1.169921875,-0.08935546875,0.259765625,0.068115234375,0.088623046875,0.056884765625,-0.611572265625,0.2745361328125,0.6800537109375,0.9696951200903348,-0.4525589770195624,0.8916287728507339,-0.014831995605334635,0.011810663167210914,-0.048615985595263526,-0.04736472670674764,0.8341624195074313,-0.4359569078646199,0.9979857783745841,-22.25,0.6875,2.0,-9.05078125,-6.71875,10.2109375,-28.9375,-2.125,-1.6875,0,1,1282,1082,1998,1
4,260383,49,0.8332163457136753,0.7457502975554674,0.5031586657307657,0.48008667256691184,0.4447157200842311,0.42072817163609727,0.21485030671102023,-0.6443067720572527,-0.6982940153202918,-0.6805932798242134,-0.6927091280861842,-0.6899014252143926,-0.5095370342112491,-0.16946928312021242,-0.5091402935880611,-0.5534531693472091,-0.5677968688009277,-0.5890987884151738,0.288330078125,0.244873046875,0.267578125,0.298095703125,0.311767578125,0.328857421875,-0.5595703125,-0.5019989623706779,0.12668233283486435,0.21228675191503646,0.8287911618396557,1.1318359375,-0.0244140625,-0.052734375,0.01513671875,0.074462890625,0.0440673828125,-0.4517822265625,0.2664794921875,0.6639404296875,0.9756157109286783,-0.4482863856929228,0.8937955870235298,-0.012695699942014832,0.006866664632099368,-0.04446546830652791,-0.04602191228980377,0.8388927884762108,-0.44816431165501874,0.9984130375072482,-22.5625,0.4375,2.375,-8.78125,-7.3515625,9.23828125,-29.4375,-2.375,-1.8125,0,1,1275,1080,1999,1
4,260443,50,0.8414868617816705,0.684957426679281,0.4900967436750389,0.4447157200842311,0.42072817163609727,0.3663441877498703,0.05911435285500656,-0.695913571581164,-0.6891079439680166,-0.6927091280861842,-0.6899014252143926,-0.6803491317484054,-0.5370036927396465,-0.21576586199530015,-0.5337992492446669,-0.5677968688009277,-0.5890987884151738,-0.6347544785912655,0.27880859375,0.25,0.281982421875,0.311767578125,0.328857421875,0.34423828125,-0.5009765625,-0.50022888882107,0.1295205542161321,0.206549272133549,0.8308664204840236,1.09814453125,-0.1181640625,0.0517578125,-0.041015625,0.065185546875,0.0447998046875,-0.2843017578125,0.2579345703125,0.643798828125,0.9799188207647939,-0.46397289956358534,0.8857997375408185,0.0073854792931913205,0.0019837031159398175,-0.03827021088290048,-0.041016876735740226,0.8521683400982696,-0.18726157414471878,0.9988097781304361,-23.0,0.0625,3.0,-8.390625,-7.9296875,8.3984375,-29.9375,-2.625,-1.9375,0,1,1406,1073,1999,1
4,260484,51,0.8508255256813257,0.6047242652668844,0.48008667256691184,0.42072817163609727,0.3663441877498703,0.37189855647450176,-0.08471938230536821,-0.7317117831965086,-0.6805932798242134,-0.6899014252143926,-0.6803491317484054,-0.6465651417584766,-0.5185705130161443,-0.3144322031311991,-0.5534531693472091,-0.5890987884151738,-0.6347544785912655,-0.6660664693136388,0.27783203125,0.25,0.298095703125,0.328857421875,0.34423828125,0.3623046875,-0.5810546875,-0.49613940855128635,0.12457655568102054,0.18134098330637533,0.8398998992889187,1.08447265625,-0.2236328125,0.336181640625,-0.041015625,0.047119140625,0.0281982421875,-0.2861328125,0.253662109375,0.6337890625,0.9797051911984619,-0.4833826715903195,0.8747825556199835,0.032990508743552964,0.0010376293221839045,-0.03363139744254891,-0.03979613635670034,0.858760338145085,-0.06207464827417829,0.9990844447157201,-23.25,-0.1875,3.375,-8.171875,-8.05078125,8.19921875,-30.4375,-2.9375,-2.0625,0,1,1468,1070,1999,1
4,260538,52,0.8667867061372723,0.5597705008087405,0.4447157200842311,0.3663441877498703,0.37189855647450176,0.40910061952574234,-0.20795312356944487,-0.728080080568865,-0.6927091280861842,-0.6803491317484054,-0.6465651417584766,-0.5964232306894132,-0.4532914212469863,-0.3957029938657796,-0.5677968688009277,-0.6347544785912655,-0.6660664693136388,-0.6905728324228645,0.275146484375,0.260009765625,0.311767578125,0.34423828125,0.3623046875,0.380126953125,-0.578125,-0.49699392681661425,0.09210486159855953,0.12894070253608814,0.8531754509109775,1.05322265625,-0.092529296875,0.4814453125,-0.006103515625,0.0592041015625,0.02978515625,-0.45556640625,0.2457275390625,0.61376953125,0.9816888943144016,-0.5098117007965332,0.8594927823725089,0.036896877956480605,0.0034485915707876827,-0.027008880886257514,-0.03607287820062868,0.858760338145085,-0.0782494582964568,0.9990539262062441,-23.625,-0.625,3.9375,-7.76953125,-8.30859375,7.62109375,-30.9375,-3.25,-2.125,0,1,1460,1070,1999,1
4,260584,53,0.8761864070558794,0.5031586657307657,0.42072817163609727,0.37189855647450176,0.40910061952574234,0.49400311288796656,-0.32370983001190223,-0.6982940153202918,-0.6899014252143926,-0.6465651417584766,-0.5964232306894132,-0.576952421643727,-0.35709707937864316,-0.5091402935880611,-0.5890987884151738,-0.6660664693136388,-0.6905728324228645,-0.6504715109714042,0.26416015625,0.267578125,0.328857421875,0.3623046875,0.380126953125,0.3994140625,-0.63134765625,-0.5074007385479293,0.03436384166997284,0.07885982848597675,0.8574175237281411,1.007568359375,-0.09130859375,0.478271484375,0.048828125,0.0975341796875,0.041748046875,-0.747802734375,0.2376708984375,0.5982666015625,0.9879451887569811,-0.5131992553483687,0.8581499679555651,-0.015015106662190619,0.007049775688955351,-0.023987548448133795,-0.033570360423596915,0.8652607806634725,0.09164708395641957,0.9992370372631001,-23.875,-0.875,4.25,-7.48046875,-8.48828125,6.6015625,-31.4375,-3.625,-2.25,0,1,1545,1067,1999,1
4,260638,54,0.8772240363780633,0.4900967436750389,0.3663441877498703,0.40910061952574234,0.49400311288796656,0.5231482894375439,-0.4058046205023347,-0.6891079439680166,-0.6803491317484054,-0.5964232306894132,-0.576952421643727,-0.5625782036805322,-0.2565080721457564,-0.5337992492446669,-0.6347544785912655,-0.6905728324228645,-0.6504715109714042,-0.6401562547685171,0.261474609375,0.281982421875,0.34423828125,0.380126953125,0.3994140625,0.416259765625,-0.5478515625,-0.5164952543717765,-0.0010681478316599017,0.039063692129276406,0.8554033021027253,0.92529296875,-0.14013671875,0.171875,0.01806640625,0.084716796875,0.055419921875,-0.7320556640625,0.2252197265625,0.5648193359375,0.9916379284035768,-0.5135349589526047,0.8572038941618091,-0.03857539597766045,0.007110812707907346,-0.02099673451948607,-0.0315256202887051,0.8612323374126407,0.0956450086977752,0.9987487411114842,-24.1875,-1.3125,4.75,-6.859375,-9.109375,3.828125,-31.9375,-3.9375,-2.375,0,1,1547,1069,1999,1
4,260686,55,0.84759056367687,0.48008667256691184,0.37189855647450176,0.49400311288796656,0.5231482894375439,0.5248573259681997,-0.4992217780083621,-0.6805932798242134,-0.6465651417584766,-0.576952421643727,-0.5625782036805322,-0.5487838373973815,-0.17993713187047944,-0.5534531693472091,-0.6660664693136388,-0.6504715109714042,-0.6401562547685171,-0.6506546220282602,0.25048828125,0.298095703125,0.3623046875,0.3994140625,0.416259765625,0.431640625,-0.49462890625,-0.520798364207892,-0.00021362956633198035,0.02206488235114597,0.8533890804773094,0.88525390625,-0.038330078125,-0.08544921875,0.0126953125,0.061279296875,0.035400390625,-0.5177001953125,0.2196044921875,0.544921875,0.9900814844203009,-0.5150608844264046,0.8568987090670491,-0.020813623462630087,0.007660145878475295,-0.019104586931974244,-0.028321176793725394,0.8183843501083408,-0.554643391216773,0.9940183721427045,-24.375,-1.625,4.9375,-6.48828125,-9.23828125,2.23046875,-32.375,-4.3125,-2.5,0,1,1222,1090,1997,1
4,260737,56,0.8097781304361095,0.4447157200842311,0.40910061952574234,0.5231482894375439,0.5248573259681997,0.4910122989593188,-0.5676747947630237,-0.6927091280861842,-0.5964232306894132,-0.5625782036805322,-0.5487838373973815,-0.554795983764153,-0.14835047456282235,-0.5677968688009277,-0.6905728324228645,-0.6401562547685171,-0.6506546220282602,-0.6716513565477462,0.250732421875,0.311767578125,0.380126953125,0.416259765625,0.431640625,0.443115234375,-0.37744140625,-0.5258339182714317,0.006836146122623371,0.02108829004791406,0.8503067110202338,0.8876953125,0.02001953125,0.04541015625,0.0654296875,0.04150390625,0.010009765625,-0.2169189453125,0.2183837890625,0.529296875,0.9895626697592089,-0.52241584521012,0.8526566362498855,-0.0067445905941953795,0.0051576281014435255,-0.018219550157170323,-0.02728354747154149,0.7957396160771508,-0.7462691122165593,0.988921781060213,-24.6875,-2.125,5.125,-6.05859375,-9.76953125,1.0,-32.875,-4.6875,-2.5625,0,1,1126,1102,1994,1
4,260789,57,0.7457502975554674,0.42072817163609727,0.49400311288796656,0.5248573259681997,0.4910122989593188,0.5079500717184973,-0.6443067720572527,-0.6899014252143926,-0.576952421643727,-0.5487838373973815,-0.554795983764153,-0.5516830957976012,-0.16946928312021242,-0.5890987884151738,-0.6504715109714042,-0.6506546220282602,-0.6716513565477462,-0.6615497299111911,0.244873046875,0.328857421875,0.3994140625,0.431640625,0.443115234375,0.456787109375,-0.447021484375,-0.5337382122257149,-0.0065919980468153935,-0.0020142216254158147,0.8456068605609302,0.90380859375,-0.26025390625,0.35498046875,0.02685546875,0.06982421875,0.033447265625,-0.3343505859375,0.2191162109375,0.5257568359375,0.9896237067781609,-0.5189977721488083,0.8547013763847774,-0.010040589617603077,0.006286812952055422,-0.016937772759178443,-0.024506363109225746,0.8603473006378368,0.13388470107119968,0.9987182226020082,-24.875,-2.5,5.25,-5.83984375,-10.16015625,0.83984375,-33.3125,-5.0625,-2.6875,0,1,1566,1069,1999,1
4,260838,58,0.684957426679281,0.3663441877498703,0.5231482894375439,0.4910122989593188,0.5079500717184973,0.5427716910306101,-0.695913571581164,-0.6803491317484054,-0.5625782036805322,-0.554795983764153,-0.5516830957976012,-0.49748222296823025,-0.21576586199530015,-0.6347544785912655,-0.6401562547685171,-0.6716513565477462,-0.6615497299111911,-0.6767174291207617,0.25,0.34423828125,0.416259765625,0.443115234375,0.456787109375,0.466552734375,-0.311767578125,-0.5352641376995148,-0.019196142460402233,-0.06976531266212958,0.8415784173100985,0.953369140625,-0.46240234375,0.306396484375,-0.0146484375,0.0802001953125,0.029541015625,-0.47998046875,0.2235107421875,0.525390625,0.9898373363444929,-0.5363017670216986,0.8436841944639424,0.02459791863765374,0.006469924008911405,-0.014069032868434707,-0.02444532609027375,0.8486587115085299,0.16815698721274452,0.9975890377513962,-25.125,-3.1875,5.4375,-5.46875,-11.12109375,-0.08984375,-33.75,-5.4375,-2.8125,0,1,1584,1075,1998,1
4,260889,59,0.6047242652668844,0.37189855647450176,0.5248573259681997,0.5079500717184973,0.5427716910306101,0.6032898953215124,-0.7317117831965086,-0.6465651417584766,-0.5487838373973815,-0.5516830957976012,-0.49748222296823025,-0.4365062410351878,-0.3144322031311991,-0.6660664693136388,-0.6506546220282602,-0.6615497299111911,-0.6767174291207617,-0.6674398022400586,0.25,0.3623046875,0.431640625,0.456787109375,0.466552734375,0.47802734375,-0.37646484375,-0.5327921384319589,-0.034180730613116855,-0.13956114383373516,0.8339487899410992,0.979248046875,-0.133056640625,0.31689453125,0.07421875,0.093505859375,0.0223388671875,-0.529541015625,0.225830078125,0.5328369140625,0.9899594103823969,-0.5510422070986053,0.8328196050904874,0.05233924375133518,0.008636738181707206,-0.01141392254402295,-0.02264473403118992,0.8214362010559404,-0.49693288979766226,0.9956663716544084,-25.3125,-3.625,5.5,-5.33984375,-11.5,-1.140625,-34.1875,-5.875,-2.9375,0,1,1251,1089,1997,1
4,260939,60,0.5597705008087405,0.40910061952574234,0.4910122989593188,0.5427716910306101,0.6032898953215124,0.6392712179937132,-0.728080080568865,-0.5964232306894132,-0.554795983764153,-0.49748222296823025,-0.4365062410351878,-0.44856105227820675,-0.3957029938657796,-0.6905728324228645,-0.6716513565477462,-0.6767174291207617,-0.6674398022400586,-0.6246223334452345,0.260009765625,0.380126953125,0.443115234375,0.466552734375,0.47802734375,0.483642578125,-0.1796875,-0.5351115451521348,-0.07470931119724113,-0.1790826136051515,0.8221991637928403,1.02685546875,-0.05322265625,0.381103515625,0.101318359375,0.0882568359375,0.04638671875,-0.574951171875,0.2313232421875,0.5595703125,0.9904171880245369,-0.5556810205389568,0.8313852351451155,0.0038453321939756462,0.008850367748039186,-0.011047700430310984,-0.02154606769005402,0.8414563432721945,-0.1142002624591815,0.9983214819788202,-25.5625,-4.4375,5.5625,-5.3203125,-11.91015625,-2.83984375,-34.5625,-6.3125,-3.0,0,1,1442,1079,1999,1
4,260980,61,0.5031586657307657,0.49400311288796656,0.5079500717184973,0.6032898953215124,0.6392712179937132,0.6692403942991424,-0.6982940153202918,-0.576952421643727,-0.5516830957976012,-0.4365062410351878,-0.44856105227820675,-0.46485793633838923,-0.5091402935880611,-0.6504715109714042,-0.6615497299111911,-0.6674398022400586,-0.6246223334452345,-0.5796685689870906,0.267578125,0.3994140625,0.456787109375,0.47802734375,0.483642578125,0.491455078125,-0.251953125,-0.5389568773461104,-0.10464796899319437,-0.20603045747245705,0.8100222785119174,1.049072265625,-0.2109375,0.2265625,0.07861328125,0.093994140625,0.0399169921875,-0.6129150390625,0.2342529296875,0.5682373046875,0.9911801507614368,-0.5462202826013978,0.837031159398175,-0.032380138554033024,0.009826960051271096,-0.01098666341135899,-0.019287697988830226,0.8149967955565051,-0.37183751945554977,0.9972228156376842,-25.75,-4.9375,5.5,-5.23828125,-11.91015625,-4.078125,-34.9375,-6.75,-3.125,0,1,1314,1092,1998,1
4,261042,62,0.4900967436750389,0.5231482894375439,0.5427716910306101,0.6392712179937132,0.6692403942991424,0.6807763908810693,-0.6891079439680166,-0.5625782036805322,-0.49748222296823025,-0.44856105227820675,-0.46485793633838923,-0.4662312692648091,-0.5337992492446669,-0.6401562547685171,-0.6767174291207617,-0.6246223334452345,-0.5796685689870906,-0.5649586474196601,0.281982421875,0.416259765625,0.466552734375,0.483642578125,0.491455078125,0.491455078125,-0.001220703125,-0.543656727805414,-0.12414929654835657,-0.24918362987151707,0.7918027283547472,1.08740234375,-0.119873046875,0.198486328125,0.031005859375,0.07373046875,0.0572509765625,-0.4248046875,0.2401123046875,0.583740234375,0.9924924466689047,-0.5414899136326182,0.8396862697225868,-0.04165776543473617,0.009399700918607135,-0.010315256202887051,-0.01925717947935423,0.7726065858943449,-0.5931272316660054,0.9884334849085971,-26.0,-5.75,5.375,-5.16015625,-11.8203125,-5.7890625,-35.375,-7.1875,-3.25,0,1,1203,1113,1994,1
4,261082,63,0.48008667256691184,0.5248573259681997,0.6032898953215124,0.6692403942991424,0.6807763908810693,0.7050691244239631,-0.6805932798242134,-0.5487838373973815,-0.4365062410351878,-0.46485793633838923,-0.4662312692648091,-0.46684163945432905,-0.5534531693472091,-0.6506546220282602,-0.6674398022400586,-0.5796685689870906,-0.5649586474196601,-0.5337992492446669,0.298095703125,0.431640625,0.47802734375,0.491455078125,0.491455078125,0.494873046875,-0.116943359375,-0.5395367290261543,-0.1399884029663991,-0.27417828913235875,0.783654286324656,1.103515625,-0.1083984375,0.232177734375,-0.027099609375,0.0765380859375,0.0487060546875,-0.3956298828125,0.2432861328125,0.58984375,0.9930417798394726,-0.5468001342814417,0.8350779747917112,-0.06051820429090243,0.010101626636555072,-0.010162663655507066,-0.017731254005554368,0.7864009521774956,-0.5807061983092746,0.9957274086733604,-26.25,-6.25,5.1875,-5.078125,-11.73828125,-6.48828125,-35.75,-7.625,-3.375,0,1,1209,1106,1997,1
4,261133,64,0.4447157200842311,0.4910122989593188,0.6392712179937132,0.6807763908810693,0.7050691244239631,0.749565111239967,-0.6927091280861842,-0.554795983764153,-0.44856105227820675,-0.4662312692648091,-0.46684163945432905,-0.45060579241309856,-0.5677968688009277,-0.6716513565477462,-0.6246223334452345,-0.5649586474196601,-0.5337992492446669,-0.4848780785546434,0.311767578125,0.443115234375,0.483642578125,0.491455078125,0.494873046875,0.4970703125,-0.070556640625,-0.5259254737998597,-0.16245002594073304,-0.31608020264290293,0.7726981414227729,1.115234375,-0.12646484375,0.41455078125,-0.04296875,0.098388671875,0.0382080078125,-0.4412841796875,0.2462158203125,0.5975341796875,0.9934690389721366,-0.5585497604297006,0.8250373851741081,-0.08551286355174413,0.010956144901882993,-0.009582811975463118,-0.017212439344462416,0.5626087221900082,-0.6720480971709342,0.9937437055574205,-26.4375,-6.8125,5.0,-5.0390625,-11.578125,-7.12109375,-36.0625,-8.125,-3.4375,0,1,1163,1218,1996,1
4,261185,65,0.42072817163609727,0.5079500717184973,0.6692403942991424,0.7050691244239631,0.749565111239967,0.7897885067293313,-0.6899014252143926,-0.5516830957976012,-0.46485793633838923,-0.46684163945432905,-0.45060579241309856,-0.43119602038636434,-0.5890987884151738,-0.6615497299111911,-0.5796685689870906,-0.5337992492446669,-0.4848780785546434,-0.43626209295937984,0.328857421875,0.456787109375,0.491455078125,0.494873046875,0.4970703125,0.4921875,0.15869140625,-0.5069734794152654,-0.18524735251930297,-0.3661000396740623,0.7580492568742943,1.12255859375,-0.200927734375,0.374267578125,-0.07177734375,0.094482421875,0.03955078125,-0.465087890625,0.2493896484375,0.60205078125,0.9944761497848446,-0.5735953856013672,0.8110293893246254,-0.11484115115817743,0.012024292733542894,-0.008941923276467178,-0.01608325449385052,0.44160283211767937,-0.6000244148075808,0.9883724478896451,-26.6875,-7.5625,4.6875,-5.03125,-10.98828125,-8.1796875,-36.4375,-8.5625,-3.5625,0,1,1199,1279,1994,1
4,261236,66,0.3663441877498703,0.5427716910306101,0.6807763908810693,0.749565111239967,0.7897885067293313,0.8217413861507004,-0.6803491317484054,-0.49748222296823025,-0.4662312692648091,-0.45060579241309856,-0.43119602038636434,-0.39640491958372753,-0.6347544785912655,-0.6767174291207617,-0.5649586474196601,-0.4848780785546434,-0.43626209295937984,-0.40937528611102636,0.34423828125,0.466552734375,0.491455078125,0.4970703125,0.4921875,0.48486328125,0.240234375,-0.4900051881466109,-0.19043549913022248,-0.4232001709036531,0.7379375591296121,1.1083984375,-0.369140625,0.21435546875,-0.107421875,0.109375,0.0206298828125,-0.492431640625,0.25048828125,0.587158203125,0.9959105197302164,-0.5919370097964416,0.7985778374584185,-0.10913418988616597,0.012543107394634847,-0.007751701406903287,-0.01654103213599048,0.39838862269966735,-0.18286690878017517,0.9767143772698141,-27.0,-8.25,4.25,-4.96875,-9.859375,-9.26171875,-36.75,-9.0625,-3.6875,0,1,1408,1300,1988,1
4,261292,67,0.37189855647450176,0.6032898953215124,0.7050691244239631,0.7897885067293313,0.8217413861507004,0.8527176732688375,-0.6465651417584766,-0.4365062410351878,-0.46684163945432905,-0.43119602038636434,-0.39640491958372753,-0.3356730857264931,-0.6660664693136388,-0.6674398022400586,-0.5337992492446669,-0.43626209295937984,-0.40937528611102636,-0.4002502517777032,0.3623046875,0.47802734375,0.494873046875,0.4921875,0.48486328125,0.483642578125,0.03759765625,-0.478469191564684,-0.17221594897305215,-0.4846034119693594,0.7117526779992065,1.099365234375,-0.40380859375,0.157958984375,-0.11083984375,0.0986328125,0.03125,-0.417236328125,0.2513427734375,0.5809326171875,0.9966124454481643,-0.6161076693014313,0.7859736930448317,-0.05121005890072329,0.013550218207342753,-0.00598162785729545,-0.015961180455946532,0.5128635517441328,-0.14404736472670676,0.9739371929074984,-27.1875,-8.6875,3.9375,-5.01953125,-9.12109375,-9.7890625,-37.0625,-9.5625,-3.8125,0,1,1427,1243,1986,1
4,261338,68,0.40910061952574234,0.6392712179937132,0.749565111239967,0.8217413861507004,0.8527176732688375,0.8706015198217719,-0.5964232306894132,-0.44856105227820675,-0.45060579241309856,-0.39640491958372753,-0.3356730857264931,-0.2974944303720206,-0.6905728324228645,-0.6246223334452345,-0.4848780785546434,-0.40937528611102636,-0.4002502517777032,-0.39188818018127997,0.380126953125,0.483642578125,0.4970703125,0.48486328125,0.483642578125,0.473876953125,0.319580078125,-0.46458326975310527,-0.15808587908566546,-0.5314188055055391,0.6904812768944365,1.08984375,-0.162109375,0.147216796875,-0.075439453125,0.0853271484375,0.026123046875,-0.3095703125,0.2537841796875,0.57470703125,0.9971922971282082,-0.6424146244697408,0.7660756248664815,-0.020172734763634143,0.013733329264198737,-0.004638813440351573,-0.016907254249702446,0.06884975737784967,-0.6997283852656636,0.8856776635029145,-27.5,-9.25,3.4375,-5.078125,-8.3203125,-10.28125,-37.375,-10.0625,-3.9375,0,1,1150,1465,1942,1
4,261389,69,0.49400311288796656,0.6692403942991424,0.7897885067293313,0.8527176732688375,0.8706015198217719,0.902279732657857,-0.576952421643727,-0.46485793633838923,-0.43119602038636434,-0.3356730857264931,-0.2974944303720206,-0.28742332224494155,-0.6504715109714042,-0.5796685689870906,-0.43626209295937984,-0.4002502517777032,-0.39188818018127997,-0.32135990478225046,0.3994140625,0.491455078125,0.4921875,0.483642578125,0.473876953125,0.47119140625,0.085693359375,-0.44102298043763544,-0.17087313455610828,-0.565385906552324,0.6757713553270058,1.083251953125,-0.11865234375,0.3740234375,-0.036865234375,0.10205078125,0.0245361328125,-0.3436279296875,0.25537109375,0.574951171875,0.9973448896755882,-0.6543473616748559,0.7546617023224585,-0.04803613391521958,0.015198217719046602,-0.004547257911923582,-0.015381328775902585,-0.024079103976561784,-0.6319467757194739,0.9810174871059297,-27.6875,-9.625,3.0625,-5.1484375,-7.94140625,-10.4296875,-37.625,-10.625,-4.0,0,1,1184,1512,1990,1
4,261430,70,0.5231482894375439,0.6807763908810693,0.8217413861507004,0.8706015198217719,0.902279732657857,0.924253059480575,-0.5625782036805322,-0.4662312692648091,-0.39640491958372753,-0.2974944303720206,-0.28742332224494155,-0.28394421216467786,-0.6401562547685171,-0.5649586474196601,-0.40937528611102636,-0.39188818018127997,-0.32135990478225046,-0.25522629474776454,0.416259765625,0.491455078125,0.48486328125,0.473876953125,0.47119140625,0.46728515625,0.12890625,-0.4204535050508133,-0.18201239051484724,-0.5986510818811609,0.6570329905087435,1.072021484375,-0.38232421875,0.302001953125,-0.045654296875,0.1011962890625,0.0089111328125,-0.427001953125,0.256591796875,0.5787353515625,0.9974364452040162,-0.6591387676625874,0.7488021485030671,-0.06924649800103763,0.016113773003326518,-0.0042115543076876125,-0.014954069643238624,-0.29206213568529316,-0.15305032502212593,0.9643238624225593,-27.9375,-10.0625,2.6875,-5.359375,-7.328125,-10.5703125,-37.9375,-11.125,-4.125,0,1,1423,1646,1982,1
4,261481,71,0.5248573259681997,0.7050691244239631,0.8527176732688375,0.902279732657857,0.924253059480575,0.9299905392620624,-0.5487838373973815,-0.46684163945432905,-0.3356730857264931,-0.28742332224494155,-0.28394421216467786,-0.26346629230628377,-0.6506546220282602,-0.5337992492446669,-0.4002502517777032,-0.32135990478225046,-0.25522629474776454,-0.2562944425794244,0.431640625,0.494873046875,0.483642578125,0.47119140625,0.46728515625,0.454833984375,0.40576171875,-0.4184087649159215,-0.1586657307657094,-0.6569109164708395,0.6067995239112521,1.048828125,-0.653564453125,0.01123046875,-0.060791015625,0.0975341796875,0.0296630859375,-0.3917236328125,0.2576904296875,0.5833740234375,0.9973448896755882,-0.6662800988799708,0.7456282235175634,0.010376293221839045,0.01684621723075045,-0.0027466658528397473,-0.015167699209570605,-0.37015900143436997,-0.44935453352458266,0.9062776573992126,-28.25,-10.5,2.125,-5.828125,-6.078125,-10.71875,-38.1875,-11.6875,-4.25,0,1,1275,1685,1953,1
4,261532,72,0.4910122989593188,0.749565111239967,0.8706015198217719,0.924253059480575,0.9299905392620624,0.924375133518479,-0.554795983764153,-0.45060579241309856,-0.2974944303720206,-0.28394421216467786,-0.26346629230628377,-0.2273018585772271,-0.6716513565477462,-0.4848780785546434,-0.39188818018127997,-0.25522629474776454,-0.2562944425794244,-0.3063753166295358,0.443115234375,0.4970703125,0.473876953125,0.46728515625,0.454833984375,0.448974609375,0.188720703125,-0.4357432782982879,-0.10892056031983398,-0.7052522354808192,0.5485091708120975,1.040771484375,-0.373291015625,-0.1806640625,-0.019775390625,0.0882568359375,0.0098876953125,-0.1927490234375,0.259521484375,0.5977783203125,0.9971922971282082,-0.6727500228888821,0.7234107486190374,0.15524765770439772,0.016571550645466476,-0.00018311105685598315,-0.01663258766441847,0.07089449751274148,-0.2402111880855739,0.9373760185552538,-28.5,-10.8125,1.6875,-6.19921875,-5.5703125,-10.66015625,-38.4375,-12.1875,-4.375,0,1,1379,1464,1968,1
4,261583,73,0.5079500717184973,0.7897885067293313,0.902279732657857,0.9299905392620624,0.924375133518479,0.8991058076723533,-0.5516830957976012,-0.43119602038636434,-0.28742332224494155,-0.26346629230628377,-0.2273018585772271,-0.21881771294289987,-0.6615497299111911,-0.43626209295937984,-0.32135990478225046,-0.2562944425794244,-0.3063753166295358,-0.3791314432203131,0.456787109375,0.4921875,0.47119140625,0.454833984375,0.448974609375,0.43408203125,0.48193359375,-0.46061586352122563,-0.06695760979033784,-0.7210913418988617,0.5131992553483687,1.03466796875,-0.422119140625,-0.282958984375,-0.00146484375,0.0885009765625,0.0325927734375,-0.0474853515625,0.262939453125,0.617919921875,0.9963988158818323,-0.6643574327829829,0.6986297189245277,0.26566362498855556,0.015381328775902585,0.0014954069643238624,-0.019318216498306222,0.2532425916318247,-0.09653004547257912,0.9179357280190436,-28.9375,-11.1875,1.125,-6.48046875,-5.51171875,-10.421875,-38.625,-12.75,-4.4375,0,1,1451,1373,1958,1
4,261645,74,0.5427716910306101,0.8217413861507004,0.924253059480575,0.924375133518479,0.8991058076723533,0.8621173741874447,-0.49748222296823025,-0.39640491958372753,-0.28394421216467786,-0.2273018585772271,-0.21881771294289987,-0.17267372661519212,-0.6767174291207617,-0.40937528611102636,-0.25522629474776454,-0.3063753166295358,-0.3791314432203131,-0.4763939329203162,0.466552734375,0.48486328125,0.46728515625,0.448974609375,0.43408203125,0.418212890625,0.51953125,-0.4879299295022431,-0.004699850459303568,-0.7413556321909238,0.4607379375591296,1.037353515625,-0.25927734375,-0.141357421875,-0.0517578125,0.0662841796875,0.030517578125,0.2254638671875,0.267578125,0.61328125,0.9961241492965484,-0.6500137333292642,0.6364635151219215,0.4152043214209418,0.014069032868434707,0.003906369212927641,-0.021271401104770042,0.6969206823938718,0.04074221015045625,0.9002960295419171,-29.375,-11.625,0.5,-6.25,-5.87109375,-10.41015625,-38.8125,-13.3125,-4.5625,0,1,1520,1151,1950,1
4,261683,75,0.6032898953215124,0.8527176732688375,0.9299905392620624,0.8991058076723533,0.8621173741874447,0.8634296700949126,-0.4365062410351878,-0.3356730857264931,-0.26346629230628377,-0.21881771294289987,-0.17267372661519212,-0.18424024170659506,-0.6674398022400586,-0.4002502517777032,-0.2562944425794244,-0.3791314432203131,-0.4763939329203162,-0.46961882381664477,0.47802734375,0.483642578125,0.454833984375,0.43408203125,0.418212890625,0.411376953125,0.220947265625,-0.4847560045167394,0.007293923764763329,-0.7531357768486587,0.4446852015747551,1.04443359375,-0.0439453125,0.18896484375,0.064208984375,0.0634765625,0.0035400390625,0.1697998046875,0.271728515625,0.6007080078125,0.9963072603534043,-0.6566362498855556,0.6153141880550554,0.43610950041199986,0.014007995849482712,0.0045167394024475845,-0.022278511917477952,0.22876674703207495,-0.3933225501266518,0.8807641834772789,-29.625,-11.9375,0.0,-5.94140625,-6.16015625,-10.5390625,-39.0625,-13.875,-4.6875,0,1,1303,1385,1940,1
4,261735,76,0.6392712179937132,0.8706015198217719,0.924375133518479,0.8621173741874447,0.8634296700949126,0.8904385509811701,-0.44856105227820675,-0.2974944303720206,-0.2273018585772271,-0.17267372661519212,-0.18424024170659506,-0.2367320780053102,-0.6246223334452345,-0.39188818018127997,-0.3063753166295358,-0.4763939329203162,-0.46961882381664477,-0.38871425519577624,0.483642578125,0.473876953125,0.448974609375,0.418212890625,0.411376953125,0.403076171875,0.26904296875,-0.4574114200262459,-0.015778069399090548,-0.772331919309061,0.4405041657765435,1.048583984375,0.07421875,0.525634765625,0.077880859375,0.0760498046875,0.028076171875,-0.0009765625,0.275634765625,0.611083984375,0.9959715567491684,-0.6810205389568773,0.6266670735801263,0.37879573961607715,0.01654103213599048,0.0027771843623157445,-0.021607104709006012,0.5233619190038759,-0.4106570635090182,0.8818323313089389,-29.875,-12.1875,-0.5,-6.140625,-5.98046875,-10.6015625,-39.1875,-14.4375,-4.8125,0,1,1294,1238,1940,1
4,261785,77,0.6692403942991424,0.902279732657857,0.8991058076723533,0.8634296700949126,0.8904385509811701,0.913510544145024,-0.46485793633838923,-0.28742332224494155,-0.21881771294289987,-0.18424024170659506,-0.2367320780053102,-0.3130283516953032,-0.5796685689870906,-0.32135990478225046,-0.3791314432203131,-0.46961882381664477,-0.38871425519577624,-0.2598040711691641,0.491455078125,0.47119140625,0.43408203125,0.411376953125,0.403076171875,0.38623046875,0.54638671875,-0.40888698995941036,-0.05664235358745079,-0.7999206518753624,0.4355906857509079,1.026123046875,-0.052978515625,0.45556640625,0.066650390625,0.1011962890625,0.0408935546875,-0.283447265625,0.2779541015625,0.6427001953125,0.9941709646900846,-0.7106540116580706,0.6477858821375164,0.2744529557176428,0.019409772026734214,0.0016479995117038484,-0.022034363841669975,-0.31580553605761896,-0.7048860133671071,0.8182927945799127,-30.3125,-12.5625,-1.25,-6.91015625,-5.1484375,-10.1796875,-39.375,-15.0,-4.875,0,1,1147,1657,1909,1
4,261836,78,0.6807763908810693,0.924253059480575,0.8621173741874447,0.8904385509811701,0.913510544145024,0.9265114291817987,-0.4662312692648091,-0.28394421216467786,-0.17267372661519212,-0.2367320780053102,-0.3130283516953032,-0.3595995971556749,-0.5649586474196601,-0.25522629474776454,-0.4763939329203162,-0.38871425519577624,-0.2598040711691641,-0.1109042634357738,0.491455078125,0.46728515625,0.418212890625,0.403076171875,0.38623046875,0.378173828125,0.263671875,-0.35172582171086764,-0.08566545609912411,-0.8354747154148991,0.413403729361858,1.008056640625,-0.143798828125,0.553955078125,-0.01318359375,0.1094970703125,0.0548095703125,-0.3504638671875,0.27880859375,0.67431640625,0.9917294839320048,-0.7380291146580401,0.6478164006469924,0.18884853663747062,0.023865474410229806,9.155552842799158e-05,-0.019043549913022248,-0.5194250312814722,-0.7457808160649434,0.9248329111606189,-30.6875,-12.75,-1.6875,-7.76171875,-4.171875,-9.69921875,-39.5,-15.5625,-5.0,0,1,1127,1759,1962,1
4,261886,79,0.7050691244239631,0.9299905392620624,0.8634296700949126,0.913510544145024,0.9265114291817987,0.9152195806756798,-0.46684163945432905,-0.26346629230628377,-0.18424024170659506,-0.3130283516953032,-0.3595995971556749,-0.40266121402630695,-0.5337992492446669,-0.2562944425794244,-0.46961882381664477,-0.2598040711691641,-0.1109042634357738,0.01467940305795465,0.494873046875,0.454833984375,0.411376953125,0.38623046875,0.378173828125,0.362060546875,0.523681640625,-0.2966704306161687,-0.09912411877803888,-0.8670918912320322,0.3876766258735923,0.98046875,-0.265625,0.2978515625,-0.052734375,0.1259765625,0.0396728515625,-0.4588623046875,0.2796630859375,0.7095947265625,0.9864192632831813,-0.7651600695822016,0.6317941831720939,0.1239661854915006,0.028138065736869413,0.00027466658528397473,-0.0184942167424543,-0.804101687673574,-0.8230231635486923,0.9270607623523667,-31.25,-12.9375,-2.25,-8.8984375,-2.62109375,-8.73828125,-39.625,-16.125,-5.125,0,1,1088,1902,1963,1
4,261938,80,0.749565111239967,0.924375133518479,0.8904385509811701,0.9265114291817987,0.9152195806756798,0.902523880733665,-0.45060579241309856,-0.2273018585772271,-0.2367320780053102,-0.3595995971556749,-0.40266121402630695,-0.42909024323252054,-0.4848780785546434,-0.3063753166295358,-0.38871425519577624,-0.1109042634357738,0.01467940305795465,0.03625598925748467,0.4970703125,0.448974609375,0.403076171875,0.378173828125,0.362060546875,0.35595703125,0.202880859375,-0.2774437696462905,-0.07550279244361706,-0.8985259559923093,0.3316751609851375,0.96826171875,-0.6103515625,-0.026123046875,-0.127197265625,0.1019287109375,0.0567626953125,-0.35400390625,0.28076171875,0.735595703125,0.9810480056154057,-0.7900631733146153,0.5886104922635579,0.17136143070772422,0.031159398174993132,0.0003662221137119663,-0.01651051362651448,-0.9139072847682119,-0.1338236640522477,0.989349040192877,-31.625,-13.0625,-2.625,-9.66015625,-1.66015625,-7.8984375,-39.75,-16.75,-5.25,0,1,1433,1956,1994,1
4,261989,81,0.7897885067293313,0.8991058076723533,0.913510544145024,0.9152195806756798,0.902523880733665,0.8876613666188543,-0.43119602038636434,-0.21881771294289987,-0.3130283516953032,-0.40266121402630695,-0.42909024323252054,-0.4554277169103061,-0.43626209295937984,-0.3791314432203131,-0.2598040711691641,0.01467940305795465,0.03625598925748467,-0.06805627613147373,0.4921875,0.43408203125,0.38623046875,0.362060546875,0.35595703125,0.341796875,0.45361328125,-0.29725028229621264,-0.01834162419507431,-0.923490096743675,0.24179815057832577,0.965087890625,-0.79052734375,-0.294677734375,-0.168212890625,0.0986328125,0.0345458984375,-0.134765625,0.2838134765625,0.76953125,0.9736625263222144,-0.8033387249366741,0.4972075563829463,0.32779931028168585,0.03381450849940489,0.004028443250831629,-0.020325327311014132,-0.7521897030549028,-0.35856196783349104,0.9159520249031037,-32.25,-13.125,-3.125,-10.37109375,-1.05859375,-6.98046875,-39.8125,-17.3125,-5.3125,0,1,1320,1876,1957,1
4,262029,82,0.8217413861507004,0.8621173741874447,0.9265114291817987,0.902523880733665,0.8876613666188543,0.8640705587939085,-0.39640491958372753,-0.17267372661519212,-0.3595995971556749,-0.42909024323252054,-0.4554277169103061,-0.4619586779381695,-0.40937528611102636,-0.4763939329203162,-0.1109042634357738,0.03625598925748467,-0.06805627613147373,-0.1999572740867336,0.48486328125,0.418212890625,0.378173828125,0.35595703125,0.341796875,0.337890625,0.12841796875,-0.33487960448011717,0.03735465559862056,-0.9269692068239387,0.16486098818933684,0.97900390625,-0.577880859375,-0.63134765625,-0.1923828125,0.09912109375,0.014404296875,0.004638671875,0.2874755859375,0.7972412109375,0.9698477126377147,-0.7840815454573199,0.3905148472548601,0.4824365977965636,0.034485915707876826,0.0043641468550675985,-0.02264473403118992,-0.39127780999176,-0.11606189153721733,0.9624317148350474,-32.75,-13.1875,-3.4375,-10.7109375,-1.1484375,-6.78125,-39.875,-17.875,-5.4375,0,1,1441,1695,1981,1
4,262080,83,0.8527176732688375,0.8634296700949126,0.9152195806756798,0.8876613666188543,0.8640705587939085,0.7994628742332225,-0.3356730857264931,-0.18424024170659506,-0.40266121402630695,-0.4554277169103061,-0.4619586779381695,-0.4596087527085177,-0.4002502517777032,-0.46961882381664477,0.01467940305795465,-0.06805627613147373,-0.1999572740867336,-0.3867915890987884,0.483642578125,0.411376953125,0.362060546875,0.341796875,0.337890625,0.335693359375,0.0703125,-0.413098544267098,0.09302041688283945,-0.8984344004638813,0.1163060396130253,0.992919921875,-0.2294921875,-0.61669921875,-0.09716796875,0.0882568359375,-0.03173828125,0.330078125,0.2916259765625,0.8001708984375,0.9702139347514267,-0.6932584612567522,0.28855250709555347,0.6603900265511032,0.031342509231849114,0.006225775933103427,-0.030671102023377177,0.7134311960203864,-0.4205450605792413,0.8431653798028504,-33.1875,-13.25,-3.8125,-10.609375,-1.48046875,-7.19921875,-39.9375,-18.5,-5.5625,0,1,1289,1143,1921,1
4,262130,84,0.8706015198217719,0.8904385509811701,0.902523880733665,0.8640705587939085,0.7994628742332225,0.6828821680349132,-0.2974944303720206,-0.2367320780053102,-0.42909024323252054,-0.4619586779381695,-0.4596087527085177,-0.511429181798761,-0.39188818018127997,-0.38871425519577624,0.03625598925748467,-0.1999572740867336,-0.3867915890987884,-0.5216528824732201,0.473876953125,0.403076171875,0.35595703125,0.337890625,0.335693359375,0.322998046875,0.4130859375,-0.4715414899136326,0.1249427777947325,-0.869075594347972,0.08221686452833643,1.044189453125,-0.189697265625,-0.136474609375,-0.03515625,0.1141357421875,-0.0118408203125,0.446044921875,0.30322265625,0.7740478515625,0.97781304361095,-0.5956907864619891,0.22092349009674367,0.772240363780633,0.027588732566301462,0.002380443739127781,-0.03967406231879635,0.5944090090639973,-0.33826715903195287,0.6831568346201972,-33.875,-13.375,-4.5625,-10.05859375,-1.921875,-8.91015625,-40.0,-19.0625,-5.6875,0,1,1330,1202,1841,1
4,262181,85,0.902279732657857,0.913510544145024,0.8876613666188543,0.7994628742332225,0.6828821680349132,0.6162297433393353,-0.28742332224494155,-0.3130283516953032,-0.4554277169103061,-0.4596087527085177,-0.511429181798761,-0.5692617572557757,-0.32135990478225046,-0.2598040711691641,-0.06805627613147373,-0.3867915890987884,-0.5216528824732201,-0.5442365794854579,0.47119140625,0.38623046875,0.341796875,0.335693359375,0.322998046875,0.323974609375,-0.027099609375,-0.4693136387218848,0.1313211462752159,-0.8715170751060518,0.054353465376751,1.067138671875,-0.18115234375,0.45166015625,0.120361328125,0.069091796875,-0.0250244140625,0.362060546875,0.310302734375,0.7431640625,0.9824518570513017,-0.5909604174932096,0.18509475997192298,0.7851802117984558,0.026001770073549608,-0.00024414807580797754,-0.043580431531723994,0.7421185949278237,-0.6831263161107212,0.8294320505386517,-34.3125,-13.5,-5.1875,-9.58984375,-2.01171875,-9.8203125,-40.0,-19.625,-5.75,0,1,1158,1128,1914,1
4,262231,86,0.924253059480575,0.9265114291817987,0.8640705587939085,0.6828821680349132,0.6162297433393353,0.5502792443617054,-0.28394421216467786,-0.3595995971556749,-0.4619586779381695,-0.511429181798761,-0.5692617572557757,-0.6569719534897915,-0.25522629474776454,-0.1109042634357738,-0.1999572740867336,-0.5216528824732201,-0.5442365794854579,-0.5153355510116886,0.46728515625,0.378173828125,0.337890625,0.322998046875,0.323974609375,0.320068359375,0.12255859375,-0.4036683248390149,0.12302011169774468,-0.9063692129276406,0.02011169774468215,1.126953125,-0.302734375,0.580078125,0.203369140625,0.0675048828125,-0.0035400390625,0.094970703125,0.324951171875,0.759521484375,0.9831537827692496,-0.6867580187383648,0.1575365459150975,0.7096163823358868,0.026917325357829525,-0.008056886501663259,-0.04400769066438795,0.7557908871730704,-0.4122135074922941,0.8017517624439222,-35.0,-13.5625,-6.1875,-9.921875,-1.73046875,-10.640625,-40.0,-20.25,-5.875,0,1,1293,1122,1900,1
4,262292,87,0.9299905392620624,0.9152195806756798,0.7994628742332225,0.6162297433393353,0.5502792443617054,0.4900967436750389,-0.26346629230628377,-0.40266121402630695,-0.4596087527085177,-0.5692617572557757,-0.6569719534897915,-0.7144688253425703,-0.2562944425794244,0.01467940305795465,-0.3867915890987884,-0.5442365794854579,-0.5153355510116886,-0.4993438520462661,0.454833984375,0.362060546875,0.335693359375,0.323974609375,0.320068359375,0.323486328125,-0.109130859375,-0.2841883602404859,0.10943937498092593,-0.9517502365184485,-0.03820917386394849,1.167724609375,-0.348388671875,0.719482421875,0.231201171875,0.1041259765625,0.0191650390625,-0.2259521484375,0.33740234375,0.85595703125,0.9723502304147466,-0.8275399029511399,0.13202307199316385,0.5456709494308298,0.02902310251167333,-0.011017181920834987,-0.04412976470229194,0.7539902951139866,-0.6863307596057009,0.8360240485854671,-35.75,-13.625,-7.1875,-11.37890625,-1.390625,-9.94921875,-40.0,-20.8125,-6.0,0,1,1156,1123,1918,1
4,262333,88,0.924375133518479,0.902523880733665,0.6828821680349132,0.5502792443617054,0.4900967436750389,0.434949797051912,-0.2273018585772271,-0.42909024323252054,-0.511429181798761,-0.6569719534897915,-0.7144688253425703,-0.7583239234595782,-0.3063753166295358,0.03625598925748467,-0.5216528824732201,-0.5153355510116886,-0.4993438520462661,-0.48558000427259135,0.448974609375,0.35595703125,0.322998046875,0.320068359375,0.323486328125,0.333740234375,-0.33642578125,-0.20355845820490126,0.09576708273567919,-0.9718008972441786,-0.07055879390850552,1.173095703125,-0.119873046875,0.61669921875,0.22802734375,0.1123046875,0.047607421875,-0.293212890625,0.3419189453125,0.9224853515625,0.9602343821527757,-0.8966032898953216,0.141270180364391,0.4196905423139134,0.028107547227393413,-0.017151402325510424,-0.039368877224036376,0.7954344309823909,-0.826532792138432,0.9945982238227485,-36.375,-13.6875,-7.75,-12.37109375,-1.1796875,-8.83984375,-39.9375,-21.4375,-6.125,0,1,1086,1102,1997,1
4,262385,89,0.8991058076723533,0.8876613666188543,0.6162297433393353,0.4900967436750389,0.434949797051912,0.3861507003997925,-0.21881771294289987,-0.4554277169103061,-0.5692617572557757,-0.7144688253425703,-0.7583239234595782,-0.8089846491897336,-0.3791314432203131,-0.06805627613147373,-0.5442365794854579,-0.4993438520462661,-0.48558000427259135,-0.4432203131199072,0.43408203125,0.341796875,0.323974609375,0.323486328125,0.333740234375,0.34765625,-0.4482421875,-0.11056855983153782,0.07483138523514511,-0.9876400036622212,-0.08218634601886043,1.164794921875,-0.030517578125,0.53466796875,0.132568359375,0.134033203125,0.053955078125,-0.37841796875,0.343994140625,0.9730224609375,0.9469588305307168,-0.9491561632129887,0.18393505661183507,0.2554399243140965,0.028077028717917417,-0.02139347514267403,-0.03598132267220069,0.8121280556657613,-0.7436750389110995,0.9970397045808282,-36.9375,-13.6875,-8.1875,-13.109375,-1.03125,-7.51171875,-39.875,-22.0,-6.1875,0,1,1128,1093,1998,1
4,262435,90,0.8621173741874447,0.8640705587939085,0.5502792443617054,0.434949797051912,0.3861507003997925,0.29175695059053314,-0.17267372661519212,-0.4619586779381695,-0.6569719534897915,-0.7583239234595782,-0.8089846491897336,-0.8501235999633778,-0.4763939329203162,-0.1999572740867336,-0.5153355510116886,-0.48558000427259135,-0.4432203131199072,-0.43839838862269964,0.418212890625,0.337890625,0.320068359375,0.333740234375,0.34765625,0.362060546875,-0.46630859375,-0.043519394512771994,0.06540116580706198,-0.9930722983489486,-0.08749656666768395,1.163330078125,-0.088134765625,0.249755859375,0.04150390625,0.1256103515625,0.0537109375,-0.3734130859375,0.34765625,1.0421142578125,0.9253212073122349,-0.9703665272988067,0.20264290292062137,0.1315347758415479,0.021912289803765986,-0.026886806848353526,-0.03250221259193701,0.8091982787560655,-0.7690054017761773,0.9969481490524003,-37.9375,-13.6875,-8.75,-14.16015625,-0.6796875,-5.26953125,-39.8125,-22.625,-6.3125,0,1,1115,1095,1998,1
4,262486,91,0.8634296700949126,0.7994628742332225,0.4900967436750389,0.3861507003997925,0.29175695059053314,0.24823755607776116,-0.18424024170659506,-0.4596087527085177,-0.7144688253425703,-0.8089846491897336,-0.8501235999633778,-0.8565324869533372,-0.46961882381664477,-0.3867915890987884,-0.4993438520462661,-0.4432203131199072,-0.43839838862269964,-0.4524979400006104,0.411376953125,0.335693359375,0.323486328125,0.34765625,0.362060546875,0.380615234375,-0.60400390625,-0.007110812707907346,0.07089449751274148,-0.9921567430646687,-0.10266426587725455,1.15576171875,-0.1064453125,0.218505859375,-0.056396484375,0.1207275390625,0.0452880859375,-0.25341796875,0.3485107421875,1.063720703125,0.9137546922208319,-0.979216895046846,0.19098483230079044,0.06823938718832973,0.01879940183721427,-0.02749717703787347,-0.0315256202887051,0.8171636097293008,-0.7347331156346324,0.9974364452040162,-38.5,-13.6875,-9.0,-14.5,-0.5,-3.91015625,-39.75,-23.1875,-6.4375,0,1,1132,1091,1998,1
4,262537,92,0.8904385509811701,0.6828821680349132,0.434949797051912,0.29175695059053314,0.24823755607776116,0.1837519455549791,-0.2367320780053102,-0.511429181798761,-0.7583239234595782,-0.8501235999633778,-0.8565324869533372,-0.8581499679555651,-0.38871425519577624,-0.5216528824732201,-0.48558000427259135,-0.43839838862269964,-0.4524979400006104,-0.47941526535843987,0.403076171875,0.322998046875,0.333740234375,0.362060546875,0.380615234375,0.402099609375,-0.699951171875,0.02056947538682211,0.08548234504226813,-0.989257484664449,-0.11688589129306924,1.170654296875,-0.143310546875,0.183349609375,-0.109375,0.1173095703125,0.031982421875,-0.220703125,0.352783203125,1.1044921875,0.8984954374828333,-0.9872432630390332,0.15826899014252144,0.017212439344462416,0.013519699697866757,-0.027771843623157447,-0.03131199072237312,0.8163701284829249,-0.7463911862544633,0.9973143711661122,-39.5,-13.6875,-9.3125,-15.0390625,-0.44921875,-2.2890625,-39.625,-23.75,-6.5625,0,1,1126,1091,1998,1
4,262588,93,0.913510544145024,0.6162297433393353,0.3861507003997925,0.24823755607776116,0.1837519455549791,0.1836603900265511,-0.3130283516953032,-0.5692617572557757,-0.8089846491897336,-0.8565324869533372,-0.8581499679555651,-0.8484450819421979,-0.2598040711691641,-0.5442365794854579,-0.4432203131199072,-0.4524979400006104,-0.47941526535843987,-0.4963835566270943,0.38623046875,0.323974609375,0.34765625,0.380615234375,0.402099609375,0.424560546875,-0.731201171875,0.05407879879146703,0.10797448652607806,-0.9837031159398175,-0.13330484939115575,1.1767578125,-0.182373046875,0.235107421875,-0.12451171875,0.1053466796875,0.026123046875,-0.1790771484375,0.3546142578125,1.1199951171875,0.8901028473769341,-0.9920957060457167,0.1163060396130253,-0.04709006012146367,0.011444441053498948,-0.026581621753593555,-0.02706991790520951,0.8243354594561602,-0.6819666127506333,0.9977416302987762,-40.125,-13.6875,-9.5,-15.23046875,-0.44921875,-1.3515625,-39.5,-24.3125,-6.625,0,1,1159,1087,1998,1
4,262651,94,0.9265114291817987,0.5502792443617054,0.29175695059053314,0.1837519455549791,0.1836603900265511,0.18881801812799462,-0.3595995971556749,-0.6569719534897915,-0.8501235999633778,-0.8581499679555651,-0.8484450819421979,-0.8119754631183813,-0.1109042634357738,-0.5153355510116886,-0.43839838862269964,-0.47941526535843987,-0.4963835566270943,-0.5523239844965971,0.378173828125,0.320068359375,0.362060546875,0.402099609375,0.424560546875,0.451416015625,-0.8720703125,0.1183507797479171,0.13501388592181157,-0.9691457869197668,-0.16885891293069247,1.22119140625,-0.32080078125,0.4453125,-0.094482421875,0.0994873046875,0.0301513671875,-0.2203369140625,0.3621826171875,1.174560546875,0.8765831476790673,-0.9829096346934416,0.07535019989623706,-0.16788232062746056,0.010010071108127079,-0.02380443739127781,-0.026490066225165563,0.8559221167638172,-0.2455519272438734,0.9989928891872921,-41.1875,-13.6875,-9.6875,-15.859375,-0.69140625,-0.05078125,-39.375,-24.9375,-6.75,0,1,1377,1072,1999,1
4,262679,95,0.9152195806756798,0.4900967436750389,0.24823755607776116,0.1836603900265511,0.18881801812799462,0.18665120395519882,-0.40266121402630695,-0.7144688253425703,-0.8565324869533372,-0.8484450819421979,-0.8119754631183813,-0.7908871730704672,0.01467940305795465,-0.4993438520462661,-0.4524979400006104,-0.4963835566270943,-0.5523239844965971,-0.5828119754631184,0.362060546875,0.323486328125,0.380615234375,0.424560546875,0.451416015625,0.4775390625,-0.84765625,0.1598559526352733,0.14517654957731865,-0.9576708273567919,-0.19040498062074648,1.239501953125,-0.30029296875,0.521240234375,-0.048095703125,0.1026611328125,0.0126953125,-0.24267578125,0.365478515625,1.1961669921875,0.8684041871395001,-0.9671620838038271,0.06881923886837367,-0.24460585345011748,0.008514664143803218,-0.02151554918057802,-0.023194067201757866,0.8185369426557207,-0.7363811151463363,0.9974669637134922,-41.875,-13.6875,-9.75,-16.05859375,-0.921875,0.91015625,-39.25,-25.5,-6.875,0,1,1131,1090,1998,1
4,262740,96,0.902523880733665,0.434949797051912,0.1837519455549791,0.18881801812799462,0.18665120395519882,0.21485030671102023,-0.42909024323252054,-0.7583239234595782,-0.8581499679555651,-0.8119754631183813,-0.7908871730704672,-0.7375408185064242,0.03625598925748467,-0.48558000427259135,-0.47941526535843987,-0.5523239844965971,-0.5828119754631184,-0.6401867732779931,0.35595703125,0.333740234375,0.402099609375,0.451416015625,0.4775390625,0.509033203125,-1.026611328125,0.2540665913876766,0.15561387981810967,-0.9279763176366467,-0.2238227484969634,1.29931640625,-0.17822265625,0.59814453125,0.049072265625,0.1173095703125,0.000244140625,-0.3758544921875,0.375,1.2550048828125,0.8552507095553453,-0.9059724723044527,0.09222693563646352,-0.413190099795526,0.00836207159642323,-0.018219550157170323,-0.022247993408001952,0.8518936735129856,-0.3356730857264931,0.9989318521683401,-43.0,-13.75,-9.8125,-16.609375,-1.62109375,2.609375,-39.0625,-26.0625,-7.0,0,1,1332,1074,1999,1
4,262791,97,0.8876613666188543,0.3861507003997925,0.1836603900265511,0.18665120395519882,0.21485030671102023,0.24213385418256173,-0.4554277169103061,-0.8089846491897336,-0.8484450819421979,-0.7908871730704672,-0.7375408185064242,-0.716391491439558,-0.06805627613147373,-0.4432203131199072,-0.4963835566270943,-0.5828119754631184,-0.6401867732779931,-0.6543473616748559,0.341796875,0.34765625,0.424560546875,0.4775390625,0.509033203125,0.537109375,-0.911376953125,0.32639545884578997,0.15604113895077365,-0.9028595843379009,-0.23233741264076663,1.3193359375,-0.1181640625,0.323486328125,0.06591796875,0.104736328125,-0.0001220703125,-0.406005859375,0.3780517578125,1.263916015625,0.8491164891506698,-0.8344676046021913,0.12973418378246407,-0.5355693227942747,0.008056886501663259,-0.016174810022278514,-0.019104586931974244,0.8166753135776849,-0.7511215552232429,0.9974364452040162,-43.75,-13.8125,-9.8125,-16.5703125,-2.08984375,3.8984375,-38.875,-26.625,-7.0625,0,1,1124,1091,1998,1
4,262831,98,0.8640705587939085,0.29175695059053314,0.18881801812799462,0.21485030671102023,0.24213385418256173,0.2305368205816828,-0.4619586779381695,-0.8501235999633778,-0.8119754631183813,-0.7375408185064242,-0.716391491439558,-0.7077242347483749,-0.1999572740867336,-0.43839838862269964,-0.5523239844965971,-0.6401867732779931,-0.6543473616748559,-0.6678060243537706,0.337890625,0.362060546875,0.451416015625,0.509033203125,0.537109375,0.567626953125,-0.99462890625,0.3688467055269021,0.15311136204107792,-0.8867458113345744,-0.23282570879238257,1.35986328125,-0.05419921875,0.2275390625,0.089599609375,0.09228515625,-0.005859375,-0.3541259765625,0.38427734375,1.2867431640625,0.8420972319711906,-0.782036805322428,0.15579699087496568,-0.6034730063783684,0.00695822016052736,-0.014831995605334635,-0.01770073549607837,0.8352610858485672,-0.5789361247596667,0.9983520004882962,-44.5625,-13.875,-9.8125,-16.75,-2.46875,5.078125,-38.6875,-27.1875,-7.1875,0,1,1210,1082,1999,1
4,262883,99,0.7994628742332225,0.24823755607776116,0.18665120395519882,0.24213385418256173,0.2305368205816828,0.19302957243568225,-0.4596087527085177,-0.8565324869533372,-0.7908871730704672,-0.716391491439558,-0.7077242347483749,-0.6889858699301126,-0.3867915890987884,-0.4524979400006104,-0.5828119754631184,-0.6543473616748559,-0.6678060243537706,-0.6985992004150517,0.335693359375,0.380615234375,0.4775390625,0.537109375,0.567626953125,0.603759765625,-1.16796875,0.4062318796349986,0.14307077242347485,-0.8713339640491958,-0.23508407849360638,1.41015625,-0.140380859375,0.21875,0.085205078125,0.0845947265625,-0.0167236328125,-0.29736328125,0.391845703125,1.30859375,0.8318735312967315,-0.7303079317606128,0.19251075777459029,-0.6554155095065157,0.004913480025635548,-0.01272621845149083,-0.015472884304330577,0.8422803430280466,-0.488723410748619,0.9986266670735802,-45.6875,-14.0,-9.6875,-16.94140625,-2.78125,6.4296875,-38.4375,-27.6875,-7.3125,0,1,1255,1078,1999,1
4,262933,100,0.6828821680349132,0.1837519455549791,0.21485030671102023,0.2305368205816828,0.19302957243568225,0.16077150791955322,-0.511429181798761,-0.8581499679555651,-0.7375408185064242,-0.7077242347483749,-0.6889858699301126,-0.6574297311319315,-0.5216528824732201,-0.47941526535843987,-0.6401867732779931,-0.6678060243537706,-0.6985992004150517,-0.7361674855800042,0.322998046875,0.402099609375,0.509033203125,0.567626953125,0.603759765625,0.638671875,-1.139404296875,0.434522537919248,0.12622455519272438,-0.8578142643513291,-0.24378185369426558,1.4619140625,-0.15673828125,0.1611328125,0.117919921875,0.0694580078125,-0.004150390625,-0.2330322265625,0.4002685546875,1.3426513671875,0.8209479049043245,-0.6891689809869685,0.24103518784142583,-0.6833399456770531,0.0037537766655476546,-0.01098666341135899,-0.014587847529526658,0.8401745658742027,-0.5174718466750083,0.9985656300546282,-46.5625,-14.0625,-9.625,-17.3984375,-2.76171875,7.12890625,-38.25,-28.25,-7.4375,0,1,1241,1079,1999,1
4,262984,101,0.6162297433393353,0.1836603900265511,0.24213385418256173,0.19302957243568225,0.16077150791955322,0.12427137058626057,-0.5692617572557757,-0.8484450819421979,-0.716391491439558,-0.6889858699301126,-0.6574297311319315,-0.6156498916592914,-0.5442365794854579,-0.4963835566270943,-0.6543473616748559,-0.6985992004150517,-0.7361674855800042,-0.7781609546189764,0.323974609375,0.424560546875,0.537109375,0.603759765625,0.638671875,0.681884765625,-1.4013671875,0.46910000915555283,0.10571611682485428,-0.8406628620258186,-0.24912259285256508,1.52734375,-0.118408203125,0.314453125,0.1904296875,0.060791015625,0.015380859375,-0.1590576171875,0.4110107421875,1.385498046875,0.8034607989745781,-0.6322519608142338,0.2960600604266488,-0.7159642323068941,0.0024414807580797754,-0.008789330729087191,-0.012695699942014832,0.8566850795007172,-0.2555925168614765,0.9990844447157201,-47.75,-14.125,-9.5,-18.01953125,-2.578125,7.9296875,-37.9375,-28.8125,-7.5,0,1,1372,1071,1999,1
4,263038,102,0.5502792443617054,0.18881801812799462,0.2305368205816828,0.16077150791955322,0.12427137058626057,0.14285714285714285,-0.6569719534897915,-0.8119754631183813,-0.7077242347483749,-0.6574297311319315,-0.6156498916592914,-0.5696890163884396,-0.5153355510116886,-0.5523239844965971,-0.6678060243537706,-0.7361674855800042,-0.7781609546189764,-0.8093508713034455,0.320068359375,0.451416015625,0.567626953125,0.638671875,0.681884765625,0.72216796875,-1.3134765625,0.5246436964018677,0.08389538254951628,-0.8090762047181616,-0.2511368144779809,1.567626953125,-0.20458984375,0.48095703125,0.1689453125,0.074951171875,0.0457763671875,-0.2552490234375,0.4178466796875,1.4100341796875,0.7883846552934355,-0.5297402874843593,0.3632923368022706,-0.7664113284707175,0.0024414807580797754,-0.007232886745811335,-0.011688589129306926,0.86901455732902,0.006256294442579424,0.9993591113010041,-48.6875,-14.1875,-9.4375,-18.3984375,-2.37890625,8.4296875,-37.6875,-29.3125,-7.625,0,1,1503,1065,1999,1
4,263085,103,0.4900967436750389,0.18665120395519882,0.19302957243568225,0.12427137058626057,0.14285714285714285,0.19492172002319408,-0.7144688253425703,-0.7908871730704672,-0.6889858699301126,-0.6156498916592914,-0.5696890163884396,-0.5205542161320841,-0.4993438520462661,-0.5828119754631184,-0.6985992004150517,-0.7781609546189764,-0.8093508713034455,-0.8312631611072115,0.323486328125,0.4775390625,0.603759765625,0.681884765625,0.72216796875,0.773681640625,-1.67138671875,0.5944700460829493,0.06881923886837367,-0.7625049592577898,-0.24588763084810938,1.591552734375,-0.048828125,0.65380859375,0.197265625,0.08837890625,0.0513916015625,-0.4332275390625,0.4212646484375,1.39697265625,0.7692495498519852,-0.38169499801629686,0.4184087649159215,-0.8241523483993042,0.002563554795983764,-0.005523850215155492,-0.009765923032319102,0.8674886318552202,-0.03286843470564898,0.9993285927915281,-50.0625,-14.25,-9.25,-18.26953125,-2.1484375,9.46875,-37.4375,-29.8125,-7.75,0,1,1483,1066,1999,1
4,263136,104,0.434949797051912,0.21485030671102023,0.16077150791955322,0.14285714285714285,0.19492172002319408,0.28534806360057374,-0.7583239234595782,-0.7375408185064242,-0.6574297311319315,-0.5696890163884396,-0.5205542161320841,-0.5173192541276284,-0.48558000427259135,-0.6401867732779931,-0.7361674855800042,-0.8093508713034455,-0.8312631611072115,-0.8068178350169378,0.333740234375,0.509033203125,0.638671875,0.72216796875,0.773681640625,0.817138671875,-1.41259765625,0.6653645435956907,0.06936857203894162,-0.7087313455610827,-0.22397534104434338,1.5712890625,0.010498046875,0.581787109375,0.143310546875,0.10205078125,0.07373046875,-0.58984375,0.41650390625,1.34716796875,0.7578051087984863,-0.20804467909787286,0.4324777977843562,-0.8773155919064913,0.003204443494979705,-0.004913480025635548,-0.008392590105899229,0.869075594347972,0.008575701162755212,0.9993591113010041,-51.0,-14.3125,-9.125,-17.6015625,-2.1015625,10.1484375,-37.125,-30.3125,-7.875,0,1,1504,1065,1999,1
4,263190,105,0.3861507003997925,0.24213385418256173,0.12427137058626057,0.19492172002319408,0.28534806360057374,0.35593737601855524,-0.8089846491897336,-0.716391491439558,-0.6156498916592914,-0.5205542161320841,-0.5173192541276284,-0.5138706625568408,-0.4432203131199072,-0.6543473616748559,-0.7781609546189764,-0.8312631611072115,-0.8068178350169378,-0.7805413983581042,0.34765625,0.537109375,0.681884765625,0.773681640625,0.817138671875,0.86962890625,-1.707275390625,0.7224036378063295,0.07287820062868129,-0.6571245460371715,-0.20242927335428937,1.51123046875,0.04736328125,0.39599609375,0.1123046875,0.097900390625,0.0743408203125,-0.6510009765625,0.403564453125,1.2440185546875,0.7437971129490035,-0.05026398510696738,0.42976165044099246,-0.9015472884304331,0.0032349620044557024,-0.004150517288735618,-0.0067445905941953795,0.8672444837794122,-0.0390942106387524,0.9993285927915281,-52.25,-14.3125,-8.8125,-16.26171875,-1.859375,10.87109375,-36.8125,-30.8125,-7.9375,0,1,1480,1066,1999,1
4,263236,106,0.29175695059053314,0.2305368205816828,0.14285714285714285,0.28534806360057374,0.35593737601855524,0.39503158665730764,-0.8501235999633778,-0.7077242347483749,-0.5696890163884396,-0.5173192541276284,-0.5138706625568408,-0.5189062166203803,-0.43839838862269964,-0.6678060243537706,-0.8093508713034455,-0.8068178350169378,-0.7805413983581042,-0.7580797753837702,0.362060546875,0.567626953125,0.72216796875,0.817138671875,0.86962890625,0.913330078125,-1.420654296875,0.7542039246803186,0.07638782921842097,-0.6247444074831385,-0.18720053712576679,1.471923828125,0.072021484375,0.172607421875,0.050048828125,0.0654296875,0.054931640625,-0.52734375,0.39501953125,1.183349609375,0.7317728202154606,0.0456251716666158,0.4198736533707694,-0.9064302499465926,0.003204443494979705,-0.003784295175023652,-0.005890072328867458,0.8607135227515488,-0.17673268837549974,0.9991760002441481,-53.0625,-14.3125,-8.625,-15.53125,-1.5,11.078125,-36.5,-31.3125,-8.0625,0,1,1411,1069,1999,1
4,263287,107,0.24823755607776116,0.19302957243568225,0.19492172002319408,0.35593737601855524,0.39503158665730764,0.412732322153386,-0.8565324869533372,-0.6889858699301126,-0.5205542161320841,-0.5138706625568408,-0.5189062166203803,-0.5121616260261849,-0.4524979400006104,-0.6985992004150517,-0.8312631611072115,-0.7805413983581042,-0.7580797753837702,-0.7532273323770867,0.380615234375,0.603759765625,0.773681640625,0.86962890625,0.913330078125,0.968994140625,-1.80908203125,0.7728507339701529,0.08130130924405653,-0.6035035248878444,-0.17862483596301157,1.469970703125,0.005615234375,0.21240234375,0.009521484375,0.054931640625,0.05712890625,-0.4259033203125,0.392333984375,1.1683349609375,0.7013763847773675,0.10556352427747429,0.40726950895718256,-0.9071932126834925,0.0027771843623157445,-0.003173924985503708,-0.004882961516159551,0.8675801873836482,-0.03503524887844478,0.9993285927915281,-54.25,-14.3125,-8.25,-15.48046875,-0.859375,11.171875,-36.125,-31.8125,-8.1875,0,1,1482,1066,1999,1
4,263339,108,0.1837519455549791,0.16077150791955322,0.28534806360057374,0.39503158665730764,0.412732322153386,0.4491714224677267,-0.8581499679555651,-0.6574297311319315,-0.5173192541276284,-0.5189062166203803,-0.5121616260261849,-0.48756370738853116,-0.47941526535843987,-0.7361674855800042,-0.8068178350169378,-0.7580797753837702,-0.7532273323770867,-0.7486800744651632,0.402099609375,0.638671875,0.817138671875,0.913330078125,0.968994140625,1.018798828125,-1.61376953125,0.7921384319589831,0.08072145756401257,-0.5770439771721549,-0.18170720542008728,1.511962890625,-0.0576171875,0.391845703125,-0.00048828125,0.0379638671875,0.04345703125,-0.35791015625,0.3985595703125,1.211181640625,0.6689657277138584,0.16434217352824487,0.4185613574633015,-0.8932157353434859,0.0026551103244117557,-0.002685628833887753,-0.004333628345591601,0.8667867061372723,-0.0511490218817713,0.9992980742820521,-55.1875,-14.25,-8.0625,-16.16015625,-0.390625,11.1796875,-35.8125,-32.25,-8.3125,0,1,1474,1066,1999,1
4,263390,109,0.1836603900265511,0.12427137058626057,0.35593737601855524,0.412732322153386,0.4491714224677267,0.5277260658589434,-0.8484450819421979,-0.6156498916592914,-0.5138706625568408,-0.5121616260261849,-0.48756370738853116,-0.4530472731711783,-0.4963835566270943,-0.7781609546189764,-0.7805413983581042,-0.7532273323770867,-0.7486800744651632,-0.7184972685934019,0.424560546875,0.681884765625,0.86962890625,0.968994140625,1.018798828125,1.083984375,-2.1220703125,0.826105533005768,0.0848109378337962,-0.5260780663472396,-0.18335520493179114,1.56103515625,-0.01318359375,0.4814453125,0.009521484375,0.0601806640625,0.0364990234375,-0.5166015625,0.4058837890625,1.27197265625,0.6134220404675436,0.2730491042817469,0.42967009491256447,-0.8607135227515488,0.002563554795983764,-0.0021057771538438063,-0.0034180730613116855,0.8739585558641316,0.11029389324625385,0.9994506668294321,-56.5625,-14.125,-7.875,-17.078125,0.1484375,10.9609375,-35.4375,-32.75,-8.375,0,1,1555,1063,1999,1
4,263440,110,0.18881801812799462,0.14285714285714285,0.39503158665730764,0.4491714224677267,0.5277260658589434,0.6221808526871547,-0.8119754631183813,-0.5696890163884396,-0.5189062166203803,-0.48756370738853116,-0.4530472731711783,-0.44035157322916346,-0.5523239844965971,-0.8093508713034455,-0.7580797753837702,-0.7486800744651632,-0.7184972685934019,-0.6472975859859005,0.451416015625,0.72216796875,0.913330078125,1.018798828125,1.083984375,1.138427734375,-1.770751953125,0.8642841883602405,0.0935087130344554,-0.4621417889950255,-0.17511520737327188,1.5556640625,0.0322265625,0.5322265625,0.054931640625,0.0838623046875,0.0294189453125,-0.6424560546875,0.404296875,1.286865234375,0.5692007202368237,0.4049806207464827,0.4279610583819086,-0.8079775383770257,0.002685628833887753,-0.0018005920590838343,-0.0027466658528397473,0.8714865565965758,0.07080294198431349,0.9994201483199561,-57.5625,-14.0,-7.75,-17.30078125,0.33984375,10.46875,-35.0625,-33.1875,-8.5,0,1,1535,1064,1999,1
4,263491,111,0.18665120395519882,0.19492172002319408,0.412732322153386,0.5277260658589434,0.6221808526871547,0.6966765343180639,-0.7908871730704672,-0.5205542161320841,-0.5121616260261849,-0.4530472731711783,-0.44035157322916346,-0.4372997222815638,-0.5828119754631184,-0.8312631611072115,-0.7532273323770867,-0.7184972685934019,-0.6472975859859005,-0.5686819055757317,0.4775390625,0.773681640625,0.968994140625,1.083984375,1.138427734375,1.20654296875,-2.20751953125,0.8970915860469375,0.10101626636555071,-0.3999755851924192,-0.15829950865199743,1.486083984375,0.01806640625,0.39404296875,0.100830078125,0.0753173828125,0.036865234375,-0.705810546875,0.390625,1.259765625,0.5016632587664418,0.5296487319559313,0.4106570635090182,-0.7421796319467757,0.0025025177770317698,-0.0015259254737998596,-0.0020142216254158147,0.870113223670156,0.07046723838007751,0.9994201483199561,-59.0,-13.875,-7.625,-16.98046875,0.66015625,9.19140625,-34.625,-33.625,-8.625,0,1,1535,1064,1999,1
4,263531,112,0.21485030671102023,0.28534806360057374,0.4491714224677267,0.6221808526871547,0.6966765343180639,0.7284768211920529,-0.7375408185064242,-0.5173192541276284,-0.48756370738853116,-0.44035157322916346,-0.4372997222815638,-0.4448377941221351,-0.6401867732779931,-0.8068178350169378,-0.7486800744651632,-0.6472975859859005,-0.5686819055757317,-0.521011993774224,0.509033203125,0.817138671875,1.018798828125,1.138427734375,1.20654296875,1.26025390625,-1.752197265625,0.9151890621662038,0.09988708151493882,-0.3637501144444105,-0.14185003204443494,1.439208984375,0.04296875,0.232666015625,0.1611328125,0.058837890625,0.0308837890625,-0.6466064453125,0.382080078125,1.247802734375,0.4517654957731864,0.6030152287362285,0.39274269844660786,-0.6943571275978881,0.002349925229651784,-0.0014038514358958708,-0.0016479995117038484,0.8467970824304941,-0.29584643086031676,0.9990539262062441,-59.9375,-13.75,-7.5625,-16.87109375,0.98046875,8.03125,-34.25,-34.0625,-8.75,0,1,1352,1076,1999,1
4,263582,113,0.24213385418256173,0.35593737601855524,0.5277260658589434,0.6966765343180639,0.7284768211920529,0.7418744468520158,-0.716391491439558,-0.5138706625568408,-0.4530472731711783,-0.4372997222815638,-0.4448377941221351,-0.47859126560258797,-0.6543473616748559,-0.7805413983581042,-0.7184972685934019,-0.5686819055757317,-0.521011993774224,-0.46964934232612077,0.537109375,0.86962890625,1.083984375,1.20654296875,1.26025390625,1.312744140625,-1.70166015625,0.9297463911862545,0.1032441175572985,-0.3347880489516892,-0.11319315164647359,1.418212890625,0.060302734375,0.223388671875,0.16845703125,0.0548095703125,0.0482177734375,-0.58740234375,0.37841796875,1.2545166015625,0.40461439863277077,0.6705832087160863,0.3469649342326121,-0.6556901760917997,0.0021668141727958007,-0.0013733329264198737,-0.0013428144169438765,0.8372447889645069,-0.3198339793084506,0.9990234076967681,-60.875,-13.6875,-7.5625,-17.01171875,1.30859375,6.98828125,-33.8125,-34.4375,-8.8125,0,1,1340,1081,1999,1
4,263632,114,0.2305368205816828,0.39503158665730764,0.6221808526871547,0.7284768211920529,0.7418744468520158,0.7574083681752983,-0.7077242347483749,-0.5189062166203803,-0.44035157322916346,-0.4448377941221351,-0.47859126560258797,-0.4929960020752586,-0.6678060243537706,-0.7580797753837702,-0.6472975859859005,-0.521011993774224,-0.46964934232612077,-0.4281441694387646,0.567626953125,0.913330078125,1.138427734375,1.26025390625,1.312744140625,1.388916015625,-2.4794921875,0.9415875728629414,0.10226752525406659,-0.3079317606128117,-0.09012115848261971,1.454345703125,-0.09619140625,0.24951171875,0.09130859375,0.0440673828125,0.0736083984375,-0.5069580078125,0.385498046875,1.3189697265625,0.3232520523697623,0.7271340067751091,0.3074434644611957,-0.6137882625812555,0.0018616290780358287,-0.0011902218695638905,-0.0010376293221839045,0.8438367870113224,-0.1966917935728019,0.9991760002441481,-62.4375,-13.5,-7.6875,-17.98046875,2.03125,5.48046875,-33.375,-34.875,-8.9375,0,1,1401,1078,1999,1
4,263685,115,0.19302957243568225,0.412732322153386,0.6966765343180639,0.7418744468520158,0.7574083681752983,0.7917111728263192,-0.6889858699301126,-0.5121616260261849,-0.4372997222815638,-0.47859126560258797,-0.4929960020752586,-0.48493911557359537,-0.6985992004150517,-0.7532273323770867,-0.5686819055757317,-0.46964934232612077,-0.4281441694387646,-0.3715018158513138,0.603759765625,0.968994140625,1.20654296875,1.312744140625,1.388916015625,1.447021484375,-1.889404296875,0.956663716544084,0.09198278756065553,-0.2639545884578997,-0.08163701284829249,1.498291015625,-0.063720703125,0.47412109375,0.033203125,0.029296875,0.05615234375,-0.38671875,0.39453125,1.374755859375,0.271706289864803,0.7872249519333476,0.304483169042024,-0.5362407300027466,0.00173955504013184,-0.0010376293221839045,-0.000793481246375927,0.8171941282387768,-0.24750511185033722,0.9991454817346721,-63.5,-13.3125,-7.875,-18.78125,2.46875,4.5390625,-32.9375,-35.25,-9.0625,0,1,1376,1091,1999,1
4,263734,116,0.16077150791955322,0.4491714224677267,0.7284768211920529,0.7574083681752983,0.7917111728263192,0.8483840449232459,-0.6574297311319315,-0.48756370738853116,-0.4448377941221351,-0.4929960020752586,-0.48493911557359537,-0.46348460341196934,-0.7361674855800042,-0.7486800744651632,-0.521011993774224,-0.4281441694387646,-0.3715018158513138,-0.2557145908993805,0.638671875,1.018798828125,1.26025390625,1.388916015625,1.447021484375,1.53173828125,-2.7529296875,0.9753410443433943,0.08655049287392803,-0.18881801812799462,-0.07464827417828913,1.58837890625,-0.07958984375,0.566650390625,-0.011962890625,0.0587158203125,0.051025390625,-0.6009521484375,0.41357421875,1.4796142578125,0.18131046479689933,0.8647419660023804,0.30176702169866026,-0.4014099551377911,0.0015564439832758568,-0.0008545182653279214,-0.0004577776421399579,0.7045808282723471,-0.0793176061281167,0.9994506668294321,-65.25,-13.0625,-8.25,-20.2109375,2.96875,3.01953125,-32.5,-35.625,-9.1875,0,1,1460,1147,1999,1
4,263784,117,0.12427137058626057,0.5277260658589434,0.7418744468520158,0.7917111728263192,0.8483840449232459,0.8875392925809503,-0.6156498916592914,-0.4530472731711783,-0.47859126560258797,-0.48493911557359537,-0.46348460341196934,-0.4447462385937071,-0.7781609546189764,-0.7184972685934019,-0.46964934232612077,-0.3715018158513138,-0.2557145908993805,-0.12027344584490493,0.681884765625,1.083984375,1.312744140625,1.447021484375,1.53173828125,1.593017578125,-1.9873046875,0.989013336588641,0.07724234748374889,-0.10388500625629445,-0.07132175664540544,1.614013671875,-0.193359375,0.500244140625,-0.011962890625,0.093994140625,0.062255859375,-0.866943359375,0.42041015625,1.512939453125,0.1259804071169164,0.9205298013245033,0.30912198248237555,-0.23883785515915404,0.0014648884548478652,-0.0007324442274239326,-0.00018311105685598315,0.5720694601275673,0.08169804986724448,0.999572740867336,-66.375,-12.875,-8.5,-20.6796875,3.3203125,1.25,-32.0,-36.0,-9.25,0,1,1540,1213,1999,1
4,263839,118,0.14285714285714285,0.6221808526871547,0.7574083681752983,0.8483840449232459,0.8875392925809503,0.9069185460982085,-0.5696890163884396,-0.44035157322916346,-0.4929960020752586,-0.46348460341196934,-0.4447462385937071,-0.42014831995605334,-0.8093508713034455,-0.6472975859859005,-0.4281441694387646,-0.2557145908993805,-0.12027344584490493,-0.030823694570757166,0.72216796875,1.138427734375,1.388916015625,1.53173828125,1.593017578125,1.681884765625,-2.88623046875,0.9945371868037965,0.05935850093081454,-0.04727317117831965,-0.07165746024964141,1.700927734375,-0.109375,0.071044921875,-0.014892578125,0.0623779296875,0.06103515625,-0.7874755859375,0.44189453125,1.5723876953125,0.0336924344615009,0.9421674245429853,0.31254005554368725,-0.12100589007232887,0.001281777397991882,-0.0005798516800439467,-3.051850947599719e-05,0.6972869045075839,-0.2000793481246376,0.9985045930356762,-68.25,-12.5625,-9.125,-21.5703125,4.26953125,-2.328125,-31.5625,-36.3125,-9.375,0,1,1399,1151,1999,1
4,263885,119,0.19492172002319408,0.6966765343180639,0.7917111728263192,0.8875392925809503,0.9069185460982085,0.9124729148228401,-0.5205542161320841,-0.4372997222815638,-0.48493911557359537,-0.4447462385937071,-0.42014831995605334,-0.4084597308267464,-0.8312631611072115,-0.5686819055757317,-0.3715018158513138,-0.12027344584490493,-0.030823694570757166,-0.02359080782494583,0.773681640625,1.20654296875,1.447021484375,1.593017578125,1.681884765625,1.746337890625,-2.09521484375,0.9950254829554125,0.05206457716605121,-0.04367198706015198,-0.0727561265907773,1.78076171875,0.044189453125,-0.006103515625,0.006591796875,0.040771484375,0.025634765625,-0.4442138671875,0.462158203125,1.6229248046875,1.0,0.9442121646778772,0.31037324137089145,-0.11004974517044587,0.0011597033600878933,-0.0005188146610919523,-3.051850947599719e-05,-0.28644672994170967,-0.717734305856502,0.9952391125217445,-69.375,-12.3125,-9.6875,-22.26171875,4.671875,-4.3203125,-31.0625,-36.6875,-9.5,0,1,1141,1643,1997,1
4,263936,120,0.28534806360057374,0.7284768211920529,0.8483840449232459,0.9069185460982085,0.9124729148228401,0.9161351359599598,-0.5173192541276284,-0.4448377941221351,-0.46348460341196934,-0.42014831995605334,-0.4084597308267464,-0.4003112887966552,-0.8068178350169378,-0.521011993774224,-0.2557145908993805,-0.030823694570757166,-0.02359080782494583,0.020905178991058076,0.817138671875,1.26025390625,1.53173828125,1.681884765625,1.746337890625,1.84375,-3.16552734375,0.9960936307870724,0.049073763237403485,-0.027222510452589496,-0.06811731315042574,1.896728515625,-0.127685546875,0.25732421875,0.021484375,0.0335693359375,0.0228271484375,-0.3616943359375,0.4947509765625,1.7003173828125,1.0,0.9530014954069643,0.293343913083285,-0.07556382946256905,0.0009765923032319102,-0.0004272591326639607,3.051850947599719e-05,0.7460249641407514,0.013794366283150731,0.9988708151493881,-71.375,-11.875,-10.75,-23.30859375,5.3984375,-5.9609375,-30.5625,-37.0,-9.625,0,1,1506,1126,1999,1
4,263987,121,0.35593737601855524,0.7418744468520158,0.8875392925809503,0.9124729148228401,0.9161351359599598,0.9102145451216163,-0.5138706625568408,-0.47859126560258797,-0.4447462385937071,-0.4084597308267464,-0.4003112887966552,-0.4028748435926389,-0.7805413983581042,-0.46964934232612077,-0.12027344584490493,-0.02359080782494583,0.020905178991058076,0.09601123081148717,0.86962890625,1.312744140625,1.593017578125,1.746337890625,1.84375,1.9130859375,-2.255859375,0.9975280007324442,0.02444532609027375,0.02121036408581805,-0.06216620380260628,1.96240234375,-0.3037109375,0.266357421875,0.01513671875,0.06591796875,0.0299072265625,-0.61767578125,0.5150146484375,1.7412109375,1.0,0.9594714194158758,0.2800988799707022,0.03064058351390118,0.0008850367748039186,-0.0003967406231879635,9.155552842799158e-05,-0.4520706808679464,-0.5695059053315836,0.9903561510055849,-72.625,-11.625,-11.5,-23.83984375,5.73046875,-7.05078125,-30.0625,-37.3125,-9.6875,0,1,1215,1726,1995,1
4,264037,122,0.39503158665730764,0.7574083681752983,0.9069185460982085,0.9161351359599598,0.9102145451216163,0.8995635853144932,-0.5189062166203803,-0.4929960020752586,-0.42014831995605334,-0.4003112887966552,-0.4028748435926389,-0.413037507248146,-0.7580797753837702,-0.4281441694387646,-0.030823694570757166,0.020905178991058076,0.09601123081148717,0.14194158757286293,0.913330078125,1.388916015625,1.681884765625,1.84375,1.9130859375,1.99951171875,-2.807861328125,0.9965514084292123,-0.01815851313821833,0.059389019440290534,-0.05526902066103091,2.061767578125,-0.135009765625,0.308837890625,0.0498046875,0.05517578125,0.0504150390625,-0.5341796875,0.5465087890625,1.7779541015625,0.999938962981048,0.9589831232642597,0.25519577623828854,0.12347788933988464,0.0007629627368999298,-0.0003357036042359691,0.00012207403790398877,0.4908291879024628,0.00424207281716361,0.9945371868037965,-74.25,-11.25,-12.625,-24.2890625,6.05078125,-9.578125,-29.5,-37.5625,-9.8125,0,1,1502,1254,1997,1
4,264088,123,0.412732322153386,0.7917111728263192,0.9124729148228401,0.9102145451216163,0.8995635853144932,0.8734702597125157,-0.5121616260261849,-0.48493911557359537,-0.4084597308267464,-0.4028748435926389,-0.413037507248146,-0.4314401684621723,-0.7532273323770867,-0.3715018158513138,-0.02359080782494583,0.09601123081148717,0.14194158757286293,0.22559282204657125,0.968994140625,1.447021484375,1.746337890625,1.9130859375,1.99951171875,2.061767578125,-2.024658203125,0.9928586687826166,-0.02816858424634541,0.10702841273232215,-0.044709616382335886,2.125244140625,-0.060302734375,0.26611328125,0.04443359375,0.074462890625,0.0528564453125,-0.642822265625,0.5677490234375,1.8021240234375,0.999786370433668,0.9492172002319407,0.22540971098971527,0.2194891201513718,0.0006714072084719382,-0.0003357036042359691,0.00018311105685598315,-0.7469405194250313,-0.8943144016846217,0.9708243049409467,-75.25,-11.0,-13.4375,-24.5703125,6.12890625,-11.05078125,-29.0,-37.875,-9.9375,0,1,1052,1873,1985,1
4,264138,124,0.4491714224677267,0.8483840449232459,0.9161351359599598,0.8995635853144932,0.8734702597125157,0.837916196172979,-0.48756370738853116,-0.46348460341196934,-0.4003112887966552,-0.413037507248146,-0.4314401684621723,-0.445783867915891,-0.7486800744651632,-0.2557145908993805,0.020905178991058076,0.14194158757286293,0.22559282204657125,0.314859462263863,1.018798828125,1.53173828125,1.84375,1.99951171875,2.061767578125,2.140625,-2.56005859375,0.9873653370769372,-0.0304269539475692,0.15146336252937406,-0.0348216193121128,2.237060546875,0.03955078125,0.35791015625,0.06640625,0.0557861328125,0.04296875,-0.5399169921875,0.605224609375,1.8394775390625,0.9990234076967681,0.9319132053590503,0.195898312326426,0.3051850947599719,0.0005798516800439467,-0.0003051850947599719,0.00021362956633198035,-0.35648670918912323,0.21930600909451584,0.9971617786187322,-76.6875,-10.625,-14.625,-25.0,6.1796875,-13.51171875,-28.5,-38.125,-10.0625,0,1,1609,1678,1998,1
4,264189,125,0.5277260658589434,0.8875392925809503,0.9102145451216163,0.8734702597125157,0.837916196172979,0.7913144322031312,-0.4530472731711783,-0.4447462385937071,-0.4028748435926389,-0.4314401684621723,-0.445783867915891,-0.45567186498611406,-0.7184972685934019,-0.12027344584490493,0.09601123081148717,0.22559282204657125,0.314859462263863,0.4076052125614185,1.083984375,1.593017578125,1.9130859375,2.061767578125,2.140625,2.19921875,-1.904541015625,0.979125339518418,-0.025025177770317698,0.19989623706778162,-0.02685628833887753,2.31494140625,-0.085693359375,0.186767578125,0.0048828125,0.089599609375,0.0550537109375,-0.705078125,0.632080078125,1.869140625,0.9980468153935361,0.902096621601001,0.17514572588274788,0.3944212164677877,0.0005188146610919523,-0.0003051850947599719,0.00027466658528397473,-0.8601031525620288,0.20810571611682485,0.8493606372264778,-77.5625,-10.4375,-15.5,-25.3515625,6.19140625,-14.98828125,-27.9375,-38.375,-10.125,0,1,1604,1930,1924,1
4,264250,126,0.6221808526871547,0.9069185460982085,0.8995635853144932,0.837916196172979,0.7913144322031312,0.7876827295754876,-0.44035157322916346,-0.42014831995605334,-0.413037507248146,-0.445783867915891,-0.45567186498611406,-0.4425794244209113,-0.6472975859859005,-0.030823694570757166,0.14194158757286293,0.314859462263863,0.4076052125614185,0.42854091006195255,1.138427734375,1.681884765625,1.99951171875,2.140625,2.19921875,2.274658203125,-2.45654296875,0.9803155613879818,-0.013245033112582781,0.19507431257057406,-0.027161473433637503,2.470703125,0.54345703125,-0.404296875,-0.072021484375,0.068359375,0.06591796875,-0.5533447265625,0.685791015625,1.9239501953125,0.9950254829554125,0.9074678792687765,0.1748405407879879,0.3820307016205329,0.0004577776421399579,-0.00024414807580797754,0.00024414807580797754,-0.27222510452589493,-0.9420758690145573,0.9656666768395031,-78.8125,-10.125,-16.8125,-26.01953125,6.26171875,-17.76171875,-27.375,-38.5625,-10.25,0,1,1028,1636,1982,1
4,264280,127,0.6966765343180639,0.9124729148228401,0.8734702597125157,0.7913144322031312,0.7876827295754876,0.8244880520035401,-0.4372997222815638,-0.4084597308267464,-0.4314401684621723,-0.45567186498611406,-0.4425794244209113,-0.38633381145664847,-0.5686819055757317,-0.02359080782494583,0.22559282204657125,0.4076052125614185,0.42854091006195255,0.413434247871334,1.20654296875,1.746337890625,2.061767578125,2.19921875,2.274658203125,2.3310546875,-1.83203125,0.9870601519821772,0.035920285653248694,0.15079195532090212,-0.04086428418836024,2.533935546875,0.71533203125,-0.84716796875,-0.139892578125,0.0347900390625,0.0472412109375,-0.3011474609375,0.71142578125,1.9346923828125,0.9924314096499527,0.9352092043824579,0.21393475142674032,0.28217413861507,0.0004577776421399579,-0.00021362956633198035,0.00021362956633198035,-0.7989440595721305,0.717886898403882,0.9901120029297769,-79.625,-9.9375,-17.8125,-26.140625,6.359375,-19.01171875,-26.875,-38.8125,-10.375,0,1,1858,1899,1995,1
4,264342,128,0.7284768211920529,0.9161351359599598,0.837916196172979,0.7876827295754876,0.8244880520035401,0.9508346812341685,-0.4448377941221351,-0.4003112887966552,-0.445783867915891,-0.4425794244209113,-0.38633381145664847,-0.2633136997589038,-0.521011993774224,0.020905178991058076,0.314859462263863,0.42854091006195255,0.413434247871334,0.162938322092349,1.26025390625,1.84375,2.140625,2.274658203125,2.3310546875,2.387939453125,-1.8505859375,0.9859920041505172,0.13333536790063175,-0.04522843104342784,-0.08938871425519578,2.42236328125,0.364013671875,-0.935791015625,-0.143310546875,0.070556640625,-0.0433349609375,0.85595703125,0.69091796875,1.8662109375,0.9902340769676808,0.9499801629688406,0.27768791772209844,-0.14297921689504683,0.0004882961516159551,-0.00012207403790398877,9.155552842799158e-05,-0.08883938108462783,0.25736259041108434,0.9029511398663289,-80.3125,-9.75,-19.625,-25.16015625,5.91015625,-17.98828125,-26.3125,-39.0,-10.5,0,1,1628,1544,1951,1
4,264383,129,0.7418744468520158,0.9102145451216163,0.7913144322031312,0.8244880520035401,0.9508346812341685,0.9748527481917784,-0.47859126560258797,-0.4028748435926389,-0.45567186498611406,-0.38633381145664847,-0.2633136997589038,-0.22049623096407972,-0.46964934232612077,0.09601123081148717,0.4076052125614185,0.413434247871334,0.162938322092349,0.032685323648792994,1.312744140625,1.9130859375,2.19921875,2.3310546875,2.387939453125,2.427978515625,-1.299072265625,0.9681997131260109,0.17963194677571948,-0.13461714529862362,-0.11041596728415784,2.22314453125,0.700439453125,-0.162841796875,-0.049072265625,0.048095703125,-0.0211181640625,0.819091796875,0.64404296875,1.7955322265625,0.9925840021973327,0.9013641773735771,0.2729880672627949,-0.33619190038758506,0.0004577776421399579,-9.155552842799158e-05,3.051850947599719e-05,-0.07123020111697745,-0.9082003234962004,0.9443647572252571,-80.625,-9.6875,-20.8125,-24.12109375,5.078125,-15.08984375,-25.75,-39.1875,-10.5625,0,1,1045,1535,1972,1
4,264433,130,0.7574083681752983,0.8995635853144932,0.7876827295754876,0.9508346812341685,0.9748527481917784,0.9703970458082827,-0.4929960020752586,-0.413037507248146,-0.4425794244209113,-0.2633136997589038,-0.22049623096407972,-0.20682393871883298,-0.4281441694387646,0.14194158757286293,0.42854091006195255,0.162938322092349,0.032685323648792994,0.12460707419049653,1.388916015625,1.99951171875,2.274658203125,2.387939453125,2.427978515625,2.478515625,-1.639404296875,0.9447920163579211,0.2870265816217536,-0.13238929410687583,-0.08645893734550004,1.747314453125,0.671142578125,0.42822265625,0.063720703125,0.0335693359375,-0.0205078125,0.5029296875,0.5408935546875,1.3438720703125,0.9855037079989013,0.9166844691305277,0.17990661336100344,-0.3568224127933592,0.0004272591326639607,-9.155552842799158e-05,6.103701895199438e-05,0.13180944242683187,-0.29496139408551286,0.9878231147190771,-81.0,-9.25,-22.125,-18.12109375,4.69140625,-12.87109375,-25.1875,-39.3125,-10.6875,0,1,1352,1434,1993,1
4,264483,131,0.7917111728263192,0.8734702597125157,0.8244880520035401,0.9748527481917784,0.9703970458082827,0.9146397289956358,-0.48493911557359537,-0.4314401684621723,-0.38633381145664847,-0.22049623096407972,-0.20682393871883298,-0.2009949034089175,-0.3715018158513138,0.22559282204657125,0.413434247871334,0.032685323648792994,0.12460707419049653,0.35077974791711175,1.447021484375,2.061767578125,2.3310546875,2.427978515625,2.478515625,2.524658203125,-1.498779296875,0.9366740928373058,0.3448286385692923,-0.05069124423963134,-0.03411969359416486,1.262939453125,-0.254150390625,0.61962890625,0.02734375,0.0753173828125,0.0267333984375,-0.1463623046875,0.4669189453125,0.78271484375,0.9519638660847805,0.9762871181371502,0.10998870815149388,-0.18646809289834285,0.0003967406231879635,-9.155552842799158e-05,0.00015259254737998596,-0.9139378032776879,0.5021210364085819,-0.6071657460249641,-81.0625,-8.6875,-23.9375,-10.73046875,4.609375,-11.5390625,-24.5625,-39.4375,-10.8125,0,1,1751,1956,1196,1
4,264534,132,0.8483840449232459,0.837916196172979,0.9508346812341685,0.9703970458082827,0.9146397289956358,0.858485671559801,-0.46348460341196934,-0.445783867915891,-0.2633136997589038,-0.20682393871883298,-0.2009949034089175,-0.2514419995727409,-0.2557145908993805,0.314859462263863,0.162938322092349,0.12460707419049653,0.35077974791711175,0.4469740897854549,1.53173828125,2.140625,2.387939453125,2.478515625,2.524658203125,2.54638671875,-0.712890625,0.9589220862453077,0.28312021240882596,0.010528885769219032,-0.013611255226294748,1.08935546875,-0.4609375,0.222900390625,-0.036865234375,0.068359375,0.037109375,-0.3924560546875,0.4508056640625,0.3778076171875,0.8994720297860652,0.9919431134983367,0.11883907589953306,-0.04385509811700797,0.0003662221137119663,-9.155552842799158e-05,0.00018311105685598315,-0.9951475569933165,-0.7750785851619006,-0.9764091921750542,-80.625,-8.375,-25.125,-5.48046875,5.19921875,-11.98046875,-24.0,-39.625,-10.9375,0,1,1112,1997,1011,1
4,264589,133,0.8875392925809503,0.7913144322031312,0.9748527481917784,0.9146397289956358,0.858485671559801,0.8340098269600513,-0.4447462385937071,-0.45567186498611406,-0.22049623096407972,-0.2009949034089175,-0.2514419995727409,-0.2969450972014527,-0.12027344584490493,0.4076052125614185,0.032685323648792994,0.35077974791711175,0.4469740897854549,0.4650105288857692,1.593017578125,2.19921875,2.427978515625,2.524658203125,2.54638671875,2.564453125,-0.587158203125,0.9745170445875423,0.22199163792840357,0.030182805871761222,-0.011139255958738976,1.117919921875,-0.105224609375,-0.195068359375,-0.025634765625,0.0018310546875,0.03076171875,-0.419189453125,0.4661865234375,-0.007080078125,0.8541215247047335,0.9921872615741447,0.12427137058626057,0.010650959807123021,0.0003357036042359691,-0.00012207403790398877,0.00018311105685598315,-0.999603259376812,-0.3663136692403943,-0.9628894924771874,-79.875,-7.9375,-26.8125,-0.5,5.94921875,-13.25,-23.4375,-39.6875,-11.0,0,1,1316,1999,1018,1
4,264635,134,0.9069185460982085,0.7876827295754876,0.9703970458082827,0.858485671559801,0.8340098269600513,0.8782616657002472,-0.42014831995605334,-0.4425794244209113,-0.20682393871883298,-0.2514419995727409,-0.2969450972014527,-0.3057954649494919,-0.030823694570757166,0.42854091006195255,0.12460707419049653,0.4469740897854549,0.4650105288857692,0.36759544663838617,1.681884765625,2.274658203125,2.478515625,2.54638671875,2.564453125,2.584228515625,-0.6396484375,0.978789635914182,0.20187994018372143,-0.023865474410229806,-0.025818659016693626,1.18359375,-0.314208984375,-0.746826171875,-0.02734375,-0.0269775390625,-0.012939453125,-0.125,0.4818115234375,-0.1279296875,0.8390758995330668,0.9871211890011292,0.12881862849818415,-0.09472945341349528,0.0003357036042359691,-0.00012207403790398877,0.00015259254737998596,-0.9958494827112644,-0.6752525406659139,-0.9987182226020082,-79.4375,-7.6875,-27.8125,1.0703125,6.23046875,-14.03125,-22.875,-39.8125,-11.125,0,1,1162,1997,1000,1
4,264688,135,0.9124729148228401,0.8244880520035401,0.9146397289956358,0.8340098269600513,0.8782616657002472,0.935636463515122,-0.4084597308267464,-0.38633381145664847,-0.2009949034089175,-0.2969450972014527,-0.3057954649494919,-0.326029236732078,-0.02359080782494583,0.413434247871334,0.35077974791711175,0.4650105288857692,0.36759544663838617,0.13531907101657156,1.746337890625,2.3310546875,2.524658203125,2.564453125,2.584228515625,2.6025390625,-0.596435546875,0.97750785851619,0.1490524002807703,-0.13974425489059114,-0.0521866512039552,1.1298828125,-0.2001953125,-0.76806640625,-0.020263671875,-0.0364990234375,-0.0299072265625,0.511474609375,0.484130859375,-0.24755859375,0.8175908688619647,0.9382305368205817,0.14752647480697043,-0.3129978331858272,0.0003662221137119663,-0.00012207403790398877,6.103701895199438e-05,-0.9990539262062441,-0.9123203222754601,-0.9956358531449324,-78.75,-7.25,-29.1875,2.7109375,5.640625,-13.2890625,-22.25,-39.875,-11.25,0,1,1043,1999,1002,1
4,264736,136,0.9161351359599598,0.9508346812341685,0.858485671559801,0.8782616657002472,0.935636463515122,0.9388103885006256,-0.4003112887966552,-0.2633136997589038,-0.2514419995727409,-0.3057954649494919,-0.326029236732078,-0.3394878994109928,0.020905178991058076,0.162938322092349,0.4469740897854549,0.36759544663838617,0.13531907101657156,-0.05819879757072664,1.84375,2.387939453125,2.54638671875,2.584228515625,2.6025390625,2.61865234375,-0.52392578125,0.9643848994415113,0.10885952330088199,-0.23221533860286264,-0.06488235114597003,0.998291015625,-0.162841796875,-0.349365234375,0.098876953125,-0.057373046875,-0.0592041015625,0.4996337890625,0.4736328125,-0.2752685546875,0.8074282052064577,0.8644672994170964,0.1609851374858852,-0.4762413403729362,0.0003662221137119663,-0.00012207403790398877,-3.051850947599719e-05,-0.9962767418439283,-0.7701345866267891,-0.9922177800836207,-78.25,-7.0625,-30.0625,3.140625,5.0390625,-11.5390625,-21.6875,-39.9375,-11.375,0,1,1114,1998,1003,1
4,264786,137,0.9102145451216163,0.9748527481917784,0.8340098269600513,0.935636463515122,0.9388103885006256,0.9180883205664235,-0.4028748435926389,-0.22049623096407972,-0.2969450972014527,-0.326029236732078,-0.3394878994109928,-0.37528611102633747,0.09601123081148717,0.032685323648792994,0.4650105288857692,0.13531907101657156,-0.05819879757072664,-0.12762840662862027,1.9130859375,2.427978515625,2.564453125,2.6025390625,2.61865234375,2.634765625,-0.52197265625,0.9607837153233436,0.0696737571337016,-0.2629779961546678,-0.05401776177251503,0.8388671875,-0.37353515625,-0.03515625,0.218994140625,-0.0672607421875,-0.0367431640625,0.3369140625,0.4635009765625,-0.2681884765625,0.7964720603045747,0.8404797509689627,0.15210425122837,-0.5200354014709921,0.0003357036042359691,-0.00015259254737998596,-3.051850947599719e-05,-0.9963377788628803,-0.8599505600146489,-0.9976195562608722,-77.6875,-6.75,-31.125,3.109375,4.48828125,-9.44140625,-21.0625,-40.0,-11.4375,0,1,1070,1998,1001,1
4,264838,138,0.8995635853144932,0.9703970458082827,0.8782616657002472,0.9388103885006256,0.9180883205664235,0.8927274391918699,-0.413037507248146,-0.20682393871883298,-0.3057954649494919,-0.3394878994109928,-0.37528611102633747,-0.4228034302804651,0.14194158757286293,0.12460707419049653,0.36759544663838617,-0.05819879757072664,-0.12762840662862027,-0.15579699087496568,1.99951171875,2.478515625,2.584228515625,2.61865234375,2.634765625,2.650390625,-0.5107421875,0.9646290475173193,0.016602069154942473,-0.2609027375103,-0.03363139744254891,0.776611328125,-0.3505859375,0.078369140625,0.230712890625,-0.0645751953125,-0.0177001953125,0.1678466796875,0.4617919921875,-0.279052734375,0.7944578386791589,0.8522598956266976,0.14047669911801508,-0.5038911099581896,0.0003357036042359691,-0.00015259254737998596,-6.103701895199438e-05,-0.9967650379955443,-0.8678243354594561,-0.9960631122775964,-77.25,-6.5625,-31.75,3.26953125,4.359375,-8.5,-20.5,-40.0,-11.5625,0,1,1066,1998,1001,1
4,264888,139,0.8734702597125157,0.9146397289956358,0.935636463515122,0.9180883205664235,0.8927274391918699,0.8615070039979248,-0.4314401684621723,-0.2009949034089175,-0.326029236732078,-0.37528611102633747,-0.4228034302804651,-0.467390972624897,0.22559282204657125,0.35077974791711175,0.13531907101657156,-0.12762840662862027,-0.15579699087496568,-0.19833979308450575,2.061767578125,2.524658203125,2.6025390625,2.634765625,2.650390625,2.66455078125,-0.455810546875,0.9647816400646992,-0.05175939207129124,-0.2575151829584643,-0.014007995849482712,0.73779296875,-0.522216796875,-0.0263671875,0.231201171875,-0.0545654296875,0.0030517578125,0.05908203125,0.4639892578125,-0.3193359375,0.6897488326670126,0.8640400402844325,0.13501388592181157,-0.48496963408307137,0.0003051850947599719,-0.00018311105685598315,-6.103701895199438e-05,-0.9938352610858485,-0.836878566850795,-0.9966124454481643,-76.75,-6.3125,-32.5625,3.80859375,4.3203125,-7.671875,-19.9375,-40.0,-11.6875,0,1,1081,1996,1001,1
4,264942,140,0.837916196172979,0.858485671559801,0.9388103885006256,0.8927274391918699,0.8615070039979248,0.8216498306222724,-0.445783867915891,-0.2514419995727409,-0.3394878994109928,-0.4228034302804651,-0.467390972624897,-0.4867091891232032,0.314859462263863,0.4469740897854549,-0.05819879757072664,-0.15579699087496568,-0.19833979308450575,-0.2966704306161687,2.140625,2.54638671875,2.61865234375,2.650390625,2.66455078125,2.677734375,-0.426513671875,0.9531846064638203,-0.13052766502884,-0.2727439191869869,-0.0003357036042359691,0.728271484375,-0.50390625,-0.17578125,0.17578125,-0.0537109375,0.0093994140625,0.072021484375,0.4666748046875,-0.3568115234375,0.5999938962981048,0.8541215247047335,0.14923551133762628,-0.49818414868617816,0.0003051850947599719,-0.00018311105685598315,-9.155552842799158e-05,-0.9906918546098209,-0.8828699606311228,-0.9976500747703482,-76.3125,-6.125,-33.0625,4.30859375,4.26953125,-7.26953125,-19.3125,-40.0,-11.8125,0,1,1058,1995,1001,1
4,264980,141,0.7913144322031312,0.8340098269600513,0.9180883205664235,0.8615070039979248,0.8216498306222724,0.7801446577349163,-0.45567186498611406,-0.2969450972014527,-0.37528611102633747,-0.467390972624897,-0.4867091891232032,-0.47859126560258797,0.4076052125614185,0.4650105288857692,-0.12762840662862027,-0.19833979308450575,-0.2966704306161687,-0.4028748435926389,2.19921875,2.564453125,2.634765625,2.66455078125,2.677734375,2.68994140625,-0.399169921875,0.934110538041322,-0.19324320200201422,-0.3000885036774804,0.00717184972685934,0.717529296875,-0.46728515625,-0.244140625,0.12890625,-0.0518798828125,0.0107421875,0.161865234375,0.468994140625,-0.38623046875,0.5268715475936155,0.8274483474227119,0.17514572588274788,-0.533524582659383,0.00027466658528397473,-0.00018311105685598315,-0.00015259254737998596,-0.9874568926053652,-0.8819544053468429,-0.9978637043366801,-75.875,-6.0,-33.5625,4.69921875,4.26171875,-6.83984375,-18.75,-39.9375,-11.875,0,1,1059,1993,1001,1
4,265030,142,0.7876827295754876,0.8782616657002472,0.8927274391918699,0.8216498306222724,0.7801446577349163,0.8084047975096896,-0.4425794244209113,-0.3057954649494919,-0.4228034302804651,-0.4867091891232032,-0.47859126560258797,-0.5196691793572802,0.42854091006195255,0.36759544663838617,-0.15579699087496568,-0.2966704306161687,-0.4028748435926389,-0.2764976958525346,2.274658203125,2.584228515625,2.650390625,2.677734375,2.68994140625,3.1083984375,-7.999755859375,0.9026764732810449,-0.2688985869930113,-0.3359172338023011,0.006286812952055422,1.27197265625,-0.66748046875,-0.228759765625,0.068359375,-0.0582275390625,0.005859375,0.2747802734375,0.702392578125,-0.394775390625,0.7172460097048861,0.7866756187627796,0.23435163426618244,-0.5711844233527634,0.00018311105685598315,-0.00012207403790398877,-6.103701895199438e-05,-0.8296761986144596,-0.6033509323404644,-0.9945371868037965,-75.25,-5.75,-57.9375,4.80859375,4.390625,-15.19921875,-18.125,-39.9375,-12.0,0,1,1198,1914,1002,1
4,265081,143,0.8244880520035401,0.935636463515122,0.8615070039979248,0.7801446577349163,0.8084047975096896,0.7849971007415998,-0.38633381145664847,-0.326029236732078,-0.467390972624897,-0.47859126560258797,-0.5196691793572802,-0.45847956785790583,0.413434247871334,0.13531907101657156,-0.19833979308450575,-0.4028748435926389,-0.2764976958525346,-0.41663869136631365,2.3310546875,2.6025390625,2.66455078125,2.68994140625,3.1083984375,3.12451171875,-0.52001953125,0.8610492263557847,-0.3619495223853267,-0.3568529313028352,-0.015900143436994536,1.224365234375,-0.5966796875,-0.17529296875,-0.01220703125,-0.0640869140625,0.0064697265625,0.2030029296875,0.69921875,-0.3922119140625,0.6670125431073947,0.7600634784997101,0.3402203436384167,-0.5536973174230171,0.00018311105685598315,-9.155552842799158e-05,-9.155552842799158e-05,-0.977996154667806,-0.8872341074861904,-0.9983825189977722,-74.8125,-5.625,-58.5,4.76953125,4.5703125,-14.48046875,-17.5625,-39.875,-12.125,0,1,1056,1989,1000,1
4,265131,144,0.9508346812341685,0.9388103885006256,0.8216498306222724,0.8084047975096896,0.7849971007415998,0.7697988830225532,-0.2633136997589038,-0.3394878994109928,-0.4867091891232032,-0.5196691793572802,-0.45847956785790583,-0.3674123355815302,0.162938322092349,-0.05819879757072664,-0.2966704306161687,-0.2764976958525346,-0.41663869136631365,-0.52195806756798,2.387939453125,2.61865234375,2.677734375,3.1083984375,3.12451171875,3.1396484375,-0.492919921875,0.8135319071016571,-0.44853053376873075,-0.3672292245246742,-0.04617450483718375,1.180908203125,-0.635986328125,-0.14013671875,-0.007568359375,-0.064453125,0.010009765625,0.12939453125,0.6986083984375,-0.4027099609375,0.5730765709402753,0.7426068910794397,0.4466689046906949,-0.49900814844203006,0.00018311105685598315,-9.155552842799158e-05,-0.00012207403790398877,-0.9793084505752739,-0.5398113956114383,-0.9949949644459365,-74.125,-5.4375,-59.25,4.8984375,4.78125,-13.73828125,-16.9375,-39.75,-12.25,0,1,1230,1989,1002,1
4,265192,145,0.9748527481917784,0.9180883205664235,0.7801446577349163,0.7849971007415998,0.7697988830225532,0.7447126682332835,-0.22049623096407972,-0.37528611102633747,-0.47859126560258797,-0.45847956785790583,-0.3674123355815302,-0.23795281838435012,0.032685323648792994,-0.12762840662862027,-0.4028748435926389,-0.41663869136631365,-0.52195806756798,-0.6234931485946227,2.427978515625,2.634765625,2.68994140625,3.12451171875,3.1396484375,3.153564453125,-0.45068359375,0.7480697042756432,-0.5386822107608265,-0.3794366283150731,-0.07910397656178472,1.1494140625,-0.50830078125,-0.176025390625,-0.031494140625,-0.060791015625,-0.002685546875,0.1326904296875,0.6993408203125,-0.4180908203125,0.47239600817896055,0.7182836390270699,0.554521317178869,-0.42020935697500533,0.00015259254737998596,-6.103701895199438e-05,-0.00012207403790398877,-0.9500411999877926,-0.8325449385052034,-0.9990844447157201,-73.5,-5.1875,-60.0,5.1015625,4.9296875,-13.1484375,-16.375,-39.6875,-12.3125,0,1,1083,1975,1000,1
4,265234,146,0.9703970458082827,0.8927274391918699,0.8084047975096896,0.7697988830225532,0.7447126682332835,0.71752067629017,-0.20682393871883298,-0.4228034302804651,-0.5196691793572802,-0.3674123355815302,-0.23795281838435012,-0.14654988250373852,0.12460707419049653,-0.15579699087496568,-0.2764976958525346,-0.52195806756798,-0.6234931485946227,-0.6809595019379253,2.478515625,2.650390625,3.1083984375,3.1396484375,3.153564453125,3.165283203125,-0.385009765625,0.7002777184362315,-0.5900448622089297,-0.3905148472548601,-0.0946073793755913,1.1337890625,-0.4970703125,-0.24853515625,-0.00146484375,-0.0621337890625,0.0048828125,0.091796875,0.700439453125,-0.4315185546875,0.40330210272530287,0.6981109042634358,0.6116214484084598,-0.3722647785882138,0.00015259254737998596,-3.051850947599719e-05,-0.00015259254737998596,-0.9683828241828669,-0.7342753379924924,-0.9974974822229682,-73.0,-5.0625,-60.5,5.28125,4.98046875,-12.828125,-15.8125,-39.5625,-12.4375,0,1,1132,1984,1001,1
4,265284,147,0.9146397289956358,0.8615070039979248,0.7849971007415998,0.7447126682332835,0.71752067629017,0.6578875087740714,-0.2009949034089175,-0.467390972624897,-0.45847956785790583,-0.23795281838435012,-0.14654988250373852,-0.056459242530594804,0.35077974791711175,-0.19833979308450575,-0.41663869136631365,-0.6234931485946227,-0.6809595019379253,-0.7509994811853389,2.524658203125,2.66455078125,3.12451171875,3.153564453125,3.165283203125,3.1767578125,-0.37060546875,0.6451307718131046,-0.6344187749870296,-0.41511276589251384,-0.09494308297982726,1.120849609375,-0.423828125,-0.276611328125,-0.030517578125,-0.0604248046875,-0.0166015625,0.25390625,0.7017822265625,-0.44140625,0.3403424176763207,0.663106173894467,0.6596575823236793,-0.35377056184575945,0.00015259254737998596,0.0,-0.00015259254737998596,-0.9654530472731712,-0.8195135349589526,-0.9989318521683401,-72.5625,-4.875,-60.9375,5.41015625,5.05078125,-12.55078125,-15.25,-39.4375,-12.5625,0,1,1090,1982,1000,1
4,265335,148,0.858485671559801,0.8216498306222724,0.7697988830225532,0.71752067629017,0.6578875087740714,0.6126285592211677,-0.2514419995727409,-0.4867091891232032,-0.3674123355815302,-0.14654988250373852,-0.056459242530594804,0.05969420453505051,0.4469740897854549,-0.2966704306161687,-0.52195806756798,-0.6809595019379253,-0.7509994811853389,-0.7881099887081515,2.54638671875,2.677734375,3.1396484375,3.165283203125,3.1767578125,3.187744140625,-0.3544921875,0.5819269386883145,-0.6829126865443892,-0.42780846583452864,-0.10931730094302194,1.114990234375,-0.607666015625,-0.119873046875,0.00048828125,-0.0653076171875,-0.0098876953125,0.2423095703125,0.7054443359375,-0.4281005859375,0.2681051057466353,0.6383861812189092,0.7128513443403424,-0.2903225806451613,0.00012207403790398877,0.0,-0.00015259254737998596,-0.9429914242988372,-0.783440656758324,-0.9988402966399121,-71.9375,-4.6875,-61.5625,5.2109375,5.6484375,-12.2890625,-14.6875,-39.25,-12.6875,0,1,1108,1971,1000,1
4,265386,149,0.8340098269600513,0.7801446577349163,0.7447126682332835,0.6578875087740714,0.6126285592211677,0.5907162694174016,-0.2969450972014527,-0.47859126560258797,-0.23795281838435012,-0.056459242530594804,0.05969420453505051,0.19312112796411024,0.4650105288857692,-0.4028748435926389,-0.6234931485946227,-0.7509994811853389,-0.7881099887081515,-0.783410138248848,2.564453125,2.68994140625,3.153564453125,3.1767578125,3.187744140625,3.198486328125,-0.354248046875,0.5154271065401166,-0.7310708944975127,-0.4260078737754448,-0.13568529313028352,1.115234375,-0.5244140625,-0.07470703125,-0.006591796875,-0.0614013671875,-0.0194091796875,0.1650390625,0.7083740234375,-0.4232177734375,0.21814630573442792,0.6294137394329661,0.7546006653035066,-0.18558305612353893,0.00012207403790398877,3.051850947599719e-05,-0.00015259254737998596,-0.9691152684102908,-0.7839594714194159,-0.9982299264503922,-71.5,-4.5,-62.0,5.140625,5.91015625,-12.19921875,-14.125,-39.125,-12.75,0,1,1108,1984,1000,1
4,265437,150,0.8782616657002472,0.8084047975096896,0.71752067629017,0.6126285592211677,0.5907162694174016,0.5792413098544267,-0.3057954649494919,-0.5196691793572802,-0.14654988250373852,0.05969420453505051,0.19312112796411024,0.32096316415906245,0.36759544663838617,-0.2764976958525346,-0.6809595019379253,-0.7881099887081515,-0.783410138248848,-0.7492904446546831,2.584228515625,3.1083984375,3.165283203125,3.187744140625,3.198486328125,3.208251953125,-0.315673828125,0.4442884609515671,-0.7775811029389325,-0.41364787743766596,-0.16397595141453292,1.108154296875,-0.56103515625,-0.101806640625,0.04736328125,-0.0625,-0.017578125,0.1553955078125,0.71142578125,-0.4271240234375,0.13098544267097995,0.6328012939848018,0.771752067629017,-0.06277657399212623,0.00012207403790398877,6.103701895199438e-05,-0.00015259254737998596,-0.956450086977752,-0.78225043488876,-0.9990539262062441,-70.875,-4.25,-62.5625,5.19921875,6.0390625,-12.0,-13.5625,-38.9375,-12.875,0,1,1108,1978,1000,1
4,265487,151,0.935636463515122,0.7849971007415998,0.6578875087740714,0.5907162694174016,0.5792413098544267,0.5682851649525437,-0.326029236732078,-0.45847956785790583,-0.056459242530594804,0.19312112796411024,0.32096316415906245,0.4405346842860195,0.13531907101657156,-0.41663869136631365,-0.7509994811853389,-0.783410138248848,-0.7492904446546831,-0.6949674977874081,2.6025390625,3.12451171875,3.1767578125,3.198486328125,3.208251953125,3.2177734375,-0.30712890625,0.3674733726004822,-0.8208868678853725,-0.39561143833735163,-0.1860713522751549,1.10791015625,-0.67724609375,-0.127685546875,0.079345703125,-0.061279296875,-0.0191650390625,0.16552734375,0.7139892578125,-0.4334716796875,0.07547227393414106,0.6464735862300485,0.760704367198706,0.058320871608630635,0.00012207403790398877,9.155552842799158e-05,-0.00015259254737998596,-0.9526963103122044,-0.7801446577349163,-0.9987182226020082,-70.5,-4.125,-62.9375,5.2890625,6.08984375,-11.9296875,-13.0,-38.75,-13.0,0,1,1109,1976,1000,1
4,265542,152,0.9388103885006256,0.7697988830225532,0.6126285592211677,0.5792413098544267,0.5682851649525437,0.5605334635456404,-0.3394878994109928,-0.3674123355815302,0.05969420453505051,0.32096316415906245,0.4405346842860195,0.5465559862056337,-0.05819879757072664,-0.52195806756798,-0.7881099887081515,-0.7492904446546831,-0.6949674977874081,-0.6221503341776787,2.61865234375,3.1396484375,3.187744140625,3.208251953125,3.2177734375,3.225830078125,-0.26513671875,0.2842188787499619,-0.8600115970336009,-0.37131870479445783,-0.2042603839228492,1.113525390625,-0.708251953125,-0.1455078125,0.0908203125,-0.0601806640625,-0.0147705078125,0.16015625,0.7183837890625,-0.4432373046875,1.0,0.6686910611285745,0.7225562303537095,0.17538987395855588,0.00012207403790398877,0.00012207403790398877,-0.00012207403790398877,-0.9884334849085971,-0.4183782464064455,-0.9951475569933165,-69.8125,-3.875,-63.5,5.4296875,6.1796875,-11.91015625,-12.4375,-38.5,-13.125,0,1,1290,1994,1002,1
4,265588,153,0.9180883205664235,0.7447126682332835,0.5907162694174016,0.5682851649525437,0.5605334635456404,0.5562608722190008,-0.37528611102633747,-0.23795281838435012,0.19312112796411024,0.4405346842860195,0.5465559862056337,0.6429029206213569,-0.12762840662862027,-0.6234931485946227,-0.783410138248848,-0.6949674977874081,-0.6221503341776787,-0.5265663624988556,2.634765625,3.153564453125,3.198486328125,3.2177734375,3.225830078125,3.234130859375,-0.265869140625,0.19202246162297434,-0.8939176610614338,-0.3416241950743126,-0.21762749107333598,1.115966796875,-0.648193359375,-0.160400390625,0.089111328125,-0.0587158203125,-0.013427734375,0.14892578125,0.72119140625,-0.4522705078125,1.0,0.6989654225287637,0.6564531388286996,0.2837000640888699,0.00012207403790398877,0.00012207403790398877,-0.00012207403790398877,-0.9652394177068392,-0.6786400952177496,-0.9993896298104801,-69.4375,-3.6875,-63.875,5.55859375,6.140625,-11.91015625,-11.875,-38.25,-13.1875,0,1,1160,1982,1000,1
4,265641,154,0.8927274391918699,0.71752067629017,0.5792413098544267,0.5605334635456404,0.5562608722190008,0.5449079866939298,-0.4228034302804651,-0.14654988250373852,0.32096316415906245,0.5465559862056337,0.6429029206213569,0.7054048280281991,-0.15579699087496568,-0.6809595019379253,-0.7492904446546831,-0.6221503341776787,-0.5265663624988556,-0.4532914212469863,2.650390625,3.165283203125,3.208251953125,3.225830078125,3.234130859375,3.241943359375,-0.254638671875,0.10626544999542223,-0.9198889126255073,-0.3130588702047792,-0.2109134189886166,1.11572265625,-0.3828125,-0.322509765625,0.081787109375,-0.0604248046875,-0.0125732421875,0.1143798828125,0.724853515625,-0.4569091796875,1.0,0.7407147434919279,0.5808893093661306,0.33753471480452896,0.00012207403790398877,0.00015259254737998596,-9.155552842799158e-05,-0.9765923032319102,-0.7261879329813532,-0.9980773339030122,-68.8125,-3.4375,-64.375,5.640625,6.12109375,-11.87890625,-11.375,-38.0625,-13.3125,0,1,1136,1988,1000,1
4,265680,155,0.8615070039979248,0.6578875087740714,0.5682851649525437,0.5562608722190008,0.5449079866939298,0.5297097689748833,-0.467390972624897,-0.056459242530594804,0.4405346842860195,0.6429029206213569,0.7054048280281991,0.7309183019501327,-0.19833979308450575,-0.7509994811853389,-0.6949674977874081,-0.5265663624988556,-0.4532914212469863,-0.4303109836115604,2.66455078125,3.1767578125,3.2177734375,3.234130859375,3.241943359375,3.2490234375,-0.232666015625,0.051179540391247294,-0.9366130558183539,-0.293313394573809,-0.184667500839259,1.12451171875,-0.39599609375,-0.26904296875,0.112548828125,-0.056884765625,-0.0277099609375,0.2867431640625,0.728271484375,-0.461181640625,1.0,0.7843256935331279,0.5281838435010834,0.3253578295236061,9.155552842799158e-05,0.00015259254737998596,-9.155552842799158e-05,-0.9902035584582048,-0.7089449751274147,-0.9978942228461561,-68.4375,-3.3125,-64.6875,5.7109375,6.08984375,-12.0,-10.8125,-37.75,-13.4375,0,1,1145,1995,1001,1
4,265733,156,0.8216498306222724,0.6126285592211677,0.5605334635456404,0.5449079866939298,0.5297097689748833,0.5266884365367596,-0.4867091891232032,0.05969420453505051,0.5465559862056337,0.7054048280281991,0.7309183019501327,0.7605517746513261,-0.2966704306161687,-0.7881099887081515,-0.6221503341776787,-0.4532914212469863,-0.4303109836115604,-0.37968077639088105,2.677734375,3.187744140625,3.225830078125,3.241943359375,3.2490234375,3.256591796875,-0.241943359375,-0.01641895809808649,-0.9499801629688406,-0.2652363658558916,-0.1640675069429609,1.15673828125,-0.463134765625,-0.1044921875,0.11181640625,-0.06396484375,-0.0155029296875,0.3114013671875,0.735107421875,-0.468017578125,1.0,0.8278756065553758,0.4588152714621418,0.3226111636707663,9.155552842799158e-05,0.00015259254737998596,-6.103701895199438e-05,-0.9711905270546587,-0.6819360942411573,-0.9991149632251961,-68.0,-3.125,-65.0625,5.80859375,6.1484375,-12.4296875,-10.3125,-37.5,-13.5625,0,1,1159,1985,1000,1
4,265782,157,0.7801446577349163,0.5907162694174016,0.5562608722190008,0.5297097689748833,0.5266884365367596,0.5467390972624897,-0.47859126560258797,0.19312112796411024,0.6429029206213569,0.7309183019501327,0.7605517746513261,0.7836848048341319,-0.4028748435926389,-0.783410138248848,-0.5265663624988556,-0.4303109836115604,-0.37968077639088105,-0.2947782830286569,2.68994140625,3.198486328125,3.234130859375,3.2490234375,3.256591796875,3.2646484375,-0.26220703125,-0.08212530899990844,-0.9541611987670522,-0.23419904171880246,-0.1673329874568926,1.19677734375,-0.44921875,-0.00146484375,0.123291015625,-0.0667724609375,-0.01171875,0.2041015625,0.7445068359375,-0.475341796875,1.0,0.8535721915341655,0.38206122013000887,0.3541673024689474,9.155552842799158e-05,0.00015259254737998596,-6.103701895199438e-05,-0.9909970397045809,-0.7225257118442335,-0.9979247413556321,-67.4375,-2.875,-65.625,5.9296875,6.05078125,-13.05078125,-9.8125,-37.1875,-13.625,0,1,1138,1995,1001,1
4,265842,158,0.8084047975096896,0.5792413098544267,0.5449079866939298,0.5266884365367596,0.5467390972624897,0.5850398266548662,-0.5196691793572802,0.32096316415906245,0.7054048280281991,0.7605517746513261,0.7836848048341319,0.7916501358073672,-0.2764976958525346,-0.7492904446546831,-0.4532914212469863,-0.37968077639088105,-0.2947782830286569,-0.17618335520493178,3.1083984375,3.208251953125,3.241943359375,3.256591796875,3.2646484375,3.2724609375,-0.256103515625,-0.15466780602435376,-0.9506210516678365,-0.195593127231666,-0.184698019348735,1.207275390625,-0.436279296875,0.061279296875,0.13720703125,-0.063232421875,-0.012939453125,0.1695556640625,0.749755859375,-0.4771728515625,1.0,0.8712118900112918,0.2806176946317942,0.40278328806421093,0.00012207403790398877,0.00015259254737998596,-3.051850947599719e-05,-0.9917905209509568,-0.597399822992645,-0.9975585192419202,-66.875,-2.5625,-66.1875,5.98046875,5.890625,-13.26171875,-9.3125,-36.875,-13.75,0,1,1201,1995,1001,1
4,265884,159,0.7849971007415998,0.5682851649525437,0.5297097689748833,0.5467390972624897,0.5850398266548662,0.6149784844508194,-0.45847956785790583,0.4405346842860195,0.7309183019501327,0.7836848048341319,0.7916501358073672,0.782586138492996,-0.41663869136631365,-0.6949674977874081,-0.4303109836115604,-0.2947782830286569,-0.17618335520493178,-0.09662160100100711,3.12451171875,3.2177734375,3.2490234375,3.2646484375,3.2724609375,3.27978515625,-0.237060546875,-0.19928586687826166,-0.9446089053010651,-0.16925565355388042,-0.19833979308450575,1.205810546875,-0.440673828125,0.033203125,0.1455078125,-0.0618896484375,-0.01171875,0.1685791015625,0.7520751953125,-0.4765625,1.0,0.8779564806054873,0.20917386394848475,0.43061616870632036,0.00012207403790398877,0.00015259254737998596,-3.051850947599719e-05,-0.9939573351237525,-0.7058320871608631,-0.9986877040925322,-66.5,-2.4375,-66.5,5.98828125,5.73828125,-13.30078125,-8.8125,-36.5625,-13.875,0,1,1147,1996,1000,1
4,265933,160,0.7697988830225532,0.5605334635456404,0.5266884365367596,0.5850398266548662,0.6149784844508194,0.6512039551988281,-0.3674123355815302,0.5465559862056337,0.7605517746513261,0.7916501358073672,0.782586138492996,0.7589037751396221,-0.52195806756798,-0.6221503341776787,-0.37968077639088105,-0.17618335520493178,-0.09662160100100711,0.003021332438123722,3.1396484375,3.225830078125,3.256591796875,3.2724609375,3.27978515625,3.2861328125,-0.2060546875,-0.2554704428235725,-0.9329508346812342,-0.13516647846919155,-0.21460615863521226,1.205078125,-0.422119140625,-0.088623046875,0.150146484375,-0.0584716796875,-0.0064697265625,0.123779296875,0.7545166015625,-0.4820556640625,1.0,0.8831446272164067,0.1142002624591815,0.45496993926816615,0.00012207403790398877,0.00015259254737998596,0.0,-0.9951475569933165,-0.7549668874172185,-0.9980162968840601,-66.1875,-2.25,-66.875,6.078125,5.62109375,-13.30078125,-8.3125,-36.25,-14.0,0,1,1122,1997,1000,1
4,265985,161,0.7447126682332835,0.5562608722190008,0.5467390972624897,0.6149784844508194,0.6512039551988281,0.6835230567339091,-0.23795281838435012,0.6429029206213569,0.7836848048341319,0.782586138492996,0.7589037751396221,0.7261574144718772,-0.6234931485946227,-0.5265663624988556,-0.2947782830286569,-0.09662160100100711,0.003021332438123722,0.07406842249824519,3.153564453125,3.234130859375,3.2646484375,3.27978515625,3.2861328125,3.29248046875,-0.208740234375,-0.30558183538315986,-0.9209265419476913,-0.10049745170445876,-0.22003845332193975,1.1904296875,-0.338623046875,-0.13818359375,0.132080078125,-0.057373046875,-0.0067138671875,0.1229248046875,0.7559814453125,-0.4886474609375,1.0,0.8922696615497299,0.02655110324411756,0.45075838496047854,0.00012207403790398877,0.00015259254737998596,0.0,-0.9960020752586444,-0.7079073458052308,-0.9982604449598682,-65.625,-2.0,-67.4375,6.19140625,5.44140625,-13.1015625,-7.8125,-35.875,-14.125,0,1,1146,1998,1000,1
4,266035,162,0.71752067629017,0.5449079866939298,0.5850398266548662,0.6512039551988281,0.6835230567339091,0.717307046723838,-0.14654988250373852,0.7054048280281991,0.7916501358073672,0.7589037751396221,0.7261574144718772,0.684133426923429,-0.6809595019379253,-0.4532914212469863,-0.17618335520493178,0.003021332438123722,0.07406842249824519,0.13202307199316385,3.165283203125,3.241943359375,3.2724609375,3.2861328125,3.29248046875,3.29736328125,-0.158203125,-0.35920285653248696,-0.9061250648518326,-0.06234931485946226,-0.21451460310678427,1.18310546875,-0.42041015625,-0.128662109375,0.113037109375,-0.05810546875,-0.01025390625,0.175048828125,0.75732421875,-0.49951171875,1.0,0.9072542497024445,-0.06146427808465835,0.4160588396862697,0.00012207403790398877,0.00012207403790398877,3.051850947599719e-05,-0.9971922971282082,-0.7758415478988007,-0.9982299264503922,-65.25,-1.8125,-67.75,6.3515625,5.26953125,-12.98046875,-7.375,-35.5,-14.1875,0,1,1112,1998,1000,1
4,266086,163,0.6578875087740714,0.5297097689748833,0.6149784844508194,0.6835230567339091,0.717307046723838,0.7491378521073031,-0.056459242530594804,0.7309183019501327,0.782586138492996,0.7261574144718772,0.684133426923429,0.6357310708944975,-0.7509994811853389,-0.4303109836115604,-0.09662160100100711,0.07406842249824519,0.13202307199316385,0.18619342631305888,3.1767578125,3.2490234375,3.27978515625,3.29248046875,3.29736328125,3.3017578125,-0.1435546875,-0.41926328318124945,-0.8844264046143986,-0.02185125278481399,-0.20380260628070926,1.17333984375,-0.48291015625,-0.124755859375,0.13525390625,-0.05859375,-0.018310546875,0.1866455078125,0.75927734375,-0.5150146484375,1.0,0.9207739494003113,-0.1478011413922544,0.3610339671010468,0.00015259254737998596,0.00012207403790398877,3.051850947599719e-05,-0.9975890377513962,-0.6859645374919889,-0.9974669637134922,-64.6875,-1.5625,-68.25,6.578125,4.87109375,-12.87109375,-6.9375,-35.125,-14.3125,0,1,1157,1998,1001,1
4,266137,164,0.6126285592211677,0.5266884365367596,0.6512039551988281,0.717307046723838,0.7491378521073031,0.7854548783837397,0.05969420453505051,0.7605517746513261,0.7589037751396221,0.684133426923429,0.6357310708944975,0.5718863490707113,-0.7881099887081515,-0.37968077639088105,0.003021332438123722,0.13202307199316385,0.18619342631305888,0.23664052247688222,3.187744140625,3.256591796875,3.2861328125,3.29736328125,3.3017578125,3.3046875,-0.095703125,-0.47804193243202003,-0.8563493758964812,0.020966216010010072,-0.19421979430524614,1.16650390625,-0.54052734375,-0.151611328125,0.17529296875,-0.0596923828125,-0.0269775390625,0.205810546875,0.760498046875,-0.523681640625,1.0,0.9267250587481307,-0.23334452345347453,0.2945036164433729,0.00015259254737998596,0.00012207403790398877,3.051850947599719e-05,-0.9976195562608722,-0.7186193426313059,-0.9982299264503922,-64.3125,-1.375,-68.5625,6.7109375,4.5390625,-12.8203125,-6.5,-34.75,-14.4375,0,1,1140,1998,1000,1
4,266188,165,0.5907162694174016,0.5467390972624897,0.6835230567339091,0.7491378521073031,0.7854548783837397,0.8228705710013123,0.19312112796411024,0.7836848048341319,0.7261574144718772,0.6357310708944975,0.5718863490707113,0.4922330393383587,-0.783410138248848,-0.2947782830286569,0.07406842249824519,0.18619342631305888,0.23664052247688222,0.28388317514572586,3.198486328125,3.2646484375,3.29248046875,3.3017578125,3.3046875,3.306640625,-0.063720703125,-0.5367900631733146,-0.8197271645252846,0.06714072084719383,-0.1880855739005707,1.148193359375,-0.41259765625,-0.176513671875,0.185302734375,-0.061279296875,-0.021484375,0.1766357421875,0.7611083984375,-0.531005859375,1.0,0.9217810602130192,-0.3197119052705466,0.21933652760399183,0.00015259254737998596,9.155552842799158e-05,6.103701895199438e-05,-0.9981383709219642,-0.7629322183904538,-0.9977721488082522,-63.75,-1.1875,-69.0,6.828125,3.98046875,-12.66015625,-6.0625,-34.3125,-14.5625,0,1,1118,1999,1001,1
4,266238,166,0.5792413098544267,0.5850398266548662,0.717307046723838,0.7854548783837397,0.8228705710013123,0.8619647816400647,0.32096316415906245,0.7916501358073672,0.684133426923429,0.5718863490707113,0.4922330393383587,0.4033326212347789,-0.7492904446546831,-0.17618335520493178,0.13202307199316385,0.23664052247688222,0.28388317514572586,0.3071687978759117,3.208251953125,3.2724609375,3.29736328125,3.3046875,3.306640625,3.307861328125,-0.036376953125,-0.5845515305032503,-0.782433545945616,0.11435285500656148,-0.18170720542008728,1.129638671875,-0.417236328125,-0.0986328125,0.175048828125,-0.05908203125,-0.01123046875,0.1805419921875,0.7606201171875,-0.5338134765625,1.0,0.9082308420056765,-0.39619129001739556,0.13461714529862362,0.00015259254737998596,9.155552842799158e-05,6.103701895199438e-05,-0.9984130375072482,-0.6990569780571917,-0.9975585192419202,-63.3125,-1.0625,-69.3125,6.87890625,3.6484375,-12.44921875,-5.625,-33.9375,-14.625,0,1,1150,1999,1001,1
4,266288,167,0.5682851649525437,0.6149784844508194,0.7491378521073031,0.8228705710013123,0.8619647816400647,0.8933072908719139,0.4405346842860195,0.782586138492996,0.6357310708944975,0.4922330393383587,0.4033326212347789,0.31473738822595904,-0.6949674977874081,-0.09662160100100711,0.18619342631305888,0.28388317514572586,0.3071687978759117,0.32084109012115847,3.2177734375,3.27978515625,3.3017578125,3.306640625,3.307861328125,3.306640625,0.0361328125,-0.63029877620777,-0.7396160771507919,0.1588488418225654,-0.17453535569322795,1.09228515625,-0.561767578125,-0.11962890625,0.19384765625,-0.06201171875,-0.0106201171875,0.1636962890625,0.758544921875,-0.5340576171875,1.0,0.8883022553178502,-0.45713675344096194,0.04376354258857997,0.00015259254737998596,6.103701895199438e-05,6.103701895199438e-05,-0.9984130375072482,-0.7473982970671712,-0.9979247413556321,-62.75,-0.875,-69.6875,6.8984375,3.05078125,-12.03125,-5.25,-33.5,-14.75,0,1,1126,1999,1001,1
4,266339,168,0.5605334635456404,0.6512039551988281,0.7854548783837397,0.8619647816400647,0.8933072908719139,0.9201635792107914,0.5465559862056337,0.7589037751396221,0.5718863490707113,0.4033326212347789,0.31473738822595904,0.22147282326731163,-0.6221503341776787,0.003021332438123722,0.23664052247688222,0.3071687978759117,0.32084109012115847,0.3228553117465743,3.225830078125,3.2861328125,3.3046875,3.307861328125,3.306640625,3.3056640625,0.038330078125,-0.6752220221564379,-0.6900234992522966,0.20184942167424544,-0.16492202520828883,1.065673828125,-0.447265625,-0.1865234375,0.1630859375,-0.0574951171875,-0.012939453125,0.1602783203125,0.7568359375,-0.534912109375,1.0,0.8633381145664846,-0.5013275551622058,-0.057802056947538684,0.00018311105685598315,3.051850947599719e-05,6.103701895199438e-05,-0.9989623706778161,-0.7786492507705923,-0.9963682973723563,-62.375,-0.8125,-69.9375,6.921875,2.671875,-11.69921875,-4.8125,-33.0625,-14.875,0,1,1110,1999,1001,1
4,266380,169,0.5562608722190008,0.6835230567339091,0.8228705710013123,0.8933072908719139,0.9201635792107914,0.9393292031617175,0.6429029206213569,0.7261574144718772,0.4922330393383587,0.31473738822595904,0.22147282326731163,0.1490218817712943,-0.5265663624988556,0.07406842249824519,0.28388317514572586,0.32084109012115847,0.3228553117465743,0.30890835291604357,3.234130859375,3.29248046875,3.306640625,3.306640625,3.3056640625,3.303466796875,0.071044921875,-0.706625568407239,-0.6487319559312723,0.23612170781579028,-0.15524765770439772,1.035400390625,-0.50244140625,-0.1103515625,0.162841796875,-0.059814453125,-0.013916015625,0.1492919921875,0.754638671875,-0.5328369140625,1.0,0.8392284920804468,-0.5244300668355357,-0.14374217963194677,0.00018311105685598315,3.051850947599719e-05,6.103701895199438e-05,-0.9989623706778161,-0.739127780999176,-0.9968565935239723,-62.0,-0.75,-70.1875,6.8984375,2.3203125,-11.3203125,-4.4375,-32.625,-15.0,0,1,1130,1999,1001,1
4,266431,170,0.5449079866939298,0.717307046723838,0.8619647816400647,0.9201635792107914,0.9393292031617175,0.9587084566789758,0.7054048280281991,0.684133426923429,0.4033326212347789,0.22147282326731163,0.1490218817712943,0.06076235236671041,-0.4532914212469863,0.13202307199316385,0.3071687978759117,0.3228553117465743,0.30890835291604357,0.27780999176000243,3.241943359375,3.29736328125,3.307861328125,3.3056640625,3.303466796875,3.297607421875,0.1904296875,-0.7432782982879116,-0.5912961210974456,0.27970213934751426,-0.1402020325327311,0.986328125,-0.537353515625,-0.18359375,0.177978515625,-0.05908203125,-0.0106201171875,0.158935546875,0.7508544921875,-0.529052734375,1.0,0.8029419843134862,-0.5364848780785546,-0.2598040711691641,3.051850947599719e-05,0.0,0.0,-0.9991454817346721,-0.8203985717337565,-0.9959105197302164,-61.4375,-0.625,-70.5,6.859375,1.69921875,-10.69921875,-4.125,-32.125,-15.0625,0,1,1089,1999,1002,1
4,266482,171,0.5297097689748833,0.7491378521073031,0.8933072908719139,0.9393292031617175,0.9587084566789758,0.9726859340189825,0.7309183019501327,0.6357310708944975,0.31473738822595904,0.1490218817712943,0.06076235236671041,-0.02447584459974975,-0.4303109836115604,0.18619342631305888,0.32084109012115847,0.30890835291604357,0.27780999176000243,0.23081148716696676,3.2490234375,3.3017578125,3.306640625,3.303466796875,3.297607421875,3.292724609375,0.157958984375,-0.7763298440504166,-0.5279702139347514,0.3217871639149144,-0.12256233405560472,0.94873046875,-0.486328125,-0.200927734375,0.142333984375,-0.0577392578125,-0.0089111328125,0.166259765625,0.747802734375,-0.521728515625,1.0,0.761375774407178,-0.5260780663472396,-0.37885677663502915,3.051850947599719e-05,0.0,0.0,-0.9993591113010041,-0.7856074709311197,-0.9942320017090366,-61.0625,-0.5625,-70.6875,6.76953125,1.28125,-10.23046875,-3.75,-31.6875,-15.1875,0,1,1107,1999,1002,1
4,266532,172,0.5266884365367596,0.7854548783837397,0.9201635792107914,0.9587084566789758,0.9726859340189825,0.9804986724448378,0.7605517746513261,0.5718863490707113,0.22147282326731163,0.06076235236671041,-0.02447584459974975,-0.09826960051271096,-0.37968077639088105,0.23664052247688222,0.3228553117465743,0.27780999176000243,0.23081148716696676,0.17014069032868434,3.256591796875,3.3046875,3.3056640625,3.297607421875,3.292724609375,3.2783203125,0.4677734375,-0.8070314645832698,-0.45576342051454205,0.36204107791375467,-0.09958189642017884,0.92041015625,-0.64599609375,-0.12060546875,0.145751953125,-0.0576171875,-0.010986328125,0.1510009765625,0.7457275390625,-0.5650634765625,1.0,0.716360972930082,-0.4853053376873073,-0.5013275551622058,3.051850947599719e-05,0.0,0.0,-0.9992980742820521,-0.8126163518173772,-0.9953306680501725,-60.375,-0.5625,-70.8125,7.33984375,0.6015625,-9.4296875,-3.4375,-31.1875,-15.3125,0,1,1093,1999,1002,1
4,266593,173,0.5467390972624897,0.8228705710013123,0.9393292031617175,0.9726859340189825,0.9804986724448378,0.9818414868617816,0.7836848048341319,0.4922330393383587,0.1490218817712943,-0.02447584459974975,-0.09826960051271096,-0.17548142948698386,-0.2947782830286569,0.28388317514572586,0.30890835291604357,0.23081148716696676,0.17014069032868434,0.07193212683492538,3.2646484375,3.306640625,3.303466796875,3.292724609375,3.2783203125,3.26123046875,0.549560546875,-0.8352000488296152,-0.35923337504196295,0.4108706930753502,-0.06765953550828578,0.886962890625,-0.6376953125,-0.200927734375,0.17333984375,-0.0552978515625,-0.0147705078125,0.1575927734375,0.7430419921875,-0.5899658203125,1.0,0.6513260292367321,-0.4007385479293191,-0.6443678090762047,3.051850947599719e-05,0.0,0.0,-0.9994506668294321,-0.8290963469344157,-0.9918820764793848,-59.6875,-0.625,-70.9375,7.671875,0.05859375,-8.609375,-3.0625,-30.6875,-15.4375,0,1,1085,1999,1004,1
4,266633,174,0.5850398266548662,0.8619647816400647,0.9587084566789758,0.9804986724448378,0.9818414868617816,0.9764397106845302,0.7916501358073672,0.4033326212347789,0.06076235236671041,-0.09826960051271096,-0.17548142948698386,-0.21567430646687216,-0.17618335520493178,0.3071687978759117,0.27780999176000243,0.17014069032868434,0.07193212683492538,-0.008178960539567248,3.2724609375,3.307861328125,3.297607421875,3.2783203125,3.26123046875,3.248046875,0.43115234375,-0.8469191564683981,-0.29096346934415723,0.4427014984588153,-0.045838801232947785,0.8486328125,-0.59765625,-0.22802734375,0.153564453125,-0.056640625,-0.013427734375,0.175537109375,0.7393798828125,-0.5850830078125,1.0,0.6018250068666646,-0.326151310769982,-0.728995635853145,3.051850947599719e-05,0.0,0.0,-0.9992370372631001,-0.7896664326914273,-0.9939268166142765,-59.1875,-0.625,-71.0,7.609375,-0.37890625,-7.98046875,-2.8125,-30.1875,-15.5,0,1,1105,1999,1003,1
4,266684,175,0.6149784844508194,0.8933072908719139,0.9726859340189825,0.9818414868617816,0.9764397106845302,0.9613940855128635,0.782586138492996,0.31473738822595904,-0.02447584459974975,-0.17548142948698386,-0.21567430646687216,-0.24906155583361309,-0.09662160100100711,0.32084109012115847,0.23081148716696676,0.07193212683492538,-0.008178960539567248,-0.11697744682149724,3.27978515625,3.306640625,3.292724609375,3.26123046875,3.248046875,3.2333984375,0.474609375,-0.8551591540269173,-0.1976378673665578,0.4789574877162999,-0.015625476851710562,0.812255859375,-0.646728515625,-0.15966796875,0.1533203125,-0.0562744140625,-0.0059814453125,0.1663818359375,0.7359619140625,-0.580078125,1.0,0.5387127292703024,-0.20502334665974914,-0.8171636097293008,3.051850947599719e-05,0.0,0.0,-0.9988402966399121,-0.7883846552934355,-0.9948728904080325,-58.6875,-0.6875,-71.0,7.55078125,-0.69921875,-7.3515625,-2.5,-29.6875,-15.625,0,1,1105,1999,1002,1
4,266738,176,0.6512039551988281,0.9201635792107914,0.9804986724448378,0.9764397106845302,0.9613940855128635,0.9393902401806695,0.7589037751396221,0.22147282326731163,-0.09826960051271096,-0.21567430646687216,-0.24906155583361309,-0.2589495529038362,0.003021332438123722,0.3228553117465743,0.17014069032868434,-0.008178960539567248,-0.11697744682149724,-0.22464674825281533,3.2861328125,3.3056640625,3.2783203125,3.248046875,3.2333984375,3.2060546875,0.8916015625,-0.8534501174962614,-0.10522782067323833,0.5102389599291971,0.01425214392529069,0.797119140625,-0.6591796875,-0.249755859375,0.1650390625,-0.057373046875,-0.0118408203125,0.1544189453125,0.7340087890625,-0.6226806640625,1.0,0.4769737846003601,-0.06915494247260964,-0.8761864070558794,3.051850947599719e-05,0.0,0.0,-0.9981994079409162,-0.7449568163090915,-0.9953001495406965,-57.875,-0.8125,-70.9375,8.109375,-1.01953125,-6.37109375,-2.1875,-29.125,-15.75,0,1,1127,1999,1002,1
4,266786,177,0.6835230567339091,0.9393292031617175,0.9818414868617816,0.9613940855128635,0.9393902401806695,0.9101535081026643,0.7261574144718772,0.1490218817712943,-0.17548142948698386,-0.24906155583361309,-0.2589495529038362,-0.24396496475112156,0.07406842249824519,0.30890835291604357,0.07193212683492538,-0.11697744682149724,-0.22464674825281533,-0.3348185674611652,3.29248046875,3.303466796875,3.26123046875,3.2333984375,3.2060546875,3.185546875,0.667236328125,-0.8419751579332866,-0.012482070375682853,0.5374309518723106,0.0456556901760918,0.78955078125,-0.579345703125,-0.26171875,0.126708984375,-0.059326171875,-0.009033203125,0.1573486328125,0.732666015625,-0.64697265625,1.0,0.41669972838526564,0.0792870876186407,-0.9055757316812647,3.051850947599719e-05,0.0,0.0,-0.9947508163701285,-0.4685506759849849,-0.9953611865596484,-57.3125,-0.9375,-70.875,8.4296875,-1.12109375,-5.75,-1.9375,-28.625,-15.875,0,1,1265,1997,1002,1
4,266838,178,0.717307046723838,0.9587084566789758,0.9764397106845302,0.9393902401806695,0.9101535081026643,0.8721274452955717,0.684133426923429,0.06076235236671041,-0.21567430646687216,-0.2589495529038362,-0.24396496475112156,-0.2031617175817133,0.13202307199316385,0.27780999176000243,-0.008178960539567248,-0.22464674825281533,-0.3348185674611652,-0.44508194219794306,3.29736328125,3.297607421875,3.248046875,3.2060546875,3.185546875,3.152099609375,1.088134765625,-0.8184759056367688,0.08169804986724448,0.5631580553605762,0.07919553209021271,0.79052734375,-0.55859375,-0.240234375,0.101806640625,-0.0587158203125,-0.003662109375,0.164794921875,0.7313232421875,-0.68994140625,1.0,0.35239722891933956,0.23953978087710195,-0.9046906949064608,3.051850947599719e-05,0.0,0.0,-0.9943845942564166,-0.641590624713889,-0.9976500747703482,-56.4375,-1.0625,-70.6875,8.98828125,-1.078125,-4.859375,-1.6875,-28.0625,-15.9375,0,1,1179,1997,1001,1
4,266888,179,0.7491378521073031,0.9726859340189825,0.9613940855128635,0.9101535081026643,0.8721274452955717,0.825617236854152,0.6357310708944975,-0.02447584459974975,-0.24906155583361309,-0.24396496475112156,-0.2031617175817133,-0.1456648457289346,0.18619342631305888,0.23081148716696676,-0.11697744682149724,-0.3348185674611652,-0.44508194219794306,-0.5451216162602619,3.3017578125,3.292724609375,3.2333984375,3.185546875,3.152099609375,3.12744140625,0.79736328125,-0.7854243598742637,0.16278572954496903,0.5873592333750419,0.10776085695974609,0.791015625,-0.502685546875,-0.304443359375,0.1083984375,-0.060546875,-0.0003662109375,0.162109375,0.7303466796875,-0.7137451171875,1.0,0.2871486556596576,0.37897885067293313,-0.879726554155095,3.051850947599719e-05,0.0,0.0,-0.9904477065340129,-0.11398663289284951,-0.9927365947447127,-55.8125,-1.125,-70.5,9.30078125,-0.9296875,-4.2890625,-1.5,-27.5625,-16.0625,0,1,1443,1995,1003,1
4,266939,180,0.7854548783837397,0.9804986724448378,0.9393902401806695,0.8721274452955717,0.825617236854152,0.28650776696066166,0.5718863490707113,-0.09826960051271096,-0.2589495529038362,-0.2031617175817133,-0.1456648457289346,0.027924436170537432,0.23664052247688222,0.17014069032868434,-0.22464674825281533,-0.44508194219794306,-0.5451216162602619,-0.9576708273567919,3.3046875,3.2783203125,3.2060546875,3.152099609375,3.12744140625,2.3056640625,7.999755859375,-0.7459944456312754,0.228400524918363,0.6119571520126957,0.12970366527298807,1.726318359375,-0.40576171875,-0.29638671875,0.0732421875,-0.062744140625,-0.0069580078125,0.2327880859375,0.550537109375,-0.7626953125,0.9952391125217445,0.21924497207556384,0.4922635578478347,-0.8423718985564745,0.0,0.0,-3.051850947599719e-05,-0.8827478865932188,-0.4860683004242073,-1.0,-54.8125,-1.25,-24.125,9.9296875,-0.5390625,20.12109375,-1.25,-27.0,-16.1875,0,1,1256,1941,1000,1
4,266979,181,0.8228705710013123,0.9818414868617816,0.9101535081026643,0.825617236854152,0.28650776696066166,0.2161015655995361,0.4922330393383587,-0.17548142948698386,-0.24396496475112156,-0.1456648457289346,0.027924436170537432,0.13098544267097995,0.28388317514572586,0.07193212683492538,-0.3348185674611652,-0.5451216162602619,-0.9576708273567919,-0.967528305917539,3.306640625,3.26123046875,3.185546875,3.12744140625,2.3056640625,2.274658203125,1.00244140625,-0.7151097140415662,0.2751853999450667,0.6253852961821345,0.14749595629749443,1.755859375,-0.306884765625,-0.224365234375,0.054443359375,-0.068115234375,-0.003173828125,0.2027587890625,0.551025390625,-0.7855224609375,0.9948728904080325,0.1773735770744957,0.5741752372814112,-0.7992797631763665,0.0,0.0,-6.103701895199438e-05,-0.9934080019531846,-0.8446913052766503,-0.9929807428205206,-54.125,-1.3125,-23.3125,10.21875,-0.19140625,20.41015625,-1.0625,-26.4375,-16.3125,0,1,1077,1996,1003,1
4,267040,182,0.8619647816400647,0.9764397106845302,0.8721274452955717,0.28650776696066166,0.2161015655995361,0.11371196630756554,0.4033326212347789,-0.21567430646687216,-0.2031617175817133,0.027924436170537432,0.13098544267097995,0.22769859920041505,0.3071687978759117,-0.008178960539567248,-0.44508194219794306,-0.9576708273567919,-0.967528305917539,-0.9670705282753991,3.307861328125,3.248046875,3.152099609375,2.3056640625,2.274658203125,2.2275390625,1.531494140625,-0.67421491134373,0.3204748680074465,0.6462599566637165,0.15833002716147343,1.799072265625,-0.352783203125,-0.170166015625,0.065185546875,-0.066162109375,-0.0213623046875,0.2542724609375,0.551513671875,-0.8372802734375,0.9944456312753686,0.119632557145909,0.6463209936826685,-0.7536240730002747,0.0,0.0,-6.103701895199438e-05,-0.9918820764793848,-0.097750785851619,-0.9896847437971129,-53.0625,-1.3125,-22.0625,10.87890625,0.30078125,20.69921875,-0.875,-25.875,-16.375,0,1,1451,1995,1005,1
