<?xml version="1.0" encoding="UTF-8"?>
<gpx creator="blackbox_decode v8.0.0 INAV c4f2026" version="1.1" xmlns="http://www.topografix.com/GPX/1/1" xmlns:xsi="http://www.w3.org/2001/XMLSchema-instance" xsi:schemaLocation="http://www.topografix.com/GPX/1/1 http://www.topografix.com/GPX/1/1/gpx.xsd">
<metadata><name>Blackbox flight log</name>
 <link href="https://github.com/iNavFlight/blackbox-tools">
 <text>INAV Blackbox Tools</text>
 </link>
</metadata>
<trk><name>Blackbox flight log</name><trkseg>
  <trkpt lat="37.4117801" lon="-121.9951231"><ele>5</ele><time>2026-04-17T23:46:41.093696Z</time></trkpt>
  <trkpt lat="37.4117801" lon="-121.9951231"><ele>5</ele><time>2026-04-17T23:46:41.101457Z</time></trkpt>
  <trkpt lat="37.4117802" lon="-121.9951233"><ele>5</ele><time>2026-04-17T23:46:41.120658Z</time></trkpt>
  <trkpt lat="37.4117802" lon="-121.9951235"><ele>5</ele><time>2026-04-17T23:46:41.221407Z</time></trkpt>
  <trkpt lat="37.4117801" lon="-121.9951237"><ele>5</ele><time>2026-04-17T23:46:41.321972Z</time></trkpt>
  <trkpt lat="37.4117801" lon="-121.9951239"><ele>5</ele><time>2026-04-17T23:46:41.422780Z</time></trkpt>
  <trkpt lat="37.4117800" lon="-121.9951240"><ele>5</ele><time>2026-04-17T23:46:41.523059Z</time></trkpt>
  <trkpt lat="37.4117801" lon="-121.9951241"><ele>5</ele><time>2026-04-17T23:46:41.724890Z</time></trkpt>
  <trkpt lat="37.4117801" lon="-121.9951242"><ele>5</ele><time>2026-04-17T23:46:41.825720Z</time></trkpt>
  <trkpt lat="37.4117802" lon="-121.9951243"><ele>5</ele><time>2026-04-17T23:46:41.926641Z</time></trkpt>
  <trkpt lat="37.4117803" lon="-121.9951245"><ele>5</ele><time>2026-04-17T23:46:42.007269Z</time></trkpt>
  <trkpt lat="37.4117804" lon="-121.9951246"><ele>5</ele><time>2026-04-17T23:46:42.107963Z</time></trkpt>
  <trkpt lat="37.4117804" lon="-121.9951247"><ele>5</ele><time>2026-04-17T23:46:42.208237Z</time></trkpt>
  <trkpt lat="37.4117805" lon="-121.9951248"><ele>5</ele><time>2026-04-17T23:46:42.309218Z</time></trkpt>
  <trkpt lat="37.4117805" lon="-121.9951249"><ele>5</ele><time>2026-04-17T23:46:42.409995Z</time></trkpt>
  <trkpt lat="37.4117806" lon="-121.9951249"><ele>5</ele><time>2026-04-17T23:46:42.510428Z</time></trkpt>
  <trkpt lat="37.4117807" lon="-121.9951249"><ele>5</ele><time>2026-04-17T23:46:42.712271Z</time></trkpt>
  <trkpt lat="37.4117808" lon="-121.9951249"><ele>5</ele><time>2026-04-17T23:46:42.813111Z</time></trkpt>
  <trkpt lat="37.4117809" lon="-121.9951249"><ele>5</ele><time>2026-04-17T23:46:42.913395Z</time></trkpt>
  <trkpt lat="37.4117809" lon="-121.9951250"><ele>5</ele><time>2026-04-17T23:46:43.014937Z</time></trkpt>
  <trkpt lat="37.4117811" lon="-121.9951250"><ele>5</ele><time>2026-04-17T23:46:43.215440Z</time></trkpt>
  <trkpt lat="37.4117811" lon="-121.9951250"><ele>5</ele><time>2026-04-17T23:46:43.234007Z</time></trkpt>
  <trkpt lat="37.4117812" lon="-121.9951251"><ele>5</ele><time>2026-04-17T23:46:43.316393Z</time></trkpt>
  <trkpt lat="37.4117813" lon="-121.9951252"><ele>5</ele><time>2026-04-17T23:46:43.416978Z</time></trkpt>
  <trkpt lat="37.4117814" lon="-121.9951254"><ele>5</ele><time>2026-04-17T23:46:43.517253Z</time></trkpt>
  <trkpt lat="37.4117814" lon="-121.9951255"><ele>5</ele><time>2026-04-17T23:46:43.618018Z</time></trkpt>
  <trkpt lat="37.4117814" lon="-121.9951256"><ele>5</ele><time>2026-04-17T23:46:43.818753Z</time></trkpt>
  <trkpt lat="37.4117814" lon="-121.9951257"><ele>5</ele><time>2026-04-17T23:46:43.919492Z</time></trkpt>
  <trkpt lat="37.4117814" lon="-121.9951258"><ele>5</ele><time>2026-04-17T23:46:44.020940Z</time></trkpt>
  <trkpt lat="37.4117815" lon="-121.9951259"><ele>5</ele><time>2026-04-17T23:46:44.220978Z</time></trkpt>
  <trkpt lat="37.4117816" lon="-121.9951259"><ele>5</ele><time>2026-04-17T23:46:44.422574Z</time></trkpt>
  <trkpt lat="37.4117817" lon="-121.9951258"><ele>5</ele><time>2026-04-17T23:46:44.522929Z</time></trkpt>
  <trkpt lat="37.4117819" lon="-121.9951257"><ele>5</ele><time>2026-04-17T23:46:44.623583Z</time></trkpt>
  <trkpt lat="37.4117821" lon="-121.9951257"><ele>5</ele><time>2026-04-17T23:46:44.704360Z</time></trkpt>
  <trkpt lat="37.4117822" lon="-121.9951255"><ele>5</ele><time>2026-04-17T23:46:44.804962Z</time></trkpt>
  <trkpt lat="37.4117823" lon="-121.9951255"><ele>5</ele><time>2026-04-17T23:46:44.905450Z</time></trkpt>
  <trkpt lat="37.4117824" lon="-121.9951254"><ele>5</ele><time>2026-04-17T23:46:45.006117Z</time></trkpt>
  <trkpt lat="37.4117825" lon="-121.9951254"><ele>5</ele><time>2026-04-17T23:46:45.106883Z</time></trkpt>
  <trkpt lat="37.4117825" lon="-121.9951253"><ele>5</ele><time>2026-04-17T23:46:45.208109Z</time></trkpt>
  <trkpt lat="37.4117825" lon="-121.9951252"><ele>4</ele><time>2026-04-17T23:46:45.308934Z</time></trkpt>
  <trkpt lat="37.4117825" lon="-121.9951252"><ele>4</ele><time>2026-04-17T23:46:45.353403Z</time></trkpt>
  <trkpt lat="37.4117826" lon="-121.9951252"><ele>4</ele><time>2026-04-17T23:46:45.511235Z</time></trkpt>
  <trkpt lat="37.4117826" lon="-121.9951251"><ele>4</ele><time>2026-04-17T23:46:45.611786Z</time></trkpt>
  <trkpt lat="37.4117827" lon="-121.9951251"><ele>4</ele><time>2026-04-17T23:46:45.813743Z</time></trkpt>
  <trkpt lat="37.4117828" lon="-121.9951250"><ele>4</ele><time>2026-04-17T23:46:45.914443Z</time></trkpt>
  <trkpt lat="37.4117827" lon="-121.9951252"><ele>4</ele><time>2026-04-17T23:46:46.015748Z</time></trkpt>
  <trkpt lat="37.4117828" lon="-121.9951252"><ele>4</ele><time>2026-04-17T23:46:46.096443Z</time></trkpt>
  <trkpt lat="37.4117829" lon="-121.9951256"><ele>4</ele><time>2026-04-17T23:46:46.196817Z</time></trkpt>
  <trkpt lat="37.4117829" lon="-121.9951258"><ele>4</ele><time>2026-04-17T23:46:46.317339Z</time></trkpt>
  <trkpt lat="37.4117829" lon="-121.9951259"><ele>4</ele><time>2026-04-17T23:46:46.398027Z</time></trkpt>
  <trkpt lat="37.4117828" lon="-121.9951260"><ele>4</ele><time>2026-04-17T23:46:46.599496Z</time></trkpt>
  <trkpt lat="37.4117825" lon="-121.9951261"><ele>4</ele><time>2026-04-17T23:46:46.700058Z</time></trkpt>
  <trkpt lat="37.4117821" lon="-121.9951259"><ele>4</ele><time>2026-04-17T23:46:46.800838Z</time></trkpt>
  <trkpt lat="37.4117817" lon="-121.9951255"><ele>4</ele><time>2026-04-17T23:46:46.901326Z</time></trkpt>
  <trkpt lat="37.4117812" lon="-121.9951251"><ele>4</ele><time>2026-04-17T23:46:47.002479Z</time></trkpt>
  <trkpt lat="37.4117807" lon="-121.9951246"><ele>4</ele><time>2026-04-17T23:46:47.102615Z</time></trkpt>
  <trkpt lat="37.4117802" lon="-121.9951240"><ele>4</ele><time>2026-04-17T23:46:47.203158Z</time></trkpt>
  <trkpt lat="37.4117799" lon="-121.9951234"><ele>4</ele><time>2026-04-17T23:46:47.304147Z</time></trkpt>
  <trkpt lat="37.4117799" lon="-121.9951230"><ele>4</ele><time>2026-04-17T23:46:47.404872Z</time></trkpt>
  <trkpt lat="37.4117799" lon="-121.9951230"><ele>4</ele><time>2026-04-17T23:46:47.474018Z</time></trkpt>
  <trkpt lat="37.4117802" lon="-121.9951228"><ele>4</ele><time>2026-04-17T23:46:47.505576Z</time></trkpt>
  <trkpt lat="37.4117810" lon="-121.9951231"><ele>4</ele><time>2026-04-17T23:46:47.606667Z</time></trkpt>
  <trkpt lat="37.4117825" lon="-121.9951241"><ele>4</ele><time>2026-04-17T23:46:47.707501Z</time></trkpt>
  <trkpt lat="37.4117850" lon="-121.9951263"><ele>4</ele><time>2026-04-17T23:46:47.807942Z</time></trkpt>
  <trkpt lat="37.4117881" lon="-121.9951295"><ele>4</ele><time>2026-04-17T23:46:47.908573Z</time></trkpt>
  <trkpt lat="37.4117914" lon="-121.9951333"><ele>4</ele><time>2026-04-17T23:46:48.009586Z</time></trkpt>
  <trkpt lat="37.4117948" lon="-121.9951372"><ele>5</ele><time>2026-04-17T23:46:48.110158Z</time></trkpt>
  <trkpt lat="37.4117983" lon="-121.9951412"><ele>5</ele><time>2026-04-17T23:46:48.210919Z</time></trkpt>
  <trkpt lat="37.4118021" lon="-121.9951454"><ele>5</ele><time>2026-04-17T23:46:48.291812Z</time></trkpt>
  <trkpt lat="37.4118067" lon="-121.9951494"><ele>5</ele><time>2026-04-17T23:46:48.412455Z</time></trkpt>
  <trkpt lat="37.4118119" lon="-121.9951535"><ele>6</ele><time>2026-04-17T23:46:48.492746Z</time></trkpt>
  <trkpt lat="37.4118176" lon="-121.9951578"><ele>6</ele><time>2026-04-17T23:46:48.594055Z</time></trkpt>
  <trkpt lat="37.4118234" lon="-121.9951625"><ele>6</ele><time>2026-04-17T23:46:48.694062Z</time></trkpt>
  <trkpt lat="37.4118297" lon="-121.9951673"><ele>7</ele><time>2026-04-17T23:46:48.794606Z</time></trkpt>
  <trkpt lat="37.4118362" lon="-121.9951724"><ele>7</ele><time>2026-04-17T23:46:48.895679Z</time></trkpt>
  <trkpt lat="37.4118430" lon="-121.9951775"><ele>7</ele><time>2026-04-17T23:46:48.996245Z</time></trkpt>
  <trkpt lat="37.4118501" lon="-121.9951820"><ele>8</ele><time>2026-04-17T23:46:49.096473Z</time></trkpt>
  <trkpt lat="37.4118576" lon="-121.9951861"><ele>8</ele><time>2026-04-17T23:46:49.197498Z</time></trkpt>
  <trkpt lat="37.4118652" lon="-121.9951901"><ele>9</ele><time>2026-04-17T23:46:49.298669Z</time></trkpt>
  <trkpt lat="37.4118728" lon="-121.9951939"><ele>9</ele><time>2026-04-17T23:46:49.398761Z</time></trkpt>
  <trkpt lat="37.4118800" lon="-121.9951977"><ele>10</ele><time>2026-04-17T23:46:49.499459Z</time></trkpt>
  <trkpt lat="37.4118868" lon="-121.9952017"><ele>11</ele><time>2026-04-17T23:46:49.601012Z</time></trkpt>
  <trkpt lat="37.4118868" lon="-121.9952017"><ele>11</ele><time>2026-04-17T23:46:49.621896Z</time></trkpt>
  <trkpt lat="37.4118935" lon="-121.9952056"><ele>12</ele><time>2026-04-17T23:46:49.701939Z</time></trkpt>
  <trkpt lat="37.4119001" lon="-121.9952096"><ele>13</ele><time>2026-04-17T23:46:49.802572Z</time></trkpt>
  <trkpt lat="37.4119066" lon="-121.9952139"><ele>13</ele><time>2026-04-17T23:46:49.903565Z</time></trkpt>
  <trkpt lat="37.4119128" lon="-121.9952182"><ele>14</ele><time>2026-04-17T23:46:50.003857Z</time></trkpt>
  <trkpt lat="37.4119189" lon="-121.9952228"><ele>15</ele><time>2026-04-17T23:46:50.105214Z</time></trkpt>
  <trkpt lat="37.4119249" lon="-121.9952273"><ele>16</ele><time>2026-04-17T23:46:50.205676Z</time></trkpt>
  <trkpt lat="37.4119310" lon="-121.9952317"><ele>17</ele><time>2026-04-17T23:46:50.306304Z</time></trkpt>
  <trkpt lat="37.4119366" lon="-121.9952361"><ele>18</ele><time>2026-04-17T23:46:50.406808Z</time></trkpt>
  <trkpt lat="37.4119422" lon="-121.9952407"><ele>19</ele><time>2026-04-17T23:46:50.507918Z</time></trkpt>
  <trkpt lat="37.4119482" lon="-121.9952454"><ele>20</ele><time>2026-04-17T23:46:50.608458Z</time></trkpt>
  <trkpt lat="37.4119544" lon="-121.9952499"><ele>21</ele><time>2026-04-17T23:46:50.708857Z</time></trkpt>
  <trkpt lat="37.4119606" lon="-121.9952542"><ele>21</ele><time>2026-04-17T23:46:50.789796Z</time></trkpt>
  <trkpt lat="37.4119667" lon="-121.9952589"><ele>22</ele><time>2026-04-17T23:46:50.910405Z</time></trkpt>
  <trkpt lat="37.4119727" lon="-121.9952638"><ele>23</ele><time>2026-04-17T23:46:50.990812Z</time></trkpt>
  <trkpt lat="37.4119791" lon="-121.9952686"><ele>24</ele><time>2026-04-17T23:46:51.091353Z</time></trkpt>
  <trkpt lat="37.4119857" lon="-121.9952732"><ele>24</ele><time>2026-04-17T23:46:51.192088Z</time></trkpt>
  <trkpt lat="37.4119925" lon="-121.9952778"><ele>25</ele><time>2026-04-17T23:46:51.292636Z</time></trkpt>
  <trkpt lat="37.4119993" lon="-121.9952824"><ele>26</ele><time>2026-04-17T23:46:51.393844Z</time></trkpt>
  <trkpt lat="37.4120061" lon="-121.9952869"><ele>26</ele><time>2026-04-17T23:46:51.494782Z</time></trkpt>
  <trkpt lat="37.4120129" lon="-121.9952915"><ele>27</ele><time>2026-04-17T23:46:51.595134Z</time></trkpt>
  <trkpt lat="37.4120198" lon="-121.9952961"><ele>28</ele><time>2026-04-17T23:46:51.695803Z</time></trkpt>
  <trkpt lat="37.4120198" lon="-121.9952961"><ele>28</ele><time>2026-04-17T23:46:51.766549Z</time></trkpt>
  <trkpt lat="37.4120266" lon="-121.9953009"><ele>28</ele><time>2026-04-17T23:46:51.796840Z</time></trkpt>
  <trkpt lat="37.4120336" lon="-121.9953055"><ele>29</ele><time>2026-04-17T23:46:51.897330Z</time></trkpt>
  <trkpt lat="37.4120410" lon="-121.9953096"><ele>29</ele><time>2026-04-17T23:46:51.998443Z</time></trkpt>
  <trkpt lat="37.4120484" lon="-121.9953138"><ele>30</ele><time>2026-04-17T23:46:52.098694Z</time></trkpt>
  <trkpt lat="37.4120558" lon="-121.9953179"><ele>30</ele><time>2026-04-17T23:46:52.199315Z</time></trkpt>
  <trkpt lat="37.4120632" lon="-121.9953220"><ele>31</ele><time>2026-04-17T23:46:52.299710Z</time></trkpt>
  <trkpt lat="37.4120707" lon="-121.9953261"><ele>31</ele><time>2026-04-17T23:46:52.400691Z</time></trkpt>
  <trkpt lat="37.4120782" lon="-121.9953303"><ele>32</ele><time>2026-04-17T23:46:52.500789Z</time></trkpt>
  <trkpt lat="37.4120853" lon="-121.9953347"><ele>32</ele><time>2026-04-17T23:46:52.601469Z</time></trkpt>
  <trkpt lat="37.4120923" lon="-121.9953392"><ele>33</ele><time>2026-04-17T23:46:52.702183Z</time></trkpt>
  <trkpt lat="37.4120992" lon="-121.9953435"><ele>34</ele><time>2026-04-17T23:46:52.802551Z</time></trkpt>
  <trkpt lat="37.4121064" lon="-121.9953477"><ele>34</ele><time>2026-04-17T23:46:52.902798Z</time></trkpt>
  <trkpt lat="37.4121134" lon="-121.9953521"><ele>34</ele><time>2026-04-17T23:46:53.003121Z</time></trkpt>
  <trkpt lat="37.4121202" lon="-121.9953566"><ele>35</ele><time>2026-04-17T23:46:53.103143Z</time></trkpt>
  <trkpt lat="37.4121268" lon="-121.9953612"><ele>35</ele><time>2026-04-17T23:46:53.203791Z</time></trkpt>
  <trkpt lat="37.4121333" lon="-121.9953659"><ele>36</ele><time>2026-04-17T23:46:53.304921Z</time></trkpt>
  <trkpt lat="37.4121398" lon="-121.9953704"><ele>36</ele><time>2026-04-17T23:46:53.405589Z</time></trkpt>
  <trkpt lat="37.4121463" lon="-121.9953750"><ele>37</ele><time>2026-04-17T23:46:53.505802Z</time></trkpt>
  <trkpt lat="37.4121528" lon="-121.9953795"><ele>37</ele><time>2026-04-17T23:46:53.587366Z</time></trkpt>
  <trkpt lat="37.4121594" lon="-121.9953841"><ele>38</ele><time>2026-04-17T23:46:53.707870Z</time></trkpt>
  <trkpt lat="37.4121660" lon="-121.9953888"><ele>38</ele><time>2026-04-17T23:46:53.788597Z</time></trkpt>
  <trkpt lat="37.4121728" lon="-121.9953937"><ele>38</ele><time>2026-04-17T23:46:53.889316Z</time></trkpt>
  <trkpt lat="37.4121728" lon="-121.9953937"><ele>38</ele><time>2026-04-17T23:46:53.923623Z</time></trkpt>
  <trkpt lat="37.4121797" lon="-121.9953988"><ele>39</ele><time>2026-04-17T23:46:53.990300Z</time></trkpt>
  <trkpt lat="37.4121867" lon="-121.9954038"><ele>39</ele><time>2026-04-17T23:46:54.091615Z</time></trkpt>
  <trkpt lat="37.4121938" lon="-121.9954089"><ele>39</ele><time>2026-04-17T23:46:54.192238Z</time></trkpt>
  <trkpt lat="37.4122010" lon="-121.9954142"><ele>39</ele><time>2026-04-17T23:46:54.293002Z</time></trkpt>
  <trkpt lat="37.4122082" lon="-121.9954195"><ele>39</ele><time>2026-04-17T23:46:54.393718Z</time></trkpt>
  <trkpt lat="37.4122158" lon="-121.9954246"><ele>39</ele><time>2026-04-17T23:46:54.494056Z</time></trkpt>
  <trkpt lat="37.4122237" lon="-121.9954292"><ele>39</ele><time>2026-04-17T23:46:54.595010Z</time></trkpt>
  <trkpt lat="37.4122316" lon="-121.9954334"><ele>40</ele><time>2026-04-17T23:46:54.696293Z</time></trkpt>
  <trkpt lat="37.4122394" lon="-121.9954376"><ele>40</ele><time>2026-04-17T23:46:54.796918Z</time></trkpt>
  <trkpt lat="37.4122470" lon="-121.9954416"><ele>40</ele><time>2026-04-17T23:46:54.897663Z</time></trkpt>
  <trkpt lat="37.4122541" lon="-121.9954455"><ele>41</ele><time>2026-04-17T23:46:54.998403Z</time></trkpt>
  <trkpt lat="37.4122613" lon="-121.9954491"><ele>41</ele><time>2026-04-17T23:46:55.098687Z</time></trkpt>
  <trkpt lat="37.4122683" lon="-121.9954526"><ele>42</ele><time>2026-04-17T23:46:55.199334Z</time></trkpt>
  <trkpt lat="37.4122751" lon="-121.9954559"><ele>42</ele><time>2026-04-17T23:46:55.299850Z</time></trkpt>
  <trkpt lat="37.4122817" lon="-121.9954595"><ele>42</ele><time>2026-04-17T23:46:55.400362Z</time></trkpt>
  <trkpt lat="37.4122884" lon="-121.9954631"><ele>43</ele><time>2026-04-17T23:46:55.501598Z</time></trkpt>
  <trkpt lat="37.4122952" lon="-121.9954668"><ele>43</ele><time>2026-04-17T23:46:55.602654Z</time></trkpt>
  <trkpt lat="37.4123019" lon="-121.9954705"><ele>44</ele><time>2026-04-17T23:46:55.702938Z</time></trkpt>
  <trkpt lat="37.4123086" lon="-121.9954742"><ele>44</ele><time>2026-04-17T23:46:55.803618Z</time></trkpt>
  <trkpt lat="37.4123152" lon="-121.9954780"><ele>44</ele><time>2026-04-17T23:46:55.905183Z</time></trkpt>
  <trkpt lat="37.4123217" lon="-121.9954819"><ele>45</ele><time>2026-04-17T23:46:55.985791Z</time></trkpt>
  <trkpt lat="37.4123217" lon="-121.9954819"><ele>45</ele><time>2026-04-17T23:46:56.079118Z</time></trkpt>
  <trkpt lat="37.4123281" lon="-121.9954858"><ele>45</ele><time>2026-04-17T23:46:56.086815Z</time></trkpt>
  <trkpt lat="37.4123347" lon="-121.9954898"><ele>46</ele><time>2026-04-17T23:46:56.188290Z</time></trkpt>
  <trkpt lat="37.4123412" lon="-121.9954937"><ele>46</ele><time>2026-04-17T23:46:56.288476Z</time></trkpt>
  <trkpt lat="37.4123476" lon="-121.9954978"><ele>47</ele><time>2026-04-17T23:46:56.388946Z</time></trkpt>
  <trkpt lat="37.4123539" lon="-121.9955021"><ele>47</ele><time>2026-04-17T23:46:56.489100Z</time></trkpt>
  <trkpt lat="37.4123602" lon="-121.9955063"><ele>48</ele><time>2026-04-17T23:46:56.590086Z</time></trkpt>
  <trkpt lat="37.4123667" lon="-121.9955106"><ele>48</ele><time>2026-04-17T23:46:56.690501Z</time></trkpt>
  <trkpt lat="37.4123731" lon="-121.9955148"><ele>49</ele><time>2026-04-17T23:46:56.791192Z</time></trkpt>
  <trkpt lat="37.4123793" lon="-121.9955192"><ele>49</ele><time>2026-04-17T23:46:56.892165Z</time></trkpt>
  <trkpt lat="37.4123852" lon="-121.9955237"><ele>49</ele><time>2026-04-17T23:46:56.992915Z</time></trkpt>
  <trkpt lat="37.4123911" lon="-121.9955281"><ele>50</ele><time>2026-04-17T23:46:57.093457Z</time></trkpt>
  <trkpt lat="37.4123972" lon="-121.9955324"><ele>50</ele><time>2026-04-17T23:46:57.194610Z</time></trkpt>
  <trkpt lat="37.4124033" lon="-121.9955366"><ele>51</ele><time>2026-04-17T23:46:57.296243Z</time></trkpt>
  <trkpt lat="37.4124091" lon="-121.9955411"><ele>51</ele><time>2026-04-17T23:46:57.397150Z</time></trkpt>
  <trkpt lat="37.4124150" lon="-121.9955457"><ele>52</ele><time>2026-04-17T23:46:57.497261Z</time></trkpt>
  <trkpt lat="37.4124209" lon="-121.9955500"><ele>52</ele><time>2026-04-17T23:46:57.598265Z</time></trkpt>
  <trkpt lat="37.4124270" lon="-121.9955542"><ele>53</ele><time>2026-04-17T23:46:57.698916Z</time></trkpt>
  <trkpt lat="37.4124329" lon="-121.9955583"><ele>53</ele><time>2026-04-17T23:46:57.800611Z</time></trkpt>
  <trkpt lat="37.4124389" lon="-121.9955624"><ele>54</ele><time>2026-04-17T23:46:57.901163Z</time></trkpt>
  <trkpt lat="37.4124451" lon="-121.9955664"><ele>54</ele><time>2026-04-17T23:46:57.981850Z</time></trkpt>
  <trkpt lat="37.4124515" lon="-121.9955703"><ele>54</ele><time>2026-04-17T23:46:58.083136Z</time></trkpt>
  <trkpt lat="37.4124580" lon="-121.9955743"><ele>55</ele><time>2026-04-17T23:46:58.182902Z</time></trkpt>
  <trkpt lat="37.4124580" lon="-121.9955743"><ele>55</ele><time>2026-04-17T23:46:58.226453Z</time></trkpt>
  <trkpt lat="37.4124645" lon="-121.9955782"><ele>55</ele><time>2026-04-17T23:46:58.283359Z</time></trkpt>
  <trkpt lat="37.4124709" lon="-121.9955821"><ele>56</ele><time>2026-04-17T23:46:58.383849Z</time></trkpt>
  <trkpt lat="37.4124775" lon="-121.9955858"><ele>56</ele><time>2026-04-17T23:46:58.484658Z</time></trkpt>
  <trkpt lat="37.4124841" lon="-121.9955897"><ele>56</ele><time>2026-04-17T23:46:58.584998Z</time></trkpt>
  <trkpt lat="37.4124908" lon="-121.9955936"><ele>57</ele><time>2026-04-17T23:46:58.685667Z</time></trkpt>
  <trkpt lat="37.4124974" lon="-121.9955976"><ele>57</ele><time>2026-04-17T23:46:58.786151Z</time></trkpt>
  <trkpt lat="37.4125041" lon="-121.9956018"><ele>57</ele><time>2026-04-17T23:46:58.886451Z</time></trkpt>
  <trkpt lat="37.4125107" lon="-121.9956061"><ele>58</ele><time>2026-04-17T23:46:58.987176Z</time></trkpt>
  <trkpt lat="37.4125172" lon="-121.9956107"><ele>58</ele><time>2026-04-17T23:46:59.087649Z</time></trkpt>
  <trkpt lat="37.4125235" lon="-121.9956155"><ele>59</ele><time>2026-04-17T23:46:59.188325Z</time></trkpt>
  <trkpt lat="37.4125293" lon="-121.9956207"><ele>59</ele><time>2026-04-17T23:46:59.288853Z</time></trkpt>
  <trkpt lat="37.4125346" lon="-121.9956263"><ele>60</ele><time>2026-04-17T23:46:59.389681Z</time></trkpt>
  <trkpt lat="37.4125395" lon="-121.9956322"><ele>60</ele><time>2026-04-17T23:46:59.490113Z</time></trkpt>
  <trkpt lat="37.4125443" lon="-121.9956378"><ele>61</ele><time>2026-04-17T23:46:59.590755Z</time></trkpt>
  <trkpt lat="37.4125492" lon="-121.9956433"><ele>62</ele><time>2026-04-17T23:46:59.691694Z</time></trkpt>
  <trkpt lat="37.4125542" lon="-121.9956486"><ele>62</ele><time>2026-04-17T23:46:59.792832Z</time></trkpt>
  <trkpt lat="37.4125593" lon="-121.9956539"><ele>63</ele><time>2026-04-17T23:46:59.893818Z</time></trkpt>
  <trkpt lat="37.4125644" lon="-121.9956592"><ele>63</ele><time>2026-04-17T23:46:59.994229Z</time></trkpt>
  <trkpt lat="37.4125694" lon="-121.9956644"><ele>64</ele><time>2026-04-17T23:47:00.094588Z</time></trkpt>
  <trkpt lat="37.4125743" lon="-121.9956700"><ele>65</ele><time>2026-04-17T23:47:00.194796Z</time></trkpt>
  <trkpt lat="37.4125793" lon="-121.9956754"><ele>65</ele><time>2026-04-17T23:47:00.295783Z</time></trkpt>
  <trkpt lat="37.4125793" lon="-121.9956754"><ele>65</ele><time>2026-04-17T23:47:00.383783Z</time></trkpt>
  <trkpt lat="37.4125844" lon="-121.9956805"><ele>66</ele><time>2026-04-17T23:47:00.396084Z</time></trkpt>
  <trkpt lat="37.4125896" lon="-121.9956854"><ele>66</ele><time>2026-04-17T23:47:00.496296Z</time></trkpt>
  <trkpt lat="37.4125950" lon="-121.9956903"><ele>66</ele><time>2026-04-17T23:47:00.596613Z</time></trkpt>
  <trkpt lat="37.4126004" lon="-121.9956950"><ele>67</ele><time>2026-04-17T23:47:00.697914Z</time></trkpt>
  <trkpt lat="37.4126060" lon="-121.9956995"><ele>67</ele><time>2026-04-17T23:47:00.799074Z</time></trkpt>
  <trkpt lat="37.4126117" lon="-121.9957039"><ele>68</ele><time>2026-04-17T23:47:00.900129Z</time></trkpt>
  <trkpt lat="37.4126174" lon="-121.9957083"><ele>68</ele><time>2026-04-17T23:47:00.979964Z</time></trkpt>
  <trkpt lat="37.4126233" lon="-121.9957125"><ele>69</ele><time>2026-04-17T23:47:01.080275Z</time></trkpt>
  <trkpt lat="37.4126294" lon="-121.9957162"><ele>69</ele><time>2026-04-17T23:47:01.180910Z</time></trkpt>
  <trkpt lat="37.4126357" lon="-121.9957198"><ele>70</ele><time>2026-04-17T23:47:01.281776Z</time></trkpt>
  <trkpt lat="37.4126421" lon="-121.9957233"><ele>70</ele><time>2026-04-17T23:47:01.382122Z</time></trkpt>
  <trkpt lat="37.4126486" lon="-121.9957266"><ele>71</ele><time>2026-04-17T23:47:01.482824Z</time></trkpt>
  <trkpt lat="37.4126551" lon="-121.9957300"><ele>71</ele><time>2026-04-17T23:47:01.583196Z</time></trkpt>
  <trkpt lat="37.4126617" lon="-121.9957331"><ele>72</ele><time>2026-04-17T23:47:01.683681Z</time></trkpt>
  <trkpt lat="37.4126684" lon="-121.9957362"><ele>72</ele><time>2026-04-17T23:47:01.784247Z</time></trkpt>
  <trkpt lat="37.4126752" lon="-121.9957390"><ele>72</ele><time>2026-04-17T23:47:01.884594Z</time></trkpt>
  <trkpt lat="37.4126822" lon="-121.9957416"><ele>73</ele><time>2026-04-17T23:47:01.984932Z</time></trkpt>
  <trkpt lat="37.4126891" lon="-121.9957441"><ele>73</ele><time>2026-04-17T23:47:02.086136Z</time></trkpt>
  <trkpt lat="37.4126962" lon="-121.9957466"><ele>74</ele><time>2026-04-17T23:47:02.186770Z</time></trkpt>
  <trkpt lat="37.4127032" lon="-121.9957493"><ele>74</ele><time>2026-04-17T23:47:02.288319Z</time></trkpt>
  <trkpt lat="37.4127101" lon="-121.9957522"><ele>74</ele><time>2026-04-17T23:47:02.388776Z</time></trkpt>
  <trkpt lat="37.4127172" lon="-121.9957551"><ele>75</ele><time>2026-04-17T23:47:02.489208Z</time></trkpt>
  <trkpt lat="37.4127172" lon="-121.9957551"><ele>75</ele><time>2026-04-17T23:47:02.545440Z</time></trkpt>
  <trkpt lat="37.4127243" lon="-121.9957579"><ele>75</ele><time>2026-04-17T23:47:02.589471Z</time></trkpt>
  <trkpt lat="37.4127313" lon="-121.9957610"><ele>75</ele><time>2026-04-17T23:47:02.689782Z</time></trkpt>
  <trkpt lat="37.4127384" lon="-121.9957641"><ele>76</ele><time>2026-04-17T23:47:02.790143Z</time></trkpt>
  <trkpt lat="37.4127456" lon="-121.9957672"><ele>76</ele><time>2026-04-17T23:47:02.891097Z</time></trkpt>
  <trkpt lat="37.4127525" lon="-121.9957707"><ele>77</ele><time>2026-04-17T23:47:02.992007Z</time></trkpt>
  <trkpt lat="37.4127593" lon="-121.9957745"><ele>77</ele><time>2026-04-17T23:47:03.092699Z</time></trkpt>
  <trkpt lat="37.4127660" lon="-121.9957785"><ele>77</ele><time>2026-04-17T23:47:03.192452Z</time></trkpt>
  <trkpt lat="37.4127727" lon="-121.9957825"><ele>78</ele><time>2026-04-17T23:47:03.293735Z</time></trkpt>
  <trkpt lat="37.4127796" lon="-121.9957864"><ele>78</ele><time>2026-04-17T23:47:03.394356Z</time></trkpt>
  <trkpt lat="37.4127867" lon="-121.9957900"><ele>79</ele><time>2026-04-17T23:47:03.494903Z</time></trkpt>
  <trkpt lat="37.4127939" lon="-121.9957935"><ele>79</ele><time>2026-04-17T23:47:03.595399Z</time></trkpt>
  <trkpt lat="37.4128011" lon="-121.9957971"><ele>79</ele><time>2026-04-17T23:47:03.675660Z</time></trkpt>
  <trkpt lat="37.4128083" lon="-121.9958006"><ele>80</ele><time>2026-04-17T23:47:03.796130Z</time></trkpt>
  <trkpt lat="37.4128156" lon="-121.9958040"><ele>80</ele><time>2026-04-17T23:47:03.876748Z</time></trkpt>
  <trkpt lat="37.4128229" lon="-121.9958073"><ele>80</ele><time>2026-04-17T23:47:03.977097Z</time></trkpt>
  <trkpt lat="37.4128300" lon="-121.9958107"><ele>81</ele><time>2026-04-17T23:47:04.077423Z</time></trkpt>
  <trkpt lat="37.4128373" lon="-121.9958140"><ele>81</ele><time>2026-04-17T23:47:04.177540Z</time></trkpt>
  <trkpt lat="37.4128445" lon="-121.9958173"><ele>81</ele><time>2026-04-17T23:47:04.277783Z</time></trkpt>
  <trkpt lat="37.4128516" lon="-121.9958206"><ele>82</ele><time>2026-04-17T23:47:04.378283Z</time></trkpt>
  <trkpt lat="37.4128584" lon="-121.9958244"><ele>82</ele><time>2026-04-17T23:47:04.478589Z</time></trkpt>
  <trkpt lat="37.4128650" lon="-121.9958285"><ele>83</ele><time>2026-04-17T23:47:04.579486Z</time></trkpt>
  <trkpt lat="37.4128716" lon="-121.9958326"><ele>83</ele><time>2026-04-17T23:47:04.680655Z</time></trkpt>
  <trkpt lat="37.4128716" lon="-121.9958326"><ele>83</ele><time>2026-04-17T23:47:04.690484Z</time></trkpt>
  <trkpt lat="37.4128779" lon="-121.9958372"><ele>83</ele><time>2026-04-17T23:47:04.780875Z</time></trkpt>
  <trkpt lat="37.4128841" lon="-121.9958420"><ele>84</ele><time>2026-04-17T23:47:04.881669Z</time></trkpt>
  <trkpt lat="37.4128903" lon="-121.9958469"><ele>84</ele><time>2026-04-17T23:47:04.982277Z</time></trkpt>
  <trkpt lat="37.4128967" lon="-121.9958519"><ele>85</ele><time>2026-04-17T23:47:05.082955Z</time></trkpt>
  <trkpt lat="37.4129033" lon="-121.9958569"><ele>85</ele><time>2026-04-17T23:47:05.183827Z</time></trkpt>
  <trkpt lat="37.4129102" lon="-121.9958618"><ele>85</ele><time>2026-04-17T23:47:05.284025Z</time></trkpt>
  <trkpt lat="37.4129173" lon="-121.9958667"><ele>85</ele><time>2026-04-17T23:47:05.385828Z</time></trkpt>
  <trkpt lat="37.4129245" lon="-121.9958714"><ele>85</ele><time>2026-04-17T23:47:05.486520Z</time></trkpt>
  <trkpt lat="37.4129319" lon="-121.9958758"><ele>86</ele><time>2026-04-17T23:47:05.587382Z</time></trkpt>
  <trkpt lat="37.4129395" lon="-121.9958800"><ele>86</ele><time>2026-04-17T23:47:05.687877Z</time></trkpt>
  <trkpt lat="37.4129471" lon="-121.9958838"><ele>86</ele><time>2026-04-17T23:47:05.788739Z</time></trkpt>
  <trkpt lat="37.4129547" lon="-121.9958873"><ele>87</ele><time>2026-04-17T23:47:05.889086Z</time></trkpt>
  <trkpt lat="37.4129623" lon="-121.9958904"><ele>87</ele><time>2026-04-17T23:47:05.989365Z</time></trkpt>
  <trkpt lat="37.4129699" lon="-121.9958930"><ele>87</ele><time>2026-04-17T23:47:06.089947Z</time></trkpt>
  <trkpt lat="37.4129774" lon="-121.9958955"><ele>88</ele><time>2026-04-17T23:47:06.190504Z</time></trkpt>
  <trkpt lat="37.4129852" lon="-121.9958978"><ele>88</ele><time>2026-04-17T23:47:06.291577Z</time></trkpt>
  <trkpt lat="37.4129928" lon="-121.9959005"><ele>89</ele><time>2026-04-17T23:47:06.391845Z</time></trkpt>
  <trkpt lat="37.4130004" lon="-121.9959030"><ele>89</ele><time>2026-04-17T23:47:06.492068Z</time></trkpt>
  <trkpt lat="37.4130081" lon="-121.9959055"><ele>89</ele><time>2026-04-17T23:47:06.572794Z</time></trkpt>
  <trkpt lat="37.4130157" lon="-121.9959083"><ele>90</ele><time>2026-04-17T23:47:06.673550Z</time></trkpt>
  <trkpt lat="37.4130229" lon="-121.9959116"><ele>90</ele><time>2026-04-17T23:47:06.773884Z</time></trkpt>
  <trkpt lat="37.4130229" lon="-121.9959116"><ele>90</ele><time>2026-04-17T23:47:06.851731Z</time></trkpt>
  <trkpt lat="37.4130297" lon="-121.9959156"><ele>91</ele><time>2026-04-17T23:47:06.873928Z</time></trkpt>
  <trkpt lat="37.4130363" lon="-121.9959201"><ele>91</ele><time>2026-04-17T23:47:06.974031Z</time></trkpt>
  <trkpt lat="37.4130428" lon="-121.9959250"><ele>91</ele><time>2026-04-17T23:47:07.074640Z</time></trkpt>
  <trkpt lat="37.4130493" lon="-121.9959297"><ele>92</ele><time>2026-04-17T23:47:07.175494Z</time></trkpt>
  <trkpt lat="37.4130557" lon="-121.9959345"><ele>92</ele><time>2026-04-17T23:47:07.276623Z</time></trkpt>
  <trkpt lat="37.4130619" lon="-121.9959397"><ele>93</ele><time>2026-04-17T23:47:07.377047Z</time></trkpt>
  <trkpt lat="37.4130681" lon="-121.9959452"><ele>93</ele><time>2026-04-17T23:47:07.477961Z</time></trkpt>
  <trkpt lat="37.4130743" lon="-121.9959508"><ele>93</ele><time>2026-04-17T23:47:07.578026Z</time></trkpt>
  <trkpt lat="37.4130804" lon="-121.9959567"><ele>94</ele><time>2026-04-17T23:47:07.678836Z</time></trkpt>
  <trkpt lat="37.4130863" lon="-121.9959629"><ele>94</ele><time>2026-04-17T23:47:07.779142Z</time></trkpt>
  <trkpt lat="37.4130923" lon="-121.9959694"><ele>94</ele><time>2026-04-17T23:47:07.879575Z</time></trkpt>
  <trkpt lat="37.4130982" lon="-121.9959760"><ele>95</ele><time>2026-04-17T23:47:07.979849Z</time></trkpt>
  <trkpt lat="37.4131042" lon="-121.9959828"><ele>95</ele><time>2026-04-17T23:47:08.080563Z</time></trkpt>
  <trkpt lat="37.4131102" lon="-121.9959898"><ele>95</ele><time>2026-04-17T23:47:08.181088Z</time></trkpt>
  <trkpt lat="37.4131160" lon="-121.9959970"><ele>95</ele><time>2026-04-17T23:47:08.281891Z</time></trkpt>
  <trkpt lat="37.4131217" lon="-121.9960046"><ele>95</ele><time>2026-04-17T23:47:08.382701Z</time></trkpt>
  <trkpt lat="37.4131273" lon="-121.9960124"><ele>96</ele><time>2026-04-17T23:47:08.483040Z</time></trkpt>
  <trkpt lat="37.4131330" lon="-121.9960203"><ele>96</ele><time>2026-04-17T23:47:08.583771Z</time></trkpt>
  <trkpt lat="37.4131386" lon="-121.9960283"><ele>96</ele><time>2026-04-17T23:47:08.684943Z</time></trkpt>
  <trkpt lat="37.4131442" lon="-121.9960362"><ele>96</ele><time>2026-04-17T23:47:08.784982Z</time></trkpt>
  <trkpt lat="37.4131498" lon="-121.9960440"><ele>97</ele><time>2026-04-17T23:47:08.885623Z</time></trkpt>
  <trkpt lat="37.4131556" lon="-121.9960516"><ele>97</ele><time>2026-04-17T23:47:08.986211Z</time></trkpt>
  <trkpt lat="37.4131556" lon="-121.9960516"><ele>97</ele><time>2026-04-17T23:47:09.007044Z</time></trkpt>
  <trkpt lat="37.4131617" lon="-121.9960589"><ele>97</ele><time>2026-04-17T23:47:09.087573Z</time></trkpt>
  <trkpt lat="37.4131681" lon="-121.9960661"><ele>98</ele><time>2026-04-17T23:47:09.187899Z</time></trkpt>
  <trkpt lat="37.4131748" lon="-121.9960725"><ele>98</ele><time>2026-04-17T23:47:09.288122Z</time></trkpt>
  <trkpt lat="37.4131818" lon="-121.9960779"><ele>98</ele><time>2026-04-17T23:47:09.388395Z</time></trkpt>
  <trkpt lat="37.4131889" lon="-121.9960822"><ele>98</ele><time>2026-04-17T23:47:09.489380Z</time></trkpt>
  <trkpt lat="37.4131959" lon="-121.9960861"><ele>99</ele><time>2026-04-17T23:47:09.570149Z</time></trkpt>
  <trkpt lat="37.4132030" lon="-121.9960896"><ele>99</ele><time>2026-04-17T23:47:09.671185Z</time></trkpt>
  <trkpt lat="37.4132099" lon="-121.9960929"><ele>100</ele><time>2026-04-17T23:47:09.771808Z</time></trkpt>
  <trkpt lat="37.4132164" lon="-121.9960960"><ele>101</ele><time>2026-04-17T23:47:09.872718Z</time></trkpt>
  <trkpt lat="37.4132230" lon="-121.9960997"><ele>101</ele><time>2026-04-17T23:47:09.972973Z</time></trkpt>
  <trkpt lat="37.4132297" lon="-121.9961036"><ele>102</ele><time>2026-04-17T23:47:10.073173Z</time></trkpt>
  <trkpt lat="37.4132364" lon="-121.9961076"><ele>102</ele><time>2026-04-17T23:47:10.173601Z</time></trkpt>
  <trkpt lat="37.4132433" lon="-121.9961119"><ele>103</ele><time>2026-04-17T23:47:10.274240Z</time></trkpt>
  <trkpt lat="37.4132500" lon="-121.9961165"><ele>103</ele><time>2026-04-17T23:47:10.374957Z</time></trkpt>
  <trkpt lat="37.4132567" lon="-121.9961214"><ele>104</ele><time>2026-04-17T23:47:10.475734Z</time></trkpt>
  <trkpt lat="37.4132633" lon="-121.9961264"><ele>104</ele><time>2026-04-17T23:47:10.576170Z</time></trkpt>
  <trkpt lat="37.4132701" lon="-121.9961315"><ele>104</ele><time>2026-04-17T23:47:10.676477Z</time></trkpt>
  <trkpt lat="37.4132771" lon="-121.9961365"><ele>105</ele><time>2026-04-17T23:47:10.777522Z</time></trkpt>
  <trkpt lat="37.4132842" lon="-121.9961415"><ele>105</ele><time>2026-04-17T23:47:10.878378Z</time></trkpt>
  <trkpt lat="37.4132916" lon="-121.9961461"><ele>105</ele><time>2026-04-17T23:47:10.978661Z</time></trkpt>
  <trkpt lat="37.4132993" lon="-121.9961505"><ele>105</ele><time>2026-04-17T23:47:11.079159Z</time></trkpt>
  <trkpt lat="37.4132993" lon="-121.9961505"><ele>105</ele><time>2026-04-17T23:47:11.165931Z</time></trkpt>
  <trkpt lat="37.4133072" lon="-121.9961544"><ele>105</ele><time>2026-04-17T23:47:11.179900Z</time></trkpt>
  <trkpt lat="37.4133153" lon="-121.9961577"><ele>106</ele><time>2026-04-17T23:47:11.279792Z</time></trkpt>
  <trkpt lat="37.4133234" lon="-121.9961606"><ele>106</ele><time>2026-04-17T23:47:11.380784Z</time></trkpt>
  <trkpt lat="37.4133314" lon="-121.9961630"><ele>107</ele><time>2026-04-17T23:47:11.481513Z</time></trkpt>
  <trkpt lat="37.4133394" lon="-121.9961653"><ele>107</ele><time>2026-04-17T23:47:11.582254Z</time></trkpt>
  <trkpt lat="37.4133474" lon="-121.9961670"><ele>108</ele><time>2026-04-17T23:47:11.682483Z</time></trkpt>
  <trkpt lat="37.4133554" lon="-121.9961685"><ele>108</ele><time>2026-04-17T23:47:11.783152Z</time></trkpt>
  <trkpt lat="37.4133634" lon="-121.9961695"><ele>109</ele><time>2026-04-17T23:47:11.883827Z</time></trkpt>
  <trkpt lat="37.4133716" lon="-121.9961703"><ele>109</ele><time>2026-04-17T23:47:11.984436Z</time></trkpt>
  <trkpt lat="37.4133799" lon="-121.9961707"><ele>110</ele><time>2026-04-17T23:47:12.085039Z</time></trkpt>
  <trkpt lat="37.4133883" lon="-121.9961708"><ele>110</ele><time>2026-04-17T23:47:12.185587Z</time></trkpt>
  <trkpt lat="37.4133968" lon="-121.9961704"><ele>110</ele><time>2026-04-17T23:47:12.285638Z</time></trkpt>
  <trkpt lat="37.4134054" lon="-121.9961699"><ele>111</ele><time>2026-04-17T23:47:12.386142Z</time></trkpt>
  <trkpt lat="37.4134140" lon="-121.9961693"><ele>111</ele><time>2026-04-17T23:47:12.466565Z</time></trkpt>
  <trkpt lat="37.4134224" lon="-121.9961691"><ele>112</ele><time>2026-04-17T23:47:12.586775Z</time></trkpt>
  <trkpt lat="37.4134307" lon="-121.9961696"><ele>112</ele><time>2026-04-17T23:47:12.667223Z</time></trkpt>
  <trkpt lat="37.4134389" lon="-121.9961710"><ele>113</ele><time>2026-04-17T23:47:12.768013Z</time></trkpt>
  <trkpt lat="37.4134466" lon="-121.9961737"><ele>113</ele><time>2026-04-17T23:47:12.868919Z</time></trkpt>
  <trkpt lat="37.4134533" lon="-121.9961784"><ele>113</ele><time>2026-04-17T23:47:12.969891Z</time></trkpt>
  <trkpt lat="37.4134581" lon="-121.9961855"><ele>113</ele><time>2026-04-17T23:47:13.070446Z</time></trkpt>
  <trkpt lat="37.4134604" lon="-121.9961948"><ele>114</ele><time>2026-04-17T23:47:13.171027Z</time></trkpt>
  <trkpt lat="37.4134603" lon="-121.9962054"><ele>114</ele><time>2026-04-17T23:47:13.271205Z</time></trkpt>
  <trkpt lat="37.4134603" lon="-121.9962054"><ele>114</ele><time>2026-04-17T23:47:13.324234Z</time></trkpt>
  <trkpt lat="37.4134582" lon="-121.9962169"><ele>114</ele><time>2026-04-17T23:47:13.371151Z</time></trkpt>
  <trkpt lat="37.4134540" lon="-121.9962289"><ele>114</ele><time>2026-04-17T23:47:13.471434Z</time></trkpt>
  <trkpt lat="37.4134468" lon="-121.9962405"><ele>114</ele><time>2026-04-17T23:47:13.572203Z</time></trkpt>
  <trkpt lat="37.4134368" lon="-121.9962511"><ele>114</ele><time>2026-04-17T23:47:13.672937Z</time></trkpt>
  <trkpt lat="37.4134252" lon="-121.9962610"><ele>113</ele><time>2026-04-17T23:47:13.773809Z</time></trkpt>
  <trkpt lat="37.4134121" lon="-121.9962694"><ele>113</ele><time>2026-04-17T23:47:13.873829Z</time></trkpt>
  <trkpt lat="37.4133970" lon="-121.9962756"><ele>113</ele><time>2026-04-17T23:47:13.974498Z</time></trkpt>
  <trkpt lat="37.4133799" lon="-121.9962790"><ele>112</ele><time>2026-04-17T23:47:14.075249Z</time></trkpt>
  <trkpt lat="37.4133617" lon="-121.9962801"><ele>112</ele><time>2026-04-17T23:47:14.176231Z</time></trkpt>
  <trkpt lat="37.4133429" lon="-121.9962794"><ele>112</ele><time>2026-04-17T23:47:14.276276Z</time></trkpt>
  <trkpt lat="37.4133235" lon="-121.9962770"><ele>112</ele><time>2026-04-17T23:47:14.376902Z</time></trkpt>
  <trkpt lat="37.4133030" lon="-121.9962727"><ele>111</ele><time>2026-04-17T23:47:14.477095Z</time></trkpt>
  <trkpt lat="37.4132818" lon="-121.9962666"><ele>111</ele><time>2026-04-17T23:47:14.578207Z</time></trkpt>
  <trkpt lat="37.4132609" lon="-121.9962602"><ele>111</ele><time>2026-04-17T23:47:14.678657Z</time></trkpt>
  <trkpt lat="37.4132398" lon="-121.9962540"><ele>111</ele><time>2026-04-17T23:47:14.779270Z</time></trkpt>
  <trkpt lat="37.4132192" lon="-121.9962477"><ele>111</ele><time>2026-04-17T23:47:14.880384Z</time></trkpt>
  <trkpt lat="37.4131985" lon="-121.9962410"><ele>111</ele><time>2026-04-17T23:47:14.980601Z</time></trkpt>
  <trkpt lat="37.4131778" lon="-121.9962340"><ele>111</ele><time>2026-04-17T23:47:15.080887Z</time></trkpt>
  <trkpt lat="37.4131572" lon="-121.9962267"><ele>111</ele><time>2026-04-17T23:47:15.181536Z</time></trkpt>
  <trkpt lat="37.4131361" lon="-121.9962189"><ele>111</ele><time>2026-04-17T23:47:15.282500Z</time></trkpt>
  <trkpt lat="37.4131155" lon="-121.9962111"><ele>111</ele><time>2026-04-17T23:47:15.383144Z</time></trkpt>
  <trkpt lat="37.4130945" lon="-121.9962028"><ele>111</ele><time>2026-04-17T23:47:15.463664Z</time></trkpt>
  <trkpt lat="37.4130945" lon="-121.9962028"><ele>111</ele><time>2026-04-17T23:47:15.470916Z</time></trkpt>
  <trkpt lat="37.4130737" lon="-121.9961945"><ele>111</ele><time>2026-04-17T23:47:15.564707Z</time></trkpt>
  <trkpt lat="37.4130528" lon="-121.9961861"><ele>112</ele><time>2026-04-17T23:47:15.664989Z</time></trkpt>
  <trkpt lat="37.4130321" lon="-121.9961774"><ele>112</ele><time>2026-04-17T23:47:15.765619Z</time></trkpt>
  <trkpt lat="37.4130114" lon="-121.9961686"><ele>112</ele><time>2026-04-17T23:47:15.867123Z</time></trkpt>
  <trkpt lat="37.4129904" lon="-121.9961594"><ele>112</ele><time>2026-04-17T23:47:15.967695Z</time></trkpt>
  <trkpt lat="37.4129696" lon="-121.9961503"><ele>112</ele><time>2026-04-17T23:47:16.068498Z</time></trkpt>
  <trkpt lat="37.4129483" lon="-121.9961407"><ele>112</ele><time>2026-04-17T23:47:16.168759Z</time></trkpt>
  <trkpt lat="37.4129278" lon="-121.9961309"><ele>112</ele><time>2026-04-17T23:47:16.269145Z</time></trkpt>
  <trkpt lat="37.4129096" lon="-121.9961212"><ele>113</ele><time>2026-04-17T23:47:16.369290Z</time></trkpt>
  <trkpt lat="37.4128923" lon="-121.9961118"><ele>113</ele><time>2026-04-17T23:47:16.469617Z</time></trkpt>
  <trkpt lat="37.4128750" lon="-121.9961036"><ele>114</ele><time>2026-04-17T23:47:16.570153Z</time></trkpt>
  <trkpt lat="37.4128587" lon="-121.9960980"><ele>115</ele><time>2026-04-17T23:47:16.671300Z</time></trkpt>
  <trkpt lat="37.4128443" lon="-121.9960947"><ele>116</ele><time>2026-04-17T23:47:16.770927Z</time></trkpt>
  <trkpt lat="37.4128287" lon="-121.9960928"><ele>117</ele><time>2026-04-17T23:47:16.871008Z</time></trkpt>
  <trkpt lat="37.4128118" lon="-121.9960929"><ele>118</ele><time>2026-04-17T23:47:16.971541Z</time></trkpt>
  <trkpt lat="37.4127960" lon="-121.9960955"><ele>119</ele><time>2026-04-17T23:47:17.071767Z</time></trkpt>
  <trkpt lat="37.4127804" lon="-121.9960990"><ele>120</ele><time>2026-04-17T23:47:17.172463Z</time></trkpt>
  <trkpt lat="37.4127643" lon="-121.9961030"><ele>120</ele><time>2026-04-17T23:47:17.272574Z</time></trkpt>
  <trkpt lat="37.4127460" lon="-121.9961064"><ele>121</ele><time>2026-04-17T23:47:17.372773Z</time></trkpt>
  <trkpt lat="37.4127270" lon="-121.9961087"><ele>122</ele><time>2026-04-17T23:47:17.473338Z</time></trkpt>
  <trkpt lat="37.4127063" lon="-121.9961104"><ele>122</ele><time>2026-04-17T23:47:17.574115Z</time></trkpt>
  <trkpt lat="37.4127063" lon="-121.9961104"><ele>122</ele><time>2026-04-17T23:47:17.621654Z</time></trkpt>
  <trkpt lat="37.4126864" lon="-121.9961123"><ele>123</ele><time>2026-04-17T23:47:17.674731Z</time></trkpt>
  <trkpt lat="37.4126689" lon="-121.9961149"><ele>124</ele><time>2026-04-17T23:47:17.775391Z</time></trkpt>
  <trkpt lat="37.4126524" lon="-121.9961156"><ele>124</ele><time>2026-04-17T23:47:17.876576Z</time></trkpt>
  <trkpt lat="37.4126348" lon="-121.9961116"><ele>124</ele><time>2026-04-17T23:47:17.977347Z</time></trkpt>
  <trkpt lat="37.4126245" lon="-121.9961004"><ele>123</ele><time>2026-04-17T23:47:18.058771Z</time></trkpt>
  <trkpt lat="37.4126182" lon="-121.9960872"><ele>122</ele><time>2026-04-17T23:47:18.159203Z</time></trkpt>
  <trkpt lat="37.4126129" lon="-121.9960758"><ele>120</ele><time>2026-04-17T23:47:18.259385Z</time></trkpt>
  <trkpt lat="37.4126120" lon="-121.9960633"><ele>119</ele><time>2026-04-17T23:47:18.360167Z</time></trkpt>
  <trkpt lat="37.4126161" lon="-121.9960537"><ele>119</ele><time>2026-04-17T23:47:18.460890Z</time></trkpt>
  <trkpt lat="37.4126264" lon="-121.9960471"><ele>119</ele><time>2026-04-17T23:47:18.561102Z</time></trkpt>
  <trkpt lat="37.4126383" lon="-121.9960429"><ele>119</ele><time>2026-04-17T23:47:18.661387Z</time></trkpt>
  <trkpt lat="37.4126498" lon="-121.9960421"><ele>119</ele><time>2026-04-17T23:47:18.761886Z</time></trkpt>
  <trkpt lat="37.4126603" lon="-121.9960410"><ele>120</ele><time>2026-04-17T23:47:18.863105Z</time></trkpt>
  <trkpt lat="37.4126703" lon="-121.9960371"><ele>121</ele><time>2026-04-17T23:47:18.963994Z</time></trkpt>
  <trkpt lat="37.4126808" lon="-121.9960315"><ele>121</ele><time>2026-04-17T23:47:19.064474Z</time></trkpt>
  <trkpt lat="37.4126922" lon="-121.9960241"><ele>122</ele><time>2026-04-17T23:47:19.165108Z</time></trkpt>
  <trkpt lat="37.4127028" lon="-121.9960147"><ele>122</ele><time>2026-04-17T23:47:19.265340Z</time></trkpt>
  <trkpt lat="37.4127129" lon="-121.9960023"><ele>121</ele><time>2026-04-17T23:47:19.365838Z</time></trkpt>
  <trkpt lat="37.4127225" lon="-121.9959881"><ele>121</ele><time>2026-04-17T23:47:19.466958Z</time></trkpt>
  <trkpt lat="37.4127306" lon="-121.9959712"><ele>121</ele><time>2026-04-17T23:47:19.568781Z</time></trkpt>
  <trkpt lat="37.4127380" lon="-121.9959524"><ele>120</ele><time>2026-04-17T23:47:19.669875Z</time></trkpt>
  <trkpt lat="37.4127440" lon="-121.9959320"><ele>119</ele><time>2026-04-17T23:47:19.770330Z</time></trkpt>
  <trkpt lat="37.4127440" lon="-121.9959320"><ele>119</ele><time>2026-04-17T23:47:19.782467Z</time></trkpt>
  <trkpt lat="37.4127478" lon="-121.9959096"><ele>118</ele><time>2026-04-17T23:47:19.871007Z</time></trkpt>
  <trkpt lat="37.4127512" lon="-121.9958864"><ele>118</ele><time>2026-04-17T23:47:19.971575Z</time></trkpt>
  <trkpt lat="37.4127549" lon="-121.9958641"><ele>117</ele><time>2026-04-17T23:47:20.072292Z</time></trkpt>
  <trkpt lat="37.4127595" lon="-121.9958460"><ele>116</ele><time>2026-04-17T23:47:20.173237Z</time></trkpt>
  <trkpt lat="37.4127641" lon="-121.9958330"><ele>115</ele><time>2026-04-17T23:47:20.274071Z</time></trkpt>
  <trkpt lat="37.4127711" lon="-121.9958238"><ele>114</ele><time>2026-04-17T23:47:20.374893Z</time></trkpt>
  <trkpt lat="37.4127802" lon="-121.9958203"><ele>113</ele><time>2026-04-17T23:47:20.475262Z</time></trkpt>
  <trkpt lat="37.4127902" lon="-121.9958214"><ele>112</ele><time>2026-04-17T23:47:20.575917Z</time></trkpt>
  <trkpt lat="37.4128009" lon="-121.9958227"><ele>111</ele><time>2026-04-17T23:47:20.676207Z</time></trkpt>
  <trkpt lat="37.4128100" lon="-121.9958202"><ele>110</ele><time>2026-04-17T23:47:20.756790Z</time></trkpt>
  <trkpt lat="37.4128184" lon="-121.9958147"><ele>108</ele><time>2026-04-17T23:47:20.857246Z</time></trkpt>
  <trkpt lat="37.4128256" lon="-121.9958058"><ele>107</ele><time>2026-04-17T23:47:20.957719Z</time></trkpt>
  <trkpt lat="37.4128325" lon="-121.9957946"><ele>105</ele><time>2026-04-17T23:47:21.058364Z</time></trkpt>
  <trkpt lat="37.4128389" lon="-121.9957812"><ele>103</ele><time>2026-04-17T23:47:21.158608Z</time></trkpt>
  <trkpt lat="37.4128444" lon="-121.9957652"><ele>102</ele><time>2026-04-17T23:47:21.259366Z</time></trkpt>
  <trkpt lat="37.4128488" lon="-121.9957468"><ele>100</ele><time>2026-04-17T23:47:21.360014Z</time></trkpt>
  <trkpt lat="37.4128539" lon="-121.9957272"><ele>99</ele><time>2026-04-17T23:47:21.460136Z</time></trkpt>
  <trkpt lat="37.4128589" lon="-121.9957063"><ele>98</ele><time>2026-04-17T23:47:21.560849Z</time></trkpt>
  <trkpt lat="37.4128638" lon="-121.9956844"><ele>97</ele><time>2026-04-17T23:47:21.661313Z</time></trkpt>
  <trkpt lat="37.4128681" lon="-121.9956632"><ele>95</ele><time>2026-04-17T23:47:21.762081Z</time></trkpt>
  <trkpt lat="37.4128733" lon="-121.9956457"><ele>93</ele><time>2026-04-17T23:47:21.862965Z</time></trkpt>
  <trkpt lat="37.4128733" lon="-121.9956457"><ele>93</ele><time>2026-04-17T23:47:21.945376Z</time></trkpt>
  <trkpt lat="37.4128775" lon="-121.9956328"><ele>92</ele><time>2026-04-17T23:47:21.963328Z</time></trkpt>
  <trkpt lat="37.4128791" lon="-121.9956268"><ele>90</ele><time>2026-04-17T23:47:22.063511Z</time></trkpt>
  <trkpt lat="37.4128790" lon="-121.9956272"><ele>89</ele><time>2026-04-17T23:47:22.164056Z</time></trkpt>
  <trkpt lat="37.4128744" lon="-121.9956336"><ele>87</ele><time>2026-04-17T23:47:22.264887Z</time></trkpt>
  <trkpt lat="37.4128672" lon="-121.9956429"><ele>86</ele><time>2026-04-17T23:47:22.365163Z</time></trkpt>
  <trkpt lat="37.4128580" lon="-121.9956540"><ele>85</ele><time>2026-04-17T23:47:22.465582Z</time></trkpt>
  <trkpt lat="37.4128476" lon="-121.9956632"><ele>83</ele><time>2026-04-17T23:47:22.565962Z</time></trkpt>
  <trkpt lat="37.4128369" lon="-121.9956694"><ele>81</ele><time>2026-04-17T23:47:22.666755Z</time></trkpt>
  <trkpt lat="37.4128278" lon="-121.9956744"><ele>80</ele><time>2026-04-17T23:47:22.767727Z</time></trkpt>
  <trkpt lat="37.4128217" lon="-121.9956791"><ele>78</ele><time>2026-04-17T23:47:22.868199Z</time></trkpt>
  <trkpt lat="37.4128185" lon="-121.9956822"><ele>77</ele><time>2026-04-17T23:47:22.968905Z</time></trkpt>
  <trkpt lat="37.4128188" lon="-121.9956837"><ele>75</ele><time>2026-04-17T23:47:23.070518Z</time></trkpt>
  <trkpt lat="37.4128218" lon="-121.9956836"><ele>73</ele><time>2026-04-17T23:47:23.171772Z</time></trkpt>
  <trkpt lat="37.4128278" lon="-121.9956810"><ele>71</ele><time>2026-04-17T23:47:23.272303Z</time></trkpt>
  <trkpt lat="37.4128362" lon="-121.9956777"><ele>70</ele><time>2026-04-17T23:47:23.372871Z</time></trkpt>
  <trkpt lat="37.4128459" lon="-121.9956721"><ele>68</ele><time>2026-04-17T23:47:23.453499Z</time></trkpt>
  <trkpt lat="37.4128588" lon="-121.9956654"><ele>67</ele><time>2026-04-17T23:47:23.573913Z</time></trkpt>
  <trkpt lat="37.4128729" lon="-121.9956569"><ele>67</ele><time>2026-04-17T23:47:23.654302Z</time></trkpt>
  <trkpt lat="37.4128901" lon="-121.9956501"><ele>66</ele><time>2026-04-17T23:47:23.755090Z</time></trkpt>
  <trkpt lat="37.4129059" lon="-121.9956416"><ele>65</ele><time>2026-04-17T23:47:23.855976Z</time></trkpt>
  <trkpt lat="37.4129198" lon="-121.9956301"><ele>64</ele><time>2026-04-17T23:47:23.957411Z</time></trkpt>
  <trkpt lat="37.4129330" lon="-121.9956174"><ele>62</ele><time>2026-04-17T23:47:24.057264Z</time></trkpt>
  <trkpt lat="37.4129330" lon="-121.9956174"><ele>62</ele><time>2026-04-17T23:47:24.100457Z</time></trkpt>
  <trkpt lat="37.4129441" lon="-121.9956045"><ele>60</ele><time>2026-04-17T23:47:24.157901Z</time></trkpt>
  <trkpt lat="37.4129529" lon="-121.9955932"><ele>58</ele><time>2026-04-17T23:47:24.258376Z</time></trkpt>
  <trkpt lat="37.4129596" lon="-121.9955872"><ele>55</ele><time>2026-04-17T23:47:24.359436Z</time></trkpt>
  <trkpt lat="37.4129616" lon="-121.9955831"><ele>52</ele><time>2026-04-17T23:47:24.459673Z</time></trkpt>
  <trkpt lat="37.4129586" lon="-121.9955806"><ele>48</ele><time>2026-04-17T23:47:24.560325Z</time></trkpt>
  <trkpt lat="37.4129519" lon="-121.9955816"><ele>45</ele><time>2026-04-17T23:47:24.660760Z</time></trkpt>
  <trkpt lat="37.4129442" lon="-121.9955822"><ele>41</ele><time>2026-04-17T23:47:24.761669Z</time></trkpt>
  <trkpt lat="37.4129350" lon="-121.9955838"><ele>37</ele><time>2026-04-17T23:47:24.862403Z</time></trkpt>
  <trkpt lat="37.4129209" lon="-121.9955849"><ele>33</ele><time>2026-04-17T23:47:24.962942Z</time></trkpt>
  <trkpt lat="37.4129053" lon="-121.9955858"><ele>31</ele><time>2026-04-17T23:47:25.063509Z</time></trkpt>
  <trkpt lat="37.4128886" lon="-121.9955854"><ele>29</ele><time>2026-04-17T23:47:25.164106Z</time></trkpt>
  <trkpt lat="37.4128720" lon="-121.9955878"><ele>28</ele><time>2026-04-17T23:47:25.264546Z</time></trkpt>
  <trkpt lat="37.4128542" lon="-121.9955966"><ele>28</ele><time>2026-04-17T23:47:25.365106Z</time></trkpt>
  <trkpt lat="37.4128363" lon="-121.9956054"><ele>28</ele><time>2026-04-17T23:47:25.465710Z</time></trkpt>
  <trkpt lat="37.4128187" lon="-121.9956123"><ele>27</ele><time>2026-04-17T23:47:25.567000Z</time></trkpt>
  <trkpt lat="37.4128006" lon="-121.9956213"><ele>27</ele><time>2026-04-17T23:47:25.667191Z</time></trkpt>
  <trkpt lat="37.4127824" lon="-121.9956314"><ele>27</ele><time>2026-04-17T23:47:25.767380Z</time></trkpt>
  <trkpt lat="37.4127616" lon="-121.9956422"><ele>27</ele><time>2026-04-17T23:47:25.868186Z</time></trkpt>
  <trkpt lat="37.4127403" lon="-121.9956530"><ele>28</ele><time>2026-04-17T23:47:25.968808Z</time></trkpt>
  <trkpt lat="37.4127207" lon="-121.9956637"><ele>28</ele><time>2026-04-17T23:47:26.069088Z</time></trkpt>
  <trkpt lat="37.4126989" lon="-121.9956736"><ele>28</ele><time>2026-04-17T23:47:26.149473Z</time></trkpt>
  <trkpt lat="37.4126764" lon="-121.9956825"><ele>28</ele><time>2026-04-17T23:47:26.249497Z</time></trkpt>
  <trkpt lat="37.4126764" lon="-121.9956825"><ele>28</ele><time>2026-04-17T23:47:26.256786Z</time></trkpt>
  <trkpt lat="37.4126540" lon="-121.9956905"><ele>29</ele><time>2026-04-17T23:47:26.350202Z</time></trkpt>
  <trkpt lat="37.4126313" lon="-121.9956978"><ele>30</ele><time>2026-04-17T23:47:26.451005Z</time></trkpt>
  <trkpt lat="37.4126088" lon="-121.9957037"><ele>30</ele><time>2026-04-17T23:47:26.551626Z</time></trkpt>
  <trkpt lat="37.4125867" lon="-121.9957093"><ele>30</ele><time>2026-04-17T23:47:26.652874Z</time></trkpt>
  <trkpt lat="37.4125648" lon="-121.9957148"><ele>30</ele><time>2026-04-17T23:47:26.752625Z</time></trkpt>
  <trkpt lat="37.4125431" lon="-121.9957197"><ele>31</ele><time>2026-04-17T23:47:26.852938Z</time></trkpt>
  <trkpt lat="37.4125214" lon="-121.9957251"><ele>31</ele><time>2026-04-17T23:47:26.953685Z</time></trkpt>
  <trkpt lat="37.4125002" lon="-121.9957299"><ele>31</ele><time>2026-04-17T23:47:27.054180Z</time></trkpt>
  <trkpt lat="37.4124791" lon="-121.9957352"><ele>31</ele><time>2026-04-17T23:47:27.154346Z</time></trkpt>
  <trkpt lat="37.4124580" lon="-121.9957405"><ele>31</ele><time>2026-04-17T23:47:27.254500Z</time></trkpt>
  <trkpt lat="37.4124371" lon="-121.9957460"><ele>31</ele><time>2026-04-17T23:47:27.354872Z</time></trkpt>
  <trkpt lat="37.4124165" lon="-121.9957518"><ele>31</ele><time>2026-04-17T23:47:27.455381Z</time></trkpt>
  <trkpt lat="37.4123962" lon="-121.9957578"><ele>31</ele><time>2026-04-17T23:47:27.556103Z</time></trkpt>
  <trkpt lat="37.4123762" lon="-121.9957639"><ele>31</ele><time>2026-04-17T23:47:27.656735Z</time></trkpt>
  <trkpt lat="37.4123567" lon="-121.9957705"><ele>31</ele><time>2026-04-17T23:47:27.757053Z</time></trkpt>
  <trkpt lat="37.4123377" lon="-121.9957776"><ele>31</ele><time>2026-04-17T23:47:27.857857Z</time></trkpt>
  <trkpt lat="37.4123194" lon="-121.9957849"><ele>31</ele><time>2026-04-17T23:47:27.958138Z</time></trkpt>
  <trkpt lat="37.4123021" lon="-121.9957929"><ele>32</ele><time>2026-04-17T23:47:28.059394Z</time></trkpt>
  <trkpt lat="37.4122863" lon="-121.9958022"><ele>32</ele><time>2026-04-17T23:47:28.159664Z</time></trkpt>
  <trkpt lat="37.4122713" lon="-121.9958123"><ele>33</ele><time>2026-04-17T23:47:28.260176Z</time></trkpt>
  <trkpt lat="37.4122571" lon="-121.9958228"><ele>33</ele><time>2026-04-17T23:47:28.360450Z</time></trkpt>
  <trkpt lat="37.4122571" lon="-121.9958228"><ele>33</ele><time>2026-04-17T23:47:28.418218Z</time></trkpt>
  <trkpt lat="37.4122427" lon="-121.9958329"><ele>34</ele><time>2026-04-17T23:47:28.461190Z</time></trkpt>
  <trkpt lat="37.4122286" lon="-121.9958428"><ele>34</ele><time>2026-04-17T23:47:28.562064Z</time></trkpt>
  <trkpt lat="37.4122137" lon="-121.9958520"><ele>34</ele><time>2026-04-17T23:47:28.661827Z</time></trkpt>
  <trkpt lat="37.4122022" lon="-121.9958617"><ele>35</ele><time>2026-04-17T23:47:28.762263Z</time></trkpt>
  <trkpt lat="37.4121906" lon="-121.9958712"><ele>36</ele><time>2026-04-17T23:47:28.862722Z</time></trkpt>
  <trkpt lat="37.4121808" lon="-121.9958810"><ele>37</ele><time>2026-04-17T23:47:28.963350Z</time></trkpt>
  <trkpt lat="37.4121725" lon="-121.9958910"><ele>38</ele><time>2026-04-17T23:47:29.063524Z</time></trkpt>
  <trkpt lat="37.4121649" lon="-121.9959013"><ele>38</ele><time>2026-04-17T23:47:29.164215Z</time></trkpt>
  <trkpt lat="37.4121572" lon="-121.9959102"><ele>38</ele><time>2026-04-17T23:47:29.265201Z</time></trkpt>
  <trkpt lat="37.4121511" lon="-121.9959186"><ele>39</ele><time>2026-04-17T23:47:29.365908Z</time></trkpt>
  <trkpt lat="37.4121471" lon="-121.9959263"><ele>39</ele><time>2026-04-17T23:47:29.466536Z</time></trkpt>
  <trkpt lat="37.4121424" lon="-121.9959328"><ele>40</ele><time>2026-04-17T23:47:29.566938Z</time></trkpt>
  <trkpt lat="37.4121395" lon="-121.9959389"><ele>40</ele><time>2026-04-17T23:47:29.667403Z</time></trkpt>
  <trkpt lat="37.4121377" lon="-121.9959442"><ele>40</ele><time>2026-04-17T23:47:29.767565Z</time></trkpt>
  <trkpt lat="37.4121393" lon="-121.9959488"><ele>41</ele><time>2026-04-17T23:47:29.868082Z</time></trkpt>
  <trkpt lat="37.4121432" lon="-121.9959533"><ele>41</ele><time>2026-04-17T23:47:29.968573Z</time></trkpt>
  <trkpt lat="37.4121487" lon="-121.9959574"><ele>41</ele><time>2026-04-17T23:47:30.069573Z</time></trkpt>
  <trkpt lat="37.4121570" lon="-121.9959620"><ele>41</ele><time>2026-04-17T23:47:30.169952Z</time></trkpt>
  <trkpt lat="37.4121653" lon="-121.9959653"><ele>42</ele><time>2026-04-17T23:47:30.270193Z</time></trkpt>
  <trkpt lat="37.4121738" lon="-121.9959674"><ele>42</ele><time>2026-04-17T23:47:30.350415Z</time></trkpt>
  <trkpt lat="37.4121831" lon="-121.9959691"><ele>42</ele><time>2026-04-17T23:47:30.471245Z</time></trkpt>
  <trkpt lat="37.4121930" lon="-121.9959690"><ele>42</ele><time>2026-04-17T23:47:30.551562Z</time></trkpt>
  <trkpt lat="37.4121930" lon="-121.9959690"><ele>42</ele><time>2026-04-17T23:47:30.581736Z</time></trkpt>
  <trkpt lat="37.4122018" lon="-121.9959672"><ele>42</ele><time>2026-04-17T23:47:30.652160Z</time></trkpt>
  <trkpt lat="37.4122108" lon="-121.9959632"><ele>42</ele><time>2026-04-17T23:47:30.753419Z</time></trkpt>
  <trkpt lat="37.4122199" lon="-121.9959579"><ele>42</ele><time>2026-04-17T23:47:30.854004Z</time></trkpt>
  <trkpt lat="37.4122291" lon="-121.9959508"><ele>41</ele><time>2026-04-17T23:47:30.975406Z</time></trkpt>
  <trkpt lat="37.4122386" lon="-121.9959431"><ele>41</ele><time>2026-04-17T23:47:31.056441Z</time></trkpt>
  <trkpt lat="37.4122475" lon="-121.9959334"><ele>41</ele><time>2026-04-17T23:47:31.156775Z</time></trkpt>
  <trkpt lat="37.4122565" lon="-121.9959226"><ele>41</ele><time>2026-04-17T23:47:31.257299Z</time></trkpt>
  <trkpt lat="37.4122650" lon="-121.9959101"><ele>41</ele><time>2026-04-17T23:47:31.357395Z</time></trkpt>
  <trkpt lat="37.4122730" lon="-121.9958963"><ele>41</ele><time>2026-04-17T23:47:31.458047Z</time></trkpt>
  <trkpt lat="37.4122807" lon="-121.9958815"><ele>41</ele><time>2026-04-17T23:47:31.558825Z</time></trkpt>
  <trkpt lat="37.4122881" lon="-121.9958661"><ele>42</ele><time>2026-04-17T23:47:31.660166Z</time></trkpt>
  <trkpt lat="37.4122952" lon="-121.9958504"><ele>42</ele><time>2026-04-17T23:47:31.760559Z</time></trkpt>
  <trkpt lat="37.4123024" lon="-121.9958347"><ele>42</ele><time>2026-04-17T23:47:31.860974Z</time></trkpt>
  <trkpt lat="37.4123096" lon="-121.9958189"><ele>42</ele><time>2026-04-17T23:47:31.961363Z</time></trkpt>
  <trkpt lat="37.4123171" lon="-121.9958030"><ele>42</ele><time>2026-04-17T23:47:32.062473Z</time></trkpt>
  <trkpt lat="37.4123250" lon="-121.9957868"><ele>41</ele><time>2026-04-17T23:47:32.163912Z</time></trkpt>
  <trkpt lat="37.4123328" lon="-121.9957705"><ele>41</ele><time>2026-04-17T23:47:32.264372Z</time></trkpt>
  <trkpt lat="37.4123407" lon="-121.9957542"><ele>41</ele><time>2026-04-17T23:47:32.364709Z</time></trkpt>
  <trkpt lat="37.4123486" lon="-121.9957378"><ele>41</ele><time>2026-04-17T23:47:32.465487Z</time></trkpt>
  <trkpt lat="37.4123564" lon="-121.9957213"><ele>41</ele><time>2026-04-17T23:47:32.566399Z</time></trkpt>
  <trkpt lat="37.4123645" lon="-121.9957050"><ele>41</ele><time>2026-04-17T23:47:32.666180Z</time></trkpt>
  <trkpt lat="37.4123645" lon="-121.9957050"><ele>41</ele><time>2026-04-17T23:47:32.739911Z</time></trkpt>
  <trkpt lat="37.4123729" lon="-121.9956888"><ele>41</ele><time>2026-04-17T23:47:32.766922Z</time></trkpt>
  <trkpt lat="37.4123814" lon="-121.9956726"><ele>41</ele><time>2026-04-17T23:47:32.847273Z</time></trkpt>
  <trkpt lat="37.4123900" lon="-121.9956562"><ele>40</ele><time>2026-04-17T23:47:32.967904Z</time></trkpt>
  <trkpt lat="37.4123987" lon="-121.9956398"><ele>40</ele><time>2026-04-17T23:47:33.048393Z</time></trkpt>
  <trkpt lat="37.4124074" lon="-121.9956234"><ele>40</ele><time>2026-04-17T23:47:33.149281Z</time></trkpt>
  <trkpt lat="37.4124163" lon="-121.9956069"><ele>40</ele><time>2026-04-17T23:47:33.250270Z</time></trkpt>
  <trkpt lat="37.4124252" lon="-121.9955904"><ele>39</ele><time>2026-04-17T23:47:33.350589Z</time></trkpt>
  <trkpt lat="37.4124344" lon="-121.9955743"><ele>39</ele><time>2026-04-17T23:47:33.450743Z</time></trkpt>
  <trkpt lat="37.4124435" lon="-121.9955584"><ele>39</ele><time>2026-04-17T23:47:33.552125Z</time></trkpt>
  <trkpt lat="37.4124530" lon="-121.9955429"><ele>39</ele><time>2026-04-17T23:47:33.652177Z</time></trkpt>
  <trkpt lat="37.4124627" lon="-121.9955282"><ele>39</ele><time>2026-04-17T23:47:33.752727Z</time></trkpt>
  <trkpt lat="37.4124724" lon="-121.9955145"><ele>40</ele><time>2026-04-17T23:47:33.853045Z</time></trkpt>
  <trkpt lat="37.4124826" lon="-121.9955022"><ele>40</ele><time>2026-04-17T23:47:33.953666Z</time></trkpt>
  <trkpt lat="37.4124929" lon="-121.9954915"><ele>40</ele><time>2026-04-17T23:47:34.054093Z</time></trkpt>
  <trkpt lat="37.4125032" lon="-121.9954823"><ele>41</ele><time>2026-04-17T23:47:34.154582Z</time></trkpt>
  <trkpt lat="37.4125133" lon="-121.9954743"><ele>41</ele><time>2026-04-17T23:47:34.254928Z</time></trkpt>
  <trkpt lat="37.4125231" lon="-121.9954678"><ele>41</ele><time>2026-04-17T23:47:34.355457Z</time></trkpt>
  <trkpt lat="37.4125324" lon="-121.9954627"><ele>42</ele><time>2026-04-17T23:47:34.455848Z</time></trkpt>
  <trkpt lat="37.4125411" lon="-121.9954592"><ele>43</ele><time>2026-04-17T23:47:34.556435Z</time></trkpt>
  <trkpt lat="37.4125494" lon="-121.9954567"><ele>43</ele><time>2026-04-17T23:47:34.657360Z</time></trkpt>
  <trkpt lat="37.4125575" lon="-121.9954544"><ele>44</ele><time>2026-04-17T23:47:34.757350Z</time></trkpt>
  <trkpt lat="37.4125655" lon="-121.9954521"><ele>45</ele><time>2026-04-17T23:47:34.858657Z</time></trkpt>
  <trkpt lat="37.4125655" lon="-121.9954521"><ele>45</ele><time>2026-04-17T23:47:34.899790Z</time></trkpt>
  <trkpt lat="37.4125736" lon="-121.9954501"><ele>45</ele><time>2026-04-17T23:47:34.958650Z</time></trkpt>
  <trkpt lat="37.4125816" lon="-121.9954482"><ele>46</ele><time>2026-04-17T23:47:35.059808Z</time></trkpt>
  <trkpt lat="37.4125897" lon="-121.9954462"><ele>47</ele><time>2026-04-17T23:47:35.159808Z</time></trkpt>
  <trkpt lat="37.4125979" lon="-121.9954442"><ele>47</ele><time>2026-04-17T23:47:35.259952Z</time></trkpt>
  <trkpt lat="37.4126060" lon="-121.9954425"><ele>48</ele><time>2026-04-17T23:47:35.361445Z</time></trkpt>
  <trkpt lat="37.4126140" lon="-121.9954411"><ele>48</ele><time>2026-04-17T23:47:35.462095Z</time></trkpt>
  <trkpt lat="37.4126220" lon="-121.9954403"><ele>49</ele><time>2026-04-17T23:47:35.562791Z</time></trkpt>
  <trkpt lat="37.4126300" lon="-121.9954394"><ele>49</ele><time>2026-04-17T23:47:35.663328Z</time></trkpt>
  <trkpt lat="37.4126379" lon="-121.9954387"><ele>49</ele><time>2026-04-17T23:47:35.763550Z</time></trkpt>
  <trkpt lat="37.4126458" lon="-121.9954385"><ele>50</ele><time>2026-04-17T23:47:35.864234Z</time></trkpt>
  <trkpt lat="37.4126536" lon="-121.9954385"><ele>50</ele><time>2026-04-17T23:47:35.964576Z</time></trkpt>
  <trkpt lat="37.4126611" lon="-121.9954386"><ele>51</ele><time>2026-04-17T23:47:36.065554Z</time></trkpt>
  <trkpt lat="37.4126684" lon="-121.9954393"><ele>51</ele><time>2026-04-17T23:47:36.145708Z</time></trkpt>
  <trkpt lat="37.4126754" lon="-121.9954400"><ele>52</ele><time>2026-04-17T23:47:36.246492Z</time></trkpt>
  <trkpt lat="37.4126820" lon="-121.9954410"><ele>52</ele><time>2026-04-17T23:47:36.347335Z</time></trkpt>
  <trkpt lat="37.4126886" lon="-121.9954422"><ele>53</ele><time>2026-04-17T23:47:36.448307Z</time></trkpt>
  <trkpt lat="37.4126944" lon="-121.9954451"><ele>54</ele><time>2026-04-17T23:47:36.548890Z</time></trkpt>
  <trkpt lat="37.4127002" lon="-121.9954475"><ele>54</ele><time>2026-04-17T23:47:36.649168Z</time></trkpt>
  <trkpt lat="37.4127058" lon="-121.9954500"><ele>55</ele><time>2026-04-17T23:47:36.749927Z</time></trkpt>
  <trkpt lat="37.4127113" lon="-121.9954527"><ele>55</ele><time>2026-04-17T23:47:36.850677Z</time></trkpt>
  <trkpt lat="37.4127163" lon="-121.9954570"><ele>56</ele><time>2026-04-17T23:47:36.951088Z</time></trkpt>
  <trkpt lat="37.4127215" lon="-121.9954603"><ele>57</ele><time>2026-04-17T23:47:37.051028Z</time></trkpt>
  <trkpt lat="37.4127215" lon="-121.9954603"><ele>57</ele><time>2026-04-17T23:47:37.057305Z</time></trkpt>
  <trkpt lat="37.4127269" lon="-121.9954635"><ele>57</ele><time>2026-04-17T23:47:37.151528Z</time></trkpt>
  <trkpt lat="37.4127324" lon="-121.9954667"><ele>57</ele><time>2026-04-17T23:47:37.252192Z</time></trkpt>
  <trkpt lat="37.4127378" lon="-121.9954707"><ele>58</ele><time>2026-04-17T23:47:37.353016Z</time></trkpt>
  <trkpt lat="37.4127433" lon="-121.9954748"><ele>59</ele><time>2026-04-17T23:47:37.453180Z</time></trkpt>
  <trkpt lat="37.4127487" lon="-121.9954792"><ele>59</ele><time>2026-04-17T23:47:37.554102Z</time></trkpt>
  <trkpt lat="37.4127540" lon="-121.9954835"><ele>60</ele><time>2026-04-17T23:47:37.654708Z</time></trkpt>
  <trkpt lat="37.4127595" lon="-121.9954872"><ele>60</ele><time>2026-04-17T23:47:37.755817Z</time></trkpt>
  <trkpt lat="37.4127645" lon="-121.9954926"><ele>61</ele><time>2026-04-17T23:47:37.856397Z</time></trkpt>
  <trkpt lat="37.4127693" lon="-121.9954984"><ele>62</ele><time>2026-04-17T23:47:37.957948Z</time></trkpt>
  <trkpt lat="37.4127742" lon="-121.9955026"><ele>62</ele><time>2026-04-17T23:47:38.058426Z</time></trkpt>
  <trkpt lat="37.4127793" lon="-121.9955067"><ele>62</ele><time>2026-04-17T23:47:38.159054Z</time></trkpt>
  <trkpt lat="37.4127843" lon="-121.9955110"><ele>63</ele><time>2026-04-17T23:47:38.259608Z</time></trkpt>
  <trkpt lat="37.4127888" lon="-121.9955172"><ele>64</ele><time>2026-04-17T23:47:38.360344Z</time></trkpt>
  <trkpt lat="37.4127936" lon="-121.9955216"><ele>64</ele><time>2026-04-17T23:47:38.460886Z</time></trkpt>
  <trkpt lat="37.4127984" lon="-121.9955260"><ele>65</ele><time>2026-04-17T23:47:38.561428Z</time></trkpt>
  <trkpt lat="37.4128030" lon="-121.9955304"><ele>65</ele><time>2026-04-17T23:47:38.662367Z</time></trkpt>
  <trkpt lat="37.4128078" lon="-121.9955350"><ele>66</ele><time>2026-04-17T23:47:38.744123Z</time></trkpt>
  <trkpt lat="37.4128124" lon="-121.9955397"><ele>66</ele><time>2026-04-17T23:47:38.844570Z</time></trkpt>
  <trkpt lat="37.4128169" lon="-121.9955445"><ele>67</ele><time>2026-04-17T23:47:38.945551Z</time></trkpt>
  <trkpt lat="37.4128215" lon="-121.9955493"><ele>67</ele><time>2026-04-17T23:47:39.045749Z</time></trkpt>
  <trkpt lat="37.4128262" lon="-121.9955541"><ele>68</ele><time>2026-04-17T23:47:39.146877Z</time></trkpt>
  <trkpt lat="37.4128262" lon="-121.9955541"><ele>68</ele><time>2026-04-17T23:47:39.203446Z</time></trkpt>
  <trkpt lat="37.4128308" lon="-121.9955591"><ele>68</ele><time>2026-04-17T23:47:39.247884Z</time></trkpt>
  <trkpt lat="37.4128353" lon="-121.9955645"><ele>69</ele><time>2026-04-17T23:47:39.347969Z</time></trkpt>
  <trkpt lat="37.4128398" lon="-121.9955699"><ele>69</ele><time>2026-04-17T23:47:39.449264Z</time></trkpt>
  <trkpt lat="37.4128443" lon="-121.9955756"><ele>70</ele><time>2026-04-17T23:47:39.549798Z</time></trkpt>
  <trkpt lat="37.4128488" lon="-121.9955813"><ele>70</ele><time>2026-04-17T23:47:39.650522Z</time></trkpt>
  <trkpt lat="37.4128532" lon="-121.9955871"><ele>70</ele><time>2026-04-17T23:47:39.751046Z</time></trkpt>
  <trkpt lat="37.4128576" lon="-121.9955929"><ele>71</ele><time>2026-04-17T23:47:39.851339Z</time></trkpt>
  <trkpt lat="37.4128620" lon="-121.9955988"><ele>71</ele><time>2026-04-17T23:47:39.951850Z</time></trkpt>
  <trkpt lat="37.4128664" lon="-121.9956048"><ele>72</ele><time>2026-04-17T23:47:40.052279Z</time></trkpt>
  <trkpt lat="37.4128709" lon="-121.9956108"><ele>72</ele><time>2026-04-17T23:47:40.152932Z</time></trkpt>
  <trkpt lat="37.4128752" lon="-121.9956170"><ele>72</ele><time>2026-04-17T23:47:40.253658Z</time></trkpt>
  <trkpt lat="37.4128795" lon="-121.9956233"><ele>73</ele><time>2026-04-17T23:47:40.354558Z</time></trkpt>
  <trkpt lat="37.4128836" lon="-121.9956298"><ele>73</ele><time>2026-04-17T23:47:40.454171Z</time></trkpt>
  <trkpt lat="37.4128877" lon="-121.9956362"><ele>73</ele><time>2026-04-17T23:47:40.555158Z</time></trkpt>
  <trkpt lat="37.4128918" lon="-121.9956427"><ele>74</ele><time>2026-04-17T23:47:40.655467Z</time></trkpt>
  <trkpt lat="37.4128959" lon="-121.9956491"><ele>74</ele><time>2026-04-17T23:47:40.755805Z</time></trkpt>
  <trkpt lat="37.4129000" lon="-121.9956553"><ele>74</ele><time>2026-04-17T23:47:40.856225Z</time></trkpt>
  <trkpt lat="37.4129042" lon="-121.9956612"><ele>75</ele><time>2026-04-17T23:47:40.956805Z</time></trkpt>
  <trkpt lat="37.4129083" lon="-121.9956670"><ele>75</ele><time>2026-04-17T23:47:41.056994Z</time></trkpt>
  <trkpt lat="37.4129123" lon="-121.9956724"><ele>75</ele><time>2026-04-17T23:47:41.157301Z</time></trkpt>
  <trkpt lat="37.4129163" lon="-121.9956774"><ele>76</ele><time>2026-04-17T23:47:41.257995Z</time></trkpt>
  <trkpt lat="37.4129202" lon="-121.9956819"><ele>77</ele><time>2026-04-17T23:47:41.358467Z</time></trkpt>
  <trkpt lat="37.4129202" lon="-121.9956819"><ele>77</ele><time>2026-04-17T23:47:41.359470Z</time></trkpt>
  <trkpt lat="37.4129240" lon="-121.9956859"><ele>77</ele><time>2026-04-17T23:47:41.458711Z</time></trkpt>
  <trkpt lat="37.4129278" lon="-121.9956894"><ele>78</ele><time>2026-04-17T23:47:41.558948Z</time></trkpt>
  <trkpt lat="37.4129316" lon="-121.9956928"><ele>78</ele><time>2026-04-17T23:47:41.639229Z</time></trkpt>
  <trkpt lat="37.4129356" lon="-121.9956958"><ele>79</ele><time>2026-04-17T23:47:41.759569Z</time></trkpt>
  <trkpt lat="37.4129396" lon="-121.9956988"><ele>79</ele><time>2026-04-17T23:47:41.839975Z</time></trkpt>
  <trkpt lat="37.4129438" lon="-121.9957016"><ele>80</ele><time>2026-04-17T23:47:41.940765Z</time></trkpt>
  <trkpt lat="37.4129482" lon="-121.9957044"><ele>80</ele><time>2026-04-17T23:47:42.041026Z</time></trkpt>
  <trkpt lat="37.4129529" lon="-121.9957068"><ele>81</ele><time>2026-04-17T23:47:42.141134Z</time></trkpt>
  <trkpt lat="37.4129578" lon="-121.9957089"><ele>81</ele><time>2026-04-17T23:47:42.242469Z</time></trkpt>
  <trkpt lat="37.4129628" lon="-121.9957109"><ele>82</ele><time>2026-04-17T23:47:42.342952Z</time></trkpt>
  <trkpt lat="37.4129681" lon="-121.9957127"><ele>82</ele><time>2026-04-17T23:47:42.443582Z</time></trkpt>
  <trkpt lat="37.4129737" lon="-121.9957144"><ele>82</ele><time>2026-04-17T23:47:42.544300Z</time></trkpt>
  <trkpt lat="37.4129794" lon="-121.9957157"><ele>83</ele><time>2026-04-17T23:47:42.645032Z</time></trkpt>
  <trkpt lat="37.4129856" lon="-121.9957168"><ele>83</ele><time>2026-04-17T23:47:42.745641Z</time></trkpt>
  <trkpt lat="37.4129919" lon="-121.9957178"><ele>83</ele><time>2026-04-17T23:47:42.846291Z</time></trkpt>
  <trkpt lat="37.4129996" lon="-121.9957197"><ele>84</ele><time>2026-04-17T23:47:42.948095Z</time></trkpt>
  <trkpt lat="37.4130077" lon="-121.9957215"><ele>84</ele><time>2026-04-17T23:47:43.048783Z</time></trkpt>
  <trkpt lat="37.4130158" lon="-121.9957233"><ele>84</ele><time>2026-04-17T23:47:43.149441Z</time></trkpt>
  <trkpt lat="37.4130238" lon="-121.9957248"><ele>85</ele><time>2026-04-17T23:47:43.250667Z</time></trkpt>
  <trkpt lat="37.4130318" lon="-121.9957266"><ele>85</ele><time>2026-04-17T23:47:43.351057Z</time></trkpt>
  <trkpt lat="37.4130398" lon="-121.9957283"><ele>85</ele><time>2026-04-17T23:47:43.451469Z</time></trkpt>
  <trkpt lat="37.4130398" lon="-121.9957283"><ele>85</ele><time>2026-04-17T23:47:43.518383Z</time></trkpt>
  <trkpt lat="37.4130476" lon="-121.9957301"><ele>86</ele><time>2026-04-17T23:47:43.551829Z</time></trkpt>
  <trkpt lat="37.4130555" lon="-121.9957321"><ele>86</ele><time>2026-04-17T23:47:43.652835Z</time></trkpt>
  <trkpt lat="37.4130633" lon="-121.9957342"><ele>86</ele><time>2026-04-17T23:47:43.753083Z</time></trkpt>
  <trkpt lat="37.4130711" lon="-121.9957363"><ele>87</ele><time>2026-04-17T23:47:43.854280Z</time></trkpt>
  <trkpt lat="37.4130791" lon="-121.9957382"><ele>87</ele><time>2026-04-17T23:47:43.955277Z</time></trkpt>
  <trkpt lat="37.4130871" lon="-121.9957397"><ele>88</ele><time>2026-04-17T23:47:44.055904Z</time></trkpt>
  <trkpt lat="37.4130954" lon="-121.9957409"><ele>88</ele><time>2026-04-17T23:47:44.156129Z</time></trkpt>
  <trkpt lat="37.4131038" lon="-121.9957419"><ele>88</ele><time>2026-04-17T23:47:44.256380Z</time></trkpt>
  <trkpt lat="37.4131121" lon="-121.9957427"><ele>89</ele><time>2026-04-17T23:47:44.336873Z</time></trkpt>
  <trkpt lat="37.4131205" lon="-121.9957432"><ele>89</ele><time>2026-04-17T23:47:44.437736Z</time></trkpt>
  <trkpt lat="37.4131290" lon="-121.9957433"><ele>89</ele><time>2026-04-17T23:47:44.538126Z</time></trkpt>
  <trkpt lat="37.4131375" lon="-121.9957430"><ele>89</ele><time>2026-04-17T23:47:44.638601Z</time></trkpt>
  <trkpt lat="37.4131462" lon="-121.9957424"><ele>90</ele><time>2026-04-17T23:47:44.739740Z</time></trkpt>
  <trkpt lat="37.4131550" lon="-121.9957418"><ele>90</ele><time>2026-04-17T23:47:44.839928Z</time></trkpt>
  <trkpt lat="37.4131639" lon="-121.9957410"><ele>90</ele><time>2026-04-17T23:47:44.940663Z</time></trkpt>
  <trkpt lat="37.4131728" lon="-121.9957402"><ele>90</ele><time>2026-04-17T23:47:45.041048Z</time></trkpt>
  <trkpt lat="37.4131819" lon="-121.9957392"><ele>90</ele><time>2026-04-17T23:47:45.142562Z</time></trkpt>
  <trkpt lat="37.4131911" lon="-121.9957382"><ele>91</ele><time>2026-04-17T23:47:45.243644Z</time></trkpt>
  <trkpt lat="37.4132003" lon="-121.9957373"><ele>91</ele><time>2026-04-17T23:47:45.343932Z</time></trkpt>
  <trkpt lat="37.4132096" lon="-121.9957367"><ele>91</ele><time>2026-04-17T23:47:45.444135Z</time></trkpt>
  <trkpt lat="37.4132187" lon="-121.9957361"><ele>91</ele><time>2026-04-17T23:47:45.544650Z</time></trkpt>
  <trkpt lat="37.4132279" lon="-121.9957355"><ele>91</ele><time>2026-04-17T23:47:45.645651Z</time></trkpt>
  <trkpt lat="37.4132279" lon="-121.9957355"><ele>91</ele><time>2026-04-17T23:47:45.676952Z</time></trkpt>
  <trkpt lat="37.4132369" lon="-121.9957349"><ele>92</ele><time>2026-04-17T23:47:45.746075Z</time></trkpt>
  <trkpt lat="37.4132462" lon="-121.9957346"><ele>92</ele><time>2026-04-17T23:47:45.846273Z</time></trkpt>
  <trkpt lat="37.4132555" lon="-121.9957346"><ele>92</ele><time>2026-04-17T23:47:45.946719Z</time></trkpt>
  <trkpt lat="37.4132646" lon="-121.9957347"><ele>92</ele><time>2026-04-17T23:47:46.047799Z</time></trkpt>
  <trkpt lat="37.4132737" lon="-121.9957351"><ele>92</ele><time>2026-04-17T23:47:46.148338Z</time></trkpt>
  <trkpt lat="37.4132828" lon="-121.9957356"><ele>93</ele><time>2026-04-17T23:47:46.248756Z</time></trkpt>
  <trkpt lat="37.4132916" lon="-121.9957361"><ele>93</ele><time>2026-04-17T23:47:46.349039Z</time></trkpt>
  <trkpt lat="37.4133002" lon="-121.9957368"><ele>93</ele><time>2026-04-17T23:47:46.449145Z</time></trkpt>
  <trkpt lat="37.4133085" lon="-121.9957375"><ele>94</ele><time>2026-04-17T23:47:46.549452Z</time></trkpt>
  <trkpt lat="37.4133170" lon="-121.9957385"><ele>94</ele><time>2026-04-17T23:47:46.650221Z</time></trkpt>
  <trkpt lat="37.4133255" lon="-121.9957397"><ele>94</ele><time>2026-04-17T23:47:46.751035Z</time></trkpt>
  <trkpt lat="37.4133341" lon="-121.9957409"><ele>95</ele><time>2026-04-17T23:47:46.851650Z</time></trkpt>
  <trkpt lat="37.4133429" lon="-121.9957422"><ele>95</ele><time>2026-04-17T23:47:46.952140Z</time></trkpt>
  <trkpt lat="37.4133514" lon="-121.9957437"><ele>96</ele><time>2026-04-17T23:47:47.052819Z</time></trkpt>
  <trkpt lat="37.4133599" lon="-121.9957454"><ele>96</ele><time>2026-04-17T23:47:47.133523Z</time></trkpt>
  <trkpt lat="37.4133684" lon="-121.9957471"><ele>96</ele><time>2026-04-17T23:47:47.233863Z</time></trkpt>
  <trkpt lat="37.4133771" lon="-121.9957489"><ele>96</ele><time>2026-04-17T23:47:47.334676Z</time></trkpt>
  <trkpt lat="37.4133858" lon="-121.9957507"><ele>97</ele><time>2026-04-17T23:47:47.435732Z</time></trkpt>
  <trkpt lat="37.4133944" lon="-121.9957524"><ele>97</ele><time>2026-04-17T23:47:47.537337Z</time></trkpt>
  <trkpt lat="37.4134031" lon="-121.9957541"><ele>97</ele><time>2026-04-17T23:47:47.638035Z</time></trkpt>
  <trkpt lat="37.4134118" lon="-121.9957558"><ele>97</ele><time>2026-04-17T23:47:47.738345Z</time></trkpt>
  <trkpt lat="37.4134118" lon="-121.9957558"><ele>97</ele><time>2026-04-17T23:47:47.826378Z</time></trkpt>
  <trkpt lat="37.4134205" lon="-121.9957576"><ele>97</ele><time>2026-04-17T23:47:47.839071Z</time></trkpt>
  <trkpt lat="37.4134292" lon="-121.9957592"><ele>98</ele><time>2026-04-17T23:47:47.939541Z</time></trkpt>
  <trkpt lat="37.4134380" lon="-121.9957608"><ele>98</ele><time>2026-04-17T23:47:48.040910Z</time></trkpt>
  <trkpt lat="37.4134465" lon="-121.9957626"><ele>98</ele><time>2026-04-17T23:47:48.141406Z</time></trkpt>
  <trkpt lat="37.4134546" lon="-121.9957650"><ele>98</ele><time>2026-04-17T23:47:48.242064Z</time></trkpt>
  <trkpt lat="37.4134622" lon="-121.9957683"><ele>99</ele><time>2026-04-17T23:47:48.342308Z</time></trkpt>
  <trkpt lat="37.4134693" lon="-121.9957731"><ele>99</ele><time>2026-04-17T23:47:48.444015Z</time></trkpt>
  <trkpt lat="37.4134750" lon="-121.9957797"><ele>99</ele><time>2026-04-17T23:47:48.544443Z</time></trkpt>
  <trkpt lat="37.4134787" lon="-121.9957881"><ele>99</ele><time>2026-04-17T23:47:48.644761Z</time></trkpt>
  <trkpt lat="37.4134801" lon="-121.9957982"><ele>99</ele><time>2026-04-17T23:47:48.745384Z</time></trkpt>
  <trkpt lat="37.4134788" lon="-121.9958093"><ele>99</ele><time>2026-04-17T23:47:48.846072Z</time></trkpt>
  <trkpt lat="37.4134751" lon="-121.9958208"><ele>99</ele><time>2026-04-17T23:47:48.946356Z</time></trkpt>
  <trkpt lat="37.4134688" lon="-121.9958319"><ele>99</ele><time>2026-04-17T23:47:49.047085Z</time></trkpt>
  <trkpt lat="37.4134597" lon="-121.9958422"><ele>99</ele><time>2026-04-17T23:47:49.147735Z</time></trkpt>
  <trkpt lat="37.4134481" lon="-121.9958512"><ele>98</ele><time>2026-04-17T23:47:49.248193Z</time></trkpt>
  <trkpt lat="37.4134344" lon="-121.9958584"><ele>98</ele><time>2026-04-17T23:47:49.348399Z</time></trkpt>
  <trkpt lat="37.4134191" lon="-121.9958634"><ele>98</ele><time>2026-04-17T23:47:49.449159Z</time></trkpt>
  <trkpt lat="37.4134024" lon="-121.9958656"><ele>98</ele><time>2026-04-17T23:47:49.549664Z</time></trkpt>
  <trkpt lat="37.4133846" lon="-121.9958652"><ele>97</ele><time>2026-04-17T23:47:49.650281Z</time></trkpt>
  <trkpt lat="37.4133662" lon="-121.9958619"><ele>97</ele><time>2026-04-17T23:47:49.751012Z</time></trkpt>
  <trkpt lat="37.4133474" lon="-121.9958559"><ele>97</ele><time>2026-04-17T23:47:49.852041Z</time></trkpt>
  <trkpt lat="37.4133282" lon="-121.9958479"><ele>96</ele><time>2026-04-17T23:47:49.933405Z</time></trkpt>
  <trkpt lat="37.4133282" lon="-121.9958479"><ele>96</ele><time>2026-04-17T23:47:49.984145Z</time></trkpt>
  <trkpt lat="37.4133095" lon="-121.9958404"><ele>96</ele><time>2026-04-17T23:47:50.033732Z</time></trkpt>
  <trkpt lat="37.4132912" lon="-121.9958337"><ele>95</ele><time>2026-04-17T23:47:50.134298Z</time></trkpt>
  <trkpt lat="37.4132730" lon="-121.9958269"><ele>94</ele><time>2026-04-17T23:47:50.234489Z</time></trkpt>
  <trkpt lat="37.4132545" lon="-121.9958199"><ele>93</ele><time>2026-04-17T23:47:50.335019Z</time></trkpt>
  <trkpt lat="37.4132356" lon="-121.9958136"><ele>92</ele><time>2026-04-17T23:47:50.435544Z</time></trkpt>
  <trkpt lat="37.4132162" lon="-121.9958080"><ele>91</ele><time>2026-04-17T23:47:50.536308Z</time></trkpt>
  <trkpt lat="37.4131965" lon="-121.9958034"><ele>91</ele><time>2026-04-17T23:47:50.636650Z</time></trkpt>
  <trkpt lat="37.4131764" lon="-121.9957998"><ele>90</ele><time>2026-04-17T23:47:50.737345Z</time></trkpt>
  <trkpt lat="37.4131559" lon="-121.9957971"><ele>90</ele><time>2026-04-17T23:47:50.837718Z</time></trkpt>
  <trkpt lat="37.4131349" lon="-121.9957952"><ele>89</ele><time>2026-04-17T23:47:50.938013Z</time></trkpt>
  <trkpt lat="37.4131135" lon="-121.9957936"><ele>89</ele><time>2026-04-17T23:47:51.039008Z</time></trkpt>
  <trkpt lat="37.4130921" lon="-121.9957920"><ele>89</ele><time>2026-04-17T23:47:51.140265Z</time></trkpt>
  <trkpt lat="37.4130706" lon="-121.9957907"><ele>89</ele><time>2026-04-17T23:47:51.241236Z</time></trkpt>
  <trkpt lat="37.4130491" lon="-121.9957891"><ele>89</ele><time>2026-04-17T23:47:51.341723Z</time></trkpt>
  <trkpt lat="37.4130278" lon="-121.9957878"><ele>89</ele><time>2026-04-17T23:47:51.442314Z</time></trkpt>
  <trkpt lat="37.4130064" lon="-121.9957865"><ele>89</ele><time>2026-04-17T23:47:51.542449Z</time></trkpt>
  <trkpt lat="37.4129851" lon="-121.9957852"><ele>89</ele><time>2026-04-17T23:47:51.643795Z</time></trkpt>
  <trkpt lat="37.4129638" lon="-121.9957839"><ele>89</ele><time>2026-04-17T23:47:51.744419Z</time></trkpt>
  <trkpt lat="37.4129425" lon="-121.9957827"><ele>89</ele><time>2026-04-17T23:47:51.844988Z</time></trkpt>
  <trkpt lat="37.4129214" lon="-121.9957817"><ele>89</ele><time>2026-04-17T23:47:51.946080Z</time></trkpt>
  <trkpt lat="37.4129003" lon="-121.9957808"><ele>89</ele><time>2026-04-17T23:47:52.047674Z</time></trkpt>
  <trkpt lat="37.4129003" lon="-121.9957808"><ele>89</ele><time>2026-04-17T23:47:52.122323Z</time></trkpt>
  <trkpt lat="37.4128791" lon="-121.9957801"><ele>89</ele><time>2026-04-17T23:47:52.148146Z</time></trkpt>
  <trkpt lat="37.4128580" lon="-121.9957796"><ele>89</ele><time>2026-04-17T23:47:52.249009Z</time></trkpt>
  <trkpt lat="37.4128372" lon="-121.9957792"><ele>89</ele><time>2026-04-17T23:47:52.329000Z</time></trkpt>
  <trkpt lat="37.4128175" lon="-121.9957785"><ele>89</ele><time>2026-04-17T23:47:52.449464Z</time></trkpt>
  <trkpt lat="37.4127995" lon="-121.9957781"><ele>90</ele><time>2026-04-17T23:47:52.529575Z</time></trkpt>
  <trkpt lat="37.4127828" lon="-121.9957785"><ele>90</ele><time>2026-04-17T23:47:52.629954Z</time></trkpt>
  <trkpt lat="37.4127674" lon="-121.9957799"><ele>91</ele><time>2026-04-17T23:47:52.730939Z</time></trkpt>
  <trkpt lat="37.4127536" lon="-121.9957829"><ele>92</ele><time>2026-04-17T23:47:52.831621Z</time></trkpt>
  <trkpt lat="37.4127408" lon="-121.9957871"><ele>92</ele><time>2026-04-17T23:47:52.932226Z</time></trkpt>
  <trkpt lat="37.4127290" lon="-121.9957927"><ele>93</ele><time>2026-04-17T23:47:53.032739Z</time></trkpt>
  <trkpt lat="37.4127188" lon="-121.9958001"><ele>94</ele><time>2026-04-17T23:47:53.133373Z</time></trkpt>
  <trkpt lat="37.4127098" lon="-121.9958096"><ele>94</ele><time>2026-04-17T23:47:53.234528Z</time></trkpt>
  <trkpt lat="37.4127019" lon="-121.9958207"><ele>95</ele><time>2026-04-17T23:47:53.335027Z</time></trkpt>
  <trkpt lat="37.4126948" lon="-121.9958329"><ele>95</ele><time>2026-04-17T23:47:53.435504Z</time></trkpt>
  <trkpt lat="37.4126882" lon="-121.9958457"><ele>95</ele><time>2026-04-17T23:47:53.536361Z</time></trkpt>
  <trkpt lat="37.4126817" lon="-121.9958588"><ele>94</ele><time>2026-04-17T23:47:53.637001Z</time></trkpt>
  <trkpt lat="37.4126747" lon="-121.9958710"><ele>93</ele><time>2026-04-17T23:47:53.738247Z</time></trkpt>
  <trkpt lat="37.4126659" lon="-121.9958799"><ele>92</ele><time>2026-04-17T23:47:53.838265Z</time></trkpt>
  <trkpt lat="37.4126559" lon="-121.9958841"><ele>91</ele><time>2026-04-17T23:47:53.938620Z</time></trkpt>
  <trkpt lat="37.4126453" lon="-121.9958842"><ele>89</ele><time>2026-04-17T23:47:54.039286Z</time></trkpt>
  <trkpt lat="37.4126344" lon="-121.9958789"><ele>88</ele><time>2026-04-17T23:47:54.140483Z</time></trkpt>
  <trkpt lat="37.4126247" lon="-121.9958687"><ele>86</ele><time>2026-04-17T23:47:54.241119Z</time></trkpt>
  <trkpt lat="37.4126247" lon="-121.9958687"><ele>86</ele><time>2026-04-17T23:47:54.279102Z</time></trkpt>
  <trkpt lat="37.4126165" lon="-121.9958554"><ele>84</ele><time>2026-04-17T23:47:54.342171Z</time></trkpt>
  <trkpt lat="37.4126091" lon="-121.9958371"><ele>82</ele><time>2026-04-17T23:47:54.442792Z</time></trkpt>
  <trkpt lat="37.4126039" lon="-121.9958169"><ele>81</ele><time>2026-04-17T23:47:54.543589Z</time></trkpt>
  <trkpt lat="37.4126016" lon="-121.9957946"><ele>79</ele><time>2026-04-17T23:47:54.644573Z</time></trkpt>
  <trkpt lat="37.4126031" lon="-121.9957704"><ele>78</ele><time>2026-04-17T23:47:54.745176Z</time></trkpt>
  <trkpt lat="37.4126087" lon="-121.9957465"><ele>77</ele><time>2026-04-17T23:47:54.845546Z</time></trkpt>
  <trkpt lat="37.4126179" lon="-121.9957261"><ele>77</ele><time>2026-04-17T23:47:54.945752Z</time></trkpt>
  <trkpt lat="37.4126296" lon="-121.9957105"><ele>76</ele><time>2026-04-17T23:47:55.026064Z</time></trkpt>
  <trkpt lat="37.4126413" lon="-121.9956985"><ele>74</ele><time>2026-04-17T23:47:55.126865Z</time></trkpt>
  <trkpt lat="37.4126520" lon="-121.9956918"><ele>74</ele><time>2026-04-17T23:47:55.227277Z</time></trkpt>
  <trkpt lat="37.4126611" lon="-121.9956913"><ele>73</ele><time>2026-04-17T23:47:55.327731Z</time></trkpt>
  <trkpt lat="37.4126677" lon="-121.9956978"><ele>72</ele><time>2026-04-17T23:47:55.428152Z</time></trkpt>
  <trkpt lat="37.4126708" lon="-121.9957097"><ele>72</ele><time>2026-04-17T23:47:55.529117Z</time></trkpt>
  <trkpt lat="37.4126692" lon="-121.9957249"><ele>71</ele><time>2026-04-17T23:47:55.630626Z</time></trkpt>
  <trkpt lat="37.4126659" lon="-121.9957400"><ele>70</ele><time>2026-04-17T23:47:55.731674Z</time></trkpt>
  <trkpt lat="37.4126641" lon="-121.9957543"><ele>69</ele><time>2026-04-17T23:47:55.832212Z</time></trkpt>
  <trkpt lat="37.4126641" lon="-121.9957670"><ele>67</ele><time>2026-04-17T23:47:55.932998Z</time></trkpt>
  <trkpt lat="37.4126659" lon="-121.9957767"><ele>65</ele><time>2026-04-17T23:47:56.033366Z</time></trkpt>
  <trkpt lat="37.4126689" lon="-121.9957839"><ele>64</ele><time>2026-04-17T23:47:56.134531Z</time></trkpt>
  <trkpt lat="37.4126723" lon="-121.9957901"><ele>62</ele><time>2026-04-17T23:47:56.234516Z</time></trkpt>
  <trkpt lat="37.4126768" lon="-121.9957946"><ele>60</ele><time>2026-04-17T23:47:56.334665Z</time></trkpt>
  <trkpt lat="37.4126768" lon="-121.9957946"><ele>60</ele><time>2026-04-17T23:47:56.433920Z</time></trkpt>
  <trkpt lat="37.4126824" lon="-121.9957968"><ele>58</ele><time>2026-04-17T23:47:56.435445Z</time></trkpt>
  <trkpt lat="37.4126888" lon="-121.9957956"><ele>56</ele><time>2026-04-17T23:47:56.536021Z</time></trkpt>
  <trkpt lat="37.4126954" lon="-121.9957911"><ele>55</ele><time>2026-04-17T23:47:56.636624Z</time></trkpt>
  <trkpt lat="37.4127024" lon="-121.9957851"><ele>53</ele><time>2026-04-17T23:47:56.737348Z</time></trkpt>
  <trkpt lat="37.4127098" lon="-121.9957782"><ele>51</ele><time>2026-04-17T23:47:56.837587Z</time></trkpt>
  <trkpt lat="37.4127178" lon="-121.9957706"><ele>49</ele><time>2026-04-17T23:47:56.937661Z</time></trkpt>
  <trkpt lat="37.4127253" lon="-121.9957631"><ele>47</ele><time>2026-04-17T23:47:57.038636Z</time></trkpt>
  <trkpt lat="37.4127313" lon="-121.9957560"><ele>46</ele><time>2026-04-17T23:47:57.138794Z</time></trkpt>
  <trkpt lat="37.4127345" lon="-121.9957520"><ele>44</ele><time>2026-04-17T23:47:57.239927Z</time></trkpt>
  <trkpt lat="37.4127339" lon="-121.9957506"><ele>42</ele><time>2026-04-17T23:47:57.341275Z</time></trkpt>
  <trkpt lat="37.4127272" lon="-121.9957542"><ele>41</ele><time>2026-04-17T23:47:57.441796Z</time></trkpt>
  <trkpt lat="37.4127162" lon="-121.9957607"><ele>39</ele><time>2026-04-17T23:47:57.542302Z</time></trkpt>
  <trkpt lat="37.4127024" lon="-121.9957687"><ele>38</ele><time>2026-04-17T23:47:57.642512Z</time></trkpt>
  <trkpt lat="37.4126849" lon="-121.9957789"><ele>38</ele><time>2026-04-17T23:47:57.743018Z</time></trkpt>
  <trkpt lat="37.4126654" lon="-121.9957889"><ele>37</ele><time>2026-04-17T23:47:57.823916Z</time></trkpt>
  <trkpt lat="37.4126453" lon="-121.9957983"><ele>37</ele><time>2026-04-17T23:47:57.924514Z</time></trkpt>
  <trkpt lat="37.4126255" lon="-121.9958075"><ele>36</ele><time>2026-04-17T23:47:58.025059Z</time></trkpt>
  <trkpt lat="37.4126059" lon="-121.9958164"><ele>35</ele><time>2026-04-17T23:47:58.125735Z</time></trkpt>
  <trkpt lat="37.4125866" lon="-121.9958257"><ele>34</ele><time>2026-04-17T23:47:58.225987Z</time></trkpt>
  <trkpt lat="37.4125673" lon="-121.9958352"><ele>33</ele><time>2026-04-17T23:47:58.326203Z</time></trkpt>
  <trkpt lat="37.4125479" lon="-121.9958452"><ele>32</ele><time>2026-04-17T23:47:58.427000Z</time></trkpt>
  <trkpt lat="37.4125285" lon="-121.9958559"><ele>31</ele><time>2026-04-17T23:47:58.527458Z</time></trkpt>
  <trkpt lat="37.4125285" lon="-121.9958559"><ele>31</ele><time>2026-04-17T23:47:58.590029Z</time></trkpt>
  <trkpt lat="37.4125094" lon="-121.9958671"><ele>32</ele><time>2026-04-17T23:47:58.628902Z</time></trkpt>
  <trkpt lat="37.4124902" lon="-121.9958788"><ele>32</ele><time>2026-04-17T23:47:58.730213Z</time></trkpt>
  <trkpt lat="37.4124712" lon="-121.9958904"><ele>32</ele><time>2026-04-17T23:47:58.830566Z</time></trkpt>
  <trkpt lat="37.4124524" lon="-121.9959024"><ele>32</ele><time>2026-04-17T23:47:58.930725Z</time></trkpt>
  <trkpt lat="37.4124336" lon="-121.9959144"><ele>31</ele><time>2026-04-17T23:47:59.031247Z</time></trkpt>
  <trkpt lat="37.4124152" lon="-121.9959266"><ele>31</ele><time>2026-04-17T23:47:59.131623Z</time></trkpt>
  <trkpt lat="37.4123970" lon="-121.9959382"><ele>31</ele><time>2026-04-17T23:47:59.232329Z</time></trkpt>
  <trkpt lat="37.4123792" lon="-121.9959497"><ele>31</ele><time>2026-04-17T23:47:59.332972Z</time></trkpt>
  <trkpt lat="37.4123621" lon="-121.9959616"><ele>31</ele><time>2026-04-17T23:47:59.433592Z</time></trkpt>
  <trkpt lat="37.4123458" lon="-121.9959749"><ele>30</ele><time>2026-04-17T23:47:59.534007Z</time></trkpt>
  <trkpt lat="37.4123307" lon="-121.9959891"><ele>31</ele><time>2026-04-17T23:47:59.634462Z</time></trkpt>
  <trkpt lat="37.4123165" lon="-121.9960032"><ele>31</ele><time>2026-04-17T23:47:59.735119Z</time></trkpt>
  <trkpt lat="37.4123035" lon="-121.9960171"><ele>31</ele><time>2026-04-17T23:47:59.835958Z</time></trkpt>
  <trkpt lat="37.4122921" lon="-121.9960307"><ele>32</ele><time>2026-04-17T23:47:59.937160Z</time></trkpt>
  <trkpt lat="37.4122825" lon="-121.9960442"><ele>32</ele><time>2026-04-17T23:48:00.037190Z</time></trkpt>
  <trkpt lat="37.4122749" lon="-121.9960568"><ele>33</ele><time>2026-04-17T23:48:00.138175Z</time></trkpt>
  <trkpt lat="37.4122685" lon="-121.9960690"><ele>33</ele><time>2026-04-17T23:48:00.239625Z</time></trkpt>
  <trkpt lat="37.4122632" lon="-121.9960811"><ele>34</ele><time>2026-04-17T23:48:00.320088Z</time></trkpt>
  <trkpt lat="37.4122592" lon="-121.9960932"><ele>34</ele><time>2026-04-17T23:48:00.440742Z</time></trkpt>
  <trkpt lat="37.4122559" lon="-121.9961045"><ele>35</ele><time>2026-04-17T23:48:00.521181Z</time></trkpt>
  <trkpt lat="37.4122541" lon="-121.9961146"><ele>35</ele><time>2026-04-17T23:48:00.621580Z</time></trkpt>
  <trkpt lat="37.4122538" lon="-121.9961235"><ele>36</ele><time>2026-04-17T23:48:00.722033Z</time></trkpt>
  <trkpt lat="37.4122538" lon="-121.9961235"><ele>36</ele><time>2026-04-17T23:48:00.754567Z</time></trkpt>
  <trkpt lat="37.4122553" lon="-121.9961318"><ele>36</ele><time>2026-04-17T23:48:00.822189Z</time></trkpt>
  <trkpt lat="37.4122576" lon="-121.9961393"><ele>37</ele><time>2026-04-17T23:48:00.922346Z</time></trkpt>
  <trkpt lat="37.4122605" lon="-121.9961454"><ele>37</ele><time>2026-04-17T23:48:01.022492Z</time></trkpt>
  <trkpt lat="37.4122640" lon="-121.9961507"><ele>38</ele><time>2026-04-17T23:48:01.122753Z</time></trkpt>
  <trkpt lat="37.4122682" lon="-121.9961549"><ele>38</ele><time>2026-04-17T23:48:01.223579Z</time></trkpt>
  <trkpt lat="37.4122729" lon="-121.9961575"><ele>38</ele><time>2026-04-17T23:48:01.324382Z</time></trkpt>
  <trkpt lat="37.4122785" lon="-121.9961592"><ele>39</ele><time>2026-04-17T23:48:01.424926Z</time></trkpt>
  <trkpt lat="37.4122847" lon="-121.9961593"><ele>39</ele><time>2026-04-17T23:48:01.525092Z</time></trkpt>
  <trkpt lat="37.4122916" lon="-121.9961578"><ele>39</ele><time>2026-04-17T23:48:01.625325Z</time></trkpt>
  <trkpt lat="37.4122988" lon="-121.9961544"><ele>39</ele><time>2026-04-17T23:48:01.726430Z</time></trkpt>
  <trkpt lat="37.4123062" lon="-121.9961494"><ele>39</ele><time>2026-04-17T23:48:01.827591Z</time></trkpt>
  <trkpt lat="37.4123136" lon="-121.9961428"><ele>39</ele><time>2026-04-17T23:48:01.927089Z</time></trkpt>
  <trkpt lat="37.4123211" lon="-121.9961345"><ele>39</ele><time>2026-04-17T23:48:02.027368Z</time></trkpt>
  <trkpt lat="37.4123283" lon="-121.9961246"><ele>39</ele><time>2026-04-17T23:48:02.128608Z</time></trkpt>
  <trkpt lat="37.4123351" lon="-121.9961130"><ele>39</ele><time>2026-04-17T23:48:02.229351Z</time></trkpt>
  <trkpt lat="37.4123413" lon="-121.9961003"><ele>39</ele><time>2026-04-17T23:48:02.330485Z</time></trkpt>
  <trkpt lat="37.4123471" lon="-121.9960868"><ele>40</ele><time>2026-04-17T23:48:02.430763Z</time></trkpt>
  <trkpt lat="37.4123527" lon="-121.9960728"><ele>40</ele><time>2026-04-17T23:48:02.531488Z</time></trkpt>
  <trkpt lat="37.4123580" lon="-121.9960580"><ele>40</ele><time>2026-04-17T23:48:02.632246Z</time></trkpt>
  <trkpt lat="37.4123632" lon="-121.9960426"><ele>40</ele><time>2026-04-17T23:48:02.732576Z</time></trkpt>
  <trkpt lat="37.4123687" lon="-121.9960271"><ele>40</ele><time>2026-04-17T23:48:02.833932Z</time></trkpt>
  <trkpt lat="37.4123687" lon="-121.9960271"><ele>40</ele><time>2026-04-17T23:48:02.914887Z</time></trkpt>
  <trkpt lat="37.4123747" lon="-121.9960117"><ele>41</ele><time>2026-04-17T23:48:02.934680Z</time></trkpt>
  <trkpt lat="37.4123805" lon="-121.9959959"><ele>41</ele><time>2026-04-17T23:48:03.034753Z</time></trkpt>
  <trkpt lat="37.4123863" lon="-121.9959798"><ele>41</ele><time>2026-04-17T23:48:03.135183Z</time></trkpt>
  <trkpt lat="37.4123917" lon="-121.9959630"><ele>40</ele><time>2026-04-17T23:48:03.235877Z</time></trkpt>
  <trkpt lat="37.4123972" lon="-121.9959460"><ele>40</ele><time>2026-04-17T23:48:03.316272Z</time></trkpt>
  <trkpt lat="37.4124025" lon="-121.9959284"><ele>40</ele><time>2026-04-17T23:48:03.417149Z</time></trkpt>
  <trkpt lat="37.4124077" lon="-121.9959105"><ele>40</ele><time>2026-04-17T23:48:03.517738Z</time></trkpt>
  <trkpt lat="37.4124131" lon="-121.9958921"><ele>40</ele><time>2026-04-17T23:48:03.618160Z</time></trkpt>
  <trkpt lat="37.4124182" lon="-121.9958732"><ele>39</ele><time>2026-04-17T23:48:03.718607Z</time></trkpt>
  <trkpt lat="37.4124231" lon="-121.9958540"><ele>39</ele><time>2026-04-17T23:48:03.819770Z</time></trkpt>
  <trkpt lat="37.4124279" lon="-121.9958344"><ele>38</ele><time>2026-04-17T23:48:03.921077Z</time></trkpt>
  <trkpt lat="37.4124325" lon="-121.9958143"><ele>38</ele><time>2026-04-17T23:48:04.021756Z</time></trkpt>
  <trkpt lat="37.4124370" lon="-121.9957938"><ele>37</ele><time>2026-04-17T23:48:04.122381Z</time></trkpt>
  <trkpt lat="37.4124412" lon="-121.9957729"><ele>37</ele><time>2026-04-17T23:48:04.222894Z</time></trkpt>
  <trkpt lat="37.4124454" lon="-121.9957517"><ele>36</ele><time>2026-04-17T23:48:04.323730Z</time></trkpt>
  <trkpt lat="37.4124493" lon="-121.9957300"><ele>35</ele><time>2026-04-17T23:48:04.424136Z</time></trkpt>
  <trkpt lat="37.4124531" lon="-121.9957076"><ele>35</ele><time>2026-04-17T23:48:04.525123Z</time></trkpt>
  <trkpt lat="37.4124569" lon="-121.9956848"><ele>34</ele><time>2026-04-17T23:48:04.625907Z</time></trkpt>
  <trkpt lat="37.4124607" lon="-121.9956620"><ele>34</ele><time>2026-04-17T23:48:04.726505Z</time></trkpt>
  <trkpt lat="37.4124643" lon="-121.9956391"><ele>34</ele><time>2026-04-17T23:48:04.826948Z</time></trkpt>
  <trkpt lat="37.4124678" lon="-121.9956169"><ele>34</ele><time>2026-04-17T23:48:04.927935Z</time></trkpt>
  <trkpt lat="37.4124710" lon="-121.9955953"><ele>35</ele><time>2026-04-17T23:48:05.008507Z</time></trkpt>
  <trkpt lat="37.4124710" lon="-121.9955953"><ele>35</ele><time>2026-04-17T23:48:05.064000Z</time></trkpt>
  <trkpt lat="37.4124739" lon="-121.9955743"><ele>35</ele><time>2026-04-17T23:48:05.109353Z</time></trkpt>
  <trkpt lat="37.4124765" lon="-121.9955538"><ele>36</ele><time>2026-04-17T23:48:05.209949Z</time></trkpt>
  <trkpt lat="37.4124793" lon="-121.9955341"><ele>36</ele><time>2026-04-17T23:48:05.310510Z</time></trkpt>
  <trkpt lat="37.4124821" lon="-121.9955147"><ele>36</ele><time>2026-04-17T23:48:05.411889Z</time></trkpt>
  <trkpt lat="37.4124848" lon="-121.9954957"><ele>37</ele><time>2026-04-17T23:48:05.511706Z</time></trkpt>
  <trkpt lat="37.4124878" lon="-121.9954763"><ele>38</ele><time>2026-04-17T23:48:05.612449Z</time></trkpt>
  <trkpt lat="37.4124913" lon="-121.9954577"><ele>38</ele><time>2026-04-17T23:48:05.712589Z</time></trkpt>
  <trkpt lat="37.4124952" lon="-121.9954398"><ele>39</ele><time>2026-04-17T23:48:05.812775Z</time></trkpt>
  <trkpt lat="37.4124994" lon="-121.9954224"><ele>39</ele><time>2026-04-17T23:48:05.913571Z</time></trkpt>
  <trkpt lat="37.4125037" lon="-121.9954058"><ele>40</ele><time>2026-04-17T23:48:06.013646Z</time></trkpt>
  <trkpt lat="37.4125083" lon="-121.9953898"><ele>40</ele><time>2026-04-17T23:48:06.114650Z</time></trkpt>
  <trkpt lat="37.4125132" lon="-121.9953746"><ele>41</ele><time>2026-04-17T23:48:06.215620Z</time></trkpt>
  <trkpt lat="37.4125184" lon="-121.9953604"><ele>41</ele><time>2026-04-17T23:48:06.316048Z</time></trkpt>
  <trkpt lat="37.4125241" lon="-121.9953471"><ele>42</ele><time>2026-04-17T23:48:06.416336Z</time></trkpt>
  <trkpt lat="37.4125300" lon="-121.9953342"><ele>43</ele><time>2026-04-17T23:48:06.516792Z</time></trkpt>
  <trkpt lat="37.4125361" lon="-121.9953215"><ele>43</ele><time>2026-04-17T23:48:06.617581Z</time></trkpt>
  <trkpt lat="37.4125422" lon="-121.9953088"><ele>44</ele><time>2026-04-17T23:48:06.718195Z</time></trkpt>
  <trkpt lat="37.4125485" lon="-121.9952970"><ele>44</ele><time>2026-04-17T23:48:06.818434Z</time></trkpt>
  <trkpt lat="37.4125550" lon="-121.9952862"><ele>44</ele><time>2026-04-17T23:48:06.919134Z</time></trkpt>
  <trkpt lat="37.4125616" lon="-121.9952765"><ele>45</ele><time>2026-04-17T23:48:07.019473Z</time></trkpt>
  <trkpt lat="37.4125685" lon="-121.9952670"><ele>45</ele><time>2026-04-17T23:48:07.119899Z</time></trkpt>
  <trkpt lat="37.4125754" lon="-121.9952580"><ele>45</ele><time>2026-04-17T23:48:07.220482Z</time></trkpt>
  <trkpt lat="37.4125754" lon="-121.9952580"><ele>45</ele><time>2026-04-17T23:48:07.224650Z</time></trkpt>
  <trkpt lat="37.4125822" lon="-121.9952490"><ele>46</ele><time>2026-04-17T23:48:07.321910Z</time></trkpt>
  <trkpt lat="37.4125892" lon="-121.9952401"><ele>46</ele><time>2026-04-17T23:48:07.422352Z</time></trkpt>
  <trkpt lat="37.4125963" lon="-121.9952318"><ele>46</ele><time>2026-04-17T23:48:07.523089Z</time></trkpt>
  <trkpt lat="37.4126038" lon="-121.9952242"><ele>46</ele><time>2026-04-17T23:48:07.623198Z</time></trkpt>
  <trkpt lat="37.4126115" lon="-121.9952170"><ele>46</ele><time>2026-04-17T23:48:07.724172Z</time></trkpt>
  <trkpt lat="37.4126192" lon="-121.9952103"><ele>46</ele><time>2026-04-17T23:48:07.825272Z</time></trkpt>
  <trkpt lat="37.4126270" lon="-121.9952039"><ele>46</ele><time>2026-04-17T23:48:07.905646Z</time></trkpt>
  <trkpt lat="37.4126350" lon="-121.9951979"><ele>46</ele><time>2026-04-17T23:48:08.006658Z</time></trkpt>
  <trkpt lat="37.4126431" lon="-121.9951928"><ele>46</ele><time>2026-04-17T23:48:08.107376Z</time></trkpt>
  <trkpt lat="37.4126514" lon="-121.9951884"><ele>46</ele><time>2026-04-17T23:48:08.207981Z</time></trkpt>
  <trkpt lat="37.4126598" lon="-121.9951849"><ele>46</ele><time>2026-04-17T23:48:08.308288Z</time></trkpt>
  <trkpt lat="37.4126681" lon="-121.9951821"><ele>46</ele><time>2026-04-17T23:48:08.408702Z</time></trkpt>
  <trkpt lat="37.4126765" lon="-121.9951798"><ele>46</ele><time>2026-04-17T23:48:08.510048Z</time></trkpt>
  <trkpt lat="37.4126848" lon="-121.9951784"><ele>46</ele><time>2026-04-17T23:48:08.610244Z</time></trkpt>
  <trkpt lat="37.4126930" lon="-121.9951778"><ele>46</ele><time>2026-04-17T23:48:08.710444Z</time></trkpt>
  <trkpt lat="37.4127009" lon="-121.9951780"><ele>46</ele><time>2026-04-17T23:48:08.810728Z</time></trkpt>
  <trkpt lat="37.4127087" lon="-121.9951791"><ele>46</ele><time>2026-04-17T23:48:08.911213Z</time></trkpt>
  <trkpt lat="37.4127164" lon="-121.9951807"><ele>46</ele><time>2026-04-17T23:48:09.011894Z</time></trkpt>
  <trkpt lat="37.4127238" lon="-121.9951829"><ele>47</ele><time>2026-04-17T23:48:09.112937Z</time></trkpt>
  <trkpt lat="37.4127309" lon="-121.9951861"><ele>47</ele><time>2026-04-17T23:48:09.214189Z</time></trkpt>
  <trkpt lat="37.4127378" lon="-121.9951898"><ele>47</ele><time>2026-04-17T23:48:09.314679Z</time></trkpt>
  <trkpt lat="37.4127378" lon="-121.9951898"><ele>47</ele><time>2026-04-17T23:48:09.390577Z</time></trkpt>
  <trkpt lat="37.4127443" lon="-121.9951941"><ele>47</ele><time>2026-04-17T23:48:09.414216Z</time></trkpt>
  <trkpt lat="37.4127505" lon="-121.9951990"><ele>47</ele><time>2026-04-17T23:48:09.514990Z</time></trkpt>
  <trkpt lat="37.4127557" lon="-121.9952050"><ele>48</ele><time>2026-04-17T23:48:09.615606Z</time></trkpt>
  <trkpt lat="37.4127602" lon="-121.9952116"><ele>48</ele><time>2026-04-17T23:48:09.715842Z</time></trkpt>
  <trkpt lat="37.4127642" lon="-121.9952185"><ele>48</ele><time>2026-04-17T23:48:09.816607Z</time></trkpt>
  <trkpt lat="37.4127677" lon="-121.9952257"><ele>49</ele><time>2026-04-17T23:48:09.917150Z</time></trkpt>
  <trkpt lat="37.4127709" lon="-121.9952331"><ele>49</ele><time>2026-04-17T23:48:10.017505Z</time></trkpt>
  <trkpt lat="37.4127739" lon="-121.9952408"><ele>50</ele><time>2026-04-17T23:48:10.118358Z</time></trkpt>
  <trkpt lat="37.4127770" lon="-121.9952485"><ele>50</ele><time>2026-04-17T23:48:10.218965Z</time></trkpt>
  <trkpt lat="37.4127800" lon="-121.9952564"><ele>50</ele><time>2026-04-17T23:48:10.319560Z</time></trkpt>
  <trkpt lat="37.4127830" lon="-121.9952644"><ele>50</ele><time>2026-04-17T23:48:10.419754Z</time></trkpt>
  <trkpt lat="37.4127860" lon="-121.9952727"><ele>51</ele><time>2026-04-17T23:48:10.520254Z</time></trkpt>
  <trkpt lat="37.4127888" lon="-121.9952817"><ele>51</ele><time>2026-04-17T23:48:10.620483Z</time></trkpt>
  <trkpt lat="37.4127920" lon="-121.9952900"><ele>51</ele><time>2026-04-17T23:48:10.721268Z</time></trkpt>
  <trkpt lat="37.4127950" lon="-121.9952987"><ele>51</ele><time>2026-04-17T23:48:10.801993Z</time></trkpt>
  <trkpt lat="37.4127979" lon="-121.9953077"><ele>51</ele><time>2026-04-17T23:48:10.922678Z</time></trkpt>
  <trkpt lat="37.4128009" lon="-121.9953167"><ele>51</ele><time>2026-04-17T23:48:11.022942Z</time></trkpt>
  <trkpt lat="37.4128036" lon="-121.9953263"><ele>51</ele><time>2026-04-17T23:48:11.123324Z</time></trkpt>
  <trkpt lat="37.4128062" lon="-121.9953363"><ele>51</ele><time>2026-04-17T23:48:11.223937Z</time></trkpt>
  <trkpt lat="37.4128085" lon="-121.9953467"><ele>50</ele><time>2026-04-17T23:48:11.324374Z</time></trkpt>
  <trkpt lat="37.4128105" lon="-121.9953576"><ele>50</ele><time>2026-04-17T23:48:11.425097Z</time></trkpt>
  <trkpt lat="37.4128118" lon="-121.9953690"><ele>51</ele><time>2026-04-17T23:48:11.526480Z</time></trkpt>
  <trkpt lat="37.4128118" lon="-121.9953690"><ele>51</ele><time>2026-04-17T23:48:11.544500Z</time></trkpt>
  <trkpt lat="37.4128129" lon="-121.9953803"><ele>51</ele><time>2026-04-17T23:48:11.626637Z</time></trkpt>
  <trkpt lat="37.4128138" lon="-121.9953913"><ele>51</ele><time>2026-04-17T23:48:11.726951Z</time></trkpt>
  <trkpt lat="37.4128143" lon="-121.9954023"><ele>51</ele><time>2026-04-17T23:48:11.807229Z</time></trkpt>
  <trkpt lat="37.4128149" lon="-121.9954131"><ele>52</ele><time>2026-04-17T23:48:11.927897Z</time></trkpt>
  <trkpt lat="37.4128156" lon="-121.9954236"><ele>52</ele><time>2026-04-17T23:48:12.008096Z</time></trkpt>
  <trkpt lat="37.4128163" lon="-121.9954337"><ele>52</ele><time>2026-04-17T23:48:12.128468Z</time></trkpt>
  <trkpt lat="37.4128169" lon="-121.9954433"><ele>53</ele><time>2026-04-17T23:48:12.208989Z</time></trkpt>
  <trkpt lat="37.4128173" lon="-121.9954528"><ele>53</ele><time>2026-04-17T23:48:12.309382Z</time></trkpt>
  <trkpt lat="37.4128179" lon="-121.9954622"><ele>54</ele><time>2026-04-17T23:48:12.410118Z</time></trkpt>
  <trkpt lat="37.4128186" lon="-121.9954715"><ele>54</ele><time>2026-04-17T23:48:12.510540Z</time></trkpt>
  <trkpt lat="37.4128193" lon="-121.9954803"><ele>54</ele><time>2026-04-17T23:48:12.610836Z</time></trkpt>
  <trkpt lat="37.4128202" lon="-121.9954889"><ele>55</ele><time>2026-04-17T23:48:12.711133Z</time></trkpt>
  <trkpt lat="37.4128212" lon="-121.9954974"><ele>55</ele><time>2026-04-17T23:48:12.811303Z</time></trkpt>
  <trkpt lat="37.4128223" lon="-121.9955057"><ele>56</ele><time>2026-04-17T23:48:12.911954Z</time></trkpt>
  <trkpt lat="37.4128234" lon="-121.9955134"><ele>56</ele><time>2026-04-17T23:48:13.012518Z</time></trkpt>
  <trkpt lat="37.4128247" lon="-121.9955205"><ele>57</ele><time>2026-04-17T23:48:13.112796Z</time></trkpt>
  <trkpt lat="37.4128262" lon="-121.9955269"><ele>57</ele><time>2026-04-17T23:48:13.212972Z</time></trkpt>
  <trkpt lat="37.4128280" lon="-121.9955327"><ele>58</ele><time>2026-04-17T23:48:13.313430Z</time></trkpt>
  <trkpt lat="37.4128300" lon="-121.9955378"><ele>59</ele><time>2026-04-17T23:48:13.413635Z</time></trkpt>
  <trkpt lat="37.4128321" lon="-121.9955425"><ele>59</ele><time>2026-04-17T23:48:13.514227Z</time></trkpt>
  <trkpt lat="37.4128344" lon="-121.9955467"><ele>60</ele><time>2026-04-17T23:48:13.615067Z</time></trkpt>
  <trkpt lat="37.4128344" lon="-121.9955467"><ele>60</ele><time>2026-04-17T23:48:13.706700Z</time></trkpt>
  <trkpt lat="37.4128367" lon="-121.9955508"><ele>60</ele><time>2026-04-17T23:48:13.716269Z</time></trkpt>
  <trkpt lat="37.4128393" lon="-121.9955549"><ele>61</ele><time>2026-04-17T23:48:13.817227Z</time></trkpt>
  <trkpt lat="37.4128420" lon="-121.9955589"><ele>61</ele><time>2026-04-17T23:48:13.917372Z</time></trkpt>
  <trkpt lat="37.4128449" lon="-121.9955630"><ele>62</ele><time>2026-04-17T23:48:14.017546Z</time></trkpt>
  <trkpt lat="37.4128478" lon="-121.9955670"><ele>62</ele><time>2026-04-17T23:48:14.117907Z</time></trkpt>
  <trkpt lat="37.4128504" lon="-121.9955713"><ele>62</ele><time>2026-04-17T23:48:14.217879Z</time></trkpt>
  <trkpt lat="37.4128532" lon="-121.9955757"><ele>63</ele><time>2026-04-17T23:48:14.318338Z</time></trkpt>
  <trkpt lat="37.4128563" lon="-121.9955799"><ele>63</ele><time>2026-04-17T23:48:14.419039Z</time></trkpt>
  <trkpt lat="37.4128595" lon="-121.9955840"><ele>63</ele><time>2026-04-17T23:48:14.520047Z</time></trkpt>
  <trkpt lat="37.4128629" lon="-121.9955879"><ele>64</ele><time>2026-04-17T23:48:14.620455Z</time></trkpt>
  <trkpt lat="37.4128662" lon="-121.9955918"><ele>64</ele><time>2026-04-17T23:48:14.720719Z</time></trkpt>
  <trkpt lat="37.4128694" lon="-121.9955955"><ele>65</ele><time>2026-04-17T23:48:14.821272Z</time></trkpt>
  <trkpt lat="37.4128724" lon="-121.9955991"><ele>65</ele><time>2026-04-17T23:48:14.921464Z</time></trkpt>
  <trkpt lat="37.4128755" lon="-121.9956023"><ele>65</ele><time>2026-04-17T23:48:15.021719Z</time></trkpt>
  <trkpt lat="37.4128787" lon="-121.9956052"><ele>66</ele><time>2026-04-17T23:48:15.122028Z</time></trkpt>
  <trkpt lat="37.4128820" lon="-121.9956077"><ele>66</ele><time>2026-04-17T23:48:15.222590Z</time></trkpt>
  <trkpt lat="37.4128853" lon="-121.9956098"><ele>67</ele><time>2026-04-17T23:48:15.323199Z</time></trkpt>
  <trkpt lat="37.4128884" lon="-121.9956117"><ele>67</ele><time>2026-04-17T23:48:15.423596Z</time></trkpt>
  <trkpt lat="37.4128915" lon="-121.9956134"><ele>68</ele><time>2026-04-17T23:48:15.504072Z</time></trkpt>
  <trkpt lat="37.4128949" lon="-121.9956147"><ele>68</ele><time>2026-04-17T23:48:15.604583Z</time></trkpt>
  <trkpt lat="37.4128984" lon="-121.9956155"><ele>69</ele><time>2026-04-17T23:48:15.705105Z</time></trkpt>
  <trkpt lat="37.4129018" lon="-121.9956161"><ele>69</ele><time>2026-04-17T23:48:15.805444Z</time></trkpt>
  <trkpt lat="37.4129018" lon="-121.9956161"><ele>69</ele><time>2026-04-17T23:48:15.870498Z</time></trkpt>
  <trkpt lat="37.4129054" lon="-121.9956165"><ele>70</ele><time>2026-04-17T23:48:15.906564Z</time></trkpt>
  <trkpt lat="37.4129091" lon="-121.9956168"><ele>70</ele><time>2026-04-17T23:48:16.007109Z</time></trkpt>
  <trkpt lat="37.4129128" lon="-121.9956168"><ele>71</ele><time>2026-04-17T23:48:16.107461Z</time></trkpt>
  <trkpt lat="37.4129167" lon="-121.9956167"><ele>71</ele><time>2026-04-17T23:48:16.207827Z</time></trkpt>
  <trkpt lat="37.4129207" lon="-121.9956165"><ele>72</ele><time>2026-04-17T23:48:16.308830Z</time></trkpt>
  <trkpt lat="37.4129248" lon="-121.9956162"><ele>72</ele><time>2026-04-17T23:48:16.408924Z</time></trkpt>
  <trkpt lat="37.4129291" lon="-121.9956157"><ele>72</ele><time>2026-04-17T23:48:16.509514Z</time></trkpt>
  <trkpt lat="37.4129335" lon="-121.9956151"><ele>73</ele><time>2026-04-17T23:48:16.610151Z</time></trkpt>
  <trkpt lat="37.4129379" lon="-121.9956145"><ele>73</ele><time>2026-04-17T23:48:16.711152Z</time></trkpt>
  <trkpt lat="37.4129424" lon="-121.9956140"><ele>74</ele><time>2026-04-17T23:48:16.811721Z</time></trkpt>
  <trkpt lat="37.4129470" lon="-121.9956137"><ele>74</ele><time>2026-04-17T23:48:16.911755Z</time></trkpt>
  <trkpt lat="37.4129516" lon="-121.9956137"><ele>74</ele><time>2026-04-17T23:48:17.012281Z</time></trkpt>
  <trkpt lat="37.4129560" lon="-121.9956141"><ele>75</ele><time>2026-04-17T23:48:17.112418Z</time></trkpt>
  <trkpt lat="37.4129605" lon="-121.9956147"><ele>75</ele><time>2026-04-17T23:48:17.213550Z</time></trkpt>
  <trkpt lat="37.4129648" lon="-121.9956155"><ele>75</ele><time>2026-04-17T23:48:17.314441Z</time></trkpt>
  <trkpt lat="37.4129689" lon="-121.9956166"><ele>76</ele><time>2026-04-17T23:48:17.415129Z</time></trkpt>
  <trkpt lat="37.4129730" lon="-121.9956179"><ele>76</ele><time>2026-04-17T23:48:17.515341Z</time></trkpt>
  <trkpt lat="37.4129770" lon="-121.9956194"><ele>77</ele><time>2026-04-17T23:48:17.615693Z</time></trkpt>
  <trkpt lat="37.4129809" lon="-121.9956211"><ele>77</ele><time>2026-04-17T23:48:17.716493Z</time></trkpt>
  <trkpt lat="37.4129848" lon="-121.9956229"><ele>77</ele><time>2026-04-17T23:48:17.817060Z</time></trkpt>
  <trkpt lat="37.4129886" lon="-121.9956247"><ele>78</ele><time>2026-04-17T23:48:17.918301Z</time></trkpt>
  <trkpt lat="37.4129924" lon="-121.9956267"><ele>78</ele><time>2026-04-17T23:48:18.019602Z</time></trkpt>
  <trkpt lat="37.4129924" lon="-121.9956267"><ele>78</ele><time>2026-04-17T23:48:18.026884Z</time></trkpt>
  <trkpt lat="37.4129960" lon="-121.9956290"><ele>79</ele><time>2026-04-17T23:48:18.120823Z</time></trkpt>
  <trkpt lat="37.4129995" lon="-121.9956315"><ele>79</ele><time>2026-04-17T23:48:18.200935Z</time></trkpt>
  <trkpt lat="37.4130027" lon="-121.9956343"><ele>80</ele><time>2026-04-17T23:48:18.301957Z</time></trkpt>
  <trkpt lat="37.4130059" lon="-121.9956371"><ele>80</ele><time>2026-04-17T23:48:18.402775Z</time></trkpt>
  <trkpt lat="37.4130093" lon="-121.9956400"><ele>80</ele><time>2026-04-17T23:48:18.503829Z</time></trkpt>
  <trkpt lat="37.4130118" lon="-121.9956442"><ele>81</ele><time>2026-04-17T23:48:18.603948Z</time></trkpt>
  <trkpt lat="37.4130151" lon="-121.9956470"><ele>81</ele><time>2026-04-17T23:48:18.704545Z</time></trkpt>
  <trkpt lat="37.4130185" lon="-121.9956500"><ele>82</ele><time>2026-04-17T23:48:18.804985Z</time></trkpt>
  <trkpt lat="37.4130218" lon="-121.9956532"><ele>82</ele><time>2026-04-17T23:48:18.905923Z</time></trkpt>
  <trkpt lat="37.4130247" lon="-121.9956571"><ele>83</ele><time>2026-04-17T23:48:19.007470Z</time></trkpt>
  <trkpt lat="37.4130279" lon="-121.9956605"><ele>83</ele><time>2026-04-17T23:48:19.107923Z</time></trkpt>
  <trkpt lat="37.4130313" lon="-121.9956640"><ele>83</ele><time>2026-04-17T23:48:19.208040Z</time></trkpt>
  <trkpt lat="37.4130344" lon="-121.9956676"><ele>84</ele><time>2026-04-17T23:48:19.309107Z</time></trkpt>
  <trkpt lat="37.4130377" lon="-121.9956711"><ele>84</ele><time>2026-04-17T23:48:19.409585Z</time></trkpt>
  <trkpt lat="37.4130410" lon="-121.9956747"><ele>84</ele><time>2026-04-17T23:48:19.509677Z</time></trkpt>
  <trkpt lat="37.4130445" lon="-121.9956782"><ele>85</ele><time>2026-04-17T23:48:19.609932Z</time></trkpt>
  <trkpt lat="37.4130483" lon="-121.9956816"><ele>85</ele><time>2026-04-17T23:48:19.710433Z</time></trkpt>
  <trkpt lat="37.4130522" lon="-121.9956850"><ele>85</ele><time>2026-04-17T23:48:19.811432Z</time></trkpt>
  <trkpt lat="37.4130564" lon="-121.9956881"><ele>86</ele><time>2026-04-17T23:48:19.911672Z</time></trkpt>
  <trkpt lat="37.4130609" lon="-121.9956909"><ele>86</ele><time>2026-04-17T23:48:20.012372Z</time></trkpt>
  <trkpt lat="37.4130658" lon="-121.9956934"><ele>86</ele><time>2026-04-17T23:48:20.112790Z</time></trkpt>
  <trkpt lat="37.4130658" lon="-121.9956934"><ele>86</ele><time>2026-04-17T23:48:20.184491Z</time></trkpt>
  <trkpt lat="37.4130710" lon="-121.9956954"><ele>87</ele><time>2026-04-17T23:48:20.212983Z</time></trkpt>
  <trkpt lat="37.4130765" lon="-121.9956972"><ele>87</ele><time>2026-04-17T23:48:20.313711Z</time></trkpt>
  <trkpt lat="37.4130823" lon="-121.9956987"><ele>87</ele><time>2026-04-17T23:48:20.414828Z</time></trkpt>
  <trkpt lat="37.4130884" lon="-121.9956998"><ele>87</ele><time>2026-04-17T23:48:20.515170Z</time></trkpt>
  <trkpt lat="37.4130947" lon="-121.9957005"><ele>87</ele><time>2026-04-17T23:48:20.615725Z</time></trkpt>
  <trkpt lat="37.4131012" lon="-121.9957011"><ele>87</ele><time>2026-04-17T23:48:20.716812Z</time></trkpt>
  <trkpt lat="37.4131080" lon="-121.9957015"><ele>87</ele><time>2026-04-17T23:48:20.816727Z</time></trkpt>
  <trkpt lat="37.4131147" lon="-121.9957019"><ele>88</ele><time>2026-04-17T23:48:20.917046Z</time></trkpt>
  <trkpt lat="37.4131215" lon="-121.9957025"><ele>88</ele><time>2026-04-17T23:48:20.997621Z</time></trkpt>
  <trkpt lat="37.4131283" lon="-121.9957033"><ele>88</ele><time>2026-04-17T23:48:21.118245Z</time></trkpt>
  <trkpt lat="37.4131350" lon="-121.9957042"><ele>88</ele><time>2026-04-17T23:48:21.198716Z</time></trkpt>
  <trkpt lat="37.4131414" lon="-121.9957052"><ele>88</ele><time>2026-04-17T23:48:21.299805Z</time></trkpt>
  <trkpt lat="37.4131476" lon="-121.9957064"><ele>89</ele><time>2026-04-17T23:48:21.400351Z</time></trkpt>
  <trkpt lat="37.4131537" lon="-121.9957076"><ele>89</ele><time>2026-04-17T23:48:21.500698Z</time></trkpt>
  <trkpt lat="37.4131594" lon="-121.9957087"><ele>89</ele><time>2026-04-17T23:48:21.601042Z</time></trkpt>
  <trkpt lat="37.4131648" lon="-121.9957096"><ele>90</ele><time>2026-04-17T23:48:21.701451Z</time></trkpt>
  <trkpt lat="37.4131701" lon="-121.9957104"><ele>90</ele><time>2026-04-17T23:48:21.802016Z</time></trkpt>
  <trkpt lat="37.4131752" lon="-121.9957111"><ele>91</ele><time>2026-04-17T23:48:21.902683Z</time></trkpt>
  <trkpt lat="37.4131802" lon="-121.9957117"><ele>91</ele><time>2026-04-17T23:48:22.003440Z</time></trkpt>
  <trkpt lat="37.4131850" lon="-121.9957123"><ele>92</ele><time>2026-04-17T23:48:22.103636Z</time></trkpt>
  <trkpt lat="37.4131897" lon="-121.9957128"><ele>92</ele><time>2026-04-17T23:48:22.203781Z</time></trkpt>
  <trkpt lat="37.4131942" lon="-121.9957133"><ele>93</ele><time>2026-04-17T23:48:22.305272Z</time></trkpt>
  <trkpt lat="37.4131942" lon="-121.9957133"><ele>93</ele><time>2026-04-17T23:48:22.343538Z</time></trkpt>
  <trkpt lat="37.4131987" lon="-121.9957137"><ele>93</ele><time>2026-04-17T23:48:22.405596Z</time></trkpt>
  <trkpt lat="37.4132031" lon="-121.9957143"><ele>94</ele><time>2026-04-17T23:48:22.505734Z</time></trkpt>
  <trkpt lat="37.4132074" lon="-121.9957151"><ele>94</ele><time>2026-04-17T23:48:22.606242Z</time></trkpt>
  <trkpt lat="37.4132116" lon="-121.9957162"><ele>95</ele><time>2026-04-17T23:48:22.707242Z</time></trkpt>
  <trkpt lat="37.4132159" lon="-121.9957175"><ele>95</ele><time>2026-04-17T23:48:22.807859Z</time></trkpt>
  <trkpt lat="37.4132199" lon="-121.9957191"><ele>96</ele><time>2026-04-17T23:48:22.908794Z</time></trkpt>
  <trkpt lat="37.4132237" lon="-121.9957211"><ele>96</ele><time>2026-04-17T23:48:23.009712Z</time></trkpt>
  <trkpt lat="37.4132275" lon="-121.9957235"><ele>96</ele><time>2026-04-17T23:48:23.109386Z</time></trkpt>
  <trkpt lat="37.4132315" lon="-121.9957262"><ele>97</ele><time>2026-04-17T23:48:23.209719Z</time></trkpt>
  <trkpt lat="37.4132356" lon="-121.9957288"><ele>97</ele><time>2026-04-17T23:48:23.310510Z</time></trkpt>
  <trkpt lat="37.4132396" lon="-121.9957316"><ele>97</ele><time>2026-04-17T23:48:23.410520Z</time></trkpt>
  <trkpt lat="37.4132437" lon="-121.9957347"><ele>98</ele><time>2026-04-17T23:48:23.510885Z</time></trkpt>
  <trkpt lat="37.4132479" lon="-121.9957381"><ele>98</ele><time>2026-04-17T23:48:23.611351Z</time></trkpt>
  <trkpt lat="37.4132520" lon="-121.9957417"><ele>98</ele><time>2026-04-17T23:48:23.711677Z</time></trkpt>
  <trkpt lat="37.4132562" lon="-121.9957456"><ele>98</ele><time>2026-04-17T23:48:23.812313Z</time></trkpt>
  <trkpt lat="37.4132603" lon="-121.9957496"><ele>98</ele><time>2026-04-17T23:48:23.912682Z</time></trkpt>
  <trkpt lat="37.4132643" lon="-121.9957537"><ele>99</ele><time>2026-04-17T23:48:24.012930Z</time></trkpt>
  <trkpt lat="37.4132684" lon="-121.9957579"><ele>99</ele><time>2026-04-17T23:48:24.093019Z</time></trkpt>
  <trkpt lat="37.4132726" lon="-121.9957620"><ele>99</ele><time>2026-04-17T23:48:24.212983Z</time></trkpt>
  <trkpt lat="37.4132766" lon="-121.9957659"><ele>99</ele><time>2026-04-17T23:48:24.293542Z</time></trkpt>
  <trkpt lat="37.4132801" lon="-121.9957686"><ele>100</ele><time>2026-04-17T23:48:24.415204Z</time></trkpt>
  <trkpt lat="37.4132839" lon="-121.9957710"><ele>100</ele><time>2026-04-17T23:48:24.495638Z</time></trkpt>
  <trkpt lat="37.4132839" lon="-121.9957710"><ele>100</ele><time>2026-04-17T23:48:24.502890Z</time></trkpt>
  <trkpt lat="37.4132878" lon="-121.9957733"><ele>100</ele><time>2026-04-17T23:48:24.596340Z</time></trkpt>
  <trkpt lat="37.4132921" lon="-121.9957766"><ele>100</ele><time>2026-04-17T23:48:24.697020Z</time></trkpt>
  <trkpt lat="37.4132969" lon="-121.9957808"><ele>100</ele><time>2026-04-17T23:48:24.798012Z</time></trkpt>
  <trkpt lat="37.4133009" lon="-121.9957855"><ele>101</ele><time>2026-04-17T23:48:24.898870Z</time></trkpt>
  <trkpt lat="37.4133043" lon="-121.9957919"><ele>101</ele><time>2026-04-17T23:48:24.998706Z</time></trkpt>
  <trkpt lat="37.4133061" lon="-121.9957995"><ele>101</ele><time>2026-04-17T23:48:25.099396Z</time></trkpt>
  <trkpt lat="37.4133061" lon="-121.9958083"><ele>101</ele><time>2026-04-17T23:48:25.199550Z</time></trkpt>
  <trkpt lat="37.4133041" lon="-121.9958175"><ele>101</ele><time>2026-04-17T23:48:25.301119Z</time></trkpt>
  <trkpt lat="37.4133008" lon="-121.9958270"><ele>101</ele><time>2026-04-17T23:48:25.401772Z</time></trkpt>
  <trkpt lat="37.4132958" lon="-121.9958363"><ele>101</ele><time>2026-04-17T23:48:25.502768Z</time></trkpt>
  <trkpt lat="37.4132886" lon="-121.9958452"><ele>101</ele><time>2026-04-17T23:48:25.603600Z</time></trkpt>
  <trkpt lat="37.4132796" lon="-121.9958538"><ele>101</ele><time>2026-04-17T23:48:25.703702Z</time></trkpt>
  <trkpt lat="37.4132688" lon="-121.9958615"><ele>101</ele><time>2026-04-17T23:48:25.803939Z</time></trkpt>
  <trkpt lat="37.4132569" lon="-121.9958682"><ele>101</ele><time>2026-04-17T23:48:25.904232Z</time></trkpt>
  <trkpt lat="37.4132433" lon="-121.9958727"><ele>101</ele><time>2026-04-17T23:48:26.004415Z</time></trkpt>
  <trkpt lat="37.4132287" lon="-121.9958752"><ele>101</ele><time>2026-04-17T23:48:26.104734Z</time></trkpt>
  <trkpt lat="37.4132129" lon="-121.9958755"><ele>101</ele><time>2026-04-17T23:48:26.205323Z</time></trkpt>
  <trkpt lat="37.4131967" lon="-121.9958749"><ele>101</ele><time>2026-04-17T23:48:26.306140Z</time></trkpt>
  <trkpt lat="37.4131802" lon="-121.9958743"><ele>101</ele><time>2026-04-17T23:48:26.406325Z</time></trkpt>
  <trkpt lat="37.4131629" lon="-121.9958735"><ele>101</ele><time>2026-04-17T23:48:26.507411Z</time></trkpt>
  <trkpt lat="37.4131458" lon="-121.9958727"><ele>100</ele><time>2026-04-17T23:48:26.608424Z</time></trkpt>
  <trkpt lat="37.4131458" lon="-121.9958727"><ele>100</ele><time>2026-04-17T23:48:26.658434Z</time></trkpt>
  <trkpt lat="37.4131282" lon="-121.9958713"><ele>100</ele><time>2026-04-17T23:48:26.709098Z</time></trkpt>
  <trkpt lat="37.4131105" lon="-121.9958696"><ele>100</ele><time>2026-04-17T23:48:26.809565Z</time></trkpt>
  <trkpt lat="37.4130923" lon="-121.9958676"><ele>99</ele><time>2026-04-17T23:48:26.910112Z</time></trkpt>
  <trkpt lat="37.4130736" lon="-121.9958654"><ele>99</ele><time>2026-04-17T23:48:27.010438Z</time></trkpt>
  <trkpt lat="37.4130545" lon="-121.9958632"><ele>99</ele><time>2026-04-17T23:48:27.111649Z</time></trkpt>
  <trkpt lat="37.4130353" lon="-121.9958612"><ele>99</ele><time>2026-04-17T23:48:27.212235Z</time></trkpt>
  <trkpt lat="37.4130159" lon="-121.9958589"><ele>98</ele><time>2026-04-17T23:48:27.292880Z</time></trkpt>
  <trkpt lat="37.4129964" lon="-121.9958569"><ele>98</ele><time>2026-04-17T23:48:27.393726Z</time></trkpt>
  <trkpt lat="37.4129768" lon="-121.9958551"><ele>98</ele><time>2026-04-17T23:48:27.494462Z</time></trkpt>
  <trkpt lat="37.4129572" lon="-121.9958534"><ele>98</ele><time>2026-04-17T23:48:27.594996Z</time></trkpt>
  <trkpt lat="37.4129374" lon="-121.9958516"><ele>98</ele><time>2026-04-17T23:48:27.695850Z</time></trkpt>
  <trkpt lat="37.4129175" lon="-121.9958499"><ele>98</ele><time>2026-04-17T23:48:27.796160Z</time></trkpt>
  <trkpt lat="37.4128975" lon="-121.9958483"><ele>97</ele><time>2026-04-17T23:48:27.896732Z</time></trkpt>
  <trkpt lat="37.4128775" lon="-121.9958468"><ele>97</ele><time>2026-04-17T23:48:27.997074Z</time></trkpt>
  <trkpt lat="37.4128573" lon="-121.9958453"><ele>97</ele><time>2026-04-17T23:48:28.097526Z</time></trkpt>
  <trkpt lat="37.4128371" lon="-121.9958439"><ele>97</ele><time>2026-04-17T23:48:28.197892Z</time></trkpt>
  <trkpt lat="37.4128167" lon="-121.9958425"><ele>96</ele><time>2026-04-17T23:48:28.298430Z</time></trkpt>
  <trkpt lat="37.4127963" lon="-121.9958409"><ele>96</ele><time>2026-04-17T23:48:28.399358Z</time></trkpt>
  <trkpt lat="37.4127766" lon="-121.9958387"><ele>96</ele><time>2026-04-17T23:48:28.500968Z</time></trkpt>
  <trkpt lat="37.4127580" lon="-121.9958367"><ele>97</ele><time>2026-04-17T23:48:28.601236Z</time></trkpt>
  <trkpt lat="37.4127399" lon="-121.9958351"><ele>97</ele><time>2026-04-17T23:48:28.701494Z</time></trkpt>
  <trkpt lat="37.4127225" lon="-121.9958343"><ele>97</ele><time>2026-04-17T23:48:28.801958Z</time></trkpt>
  <trkpt lat="37.4127060" lon="-121.9958352"><ele>98</ele><time>2026-04-17T23:48:28.902777Z</time></trkpt>
  <trkpt lat="37.4126900" lon="-121.9958379"><ele>98</ele><time>2026-04-17T23:48:29.003815Z</time></trkpt>
  <trkpt lat="37.4126750" lon="-121.9958427"><ele>98</ele><time>2026-04-17T23:48:29.104381Z</time></trkpt>
  <trkpt lat="37.4126619" lon="-121.9958501"><ele>99</ele><time>2026-04-17T23:48:29.205570Z</time></trkpt>
  <trkpt lat="37.4126507" lon="-121.9958593"><ele>99</ele><time>2026-04-17T23:48:29.306562Z</time></trkpt>
  <trkpt lat="37.4126404" lon="-121.9958695"><ele>98</ele><time>2026-04-17T23:48:29.407193Z</time></trkpt>
  <trkpt lat="37.4126315" lon="-121.9958799"><ele>98</ele><time>2026-04-17T23:48:29.507517Z</time></trkpt>
  <trkpt lat="37.4126235" lon="-121.9958901"><ele>98</ele><time>2026-04-17T23:48:29.608266Z</time></trkpt>
  <trkpt lat="37.4126152" lon="-121.9959002"><ele>97</ele><time>2026-04-17T23:48:29.709123Z</time></trkpt>
  <trkpt lat="37.4126069" lon="-121.9959083"><ele>95</ele><time>2026-04-17T23:48:29.789711Z</time></trkpt>
  <trkpt lat="37.4125968" lon="-121.9959127"><ele>94</ele><time>2026-04-17T23:48:29.890430Z</time></trkpt>
  <trkpt lat="37.4125843" lon="-121.9959135"><ele>93</ele><time>2026-04-17T23:48:29.991186Z</time></trkpt>
  <trkpt lat="37.4125698" lon="-121.9959103"><ele>92</ele><time>2026-04-17T23:48:30.091960Z</time></trkpt>
  <trkpt lat="37.4125531" lon="-121.9959035"><ele>90</ele><time>2026-04-17T23:48:30.193151Z</time></trkpt>
  <trkpt lat="37.4125342" lon="-121.9958933"><ele>89</ele><time>2026-04-17T23:48:30.293679Z</time></trkpt>
  <trkpt lat="37.4125144" lon="-121.9958786"><ele>88</ele><time>2026-04-17T23:48:30.394927Z</time></trkpt>
  <trkpt lat="37.4124954" lon="-121.9958605"><ele>88</ele><time>2026-04-17T23:48:30.495293Z</time></trkpt>
  <trkpt lat="37.4124778" lon="-121.9958393"><ele>87</ele><time>2026-04-17T23:48:30.595527Z</time></trkpt>
  <trkpt lat="37.4124626" lon="-121.9958149"><ele>87</ele><time>2026-04-17T23:48:30.695808Z</time></trkpt>
  <trkpt lat="37.4124503" lon="-121.9957882"><ele>87</ele><time>2026-04-17T23:48:30.796133Z</time></trkpt>
  <trkpt lat="37.4124414" lon="-121.9957618"><ele>88</ele><time>2026-04-17T23:48:30.896863Z</time></trkpt>
  <trkpt lat="37.4124414" lon="-121.9957618"><ele>88</ele><time>2026-04-17T23:48:30.954310Z</time></trkpt>
  <trkpt lat="37.4124366" lon="-121.9957360"><ele>88</ele><time>2026-04-17T23:48:30.997404Z</time></trkpt>
  <trkpt lat="37.4124353" lon="-121.9957104"><ele>88</ele><time>2026-04-17T23:48:31.097978Z</time></trkpt>
  <trkpt lat="37.4124372" lon="-121.9956853"><ele>87</ele><time>2026-04-17T23:48:31.198929Z</time></trkpt>
  <trkpt lat="37.4124416" lon="-121.9956604"><ele>87</ele><time>2026-04-17T23:48:31.299839Z</time></trkpt>
  <trkpt lat="37.4124481" lon="-121.9956365"><ele>87</ele><time>2026-04-17T23:48:31.401104Z</time></trkpt>
  <trkpt lat="37.4124549" lon="-121.9956142"><ele>86</ele><time>2026-04-17T23:48:31.502025Z</time></trkpt>
  <trkpt lat="37.4124613" lon="-121.9955923"><ele>86</ele><time>2026-04-17T23:48:31.603173Z</time></trkpt>
  <trkpt lat="37.4124665" lon="-121.9955705"><ele>85</ele><time>2026-04-17T23:48:31.703088Z</time></trkpt>
  <trkpt lat="37.4124700" lon="-121.9955485"><ele>84</ele><time>2026-04-17T23:48:31.783874Z</time></trkpt>
  <trkpt lat="37.4124681" lon="-121.9955271"><ele>83</ele><time>2026-04-17T23:48:31.904377Z</time></trkpt>
  <trkpt lat="37.4124616" lon="-121.9955039"><ele>82</ele><time>2026-04-17T23:48:31.984552Z</time></trkpt>
  <trkpt lat="37.4124493" lon="-121.9954792"><ele>81</ele><time>2026-04-17T23:48:32.085584Z</time></trkpt>
  <trkpt lat="37.4124351" lon="-121.9954541"><ele>81</ele><time>2026-04-17T23:48:32.186111Z</time></trkpt>
  <trkpt lat="37.4124210" lon="-121.9954275"><ele>81</ele><time>2026-04-17T23:48:32.286673Z</time></trkpt>
  <trkpt lat="37.4124076" lon="-121.9953999"><ele>81</ele><time>2026-04-17T23:48:32.387883Z</time></trkpt>
  <trkpt lat="37.4123972" lon="-121.9953712"><ele>81</ele><time>2026-04-17T23:48:32.488753Z</time></trkpt>
  <trkpt lat="37.4123911" lon="-121.9953422"><ele>81</ele><time>2026-04-17T23:48:32.589208Z</time></trkpt>
  <trkpt lat="37.4123890" lon="-121.9953141"><ele>81</ele><time>2026-04-17T23:48:32.689706Z</time></trkpt>
  <trkpt lat="37.4123901" lon="-121.9952864"><ele>80</ele><time>2026-04-17T23:48:32.790013Z</time></trkpt>
  <trkpt lat="37.4123923" lon="-121.9952588"><ele>80</ele><time>2026-04-17T23:48:32.890517Z</time></trkpt>
  <trkpt lat="37.4123957" lon="-121.9952324"><ele>80</ele><time>2026-04-17T23:48:32.991097Z</time></trkpt>
  <trkpt lat="37.4123986" lon="-121.9952075"><ele>79</ele><time>2026-04-17T23:48:33.092066Z</time></trkpt>
  <trkpt lat="37.4123986" lon="-121.9952075"><ele>79</ele><time>2026-04-17T23:48:33.109441Z</time></trkpt>
  <trkpt lat="37.4124016" lon="-121.9951839"><ele>78</ele><time>2026-04-17T23:48:33.192712Z</time></trkpt>
  <trkpt lat="37.4124027" lon="-121.9951609"><ele>77</ele><time>2026-04-17T23:48:33.293782Z</time></trkpt>
  <trkpt lat="37.4124030" lon="-121.9951391"><ele>75</ele><time>2026-04-17T23:48:33.393959Z</time></trkpt>
  <trkpt lat="37.4123971" lon="-121.9951215"><ele>74</ele><time>2026-04-17T23:48:33.494462Z</time></trkpt>
  <trkpt lat="37.4123857" lon="-121.9951081"><ele>73</ele><time>2026-04-17T23:48:33.594978Z</time></trkpt>
  <trkpt lat="37.4123688" lon="-121.9951006"><ele>71</ele><time>2026-04-17T23:48:33.695550Z</time></trkpt>
  <trkpt lat="37.4123493" lon="-121.9950963"><ele>70</ele><time>2026-04-17T23:48:33.795798Z</time></trkpt>
  <trkpt lat="37.4123279" lon="-121.9950940"><ele>70</ele><time>2026-04-17T23:48:33.896327Z</time></trkpt>
  <trkpt lat="37.4123050" lon="-121.9950931"><ele>70</ele><time>2026-04-17T23:48:33.996877Z</time></trkpt>
  <trkpt lat="37.4122838" lon="-121.9950927"><ele>71</ele><time>2026-04-17T23:48:34.097153Z</time></trkpt>
  <trkpt lat="37.4122643" lon="-121.9950935"><ele>72</ele><time>2026-04-17T23:48:34.198154Z</time></trkpt>
  <trkpt lat="37.4122464" lon="-121.9950942"><ele>73</ele><time>2026-04-17T23:48:34.297959Z</time></trkpt>
  <trkpt lat="37.4122293" lon="-121.9950945"><ele>74</ele><time>2026-04-17T23:48:34.399456Z</time></trkpt>
  <trkpt lat="37.4122127" lon="-121.9950937"><ele>75</ele><time>2026-04-17T23:48:34.500086Z</time></trkpt>
  <trkpt lat="37.4121971" lon="-121.9950921"><ele>77</ele><time>2026-04-17T23:48:34.600845Z</time></trkpt>
  <trkpt lat="37.4121825" lon="-121.9950919"><ele>79</ele><time>2026-04-17T23:48:34.701158Z</time></trkpt>
  <trkpt lat="37.4121670" lon="-121.9950923"><ele>81</ele><time>2026-04-17T23:48:34.781569Z</time></trkpt>
  <trkpt lat="37.4121509" lon="-121.9950931"><ele>82</ele><time>2026-04-17T23:48:34.881929Z</time></trkpt>
  <trkpt lat="37.4121335" lon="-121.9950939"><ele>84</ele><time>2026-04-17T23:48:34.982511Z</time></trkpt>
  <trkpt lat="37.4121164" lon="-121.9950948"><ele>85</ele><time>2026-04-17T23:48:35.083114Z</time></trkpt>
  <trkpt lat="37.4121017" lon="-121.9950962"><ele>86</ele><time>2026-04-17T23:48:35.184217Z</time></trkpt>
  <trkpt lat="37.4121017" lon="-121.9950962"><ele>86</ele><time>2026-04-17T23:48:35.262109Z</time></trkpt>
  <trkpt lat="37.4120872" lon="-121.9950974"><ele>88</ele><time>2026-04-17T23:48:35.284422Z</time></trkpt>
  <trkpt lat="37.4120740" lon="-121.9950985"><ele>90</ele><time>2026-04-17T23:48:35.384904Z</time></trkpt>
  <trkpt lat="37.4120616" lon="-121.9950987"><ele>92</ele><time>2026-04-17T23:48:35.485657Z</time></trkpt>
  <trkpt lat="37.4120468" lon="-121.9950958"><ele>93</ele><time>2026-04-17T23:48:35.605931Z</time></trkpt>
  <trkpt lat="37.4120337" lon="-121.9950932"><ele>95</ele><time>2026-04-17T23:48:35.686478Z</time></trkpt>
  <trkpt lat="37.4120242" lon="-121.9950911"><ele>96</ele><time>2026-04-17T23:48:35.787233Z</time></trkpt>
  <trkpt lat="37.4120160" lon="-121.9950884"><ele>98</ele><time>2026-04-17T23:48:35.887874Z</time></trkpt>
  <trkpt lat="37.4120142" lon="-121.9950871"><ele>98</ele><time>2026-04-17T23:48:35.988059Z</time></trkpt>
  <trkpt lat="37.4120139" lon="-121.9950845"><ele>99</ele><time>2026-04-17T23:48:36.088679Z</time></trkpt>
  <trkpt lat="37.4120154" lon="-121.9950811"><ele>99</ele><time>2026-04-17T23:48:36.189822Z</time></trkpt>
  <trkpt lat="37.4120182" lon="-121.9950764"><ele>98</ele><time>2026-04-17T23:48:36.290253Z</time></trkpt>
  <trkpt lat="37.4120222" lon="-121.9950705"><ele>98</ele><time>2026-04-17T23:48:36.370594Z</time></trkpt>
  <trkpt lat="37.4120270" lon="-121.9950634"><ele>97</ele><time>2026-04-17T23:48:36.471229Z</time></trkpt>
  <trkpt lat="37.4120319" lon="-121.9950556"><ele>95</ele><time>2026-04-17T23:48:36.592363Z</time></trkpt>
  <trkpt lat="37.4120362" lon="-121.9950474"><ele>94</ele><time>2026-04-17T23:48:36.693618Z</time></trkpt>
  <trkpt lat="37.4120398" lon="-121.9950380"><ele>92</ele><time>2026-04-17T23:48:36.794771Z</time></trkpt>
  <trkpt lat="37.4120434" lon="-121.9950277"><ele>91</ele><time>2026-04-17T23:48:36.895000Z</time></trkpt>
  <trkpt lat="37.4120469" lon="-121.9950153"><ele>90</ele><time>2026-04-17T23:48:36.995508Z</time></trkpt>
  <trkpt lat="37.4120505" lon="-121.9950005"><ele>89</ele><time>2026-04-17T23:48:37.095875Z</time></trkpt>
  <trkpt lat="37.4120539" lon="-121.9949829"><ele>88</ele><time>2026-04-17T23:48:37.196575Z</time></trkpt>
  <trkpt lat="37.4120576" lon="-121.9949630"><ele>87</ele><time>2026-04-17T23:48:37.297436Z</time></trkpt>
  <trkpt lat="37.4120617" lon="-121.9949418"><ele>87</ele><time>2026-04-17T23:48:37.398141Z</time></trkpt>
  <trkpt lat="37.4120617" lon="-121.9949418"><ele>87</ele><time>2026-04-17T23:48:37.422077Z</time></trkpt>
  <trkpt lat="37.4120665" lon="-121.9949198"><ele>87</ele><time>2026-04-17T23:48:37.499068Z</time></trkpt>
  <trkpt lat="37.4120720" lon="-121.9948981"><ele>86</ele><time>2026-04-17T23:48:37.599846Z</time></trkpt>
  <trkpt lat="37.4120778" lon="-121.9948771"><ele>86</ele><time>2026-04-17T23:48:37.679649Z</time></trkpt>
  <trkpt lat="37.4120838" lon="-121.9948570"><ele>86</ele><time>2026-04-17T23:48:37.779967Z</time></trkpt>
  <trkpt lat="37.4120906" lon="-121.9948377"><ele>87</ele><time>2026-04-17T23:48:37.880207Z</time></trkpt>
  <trkpt lat="37.4120980" lon="-121.9948199"><ele>87</ele><time>2026-04-17T23:48:37.980989Z</time></trkpt>
  <trkpt lat="37.4121056" lon="-121.9948029"><ele>87</ele><time>2026-04-17T23:48:38.081718Z</time></trkpt>
  <trkpt lat="37.4121133" lon="-121.9947861"><ele>87</ele><time>2026-04-17T23:48:38.182754Z</time></trkpt>
  <trkpt lat="37.4121222" lon="-121.9947698"><ele>87</ele><time>2026-04-17T23:48:38.282917Z</time></trkpt>
  <trkpt lat="37.4121303" lon="-121.9947533"><ele>87</ele><time>2026-04-17T23:48:38.383582Z</time></trkpt>
  <trkpt lat="37.4121384" lon="-121.9947366"><ele>87</ele><time>2026-04-17T23:48:38.484798Z</time></trkpt>
  <trkpt lat="37.4121467" lon="-121.9947201"><ele>87</ele><time>2026-04-17T23:48:38.585433Z</time></trkpt>
  <trkpt lat="37.4121550" lon="-121.9947037"><ele>86</ele><time>2026-04-17T23:48:38.686078Z</time></trkpt>
  <trkpt lat="37.4121635" lon="-121.9946874"><ele>86</ele><time>2026-04-17T23:48:38.786942Z</time></trkpt>
  <trkpt lat="37.4121724" lon="-121.9946711"><ele>86</ele><time>2026-04-17T23:48:38.887131Z</time></trkpt>
  <trkpt lat="37.4121816" lon="-121.9946557"><ele>86</ele><time>2026-04-17T23:48:38.987817Z</time></trkpt>
  <trkpt lat="37.4121912" lon="-121.9946409"><ele>85</ele><time>2026-04-17T23:48:39.088395Z</time></trkpt>
  <trkpt lat="37.4122016" lon="-121.9946267"><ele>85</ele><time>2026-04-17T23:48:39.189541Z</time></trkpt>
  <trkpt lat="37.4122121" lon="-121.9946134"><ele>85</ele><time>2026-04-17T23:48:39.290007Z</time></trkpt>
  <trkpt lat="37.4122227" lon="-121.9946005"><ele>85</ele><time>2026-04-17T23:48:39.390796Z</time></trkpt>
  <trkpt lat="37.4122328" lon="-121.9945875"><ele>85</ele><time>2026-04-17T23:48:39.491925Z</time></trkpt>
  <trkpt lat="37.4122328" lon="-121.9945875"><ele>85</ele><time>2026-04-17T23:48:39.569895Z</time></trkpt>
  <trkpt lat="37.4122430" lon="-121.9945746"><ele>84</ele><time>2026-04-17T23:48:39.592540Z</time></trkpt>
  <trkpt lat="37.4122533" lon="-121.9945619"><ele>84</ele><time>2026-04-17T23:48:39.694119Z</time></trkpt>
  <trkpt lat="37.4122634" lon="-121.9945493"><ele>84</ele><time>2026-04-17T23:48:39.795395Z</time></trkpt>
  <trkpt lat="37.4122735" lon="-121.9945371"><ele>83</ele><time>2026-04-17T23:48:39.896009Z</time></trkpt>
  <trkpt lat="37.4122838" lon="-121.9945253"><ele>83</ele><time>2026-04-17T23:48:39.977080Z</time></trkpt>
  <trkpt lat="37.4122942" lon="-121.9945147"><ele>83</ele><time>2026-04-17T23:48:40.097122Z</time></trkpt>
  <trkpt lat="37.4123048" lon="-121.9945055"><ele>83</ele><time>2026-04-17T23:48:40.177554Z</time></trkpt>
  <trkpt lat="37.4123153" lon="-121.9944976"><ele>83</ele><time>2026-04-17T23:48:40.277908Z</time></trkpt>
  <trkpt lat="37.4123256" lon="-121.9944910"><ele>84</ele><time>2026-04-17T23:48:40.378512Z</time></trkpt>
  <trkpt lat="37.4123356" lon="-121.9944858"><ele>84</ele><time>2026-04-17T23:48:40.479232Z</time></trkpt>
  <trkpt lat="37.4123450" lon="-121.9944824"><ele>84</ele><time>2026-04-17T23:48:40.580225Z</time></trkpt>
  <trkpt lat="37.4123538" lon="-121.9944804"><ele>85</ele><time>2026-04-17T23:48:40.680361Z</time></trkpt>
  <trkpt lat="37.4123621" lon="-121.9944793"><ele>85</ele><time>2026-04-17T23:48:40.781459Z</time></trkpt>
  <trkpt lat="37.4123704" lon="-121.9944788"><ele>86</ele><time>2026-04-17T23:48:40.881900Z</time></trkpt>
  <trkpt lat="37.4123788" lon="-121.9944784"><ele>86</ele><time>2026-04-17T23:48:40.982249Z</time></trkpt>
  <trkpt lat="37.4123870" lon="-121.9944780"><ele>86</ele><time>2026-04-17T23:48:41.083231Z</time></trkpt>
  <trkpt lat="37.4123951" lon="-121.9944776"><ele>87</ele><time>2026-04-17T23:48:41.183815Z</time></trkpt>
  <trkpt lat="37.4124031" lon="-121.9944773"><ele>87</ele><time>2026-04-17T23:48:41.284258Z</time></trkpt>
  <trkpt lat="37.4124113" lon="-121.9944766"><ele>87</ele><time>2026-04-17T23:48:41.384899Z</time></trkpt>
  <trkpt lat="37.4124194" lon="-121.9944757"><ele>87</ele><time>2026-04-17T23:48:41.486141Z</time></trkpt>
  <trkpt lat="37.4124275" lon="-121.9944746"><ele>88</ele><time>2026-04-17T23:48:41.587298Z</time></trkpt>
  <trkpt lat="37.4124356" lon="-121.9944731"><ele>88</ele><time>2026-04-17T23:48:41.688701Z</time></trkpt>
  <trkpt lat="37.4124356" lon="-121.9944731"><ele>88</ele><time>2026-04-17T23:48:41.730179Z</time></trkpt>
  <trkpt lat="37.4124439" lon="-121.9944714"><ele>88</ele><time>2026-04-17T23:48:41.790251Z</time></trkpt>
  <trkpt lat="37.4124524" lon="-121.9944698"><ele>88</ele><time>2026-04-17T23:48:41.891321Z</time></trkpt>
  <trkpt lat="37.4124609" lon="-121.9944676"><ele>88</ele><time>2026-04-17T23:48:41.991512Z</time></trkpt>
  <trkpt lat="37.4124696" lon="-121.9944648"><ele>88</ele><time>2026-04-17T23:48:42.091825Z</time></trkpt>
  <trkpt lat="37.4124783" lon="-121.9944619"><ele>88</ele><time>2026-04-17T23:48:42.192438Z</time></trkpt>
  <trkpt lat="37.4124874" lon="-121.9944586"><ele>88</ele><time>2026-04-17T23:48:42.292467Z</time></trkpt>
  <trkpt lat="37.4124963" lon="-121.9944542"><ele>88</ele><time>2026-04-17T23:48:42.393053Z</time></trkpt>
  <trkpt lat="37.4125053" lon="-121.9944485"><ele>87</ele><time>2026-04-17T23:48:42.493713Z</time></trkpt>
  <trkpt lat="37.4125142" lon="-121.9944415"><ele>87</ele><time>2026-04-17T23:48:42.574097Z</time></trkpt>
  <trkpt lat="37.4125230" lon="-121.9944331"><ele>87</ele><time>2026-04-17T23:48:42.674828Z</time></trkpt>
  <trkpt lat="37.4125316" lon="-121.9944239"><ele>87</ele><time>2026-04-17T23:48:42.776059Z</time></trkpt>
  <trkpt lat="37.4125400" lon="-121.9944136"><ele>87</ele><time>2026-04-17T23:48:42.876468Z</time></trkpt>
  <trkpt lat="37.4125484" lon="-121.9944028"><ele>87</ele><time>2026-04-17T23:48:42.977327Z</time></trkpt>
  <trkpt lat="37.4125568" lon="-121.9943915"><ele>86</ele><time>2026-04-17T23:48:43.077876Z</time></trkpt>
  <trkpt lat="37.4125647" lon="-121.9943797"><ele>86</ele><time>2026-04-17T23:48:43.178429Z</time></trkpt>
  <trkpt lat="37.4125725" lon="-121.9943673"><ele>86</ele><time>2026-04-17T23:48:43.279455Z</time></trkpt>
  <trkpt lat="37.4125801" lon="-121.9943543"><ele>86</ele><time>2026-04-17T23:48:43.380414Z</time></trkpt>
  <trkpt lat="37.4125875" lon="-121.9943411"><ele>86</ele><time>2026-04-17T23:48:43.481035Z</time></trkpt>
  <trkpt lat="37.4125947" lon="-121.9943273"><ele>86</ele><time>2026-04-17T23:48:43.581912Z</time></trkpt>
  <trkpt lat="37.4126012" lon="-121.9943128"><ele>85</ele><time>2026-04-17T23:48:43.682850Z</time></trkpt>
  <trkpt lat="37.4126074" lon="-121.9942976"><ele>85</ele><time>2026-04-17T23:48:43.783801Z</time></trkpt>
  <trkpt lat="37.4126130" lon="-121.9942816"><ele>85</ele><time>2026-04-17T23:48:43.884457Z</time></trkpt>
  <trkpt lat="37.4126130" lon="-121.9942816"><ele>85</ele><time>2026-04-17T23:48:43.892144Z</time></trkpt>
  <trkpt lat="37.4126177" lon="-121.9942647"><ele>84</ele><time>2026-04-17T23:48:43.984814Z</time></trkpt>
  <trkpt lat="37.4126216" lon="-121.9942468"><ele>84</ele><time>2026-04-17T23:48:44.084744Z</time></trkpt>
  <trkpt lat="37.4126250" lon="-121.9942284"><ele>83</ele><time>2026-04-17T23:48:44.185078Z</time></trkpt>
  <trkpt lat="37.4126276" lon="-121.9942095"><ele>83</ele><time>2026-04-17T23:48:44.285727Z</time></trkpt>
  <trkpt lat="37.4126295" lon="-121.9941907"><ele>82</ele><time>2026-04-17T23:48:44.386834Z</time></trkpt>
  <trkpt lat="37.4126293" lon="-121.9941710"><ele>81</ele><time>2026-04-17T23:48:44.487149Z</time></trkpt>
  <trkpt lat="37.4126272" lon="-121.9941512"><ele>80</ele><time>2026-04-17T23:48:44.587832Z</time></trkpt>
  <trkpt lat="37.4126232" lon="-121.9941322"><ele>79</ele><time>2026-04-17T23:48:44.688902Z</time></trkpt>
  <trkpt lat="37.4126154" lon="-121.9941128"><ele>78</ele><time>2026-04-17T23:48:44.789483Z</time></trkpt>
  <trkpt lat="37.4126051" lon="-121.9940940"><ele>77</ele><time>2026-04-17T23:48:44.890017Z</time></trkpt>
  <trkpt lat="37.4125926" lon="-121.9940768"><ele>76</ele><time>2026-04-17T23:48:44.991031Z</time></trkpt>
  <trkpt lat="37.4125783" lon="-121.9940620"><ele>74</ele><time>2026-04-17T23:48:45.090969Z</time></trkpt>
  <trkpt lat="37.4125633" lon="-121.9940495"><ele>73</ele><time>2026-04-17T23:48:45.171876Z</time></trkpt>
  <trkpt lat="37.4125475" lon="-121.9940398"><ele>71</ele><time>2026-04-17T23:48:45.272634Z</time></trkpt>
  <trkpt lat="37.4125310" lon="-121.9940334"><ele>70</ele><time>2026-04-17T23:48:45.373239Z</time></trkpt>
  <trkpt lat="37.4125149" lon="-121.9940300"><ele>68</ele><time>2026-04-17T23:48:45.473772Z</time></trkpt>
  <trkpt lat="37.4124993" lon="-121.9940299"><ele>67</ele><time>2026-04-17T23:48:45.574217Z</time></trkpt>
  <trkpt lat="37.4124844" lon="-121.9940327"><ele>65</ele><time>2026-04-17T23:48:45.674748Z</time></trkpt>
  <trkpt lat="37.4124706" lon="-121.9940385"><ele>64</ele><time>2026-04-17T23:48:45.775326Z</time></trkpt>
  <trkpt lat="37.4124575" lon="-121.9940471"><ele>62</ele><time>2026-04-17T23:48:45.875364Z</time></trkpt>
  <trkpt lat="37.4124454" lon="-121.9940578"><ele>61</ele><time>2026-04-17T23:48:45.975977Z</time></trkpt>
  <trkpt lat="37.4124454" lon="-121.9940578"><ele>61</ele><time>2026-04-17T23:48:46.050705Z</time></trkpt>
  <trkpt lat="37.4124342" lon="-121.9940703"><ele>60</ele><time>2026-04-17T23:48:46.077460Z</time></trkpt>
  <trkpt lat="37.4124239" lon="-121.9940843"><ele>59</ele><time>2026-04-17T23:48:46.178278Z</time></trkpt>
  <trkpt lat="37.4124144" lon="-121.9940990"><ele>57</ele><time>2026-04-17T23:48:46.278634Z</time></trkpt>
  <trkpt lat="37.4124054" lon="-121.9941145"><ele>57</ele><time>2026-04-17T23:48:46.378881Z</time></trkpt>
  <trkpt lat="37.4123969" lon="-121.9941299"><ele>56</ele><time>2026-04-17T23:48:46.479202Z</time></trkpt>
  <trkpt lat="37.4123885" lon="-121.9941450"><ele>55</ele><time>2026-04-17T23:48:46.580234Z</time></trkpt>
  <trkpt lat="37.4123805" lon="-121.9941597"><ele>54</ele><time>2026-04-17T23:48:46.680525Z</time></trkpt>
  <trkpt lat="37.4123723" lon="-121.9941744"><ele>53</ele><time>2026-04-17T23:48:46.781061Z</time></trkpt>
  <trkpt lat="37.4123644" lon="-121.9941884"><ele>51</ele><time>2026-04-17T23:48:46.881519Z</time></trkpt>
  <trkpt lat="37.4123567" lon="-121.9942017"><ele>50</ele><time>2026-04-17T23:48:46.983196Z</time></trkpt>
  <trkpt lat="37.4123491" lon="-121.9942146"><ele>49</ele><time>2026-04-17T23:48:47.084534Z</time></trkpt>
  <trkpt lat="37.4123412" lon="-121.9942274"><ele>48</ele><time>2026-04-17T23:48:47.185510Z</time></trkpt>
  <trkpt lat="37.4123333" lon="-121.9942403"><ele>47</ele><time>2026-04-17T23:48:47.285812Z</time></trkpt>
  <trkpt lat="37.4123258" lon="-121.9942534"><ele>46</ele><time>2026-04-17T23:48:47.386345Z</time></trkpt>
  <trkpt lat="37.4123186" lon="-121.9942671"><ele>45</ele><time>2026-04-17T23:48:47.486850Z</time></trkpt>
  <trkpt lat="37.4123118" lon="-121.9942814"><ele>44</ele><time>2026-04-17T23:48:47.587680Z</time></trkpt>
  <trkpt lat="37.4123054" lon="-121.9942962"><ele>43</ele><time>2026-04-17T23:48:47.688576Z</time></trkpt>
  <trkpt lat="37.4122996" lon="-121.9943113"><ele>43</ele><time>2026-04-17T23:48:47.769102Z</time></trkpt>
  <trkpt lat="37.4122939" lon="-121.9943264"><ele>42</ele><time>2026-04-17T23:48:47.889674Z</time></trkpt>
  <trkpt lat="37.4122885" lon="-121.9943413"><ele>42</ele><time>2026-04-17T23:48:47.970633Z</time></trkpt>
  <trkpt lat="37.4122834" lon="-121.9943559"><ele>42</ele><time>2026-04-17T23:48:48.071778Z</time></trkpt>
  <trkpt lat="37.4122781" lon="-121.9943703"><ele>42</ele><time>2026-04-17T23:48:48.173005Z</time></trkpt>
  <trkpt lat="37.4122781" lon="-121.9943703"><ele>42</ele><time>2026-04-17T23:48:48.214376Z</time></trkpt>
  <trkpt lat="37.4122726" lon="-121.9943845"><ele>42</ele><time>2026-04-17T23:48:48.274059Z</time></trkpt>
  <trkpt lat="37.4122669" lon="-121.9943984"><ele>41</ele><time>2026-04-17T23:48:48.374674Z</time></trkpt>
  <trkpt lat="37.4122612" lon="-121.9944118"><ele>41</ele><time>2026-04-17T23:48:48.474704Z</time></trkpt>
  <trkpt lat="37.4122554" lon="-121.9944245"><ele>41</ele><time>2026-04-17T23:48:48.574904Z</time></trkpt>
  <trkpt lat="37.4122497" lon="-121.9944366"><ele>41</ele><time>2026-04-17T23:48:48.675699Z</time></trkpt>
  <trkpt lat="37.4122439" lon="-121.9944482"><ele>41</ele><time>2026-04-17T23:48:48.776219Z</time></trkpt>
  <trkpt lat="37.4122380" lon="-121.9944595"><ele>41</ele><time>2026-04-17T23:48:48.876795Z</time></trkpt>
  <trkpt lat="37.4122323" lon="-121.9944705"><ele>41</ele><time>2026-04-17T23:48:48.976888Z</time></trkpt>
  <trkpt lat="37.4122265" lon="-121.9944811"><ele>41</ele><time>2026-04-17T23:48:49.077098Z</time></trkpt>
  <trkpt lat="37.4122208" lon="-121.9944914"><ele>41</ele><time>2026-04-17T23:48:49.177585Z</time></trkpt>
  <trkpt lat="37.4122149" lon="-121.9945015"><ele>40</ele><time>2026-04-17T23:48:49.278150Z</time></trkpt>
  <trkpt lat="37.4122091" lon="-121.9945114"><ele>40</ele><time>2026-04-17T23:48:49.378478Z</time></trkpt>
  <trkpt lat="37.4122035" lon="-121.9945211"><ele>40</ele><time>2026-04-17T23:48:49.479565Z</time></trkpt>
  <trkpt lat="37.4121981" lon="-121.9945307"><ele>40</ele><time>2026-04-17T23:48:49.579577Z</time></trkpt>
  <trkpt lat="37.4121930" lon="-121.9945401"><ele>39</ele><time>2026-04-17T23:48:49.679974Z</time></trkpt>
  <trkpt lat="37.4121880" lon="-121.9945493"><ele>39</ele><time>2026-04-17T23:48:49.781212Z</time></trkpt>
  <trkpt lat="37.4121830" lon="-121.9945583"><ele>39</ele><time>2026-04-17T23:48:49.881825Z</time></trkpt>
  <trkpt lat="37.4121782" lon="-121.9945674"><ele>38</ele><time>2026-04-17T23:48:49.982054Z</time></trkpt>
  <trkpt lat="37.4121734" lon="-121.9945762"><ele>38</ele><time>2026-04-17T23:48:50.082590Z</time></trkpt>
  <trkpt lat="37.4121689" lon="-121.9945850"><ele>38</ele><time>2026-04-17T23:48:50.182899Z</time></trkpt>
  <trkpt lat="37.4121645" lon="-121.9945937"><ele>37</ele><time>2026-04-17T23:48:50.283771Z</time></trkpt>
  <trkpt lat="37.4121645" lon="-121.9945937"><ele>37</ele><time>2026-04-17T23:48:50.369319Z</time></trkpt>
  <trkpt lat="37.4121603" lon="-121.9946024"><ele>37</ele><time>2026-04-17T23:48:50.383936Z</time></trkpt>
  <trkpt lat="37.4121562" lon="-121.9946109"><ele>36</ele><time>2026-04-17T23:48:50.483993Z</time></trkpt>
  <trkpt lat="37.4121524" lon="-121.9946193"><ele>36</ele><time>2026-04-17T23:48:50.585096Z</time></trkpt>
  <trkpt lat="37.4121487" lon="-121.9946275"><ele>36</ele><time>2026-04-17T23:48:50.685265Z</time></trkpt>
  <trkpt lat="37.4121450" lon="-121.9946356"><ele>35</ele><time>2026-04-17T23:48:50.765787Z</time></trkpt>
  <trkpt lat="37.4121415" lon="-121.9946437"><ele>35</ele><time>2026-04-17T23:48:50.866798Z</time></trkpt>
  <trkpt lat="37.4121380" lon="-121.9946518"><ele>35</ele><time>2026-04-17T23:48:50.966530Z</time></trkpt>
  <trkpt lat="37.4121348" lon="-121.9946598"><ele>34</ele><time>2026-04-17T23:48:51.067176Z</time></trkpt>
  <trkpt lat="37.4121317" lon="-121.9946677"><ele>34</ele><time>2026-04-17T23:48:51.167263Z</time></trkpt>
  <trkpt lat="37.4121288" lon="-121.9946755"><ele>34</ele><time>2026-04-17T23:48:51.267538Z</time></trkpt>
  <trkpt lat="37.4121260" lon="-121.9946832"><ele>33</ele><time>2026-04-17T23:48:51.368234Z</time></trkpt>
  <trkpt lat="37.4121233" lon="-121.9946907"><ele>33</ele><time>2026-04-17T23:48:51.468664Z</time></trkpt>
  <trkpt lat="37.4121208" lon="-121.9946982"><ele>33</ele><time>2026-04-17T23:48:51.569494Z</time></trkpt>
  <trkpt lat="37.4121183" lon="-121.9947056"><ele>32</ele><time>2026-04-17T23:48:51.670489Z</time></trkpt>
  <trkpt lat="37.4121158" lon="-121.9947130"><ele>32</ele><time>2026-04-17T23:48:51.770801Z</time></trkpt>
  <trkpt lat="37.4121135" lon="-121.9947203"><ele>31</ele><time>2026-04-17T23:48:51.871431Z</time></trkpt>
  <trkpt lat="37.4121113" lon="-121.9947276"><ele>31</ele><time>2026-04-17T23:48:51.971731Z</time></trkpt>
  <trkpt lat="37.4121091" lon="-121.9947347"><ele>31</ele><time>2026-04-17T23:48:52.072485Z</time></trkpt>
  <trkpt lat="37.4121071" lon="-121.9947419"><ele>30</ele><time>2026-04-17T23:48:52.172967Z</time></trkpt>
  <trkpt lat="37.4121052" lon="-121.9947488"><ele>30</ele><time>2026-04-17T23:48:52.274684Z</time></trkpt>
  <trkpt lat="37.4121033" lon="-121.9947557"><ele>30</ele><time>2026-04-17T23:48:52.375270Z</time></trkpt>
  <trkpt lat="37.4121016" lon="-121.9947626"><ele>29</ele><time>2026-04-17T23:48:52.475822Z</time></trkpt>
  <trkpt lat="37.4121016" lon="-121.9947626"><ele>29</ele><time>2026-04-17T23:48:52.529148Z</time></trkpt>
  <trkpt lat="37.4120998" lon="-121.9947693"><ele>29</ele><time>2026-04-17T23:48:52.576316Z</time></trkpt>
  <trkpt lat="37.4120982" lon="-121.9947761"><ele>28</ele><time>2026-04-17T23:48:52.677062Z</time></trkpt>
  <trkpt lat="37.4120966" lon="-121.9947829"><ele>28</ele><time>2026-04-17T23:48:52.777647Z</time></trkpt>
  <trkpt lat="37.4120950" lon="-121.9947898"><ele>27</ele><time>2026-04-17T23:48:52.878148Z</time></trkpt>
  <trkpt lat="37.4120931" lon="-121.9947967"><ele>27</ele><time>2026-04-17T23:48:52.978411Z</time></trkpt>
  <trkpt lat="37.4120908" lon="-121.9948038"><ele>26</ele><time>2026-04-17T23:48:53.079130Z</time></trkpt>
  <trkpt lat="37.4120881" lon="-121.9948111"><ele>26</ele><time>2026-04-17T23:48:53.179286Z</time></trkpt>
  <trkpt lat="37.4120849" lon="-121.9948186"><ele>26</ele><time>2026-04-17T23:48:53.279774Z</time></trkpt>
  <trkpt lat="37.4120812" lon="-121.9948259"><ele>25</ele><time>2026-04-17T23:48:53.380697Z</time></trkpt>
  <trkpt lat="37.4120773" lon="-121.9948333"><ele>25</ele><time>2026-04-17T23:48:53.481402Z</time></trkpt>
  <trkpt lat="37.4120734" lon="-121.9948406"><ele>24</ele><time>2026-04-17T23:48:53.581570Z</time></trkpt>
  <trkpt lat="37.4120694" lon="-121.9948479"><ele>23</ele><time>2026-04-17T23:48:53.681896Z</time></trkpt>
  <trkpt lat="37.4120651" lon="-121.9948553"><ele>23</ele><time>2026-04-17T23:48:53.782576Z</time></trkpt>
  <trkpt lat="37.4120606" lon="-121.9948629"><ele>22</ele><time>2026-04-17T23:48:53.862850Z</time></trkpt>
  <trkpt lat="37.4120558" lon="-121.9948706"><ele>22</ele><time>2026-04-17T23:48:53.963720Z</time></trkpt>
  <trkpt lat="37.4120509" lon="-121.9948788"><ele>21</ele><time>2026-04-17T23:48:54.065034Z</time></trkpt>
  <trkpt lat="37.4120460" lon="-121.9948873"><ele>21</ele><time>2026-04-17T23:48:54.165663Z</time></trkpt>
  <trkpt lat="37.4120412" lon="-121.9948960"><ele>20</ele><time>2026-04-17T23:48:54.266707Z</time></trkpt>
  <trkpt lat="37.4120364" lon="-121.9949045"><ele>20</ele><time>2026-04-17T23:48:54.368092Z</time></trkpt>
  <trkpt lat="37.4120312" lon="-121.9949128"><ele>19</ele><time>2026-04-17T23:48:54.468395Z</time></trkpt>
  <trkpt lat="37.4120256" lon="-121.9949212"><ele>19</ele><time>2026-04-17T23:48:54.568822Z</time></trkpt>
  <trkpt lat="37.4120197" lon="-121.9949298"><ele>19</ele><time>2026-04-17T23:48:54.669794Z</time></trkpt>
  <trkpt lat="37.4120197" lon="-121.9949298"><ele>19</ele><time>2026-04-17T23:48:54.687351Z</time></trkpt>
  <trkpt lat="37.4120136" lon="-121.9949386"><ele>18</ele><time>2026-04-17T23:48:54.770736Z</time></trkpt>
  <trkpt lat="37.4120073" lon="-121.9949476"><ele>18</ele><time>2026-04-17T23:48:54.871679Z</time></trkpt>
  <trkpt lat="37.4120010" lon="-121.9949567"><ele>17</ele><time>2026-04-17T23:48:54.973185Z</time></trkpt>
  <trkpt lat="37.4119946" lon="-121.9949660"><ele>17</ele><time>2026-04-17T23:48:55.074084Z</time></trkpt>
  <trkpt lat="37.4119884" lon="-121.9949753"><ele>17</ele><time>2026-04-17T23:48:55.174150Z</time></trkpt>
  <trkpt lat="37.4119822" lon="-121.9949846"><ele>16</ele><time>2026-04-17T23:48:55.274301Z</time></trkpt>
  <trkpt lat="37.4119762" lon="-121.9949940"><ele>16</ele><time>2026-04-17T23:48:55.375376Z</time></trkpt>
  <trkpt lat="37.4119702" lon="-121.9950036"><ele>16</ele><time>2026-04-17T23:48:55.475859Z</time></trkpt>
  <trkpt lat="37.4119646" lon="-121.9950133"><ele>15</ele><time>2026-04-17T23:48:55.576286Z</time></trkpt>
  <trkpt lat="37.4119593" lon="-121.9950232"><ele>15</ele><time>2026-04-17T23:48:55.676703Z</time></trkpt>
  <trkpt lat="37.4119544" lon="-121.9950334"><ele>15</ele><time>2026-04-17T23:48:55.777603Z</time></trkpt>
  <trkpt lat="37.4119500" lon="-121.9950437"><ele>14</ele><time>2026-04-17T23:48:55.878497Z</time></trkpt>
  <trkpt lat="37.4119459" lon="-121.9950540"><ele>14</ele><time>2026-04-17T23:48:55.978511Z</time></trkpt>
  <trkpt lat="37.4119422" lon="-121.9950644"><ele>14</ele><time>2026-04-17T23:48:56.079011Z</time></trkpt>
  <trkpt lat="37.4119388" lon="-121.9950749"><ele>13</ele><time>2026-04-17T23:48:56.179958Z</time></trkpt>
  <trkpt lat="37.4119360" lon="-121.9950856"><ele>13</ele><time>2026-04-17T23:48:56.261713Z</time></trkpt>
  <trkpt lat="37.4119334" lon="-121.9950964"><ele>13</ele><time>2026-04-17T23:48:56.362487Z</time></trkpt>
  <trkpt lat="37.4119312" lon="-121.9951072"><ele>13</ele><time>2026-04-17T23:48:56.462890Z</time></trkpt>
  <trkpt lat="37.4119290" lon="-121.9951177"><ele>12</ele><time>2026-04-17T23:48:56.563536Z</time></trkpt>
  <trkpt lat="37.4119268" lon="-121.9951279"><ele>12</ele><time>2026-04-17T23:48:56.664296Z</time></trkpt>
  <trkpt lat="37.4119245" lon="-121.9951378"><ele>11</ele><time>2026-04-17T23:48:56.765216Z</time></trkpt>
  <trkpt lat="37.4119245" lon="-121.9951378"><ele>11</ele><time>2026-04-17T23:48:56.850403Z</time></trkpt>
  <trkpt lat="37.4119224" lon="-121.9951477"><ele>11</ele><time>2026-04-17T23:48:56.866264Z</time></trkpt>
  <trkpt lat="37.4119204" lon="-121.9951576"><ele>11</ele><time>2026-04-17T23:48:56.966635Z</time></trkpt>
  <trkpt lat="37.4119184" lon="-121.9951673"><ele>10</ele><time>2026-04-17T23:48:57.067014Z</time></trkpt>
  <trkpt lat="37.4119165" lon="-121.9951771"><ele>10</ele><time>2026-04-17T23:48:57.167562Z</time></trkpt>
  <trkpt lat="37.4119145" lon="-121.9951869"><ele>10</ele><time>2026-04-17T23:48:57.269267Z</time></trkpt>
  <trkpt lat="37.4119126" lon="-121.9951967"><ele>9</ele><time>2026-04-17T23:48:57.369972Z</time></trkpt>
  <trkpt lat="37.4119109" lon="-121.9952066"><ele>9</ele><time>2026-04-17T23:48:57.470447Z</time></trkpt>
  <trkpt lat="37.4119091" lon="-121.9952164"><ele>9</ele><time>2026-04-17T23:48:57.571377Z</time></trkpt>
  <trkpt lat="37.4119074" lon="-121.9952262"><ele>9</ele><time>2026-04-17T23:48:57.672386Z</time></trkpt>
  <trkpt lat="37.4119058" lon="-121.9952361"><ele>8</ele><time>2026-04-17T23:48:57.772766Z</time></trkpt>
  <trkpt lat="37.4119043" lon="-121.9952462"><ele>8</ele><time>2026-04-17T23:48:57.873305Z</time></trkpt>
  <trkpt lat="37.4119031" lon="-121.9952564"><ele>8</ele><time>2026-04-17T23:48:57.974150Z</time></trkpt>
  <trkpt lat="37.4119022" lon="-121.9952665"><ele>8</ele><time>2026-04-17T23:48:58.074878Z</time></trkpt>
  <trkpt lat="37.4119018" lon="-121.9952764"><ele>8</ele><time>2026-04-17T23:48:58.175139Z</time></trkpt>
  <trkpt lat="37.4119019" lon="-121.9952859"><ele>7</ele><time>2026-04-17T23:48:58.275694Z</time></trkpt>
  <trkpt lat="37.4119027" lon="-121.9952951"><ele>7</ele><time>2026-04-17T23:48:58.356242Z</time></trkpt>
  <trkpt lat="37.4119041" lon="-121.9953043"><ele>7</ele><time>2026-04-17T23:48:58.476841Z</time></trkpt>
  <trkpt lat="37.4119058" lon="-121.9953132"><ele>7</ele><time>2026-04-17T23:48:58.557495Z</time></trkpt>
  <trkpt lat="37.4119082" lon="-121.9953219"><ele>7</ele><time>2026-04-17T23:48:58.658135Z</time></trkpt>
  <trkpt lat="37.4119114" lon="-121.9953299"><ele>7</ele><time>2026-04-17T23:48:58.758386Z</time></trkpt>
  <trkpt lat="37.4119152" lon="-121.9953369"><ele>7</ele><time>2026-04-17T23:48:58.858924Z</time></trkpt>
  <trkpt lat="37.4119195" lon="-121.9953430"><ele>7</ele><time>2026-04-17T23:48:58.959874Z</time></trkpt>
  <trkpt lat="37.4119195" lon="-121.9953430"><ele>7</ele><time>2026-04-17T23:48:59.006515Z</time></trkpt>
  <trkpt lat="37.4119244" lon="-121.9953484"><ele>7</ele><time>2026-04-17T23:48:59.060570Z</time></trkpt>
  <trkpt lat="37.4119297" lon="-121.9953529"><ele>7</ele><time>2026-04-17T23:48:59.160856Z</time></trkpt>
  <trkpt lat="37.4119354" lon="-121.9953568"><ele>7</ele><time>2026-04-17T23:48:59.261307Z</time></trkpt>
  <trkpt lat="37.4119415" lon="-121.9953601"><ele>7</ele><time>2026-04-17T23:48:59.362165Z</time></trkpt>
  <trkpt lat="37.4119476" lon="-121.9953627"><ele>7</ele><time>2026-04-17T23:48:59.462530Z</time></trkpt>
  <trkpt lat="37.4119541" lon="-121.9953650"><ele>7</ele><time>2026-04-17T23:48:59.562972Z</time></trkpt>
  <trkpt lat="37.4119607" lon="-121.9953668"><ele>7</ele><time>2026-04-17T23:48:59.663534Z</time></trkpt>
  <trkpt lat="37.4119670" lon="-121.9953681"><ele>7</ele><time>2026-04-17T23:48:59.764192Z</time></trkpt>
  <trkpt lat="37.4119732" lon="-121.9953691"><ele>7</ele><time>2026-04-17T23:48:59.864841Z</time></trkpt>
  <trkpt lat="37.4119793" lon="-121.9953700"><ele>7</ele><time>2026-04-17T23:48:59.965479Z</time></trkpt>
  <trkpt lat="37.4119850" lon="-121.9953711"><ele>7</ele><time>2026-04-17T23:49:00.065713Z</time></trkpt>
  <trkpt lat="37.4119907" lon="-121.9953722"><ele>7</ele><time>2026-04-17T23:49:00.166002Z</time></trkpt>
  <trkpt lat="37.4119963" lon="-121.9953731"><ele>8</ele><time>2026-04-17T23:49:00.266528Z</time></trkpt>
  <trkpt lat="37.4120021" lon="-121.9953737"><ele>8</ele><time>2026-04-17T23:49:00.367583Z</time></trkpt>
  <trkpt lat="37.4120078" lon="-121.9953741"><ele>8</ele><time>2026-04-17T23:49:00.468437Z</time></trkpt>
  <trkpt lat="37.4120135" lon="-121.9953742"><ele>8</ele><time>2026-04-17T23:49:00.569009Z</time></trkpt>
  <trkpt lat="37.4120191" lon="-121.9953743"><ele>8</ele><time>2026-04-17T23:49:00.669502Z</time></trkpt>
  <trkpt lat="37.4120250" lon="-121.9953741"><ele>8</ele><time>2026-04-17T23:49:00.770217Z</time></trkpt>
  <trkpt lat="37.4120307" lon="-121.9953734"><ele>8</ele><time>2026-04-17T23:49:00.870449Z</time></trkpt>
  <trkpt lat="37.4120362" lon="-121.9953725"><ele>9</ele><time>2026-04-17T23:49:00.971377Z</time></trkpt>
  <trkpt lat="37.4120419" lon="-121.9953711"><ele>9</ele><time>2026-04-17T23:49:01.071378Z</time></trkpt>
  <trkpt lat="37.4120479" lon="-121.9953695"><ele>9</ele><time>2026-04-17T23:49:01.151646Z</time></trkpt>
  <trkpt lat="37.4120479" lon="-121.9953695"><ele>9</ele><time>2026-04-17T23:49:01.165629Z</time></trkpt>
  <trkpt lat="37.4120534" lon="-121.9953676"><ele>9</ele><time>2026-04-17T23:49:01.272604Z</time></trkpt>
  <trkpt lat="37.4120584" lon="-121.9953654"><ele>9</ele><time>2026-04-17T23:49:01.373337Z</time></trkpt>
  <trkpt lat="37.4120634" lon="-121.9953628"><ele>9</ele><time>2026-04-17T23:49:01.473850Z</time></trkpt>
  <trkpt lat="37.4120684" lon="-121.9953596"><ele>9</ele><time>2026-04-17T23:49:01.554029Z</time></trkpt>
  <trkpt lat="37.4120734" lon="-121.9953568"><ele>9</ele><time>2026-04-17T23:49:01.654450Z</time></trkpt>
  <trkpt lat="37.4120783" lon="-121.9953536"><ele>9</ele><time>2026-04-17T23:49:01.754716Z</time></trkpt>
  <trkpt lat="37.4120831" lon="-121.9953498"><ele>9</ele><time>2026-04-17T23:49:01.854916Z</time></trkpt>
  <trkpt lat="37.4120878" lon="-121.9953454"><ele>9</ele><time>2026-04-17T23:49:01.955254Z</time></trkpt>
  <trkpt lat="37.4120923" lon="-121.9953402"><ele>10</ele><time>2026-04-17T23:49:02.055601Z</time></trkpt>
  <trkpt lat="37.4120965" lon="-121.9953345"><ele>10</ele><time>2026-04-17T23:49:02.156169Z</time></trkpt>
  <trkpt lat="37.4121008" lon="-121.9953284"><ele>10</ele><time>2026-04-17T23:49:02.257358Z</time></trkpt>
  <trkpt lat="37.4121050" lon="-121.9953223"><ele>10</ele><time>2026-04-17T23:49:02.357542Z</time></trkpt>
  <trkpt lat="37.4121092" lon="-121.9953164"><ele>10</ele><time>2026-04-17T23:49:02.458061Z</time></trkpt>
  <trkpt lat="37.4121133" lon="-121.9953106"><ele>10</ele><time>2026-04-17T23:49:02.558883Z</time></trkpt>
  <trkpt lat="37.4121175" lon="-121.9953050"><ele>10</ele><time>2026-04-17T23:49:02.659847Z</time></trkpt>
  <trkpt lat="37.4121216" lon="-121.9952993"><ele>10</ele><time>2026-04-17T23:49:02.759875Z</time></trkpt>
  <trkpt lat="37.4121255" lon="-121.9952935"><ele>10</ele><time>2026-04-17T23:49:02.860540Z</time></trkpt>
  <trkpt lat="37.4121293" lon="-121.9952876"><ele>10</ele><time>2026-04-17T23:49:02.961186Z</time></trkpt>
  <trkpt lat="37.4121331" lon="-121.9952819"><ele>10</ele><time>2026-04-17T23:49:03.061887Z</time></trkpt>
  <trkpt lat="37.4121368" lon="-121.9952762"><ele>10</ele><time>2026-04-17T23:49:03.162675Z</time></trkpt>
  <trkpt lat="37.4121404" lon="-121.9952707"><ele>10</ele><time>2026-04-17T23:49:03.263409Z</time></trkpt>
  <trkpt lat="37.4121404" lon="-121.9952707"><ele>10</ele><time>2026-04-17T23:49:03.326799Z</time></trkpt>
  <trkpt lat="37.4121444" lon="-121.9952652"><ele>10</ele><time>2026-04-17T23:49:03.364462Z</time></trkpt>
  <trkpt lat="37.4121483" lon="-121.9952599"><ele>10</ele><time>2026-04-17T23:49:03.465305Z</time></trkpt>
  <trkpt lat="37.4121522" lon="-121.9952550"><ele>10</ele><time>2026-04-17T23:49:03.565392Z</time></trkpt>
  <trkpt lat="37.4121563" lon="-121.9952502"><ele>10</ele><time>2026-04-17T23:49:03.665811Z</time></trkpt>
  <trkpt lat="37.4121608" lon="-121.9952458"><ele>10</ele><time>2026-04-17T23:49:03.766823Z</time></trkpt>
  <trkpt lat="37.4121654" lon="-121.9952423"><ele>9</ele><time>2026-04-17T23:49:03.868108Z</time></trkpt>
  <trkpt lat="37.4121702" lon="-121.9952393"><ele>9</ele><time>2026-04-17T23:49:03.968536Z</time></trkpt>
  <trkpt lat="37.4121751" lon="-121.9952367"><ele>9</ele><time>2026-04-17T23:49:04.068893Z</time></trkpt>
  <trkpt lat="37.4121804" lon="-121.9952347"><ele>9</ele><time>2026-04-17T23:49:04.169867Z</time></trkpt>
  <trkpt lat="37.4121861" lon="-121.9952334"><ele>9</ele><time>2026-04-17T23:49:04.250366Z</time></trkpt>
  <trkpt lat="37.4121920" lon="-121.9952325"><ele>9</ele><time>2026-04-17T23:49:04.351414Z</time></trkpt>
  <trkpt lat="37.4121982" lon="-121.9952322"><ele>8</ele><time>2026-04-17T23:49:04.452398Z</time></trkpt>
  <trkpt lat="37.4122048" lon="-121.9952325"><ele>8</ele><time>2026-04-17T23:49:04.553446Z</time></trkpt>
  <trkpt lat="37.4122116" lon="-121.9952330"><ele>8</ele><time>2026-04-17T23:49:04.654166Z</time></trkpt>
  <trkpt lat="37.4122187" lon="-121.9952338"><ele>8</ele><time>2026-04-17T23:49:04.754684Z</time></trkpt>
  <trkpt lat="37.4122261" lon="-121.9952348"><ele>8</ele><time>2026-04-17T23:49:04.855107Z</time></trkpt>
  <trkpt lat="37.4122340" lon="-121.9952357"><ele>8</ele><time>2026-04-17T23:49:04.956060Z</time></trkpt>
  <trkpt lat="37.4122419" lon="-121.9952365"><ele>8</ele><time>2026-04-17T23:49:05.056076Z</time></trkpt>
  <trkpt lat="37.4122501" lon="-121.9952371"><ele>8</ele><time>2026-04-17T23:49:05.156766Z</time></trkpt>
  <trkpt lat="37.4122583" lon="-121.9952377"><ele>8</ele><time>2026-04-17T23:49:05.257449Z</time></trkpt>
  <trkpt lat="37.4122668" lon="-121.9952383"><ele>8</ele><time>2026-04-17T23:49:05.357975Z</time></trkpt>
  <trkpt lat="37.4122751" lon="-121.9952386"><ele>8</ele><time>2026-04-17T23:49:05.458370Z</time></trkpt>
  <trkpt lat="37.4122751" lon="-121.9952386"><ele>8</ele><time>2026-04-17T23:49:05.475386Z</time></trkpt>
  <trkpt lat="37.4122832" lon="-121.9952381"><ele>8</ele><time>2026-04-17T23:49:05.559436Z</time></trkpt>
  <trkpt lat="37.4122909" lon="-121.9952365"><ele>9</ele><time>2026-04-17T23:49:05.660589Z</time></trkpt>
  <trkpt lat="37.4122977" lon="-121.9952335"><ele>9</ele><time>2026-04-17T23:49:05.761809Z</time></trkpt>
  <trkpt lat="37.4123036" lon="-121.9952290"><ele>10</ele><time>2026-04-17T23:49:05.862492Z</time></trkpt>
  <trkpt lat="37.4123092" lon="-121.9952238"><ele>10</ele><time>2026-04-17T23:49:05.963046Z</time></trkpt>
  <trkpt lat="37.4123152" lon="-121.9952182"><ele>11</ele><time>2026-04-17T23:49:06.063332Z</time></trkpt>
  <trkpt lat="37.4123209" lon="-121.9952127"><ele>11</ele><time>2026-04-17T23:49:06.163393Z</time></trkpt>
  <trkpt lat="37.4123261" lon="-121.9952072"><ele>12</ele><time>2026-04-17T23:49:06.263600Z</time></trkpt>
  <trkpt lat="37.4123309" lon="-121.9952010"><ele>12</ele><time>2026-04-17T23:49:06.364104Z</time></trkpt>
  <trkpt lat="37.4123354" lon="-121.9951940"><ele>12</ele><time>2026-04-17T23:49:06.465191Z</time></trkpt>
  <trkpt lat="37.4123388" lon="-121.9951858"><ele>13</ele><time>2026-04-17T23:49:06.566534Z</time></trkpt>
  <trkpt lat="37.4123411" lon="-121.9951767"><ele>13</ele><time>2026-04-17T23:49:06.667460Z</time></trkpt>
  <trkpt lat="37.4123431" lon="-121.9951671"><ele>14</ele><time>2026-04-17T23:49:06.767400Z</time></trkpt>
  <trkpt lat="37.4123450" lon="-121.9951574"><ele>14</ele><time>2026-04-17T23:49:06.847725Z</time></trkpt>
  <trkpt lat="37.4123467" lon="-121.9951475"><ele>15</ele><time>2026-04-17T23:49:06.948248Z</time></trkpt>
  <trkpt lat="37.4123482" lon="-121.9951373"><ele>15</ele><time>2026-04-17T23:49:07.049096Z</time></trkpt>
  <trkpt lat="37.4123494" lon="-121.9951263"><ele>16</ele><time>2026-04-17T23:49:07.150861Z</time></trkpt>
  <trkpt lat="37.4123500" lon="-121.9951149"><ele>16</ele><time>2026-04-17T23:49:07.251840Z</time></trkpt>
  <trkpt lat="37.4123502" lon="-121.9951029"><ele>16</ele><time>2026-04-17T23:49:07.353060Z</time></trkpt>
  <trkpt lat="37.4123499" lon="-121.9950904"><ele>16</ele><time>2026-04-17T23:49:07.453110Z</time></trkpt>
  <trkpt lat="37.4123489" lon="-121.9950772"><ele>17</ele><time>2026-04-17T23:49:07.554777Z</time></trkpt>
  <trkpt lat="37.4123489" lon="-121.9950772"><ele>17</ele><time>2026-04-17T23:49:07.638575Z</time></trkpt>
  <trkpt lat="37.4123474" lon="-121.9950638"><ele>17</ele><time>2026-04-17T23:49:07.655397Z</time></trkpt>
  <trkpt lat="37.4123454" lon="-121.9950501"><ele>17</ele><time>2026-04-17T23:49:07.755576Z</time></trkpt>
  <trkpt lat="37.4123428" lon="-121.9950360"><ele>17</ele><time>2026-04-17T23:49:07.856135Z</time></trkpt>
  <trkpt lat="37.4123397" lon="-121.9950214"><ele>18</ele><time>2026-04-17T23:49:07.957404Z</time></trkpt>
  <trkpt lat="37.4123362" lon="-121.9950068"><ele>18</ele><time>2026-04-17T23:49:08.058245Z</time></trkpt>
  <trkpt lat="37.4123327" lon="-121.9949921"><ele>18</ele><time>2026-04-17T23:49:08.159210Z</time></trkpt>
  <trkpt lat="37.4123296" lon="-121.9949768"><ele>18</ele><time>2026-04-17T23:49:08.260117Z</time></trkpt>
  <trkpt lat="37.4123266" lon="-121.9949612"><ele>17</ele><time>2026-04-17T23:49:08.360630Z</time></trkpt>
  <trkpt lat="37.4123239" lon="-121.9949452"><ele>17</ele><time>2026-04-17T23:49:08.461477Z</time></trkpt>
  <trkpt lat="37.4123215" lon="-121.9949289"><ele>17</ele><time>2026-04-17T23:49:08.562233Z</time></trkpt>
  <trkpt lat="37.4123197" lon="-121.9949124"><ele>17</ele><time>2026-04-17T23:49:08.662518Z</time></trkpt>
  <trkpt lat="37.4123186" lon="-121.9948959"><ele>17</ele><time>2026-04-17T23:49:08.763262Z</time></trkpt>
  <trkpt lat="37.4123181" lon="-121.9948795"><ele>17</ele><time>2026-04-17T23:49:08.864129Z</time></trkpt>
  <trkpt lat="37.4123185" lon="-121.9948634"><ele>17</ele><time>2026-04-17T23:49:08.944633Z</time></trkpt>
  <trkpt lat="37.4123195" lon="-121.9948472"><ele>17</ele><time>2026-04-17T23:49:09.065008Z</time></trkpt>
  <trkpt lat="37.4123210" lon="-121.9948309"><ele>16</ele><time>2026-04-17T23:49:09.145426Z</time></trkpt>
  <trkpt lat="37.4123229" lon="-121.9948146"><ele>16</ele><time>2026-04-17T23:49:09.245806Z</time></trkpt>
  <trkpt lat="37.4123252" lon="-121.9947986"><ele>16</ele><time>2026-04-17T23:49:09.346523Z</time></trkpt>
  <trkpt lat="37.4123280" lon="-121.9947830"><ele>16</ele><time>2026-04-17T23:49:09.447869Z</time></trkpt>
  <trkpt lat="37.4123315" lon="-121.9947678"><ele>16</ele><time>2026-04-17T23:49:09.548352Z</time></trkpt>
  <trkpt lat="37.4123354" lon="-121.9947530"><ele>16</ele><time>2026-04-17T23:49:09.648733Z</time></trkpt>
  <trkpt lat="37.4123396" lon="-121.9947385"><ele>17</ele><time>2026-04-17T23:49:09.749455Z</time></trkpt>
  <trkpt lat="37.4123396" lon="-121.9947385"><ele>17</ele><time>2026-04-17T23:49:09.794890Z</time></trkpt>
  <trkpt lat="37.4123441" lon="-121.9947246"><ele>17</ele><time>2026-04-17T23:49:09.850480Z</time></trkpt>
  <trkpt lat="37.4123488" lon="-121.9947112"><ele>17</ele><time>2026-04-17T23:49:09.950583Z</time></trkpt>
  <trkpt lat="37.4123534" lon="-121.9946978"><ele>17</ele><time>2026-04-17T23:49:10.050892Z</time></trkpt>
  <trkpt lat="37.4123578" lon="-121.9946845"><ele>18</ele><time>2026-04-17T23:49:10.151084Z</time></trkpt>
  <trkpt lat="37.4123616" lon="-121.9946710"><ele>18</ele><time>2026-04-17T23:49:10.251373Z</time></trkpt>
  <trkpt lat="37.4123647" lon="-121.9946574"><ele>18</ele><time>2026-04-17T23:49:10.352075Z</time></trkpt>
  <trkpt lat="37.4123673" lon="-121.9946434"><ele>19</ele><time>2026-04-17T23:49:10.453201Z</time></trkpt>
  <trkpt lat="37.4123695" lon="-121.9946291"><ele>19</ele><time>2026-04-17T23:49:10.553397Z</time></trkpt>
  <trkpt lat="37.4123712" lon="-121.9946144"><ele>19</ele><time>2026-04-17T23:49:10.653359Z</time></trkpt>
  <trkpt lat="37.4123722" lon="-121.9945987"><ele>20</ele><time>2026-04-17T23:49:10.753857Z</time></trkpt>
  <trkpt lat="37.4123722" lon="-121.9945825"><ele>20</ele><time>2026-04-17T23:49:10.854560Z</time></trkpt>
  <trkpt lat="37.4123708" lon="-121.9945657"><ele>20</ele><time>2026-04-17T23:49:10.954844Z</time></trkpt>
  <trkpt lat="37.4123679" lon="-121.9945482"><ele>20</ele><time>2026-04-17T23:49:11.055147Z</time></trkpt>
  <trkpt lat="37.4123634" lon="-121.9945308"><ele>20</ele><time>2026-04-17T23:49:11.155617Z</time></trkpt>
  <trkpt lat="37.4123585" lon="-121.9945134"><ele>20</ele><time>2026-04-17T23:49:11.256562Z</time></trkpt>
  <trkpt lat="37.4123527" lon="-121.9944961"><ele>20</ele><time>2026-04-17T23:49:11.357139Z</time></trkpt>
  <trkpt lat="37.4123459" lon="-121.9944789"><ele>19</ele><time>2026-04-17T23:49:11.457246Z</time></trkpt>
  <trkpt lat="37.4123378" lon="-121.9944622"><ele>19</ele><time>2026-04-17T23:49:11.557768Z</time></trkpt>
  <trkpt lat="37.4123284" lon="-121.9944465"><ele>18</ele><time>2026-04-17T23:49:11.658154Z</time></trkpt>
  <trkpt lat="37.4123176" lon="-121.9944324"><ele>18</ele><time>2026-04-17T23:49:11.758721Z</time></trkpt>
  <trkpt lat="37.4123058" lon="-121.9944197"><ele>17</ele><time>2026-04-17T23:49:11.859969Z</time></trkpt>
  <trkpt lat="37.4123058" lon="-121.9944197"><ele>17</ele><time>2026-04-17T23:49:11.951598Z</time></trkpt>
  <trkpt lat="37.4122935" lon="-121.9944086"><ele>16</ele><time>2026-04-17T23:49:11.960526Z</time></trkpt>
  <trkpt lat="37.4122803" lon="-121.9943998"><ele>16</ele><time>2026-04-17T23:49:12.060163Z</time></trkpt>
  <trkpt lat="37.4122664" lon="-121.9943926"><ele>15</ele><time>2026-04-17T23:49:12.140425Z</time></trkpt>
  <trkpt lat="37.4122524" lon="-121.9943867"><ele>14</ele><time>2026-04-17T23:49:12.260914Z</time></trkpt>
  <trkpt lat="37.4122381" lon="-121.9943830"><ele>14</ele><time>2026-04-17T23:49:12.341804Z</time></trkpt>
  <trkpt lat="37.4122235" lon="-121.9943822"><ele>13</ele><time>2026-04-17T23:49:12.442081Z</time></trkpt>
  <trkpt lat="37.4122091" lon="-121.9943838"><ele>13</ele><time>2026-04-17T23:49:12.542778Z</time></trkpt>
  <trkpt lat="37.4121950" lon="-121.9943863"><ele>12</ele><time>2026-04-17T23:49:12.643663Z</time></trkpt>
  <trkpt lat="37.4121812" lon="-121.9943892"><ele>12</ele><time>2026-04-17T23:49:12.744665Z</time></trkpt>
  <trkpt lat="37.4121680" lon="-121.9943930"><ele>11</ele><time>2026-04-17T23:49:12.845702Z</time></trkpt>
  <trkpt lat="37.4121556" lon="-121.9943984"><ele>11</ele><time>2026-04-17T23:49:12.946398Z</time></trkpt>
  <trkpt lat="37.4121440" lon="-121.9944056"><ele>11</ele><time>2026-04-17T23:49:13.047162Z</time></trkpt>
  <trkpt lat="37.4121331" lon="-121.9944139"><ele>10</ele><time>2026-04-17T23:49:13.148042Z</time></trkpt>
  <trkpt lat="37.4121227" lon="-121.9944227"><ele>10</ele><time>2026-04-17T23:49:13.248774Z</time></trkpt>
  <trkpt lat="37.4121131" lon="-121.9944322"><ele>9</ele><time>2026-04-17T23:49:13.349225Z</time></trkpt>
  <trkpt lat="37.4121048" lon="-121.9944426"><ele>9</ele><time>2026-04-17T23:49:13.450206Z</time></trkpt>
  <trkpt lat="37.4120975" lon="-121.9944535"><ele>9</ele><time>2026-04-17T23:49:13.550525Z</time></trkpt>
  <trkpt lat="37.4120908" lon="-121.9944647"><ele>9</ele><time>2026-04-17T23:49:13.651303Z</time></trkpt>
  <trkpt lat="37.4120841" lon="-121.9944758"><ele>8</ele><time>2026-04-17T23:49:13.751966Z</time></trkpt>
  <trkpt lat="37.4120776" lon="-121.9944868"><ele>8</ele><time>2026-04-17T23:49:13.852644Z</time></trkpt>
  <trkpt lat="37.4120714" lon="-121.9944979"><ele>8</ele><time>2026-04-17T23:49:13.954108Z</time></trkpt>
  <trkpt lat="37.4120653" lon="-121.9945091"><ele>8</ele><time>2026-04-17T23:49:14.054846Z</time></trkpt>
  <trkpt lat="37.4120653" lon="-121.9945091"><ele>8</ele><time>2026-04-17T23:49:14.110270Z</time></trkpt>
  <trkpt lat="37.4120597" lon="-121.9945201"><ele>8</ele><time>2026-04-17T23:49:14.155641Z</time></trkpt>
  <trkpt lat="37.4120544" lon="-121.9945309"><ele>8</ele><time>2026-04-17T23:49:14.255783Z</time></trkpt>
  <trkpt lat="37.4120494" lon="-121.9945410"><ele>8</ele><time>2026-04-17T23:49:14.356020Z</time></trkpt>
  <trkpt lat="37.4120447" lon="-121.9945505"><ele>8</ele><time>2026-04-17T23:49:14.456624Z</time></trkpt>
  <trkpt lat="37.4120403" lon="-121.9945590"><ele>9</ele><time>2026-04-17T23:49:14.557499Z</time></trkpt>
  <trkpt lat="37.4120361" lon="-121.9945669"><ele>9</ele><time>2026-04-17T23:49:14.637778Z</time></trkpt>
  <trkpt lat="37.4120322" lon="-121.9945744"><ele>10</ele><time>2026-04-17T23:49:14.738601Z</time></trkpt>
  <trkpt lat="37.4120285" lon="-121.9945811"><ele>10</ele><time>2026-04-17T23:49:14.839087Z</time></trkpt>
  <trkpt lat="37.4120251" lon="-121.9945870"><ele>10</ele><time>2026-04-17T23:49:14.940040Z</time></trkpt>
  <trkpt lat="37.4120218" lon="-121.9945921"><ele>11</ele><time>2026-04-17T23:49:15.040216Z</time></trkpt>
  <trkpt lat="37.4120185" lon="-121.9945967"><ele>11</ele><time>2026-04-17T23:49:15.141060Z</time></trkpt>
  <trkpt lat="37.4120152" lon="-121.9946006"><ele>12</ele><time>2026-04-17T23:49:15.241435Z</time></trkpt>
  <trkpt lat="37.4120119" lon="-121.9946040"><ele>12</ele><time>2026-04-17T23:49:15.342484Z</time></trkpt>
  <trkpt lat="37.4120085" lon="-121.9946070"><ele>12</ele><time>2026-04-17T23:49:15.443027Z</time></trkpt>
  <trkpt lat="37.4120052" lon="-121.9946100"><ele>13</ele><time>2026-04-17T23:49:15.543411Z</time></trkpt>
  <trkpt lat="37.4120020" lon="-121.9946130"><ele>13</ele><time>2026-04-17T23:49:15.644253Z</time></trkpt>
  <trkpt lat="37.4119988" lon="-121.9946163"><ele>13</ele><time>2026-04-17T23:49:15.744839Z</time></trkpt>
  <trkpt lat="37.4119955" lon="-121.9946196"><ele>12</ele><time>2026-04-17T23:49:15.844845Z</time></trkpt>
  <trkpt lat="37.4119925" lon="-121.9946230"><ele>12</ele><time>2026-04-17T23:49:15.945322Z</time></trkpt>
  <trkpt lat="37.4119894" lon="-121.9946265"><ele>12</ele><time>2026-04-17T23:49:16.046369Z</time></trkpt>
  <trkpt lat="37.4119868" lon="-121.9946305"><ele>12</ele><time>2026-04-17T23:49:16.147168Z</time></trkpt>
  <trkpt lat="37.4119845" lon="-121.9946347"><ele>11</ele><time>2026-04-17T23:49:16.247525Z</time></trkpt>
  <trkpt lat="37.4119845" lon="-121.9946347"><ele>11</ele><time>2026-04-17T23:49:16.266671Z</time></trkpt>
  <trkpt lat="37.4119824" lon="-121.9946392"><ele>11</ele><time>2026-04-17T23:49:16.348193Z</time></trkpt>
  <trkpt lat="37.4119807" lon="-121.9946442"><ele>11</ele><time>2026-04-17T23:49:16.448965Z</time></trkpt>
  <trkpt lat="37.4119790" lon="-121.9946495"><ele>11</ele><time>2026-04-17T23:49:16.549411Z</time></trkpt>
  <trkpt lat="37.4119772" lon="-121.9946554"><ele>10</ele><time>2026-04-17T23:49:16.649704Z</time></trkpt>
  <trkpt lat="37.4119754" lon="-121.9946616"><ele>10</ele><time>2026-04-17T23:49:16.751119Z</time></trkpt>
  <trkpt lat="37.4119737" lon="-121.9946681"><ele>10</ele><time>2026-04-17T23:49:16.852641Z</time></trkpt>
  <trkpt lat="37.4119719" lon="-121.9946748"><ele>9</ele><time>2026-04-17T23:49:16.953215Z</time></trkpt>
  <trkpt lat="37.4119700" lon="-121.9946817"><ele>9</ele><time>2026-04-17T23:49:17.053409Z</time></trkpt>
  <trkpt lat="37.4119681" lon="-121.9946892"><ele>9</ele><time>2026-04-17T23:49:17.153861Z</time></trkpt>
  <trkpt lat="37.4119663" lon="-121.9946969"><ele>8</ele><time>2026-04-17T23:49:17.254509Z</time></trkpt>
  <trkpt lat="37.4119645" lon="-121.9947049"><ele>8</ele><time>2026-04-17T23:49:17.355850Z</time></trkpt>
  <trkpt lat="37.4119628" lon="-121.9947130"><ele>8</ele><time>2026-04-17T23:49:17.455019Z</time></trkpt>
  <trkpt lat="37.4119614" lon="-121.9947211"><ele>8</ele><time>2026-04-17T23:49:17.535292Z</time></trkpt>
  <trkpt lat="37.4119601" lon="-121.9947289"><ele>8</ele><time>2026-04-17T23:49:17.636103Z</time></trkpt>
  <trkpt lat="37.4119590" lon="-121.9947366"><ele>8</ele><time>2026-04-17T23:49:17.736566Z</time></trkpt>
  <trkpt lat="37.4119580" lon="-121.9947439"><ele>8</ele><time>2026-04-17T23:49:17.837260Z</time></trkpt>
  <trkpt lat="37.4119570" lon="-121.9947509"><ele>8</ele><time>2026-04-17T23:49:17.937730Z</time></trkpt>
  <trkpt lat="37.4119560" lon="-121.9947580"><ele>8</ele><time>2026-04-17T23:49:18.038376Z</time></trkpt>
  <trkpt lat="37.4119553" lon="-121.9947647"><ele>8</ele><time>2026-04-17T23:49:18.138717Z</time></trkpt>
  <trkpt lat="37.4119550" lon="-121.9947709"><ele>8</ele><time>2026-04-17T23:49:18.239066Z</time></trkpt>
  <trkpt lat="37.4119551" lon="-121.9947769"><ele>8</ele><time>2026-04-17T23:49:18.339715Z</time></trkpt>
  <trkpt lat="37.4119551" lon="-121.9947769"><ele>8</ele><time>2026-04-17T23:49:18.427963Z</time></trkpt>
  <trkpt lat="37.4119552" lon="-121.9947826"><ele>8</ele><time>2026-04-17T23:49:18.440550Z</time></trkpt>
  <trkpt lat="37.4119555" lon="-121.9947878"><ele>8</ele><time>2026-04-17T23:49:18.541687Z</time></trkpt>
  <trkpt lat="37.4119559" lon="-121.9947928"><ele>8</ele><time>2026-04-17T23:49:18.642430Z</time></trkpt>
  <trkpt lat="37.4119565" lon="-121.9947979"><ele>7</ele><time>2026-04-17T23:49:18.742932Z</time></trkpt>
  <trkpt lat="37.4119573" lon="-121.9948030"><ele>7</ele><time>2026-04-17T23:49:18.843472Z</time></trkpt>
  <trkpt lat="37.4119580" lon="-121.9948082"><ele>7</ele><time>2026-04-17T23:49:18.944151Z</time></trkpt>
  <trkpt lat="37.4119589" lon="-121.9948135"><ele>6</ele><time>2026-04-17T23:49:19.044898Z</time></trkpt>
  <trkpt lat="37.4119599" lon="-121.9948188"><ele>6</ele><time>2026-04-17T23:49:19.145131Z</time></trkpt>
  <trkpt lat="37.4119610" lon="-121.9948241"><ele>6</ele><time>2026-04-17T23:49:19.246257Z</time></trkpt>
  <trkpt lat="37.4119623" lon="-121.9948295"><ele>5</ele><time>2026-04-17T23:49:19.347097Z</time></trkpt>
  <trkpt lat="37.4119639" lon="-121.9948350"><ele>5</ele><time>2026-04-17T23:49:19.448027Z</time></trkpt>
  <trkpt lat="37.4119657" lon="-121.9948406"><ele>5</ele><time>2026-04-17T23:49:19.548871Z</time></trkpt>
  <trkpt lat="37.4119675" lon="-121.9948463"><ele>4</ele><time>2026-04-17T23:49:19.649951Z</time></trkpt>
  <trkpt lat="37.4119693" lon="-121.9948520"><ele>4</ele><time>2026-04-17T23:49:19.750036Z</time></trkpt>
  <trkpt lat="37.4119710" lon="-121.9948578"><ele>3</ele><time>2026-04-17T23:49:19.850374Z</time></trkpt>
  <trkpt lat="37.4119725" lon="-121.9948634"><ele>3</ele><time>2026-04-17T23:49:19.950970Z</time></trkpt>
  <trkpt lat="37.4119740" lon="-121.9948694"><ele>2</ele><time>2026-04-17T23:49:20.051704Z</time></trkpt>
  <trkpt lat="37.4119750" lon="-121.9948760"><ele>2</ele><time>2026-04-17T23:49:20.133240Z</time></trkpt>
  <trkpt lat="37.4119753" lon="-121.9948834"><ele>1</ele><time>2026-04-17T23:49:20.233992Z</time></trkpt>
  <trkpt lat="37.4119751" lon="-121.9948913"><ele>1</ele><time>2026-04-17T23:49:20.335098Z</time></trkpt>
  <trkpt lat="37.4119750" lon="-121.9948992"><ele>0</ele><time>2026-04-17T23:49:20.435738Z</time></trkpt>
  <trkpt lat="37.4119749" lon="-121.9949073"><ele>0</ele><time>2026-04-17T23:49:20.536395Z</time></trkpt>
  <trkpt lat="37.4119749" lon="-121.9949073"><ele>0</ele><time>2026-04-17T23:49:20.574820Z</time></trkpt>
  <trkpt lat="37.4119747" lon="-121.9949158"><ele>0</ele><time>2026-04-17T23:49:20.638123Z</time></trkpt>
  <trkpt lat="37.4119741" lon="-121.9949247"><ele>0</ele><time>2026-04-17T23:49:20.739158Z</time></trkpt>
  <trkpt lat="37.4119725" lon="-121.9949337"><ele>-1</ele><time>2026-04-17T23:49:20.839726Z</time></trkpt>
  <trkpt lat="37.4119699" lon="-121.9949411"><ele>-1</ele><time>2026-04-17T23:49:20.940948Z</time></trkpt>
  <trkpt lat="37.4119682" lon="-121.9949462"><ele>-1</ele><time>2026-04-17T23:49:21.041786Z</time></trkpt>
  <trkpt lat="37.4119674" lon="-121.9949488"><ele>-2</ele><time>2026-04-17T23:49:21.141916Z</time></trkpt>
  <trkpt lat="37.4119672" lon="-121.9949491"><ele>-2</ele><time>2026-04-17T23:49:21.243638Z</time></trkpt>
  <trkpt lat="37.4119671" lon="-121.9949490"><ele>-2</ele><time>2026-04-17T23:49:21.344487Z</time></trkpt>
  <trkpt lat="37.4119674" lon="-121.9949487"><ele>-2</ele><time>2026-04-17T23:49:21.445396Z</time></trkpt>
  <trkpt lat="37.4119677" lon="-121.9949484"><ele>-2</ele><time>2026-04-17T23:49:21.546670Z</time></trkpt>
  <trkpt lat="37.4119680" lon="-121.9949481"><ele>-2</ele><time>2026-04-17T23:49:21.647186Z</time></trkpt>
  <trkpt lat="37.4119683" lon="-121.9949479"><ele>-2</ele><time>2026-04-17T23:49:21.747711Z</time></trkpt>
  <trkpt lat="37.4119686" lon="-121.9949479"><ele>-2</ele><time>2026-04-17T23:49:21.848204Z</time></trkpt>
  <trkpt lat="37.4119688" lon="-121.9949480"><ele>-2</ele><time>2026-04-17T23:49:21.948523Z</time></trkpt>
  <trkpt lat="37.4119690" lon="-121.9949480"><ele>-2</ele><time>2026-04-17T23:49:22.048977Z</time></trkpt>
  <trkpt lat="37.4119690" lon="-121.9949479"><ele>-2</ele><time>2026-04-17T23:49:22.230092Z</time></trkpt>
  <trkpt lat="37.4119691" lon="-121.9949478"><ele>-2</ele><time>2026-04-17T23:49:22.330906Z</time></trkpt>
  <trkpt lat="37.4119693" lon="-121.9949476"><ele>-2</ele><time>2026-04-17T23:49:22.431300Z</time></trkpt>
</trkseg></trk>
</gpx>