time (us),GPS_fixType,GPS_numSat,GPS_coord[0],GPS_coord[1],GPS_altitude,GPS_speed (m/s),GPS_ground_course,GPS_hdop,GPS_eph,GPS_epv,GPS_velned[0],GPS_velned[1],GPS_velned[2],GPS_home_lat,GPS_home_lon
195962363,2,9,37.4117801,-121.9951231,5,0.06,235.8,200,161,261,-3,4,34,37.4117789,-121.9951222
195970124,2,9,37.4117801,-121.9951231,5,0.06,235.8,200,161,261,-3,4,34,37.4117789,-121.9951222
195989325,2,9,37.4117802,-121.9951233,5,0.07,235.8,200,161,261,7,0,29,37.4117789,-121.9951222
196090074,2,9,37.4117802,-121.9951235,5,0.12,235.8,200,161,261,-8,-8,17,37.4117789,-121.9951222
196190639,2,9,37.4117801,-121.9951237,5,0.14,235.8,200,161,261,-14,0,24,37.4117789,-121.9951222
196291447,2,9,37.4117801,-121.9951239,5,0.13,235.8,200,160,261,-4,-12,30,37.4117789,-121.9951222
196391726,2,9,37.4117800,-121.9951240,5,0.11,235.8,200,160,262,-10,2,24,37.4117789,-121.9951222
196593557,2,9,37.4117801,-121.9951241,5,0.05,235.8,200,160,262,1,-5,11,37.4117789,-121.9951222
196694387,2,9,37.4117801,-121.9951242,5,0.08,235.8,200,160,262,6,-5,11,37.4117789,-121.9951222
196795308,2,9,37.4117802,-121.9951243,5,0.06,235.8,200,159,262,-6,-1,18,37.4117789,-121.9951222
196875936,2,9,37.4117803,-121.9951245,5,0.09,235.8,200,159,263,-9,-2,21,37.4117789,-121.9951222
196976630,2,9,37.4117804,-121.9951246,5,0.07,235.8,200,159,263,-6,3,23,37.4117789,-121.9951222
197076904,2,9,37.4117804,-121.9951247,5,0.09,235.8,200,159,263,-7,-5,14,37.4117789,-121.9951222
197177885,2,9,37.4117805,-121.9951248,5,0.07,235.8,200,159,263,-7,1,6,37.4117789,-121.9951222
197278662,2,9,37.4117805,-121.9951249,5,0.03,235.8,200,159,264,2,-3,17,37.4117789,-121.9951222
197379095,2,9,37.4117806,-121.9951249,5,0.10,235.8,200,158,264,1,10,12,37.4117789,-121.9951222
197580938,2,9,37.4117807,-121.9951249,5,0.05,235.8,200,158,264,0,5,17,37.4117789,-121.9951222
197681778,2,9,37.4117808,-121.9951249,5,0.05,235.8,200,158,264,-2,4,0,37.4117789,-121.9951222
197782062,2,9,37.4117809,-121.9951249,5,0.04,235.8,200,158,264,-3,3,9,37.4117789,-121.9951222
197883604,2,9,37.4117809,-121.9951250,5,0.07,235.8,200,158,265,-7,0,4,37.4117789,-121.9951222
198084107,2,9,37.4117811,-121.9951250,5,0.10,235.8,200,158,265,7,6,16,37.4117789,-121.9951222
198102674,2,9,37.4117811,-121.9951250,5,0.10,235.8,200,158,265,7,6,16,37.4117789,-121.9951222
198185060,2,9,37.4117812,-121.9951251,5,0.02,235.8,200,157,265,2,1,5,37.4117789,-121.9951222
198285645,2,9,37.4117813,-121.9951252,5,0.13,235.8,200,157,266,-8,-11,6,37.4117789,-121.9951222
198385920,2,9,37.4117814,-121.9951254,5,0.09,235.8,200,157,266,2,-9,9,37.4117789,-121.9951222
198486685,2,9,37.4117814,-121.9951255,5,0.10,235.8,200,157,266,-8,-5,7,37.4117789,-121.9951222
198687420,2,9,37.4117814,-121.9951256,5,0.11,235.8,200,157,267,-11,0,15,37.4117789,-121.9951222
198788159,2,9,37.4117814,-121.9951257,5,0.18,235.8,200,157,267,-16,-7,5,37.4117789,-121.9951222
198889607,2,9,37.4117814,-121.9951258,5,0.11,235.8,200,157,268,-10,-5,7,37.4117789,-121.9951222
199089645,2,9,37.4117815,-121.9951259,5,0.09,235.8,200,156,269,-9,1,10,37.4117789,-121.9951222
199291241,2,9,37.4117816,-121.9951259,5,0.05,235.8,200,156,270,2,4,2,37.4117789,-121.9951222
199391596,2,9,37.4117817,-121.9951258,5,0.15,235.8,200,156,270,13,7,3,37.4117789,-121.9951222
199492250,2,9,37.4117819,-121.9951257,5,0.20,235.8,200,155,271,19,6,15,37.4117789,-121.9951222
199573027,2,9,37.4117821,-121.9951257,5,0.10,235.8,200,155,271,10,-2,20,37.4117789,-121.9951222
199673629,2,9,37.4117822,-121.9951255,5,0.06,235.8,200,155,271,0,6,21,37.4117789,-121.9951222
199774117,2,9,37.4117823,-121.9951255,5,0.04,235.8,200,154,272,2,-4,26,37.4117789,-121.9951222
199874784,2,9,37.4117824,-121.9951254,5,0.03,235.8,200,154,272,3,-2,13,37.4117789,-121.9951222
199975550,2,9,37.4117825,-121.9951254,5,0.04,235.8,200,154,272,-1,-4,12,37.4117789,-121.9951222
200076776,2,9,37.4117825,-121.9951253,5,0.11,235.8,200,154,272,-11,0,12,37.4117789,-121.9951222
200177601,2,9,37.4117825,-121.9951252,4,0.04,235.8,200,153,273,-4,0,11,37.4117789,-121.9951222
200222070,2,9,37.4117825,-121.9951252,4,0.04,235.8,200,153,273,-4,0,11,37.4117789,-121.9951222
200379902,2,9,37.4117826,-121.9951252,4,0.04,235.8,200,153,273,1,3,11,37.4117789,-121.9951222
200480453,2,9,37.4117826,-121.9951251,4,0.10,235.8,200,152,273,9,-4,22,37.4117789,-121.9951222
200682410,2,9,37.4117827,-121.9951251,4,0.06,235.8,200,152,273,3,-5,46,37.4117789,-121.9951222
200783110,2,9,37.4117828,-121.9951250,4,0.07,235.8,200,152,273,6,4,53,37.4117789,-121.9951222
200884415,2,9,37.4117827,-121.9951252,4,0.05,235.8,200,152,275,-4,2,70,37.4117789,-121.9951222
200965110,2,9,37.4117828,-121.9951252,4,0.07,235.8,200,152,275,6,3,94,37.4117789,-121.9951222
201065484,2,9,37.4117829,-121.9951256,4,0.14,235.8,200,152,275,-2,-13,103,37.4117789,-121.9951222
201186006,2,9,37.4117829,-121.9951258,4,0.06,235.8,200,152,275,0,6,119,37.4117789,-121.9951222
201266694,2,9,37.4117829,-121.9951259,4,0.10,235.8,200,151,275,0,10,147,37.4117789,-121.9951222
201468163,2,9,37.4117828,-121.9951260,4,0.27,235.8,200,151,275,-27,0,159,37.4117789,-121.9951222
201568725,2,9,37.4117825,-121.9951261,4,0.31,235.8,200,150,275,-29,8,171,37.4117789,-121.9951222
201669505,2,9,37.4117821,-121.9951259,4,0.47,235.8,200,150,275,-43,18,182,37.4117789,-121.9951222
201769993,2,9,37.4117817,-121.9951255,4,0.53,202.8,200,150,275,-48,22,176,37.4117789,-121.9951222
201871146,2,9,37.4117812,-121.9951251,4,0.61,174.7,200,150,275,-54,28,171,37.4117789,-121.9951222
201971282,2,9,37.4117807,-121.9951246,4,0.61,163.2,200,150,276,-54,29,171,37.4117789,-121.9951222
202071825,2,9,37.4117802,-121.9951240,4,0.66,142.3,200,150,276,-43,50,161,37.4117789,-121.9951222
202172814,2,9,37.4117799,-121.9951234,4,0.47,136.1,200,149,276,-28,38,146,37.4117789,-121.9951222
202273539,2,9,37.4117799,-121.9951230,4,0.23,136.1,200,149,276,3,23,142,37.4117789,-121.9951222
202342685,2,9,37.4117799,-121.9951230,4,0.23,136.1,200,149,276,3,23,142,37.4117789,-121.9951222
202374243,2,9,37.4117802,-121.9951228,4,0.43,136.1,200,149,276,43,0,145,37.4117789,-121.9951222
202475334,2,9,37.4117810,-121.9951231,4,1.19,5.6,200,149,276,108,-49,106,37.4117789,-121.9951222
202576168,2,9,37.4117825,-121.9951241,4,2.17,331.6,200,149,276,179,-122,71,37.4117789,-121.9951222
202676609,2,9,37.4117850,-121.9951263,4,3.74,326.8,200,148,276,305,-217,46,37.4117789,-121.9951222
202777240,2,9,37.4117881,-121.9951295,4,4.79,322.5,200,148,275,364,-311,19,37.4117789,-121.9951222
202878253,2,9,37.4117914,-121.9951333,4,4.95,317.0,200,148,275,330,-368,-43,37.4117789,-121.9951222
202978825,2,9,37.4117948,-121.9951372,5,5.13,316.9,200,148,275,374,-350,-107,37.4117789,-121.9951222
203079586,2,9,37.4117983,-121.9951412,5,5.37,317.5,200,148,276,401,-357,-133,37.4117789,-121.9951222
203160479,2,9,37.4118021,-121.9951454,5,5.70,317.8,200,148,276,424,-380,-144,37.4117789,-121.9951222
203281122,2,9,37.4118067,-121.9951494,5,6.34,321.7,200,148,276,521,-362,-194,37.4117789,-121.9951222
203361413,2,9,37.4118119,-121.9951535,6,7.13,325.6,200,148,277,607,-373,-214,37.4117789,-121.9951222
203462722,2,9,37.4118176,-121.9951578,6,7.51,327.5,200,149,277,645,-385,-235,37.4117789,-121.9951222
203562729,2,9,37.4118234,-121.9951625,6,7.89,326.7,200,149,277,659,-432,-212,37.4117789,-121.9951222
203663273,2,9,37.4118297,-121.9951673,7,8.32,329.3,200,149,277,716,-424,-218,37.4117789,-121.9951222
203764346,2,9,37.4118362,-121.9951724,7,8.62,327.5,200,149,278,727,-462,-236,37.4117789,-121.9951222
203864912,2,9,37.4118430,-121.9951775,7,8.61,328.0,200,149,278,731,-456,-283,37.4117789,-121.9951222
203965140,2,9,37.4118501,-121.9951820,8,8.63,331.0,200,149,278,755,-417,-388,37.4117789,-121.9951222
204066165,2,9,37.4118576,-121.9951861,8,8.98,335.6,200,149,279,818,-370,-446,37.4117789,-121.9951222
204167336,2,9,37.4118652,-121.9951901,9,9.20,337.8,200,149,279,852,-347,-455,37.4117789,-121.9951222
204267428,2,9,37.4118728,-121.9951939,9,8.79,336.6,200,149,279,807,-348,-519,37.4117789,-121.9951222
204368126,2,9,37.4118800,-121.9951977,10,8.38,334.6,200,149,279,758,-358,-620,37.4117789,-121.9951222
204469679,2,9,37.4118868,-121.9952017,11,8.23,334.1,200,149,279,741,-359,-651,37.4117789,-121.9951222
204490563,2,9,37.4118868,-121.9952017,11,8.23,334.1,200,149,279,741,-359,-651,37.4117789,-121.9951222
204570606,2,9,37.4118935,-121.9952056,12,8.17,334.6,200,149,280,739,-349,-668,37.4117789,-121.9951222
204671239,2,9,37.4119001,-121.9952096,13,8.10,333.9,200,149,280,728,-356,-704,37.4117789,-121.9951222
204772232,2,9,37.4119066,-121.9952139,13,8.04,332.0,200,149,280,710,-377,-733,37.4117789,-121.9951222
204872524,2,9,37.4119128,-121.9952182,14,7.81,330.2,200,149,281,678,-387,-772,37.4117789,-121.9951222
204973881,2,9,37.4119189,-121.9952228,15,7.81,328.8,200,149,281,668,-404,-799,37.4117789,-121.9951222
205074343,2,9,37.4119249,-121.9952273,16,7.79,330.1,200,149,281,676,-387,-804,37.4117789,-121.9951222
205174971,2,9,37.4119310,-121.9952317,17,7.68,330.0,200,149,282,665,-383,-827,37.4117789,-121.9951222
205275475,2,9,37.4119366,-121.9952361,18,7.29,327.0,200,149,282,611,-396,-845,37.4117789,-121.9951222
205376585,2,9,37.4119422,-121.9952407,19,7.59,327.6,200,149,283,641,-406,-844,37.4117789,-121.9951222
205477125,2,9,37.4119482,-121.9952454,20,7.93,328.9,200,149,283,680,-409,-835,37.4117789,-121.9951222
205577524,2,9,37.4119544,-121.9952499,21,8.08,331.2,200,149,283,709,-388,-825,37.4117789,-121.9951222
205658463,2,9,37.4119606,-121.9952542,21,7.93,331.4,200,150,284,696,-379,-822,37.4117789,-121.9951222
205779072,2,9,37.4119667,-121.9952589,22,7.89,328.3,200,150,284,671,-414,-830,37.4117789,-121.9951222
205859479,2,9,37.4119727,-121.9952638,23,8.14,327.9,200,150,285,690,-431,-808,37.4117789,-121.9951222
205960020,2,9,37.4119791,-121.9952686,24,8.48,331.2,200,150,285,744,-407,-757,37.4117789,-121.9951222
206060755,2,9,37.4119857,-121.9952732,24,8.69,332.6,200,150,286,772,-400,-710,37.4117789,-121.9951222
206161303,2,9,37.4119925,-121.9952778,25,8.73,332.6,200,150,287,775,-401,-684,37.4117789,-121.9951222
206262511,2,9,37.4119993,-121.9952824,26,8.58,332.5,200,150,287,762,-395,-672,37.4117789,-121.9951222
206363449,2,9,37.4120061,-121.9952869,26,8.60,332.5,200,150,288,764,-396,-637,37.4117789,-121.9951222
206463801,2,9,37.4120129,-121.9952915,27,8.80,332.5,200,150,289,780,-406,-620,37.4117789,-121.9951222
206564470,2,9,37.4120198,-121.9952961,28,8.55,331.4,200,150,289,752,-408,-642,37.4117789,-121.9951222
206635216,2,9,37.4120198,-121.9952961,28,8.55,331.4,200,150,289,752,-408,-642,37.4117789,-121.9951222
206665507,2,9,37.4120266,-121.9953009,28,8.79,332.2,200,150,290,778,-409,-617,37.4117789,-121.9951222
206765997,2,9,37.4120336,-121.9953055,29,8.92,333.7,200,150,290,800,-394,-602,37.4117789,-121.9951222
206867110,2,9,37.4120410,-121.9953096,29,8.99,335.8,200,150,291,821,-368,-599,37.4117789,-121.9951222
206967361,2,9,37.4120484,-121.9953138,30,9.04,335.7,200,150,291,824,-371,-586,37.4117789,-121.9951222
207067982,2,9,37.4120558,-121.9953179,30,9.03,335.7,200,151,291,823,-371,-581,37.4117789,-121.9951222
207168377,2,9,37.4120632,-121.9953220,31,9.08,336.2,200,151,291,831,-365,-572,37.4117789,-121.9951222
207269358,2,9,37.4120707,-121.9953261,31,9.13,337.2,200,151,292,842,-353,-548,37.4117789,-121.9951222
207369456,2,9,37.4120782,-121.9953303,32,9.07,335.8,200,151,292,828,-370,-538,37.4117789,-121.9951222
207470136,2,9,37.4120853,-121.9953347,32,8.75,333.8,200,150,292,785,-386,-558,37.4117789,-121.9951222
207570850,2,9,37.4120923,-121.9953392,33,8.64,332.3,200,150,292,765,-401,-582,37.4117789,-121.9951222
207671218,2,9,37.4120992,-121.9953435,34,8.76,334.6,200,150,292,791,-375,-550,37.4117789,-121.9951222
207771465,2,9,37.4121064,-121.9953477,34,8.95,335.9,200,150,292,818,-364,-494,37.4117789,-121.9951222
207871788,2,9,37.4121134,-121.9953521,34,8.53,334.1,200,150,292,767,-372,-500,37.4117789,-121.9951222
207971810,2,9,37.4121202,-121.9953566,35,8.38,333.0,200,150,292,746,-380,-490,37.4117789,-121.9951222
208072458,2,9,37.4121268,-121.9953612,35,8.21,332.3,200,150,292,728,-381,-482,37.4117789,-121.9951222
208173588,2,9,37.4121333,-121.9953659,36,8.29,331.3,200,150,292,728,-397,-465,37.4117789,-121.9951222
208274256,2,9,37.4121398,-121.9953704,36,8.37,331.5,200,150,292,736,-398,-443,37.4117789,-121.9951222
208374469,2,9,37.4121463,-121.9953750,37,8.40,332.0,200,150,292,742,-393,-427,37.4117789,-121.9951222
208456033,2,9,37.4121528,-121.9953795,37,8.18,330.3,200,150,292,711,-404,-427,37.4117789,-121.9951222
208576537,2,9,37.4121594,-121.9953841,38,8.32,331.0,200,150,292,728,-403,-417,37.4117789,-121.9951222
208657264,2,9,37.4121660,-121.9953888,38,8.69,332.3,200,150,292,770,-403,-331,37.4117789,-121.9951222
208757983,2,9,37.4121728,-121.9953937,38,8.71,330.9,200,150,292,761,-423,-269,37.4117789,-121.9951222
208792290,2,9,37.4121728,-121.9953937,38,8.71,330.9,200,150,292,761,-423,-269,37.4117789,-121.9951222
208858967,2,9,37.4121797,-121.9953988,39,8.82,330.0,200,150,291,764,-440,-247,37.4117789,-121.9951222
208960282,2,9,37.4121867,-121.9954038,39,8.82,330.6,200,150,291,768,-433,-239,37.4117789,-121.9951222
209060905,2,9,37.4121938,-121.9954089,39,9.04,330.7,200,149,291,789,-441,-191,37.4117789,-121.9951222
209161669,2,9,37.4122010,-121.9954142,39,9.13,329.0,200,149,291,783,-470,-178,37.4117789,-121.9951222
209262385,2,9,37.4122082,-121.9954195,39,9.25,330.4,200,149,291,805,-456,-140,37.4117789,-121.9951222
209362723,2,9,37.4122158,-121.9954246,39,9.64,332.7,200,149,290,857,-441,-89,37.4117789,-121.9951222
209463677,2,9,37.4122237,-121.9954292,39,9.50,334.7,200,149,290,859,-405,-101,37.4117789,-121.9951222
209564960,2,9,37.4122316,-121.9954334,40,9.36,335.3,200,149,290,850,-390,-153,37.4117789,-121.9951222
209665585,2,9,37.4122394,-121.9954376,40,9.23,335.0,200,149,290,837,-390,-218,37.4117789,-121.9951222
209766330,2,9,37.4122470,-121.9954416,40,8.93,335.0,200,148,290,809,-376,-313,37.4117789,-121.9951222
209867070,2,9,37.4122541,-121.9954455,41,8.46,335.4,200,148,290,769,-352,-376,37.4117789,-121.9951222
209967354,2,9,37.4122613,-121.9954491,41,8.49,336.3,200,148,289,777,-341,-425,37.4117789,-121.9951222
210068001,2,9,37.4122683,-121.9954526,42,8.17,337.1,200,148,289,753,-317,-458,37.4117789,-121.9951222
210168517,2,9,37.4122751,-121.9954559,42,8.08,337.5,200,148,289,747,-309,-470,37.4117789,-121.9951222
210269029,2,9,37.4122817,-121.9954595,42,8.10,335.7,200,148,289,739,-333,-418,37.4117789,-121.9951222
210370265,2,9,37.4122884,-121.9954631,43,8.22,336.5,200,148,289,754,-326,-404,37.4117789,-121.9951222
210471321,2,9,37.4122952,-121.9954668,43,8.23,335.6,200,148,289,750,-339,-366,37.4117789,-121.9951222
210571605,2,9,37.4123019,-121.9954705,44,8.17,336.6,200,148,289,750,-324,-359,37.4117789,-121.9951222
210672285,2,9,37.4123086,-121.9954742,44,7.92,335.2,200,148,289,719,-331,-379,37.4117789,-121.9951222
210773850,2,9,37.4123152,-121.9954780,44,7.97,334.8,200,148,289,721,-338,-392,37.4117789,-121.9951222
210854458,2,9,37.4123217,-121.9954819,45,7.97,334.4,200,147,289,719,-343,-387,37.4117789,-121.9951222
210947785,2,9,37.4123217,-121.9954819,45,7.97,334.4,200,147,289,719,-343,-387,37.4117789,-121.9951222
210955482,2,9,37.4123281,-121.9954858,45,7.92,333.8,200,147,289,711,-349,-383,37.4117789,-121.9951222
211056957,2,9,37.4123347,-121.9954898,46,7.97,334.3,200,147,289,718,-345,-403,37.4117789,-121.9951222
211157143,2,9,37.4123412,-121.9954937,46,7.89,333.7,200,147,289,708,-349,-410,37.4117789,-121.9951222
211257613,2,9,37.4123476,-121.9954978,47,7.95,332.1,200,147,289,702,-371,-418,37.4117789,-121.9951222
211357767,2,9,37.4123539,-121.9955021,47,7.90,331.4,200,147,289,693,-378,-418,37.4117789,-121.9951222
211458753,2,9,37.4123602,-121.9955063,48,7.93,331.5,200,147,289,697,-378,-417,37.4117789,-121.9951222
211559168,2,9,37.4123667,-121.9955106,48,8.17,332.3,200,147,289,723,-379,-402,37.4117789,-121.9951222
211659859,2,9,37.4123731,-121.9955148,49,7.92,332.2,200,147,289,701,-369,-413,37.4117789,-121.9951222
211760832,2,9,37.4123793,-121.9955192,49,7.82,329.3,200,147,289,673,-398,-432,37.4117789,-121.9951222
211861582,2,9,37.4123852,-121.9955237,49,7.62,328.6,200,147,289,651,-396,-443,37.4117789,-121.9951222
211962124,2,9,37.4123911,-121.9955281,50,7.69,329.9,200,146,289,665,-384,-429,37.4117789,-121.9951222
212063277,2,9,37.4123972,-121.9955324,50,7.81,330.7,200,146,289,681,-382,-419,37.4117789,-121.9951222
212164910,2,9,37.4124033,-121.9955366,51,7.66,330.7,200,146,289,669,-374,-430,37.4117789,-121.9951222
212265817,2,9,37.4124091,-121.9955411,51,7.61,327.6,200,146,288,643,-407,-434,37.4117789,-121.9951222
212365928,2,9,37.4124150,-121.9955457,52,7.71,328.4,200,146,288,657,-404,-430,37.4117789,-121.9951222
212466932,2,9,37.4124209,-121.9955500,52,7.71,330.0,200,146,288,668,-385,-435,37.4117789,-121.9951222
212567583,2,9,37.4124270,-121.9955542,53,7.63,331.0,200,146,288,668,-369,-447,37.4117789,-121.9951222
212669278,2,9,37.4124329,-121.9955583,53,7.59,330.2,200,146,288,658,-377,-469,37.4117789,-121.9951222
212769830,2,9,37.4124389,-121.9955624,54,7.70,331.7,200,146,288,678,-364,-437,37.4117789,-121.9951222
212850517,2,9,37.4124451,-121.9955664,54,7.89,333.2,200,146,288,705,-355,-403,37.4117789,-121.9951222
212951803,2,9,37.4124515,-121.9955703,54,8.04,333.1,200,146,288,717,-363,-382,37.4117789,-121.9951222
213051569,2,9,37.4124580,-121.9955743,55,8.12,333.4,200,145,288,727,-362,-375,37.4117789,-121.9951222
213095120,2,9,37.4124580,-121.9955743,55,8.12,333.4,200,145,288,727,-362,-375,37.4117789,-121.9951222
213152026,2,9,37.4124645,-121.9955782,55,7.81,332.9,200,145,288,695,-355,-399,37.4117789,-121.9951222
213252516,2,9,37.4124709,-121.9955821,56,8.00,333.9,200,145,288,719,-351,-390,37.4117789,-121.9951222
213353325,2,9,37.4124775,-121.9955858,56,8.10,336.0,200,145,288,740,-328,-389,37.4117789,-121.9951222
213453665,2,9,37.4124841,-121.9955897,56,8.20,334.7,200,145,288,742,-349,-358,37.4117789,-121.9951222
213554334,2,9,37.4124908,-121.9955936,57,8.27,334.2,200,145,288,745,-358,-352,37.4117789,-121.9951222
213654818,2,9,37.4124974,-121.9955976,57,8.36,334.0,200,145,288,752,-365,-320,37.4117789,-121.9951222
213755118,2,9,37.4125041,-121.9956018,57,8.30,332.4,200,145,288,736,-384,-296,37.4117789,-121.9951222
213855843,2,9,37.4125107,-121.9956061,58,8.31,331.0,200,145,287,727,-402,-296,37.4117789,-121.9951222
213956316,2,9,37.4125172,-121.9956107,58,8.29,329.2,200,145,287,712,-424,-300,37.4117789,-121.9951222
214056992,2,9,37.4125235,-121.9956155,59,7.99,325.4,200,145,287,658,-452,-332,37.4117789,-121.9951222
214157520,2,9,37.4125293,-121.9956207,59,7.93,322.0,200,145,287,625,-488,-370,37.4117789,-121.9951222
214258348,2,9,37.4125346,-121.9956263,60,7.68,318.0,200,145,287,571,-514,-426,37.4117789,-121.9951222
214358780,2,9,37.4125395,-121.9956322,60,7.35,313.3,200,144,286,505,-534,-498,37.4117789,-121.9951222
214459422,2,9,37.4125443,-121.9956378,61,7.26,317.3,200,144,286,534,-492,-550,37.4117789,-121.9951222
214560361,2,9,37.4125492,-121.9956433,62,7.25,318.6,200,144,286,544,-479,-574,37.4117789,-121.9951222
214661499,2,9,37.4125542,-121.9956486,62,7.36,320.7,200,144,286,570,-466,-551,37.4117789,-121.9951222
214762485,2,9,37.4125593,-121.9956539,63,7.50,321.3,200,144,286,586,-468,-539,37.4117789,-121.9951222
214862896,2,9,37.4125644,-121.9956592,63,7.39,320.9,200,144,286,574,-465,-537,37.4117789,-121.9951222
214963255,2,9,37.4125694,-121.9956644,64,7.25,319.7,200,144,286,553,-468,-541,37.4117789,-121.9951222
215063463,2,9,37.4125743,-121.9956700,65,7.34,318.2,200,144,286,548,-489,-552,37.4117789,-121.9951222
215164450,2,9,37.4125793,-121.9956754,65,7.39,320.4,200,144,285,570,-470,-548,37.4117789,-121.9951222
215252450,2,9,37.4125793,-121.9956754,65,7.39,320.4,200,144,285,570,-470,-548,37.4117789,-121.9951222
215264751,2,8,37.4125844,-121.9956805,66,7.37,322.6,252,144,286,585,-447,-533,37.4117789,-121.9951222
215364963,2,8,37.4125896,-121.9956854,66,7.43,323.3,252,144,286,596,-444,-506,37.4117789,-121.9951222
215465280,2,9,37.4125950,-121.9956903,66,7.48,324.2,200,144,286,607,-437,-476,37.4117789,-121.9951222
215566581,2,9,37.4126004,-121.9956950,67,7.38,326.1,200,144,286,613,-411,-458,37.4117789,-121.9951222
215667741,2,9,37.4126060,-121.9956995,67,7.56,327.4,200,144,286,637,-407,-431,37.4117789,-121.9951222
215768796,2,9,37.4126117,-121.9957039,68,7.51,328.1,200,144,286,638,-396,-425,37.4117789,-121.9951222
215848631,2,9,37.4126174,-121.9957083,68,7.60,328.2,200,144,286,646,-400,-427,37.4117789,-121.9951222
215948942,2,9,37.4126233,-121.9957125,69,7.63,330.6,200,144,286,665,-373,-420,37.4117789,-121.9951222
216049577,2,9,37.4126294,-121.9957162,69,7.73,333.8,200,144,286,694,-340,-398,37.4117789,-121.9951222
216150443,2,9,37.4126357,-121.9957198,70,7.75,334.4,200,144,286,699,-334,-390,37.4117789,-121.9951222
216250789,2,9,37.4126421,-121.9957233,70,7.75,336.2,200,143,285,709,-312,-389,37.4117789,-121.9951222
216351491,2,9,37.4126486,-121.9957266,71,7.77,337.2,200,143,285,716,-301,-398,37.4117789,-121.9951222
216451863,2,9,37.4126551,-121.9957300,71,7.75,336.4,200,143,285,710,-309,-389,37.4117789,-121.9951222
216552348,2,9,37.4126617,-121.9957331,72,7.88,339.0,200,143,285,735,-281,-395,37.4117789,-121.9951222
216652914,2,9,37.4126684,-121.9957362,72,7.94,339.7,200,143,285,745,-274,-385,37.4117789,-121.9951222
216753261,2,9,37.4126752,-121.9957390,72,8.02,341.9,200,143,285,762,-248,-383,37.4117789,-121.9951222
216853599,2,9,37.4126822,-121.9957416,73,8.06,343.4,200,143,285,773,-229,-389,37.4117789,-121.9951222
216954803,2,9,37.4126891,-121.9957441,73,8.10,343.3,200,143,285,776,-232,-371,37.4117789,-121.9951222
217055437,2,9,37.4126962,-121.9957466,74,8.13,344.0,200,143,285,782,-223,-363,37.4117789,-121.9951222
217156986,2,9,37.4127032,-121.9957493,74,8.10,341.9,200,143,285,770,-251,-358,37.4117789,-121.9951222
217257443,2,9,37.4127101,-121.9957522,74,8.17,341.7,200,143,285,776,-256,-349,37.4117789,-121.9951222
217357875,2,9,37.4127172,-121.9957551,75,8.31,342.6,200,143,285,793,-248,-344,37.4117789,-121.9951222
217414107,2,9,37.4127172,-121.9957551,75,8.31,342.6,200,143,285,793,-248,-344,37.4117789,-121.9951222
217458138,2,9,37.4127243,-121.9957579,75,8.26,342.5,200,143,285,788,-247,-338,37.4117789,-121.9951222
217558449,2,9,37.4127313,-121.9957610,75,8.29,341.2,200,143,285,785,-266,-335,37.4117789,-121.9951222
217658810,2,9,37.4127384,-121.9957641,76,8.38,341.0,200,143,286,792,-272,-338,37.4117789,-121.9951222
217759764,2,9,37.4127456,-121.9957672,76,8.35,340.4,200,143,286,787,-280,-346,37.4117789,-121.9951222
217860674,2,9,37.4127525,-121.9957707,77,8.38,338.1,200,143,286,778,-311,-328,37.4117789,-121.9951222
217961366,2,9,37.4127593,-121.9957745,77,8.20,336.0,200,143,286,749,-333,-335,37.4117789,-121.9951222
218061119,2,9,37.4127660,-121.9957785,77,8.28,336.0,200,143,286,756,-336,-340,37.4117789,-121.9951222
218162402,2,9,37.4127727,-121.9957825,78,8.33,335.8,199,143,286,760,-341,-332,37.4117789,-121.9951222
218263023,2,9,37.4127796,-121.9957864,78,8.36,336.3,199,143,286,766,-335,-333,37.4117789,-121.9951222
218363570,2,9,37.4127867,-121.9957900,79,8.67,339.1,199,143,286,810,-308,-320,37.4117789,-121.9951222
218464066,2,9,37.4127939,-121.9957935,79,8.68,339.1,199,143,286,811,-309,-308,37.4117789,-121.9951222
218544327,2,9,37.4128011,-121.9957971,79,8.58,338.9,199,143,286,801,-308,-308,37.4117789,-121.9951222
218664797,2,9,37.4128083,-121.9958006,80,8.69,340.0,199,143,286,816,-296,-297,37.4117789,-121.9951222
218745415,2,9,37.4128156,-121.9958040,80,8.66,340.1,199,143,286,815,-293,-313,37.4117789,-121.9951222
218845764,2,9,37.4128229,-121.9958073,80,8.59,339.7,199,143,286,806,-297,-328,37.4117789,-121.9951222
218946090,2,9,37.4128300,-121.9958107,81,8.57,339.5,199,143,286,803,-299,-330,37.4117789,-121.9951222
219046207,2,9,37.4128373,-121.9958140,81,8.69,340.1,199,143,286,817,-294,-324,37.4117789,-121.9951222
219146450,2,9,37.4128445,-121.9958173,81,8.54,340.0,199,143,286,803,-291,-325,37.4117789,-121.9951222
219246950,2,9,37.4128516,-121.9958206,82,8.45,338.7,199,143,286,787,-306,-347,37.4117789,-121.9951222
219347256,2,9,37.4128584,-121.9958244,82,8.26,334.1,199,143,286,743,-359,-372,37.4117789,-121.9951222
219448153,2,9,37.4128650,-121.9958285,83,8.21,333.1,199,142,285,732,-371,-382,37.4117789,-121.9951222
219549322,2,9,37.4128716,-121.9958326,83,8.15,333.6,199,142,285,731,-362,-376,37.4117789,-121.9951222
219559151,2,9,37.4128716,-121.9958326,83,8.15,333.6,199,142,285,731,-362,-376,37.4117789,-121.9951222
219649542,2,9,37.4128779,-121.9958372,83,8.06,328.2,199,142,285,685,-424,-373,37.4117789,-121.9951222
219750336,2,9,37.4128841,-121.9958420,84,8.08,327.7,199,142,285,683,-432,-392,37.4117789,-121.9951222
219850944,2,9,37.4128903,-121.9958469,84,8.26,327.6,199,142,285,698,-441,-391,37.4117789,-121.9951222
219951622,2,9,37.4128967,-121.9958519,85,8.55,329.2,199,142,285,735,-437,-295,37.4117789,-121.9951222
220052494,2,9,37.4129033,-121.9958569,85,8.85,330.3,199,142,285,769,-437,-200,37.4117789,-121.9951222
220152692,2,9,37.4129102,-121.9958618,85,8.91,331.0,199,142,285,779,-431,-167,37.4117789,-121.9951222
220254495,2,9,37.4129173,-121.9958667,85,9.08,330.7,199,142,285,792,-444,-150,37.4117789,-121.9951222
220355187,2,9,37.4129245,-121.9958714,85,9.14,332.9,199,142,284,814,-415,-151,37.4117789,-121.9951222
220456049,2,9,37.4129319,-121.9958758,86,9.18,334.5,199,142,284,829,-395,-147,37.4117789,-121.9951222
220556544,2,9,37.4129395,-121.9958800,86,9.28,335.6,199,142,284,845,-383,-169,37.4117789,-121.9951222
220657406,2,9,37.4129471,-121.9958838,86,8.94,337.1,199,142,284,824,-347,-267,37.4117789,-121.9951222
220757753,2,9,37.4129547,-121.9958873,87,8.81,338.8,199,142,284,822,-317,-335,37.4117789,-121.9951222
220858032,2,9,37.4129623,-121.9958904,87,8.86,341.6,199,142,284,841,-279,-372,37.4117789,-121.9951222
220958614,2,9,37.4129699,-121.9958930,87,8.66,343.8,199,142,284,832,-241,-404,37.4117789,-121.9951222
221059171,2,9,37.4129774,-121.9958955,88,8.72,345.2,199,142,284,843,-221,-387,37.4117789,-121.9951222
221160244,2,9,37.4129852,-121.9958978,88,8.87,345.4,199,142,283,859,-222,-369,37.4117789,-121.9951222
221260512,2,9,37.4129928,-121.9959005,89,8.71,343.1,199,142,283,833,-253,-356,37.4117789,-121.9951222
221360735,2,9,37.4130004,-121.9959030,89,8.98,345.8,199,142,283,871,-220,-334,37.4117789,-121.9951222
221441461,2,9,37.4130081,-121.9959055,89,8.81,344.6,199,142,283,849,-233,-320,37.4117789,-121.9951222
221542217,2,9,37.4130157,-121.9959083,90,8.82,342.5,199,142,283,841,-264,-324,37.4117789,-121.9951222
221642551,2,9,37.4130229,-121.9959116,90,8.46,338.1,199,142,283,786,-314,-324,37.4117789,-121.9951222
221720398,2,9,37.4130229,-121.9959116,90,8.46,338.1,199,142,283,786,-314,-324,37.4117789,-121.9951222
221742595,2,9,37.4130297,-121.9959156,91,8.36,332.9,199,142,283,744,-380,-348,37.4117789,-121.9951222
221842698,2,9,37.4130363,-121.9959201,91,8.33,330.6,199,142,283,726,-408,-363,37.4117789,-121.9951222
221943307,2,9,37.4130428,-121.9959250,91,8.40,328.9,199,142,283,720,-433,-364,37.4117789,-121.9951222
222044161,2,8,37.4130493,-121.9959297,92,8.41,329.8,203,142,283,727,-422,-372,37.4117789,-121.9951222
222145290,2,8,37.4130557,-121.9959345,92,8.31,327.2,203,142,283,699,-450,-383,37.4117789,-121.9951222
222245714,2,9,37.4130619,-121.9959397,93,8.41,326.4,199,142,283,701,-465,-373,37.4117789,-121.9951222
222346628,2,9,37.4130681,-121.9959452,93,8.50,325.1,199,142,283,698,-485,-356,37.4117789,-121.9951222
222446693,2,9,37.4130743,-121.9959508,93,8.53,324.2,199,142,283,692,-499,-328,37.4117789,-121.9951222
222547503,2,9,37.4130804,-121.9959567,94,8.63,321.6,199,142,282,677,-535,-319,37.4117789,-121.9951222
222647809,2,9,37.4130863,-121.9959629,94,8.70,320.1,199,142,282,668,-557,-294,37.4117789,-121.9951222
222748242,2,9,37.4130923,-121.9959694,94,8.81,319.0,199,142,282,665,-577,-276,37.4117789,-121.9951222
222848516,2,9,37.4130982,-121.9959760,95,8.89,318.2,199,142,282,663,-592,-250,37.4117789,-121.9951222
222949230,2,9,37.4131042,-121.9959828,95,9.16,317.4,199,142,282,674,-620,-211,37.4117789,-121.9951222
223049755,2,9,37.4131102,-121.9959898,95,9.10,316.2,199,142,282,657,-629,-198,37.4117789,-121.9951222
223150558,2,9,37.4131160,-121.9959970,95,9.13,313.7,199,142,281,631,-660,-224,37.4117789,-121.9951222
223251368,2,9,37.4131217,-121.9960046,95,9.29,311.9,199,142,281,621,-691,-231,37.4117789,-121.9951222
223351707,2,9,37.4131273,-121.9960124,96,9.30,310.9,199,142,281,610,-702,-230,37.4117789,-121.9951222
223452438,2,9,37.4131330,-121.9960203,96,9.53,311.1,199,142,281,626,-718,-210,37.4117789,-121.9951222
223553610,2,9,37.4131386,-121.9960283,96,9.43,310.4,199,142,281,612,-717,-216,37.4117789,-121.9951222
223653649,2,9,37.4131442,-121.9960362,96,9.33,310.6,199,142,281,607,-708,-239,37.4117789,-121.9951222
223754290,2,9,37.4131498,-121.9960440,97,9.38,311.0,199,142,280,616,-707,-283,37.4117789,-121.9951222
223854878,2,9,37.4131556,-121.9960516,97,9.33,312.6,199,142,280,631,-686,-283,37.4117789,-121.9951222
223875711,2,9,37.4131556,-121.9960516,97,9.33,312.6,199,142,280,631,-686,-283,37.4117789,-121.9951222
223956240,2,9,37.4131617,-121.9960589,97,9.44,315.3,199,142,279,672,-663,-254,37.4117789,-121.9951222
224056566,2,9,37.4131681,-121.9960661,98,9.54,318.0,199,142,279,710,-637,-211,37.4117789,-121.9951222
224156789,2,9,37.4131748,-121.9960725,98,9.43,322.5,199,142,279,748,-574,-191,37.4117789,-121.9951222
224257062,2,9,37.4131818,-121.9960779,98,8.88,328.3,199,142,278,756,-466,-223,37.4117789,-121.9951222
224358047,2,9,37.4131889,-121.9960822,98,8.57,333.0,199,142,278,764,-388,-304,37.4117789,-121.9951222
224438816,2,9,37.4131959,-121.9960861,99,8.52,334.4,199,142,277,769,-367,-386,37.4117789,-121.9951222
224539852,2,9,37.4132030,-121.9960896,99,8.37,336.7,199,142,277,770,-330,-426,37.4117789,-121.9951222
224640475,2,9,37.4132099,-121.9960929,100,8.04,336.5,199,141,277,738,-319,-453,37.4117789,-121.9951222
224741385,2,9,37.4132164,-121.9960960,101,7.51,336.6,199,141,277,689,-297,-489,37.4117789,-121.9951222
224841640,2,9,37.4132230,-121.9960997,101,8.13,333.2,199,141,277,726,-366,-518,37.4117789,-121.9951222
224941840,2,9,37.4132297,-121.9961036,102,8.24,333.6,199,141,277,738,-365,-531,37.4117789,-121.9951222
225042268,2,9,37.4132364,-121.9961076,102,8.36,333.9,199,142,277,751,-366,-524,37.4117789,-121.9951222
225142907,2,9,37.4132433,-121.9961119,103,8.73,333.1,199,142,277,779,-394,-491,37.4117789,-121.9951222
225243624,2,9,37.4132500,-121.9961165,103,8.78,331.2,199,142,277,769,-422,-459,37.4117789,-121.9951222
225344401,2,9,37.4132567,-121.9961214,104,8.69,329.7,199,142,277,751,-438,-435,37.4117789,-121.9951222
225444837,2,9,37.4132633,-121.9961264,104,8.72,328.7,199,142,277,745,-452,-396,37.4117789,-121.9951222
225545144,2,9,37.4132701,-121.9961315,104,9.05,330.2,199,142,277,786,-449,-309,37.4117789,-121.9951222
225646189,2,9,37.4132771,-121.9961365,105,9.14,330.2,199,142,277,793,-452,-222,37.4117789,-121.9951222
225747045,2,9,37.4132842,-121.9961415,105,9.21,330.6,199,142,277,803,-451,-202,37.4117789,-121.9951222
225847328,2,9,37.4132916,-121.9961461,105,9.33,333.3,199,142,277,834,-418,-187,37.4117789,-121.9951222
225947826,2,9,37.4132993,-121.9961505,105,9.56,335.3,199,142,277,869,-399,-166,37.4117789,-121.9951222
226034598,2,9,37.4132993,-121.9961505,105,9.56,335.3,199,142,277,869,-399,-166,37.4117789,-121.9951222
226048567,2,9,37.4133072,-121.9961544,105,9.47,337.9,199,142,277,877,-355,-191,37.4117789,-121.9951222
226148459,2,9,37.4133153,-121.9961577,106,9.42,341.1,199,142,277,892,-304,-254,37.4117789,-121.9951222
226249451,2,9,37.4133234,-121.9961606,106,9.17,343.5,199,142,277,879,-259,-330,37.4117789,-121.9951222
226350180,2,9,37.4133314,-121.9961630,107,9.04,345.3,199,142,277,875,-228,-395,37.4117789,-121.9951222
226450921,2,9,37.4133394,-121.9961653,107,9.01,347.4,199,142,277,880,-195,-424,37.4117789,-121.9951222
226551150,2,9,37.4133474,-121.9961670,108,8.98,349.8,199,142,277,884,-158,-445,37.4117789,-121.9951222
226651819,2,9,37.4133554,-121.9961685,108,9.07,352.2,199,142,276,899,-122,-443,37.4117789,-121.9951222
226752494,2,9,37.4133634,-121.9961695,109,8.97,353.9,199,142,276,892,-94,-451,37.4117789,-121.9951222
226853103,2,9,37.4133716,-121.9961703,109,9.14,355.9,199,142,276,912,-63,-444,37.4117789,-121.9951222
226953706,2,9,37.4133799,-121.9961707,110,9.27,357.6,199,142,276,926,-38,-427,37.4117789,-121.9951222
227054254,2,9,37.4133883,-121.9961708,110,9.33,0.5,199,142,276,933,8,-404,37.4117789,-121.9951222
227154305,2,9,37.4133968,-121.9961704,110,9.51,1.9,199,142,276,951,32,-395,37.4117789,-121.9951222
227254809,2,9,37.4134054,-121.9961699,111,9.54,2.7,199,142,276,953,46,-373,37.4117789,-121.9951222
227335232,2,9,37.4134140,-121.9961693,111,9.39,3.0,199,142,276,938,50,-403,37.4117789,-121.9951222
227455442,2,9,37.4134224,-121.9961691,112,9.20,359.9,199,142,276,920,0,-390,37.4117789,-121.9951222
227535890,2,9,37.4134307,-121.9961696,112,9.20,356.2,199,141,276,918,-60,-377,37.4117789,-121.9951222
227636680,2,9,37.4134389,-121.9961710,113,9.11,350.8,199,142,276,900,-144,-362,37.4117789,-121.9951222
227737586,2,9,37.4134466,-121.9961737,113,8.85,341.7,199,142,276,841,-277,-345,37.4117789,-121.9951222
227838558,2,9,37.4134533,-121.9961784,113,8.45,326.5,199,142,276,705,-466,-333,37.4117789,-121.9951222
227939113,2,9,37.4134581,-121.9961855,113,8.45,304.3,199,142,277,477,-698,-292,37.4117789,-121.9951222
228039694,2,9,37.4134604,-121.9961948,114,8.91,282.7,199,142,277,197,-869,-255,37.4117789,-121.9951222
228139872,2,9,37.4134603,-121.9962054,114,9.86,267.3,199,143,278,-45,-985,-190,37.4117789,-121.9951222
228192901,2,9,37.4134603,-121.9962054,114,9.86,267.3,199,143,278,-45,-985,-190,37.4117789,-121.9951222
228239818,2,9,37.4134582,-121.9962169,114,10.74,255.7,199,143,278,-265,-1040,-107,37.4117789,-121.9951222
228340101,2,9,37.4134540,-121.9962289,114,12.02,244.7,199,143,279,-512,-1088,-43,37.4117789,-121.9951222
228440870,2,9,37.4134468,-121.9962405,114,13.49,230.3,199,143,280,-860,-1039,35,37.4117789,-121.9951222
228541604,2,9,37.4134368,-121.9962511,114,14.84,219.1,199,144,280,-1151,-937,116,37.4117789,-121.9951222
228642476,2,9,37.4134252,-121.9962610,113,15.66,213.4,199,144,281,-1306,-863,200,37.4117789,-121.9951222
228742496,2,9,37.4134121,-121.9962694,113,16.54,206.2,199,144,281,-1483,-731,268,37.4117789,-121.9951222
228843165,2,9,37.4133970,-121.9962756,113,17.70,197.2,199,144,282,-1690,-526,314,37.4117789,-121.9951222
228943916,2,9,37.4133799,-121.9962790,112,19.22,188.0,199,145,283,-1903,-267,345,37.4117789,-121.9951222
229044898,2,9,37.4133617,-121.9962801,112,20.20,182.2,199,145,283,-2019,-79,356,37.4117789,-121.9951222
229144943,2,9,37.4133429,-121.9962794,112,20.83,178.1,199,146,284,-2082,68,344,37.4117789,-121.9951222
229245569,2,9,37.4133235,-121.9962770,112,21.58,173.9,199,146,284,-2146,226,274,37.4117789,-121.9951222
229345762,2,9,37.4133030,-121.9962727,111,22.80,170.3,199,146,284,-2248,381,162,37.4117789,-121.9951222
229446874,2,9,37.4132818,-121.9962666,111,23.82,168.4,199,146,284,-2334,478,57,37.4117789,-121.9951222
229547324,2,9,37.4132609,-121.9962602,111,23.93,167.8,199,146,283,-2339,505,48,37.4117789,-121.9951222
229647937,2,9,37.4132398,-121.9962540,111,23.96,167.0,199,147,283,-2335,537,25,37.4117789,-121.9951222
229749051,2,9,37.4132192,-121.9962477,111,23.80,166.2,199,147,282,-2312,566,23,37.4117789,-121.9951222
229849268,2,9,37.4131985,-121.9962410,111,23.77,165.7,199,148,282,-2304,583,-3,37.4117789,-121.9951222
229949554,2,9,37.4131778,-121.9962340,111,23.94,165.3,199,148,282,-2315,607,-20,37.4117789,-121.9951222
230050203,2,9,37.4131572,-121.9962267,111,23.89,164.6,199,149,282,-2303,633,-37,37.4117789,-121.9951222
230151167,2,9,37.4131361,-121.9962189,111,24.31,163.6,199,149,282,-2333,684,-59,37.4117789,-121.9951222
230251811,2,9,37.4131155,-121.9962111,111,24.17,163.6,199,149,281,-2320,678,-64,37.4117789,-121.9951222
230332331,2,9,37.4130945,-121.9962028,111,24.59,163.1,199,150,281,-2353,714,-66,37.4117789,-121.9951222
230339583,2,9,37.4130945,-121.9962028,111,24.59,163.1,199,150,281,-2353,714,-66,37.4117789,-121.9951222
230433374,2,9,37.4130737,-121.9961945,111,24.39,162.8,199,150,280,-2330,721,-60,37.4117789,-121.9951222
230533656,2,9,37.4130528,-121.9961861,112,24.44,162.2,199,150,280,-2328,744,-80,37.4117789,-121.9951222
230634286,2,9,37.4130321,-121.9961774,112,24.51,161.9,199,150,279,-2330,760,-81,37.4117789,-121.9951222
230735790,2,9,37.4130114,-121.9961686,112,24.44,161.6,199,150,279,-2320,769,-66,37.4117789,-121.9951222
230836362,2,9,37.4129904,-121.9961594,112,24.80,161.1,199,150,278,-2347,800,-77,37.4117789,-121.9951222
230937165,2,9,37.4129696,-121.9961503,112,24.55,161.0,199,150,278,-2322,797,-83,37.4117789,-121.9951222
231037426,2,9,37.4129483,-121.9961407,112,25.10,160.5,199,151,278,-2367,834,-98,37.4117789,-121.9951222
231137812,2,9,37.4129278,-121.9961309,112,23.26,157.5,199,151,277,-2150,886,-286,37.4117789,-121.9951222
231237957,2,9,37.4129096,-121.9961212,113,21.10,155.6,199,151,277,-1923,869,-513,37.4117789,-121.9951222
231338284,2,9,37.4128923,-121.9961118,113,21.33,157.7,199,152,277,-1974,808,-626,37.4117789,-121.9951222
231438820,2,9,37.4128750,-121.9961036,114,20.90,160.7,199,152,278,-1974,688,-650,37.4117789,-121.9951222
231539967,2,9,37.4128587,-121.9960980,115,19.17,166.2,199,153,278,-1862,455,-727,37.4117789,-121.9951222
231639594,2,8,37.4128443,-121.9960947,116,17.39,170.9,209,154,279,-1717,275,-830,37.4117789,-121.9951222
231739675,2,8,37.4128287,-121.9960928,117,17.98,175.4,209,155,280,-1793,141,-879,37.4117789,-121.9951222
231840208,2,8,37.4128118,-121.9960929,118,18.65,181.4,209,156,281,-1864,-46,-890,37.4117789,-121.9951222
231940434,2,8,37.4127960,-121.9960955,119,18.24,187.2,209,157,282,-1809,-230,-871,37.4117789,-121.9951222
232041130,2,8,37.4127804,-121.9960990,120,18.17,188.8,209,158,284,-1795,-280,-822,37.4117789,-121.9951222
232141241,2,8,37.4127643,-121.9961030,120,18.82,189.5,209,159,285,-1856,-310,-749,37.4117789,-121.9951222
232241440,2,8,37.4127460,-121.9961064,121,20.26,187.5,209,161,287,-2008,-265,-669,37.4117789,-121.9951222
232342005,2,8,37.4127270,-121.9961087,122,21.22,184.9,209,163,289,-2114,-183,-617,37.4117789,-121.9951222
232442782,2,8,37.4127063,-121.9961104,122,22.32,184.5,209,164,291,-2225,-176,-636,37.4117789,-121.9951222
232490321,2,8,37.4127063,-121.9961104,122,22.32,184.5,209,164,291,-2225,-176,-636,37.4117789,-121.9951222
232543398,2,8,37.4126864,-121.9961123,123,22.39,183.9,209,166,293,-2234,-154,-603,37.4117789,-121.9951222
232644058,2,8,37.4126689,-121.9961149,124,21.34,184.6,209,169,295,-2127,-174,-602,37.4117789,-121.9951222
232745243,2,8,37.4126524,-121.9961156,124,19.61,181.6,209,171,299,-1960,-55,-570,37.4117789,-121.9951222
232846014,2,8,37.4126348,-121.9961116,124,19.47,172.0,209,175,301,-1928,268,-300,37.4117789,-121.9951222
232927438,2,8,37.4126245,-121.9961004,123,16.37,151.4,209,178,305,-1438,782,30,37.4117789,-121.9951222
233027870,2,8,37.4126182,-121.9960872,122,14.54,133.3,209,181,308,-998,1057,202,37.4117789,-121.9951222
233128052,2,8,37.4126129,-121.9960758,120,12.92,123.7,209,185,311,-718,1074,368,37.4117789,-121.9951222
233228834,2,8,37.4126120,-121.9960633,119,11.86,107.3,209,187,314,-354,1132,433,37.4117789,-121.9951222
233329557,2,8,37.4126161,-121.9960537,119,10.01,86.0,209,191,318,69,999,391,37.4117789,-121.9951222
233429769,2,8,37.4126264,-121.9960471,119,9.77,56.8,209,194,321,534,818,305,37.4117789,-121.9951222
233530054,2,8,37.4126383,-121.9960429,119,10.12,36.2,209,197,324,817,598,234,37.4117789,-121.9951222
233630553,2,8,37.4126498,-121.9960421,119,9.88,17.8,209,200,328,940,302,144,37.4117789,-121.9951222
233731772,2,8,37.4126603,-121.9960410,120,9.72,11.1,209,203,331,954,188,10,37.4117789,-121.9951222
233832661,2,8,37.4126703,-121.9960371,121,10.23,16.5,209,205,334,981,291,-64,37.4117789,-121.9951222
233933141,2,9,37.4126808,-121.9960315,121,11.27,22.7,199,207,337,1039,435,-105,37.4117789,-121.9951222
234033775,2,9,37.4126922,-121.9960241,122,12.89,27.4,199,209,339,1144,594,-115,37.4117789,-121.9951222
234134007,2,9,37.4127028,-121.9960147,122,14.00,32.5,199,211,342,1180,753,-98,37.4117789,-121.9951222
234234505,2,8,37.4127129,-121.9960023,121,15.52,39.0,209,212,344,1205,978,-75,37.4117789,-121.9951222
234335625,2,8,37.4127225,-121.9959881,121,16.55,44.1,209,213,345,1187,1153,-40,37.4117789,-121.9951222
234437448,2,9,37.4127306,-121.9959712,121,17.23,52.7,199,213,347,1043,1371,-4,37.4117789,-121.9951222
234538542,2,9,37.4127380,-121.9959524,120,18.34,59.2,199,213,348,937,1576,52,37.4117789,-121.9951222
234638997,2,9,37.4127440,-121.9959320,119,19.33,64.6,199,213,347,827,1748,146,37.4117789,-121.9951222
234651134,2,9,37.4127440,-121.9959320,119,19.33,64.6,199,213,347,827,1748,146,37.4117789,-121.9951222
234739674,2,9,37.4127478,-121.9959096,118,20.11,72.3,199,213,348,608,1917,256,37.4117789,-121.9951222
234840242,2,9,37.4127512,-121.9958864,118,20.77,76.9,199,213,347,468,2024,327,37.4117789,-121.9951222
234940959,2,9,37.4127549,-121.9958641,117,20.48,77.1,199,213,347,457,1996,398,37.4117789,-121.9951222
235041904,2,9,37.4127595,-121.9958460,116,16.76,74.6,199,213,346,444,1616,383,37.4117789,-121.9951222
235142738,2,9,37.4127641,-121.9958330,115,12.75,67.6,199,214,346,484,1179,420,37.4117789,-121.9951222
235243560,2,9,37.4127711,-121.9958238,114,11.72,50.8,199,214,346,740,909,566,37.4117789,-121.9951222
235343929,2,9,37.4127802,-121.9958203,113,9.33,24.8,199,215,346,847,391,613,37.4117789,-121.9951222
235444584,2,9,37.4127902,-121.9958214,112,9.57,359.4,199,215,346,957,-8,636,37.4117789,-121.9951222
235544874,2,9,37.4128009,-121.9958227,111,11.10,357.6,199,216,347,1109,-44,702,37.4117789,-121.9951222
235625457,2,9,37.4128100,-121.9958202,110,11.01,9.4,199,217,348,1086,181,775,37.4117789,-121.9951222
235725913,2,9,37.4128184,-121.9958147,108,11.09,22.7,199,218,348,1023,429,901,37.4117789,-121.9951222
235826386,2,9,37.4128256,-121.9958058,107,11.69,37.6,199,219,349,925,714,1051,37.4117789,-121.9951222
235927031,2,8,37.4128325,-121.9957946,105,12.66,47.3,209,220,349,857,931,1151,37.4117789,-121.9951222
236027275,2,8,37.4128389,-121.9957812,103,14.19,54.4,209,221,349,825,1155,1230,37.4117789,-121.9951222
236128033,2,8,37.4128444,-121.9957652,102,15.51,61.1,209,222,349,748,1358,1229,37.4117789,-121.9951222
236228681,2,8,37.4128488,-121.9957468,100,17.15,67.8,209,223,350,647,1588,1235,37.4117789,-121.9951222
236328803,2,8,37.4128539,-121.9957272,99,18.47,70.6,209,224,350,613,1742,1201,37.4117789,-121.9951222
236429516,2,8,37.4128589,-121.9957063,98,19.58,72.9,209,225,350,575,1871,1167,37.4117789,-121.9951222
236529980,2,8,37.4128638,-121.9956844,97,20.52,74.3,209,225,350,555,1976,1156,37.4117789,-121.9951222
236630748,2,8,37.4128681,-121.9956632,95,19.64,74.4,209,226,351,526,1892,1229,37.4117789,-121.9951222
236731632,2,9,37.4128733,-121.9956457,93,16.79,73.8,199,226,352,466,1613,1299,37.4117789,-121.9951222
236814043,2,9,37.4128733,-121.9956457,93,16.79,73.8,199,226,352,466,1613,1299,37.4117789,-121.9951222
236831995,2,9,37.4128775,-121.9956328,92,12.85,72.0,199,226,353,395,1223,1377,37.4117789,-121.9951222
236932178,2,9,37.4128791,-121.9956268,90,7.17,75.0,199,227,355,185,693,1394,37.4117789,-121.9951222
237032723,2,9,37.4128790,-121.9956272,89,1.95,75.0,199,228,357,-12,195,1382,37.4117789,-121.9951222
237133554,2,9,37.4128744,-121.9956336,87,5.39,217.8,199,229,359,-425,-330,1346,37.4117789,-121.9951222
237233830,2,9,37.4128672,-121.9956429,86,9.96,220.0,199,230,361,-763,-641,1282,37.4117789,-121.9951222
237334249,2,9,37.4128580,-121.9956540,85,12.81,219.2,199,231,363,-993,-810,1282,37.4117789,-121.9951222
237434629,2,9,37.4128476,-121.9956632,83,13.78,214.5,199,232,366,-1135,-781,1317,37.4117789,-121.9951222
237535422,2,9,37.4128369,-121.9956694,81,13.53,207.2,199,233,369,-1203,-619,1387,37.4117789,-121.9951222
237636394,2,9,37.4128278,-121.9956744,80,12.25,203.0,199,233,372,-1127,-480,1413,37.4117789,-121.9951222
237736866,2,9,37.4128217,-121.9956791,78,9.75,204.6,199,234,374,-886,-406,1464,37.4117789,-121.9951222
237837572,2,9,37.4128185,-121.9956822,77,6.57,207.5,199,235,376,-583,-304,1516,37.4117789,-121.9951222
237939185,2,9,37.4128188,-121.9956837,75,2.68,221.1,199,235,378,-202,-176,1577,37.4117789,-121.9951222
238040439,2,9,37.4128218,-121.9956836,73,1.27,221.1,199,236,379,116,-52,1616,37.4117789,-121.9951222
238140970,2,9,37.4128278,-121.9956810,71,4.54,17.6,199,236,381,433,137,1636,37.4117789,-121.9951222
238241538,2,9,37.4128362,-121.9956777,70,7.42,20.9,199,237,382,693,265,1598,37.4117789,-121.9951222
238322166,2,9,37.4128459,-121.9956721,68,9.93,26.8,199,237,384,886,448,1550,37.4117789,-121.9951222
238442580,2,9,37.4128588,-121.9956654,67,13.02,26.9,199,238,385,1160,591,1456,37.4117789,-121.9951222
238522969,2,9,37.4128729,-121.9956569,67,15.22,28.9,199,239,386,1331,738,1354,37.4117789,-121.9951222
238623757,2,8,37.4128901,-121.9956501,66,17.55,25.7,217,239,388,1580,763,1190,37.4117789,-121.9951222
238724643,2,8,37.4129059,-121.9956416,65,18.11,26.8,217,240,389,1615,819,1129,37.4117789,-121.9951222
238826078,2,8,37.4129198,-121.9956301,64,18.15,31.0,217,241,389,1554,936,1167,37.4117789,-121.9951222
238925931,2,9,37.4129330,-121.9956174,62,18.16,35.4,199,241,389,1480,1053,1201,37.4117789,-121.9951222
238969124,2,9,37.4129330,-121.9956174,62,18.16,35.4,199,241,389,1480,1053,1201,37.4117789,-121.9951222
239026568,2,8,37.4129441,-121.9956045,60,17.03,38.9,217,241,389,1324,1071,1307,37.4117789,-121.9951222
239127043,2,9,37.4129529,-121.9955932,58,14.40,39.5,199,242,390,1111,916,1468,37.4117789,-121.9951222
239228103,2,8,37.4129596,-121.9955872,55,10.31,28.0,217,242,392,910,485,1714,37.4117789,-121.9951222
239328340,2,9,37.4129616,-121.9955831,52,5.26,26.3,199,242,394,471,233,1938,37.4117789,-121.9951222
239428992,2,9,37.4129586,-121.9955806,48,1.29,26.3,199,243,396,-86,96,2136,37.4117789,-121.9951222
239529427,2,9,37.4129519,-121.9955816,45,5.53,191.8,199,243,398,-542,-113,2330,37.4117789,-121.9951222
239630336,2,9,37.4129442,-121.9955822,41,7.46,197.1,199,243,401,-713,-219,2570,37.4117789,-121.9951222
239731070,2,9,37.4129350,-121.9955838,37,9.68,197.3,199,244,403,-923,-289,2792,37.4117789,-121.9951222
239831609,2,9,37.4129209,-121.9955849,33,15.77,182.3,199,244,406,-1576,-65,2843,37.4117789,-121.9951222
239932176,2,9,37.4129053,-121.9955858,31,18.76,177.0,199,245,409,-1874,97,2746,37.4117789,-121.9951222
240032773,2,9,37.4128886,-121.9955854,29,19.98,174.2,199,245,412,-1988,199,2639,37.4117789,-121.9951222
240133213,2,9,37.4128720,-121.9955878,28,19.75,176.1,199,245,413,-1971,133,2431,37.4117789,-121.9951222
240233773,2,9,37.4128542,-121.9955966,28,20.79,183.4,199,245,414,-2076,-126,2099,37.4117789,-121.9951222
240334377,2,9,37.4128363,-121.9956054,28,21.26,187.1,199,245,415,-2109,-265,1822,37.4117789,-121.9951222
240435667,2,9,37.4128187,-121.9956123,27,20.96,188.1,199,244,415,-2074,-298,1655,37.4117789,-121.9951222
240535858,2,9,37.4128006,-121.9956213,27,21.46,190.1,199,244,415,-2112,-376,1435,37.4117789,-121.9951222
240636047,2,9,37.4127824,-121.9956314,27,21.72,192.8,199,243,415,-2118,-482,1229,37.4117789,-121.9951222
240736853,2,8,37.4127616,-121.9956422,27,23.45,194.2,209,243,413,-2273,-578,1023,37.4117789,-121.9951222
240837475,2,8,37.4127403,-121.9956530,28,24.19,194.9,209,242,411,-2337,-625,832,37.4117789,-121.9951222
240937755,2,9,37.4127207,-121.9956637,28,23.55,195.2,199,241,410,-2272,-619,675,37.4117789,-121.9951222
241018140,2,8,37.4126989,-121.9956736,28,24.69,193.0,209,240,408,-2405,-556,472,37.4117789,-121.9951222
241118164,2,8,37.4126764,-121.9956825,28,25.03,191.0,209,239,406,-2457,-481,275,37.4117789,-121.9951222
241125453,2,8,37.4126764,-121.9956825,28,25.03,191.0,209,239,406,-2457,-481,275,37.4117789,-121.9951222
241218869,2,8,37.4126540,-121.9956905,29,24.81,189.2,209,238,405,-2449,-400,68,37.4117789,-121.9951222
241319672,2,8,37.4126313,-121.9956978,30,24.77,187.8,209,237,403,-2454,-339,-112,37.4117789,-121.9951222
241420293,2,8,37.4126088,-121.9957037,30,24.26,186.7,209,236,401,-2409,-286,-212,37.4117789,-121.9951222
241521541,2,8,37.4125867,-121.9957093,30,23.83,187.0,209,234,398,-2365,-293,-273,37.4117789,-121.9951222
241621292,2,8,37.4125648,-121.9957148,30,23.69,186.8,209,233,396,-2352,-281,-323,37.4117789,-121.9951222
241721605,2,8,37.4125431,-121.9957197,31,23.38,184.9,209,232,394,-2329,-202,-352,37.4117789,-121.9951222
241822352,2,8,37.4125214,-121.9957251,31,23.11,186.0,209,231,392,-2298,-244,-345,37.4117789,-121.9951222
241922847,2,8,37.4125002,-121.9957299,31,22.58,186.5,209,230,391,-2243,-258,-314,37.4117789,-121.9951222
242023013,2,8,37.4124791,-121.9957352,31,22.61,187.1,209,229,389,-2243,-282,-306,37.4117789,-121.9951222
242123167,2,8,37.4124580,-121.9957405,31,22.47,186.9,209,228,387,-2231,-271,-282,37.4117789,-121.9951222
242223539,2,8,37.4124371,-121.9957460,31,22.26,187.5,209,228,385,-2207,-293,-247,37.4117789,-121.9951222
242324048,2,8,37.4124165,-121.9957518,31,21.88,188.6,209,227,383,-2163,-329,-221,37.4117789,-121.9951222
242424770,2,8,37.4123962,-121.9957578,31,21.81,189.2,209,226,381,-2153,-349,-189,37.4117789,-121.9951222
242525402,2,8,37.4123762,-121.9957639,31,21.61,190.5,209,225,379,-2125,-394,-179,37.4117789,-121.9951222
242625720,2,8,37.4123567,-121.9957705,31,21.26,191.9,209,224,377,-2080,-441,-200,37.4117789,-121.9951222
242726524,2,8,37.4123377,-121.9957776,31,20.88,193.1,209,224,375,-2034,-473,-221,37.4117789,-121.9951222
242826805,2,8,37.4123194,-121.9957849,31,20.37,195.0,209,223,374,-1967,-529,-263,37.4117789,-121.9951222
242928061,2,8,37.4123021,-121.9957929,32,19.58,197.4,209,222,372,-1868,-586,-342,37.4117789,-121.9951222
243028331,2,8,37.4122863,-121.9958022,32,18.52,202.5,209,222,371,-1711,-710,-426,37.4117789,-121.9951222
243128843,2,8,37.4122713,-121.9958123,33,17.84,206.1,209,221,369,-1601,-785,-456,37.4117789,-121.9951222
243229117,2,8,37.4122571,-121.9958228,33,17.15,208.4,209,221,368,-1507,-817,-496,37.4117789,-121.9951222
243286885,2,8,37.4122571,-121.9958228,33,17.15,208.4,209,221,368,-1507,-817,-496,37.4117789,-121.9951222
243329857,2,8,37.4122427,-121.9958329,34,17.16,205.8,209,220,366,-1544,-749,-529,37.4117789,-121.9951222
243430731,2,8,37.4122286,-121.9958428,34,16.69,206.3,209,220,364,-1496,-741,-529,37.4117789,-121.9951222
243530494,2,9,37.4122137,-121.9958520,34,17.48,203.0,199,220,363,-1609,-683,-518,37.4117789,-121.9951222
243630930,2,8,37.4122022,-121.9958617,35,14.76,207.4,209,220,361,-1310,-680,-579,37.4117789,-121.9951222
243731389,2,9,37.4121906,-121.9958712,36,14.06,205.1,199,220,360,-1272,-598,-613,37.4117789,-121.9951222
243832017,2,9,37.4121808,-121.9958810,37,12.73,208.5,199,219,358,-1118,-609,-624,37.4117789,-121.9951222
243932191,2,9,37.4121725,-121.9958910,38,11.51,213.1,199,219,356,-964,-630,-628,37.4117789,-121.9951222
244032882,2,9,37.4121649,-121.9959013,38,10.67,218.0,199,219,355,-840,-658,-582,37.4117789,-121.9951222
244133868,2,9,37.4121572,-121.9959102,38,10.13,217.1,199,219,353,-808,-612,-524,37.4117789,-121.9951222
244234575,2,9,37.4121511,-121.9959186,39,8.54,219.4,199,219,352,-659,-543,-478,37.4117789,-121.9951222
244335203,2,9,37.4121471,-121.9959263,39,6.85,225.5,199,219,351,-480,-489,-465,37.4117789,-121.9951222
244435605,2,9,37.4121424,-121.9959328,40,6.28,224.0,199,219,350,-464,-423,-401,37.4117789,-121.9951222
244536070,2,9,37.4121395,-121.9959389,40,4.92,225.1,199,219,349,-336,-359,-369,37.4117789,-121.9951222
244636232,2,9,37.4121377,-121.9959442,40,3.72,228.8,199,220,348,-213,-305,-312,37.4117789,-121.9951222
244736749,2,9,37.4121393,-121.9959488,41,3.01,250.8,199,221,347,21,-300,-281,37.4117789,-121.9951222
244837240,2,9,37.4121432,-121.9959533,41,3.81,298.1,199,221,347,247,-290,-276,37.4117789,-121.9951222
244938240,2,9,37.4121487,-121.9959574,41,5.34,321.7,199,222,346,467,-259,-245,37.4117789,-121.9951222
245038619,2,9,37.4121570,-121.9959620,41,7.75,338.6,199,223,346,722,-282,-238,37.4117789,-121.9951222
245138860,2,9,37.4121653,-121.9959653,42,8.63,343.6,199,224,346,828,-242,-234,37.4117789,-121.9951222
245219082,2,9,37.4121738,-121.9959674,42,9.13,350.5,199,225,346,900,-149,-209,37.4117789,-121.9951222
245339912,2,9,37.4121831,-121.9959691,42,9.72,353.1,199,226,347,965,-115,-197,37.4117789,-121.9951222
245420229,2,9,37.4121930,-121.9959690,42,10.34,1.3,199,227,348,1034,24,-187,37.4117789,-121.9951222
245450403,2,9,37.4121930,-121.9959690,42,10.34,1.3,199,227,348,1034,24,-187,37.4117789,-121.9951222
245520827,2,8,37.4122018,-121.9959672,42,10.44,7.8,209,227,348,1034,142,-171,37.4117789,-121.9951222
245622086,2,8,37.4122108,-121.9959632,42,10.88,16.5,209,228,349,1043,309,-127,37.4117789,-121.9951222
245722671,2,8,37.4122199,-121.9959579,42,11.30,22.8,209,228,350,1041,439,-101,37.4117789,-121.9951222
245844073,2,8,37.4122291,-121.9959508,41,11.93,28.5,209,230,353,1048,569,-54,37.4117789,-121.9951222
245925108,2,8,37.4122386,-121.9959431,41,12.54,32.3,209,231,354,1060,671,-49,37.4117789,-121.9951222
246025442,2,8,37.4122475,-121.9959334,41,12.97,39.2,209,231,354,1004,820,-27,37.4117789,-121.9951222
246125966,2,8,37.4122565,-121.9959226,41,13.83,44.3,209,231,355,990,966,-48,37.4117789,-121.9951222
246226062,2,8,37.4122650,-121.9959101,41,14.64,50.4,209,231,355,932,1129,-70,37.4117789,-121.9951222
246326714,2,8,37.4122730,-121.9958963,41,15.16,54.8,209,231,356,873,1239,-95,37.4117789,-121.9951222
246427492,2,8,37.4122807,-121.9958815,41,15.73,57.9,209,231,356,835,1333,-123,37.4117789,-121.9951222
246528833,2,8,37.4122881,-121.9958661,42,16.16,59.8,209,231,357,811,1397,-117,37.4117789,-121.9951222
246629226,2,8,37.4122952,-121.9958504,42,16.25,60.8,209,231,357,790,1420,-109,37.4117789,-121.9951222
246729641,2,8,37.4123024,-121.9958347,42,16.50,60.5,209,231,357,812,1436,-77,37.4117789,-121.9951222
246830030,2,8,37.4123096,-121.9958189,42,16.51,60.9,209,231,357,801,1443,-49,37.4117789,-121.9951222
246931140,2,8,37.4123171,-121.9958030,42,16.80,60.7,209,231,357,822,1465,-22,37.4117789,-121.9951222
247032579,2,8,37.4123250,-121.9957868,41,17.03,60.2,209,231,357,845,1478,4,37.4117789,-121.9951222
247133039,2,8,37.4123328,-121.9957705,41,16.84,60.5,209,230,357,828,1466,50,37.4117789,-121.9951222
247233376,2,8,37.4123407,-121.9957542,41,16.96,60.6,209,230,356,831,1478,68,37.4117789,-121.9951222
247334154,2,9,37.4123486,-121.9957378,41,17.01,60.3,199,230,356,842,1478,55,37.4117789,-121.9951222
247435066,2,9,37.4123564,-121.9957213,41,17.36,60.6,199,230,356,850,1514,39,37.4117789,-121.9951222
247534847,2,9,37.4123645,-121.9957050,41,17.15,59.4,199,230,355,871,1477,-6,37.4117789,-121.9951222
247608578,2,9,37.4123645,-121.9957050,41,17.15,59.4,199,230,355,871,1477,-6,37.4117789,-121.9951222
247635589,2,9,37.4123729,-121.9956888,41,17.24,58.2,199,230,355,908,1465,-25,37.4117789,-121.9951222
247715940,2,8,37.4123814,-121.9956726,41,17.65,57.9,209,229,354,935,1497,-14,37.4117789,-121.9951222
247836571,2,9,37.4123900,-121.9956562,40,17.60,58.3,199,229,354,923,1498,33,37.4117789,-121.9951222
247917060,2,9,37.4123987,-121.9956398,40,17.69,58.2,199,229,354,931,1504,70,37.4117789,-121.9951222
248017948,2,9,37.4124074,-121.9956234,40,17.82,57.6,199,229,353,953,1505,101,37.4117789,-121.9951222
248118937,2,8,37.4124163,-121.9956069,40,17.93,57.4,209,229,353,964,1511,130,37.4117789,-121.9951222
248219256,2,8,37.4124252,-121.9955904,39,17.93,56.8,209,228,353,980,1501,147,37.4117789,-121.9951222
248319410,2,8,37.4124344,-121.9955743,39,17.63,56.2,209,228,353,979,1466,103,37.4117789,-121.9951222
248420792,2,8,37.4124435,-121.9955584,39,17.27,55.8,209,228,352,970,1428,-1,37.4117789,-121.9951222
248520844,2,9,37.4124530,-121.9955429,39,17.30,54.2,199,228,352,1011,1403,-86,37.4117789,-121.9951222
248621394,2,9,37.4124627,-121.9955282,39,16.83,52.3,199,228,351,1027,1333,-143,37.4117789,-121.9951222
248721712,2,9,37.4124724,-121.9955145,40,16.20,49.1,199,227,351,1059,1225,-201,37.4117789,-121.9951222
248822333,2,10,37.4124826,-121.9955022,40,15.46,45.2,195,227,351,1089,1097,-265,37.4117789,-121.9951222
248922760,2,10,37.4124929,-121.9954915,40,14.56,41.5,195,227,350,1090,965,-339,37.4117789,-121.9951222
249023249,2,10,37.4125032,-121.9954823,41,13.80,37.8,195,227,349,1090,847,-385,37.4117789,-121.9951222
249123595,2,10,37.4125133,-121.9954743,41,13.02,34.2,195,226,349,1076,733,-426,37.4117789,-121.9951222
249224124,2,10,37.4125231,-121.9954678,41,11.87,29.8,195,226,348,1029,591,-486,37.4117789,-121.9951222
249324515,2,10,37.4125324,-121.9954627,42,10.92,25.4,195,226,348,985,469,-558,37.4117789,-121.9951222
249425102,2,10,37.4125411,-121.9954592,43,9.61,19.8,195,226,347,904,326,-638,37.4117789,-121.9951222
249526027,2,10,37.4125494,-121.9954567,43,9.25,17.5,195,225,346,882,278,-678,37.4117789,-121.9951222
249626017,2,10,37.4125575,-121.9954544,44,9.25,18.4,195,225,346,877,292,-646,37.4117789,-121.9951222
249727324,2,10,37.4125655,-121.9954521,45,9.37,17.1,195,225,345,895,276,-606,37.4117789,-121.9951222
249768457,2,10,37.4125655,-121.9954521,45,9.37,17.1,195,225,345,895,276,-606,37.4117789,-121.9951222
249827317,2,10,37.4125736,-121.9954501,45,9.11,15.9,195,225,345,876,250,-582,37.4117789,-121.9951222
249928475,2,10,37.4125816,-121.9954482,46,9.00,14.6,195,225,344,870,228,-578,37.4117789,-121.9951222
250028475,2,9,37.4125897,-121.9954462,47,9.22,14.5,198,225,344,892,232,-550,37.4117789,-121.9951222
250128619,2,9,37.4125979,-121.9954442,47,9.17,14.0,198,225,344,889,221,-518,37.4117789,-121.9951222
250230112,2,9,37.4126060,-121.9954425,48,8.96,12.1,198,225,343,875,189,-505,37.4117789,-121.9951222
250330762,2,9,37.4126140,-121.9954411,48,8.73,10.5,198,224,343,858,159,-490,37.4117789,-121.9951222
250431458,2,9,37.4126220,-121.9954403,49,8.84,8.3,198,224,342,875,128,-470,37.4117789,-121.9951222
250531995,2,9,37.4126300,-121.9954394,49,8.75,7.7,198,224,342,867,117,-443,37.4117789,-121.9951222
250632217,2,9,37.4126379,-121.9954387,49,8.66,6.9,198,224,342,859,104,-424,37.4117789,-121.9951222
250732901,2,10,37.4126458,-121.9954385,50,8.55,4.1,195,224,341,853,62,-422,37.4117789,-121.9951222
250833243,2,10,37.4126536,-121.9954385,50,8.41,3.5,195,224,341,839,51,-429,37.4117789,-121.9951222
250934221,2,9,37.4126611,-121.9954386,51,8.16,0.7,198,224,340,816,10,-450,37.4117789,-121.9951222
251014375,2,10,37.4126684,-121.9954393,51,7.68,358.3,195,224,340,768,-22,-492,37.4117789,-121.9951222
251115159,2,8,37.4126754,-121.9954400,52,7.29,355.1,361,224,340,727,-62,-521,37.4117789,-121.9951222
251216002,2,9,37.4126820,-121.9954410,52,7.12,355.0,248,224,341,709,-61,-541,37.4117789,-121.9951222
251316974,2,9,37.4126886,-121.9954422,53,7.08,353.7,248,224,341,703,-77,-546,37.4117789,-121.9951222
251417557,2,10,37.4126944,-121.9954451,54,6.51,345.7,195,223,340,631,-160,-555,37.4117789,-121.9951222
251517835,2,9,37.4127002,-121.9954475,54,6.55,344.1,248,223,341,630,-179,-551,37.4117789,-121.9951222
251618594,2,9,37.4127058,-121.9954500,55,6.44,343.5,248,224,341,617,-182,-539,37.4117789,-121.9951222
251719344,2,9,37.4127113,-121.9954527,55,6.41,342.6,248,224,342,612,-191,-516,37.4117789,-121.9951222
251819755,2,10,37.4127163,-121.9954570,56,6.17,335.5,195,224,341,561,-255,-533,37.4117789,-121.9951222
251919695,2,9,37.4127215,-121.9954603,57,6.39,336.4,248,224,341,585,-255,-517,37.4117789,-121.9951222
251925972,2,9,37.4127215,-121.9954603,57,6.39,336.4,248,224,341,585,-255,-517,37.4117789,-121.9951222
252020195,2,8,37.4127269,-121.9954635,57,6.60,336.0,361,224,342,603,-268,-493,37.4117789,-121.9951222
252120859,2,8,37.4127324,-121.9954667,57,6.61,337.1,361,224,342,609,-257,-471,37.4117789,-121.9951222
252221683,2,9,37.4127378,-121.9954707,58,6.76,334.5,198,224,342,611,-290,-457,37.4117789,-121.9951222
252321847,2,9,37.4127433,-121.9954748,59,6.83,334.5,248,224,342,617,-294,-444,37.4117789,-121.9951222
252422769,2,9,37.4127487,-121.9954792,59,6.75,332.5,198,224,341,598,-311,-438,37.4117789,-121.9951222
252523375,2,9,37.4127540,-121.9954835,60,6.80,332.0,198,223,341,600,-318,-432,37.4117789,-121.9951222
252624484,2,8,37.4127595,-121.9954872,60,6.70,330.7,361,224,341,584,-327,-461,37.4117789,-121.9951222
252725064,2,9,37.4127645,-121.9954926,61,6.56,327.1,248,223,342,551,-355,-479,37.4117789,-121.9951222
252826615,2,9,37.4127693,-121.9954984,62,6.50,324.2,248,223,342,527,-380,-510,37.4117789,-121.9951222
252927093,2,8,37.4127742,-121.9955026,62,6.39,326.5,361,223,342,533,-352,-530,37.4117789,-121.9951222
253027721,2,9,37.4127793,-121.9955067,62,6.42,329.0,198,223,342,551,-330,-532,37.4117789,-121.9951222
253128275,2,9,37.4127843,-121.9955110,63,6.48,328.8,198,223,341,554,-335,-529,37.4117789,-121.9951222
253229011,2,10,37.4127888,-121.9955172,64,6.51,324.8,195,223,341,532,-374,-507,37.4117789,-121.9951222
253329553,2,9,37.4127936,-121.9955216,64,6.36,326.2,198,223,341,529,-353,-518,37.4117789,-121.9951222
253430095,2,9,37.4127984,-121.9955260,65,6.26,325.3,198,223,340,514,-356,-526,37.4117789,-121.9951222
253531034,2,9,37.4128030,-121.9955304,65,6.25,325.8,198,223,340,517,-351,-524,37.4117789,-121.9951222
253612790,2,9,37.4128078,-121.9955350,66,6.35,324.5,198,223,340,517,-369,-521,37.4117789,-121.9951222
253713237,2,9,37.4128124,-121.9955397,66,6.36,323.8,198,223,339,514,-375,-508,37.4117789,-121.9951222
253814218,2,9,37.4128169,-121.9955445,67,6.32,322.2,198,223,339,499,-387,-492,37.4117789,-121.9951222
253914416,2,9,37.4128215,-121.9955493,67,6.46,323.0,198,223,339,516,-388,-477,37.4117789,-121.9951222
254015544,2,9,37.4128262,-121.9955541,68,6.51,322.7,198,223,339,518,-394,-474,37.4117789,-121.9951222
254072113,2,9,37.4128262,-121.9955541,68,6.51,322.7,198,223,339,518,-394,-474,37.4117789,-121.9951222
254116551,2,9,37.4128308,-121.9955591,68,6.53,321.9,198,223,339,510,-408,-459,37.4117789,-121.9951222
254216636,2,9,37.4128353,-121.9955645,69,6.62,318.5,198,223,338,496,-438,-448,37.4117789,-121.9951222
254317931,2,9,37.4128398,-121.9955699,69,6.59,318.3,198,223,338,491,-439,-438,37.4117789,-121.9951222
254418465,2,10,37.4128443,-121.9955756,70,6.75,318.2,195,223,338,503,-450,-428,37.4117789,-121.9951222
254519189,2,10,37.4128488,-121.9955813,70,6.81,317.8,195,223,338,502,-460,-405,37.4117789,-121.9951222
254619713,2,10,37.4128532,-121.9955871,70,6.80,316.6,195,222,337,484,-477,-391,37.4117789,-121.9951222
254720006,2,10,37.4128576,-121.9955929,71,6.81,316.3,195,222,337,491,-471,-370,37.4117789,-121.9951222
254820517,2,10,37.4128620,-121.9955988,71,6.97,315.3,195,222,337,488,-498,-352,37.4117789,-121.9951222
254920946,2,10,37.4128664,-121.9956048,72,6.96,315.0,195,222,336,490,-494,-334,37.4117789,-121.9951222
255021599,2,10,37.4128709,-121.9956108,72,7.09,314.2,195,222,336,489,-514,-316,37.4117789,-121.9951222
255122325,2,10,37.4128752,-121.9956170,72,7.04,313.5,195,221,335,480,-514,-297,37.4117789,-121.9951222
255223225,2,10,37.4128795,-121.9956233,73,7.05,312.1,195,221,335,460,-534,-293,37.4117789,-121.9951222
255322838,2,10,37.4128836,-121.9956298,73,7.10,310.8,195,221,335,454,-546,-285,37.4117789,-121.9951222
255423825,2,10,37.4128877,-121.9956362,73,7.00,310.0,195,221,334,443,-541,-298,37.4117789,-121.9951222
255524134,2,10,37.4128918,-121.9956427,74,7.08,309.5,195,221,334,446,-550,-306,37.4117789,-121.9951222
255624472,2,10,37.4128959,-121.9956491,74,7.02,309.4,195,221,334,446,-542,-302,37.4117789,-121.9951222
255724892,2,10,37.4129000,-121.9956553,74,6.83,309.9,195,220,333,442,-521,-336,37.4117789,-121.9951222
255825472,2,10,37.4129042,-121.9956612,75,6.61,311.3,195,220,333,449,-485,-370,37.4117789,-121.9951222
255925661,2,10,37.4129083,-121.9956670,75,6.42,312.0,195,220,333,436,-470,-418,37.4117789,-121.9951222
256025968,2,10,37.4129123,-121.9956724,75,6.07,313.5,195,220,332,430,-428,-470,37.4117789,-121.9951222
256126662,2,10,37.4129163,-121.9956774,76,5.84,315.1,195,220,332,425,-400,-507,37.4117789,-121.9951222
256227134,2,10,37.4129202,-121.9956819,77,5.42,316.9,195,220,332,409,-355,-548,37.4117789,-121.9951222
256228137,2,10,37.4129202,-121.9956819,77,5.42,316.9,195,220,332,409,-355,-548,37.4117789,-121.9951222
256327378,2,10,37.4129240,-121.9956859,77,5.17,319.5,195,219,332,410,-315,-576,37.4117789,-121.9951222
256427615,2,10,37.4129278,-121.9956894,78,5.08,322.4,195,219,331,418,-289,-578,37.4117789,-121.9951222
256507896,2,10,37.4129316,-121.9956928,78,5.01,325.0,195,219,331,424,-267,-562,37.4117789,-121.9951222
256628236,2,10,37.4129356,-121.9956958,79,5.02,328.0,195,219,331,441,-241,-554,37.4117789,-121.9951222
256708642,2,10,37.4129396,-121.9956988,79,5.10,330.3,195,219,331,454,-233,-520,37.4117789,-121.9951222
256809432,2,10,37.4129438,-121.9957016,80,5.27,333.4,195,219,330,483,-211,-481,37.4117789,-121.9951222
256909693,2,10,37.4129482,-121.9957044,80,5.44,335.8,195,219,330,505,-204,-448,37.4117789,-121.9951222
257009801,2,10,37.4129529,-121.9957068,81,5.48,338.9,195,219,330,522,-167,-424,37.4117789,-121.9951222
257111136,2,10,37.4129578,-121.9957089,81,5.72,341.6,195,219,330,550,-157,-389,37.4117789,-121.9951222
257211619,2,10,37.4129628,-121.9957109,82,5.87,343.4,195,219,329,567,-150,-353,37.4117789,-121.9951222
257312249,2,10,37.4129681,-121.9957127,82,6.09,345.5,195,219,329,595,-131,-320,37.4117789,-121.9951222
257412967,2,10,37.4129737,-121.9957144,82,6.34,347.3,195,219,329,622,-121,-291,37.4117789,-121.9951222
257513699,2,10,37.4129794,-121.9957157,83,6.39,349.5,195,219,328,632,-92,-276,37.4117789,-121.9951222
257614308,2,10,37.4129856,-121.9957168,83,6.68,352.3,195,218,328,665,-62,-279,37.4117789,-121.9951222
257714958,2,10,37.4129919,-121.9957178,83,6.78,353.1,195,218,328,675,-71,-267,37.4117789,-121.9951222
257816762,2,10,37.4129996,-121.9957197,84,6.99,353.1,195,217,328,694,-82,-250,37.4117789,-121.9951222
257917450,2,10,37.4130077,-121.9957215,84,7.19,353.8,195,216,327,716,-70,-247,37.4117789,-121.9951222
258018108,2,10,37.4130158,-121.9957233,84,7.35,354.3,195,216,327,732,-67,-213,37.4117789,-121.9951222
258119334,2,10,37.4130238,-121.9957248,85,7.35,354.6,195,215,326,732,-62,-222,37.4117789,-121.9951222
258219724,2,10,37.4130318,-121.9957266,85,7.25,354.2,195,214,326,721,-77,-248,37.4117789,-121.9951222
258320136,2,10,37.4130398,-121.9957283,85,7.21,353.8,195,213,326,716,-82,-271,37.4117789,-121.9951222
258387050,2,10,37.4130398,-121.9957283,85,7.21,353.8,195,213,326,716,-82,-271,37.4117789,-121.9951222
258420496,2,10,37.4130476,-121.9957301,86,7.07,353.3,195,212,325,702,-86,-315,37.4117789,-121.9951222
258521502,2,10,37.4130555,-121.9957321,86,7.25,352.4,195,212,325,718,-95,-340,37.4117789,-121.9951222
258621750,2,10,37.4130633,-121.9957342,86,7.06,352.0,195,211,325,698,-102,-354,37.4117789,-121.9951222
258722947,2,10,37.4130711,-121.9957363,87,7.24,352.4,195,210,324,718,-95,-348,37.4117789,-121.9951222
258823944,2,10,37.4130791,-121.9957382,87,7.43,354.8,195,209,324,740,-67,-328,37.4117789,-121.9951222
258924571,2,10,37.4130871,-121.9957397,88,7.62,356.9,195,208,323,761,-41,-298,37.4117789,-121.9951222
259024796,2,10,37.4130954,-121.9957409,88,7.78,358.1,195,207,323,777,-24,-276,37.4117789,-121.9951222
259125047,2,10,37.4131038,-121.9957419,88,7.89,359.0,195,207,322,789,-12,-263,37.4117789,-121.9951222
259205540,2,10,37.4131121,-121.9957427,89,8.03,0.7,195,206,322,803,9,-243,37.4117789,-121.9951222
259306403,2,10,37.4131205,-121.9957432,89,8.07,2.6,195,205,322,806,36,-235,37.4117789,-121.9951222
259406793,2,10,37.4131290,-121.9957433,89,8.25,4.9,195,204,321,822,71,-237,37.4117789,-121.9951222
259507268,2,10,37.4131375,-121.9957430,89,8.44,7.2,195,204,321,838,107,-236,37.4117789,-121.9951222
259608407,2,10,37.4131462,-121.9957424,90,8.65,8.1,195,203,320,857,122,-220,37.4117789,-121.9951222
259708595,2,10,37.4131550,-121.9957418,90,8.89,7.2,195,202,320,882,112,-185,37.4117789,-121.9951222
259809330,2,10,37.4131639,-121.9957410,90,8.87,8.6,195,201,319,877,134,-165,37.4117789,-121.9951222
259909715,2,10,37.4131728,-121.9957402,90,8.93,8.5,195,200,318,883,132,-161,37.4117789,-121.9951222
260011229,2,10,37.4131819,-121.9957392,90,9.17,8.1,195,199,318,908,129,-161,37.4117789,-121.9951222
260112311,2,10,37.4131911,-121.9957382,91,9.18,8.7,195,198,317,907,139,-180,37.4117789,-121.9951222
260212599,2,10,37.4132003,-121.9957373,91,9.19,6.8,195,198,317,912,110,-192,37.4117789,-121.9951222
260312802,2,10,37.4132096,-121.9957367,91,9.38,6.6,195,197,316,932,108,-191,37.4117789,-121.9951222
260413317,2,10,37.4132187,-121.9957361,91,9.31,6.6,195,196,316,925,107,-167,37.4117789,-121.9951222
260514318,2,10,37.4132279,-121.9957355,91,9.35,5.4,195,195,315,931,88,-162,37.4117789,-121.9951222
260545619,2,10,37.4132279,-121.9957355,91,9.35,5.4,195,195,315,931,88,-162,37.4117789,-121.9951222
260614742,2,10,37.4132369,-121.9957349,92,9.36,5.3,195,194,314,932,87,-162,37.4117789,-121.9951222
260714940,2,10,37.4132462,-121.9957346,92,9.48,3.9,195,194,314,946,65,-169,37.4117789,-121.9951222
260815386,2,10,37.4132555,-121.9957346,92,9.36,2.8,195,193,313,935,46,-188,37.4117789,-121.9951222
260916466,2,10,37.4132646,-121.9957347,92,9.27,1.1,195,192,313,927,19,-195,37.4117789,-121.9951222
261017005,2,10,37.4132737,-121.9957351,92,9.42,0.3,195,191,312,942,6,-211,37.4117789,-121.9951222
261117423,2,10,37.4132828,-121.9957356,93,9.31,359.7,195,191,312,931,-3,-222,37.4117789,-121.9951222
261217706,2,10,37.4132916,-121.9957361,93,9.02,359.0,195,190,311,902,-15,-235,37.4117789,-121.9951222
261317812,2,10,37.4133002,-121.9957368,93,8.97,357.4,195,189,311,896,-39,-254,37.4117789,-121.9951222
261418119,2,10,37.4133085,-121.9957375,94,8.74,358.5,195,189,311,874,-22,-240,37.4117789,-121.9951222
261518888,2,10,37.4133170,-121.9957385,94,8.90,356.0,195,188,310,888,-60,-242,37.4117789,-121.9951222
261619702,2,10,37.4133255,-121.9957397,94,8.83,355.7,195,188,310,880,-65,-244,37.4117789,-121.9951222
261720317,2,10,37.4133341,-121.9957409,95,8.87,356.2,195,187,309,885,-57,-245,37.4117789,-121.9951222
261820807,2,10,37.4133429,-121.9957422,95,8.95,355.2,195,187,309,892,-73,-254,37.4117789,-121.9951222
261921486,2,10,37.4133514,-121.9957437,96,8.71,354.1,195,186,308,866,-89,-258,37.4117789,-121.9951222
262002190,2,10,37.4133599,-121.9957454,96,8.80,353.4,195,185,308,874,-99,-262,37.4117789,-121.9951222
262102530,2,10,37.4133684,-121.9957471,96,8.78,353.7,195,185,307,873,-96,-261,37.4117789,-121.9951222
262203343,2,10,37.4133771,-121.9957489,96,9.00,354.1,195,184,307,895,-92,-252,37.4117789,-121.9951222
262304399,2,10,37.4133858,-121.9957507,97,9.06,354.1,195,184,307,901,-92,-234,37.4117789,-121.9951222
262406004,2,10,37.4133944,-121.9957524,97,9.08,354.3,195,183,306,903,-89,-211,37.4117789,-121.9951222
262506702,2,10,37.4134031,-121.9957541,97,8.92,353.7,195,183,306,886,-96,-213,37.4117789,-121.9951222
262607012,2,10,37.4134118,-121.9957558,97,9.03,353.0,195,182,305,896,-109,-207,37.4117789,-121.9951222
262695045,2,10,37.4134118,-121.9957558,97,9.03,353.0,195,182,305,896,-109,-207,37.4117789,-121.9951222
262707738,2,10,37.4134205,-121.9957576,97,9.05,353.0,195,182,305,898,-109,-186,37.4117789,-121.9951222
262808208,2,10,37.4134292,-121.9957592,98,9.14,353.9,195,181,304,909,-96,-176,37.4117789,-121.9951222
262909577,2,10,37.4134380,-121.9957608,98,9.11,353.4,195,181,304,905,-103,-180,37.4117789,-121.9951222
263010073,2,10,37.4134465,-121.9957626,98,8.63,351.8,195,180,304,854,-122,-195,37.4117789,-121.9951222
263110731,2,10,37.4134546,-121.9957650,98,8.52,347.3,195,180,303,832,-187,-198,37.4117789,-121.9951222
263210975,2,10,37.4134622,-121.9957683,99,8.49,340.6,195,179,303,801,-281,-193,37.4117789,-121.9951222
263312682,2,10,37.4134693,-121.9957731,99,8.34,328.9,195,179,303,714,-431,-182,37.4117789,-121.9951222
263413110,2,9,37.4134750,-121.9957797,99,8.09,311.4,248,179,303,535,-606,-180,37.4117789,-121.9951222
263513428,2,10,37.4134787,-121.9957881,99,8.24,293.8,195,178,303,332,-754,-181,37.4117789,-121.9951222
263614051,2,10,37.4134801,-121.9957982,99,9.07,273.3,195,178,303,53,-906,-153,37.4117789,-121.9951222
263714739,2,12,37.4134788,-121.9958093,99,10.28,254.1,146,177,301,-281,-989,-75,37.4117789,-121.9951222
263815023,2,12,37.4134751,-121.9958208,99,11.27,241.0,146,176,300,-546,-986,-26,37.4117789,-121.9951222
263915752,2,12,37.4134688,-121.9958319,99,12.73,228.0,146,176,298,-851,-947,18,37.4117789,-121.9951222
264016402,2,12,37.4134597,-121.9958422,99,14.15,217.0,146,175,297,-1129,-852,87,37.4117789,-121.9951222
264116860,2,12,37.4134481,-121.9958512,98,15.90,207.3,146,174,296,-1412,-730,149,37.4117789,-121.9951222
264217066,2,12,37.4134344,-121.9958584,98,17.21,199.1,146,173,295,-1626,-564,200,37.4117789,-121.9951222
264317826,2,12,37.4134191,-121.9958634,98,18.23,191.0,146,172,294,-1789,-348,255,37.4117789,-121.9951222
264418331,2,12,37.4134024,-121.9958656,98,19.37,183.8,146,172,293,-1933,-128,287,37.4117789,-121.9951222
264518948,2,12,37.4133846,-121.9958652,97,20.26,177.0,146,171,292,-2023,105,337,37.4117789,-121.9951222
264619679,2,12,37.4133662,-121.9958619,97,21.08,170.2,146,171,291,-2078,355,366,37.4117789,-121.9951222
264720708,2,12,37.4133474,-121.9958559,97,21.80,163.7,146,170,290,-2092,611,366,37.4117789,-121.9951222
264802072,2,12,37.4133282,-121.9958479,96,22.88,161.0,146,170,289,-2164,743,382,37.4117789,-121.9951222
264852812,2,12,37.4133282,-121.9958479,96,22.88,161.0,146,170,289,-2164,743,382,37.4117789,-121.9951222
264902399,2,12,37.4133095,-121.9958404,96,22.00,162.7,146,169,287,-2102,651,532,37.4117789,-121.9951222
265002965,2,12,37.4132912,-121.9958337,95,21.55,163.0,146,168,285,-2061,629,694,37.4117789,-121.9951222
265103156,2,12,37.4132730,-121.9958269,94,21.57,162.2,146,167,284,-2054,656,791,37.4117789,-121.9951222
265203686,2,12,37.4132545,-121.9958199,93,22.06,162.6,146,166,283,-2106,657,819,37.4117789,-121.9951222
265304211,2,12,37.4132356,-121.9958136,92,22.58,165.0,146,166,281,-2182,582,820,37.4117789,-121.9951222
265404975,2,12,37.4132162,-121.9958080,91,22.80,167.0,146,165,280,-2223,509,818,37.4117789,-121.9951222
265505317,2,12,37.4131965,-121.9958034,91,22.97,169.5,146,164,278,-2259,418,838,37.4117789,-121.9951222
265606012,2,12,37.4131764,-121.9957998,90,23.50,172.2,146,164,277,-2329,316,719,37.4117789,-121.9951222
265706385,2,12,37.4131559,-121.9957971,90,24.21,175.3,146,163,275,-2413,196,384,37.4117789,-121.9951222
265806680,2,12,37.4131349,-121.9957952,89,24.40,175.7,146,162,274,-2433,179,176,37.4117789,-121.9951222
265907675,2,12,37.4131135,-121.9957936,89,24.44,175.8,146,161,272,-2438,178,116,37.4117789,-121.9951222
266008932,2,12,37.4130921,-121.9957920,89,24.36,176.2,146,161,271,-2431,161,91,37.4117789,-121.9951222
266109903,2,12,37.4130706,-121.9957907,89,24.37,176.4,146,160,269,-2433,149,57,37.4117789,-121.9951222
266210390,2,12,37.4130491,-121.9957891,89,24.24,175.8,146,159,268,-2417,174,46,37.4117789,-121.9951222
266310981,2,12,37.4130278,-121.9957878,89,24.28,176.4,146,158,266,-2423,151,29,37.4117789,-121.9951222
266411116,2,12,37.4130064,-121.9957865,89,24.19,176.8,146,157,265,-2415,133,31,37.4117789,-121.9951222
266512462,2,12,37.4129851,-121.9957852,89,24.16,176.8,146,157,263,-2412,131,23,37.4117789,-121.9951222
266613086,2,12,37.4129638,-121.9957839,89,24.06,177.1,146,156,261,-2403,119,15,37.4117789,-121.9951222
266713655,2,12,37.4129425,-121.9957827,89,24.15,177.2,146,155,260,-2412,114,14,37.4117789,-121.9951222
266814747,2,12,37.4129214,-121.9957817,89,23.89,177.7,146,155,258,-2387,92,0,37.4117789,-121.9951222
266916341,2,12,37.4129003,-121.9957808,89,23.96,178.0,146,154,257,-2394,82,-11,37.4117789,-121.9951222
266990990,2,12,37.4129003,-121.9957808,89,23.96,178.0,146,154,257,-2394,82,-11,37.4117789,-121.9951222
267016813,2,12,37.4128791,-121.9957801,89,23.93,178.4,146,153,256,-2392,65,-20,37.4117789,-121.9951222
267117676,2,12,37.4128580,-121.9957796,89,23.68,178.6,146,153,254,-2367,53,-42,37.4117789,-121.9951222
267197667,2,12,37.4128372,-121.9957792,89,23.33,178.8,146,152,253,-2332,45,-83,37.4117789,-121.9951222
267318131,2,12,37.4128175,-121.9957785,89,21.70,177.8,146,151,252,-2169,82,-401,37.4117789,-121.9951222
267398242,2,12,37.4127995,-121.9957781,90,19.73,178.4,146,150,250,-1972,51,-596,37.4117789,-121.9951222
267498621,2,12,37.4127828,-121.9957785,90,18.61,181.7,146,150,249,-1860,-55,-605,37.4117789,-121.9951222
267599606,2,12,37.4127674,-121.9957799,91,17.10,184.7,146,150,248,-1704,-142,-609,37.4117789,-121.9951222
267700288,2,12,37.4127536,-121.9957829,92,15.42,190.2,146,149,247,-1517,-274,-664,37.4117789,-121.9951222
267800893,2,12,37.4127408,-121.9957871,92,14.84,195.3,146,149,247,-1431,-392,-690,37.4117789,-121.9951222
267901406,2,12,37.4127290,-121.9957927,93,14.30,202.1,146,149,246,-1324,-539,-655,37.4117789,-121.9951222
268002040,2,12,37.4127188,-121.9958001,94,13.22,210.8,146,149,246,-1135,-677,-599,37.4117789,-121.9951222
268103195,2,12,37.4127098,-121.9958096,94,13.47,220.7,146,149,246,-1021,-879,-458,37.4117789,-121.9951222
268203694,2,12,37.4127019,-121.9958207,95,13.28,227.4,146,149,246,-899,-977,-297,37.4117789,-121.9951222
268304171,2,12,37.4126948,-121.9958329,95,13.58,233.3,146,149,246,-810,-1089,-119,37.4117789,-121.9951222
268405028,2,12,37.4126882,-121.9958457,95,13.38,235.6,146,149,246,-755,-1104,122,37.4117789,-121.9951222
268505668,2,12,37.4126817,-121.9958588,94,13.56,237.6,146,149,246,-725,-1145,292,37.4117789,-121.9951222
268606914,2,12,37.4126747,-121.9958710,93,13.12,232.4,146,149,246,-799,-1041,465,37.4117789,-121.9951222
268706932,2,12,37.4126659,-121.9958799,92,12.19,217.4,146,149,246,-968,-741,717,37.4117789,-121.9951222
268807287,2,12,37.4126559,-121.9958841,91,11.14,197.7,146,149,246,-1061,-339,974,37.4117789,-121.9951222
268907953,2,12,37.4126453,-121.9958842,89,11.75,181.2,146,149,246,-1175,-26,1161,37.4117789,-121.9951222
269009150,2,12,37.4126344,-121.9958789,88,12.70,156.2,146,149,246,-1163,510,1259,37.4117789,-121.9951222
269109786,2,12,37.4126247,-121.9958687,86,14.09,136.2,146,149,246,-1018,974,1326,37.4117789,-121.9951222
269147769,2,12,37.4126247,-121.9958687,86,14.09,136.2,146,149,246,-1018,974,1326,37.4117789,-121.9951222
269210838,2,12,37.4126165,-121.9958554,84,16.11,122.6,146,149,246,-869,1356,1471,37.4117789,-121.9951222
269311459,2,12,37.4126091,-121.9958371,82,18.35,114.7,146,149,247,-769,1666,1598,37.4117789,-121.9951222
269412256,2,12,37.4126039,-121.9958169,81,19.29,105.0,146,149,248,-499,1864,1644,37.4117789,-121.9951222
269513240,2,12,37.4126016,-121.9957946,79,20.60,96.1,146,149,248,-221,2048,1614,37.4117789,-121.9951222
269613843,2,12,37.4126031,-121.9957704,78,21.67,83.5,146,150,249,244,2153,1486,37.4117789,-121.9951222
269714213,2,12,37.4126087,-121.9957465,77,21.42,72.0,146,150,249,661,2037,1278,37.4117789,-121.9951222
269814419,2,12,37.4126179,-121.9957261,77,20.72,58.6,146,150,249,1077,1770,1125,37.4117789,-121.9951222
269894731,2,12,37.4126296,-121.9957105,76,19.09,47.7,146,150,249,1282,1414,1082,37.4117789,-121.9951222
269995532,2,11,37.4126413,-121.9956985,74,16.38,40.6,164,150,250,1242,1067,1082,37.4117789,-121.9951222
270095944,2,11,37.4126520,-121.9956918,74,12.10,25.7,164,151,251,1089,526,1006,37.4117789,-121.9951222
270196398,2,11,37.4126611,-121.9956913,73,8.27,359.3,164,151,252,827,-9,915,37.4117789,-121.9951222
270296819,2,12,37.4126677,-121.9956978,72,7.73,309.7,146,152,253,494,-594,855,37.4117789,-121.9951222
270397784,2,12,37.4126708,-121.9957097,72,10.92,275.7,146,152,253,110,-1086,820,37.4117789,-121.9951222
270499293,2,12,37.4126692,-121.9957249,71,14.45,255.8,146,153,254,-352,-1401,781,37.4117789,-121.9951222
270600341,2,12,37.4126659,-121.9957400,70,13.89,255.2,146,153,255,-354,-1343,827,37.4117789,-121.9951222
270700879,2,12,37.4126641,-121.9957543,69,12.42,262.2,146,154,256,-166,-1231,937,37.4117789,-121.9951222
270801665,2,12,37.4126641,-121.9957670,67,11.03,270.8,146,155,256,16,-1103,1084,37.4117789,-121.9951222
270902033,2,12,37.4126659,-121.9957767,65,8.99,282.9,146,156,258,201,-876,1219,37.4117789,-121.9951222
271003198,2,12,37.4126689,-121.9957839,64,7.54,295.6,146,157,259,327,-680,1305,37.4117789,-121.9951222
271103183,2,12,37.4126723,-121.9957901,62,6.89,303.0,146,158,259,376,-577,1393,37.4117789,-121.9951222
271203332,2,12,37.4126768,-121.9957946,60,6.63,318.1,146,159,260,494,-441,1465,37.4117789,-121.9951222
271302587,2,12,37.4126768,-121.9957946,60,6.63,318.1,146,159,260,494,-441,1465,37.4117789,-121.9951222
271304112,2,12,37.4126824,-121.9957968,58,6.66,338.3,146,159,261,619,-246,1503,37.4117789,-121.9951222
271404688,2,12,37.4126888,-121.9957956,56,6.88,0.5,146,160,262,688,7,1600,37.4117789,-121.9951222
271505291,2,12,37.4126954,-121.9957911,55,7.88,23.5,146,161,263,722,314,1629,37.4117789,-121.9951222
271606015,2,12,37.4127024,-121.9957851,53,9.13,33.4,146,161,264,762,503,1618,37.4117789,-121.9951222
271706254,2,12,37.4127098,-121.9957782,51,9.99,36.0,146,162,265,808,587,1635,37.4117789,-121.9951222
271806328,2,12,37.4127178,-121.9957706,49,10.85,36.1,146,162,266,876,640,1683,37.4117789,-121.9951222
271907303,2,12,37.4127253,-121.9957631,47,10.46,38.5,146,163,267,818,652,1731,37.4117789,-121.9951222
272007461,2,12,37.4127313,-121.9957560,46,9.04,44.3,146,163,268,646,632,1718,37.4117789,-121.9951222
272108594,2,12,37.4127345,-121.9957520,44,5.14,50.3,146,164,269,328,395,1661,37.4117789,-121.9951222
272209942,2,12,37.4127339,-121.9957506,42,1.92,120.3,146,165,271,-97,165,1659,37.4117789,-121.9951222
272310463,2,12,37.4127272,-121.9957542,41,7.70,192.7,146,165,272,-751,-170,1672,37.4117789,-121.9951222
272410969,2,12,37.4127162,-121.9957607,39,13.42,198.4,146,165,274,-1273,-424,1654,37.4117789,-121.9951222
272511179,2,12,37.4127024,-121.9957687,38,17.07,198.1,146,165,275,-1623,-531,1473,37.4117789,-121.9951222
272611685,2,12,37.4126849,-121.9957789,38,21.47,198.2,146,165,276,-2038,-674,1250,37.4117789,-121.9951222
272692583,2,12,37.4126654,-121.9957889,37,23.74,197.4,146,165,277,-2265,-712,1012,37.4117789,-121.9951222
272793181,2,11,37.4126453,-121.9957983,37,23.66,199.3,166,165,278,-2232,-783,949,37.4117789,-121.9951222
272893726,2,11,37.4126255,-121.9958075,36,23.38,200.1,166,165,279,-2195,-805,960,37.4117789,-121.9951222
272994402,2,11,37.4126059,-121.9958164,35,23.19,200.3,166,165,279,-2174,-805,981,37.4117789,-121.9951222
273094654,2,10,37.4125866,-121.9958257,34,23.04,201.3,194,165,280,-2146,-839,987,37.4117789,-121.9951222
273194870,2,10,37.4125673,-121.9958352,33,23.20,201.1,194,164,280,-2163,-838,973,37.4117789,-121.9951222
273295667,2,10,37.4125479,-121.9958452,32,23.61,201.2,194,164,280,-2201,-854,910,37.4117789,-121.9951222
273396125,2,10,37.4125285,-121.9958559,31,23.95,201.6,194,164,280,-2226,-884,731,37.4117789,-121.9951222
273458696,2,10,37.4125285,-121.9958559,31,23.95,201.6,194,164,280,-2226,-884,731,37.4117789,-121.9951222
273497569,2,10,37.4125094,-121.9958671,32,23.80,202.0,194,163,280,-2207,-892,437,37.4117789,-121.9951222
273598880,2,10,37.4124902,-121.9958788,32,23.79,204.7,194,163,280,-2161,-996,320,37.4117789,-121.9951222
273699233,2,10,37.4124712,-121.9958904,32,23.39,205.1,194,162,280,-2116,-995,279,37.4117789,-121.9951222
273799392,2,10,37.4124524,-121.9959024,32,22.97,206.4,194,161,279,-2056,-1024,203,37.4117789,-121.9951222
273899914,2,10,37.4124336,-121.9959144,31,22.77,206.8,194,160,279,-2032,-1028,118,37.4117789,-121.9951222
274000290,2,10,37.4124152,-121.9959266,31,22.41,207.2,194,159,278,-1992,-1025,76,37.4117789,-121.9951222
274100996,2,10,37.4123970,-121.9959382,31,22.11,207.2,194,159,277,-1965,-1013,91,37.4117789,-121.9951222
274201639,2,10,37.4123792,-121.9959497,31,21.85,207.0,194,159,277,-1946,-993,119,37.4117789,-121.9951222
274302259,2,10,37.4123621,-121.9959616,31,21.28,209.3,194,158,276,-1854,-1044,98,37.4117789,-121.9951222
274402674,2,10,37.4123458,-121.9959749,30,20.72,213.5,194,158,275,-1726,-1145,21,37.4117789,-121.9951222
274503129,2,10,37.4123307,-121.9959891,31,19.96,216.6,194,157,274,-1601,-1191,-128,37.4117789,-121.9951222
274603786,2,10,37.4123165,-121.9960032,31,19.23,218.4,194,156,273,-1507,-1195,-229,37.4117789,-121.9951222
274704625,2,10,37.4123035,-121.9960171,31,18.12,220.4,194,156,273,-1378,-1176,-331,37.4117789,-121.9951222
274805827,2,10,37.4122921,-121.9960307,32,16.68,224.7,194,155,272,-1185,-1173,-398,37.4117789,-121.9951222
274905857,2,10,37.4122825,-121.9960442,32,15.21,229.7,194,155,271,-982,-1161,-474,37.4117789,-121.9951222
275006842,2,11,37.4122749,-121.9960568,33,13.64,233.8,166,155,270,-805,-1101,-562,37.4117789,-121.9951222
275108292,2,11,37.4122685,-121.9960690,33,12.74,236.6,166,154,269,-700,-1065,-589,37.4117789,-121.9951222
275188755,2,11,37.4122632,-121.9960811,34,12.07,241.2,166,153,267,-581,-1058,-620,37.4117789,-121.9951222
275309409,2,11,37.4122592,-121.9960932,34,11.10,247.3,166,153,266,-427,-1024,-638,37.4117789,-121.9951222
275389848,2,11,37.4122559,-121.9961045,35,10.15,249.7,166,152,265,-351,-952,-632,37.4117789,-121.9951222
275490247,2,11,37.4122541,-121.9961146,35,8.85,258.1,166,152,264,-182,-866,-639,37.4117789,-121.9951222
275590700,2,11,37.4122538,-121.9961235,36,7.68,267.8,166,152,263,-28,-767,-654,37.4117789,-121.9951222
275623234,2,11,37.4122538,-121.9961235,36,7.68,267.8,166,152,263,-28,-767,-654,37.4117789,-121.9951222
275690856,2,11,37.4122553,-121.9961318,36,7.19,282.4,166,152,262,154,-702,-657,37.4117789,-121.9951222
275791013,2,11,37.4122576,-121.9961393,37,6.78,293.6,166,152,262,272,-621,-629,37.4117789,-121.9951222
275891159,2,11,37.4122605,-121.9961454,37,6.08,303.0,166,152,261,331,-509,-602,37.4117789,-121.9951222
275991420,2,11,37.4122640,-121.9961507,38,5.97,313.9,166,153,261,414,-429,-563,37.4117789,-121.9951222
276092246,2,11,37.4122682,-121.9961549,38,5.92,320.1,166,153,260,496,-323,-513,37.4117789,-121.9951222
276193049,2,11,37.4122729,-121.9961575,38,5.92,328.8,166,153,260,561,-189,-470,37.4117789,-121.9951222
276293593,2,11,37.4122785,-121.9961592,39,6.63,341.0,166,154,260,658,-83,-414,37.4117789,-121.9951222
276393759,2,11,37.4122847,-121.9961593,39,7.38,4.3,166,154,260,736,55,-334,37.4117789,-121.9951222
276493992,2,11,37.4122916,-121.9961578,39,8.20,13.6,166,154,259,797,193,-265,37.4117789,-121.9951222
276595097,2,11,37.4122988,-121.9961544,39,9.03,22.9,166,154,259,831,352,-207,37.4117789,-121.9951222
276696258,2,11,37.4123062,-121.9961494,39,9.61,30.3,166,154,259,829,485,-181,37.4117789,-121.9951222
276795756,2,11,37.4123136,-121.9961428,39,10.39,37.0,166,154,259,829,625,-142,37.4117789,-121.9951222
276896035,2,11,37.4123211,-121.9961345,39,11.27,42.6,166,154,258,829,763,-124,37.4117789,-121.9951222
276997275,2,11,37.4123283,-121.9961246,39,12.03,48.0,166,154,258,804,895,-121,37.4117789,-121.9951222
277098018,2,11,37.4123351,-121.9961130,39,12.75,53.4,166,154,258,760,1024,-151,37.4117789,-121.9951222
277199152,2,11,37.4123413,-121.9961003,39,13.04,58.4,166,154,257,682,1112,-221,37.4117789,-121.9951222
277299430,2,11,37.4123471,-121.9960868,40,13.39,61.9,166,154,257,629,1182,-267,37.4117789,-121.9951222
277400155,2,11,37.4123527,-121.9960728,40,13.90,64.1,166,153,256,605,1252,-292,37.4117789,-121.9951222
277500913,2,11,37.4123580,-121.9960580,40,14.23,65.5,166,153,256,589,1296,-284,37.4117789,-121.9951222
277601243,2,11,37.4123632,-121.9960426,40,14.62,66.4,166,152,255,583,1341,-250,37.4117789,-121.9951222
277702599,2,11,37.4123687,-121.9960271,40,14.96,65.9,166,152,254,610,1366,-189,37.4117789,-121.9951222
277783554,2,11,37.4123687,-121.9960271,40,14.96,65.9,166,152,254,610,1366,-189,37.4117789,-121.9951222
277803347,2,11,37.4123747,-121.9960117,41,15.25,66.5,166,151,253,606,1399,-114,37.4117789,-121.9951222
277903420,2,11,37.4123805,-121.9959959,41,15.62,67.8,166,150,251,589,1447,-87,37.4117789,-121.9951222
278003850,2,11,37.4123863,-121.9959798,41,16.00,68.0,166,149,250,598,1484,-14,37.4117789,-121.9951222
278104544,2,11,37.4123917,-121.9959630,40,16.22,68.4,166,149,250,595,1509,35,37.4117789,-121.9951222
278184939,2,11,37.4123972,-121.9959460,40,16.43,69.6,166,148,249,570,1540,73,37.4117789,-121.9951222
278285816,2,11,37.4124025,-121.9959284,40,16.91,69.8,166,148,248,582,1587,121,37.4117789,-121.9951222
278386405,2,11,37.4124077,-121.9959105,40,17.09,70.5,166,148,248,569,1611,149,37.4117789,-121.9951222
278486827,2,11,37.4124131,-121.9958921,40,17.48,71.1,166,147,247,564,1654,199,37.4117789,-121.9951222
278587274,2,11,37.4124182,-121.9958732,39,17.83,71.9,166,147,246,552,1696,259,37.4117789,-121.9951222
278688437,2,11,37.4124231,-121.9958540,39,18.03,72.6,166,146,246,536,1721,311,37.4117789,-121.9951222
278789744,2,11,37.4124279,-121.9958344,38,18.26,73.2,166,146,245,526,1748,357,37.4117789,-121.9951222
278890423,2,11,37.4124325,-121.9958143,38,18.73,73.8,166,145,244,520,1799,411,37.4117789,-121.9951222
278991048,2,11,37.4124370,-121.9957938,37,19.05,75.2,166,145,243,486,1842,448,37.4117789,-121.9951222
279091561,2,11,37.4124412,-121.9957729,37,19.22,75.7,166,145,242,474,1862,514,37.4117789,-121.9951222
279192397,2,11,37.4124454,-121.9957517,36,19.40,76.5,166,144,241,452,1886,544,37.4117789,-121.9951222
279292803,2,11,37.4124493,-121.9957300,35,19.87,77.3,166,144,241,433,1939,504,37.4117789,-121.9951222
279393790,2,11,37.4124531,-121.9957076,35,20.41,78.8,166,143,240,394,2002,350,37.4117789,-121.9951222
279494574,2,11,37.4124569,-121.9956848,34,20.71,78.7,166,143,239,402,2031,168,37.4117789,-121.9951222
279595172,2,11,37.4124607,-121.9956620,34,20.58,78.7,166,142,238,401,2019,30,37.4117789,-121.9951222
279695615,2,11,37.4124643,-121.9956391,34,20.55,78.8,166,142,238,397,2016,-49,37.4117789,-121.9951222
279796602,2,11,37.4124678,-121.9956169,34,20.19,79.2,166,142,238,377,1983,-192,37.4117789,-121.9951222
279877174,2,11,37.4124710,-121.9955953,35,19.57,80.6,166,142,237,318,1931,-320,37.4117789,-121.9951222
279932667,2,11,37.4124710,-121.9955953,35,19.57,80.6,166,142,237,318,1931,-320,37.4117789,-121.9951222
279978020,2,11,37.4124739,-121.9955743,35,19.16,81.3,166,141,237,286,1894,-411,37.4117789,-121.9951222
280078616,2,11,37.4124765,-121.9955538,36,18.84,80.9,166,141,236,294,1861,-423,37.4117789,-121.9951222
280179177,2,11,37.4124793,-121.9955341,36,18.51,80.9,166,140,235,292,1828,-437,37.4117789,-121.9951222
280280556,2,11,37.4124821,-121.9955147,36,18.19,81.3,166,139,235,272,1799,-467,37.4117789,-121.9951222
280380373,2,11,37.4124848,-121.9954957,37,17.79,80.4,166,138,234,295,1754,-484,37.4117789,-121.9951222
280481116,2,12,37.4124878,-121.9954763,38,17.53,79.8,146,137,234,310,1725,-500,37.4117789,-121.9951222
280581256,2,12,37.4124913,-121.9954577,38,16.90,78.5,146,137,233,334,1657,-512,37.4117789,-121.9951222
280681442,2,12,37.4124952,-121.9954398,39,16.64,76.7,146,136,233,381,1620,-492,37.4117789,-121.9951222
280782238,2,12,37.4124994,-121.9954224,39,16.19,75.2,146,136,232,413,1565,-463,37.4117789,-121.9951222
280882313,2,12,37.4125037,-121.9954058,40,15.65,74.2,146,135,232,424,1506,-445,37.4117789,-121.9951222
280983317,2,12,37.4125083,-121.9953898,40,15.08,72.1,146,135,231,462,1436,-451,37.4117789,-121.9951222
281084287,2,12,37.4125132,-121.9953746,41,14.36,69.6,146,134,231,498,1346,-492,37.4117789,-121.9951222
281184715,2,12,37.4125184,-121.9953604,41,13.66,65.5,146,134,230,566,1243,-529,37.4117789,-121.9951222
281285003,2,12,37.4125241,-121.9953471,42,13.50,62.5,146,133,230,622,1198,-509,37.4117789,-121.9951222
281385459,2,12,37.4125300,-121.9953342,43,13.08,61.2,146,133,229,628,1147,-473,37.4117789,-121.9951222
281486248,2,12,37.4125361,-121.9953215,43,12.94,60.4,146,133,228,639,1126,-464,37.4117789,-121.9951222
281586862,2,12,37.4125422,-121.9953088,44,13.10,59.8,146,132,228,657,1133,-426,37.4117789,-121.9951222
281687101,2,12,37.4125485,-121.9952970,44,12.48,57.3,146,132,227,673,1051,-427,37.4117789,-121.9951222
281787801,2,12,37.4125550,-121.9952862,44,11.89,52.8,146,132,226,718,948,-431,37.4117789,-121.9951222
281888140,2,12,37.4125616,-121.9952765,45,11.67,50.2,146,131,225,746,897,-395,37.4117789,-121.9951222
281988566,2,12,37.4125685,-121.9952670,45,11.46,48.6,146,131,225,757,860,-355,37.4117789,-121.9951222
282089149,2,12,37.4125754,-121.9952580,45,11.49,48.1,146,131,224,766,856,-307,37.4117789,-121.9951222
282093317,2,12,37.4125754,-121.9952580,45,11.49,48.1,146,131,224,766,856,-307,37.4117789,-121.9951222
282190577,2,12,37.4125822,-121.9952490,46,11.51,47.0,146,130,224,784,843,-261,37.4117789,-121.9951222
282291019,2,12,37.4125892,-121.9952401,46,11.22,45.4,146,130,223,788,799,-234,37.4117789,-121.9951222
282391756,2,12,37.4125963,-121.9952318,46,11.08,42.0,146,130,223,822,742,-204,37.4117789,-121.9951222
282491865,2,12,37.4126038,-121.9952242,46,11.01,39.0,146,130,222,855,694,-175,37.4117789,-121.9951222
282592839,2,12,37.4126115,-121.9952170,46,10.91,37.3,146,129,222,867,662,-140,37.4117789,-121.9951222
282693939,2,12,37.4126192,-121.9952103,46,10.82,35.8,146,129,222,876,634,-92,37.4117789,-121.9951222
282774313,2,12,37.4126270,-121.9952039,46,10.65,33.4,146,129,221,888,586,-63,37.4117789,-121.9951222
282875325,2,12,37.4126350,-121.9951979,46,10.45,30.7,146,129,221,898,533,-50,37.4117789,-121.9951222
282976043,2,12,37.4126431,-121.9951928,46,10.35,27.0,146,128,221,922,471,-38,37.4117789,-121.9951222
283076648,2,12,37.4126514,-121.9951884,46,10.15,22.4,146,128,220,938,387,-25,37.4117789,-121.9951222
283176955,2,12,37.4126598,-121.9951849,46,9.84,18.5,146,128,220,932,313,-33,37.4117789,-121.9951222
283277369,2,12,37.4126681,-121.9951821,46,9.56,15.3,146,128,220,922,252,-41,37.4117789,-121.9951222
283378715,2,12,37.4126765,-121.9951798,46,9.57,11.9,146,128,219,936,198,-39,37.4117789,-121.9951222
283478911,2,12,37.4126848,-121.9951784,46,9.29,7.3,146,127,219,922,118,-55,37.4117789,-121.9951222
283579111,2,12,37.4126930,-121.9951778,46,9.13,2.4,146,127,219,912,39,-67,37.4117789,-121.9951222
283679395,2,12,37.4127009,-121.9951780,46,8.70,358.3,146,127,218,869,-24,-76,37.4117789,-121.9951222
283779880,2,12,37.4127087,-121.9951791,46,8.79,353.3,146,127,218,873,-101,-83,37.4117789,-121.9951222
283880561,2,12,37.4127164,-121.9951807,46,8.64,350.5,146,127,217,852,-141,-98,37.4117789,-121.9951222
283981604,2,12,37.4127238,-121.9951829,47,8.47,345.4,146,127,217,820,-213,-110,37.4117789,-121.9951222
284082856,2,12,37.4127309,-121.9951861,47,8.35,339.2,146,126,217,781,-295,-130,37.4117789,-121.9951222
284183346,2,12,37.4127378,-121.9951898,47,8.33,335.8,146,126,216,760,-340,-145,37.4117789,-121.9951222
284259244,2,12,37.4127378,-121.9951898,47,8.33,335.8,146,126,216,760,-340,-145,37.4117789,-121.9951222
284282883,2,12,37.4127443,-121.9951941,47,8.19,331.4,146,126,216,719,-391,-172,37.4117789,-121.9951222
284383657,2,12,37.4127505,-121.9951990,47,8.08,326.2,146,126,215,672,-449,-218,37.4117789,-121.9951222
284484273,2,12,37.4127557,-121.9952050,48,7.71,313.6,146,126,215,532,-558,-265,37.4117789,-121.9951222
284584509,2,12,37.4127602,-121.9952116,48,7.57,310.5,146,126,215,492,-575,-336,37.4117789,-121.9951222
284685274,2,12,37.4127642,-121.9952185,48,7.37,305.9,146,126,214,433,-596,-380,37.4117789,-121.9951222
284785817,2,12,37.4127677,-121.9952257,49,7.41,302.4,146,125,214,397,-625,-423,37.4117789,-121.9951222
284886172,2,12,37.4127709,-121.9952331,49,7.35,300.6,146,125,214,375,-632,-395,37.4117789,-121.9951222
284987025,2,12,37.4127739,-121.9952408,50,7.54,299.3,146,125,213,369,-657,-352,37.4117789,-121.9951222
285087632,2,12,37.4127770,-121.9952485,50,7.61,299.7,146,125,213,377,-661,-316,37.4117789,-121.9951222
285188227,2,12,37.4127800,-121.9952564,50,7.77,298.3,146,125,212,369,-683,-290,37.4117789,-121.9951222
285288421,2,11,37.4127830,-121.9952644,50,7.97,298.7,172,125,212,383,-699,-226,37.4117789,-121.9951222
285388921,2,11,37.4127860,-121.9952727,51,7.98,297.9,172,125,212,374,-704,-171,37.4117789,-121.9951222
285489150,2,12,37.4127888,-121.9952817,51,8.27,297.5,146,124,212,382,-733,-129,37.4117789,-121.9951222
285589935,2,12,37.4127920,-121.9952900,51,8.15,297.7,146,124,211,380,-721,-102,37.4117789,-121.9951222
285670660,2,11,37.4127950,-121.9952987,51,8.51,294.5,149,124,211,354,-774,-39,37.4117789,-121.9951222
285791345,2,11,37.4127979,-121.9953077,51,8.60,293.7,149,124,210,346,-787,-1,37.4117789,-121.9951222
285891609,2,10,37.4128009,-121.9953167,51,8.84,293.6,207,124,209,354,-810,28,37.4117789,-121.9951222
285991991,2,12,37.4128036,-121.9953263,51,8.94,291.1,146,124,209,322,-834,59,37.4117789,-121.9951222
286092604,2,12,37.4128062,-121.9953363,51,9.23,290.7,146,124,209,326,-864,80,37.4117789,-121.9951222
286193041,2,12,37.4128085,-121.9953467,50,9.38,286.5,146,124,208,267,-899,62,37.4117789,-121.9951222
286293764,2,12,37.4128105,-121.9953576,50,9.60,284.8,146,123,207,246,-927,23,37.4117789,-121.9951222
286395147,2,12,37.4128118,-121.9953690,51,9.66,280.5,146,123,207,177,-949,-43,37.4117789,-121.9951222
286413167,2,12,37.4128118,-121.9953690,51,9.66,280.5,146,123,207,177,-949,-43,37.4117789,-121.9951222
286495304,2,12,37.4128129,-121.9953803,51,9.71,276.7,146,123,206,114,-964,-154,37.4117789,-121.9951222
286595618,2,12,37.4128138,-121.9953913,51,9.56,275.9,146,123,206,98,-951,-238,37.4117789,-121.9951222
286675896,2,12,37.4128143,-121.9954023,51,9.59,272.9,146,122,205,50,-957,-292,37.4117789,-121.9951222
286796564,2,12,37.4128149,-121.9954131,52,9.50,274.5,146,122,205,75,-947,-293,37.4117789,-121.9951222
286876763,2,12,37.4128156,-121.9954236,52,9.26,275.0,146,122,204,81,-922,-318,37.4117789,-121.9951222
286997135,2,12,37.4128163,-121.9954337,52,8.78,273.5,146,122,204,53,-876,-363,37.4117789,-121.9951222
287077656,2,12,37.4128169,-121.9954433,53,8.45,273.2,146,122,204,48,-844,-404,37.4117789,-121.9951222
287178049,2,12,37.4128173,-121.9954528,53,8.34,273.7,146,122,204,54,-832,-420,37.4117789,-121.9951222
287278785,2,12,37.4128179,-121.9954622,54,8.30,274.9,146,122,203,72,-827,-421,37.4117789,-121.9951222
287379207,2,12,37.4128186,-121.9954715,54,8.21,275.1,146,121,203,73,-818,-428,37.4117789,-121.9951222
287479503,2,12,37.4128193,-121.9954803,54,7.81,276.4,146,121,203,87,-776,-443,37.4117789,-121.9951222
287579800,2,12,37.4128202,-121.9954889,55,7.73,277.6,146,121,202,102,-766,-439,37.4117789,-121.9951222
287679970,2,12,37.4128212,-121.9954974,55,7.55,279.1,146,121,202,120,-746,-440,37.4117789,-121.9951222
287780621,2,12,37.4128223,-121.9955057,56,7.24,280.1,146,121,202,127,-713,-451,37.4117789,-121.9951222
287881185,2,12,37.4128234,-121.9955134,56,6.83,280.5,146,121,202,125,-672,-481,37.4117789,-121.9951222
287981463,2,12,37.4128247,-121.9955205,57,6.24,283.8,146,121,201,149,-606,-529,37.4117789,-121.9951222
288081639,2,12,37.4128262,-121.9955269,57,5.89,287.0,146,121,201,173,-563,-552,37.4117789,-121.9951222
288182097,2,12,37.4128280,-121.9955327,58,5.33,289.7,146,121,201,206,-491,-587,37.4117789,-121.9951222
288282302,2,12,37.4128300,-121.9955378,59,4.96,293.1,146,121,201,226,-442,-587,37.4117789,-121.9951222
288382894,2,12,37.4128321,-121.9955425,59,4.77,297.4,146,121,201,252,-405,-577,37.4117789,-121.9951222
288483734,2,12,37.4128344,-121.9955467,60,4.57,301.1,146,121,201,262,-374,-548,37.4117789,-121.9951222
288575367,2,12,37.4128344,-121.9955467,60,4.57,301.1,146,121,201,262,-374,-548,37.4117789,-121.9951222
288584936,2,12,37.4128367,-121.9955508,60,4.69,304.1,146,121,201,281,-376,-503,37.4117789,-121.9951222
288685894,2,12,37.4128393,-121.9955549,61,4.80,306.9,146,121,201,305,-370,-469,37.4117789,-121.9951222
288786039,2,12,37.4128420,-121.9955589,61,4.93,308.8,146,121,201,322,-373,-427,37.4117789,-121.9951222
288886213,2,12,37.4128449,-121.9955630,62,4.99,310.7,146,121,201,337,-369,-397,37.4117789,-121.9951222
288986574,2,12,37.4128478,-121.9955670,62,4.96,311.8,146,121,201,337,-363,-374,37.4117789,-121.9951222
289086546,2,12,37.4128504,-121.9955713,62,5.09,309.3,146,121,201,304,-409,-355,37.4117789,-121.9951222
289187005,2,12,37.4128532,-121.9955757,63,5.03,309.7,146,121,201,326,-383,-356,37.4117789,-121.9951222
289287706,2,12,37.4128563,-121.9955799,63,5.14,312.2,146,121,201,361,-366,-353,37.4117789,-121.9951222
289388714,2,12,37.4128595,-121.9955840,63,5.23,314.4,146,121,201,380,-360,-328,37.4117789,-121.9951222
289489122,2,11,37.4128629,-121.9955879,64,5.24,316.1,149,121,201,390,-350,-322,37.4117789,-121.9951222
289589386,2,11,37.4128662,-121.9955918,64,4.99,316.5,149,121,201,364,-340,-343,37.4117789,-121.9951222
289689939,2,11,37.4128694,-121.9955955,65,4.84,316.3,149,121,201,349,-335,-390,37.4117789,-121.9951222
289790131,2,11,37.4128724,-121.9955991,65,4.66,316.5,149,122,201,339,-320,-412,37.4117789,-121.9951222
289890386,2,11,37.4128755,-121.9956023,65,4.48,318.1,149,122,201,343,-288,-433,37.4117789,-121.9951222
289990695,2,12,37.4128787,-121.9956052,66,4.34,322.7,146,122,201,364,-235,-461,37.4117789,-121.9951222
290091257,2,12,37.4128820,-121.9956077,66,4.20,325.9,146,122,201,362,-213,-486,37.4117789,-121.9951222
290191866,2,12,37.4128853,-121.9956098,67,4.03,330.7,146,122,201,367,-166,-510,37.4117789,-121.9951222
290292263,2,12,37.4128884,-121.9956117,67,3.89,333.1,146,122,201,354,-160,-505,37.4117789,-121.9951222
290372739,2,12,37.4128915,-121.9956134,68,3.81,336.0,146,122,201,356,-135,-515,37.4117789,-121.9951222
290473250,2,12,37.4128949,-121.9956147,68,3.96,341.2,146,122,201,384,-96,-527,37.4117789,-121.9951222
290573772,2,12,37.4128984,-121.9956155,69,3.96,346.5,146,122,201,392,-56,-531,37.4117789,-121.9951222
290674111,2,12,37.4129018,-121.9956161,69,3.98,349.7,146,122,201,395,-49,-514,37.4117789,-121.9951222
290739165,2,12,37.4129018,-121.9956161,69,3.98,349.7,146,122,201,395,-49,-514,37.4117789,-121.9951222
290775231,2,12,37.4129054,-121.9956165,70,4.12,353.4,146,122,201,411,-24,-510,37.4117789,-121.9951222
290875776,2,12,37.4129091,-121.9956168,70,4.25,355.2,146,122,201,424,-22,-491,37.4117789,-121.9951222
290976128,2,12,37.4129128,-121.9956168,71,4.24,357.8,146,122,201,424,2,-487,37.4117789,-121.9951222
291076494,2,12,37.4129167,-121.9956167,71,4.52,0.0,146,122,201,452,15,-473,37.4117789,-121.9951222
291177497,2,12,37.4129207,-121.9956165,72,4.48,1.2,146,122,201,447,18,-451,37.4117789,-121.9951222
291277591,2,12,37.4129248,-121.9956162,72,4.69,2.7,146,122,201,468,33,-438,37.4117789,-121.9951222
291378181,2,12,37.4129291,-121.9956157,72,4.78,3.8,146,122,201,477,41,-434,37.4117789,-121.9951222
291478818,2,12,37.4129335,-121.9956151,73,5.02,4.9,146,122,201,500,51,-419,37.4117789,-121.9951222
291579819,2,12,37.4129379,-121.9956145,73,4.94,4.8,146,122,201,492,41,-394,37.4117789,-121.9951222
291680388,2,12,37.4129424,-121.9956140,74,5.06,4.6,146,122,201,505,39,-383,37.4117789,-121.9951222
291780422,2,12,37.4129470,-121.9956137,74,5.12,3.4,146,122,201,512,20,-376,37.4117789,-121.9951222
291880948,2,12,37.4129516,-121.9956137,74,5.13,1.0,146,122,201,513,-9,-344,37.4117789,-121.9951222
291981085,2,12,37.4129560,-121.9956141,75,5.03,358.2,146,122,201,501,-41,-340,37.4117789,-121.9951222
292082217,2,12,37.4129605,-121.9956147,75,4.90,355.1,146,122,201,485,-67,-358,37.4117789,-121.9951222
292183108,2,12,37.4129648,-121.9956155,75,4.74,352.4,146,122,200,466,-85,-387,37.4117789,-121.9951222
292283796,2,12,37.4129689,-121.9956166,76,4.69,349.3,146,122,200,455,-111,-404,37.4117789,-121.9951222
292384008,2,12,37.4129730,-121.9956179,76,4.71,347.1,146,122,200,455,-123,-406,37.4117789,-121.9951222
292484360,2,12,37.4129770,-121.9956194,77,4.64,344.9,146,122,200,443,-138,-415,37.4117789,-121.9951222
292585160,2,12,37.4129809,-121.9956211,77,4.55,342.0,146,122,200,425,-161,-419,37.4117789,-121.9951222
292685727,2,12,37.4129848,-121.9956229,77,4.53,340.4,146,122,200,422,-163,-424,37.4117789,-121.9951222
292786968,2,12,37.4129886,-121.9956247,78,4.52,339.4,146,122,200,421,-165,-430,37.4117789,-121.9951222
292888269,2,12,37.4129924,-121.9956267,78,4.55,337.6,146,122,200,415,-186,-421,37.4117789,-121.9951222
292895551,2,12,37.4129924,-121.9956267,78,4.55,337.6,146,122,200,415,-186,-421,37.4117789,-121.9951222
292989490,2,12,37.4129960,-121.9956290,79,4.47,334.4,146,122,200,393,-213,-425,37.4117789,-121.9951222
293069602,2,12,37.4129995,-121.9956315,79,4.34,331.5,146,122,200,370,-227,-426,37.4117789,-121.9951222
293170624,2,12,37.4130027,-121.9956343,80,4.39,327.5,146,122,200,354,-259,-423,37.4117789,-121.9951222
293271442,2,11,37.4130059,-121.9956371,80,4.42,326.2,149,122,199,360,-256,-421,37.4117789,-121.9951222
293372496,2,11,37.4130093,-121.9956400,80,4.58,325.0,149,122,199,370,-269,-412,37.4117789,-121.9951222
293472615,2,12,37.4130118,-121.9956442,81,4.62,323.4,146,122,199,365,-283,-399,37.4117789,-121.9951222
293573212,2,11,37.4130151,-121.9956470,81,4.50,324.8,149,122,199,375,-249,-421,37.4117789,-121.9951222
293673652,2,11,37.4130185,-121.9956500,82,4.61,323.4,149,123,199,364,-283,-417,37.4117789,-121.9951222
293774590,2,11,37.4130218,-121.9956532,82,4.66,321.5,149,123,199,356,-301,-406,37.4117789,-121.9951222
293876137,2,12,37.4130247,-121.9956571,83,4.70,320.0,146,123,199,354,-310,-399,37.4117789,-121.9951222
293976590,2,11,37.4130279,-121.9956605,83,4.78,319.5,149,123,199,361,-314,-397,37.4117789,-121.9951222
294076707,2,11,37.4130313,-121.9956640,83,4.88,319.3,149,123,199,370,-318,-391,37.4117789,-121.9951222
294177774,2,12,37.4130344,-121.9956676,84,4.70,319.6,146,123,199,360,-302,-403,37.4117789,-121.9951222
294278252,2,11,37.4130377,-121.9956711,84,4.83,319.1,149,123,199,362,-320,-408,37.4117789,-121.9951222
294378344,2,12,37.4130410,-121.9956747,84,4.91,320.2,146,123,199,383,-307,-395,37.4117789,-121.9951222
294478599,2,12,37.4130445,-121.9956782,85,5.12,322.1,146,123,198,414,-302,-360,37.4117789,-121.9951222
294579100,2,12,37.4130483,-121.9956816,85,5.22,323.6,146,123,198,427,-300,-337,37.4117789,-121.9951222
294680099,2,12,37.4130522,-121.9956850,85,5.29,324.8,146,123,198,439,-296,-329,37.4117789,-121.9951222
294780339,2,12,37.4130564,-121.9956881,86,5.48,327.7,146,122,198,476,-272,-337,37.4117789,-121.9951222
294881039,2,12,37.4130609,-121.9956909,86,5.67,331.1,146,122,198,513,-243,-323,37.4117789,-121.9951222
294981457,2,12,37.4130658,-121.9956934,86,5.93,335.4,146,122,198,555,-209,-293,37.4117789,-121.9951222
295053158,2,12,37.4130658,-121.9956934,86,5.93,335.4,146,122,198,555,-209,-293,37.4117789,-121.9951222
295081650,2,12,37.4130710,-121.9956954,87,6.03,339.0,146,122,198,575,-182,-255,37.4117789,-121.9951222
295182378,2,12,37.4130765,-121.9956972,87,6.34,342.6,146,122,198,615,-153,-232,37.4117789,-121.9951222
295283495,2,12,37.4130823,-121.9956987,87,6.62,345.7,146,122,198,649,-130,-219,37.4117789,-121.9951222
295383837,2,12,37.4130884,-121.9956998,87,6.82,348.8,146,122,198,675,-99,-190,37.4117789,-121.9951222
295484392,2,12,37.4130947,-121.9957005,87,7.06,351.7,146,122,198,702,-68,-155,37.4117789,-121.9951222
295585479,2,12,37.4131012,-121.9957011,87,7.30,353.8,146,122,198,728,-52,-142,37.4117789,-121.9951222
295685394,2,12,37.4131080,-121.9957015,87,7.36,355.8,146,122,198,735,-35,-132,37.4117789,-121.9951222
295785713,2,12,37.4131147,-121.9957019,88,7.25,355.1,146,122,197,721,-67,-165,37.4117789,-121.9951222
295866288,2,12,37.4131215,-121.9957025,88,7.32,354.8,146,122,197,728,-70,-198,37.4117789,-121.9951222
295986912,2,12,37.4131283,-121.9957033,88,7.41,353.8,146,122,197,736,-91,-229,37.4117789,-121.9951222
296067383,2,12,37.4131350,-121.9957042,88,7.16,352.9,146,122,197,709,-99,-256,37.4117789,-121.9951222
296168472,2,12,37.4131414,-121.9957052,88,6.94,352.0,146,122,197,685,-108,-300,37.4117789,-121.9951222
296269018,2,12,37.4131476,-121.9957064,89,6.73,350.9,146,122,197,662,-119,-344,37.4117789,-121.9951222
296369365,2,12,37.4131537,-121.9957076,89,6.50,350.4,146,122,197,640,-112,-382,37.4117789,-121.9951222
296469709,2,12,37.4131594,-121.9957087,89,6.07,350.1,146,122,197,598,-107,-444,37.4117789,-121.9951222
296570118,2,12,37.4131648,-121.9957096,90,5.89,351.1,146,122,197,584,-81,-473,37.4117789,-121.9951222
296670683,2,12,37.4131701,-121.9957104,90,5.78,351.6,146,122,197,573,-77,-484,37.4117789,-121.9951222
296771350,2,12,37.4131752,-121.9957111,91,5.57,352.3,146,122,198,553,-68,-483,37.4117789,-121.9951222
296872107,2,12,37.4131802,-121.9957117,91,5.41,352.8,146,122,198,537,-62,-493,37.4117789,-121.9951222
296972303,2,12,37.4131850,-121.9957123,92,5.27,353.1,146,123,198,524,-60,-503,37.4117789,-121.9951222
297072448,2,12,37.4131897,-121.9957128,92,5.14,353.4,146,123,198,512,-55,-506,37.4117789,-121.9951222
297173939,2,12,37.4131942,-121.9957133,93,4.96,354.2,146,123,198,494,-43,-513,37.4117789,-121.9951222
297212205,2,12,37.4131942,-121.9957133,93,4.96,354.2,146,123,198,494,-43,-513,37.4117789,-121.9951222
297274263,2,12,37.4131987,-121.9957137,93,4.93,354.5,146,123,198,491,-45,-502,37.4117789,-121.9951222
297374401,2,12,37.4132031,-121.9957143,94,5.00,353.4,146,123,198,495,-65,-477,37.4117789,-121.9951222
297474909,2,12,37.4132074,-121.9957151,94,4.82,352.0,146,123,199,476,-79,-457,37.4117789,-121.9951222
297575909,2,12,37.4132116,-121.9957162,95,4.73,349.7,146,123,199,462,-103,-437,37.4117789,-121.9951222
297676526,2,12,37.4132159,-121.9957175,95,4.86,347.6,146,123,199,471,-120,-419,37.4117789,-121.9951222
297777461,2,12,37.4132199,-121.9957191,96,4.73,344.0,146,124,199,445,-158,-402,37.4117789,-121.9951222
297878379,2,12,37.4132237,-121.9957211,96,4.59,339.8,146,124,199,417,-192,-405,37.4117789,-121.9951222
297978053,2,12,37.4132275,-121.9957235,96,4.86,335.4,146,124,200,428,-231,-385,37.4117789,-121.9951222
298078386,2,12,37.4132315,-121.9957262,97,5.35,333.7,146,124,200,474,-248,-349,37.4117789,-121.9951222
298179177,2,12,37.4132356,-121.9957288,97,5.17,333.3,146,124,200,460,-235,-303,37.4117789,-121.9951222
298279187,2,12,37.4132396,-121.9957316,97,5.23,332.0,146,124,200,457,-254,-272,37.4117789,-121.9951222
298379552,2,11,37.4132437,-121.9957347,98,5.51,329.9,151,124,200,468,-290,-246,37.4117789,-121.9951222
298480018,2,11,37.4132479,-121.9957381,98,5.49,328.0,151,124,200,456,-305,-238,37.4117789,-121.9951222
298580344,2,11,37.4132520,-121.9957417,98,5.64,326.0,151,125,201,458,-328,-221,37.4117789,-121.9951222
298680980,2,11,37.4132562,-121.9957456,98,5.85,324.2,151,125,201,466,-354,-217,37.4117789,-121.9951222
298781349,2,11,37.4132603,-121.9957496,98,5.78,322.4,151,125,201,447,-367,-220,37.4117789,-121.9951222
298881597,2,11,37.4132643,-121.9957537,99,5.71,320.6,151,125,201,430,-374,-260,37.4117789,-121.9951222
298961686,2,11,37.4132684,-121.9957579,99,5.91,321.1,151,125,201,463,-367,-241,37.4117789,-121.9951222
299081650,2,11,37.4132726,-121.9957620,99,6.07,321.3,151,125,201,475,-378,-204,37.4117789,-121.9951222
299162209,2,12,37.4132766,-121.9957659,99,6.18,322.4,146,125,201,496,-368,-170,37.4117789,-121.9951222
299283871,2,12,37.4132801,-121.9957686,100,5.94,324.7,146,125,202,495,-326,-141,37.4117789,-121.9951222
299364305,2,12,37.4132839,-121.9957710,100,6.16,328.0,146,125,202,540,-297,-148,37.4117789,-121.9951222
299371557,2,12,37.4132839,-121.9957710,100,6.16,328.0,146,125,202,540,-297,-148,37.4117789,-121.9951222
299465007,2,12,37.4132878,-121.9957733,100,6.19,329.1,146,125,202,537,-307,-155,37.4117789,-121.9951222
299565687,2,12,37.4132921,-121.9957766,100,6.24,327.5,146,125,202,518,-348,-155,37.4117789,-121.9951222
299666679,2,12,37.4132969,-121.9957808,100,6.68,325.0,136,125,201,534,-401,-115,37.4117789,-121.9951222
299767537,2,13,37.4133009,-121.9957855,101,6.87,320.7,131,125,201,493,-478,-94,37.4117789,-121.9951222
299867373,2,12,37.4133043,-121.9957919,101,6.87,309.5,136,125,201,329,-603,-102,37.4117789,-121.9951222
299968063,2,12,37.4133061,-121.9957995,101,7.37,294.1,136,125,200,137,-725,-128,37.4117789,-121.9951222
300068217,2,12,37.4133061,-121.9958083,101,8.23,264.2,136,125,200,-82,-819,-146,37.4117789,-121.9951222
300169786,2,12,37.4133041,-121.9958175,101,8.78,252.3,136,125,200,-266,-836,-149,37.4117789,-121.9951222
300270439,2,12,37.4133008,-121.9958270,101,9.44,244.1,136,126,200,-412,-849,-130,37.4117789,-121.9951222
300371435,2,12,37.4132958,-121.9958363,101,10.39,233.2,136,126,201,-622,-832,-124,37.4117789,-121.9951222
300472267,2,12,37.4132886,-121.9958452,101,11.55,223.3,136,126,201,-840,-793,-101,37.4117789,-121.9951222
300572369,2,12,37.4132796,-121.9958538,101,13.05,215.7,136,127,201,-1058,-763,-91,37.4117789,-121.9951222
300672606,2,12,37.4132688,-121.9958615,101,14.07,208.3,136,127,202,-1238,-668,-65,37.4117789,-121.9951222
300772899,2,12,37.4132569,-121.9958682,101,14.74,202.7,136,128,202,-1358,-571,-31,37.4117789,-121.9951222
300873082,2,12,37.4132433,-121.9958727,101,15.59,194.7,136,128,203,-1508,-397,7,37.4117789,-121.9951222
300973401,2,12,37.4132287,-121.9958752,101,16.36,187.5,136,129,203,-1621,-214,35,37.4117789,-121.9951222
301073990,2,12,37.4132129,-121.9958755,101,17.39,180.9,136,129,204,-1739,-29,60,37.4117789,-121.9951222
301174807,2,12,37.4131967,-121.9958749,101,17.78,178.8,136,130,204,-1778,34,104,37.4117789,-121.9951222
301274992,2,12,37.4131802,-121.9958743,101,18.09,179.6,136,130,204,-1809,10,164,37.4117789,-121.9951222
301376078,2,13,37.4131629,-121.9958735,101,18.82,179.8,131,130,204,-1882,5,187,37.4117789,-121.9951222
301477091,2,12,37.4131458,-121.9958727,100,19.11,177.8,136,130,205,-1910,70,256,37.4117789,-121.9951222
301527101,2,12,37.4131458,-121.9958727,100,19.11,177.8,136,130,205,-1910,70,256,37.4117789,-121.9951222
301577765,2,12,37.4131282,-121.9958713,100,19.77,176.1,136,130,205,-1972,134,267,37.4117789,-121.9951222
301678232,2,12,37.4131105,-121.9958696,100,19.97,175.4,136,130,205,-1991,160,273,37.4117789,-121.9951222
301778779,2,12,37.4130923,-121.9958676,99,20.60,175.0,136,130,205,-2052,178,284,37.4117789,-121.9951222
301879105,2,13,37.4130736,-121.9958654,99,20.93,175.0,131,130,204,-2085,179,258,37.4117789,-121.9951222
301980316,2,13,37.4130545,-121.9958632,99,21.32,175.5,131,130,204,-2125,166,185,37.4117789,-121.9951222
302080902,2,12,37.4130353,-121.9958612,99,21.52,175.4,136,130,204,-2145,172,138,37.4117789,-121.9951222
302161547,2,13,37.4130159,-121.9958589,98,21.59,175.3,131,130,204,-2152,176,121,37.4117789,-121.9951222
302262393,2,13,37.4129964,-121.9958569,98,21.79,175.8,131,130,204,-2173,157,116,37.4117789,-121.9951222
302363129,2,13,37.4129768,-121.9958551,98,21.71,176.5,131,130,204,-2167,132,140,37.4117789,-121.9951222
302463663,2,13,37.4129572,-121.9958534,98,21.98,176.5,131,130,204,-2194,133,153,37.4117789,-121.9951222
302564517,2,13,37.4129374,-121.9958516,98,22.09,176.4,131,130,203,-2204,136,154,37.4117789,-121.9951222
302664827,2,13,37.4129175,-121.9958499,98,22.29,176.5,131,130,203,-2225,135,162,37.4117789,-121.9951222
302765399,2,13,37.4128975,-121.9958483,97,22.27,176.5,131,130,203,-2223,132,179,37.4117789,-121.9951222
302865741,2,13,37.4128775,-121.9958468,97,22.42,176.9,131,130,203,-2239,121,176,37.4117789,-121.9951222
302966193,2,13,37.4128573,-121.9958453,97,22.61,176.8,131,130,203,-2257,125,182,37.4117789,-121.9951222
303066559,2,13,37.4128371,-121.9958439,97,22.67,176.8,131,130,203,-2263,123,208,37.4117789,-121.9951222
303167097,2,13,37.4128167,-121.9958425,96,22.81,177.0,131,130,203,-2278,118,235,37.4117789,-121.9951222
303268025,2,13,37.4127963,-121.9958409,96,22.95,176.5,131,130,202,-2291,136,125,37.4117789,-121.9951222
303369635,2,13,37.4127766,-121.9958387,96,21.97,174.3,131,130,202,-2187,217,-171,37.4117789,-121.9951222
303469903,2,13,37.4127580,-121.9958367,97,20.67,174.9,131,129,202,-2059,181,-344,37.4117789,-121.9951222
303570161,2,13,37.4127399,-121.9958351,97,20.14,176.7,131,129,202,-2011,114,-311,37.4117789,-121.9951222
303670625,2,13,37.4127225,-121.9958343,97,19.14,178.9,131,129,202,-1913,36,-333,37.4117789,-121.9951222
303771444,2,13,37.4127060,-121.9958352,98,18.30,184.1,131,129,202,-1825,-134,-411,37.4117789,-121.9951222
303872482,2,13,37.4126900,-121.9958379,98,18.01,189.0,131,130,202,-1778,-283,-377,37.4117789,-121.9951222
303973048,2,13,37.4126750,-121.9958427,98,17.21,195.8,131,130,203,-1656,-470,-319,37.4117789,-121.9951222
304074237,2,13,37.4126619,-121.9958501,99,15.81,205.6,131,130,203,-1425,-684,-214,37.4117789,-121.9951222
304175229,2,13,37.4126507,-121.9958593,99,14.74,212.7,131,130,203,-1239,-798,-44,37.4117789,-121.9951222
304275860,2,13,37.4126404,-121.9958695,98,14.49,217.9,131,130,204,-1142,-892,132,37.4117789,-121.9951222
304376184,2,13,37.4126315,-121.9958799,98,13.42,222.0,131,131,205,-996,-899,294,37.4117789,-121.9951222
304476933,2,13,37.4126235,-121.9958901,98,12.56,224.0,131,131,205,-902,-873,503,37.4117789,-121.9951222
304577790,2,13,37.4126152,-121.9959002,97,12.49,223.5,131,132,206,-905,-861,742,37.4117789,-121.9951222
304658378,2,13,37.4126069,-121.9959083,95,10.98,216.6,131,132,207,-881,-656,962,37.4117789,-121.9951222
304759097,2,13,37.4125968,-121.9959127,94,11.53,197.2,131,133,208,-1101,-341,1113,37.4117789,-121.9951222
304859853,2,13,37.4125843,-121.9959135,93,13.76,182.1,131,133,209,-1375,-51,1169,37.4117789,-121.9951222
304960627,2,13,37.4125698,-121.9959103,92,16.21,168.7,131,134,210,-1590,315,1189,37.4117789,-121.9951222
305061818,2,13,37.4125531,-121.9959035,90,19.41,161.2,131,134,211,-1838,623,1223,37.4117789,-121.9951222
305162346,2,13,37.4125342,-121.9958933,89,22.84,157.4,131,135,212,-2110,874,1172,37.4117789,-121.9951222
305263594,2,13,37.4125144,-121.9958786,88,25.59,150.4,131,135,213,-2226,1262,1022,37.4117789,-121.9951222
305363960,2,13,37.4124954,-121.9958605,88,26.40,141.3,131,135,214,-2063,1647,864,37.4117789,-121.9951222
305464194,2,13,37.4124778,-121.9958393,87,27.24,134.7,131,136,215,-1919,1933,794,37.4117789,-121.9951222
305564475,2,13,37.4124626,-121.9958149,87,27.41,127.2,131,136,216,-1658,2182,628,37.4117789,-121.9951222
305664800,2,13,37.4124503,-121.9957882,87,27.18,120.5,131,136,217,-1382,2340,369,37.4117789,-121.9951222
305765530,2,13,37.4124414,-121.9957618,88,25.32,112.9,131,137,219,-985,2332,222,37.4117789,-121.9951222
305822977,2,13,37.4124414,-121.9957618,88,25.32,112.9,131,137,219,-985,2332,222,37.4117789,-121.9951222
305866071,2,13,37.4124366,-121.9957360,88,23.47,102.8,131,137,220,-520,2288,138,37.4117789,-121.9951222
305966645,2,13,37.4124353,-121.9957104,88,23.10,92.1,131,138,221,-86,2309,161,37.4117789,-121.9951222
306067596,2,13,37.4124372,-121.9956853,87,22.62,84.0,131,138,222,236,2250,169,37.4117789,-121.9951222
306168506,2,13,37.4124416,-121.9956604,87,22.86,77.3,131,139,224,500,2231,200,37.4117789,-121.9951222
306269771,2,12,37.4124481,-121.9956365,87,22.47,71.7,134,140,226,704,2134,215,37.4117789,-121.9951222
306370692,2,12,37.4124549,-121.9956142,86,21.42,69.0,134,141,227,767,2000,308,37.4117789,-121.9951222
306471840,2,12,37.4124613,-121.9955923,86,20.84,69.0,134,142,229,746,1946,394,37.4117789,-121.9951222
306571755,2,12,37.4124665,-121.9955705,85,20.21,72.2,134,143,231,617,1925,464,37.4117789,-121.9951222
306652541,2,12,37.4124700,-121.9955485,84,19.88,76.7,134,144,232,454,1936,536,37.4117789,-121.9951222
306773044,2,13,37.4124681,-121.9955271,83,19.15,90.9,131,145,233,-31,1915,576,37.4117789,-121.9951222
306853219,2,13,37.4124616,-121.9955039,82,21.31,105.1,131,146,235,-555,2057,655,37.4117789,-121.9951222
306954251,2,13,37.4124493,-121.9954792,81,25.02,118.6,131,147,236,-1201,2195,741,37.4117789,-121.9951222
307054778,2,13,37.4124351,-121.9954541,81,27.08,124.2,131,148,237,-1523,2239,645,37.4117789,-121.9951222
307155340,2,13,37.4124210,-121.9954275,81,28.33,123.7,131,149,238,-1573,2356,568,37.4117789,-121.9951222
307256550,2,13,37.4124076,-121.9953999,81,28.80,122.1,131,150,238,-1533,2438,431,37.4117789,-121.9951222
307357420,2,13,37.4123972,-121.9953712,81,28.10,116.6,131,150,239,-1260,2512,231,37.4117789,-121.9951222
307457875,2,13,37.4123911,-121.9953422,81,26.53,106.4,131,151,239,-753,2544,120,37.4117789,-121.9951222
307558373,2,13,37.4123890,-121.9953141,81,24.75,96.2,131,152,240,-271,2460,147,37.4117789,-121.9951222
307658680,2,13,37.4123901,-121.9952864,80,24.32,87.3,131,153,242,112,2430,257,37.4117789,-121.9951222
307759184,2,13,37.4123923,-121.9952588,80,24.50,84.3,131,153,243,242,2438,297,37.4117789,-121.9951222
307859764,2,13,37.4123957,-121.9952324,80,23.83,80.8,131,154,244,377,2353,364,37.4117789,-121.9951222
307960733,2,13,37.4123986,-121.9952075,79,22.56,80.5,131,155,246,371,2225,487,37.4117789,-121.9951222
307978108,2,13,37.4123986,-121.9952075,79,22.56,80.5,131,155,246,371,2225,487,37.4117789,-121.9951222
308061379,2,13,37.4124016,-121.9951839,78,21.32,80.3,131,156,247,356,2102,566,37.4117789,-121.9951222
308162449,2,13,37.4124027,-121.9951609,77,20.80,84.2,131,157,248,209,2070,716,37.4117789,-121.9951222
308262626,2,13,37.4124030,-121.9951391,75,19.61,86.9,131,158,250,104,1958,850,37.4117789,-121.9951222
308363129,2,13,37.4123971,-121.9951215,74,16.73,104.9,131,159,251,-430,1616,902,37.4117789,-121.9951222
308463645,2,13,37.4123857,-121.9951081,73,15.87,129.7,131,160,253,-1015,1220,923,37.4117789,-121.9951222
308564217,2,13,37.4123688,-121.9951006,71,17.52,155.1,131,162,254,-1590,735,1011,37.4117789,-121.9951222
308664465,2,13,37.4123493,-121.9950963,70,20.10,168.4,131,163,255,-1969,402,971,37.4117789,-121.9951222
308764994,2,13,37.4123279,-121.9950940,70,22.44,175.6,131,164,257,-2238,169,820,37.4117789,-121.9951222
308865544,2,13,37.4123050,-121.9950931,70,24.21,179.9,131,165,258,-2421,4,589,37.4117789,-121.9951222
308965820,2,13,37.4122838,-121.9950927,71,23.51,182.2,131,166,259,-2349,-90,312,37.4117789,-121.9951222
309066821,2,13,37.4122643,-121.9950935,72,21.91,184.6,131,167,260,-2183,-178,75,37.4117789,-121.9951222
309166626,2,13,37.4122464,-121.9950942,73,20.02,185.0,131,168,261,-1994,-177,-149,37.4117789,-121.9951222
309268123,2,13,37.4122293,-121.9950945,74,18.63,184.0,131,169,263,-1858,-131,-361,37.4117789,-121.9951222
309368753,2,13,37.4122127,-121.9950937,75,17.77,181.3,131,169,263,-1777,-42,-603,37.4117789,-121.9951222
309469512,2,13,37.4121971,-121.9950921,77,16.61,178.8,131,170,264,-1660,33,-866,37.4117789,-121.9951222
309569825,2,13,37.4121825,-121.9950919,79,15.65,180.4,131,171,264,-1564,-11,-1071,37.4117789,-121.9951222
309650236,2,13,37.4121670,-121.9950923,81,16.22,182.2,131,171,264,-1621,-63,-1250,37.4117789,-121.9951222
309750596,2,12,37.4121509,-121.9950931,82,16.86,182.0,134,172,264,-1685,-60,-1363,37.4117789,-121.9951222
309851178,2,12,37.4121335,-121.9950939,84,18.29,181.1,134,172,263,-1828,-36,-1402,37.4117789,-121.9951222
309951781,2,12,37.4121164,-121.9950948,85,18.21,180.5,134,172,263,-1821,-18,-1405,37.4117789,-121.9951222
310052884,2,12,37.4121017,-121.9950962,86,16.08,181.4,134,172,263,-1607,-41,-1449,37.4117789,-121.9951222
310130776,2,12,37.4121017,-121.9950962,86,16.08,181.4,134,172,263,-1607,-41,-1449,37.4117789,-121.9951222
310153089,2,12,37.4120872,-121.9950974,88,15.48,181.3,134,173,263,-1548,-37,-1541,37.4117789,-121.9951222
310253571,2,12,37.4120740,-121.9950985,90,14.18,180.8,134,173,264,-1417,-20,-1632,37.4117789,-121.9951222
310354324,2,12,37.4120616,-121.9950987,92,13.19,176.8,134,173,264,-1317,73,-1674,37.4117789,-121.9951222
310474598,2,12,37.4120468,-121.9950958,93,15.05,171.1,134,175,266,-1488,231,-1708,37.4117789,-121.9951222
310555145,2,12,37.4120337,-121.9950932,95,14.45,168.1,134,176,266,-1414,297,-1729,37.4117789,-121.9951222
310655900,2,11,37.4120242,-121.9950911,96,11.68,165.6,140,177,267,-1132,288,-1635,37.4117789,-121.9951222
310756541,2,11,37.4120160,-121.9950884,98,9.96,161.6,140,178,267,-945,313,-1540,37.4117789,-121.9951222
310856726,2,10,37.4120142,-121.9950871,98,5.29,152.8,151,178,268,-471,241,-1301,37.4117789,-121.9951222
310957346,2,10,37.4120139,-121.9950845,99,3.76,127.5,151,179,268,-229,298,-1076,37.4117789,-121.9951222
311058489,2,9,37.4120154,-121.9950811,99,3.75,96.9,160,180,269,-45,372,-846,37.4117789,-121.9951222
311158920,2,9,37.4120182,-121.9950764,98,5.05,86.9,160,181,270,70,500,-565,37.4117789,-121.9951222
311239261,2,9,37.4120222,-121.9950705,98,6.47,78.0,160,181,270,184,620,-290,37.4117789,-121.9951222
311339896,2,9,37.4120270,-121.9950634,97,8.11,70.7,160,181,271,267,765,9,37.4117789,-121.9951222
311461030,2,9,37.4120319,-121.9950556,95,9.00,71.8,160,182,271,281,855,349,37.4117789,-121.9951222
311562285,2,12,37.4120362,-121.9950474,94,9.62,74.0,134,182,270,265,925,625,37.4117789,-121.9951222
311663438,2,13,37.4120398,-121.9950380,92,10.37,72.0,131,182,269,319,986,761,37.4117789,-121.9951222
311763667,2,10,37.4120434,-121.9950277,91,11.19,71.9,151,182,269,347,1064,873,37.4117789,-121.9951222
311864175,2,10,37.4120469,-121.9950153,90,12.65,71.7,151,182,269,396,1201,906,37.4117789,-121.9951222
311964542,2,10,37.4120505,-121.9950005,89,14.51,71.8,151,182,269,452,1379,883,37.4117789,-121.9951222
312065242,2,12,37.4120539,-121.9949829,88,16.44,72.6,135,182,268,491,1568,779,37.4117789,-121.9951222
312166103,2,12,37.4120576,-121.9949630,87,18.58,74.4,135,182,268,498,1789,680,37.4117789,-121.9951222
312266808,2,12,37.4120617,-121.9949418,87,19.31,74.4,135,182,268,516,1861,565,37.4117789,-121.9951222
312290744,2,12,37.4120617,-121.9949418,87,19.31,74.4,135,182,268,516,1861,565,37.4117789,-121.9951222
312367735,2,12,37.4120665,-121.9949198,87,19.63,73.3,135,182,268,561,1881,430,37.4117789,-121.9951222
312468513,2,12,37.4120720,-121.9948981,86,19.69,71.2,135,181,268,632,1865,332,37.4117789,-121.9951222
312548316,2,12,37.4120778,-121.9948771,86,19.47,70.0,135,181,268,664,1830,184,37.4117789,-121.9951222
312648634,2,12,37.4120838,-121.9948570,86,18.92,68.5,135,180,267,691,1762,68,37.4117789,-121.9951222
312748874,2,11,37.4120906,-121.9948377,87,18.22,65.7,145,180,267,749,1661,-41,37.4117789,-121.9951222
312849656,2,12,37.4120980,-121.9948199,87,17.44,62.7,139,179,267,797,1550,-125,37.4117789,-121.9951222
312950385,2,13,37.4121056,-121.9948029,87,17.18,61.9,131,179,266,808,1516,-180,37.4117789,-121.9951222
313051421,2,13,37.4121133,-121.9947861,87,17.26,62.1,131,178,266,807,1526,-174,37.4117789,-121.9951222
313151584,2,13,37.4121222,-121.9947698,87,17.35,61.0,131,177,265,839,1518,-164,37.4117789,-121.9951222
313252249,2,13,37.4121303,-121.9947533,87,17.40,61.4,131,176,264,832,1528,-107,37.4117789,-121.9951222
313353465,2,13,37.4121384,-121.9947366,87,17.45,61.2,131,176,264,838,1530,-50,37.4117789,-121.9951222
313454100,2,12,37.4121467,-121.9947201,87,17.20,60.2,142,175,263,853,1494,-7,37.4117789,-121.9951222
313554745,2,12,37.4121550,-121.9947037,86,17.20,59.0,142,174,263,883,1475,49,37.4117789,-121.9951222
313655609,2,13,37.4121635,-121.9946874,86,17.30,58.2,131,174,262,910,1471,95,37.4117789,-121.9951222
313755798,2,12,37.4121724,-121.9946711,86,17.23,56.6,142,173,261,947,1439,133,37.4117789,-121.9951222
313856484,2,12,37.4121816,-121.9946557,86,16.82,53.6,142,172,260,997,1355,109,37.4117789,-121.9951222
313957062,2,12,37.4121912,-121.9946409,85,16.38,51.1,142,171,259,1027,1275,53,37.4117789,-121.9951222
314058208,2,11,37.4122016,-121.9946267,85,16.20,49.1,149,170,258,1059,1226,9,37.4117789,-121.9951222
314158674,2,12,37.4122121,-121.9946134,85,15.87,47.6,142,170,257,1069,1173,-19,37.4117789,-121.9951222
314259463,2,12,37.4122227,-121.9946005,85,15.61,46.3,142,169,255,1077,1130,-60,37.4117789,-121.9951222
314360592,2,11,37.4122328,-121.9945875,85,15.45,46.7,149,168,254,1059,1124,-63,37.4117789,-121.9951222
314438562,2,11,37.4122328,-121.9945875,85,15.45,46.7,149,168,254,1059,1124,-63,37.4117789,-121.9951222
314461207,2,11,37.4122430,-121.9945746,84,15.68,45.8,149,168,253,1091,1126,-51,37.4117789,-121.9951222
314562786,2,11,37.4122533,-121.9945619,84,15.62,45.2,149,167,252,1099,1109,-18,37.4117789,-121.9951222
314664062,2,12,37.4122634,-121.9945493,84,15.71,45.7,142,167,251,1097,1125,15,37.4117789,-121.9951222
314764676,2,12,37.4122735,-121.9945371,83,15.38,44.5,142,166,250,1096,1078,49,37.4117789,-121.9951222
314845747,2,12,37.4122838,-121.9945253,83,15.14,41.9,133,166,249,1126,1011,25,37.4117789,-121.9951222
314965789,2,12,37.4122942,-121.9945147,83,14.59,38.3,133,165,248,1145,904,-37,37.4117789,-121.9951222
315046221,2,12,37.4123048,-121.9945055,83,14.05,34.1,133,165,248,1162,788,-108,37.4117789,-121.9951222
315146575,2,12,37.4123153,-121.9944976,83,13.33,30.8,133,165,247,1144,684,-179,37.4117789,-121.9951222
315247179,2,12,37.4123256,-121.9944910,84,12.46,26.3,133,164,246,1116,553,-269,37.4117789,-121.9951222
315347899,2,12,37.4123356,-121.9944858,84,11.63,22.1,133,164,246,1077,438,-356,37.4117789,-121.9951222
315448892,2,13,37.4123450,-121.9944824,84,10.66,15.2,131,164,245,1028,280,-409,37.4117789,-121.9951222
315549028,2,13,37.4123538,-121.9944804,85,9.86,11.1,131,163,244,967,191,-440,37.4117789,-121.9951222
315650126,2,13,37.4123621,-121.9944793,85,9.44,7.3,131,163,244,936,120,-444,37.4117789,-121.9951222
315750567,2,13,37.4123704,-121.9944788,86,9.47,4.7,131,163,243,944,78,-434,37.4117789,-121.9951222
315850916,2,13,37.4123788,-121.9944784,86,9.36,4.7,131,163,242,933,78,-391,37.4117789,-121.9951222
315951898,2,13,37.4123870,-121.9944780,86,9.13,4.3,131,162,242,911,68,-389,37.4117789,-121.9951222
316052482,2,13,37.4123951,-121.9944776,87,8.85,3.4,131,162,241,884,52,-401,37.4117789,-121.9951222
316152925,2,13,37.4124031,-121.9944773,87,8.81,4.5,131,162,241,878,69,-389,37.4117789,-121.9951222
316253566,2,13,37.4124113,-121.9944766,87,9.00,5.4,131,162,240,896,84,-355,37.4117789,-121.9951222
316354808,2,13,37.4124194,-121.9944757,87,8.89,7.0,131,161,240,882,109,-346,37.4117789,-121.9951222
316455965,2,13,37.4124275,-121.9944746,88,8.80,8.4,131,161,239,870,130,-361,37.4117789,-121.9951222
316557368,2,13,37.4124356,-121.9944731,88,9.05,11.4,131,161,239,887,179,-343,37.4117789,-121.9951222
316598846,2,13,37.4124356,-121.9944731,88,9.05,11.4,131,161,239,887,179,-343,37.4117789,-121.9951222
316658918,2,13,37.4124439,-121.9944714,88,9.43,12.0,131,160,238,923,197,-279,37.4117789,-121.9951222
316759988,2,13,37.4124524,-121.9944698,88,9.63,11.8,131,160,238,942,198,-199,37.4117789,-121.9951222
316860179,2,13,37.4124609,-121.9944676,88,9.73,15.4,131,160,237,938,259,-134,37.4117789,-121.9951222
316960492,2,13,37.4124696,-121.9944648,88,10.01,17.4,131,159,237,955,301,-92,37.4117789,-121.9951222
317061105,2,13,37.4124783,-121.9944619,88,10.08,18.4,131,159,236,956,318,-34,37.4117789,-121.9951222
317161134,2,13,37.4124874,-121.9944586,88,10.51,20.5,131,159,236,985,368,53,37.4117789,-121.9951222
317261720,2,13,37.4124963,-121.9944542,88,10.84,25.0,131,159,236,982,458,107,37.4117789,-121.9951222
317362380,2,13,37.4125053,-121.9944485,87,11.28,30.7,131,159,235,970,576,102,37.4117789,-121.9951222
317442764,2,13,37.4125142,-121.9944415,87,11.89,35.5,131,158,235,967,691,83,37.4117789,-121.9951222
317543495,2,13,37.4125230,-121.9944331,87,12.30,39.9,131,158,234,942,790,22,37.4117789,-121.9951222
317644726,2,13,37.4125316,-121.9944239,87,12.81,42.8,131,158,234,938,871,-26,37.4117789,-121.9951222
317745135,2,13,37.4125400,-121.9944136,87,12.74,45.8,131,158,233,888,914,-47,37.4117789,-121.9951222
317845994,2,13,37.4125484,-121.9944028,87,13.24,48.5,131,157,231,877,992,-66,37.4117789,-121.9951222
317946543,2,13,37.4125568,-121.9943915,86,13.51,50.2,131,157,230,864,1039,-79,37.4117789,-121.9951222
318047096,2,13,37.4125647,-121.9943797,86,13.67,53.1,131,156,229,820,1093,-50,37.4117789,-121.9951222
318148122,2,13,37.4125725,-121.9943673,86,14.02,55.2,131,156,229,799,1152,-51,37.4117789,-121.9951222
318249081,2,13,37.4125801,-121.9943543,86,14.39,57.1,131,155,228,779,1209,-14,37.4117789,-121.9951222
318349702,2,13,37.4125875,-121.9943411,86,14.60,58.8,131,154,227,755,1249,47,37.4117789,-121.9951222
318450579,2,13,37.4125947,-121.9943273,86,14.93,61.1,131,154,226,719,1308,90,37.4117789,-121.9951222
318551517,2,13,37.4126012,-121.9943128,85,15.13,63.5,131,154,226,673,1355,148,37.4117789,-121.9951222
318652468,2,13,37.4126074,-121.9942976,85,15.54,66.6,131,153,225,617,1426,191,37.4117789,-121.9951222
318753124,2,13,37.4126130,-121.9942816,85,15.99,69.3,131,153,225,564,1497,238,37.4117789,-121.9951222
318760811,2,13,37.4126130,-121.9942816,85,15.99,69.3,131,153,225,564,1497,238,37.4117789,-121.9951222
318853481,2,13,37.4126177,-121.9942647,84,16.44,73.9,131,152,224,454,1580,257,37.4117789,-121.9951222
318953411,2,13,37.4126216,-121.9942468,84,16.85,77.3,131,152,224,367,1644,304,37.4117789,-121.9951222
319053745,2,13,37.4126250,-121.9942284,83,17.16,80.8,131,151,224,271,1695,418,37.4117789,-121.9951222
319154394,2,13,37.4126276,-121.9942095,83,17.48,84.0,131,150,223,182,1739,511,37.4117789,-121.9951222
319255501,2,13,37.4126295,-121.9941907,82,17.71,88.7,131,150,223,38,1771,619,37.4117789,-121.9951222
319355816,2,13,37.4126293,-121.9941710,81,18.35,95.4,131,149,223,-175,1826,736,37.4117789,-121.9951222
319456499,2,13,37.4126272,-121.9941512,80,18.81,103.1,131,148,223,-429,1831,837,37.4117789,-121.9951222
319557569,2,13,37.4126232,-121.9941322,79,18.45,109.0,131,148,222,-601,1744,918,37.4117789,-121.9951222
319658150,2,12,37.4126154,-121.9941128,78,19.78,119.6,136,148,222,-978,1720,1025,37.4117789,-121.9951222
319758684,2,13,37.4126051,-121.9940940,77,20.27,127.8,131,148,222,-1245,1600,1078,37.4117789,-121.9951222
319859698,2,13,37.4125926,-121.9940768,76,20.62,135.4,131,147,221,-1470,1446,1128,37.4117789,-121.9951222
319959636,2,13,37.4125783,-121.9940620,74,20.46,142.5,131,147,220,-1624,1245,1197,37.4117789,-121.9951222
320040543,2,13,37.4125633,-121.9940495,73,19.91,149.2,131,147,220,-1711,1018,1248,37.4117789,-121.9951222
320141301,2,13,37.4125475,-121.9940398,71,19.48,156.2,131,147,219,-1783,785,1280,37.4117789,-121.9951222
320241906,2,13,37.4125310,-121.9940334,70,18.96,165.8,131,147,218,-1838,464,1310,37.4117789,-121.9951222
320342439,2,13,37.4125149,-121.9940300,68,18.28,174.6,131,147,217,-1820,171,1354,37.4117789,-121.9951222
320442884,2,13,37.4124993,-121.9940299,67,17.67,183.9,131,147,216,-1763,-121,1372,37.4117789,-121.9951222
320543415,2,13,37.4124844,-121.9940327,65,17.43,193.1,131,146,216,-1697,-396,1352,37.4117789,-121.9951222
320643993,2,13,37.4124706,-121.9940385,64,16.86,202.2,131,146,215,-1560,-639,1312,37.4117789,-121.9951222
320744031,2,12,37.4124575,-121.9940471,62,16.87,211.1,145,146,214,-1443,-873,1239,37.4117789,-121.9951222
320844644,2,12,37.4124454,-121.9940578,61,16.86,217.7,145,146,213,-1333,-1032,1151,37.4117789,-121.9951222
320919372,2,12,37.4124454,-121.9940578,61,16.86,217.7,145,146,213,-1333,-1032,1151,37.4117789,-121.9951222
320946127,2,12,37.4124342,-121.9940703,60,16.89,223.8,145,146,212,-1218,-1170,1044,37.4117789,-121.9951222
321046945,2,12,37.4124239,-121.9940843,59,16.85,228.7,145,146,211,-1110,-1268,947,37.4117789,-121.9951222
321147301,2,12,37.4124144,-121.9940990,57,16.86,232.3,145,145,210,-1031,-1335,851,37.4117789,-121.9951222
321247548,2,12,37.4124054,-121.9941145,57,16.79,234.4,145,145,209,-977,-1366,793,37.4117789,-121.9951222
321347869,2,12,37.4123969,-121.9941299,56,16.40,235.7,145,145,208,-923,-1355,796,37.4117789,-121.9951222
321448901,2,12,37.4123885,-121.9941450,55,16.07,235.2,145,144,207,-916,-1320,797,37.4117789,-121.9951222
321549192,2,12,37.4123805,-121.9941597,54,15.88,234.9,145,144,206,-912,-1300,814,37.4117789,-121.9951222
321649728,2,12,37.4123723,-121.9941744,53,15.55,234.2,145,143,206,-909,-1262,862,37.4117789,-121.9951222
321750186,2,12,37.4123644,-121.9941884,51,14.73,233.4,145,143,205,-878,-1183,950,37.4117789,-121.9951222
321851863,2,12,37.4123567,-121.9942017,50,14.15,232.4,145,143,205,-862,-1122,1029,37.4117789,-121.9951222
321953201,2,12,37.4123491,-121.9942146,49,14.15,231.7,145,143,204,-875,-1111,1053,37.4117789,-121.9951222
322054177,2,12,37.4123412,-121.9942274,48,14.38,230.9,145,142,204,-906,-1117,1055,37.4117789,-121.9951222
322154479,2,12,37.4123333,-121.9942403,47,14.41,232.1,145,142,203,-883,-1139,1044,37.4117789,-121.9951222
322255012,2,12,37.4123258,-121.9942534,46,14.49,234.1,145,142,203,-849,-1174,999,37.4117789,-121.9951222
322355517,2,12,37.4123186,-121.9942671,45,14.72,236.8,145,141,202,-805,-1232,897,37.4117789,-121.9951222
322456347,2,12,37.4123118,-121.9942814,44,15.12,239.6,145,141,201,-765,-1304,764,37.4117789,-121.9951222
322557243,2,12,37.4123054,-121.9942962,43,15.27,242.0,145,141,201,-715,-1348,600,37.4117789,-121.9951222
322637769,2,12,37.4122996,-121.9943113,43,14.96,244.0,145,141,200,-654,-1345,463,37.4117789,-121.9951222
322758341,2,12,37.4122939,-121.9943264,42,14.80,245.0,145,140,199,-623,-1342,387,37.4117789,-121.9951222
322839300,2,12,37.4122885,-121.9943413,42,14.39,245.8,145,140,199,-589,-1313,304,37.4117789,-121.9951222
322940445,2,12,37.4122834,-121.9943559,42,13.86,245.8,145,140,199,-567,-1264,231,37.4117789,-121.9951222
323041672,2,12,37.4122781,-121.9943703,42,13.95,244.3,145,140,198,-604,-1257,121,37.4117789,-121.9951222
323083043,2,12,37.4122781,-121.9943703,42,13.95,244.3,145,140,198,-604,-1257,121,37.4117789,-121.9951222
323142726,2,12,37.4122726,-121.9943845,42,13.79,243.2,145,140,198,-620,-1231,58,37.4117789,-121.9951222
323243341,2,13,37.4122669,-121.9943984,41,13.64,242.9,131,140,198,-621,-1214,50,37.4117789,-121.9951222
323343371,2,13,37.4122612,-121.9944118,41,13.14,241.2,131,140,198,-631,-1152,54,37.4117789,-121.9951222
323443571,2,13,37.4122554,-121.9944245,41,12.78,239.6,131,140,198,-646,-1103,21,37.4117789,-121.9951222
323544366,2,13,37.4122497,-121.9944366,41,12.28,238.1,131,140,198,-648,-1043,16,37.4117789,-121.9951222
323644886,2,13,37.4122439,-121.9944482,41,11.98,237.2,131,140,198,-648,-1008,31,37.4117789,-121.9951222
323745462,2,12,37.4122380,-121.9944595,41,11.89,235.6,133,140,198,-670,-982,44,37.4117789,-121.9951222
323845555,2,12,37.4122323,-121.9944705,41,11.58,235.8,133,140,198,-650,-958,37,37.4117789,-121.9951222
323945765,2,12,37.4122265,-121.9944811,41,11.19,235.2,133,140,198,-637,-920,96,37.4117789,-121.9951222
324046252,2,12,37.4122208,-121.9944914,41,10.95,234.9,133,140,198,-628,-897,142,37.4117789,-121.9951222
324146817,2,13,37.4122149,-121.9945015,40,10.73,234.0,131,140,198,-630,-869,168,37.4117789,-121.9951222
324247145,2,13,37.4122091,-121.9945114,40,10.65,233.4,131,140,198,-634,-855,204,37.4117789,-121.9951222
324348232,2,13,37.4122035,-121.9945211,40,10.41,233.2,131,140,198,-622,-835,200,37.4117789,-121.9951222
324448244,2,13,37.4121981,-121.9945307,40,10.17,235.1,131,140,198,-581,-834,204,37.4117789,-121.9951222
324548641,2,13,37.4121930,-121.9945401,39,9.89,234.9,131,140,198,-568,-810,224,37.4117789,-121.9951222
324649879,2,13,37.4121880,-121.9945493,39,9.72,234.8,131,140,198,-560,-794,263,37.4117789,-121.9951222
324750492,2,13,37.4121830,-121.9945583,39,9.56,234.9,131,140,198,-548,-783,280,37.4117789,-121.9951222
324850721,2,13,37.4121782,-121.9945674,38,9.41,235.5,131,140,198,-532,-776,295,37.4117789,-121.9951222
324951257,2,13,37.4121734,-121.9945762,38,9.28,235.1,131,140,198,-530,-762,300,37.4117789,-121.9951222
325051566,2,13,37.4121689,-121.9945850,38,9.25,236.4,131,140,198,-511,-771,291,37.4117789,-121.9951222
325152438,2,13,37.4121645,-121.9945937,37,9.13,236.9,131,140,198,-498,-766,287,37.4117789,-121.9951222
325237986,2,13,37.4121645,-121.9945937,37,9.13,236.9,131,140,198,-498,-766,287,37.4117789,-121.9951222
325252603,2,13,37.4121603,-121.9946024,37,8.81,237.7,131,140,198,-470,-745,288,37.4117789,-121.9951222
325352660,2,13,37.4121562,-121.9946109,36,8.67,239.3,131,140,198,-442,-745,293,37.4117789,-121.9951222
325453763,2,13,37.4121524,-121.9946193,36,8.47,239.1,131,139,198,-433,-727,297,37.4117789,-121.9951222
325553932,2,13,37.4121487,-121.9946275,36,8.33,238.9,131,139,198,-429,-714,305,37.4117789,-121.9951222
325634454,2,13,37.4121450,-121.9946356,35,8.20,240.5,131,139,198,-403,-714,310,37.4117789,-121.9951222
325735465,2,13,37.4121415,-121.9946437,35,8.17,240.6,131,139,198,-401,-712,298,37.4117789,-121.9951222
325835197,2,13,37.4121380,-121.9946518,35,8.08,241.0,131,139,198,-391,-706,300,37.4117789,-121.9951222
325935843,2,13,37.4121348,-121.9946598,34,7.95,242.4,131,139,198,-368,-704,284,37.4117789,-121.9951222
326035930,2,13,37.4121317,-121.9946677,34,7.82,243.0,131,139,198,-354,-697,290,37.4117789,-121.9951222
326136205,2,13,37.4121288,-121.9946755,34,7.61,243.6,131,139,198,-338,-682,292,37.4117789,-121.9951222
326236901,2,13,37.4121260,-121.9946832,33,7.42,244.7,131,139,198,-317,-671,301,37.4117789,-121.9951222
326337331,2,13,37.4121233,-121.9946907,33,7.28,244.8,131,139,198,-307,-660,312,37.4117789,-121.9951222
326438161,2,13,37.4121208,-121.9946982,33,7.28,245.4,131,139,198,-296,-665,318,37.4117789,-121.9951222
326539156,2,13,37.4121183,-121.9947056,32,7.15,245.7,131,139,197,-291,-654,310,37.4117789,-121.9951222
326639468,2,13,37.4121158,-121.9947130,32,7.13,245.8,131,139,197,-290,-651,310,37.4117789,-121.9951222
326740098,2,13,37.4121135,-121.9947203,31,7.05,246.5,131,139,197,-272,-650,298,37.4117789,-121.9951222
326840398,2,13,37.4121113,-121.9947276,31,6.83,247.1,131,139,197,-258,-632,274,37.4117789,-121.9951222
326941152,2,13,37.4121091,-121.9947347,31,6.73,247.5,131,138,197,-252,-624,313,37.4117789,-121.9951222
327041634,2,13,37.4121071,-121.9947419,30,6.62,248.7,131,138,197,-226,-622,329,37.4117789,-121.9951222
327143351,2,13,37.4121052,-121.9947488,30,6.44,249.3,131,138,197,-221,-605,354,37.4117789,-121.9951222
327243937,2,13,37.4121033,-121.9947557,30,6.45,249.8,131,138,197,-217,-608,380,37.4117789,-121.9951222
327344489,2,13,37.4121016,-121.9947626,29,6.39,250.1,131,138,197,-215,-602,385,37.4117789,-121.9951222
327397815,2,13,37.4121016,-121.9947626,29,6.39,250.1,131,138,197,-215,-602,385,37.4117789,-121.9951222
327444983,2,13,37.4120998,-121.9947693,29,6.27,250.7,131,138,197,-201,-594,384,37.4117789,-121.9951222
327545729,2,13,37.4120982,-121.9947761,28,6.20,251.4,131,138,196,-189,-590,372,37.4117789,-121.9951222
327646314,2,13,37.4120966,-121.9947829,28,6.33,252.0,131,138,196,-188,-604,368,37.4117789,-121.9951222
327746815,2,13,37.4120950,-121.9947898,27,6.22,252.1,131,138,196,-190,-592,384,37.4117789,-121.9951222
327847078,2,13,37.4120931,-121.9947967,27,6.39,250.6,131,138,196,-225,-598,392,37.4117789,-121.9951222
327947797,2,13,37.4120908,-121.9948038,26,6.83,247.7,131,138,196,-284,-621,401,37.4117789,-121.9951222
328047953,2,13,37.4120881,-121.9948111,26,7.16,243.2,131,138,196,-322,-639,419,37.4117789,-121.9951222
328148441,2,13,37.4120849,-121.9948186,26,7.50,238.9,131,138,196,-386,-642,423,37.4117789,-121.9951222
328249364,2,13,37.4120812,-121.9948259,25,7.73,235.7,131,137,196,-435,-639,424,37.4117789,-121.9951222
328350069,2,13,37.4120773,-121.9948333,25,7.79,235.8,131,137,196,-437,-645,463,37.4117789,-121.9951222
328450237,2,13,37.4120734,-121.9948406,24,7.73,234.8,131,137,196,-445,-632,505,37.4117789,-121.9951222
328550563,2,13,37.4120694,-121.9948479,23,7.90,233.9,131,137,196,-465,-638,526,37.4117789,-121.9951222
328651243,2,13,37.4120651,-121.9948553,23,8.17,232.9,131,137,195,-492,-652,530,37.4117789,-121.9951222
328731517,2,13,37.4120606,-121.9948629,22,8.46,231.4,131,137,195,-527,-662,511,37.4117789,-121.9951222
328832387,2,13,37.4120558,-121.9948706,22,8.79,230.9,131,137,195,-553,-682,490,37.4117789,-121.9951222
328933701,2,13,37.4120509,-121.9948788,21,9.27,231.2,131,137,195,-580,-722,425,37.4117789,-121.9951222
329034330,2,13,37.4120460,-121.9948873,21,9.38,233.8,131,137,195,-553,-758,406,37.4117789,-121.9951222
329135374,2,13,37.4120412,-121.9948960,20,9.29,235.3,131,137,195,-529,-764,434,37.4117789,-121.9951222
329236759,2,13,37.4120364,-121.9949045,20,9.18,234.3,131,137,195,-534,-747,499,37.4117789,-121.9951222
329337062,2,13,37.4120312,-121.9949128,19,9.44,230.2,131,137,195,-604,-726,461,37.4117789,-121.9951222
329437489,2,13,37.4120256,-121.9949212,19,9.96,228.8,131,137,195,-655,-750,397,37.4117789,-121.9951222
329538461,2,13,37.4120197,-121.9949298,19,10.27,228.5,131,137,195,-680,-769,386,37.4117789,-121.9951222
329556018,2,13,37.4120197,-121.9949298,19,10.27,228.5,131,137,195,-680,-769,386,37.4117789,-121.9951222
329639403,2,13,37.4120136,-121.9949386,18,10.50,227.8,131,137,195,-704,-778,353,37.4117789,-121.9951222
329740346,2,13,37.4120073,-121.9949476,18,10.75,227.3,131,137,195,-728,-790,272,37.4117789,-121.9951222
329841852,2,13,37.4120010,-121.9949567,17,10.85,227.7,131,137,195,-729,-802,216,37.4117789,-121.9951222
329942751,2,13,37.4119946,-121.9949660,17,10.80,229.2,131,137,195,-705,-817,234,37.4117789,-121.9951222
330042817,2,13,37.4119884,-121.9949753,17,10.64,229.5,131,137,195,-690,-810,267,37.4117789,-121.9951222
330142968,2,13,37.4119822,-121.9949846,16,10.77,229.1,131,137,195,-705,-814,274,37.4117789,-121.9951222
330244043,2,13,37.4119762,-121.9949940,16,10.66,230.7,131,137,195,-674,-825,266,37.4117789,-121.9951222
330344526,2,13,37.4119702,-121.9950036,16,10.69,231.5,131,137,195,-664,-838,278,37.4117789,-121.9951222
330444953,2,13,37.4119646,-121.9950133,15,10.61,233.2,131,137,196,-635,-850,274,37.4117789,-121.9951222
330545370,2,13,37.4119593,-121.9950232,15,10.59,236.2,131,137,195,-588,-880,239,37.4117789,-121.9951222
330646270,2,13,37.4119544,-121.9950334,15,10.52,238.8,131,137,195,-544,-900,234,37.4117789,-121.9951222
330747164,2,13,37.4119500,-121.9950437,14,10.26,241.9,131,137,196,-483,-905,272,37.4117789,-121.9951222
330847178,2,13,37.4119459,-121.9950540,14,10.13,243.1,131,137,195,-458,-904,289,37.4117789,-121.9951222
330947678,2,13,37.4119422,-121.9950644,14,9.96,245.5,131,137,195,-411,-907,290,37.4117789,-121.9951222
331048625,2,13,37.4119388,-121.9950749,13,9.96,248.0,131,137,195,-373,-924,271,37.4117789,-121.9951222
331130380,2,13,37.4119360,-121.9950856,13,9.89,252.1,131,137,195,-302,-942,242,37.4117789,-121.9951222
331231154,2,13,37.4119334,-121.9950964,13,9.89,253.2,131,137,195,-285,-947,229,37.4117789,-121.9951222
331331557,2,13,37.4119312,-121.9951072,13,9.65,255.0,131,137,195,-249,-933,218,37.4117789,-121.9951222
331432203,2,13,37.4119290,-121.9951177,12,9.41,255.1,131,137,195,-241,-909,292,37.4117789,-121.9951222
331532963,2,13,37.4119268,-121.9951279,12,9.17,254.1,131,137,195,-250,-882,374,37.4117789,-121.9951222
331633883,2,13,37.4119245,-121.9951378,11,8.96,253.6,131,137,195,-252,-860,382,37.4117789,-121.9951222
331719070,2,13,37.4119245,-121.9951378,11,8.96,253.6,131,137,195,-252,-860,382,37.4117789,-121.9951222
331734931,2,13,37.4119224,-121.9951477,11,9.03,254.3,131,137,195,-243,-869,367,37.4117789,-121.9951222
331835302,2,13,37.4119204,-121.9951576,11,8.99,254.7,131,137,195,-235,-867,341,37.4117789,-121.9951222
331935681,2,13,37.4119184,-121.9951673,10,8.77,255.2,131,137,195,-223,-848,327,37.4117789,-121.9951222
332036229,2,13,37.4119165,-121.9951771,10,8.92,254.6,131,137,195,-236,-860,294,37.4117789,-121.9951222
332137934,2,13,37.4119145,-121.9951869,10,8.93,254.9,131,137,195,-232,-863,240,37.4117789,-121.9951222
332238639,2,13,37.4119126,-121.9951967,9,8.83,256.2,131,137,195,-210,-858,194,37.4117789,-121.9951222
332339114,2,13,37.4119109,-121.9952066,9,8.92,257.6,131,137,195,-191,-872,215,37.4117789,-121.9951222
332440044,2,13,37.4119091,-121.9952164,9,8.87,257.0,131,137,195,-198,-864,236,37.4117789,-121.9951222
332541053,2,13,37.4119074,-121.9952262,9,8.96,257.2,131,137,195,-198,-873,213,37.4117789,-121.9951222
332641433,2,13,37.4119058,-121.9952361,8,8.87,258.6,131,137,195,-174,-870,166,37.4117789,-121.9951222
332741972,2,13,37.4119043,-121.9952462,8,9.13,258.9,131,137,195,-174,-896,146,37.4117789,-121.9951222
332842817,2,13,37.4119031,-121.9952564,8,9.07,261.9,131,137,195,-127,-898,165,37.4117789,-121.9951222
332943545,2,13,37.4119022,-121.9952665,8,8.79,264.0,131,137,195,-91,-874,165,37.4117789,-121.9951222
333043806,2,13,37.4119018,-121.9952764,8,8.71,266.3,131,137,195,-55,-869,148,37.4117789,-121.9951222
333144361,2,13,37.4119019,-121.9952859,7,8.16,270.9,131,137,195,14,-816,110,37.4117789,-121.9951222
333224909,2,13,37.4119027,-121.9952951,7,8.00,278.3,131,137,194,116,-792,77,37.4117789,-121.9951222
333345508,2,13,37.4119041,-121.9953043,7,8.19,280.3,130,137,194,147,-806,54,37.4117789,-121.9951222
333426162,2,13,37.4119058,-121.9953132,7,7.86,282.2,130,137,194,192,-762,42,37.4117789,-121.9951222
333526802,2,13,37.4119082,-121.9953219,7,7.89,286.5,130,137,195,270,-741,38,37.4117789,-121.9951222
333627053,2,13,37.4119114,-121.9953299,7,7.77,292.6,130,137,195,365,-686,25,37.4117789,-121.9951222
333727591,2,13,37.4119152,-121.9953369,7,7.42,299.3,130,137,195,438,-599,15,37.4117789,-121.9951222
333828541,2,13,37.4119195,-121.9953430,7,7.06,305.2,130,137,195,473,-523,18,37.4117789,-121.9951222
333875182,2,13,37.4119195,-121.9953430,7,7.06,305.2,130,137,195,473,-523,18,37.4117789,-121.9951222
333929237,2,13,37.4119244,-121.9953484,7,7.29,313.5,130,137,195,563,-463,-11,37.4117789,-121.9951222
334029523,2,13,37.4119297,-121.9953529,7,6.98,320.7,130,137,195,589,-374,-13,37.4117789,-121.9951222
334129974,2,13,37.4119354,-121.9953568,7,7.17,326.8,130,137,194,634,-333,4,37.4117789,-121.9951222
334230832,2,13,37.4119415,-121.9953601,7,7.23,332.7,130,137,194,673,-265,-7,37.4117789,-121.9951222
334331197,2,13,37.4119476,-121.9953627,7,6.98,337.0,130,137,194,664,-215,2,37.4117789,-121.9951222
334431639,2,13,37.4119541,-121.9953650,7,7.11,341.9,130,137,194,691,-170,-45,37.4117789,-121.9951222
334532201,2,13,37.4119607,-121.9953668,7,7.15,345.9,130,136,193,702,-132,-53,37.4117789,-121.9951222
334632859,2,13,37.4119670,-121.9953681,7,6.93,348.3,130,136,193,684,-112,-69,37.4117789,-121.9951222
334733508,2,13,37.4119732,-121.9953691,7,6.76,350.1,130,136,193,670,-92,-84,37.4117789,-121.9951222
334834146,2,13,37.4119793,-121.9953700,7,6.65,351.0,130,136,193,658,-92,-155,37.4117789,-121.9951222
334934380,2,13,37.4119850,-121.9953711,7,6.23,349.9,130,136,193,612,-120,-166,37.4117789,-121.9951222
335034669,2,13,37.4119907,-121.9953722,7,6.26,350.8,130,136,193,620,-88,-181,37.4117789,-121.9951222
335135195,2,13,37.4119963,-121.9953731,8,6.26,352.7,130,136,193,623,-61,-192,37.4117789,-121.9951222
335236250,2,13,37.4120021,-121.9953737,8,6.36,355.1,130,136,193,635,-32,-179,37.4117789,-121.9951222
335337104,2,13,37.4120078,-121.9953741,8,6.35,356.8,130,136,193,635,-12,-160,37.4117789,-121.9951222
335437676,2,13,37.4120135,-121.9953742,8,6.25,358.3,130,136,193,625,0,-139,37.4117789,-121.9951222
335538169,2,13,37.4120191,-121.9953743,8,6.22,359.1,130,136,194,622,0,-105,37.4117789,-121.9951222
335638884,2,13,37.4120250,-121.9953741,8,6.39,0.9,130,136,194,639,29,-125,37.4117789,-121.9951222
335739116,2,13,37.4120307,-121.9953734,8,6.01,4.1,130,136,194,596,75,-154,37.4117789,-121.9951222
335840044,2,13,37.4120362,-121.9953725,9,6.14,6.0,130,136,194,608,83,-170,37.4117789,-121.9951222
335940045,2,13,37.4120419,-121.9953711,9,6.46,10.3,130,136,193,628,147,-152,37.4117789,-121.9951222
336020313,2,13,37.4120479,-121.9953695,9,6.51,12.9,130,135,193,629,170,-136,37.4117789,-121.9951222
336034296,2,13,37.4120479,-121.9953695,9,6.51,12.9,130,135,193,629,170,-136,37.4117789,-121.9951222
336141271,2,13,37.4120534,-121.9953676,9,6.05,15.4,130,135,193,572,197,-136,37.4117789,-121.9951222
336242004,2,13,37.4120584,-121.9953654,9,5.90,18.2,130,135,193,548,217,-124,37.4117789,-121.9951222
336342517,2,13,37.4120634,-121.9953628,9,5.82,22.0,130,135,193,524,253,-159,37.4117789,-121.9951222
336422696,2,13,37.4120684,-121.9953596,9,6.34,26.2,130,135,193,551,313,-169,37.4117789,-121.9951222
336523117,2,13,37.4120734,-121.9953568,9,6.14,25.8,130,135,193,554,264,-113,37.4117789,-121.9951222
336623383,2,13,37.4120783,-121.9953536,9,6.08,28.1,130,135,193,526,304,-79,37.4117789,-121.9951222
336723583,2,13,37.4120831,-121.9953498,9,6.22,31.6,130,135,193,507,360,-80,37.4117789,-121.9951222
336823921,2,13,37.4120878,-121.9953454,9,6.56,35.3,130,135,193,514,406,-81,37.4117789,-121.9951222
336924268,2,13,37.4120923,-121.9953402,10,6.69,40.9,130,135,193,462,484,-120,37.4117789,-121.9951222
337024836,2,13,37.4120965,-121.9953345,10,6.98,44.1,130,135,193,475,512,-116,37.4117789,-121.9951222
337126025,2,13,37.4121008,-121.9953284,10,7.03,46.6,130,135,193,460,530,-100,37.4117789,-121.9951222
337226209,2,13,37.4121050,-121.9953223,10,6.89,48.1,130,135,193,448,524,-85,37.4117789,-121.9951222
337326728,2,13,37.4121092,-121.9953164,10,6.82,48.8,130,135,193,443,518,-61,37.4117789,-121.9951222
337427550,2,13,37.4121133,-121.9953106,10,6.70,48.7,130,135,193,442,503,-51,37.4117789,-121.9951222
337528514,2,13,37.4121175,-121.9953050,10,6.60,48.3,130,135,193,442,490,-46,37.4117789,-121.9951222
337628542,2,13,37.4121216,-121.9952993,10,6.66,49.4,130,134,192,423,513,-51,37.4117789,-121.9951222
337729207,2,13,37.4121255,-121.9952935,10,6.66,50.6,130,134,192,411,524,-31,37.4117789,-121.9951222
337829853,2,13,37.4121293,-121.9952876,10,6.66,51.1,130,134,191,414,521,-17,37.4117789,-121.9951222
337930554,2,13,37.4121331,-121.9952819,10,6.55,50.9,130,134,191,413,508,-20,37.4117789,-121.9951222
338031342,2,13,37.4121368,-121.9952762,10,6.25,51.5,130,134,191,384,493,-47,37.4117789,-121.9951222
338132076,2,13,37.4121404,-121.9952707,10,6.33,51.6,130,134,191,392,497,-62,37.4117789,-121.9951222
338195466,2,13,37.4121404,-121.9952707,10,6.33,51.6,130,134,191,392,497,-62,37.4117789,-121.9951222
338233129,2,13,37.4121444,-121.9952652,10,6.53,51.4,130,133,190,409,509,-50,37.4117789,-121.9951222
338333972,2,13,37.4121483,-121.9952599,10,6.20,50.3,130,133,190,405,469,-45,37.4117789,-121.9951222
338434059,2,13,37.4121522,-121.9952550,10,6.23,49.1,130,133,190,417,463,-5,37.4117789,-121.9951222
338534478,2,13,37.4121563,-121.9952502,10,6.45,46.5,130,133,190,462,450,43,37.4117789,-121.9951222
338635490,2,13,37.4121608,-121.9952458,10,6.17,42.4,130,132,189,485,380,57,37.4117789,-121.9951222
338736775,2,13,37.4121654,-121.9952423,9,5.92,37.8,130,132,189,500,317,73,37.4117789,-121.9951222
338837203,2,13,37.4121702,-121.9952393,9,5.91,32.6,130,132,189,522,276,74,37.4117789,-121.9951222
338937560,2,13,37.4121751,-121.9952367,9,6.00,28.3,130,132,189,548,244,97,37.4117789,-121.9951222
339038534,2,13,37.4121804,-121.9952347,9,6.20,22.1,130,132,188,594,179,118,37.4117789,-121.9951222
339119033,2,13,37.4121861,-121.9952334,9,6.44,16.2,130,132,188,633,118,140,37.4117789,-121.9951222
339220081,2,13,37.4121920,-121.9952325,9,6.52,11.0,130,132,188,648,67,157,37.4117789,-121.9951222
339321065,2,13,37.4121982,-121.9952322,8,7.06,5.4,130,132,188,705,26,97,37.4117789,-121.9951222
339422113,2,13,37.4122048,-121.9952325,8,7.41,1.2,130,132,188,741,-24,90,37.4117789,-121.9951222
339522833,2,13,37.4122116,-121.9952330,8,7.67,359.0,130,131,187,766,-38,103,37.4117789,-121.9951222
339623351,2,13,37.4122187,-121.9952338,8,8.13,356.3,130,131,187,812,-51,125,37.4117789,-121.9951222
339723774,2,13,37.4122261,-121.9952348,8,8.40,354.8,130,131,186,836,-75,121,37.4117789,-121.9951222
339824727,2,13,37.4122340,-121.9952357,8,8.87,354.8,130,131,186,884,-79,37,37.4117789,-121.9951222
339924743,2,13,37.4122419,-121.9952365,8,8.82,354.5,130,131,186,878,-83,-55,37.4117789,-121.9951222
340025433,2,13,37.4122501,-121.9952371,8,8.91,357.5,130,131,186,891,-38,-104,37.4117789,-121.9951222
340126116,2,13,37.4122583,-121.9952377,8,9.27,357.5,130,131,186,927,-40,-85,37.4117789,-121.9951222
340226642,2,13,37.4122668,-121.9952383,8,9.33,356.0,130,131,186,931,-63,-83,37.4117789,-121.9951222
340327037,2,13,37.4122751,-121.9952386,8,9.02,359.6,130,131,186,902,-5,-103,37.4117789,-121.9951222
340344053,2,13,37.4122751,-121.9952386,8,9.02,359.6,130,131,186,902,-5,-103,37.4117789,-121.9951222
340428103,2,13,37.4122832,-121.9952381,8,8.86,4.8,130,131,186,883,74,-169,37.4117789,-121.9951222
340529256,2,13,37.4122909,-121.9952365,9,8.35,10.9,130,131,186,819,158,-260,37.4117789,-121.9951222
340630476,2,13,37.4122977,-121.9952335,9,7.49,23.2,130,131,186,688,296,-378,37.4117789,-121.9951222
340731159,2,13,37.4123036,-121.9952290,10,7.37,35.9,130,131,186,597,433,-493,37.4117789,-121.9951222
340831713,2,13,37.4123092,-121.9952238,10,7.86,35.3,130,131,186,640,455,-495,37.4117789,-121.9951222
340931999,2,13,37.4123152,-121.9952182,11,8.45,36.3,130,131,187,680,501,-495,37.4117789,-121.9951222
341032060,2,13,37.4123209,-121.9952127,11,7.83,37.1,130,131,187,624,472,-457,37.4117789,-121.9951222
341132267,2,13,37.4123261,-121.9952072,12,7.54,40.8,130,131,187,570,493,-433,37.4117789,-121.9951222
341232771,2,13,37.4123309,-121.9952010,12,7.88,45.7,130,132,187,550,564,-390,37.4117789,-121.9951222
341333858,2,13,37.4123354,-121.9951940,12,7.86,54.1,130,132,187,460,638,-420,37.4117789,-121.9951222
341435201,2,13,37.4123388,-121.9951858,13,8.02,67.0,130,132,188,312,739,-484,37.4117789,-121.9951222
341536127,2,13,37.4123411,-121.9951767,13,8.49,75.5,130,132,188,211,822,-511,37.4117789,-121.9951222
341636067,2,13,37.4123431,-121.9951671,14,8.95,74.1,130,132,188,245,861,-484,37.4117789,-121.9951222
341716392,2,13,37.4123450,-121.9951574,14,8.85,75.5,130,132,188,220,858,-449,37.4117789,-121.9951222
341816915,2,13,37.4123467,-121.9951475,15,9.05,77.0,130,133,189,202,882,-420,37.4117789,-121.9951222
341917763,2,13,37.4123482,-121.9951373,15,9.32,79.6,130,133,189,167,917,-386,37.4117789,-121.9951222
342019528,2,13,37.4123494,-121.9951263,16,9.91,82.5,130,133,189,128,982,-381,37.4117789,-121.9951222
342120507,2,13,37.4123500,-121.9951149,16,10.31,87.2,130,133,189,50,1030,-362,37.4117789,-121.9951222
342221727,2,13,37.4123502,-121.9951029,16,10.85,89.9,130,133,189,0,1085,-346,37.4117789,-121.9951222
342321777,2,13,37.4123499,-121.9950904,16,11.27,93.2,130,133,190,-64,1125,-329,37.4117789,-121.9951222
342423444,2,13,37.4123489,-121.9950772,17,11.93,95.8,130,133,189,-121,1187,-304,37.4117789,-121.9951222
342507242,2,13,37.4123489,-121.9950772,17,11.93,95.8,130,133,189,-121,1187,-304,37.4117789,-121.9951222
342524064,2,13,37.4123474,-121.9950638,17,12.06,98.4,130,134,189,-177,1193,-273,37.4117789,-121.9951222
342624243,2,13,37.4123454,-121.9950501,17,12.50,101.3,130,134,189,-245,1225,-253,37.4117789,-121.9951222
342724802,2,13,37.4123428,-121.9950360,17,13.03,104.4,130,134,189,-325,1262,-240,37.4117789,-121.9951222
342826071,2,13,37.4123397,-121.9950214,18,13.37,106.3,130,134,189,-375,1283,-221,37.4117789,-121.9951222
342926912,2,13,37.4123362,-121.9950068,18,13.73,106.9,130,134,189,-400,1313,-160,37.4117789,-121.9951222
343027877,2,13,37.4123327,-121.9949921,18,13.94,106.0,130,134,189,-384,1340,-83,37.4117789,-121.9951222
343128784,2,13,37.4123296,-121.9949768,18,14.25,104.6,130,134,188,-359,1379,-14,37.4117789,-121.9951222
343229297,2,13,37.4123266,-121.9949612,17,14.55,103.9,130,133,188,-350,1413,36,37.4117789,-121.9951222
343330144,2,13,37.4123239,-121.9949452,17,14.77,101.9,130,133,188,-306,1445,86,37.4117789,-121.9951222
343430900,2,13,37.4123215,-121.9949289,17,14.90,101.3,130,133,188,-292,1461,117,37.4117789,-121.9951222
343531185,2,13,37.4123197,-121.9949124,17,14.77,97.7,130,133,188,-198,1464,115,37.4117789,-121.9951222
343631929,2,13,37.4123186,-121.9948959,17,14.60,94.7,130,133,188,-120,1455,82,37.4117789,-121.9951222
343732796,2,13,37.4123181,-121.9948795,17,14.44,92.0,130,132,188,-51,1443,21,37.4117789,-121.9951222
343813300,2,13,37.4123185,-121.9948634,17,14.23,87.8,130,132,188,53,1422,-11,37.4117789,-121.9951222
343933675,2,13,37.4123195,-121.9948472,17,14.47,85.0,130,132,188,124,1442,-7,37.4117789,-121.9951222
344014093,2,13,37.4123210,-121.9948309,16,14.61,83.5,130,132,188,163,1452,23,37.4117789,-121.9951222
344114473,2,13,37.4123229,-121.9948146,16,14.68,81.9,130,132,188,205,1453,62,37.4117789,-121.9951222
344215190,2,13,37.4123252,-121.9947986,16,14.27,80.5,130,132,188,234,1408,30,37.4117789,-121.9951222
344316536,2,13,37.4123280,-121.9947830,16,14.05,77.8,130,132,188,296,1374,-31,37.4117789,-121.9951222
344417019,2,13,37.4123315,-121.9947678,16,13.93,74.1,130,132,188,381,1339,-64,37.4117789,-121.9951222
344517400,2,13,37.4123354,-121.9947530,16,13.64,72.3,130,132,188,414,1300,-108,37.4117789,-121.9951222
344618122,2,13,37.4123396,-121.9947385,17,13.37,69.8,130,132,188,459,1256,-158,37.4117789,-121.9951222
344663557,2,13,37.4123396,-121.9947385,17,13.37,69.8,130,132,188,459,1256,-158,37.4117789,-121.9951222
344719147,2,13,37.4123441,-121.9947246,17,13.04,67.8,130,131,188,491,1208,-211,37.4117789,-121.9951222
344819250,2,13,37.4123488,-121.9947112,17,12.85,66.9,130,131,188,503,1182,-218,37.4117789,-121.9951222
344919559,2,13,37.4123534,-121.9946978,17,12.83,67.6,130,131,188,488,1187,-236,37.4117789,-121.9951222
345019751,2,13,37.4123578,-121.9946845,18,12.65,68.8,130,131,188,455,1180,-281,37.4117789,-121.9951222
345120040,2,13,37.4123616,-121.9946710,18,12.56,71.7,130,131,188,393,1193,-318,37.4117789,-121.9951222
345220742,2,13,37.4123647,-121.9946574,18,12.38,76.2,130,131,188,294,1203,-382,37.4117789,-121.9951222
345321868,2,13,37.4123673,-121.9946434,19,12.96,77.9,130,131,188,271,1268,-367,37.4117789,-121.9951222
345422064,2,13,37.4123695,-121.9946291,19,13.09,78.3,130,131,189,265,1282,-301,37.4117789,-121.9951222
345522026,2,13,37.4123712,-121.9946144,19,13.31,83.2,130,132,189,156,1322,-308,37.4117789,-121.9951222
345622524,2,13,37.4123722,-121.9945987,20,14.12,87.0,130,132,189,73,1411,-318,37.4117789,-121.9951222
345723227,2,13,37.4123722,-121.9945825,20,14.45,90.6,130,132,189,-16,1445,-252,37.4117789,-121.9951222
345823511,2,13,37.4123708,-121.9945657,20,15.23,97.3,130,132,190,-195,1511,-187,37.4117789,-121.9951222
345923814,2,13,37.4123679,-121.9945482,20,15.98,103.8,130,132,190,-382,1552,-133,37.4117789,-121.9951222
346024284,2,13,37.4123634,-121.9945308,20,16.30,108.7,130,133,190,-523,1543,-78,37.4117789,-121.9951222
346125229,2,13,37.4123585,-121.9945134,20,16.31,109.1,130,133,191,-534,1541,-7,37.4117789,-121.9951222
346225806,2,13,37.4123527,-121.9944961,20,16.65,111.2,130,133,191,-603,1552,109,37.4117789,-121.9951222
346325913,2,13,37.4123459,-121.9944789,19,16.89,116.6,130,134,191,-757,1510,213,37.4117789,-121.9951222
346426435,2,13,37.4123378,-121.9944622,19,17.34,122.3,130,134,192,-927,1465,301,37.4117789,-121.9951222
346526821,2,13,37.4123284,-121.9944465,18,17.28,128.1,130,134,192,-1066,1359,391,37.4117789,-121.9951222
346627388,2,13,37.4123176,-121.9944324,18,17.33,135.8,130,135,192,-1243,1207,442,37.4117789,-121.9951222
346728636,2,13,37.4123058,-121.9944197,17,17.20,141.0,130,135,192,-1337,1082,504,37.4117789,-121.9951222
346820265,2,13,37.4123058,-121.9944197,17,17.20,141.0,130,135,192,-1337,1082,504,37.4117789,-121.9951222
346829193,2,13,37.4122935,-121.9944086,16,16.90,147.7,130,135,192,-1429,902,521,37.4117789,-121.9951222
346928830,2,13,37.4122803,-121.9943998,16,16.82,155.8,130,135,193,-1534,688,495,37.4117789,-121.9951222
347009092,2,13,37.4122664,-121.9943926,15,16.75,159.9,130,135,193,-1574,574,499,37.4117789,-121.9951222
347129581,2,13,37.4122524,-121.9943867,14,16.42,163.1,130,136,193,-1572,475,536,37.4117789,-121.9951222
347210471,2,13,37.4122381,-121.9943830,14,16.19,171.1,130,136,193,-1600,248,516,37.4117789,-121.9951222
347310748,2,13,37.4122235,-121.9943822,13,16.12,180.4,130,136,193,-1612,-11,482,37.4117789,-121.9951222
347411445,2,13,37.4122091,-121.9943838,13,15.87,186.7,130,136,193,-1576,-187,456,37.4117789,-121.9951222
347512330,2,13,37.4121950,-121.9943863,12,15.51,187.5,130,136,193,-1538,-203,503,37.4117789,-121.9951222
347613332,2,13,37.4121812,-121.9943892,12,15.39,189.1,130,136,193,-1519,-245,534,37.4117789,-121.9951222
347714369,2,13,37.4121680,-121.9943930,11,15.00,194.6,130,136,193,-1451,-379,489,37.4117789,-121.9951222
347815065,2,13,37.4121556,-121.9943984,11,14.72,201.0,130,137,194,-1374,-528,436,37.4117789,-121.9951222
347915829,2,13,37.4121440,-121.9944056,11,14.26,207.7,130,137,194,-1262,-665,409,37.4117789,-121.9951222
348016709,2,13,37.4121331,-121.9944139,10,13.97,211.5,130,137,194,-1191,-730,401,37.4117789,-121.9951222
348117441,2,13,37.4121227,-121.9944227,10,13.86,214.2,130,137,194,-1145,-781,401,37.4117789,-121.9951222
348217892,2,13,37.4121131,-121.9944322,9,13.49,218.9,130,137,194,-1049,-849,347,37.4117789,-121.9951222
348318873,2,13,37.4121048,-121.9944426,9,12.96,226.2,130,137,194,-897,-936,279,37.4117789,-121.9951222
348419192,2,13,37.4120975,-121.9944535,9,12.51,231.3,130,136,194,-781,-977,233,37.4117789,-121.9951222
348519970,2,13,37.4120908,-121.9944647,9,12.27,232.1,130,136,193,-752,-968,306,37.4117789,-121.9951222
348620633,2,13,37.4120841,-121.9944758,8,12.25,232.6,130,136,193,-743,-974,341,37.4117789,-121.9951222
348721311,2,13,37.4120776,-121.9944868,8,11.94,233.6,130,136,193,-708,-961,286,37.4117789,-121.9951222
348822775,2,13,37.4120714,-121.9944979,8,11.95,234.9,130,136,193,-685,-978,231,37.4117789,-121.9951222
348923513,2,13,37.4120653,-121.9945091,8,11.83,235.3,130,136,193,-672,-973,141,37.4117789,-121.9951222
348978937,2,13,37.4120653,-121.9945091,8,11.83,235.3,130,136,193,-672,-973,141,37.4117789,-121.9951222
349024308,2,13,37.4120597,-121.9945201,8,11.52,237.1,130,136,194,-624,-968,7,37.4117789,-121.9951222
349124450,2,13,37.4120544,-121.9945309,8,11.00,238.5,130,136,194,-573,-938,-88,37.4117789,-121.9951222
349224687,2,13,37.4120494,-121.9945410,8,10.36,237.6,130,136,194,-555,-875,-162,37.4117789,-121.9951222
349325291,2,13,37.4120447,-121.9945505,8,9.65,237.5,130,136,194,-517,-815,-250,37.4117789,-121.9951222
349426166,2,13,37.4120403,-121.9945590,9,8.73,237.0,130,136,194,-474,-732,-370,37.4117789,-121.9951222
349506445,2,13,37.4120361,-121.9945669,9,8.24,237.1,130,136,195,-447,-693,-394,37.4117789,-121.9951222
349607268,2,13,37.4120322,-121.9945744,10,7.69,237.2,130,136,195,-416,-647,-378,37.4117789,-121.9951222
349707754,2,13,37.4120285,-121.9945811,10,7.02,235.1,130,136,195,-401,-576,-404,37.4117789,-121.9951222
349808707,2,13,37.4120251,-121.9945870,10,6.32,234.1,130,136,195,-381,-504,-425,37.4117789,-121.9951222
349908883,2,13,37.4120218,-121.9945921,11,5.76,232.6,130,136,195,-363,-447,-419,37.4117789,-121.9951222
350009727,2,13,37.4120185,-121.9945967,11,5.34,229.9,130,136,195,-364,-391,-398,37.4117789,-121.9951222
350110102,2,13,37.4120152,-121.9946006,12,5.05,227.0,130,136,195,-363,-350,-370,37.4117789,-121.9951222
350211151,2,13,37.4120119,-121.9946040,12,4.64,224.5,130,136,195,-347,-308,-335,37.4117789,-121.9951222
350311694,2,13,37.4120085,-121.9946070,12,4.57,220.5,130,136,195,-367,-273,-285,37.4117789,-121.9951222
350412078,2,13,37.4120052,-121.9946100,13,4.58,219.1,130,136,195,-362,-281,-224,37.4117789,-121.9951222
350512920,2,13,37.4120020,-121.9946130,13,4.51,218.3,130,136,196,-358,-275,-143,37.4117789,-121.9951222
350613506,2,13,37.4119988,-121.9946163,13,4.62,218.7,130,136,195,-359,-291,-24,37.4117789,-121.9951222
350713512,2,13,37.4119955,-121.9946196,12,4.68,218.5,130,136,195,-366,-291,84,37.4117789,-121.9951222
350813989,2,13,37.4119925,-121.9946230,12,4.53,219.6,130,136,195,-343,-296,136,37.4117789,-121.9951222
350915036,2,13,37.4119894,-121.9946265,12,4.72,222.2,130,136,195,-336,-331,200,37.4117789,-121.9951222
351015835,2,13,37.4119868,-121.9946305,12,4.53,226.2,130,136,195,-286,-351,254,37.4117789,-121.9951222
351116192,2,13,37.4119845,-121.9946347,11,4.49,230.7,130,136,194,-257,-369,286,37.4117789,-121.9951222
351135338,2,13,37.4119845,-121.9946347,11,4.49,230.7,130,136,194,-257,-369,286,37.4117789,-121.9951222
351216860,2,13,37.4119824,-121.9946392,11,4.63,236.4,130,136,194,-222,-407,284,37.4117789,-121.9951222
351317632,2,13,37.4119807,-121.9946442,11,4.85,241.9,130,136,194,-194,-445,258,37.4117789,-121.9951222
351418078,2,13,37.4119790,-121.9946495,11,5.11,244.9,130,136,194,-196,-472,217,37.4117789,-121.9951222
351518371,2,13,37.4119772,-121.9946554,10,5.70,247.7,130,136,194,-198,-534,219,37.4117789,-121.9951222
351619786,2,13,37.4119754,-121.9946616,10,5.75,248.9,130,136,193,-197,-540,261,37.4117789,-121.9951222
351721308,2,13,37.4119737,-121.9946681,10,5.91,250.5,130,136,193,-180,-563,288,37.4117789,-121.9951222
351821882,2,13,37.4119719,-121.9946748,9,6.20,251.0,130,136,193,-197,-588,280,37.4117789,-121.9951222
351922076,2,13,37.4119700,-121.9946817,9,6.73,251.7,130,135,193,-204,-642,299,37.4117789,-121.9951222
352022528,2,13,37.4119681,-121.9946892,9,6.94,252.1,130,135,192,-210,-662,280,37.4117789,-121.9951222
352123176,2,13,37.4119663,-121.9946969,8,7.05,253.2,130,135,192,-192,-678,253,37.4117789,-121.9951222
352224517,2,13,37.4119645,-121.9947049,8,7.54,253.2,130,135,192,-217,-722,232,37.4117789,-121.9951222
352323686,2,13,37.4119628,-121.9947130,8,7.24,254.6,130,135,192,-172,-703,181,37.4117789,-121.9951222
352403959,2,13,37.4119614,-121.9947211,8,7.29,255.9,130,135,192,-161,-711,129,37.4117789,-121.9951222
352504770,2,13,37.4119601,-121.9947289,8,6.87,257.4,130,135,192,-131,-675,88,37.4117789,-121.9951222
352605233,2,13,37.4119590,-121.9947366,8,6.94,258.6,130,135,192,-122,-683,57,37.4117789,-121.9951222
352705927,2,13,37.4119580,-121.9947439,8,6.38,259.0,130,135,192,-116,-627,49,37.4117789,-121.9951222
352806397,2,13,37.4119570,-121.9947509,8,6.28,259.7,130,135,192,-104,-619,27,37.4117789,-121.9951222
352907043,2,13,37.4119560,-121.9947580,8,6.04,260.3,130,135,192,-94,-597,-4,37.4117789,-121.9951222
353007384,2,13,37.4119553,-121.9947647,8,5.71,262.0,130,134,192,-60,-568,-24,37.4117789,-121.9951222
353107733,2,13,37.4119550,-121.9947709,8,5.35,265.2,130,134,192,-13,-534,-3,37.4117789,-121.9951222
353208382,2,13,37.4119551,-121.9947769,8,5.26,268.6,130,134,191,17,-526,9,37.4117789,-121.9951222
353296630,2,13,37.4119551,-121.9947769,8,5.26,268.6,130,134,191,17,-526,9,37.4117789,-121.9951222
353309217,2,13,37.4119552,-121.9947826,8,4.84,269.7,130,134,191,10,-484,36,37.4117789,-121.9951222
353410354,2,13,37.4119555,-121.9947878,8,4.50,272.1,130,134,191,42,-448,78,37.4117789,-121.9951222
353511097,2,13,37.4119559,-121.9947928,8,4.47,273.5,130,134,191,39,-446,129,37.4117789,-121.9951222
353611599,2,13,37.4119565,-121.9947979,7,4.46,276.4,130,134,191,71,-440,176,37.4117789,-121.9951222
353712139,2,13,37.4119573,-121.9948030,7,4.59,279.0,130,134,191,88,-450,236,37.4117789,-121.9951222
353812818,2,13,37.4119580,-121.9948082,7,4.58,280.3,130,134,190,91,-449,305,37.4117789,-121.9951222
353913565,2,13,37.4119589,-121.9948135,6,4.69,281.3,130,134,190,100,-458,352,37.4117789,-121.9951222
354013798,2,13,37.4119599,-121.9948188,6,4.73,283.5,130,134,190,126,-456,379,37.4117789,-121.9951222
354114924,2,13,37.4119610,-121.9948241,6,4.81,284.3,130,134,190,125,-464,407,37.4117789,-121.9951222
354215764,2,13,37.4119623,-121.9948295,5,5.01,286.0,130,134,190,151,-478,388,37.4117789,-121.9951222
354316694,2,13,37.4119639,-121.9948350,5,5.20,288.5,130,134,190,184,-486,315,37.4117789,-121.9951222
354417538,2,13,37.4119657,-121.9948406,5,5.37,290.2,130,134,190,198,-499,250,37.4117789,-121.9951222
354518618,2,13,37.4119675,-121.9948463,4,5.43,291.5,130,134,190,209,-501,283,37.4117789,-121.9951222
354618703,2,13,37.4119693,-121.9948520,4,5.38,291.5,130,134,190,198,-501,348,37.4117789,-121.9951222
354719041,2,13,37.4119710,-121.9948578,3,5.41,290.7,130,133,190,186,-508,375,37.4117789,-121.9951222
354819637,2,13,37.4119725,-121.9948634,3,5.14,290.8,130,133,189,183,-480,440,37.4117789,-121.9951222
354920371,2,13,37.4119740,-121.9948694,2,5.52,288.3,130,133,189,153,-530,504,37.4117789,-121.9951222
355001907,2,13,37.4119750,-121.9948760,2,5.97,281.9,130,133,189,67,-593,422,37.4117789,-121.9951222
355102659,2,13,37.4119753,-121.9948834,1,6.79,274.8,130,133,189,-11,-679,373,37.4117789,-121.9951222
355203765,2,13,37.4119751,-121.9948913,1,6.93,271.2,130,133,189,-23,-693,392,37.4117789,-121.9951222
355304405,2,13,37.4119750,-121.9948992,0,6.94,270.6,130,133,189,8,-694,475,37.4117789,-121.9951222
355405062,2,13,37.4119749,-121.9949073,0,7.17,269.9,130,133,189,0,-717,544,37.4117789,-121.9951222
355443487,2,13,37.4119749,-121.9949073,0,7.17,269.9,130,133,189,0,-717,544,37.4117789,-121.9951222
355506790,2,13,37.4119747,-121.9949158,0,7.69,266.2,130,133,189,-50,-768,513,37.4117789,-121.9951222
355607825,2,13,37.4119741,-121.9949247,0,8.04,262.3,130,133,189,-107,-797,428,37.4117789,-121.9951222
355708393,2,13,37.4119725,-121.9949337,-1,8.41,253.1,130,133,189,-244,-804,330,37.4117789,-121.9951222
355809615,2,13,37.4119699,-121.9949411,-1,6.68,249.2,130,133,190,-329,-581,272,37.4117789,-121.9951222
355910453,2,13,37.4119682,-121.9949462,-1,4.42,248.8,130,133,190,-166,-410,241,37.4117789,-121.9951222
356010583,2,13,37.4119674,-121.9949488,-2,2.31,248.0,130,133,191,-96,-210,200,37.4117789,-121.9951222
356112305,2,13,37.4119672,-121.9949491,-2,0.89,243.5,130,134,192,-81,-35,120,37.4117789,-121.9951222
356213154,2,13,37.4119671,-121.9949490,-2,0.08,243.5,130,134,192,-4,-7,102,37.4117789,-121.9951222
356314063,2,13,37.4119674,-121.9949487,-2,0.17,243.5,130,134,193,9,15,77,37.4117789,-121.9951222
356415337,2,13,37.4119677,-121.9949484,-2,0.18,243.5,130,134,194,8,17,71,37.4117789,-121.9951222
356515853,2,13,37.4119680,-121.9949481,-2,0.36,243.5,130,134,194,28,23,66,37.4117789,-121.9951222
356616378,2,13,37.4119683,-121.9949479,-2,0.10,243.5,130,134,195,7,7,56,37.4117789,-121.9951222
356716871,2,13,37.4119686,-121.9949479,-2,0.22,243.5,130,134,195,7,-21,34,37.4117789,-121.9951222
356817190,2,13,37.4119688,-121.9949480,-2,0.09,243.5,130,134,196,7,-5,23,37.4117789,-121.9951222
356917644,2,13,37.4119690,-121.9949480,-2,0.02,243.5,130,134,196,0,-2,19,37.4117789,-121.9951222
357098759,2,13,37.4119690,-121.9949479,-2,0.04,243.5,130,134,197,-1,4,18,37.4117789,-121.9951222
357199573,2,13,37.4119691,-121.9949478,-2,0.01,243.5,130,134,197,1,0,8,37.4117789,-121.9951222
357299967,2,13,37.4119693,-121.9949476,-2,0.03,243.5,130,134,197,3,0,8,37.4117789,-121.9951222
