time (us),GPS_fixType,GPS_numSat,GPS_coord[0],GPS_coord[1],GPS_altitude,GPS_speed (m/s),GPS_ground_course,GPS_hdop,GPS_eph,GPS_epv,GPS_velned[0],GPS_velned[1],GPS_velned[2],GPS_home_lat,GPS_home_lon
123793032,2,11,37.4117093,-121.9949885,-4,0.04,115.8,214,130,268,-3,2,-8,37.4117081,-121.9949899
123796133,2,11,37.4117092,-121.9949886,-4,0.14,115.8,214,130,269,-10,-9,0,37.4117081,-121.9949899
123800685,2,11,37.4117092,-121.9949886,-4,0.14,115.8,214,130,269,-10,-9,0,37.4117081,-121.9949899
123897172,2,11,37.4117092,-121.9949887,-4,0.09,115.8,214,130,269,-6,-6,-9,37.4117081,-121.9949899
123997821,2,11,37.4117091,-121.9949888,-4,0.10,115.8,214,130,269,-7,-6,-1,37.4117081,-121.9949899
124098750,2,11,37.4117090,-121.9949890,-4,0.08,115.8,214,130,269,-4,-6,-11,37.4117081,-121.9949899
124280073,2,11,37.4117089,-121.9949891,-4,0.05,115.8,214,131,270,-5,0,-13,37.4117081,-121.9949899
124380449,2,11,37.4117090,-121.9949891,-4,0.07,115.8,214,131,270,7,1,-20,37.4117081,-121.9949899
124480934,2,12,37.4117091,-121.9949891,-4,0.12,115.8,195,131,270,7,-10,-25,37.4117081,-121.9949899
124581627,2,12,37.4117092,-121.9949891,-4,0.05,115.8,195,131,270,4,-2,-25,37.4117081,-121.9949899
124682330,2,12,37.4117093,-121.9949891,-4,0.11,115.8,195,131,270,4,-10,-15,37.4117081,-121.9949899
124984679,2,12,37.4117094,-121.9949890,-4,0.06,115.8,195,132,271,-1,-6,2,37.4117081,-121.9949899
125085341,2,12,37.4117095,-121.9949889,-3,0.08,115.8,195,132,271,0,8,-15,37.4117081,-121.9949899
125185844,2,11,37.4117096,-121.9949888,-3,0.19,115.8,214,132,271,-3,18,-24,37.4117081,-121.9949899
125286616,2,11,37.4117097,-121.9949887,-3,0.11,115.8,214,132,272,9,5,-23,37.4117081,-121.9949899
125387388,2,11,37.4117098,-121.9949886,-3,0.08,115.8,214,132,272,-2,7,-27,37.4117081,-121.9949899
125488405,2,11,37.4117099,-121.9949887,-3,0.06,115.8,214,132,273,-6,1,-33,37.4117081,-121.9949899
125589688,2,11,37.4117099,-121.9949888,-3,0.10,115.8,214,133,273,-8,-6,-40,37.4117081,-121.9949899
125689785,2,11,37.4117100,-121.9949889,-3,0.06,115.8,214,133,274,2,-6,-37,37.4117081,-121.9949899
125790624,2,10,37.4117100,-121.9949889,-3,0.09,115.8,253,133,274,0,-9,-26,37.4117081,-121.9949899
125891421,2,10,37.4117100,-121.9949890,-3,0.02,115.8,253,133,275,1,-2,-37,37.4117081,-121.9949899
125930217,2,10,37.4117100,-121.9949890,-3,0.02,115.8,253,133,275,1,-2,-37,37.4117081,-121.9949899
125992494,2,10,37.4117102,-121.9949891,-3,0.18,115.8,253,133,275,14,-11,-37,37.4117081,-121.9949899
126193679,2,11,37.4117105,-121.9949893,-3,0.05,115.8,214,134,276,4,-3,-32,37.4117081,-121.9949899
126294589,2,11,37.4117106,-121.9949894,-3,0.09,115.8,214,134,276,9,0,-9,37.4117081,-121.9949899
126395311,2,11,37.4117107,-121.9949895,-3,0.09,115.8,214,134,276,7,-5,1,37.4117081,-121.9949899
126476434,2,11,37.4117108,-121.9949895,-3,0.04,115.8,214,134,276,0,-4,14,37.4117081,-121.9949899
126597187,2,12,37.4117107,-121.9949894,-3,0.01,115.8,195,134,276,-1,1,25,37.4117081,-121.9949899
126677934,2,12,37.4117107,-121.9949893,-3,0.09,115.8,195,134,276,0,-9,35,37.4117081,-121.9949899
126878685,2,12,37.4117106,-121.9949891,-3,0.03,115.8,195,134,276,-2,2,48,37.4117081,-121.9949899
126979649,2,12,37.4117106,-121.9949890,-2,0.09,115.8,195,134,275,9,3,66,37.4117081,-121.9949899
127080329,2,12,37.4117106,-121.9949888,-2,0.04,115.8,195,134,275,0,4,75,37.4117081,-121.9949899
127180612,2,12,37.4117105,-121.9949886,-2,0.08,115.8,195,134,275,2,8,86,37.4117081,-121.9949899
127282139,2,12,37.4117105,-121.9949884,-2,0.13,115.8,195,134,275,-6,11,93,37.4117081,-121.9949899
127382584,2,12,37.4117105,-121.9949882,-2,0.17,115.8,195,134,275,5,16,104,37.4117081,-121.9949899
127483355,2,12,37.4117105,-121.9949881,-2,0.04,115.8,195,134,275,1,3,114,37.4117081,-121.9949899
127583941,2,12,37.4117105,-121.9949879,-2,0.12,115.8,195,134,275,2,12,121,37.4117081,-121.9949899
127684831,2,11,37.4117105,-121.9949880,-2,0.03,115.8,214,135,275,-3,-2,131,37.4117081,-121.9949899
127785714,2,11,37.4117105,-121.9949882,-2,0.07,115.8,214,135,276,0,-7,133,37.4117081,-121.9949899
127886246,2,11,37.4117106,-121.9949882,-2,0.18,115.8,214,135,276,12,13,135,37.4117081,-121.9949899
127987064,2,11,37.4117106,-121.9949881,-2,0.11,115.8,214,135,276,1,11,138,37.4117081,-121.9949899
128051739,2,11,37.4117106,-121.9949881,-2,0.11,115.8,214,135,276,1,11,138,37.4117081,-121.9949899
128189019,2,11,37.4117105,-121.9949881,-2,0.18,115.8,214,135,277,-17,5,144,37.4117081,-121.9949899
128290163,2,11,37.4117102,-121.9949881,-2,0.30,115.8,214,135,277,-25,15,148,37.4117081,-121.9949899
128390766,2,11,37.4117100,-121.9949880,-2,0.43,115.8,214,135,278,-30,31,145,37.4117081,-121.9949899
128491808,2,11,37.4117097,-121.9949879,-2,0.50,115.8,214,135,278,-46,19,136,37.4117081,-121.9949899
128592523,2,11,37.4117094,-121.9949878,-2,0.48,115.8,214,135,278,-42,23,129,37.4117081,-121.9949899
128693183,2,11,37.4117091,-121.9949878,-2,0.40,115.8,214,135,278,-40,1,117,37.4117081,-121.9949899
128794587,2,11,37.4117089,-121.9949877,-2,0.30,115.8,214,135,279,-22,20,119,37.4117081,-121.9949899
128874712,2,11,37.4117088,-121.9949872,-2,0.47,115.8,214,136,279,-17,44,122,37.4117081,-121.9949899
128975441,2,11,37.4117088,-121.9949869,-2,0.27,115.8,214,136,279,2,27,121,37.4117081,-121.9949899
129076309,2,11,37.4117092,-121.9949866,-2,0.69,66.4,214,136,280,64,26,119,37.4117081,-121.9949899
129176830,2,11,37.4117102,-121.9949867,-2,1.24,5.4,214,136,280,122,-20,101,37.4117081,-121.9949899
129277415,2,11,37.4117122,-121.9949877,-2,2.56,343.5,214,136,280,239,-92,38,37.4117081,-121.9949899
129378250,2,11,37.4117157,-121.9949887,-2,4.09,348.8,214,136,281,405,-60,-66,37.4117081,-121.9949899
129478643,2,11,37.4117197,-121.9949900,-2,4.50,346.9,214,136,281,435,-113,-128,37.4117081,-121.9949899
129579238,2,11,37.4117237,-121.9949920,-1,4.59,341.8,214,136,282,424,-176,-187,37.4117081,-121.9949899
129679823,2,11,37.4117281,-121.9949942,-1,5.27,340.0,214,136,282,490,-191,-230,37.4117081,-121.9949899
129780861,2,11,37.4117327,-121.9949968,0,5.53,337.7,214,137,282,503,-230,-254,37.4117081,-121.9949899
129881874,2,11,37.4117374,-121.9949996,0,5.63,336.8,214,137,283,513,-231,-285,37.4117081,-121.9949899
129982364,2,11,37.4117421,-121.9950024,0,5.65,335.5,214,137,283,509,-246,-326,37.4117081,-121.9949899
130083230,2,11,37.4117468,-121.9950054,0,5.76,334.4,214,137,283,515,-258,-362,37.4117081,-121.9949899
130177431,2,11,37.4117468,-121.9950054,0,5.76,334.4,214,137,283,515,-258,-362,37.4117081,-121.9949899
130184711,2,11,37.4117515,-121.9950090,1,5.92,331.0,214,137,284,503,-312,-418,37.4117081,-121.9949899
130285594,2,11,37.4117564,-121.9950125,1,6.17,330.4,214,138,284,533,-310,-465,37.4117081,-121.9949899
130386829,2,11,37.4117621,-121.9950149,2,6.67,342.0,214,138,284,634,-206,-500,37.4117081,-121.9949899
130487398,2,11,37.4117684,-121.9950169,2,7.05,345.7,214,138,284,684,-173,-530,37.4117081,-121.9949899
130587991,2,11,37.4117749,-121.9950189,3,7.35,345.5,214,139,284,712,-182,-536,37.4117081,-121.9949899
130688659,2,11,37.4117814,-121.9950211,3,7.39,344.5,214,139,284,713,-196,-537,37.4117081,-121.9949899
130789374,2,11,37.4117881,-121.9950234,4,7.61,343.7,214,139,284,730,-213,-557,37.4117081,-121.9949899
130890723,2,11,37.4117949,-121.9950258,5,7.64,343.0,214,140,284,731,-222,-580,37.4117081,-121.9949899
130991457,2,11,37.4118016,-121.9950287,5,7.83,339.7,214,140,284,735,-271,-586,37.4117081,-121.9949899
131071595,2,11,37.4118084,-121.9950317,6,8.07,339.6,214,140,284,756,-281,-580,37.4117081,-121.9949899
131192833,2,11,37.4118155,-121.9950349,6,8.37,339.2,214,140,284,783,-296,-581,37.4117081,-121.9949899
131273465,2,11,37.4118227,-121.9950383,7,8.46,337.6,214,140,283,783,-321,-568,37.4117081,-121.9949899
131373968,2,11,37.4118299,-121.9950420,8,8.61,338.4,214,140,283,800,-316,-571,37.4117081,-121.9949899
131474258,2,11,37.4118373,-121.9950455,8,8.84,339.9,214,140,283,831,-302,-555,37.4117081,-121.9949899
131574767,2,11,37.4118447,-121.9950492,9,8.94,338.2,214,140,283,830,-331,-555,37.4117081,-121.9949899
131676252,2,11,37.4118523,-121.9950530,9,8.98,338.4,214,140,283,835,-329,-560,37.4117081,-121.9949899
131776809,2,11,37.4118599,-121.9950569,10,9.19,338.5,214,141,283,855,-336,-557,37.4117081,-121.9949899
131877486,2,11,37.4118678,-121.9950607,11,9.37,338.7,214,141,283,874,-340,-559,37.4117081,-121.9949899
131978048,2,11,37.4118758,-121.9950646,11,9.55,339.2,214,141,283,893,-339,-543,37.4117081,-121.9949899
132079011,2,11,37.4118840,-121.9950685,12,9.80,340.2,214,141,283,923,-331,-531,37.4117081,-121.9949899
132179864,2,11,37.4118923,-121.9950723,12,9.78,341.0,214,141,283,925,-318,-530,37.4117081,-121.9949899
132280324,2,11,37.4119008,-121.9950760,13,10.12,341.4,214,141,283,960,-321,-516,37.4117081,-121.9949899
132317449,2,11,37.4119008,-121.9950760,13,10.12,341.4,214,141,283,960,-321,-516,37.4117081,-121.9949899
132381069,2,11,37.4119094,-121.9950799,13,10.22,341.3,214,141,282,968,-327,-507,37.4117081,-121.9949899
132482131,2,11,37.4119183,-121.9950836,14,10.51,342.0,214,141,282,1000,-324,-500,37.4117081,-121.9949899
132582912,2,11,37.4119275,-121.9950872,14,10.62,343.0,214,141,282,1016,-309,-491,37.4117081,-121.9949899
132683748,2,11,37.4119367,-121.9950909,15,10.78,342.7,214,141,282,1029,-320,-477,37.4117081,-121.9949899
132784868,2,11,37.4119461,-121.9950945,15,10.87,343.4,214,141,282,1042,-309,-478,37.4117081,-121.9949899
132885788,2,11,37.4119556,-121.9950980,16,11.02,344.5,214,141,281,1063,-293,-467,37.4117081,-121.9949899
132986496,2,11,37.4119652,-121.9951015,16,11.14,344.0,214,141,281,1071,-307,-460,37.4117081,-121.9949899
133086856,2,11,37.4119750,-121.9951050,17,11.29,344.7,214,141,281,1090,-296,-453,37.4117081,-121.9949899
133187144,2,11,37.4119850,-121.9951083,17,11.43,344.6,214,140,281,1102,-303,-455,37.4117081,-121.9949899
133287920,2,11,37.4119951,-121.9951117,18,11.58,345.5,214,140,280,1121,-289,-441,37.4117081,-121.9949899
133388441,2,12,37.4120053,-121.9951149,18,11.83,346.2,195,140,280,1149,-281,-432,37.4117081,-121.9949899
133488903,2,12,37.4120157,-121.9951180,19,11.82,346.4,195,140,279,1149,-276,-413,37.4117081,-121.9949899
133590056,2,12,37.4120261,-121.9951211,19,11.90,346.5,195,140,279,1158,-276,-414,37.4117081,-121.9949899
133670357,2,12,37.4120367,-121.9951242,20,12.07,347.0,195,140,279,1176,-270,-439,37.4117081,-121.9949899
133771155,2,12,37.4120475,-121.9951272,20,12.08,347.4,195,140,278,1179,-262,-446,37.4117081,-121.9949899
133871337,2,12,37.4120582,-121.9951300,21,12.05,347.9,195,140,278,1178,-250,-463,37.4117081,-121.9949899
133972411,2,12,37.4120689,-121.9951327,21,11.81,348.5,195,140,277,1157,-235,-503,37.4117081,-121.9949899
134073012,2,12,37.4120793,-121.9951353,22,11.74,349.3,195,140,277,1153,-217,-510,37.4117081,-121.9949899
134173955,2,12,37.4120898,-121.9951376,22,11.71,349.8,195,140,277,1152,-206,-521,37.4117081,-121.9949899
134274494,2,12,37.4121003,-121.9951400,23,11.73,350.0,195,140,276,1155,-203,-544,37.4117081,-121.9949899
134375123,2,12,37.4121107,-121.9951422,24,11.48,349.9,195,140,276,1130,-199,-579,37.4117081,-121.9949899
134471017,2,12,37.4121107,-121.9951422,24,11.48,349.9,195,140,276,1130,-199,-579,37.4117081,-121.9949899
134475687,2,12,37.4121209,-121.9951444,24,11.40,350.4,195,139,276,1124,-189,-605,37.4117081,-121.9949899
134576382,2,12,37.4121311,-121.9951467,25,11.46,349.8,195,139,275,1128,-202,-609,37.4117081,-121.9949899
134677090,2,12,37.4121413,-121.9951492,26,11.48,348.5,195,139,275,1125,-227,-615,37.4117081,-121.9949899
134778049,2,12,37.4121517,-121.9951517,26,11.68,349.0,195,139,274,1147,-222,-623,37.4117081,-121.9949899
134878297,2,12,37.4121620,-121.9951542,27,11.83,348.7,195,139,274,1160,-230,-586,37.4117081,-121.9949899
134979037,2,12,37.4121725,-121.9951569,28,12.02,348.9,195,139,274,1179,-231,-548,37.4117081,-121.9949899
135079842,2,12,37.4121830,-121.9951597,28,12.03,348.3,195,139,273,1178,-243,-542,37.4117081,-121.9949899
135180142,2,12,37.4121934,-121.9951625,29,11.81,347.8,195,139,273,1154,-249,-530,37.4117081,-121.9949899
135280950,2,12,37.4122037,-121.9951657,30,11.77,346.3,195,139,273,1143,-278,-548,37.4117081,-121.9949899
135381482,2,12,37.4122140,-121.9951689,30,11.64,345.3,195,139,273,1126,-293,-578,37.4117081,-121.9949899
135481590,2,12,37.4122241,-121.9951723,31,11.57,345.6,195,140,272,1121,-286,-600,37.4117081,-121.9949899
135582272,2,12,37.4122342,-121.9951753,32,11.22,347.3,195,140,272,1095,-245,-657,37.4117081,-121.9949899
135682873,2,12,37.4122439,-121.9951783,32,10.91,346.7,195,140,272,1062,-251,-695,37.4117081,-121.9949899
135783088,2,12,37.4122534,-121.9951814,33,10.85,346.1,195,140,272,1054,-259,-718,37.4117081,-121.9949899
135883390,2,12,37.4122629,-121.9951844,34,10.94,346.8,195,140,272,1065,-249,-714,37.4117081,-121.9949899
135984516,2,12,37.4122724,-121.9951873,35,10.97,347.5,195,140,272,1071,-237,-698,37.4117081,-121.9949899
136085209,2,12,37.4122820,-121.9951900,35,11.25,348.5,195,140,272,1102,-222,-674,37.4117081,-121.9949899
136185586,2,12,37.4122919,-121.9951926,36,11.49,349.0,195,140,272,1128,-218,-636,37.4117081,-121.9949899
136265813,2,12,37.4123018,-121.9951954,37,11.35,347.9,195,140,272,1110,-236,-613,37.4117081,-121.9949899
136386667,2,12,37.4123119,-121.9951984,38,11.66,347.0,195,140,272,1136,-262,-601,37.4117081,-121.9949899
136467254,2,12,37.4123219,-121.9952016,38,11.55,346.1,195,140,272,1121,-276,-586,37.4117081,-121.9949899
136567655,2,12,37.4123319,-121.9952049,39,11.47,345.2,195,141,272,1110,-291,-579,37.4117081,-121.9949899
136630066,2,12,37.4123319,-121.9952049,39,11.47,345.2,195,141,272,1110,-291,-579,37.4117081,-121.9949899
136668390,2,12,37.4123419,-121.9952085,39,11.50,344.0,195,141,272,1106,-315,-582,37.4117081,-121.9949899
136769106,2,12,37.4123517,-121.9952124,40,11.45,342.5,195,141,272,1092,-342,-579,37.4117081,-121.9949899
136889632,2,12,37.4123617,-121.9952166,41,11.87,342.1,195,141,272,1130,-363,-551,37.4117081,-121.9949899
136970270,2,12,37.4123720,-121.9952206,41,12.15,342.7,195,141,272,1160,-360,-510,37.4117081,-121.9949899
137071612,2,12,37.4123825,-121.9952246,42,12.30,343.6,195,141,272,1180,-347,-498,37.4117081,-121.9949899
137171694,2,12,37.4123932,-121.9952285,42,12.32,344.3,195,141,272,1186,-332,-486,37.4117081,-121.9949899
137272247,2,12,37.4124039,-121.9952323,43,12.20,344.3,195,141,272,1175,-329,-504,37.4117081,-121.9949899
137372330,2,12,37.4124144,-121.9952359,43,11.85,344.8,195,141,272,1144,-310,-550,37.4117081,-121.9949899
137472863,2,12,37.4124246,-121.9952392,44,11.11,346.0,195,142,272,1078,-267,-652,37.4117081,-121.9949899
137573433,2,12,37.4124343,-121.9952417,45,10.41,348.7,195,142,272,1021,-203,-746,37.4117081,-121.9949899
137674695,2,12,37.4124437,-121.9952439,46,10.51,350.1,195,142,273,1036,-179,-777,37.4117081,-121.9949899
137775142,2,12,37.4124530,-121.9952459,46,10.42,350.6,195,142,273,1028,-169,-780,37.4117081,-121.9949899
137875833,2,12,37.4124622,-121.9952476,47,10.06,352.2,195,142,273,997,-136,-800,37.4117081,-121.9949899
137976180,2,12,37.4124712,-121.9952491,48,10.04,352.5,195,142,273,995,-129,-801,37.4117081,-121.9949899
138077112,2,12,37.4124802,-121.9952507,49,10.18,352.8,195,142,273,1010,-126,-788,37.4117081,-121.9949899
138178238,2,12,37.4124894,-121.9952521,50,10.52,352.9,195,142,273,1044,-129,-740,37.4117081,-121.9949899
138278279,2,12,37.4124988,-121.9952536,51,10.56,353.1,195,143,273,1049,-125,-732,37.4117081,-121.9949899
138379034,2,12,37.4125082,-121.9952551,51,10.19,352.6,195,143,273,1010,-130,-753,37.4117081,-121.9949899
138479256,2,12,37.4125173,-121.9952567,52,10.09,352.2,195,143,274,1000,-135,-762,37.4117081,-121.9949899
138580668,2,12,37.4125263,-121.9952584,53,10.01,350.8,195,143,274,989,-159,-776,37.4117081,-121.9949899
138680836,2,12,37.4125352,-121.9952602,54,9.81,350.8,195,143,274,968,-156,-801,37.4117081,-121.9949899
138781140,2,12,37.4125441,-121.9952621,55,9.83,350.7,195,143,274,970,-158,-806,37.4117081,-121.9949899
138786374,2,12,37.4125441,-121.9952621,55,9.83,350.7,195,143,274,970,-158,-806,37.4117081,-121.9949899
138881472,2,12,37.4125528,-121.9952638,56,9.66,351.1,195,143,274,954,-148,-817,37.4117081,-121.9949899
138982184,2,12,37.4125615,-121.9952655,56,9.50,351.3,195,144,274,939,-143,-839,37.4117081,-121.9949899
139082712,2,12,37.4125702,-121.9952672,57,10.07,351.4,195,144,274,995,-149,-797,37.4117081,-121.9949899
139183204,2,12,37.4125794,-121.9952689,58,10.75,351.8,195,144,275,1064,-152,-707,37.4117081,-121.9949899
139263926,2,12,37.4125889,-121.9952708,59,11.16,351.4,195,144,275,1104,-165,-620,37.4117081,-121.9949899
139364515,2,12,37.4125989,-121.9952727,59,11.42,351.9,195,144,275,1131,-159,-556,37.4117081,-121.9949899
139465112,2,12,37.4126090,-121.9952747,60,11.80,352.2,195,144,275,1169,-159,-468,37.4117081,-121.9949899
139565651,2,12,37.4126194,-121.9952769,60,11.99,352.2,195,145,275,1188,-160,-420,37.4117081,-121.9949899
139666157,2,11,37.4126302,-121.9952785,61,11.94,353.6,207,145,275,1187,-131,-430,37.4117081,-121.9949899
139766858,2,11,37.4126409,-121.9952803,61,11.77,352.0,207,145,275,1165,-162,-472,37.4117081,-121.9949899
139867339,2,11,37.4126516,-121.9952822,62,11.76,351.9,207,145,276,1164,-164,-513,37.4117081,-121.9949899
139968450,2,11,37.4126622,-121.9952842,62,11.88,351.4,207,146,276,1174,-176,-521,37.4117081,-121.9949899
140069165,2,11,37.4126729,-121.9952862,63,11.66,351.1,207,146,276,1152,-180,-564,37.4117081,-121.9949899
140169195,2,11,37.4126833,-121.9952884,64,11.58,350.8,207,146,276,1143,-184,-596,37.4117081,-121.9949899
140269945,2,11,37.4126937,-121.9952907,64,11.58,349.6,207,146,276,1139,-208,-615,37.4117081,-121.9949899
140370662,2,11,37.4127040,-121.9952930,65,11.31,350.1,207,146,276,1115,-193,-646,37.4117081,-121.9949899
140471485,2,11,37.4127140,-121.9952955,66,11.26,349.3,207,147,276,1106,-209,-662,37.4117081,-121.9949899
140572068,2,11,37.4127239,-121.9952979,66,11.14,349.2,207,147,276,1095,-207,-674,37.4117081,-121.9949899
140672669,2,11,37.4127338,-121.9953005,67,11.37,348.6,207,147,276,1115,-224,-652,37.4117081,-121.9949899
140772818,2,11,37.4127439,-121.9953033,68,11.54,348.0,207,147,276,1129,-239,-620,37.4117081,-121.9949899
140873211,2,11,37.4127540,-121.9953060,68,11.37,348.5,207,147,277,1114,-225,-630,37.4117081,-121.9949899
140940161,2,11,37.4127540,-121.9953060,68,11.37,348.5,207,147,277,1114,-225,-630,37.4117081,-121.9949899
140973453,2,11,37.4127639,-121.9953085,69,11.34,348.8,207,148,277,1112,-219,-609,37.4117081,-121.9949899
141074992,2,11,37.4127740,-121.9953111,70,11.51,349.3,207,148,277,1131,-211,-584,37.4117081,-121.9949899
141175351,2,11,37.4127840,-121.9953139,70,11.37,348.4,207,148,277,1114,-228,-571,37.4117081,-121.9949899
141275729,2,11,37.4127940,-121.9953167,71,11.11,347.2,207,148,277,1084,-245,-591,37.4117081,-121.9949899
141375971,2,11,37.4128037,-121.9953198,72,11.14,346.5,207,148,277,1083,-258,-592,37.4117081,-121.9949899
141476639,2,11,37.4128134,-121.9953228,72,11.20,347.0,207,149,277,1092,-250,-567,37.4117081,-121.9949899
141577142,2,11,37.4128232,-121.9953259,73,11.19,346.5,207,149,277,1088,-261,-563,37.4117081,-121.9949899
141679130,2,11,37.4128330,-121.9953289,74,11.12,346.5,207,149,277,1082,-257,-553,37.4117081,-121.9949899
141779876,2,11,37.4128425,-121.9953321,74,10.71,345.3,207,149,277,1036,-270,-587,37.4117081,-121.9949899
141880465,2,11,37.4128518,-121.9953354,75,10.47,344.2,207,149,278,1007,-284,-623,37.4117081,-121.9949899
141961532,2,11,37.4128609,-121.9953390,75,10.50,342.7,207,150,278,1003,-311,-636,37.4117081,-121.9949899
142061733,2,11,37.4128699,-121.9953429,76,10.57,341.7,207,150,278,1004,-330,-641,37.4117081,-121.9949899
142162175,2,11,37.4128791,-121.9953466,77,10.84,342.6,207,150,278,1034,-323,-601,37.4117081,-121.9949899
142262238,2,11,37.4128884,-121.9953503,77,10.79,343.2,207,150,278,1034,-310,-599,37.4117081,-121.9949899
142363256,2,11,37.4128976,-121.9953541,78,10.56,341.9,207,151,278,1004,-327,-607,37.4117081,-121.9949899
142464002,2,11,37.4129067,-121.9953579,79,10.88,342.6,207,151,278,1039,-324,-582,37.4117081,-121.9949899
142564543,2,11,37.4129162,-121.9953617,79,11.30,343.5,207,151,278,1084,-320,-521,37.4117081,-121.9949899
142665042,2,11,37.4129259,-121.9953653,80,11.41,344.5,207,151,279,1100,-304,-493,37.4117081,-121.9949899
142765636,2,11,37.4129359,-121.9953685,80,11.48,346.6,207,151,279,1117,-265,-469,37.4117081,-121.9949899
142866730,2,11,37.4129460,-121.9953713,81,11.65,347.9,207,152,279,1139,-243,-423,37.4117081,-121.9949899
142966938,2,11,37.4129562,-121.9953740,81,11.56,349.3,207,152,279,1137,-212,-427,37.4117081,-121.9949899
143067523,2,12,37.4129664,-121.9953764,82,11.62,351.6,195,152,280,1150,-169,-429,37.4117081,-121.9949899
143098166,2,12,37.4129664,-121.9953764,82,11.62,351.6,195,152,280,1150,-169,-429,37.4117081,-121.9949899
143168768,2,12,37.4129765,-121.9953784,82,11.48,353.2,195,152,280,1140,-135,-437,37.4117081,-121.9949899
143268790,2,12,37.4129865,-121.9953799,83,11.20,355.6,195,152,280,1117,-84,-476,37.4117081,-121.9949899
143369105,2,12,37.4129965,-121.9953809,83,10.83,357.2,195,152,280,1082,-52,-543,37.4117081,-121.9949899
143469642,2,12,37.4130061,-121.9953816,84,10.70,358.3,195,152,280,1070,-31,-582,37.4117081,-121.9949899
143570442,2,12,37.4130157,-121.9953820,85,10.74,359.2,195,152,280,1073,-13,-591,37.4117081,-121.9949899
143670627,2,12,37.4130252,-121.9953823,85,10.67,0.0,195,152,280,1067,0,-589,37.4117081,-121.9949899
143770954,2,12,37.4130346,-121.9953824,86,10.57,0.5,195,152,280,1057,9,-589,37.4117081,-121.9949899
143871134,2,12,37.4130441,-121.9953823,87,10.59,1.8,195,152,280,1058,35,-577,37.4117081,-121.9949899
143971741,2,12,37.4130533,-121.9953826,87,10.47,359.9,195,152,280,1047,0,-558,37.4117081,-121.9949899
144072216,2,12,37.4130625,-121.9953830,88,10.35,0.0,195,152,280,1035,1,-558,37.4117081,-121.9949899
144172667,2,11,37.4130718,-121.9953830,89,10.47,0.9,199,153,280,1047,16,-564,37.4117081,-121.9949899
144272932,2,12,37.4130808,-121.9953837,89,10.28,358.8,195,153,280,1027,-21,-547,37.4117081,-121.9949899
144373523,2,12,37.4130898,-121.9953846,90,10.15,358.4,195,153,280,1015,-27,-545,37.4117081,-121.9949899
144474648,2,11,37.4130991,-121.9953846,91,10.34,0.3,199,153,280,1034,5,-552,37.4117081,-121.9949899
144574396,2,11,37.4131084,-121.9953845,91,10.39,0.9,199,153,280,1039,16,-552,37.4117081,-121.9949899
144674707,2,11,37.4131176,-121.9953844,92,10.29,0.7,199,153,280,1029,14,-564,37.4117081,-121.9949899
144775131,2,11,37.4131269,-121.9953844,92,10.31,0.3,199,154,280,1031,6,-557,37.4117081,-121.9949899
144875460,2,12,37.4131356,-121.9953854,93,10.03,356.5,195,154,280,1001,-60,-536,37.4117081,-121.9949899
144975837,2,11,37.4131448,-121.9953858,94,10.08,359.1,199,154,280,1008,-14,-558,37.4117081,-121.9949899
145056674,2,12,37.4131538,-121.9953861,94,10.05,358.8,195,154,280,1005,-19,-581,37.4117081,-121.9949899
145157284,2,12,37.4131629,-121.9953865,95,10.11,358.6,195,154,280,1010,-24,-573,37.4117081,-121.9949899
145257625,2,12,37.4131718,-121.9953870,95,9.86,358.1,195,154,280,986,-32,-596,37.4117081,-121.9949899
145258132,2,12,37.4131718,-121.9953870,95,9.86,358.1,195,154,280,986,-32,-596,37.4117081,-121.9949899
145358722,2,12,37.4131806,-121.9953876,96,9.75,358.4,195,154,280,975,-26,-610,37.4117081,-121.9949899
145458979,2,12,37.4131893,-121.9953882,97,9.66,357.2,195,155,280,965,-46,-624,37.4117081,-121.9949899
145559959,2,12,37.4131979,-121.9953890,97,9.47,356.5,195,155,280,945,-57,-637,37.4117081,-121.9949899
145660306,2,12,37.4132063,-121.9953899,98,9.41,355.8,195,155,280,939,-68,-622,37.4117081,-121.9949899
145760997,2,12,37.4132146,-121.9953909,99,9.22,355.1,195,155,280,919,-78,-620,37.4117081,-121.9949899
145861115,2,12,37.4132227,-121.9953919,99,8.93,354.7,195,155,280,889,-81,-608,37.4117081,-121.9949899
145962012,2,12,37.4132305,-121.9953932,100,8.64,353.5,195,155,280,859,-97,-612,37.4117081,-121.9949899
146062457,2,12,37.4132379,-121.9953945,101,8.35,352.5,195,155,280,828,-107,-594,37.4117081,-121.9949899
146162971,2,12,37.4132454,-121.9953961,101,8.55,350.6,195,155,280,844,-139,-547,37.4117081,-121.9949899
146263665,2,12,37.4132528,-121.9953980,102,8.69,348.5,195,155,280,851,-172,-483,37.4117081,-121.9949899
146364022,2,12,37.4132603,-121.9954005,102,8.86,344.4,195,155,280,854,-237,-429,37.4117081,-121.9949899
146465193,2,12,37.4132676,-121.9954041,102,8.88,338.2,195,155,280,825,-328,-370,37.4117081,-121.9949899
146565622,2,12,37.4132745,-121.9954089,103,9.14,329.8,195,155,280,790,-459,-298,37.4117081,-121.9949899
146666564,2,12,37.4132806,-121.9954158,103,9.42,316.7,195,155,280,686,-645,-220,37.4117081,-121.9949899
146766706,2,12,37.4132857,-121.9954244,103,9.99,305.1,195,155,280,574,-817,-130,37.4117081,-121.9949899
146867185,2,12,37.4132895,-121.9954351,103,10.94,291.9,195,155,280,409,-1015,-24,37.4117081,-121.9949899
146968636,2,12,37.4132918,-121.9954472,103,11.47,283.0,195,155,280,259,-1118,79,37.4117081,-121.9949899
147069369,2,12,37.4132929,-121.9954601,103,11.95,275.7,195,156,281,118,-1189,160,37.4117081,-121.9949899
147170222,2,12,37.4132926,-121.9954739,103,12.41,267.2,195,156,281,-59,-1239,205,37.4117081,-121.9949899
147270534,2,12,37.4132903,-121.9954880,102,13.11,256.0,195,156,281,-316,-1272,215,37.4117081,-121.9949899
147370993,2,12,37.4132861,-121.9955021,102,13.80,248.4,195,156,281,-508,-1283,229,37.4117081,-121.9949899
147409613,2,12,37.4132861,-121.9955021,102,13.80,248.4,195,156,281,-508,-1283,229,37.4117081,-121.9949899
147471340,2,12,37.4132806,-121.9955164,102,14.13,242.6,195,156,281,-649,-1254,254,37.4117081,-121.9949899
147572026,2,12,37.4132736,-121.9955303,101,14.87,235.9,195,156,281,-832,-1233,240,37.4117081,-121.9949899
147673169,2,12,37.4132648,-121.9955432,101,15.55,226.7,195,156,281,-1066,-1132,176,37.4117081,-121.9949899
147753726,2,12,37.4132543,-121.9955549,101,15.85,219.4,195,156,281,-1224,-1006,152,37.4117081,-121.9949899
147854480,2,12,37.4132427,-121.9955657,101,16.26,215.9,195,156,281,-1316,-955,164,37.4117081,-121.9949899
147954727,2,12,37.4132302,-121.9955756,101,16.58,211.5,195,156,281,-1413,-867,175,37.4117081,-121.9949899
148055796,2,12,37.4132168,-121.9955840,101,16.97,204.1,195,156,281,-1549,-694,156,37.4117081,-121.9949899
148156714,2,12,37.4132023,-121.9955902,100,17.50,196.5,195,156,280,-1677,-499,119,37.4117081,-121.9949899
148256925,2,12,37.4131869,-121.9955943,100,17.78,190.1,195,156,280,-1750,-314,102,37.4117081,-121.9949899
148357528,2,12,37.4131709,-121.9955962,100,18.10,183.9,195,156,280,-1806,-124,68,37.4117081,-121.9949899
148457878,2,12,37.4131545,-121.9955959,100,18.32,178.2,195,156,280,-1831,54,64,37.4117081,-121.9949899
148558337,2,12,37.4131384,-121.9955933,100,18.11,171.9,195,156,280,-1793,254,42,37.4117081,-121.9949899
148658736,2,12,37.4131222,-121.9955893,100,18.26,168.5,195,156,280,-1790,363,39,37.4117081,-121.9949899
148759447,2,12,37.4131063,-121.9955850,99,18.31,167.7,195,156,280,-1789,389,96,37.4117081,-121.9949899
148859854,2,12,37.4130903,-121.9955807,99,18.13,168.8,195,156,280,-1779,350,245,37.4117081,-121.9949899
148960082,2,12,37.4130744,-121.9955766,99,17.92,168.6,195,155,281,-1757,353,350,37.4117081,-121.9949899
149060698,2,12,37.4130583,-121.9955724,99,18.32,168.3,195,155,281,-1794,368,386,37.4117081,-121.9949899
149161218,2,12,37.4130420,-121.9955682,98,18.74,168.8,195,155,281,-1839,362,395,37.4117081,-121.9949899
149261998,2,12,37.4130253,-121.9955642,98,19.05,169.4,195,155,280,-1873,349,389,37.4117081,-121.9949899
149364010,2,12,37.4130082,-121.9955606,97,19.36,171.6,195,155,280,-1915,280,400,37.4117081,-121.9949899
149464751,2,12,37.4129910,-121.9955576,97,19.56,172.5,195,155,280,-1940,253,389,37.4117081,-121.9949899
149564649,2,12,37.4129910,-121.9955576,97,19.56,172.5,195,155,280,-1940,253,389,37.4117081,-121.9949899
149565165,2,12,37.4129737,-121.9955548,97,19.70,173.1,195,155,280,-1955,235,366,37.4117081,-121.9949899
149665785,2,12,37.4129561,-121.9955525,96,20.02,174.5,195,155,280,-1993,189,342,37.4117081,-121.9949899
149766503,2,12,37.4129382,-121.9955506,96,20.29,175.5,195,155,280,-2023,157,305,37.4117081,-121.9949899
149867363,2,12,37.4129202,-121.9955491,96,20.36,176.7,195,155,280,-2033,116,270,37.4117081,-121.9949899
149968374,2,12,37.4129022,-121.9955482,95,20.32,178.0,195,155,279,-2031,70,278,37.4117081,-121.9949899
150068916,2,12,37.4128840,-121.9955476,95,20.38,178.9,195,155,279,-2038,38,280,37.4117081,-121.9949899
150169414,2,12,37.4128658,-121.9955476,95,20.64,180.4,195,154,279,-2064,-16,264,37.4117081,-121.9949899
150270147,2,12,37.4128478,-121.9955480,95,20.29,181.1,195,154,278,-2028,-40,256,37.4117081,-121.9949899
150370134,2,12,37.4128303,-121.9955480,94,19.79,180.3,195,154,278,-1979,-11,106,37.4117081,-121.9949899
150450421,2,12,37.4128134,-121.9955474,94,19.40,176.9,195,154,278,-1938,101,-96,37.4117081,-121.9949899
150551297,2,12,37.4127962,-121.9955462,95,19.50,177.0,195,154,277,-1947,101,-224,37.4117081,-121.9949899
150651434,2,12,37.4127786,-121.9955448,95,19.71,177.6,195,154,277,-1970,81,-86,37.4117081,-121.9949899
150751857,2,12,37.4127611,-121.9955442,95,19.81,178.0,195,153,276,-1980,68,33,37.4117081,-121.9949899
150852622,2,12,37.4127439,-121.9955451,95,19.31,183.2,195,153,276,-1927,-110,-25,37.4117081,-121.9949899
150952904,2,12,37.4127282,-121.9955494,95,18.40,192.8,195,153,275,-1794,-408,-212,37.4117081,-121.9949899
151054167,2,12,37.4127137,-121.9955561,96,17.06,202.9,195,154,275,-1572,-664,-267,37.4117081,-121.9949899
151154594,2,12,37.4126999,-121.9955650,96,17.05,208.5,195,154,275,-1498,-814,-193,37.4117081,-121.9949899
151255324,2,12,37.4126869,-121.9955747,96,16.71,210.6,195,154,275,-1438,-851,-99,37.4117081,-121.9949899
151355569,2,12,37.4126743,-121.9955855,96,16.83,215.4,195,154,275,-1370,-977,11,37.4117081,-121.9949899
151456023,2,12,37.4126641,-121.9955988,96,16.21,229.9,195,154,275,-1044,-1240,112,37.4117081,-121.9949899
151556524,2,12,37.4126563,-121.9956142,96,16.36,240.1,195,155,276,-814,-1419,166,37.4117081,-121.9949899
151656944,2,12,37.4126498,-121.9956310,95,16.70,246.1,195,155,276,-674,-1528,284,37.4117081,-121.9949899
151717694,2,12,37.4126498,-121.9956310,95,16.70,246.1,195,155,276,-674,-1528,284,37.4117081,-121.9949899
151757380,2,12,37.4126447,-121.9956472,94,15.56,250.2,195,155,276,-526,-1464,352,37.4117081,-121.9949899
151857938,2,12,37.4126423,-121.9956625,94,13.76,263.9,195,155,276,-145,-1368,432,37.4117081,-121.9949899
151959140,2,12,37.4126432,-121.9956768,93,12.57,278.2,195,155,277,181,-1244,528,37.4117081,-121.9949899
152059668,2,12,37.4126464,-121.9956898,92,11.99,289.5,195,155,277,402,-1130,640,37.4117081,-121.9949899
152161149,2,12,37.4126528,-121.9957001,91,11.36,313.4,195,156,278,781,-824,696,37.4117081,-121.9949899
152261463,2,12,37.4126619,-121.9957072,90,12.86,333.0,195,156,279,1146,-583,796,37.4117081,-121.9949899
152362186,2,12,37.4126722,-121.9957109,88,12.79,347.1,195,156,279,1247,-284,885,37.4117081,-121.9949899
152462474,2,12,37.4126837,-121.9957109,87,12.86,2.8,195,157,279,1284,64,836,37.4117081,-121.9949899
152562749,2,12,37.4126935,-121.9957074,87,11.17,17.0,195,157,280,1068,327,769,37.4117081,-121.9949899
152664277,2,12,37.4127013,-121.9957005,86,10.22,35.5,195,158,281,831,594,695,37.4117081,-121.9949899
152765653,2,12,37.4127100,-121.9956915,87,11.10,44.2,195,158,281,795,774,397,37.4117081,-121.9949899
152846596,2,12,37.4127176,-121.9956816,88,10.91,51.8,195,159,282,674,858,62,37.4117081,-121.9949899
152967145,2,12,37.4127220,-121.9956732,89,9.02,64.7,195,161,282,384,816,-277,37.4117081,-121.9949899
153048071,2,12,37.4127246,-121.9956657,91,7.97,76.5,195,162,282,186,775,-624,37.4117081,-121.9949899
153148928,2,12,37.4127250,-121.9956585,92,7.46,90.4,195,163,283,-5,746,-846,37.4117081,-121.9949899
153249614,2,12,37.4127251,-121.9956487,94,8.98,95.4,195,164,283,-86,893,-1078,37.4117081,-121.9949899
153350360,2,12,37.4127219,-121.9956431,96,7.66,114.5,195,165,284,-318,697,-1225,37.4117081,-121.9949899
153451479,2,11,37.4127183,-121.9956373,97,7.22,122.7,208,166,284,-391,607,-1298,37.4117081,-121.9949899
153553014,2,11,37.4127135,-121.9956326,99,7.31,134.7,208,167,285,-514,519,-1332,37.4117081,-121.9949899
153653669,2,11,37.4127089,-121.9956280,100,6.61,139.1,208,168,285,-500,432,-1325,37.4117081,-121.9949899
153754370,2,11,37.4127036,-121.9956251,101,6.00,152.2,208,169,286,-531,279,-1269,37.4117081,-121.9949899
153854389,2,11,37.4126964,-121.9956260,102,6.76,179.0,208,171,286,-676,10,-1188,37.4117081,-121.9949899
153874159,2,11,37.4126964,-121.9956260,102,6.76,179.0,208,171,286,-676,10,-1188,37.4117081,-121.9949899
153955098,2,11,37.4126877,-121.9956297,103,8.67,195.9,208,172,287,-834,-238,-1098,37.4117081,-121.9949899
154056304,2,12,37.4126789,-121.9956340,104,9.55,204.6,195,173,287,-868,-398,-968,37.4117081,-121.9949899
154157280,2,11,37.4126702,-121.9956404,104,10.45,214.7,208,174,288,-858,-595,-846,37.4117081,-121.9949899
154258515,2,11,37.4126614,-121.9956488,104,11.54,225.1,208,175,288,-814,-817,-649,37.4117081,-121.9949899
154359849,2,11,37.4126537,-121.9956571,104,11.73,229.8,208,176,289,-757,-896,-447,37.4117081,-121.9949899
154461398,2,11,37.4126457,-121.9956690,104,13.68,239.6,208,178,290,-690,-1181,-193,37.4117081,-121.9949899
154562509,2,12,37.4126388,-121.9956828,103,15.15,248.3,195,178,291,-558,-1408,96,37.4117081,-121.9949899
154662951,2,12,37.4126347,-121.9956948,102,13.85,255.0,195,179,291,-357,-1338,330,37.4117081,-121.9949899
154763318,2,12,37.4126318,-121.9957062,101,12.99,259.8,195,180,292,-228,-1278,573,37.4117081,-121.9949899
154864016,2,12,37.4126308,-121.9957166,99,12.08,269.7,195,180,292,-4,-1208,840,37.4117081,-121.9949899
154964174,2,12,37.4126328,-121.9957262,97,11.14,284.3,195,180,292,276,-1079,1011,37.4117081,-121.9949899
155044804,2,12,37.4126366,-121.9957336,96,9.59,299.3,195,180,292,469,-836,1211,37.4117081,-121.9949899
155145735,2,12,37.4126403,-121.9957432,94,9.30,295.4,195,181,292,399,-840,1243,37.4117081,-121.9949899
155246681,2,12,37.4126436,-121.9957542,93,10.23,290.6,195,182,293,360,-958,1248,37.4117081,-121.9949899
155347690,2,12,37.4126481,-121.9957664,92,11.80,292.9,195,183,294,459,-1087,1264,37.4117081,-121.9949899
155448082,2,12,37.4126546,-121.9957790,91,12.98,299.5,195,183,295,639,-1129,1269,37.4117081,-121.9949899
155548277,2,12,37.4126633,-121.9957944,90,14.88,302.2,195,184,297,793,-1259,1153,37.4117081,-121.9949899
155649098,2,12,37.4126718,-121.9958103,89,15.26,301.8,195,184,298,806,-1295,1016,37.4117081,-121.9949899
155749414,2,12,37.4126797,-121.9958266,89,15.18,299.8,195,185,300,756,-1316,881,37.4117081,-121.9949899
155850151,2,12,37.4126871,-121.9958420,89,14.83,299.9,195,186,302,740,-1285,798,37.4117081,-121.9949899
155950457,2,12,37.4126934,-121.9958578,88,15.27,296.3,195,186,303,678,-1368,788,37.4117081,-121.9949899
156028448,2,12,37.4126934,-121.9958578,88,15.27,296.3,195,186,303,678,-1368,788,37.4117081,-121.9949899
156050676,2,12,37.4126990,-121.9958739,87,15.81,293.2,195,186,304,623,-1453,820,37.4117081,-121.9949899
156150996,2,12,37.4127066,-121.9958906,86,16.18,298.7,195,187,306,778,-1418,760,37.4117081,-121.9949899
156251835,2,12,37.4127163,-121.9959072,86,16.71,305.3,195,187,307,967,-1363,656,37.4117081,-121.9949899
156352224,2,12,37.4127265,-121.9959216,86,16.34,310.2,195,188,309,1056,-1247,618,37.4117081,-121.9949899
156452500,2,12,37.4127358,-121.9959351,85,15.83,310.2,195,189,311,1022,-1208,628,37.4117081,-121.9949899
156552925,2,12,37.4127451,-121.9959458,84,14.69,314.6,195,190,313,1032,-1045,681,37.4117081,-121.9949899
156653679,2,12,37.4127556,-121.9959550,83,14.08,322.0,195,191,315,1110,-866,697,37.4117081,-121.9949899
156754867,2,12,37.4127678,-121.9959620,83,14.40,332.7,195,191,317,1280,-659,696,37.4117081,-121.9949899
156855617,2,12,37.4127789,-121.9959670,82,12.73,338.2,195,191,318,1182,-472,700,37.4117081,-121.9949899
156956201,2,12,37.4127914,-121.9959733,82,12.54,343.8,195,192,319,1204,-349,553,37.4117081,-121.9949899
157057762,2,12,37.4128044,-121.9959790,83,12.16,348.7,195,192,319,1193,-237,368,37.4117081,-121.9949899
157158150,2,12,37.4128172,-121.9959835,83,12.99,348.7,195,192,320,1274,-253,275,37.4117081,-121.9949899
157258846,2,12,37.4128302,-121.9959879,83,13.69,348.2,195,192,321,1340,-279,224,37.4117081,-121.9949899
157359795,2,12,37.4128427,-121.9959900,82,14.50,348.7,195,192,322,1422,-282,305,37.4117081,-121.9949899
157460225,2,12,37.4128557,-121.9959932,82,13.21,352.9,195,193,323,1311,-162,216,37.4117081,-121.9949899
157560490,2,12,37.4128684,-121.9959970,83,11.86,356.8,195,193,325,1184,-65,25,37.4117081,-121.9949899
157661049,2,12,37.4128803,-121.9960004,84,12.38,352.2,195,193,326,1227,-166,-53,37.4117081,-121.9949899
157741353,2,12,37.4128917,-121.9960030,83,13.24,347.3,195,194,327,1292,-289,15,37.4117081,-121.9949899
157861823,2,12,37.4129039,-121.9960075,83,14.17,342.8,195,194,328,1354,-417,50,37.4117081,-121.9949899
157942618,2,12,37.4129153,-121.9960123,83,12.55,343.5,195,195,331,1203,-356,0,37.4117081,-121.9949899
158042728,2,12,37.4129264,-121.9960155,84,11.45,349.6,195,196,333,1127,-206,-67,37.4117081,-121.9949899
158143080,2,12,37.4129381,-121.9960185,84,12.74,348.8,195,197,335,1250,-246,-83,37.4117081,-121.9949899
158177161,2,12,37.4129381,-121.9960185,84,12.74,348.8,195,197,335,1250,-246,-83,37.4117081,-121.9949899
158243608,2,12,37.4129485,-121.9960232,84,12.76,340.7,195,197,336,1205,-420,-45,37.4117081,-121.9949899
158344098,2,12,37.4129586,-121.9960297,84,12.96,333.1,195,198,338,1156,-585,0,37.4117081,-121.9949899
158444598,2,12,37.4129688,-121.9960343,84,11.27,340.3,195,198,339,1061,-380,-38,37.4117081,-121.9949899
158544950,2,12,37.4129795,-121.9960370,84,10.67,351.4,195,199,340,1055,-158,-129,37.4117081,-121.9949899
158645622,2,12,37.4129905,-121.9960395,85,11.77,351.3,195,200,341,1164,-177,-165,37.4117081,-121.9949899
158745679,2,12,37.4130019,-121.9960443,85,12.79,345.1,195,200,342,1237,-327,-208,37.4117081,-121.9949899
158845907,2,12,37.4130116,-121.9960490,85,12.42,336.8,195,201,344,1142,-489,-121,37.4117081,-121.9949899
158946133,2,12,37.4130211,-121.9960523,85,11.18,340.5,195,202,346,1055,-371,-76,37.4117081,-121.9949899
159048138,2,12,37.4130309,-121.9960547,85,10.18,350.1,195,202,347,1003,-173,-124,37.4117081,-121.9949899
159148892,2,12,37.4130409,-121.9960571,85,10.36,352.5,195,203,348,1027,-134,-177,37.4117081,-121.9949899
159249713,2,12,37.4130517,-121.9960581,85,12.35,351.5,195,203,349,1221,-180,-120,37.4117081,-121.9949899
159350899,2,12,37.4130636,-121.9960598,85,12.93,352.8,195,203,349,1283,-161,-121,37.4117081,-121.9949899
159452240,2,12,37.4130741,-121.9960605,85,11.79,354.1,195,204,350,1173,-119,-81,37.4117081,-121.9949899
159553213,2,12,37.4130843,-121.9960629,86,10.55,354.6,195,204,351,1050,-98,-155,37.4117081,-121.9949899
159653734,2,12,37.4130941,-121.9960656,86,10.38,351.8,195,205,352,1027,-147,-209,37.4117081,-121.9949899
159754168,2,12,37.4131036,-121.9960678,86,10.77,347.8,195,205,353,1053,-226,-177,37.4117081,-121.9949899
159854564,2,12,37.4131136,-121.9960707,86,11.83,344.2,195,206,354,1139,-321,-116,37.4117081,-121.9949899
159955503,2,12,37.4131249,-121.9960754,87,12.49,343.8,195,207,355,1199,-346,-157,37.4117081,-121.9949899
160056335,2,12,37.4131350,-121.9960805,87,11.34,341.4,195,207,357,1075,-361,-213,37.4117081,-121.9949899
160156828,2,12,37.4131445,-121.9960837,87,10.27,346.5,195,207,357,999,-238,-255,37.4117081,-121.9949899
160238132,2,12,37.4131527,-121.9960853,87,9.71,346.0,195,208,358,942,-234,-190,37.4117081,-121.9949899
160329813,2,12,37.4131527,-121.9960853,87,9.71,346.0,195,208,358,942,-234,-190,37.4117081,-121.9949899
160358502,2,12,37.4131608,-121.9960902,87,10.57,331.6,195,208,358,930,-502,-109,37.4117081,-121.9949899
160438889,2,12,37.4131698,-121.9960961,87,11.47,331.1,195,209,359,1004,-554,-77,37.4117081,-121.9949899
160539433,2,12,37.4131797,-121.9961026,88,11.16,334.7,195,209,360,1009,-476,-158,37.4117081,-121.9949899
160640993,2,12,37.4131900,-121.9961075,88,10.76,342.3,195,209,360,1026,-325,-250,37.4117081,-121.9949899
160741038,2,12,37.4132004,-121.9961102,89,10.94,350.0,195,210,360,1077,-189,-298,37.4117081,-121.9949899
160841292,2,12,37.4132112,-121.9961109,89,11.06,359.8,195,210,361,1106,-2,-349,37.4117081,-121.9949899
160941822,2,12,37.4132215,-121.9961075,90,10.87,16.6,195,210,361,1041,312,-379,37.4117081,-121.9949899
161042456,2,12,37.4132308,-121.9961010,90,11.12,31.0,195,211,362,952,574,-380,37.4117081,-121.9949899
161143127,2,12,37.4132399,-121.9960941,90,11.76,34.4,195,211,362,970,664,-397,37.4117081,-121.9949899
161243742,2,12,37.4132497,-121.9960867,91,12.63,33.4,195,211,363,1054,695,-432,37.4117081,-121.9949899
161344287,2,12,37.4132595,-121.9960815,91,11.96,23.6,195,212,364,1095,480,-422,37.4117081,-121.9949899
161444733,2,12,37.4132685,-121.9960759,92,10.99,26.5,195,212,364,983,490,-399,37.4117081,-121.9949899
161544945,2,12,37.4132767,-121.9960677,92,10.93,37.9,195,212,365,862,672,-359,37.4117081,-121.9949899
161645735,2,12,37.4132858,-121.9960579,92,12.69,38.6,195,213,366,991,793,-306,37.4117081,-121.9949899
161746337,2,12,37.4132949,-121.9960508,92,12.06,31.7,195,213,367,1025,635,-279,37.4117081,-121.9949899
161847344,2,12,37.4133046,-121.9960459,92,11.79,22.3,195,214,368,1090,448,-246,37.4117081,-121.9949899
161947933,2,12,37.4133142,-121.9960403,92,11.50,24.2,195,214,369,1048,472,-215,37.4117081,-121.9949899
162049144,2,12,37.4133225,-121.9960321,92,11.11,38.5,195,215,369,869,692,-205,37.4117081,-121.9949899
162150839,2,12,37.4133313,-121.9960220,92,12.60,42.3,195,215,370,931,849,-202,37.4117081,-121.9949899
162251349,2,12,37.4133407,-121.9960128,93,13.06,39.0,195,215,371,1014,823,-208,37.4117081,-121.9949899
162352906,2,12,37.4133517,-121.9960050,93,13.85,29.3,195,216,372,1207,679,-150,37.4117081,-121.9949899
162454633,2,12,37.4133614,-121.9959965,92,13.05,32.9,195,216,372,1094,710,-92,37.4117081,-121.9949899
162485633,2,12,37.4133614,-121.9959965,92,13.05,32.9,195,216,372,1094,710,-92,37.4117081,-121.9949899
162535065,2,12,37.4133694,-121.9959886,92,11.24,37.3,195,216,373,894,681,-50,37.4117081,-121.9949899
162655279,2,12,37.4133765,-121.9959776,92,11.76,47.5,195,217,373,793,868,30,37.4117081,-121.9949899
162735380,2,12,37.4133837,-121.9959637,91,13.54,56.1,195,217,373,754,1125,92,37.4117081,-121.9949899
162856079,2,12,37.4133909,-121.9959491,91,14.78,57.8,195,217,374,786,1252,78,37.4117081,-121.9949899
162936205,2,12,37.4133976,-121.9959339,91,15.17,60.9,195,217,375,736,1326,85,37.4117081,-121.9949899
163036353,2,12,37.4134020,-121.9959165,91,15.87,72.7,195,217,376,470,1516,80,37.4117081,-121.9949899
163137275,2,12,37.4134030,-121.9958974,91,16.61,86.2,195,218,377,108,1658,82,37.4117081,-121.9949899
163238108,2,12,37.4134018,-121.9958775,91,17.48,94.6,195,218,377,-142,1742,90,37.4117081,-121.9949899
163338606,2,12,37.4134016,-121.9958582,90,17.07,90.6,195,218,378,-20,1707,142,37.4117081,-121.9949899
163439200,2,12,37.4134030,-121.9958397,90,16.57,85.4,195,218,379,132,1652,144,37.4117081,-121.9949899
163539986,2,12,37.4134064,-121.9958239,91,15.05,77.9,195,218,379,314,1472,69,37.4117081,-121.9949899
163640615,2,12,37.4134077,-121.9958059,90,15.60,84.2,195,218,380,157,1553,73,37.4117081,-121.9949899
163741126,2,12,37.4134057,-121.9957861,90,17.18,96.6,195,219,381,-197,1707,46,37.4117081,-121.9949899
163841459,2,12,37.4134032,-121.9957671,90,17.22,99.6,195,219,381,-289,1698,19,37.4117081,-121.9949899
163941765,2,12,37.4134019,-121.9957486,91,16.72,95.9,195,219,382,-172,1663,12,37.4117081,-121.9949899
164042874,2,12,37.4134008,-121.9957307,90,15.62,93.9,195,219,384,-107,1558,100,37.4117081,-121.9949899
164143772,2,12,37.4134003,-121.9957129,90,15.56,92.1,195,220,385,-57,1555,132,37.4117081,-121.9949899
164244191,2,12,37.4133978,-121.9956944,90,16.78,99.3,195,220,386,-271,1655,51,37.4117081,-121.9949899
164344857,2,12,37.4133919,-121.9956751,90,17.52,109.2,195,221,386,-577,1654,57,37.4117081,-121.9949899
164445180,2,12,37.4133840,-121.9956570,90,18.09,118.0,195,221,387,-850,1597,24,37.4117081,-121.9949899
164545562,2,12,37.4133752,-121.9956405,90,18.23,123.6,195,221,387,-1011,1517,-88,37.4117081,-121.9949899
164637462,2,12,37.4133752,-121.9956405,90,18.23,123.6,195,221,387,-1011,1517,-88,37.4117081,-121.9949899
164646260,2,12,37.4133645,-121.9956250,91,18.60,130.6,195,221,387,-1212,1410,-168,37.4117081,-121.9949899
164746143,2,12,37.4133526,-121.9956083,91,19.62,131.7,195,221,387,-1306,1464,-152,37.4117081,-121.9949899
164846377,2,12,37.4133418,-121.9955907,91,19.04,127.8,195,221,388,-1168,1504,-66,37.4117081,-121.9949899
164946834,2,12,37.4133333,-121.9955746,91,17.43,124.6,195,221,388,-991,1434,-111,37.4117081,-121.9949899
165047671,2,12,37.4133248,-121.9955593,91,16.70,125.7,195,221,387,-974,1356,-139,37.4117081,-121.9949899
165148096,2,12,37.4133142,-121.9955447,91,17.12,131.4,195,221,387,-1132,1283,-127,37.4117081,-121.9949899
165248949,2,12,37.4133018,-121.9955308,91,18.53,137.3,195,222,387,-1362,1256,-145,37.4117081,-121.9949899
165349002,2,12,37.4132905,-121.9955160,92,18.46,134.2,195,222,387,-1287,1323,-157,37.4117081,-121.9949899
165449774,2,12,37.4132803,-121.9955002,92,17.91,130.1,195,222,387,-1155,1369,-140,37.4117081,-121.9949899
165549982,2,12,37.4132709,-121.9954843,92,17.18,127.1,195,223,387,-1038,1368,-119,37.4117081,-121.9949899
165650568,2,12,37.4132601,-121.9954717,92,16.20,135.0,195,223,388,-1145,1145,-138,37.4117081,-121.9949899
165750927,2,12,37.4132461,-121.9954642,92,16.05,151.3,195,224,387,-1407,770,-117,37.4117081,-121.9949899
165831400,2,12,37.4132306,-121.9954594,92,16.67,162.2,195,224,387,-1587,509,-87,37.4117081,-121.9949899
165931909,2,12,37.4132148,-121.9954606,93,17.01,175.5,195,224,386,-1696,133,-215,37.4117081,-121.9949899
166032870,2,12,37.4131992,-121.9954657,93,16.99,189.5,195,225,385,-1675,-281,-331,37.4117081,-121.9949899
166134201,2,12,37.4131828,-121.9954720,94,18.05,195.2,195,225,385,-1741,-475,-324,37.4117081,-121.9949899
166234522,2,12,37.4131672,-121.9954763,94,17.73,192.5,195,225,385,-1731,-384,-282,37.4117081,-121.9949899
166334721,2,12,37.4131507,-121.9954786,94,18.21,188.5,195,226,385,-1801,-270,-173,37.4117081,-121.9949899
166435318,2,12,37.4131335,-121.9954823,94,19.23,189.0,195,226,386,-1899,-302,-149,37.4117081,-121.9949899
166535531,2,12,37.4131167,-121.9954883,94,19.02,194.2,195,226,386,-1843,-469,-138,37.4117081,-121.9949899
166635531,2,12,37.4131005,-121.9954966,94,18.99,200.8,195,226,387,-1774,-677,-131,37.4117081,-121.9949899
166735832,2,12,37.4130857,-121.9955063,94,18.59,205.6,195,226,386,-1677,-803,-169,37.4117081,-121.9949899
166790202,2,12,37.4130857,-121.9955063,94,18.59,205.6,195,226,386,-1677,-803,-169,37.4117081,-121.9949899
166836582,2,12,37.4130729,-121.9955178,95,17.59,211.5,195,226,386,-1499,-920,-306,37.4117081,-121.9949899
166937587,2,12,37.4130621,-121.9955306,96,16.61,217.8,195,225,386,-1310,-1020,-486,37.4117081,-121.9949899
167038210,2,12,37.4130519,-121.9955442,97,16.42,223.7,195,225,385,-1185,-1136,-591,37.4117081,-121.9949899
167138725,2,12,37.4130442,-121.9955579,98,14.89,235.0,195,224,386,-852,-1220,-606,37.4117081,-121.9949899
167238982,2,12,37.4130395,-121.9955714,99,13.08,245.3,195,224,386,-546,-1188,-650,37.4117081,-121.9949899
167339747,2,12,37.4130360,-121.9955848,100,12.57,250.8,195,223,386,-413,-1187,-670,37.4117081,-121.9949899
167441598,2,12,37.4130337,-121.9955984,100,12.27,257.9,195,223,386,-256,-1200,-661,37.4117081,-121.9949899
167542525,2,12,37.4130343,-121.9956104,101,10.54,274.2,195,222,386,78,-1051,-639,37.4117081,-121.9949899
167642184,2,12,37.4130368,-121.9956215,101,10.28,285.7,195,222,387,279,-990,-603,37.4117081,-121.9949899
167742803,2,12,37.4130411,-121.9956319,102,10.53,298.5,195,222,387,503,-925,-552,37.4117081,-121.9949899
167843211,2,12,37.4130470,-121.9956408,102,10.68,310.7,195,221,388,698,-808,-459,37.4117081,-121.9949899
167944830,2,12,37.4130543,-121.9956477,102,10.59,324.5,195,221,388,863,-614,-379,37.4117081,-121.9949899
168045697,2,12,37.4130625,-121.9956537,102,10.92,330.3,195,221,389,949,-541,-308,37.4117081,-121.9949899
168146403,2,12,37.4130714,-121.9956595,102,11.36,331.8,195,221,389,1002,-535,-260,37.4117081,-121.9949899
168247336,2,11,37.4130803,-121.9956657,102,11.69,331.2,212,221,390,1025,-561,-204,37.4117081,-121.9949899
168327962,2,12,37.4130894,-121.9956724,102,12.06,329.1,195,221,391,1036,-618,-136,37.4117081,-121.9949899
168448463,2,12,37.4130986,-121.9956794,102,12.54,327.9,195,221,391,1063,-664,-54,37.4117081,-121.9949899
168529115,2,12,37.4131085,-121.9956869,101,13.31,328.8,195,220,392,1139,-689,4,37.4117081,-121.9949899
168630122,2,12,37.4131192,-121.9956943,101,13.80,330.5,195,220,392,1201,-679,53,37.4117081,-121.9949899
168730977,2,12,37.4131289,-121.9957019,101,13.40,327.0,195,220,392,1124,-729,120,37.4117081,-121.9949899
168831603,2,10,37.4131386,-121.9957097,100,13.45,326.4,198,220,393,1122,-743,205,37.4117081,-121.9949899
168932750,2,10,37.4131481,-121.9957175,100,13.36,325.9,198,220,393,1107,-748,293,37.4117081,-121.9949899
169032991,2,10,37.4131571,-121.9957259,99,13.51,322.3,198,220,394,1069,-826,400,37.4117081,-121.9949899
169133500,2,10,37.4131661,-121.9957350,98,13.66,320.0,198,220,394,1046,-877,497,37.4117081,-121.9949899
169233566,2,10,37.4131751,-121.9957444,97,13.81,319.2,198,220,394,1046,-901,597,37.4117081,-121.9949899
169333906,2,10,37.4131842,-121.9957538,96,14.01,319.8,198,220,395,1071,-903,718,37.4117081,-121.9949899
169434534,2,10,37.4131940,-121.9957627,95,14.00,324.1,198,220,395,1135,-820,806,37.4117081,-121.9949899
169534997,2,10,37.4132040,-121.9957690,94,13.65,334.5,198,220,396,1232,-586,935,37.4117081,-121.9949899
169635306,2,10,37.4132146,-121.9957705,92,12.88,354.8,198,220,397,1283,-116,1022,37.4117081,-121.9949899
169736264,2,10,37.4132244,-121.9957663,91,12.24,16.5,198,219,397,1173,348,1128,37.4117081,-121.9949899
169836635,2,10,37.4132340,-121.9957588,89,13.09,32.5,198,218,397,1104,704,1179,37.4117081,-121.9949899
169937081,2,11,37.4132425,-121.9957478,88,14.11,45.0,196,218,397,997,999,1253,37.4117081,-121.9949899
170037822,2,11,37.4132506,-121.9957340,86,15.26,55.4,196,217,397,865,1257,1257,37.4117081,-121.9949899
170138806,2,11,37.4132581,-121.9957174,86,16.63,65.5,196,216,396,688,1514,1125,37.4117081,-121.9949899
170238377,2,11,37.4132640,-121.9956989,85,17.34,72.9,212,216,395,509,1658,987,37.4117081,-121.9949899
170338552,2,12,37.4132690,-121.9956788,85,18.07,80.3,195,215,393,301,1782,765,37.4117081,-121.9949899
170439037,2,10,37.4132724,-121.9956576,85,18.64,86.1,200,214,391,125,1860,519,37.4117081,-121.9949899
170539998,2,10,37.4132741,-121.9956361,86,18.53,90.0,200,213,388,-2,1853,332,37.4117081,-121.9949899
170640513,2,11,37.4132747,-121.9956147,86,18.48,92.4,197,212,386,-78,1846,188,37.4117081,-121.9949899
170741157,2,11,37.4132740,-121.9955935,86,18.50,94.4,197,211,384,-143,1844,121,37.4117081,-121.9949899
170841747,2,11,37.4132731,-121.9955722,86,18.51,94.5,197,211,382,-146,1845,90,37.4117081,-121.9949899
170942738,2,11,37.4132719,-121.9955509,86,18.57,95.0,197,210,380,-163,1850,89,37.4117081,-121.9949899
171043175,2,11,37.4132703,-121.9955293,86,18.56,95.0,197,209,377,-164,1848,117,37.4117081,-121.9949899
171089887,2,11,37.4132703,-121.9955293,86,18.56,95.0,197,209,377,-164,1848,117,37.4117081,-121.9949899
171143698,2,11,37.4132684,-121.9955078,86,18.70,96.3,197,208,375,-208,1859,149,37.4117081,-121.9949899
171244208,2,11,37.4132662,-121.9954863,85,18.55,97.3,197,208,373,-237,1840,196,37.4117081,-121.9949899
171324918,2,12,37.4132637,-121.9954653,85,18.50,98.4,195,207,371,-273,1830,237,37.4117081,-121.9949899
171425807,2,12,37.4132607,-121.9954441,85,18.90,100.8,195,206,369,-356,1856,213,37.4117081,-121.9949899
171525838,2,12,37.4132567,-121.9954226,84,19.42,104.6,195,206,367,-490,1879,128,37.4117081,-121.9949899
171626721,2,12,37.4132514,-121.9954016,84,19.48,109.2,195,205,365,-641,1840,17,37.4117081,-121.9949899
171728655,2,12,37.4132447,-121.9953814,85,19.23,114.0,195,204,363,-784,1756,-104,37.4117081,-121.9949899
171828709,2,12,37.4132374,-121.9953622,85,18.85,116.6,195,204,361,-844,1685,-216,37.4117081,-121.9949899
171929653,2,11,37.4132295,-121.9953437,85,18.54,118.9,197,203,359,-897,1622,-328,37.4117081,-121.9949899
172030027,2,11,37.4132211,-121.9953259,86,18.12,121.3,197,202,356,-943,1547,-393,37.4117081,-121.9949899
172130876,2,11,37.4132124,-121.9953088,86,17.87,122.9,197,202,354,-970,1500,-437,37.4117081,-121.9949899
172230875,2,11,37.4132035,-121.9952921,86,17.50,124.1,197,201,352,-982,1448,-440,37.4117081,-121.9949899
172331066,2,11,37.4131942,-121.9952759,87,17.38,126.1,197,200,350,-1024,1404,-453,37.4117081,-121.9949899
172431964,2,11,37.4131850,-121.9952603,87,16.98,126.4,197,200,348,-1008,1366,-481,37.4117081,-121.9949899
172531917,2,11,37.4131760,-121.9952452,88,16.39,126.8,197,199,347,-982,1311,-508,37.4117081,-121.9949899
172632215,2,11,37.4131673,-121.9952304,88,16.08,126.2,197,198,345,-950,1297,-533,37.4117081,-121.9949899
172732513,2,11,37.4131587,-121.9952157,89,15.79,126.2,197,198,344,-933,1274,-536,37.4117081,-121.9949899
172833177,2,11,37.4131505,-121.9952012,89,15.44,125.7,197,197,342,-902,1252,-560,37.4117081,-121.9949899
172934271,2,12,37.4131426,-121.9951871,90,14.89,124.8,195,197,341,-851,1221,-549,37.4117081,-121.9949899
173034460,2,12,37.4131351,-121.9951734,90,14.63,124.6,195,196,339,-832,1203,-564,37.4117081,-121.9949899
173135157,2,12,37.4131279,-121.9951599,91,14.20,123.6,195,196,338,-787,1182,-588,37.4117081,-121.9949899
173235705,2,12,37.4131213,-121.9951469,91,13.44,122.9,195,195,337,-732,1127,-618,37.4117081,-121.9949899
173242188,2,12,37.4131213,-121.9951469,91,13.44,122.9,195,195,337,-732,1127,-618,37.4117081,-121.9949899
173336828,2,12,37.4131152,-121.9951346,92,12.56,122.2,195,195,335,-670,1062,-662,37.4117081,-121.9949899
173437300,2,12,37.4131096,-121.9951229,93,11.84,121.0,195,194,334,-611,1014,-678,37.4117081,-121.9949899
173538622,2,12,37.4131046,-121.9951117,93,11.21,119.4,195,194,333,-550,976,-682,37.4117081,-121.9949899
173639606,2,12,37.4131002,-121.9951012,94,10.55,118.5,195,193,332,-504,926,-691,37.4117081,-121.9949899
173740128,2,12,37.4130961,-121.9950914,95,9.57,117.7,195,193,331,-445,846,-687,37.4117081,-121.9949899
173841172,2,12,37.4130928,-121.9950824,95,8.51,114.3,195,193,330,-351,775,-686,37.4117081,-121.9949899
173942579,2,12,37.4130901,-121.9950741,96,8.05,111.3,195,193,329,-293,749,-707,37.4117081,-121.9949899
174023627,2,12,37.4130883,-121.9950660,97,7.24,103.5,195,193,328,-169,704,-688,37.4117081,-121.9949899
174123896,2,12,37.4130868,-121.9950590,97,6.68,104.2,195,193,327,-165,647,-661,37.4117081,-121.9949899
174225315,2,12,37.4130857,-121.9950525,98,6.20,100.7,195,193,327,-115,609,-654,37.4117081,-121.9949899
174326130,2,12,37.4130852,-121.9950466,99,5.45,93.9,195,193,326,-37,543,-650,37.4117081,-121.9949899
174426971,2,12,37.4130852,-121.9950410,100,5.00,90.2,195,193,325,31,500,-617,37.4117081,-121.9949899
174527557,2,11,37.4130860,-121.9950351,100,5.09,84.4,208,193,325,93,501,-583,37.4117081,-121.9949899
174628256,2,11,37.4130870,-121.9950294,101,5.13,80.0,208,193,324,123,498,-539,37.4117081,-121.9949899
174728977,2,11,37.4130885,-121.9950233,101,5.24,74.8,208,193,323,171,495,-487,37.4117081,-121.9949899
174829287,2,11,37.4130904,-121.9950176,101,5.27,70.2,208,193,323,212,482,-451,37.4117081,-121.9949899
174930261,2,11,37.4130924,-121.9950122,102,5.17,66.3,208,193,322,239,458,-414,37.4117081,-121.9949899
175030575,2,11,37.4130947,-121.9950069,102,5.15,62.9,208,193,322,259,445,-378,37.4117081,-121.9949899
175131312,2,11,37.4130972,-121.9950019,102,5.14,59.0,208,193,321,292,423,-337,37.4117081,-121.9949899
175232381,2,11,37.4131001,-121.9949971,103,5.33,55.1,208,193,320,331,417,-307,37.4117081,-121.9949899
175332645,2,11,37.4131033,-121.9949924,103,5.58,51.2,208,193,320,374,414,-265,37.4117081,-121.9949899
175400530,2,11,37.4131033,-121.9949924,103,5.58,51.2,208,193,320,374,414,-265,37.4117081,-121.9949899
175433597,2,11,37.4131069,-121.9949880,103,5.56,47.0,208,193,319,404,381,-218,37.4117081,-121.9949899
175534305,2,11,37.4131109,-121.9949839,103,5.66,42.0,208,192,318,450,342,-189,37.4117081,-121.9949899
175634977,2,12,37.4131147,-121.9949812,103,5.64,36.8,195,192,317,479,297,-158,37.4117081,-121.9949899
175735382,2,12,37.4131190,-121.9949788,103,6.04,31.1,195,192,317,542,266,-115,37.4117081,-121.9949899
175836768,2,11,37.4131240,-121.9949764,103,6.08,25.1,208,192,316,574,201,-86,37.4117081,-121.9949899
175937860,2,12,37.4131286,-121.9949757,103,6.28,19.2,195,191,315,609,152,-53,37.4117081,-121.9949899
176037864,2,12,37.4131336,-121.9949756,104,6.73,13.1,195,191,314,667,92,-41,37.4117081,-121.9949899
176138414,2,12,37.4131389,-121.9949760,104,7.03,9.1,195,190,313,699,72,11,37.4117081,-121.9949899
176239610,2,11,37.4131454,-121.9949755,103,7.29,5.0,208,190,313,729,15,57,37.4117081,-121.9949899
176320613,2,11,37.4131521,-121.9949756,103,7.59,1.0,208,190,312,758,-32,86,37.4117081,-121.9949899
176420186,2,11,37.4131590,-121.9949762,103,7.88,357.1,208,189,311,784,-85,127,37.4117081,-121.9949899
176520707,2,11,37.4131663,-121.9949775,103,8.25,350.3,208,189,311,813,-138,153,37.4117081,-121.9949899
176621603,2,11,37.4131737,-121.9949797,103,8.39,344.9,208,189,310,810,-218,137,37.4117081,-121.9949899
176722161,2,11,37.4131811,-121.9949831,103,8.63,339.3,208,188,310,808,-305,110,37.4117081,-121.9949899
176822970,2,12,37.4131880,-121.9949879,103,9.28,337.3,195,188,309,856,-358,73,37.4117081,-121.9949899
176923303,2,12,37.4131947,-121.9949943,103,9.53,335.3,195,188,309,867,-397,104,37.4117081,-121.9949899
177024203,2,11,37.4132025,-121.9949986,102,9.75,334.6,208,187,307,881,-418,172,37.4117081,-121.9949899
177124612,2,12,37.4132099,-121.9950042,102,9.94,335.2,195,187,306,903,-415,236,37.4117081,-121.9949899
177225201,2,12,37.4132176,-121.9950097,102,10.13,335.8,195,186,305,925,-414,298,37.4117081,-121.9949899
177325370,2,12,37.4132257,-121.9950151,102,10.37,336.4,195,186,304,951,-414,329,37.4117081,-121.9949899
177425529,2,12,37.4132341,-121.9950203,101,10.69,336.9,195,185,303,983,-418,353,37.4117081,-121.9949899
177526287,2,12,37.4132427,-121.9950254,101,10.94,337.2,195,185,302,1009,-422,367,37.4117081,-121.9949899
177561621,2,12,37.4132427,-121.9950254,101,10.94,337.2,195,185,302,1009,-422,367,37.4117081,-121.9949899
177626621,2,11,37.4132520,-121.9950300,101,11.27,337.4,208,184,301,1041,-431,386,37.4117081,-121.9949899
177727534,2,12,37.4132613,-121.9950350,100,11.53,338.2,195,184,300,1070,-428,393,37.4117081,-121.9949899
177828117,2,12,37.4132710,-121.9950398,100,11.78,339.6,195,183,298,1104,-409,364,37.4117081,-121.9949899
177928473,2,12,37.4132809,-121.9950447,100,11.86,339.6,195,183,297,1112,-412,274,37.4117081,-121.9949899
178029297,2,12,37.4132910,-121.9950496,99,11.91,340.2,195,182,296,1121,-402,126,37.4117081,-121.9949899
178129886,2,12,37.4133012,-121.9950543,99,12.01,341.8,195,182,295,1141,-374,-2,37.4117081,-121.9949899
178230292,2,11,37.4133113,-121.9950584,100,11.51,341.8,208,181,294,1093,-357,-116,37.4117081,-121.9949899
178331063,2,12,37.4133211,-121.9950624,100,11.22,342.6,195,181,293,1071,-334,-228,37.4117081,-121.9949899
178431894,2,12,37.4133303,-121.9950669,100,10.60,339.9,195,180,292,996,-364,-292,37.4117081,-121.9949899
178532784,2,12,37.4133392,-121.9950715,101,10.41,339.3,195,180,291,974,-367,-331,37.4117081,-121.9949899
178633375,2,12,37.4133478,-121.9950760,101,10.22,339.9,195,179,290,960,-350,-346,37.4117081,-121.9949899
178733934,2,11,37.4133567,-121.9950794,101,10.47,342.3,208,179,290,998,-318,-358,37.4117081,-121.9949899
178834227,2,11,37.4133657,-121.9950827,102,10.31,343.3,208,179,289,987,-295,-353,37.4117081,-121.9949899
178934625,2,11,37.4133745,-121.9950857,102,10.20,344.2,208,178,289,982,-276,-345,37.4117081,-121.9949899
179035246,2,12,37.4133832,-121.9950890,102,10.19,344.6,195,178,288,983,-269,-345,37.4117081,-121.9949899
179115821,2,12,37.4133918,-121.9950922,103,10.03,345.5,195,178,287,971,-250,-333,37.4117081,-121.9949899
179236106,2,12,37.4134003,-121.9950953,103,10.01,345.2,195,177,286,968,-254,-307,37.4117081,-121.9949899
179316869,2,11,37.4134091,-121.9950979,103,10.03,346.4,208,177,286,975,-235,-300,37.4117081,-121.9949899
179417254,2,11,37.4134178,-121.9951004,104,9.84,346.6,208,177,285,958,-227,-285,37.4117081,-121.9949899
179517659,2,11,37.4134263,-121.9951031,104,9.60,344.3,208,177,285,924,-258,-285,37.4117081,-121.9949899
179617902,2,11,37.4134345,-121.9951064,104,9.47,340.6,208,176,285,894,-313,-313,37.4117081,-121.9949899
179711904,2,11,37.4134345,-121.9951064,104,9.47,340.6,208,176,285,894,-313,-313,37.4117081,-121.9949899
179718759,2,11,37.4134425,-121.9951101,105,9.49,337.7,208,176,285,878,-359,-297,37.4117081,-121.9949899
179819541,2,11,37.4134501,-121.9951146,105,9.55,333.7,208,176,284,857,-421,-266,37.4117081,-121.9949899
179920887,2,11,37.4134575,-121.9951199,105,9.73,329.6,208,176,284,840,-492,-235,37.4117081,-121.9949899
180021421,2,11,37.4134649,-121.9951259,105,9.95,326.2,208,176,284,828,-552,-208,37.4117081,-121.9949899
180122569,2,11,37.4134722,-121.9951326,105,10.22,323.2,208,176,284,819,-612,-181,37.4117081,-121.9949899
180222707,2,12,37.4134789,-121.9951402,106,10.33,320.1,195,176,284,793,-661,-138,37.4117081,-121.9949899
180323862,2,11,37.4134856,-121.9951482,106,10.36,316.0,208,176,284,746,-719,-91,37.4117081,-121.9949899
180424597,2,11,37.4134919,-121.9951569,106,10.58,312.3,208,176,284,712,-782,-58,37.4117081,-121.9949899
180525425,2,11,37.4134978,-121.9951662,106,10.69,309.2,208,176,284,677,-827,-11,37.4117081,-121.9949899
180626030,2,11,37.4135039,-121.9951760,106,11.41,308.2,208,176,284,706,-896,33,37.4117081,-121.9949899
180726551,2,12,37.4135096,-121.9951868,106,11.79,306.7,195,175,283,706,-944,74,37.4117081,-121.9949899
180826915,2,11,37.4135156,-121.9951976,105,12.06,304.3,208,175,283,680,-996,132,37.4117081,-121.9949899
180927363,2,11,37.4135215,-121.9952088,105,12.22,302.4,208,175,283,656,-1032,179,37.4117081,-121.9949899
181027733,2,11,37.4135270,-121.9952207,105,12.60,300.2,208,175,283,634,-1088,244,37.4117081,-121.9949899
181128357,2,12,37.4135324,-121.9952331,104,12.81,300.3,195,175,283,648,-1105,293,37.4117081,-121.9949899
181228721,2,11,37.4135379,-121.9952456,104,13.04,298.2,208,175,283,617,-1148,373,37.4117081,-121.9949899
181328990,2,11,37.4135429,-121.9952588,104,13.27,294.6,208,175,283,553,-1206,423,37.4117081,-121.9949899
181429668,2,11,37.4135470,-121.9952731,103,13.63,287.6,208,175,283,414,-1298,413,37.4117081,-121.9949899
181529302,2,11,37.4135493,-121.9952887,103,14.41,277.0,208,175,283,176,-1430,353,37.4117081,-121.9949899
181630207,2,11,37.4135492,-121.9953054,102,15.12,267.3,208,175,283,-71,-1510,319,37.4117081,-121.9949899
181731048,2,12,37.4135473,-121.9953221,102,15.41,259.7,195,175,283,-275,-1516,268,37.4117081,-121.9949899
181832150,2,12,37.4135432,-121.9953384,101,15.59,249.6,195,175,283,-543,-1462,208,37.4117081,-121.9949899
181860440,2,12,37.4135432,-121.9953384,101,15.59,249.6,195,175,283,-543,-1462,208,37.4117081,-121.9949899
181912379,2,12,37.4135366,-121.9953540,101,16.26,239.7,195,175,283,-819,-1405,162,37.4117081,-121.9949899
182032790,2,12,37.4135274,-121.9953694,101,17.32,231.0,195,175,283,-1088,-1347,161,37.4117081,-121.9949899
182113225,2,12,37.4135163,-121.9953832,101,17.61,222.4,195,175,283,-1298,-1189,129,37.4117081,-121.9949899
182214744,2,12,37.4135038,-121.9953946,100,17.79,215.1,195,175,283,-1454,-1024,103,37.4117081,-121.9949899
182316055,2,12,37.4134895,-121.9954042,100,18.24,206.3,195,175,283,-1635,-808,111,37.4117081,-121.9949899
182416822,2,12,37.4134743,-121.9954118,100,18.34,199.2,195,175,283,-1731,-604,103,37.4117081,-121.9949899
182518541,2,12,37.4134585,-121.9954176,100,18.39,194.3,195,174,283,-1781,-457,81,37.4117081,-121.9949899
182618960,2,12,37.4134423,-121.9954227,100,18.55,194.2,195,174,283,-1798,-455,99,37.4117081,-121.9949899
182719514,2,12,37.4134261,-121.9954276,100,18.65,193.5,195,174,282,-1814,-436,110,37.4117081,-121.9949899
182819977,2,12,37.4134099,-121.9954321,100,18.74,192.5,195,173,282,-1829,-408,76,37.4117081,-121.9949899
182920485,2,12,37.4133936,-121.9954366,100,18.82,193.1,195,173,282,-1832,-427,112,37.4117081,-121.9949899
183020904,2,12,37.4133772,-121.9954411,100,18.51,193.3,195,172,281,-1801,-426,220,37.4117081,-121.9949899
183121550,2,12,37.4133610,-121.9954458,100,18.68,193.5,195,172,281,-1815,-437,269,37.4117081,-121.9949899
183222326,2,12,37.4133447,-121.9954509,99,18.94,194.6,195,172,280,-1832,-480,269,37.4117081,-121.9949899
183322430,2,12,37.4133285,-121.9954563,99,19.25,195.7,195,171,280,-1852,-524,195,37.4117081,-121.9949899
183423098,2,12,37.4133118,-121.9954617,99,19.56,194.8,195,171,279,-1890,-502,144,37.4117081,-121.9949899
183523593,2,12,37.4132950,-121.9954668,99,19.64,193.7,195,171,279,-1907,-467,103,37.4117081,-121.9949899
183624575,2,12,37.4132781,-121.9954716,99,19.66,192.3,195,170,279,-1921,-421,78,37.4117081,-121.9949899
183724872,2,12,37.4132612,-121.9954760,99,19.62,191.9,195,170,278,-1919,-407,50,37.4117081,-121.9949899
183825232,2,12,37.4132441,-121.9954801,99,19.79,191.0,195,169,278,-1943,-378,59,37.4117081,-121.9949899
183926882,2,12,37.4132269,-121.9954838,99,19.76,190.2,195,169,277,-1945,-350,55,37.4117081,-121.9949899
184010708,2,12,37.4132269,-121.9954838,99,19.76,190.2,195,169,277,-1945,-350,55,37.4117081,-121.9949899
184027732,2,12,37.4132096,-121.9954874,99,19.84,189.7,195,168,277,-1956,-336,67,37.4117081,-121.9949899
184128926,2,12,37.4131922,-121.9954908,98,19.89,189.1,195,168,277,-1963,-316,81,37.4117081,-121.9949899
184230175,2,12,37.4131747,-121.9954940,98,19.95,188.5,195,167,276,-1972,-298,71,37.4117081,-121.9949899
184310731,2,12,37.4131569,-121.9954970,98,20.22,188.1,195,167,276,-2002,-287,75,37.4117081,-121.9949899
184411654,2,12,37.4131391,-121.9954997,98,20.09,186.9,195,167,276,-1995,-241,101,37.4117081,-121.9949899
184512737,2,12,37.4131213,-121.9955019,98,20.05,186.0,195,166,275,-1994,-211,102,37.4117081,-121.9949899
184613797,2,12,37.4131033,-121.9955038,98,20.39,185.1,195,166,275,-2031,-184,102,37.4117081,-121.9949899
184714357,2,12,37.4130851,-121.9955054,98,20.36,184.3,195,165,275,-2030,-154,118,37.4117081,-121.9949899
184814578,2,12,37.4130670,-121.9955064,98,20.28,182.9,195,165,274,-2026,-105,138,37.4117081,-121.9949899
184914889,2,12,37.4130492,-121.9955065,97,20.05,179.2,195,165,274,-2005,26,69,37.4117081,-121.9949899
185016048,2,12,37.4130317,-121.9955044,98,19.74,172.2,195,164,274,-1956,266,-28,37.4117081,-121.9949899
185116531,2,12,37.4130146,-121.9955005,98,19.58,169.2,195,164,274,-1924,366,-81,37.4117081,-121.9949899
185217431,2,12,37.4129976,-121.9954963,98,19.19,169.5,195,164,273,-1887,346,-100,37.4117081,-121.9949899
185318109,2,11,37.4129815,-121.9954914,98,18.47,165.1,198,163,273,-1786,472,-257,37.4117081,-121.9949899
185418787,2,11,37.4129662,-121.9954850,98,18.04,160.1,198,163,273,-1696,613,-372,37.4117081,-121.9949899
185519874,2,11,37.4129513,-121.9954774,99,17.88,156.7,198,163,272,-1644,705,-449,37.4117081,-121.9949899
185620404,2,11,37.4129380,-121.9954686,99,16.62,149.8,198,163,272,-1438,834,-541,37.4117081,-121.9949899
185720920,2,11,37.4129267,-121.9954587,100,15.09,143.5,198,162,272,-1213,896,-584,37.4117081,-121.9949899
185821208,2,11,37.4129168,-121.9954483,101,14.31,140.0,198,162,271,-1097,919,-557,37.4117081,-121.9949899
185922113,2,11,37.4129076,-121.9954375,101,14.08,136.5,198,162,271,-1022,968,-531,37.4117081,-121.9949899
186023351,2,11,37.4129001,-121.9954255,102,13.43,126.0,198,162,271,-791,1085,-592,37.4117081,-121.9949899
186124367,2,11,37.4128954,-121.9954131,103,12.41,113.7,198,162,270,-500,1136,-619,37.4117081,-121.9949899
186161715,2,11,37.4128954,-121.9954131,103,12.41,113.7,198,162,270,-500,1136,-619,37.4117081,-121.9949899
186225221,2,12,37.4128926,-121.9954008,103,11.39,105.0,195,162,270,-295,1100,-605,37.4117081,-121.9949899
186326529,2,12,37.4128910,-121.9953882,104,11.45,98.3,195,162,270,-165,1133,-579,37.4117081,-121.9949899
186408010,2,12,37.4128910,-121.9953759,105,11.09,87.5,195,162,270,47,1108,-511,37.4117081,-121.9949899
186508096,2,12,37.4128936,-121.9953647,105,10.36,68.5,195,163,270,378,964,-437,37.4117081,-121.9949899
186608694,2,12,37.4128984,-121.9953550,105,10.24,53.2,195,163,270,612,821,-353,37.4117081,-121.9949899
186709498,2,12,37.4129049,-121.9953463,106,10.64,43.5,195,163,270,771,732,-256,37.4117081,-121.9949899
186810080,2,12,37.4129125,-121.9953391,106,10.93,33.1,195,163,270,915,598,-129,37.4117081,-121.9949899
186911245,2,11,37.4129208,-121.9953340,105,10.46,19.6,198,163,270,985,352,45,37.4117081,-121.9949899
187012198,2,11,37.4129296,-121.9953301,105,10.53,13.0,198,163,270,1026,238,244,37.4117081,-121.9949899
187113524,2,11,37.4129386,-121.9953266,104,10.50,15.0,198,164,270,1014,272,401,37.4117081,-121.9949899
187213913,2,12,37.4129473,-121.9953212,103,10.71,26.5,195,164,270,959,478,470,37.4117081,-121.9949899
187314107,2,12,37.4129552,-121.9953149,103,10.28,33.0,195,165,270,861,560,518,37.4117081,-121.9949899
187414748,2,11,37.4129630,-121.9953079,102,10.55,35.6,197,165,270,858,614,584,37.4117081,-121.9949899
187515702,2,11,37.4129705,-121.9952996,101,11.46,43.9,197,166,270,825,795,597,37.4117081,-121.9949899
187616966,2,10,37.4129770,-121.9952909,101,10.99,49.4,200,166,271,714,836,612,37.4117081,-121.9949899
187697467,2,10,37.4129833,-121.9952813,100,11.17,51.5,200,167,271,694,875,629,37.4117081,-121.9949899
187797825,2,10,37.4129905,-121.9952701,100,12.33,51.3,200,168,272,770,963,606,37.4117081,-121.9949899
187898116,2,10,37.4129975,-121.9952580,99,12.89,53.8,200,169,273,760,1041,618,37.4117081,-121.9949899
187998608,2,10,37.4130052,-121.9952455,98,14.03,54.5,200,170,274,812,1143,644,37.4117081,-121.9949899
188098704,2,10,37.4130120,-121.9952342,98,13.09,55.9,200,171,276,733,1084,730,37.4117081,-121.9949899
188199824,2,10,37.4130154,-121.9952233,97,11.42,66.1,200,173,278,461,1045,839,37.4117081,-121.9949899
188300670,2,10,37.4130153,-121.9952130,96,9.68,81.6,200,175,280,140,958,891,37.4117081,-121.9949899
188321338,2,10,37.4130153,-121.9952130,96,9.68,81.6,200,175,280,140,958,891,37.4117081,-121.9949899
188401681,2,10,37.4130118,-121.9952017,95,10.08,102.5,200,176,282,-219,984,880,37.4117081,-121.9949899
188502193,2,11,37.4130059,-121.9951892,94,12.01,116.9,197,178,285,-544,1071,843,37.4117081,-121.9949899
188603436,2,11,37.4129962,-121.9951739,93,16.30,126.3,197,180,288,-965,1313,765,37.4117081,-121.9949899
188703735,2,11,37.4129828,-121.9951561,92,20.54,131.4,197,182,292,-1359,1539,717,37.4117081,-121.9949899
188805402,2,11,37.4129688,-121.9951358,92,23.72,130.1,197,183,295,-1530,1813,640,37.4117081,-121.9949899
188905972,2,11,37.4129553,-121.9951161,92,24.48,130.5,197,185,298,-1591,1860,531,37.4117081,-121.9949899
189006097,2,12,37.4129438,-121.9950980,92,23.80,128.8,195,186,301,-1492,1855,361,37.4117081,-121.9949899
189106717,2,12,37.4129330,-121.9950797,93,23.32,126.7,195,188,304,-1395,1868,202,37.4117081,-121.9949899
189207675,2,12,37.4129225,-121.9950615,93,22.63,125.9,195,189,307,-1329,1832,73,37.4117081,-121.9949899
189308551,2,12,37.4129154,-121.9950463,94,19.44,121.9,195,190,309,-1028,1649,-67,37.4117081,-121.9949899
189409555,2,12,37.4129124,-121.9950348,96,15.46,114.4,195,191,311,-640,1407,-242,37.4117081,-121.9949899
189509329,2,12,37.4129109,-121.9950247,97,13.22,108.2,195,192,313,-415,1255,-417,37.4117081,-121.9949899
189609684,2,12,37.4129106,-121.9950160,99,11.35,102.7,195,193,314,-249,1107,-575,37.4117081,-121.9949899
189710298,2,12,37.4129127,-121.9950105,101,7.82,88.0,195,194,315,26,782,-683,37.4117081,-121.9949899
189810829,2,12,37.4129168,-121.9950073,102,5.79,59.5,195,195,316,293,499,-751,37.4117081,-121.9949899
189911551,2,12,37.4129225,-121.9950060,103,5.96,27.6,195,196,317,528,276,-799,37.4117081,-121.9949899
190011809,2,12,37.4129293,-121.9950065,104,6.91,8.1,195,197,318,684,97,-843,37.4117081,-121.9949899
190113727,2,12,37.4129358,-121.9950069,105,7.98,351.8,195,198,320,790,-113,-738,37.4117081,-121.9949899
190214832,2,12,37.4129431,-121.9950096,105,9.68,337.4,195,199,321,894,-371,-591,37.4117081,-121.9949899
190315640,2,12,37.4129514,-121.9950136,105,11.05,332.8,195,200,323,983,-504,-471,37.4117081,-121.9949899
190416096,2,12,37.4129607,-121.9950168,105,11.20,340.5,195,200,324,1057,-372,-432,37.4117081,-121.9949899
190482998,2,12,37.4129607,-121.9950168,105,11.20,340.5,195,200,324,1057,-372,-432,37.4117081,-121.9949899
190516348,2,12,37.4129707,-121.9950186,105,11.82,346.1,195,201,325,1148,-283,-368,37.4117081,-121.9949899
190616724,2,12,37.4129802,-121.9950190,104,11.59,347.3,195,202,326,1131,-253,-225,37.4117081,-121.9949899
190717598,2,12,37.4129890,-121.9950185,104,10.94,347.7,195,202,327,1069,-233,-44,37.4117081,-121.9949899
190818137,2,12,37.4129996,-121.9950180,103,12.61,351.6,195,203,328,1248,-183,127,37.4117081,-121.9949899
190918927,2,12,37.4130109,-121.9950170,102,13.03,358.0,195,203,329,1303,-43,208,37.4117081,-121.9949899
191019389,2,12,37.4130223,-121.9950155,102,12.99,1.9,195,204,330,1298,44,278,37.4117081,-121.9949899
191119448,2,12,37.4130337,-121.9950108,100,13.41,7.8,195,204,330,1329,182,460,37.4117081,-121.9949899
191220223,2,12,37.4130450,-121.9950022,98,13.96,17.0,195,204,330,1335,409,732,37.4117081,-121.9949899
191301582,2,12,37.4130576,-121.9949954,97,15.26,20.6,195,205,330,1428,538,789,37.4117081,-121.9949899
191401124,2,12,37.4130705,-121.9949910,97,14.80,14.5,195,205,331,1432,372,800,37.4117081,-121.9949899
191501241,2,12,37.4130835,-121.9949907,96,14.42,0.9,195,206,332,1441,22,867,37.4117081,-121.9949899
191602051,2,12,37.4130955,-121.9949940,95,13.71,351.2,195,207,334,1355,-209,867,37.4117081,-121.9949899
191702985,2,12,37.4131074,-121.9949976,94,13.71,349.3,195,208,336,1347,-254,868,37.4117081,-121.9949899
191803776,2,11,37.4131180,-121.9950011,93,12.78,346.2,245,209,338,1241,-303,903,37.4117081,-121.9949899
191904590,2,11,37.4131311,-121.9950069,92,14.44,343.2,245,211,341,1382,-416,873,37.4117081,-121.9949899
192006021,2,11,37.4131452,-121.9950152,92,15.87,338.5,245,212,344,1476,-581,811,37.4117081,-121.9949899
192107103,2,12,37.4131591,-121.9950265,92,16.15,332.6,195,213,346,1434,-743,652,37.4117081,-121.9949899
192207634,2,12,37.4131689,-121.9950354,91,14.00,328.5,195,214,349,1194,-731,638,37.4117081,-121.9949899
192307964,2,12,37.4131814,-121.9950463,91,15.05,329.9,195,215,351,1302,-754,542,37.4117081,-121.9949899
192408003,2,12,37.4131931,-121.9950546,91,15.08,332.8,195,215,353,1342,-687,563,37.4117081,-121.9949899
192508457,2,12,37.4132028,-121.9950638,90,14.06,328.8,195,216,356,1203,-727,576,37.4117081,-121.9949899
192608570,2,12,37.4132109,-121.9950775,90,13.23,315.8,195,217,359,949,-921,490,37.4117081,-121.9949899
192639187,2,12,37.4132109,-121.9950775,90,13.23,315.8,195,217,359,949,-921,490,37.4117081,-121.9949899
192709114,2,12,37.4132193,-121.9950945,91,14.63,307.2,195,218,361,886,-1165,378,37.4117081,-121.9949899
192809721,2,12,37.4132270,-121.9951066,90,14.69,311.7,195,219,364,978,-1096,463,37.4117081,-121.9949899
192910371,2,12,37.4132349,-121.9951187,89,14.75,312.2,195,220,367,993,-1091,530,37.4117081,-121.9949899
193010806,2,12,37.4132415,-121.9951312,88,14.09,307.3,195,221,370,855,-1119,566,37.4117081,-121.9949899
193111428,2,12,37.4132471,-121.9951457,88,13.26,299.8,195,223,373,659,-1151,500,37.4117081,-121.9949899
193212608,2,11,37.4132535,-121.9951617,88,14.77,297.4,208,224,376,681,-1310,482,37.4117081,-121.9949899
193312990,2,11,37.4132592,-121.9951767,87,14.78,296.1,208,225,379,652,-1326,482,37.4117081,-121.9949899
193414325,2,12,37.4132627,-121.9951942,87,14.66,288.4,195,226,381,464,-1391,429,37.4117081,-121.9949899
193515017,2,12,37.4132636,-121.9952120,87,14.26,276.4,195,227,383,161,-1417,350,37.4117081,-121.9949899
193615454,2,12,37.4132627,-121.9952298,87,14.19,266.5,195,228,386,-85,-1416,260,37.4117081,-121.9949899
193716186,2,12,37.4132608,-121.9952475,87,14.80,261.6,195,229,389,-216,-1464,213,37.4117081,-121.9949899
193816838,2,12,37.4132587,-121.9952659,87,16.13,262.8,195,230,393,-200,-1601,239,37.4117081,-121.9949899
193917479,2,12,37.4132587,-121.9952840,87,15.62,269.4,195,231,396,-15,-1562,248,37.4117081,-121.9949899
193998573,2,12,37.4132577,-121.9953008,87,15.21,267.7,195,232,399,-58,-1520,261,37.4117081,-121.9949899
194099520,2,12,37.4132571,-121.9953187,87,14.84,265.3,195,233,402,-121,-1479,184,37.4117081,-121.9949899
194200993,2,12,37.4132563,-121.9953344,87,12.79,260.2,195,234,405,-217,-1261,51,37.4117081,-121.9949899
194301635,2,12,37.4132550,-121.9953479,88,10.96,255.1,195,235,407,-281,-1059,-74,37.4117081,-121.9949899
194402332,2,12,37.4132529,-121.9953608,89,10.80,253.0,195,236,411,-314,-1034,-139,37.4117081,-121.9949899
194502749,2,12,37.4132511,-121.9953764,90,12.53,256.4,195,237,413,-293,-1218,-193,37.4117081,-121.9949899
194602874,2,12,37.4132484,-121.9953925,89,14.65,260.5,195,238,416,-239,-1445,-140,37.4117081,-121.9949899
194703265,2,12,37.4132455,-121.9954075,89,14.00,258.2,195,239,419,-284,-1371,-138,37.4117081,-121.9949899
194789448,2,12,37.4132455,-121.9954075,89,14.00,258.2,195,239,419,-284,-1371,-138,37.4117081,-121.9949899
194803692,2,12,37.4132421,-121.9954206,90,12.35,252.9,195,241,423,-362,-1181,-168,37.4117081,-121.9949899
194904661,2,12,37.4132382,-121.9954344,90,12.31,247.3,195,241,425,-473,-1136,-228,37.4117081,-121.9949899
195005121,2,12,37.4132330,-121.9954476,90,12.93,245.4,195,242,427,-538,-1176,-223,37.4117081,-121.9949899
195105932,2,12,37.4132266,-121.9954603,91,13.07,235.1,195,243,430,-746,-1073,-284,37.4117081,-121.9949899
195207193,2,12,37.4132188,-121.9954714,92,13.11,224.7,195,243,432,-932,-922,-357,37.4117081,-121.9949899
195307419,2,12,37.4132076,-121.9954796,92,14.32,212.2,195,244,434,-1212,-764,-395,37.4117081,-121.9949899
195407695,2,12,37.4131932,-121.9954857,92,16.43,202.8,195,244,435,-1514,-637,-395,37.4117081,-121.9949899
195508445,2,12,37.4131751,-121.9954889,92,19.01,193.7,195,244,435,-1846,-453,-358,37.4117081,-121.9949899
195609176,2,12,37.4131549,-121.9954894,92,20.37,186.8,195,244,435,-2022,-242,-271,37.4117081,-121.9949899
195709610,2,12,37.4131373,-121.9954900,92,19.49,181.0,195,244,435,-1949,-36,-276,37.4117081,-121.9949899
195810085,2,12,37.4131216,-121.9954923,93,19.38,181.3,195,244,435,-1938,-44,-392,37.4117081,-121.9949899
195910593,2,12,37.4131050,-121.9954956,94,19.04,188.2,195,244,436,-1884,-272,-392,37.4117081,-121.9949899
196011054,2,12,37.4130883,-121.9954997,94,18.44,193.1,195,243,437,-1795,-420,-323,37.4117081,-121.9949899
196111695,2,12,37.4130724,-121.9955040,94,17.51,194.7,195,243,436,-1694,-444,-257,37.4117081,-121.9949899
196211898,2,12,37.4130570,-121.9955080,93,17.00,194.9,195,243,436,-1642,-437,-194,37.4117081,-121.9949899
196313803,2,12,37.4130418,-121.9955116,93,16.30,194.9,195,242,435,-1575,-420,-99,37.4117081,-121.9949899
196413611,2,12,37.4130274,-121.9955149,92,15.73,193.1,195,241,433,-1532,-358,-29,37.4117081,-121.9949899
196514060,2,12,37.4130129,-121.9955173,92,15.95,189.1,195,240,432,-1575,-253,-3,37.4117081,-121.9949899
196594224,2,12,37.4129990,-121.9955191,92,15.49,185.7,195,240,430,-1541,-154,-8,37.4117081,-121.9949899
196694928,2,12,37.4129856,-121.9955206,92,15.08,185.0,195,239,428,-1502,-133,-17,37.4117081,-121.9949899
196816553,2,12,37.4129725,-121.9955221,92,14.66,185.4,195,238,426,-1459,-138,-28,37.4117081,-121.9949899
196896917,2,12,37.4129596,-121.9955240,93,14.73,186.8,195,237,425,-1462,-176,-40,37.4117081,-121.9949899
196942963,2,12,37.4129596,-121.9955240,93,14.73,186.8,195,237,425,-1462,-176,-40,37.4117081,-121.9949899
196997279,2,12,37.4129466,-121.9955269,93,15.21,189.0,195,236,423,-1502,-240,-100,37.4117081,-121.9949899
197098036,2,12,37.4129333,-121.9955301,93,15.67,189.8,195,235,421,-1544,-268,-138,37.4117081,-121.9949899
197198603,2,12,37.4129196,-121.9955338,93,15.90,192.2,195,234,418,-1554,-338,-141,37.4117081,-121.9949899
197299254,2,12,37.4129063,-121.9955398,94,16.07,200.7,195,233,415,-1503,-570,-220,37.4117081,-121.9949899
197399776,2,12,37.4128933,-121.9955482,94,16.36,208.6,195,232,414,-1436,-785,-216,37.4117081,-121.9949899
197500912,2,12,37.4128808,-121.9955583,94,16.46,214.6,195,232,412,-1354,-936,-159,37.4117081,-121.9949899
197602557,2,12,37.4128703,-121.9955708,94,16.08,226.0,195,231,410,-1116,-1158,-130,37.4117081,-121.9949899
197703455,2,12,37.4128618,-121.9955850,94,15.87,235.1,195,231,409,-907,-1302,-87,37.4117081,-121.9949899
197803801,2,12,37.4128541,-121.9956003,94,16.15,239.8,195,231,408,-811,-1397,-26,37.4117081,-121.9949899
197904380,2,12,37.4128480,-121.9956161,94,15.61,245.2,195,230,407,-654,-1418,27,37.4117081,-121.9949899
198004832,2,12,37.4128434,-121.9956317,94,14.69,251.5,195,230,407,-465,-1394,73,37.4117081,-121.9949899
198105553,2,12,37.4128401,-121.9956466,94,13.49,255.7,195,230,406,-332,-1307,148,37.4117081,-121.9949899
198205994,2,12,37.4128375,-121.9956610,93,13.14,260.4,195,229,406,-217,-1296,298,37.4117081,-121.9949899
198306727,2,12,37.4128361,-121.9956740,92,11.44,268.3,195,229,405,-33,-1143,478,37.4117081,-121.9949899
198407050,2,12,37.4128366,-121.9956846,91,9.33,282.3,195,229,405,199,-911,701,37.4117081,-121.9949899
198507466,2,12,37.4128404,-121.9956928,90,8.52,304.3,195,229,405,480,-703,831,37.4117081,-121.9949899
198607436,2,12,37.4128448,-121.9957016,88,9.71,302.8,195,229,405,527,-815,931,37.4117081,-121.9949899
198707981,2,11,37.4128477,-121.9957125,87,11.11,292.9,197,229,405,433,-1022,1080,37.4117081,-121.9949899
198808255,2,11,37.4128481,-121.9957237,85,10.02,279.8,197,229,405,171,-987,1198,37.4117081,-121.9949899
198908620,2,11,37.4128475,-121.9957346,84,9.31,267.4,197,229,406,-41,-930,1171,37.4117081,-121.9949899
199009665,2,11,37.4128493,-121.9957425,83,7.21,277.4,197,230,407,93,-715,1153,37.4117081,-121.9949899
199089897,2,11,37.4128527,-121.9957482,82,6.26,296.1,197,230,407,276,-562,1183,37.4117081,-121.9949899
199099280,2,11,37.4128527,-121.9957482,82,6.26,296.1,197,230,407,276,-562,1183,37.4117081,-121.9949899
199210267,2,11,37.4128535,-121.9957540,80,5.14,284.9,197,231,408,132,-496,1234,37.4117081,-121.9949899
199290970,2,11,37.4128557,-121.9957594,79,5.36,292.5,197,231,408,205,-495,1277,37.4117081,-121.9949899
199391487,2,10,37.4128564,-121.9957670,77,6.35,281.8,216,232,409,130,-621,1327,37.4117081,-121.9949899
199492277,2,12,37.4128641,-121.9957701,76,7.06,322.4,195,232,409,560,-430,1296,37.4117081,-121.9949899
199592767,2,12,37.4128722,-121.9957725,75,7.06,339.8,195,233,409,662,-243,1166,37.4117081,-121.9949899
199693275,2,12,37.4128818,-121.9957756,76,7.59,348.2,195,233,409,743,-154,880,37.4117081,-121.9949899
199794710,2,12,37.4128929,-121.9957777,77,8.79,357.2,195,233,409,878,-42,597,37.4117081,-121.9949899
199895243,2,12,37.4129050,-121.9957798,78,10.14,0.0,195,233,409,1014,0,327,37.4117081,-121.9949899
199995856,2,12,37.4129177,-121.9957818,78,11.68,358.8,195,233,408,1168,-24,137,37.4117081,-121.9949899
200096619,2,12,37.4129306,-121.9957834,79,12.50,358.5,195,233,407,1250,-31,26,37.4117081,-121.9949899
200197400,2,12,37.4129428,-121.9957854,79,13.19,352.3,195,233,408,1307,-174,32,37.4117081,-121.9949899
200297889,2,12,37.4129558,-121.9957880,79,13.68,352.1,195,233,408,1355,-185,-8,37.4117081,-121.9949899
200398355,2,12,37.4129683,-121.9957913,80,12.97,350.7,195,233,409,1280,-208,-98,37.4117081,-121.9949899
200498413,2,12,37.4129799,-121.9957945,80,12.21,350.2,195,234,409,1203,-206,-151,37.4117081,-121.9949899
200599185,2,12,37.4129923,-121.9957975,81,13.27,348.5,195,235,410,1300,-263,-138,37.4117081,-121.9949899
200700413,2,12,37.4130035,-121.9958012,81,12.22,346.1,195,235,412,1186,-292,-162,37.4117081,-121.9949899
200801151,2,12,37.4130144,-121.9958069,82,12.05,339.8,195,236,414,1131,-415,-214,37.4117081,-121.9949899
200901691,2,12,37.4130272,-121.9958143,82,13.68,336.5,195,237,415,1255,-544,-287,37.4117081,-121.9949899
201002403,2,12,37.4130396,-121.9958210,83,14.11,336.4,195,237,417,1293,-563,-291,37.4117081,-121.9949899
201103214,2,12,37.4130518,-121.9958253,83,14.69,339.8,195,238,418,1379,-506,-194,37.4117081,-121.9949899
201204622,2,12,37.4130649,-121.9958285,83,14.98,346.1,195,238,420,1454,-359,-138,37.4117081,-121.9949899
201249350,2,12,37.4130649,-121.9958285,83,14.98,346.1,195,238,420,1454,-359,-138,37.4117081,-121.9949899
201305540,2,12,37.4130773,-121.9958292,82,14.52,352.1,195,239,421,1438,-198,-42,37.4117081,-121.9949899
201406424,2,12,37.4130924,-121.9958351,83,15.38,345.9,195,239,422,1492,-372,-129,37.4117081,-121.9949899
201507470,2,12,37.4131050,-121.9958411,83,14.70,338.9,195,240,423,1372,-527,-118,37.4117081,-121.9949899
201607884,2,12,37.4131177,-121.9958480,83,15.30,335.5,195,240,425,1393,-633,-84,37.4117081,-121.9949899
201688699,2,12,37.4131305,-121.9958548,83,15.53,335.7,195,240,426,1417,-637,-51,37.4117081,-121.9949899
201790107,2,12,37.4131410,-121.9958577,82,14.77,338.9,195,241,427,1378,-530,125,37.4117081,-121.9949899
201890295,2,12,37.4131535,-121.9958645,82,14.37,337.0,195,241,428,1323,-561,110,37.4117081,-121.9949899
201990654,2,12,37.4131658,-121.9958730,82,14.30,331.7,195,241,429,1260,-676,71,37.4117081,-121.9949899
202091099,2,12,37.4131757,-121.9958804,82,13.36,327.8,195,242,431,1131,-711,118,37.4117081,-121.9949899
202191579,2,12,37.4131851,-121.9958892,82,13.16,322.5,195,242,433,1044,-801,145,37.4117081,-121.9949899
202292568,2,12,37.4131957,-121.9958969,82,12.81,329.7,195,243,434,1107,-645,136,37.4117081,-121.9949899
202393423,2,12,37.4132072,-121.9959031,82,12.67,337.5,195,243,435,1171,-484,96,37.4117081,-121.9949899
202494162,2,12,37.4132195,-121.9959077,82,13.14,344.4,195,243,435,1265,-352,60,37.4117081,-121.9949899
202595263,2,12,37.4132320,-121.9959094,82,12.80,356.0,195,242,434,1277,-89,17,37.4117081,-121.9949899
202695483,2,12,37.4132445,-121.9959079,82,12.44,13.3,195,242,433,1210,286,-87,37.4117081,-121.9949899
202795802,2,12,37.4132567,-121.9959054,83,12.49,18.5,195,241,431,1184,397,-186,37.4117081,-121.9949899
202896101,2,12,37.4132676,-121.9959009,84,11.98,28.9,195,240,430,1049,579,-294,37.4117081,-121.9949899
202997151,2,12,37.4132764,-121.9958932,85,11.84,46.7,195,240,429,811,862,-406,37.4117081,-121.9949899
203098120,2,12,37.4132833,-121.9958827,86,12.18,58.0,195,239,427,644,1034,-476,37.4117081,-121.9949899
203198368,2,12,37.4132903,-121.9958721,86,12.35,54.0,195,239,427,726,999,-516,37.4117081,-121.9949899
203298703,2,12,37.4132986,-121.9958610,87,13.24,46.0,195,239,427,920,953,-508,37.4117081,-121.9949899
203399749,2,12,37.4133072,-121.9958521,87,12.21,39.8,195,239,428,937,782,-502,37.4117081,-121.9949899
203403335,2,12,37.4133072,-121.9958521,87,12.21,39.8,195,239,428,937,782,-502,37.4117081,-121.9949899
203500200,2,12,37.4133151,-121.9958422,88,12.20,45.9,195,239,428,848,876,-513,37.4117081,-121.9949899
203601544,2,12,37.4133218,-121.9958301,88,12.60,55.0,195,239,429,722,1032,-483,37.4117081,-121.9949899
203702569,2,12,37.4133269,-121.9958159,88,13.29,64.5,195,240,430,570,1200,-437,37.4117081,-121.9949899
203803755,2,12,37.4133313,-121.9958010,89,13.75,68.6,195,240,430,501,1280,-397,37.4117081,-121.9949899
203904987,2,12,37.4133362,-121.9957867,89,13.00,64.8,195,241,431,552,1177,-308,37.4117081,-121.9949899
203986225,2,12,37.4133419,-121.9957734,89,12.82,60.3,195,241,432,633,1114,-258,37.4117081,-121.9949899
204085846,2,12,37.4133472,-121.9957593,89,13.05,62.4,195,241,432,604,1156,-199,37.4117081,-121.9949899
204185883,2,12,37.4133503,-121.9957452,89,12.50,73.0,195,241,433,364,1195,-181,37.4117081,-121.9949899
204286616,2,12,37.4133524,-121.9957316,89,12.13,79.0,195,242,434,229,1191,-187,37.4117081,-121.9949899
204387458,2,12,37.4133519,-121.9957172,89,12.54,92.6,195,242,435,-57,1253,-205,37.4117081,-121.9949899
204488006,2,12,37.4133468,-121.9957015,89,13.64,113.0,195,242,435,-535,1255,-156,37.4117081,-121.9949899
204588559,2,12,37.4133411,-121.9956863,89,14.31,116.0,195,242,435,-628,1286,-106,37.4117081,-121.9949899
204689257,2,12,37.4133342,-121.9956720,89,13.61,120.2,195,241,436,-685,1176,0,37.4117081,-121.9949899
204789682,2,12,37.4133271,-121.9956579,88,13.32,122.7,195,241,436,-720,1121,86,37.4117081,-121.9949899
204889991,2,12,37.4133200,-121.9956428,87,13.89,120.9,195,241,436,-715,1191,186,37.4117081,-121.9949899
204990536,2,12,37.4133123,-121.9956262,87,15.70,120.9,195,241,436,-807,1347,234,37.4117081,-121.9949899
205090791,2,12,37.4133025,-121.9956086,86,18.25,124.3,195,241,436,-1028,1507,223,37.4117081,-121.9949899
205191464,2,12,37.4132916,-121.9955921,86,19.18,129.1,195,241,435,-1210,1488,160,37.4117081,-121.9949899
205291886,2,12,37.4132794,-121.9955756,87,20.30,131.6,195,241,435,-1348,1517,91,37.4117081,-121.9949899
205392212,2,12,37.4132686,-121.9955593,87,19.58,129.6,195,241,435,-1249,1507,42,37.4117081,-121.9949899
205493234,2,12,37.4132593,-121.9955425,87,18.71,125.5,195,241,436,-1088,1522,15,37.4117081,-121.9949899
205558333,2,12,37.4132593,-121.9955425,87,18.71,125.5,195,241,436,-1088,1522,15,37.4117081,-121.9949899
205593958,2,12,37.4132479,-121.9955245,87,19.25,129.0,195,241,436,-1213,1495,69,37.4117081,-121.9949899
205694528,2,12,37.4132345,-121.9955071,86,20.44,134.7,195,242,437,-1438,1453,106,37.4117081,-121.9949899
205794664,2,12,37.4132200,-121.9954901,86,21.43,137.5,196,242,437,-1581,1446,136,37.4117081,-121.9949899
205895635,2,12,37.4132051,-121.9954756,86,21.27,142.3,196,242,437,-1684,1299,112,37.4117081,-121.9949899
205996189,2,12,37.4131904,-121.9954631,87,20.89,145.4,196,242,437,-1721,1184,41,37.4117081,-121.9949899
206096563,2,12,37.4131765,-121.9954508,87,20.44,143.6,196,242,438,-1646,1211,-48,37.4117081,-121.9949899
206196986,2,12,37.4131635,-121.9954373,88,19.71,139.9,196,243,439,-1509,1268,-96,37.4117081,-121.9949899
206297453,2,12,37.4131513,-121.9954229,88,19.18,136.9,196,244,441,-1402,1308,-124,37.4117081,-121.9949899
206397446,2,12,37.4131404,-121.9954086,88,18.91,133.7,196,244,443,-1307,1367,-198,37.4117081,-121.9949899
206498360,2,12,37.4131302,-121.9953948,89,18.30,133.0,196,245,444,-1248,1338,-277,37.4117081,-121.9949899
206598534,2,12,37.4131182,-121.9953809,90,18.22,136.8,196,246,445,-1328,1247,-285,37.4117081,-121.9949899
206699309,2,12,37.4131050,-121.9953680,90,18.38,141.5,196,246,446,-1439,1143,-278,37.4117081,-121.9949899
206799419,2,12,37.4130902,-121.9953553,90,19.36,145.5,196,246,446,-1597,1095,-253,37.4117081,-121.9949899
206900007,2,12,37.4130750,-121.9953429,90,20.01,147.4,196,246,446,-1687,1076,-242,37.4117081,-121.9949899
207001293,2,12,37.4130612,-121.9953292,90,18.38,143.9,196,247,446,-1486,1082,-159,37.4117081,-121.9949899
207081975,2,12,37.4130478,-121.9953135,89,17.76,139.1,196,247,447,-1343,1161,-18,37.4117081,-121.9949899
207202421,2,12,37.4130363,-121.9952980,89,17.54,134.4,196,247,448,-1229,1252,44,37.4117081,-121.9949899
207282925,2,12,37.4130251,-121.9952815,88,18.09,130.9,196,248,450,-1186,1366,96,37.4117081,-121.9949899
207383619,2,12,37.4130128,-121.9952639,88,19.15,131.4,196,248,451,-1266,1436,162,37.4117081,-121.9949899
207484137,2,12,37.4130004,-121.9952472,87,19.38,133.4,196,249,452,-1332,1407,207,37.4117081,-121.9949899
207584941,2,12,37.4129871,-121.9952306,87,19.82,135.6,196,250,453,-1418,1385,254,37.4117081,-121.9949899
207685715,2,12,37.4129736,-121.9952133,86,20.08,134.4,196,250,454,-1407,1432,318,37.4117081,-121.9949899
207706135,2,12,37.4129736,-121.9952133,86,20.08,134.4,196,250,454,-1407,1432,318,37.4117081,-121.9949899
207786078,2,12,37.4129607,-121.9951960,86,20.14,132.9,196,250,454,-1372,1474,358,37.4117081,-121.9949899
207886880,2,12,37.4129485,-121.9951789,85,19.43,132.2,196,251,456,-1305,1439,411,37.4117081,-121.9949899
207987637,2,12,37.4129364,-121.9951621,84,19.12,132.4,196,252,458,-1290,1411,456,37.4117081,-121.9949899
208087945,2,12,37.4129243,-121.9951454,84,19.24,132.4,196,252,460,-1299,1419,486,37.4117081,-121.9949899
208188543,2,12,37.4129125,-121.9951286,83,19.50,131.5,196,253,462,-1293,1460,498,37.4117081,-121.9949899
208289027,2,12,37.4129012,-121.9951124,83,19.50,131.4,196,254,464,-1290,1462,480,37.4117081,-121.9949899
208389869,2,12,37.4128900,-121.9950960,83,19.36,130.8,196,255,466,-1267,1463,472,37.4117081,-121.9949899
208490610,2,12,37.4128780,-121.9950791,82,20.02,132.0,196,255,468,-1340,1486,462,37.4117081,-121.9949899
208571073,2,10,37.4128669,-121.9950629,82,19.10,131.4,199,256,470,-1264,1431,482,37.4117081,-121.9949899
208671404,2,10,37.4128550,-121.9950481,81,18.04,136.3,199,256,471,-1305,1245,523,37.4117081,-121.9949899
208772696,2,9,37.4128436,-121.9950362,80,15.27,143.8,204,257,473,-1233,899,636,37.4117081,-121.9949899
208872759,2,9,37.4128316,-121.9950261,79,13.66,152.0,204,258,474,-1206,640,784,37.4117081,-121.9949899
208973394,2,9,37.4128209,-121.9950199,77,11.26,165.8,204,258,474,-1092,274,961,37.4117081,-121.9949899
209074253,2,9,37.4128135,-121.9950192,75,8.42,191.6,204,258,474,-825,-169,1146,37.4117081,-121.9949899
209175032,2,9,37.4128085,-121.9950234,73,8.01,221.0,204,258,473,-604,-526,1289,37.4117081,-121.9949899
209275822,2,9,37.4128052,-121.9950315,71,9.59,244.3,204,258,473,-415,-864,1419,37.4117081,-121.9949899
209376328,2,10,37.4128032,-121.9950424,68,11.66,257.6,200,258,472,-249,-1139,1559,37.4117081,-121.9949899
209477557,2,10,37.4128040,-121.9950586,67,13.57,266.0,200,259,472,-93,-1353,1531,37.4117081,-121.9949899
209598076,2,12,37.4128058,-121.9950766,66,14.74,270.7,196,259,472,19,-1474,1474,37.4117081,-121.9949899
209698357,2,12,37.4128088,-121.9950960,65,15.56,274.3,196,259,472,119,-1552,1385,37.4117081,-121.9949899
209779234,2,12,37.4128118,-121.9951158,64,15.64,275.5,196,258,472,151,-1556,1262,37.4117081,-121.9949899
209862975,2,12,37.4128118,-121.9951158,64,15.64,275.5,196,258,472,151,-1556,1262,37.4117081,-121.9949899
209880138,2,12,37.4128162,-121.9951375,64,16.29,277.0,196,258,470,200,-1616,1084,37.4117081,-121.9949899
209981297,2,12,37.4128208,-121.9951597,64,17.13,278.6,196,257,468,257,-1693,927,37.4117081,-121.9949899
210082047,2,12,37.4128258,-121.9951819,64,17.73,280.9,196,256,465,336,-1741,803,37.4117081,-121.9949899
210182792,2,12,37.4128303,-121.9952030,64,17.36,281.3,196,255,462,341,-1703,692,37.4117081,-121.9949899
210283297,2,12,37.4128354,-121.9952241,64,17.37,282.8,196,253,458,385,-1694,571,37.4117081,-121.9949899
210383751,2,12,37.4128400,-121.9952444,64,17.63,282.8,196,252,454,393,-1719,510,37.4117081,-121.9949899
210484621,2,12,37.4128441,-121.9952639,63,17.60,283.0,196,250,450,396,-1715,506,37.4117081,-121.9949899
210584948,2,12,37.4128484,-121.9952834,63,17.56,283.5,196,249,446,411,-1707,484,37.4117081,-121.9949899
210685347,2,12,37.4128532,-121.9953029,62,17.46,285.9,196,247,442,479,-1679,436,37.4117081,-121.9949899
210785909,2,12,37.4128585,-121.9953221,62,17.63,287.0,196,245,438,516,-1686,402,37.4117081,-121.9949899
210886333,2,12,37.4128635,-121.9953409,61,17.60,287.1,196,244,434,518,-1682,428,37.4117081,-121.9949899
210987183,2,12,37.4128682,-121.9953595,60,17.63,286.7,196,242,430,507,-1689,502,37.4117081,-121.9949899
211087521,2,12,37.4128733,-121.9953779,59,17.33,287.9,196,240,425,535,-1648,556,37.4117081,-121.9949899
211187847,2,12,37.4128784,-121.9953957,58,17.02,288.7,196,239,421,548,-1612,606,37.4117081,-121.9949899
211288328,2,12,37.4128834,-121.9954132,57,17.07,288.9,196,237,417,554,-1614,666,37.4117081,-121.9949899
211388841,2,12,37.4128886,-121.9954310,57,16.99,289.6,196,235,412,572,-1600,728,37.4117081,-121.9949899
211488945,2,12,37.4128937,-121.9954483,56,16.67,290.0,196,233,408,572,-1566,806,37.4117081,-121.9949899
211589364,2,12,37.4128991,-121.9954657,55,16.42,290.6,196,232,405,578,-1536,853,37.4117081,-121.9949899
211690331,2,12,37.4129045,-121.9954828,53,16.50,291.6,196,230,402,608,-1534,909,37.4117081,-121.9949899
211790862,2,12,37.4129108,-121.9954995,52,16.62,295.9,196,229,399,726,-1494,916,37.4117081,-121.9949899
211891793,2,12,37.4129187,-121.9955155,51,16.91,302.3,196,227,396,904,-1429,868,37.4117081,-121.9949899
211993084,2,12,37.4129281,-121.9955308,51,17.11,307.3,196,226,393,1038,-1360,788,37.4117081,-121.9949899
212017374,2,12,37.4129281,-121.9955308,51,17.11,307.3,196,226,393,1038,-1360,788,37.4117081,-121.9949899
212093907,2,12,37.4129386,-121.9955460,50,17.47,309.1,196,225,390,1103,-1354,709,37.4117081,-121.9949899
212194724,2,12,37.4129495,-121.9955613,49,17.70,310.1,196,223,387,1142,-1352,638,37.4117081,-121.9949899
212295383,2,12,37.4129607,-121.9955762,49,17.60,311.7,196,222,385,1171,-1313,603,37.4117081,-121.9949899
212395804,2,12,37.4129723,-121.9955908,48,17.66,313.9,196,220,382,1226,-1271,520,37.4117081,-121.9949899
212496037,2,12,37.4129843,-121.9956050,48,17.72,315.4,196,219,379,1263,-1244,373,37.4117081,-121.9949899
212576463,2,12,37.4129965,-121.9956189,48,17.76,316.0,196,218,376,1279,-1232,292,37.4117081,-121.9949899
212677167,2,12,37.4130087,-121.9956326,47,17.65,317.2,196,216,374,1296,-1197,298,37.4117081,-121.9949899
212777445,2,12,37.4130211,-121.9956462,47,17.50,317.6,196,215,371,1293,-1179,290,37.4117081,-121.9949899
212877980,2,12,37.4130335,-121.9956597,47,17.37,318.1,196,214,368,1294,-1158,289,37.4117081,-121.9949899
212978769,2,12,37.4130459,-121.9956728,47,17.18,319.1,196,212,366,1300,-1123,264,37.4117081,-121.9949899
213079476,2,12,37.4130586,-121.9956857,46,17.08,320.6,196,211,363,1321,-1082,217,37.4117081,-121.9949899
213180073,2,12,37.4130714,-121.9956980,46,16.92,322.1,196,210,361,1335,-1039,192,37.4117081,-121.9949899
213280787,2,12,37.4130844,-121.9957097,46,16.71,324.3,196,209,359,1357,-974,126,37.4117081,-121.9949899
213381171,2,12,37.4130973,-121.9957211,46,16.31,325.4,196,208,357,1343,-925,23,37.4117081,-121.9949899
213481607,2,12,37.4131102,-121.9957313,47,15.55,328.2,196,207,355,1322,-818,-97,37.4117081,-121.9949899
213582179,2,12,37.4131226,-121.9957402,47,14.69,330.2,196,206,353,1275,-729,-228,37.4117081,-121.9949899
213683276,2,12,37.4131345,-121.9957478,47,13.79,333.3,196,205,351,1232,-619,-323,37.4117081,-121.9949899
213784375,2,12,37.4131459,-121.9957544,48,12.80,335.4,196,204,350,1165,-531,-432,37.4117081,-121.9949899
213885982,2,12,37.4131569,-121.9957601,48,12.37,337.6,196,203,348,1143,-471,-499,37.4117081,-121.9949899
213987367,2,12,37.4131678,-121.9957652,49,12.07,339.6,196,202,348,1132,-419,-521,37.4117081,-121.9949899
214088088,2,12,37.4131784,-121.9957700,50,11.93,340.1,196,202,347,1122,-404,-509,37.4117081,-121.9949899
214179888,2,12,37.4131784,-121.9957700,50,11.93,340.1,196,202,347,1122,-404,-509,37.4117081,-121.9949899
214187804,2,12,37.4131889,-121.9957744,50,11.81,341.4,196,201,347,1119,-376,-504,37.4117081,-121.9949899
214288313,2,12,37.4131992,-121.9957785,51,11.63,343.3,196,201,346,1114,-333,-488,37.4117081,-121.9949899
214388515,2,12,37.4132095,-121.9957815,51,11.06,347.0,196,201,346,1078,-248,-502,37.4117081,-121.9949899
214489135,2,12,37.4132194,-121.9957834,52,10.44,352.6,196,201,346,1036,-133,-535,37.4117081,-121.9949899
214589189,2,12,37.4132289,-121.9957840,52,10.05,358.5,196,200,345,1004,-25,-544,37.4117081,-121.9949899
214689584,2,12,37.4132383,-121.9957836,53,9.91,3.5,196,200,345,989,61,-556,37.4117081,-121.9949899
214790182,2,12,37.4132474,-121.9957825,53,9.87,6.9,196,200,345,980,119,-558,37.4117081,-121.9949899
214890762,2,12,37.4132565,-121.9957807,54,9.99,9.9,196,200,345,984,173,-533,37.4117081,-121.9949899
214991024,2,12,37.4132656,-121.9957784,55,10.09,12.1,196,200,345,986,212,-502,37.4117081,-121.9949899
215091674,2,12,37.4132748,-121.9957755,55,10.22,15.9,196,200,345,982,280,-487,37.4117081,-121.9949899
215172569,2,12,37.4132838,-121.9957719,55,10.40,18.1,196,200,345,988,323,-445,37.4117081,-121.9949899
215292606,2,12,37.4132929,-121.9957680,56,10.58,19.5,196,199,345,997,355,-393,37.4117081,-121.9949899
215372786,2,12,37.4133022,-121.9957636,56,10.86,20.3,196,199,345,1018,378,-345,37.4117081,-121.9949899
215473098,2,12,37.4133115,-121.9957587,56,11.00,23.5,196,199,345,1008,440,-306,37.4117081,-121.9949899
215573993,2,12,37.4133207,-121.9957526,57,11.29,28.5,196,199,345,992,539,-265,37.4117081,-121.9949899
215674786,2,12,37.4133297,-121.9957456,57,11.59,32.6,196,199,346,975,626,-227,37.4117081,-121.9949899
215775395,2,12,37.4133385,-121.9957377,57,11.79,36.6,196,199,346,946,703,-203,37.4117081,-121.9949899
215876392,2,12,37.4133471,-121.9957288,57,12.23,39.7,196,199,346,941,781,-173,37.4117081,-121.9949899
215977006,2,12,37.4133556,-121.9957192,57,12.60,42.1,196,199,346,935,845,-136,37.4117081,-121.9949899
216077629,2,12,37.4133638,-121.9957088,57,12.88,45.1,196,199,346,908,914,-87,37.4117081,-121.9949899
216177902,2,12,37.4133717,-121.9956975,57,13.11,49.3,196,198,346,853,995,-52,37.4117081,-121.9949899
216278205,2,12,37.4133791,-121.9956855,57,13.31,53.7,196,198,347,786,1074,-45,37.4117081,-121.9949899
216338332,2,12,37.4133791,-121.9956855,57,13.31,53.7,196,198,347,786,1074,-45,37.4117081,-121.9949899
216379290,2,12,37.4133856,-121.9956721,57,13.67,60.7,196,198,347,668,1192,-46,37.4117081,-121.9949899
216480020,2,12,37.4133911,-121.9956575,57,14.13,67.7,196,198,347,535,1308,-95,37.4117081,-121.9949899
216580718,2,12,37.4133951,-121.9956419,57,14.18,74.4,196,198,347,380,1366,-123,37.4117081,-121.9949899
216681431,2,12,37.4133977,-121.9956256,57,14.53,81.8,196,198,347,205,1439,-167,37.4117081,-121.9949899
216782107,2,12,37.4133994,-121.9956092,57,14.58,84.8,196,198,346,130,1452,-204,37.4117081,-121.9949899
216882408,2,12,37.4134008,-121.9955927,58,14.53,84.2,196,198,346,146,1445,-195,37.4117081,-121.9949899
216983089,2,12,37.4134024,-121.9955763,58,14.56,82.9,196,197,345,179,1445,-143,37.4117081,-121.9949899
217083976,2,12,37.4134044,-121.9955598,58,14.76,82.2,196,197,344,200,1463,-107,37.4117081,-121.9949899
217184770,2,12,37.4134064,-121.9955433,58,14.74,82.0,196,196,343,204,1459,-85,37.4117081,-121.9949899
217285027,2,12,37.4134086,-121.9955269,58,14.46,81.0,196,196,342,225,1429,-85,37.4117081,-121.9949899
217385446,2,12,37.4134111,-121.9955105,58,14.62,79.2,196,196,341,272,1436,-89,37.4117081,-121.9949899
217485797,2,12,37.4134142,-121.9954949,59,13.95,76.5,196,195,340,325,1356,-143,37.4117081,-121.9949899
217586304,2,12,37.4134177,-121.9954806,59,12.83,72.4,196,195,339,386,1223,-236,37.4117081,-121.9949899
217686905,2,12,37.4134221,-121.9954673,59,12.21,66.9,196,195,338,477,1124,-360,37.4117081,-121.9949899
217787708,2,12,37.4134269,-121.9954554,60,11.21,62.3,196,195,337,520,993,-452,37.4117081,-121.9949899
217887839,2,12,37.4134320,-121.9954450,60,10.44,57.9,196,195,336,554,885,-519,37.4117081,-121.9949899
217988882,2,12,37.4134372,-121.9954361,61,9.54,52.8,196,194,336,577,760,-568,37.4117081,-121.9949899
218089277,2,12,37.4134426,-121.9954284,62,8.64,46.8,196,194,335,591,630,-598,37.4117081,-121.9949899
218169921,2,12,37.4134481,-121.9954226,62,7.71,39.0,196,194,335,599,486,-637,37.4117081,-121.9949899
218271591,2,12,37.4134536,-121.9954182,63,6.94,30.8,196,195,335,596,356,-653,37.4117081,-121.9949899
218372201,2,12,37.4134585,-121.9954151,64,5.99,28.6,196,195,335,526,286,-638,37.4117081,-121.9949899
218472354,2,12,37.4134630,-121.9954133,64,5.18,19.6,196,195,335,488,174,-635,37.4117081,-121.9949899
218493390,2,12,37.4134630,-121.9954133,64,5.18,19.6,196,195,335,488,174,-635,37.4117081,-121.9949899
218572791,2,12,37.4134674,-121.9954123,65,4.76,14.2,196,195,335,472,67,-625,37.4117081,-121.9949899
218673143,2,12,37.4134718,-121.9954119,66,4.72,9.5,196,195,334,470,40,-606,37.4117081,-121.9949899
218773424,2,12,37.4134761,-121.9954117,66,4.77,7.0,196,195,334,476,37,-570,37.4117081,-121.9949899
218874398,2,12,37.4134807,-121.9954118,67,5.14,4.2,196,195,334,514,13,-542,37.4117081,-121.9949899
218975716,2,12,37.4134857,-121.9954115,67,5.57,2.2,196,195,334,557,6,-490,37.4117081,-121.9949899
219076029,2,12,37.4134910,-121.9954112,68,5.86,1.5,196,195,334,586,8,-449,37.4117081,-121.9949899
219176131,2,12,37.4134964,-121.9954107,68,5.82,2.7,196,195,334,581,39,-420,37.4117081,-121.9949899
219276785,2,12,37.4135018,-121.9954101,68,5.95,4.8,196,195,334,590,72,-391,37.4117081,-121.9949899
219377329,2,12,37.4135072,-121.9954093,69,5.91,6.7,196,194,334,585,87,-371,37.4117081,-121.9949899
219477899,2,12,37.4135127,-121.9954081,69,5.97,9.7,196,194,334,582,132,-361,37.4117081,-121.9949899
219578930,2,12,37.4135180,-121.9954065,70,5.95,13.0,196,194,333,572,165,-360,37.4117081,-121.9949899
219679188,2,12,37.4135235,-121.9954044,70,6.12,15.9,196,194,333,581,193,-372,37.4117081,-121.9949899
219779933,2,12,37.4135292,-121.9954021,70,6.38,17.5,196,194,333,603,206,-371,37.4117081,-121.9949899
219860210,2,8,37.4135349,-121.9953999,71,6.44,17.7,208,194,332,612,198,-373,37.4117081,-121.9949899
219961751,2,8,37.4135408,-121.9953978,71,6.57,17.0,208,194,332,630,185,-386,37.4117081,-121.9949899
220062223,2,8,37.4135468,-121.9953958,72,6.66,15.5,208,194,331,646,163,-379,37.4117081,-121.9949899
220162985,2,8,37.4135528,-121.9953943,72,6.55,13.4,208,194,331,642,130,-395,37.4117081,-121.9949899
220263426,2,8,37.4135588,-121.9953932,72,6.34,11.1,208,194,330,627,97,-425,37.4117081,-121.9949899
220364365,2,8,37.4135643,-121.9953926,73,5.82,8.1,208,194,330,580,48,-465,37.4117081,-121.9949899
220464851,2,7,37.4135699,-121.9953923,73,5.87,5.8,245,194,330,586,34,-487,37.4117081,-121.9949899
220565462,2,7,37.4135753,-121.9953921,74,5.85,4.4,245,194,329,585,28,-487,37.4117081,-121.9949899
220653915,2,7,37.4135753,-121.9953921,74,5.85,4.4,245,194,329,585,28,-487,37.4117081,-121.9949899
220666594,2,7,37.4135810,-121.9953918,74,6.00,3.6,245,194,329,599,31,-482,37.4117081,-121.9949899
220766934,2,7,37.4135863,-121.9953916,75,5.55,2.9,245,195,329,555,21,-508,37.4117081,-121.9949899
220867189,2,7,37.4135915,-121.9953912,76,5.42,3.4,245,195,329,540,37,-537,37.4117081,-121.9949899
220967891,2,7,37.4135965,-121.9953906,76,5.21,4.7,245,195,329,518,55,-556,37.4117081,-121.9949899
221068889,2,8,37.4135993,-121.9953928,77,3.83,2.9,208,195,328,383,-1,-541,37.4117081,-121.9949899
221169670,2,7,37.4136035,-121.9953922,78,4.43,5.6,245,196,328,439,59,-560,37.4117081,-121.9949899
221270366,2,7,37.4136078,-121.9953912,78,4.48,8.6,245,196,328,439,89,-581,37.4117081,-121.9949899
221370055,2,8,37.4136118,-121.9953901,79,4.48,11.5,218,196,328,434,110,-593,37.4117081,-121.9949899
221470481,2,8,37.4136158,-121.9953890,79,4.46,13.0,218,197,328,432,112,-589,37.4117081,-121.9949899
221570987,2,8,37.4136198,-121.9953879,80,4.51,14.2,218,197,327,435,119,-577,37.4117081,-121.9949899
221671185,2,8,37.4136237,-121.9953866,81,4.56,15.8,218,197,327,435,137,-560,37.4117081,-121.9949899
221772242,2,8,37.4136255,-121.9953884,82,4.16,16.3,208,197,327,398,120,-545,37.4117081,-121.9949899
221872520,2,9,37.4136263,-121.9953913,83,3.61,15.7,204,197,326,349,93,-531,37.4117081,-121.9949899
221973115,2,9,37.4136268,-121.9953948,84,3.30,14.8,204,224,370,320,78,-534,37.4117081,-121.9949899
222073635,2,9,37.4136267,-121.9953985,85,3.04,14.9,204,257,424,293,79,-529,37.4117081,-121.9949899
222154201,2,9,37.4136286,-121.9953993,86,3.17,15.4,204,254,419,305,86,-534,37.4117081,-121.9949899
222255130,2,9,37.4136307,-121.9953996,86,3.46,16.6,204,251,413,329,105,-533,37.4117081,-121.9949899
222355631,2,8,37.4136344,-121.9953978,87,4.09,18.8,218,232,381,383,142,-525,37.4117081,-121.9949899
222456117,2,8,37.4136383,-121.9953955,87,4.43,21.3,218,215,352,406,176,-508,37.4117081,-121.9949899
222556823,2,8,37.4136424,-121.9953933,88,4.66,21.6,218,199,325,432,173,-497,37.4117081,-121.9949899
222657510,2,8,37.4136464,-121.9953908,88,4.70,22.2,218,198,324,433,183,-469,37.4117081,-121.9949899
222758310,2,8,37.4136506,-121.9953885,88,4.84,23.4,218,198,324,440,201,-449,37.4117081,-121.9949899
222815389,2,8,37.4136506,-121.9953885,88,4.84,23.4,218,198,324,440,201,-449,37.4117081,-121.9949899
222858736,2,8,37.4136548,-121.9953861,89,4.85,23.1,218,198,323,447,187,-444,37.4117081,-121.9949899
222959606,2,8,37.4136589,-121.9953842,89,4.66,21.9,218,199,323,436,165,-429,37.4117081,-121.9949899
223060322,2,9,37.4136619,-121.9953841,90,4.07,18.3,204,199,323,395,97,-425,37.4117081,-121.9949899
223161757,2,9,37.4136651,-121.9953842,90,3.99,13.0,204,199,323,395,57,-416,37.4117081,-121.9949899
223261963,2,9,37.4136688,-121.9953846,91,4.56,6.2,204,199,323,456,8,-416,37.4117081,-121.9949899
223362676,2,8,37.4136731,-121.9953850,91,4.75,358.9,218,199,324,468,-77,-396,37.4117081,-121.9949899
223463169,2,8,37.4136777,-121.9953862,91,5.20,351.4,218,199,324,503,-135,-358,37.4117081,-121.9949899
223563575,2,9,37.4136819,-121.9953890,92,5.77,344.2,204,199,324,533,-221,-305,37.4117081,-121.9949899
223664293,2,8,37.4136866,-121.9953922,92,6.36,336.6,218,199,324,545,-328,-227,37.4117081,-121.9949899
223764714,2,8,37.4136911,-121.9953965,92,6.82,328.0,218,200,325,525,-435,-134,37.4117081,-121.9949899
223865123,2,8,37.4136952,-121.9954025,92,7.50,318.9,218,200,325,492,-566,-33,37.4117081,-121.9949899
223965507,2,9,37.4136981,-121.9954100,92,8.07,301.0,204,200,325,416,-691,72,37.4117081,-121.9949899
224065843,2,9,37.4137005,-121.9954181,91,8.47,293.7,204,200,325,341,-775,185,37.4117081,-121.9949899
224166251,2,9,37.4137027,-121.9954280,91,9.38,288.8,204,200,325,302,-888,250,37.4117081,-121.9949899
224266486,2,9,37.4137044,-121.9954378,90,9.58,285.0,204,200,326,248,-925,337,37.4117081,-121.9949899
224367774,2,8,37.4137043,-121.9954484,90,9.92,271.4,218,201,326,25,-992,464,37.4117081,-121.9949899
224468611,2,8,37.4137020,-121.9954596,89,10.41,257.4,218,201,326,-226,-1016,554,37.4117081,-121.9949899
224549909,2,8,37.4136975,-121.9954702,88,11.09,245.4,218,201,326,-460,-1009,622,37.4117081,-121.9949899
224651256,2,8,37.4136915,-121.9954796,87,11.50,237.4,218,202,326,-618,-970,703,37.4117081,-121.9949899
224751209,2,8,37.4136844,-121.9954878,86,11.57,230.2,218,202,326,-739,-890,807,37.4117081,-121.9949899
224851654,2,9,37.4136743,-121.9954960,85,12.64,211.6,204,202,326,-1076,-664,875,37.4117081,-121.9949899
224952916,2,9,37.4136612,-121.9955013,84,14.52,195.8,204,202,326,-1396,-397,899,37.4117081,-121.9949899
224980051,2,9,37.4136612,-121.9955013,84,14.52,195.8,204,202,326,-1396,-397,899,37.4117081,-121.9949899
225053390,2,9,37.4136470,-121.9955037,83,15.74,186.4,204,202,326,-1564,-178,887,37.4117081,-121.9949899
225154907,2,9,37.4136319,-121.9955039,82,16.63,178.9,204,202,326,-1663,29,856,37.4117081,-121.9949899
225255239,2,9,37.4136165,-121.9955010,81,17.53,169.7,204,202,326,-1725,311,809,37.4117081,-121.9949899
225355456,2,9,37.4136010,-121.9954952,80,18.49,160.9,204,202,327,-1748,602,726,37.4117081,-121.9949899
225456581,2,9,37.4135856,-121.9954869,80,19.08,155.4,204,202,326,-1736,792,657,37.4117081,-121.9949899
225557571,2,9,37.4135703,-121.9954781,79,18.52,156.1,204,201,326,-1694,748,730,37.4117081,-121.9949899
225659144,2,9,37.4135553,-121.9954697,78,17.87,157.0,204,201,326,-1646,697,854,37.4117081,-121.9949899
225759445,2,9,37.4135402,-121.9954617,77,18.49,157.7,204,201,326,-1712,699,838,37.4117081,-121.9949899
225860399,2,9,37.4135244,-121.9954539,77,19.62,158.6,204,201,326,-1827,713,719,37.4117081,-121.9949899
225960658,2,9,37.4135074,-121.9954470,76,20.54,161.6,204,200,326,-1949,647,594,37.4117081,-121.9949899
226061404,2,9,37.4134899,-121.9954407,76,20.93,163.3,204,200,325,-2006,599,433,37.4117081,-121.9949899
226162470,2,9,37.4134723,-121.9954351,76,20.84,165.3,204,200,325,-2016,528,216,37.4117081,-121.9949899
226263059,2,9,37.4134550,-121.9954303,77,20.17,166.6,204,200,325,-1963,466,0,37.4117081,-121.9949899
226364050,2,9,37.4134379,-121.9954258,77,19.63,167.5,204,199,324,-1918,421,-140,37.4117081,-121.9949899
226464708,2,9,37.4134212,-121.9954215,78,19.23,168.5,204,198,323,-1885,381,-229,37.4117081,-121.9949899
226565247,2,9,37.4134048,-121.9954179,78,18.91,170.0,204,198,322,-1863,325,-303,37.4117081,-121.9949899
226666303,2,9,37.4133886,-121.9954148,79,18.49,171.6,204,197,321,-1830,269,-355,37.4117081,-121.9949899
226766923,2,9,37.4133728,-121.9954124,79,18.23,173.2,204,197,320,-1811,215,-412,37.4117081,-121.9949899
226868048,2,9,37.4133571,-121.9954105,80,17.90,174.3,204,196,320,-1782,176,-445,37.4117081,-121.9949899
226948506,2,9,37.4133417,-121.9954091,81,17.58,176.2,204,195,319,-1754,115,-480,37.4117081,-121.9949899
227049786,2,9,37.4133266,-121.9954083,81,17.18,177.8,204,195,318,-1716,65,-530,37.4117081,-121.9949899
227128191,2,9,37.4133266,-121.9954083,81,17.18,177.8,204,195,318,-1716,65,-530,37.4117081,-121.9949899
227150086,2,9,37.4133116,-121.9954078,82,16.87,179.8,204,194,317,-1687,5,-537,37.4117081,-121.9949899
227250266,2,9,37.4132969,-121.9954080,82,16.64,181.4,204,194,316,-1663,-40,-538,37.4117081,-121.9949899
227350559,2,9,37.4132823,-121.9954087,83,16.35,183.2,204,193,315,-1632,-91,-529,37.4117081,-121.9949899
227451381,2,9,37.4132680,-121.9954098,83,16.24,184.6,204,193,314,-1618,-130,-509,37.4117081,-121.9949899
227551922,2,9,37.4132538,-121.9954115,84,16.03,186.5,204,192,313,-1593,-183,-479,37.4117081,-121.9949899
227652696,2,9,37.4132398,-121.9954137,84,16.16,187.7,204,192,312,-1601,-217,-471,37.4117081,-121.9949899
227753846,2,9,37.4132258,-121.9954163,85,15.97,189.3,204,191,311,-1576,-259,-440,37.4117081,-121.9949899
227854013,2,9,37.4132121,-121.9954195,85,15.78,191.3,204,191,310,-1547,-309,-408,37.4117081,-121.9949899
227953646,2,9,37.4131984,-121.9954231,86,16.03,192.6,204,190,309,-1563,-352,-374,37.4117081,-121.9949899
228053881,2,9,37.4131847,-121.9954272,86,15.82,194.3,204,190,308,-1532,-393,-337,37.4117081,-121.9949899
228154613,2,9,37.4131717,-121.9954311,86,15.30,194.1,204,189,307,-1483,-374,-289,37.4117081,-121.9949899
228254993,2,9,37.4131583,-121.9954350,86,15.75,195.3,204,188,306,-1519,-417,-106,37.4117081,-121.9949899
228355548,2,9,37.4131452,-121.9954398,86,15.27,199.1,204,187,305,-1443,-500,104,37.4117081,-121.9949899
228456429,2,9,37.4131324,-121.9954446,86,14.90,197.5,204,186,304,-1421,-448,166,37.4117081,-121.9949899
228557549,2,9,37.4131197,-121.9954487,86,14.98,192.5,204,186,303,-1462,-326,117,37.4117081,-121.9949899
228658084,2,9,37.4131068,-121.9954511,85,14.87,186.9,204,185,302,-1476,-181,105,37.4117081,-121.9949899
228758243,2,9,37.4130938,-121.9954519,85,14.70,181.8,204,185,301,-1470,-46,127,37.4117081,-121.9949899
228858819,2,9,37.4130809,-121.9954515,85,14.52,178.6,204,184,301,-1452,33,176,37.4117081,-121.9949899
228959417,2,9,37.4130682,-121.9954501,85,14.39,175.0,204,184,300,-1434,123,242,37.4117081,-121.9949899
229060521,2,9,37.4130560,-121.9954479,84,13.74,172.6,204,184,300,-1363,175,326,37.4117081,-121.9949899
229161738,2,9,37.4130440,-121.9954454,84,13.31,172.3,204,183,300,-1319,176,419,37.4117081,-121.9949899
229262151,2,9,37.4130326,-121.9954426,83,12.81,170.0,204,183,300,-1262,220,513,37.4117081,-121.9949899
229277874,2,9,37.4130326,-121.9954426,83,12.81,170.0,204,183,300,-1262,220,513,37.4117081,-121.9949899
229362736,2,9,37.4130220,-121.9954401,83,12.05,171.5,204,183,300,-1192,177,563,37.4117081,-121.9949899
229463464,2,9,37.4130114,-121.9954376,82,11.84,172.3,204,183,300,-1173,157,664,37.4117081,-121.9949899
229564115,2,9,37.4129998,-121.9954348,81,13.18,171.3,204,184,301,-1303,197,723,37.4117081,-121.9949899
229664954,2,9,37.4129880,-121.9954321,81,13.65,170.8,204,184,302,-1348,216,724,37.4117081,-121.9949899
229745158,2,9,37.4129776,-121.9954297,80,11.69,171.4,204,184,302,-1156,174,783,37.4117081,-121.9949899
229845286,2,9,37.4129696,-121.9954279,79,8.60,171.9,204,184,303,-852,121,858,37.4117081,-121.9949899
229946063,2,9,37.4129641,-121.9954255,78,5.90,161.7,204,185,305,-561,185,945,37.4117081,-121.9949899
230046219,2,9,37.4129592,-121.9954212,77,5.42,148.5,204,185,306,-462,283,1066,37.4117081,-121.9949899
230147110,2,9,37.4129570,-121.9954155,75,4.42,108.8,204,185,308,-142,418,1199,37.4117081,-121.9949899
230246940,2,9,37.4129580,-121.9954083,74,6.30,71.3,204,186,309,201,597,1289,37.4117081,-121.9949899
230347797,2,9,37.4129604,-121.9954004,72,7.16,58.5,204,186,311,373,610,1407,37.4117081,-121.9949899
230448398,2,9,37.4129662,-121.9953936,70,9.10,39.6,204,187,312,701,581,1452,37.4117081,-121.9949899
230549198,2,9,37.4129759,-121.9953873,69,12.24,29.5,204,187,314,1064,604,1431,37.4117081,-121.9949899
230649795,2,9,37.4129879,-121.9953831,67,13.33,18.9,204,188,317,1261,433,1382,37.4117081,-121.9949899
230750686,2,9,37.4130006,-121.9953806,66,13.69,11.8,204,188,319,1340,280,1328,37.4117081,-121.9949899
230852092,2,9,37.4130122,-121.9953786,65,13.01,8.0,204,189,321,1289,182,1322,37.4117081,-121.9949899
230952433,2,9,37.4130253,-121.9953807,64,12.51,357.4,204,190,324,1250,-55,1197,37.4117081,-121.9949899
231052621,2,9,37.4130368,-121.9953853,64,10.35,348.1,204,191,326,1013,-213,993,37.4117081,-121.9949899
231153383,2,9,37.4130462,-121.9953905,64,8.35,339.8,204,191,329,784,-288,812,37.4117081,-121.9949899
231254160,2,9,37.4130544,-121.9953961,64,7.41,333.2,204,192,332,662,-333,655,37.4117081,-121.9949899
231354923,2,9,37.4130608,-121.9954027,65,5.69,327.4,204,193,334,416,-388,468,37.4117081,-121.9949899
231436520,2,9,37.4130608,-121.9954027,65,5.69,327.4,204,193,334,416,-388,468,37.4117081,-121.9949899
231455846,2,9,37.4130639,-121.9954086,65,4.07,318.0,204,194,338,146,-380,337,37.4117081,-121.9949899
231556966,2,9,37.4130645,-121.9954150,65,4.42,287.0,204,195,342,-91,-433,218,37.4117081,-121.9949899
231657639,2,9,37.4130637,-121.9954218,66,5.22,256.6,204,196,344,-274,-444,90,37.4117081,-121.9949899
231758984,2,9,37.4130601,-121.9954276,67,6.42,230.9,204,197,347,-511,-388,-7,37.4117081,-121.9949899
231859416,2,9,37.4130554,-121.9954348,68,8.41,212.1,204,198,350,-712,-447,-144,37.4117081,-121.9949899
231961102,2,9,37.4130498,-121.9954430,69,9.82,215.1,204,199,352,-803,-565,-265,37.4117081,-121.9949899
232041698,2,9,37.4130450,-121.9954519,69,9.85,225.1,204,200,355,-694,-698,-320,37.4117081,-121.9949899
232142568,2,9,37.4130421,-121.9954625,71,9.38,232.2,204,200,356,-574,-742,-449,37.4117081,-121.9949899
232243374,2,9,37.4130387,-121.9954731,72,9.70,236.9,204,200,357,-529,-813,-531,37.4117081,-121.9949899
232343752,2,9,37.4130367,-121.9954838,73,9.82,251.0,204,201,358,-318,-929,-545,37.4117081,-121.9949899
232444094,2,9,37.4130360,-121.9954953,73,10.00,261.2,204,201,359,-151,-989,-560,37.4117081,-121.9949899
232544368,2,9,37.4130358,-121.9955072,74,10.89,267.6,204,201,359,-43,-1088,-540,37.4117081,-121.9949899
232644896,2,9,37.4130371,-121.9955200,74,12.11,276.2,204,201,358,131,-1204,-487,37.4117081,-121.9949899
232745387,2,9,37.4130393,-121.9955330,74,12.98,283.1,204,201,358,294,-1264,-398,37.4117081,-121.9949899
232845886,2,9,37.4130415,-121.9955460,74,13.33,283.4,204,201,358,309,-1297,-290,37.4117081,-121.9949899
232946564,2,9,37.4130435,-121.9955599,74,13.59,279.8,204,201,358,232,-1339,-234,37.4117081,-121.9949899
233047349,2,9,37.4130441,-121.9955735,74,12.20,272.0,204,201,359,44,-1219,-247,37.4117081,-121.9949899
233147869,2,9,37.4130443,-121.9955875,75,12.27,268.7,204,201,359,-27,-1227,-277,37.4117081,-121.9949899
233248634,2,9,37.4130462,-121.9956030,75,13.65,278.0,204,200,359,190,-1352,-289,37.4117081,-121.9949899
233349379,2,9,37.4130481,-121.9956184,75,14.32,279.3,204,200,359,232,-1413,-252,37.4117081,-121.9949899
233451468,2,9,37.4130476,-121.9956337,75,14.56,267.3,204,200,359,-67,-1454,-227,37.4117081,-121.9949899
233551562,2,8,37.4130461,-121.9956499,75,14.96,263.1,207,200,359,-177,-1485,-198,37.4117081,-121.9949899
233587350,2,8,37.4130461,-121.9956499,75,14.96,263.1,207,200,359,-177,-1485,-198,37.4117081,-121.9949899
233652052,2,8,37.4130433,-121.9956657,75,14.80,258.2,207,200,358,-301,-1449,-141,37.4117081,-121.9949899
233752700,2,9,37.4130421,-121.9956814,75,14.41,265.4,204,200,358,-114,-1436,-67,37.4117081,-121.9949899
233853496,2,9,37.4130421,-121.9956978,76,14.18,268.6,204,200,358,-32,-1418,-103,37.4117081,-121.9949899
233953889,2,8,37.4130428,-121.9957136,76,13.60,271.1,207,200,359,27,-1360,-151,37.4117081,-121.9949899
234054866,2,9,37.4130440,-121.9957285,76,13.04,273.6,204,201,359,83,-1302,-196,37.4117081,-121.9949899
234155700,2,9,37.4130456,-121.9957425,76,12.23,276.9,204,201,359,148,-1214,-229,37.4117081,-121.9949899
234255785,2,9,37.4130484,-121.9957545,77,10.12,282.9,204,201,359,226,-986,-322,37.4117081,-121.9949899
234355878,2,9,37.4130520,-121.9957656,78,9.83,288.8,204,201,359,317,-930,-389,37.4117081,-121.9949899
234456372,2,9,37.4130554,-121.9957771,78,11.15,288.4,204,202,359,353,-1058,-370,37.4117081,-121.9949899
234557635,2,9,37.4130585,-121.9957904,78,12.72,285.1,204,202,359,332,-1227,-341,37.4117081,-121.9949899
234657961,2,8,37.4130614,-121.9958042,79,12.26,282.5,207,202,359,266,-1197,-371,37.4117081,-121.9949899
234758971,2,8,37.4130642,-121.9958168,80,10.49,280.5,207,202,358,193,-1031,-478,37.4117081,-121.9949899
234839119,2,8,37.4130664,-121.9958293,80,10.89,279.1,207,202,358,172,-1076,-528,37.4117081,-121.9949899
234939719,2,8,37.4130674,-121.9958415,81,11.68,278.5,207,202,358,174,-1155,-417,37.4117081,-121.9949899
235041213,2,8,37.4130684,-121.9958552,81,12.72,276.2,207,202,358,138,-1264,-346,37.4117081,-121.9949899
235140909,2,8,37.4130710,-121.9958685,81,12.07,282.8,207,203,358,268,-1177,-327,37.4117081,-121.9949899
235241457,2,9,37.4130747,-121.9958799,81,11.32,291.5,204,203,359,416,-1052,-261,37.4117081,-121.9949899
235342241,2,9,37.4130807,-121.9958901,81,11.16,304.4,204,203,359,631,-921,-236,37.4117081,-121.9949899
235442709,2,9,37.4130882,-121.9958988,81,11.28,315.2,204,204,360,801,-794,-207,37.4117081,-121.9949899
235543010,2,9,37.4130974,-121.9959043,81,11.20,331.9,204,204,361,989,-526,-175,37.4117081,-121.9949899
235644713,2,9,37.4131073,-121.9959067,81,11.14,347.6,204,204,361,1088,-238,-139,37.4117081,-121.9949899
235739852,2,9,37.4131073,-121.9959067,81,11.14,347.6,204,204,361,1088,-238,-139,37.4117081,-121.9949899
235745553,2,9,37.4131175,-121.9959078,81,11.47,354.4,204,204,362,1142,-111,-98,37.4117081,-121.9949899
235847006,2,9,37.4131283,-121.9959068,82,11.54,5.9,204,204,363,1148,118,-121,37.4117081,-121.9949899
235948370,2,9,37.4131387,-121.9959022,82,11.69,22.3,204,204,364,1082,444,-165,37.4117081,-121.9949899
236048477,2,9,37.4131484,-121.9958951,82,12.25,32.1,204,204,364,1037,652,-179,37.4117081,-121.9949899
236148953,2,9,37.4131581,-121.9958868,82,13.06,34.2,204,203,364,1079,736,-161,37.4117081,-121.9949899
236249576,2,9,37.4131680,-121.9958789,82,13.37,29.3,204,203,363,1166,654,-62,37.4117081,-121.9949899
236350049,2,9,37.4131780,-121.9958724,82,13.22,23.6,204,202,362,1212,529,105,37.4117081,-121.9949899
236450561,2,9,37.4131885,-121.9958651,81,13.38,30.3,204,202,361,1154,676,117,37.4117081,-121.9949899
236550704,2,9,37.4131985,-121.9958551,81,13.94,41.1,204,202,360,1049,917,93,37.4117081,-121.9949899
236651579,2,8,37.4132077,-121.9958431,81,14.63,48.4,207,201,359,970,1095,85,37.4117081,-121.9949899
236751979,2,9,37.4132162,-121.9958301,81,14.82,50.7,204,201,358,937,1148,166,37.4117081,-121.9949899
236852174,2,9,37.4132259,-121.9958179,81,14.88,46.0,204,200,357,1032,1072,159,37.4117081,-121.9949899
236952426,2,9,37.4132352,-121.9958059,81,14.53,46.3,204,201,356,1003,1051,143,37.4117081,-121.9949899
237053154,2,9,37.4132436,-121.9957934,81,14.33,51.5,204,201,356,891,1122,42,37.4117081,-121.9949899
237153740,2,9,37.4132510,-121.9957807,82,14.06,56.6,204,201,355,772,1175,-121,37.4117081,-121.9949899
237254623,2,9,37.4132569,-121.9957684,83,13.24,63.1,204,201,354,597,1181,-337,37.4117081,-121.9949899
237355060,2,9,37.4132618,-121.9957558,84,12.80,65.8,204,201,354,523,1168,-407,37.4117081,-121.9949899
237435063,2,9,37.4132673,-121.9957433,84,12.42,61.1,204,202,354,599,1087,-366,37.4117081,-121.9949899
237535789,2,9,37.4132744,-121.9957322,84,12.23,51.4,204,202,355,761,956,-324,37.4117081,-121.9949899
237636528,2,9,37.4132815,-121.9957220,85,12.08,50.9,204,203,355,761,937,-373,37.4117081,-121.9949899
237737129,2,9,37.4132884,-121.9957124,86,12.16,54.3,204,203,354,709,988,-550,37.4117081,-121.9949899
237838026,2,9,37.4132947,-121.9957027,87,11.41,53.0,204,204,354,685,912,-575,37.4117081,-121.9949899
237891404,2,9,37.4132947,-121.9957027,87,11.41,53.0,204,204,354,685,912,-575,37.4117081,-121.9949899
237938626,2,9,37.4133016,-121.9956922,87,11.59,49.2,204,205,355,757,877,-513,37.4117081,-121.9949899
238039604,2,9,37.4133091,-121.9956829,87,11.23,41.0,204,205,355,846,737,-407,37.4117081,-121.9949899
238140120,2,9,37.4133178,-121.9956744,87,11.82,37.6,204,205,354,935,722,-371,37.4117081,-121.9949899
238241835,2,9,37.4133270,-121.9956659,88,12.28,36.1,204,205,353,992,724,-341,37.4117081,-121.9949899
238342547,2,9,37.4133358,-121.9956600,88,11.28,34.2,204,205,352,932,634,-435,37.4117081,-121.9949899
238443354,2,9,37.4133435,-121.9956560,90,9.57,33.9,204,205,351,794,534,-581,37.4117081,-121.9949899
238543936,2,9,37.4133520,-121.9956509,90,10.29,28.7,204,205,350,902,495,-597,37.4117081,-121.9949899
238644429,2,9,37.4133600,-121.9956456,91,9.93,25.4,204,205,350,896,427,-529,37.4117081,-121.9949899
238745283,2,9,37.4133678,-121.9956399,91,9.80,29.6,204,205,349,852,485,-485,37.4117081,-121.9949899
238845660,2,9,37.4133733,-121.9956342,92,8.16,43.4,204,205,349,592,561,-526,37.4117081,-121.9949899
238946505,2,9,37.4133776,-121.9956265,92,8.28,56.1,204,205,349,461,688,-512,37.4117081,-121.9949899
239047245,2,9,37.4133810,-121.9956181,93,8.89,67.3,204,205,349,341,820,-587,37.4117081,-121.9949899
239147975,2,9,37.4133824,-121.9956081,94,9.67,81.8,204,206,350,136,957,-653,37.4117081,-121.9949899
239248880,2,9,37.4133814,-121.9955956,95,11.52,95.0,204,206,350,-100,1148,-669,37.4117081,-121.9949899
239349618,2,9,37.4133787,-121.9955821,95,12.50,103.1,204,206,350,-284,1217,-650,37.4117081,-121.9949899
239450960,2,9,37.4133772,-121.9955668,96,13.11,99.0,204,207,349,-207,1295,-578,37.4117081,-121.9949899
239551516,2,9,37.4133758,-121.9955516,96,13.10,97.6,204,207,349,-174,1298,-530,37.4117081,-121.9949899
239652214,2,9,37.4133719,-121.9955380,97,13.22,108.5,204,207,348,-420,1253,-565,37.4117081,-121.9949899
239752485,2,9,37.4133663,-121.9955260,98,12.80,117.8,204,207,348,-598,1132,-613,37.4117081,-121.9949899
239833002,2,9,37.4133588,-121.9955159,99,12.75,128.1,204,207,347,-787,1002,-674,37.4117081,-121.9949899
239933773,2,8,37.4133505,-121.9955052,100,13.41,133.0,208,207,346,-916,979,-686,37.4117081,-121.9949899
240034533,2,8,37.4133414,-121.9954943,100,13.86,138.1,218,208,346,-1032,925,-653,37.4117081,-121.9949899
240042259,2,8,37.4133414,-121.9954943,100,13.86,138.1,218,208,346,-1032,925,-653,37.4117081,-121.9949899
240134953,2,8,37.4133302,-121.9954851,101,14.65,147.9,218,208,346,-1241,778,-594,37.4117081,-121.9949899
240235788,2,9,37.4133179,-121.9954778,101,15.09,152.6,204,209,346,-1340,693,-581,37.4117081,-121.9949899
240336490,2,9,37.4133060,-121.9954699,102,14.72,153.0,204,209,346,-1312,666,-523,37.4117081,-121.9949899
240437229,2,9,37.4132952,-121.9954600,102,14.25,148.7,204,210,346,-1218,740,-396,37.4117081,-121.9949899
240538404,2,9,37.4132846,-121.9954469,102,15.96,140.1,204,210,346,-1225,1023,-246,37.4117081,-121.9949899
240639238,2,8,37.4132739,-121.9954351,102,16.05,138.3,218,210,346,-1200,1065,-285,37.4117081,-121.9949899
240739654,2,8,37.4132628,-121.9954248,102,15.34,141.6,218,211,346,-1202,952,-311,37.4117081,-121.9949899
240840423,2,9,37.4132502,-121.9954187,103,14.83,150.7,204,212,346,-1293,726,-376,37.4117081,-121.9949899
240941404,2,9,37.4132365,-121.9954131,103,15.52,157.0,204,212,345,-1429,605,-338,37.4117081,-121.9949899
241041141,2,9,37.4132226,-121.9954072,104,16.40,158.8,204,213,345,-1530,590,-315,37.4117081,-121.9949899
241142041,2,9,37.4132084,-121.9954038,104,16.02,164.1,204,213,344,-1541,438,-413,37.4117081,-121.9949899
241242643,2,9,37.4131947,-121.9954016,105,15.00,169.9,204,213,344,-1477,262,-484,37.4117081,-121.9949899
241343375,2,9,37.4131815,-121.9954008,106,14.54,175.0,204,214,344,-1448,126,-533,37.4117081,-121.9949899
241443575,2,9,37.4131688,-121.9954016,107,14.03,180.8,204,214,344,-1403,-20,-576,37.4117081,-121.9949899
241544827,2,9,37.4131577,-121.9954044,108,13.03,188.6,204,214,344,-1288,-195,-690,37.4117081,-121.9949899
241645508,2,9,37.4131472,-121.9954087,109,12.56,195.3,204,215,344,-1211,-333,-786,37.4117081,-121.9949899
241746942,2,9,37.4131345,-121.9954121,109,13.88,191.4,204,215,343,-1361,-274,-717,37.4117081,-121.9949899
241847470,2,9,37.4131215,-121.9954141,110,14.14,187.7,204,216,344,-1402,-190,-623,37.4117081,-121.9949899
241948146,2,9,37.4131083,-121.9954143,110,14.69,180.5,204,216,344,-1469,-15,-589,37.4117081,-121.9949899
242048885,2,9,37.4130939,-121.9954145,111,15.49,179.7,204,217,344,-1549,8,-549,37.4117081,-121.9949899
242149491,2,9,37.4130813,-121.9954163,111,14.34,186.0,204,217,344,-1426,-152,-561,37.4117081,-121.9949899
242195440,2,9,37.4130813,-121.9954163,111,14.34,186.0,204,217,344,-1426,-152,-561,37.4117081,-121.9949899
242249908,2,9,37.4130708,-121.9954208,112,13.06,196.2,204,218,344,-1254,-366,-641,37.4117081,-121.9949899
242330343,2,9,37.4130607,-121.9954268,113,12.52,204.7,204,219,345,-1137,-525,-636,37.4117081,-121.9949899
242430932,2,9,37.4130489,-121.9954333,113,13.63,203.1,204,219,345,-1253,-535,-562,37.4117081,-121.9949899
242532072,2,9,37.4130358,-121.9954384,114,14.54,197.6,204,219,345,-1385,-440,-463,37.4117081,-121.9949899
242633123,2,9,37.4130233,-121.9954443,114,14.85,199.7,204,220,345,-1398,-501,-485,37.4117081,-121.9949899
242733728,2,9,37.4130132,-121.9954523,115,14.02,209.2,204,220,345,-1223,-686,-563,37.4117081,-121.9949899
242834184,2,9,37.4130044,-121.9954614,116,13.31,217.3,204,221,346,-1058,-807,-598,37.4117081,-121.9949899
242934449,2,9,37.4129959,-121.9954715,116,13.27,222.3,204,221,346,-981,-894,-586,37.4117081,-121.9949899
243034543,2,9,37.4129894,-121.9954829,117,12.87,231.9,204,221,347,-793,-1014,-610,37.4117081,-121.9949899
243134691,2,9,37.4129854,-121.9954946,118,11.74,244.2,204,222,348,-509,-1058,-610,37.4117081,-121.9949899
243235336,2,9,37.4129826,-121.9955084,118,12.59,255.4,204,222,349,-317,-1218,-548,37.4117081,-121.9949899
243336105,2,9,37.4129792,-121.9955219,118,12.48,254.8,204,222,350,-327,-1204,-446,37.4117081,-121.9949899
243436722,2,9,37.4129743,-121.9955345,119,12.05,246.1,204,223,351,-488,-1101,-406,37.4117081,-121.9949899
243537500,2,9,37.4129687,-121.9955470,119,12.31,242.4,204,223,351,-569,-1091,-358,37.4117081,-121.9949899
243638118,2,9,37.4129655,-121.9955601,119,12.42,250.7,204,224,352,-409,-1173,-350,37.4117081,-121.9949899
243739242,2,9,37.4129642,-121.9955730,119,11.98,260.4,204,224,353,-199,-1182,-310,37.4117081,-121.9949899
243839957,2,9,37.4129627,-121.9955871,119,12.86,262.8,204,225,354,-160,-1276,-217,37.4117081,-121.9949899
243941215,2,9,37.4129585,-121.9956006,119,12.60,254.5,204,225,355,-336,-1215,-63,37.4117081,-121.9949899
244041215,2,9,37.4129553,-121.9956144,118,12.85,255.1,204,226,355,-330,-1242,0,37.4117081,-121.9949899
244142015,2,9,37.4129535,-121.9956277,118,12.31,258.0,204,226,356,-255,-1204,-22,37.4117081,-121.9949899
244242151,2,9,37.4129532,-121.9956405,118,11.55,264.4,204,226,357,-111,-1150,-39,37.4117081,-121.9949899
244342370,2,9,37.4129547,-121.9956539,119,12.20,272.8,204,227,358,61,-1218,-62,37.4117081,-121.9949899
244353063,2,9,37.4129547,-121.9956539,119,12.20,272.8,204,227,358,61,-1218,-62,37.4117081,-121.9949899
244443263,2,9,37.4129581,-121.9956672,119,12.06,281.0,204,227,360,232,-1184,-156,37.4117081,-121.9949899
244543842,2,9,37.4129637,-121.9956785,120,11.07,294.4,204,227,361,457,-1008,-264,37.4117081,-121.9949899
244645728,2,9,37.4129709,-121.9956878,121,10.44,308.1,204,227,362,644,-821,-382,37.4117081,-121.9949899
244746011,2,9,37.4129785,-121.9956976,121,11.53,309.0,204,227,363,726,-896,-454,37.4117081,-121.9949899
244826679,2,9,37.4129860,-121.9957097,122,13.78,305.4,204,227,365,798,-1123,-453,37.4117081,-121.9949899
244927241,2,9,37.4129923,-121.9957233,122,14.41,300.3,204,228,367,728,-1244,-396,37.4117081,-121.9949899
245028101,2,9,37.4129980,-121.9957353,122,13.51,301.2,204,228,368,700,-1155,-299,37.4117081,-121.9949899
245128645,2,9,37.4130058,-121.9957437,122,12.24,314.6,204,229,369,860,-871,-206,37.4117081,-121.9949899
245229185,2,9,37.4130149,-121.9957515,121,12.68,321.7,204,229,371,996,-786,-139,37.4117081,-121.9949899
245330028,2,9,37.4130235,-121.9957606,121,12.91,319.4,204,230,372,980,-839,-107,37.4117081,-121.9949899
245430818,2,9,37.4130300,-121.9957716,121,12.83,311.1,204,231,373,844,-965,-52,37.4117081,-121.9949899
245531543,2,9,37.4130370,-121.9957817,121,12.48,310.7,204,232,374,814,-946,-16,37.4117081,-121.9949899
245632624,2,9,37.4130449,-121.9957902,121,11.58,315.5,204,232,375,827,-811,-9,37.4117081,-121.9949899
245733586,2,9,37.4130551,-121.9957960,121,11.52,328.1,204,233,376,978,-607,-24,37.4117081,-121.9949899
245835000,2,9,37.4130649,-121.9958030,121,12.62,328.4,204,233,377,1076,-659,3,37.4117081,-121.9949899
245935799,2,9,37.4130753,-121.9958115,121,14.11,326.4,204,234,378,1175,-780,42,37.4117081,-121.9949899
246036991,2,9,37.4130857,-121.9958213,121,14.78,323.5,204,235,379,1189,-877,63,37.4117081,-121.9949899
246138197,2,9,37.4130952,-121.9958277,120,12.64,329.7,204,235,380,1092,-637,120,37.4117081,-121.9949899
246239319,2,9,37.4131048,-121.9958324,120,11.47,336.0,204,236,381,1049,-465,114,37.4117081,-121.9949899
246340348,2,9,37.4131155,-121.9958355,120,11.97,342.2,204,237,382,1140,-365,145,37.4117081,-121.9949899
246441408,2,9,37.4131271,-121.9958364,120,11.84,353.2,204,237,383,1176,-139,113,37.4117081,-121.9949899
246509139,2,9,37.4131271,-121.9958364,120,11.84,353.2,204,237,383,1176,-139,113,37.4117081,-121.9949899
246541857,2,9,37.4131375,-121.9958349,120,10.77,6.3,204,238,383,1070,119,45,37.4117081,-121.9949899
246641991,2,9,37.4131485,-121.9958311,120,11.84,13.1,204,238,383,1153,268,37,37.4117081,-121.9949899
246742097,2,9,37.4131605,-121.9958272,119,13.59,10.5,204,238,384,1336,249,110,37.4117081,-121.9949899
246842516,2,9,37.4131707,-121.9958248,118,13.32,5.7,204,239,383,1325,133,292,37.4117081,-121.9949899
246942877,2,9,37.4131797,-121.9958244,117,12.41,358.5,204,239,383,1241,-30,487,37.4117081,-121.9949899
247023531,2,9,37.4131886,-121.9958247,116,11.44,356.0,204,239,383,1141,-78,608,37.4117081,-121.9949899
247123974,2,9,37.4131990,-121.9958238,115,11.07,3.3,204,240,382,1105,65,579,37.4117081,-121.9949899
247244651,2,9,37.4132098,-121.9958194,115,11.65,15.7,204,240,382,1121,316,550,37.4117081,-121.9949899
247325458,2,9,37.4132215,-121.9958154,115,12.08,17.4,204,241,381,1153,361,427,37.4117081,-121.9949899
247426390,2,9,37.4132326,-121.9958126,115,10.97,18.1,204,241,381,1043,341,205,37.4117081,-121.9949899
247526762,2,9,37.4132415,-121.9958110,116,8.92,17.8,204,241,381,849,273,-27,37.4117081,-121.9949899
247627401,2,9,37.4132513,-121.9958069,117,10.21,20.0,204,242,381,959,350,-73,37.4117081,-121.9949899
247727765,2,9,37.4132613,-121.9958031,117,11.33,15.6,204,242,381,1091,306,-48,37.4117081,-121.9949899
247829001,2,9,37.4132712,-121.9957997,116,11.94,11.7,204,243,381,1169,243,44,37.4117081,-121.9949899
247928999,2,9,37.4132810,-121.9957956,116,11.87,15.0,204,244,381,1147,308,91,37.4117081,-121.9949899
248029573,2,9,37.4132899,-121.9957923,116,10.71,16.9,204,244,383,1025,312,72,37.4117081,-121.9949899
248130388,2,9,37.4132996,-121.9957904,116,10.38,13.3,204,245,384,1010,239,16,37.4117081,-121.9949899
248230579,2,9,37.4133095,-121.9957875,116,10.94,13.5,204,246,385,1064,256,21,37.4117081,-121.9949899
248331415,2,9,37.4133198,-121.9957851,116,11.18,12.3,204,246,387,1092,238,1,37.4117081,-121.9949899
248432178,2,9,37.4133314,-121.9957839,117,12.02,7.9,204,246,388,1190,166,-46,37.4117081,-121.9949899
248532367,2,9,37.4133425,-121.9957841,117,11.94,0.7,204,247,390,1194,15,-65,37.4117081,-121.9949899
248632485,2,9,37.4133507,-121.9957888,117,10.72,338.0,204,248,392,994,-400,-40,37.4117081,-121.9949899
248663244,2,9,37.4133507,-121.9957888,117,10.72,338.0,204,248,392,994,-400,-40,37.4117081,-121.9949899
248732806,2,9,37.4133583,-121.9957975,117,11.01,321.4,204,248,393,861,-686,-76,37.4117081,-121.9949899
248833821,2,9,37.4133640,-121.9958088,118,10.71,306.5,204,249,395,637,-861,-159,37.4117081,-121.9949899
248935181,2,9,37.4133687,-121.9958211,118,10.66,296.4,204,249,396,474,-955,-254,37.4117081,-121.9949899
249035391,2,9,37.4133698,-121.9958346,119,11.48,280.5,204,249,397,210,-1128,-291,37.4117081,-121.9949899
249136135,2,9,37.4133682,-121.9958496,119,12.32,263.9,204,250,398,-129,-1225,-354,37.4117081,-121.9949899
249236654,2,9,37.4133639,-121.9958640,120,13.11,252.5,204,250,399,-393,-1250,-359,37.4117081,-121.9949899
249337134,2,9,37.4133572,-121.9958777,120,13.75,241.0,204,250,400,-666,-1203,-363,37.4117081,-121.9949899
249438129,2,9,37.4133489,-121.9958905,120,14.27,232.7,204,250,401,-863,-1136,-349,37.4117081,-121.9949899
249538376,2,9,37.4133383,-121.9959016,120,14.92,222.5,204,250,401,-1099,-1009,-325,37.4117081,-121.9949899
249638742,2,9,37.4133253,-121.9959107,120,15.92,212.9,204,250,402,-1336,-865,-265,37.4117081,-121.9949899
249740112,2,9,37.4133112,-121.9959171,120,16.25,202.0,204,250,403,-1506,-611,-232,37.4117081,-121.9949899
249840816,2,9,37.4132960,-121.9959211,120,16.73,194.1,204,250,403,-1622,-410,-174,37.4117081,-121.9949899
249921598,2,9,37.4132803,-121.9959245,120,17.12,192.4,204,250,403,-1672,-368,-93,37.4117081,-121.9949899
250022212,2,9,37.4132645,-121.9959280,120,17.35,192.4,204,250,403,-1694,-373,-11,37.4117081,-121.9949899
250122992,2,9,37.4132485,-121.9959315,119,17.52,192.2,204,250,403,-1713,-370,75,37.4117081,-121.9949899
250223794,2,9,37.4132324,-121.9959351,119,17.75,192.2,204,250,403,-1735,-375,157,37.4117081,-121.9949899
250324337,2,9,37.4132162,-121.9959390,118,17.90,192.6,204,249,403,-1747,-391,234,37.4117081,-121.9949899
250426182,2,9,37.4131999,-121.9959427,118,18.02,192.0,204,249,403,-1763,-375,333,37.4117081,-121.9949899
250526769,2,9,37.4131835,-121.9959464,117,18.16,191.9,204,249,402,-1776,-377,422,37.4117081,-121.9949899
250627679,2,9,37.4131671,-121.9959499,116,18.05,191.4,204,248,402,-1769,-359,520,37.4117081,-121.9949899
250728738,2,9,37.4131510,-121.9959537,115,17.96,192.5,204,248,402,-1754,-389,608,37.4117081,-121.9949899
250807735,2,9,37.4131510,-121.9959537,115,17.96,192.5,204,248,402,-1754,-389,608,37.4117081,-121.9949899
250829419,2,9,37.4131350,-121.9959579,114,17.93,193.8,204,248,401,-1741,-428,705,37.4117081,-121.9949899
250929699,2,9,37.4131191,-121.9959624,113,18.00,194.2,204,247,401,-1744,-444,793,37.4117081,-121.9949899
251030296,2,9,37.4131031,-121.9959664,112,18.01,192.7,204,247,401,-1757,-398,876,37.4117081,-121.9949899
251130653,2,9,37.4130870,-121.9959686,111,17.76,187.1,204,246,400,-1763,-220,983,37.4117081,-121.9949899
251231416,2,9,37.4130708,-121.9959695,109,17.84,183.7,204,246,400,-1780,-115,1097,37.4117081,-121.9949899
251332022,2,9,37.4130548,-121.9959703,108,17.66,184.7,204,245,399,-1760,-146,1182,37.4117081,-121.9949899
251432413,2,9,37.4130389,-121.9959715,106,17.64,185.5,204,245,399,-1756,-171,1266,37.4117081,-121.9949899
251532802,2,9,37.4130231,-121.9959729,105,17.50,186.5,204,245,399,-1738,-200,1345,37.4117081,-121.9949899
251633086,2,9,37.4130075,-121.9959750,103,17.25,188.4,204,244,398,-1706,-254,1413,37.4117081,-121.9949899
251733829,2,9,37.4129922,-121.9959775,102,17.10,189.8,204,244,398,-1685,-292,1482,37.4117081,-121.9949899
251835208,2,9,37.4129771,-121.9959803,100,16.91,190.4,204,243,398,-1663,-306,1537,37.4117081,-121.9949899
251935404,2,9,37.4129622,-121.9959834,98,16.79,191.6,204,243,398,-1645,-337,1598,37.4117081,-121.9949899
252036413,2,9,37.4129474,-121.9959868,97,16.51,192.3,204,242,398,-1613,-353,1658,37.4117081,-121.9949899
252137161,2,9,37.4129333,-121.9959905,95,16.07,193.4,204,242,397,-1563,-373,1708,37.4117081,-121.9949899
252217849,2,9,37.4129194,-121.9959943,93,15.74,193.7,204,242,397,-1530,-373,1751,37.4117081,-121.9949899
252318330,2,9,37.4129060,-121.9959979,91,15.28,193.5,204,241,397,-1485,-359,1787,37.4117081,-121.9949899
252418730,2,9,37.4128930,-121.9960017,89,14.74,194.6,204,241,397,-1426,-372,1820,37.4117081,-121.9949899
252518982,2,9,37.4128805,-121.9960051,87,14.02,193.2,204,241,397,-1365,-322,1861,37.4117081,-121.9949899
252619910,2,9,37.4128683,-121.9960079,85,13.50,191.7,204,241,397,-1322,-274,1905,37.4117081,-121.9949899
252720337,2,9,37.4128565,-121.9960107,83,13.44,192.4,204,240,398,-1312,-290,1931,37.4117081,-121.9949899
252820576,2,9,37.4128451,-121.9960133,81,12.94,190.6,204,240,398,-1272,-239,1945,37.4117081,-121.9949899
252921531,2,9,37.4128342,-121.9960143,79,12.11,184.3,204,240,398,-1207,-91,1961,37.4117081,-121.9949899
252959485,2,9,37.4128342,-121.9960143,79,12.11,184.3,204,240,398,-1207,-91,1961,37.4117081,-121.9949899
253021702,2,9,37.4128238,-121.9960133,77,11.32,175.9,204,240,398,-1129,80,1981,37.4117081,-121.9949899
253122605,2,8,37.4128138,-121.9960100,75,11.17,165.3,259,239,399,-1081,282,1993,37.4117081,-121.9949899
253222989,2,8,37.4128043,-121.9960040,73,11.51,152.9,259,239,399,-1025,524,2001,37.4117081,-121.9949899
253323539,2,8,37.4127954,-121.9959959,71,12.06,143.1,259,239,400,-965,723,1989,37.4117081,-121.9949899
253424218,2,8,37.4127871,-121.9959865,68,12.15,139.8,259,239,400,-929,783,2008,37.4117081,-121.9949899
253524709,2,8,37.4127790,-121.9959771,66,11.92,139.0,259,239,401,-900,780,2038,37.4117081,-121.9949899
253625760,2,8,37.4127714,-121.9959673,64,11.94,135.7,259,239,401,-855,834,2048,37.4117081,-121.9949899
253725632,2,8,37.4127641,-121.9959570,62,12.05,132.8,259,239,402,-820,883,2054,37.4117081,-121.9949899
253826018,2,8,37.4127573,-121.9959466,60,11.67,130.8,259,239,402,-763,883,2062,37.4117081,-121.9949899
253926652,2,8,37.4127510,-121.9959358,58,11.75,127.8,259,239,403,-722,927,2060,37.4117081,-121.9949899
254026913,2,8,37.4127449,-121.9959238,55,12.44,122.7,259,239,404,-673,1045,2066,37.4117081,-121.9949899
254127260,2,8,37.4127395,-121.9959102,53,13.33,116.7,259,239,404,-601,1190,2046,37.4117081,-121.9949899
254227505,2,9,37.4127351,-121.9958955,51,14.11,111.0,204,239,405,-506,1317,2014,37.4117081,-121.9949899
254328892,2,9,37.4127313,-121.9958798,49,14.76,106.6,204,239,406,-423,1414,1974,37.4117081,-121.9949899
254429065,2,9,37.4127285,-121.9958631,47,15.46,102.0,204,239,406,-322,1512,1928,37.4117081,-121.9949899
254529491,2,9,37.4127262,-121.9958458,45,15.63,99.0,204,239,407,-247,1543,1884,37.4117081,-121.9949899
254629694,2,9,37.4127247,-121.9958278,43,15.98,95.8,204,239,408,-162,1590,1855,37.4117081,-121.9949899
254730667,2,9,37.4127235,-121.9958096,41,15.94,94.3,204,239,409,-120,1590,1857,37.4117081,-121.9949899
254830766,2,9,37.4127231,-121.9957912,39,16.57,91.0,204,239,410,-28,1657,1807,37.4117081,-121.9949899
254931205,2,9,37.4127243,-121.9957720,37,17.40,86.4,204,239,411,108,1737,1761,37.4117081,-121.9949899
255031819,2,9,37.4127263,-121.9957525,36,17.67,83.8,204,239,411,189,1756,1711,37.4117081,-121.9949899
255118807,2,9,37.4127263,-121.9957525,36,17.67,83.8,204,239,411,189,1756,1711,37.4117081,-121.9949899
255132739,2,9,37.4127289,-121.9957332,34,17.59,81.3,204,239,410,264,1740,1642,37.4117081,-121.9949899
255233041,2,9,37.4127326,-121.9957136,32,18.08,78.6,204,239,410,356,1773,1543,37.4117081,-121.9949899
255333183,2,9,37.4127368,-121.9956939,31,18.31,76.5,204,238,409,426,1780,1433,37.4117081,-121.9949899
255433950,2,9,37.4127415,-121.9956738,30,18.68,75.2,204,238,408,474,1807,1320,37.4117081,-121.9949899
255514303,2,9,37.4127478,-121.9956537,29,19.47,73.9,204,237,407,537,1871,1174,37.4117081,-121.9949899
255615169,2,9,37.4127545,-121.9956332,28,19.82,73.5,204,237,406,561,1901,1030,37.4117081,-121.9949899
255715756,2,9,37.4127613,-121.9956130,28,19.34,72.8,204,236,403,570,1848,888,37.4117081,-121.9949899
255816331,2,9,37.4127670,-121.9955928,27,18.86,73.0,204,235,401,551,1803,826,37.4117081,-121.9949899
255916420,2,9,37.4127728,-121.9955730,27,18.53,71.6,204,234,399,584,1758,787,37.4117081,-121.9949899
256017459,2,9,37.4127783,-121.9955534,26,18.13,71.4,204,233,397,576,1719,770,37.4117081,-121.9949899
256118894,2,9,37.4127833,-121.9955339,25,17.74,71.1,204,233,396,573,1679,768,37.4117081,-121.9949899
256219942,2,9,37.4127882,-121.9955148,24,17.41,71.1,204,232,394,562,1648,762,37.4117081,-121.9949899
256320748,2,9,37.4127930,-121.9954959,23,17.22,71.2,204,231,392,554,1630,752,37.4117081,-121.9949899
256421856,2,9,37.4127986,-121.9954773,23,17.25,70.1,204,230,391,585,1623,668,37.4117081,-121.9949899
256522758,2,9,37.4128046,-121.9954590,22,17.13,69.0,204,229,389,612,1600,559,37.4117081,-121.9949899
256623163,2,9,37.4128110,-121.9954411,22,17.17,67.1,204,229,388,665,1583,437,37.4117081,-121.9949899
256723635,2,9,37.4128177,-121.9954239,22,16.66,66.4,204,228,386,664,1528,311,37.4117081,-121.9949899
256824329,2,9,37.4128241,-121.9954074,22,15.98,66.2,204,227,384,643,1463,227,37.4117081,-121.9949899
256924682,2,9,37.4128304,-121.9953914,22,15.65,65.2,204,226,383,656,1420,151,37.4117081,-121.9949899
257025359,2,9,37.4128367,-121.9953760,22,15.11,65.2,204,225,380,632,1372,95,37.4117081,-121.9949899
257126124,2,9,37.4128424,-121.9953607,22,14.92,66.5,204,225,378,593,1369,91,37.4117081,-121.9949899
257226724,2,9,37.4128478,-121.9953456,22,14.73,67.0,204,224,377,574,1356,72,37.4117081,-121.9949899
257280045,2,9,37.4128478,-121.9953456,22,14.73,67.0,204,224,377,574,1356,72,37.4117081,-121.9949899
257327804,2,9,37.4128528,-121.9953304,22,14.42,69.5,204,224,376,504,1351,80,37.4117081,-121.9949899
257428600,2,9,37.4128572,-121.9953152,22,14.28,71.1,204,223,375,462,1352,80,37.4117081,-121.9949899
257529483,2,9,37.4128612,-121.9952998,21,14.27,72.0,204,222,373,439,1358,119,37.4117081,-121.9949899
257629959,2,9,37.4128650,-121.9952843,21,14.25,73.5,204,222,372,404,1367,144,37.4117081,-121.9949899
257730260,2,9,37.4128684,-121.9952687,21,14.14,75.3,204,221,371,358,1368,169,37.4117081,-121.9949899
257830936,2,9,37.4128713,-121.9952531,21,14.13,76.8,204,221,370,322,1376,197,37.4117081,-121.9949899
257931656,2,9,37.4128737,-121.9952375,20,14.05,79.4,204,220,369,256,1381,215,37.4117081,-121.9949899
258012068,2,9,37.4128760,-121.9952218,20,14.17,80.3,204,219,368,237,1397,182,37.4117081,-121.9949899
258112833,2,9,37.4128780,-121.9952060,20,14.04,82.4,204,219,366,185,1392,135,37.4117081,-121.9949899
258214193,2,9,37.4128798,-121.9951899,20,14.41,82.9,204,218,365,176,1430,103,37.4117081,-121.9949899
258314920,2,9,37.4128813,-121.9951740,20,14.11,83.8,204,218,364,152,1403,86,37.4117081,-121.9949899
258415809,2,9,37.4128825,-121.9951583,20,13.84,85.7,204,217,363,102,1380,77,37.4117081,-121.9949899
258516513,2,9,37.4128835,-121.9951428,20,13.79,85.9,204,216,361,96,1375,72,37.4117081,-121.9949899
258616736,2,9,37.4128846,-121.9951274,20,13.73,85.2,204,216,360,114,1369,70,37.4117081,-121.9949899
258717596,2,9,37.4128854,-121.9951118,19,13.85,86.8,204,215,359,76,1382,87,37.4117081,-121.9949899
258819013,2,9,37.4128861,-121.9950966,19,13.43,86.6,204,215,357,79,1341,101,37.4117081,-121.9949899
258919143,2,9,37.4128868,-121.9950815,19,13.35,87.0,204,214,356,69,1333,115,37.4117081,-121.9949899
259019636,2,9,37.4128872,-121.9950667,19,13.09,88.6,204,214,355,31,1309,151,37.4117081,-121.9949899
259120484,2,9,37.4128875,-121.9950521,19,13.13,89.5,204,213,354,11,1313,153,37.4117081,-121.9949899
259221748,2,9,37.4128877,-121.9950373,19,13.23,90.4,204,213,352,-10,1323,150,37.4117081,-121.9949899
259322444,2,9,37.4128875,-121.9950223,19,13.43,92.2,204,212,351,-53,1342,121,37.4117081,-121.9949899
259422151,2,9,37.4128871,-121.9950075,19,13.07,93.8,204,211,350,-86,1304,90,37.4117081,-121.9949899
259431062,2,9,37.4128871,-121.9950075,19,13.07,93.8,204,211,350,-86,1304,90,37.4117081,-121.9949899
259522552,2,9,37.4128864,-121.9949929,19,13.00,95.1,204,211,348,-116,1295,32,37.4117081,-121.9949899
259623826,2,9,37.4128854,-121.9949783,19,12.93,95.9,204,210,346,-134,1286,-12,37.4117081,-121.9949899
259724271,2,9,37.4128842,-121.9949638,19,12.98,97.8,204,210,345,-177,1286,-6,37.4117081,-121.9949899
259824807,2,9,37.4128827,-121.9949491,19,12.99,98.6,204,209,343,-195,1284,-6,37.4117081,-121.9949899
259925742,2,9,37.4128810,-121.9949345,19,12.98,99.6,204,209,342,-218,1280,3,37.4117081,-121.9949899
260026789,2,9,37.4128791,-121.9949201,19,12.88,100.3,204,208,341,-231,1267,8,37.4117081,-121.9949899
260126536,2,9,37.4128769,-121.9949056,19,12.97,101.9,204,208,340,-267,1269,9,37.4117081,-121.9949899
260226714,2,9,37.4128745,-121.9948913,19,12.92,103.3,204,207,339,-299,1257,37,37.4117081,-121.9949899
260327187,2,9,37.4128717,-121.9948770,19,13.14,105.2,204,207,338,-344,1268,21,37.4117081,-121.9949899
260409102,2,9,37.4128684,-121.9948628,19,13.02,106.0,204,206,336,-359,1251,19,37.4117081,-121.9949899
260509306,2,9,37.4128651,-121.9948485,19,13.16,106.2,204,206,335,-369,1263,25,37.4117081,-121.9949899
260609922,2,9,37.4128613,-121.9948345,19,13.11,109.2,204,206,334,-431,1237,17,37.4117081,-121.9949899
260710464,2,9,37.4128570,-121.9948204,19,13.35,111.2,204,205,333,-483,1245,27,37.4117081,-121.9949899
260811659,2,9,37.4128525,-121.9948066,19,13.18,113.6,204,205,332,-528,1207,41,37.4117081,-121.9949899
260911679,2,9,37.4128476,-121.9947929,19,13.29,115.5,204,204,331,-572,1199,54,37.4117081,-121.9949899
261012088,2,9,37.4128424,-121.9947793,19,13.38,116.0,204,204,330,-587,1202,46,37.4117081,-121.9949899
261113208,2,9,37.4128368,-121.9947658,18,13.51,118.4,204,204,329,-644,1187,68,37.4117081,-121.9949899
261213544,2,9,37.4128308,-121.9947522,18,13.63,119.1,204,203,328,-664,1190,61,37.4117081,-121.9949899
261313918,2,9,37.4128244,-121.9947387,18,13.76,122.0,204,203,327,-730,1167,82,37.4117081,-121.9949899
261414633,2,9,37.4128177,-121.9947256,18,13.78,122.8,204,202,326,-748,1157,84,37.4117081,-121.9949899
261514982,2,9,37.4128108,-121.9947128,18,13.60,124.3,204,202,325,-768,1122,104,37.4117081,-121.9949899
261589434,2,9,37.4128108,-121.9947128,18,13.60,124.3,204,202,325,-768,1122,104,37.4117081,-121.9949899
261615977,2,9,37.4128036,-121.9947004,18,13.53,126.3,204,202,324,-801,1090,128,37.4117081,-121.9949899
261717329,2,9,37.4127963,-121.9946884,18,13.29,128.5,204,201,323,-828,1040,144,37.4117081,-121.9949899
261817217,2,9,37.4127888,-121.9946766,18,13.28,129.3,204,201,322,-841,1027,161,37.4117081,-121.9949899
261917734,2,9,37.4127810,-121.9946653,18,13.06,131.6,204,201,321,-867,976,199,37.4117081,-121.9949899
262018566,2,9,37.4127729,-121.9946544,17,13.13,133.9,204,200,320,-912,944,189,37.4117081,-121.9949899
262119138,2,9,37.4127646,-121.9946438,17,13.05,134.7,204,200,319,-919,927,219,37.4117081,-121.9949899
262219418,2,9,37.4127564,-121.9946336,17,12.83,136.1,204,199,318,-925,889,220,37.4117081,-121.9949899
262319820,2,9,37.4127477,-121.9946236,17,12.94,138.0,204,199,317,-962,865,223,37.4117081,-121.9949899
262420765,2,9,37.4127389,-121.9946140,17,12.87,139.3,204,199,316,-976,838,238,37.4117081,-121.9949899
262520988,2,9,37.4127298,-121.9946048,16,12.85,141.1,204,198,315,-1001,805,265,37.4117081,-121.9949899
262621948,2,9,37.4127206,-121.9945958,16,12.90,142.7,204,198,314,-1027,780,281,37.4117081,-121.9949899
262722298,2,9,37.4127111,-121.9945873,16,12.78,144.7,204,197,313,-1044,737,293,37.4117081,-121.9949899
262823316,2,9,37.4127015,-121.9945791,15,12.83,146.4,204,197,312,-1069,709,308,37.4117081,-121.9949899
262923585,2,9,37.4126917,-121.9945713,15,12.92,148.0,204,196,311,-1096,684,324,37.4117081,-121.9949899
263024262,2,9,37.4126817,-121.9945638,15,12.86,149.2,204,196,311,-1106,657,330,37.4117081,-121.9949899
263125109,2,9,37.4126715,-121.9945565,14,13.04,151.2,204,196,310,-1143,626,326,37.4117081,-121.9949899
263205983,2,9,37.4126611,-121.9945497,14,13.14,153.1,204,195,309,-1172,593,326,37.4117081,-121.9949899
263305997,2,9,37.4126505,-121.9945432,14,13.09,154.6,204,195,308,-1183,560,331,37.4117081,-121.9949899
263406526,2,9,37.4126399,-121.9945372,13,13.14,156.3,204,195,308,-1203,527,322,37.4117081,-121.9949899
263506996,2,9,37.4126291,-121.9945314,13,13.22,157.6,204,194,307,-1222,502,322,37.4117081,-121.9949899
263607423,2,9,37.4126179,-121.9945259,13,13.23,159.8,204,194,307,-1242,456,330,37.4117081,-121.9949899
263707693,2,9,37.4126066,-121.9945209,12,13.26,160.8,204,193,306,-1253,434,330,37.4117081,-121.9949899
263756304,2,9,37.4126066,-121.9945209,12,13.26,160.8,204,193,306,-1253,434,330,37.4117081,-121.9949899
263808209,2,9,37.4125950,-121.9945162,12,13.47,162.4,204,193,305,-1284,405,337,37.4117081,-121.9949899
263908535,2,9,37.4125832,-121.9945119,12,13.63,164.7,204,193,305,-1315,359,313,37.4117081,-121.9949899
264008991,2,9,37.4125714,-121.9945081,11,13.46,166.4,204,192,304,-1309,315,296,37.4117081,-121.9949899
264110126,2,9,37.4125594,-121.9945047,11,13.69,168.1,204,192,304,-1340,280,284,37.4117081,-121.9949899
264210339,2,9,37.4125472,-121.9945018,11,13.76,169.8,204,192,303,-1354,243,270,37.4117081,-121.9949899
264310712,2,9,37.4125351,-121.9944992,11,13.60,170.9,204,192,303,-1343,213,256,37.4117081,-121.9949899
264411223,2,9,37.4125230,-121.9944972,10,13.70,172.6,204,191,302,-1359,175,230,37.4117081,-121.9949899
264512418,2,9,37.4125108,-121.9944955,10,13.65,174.5,204,191,302,-1358,128,211,37.4117081,-121.9949899
264612851,2,9,37.4124987,-121.9944943,10,13.65,176.0,204,191,301,-1362,94,198,37.4117081,-121.9949899
264713602,2,9,37.4124866,-121.9944936,10,13.55,177.2,204,190,301,-1353,64,190,37.4117081,-121.9949899
264814098,2,9,37.4124747,-121.9944932,10,13.35,178.6,204,190,300,-1335,31,178,37.4117081,-121.9949899
264915002,2,9,37.4124627,-121.9944932,9,13.40,180.4,204,190,300,-1340,-10,176,37.4117081,-121.9949899
265014919,2,9,37.4124507,-121.9944938,9,13.46,182.1,204,190,299,-1345,-50,165,37.4117081,-121.9949899
265115021,2,9,37.4124387,-121.9944946,9,13.33,183.3,204,189,299,-1331,-79,181,37.4117081,-121.9949899
265215169,2,9,37.4124270,-121.9944958,9,13.20,184.6,204,189,299,-1316,-107,182,37.4117081,-121.9949899
265315424,2,9,37.4124153,-121.9944971,9,13.21,185.8,204,189,298,-1314,-134,195,37.4117081,-121.9949899
265415693,2,9,37.4124038,-121.9944989,9,13.04,187.1,204,189,298,-1294,-162,222,37.4117081,-121.9949899
265515961,2,9,37.4123923,-121.9945008,8,13.02,187.8,204,189,297,-1289,-178,245,37.4117081,-121.9949899
265616576,2,9,37.4123810,-121.9945029,8,12.78,188.7,204,188,297,-1263,-195,271,37.4117081,-121.9949899
265716995,2,9,37.4123698,-121.9945052,8,12.81,189.5,204,188,297,-1263,-211,292,37.4117081,-121.9949899
265817417,2,9,37.4123586,-121.9945079,7,12.88,190.8,204,188,296,-1265,-242,304,37.4117081,-121.9949899
265917709,2,9,37.4123474,-121.9945105,7,12.81,191.2,204,187,296,-1257,-249,316,37.4117081,-121.9949899
265920876,2,9,37.4123474,-121.9945105,7,12.81,191.2,204,187,296,-1257,-249,316,37.4117081,-121.9949899
266018559,2,9,37.4123362,-121.9945135,7,12.93,192.5,204,187,296,-1262,-282,317,37.4117081,-121.9949899
266119566,2,9,37.4123251,-121.9945168,7,12.87,194.1,204,187,295,-1248,-315,314,37.4117081,-121.9949899
266219778,2,9,37.4123139,-121.9945204,6,12.92,194.7,204,187,295,-1249,-330,318,37.4117081,-121.9949899
266320558,2,9,37.4123029,-121.9945242,6,12.84,196.1,204,186,295,-1233,-358,314,37.4117081,-121.9949899
266420996,2,9,37.4122918,-121.9945283,6,12.92,197.0,204,186,294,-1235,-379,322,37.4117081,-121.9949899
266501010,2,9,37.4122808,-121.9945327,5,12.93,198.2,204,186,294,-1228,-404,319,37.4117081,-121.9949899
266622472,2,9,37.4122698,-121.9945373,5,12.91,199.7,204,186,294,-1215,-436,322,37.4117081,-121.9949899
266702618,2,9,37.4122590,-121.9945421,5,12.88,199.6,204,185,293,-1213,-433,318,37.4117081,-121.9949899
266803126,2,9,37.4122480,-121.9945470,4,13.05,200.3,204,185,293,-1223,-454,324,37.4117081,-121.9949899
266903621,2,9,37.4122370,-121.9945521,4,13.09,201.9,204,185,293,-1214,-488,320,37.4117081,-121.9949899
267004207,2,9,37.4122260,-121.9945575,4,13.14,202.4,204,185,292,-1214,-501,304,37.4117081,-121.9949899
267105673,2,9,37.4122151,-121.9945629,3,13.16,202.4,204,185,292,-1216,-503,299,37.4117081,-121.9949899
267205905,2,9,37.4122042,-121.9945685,3,13.16,202.6,204,184,292,-1215,-507,302,37.4117081,-121.9949899
267306189,2,9,37.4121931,-121.9945741,3,13.29,204.2,204,184,291,-1213,-545,293,37.4117081,-121.9949899
267406451,2,9,37.4121821,-121.9945803,2,13.60,205.1,204,184,291,-1231,-577,302,37.4117081,-121.9949899
267506570,2,9,37.4121709,-121.9945866,2,13.68,205.9,204,184,291,-1230,-598,308,37.4117081,-121.9949899
267607447,2,9,37.4121602,-121.9945931,2,13.34,205.4,204,183,290,-1204,-573,304,37.4117081,-121.9949899
267708646,2,9,37.4121496,-121.9945998,1,13.28,207.3,204,183,290,-1180,-609,275,37.4117081,-121.9949899
267808908,2,9,37.4121390,-121.9946067,1,13.66,206.2,204,183,290,-1225,-604,249,37.4117081,-121.9949899
267909972,2,9,37.4121281,-121.9946138,1,13.80,207.0,204,183,290,-1229,-628,199,37.4117081,-121.9949899
268010535,2,9,37.4121172,-121.9946211,1,13.84,209.0,204,183,289,-1211,-671,138,37.4117081,-121.9949899
268085985,2,9,37.4121172,-121.9946211,1,13.84,209.0,204,183,289,-1211,-671,138,37.4117081,-121.9949899
268110880,2,9,37.4121065,-121.9946286,1,13.80,208.9,204,183,289,-1207,-669,86,37.4117081,-121.9949899
268211574,2,9,37.4120958,-121.9946362,1,13.78,209.5,204,182,289,-1198,-680,69,37.4117081,-121.9949899
268312114,2,9,37.4120853,-121.9946438,1,13.60,210.1,204,182,289,-1176,-684,67,37.4117081,-121.9949899
268412236,2,9,37.4120749,-121.9946517,1,13.52,211.5,204,182,289,-1151,-708,60,37.4117081,-121.9949899
268512266,2,9,37.4120650,-121.9946596,1,13.10,212.9,204,182,289,-1100,-711,68,37.4117081,-121.9949899
268612733,2,9,37.4120553,-121.9946676,1,12.94,213.5,204,182,289,-1078,-716,86,37.4117081,-121.9949899
268714134,2,9,37.4120459,-121.9946755,0,12.62,213.9,204,182,289,-1047,-704,96,37.4117081,-121.9949899
268814209,2,9,37.4120368,-121.9946836,0,12.45,215.3,204,181,288,-1015,-721,88,37.4117081,-121.9949899
268914758,2,9,37.4120279,-121.9946919,0,12.30,217.1,204,181,288,-980,-743,98,37.4117081,-121.9949899
269015059,2,9,37.4120192,-121.9947004,0,12.34,217.3,204,181,288,-981,-749,107,37.4117081,-121.9949899
269116322,2,9,37.4120105,-121.9947090,0,12.29,218.8,204,181,288,-957,-770,127,37.4117081,-121.9949899
269217237,2,9,37.4120021,-121.9947175,0,11.93,219.8,204,181,288,-915,-765,142,37.4117081,-121.9949899
269317802,2,9,37.4119941,-121.9947263,0,11.91,221.9,204,181,288,-886,-796,178,37.4117081,-121.9949899
269398151,2,9,37.4119864,-121.9947351,0,11.67,221.8,204,181,288,-869,-778,197,37.4117081,-121.9949899
269498501,2,9,37.4119788,-121.9947439,0,11.50,222.9,204,181,288,-842,-783,226,37.4117081,-121.9949899
269599053,2,9,37.4119714,-121.9947529,0,11.51,224.7,204,181,288,-817,-810,245,37.4117081,-121.9949899
269699597,2,9,37.4119644,-121.9947621,0,11.33,226.0,204,181,288,-787,-815,249,37.4117081,-121.9949899
269800172,2,9,37.4119575,-121.9947714,0,11.24,227.7,204,181,288,-756,-832,238,37.4117081,-121.9949899
269901312,2,9,37.4119508,-121.9947810,-1,11.29,228.6,204,181,288,-746,-848,211,37.4117081,-121.9949899
270001617,2,9,37.4119441,-121.9947904,-1,11.20,228.6,204,181,288,-741,-840,227,37.4117081,-121.9949899
270102673,2,9,37.4119376,-121.9947999,-1,11.12,229.8,204,180,288,-716,-850,253,37.4117081,-121.9949899
270203179,2,9,37.4119311,-121.9948094,-1,11.04,230.9,204,180,287,-695,-857,271,37.4117081,-121.9949899
270244579,2,9,37.4119311,-121.9948094,-1,11.04,230.9,204,180,287,-695,-857,271,37.4117081,-121.9949899
270304234,2,9,37.4119249,-121.9948191,-2,11.07,230.7,204,180,287,-700,-857,238,37.4117081,-121.9949899
270404809,2,9,37.4119185,-121.9948286,-2,11.00,229.0,204,180,287,-721,-831,237,37.4117081,-121.9949899
270505176,2,9,37.4119121,-121.9948381,-2,11.12,229.9,204,180,287,-715,-851,272,37.4117081,-121.9949899
270606907,2,9,37.4119057,-121.9948476,-2,11.00,231.3,204,180,287,-687,-858,302,37.4117081,-121.9949899
270707461,2,9,37.4118996,-121.9948574,-3,11.07,232.8,204,180,287,-668,-882,308,37.4117081,-121.9949899
270808244,2,9,37.4118930,-121.9948675,-3,11.67,230.0,204,180,287,-749,-895,278,37.4117081,-121.9949899
270908940,2,9,37.4118865,-121.9948776,-3,11.53,228.5,204,179,287,-763,-865,191,37.4117081,-121.9949899
271009568,2,9,37.4118798,-121.9948874,-3,11.56,227.2,204,179,287,-785,-848,139,37.4117081,-121.9949899
271110326,2,9,37.4118728,-121.9948971,-3,11.71,228.4,204,179,287,-777,-876,153,37.4117081,-121.9949899
271211496,2,9,37.4118656,-121.9949071,-4,11.89,229.4,204,179,287,-773,-903,206,37.4117081,-121.9949899
271311535,2,9,37.4118587,-121.9949172,-4,11.84,229.0,204,179,287,-775,-894,212,37.4117081,-121.9949899
271412253,2,9,37.4118517,-121.9949273,-4,11.91,228.9,204,179,287,-781,-898,181,37.4117081,-121.9949899
271512579,2,9,37.4118448,-121.9949373,-4,11.77,229.5,204,179,287,-764,-895,250,37.4117081,-121.9949899
271613703,2,9,37.4118383,-121.9949469,-5,11.04,231.1,204,179,287,-692,-860,364,37.4117081,-121.9949899
271714575,2,9,37.4118315,-121.9949561,-5,10.88,227.1,204,179,287,-739,-798,475,37.4117081,-121.9949899
271794856,2,9,37.4118246,-121.9949653,-6,11.57,223.4,204,180,286,-839,-796,512,37.4117081,-121.9949899
271895800,2,9,37.4118164,-121.9949735,-6,11.55,216.4,204,180,287,-929,-686,422,37.4117081,-121.9949899
271996340,2,9,37.4118097,-121.9949794,-6,9.55,215.1,204,181,287,-781,-550,283,37.4117081,-121.9949899
272097092,2,9,37.4118043,-121.9949840,-6,7.96,215.0,204,183,288,-652,-457,148,37.4117081,-121.9949899
272197638,2,9,37.4117994,-121.9949870,-6,6.77,211.3,204,184,289,-606,-301,101,37.4117081,-121.9949899
272298904,2,9,37.4117940,-121.9949894,-6,6.65,204.9,204,185,290,-632,-207,99,37.4117081,-121.9949899
272389107,2,9,37.4117940,-121.9949894,-6,6.65,204.9,204,185,290,-632,-207,99,37.4117081,-121.9949899
272399471,2,9,37.4117884,-121.9949912,-7,6.64,199.7,204,187,291,-646,-153,126,37.4117081,-121.9949899
272500586,2,9,37.4117834,-121.9949923,-7,6.00,196.1,204,188,292,-587,-120,137,37.4117081,-121.9949899
272601129,2,9,37.4117787,-121.9949923,-7,5.08,193.4,204,189,292,-502,-80,179,37.4117081,-121.9949899
272701853,2,9,37.4117751,-121.9949939,-7,4.46,197.8,204,190,293,-411,-172,112,37.4117081,-121.9949899
272802549,2,9,37.4117720,-121.9949959,-7,4.17,202.0,204,192,294,-372,-189,82,37.4117081,-121.9949899
272902790,2,9,37.4117701,-121.9949974,-7,3.08,207.1,204,193,295,-255,-172,40,37.4117081,-121.9949899
273003378,2,9,37.4117692,-121.9949979,-7,1.75,210.1,204,194,296,-136,-110,13,37.4117081,-121.9949899
273103880,2,9,37.4117689,-121.9949982,-7,0.89,213.4,204,196,297,-61,-65,8,37.4117081,-121.9949899
273204435,2,9,37.4117688,-121.9949989,-8,0.87,213.4,204,196,297,-21,-84,23,37.4117081,-121.9949899
273305490,2,9,37.4117687,-121.9949996,-8,1.07,213.4,204,197,298,19,-105,63,37.4117081,-121.9949899
273406192,2,9,37.4117687,-121.9950009,-8,0.86,213.4,204,198,299,7,-85,-1,37.4117081,-121.9949899
273507027,2,9,37.4117686,-121.9950011,-8,0.31,213.4,204,199,299,-6,-30,51,37.4117081,-121.9949899
273607896,2,9,37.4117685,-121.9950016,-8,0.43,213.4,204,200,299,-8,-42,40,37.4117081,-121.9949899
273709211,2,9,37.4117687,-121.9950020,-8,0.32,213.4,204,200,299,-5,-31,35,37.4117081,-121.9949899
273809473,2,9,37.4117687,-121.9950021,-8,0.43,213.4,204,201,300,-40,17,59,37.4117081,-121.9949899
273910043,2,9,37.4117688,-121.9950019,-8,0.36,213.4,204,202,300,-33,15,47,37.4117081,-121.9949899
274010550,2,9,37.4117692,-121.9950017,-8,0.23,213.4,204,203,300,11,20,53,37.4117081,-121.9949899
274111046,2,9,37.4117697,-121.9950012,-8,0.49,213.4,204,204,300,19,44,63,37.4117081,-121.9949899
274211644,2,9,37.4117702,-121.9950008,-8,0.52,213.4,204,204,300,24,46,71,37.4117081,-121.9949899
274292290,2,9,37.4117714,-121.9950007,-8,0.59,213.4,204,205,301,57,17,47,37.4117081,-121.9949899
274392972,2,9,37.4117715,-121.9950006,-8,0.04,213.4,204,205,301,-2,4,22,37.4117081,-121.9949899
274494206,2,9,37.4117713,-121.9950006,-8,0.21,213.4,204,206,301,-21,-2,22,37.4117081,-121.9949899
274510722,2,9,37.4117713,-121.9950006,-8,0.21,213.4,204,206,301,-21,-2,22,37.4117081,-121.9949899
274594744,2,9,37.4117717,-121.9950007,-8,0.10,213.4,204,206,301,6,-8,17,37.4117081,-121.9949899
274695847,2,9,37.4117719,-121.9950007,-8,0.08,213.4,204,206,302,-7,3,11,37.4117081,-121.9949899
