<?xml version="1.0" encoding="UTF-8"?>
<gpx creator="blackbox_decode v8.0.0 INAV c4f2026" version="1.1" xmlns="http://www.topografix.com/GPX/1/1" xmlns:xsi="http://www.w3.org/2001/XMLSchema-instance" xsi:schemaLocation="http://www.topografix.com/GPX/1/1 http://www.topografix.com/GPX/1/1/gpx.xsd">
<metadata><name>Blackbox flight log</name>
 <link href="https://github.com/iNavFlight/blackbox-tools">
 <text>INAV Blackbox Tools</text>
 </link>
</metadata>
<trk><name>Blackbox flight log</name><trkseg>
  <trkpt lat="37.4117093" lon="-121.9949885"><ele>-4</ele><time>2026-04-26T19:04:10.850704Z</time></trkpt>
  <trkpt lat="37.4117092" lon="-121.9949886"><ele>-4</ele><time>2026-04-26T19:04:10.853805Z</time></trkpt>
  <trkpt lat="37.4117092" lon="-121.9949886"><ele>-4</ele><time>2026-04-26T19:04:10.858357Z</time></trkpt>
  <trkpt lat="37.4117092" lon="-121.9949887"><ele>-4</ele><time>2026-04-26T19:04:10.954844Z</time></trkpt>
  <trkpt lat="37.4117091" lon="-121.9949888"><ele>-4</ele><time>2026-04-26T19:04:11.055493Z</time></trkpt>
  <trkpt lat="37.4117090" lon="-121.9949890"><ele>-4</ele><time>2026-04-26T19:04:11.156422Z</time></trkpt>
  <trkpt lat="37.4117089" lon="-121.9949891"><ele>-4</ele><time>2026-04-26T19:04:11.337745Z</time></trkpt>
  <trkpt lat="37.4117090" lon="-121.9949891"><ele>-4</ele><time>2026-04-26T19:04:11.438121Z</time></trkpt>
  <trkpt lat="37.4117091" lon="-121.9949891"><ele>-4</ele><time>2026-04-26T19:04:11.538606Z</time></trkpt>
  <trkpt lat="37.4117092" lon="-121.9949891"><ele>-4</ele><time>2026-04-26T19:04:11.639299Z</time></trkpt>
  <trkpt lat="37.4117093" lon="-121.9949891"><ele>-4</ele><time>2026-04-26T19:04:11.740002Z</time></trkpt>
  <trkpt lat="37.4117094" lon="-121.9949890"><ele>-4</ele><time>2026-04-26T19:04:12.042351Z</time></trkpt>
  <trkpt lat="37.4117095" lon="-121.9949889"><ele>-3</ele><time>2026-04-26T19:04:12.143013Z</time></trkpt>
  <trkpt lat="37.4117096" lon="-121.9949888"><ele>-3</ele><time>2026-04-26T19:04:12.243516Z</time></trkpt>
  <trkpt lat="37.4117097" lon="-121.9949887"><ele>-3</ele><time>2026-04-26T19:04:12.344288Z</time></trkpt>
  <trkpt lat="37.4117098" lon="-121.9949886"><ele>-3</ele><time>2026-04-26T19:04:12.445060Z</time></trkpt>
  <trkpt lat="37.4117099" lon="-121.9949887"><ele>-3</ele><time>2026-04-26T19:04:12.546077Z</time></trkpt>
  <trkpt lat="37.4117099" lon="-121.9949888"><ele>-3</ele><time>2026-04-26T19:04:12.647360Z</time></trkpt>
  <trkpt lat="37.4117100" lon="-121.9949889"><ele>-3</ele><time>2026-04-26T19:04:12.747457Z</time></trkpt>
  <trkpt lat="37.4117100" lon="-121.9949889"><ele>-3</ele><time>2026-04-26T19:04:12.848296Z</time></trkpt>
  <trkpt lat="37.4117100" lon="-121.9949890"><ele>-3</ele><time>2026-04-26T19:04:12.949093Z</time></trkpt>
  <trkpt lat="37.4117100" lon="-121.9949890"><ele>-3</ele><time>2026-04-26T19:04:12.987889Z</time></trkpt>
  <trkpt lat="37.4117102" lon="-121.9949891"><ele>-3</ele><time>2026-04-26T19:04:13.050166Z</time></trkpt>
  <trkpt lat="37.4117105" lon="-121.9949893"><ele>-3</ele><time>2026-04-26T19:04:13.251351Z</time></trkpt>
  <trkpt lat="37.4117106" lon="-121.9949894"><ele>-3</ele><time>2026-04-26T19:04:13.352261Z</time></trkpt>
  <trkpt lat="37.4117107" lon="-121.9949895"><ele>-3</ele><time>2026-04-26T19:04:13.452983Z</time></trkpt>
  <trkpt lat="37.4117108" lon="-121.9949895"><ele>-3</ele><time>2026-04-26T19:04:13.534106Z</time></trkpt>
  <trkpt lat="37.4117107" lon="-121.9949894"><ele>-3</ele><time>2026-04-26T19:04:13.654859Z</time></trkpt>
  <trkpt lat="37.4117107" lon="-121.9949893"><ele>-3</ele><time>2026-04-26T19:04:13.735606Z</time></trkpt>
  <trkpt lat="37.4117106" lon="-121.9949891"><ele>-3</ele><time>2026-04-26T19:04:13.936357Z</time></trkpt>
  <trkpt lat="37.4117106" lon="-121.9949890"><ele>-2</ele><time>2026-04-26T19:04:14.037321Z</time></trkpt>
  <trkpt lat="37.4117106" lon="-121.9949888"><ele>-2</ele><time>2026-04-26T19:04:14.138001Z</time></trkpt>
  <trkpt lat="37.4117105" lon="-121.9949886"><ele>-2</ele><time>2026-04-26T19:04:14.238284Z</time></trkpt>
  <trkpt lat="37.4117105" lon="-121.9949884"><ele>-2</ele><time>2026-04-26T19:04:14.339811Z</time></trkpt>
  <trkpt lat="37.4117105" lon="-121.9949882"><ele>-2</ele><time>2026-04-26T19:04:14.440256Z</time></trkpt>
  <trkpt lat="37.4117105" lon="-121.9949881"><ele>-2</ele><time>2026-04-26T19:04:14.541027Z</time></trkpt>
  <trkpt lat="37.4117105" lon="-121.9949879"><ele>-2</ele><time>2026-04-26T19:04:14.641613Z</time></trkpt>
  <trkpt lat="37.4117105" lon="-121.9949880"><ele>-2</ele><time>2026-04-26T19:04:14.742503Z</time></trkpt>
  <trkpt lat="37.4117105" lon="-121.9949882"><ele>-2</ele><time>2026-04-26T19:04:14.843386Z</time></trkpt>
  <trkpt lat="37.4117106" lon="-121.9949882"><ele>-2</ele><time>2026-04-26T19:04:14.943918Z</time></trkpt>
  <trkpt lat="37.4117106" lon="-121.9949881"><ele>-2</ele><time>2026-04-26T19:04:15.044736Z</time></trkpt>
  <trkpt lat="37.4117106" lon="-121.9949881"><ele>-2</ele><time>2026-04-26T19:04:15.109411Z</time></trkpt>
  <trkpt lat="37.4117105" lon="-121.9949881"><ele>-2</ele><time>2026-04-26T19:04:15.246691Z</time></trkpt>
  <trkpt lat="37.4117102" lon="-121.9949881"><ele>-2</ele><time>2026-04-26T19:04:15.347835Z</time></trkpt>
  <trkpt lat="37.4117100" lon="-121.9949880"><ele>-2</ele><time>2026-04-26T19:04:15.448438Z</time></trkpt>
  <trkpt lat="37.4117097" lon="-121.9949879"><ele>-2</ele><time>2026-04-26T19:04:15.549480Z</time></trkpt>
  <trkpt lat="37.4117094" lon="-121.9949878"><ele>-2</ele><time>2026-04-26T19:04:15.650195Z</time></trkpt>
  <trkpt lat="37.4117091" lon="-121.9949878"><ele>-2</ele><time>2026-04-26T19:04:15.750855Z</time></trkpt>
  <trkpt lat="37.4117089" lon="-121.9949877"><ele>-2</ele><time>2026-04-26T19:04:15.852259Z</time></trkpt>
  <trkpt lat="37.4117088" lon="-121.9949872"><ele>-2</ele><time>2026-04-26T19:04:15.932384Z</time></trkpt>
  <trkpt lat="37.4117088" lon="-121.9949869"><ele>-2</ele><time>2026-04-26T19:04:16.033113Z</time></trkpt>
  <trkpt lat="37.4117092" lon="-121.9949866"><ele>-2</ele><time>2026-04-26T19:04:16.133981Z</time></trkpt>
  <trkpt lat="37.4117102" lon="-121.9949867"><ele>-2</ele><time>2026-04-26T19:04:16.234502Z</time></trkpt>
  <trkpt lat="37.4117122" lon="-121.9949877"><ele>-2</ele><time>2026-04-26T19:04:16.335087Z</time></trkpt>
  <trkpt lat="37.4117157" lon="-121.9949887"><ele>-2</ele><time>2026-04-26T19:04:16.435922Z</time></trkpt>
  <trkpt lat="37.4117197" lon="-121.9949900"><ele>-2</ele><time>2026-04-26T19:04:16.536315Z</time></trkpt>
  <trkpt lat="37.4117237" lon="-121.9949920"><ele>-1</ele><time>2026-04-26T19:04:16.636910Z</time></trkpt>
  <trkpt lat="37.4117281" lon="-121.9949942"><ele>-1</ele><time>2026-04-26T19:04:16.737495Z</time></trkpt>
  <trkpt lat="37.4117327" lon="-121.9949968"><ele>0</ele><time>2026-04-26T19:04:16.838533Z</time></trkpt>
  <trkpt lat="37.4117374" lon="-121.9949996"><ele>0</ele><time>2026-04-26T19:04:16.939546Z</time></trkpt>
  <trkpt lat="37.4117421" lon="-121.9950024"><ele>0</ele><time>2026-04-26T19:04:17.040036Z</time></trkpt>
  <trkpt lat="37.4117468" lon="-121.9950054"><ele>0</ele><time>2026-04-26T19:04:17.140902Z</time></trkpt>
  <trkpt lat="37.4117468" lon="-121.9950054"><ele>0</ele><time>2026-04-26T19:04:17.235103Z</time></trkpt>
  <trkpt lat="37.4117515" lon="-121.9950090"><ele>1</ele><time>2026-04-26T19:04:17.242383Z</time></trkpt>
  <trkpt lat="37.4117564" lon="-121.9950125"><ele>1</ele><time>2026-04-26T19:04:17.343266Z</time></trkpt>
  <trkpt lat="37.4117621" lon="-121.9950149"><ele>2</ele><time>2026-04-26T19:04:17.444501Z</time></trkpt>
  <trkpt lat="37.4117684" lon="-121.9950169"><ele>2</ele><time>2026-04-26T19:04:17.545070Z</time></trkpt>
  <trkpt lat="37.4117749" lon="-121.9950189"><ele>3</ele><time>2026-04-26T19:04:17.645663Z</time></trkpt>
  <trkpt lat="37.4117814" lon="-121.9950211"><ele>3</ele><time>2026-04-26T19:04:17.746331Z</time></trkpt>
  <trkpt lat="37.4117881" lon="-121.9950234"><ele>4</ele><time>2026-04-26T19:04:17.847046Z</time></trkpt>
  <trkpt lat="37.4117949" lon="-121.9950258"><ele>5</ele><time>2026-04-26T19:04:17.948395Z</time></trkpt>
  <trkpt lat="37.4118016" lon="-121.9950287"><ele>5</ele><time>2026-04-26T19:04:18.049129Z</time></trkpt>
  <trkpt lat="37.4118084" lon="-121.9950317"><ele>6</ele><time>2026-04-26T19:04:18.129267Z</time></trkpt>
  <trkpt lat="37.4118155" lon="-121.9950349"><ele>6</ele><time>2026-04-26T19:04:18.250505Z</time></trkpt>
  <trkpt lat="37.4118227" lon="-121.9950383"><ele>7</ele><time>2026-04-26T19:04:18.331137Z</time></trkpt>
  <trkpt lat="37.4118299" lon="-121.9950420"><ele>8</ele><time>2026-04-26T19:04:18.431640Z</time></trkpt>
  <trkpt lat="37.4118373" lon="-121.9950455"><ele>8</ele><time>2026-04-26T19:04:18.531930Z</time></trkpt>
  <trkpt lat="37.4118447" lon="-121.9950492"><ele>9</ele><time>2026-04-26T19:04:18.632439Z</time></trkpt>
  <trkpt lat="37.4118523" lon="-121.9950530"><ele>9</ele><time>2026-04-26T19:04:18.733924Z</time></trkpt>
  <trkpt lat="37.4118599" lon="-121.9950569"><ele>10</ele><time>2026-04-26T19:04:18.834481Z</time></trkpt>
  <trkpt lat="37.4118678" lon="-121.9950607"><ele>11</ele><time>2026-04-26T19:04:18.935158Z</time></trkpt>
  <trkpt lat="37.4118758" lon="-121.9950646"><ele>11</ele><time>2026-04-26T19:04:19.035720Z</time></trkpt>
  <trkpt lat="37.4118840" lon="-121.9950685"><ele>12</ele><time>2026-04-26T19:04:19.136683Z</time></trkpt>
  <trkpt lat="37.4118923" lon="-121.9950723"><ele>12</ele><time>2026-04-26T19:04:19.237536Z</time></trkpt>
  <trkpt lat="37.4119008" lon="-121.9950760"><ele>13</ele><time>2026-04-26T19:04:19.337996Z</time></trkpt>
  <trkpt lat="37.4119008" lon="-121.9950760"><ele>13</ele><time>2026-04-26T19:04:19.375121Z</time></trkpt>
  <trkpt lat="37.4119094" lon="-121.9950799"><ele>13</ele><time>2026-04-26T19:04:19.438741Z</time></trkpt>
  <trkpt lat="37.4119183" lon="-121.9950836"><ele>14</ele><time>2026-04-26T19:04:19.539803Z</time></trkpt>
  <trkpt lat="37.4119275" lon="-121.9950872"><ele>14</ele><time>2026-04-26T19:04:19.640584Z</time></trkpt>
  <trkpt lat="37.4119367" lon="-121.9950909"><ele>15</ele><time>2026-04-26T19:04:19.741420Z</time></trkpt>
  <trkpt lat="37.4119461" lon="-121.9950945"><ele>15</ele><time>2026-04-26T19:04:19.842540Z</time></trkpt>
  <trkpt lat="37.4119556" lon="-121.9950980"><ele>16</ele><time>2026-04-26T19:04:19.943460Z</time></trkpt>
  <trkpt lat="37.4119652" lon="-121.9951015"><ele>16</ele><time>2026-04-26T19:04:20.044168Z</time></trkpt>
  <trkpt lat="37.4119750" lon="-121.9951050"><ele>17</ele><time>2026-04-26T19:04:20.144528Z</time></trkpt>
  <trkpt lat="37.4119850" lon="-121.9951083"><ele>17</ele><time>2026-04-26T19:04:20.244816Z</time></trkpt>
  <trkpt lat="37.4119951" lon="-121.9951117"><ele>18</ele><time>2026-04-26T19:04:20.345592Z</time></trkpt>
  <trkpt lat="37.4120053" lon="-121.9951149"><ele>18</ele><time>2026-04-26T19:04:20.446113Z</time></trkpt>
  <trkpt lat="37.4120157" lon="-121.9951180"><ele>19</ele><time>2026-04-26T19:04:20.546575Z</time></trkpt>
  <trkpt lat="37.4120261" lon="-121.9951211"><ele>19</ele><time>2026-04-26T19:04:20.647728Z</time></trkpt>
  <trkpt lat="37.4120367" lon="-121.9951242"><ele>20</ele><time>2026-04-26T19:04:20.728029Z</time></trkpt>
  <trkpt lat="37.4120475" lon="-121.9951272"><ele>20</ele><time>2026-04-26T19:04:20.828827Z</time></trkpt>
  <trkpt lat="37.4120582" lon="-121.9951300"><ele>21</ele><time>2026-04-26T19:04:20.929009Z</time></trkpt>
  <trkpt lat="37.4120689" lon="-121.9951327"><ele>21</ele><time>2026-04-26T19:04:21.030083Z</time></trkpt>
  <trkpt lat="37.4120793" lon="-121.9951353"><ele>22</ele><time>2026-04-26T19:04:21.130684Z</time></trkpt>
  <trkpt lat="37.4120898" lon="-121.9951376"><ele>22</ele><time>2026-04-26T19:04:21.231627Z</time></trkpt>
  <trkpt lat="37.4121003" lon="-121.9951400"><ele>23</ele><time>2026-04-26T19:04:21.332166Z</time></trkpt>
  <trkpt lat="37.4121107" lon="-121.9951422"><ele>24</ele><time>2026-04-26T19:04:21.432795Z</time></trkpt>
  <trkpt lat="37.4121107" lon="-121.9951422"><ele>24</ele><time>2026-04-26T19:04:21.528689Z</time></trkpt>
  <trkpt lat="37.4121209" lon="-121.9951444"><ele>24</ele><time>2026-04-26T19:04:21.533359Z</time></trkpt>
  <trkpt lat="37.4121311" lon="-121.9951467"><ele>25</ele><time>2026-04-26T19:04:21.634054Z</time></trkpt>
  <trkpt lat="37.4121413" lon="-121.9951492"><ele>26</ele><time>2026-04-26T19:04:21.734762Z</time></trkpt>
  <trkpt lat="37.4121517" lon="-121.9951517"><ele>26</ele><time>2026-04-26T19:04:21.835721Z</time></trkpt>
  <trkpt lat="37.4121620" lon="-121.9951542"><ele>27</ele><time>2026-04-26T19:04:21.935969Z</time></trkpt>
  <trkpt lat="37.4121725" lon="-121.9951569"><ele>28</ele><time>2026-04-26T19:04:22.036709Z</time></trkpt>
  <trkpt lat="37.4121830" lon="-121.9951597"><ele>28</ele><time>2026-04-26T19:04:22.137514Z</time></trkpt>
  <trkpt lat="37.4121934" lon="-121.9951625"><ele>29</ele><time>2026-04-26T19:04:22.237814Z</time></trkpt>
  <trkpt lat="37.4122037" lon="-121.9951657"><ele>30</ele><time>2026-04-26T19:04:22.338622Z</time></trkpt>
  <trkpt lat="37.4122140" lon="-121.9951689"><ele>30</ele><time>2026-04-26T19:04:22.439154Z</time></trkpt>
  <trkpt lat="37.4122241" lon="-121.9951723"><ele>31</ele><time>2026-04-26T19:04:22.539262Z</time></trkpt>
  <trkpt lat="37.4122342" lon="-121.9951753"><ele>32</ele><time>2026-04-26T19:04:22.639944Z</time></trkpt>
  <trkpt lat="37.4122439" lon="-121.9951783"><ele>32</ele><time>2026-04-26T19:04:22.740545Z</time></trkpt>
  <trkpt lat="37.4122534" lon="-121.9951814"><ele>33</ele><time>2026-04-26T19:04:22.840760Z</time></trkpt>
  <trkpt lat="37.4122629" lon="-121.9951844"><ele>34</ele><time>2026-04-26T19:04:22.941062Z</time></trkpt>
  <trkpt lat="37.4122724" lon="-121.9951873"><ele>35</ele><time>2026-04-26T19:04:23.042188Z</time></trkpt>
  <trkpt lat="37.4122820" lon="-121.9951900"><ele>35</ele><time>2026-04-26T19:04:23.142881Z</time></trkpt>
  <trkpt lat="37.4122919" lon="-121.9951926"><ele>36</ele><time>2026-04-26T19:04:23.243258Z</time></trkpt>
  <trkpt lat="37.4123018" lon="-121.9951954"><ele>37</ele><time>2026-04-26T19:04:23.323485Z</time></trkpt>
  <trkpt lat="37.4123119" lon="-121.9951984"><ele>38</ele><time>2026-04-26T19:04:23.444339Z</time></trkpt>
  <trkpt lat="37.4123219" lon="-121.9952016"><ele>38</ele><time>2026-04-26T19:04:23.524926Z</time></trkpt>
  <trkpt lat="37.4123319" lon="-121.9952049"><ele>39</ele><time>2026-04-26T19:04:23.625327Z</time></trkpt>
  <trkpt lat="37.4123319" lon="-121.9952049"><ele>39</ele><time>2026-04-26T19:04:23.687738Z</time></trkpt>
  <trkpt lat="37.4123419" lon="-121.9952085"><ele>39</ele><time>2026-04-26T19:04:23.726062Z</time></trkpt>
  <trkpt lat="37.4123517" lon="-121.9952124"><ele>40</ele><time>2026-04-26T19:04:23.826778Z</time></trkpt>
  <trkpt lat="37.4123617" lon="-121.9952166"><ele>41</ele><time>2026-04-26T19:04:23.947304Z</time></trkpt>
  <trkpt lat="37.4123720" lon="-121.9952206"><ele>41</ele><time>2026-04-26T19:04:24.027942Z</time></trkpt>
  <trkpt lat="37.4123825" lon="-121.9952246"><ele>42</ele><time>2026-04-26T19:04:24.129284Z</time></trkpt>
  <trkpt lat="37.4123932" lon="-121.9952285"><ele>42</ele><time>2026-04-26T19:04:24.229366Z</time></trkpt>
  <trkpt lat="37.4124039" lon="-121.9952323"><ele>43</ele><time>2026-04-26T19:04:24.329919Z</time></trkpt>
  <trkpt lat="37.4124144" lon="-121.9952359"><ele>43</ele><time>2026-04-26T19:04:24.430002Z</time></trkpt>
  <trkpt lat="37.4124246" lon="-121.9952392"><ele>44</ele><time>2026-04-26T19:04:24.530535Z</time></trkpt>
  <trkpt lat="37.4124343" lon="-121.9952417"><ele>45</ele><time>2026-04-26T19:04:24.631105Z</time></trkpt>
  <trkpt lat="37.4124437" lon="-121.9952439"><ele>46</ele><time>2026-04-26T19:04:24.732367Z</time></trkpt>
  <trkpt lat="37.4124530" lon="-121.9952459"><ele>46</ele><time>2026-04-26T19:04:24.832814Z</time></trkpt>
  <trkpt lat="37.4124622" lon="-121.9952476"><ele>47</ele><time>2026-04-26T19:04:24.933505Z</time></trkpt>
  <trkpt lat="37.4124712" lon="-121.9952491"><ele>48</ele><time>2026-04-26T19:04:25.033852Z</time></trkpt>
  <trkpt lat="37.4124802" lon="-121.9952507"><ele>49</ele><time>2026-04-26T19:04:25.134784Z</time></trkpt>
  <trkpt lat="37.4124894" lon="-121.9952521"><ele>50</ele><time>2026-04-26T19:04:25.235910Z</time></trkpt>
  <trkpt lat="37.4124988" lon="-121.9952536"><ele>51</ele><time>2026-04-26T19:04:25.335951Z</time></trkpt>
  <trkpt lat="37.4125082" lon="-121.9952551"><ele>51</ele><time>2026-04-26T19:04:25.436706Z</time></trkpt>
  <trkpt lat="37.4125173" lon="-121.9952567"><ele>52</ele><time>2026-04-26T19:04:25.536928Z</time></trkpt>
  <trkpt lat="37.4125263" lon="-121.9952584"><ele>53</ele><time>2026-04-26T19:04:25.638340Z</time></trkpt>
  <trkpt lat="37.4125352" lon="-121.9952602"><ele>54</ele><time>2026-04-26T19:04:25.738508Z</time></trkpt>
  <trkpt lat="37.4125441" lon="-121.9952621"><ele>55</ele><time>2026-04-26T19:04:25.838812Z</time></trkpt>
  <trkpt lat="37.4125441" lon="-121.9952621"><ele>55</ele><time>2026-04-26T19:04:25.844046Z</time></trkpt>
  <trkpt lat="37.4125528" lon="-121.9952638"><ele>56</ele><time>2026-04-26T19:04:25.939144Z</time></trkpt>
  <trkpt lat="37.4125615" lon="-121.9952655"><ele>56</ele><time>2026-04-26T19:04:26.039856Z</time></trkpt>
  <trkpt lat="37.4125702" lon="-121.9952672"><ele>57</ele><time>2026-04-26T19:04:26.140384Z</time></trkpt>
  <trkpt lat="37.4125794" lon="-121.9952689"><ele>58</ele><time>2026-04-26T19:04:26.240876Z</time></trkpt>
  <trkpt lat="37.4125889" lon="-121.9952708"><ele>59</ele><time>2026-04-26T19:04:26.321598Z</time></trkpt>
  <trkpt lat="37.4125989" lon="-121.9952727"><ele>59</ele><time>2026-04-26T19:04:26.422187Z</time></trkpt>
  <trkpt lat="37.4126090" lon="-121.9952747"><ele>60</ele><time>2026-04-26T19:04:26.522784Z</time></trkpt>
  <trkpt lat="37.4126194" lon="-121.9952769"><ele>60</ele><time>2026-04-26T19:04:26.623323Z</time></trkpt>
  <trkpt lat="37.4126302" lon="-121.9952785"><ele>61</ele><time>2026-04-26T19:04:26.723829Z</time></trkpt>
  <trkpt lat="37.4126409" lon="-121.9952803"><ele>61</ele><time>2026-04-26T19:04:26.824530Z</time></trkpt>
  <trkpt lat="37.4126516" lon="-121.9952822"><ele>62</ele><time>2026-04-26T19:04:26.925011Z</time></trkpt>
  <trkpt lat="37.4126622" lon="-121.9952842"><ele>62</ele><time>2026-04-26T19:04:27.026122Z</time></trkpt>
  <trkpt lat="37.4126729" lon="-121.9952862"><ele>63</ele><time>2026-04-26T19:04:27.126837Z</time></trkpt>
  <trkpt lat="37.4126833" lon="-121.9952884"><ele>64</ele><time>2026-04-26T19:04:27.226867Z</time></trkpt>
  <trkpt lat="37.4126937" lon="-121.9952907"><ele>64</ele><time>2026-04-26T19:04:27.327617Z</time></trkpt>
  <trkpt lat="37.4127040" lon="-121.9952930"><ele>65</ele><time>2026-04-26T19:04:27.428334Z</time></trkpt>
  <trkpt lat="37.4127140" lon="-121.9952955"><ele>66</ele><time>2026-04-26T19:04:27.529157Z</time></trkpt>
  <trkpt lat="37.4127239" lon="-121.9952979"><ele>66</ele><time>2026-04-26T19:04:27.629740Z</time></trkpt>
  <trkpt lat="37.4127338" lon="-121.9953005"><ele>67</ele><time>2026-04-26T19:04:27.730341Z</time></trkpt>
  <trkpt lat="37.4127439" lon="-121.9953033"><ele>68</ele><time>2026-04-26T19:04:27.830490Z</time></trkpt>
  <trkpt lat="37.4127540" lon="-121.9953060"><ele>68</ele><time>2026-04-26T19:04:27.930883Z</time></trkpt>
  <trkpt lat="37.4127540" lon="-121.9953060"><ele>68</ele><time>2026-04-26T19:04:27.997833Z</time></trkpt>
  <trkpt lat="37.4127639" lon="-121.9953085"><ele>69</ele><time>2026-04-26T19:04:28.031125Z</time></trkpt>
  <trkpt lat="37.4127740" lon="-121.9953111"><ele>70</ele><time>2026-04-26T19:04:28.132664Z</time></trkpt>
  <trkpt lat="37.4127840" lon="-121.9953139"><ele>70</ele><time>2026-04-26T19:04:28.233023Z</time></trkpt>
  <trkpt lat="37.4127940" lon="-121.9953167"><ele>71</ele><time>2026-04-26T19:04:28.333401Z</time></trkpt>
  <trkpt lat="37.4128037" lon="-121.9953198"><ele>72</ele><time>2026-04-26T19:04:28.433643Z</time></trkpt>
  <trkpt lat="37.4128134" lon="-121.9953228"><ele>72</ele><time>2026-04-26T19:04:28.534311Z</time></trkpt>
  <trkpt lat="37.4128232" lon="-121.9953259"><ele>73</ele><time>2026-04-26T19:04:28.634814Z</time></trkpt>
  <trkpt lat="37.4128330" lon="-121.9953289"><ele>74</ele><time>2026-04-26T19:04:28.736802Z</time></trkpt>
  <trkpt lat="37.4128425" lon="-121.9953321"><ele>74</ele><time>2026-04-26T19:04:28.837548Z</time></trkpt>
  <trkpt lat="37.4128518" lon="-121.9953354"><ele>75</ele><time>2026-04-26T19:04:28.938137Z</time></trkpt>
  <trkpt lat="37.4128609" lon="-121.9953390"><ele>75</ele><time>2026-04-26T19:04:29.019204Z</time></trkpt>
  <trkpt lat="37.4128699" lon="-121.9953429"><ele>76</ele><time>2026-04-26T19:04:29.119405Z</time></trkpt>
  <trkpt lat="37.4128791" lon="-121.9953466"><ele>77</ele><time>2026-04-26T19:04:29.219847Z</time></trkpt>
  <trkpt lat="37.4128884" lon="-121.9953503"><ele>77</ele><time>2026-04-26T19:04:29.319910Z</time></trkpt>
  <trkpt lat="37.4128976" lon="-121.9953541"><ele>78</ele><time>2026-04-26T19:04:29.420928Z</time></trkpt>
  <trkpt lat="37.4129067" lon="-121.9953579"><ele>79</ele><time>2026-04-26T19:04:29.521674Z</time></trkpt>
  <trkpt lat="37.4129162" lon="-121.9953617"><ele>79</ele><time>2026-04-26T19:04:29.622215Z</time></trkpt>
  <trkpt lat="37.4129259" lon="-121.9953653"><ele>80</ele><time>2026-04-26T19:04:29.722714Z</time></trkpt>
  <trkpt lat="37.4129359" lon="-121.9953685"><ele>80</ele><time>2026-04-26T19:04:29.823308Z</time></trkpt>
  <trkpt lat="37.4129460" lon="-121.9953713"><ele>81</ele><time>2026-04-26T19:04:29.924402Z</time></trkpt>
  <trkpt lat="37.4129562" lon="-121.9953740"><ele>81</ele><time>2026-04-26T19:04:30.024610Z</time></trkpt>
  <trkpt lat="37.4129664" lon="-121.9953764"><ele>82</ele><time>2026-04-26T19:04:30.125195Z</time></trkpt>
  <trkpt lat="37.4129664" lon="-121.9953764"><ele>82</ele><time>2026-04-26T19:04:30.155838Z</time></trkpt>
  <trkpt lat="37.4129765" lon="-121.9953784"><ele>82</ele><time>2026-04-26T19:04:30.226440Z</time></trkpt>
  <trkpt lat="37.4129865" lon="-121.9953799"><ele>83</ele><time>2026-04-26T19:04:30.326462Z</time></trkpt>
  <trkpt lat="37.4129965" lon="-121.9953809"><ele>83</ele><time>2026-04-26T19:04:30.426777Z</time></trkpt>
  <trkpt lat="37.4130061" lon="-121.9953816"><ele>84</ele><time>2026-04-26T19:04:30.527314Z</time></trkpt>
  <trkpt lat="37.4130157" lon="-121.9953820"><ele>85</ele><time>2026-04-26T19:04:30.628114Z</time></trkpt>
  <trkpt lat="37.4130252" lon="-121.9953823"><ele>85</ele><time>2026-04-26T19:04:30.728299Z</time></trkpt>
  <trkpt lat="37.4130346" lon="-121.9953824"><ele>86</ele><time>2026-04-26T19:04:30.828626Z</time></trkpt>
  <trkpt lat="37.4130441" lon="-121.9953823"><ele>87</ele><time>2026-04-26T19:04:30.928806Z</time></trkpt>
  <trkpt lat="37.4130533" lon="-121.9953826"><ele>87</ele><time>2026-04-26T19:04:31.029413Z</time></trkpt>
  <trkpt lat="37.4130625" lon="-121.9953830"><ele>88</ele><time>2026-04-26T19:04:31.129888Z</time></trkpt>
  <trkpt lat="37.4130718" lon="-121.9953830"><ele>89</ele><time>2026-04-26T19:04:31.230339Z</time></trkpt>
  <trkpt lat="37.4130808" lon="-121.9953837"><ele>89</ele><time>2026-04-26T19:04:31.330604Z</time></trkpt>
  <trkpt lat="37.4130898" lon="-121.9953846"><ele>90</ele><time>2026-04-26T19:04:31.431195Z</time></trkpt>
  <trkpt lat="37.4130991" lon="-121.9953846"><ele>91</ele><time>2026-04-26T19:04:31.532320Z</time></trkpt>
  <trkpt lat="37.4131084" lon="-121.9953845"><ele>91</ele><time>2026-04-26T19:04:31.632068Z</time></trkpt>
  <trkpt lat="37.4131176" lon="-121.9953844"><ele>92</ele><time>2026-04-26T19:04:31.732379Z</time></trkpt>
  <trkpt lat="37.4131269" lon="-121.9953844"><ele>92</ele><time>2026-04-26T19:04:31.832803Z</time></trkpt>
  <trkpt lat="37.4131356" lon="-121.9953854"><ele>93</ele><time>2026-04-26T19:04:31.933132Z</time></trkpt>
  <trkpt lat="37.4131448" lon="-121.9953858"><ele>94</ele><time>2026-04-26T19:04:32.033509Z</time></trkpt>
  <trkpt lat="37.4131538" lon="-121.9953861"><ele>94</ele><time>2026-04-26T19:04:32.114346Z</time></trkpt>
  <trkpt lat="37.4131629" lon="-121.9953865"><ele>95</ele><time>2026-04-26T19:04:32.214956Z</time></trkpt>
  <trkpt lat="37.4131718" lon="-121.9953870"><ele>95</ele><time>2026-04-26T19:04:32.315297Z</time></trkpt>
  <trkpt lat="37.4131718" lon="-121.9953870"><ele>95</ele><time>2026-04-26T19:04:32.315804Z</time></trkpt>
  <trkpt lat="37.4131806" lon="-121.9953876"><ele>96</ele><time>2026-04-26T19:04:32.416394Z</time></trkpt>
  <trkpt lat="37.4131893" lon="-121.9953882"><ele>97</ele><time>2026-04-26T19:04:32.516651Z</time></trkpt>
  <trkpt lat="37.4131979" lon="-121.9953890"><ele>97</ele><time>2026-04-26T19:04:32.617631Z</time></trkpt>
  <trkpt lat="37.4132063" lon="-121.9953899"><ele>98</ele><time>2026-04-26T19:04:32.717978Z</time></trkpt>
  <trkpt lat="37.4132146" lon="-121.9953909"><ele>99</ele><time>2026-04-26T19:04:32.818669Z</time></trkpt>
  <trkpt lat="37.4132227" lon="-121.9953919"><ele>99</ele><time>2026-04-26T19:04:32.918787Z</time></trkpt>
  <trkpt lat="37.4132305" lon="-121.9953932"><ele>100</ele><time>2026-04-26T19:04:33.019684Z</time></trkpt>
  <trkpt lat="37.4132379" lon="-121.9953945"><ele>101</ele><time>2026-04-26T19:04:33.120129Z</time></trkpt>
  <trkpt lat="37.4132454" lon="-121.9953961"><ele>101</ele><time>2026-04-26T19:04:33.220643Z</time></trkpt>
  <trkpt lat="37.4132528" lon="-121.9953980"><ele>102</ele><time>2026-04-26T19:04:33.321337Z</time></trkpt>
  <trkpt lat="37.4132603" lon="-121.9954005"><ele>102</ele><time>2026-04-26T19:04:33.421694Z</time></trkpt>
  <trkpt lat="37.4132676" lon="-121.9954041"><ele>102</ele><time>2026-04-26T19:04:33.522865Z</time></trkpt>
  <trkpt lat="37.4132745" lon="-121.9954089"><ele>103</ele><time>2026-04-26T19:04:33.623294Z</time></trkpt>
  <trkpt lat="37.4132806" lon="-121.9954158"><ele>103</ele><time>2026-04-26T19:04:33.724236Z</time></trkpt>
  <trkpt lat="37.4132857" lon="-121.9954244"><ele>103</ele><time>2026-04-26T19:04:33.824378Z</time></trkpt>
  <trkpt lat="37.4132895" lon="-121.9954351"><ele>103</ele><time>2026-04-26T19:04:33.924857Z</time></trkpt>
  <trkpt lat="37.4132918" lon="-121.9954472"><ele>103</ele><time>2026-04-26T19:04:34.026308Z</time></trkpt>
  <trkpt lat="37.4132929" lon="-121.9954601"><ele>103</ele><time>2026-04-26T19:04:34.127041Z</time></trkpt>
  <trkpt lat="37.4132926" lon="-121.9954739"><ele>103</ele><time>2026-04-26T19:04:34.227894Z</time></trkpt>
  <trkpt lat="37.4132903" lon="-121.9954880"><ele>102</ele><time>2026-04-26T19:04:34.328206Z</time></trkpt>
  <trkpt lat="37.4132861" lon="-121.9955021"><ele>102</ele><time>2026-04-26T19:04:34.428665Z</time></trkpt>
  <trkpt lat="37.4132861" lon="-121.9955021"><ele>102</ele><time>2026-04-26T19:04:34.467285Z</time></trkpt>
  <trkpt lat="37.4132806" lon="-121.9955164"><ele>102</ele><time>2026-04-26T19:04:34.529012Z</time></trkpt>
  <trkpt lat="37.4132736" lon="-121.9955303"><ele>101</ele><time>2026-04-26T19:04:34.629698Z</time></trkpt>
  <trkpt lat="37.4132648" lon="-121.9955432"><ele>101</ele><time>2026-04-26T19:04:34.730841Z</time></trkpt>
  <trkpt lat="37.4132543" lon="-121.9955549"><ele>101</ele><time>2026-04-26T19:04:34.811398Z</time></trkpt>
  <trkpt lat="37.4132427" lon="-121.9955657"><ele>101</ele><time>2026-04-26T19:04:34.912152Z</time></trkpt>
  <trkpt lat="37.4132302" lon="-121.9955756"><ele>101</ele><time>2026-04-26T19:04:35.012399Z</time></trkpt>
  <trkpt lat="37.4132168" lon="-121.9955840"><ele>101</ele><time>2026-04-26T19:04:35.113468Z</time></trkpt>
  <trkpt lat="37.4132023" lon="-121.9955902"><ele>100</ele><time>2026-04-26T19:04:35.214386Z</time></trkpt>
  <trkpt lat="37.4131869" lon="-121.9955943"><ele>100</ele><time>2026-04-26T19:04:35.314597Z</time></trkpt>
  <trkpt lat="37.4131709" lon="-121.9955962"><ele>100</ele><time>2026-04-26T19:04:35.415200Z</time></trkpt>
  <trkpt lat="37.4131545" lon="-121.9955959"><ele>100</ele><time>2026-04-26T19:04:35.515550Z</time></trkpt>
  <trkpt lat="37.4131384" lon="-121.9955933"><ele>100</ele><time>2026-04-26T19:04:35.616009Z</time></trkpt>
  <trkpt lat="37.4131222" lon="-121.9955893"><ele>100</ele><time>2026-04-26T19:04:35.716408Z</time></trkpt>
  <trkpt lat="37.4131063" lon="-121.9955850"><ele>99</ele><time>2026-04-26T19:04:35.817119Z</time></trkpt>
  <trkpt lat="37.4130903" lon="-121.9955807"><ele>99</ele><time>2026-04-26T19:04:35.917526Z</time></trkpt>
  <trkpt lat="37.4130744" lon="-121.9955766"><ele>99</ele><time>2026-04-26T19:04:36.017754Z</time></trkpt>
  <trkpt lat="37.4130583" lon="-121.9955724"><ele>99</ele><time>2026-04-26T19:04:36.118370Z</time></trkpt>
  <trkpt lat="37.4130420" lon="-121.9955682"><ele>98</ele><time>2026-04-26T19:04:36.218890Z</time></trkpt>
  <trkpt lat="37.4130253" lon="-121.9955642"><ele>98</ele><time>2026-04-26T19:04:36.319670Z</time></trkpt>
  <trkpt lat="37.4130082" lon="-121.9955606"><ele>97</ele><time>2026-04-26T19:04:36.421682Z</time></trkpt>
  <trkpt lat="37.4129910" lon="-121.9955576"><ele>97</ele><time>2026-04-26T19:04:36.522423Z</time></trkpt>
  <trkpt lat="37.4129910" lon="-121.9955576"><ele>97</ele><time>2026-04-26T19:04:36.622321Z</time></trkpt>
  <trkpt lat="37.4129737" lon="-121.9955548"><ele>97</ele><time>2026-04-26T19:04:36.622837Z</time></trkpt>
  <trkpt lat="37.4129561" lon="-121.9955525"><ele>96</ele><time>2026-04-26T19:04:36.723457Z</time></trkpt>
  <trkpt lat="37.4129382" lon="-121.9955506"><ele>96</ele><time>2026-04-26T19:04:36.824175Z</time></trkpt>
  <trkpt lat="37.4129202" lon="-121.9955491"><ele>96</ele><time>2026-04-26T19:04:36.925035Z</time></trkpt>
  <trkpt lat="37.4129022" lon="-121.9955482"><ele>95</ele><time>2026-04-26T19:04:37.026046Z</time></trkpt>
  <trkpt lat="37.4128840" lon="-121.9955476"><ele>95</ele><time>2026-04-26T19:04:37.126588Z</time></trkpt>
  <trkpt lat="37.4128658" lon="-121.9955476"><ele>95</ele><time>2026-04-26T19:04:37.227086Z</time></trkpt>
  <trkpt lat="37.4128478" lon="-121.9955480"><ele>95</ele><time>2026-04-26T19:04:37.327819Z</time></trkpt>
  <trkpt lat="37.4128303" lon="-121.9955480"><ele>94</ele><time>2026-04-26T19:04:37.427806Z</time></trkpt>
  <trkpt lat="37.4128134" lon="-121.9955474"><ele>94</ele><time>2026-04-26T19:04:37.508093Z</time></trkpt>
  <trkpt lat="37.4127962" lon="-121.9955462"><ele>95</ele><time>2026-04-26T19:04:37.608969Z</time></trkpt>
  <trkpt lat="37.4127786" lon="-121.9955448"><ele>95</ele><time>2026-04-26T19:04:37.709106Z</time></trkpt>
  <trkpt lat="37.4127611" lon="-121.9955442"><ele>95</ele><time>2026-04-26T19:04:37.809529Z</time></trkpt>
  <trkpt lat="37.4127439" lon="-121.9955451"><ele>95</ele><time>2026-04-26T19:04:37.910294Z</time></trkpt>
  <trkpt lat="37.4127282" lon="-121.9955494"><ele>95</ele><time>2026-04-26T19:04:38.010576Z</time></trkpt>
  <trkpt lat="37.4127137" lon="-121.9955561"><ele>96</ele><time>2026-04-26T19:04:38.111839Z</time></trkpt>
  <trkpt lat="37.4126999" lon="-121.9955650"><ele>96</ele><time>2026-04-26T19:04:38.212266Z</time></trkpt>
  <trkpt lat="37.4126869" lon="-121.9955747"><ele>96</ele><time>2026-04-26T19:04:38.312996Z</time></trkpt>
  <trkpt lat="37.4126743" lon="-121.9955855"><ele>96</ele><time>2026-04-26T19:04:38.413241Z</time></trkpt>
  <trkpt lat="37.4126641" lon="-121.9955988"><ele>96</ele><time>2026-04-26T19:04:38.513695Z</time></trkpt>
  <trkpt lat="37.4126563" lon="-121.9956142"><ele>96</ele><time>2026-04-26T19:04:38.614196Z</time></trkpt>
  <trkpt lat="37.4126498" lon="-121.9956310"><ele>95</ele><time>2026-04-26T19:04:38.714616Z</time></trkpt>
  <trkpt lat="37.4126498" lon="-121.9956310"><ele>95</ele><time>2026-04-26T19:04:38.775366Z</time></trkpt>
  <trkpt lat="37.4126447" lon="-121.9956472"><ele>94</ele><time>2026-04-26T19:04:38.815052Z</time></trkpt>
  <trkpt lat="37.4126423" lon="-121.9956625"><ele>94</ele><time>2026-04-26T19:04:38.915610Z</time></trkpt>
  <trkpt lat="37.4126432" lon="-121.9956768"><ele>93</ele><time>2026-04-26T19:04:39.016812Z</time></trkpt>
  <trkpt lat="37.4126464" lon="-121.9956898"><ele>92</ele><time>2026-04-26T19:04:39.117340Z</time></trkpt>
  <trkpt lat="37.4126528" lon="-121.9957001"><ele>91</ele><time>2026-04-26T19:04:39.218821Z</time></trkpt>
  <trkpt lat="37.4126619" lon="-121.9957072"><ele>90</ele><time>2026-04-26T19:04:39.319135Z</time></trkpt>
  <trkpt lat="37.4126722" lon="-121.9957109"><ele>88</ele><time>2026-04-26T19:04:39.419858Z</time></trkpt>
  <trkpt lat="37.4126837" lon="-121.9957109"><ele>87</ele><time>2026-04-26T19:04:39.520146Z</time></trkpt>
  <trkpt lat="37.4126935" lon="-121.9957074"><ele>87</ele><time>2026-04-26T19:04:39.620421Z</time></trkpt>
  <trkpt lat="37.4127013" lon="-121.9957005"><ele>86</ele><time>2026-04-26T19:04:39.721949Z</time></trkpt>
  <trkpt lat="37.4127100" lon="-121.9956915"><ele>87</ele><time>2026-04-26T19:04:39.823325Z</time></trkpt>
  <trkpt lat="37.4127176" lon="-121.9956816"><ele>88</ele><time>2026-04-26T19:04:39.904268Z</time></trkpt>
  <trkpt lat="37.4127220" lon="-121.9956732"><ele>89</ele><time>2026-04-26T19:04:40.024817Z</time></trkpt>
  <trkpt lat="37.4127246" lon="-121.9956657"><ele>91</ele><time>2026-04-26T19:04:40.105743Z</time></trkpt>
  <trkpt lat="37.4127250" lon="-121.9956585"><ele>92</ele><time>2026-04-26T19:04:40.206600Z</time></trkpt>
  <trkpt lat="37.4127251" lon="-121.9956487"><ele>94</ele><time>2026-04-26T19:04:40.307286Z</time></trkpt>
  <trkpt lat="37.4127219" lon="-121.9956431"><ele>96</ele><time>2026-04-26T19:04:40.408032Z</time></trkpt>
  <trkpt lat="37.4127183" lon="-121.9956373"><ele>97</ele><time>2026-04-26T19:04:40.509151Z</time></trkpt>
  <trkpt lat="37.4127135" lon="-121.9956326"><ele>99</ele><time>2026-04-26T19:04:40.610686Z</time></trkpt>
  <trkpt lat="37.4127089" lon="-121.9956280"><ele>100</ele><time>2026-04-26T19:04:40.711341Z</time></trkpt>
  <trkpt lat="37.4127036" lon="-121.9956251"><ele>101</ele><time>2026-04-26T19:04:40.812042Z</time></trkpt>
  <trkpt lat="37.4126964" lon="-121.9956260"><ele>102</ele><time>2026-04-26T19:04:40.912061Z</time></trkpt>
  <trkpt lat="37.4126964" lon="-121.9956260"><ele>102</ele><time>2026-04-26T19:04:40.931831Z</time></trkpt>
  <trkpt lat="37.4126877" lon="-121.9956297"><ele>103</ele><time>2026-04-26T19:04:41.012770Z</time></trkpt>
  <trkpt lat="37.4126789" lon="-121.9956340"><ele>104</ele><time>2026-04-26T19:04:41.113976Z</time></trkpt>
  <trkpt lat="37.4126702" lon="-121.9956404"><ele>104</ele><time>2026-04-26T19:04:41.214952Z</time></trkpt>
  <trkpt lat="37.4126614" lon="-121.9956488"><ele>104</ele><time>2026-04-26T19:04:41.316187Z</time></trkpt>
  <trkpt lat="37.4126537" lon="-121.9956571"><ele>104</ele><time>2026-04-26T19:04:41.417521Z</time></trkpt>
  <trkpt lat="37.4126457" lon="-121.9956690"><ele>104</ele><time>2026-04-26T19:04:41.519070Z</time></trkpt>
  <trkpt lat="37.4126388" lon="-121.9956828"><ele>103</ele><time>2026-04-26T19:04:41.620181Z</time></trkpt>
  <trkpt lat="37.4126347" lon="-121.9956948"><ele>102</ele><time>2026-04-26T19:04:41.720623Z</time></trkpt>
  <trkpt lat="37.4126318" lon="-121.9957062"><ele>101</ele><time>2026-04-26T19:04:41.820990Z</time></trkpt>
  <trkpt lat="37.4126308" lon="-121.9957166"><ele>99</ele><time>2026-04-26T19:04:41.921688Z</time></trkpt>
  <trkpt lat="37.4126328" lon="-121.9957262"><ele>97</ele><time>2026-04-26T19:04:42.021846Z</time></trkpt>
  <trkpt lat="37.4126366" lon="-121.9957336"><ele>96</ele><time>2026-04-26T19:04:42.102476Z</time></trkpt>
  <trkpt lat="37.4126403" lon="-121.9957432"><ele>94</ele><time>2026-04-26T19:04:42.203407Z</time></trkpt>
  <trkpt lat="37.4126436" lon="-121.9957542"><ele>93</ele><time>2026-04-26T19:04:42.304353Z</time></trkpt>
  <trkpt lat="37.4126481" lon="-121.9957664"><ele>92</ele><time>2026-04-26T19:04:42.405362Z</time></trkpt>
  <trkpt lat="37.4126546" lon="-121.9957790"><ele>91</ele><time>2026-04-26T19:04:42.505754Z</time></trkpt>
  <trkpt lat="37.4126633" lon="-121.9957944"><ele>90</ele><time>2026-04-26T19:04:42.605949Z</time></trkpt>
  <trkpt lat="37.4126718" lon="-121.9958103"><ele>89</ele><time>2026-04-26T19:04:42.706770Z</time></trkpt>
  <trkpt lat="37.4126797" lon="-121.9958266"><ele>89</ele><time>2026-04-26T19:04:42.807086Z</time></trkpt>
  <trkpt lat="37.4126871" lon="-121.9958420"><ele>89</ele><time>2026-04-26T19:04:42.907823Z</time></trkpt>
  <trkpt lat="37.4126934" lon="-121.9958578"><ele>88</ele><time>2026-04-26T19:04:43.008129Z</time></trkpt>
  <trkpt lat="37.4126934" lon="-121.9958578"><ele>88</ele><time>2026-04-26T19:04:43.086120Z</time></trkpt>
  <trkpt lat="37.4126990" lon="-121.9958739"><ele>87</ele><time>2026-04-26T19:04:43.108348Z</time></trkpt>
  <trkpt lat="37.4127066" lon="-121.9958906"><ele>86</ele><time>2026-04-26T19:04:43.208668Z</time></trkpt>
  <trkpt lat="37.4127163" lon="-121.9959072"><ele>86</ele><time>2026-04-26T19:04:43.309507Z</time></trkpt>
  <trkpt lat="37.4127265" lon="-121.9959216"><ele>86</ele><time>2026-04-26T19:04:43.409896Z</time></trkpt>
  <trkpt lat="37.4127358" lon="-121.9959351"><ele>85</ele><time>2026-04-26T19:04:43.510172Z</time></trkpt>
  <trkpt lat="37.4127451" lon="-121.9959458"><ele>84</ele><time>2026-04-26T19:04:43.610597Z</time></trkpt>
  <trkpt lat="37.4127556" lon="-121.9959550"><ele>83</ele><time>2026-04-26T19:04:43.711351Z</time></trkpt>
  <trkpt lat="37.4127678" lon="-121.9959620"><ele>83</ele><time>2026-04-26T19:04:43.812539Z</time></trkpt>
  <trkpt lat="37.4127789" lon="-121.9959670"><ele>82</ele><time>2026-04-26T19:04:43.913289Z</time></trkpt>
  <trkpt lat="37.4127914" lon="-121.9959733"><ele>82</ele><time>2026-04-26T19:04:44.013873Z</time></trkpt>
  <trkpt lat="37.4128044" lon="-121.9959790"><ele>83</ele><time>2026-04-26T19:04:44.115434Z</time></trkpt>
  <trkpt lat="37.4128172" lon="-121.9959835"><ele>83</ele><time>2026-04-26T19:04:44.215822Z</time></trkpt>
  <trkpt lat="37.4128302" lon="-121.9959879"><ele>83</ele><time>2026-04-26T19:04:44.316518Z</time></trkpt>
  <trkpt lat="37.4128427" lon="-121.9959900"><ele>82</ele><time>2026-04-26T19:04:44.417467Z</time></trkpt>
  <trkpt lat="37.4128557" lon="-121.9959932"><ele>82</ele><time>2026-04-26T19:04:44.517897Z</time></trkpt>
  <trkpt lat="37.4128684" lon="-121.9959970"><ele>83</ele><time>2026-04-26T19:04:44.618162Z</time></trkpt>
  <trkpt lat="37.4128803" lon="-121.9960004"><ele>84</ele><time>2026-04-26T19:04:44.718721Z</time></trkpt>
  <trkpt lat="37.4128917" lon="-121.9960030"><ele>83</ele><time>2026-04-26T19:04:44.799025Z</time></trkpt>
  <trkpt lat="37.4129039" lon="-121.9960075"><ele>83</ele><time>2026-04-26T19:04:44.919495Z</time></trkpt>
  <trkpt lat="37.4129153" lon="-121.9960123"><ele>83</ele><time>2026-04-26T19:04:45.000290Z</time></trkpt>
  <trkpt lat="37.4129264" lon="-121.9960155"><ele>84</ele><time>2026-04-26T19:04:45.100400Z</time></trkpt>
  <trkpt lat="37.4129381" lon="-121.9960185"><ele>84</ele><time>2026-04-26T19:04:45.200752Z</time></trkpt>
  <trkpt lat="37.4129381" lon="-121.9960185"><ele>84</ele><time>2026-04-26T19:04:45.234833Z</time></trkpt>
  <trkpt lat="37.4129485" lon="-121.9960232"><ele>84</ele><time>2026-04-26T19:04:45.301280Z</time></trkpt>
  <trkpt lat="37.4129586" lon="-121.9960297"><ele>84</ele><time>2026-04-26T19:04:45.401770Z</time></trkpt>
  <trkpt lat="37.4129688" lon="-121.9960343"><ele>84</ele><time>2026-04-26T19:04:45.502270Z</time></trkpt>
  <trkpt lat="37.4129795" lon="-121.9960370"><ele>84</ele><time>2026-04-26T19:04:45.602622Z</time></trkpt>
  <trkpt lat="37.4129905" lon="-121.9960395"><ele>85</ele><time>2026-04-26T19:04:45.703294Z</time></trkpt>
  <trkpt lat="37.4130019" lon="-121.9960443"><ele>85</ele><time>2026-04-26T19:04:45.803351Z</time></trkpt>
  <trkpt lat="37.4130116" lon="-121.9960490"><ele>85</ele><time>2026-04-26T19:04:45.903579Z</time></trkpt>
  <trkpt lat="37.4130211" lon="-121.9960523"><ele>85</ele><time>2026-04-26T19:04:46.003805Z</time></trkpt>
  <trkpt lat="37.4130309" lon="-121.9960547"><ele>85</ele><time>2026-04-26T19:04:46.105810Z</time></trkpt>
  <trkpt lat="37.4130409" lon="-121.9960571"><ele>85</ele><time>2026-04-26T19:04:46.206564Z</time></trkpt>
  <trkpt lat="37.4130517" lon="-121.9960581"><ele>85</ele><time>2026-04-26T19:04:46.307385Z</time></trkpt>
  <trkpt lat="37.4130636" lon="-121.9960598"><ele>85</ele><time>2026-04-26T19:04:46.408571Z</time></trkpt>
  <trkpt lat="37.4130741" lon="-121.9960605"><ele>85</ele><time>2026-04-26T19:04:46.509912Z</time></trkpt>
  <trkpt lat="37.4130843" lon="-121.9960629"><ele>86</ele><time>2026-04-26T19:04:46.610885Z</time></trkpt>
  <trkpt lat="37.4130941" lon="-121.9960656"><ele>86</ele><time>2026-04-26T19:04:46.711406Z</time></trkpt>
  <trkpt lat="37.4131036" lon="-121.9960678"><ele>86</ele><time>2026-04-26T19:04:46.811840Z</time></trkpt>
  <trkpt lat="37.4131136" lon="-121.9960707"><ele>86</ele><time>2026-04-26T19:04:46.912236Z</time></trkpt>
  <trkpt lat="37.4131249" lon="-121.9960754"><ele>87</ele><time>2026-04-26T19:04:47.013175Z</time></trkpt>
  <trkpt lat="37.4131350" lon="-121.9960805"><ele>87</ele><time>2026-04-26T19:04:47.114007Z</time></trkpt>
  <trkpt lat="37.4131445" lon="-121.9960837"><ele>87</ele><time>2026-04-26T19:04:47.214500Z</time></trkpt>
  <trkpt lat="37.4131527" lon="-121.9960853"><ele>87</ele><time>2026-04-26T19:04:47.295804Z</time></trkpt>
  <trkpt lat="37.4131527" lon="-121.9960853"><ele>87</ele><time>2026-04-26T19:04:47.387485Z</time></trkpt>
  <trkpt lat="37.4131608" lon="-121.9960902"><ele>87</ele><time>2026-04-26T19:04:47.416174Z</time></trkpt>
  <trkpt lat="37.4131698" lon="-121.9960961"><ele>87</ele><time>2026-04-26T19:04:47.496561Z</time></trkpt>
  <trkpt lat="37.4131797" lon="-121.9961026"><ele>88</ele><time>2026-04-26T19:04:47.597105Z</time></trkpt>
  <trkpt lat="37.4131900" lon="-121.9961075"><ele>88</ele><time>2026-04-26T19:04:47.698665Z</time></trkpt>
  <trkpt lat="37.4132004" lon="-121.9961102"><ele>89</ele><time>2026-04-26T19:04:47.798710Z</time></trkpt>
  <trkpt lat="37.4132112" lon="-121.9961109"><ele>89</ele><time>2026-04-26T19:04:47.898964Z</time></trkpt>
  <trkpt lat="37.4132215" lon="-121.9961075"><ele>90</ele><time>2026-04-26T19:04:47.999494Z</time></trkpt>
  <trkpt lat="37.4132308" lon="-121.9961010"><ele>90</ele><time>2026-04-26T19:04:48.100128Z</time></trkpt>
  <trkpt lat="37.4132399" lon="-121.9960941"><ele>90</ele><time>2026-04-26T19:04:48.200799Z</time></trkpt>
  <trkpt lat="37.4132497" lon="-121.9960867"><ele>91</ele><time>2026-04-26T19:04:48.301414Z</time></trkpt>
  <trkpt lat="37.4132595" lon="-121.9960815"><ele>91</ele><time>2026-04-26T19:04:48.401959Z</time></trkpt>
  <trkpt lat="37.4132685" lon="-121.9960759"><ele>92</ele><time>2026-04-26T19:04:48.502405Z</time></trkpt>
  <trkpt lat="37.4132767" lon="-121.9960677"><ele>92</ele><time>2026-04-26T19:04:48.602617Z</time></trkpt>
  <trkpt lat="37.4132858" lon="-121.9960579"><ele>92</ele><time>2026-04-26T19:04:48.703407Z</time></trkpt>
  <trkpt lat="37.4132949" lon="-121.9960508"><ele>92</ele><time>2026-04-26T19:04:48.804009Z</time></trkpt>
  <trkpt lat="37.4133046" lon="-121.9960459"><ele>92</ele><time>2026-04-26T19:04:48.905016Z</time></trkpt>
  <trkpt lat="37.4133142" lon="-121.9960403"><ele>92</ele><time>2026-04-26T19:04:49.005605Z</time></trkpt>
  <trkpt lat="37.4133225" lon="-121.9960321"><ele>92</ele><time>2026-04-26T19:04:49.106816Z</time></trkpt>
  <trkpt lat="37.4133313" lon="-121.9960220"><ele>92</ele><time>2026-04-26T19:04:49.208511Z</time></trkpt>
  <trkpt lat="37.4133407" lon="-121.9960128"><ele>93</ele><time>2026-04-26T19:04:49.309021Z</time></trkpt>
  <trkpt lat="37.4133517" lon="-121.9960050"><ele>93</ele><time>2026-04-26T19:04:49.410578Z</time></trkpt>
  <trkpt lat="37.4133614" lon="-121.9959965"><ele>92</ele><time>2026-04-26T19:04:49.512305Z</time></trkpt>
  <trkpt lat="37.4133614" lon="-121.9959965"><ele>92</ele><time>2026-04-26T19:04:49.543305Z</time></trkpt>
  <trkpt lat="37.4133694" lon="-121.9959886"><ele>92</ele><time>2026-04-26T19:04:49.592737Z</time></trkpt>
  <trkpt lat="37.4133765" lon="-121.9959776"><ele>92</ele><time>2026-04-26T19:04:49.712951Z</time></trkpt>
  <trkpt lat="37.4133837" lon="-121.9959637"><ele>91</ele><time>2026-04-26T19:04:49.793052Z</time></trkpt>
  <trkpt lat="37.4133909" lon="-121.9959491"><ele>91</ele><time>2026-04-26T19:04:49.913751Z</time></trkpt>
  <trkpt lat="37.4133976" lon="-121.9959339"><ele>91</ele><time>2026-04-26T19:04:49.993877Z</time></trkpt>
  <trkpt lat="37.4134020" lon="-121.9959165"><ele>91</ele><time>2026-04-26T19:04:50.094025Z</time></trkpt>
  <trkpt lat="37.4134030" lon="-121.9958974"><ele>91</ele><time>2026-04-26T19:04:50.194947Z</time></trkpt>
  <trkpt lat="37.4134018" lon="-121.9958775"><ele>91</ele><time>2026-04-26T19:04:50.295780Z</time></trkpt>
  <trkpt lat="37.4134016" lon="-121.9958582"><ele>90</ele><time>2026-04-26T19:04:50.396278Z</time></trkpt>
  <trkpt lat="37.4134030" lon="-121.9958397"><ele>90</ele><time>2026-04-26T19:04:50.496872Z</time></trkpt>
  <trkpt lat="37.4134064" lon="-121.9958239"><ele>91</ele><time>2026-04-26T19:04:50.597658Z</time></trkpt>
  <trkpt lat="37.4134077" lon="-121.9958059"><ele>90</ele><time>2026-04-26T19:04:50.698287Z</time></trkpt>
  <trkpt lat="37.4134057" lon="-121.9957861"><ele>90</ele><time>2026-04-26T19:04:50.798798Z</time></trkpt>
  <trkpt lat="37.4134032" lon="-121.9957671"><ele>90</ele><time>2026-04-26T19:04:50.899131Z</time></trkpt>
  <trkpt lat="37.4134019" lon="-121.9957486"><ele>91</ele><time>2026-04-26T19:04:50.999437Z</time></trkpt>
  <trkpt lat="37.4134008" lon="-121.9957307"><ele>90</ele><time>2026-04-26T19:04:51.100546Z</time></trkpt>
  <trkpt lat="37.4134003" lon="-121.9957129"><ele>90</ele><time>2026-04-26T19:04:51.201444Z</time></trkpt>
  <trkpt lat="37.4133978" lon="-121.9956944"><ele>90</ele><time>2026-04-26T19:04:51.301863Z</time></trkpt>
  <trkpt lat="37.4133919" lon="-121.9956751"><ele>90</ele><time>2026-04-26T19:04:51.402529Z</time></trkpt>
  <trkpt lat="37.4133840" lon="-121.9956570"><ele>90</ele><time>2026-04-26T19:04:51.502852Z</time></trkpt>
  <trkpt lat="37.4133752" lon="-121.9956405"><ele>90</ele><time>2026-04-26T19:04:51.603234Z</time></trkpt>
  <trkpt lat="37.4133752" lon="-121.9956405"><ele>90</ele><time>2026-04-26T19:04:51.695134Z</time></trkpt>
  <trkpt lat="37.4133645" lon="-121.9956250"><ele>91</ele><time>2026-04-26T19:04:51.703932Z</time></trkpt>
  <trkpt lat="37.4133526" lon="-121.9956083"><ele>91</ele><time>2026-04-26T19:04:51.803815Z</time></trkpt>
  <trkpt lat="37.4133418" lon="-121.9955907"><ele>91</ele><time>2026-04-26T19:04:51.904049Z</time></trkpt>
  <trkpt lat="37.4133333" lon="-121.9955746"><ele>91</ele><time>2026-04-26T19:04:52.004506Z</time></trkpt>
  <trkpt lat="37.4133248" lon="-121.9955593"><ele>91</ele><time>2026-04-26T19:04:52.105343Z</time></trkpt>
  <trkpt lat="37.4133142" lon="-121.9955447"><ele>91</ele><time>2026-04-26T19:04:52.205768Z</time></trkpt>
  <trkpt lat="37.4133018" lon="-121.9955308"><ele>91</ele><time>2026-04-26T19:04:52.306621Z</time></trkpt>
  <trkpt lat="37.4132905" lon="-121.9955160"><ele>92</ele><time>2026-04-26T19:04:52.406674Z</time></trkpt>
  <trkpt lat="37.4132803" lon="-121.9955002"><ele>92</ele><time>2026-04-26T19:04:52.507446Z</time></trkpt>
  <trkpt lat="37.4132709" lon="-121.9954843"><ele>92</ele><time>2026-04-26T19:04:52.607654Z</time></trkpt>
  <trkpt lat="37.4132601" lon="-121.9954717"><ele>92</ele><time>2026-04-26T19:04:52.708240Z</time></trkpt>
  <trkpt lat="37.4132461" lon="-121.9954642"><ele>92</ele><time>2026-04-26T19:04:52.808599Z</time></trkpt>
  <trkpt lat="37.4132306" lon="-121.9954594"><ele>92</ele><time>2026-04-26T19:04:52.889072Z</time></trkpt>
  <trkpt lat="37.4132148" lon="-121.9954606"><ele>93</ele><time>2026-04-26T19:04:52.989581Z</time></trkpt>
  <trkpt lat="37.4131992" lon="-121.9954657"><ele>93</ele><time>2026-04-26T19:04:53.090542Z</time></trkpt>
  <trkpt lat="37.4131828" lon="-121.9954720"><ele>94</ele><time>2026-04-26T19:04:53.191873Z</time></trkpt>
  <trkpt lat="37.4131672" lon="-121.9954763"><ele>94</ele><time>2026-04-26T19:04:53.292194Z</time></trkpt>
  <trkpt lat="37.4131507" lon="-121.9954786"><ele>94</ele><time>2026-04-26T19:04:53.392393Z</time></trkpt>
  <trkpt lat="37.4131335" lon="-121.9954823"><ele>94</ele><time>2026-04-26T19:04:53.492990Z</time></trkpt>
  <trkpt lat="37.4131167" lon="-121.9954883"><ele>94</ele><time>2026-04-26T19:04:53.593203Z</time></trkpt>
  <trkpt lat="37.4131005" lon="-121.9954966"><ele>94</ele><time>2026-04-26T19:04:53.693203Z</time></trkpt>
  <trkpt lat="37.4130857" lon="-121.9955063"><ele>94</ele><time>2026-04-26T19:04:53.793504Z</time></trkpt>
  <trkpt lat="37.4130857" lon="-121.9955063"><ele>94</ele><time>2026-04-26T19:04:53.847874Z</time></trkpt>
  <trkpt lat="37.4130729" lon="-121.9955178"><ele>95</ele><time>2026-04-26T19:04:53.894254Z</time></trkpt>
  <trkpt lat="37.4130621" lon="-121.9955306"><ele>96</ele><time>2026-04-26T19:04:53.995259Z</time></trkpt>
  <trkpt lat="37.4130519" lon="-121.9955442"><ele>97</ele><time>2026-04-26T19:04:54.095882Z</time></trkpt>
  <trkpt lat="37.4130442" lon="-121.9955579"><ele>98</ele><time>2026-04-26T19:04:54.196397Z</time></trkpt>
  <trkpt lat="37.4130395" lon="-121.9955714"><ele>99</ele><time>2026-04-26T19:04:54.296654Z</time></trkpt>
  <trkpt lat="37.4130360" lon="-121.9955848"><ele>100</ele><time>2026-04-26T19:04:54.397419Z</time></trkpt>
  <trkpt lat="37.4130337" lon="-121.9955984"><ele>100</ele><time>2026-04-26T19:04:54.499270Z</time></trkpt>
  <trkpt lat="37.4130343" lon="-121.9956104"><ele>101</ele><time>2026-04-26T19:04:54.600197Z</time></trkpt>
  <trkpt lat="37.4130368" lon="-121.9956215"><ele>101</ele><time>2026-04-26T19:04:54.699856Z</time></trkpt>
  <trkpt lat="37.4130411" lon="-121.9956319"><ele>102</ele><time>2026-04-26T19:04:54.800475Z</time></trkpt>
  <trkpt lat="37.4130470" lon="-121.9956408"><ele>102</ele><time>2026-04-26T19:04:54.900883Z</time></trkpt>
  <trkpt lat="37.4130543" lon="-121.9956477"><ele>102</ele><time>2026-04-26T19:04:55.002502Z</time></trkpt>
  <trkpt lat="37.4130625" lon="-121.9956537"><ele>102</ele><time>2026-04-26T19:04:55.103369Z</time></trkpt>
  <trkpt lat="37.4130714" lon="-121.9956595"><ele>102</ele><time>2026-04-26T19:04:55.204075Z</time></trkpt>
  <trkpt lat="37.4130803" lon="-121.9956657"><ele>102</ele><time>2026-04-26T19:04:55.305008Z</time></trkpt>
  <trkpt lat="37.4130894" lon="-121.9956724"><ele>102</ele><time>2026-04-26T19:04:55.385634Z</time></trkpt>
  <trkpt lat="37.4130986" lon="-121.9956794"><ele>102</ele><time>2026-04-26T19:04:55.506135Z</time></trkpt>
  <trkpt lat="37.4131085" lon="-121.9956869"><ele>101</ele><time>2026-04-26T19:04:55.586787Z</time></trkpt>
  <trkpt lat="37.4131192" lon="-121.9956943"><ele>101</ele><time>2026-04-26T19:04:55.687794Z</time></trkpt>
  <trkpt lat="37.4131289" lon="-121.9957019"><ele>101</ele><time>2026-04-26T19:04:55.788649Z</time></trkpt>
  <trkpt lat="37.4131386" lon="-121.9957097"><ele>100</ele><time>2026-04-26T19:04:55.889275Z</time></trkpt>
  <trkpt lat="37.4131481" lon="-121.9957175"><ele>100</ele><time>2026-04-26T19:04:55.990422Z</time></trkpt>
  <trkpt lat="37.4131571" lon="-121.9957259"><ele>99</ele><time>2026-04-26T19:04:56.090663Z</time></trkpt>
  <trkpt lat="37.4131661" lon="-121.9957350"><ele>98</ele><time>2026-04-26T19:04:56.191172Z</time></trkpt>
  <trkpt lat="37.4131751" lon="-121.9957444"><ele>97</ele><time>2026-04-26T19:04:56.291238Z</time></trkpt>
  <trkpt lat="37.4131842" lon="-121.9957538"><ele>96</ele><time>2026-04-26T19:04:56.391578Z</time></trkpt>
  <trkpt lat="37.4131940" lon="-121.9957627"><ele>95</ele><time>2026-04-26T19:04:56.492206Z</time></trkpt>
  <trkpt lat="37.4132040" lon="-121.9957690"><ele>94</ele><time>2026-04-26T19:04:56.592669Z</time></trkpt>
  <trkpt lat="37.4132146" lon="-121.9957705"><ele>92</ele><time>2026-04-26T19:04:56.692978Z</time></trkpt>
  <trkpt lat="37.4132244" lon="-121.9957663"><ele>91</ele><time>2026-04-26T19:04:56.793936Z</time></trkpt>
  <trkpt lat="37.4132340" lon="-121.9957588"><ele>89</ele><time>2026-04-26T19:04:56.894307Z</time></trkpt>
  <trkpt lat="37.4132425" lon="-121.9957478"><ele>88</ele><time>2026-04-26T19:04:56.994753Z</time></trkpt>
  <trkpt lat="37.4132506" lon="-121.9957340"><ele>86</ele><time>2026-04-26T19:04:57.095494Z</time></trkpt>
  <trkpt lat="37.4132581" lon="-121.9957174"><ele>86</ele><time>2026-04-26T19:04:57.196478Z</time></trkpt>
  <trkpt lat="37.4132640" lon="-121.9956989"><ele>85</ele><time>2026-04-26T19:04:57.296049Z</time></trkpt>
  <trkpt lat="37.4132690" lon="-121.9956788"><ele>85</ele><time>2026-04-26T19:04:57.396224Z</time></trkpt>
  <trkpt lat="37.4132724" lon="-121.9956576"><ele>85</ele><time>2026-04-26T19:04:57.496709Z</time></trkpt>
  <trkpt lat="37.4132741" lon="-121.9956361"><ele>86</ele><time>2026-04-26T19:04:57.597670Z</time></trkpt>
  <trkpt lat="37.4132747" lon="-121.9956147"><ele>86</ele><time>2026-04-26T19:04:57.698185Z</time></trkpt>
  <trkpt lat="37.4132740" lon="-121.9955935"><ele>86</ele><time>2026-04-26T19:04:57.798829Z</time></trkpt>
  <trkpt lat="37.4132731" lon="-121.9955722"><ele>86</ele><time>2026-04-26T19:04:57.899419Z</time></trkpt>
  <trkpt lat="37.4132719" lon="-121.9955509"><ele>86</ele><time>2026-04-26T19:04:58.000410Z</time></trkpt>
  <trkpt lat="37.4132703" lon="-121.9955293"><ele>86</ele><time>2026-04-26T19:04:58.100847Z</time></trkpt>
  <trkpt lat="37.4132703" lon="-121.9955293"><ele>86</ele><time>2026-04-26T19:04:58.147559Z</time></trkpt>
  <trkpt lat="37.4132684" lon="-121.9955078"><ele>86</ele><time>2026-04-26T19:04:58.201370Z</time></trkpt>
  <trkpt lat="37.4132662" lon="-121.9954863"><ele>85</ele><time>2026-04-26T19:04:58.301880Z</time></trkpt>
  <trkpt lat="37.4132637" lon="-121.9954653"><ele>85</ele><time>2026-04-26T19:04:58.382590Z</time></trkpt>
  <trkpt lat="37.4132607" lon="-121.9954441"><ele>85</ele><time>2026-04-26T19:04:58.483479Z</time></trkpt>
  <trkpt lat="37.4132567" lon="-121.9954226"><ele>84</ele><time>2026-04-26T19:04:58.583510Z</time></trkpt>
  <trkpt lat="37.4132514" lon="-121.9954016"><ele>84</ele><time>2026-04-26T19:04:58.684393Z</time></trkpt>
  <trkpt lat="37.4132447" lon="-121.9953814"><ele>85</ele><time>2026-04-26T19:04:58.786327Z</time></trkpt>
  <trkpt lat="37.4132374" lon="-121.9953622"><ele>85</ele><time>2026-04-26T19:04:58.886381Z</time></trkpt>
  <trkpt lat="37.4132295" lon="-121.9953437"><ele>85</ele><time>2026-04-26T19:04:58.987325Z</time></trkpt>
  <trkpt lat="37.4132211" lon="-121.9953259"><ele>86</ele><time>2026-04-26T19:04:59.087699Z</time></trkpt>
  <trkpt lat="37.4132124" lon="-121.9953088"><ele>86</ele><time>2026-04-26T19:04:59.188548Z</time></trkpt>
  <trkpt lat="37.4132035" lon="-121.9952921"><ele>86</ele><time>2026-04-26T19:04:59.288547Z</time></trkpt>
  <trkpt lat="37.4131942" lon="-121.9952759"><ele>87</ele><time>2026-04-26T19:04:59.388738Z</time></trkpt>
  <trkpt lat="37.4131850" lon="-121.9952603"><ele>87</ele><time>2026-04-26T19:04:59.489636Z</time></trkpt>
  <trkpt lat="37.4131760" lon="-121.9952452"><ele>88</ele><time>2026-04-26T19:04:59.589589Z</time></trkpt>
  <trkpt lat="37.4131673" lon="-121.9952304"><ele>88</ele><time>2026-04-26T19:04:59.689887Z</time></trkpt>
  <trkpt lat="37.4131587" lon="-121.9952157"><ele>89</ele><time>2026-04-26T19:04:59.790185Z</time></trkpt>
  <trkpt lat="37.4131505" lon="-121.9952012"><ele>89</ele><time>2026-04-26T19:04:59.890849Z</time></trkpt>
  <trkpt lat="37.4131426" lon="-121.9951871"><ele>90</ele><time>2026-04-26T19:04:59.991943Z</time></trkpt>
  <trkpt lat="37.4131351" lon="-121.9951734"><ele>90</ele><time>2026-04-26T19:05:00.092132Z</time></trkpt>
  <trkpt lat="37.4131279" lon="-121.9951599"><ele>91</ele><time>2026-04-26T19:05:00.192829Z</time></trkpt>
  <trkpt lat="37.4131213" lon="-121.9951469"><ele>91</ele><time>2026-04-26T19:05:00.293377Z</time></trkpt>
  <trkpt lat="37.4131213" lon="-121.9951469"><ele>91</ele><time>2026-04-26T19:05:00.299860Z</time></trkpt>
  <trkpt lat="37.4131152" lon="-121.9951346"><ele>92</ele><time>2026-04-26T19:05:00.394500Z</time></trkpt>
  <trkpt lat="37.4131096" lon="-121.9951229"><ele>93</ele><time>2026-04-26T19:05:00.494972Z</time></trkpt>
  <trkpt lat="37.4131046" lon="-121.9951117"><ele>93</ele><time>2026-04-26T19:05:00.596294Z</time></trkpt>
  <trkpt lat="37.4131002" lon="-121.9951012"><ele>94</ele><time>2026-04-26T19:05:00.697278Z</time></trkpt>
  <trkpt lat="37.4130961" lon="-121.9950914"><ele>95</ele><time>2026-04-26T19:05:00.797800Z</time></trkpt>
  <trkpt lat="37.4130928" lon="-121.9950824"><ele>95</ele><time>2026-04-26T19:05:00.898844Z</time></trkpt>
  <trkpt lat="37.4130901" lon="-121.9950741"><ele>96</ele><time>2026-04-26T19:05:01.000251Z</time></trkpt>
  <trkpt lat="37.4130883" lon="-121.9950660"><ele>97</ele><time>2026-04-26T19:05:01.081299Z</time></trkpt>
  <trkpt lat="37.4130868" lon="-121.9950590"><ele>97</ele><time>2026-04-26T19:05:01.181568Z</time></trkpt>
  <trkpt lat="37.4130857" lon="-121.9950525"><ele>98</ele><time>2026-04-26T19:05:01.282987Z</time></trkpt>
  <trkpt lat="37.4130852" lon="-121.9950466"><ele>99</ele><time>2026-04-26T19:05:01.383802Z</time></trkpt>
  <trkpt lat="37.4130852" lon="-121.9950410"><ele>100</ele><time>2026-04-26T19:05:01.484643Z</time></trkpt>
  <trkpt lat="37.4130860" lon="-121.9950351"><ele>100</ele><time>2026-04-26T19:05:01.585229Z</time></trkpt>
  <trkpt lat="37.4130870" lon="-121.9950294"><ele>101</ele><time>2026-04-26T19:05:01.685928Z</time></trkpt>
  <trkpt lat="37.4130885" lon="-121.9950233"><ele>101</ele><time>2026-04-26T19:05:01.786649Z</time></trkpt>
  <trkpt lat="37.4130904" lon="-121.9950176"><ele>101</ele><time>2026-04-26T19:05:01.886959Z</time></trkpt>
  <trkpt lat="37.4130924" lon="-121.9950122"><ele>102</ele><time>2026-04-26T19:05:01.987933Z</time></trkpt>
  <trkpt lat="37.4130947" lon="-121.9950069"><ele>102</ele><time>2026-04-26T19:05:02.088247Z</time></trkpt>
  <trkpt lat="37.4130972" lon="-121.9950019"><ele>102</ele><time>2026-04-26T19:05:02.188984Z</time></trkpt>
  <trkpt lat="37.4131001" lon="-121.9949971"><ele>103</ele><time>2026-04-26T19:05:02.290053Z</time></trkpt>
  <trkpt lat="37.4131033" lon="-121.9949924"><ele>103</ele><time>2026-04-26T19:05:02.390317Z</time></trkpt>
  <trkpt lat="37.4131033" lon="-121.9949924"><ele>103</ele><time>2026-04-26T19:05:02.458202Z</time></trkpt>
  <trkpt lat="37.4131069" lon="-121.9949880"><ele>103</ele><time>2026-04-26T19:05:02.491269Z</time></trkpt>
  <trkpt lat="37.4131109" lon="-121.9949839"><ele>103</ele><time>2026-04-26T19:05:02.591977Z</time></trkpt>
  <trkpt lat="37.4131147" lon="-121.9949812"><ele>103</ele><time>2026-04-26T19:05:02.692649Z</time></trkpt>
  <trkpt lat="37.4131190" lon="-121.9949788"><ele>103</ele><time>2026-04-26T19:05:02.793054Z</time></trkpt>
  <trkpt lat="37.4131240" lon="-121.9949764"><ele>103</ele><time>2026-04-26T19:05:02.894440Z</time></trkpt>
  <trkpt lat="37.4131286" lon="-121.9949757"><ele>103</ele><time>2026-04-26T19:05:02.995532Z</time></trkpt>
  <trkpt lat="37.4131336" lon="-121.9949756"><ele>104</ele><time>2026-04-26T19:05:03.095536Z</time></trkpt>
  <trkpt lat="37.4131389" lon="-121.9949760"><ele>104</ele><time>2026-04-26T19:05:03.196086Z</time></trkpt>
  <trkpt lat="37.4131454" lon="-121.9949755"><ele>103</ele><time>2026-04-26T19:05:03.297282Z</time></trkpt>
  <trkpt lat="37.4131521" lon="-121.9949756"><ele>103</ele><time>2026-04-26T19:05:03.378285Z</time></trkpt>
  <trkpt lat="37.4131590" lon="-121.9949762"><ele>103</ele><time>2026-04-26T19:05:03.477858Z</time></trkpt>
  <trkpt lat="37.4131663" lon="-121.9949775"><ele>103</ele><time>2026-04-26T19:05:03.578379Z</time></trkpt>
  <trkpt lat="37.4131737" lon="-121.9949797"><ele>103</ele><time>2026-04-26T19:05:03.679275Z</time></trkpt>
  <trkpt lat="37.4131811" lon="-121.9949831"><ele>103</ele><time>2026-04-26T19:05:03.779833Z</time></trkpt>
  <trkpt lat="37.4131880" lon="-121.9949879"><ele>103</ele><time>2026-04-26T19:05:03.880642Z</time></trkpt>
  <trkpt lat="37.4131947" lon="-121.9949943"><ele>103</ele><time>2026-04-26T19:05:03.980975Z</time></trkpt>
  <trkpt lat="37.4132025" lon="-121.9949986"><ele>102</ele><time>2026-04-26T19:05:04.081875Z</time></trkpt>
  <trkpt lat="37.4132099" lon="-121.9950042"><ele>102</ele><time>2026-04-26T19:05:04.182284Z</time></trkpt>
  <trkpt lat="37.4132176" lon="-121.9950097"><ele>102</ele><time>2026-04-26T19:05:04.282873Z</time></trkpt>
  <trkpt lat="37.4132257" lon="-121.9950151"><ele>102</ele><time>2026-04-26T19:05:04.383042Z</time></trkpt>
  <trkpt lat="37.4132341" lon="-121.9950203"><ele>101</ele><time>2026-04-26T19:05:04.483201Z</time></trkpt>
  <trkpt lat="37.4132427" lon="-121.9950254"><ele>101</ele><time>2026-04-26T19:05:04.583959Z</time></trkpt>
  <trkpt lat="37.4132427" lon="-121.9950254"><ele>101</ele><time>2026-04-26T19:05:04.619293Z</time></trkpt>
  <trkpt lat="37.4132520" lon="-121.9950300"><ele>101</ele><time>2026-04-26T19:05:04.684293Z</time></trkpt>
  <trkpt lat="37.4132613" lon="-121.9950350"><ele>100</ele><time>2026-04-26T19:05:04.785206Z</time></trkpt>
  <trkpt lat="37.4132710" lon="-121.9950398"><ele>100</ele><time>2026-04-26T19:05:04.885789Z</time></trkpt>
  <trkpt lat="37.4132809" lon="-121.9950447"><ele>100</ele><time>2026-04-26T19:05:04.986145Z</time></trkpt>
  <trkpt lat="37.4132910" lon="-121.9950496"><ele>99</ele><time>2026-04-26T19:05:05.086969Z</time></trkpt>
  <trkpt lat="37.4133012" lon="-121.9950543"><ele>99</ele><time>2026-04-26T19:05:05.187558Z</time></trkpt>
  <trkpt lat="37.4133113" lon="-121.9950584"><ele>100</ele><time>2026-04-26T19:05:05.287964Z</time></trkpt>
  <trkpt lat="37.4133211" lon="-121.9950624"><ele>100</ele><time>2026-04-26T19:05:05.388735Z</time></trkpt>
  <trkpt lat="37.4133303" lon="-121.9950669"><ele>100</ele><time>2026-04-26T19:05:05.489566Z</time></trkpt>
  <trkpt lat="37.4133392" lon="-121.9950715"><ele>101</ele><time>2026-04-26T19:05:05.590456Z</time></trkpt>
  <trkpt lat="37.4133478" lon="-121.9950760"><ele>101</ele><time>2026-04-26T19:05:05.691047Z</time></trkpt>
  <trkpt lat="37.4133567" lon="-121.9950794"><ele>101</ele><time>2026-04-26T19:05:05.791606Z</time></trkpt>
  <trkpt lat="37.4133657" lon="-121.9950827"><ele>102</ele><time>2026-04-26T19:05:05.891899Z</time></trkpt>
  <trkpt lat="37.4133745" lon="-121.9950857"><ele>102</ele><time>2026-04-26T19:05:05.992297Z</time></trkpt>
  <trkpt lat="37.4133832" lon="-121.9950890"><ele>102</ele><time>2026-04-26T19:05:06.092918Z</time></trkpt>
  <trkpt lat="37.4133918" lon="-121.9950922"><ele>103</ele><time>2026-04-26T19:05:06.173493Z</time></trkpt>
  <trkpt lat="37.4134003" lon="-121.9950953"><ele>103</ele><time>2026-04-26T19:05:06.293778Z</time></trkpt>
  <trkpt lat="37.4134091" lon="-121.9950979"><ele>103</ele><time>2026-04-26T19:05:06.374541Z</time></trkpt>
  <trkpt lat="37.4134178" lon="-121.9951004"><ele>104</ele><time>2026-04-26T19:05:06.474926Z</time></trkpt>
  <trkpt lat="37.4134263" lon="-121.9951031"><ele>104</ele><time>2026-04-26T19:05:06.575331Z</time></trkpt>
  <trkpt lat="37.4134345" lon="-121.9951064"><ele>104</ele><time>2026-04-26T19:05:06.675574Z</time></trkpt>
  <trkpt lat="37.4134345" lon="-121.9951064"><ele>104</ele><time>2026-04-26T19:05:06.769576Z</time></trkpt>
  <trkpt lat="37.4134425" lon="-121.9951101"><ele>105</ele><time>2026-04-26T19:05:06.776431Z</time></trkpt>
  <trkpt lat="37.4134501" lon="-121.9951146"><ele>105</ele><time>2026-04-26T19:05:06.877213Z</time></trkpt>
  <trkpt lat="37.4134575" lon="-121.9951199"><ele>105</ele><time>2026-04-26T19:05:06.978559Z</time></trkpt>
  <trkpt lat="37.4134649" lon="-121.9951259"><ele>105</ele><time>2026-04-26T19:05:07.079093Z</time></trkpt>
  <trkpt lat="37.4134722" lon="-121.9951326"><ele>105</ele><time>2026-04-26T19:05:07.180241Z</time></trkpt>
  <trkpt lat="37.4134789" lon="-121.9951402"><ele>106</ele><time>2026-04-26T19:05:07.280379Z</time></trkpt>
  <trkpt lat="37.4134856" lon="-121.9951482"><ele>106</ele><time>2026-04-26T19:05:07.381534Z</time></trkpt>
  <trkpt lat="37.4134919" lon="-121.9951569"><ele>106</ele><time>2026-04-26T19:05:07.482269Z</time></trkpt>
  <trkpt lat="37.4134978" lon="-121.9951662"><ele>106</ele><time>2026-04-26T19:05:07.583097Z</time></trkpt>
  <trkpt lat="37.4135039" lon="-121.9951760"><ele>106</ele><time>2026-04-26T19:05:07.683702Z</time></trkpt>
  <trkpt lat="37.4135096" lon="-121.9951868"><ele>106</ele><time>2026-04-26T19:05:07.784223Z</time></trkpt>
  <trkpt lat="37.4135156" lon="-121.9951976"><ele>105</ele><time>2026-04-26T19:05:07.884587Z</time></trkpt>
  <trkpt lat="37.4135215" lon="-121.9952088"><ele>105</ele><time>2026-04-26T19:05:07.985035Z</time></trkpt>
  <trkpt lat="37.4135270" lon="-121.9952207"><ele>105</ele><time>2026-04-26T19:05:08.085405Z</time></trkpt>
  <trkpt lat="37.4135324" lon="-121.9952331"><ele>104</ele><time>2026-04-26T19:05:08.186029Z</time></trkpt>
  <trkpt lat="37.4135379" lon="-121.9952456"><ele>104</ele><time>2026-04-26T19:05:08.286393Z</time></trkpt>
  <trkpt lat="37.4135429" lon="-121.9952588"><ele>104</ele><time>2026-04-26T19:05:08.386662Z</time></trkpt>
  <trkpt lat="37.4135470" lon="-121.9952731"><ele>103</ele><time>2026-04-26T19:05:08.487340Z</time></trkpt>
  <trkpt lat="37.4135493" lon="-121.9952887"><ele>103</ele><time>2026-04-26T19:05:08.586974Z</time></trkpt>
  <trkpt lat="37.4135492" lon="-121.9953054"><ele>102</ele><time>2026-04-26T19:05:08.687879Z</time></trkpt>
  <trkpt lat="37.4135473" lon="-121.9953221"><ele>102</ele><time>2026-04-26T19:05:08.788720Z</time></trkpt>
  <trkpt lat="37.4135432" lon="-121.9953384"><ele>101</ele><time>2026-04-26T19:05:08.889822Z</time></trkpt>
  <trkpt lat="37.4135432" lon="-121.9953384"><ele>101</ele><time>2026-04-26T19:05:08.918112Z</time></trkpt>
  <trkpt lat="37.4135366" lon="-121.9953540"><ele>101</ele><time>2026-04-26T19:05:08.970051Z</time></trkpt>
  <trkpt lat="37.4135274" lon="-121.9953694"><ele>101</ele><time>2026-04-26T19:05:09.090462Z</time></trkpt>
  <trkpt lat="37.4135163" lon="-121.9953832"><ele>101</ele><time>2026-04-26T19:05:09.170897Z</time></trkpt>
  <trkpt lat="37.4135038" lon="-121.9953946"><ele>100</ele><time>2026-04-26T19:05:09.272416Z</time></trkpt>
  <trkpt lat="37.4134895" lon="-121.9954042"><ele>100</ele><time>2026-04-26T19:05:09.373727Z</time></trkpt>
  <trkpt lat="37.4134743" lon="-121.9954118"><ele>100</ele><time>2026-04-26T19:05:09.474494Z</time></trkpt>
  <trkpt lat="37.4134585" lon="-121.9954176"><ele>100</ele><time>2026-04-26T19:05:09.576213Z</time></trkpt>
  <trkpt lat="37.4134423" lon="-121.9954227"><ele>100</ele><time>2026-04-26T19:05:09.676632Z</time></trkpt>
  <trkpt lat="37.4134261" lon="-121.9954276"><ele>100</ele><time>2026-04-26T19:05:09.777186Z</time></trkpt>
  <trkpt lat="37.4134099" lon="-121.9954321"><ele>100</ele><time>2026-04-26T19:05:09.877649Z</time></trkpt>
  <trkpt lat="37.4133936" lon="-121.9954366"><ele>100</ele><time>2026-04-26T19:05:09.978157Z</time></trkpt>
  <trkpt lat="37.4133772" lon="-121.9954411"><ele>100</ele><time>2026-04-26T19:05:10.078576Z</time></trkpt>
  <trkpt lat="37.4133610" lon="-121.9954458"><ele>100</ele><time>2026-04-26T19:05:10.179222Z</time></trkpt>
  <trkpt lat="37.4133447" lon="-121.9954509"><ele>99</ele><time>2026-04-26T19:05:10.279998Z</time></trkpt>
  <trkpt lat="37.4133285" lon="-121.9954563"><ele>99</ele><time>2026-04-26T19:05:10.380102Z</time></trkpt>
  <trkpt lat="37.4133118" lon="-121.9954617"><ele>99</ele><time>2026-04-26T19:05:10.480770Z</time></trkpt>
  <trkpt lat="37.4132950" lon="-121.9954668"><ele>99</ele><time>2026-04-26T19:05:10.581265Z</time></trkpt>
  <trkpt lat="37.4132781" lon="-121.9954716"><ele>99</ele><time>2026-04-26T19:05:10.682247Z</time></trkpt>
  <trkpt lat="37.4132612" lon="-121.9954760"><ele>99</ele><time>2026-04-26T19:05:10.782544Z</time></trkpt>
  <trkpt lat="37.4132441" lon="-121.9954801"><ele>99</ele><time>2026-04-26T19:05:10.882904Z</time></trkpt>
  <trkpt lat="37.4132269" lon="-121.9954838"><ele>99</ele><time>2026-04-26T19:05:10.984554Z</time></trkpt>
  <trkpt lat="37.4132269" lon="-121.9954838"><ele>99</ele><time>2026-04-26T19:05:11.068380Z</time></trkpt>
  <trkpt lat="37.4132096" lon="-121.9954874"><ele>99</ele><time>2026-04-26T19:05:11.085404Z</time></trkpt>
  <trkpt lat="37.4131922" lon="-121.9954908"><ele>98</ele><time>2026-04-26T19:05:11.186598Z</time></trkpt>
  <trkpt lat="37.4131747" lon="-121.9954940"><ele>98</ele><time>2026-04-26T19:05:11.287847Z</time></trkpt>
  <trkpt lat="37.4131569" lon="-121.9954970"><ele>98</ele><time>2026-04-26T19:05:11.368403Z</time></trkpt>
  <trkpt lat="37.4131391" lon="-121.9954997"><ele>98</ele><time>2026-04-26T19:05:11.469326Z</time></trkpt>
  <trkpt lat="37.4131213" lon="-121.9955019"><ele>98</ele><time>2026-04-26T19:05:11.570409Z</time></trkpt>
  <trkpt lat="37.4131033" lon="-121.9955038"><ele>98</ele><time>2026-04-26T19:05:11.671469Z</time></trkpt>
  <trkpt lat="37.4130851" lon="-121.9955054"><ele>98</ele><time>2026-04-26T19:05:11.772029Z</time></trkpt>
  <trkpt lat="37.4130670" lon="-121.9955064"><ele>98</ele><time>2026-04-26T19:05:11.872250Z</time></trkpt>
  <trkpt lat="37.4130492" lon="-121.9955065"><ele>97</ele><time>2026-04-26T19:05:11.972561Z</time></trkpt>
  <trkpt lat="37.4130317" lon="-121.9955044"><ele>98</ele><time>2026-04-26T19:05:12.073720Z</time></trkpt>
  <trkpt lat="37.4130146" lon="-121.9955005"><ele>98</ele><time>2026-04-26T19:05:12.174203Z</time></trkpt>
  <trkpt lat="37.4129976" lon="-121.9954963"><ele>98</ele><time>2026-04-26T19:05:12.275103Z</time></trkpt>
  <trkpt lat="37.4129815" lon="-121.9954914"><ele>98</ele><time>2026-04-26T19:05:12.375781Z</time></trkpt>
  <trkpt lat="37.4129662" lon="-121.9954850"><ele>98</ele><time>2026-04-26T19:05:12.476459Z</time></trkpt>
  <trkpt lat="37.4129513" lon="-121.9954774"><ele>99</ele><time>2026-04-26T19:05:12.577546Z</time></trkpt>
  <trkpt lat="37.4129380" lon="-121.9954686"><ele>99</ele><time>2026-04-26T19:05:12.678076Z</time></trkpt>
  <trkpt lat="37.4129267" lon="-121.9954587"><ele>100</ele><time>2026-04-26T19:05:12.778592Z</time></trkpt>
  <trkpt lat="37.4129168" lon="-121.9954483"><ele>101</ele><time>2026-04-26T19:05:12.878880Z</time></trkpt>
  <trkpt lat="37.4129076" lon="-121.9954375"><ele>101</ele><time>2026-04-26T19:05:12.979785Z</time></trkpt>
  <trkpt lat="37.4129001" lon="-121.9954255"><ele>102</ele><time>2026-04-26T19:05:13.081023Z</time></trkpt>
  <trkpt lat="37.4128954" lon="-121.9954131"><ele>103</ele><time>2026-04-26T19:05:13.182039Z</time></trkpt>
  <trkpt lat="37.4128954" lon="-121.9954131"><ele>103</ele><time>2026-04-26T19:05:13.219387Z</time></trkpt>
  <trkpt lat="37.4128926" lon="-121.9954008"><ele>103</ele><time>2026-04-26T19:05:13.282893Z</time></trkpt>
  <trkpt lat="37.4128910" lon="-121.9953882"><ele>104</ele><time>2026-04-26T19:05:13.384201Z</time></trkpt>
  <trkpt lat="37.4128910" lon="-121.9953759"><ele>105</ele><time>2026-04-26T19:05:13.465682Z</time></trkpt>
  <trkpt lat="37.4128936" lon="-121.9953647"><ele>105</ele><time>2026-04-26T19:05:13.565768Z</time></trkpt>
  <trkpt lat="37.4128984" lon="-121.9953550"><ele>105</ele><time>2026-04-26T19:05:13.666366Z</time></trkpt>
  <trkpt lat="37.4129049" lon="-121.9953463"><ele>106</ele><time>2026-04-26T19:05:13.767170Z</time></trkpt>
  <trkpt lat="37.4129125" lon="-121.9953391"><ele>106</ele><time>2026-04-26T19:05:13.867752Z</time></trkpt>
  <trkpt lat="37.4129208" lon="-121.9953340"><ele>105</ele><time>2026-04-26T19:05:13.968917Z</time></trkpt>
  <trkpt lat="37.4129296" lon="-121.9953301"><ele>105</ele><time>2026-04-26T19:05:14.069870Z</time></trkpt>
  <trkpt lat="37.4129386" lon="-121.9953266"><ele>104</ele><time>2026-04-26T19:05:14.171196Z</time></trkpt>
  <trkpt lat="37.4129473" lon="-121.9953212"><ele>103</ele><time>2026-04-26T19:05:14.271585Z</time></trkpt>
  <trkpt lat="37.4129552" lon="-121.9953149"><ele>103</ele><time>2026-04-26T19:05:14.371779Z</time></trkpt>
  <trkpt lat="37.4129630" lon="-121.9953079"><ele>102</ele><time>2026-04-26T19:05:14.472420Z</time></trkpt>
  <trkpt lat="37.4129705" lon="-121.9952996"><ele>101</ele><time>2026-04-26T19:05:14.573374Z</time></trkpt>
  <trkpt lat="37.4129770" lon="-121.9952909"><ele>101</ele><time>2026-04-26T19:05:14.674638Z</time></trkpt>
  <trkpt lat="37.4129833" lon="-121.9952813"><ele>100</ele><time>2026-04-26T19:05:14.755139Z</time></trkpt>
  <trkpt lat="37.4129905" lon="-121.9952701"><ele>100</ele><time>2026-04-26T19:05:14.855497Z</time></trkpt>
  <trkpt lat="37.4129975" lon="-121.9952580"><ele>99</ele><time>2026-04-26T19:05:14.955788Z</time></trkpt>
  <trkpt lat="37.4130052" lon="-121.9952455"><ele>98</ele><time>2026-04-26T19:05:15.056280Z</time></trkpt>
  <trkpt lat="37.4130120" lon="-121.9952342"><ele>98</ele><time>2026-04-26T19:05:15.156376Z</time></trkpt>
  <trkpt lat="37.4130154" lon="-121.9952233"><ele>97</ele><time>2026-04-26T19:05:15.257496Z</time></trkpt>
  <trkpt lat="37.4130153" lon="-121.9952130"><ele>96</ele><time>2026-04-26T19:05:15.358342Z</time></trkpt>
  <trkpt lat="37.4130153" lon="-121.9952130"><ele>96</ele><time>2026-04-26T19:05:15.379010Z</time></trkpt>
  <trkpt lat="37.4130118" lon="-121.9952017"><ele>95</ele><time>2026-04-26T19:05:15.459353Z</time></trkpt>
  <trkpt lat="37.4130059" lon="-121.9951892"><ele>94</ele><time>2026-04-26T19:05:15.559865Z</time></trkpt>
  <trkpt lat="37.4129962" lon="-121.9951739"><ele>93</ele><time>2026-04-26T19:05:15.661108Z</time></trkpt>
  <trkpt lat="37.4129828" lon="-121.9951561"><ele>92</ele><time>2026-04-26T19:05:15.761407Z</time></trkpt>
  <trkpt lat="37.4129688" lon="-121.9951358"><ele>92</ele><time>2026-04-26T19:05:15.863074Z</time></trkpt>
  <trkpt lat="37.4129553" lon="-121.9951161"><ele>92</ele><time>2026-04-26T19:05:15.963644Z</time></trkpt>
  <trkpt lat="37.4129438" lon="-121.9950980"><ele>92</ele><time>2026-04-26T19:05:16.063769Z</time></trkpt>
  <trkpt lat="37.4129330" lon="-121.9950797"><ele>93</ele><time>2026-04-26T19:05:16.164389Z</time></trkpt>
  <trkpt lat="37.4129225" lon="-121.9950615"><ele>93</ele><time>2026-04-26T19:05:16.265347Z</time></trkpt>
  <trkpt lat="37.4129154" lon="-121.9950463"><ele>94</ele><time>2026-04-26T19:05:16.366223Z</time></trkpt>
  <trkpt lat="37.4129124" lon="-121.9950348"><ele>96</ele><time>2026-04-26T19:05:16.467227Z</time></trkpt>
  <trkpt lat="37.4129109" lon="-121.9950247"><ele>97</ele><time>2026-04-26T19:05:16.567001Z</time></trkpt>
  <trkpt lat="37.4129106" lon="-121.9950160"><ele>99</ele><time>2026-04-26T19:05:16.667356Z</time></trkpt>
  <trkpt lat="37.4129127" lon="-121.9950105"><ele>101</ele><time>2026-04-26T19:05:16.767970Z</time></trkpt>
  <trkpt lat="37.4129168" lon="-121.9950073"><ele>102</ele><time>2026-04-26T19:05:16.868501Z</time></trkpt>
  <trkpt lat="37.4129225" lon="-121.9950060"><ele>103</ele><time>2026-04-26T19:05:16.969223Z</time></trkpt>
  <trkpt lat="37.4129293" lon="-121.9950065"><ele>104</ele><time>2026-04-26T19:05:17.069481Z</time></trkpt>
  <trkpt lat="37.4129358" lon="-121.9950069"><ele>105</ele><time>2026-04-26T19:05:17.171399Z</time></trkpt>
  <trkpt lat="37.4129431" lon="-121.9950096"><ele>105</ele><time>2026-04-26T19:05:17.272504Z</time></trkpt>
  <trkpt lat="37.4129514" lon="-121.9950136"><ele>105</ele><time>2026-04-26T19:05:17.373312Z</time></trkpt>
  <trkpt lat="37.4129607" lon="-121.9950168"><ele>105</ele><time>2026-04-26T19:05:17.473768Z</time></trkpt>
  <trkpt lat="37.4129607" lon="-121.9950168"><ele>105</ele><time>2026-04-26T19:05:17.540670Z</time></trkpt>
  <trkpt lat="37.4129707" lon="-121.9950186"><ele>105</ele><time>2026-04-26T19:05:17.574020Z</time></trkpt>
  <trkpt lat="37.4129802" lon="-121.9950190"><ele>104</ele><time>2026-04-26T19:05:17.674396Z</time></trkpt>
  <trkpt lat="37.4129890" lon="-121.9950185"><ele>104</ele><time>2026-04-26T19:05:17.775270Z</time></trkpt>
  <trkpt lat="37.4129996" lon="-121.9950180"><ele>103</ele><time>2026-04-26T19:05:17.875809Z</time></trkpt>
  <trkpt lat="37.4130109" lon="-121.9950170"><ele>102</ele><time>2026-04-26T19:05:17.976599Z</time></trkpt>
  <trkpt lat="37.4130223" lon="-121.9950155"><ele>102</ele><time>2026-04-26T19:05:18.077061Z</time></trkpt>
  <trkpt lat="37.4130337" lon="-121.9950108"><ele>100</ele><time>2026-04-26T19:05:18.177120Z</time></trkpt>
  <trkpt lat="37.4130450" lon="-121.9950022"><ele>98</ele><time>2026-04-26T19:05:18.277895Z</time></trkpt>
  <trkpt lat="37.4130576" lon="-121.9949954"><ele>97</ele><time>2026-04-26T19:05:18.359254Z</time></trkpt>
  <trkpt lat="37.4130705" lon="-121.9949910"><ele>97</ele><time>2026-04-26T19:05:18.458796Z</time></trkpt>
  <trkpt lat="37.4130835" lon="-121.9949907"><ele>96</ele><time>2026-04-26T19:05:18.558913Z</time></trkpt>
  <trkpt lat="37.4130955" lon="-121.9949940"><ele>95</ele><time>2026-04-26T19:05:18.659723Z</time></trkpt>
  <trkpt lat="37.4131074" lon="-121.9949976"><ele>94</ele><time>2026-04-26T19:05:18.760657Z</time></trkpt>
  <trkpt lat="37.4131180" lon="-121.9950011"><ele>93</ele><time>2026-04-26T19:05:18.861448Z</time></trkpt>
  <trkpt lat="37.4131311" lon="-121.9950069"><ele>92</ele><time>2026-04-26T19:05:18.962262Z</time></trkpt>
  <trkpt lat="37.4131452" lon="-121.9950152"><ele>92</ele><time>2026-04-26T19:05:19.063693Z</time></trkpt>
  <trkpt lat="37.4131591" lon="-121.9950265"><ele>92</ele><time>2026-04-26T19:05:19.164775Z</time></trkpt>
  <trkpt lat="37.4131689" lon="-121.9950354"><ele>91</ele><time>2026-04-26T19:05:19.265306Z</time></trkpt>
  <trkpt lat="37.4131814" lon="-121.9950463"><ele>91</ele><time>2026-04-26T19:05:19.365636Z</time></trkpt>
  <trkpt lat="37.4131931" lon="-121.9950546"><ele>91</ele><time>2026-04-26T19:05:19.465675Z</time></trkpt>
  <trkpt lat="37.4132028" lon="-121.9950638"><ele>90</ele><time>2026-04-26T19:05:19.566129Z</time></trkpt>
  <trkpt lat="37.4132109" lon="-121.9950775"><ele>90</ele><time>2026-04-26T19:05:19.666242Z</time></trkpt>
  <trkpt lat="37.4132109" lon="-121.9950775"><ele>90</ele><time>2026-04-26T19:05:19.696859Z</time></trkpt>
  <trkpt lat="37.4132193" lon="-121.9950945"><ele>91</ele><time>2026-04-26T19:05:19.766786Z</time></trkpt>
  <trkpt lat="37.4132270" lon="-121.9951066"><ele>90</ele><time>2026-04-26T19:05:19.867393Z</time></trkpt>
  <trkpt lat="37.4132349" lon="-121.9951187"><ele>89</ele><time>2026-04-26T19:05:19.968043Z</time></trkpt>
  <trkpt lat="37.4132415" lon="-121.9951312"><ele>88</ele><time>2026-04-26T19:05:20.068478Z</time></trkpt>
  <trkpt lat="37.4132471" lon="-121.9951457"><ele>88</ele><time>2026-04-26T19:05:20.169100Z</time></trkpt>
  <trkpt lat="37.4132535" lon="-121.9951617"><ele>88</ele><time>2026-04-26T19:05:20.270280Z</time></trkpt>
  <trkpt lat="37.4132592" lon="-121.9951767"><ele>87</ele><time>2026-04-26T19:05:20.370662Z</time></trkpt>
  <trkpt lat="37.4132627" lon="-121.9951942"><ele>87</ele><time>2026-04-26T19:05:20.471997Z</time></trkpt>
  <trkpt lat="37.4132636" lon="-121.9952120"><ele>87</ele><time>2026-04-26T19:05:20.572689Z</time></trkpt>
  <trkpt lat="37.4132627" lon="-121.9952298"><ele>87</ele><time>2026-04-26T19:05:20.673126Z</time></trkpt>
  <trkpt lat="37.4132608" lon="-121.9952475"><ele>87</ele><time>2026-04-26T19:05:20.773858Z</time></trkpt>
  <trkpt lat="37.4132587" lon="-121.9952659"><ele>87</ele><time>2026-04-26T19:05:20.874510Z</time></trkpt>
  <trkpt lat="37.4132587" lon="-121.9952840"><ele>87</ele><time>2026-04-26T19:05:20.975151Z</time></trkpt>
  <trkpt lat="37.4132577" lon="-121.9953008"><ele>87</ele><time>2026-04-26T19:05:21.056245Z</time></trkpt>
  <trkpt lat="37.4132571" lon="-121.9953187"><ele>87</ele><time>2026-04-26T19:05:21.157192Z</time></trkpt>
  <trkpt lat="37.4132563" lon="-121.9953344"><ele>87</ele><time>2026-04-26T19:05:21.258665Z</time></trkpt>
  <trkpt lat="37.4132550" lon="-121.9953479"><ele>88</ele><time>2026-04-26T19:05:21.359307Z</time></trkpt>
  <trkpt lat="37.4132529" lon="-121.9953608"><ele>89</ele><time>2026-04-26T19:05:21.460004Z</time></trkpt>
  <trkpt lat="37.4132511" lon="-121.9953764"><ele>90</ele><time>2026-04-26T19:05:21.560421Z</time></trkpt>
  <trkpt lat="37.4132484" lon="-121.9953925"><ele>89</ele><time>2026-04-26T19:05:21.660546Z</time></trkpt>
  <trkpt lat="37.4132455" lon="-121.9954075"><ele>89</ele><time>2026-04-26T19:05:21.760937Z</time></trkpt>
  <trkpt lat="37.4132455" lon="-121.9954075"><ele>89</ele><time>2026-04-26T19:05:21.847120Z</time></trkpt>
  <trkpt lat="37.4132421" lon="-121.9954206"><ele>90</ele><time>2026-04-26T19:05:21.861364Z</time></trkpt>
  <trkpt lat="37.4132382" lon="-121.9954344"><ele>90</ele><time>2026-04-26T19:05:21.962333Z</time></trkpt>
  <trkpt lat="37.4132330" lon="-121.9954476"><ele>90</ele><time>2026-04-26T19:05:22.062793Z</time></trkpt>
  <trkpt lat="37.4132266" lon="-121.9954603"><ele>91</ele><time>2026-04-26T19:05:22.163604Z</time></trkpt>
  <trkpt lat="37.4132188" lon="-121.9954714"><ele>92</ele><time>2026-04-26T19:05:22.264865Z</time></trkpt>
  <trkpt lat="37.4132076" lon="-121.9954796"><ele>92</ele><time>2026-04-26T19:05:22.365091Z</time></trkpt>
  <trkpt lat="37.4131932" lon="-121.9954857"><ele>92</ele><time>2026-04-26T19:05:22.465367Z</time></trkpt>
  <trkpt lat="37.4131751" lon="-121.9954889"><ele>92</ele><time>2026-04-26T19:05:22.566117Z</time></trkpt>
  <trkpt lat="37.4131549" lon="-121.9954894"><ele>92</ele><time>2026-04-26T19:05:22.666848Z</time></trkpt>
  <trkpt lat="37.4131373" lon="-121.9954900"><ele>92</ele><time>2026-04-26T19:05:22.767282Z</time></trkpt>
  <trkpt lat="37.4131216" lon="-121.9954923"><ele>93</ele><time>2026-04-26T19:05:22.867757Z</time></trkpt>
  <trkpt lat="37.4131050" lon="-121.9954956"><ele>94</ele><time>2026-04-26T19:05:22.968265Z</time></trkpt>
  <trkpt lat="37.4130883" lon="-121.9954997"><ele>94</ele><time>2026-04-26T19:05:23.068726Z</time></trkpt>
  <trkpt lat="37.4130724" lon="-121.9955040"><ele>94</ele><time>2026-04-26T19:05:23.169367Z</time></trkpt>
  <trkpt lat="37.4130570" lon="-121.9955080"><ele>93</ele><time>2026-04-26T19:05:23.269570Z</time></trkpt>
  <trkpt lat="37.4130418" lon="-121.9955116"><ele>93</ele><time>2026-04-26T19:05:23.371475Z</time></trkpt>
  <trkpt lat="37.4130274" lon="-121.9955149"><ele>92</ele><time>2026-04-26T19:05:23.471283Z</time></trkpt>
  <trkpt lat="37.4130129" lon="-121.9955173"><ele>92</ele><time>2026-04-26T19:05:23.571732Z</time></trkpt>
  <trkpt lat="37.4129990" lon="-121.9955191"><ele>92</ele><time>2026-04-26T19:05:23.651896Z</time></trkpt>
  <trkpt lat="37.4129856" lon="-121.9955206"><ele>92</ele><time>2026-04-26T19:05:23.752600Z</time></trkpt>
  <trkpt lat="37.4129725" lon="-121.9955221"><ele>92</ele><time>2026-04-26T19:05:23.874225Z</time></trkpt>
  <trkpt lat="37.4129596" lon="-121.9955240"><ele>93</ele><time>2026-04-26T19:05:23.954589Z</time></trkpt>
  <trkpt lat="37.4129596" lon="-121.9955240"><ele>93</ele><time>2026-04-26T19:05:24.000635Z</time></trkpt>
  <trkpt lat="37.4129466" lon="-121.9955269"><ele>93</ele><time>2026-04-26T19:05:24.054951Z</time></trkpt>
  <trkpt lat="37.4129333" lon="-121.9955301"><ele>93</ele><time>2026-04-26T19:05:24.155708Z</time></trkpt>
  <trkpt lat="37.4129196" lon="-121.9955338"><ele>93</ele><time>2026-04-26T19:05:24.256275Z</time></trkpt>
  <trkpt lat="37.4129063" lon="-121.9955398"><ele>94</ele><time>2026-04-26T19:05:24.356926Z</time></trkpt>
  <trkpt lat="37.4128933" lon="-121.9955482"><ele>94</ele><time>2026-04-26T19:05:24.457448Z</time></trkpt>
  <trkpt lat="37.4128808" lon="-121.9955583"><ele>94</ele><time>2026-04-26T19:05:24.558584Z</time></trkpt>
  <trkpt lat="37.4128703" lon="-121.9955708"><ele>94</ele><time>2026-04-26T19:05:24.660229Z</time></trkpt>
  <trkpt lat="37.4128618" lon="-121.9955850"><ele>94</ele><time>2026-04-26T19:05:24.761127Z</time></trkpt>
  <trkpt lat="37.4128541" lon="-121.9956003"><ele>94</ele><time>2026-04-26T19:05:24.861473Z</time></trkpt>
  <trkpt lat="37.4128480" lon="-121.9956161"><ele>94</ele><time>2026-04-26T19:05:24.962052Z</time></trkpt>
  <trkpt lat="37.4128434" lon="-121.9956317"><ele>94</ele><time>2026-04-26T19:05:25.062504Z</time></trkpt>
  <trkpt lat="37.4128401" lon="-121.9956466"><ele>94</ele><time>2026-04-26T19:05:25.163225Z</time></trkpt>
  <trkpt lat="37.4128375" lon="-121.9956610"><ele>93</ele><time>2026-04-26T19:05:25.263666Z</time></trkpt>
  <trkpt lat="37.4128361" lon="-121.9956740"><ele>92</ele><time>2026-04-26T19:05:25.364399Z</time></trkpt>
  <trkpt lat="37.4128366" lon="-121.9956846"><ele>91</ele><time>2026-04-26T19:05:25.464722Z</time></trkpt>
  <trkpt lat="37.4128404" lon="-121.9956928"><ele>90</ele><time>2026-04-26T19:05:25.565138Z</time></trkpt>
  <trkpt lat="37.4128448" lon="-121.9957016"><ele>88</ele><time>2026-04-26T19:05:25.665108Z</time></trkpt>
  <trkpt lat="37.4128477" lon="-121.9957125"><ele>87</ele><time>2026-04-26T19:05:25.765653Z</time></trkpt>
  <trkpt lat="37.4128481" lon="-121.9957237"><ele>85</ele><time>2026-04-26T19:05:25.865927Z</time></trkpt>
  <trkpt lat="37.4128475" lon="-121.9957346"><ele>84</ele><time>2026-04-26T19:05:25.966292Z</time></trkpt>
  <trkpt lat="37.4128493" lon="-121.9957425"><ele>83</ele><time>2026-04-26T19:05:26.067337Z</time></trkpt>
  <trkpt lat="37.4128527" lon="-121.9957482"><ele>82</ele><time>2026-04-26T19:05:26.147569Z</time></trkpt>
  <trkpt lat="37.4128527" lon="-121.9957482"><ele>82</ele><time>2026-04-26T19:05:26.156952Z</time></trkpt>
  <trkpt lat="37.4128535" lon="-121.9957540"><ele>80</ele><time>2026-04-26T19:05:26.267939Z</time></trkpt>
  <trkpt lat="37.4128557" lon="-121.9957594"><ele>79</ele><time>2026-04-26T19:05:26.348642Z</time></trkpt>
  <trkpt lat="37.4128564" lon="-121.9957670"><ele>77</ele><time>2026-04-26T19:05:26.449159Z</time></trkpt>
  <trkpt lat="37.4128641" lon="-121.9957701"><ele>76</ele><time>2026-04-26T19:05:26.549949Z</time></trkpt>
  <trkpt lat="37.4128722" lon="-121.9957725"><ele>75</ele><time>2026-04-26T19:05:26.650439Z</time></trkpt>
  <trkpt lat="37.4128818" lon="-121.9957756"><ele>76</ele><time>2026-04-26T19:05:26.750947Z</time></trkpt>
  <trkpt lat="37.4128929" lon="-121.9957777"><ele>77</ele><time>2026-04-26T19:05:26.852382Z</time></trkpt>
  <trkpt lat="37.4129050" lon="-121.9957798"><ele>78</ele><time>2026-04-26T19:05:26.952915Z</time></trkpt>
  <trkpt lat="37.4129177" lon="-121.9957818"><ele>78</ele><time>2026-04-26T19:05:27.053528Z</time></trkpt>
  <trkpt lat="37.4129306" lon="-121.9957834"><ele>79</ele><time>2026-04-26T19:05:27.154291Z</time></trkpt>
  <trkpt lat="37.4129428" lon="-121.9957854"><ele>79</ele><time>2026-04-26T19:05:27.255072Z</time></trkpt>
  <trkpt lat="37.4129558" lon="-121.9957880"><ele>79</ele><time>2026-04-26T19:05:27.355561Z</time></trkpt>
  <trkpt lat="37.4129683" lon="-121.9957913"><ele>80</ele><time>2026-04-26T19:05:27.456027Z</time></trkpt>
  <trkpt lat="37.4129799" lon="-121.9957945"><ele>80</ele><time>2026-04-26T19:05:27.556085Z</time></trkpt>
  <trkpt lat="37.4129923" lon="-121.9957975"><ele>81</ele><time>2026-04-26T19:05:27.656857Z</time></trkpt>
  <trkpt lat="37.4130035" lon="-121.9958012"><ele>81</ele><time>2026-04-26T19:05:27.758085Z</time></trkpt>
  <trkpt lat="37.4130144" lon="-121.9958069"><ele>82</ele><time>2026-04-26T19:05:27.858823Z</time></trkpt>
  <trkpt lat="37.4130272" lon="-121.9958143"><ele>82</ele><time>2026-04-26T19:05:27.959363Z</time></trkpt>
  <trkpt lat="37.4130396" lon="-121.9958210"><ele>83</ele><time>2026-04-26T19:05:28.060075Z</time></trkpt>
  <trkpt lat="37.4130518" lon="-121.9958253"><ele>83</ele><time>2026-04-26T19:05:28.160886Z</time></trkpt>
  <trkpt lat="37.4130649" lon="-121.9958285"><ele>83</ele><time>2026-04-26T19:05:28.262294Z</time></trkpt>
  <trkpt lat="37.4130649" lon="-121.9958285"><ele>83</ele><time>2026-04-26T19:05:28.307022Z</time></trkpt>
  <trkpt lat="37.4130773" lon="-121.9958292"><ele>82</ele><time>2026-04-26T19:05:28.363212Z</time></trkpt>
  <trkpt lat="37.4130924" lon="-121.9958351"><ele>83</ele><time>2026-04-26T19:05:28.464096Z</time></trkpt>
  <trkpt lat="37.4131050" lon="-121.9958411"><ele>83</ele><time>2026-04-26T19:05:28.565142Z</time></trkpt>
  <trkpt lat="37.4131177" lon="-121.9958480"><ele>83</ele><time>2026-04-26T19:05:28.665556Z</time></trkpt>
  <trkpt lat="37.4131305" lon="-121.9958548"><ele>83</ele><time>2026-04-26T19:05:28.746371Z</time></trkpt>
  <trkpt lat="37.4131410" lon="-121.9958577"><ele>82</ele><time>2026-04-26T19:05:28.847779Z</time></trkpt>
  <trkpt lat="37.4131535" lon="-121.9958645"><ele>82</ele><time>2026-04-26T19:05:28.947967Z</time></trkpt>
  <trkpt lat="37.4131658" lon="-121.9958730"><ele>82</ele><time>2026-04-26T19:05:29.048326Z</time></trkpt>
  <trkpt lat="37.4131757" lon="-121.9958804"><ele>82</ele><time>2026-04-26T19:05:29.148771Z</time></trkpt>
  <trkpt lat="37.4131851" lon="-121.9958892"><ele>82</ele><time>2026-04-26T19:05:29.249251Z</time></trkpt>
  <trkpt lat="37.4131957" lon="-121.9958969"><ele>82</ele><time>2026-04-26T19:05:29.350240Z</time></trkpt>
  <trkpt lat="37.4132072" lon="-121.9959031"><ele>82</ele><time>2026-04-26T19:05:29.451095Z</time></trkpt>
  <trkpt lat="37.4132195" lon="-121.9959077"><ele>82</ele><time>2026-04-26T19:05:29.551834Z</time></trkpt>
  <trkpt lat="37.4132320" lon="-121.9959094"><ele>82</ele><time>2026-04-26T19:05:29.652935Z</time></trkpt>
  <trkpt lat="37.4132445" lon="-121.9959079"><ele>82</ele><time>2026-04-26T19:05:29.753155Z</time></trkpt>
  <trkpt lat="37.4132567" lon="-121.9959054"><ele>83</ele><time>2026-04-26T19:05:29.853474Z</time></trkpt>
  <trkpt lat="37.4132676" lon="-121.9959009"><ele>84</ele><time>2026-04-26T19:05:29.953773Z</time></trkpt>
  <trkpt lat="37.4132764" lon="-121.9958932"><ele>85</ele><time>2026-04-26T19:05:30.054823Z</time></trkpt>
  <trkpt lat="37.4132833" lon="-121.9958827"><ele>86</ele><time>2026-04-26T19:05:30.155792Z</time></trkpt>
  <trkpt lat="37.4132903" lon="-121.9958721"><ele>86</ele><time>2026-04-26T19:05:30.256040Z</time></trkpt>
  <trkpt lat="37.4132986" lon="-121.9958610"><ele>87</ele><time>2026-04-26T19:05:30.356375Z</time></trkpt>
  <trkpt lat="37.4133072" lon="-121.9958521"><ele>87</ele><time>2026-04-26T19:05:30.457421Z</time></trkpt>
  <trkpt lat="37.4133072" lon="-121.9958521"><ele>87</ele><time>2026-04-26T19:05:30.461007Z</time></trkpt>
  <trkpt lat="37.4133151" lon="-121.9958422"><ele>88</ele><time>2026-04-26T19:05:30.557872Z</time></trkpt>
  <trkpt lat="37.4133218" lon="-121.9958301"><ele>88</ele><time>2026-04-26T19:05:30.659216Z</time></trkpt>
  <trkpt lat="37.4133269" lon="-121.9958159"><ele>88</ele><time>2026-04-26T19:05:30.760241Z</time></trkpt>
  <trkpt lat="37.4133313" lon="-121.9958010"><ele>89</ele><time>2026-04-26T19:05:30.861427Z</time></trkpt>
  <trkpt lat="37.4133362" lon="-121.9957867"><ele>89</ele><time>2026-04-26T19:05:30.962659Z</time></trkpt>
  <trkpt lat="37.4133419" lon="-121.9957734"><ele>89</ele><time>2026-04-26T19:05:31.043897Z</time></trkpt>
  <trkpt lat="37.4133472" lon="-121.9957593"><ele>89</ele><time>2026-04-26T19:05:31.143518Z</time></trkpt>
  <trkpt lat="37.4133503" lon="-121.9957452"><ele>89</ele><time>2026-04-26T19:05:31.243555Z</time></trkpt>
  <trkpt lat="37.4133524" lon="-121.9957316"><ele>89</ele><time>2026-04-26T19:05:31.344288Z</time></trkpt>
  <trkpt lat="37.4133519" lon="-121.9957172"><ele>89</ele><time>2026-04-26T19:05:31.445130Z</time></trkpt>
  <trkpt lat="37.4133468" lon="-121.9957015"><ele>89</ele><time>2026-04-26T19:05:31.545678Z</time></trkpt>
  <trkpt lat="37.4133411" lon="-121.9956863"><ele>89</ele><time>2026-04-26T19:05:31.646231Z</time></trkpt>
  <trkpt lat="37.4133342" lon="-121.9956720"><ele>89</ele><time>2026-04-26T19:05:31.746929Z</time></trkpt>
  <trkpt lat="37.4133271" lon="-121.9956579"><ele>88</ele><time>2026-04-26T19:05:31.847354Z</time></trkpt>
  <trkpt lat="37.4133200" lon="-121.9956428"><ele>87</ele><time>2026-04-26T19:05:31.947663Z</time></trkpt>
  <trkpt lat="37.4133123" lon="-121.9956262"><ele>87</ele><time>2026-04-26T19:05:32.048208Z</time></trkpt>
  <trkpt lat="37.4133025" lon="-121.9956086"><ele>86</ele><time>2026-04-26T19:05:32.148463Z</time></trkpt>
  <trkpt lat="37.4132916" lon="-121.9955921"><ele>86</ele><time>2026-04-26T19:05:32.249136Z</time></trkpt>
  <trkpt lat="37.4132794" lon="-121.9955756"><ele>87</ele><time>2026-04-26T19:05:32.349558Z</time></trkpt>
  <trkpt lat="37.4132686" lon="-121.9955593"><ele>87</ele><time>2026-04-26T19:05:32.449884Z</time></trkpt>
  <trkpt lat="37.4132593" lon="-121.9955425"><ele>87</ele><time>2026-04-26T19:05:32.550906Z</time></trkpt>
  <trkpt lat="37.4132593" lon="-121.9955425"><ele>87</ele><time>2026-04-26T19:05:32.616005Z</time></trkpt>
  <trkpt lat="37.4132479" lon="-121.9955245"><ele>87</ele><time>2026-04-26T19:05:32.651630Z</time></trkpt>
  <trkpt lat="37.4132345" lon="-121.9955071"><ele>86</ele><time>2026-04-26T19:05:32.752200Z</time></trkpt>
  <trkpt lat="37.4132200" lon="-121.9954901"><ele>86</ele><time>2026-04-26T19:05:32.852336Z</time></trkpt>
  <trkpt lat="37.4132051" lon="-121.9954756"><ele>86</ele><time>2026-04-26T19:05:32.953307Z</time></trkpt>
  <trkpt lat="37.4131904" lon="-121.9954631"><ele>87</ele><time>2026-04-26T19:05:33.053861Z</time></trkpt>
  <trkpt lat="37.4131765" lon="-121.9954508"><ele>87</ele><time>2026-04-26T19:05:33.154235Z</time></trkpt>
  <trkpt lat="37.4131635" lon="-121.9954373"><ele>88</ele><time>2026-04-26T19:05:33.254658Z</time></trkpt>
  <trkpt lat="37.4131513" lon="-121.9954229"><ele>88</ele><time>2026-04-26T19:05:33.355125Z</time></trkpt>
  <trkpt lat="37.4131404" lon="-121.9954086"><ele>88</ele><time>2026-04-26T19:05:33.455118Z</time></trkpt>
  <trkpt lat="37.4131302" lon="-121.9953948"><ele>89</ele><time>2026-04-26T19:05:33.556032Z</time></trkpt>
  <trkpt lat="37.4131182" lon="-121.9953809"><ele>90</ele><time>2026-04-26T19:05:33.656206Z</time></trkpt>
  <trkpt lat="37.4131050" lon="-121.9953680"><ele>90</ele><time>2026-04-26T19:05:33.756981Z</time></trkpt>
  <trkpt lat="37.4130902" lon="-121.9953553"><ele>90</ele><time>2026-04-26T19:05:33.857091Z</time></trkpt>
  <trkpt lat="37.4130750" lon="-121.9953429"><ele>90</ele><time>2026-04-26T19:05:33.957679Z</time></trkpt>
  <trkpt lat="37.4130612" lon="-121.9953292"><ele>90</ele><time>2026-04-26T19:05:34.058965Z</time></trkpt>
  <trkpt lat="37.4130478" lon="-121.9953135"><ele>89</ele><time>2026-04-26T19:05:34.139647Z</time></trkpt>
  <trkpt lat="37.4130363" lon="-121.9952980"><ele>89</ele><time>2026-04-26T19:05:34.260093Z</time></trkpt>
  <trkpt lat="37.4130251" lon="-121.9952815"><ele>88</ele><time>2026-04-26T19:05:34.340597Z</time></trkpt>
  <trkpt lat="37.4130128" lon="-121.9952639"><ele>88</ele><time>2026-04-26T19:05:34.441291Z</time></trkpt>
  <trkpt lat="37.4130004" lon="-121.9952472"><ele>87</ele><time>2026-04-26T19:05:34.541809Z</time></trkpt>
  <trkpt lat="37.4129871" lon="-121.9952306"><ele>87</ele><time>2026-04-26T19:05:34.642613Z</time></trkpt>
  <trkpt lat="37.4129736" lon="-121.9952133"><ele>86</ele><time>2026-04-26T19:05:34.743387Z</time></trkpt>
  <trkpt lat="37.4129736" lon="-121.9952133"><ele>86</ele><time>2026-04-26T19:05:34.763807Z</time></trkpt>
  <trkpt lat="37.4129607" lon="-121.9951960"><ele>86</ele><time>2026-04-26T19:05:34.843750Z</time></trkpt>
  <trkpt lat="37.4129485" lon="-121.9951789"><ele>85</ele><time>2026-04-26T19:05:34.944552Z</time></trkpt>
  <trkpt lat="37.4129364" lon="-121.9951621"><ele>84</ele><time>2026-04-26T19:05:35.045309Z</time></trkpt>
  <trkpt lat="37.4129243" lon="-121.9951454"><ele>84</ele><time>2026-04-26T19:05:35.145617Z</time></trkpt>
  <trkpt lat="37.4129125" lon="-121.9951286"><ele>83</ele><time>2026-04-26T19:05:35.246215Z</time></trkpt>
  <trkpt lat="37.4129012" lon="-121.9951124"><ele>83</ele><time>2026-04-26T19:05:35.346699Z</time></trkpt>
  <trkpt lat="37.4128900" lon="-121.9950960"><ele>83</ele><time>2026-04-26T19:05:35.447541Z</time></trkpt>
  <trkpt lat="37.4128780" lon="-121.9950791"><ele>82</ele><time>2026-04-26T19:05:35.548282Z</time></trkpt>
  <trkpt lat="37.4128669" lon="-121.9950629"><ele>82</ele><time>2026-04-26T19:05:35.628745Z</time></trkpt>
  <trkpt lat="37.4128550" lon="-121.9950481"><ele>81</ele><time>2026-04-26T19:05:35.729076Z</time></trkpt>
  <trkpt lat="37.4128436" lon="-121.9950362"><ele>80</ele><time>2026-04-26T19:05:35.830368Z</time></trkpt>
  <trkpt lat="37.4128316" lon="-121.9950261"><ele>79</ele><time>2026-04-26T19:05:35.930431Z</time></trkpt>
  <trkpt lat="37.4128209" lon="-121.9950199"><ele>77</ele><time>2026-04-26T19:05:36.031066Z</time></trkpt>
  <trkpt lat="37.4128135" lon="-121.9950192"><ele>75</ele><time>2026-04-26T19:05:36.131925Z</time></trkpt>
  <trkpt lat="37.4128085" lon="-121.9950234"><ele>73</ele><time>2026-04-26T19:05:36.232704Z</time></trkpt>
  <trkpt lat="37.4128052" lon="-121.9950315"><ele>71</ele><time>2026-04-26T19:05:36.333494Z</time></trkpt>
  <trkpt lat="37.4128032" lon="-121.9950424"><ele>68</ele><time>2026-04-26T19:05:36.434000Z</time></trkpt>
  <trkpt lat="37.4128040" lon="-121.9950586"><ele>67</ele><time>2026-04-26T19:05:36.535229Z</time></trkpt>
  <trkpt lat="37.4128058" lon="-121.9950766"><ele>66</ele><time>2026-04-26T19:05:36.655748Z</time></trkpt>
  <trkpt lat="37.4128088" lon="-121.9950960"><ele>65</ele><time>2026-04-26T19:05:36.756029Z</time></trkpt>
  <trkpt lat="37.4128118" lon="-121.9951158"><ele>64</ele><time>2026-04-26T19:05:36.836906Z</time></trkpt>
  <trkpt lat="37.4128118" lon="-121.9951158"><ele>64</ele><time>2026-04-26T19:05:36.920647Z</time></trkpt>
  <trkpt lat="37.4128162" lon="-121.9951375"><ele>64</ele><time>2026-04-26T19:05:36.937810Z</time></trkpt>
  <trkpt lat="37.4128208" lon="-121.9951597"><ele>64</ele><time>2026-04-26T19:05:37.038969Z</time></trkpt>
  <trkpt lat="37.4128258" lon="-121.9951819"><ele>64</ele><time>2026-04-26T19:05:37.139719Z</time></trkpt>
  <trkpt lat="37.4128303" lon="-121.9952030"><ele>64</ele><time>2026-04-26T19:05:37.240464Z</time></trkpt>
  <trkpt lat="37.4128354" lon="-121.9952241"><ele>64</ele><time>2026-04-26T19:05:37.340969Z</time></trkpt>
  <trkpt lat="37.4128400" lon="-121.9952444"><ele>64</ele><time>2026-04-26T19:05:37.441423Z</time></trkpt>
  <trkpt lat="37.4128441" lon="-121.9952639"><ele>63</ele><time>2026-04-26T19:05:37.542293Z</time></trkpt>
  <trkpt lat="37.4128484" lon="-121.9952834"><ele>63</ele><time>2026-04-26T19:05:37.642620Z</time></trkpt>
  <trkpt lat="37.4128532" lon="-121.9953029"><ele>62</ele><time>2026-04-26T19:05:37.743019Z</time></trkpt>
  <trkpt lat="37.4128585" lon="-121.9953221"><ele>62</ele><time>2026-04-26T19:05:37.843581Z</time></trkpt>
  <trkpt lat="37.4128635" lon="-121.9953409"><ele>61</ele><time>2026-04-26T19:05:37.944005Z</time></trkpt>
  <trkpt lat="37.4128682" lon="-121.9953595"><ele>60</ele><time>2026-04-26T19:05:38.044855Z</time></trkpt>
  <trkpt lat="37.4128733" lon="-121.9953779"><ele>59</ele><time>2026-04-26T19:05:38.145193Z</time></trkpt>
  <trkpt lat="37.4128784" lon="-121.9953957"><ele>58</ele><time>2026-04-26T19:05:38.245519Z</time></trkpt>
  <trkpt lat="37.4128834" lon="-121.9954132"><ele>57</ele><time>2026-04-26T19:05:38.346000Z</time></trkpt>
  <trkpt lat="37.4128886" lon="-121.9954310"><ele>57</ele><time>2026-04-26T19:05:38.446513Z</time></trkpt>
  <trkpt lat="37.4128937" lon="-121.9954483"><ele>56</ele><time>2026-04-26T19:05:38.546617Z</time></trkpt>
  <trkpt lat="37.4128991" lon="-121.9954657"><ele>55</ele><time>2026-04-26T19:05:38.647036Z</time></trkpt>
  <trkpt lat="37.4129045" lon="-121.9954828"><ele>53</ele><time>2026-04-26T19:05:38.748003Z</time></trkpt>
  <trkpt lat="37.4129108" lon="-121.9954995"><ele>52</ele><time>2026-04-26T19:05:38.848534Z</time></trkpt>
  <trkpt lat="37.4129187" lon="-121.9955155"><ele>51</ele><time>2026-04-26T19:05:38.949465Z</time></trkpt>
  <trkpt lat="37.4129281" lon="-121.9955308"><ele>51</ele><time>2026-04-26T19:05:39.050756Z</time></trkpt>
  <trkpt lat="37.4129281" lon="-121.9955308"><ele>51</ele><time>2026-04-26T19:05:39.075046Z</time></trkpt>
  <trkpt lat="37.4129386" lon="-121.9955460"><ele>50</ele><time>2026-04-26T19:05:39.151579Z</time></trkpt>
  <trkpt lat="37.4129495" lon="-121.9955613"><ele>49</ele><time>2026-04-26T19:05:39.252396Z</time></trkpt>
  <trkpt lat="37.4129607" lon="-121.9955762"><ele>49</ele><time>2026-04-26T19:05:39.353055Z</time></trkpt>
  <trkpt lat="37.4129723" lon="-121.9955908"><ele>48</ele><time>2026-04-26T19:05:39.453476Z</time></trkpt>
  <trkpt lat="37.4129843" lon="-121.9956050"><ele>48</ele><time>2026-04-26T19:05:39.553709Z</time></trkpt>
  <trkpt lat="37.4129965" lon="-121.9956189"><ele>48</ele><time>2026-04-26T19:05:39.634135Z</time></trkpt>
  <trkpt lat="37.4130087" lon="-121.9956326"><ele>47</ele><time>2026-04-26T19:05:39.734839Z</time></trkpt>
  <trkpt lat="37.4130211" lon="-121.9956462"><ele>47</ele><time>2026-04-26T19:05:39.835117Z</time></trkpt>
  <trkpt lat="37.4130335" lon="-121.9956597"><ele>47</ele><time>2026-04-26T19:05:39.935652Z</time></trkpt>
  <trkpt lat="37.4130459" lon="-121.9956728"><ele>47</ele><time>2026-04-26T19:05:40.036441Z</time></trkpt>
  <trkpt lat="37.4130586" lon="-121.9956857"><ele>46</ele><time>2026-04-26T19:05:40.137148Z</time></trkpt>
  <trkpt lat="37.4130714" lon="-121.9956980"><ele>46</ele><time>2026-04-26T19:05:40.237745Z</time></trkpt>
  <trkpt lat="37.4130844" lon="-121.9957097"><ele>46</ele><time>2026-04-26T19:05:40.338459Z</time></trkpt>
  <trkpt lat="37.4130973" lon="-121.9957211"><ele>46</ele><time>2026-04-26T19:05:40.438843Z</time></trkpt>
  <trkpt lat="37.4131102" lon="-121.9957313"><ele>47</ele><time>2026-04-26T19:05:40.539279Z</time></trkpt>
  <trkpt lat="37.4131226" lon="-121.9957402"><ele>47</ele><time>2026-04-26T19:05:40.639851Z</time></trkpt>
  <trkpt lat="37.4131345" lon="-121.9957478"><ele>47</ele><time>2026-04-26T19:05:40.740948Z</time></trkpt>
  <trkpt lat="37.4131459" lon="-121.9957544"><ele>48</ele><time>2026-04-26T19:05:40.842047Z</time></trkpt>
  <trkpt lat="37.4131569" lon="-121.9957601"><ele>48</ele><time>2026-04-26T19:05:40.943654Z</time></trkpt>
  <trkpt lat="37.4131678" lon="-121.9957652"><ele>49</ele><time>2026-04-26T19:05:41.045039Z</time></trkpt>
  <trkpt lat="37.4131784" lon="-121.9957700"><ele>50</ele><time>2026-04-26T19:05:41.145760Z</time></trkpt>
  <trkpt lat="37.4131784" lon="-121.9957700"><ele>50</ele><time>2026-04-26T19:05:41.237560Z</time></trkpt>
  <trkpt lat="37.4131889" lon="-121.9957744"><ele>50</ele><time>2026-04-26T19:05:41.245476Z</time></trkpt>
  <trkpt lat="37.4131992" lon="-121.9957785"><ele>51</ele><time>2026-04-26T19:05:41.345985Z</time></trkpt>
  <trkpt lat="37.4132095" lon="-121.9957815"><ele>51</ele><time>2026-04-26T19:05:41.446187Z</time></trkpt>
  <trkpt lat="37.4132194" lon="-121.9957834"><ele>52</ele><time>2026-04-26T19:05:41.546807Z</time></trkpt>
  <trkpt lat="37.4132289" lon="-121.9957840"><ele>52</ele><time>2026-04-26T19:05:41.646861Z</time></trkpt>
  <trkpt lat="37.4132383" lon="-121.9957836"><ele>53</ele><time>2026-04-26T19:05:41.747256Z</time></trkpt>
  <trkpt lat="37.4132474" lon="-121.9957825"><ele>53</ele><time>2026-04-26T19:05:41.847854Z</time></trkpt>
  <trkpt lat="37.4132565" lon="-121.9957807"><ele>54</ele><time>2026-04-26T19:05:41.948434Z</time></trkpt>
  <trkpt lat="37.4132656" lon="-121.9957784"><ele>55</ele><time>2026-04-26T19:05:42.048696Z</time></trkpt>
  <trkpt lat="37.4132748" lon="-121.9957755"><ele>55</ele><time>2026-04-26T19:05:42.149346Z</time></trkpt>
  <trkpt lat="37.4132838" lon="-121.9957719"><ele>55</ele><time>2026-04-26T19:05:42.230241Z</time></trkpt>
  <trkpt lat="37.4132929" lon="-121.9957680"><ele>56</ele><time>2026-04-26T19:05:42.350278Z</time></trkpt>
  <trkpt lat="37.4133022" lon="-121.9957636"><ele>56</ele><time>2026-04-26T19:05:42.430458Z</time></trkpt>
  <trkpt lat="37.4133115" lon="-121.9957587"><ele>56</ele><time>2026-04-26T19:05:42.530770Z</time></trkpt>
  <trkpt lat="37.4133207" lon="-121.9957526"><ele>57</ele><time>2026-04-26T19:05:42.631665Z</time></trkpt>
  <trkpt lat="37.4133297" lon="-121.9957456"><ele>57</ele><time>2026-04-26T19:05:42.732458Z</time></trkpt>
  <trkpt lat="37.4133385" lon="-121.9957377"><ele>57</ele><time>2026-04-26T19:05:42.833067Z</time></trkpt>
  <trkpt lat="37.4133471" lon="-121.9957288"><ele>57</ele><time>2026-04-26T19:05:42.934064Z</time></trkpt>
  <trkpt lat="37.4133556" lon="-121.9957192"><ele>57</ele><time>2026-04-26T19:05:43.034678Z</time></trkpt>
  <trkpt lat="37.4133638" lon="-121.9957088"><ele>57</ele><time>2026-04-26T19:05:43.135301Z</time></trkpt>
  <trkpt lat="37.4133717" lon="-121.9956975"><ele>57</ele><time>2026-04-26T19:05:43.235574Z</time></trkpt>
  <trkpt lat="37.4133791" lon="-121.9956855"><ele>57</ele><time>2026-04-26T19:05:43.335877Z</time></trkpt>
  <trkpt lat="37.4133791" lon="-121.9956855"><ele>57</ele><time>2026-04-26T19:05:43.396004Z</time></trkpt>
  <trkpt lat="37.4133856" lon="-121.9956721"><ele>57</ele><time>2026-04-26T19:05:43.436962Z</time></trkpt>
  <trkpt lat="37.4133911" lon="-121.9956575"><ele>57</ele><time>2026-04-26T19:05:43.537692Z</time></trkpt>
  <trkpt lat="37.4133951" lon="-121.9956419"><ele>57</ele><time>2026-04-26T19:05:43.638390Z</time></trkpt>
  <trkpt lat="37.4133977" lon="-121.9956256"><ele>57</ele><time>2026-04-26T19:05:43.739103Z</time></trkpt>
  <trkpt lat="37.4133994" lon="-121.9956092"><ele>57</ele><time>2026-04-26T19:05:43.839779Z</time></trkpt>
  <trkpt lat="37.4134008" lon="-121.9955927"><ele>58</ele><time>2026-04-26T19:05:43.940080Z</time></trkpt>
  <trkpt lat="37.4134024" lon="-121.9955763"><ele>58</ele><time>2026-04-26T19:05:44.040761Z</time></trkpt>
  <trkpt lat="37.4134044" lon="-121.9955598"><ele>58</ele><time>2026-04-26T19:05:44.141648Z</time></trkpt>
  <trkpt lat="37.4134064" lon="-121.9955433"><ele>58</ele><time>2026-04-26T19:05:44.242442Z</time></trkpt>
  <trkpt lat="37.4134086" lon="-121.9955269"><ele>58</ele><time>2026-04-26T19:05:44.342699Z</time></trkpt>
  <trkpt lat="37.4134111" lon="-121.9955105"><ele>58</ele><time>2026-04-26T19:05:44.443118Z</time></trkpt>
  <trkpt lat="37.4134142" lon="-121.9954949"><ele>59</ele><time>2026-04-26T19:05:44.543469Z</time></trkpt>
  <trkpt lat="37.4134177" lon="-121.9954806"><ele>59</ele><time>2026-04-26T19:05:44.643976Z</time></trkpt>
  <trkpt lat="37.4134221" lon="-121.9954673"><ele>59</ele><time>2026-04-26T19:05:44.744577Z</time></trkpt>
  <trkpt lat="37.4134269" lon="-121.9954554"><ele>60</ele><time>2026-04-26T19:05:44.845380Z</time></trkpt>
  <trkpt lat="37.4134320" lon="-121.9954450"><ele>60</ele><time>2026-04-26T19:05:44.945511Z</time></trkpt>
  <trkpt lat="37.4134372" lon="-121.9954361"><ele>61</ele><time>2026-04-26T19:05:45.046554Z</time></trkpt>
  <trkpt lat="37.4134426" lon="-121.9954284"><ele>62</ele><time>2026-04-26T19:05:45.146949Z</time></trkpt>
  <trkpt lat="37.4134481" lon="-121.9954226"><ele>62</ele><time>2026-04-26T19:05:45.227593Z</time></trkpt>
  <trkpt lat="37.4134536" lon="-121.9954182"><ele>63</ele><time>2026-04-26T19:05:45.329263Z</time></trkpt>
  <trkpt lat="37.4134585" lon="-121.9954151"><ele>64</ele><time>2026-04-26T19:05:45.429873Z</time></trkpt>
  <trkpt lat="37.4134630" lon="-121.9954133"><ele>64</ele><time>2026-04-26T19:05:45.530026Z</time></trkpt>
  <trkpt lat="37.4134630" lon="-121.9954133"><ele>64</ele><time>2026-04-26T19:05:45.551062Z</time></trkpt>
  <trkpt lat="37.4134674" lon="-121.9954123"><ele>65</ele><time>2026-04-26T19:05:45.630463Z</time></trkpt>
  <trkpt lat="37.4134718" lon="-121.9954119"><ele>66</ele><time>2026-04-26T19:05:45.730815Z</time></trkpt>
  <trkpt lat="37.4134761" lon="-121.9954117"><ele>66</ele><time>2026-04-26T19:05:45.831096Z</time></trkpt>
  <trkpt lat="37.4134807" lon="-121.9954118"><ele>67</ele><time>2026-04-26T19:05:45.932070Z</time></trkpt>
  <trkpt lat="37.4134857" lon="-121.9954115"><ele>67</ele><time>2026-04-26T19:05:46.033388Z</time></trkpt>
  <trkpt lat="37.4134910" lon="-121.9954112"><ele>68</ele><time>2026-04-26T19:05:46.133701Z</time></trkpt>
  <trkpt lat="37.4134964" lon="-121.9954107"><ele>68</ele><time>2026-04-26T19:05:46.233803Z</time></trkpt>
  <trkpt lat="37.4135018" lon="-121.9954101"><ele>68</ele><time>2026-04-26T19:05:46.334457Z</time></trkpt>
  <trkpt lat="37.4135072" lon="-121.9954093"><ele>69</ele><time>2026-04-26T19:05:46.435001Z</time></trkpt>
  <trkpt lat="37.4135127" lon="-121.9954081"><ele>69</ele><time>2026-04-26T19:05:46.535571Z</time></trkpt>
  <trkpt lat="37.4135180" lon="-121.9954065"><ele>70</ele><time>2026-04-26T19:05:46.636602Z</time></trkpt>
  <trkpt lat="37.4135235" lon="-121.9954044"><ele>70</ele><time>2026-04-26T19:05:46.736860Z</time></trkpt>
  <trkpt lat="37.4135292" lon="-121.9954021"><ele>70</ele><time>2026-04-26T19:05:46.837605Z</time></trkpt>
  <trkpt lat="37.4135349" lon="-121.9953999"><ele>71</ele><time>2026-04-26T19:05:46.917882Z</time></trkpt>
  <trkpt lat="37.4135408" lon="-121.9953978"><ele>71</ele><time>2026-04-26T19:05:47.019423Z</time></trkpt>
  <trkpt lat="37.4135468" lon="-121.9953958"><ele>72</ele><time>2026-04-26T19:05:47.119895Z</time></trkpt>
  <trkpt lat="37.4135528" lon="-121.9953943"><ele>72</ele><time>2026-04-26T19:05:47.220657Z</time></trkpt>
  <trkpt lat="37.4135588" lon="-121.9953932"><ele>72</ele><time>2026-04-26T19:05:47.321098Z</time></trkpt>
  <trkpt lat="37.4135643" lon="-121.9953926"><ele>73</ele><time>2026-04-26T19:05:47.422037Z</time></trkpt>
  <trkpt lat="37.4135699" lon="-121.9953923"><ele>73</ele><time>2026-04-26T19:05:47.522523Z</time></trkpt>
  <trkpt lat="37.4135753" lon="-121.9953921"><ele>74</ele><time>2026-04-26T19:05:47.623134Z</time></trkpt>
  <trkpt lat="37.4135753" lon="-121.9953921"><ele>74</ele><time>2026-04-26T19:05:47.711587Z</time></trkpt>
  <trkpt lat="37.4135810" lon="-121.9953918"><ele>74</ele><time>2026-04-26T19:05:47.724266Z</time></trkpt>
  <trkpt lat="37.4135863" lon="-121.9953916"><ele>75</ele><time>2026-04-26T19:05:47.824606Z</time></trkpt>
  <trkpt lat="37.4135915" lon="-121.9953912"><ele>76</ele><time>2026-04-26T19:05:47.924861Z</time></trkpt>
  <trkpt lat="37.4135965" lon="-121.9953906"><ele>76</ele><time>2026-04-26T19:05:48.025563Z</time></trkpt>
  <trkpt lat="37.4135993" lon="-121.9953928"><ele>77</ele><time>2026-04-26T19:05:48.126561Z</time></trkpt>
  <trkpt lat="37.4136035" lon="-121.9953922"><ele>78</ele><time>2026-04-26T19:05:48.227342Z</time></trkpt>
  <trkpt lat="37.4136078" lon="-121.9953912"><ele>78</ele><time>2026-04-26T19:05:48.328038Z</time></trkpt>
  <trkpt lat="37.4136118" lon="-121.9953901"><ele>79</ele><time>2026-04-26T19:05:48.427727Z</time></trkpt>
  <trkpt lat="37.4136158" lon="-121.9953890"><ele>79</ele><time>2026-04-26T19:05:48.528153Z</time></trkpt>
  <trkpt lat="37.4136198" lon="-121.9953879"><ele>80</ele><time>2026-04-26T19:05:48.628659Z</time></trkpt>
  <trkpt lat="37.4136237" lon="-121.9953866"><ele>81</ele><time>2026-04-26T19:05:48.728857Z</time></trkpt>
  <trkpt lat="37.4136255" lon="-121.9953884"><ele>82</ele><time>2026-04-26T19:05:48.829914Z</time></trkpt>
  <trkpt lat="37.4136263" lon="-121.9953913"><ele>83</ele><time>2026-04-26T19:05:48.930192Z</time></trkpt>
  <trkpt lat="37.4136268" lon="-121.9953948"><ele>84</ele><time>2026-04-26T19:05:49.030787Z</time></trkpt>
  <trkpt lat="37.4136267" lon="-121.9953985"><ele>85</ele><time>2026-04-26T19:05:49.131307Z</time></trkpt>
  <trkpt lat="37.4136286" lon="-121.9953993"><ele>86</ele><time>2026-04-26T19:05:49.211873Z</time></trkpt>
  <trkpt lat="37.4136307" lon="-121.9953996"><ele>86</ele><time>2026-04-26T19:05:49.312802Z</time></trkpt>
  <trkpt lat="37.4136344" lon="-121.9953978"><ele>87</ele><time>2026-04-26T19:05:49.413303Z</time></trkpt>
  <trkpt lat="37.4136383" lon="-121.9953955"><ele>87</ele><time>2026-04-26T19:05:49.513789Z</time></trkpt>
  <trkpt lat="37.4136424" lon="-121.9953933"><ele>88</ele><time>2026-04-26T19:05:49.614495Z</time></trkpt>
  <trkpt lat="37.4136464" lon="-121.9953908"><ele>88</ele><time>2026-04-26T19:05:49.715182Z</time></trkpt>
  <trkpt lat="37.4136506" lon="-121.9953885"><ele>88</ele><time>2026-04-26T19:05:49.815982Z</time></trkpt>
  <trkpt lat="37.4136506" lon="-121.9953885"><ele>88</ele><time>2026-04-26T19:05:49.873061Z</time></trkpt>
  <trkpt lat="37.4136548" lon="-121.9953861"><ele>89</ele><time>2026-04-26T19:05:49.916408Z</time></trkpt>
  <trkpt lat="37.4136589" lon="-121.9953842"><ele>89</ele><time>2026-04-26T19:05:50.017278Z</time></trkpt>
  <trkpt lat="37.4136619" lon="-121.9953841"><ele>90</ele><time>2026-04-26T19:05:50.117994Z</time></trkpt>
  <trkpt lat="37.4136651" lon="-121.9953842"><ele>90</ele><time>2026-04-26T19:05:50.219429Z</time></trkpt>
  <trkpt lat="37.4136688" lon="-121.9953846"><ele>91</ele><time>2026-04-26T19:05:50.319635Z</time></trkpt>
  <trkpt lat="37.4136731" lon="-121.9953850"><ele>91</ele><time>2026-04-26T19:05:50.420348Z</time></trkpt>
  <trkpt lat="37.4136777" lon="-121.9953862"><ele>91</ele><time>2026-04-26T19:05:50.520841Z</time></trkpt>
  <trkpt lat="37.4136819" lon="-121.9953890"><ele>92</ele><time>2026-04-26T19:05:50.621247Z</time></trkpt>
  <trkpt lat="37.4136866" lon="-121.9953922"><ele>92</ele><time>2026-04-26T19:05:50.721965Z</time></trkpt>
  <trkpt lat="37.4136911" lon="-121.9953965"><ele>92</ele><time>2026-04-26T19:05:50.822386Z</time></trkpt>
  <trkpt lat="37.4136952" lon="-121.9954025"><ele>92</ele><time>2026-04-26T19:05:50.922795Z</time></trkpt>
  <trkpt lat="37.4136981" lon="-121.9954100"><ele>92</ele><time>2026-04-26T19:05:51.023179Z</time></trkpt>
  <trkpt lat="37.4137005" lon="-121.9954181"><ele>91</ele><time>2026-04-26T19:05:51.123515Z</time></trkpt>
  <trkpt lat="37.4137027" lon="-121.9954280"><ele>91</ele><time>2026-04-26T19:05:51.223923Z</time></trkpt>
  <trkpt lat="37.4137044" lon="-121.9954378"><ele>90</ele><time>2026-04-26T19:05:51.324158Z</time></trkpt>
  <trkpt lat="37.4137043" lon="-121.9954484"><ele>90</ele><time>2026-04-26T19:05:51.425446Z</time></trkpt>
  <trkpt lat="37.4137020" lon="-121.9954596"><ele>89</ele><time>2026-04-26T19:05:51.526283Z</time></trkpt>
  <trkpt lat="37.4136975" lon="-121.9954702"><ele>88</ele><time>2026-04-26T19:05:51.607581Z</time></trkpt>
  <trkpt lat="37.4136915" lon="-121.9954796"><ele>87</ele><time>2026-04-26T19:05:51.708928Z</time></trkpt>
  <trkpt lat="37.4136844" lon="-121.9954878"><ele>86</ele><time>2026-04-26T19:05:51.808881Z</time></trkpt>
  <trkpt lat="37.4136743" lon="-121.9954960"><ele>85</ele><time>2026-04-26T19:05:51.909326Z</time></trkpt>
  <trkpt lat="37.4136612" lon="-121.9955013"><ele>84</ele><time>2026-04-26T19:05:52.010588Z</time></trkpt>
  <trkpt lat="37.4136612" lon="-121.9955013"><ele>84</ele><time>2026-04-26T19:05:52.037723Z</time></trkpt>
  <trkpt lat="37.4136470" lon="-121.9955037"><ele>83</ele><time>2026-04-26T19:05:52.111062Z</time></trkpt>
  <trkpt lat="37.4136319" lon="-121.9955039"><ele>82</ele><time>2026-04-26T19:05:52.212579Z</time></trkpt>
  <trkpt lat="37.4136165" lon="-121.9955010"><ele>81</ele><time>2026-04-26T19:05:52.312911Z</time></trkpt>
  <trkpt lat="37.4136010" lon="-121.9954952"><ele>80</ele><time>2026-04-26T19:05:52.413128Z</time></trkpt>
  <trkpt lat="37.4135856" lon="-121.9954869"><ele>80</ele><time>2026-04-26T19:05:52.514253Z</time></trkpt>
  <trkpt lat="37.4135703" lon="-121.9954781"><ele>79</ele><time>2026-04-26T19:05:52.615243Z</time></trkpt>
  <trkpt lat="37.4135553" lon="-121.9954697"><ele>78</ele><time>2026-04-26T19:05:52.716816Z</time></trkpt>
  <trkpt lat="37.4135402" lon="-121.9954617"><ele>77</ele><time>2026-04-26T19:05:52.817117Z</time></trkpt>
  <trkpt lat="37.4135244" lon="-121.9954539"><ele>77</ele><time>2026-04-26T19:05:52.918071Z</time></trkpt>
  <trkpt lat="37.4135074" lon="-121.9954470"><ele>76</ele><time>2026-04-26T19:05:53.018330Z</time></trkpt>
  <trkpt lat="37.4134899" lon="-121.9954407"><ele>76</ele><time>2026-04-26T19:05:53.119076Z</time></trkpt>
  <trkpt lat="37.4134723" lon="-121.9954351"><ele>76</ele><time>2026-04-26T19:05:53.220142Z</time></trkpt>
  <trkpt lat="37.4134550" lon="-121.9954303"><ele>77</ele><time>2026-04-26T19:05:53.320731Z</time></trkpt>
  <trkpt lat="37.4134379" lon="-121.9954258"><ele>77</ele><time>2026-04-26T19:05:53.421722Z</time></trkpt>
  <trkpt lat="37.4134212" lon="-121.9954215"><ele>78</ele><time>2026-04-26T19:05:53.522380Z</time></trkpt>
  <trkpt lat="37.4134048" lon="-121.9954179"><ele>78</ele><time>2026-04-26T19:05:53.622919Z</time></trkpt>
  <trkpt lat="37.4133886" lon="-121.9954148"><ele>79</ele><time>2026-04-26T19:05:53.723975Z</time></trkpt>
  <trkpt lat="37.4133728" lon="-121.9954124"><ele>79</ele><time>2026-04-26T19:05:53.824595Z</time></trkpt>
  <trkpt lat="37.4133571" lon="-121.9954105"><ele>80</ele><time>2026-04-26T19:05:53.925720Z</time></trkpt>
  <trkpt lat="37.4133417" lon="-121.9954091"><ele>81</ele><time>2026-04-26T19:05:54.006178Z</time></trkpt>
  <trkpt lat="37.4133266" lon="-121.9954083"><ele>81</ele><time>2026-04-26T19:05:54.107458Z</time></trkpt>
  <trkpt lat="37.4133266" lon="-121.9954083"><ele>81</ele><time>2026-04-26T19:05:54.185863Z</time></trkpt>
  <trkpt lat="37.4133116" lon="-121.9954078"><ele>82</ele><time>2026-04-26T19:05:54.207758Z</time></trkpt>
  <trkpt lat="37.4132969" lon="-121.9954080"><ele>82</ele><time>2026-04-26T19:05:54.307938Z</time></trkpt>
  <trkpt lat="37.4132823" lon="-121.9954087"><ele>83</ele><time>2026-04-26T19:05:54.408231Z</time></trkpt>
  <trkpt lat="37.4132680" lon="-121.9954098"><ele>83</ele><time>2026-04-26T19:05:54.509053Z</time></trkpt>
  <trkpt lat="37.4132538" lon="-121.9954115"><ele>84</ele><time>2026-04-26T19:05:54.609594Z</time></trkpt>
  <trkpt lat="37.4132398" lon="-121.9954137"><ele>84</ele><time>2026-04-26T19:05:54.710368Z</time></trkpt>
  <trkpt lat="37.4132258" lon="-121.9954163"><ele>85</ele><time>2026-04-26T19:05:54.811518Z</time></trkpt>
  <trkpt lat="37.4132121" lon="-121.9954195"><ele>85</ele><time>2026-04-26T19:05:54.911685Z</time></trkpt>
  <trkpt lat="37.4131984" lon="-121.9954231"><ele>86</ele><time>2026-04-26T19:05:55.011318Z</time></trkpt>
  <trkpt lat="37.4131847" lon="-121.9954272"><ele>86</ele><time>2026-04-26T19:05:55.111553Z</time></trkpt>
  <trkpt lat="37.4131717" lon="-121.9954311"><ele>86</ele><time>2026-04-26T19:05:55.212285Z</time></trkpt>
  <trkpt lat="37.4131583" lon="-121.9954350"><ele>86</ele><time>2026-04-26T19:05:55.312665Z</time></trkpt>
  <trkpt lat="37.4131452" lon="-121.9954398"><ele>86</ele><time>2026-04-26T19:05:55.413220Z</time></trkpt>
  <trkpt lat="37.4131324" lon="-121.9954446"><ele>86</ele><time>2026-04-26T19:05:55.514101Z</time></trkpt>
  <trkpt lat="37.4131197" lon="-121.9954487"><ele>86</ele><time>2026-04-26T19:05:55.615221Z</time></trkpt>
  <trkpt lat="37.4131068" lon="-121.9954511"><ele>85</ele><time>2026-04-26T19:05:55.715756Z</time></trkpt>
  <trkpt lat="37.4130938" lon="-121.9954519"><ele>85</ele><time>2026-04-26T19:05:55.815915Z</time></trkpt>
  <trkpt lat="37.4130809" lon="-121.9954515"><ele>85</ele><time>2026-04-26T19:05:55.916491Z</time></trkpt>
  <trkpt lat="37.4130682" lon="-121.9954501"><ele>85</ele><time>2026-04-26T19:05:56.017089Z</time></trkpt>
  <trkpt lat="37.4130560" lon="-121.9954479"><ele>84</ele><time>2026-04-26T19:05:56.118193Z</time></trkpt>
  <trkpt lat="37.4130440" lon="-121.9954454"><ele>84</ele><time>2026-04-26T19:05:56.219410Z</time></trkpt>
  <trkpt lat="37.4130326" lon="-121.9954426"><ele>83</ele><time>2026-04-26T19:05:56.319823Z</time></trkpt>
  <trkpt lat="37.4130326" lon="-121.9954426"><ele>83</ele><time>2026-04-26T19:05:56.335546Z</time></trkpt>
  <trkpt lat="37.4130220" lon="-121.9954401"><ele>83</ele><time>2026-04-26T19:05:56.420408Z</time></trkpt>
  <trkpt lat="37.4130114" lon="-121.9954376"><ele>82</ele><time>2026-04-26T19:05:56.521136Z</time></trkpt>
  <trkpt lat="37.4129998" lon="-121.9954348"><ele>81</ele><time>2026-04-26T19:05:56.621787Z</time></trkpt>
  <trkpt lat="37.4129880" lon="-121.9954321"><ele>81</ele><time>2026-04-26T19:05:56.722626Z</time></trkpt>
  <trkpt lat="37.4129776" lon="-121.9954297"><ele>80</ele><time>2026-04-26T19:05:56.802830Z</time></trkpt>
  <trkpt lat="37.4129696" lon="-121.9954279"><ele>79</ele><time>2026-04-26T19:05:56.902958Z</time></trkpt>
  <trkpt lat="37.4129641" lon="-121.9954255"><ele>78</ele><time>2026-04-26T19:05:57.003735Z</time></trkpt>
  <trkpt lat="37.4129592" lon="-121.9954212"><ele>77</ele><time>2026-04-26T19:05:57.103891Z</time></trkpt>
  <trkpt lat="37.4129570" lon="-121.9954155"><ele>75</ele><time>2026-04-26T19:05:57.204782Z</time></trkpt>
  <trkpt lat="37.4129580" lon="-121.9954083"><ele>74</ele><time>2026-04-26T19:05:57.304612Z</time></trkpt>
  <trkpt lat="37.4129604" lon="-121.9954004"><ele>72</ele><time>2026-04-26T19:05:57.405469Z</time></trkpt>
  <trkpt lat="37.4129662" lon="-121.9953936"><ele>70</ele><time>2026-04-26T19:05:57.506070Z</time></trkpt>
  <trkpt lat="37.4129759" lon="-121.9953873"><ele>69</ele><time>2026-04-26T19:05:57.606870Z</time></trkpt>
  <trkpt lat="37.4129879" lon="-121.9953831"><ele>67</ele><time>2026-04-26T19:05:57.707467Z</time></trkpt>
  <trkpt lat="37.4130006" lon="-121.9953806"><ele>66</ele><time>2026-04-26T19:05:57.808358Z</time></trkpt>
  <trkpt lat="37.4130122" lon="-121.9953786"><ele>65</ele><time>2026-04-26T19:05:57.909764Z</time></trkpt>
  <trkpt lat="37.4130253" lon="-121.9953807"><ele>64</ele><time>2026-04-26T19:05:58.010105Z</time></trkpt>
  <trkpt lat="37.4130368" lon="-121.9953853"><ele>64</ele><time>2026-04-26T19:05:58.110293Z</time></trkpt>
  <trkpt lat="37.4130462" lon="-121.9953905"><ele>64</ele><time>2026-04-26T19:05:58.211055Z</time></trkpt>
  <trkpt lat="37.4130544" lon="-121.9953961"><ele>64</ele><time>2026-04-26T19:05:58.311832Z</time></trkpt>
  <trkpt lat="37.4130608" lon="-121.9954027"><ele>65</ele><time>2026-04-26T19:05:58.412595Z</time></trkpt>
  <trkpt lat="37.4130608" lon="-121.9954027"><ele>65</ele><time>2026-04-26T19:05:58.494192Z</time></trkpt>
  <trkpt lat="37.4130639" lon="-121.9954086"><ele>65</ele><time>2026-04-26T19:05:58.513518Z</time></trkpt>
  <trkpt lat="37.4130645" lon="-121.9954150"><ele>65</ele><time>2026-04-26T19:05:58.614638Z</time></trkpt>
  <trkpt lat="37.4130637" lon="-121.9954218"><ele>66</ele><time>2026-04-26T19:05:58.715311Z</time></trkpt>
  <trkpt lat="37.4130601" lon="-121.9954276"><ele>67</ele><time>2026-04-26T19:05:58.816656Z</time></trkpt>
  <trkpt lat="37.4130554" lon="-121.9954348"><ele>68</ele><time>2026-04-26T19:05:58.917088Z</time></trkpt>
  <trkpt lat="37.4130498" lon="-121.9954430"><ele>69</ele><time>2026-04-26T19:05:59.018774Z</time></trkpt>
  <trkpt lat="37.4130450" lon="-121.9954519"><ele>69</ele><time>2026-04-26T19:05:59.099370Z</time></trkpt>
  <trkpt lat="37.4130421" lon="-121.9954625"><ele>71</ele><time>2026-04-26T19:05:59.200240Z</time></trkpt>
  <trkpt lat="37.4130387" lon="-121.9954731"><ele>72</ele><time>2026-04-26T19:05:59.301046Z</time></trkpt>
  <trkpt lat="37.4130367" lon="-121.9954838"><ele>73</ele><time>2026-04-26T19:05:59.401424Z</time></trkpt>
  <trkpt lat="37.4130360" lon="-121.9954953"><ele>73</ele><time>2026-04-26T19:05:59.501766Z</time></trkpt>
  <trkpt lat="37.4130358" lon="-121.9955072"><ele>74</ele><time>2026-04-26T19:05:59.602040Z</time></trkpt>
  <trkpt lat="37.4130371" lon="-121.9955200"><ele>74</ele><time>2026-04-26T19:05:59.702568Z</time></trkpt>
  <trkpt lat="37.4130393" lon="-121.9955330"><ele>74</ele><time>2026-04-26T19:05:59.803059Z</time></trkpt>
  <trkpt lat="37.4130415" lon="-121.9955460"><ele>74</ele><time>2026-04-26T19:05:59.903558Z</time></trkpt>
  <trkpt lat="37.4130435" lon="-121.9955599"><ele>74</ele><time>2026-04-26T19:06:00.004236Z</time></trkpt>
  <trkpt lat="37.4130441" lon="-121.9955735"><ele>74</ele><time>2026-04-26T19:06:00.105021Z</time></trkpt>
  <trkpt lat="37.4130443" lon="-121.9955875"><ele>75</ele><time>2026-04-26T19:06:00.205541Z</time></trkpt>
  <trkpt lat="37.4130462" lon="-121.9956030"><ele>75</ele><time>2026-04-26T19:06:00.306306Z</time></trkpt>
  <trkpt lat="37.4130481" lon="-121.9956184"><ele>75</ele><time>2026-04-26T19:06:00.407051Z</time></trkpt>
  <trkpt lat="37.4130476" lon="-121.9956337"><ele>75</ele><time>2026-04-26T19:06:00.509140Z</time></trkpt>
  <trkpt lat="37.4130461" lon="-121.9956499"><ele>75</ele><time>2026-04-26T19:06:00.609234Z</time></trkpt>
  <trkpt lat="37.4130461" lon="-121.9956499"><ele>75</ele><time>2026-04-26T19:06:00.645022Z</time></trkpt>
  <trkpt lat="37.4130433" lon="-121.9956657"><ele>75</ele><time>2026-04-26T19:06:00.709724Z</time></trkpt>
  <trkpt lat="37.4130421" lon="-121.9956814"><ele>75</ele><time>2026-04-26T19:06:00.810372Z</time></trkpt>
  <trkpt lat="37.4130421" lon="-121.9956978"><ele>76</ele><time>2026-04-26T19:06:00.911168Z</time></trkpt>
  <trkpt lat="37.4130428" lon="-121.9957136"><ele>76</ele><time>2026-04-26T19:06:01.011561Z</time></trkpt>
  <trkpt lat="37.4130440" lon="-121.9957285"><ele>76</ele><time>2026-04-26T19:06:01.112538Z</time></trkpt>
  <trkpt lat="37.4130456" lon="-121.9957425"><ele>76</ele><time>2026-04-26T19:06:01.213372Z</time></trkpt>
  <trkpt lat="37.4130484" lon="-121.9957545"><ele>77</ele><time>2026-04-26T19:06:01.313457Z</time></trkpt>
  <trkpt lat="37.4130520" lon="-121.9957656"><ele>78</ele><time>2026-04-26T19:06:01.413550Z</time></trkpt>
  <trkpt lat="37.4130554" lon="-121.9957771"><ele>78</ele><time>2026-04-26T19:06:01.514044Z</time></trkpt>
  <trkpt lat="37.4130585" lon="-121.9957904"><ele>78</ele><time>2026-04-26T19:06:01.615307Z</time></trkpt>
  <trkpt lat="37.4130614" lon="-121.9958042"><ele>79</ele><time>2026-04-26T19:06:01.715633Z</time></trkpt>
  <trkpt lat="37.4130642" lon="-121.9958168"><ele>80</ele><time>2026-04-26T19:06:01.816643Z</time></trkpt>
  <trkpt lat="37.4130664" lon="-121.9958293"><ele>80</ele><time>2026-04-26T19:06:01.896791Z</time></trkpt>
  <trkpt lat="37.4130674" lon="-121.9958415"><ele>81</ele><time>2026-04-26T19:06:01.997391Z</time></trkpt>
  <trkpt lat="37.4130684" lon="-121.9958552"><ele>81</ele><time>2026-04-26T19:06:02.098885Z</time></trkpt>
  <trkpt lat="37.4130710" lon="-121.9958685"><ele>81</ele><time>2026-04-26T19:06:02.198581Z</time></trkpt>
  <trkpt lat="37.4130747" lon="-121.9958799"><ele>81</ele><time>2026-04-26T19:06:02.299129Z</time></trkpt>
  <trkpt lat="37.4130807" lon="-121.9958901"><ele>81</ele><time>2026-04-26T19:06:02.399913Z</time></trkpt>
  <trkpt lat="37.4130882" lon="-121.9958988"><ele>81</ele><time>2026-04-26T19:06:02.500381Z</time></trkpt>
  <trkpt lat="37.4130974" lon="-121.9959043"><ele>81</ele><time>2026-04-26T19:06:02.600682Z</time></trkpt>
  <trkpt lat="37.4131073" lon="-121.9959067"><ele>81</ele><time>2026-04-26T19:06:02.702385Z</time></trkpt>
  <trkpt lat="37.4131073" lon="-121.9959067"><ele>81</ele><time>2026-04-26T19:06:02.797524Z</time></trkpt>
  <trkpt lat="37.4131175" lon="-121.9959078"><ele>81</ele><time>2026-04-26T19:06:02.803225Z</time></trkpt>
  <trkpt lat="37.4131283" lon="-121.9959068"><ele>82</ele><time>2026-04-26T19:06:02.904678Z</time></trkpt>
  <trkpt lat="37.4131387" lon="-121.9959022"><ele>82</ele><time>2026-04-26T19:06:03.006042Z</time></trkpt>
  <trkpt lat="37.4131484" lon="-121.9958951"><ele>82</ele><time>2026-04-26T19:06:03.106149Z</time></trkpt>
  <trkpt lat="37.4131581" lon="-121.9958868"><ele>82</ele><time>2026-04-26T19:06:03.206625Z</time></trkpt>
  <trkpt lat="37.4131680" lon="-121.9958789"><ele>82</ele><time>2026-04-26T19:06:03.307248Z</time></trkpt>
  <trkpt lat="37.4131780" lon="-121.9958724"><ele>82</ele><time>2026-04-26T19:06:03.407721Z</time></trkpt>
  <trkpt lat="37.4131885" lon="-121.9958651"><ele>81</ele><time>2026-04-26T19:06:03.508233Z</time></trkpt>
  <trkpt lat="37.4131985" lon="-121.9958551"><ele>81</ele><time>2026-04-26T19:06:03.608376Z</time></trkpt>
  <trkpt lat="37.4132077" lon="-121.9958431"><ele>81</ele><time>2026-04-26T19:06:03.709251Z</time></trkpt>
  <trkpt lat="37.4132162" lon="-121.9958301"><ele>81</ele><time>2026-04-26T19:06:03.809651Z</time></trkpt>
  <trkpt lat="37.4132259" lon="-121.9958179"><ele>81</ele><time>2026-04-26T19:06:03.909846Z</time></trkpt>
  <trkpt lat="37.4132352" lon="-121.9958059"><ele>81</ele><time>2026-04-26T19:06:04.010098Z</time></trkpt>
  <trkpt lat="37.4132436" lon="-121.9957934"><ele>81</ele><time>2026-04-26T19:06:04.110826Z</time></trkpt>
  <trkpt lat="37.4132510" lon="-121.9957807"><ele>82</ele><time>2026-04-26T19:06:04.211412Z</time></trkpt>
  <trkpt lat="37.4132569" lon="-121.9957684"><ele>83</ele><time>2026-04-26T19:06:04.312295Z</time></trkpt>
  <trkpt lat="37.4132618" lon="-121.9957558"><ele>84</ele><time>2026-04-26T19:06:04.412732Z</time></trkpt>
  <trkpt lat="37.4132673" lon="-121.9957433"><ele>84</ele><time>2026-04-26T19:06:04.492735Z</time></trkpt>
  <trkpt lat="37.4132744" lon="-121.9957322"><ele>84</ele><time>2026-04-26T19:06:04.593461Z</time></trkpt>
  <trkpt lat="37.4132815" lon="-121.9957220"><ele>85</ele><time>2026-04-26T19:06:04.694200Z</time></trkpt>
  <trkpt lat="37.4132884" lon="-121.9957124"><ele>86</ele><time>2026-04-26T19:06:04.794801Z</time></trkpt>
  <trkpt lat="37.4132947" lon="-121.9957027"><ele>87</ele><time>2026-04-26T19:06:04.895698Z</time></trkpt>
  <trkpt lat="37.4132947" lon="-121.9957027"><ele>87</ele><time>2026-04-26T19:06:04.949076Z</time></trkpt>
  <trkpt lat="37.4133016" lon="-121.9956922"><ele>87</ele><time>2026-04-26T19:06:04.996298Z</time></trkpt>
  <trkpt lat="37.4133091" lon="-121.9956829"><ele>87</ele><time>2026-04-26T19:06:05.097276Z</time></trkpt>
  <trkpt lat="37.4133178" lon="-121.9956744"><ele>87</ele><time>2026-04-26T19:06:05.197792Z</time></trkpt>
  <trkpt lat="37.4133270" lon="-121.9956659"><ele>88</ele><time>2026-04-26T19:06:05.299507Z</time></trkpt>
  <trkpt lat="37.4133358" lon="-121.9956600"><ele>88</ele><time>2026-04-26T19:06:05.400219Z</time></trkpt>
  <trkpt lat="37.4133435" lon="-121.9956560"><ele>90</ele><time>2026-04-26T19:06:05.501026Z</time></trkpt>
  <trkpt lat="37.4133520" lon="-121.9956509"><ele>90</ele><time>2026-04-26T19:06:05.601608Z</time></trkpt>
  <trkpt lat="37.4133600" lon="-121.9956456"><ele>91</ele><time>2026-04-26T19:06:05.702101Z</time></trkpt>
  <trkpt lat="37.4133678" lon="-121.9956399"><ele>91</ele><time>2026-04-26T19:06:05.802955Z</time></trkpt>
  <trkpt lat="37.4133733" lon="-121.9956342"><ele>92</ele><time>2026-04-26T19:06:05.903332Z</time></trkpt>
  <trkpt lat="37.4133776" lon="-121.9956265"><ele>92</ele><time>2026-04-26T19:06:06.004177Z</time></trkpt>
  <trkpt lat="37.4133810" lon="-121.9956181"><ele>93</ele><time>2026-04-26T19:06:06.104917Z</time></trkpt>
  <trkpt lat="37.4133824" lon="-121.9956081"><ele>94</ele><time>2026-04-26T19:06:06.205647Z</time></trkpt>
  <trkpt lat="37.4133814" lon="-121.9955956"><ele>95</ele><time>2026-04-26T19:06:06.306552Z</time></trkpt>
  <trkpt lat="37.4133787" lon="-121.9955821"><ele>95</ele><time>2026-04-26T19:06:06.407290Z</time></trkpt>
  <trkpt lat="37.4133772" lon="-121.9955668"><ele>96</ele><time>2026-04-26T19:06:06.508632Z</time></trkpt>
  <trkpt lat="37.4133758" lon="-121.9955516"><ele>96</ele><time>2026-04-26T19:06:06.609188Z</time></trkpt>
  <trkpt lat="37.4133719" lon="-121.9955380"><ele>97</ele><time>2026-04-26T19:06:06.709886Z</time></trkpt>
  <trkpt lat="37.4133663" lon="-121.9955260"><ele>98</ele><time>2026-04-26T19:06:06.810157Z</time></trkpt>
  <trkpt lat="37.4133588" lon="-121.9955159"><ele>99</ele><time>2026-04-26T19:06:06.890674Z</time></trkpt>
  <trkpt lat="37.4133505" lon="-121.9955052"><ele>100</ele><time>2026-04-26T19:06:06.991445Z</time></trkpt>
  <trkpt lat="37.4133414" lon="-121.9954943"><ele>100</ele><time>2026-04-26T19:06:07.092205Z</time></trkpt>
  <trkpt lat="37.4133414" lon="-121.9954943"><ele>100</ele><time>2026-04-26T19:06:07.099931Z</time></trkpt>
  <trkpt lat="37.4133302" lon="-121.9954851"><ele>101</ele><time>2026-04-26T19:06:07.192625Z</time></trkpt>
  <trkpt lat="37.4133179" lon="-121.9954778"><ele>101</ele><time>2026-04-26T19:06:07.293460Z</time></trkpt>
  <trkpt lat="37.4133060" lon="-121.9954699"><ele>102</ele><time>2026-04-26T19:06:07.394162Z</time></trkpt>
  <trkpt lat="37.4132952" lon="-121.9954600"><ele>102</ele><time>2026-04-26T19:06:07.494901Z</time></trkpt>
  <trkpt lat="37.4132846" lon="-121.9954469"><ele>102</ele><time>2026-04-26T19:06:07.596076Z</time></trkpt>
  <trkpt lat="37.4132739" lon="-121.9954351"><ele>102</ele><time>2026-04-26T19:06:07.696910Z</time></trkpt>
  <trkpt lat="37.4132628" lon="-121.9954248"><ele>102</ele><time>2026-04-26T19:06:07.797326Z</time></trkpt>
  <trkpt lat="37.4132502" lon="-121.9954187"><ele>103</ele><time>2026-04-26T19:06:07.898095Z</time></trkpt>
  <trkpt lat="37.4132365" lon="-121.9954131"><ele>103</ele><time>2026-04-26T19:06:07.999076Z</time></trkpt>
  <trkpt lat="37.4132226" lon="-121.9954072"><ele>104</ele><time>2026-04-26T19:06:08.098813Z</time></trkpt>
  <trkpt lat="37.4132084" lon="-121.9954038"><ele>104</ele><time>2026-04-26T19:06:08.199713Z</time></trkpt>
  <trkpt lat="37.4131947" lon="-121.9954016"><ele>105</ele><time>2026-04-26T19:06:08.300315Z</time></trkpt>
  <trkpt lat="37.4131815" lon="-121.9954008"><ele>106</ele><time>2026-04-26T19:06:08.401047Z</time></trkpt>
  <trkpt lat="37.4131688" lon="-121.9954016"><ele>107</ele><time>2026-04-26T19:06:08.501247Z</time></trkpt>
  <trkpt lat="37.4131577" lon="-121.9954044"><ele>108</ele><time>2026-04-26T19:06:08.602499Z</time></trkpt>
  <trkpt lat="37.4131472" lon="-121.9954087"><ele>109</ele><time>2026-04-26T19:06:08.703180Z</time></trkpt>
  <trkpt lat="37.4131345" lon="-121.9954121"><ele>109</ele><time>2026-04-26T19:06:08.804614Z</time></trkpt>
  <trkpt lat="37.4131215" lon="-121.9954141"><ele>110</ele><time>2026-04-26T19:06:08.905142Z</time></trkpt>
  <trkpt lat="37.4131083" lon="-121.9954143"><ele>110</ele><time>2026-04-26T19:06:09.005818Z</time></trkpt>
  <trkpt lat="37.4130939" lon="-121.9954145"><ele>111</ele><time>2026-04-26T19:06:09.106557Z</time></trkpt>
  <trkpt lat="37.4130813" lon="-121.9954163"><ele>111</ele><time>2026-04-26T19:06:09.207163Z</time></trkpt>
  <trkpt lat="37.4130813" lon="-121.9954163"><ele>111</ele><time>2026-04-26T19:06:09.253112Z</time></trkpt>
  <trkpt lat="37.4130708" lon="-121.9954208"><ele>112</ele><time>2026-04-26T19:06:09.307580Z</time></trkpt>
  <trkpt lat="37.4130607" lon="-121.9954268"><ele>113</ele><time>2026-04-26T19:06:09.388015Z</time></trkpt>
  <trkpt lat="37.4130489" lon="-121.9954333"><ele>113</ele><time>2026-04-26T19:06:09.488604Z</time></trkpt>
  <trkpt lat="37.4130358" lon="-121.9954384"><ele>114</ele><time>2026-04-26T19:06:09.589744Z</time></trkpt>
  <trkpt lat="37.4130233" lon="-121.9954443"><ele>114</ele><time>2026-04-26T19:06:09.690795Z</time></trkpt>
  <trkpt lat="37.4130132" lon="-121.9954523"><ele>115</ele><time>2026-04-26T19:06:09.791400Z</time></trkpt>
  <trkpt lat="37.4130044" lon="-121.9954614"><ele>116</ele><time>2026-04-26T19:06:09.891856Z</time></trkpt>
  <trkpt lat="37.4129959" lon="-121.9954715"><ele>116</ele><time>2026-04-26T19:06:09.992121Z</time></trkpt>
  <trkpt lat="37.4129894" lon="-121.9954829"><ele>117</ele><time>2026-04-26T19:06:10.092215Z</time></trkpt>
  <trkpt lat="37.4129854" lon="-121.9954946"><ele>118</ele><time>2026-04-26T19:06:10.192363Z</time></trkpt>
  <trkpt lat="37.4129826" lon="-121.9955084"><ele>118</ele><time>2026-04-26T19:06:10.293008Z</time></trkpt>
  <trkpt lat="37.4129792" lon="-121.9955219"><ele>118</ele><time>2026-04-26T19:06:10.393777Z</time></trkpt>
  <trkpt lat="37.4129743" lon="-121.9955345"><ele>119</ele><time>2026-04-26T19:06:10.494394Z</time></trkpt>
  <trkpt lat="37.4129687" lon="-121.9955470"><ele>119</ele><time>2026-04-26T19:06:10.595172Z</time></trkpt>
  <trkpt lat="37.4129655" lon="-121.9955601"><ele>119</ele><time>2026-04-26T19:06:10.695790Z</time></trkpt>
  <trkpt lat="37.4129642" lon="-121.9955730"><ele>119</ele><time>2026-04-26T19:06:10.796914Z</time></trkpt>
  <trkpt lat="37.4129627" lon="-121.9955871"><ele>119</ele><time>2026-04-26T19:06:10.897629Z</time></trkpt>
  <trkpt lat="37.4129585" lon="-121.9956006"><ele>119</ele><time>2026-04-26T19:06:10.998887Z</time></trkpt>
  <trkpt lat="37.4129553" lon="-121.9956144"><ele>118</ele><time>2026-04-26T19:06:11.098887Z</time></trkpt>
  <trkpt lat="37.4129535" lon="-121.9956277"><ele>118</ele><time>2026-04-26T19:06:11.199687Z</time></trkpt>
  <trkpt lat="37.4129532" lon="-121.9956405"><ele>118</ele><time>2026-04-26T19:06:11.299823Z</time></trkpt>
  <trkpt lat="37.4129547" lon="-121.9956539"><ele>119</ele><time>2026-04-26T19:06:11.400042Z</time></trkpt>
  <trkpt lat="37.4129547" lon="-121.9956539"><ele>119</ele><time>2026-04-26T19:06:11.410735Z</time></trkpt>
  <trkpt lat="37.4129581" lon="-121.9956672"><ele>119</ele><time>2026-04-26T19:06:11.500935Z</time></trkpt>
  <trkpt lat="37.4129637" lon="-121.9956785"><ele>120</ele><time>2026-04-26T19:06:11.601514Z</time></trkpt>
  <trkpt lat="37.4129709" lon="-121.9956878"><ele>121</ele><time>2026-04-26T19:06:11.703400Z</time></trkpt>
  <trkpt lat="37.4129785" lon="-121.9956976"><ele>121</ele><time>2026-04-26T19:06:11.803683Z</time></trkpt>
  <trkpt lat="37.4129860" lon="-121.9957097"><ele>122</ele><time>2026-04-26T19:06:11.884351Z</time></trkpt>
  <trkpt lat="37.4129923" lon="-121.9957233"><ele>122</ele><time>2026-04-26T19:06:11.984913Z</time></trkpt>
  <trkpt lat="37.4129980" lon="-121.9957353"><ele>122</ele><time>2026-04-26T19:06:12.085773Z</time></trkpt>
  <trkpt lat="37.4130058" lon="-121.9957437"><ele>122</ele><time>2026-04-26T19:06:12.186317Z</time></trkpt>
  <trkpt lat="37.4130149" lon="-121.9957515"><ele>121</ele><time>2026-04-26T19:06:12.286857Z</time></trkpt>
  <trkpt lat="37.4130235" lon="-121.9957606"><ele>121</ele><time>2026-04-26T19:06:12.387700Z</time></trkpt>
  <trkpt lat="37.4130300" lon="-121.9957716"><ele>121</ele><time>2026-04-26T19:06:12.488490Z</time></trkpt>
  <trkpt lat="37.4130370" lon="-121.9957817"><ele>121</ele><time>2026-04-26T19:06:12.589215Z</time></trkpt>
  <trkpt lat="37.4130449" lon="-121.9957902"><ele>121</ele><time>2026-04-26T19:06:12.690296Z</time></trkpt>
  <trkpt lat="37.4130551" lon="-121.9957960"><ele>121</ele><time>2026-04-26T19:06:12.791258Z</time></trkpt>
  <trkpt lat="37.4130649" lon="-121.9958030"><ele>121</ele><time>2026-04-26T19:06:12.892672Z</time></trkpt>
  <trkpt lat="37.4130753" lon="-121.9958115"><ele>121</ele><time>2026-04-26T19:06:12.993471Z</time></trkpt>
  <trkpt lat="37.4130857" lon="-121.9958213"><ele>121</ele><time>2026-04-26T19:06:13.094663Z</time></trkpt>
  <trkpt lat="37.4130952" lon="-121.9958277"><ele>120</ele><time>2026-04-26T19:06:13.195869Z</time></trkpt>
  <trkpt lat="37.4131048" lon="-121.9958324"><ele>120</ele><time>2026-04-26T19:06:13.296991Z</time></trkpt>
  <trkpt lat="37.4131155" lon="-121.9958355"><ele>120</ele><time>2026-04-26T19:06:13.398020Z</time></trkpt>
  <trkpt lat="37.4131271" lon="-121.9958364"><ele>120</ele><time>2026-04-26T19:06:13.499080Z</time></trkpt>
  <trkpt lat="37.4131271" lon="-121.9958364"><ele>120</ele><time>2026-04-26T19:06:13.566811Z</time></trkpt>
  <trkpt lat="37.4131375" lon="-121.9958349"><ele>120</ele><time>2026-04-26T19:06:13.599529Z</time></trkpt>
  <trkpt lat="37.4131485" lon="-121.9958311"><ele>120</ele><time>2026-04-26T19:06:13.699663Z</time></trkpt>
  <trkpt lat="37.4131605" lon="-121.9958272"><ele>119</ele><time>2026-04-26T19:06:13.799769Z</time></trkpt>
  <trkpt lat="37.4131707" lon="-121.9958248"><ele>118</ele><time>2026-04-26T19:06:13.900188Z</time></trkpt>
  <trkpt lat="37.4131797" lon="-121.9958244"><ele>117</ele><time>2026-04-26T19:06:14.000549Z</time></trkpt>
  <trkpt lat="37.4131886" lon="-121.9958247"><ele>116</ele><time>2026-04-26T19:06:14.081203Z</time></trkpt>
  <trkpt lat="37.4131990" lon="-121.9958238"><ele>115</ele><time>2026-04-26T19:06:14.181646Z</time></trkpt>
  <trkpt lat="37.4132098" lon="-121.9958194"><ele>115</ele><time>2026-04-26T19:06:14.302323Z</time></trkpt>
  <trkpt lat="37.4132215" lon="-121.9958154"><ele>115</ele><time>2026-04-26T19:06:14.383130Z</time></trkpt>
  <trkpt lat="37.4132326" lon="-121.9958126"><ele>115</ele><time>2026-04-26T19:06:14.484062Z</time></trkpt>
  <trkpt lat="37.4132415" lon="-121.9958110"><ele>116</ele><time>2026-04-26T19:06:14.584434Z</time></trkpt>
  <trkpt lat="37.4132513" lon="-121.9958069"><ele>117</ele><time>2026-04-26T19:06:14.685073Z</time></trkpt>
  <trkpt lat="37.4132613" lon="-121.9958031"><ele>117</ele><time>2026-04-26T19:06:14.785437Z</time></trkpt>
  <trkpt lat="37.4132712" lon="-121.9957997"><ele>116</ele><time>2026-04-26T19:06:14.886673Z</time></trkpt>
  <trkpt lat="37.4132810" lon="-121.9957956"><ele>116</ele><time>2026-04-26T19:06:14.986671Z</time></trkpt>
  <trkpt lat="37.4132899" lon="-121.9957923"><ele>116</ele><time>2026-04-26T19:06:15.087245Z</time></trkpt>
  <trkpt lat="37.4132996" lon="-121.9957904"><ele>116</ele><time>2026-04-26T19:06:15.188060Z</time></trkpt>
  <trkpt lat="37.4133095" lon="-121.9957875"><ele>116</ele><time>2026-04-26T19:06:15.288251Z</time></trkpt>
  <trkpt lat="37.4133198" lon="-121.9957851"><ele>116</ele><time>2026-04-26T19:06:15.389087Z</time></trkpt>
  <trkpt lat="37.4133314" lon="-121.9957839"><ele>117</ele><time>2026-04-26T19:06:15.489850Z</time></trkpt>
  <trkpt lat="37.4133425" lon="-121.9957841"><ele>117</ele><time>2026-04-26T19:06:15.590039Z</time></trkpt>
  <trkpt lat="37.4133507" lon="-121.9957888"><ele>117</ele><time>2026-04-26T19:06:15.690157Z</time></trkpt>
  <trkpt lat="37.4133507" lon="-121.9957888"><ele>117</ele><time>2026-04-26T19:06:15.720916Z</time></trkpt>
  <trkpt lat="37.4133583" lon="-121.9957975"><ele>117</ele><time>2026-04-26T19:06:15.790478Z</time></trkpt>
  <trkpt lat="37.4133640" lon="-121.9958088"><ele>118</ele><time>2026-04-26T19:06:15.891493Z</time></trkpt>
  <trkpt lat="37.4133687" lon="-121.9958211"><ele>118</ele><time>2026-04-26T19:06:15.992853Z</time></trkpt>
  <trkpt lat="37.4133698" lon="-121.9958346"><ele>119</ele><time>2026-04-26T19:06:16.093063Z</time></trkpt>
  <trkpt lat="37.4133682" lon="-121.9958496"><ele>119</ele><time>2026-04-26T19:06:16.193807Z</time></trkpt>
  <trkpt lat="37.4133639" lon="-121.9958640"><ele>120</ele><time>2026-04-26T19:06:16.294326Z</time></trkpt>
  <trkpt lat="37.4133572" lon="-121.9958777"><ele>120</ele><time>2026-04-26T19:06:16.394806Z</time></trkpt>
  <trkpt lat="37.4133489" lon="-121.9958905"><ele>120</ele><time>2026-04-26T19:06:16.495801Z</time></trkpt>
  <trkpt lat="37.4133383" lon="-121.9959016"><ele>120</ele><time>2026-04-26T19:06:16.596048Z</time></trkpt>
  <trkpt lat="37.4133253" lon="-121.9959107"><ele>120</ele><time>2026-04-26T19:06:16.696414Z</time></trkpt>
  <trkpt lat="37.4133112" lon="-121.9959171"><ele>120</ele><time>2026-04-26T19:06:16.797784Z</time></trkpt>
  <trkpt lat="37.4132960" lon="-121.9959211"><ele>120</ele><time>2026-04-26T19:06:16.898488Z</time></trkpt>
  <trkpt lat="37.4132803" lon="-121.9959245"><ele>120</ele><time>2026-04-26T19:06:16.979270Z</time></trkpt>
  <trkpt lat="37.4132645" lon="-121.9959280"><ele>120</ele><time>2026-04-26T19:06:17.079884Z</time></trkpt>
  <trkpt lat="37.4132485" lon="-121.9959315"><ele>119</ele><time>2026-04-26T19:06:17.180664Z</time></trkpt>
  <trkpt lat="37.4132324" lon="-121.9959351"><ele>119</ele><time>2026-04-26T19:06:17.281466Z</time></trkpt>
  <trkpt lat="37.4132162" lon="-121.9959390"><ele>118</ele><time>2026-04-26T19:06:17.382009Z</time></trkpt>
  <trkpt lat="37.4131999" lon="-121.9959427"><ele>118</ele><time>2026-04-26T19:06:17.483854Z</time></trkpt>
  <trkpt lat="37.4131835" lon="-121.9959464"><ele>117</ele><time>2026-04-26T19:06:17.584441Z</time></trkpt>
  <trkpt lat="37.4131671" lon="-121.9959499"><ele>116</ele><time>2026-04-26T19:06:17.685351Z</time></trkpt>
  <trkpt lat="37.4131510" lon="-121.9959537"><ele>115</ele><time>2026-04-26T19:06:17.786410Z</time></trkpt>
  <trkpt lat="37.4131510" lon="-121.9959537"><ele>115</ele><time>2026-04-26T19:06:17.865407Z</time></trkpt>
  <trkpt lat="37.4131350" lon="-121.9959579"><ele>114</ele><time>2026-04-26T19:06:17.887091Z</time></trkpt>
  <trkpt lat="37.4131191" lon="-121.9959624"><ele>113</ele><time>2026-04-26T19:06:17.987371Z</time></trkpt>
  <trkpt lat="37.4131031" lon="-121.9959664"><ele>112</ele><time>2026-04-26T19:06:18.087968Z</time></trkpt>
  <trkpt lat="37.4130870" lon="-121.9959686"><ele>111</ele><time>2026-04-26T19:06:18.188325Z</time></trkpt>
  <trkpt lat="37.4130708" lon="-121.9959695"><ele>109</ele><time>2026-04-26T19:06:18.289088Z</time></trkpt>
  <trkpt lat="37.4130548" lon="-121.9959703"><ele>108</ele><time>2026-04-26T19:06:18.389694Z</time></trkpt>
  <trkpt lat="37.4130389" lon="-121.9959715"><ele>106</ele><time>2026-04-26T19:06:18.490085Z</time></trkpt>
  <trkpt lat="37.4130231" lon="-121.9959729"><ele>105</ele><time>2026-04-26T19:06:18.590474Z</time></trkpt>
  <trkpt lat="37.4130075" lon="-121.9959750"><ele>103</ele><time>2026-04-26T19:06:18.690758Z</time></trkpt>
  <trkpt lat="37.4129922" lon="-121.9959775"><ele>102</ele><time>2026-04-26T19:06:18.791501Z</time></trkpt>
  <trkpt lat="37.4129771" lon="-121.9959803"><ele>100</ele><time>2026-04-26T19:06:18.892880Z</time></trkpt>
  <trkpt lat="37.4129622" lon="-121.9959834"><ele>98</ele><time>2026-04-26T19:06:18.993076Z</time></trkpt>
  <trkpt lat="37.4129474" lon="-121.9959868"><ele>97</ele><time>2026-04-26T19:06:19.094085Z</time></trkpt>
  <trkpt lat="37.4129333" lon="-121.9959905"><ele>95</ele><time>2026-04-26T19:06:19.194833Z</time></trkpt>
  <trkpt lat="37.4129194" lon="-121.9959943"><ele>93</ele><time>2026-04-26T19:06:19.275521Z</time></trkpt>
  <trkpt lat="37.4129060" lon="-121.9959979"><ele>91</ele><time>2026-04-26T19:06:19.376002Z</time></trkpt>
  <trkpt lat="37.4128930" lon="-121.9960017"><ele>89</ele><time>2026-04-26T19:06:19.476402Z</time></trkpt>
  <trkpt lat="37.4128805" lon="-121.9960051"><ele>87</ele><time>2026-04-26T19:06:19.576654Z</time></trkpt>
  <trkpt lat="37.4128683" lon="-121.9960079"><ele>85</ele><time>2026-04-26T19:06:19.677582Z</time></trkpt>
  <trkpt lat="37.4128565" lon="-121.9960107"><ele>83</ele><time>2026-04-26T19:06:19.778009Z</time></trkpt>
  <trkpt lat="37.4128451" lon="-121.9960133"><ele>81</ele><time>2026-04-26T19:06:19.878248Z</time></trkpt>
  <trkpt lat="37.4128342" lon="-121.9960143"><ele>79</ele><time>2026-04-26T19:06:19.979203Z</time></trkpt>
  <trkpt lat="37.4128342" lon="-121.9960143"><ele>79</ele><time>2026-04-26T19:06:20.017157Z</time></trkpt>
  <trkpt lat="37.4128238" lon="-121.9960133"><ele>77</ele><time>2026-04-26T19:06:20.079374Z</time></trkpt>
  <trkpt lat="37.4128138" lon="-121.9960100"><ele>75</ele><time>2026-04-26T19:06:20.180277Z</time></trkpt>
  <trkpt lat="37.4128043" lon="-121.9960040"><ele>73</ele><time>2026-04-26T19:06:20.280661Z</time></trkpt>
  <trkpt lat="37.4127954" lon="-121.9959959"><ele>71</ele><time>2026-04-26T19:06:20.381211Z</time></trkpt>
  <trkpt lat="37.4127871" lon="-121.9959865"><ele>68</ele><time>2026-04-26T19:06:20.481890Z</time></trkpt>
  <trkpt lat="37.4127790" lon="-121.9959771"><ele>66</ele><time>2026-04-26T19:06:20.582381Z</time></trkpt>
  <trkpt lat="37.4127714" lon="-121.9959673"><ele>64</ele><time>2026-04-26T19:06:20.683432Z</time></trkpt>
  <trkpt lat="37.4127641" lon="-121.9959570"><ele>62</ele><time>2026-04-26T19:06:20.783304Z</time></trkpt>
  <trkpt lat="37.4127573" lon="-121.9959466"><ele>60</ele><time>2026-04-26T19:06:20.883690Z</time></trkpt>
  <trkpt lat="37.4127510" lon="-121.9959358"><ele>58</ele><time>2026-04-26T19:06:20.984324Z</time></trkpt>
  <trkpt lat="37.4127449" lon="-121.9959238"><ele>55</ele><time>2026-04-26T19:06:21.084585Z</time></trkpt>
  <trkpt lat="37.4127395" lon="-121.9959102"><ele>53</ele><time>2026-04-26T19:06:21.184932Z</time></trkpt>
  <trkpt lat="37.4127351" lon="-121.9958955"><ele>51</ele><time>2026-04-26T19:06:21.285177Z</time></trkpt>
  <trkpt lat="37.4127313" lon="-121.9958798"><ele>49</ele><time>2026-04-26T19:06:21.386564Z</time></trkpt>
  <trkpt lat="37.4127285" lon="-121.9958631"><ele>47</ele><time>2026-04-26T19:06:21.486737Z</time></trkpt>
  <trkpt lat="37.4127262" lon="-121.9958458"><ele>45</ele><time>2026-04-26T19:06:21.587163Z</time></trkpt>
  <trkpt lat="37.4127247" lon="-121.9958278"><ele>43</ele><time>2026-04-26T19:06:21.687366Z</time></trkpt>
  <trkpt lat="37.4127235" lon="-121.9958096"><ele>41</ele><time>2026-04-26T19:06:21.788339Z</time></trkpt>
  <trkpt lat="37.4127231" lon="-121.9957912"><ele>39</ele><time>2026-04-26T19:06:21.888438Z</time></trkpt>
  <trkpt lat="37.4127243" lon="-121.9957720"><ele>37</ele><time>2026-04-26T19:06:21.988877Z</time></trkpt>
  <trkpt lat="37.4127263" lon="-121.9957525"><ele>36</ele><time>2026-04-26T19:06:22.089491Z</time></trkpt>
  <trkpt lat="37.4127263" lon="-121.9957525"><ele>36</ele><time>2026-04-26T19:06:22.176479Z</time></trkpt>
  <trkpt lat="37.4127289" lon="-121.9957332"><ele>34</ele><time>2026-04-26T19:06:22.190411Z</time></trkpt>
  <trkpt lat="37.4127326" lon="-121.9957136"><ele>32</ele><time>2026-04-26T19:06:22.290713Z</time></trkpt>
  <trkpt lat="37.4127368" lon="-121.9956939"><ele>31</ele><time>2026-04-26T19:06:22.390855Z</time></trkpt>
  <trkpt lat="37.4127415" lon="-121.9956738"><ele>30</ele><time>2026-04-26T19:06:22.491622Z</time></trkpt>
  <trkpt lat="37.4127478" lon="-121.9956537"><ele>29</ele><time>2026-04-26T19:06:22.571975Z</time></trkpt>
  <trkpt lat="37.4127545" lon="-121.9956332"><ele>28</ele><time>2026-04-26T19:06:22.672841Z</time></trkpt>
  <trkpt lat="37.4127613" lon="-121.9956130"><ele>28</ele><time>2026-04-26T19:06:22.773428Z</time></trkpt>
  <trkpt lat="37.4127670" lon="-121.9955928"><ele>27</ele><time>2026-04-26T19:06:22.874003Z</time></trkpt>
  <trkpt lat="37.4127728" lon="-121.9955730"><ele>27</ele><time>2026-04-26T19:06:22.974092Z</time></trkpt>
  <trkpt lat="37.4127783" lon="-121.9955534"><ele>26</ele><time>2026-04-26T19:06:23.075131Z</time></trkpt>
  <trkpt lat="37.4127833" lon="-121.9955339"><ele>25</ele><time>2026-04-26T19:06:23.176566Z</time></trkpt>
  <trkpt lat="37.4127882" lon="-121.9955148"><ele>24</ele><time>2026-04-26T19:06:23.277614Z</time></trkpt>
  <trkpt lat="37.4127930" lon="-121.9954959"><ele>23</ele><time>2026-04-26T19:06:23.378420Z</time></trkpt>
  <trkpt lat="37.4127986" lon="-121.9954773"><ele>23</ele><time>2026-04-26T19:06:23.479528Z</time></trkpt>
  <trkpt lat="37.4128046" lon="-121.9954590"><ele>22</ele><time>2026-04-26T19:06:23.580430Z</time></trkpt>
  <trkpt lat="37.4128110" lon="-121.9954411"><ele>22</ele><time>2026-04-26T19:06:23.680835Z</time></trkpt>
  <trkpt lat="37.4128177" lon="-121.9954239"><ele>22</ele><time>2026-04-26T19:06:23.781307Z</time></trkpt>
  <trkpt lat="37.4128241" lon="-121.9954074"><ele>22</ele><time>2026-04-26T19:06:23.882001Z</time></trkpt>
  <trkpt lat="37.4128304" lon="-121.9953914"><ele>22</ele><time>2026-04-26T19:06:23.982354Z</time></trkpt>
  <trkpt lat="37.4128367" lon="-121.9953760"><ele>22</ele><time>2026-04-26T19:06:24.083031Z</time></trkpt>
  <trkpt lat="37.4128424" lon="-121.9953607"><ele>22</ele><time>2026-04-26T19:06:24.183796Z</time></trkpt>
  <trkpt lat="37.4128478" lon="-121.9953456"><ele>22</ele><time>2026-04-26T19:06:24.284396Z</time></trkpt>
  <trkpt lat="37.4128478" lon="-121.9953456"><ele>22</ele><time>2026-04-26T19:06:24.337717Z</time></trkpt>
  <trkpt lat="37.4128528" lon="-121.9953304"><ele>22</ele><time>2026-04-26T19:06:24.385476Z</time></trkpt>
  <trkpt lat="37.4128572" lon="-121.9953152"><ele>22</ele><time>2026-04-26T19:06:24.486272Z</time></trkpt>
  <trkpt lat="37.4128612" lon="-121.9952998"><ele>21</ele><time>2026-04-26T19:06:24.587155Z</time></trkpt>
  <trkpt lat="37.4128650" lon="-121.9952843"><ele>21</ele><time>2026-04-26T19:06:24.687631Z</time></trkpt>
  <trkpt lat="37.4128684" lon="-121.9952687"><ele>21</ele><time>2026-04-26T19:06:24.787932Z</time></trkpt>
  <trkpt lat="37.4128713" lon="-121.9952531"><ele>21</ele><time>2026-04-26T19:06:24.888608Z</time></trkpt>
  <trkpt lat="37.4128737" lon="-121.9952375"><ele>20</ele><time>2026-04-26T19:06:24.989328Z</time></trkpt>
  <trkpt lat="37.4128760" lon="-121.9952218"><ele>20</ele><time>2026-04-26T19:06:25.069740Z</time></trkpt>
  <trkpt lat="37.4128780" lon="-121.9952060"><ele>20</ele><time>2026-04-26T19:06:25.170505Z</time></trkpt>
  <trkpt lat="37.4128798" lon="-121.9951899"><ele>20</ele><time>2026-04-26T19:06:25.271865Z</time></trkpt>
  <trkpt lat="37.4128813" lon="-121.9951740"><ele>20</ele><time>2026-04-26T19:06:25.372592Z</time></trkpt>
  <trkpt lat="37.4128825" lon="-121.9951583"><ele>20</ele><time>2026-04-26T19:06:25.473481Z</time></trkpt>
  <trkpt lat="37.4128835" lon="-121.9951428"><ele>20</ele><time>2026-04-26T19:06:25.574185Z</time></trkpt>
  <trkpt lat="37.4128846" lon="-121.9951274"><ele>20</ele><time>2026-04-26T19:06:25.674408Z</time></trkpt>
  <trkpt lat="37.4128854" lon="-121.9951118"><ele>19</ele><time>2026-04-26T19:06:25.775268Z</time></trkpt>
  <trkpt lat="37.4128861" lon="-121.9950966"><ele>19</ele><time>2026-04-26T19:06:25.876685Z</time></trkpt>
  <trkpt lat="37.4128868" lon="-121.9950815"><ele>19</ele><time>2026-04-26T19:06:25.976815Z</time></trkpt>
  <trkpt lat="37.4128872" lon="-121.9950667"><ele>19</ele><time>2026-04-26T19:06:26.077308Z</time></trkpt>
  <trkpt lat="37.4128875" lon="-121.9950521"><ele>19</ele><time>2026-04-26T19:06:26.178156Z</time></trkpt>
  <trkpt lat="37.4128877" lon="-121.9950373"><ele>19</ele><time>2026-04-26T19:06:26.279420Z</time></trkpt>
  <trkpt lat="37.4128875" lon="-121.9950223"><ele>19</ele><time>2026-04-26T19:06:26.380116Z</time></trkpt>
  <trkpt lat="37.4128871" lon="-121.9950075"><ele>19</ele><time>2026-04-26T19:06:26.479823Z</time></trkpt>
  <trkpt lat="37.4128871" lon="-121.9950075"><ele>19</ele><time>2026-04-26T19:06:26.488734Z</time></trkpt>
  <trkpt lat="37.4128864" lon="-121.9949929"><ele>19</ele><time>2026-04-26T19:06:26.580224Z</time></trkpt>
  <trkpt lat="37.4128854" lon="-121.9949783"><ele>19</ele><time>2026-04-26T19:06:26.681498Z</time></trkpt>
  <trkpt lat="37.4128842" lon="-121.9949638"><ele>19</ele><time>2026-04-26T19:06:26.781943Z</time></trkpt>
  <trkpt lat="37.4128827" lon="-121.9949491"><ele>19</ele><time>2026-04-26T19:06:26.882479Z</time></trkpt>
  <trkpt lat="37.4128810" lon="-121.9949345"><ele>19</ele><time>2026-04-26T19:06:26.983414Z</time></trkpt>
  <trkpt lat="37.4128791" lon="-121.9949201"><ele>19</ele><time>2026-04-26T19:06:27.084461Z</time></trkpt>
  <trkpt lat="37.4128769" lon="-121.9949056"><ele>19</ele><time>2026-04-26T19:06:27.184208Z</time></trkpt>
  <trkpt lat="37.4128745" lon="-121.9948913"><ele>19</ele><time>2026-04-26T19:06:27.284386Z</time></trkpt>
  <trkpt lat="37.4128717" lon="-121.9948770"><ele>19</ele><time>2026-04-26T19:06:27.384859Z</time></trkpt>
  <trkpt lat="37.4128684" lon="-121.9948628"><ele>19</ele><time>2026-04-26T19:06:27.466774Z</time></trkpt>
  <trkpt lat="37.4128651" lon="-121.9948485"><ele>19</ele><time>2026-04-26T19:06:27.566978Z</time></trkpt>
  <trkpt lat="37.4128613" lon="-121.9948345"><ele>19</ele><time>2026-04-26T19:06:27.667594Z</time></trkpt>
  <trkpt lat="37.4128570" lon="-121.9948204"><ele>19</ele><time>2026-04-26T19:06:27.768136Z</time></trkpt>
  <trkpt lat="37.4128525" lon="-121.9948066"><ele>19</ele><time>2026-04-26T19:06:27.869331Z</time></trkpt>
  <trkpt lat="37.4128476" lon="-121.9947929"><ele>19</ele><time>2026-04-26T19:06:27.969351Z</time></trkpt>
  <trkpt lat="37.4128424" lon="-121.9947793"><ele>19</ele><time>2026-04-26T19:06:28.069760Z</time></trkpt>
  <trkpt lat="37.4128368" lon="-121.9947658"><ele>18</ele><time>2026-04-26T19:06:28.170880Z</time></trkpt>
  <trkpt lat="37.4128308" lon="-121.9947522"><ele>18</ele><time>2026-04-26T19:06:28.271216Z</time></trkpt>
  <trkpt lat="37.4128244" lon="-121.9947387"><ele>18</ele><time>2026-04-26T19:06:28.371590Z</time></trkpt>
  <trkpt lat="37.4128177" lon="-121.9947256"><ele>18</ele><time>2026-04-26T19:06:28.472305Z</time></trkpt>
  <trkpt lat="37.4128108" lon="-121.9947128"><ele>18</ele><time>2026-04-26T19:06:28.572654Z</time></trkpt>
  <trkpt lat="37.4128108" lon="-121.9947128"><ele>18</ele><time>2026-04-26T19:06:28.647106Z</time></trkpt>
  <trkpt lat="37.4128036" lon="-121.9947004"><ele>18</ele><time>2026-04-26T19:06:28.673649Z</time></trkpt>
  <trkpt lat="37.4127963" lon="-121.9946884"><ele>18</ele><time>2026-04-26T19:06:28.775001Z</time></trkpt>
  <trkpt lat="37.4127888" lon="-121.9946766"><ele>18</ele><time>2026-04-26T19:06:28.874889Z</time></trkpt>
  <trkpt lat="37.4127810" lon="-121.9946653"><ele>18</ele><time>2026-04-26T19:06:28.975406Z</time></trkpt>
  <trkpt lat="37.4127729" lon="-121.9946544"><ele>17</ele><time>2026-04-26T19:06:29.076238Z</time></trkpt>
  <trkpt lat="37.4127646" lon="-121.9946438"><ele>17</ele><time>2026-04-26T19:06:29.176810Z</time></trkpt>
  <trkpt lat="37.4127564" lon="-121.9946336"><ele>17</ele><time>2026-04-26T19:06:29.277090Z</time></trkpt>
  <trkpt lat="37.4127477" lon="-121.9946236"><ele>17</ele><time>2026-04-26T19:06:29.377492Z</time></trkpt>
  <trkpt lat="37.4127389" lon="-121.9946140"><ele>17</ele><time>2026-04-26T19:06:29.478437Z</time></trkpt>
  <trkpt lat="37.4127298" lon="-121.9946048"><ele>16</ele><time>2026-04-26T19:06:29.578660Z</time></trkpt>
  <trkpt lat="37.4127206" lon="-121.9945958"><ele>16</ele><time>2026-04-26T19:06:29.679620Z</time></trkpt>
  <trkpt lat="37.4127111" lon="-121.9945873"><ele>16</ele><time>2026-04-26T19:06:29.779970Z</time></trkpt>
  <trkpt lat="37.4127015" lon="-121.9945791"><ele>15</ele><time>2026-04-26T19:06:29.880988Z</time></trkpt>
  <trkpt lat="37.4126917" lon="-121.9945713"><ele>15</ele><time>2026-04-26T19:06:29.981257Z</time></trkpt>
  <trkpt lat="37.4126817" lon="-121.9945638"><ele>15</ele><time>2026-04-26T19:06:30.081934Z</time></trkpt>
  <trkpt lat="37.4126715" lon="-121.9945565"><ele>14</ele><time>2026-04-26T19:06:30.182781Z</time></trkpt>
  <trkpt lat="37.4126611" lon="-121.9945497"><ele>14</ele><time>2026-04-26T19:06:30.263655Z</time></trkpt>
  <trkpt lat="37.4126505" lon="-121.9945432"><ele>14</ele><time>2026-04-26T19:06:30.363669Z</time></trkpt>
  <trkpt lat="37.4126399" lon="-121.9945372"><ele>13</ele><time>2026-04-26T19:06:30.464198Z</time></trkpt>
  <trkpt lat="37.4126291" lon="-121.9945314"><ele>13</ele><time>2026-04-26T19:06:30.564668Z</time></trkpt>
  <trkpt lat="37.4126179" lon="-121.9945259"><ele>13</ele><time>2026-04-26T19:06:30.665095Z</time></trkpt>
  <trkpt lat="37.4126066" lon="-121.9945209"><ele>12</ele><time>2026-04-26T19:06:30.765365Z</time></trkpt>
  <trkpt lat="37.4126066" lon="-121.9945209"><ele>12</ele><time>2026-04-26T19:06:30.813976Z</time></trkpt>
  <trkpt lat="37.4125950" lon="-121.9945162"><ele>12</ele><time>2026-04-26T19:06:30.865881Z</time></trkpt>
  <trkpt lat="37.4125832" lon="-121.9945119"><ele>12</ele><time>2026-04-26T19:06:30.966207Z</time></trkpt>
  <trkpt lat="37.4125714" lon="-121.9945081"><ele>11</ele><time>2026-04-26T19:06:31.066663Z</time></trkpt>
  <trkpt lat="37.4125594" lon="-121.9945047"><ele>11</ele><time>2026-04-26T19:06:31.167798Z</time></trkpt>
  <trkpt lat="37.4125472" lon="-121.9945018"><ele>11</ele><time>2026-04-26T19:06:31.268011Z</time></trkpt>
  <trkpt lat="37.4125351" lon="-121.9944992"><ele>11</ele><time>2026-04-26T19:06:31.368384Z</time></trkpt>
  <trkpt lat="37.4125230" lon="-121.9944972"><ele>10</ele><time>2026-04-26T19:06:31.468895Z</time></trkpt>
  <trkpt lat="37.4125108" lon="-121.9944955"><ele>10</ele><time>2026-04-26T19:06:31.570090Z</time></trkpt>
  <trkpt lat="37.4124987" lon="-121.9944943"><ele>10</ele><time>2026-04-26T19:06:31.670523Z</time></trkpt>
  <trkpt lat="37.4124866" lon="-121.9944936"><ele>10</ele><time>2026-04-26T19:06:31.771274Z</time></trkpt>
  <trkpt lat="37.4124747" lon="-121.9944932"><ele>10</ele><time>2026-04-26T19:06:31.871770Z</time></trkpt>
  <trkpt lat="37.4124627" lon="-121.9944932"><ele>9</ele><time>2026-04-26T19:06:31.972674Z</time></trkpt>
  <trkpt lat="37.4124507" lon="-121.9944938"><ele>9</ele><time>2026-04-26T19:06:32.072591Z</time></trkpt>
  <trkpt lat="37.4124387" lon="-121.9944946"><ele>9</ele><time>2026-04-26T19:06:32.172693Z</time></trkpt>
  <trkpt lat="37.4124270" lon="-121.9944958"><ele>9</ele><time>2026-04-26T19:06:32.272841Z</time></trkpt>
  <trkpt lat="37.4124153" lon="-121.9944971"><ele>9</ele><time>2026-04-26T19:06:32.373096Z</time></trkpt>
  <trkpt lat="37.4124038" lon="-121.9944989"><ele>9</ele><time>2026-04-26T19:06:32.473365Z</time></trkpt>
  <trkpt lat="37.4123923" lon="-121.9945008"><ele>8</ele><time>2026-04-26T19:06:32.573633Z</time></trkpt>
  <trkpt lat="37.4123810" lon="-121.9945029"><ele>8</ele><time>2026-04-26T19:06:32.674248Z</time></trkpt>
  <trkpt lat="37.4123698" lon="-121.9945052"><ele>8</ele><time>2026-04-26T19:06:32.774667Z</time></trkpt>
  <trkpt lat="37.4123586" lon="-121.9945079"><ele>7</ele><time>2026-04-26T19:06:32.875089Z</time></trkpt>
  <trkpt lat="37.4123474" lon="-121.9945105"><ele>7</ele><time>2026-04-26T19:06:32.975381Z</time></trkpt>
  <trkpt lat="37.4123474" lon="-121.9945105"><ele>7</ele><time>2026-04-26T19:06:32.978548Z</time></trkpt>
  <trkpt lat="37.4123362" lon="-121.9945135"><ele>7</ele><time>2026-04-26T19:06:33.076231Z</time></trkpt>
  <trkpt lat="37.4123251" lon="-121.9945168"><ele>7</ele><time>2026-04-26T19:06:33.177238Z</time></trkpt>
  <trkpt lat="37.4123139" lon="-121.9945204"><ele>6</ele><time>2026-04-26T19:06:33.277450Z</time></trkpt>
  <trkpt lat="37.4123029" lon="-121.9945242"><ele>6</ele><time>2026-04-26T19:06:33.378230Z</time></trkpt>
  <trkpt lat="37.4122918" lon="-121.9945283"><ele>6</ele><time>2026-04-26T19:06:33.478668Z</time></trkpt>
  <trkpt lat="37.4122808" lon="-121.9945327"><ele>5</ele><time>2026-04-26T19:06:33.558682Z</time></trkpt>
  <trkpt lat="37.4122698" lon="-121.9945373"><ele>5</ele><time>2026-04-26T19:06:33.680144Z</time></trkpt>
  <trkpt lat="37.4122590" lon="-121.9945421"><ele>5</ele><time>2026-04-26T19:06:33.760290Z</time></trkpt>
  <trkpt lat="37.4122480" lon="-121.9945470"><ele>4</ele><time>2026-04-26T19:06:33.860798Z</time></trkpt>
  <trkpt lat="37.4122370" lon="-121.9945521"><ele>4</ele><time>2026-04-26T19:06:33.961293Z</time></trkpt>
  <trkpt lat="37.4122260" lon="-121.9945575"><ele>4</ele><time>2026-04-26T19:06:34.061879Z</time></trkpt>
  <trkpt lat="37.4122151" lon="-121.9945629"><ele>3</ele><time>2026-04-26T19:06:34.163345Z</time></trkpt>
  <trkpt lat="37.4122042" lon="-121.9945685"><ele>3</ele><time>2026-04-26T19:06:34.263577Z</time></trkpt>
  <trkpt lat="37.4121931" lon="-121.9945741"><ele>3</ele><time>2026-04-26T19:06:34.363861Z</time></trkpt>
  <trkpt lat="37.4121821" lon="-121.9945803"><ele>2</ele><time>2026-04-26T19:06:34.464123Z</time></trkpt>
  <trkpt lat="37.4121709" lon="-121.9945866"><ele>2</ele><time>2026-04-26T19:06:34.564242Z</time></trkpt>
  <trkpt lat="37.4121602" lon="-121.9945931"><ele>2</ele><time>2026-04-26T19:06:34.665119Z</time></trkpt>
  <trkpt lat="37.4121496" lon="-121.9945998"><ele>1</ele><time>2026-04-26T19:06:34.766318Z</time></trkpt>
  <trkpt lat="37.4121390" lon="-121.9946067"><ele>1</ele><time>2026-04-26T19:06:34.866580Z</time></trkpt>
  <trkpt lat="37.4121281" lon="-121.9946138"><ele>1</ele><time>2026-04-26T19:06:34.967644Z</time></trkpt>
  <trkpt lat="37.4121172" lon="-121.9946211"><ele>1</ele><time>2026-04-26T19:06:35.068207Z</time></trkpt>
  <trkpt lat="37.4121172" lon="-121.9946211"><ele>1</ele><time>2026-04-26T19:06:35.143657Z</time></trkpt>
  <trkpt lat="37.4121065" lon="-121.9946286"><ele>1</ele><time>2026-04-26T19:06:35.168552Z</time></trkpt>
  <trkpt lat="37.4120958" lon="-121.9946362"><ele>1</ele><time>2026-04-26T19:06:35.269246Z</time></trkpt>
  <trkpt lat="37.4120853" lon="-121.9946438"><ele>1</ele><time>2026-04-26T19:06:35.369786Z</time></trkpt>
  <trkpt lat="37.4120749" lon="-121.9946517"><ele>1</ele><time>2026-04-26T19:06:35.469908Z</time></trkpt>
  <trkpt lat="37.4120650" lon="-121.9946596"><ele>1</ele><time>2026-04-26T19:06:35.569938Z</time></trkpt>
  <trkpt lat="37.4120553" lon="-121.9946676"><ele>1</ele><time>2026-04-26T19:06:35.670405Z</time></trkpt>
  <trkpt lat="37.4120459" lon="-121.9946755"><ele>0</ele><time>2026-04-26T19:06:35.771806Z</time></trkpt>
  <trkpt lat="37.4120368" lon="-121.9946836"><ele>0</ele><time>2026-04-26T19:06:35.871881Z</time></trkpt>
  <trkpt lat="37.4120279" lon="-121.9946919"><ele>0</ele><time>2026-04-26T19:06:35.972430Z</time></trkpt>
  <trkpt lat="37.4120192" lon="-121.9947004"><ele>0</ele><time>2026-04-26T19:06:36.072731Z</time></trkpt>
  <trkpt lat="37.4120105" lon="-121.9947090"><ele>0</ele><time>2026-04-26T19:06:36.173994Z</time></trkpt>
  <trkpt lat="37.4120021" lon="-121.9947175"><ele>0</ele><time>2026-04-26T19:06:36.274909Z</time></trkpt>
  <trkpt lat="37.4119941" lon="-121.9947263"><ele>0</ele><time>2026-04-26T19:06:36.375474Z</time></trkpt>
  <trkpt lat="37.4119864" lon="-121.9947351"><ele>0</ele><time>2026-04-26T19:06:36.455823Z</time></trkpt>
  <trkpt lat="37.4119788" lon="-121.9947439"><ele>0</ele><time>2026-04-26T19:06:36.556173Z</time></trkpt>
  <trkpt lat="37.4119714" lon="-121.9947529"><ele>0</ele><time>2026-04-26T19:06:36.656725Z</time></trkpt>
  <trkpt lat="37.4119644" lon="-121.9947621"><ele>0</ele><time>2026-04-26T19:06:36.757269Z</time></trkpt>
  <trkpt lat="37.4119575" lon="-121.9947714"><ele>0</ele><time>2026-04-26T19:06:36.857844Z</time></trkpt>
  <trkpt lat="37.4119508" lon="-121.9947810"><ele>-1</ele><time>2026-04-26T19:06:36.958984Z</time></trkpt>
  <trkpt lat="37.4119441" lon="-121.9947904"><ele>-1</ele><time>2026-04-26T19:06:37.059289Z</time></trkpt>
  <trkpt lat="37.4119376" lon="-121.9947999"><ele>-1</ele><time>2026-04-26T19:06:37.160345Z</time></trkpt>
  <trkpt lat="37.4119311" lon="-121.9948094"><ele>-1</ele><time>2026-04-26T19:06:37.260851Z</time></trkpt>
  <trkpt lat="37.4119311" lon="-121.9948094"><ele>-1</ele><time>2026-04-26T19:06:37.302251Z</time></trkpt>
  <trkpt lat="37.4119249" lon="-121.9948191"><ele>-2</ele><time>2026-04-26T19:06:37.361906Z</time></trkpt>
  <trkpt lat="37.4119185" lon="-121.9948286"><ele>-2</ele><time>2026-04-26T19:06:37.462481Z</time></trkpt>
  <trkpt lat="37.4119121" lon="-121.9948381"><ele>-2</ele><time>2026-04-26T19:06:37.562848Z</time></trkpt>
  <trkpt lat="37.4119057" lon="-121.9948476"><ele>-2</ele><time>2026-04-26T19:06:37.664579Z</time></trkpt>
  <trkpt lat="37.4118996" lon="-121.9948574"><ele>-3</ele><time>2026-04-26T19:06:37.765133Z</time></trkpt>
  <trkpt lat="37.4118930" lon="-121.9948675"><ele>-3</ele><time>2026-04-26T19:06:37.865916Z</time></trkpt>
  <trkpt lat="37.4118865" lon="-121.9948776"><ele>-3</ele><time>2026-04-26T19:06:37.966612Z</time></trkpt>
  <trkpt lat="37.4118798" lon="-121.9948874"><ele>-3</ele><time>2026-04-26T19:06:38.067240Z</time></trkpt>
  <trkpt lat="37.4118728" lon="-121.9948971"><ele>-3</ele><time>2026-04-26T19:06:38.167998Z</time></trkpt>
  <trkpt lat="37.4118656" lon="-121.9949071"><ele>-4</ele><time>2026-04-26T19:06:38.269168Z</time></trkpt>
  <trkpt lat="37.4118587" lon="-121.9949172"><ele>-4</ele><time>2026-04-26T19:06:38.369207Z</time></trkpt>
  <trkpt lat="37.4118517" lon="-121.9949273"><ele>-4</ele><time>2026-04-26T19:06:38.469925Z</time></trkpt>
  <trkpt lat="37.4118448" lon="-121.9949373"><ele>-4</ele><time>2026-04-26T19:06:38.570251Z</time></trkpt>
  <trkpt lat="37.4118383" lon="-121.9949469"><ele>-5</ele><time>2026-04-26T19:06:38.671375Z</time></trkpt>
  <trkpt lat="37.4118315" lon="-121.9949561"><ele>-5</ele><time>2026-04-26T19:06:38.772247Z</time></trkpt>
  <trkpt lat="37.4118246" lon="-121.9949653"><ele>-6</ele><time>2026-04-26T19:06:38.852528Z</time></trkpt>
  <trkpt lat="37.4118164" lon="-121.9949735"><ele>-6</ele><time>2026-04-26T19:06:38.953472Z</time></trkpt>
  <trkpt lat="37.4118097" lon="-121.9949794"><ele>-6</ele><time>2026-04-26T19:06:39.054012Z</time></trkpt>
  <trkpt lat="37.4118043" lon="-121.9949840"><ele>-6</ele><time>2026-04-26T19:06:39.154764Z</time></trkpt>
  <trkpt lat="37.4117994" lon="-121.9949870"><ele>-6</ele><time>2026-04-26T19:06:39.255310Z</time></trkpt>
  <trkpt lat="37.4117940" lon="-121.9949894"><ele>-6</ele><time>2026-04-26T19:06:39.356576Z</time></trkpt>
  <trkpt lat="37.4117940" lon="-121.9949894"><ele>-6</ele><time>2026-04-26T19:06:39.446779Z</time></trkpt>
  <trkpt lat="37.4117884" lon="-121.9949912"><ele>-7</ele><time>2026-04-26T19:06:39.457143Z</time></trkpt>
  <trkpt lat="37.4117834" lon="-121.9949923"><ele>-7</ele><time>2026-04-26T19:06:39.558258Z</time></trkpt>
  <trkpt lat="37.4117787" lon="-121.9949923"><ele>-7</ele><time>2026-04-26T19:06:39.658801Z</time></trkpt>
  <trkpt lat="37.4117751" lon="-121.9949939"><ele>-7</ele><time>2026-04-26T19:06:39.759525Z</time></trkpt>
  <trkpt lat="37.4117720" lon="-121.9949959"><ele>-7</ele><time>2026-04-26T19:06:39.860221Z</time></trkpt>
  <trkpt lat="37.4117701" lon="-121.9949974"><ele>-7</ele><time>2026-04-26T19:06:39.960462Z</time></trkpt>
  <trkpt lat="37.4117692" lon="-121.9949979"><ele>-7</ele><time>2026-04-26T19:06:40.061050Z</time></trkpt>
  <trkpt lat="37.4117689" lon="-121.9949982"><ele>-7</ele><time>2026-04-26T19:06:40.161552Z</time></trkpt>
  <trkpt lat="37.4117688" lon="-121.9949989"><ele>-8</ele><time>2026-04-26T19:06:40.262107Z</time></trkpt>
  <trkpt lat="37.4117687" lon="-121.9949996"><ele>-8</ele><time>2026-04-26T19:06:40.363162Z</time></trkpt>
  <trkpt lat="37.4117687" lon="-121.9950009"><ele>-8</ele><time>2026-04-26T19:06:40.463864Z</time></trkpt>
  <trkpt lat="37.4117686" lon="-121.9950011"><ele>-8</ele><time>2026-04-26T19:06:40.564699Z</time></trkpt>
  <trkpt lat="37.4117685" lon="-121.9950016"><ele>-8</ele><time>2026-04-26T19:06:40.665568Z</time></trkpt>
  <trkpt lat="37.4117687" lon="-121.9950020"><ele>-8</ele><time>2026-04-26T19:06:40.766883Z</time></trkpt>
  <trkpt lat="37.4117687" lon="-121.9950021"><ele>-8</ele><time>2026-04-26T19:06:40.867145Z</time></trkpt>
  <trkpt lat="37.4117688" lon="-121.9950019"><ele>-8</ele><time>2026-04-26T19:06:40.967715Z</time></trkpt>
  <trkpt lat="37.4117692" lon="-121.9950017"><ele>-8</ele><time>2026-04-26T19:06:41.068222Z</time></trkpt>
  <trkpt lat="37.4117697" lon="-121.9950012"><ele>-8</ele><time>2026-04-26T19:06:41.168718Z</time></trkpt>
  <trkpt lat="37.4117702" lon="-121.9950008"><ele>-8</ele><time>2026-04-26T19:06:41.269316Z</time></trkpt>
  <trkpt lat="37.4117714" lon="-121.9950007"><ele>-8</ele><time>2026-04-26T19:06:41.349962Z</time></trkpt>
  <trkpt lat="37.4117715" lon="-121.9950006"><ele>-8</ele><time>2026-04-26T19:06:41.450644Z</time></trkpt>
  <trkpt lat="37.4117713" lon="-121.9950006"><ele>-8</ele><time>2026-04-26T19:06:41.551878Z</time></trkpt>
  <trkpt lat="37.4117713" lon="-121.9950006"><ele>-8</ele><time>2026-04-26T19:06:41.568394Z</time></trkpt>
  <trkpt lat="37.4117717" lon="-121.9950007"><ele>-8</ele><time>2026-04-26T19:06:41.652416Z</time></trkpt>
  <trkpt lat="37.4117719" lon="-121.9950007"><ele>-8</ele><time>2026-04-26T19:06:41.753519Z</time></trkpt>
</trkseg></trk>
</gpx>