<?xml version="1.0" encoding="UTF-8"?>
<gpx creator="blackbox_decode v8.0.0 INAV c4f2026" version="1.1" xmlns="http://www.topografix.com/GPX/1/1" xmlns:xsi="http://www.w3.org/2001/XMLSchema-instance" xsi:schemaLocation="http://www.topografix.com/GPX/1/1 http://www.topografix.com/GPX/1/1/gpx.xsd">
<metadata><name>Blackbox flight log</name>
 <link href="https://github.com/iNavFlight/blackbox-tools">
 <text>INAV Blackbox Tools</text>
 </link>
</metadata>
<trk><name>Blackbox flight log</name><trkseg>
  <trkpt lat="37.4117338" lon="-121.9949646"><ele>6</ele><time>2026-04-26T18:11:58.416701Z</time></trkpt>
  <trkpt lat="37.4117338" lon="-121.9949646"><ele>6</ele><time>2026-04-26T18:11:58.424466Z</time></trkpt>
  <trkpt lat="37.4117338" lon="-121.9949647"><ele>6</ele><time>2026-04-26T18:11:58.436379Z</time></trkpt>
  <trkpt lat="37.4117338" lon="-121.9949649"><ele>6</ele><time>2026-04-26T18:11:58.537213Z</time></trkpt>
  <trkpt lat="37.4117338" lon="-121.9949650"><ele>6</ele><time>2026-04-26T18:11:58.637848Z</time></trkpt>
  <trkpt lat="37.4117338" lon="-121.9949653"><ele>6</ele><time>2026-04-26T18:11:58.738520Z</time></trkpt>
  <trkpt lat="37.4117337" lon="-121.9949656"><ele>6</ele><time>2026-04-26T18:11:58.839223Z</time></trkpt>
  <trkpt lat="37.4117338" lon="-121.9949657"><ele>6</ele><time>2026-04-26T18:11:58.939816Z</time></trkpt>
  <trkpt lat="37.4117338" lon="-121.9949659"><ele>6</ele><time>2026-04-26T18:11:59.040864Z</time></trkpt>
  <trkpt lat="37.4117339" lon="-121.9949660"><ele>6</ele><time>2026-04-26T18:11:59.141751Z</time></trkpt>
  <trkpt lat="37.4117340" lon="-121.9949660"><ele>5</ele><time>2026-04-26T18:11:59.242181Z</time></trkpt>
  <trkpt lat="37.4117342" lon="-121.9949657"><ele>5</ele><time>2026-04-26T18:11:59.342514Z</time></trkpt>
  <trkpt lat="37.4117343" lon="-121.9949658"><ele>5</ele><time>2026-04-26T18:11:59.442999Z</time></trkpt>
  <trkpt lat="37.4117343" lon="-121.9949660"><ele>5</ele><time>2026-04-26T18:11:59.644073Z</time></trkpt>
  <trkpt lat="37.4117342" lon="-121.9949664"><ele>5</ele><time>2026-04-26T18:11:59.744622Z</time></trkpt>
  <trkpt lat="37.4117343" lon="-121.9949666"><ele>5</ele><time>2026-04-26T18:11:59.844876Z</time></trkpt>
  <trkpt lat="37.4117344" lon="-121.9949665"><ele>5</ele><time>2026-04-26T18:11:59.945048Z</time></trkpt>
  <trkpt lat="37.4117345" lon="-121.9949663"><ele>5</ele><time>2026-04-26T18:12:00.045711Z</time></trkpt>
  <trkpt lat="37.4117346" lon="-121.9949661"><ele>5</ele><time>2026-04-26T18:12:00.146291Z</time></trkpt>
  <trkpt lat="37.4117345" lon="-121.9949660"><ele>5</ele><time>2026-04-26T18:12:00.247129Z</time></trkpt>
  <trkpt lat="37.4117345" lon="-121.9949658"><ele>5</ele><time>2026-04-26T18:12:00.348265Z</time></trkpt>
  <trkpt lat="37.4117344" lon="-121.9949657"><ele>5</ele><time>2026-04-26T18:12:00.448969Z</time></trkpt>
  <trkpt lat="37.4117342" lon="-121.9949657"><ele>5</ele><time>2026-04-26T18:12:00.549366Z</time></trkpt>
  <trkpt lat="37.4117342" lon="-121.9949657"><ele>5</ele><time>2026-04-26T18:12:00.554081Z</time></trkpt>
  <trkpt lat="37.4117340" lon="-121.9949657"><ele>5</ele><time>2026-04-26T18:12:00.650246Z</time></trkpt>
  <trkpt lat="37.4117339" lon="-121.9949656"><ele>5</ele><time>2026-04-26T18:12:00.750925Z</time></trkpt>
  <trkpt lat="37.4117337" lon="-121.9949656"><ele>5</ele><time>2026-04-26T18:12:00.851785Z</time></trkpt>
  <trkpt lat="37.4117334" lon="-121.9949654"><ele>5</ele><time>2026-04-26T18:12:00.951989Z</time></trkpt>
  <trkpt lat="37.4117333" lon="-121.9949653"><ele>5</ele><time>2026-04-26T18:12:01.052418Z</time></trkpt>
  <trkpt lat="37.4117333" lon="-121.9949651"><ele>5</ele><time>2026-04-26T18:12:01.153231Z</time></trkpt>
  <trkpt lat="37.4117333" lon="-121.9949649"><ele>5</ele><time>2026-04-26T18:12:01.253818Z</time></trkpt>
  <trkpt lat="37.4117332" lon="-121.9949647"><ele>5</ele><time>2026-04-26T18:12:01.333922Z</time></trkpt>
  <trkpt lat="37.4117332" lon="-121.9949646"><ele>5</ele><time>2026-04-26T18:12:01.434834Z</time></trkpt>
  <trkpt lat="37.4117331" lon="-121.9949646"><ele>5</ele><time>2026-04-26T18:12:01.535537Z</time></trkpt>
  <trkpt lat="37.4117331" lon="-121.9949645"><ele>6</ele><time>2026-04-26T18:12:01.636587Z</time></trkpt>
  <trkpt lat="37.4117330" lon="-121.9949643"><ele>6</ele><time>2026-04-26T18:12:01.737957Z</time></trkpt>
  <trkpt lat="37.4117330" lon="-121.9949641"><ele>6</ele><time>2026-04-26T18:12:01.839593Z</time></trkpt>
  <trkpt lat="37.4117329" lon="-121.9949640"><ele>6</ele><time>2026-04-26T18:12:02.040688Z</time></trkpt>
  <trkpt lat="37.4117327" lon="-121.9949639"><ele>6</ele><time>2026-04-26T18:12:02.141203Z</time></trkpt>
  <trkpt lat="37.4117325" lon="-121.9949636"><ele>6</ele><time>2026-04-26T18:12:02.242214Z</time></trkpt>
  <trkpt lat="37.4117322" lon="-121.9949634"><ele>6</ele><time>2026-04-26T18:12:02.343012Z</time></trkpt>
  <trkpt lat="37.4117320" lon="-121.9949633"><ele>6</ele><time>2026-04-26T18:12:02.443658Z</time></trkpt>
  <trkpt lat="37.4117317" lon="-121.9949630"><ele>6</ele><time>2026-04-26T18:12:02.544398Z</time></trkpt>
  <trkpt lat="37.4117313" lon="-121.9949626"><ele>6</ele><time>2026-04-26T18:12:02.644904Z</time></trkpt>
  <trkpt lat="37.4117313" lon="-121.9949626"><ele>6</ele><time>2026-04-26T18:12:02.674860Z</time></trkpt>
  <trkpt lat="37.4117309" lon="-121.9949622"><ele>6</ele><time>2026-04-26T18:12:02.745608Z</time></trkpt>
  <trkpt lat="37.4117306" lon="-121.9949619"><ele>6</ele><time>2026-04-26T18:12:02.846577Z</time></trkpt>
  <trkpt lat="37.4117303" lon="-121.9949616"><ele>6</ele><time>2026-04-26T18:12:02.947105Z</time></trkpt>
  <trkpt lat="37.4117301" lon="-121.9949613"><ele>6</ele><time>2026-04-26T18:12:03.048367Z</time></trkpt>
  <trkpt lat="37.4117301" lon="-121.9949611"><ele>6</ele><time>2026-04-26T18:12:03.148355Z</time></trkpt>
  <trkpt lat="37.4117306" lon="-121.9949612"><ele>6</ele><time>2026-04-26T18:12:03.249218Z</time></trkpt>
  <trkpt lat="37.4117320" lon="-121.9949619"><ele>6</ele><time>2026-04-26T18:12:03.350375Z</time></trkpt>
  <trkpt lat="37.4117344" lon="-121.9949636"><ele>6</ele><time>2026-04-26T18:12:03.451294Z</time></trkpt>
  <trkpt lat="37.4117375" lon="-121.9949662"><ele>6</ele><time>2026-04-26T18:12:03.551722Z</time></trkpt>
  <trkpt lat="37.4117410" lon="-121.9949692"><ele>7</ele><time>2026-04-26T18:12:03.633458Z</time></trkpt>
  <trkpt lat="37.4117450" lon="-121.9949722"><ele>7</ele><time>2026-04-26T18:12:03.734288Z</time></trkpt>
  <trkpt lat="37.4117495" lon="-121.9949752"><ele>7</ele><time>2026-04-26T18:12:03.835002Z</time></trkpt>
  <trkpt lat="37.4117539" lon="-121.9949776"><ele>8</ele><time>2026-04-26T18:12:03.935579Z</time></trkpt>
  <trkpt lat="37.4117584" lon="-121.9949799"><ele>8</ele><time>2026-04-26T18:12:04.035712Z</time></trkpt>
  <trkpt lat="37.4117634" lon="-121.9949815"><ele>8</ele><time>2026-04-26T18:12:04.136503Z</time></trkpt>
  <trkpt lat="37.4117690" lon="-121.9949831"><ele>9</ele><time>2026-04-26T18:12:04.237211Z</time></trkpt>
  <trkpt lat="37.4117746" lon="-121.9949848"><ele>9</ele><time>2026-04-26T18:12:04.337522Z</time></trkpt>
  <trkpt lat="37.4117805" lon="-121.9949867"><ele>10</ele><time>2026-04-26T18:12:04.438128Z</time></trkpt>
  <trkpt lat="37.4117867" lon="-121.9949888"><ele>10</ele><time>2026-04-26T18:12:04.539289Z</time></trkpt>
  <trkpt lat="37.4117930" lon="-121.9949913"><ele>10</ele><time>2026-04-26T18:12:04.640646Z</time></trkpt>
  <trkpt lat="37.4117997" lon="-121.9949942"><ele>11</ele><time>2026-04-26T18:12:04.739960Z</time></trkpt>
  <trkpt lat="37.4117997" lon="-121.9949942"><ele>11</ele><time>2026-04-26T18:12:04.817572Z</time></trkpt>
  <trkpt lat="37.4118066" lon="-121.9949975"><ele>11</ele><time>2026-04-26T18:12:04.840311Z</time></trkpt>
  <trkpt lat="37.4118137" lon="-121.9950009"><ele>11</ele><time>2026-04-26T18:12:04.941306Z</time></trkpt>
  <trkpt lat="37.4118212" lon="-121.9950045"><ele>12</ele><time>2026-04-26T18:12:05.041852Z</time></trkpt>
  <trkpt lat="37.4118290" lon="-121.9950083"><ele>12</ele><time>2026-04-26T18:12:05.142742Z</time></trkpt>
  <trkpt lat="37.4118371" lon="-121.9950123"><ele>12</ele><time>2026-04-26T18:12:05.244035Z</time></trkpt>
  <trkpt lat="37.4118451" lon="-121.9950166"><ele>13</ele><time>2026-04-26T18:12:05.344284Z</time></trkpt>
  <trkpt lat="37.4118532" lon="-121.9950212"><ele>13</ele><time>2026-04-26T18:12:05.444851Z</time></trkpt>
  <trkpt lat="37.4118614" lon="-121.9950259"><ele>13</ele><time>2026-04-26T18:12:05.545347Z</time></trkpt>
  <trkpt lat="37.4118695" lon="-121.9950307"><ele>14</ele><time>2026-04-26T18:12:05.645376Z</time></trkpt>
  <trkpt lat="37.4118774" lon="-121.9950353"><ele>14</ele><time>2026-04-26T18:12:05.746311Z</time></trkpt>
  <trkpt lat="37.4118853" lon="-121.9950400"><ele>15</ele><time>2026-04-26T18:12:05.846566Z</time></trkpt>
  <trkpt lat="37.4118938" lon="-121.9950445"><ele>15</ele><time>2026-04-26T18:12:05.947255Z</time></trkpt>
  <trkpt lat="37.4119024" lon="-121.9950491"><ele>16</ele><time>2026-04-26T18:12:06.028056Z</time></trkpt>
  <trkpt lat="37.4119112" lon="-121.9950534"><ele>16</ele><time>2026-04-26T18:12:06.128552Z</time></trkpt>
  <trkpt lat="37.4119204" lon="-121.9950576"><ele>17</ele><time>2026-04-26T18:12:06.228924Z</time></trkpt>
  <trkpt lat="37.4119298" lon="-121.9950615"><ele>17</ele><time>2026-04-26T18:12:06.329517Z</time></trkpt>
  <trkpt lat="37.4119395" lon="-121.9950653"><ele>17</ele><time>2026-04-26T18:12:06.430131Z</time></trkpt>
  <trkpt lat="37.4119494" lon="-121.9950691"><ele>18</ele><time>2026-04-26T18:12:06.530816Z</time></trkpt>
  <trkpt lat="37.4119593" lon="-121.9950731"><ele>18</ele><time>2026-04-26T18:12:06.632134Z</time></trkpt>
  <trkpt lat="37.4119690" lon="-121.9950773"><ele>19</ele><time>2026-04-26T18:12:06.732218Z</time></trkpt>
  <trkpt lat="37.4119785" lon="-121.9950819"><ele>19</ele><time>2026-04-26T18:12:06.832489Z</time></trkpt>
  <trkpt lat="37.4119878" lon="-121.9950872"><ele>20</ele><time>2026-04-26T18:12:06.932909Z</time></trkpt>
  <trkpt lat="37.4119878" lon="-121.9950872"><ele>20</ele><time>2026-04-26T18:12:06.977905Z</time></trkpt>
  <trkpt lat="37.4119967" lon="-121.9950930"><ele>21</ele><time>2026-04-26T18:12:07.033765Z</time></trkpt>
  <trkpt lat="37.4120049" lon="-121.9950994"><ele>21</ele><time>2026-04-26T18:12:07.134543Z</time></trkpt>
  <trkpt lat="37.4120130" lon="-121.9951061"><ele>22</ele><time>2026-04-26T18:12:07.235644Z</time></trkpt>
  <trkpt lat="37.4120212" lon="-121.9951130"><ele>23</ele><time>2026-04-26T18:12:07.335886Z</time></trkpt>
  <trkpt lat="37.4120295" lon="-121.9951200"><ele>23</ele><time>2026-04-26T18:12:07.436514Z</time></trkpt>
  <trkpt lat="37.4120380" lon="-121.9951268"><ele>24</ele><time>2026-04-26T18:12:07.537087Z</time></trkpt>
  <trkpt lat="37.4120467" lon="-121.9951337"><ele>24</ele><time>2026-04-26T18:12:07.638084Z</time></trkpt>
  <trkpt lat="37.4120555" lon="-121.9951405"><ele>25</ele><time>2026-04-26T18:12:07.738648Z</time></trkpt>
  <trkpt lat="37.4120643" lon="-121.9951471"><ele>26</ele><time>2026-04-26T18:12:07.839402Z</time></trkpt>
  <trkpt lat="37.4120730" lon="-121.9951534"><ele>26</ele><time>2026-04-26T18:12:07.940643Z</time></trkpt>
  <trkpt lat="37.4120819" lon="-121.9951592"><ele>27</ele><time>2026-04-26T18:12:08.021343Z</time></trkpt>
  <trkpt lat="37.4120910" lon="-121.9951646"><ele>28</ele><time>2026-04-26T18:12:08.121808Z</time></trkpt>
  <trkpt lat="37.4121003" lon="-121.9951698"><ele>28</ele><time>2026-04-26T18:12:08.222554Z</time></trkpt>
  <trkpt lat="37.4121098" lon="-121.9951749"><ele>29</ele><time>2026-04-26T18:12:08.322872Z</time></trkpt>
  <trkpt lat="37.4121195" lon="-121.9951800"><ele>30</ele><time>2026-04-26T18:12:08.422954Z</time></trkpt>
  <trkpt lat="37.4121293" lon="-121.9951851"><ele>30</ele><time>2026-04-26T18:12:08.523610Z</time></trkpt>
  <trkpt lat="37.4121391" lon="-121.9951902"><ele>31</ele><time>2026-04-26T18:12:08.624351Z</time></trkpt>
  <trkpt lat="37.4121488" lon="-121.9951953"><ele>32</ele><time>2026-04-26T18:12:08.724662Z</time></trkpt>
  <trkpt lat="37.4121585" lon="-121.9952003"><ele>33</ele><time>2026-04-26T18:12:08.825019Z</time></trkpt>
  <trkpt lat="37.4121681" lon="-121.9952053"><ele>33</ele><time>2026-04-26T18:12:08.925403Z</time></trkpt>
  <trkpt lat="37.4121776" lon="-121.9952102"><ele>34</ele><time>2026-04-26T18:12:09.026613Z</time></trkpt>
  <trkpt lat="37.4121870" lon="-121.9952149"><ele>35</ele><time>2026-04-26T18:12:09.127623Z</time></trkpt>
  <trkpt lat="37.4121870" lon="-121.9952149"><ele>35</ele><time>2026-04-26T18:12:09.131673Z</time></trkpt>
  <trkpt lat="37.4121965" lon="-121.9952195"><ele>36</ele><time>2026-04-26T18:12:09.228217Z</time></trkpt>
  <trkpt lat="37.4122059" lon="-121.9952240"><ele>37</ele><time>2026-04-26T18:12:09.329351Z</time></trkpt>
  <trkpt lat="37.4122154" lon="-121.9952284"><ele>38</ele><time>2026-04-26T18:12:09.429427Z</time></trkpt>
  <trkpt lat="37.4122249" lon="-121.9952325"><ele>38</ele><time>2026-04-26T18:12:09.530036Z</time></trkpt>
  <trkpt lat="37.4122345" lon="-121.9952366"><ele>39</ele><time>2026-04-26T18:12:09.631291Z</time></trkpt>
  <trkpt lat="37.4122442" lon="-121.9952406"><ele>40</ele><time>2026-04-26T18:12:09.731436Z</time></trkpt>
  <trkpt lat="37.4122539" lon="-121.9952444"><ele>41</ele><time>2026-04-26T18:12:09.831846Z</time></trkpt>
  <trkpt lat="37.4122638" lon="-121.9952483"><ele>42</ele><time>2026-04-26T18:12:09.932283Z</time></trkpt>
  <trkpt lat="37.4122738" lon="-121.9952519"><ele>42</ele><time>2026-04-26T18:12:10.033176Z</time></trkpt>
  <trkpt lat="37.4122836" lon="-121.9952553"><ele>43</ele><time>2026-04-26T18:12:10.133239Z</time></trkpt>
  <trkpt lat="37.4122936" lon="-121.9952583"><ele>44</ele><time>2026-04-26T18:12:10.233755Z</time></trkpt>
  <trkpt lat="37.4123036" lon="-121.9952612"><ele>44</ele><time>2026-04-26T18:12:10.334720Z</time></trkpt>
  <trkpt lat="37.4123135" lon="-121.9952639"><ele>45</ele><time>2026-04-26T18:12:10.435388Z</time></trkpt>
  <trkpt lat="37.4123232" lon="-121.9952667"><ele>46</ele><time>2026-04-26T18:12:10.535890Z</time></trkpt>
  <trkpt lat="37.4123330" lon="-121.9952695"><ele>47</ele><time>2026-04-26T18:12:10.636279Z</time></trkpt>
  <trkpt lat="37.4123428" lon="-121.9952723"><ele>47</ele><time>2026-04-26T18:12:10.737137Z</time></trkpt>
  <trkpt lat="37.4123526" lon="-121.9952753"><ele>48</ele><time>2026-04-26T18:12:10.837485Z</time></trkpt>
  <trkpt lat="37.4123623" lon="-121.9952785"><ele>49</ele><time>2026-04-26T18:12:10.938547Z</time></trkpt>
  <trkpt lat="37.4123721" lon="-121.9952818"><ele>49</ele><time>2026-04-26T18:12:11.018697Z</time></trkpt>
  <trkpt lat="37.4123818" lon="-121.9952851"><ele>50</ele><time>2026-04-26T18:12:11.119204Z</time></trkpt>
  <trkpt lat="37.4123916" lon="-121.9952885"><ele>51</ele><time>2026-04-26T18:12:11.219243Z</time></trkpt>
  <trkpt lat="37.4123916" lon="-121.9952885"><ele>51</ele><time>2026-04-26T18:12:11.283721Z</time></trkpt>
  <trkpt lat="37.4124013" lon="-121.9952921"><ele>51</ele><time>2026-04-26T18:12:11.320020Z</time></trkpt>
  <trkpt lat="37.4124108" lon="-121.9952957"><ele>52</ele><time>2026-04-26T18:12:11.421904Z</time></trkpt>
  <trkpt lat="37.4124202" lon="-121.9952995"><ele>53</ele><time>2026-04-26T18:12:11.522519Z</time></trkpt>
  <trkpt lat="37.4124296" lon="-121.9953032"><ele>53</ele><time>2026-04-26T18:12:11.623180Z</time></trkpt>
  <trkpt lat="37.4124388" lon="-121.9953068"><ele>54</ele><time>2026-04-26T18:12:11.724268Z</time></trkpt>
  <trkpt lat="37.4124478" lon="-121.9953105"><ele>55</ele><time>2026-04-26T18:12:11.824458Z</time></trkpt>
  <trkpt lat="37.4124567" lon="-121.9953140"><ele>56</ele><time>2026-04-26T18:12:11.925481Z</time></trkpt>
  <trkpt lat="37.4124657" lon="-121.9953176"><ele>56</ele><time>2026-04-26T18:12:12.026196Z</time></trkpt>
  <trkpt lat="37.4124750" lon="-121.9953211"><ele>57</ele><time>2026-04-26T18:12:12.126672Z</time></trkpt>
  <trkpt lat="37.4124842" lon="-121.9953245"><ele>58</ele><time>2026-04-26T18:12:12.227141Z</time></trkpt>
  <trkpt lat="37.4124935" lon="-121.9953278"><ele>58</ele><time>2026-04-26T18:12:12.327783Z</time></trkpt>
  <trkpt lat="37.4125028" lon="-121.9953311"><ele>59</ele><time>2026-04-26T18:12:12.428469Z</time></trkpt>
  <trkpt lat="37.4125120" lon="-121.9953343"><ele>60</ele><time>2026-04-26T18:12:12.529232Z</time></trkpt>
  <trkpt lat="37.4125214" lon="-121.9953374"><ele>60</ele><time>2026-04-26T18:12:12.629589Z</time></trkpt>
  <trkpt lat="37.4125310" lon="-121.9953405"><ele>61</ele><time>2026-04-26T18:12:12.730612Z</time></trkpt>
  <trkpt lat="37.4125407" lon="-121.9953435"><ele>62</ele><time>2026-04-26T18:12:12.831090Z</time></trkpt>
  <trkpt lat="37.4125506" lon="-121.9953466"><ele>62</ele><time>2026-04-26T18:12:12.931284Z</time></trkpt>
  <trkpt lat="37.4125610" lon="-121.9953496"><ele>63</ele><time>2026-04-26T18:12:13.031975Z</time></trkpt>
  <trkpt lat="37.4125715" lon="-121.9953525"><ele>63</ele><time>2026-04-26T18:12:13.132617Z</time></trkpt>
  <trkpt lat="37.4125819" lon="-121.9953556"><ele>64</ele><time>2026-04-26T18:12:13.233086Z</time></trkpt>
  <trkpt lat="37.4125923" lon="-121.9953587"><ele>65</ele><time>2026-04-26T18:12:13.333424Z</time></trkpt>
  <trkpt lat="37.4125923" lon="-121.9953587"><ele>65</ele><time>2026-04-26T18:12:13.431740Z</time></trkpt>
  <trkpt lat="37.4126029" lon="-121.9953616"><ele>65</ele><time>2026-04-26T18:12:13.433857Z</time></trkpt>
  <trkpt lat="37.4126135" lon="-121.9953643"><ele>66</ele><time>2026-04-26T18:12:13.534319Z</time></trkpt>
  <trkpt lat="37.4126239" lon="-121.9953671"><ele>66</ele><time>2026-04-26T18:12:13.635172Z</time></trkpt>
  <trkpt lat="37.4126341" lon="-121.9953700"><ele>67</ele><time>2026-04-26T18:12:13.715737Z</time></trkpt>
  <trkpt lat="37.4126443" lon="-121.9953729"><ele>68</ele><time>2026-04-26T18:12:13.816426Z</time></trkpt>
  <trkpt lat="37.4126546" lon="-121.9953759"><ele>69</ele><time>2026-04-26T18:12:13.916841Z</time></trkpt>
  <trkpt lat="37.4126650" lon="-121.9953790"><ele>69</ele><time>2026-04-26T18:12:14.016981Z</time></trkpt>
  <trkpt lat="37.4126753" lon="-121.9953823"><ele>70</ele><time>2026-04-26T18:12:14.117414Z</time></trkpt>
  <trkpt lat="37.4126853" lon="-121.9953863"><ele>71</ele><time>2026-04-26T18:12:14.218218Z</time></trkpt>
  <trkpt lat="37.4126960" lon="-121.9953905"><ele>71</ele><time>2026-04-26T18:12:14.318859Z</time></trkpt>
  <trkpt lat="37.4127071" lon="-121.9953946"><ele>71</ele><time>2026-04-26T18:12:14.419190Z</time></trkpt>
  <trkpt lat="37.4127177" lon="-121.9953994"><ele>72</ele><time>2026-04-26T18:12:14.520629Z</time></trkpt>
  <trkpt lat="37.4127280" lon="-121.9954048"><ele>73</ele><time>2026-04-26T18:12:14.621642Z</time></trkpt>
  <trkpt lat="37.4127385" lon="-121.9954106"><ele>73</ele><time>2026-04-26T18:12:14.722449Z</time></trkpt>
  <trkpt lat="37.4127492" lon="-121.9954163"><ele>74</ele><time>2026-04-26T18:12:14.823579Z</time></trkpt>
  <trkpt lat="37.4127600" lon="-121.9954222"><ele>74</ele><time>2026-04-26T18:12:14.924522Z</time></trkpt>
  <trkpt lat="37.4127712" lon="-121.9954281"><ele>74</ele><time>2026-04-26T18:12:15.026225Z</time></trkpt>
  <trkpt lat="37.4127827" lon="-121.9954341"><ele>74</ele><time>2026-04-26T18:12:15.125582Z</time></trkpt>
  <trkpt lat="37.4127946" lon="-121.9954397"><ele>75</ele><time>2026-04-26T18:12:15.225943Z</time></trkpt>
  <trkpt lat="37.4128068" lon="-121.9954449"><ele>75</ele><time>2026-04-26T18:12:15.327121Z</time></trkpt>
  <trkpt lat="37.4128196" lon="-121.9954496"><ele>75</ele><time>2026-04-26T18:12:15.427231Z</time></trkpt>
  <trkpt lat="37.4128326" lon="-121.9954538"><ele>75</ele><time>2026-04-26T18:12:15.528028Z</time></trkpt>
  <trkpt lat="37.4128326" lon="-121.9954538"><ele>75</ele><time>2026-04-26T18:12:15.591047Z</time></trkpt>
  <trkpt lat="37.4128456" lon="-121.9954577"><ele>75</ele><time>2026-04-26T18:12:15.628592Z</time></trkpt>
  <trkpt lat="37.4128585" lon="-121.9954613"><ele>76</ele><time>2026-04-26T18:12:15.729017Z</time></trkpt>
  <trkpt lat="37.4128713" lon="-121.9954647"><ele>76</ele><time>2026-04-26T18:12:15.829361Z</time></trkpt>
  <trkpt lat="37.4128836" lon="-121.9954678"><ele>77</ele><time>2026-04-26T18:12:15.929952Z</time></trkpt>
  <trkpt lat="37.4128954" lon="-121.9954708"><ele>77</ele><time>2026-04-26T18:12:16.030540Z</time></trkpt>
  <trkpt lat="37.4129070" lon="-121.9954735"><ele>78</ele><time>2026-04-26T18:12:16.131400Z</time></trkpt>
  <trkpt lat="37.4129184" lon="-121.9954761"><ele>79</ele><time>2026-04-26T18:12:16.211621Z</time></trkpt>
  <trkpt lat="37.4129296" lon="-121.9954786"><ele>79</ele><time>2026-04-26T18:12:16.332724Z</time></trkpt>
  <trkpt lat="37.4129406" lon="-121.9954808"><ele>80</ele><time>2026-04-26T18:12:16.413739Z</time></trkpt>
  <trkpt lat="37.4129515" lon="-121.9954828"><ele>81</ele><time>2026-04-26T18:12:16.514493Z</time></trkpt>
  <trkpt lat="37.4129621" lon="-121.9954847"><ele>81</ele><time>2026-04-26T18:12:16.614811Z</time></trkpt>
  <trkpt lat="37.4129727" lon="-121.9954863"><ele>82</ele><time>2026-04-26T18:12:16.715499Z</time></trkpt>
  <trkpt lat="37.4129830" lon="-121.9954875"><ele>83</ele><time>2026-04-26T18:12:16.815862Z</time></trkpt>
  <trkpt lat="37.4129934" lon="-121.9954884"><ele>84</ele><time>2026-04-26T18:12:16.916499Z</time></trkpt>
  <trkpt lat="37.4130037" lon="-121.9954891"><ele>84</ele><time>2026-04-26T18:12:17.016688Z</time></trkpt>
  <trkpt lat="37.4130139" lon="-121.9954897"><ele>85</ele><time>2026-04-26T18:12:17.117005Z</time></trkpt>
  <trkpt lat="37.4130242" lon="-121.9954902"><ele>86</ele><time>2026-04-26T18:12:17.217487Z</time></trkpt>
  <trkpt lat="37.4130345" lon="-121.9954905"><ele>86</ele><time>2026-04-26T18:12:17.318001Z</time></trkpt>
  <trkpt lat="37.4130447" lon="-121.9954908"><ele>87</ele><time>2026-04-26T18:12:17.418218Z</time></trkpt>
  <trkpt lat="37.4130553" lon="-121.9954912"><ele>88</ele><time>2026-04-26T18:12:17.518547Z</time></trkpt>
  <trkpt lat="37.4130662" lon="-121.9954918"><ele>88</ele><time>2026-04-26T18:12:17.619244Z</time></trkpt>
  <trkpt lat="37.4130773" lon="-121.9954925"><ele>89</ele><time>2026-04-26T18:12:17.719589Z</time></trkpt>
  <trkpt lat="37.4130773" lon="-121.9954925"><ele>89</ele><time>2026-04-26T18:12:17.748186Z</time></trkpt>
  <trkpt lat="37.4130885" lon="-121.9954934"><ele>89</ele><time>2026-04-26T18:12:17.820300Z</time></trkpt>
  <trkpt lat="37.4130999" lon="-121.9954948"><ele>90</ele><time>2026-04-26T18:12:17.921032Z</time></trkpt>
  <trkpt lat="37.4131114" lon="-121.9954963"><ele>90</ele><time>2026-04-26T18:12:18.021702Z</time></trkpt>
  <trkpt lat="37.4131227" lon="-121.9954982"><ele>91</ele><time>2026-04-26T18:12:18.122840Z</time></trkpt>
  <trkpt lat="37.4131339" lon="-121.9955005"><ele>91</ele><time>2026-04-26T18:12:18.223214Z</time></trkpt>
  <trkpt lat="37.4131452" lon="-121.9955033"><ele>92</ele><time>2026-04-26T18:12:18.323576Z</time></trkpt>
  <trkpt lat="37.4131567" lon="-121.9955059"><ele>92</ele><time>2026-04-26T18:12:18.424753Z</time></trkpt>
  <trkpt lat="37.4131685" lon="-121.9955085"><ele>93</ele><time>2026-04-26T18:12:18.524946Z</time></trkpt>
  <trkpt lat="37.4131805" lon="-121.9955111"><ele>93</ele><time>2026-04-26T18:12:18.625509Z</time></trkpt>
  <trkpt lat="37.4131927" lon="-121.9955132"><ele>94</ele><time>2026-04-26T18:12:18.726270Z</time></trkpt>
  <trkpt lat="37.4132049" lon="-121.9955151"><ele>94</ele><time>2026-04-26T18:12:18.827542Z</time></trkpt>
  <trkpt lat="37.4132171" lon="-121.9955165"><ele>95</ele><time>2026-04-26T18:12:18.928253Z</time></trkpt>
  <trkpt lat="37.4132293" lon="-121.9955175"><ele>95</ele><time>2026-04-26T18:12:19.008842Z</time></trkpt>
  <trkpt lat="37.4132413" lon="-121.9955182"><ele>96</ele><time>2026-04-26T18:12:19.108925Z</time></trkpt>
  <trkpt lat="37.4132531" lon="-121.9955186"><ele>96</ele><time>2026-04-26T18:12:19.209317Z</time></trkpt>
  <trkpt lat="37.4132648" lon="-121.9955187"><ele>97</ele><time>2026-04-26T18:12:19.309791Z</time></trkpt>
  <trkpt lat="37.4132765" lon="-121.9955189"><ele>98</ele><time>2026-04-26T18:12:19.410120Z</time></trkpt>
  <trkpt lat="37.4132883" lon="-121.9955193"><ele>99</ele><time>2026-04-26T18:12:19.510313Z</time></trkpt>
  <trkpt lat="37.4133000" lon="-121.9955201"><ele>99</ele><time>2026-04-26T18:12:19.610921Z</time></trkpt>
  <trkpt lat="37.4133119" lon="-121.9955211"><ele>100</ele><time>2026-04-26T18:12:19.711523Z</time></trkpt>
  <trkpt lat="37.4133240" lon="-121.9955225"><ele>100</ele><time>2026-04-26T18:12:19.811498Z</time></trkpt>
  <trkpt lat="37.4133363" lon="-121.9955245"><ele>101</ele><time>2026-04-26T18:12:19.912091Z</time></trkpt>
  <trkpt lat="37.4133363" lon="-121.9955245"><ele>101</ele><time>2026-04-26T18:12:19.913635Z</time></trkpt>
  <trkpt lat="37.4133487" lon="-121.9955269"><ele>101</ele><time>2026-04-26T18:12:20.012892Z</time></trkpt>
  <trkpt lat="37.4133612" lon="-121.9955300"><ele>102</ele><time>2026-04-26T18:12:20.112863Z</time></trkpt>
  <trkpt lat="37.4133735" lon="-121.9955345"><ele>102</ele><time>2026-04-26T18:12:20.213680Z</time></trkpt>
  <trkpt lat="37.4133847" lon="-121.9955413"><ele>102</ele><time>2026-04-26T18:12:20.314405Z</time></trkpt>
  <trkpt lat="37.4133937" lon="-121.9955506"><ele>102</ele><time>2026-04-26T18:12:20.414443Z</time></trkpt>
  <trkpt lat="37.4134000" lon="-121.9955624"><ele>102</ele><time>2026-04-26T18:12:20.514812Z</time></trkpt>
  <trkpt lat="37.4134053" lon="-121.9955756"><ele>102</ele><time>2026-04-26T18:12:20.615578Z</time></trkpt>
  <trkpt lat="37.4134083" lon="-121.9955902"><ele>101</ele><time>2026-04-26T18:12:20.716195Z</time></trkpt>
  <trkpt lat="37.4134080" lon="-121.9956049"><ele>101</ele><time>2026-04-26T18:12:20.817182Z</time></trkpt>
  <trkpt lat="37.4134052" lon="-121.9956191"><ele>100</ele><time>2026-04-26T18:12:20.916927Z</time></trkpt>
  <trkpt lat="37.4134009" lon="-121.9956326"><ele>100</ele><time>2026-04-26T18:12:21.017263Z</time></trkpt>
  <trkpt lat="37.4133943" lon="-121.9956453"><ele>99</ele><time>2026-04-26T18:12:21.118445Z</time></trkpt>
  <trkpt lat="37.4133863" lon="-121.9956545"><ele>98</ele><time>2026-04-26T18:12:21.219791Z</time></trkpt>
  <trkpt lat="37.4133764" lon="-121.9956605"><ele>97</ele><time>2026-04-26T18:12:21.320450Z</time></trkpt>
  <trkpt lat="37.4133655" lon="-121.9956640"><ele>96</ele><time>2026-04-26T18:12:21.420883Z</time></trkpt>
  <trkpt lat="37.4133540" lon="-121.9956650"><ele>95</ele><time>2026-04-26T18:12:21.520945Z</time></trkpt>
  <trkpt lat="37.4133416" lon="-121.9956632"><ele>93</ele><time>2026-04-26T18:12:21.621935Z</time></trkpt>
  <trkpt lat="37.4133277" lon="-121.9956586"><ele>93</ele><time>2026-04-26T18:12:21.722917Z</time></trkpt>
  <trkpt lat="37.4133136" lon="-121.9956527"><ele>92</ele><time>2026-04-26T18:12:21.823566Z</time></trkpt>
  <trkpt lat="37.4132990" lon="-121.9956469"><ele>91</ele><time>2026-04-26T18:12:21.924537Z</time></trkpt>
  <trkpt lat="37.4132841" lon="-121.9956408"><ele>91</ele><time>2026-04-26T18:12:22.025084Z</time></trkpt>
  <trkpt lat="37.4132841" lon="-121.9956408"><ele>91</ele><time>2026-04-26T18:12:22.070297Z</time></trkpt>
  <trkpt lat="37.4132688" lon="-121.9956343"><ele>90</ele><time>2026-04-26T18:12:22.125411Z</time></trkpt>
  <trkpt lat="37.4132531" lon="-121.9956274"><ele>89</ele><time>2026-04-26T18:12:22.205875Z</time></trkpt>
  <trkpt lat="37.4132370" lon="-121.9956202"><ele>89</ele><time>2026-04-26T18:12:22.306224Z</time></trkpt>
  <trkpt lat="37.4132209" lon="-121.9956126"><ele>88</ele><time>2026-04-26T18:12:22.406662Z</time></trkpt>
  <trkpt lat="37.4132051" lon="-121.9956054"><ele>87</ele><time>2026-04-26T18:12:22.507430Z</time></trkpt>
  <trkpt lat="37.4131892" lon="-121.9955986"><ele>86</ele><time>2026-04-26T18:12:22.608006Z</time></trkpt>
  <trkpt lat="37.4131726" lon="-121.9955918"><ele>85</ele><time>2026-04-26T18:12:22.708655Z</time></trkpt>
  <trkpt lat="37.4131557" lon="-121.9955855"><ele>84</ele><time>2026-04-26T18:12:22.809229Z</time></trkpt>
  <trkpt lat="37.4131384" lon="-121.9955796"><ele>83</ele><time>2026-04-26T18:12:22.910369Z</time></trkpt>
  <trkpt lat="37.4131210" lon="-121.9955740"><ele>82</ele><time>2026-04-26T18:12:23.010734Z</time></trkpt>
  <trkpt lat="37.4131032" lon="-121.9955685"><ele>81</ele><time>2026-04-26T18:12:23.111359Z</time></trkpt>
  <trkpt lat="37.4130853" lon="-121.9955633"><ele>80</ele><time>2026-04-26T18:12:23.212428Z</time></trkpt>
  <trkpt lat="37.4130672" lon="-121.9955586"><ele>79</ele><time>2026-04-26T18:12:23.314080Z</time></trkpt>
  <trkpt lat="37.4130488" lon="-121.9955540"><ele>78</ele><time>2026-04-26T18:12:23.414795Z</time></trkpt>
  <trkpt lat="37.4130303" lon="-121.9955496"><ele>76</ele><time>2026-04-26T18:12:23.515801Z</time></trkpt>
  <trkpt lat="37.4130115" lon="-121.9955458"><ele>75</ele><time>2026-04-26T18:12:23.616383Z</time></trkpt>
  <trkpt lat="37.4129926" lon="-121.9955423"><ele>74</ele><time>2026-04-26T18:12:23.717654Z</time></trkpt>
  <trkpt lat="37.4129736" lon="-121.9955391"><ele>73</ele><time>2026-04-26T18:12:23.818291Z</time></trkpt>
  <trkpt lat="37.4129543" lon="-121.9955358"><ele>72</ele><time>2026-04-26T18:12:23.918604Z</time></trkpt>
  <trkpt lat="37.4129350" lon="-121.9955311"><ele>71</ele><time>2026-04-26T18:12:24.019688Z</time></trkpt>
  <trkpt lat="37.4129167" lon="-121.9955237"><ele>69</ele><time>2026-04-26T18:12:24.119354Z</time></trkpt>
  <trkpt lat="37.4129167" lon="-121.9955237"><ele>69</ele><time>2026-04-26T18:12:24.212708Z</time></trkpt>
  <trkpt lat="37.4128993" lon="-121.9955153"><ele>68</ele><time>2026-04-26T18:12:24.220160Z</time></trkpt>
  <trkpt lat="37.4128830" lon="-121.9955065"><ele>66</ele><time>2026-04-26T18:12:24.320427Z</time></trkpt>
  <trkpt lat="37.4128655" lon="-121.9955008"><ele>65</ele><time>2026-04-26T18:12:24.420550Z</time></trkpt>
  <trkpt lat="37.4128480" lon="-121.9954991"><ele>63</ele><time>2026-04-26T18:12:24.521319Z</time></trkpt>
  <trkpt lat="37.4128294" lon="-121.9955020"><ele>61</ele><time>2026-04-26T18:12:24.602964Z</time></trkpt>
  <trkpt lat="37.4128144" lon="-121.9955134"><ele>60</ele><time>2026-04-26T18:12:24.703390Z</time></trkpt>
  <trkpt lat="37.4128025" lon="-121.9955327"><ele>59</ele><time>2026-04-26T18:12:24.804491Z</time></trkpt>
  <trkpt lat="37.4127946" lon="-121.9955568"><ele>58</ele><time>2026-04-26T18:12:24.904668Z</time></trkpt>
  <trkpt lat="37.4127896" lon="-121.9955801"><ele>58</ele><time>2026-04-26T18:12:25.005570Z</time></trkpt>
  <trkpt lat="37.4127887" lon="-121.9956027"><ele>58</ele><time>2026-04-26T18:12:25.106573Z</time></trkpt>
  <trkpt lat="37.4127911" lon="-121.9956238"><ele>58</ele><time>2026-04-26T18:12:25.206949Z</time></trkpt>
  <trkpt lat="37.4127975" lon="-121.9956407"><ele>57</ele><time>2026-04-26T18:12:25.307645Z</time></trkpt>
  <trkpt lat="37.4128067" lon="-121.9956565"><ele>57</ele><time>2026-04-26T18:12:25.408073Z</time></trkpt>
  <trkpt lat="37.4128170" lon="-121.9956686"><ele>58</ele><time>2026-04-26T18:12:25.508549Z</time></trkpt>
  <trkpt lat="37.4128292" lon="-121.9956764"><ele>59</ele><time>2026-04-26T18:12:25.608777Z</time></trkpt>
  <trkpt lat="37.4128431" lon="-121.9956802"><ele>60</ele><time>2026-04-26T18:12:25.709556Z</time></trkpt>
  <trkpt lat="37.4128602" lon="-121.9956816"><ele>61</ele><time>2026-04-26T18:12:25.809975Z</time></trkpt>
  <trkpt lat="37.4128782" lon="-121.9956811"><ele>62</ele><time>2026-04-26T18:12:25.910295Z</time></trkpt>
  <trkpt lat="37.4128975" lon="-121.9956796"><ele>64</ele><time>2026-04-26T18:12:26.010903Z</time></trkpt>
  <trkpt lat="37.4129166" lon="-121.9956786"><ele>65</ele><time>2026-04-26T18:12:26.111681Z</time></trkpt>
  <trkpt lat="37.4129379" lon="-121.9956733"><ele>66</ele><time>2026-04-26T18:12:26.212471Z</time></trkpt>
  <trkpt lat="37.4129627" lon="-121.9956674"><ele>67</ele><time>2026-04-26T18:12:26.312875Z</time></trkpt>
  <trkpt lat="37.4129627" lon="-121.9956674"><ele>67</ele><time>2026-04-26T18:12:26.365191Z</time></trkpt>
  <trkpt lat="37.4129847" lon="-121.9956620"><ele>67</ele><time>2026-04-26T18:12:26.413645Z</time></trkpt>
  <trkpt lat="37.4130065" lon="-121.9956542"><ele>67</ele><time>2026-04-26T18:12:26.514994Z</time></trkpt>
  <trkpt lat="37.4130266" lon="-121.9956456"><ele>67</ele><time>2026-04-26T18:12:26.616174Z</time></trkpt>
  <trkpt lat="37.4130438" lon="-121.9956366"><ele>67</ele><time>2026-04-26T18:12:26.716475Z</time></trkpt>
  <trkpt lat="37.4130552" lon="-121.9956288"><ele>67</ele><time>2026-04-26T18:12:26.817423Z</time></trkpt>
  <trkpt lat="37.4130621" lon="-121.9956224"><ele>68</ele><time>2026-04-26T18:12:26.918172Z</time></trkpt>
  <trkpt lat="37.4130644" lon="-121.9956169"><ele>68</ele><time>2026-04-26T18:12:26.999024Z</time></trkpt>
  <trkpt lat="37.4130590" lon="-121.9956142"><ele>68</ele><time>2026-04-26T18:12:27.099630Z</time></trkpt>
  <trkpt lat="37.4130519" lon="-121.9956114"><ele>69</ele><time>2026-04-26T18:12:27.200810Z</time></trkpt>
  <trkpt lat="37.4130447" lon="-121.9956075"><ele>68</ele><time>2026-04-26T18:12:27.301782Z</time></trkpt>
  <trkpt lat="37.4130361" lon="-121.9956059"><ele>68</ele><time>2026-04-26T18:12:27.402266Z</time></trkpt>
  <trkpt lat="37.4130250" lon="-121.9956046"><ele>67</ele><time>2026-04-26T18:12:27.502723Z</time></trkpt>
  <trkpt lat="37.4130115" lon="-121.9956021"><ele>67</ele><time>2026-04-26T18:12:27.603491Z</time></trkpt>
  <trkpt lat="37.4129967" lon="-121.9956002"><ele>66</ele><time>2026-04-26T18:12:27.703915Z</time></trkpt>
  <trkpt lat="37.4129809" lon="-121.9955996"><ele>66</ele><time>2026-04-26T18:12:27.804635Z</time></trkpt>
  <trkpt lat="37.4129650" lon="-121.9955990"><ele>66</ele><time>2026-04-26T18:12:27.905639Z</time></trkpt>
  <trkpt lat="37.4129485" lon="-121.9955980"><ele>66</ele><time>2026-04-26T18:12:28.006093Z</time></trkpt>
  <trkpt lat="37.4129312" lon="-121.9955967"><ele>67</ele><time>2026-04-26T18:12:28.107215Z</time></trkpt>
  <trkpt lat="37.4129123" lon="-121.9955944"><ele>67</ele><time>2026-04-26T18:12:28.207130Z</time></trkpt>
  <trkpt lat="37.4128928" lon="-121.9955915"><ele>67</ele><time>2026-04-26T18:12:28.307427Z</time></trkpt>
  <trkpt lat="37.4128731" lon="-121.9955880"><ele>67</ele><time>2026-04-26T18:12:28.408017Z</time></trkpt>
  <trkpt lat="37.4128536" lon="-121.9955833"><ele>66</ele><time>2026-04-26T18:12:28.508558Z</time></trkpt>
  <trkpt lat="37.4128536" lon="-121.9955833"><ele>66</ele><time>2026-04-26T18:12:28.519682Z</time></trkpt>
  <trkpt lat="37.4128325" lon="-121.9955777"><ele>65</ele><time>2026-04-26T18:12:28.608854Z</time></trkpt>
  <trkpt lat="37.4128092" lon="-121.9955742"><ele>64</ele><time>2026-04-26T18:12:28.709437Z</time></trkpt>
  <trkpt lat="37.4127836" lon="-121.9955735"><ele>63</ele><time>2026-04-26T18:12:28.809717Z</time></trkpt>
  <trkpt lat="37.4127584" lon="-121.9955792"><ele>61</ele><time>2026-04-26T18:12:28.910161Z</time></trkpt>
  <trkpt lat="37.4127353" lon="-121.9955888"><ele>57</ele><time>2026-04-26T18:12:29.010947Z</time></trkpt>
  <trkpt lat="37.4127185" lon="-121.9955997"><ele>55</ele><time>2026-04-26T18:12:29.111571Z</time></trkpt>
  <trkpt lat="37.4127062" lon="-121.9956128"><ele>53</ele><time>2026-04-26T18:12:29.211772Z</time></trkpt>
  <trkpt lat="37.4126990" lon="-121.9956274"><ele>51</ele><time>2026-04-26T18:12:29.312045Z</time></trkpt>
  <trkpt lat="37.4126953" lon="-121.9956433"><ele>49</ele><time>2026-04-26T18:12:29.412502Z</time></trkpt>
  <trkpt lat="37.4126958" lon="-121.9956590"><ele>47</ele><time>2026-04-26T18:12:29.512614Z</time></trkpt>
  <trkpt lat="37.4126972" lon="-121.9956733"><ele>46</ele><time>2026-04-26T18:12:29.613481Z</time></trkpt>
  <trkpt lat="37.4126968" lon="-121.9956879"><ele>44</ele><time>2026-04-26T18:12:29.713982Z</time></trkpt>
  <trkpt lat="37.4126970" lon="-121.9957025"><ele>41</ele><time>2026-04-26T18:12:29.794551Z</time></trkpt>
  <trkpt lat="37.4126953" lon="-121.9957186"><ele>39</ele><time>2026-04-26T18:12:29.895555Z</time></trkpt>
  <trkpt lat="37.4126897" lon="-121.9957337"><ele>37</ele><time>2026-04-26T18:12:29.995788Z</time></trkpt>
  <trkpt lat="37.4126837" lon="-121.9957485"><ele>34</ele><time>2026-04-26T18:12:30.096013Z</time></trkpt>
  <trkpt lat="37.4126771" lon="-121.9957644"><ele>32</ele><time>2026-04-26T18:12:30.196715Z</time></trkpt>
  <trkpt lat="37.4126685" lon="-121.9957810"><ele>29</ele><time>2026-04-26T18:12:30.297774Z</time></trkpt>
  <trkpt lat="37.4126634" lon="-121.9957941"><ele>27</ele><time>2026-04-26T18:12:30.398845Z</time></trkpt>
  <trkpt lat="37.4126632" lon="-121.9958038"><ele>25</ele><time>2026-04-26T18:12:30.499138Z</time></trkpt>
  <trkpt lat="37.4126645" lon="-121.9958102"><ele>23</ele><time>2026-04-26T18:12:30.599565Z</time></trkpt>
  <trkpt lat="37.4126645" lon="-121.9958102"><ele>23</ele><time>2026-04-26T18:12:30.680699Z</time></trkpt>
  <trkpt lat="37.4126677" lon="-121.9958164"><ele>21</ele><time>2026-04-26T18:12:30.700374Z</time></trkpt>
  <trkpt lat="37.4126735" lon="-121.9958236"><ele>19</ele><time>2026-04-26T18:12:30.801179Z</time></trkpt>
  <trkpt lat="37.4126831" lon="-121.9958332"><ele>17</ele><time>2026-04-26T18:12:30.901337Z</time></trkpt>
  <trkpt lat="37.4126963" lon="-121.9958451"><ele>17</ele><time>2026-04-26T18:12:31.001858Z</time></trkpt>
  <trkpt lat="37.4127098" lon="-121.9958583"><ele>15</ele><time>2026-04-26T18:12:31.102688Z</time></trkpt>
  <trkpt lat="37.4127246" lon="-121.9958720"><ele>14</ele><time>2026-04-26T18:12:31.203169Z</time></trkpt>
  <trkpt lat="37.4127402" lon="-121.9958831"><ele>13</ele><time>2026-04-26T18:12:31.303628Z</time></trkpt>
  <trkpt lat="37.4127550" lon="-121.9958931"><ele>12</ele><time>2026-04-26T18:12:31.404639Z</time></trkpt>
  <trkpt lat="37.4127682" lon="-121.9959023"><ele>10</ele><time>2026-04-26T18:12:31.506100Z</time></trkpt>
  <trkpt lat="37.4127812" lon="-121.9959124"><ele>9</ele><time>2026-04-26T18:12:31.607196Z</time></trkpt>
  <trkpt lat="37.4127922" lon="-121.9959196"><ele>7</ele><time>2026-04-26T18:12:31.708793Z</time></trkpt>
  <trkpt lat="37.4128044" lon="-121.9959250"><ele>5</ele><time>2026-04-26T18:12:31.809594Z</time></trkpt>
  <trkpt lat="37.4128149" lon="-121.9959281"><ele>3</ele><time>2026-04-26T18:12:31.910161Z</time></trkpt>
  <trkpt lat="37.4128221" lon="-121.9959261"><ele>1</ele><time>2026-04-26T18:12:32.010685Z</time></trkpt>
  <trkpt lat="37.4128296" lon="-121.9959208"><ele>-1</ele><time>2026-04-26T18:12:32.091240Z</time></trkpt>
  <trkpt lat="37.4128360" lon="-121.9959172"><ele>-3</ele><time>2026-04-26T18:12:32.192053Z</time></trkpt>
  <trkpt lat="37.4128412" lon="-121.9959122"><ele>-6</ele><time>2026-04-26T18:12:32.293438Z</time></trkpt>
  <trkpt lat="37.4128433" lon="-121.9959056"><ele>-9</ele><time>2026-04-26T18:12:32.394601Z</time></trkpt>
  <trkpt lat="37.4128420" lon="-121.9958966"><ele>-11</ele><time>2026-04-26T18:12:32.495916Z</time></trkpt>
  <trkpt lat="37.4128421" lon="-121.9958705"><ele>-12</ele><time>2026-04-26T18:12:32.595802Z</time></trkpt>
  <trkpt lat="37.4128392" lon="-121.9958481"><ele>-13</ele><time>2026-04-26T18:12:32.696160Z</time></trkpt>
  <trkpt lat="37.4128357" lon="-121.9958277"><ele>-12</ele><time>2026-04-26T18:12:32.796889Z</time></trkpt>
  <trkpt lat="37.4128357" lon="-121.9958277"><ele>-12</ele><time>2026-04-26T18:12:32.842754Z</time></trkpt>
  <trkpt lat="37.4128314" lon="-121.9958062"><ele>-13</ele><time>2026-04-26T18:12:32.897314Z</time></trkpt>
  <trkpt lat="37.4128265" lon="-121.9957864"><ele>-13</ele><time>2026-04-26T18:12:32.997784Z</time></trkpt>
  <trkpt lat="37.4128316" lon="-121.9957661"><ele>-10</ele><time>2026-04-26T18:12:33.098843Z</time></trkpt>
  <trkpt lat="37.4128350" lon="-121.9957480"><ele>-7</ele><time>2026-04-26T18:12:33.199037Z</time></trkpt>
  <trkpt lat="37.4128371" lon="-121.9957291"><ele>-5</ele><time>2026-04-26T18:12:33.299251Z</time></trkpt>
  <trkpt lat="37.4128347" lon="-121.9957114"><ele>-4</ele><time>2026-04-26T18:12:33.400143Z</time></trkpt>
  <trkpt lat="37.4128320" lon="-121.9956938"><ele>-4</ele><time>2026-04-26T18:12:33.500638Z</time></trkpt>
  <trkpt lat="37.4128264" lon="-121.9956787"><ele>-2</ele><time>2026-04-26T18:12:33.600988Z</time></trkpt>
  <trkpt lat="37.4128183" lon="-121.9956653"><ele>0</ele><time>2026-04-26T18:12:33.701246Z</time></trkpt>
  <trkpt lat="37.4128103" lon="-121.9956529"><ele>1</ele><time>2026-04-26T18:12:33.802019Z</time></trkpt>
  <trkpt lat="37.4128013" lon="-121.9956413"><ele>2</ele><time>2026-04-26T18:12:33.902496Z</time></trkpt>
  <trkpt lat="37.4127920" lon="-121.9956304"><ele>4</ele><time>2026-04-26T18:12:34.003165Z</time></trkpt>
  <trkpt lat="37.4127815" lon="-121.9956201"><ele>5</ele><time>2026-04-26T18:12:34.103247Z</time></trkpt>
  <trkpt lat="37.4127711" lon="-121.9956099"><ele>5</ele><time>2026-04-26T18:12:34.204147Z</time></trkpt>
  <trkpt lat="37.4127604" lon="-121.9955999"><ele>6</ele><time>2026-04-26T18:12:34.304934Z</time></trkpt>
  <trkpt lat="37.4127500" lon="-121.9955899"><ele>7</ele><time>2026-04-26T18:12:34.405838Z</time></trkpt>
  <trkpt lat="37.4127394" lon="-121.9955798"><ele>8</ele><time>2026-04-26T18:12:34.506506Z</time></trkpt>
  <trkpt lat="37.4127286" lon="-121.9955702"><ele>9</ele><time>2026-04-26T18:12:34.606653Z</time></trkpt>
  <trkpt lat="37.4127189" lon="-121.9955606"><ele>10</ele><time>2026-04-26T18:12:34.707282Z</time></trkpt>
  <trkpt lat="37.4127088" lon="-121.9955516"><ele>11</ele><time>2026-04-26T18:12:34.807791Z</time></trkpt>
  <trkpt lat="37.4126972" lon="-121.9955427"><ele>12</ele><time>2026-04-26T18:12:34.909476Z</time></trkpt>
  <trkpt lat="37.4126972" lon="-121.9955427"><ele>12</ele><time>2026-04-26T18:12:34.983808Z</time></trkpt>
  <trkpt lat="37.4126859" lon="-121.9955338"><ele>13</ele><time>2026-04-26T18:12:35.009775Z</time></trkpt>
  <trkpt lat="37.4126720" lon="-121.9955256"><ele>13</ele><time>2026-04-26T18:12:35.110689Z</time></trkpt>
  <trkpt lat="37.4126577" lon="-121.9955179"><ele>14</ele><time>2026-04-26T18:12:35.211161Z</time></trkpt>
  <trkpt lat="37.4126470" lon="-121.9955106"><ele>15</ele><time>2026-04-26T18:12:35.292020Z</time></trkpt>
  <trkpt lat="37.4126367" lon="-121.9955031"><ele>16</ele><time>2026-04-26T18:12:35.392508Z</time></trkpt>
  <trkpt lat="37.4126266" lon="-121.9954959"><ele>17</ele><time>2026-04-26T18:12:35.493158Z</time></trkpt>
  <trkpt lat="37.4126171" lon="-121.9954887"><ele>18</ele><time>2026-04-26T18:12:35.593961Z</time></trkpt>
  <trkpt lat="37.4126075" lon="-121.9954815"><ele>19</ele><time>2026-04-26T18:12:35.694496Z</time></trkpt>
  <trkpt lat="37.4125977" lon="-121.9954742"><ele>20</ele><time>2026-04-26T18:12:35.795452Z</time></trkpt>
  <trkpt lat="37.4125879" lon="-121.9954670"><ele>21</ele><time>2026-04-26T18:12:35.896078Z</time></trkpt>
  <trkpt lat="37.4125783" lon="-121.9954598"><ele>22</ele><time>2026-04-26T18:12:35.996954Z</time></trkpt>
  <trkpt lat="37.4125688" lon="-121.9954524"><ele>23</ele><time>2026-04-26T18:12:36.097361Z</time></trkpt>
  <trkpt lat="37.4125601" lon="-121.9954445"><ele>25</ele><time>2026-04-26T18:12:36.197851Z</time></trkpt>
  <trkpt lat="37.4125521" lon="-121.9954360"><ele>26</ele><time>2026-04-26T18:12:36.298467Z</time></trkpt>
  <trkpt lat="37.4125450" lon="-121.9954268"><ele>27</ele><time>2026-04-26T18:12:36.398919Z</time></trkpt>
  <trkpt lat="37.4125376" lon="-121.9954176"><ele>28</ele><time>2026-04-26T18:12:36.500073Z</time></trkpt>
  <trkpt lat="37.4125323" lon="-121.9954086"><ele>29</ele><time>2026-04-26T18:12:36.601250Z</time></trkpt>
  <trkpt lat="37.4125285" lon="-121.9953999"><ele>31</ele><time>2026-04-26T18:12:36.701490Z</time></trkpt>
  <trkpt lat="37.4125239" lon="-121.9953911"><ele>32</ele><time>2026-04-26T18:12:36.802268Z</time></trkpt>
  <trkpt lat="37.4125210" lon="-121.9953827"><ele>33</ele><time>2026-04-26T18:12:36.902874Z</time></trkpt>
  <trkpt lat="37.4125203" lon="-121.9953749"><ele>34</ele><time>2026-04-26T18:12:37.003648Z</time></trkpt>
  <trkpt lat="37.4125207" lon="-121.9953684"><ele>35</ele><time>2026-04-26T18:12:37.104144Z</time></trkpt>
  <trkpt lat="37.4125207" lon="-121.9953684"><ele>35</ele><time>2026-04-26T18:12:37.141760Z</time></trkpt>
  <trkpt lat="37.4125217" lon="-121.9953619"><ele>36</ele><time>2026-04-26T18:12:37.205479Z</time></trkpt>
  <trkpt lat="37.4125223" lon="-121.9953556"><ele>37</ele><time>2026-04-26T18:12:37.306251Z</time></trkpt>
  <trkpt lat="37.4125233" lon="-121.9953498"><ele>38</ele><time>2026-04-26T18:12:37.406508Z</time></trkpt>
  <trkpt lat="37.4125240" lon="-121.9953440"><ele>39</ele><time>2026-04-26T18:12:37.507388Z</time></trkpt>
  <trkpt lat="37.4125245" lon="-121.9953381"><ele>40</ele><time>2026-04-26T18:12:37.608383Z</time></trkpt>
  <trkpt lat="37.4125293" lon="-121.9953330"><ele>41</ele><time>2026-04-26T18:12:37.708835Z</time></trkpt>
  <trkpt lat="37.4125335" lon="-121.9953283"><ele>42</ele><time>2026-04-26T18:12:37.809130Z</time></trkpt>
  <trkpt lat="37.4125378" lon="-121.9953242"><ele>43</ele><time>2026-04-26T18:12:37.910254Z</time></trkpt>
  <trkpt lat="37.4125413" lon="-121.9953215"><ele>45</ele><time>2026-04-26T18:12:38.010847Z</time></trkpt>
  <trkpt lat="37.4125454" lon="-121.9953187"><ele>46</ele><time>2026-04-26T18:12:38.091106Z</time></trkpt>
  <trkpt lat="37.4125498" lon="-121.9953162"><ele>47</ele><time>2026-04-26T18:12:38.192122Z</time></trkpt>
  <trkpt lat="37.4125541" lon="-121.9953137"><ele>49</ele><time>2026-04-26T18:12:38.292572Z</time></trkpt>
  <trkpt lat="37.4125587" lon="-121.9953106"><ele>50</ele><time>2026-04-26T18:12:38.393162Z</time></trkpt>
  <trkpt lat="37.4125636" lon="-121.9953070"><ele>51</ele><time>2026-04-26T18:12:38.493185Z</time></trkpt>
  <trkpt lat="37.4125683" lon="-121.9953026"><ele>52</ele><time>2026-04-26T18:12:38.593471Z</time></trkpt>
  <trkpt lat="37.4125732" lon="-121.9952976"><ele>53</ele><time>2026-04-26T18:12:38.694548Z</time></trkpt>
  <trkpt lat="37.4125779" lon="-121.9952921"><ele>54</ele><time>2026-04-26T18:12:38.794998Z</time></trkpt>
  <trkpt lat="37.4125830" lon="-121.9952865"><ele>55</ele><time>2026-04-26T18:12:38.895628Z</time></trkpt>
  <trkpt lat="37.4125884" lon="-121.9952810"><ele>56</ele><time>2026-04-26T18:12:38.995736Z</time></trkpt>
  <trkpt lat="37.4125939" lon="-121.9952758"><ele>56</ele><time>2026-04-26T18:12:39.095783Z</time></trkpt>
  <trkpt lat="37.4126004" lon="-121.9952703"><ele>57</ele><time>2026-04-26T18:12:39.196698Z</time></trkpt>
  <trkpt lat="37.4126004" lon="-121.9952703"><ele>57</ele><time>2026-04-26T18:12:39.293741Z</time></trkpt>
  <trkpt lat="37.4126073" lon="-121.9952657"><ele>58</ele><time>2026-04-26T18:12:39.297300Z</time></trkpt>
  <trkpt lat="37.4126160" lon="-121.9952616"><ele>58</ele><time>2026-04-26T18:12:39.397827Z</time></trkpt>
  <trkpt lat="37.4126245" lon="-121.9952584"><ele>59</ele><time>2026-04-26T18:12:39.497901Z</time></trkpt>
  <trkpt lat="37.4126334" lon="-121.9952557"><ele>60</ele><time>2026-04-26T18:12:39.598694Z</time></trkpt>
  <trkpt lat="37.4126424" lon="-121.9952537"><ele>60</ele><time>2026-04-26T18:12:39.698979Z</time></trkpt>
  <trkpt lat="37.4126518" lon="-121.9952520"><ele>60</ele><time>2026-04-26T18:12:39.799284Z</time></trkpt>
  <trkpt lat="37.4126608" lon="-121.9952517"><ele>61</ele><time>2026-04-26T18:12:39.899926Z</time></trkpt>
  <trkpt lat="37.4126708" lon="-121.9952514"><ele>61</ele><time>2026-04-26T18:12:40.000318Z</time></trkpt>
  <trkpt lat="37.4126811" lon="-121.9952519"><ele>61</ele><time>2026-04-26T18:12:40.101678Z</time></trkpt>
  <trkpt lat="37.4126918" lon="-121.9952529"><ele>61</ele><time>2026-04-26T18:12:40.202429Z</time></trkpt>
  <trkpt lat="37.4127017" lon="-121.9952553"><ele>61</ele><time>2026-04-26T18:12:40.302583Z</time></trkpt>
  <trkpt lat="37.4127131" lon="-121.9952567"><ele>61</ele><time>2026-04-26T18:12:40.402902Z</time></trkpt>
  <trkpt lat="37.4127247" lon="-121.9952574"><ele>61</ele><time>2026-04-26T18:12:40.502970Z</time></trkpt>
  <trkpt lat="37.4127364" lon="-121.9952581"><ele>61</ele><time>2026-04-26T18:12:40.603023Z</time></trkpt>
  <trkpt lat="37.4127483" lon="-121.9952590"><ele>60</ele><time>2026-04-26T18:12:40.703905Z</time></trkpt>
  <trkpt lat="37.4127607" lon="-121.9952600"><ele>60</ele><time>2026-04-26T18:12:40.805112Z</time></trkpt>
  <trkpt lat="37.4127735" lon="-121.9952613"><ele>59</ele><time>2026-04-26T18:12:40.906581Z</time></trkpt>
  <trkpt lat="37.4127873" lon="-121.9952624"><ele>58</ele><time>2026-04-26T18:12:40.986934Z</time></trkpt>
  <trkpt lat="37.4128017" lon="-121.9952631"><ele>58</ele><time>2026-04-26T18:12:41.108127Z</time></trkpt>
  <trkpt lat="37.4128162" lon="-121.9952636"><ele>58</ele><time>2026-04-26T18:12:41.188495Z</time></trkpt>
  <trkpt lat="37.4128307" lon="-121.9952636"><ele>58</ele><time>2026-04-26T18:12:41.288809Z</time></trkpt>
  <trkpt lat="37.4128447" lon="-121.9952635"><ele>59</ele><time>2026-04-26T18:12:41.389302Z</time></trkpt>
  <trkpt lat="37.4128447" lon="-121.9952635"><ele>59</ele><time>2026-04-26T18:12:41.449128Z</time></trkpt>
  <trkpt lat="37.4128577" lon="-121.9952638"><ele>59</ele><time>2026-04-26T18:12:41.489833Z</time></trkpt>
  <trkpt lat="37.4128712" lon="-121.9952631"><ele>60</ele><time>2026-04-26T18:12:41.590515Z</time></trkpt>
  <trkpt lat="37.4128844" lon="-121.9952628"><ele>60</ele><time>2026-04-26T18:12:41.691136Z</time></trkpt>
  <trkpt lat="37.4128977" lon="-121.9952626"><ele>61</ele><time>2026-04-26T18:12:41.791770Z</time></trkpt>
  <trkpt lat="37.4129118" lon="-121.9952617"><ele>61</ele><time>2026-04-26T18:12:41.892109Z</time></trkpt>
  <trkpt lat="37.4129260" lon="-121.9952603"><ele>62</ele><time>2026-04-26T18:12:41.992982Z</time></trkpt>
  <trkpt lat="37.4129401" lon="-121.9952585"><ele>62</ele><time>2026-04-26T18:12:42.093632Z</time></trkpt>
  <trkpt lat="37.4129541" lon="-121.9952572"><ele>62</ele><time>2026-04-26T18:12:42.194991Z</time></trkpt>
  <trkpt lat="37.4129680" lon="-121.9952557"><ele>63</ele><time>2026-04-26T18:12:42.295666Z</time></trkpt>
  <trkpt lat="37.4129813" lon="-121.9952542"><ele>63</ele><time>2026-04-26T18:12:42.395818Z</time></trkpt>
  <trkpt lat="37.4129945" lon="-121.9952519"><ele>64</ele><time>2026-04-26T18:12:42.496562Z</time></trkpt>
  <trkpt lat="37.4130080" lon="-121.9952487"><ele>64</ele><time>2026-04-26T18:12:42.596990Z</time></trkpt>
  <trkpt lat="37.4130214" lon="-121.9952454"><ele>65</ele><time>2026-04-26T18:12:42.697366Z</time></trkpt>
  <trkpt lat="37.4130349" lon="-121.9952422"><ele>65</ele><time>2026-04-26T18:12:42.798223Z</time></trkpt>
  <trkpt lat="37.4130486" lon="-121.9952389"><ele>66</ele><time>2026-04-26T18:12:42.898464Z</time></trkpt>
  <trkpt lat="37.4130623" lon="-121.9952355"><ele>66</ele><time>2026-04-26T18:12:42.998902Z</time></trkpt>
  <trkpt lat="37.4130762" lon="-121.9952320"><ele>67</ele><time>2026-04-26T18:12:43.099521Z</time></trkpt>
  <trkpt lat="37.4130897" lon="-121.9952286"><ele>67</ele><time>2026-04-26T18:12:43.199214Z</time></trkpt>
  <trkpt lat="37.4131032" lon="-121.9952256"><ele>68</ele><time>2026-04-26T18:12:43.299541Z</time></trkpt>
  <trkpt lat="37.4131164" lon="-121.9952226"><ele>68</ele><time>2026-04-26T18:12:43.400339Z</time></trkpt>
  <trkpt lat="37.4131293" lon="-121.9952196"><ele>69</ele><time>2026-04-26T18:12:43.500790Z</time></trkpt>
  <trkpt lat="37.4131419" lon="-121.9952167"><ele>70</ele><time>2026-04-26T18:12:43.601605Z</time></trkpt>
  <trkpt lat="37.4131419" lon="-121.9952167"><ele>70</ele><time>2026-04-26T18:12:43.612755Z</time></trkpt>
  <trkpt lat="37.4131546" lon="-121.9952137"><ele>70</ele><time>2026-04-26T18:12:43.702143Z</time></trkpt>
  <trkpt lat="37.4131671" lon="-121.9952107"><ele>71</ele><time>2026-04-26T18:12:43.802797Z</time></trkpt>
  <trkpt lat="37.4131798" lon="-121.9952074"><ele>72</ele><time>2026-04-26T18:12:43.903066Z</time></trkpt>
  <trkpt lat="37.4131924" lon="-121.9952042"><ele>72</ele><time>2026-04-26T18:12:44.003548Z</time></trkpt>
  <trkpt lat="37.4132051" lon="-121.9952009"><ele>73</ele><time>2026-04-26T18:12:44.103877Z</time></trkpt>
  <trkpt lat="37.4132178" lon="-121.9951976"><ele>73</ele><time>2026-04-26T18:12:44.184402Z</time></trkpt>
  <trkpt lat="37.4132306" lon="-121.9951942"><ele>74</ele><time>2026-04-26T18:12:44.285045Z</time></trkpt>
  <trkpt lat="37.4132431" lon="-121.9951911"><ele>75</ele><time>2026-04-26T18:12:44.385337Z</time></trkpt>
  <trkpt lat="37.4132554" lon="-121.9951879"><ele>75</ele><time>2026-04-26T18:12:44.485773Z</time></trkpt>
  <trkpt lat="37.4132675" lon="-121.9951852"><ele>76</ele><time>2026-04-26T18:12:44.586467Z</time></trkpt>
  <trkpt lat="37.4132795" lon="-121.9951828"><ele>77</ele><time>2026-04-26T18:12:44.687278Z</time></trkpt>
  <trkpt lat="37.4132917" lon="-121.9951803"><ele>77</ele><time>2026-04-26T18:12:44.787374Z</time></trkpt>
  <trkpt lat="37.4133037" lon="-121.9951782"><ele>78</ele><time>2026-04-26T18:12:44.888677Z</time></trkpt>
  <trkpt lat="37.4133158" lon="-121.9951765"><ele>79</ele><time>2026-04-26T18:12:44.989248Z</time></trkpt>
  <trkpt lat="37.4133281" lon="-121.9951750"><ele>79</ele><time>2026-04-26T18:12:45.090288Z</time></trkpt>
  <trkpt lat="37.4133404" lon="-121.9951741"><ele>80</ele><time>2026-04-26T18:12:45.189711Z</time></trkpt>
  <trkpt lat="37.4133529" lon="-121.9951731"><ele>80</ele><time>2026-04-26T18:12:45.290562Z</time></trkpt>
  <trkpt lat="37.4133658" lon="-121.9951719"><ele>81</ele><time>2026-04-26T18:12:45.390840Z</time></trkpt>
  <trkpt lat="37.4133783" lon="-121.9951712"><ele>82</ele><time>2026-04-26T18:12:45.491269Z</time></trkpt>
  <trkpt lat="37.4133905" lon="-121.9951713"><ele>82</ele><time>2026-04-26T18:12:45.592717Z</time></trkpt>
  <trkpt lat="37.4134022" lon="-121.9951722"><ele>83</ele><time>2026-04-26T18:12:45.693455Z</time></trkpt>
  <trkpt lat="37.4134022" lon="-121.9951722"><ele>83</ele><time>2026-04-26T18:12:45.771567Z</time></trkpt>
  <trkpt lat="37.4134137" lon="-121.9951735"><ele>84</ele><time>2026-04-26T18:12:45.794225Z</time></trkpt>
  <trkpt lat="37.4134251" lon="-121.9951752"><ele>84</ele><time>2026-04-26T18:12:45.895557Z</time></trkpt>
  <trkpt lat="37.4134363" lon="-121.9951773"><ele>85</ele><time>2026-04-26T18:12:45.996138Z</time></trkpt>
  <trkpt lat="37.4134469" lon="-121.9951800"><ele>86</ele><time>2026-04-26T18:12:46.096606Z</time></trkpt>
  <trkpt lat="37.4134570" lon="-121.9951831"><ele>86</ele><time>2026-04-26T18:12:46.197000Z</time></trkpt>
  <trkpt lat="37.4134666" lon="-121.9951866"><ele>87</ele><time>2026-04-26T18:12:46.297549Z</time></trkpt>
  <trkpt lat="37.4134759" lon="-121.9951904"><ele>88</ele><time>2026-04-26T18:12:46.398510Z</time></trkpt>
  <trkpt lat="37.4134850" lon="-121.9951943"><ele>89</ele><time>2026-04-26T18:12:46.498788Z</time></trkpt>
  <trkpt lat="37.4134941" lon="-121.9951977"><ele>90</ele><time>2026-04-26T18:12:46.599534Z</time></trkpt>
  <trkpt lat="37.4135027" lon="-121.9952007"><ele>91</ele><time>2026-04-26T18:12:46.700249Z</time></trkpt>
  <trkpt lat="37.4135109" lon="-121.9952033"><ele>92</ele><time>2026-04-26T18:12:46.780944Z</time></trkpt>
  <trkpt lat="37.4135184" lon="-121.9952062"><ele>93</ele><time>2026-04-26T18:12:46.881697Z</time></trkpt>
  <trkpt lat="37.4135259" lon="-121.9952087"><ele>94</ele><time>2026-04-26T18:12:46.982083Z</time></trkpt>
  <trkpt lat="37.4135329" lon="-121.9952109"><ele>94</ele><time>2026-04-26T18:12:47.082785Z</time></trkpt>
  <trkpt lat="37.4135401" lon="-121.9952121"><ele>95</ele><time>2026-04-26T18:12:47.183636Z</time></trkpt>
  <trkpt lat="37.4135476" lon="-121.9952127"><ele>96</ele><time>2026-04-26T18:12:47.284538Z</time></trkpt>
  <trkpt lat="37.4135551" lon="-121.9952129"><ele>97</ele><time>2026-04-26T18:12:47.385236Z</time></trkpt>
  <trkpt lat="37.4135626" lon="-121.9952129"><ele>98</ele><time>2026-04-26T18:12:47.485727Z</time></trkpt>
  <trkpt lat="37.4135703" lon="-121.9952126"><ele>99</ele><time>2026-04-26T18:12:47.586140Z</time></trkpt>
  <trkpt lat="37.4135780" lon="-121.9952122"><ele>99</ele><time>2026-04-26T18:12:47.686819Z</time></trkpt>
  <trkpt lat="37.4135861" lon="-121.9952114"><ele>100</ele><time>2026-04-26T18:12:47.786521Z</time></trkpt>
  <trkpt lat="37.4135935" lon="-121.9952111"><ele>101</ele><time>2026-04-26T18:12:47.887699Z</time></trkpt>
  <trkpt lat="37.4135935" lon="-121.9952111"><ele>101</ele><time>2026-04-26T18:12:47.924255Z</time></trkpt>
  <trkpt lat="37.4136011" lon="-121.9952110"><ele>102</ele><time>2026-04-26T18:12:47.988366Z</time></trkpt>
  <trkpt lat="37.4136088" lon="-121.9952109"><ele>103</ele><time>2026-04-26T18:12:48.088955Z</time></trkpt>
  <trkpt lat="37.4136173" lon="-121.9952102"><ele>103</ele><time>2026-04-26T18:12:48.190067Z</time></trkpt>
  <trkpt lat="37.4136253" lon="-121.9952098"><ele>104</ele><time>2026-04-26T18:12:48.290641Z</time></trkpt>
  <trkpt lat="37.4136332" lon="-121.9952094"><ele>105</ele><time>2026-04-26T18:12:48.391130Z</time></trkpt>
  <trkpt lat="37.4136409" lon="-121.9952092"><ele>106</ele><time>2026-04-26T18:12:48.491791Z</time></trkpt>
  <trkpt lat="37.4136493" lon="-121.9952090"><ele>107</ele><time>2026-04-26T18:12:48.592800Z</time></trkpt>
  <trkpt lat="37.4136575" lon="-121.9952091"><ele>107</ele><time>2026-04-26T18:12:48.693081Z</time></trkpt>
  <trkpt lat="37.4136655" lon="-121.9952102"><ele>108</ele><time>2026-04-26T18:12:48.794313Z</time></trkpt>
  <trkpt lat="37.4136724" lon="-121.9952130"><ele>109</ele><time>2026-04-26T18:12:48.895347Z</time></trkpt>
  <trkpt lat="37.4136799" lon="-121.9952164"><ele>109</ele><time>2026-04-26T18:12:48.994975Z</time></trkpt>
  <trkpt lat="37.4136863" lon="-121.9952213"><ele>110</ele><time>2026-04-26T18:12:49.095206Z</time></trkpt>
  <trkpt lat="37.4136923" lon="-121.9952280"><ele>111</ele><time>2026-04-26T18:12:49.195745Z</time></trkpt>
  <trkpt lat="37.4136970" lon="-121.9952356"><ele>111</ele><time>2026-04-26T18:12:49.296517Z</time></trkpt>
  <trkpt lat="37.4137011" lon="-121.9952439"><ele>111</ele><time>2026-04-26T18:12:49.377010Z</time></trkpt>
  <trkpt lat="37.4137027" lon="-121.9952535"><ele>112</ele><time>2026-04-26T18:12:49.477762Z</time></trkpt>
  <trkpt lat="37.4137027" lon="-121.9952633"><ele>112</ele><time>2026-04-26T18:12:49.578637Z</time></trkpt>
  <trkpt lat="37.4137000" lon="-121.9952731"><ele>111</ele><time>2026-04-26T18:12:49.679461Z</time></trkpt>
  <trkpt lat="37.4136955" lon="-121.9952827"><ele>111</ele><time>2026-04-26T18:12:49.780673Z</time></trkpt>
  <trkpt lat="37.4136897" lon="-121.9952923"><ele>111</ele><time>2026-04-26T18:12:49.881344Z</time></trkpt>
  <trkpt lat="37.4136832" lon="-121.9953024"><ele>110</ele><time>2026-04-26T18:12:49.982333Z</time></trkpt>
  <trkpt lat="37.4136748" lon="-121.9953111"><ele>109</ele><time>2026-04-26T18:12:50.083065Z</time></trkpt>
  <trkpt lat="37.4136643" lon="-121.9953184"><ele>109</ele><time>2026-04-26T18:12:50.183422Z</time></trkpt>
  <trkpt lat="37.4136526" lon="-121.9953250"><ele>109</ele><time>2026-04-26T18:12:50.284172Z</time></trkpt>
  <trkpt lat="37.4136400" lon="-121.9953314"><ele>108</ele><time>2026-04-26T18:12:50.384620Z</time></trkpt>
  <trkpt lat="37.4136268" lon="-121.9953378"><ele>108</ele><time>2026-04-26T18:12:50.484708Z</time></trkpt>
  <trkpt lat="37.4136132" lon="-121.9953441"><ele>108</ele><time>2026-04-26T18:12:50.585011Z</time></trkpt>
  <trkpt lat="37.4135993" lon="-121.9953508"><ele>108</ele><time>2026-04-26T18:12:50.685645Z</time></trkpt>
  <trkpt lat="37.4135852" lon="-121.9953580"><ele>108</ele><time>2026-04-26T18:12:50.786199Z</time></trkpt>
  <trkpt lat="37.4135710" lon="-121.9953655"><ele>107</ele><time>2026-04-26T18:12:50.886667Z</time></trkpt>
  <trkpt lat="37.4135567" lon="-121.9953732"><ele>107</ele><time>2026-04-26T18:12:50.986979Z</time></trkpt>
  <trkpt lat="37.4135421" lon="-121.9953805"><ele>107</ele><time>2026-04-26T18:12:51.087011Z</time></trkpt>
  <trkpt lat="37.4135270" lon="-121.9953872"><ele>107</ele><time>2026-04-26T18:12:51.187428Z</time></trkpt>
  <trkpt lat="37.4135114" lon="-121.9953923"><ele>107</ele><time>2026-04-26T18:12:51.287688Z</time></trkpt>
  <trkpt lat="37.4134952" lon="-121.9953954"><ele>107</ele><time>2026-04-26T18:12:51.388043Z</time></trkpt>
  <trkpt lat="37.4134793" lon="-121.9953958"><ele>108</ele><time>2026-04-26T18:12:51.488275Z</time></trkpt>
  <trkpt lat="37.4134640" lon="-121.9953930"><ele>109</ele><time>2026-04-26T18:12:51.589093Z</time></trkpt>
  <trkpt lat="37.4134490" lon="-121.9953881"><ele>110</ele><time>2026-04-26T18:12:51.689899Z</time></trkpt>
  <trkpt lat="37.4134343" lon="-121.9953823"><ele>111</ele><time>2026-04-26T18:12:51.790804Z</time></trkpt>
  <trkpt lat="37.4134202" lon="-121.9953763"><ele>111</ele><time>2026-04-26T18:12:51.890722Z</time></trkpt>
  <trkpt lat="37.4134064" lon="-121.9953704"><ele>112</ele><time>2026-04-26T18:12:51.991101Z</time></trkpt>
  <trkpt lat="37.4133930" lon="-121.9953642"><ele>113</ele><time>2026-04-26T18:12:52.092198Z</time></trkpt>
  <trkpt lat="37.4133796" lon="-121.9953581"><ele>113</ele><time>2026-04-26T18:12:52.193536Z</time></trkpt>
  <trkpt lat="37.4133796" lon="-121.9953581"><ele>113</ele><time>2026-04-26T18:12:52.232502Z</time></trkpt>
  <trkpt lat="37.4133664" lon="-121.9953520"><ele>114</ele><time>2026-04-26T18:12:52.294078Z</time></trkpt>
  <trkpt lat="37.4133529" lon="-121.9953462"><ele>115</ele><time>2026-04-26T18:12:52.395114Z</time></trkpt>
  <trkpt lat="37.4133395" lon="-121.9953405"><ele>115</ele><time>2026-04-26T18:12:52.475313Z</time></trkpt>
  <trkpt lat="37.4133263" lon="-121.9953349"><ele>116</ele><time>2026-04-26T18:12:52.576171Z</time></trkpt>
  <trkpt lat="37.4133134" lon="-121.9953293"><ele>117</ele><time>2026-04-26T18:12:52.676661Z</time></trkpt>
  <trkpt lat="37.4133008" lon="-121.9953239"><ele>117</ele><time>2026-04-26T18:12:52.777181Z</time></trkpt>
  <trkpt lat="37.4132886" lon="-121.9953189"><ele>118</ele><time>2026-04-26T18:12:52.877643Z</time></trkpt>
  <trkpt lat="37.4132764" lon="-121.9953143"><ele>119</ele><time>2026-04-26T18:12:52.978962Z</time></trkpt>
  <trkpt lat="37.4132644" lon="-121.9953100"><ele>120</ele><time>2026-04-26T18:12:53.079809Z</time></trkpt>
  <trkpt lat="37.4132525" lon="-121.9953056"><ele>121</ele><time>2026-04-26T18:12:53.180480Z</time></trkpt>
  <trkpt lat="37.4132409" lon="-121.9953014"><ele>122</ele><time>2026-04-26T18:12:53.281839Z</time></trkpt>
  <trkpt lat="37.4132292" lon="-121.9952977"><ele>122</ele><time>2026-04-26T18:12:53.382233Z</time></trkpt>
  <trkpt lat="37.4132175" lon="-121.9952942"><ele>123</ele><time>2026-04-26T18:12:53.483053Z</time></trkpt>
  <trkpt lat="37.4132059" lon="-121.9952910"><ele>124</ele><time>2026-04-26T18:12:53.583855Z</time></trkpt>
  <trkpt lat="37.4131937" lon="-121.9952880"><ele>125</ele><time>2026-04-26T18:12:53.684321Z</time></trkpt>
  <trkpt lat="37.4131805" lon="-121.9952833"><ele>125</ele><time>2026-04-26T18:12:53.785042Z</time></trkpt>
  <trkpt lat="37.4131668" lon="-121.9952770"><ele>125</ele><time>2026-04-26T18:12:53.885549Z</time></trkpt>
  <trkpt lat="37.4131531" lon="-121.9952714"><ele>126</ele><time>2026-04-26T18:12:53.986447Z</time></trkpt>
  <trkpt lat="37.4131403" lon="-121.9952679"><ele>126</ele><time>2026-04-26T18:12:54.086759Z</time></trkpt>
  <trkpt lat="37.4131277" lon="-121.9952683"><ele>125</ele><time>2026-04-26T18:12:54.187193Z</time></trkpt>
  <trkpt lat="37.4131152" lon="-121.9952727"><ele>125</ele><time>2026-04-26T18:12:54.287476Z</time></trkpt>
  <trkpt lat="37.4131152" lon="-121.9952727"><ele>125</ele><time>2026-04-26T18:12:54.372044Z</time></trkpt>
  <trkpt lat="37.4131036" lon="-121.9952795"><ele>125</ele><time>2026-04-26T18:12:54.387991Z</time></trkpt>
  <trkpt lat="37.4130929" lon="-121.9952876"><ele>124</ele><time>2026-04-26T18:12:54.489263Z</time></trkpt>
  <trkpt lat="37.4130824" lon="-121.9952966"><ele>124</ele><time>2026-04-26T18:12:54.590667Z</time></trkpt>
  <trkpt lat="37.4130722" lon="-121.9953061"><ele>123</ele><time>2026-04-26T18:12:54.691367Z</time></trkpt>
  <trkpt lat="37.4130639" lon="-121.9953163"><ele>122</ele><time>2026-04-26T18:12:54.771976Z</time></trkpt>
  <trkpt lat="37.4130571" lon="-121.9953261"><ele>121</ele><time>2026-04-26T18:12:54.872703Z</time></trkpt>
  <trkpt lat="37.4130523" lon="-121.9953348"><ele>120</ele><time>2026-04-26T18:12:54.973699Z</time></trkpt>
  <trkpt lat="37.4130485" lon="-121.9953422"><ele>119</ele><time>2026-04-26T18:12:55.073962Z</time></trkpt>
  <trkpt lat="37.4130470" lon="-121.9953486"><ele>118</ele><time>2026-04-26T18:12:55.174554Z</time></trkpt>
  <trkpt lat="37.4130466" lon="-121.9953538"><ele>116</ele><time>2026-04-26T18:12:55.275076Z</time></trkpt>
  <trkpt lat="37.4130475" lon="-121.9953574"><ele>114</ele><time>2026-04-26T18:12:55.375335Z</time></trkpt>
  <trkpt lat="37.4130497" lon="-121.9953557"><ele>113</ele><time>2026-04-26T18:12:55.475919Z</time></trkpt>
  <trkpt lat="37.4130516" lon="-121.9953469"><ele>111</ele><time>2026-04-26T18:12:55.576892Z</time></trkpt>
  <trkpt lat="37.4130523" lon="-121.9953319"><ele>109</ele><time>2026-04-26T18:12:55.677934Z</time></trkpt>
  <trkpt lat="37.4130520" lon="-121.9953134"><ele>107</ele><time>2026-04-26T18:12:55.778606Z</time></trkpt>
  <trkpt lat="37.4130506" lon="-121.9952926"><ele>106</ele><time>2026-04-26T18:12:55.879171Z</time></trkpt>
  <trkpt lat="37.4130477" lon="-121.9952691"><ele>106</ele><time>2026-04-26T18:12:55.979379Z</time></trkpt>
  <trkpt lat="37.4130428" lon="-121.9952448"><ele>106</ele><time>2026-04-26T18:12:56.080513Z</time></trkpt>
  <trkpt lat="37.4130372" lon="-121.9952205"><ele>106</ele><time>2026-04-26T18:12:56.180980Z</time></trkpt>
  <trkpt lat="37.4130309" lon="-121.9951966"><ele>106</ele><time>2026-04-26T18:12:56.282192Z</time></trkpt>
  <trkpt lat="37.4130251" lon="-121.9951754"><ele>107</ele><time>2026-04-26T18:12:56.382410Z</time></trkpt>
  <trkpt lat="37.4130193" lon="-121.9951563"><ele>108</ele><time>2026-04-26T18:12:56.483331Z</time></trkpt>
  <trkpt lat="37.4130193" lon="-121.9951563"><ele>108</ele><time>2026-04-26T18:12:56.524205Z</time></trkpt>
  <trkpt lat="37.4130129" lon="-121.9951381"><ele>109</ele><time>2026-04-26T18:12:56.583808Z</time></trkpt>
  <trkpt lat="37.4130055" lon="-121.9951208"><ele>109</ele><time>2026-04-26T18:12:56.684850Z</time></trkpt>
  <trkpt lat="37.4129985" lon="-121.9951037"><ele>110</ele><time>2026-04-26T18:12:56.784737Z</time></trkpt>
  <trkpt lat="37.4129933" lon="-121.9950885"><ele>110</ele><time>2026-04-26T18:12:56.885105Z</time></trkpt>
  <trkpt lat="37.4129894" lon="-121.9950722"><ele>111</ele><time>2026-04-26T18:12:56.985417Z</time></trkpt>
  <trkpt lat="37.4129852" lon="-121.9950554"><ele>112</ele><time>2026-04-26T18:12:57.085679Z</time></trkpt>
  <trkpt lat="37.4129814" lon="-121.9950393"><ele>113</ele><time>2026-04-26T18:12:57.186620Z</time></trkpt>
  <trkpt lat="37.4129791" lon="-121.9950232"><ele>114</ele><time>2026-04-26T18:12:57.286885Z</time></trkpt>
  <trkpt lat="37.4129792" lon="-121.9950077"><ele>114</ele><time>2026-04-26T18:12:57.387748Z</time></trkpt>
  <trkpt lat="37.4129827" lon="-121.9949935"><ele>115</ele><time>2026-04-26T18:12:57.468218Z</time></trkpt>
  <trkpt lat="37.4129889" lon="-121.9949817"><ele>116</ele><time>2026-04-26T18:12:57.588813Z</time></trkpt>
  <trkpt lat="37.4129971" lon="-121.9949709"><ele>116</ele><time>2026-04-26T18:12:57.669226Z</time></trkpt>
  <trkpt lat="37.4130071" lon="-121.9949610"><ele>117</ele><time>2026-04-26T18:12:57.770175Z</time></trkpt>
  <trkpt lat="37.4130198" lon="-121.9949530"><ele>116</ele><time>2026-04-26T18:12:57.871736Z</time></trkpt>
  <trkpt lat="37.4130335" lon="-121.9949460"><ele>116</ele><time>2026-04-26T18:12:57.972438Z</time></trkpt>
  <trkpt lat="37.4130463" lon="-121.9949378"><ele>116</ele><time>2026-04-26T18:12:58.072923Z</time></trkpt>
  <trkpt lat="37.4130581" lon="-121.9949277"><ele>116</ele><time>2026-04-26T18:12:58.173366Z</time></trkpt>
  <trkpt lat="37.4130702" lon="-121.9949169"><ele>116</ele><time>2026-04-26T18:12:58.274386Z</time></trkpt>
  <trkpt lat="37.4130807" lon="-121.9949045"><ele>115</ele><time>2026-04-26T18:12:58.375453Z</time></trkpt>
  <trkpt lat="37.4130896" lon="-121.9948895"><ele>114</ele><time>2026-04-26T18:12:58.476330Z</time></trkpt>
  <trkpt lat="37.4130985" lon="-121.9948750"><ele>114</ele><time>2026-04-26T18:12:58.576694Z</time></trkpt>
  <trkpt lat="37.4131089" lon="-121.9948621"><ele>113</ele><time>2026-04-26T18:12:58.677742Z</time></trkpt>
  <trkpt lat="37.4131089" lon="-121.9948621"><ele>113</ele><time>2026-04-26T18:12:58.683977Z</time></trkpt>
  <trkpt lat="37.4131209" lon="-121.9948533"><ele>112</ele><time>2026-04-26T18:12:58.778200Z</time></trkpt>
  <trkpt lat="37.4131344" lon="-121.9948477"><ele>112</ele><time>2026-04-26T18:12:58.879420Z</time></trkpt>
  <trkpt lat="37.4131490" lon="-121.9948433"><ele>112</ele><time>2026-04-26T18:12:58.979174Z</time></trkpt>
  <trkpt lat="37.4131617" lon="-121.9948378"><ele>110</ele><time>2026-04-26T18:12:59.079998Z</time></trkpt>
  <trkpt lat="37.4131740" lon="-121.9948301"><ele>110</ele><time>2026-04-26T18:12:59.180434Z</time></trkpt>
  <trkpt lat="37.4131862" lon="-121.9948234"><ele>109</ele><time>2026-04-26T18:12:59.260806Z</time></trkpt>
  <trkpt lat="37.4131993" lon="-121.9948195"><ele>109</ele><time>2026-04-26T18:12:59.361646Z</time></trkpt>
  <trkpt lat="37.4132141" lon="-121.9948182"><ele>109</ele><time>2026-04-26T18:12:59.462475Z</time></trkpt>
  <trkpt lat="37.4132289" lon="-121.9948193"><ele>109</ele><time>2026-04-26T18:12:59.563059Z</time></trkpt>
  <trkpt lat="37.4132425" lon="-121.9948220"><ele>110</ele><time>2026-04-26T18:12:59.664014Z</time></trkpt>
  <trkpt lat="37.4132566" lon="-121.9948259"><ele>110</ele><time>2026-04-26T18:12:59.764384Z</time></trkpt>
  <trkpt lat="37.4132695" lon="-121.9948325"><ele>111</ele><time>2026-04-26T18:12:59.865094Z</time></trkpt>
  <trkpt lat="37.4132801" lon="-121.9948415"><ele>112</ele><time>2026-04-26T18:12:59.965492Z</time></trkpt>
  <trkpt lat="37.4132896" lon="-121.9948522"><ele>113</ele><time>2026-04-26T18:13:00.066316Z</time></trkpt>
  <trkpt lat="37.4132993" lon="-121.9948634"><ele>113</ele><time>2026-04-26T18:13:00.166902Z</time></trkpt>
  <trkpt lat="37.4133101" lon="-121.9948742"><ele>114</ele><time>2026-04-26T18:13:00.267565Z</time></trkpt>
  <trkpt lat="37.4133222" lon="-121.9948837"><ele>114</ele><time>2026-04-26T18:13:00.367864Z</time></trkpt>
  <trkpt lat="37.4133345" lon="-121.9948934"><ele>115</ele><time>2026-04-26T18:13:00.468638Z</time></trkpt>
  <trkpt lat="37.4133443" lon="-121.9949055"><ele>115</ele><time>2026-04-26T18:13:00.569347Z</time></trkpt>
  <trkpt lat="37.4133533" lon="-121.9949186"><ele>116</ele><time>2026-04-26T18:13:00.670513Z</time></trkpt>
  <trkpt lat="37.4133633" lon="-121.9949309"><ele>116</ele><time>2026-04-26T18:13:00.771057Z</time></trkpt>
  <trkpt lat="37.4133633" lon="-121.9949309"><ele>116</ele><time>2026-04-26T18:13:00.834927Z</time></trkpt>
  <trkpt lat="37.4133738" lon="-121.9949431"><ele>117</ele><time>2026-04-26T18:13:00.871401Z</time></trkpt>
  <trkpt lat="37.4133815" lon="-121.9949571"><ele>117</ele><time>2026-04-26T18:13:00.972195Z</time></trkpt>
  <trkpt lat="37.4133859" lon="-121.9949724"><ele>117</ele><time>2026-04-26T18:13:01.073378Z</time></trkpt>
  <trkpt lat="37.4133891" lon="-121.9949890"><ele>117</ele><time>2026-04-26T18:13:01.174244Z</time></trkpt>
  <trkpt lat="37.4133905" lon="-121.9950074"><ele>117</ele><time>2026-04-26T18:13:01.274412Z</time></trkpt>
  <trkpt lat="37.4133906" lon="-121.9950257"><ele>116</ele><time>2026-04-26T18:13:01.374797Z</time></trkpt>
  <trkpt lat="37.4133913" lon="-121.9950441"><ele>116</ele><time>2026-04-26T18:13:01.475726Z</time></trkpt>
  <trkpt lat="37.4133935" lon="-121.9950619"><ele>116</ele><time>2026-04-26T18:13:01.576335Z</time></trkpt>
  <trkpt lat="37.4133939" lon="-121.9950797"><ele>115</ele><time>2026-04-26T18:13:01.676882Z</time></trkpt>
  <trkpt lat="37.4133899" lon="-121.9950969"><ele>115</ele><time>2026-04-26T18:13:01.757314Z</time></trkpt>
  <trkpt lat="37.4133856" lon="-121.9951134"><ele>114</ele><time>2026-04-26T18:13:01.858332Z</time></trkpt>
  <trkpt lat="37.4133828" lon="-121.9951292"><ele>114</ele><time>2026-04-26T18:13:01.959571Z</time></trkpt>
  <trkpt lat="37.4133808" lon="-121.9951436"><ele>114</ele><time>2026-04-26T18:13:02.060245Z</time></trkpt>
  <trkpt lat="37.4133772" lon="-121.9951578"><ele>113</ele><time>2026-04-26T18:13:02.160936Z</time></trkpt>
  <trkpt lat="37.4133718" lon="-121.9951720"><ele>113</ele><time>2026-04-26T18:13:02.261380Z</time></trkpt>
  <trkpt lat="37.4133665" lon="-121.9951876"><ele>112</ele><time>2026-04-26T18:13:02.362000Z</time></trkpt>
  <trkpt lat="37.4133609" lon="-121.9952016"><ele>111</ele><time>2026-04-26T18:13:02.462659Z</time></trkpt>
  <trkpt lat="37.4133533" lon="-121.9952148"><ele>110</ele><time>2026-04-26T18:13:02.563129Z</time></trkpt>
  <trkpt lat="37.4133444" lon="-121.9952282"><ele>109</ele><time>2026-04-26T18:13:02.663348Z</time></trkpt>
  <trkpt lat="37.4133331" lon="-121.9952401"><ele>108</ele><time>2026-04-26T18:13:02.764023Z</time></trkpt>
  <trkpt lat="37.4133196" lon="-121.9952492"><ele>107</ele><time>2026-04-26T18:13:02.864688Z</time></trkpt>
  <trkpt lat="37.4133048" lon="-121.9952553"><ele>107</ele><time>2026-04-26T18:13:02.965749Z</time></trkpt>
  <trkpt lat="37.4133048" lon="-121.9952553"><ele>107</ele><time>2026-04-26T18:13:02.989329Z</time></trkpt>
  <trkpt lat="37.4132885" lon="-121.9952607"><ele>106</ele><time>2026-04-26T18:13:03.066025Z</time></trkpt>
  <trkpt lat="37.4132721" lon="-121.9952630"><ele>106</ele><time>2026-04-26T18:13:03.167057Z</time></trkpt>
  <trkpt lat="37.4132561" lon="-121.9952629"><ele>107</ele><time>2026-04-26T18:13:03.267839Z</time></trkpt>
  <trkpt lat="37.4132421" lon="-121.9952604"><ele>107</ele><time>2026-04-26T18:13:03.368621Z</time></trkpt>
  <trkpt lat="37.4132306" lon="-121.9952541"><ele>108</ele><time>2026-04-26T18:13:03.469447Z</time></trkpt>
  <trkpt lat="37.4132208" lon="-121.9952466"><ele>108</ele><time>2026-04-26T18:13:03.569854Z</time></trkpt>
  <trkpt lat="37.4132129" lon="-121.9952384"><ele>109</ele><time>2026-04-26T18:13:03.670925Z</time></trkpt>
  <trkpt lat="37.4132065" lon="-121.9952307"><ele>111</ele><time>2026-04-26T18:13:03.771877Z</time></trkpt>
  <trkpt lat="37.4132014" lon="-121.9952234"><ele>112</ele><time>2026-04-26T18:13:03.872868Z</time></trkpt>
  <trkpt lat="37.4131969" lon="-121.9952168"><ele>113</ele><time>2026-04-26T18:13:03.973107Z</time></trkpt>
  <trkpt lat="37.4131935" lon="-121.9952110"><ele>115</ele><time>2026-04-26T18:13:04.054047Z</time></trkpt>
  <trkpt lat="37.4131918" lon="-121.9952068"><ele>116</ele><time>2026-04-26T18:13:04.154017Z</time></trkpt>
  <trkpt lat="37.4131920" lon="-121.9952044"><ele>117</ele><time>2026-04-26T18:13:04.254460Z</time></trkpt>
  <trkpt lat="37.4131934" lon="-121.9952033"><ele>118</ele><time>2026-04-26T18:13:04.355853Z</time></trkpt>
  <trkpt lat="37.4131957" lon="-121.9952035"><ele>119</ele><time>2026-04-26T18:13:04.456669Z</time></trkpt>
  <trkpt lat="37.4131989" lon="-121.9952041"><ele>119</ele><time>2026-04-26T18:13:04.556736Z</time></trkpt>
  <trkpt lat="37.4132037" lon="-121.9952070"><ele>120</ele><time>2026-04-26T18:13:04.657263Z</time></trkpt>
  <trkpt lat="37.4132096" lon="-121.9952105"><ele>121</ele><time>2026-04-26T18:13:04.757675Z</time></trkpt>
  <trkpt lat="37.4132159" lon="-121.9952159"><ele>121</ele><time>2026-04-26T18:13:04.878427Z</time></trkpt>
  <trkpt lat="37.4132232" lon="-121.9952227"><ele>122</ele><time>2026-04-26T18:13:04.959246Z</time></trkpt>
  <trkpt lat="37.4132311" lon="-121.9952289"><ele>122</ele><time>2026-04-26T18:13:05.080033Z</time></trkpt>
  <trkpt lat="37.4132311" lon="-121.9952289"><ele>122</ele><time>2026-04-26T18:13:05.147235Z</time></trkpt>
  <trkpt lat="37.4132391" lon="-121.9952346"><ele>122</ele><time>2026-04-26T18:13:05.160545Z</time></trkpt>
  <trkpt lat="37.4132449" lon="-121.9952414"><ele>122</ele><time>2026-04-26T18:13:05.261592Z</time></trkpt>
  <trkpt lat="37.4132494" lon="-121.9952468"><ele>121</ele><time>2026-04-26T18:13:05.361698Z</time></trkpt>
  <trkpt lat="37.4132502" lon="-121.9952526"><ele>120</ele><time>2026-04-26T18:13:05.462440Z</time></trkpt>
  <trkpt lat="37.4132467" lon="-121.9952572"><ele>118</ele><time>2026-04-26T18:13:05.563243Z</time></trkpt>
  <trkpt lat="37.4132406" lon="-121.9952579"><ele>116</ele><time>2026-04-26T18:13:05.664291Z</time></trkpt>
  <trkpt lat="37.4132319" lon="-121.9952566"><ele>115</ele><time>2026-04-26T18:13:05.765370Z</time></trkpt>
  <trkpt lat="37.4132213" lon="-121.9952533"><ele>113</ele><time>2026-04-26T18:13:05.866234Z</time></trkpt>
  <trkpt lat="37.4132086" lon="-121.9952474"><ele>112</ele><time>2026-04-26T18:13:05.966758Z</time></trkpt>
  <trkpt lat="37.4131944" lon="-121.9952392"><ele>112</ele><time>2026-04-26T18:13:06.067292Z</time></trkpt>
  <trkpt lat="37.4131796" lon="-121.9952302"><ele>111</ele><time>2026-04-26T18:13:06.168249Z</time></trkpt>
  <trkpt lat="37.4131634" lon="-121.9952212"><ele>111</ele><time>2026-04-26T18:13:06.269160Z</time></trkpt>
  <trkpt lat="37.4131465" lon="-121.9952130"><ele>112</ele><time>2026-04-26T18:13:06.369793Z</time></trkpt>
  <trkpt lat="37.4131292" lon="-121.9952066"><ele>112</ele><time>2026-04-26T18:13:06.470721Z</time></trkpt>
  <trkpt lat="37.4131127" lon="-121.9952034"><ele>113</ele><time>2026-04-26T18:13:06.571120Z</time></trkpt>
  <trkpt lat="37.4130971" lon="-121.9952043"><ele>114</ele><time>2026-04-26T18:13:06.671825Z</time></trkpt>
  <trkpt lat="37.4130825" lon="-121.9952088"><ele>115</ele><time>2026-04-26T18:13:06.772305Z</time></trkpt>
  <trkpt lat="37.4130696" lon="-121.9952163"><ele>116</ele><time>2026-04-26T18:13:06.873084Z</time></trkpt>
  <trkpt lat="37.4130578" lon="-121.9952255"><ele>116</ele><time>2026-04-26T18:13:06.973796Z</time></trkpt>
  <trkpt lat="37.4130478" lon="-121.9952364"><ele>117</ele><time>2026-04-26T18:13:07.074554Z</time></trkpt>
  <trkpt lat="37.4130390" lon="-121.9952497"><ele>117</ele><time>2026-04-26T18:13:07.175255Z</time></trkpt>
  <trkpt lat="37.4130305" lon="-121.9952641"><ele>117</ele><time>2026-04-26T18:13:07.275626Z</time></trkpt>
  <trkpt lat="37.4130305" lon="-121.9952641"><ele>117</ele><time>2026-04-26T18:13:07.298821Z</time></trkpt>
  <trkpt lat="37.4130233" lon="-121.9952782"><ele>117</ele><time>2026-04-26T18:13:07.355992Z</time></trkpt>
  <trkpt lat="37.4130159" lon="-121.9952925"><ele>117</ele><time>2026-04-26T18:13:07.476990Z</time></trkpt>
  <trkpt lat="37.4130078" lon="-121.9953070"><ele>118</ele><time>2026-04-26T18:13:07.557230Z</time></trkpt>
  <trkpt lat="37.4129991" lon="-121.9953212"><ele>118</ele><time>2026-04-26T18:13:07.657835Z</time></trkpt>
  <trkpt lat="37.4129890" lon="-121.9953355"><ele>118</ele><time>2026-04-26T18:13:07.758121Z</time></trkpt>
  <trkpt lat="37.4129781" lon="-121.9953502"><ele>118</ele><time>2026-04-26T18:13:07.858558Z</time></trkpt>
  <trkpt lat="37.4129669" lon="-121.9953624"><ele>118</ele><time>2026-04-26T18:13:07.959567Z</time></trkpt>
  <trkpt lat="37.4129542" lon="-121.9953725"><ele>118</ele><time>2026-04-26T18:13:08.060059Z</time></trkpt>
  <trkpt lat="37.4129416" lon="-121.9953829"><ele>118</ele><time>2026-04-26T18:13:08.160370Z</time></trkpt>
  <trkpt lat="37.4129284" lon="-121.9953938"><ele>118</ele><time>2026-04-26T18:13:08.260690Z</time></trkpt>
  <trkpt lat="37.4129157" lon="-121.9954044"><ele>118</ele><time>2026-04-26T18:13:08.361365Z</time></trkpt>
  <trkpt lat="37.4129037" lon="-121.9954163"><ele>117</ele><time>2026-04-26T18:13:08.461399Z</time></trkpt>
  <trkpt lat="37.4128924" lon="-121.9954298"><ele>117</ele><time>2026-04-26T18:13:08.561644Z</time></trkpt>
  <trkpt lat="37.4128836" lon="-121.9954463"><ele>116</ele><time>2026-04-26T18:13:08.662180Z</time></trkpt>
  <trkpt lat="37.4128771" lon="-121.9954638"><ele>114</ele><time>2026-04-26T18:13:08.762738Z</time></trkpt>
  <trkpt lat="37.4128695" lon="-121.9954805"><ele>112</ele><time>2026-04-26T18:13:08.863792Z</time></trkpt>
  <trkpt lat="37.4128663" lon="-121.9954967"><ele>111</ele><time>2026-04-26T18:13:08.964444Z</time></trkpt>
  <trkpt lat="37.4128669" lon="-121.9955100"><ele>110</ele><time>2026-04-26T18:13:09.064830Z</time></trkpt>
  <trkpt lat="37.4128686" lon="-121.9955225"><ele>108</ele><time>2026-04-26T18:13:09.165428Z</time></trkpt>
  <trkpt lat="37.4128718" lon="-121.9955327"><ele>106</ele><time>2026-04-26T18:13:09.266052Z</time></trkpt>
  <trkpt lat="37.4128756" lon="-121.9955423"><ele>104</ele><time>2026-04-26T18:13:09.366994Z</time></trkpt>
  <trkpt lat="37.4128756" lon="-121.9955423"><ele>104</ele><time>2026-04-26T18:13:09.458298Z</time></trkpt>
  <trkpt lat="37.4128826" lon="-121.9955532"><ele>102</ele><time>2026-04-26T18:13:09.467237Z</time></trkpt>
  <trkpt lat="37.4128905" lon="-121.9955621"><ele>100</ele><time>2026-04-26T18:13:09.567954Z</time></trkpt>
  <trkpt lat="37.4128998" lon="-121.9955701"><ele>99</ele><time>2026-04-26T18:13:09.668424Z</time></trkpt>
  <trkpt lat="37.4129055" lon="-121.9955795"><ele>97</ele><time>2026-04-26T18:13:09.769248Z</time></trkpt>
  <trkpt lat="37.4129117" lon="-121.9955861"><ele>95</ele><time>2026-04-26T18:13:09.869615Z</time></trkpt>
  <trkpt lat="37.4129224" lon="-121.9955893"><ele>94</ele><time>2026-04-26T18:13:09.950160Z</time></trkpt>
  <trkpt lat="37.4129359" lon="-121.9955906"><ele>93</ele><time>2026-04-26T18:13:10.070784Z</time></trkpt>
  <trkpt lat="37.4129531" lon="-121.9955916"><ele>91</ele><time>2026-04-26T18:13:10.152156Z</time></trkpt>
  <trkpt lat="37.4129699" lon="-121.9955940"><ele>90</ele><time>2026-04-26T18:13:10.252823Z</time></trkpt>
  <trkpt lat="37.4129876" lon="-121.9955949"><ele>89</ele><time>2026-04-26T18:13:10.353422Z</time></trkpt>
  <trkpt lat="37.4130078" lon="-121.9955952"><ele>88</ele><time>2026-04-26T18:13:10.454641Z</time></trkpt>
  <trkpt lat="37.4130271" lon="-121.9955960"><ele>87</ele><time>2026-04-26T18:13:10.555019Z</time></trkpt>
  <trkpt lat="37.4130443" lon="-121.9955959"><ele>86</ele><time>2026-04-26T18:13:10.655775Z</time></trkpt>
  <trkpt lat="37.4130615" lon="-121.9955955"><ele>84</ele><time>2026-04-26T18:13:10.757014Z</time></trkpt>
  <trkpt lat="37.4130799" lon="-121.9955920"><ele>83</ele><time>2026-04-26T18:13:10.857515Z</time></trkpt>
  <trkpt lat="37.4130999" lon="-121.9955856"><ele>82</ele><time>2026-04-26T18:13:10.958068Z</time></trkpt>
  <trkpt lat="37.4131195" lon="-121.9955789"><ele>81</ele><time>2026-04-26T18:13:11.059347Z</time></trkpt>
  <trkpt lat="37.4131386" lon="-121.9955730"><ele>80</ele><time>2026-04-26T18:13:11.159980Z</time></trkpt>
  <trkpt lat="37.4131586" lon="-121.9955680"><ele>79</ele><time>2026-04-26T18:13:11.261050Z</time></trkpt>
  <trkpt lat="37.4131794" lon="-121.9955648"><ele>79</ele><time>2026-04-26T18:13:11.361592Z</time></trkpt>
  <trkpt lat="37.4132008" lon="-121.9955618"><ele>79</ele><time>2026-04-26T18:13:11.462149Z</time></trkpt>
  <trkpt lat="37.4132208" lon="-121.9955575"><ele>81</ele><time>2026-04-26T18:13:11.562405Z</time></trkpt>
  <trkpt lat="37.4132208" lon="-121.9955575"><ele>81</ele><time>2026-04-26T18:13:11.608808Z</time></trkpt>
  <trkpt lat="37.4132352" lon="-121.9955533"><ele>82</ele><time>2026-04-26T18:13:11.662998Z</time></trkpt>
  <trkpt lat="37.4132499" lon="-121.9955470"><ele>83</ele><time>2026-04-26T18:13:11.763714Z</time></trkpt>
  <trkpt lat="37.4132670" lon="-121.9955394"><ele>84</ele><time>2026-04-26T18:13:11.864502Z</time></trkpt>
  <trkpt lat="37.4132835" lon="-121.9955319"><ele>85</ele><time>2026-04-26T18:13:11.964819Z</time></trkpt>
  <trkpt lat="37.4132999" lon="-121.9955260"><ele>87</ele><time>2026-04-26T18:13:12.065428Z</time></trkpt>
  <trkpt lat="37.4133141" lon="-121.9955219"><ele>88</ele><time>2026-04-26T18:13:12.165712Z</time></trkpt>
  <trkpt lat="37.4133291" lon="-121.9955174"><ele>88</ele><time>2026-04-26T18:13:12.266255Z</time></trkpt>
  <trkpt lat="37.4133451" lon="-121.9955115"><ele>89</ele><time>2026-04-26T18:13:12.367267Z</time></trkpt>
  <trkpt lat="37.4133621" lon="-121.9955042"><ele>89</ele><time>2026-04-26T18:13:12.467719Z</time></trkpt>
  <trkpt lat="37.4133791" lon="-121.9954958"><ele>89</ele><time>2026-04-26T18:13:12.568658Z</time></trkpt>
  <trkpt lat="37.4133947" lon="-121.9954876"><ele>90</ele><time>2026-04-26T18:13:12.649349Z</time></trkpt>
  <trkpt lat="37.4134072" lon="-121.9954803"><ele>90</ele><time>2026-04-26T18:13:12.769785Z</time></trkpt>
  <trkpt lat="37.4134182" lon="-121.9954703"><ele>90</ele><time>2026-04-26T18:13:12.851233Z</time></trkpt>
  <trkpt lat="37.4134264" lon="-121.9954607"><ele>91</ele><time>2026-04-26T18:13:12.952110Z</time></trkpt>
  <trkpt lat="37.4134328" lon="-121.9954523"><ele>92</ele><time>2026-04-26T18:13:13.053254Z</time></trkpt>
  <trkpt lat="37.4134399" lon="-121.9954438"><ele>93</ele><time>2026-04-26T18:13:13.153951Z</time></trkpt>
  <trkpt lat="37.4134474" lon="-121.9954312"><ele>94</ele><time>2026-04-26T18:13:13.254289Z</time></trkpt>
  <trkpt lat="37.4134543" lon="-121.9954168"><ele>96</ele><time>2026-04-26T18:13:13.354731Z</time></trkpt>
  <trkpt lat="37.4134608" lon="-121.9954039"><ele>97</ele><time>2026-04-26T18:13:13.455131Z</time></trkpt>
  <trkpt lat="37.4134662" lon="-121.9953911"><ele>98</ele><time>2026-04-26T18:13:13.555500Z</time></trkpt>
  <trkpt lat="37.4134699" lon="-121.9953780"><ele>100</ele><time>2026-04-26T18:13:13.656103Z</time></trkpt>
  <trkpt lat="37.4134722" lon="-121.9953647"><ele>101</ele><time>2026-04-26T18:13:13.756332Z</time></trkpt>
  <trkpt lat="37.4134722" lon="-121.9953647"><ele>101</ele><time>2026-04-26T18:13:13.762643Z</time></trkpt>
  <trkpt lat="37.4134731" lon="-121.9953509"><ele>102</ele><time>2026-04-26T18:13:13.857177Z</time></trkpt>
  <trkpt lat="37.4134719" lon="-121.9953364"><ele>103</ele><time>2026-04-26T18:13:13.958225Z</time></trkpt>
  <trkpt lat="37.4134690" lon="-121.9953221"><ele>105</ele><time>2026-04-26T18:13:14.059043Z</time></trkpt>
  <trkpt lat="37.4134664" lon="-121.9953075"><ele>106</ele><time>2026-04-26T18:13:14.160210Z</time></trkpt>
  <trkpt lat="37.4134653" lon="-121.9952920"><ele>106</ele><time>2026-04-26T18:13:14.239599Z</time></trkpt>
  <trkpt lat="37.4134643" lon="-121.9952757"><ele>107</ele><time>2026-04-26T18:13:14.340911Z</time></trkpt>
  <trkpt lat="37.4134627" lon="-121.9952592"><ele>107</ele><time>2026-04-26T18:13:14.442229Z</time></trkpt>
  <trkpt lat="37.4134602" lon="-121.9952428"><ele>108</ele><time>2026-04-26T18:13:14.542858Z</time></trkpt>
  <trkpt lat="37.4134553" lon="-121.9952255"><ele>108</ele><time>2026-04-26T18:13:14.643551Z</time></trkpt>
  <trkpt lat="37.4134482" lon="-121.9952098"><ele>108</ele><time>2026-04-26T18:13:14.743765Z</time></trkpt>
  <trkpt lat="37.4134384" lon="-121.9951966"><ele>109</ele><time>2026-04-26T18:13:14.844847Z</time></trkpt>
  <trkpt lat="37.4134271" lon="-121.9951847"><ele>109</ele><time>2026-04-26T18:13:14.945969Z</time></trkpt>
  <trkpt lat="37.4134149" lon="-121.9951744"><ele>109</ele><time>2026-04-26T18:13:15.047117Z</time></trkpt>
  <trkpt lat="37.4134027" lon="-121.9951671"><ele>109</ele><time>2026-04-26T18:13:15.147430Z</time></trkpt>
  <trkpt lat="37.4133912" lon="-121.9951624"><ele>109</ele><time>2026-04-26T18:13:15.248314Z</time></trkpt>
  <trkpt lat="37.4133801" lon="-121.9951604"><ele>109</ele><time>2026-04-26T18:13:15.348867Z</time></trkpt>
  <trkpt lat="37.4133710" lon="-121.9951615"><ele>108</ele><time>2026-04-26T18:13:15.449269Z</time></trkpt>
  <trkpt lat="37.4133614" lon="-121.9951658"><ele>107</ele><time>2026-04-26T18:13:15.549527Z</time></trkpt>
  <trkpt lat="37.4133517" lon="-121.9951715"><ele>106</ele><time>2026-04-26T18:13:15.649786Z</time></trkpt>
  <trkpt lat="37.4133423" lon="-121.9951803"><ele>104</ele><time>2026-04-26T18:13:15.750228Z</time></trkpt>
  <trkpt lat="37.4133355" lon="-121.9951889"><ele>103</ele><time>2026-04-26T18:13:15.850774Z</time></trkpt>
  <trkpt lat="37.4133355" lon="-121.9951889"><ele>103</ele><time>2026-04-26T18:13:15.917526Z</time></trkpt>
  <trkpt lat="37.4133284" lon="-121.9951983"><ele>102</ele><time>2026-04-26T18:13:15.951117Z</time></trkpt>
  <trkpt lat="37.4133218" lon="-121.9952075"><ele>100</ele><time>2026-04-26T18:13:16.051679Z</time></trkpt>
  <trkpt lat="37.4133163" lon="-121.9952173"><ele>99</ele><time>2026-04-26T18:13:16.152168Z</time></trkpt>
  <trkpt lat="37.4133113" lon="-121.9952249"><ele>96</ele><time>2026-04-26T18:13:16.253309Z</time></trkpt>
  <trkpt lat="37.4133135" lon="-121.9952317"><ele>95</ele><time>2026-04-26T18:13:16.354763Z</time></trkpt>
  <trkpt lat="37.4133192" lon="-121.9952374"><ele>93</ele><time>2026-04-26T18:13:16.455180Z</time></trkpt>
  <trkpt lat="37.4133298" lon="-121.9952428"><ele>91</ele><time>2026-04-26T18:13:16.556071Z</time></trkpt>
  <trkpt lat="37.4133425" lon="-121.9952478"><ele>90</ele><time>2026-04-26T18:13:16.636451Z</time></trkpt>
  <trkpt lat="37.4133575" lon="-121.9952525"><ele>89</ele><time>2026-04-26T18:13:16.736809Z</time></trkpt>
  <trkpt lat="37.4133741" lon="-121.9952562"><ele>89</ele><time>2026-04-26T18:13:16.837455Z</time></trkpt>
  <trkpt lat="37.4133932" lon="-121.9952570"><ele>89</ele><time>2026-04-26T18:13:16.938604Z</time></trkpt>
  <trkpt lat="37.4134143" lon="-121.9952543"><ele>88</ele><time>2026-04-26T18:13:17.039259Z</time></trkpt>
  <trkpt lat="37.4134349" lon="-121.9952491"><ele>88</ele><time>2026-04-26T18:13:17.140160Z</time></trkpt>
  <trkpt lat="37.4134553" lon="-121.9952433"><ele>87</ele><time>2026-04-26T18:13:17.241147Z</time></trkpt>
  <trkpt lat="37.4134767" lon="-121.9952372"><ele>88</ele><time>2026-04-26T18:13:17.341818Z</time></trkpt>
  <trkpt lat="37.4134976" lon="-121.9952314"><ele>88</ele><time>2026-04-26T18:13:17.442352Z</time></trkpt>
  <trkpt lat="37.4135184" lon="-121.9952258"><ele>89</ele><time>2026-04-26T18:13:17.543131Z</time></trkpt>
  <trkpt lat="37.4135413" lon="-121.9952193"><ele>89</ele><time>2026-04-26T18:13:17.643026Z</time></trkpt>
  <trkpt lat="37.4135639" lon="-121.9952126"><ele>90</ele><time>2026-04-26T18:13:17.743795Z</time></trkpt>
  <trkpt lat="37.4135859" lon="-121.9952070"><ele>91</ele><time>2026-04-26T18:13:17.844640Z</time></trkpt>
  <trkpt lat="37.4136054" lon="-121.9952031"><ele>91</ele><time>2026-04-26T18:13:17.944853Z</time></trkpt>
  <trkpt lat="37.4136247" lon="-121.9952004"><ele>91</ele><time>2026-04-26T18:13:18.045581Z</time></trkpt>
  <trkpt lat="37.4136247" lon="-121.9952004"><ele>91</ele><time>2026-04-26T18:13:18.073221Z</time></trkpt>
  <trkpt lat="37.4136451" lon="-121.9952004"><ele>92</ele><time>2026-04-26T18:13:18.146053Z</time></trkpt>
  <trkpt lat="37.4136647" lon="-121.9952037"><ele>92</ele><time>2026-04-26T18:13:18.246579Z</time></trkpt>
  <trkpt lat="37.4136851" lon="-121.9952076"><ele>93</ele><time>2026-04-26T18:13:18.347136Z</time></trkpt>
  <trkpt lat="37.4137036" lon="-121.9952137"><ele>94</ele><time>2026-04-26T18:13:18.447668Z</time></trkpt>
  <trkpt lat="37.4137176" lon="-121.9952243"><ele>94</ele><time>2026-04-26T18:13:18.548624Z</time></trkpt>
  <trkpt lat="37.4137279" lon="-121.9952380"><ele>95</ele><time>2026-04-26T18:13:18.648791Z</time></trkpt>
  <trkpt lat="37.4137356" lon="-121.9952539"><ele>95</ele><time>2026-04-26T18:13:18.749182Z</time></trkpt>
  <trkpt lat="37.4137398" lon="-121.9952714"><ele>95</ele><time>2026-04-26T18:13:18.849808Z</time></trkpt>
  <trkpt lat="37.4137416" lon="-121.9952901"><ele>95</ele><time>2026-04-26T18:13:18.950326Z</time></trkpt>
  <trkpt lat="37.4137407" lon="-121.9953063"><ele>94</ele><time>2026-04-26T18:13:19.050662Z</time></trkpt>
  <trkpt lat="37.4137366" lon="-121.9953203"><ele>93</ele><time>2026-04-26T18:13:19.150808Z</time></trkpt>
  <trkpt lat="37.4137282" lon="-121.9953339"><ele>92</ele><time>2026-04-26T18:13:19.251719Z</time></trkpt>
  <trkpt lat="37.4137169" lon="-121.9953421"><ele>92</ele><time>2026-04-26T18:13:19.352759Z</time></trkpt>
  <trkpt lat="37.4137044" lon="-121.9953469"><ele>91</ele><time>2026-04-26T18:13:19.433743Z</time></trkpt>
  <trkpt lat="37.4136907" lon="-121.9953480"><ele>90</ele><time>2026-04-26T18:13:19.554193Z</time></trkpt>
  <trkpt lat="37.4136765" lon="-121.9953461"><ele>90</ele><time>2026-04-26T18:13:19.634689Z</time></trkpt>
  <trkpt lat="37.4136628" lon="-121.9953403"><ele>89</ele><time>2026-04-26T18:13:19.735016Z</time></trkpt>
  <trkpt lat="37.4136488" lon="-121.9953308"><ele>88</ele><time>2026-04-26T18:13:19.835744Z</time></trkpt>
  <trkpt lat="37.4136357" lon="-121.9953207"><ele>88</ele><time>2026-04-26T18:13:19.935948Z</time></trkpt>
  <trkpt lat="37.4136228" lon="-121.9953108"><ele>87</ele><time>2026-04-26T18:13:20.036725Z</time></trkpt>
  <trkpt lat="37.4136093" lon="-121.9953001"><ele>86</ele><time>2026-04-26T18:13:20.136946Z</time></trkpt>
  <trkpt lat="37.4136093" lon="-121.9953001"><ele>86</ele><time>2026-04-26T18:13:20.233482Z</time></trkpt>
  <trkpt lat="37.4135948" lon="-121.9952902"><ele>85</ele><time>2026-04-26T18:13:20.237665Z</time></trkpt>
  <trkpt lat="37.4135799" lon="-121.9952805"><ele>85</ele><time>2026-04-26T18:13:20.337913Z</time></trkpt>
  <trkpt lat="37.4135648" lon="-121.9952715"><ele>84</ele><time>2026-04-26T18:13:20.438459Z</time></trkpt>
  <trkpt lat="37.4135491" lon="-121.9952633"><ele>83</ele><time>2026-04-26T18:13:20.539038Z</time></trkpt>
  <trkpt lat="37.4135326" lon="-121.9952568"><ele>83</ele><time>2026-04-26T18:13:20.640183Z</time></trkpt>
  <trkpt lat="37.4135151" lon="-121.9952519"><ele>83</ele><time>2026-04-26T18:13:20.741135Z</time></trkpt>
  <trkpt lat="37.4134975" lon="-121.9952484"><ele>83</ele><time>2026-04-26T18:13:20.841418Z</time></trkpt>
  <trkpt lat="37.4134800" lon="-121.9952464"><ele>83</ele><time>2026-04-26T18:13:20.942302Z</time></trkpt>
  <trkpt lat="37.4134625" lon="-121.9952450"><ele>83</ele><time>2026-04-26T18:13:21.042591Z</time></trkpt>
  <trkpt lat="37.4134451" lon="-121.9952441"><ele>83</ele><time>2026-04-26T18:13:21.143063Z</time></trkpt>
  <trkpt lat="37.4134280" lon="-121.9952436"><ele>83</ele><time>2026-04-26T18:13:21.243715Z</time></trkpt>
  <trkpt lat="37.4134108" lon="-121.9952435"><ele>83</ele><time>2026-04-26T18:13:21.345079Z</time></trkpt>
  <trkpt lat="37.4133937" lon="-121.9952436"><ele>83</ele><time>2026-04-26T18:13:21.445854Z</time></trkpt>
  <trkpt lat="37.4133768" lon="-121.9952442"><ele>83</ele><time>2026-04-26T18:13:21.546448Z</time></trkpt>
  <trkpt lat="37.4133599" lon="-121.9952452"><ele>83</ele><time>2026-04-26T18:13:21.647116Z</time></trkpt>
  <trkpt lat="37.4133431" lon="-121.9952464"><ele>83</ele><time>2026-04-26T18:13:21.747874Z</time></trkpt>
  <trkpt lat="37.4133263" lon="-121.9952483"><ele>83</ele><time>2026-04-26T18:13:21.848172Z</time></trkpt>
  <trkpt lat="37.4133095" lon="-121.9952504"><ele>83</ele><time>2026-04-26T18:13:21.949056Z</time></trkpt>
  <trkpt lat="37.4132927" lon="-121.9952530"><ele>83</ele><time>2026-04-26T18:13:22.050550Z</time></trkpt>
  <trkpt lat="37.4132760" lon="-121.9952561"><ele>83</ele><time>2026-04-26T18:13:22.130621Z</time></trkpt>
  <trkpt lat="37.4132596" lon="-121.9952593"><ele>83</ele><time>2026-04-26T18:13:22.231208Z</time></trkpt>
  <trkpt lat="37.4132431" lon="-121.9952628"><ele>83</ele><time>2026-04-26T18:13:22.332350Z</time></trkpt>
  <trkpt lat="37.4132431" lon="-121.9952628"><ele>83</ele><time>2026-04-26T18:13:22.390140Z</time></trkpt>
  <trkpt lat="37.4132267" lon="-121.9952665"><ele>83</ele><time>2026-04-26T18:13:22.433502Z</time></trkpt>
  <trkpt lat="37.4132104" lon="-121.9952707"><ele>82</ele><time>2026-04-26T18:13:22.534289Z</time></trkpt>
  <trkpt lat="37.4131941" lon="-121.9952753"><ele>82</ele><time>2026-04-26T18:13:22.634351Z</time></trkpt>
  <trkpt lat="37.4131781" lon="-121.9952799"><ele>82</ele><time>2026-04-26T18:13:22.735156Z</time></trkpt>
  <trkpt lat="37.4131618" lon="-121.9952847"><ele>82</ele><time>2026-04-26T18:13:22.835616Z</time></trkpt>
  <trkpt lat="37.4131456" lon="-121.9952898"><ele>82</ele><time>2026-04-26T18:13:22.935980Z</time></trkpt>
  <trkpt lat="37.4131293" lon="-121.9952939"><ele>82</ele><time>2026-04-26T18:13:23.036505Z</time></trkpt>
  <trkpt lat="37.4131128" lon="-121.9952971"><ele>82</ele><time>2026-04-26T18:13:23.137559Z</time></trkpt>
  <trkpt lat="37.4130962" lon="-121.9952993"><ele>83</ele><time>2026-04-26T18:13:23.238306Z</time></trkpt>
  <trkpt lat="37.4130795" lon="-121.9953008"><ele>83</ele><time>2026-04-26T18:13:23.338639Z</time></trkpt>
  <trkpt lat="37.4130630" lon="-121.9953020"><ele>83</ele><time>2026-04-26T18:13:23.439091Z</time></trkpt>
  <trkpt lat="37.4130464" lon="-121.9953029"><ele>83</ele><time>2026-04-26T18:13:23.540157Z</time></trkpt>
  <trkpt lat="37.4130300" lon="-121.9953025"><ele>84</ele><time>2026-04-26T18:13:23.641086Z</time></trkpt>
  <trkpt lat="37.4130141" lon="-121.9953009"><ele>84</ele><time>2026-04-26T18:13:23.741543Z</time></trkpt>
  <trkpt lat="37.4129985" lon="-121.9952981"><ele>84</ele><time>2026-04-26T18:13:23.842052Z</time></trkpt>
  <trkpt lat="37.4129830" lon="-121.9952942"><ele>85</ele><time>2026-04-26T18:13:23.942654Z</time></trkpt>
  <trkpt lat="37.4129678" lon="-121.9952893"><ele>85</ele><time>2026-04-26T18:13:24.043017Z</time></trkpt>
  <trkpt lat="37.4129527" lon="-121.9952839"><ele>86</ele><time>2026-04-26T18:13:24.143075Z</time></trkpt>
  <trkpt lat="37.4129375" lon="-121.9952778"><ele>86</ele><time>2026-04-26T18:13:24.243237Z</time></trkpt>
  <trkpt lat="37.4129224" lon="-121.9952711"><ele>87</ele><time>2026-04-26T18:13:24.343831Z</time></trkpt>
  <trkpt lat="37.4129073" lon="-121.9952642"><ele>87</ele><time>2026-04-26T18:13:24.445339Z</time></trkpt>
  <trkpt lat="37.4128923" lon="-121.9952567"><ele>88</ele><time>2026-04-26T18:13:24.545547Z</time></trkpt>
  <trkpt lat="37.4128923" lon="-121.9952567"><ele>88</ele><time>2026-04-26T18:13:24.547599Z</time></trkpt>
  <trkpt lat="37.4128775" lon="-121.9952486"><ele>88</ele><time>2026-04-26T18:13:24.646253Z</time></trkpt>
  <trkpt lat="37.4128628" lon="-121.9952401"><ele>88</ele><time>2026-04-26T18:13:24.746935Z</time></trkpt>
  <trkpt lat="37.4128479" lon="-121.9952316"><ele>88</ele><time>2026-04-26T18:13:24.827430Z</time></trkpt>
  <trkpt lat="37.4128331" lon="-121.9952228"><ele>89</ele><time>2026-04-26T18:13:24.929375Z</time></trkpt>
  <trkpt lat="37.4128183" lon="-121.9952137"><ele>89</ele><time>2026-04-26T18:13:25.030061Z</time></trkpt>
  <trkpt lat="37.4128036" lon="-121.9952039"><ele>89</ele><time>2026-04-26T18:13:25.130545Z</time></trkpt>
  <trkpt lat="37.4127888" lon="-121.9951940"><ele>89</ele><time>2026-04-26T18:13:25.231988Z</time></trkpt>
  <trkpt lat="37.4127738" lon="-121.9951840"><ele>89</ele><time>2026-04-26T18:13:25.332950Z</time></trkpt>
  <trkpt lat="37.4127589" lon="-121.9951734"><ele>89</ele><time>2026-04-26T18:13:25.433722Z</time></trkpt>
  <trkpt lat="37.4127440" lon="-121.9951624"><ele>89</ele><time>2026-04-26T18:13:25.533900Z</time></trkpt>
  <trkpt lat="37.4127291" lon="-121.9951511"><ele>89</ele><time>2026-04-26T18:13:25.634409Z</time></trkpt>
  <trkpt lat="37.4127145" lon="-121.9951394"><ele>89</ele><time>2026-04-26T18:13:25.735388Z</time></trkpt>
  <trkpt lat="37.4126996" lon="-121.9951275"><ele>89</ele><time>2026-04-26T18:13:25.836219Z</time></trkpt>
  <trkpt lat="37.4126848" lon="-121.9951151"><ele>89</ele><time>2026-04-26T18:13:25.936431Z</time></trkpt>
  <trkpt lat="37.4126702" lon="-121.9951022"><ele>88</ele><time>2026-04-26T18:13:26.036380Z</time></trkpt>
  <trkpt lat="37.4126557" lon="-121.9950889"><ele>88</ele><time>2026-04-26T18:13:26.137012Z</time></trkpt>
  <trkpt lat="37.4126414" lon="-121.9950752"><ele>88</ele><time>2026-04-26T18:13:26.237460Z</time></trkpt>
  <trkpt lat="37.4126270" lon="-121.9950609"><ele>88</ele><time>2026-04-26T18:13:26.337664Z</time></trkpt>
  <trkpt lat="37.4126128" lon="-121.9950461"><ele>87</ele><time>2026-04-26T18:13:26.438189Z</time></trkpt>
  <trkpt lat="37.4125985" lon="-121.9950311"><ele>87</ele><time>2026-04-26T18:13:26.538827Z</time></trkpt>
  <trkpt lat="37.4125843" lon="-121.9950157"><ele>87</ele><time>2026-04-26T18:13:26.639916Z</time></trkpt>
  <trkpt lat="37.4125843" lon="-121.9950157"><ele>87</ele><time>2026-04-26T18:13:26.694700Z</time></trkpt>
  <trkpt lat="37.4125701" lon="-121.9950001"><ele>86</ele><time>2026-04-26T18:13:26.740218Z</time></trkpt>
  <trkpt lat="37.4125562" lon="-121.9949839"><ele>86</ele><time>2026-04-26T18:13:26.840732Z</time></trkpt>
  <trkpt lat="37.4125430" lon="-121.9949665"><ele>85</ele><time>2026-04-26T18:13:26.941221Z</time></trkpt>
  <trkpt lat="37.4125308" lon="-121.9949476"><ele>85</ele><time>2026-04-26T18:13:27.041283Z</time></trkpt>
  <trkpt lat="37.4125194" lon="-121.9949272"><ele>85</ele><time>2026-04-26T18:13:27.142006Z</time></trkpt>
  <trkpt lat="37.4125092" lon="-121.9949060"><ele>85</ele><time>2026-04-26T18:13:27.242365Z</time></trkpt>
  <trkpt lat="37.4125000" lon="-121.9948839"><ele>84</ele><time>2026-04-26T18:13:27.342932Z</time></trkpt>
  <trkpt lat="37.4124921" lon="-121.9948612"><ele>84</ele><time>2026-04-26T18:13:27.443200Z</time></trkpt>
  <trkpt lat="37.4124853" lon="-121.9948378"><ele>84</ele><time>2026-04-26T18:13:27.543551Z</time></trkpt>
  <trkpt lat="37.4124802" lon="-121.9948139"><ele>84</ele><time>2026-04-26T18:13:27.643868Z</time></trkpt>
  <trkpt lat="37.4124767" lon="-121.9947899"><ele>84</ele><time>2026-04-26T18:13:27.723931Z</time></trkpt>
  <trkpt lat="37.4124751" lon="-121.9947658"><ele>84</ele><time>2026-04-26T18:13:27.844794Z</time></trkpt>
  <trkpt lat="37.4124755" lon="-121.9947423"><ele>85</ele><time>2026-04-26T18:13:27.925679Z</time></trkpt>
  <trkpt lat="37.4124779" lon="-121.9947196"><ele>85</ele><time>2026-04-26T18:13:28.025905Z</time></trkpt>
  <trkpt lat="37.4124821" lon="-121.9946981"><ele>86</ele><time>2026-04-26T18:13:28.126785Z</time></trkpt>
  <trkpt lat="37.4124883" lon="-121.9946779"><ele>86</ele><time>2026-04-26T18:13:28.227564Z</time></trkpt>
  <trkpt lat="37.4124966" lon="-121.9946585"><ele>87</ele><time>2026-04-26T18:13:28.328607Z</time></trkpt>
  <trkpt lat="37.4125064" lon="-121.9946409"><ele>87</ele><time>2026-04-26T18:13:28.428861Z</time></trkpt>
  <trkpt lat="37.4125176" lon="-121.9946258"><ele>88</ele><time>2026-04-26T18:13:28.528969Z</time></trkpt>
  <trkpt lat="37.4125306" lon="-121.9946135"><ele>88</ele><time>2026-04-26T18:13:28.629787Z</time></trkpt>
  <trkpt lat="37.4125446" lon="-121.9946042"><ele>89</ele><time>2026-04-26T18:13:28.730446Z</time></trkpt>
  <trkpt lat="37.4125595" lon="-121.9945982"><ele>89</ele><time>2026-04-26T18:13:28.831809Z</time></trkpt>
  <trkpt lat="37.4125595" lon="-121.9945982"><ele>89</ele><time>2026-04-26T18:13:28.856660Z</time></trkpt>
  <trkpt lat="37.4125747" lon="-121.9945952"><ele>89</ele><time>2026-04-26T18:13:28.933135Z</time></trkpt>
  <trkpt lat="37.4125899" lon="-121.9945945"><ele>90</ele><time>2026-04-26T18:13:29.032555Z</time></trkpt>
  <trkpt lat="37.4126048" lon="-121.9945955"><ele>90</ele><time>2026-04-26T18:13:29.133189Z</time></trkpt>
  <trkpt lat="37.4126197" lon="-121.9945970"><ele>90</ele><time>2026-04-26T18:13:29.233546Z</time></trkpt>
  <trkpt lat="37.4126347" lon="-121.9945988"><ele>90</ele><time>2026-04-26T18:13:29.333928Z</time></trkpt>
  <trkpt lat="37.4126497" lon="-121.9946007"><ele>91</ele><time>2026-04-26T18:13:29.435084Z</time></trkpt>
  <trkpt lat="37.4126646" lon="-121.9946026"><ele>91</ele><time>2026-04-26T18:13:29.535755Z</time></trkpt>
  <trkpt lat="37.4126796" lon="-121.9946046"><ele>91</ele><time>2026-04-26T18:13:29.636155Z</time></trkpt>
  <trkpt lat="37.4126948" lon="-121.9946069"><ele>91</ele><time>2026-04-26T18:13:29.736899Z</time></trkpt>
  <trkpt lat="37.4127098" lon="-121.9946092"><ele>91</ele><time>2026-04-26T18:13:29.837337Z</time></trkpt>
  <trkpt lat="37.4127250" lon="-121.9946119"><ele>91</ele><time>2026-04-26T18:13:29.937888Z</time></trkpt>
  <trkpt lat="37.4127402" lon="-121.9946146"><ele>91</ele><time>2026-04-26T18:13:30.038374Z</time></trkpt>
  <trkpt lat="37.4127555" lon="-121.9946175"><ele>92</ele><time>2026-04-26T18:13:30.140246Z</time></trkpt>
  <trkpt lat="37.4127708" lon="-121.9946206"><ele>92</ele><time>2026-04-26T18:13:30.220922Z</time></trkpt>
  <trkpt lat="37.4127860" lon="-121.9946241"><ele>92</ele><time>2026-04-26T18:13:30.321385Z</time></trkpt>
  <trkpt lat="37.4128015" lon="-121.9946277"><ele>92</ele><time>2026-04-26T18:13:30.441476Z</time></trkpt>
  <trkpt lat="37.4128170" lon="-121.9946316"><ele>92</ele><time>2026-04-26T18:13:30.522274Z</time></trkpt>
  <trkpt lat="37.4128324" lon="-121.9946356"><ele>92</ele><time>2026-04-26T18:13:30.622427Z</time></trkpt>
  <trkpt lat="37.4128480" lon="-121.9946400"><ele>92</ele><time>2026-04-26T18:13:30.722942Z</time></trkpt>
  <trkpt lat="37.4128634" lon="-121.9946444"><ele>92</ele><time>2026-04-26T18:13:30.822992Z</time></trkpt>
  <trkpt lat="37.4128789" lon="-121.9946490"><ele>92</ele><time>2026-04-26T18:13:30.923412Z</time></trkpt>
  <trkpt lat="37.4128789" lon="-121.9946490"><ele>92</ele><time>2026-04-26T18:13:31.014744Z</time></trkpt>
  <trkpt lat="37.4128944" lon="-121.9946539"><ele>92</ele><time>2026-04-26T18:13:31.024377Z</time></trkpt>
  <trkpt lat="37.4129100" lon="-121.9946589"><ele>92</ele><time>2026-04-26T18:13:31.125614Z</time></trkpt>
  <trkpt lat="37.4129255" lon="-121.9946641"><ele>92</ele><time>2026-04-26T18:13:31.226434Z</time></trkpt>
  <trkpt lat="37.4129410" lon="-121.9946693"><ele>92</ele><time>2026-04-26T18:13:31.326329Z</time></trkpt>
  <trkpt lat="37.4129566" lon="-121.9946747"><ele>93</ele><time>2026-04-26T18:13:31.426690Z</time></trkpt>
  <trkpt lat="37.4129721" lon="-121.9946803"><ele>93</ele><time>2026-04-26T18:13:31.526993Z</time></trkpt>
  <trkpt lat="37.4129877" lon="-121.9946861"><ele>93</ele><time>2026-04-26T18:13:31.627457Z</time></trkpt>
  <trkpt lat="37.4130031" lon="-121.9946920"><ele>93</ele><time>2026-04-26T18:13:31.728301Z</time></trkpt>
  <trkpt lat="37.4130187" lon="-121.9946979"><ele>93</ele><time>2026-04-26T18:13:31.829005Z</time></trkpt>
  <trkpt lat="37.4130343" lon="-121.9947038"><ele>93</ele><time>2026-04-26T18:13:31.929525Z</time></trkpt>
  <trkpt lat="37.4130497" lon="-121.9947100"><ele>93</ele><time>2026-04-26T18:13:32.029853Z</time></trkpt>
  <trkpt lat="37.4130648" lon="-121.9947165"><ele>93</ele><time>2026-04-26T18:13:32.130580Z</time></trkpt>
  <trkpt lat="37.4130797" lon="-121.9947231"><ele>93</ele><time>2026-04-26T18:13:32.230692Z</time></trkpt>
  <trkpt lat="37.4130943" lon="-121.9947299"><ele>94</ele><time>2026-04-26T18:13:32.330952Z</time></trkpt>
  <trkpt lat="37.4131089" lon="-121.9947366"><ele>94</ele><time>2026-04-26T18:13:32.431209Z</time></trkpt>
  <trkpt lat="37.4131233" lon="-121.9947434"><ele>94</ele><time>2026-04-26T18:13:32.531285Z</time></trkpt>
  <trkpt lat="37.4131378" lon="-121.9947503"><ele>95</ele><time>2026-04-26T18:13:32.632210Z</time></trkpt>
  <trkpt lat="37.4131521" lon="-121.9947572"><ele>95</ele><time>2026-04-26T18:13:32.732424Z</time></trkpt>
  <trkpt lat="37.4131665" lon="-121.9947642"><ele>95</ele><time>2026-04-26T18:13:32.833071Z</time></trkpt>
  <trkpt lat="37.4131809" lon="-121.9947713"><ele>96</ele><time>2026-04-26T18:13:32.933678Z</time></trkpt>
  <trkpt lat="37.4131952" lon="-121.9947786"><ele>96</ele><time>2026-04-26T18:13:33.034101Z</time></trkpt>
  <trkpt lat="37.4132095" lon="-121.9947857"><ele>96</ele><time>2026-04-26T18:13:33.134413Z</time></trkpt>
  <trkpt lat="37.4132095" lon="-121.9947857"><ele>96</ele><time>2026-04-26T18:13:33.171298Z</time></trkpt>
  <trkpt lat="37.4132239" lon="-121.9947931"><ele>96</ele><time>2026-04-26T18:13:33.234676Z</time></trkpt>
  <trkpt lat="37.4132381" lon="-121.9948007"><ele>96</ele><time>2026-04-26T18:13:33.335168Z</time></trkpt>
  <trkpt lat="37.4132524" lon="-121.9948084"><ele>97</ele><time>2026-04-26T18:13:33.436561Z</time></trkpt>
  <trkpt lat="37.4132666" lon="-121.9948161"><ele>97</ele><time>2026-04-26T18:13:33.517582Z</time></trkpt>
  <trkpt lat="37.4132806" lon="-121.9948239"><ele>97</ele><time>2026-04-26T18:13:33.618521Z</time></trkpt>
  <trkpt lat="37.4132946" lon="-121.9948320"><ele>97</ele><time>2026-04-26T18:13:33.720586Z</time></trkpt>
  <trkpt lat="37.4133085" lon="-121.9948403"><ele>97</ele><time>2026-04-26T18:13:33.821281Z</time></trkpt>
  <trkpt lat="37.4133221" lon="-121.9948490"><ele>97</ele><time>2026-04-26T18:13:33.921326Z</time></trkpt>
  <trkpt lat="37.4133355" lon="-121.9948580"><ele>98</ele><time>2026-04-26T18:13:34.021872Z</time></trkpt>
  <trkpt lat="37.4133481" lon="-121.9948677"><ele>98</ele><time>2026-04-26T18:13:34.122235Z</time></trkpt>
  <trkpt lat="37.4133601" lon="-121.9948783"><ele>98</ele><time>2026-04-26T18:13:34.222825Z</time></trkpt>
  <trkpt lat="37.4133714" lon="-121.9948897"><ele>98</ele><time>2026-04-26T18:13:34.324362Z</time></trkpt>
  <trkpt lat="37.4133817" lon="-121.9949018"><ele>99</ele><time>2026-04-26T18:13:34.424561Z</time></trkpt>
  <trkpt lat="37.4133912" lon="-121.9949145"><ele>99</ele><time>2026-04-26T18:13:34.525134Z</time></trkpt>
  <trkpt lat="37.4133995" lon="-121.9949281"><ele>99</ele><time>2026-04-26T18:13:34.626096Z</time></trkpt>
  <trkpt lat="37.4134063" lon="-121.9949421"><ele>99</ele><time>2026-04-26T18:13:34.726336Z</time></trkpt>
  <trkpt lat="37.4134116" lon="-121.9949562"><ele>99</ele><time>2026-04-26T18:13:34.826619Z</time></trkpt>
  <trkpt lat="37.4134144" lon="-121.9949715"><ele>99</ele><time>2026-04-26T18:13:34.927293Z</time></trkpt>
  <trkpt lat="37.4134145" lon="-121.9949879"><ele>100</ele><time>2026-04-26T18:13:35.027759Z</time></trkpt>
  <trkpt lat="37.4134124" lon="-121.9950042"><ele>100</ele><time>2026-04-26T18:13:35.128169Z</time></trkpt>
  <trkpt lat="37.4134085" lon="-121.9950199"><ele>99</ele><time>2026-04-26T18:13:35.228783Z</time></trkpt>
  <trkpt lat="37.4134027" lon="-121.9950345"><ele>99</ele><time>2026-04-26T18:13:35.329168Z</time></trkpt>
  <trkpt lat="37.4134027" lon="-121.9950345"><ele>99</ele><time>2026-04-26T18:13:35.330198Z</time></trkpt>
  <trkpt lat="37.4133945" lon="-121.9950476"><ele>99</ele><time>2026-04-26T18:13:35.429391Z</time></trkpt>
  <trkpt lat="37.4133841" lon="-121.9950589"><ele>98</ele><time>2026-04-26T18:13:35.529672Z</time></trkpt>
  <trkpt lat="37.4133719" lon="-121.9950688"><ele>97</ele><time>2026-04-26T18:13:35.629801Z</time></trkpt>
  <trkpt lat="37.4133586" lon="-121.9950763"><ele>97</ele><time>2026-04-26T18:13:35.730210Z</time></trkpt>
  <trkpt lat="37.4133439" lon="-121.9950807"><ele>96</ele><time>2026-04-26T18:13:35.830400Z</time></trkpt>
  <trkpt lat="37.4133283" lon="-121.9950822"><ele>95</ele><time>2026-04-26T18:13:35.931065Z</time></trkpt>
  <trkpt lat="37.4133126" lon="-121.9950822"><ele>94</ele><time>2026-04-26T18:13:36.031577Z</time></trkpt>
  <trkpt lat="37.4132973" lon="-121.9950823"><ele>93</ele><time>2026-04-26T18:13:36.132184Z</time></trkpt>
  <trkpt lat="37.4132823" lon="-121.9950830"><ele>91</ele><time>2026-04-26T18:13:36.232501Z</time></trkpt>
  <trkpt lat="37.4132667" lon="-121.9950847"><ele>90</ele><time>2026-04-26T18:13:36.333700Z</time></trkpt>
  <trkpt lat="37.4132501" lon="-121.9950875"><ele>89</ele><time>2026-04-26T18:13:36.414076Z</time></trkpt>
  <trkpt lat="37.4132326" lon="-121.9950912"><ele>89</ele><time>2026-04-26T18:13:36.514330Z</time></trkpt>
  <trkpt lat="37.4132153" lon="-121.9950963"><ele>88</ele><time>2026-04-26T18:13:36.614536Z</time></trkpt>
  <trkpt lat="37.4131983" lon="-121.9951031"><ele>88</ele><time>2026-04-26T18:13:36.714984Z</time></trkpt>
  <trkpt lat="37.4131816" lon="-121.9951108"><ele>88</ele><time>2026-04-26T18:13:36.815506Z</time></trkpt>
  <trkpt lat="37.4131653" lon="-121.9951192"><ele>88</ele><time>2026-04-26T18:13:36.916265Z</time></trkpt>
  <trkpt lat="37.4131492" lon="-121.9951276"><ele>88</ele><time>2026-04-26T18:13:37.016721Z</time></trkpt>
  <trkpt lat="37.4131331" lon="-121.9951358"><ele>89</ele><time>2026-04-26T18:13:37.117524Z</time></trkpt>
  <trkpt lat="37.4131170" lon="-121.9951438"><ele>89</ele><time>2026-04-26T18:13:37.218436Z</time></trkpt>
  <trkpt lat="37.4131012" lon="-121.9951518"><ele>89</ele><time>2026-04-26T18:13:37.319327Z</time></trkpt>
  <trkpt lat="37.4130853" lon="-121.9951595"><ele>89</ele><time>2026-04-26T18:13:37.419387Z</time></trkpt>
  <trkpt lat="37.4130853" lon="-121.9951595"><ele>89</ele><time>2026-04-26T18:13:37.485198Z</time></trkpt>
  <trkpt lat="37.4130695" lon="-121.9951671"><ele>89</ele><time>2026-04-26T18:13:37.519977Z</time></trkpt>
  <trkpt lat="37.4130538" lon="-121.9951746"><ele>89</ele><time>2026-04-26T18:13:37.620885Z</time></trkpt>
  <trkpt lat="37.4130383" lon="-121.9951821"><ele>90</ele><time>2026-04-26T18:13:37.721482Z</time></trkpt>
  <trkpt lat="37.4130227" lon="-121.9951897"><ele>90</ele><time>2026-04-26T18:13:37.821973Z</time></trkpt>
  <trkpt lat="37.4130070" lon="-121.9951973"><ele>90</ele><time>2026-04-26T18:13:37.922784Z</time></trkpt>
  <trkpt lat="37.4129913" lon="-121.9952048"><ele>90</ele><time>2026-04-26T18:13:38.023678Z</time></trkpt>
  <trkpt lat="37.4129757" lon="-121.9952121"><ele>90</ele><time>2026-04-26T18:13:38.124270Z</time></trkpt>
  <trkpt lat="37.4129599" lon="-121.9952195"><ele>90</ele><time>2026-04-26T18:13:38.225178Z</time></trkpt>
  <trkpt lat="37.4129442" lon="-121.9952269"><ele>90</ele><time>2026-04-26T18:13:38.325943Z</time></trkpt>
  <trkpt lat="37.4129286" lon="-121.9952343"><ele>90</ele><time>2026-04-26T18:13:38.426737Z</time></trkpt>
  <trkpt lat="37.4129129" lon="-121.9952418"><ele>91</ele><time>2026-04-26T18:13:38.527243Z</time></trkpt>
  <trkpt lat="37.4128972" lon="-121.9952493"><ele>91</ele><time>2026-04-26T18:13:38.627873Z</time></trkpt>
  <trkpt lat="37.4128817" lon="-121.9952568"><ele>91</ele><time>2026-04-26T18:13:38.728103Z</time></trkpt>
  <trkpt lat="37.4128663" lon="-121.9952643"><ele>91</ele><time>2026-04-26T18:13:38.829000Z</time></trkpt>
  <trkpt lat="37.4128509" lon="-121.9952718"><ele>91</ele><time>2026-04-26T18:13:38.930876Z</time></trkpt>
  <trkpt lat="37.4128365" lon="-121.9952784"><ele>92</ele><time>2026-04-26T18:13:39.011123Z</time></trkpt>
  <trkpt lat="37.4128227" lon="-121.9952853"><ele>92</ele><time>2026-04-26T18:13:39.112010Z</time></trkpt>
  <trkpt lat="37.4128087" lon="-121.9952919"><ele>91</ele><time>2026-04-26T18:13:39.212998Z</time></trkpt>
  <trkpt lat="37.4127937" lon="-121.9952973"><ele>91</ele><time>2026-04-26T18:13:39.314092Z</time></trkpt>
  <trkpt lat="37.4127784" lon="-121.9953000"><ele>92</ele><time>2026-04-26T18:13:39.414950Z</time></trkpt>
  <trkpt lat="37.4127627" lon="-121.9953008"><ele>92</ele><time>2026-04-26T18:13:39.515510Z</time></trkpt>
  <trkpt lat="37.4127470" lon="-121.9952985"><ele>92</ele><time>2026-04-26T18:13:39.616309Z</time></trkpt>
  <trkpt lat="37.4127470" lon="-121.9952985"><ele>92</ele><time>2026-04-26T18:13:39.628936Z</time></trkpt>
  <trkpt lat="37.4127316" lon="-121.9952932"><ele>91</ele><time>2026-04-26T18:13:39.716469Z</time></trkpt>
  <trkpt lat="37.4127168" lon="-121.9952854"><ele>92</ele><time>2026-04-26T18:13:39.817090Z</time></trkpt>
  <trkpt lat="37.4127025" lon="-121.9952758"><ele>92</ele><time>2026-04-26T18:13:39.917814Z</time></trkpt>
  <trkpt lat="37.4126889" lon="-121.9952637"><ele>92</ele><time>2026-04-26T18:13:40.019329Z</time></trkpt>
  <trkpt lat="37.4126766" lon="-121.9952493"><ele>92</ele><time>2026-04-26T18:13:40.120236Z</time></trkpt>
  <trkpt lat="37.4126670" lon="-121.9952333"><ele>92</ele><time>2026-04-26T18:13:40.221091Z</time></trkpt>
  <trkpt lat="37.4126594" lon="-121.9952166"><ele>92</ele><time>2026-04-26T18:13:40.322033Z</time></trkpt>
  <trkpt lat="37.4126539" lon="-121.9951990"><ele>92</ele><time>2026-04-26T18:13:40.423689Z</time></trkpt>
  <trkpt lat="37.4126503" lon="-121.9951804"><ele>92</ele><time>2026-04-26T18:13:40.523940Z</time></trkpt>
  <trkpt lat="37.4126482" lon="-121.9951617"><ele>92</ele><time>2026-04-26T18:13:40.624965Z</time></trkpt>
  <trkpt lat="37.4126480" lon="-121.9951431"><ele>92</ele><time>2026-04-26T18:13:40.725609Z</time></trkpt>
  <trkpt lat="37.4126500" lon="-121.9951246"><ele>92</ele><time>2026-04-26T18:13:40.827454Z</time></trkpt>
  <trkpt lat="37.4126539" lon="-121.9951069"><ele>92</ele><time>2026-04-26T18:13:40.927789Z</time></trkpt>
  <trkpt lat="37.4126601" lon="-121.9950899"><ele>92</ele><time>2026-04-26T18:13:41.008255Z</time></trkpt>
  <trkpt lat="37.4126679" lon="-121.9950746"><ele>92</ele><time>2026-04-26T18:13:41.128444Z</time></trkpt>
  <trkpt lat="37.4126769" lon="-121.9950608"><ele>93</ele><time>2026-04-26T18:13:41.209095Z</time></trkpt>
  <trkpt lat="37.4126877" lon="-121.9950479"><ele>93</ele><time>2026-04-26T18:13:41.309474Z</time></trkpt>
  <trkpt lat="37.4126995" lon="-121.9950363"><ele>94</ele><time>2026-04-26T18:13:41.409979Z</time></trkpt>
  <trkpt lat="37.4127119" lon="-121.9950287"><ele>95</ele><time>2026-04-26T18:13:41.510475Z</time></trkpt>
  <trkpt lat="37.4127247" lon="-121.9950246"><ele>95</ele><time>2026-04-26T18:13:41.611343Z</time></trkpt>
  <trkpt lat="37.4127375" lon="-121.9950232"><ele>96</ele><time>2026-04-26T18:13:41.711663Z</time></trkpt>
  <trkpt lat="37.4127375" lon="-121.9950232"><ele>96</ele><time>2026-04-26T18:13:41.782620Z</time></trkpt>
  <trkpt lat="37.4127495" lon="-121.9950245"><ele>96</ele><time>2026-04-26T18:13:41.812445Z</time></trkpt>
  <trkpt lat="37.4127610" lon="-121.9950284"><ele>97</ele><time>2026-04-26T18:13:41.912995Z</time></trkpt>
  <trkpt lat="37.4127707" lon="-121.9950348"><ele>97</ele><time>2026-04-26T18:13:42.013791Z</time></trkpt>
  <trkpt lat="37.4127784" lon="-121.9950431"><ele>98</ele><time>2026-04-26T18:13:42.114114Z</time></trkpt>
  <trkpt lat="37.4127843" lon="-121.9950533"><ele>99</ele><time>2026-04-26T18:13:42.214984Z</time></trkpt>
  <trkpt lat="37.4127881" lon="-121.9950646"><ele>99</ele><time>2026-04-26T18:13:42.315351Z</time></trkpt>
  <trkpt lat="37.4127908" lon="-121.9950767"><ele>100</ele><time>2026-04-26T18:13:42.415838Z</time></trkpt>
  <trkpt lat="37.4127924" lon="-121.9950892"><ele>100</ele><time>2026-04-26T18:13:42.516642Z</time></trkpt>
  <trkpt lat="37.4127933" lon="-121.9951028"><ele>101</ele><time>2026-04-26T18:13:42.617397Z</time></trkpt>
  <trkpt lat="37.4127949" lon="-121.9951166"><ele>101</ele><time>2026-04-26T18:13:42.717872Z</time></trkpt>
  <trkpt lat="37.4127986" lon="-121.9951299"><ele>102</ele><time>2026-04-26T18:13:42.819053Z</time></trkpt>
  <trkpt lat="37.4128033" lon="-121.9951432"><ele>102</ele><time>2026-04-26T18:13:42.919145Z</time></trkpt>
  <trkpt lat="37.4128085" lon="-121.9951569"><ele>102</ele><time>2026-04-26T18:13:43.019260Z</time></trkpt>
  <trkpt lat="37.4128149" lon="-121.9951713"><ele>102</ele><time>2026-04-26T18:13:43.120004Z</time></trkpt>
  <trkpt lat="37.4128225" lon="-121.9951855"><ele>102</ele><time>2026-04-26T18:13:43.220701Z</time></trkpt>
  <trkpt lat="37.4128306" lon="-121.9951998"><ele>101</ele><time>2026-04-26T18:13:43.321726Z</time></trkpt>
  <trkpt lat="37.4128395" lon="-121.9952139"><ele>101</ele><time>2026-04-26T18:13:43.422407Z</time></trkpt>
  <trkpt lat="37.4128496" lon="-121.9952258"><ele>100</ele><time>2026-04-26T18:13:43.523267Z</time></trkpt>
  <trkpt lat="37.4128596" lon="-121.9952380"><ele>100</ele><time>2026-04-26T18:13:43.623861Z</time></trkpt>
  <trkpt lat="37.4128679" lon="-121.9952505"><ele>99</ele><time>2026-04-26T18:13:43.704292Z</time></trkpt>
  <trkpt lat="37.4128759" lon="-121.9952653"><ele>99</ele><time>2026-04-26T18:13:43.804487Z</time></trkpt>
  <trkpt lat="37.4128841" lon="-121.9952811"><ele>98</ele><time>2026-04-26T18:13:43.904890Z</time></trkpt>
  <trkpt lat="37.4128841" lon="-121.9952811"><ele>98</ele><time>2026-04-26T18:13:43.934306Z</time></trkpt>
  <trkpt lat="37.4128885" lon="-121.9952992"><ele>97</ele><time>2026-04-26T18:13:44.025514Z</time></trkpt>
  <trkpt lat="37.4128893" lon="-121.9953176"><ele>96</ele><time>2026-04-26T18:13:44.105816Z</time></trkpt>
  <trkpt lat="37.4128886" lon="-121.9953369"><ele>96</ele><time>2026-04-26T18:13:44.206269Z</time></trkpt>
  <trkpt lat="37.4128861" lon="-121.9953565"><ele>96</ele><time>2026-04-26T18:13:44.307079Z</time></trkpt>
  <trkpt lat="37.4128810" lon="-121.9953756"><ele>95</ele><time>2026-04-26T18:13:44.407522Z</time></trkpt>
  <trkpt lat="37.4128745" lon="-121.9953938"><ele>95</ele><time>2026-04-26T18:13:44.508606Z</time></trkpt>
  <trkpt lat="37.4128678" lon="-121.9954119"><ele>95</ele><time>2026-04-26T18:13:44.609478Z</time></trkpt>
  <trkpt lat="37.4128618" lon="-121.9954310"><ele>95</ele><time>2026-04-26T18:13:44.710191Z</time></trkpt>
  <trkpt lat="37.4128558" lon="-121.9954518"><ele>94</ele><time>2026-04-26T18:13:44.811408Z</time></trkpt>
  <trkpt lat="37.4128501" lon="-121.9954706"><ele>93</ele><time>2026-04-26T18:13:44.911961Z</time></trkpt>
  <trkpt lat="37.4128449" lon="-121.9954870"><ele>92</ele><time>2026-04-26T18:13:45.013311Z</time></trkpt>
  <trkpt lat="37.4128416" lon="-121.9955009"><ele>91</ele><time>2026-04-26T18:13:45.113859Z</time></trkpt>
  <trkpt lat="37.4128381" lon="-121.9955137"><ele>90</ele><time>2026-04-26T18:13:45.214427Z</time></trkpt>
  <trkpt lat="37.4128342" lon="-121.9955285"><ele>89</ele><time>2026-04-26T18:13:45.315803Z</time></trkpt>
  <trkpt lat="37.4128307" lon="-121.9955470"><ele>88</ele><time>2026-04-26T18:13:45.416665Z</time></trkpt>
  <trkpt lat="37.4128268" lon="-121.9955657"><ele>88</ele><time>2026-04-26T18:13:45.517149Z</time></trkpt>
  <trkpt lat="37.4128240" lon="-121.9955826"><ele>88</ele><time>2026-04-26T18:13:45.617211Z</time></trkpt>
  <trkpt lat="37.4128221" lon="-121.9955995"><ele>88</ele><time>2026-04-26T18:13:45.717992Z</time></trkpt>
  <trkpt lat="37.4128210" lon="-121.9956165"><ele>88</ele><time>2026-04-26T18:13:45.818039Z</time></trkpt>
  <trkpt lat="37.4128198" lon="-121.9956322"><ele>89</ele><time>2026-04-26T18:13:45.918452Z</time></trkpt>
  <trkpt lat="37.4128213" lon="-121.9956462"><ele>90</ele><time>2026-04-26T18:13:46.019961Z</time></trkpt>
  <trkpt lat="37.4128213" lon="-121.9956462"><ele>90</ele><time>2026-04-26T18:13:46.087518Z</time></trkpt>
  <trkpt lat="37.4128257" lon="-121.9956586"><ele>91</ele><time>2026-04-26T18:13:46.120650Z</time></trkpt>
  <trkpt lat="37.4128328" lon="-121.9956676"><ele>92</ele><time>2026-04-26T18:13:46.221325Z</time></trkpt>
  <trkpt lat="37.4128407" lon="-121.9956738"><ele>93</ele><time>2026-04-26T18:13:46.302347Z</time></trkpt>
  <trkpt lat="37.4128504" lon="-121.9956773"><ele>93</ele><time>2026-04-26T18:13:46.402777Z</time></trkpt>
  <trkpt lat="37.4128610" lon="-121.9956792"><ele>94</ele><time>2026-04-26T18:13:46.503470Z</time></trkpt>
  <trkpt lat="37.4128723" lon="-121.9956815"><ele>95</ele><time>2026-04-26T18:13:46.604647Z</time></trkpt>
  <trkpt lat="37.4128840" lon="-121.9956848"><ele>95</ele><time>2026-04-26T18:13:46.705853Z</time></trkpt>
  <trkpt lat="37.4128960" lon="-121.9956906"><ele>95</ele><time>2026-04-26T18:13:46.806387Z</time></trkpt>
  <trkpt lat="37.4129085" lon="-121.9956954"><ele>96</ele><time>2026-04-26T18:13:46.907717Z</time></trkpt>
  <trkpt lat="37.4129217" lon="-121.9956997"><ele>95</ele><time>2026-04-26T18:13:47.008348Z</time></trkpt>
  <trkpt lat="37.4129355" lon="-121.9957058"><ele>95</ele><time>2026-04-26T18:13:47.108867Z</time></trkpt>
  <trkpt lat="37.4129491" lon="-121.9957111"><ele>95</ele><time>2026-04-26T18:13:47.210443Z</time></trkpt>
  <trkpt lat="37.4129608" lon="-121.9957150"><ele>95</ele><time>2026-04-26T18:13:47.311001Z</time></trkpt>
  <trkpt lat="37.4129705" lon="-121.9957183"><ele>95</ele><time>2026-04-26T18:13:47.411820Z</time></trkpt>
  <trkpt lat="37.4129810" lon="-121.9957179"><ele>95</ele><time>2026-04-26T18:13:47.511947Z</time></trkpt>
  <trkpt lat="37.4129931" lon="-121.9957147"><ele>96</ele><time>2026-04-26T18:13:47.612961Z</time></trkpt>
  <trkpt lat="37.4130047" lon="-121.9957096"><ele>96</ele><time>2026-04-26T18:13:47.713434Z</time></trkpt>
  <trkpt lat="37.4130165" lon="-121.9957023"><ele>96</ele><time>2026-04-26T18:13:47.813960Z</time></trkpt>
  <trkpt lat="37.4130283" lon="-121.9956939"><ele>96</ele><time>2026-04-26T18:13:47.915181Z</time></trkpt>
  <trkpt lat="37.4130403" lon="-121.9956829"><ele>97</ele><time>2026-04-26T18:13:48.016093Z</time></trkpt>
  <trkpt lat="37.4130535" lon="-121.9956719"><ele>97</ele><time>2026-04-26T18:13:48.116862Z</time></trkpt>
  <trkpt lat="37.4130673" lon="-121.9956616"><ele>97</ele><time>2026-04-26T18:13:48.217772Z</time></trkpt>
  <trkpt lat="37.4130673" lon="-121.9956616"><ele>97</ele><time>2026-04-26T18:13:48.238243Z</time></trkpt>
  <trkpt lat="37.4130803" lon="-121.9956496"><ele>97</ele><time>2026-04-26T18:13:48.318337Z</time></trkpt>
  <trkpt lat="37.4130923" lon="-121.9956364"><ele>97</ele><time>2026-04-26T18:13:48.418716Z</time></trkpt>
  <trkpt lat="37.4131041" lon="-121.9956210"><ele>97</ele><time>2026-04-26T18:13:48.519862Z</time></trkpt>
  <trkpt lat="37.4131152" lon="-121.9956057"><ele>97</ele><time>2026-04-26T18:13:48.600240Z</time></trkpt>
  <trkpt lat="37.4131239" lon="-121.9955896"><ele>97</ele><time>2026-04-26T18:13:48.701252Z</time></trkpt>
  <trkpt lat="37.4131306" lon="-121.9955714"><ele>98</ele><time>2026-04-26T18:13:48.801448Z</time></trkpt>
  <trkpt lat="37.4131362" lon="-121.9955528"><ele>98</ele><time>2026-04-26T18:13:48.902020Z</time></trkpt>
  <trkpt lat="37.4131401" lon="-121.9955343"><ele>98</ele><time>2026-04-26T18:13:49.003147Z</time></trkpt>
  <trkpt lat="37.4131429" lon="-121.9955142"><ele>98</ele><time>2026-04-26T18:13:49.104294Z</time></trkpt>
  <trkpt lat="37.4131473" lon="-121.9954938"><ele>99</ele><time>2026-04-26T18:13:49.204735Z</time></trkpt>
  <trkpt lat="37.4131534" lon="-121.9954728"><ele>99</ele><time>2026-04-26T18:13:49.305791Z</time></trkpt>
  <trkpt lat="37.4131601" lon="-121.9954522"><ele>99</ele><time>2026-04-26T18:13:49.405411Z</time></trkpt>
  <trkpt lat="37.4131667" lon="-121.9954321"><ele>99</ele><time>2026-04-26T18:13:49.506128Z</time></trkpt>
  <trkpt lat="37.4131721" lon="-121.9954103"><ele>98</ele><time>2026-04-26T18:13:49.606427Z</time></trkpt>
  <trkpt lat="37.4131760" lon="-121.9953874"><ele>98</ele><time>2026-04-26T18:13:49.706984Z</time></trkpt>
  <trkpt lat="37.4131793" lon="-121.9953636"><ele>97</ele><time>2026-04-26T18:13:49.808179Z</time></trkpt>
  <trkpt lat="37.4131816" lon="-121.9953394"><ele>96</ele><time>2026-04-26T18:13:49.908995Z</time></trkpt>
  <trkpt lat="37.4131831" lon="-121.9953165"><ele>95</ele><time>2026-04-26T18:13:50.009673Z</time></trkpt>
  <trkpt lat="37.4131827" lon="-121.9952934"><ele>95</ele><time>2026-04-26T18:13:50.110887Z</time></trkpt>
  <trkpt lat="37.4131783" lon="-121.9952691"><ele>94</ele><time>2026-04-26T18:13:50.211135Z</time></trkpt>
  <trkpt lat="37.4131705" lon="-121.9952466"><ele>94</ele><time>2026-04-26T18:13:50.312199Z</time></trkpt>
  <trkpt lat="37.4131705" lon="-121.9952466"><ele>94</ele><time>2026-04-26T18:13:50.389749Z</time></trkpt>
  <trkpt lat="37.4131596" lon="-121.9952257"><ele>94</ele><time>2026-04-26T18:13:50.412661Z</time></trkpt>
  <trkpt lat="37.4131476" lon="-121.9952064"><ele>93</ele><time>2026-04-26T18:13:50.513859Z</time></trkpt>
  <trkpt lat="37.4131339" lon="-121.9951908"><ele>92</ele><time>2026-04-26T18:13:50.614839Z</time></trkpt>
  <trkpt lat="37.4131194" lon="-121.9951753"><ele>92</ele><time>2026-04-26T18:13:50.715730Z</time></trkpt>
  <trkpt lat="37.4131045" lon="-121.9951591"><ele>91</ele><time>2026-04-26T18:13:50.816622Z</time></trkpt>
  <trkpt lat="37.4130897" lon="-121.9951424"><ele>91</ele><time>2026-04-26T18:13:50.896613Z</time></trkpt>
  <trkpt lat="37.4130767" lon="-121.9951232"><ele>91</ele><time>2026-04-26T18:13:50.997055Z</time></trkpt>
  <trkpt lat="37.4130650" lon="-121.9951032"><ele>91</ele><time>2026-04-26T18:13:51.097676Z</time></trkpt>
  <trkpt lat="37.4130535" lon="-121.9950842"><ele>90</ele><time>2026-04-26T18:13:51.198505Z</time></trkpt>
  <trkpt lat="37.4130417" lon="-121.9950653"><ele>90</ele><time>2026-04-26T18:13:51.298932Z</time></trkpt>
  <trkpt lat="37.4130288" lon="-121.9950485"><ele>89</ele><time>2026-04-26T18:13:51.399797Z</time></trkpt>
  <trkpt lat="37.4130147" lon="-121.9950325"><ele>88</ele><time>2026-04-26T18:13:51.501186Z</time></trkpt>
  <trkpt lat="37.4129992" lon="-121.9950186"><ele>87</ele><time>2026-04-26T18:13:51.601585Z</time></trkpt>
  <trkpt lat="37.4129834" lon="-121.9950065"><ele>86</ele><time>2026-04-26T18:13:51.701768Z</time></trkpt>
  <trkpt lat="37.4129679" lon="-121.9949979"><ele>85</ele><time>2026-04-26T18:13:51.802849Z</time></trkpt>
  <trkpt lat="37.4129527" lon="-121.9949929"><ele>84</ele><time>2026-04-26T18:13:51.903559Z</time></trkpt>
  <trkpt lat="37.4129378" lon="-121.9949927"><ele>83</ele><time>2026-04-26T18:13:52.003798Z</time></trkpt>
  <trkpt lat="37.4129228" lon="-121.9949966"><ele>82</ele><time>2026-04-26T18:13:52.104072Z</time></trkpt>
  <trkpt lat="37.4129078" lon="-121.9950033"><ele>81</ele><time>2026-04-26T18:13:52.204327Z</time></trkpt>
  <trkpt lat="37.4128934" lon="-121.9950112"><ele>80</ele><time>2026-04-26T18:13:52.305251Z</time></trkpt>
  <trkpt lat="37.4128789" lon="-121.9950167"><ele>78</ele><time>2026-04-26T18:13:52.405726Z</time></trkpt>
  <trkpt lat="37.4128662" lon="-121.9950186"><ele>77</ele><time>2026-04-26T18:13:52.506615Z</time></trkpt>
  <trkpt lat="37.4128662" lon="-121.9950186"><ele>77</ele><time>2026-04-26T18:13:52.540597Z</time></trkpt>
  <trkpt lat="37.4128532" lon="-121.9950198"><ele>76</ele><time>2026-04-26T18:13:52.607316Z</time></trkpt>
  <trkpt lat="37.4128403" lon="-121.9950195"><ele>74</ele><time>2026-04-26T18:13:52.707725Z</time></trkpt>
  <trkpt lat="37.4128280" lon="-121.9950180"><ele>72</ele><time>2026-04-26T18:13:52.808145Z</time></trkpt>
  <trkpt lat="37.4128161" lon="-121.9950179"><ele>71</ele><time>2026-04-26T18:13:52.908504Z</time></trkpt>
  <trkpt lat="37.4128061" lon="-121.9950191"><ele>69</ele><time>2026-04-26T18:13:53.008945Z</time></trkpt>
  <trkpt lat="37.4127969" lon="-121.9950244"><ele>67</ele><time>2026-04-26T18:13:53.109919Z</time></trkpt>
  <trkpt lat="37.4127883" lon="-121.9950320"><ele>66</ele><time>2026-04-26T18:13:53.210696Z</time></trkpt>
  <trkpt lat="37.4127810" lon="-121.9950422"><ele>66</ele><time>2026-04-26T18:13:53.311123Z</time></trkpt>
  <trkpt lat="37.4127777" lon="-121.9950555"><ele>65</ele><time>2026-04-26T18:13:53.411683Z</time></trkpt>
  <trkpt lat="37.4127769" lon="-121.9950755"><ele>63</ele><time>2026-04-26T18:13:53.512367Z</time></trkpt>
  <trkpt lat="37.4127788" lon="-121.9950953"><ele>62</ele><time>2026-04-26T18:13:53.592775Z</time></trkpt>
  <trkpt lat="37.4127828" lon="-121.9951161"><ele>61</ele><time>2026-04-26T18:13:53.693011Z</time></trkpt>
  <trkpt lat="37.4127849" lon="-121.9951373"><ele>60</ele><time>2026-04-26T18:13:53.793532Z</time></trkpt>
  <trkpt lat="37.4127851" lon="-121.9951602"><ele>59</ele><time>2026-04-26T18:13:53.894294Z</time></trkpt>
  <trkpt lat="37.4127843" lon="-121.9951807"><ele>57</ele><time>2026-04-26T18:13:53.994431Z</time></trkpt>
  <trkpt lat="37.4127811" lon="-121.9951992"><ele>56</ele><time>2026-04-26T18:13:54.094994Z</time></trkpt>
  <trkpt lat="37.4127761" lon="-121.9952152"><ele>54</ele><time>2026-04-26T18:13:54.195475Z</time></trkpt>
  <trkpt lat="37.4127722" lon="-121.9952281"><ele>52</ele><time>2026-04-26T18:13:54.296596Z</time></trkpt>
  <trkpt lat="37.4127664" lon="-121.9952390"><ele>50</ele><time>2026-04-26T18:13:54.396289Z</time></trkpt>
  <trkpt lat="37.4127598" lon="-121.9952494"><ele>48</ele><time>2026-04-26T18:13:54.497184Z</time></trkpt>
  <trkpt lat="37.4127530" lon="-121.9952610"><ele>46</ele><time>2026-04-26T18:13:54.597768Z</time></trkpt>
  <trkpt lat="37.4127530" lon="-121.9952610"><ele>46</ele><time>2026-04-26T18:13:54.693106Z</time></trkpt>
  <trkpt lat="37.4127477" lon="-121.9952717"><ele>44</ele><time>2026-04-26T18:13:54.698825Z</time></trkpt>
  <trkpt lat="37.4127414" lon="-121.9952816"><ele>42</ele><time>2026-04-26T18:13:54.799938Z</time></trkpt>
  <trkpt lat="37.4127354" lon="-121.9952910"><ele>39</ele><time>2026-04-26T18:13:54.900854Z</time></trkpt>
  <trkpt lat="37.4127313" lon="-121.9953015"><ele>37</ele><time>2026-04-26T18:13:55.001275Z</time></trkpt>
  <trkpt lat="37.4127303" lon="-121.9953113"><ele>35</ele><time>2026-04-26T18:13:55.101457Z</time></trkpt>
  <trkpt lat="37.4127341" lon="-121.9953184"><ele>34</ele><time>2026-04-26T18:13:55.201793Z</time></trkpt>
  <trkpt lat="37.4127350" lon="-121.9953238"><ele>32</ele><time>2026-04-26T18:13:55.302935Z</time></trkpt>
  <trkpt lat="37.4127359" lon="-121.9953266"><ele>30</ele><time>2026-04-26T18:13:55.403758Z</time></trkpt>
  <trkpt lat="37.4127369" lon="-121.9953259"><ele>29</ele><time>2026-04-26T18:13:55.504489Z</time></trkpt>
  <trkpt lat="37.4127403" lon="-121.9953240"><ele>27</ele><time>2026-04-26T18:13:55.604963Z</time></trkpt>
  <trkpt lat="37.4127430" lon="-121.9953190"><ele>26</ele><time>2026-04-26T18:13:55.705701Z</time></trkpt>
  <trkpt lat="37.4127427" lon="-121.9953138"><ele>24</ele><time>2026-04-26T18:13:55.806787Z</time></trkpt>
  <trkpt lat="37.4127367" lon="-121.9953065"><ele>22</ele><time>2026-04-26T18:13:55.908185Z</time></trkpt>
  <trkpt lat="37.4127259" lon="-121.9952908"><ele>21</ele><time>2026-04-26T18:13:56.008504Z</time></trkpt>
  <trkpt lat="37.4127111" lon="-121.9952689"><ele>19</ele><time>2026-04-26T18:13:56.109367Z</time></trkpt>
  <trkpt lat="37.4126955" lon="-121.9952472"><ele>19</ele><time>2026-04-26T18:13:56.209705Z</time></trkpt>
  <trkpt lat="37.4126782" lon="-121.9952295"><ele>19</ele><time>2026-04-26T18:13:56.290226Z</time></trkpt>
  <trkpt lat="37.4126611" lon="-121.9952130"><ele>20</ele><time>2026-04-26T18:13:56.390942Z</time></trkpt>
  <trkpt lat="37.4126456" lon="-121.9952034"><ele>21</ele><time>2026-04-26T18:13:56.491689Z</time></trkpt>
  <trkpt lat="37.4126313" lon="-121.9951958"><ele>22</ele><time>2026-04-26T18:13:56.592295Z</time></trkpt>
  <trkpt lat="37.4126167" lon="-121.9951880"><ele>23</ele><time>2026-04-26T18:13:56.693091Z</time></trkpt>
  <trkpt lat="37.4126010" lon="-121.9951811"><ele>24</ele><time>2026-04-26T18:13:56.793394Z</time></trkpt>
  <trkpt lat="37.4126010" lon="-121.9951811"><ele>24</ele><time>2026-04-26T18:13:56.844481Z</time></trkpt>
  <trkpt lat="37.4125853" lon="-121.9951736"><ele>25</ele><time>2026-04-26T18:13:56.894030Z</time></trkpt>
  <trkpt lat="37.4125694" lon="-121.9951667"><ele>26</ele><time>2026-04-26T18:13:56.994365Z</time></trkpt>
  <trkpt lat="37.4125525" lon="-121.9951606"><ele>26</ele><time>2026-04-26T18:13:57.094670Z</time></trkpt>
  <trkpt lat="37.4125349" lon="-121.9951554"><ele>26</ele><time>2026-04-26T18:13:57.194927Z</time></trkpt>
  <trkpt lat="37.4125176" lon="-121.9951505"><ele>27</ele><time>2026-04-26T18:13:57.296279Z</time></trkpt>
  <trkpt lat="37.4125004" lon="-121.9951460"><ele>27</ele><time>2026-04-26T18:13:57.397429Z</time></trkpt>
  <trkpt lat="37.4124834" lon="-121.9951422"><ele>28</ele><time>2026-04-26T18:13:57.497584Z</time></trkpt>
  <trkpt lat="37.4124665" lon="-121.9951390"><ele>28</ele><time>2026-04-26T18:13:57.598175Z</time></trkpt>
  <trkpt lat="37.4124495" lon="-121.9951362"><ele>28</ele><time>2026-04-26T18:13:57.698398Z</time></trkpt>
  <trkpt lat="37.4124327" lon="-121.9951333"><ele>29</ele><time>2026-04-26T18:13:57.799048Z</time></trkpt>
  <trkpt lat="37.4124158" lon="-121.9951304"><ele>29</ele><time>2026-04-26T18:13:57.900499Z</time></trkpt>
  <trkpt lat="37.4123992" lon="-121.9951270"><ele>29</ele><time>2026-04-26T18:13:58.000615Z</time></trkpt>
  <trkpt lat="37.4123826" lon="-121.9951236"><ele>30</ele><time>2026-04-26T18:13:58.101205Z</time></trkpt>
  <trkpt lat="37.4123662" lon="-121.9951202"><ele>30</ele><time>2026-04-26T18:13:58.201469Z</time></trkpt>
  <trkpt lat="37.4123497" lon="-121.9951166"><ele>30</ele><time>2026-04-26T18:13:58.301791Z</time></trkpt>
  <trkpt lat="37.4123335" lon="-121.9951122"><ele>31</ele><time>2026-04-26T18:13:58.402260Z</time></trkpt>
  <trkpt lat="37.4123174" lon="-121.9951068"><ele>31</ele><time>2026-04-26T18:13:58.503671Z</time></trkpt>
  <trkpt lat="37.4123011" lon="-121.9951003"><ele>31</ele><time>2026-04-26T18:13:58.603201Z</time></trkpt>
  <trkpt lat="37.4122853" lon="-121.9950930"><ele>32</ele><time>2026-04-26T18:13:58.703603Z</time></trkpt>
  <trkpt lat="37.4122692" lon="-121.9950850"><ele>32</ele><time>2026-04-26T18:13:58.803852Z</time></trkpt>
  <trkpt lat="37.4122527" lon="-121.9950754"><ele>33</ele><time>2026-04-26T18:13:58.904289Z</time></trkpt>
  <trkpt lat="37.4122527" lon="-121.9950754"><ele>33</ele><time>2026-04-26T18:13:59.002109Z</time></trkpt>
  <trkpt lat="37.4122351" lon="-121.9950639"><ele>33</ele><time>2026-04-26T18:13:59.004707Z</time></trkpt>
  <trkpt lat="37.4122174" lon="-121.9950512"><ele>33</ele><time>2026-04-26T18:13:59.105668Z</time></trkpt>
  <trkpt lat="37.4121997" lon="-121.9950382"><ele>33</ele><time>2026-04-26T18:13:59.206155Z</time></trkpt>
  <trkpt lat="37.4121813" lon="-121.9950250"><ele>33</ele><time>2026-04-26T18:13:59.286391Z</time></trkpt>
  <trkpt lat="37.4121628" lon="-121.9950115"><ele>33</ele><time>2026-04-26T18:13:59.386614Z</time></trkpt>
  <trkpt lat="37.4121462" lon="-121.9949977"><ele>33</ele><time>2026-04-26T18:13:59.486847Z</time></trkpt>
  <trkpt lat="37.4121327" lon="-121.9949835"><ele>33</ele><time>2026-04-26T18:13:59.587050Z</time></trkpt>
  <trkpt lat="37.4121198" lon="-121.9949687"><ele>33</ele><time>2026-04-26T18:13:59.687753Z</time></trkpt>
  <trkpt lat="37.4121071" lon="-121.9949536"><ele>33</ele><time>2026-04-26T18:13:59.788535Z</time></trkpt>
  <trkpt lat="37.4120948" lon="-121.9949381"><ele>33</ele><time>2026-04-26T18:13:59.888764Z</time></trkpt>
  <trkpt lat="37.4120832" lon="-121.9949225"><ele>33</ele><time>2026-04-26T18:13:59.989589Z</time></trkpt>
  <trkpt lat="37.4120723" lon="-121.9949065"><ele>34</ele><time>2026-04-26T18:14:00.089542Z</time></trkpt>
  <trkpt lat="37.4120614" lon="-121.9948901"><ele>34</ele><time>2026-04-26T18:14:00.190471Z</time></trkpt>
  <trkpt lat="37.4120505" lon="-121.9948733"><ele>34</ele><time>2026-04-26T18:14:00.290615Z</time></trkpt>
  <trkpt lat="37.4120389" lon="-121.9948566"><ele>33</ele><time>2026-04-26T18:14:00.390999Z</time></trkpt>
  <trkpt lat="37.4120282" lon="-121.9948393"><ele>33</ele><time>2026-04-26T18:14:00.491412Z</time></trkpt>
  <trkpt lat="37.4120179" lon="-121.9948219"><ele>33</ele><time>2026-04-26T18:14:00.592156Z</time></trkpt>
  <trkpt lat="37.4120100" lon="-121.9948039"><ele>33</ele><time>2026-04-26T18:14:00.692699Z</time></trkpt>
  <trkpt lat="37.4120032" lon="-121.9947856"><ele>33</ele><time>2026-04-26T18:14:00.792885Z</time></trkpt>
  <trkpt lat="37.4119970" lon="-121.9947669"><ele>33</ele><time>2026-04-26T18:14:00.893352Z</time></trkpt>
  <trkpt lat="37.4119911" lon="-121.9947480"><ele>32</ele><time>2026-04-26T18:14:00.993961Z</time></trkpt>
  <trkpt lat="37.4119858" lon="-121.9947286"><ele>32</ele><time>2026-04-26T18:14:01.094255Z</time></trkpt>
  <trkpt lat="37.4119858" lon="-121.9947286"><ele>32</ele><time>2026-04-26T18:14:01.167220Z</time></trkpt>
  <trkpt lat="37.4119810" lon="-121.9947090"><ele>32</ele><time>2026-04-26T18:14:01.194726Z</time></trkpt>
  <trkpt lat="37.4119765" lon="-121.9946892"><ele>31</ele><time>2026-04-26T18:14:01.295089Z</time></trkpt>
  <trkpt lat="37.4119724" lon="-121.9946692"><ele>31</ele><time>2026-04-26T18:14:01.396012Z</time></trkpt>
  <trkpt lat="37.4119689" lon="-121.9946490"><ele>30</ele><time>2026-04-26T18:14:01.495881Z</time></trkpt>
  <trkpt lat="37.4119660" lon="-121.9946285"><ele>29</ele><time>2026-04-26T18:14:01.596259Z</time></trkpt>
  <trkpt lat="37.4119641" lon="-121.9946078"><ele>29</ele><time>2026-04-26T18:14:01.696798Z</time></trkpt>
  <trkpt lat="37.4119632" lon="-121.9945866"><ele>28</ele><time>2026-04-26T18:14:01.797873Z</time></trkpt>
  <trkpt lat="37.4119633" lon="-121.9945651"><ele>27</ele><time>2026-04-26T18:14:01.898733Z</time></trkpt>
  <trkpt lat="37.4119644" lon="-121.9945433"><ele>26</ele><time>2026-04-26T18:14:01.999130Z</time></trkpt>
  <trkpt lat="37.4119660" lon="-121.9945211"><ele>26</ele><time>2026-04-26T18:14:02.099484Z</time></trkpt>
  <trkpt lat="37.4119682" lon="-121.9944987"><ele>25</ele><time>2026-04-26T18:14:02.199767Z</time></trkpt>
  <trkpt lat="37.4119712" lon="-121.9944761"><ele>24</ele><time>2026-04-26T18:14:02.300165Z</time></trkpt>
  <trkpt lat="37.4119749" lon="-121.9944533"><ele>24</ele><time>2026-04-26T18:14:02.400533Z</time></trkpt>
  <trkpt lat="37.4119793" lon="-121.9944303"><ele>23</ele><time>2026-04-26T18:14:02.501042Z</time></trkpt>
  <trkpt lat="37.4119850" lon="-121.9944073"><ele>23</ele><time>2026-04-26T18:14:02.601546Z</time></trkpt>
  <trkpt lat="37.4119918" lon="-121.9943849"><ele>23</ele><time>2026-04-26T18:14:02.682992Z</time></trkpt>
  <trkpt lat="37.4119998" lon="-121.9943628"><ele>23</ele><time>2026-04-26T18:14:02.783146Z</time></trkpt>
  <trkpt lat="37.4120089" lon="-121.9943409"><ele>23</ele><time>2026-04-26T18:14:02.884222Z</time></trkpt>
  <trkpt lat="37.4120180" lon="-121.9943192"><ele>23</ele><time>2026-04-26T18:14:02.984928Z</time></trkpt>
  <trkpt lat="37.4120256" lon="-121.9942977"><ele>23</ele><time>2026-04-26T18:14:03.085000Z</time></trkpt>
  <trkpt lat="37.4120331" lon="-121.9942764"><ele>23</ele><time>2026-04-26T18:14:03.185614Z</time></trkpt>
  <trkpt lat="37.4120408" lon="-121.9942551"><ele>22</ele><time>2026-04-26T18:14:03.286180Z</time></trkpt>
  <trkpt lat="37.4120408" lon="-121.9942551"><ele>22</ele><time>2026-04-26T18:14:03.326536Z</time></trkpt>
  <trkpt lat="37.4120492" lon="-121.9942341"><ele>22</ele><time>2026-04-26T18:14:03.386459Z</time></trkpt>
  <trkpt lat="37.4120585" lon="-121.9942133"><ele>22</ele><time>2026-04-26T18:14:03.487811Z</time></trkpt>
  <trkpt lat="37.4120678" lon="-121.9941925"><ele>22</ele><time>2026-04-26T18:14:03.589167Z</time></trkpt>
  <trkpt lat="37.4120773" lon="-121.9941717"><ele>22</ele><time>2026-04-26T18:14:03.688887Z</time></trkpt>
  <trkpt lat="37.4120868" lon="-121.9941509"><ele>22</ele><time>2026-04-26T18:14:03.789236Z</time></trkpt>
  <trkpt lat="37.4120961" lon="-121.9941301"><ele>21</ele><time>2026-04-26T18:14:03.889398Z</time></trkpt>
  <trkpt lat="37.4121048" lon="-121.9941093"><ele>21</ele><time>2026-04-26T18:14:03.990055Z</time></trkpt>
  <trkpt lat="37.4121133" lon="-121.9940882"><ele>21</ele><time>2026-04-26T18:14:04.090533Z</time></trkpt>
  <trkpt lat="37.4121218" lon="-121.9940672"><ele>21</ele><time>2026-04-26T18:14:04.191537Z</time></trkpt>
  <trkpt lat="37.4121298" lon="-121.9940465"><ele>21</ele><time>2026-04-26T18:14:04.292391Z</time></trkpt>
  <trkpt lat="37.4121374" lon="-121.9940263"><ele>21</ele><time>2026-04-26T18:14:04.393450Z</time></trkpt>
  <trkpt lat="37.4121440" lon="-121.9940064"><ele>22</ele><time>2026-04-26T18:14:04.493941Z</time></trkpt>
  <trkpt lat="37.4121498" lon="-121.9939869"><ele>22</ele><time>2026-04-26T18:14:04.594122Z</time></trkpt>
  <trkpt lat="37.4121543" lon="-121.9939674"><ele>23</ele><time>2026-04-26T18:14:04.694958Z</time></trkpt>
  <trkpt lat="37.4121584" lon="-121.9939473"><ele>23</ele><time>2026-04-26T18:14:04.795312Z</time></trkpt>
  <trkpt lat="37.4121613" lon="-121.9939277"><ele>24</ele><time>2026-04-26T18:14:04.895307Z</time></trkpt>
  <trkpt lat="37.4121629" lon="-121.9939087"><ele>25</ele><time>2026-04-26T18:14:04.996503Z</time></trkpt>
  <trkpt lat="37.4121632" lon="-121.9938907"><ele>26</ele><time>2026-04-26T18:14:05.096754Z</time></trkpt>
  <trkpt lat="37.4121633" lon="-121.9938732"><ele>26</ele><time>2026-04-26T18:14:05.197102Z</time></trkpt>
  <trkpt lat="37.4121620" lon="-121.9938568"><ele>27</ele><time>2026-04-26T18:14:05.297852Z</time></trkpt>
  <trkpt lat="37.4121596" lon="-121.9938414"><ele>28</ele><time>2026-04-26T18:14:05.398343Z</time></trkpt>
  <trkpt lat="37.4121596" lon="-121.9938414"><ele>28</ele><time>2026-04-26T18:14:05.484821Z</time></trkpt>
  <trkpt lat="37.4121563" lon="-121.9938276"><ele>29</ele><time>2026-04-26T18:14:05.498730Z</time></trkpt>
  <trkpt lat="37.4121516" lon="-121.9938156"><ele>30</ele><time>2026-04-26T18:14:05.578983Z</time></trkpt>
  <trkpt lat="37.4121465" lon="-121.9938045"><ele>31</ele><time>2026-04-26T18:14:05.680220Z</time></trkpt>
  <trkpt lat="37.4121401" lon="-121.9937951"><ele>31</ele><time>2026-04-26T18:14:05.780025Z</time></trkpt>
  <trkpt lat="37.4121326" lon="-121.9937871"><ele>32</ele><time>2026-04-26T18:14:05.880271Z</time></trkpt>
  <trkpt lat="37.4121242" lon="-121.9937797"><ele>33</ele><time>2026-04-26T18:14:05.980961Z</time></trkpt>
  <trkpt lat="37.4121148" lon="-121.9937725"><ele>34</ele><time>2026-04-26T18:14:06.081490Z</time></trkpt>
  <trkpt lat="37.4121046" lon="-121.9937654"><ele>34</ele><time>2026-04-26T18:14:06.182218Z</time></trkpt>
  <trkpt lat="37.4120933" lon="-121.9937594"><ele>35</ele><time>2026-04-26T18:14:06.283964Z</time></trkpt>
  <trkpt lat="37.4120806" lon="-121.9937552"><ele>35</ele><time>2026-04-26T18:14:06.385307Z</time></trkpt>
  <trkpt lat="37.4120676" lon="-121.9937515"><ele>36</ele><time>2026-04-26T18:14:06.485339Z</time></trkpt>
  <trkpt lat="37.4120558" lon="-121.9937466"><ele>36</ele><time>2026-04-26T18:14:06.585695Z</time></trkpt>
  <trkpt lat="37.4120435" lon="-121.9937426"><ele>36</ele><time>2026-04-26T18:14:06.686528Z</time></trkpt>
  <trkpt lat="37.4120313" lon="-121.9937387"><ele>36</ele><time>2026-04-26T18:14:06.786891Z</time></trkpt>
  <trkpt lat="37.4120193" lon="-121.9937351"><ele>37</ele><time>2026-04-26T18:14:06.887375Z</time></trkpt>
  <trkpt lat="37.4120079" lon="-121.9937310"><ele>37</ele><time>2026-04-26T18:14:06.987981Z</time></trkpt>
  <trkpt lat="37.4119962" lon="-121.9937277"><ele>36</ele><time>2026-04-26T18:14:07.088184Z</time></trkpt>
  <trkpt lat="37.4119838" lon="-121.9937257"><ele>36</ele><time>2026-04-26T18:14:07.188920Z</time></trkpt>
  <trkpt lat="37.4119723" lon="-121.9937231"><ele>36</ele><time>2026-04-26T18:14:07.289623Z</time></trkpt>
  <trkpt lat="37.4119618" lon="-121.9937203"><ele>35</ele><time>2026-04-26T18:14:07.389727Z</time></trkpt>
  <trkpt lat="37.4119521" lon="-121.9937178"><ele>35</ele><time>2026-04-26T18:14:07.490036Z</time></trkpt>
  <trkpt lat="37.4119428" lon="-121.9937157"><ele>34</ele><time>2026-04-26T18:14:07.590533Z</time></trkpt>
  <trkpt lat="37.4119428" lon="-121.9937157"><ele>34</ele><time>2026-04-26T18:14:07.647232Z</time></trkpt>
  <trkpt lat="37.4119337" lon="-121.9937149"><ele>33</ele><time>2026-04-26T18:14:07.691093Z</time></trkpt>
  <trkpt lat="37.4119251" lon="-121.9937154"><ele>32</ele><time>2026-04-26T18:14:07.792304Z</time></trkpt>
  <trkpt lat="37.4119167" lon="-121.9937172"><ele>31</ele><time>2026-04-26T18:14:07.893161Z</time></trkpt>
  <trkpt lat="37.4119084" lon="-121.9937216"><ele>30</ele><time>2026-04-26T18:14:07.993105Z</time></trkpt>
  <trkpt lat="37.4119006" lon="-121.9937273"><ele>29</ele><time>2026-04-26T18:14:08.093482Z</time></trkpt>
  <trkpt lat="37.4118919" lon="-121.9937347"><ele>28</ele><time>2026-04-26T18:14:08.193937Z</time></trkpt>
  <trkpt lat="37.4118840" lon="-121.9937429"><ele>27</ele><time>2026-04-26T18:14:08.294999Z</time></trkpt>
  <trkpt lat="37.4118760" lon="-121.9937533"><ele>26</ele><time>2026-04-26T18:14:08.395008Z</time></trkpt>
  <trkpt lat="37.4118684" lon="-121.9937649"><ele>25</ele><time>2026-04-26T18:14:08.475473Z</time></trkpt>
  <trkpt lat="37.4118617" lon="-121.9937765"><ele>24</ele><time>2026-04-26T18:14:08.575810Z</time></trkpt>
  <trkpt lat="37.4118551" lon="-121.9937884"><ele>23</ele><time>2026-04-26T18:14:08.676490Z</time></trkpt>
  <trkpt lat="37.4118488" lon="-121.9938003"><ele>22</ele><time>2026-04-26T18:14:08.777407Z</time></trkpt>
  <trkpt lat="37.4118424" lon="-121.9938132"><ele>21</ele><time>2026-04-26T18:14:08.878010Z</time></trkpt>
  <trkpt lat="37.4118360" lon="-121.9938277"><ele>20</ele><time>2026-04-26T18:14:08.978484Z</time></trkpt>
  <trkpt lat="37.4118308" lon="-121.9938437"><ele>19</ele><time>2026-04-26T18:14:09.079008Z</time></trkpt>
  <trkpt lat="37.4118263" lon="-121.9938610"><ele>18</ele><time>2026-04-26T18:14:09.179573Z</time></trkpt>
  <trkpt lat="37.4118217" lon="-121.9938796"><ele>17</ele><time>2026-04-26T18:14:09.279564Z</time></trkpt>
  <trkpt lat="37.4118178" lon="-121.9938981"><ele>17</ele><time>2026-04-26T18:14:09.380025Z</time></trkpt>
  <trkpt lat="37.4118146" lon="-121.9939167"><ele>16</ele><time>2026-04-26T18:14:09.481792Z</time></trkpt>
  <trkpt lat="37.4118116" lon="-121.9939352"><ele>16</ele><time>2026-04-26T18:14:09.582551Z</time></trkpt>
  <trkpt lat="37.4118088" lon="-121.9939538"><ele>15</ele><time>2026-04-26T18:14:09.683265Z</time></trkpt>
  <trkpt lat="37.4118060" lon="-121.9939723"><ele>14</ele><time>2026-04-26T18:14:09.784283Z</time></trkpt>
  <trkpt lat="37.4118060" lon="-121.9939723"><ele>14</ele><time>2026-04-26T18:14:09.809271Z</time></trkpt>
  <trkpt lat="37.4118033" lon="-121.9939907"><ele>13</ele><time>2026-04-26T18:14:09.885882Z</time></trkpt>
  <trkpt lat="37.4118007" lon="-121.9940092"><ele>13</ele><time>2026-04-26T18:14:09.985451Z</time></trkpt>
  <trkpt lat="37.4117983" lon="-121.9940276"><ele>12</ele><time>2026-04-26T18:14:10.085900Z</time></trkpt>
  <trkpt lat="37.4117958" lon="-121.9940460"><ele>11</ele><time>2026-04-26T18:14:10.186506Z</time></trkpt>
  <trkpt lat="37.4117936" lon="-121.9940647"><ele>10</ele><time>2026-04-26T18:14:10.287150Z</time></trkpt>
  <trkpt lat="37.4117914" lon="-121.9940835"><ele>10</ele><time>2026-04-26T18:14:10.388624Z</time></trkpt>
  <trkpt lat="37.4117890" lon="-121.9941027"><ele>9</ele><time>2026-04-26T18:14:10.489454Z</time></trkpt>
  <trkpt lat="37.4117863" lon="-121.9941222"><ele>9</ele><time>2026-04-26T18:14:10.589502Z</time></trkpt>
  <trkpt lat="37.4117833" lon="-121.9941418"><ele>9</ele><time>2026-04-26T18:14:10.689862Z</time></trkpt>
  <trkpt lat="37.4117802" lon="-121.9941608"><ele>9</ele><time>2026-04-26T18:14:10.791076Z</time></trkpt>
  <trkpt lat="37.4117772" lon="-121.9941796"><ele>9</ele><time>2026-04-26T18:14:10.891807Z</time></trkpt>
  <trkpt lat="37.4117744" lon="-121.9941978"><ele>9</ele><time>2026-04-26T18:14:10.992243Z</time></trkpt>
  <trkpt lat="37.4117717" lon="-121.9942158"><ele>9</ele><time>2026-04-26T18:14:11.092351Z</time></trkpt>
  <trkpt lat="37.4117690" lon="-121.9942331"><ele>10</ele><time>2026-04-26T18:14:11.173040Z</time></trkpt>
  <trkpt lat="37.4117662" lon="-121.9942501"><ele>10</ele><time>2026-04-26T18:14:11.274475Z</time></trkpt>
  <trkpt lat="37.4117634" lon="-121.9942666"><ele>10</ele><time>2026-04-26T18:14:11.375431Z</time></trkpt>
  <trkpt lat="37.4117607" lon="-121.9942826"><ele>10</ele><time>2026-04-26T18:14:11.476463Z</time></trkpt>
  <trkpt lat="37.4117581" lon="-121.9942982"><ele>10</ele><time>2026-04-26T18:14:11.577036Z</time></trkpt>
  <trkpt lat="37.4117553" lon="-121.9943133"><ele>10</ele><time>2026-04-26T18:14:11.677503Z</time></trkpt>
  <trkpt lat="37.4117528" lon="-121.9943281"><ele>10</ele><time>2026-04-26T18:14:11.777621Z</time></trkpt>
  <trkpt lat="37.4117504" lon="-121.9943426"><ele>10</ele><time>2026-04-26T18:14:11.877987Z</time></trkpt>
  <trkpt lat="37.4117504" lon="-121.9943426"><ele>10</ele><time>2026-04-26T18:14:11.969750Z</time></trkpt>
  <trkpt lat="37.4117490" lon="-121.9943566"><ele>10</ele><time>2026-04-26T18:14:11.978712Z</time></trkpt>
  <trkpt lat="37.4117483" lon="-121.9943704"><ele>9</ele><time>2026-04-26T18:14:12.079587Z</time></trkpt>
  <trkpt lat="37.4117478" lon="-121.9943841"><ele>9</ele><time>2026-04-26T18:14:12.179305Z</time></trkpt>
  <trkpt lat="37.4117476" lon="-121.9943974"><ele>9</ele><time>2026-04-26T18:14:12.279569Z</time></trkpt>
  <trkpt lat="37.4117477" lon="-121.9944107"><ele>9</ele><time>2026-04-26T18:14:12.380028Z</time></trkpt>
  <trkpt lat="37.4117479" lon="-121.9944238"><ele>9</ele><time>2026-04-26T18:14:12.480304Z</time></trkpt>
  <trkpt lat="37.4117482" lon="-121.9944365"><ele>9</ele><time>2026-04-26T18:14:12.580958Z</time></trkpt>
  <trkpt lat="37.4117484" lon="-121.9944491"><ele>9</ele><time>2026-04-26T18:14:12.681585Z</time></trkpt>
  <trkpt lat="37.4117486" lon="-121.9944615"><ele>9</ele><time>2026-04-26T18:14:12.782037Z</time></trkpt>
  <trkpt lat="37.4117493" lon="-121.9944738"><ele>9</ele><time>2026-04-26T18:14:12.882391Z</time></trkpt>
  <trkpt lat="37.4117493" lon="-121.9944857"><ele>9</ele><time>2026-04-26T18:14:12.982682Z</time></trkpt>
  <trkpt lat="37.4117490" lon="-121.9944975"><ele>9</ele><time>2026-04-26T18:14:13.082764Z</time></trkpt>
  <trkpt lat="37.4117489" lon="-121.9945092"><ele>9</ele><time>2026-04-26T18:14:13.182783Z</time></trkpt>
  <trkpt lat="37.4117485" lon="-121.9945208"><ele>9</ele><time>2026-04-26T18:14:13.283289Z</time></trkpt>
  <trkpt lat="37.4117483" lon="-121.9945323"><ele>9</ele><time>2026-04-26T18:14:13.383610Z</time></trkpt>
  <trkpt lat="37.4117483" lon="-121.9945434"><ele>9</ele><time>2026-04-26T18:14:13.484151Z</time></trkpt>
  <trkpt lat="37.4117483" lon="-121.9945544"><ele>9</ele><time>2026-04-26T18:14:13.584774Z</time></trkpt>
  <trkpt lat="37.4117487" lon="-121.9945655"><ele>9</ele><time>2026-04-26T18:14:13.685251Z</time></trkpt>
  <trkpt lat="37.4117493" lon="-121.9945767"><ele>8</ele><time>2026-04-26T18:14:13.785890Z</time></trkpt>
  <trkpt lat="37.4117500" lon="-121.9945877"><ele>8</ele><time>2026-04-26T18:14:13.885978Z</time></trkpt>
  <trkpt lat="37.4117511" lon="-121.9945985"><ele>8</ele><time>2026-04-26T18:14:13.986463Z</time></trkpt>
  <trkpt lat="37.4117525" lon="-121.9946091"><ele>8</ele><time>2026-04-26T18:14:14.086799Z</time></trkpt>
  <trkpt lat="37.4117525" lon="-121.9946091"><ele>8</ele><time>2026-04-26T18:14:14.127948Z</time></trkpt>
  <trkpt lat="37.4117545" lon="-121.9946192"><ele>7</ele><time>2026-04-26T18:14:14.187854Z</time></trkpt>
  <trkpt lat="37.4117570" lon="-121.9946291"><ele>7</ele><time>2026-04-26T18:14:14.288934Z</time></trkpt>
  <trkpt lat="37.4117595" lon="-121.9946386"><ele>7</ele><time>2026-04-26T18:14:14.388597Z</time></trkpt>
  <trkpt lat="37.4117623" lon="-121.9946480"><ele>6</ele><time>2026-04-26T18:14:14.469119Z</time></trkpt>
  <trkpt lat="37.4117653" lon="-121.9946571"><ele>5</ele><time>2026-04-26T18:14:14.570103Z</time></trkpt>
  <trkpt lat="37.4117686" lon="-121.9946662"><ele>5</ele><time>2026-04-26T18:14:14.670771Z</time></trkpt>
  <trkpt lat="37.4117712" lon="-121.9946757"><ele>4</ele><time>2026-04-26T18:14:14.771283Z</time></trkpt>
  <trkpt lat="37.4117734" lon="-121.9946859"><ele>4</ele><time>2026-04-26T18:14:14.871930Z</time></trkpt>
  <trkpt lat="37.4117753" lon="-121.9946963"><ele>4</ele><time>2026-04-26T18:14:14.972223Z</time></trkpt>
  <trkpt lat="37.4117769" lon="-121.9947068"><ele>3</ele><time>2026-04-26T18:14:15.073158Z</time></trkpt>
  <trkpt lat="37.4117784" lon="-121.9947176"><ele>3</ele><time>2026-04-26T18:14:15.173832Z</time></trkpt>
  <trkpt lat="37.4117796" lon="-121.9947284"><ele>3</ele><time>2026-04-26T18:14:15.275249Z</time></trkpt>
  <trkpt lat="37.4117809" lon="-121.9947393"><ele>3</ele><time>2026-04-26T18:14:15.375912Z</time></trkpt>
  <trkpt lat="37.4117824" lon="-121.9947501"><ele>2</ele><time>2026-04-26T18:14:15.476339Z</time></trkpt>
  <trkpt lat="37.4117832" lon="-121.9947612"><ele>2</ele><time>2026-04-26T18:14:15.576603Z</time></trkpt>
  <trkpt lat="37.4117837" lon="-121.9947725"><ele>2</ele><time>2026-04-26T18:14:15.676964Z</time></trkpt>
  <trkpt lat="37.4117839" lon="-121.9947838"><ele>1</ele><time>2026-04-26T18:14:15.777547Z</time></trkpt>
  <trkpt lat="37.4117846" lon="-121.9947948"><ele>1</ele><time>2026-04-26T18:14:15.878535Z</time></trkpt>
  <trkpt lat="37.4117851" lon="-121.9948059"><ele>1</ele><time>2026-04-26T18:14:15.979100Z</time></trkpt>
  <trkpt lat="37.4117854" lon="-121.9948171"><ele>1</ele><time>2026-04-26T18:14:16.079687Z</time></trkpt>
  <trkpt lat="37.4117857" lon="-121.9948280"><ele>1</ele><time>2026-04-26T18:14:16.180463Z</time></trkpt>
  <trkpt lat="37.4117861" lon="-121.9948390"><ele>0</ele><time>2026-04-26T18:14:16.281020Z</time></trkpt>
  <trkpt lat="37.4117861" lon="-121.9948390"><ele>0</ele><time>2026-04-26T18:14:16.288279Z</time></trkpt>
  <trkpt lat="37.4117868" lon="-121.9948500"><ele>0</ele><time>2026-04-26T18:14:16.381678Z</time></trkpt>
  <trkpt lat="37.4117877" lon="-121.9948609"><ele>0</ele><time>2026-04-26T18:14:16.481296Z</time></trkpt>
  <trkpt lat="37.4117889" lon="-121.9948717"><ele>0</ele><time>2026-04-26T18:14:16.581339Z</time></trkpt>
  <trkpt lat="37.4117906" lon="-121.9948826"><ele>0</ele><time>2026-04-26T18:14:16.681808Z</time></trkpt>
  <trkpt lat="37.4117923" lon="-121.9948933"><ele>0</ele><time>2026-04-26T18:14:16.782285Z</time></trkpt>
  <trkpt lat="37.4117938" lon="-121.9949040"><ele>0</ele><time>2026-04-26T18:14:16.882832Z</time></trkpt>
  <trkpt lat="37.4117951" lon="-121.9949145"><ele>-1</ele><time>2026-04-26T18:14:16.983880Z</time></trkpt>
  <trkpt lat="37.4117967" lon="-121.9949249"><ele>-1</ele><time>2026-04-26T18:14:17.084808Z</time></trkpt>
  <trkpt lat="37.4117989" lon="-121.9949351"><ele>-1</ele><time>2026-04-26T18:14:17.185882Z</time></trkpt>
  <trkpt lat="37.4118014" lon="-121.9949453"><ele>-2</ele><time>2026-04-26T18:14:17.267196Z</time></trkpt>
  <trkpt lat="37.4118040" lon="-121.9949554"><ele>-2</ele><time>2026-04-26T18:14:17.367474Z</time></trkpt>
  <trkpt lat="37.4118068" lon="-121.9949654"><ele>-2</ele><time>2026-04-26T18:14:17.467735Z</time></trkpt>
  <trkpt lat="37.4118097" lon="-121.9949752"><ele>-3</ele><time>2026-04-26T18:14:17.568544Z</time></trkpt>
  <trkpt lat="37.4118137" lon="-121.9949849"><ele>-3</ele><time>2026-04-26T18:14:17.668505Z</time></trkpt>
  <trkpt lat="37.4118156" lon="-121.9949928"><ele>-3</ele><time>2026-04-26T18:14:17.769491Z</time></trkpt>
  <trkpt lat="37.4118166" lon="-121.9949970"><ele>-3</ele><time>2026-04-26T18:14:17.869755Z</time></trkpt>
  <trkpt lat="37.4118171" lon="-121.9949998"><ele>-3</ele><time>2026-04-26T18:14:17.970114Z</time></trkpt>
  <trkpt lat="37.4118168" lon="-121.9950008"><ele>-3</ele><time>2026-04-26T18:14:18.070781Z</time></trkpt>
  <trkpt lat="37.4118166" lon="-121.9950010"><ele>-3</ele><time>2026-04-26T18:14:18.171485Z</time></trkpt>
  <trkpt lat="37.4118165" lon="-121.9950014"><ele>-3</ele><time>2026-04-26T18:14:18.272283Z</time></trkpt>
</trkseg></trk>
</gpx>