t_ms,msp,motor,servo0,servo1,gyro_p,gyro_q,gyro_r,acc_x,acc_y,acc_z,qw,qx,qy,qz,pos_n,pos_e,pos_d,vel_n,vel_e,vel_d,tgtpos_n,tgtpos_e,tgtpos_d,rcData0,rcData1,rcData2,rcData3
183852.1500,3.0000,1434.0000,1476.0000,1518.0000,10.0000,4.0000,4.0000,19.0000,-32.0000,1778.0000,0.1541,-0.0540,-0.2075,0.9645,162.8000,-34.3500,-99.1700,-19.4800,-3.4600,0.7800,0.0000,0.0000,-0.0000,1500.0000,1498.0000,1500.0000,1465.0000
183868.8020,3.0000,1434.0000,1475.0000,1517.0000,9.0000,5.0000,3.0000,75.0000,3.0000,1752.0000,0.1539,-0.0548,-0.2057,0.9649,162.8000,-34.3500,-99.1700,-19.4800,-3.4600,0.7800,0.0000,0.0000,-0.0000,1500.0000,1500.0000,1500.0000,1465.0000
183885.4020,3.0000,1434.0000,1474.0000,1516.0000,7.0000,5.0000,2.0000,88.0000,-152.0000,1751.0000,0.1540,-0.0555,-0.2044,0.9651,162.4000,-34.4100,-99.1500,-19.5200,-3.4100,0.8200,0.0000,0.0000,-0.0000,1500.0000,1500.0000,1500.0000,1465.0000
183902.1460,3.0000,1434.0000,1473.0000,1515.0000,6.0000,5.0000,2.0000,88.0000,-117.0000,1592.0000,0.1542,-0.0561,-0.2030,0.9653,162.0100,-34.4800,-99.1300,-19.5500,-3.3700,0.8600,0.0000,0.0000,-0.0000,1500.0000,1500.0000,1500.0000,1465.0000
183918.8370,3.0000,1433.0000,1472.0000,1514.0000,3.0000,4.0000,1.0000,29.0000,-103.0000,1443.0000,0.1544,-0.0567,-0.2021,0.9655,161.6200,-34.5400,-99.1100,-19.5600,-3.3400,0.9100,0.0000,0.0000,-0.0000,1500.0000,1500.0000,1500.0000,1464.0000
183935.7200,3.0000,1434.0000,1469.0000,1511.0000,-2.0000,3.0000,0.0000,12.0000,-213.0000,1554.0000,0.1546,-0.0572,-0.2016,0.9655,161.2300,-34.6000,-99.0900,-19.5800,-3.3100,0.9600,0.0000,0.0000,-0.0000,1500.0000,1500.0000,1500.0000,1465.0000
183952.3690,3.0000,1434.0000,1466.0000,1508.0000,-8.0000,4.0000,1.0000,63.0000,-228.0000,1757.0000,0.1548,-0.0577,-0.2019,0.9654,161.2300,-34.6000,-99.0900,-19.5800,-3.3100,0.9600,0.0000,0.0000,-0.0000,1500.0000,1500.0000,1500.0000,1465.0000
183969.0780,3.0000,1434.0000,1461.0000,1505.0000,-15.0000,5.0000,1.0000,31.0000,-171.0000,1726.0000,0.1548,-0.0585,-0.2029,0.9651,160.8100,-34.6700,-99.0600,-19.6100,-3.2700,1.0000,0.0000,0.0000,-0.0000,1500.0000,1500.0000,1500.0000,1465.0000
183985.7710,3.0000,1434.0000,1459.0000,1503.0000,-18.0000,5.0000,1.0000,29.0000,-289.0000,1713.0000,0.1548,-0.0595,-0.2049,0.9646,160.4100,-34.7300,-99.0400,-19.6400,-3.2400,1.0300,0.0000,0.0000,-0.0000,1500.0000,1498.0000,1500.0000,1465.0000
184002.3450,3.0000,1434.0000,1461.0000,1503.0000,-17.0000,3.0000,2.0000,-3.0000,-282.0000,1601.0000,0.1548,-0.0605,-0.2070,0.9641,160.0200,-34.7900,-99.0200,-19.6500,-3.2100,1.0700,0.0000,0.0000,-0.0000,1500.0000,1498.0000,1500.0000,1465.0000
184018.9060,3.0000,1435.0000,1460.0000,1502.0000,-19.0000,3.0000,5.0000,57.0000,-209.0000,1684.0000,0.1545,-0.0611,-0.2092,0.9637,159.6400,-34.8500,-99.0000,-19.6500,-3.1800,1.1000,0.0000,0.0000,-0.0000,1500.0000,1500.0000,1500.0000,1466.0000
184035.5150,3.0000,1433.0000,1461.0000,1503.0000,-18.0000,3.0000,8.0000,76.0000,-310.0000,1887.0000,0.1538,-0.0623,-0.2117,0.9631,159.2400,-34.9100,-98.9700,-19.6700,-3.1400,1.1400,0.0000,0.0000,-0.0000,1500.0000,1500.0000,1500.0000,1464.0000
184052.0530,3.0000,1433.0000,1464.0000,1506.0000,-13.0000,2.0000,9.0000,79.0000,-337.0000,2098.0000,0.1527,-0.0634,-0.2143,0.9627,159.2400,-34.9100,-98.9700,-19.6700,-3.1400,1.1400,0.0000,0.0000,-0.0000,1500.0000,1500.0000,1500.0000,1465.0000
184068.6090,3.0000,1434.0000,1467.0000,1507.0000,-8.0000,2.0000,10.0000,-2.0000,-473.0000,2380.0000,0.1515,-0.0644,-0.2162,0.9624,158.8400,-34.9700,-98.9500,-19.7100,-3.1100,1.1500,0.0000,0.0000,-0.0000,1500.0000,1500.0000,1500.0000,1466.0000
184085.2250,3.0000,1434.0000,1470.0000,1512.0000,-2.0000,3.0000,10.0000,-20.0000,-353.0000,2333.0000,0.1503,-0.0653,-0.2170,0.9623,158.4300,-35.0300,-98.9200,-19.7400,-3.0600,1.1200,0.0000,0.0000,-0.0000,1500.0000,1498.0000,1500.0000,1465.0000
184101.8130,3.0000,1434.0000,1472.0000,1512.0000,1.0000,1.0000,10.0000,-10.0000,-141.0000,2106.0000,0.1490,-0.0661,-0.2173,0.9624,158.0400,-35.0900,-98.9000,-19.7600,-3.0100,1.1000,0.0000,0.0000,-0.0000,1500.0000,1498.0000,1500.0000,1465.0000
184118.4270,3.0000,1434.0000,1471.0000,1511.0000,1.0000,1.0000,10.0000,43.0000,-223.0000,2200.0000,0.1477,-0.0669,-0.2175,0.9625,157.6600,-35.1500,-98.8800,-19.7700,-2.9500,1.1000,0.0000,0.0000,-0.0000,1500.0000,1498.0000,1500.0000,1465.0000
184135.1310,3.0000,1434.0000,1467.0000,1509.0000,-5.0000,2.0000,10.0000,111.0000,-151.0000,2123.0000,0.1465,-0.0677,-0.2182,0.9625,157.6600,-35.1500,-98.8800,-19.7700,-2.9500,1.1000,0.0000,0.0000,-0.0000,1500.0000,1500.0000,1500.0000,1465.0000
184151.6940,3.0000,1433.0000,1464.0000,1506.0000,-8.0000,2.0000,11.0000,107.0000,-174.0000,1910.0000,0.1451,-0.0687,-0.2196,0.9623,157.2600,-35.2000,-98.8600,-19.8000,-2.9000,1.1000,0.0000,0.0000,-0.0000,1498.0000,1500.0000,1500.0000,1464.0000
184168.3500,3.0000,1434.0000,1462.0000,1504.0000,-13.0000,1.0000,12.0000,67.0000,-297.0000,1806.0000,0.1436,-0.0696,-0.2213,0.9621,156.8500,-35.2600,-98.8300,-19.8500,-2.8500,1.1200,0.0000,0.0000,-0.0000,1500.0000,1500.0000,1500.0000,1465.0000
184185.0810,3.0000,1434.0000,1464.0000,1502.0000,-13.0000,-1.0000,14.0000,-8.0000,-297.0000,1719.0000,0.1418,-0.0703,-0.2233,0.9618,156.4400,-35.3100,-98.8100,-19.8800,-2.8200,1.1400,0.0000,0.0000,-0.0000,1500.0000,1498.0000,1500.0000,1465.0000
184201.6750,3.0000,1435.0000,1462.0000,1502.0000,-14.0000,-1.0000,16.0000,28.0000,-308.0000,1639.0000,0.1398,-0.0711,-0.2253,0.9616,156.0500,-35.3700,-98.7800,-19.8900,-2.7900,1.1800,0.0000,0.0000,-0.0000,1500.0000,1500.0000,1500.0000,1466.0000
184218.2310,3.0000,1434.0000,1463.0000,1503.0000,-14.0000,-1.0000,18.0000,34.0000,-296.0000,1456.0000,0.1375,-0.0719,-0.2275,0.9613,155.6600,-35.4200,-98.7600,-19.8900,-2.7600,1.2200,0.0000,0.0000,-0.0000,1500.0000,1500.0000,1500.0000,1465.0000
184234.8250,3.0000,1434.0000,1467.0000,1505.0000,-9.0000,-2.0000,18.0000,43.0000,-272.0000,1442.0000,0.1350,-0.0726,-0.2293,0.9612,155.6600,-35.4200,-98.7600,-19.8900,-2.7600,1.2200,0.0000,0.0000,-0.0000,1500.0000,1500.0000,1500.0000,1465.0000
184251.3560,3.0000,1434.0000,1469.0000,1505.0000,-6.0000,-3.0000,19.0000,30.0000,-345.0000,1671.0000,0.1325,-0.0732,-0.2305,0.9612,155.2700,-35.4700,-98.7300,-19.9000,-2.7400,1.2800,0.0000,0.0000,-0.0000,1500.0000,1498.0000,1500.0000,1465.0000
184267.9240,3.0000,1433.0000,1468.0000,1508.0000,-3.0000,0.0000,20.0000,-15.0000,-284.0000,1839.0000,0.1299,-0.0739,-0.2316,0.9613,154.8600,-35.5300,-98.7100,-19.9300,-2.7100,1.3200,0.0000,0.0000,-0.0000,1500.0000,1498.0000,1500.0000,1464.0000
184284.5470,3.0000,1433.0000,1470.0000,1508.0000,-2.0000,-2.0000,19.0000,48.0000,-292.0000,2018.0000,0.1273,-0.0747,-0.2325,0.9613,154.4500,-35.5800,-98.6800,-19.9500,-2.6700,1.3400,0.0000,0.0000,-0.0000,1500.0000,1498.0000,1500.0000,1464.0000
184301.1290,3.0000,1433.0000,1472.0000,1510.0000,2.0000,-1.0000,17.0000,41.0000,-100.0000,1903.0000,0.1250,-0.0754,-0.2328,0.9615,154.0600,-35.6300,-98.6600,-19.9700,-2.6200,1.3600,0.0000,0.0000,-0.0000,1500.0000,1498.0000,1500.0000,1465.0000
184317.9460,3.0000,1434.0000,1471.0000,1511.0000,3.0000,0.0000,15.0000,15.0000,-123.0000,1896.0000,0.1230,-0.0759,-0.2326,0.9618,154.0600,-35.6300,-98.6600,-19.9700,-2.6200,1.3600,0.0000,0.0000,-0.0000,1500.0000,1498.0000,1500.0000,1465.0000
184334.5130,3.0000,1434.0000,1470.0000,1510.0000,2.0000,0.0000,13.0000,49.0000,-102.0000,1901.0000,0.1213,-0.0766,-0.2326,0.9619,153.6500,-35.6800,-98.6300,-20.0000,-2.5600,1.3900,0.0000,0.0000,-0.0000,1500.0000,1498.0000,1500.0000,1465.0000
184350.9840,3.0000,1435.0000,1468.0000,1506.0000,-3.0000,-1.0000,10.0000,34.0000,-84.0000,1935.0000,0.1199,-0.0772,-0.2330,0.9620,153.2300,-35.7300,-98.6000,-20.0600,-2.5100,1.4100,0.0000,0.0000,-0.0000,1500.0000,1498.0000,1500.0000,1466.0000
184367.5800,3.0000,1434.0000,1466.0000,1506.0000,-5.0000,0.0000,10.0000,37.0000,-137.0000,1934.0000,0.1186,-0.0779,-0.2340,0.9618,152.8200,-35.7800,-98.5700,-20.1000,-2.4500,1.4400,0.0000,0.0000,-0.0000,1500.0000,1500.0000,1500.0000,1465.0000
184384.0940,3.0000,1433.0000,1467.0000,1507.0000,-4.0000,1.0000,9.0000,46.0000,-205.0000,1875.0000,0.1175,-0.0786,-0.2350,0.9616,152.4100,-35.8300,-98.5400,-20.1400,-2.4000,1.4700,0.0000,0.0000,-0.0000,1500.0000,1500.0000,1500.0000,1464.0000
184400.8660,3.0000,1434.0000,1466.0000,1508.0000,-3.0000,2.0000,9.0000,41.0000,-259.0000,1806.0000,0.1165,-0.0791,-0.2357,0.9616,152.0100,-35.8700,-98.5100,-20.1600,-2.3600,1.4900,0.0000,0.0000,-0.0000,1500.0000,1500.0000,1500.0000,1465.0000
184417.3560,3.0000,1435.0000,1468.0000,1510.0000,0.0000,2.0000,8.0000,-27.0000,-163.0000,1677.0000,0.1156,-0.0797,-0.2360,0.9615,152.0100,-35.8700,-98.5100,-20.1600,-2.3600,1.4900,0.0000,0.0000,-0.0000,1500.0000,1500.0000,1500.0000,1466.0000
184434.0240,3.0000,1435.0000,1473.0000,1513.0000,6.0000,0.0000,8.0000,-58.0000,-237.0000,1818.0000,0.1149,-0.0798,-0.2354,0.9618,151.6100,-35.9200,-98.4800,-20.1900,-2.3200,1.5300,0.0000,0.0000,-0.0000,1500.0000,1500.0000,1500.0000,1466.0000
184450.5740,3.0000,1434.0000,1473.0000,1511.0000,4.0000,-1.0000,9.0000,11.0000,-383.0000,2137.0000,0.1139,-0.0801,-0.2352,0.9619,151.1800,-35.9700,-98.4500,-20.2200,-2.2700,1.5600,0.0000,0.0000,-0.0000,1500.0000,1500.0000,1500.0000,1465.0000
184467.3430,3.0000,1434.0000,1470.0000,1508.0000,0.0000,-2.0000,11.0000,44.0000,-367.0000,2304.0000,0.1127,-0.0804,-0.2352,0.9620,150.7600,-36.0100,-98.4200,-20.2500,-2.2200,1.5600,0.0000,0.0000,-0.0000,1500.0000,1500.0000,1500.0000,1465.0000
184484.0320,3.0000,1433.0000,1468.0000,1508.0000,-2.0000,0.0000,14.0000,65.0000,-269.0000,2345.0000,0.1111,-0.0808,-0.2356,0.9621,150.3500,-36.0600,-98.3900,-20.2800,-2.1600,1.5400,0.0000,0.0000,-0.0000,1500.0000,1500.0000,1500.0000,1464.0000
184500.7860,3.0000,1433.0000,1468.0000,1508.0000,-1.0000,0.0000,15.0000,156.0000,-271.0000,2388.0000,0.1093,-0.0815,-0.2359,0.9622,149.9500,-36.1000,-98.3600,-20.3100,-2.1000,1.5200,0.0000,0.0000,-0.0000,1500.0000,1500.0000,1500.0000,1464.0000
184517.3770,3.0000,1433.0000,1465.0000,1505.0000,-7.0000,1.0000,14.0000,158.0000,-188.0000,2235.0000,0.1075,-0.0823,-0.2366,0.9621,149.9500,-36.1000,-98.3600,-20.3100,-2.1000,1.5200,0.0000,0.0000,-0.0000,1500.0000,1500.0000,1500.0000,1465.0000
184533.9590,3.0000,1434.0000,1460.0000,1500.0000,-16.0000,1.0000,12.0000,92.0000,-68.0000,2074.0000,0.1058,-0.0831,-0.2384,0.9618,149.5400,-36.1400,-98.3300,-20.3500,-2.0300,1.5100,0.0000,0.0000,-0.0000,1500.0000,1500.0000,1500.0000,1466.0000
184550.6030,3.0000,1435.0000,1459.0000,1499.0000,-18.0000,1.0000,11.0000,79.0000,-41.0000,1969.0000,0.1043,-0.0840,-0.2408,0.9613,149.1100,-36.1800,-98.3000,-20.4000,-1.9500,1.5300,0.0000,0.0000,-0.0000,1500.0000,1500.0000,1500.0000,1466.0000
184567.3190,3.0000,1435.0000,1461.0000,1501.0000,-15.0000,1.0000,7.0000,-28.0000,-99.0000,1826.0000,0.1032,-0.0845,-0.2428,0.9609,148.7000,-36.2200,-98.2700,-20.4300,-1.8800,1.5500,0.0000,0.0000,-0.0000,1500.0000,1500.0000,1500.0000,1466.0000
184583.9640,3.0000,1434.0000,1464.0000,1504.0000,-10.0000,0.0000,6.0000,-66.0000,-82.0000,1758.0000,0.1025,-0.0849,-0.2444,0.9605,148.2900,-36.2500,-98.2400,-20.4400,-1.8200,1.5900,0.0000,0.0000,-0.0000,1500.0000,1500.0000,1500.0000,1465.0000
184600.7110,3.0000,1433.0000,1465.0000,1507.0000,-7.0000,1.0000,5.0000,44.0000,-68.0000,1860.0000,0.1020,-0.0853,-0.2454,0.9603,148.2900,-36.2500,-98.2400,-20.4400,-1.8200,1.5900,0.0000,0.0000,-0.0000,1500.0000,1498.0000,1500.0000,1464.0000
184617.4680,2.0000,1000.0000,1521.0000,2000.0000,-1.0000,2.0000,4.0000,22.0000,-111.0000,1837.0000,0.1016,-0.0855,-0.2456,0.9602,147.8800,-36.2900,-98.2100,-20.4400,-1.7600,1.6300,0.0000,0.0000,-0.0000,1000.0000,1022.0000,1500.0000,1002.0000
184634.2240,2.0000,1000.0000,1522.0000,2000.0000,4.0000,2.0000,3.0000,-20.0000,-133.0000,1889.0000,0.1014,-0.0860,-0.2460,0.9601,147.4700,-36.3200,-98.1800,-20.4700,-1.6900,1.6600,0.0000,0.0000,-0.0000,1000.0000,1022.0000,1500.0000,1002.0000
184651.0170,2.0000,1000.0000,1522.0000,2000.0000,-3.0000,1.0000,2.0000,-110.0000,-35.0000,2038.0000,0.1014,-0.0866,-0.2459,0.9601,147.0400,-36.3500,-98.1500,-20.5100,-1.6300,1.6900,0.0000,0.0000,-0.0000,1000.0000,1022.0000,1500.0000,1002.0000
184668.0030,2.0000,1000.0000,1522.0000,2000.0000,-30.0000,-8.0000,4.0000,-333.0000,-27.0000,2023.0000,0.1009,-0.0867,-0.2483,0.9595,146.6200,-36.3900,-98.1100,-20.5300,-1.5500,1.7100,0.0000,0.0000,-0.0000,1000.0000,1022.0000,1500.0000,1002.0000
184684.7810,2.0000,1000.0000,1522.0000,2000.0000,-68.0000,-22.0000,8.0000,-593.0000,24.0000,1724.0000,0.0991,-0.0860,-0.2550,0.9580,146.2100,-36.4100,-98.0800,-20.5200,-1.4700,1.7300,0.0000,0.0000,-0.0000,1000.0000,1022.0000,1500.0000,1002.0000
184701.5820,2.0000,1000.0000,1522.0000,2000.0000,-102.0000,-40.0000,17.0000,-723.0000,-86.0000,1774.0000,0.0953,-0.0841,-0.2675,0.9551,146.2100,-36.4100,-98.0800,-20.5200,-1.4700,1.7300,0.0000,0.0000,-0.0000,1000.0000,1022.0000,1500.0000,1002.0000
184718.5600,2.0000,1000.0000,1522.0000,2000.0000,-124.0000,-59.0000,27.0000,-698.0000,-267.0000,2190.0000,0.0891,-0.0803,-0.2844,0.9512,145.8000,-36.4400,-98.0500,-20.4700,-1.3900,1.7700,0.0000,0.0000,-0.0000,1000.0000,1022.0000,1500.0000,1002.0000
184735.3350,2.0000,1000.0000,1522.0000,2000.0000,-155.0000,-65.0000,30.0000,-782.0000,-285.0000,3100.0000,0.0813,-0.0748,-0.3042,0.9462,145.3900,-36.4700,-98.0100,-20.4300,-1.3000,1.7800,0.0000,0.0000,-0.0000,1000.0000,1022.0000,1500.0000,1002.0000
184752.1670,2.0000,1000.0000,1522.0000,2000.0000,-168.0000,-74.0000,34.0000,-771.0000,-95.0000,3447.0000,0.0726,-0.0686,-0.3270,0.9397,144.9600,-36.4900,-97.9800,-20.4200,-1.1500,1.7100,0.0000,0.0000,-0.0000,1000.0000,1022.0000,1500.0000,1002.0000
184769.2460,2.0000,1000.0000,1522.0000,2000.0000,-177.0000,-82.0000,35.0000,-781.0000,-226.0000,4355.0000,0.0624,-0.0612,-0.3507,0.9324,144.5400,-36.5100,-97.9500,-20.4100,-0.9600,1.6100,0.0000,0.0000,-0.0000,1000.0000,1022.0000,1500.0000,1002.0000
184786.2580,2.0000,1000.0000,1522.0000,2000.0000,-183.0000,-86.0000,37.0000,-764.0000,-206.0000,4782.0000,0.0520,-0.0536,-0.3760,0.9236,144.1400,-36.5300,-97.9300,-20.3800,-0.7200,1.4700,0.0000,0.0000,-0.0000,1000.0000,1022.0000,1500.0000,1002.0000
184802.9450,2.0000,1167.0000,1378.0000,2000.0000,-177.0000,-86.0000,40.0000,-569.0000,-104.0000,4647.0000,0.0415,-0.0463,-0.4003,0.9143,144.1400,-36.5300,-97.9300,-20.3800,-0.7200,1.4700,0.0000,0.0000,-0.0000,1966.0000,1343.0000,1500.0000,1600.0000
184819.7370,2.0000,1577.0000,1000.0000,1191.0000,-176.0000,-78.0000,38.0000,-543.0000,-135.0000,4988.0000,0.0310,-0.0389,-0.4241,0.9043,143.7500,-36.5400,-97.9000,-20.3500,-0.4500,1.3200,0.0000,0.0000,-0.0000,1966.0000,1343.0000,1500.0000,1600.0000
184836.6480,2.0000,1577.0000,1000.0000,1191.0000,-159.0000,-83.0000,36.0000,-554.0000,-138.0000,4968.0000,0.0211,-0.0320,-0.4473,0.8936,143.3800,-36.5400,-97.8900,-20.3000,-0.1800,1.1900,0.0000,0.0000,-0.0000,1966.0000,1343.0000,1500.0000,1600.0000
184853.5740,2.0000,1577.0000,1000.0000,1191.0000,-117.0000,-88.0000,28.0000,-293.0000,-286.0000,5025.0000,0.0115,-0.0241,-0.4658,0.8845,143.0200,-36.5400,-97.8700,-20.2400,0.0700,1.0700,0.0000,0.0000,-0.0000,1966.0000,1343.0000,1500.0000,1600.0000
184870.4920,2.0000,1577.0000,1000.0000,1191.0000,-55.0000,-91.0000,16.0000,-63.0000,-259.0000,5284.0000,0.0029,-0.0145,-0.4772,0.8787,142.6800,-36.5300,-97.8600,-20.1800,0.3400,0.9600,0.0000,0.0000,-0.0000,1966.0000,1343.0000,1500.0000,1600.0000
184887.4610,2.0000,1577.0000,1000.0000,1191.0000,11.0000,-90.0000,2.0000,133.0000,-270.0000,5847.0000,-0.0042,-0.0037,-0.4802,0.8771,142.3400,-36.5200,-97.8500,-20.1300,0.6400,0.8500,0.0000,0.0000,-0.0000,1966.0000,1343.0000,1500.0000,1600.0000
184904.3420,2.0000,1577.0000,1000.0000,1191.0000,90.0000,-71.0000,-6.0000,324.0000,-529.0000,6728.0000,-0.0090,0.0067,-0.4737,0.8806,142.3400,-36.5200,-97.8500,-20.1300,0.6400,0.8500,0.0000,0.0000,-0.0000,1966.0000,1343.0000,1500.0000,1600.0000
184921.1030,2.0000,1273.0000,1014.0000,1624.0000,158.0000,-38.0000,-10.0000,370.0000,-563.0000,7084.0000,-0.0112,0.0137,-0.4571,0.8893,142.0100,-36.5000,-97.8400,-20.0900,1.0000,0.7000,0.0000,0.0000,-0.0000,1683.0000,1194.0000,1500.0000,1312.0000
184937.6300,2.0000,1273.0000,1013.0000,1625.0000,225.0000,-5.0000,-12.0000,386.0000,-453.0000,6603.0000,-0.0110,0.0166,-0.4320,0.9016,141.6800,-36.4800,-97.8300,-20.0400,1.3700,0.4800,0.0000,0.0000,-0.0000,1683.0000,1194.0000,1500.0000,1312.0000
184954.6620,2.0000,1273.0000,1013.0000,1625.0000,264.0000,17.0000,-12.0000,131.0000,-212.0000,5415.0000,-0.0091,0.0158,-0.3983,0.9171,141.3600,-36.4500,-97.8300,-19.9800,1.6800,0.2500,0.0000,0.0000,-0.0000,1683.0000,1194.0000,1500.0000,1312.0000
184971.7650,2.0000,1273.0000,1013.0000,1625.0000,257.0000,23.0000,-13.0000,-72.0000,-158.0000,3840.0000,-0.0062,0.0130,-0.3620,0.9321,141.0400,-36.4100,-97.8300,-19.9000,1.8500,0.0900,0.0000,0.0000,-0.0000,1683.0000,1194.0000,1500.0000,1312.0000
184988.5660,2.0000,1273.0000,1013.0000,1625.0000,218.0000,6.0000,-14.0000,-275.0000,-43.0000,2256.0000,-0.0036,0.0114,-0.3292,0.9442,140.7400,-36.3800,-97.8300,-19.8100,1.8700,0.0500,0.0000,0.0000,-0.0000,1683.0000,1194.0000,1500.0000,1312.0000
185005.4800,2.0000,1273.0000,1013.0000,1625.0000,185.0000,-16.0000,-16.0000,-407.0000,22.0000,1560.0000,-0.0018,0.0125,-0.3010,0.9535,140.7400,-36.3800,-97.8300,-19.8100,1.8700,0.0500,0.0000,0.0000,-0.0000,1683.0000,1194.0000,1500.0000,1312.0000
185022.5370,2.0000,1000.0000,1597.0000,2000.0000,164.0000,-36.0000,-16.0000,-448.0000,-108.0000,1570.0000,-0.0010,0.0168,-0.2764,0.9609,140.4400,-36.3400,-97.8300,-19.7000,1.8100,0.1100,0.0000,0.0000,-0.0000,1027.0000,1124.0000,1500.0000,1079.0000
185039.2190,2.0000,1000.0000,1597.0000,2000.0000,155.0000,-57.0000,-19.0000,-434.0000,-185.0000,1798.0000,-0.0011,0.0241,-0.2539,0.9669,140.1500,-36.3100,-97.8300,-19.5800,1.7300,0.1700,0.0000,0.0000,-0.0000,1027.0000,1124.0000,1500.0000,1079.0000
185056.2450,2.0000,1000.0000,1597.0000,2000.0000,127.0000,-77.0000,-18.0000,-446.0000,-293.0000,2245.0000,-0.0019,0.0344,-0.2332,0.9718,139.8600,-36.2800,-97.8300,-19.4600,1.6400,0.2100,0.0000,0.0000,-0.0000,1027.0000,1124.0000,1500.0000,1079.0000
185073.2330,2.0000,1000.0000,1597.0000,2000.0000,75.0000,-91.0000,-9.0000,-432.0000,-279.0000,3078.0000,-0.0031,0.0471,-0.2183,0.9747,139.5700,-36.2500,-97.8300,-19.3300,1.5800,0.1900,0.0000,0.0000,-0.0000,1027.0000,1124.0000,1500.0000,1079.0000
185090.0160,2.0000,1000.0000,1597.0000,2000.0000,16.0000,-99.0000,4.0000,-421.0000,-344.0000,4038.0000,-0.0057,0.0607,-0.2121,0.9753,139.3000,-36.2200,-97.8300,-19.1900,1.5400,0.0900,0.0000,0.0000,-0.0000,1027.0000,1124.0000,1500.0000,1079.0000
185107.0020,2.0000,1000.0000,1597.0000,2000.0000,-40.0000,-97.0000,18.0000,-354.0000,-471.0000,5046.0000,-0.0100,0.0747,-0.2140,0.9739,139.3000,-36.2200,-97.8300,-19.1900,1.5400,0.0900,0.0000,0.0000,-0.0000,1027.0000,1124.0000,1500.0000,1079.0000
185123.8360,2.0000,1686.0000,1439.0000,1587.0000,-90.0000,-84.0000,28.0000,-300.0000,-280.0000,5266.0000,-0.0150,0.0870,-0.2235,0.9707,139.0400,-36.2000,-97.8300,-19.0100,1.5300,-0.1200,0.0000,0.0000,-0.0000,1486.0000,1425.0000,1500.0000,1703.0000
185140.4780,2.0000,1686.0000,1439.0000,1587.0000,-129.0000,-74.0000,34.0000,-307.0000,-236.0000,5558.0000,-0.0199,0.0972,-0.2394,0.9659,138.8100,-36.1800,-97.8400,-18.8200,1.5500,-0.3900,0.0000,0.0000,-0.0000,1486.0000,1425.0000,1500.0000,1703.0000
185157.3800,2.0000,1686.0000,1439.0000,1587.0000,-142.0000,-67.0000,41.0000,-98.0000,-211.0000,5572.0000,-0.0250,0.1059,-0.2597,0.9595,138.6000,-36.1500,-97.8600,-18.6000,1.5800,-0.6600,0.0000,0.0000,-0.0000,1486.0000,1425.0000,1500.0000,1703.0000
185174.3550,2.0000,1686.0000,1439.0000,1587.0000,-125.0000,-62.0000,39.0000,303.0000,-305.0000,5630.0000,-0.0306,0.1137,-0.2791,0.9530,138.4000,-36.1300,-97.8800,-18.4100,1.6500,-0.9300,0.0000,0.0000,-0.0000,1486.0000,1425.0000,1500.0000,1703.0000
185191.2860,2.0000,1686.0000,1439.0000,1587.0000,-103.0000,-57.0000,35.0000,597.0000,-348.0000,5708.0000,-0.0358,0.1209,-0.2955,0.9470,138.2000,-36.1000,-97.9000,-18.2600,1.7400,-1.1900,0.0000,0.0000,-0.0000,1486.0000,1425.0000,1500.0000,1703.0000
185208.2250,2.0000,1714.0000,1382.0000,1572.0000,-83.0000,-54.0000,32.0000,748.0000,-323.0000,5708.0000,-0.0404,0.1273,-0.3088,0.9417,138.2000,-36.1000,-97.9000,-18.2600,1.7400,-1.1900,0.0000,0.0000,-0.0000,1564.0000,1380.0000,1500.0000,1758.0000
185225.3330,2.0000,1744.0000,1319.0000,1557.0000,-66.0000,-52.0000,27.0000,767.0000,-215.0000,5511.0000,-0.0449,0.1335,-0.3197,0.9370,138.0000,-36.0800,-97.9300,-18.1200,1.8500,-1.4500,0.0000,0.0000,-0.0000,1564.0000,1380.0000,1500.0000,1758.0000
185242.2940,2.0000,1744.0000,1319.0000,1557.0000,-53.0000,-52.0000,24.0000,881.0000,-279.0000,5287.0000,-0.0487,0.1397,-0.3283,0.9329,137.6400,-36.0300,-97.9700,-18.1000,2.1600,-1.6800,0.0000,0.0000,-0.0000,1564.0000,1380.0000,1500.0000,1758.0000
185259.3290,2.0000,1744.0000,1319.0000,1557.0000,-36.0000,-57.0000,21.0000,917.0000,-355.0000,5000.0000,-0.0526,0.1461,-0.3345,0.9295,137.2100,-35.9800,-98.0000,-18.1400,2.5200,-1.8900,0.0000,0.0000,-0.0000,1564.0000,1380.0000,1500.0000,1758.0000
185276.5880,2.0000,1744.0000,1319.0000,1557.0000,-24.0000,-61.0000,18.0000,942.0000,-280.0000,5023.0000,-0.0568,0.1532,-0.3387,0.9266,136.7900,-35.9200,-98.0400,-18.1600,2.8600,-2.0700,0.0000,0.0000,-0.0000,1564.0000,1380.0000,1500.0000,1758.0000
185293.6300,2.0000,1744.0000,1319.0000,1557.0000,-14.0000,-63.0000,14.0000,939.0000,-180.0000,4984.0000,-0.0609,0.1608,-0.3412,0.9241,136.3900,-35.8500,-98.0800,-18.1600,3.1800,-2.2400,0.0000,0.0000,-0.0000,1564.0000,1380.0000,1500.0000,1758.0000
185310.2610,2.0000,1744.0000,1319.0000,1557.0000,-8.0000,-68.0000,12.0000,956.0000,-160.0000,4908.0000,-0.0649,0.1688,-0.3426,0.9219,136.3900,-35.8500,-98.0800,-18.1600,3.1800,-2.2400,0.0000,0.0000,-0.0000,1564.0000,1380.0000,1500.0000,1758.0000
185326.9720,2.0000,1080.0000,1311.0000,2000.0000,-5.0000,-72.0000,10.0000,986.0000,-334.0000,4938.0000,-0.0689,0.1776,-0.3432,0.9198,135.9800,-35.7800,-98.1300,-18.1500,3.4900,-2.3900,0.0000,0.0000,-0.0000,1269.0000,1082.0000,1500.0000,1129.0000
185343.5520,2.0000,1080.0000,1312.0000,2000.0000,-3.0000,-75.0000,9.0000,917.0000,-444.0000,5022.0000,-0.0729,0.1867,-0.3434,0.9176,135.5600,-35.6900,-98.1700,-18.1200,3.8300,-2.5600,0.0000,0.0000,-0.0000,1269.0000,1082.0000,1500.0000,1129.0000
185360.3000,2.0000,1080.0000,1312.0000,2000.0000,-10.0000,-84.0000,8.0000,714.0000,-452.0000,4954.0000,-0.0769,0.1967,-0.3438,0.9150,135.1400,-35.6000,-98.2200,-18.0500,4.1600,-2.7400,0.0000,0.0000,-0.0000,1269.0000,1082.0000,1500.0000,1129.0000
185377.3440,2.0000,1080.0000,1312.0000,2000.0000,-27.0000,-94.0000,11.0000,456.0000,-441.0000,4956.0000,-0.0815,0.2085,-0.3458,0.9112,134.7300,-35.5100,-98.2700,-17.9500,4.4600,-2.9100,0.0000,0.0000,-0.0000,1269.0000,1082.0000,1500.0000,1129.0000
185393.9640,2.0000,1080.0000,1312.0000,2000.0000,-45.0000,-102.0000,15.0000,124.0000,-447.0000,5095.0000,-0.0862,0.2209,-0.3501,0.9062,134.3400,-35.4100,-98.3300,-17.8000,4.7400,-3.0800,0.0000,0.0000,-0.0000,1269.0000,1082.0000,1500.0000,1129.0000
185410.8640,2.0000,1270.0000,1154.0000,1928.0000,-53.0000,-111.0000,19.0000,-37.0000,-392.0000,5223.0000,-0.0915,0.2344,-0.3562,0.8999,134.3400,-35.4100,-98.3300,-17.8000,4.7400,-3.0800,0.0000,0.0000,-0.0000,1458.0000,1113.0000,1500.0000,1310.0000
185427.5770,2.0000,1271.0000,1154.0000,1928.0000,-58.0000,-113.0000,22.0000,-43.0000,-435.0000,5424.0000,-0.0971,0.2484,-0.3629,0.8928,133.9600,-35.3100,-98.3900,-17.6000,5.0000,-3.2300,0.0000,0.0000,-0.0000,1458.0000,1113.0000,1500.0000,1310.0000
185444.5380,2.0000,1271.0000,1154.0000,1928.0000,-60.0000,-112.0000,24.0000,36.0000,-446.0000,5630.0000,-0.1030,0.2624,-0.3702,0.8852,133.5700,-35.1900,-98.4500,-17.3600,5.3200,-3.3900,0.0000,0.0000,-0.0000,1458.0000,1113.0000,1500.0000,1310.0000
185461.6000,2.0000,1271.0000,1154.0000,1928.0000,-58.0000,-112.0000,24.0000,114.0000,-440.0000,5602.0000,-0.1088,0.2762,-0.3777,0.8771,133.1800,-35.0700,-98.5200,-17.1000,5.6500,-3.5500,0.0000,0.0000,-0.0000,1458.0000,1113.0000,1500.0000,1310.0000
185478.5190,2.0000,1271.0000,1154.0000,1928.0000,-51.0000,-110.0000,25.0000,118.0000,-373.0000,5810.0000,-0.1152,0.2897,-0.3841,0.8690,132.8000,-34.9500,-98.5900,-16.8300,5.9800,-3.7100,0.0000,0.0000,-0.0000,1458.0000,1113.0000,1500.0000,1310.0000
185495.4520,2.0000,1271.0000,1154.0000,1928.0000,-47.0000,-104.0000,25.0000,102.0000,-270.0000,6058.0000,-0.1215,0.3024,-0.3900,0.8612,132.4400,-34.8200,-98.6600,-16.5400,6.3000,-3.8500,0.0000,0.0000,-0.0000,1458.0000,1113.0000,1500.0000,1310.0000
185512.2020,2.0000,1294.0000,1051.0000,1777.0000,-40.0000,-100.0000,27.0000,152.0000,-302.0000,6102.0000,-0.1279,0.3140,-0.3948,0.8539,132.4400,-34.8200,-98.6600,-16.5400,6.3000,-3.8500,0.0000,0.0000,-0.0000,1589.0000,1137.0000,1500.0000,1333.0000
185529.2200,2.0000,1295.0000,1050.0000,1776.0000,-38.0000,-93.0000,28.0000,121.0000,-262.0000,5915.0000,-0.1339,0.3249,-0.3999,0.8465,132.0800,-34.6800,-98.7400,-16.2200,6.6400,-3.9900,0.0000,0.0000,-0.0000,1589.0000,1137.0000,1500.0000,1333.0000
185546.3190,2.0000,1295.0000,1050.0000,1776.0000,-28.0000,-84.0000,29.0000,104.0000,-299.0000,5954.0000,-0.1400,0.3345,-0.4044,0.8396,131.7200,-34.5400,-98.8200,-15.9100,6.9800,-4.1000,0.0000,0.0000,-0.0000,1589.0000,1137.0000,1500.0000,1333.0000
185563.2380,2.0000,1295.0000,1050.0000,1776.0000,-18.0000,-72.0000,29.0000,59.0000,-296.0000,5654.0000,-0.1458,0.3423,-0.4077,0.8339,131.3600,-34.3800,-98.9100,-15.6000,7.3100,-4.2000,0.0000,0.0000,-0.0000,1589.0000,1137.0000,1500.0000,1333.0000
185580.1270,2.0000,1295.0000,1050.0000,1776.0000,-5.0000,-56.0000,28.0000,51.0000,-344.0000,5597.0000,-0.1516,0.3484,-0.4097,0.8293,131.0200,-34.2200,-98.9900,-15.3000,7.6000,-4.2800,0.0000,0.0000,-0.0000,1589.0000,1137.0000,1500.0000,1333.0000
185596.8510,2.0000,1295.0000,1050.0000,1776.0000,6.0000,-39.0000,27.0000,27.0000,-355.0000,5341.0000,-0.1569,0.3519,-0.4105,0.8265,130.6800,-34.0600,-99.0800,-15.0000,7.8700,-4.3600,0.0000,0.0000,-0.0000,1589.0000,1137.0000,1500.0000,1333.0000
185613.9380,2.0000,1336.0000,1120.0000,1880.0000,15.0000,-23.0000,27.0000,-43.0000,-244.0000,4951.0000,-0.1619,0.3532,-0.4101,0.8251,130.6800,-34.0600,-99.0800,-15.0000,7.8700,-4.3600,0.0000,0.0000,-0.0000,1499.0000,1120.0000,1500.0000,1372.0000
185630.8190,2.0000,1336.0000,1120.0000,1880.0000,11.0000,-12.0000,27.0000,-44.0000,-175.0000,4412.0000,-0.1661,0.3526,-0.4096,0.8248,130.3700,-33.9000,-99.1800,-14.7200,8.0900,-4.4000,0.0000,0.0000,-0.0000,1499.0000,1120.0000,1500.0000,1372.0000
185647.7690,2.0000,1336.0000,1120.0000,1880.0000,9.0000,-2.0000,29.0000,-10.0000,-244.0000,3977.0000,-0.1700,0.3507,-0.4096,0.8248,130.0300,-33.7200,-99.2700,-14.4400,8.3300,-4.4200,0.0000,0.0000,-0.0000,1499.0000,1120.0000,1500.0000,1372.0000
185664.7330,2.0000,1336.0000,1120.0000,1880.0000,5.0000,0.0000,32.0000,25.0000,-328.0000,3399.0000,-0.1736,0.3479,-0.4107,0.8247,129.7000,-33.5400,-99.3700,-14.2000,8.5400,-4.4200,0.0000,0.0000,-0.0000,1499.0000,1120.0000,1500.0000,1372.0000
185681.5690,2.0000,1336.0000,1120.0000,1880.0000,1.0000,-4.0000,32.0000,34.0000,-264.0000,2732.0000,-0.1771,0.3455,-0.4124,0.8241,129.3900,-33.3600,-99.4600,-14.0100,8.6900,-4.3900,0.0000,0.0000,-0.0000,1499.0000,1120.0000,1500.0000,1372.0000
185698.5660,2.0000,1336.0000,1120.0000,1880.0000,-7.0000,-9.0000,31.0000,77.0000,-283.0000,2290.0000,-0.1806,0.3440,-0.4147,0.8228,129.0900,-33.1800,-99.5500,-13.8800,8.8000,-4.3300,0.0000,0.0000,-0.0000,1499.0000,1120.0000,1500.0000,1372.0000
185715.6620,2.0000,1995.0000,1123.0000,1959.0000,-9.0000,-17.0000,32.0000,101.0000,-305.0000,1996.0000,-0.1841,0.3435,-0.4176,0.8208,129.0900,-33.1800,-99.5500,-13.8800,8.8000,-4.3300,0.0000,0.0000,-0.0000,1457.0000,1081.0000,1500.0000,1998.0000
185732.3910,2.0000,1997.0000,1123.0000,1961.0000,-10.0000,-32.0000,32.0000,107.0000,-264.0000,1797.0000,-0.1883,0.3446,-0.4203,0.8180,128.8000,-33.0000,-99.6500,-13.7800,8.8800,-4.2600,0.0000,0.0000,-0.0000,1457.0000,1081.0000,1500.0000,1998.0000
185748.9710,2.0000,1997.0000,1123.0000,1961.0000,-21.0000,-50.0000,32.0000,260.0000,-295.0000,1732.0000,-0.1933,0.3479,-0.4233,0.8139,128.4900,-32.8200,-99.7400,-13.6400,8.9800,-4.1700,0.0000,0.0000,-0.0000,1457.0000,1081.0000,1500.0000,1998.0000
185765.7590,2.0000,1997.0000,1123.0000,1961.0000,-31.0000,-71.0000,34.0000,805.0000,-344.0000,1980.0000,-0.1989,0.3539,-0.4272,0.8079,128.1900,-32.6200,-99.8300,-13.5000,9.0800,-4.0800,0.0000,0.0000,-0.0000,1457.0000,1081.0000,1500.0000,1998.0000
185782.6080,2.0000,1997.0000,1123.0000,1961.0000,-36.0000,-92.0000,33.0000,1281.0000,-306.0000,2353.0000,-0.2052,0.3626,-0.4310,0.8004,127.8900,-32.4300,-99.9200,-13.3800,9.2300,-4.0100,0.0000,0.0000,-0.0000,1457.0000,1081.0000,1500.0000,1998.0000
185799.4860,2.0000,1997.0000,1123.0000,1961.0000,-33.0000,-112.0000,32.0000,1685.0000,-360.0000,2906.0000,-0.2124,0.3730,-0.4343,0.7919,127.6100,-32.2500,-100.0000,-13.2400,9.4100,-3.9700,0.0000,0.0000,-0.0000,1457.0000,1081.0000,1500.0000,1998.0000
185816.4160,2.0000,1997.0000,1018.0000,1856.0000,-34.0000,-136.0000,33.0000,1855.0000,-615.0000,3614.0000,-0.2214,0.3860,-0.4367,0.7819,127.6100,-32.2500,-100.0000,-13.2400,9.4100,-3.9700,0.0000,0.0000,-0.0000,1566.0000,1081.0000,1500.0000,1998.0000
185833.4430,2.0000,1997.0000,1017.0000,1855.0000,-28.0000,-152.0000,32.0000,1670.0000,-542.0000,3900.0000,-0.2317,0.4012,-0.4376,0.7706,127.3300,-32.0600,-100.0800,-13.0600,9.6300,-3.9600,0.0000,0.0000,-0.0000,1566.0000,1081.0000,1500.0000,1998.0000
185850.1780,2.0000,1997.0000,1017.0000,1855.0000,-22.0000,-168.0000,35.0000,1908.0000,-748.0000,4798.0000,-0.2432,0.4175,-0.4375,0.7584,127.0300,-31.8500,-100.1700,-12.7700,9.8800,-3.9500,0.0000,0.0000,-0.0000,1566.0000,1081.0000,1500.0000,1998.0000
185866.9590,2.0000,1997.0000,1017.0000,1855.0000,-18.0000,-180.0000,32.0000,1948.0000,-932.0000,5550.0000,-0.2556,0.4348,-0.4360,0.7453,126.7400,-31.6300,-100.2400,-12.3900,10.1400,-3.9700,0.0000,0.0000,-0.0000,1566.0000,1081.0000,1500.0000,1998.0000
185883.8250,2.0000,1997.0000,1017.0000,1855.0000,-11.0000,-186.0000,31.0000,2363.0000,-689.0000,6021.0000,-0.2688,0.4525,-0.4332,0.7317,126.4700,-31.4200,-100.3200,-11.9400,10.4000,-4.0200,0.0000,0.0000,-0.0000,1566.0000,1081.0000,1500.0000,1998.0000
185900.4820,2.0000,1997.0000,1017.0000,1855.0000,-7.0000,-180.0000,26.0000,2054.0000,-582.0000,6461.0000,-0.2818,0.4699,-0.4293,0.7180,126.2100,-31.2100,-100.3900,-11.4500,10.6500,-4.0600,0.0000,0.0000,-0.0000,1566.0000,1081.0000,1500.0000,1998.0000
185917.2650,2.0000,1997.0000,1022.0000,1860.0000,-3.0000,-171.0000,25.0000,1904.0000,-980.0000,7120.0000,-0.2939,0.4862,-0.4250,0.7047,126.2100,-31.2100,-100.3900,-11.4500,10.6500,-4.0600,0.0000,0.0000,-0.0000,1561.0000,1081.0000,1500.0000,1998.0000
185934.1310,2.0000,1997.0000,1022.0000,1860.0000,2.0000,-158.0000,25.0000,2345.0000,-960.0000,7125.0000,-0.3055,0.5010,-0.4204,0.6921,125.9800,-31.0100,-100.4600,-10.9000,10.8200,-4.1100,0.0000,0.0000,-0.0000,1561.0000,1081.0000,1500.0000,1998.0000
185951.2220,2.0000,1997.0000,1022.0000,1860.0000,10.0000,-141.0000,27.0000,2572.0000,-861.0000,6919.0000,-0.3168,0.5136,-0.4156,0.6805,125.7200,-30.7700,-100.5400,-10.3300,11.0400,-4.1800,0.0000,0.0000,-0.0000,1561.0000,1081.0000,1500.0000,1998.0000
185968.0880,2.0000,1997.0000,1022.0000,1860.0000,12.0000,-121.0000,29.0000,2393.0000,-742.0000,7178.0000,-0.3271,0.5240,-0.4115,0.6702,125.4800,-30.5300,-100.6100,-9.7900,11.2300,-4.2400,0.0000,0.0000,-0.0000,1561.0000,1081.0000,1500.0000,1998.0000
185984.8460,2.0000,1997.0000,1022.0000,1860.0000,20.0000,-107.0000,29.0000,2074.0000,-714.0000,6714.0000,-0.3373,0.5321,-0.4073,0.6613,125.2600,-30.3100,-100.6900,-9.2700,11.3700,-4.2900,0.0000,0.0000,-0.0000,1561.0000,1081.0000,1500.0000,1998.0000
186001.6040,2.0000,1997.0000,1022.0000,1860.0000,24.0000,-91.0000,32.0000,1919.0000,-505.0000,5903.0000,-0.3470,0.5380,-0.4031,0.6540,125.0600,-30.0900,-100.7700,-8.8400,11.4200,-4.3000,0.0000,0.0000,-0.0000,1561.0000,1081.0000,1500.0000,1998.0000
186018.4410,2.0000,1997.0000,1143.0000,1983.0000,16.0000,-80.0000,35.0000,1917.0000,-591.0000,5705.0000,-0.3562,0.5428,-0.4000,0.6469,125.0600,-30.0900,-100.7700,-8.8400,11.4200,-4.3000,0.0000,0.0000,-0.0000,1435.0000,1080.0000,1500.0000,1998.0000
186035.3500,2.0000,1997.0000,1144.0000,1984.0000,21.0000,-63.0000,38.0000,1847.0000,-361.0000,5252.0000,-0.3643,0.5458,-0.3982,0.6410,124.8800,-29.8800,-100.8500,-8.4900,11.4300,-4.3000,0.0000,0.0000,-0.0000,1435.0000,1080.0000,1500.0000,1998.0000
186052.3620,2.0000,1997.0000,1144.0000,1984.0000,23.0000,-55.0000,43.0000,1909.0000,-605.0000,5080.0000,-0.3725,0.5473,-0.3969,0.6357,124.6800,-29.6400,-100.9300,-8.0200,11.5800,-4.2700,0.0000,0.0000,-0.0000,1435.0000,1080.0000,1500.0000,1998.0000
186069.1700,2.0000,1997.0000,1144.0000,1984.0000,20.0000,-44.0000,46.0000,1737.0000,-553.0000,4846.0000,-0.3807,0.5476,-0.3964,0.6309,124.4900,-29.3900,-101.0100,-7.6000,11.6900,-4.2500,0.0000,0.0000,-0.0000,1435.0000,1080.0000,1500.0000,1998.0000
186085.9220,2.0000,1997.0000,1144.0000,1984.0000,8.0000,-36.0000,46.0000,1814.0000,-646.0000,4654.0000,-0.3880,0.5478,-0.3968,0.6261,124.3200,-29.1600,-101.0900,-7.2300,11.7400,-4.2300,0.0000,0.0000,-0.0000,1435.0000,1080.0000,1500.0000,1998.0000
186102.9540,2.0000,1997.0000,1144.0000,1984.0000,-7.0000,-23.0000,50.0000,1878.0000,-457.0000,4039.0000,-0.3935,0.5469,-0.3996,0.6216,124.1700,-28.9400,-101.1700,-6.9500,11.7800,-4.1900,0.0000,0.0000,-0.0000,1435.0000,1080.0000,1500.0000,1998.0000
186119.5190,2.0000,1997.0000,1118.0000,1956.0000,-17.0000,-27.0000,51.0000,1708.0000,-474.0000,3432.0000,-0.3978,0.5466,-0.4039,0.6163,124.1700,-28.9400,-101.1700,-6.9500,11.7800,-4.1900,0.0000,0.0000,-0.0000,1462.0000,1081.0000,1500.0000,1998.0000
186136.4820,2.0000,1997.0000,1118.0000,1956.0000,-28.0000,-29.0000,50.0000,1734.0000,-269.0000,2997.0000,-0.4018,0.5475,-0.4085,0.6099,124.0300,-28.7400,-101.2500,-6.7500,11.7900,-4.1300,0.0000,0.0000,-0.0000,1462.0000,1081.0000,1500.0000,1998.0000
186153.2270,2.0000,1997.0000,1118.0000,1956.0000,-37.0000,-39.0000,48.0000,1803.0000,-218.0000,2763.0000,-0.4048,0.5490,-0.4139,0.6029,123.8700,-28.4800,-101.3400,-6.3000,11.9000,-4.0500,0.0000,0.0000,-0.0000,1462.0000,1081.0000,1500.0000,1998.0000
186170.2820,2.0000,1997.0000,1118.0000,1956.0000,-44.0000,-48.0000,45.0000,1553.0000,-261.0000,2522.0000,-0.4077,0.5522,-0.4189,0.5944,123.7300,-28.2400,-101.4300,-5.9100,12.0000,-3.9700,0.0000,0.0000,-0.0000,1462.0000,1081.0000,1500.0000,1998.0000
186187.3070,2.0000,1997.0000,1118.0000,1956.0000,-46.0000,-70.0000,41.0000,1295.0000,-399.0000,2408.0000,-0.4110,0.5574,-0.4229,0.5844,123.6000,-28.0000,-101.5100,-5.5900,12.0500,-3.8900,0.0000,0.0000,-0.0000,1462.0000,1081.0000,1500.0000,1998.0000
186204.0020,2.0000,1997.0000,1118.0000,1956.0000,-43.0000,-90.0000,36.0000,1008.0000,-197.0000,2141.0000,-0.4151,0.5641,-0.4254,0.5732,123.6000,-28.0000,-101.5100,-5.5900,12.0500,-3.8900,0.0000,0.0000,-0.0000,1462.0000,1081.0000,1500.0000,1998.0000
186220.9040,2.0000,1997.0000,1023.0000,1861.0000,-45.0000,-102.0000,33.0000,1459.0000,-162.0000,2490.0000,-0.4201,0.5726,-0.4262,0.5604,123.4900,-27.7900,-101.5900,-5.3200,12.0400,-3.7800,0.0000,0.0000,-0.0000,1560.0000,1081.0000,1500.0000,1998.0000
186237.8280,2.0000,1997.0000,1023.0000,1861.0000,-46.0000,-126.0000,30.0000,1520.0000,-490.0000,3088.0000,-0.4258,0.5827,-0.4256,0.5459,123.3900,-27.5800,-101.6700,-5.0700,12.0300,-3.6600,0.0000,0.0000,-0.0000,1560.0000,1081.0000,1500.0000,1998.0000
186254.8930,2.0000,1997.0000,1023.0000,1861.0000,-42.0000,-139.0000,26.0000,1942.0000,-770.0000,3667.0000,-0.4320,0.5939,-0.4238,0.5301,123.2900,-27.3200,-101.7500,-4.5600,12.0500,-3.5500,0.0000,0.0000,-0.0000,1560.0000,1081.0000,1500.0000,1998.0000
186271.7780,2.0000,1997.0000,1023.0000,1861.0000,-28.0000,-161.0000,19.0000,2177.0000,-797.0000,4101.0000,-0.4398,0.6062,-0.4189,0.5133,123.2000,-27.0800,-101.8300,-4.0400,12.0700,-3.4500,0.0000,0.0000,-0.0000,1560.0000,1081.0000,1500.0000,1998.0000
186288.5930,2.0000,1997.0000,1023.0000,1861.0000,-23.0000,-169.0000,15.0000,1889.0000,-603.0000,4503.0000,-0.4488,0.6191,-0.4116,0.4958,123.1300,-26.8500,-101.9100,-3.5100,12.0700,-3.3300,0.0000,0.0000,-0.0000,1560.0000,1081.0000,1500.0000,1998.0000
186305.1720,2.0000,1997.0000,1023.0000,1861.0000,-18.0000,-174.0000,12.0000,2177.0000,-377.0000,4917.0000,-0.4577,0.6316,-0.4034,0.4784,123.1300,-26.8500,-101.9100,-3.5100,12.0700,-3.3300,0.0000,0.0000,-0.0000,1560.0000,1081.0000,1500.0000,1998.0000
186322.1020,2.0000,1997.0000,1025.0000,1863.0000,-15.0000,-181.0000,10.0000,1974.0000,-171.0000,5172.0000,-0.4671,0.6441,-0.3939,0.4602,123.0700,-26.6300,-101.9800,-2.9800,12.0400,-3.1700,0.0000,0.0000,-0.0000,1558.0000,1081.0000,1500.0000,1998.0000
186339.0350,2.0000,1997.0000,1025.0000,1863.0000,-14.0000,-181.0000,6.0000,2076.0000,-241.0000,5555.0000,-0.4764,0.6565,-0.3833,0.4416,123.0200,-26.4200,-102.0500,-2.4700,11.9600,-2.9700,0.0000,0.0000,-0.0000,1558.0000,1081.0000,1500.0000,1998.0000
186355.7650,2.0000,1997.0000,1025.0000,1863.0000,-11.0000,-185.0000,3.0000,2226.0000,-503.0000,6081.0000,-0.4854,0.6685,-0.3721,0.4231,122.9800,-26.1700,-102.1200,-1.8500,11.9400,-2.7600,0.0000,0.0000,-0.0000,1558.0000,1081.0000,1500.0000,1998.0000
186372.8730,2.0000,1997.0000,1025.0000,1863.0000,-9.0000,-169.0000,4.0000,2212.0000,-765.0000,6677.0000,-0.4941,0.6797,-0.3604,0.4050,122.9600,-25.9300,-102.1800,-1.2300,11.8600,-2.5600,0.0000,0.0000,-0.0000,1558.0000,1081.0000,1500.0000,1998.0000
186389.7260,2.0000,1997.0000,1025.0000,1863.0000,-7.0000,-159.0000,6.0000,1882.0000,-709.0000,6850.0000,-0.5021,0.6895,-0.3494,0.3877,122.9400,-25.7100,-102.2400,-0.6300,11.7100,-2.3800,0.0000,0.0000,-0.0000,1558.0000,1081.0000,1500.0000,1998.0000
186406.6330,2.0000,1997.0000,1112.0000,1950.0000,0.0000,-132.0000,9.0000,2108.0000,-601.0000,6455.0000,-0.5094,0.6972,-0.3400,0.3726,122.9400,-25.5100,-102.3000,-0.1100,11.5200,-2.1900,0.0000,0.0000,-0.0000,1467.0000,1081.0000,1500.0000,1998.0000
186423.5920,2.0000,1997.0000,1113.0000,1951.0000,4.0000,-121.0000,12.0000,2338.0000,-694.0000,6243.0000,-0.5163,0.7031,-0.3318,0.3592,122.9400,-25.5100,-102.3000,-0.1100,11.5200,-2.1900,0.0000,0.0000,-0.0000,1467.0000,1081.0000,1500.0000,1998.0000
186440.5010,2.0000,1997.0000,1113.0000,1951.0000,7.0000,-109.0000,18.0000,2014.0000,-775.0000,5940.0000,-0.5232,0.7080,-0.3241,0.3463,122.9500,-25.2600,-102.3600,0.5500,11.3800,-2.0000,0.0000,0.0000,-0.0000,1467.0000,1081.0000,1500.0000,1998.0000
186457.3740,2.0000,1997.0000,1113.0000,1951.0000,10.0000,-86.0000,25.0000,1682.0000,-895.0000,5633.0000,-0.5297,0.7111,-0.3187,0.3350,122.9800,-25.0200,-102.4200,1.1100,11.2100,-1.8200,0.0000,0.0000,-0.0000,1467.0000,1081.0000,1500.0000,1998.0000
186474.6100,2.0000,1997.0000,1113.0000,1951.0000,12.0000,-75.0000,29.0000,1756.0000,-801.0000,5241.0000,-0.5358,0.7127,-0.3150,0.3252,123.0100,-24.8100,-102.4700,1.5500,11.0200,-1.6500,0.0000,0.0000,-0.0000,1467.0000,1081.0000,1500.0000,1998.0000
186491.7580,2.0000,1997.0000,1113.0000,1951.0000,8.0000,-65.0000,36.0000,1642.0000,-527.0000,4470.0000,-0.5416,0.7136,-0.3125,0.3158,123.0400,-24.6000,-102.5300,1.9000,10.8600,-1.4700,0.0000,0.0000,-0.0000,1467.0000,1081.0000,1500.0000,1998.0000
186508.5820,2.0000,1997.0000,1113.0000,1951.0000,5.0000,-58.0000,41.0000,1759.0000,-463.0000,4107.0000,-0.5467,0.7142,-0.3114,0.3067,123.0900,-24.4100,-102.5700,2.1500,10.7400,-1.2800,0.0000,0.0000,-0.0000,1467.0000,1081.0000,1500.0000,1998.0000
186525.5460,2.0000,1997.0000,1105.0000,1943.0000,1.0000,-58.0000,44.0000,1974.0000,-508.0000,3882.0000,-0.5515,0.7146,-0.3112,0.2971,123.0900,-24.4100,-102.5700,2.1500,10.7400,-1.2800,0.0000,0.0000,-0.0000,1475.0000,1081.0000,1500.0000,1998.0000
186542.6260,2.0000,1997.0000,1105.0000,1943.0000,-3.0000,-63.0000,47.0000,1929.0000,-551.0000,3608.0000,-0.5564,0.7153,-0.3109,0.2866,123.1500,-24.1800,-102.6300,2.7400,10.5400,-1.1000,0.0000,0.0000,-0.0000,1475.0000,1081.0000,1500.0000,1998.0000
186559.3420,2.0000,1997.0000,1105.0000,1943.0000,-7.0000,-75.0000,49.0000,1905.0000,-745.0000,3651.0000,-0.5608,0.7164,-0.3105,0.2753,123.2200,-23.9600,-102.6800,3.2600,10.3500,-0.9400,0.0000,0.0000,-0.0000,1475.0000,1081.0000,1500.0000,1998.0000
186576.5190,2.0000,1997.0000,1105.0000,1943.0000,-12.0000,-87.0000,48.0000,1860.0000,-828.0000,3540.0000,-0.5655,0.7182,-0.3093,0.2621,123.3000,-23.7600,-102.7300,3.7000,10.1600,-0.8100,0.0000,0.0000,-0.0000,1475.0000,1081.0000,1500.0000,1998.0000
186593.1620,2.0000,1997.0000,1105.0000,1943.0000,-16.0000,-98.0000,49.0000,1662.0000,-545.0000,3199.0000,-0.5701,0.7208,-0.3069,0.2475,123.3800,-23.5800,-102.7700,4.0500,9.9800,-0.6500,0.0000,0.0000,-0.0000,1475.0000,1081.0000,1500.0000,1998.0000
186610.2270,2.0000,1713.0000,1191.0000,1993.0000,-20.0000,-111.0000,50.0000,1727.0000,-302.0000,3099.0000,-0.5748,0.7238,-0.3038,0.2312,123.4600,-23.4100,-102.8100,4.3500,9.8100,-0.4700,0.0000,0.0000,-0.0000,1335.0000,1118.0000,1500.0000,1446.0000
186627.0880,2.0000,1414.0000,1282.0000,2000.0000,-21.0000,-130.0000,50.0000,1762.0000,-217.0000,3318.0000,-0.5795,0.7275,-0.2993,0.2128,123.4600,-23.4100,-102.8100,4.3500,9.8100,-0.4700,0.0000,0.0000,-0.0000,1335.0000,1118.0000,1500.0000,1446.0000
186644.0750,2.0000,1414.0000,1282.0000,2000.0000,-21.0000,-145.0000,48.0000,2003.0000,-115.0000,3829.0000,-0.5850,0.7315,-0.2927,0.1923,123.5800,-23.2100,-102.8500,4.8900,9.5300,-0.2400,0.0000,0.0000,-0.0000,1335.0000,1118.0000,1500.0000,1446.0000
186660.8160,2.0000,1414.0000,1282.0000,2000.0000,-27.0000,-159.0000,49.0000,1597.0000,-129.0000,4621.0000,-0.5904,0.7356,-0.2850,0.1705,123.7000,-23.0200,-102.8800,5.4000,9.2400,0.0200,0.0000,0.0000,-0.0000,1335.0000,1118.0000,1500.0000,1446.0000
186677.7090,2.0000,1414.0000,1282.0000,2000.0000,-40.0000,-164.0000,50.0000,1307.0000,-388.0000,5146.0000,-0.5947,0.7404,-0.2768,0.1469,123.8200,-22.8500,-102.9100,5.8400,8.9000,0.3000,0.0000,0.0000,-0.0000,1335.0000,1118.0000,1500.0000,1446.0000
186694.3800,2.0000,1414.0000,1282.0000,2000.0000,-47.0000,-164.0000,53.0000,1179.0000,-565.0000,5530.0000,-0.5974,0.7455,-0.2688,0.1228,123.9400,-22.6900,-102.9200,6.2300,8.5000,0.5500,0.0000,0.0000,-0.0000,1335.0000,1118.0000,1500.0000,1446.0000
186711.0470,2.0000,1312.0000,1265.0000,2000.0000,-55.0000,-163.0000,53.0000,1071.0000,-605.0000,5775.0000,-0.5988,0.7507,-0.2611,0.0983,124.0700,-22.5400,-102.9200,6.5900,8.0700,0.8100,0.0000,0.0000,-0.0000,1354.0000,1120.0000,1500.0000,1345.0000
186727.9480,2.0000,1308.0000,1265.0000,2000.0000,-58.0000,-159.0000,55.0000,926.0000,-330.0000,5839.0000,-0.5992,0.7559,-0.2534,0.0732,124.0700,-22.5400,-102.9200,6.5900,8.0700,0.8100,0.0000,0.0000,-0.0000,1354.0000,1120.0000,1500.0000,1345.0000
186744.9220,2.0000,1308.0000,1265.0000,2000.0000,-57.0000,-152.0000,54.0000,831.0000,-300.0000,6037.0000,-0.5989,0.7605,-0.2462,0.0486,124.2200,-22.3800,-102.9300,7.0000,7.5900,1.0900,0.0000,0.0000,-0.0000,1354.0000,1120.0000,1500.0000,1345.0000
186761.7970,2.0000,1308.0000,1265.0000,2000.0000,-55.0000,-143.0000,53.0000,701.0000,-345.0000,6110.0000,-0.5981,0.7644,-0.2394,0.0253,124.3700,-22.2300,-102.9200,7.3400,7.1100,1.3900,0.0000,0.0000,-0.0000,1354.0000,1120.0000,1500.0000,1345.0000
186778.8350,2.0000,1308.0000,1265.0000,2000.0000,-59.0000,-134.0000,53.0000,556.0000,-406.0000,6039.0000,-0.5967,0.7678,-0.2333,0.0028,124.5300,-22.1000,-102.9100,7.6300,6.6200,1.6900,0.0000,0.0000,-0.0000,1354.0000,1120.0000,1500.0000,1345.0000
186795.8060,2.0000,1308.0000,1265.0000,2000.0000,-55.0000,-120.0000,55.0000,415.0000,-375.0000,5944.0000,-0.5944,0.7709,-0.2281,-0.0185,124.6900,-21.9800,-102.8900,7.8400,6.1400,1.9900,0.0000,0.0000,-0.0000,1354.0000,1120.0000,1500.0000,1345.0000
186812.6460,2.0000,1308.0000,1265.0000,2000.0000,-48.0000,-98.0000,56.0000,255.0000,-276.0000,5833.0000,-0.5919,0.7732,-0.2247,-0.0375,124.8400,-21.8700,-102.8700,8.0100,5.6800,2.2800,0.0000,0.0000,-0.0000,1354.0000,1120.0000,1500.0000,1345.0000
186829.5400,2.0000,1696.0000,1830.0000,1000.0000,-49.0000,-76.0000,55.0000,173.0000,-141.0000,5346.0000,-0.5890,0.7749,-0.2230,-0.0540,124.8400,-21.8700,-102.8700,8.0100,5.6800,2.2800,0.0000,0.0000,-0.0000,1651.0000,1980.0000,1500.0000,1713.0000
186846.5840,2.0000,1696.0000,1830.0000,1000.0000,-58.0000,-60.0000,55.0000,214.0000,-82.0000,5034.0000,-0.5845,0.7772,-0.2228,-0.0684,125.0200,-21.7600,-102.8400,8.2100,5.2000,2.5800,0.0000,0.0000,-0.0000,1651.0000,1980.0000,1500.0000,1713.0000
186863.6030,2.0000,1696.0000,1830.0000,1000.0000,-59.0000,-38.0000,58.0000,422.0000,-254.0000,4810.0000,-0.5788,0.7799,-0.2242,-0.0810,125.2000,-21.6600,-102.8100,8.3500,4.7900,2.8800,0.0000,0.0000,-0.0000,1651.0000,1980.0000,1500.0000,1713.0000
186880.3960,2.0000,1696.0000,1830.0000,1000.0000,-65.0000,-8.0000,60.0000,614.0000,-198.0000,4669.0000,-0.5718,0.7828,-0.2281,-0.0907,125.3700,-21.5700,-102.7800,8.5000,4.4100,3.1700,0.0000,0.0000,-0.0000,1651.0000,1980.0000,1500.0000,1713.0000
186896.9940,2.0000,1696.0000,1830.0000,1000.0000,-83.0000,18.0000,56.0000,824.0000,-105.0000,4573.0000,-0.5623,0.7872,-0.2339,-0.0975,125.5400,-21.4900,-102.7400,8.6400,4.0800,3.4900,0.0000,0.0000,-0.0000,1651.0000,1980.0000,1500.0000,1713.0000
186913.7990,2.0000,1696.0000,1830.0000,1000.0000,-88.0000,59.0000,55.0000,929.0000,-369.0000,4397.0000,-0.5499,0.7930,-0.2419,-0.1007,125.7200,-21.4200,-102.6900,8.8000,3.7600,3.8300,0.0000,0.0000,-0.0000,1651.0000,1980.0000,1500.0000,1713.0000
186930.5650,2.0000,1974.0000,1441.0000,1000.0000,-72.0000,100.0000,53.0000,978.0000,-401.0000,3776.0000,-0.5367,0.7989,-0.2527,-0.0993,125.7200,-21.4200,-102.6900,8.8000,3.7600,3.8300,0.0000,0.0000,-0.0000,1997.0000,1938.0000,1500.0000,1976.0000
186947.4090,2.0000,1974.0000,1441.0000,1000.0000,-38.0000,147.0000,50.0000,977.0000,-64.0000,2864.0000,-0.5247,0.8033,-0.2665,-0.0916,125.9200,-21.3400,-102.6400,9.0000,3.4100,4.1600,0.0000,0.0000,-0.0000,1997.0000,1938.0000,1500.0000,1976.0000
186964.6540,2.0000,1974.0000,1441.0000,1000.0000,16.0000,192.0000,51.0000,1353.0000,287.0000,1031.0000,-0.5154,0.8046,-0.2850,-0.0758,126.1100,-21.2800,-102.5800,9.1600,3.1900,4.4800,0.0000,0.0000,-0.0000,1997.0000,1938.0000,1500.0000,1976.0000
186981.4530,2.0000,1974.0000,1441.0000,1000.0000,76.0000,217.0000,46.0000,1609.0000,193.0000,-1451.0000,-0.5113,0.8013,-0.3060,-0.0534,126.3000,-21.2100,-102.5200,9.3100,3.1800,4.7500,0.0000,0.0000,-0.0000,1997.0000,1938.0000,1500.0000,1976.0000
186998.0340,2.0000,1974.0000,1441.0000,1000.0000,139.0000,226.0000,39.0000,1760.0000,122.0000,-3838.0000,-0.5132,0.7930,-0.3273,-0.0263,126.4900,-21.1500,-102.4700,9.4200,3.4300,4.8700,0.0000,0.0000,-0.0000,1997.0000,1938.0000,1500.0000,1976.0000
187014.7530,2.0000,1297.0000,2000.0000,1485.0000,187.0000,222.0000,30.0000,1548.0000,278.0000,-6112.0000,-0.5209,0.7796,-0.3476,0.0047,126.6800,-21.0800,-102.4300,9.4100,3.8700,4.7400,0.0000,0.0000,-0.0000,1065.0000,1951.0000,1500.0000,1335.0000
187031.8090,2.0000,1297.0000,2000.0000,1485.0000,221.0000,182.0000,22.0000,1494.0000,295.0000,-7772.0000,-0.5338,0.7622,-0.3646,0.0361,126.6800,-21.0800,-102.4300,9.4100,3.8700,4.7400,0.0000,0.0000,-0.0000,1065.0000,1951.0000,1500.0000,1335.0000
187049.0180,2.0000,1297.0000,2000.0000,1485.0000,247.0000,131.0000,15.0000,1117.0000,252.0000,-8281.0000,-0.5522,0.7411,-0.3763,0.0646,126.8900,-21.0000,-102.4100,9.3100,4.3800,4.4900,0.0000,0.0000,-0.0000,1065.0000,1951.0000,1500.0000,1335.0000
187065.8390,2.0000,1297.0000,2000.0000,1485.0000,220.0000,87.0000,10.0000,882.0000,190.0000,-7377.0000,-0.5717,0.7204,-0.3827,0.0875,127.0900,-20.9000,-102.4100,9.0800,4.9000,4.2000,0.0000,0.0000,-0.0000,1065.0000,1951.0000,1500.0000,1335.0000
187082.7230,2.0000,1297.0000,2000.0000,1485.0000,154.0000,36.0000,5.0000,513.0000,371.0000,-5863.0000,-0.5885,0.7035,-0.3848,0.1029,127.2800,-20.8000,-102.4100,8.8300,5.3000,4.0700,0.0000,0.0000,-0.0000,1065.0000,1951.0000,1500.0000,1335.0000
187099.6630,2.0000,1297.0000,2000.0000,1485.0000,76.0000,12.0000,7.0000,417.0000,87.0000,-4668.0000,-0.5992,0.6932,-0.3848,0.1107,127.4500,-20.7000,-102.4100,8.6200,5.5300,4.0400,0.0000,0.0000,-0.0000,1065.0000,1951.0000,1500.0000,1335.0000
187116.5930,2.0000,1079.0000,2000.0000,1375.0000,-1.0000,-9.0000,12.0000,373.0000,-44.0000,-4223.0000,-0.6032,0.6899,-0.3844,0.1113,127.6200,-20.6000,-102.4100,8.4800,5.6800,4.0500,0.0000,0.0000,-0.0000,1153.0000,1973.0000,1500.0000,1128.0000
187133.5700,2.0000,1079.0000,2000.0000,1375.0000,-54.0000,-32.0000,18.0000,162.0000,-242.0000,-3804.0000,-0.6017,0.6926,-0.3837,0.1053,127.6200,-20.6000,-102.4100,8.4800,5.6800,4.0500,0.0000,0.0000,-0.0000,1153.0000,1973.0000,1500.0000,1128.0000
187150.2250,2.0000,1079.0000,2000.0000,1375.0000,-95.0000,-39.0000,22.0000,-54.0000,-413.0000,-2732.0000,-0.5960,0.6994,-0.3829,0.0947,127.8100,-20.4900,-102.4000,8.3800,5.8100,4.0600,0.0000,0.0000,-0.0000,1153.0000,1973.0000,1500.0000,1128.0000
187167.3970,2.0000,1079.0000,2000.0000,1375.0000,-111.0000,-40.0000,25.0000,-182.0000,-313.0000,-1827.0000,-0.5874,0.7085,-0.3826,0.0812,127.9900,-20.3700,-102.3900,8.3300,5.8600,4.0700,0.0000,0.0000,-0.0000,1153.0000,1973.0000,1500.0000,1128.0000
187184.1190,2.0000,1079.0000,2000.0000,1375.0000,-117.0000,-37.0000,27.0000,-344.0000,-297.0000,-1190.0000,-0.5773,0.7182,-0.3827,0.0676,128.1700,-20.2600,-102.3800,8.3300,5.8200,4.1400,0.0000,0.0000,-0.0000,1153.0000,1973.0000,1500.0000,1128.0000
187201.1410,2.0000,1079.0000,2000.0000,1375.0000,-125.0000,-22.0000,26.0000,-404.0000,-337.0000,-916.0000,-0.5662,0.7278,-0.3832,0.0541,128.3400,-20.1600,-102.3700,8.3600,5.7100,4.2300,0.0000,0.0000,-0.0000,1153.0000,1973.0000,1500.0000,1128.0000
187218.2850,2.0000,1996.0000,1818.0000,1000.0000,-130.0000,-10.0000,30.0000,-395.0000,-202.0000,-1081.0000,-0.5535,0.7374,-0.3848,0.0419,128.5100,-20.0600,-102.3700,8.4000,5.5900,4.3300,0.0000,0.0000,-0.0000,1656.0000,1973.0000,1500.0000,1997.0000
187234.9960,2.0000,1996.0000,1818.0000,1000.0000,-114.0000,8.0000,36.0000,-425.0000,-214.0000,-729.0000,-0.5404,0.7460,-0.3879,0.0316,128.5100,-20.0600,-102.3700,8.4000,5.5900,4.3300,0.0000,0.0000,-0.0000,1656.0000,1973.0000,1500.0000,1997.0000
187251.7160,2.0000,1996.0000,1818.0000,1000.0000,-109.0000,38.0000,37.0000,-162.0000,-232.0000,-289.0000,-0.5268,0.7533,-0.3930,0.0239,128.7000,-19.9500,-102.3700,8.4400,5.5800,4.4400,0.0000,0.0000,-0.0000,1656.0000,1973.0000,1500.0000,1997.0000
187268.7470,2.0000,1996.0000,1818.0000,1000.0000,-71.0000,72.0000,43.0000,553.0000,-361.0000,-343.0000,-0.5138,0.7582,-0.4009,0.0209,128.9000,-19.8500,-102.3600,8.5200,5.5300,4.5600,0.0000,0.0000,-0.0000,1656.0000,1973.0000,1500.0000,1997.0000
187285.8530,2.0000,1996.0000,1818.0000,1000.0000,-25.0000,103.0000,48.0000,1182.0000,-544.0000,-987.0000,-0.5032,0.7593,-0.4119,0.0239,129.0800,-19.7500,-102.3400,8.6300,5.5200,4.7100,0.0000,0.0000,-0.0000,1656.0000,1973.0000,1500.0000,1997.0000
187302.3230,2.0000,1996.0000,1818.0000,1000.0000,16.0000,131.0000,51.0000,1418.0000,-808.0000,-2179.0000,-0.4964,0.7566,-0.4244,0.0320,129.2600,-19.6500,-102.3300,8.7500,5.6100,4.7800,0.0000,0.0000,-0.0000,1656.0000,1973.0000,1500.0000,1997.0000
187319.4540,2.0000,1993.0000,2000.0000,1248.0000,43.0000,151.0000,54.0000,1581.0000,-284.0000,-3594.0000,-0.4911,0.7507,-0.4395,0.0456,129.4400,-19.5500,-102.3100,8.8000,5.8100,4.7700,0.0000,0.0000,-0.0000,1293.0000,1958.0000,1500.0000,1994.0000
187336.2370,2.0000,1993.0000,2000.0000,1249.0000,60.0000,148.0000,55.0000,1630.0000,206.0000,-5032.0000,-0.4874,0.7430,-0.4547,0.0609,129.4400,-19.5500,-102.3100,8.8000,5.8100,4.7700,0.0000,0.0000,-0.0000,1293.0000,1958.0000,1500.0000,1994.0000
187353.2950,2.0000,1993.0000,2000.0000,1249.0000,58.0000,129.0000,56.0000,1629.0000,52.0000,-5321.0000,-0.4849,0.7343,-0.4690,0.0753,129.6400,-19.4300,-102.3100,8.6800,6.1900,4.7200,0.0000,0.0000,-0.0000,1293.0000,1958.0000,1500.0000,1994.0000
187370.1120,2.0000,1993.0000,2000.0000,1249.0000,28.0000,113.0000,53.0000,1509.0000,-249.0000,-5341.0000,-0.4820,0.7270,-0.4814,0.0862,129.8300,-19.3200,-102.3100,8.5000,6.5700,4.6300,0.0000,0.0000,-0.0000,1293.0000,1958.0000,1500.0000,1994.0000
187386.6910,2.0000,1993.0000,2000.0000,1249.0000,-12.0000,83.0000,48.0000,1176.0000,-281.0000,-5640.0000,-0.4764,0.7223,-0.4925,0.0932,130.0100,-19.1900,-102.3200,8.3000,6.9100,4.5000,0.0000,0.0000,-0.0000,1293.0000,1958.0000,1500.0000,1994.0000
187403.7690,2.0000,1993.0000,2000.0000,1249.0000,-44.0000,58.0000,44.0000,1196.0000,-117.0000,-5555.0000,-0.4684,0.7209,-0.5020,0.0947,130.1800,-19.0700,-102.3400,8.0800,7.1900,4.3800,0.0000,0.0000,-0.0000,1293.0000,1958.0000,1500.0000,1994.0000
187420.3490,2.0000,1992.0000,2000.0000,1348.0000,-63.0000,35.0000,39.0000,1071.0000,-22.0000,-5291.0000,-0.4600,0.7216,-0.5091,0.0923,130.3500,-18.9400,-102.3600,7.8800,7.4400,4.2800,0.0000,0.0000,-0.0000,1217.0000,1935.0000,1500.0000,1993.0000
187437.3630,2.0000,1992.0000,2000.0000,1349.0000,-77.0000,26.0000,33.0000,1345.0000,169.0000,-4894.0000,-0.4505,0.7242,-0.5148,0.0870,130.3500,-18.9400,-102.3600,7.8800,7.4400,4.2800,0.0000,0.0000,-0.0000,1217.0000,1935.0000,1500.0000,1993.0000
187454.1710,2.0000,1992.0000,2000.0000,1349.0000,-96.0000,12.0000,28.0000,1368.0000,90.0000,-4431.0000,-0.4404,0.7283,-0.5190,0.0797,130.5400,-18.7900,-102.3800,7.7300,7.6900,4.2100,0.0000,0.0000,-0.0000,1217.0000,1935.0000,1500.0000,1993.0000
187471.4040,2.0000,1992.0000,2000.0000,1349.0000,-117.0000,1.0000,22.0000,1520.0000,-47.0000,-3699.0000,-0.4284,0.7342,-0.5221,0.0695,130.7100,-18.6500,-102.4100,7.6200,7.8900,4.1600,0.0000,0.0000,-0.0000,1217.0000,1935.0000,1500.0000,1993.0000
187488.3650,2.0000,1992.0000,2000.0000,1349.0000,-128.0000,-7.0000,14.0000,1340.0000,-301.0000,-3354.0000,-0.4157,0.7414,-0.5237,0.0576,130.8800,-18.5100,-102.4300,7.5800,8.0400,4.1300,0.0000,0.0000,-0.0000,1217.0000,1935.0000,1500.0000,1993.0000
187505.1370,2.0000,1993.0000,2000.0000,1501.0000,-139.0000,-12.0000,7.0000,1599.0000,-146.0000,-2938.0000,-0.4017,0.7496,-0.5242,0.0450,131.0400,-18.3700,-102.4600,7.5800,8.1300,4.1400,0.0000,0.0000,-0.0000,1160.0000,1839.0000,1500.0000,1995.0000
187521.8980,2.0000,1994.0000,2000.0000,1502.0000,-147.0000,2.0000,2.0000,1500.0000,-187.0000,-2507.0000,-0.3862,0.7583,-0.5241,0.0327,131.2000,-18.2200,-102.4800,7.6300,8.2300,4.1800,0.0000,0.0000,-0.0000,1160.0000,1839.0000,1500.0000,1995.0000
187538.7730,2.0000,1994.0000,2000.0000,1502.0000,-166.0000,5.0000,-6.0000,1215.0000,-16.0000,-2622.0000,-0.3685,0.7679,-0.5236,0.0209,131.2000,-18.2200,-102.4800,7.6300,8.2300,4.1800,0.0000,0.0000,-0.0000,1160.0000,1839.0000,1500.0000,1995.0000
187555.3880,2.0000,1994.0000,2000.0000,1502.0000,-190.0000,21.0000,-11.0000,1148.0000,415.0000,-2884.0000,-0.3475,0.7785,-0.5225,0.0090,131.3900,-18.0600,-102.5000,7.6800,8.4300,4.2200,0.0000,0.0000,-0.0000,1160.0000,1839.0000,1500.0000,1995.0000
187572.4450,2.0000,1994.0000,2000.0000,1502.0000,-208.0000,23.0000,-17.0000,1480.0000,-8.0000,-2420.0000,-0.3223,0.7903,-0.5211,-0.0035,131.5600,-17.9000,-102.5100,7.6700,8.6000,4.2700,0.0000,0.0000,-0.0000,1160.0000,1839.0000,1500.0000,1995.0000
187589.2440,2.0000,1994.0000,2000.0000,1502.0000,-218.0000,33.0000,-24.0000,1294.0000,-276.0000,-2363.0000,-0.2955,0.8022,-0.5186,-0.0162,131.7300,-17.7500,-102.5200,7.7100,8.7500,4.3200,0.0000,0.0000,-0.0000,1160.0000,1839.0000,1500.0000,1995.0000
187606.1790,2.0000,1988.0000,1504.0000,2000.0000,-228.0000,42.0000,-28.0000,903.0000,-271.0000,-2787.0000,-0.2659,0.8143,-0.5152,-0.0280,131.8900,-17.6000,-102.5300,7.7800,8.8500,4.3300,0.0000,0.0000,-0.0000,1144.0000,1148.0000,1500.0000,1990.0000
187623.2380,2.0000,1988.0000,1504.0000,2000.0000,-238.0000,51.0000,-31.0000,1046.0000,-146.0000,-2932.0000,-0.2338,0.8261,-0.5113,-0.0388,132.0500,-17.4500,-102.5300,7.8000,8.9400,4.2900,0.0000,0.0000,-0.0000,1144.0000,1148.0000,1500.0000,1990.0000
187640.1800,2.0000,1988.0000,1504.0000,2000.0000,-256.0000,51.0000,-32.0000,1219.0000,27.0000,-3555.0000,-0.1996,0.8375,-0.5062,-0.0503,132.0500,-17.4500,-102.5300,7.8000,8.9400,4.2900,0.0000,0.0000,-0.0000,1144.0000,1148.0000,1500.0000,1990.0000
187657.0600,2.0000,1988.0000,1504.0000,2000.0000,-276.0000,19.0000,-29.0000,1228.0000,-132.0000,-4309.0000,-0.1641,0.8480,-0.4997,-0.0648,132.2300,-17.2700,-102.5400,7.7800,9.0800,4.2100,0.0000,0.0000,-0.0000,1144.0000,1148.0000,1500.0000,1990.0000
187674.0270,2.0000,1988.0000,1504.0000,2000.0000,-283.0000,-25.0000,-25.0000,971.0000,-77.0000,-4960.0000,-0.1287,0.8566,-0.4923,-0.0852,132.4100,-17.1000,-102.5400,7.7600,9.2200,4.0600,0.0000,0.0000,-0.0000,1144.0000,1148.0000,1500.0000,1990.0000
187690.7420,2.0000,1988.0000,1504.0000,2000.0000,-278.0000,-66.0000,-22.0000,840.0000,-185.0000,-4234.0000,-0.0972,0.8626,-0.4839,-0.1111,132.5700,-16.9400,-102.5400,7.7700,9.3300,3.8400,0.0000,0.0000,-0.0000,1144.0000,1148.0000,1500.0000,1990.0000
187707.3070,2.0000,1994.0000,1242.0000,2000.0000,-273.0000,-95.0000,-21.0000,891.0000,-136.0000,-2571.0000,-0.0686,0.8662,-0.4746,-0.1402,132.7300,-16.7700,-102.5300,7.8100,9.4000,3.7000,0.0000,0.0000,-0.0000,1454.0000,1081.0000,1500.0000,1998.0000
187724.3780,2.0000,1997.0000,1126.0000,1964.0000,-268.0000,-124.0000,-19.0000,685.0000,-247.0000,-532.0000,-0.0418,0.8677,-0.4640,-0.1733,132.9200,-16.5700,-102.5200,7.8400,9.4400,3.8400,0.0000,0.0000,-0.0000,1454.0000,1081.0000,1500.0000,1998.0000
187741.3930,2.0000,1997.0000,1126.0000,1964.0000,-261.0000,-130.0000,-20.0000,722.0000,-94.0000,1107.0000,-0.0165,0.8671,-0.4526,-0.2074,132.9200,-16.5700,-102.5200,7.8400,9.4400,3.8400,0.0000,0.0000,-0.0000,1454.0000,1081.0000,1500.0000,1998.0000
187758.1200,2.0000,1997.0000,1126.0000,1964.0000,-238.0000,-136.0000,-20.0000,1298.0000,271.0000,1910.0000,0.0064,0.8648,-0.4408,-0.2403,133.0900,-16.3900,-102.5000,7.8100,9.3900,4.2200,0.0000,0.0000,-0.0000,1454.0000,1081.0000,1500.0000,1998.0000
187775.3010,2.0000,1997.0000,1126.0000,1964.0000,-200.0000,-164.0000,-26.0000,1261.0000,-3.0000,2647.0000,0.0239,0.8603,-0.4290,-0.2745,133.2600,-16.2200,-102.4500,7.7000,9.3700,4.8100,0.0000,0.0000,-0.0000,1454.0000,1081.0000,1500.0000,1998.0000
187791.9530,2.0000,1997.0000,1126.0000,1964.0000,-160.0000,-190.0000,-33.0000,1198.0000,-420.0000,3838.0000,0.0344,0.8540,-0.4181,-0.3076,133.4100,-16.0600,-102.3700,7.5700,9.3300,5.4800,0.0000,0.0000,-0.0000,1454.0000,1081.0000,1500.0000,1998.0000
187808.9890,2.0000,1968.0000,1484.0000,2000.0000,-125.0000,-206.0000,-38.0000,956.0000,-471.0000,5100.0000,0.0388,0.8461,-0.4074,-0.3415,133.5700,-15.8900,-102.2700,7.4100,9.2700,6.2300,0.0000,0.0000,-0.0000,1076.0000,1064.0000,1500.0000,1971.0000
187825.7580,2.0000,1968.0000,1488.0000,2000.0000,-90.0000,-220.0000,-40.0000,1119.0000,-520.0000,6602.0000,0.0374,0.8368,-0.3977,-0.3745,133.7400,-15.7000,-102.1200,7.2100,9.2400,7.0900,0.0000,0.0000,-0.0000,1076.0000,1064.0000,1500.0000,1971.0000
187842.4970,2.0000,1968.0000,1488.0000,2000.0000,-71.0000,-215.0000,-37.0000,1572.0000,-827.0000,8289.0000,0.0325,0.8265,-0.3891,-0.4056,133.7400,-15.7000,-102.1200,7.2100,9.2400,7.0900,0.0000,0.0000,-0.0000,1076.0000,1064.0000,1500.0000,1971.0000
187859.1120,2.0000,1968.0000,1488.0000,2000.0000,-67.0000,-208.0000,-32.0000,2029.0000,-965.0000,10010.0000,0.0266,0.8154,-0.3814,-0.4347,133.9000,-15.5100,-101.9500,6.8900,9.1400,8.0600,0.0000,0.0000,-0.0000,1076.0000,1064.0000,1500.0000,1971.0000
187876.1220,2.0000,1968.0000,1488.0000,2000.0000,-87.0000,-187.0000,-22.0000,1994.0000,-1156.0000,11581.0000,0.0232,0.8036,-0.3732,-0.4631,134.0400,-15.3400,-101.7600,6.4600,8.9900,9.1300,0.0000,0.0000,-0.0000,1076.0000,1064.0000,1500.0000,1971.0000
187892.8110,2.0000,1968.0000,1488.0000,2000.0000,-105.0000,-157.0000,-10.0000,1943.0000,-1298.0000,12321.0000,0.0244,0.7926,-0.3644,-0.4883,134.1700,-15.1800,-101.5300,5.8900,8.7500,10.2500,0.0000,0.0000,-0.0000,1076.0000,1064.0000,1500.0000,1971.0000
187909.4750,2.0000,1968.0000,1488.0000,2000.0000,-120.0000,-128.0000,1.0000,1708.0000,-1243.0000,11818.0000,0.0298,0.7822,-0.3556,-0.5107,134.2900,-15.0200,-101.2800,5.2700,8.5000,11.3200,0.0000,0.0000,-0.0000,1076.0000,1064.0000,1500.0000,1971.0000
187926.3710,2.0000,1964.0000,1496.0000,2000.0000,-124.0000,-103.0000,11.0000,1516.0000,-1093.0000,10910.0000,0.0388,0.7728,-0.3468,-0.5301,134.4200,-14.8300,-101.0100,4.7000,8.3500,12.2400,0.0000,0.0000,-0.0000,1069.0000,1065.0000,1500.0000,1967.0000
187943.1100,2.0000,1964.0000,1496.0000,2000.0000,-122.0000,-74.0000,23.0000,1176.0000,-632.0000,9484.0000,0.0502,0.7646,-0.3389,-0.5460,134.4200,-14.8300,-101.0100,4.7000,8.3500,12.2400,0.0000,0.0000,-0.0000,1069.0000,1065.0000,1500.0000,1967.0000
187960.1250,2.0000,1964.0000,1496.0000,2000.0000,-124.0000,-57.0000,35.0000,1095.0000,-340.0000,7800.0000,0.0638,0.7573,-0.3318,-0.5589,134.5300,-14.6600,-100.7100,4.2100,8.2600,13.0200,0.0000,0.0000,-0.0000,1069.0000,1065.0000,1500.0000,1967.0000
187976.9130,2.0000,1964.0000,1496.0000,2000.0000,-126.0000,-46.0000,48.0000,1211.0000,-719.0000,7202.0000,0.0793,0.7501,-0.3258,-0.5701,134.6200,-14.4900,-100.4100,3.8800,8.2600,13.6300,0.0000,0.0000,-0.0000,1069.0000,1065.0000,1500.0000,1967.0000
187993.8050,2.0000,1964.0000,1496.0000,2000.0000,-131.0000,-51.0000,52.0000,987.0000,-725.0000,6532.0000,0.0958,0.7422,-0.3204,-0.5808,134.7100,-14.3300,-100.0900,3.6500,8.2900,14.1800,0.0000,0.0000,-0.0000,1069.0000,1065.0000,1500.0000,1967.0000
188010.6240,2.0000,1966.0000,1487.0000,2000.0000,-141.0000,-55.0000,53.0000,1031.0000,-514.0000,6144.0000,0.1130,0.7333,-0.3145,-0.5921,134.8000,-14.1600,-99.7700,3.5000,8.3700,14.6700,0.0000,0.0000,-0.0000,1077.0000,1063.0000,1500.0000,1970.0000
188027.3140,2.0000,1967.0000,1486.0000,2000.0000,-159.0000,-60.0000,51.0000,992.0000,-252.0000,5549.0000,0.1316,0.7237,-0.3072,-0.6039,134.9100,-13.9600,-99.4300,3.4200,8.5700,15.1000,0.0000,0.0000,-0.0000,1077.0000,1063.0000,1500.0000,1970.0000
188044.2220,2.0000,1967.0000,1486.0000,2000.0000,-175.0000,-77.0000,45.0000,937.0000,-165.0000,5371.0000,0.1515,0.7122,-0.2977,-0.6174,134.9100,-13.9600,-99.4300,3.4200,8.5700,15.1000,0.0000,0.0000,-0.0000,1077.0000,1063.0000,1500.0000,1970.0000
188061.0520,2.0000,1967.0000,1486.0000,2000.0000,-189.0000,-90.0000,39.0000,809.0000,242.0000,5318.0000,0.1713,0.6985,-0.2865,-0.6330,135.0200,-13.7700,-99.0900,3.3700,8.7800,15.4700,0.0000,0.0000,-0.0000,1077.0000,1063.0000,1500.0000,1970.0000
188077.9350,2.0000,1967.0000,1486.0000,2000.0000,-203.0000,-99.0000,26.0000,723.0000,448.0000,5787.0000,0.1913,0.6833,-0.2730,-0.6496,135.1100,-13.5800,-98.7500,3.2900,8.9900,15.7600,0.0000,0.0000,-0.0000,1077.0000,1063.0000,1500.0000,1970.0000
188094.4710,2.0000,1967.0000,1486.0000,2000.0000,-213.0000,-109.0000,13.0000,781.0000,467.0000,6516.0000,0.2100,0.6668,-0.2574,-0.6671,135.2000,-13.4000,-98.4100,3.1400,9.2000,15.9900,0.0000,0.0000,-0.0000,1077.0000,1063.0000,1500.0000,1970.0000
188111.1020,2.0000,1000.0000,1467.0000,2000.0000,-221.0000,-118.0000,-1.0000,836.0000,230.0000,7364.0000,0.2278,0.6486,-0.2396,-0.6855,135.3000,-13.2000,-98.0600,2.8700,9.3900,16.1900,0.0000,0.0000,-0.0000,1170.0000,1069.0000,1500.0000,1052.0000
188127.7970,2.0000,1000.0000,1399.0000,2000.0000,-219.0000,-118.0000,-14.0000,649.0000,78.0000,8053.0000,0.2446,0.6299,-0.2198,-0.7036,135.3900,-12.9800,-97.7200,2.5100,9.5600,16.3500,0.0000,0.0000,-0.0000,1170.0000,1069.0000,1500.0000,1052.0000
188144.5130,2.0000,1000.0000,1399.0000,2000.0000,-210.0000,-113.0000,-24.0000,684.0000,-183.0000,8706.0000,0.2594,0.6108,-0.1992,-0.7211,135.3900,-12.9800,-97.7200,2.5100,9.5600,16.3500,0.0000,0.0000,-0.0000,1170.0000,1069.0000,1500.0000,1052.0000
188161.6200,2.0000,1000.0000,1399.0000,2000.0000,-191.0000,-112.0000,-35.0000,474.0000,-235.0000,9010.0000,0.2718,0.5916,-0.1784,-0.7378,135.4800,-12.7700,-97.3700,2.0700,9.7000,16.4400,0.0000,0.0000,-0.0000,1170.0000,1069.0000,1500.0000,1052.0000
188178.6060,2.0000,1000.0000,1399.0000,2000.0000,-178.0000,-109.0000,-42.0000,105.0000,-233.0000,9157.0000,0.2817,0.5729,-0.1583,-0.7532,135.5500,-12.5700,-97.0300,1.6200,9.8400,16.4600,0.0000,0.0000,-0.0000,1170.0000,1069.0000,1500.0000,1052.0000
188195.0750,2.0000,1000.0000,1399.0000,2000.0000,-167.0000,-105.0000,-47.0000,-38.0000,-204.0000,9261.0000,0.2896,0.5553,-0.1394,-0.7671,135.6100,-12.3700,-96.6900,1.1700,9.9700,16.3700,0.0000,0.0000,-0.0000,1170.0000,1069.0000,1500.0000,1052.0000
188211.7790,2.0000,1828.0000,1487.0000,2000.0000,-156.0000,-103.0000,-47.0000,-256.0000,-167.0000,9176.0000,0.2961,0.5378,-0.1212,-0.7800,135.6600,-12.1600,-96.3500,0.6700,10.0900,16.2100,0.0000,0.0000,-0.0000,1064.0000,1060.0000,1500.0000,1912.0000
188228.6550,2.0000,1906.0000,1496.0000,2000.0000,-154.0000,-102.0000,-43.0000,-428.0000,-348.0000,9041.0000,0.3022,0.5201,-0.1036,-0.7921,135.6600,-12.1600,-96.3500,0.6700,10.0900,16.2100,0.0000,0.0000,-0.0000,1064.0000,1060.0000,1500.0000,1912.0000
188245.4270,2.0000,1906.0000,1496.0000,2000.0000,-152.0000,-99.0000,-39.0000,-482.0000,-557.0000,9114.0000,0.3086,0.5023,-0.0866,-0.8031,135.7000,-11.9400,-96.0300,0.1500,10.2100,16.0000,0.0000,0.0000,-0.0000,1064.0000,1060.0000,1500.0000,1912.0000
188262.2550,2.0000,1906.0000,1496.0000,2000.0000,-158.0000,-85.0000,-29.0000,-140.0000,-574.0000,9375.0000,0.3158,0.4849,-0.0694,-0.8126,135.7300,-11.7200,-95.7000,-0.3400,10.3100,15.7400,0.0000,0.0000,-0.0000,1064.0000,1060.0000,1500.0000,1912.0000
188279.2470,2.0000,1906.0000,1496.0000,2000.0000,-166.0000,-74.0000,-21.0000,425.0000,-634.0000,9468.0000,0.3245,0.4678,-0.0512,-0.8206,135.7500,-11.5100,-95.3900,-0.8300,10.4300,15.4500,0.0000,0.0000,-0.0000,1064.0000,1060.0000,1500.0000,1912.0000
188295.8920,2.0000,1906.0000,1496.0000,2000.0000,-169.0000,-63.0000,-11.0000,709.0000,-635.0000,9204.0000,0.3344,0.4515,-0.0327,-0.8266,135.7600,-11.3000,-95.0800,-1.2700,10.6100,15.1600,0.0000,0.0000,-0.0000,1064.0000,1060.0000,1500.0000,1912.0000
188312.6280,2.0000,1993.0000,1313.0000,2000.0000,-166.0000,-65.0000,-1.0000,720.0000,-754.0000,8796.0000,0.3452,0.4357,-0.0146,-0.8312,135.7600,-11.0800,-94.7800,-1.6900,10.7900,14.9100,0.0000,0.0000,-0.0000,1258.0000,1070.0000,1500.0000,1995.0000
188329.6150,2.0000,1994.0000,1311.0000,2000.0000,-175.0000,-69.0000,11.0000,808.0000,-919.0000,8593.0000,0.3574,0.4190,0.0034,-0.8347,135.7600,-11.0800,-94.7800,-1.6900,10.7900,14.9100,0.0000,0.0000,-0.0000,1258.0000,1070.0000,1500.0000,1995.0000
188346.2230,2.0000,1994.0000,1311.0000,2000.0000,-172.0000,-74.0000,20.0000,630.0000,-794.0000,7955.0000,0.3705,0.4010,0.0200,-0.8376,135.7600,-10.8500,-94.4800,-2.0900,10.9300,14.6700,0.0000,0.0000,-0.0000,1258.0000,1070.0000,1500.0000,1995.0000
188362.8910,2.0000,1994.0000,1311.0000,2000.0000,-158.0000,-88.0000,27.0000,562.0000,-683.0000,7201.0000,0.3839,0.3822,0.0347,-0.8398,135.7700,-10.6200,-94.1900,-2.3600,11.0600,14.4200,0.0000,0.0000,-0.0000,1258.0000,1070.0000,1500.0000,1995.0000
188379.8080,2.0000,1994.0000,1311.0000,2000.0000,-141.0000,-108.0000,30.0000,651.0000,-544.0000,7216.0000,0.3970,0.3612,0.0461,-0.8425,135.7700,-10.4000,-93.9000,-2.4800,11.1500,14.1900,0.0000,0.0000,-0.0000,1258.0000,1070.0000,1500.0000,1995.0000
188396.4450,2.0000,1994.0000,1311.0000,2000.0000,-133.0000,-132.0000,31.0000,769.0000,-362.0000,7655.0000,0.4093,0.3385,0.0547,-0.8455,135.7600,-10.1900,-93.6200,-2.5400,11.2600,13.9400,0.0000,0.0000,-0.0000,1258.0000,1070.0000,1500.0000,1995.0000
188413.2050,2.0000,1997.0000,1092.0000,1930.0000,-128.0000,-147.0000,31.0000,842.0000,-297.0000,8636.0000,0.4211,0.3134,0.0613,-0.8489,135.7500,-9.9600,-93.3500,-2.7600,11.4300,13.6100,0.0000,0.0000,-0.0000,1488.0000,1081.0000,1500.0000,1998.0000
188430.2300,2.0000,1997.0000,1092.0000,1930.0000,-112.0000,-158.0000,28.0000,912.0000,-235.0000,9280.0000,0.4321,0.2866,0.0656,-0.8526,135.7500,-9.9600,-93.3500,-2.7600,11.4300,13.6100,0.0000,0.0000,-0.0000,1488.0000,1081.0000,1500.0000,1998.0000
188446.8980,2.0000,1997.0000,1092.0000,1930.0000,-86.0000,-176.0000,19.0000,831.0000,-370.0000,10422.0000,0.4411,0.2594,0.0664,-0.8566,135.7300,-9.7200,-93.0700,-3.1100,11.6500,13.1800,0.0000,0.0000,-0.0000,1488.0000,1081.0000,1500.0000,1998.0000
188463.7950,2.0000,1997.0000,1092.0000,1930.0000,-67.0000,-180.0000,10.0000,893.0000,-555.0000,11737.0000,0.4479,0.2324,0.0641,-0.8610,135.6900,-9.4700,-92.8100,-3.4500,11.8700,12.6000,0.0000,0.0000,-0.0000,1488.0000,1081.0000,1500.0000,1998.0000
188480.5590,2.0000,1997.0000,1092.0000,1930.0000,-58.0000,-177.0000,4.0000,1002.0000,-668.0000,12751.0000,0.4527,0.2059,0.0601,-0.8655,135.6600,-9.2400,-92.5600,-3.7600,12.0700,11.8600,0.0000,0.0000,-0.0000,1488.0000,1081.0000,1500.0000,1998.0000
188497.3010,2.0000,1997.0000,1092.0000,1930.0000,-57.0000,-169.0000,-1.0000,1240.0000,-617.0000,13177.0000,0.4564,0.1804,0.0562,-0.8695,135.6100,-9.0200,-92.3300,-4.0400,12.2500,11.0000,0.0000,0.0000,-0.0000,1488.0000,1081.0000,1500.0000,1998.0000
188514.1460,2.0000,1997.0000,1127.0000,1965.0000,-62.0000,-158.0000,-5.0000,1411.0000,-505.0000,13397.0000,0.4590,0.1557,0.0529,-0.8731,135.5500,-8.7700,-92.1200,-4.4400,12.4600,10.0700,0.0000,0.0000,-0.0000,1452.0000,1081.0000,1500.0000,1998.0000
188531.2390,2.0000,1997.0000,1128.0000,1966.0000,-57.0000,-136.0000,-10.0000,1329.0000,-355.0000,13125.0000,0.4607,0.1324,0.0509,-0.8762,135.5500,-8.7700,-92.1200,-4.4400,12.4600,10.0700,0.0000,0.0000,-0.0000,1452.0000,1081.0000,1500.0000,1998.0000
188548.1200,2.0000,1997.0000,1128.0000,1966.0000,-59.0000,-111.0000,-17.0000,1080.0000,-462.0000,13142.0000,0.4611,0.1121,0.0504,-0.8788,135.4700,-8.5100,-91.9300,-4.8500,12.6800,9.1000,0.0000,0.0000,-0.0000,1452.0000,1081.0000,1500.0000,1998.0000
188564.9870,2.0000,1997.0000,1128.0000,1966.0000,-60.0000,-86.0000,-23.0000,698.0000,-617.0000,12420.0000,0.4606,0.0954,0.0516,-0.8810,135.3900,-8.2500,-91.7500,-5.1700,12.8100,8.0900,0.0000,0.0000,-0.0000,1452.0000,1081.0000,1500.0000,1998.0000
188581.9330,2.0000,1997.0000,1128.0000,1966.0000,-57.0000,-62.0000,-25.0000,681.0000,-595.0000,11140.0000,0.4588,0.0820,0.0547,-0.8830,135.3000,-8.0100,-91.6000,-5.4000,12.8700,7.1400,0.0000,0.0000,-0.0000,1452.0000,1081.0000,1500.0000,1998.0000
188598.7060,2.0000,1997.0000,1128.0000,1966.0000,-54.0000,-65.0000,-31.0000,853.0000,-450.0000,9839.0000,0.4564,0.0699,0.0581,-0.8851,135.2200,-7.7800,-91.4700,-5.5500,12.8700,6.3300,0.0000,0.0000,-0.0000,1452.0000,1081.0000,1500.0000,1998.0000
188615.3740,2.0000,1997.0000,1135.0000,1973.0000,-53.0000,-71.0000,-35.0000,770.0000,-627.0000,9619.0000,0.4531,0.0572,0.0607,-0.8876,135.1000,-7.5200,-91.3500,-5.8700,12.9900,5.6300,0.0000,0.0000,-0.0000,1444.0000,1081.0000,1500.0000,1998.0000
188632.1370,2.0000,1997.0000,1136.0000,1974.0000,-48.0000,-71.0000,-31.0000,776.0000,-790.0000,9027.0000,0.4497,0.0442,0.0629,-0.8899,135.1000,-7.5200,-91.3500,-5.8700,12.9900,5.6300,0.0000,0.0000,-0.0000,1444.0000,1081.0000,1500.0000,1998.0000
188649.2820,2.0000,1997.0000,1136.0000,1974.0000,-44.0000,-83.0000,-26.0000,748.0000,-858.0000,8599.0000,0.4468,0.0308,0.0639,-0.8918,134.9700,-7.2400,-91.2400,-6.3000,13.1700,4.9700,0.0000,0.0000,-0.0000,1444.0000,1081.0000,1500.0000,1998.0000
188666.0560,2.0000,1997.0000,1136.0000,1974.0000,-39.0000,-101.0000,-19.0000,517.0000,-777.0000,8326.0000,0.4448,0.0157,0.0632,-0.8932,134.8300,-6.9800,-91.1400,-6.6700,13.2900,4.3700,0.0000,0.0000,-0.0000,1444.0000,1081.0000,1500.0000,1998.0000
188683.0640,2.0000,1997.0000,1136.0000,1974.0000,-39.0000,-120.0000,-12.0000,648.0000,-791.0000,8499.0000,0.4437,-0.0016,0.0611,-0.8941,134.7000,-6.7200,-91.0500,-6.9700,13.3600,3.8100,0.0000,0.0000,-0.0000,1444.0000,1081.0000,1500.0000,1998.0000
188699.5650,2.0000,1997.0000,1136.0000,1974.0000,-40.0000,-138.0000,-4.0000,885.0000,-885.0000,9143.0000,0.4436,-0.0209,0.0579,-0.8941,134.5600,-6.4700,-90.9800,-7.2100,13.4200,3.2200,0.0000,0.0000,-0.0000,1444.0000,1081.0000,1500.0000,1998.0000
188716.1640,2.0000,1997.0000,1108.0000,1946.0000,-38.0000,-150.0000,4.0000,1109.0000,-1148.0000,10103.0000,0.4445,-0.0421,0.0536,-0.8932,134.3800,-6.1900,-90.9200,-7.6400,13.5900,2.5400,0.0000,0.0000,-0.0000,1472.0000,1081.0000,1500.0000,1998.0000
188732.9790,2.0000,1997.0000,1108.0000,1946.0000,-43.0000,-161.0000,10.0000,1153.0000,-814.0000,10353.0000,0.4461,-0.0650,0.0488,-0.8913,134.3800,-6.1900,-90.9200,-7.6400,13.5900,2.5400,0.0000,0.0000,-0.0000,1472.0000,1081.0000,1500.0000,1998.0000
188749.8730,2.0000,1997.0000,1108.0000,1946.0000,-45.0000,-162.0000,15.0000,1187.0000,-878.0000,11223.0000,0.4484,-0.0892,0.0441,-0.8883,134.1900,-5.9000,-90.8600,-8.1000,13.8100,1.8000,0.0000,0.0000,-0.0000,1472.0000,1081.0000,1500.0000,1998.0000
188767.1270,2.0000,1997.0000,1108.0000,1946.0000,-41.0000,-157.0000,19.0000,1492.0000,-825.0000,11729.0000,0.4512,-0.1132,0.0392,-0.8843,133.9900,-5.6200,-90.8200,-8.4500,13.9800,0.9900,0.0000,0.0000,-0.0000,1472.0000,1081.0000,1500.0000,1998.0000
188784.0020,2.0000,1997.0000,1108.0000,1946.0000,-44.0000,-150.0000,23.0000,1517.0000,-854.0000,12160.0000,0.4537,-0.1358,0.0349,-0.8800,133.7900,-5.3300,-90.8000,-8.7300,14.1100,0.1000,0.0000,0.0000,-0.0000,1472.0000,1081.0000,1500.0000,1998.0000
188800.7260,2.0000,1997.0000,1108.0000,1946.0000,-47.0000,-144.0000,24.0000,1289.0000,-1016.0000,12626.0000,0.4562,-0.1576,0.0316,-0.8752,133.6000,-5.0600,-90.8000,-8.9300,14.1800,-0.8200,0.0000,0.0000,-0.0000,1472.0000,1081.0000,1500.0000,1998.0000
188817.4680,2.0000,1997.0000,1088.0000,1926.0000,-51.0000,-129.0000,23.0000,1191.0000,-871.0000,12458.0000,0.4585,-0.1782,0.0293,-0.8701,133.3700,-4.7500,-90.8100,-9.1500,14.3300,-1.7700,0.0000,0.0000,-0.0000,1492.0000,1081.0000,1500.0000,1998.0000
188834.2860,2.0000,1997.0000,1088.0000,1926.0000,-50.0000,-103.0000,19.0000,1110.0000,-579.0000,11844.0000,0.4602,-0.1962,0.0287,-0.8654,133.3700,-4.7500,-90.8100,-9.1500,14.3300,-1.7700,0.0000,0.0000,-0.0000,1492.0000,1081.0000,1500.0000,1998.0000
188851.3420,2.0000,1997.0000,1088.0000,1926.0000,-47.0000,-81.0000,12.0000,1012.0000,-498.0000,11015.0000,0.4611,-0.2115,0.0291,-0.8613,133.1200,-4.4300,-90.8300,-9.3800,14.5500,-2.6400,0.0000,0.0000,-0.0000,1492.0000,1081.0000,1500.0000,1998.0000
188868.1690,2.0000,1997.0000,1088.0000,1926.0000,-56.0000,-52.0000,10.0000,1052.0000,-441.0000,10009.0000,0.4611,-0.2231,0.0315,-0.8583,132.8800,-4.1100,-90.8700,-9.5800,14.7600,-3.4300,0.0000,0.0000,-0.0000,1492.0000,1081.0000,1500.0000,1998.0000
188885.0540,2.0000,1997.0000,1088.0000,1926.0000,-54.0000,-44.0000,5.0000,1107.0000,-588.0000,9376.0000,0.4599,-0.2328,0.0356,-0.8561,132.6400,-3.8100,-90.9300,-9.7900,14.9700,-4.1100,0.0000,0.0000,-0.0000,1492.0000,1081.0000,1500.0000,1998.0000
188901.6230,2.0000,1997.0000,1088.0000,1926.0000,-47.0000,-53.0000,-1.0000,1018.0000,-528.0000,8377.0000,0.4584,-0.2421,0.0387,-0.8543,132.4000,-3.5100,-90.9900,-10.0100,15.1500,-4.7000,0.0000,0.0000,-0.0000,1492.0000,1081.0000,1500.0000,1998.0000
188918.4210,2.0000,1995.0000,1254.0000,2000.0000,-44.0000,-56.0000,-5.0000,864.0000,-353.0000,7611.0000,0.4563,-0.2521,0.0407,-0.8524,132.1300,-3.1700,-91.0600,-10.2900,15.3800,-5.1900,0.0000,0.0000,-0.0000,1319.0000,1074.0000,1500.0000,1996.0000
188935.3000,2.0000,1995.0000,1254.0000,2000.0000,-44.0000,-70.0000,-8.0000,735.0000,-390.0000,7247.0000,0.4536,-0.2630,0.0417,-0.8505,132.1300,-3.1700,-91.0600,-10.2900,15.3800,-5.1900,0.0000,0.0000,-0.0000,1319.0000,1074.0000,1500.0000,1996.0000
188952.2060,2.0000,1995.0000,1254.0000,2000.0000,-46.0000,-86.0000,-7.0000,915.0000,-494.0000,7175.0000,0.4510,-0.2758,0.0419,-0.8478,131.8400,-2.8100,-91.1400,-10.5600,15.6200,-5.5900,0.0000,0.0000,-0.0000,1319.0000,1074.0000,1500.0000,1996.0000
188968.9870,2.0000,1995.0000,1254.0000,2000.0000,-60.0000,-94.0000,-2.0000,1138.0000,-642.0000,7489.0000,0.4485,-0.2905,0.0425,-0.8442,131.5600,-2.4700,-91.2300,-10.8000,15.8100,-5.9500,0.0000,0.0000,-0.0000,1319.0000,1074.0000,1500.0000,1996.0000
188985.8400,2.0000,1995.0000,1254.0000,2000.0000,-74.0000,-113.0000,2.0000,1172.0000,-759.0000,7751.0000,0.4457,-0.3077,0.0444,-0.8395,131.2900,-2.1400,-91.3200,-10.9900,15.9700,-6.3500,0.0000,0.0000,-0.0000,1319.0000,1074.0000,1500.0000,1996.0000
189002.9090,2.0000,1995.0000,1254.0000,2000.0000,-76.0000,-128.0000,7.0000,1010.0000,-632.0000,7593.0000,0.4432,-0.3278,0.0460,-0.8331,131.0200,-1.8100,-91.4200,-11.1200,16.0800,-6.7400,0.0000,0.0000,-0.0000,1319.0000,1074.0000,1500.0000,1996.0000
189019.6550,2.0000,1996.0000,1132.0000,1974.0000,-79.0000,-141.0000,12.0000,978.0000,-609.0000,8014.0000,0.4413,-0.3491,0.0471,-0.8253,130.7300,-1.4600,-91.5300,-11.1600,16.1900,-7.1200,0.0000,0.0000,-0.0000,1505.0000,1081.0000,1500.0000,1998.0000
189036.6800,2.0000,1997.0000,1078.0000,1916.0000,-87.0000,-151.0000,17.0000,1151.0000,-784.0000,8773.0000,0.4395,-0.3723,0.0486,-0.8160,130.7300,-1.4600,-91.5300,-11.1600,16.1900,-7.1200,0.0000,0.0000,-0.0000,1505.0000,1081.0000,1500.0000,1998.0000
189053.7190,2.0000,1997.0000,1078.0000,1916.0000,-80.0000,-154.0000,19.0000,1112.0000,-780.0000,9107.0000,0.4382,-0.3961,0.0499,-0.8054,130.4400,-1.0900,-91.6500,-11.0900,16.2500,-7.5300,0.0000,0.0000,-0.0000,1505.0000,1081.0000,1500.0000,1998.0000
189070.8460,2.0000,1997.0000,1078.0000,1916.0000,-61.0000,-160.0000,18.0000,1267.0000,-769.0000,9588.0000,0.4374,-0.4193,0.0492,-0.7940,130.1600,-0.7500,-91.7800,-10.9400,16.2500,-7.9600,0.0000,0.0000,-0.0000,1505.0000,1081.0000,1500.0000,1998.0000
189087.6750,2.0000,1997.0000,1078.0000,1916.0000,-46.0000,-161.0000,16.0000,1449.0000,-690.0000,9947.0000,0.4366,-0.4413,0.0461,-0.7826,129.9000,-0.4200,-91.9100,-10.7300,16.2200,-8.3900,0.0000,0.0000,-0.0000,1505.0000,1081.0000,1500.0000,1998.0000
189104.5390,2.0000,1997.0000,1066.0000,1904.0000,-38.0000,-153.0000,16.0000,1650.0000,-771.0000,10480.0000,0.4363,-0.4621,0.0420,-0.7709,129.6600,-0.1000,-92.0500,-10.4600,16.1500,-8.8200,0.0000,0.0000,-0.0000,1518.0000,1081.0000,1500.0000,1998.0000
189121.2060,2.0000,1997.0000,1065.0000,1903.0000,-35.0000,-150.0000,14.0000,1619.0000,-782.0000,10695.0000,0.4363,-0.4811,0.0375,-0.7595,129.3900,0.2400,-92.2100,-10.1200,16.0800,-9.2800,0.0000,0.0000,-0.0000,1518.0000,1081.0000,1500.0000,1998.0000
189138.1860,2.0000,1997.0000,1065.0000,1903.0000,-33.0000,-135.0000,13.0000,1563.0000,-522.0000,10283.0000,0.4361,-0.4994,0.0330,-0.7479,129.3900,0.2400,-92.2100,-10.1200,16.0800,-9.2800,0.0000,0.0000,-0.0000,1518.0000,1081.0000,1500.0000,1998.0000
189154.8550,2.0000,1997.0000,1065.0000,1903.0000,-30.0000,-128.0000,10.0000,1537.0000,-503.0000,10007.0000,0.4357,-0.5154,0.0289,-0.7373,129.1300,0.5900,-92.3700,-9.7600,15.9900,-9.6800,0.0000,0.0000,-0.0000,1518.0000,1081.0000,1500.0000,1998.0000
189171.9260,2.0000,1997.0000,1065.0000,1903.0000,-30.0000,-114.0000,7.0000,1349.0000,-631.0000,9975.0000,0.4347,-0.5304,0.0251,-0.7274,128.8900,0.9400,-92.5400,-9.4200,15.9000,-10.0100,0.0000,0.0000,-0.0000,1518.0000,1081.0000,1500.0000,1998.0000
189188.6170,2.0000,1997.0000,1065.0000,1903.0000,-31.0000,-96.0000,3.0000,1281.0000,-758.0000,9589.0000,0.4327,-0.5431,0.0226,-0.7192,128.6700,1.2500,-92.7100,-9.1100,15.7600,-10.3000,0.0000,0.0000,-0.0000,1518.0000,1081.0000,1500.0000,1998.0000
189205.3510,2.0000,1997.0000,1122.0000,1960.0000,-23.0000,-81.0000,4.0000,1200.0000,-877.0000,8950.0000,0.4306,-0.5538,0.0208,-0.7123,128.4500,1.5600,-92.8900,-8.8300,15.6100,-10.5600,0.0000,0.0000,-0.0000,1457.0000,1081.0000,1500.0000,1998.0000
189222.3820,2.0000,1997.0000,1123.0000,1961.0000,-24.0000,-68.0000,2.0000,1144.0000,-789.0000,8121.0000,0.4287,-0.5630,0.0191,-0.7063,128.2100,1.9000,-93.0700,-8.6500,15.5100,-10.7600,0.0000,0.0000,-0.0000,1457.0000,1081.0000,1500.0000,1998.0000
189239.1780,2.0000,1997.0000,1123.0000,1961.0000,-24.0000,-61.0000,0.0000,1309.0000,-555.0000,7232.0000,0.4266,-0.5710,0.0183,-0.7012,128.2100,1.9000,-93.0700,-8.6500,15.5100,-10.7600,0.0000,0.0000,-0.0000,1457.0000,1081.0000,1500.0000,1998.0000
189256.2150,2.0000,1997.0000,1123.0000,1961.0000,-29.0000,-57.0000,-1.0000,1086.0000,-638.0000,6868.0000,0.4241,-0.5788,0.0175,-0.6963,127.9800,2.2400,-93.2600,-8.5500,15.4900,-10.8900,0.0000,0.0000,-0.0000,1457.0000,1081.0000,1500.0000,1998.0000
189273.3230,2.0000,1997.0000,1123.0000,1961.0000,-41.0000,-49.0000,0.0000,926.0000,-737.0000,6311.0000,0.4209,-0.5862,0.0179,-0.6920,127.7500,2.5700,-93.4400,-8.5200,15.4800,-10.9700,0.0000,0.0000,-0.0000,1457.0000,1081.0000,1500.0000,1998.0000
189290.2950,2.0000,1997.0000,1123.0000,1961.0000,-45.0000,-57.0000,3.0000,950.0000,-709.0000,5632.0000,0.4167,-0.5945,0.0195,-0.6874,127.5200,2.8900,-93.6100,-8.5600,15.4800,-11.0100,0.0000,0.0000,-0.0000,1457.0000,1081.0000,1500.0000,1998.0000
189307.1650,2.0000,1997.0000,1106.0000,1944.0000,-43.0000,-72.0000,2.0000,1132.0000,-594.0000,5028.0000,0.4128,-0.6034,0.0210,-0.6819,127.3100,3.1900,-93.7800,-8.6500,15.5100,-11.0300,0.0000,0.0000,-0.0000,1491.0000,1081.0000,1500.0000,1998.0000
189324.1040,2.0000,1997.0000,1089.0000,1927.0000,-40.0000,-81.0000,4.0000,1330.0000,-440.0000,4846.0000,0.4095,-0.6135,0.0209,-0.6749,127.0700,3.5200,-93.9600,-8.5700,15.4900,-11.0100,0.0000,0.0000,-0.0000,1491.0000,1081.0000,1500.0000,1998.0000
189340.9890,2.0000,1997.0000,1089.0000,1927.0000,-38.0000,-96.0000,5.0000,1451.0000,-509.0000,5082.0000,0.4063,-0.6246,0.0200,-0.6666,127.0700,3.5200,-93.9600,-8.5700,15.4900,-11.0100,0.0000,0.0000,-0.0000,1491.0000,1081.0000,1500.0000,1998.0000
189358.3060,2.0000,1997.0000,1089.0000,1927.0000,-33.0000,-118.0000,6.0000,1439.0000,-558.0000,5275.0000,0.4035,-0.6373,0.0180,-0.6563,126.8400,3.8500,-94.1400,-8.4100,15.4300,-10.9900,0.0000,0.0000,-0.0000,1491.0000,1081.0000,1500.0000,1998.0000
189375.4070,2.0000,1997.0000,1089.0000,1927.0000,-30.0000,-133.0000,9.0000,1330.0000,-653.0000,5600.0000,0.4011,-0.6515,0.0146,-0.6438,126.6300,4.1700,-94.3200,-8.2300,15.3500,-10.9500,0.0000,0.0000,-0.0000,1491.0000,1081.0000,1500.0000,1998.0000
189392.1410,2.0000,1997.0000,1089.0000,1927.0000,-30.0000,-145.0000,11.0000,1600.0000,-840.0000,6377.0000,0.3988,-0.6662,0.0108,-0.6302,126.4200,4.4700,-94.5000,-8.0400,15.2100,-10.9000,0.0000,0.0000,-0.0000,1491.0000,1081.0000,1500.0000,1998.0000
189408.9200,2.0000,1997.0000,1117.0000,1955.0000,-28.0000,-158.0000,12.0000,1579.0000,-732.0000,6623.0000,0.3966,-0.6817,0.0063,-0.6148,126.2400,4.7500,-94.6700,-7.7800,15.0300,-10.8600,0.0000,0.0000,-0.0000,1462.0000,1081.0000,1500.0000,1998.0000
189425.5470,2.0000,1997.0000,1118.0000,1956.0000,-28.0000,-160.0000,14.0000,1698.0000,-609.0000,7075.0000,0.3946,-0.6975,0.0012,-0.5981,126.0500,5.0500,-94.8600,-7.2300,14.6700,-10.7900,0.0000,0.0000,-0.0000,1462.0000,1081.0000,1500.0000,1998.0000
189442.6220,2.0000,1997.0000,1118.0000,1956.0000,-28.0000,-159.0000,16.0000,2170.0000,-467.0000,7600.0000,0.3926,-0.7131,-0.0037,-0.5807,126.0500,5.0500,-94.8600,-7.2300,14.6700,-10.7900,0.0000,0.0000,-0.0000,1462.0000,1081.0000,1500.0000,1998.0000
189459.3710,2.0000,1997.0000,1118.0000,1956.0000,-29.0000,-160.0000,16.0000,1976.0000,-503.0000,7791.0000,0.3906,-0.7282,-0.0085,-0.5631,125.8800,5.3400,-95.0400,-6.5800,14.2900,-10.7300,0.0000,0.0000,-0.0000,1462.0000,1081.0000,1500.0000,1998.0000
189476.4360,2.0000,1997.0000,1118.0000,1956.0000,-30.0000,-153.0000,18.0000,1631.0000,-407.0000,7579.0000,0.3881,-0.7430,-0.0128,-0.5451,125.7400,5.6100,-95.2300,-5.9600,13.9000,-10.6300,0.0000,0.0000,-0.0000,1462.0000,1081.0000,1500.0000,1998.0000
189493.6420,2.0000,1997.0000,1118.0000,1956.0000,-31.0000,-148.0000,22.0000,1833.0000,-658.0000,8119.0000,0.3852,-0.7570,-0.0160,-0.5275,125.6100,5.8500,-95.4000,-5.4100,13.5100,-10.4600,0.0000,0.0000,-0.0000,1462.0000,1081.0000,1500.0000,1998.0000
189510.3720,2.0000,1997.0000,1060.0000,1898.0000,-34.0000,-140.0000,21.0000,1683.0000,-812.0000,8271.0000,0.3824,-0.7698,-0.0186,-0.5107,125.5000,6.0700,-95.5700,-4.8900,13.1100,-10.2800,0.0000,0.0000,-0.0000,1524.0000,1081.0000,1500.0000,1998.0000
189527.2060,2.0000,1997.0000,1059.0000,1897.0000,-39.0000,-124.0000,22.0000,1421.0000,-740.0000,7956.0000,0.3791,-0.7814,-0.0202,-0.4953,125.4000,6.3100,-95.7500,-4.2500,12.6100,-10.0600,0.0000,0.0000,-0.0000,1524.0000,1081.0000,1500.0000,1998.0000
189544.0240,2.0000,1997.0000,1059.0000,1897.0000,-40.0000,-105.0000,25.0000,1371.0000,-692.0000,7402.0000,0.3755,-0.7920,-0.0206,-0.4810,125.4000,6.3100,-95.7500,-4.2500,12.6100,-10.0600,0.0000,0.0000,-0.0000,1524.0000,1081.0000,1500.0000,1998.0000
189561.0090,2.0000,1997.0000,1059.0000,1897.0000,-42.0000,-97.0000,26.0000,1397.0000,-722.0000,6889.0000,0.3719,-0.8015,-0.0200,-0.4678,125.3200,6.5400,-95.9400,-3.6900,12.1500,-9.8100,0.0000,0.0000,-0.0000,1524.0000,1081.0000,1500.0000,1998.0000
189578.0600,2.0000,1997.0000,1059.0000,1897.0000,-38.0000,-72.0000,29.0000,1489.0000,-351.0000,5915.0000,0.3686,-0.8092,-0.0177,-0.4571,125.2500,6.7400,-96.1100,-3.2100,11.7600,-9.5600,0.0000,0.0000,-0.0000,1524.0000,1081.0000,1500.0000,1998.0000
189594.9770,2.0000,1997.0000,1059.0000,1897.0000,-35.0000,-61.0000,29.0000,1587.0000,-267.0000,5427.0000,0.3658,-0.8157,-0.0147,-0.4479,125.1900,6.9300,-96.2800,-2.8500,11.4800,-9.2900,0.0000,0.0000,-0.0000,1524.0000,1081.0000,1500.0000,1998.0000
189611.7040,2.0000,1997.0000,1117.0000,1955.0000,-30.0000,-57.0000,27.0000,1662.0000,-586.0000,5233.0000,0.3633,-0.8213,-0.0117,-0.4396,125.1400,7.1100,-96.4400,-2.5500,11.2600,-9.0400,0.0000,0.0000,-0.0000,1462.0000,1081.0000,1500.0000,1998.0000
189628.8060,2.0000,1997.0000,1118.0000,1956.0000,-22.0000,-59.0000,24.0000,1599.0000,-835.0000,4929.0000,0.3612,-0.8265,-0.0091,-0.4318,125.1000,7.3000,-96.6200,-2.1600,10.9500,-8.8100,0.0000,0.0000,-0.0000,1462.0000,1081.0000,1500.0000,1998.0000
189645.8710,2.0000,1997.0000,1118.0000,1956.0000,-24.0000,-67.0000,22.0000,1169.0000,-524.0000,3728.0000,0.3596,-0.8317,-0.0077,-0.4230,125.0700,7.4800,-96.7900,-1.8500,10.6800,-8.6000,0.0000,0.0000,-0.0000,1462.0000,1081.0000,1500.0000,1998.0000
189662.9940,2.0000,1997.0000,1118.0000,1956.0000,-31.0000,-76.0000,21.0000,1571.0000,-282.0000,3352.0000,0.3572,-0.8374,-0.0061,-0.4138,125.0700,7.4800,-96.7900,-1.8500,10.6800,-8.6000,0.0000,0.0000,-0.0000,1462.0000,1081.0000,1500.0000,1998.0000
189680.2620,2.0000,1997.0000,1118.0000,1956.0000,-37.0000,-87.0000,19.0000,1480.0000,-134.0000,2948.0000,0.3535,-0.8442,-0.0047,-0.4030,125.0500,7.6500,-96.9600,-1.6200,10.5100,-8.3800,0.0000,0.0000,-0.0000,1462.0000,1081.0000,1500.0000,1998.0000
189697.0220,2.0000,1997.0000,1118.0000,1956.0000,-36.0000,-108.0000,18.0000,1463.0000,-194.0000,3029.0000,0.3495,-0.8517,-0.0044,-0.3903,125.0300,7.8000,-97.1300,-1.4300,10.3800,-8.1700,0.0000,0.0000,-0.0000,1462.0000,1081.0000,1500.0000,1998.0000
189714.1040,2.0000,1997.0000,1040.0000,1878.0000,-37.0000,-136.0000,14.0000,1456.0000,-436.0000,3518.0000,0.3454,-0.8607,-0.0061,-0.3740,125.0100,7.9500,-97.2800,-1.2600,10.2500,-7.9500,0.0000,0.0000,-0.0000,1543.0000,1081.0000,1500.0000,1998.0000
189731.0490,2.0000,1997.0000,1040.0000,1878.0000,-30.0000,-152.0000,9.0000,1701.0000,-131.0000,3676.0000,0.3416,-0.8703,-0.0104,-0.3545,125.0200,8.1000,-97.4600,-0.8200,9.8100,-7.7100,0.0000,0.0000,-0.0000,1543.0000,1081.0000,1500.0000,1998.0000
189747.8170,2.0000,1997.0000,1040.0000,1878.0000,-25.0000,-173.0000,5.0000,1657.0000,-171.0000,4208.0000,0.3383,-0.8798,-0.0162,-0.3337,125.0300,8.2400,-97.6300,-0.3600,9.3700,-7.4400,0.0000,0.0000,-0.0000,1543.0000,1081.0000,1500.0000,1998.0000
189764.7450,2.0000,1997.0000,1040.0000,1878.0000,-22.0000,-188.0000,2.0000,1660.0000,-454.0000,4945.0000,0.3350,-0.8895,-0.0240,-0.3097,125.0300,8.2400,-97.6300,-0.3600,9.3700,-7.4400,0.0000,0.0000,-0.0000,1543.0000,1081.0000,1500.0000,1998.0000
189781.7120,2.0000,1997.0000,1040.0000,1878.0000,-20.0000,-194.0000,1.0000,1846.0000,-256.0000,5336.0000,0.3312,-0.8991,-0.0319,-0.2845,125.0500,8.3800,-97.7900,0.0600,8.9100,-7.1000,0.0000,0.0000,-0.0000,1543.0000,1081.0000,1500.0000,1998.0000
189798.4920,2.0000,1997.0000,1040.0000,1878.0000,-21.0000,-197.0000,0.0000,1929.0000,-461.0000,6034.0000,0.3274,-0.9079,-0.0404,-0.2586,125.0700,8.4900,-97.9400,0.4700,8.4600,-6.7100,0.0000,0.0000,-0.0000,1543.0000,1081.0000,1500.0000,1998.0000
189815.5940,2.0000,1997.0000,1041.0000,1879.0000,-21.0000,-198.0000,-2.0000,2043.0000,-627.0000,6554.0000,0.3232,-0.9162,-0.0494,-0.2317,125.1100,8.6000,-98.0800,0.8600,7.9900,-6.2500,0.0000,0.0000,-0.0000,1542.0000,1081.0000,1500.0000,1998.0000
189832.3210,2.0000,1997.0000,1041.0000,1879.0000,-17.0000,-201.0000,-5.0000,1884.0000,-571.0000,6961.0000,0.3190,-0.9234,-0.0591,-0.2052,125.1600,8.7000,-98.2300,1.4400,7.2900,-5.7400,0.0000,0.0000,-0.0000,1542.0000,1081.0000,1500.0000,1998.0000
189848.9980,2.0000,1997.0000,1041.0000,1879.0000,-15.0000,-186.0000,-4.0000,2026.0000,-599.0000,7313.0000,0.3151,-0.9295,-0.0688,-0.1792,125.2300,8.7900,-98.3700,1.9600,6.5800,-5.1700,0.0000,0.0000,-0.0000,1542.0000,1081.0000,1500.0000,1998.0000
189865.6950,2.0000,1997.0000,1041.0000,1879.0000,-11.0000,-173.0000,-2.0000,2184.0000,-534.0000,7441.0000,0.3114,-0.9344,-0.0777,-0.1548,125.2300,8.7900,-98.3700,1.9600,6.5800,-5.1700,0.0000,0.0000,-0.0000,1542.0000,1081.0000,1500.0000,1998.0000
189882.7830,2.0000,1997.0000,1041.0000,1879.0000,-9.0000,-151.0000,1.0000,2076.0000,-667.0000,7312.0000,0.3079,-0.9383,-0.0853,-0.1322,125.3100,8.8600,-98.4900,2.4200,5.9300,-4.5700,0.0000,0.0000,-0.0000,1542.0000,1081.0000,1500.0000,1998.0000
189899.3930,2.0000,1997.0000,1041.0000,1879.0000,-3.0000,-130.0000,4.0000,1749.0000,-463.0000,6618.0000,0.3055,-0.9410,-0.0913,-0.1131,125.3900,8.9100,-98.6000,2.8100,5.3200,-3.9500,0.0000,0.0000,-0.0000,1542.0000,1081.0000,1500.0000,1998.0000
189916.2690,2.0000,1997.0000,1100.0000,1938.0000,0.0000,-114.0000,5.0000,1384.0000,-555.0000,6288.0000,0.3038,-0.9430,-0.0963,-0.0961,125.4700,8.9500,-98.7000,3.0800,4.8000,-3.3600,0.0000,0.0000,-0.0000,1480.0000,1081.0000,1500.0000,1998.0000
189933.0120,2.0000,1997.0000,1100.0000,1938.0000,2.0000,-100.0000,8.0000,1548.0000,-595.0000,5887.0000,0.3025,-0.9443,-0.1004,-0.0813,125.5500,8.9800,-98.7800,3.2800,4.3600,-2.7900,0.0000,0.0000,-0.0000,1480.0000,1081.0000,1500.0000,1998.0000
189949.7680,2.0000,1997.0000,1100.0000,1938.0000,7.0000,-84.0000,14.0000,1603.0000,-637.0000,5441.0000,0.3017,-0.9453,-0.1034,-0.0679,125.5500,8.9800,-98.7800,3.2800,4.3600,-2.7900,0.0000,0.0000,-0.0000,1480.0000,1081.0000,1500.0000,1998.0000
189967.0130,2.0000,1997.0000,1100.0000,1938.0000,3.0000,-70.0000,19.0000,1732.0000,-601.0000,5246.0000,0.3013,-0.9461,-0.1052,-0.0558,125.6400,9.0000,-98.8500,3.4300,3.9700,-2.2600,0.0000,0.0000,-0.0000,1480.0000,1081.0000,1500.0000,1998.0000
189984.1390,2.0000,1997.0000,1100.0000,1938.0000,-8.0000,-60.0000,22.0000,1421.0000,-592.0000,4521.0000,0.3000,-0.9470,-0.1055,-0.0456,125.7200,9.0100,-98.9100,3.5600,3.6400,-1.7600,0.0000,0.0000,-0.0000,1480.0000,1081.0000,1500.0000,1998.0000
190001.0940,2.0000,1997.0000,1733.0000,1123.0000,-12.0000,-62.0000,23.0000,1644.0000,-560.0000,4138.0000,0.2978,-0.9481,-0.1050,-0.0365,125.8000,9.0100,-98.9600,3.6400,3.3900,-1.3100,0.0000,0.0000,-0.0000,1584.0000,1878.0000,1500.0000,1999.0000
190018.0920,2.0000,1998.0000,1795.0000,1041.0000,-14.0000,-71.0000,25.0000,1787.0000,-766.0000,3909.0000,0.2950,-0.9494,-0.1048,-0.0262,125.8800,9.0100,-99.0000,3.7200,3.1900,-0.8900,0.0000,0.0000,-0.0000,1584.0000,1878.0000,1500.0000,1999.0000
190034.9780,2.0000,1998.0000,1795.0000,1041.0000,-20.0000,-76.0000,24.0000,1748.0000,-853.0000,3714.0000,0.2915,-0.9507,-0.1050,-0.0151,125.9600,9.0000,-99.0400,3.7800,3.0000,-0.5000,0.0000,0.0000,-0.0000,1584.0000,1878.0000,1500.0000,1999.0000
190051.9360,2.0000,1998.0000,1795.0000,1041.0000,-18.0000,-79.0000,23.0000,1605.0000,-612.0000,3570.0000,0.2877,-0.9519,-0.1054,-0.0038,126.0300,8.9800,-99.0600,3.8200,2.8500,-0.1200,0.0000,0.0000,-0.0000,1584.0000,1878.0000,1500.0000,1999.0000
190069.1380,2.0000,1998.0000,1795.0000,1041.0000,-15.0000,-72.0000,22.0000,1716.0000,-460.0000,3975.0000,0.2840,-0.9529,-0.1059,0.0082,126.0300,8.9800,-99.0600,3.8200,2.8500,-0.1200,0.0000,0.0000,-0.0000,1584.0000,1878.0000,1500.0000,1999.0000
190086.2120,2.0000,1998.0000,1795.0000,1041.0000,-10.0000,-44.0000,23.0000,2069.0000,-403.0000,4679.0000,0.2811,-0.9537,-0.1056,0.0176,126.1100,8.9700,-99.0800,3.8500,2.7300,0.2900,0.0000,0.0000,-0.0000,1584.0000,1878.0000,1500.0000,1999.0000
190103.3190,2.0000,1998.0000,1795.0000,1041.0000,6.0000,4.0000,27.0000,1945.0000,-636.0000,5484.0000,0.2804,-0.9541,-0.1031,0.0213,126.1700,8.9500,-99.0900,3.8900,2.5800,0.7900,0.0000,0.0000,-0.0000,1584.0000,1878.0000,1500.0000,1999.0000
190120.0480,2.0000,1997.0000,1689.0000,1000.0000,33.0000,73.0000,30.0000,1398.0000,-604.0000,5045.0000,0.2836,-0.9538,-0.0980,0.0176,126.2400,8.9300,-99.0800,3.8900,2.4200,1.3100,0.0000,0.0000,-0.0000,1698.0000,1886.0000,1500.0000,1998.0000
190136.7880,2.0000,1997.0000,1689.0000,1000.0000,64.0000,119.0000,33.0000,1575.0000,-520.0000,3597.0000,0.2916,-0.9523,-0.0901,0.0065,126.3000,8.9000,-99.0800,3.8500,2.3200,1.7600,0.0000,0.0000,-0.0000,1698.0000,1886.0000,1500.0000,1998.0000
190153.3800,2.0000,1997.0000,1689.0000,1000.0000,95.0000,191.0000,38.0000,1839.0000,-469.0000,1371.0000,0.3048,-0.9491,-0.0790,-0.0126,126.3500,8.8600,-99.0700,3.8500,2.3700,2.0100,0.0000,0.0000,-0.0000,1698.0000,1886.0000,1500.0000,1998.0000
190170.2570,2.0000,1997.0000,1689.0000,1000.0000,125.0000,237.0000,42.0000,1999.0000,-212.0000,-1465.0000,0.3226,-0.9435,-0.0646,-0.0395,126.3500,8.8600,-99.0700,3.8500,2.3700,2.0100,0.0000,0.0000,-0.0000,1698.0000,1886.0000,1500.0000,1998.0000
190187.2300,2.0000,1997.0000,1689.0000,1000.0000,147.0000,254.0000,43.0000,1653.0000,-138.0000,-4382.0000,0.3440,-0.9351,-0.0482,-0.0705,126.4000,8.8200,-99.0600,3.8700,2.6000,1.9300,0.0000,0.0000,-0.0000,1698.0000,1886.0000,1500.0000,1998.0000
190204.0510,2.0000,1997.0000,1689.0000,1000.0000,154.0000,246.0000,43.0000,1533.0000,63.0000,-7140.0000,0.3667,-0.9242,-0.0318,-0.1018,126.4400,8.8000,-99.0700,3.8400,3.0300,1.5200,0.0000,0.0000,-0.0000,1698.0000,1886.0000,1500.0000,1998.0000
190221.1730,2.0000,1979.0000,2000.0000,1839.0000,154.0000,195.0000,40.0000,1803.0000,143.0000,-8705.0000,0.3897,-0.9117,-0.0171,-0.1291,126.4800,8.7800,-99.1100,3.7300,3.6500,0.6600,0.0000,0.0000,-0.0000,1056.0000,1607.0000,1500.0000,1981.0000
190237.9360,2.0000,1979.0000,2000.0000,1839.0000,154.0000,147.0000,36.0000,1751.0000,33.0000,-8631.0000,0.4114,-0.8992,-0.0061,-0.1488,126.5200,8.7800,-99.2000,3.5700,4.3300,-0.2200,0.0000,0.0000,-0.0000,1056.0000,1607.0000,1500.0000,1981.0000
190254.9440,2.0000,1979.0000,2000.0000,1839.0000,150.0000,82.0000,29.0000,1647.0000,-240.0000,-7766.0000,0.4327,-0.8869,0.0009,-0.1615,126.5500,8.7900,-99.3200,3.4000,4.9200,-0.8800,0.0000,0.0000,-0.0000,1056.0000,1607.0000,1500.0000,1981.0000
190271.9620,2.0000,1979.0000,2000.0000,1839.0000,101.0000,43.0000,23.0000,1659.0000,-77.0000,-7097.0000,0.4505,-0.8769,0.0042,-0.1677,126.5500,8.7900,-99.3200,3.4000,4.9200,-0.8800,0.0000,0.0000,-0.0000,1056.0000,1607.0000,1500.0000,1981.0000
190288.7710,2.0000,1979.0000,2000.0000,1839.0000,19.0000,6.0000,17.0000,1855.0000,75.0000,-6473.0000,0.4588,-0.8724,0.0053,-0.1686,126.5800,8.8300,-99.4500,3.2500,5.3900,-1.4200,0.0000,0.0000,-0.0000,1056.0000,1607.0000,1500.0000,1981.0000
190305.7870,2.0000,1997.0000,1126.0000,1962.0000,-48.0000,-49.0000,16.0000,1887.0000,24.0000,-5865.0000,0.4575,-0.8739,0.0050,-0.1640,126.6100,8.8700,-99.6000,3.1600,5.8000,-1.8500,0.0000,0.0000,-0.0000,1455.0000,1081.0000,1500.0000,1998.0000
190322.4700,2.0000,1997.0000,1125.0000,1963.0000,-135.0000,-87.0000,15.0000,1520.0000,-460.0000,-5059.0000,0.4464,-0.8816,0.0031,-0.1534,126.6400,8.9200,-99.7400,3.1100,6.1100,-2.1300,0.0000,0.0000,-0.0000,1455.0000,1081.0000,1500.0000,1998.0000
190339.3810,2.0000,1997.0000,1125.0000,1963.0000,-202.0000,-137.0000,22.0000,1423.0000,-554.0000,-4512.0000,0.4245,-0.8950,0.0005,-0.1368,126.8600,8.9400,-99.9200,3.8900,5.3200,-2.3900,0.0000,0.0000,-0.0000,1455.0000,1081.0000,1500.0000,1998.0000
190356.3070,2.0000,1997.0000,1125.0000,1963.0000,-252.0000,-175.0000,27.0000,1427.0000,-617.0000,-3252.0000,0.3943,-0.9119,-0.0031,-0.1137,127.0800,8.9400,-100.1000,4.6200,4.5100,-2.6200,0.0000,0.0000,-0.0000,1455.0000,1081.0000,1500.0000,1998.0000
190373.3930,2.0000,1997.0000,1125.0000,1963.0000,-267.0000,-203.0000,30.0000,1353.0000,-851.0000,-1750.0000,0.3588,-0.9295,-0.0076,-0.0854,127.0800,8.9400,-100.1000,4.6200,4.5100,-2.6200,0.0000,0.0000,-0.0000,1455.0000,1081.0000,1500.0000,1998.0000
190390.3510,2.0000,1997.0000,1125.0000,1963.0000,-250.0000,-222.0000,31.0000,1572.0000,-718.0000,-514.0000,0.3229,-0.9448,-0.0127,-0.0545,127.3200,8.9200,-100.2900,5.3700,3.5300,-2.6700,0.0000,0.0000,-0.0000,1455.0000,1081.0000,1500.0000,1998.0000
190407.1820,2.0000,1997.0000,1475.0000,1000.0000,-203.0000,-247.0000,25.0000,1745.0000,-799.0000,1114.0000,0.2909,-0.9563,-0.0195,-0.0206,127.5800,8.8700,-100.4800,6.1200,2.4900,-2.5700,0.0000,0.0000,-0.0000,1984.0000,1961.0000,1500.0000,1999.0000
190423.8530,2.0000,1998.0000,1477.0000,1000.0000,-157.0000,-263.0000,15.0000,1263.0000,-544.0000,2292.0000,0.2650,-0.9637,-0.0285,0.0161,127.8300,8.8100,-100.6500,6.8100,1.4500,-2.2300,0.0000,0.0000,-0.0000,1984.0000,1961.0000,1500.0000,1999.0000
190440.6700,2.0000,1998.0000,1477.0000,1000.0000,-128.0000,-260.0000,7.0000,1372.0000,-386.0000,4231.0000,0.2435,-0.9676,-0.0391,0.0536,128.1500,8.7000,-100.8100,7.5100,0.5600,-1.6600,0.0000,0.0000,-0.0000,1984.0000,1961.0000,1500.0000,1999.0000
190457.6020,2.0000,1998.0000,1477.0000,1000.0000,-101.0000,-246.0000,3.0000,1652.0000,-617.0000,6317.0000,0.2255,-0.9688,-0.0500,0.0895,128.4700,8.5800,-100.9300,8.0900,-0.3200,-0.8400,0.0000,0.0000,-0.0000,1984.0000,1961.0000,1500.0000,1999.0000
190474.5280,2.0000,1998.0000,1477.0000,1000.0000,-72.0000,-217.0000,2.0000,2064.0000,-899.0000,7952.0000,0.2109,-0.9680,-0.0596,0.1222,128.4700,8.5800,-100.9300,8.0900,-0.3200,-0.8400,0.0000,0.0000,-0.0000,1984.0000,1961.0000,1500.0000,1999.0000
190491.2750,2.0000,1998.0000,1477.0000,1000.0000,-21.0000,-168.0000,2.0000,2425.0000,-864.0000,8802.0000,0.2023,-0.9656,-0.0667,0.1493,128.7800,8.4600,-101.0100,8.5000,-1.1800,0.1100,0.0000,0.0000,-0.0000,1984.0000,1961.0000,1500.0000,1999.0000
190508.3550,2.0000,1998.0000,1518.0000,1000.0000,52.0000,-113.0000,7.0000,2335.0000,-1078.0000,9315.0000,0.2026,-0.9618,-0.0707,0.1702,129.0600,8.3300,-101.0600,8.7900,-1.9500,1.1600,0.0000,0.0000,-0.0000,1880.0000,1898.0000,1500.0000,1999.0000
190525.1990,2.0000,1998.0000,1518.0000,1000.0000,127.0000,-45.0000,15.0000,1897.0000,-966.0000,8871.0000,0.2142,-0.9571,-0.0697,0.1825,129.3300,8.2000,-101.0700,8.9600,-2.6300,2.2000,0.0000,0.0000,-0.0000,1880.0000,1898.0000,1500.0000,1999.0000
190542.2070,2.0000,1998.0000,1518.0000,1000.0000,192.0000,17.0000,23.0000,1548.0000,-895.0000,7710.0000,0.2362,-0.9516,-0.0633,0.1863,129.6300,8.0700,-101.0600,9.1600,-3.1500,3.1400,0.0000,0.0000,-0.0000,1880.0000,1898.0000,1500.0000,1999.0000
190559.4720,2.0000,1998.0000,1518.0000,1000.0000,242.0000,66.0000,34.0000,1473.0000,-852.0000,5963.0000,0.2668,-0.9447,-0.0519,0.1833,129.9200,7.9300,-101.0300,9.3500,-3.5700,3.9000,0.0000,0.0000,-0.0000,1880.0000,1898.0000,1500.0000,1999.0000
190576.5120,2.0000,1998.0000,1518.0000,1000.0000,279.0000,112.0000,42.0000,1312.0000,-575.0000,3498.0000,0.3029,-0.9362,-0.0363,0.1744,129.9200,7.9300,-101.0300,9.3500,-3.5700,3.9000,0.0000,0.0000,-0.0000,1880.0000,1898.0000,1500.0000,1999.0000
190593.2500,2.0000,1998.0000,1518.0000,1000.0000,315.0000,163.0000,48.0000,1591.0000,-450.0000,1324.0000,0.3426,-0.9259,-0.0166,0.1585,130.2100,7.7800,-100.9900,9.6300,-3.8600,4.4200,0.0000,0.0000,-0.0000,1880.0000,1898.0000,1500.0000,1999.0000
190610.2240,2.0000,1992.0000,2000.0000,1250.0000,336.0000,202.0000,50.0000,1670.0000,-223.0000,-1182.0000,0.3860,-0.9123,0.0067,0.1364,130.5100,7.6300,-100.9500,10.0100,-3.9600,4.7100,0.0000,0.0000,-0.0000,1292.0000,1958.0000,1500.0000,1993.0000
190627.0070,2.0000,1992.0000,2000.0000,1250.0000,328.0000,225.0000,51.0000,1381.0000,72.0000,-4032.0000,0.4286,-0.8961,0.0315,0.1106,130.8100,7.4900,-100.9000,10.4400,-3.8300,4.7800,0.0000,0.0000,-0.0000,1292.0000,1958.0000,1500.0000,1993.0000
190643.5250,2.0000,1992.0000,2000.0000,1250.0000,272.0000,221.0000,52.0000,1490.0000,210.0000,-6431.0000,0.4650,-0.8796,0.0564,0.0835,131.1600,7.3600,-100.8600,10.8600,-3.4000,4.4800,0.0000,0.0000,-0.0000,1292.0000,1958.0000,1500.0000,1993.0000
190660.2750,2.0000,1992.0000,2000.0000,1250.0000,189.0000,198.0000,52.0000,1340.0000,263.0000,-7810.0000,0.4920,-0.8650,0.0795,0.0585,131.4900,7.2400,-100.8500,11.1900,-2.7800,4.0100,0.0000,0.0000,-0.0000,1292.0000,1958.0000,1500.0000,1993.0000
190677.3230,2.0000,1992.0000,2000.0000,1250.0000,106.0000,155.0000,51.0000,1304.0000,-1.0000,-7946.0000,0.5079,-0.8548,0.0994,0.0383,131.4900,7.2400,-100.8500,11.1900,-2.7800,4.0100,0.0000,0.0000,-0.0000,1292.0000,1958.0000,1500.0000,1993.0000
190693.8240,2.0000,1992.0000,2000.0000,1250.0000,46.0000,116.0000,48.0000,1276.0000,-327.0000,-7193.0000,0.5147,-0.8493,0.1149,0.0247,131.8100,7.1500,-100.8600,11.3900,-2.1400,3.4400,0.0000,0.0000,-0.0000,1292.0000,1958.0000,1500.0000,1993.0000
190710.7120,2.0000,1998.0000,1528.0000,1000.0000,6.0000,89.0000,43.0000,981.0000,-258.0000,-6810.0000,0.5156,-0.8471,0.1275,0.0155,132.1000,7.0800,-100.8800,11.5200,-1.6100,3.0100,0.0000,0.0000,-0.0000,1872.0000,1899.0000,1500.0000,1999.0000
190727.3490,2.0000,1998.0000,1527.0000,1000.0000,-20.0000,38.0000,39.0000,949.0000,-538.0000,-6390.0000,0.5134,-0.8472,0.1360,0.0118,132.3900,7.0200,-100.9200,11.5600,-1.1600,2.6800,0.0000,0.0000,-0.0000,1872.0000,1899.0000,1500.0000,1999.0000
190744.0200,2.0000,1998.0000,1527.0000,1000.0000,-14.0000,8.0000,34.0000,977.0000,-649.0000,-5665.0000,0.5103,-0.8482,0.1411,0.0127,132.6900,6.9800,-100.9500,11.5800,-0.7900,2.3900,0.0000,0.0000,-0.0000,1872.0000,1899.0000,1500.0000,1999.0000
190761.1350,2.0000,1998.0000,1527.0000,1000.0000,40.0000,-7.0000,34.0000,1126.0000,-756.0000,-5011.0000,0.5121,-0.8466,0.1443,0.0155,132.9800,6.9500,-101.0000,11.6000,-0.5300,2.1500,0.0000,0.0000,-0.0000,1872.0000,1899.0000,1500.0000,1999.0000
190777.8790,2.0000,1998.0000,1527.0000,1000.0000,83.0000,-24.0000,31.0000,1011.0000,-365.0000,-5165.0000,0.5201,-0.8413,0.1459,0.0196,132.9800,6.9500,-101.0000,11.6000,-0.5300,2.1500,0.0000,0.0000,-0.0000,1872.0000,1899.0000,1500.0000,1999.0000
190794.4380,2.0000,1998.0000,1527.0000,1000.0000,122.0000,-49.0000,28.0000,1369.0000,34.0000,-4404.0000,0.5333,-0.8329,0.1462,0.0246,133.2600,6.9200,-101.0400,11.6000,-0.2800,1.9700,0.0000,0.0000,-0.0000,1872.0000,1899.0000,1500.0000,1999.0000
190811.0960,2.0000,1998.0000,1540.0000,1000.0000,159.0000,-54.0000,29.0000,1350.0000,-151.0000,-3276.0000,0.5515,-0.8209,0.1451,0.0308,133.5200,6.9100,-101.0900,11.6200,-0.0600,1.9300,0.0000,0.0000,-0.0000,1859.0000,1899.0000,1500.0000,1999.0000
190828.0200,2.0000,1998.0000,1540.0000,1000.0000,185.0000,-48.0000,32.0000,1302.0000,-498.0000,-2336.0000,0.5733,-0.8057,0.1446,0.0364,133.7700,6.8900,-101.1300,11.6900,0.0300,1.9500,0.0000,0.0000,-0.0000,1859.0000,1899.0000,1500.0000,1999.0000
190844.5690,2.0000,1998.0000,1540.0000,1000.0000,204.0000,-39.0000,39.0000,1230.0000,-468.0000,-1700.0000,0.5963,-0.7883,0.1458,0.0404,134.0600,6.8800,-101.1700,11.9100,0.0700,2.0000,0.0000,0.0000,-0.0000,1859.0000,1899.0000,1500.0000,1999.0000
190861.4040,2.0000,1998.0000,1540.0000,1000.0000,215.0000,-17.0000,48.0000,1293.0000,-457.0000,-1409.0000,0.6206,-0.7685,0.1494,0.0429,134.0600,6.8800,-101.1700,11.9100,0.0700,2.0000,0.0000,0.0000,-0.0000,1859.0000,1899.0000,1500.0000,1999.0000
190878.4980,2.0000,1998.0000,1540.0000,1000.0000,231.0000,8.0000,57.0000,1353.0000,-490.0000,-1073.0000,0.6456,-0.7463,0.1555,0.0440,134.3500,6.8700,-101.2100,12.1000,0.0500,2.1000,0.0000,0.0000,-0.0000,1859.0000,1899.0000,1500.0000,1999.0000
190895.3410,2.0000,1998.0000,1540.0000,1000.0000,242.0000,30.0000,66.0000,1097.0000,-512.0000,-1192.0000,0.6703,-0.7223,0.1648,0.0429,134.6200,6.8600,-101.2500,12.2800,0.0000,2.2500,0.0000,0.0000,-0.0000,1859.0000,1899.0000,1500.0000,1999.0000
190912.0610,2.0000,1995.0000,2000.0000,1283.0000,248.0000,48.0000,75.0000,880.0000,-640.0000,-1460.0000,0.6943,-0.6965,0.1766,0.0405,134.8900,6.8500,-101.2700,12.4100,-0.0300,2.4700,0.0000,0.0000,-0.0000,1279.0000,1938.0000,1500.0000,1996.0000
190928.7320,2.0000,1995.0000,2000.0000,1283.0000,244.0000,72.0000,84.0000,964.0000,-400.0000,-2068.0000,0.7167,-0.6695,0.1921,0.0363,135.1600,6.8400,-101.2900,12.5100,-0.0100,2.6500,0.0000,0.0000,-0.0000,1279.0000,1938.0000,1500.0000,1996.0000
190945.5120,2.0000,1995.0000,2000.0000,1283.0000,244.0000,94.0000,93.0000,1016.0000,-316.0000,-2520.0000,0.7371,-0.6413,0.2108,0.0305,135.4700,6.8400,-101.3000,12.6500,0.1600,2.8300,0.0000,0.0000,-0.0000,1279.0000,1938.0000,1500.0000,1996.0000
190962.1810,2.0000,1995.0000,2000.0000,1283.0000,214.0000,117.0000,98.0000,1080.0000,-98.0000,-2994.0000,0.7546,-0.6136,0.2313,0.0244,135.4700,6.8400,-101.3000,12.6500,0.1600,2.8300,0.0000,0.0000,-0.0000,1279.0000,1938.0000,1500.0000,1996.0000
190979.0800,2.0000,1995.0000,2000.0000,1283.0000,151.0000,137.0000,101.0000,1368.0000,-31.0000,-3401.0000,0.7660,-0.5900,0.2547,0.0182,135.7700,6.8400,-101.3000,12.7400,0.3700,3.0500,0.0000,0.0000,-0.0000,1279.0000,1938.0000,1500.0000,1996.0000
190995.8370,2.0000,1995.0000,2000.0000,1283.0000,64.0000,157.0000,105.0000,1257.0000,-50.0000,-4237.0000,0.7691,-0.5746,0.2795,0.0141,136.0500,6.8400,-101.3000,12.7900,0.6100,3.3200,0.0000,0.0000,-0.0000,1279.0000,1938.0000,1500.0000,1996.0000
191012.8390,2.0000,1996.0000,1023.0000,1859.0000,-4.0000,156.0000,103.0000,1078.0000,22.0000,-5336.0000,0.7645,-0.5675,0.3056,0.0124,136.3200,6.8500,-101.3000,12.7600,0.9000,3.5300,0.0000,0.0000,-0.0000,1562.0000,1081.0000,1500.0000,1998.0000
191029.6260,2.0000,1997.0000,1021.0000,1859.0000,-46.0000,143.0000,97.0000,824.0000,108.0000,-6256.0000,0.7551,-0.5663,0.3300,0.0131,136.5900,6.8700,-101.2900,12.6300,1.2900,3.7400,0.0000,0.0000,-0.0000,1562.0000,1081.0000,1500.0000,1998.0000
191046.5560,2.0000,1997.0000,1021.0000,1859.0000,-82.0000,121.0000,86.0000,944.0000,291.0000,-6704.0000,0.7429,-0.5696,0.3513,0.0167,136.8800,6.8900,-101.2800,12.4600,1.7500,3.9400,0.0000,0.0000,-0.0000,1562.0000,1081.0000,1500.0000,1998.0000
191063.4940,2.0000,1997.0000,1021.0000,1859.0000,-103.0000,83.0000,74.0000,1276.0000,587.0000,-7184.0000,0.7292,-0.5765,0.3679,0.0230,136.8800,6.8900,-101.2800,12.4600,1.7500,3.9400,0.0000,0.0000,-0.0000,1562.0000,1081.0000,1500.0000,1998.0000
191080.8160,2.0000,1997.0000,1021.0000,1859.0000,-132.0000,13.0000,60.0000,1351.0000,675.0000,-7770.0000,0.7157,-0.5865,0.3776,0.0338,137.1600,6.9300,-101.2700,12.2600,2.2300,4.2500,0.0000,0.0000,-0.0000,1562.0000,1081.0000,1500.0000,1998.0000
191097.5020,2.0000,1997.0000,1005.0000,1843.0000,-152.0000,-65.0000,47.0000,1079.0000,707.0000,-7770.0000,0.7044,-0.5987,0.3779,0.0504,137.4200,6.9800,-101.2400,12.0300,2.7300,4.5600,0.0000,0.0000,-0.0000,1580.0000,1081.0000,1500.0000,1998.0000
191114.5260,2.0000,1997.0000,1003.0000,1841.0000,-158.0000,-131.0000,31.0000,915.0000,390.0000,-6542.0000,0.6954,-0.6124,0.3690,0.0730,137.6700,7.0300,-101.2100,11.7900,3.2200,4.8600,0.0000,0.0000,-0.0000,1580.0000,1081.0000,1500.0000,1998.0000
191131.5580,2.0000,1997.0000,1003.0000,1841.0000,-137.0000,-205.0000,13.0000,862.0000,283.0000,-4098.0000,0.6907,-0.6246,0.3506,0.0998,137.9200,7.1000,-101.1600,11.7000,3.6000,5.1500,0.0000,0.0000,-0.0000,1580.0000,1081.0000,1500.0000,1998.0000
191148.6050,2.0000,1997.0000,1003.0000,1841.0000,-103.0000,-263.0000,-10.0000,855.0000,385.0000,-733.0000,0.6910,-0.6332,0.3242,0.1283,138.2000,7.1800,-101.1100,11.8100,3.7400,5.4900,0.0000,0.0000,-0.0000,1580.0000,1081.0000,1500.0000,1998.0000
191165.5330,2.0000,1997.0000,1003.0000,1841.0000,-75.0000,-289.0000,-37.0000,927.0000,522.0000,3067.0000,0.6959,-0.6375,0.2912,0.1564,138.2000,7.1800,-101.1100,11.8100,3.7400,5.4900,0.0000,0.0000,-0.0000,1580.0000,1081.0000,1500.0000,1998.0000
191182.6090,2.0000,1997.0000,1003.0000,1841.0000,-58.0000,-301.0000,-58.0000,1180.0000,355.0000,6427.0000,0.7029,-0.6390,0.2536,0.1826,138.4800,7.2600,-101.0300,12.0700,3.4400,6.0100,0.0000,0.0000,-0.0000,1580.0000,1081.0000,1500.0000,1998.0000
191199.5600,2.0000,1997.0000,1003.0000,1841.0000,-46.0000,-300.0000,-72.0000,1641.0000,-150.0000,9653.0000,0.7104,-0.6379,0.2142,0.2063,138.7500,7.3200,-100.9400,12.3600,2.7600,6.5800,0.0000,0.0000,-0.0000,1580.0000,1081.0000,1500.0000,1998.0000
191216.2640,2.0000,1997.0000,1477.0000,1000.0000,-28.0000,-273.0000,-78.0000,1839.0000,-573.0000,12003.0000,0.7176,-0.6347,0.1761,0.2263,139.0000,7.3600,-100.8100,12.6400,1.8000,7.0800,0.0000,0.0000,-0.0000,1879.0000,1859.0000,1500.0000,1999.0000
191233.2010,2.0000,1998.0000,1480.0000,1000.0000,-12.0000,-239.0000,-80.0000,2032.0000,-912.0000,13884.0000,0.7247,-0.6297,0.1410,0.2418,139.2800,7.4000,-100.6500,12.8700,0.8300,7.4900,0.0000,0.0000,-0.0000,1879.0000,1859.0000,1500.0000,1999.0000
191250.0090,2.0000,1998.0000,1480.0000,1000.0000,-6.0000,-181.0000,-75.0000,1932.0000,-1159.0000,14447.0000,0.7310,-0.6241,0.1116,0.2523,139.5900,7.4500,-100.4400,13.0300,0.0100,7.7500,0.0000,0.0000,-0.0000,1879.0000,1859.0000,1500.0000,1999.0000
191267.0620,2.0000,1998.0000,1480.0000,1000.0000,12.0000,-120.0000,-65.0000,1719.0000,-1249.0000,13883.0000,0.7366,-0.6188,0.0894,0.2578,139.5900,7.4500,-100.4400,13.0300,0.0100,7.7500,0.0000,0.0000,-0.0000,1879.0000,1859.0000,1500.0000,1999.0000
191284.0310,2.0000,1998.0000,1480.0000,1000.0000,50.0000,-55.0000,-49.0000,1530.0000,-1566.0000,13070.0000,0.7428,-0.6129,0.0764,0.2585,139.8900,7.4700,-100.2200,13.0800,-0.7000,7.8500,0.0000,0.0000,-0.0000,1879.0000,1859.0000,1500.0000,1999.0000
191300.8930,2.0000,1998.0000,1480.0000,1000.0000,107.0000,29.0000,-35.0000,1443.0000,-1684.0000,11875.0000,0.7515,-0.6045,0.0750,0.2534,140.1700,7.4900,-99.9900,13.0700,-1.2900,7.8800,0.0000,0.0000,-0.0000,1879.0000,1859.0000,1500.0000,1999.0000
191317.7350,2.0000,1998.0000,1511.0000,1000.0000,187.0000,101.0000,-13.0000,1434.0000,-1779.0000,10067.0000,0.7647,-0.5908,0.0861,0.2426,140.4600,7.5000,-99.7600,13.1400,-1.6500,7.8600,0.0000,0.0000,-0.0000,1886.0000,1897.0000,1500.0000,1999.0000
191334.6600,2.0000,1998.0000,1511.0000,1000.0000,263.0000,185.0000,12.0000,1077.0000,-1875.0000,7501.0000,0.7822,-0.5697,0.1104,0.2268,140.7900,7.5400,-99.5200,13.3900,-1.6000,7.8500,0.0000,0.0000,-0.0000,1886.0000,1897.0000,1500.0000,1999.0000
191351.5910,2.0000,1998.0000,1511.0000,1000.0000,329.0000,230.0000,33.0000,1185.0000,-1665.0000,4206.0000,0.8018,-0.5414,0.1466,0.2063,141.1000,7.5800,-99.2600,13.6700,-1.1900,7.8800,0.0000,0.0000,-0.0000,1886.0000,1897.0000,1500.0000,1999.0000
191368.3310,2.0000,1998.0000,1511.0000,1000.0000,379.0000,275.0000,54.0000,1097.0000,-1475.0000,985.0000,0.8218,-0.5049,0.1905,0.1829,141.1000,7.5800,-99.2600,13.6700,-1.1900,7.8800,0.0000,0.0000,-0.0000,1886.0000,1897.0000,1500.0000,1999.0000
191385.2530,2.0000,1998.0000,1511.0000,1000.0000,389.0000,316.0000,77.0000,980.0000,-1182.0000,-2451.0000,0.8385,-0.4626,0.2413,0.1572,141.4100,7.6300,-99.0000,13.9500,-0.4600,8.0300,0.0000,0.0000,-0.0000,1886.0000,1897.0000,1500.0000,1999.0000
191402.1390,2.0000,1974.0000,1502.0000,1860.0000,376.0000,326.0000,95.0000,716.0000,-1083.0000,-6256.0000,0.8488,-0.4181,0.2954,0.1318,141.7000,7.6900,-98.7400,14.0900,0.4800,8.3000,0.0000,0.0000,-0.0000,1068.0000,1066.0000,1500.0000,1967.0000
191418.9590,2.0000,1964.0000,1498.0000,2000.0000,345.0000,307.0000,113.0000,965.0000,-934.0000,-9600.0000,0.8527,-0.3741,0.3478,0.1095,142.0100,7.7900,-98.4800,14.0500,1.5500,8.6400,0.0000,0.0000,-0.0000,1068.0000,1066.0000,1500.0000,1967.0000
191435.5970,2.0000,1964.0000,1498.0000,2000.0000,320.0000,247.0000,119.0000,1229.0000,-351.0000,-11716.0000,0.8529,-0.3308,0.3932,0.0922,142.3500,7.9100,-98.2400,13.7600,2.5800,8.9300,0.0000,0.0000,-0.0000,1068.0000,1066.0000,1500.0000,1967.0000
191452.5580,2.0000,1964.0000,1498.0000,2000.0000,271.0000,165.0000,118.0000,1224.0000,1.0000,-12243.0000,0.8522,-0.2892,0.4285,0.0804,142.6600,8.0400,-98.0200,13.2700,3.4700,9.5000,0.0000,0.0000,-0.0000,1068.0000,1066.0000,1500.0000,1967.0000
191469.7020,2.0000,1964.0000,1498.0000,2000.0000,212.0000,61.0000,115.0000,1082.0000,85.0000,-11829.0000,0.8534,-0.2521,0.4499,0.0757,142.6600,8.0400,-98.0200,13.2700,3.4700,9.5000,0.0000,0.0000,-0.0000,1068.0000,1066.0000,1500.0000,1967.0000
191486.3070,2.0000,1964.0000,1498.0000,2000.0000,136.0000,-38.0000,111.0000,879.0000,115.0000,-10318.0000,0.8578,-0.2232,0.4563,0.0780,142.9400,8.1800,-97.8000,12.7000,4.1500,10.1500,0.0000,0.0000,-0.0000,1068.0000,1066.0000,1500.0000,1967.0000
191503.3110,2.0000,1996.0000,1136.0000,1974.0000,63.0000,-114.0000,108.0000,990.0000,46.0000,-7910.0000,0.8649,-0.2022,0.4509,0.0878,143.1900,8.3200,-97.5900,12.2200,4.6000,10.6900,0.0000,0.0000,-0.0000,1452.0000,1081.0000,1500.0000,1998.0000
191520.3240,2.0000,1997.0000,1128.0000,1966.0000,-18.0000,-196.0000,109.0000,872.0000,-79.0000,-4653.0000,0.8746,-0.1900,0.4337,0.1048,143.4700,8.4500,-97.3800,12.0200,4.6100,11.1700,0.0000,0.0000,-0.0000,1452.0000,1081.0000,1500.0000,1998.0000
191536.8350,2.0000,1997.0000,1128.0000,1966.0000,-79.0000,-238.0000,109.0000,768.0000,-106.0000,-1406.0000,0.8846,-0.1861,0.4083,0.1272,143.7700,8.5800,-97.1600,12.1500,4.2500,11.4900,0.0000,0.0000,-0.0000,1452.0000,1081.0000,1500.0000,1998.0000
191553.8990,2.0000,1997.0000,1128.0000,1966.0000,-97.0000,-278.0000,103.0000,616.0000,-171.0000,1781.0000,0.8951,-0.1862,0.3750,0.1532,144.0600,8.6900,-96.9300,12.4900,3.7900,11.8700,0.0000,0.0000,-0.0000,1452.0000,1081.0000,1500.0000,1998.0000
191570.7140,2.0000,1997.0000,1128.0000,1966.0000,-92.0000,-304.0000,87.0000,625.0000,-34.0000,5409.0000,0.9057,-0.1862,0.3368,0.1779,144.0600,8.6900,-96.9300,12.4900,3.7900,11.8700,0.0000,0.0000,-0.0000,1452.0000,1081.0000,1500.0000,1998.0000
191587.6170,2.0000,1997.0000,1128.0000,1966.0000,-90.0000,-304.0000,63.0000,1087.0000,216.0000,9142.0000,0.9153,-0.1860,0.2958,0.2002,144.3300,8.7800,-96.7000,12.9700,3.2100,12.0300,0.0000,0.0000,-0.0000,1452.0000,1081.0000,1500.0000,1998.0000
191604.1520,2.0000,1997.0000,1128.0000,1966.0000,-92.0000,-293.0000,40.0000,1725.0000,397.0000,12175.0000,0.9235,-0.1869,0.2541,0.2182,144.6000,8.8500,-96.4400,13.5600,2.4800,11.9700,0.0000,0.0000,-0.0000,1452.0000,1081.0000,1500.0000,1998.0000
191621.2250,2.0000,1997.0000,1013.0000,1851.0000,-95.0000,-254.0000,22.0000,2165.0000,92.0000,14576.0000,0.9296,-0.1895,0.2138,0.2329,144.9200,8.8900,-96.1600,14.1700,1.4400,11.5900,0.0000,0.0000,-0.0000,1571.0000,1081.0000,1500.0000,1998.0000
191638.1070,2.0000,1997.0000,1012.0000,1850.0000,-96.0000,-200.0000,11.0000,1940.0000,-207.0000,15975.0000,0.9331,-0.1941,0.1800,0.2436,145.2700,8.9000,-95.8800,14.7000,0.2900,10.9000,0.0000,0.0000,-0.0000,1571.0000,1081.0000,1500.0000,1998.0000
191654.6440,2.0000,1997.0000,1012.0000,1850.0000,-81.0000,-133.0000,1.0000,1576.0000,-203.0000,15301.0000,0.9345,-0.1999,0.1545,0.2507,145.5900,8.8900,-95.6100,15.0400,-0.7000,10.0100,0.0000,0.0000,-0.0000,1571.0000,1081.0000,1500.0000,1998.0000
191671.8440,2.0000,1997.0000,1012.0000,1850.0000,-63.0000,-88.0000,-6.0000,1303.0000,-289.0000,13883.0000,0.9352,-0.2051,0.1364,0.2545,145.5900,8.8900,-95.6100,15.0400,-0.7000,10.0100,0.0000,0.0000,-0.0000,1571.0000,1081.0000,1500.0000,1998.0000
191688.2990,2.0000,1997.0000,1012.0000,1850.0000,-57.0000,-36.0000,-10.0000,1004.0000,-258.0000,12364.0000,0.9348,-0.2116,0.1257,0.2560,145.9100,8.8500,-95.3500,15.1900,-1.5200,9.1900,0.0000,0.0000,-0.0000,1571.0000,1081.0000,1500.0000,1998.0000
191705.0440,2.0000,1997.0000,1012.0000,1850.0000,-40.0000,-3.0000,-12.0000,846.0000,-371.0000,10594.0000,0.9341,-0.2178,0.1211,0.2557,146.2000,8.8100,-95.1100,15.2200,-2.1400,8.5100,0.0000,0.0000,-0.0000,1571.0000,1081.0000,1500.0000,1998.0000
191722.1320,2.0000,1997.0000,1013.0000,1851.0000,-20.0000,30.0000,-11.0000,551.0000,-352.0000,8773.0000,0.9334,-0.2225,0.1219,0.2538,146.5200,8.7500,-94.8700,15.2100,-2.6400,7.9300,0.0000,0.0000,-0.0000,1570.0000,1081.0000,1500.0000,1998.0000
191739.1620,2.0000,1997.0000,1013.0000,1851.0000,3.0000,41.0000,-14.0000,649.0000,-288.0000,7085.0000,0.9328,-0.2253,0.1267,0.2509,146.8600,8.6700,-94.6400,15.1800,-3.0100,7.5200,0.0000,0.0000,-0.0000,1570.0000,1081.0000,1500.0000,1998.0000
191755.8560,2.0000,1997.0000,1013.0000,1851.0000,18.0000,47.0000,-21.0000,569.0000,-254.0000,5393.0000,0.9331,-0.2254,0.1331,0.2467,147.1700,8.5900,-94.4300,15.1400,-3.2700,7.2600,0.0000,0.0000,-0.0000,1570.0000,1081.0000,1500.0000,1998.0000
191772.5670,2.0000,1997.0000,1013.0000,1851.0000,26.0000,29.0000,-25.0000,321.0000,-364.0000,3662.0000,0.9339,-0.2241,0.1385,0.2417,147.1700,8.5900,-94.4300,15.1400,-3.2700,7.2600,0.0000,0.0000,-0.0000,1570.0000,1081.0000,1500.0000,1998.0000
191789.4330,2.0000,1997.0000,1013.0000,1851.0000,24.0000,-10.0000,-32.0000,313.0000,-298.0000,2462.0000,0.9353,-0.2220,0.1412,0.2367,147.4700,8.5200,-94.2200,15.0500,-3.3800,7.1700,0.0000,0.0000,-0.0000,1570.0000,1081.0000,1500.0000,1998.0000
191806.2940,2.0000,1997.0000,1013.0000,1851.0000,19.0000,-55.0000,-36.0000,149.0000,-219.0000,1882.0000,0.9382,-0.2176,0.1358,0.2326,147.7500,8.4500,-94.0200,14.9400,-3.4000,7.2100,0.0000,0.0000,-0.0000,1570.0000,1081.0000,1500.0000,1998.0000
191822.8490,2.0000,1997.0000,1112.0000,1950.0000,17.0000,-98.0000,-40.0000,243.0000,-152.0000,2581.0000,0.9417,-0.2128,0.1241,0.2294,148.0400,8.3700,-93.8200,14.7800,-3.4300,7.3400,0.0000,0.0000,-0.0000,1467.0000,1081.0000,1500.0000,1998.0000
191839.8500,2.0000,1997.0000,1113.0000,1951.0000,19.0000,-143.0000,-44.0000,305.0000,-387.0000,4062.0000,0.9457,-0.2068,0.1070,0.2268,148.3500,8.2900,-93.6100,14.6400,-3.5200,7.3900,0.0000,0.0000,-0.0000,1467.0000,1081.0000,1500.0000,1998.0000
191856.6010,2.0000,1997.0000,1113.0000,1951.0000,16.0000,-171.0000,-43.0000,419.0000,-468.0000,5720.0000,0.9500,-0.1995,0.0841,0.2250,148.6400,8.2100,-93.4100,14.5300,-3.6500,7.2600,0.0000,0.0000,-0.0000,1467.0000,1081.0000,1500.0000,1998.0000
191873.6520,2.0000,1997.0000,1113.0000,1951.0000,7.0000,-194.0000,-37.0000,759.0000,-559.0000,7590.0000,0.9536,-0.1924,0.0572,0.2244,148.6400,8.2100,-93.4100,14.5300,-3.6500,7.2600,0.0000,0.0000,-0.0000,1467.0000,1081.0000,1500.0000,1998.0000
191890.3880,2.0000,1997.0000,1113.0000,1951.0000,-1.0000,-202.0000,-29.0000,1192.0000,-907.0000,9623.0000,0.9560,-0.1857,0.0286,0.2252,148.9100,8.1300,-93.2100,14.4300,-3.8400,6.9700,0.0000,0.0000,-0.0000,1467.0000,1081.0000,1500.0000,1998.0000
191907.1900,2.0000,1997.0000,1074.0000,1912.0000,-4.0000,-194.0000,-18.0000,1460.0000,-1164.0000,11247.0000,0.9573,-0.1793,0.0001,0.2269,149.1700,8.0500,-93.0300,14.3300,-4.0600,6.4300,0.0000,0.0000,-0.0000,1510.0000,1081.0000,1500.0000,1998.0000
191924.0450,2.0000,1997.0000,1073.0000,1911.0000,-8.0000,-186.0000,-10.0000,1590.0000,-1138.0000,11991.0000,0.9572,-0.1739,-0.0271,0.2297,149.4500,7.9600,-92.8500,14.3200,-4.3700,5.6900,0.0000,0.0000,-0.0000,1510.0000,1081.0000,1500.0000,1998.0000
191941.1030,2.0000,1997.0000,1073.0000,1911.0000,-13.0000,-168.0000,-3.0000,1625.0000,-1158.0000,12742.0000,0.9562,-0.1693,-0.0528,0.2330,149.7500,7.8500,-92.6800,14.3000,-4.6900,4.8300,0.0000,0.0000,-0.0000,1510.0000,1081.0000,1500.0000,1998.0000
191958.1660,2.0000,1997.0000,1073.0000,1911.0000,-18.0000,-139.0000,2.0000,1554.0000,-1032.0000,12855.0000,0.9544,-0.1663,-0.0753,0.2363,150.0300,7.7400,-92.5500,14.2000,-4.9900,3.9100,0.0000,0.0000,-0.0000,1510.0000,1081.0000,1500.0000,1998.0000
191975.1390,2.0000,1997.0000,1073.0000,1911.0000,-25.0000,-108.0000,6.0000,1413.0000,-1023.0000,12599.0000,0.9522,-0.1653,-0.0937,0.2392,150.0300,7.7400,-92.5500,14.2000,-4.9900,3.9100,0.0000,0.0000,-0.0000,1510.0000,1081.0000,1500.0000,1998.0000
191991.9440,2.0000,1997.0000,1073.0000,1911.0000,-28.0000,-78.0000,11.0000,1320.0000,-1164.0000,11931.0000,0.9499,-0.1659,-0.1074,0.2420,150.3000,7.6400,-92.4300,14.0300,-5.2300,2.9600,0.0000,0.0000,-0.0000,1510.0000,1081.0000,1500.0000,1998.0000
192008.6530,2.0000,1997.0000,1073.0000,1911.0000,-25.0000,-47.0000,14.0000,1343.0000,-1162.0000,10824.0000,0.9479,-0.1677,-0.1165,0.2447,150.5600,7.5300,-92.3400,13.8200,-5.4200,2.0800,0.0000,0.0000,-0.0000,1510.0000,1081.0000,1500.0000,1998.0000
192025.6920,2.0000,1998.0000,1764.0000,1074.0000,-30.0000,-36.0000,16.0000,1199.0000,-1017.0000,9727.0000,0.9459,-0.1700,-0.1233,0.2474,150.8400,7.4000,-92.2500,13.7200,-5.6500,1.3200,0.0000,0.0000,-0.0000,1583.0000,1846.0000,1500.0000,1999.0000
192042.4340,2.0000,1998.0000,1764.0000,1074.0000,-31.0000,-30.0000,17.0000,780.0000,-895.0000,8468.0000,0.9440,-0.1731,-0.1286,0.2497,151.1400,7.2600,-92.1800,13.6800,-5.8900,0.7000,0.0000,0.0000,-0.0000,1583.0000,1846.0000,1500.0000,1999.0000
192059.5270,2.0000,1998.0000,1764.0000,1074.0000,-30.0000,-22.0000,21.0000,602.0000,-931.0000,7792.0000,0.9420,-0.1769,-0.1328,0.2524,151.4200,7.1300,-92.1100,13.6200,-6.0600,0.2200,0.0000,0.0000,-0.0000,1583.0000,1846.0000,1500.0000,1999.0000
192076.3630,2.0000,1998.0000,1764.0000,1074.0000,-25.0000,-9.0000,23.0000,958.0000,-787.0000,7196.0000,0.9403,-0.1807,-0.1348,0.2551,151.4200,7.1300,-92.1100,13.6200,-6.0600,0.2200,0.0000,0.0000,-0.0000,1583.0000,1846.0000,1500.0000,1999.0000
192092.9090,2.0000,1998.0000,1764.0000,1074.0000,-13.0000,17.0000,27.0000,1172.0000,-660.0000,6762.0000,0.9390,-0.1835,-0.1342,0.2580,151.6800,6.9900,-92.0400,13.6000,-6.2000,-0.1700,0.0000,0.0000,-0.0000,1583.0000,1846.0000,1500.0000,1999.0000
192109.6920,2.0000,1997.0000,1738.0000,1502.0000,4.0000,56.0000,33.0000,1234.0000,-921.0000,7436.0000,0.9386,-0.1858,-0.1283,0.2610,151.9300,6.8600,-91.9900,13.6100,-6.3400,-0.5100,0.0000,0.0000,-0.0000,1378.0000,1620.0000,1500.0000,1998.0000
192126.2380,2.0000,1997.0000,1739.0000,1503.0000,33.0000,127.0000,40.0000,913.0000,-977.0000,7157.0000,0.9393,-0.1871,-0.1146,0.2638,152.2200,6.6900,-91.9400,13.6300,-6.6100,-0.9100,0.0000,0.0000,-0.0000,1378.0000,1620.0000,1500.0000,1998.0000
192143.1670,2.0000,1997.0000,1739.0000,1503.0000,39.0000,194.0000,46.0000,1114.0000,-439.0000,4394.0000,0.9412,-0.1886,-0.0885,0.2660,152.5400,6.5100,-91.9000,13.6700,-6.9200,-1.2300,0.0000,0.0000,-0.0000,1378.0000,1620.0000,1500.0000,1998.0000
192160.0380,2.0000,1997.0000,1739.0000,1503.0000,0.0000,227.0000,49.0000,855.0000,-125.0000,227.0000,0.9422,-0.1944,-0.0569,0.2670,152.8300,6.3300,-91.8700,13.8000,-7.1200,-1.2300,0.0000,0.0000,-0.0000,1378.0000,1620.0000,1500.0000,1998.0000
192176.9840,2.0000,1997.0000,1739.0000,1503.0000,-52.0000,234.0000,52.0000,1144.0000,122.0000,-3617.0000,0.9408,-0.2075,-0.0239,0.2670,152.8300,6.3300,-91.8700,13.8000,-7.1200,-1.2300,0.0000,0.0000,-0.0000,1378.0000,1620.0000,1500.0000,1998.0000
192193.7460,2.0000,1997.0000,1739.0000,1503.0000,-84.0000,223.0000,52.0000,1606.0000,496.0000,-6691.0000,0.9368,-0.2263,0.0067,0.2669,153.1000,6.1600,-91.8300,13.9700,-7.1600,-0.8200,0.0000,0.0000,-0.0000,1378.0000,1620.0000,1500.0000,1998.0000
192211.0070,2.0000,1997.0000,1051.0000,1887.0000,-114.0000,182.0000,51.0000,1298.0000,654.0000,-8891.0000,0.9304,-0.2485,0.0332,0.2675,153.3700,6.0000,-91.7700,14.1600,-7.0700,-0.1800,0.0000,0.0000,-0.0000,1534.0000,1081.0000,1500.0000,1998.0000
192227.7720,2.0000,1997.0000,1049.0000,1887.0000,-136.0000,123.0000,42.0000,883.0000,572.0000,-9387.0000,0.9227,-0.2715,0.0507,0.2691,153.6600,5.8200,-91.6900,14.1100,-6.8600,0.5400,0.0000,0.0000,-0.0000,1534.0000,1081.0000,1500.0000,1998.0000
192244.6990,2.0000,1997.0000,1049.0000,1887.0000,-155.0000,48.0000,32.0000,761.0000,537.0000,-9159.0000,0.9142,-0.2944,0.0577,0.2723,153.9600,5.6400,-91.6100,13.9200,-6.5600,1.1900,0.0000,0.0000,-0.0000,1534.0000,1081.0000,1500.0000,1998.0000
192261.5810,2.0000,1997.0000,1049.0000,1887.0000,-163.0000,-43.0000,21.0000,531.0000,631.0000,-8370.0000,0.9057,-0.3159,0.0523,0.2778,154.2300,5.4800,-91.5500,13.7400,-6.2800,1.8400,0.0000,0.0000,-0.0000,1534.0000,1081.0000,1500.0000,1998.0000
192278.6160,2.0000,1997.0000,1049.0000,1887.0000,-152.0000,-124.0000,4.0000,469.0000,622.0000,-6396.0000,0.8979,-0.3335,0.0345,0.2851,154.2300,5.4800,-91.5500,13.7400,-6.2800,1.8400,0.0000,0.0000,-0.0000,1534.0000,1081.0000,1500.0000,1998.0000
192295.3060,2.0000,1997.0000,1049.0000,1887.0000,-117.0000,-205.0000,-14.0000,400.0000,491.0000,-3111.0000,0.8919,-0.3442,0.0069,0.2933,154.4900,5.3300,-91.4900,13.5900,-6.0800,2.4600,0.0000,0.0000,-0.0000,1534.0000,1081.0000,1500.0000,1998.0000
192312.0800,2.0000,1997.0000,1000.0000,1768.0000,-88.0000,-252.0000,-34.0000,164.0000,370.0000,1011.0000,0.8874,-0.3471,-0.0292,0.3019,154.7200,5.2000,-91.4300,13.4100,-6.0800,2.9300,0.0000,0.0000,-0.0000,1645.0000,1089.0000,1500.0000,1998.0000
192328.6140,2.0000,1997.0000,1000.0000,1768.0000,-68.0000,-271.0000,-53.0000,705.0000,206.0000,5376.0000,0.8837,-0.3451,-0.0684,0.3088,155.0000,5.0200,-91.3500,13.3100,-6.4000,3.2400,0.0000,0.0000,-0.0000,1645.0000,1089.0000,1500.0000,1998.0000
192345.3220,2.0000,1997.0000,1000.0000,1768.0000,-41.0000,-274.0000,-67.0000,1367.0000,-150.0000,9183.0000,0.8802,-0.3390,-0.1090,0.3137,155.2900,4.8300,-91.2600,13.1300,-6.9700,3.2200,0.0000,0.0000,-0.0000,1645.0000,1089.0000,1500.0000,1998.0000
192362.2250,2.0000,1997.0000,1000.0000,1768.0000,-29.0000,-264.0000,-74.0000,1800.0000,-657.0000,12079.0000,0.8768,-0.3295,-0.1492,0.3169,155.2900,4.8300,-91.2600,13.1300,-6.9700,3.2200,0.0000,0.0000,-0.0000,1645.0000,1089.0000,1500.0000,1998.0000
192379.1820,2.0000,1997.0000,1000.0000,1768.0000,-17.0000,-230.0000,-77.0000,1987.0000,-908.0000,13879.0000,0.8731,-0.3188,-0.1863,0.3183,155.5500,4.6400,-91.1500,12.8200,-7.6500,2.9000,0.0000,0.0000,-0.0000,1645.0000,1089.0000,1500.0000,1998.0000
192395.8450,2.0000,1997.0000,1000.0000,1768.0000,-2.0000,-187.0000,-77.0000,1951.0000,-883.0000,14367.0000,0.8702,-0.3081,-0.2168,0.3175,155.7900,4.4500,-91.0500,12.3700,-8.2800,2.3100,0.0000,0.0000,-0.0000,1645.0000,1089.0000,1500.0000,1998.0000
192412.6540,2.0000,1997.0000,1520.0000,1000.0000,20.0000,-134.0000,-68.0000,1627.0000,-1235.0000,13989.0000,0.8687,-0.2971,-0.2400,0.3154,156.0000,4.2600,-90.9600,11.8500,-8.7900,1.6200,0.0000,0.0000,-0.0000,1811.0000,1831.0000,1500.0000,1999.0000
192429.6910,2.0000,1998.0000,1520.0000,1000.0000,33.0000,-92.0000,-59.0000,1352.0000,-1453.0000,12705.0000,0.8688,-0.2862,-0.2561,0.3126,156.2600,4.0300,-90.8700,11.4500,-9.0900,0.9200,0.0000,0.0000,-0.0000,1811.0000,1831.0000,1500.0000,1999.0000
192446.2190,2.0000,1998.0000,1520.0000,1000.0000,42.0000,-47.0000,-47.0000,1332.0000,-1322.0000,10961.0000,0.8705,-0.2758,-0.2648,0.3099,156.5000,3.8100,-90.7900,11.1700,-9.2100,0.3300,0.0000,0.0000,-0.0000,1811.0000,1831.0000,1500.0000,1999.0000
192463.0270,2.0000,1998.0000,1520.0000,1000.0000,52.0000,-10.0000,-35.0000,1239.0000,-1278.0000,10028.0000,0.8735,-0.2668,-0.2674,0.3071,156.5000,3.8100,-90.7900,11.1700,-9.2100,0.3300,0.0000,0.0000,-0.0000,1811.0000,1831.0000,1500.0000,1999.0000
192480.1140,2.0000,1998.0000,1520.0000,1000.0000,83.0000,41.0000,-21.0000,1544.0000,-1143.0000,8807.0000,0.8783,-0.2581,-0.2627,0.3050,156.7300,3.6100,-90.7300,10.9600,-9.2400,-0.1600,0.0000,0.0000,-0.0000,1811.0000,1831.0000,1500.0000,1999.0000
192496.6140,2.0000,1998.0000,1520.0000,1000.0000,130.0000,81.0000,-5.0000,1280.0000,-1265.0000,7829.0000,0.8851,-0.2472,-0.2503,0.3047,156.9400,3.4100,-90.6700,10.8700,-9.2200,-0.5800,0.0000,0.0000,-0.0000,1811.0000,1831.0000,1500.0000,1999.0000
192513.1640,2.0000,1994.0000,2000.0000,1219.0000,190.0000,138.0000,14.0000,1289.0000,-1452.0000,6769.0000,0.8942,-0.2318,-0.2291,0.3068,157.1400,3.2300,-90.6200,10.8700,-9.1200,-0.9300,0.0000,0.0000,-0.0000,1323.0000,1958.0000,1500.0000,1995.0000
192529.9270,2.0000,1994.0000,2000.0000,1219.0000,267.0000,187.0000,35.0000,759.0000,-1484.0000,5067.0000,0.9055,-0.2097,-0.1968,0.3119,157.3800,3.0100,-90.5700,10.8800,-9.0500,-1.2100,0.0000,0.0000,-0.0000,1323.0000,1958.0000,1500.0000,1995.0000
192546.8830,2.0000,1994.0000,2000.0000,1219.0000,316.0000,234.0000,57.0000,405.0000,-1237.0000,2738.0000,0.9175,-0.1808,-0.1529,0.3195,157.6200,2.8100,-90.5200,10.9700,-8.8900,-1.3300,0.0000,0.0000,-0.0000,1323.0000,1958.0000,1500.0000,1995.0000
192563.4770,2.0000,1994.0000,2000.0000,1219.0000,297.0000,291.0000,74.0000,962.0000,-1037.0000,169.0000,0.9268,-0.1526,-0.1014,0.3278,157.6200,2.8100,-90.5200,10.9700,-8.8900,-1.3300,0.0000,0.0000,-0.0000,1323.0000,1958.0000,1500.0000,1995.0000
192580.1990,2.0000,1994.0000,2000.0000,1219.0000,223.0000,326.0000,89.0000,1315.0000,-485.0000,-3114.0000,0.9316,-0.1332,-0.0447,0.3352,157.8500,2.6200,-90.4600,11.1700,-8.6800,-1.2000,0.0000,0.0000,-0.0000,1323.0000,1958.0000,1500.0000,1995.0000
192596.8130,2.0000,1979.0000,1824.0000,1776.0000,126.0000,347.0000,101.0000,1277.0000,-213.0000,-6503.0000,0.9310,-0.1266,0.0116,0.3422,158.0700,2.4500,-90.4100,11.4200,-8.4900,-0.8200,0.0000,0.0000,-0.0000,1068.0000,1068.0000,1500.0000,1967.0000
192613.8240,2.0000,1964.0000,1500.0000,2000.0000,41.0000,327.0000,106.0000,1201.0000,-121.0000,-9383.0000,0.9251,-0.1326,0.0638,0.3499,158.2700,2.2900,-90.3600,11.6100,-8.2300,-0.2200,0.0000,0.0000,-0.0000,1068.0000,1068.0000,1500.0000,1967.0000
192630.6680,2.0000,1964.0000,1500.0000,2000.0000,-16.0000,261.0000,103.0000,1103.0000,469.0000,-11367.0000,0.9159,-0.1453,0.1067,0.3587,158.5200,2.0800,-90.3100,11.4200,-8.1900,0.4400,0.0000,0.0000,-0.0000,1068.0000,1068.0000,1500.0000,1967.0000
192647.4860,2.0000,1964.0000,1500.0000,2000.0000,-60.0000,168.0000,91.0000,767.0000,414.0000,-11854.0000,0.9058,-0.1603,0.1355,0.3682,158.7500,1.8700,-90.2900,11.0900,-8.0600,1.3700,0.0000,0.0000,-0.0000,1068.0000,1068.0000,1500.0000,1967.0000
192664.0670,2.0000,1964.0000,1500.0000,2000.0000,-97.0000,49.0000,78.0000,1213.0000,505.0000,-12059.0000,0.8967,-0.1751,0.1474,0.3790,158.7500,1.8700,-90.2900,11.0900,-8.0600,1.3700,0.0000,0.0000,-0.0000,1068.0000,1068.0000,1500.0000,1967.0000
192680.8900,2.0000,1964.0000,1500.0000,2000.0000,-125.0000,-68.0000,62.0000,1167.0000,439.0000,-10541.0000,0.8899,-0.1876,0.1409,0.3913,158.9600,1.6800,-90.2600,10.7700,-7.8600,2.3600,0.0000,0.0000,-0.0000,1068.0000,1068.0000,1500.0000,1967.0000
192697.4730,2.0000,1964.0000,1500.0000,2000.0000,-170.0000,-147.0000,50.0000,914.0000,473.0000,-7670.0000,0.8845,-0.1993,0.1198,0.4044,159.1500,1.5100,-90.2400,10.5100,-7.7100,3.3000,0.0000,0.0000,-0.0000,1068.0000,1068.0000,1500.0000,1967.0000
192714.2250,2.0000,1997.0000,1011.0000,1849.0000,-217.0000,-215.0000,40.0000,850.0000,445.0000,-3792.0000,0.8788,-0.2122,0.0856,0.4188,159.3200,1.3400,-90.2100,10.3400,-7.6900,4.0500,0.0000,0.0000,-0.0000,1573.0000,1081.0000,1500.0000,1998.0000
192730.9250,2.0000,1997.0000,1010.0000,1848.0000,-264.0000,-239.0000,31.0000,1129.0000,400.0000,157.0000,0.8709,-0.2284,0.0423,0.4330,159.5400,1.0900,-90.1800,10.1900,-8.2300,4.4500,0.0000,0.0000,-0.0000,1573.0000,1081.0000,1500.0000,1998.0000
192747.6300,2.0000,1997.0000,1010.0000,1848.0000,-278.0000,-251.0000,18.0000,1184.0000,420.0000,3735.0000,0.8604,-0.2473,-0.0056,0.4455,159.5400,1.0900,-90.1800,10.1900,-8.2300,4.4500,0.0000,0.0000,-0.0000,1573.0000,1081.0000,1500.0000,1998.0000
192764.7400,2.0000,1997.0000,1010.0000,1848.0000,-243.0000,-250.0000,-8.0000,1060.0000,462.0000,6519.0000,0.8489,-0.2642,-0.0549,0.4545,159.7500,0.8400,-90.1300,10.0200,-8.9200,4.6700,0.0000,0.0000,-0.0000,1573.0000,1081.0000,1500.0000,1998.0000
192781.4790,2.0000,1997.0000,1010.0000,1848.0000,-192.0000,-244.0000,-33.0000,1295.0000,379.0000,8744.0000,0.8389,-0.2745,-0.1006,0.4591,159.9300,0.5900,-90.0600,9.7200,-9.6300,4.6100,0.0000,0.0000,-0.0000,1573.0000,1081.0000,1500.0000,1998.0000
192798.0410,2.0000,1997.0000,1010.0000,1848.0000,-137.0000,-231.0000,-53.0000,1694.0000,-174.0000,10784.0000,0.8311,-0.2777,-0.1419,0.4604,160.1000,0.3500,-89.9900,9.3000,-10.3200,4.3600,0.0000,0.0000,-0.0000,1573.0000,1081.0000,1500.0000,1998.0000
192814.9450,2.0000,1997.0000,1000.0000,1825.0000,-93.0000,-200.0000,-60.0000,1916.0000,-415.0000,12071.0000,0.8253,-0.2754,-0.1784,0.4595,160.2500,0.1000,-89.9000,8.8100,-10.9700,3.9400,0.0000,0.0000,-0.0000,1595.0000,1082.0000,1500.0000,1998.0000
192831.9250,2.0000,1997.0000,1000.0000,1825.0000,-65.0000,-156.0000,-61.0000,1757.0000,-643.0000,12841.0000,0.8214,-0.2709,-0.2079,0.4569,160.4300,-0.1900,-89.8000,8.4300,-11.4800,3.3900,0.0000,0.0000,-0.0000,1595.0000,1082.0000,1500.0000,1998.0000
192848.6710,2.0000,1997.0000,1000.0000,1825.0000,-44.0000,-110.0000,-53.0000,1657.0000,-815.0000,12345.0000,0.8189,-0.2669,-0.2296,0.4532,160.4300,-0.1900,-89.8000,8.4300,-11.4800,3.3900,0.0000,0.0000,-0.0000,1595.0000,1082.0000,1500.0000,1998.0000
192865.5440,2.0000,1997.0000,1000.0000,1825.0000,-24.0000,-78.0000,-49.0000,1410.0000,-665.0000,10453.0000,0.8179,-0.2630,-0.2448,0.4493,160.6000,-0.4900,-89.7100,8.0100,-11.8500,2.7300,0.0000,0.0000,-0.0000,1595.0000,1082.0000,1500.0000,1998.0000
192882.6250,2.0000,1997.0000,1000.0000,1825.0000,-9.0000,-48.0000,-38.0000,1291.0000,-725.0000,9336.0000,0.8180,-0.2593,-0.2550,0.4456,160.7400,-0.7700,-89.6200,7.6900,-12.0800,2.2400,0.0000,0.0000,-0.0000,1595.0000,1082.0000,1500.0000,1998.0000
192899.1400,2.0000,1997.0000,1000.0000,1825.0000,7.0000,-14.0000,-28.0000,1209.0000,-1057.0000,9102.0000,0.8191,-0.2563,-0.2598,0.4427,160.8700,-1.0400,-89.5400,7.4500,-12.2100,1.8300,0.0000,0.0000,-0.0000,1595.0000,1082.0000,1500.0000,1998.0000
192916.0280,2.0000,1997.0000,1424.0000,1000.0000,15.0000,13.0000,-16.0000,895.0000,-1138.0000,8137.0000,0.8211,-0.2540,-0.2595,0.4404,161.0000,-1.3000,-89.4700,7.2600,-12.2800,1.4200,0.0000,0.0000,-0.0000,1803.0000,1728.0000,1500.0000,1998.0000
192932.6900,2.0000,1997.0000,1424.0000,1000.0000,22.0000,44.0000,-6.0000,915.0000,-1082.0000,6981.0000,0.8238,-0.2533,-0.2550,0.4383,161.1600,-1.6000,-89.3800,7.2300,-12.3300,1.1100,0.0000,0.0000,-0.0000,1803.0000,1728.0000,1500.0000,1998.0000
192949.3210,2.0000,1997.0000,1424.0000,1000.0000,29.0000,58.0000,4.0000,925.0000,-910.0000,5222.0000,0.8268,-0.2537,-0.2469,0.4371,161.1600,-1.6000,-89.3800,7.2300,-12.3300,1.1100,0.0000,0.0000,-0.0000,1803.0000,1728.0000,1500.0000,1998.0000
192966.0320,2.0000,1997.0000,1424.0000,1000.0000,46.0000,62.0000,15.0000,1083.0000,-1084.0000,4391.0000,0.8298,-0.2535,-0.2368,0.4372,161.3200,-1.8800,-89.2900,7.3300,-12.3200,0.9300,0.0000,0.0000,-0.0000,1803.0000,1728.0000,1500.0000,1998.0000
192982.4810,2.0000,1997.0000,1424.0000,1000.0000,87.0000,83.0000,28.0000,1065.0000,-1249.0000,3844.0000,0.8332,-0.2512,-0.2234,0.4391,161.4700,-2.1500,-89.2100,7.5000,-12.2800,0.8500,0.0000,0.0000,-0.0000,1803.0000,1728.0000,1500.0000,1998.0000
192999.2640,2.0000,1997.0000,1424.0000,1000.0000,155.0000,104.0000,37.0000,1042.0000,-1068.0000,3270.0000,0.8383,-0.2438,-0.2033,0.4434,161.6100,-2.4000,-89.1300,7.7200,-12.2100,0.7700,0.0000,0.0000,-0.0000,1803.0000,1728.0000,1500.0000,1998.0000
193016.0370,2.0000,1997.0000,1300.0000,1866.0000,240.0000,143.0000,47.0000,1027.0000,-764.0000,2476.0000,0.8458,-0.2282,-0.1740,0.4498,161.7500,-2.6400,-89.0500,7.9100,-12.1500,0.7500,0.0000,0.0000,-0.0000,1416.0000,1217.0000,1500.0000,1998.0000
193032.7780,2.0000,1997.0000,1300.0000,1866.0000,297.0000,172.0000,53.0000,1500.0000,-309.0000,767.0000,0.8547,-0.2062,-0.1342,0.4572,161.7500,-2.6400,-89.0500,7.9100,-12.1500,0.7500,0.0000,0.0000,-0.0000,1416.0000,1217.0000,1500.0000,1998.0000
193049.8040,2.0000,1997.0000,1300.0000,1866.0000,316.0000,184.0000,53.0000,1196.0000,24.0000,-2087.0000,0.8629,-0.1796,-0.0886,0.4641,161.9300,-2.9300,-88.9500,8.0300,-12.1800,0.8500,0.0000,0.0000,-0.0000,1416.0000,1217.0000,1500.0000,1998.0000
193066.7430,2.0000,1997.0000,1300.0000,1866.0000,275.0000,173.0000,53.0000,949.0000,118.0000,-4954.0000,0.8682,-0.1541,-0.0439,0.4695,162.1000,-3.2000,-88.8500,8.2100,-12.1500,1.1800,0.0000,0.0000,-0.0000,1416.0000,1217.0000,1500.0000,1998.0000
193083.7460,2.0000,1997.0000,1300.0000,1866.0000,201.0000,114.0000,56.0000,980.0000,225.0000,-7083.0000,0.8702,-0.1335,-0.0071,0.4743,162.2600,-3.4500,-88.7500,8.3800,-12.0100,1.7200,0.0000,0.0000,-0.0000,1416.0000,1217.0000,1500.0000,1998.0000
193100.4270,2.0000,1980.0000,1396.0000,2000.0000,116.0000,33.0000,60.0000,1132.0000,75.0000,-7664.0000,0.8690,-0.1186,0.0141,0.4801,162.4100,-3.6800,-88.6600,8.5100,-11.8400,2.3800,0.0000,0.0000,-0.0000,1069.0000,1065.0000,1500.0000,1967.0000
193117.0640,2.0000,1964.0000,1496.0000,2000.0000,40.0000,-40.0000,64.0000,757.0000,66.0000,-7090.0000,0.8659,-0.1089,0.0200,0.4878,162.5700,-3.9100,-88.5900,8.5400,-11.6900,2.9900,0.0000,0.0000,-0.0000,1069.0000,1065.0000,1500.0000,1967.0000
193133.9270,2.0000,1964.0000,1496.0000,2000.0000,-29.0000,-101.0000,67.0000,450.0000,20.0000,-4870.0000,0.8614,-0.1023,0.0121,0.4974,162.5700,-3.9100,-88.5900,8.5400,-11.6900,2.9900,0.0000,0.0000,-0.0000,1069.0000,1065.0000,1500.0000,1967.0000
193150.9010,2.0000,1964.0000,1496.0000,2000.0000,-90.0000,-141.0000,73.0000,504.0000,54.0000,-1384.0000,0.8552,-0.1012,-0.0068,0.5082,162.7400,-4.1800,-88.5100,8.3600,-11.6400,3.5600,0.0000,0.0000,-0.0000,1069.0000,1065.0000,1500.0000,1967.0000
193167.8880,2.0000,1964.0000,1496.0000,2000.0000,-133.0000,-159.0000,74.0000,776.0000,81.0000,2088.0000,0.8474,-0.1042,-0.0338,0.5195,162.9000,-4.4400,-88.4500,8.1700,-11.6500,3.8600,0.0000,0.0000,-0.0000,1069.0000,1065.0000,1500.0000,1967.0000
193184.7460,2.0000,1964.0000,1496.0000,2000.0000,-162.0000,-165.0000,69.0000,867.0000,349.0000,4392.0000,0.8383,-0.1105,-0.0645,0.5299,163.0400,-4.6800,-88.3700,7.9500,-11.7200,3.9500,0.0000,0.0000,-0.0000,1069.0000,1065.0000,1500.0000,1967.0000
193201.4650,2.0000,1964.0000,1496.0000,2000.0000,-184.0000,-167.0000,61.0000,1098.0000,258.0000,6430.0000,0.8284,-0.1194,-0.0971,0.5386,163.1700,-4.9100,-88.2900,7.6700,-11.8100,3.8400,0.0000,0.0000,-0.0000,1069.0000,1065.0000,1500.0000,1967.0000
193218.2450,2.0000,1997.0000,1011.0000,1849.0000,-198.0000,-157.0000,50.0000,1341.0000,124.0000,8091.0000,0.8178,-0.1305,-0.1310,0.5449,163.3000,-5.1500,-88.2100,7.3400,-11.9800,3.5700,0.0000,0.0000,-0.0000,1573.0000,1081.0000,1500.0000,1998.0000
193234.9920,2.0000,1997.0000,1010.0000,1848.0000,-197.0000,-151.0000,39.0000,1417.0000,-123.0000,9377.0000,0.8071,-0.1428,-0.1647,0.5488,163.3000,-5.1500,-88.2100,7.3400,-11.9800,3.5700,0.0000,0.0000,-0.0000,1573.0000,1081.0000,1500.0000,1998.0000
193251.7050,2.0000,1997.0000,1010.0000,1848.0000,-187.0000,-130.0000,29.0000,1417.0000,-150.0000,9799.0000,0.7966,-0.1554,-0.1959,0.5504,163.4500,-5.4400,-88.1200,7.0100,-12.3300,3.1400,0.0000,0.0000,-0.0000,1573.0000,1081.0000,1500.0000,1998.0000
193268.5030,2.0000,1997.0000,1010.0000,1848.0000,-150.0000,-122.0000,17.0000,1490.0000,12.0000,9349.0000,0.7870,-0.1656,-0.2235,0.5507,163.5800,-5.7300,-88.0300,6.6200,-12.6000,2.6200,0.0000,0.0000,-0.0000,1573.0000,1081.0000,1500.0000,1998.0000
193285.6080,2.0000,1997.0000,1010.0000,1848.0000,-110.0000,-125.0000,5.0000,1523.0000,-166.0000,9435.0000,0.7787,-0.1712,-0.2480,0.5503,163.7000,-6.0000,-87.9500,6.2100,-12.8100,2.1400,0.0000,0.0000,-0.0000,1573.0000,1081.0000,1500.0000,1998.0000
193302.2440,2.0000,1997.0000,1003.0000,1841.0000,-74.0000,-120.0000,-6.0000,1553.0000,-289.0000,9584.0000,0.7720,-0.1715,-0.2691,0.5497,163.8000,-6.2600,-87.8800,5.8000,-12.9600,1.6600,0.0000,0.0000,-0.0000,1581.0000,1081.0000,1500.0000,1998.0000
193319.2870,2.0000,1997.0000,1002.0000,1840.0000,-44.0000,-117.0000,-11.0000,1631.0000,-345.0000,9649.0000,0.7664,-0.1681,-0.2879,0.5491,163.9000,-6.5300,-87.8200,5.3900,-13.0700,1.1700,0.0000,0.0000,-0.0000,1581.0000,1081.0000,1500.0000,1998.0000
193336.1030,2.0000,1997.0000,1002.0000,1840.0000,-31.0000,-103.0000,-13.0000,1367.0000,-401.0000,9563.0000,0.7619,-0.1629,-0.3037,0.5484,163.9000,-6.5300,-87.8200,5.3900,-13.0700,1.1700,0.0000,0.0000,-0.0000,1581.0000,1081.0000,1500.0000,1998.0000
193352.6780,2.0000,1997.0000,1002.0000,1840.0000,-27.0000,-88.0000,-13.0000,1289.0000,-492.0000,9501.0000,0.7583,-0.1578,-0.3166,0.5477,164.0100,-6.8300,-87.7600,4.9900,-13.1700,0.6700,0.0000,0.0000,-0.0000,1581.0000,1081.0000,1500.0000,1998.0000
193369.4440,2.0000,1997.0000,1002.0000,1840.0000,-22.0000,-75.0000,-10.0000,1261.0000,-612.0000,9091.0000,0.7550,-0.1541,-0.3276,0.5466,164.1100,-7.1200,-87.7100,4.6000,-13.2100,0.1700,0.0000,0.0000,-0.0000,1581.0000,1081.0000,1500.0000,1998.0000
193386.4850,2.0000,1997.0000,1002.0000,1840.0000,-13.0000,-57.0000,-6.0000,1143.0000,-741.0000,8674.0000,0.7522,-0.1502,-0.3367,0.5462,164.2000,-7.4000,-87.6800,4.2500,-13.2000,-0.3000,0.0000,0.0000,-0.0000,1581.0000,1081.0000,1500.0000,1998.0000
193403.1260,2.0000,1997.0000,1469.0000,1000.0000,-4.0000,-30.0000,-2.0000,1084.0000,-705.0000,8171.0000,0.7505,-0.1478,-0.3418,0.5459,164.2700,-7.6600,-87.6500,3.9600,-13.1600,-0.7400,0.0000,0.0000,-0.0000,1822.0000,1791.0000,1500.0000,1999.0000
193419.9240,2.0000,1998.0000,1469.0000,1000.0000,0.0000,-21.0000,3.0000,947.0000,-513.0000,7047.0000,0.7494,-0.1462,-0.3445,0.5461,164.3400,-7.9300,-87.6300,3.6900,-13.1500,-1.0900,0.0000,0.0000,-0.0000,1822.0000,1791.0000,1500.0000,1999.0000
193436.4700,2.0000,1998.0000,1469.0000,1000.0000,10.0000,-15.0000,9.0000,908.0000,-869.0000,6614.0000,0.7483,-0.1443,-0.3458,0.5474,164.3400,-7.9300,-87.6300,3.6900,-13.1500,-1.0900,0.0000,0.0000,-0.0000,1822.0000,1791.0000,1500.0000,1999.0000
193452.9600,2.0000,1998.0000,1469.0000,1000.0000,12.0000,3.0000,14.0000,1050.0000,-736.0000,6169.0000,0.7477,-0.1432,-0.3447,0.5493,164.4200,-8.2300,-87.6100,3.4200,-13.2000,-1.3800,0.0000,0.0000,-0.0000,1822.0000,1791.0000,1500.0000,1999.0000
193469.5830,2.0000,1998.0000,1469.0000,1000.0000,21.0000,14.0000,18.0000,1098.0000,-627.0000,5654.0000,0.7472,-0.1430,-0.3421,0.5515,164.4800,-8.5300,-87.6000,3.1900,-13.2500,-1.6400,0.0000,0.0000,-0.0000,1822.0000,1791.0000,1500.0000,1999.0000
193486.3110,2.0000,1998.0000,1469.0000,1000.0000,60.0000,36.0000,22.0000,1272.0000,-673.0000,5510.0000,0.7476,-0.1419,-0.3363,0.5549,164.5400,-8.8100,-87.6000,3.0200,-13.3100,-1.8500,0.0000,0.0000,-0.0000,1822.0000,1791.0000,1500.0000,1999.0000
193503.2120,2.0000,1998.0000,1512.0000,1000.0000,125.0000,77.0000,26.0000,1271.0000,-427.0000,5005.0000,0.7502,-0.1375,-0.3224,0.5607,164.6000,-9.0800,-87.5900,2.8800,-13.3700,-2.0500,0.0000,0.0000,-0.0000,1823.0000,1835.0000,1500.0000,1999.0000
193520.1660,2.0000,1998.0000,1512.0000,1000.0000,201.0000,124.0000,31.0000,1180.0000,-768.0000,4696.0000,0.7555,-0.1288,-0.2972,0.5695,164.6000,-9.0800,-87.5900,2.8800,-13.3700,-2.0500,0.0000,0.0000,-0.0000,1823.0000,1835.0000,1500.0000,1999.0000
193537.0380,2.0000,1998.0000,1512.0000,1000.0000,255.0000,185.0000,34.0000,1102.0000,-541.0000,2845.0000,0.7631,-0.1174,-0.2599,0.5799,164.6500,-9.3600,-87.5900,2.7200,-13.4700,-2.2400,0.0000,0.0000,-0.0000,1823.0000,1835.0000,1500.0000,1999.0000
193553.8640,2.0000,1998.0000,1512.0000,1000.0000,312.0000,225.0000,35.0000,1052.0000,-127.0000,-39.0000,0.7717,-0.1038,-0.2111,0.5908,164.6900,-9.6900,-87.5900,2.5000,-13.6200,-2.3300,0.0000,0.0000,-0.0000,1823.0000,1835.0000,1500.0000,1999.0000
193570.9240,2.0000,1998.0000,1512.0000,1000.0000,331.0000,259.0000,40.0000,1243.0000,91.0000,-3071.0000,0.7794,-0.0892,-0.1536,0.6008,164.7300,-10.0000,-87.5900,2.4100,-13.7900,-2.2100,0.0000,0.0000,-0.0000,1823.0000,1835.0000,1500.0000,1999.0000
193587.3940,2.0000,1998.0000,1512.0000,1000.0000,330.0000,270.0000,42.0000,1208.0000,319.0000,-6307.0000,0.7843,-0.0762,-0.0943,0.6084,164.7700,-10.3000,-87.5900,2.4300,-13.9800,-1.8600,0.0000,0.0000,-0.0000,1823.0000,1835.0000,1500.0000,1999.0000
193603.9270,2.0000,1981.0000,1505.0000,1583.0000,322.0000,245.0000,43.0000,1116.0000,143.0000,-8708.0000,0.7860,-0.0626,-0.0355,0.6140,164.8000,-10.5900,-87.6100,2.4500,-14.1000,-1.3300,0.0000,0.0000,-0.0000,1068.0000,1066.0000,1500.0000,1967.0000
193620.5640,2.0000,1964.0000,1498.0000,2000.0000,319.0000,200.0000,42.0000,1081.0000,89.0000,-9441.0000,0.7846,-0.0460,0.0189,0.6180,164.8000,-10.5900,-87.6100,2.4500,-14.1000,-1.3300,0.0000,0.0000,-0.0000,1068.0000,1066.0000,1500.0000,1967.0000
193637.4370,2.0000,1964.0000,1498.0000,2000.0000,306.0000,136.0000,37.0000,1202.0000,155.0000,-9471.0000,0.7811,-0.0245,0.0672,0.6204,164.8300,-10.9000,-87.6400,2.3100,-14.1600,-0.6300,0.0000,0.0000,-0.0000,1068.0000,1066.0000,1500.0000,1967.0000
193654.3990,2.0000,1964.0000,1498.0000,2000.0000,262.0000,74.0000,33.0000,1472.0000,385.0000,-9034.0000,0.7764,-0.0014,0.1056,0.6213,164.8600,-11.2400,-87.6900,1.9500,-14.2200,0.1700,0.0000,0.0000,-0.0000,1068.0000,1066.0000,1500.0000,1967.0000
193671.6540,2.0000,1964.0000,1498.0000,2000.0000,204.0000,3.0000,28.0000,1499.0000,390.0000,-7979.0000,0.7718,0.0229,0.1316,0.6217,164.8700,-11.5700,-87.7200,1.5300,-14.2700,1.0500,0.0000,0.0000,-0.0000,1068.0000,1066.0000,1500.0000,1967.0000
193688.3330,2.0000,1964.0000,1498.0000,2000.0000,122.0000,-72.0000,28.0000,1330.0000,-83.0000,-6399.0000,0.7690,0.0450,0.1417,0.6217,164.8800,-11.8700,-87.7500,1.1200,-14.3300,1.8300,0.0000,0.0000,-0.0000,1068.0000,1066.0000,1500.0000,1967.0000
193705.0240,2.0000,1964.0000,1498.0000,2000.0000,50.0000,-109.0000,34.0000,946.0000,-389.0000,-4443.0000,0.7672,0.0638,0.1389,0.6229,164.8700,-12.1700,-87.7700,0.8100,-14.3700,2.4300,0.0000,0.0000,-0.0000,1068.0000,1066.0000,1500.0000,1967.0000
193721.8770,2.0000,1964.0000,1498.0000,2000.0000,-25.0000,-153.0000,45.0000,785.0000,-418.0000,-2331.0000,0.7659,0.0777,0.1245,0.6260,164.8700,-12.1700,-87.7700,0.8100,-14.3700,2.4300,0.0000,0.0000,-0.0000,1068.0000,1066.0000,1500.0000,1967.0000
193738.6670,2.0000,1964.0000,1498.0000,2000.0000,-87.0000,-174.0000,54.0000,907.0000,-357.0000,45.0000,0.7645,0.0873,0.1003,0.6308,164.8600,-12.4800,-87.7800,0.5500,-14.4300,2.9100,0.0000,0.0000,-0.0000,1068.0000,1066.0000,1500.0000,1967.0000
193755.3900,2.0000,1964.0000,1498.0000,2000.0000,-127.0000,-191.0000,60.0000,856.0000,-551.0000,2756.0000,0.7627,0.0926,0.0691,0.6364,164.8400,-12.8300,-87.8000,0.2600,-14.5800,3.2000,0.0000,0.0000,-0.0000,1068.0000,1066.0000,1500.0000,1967.0000
193772.1800,2.0000,1964.0000,1498.0000,2000.0000,-152.0000,-187.0000,63.0000,890.0000,-367.0000,4912.0000,0.7601,0.0950,0.0341,0.6420,164.8000,-13.1700,-87.8000,0.0500,-14.6800,3.2800,0.0000,0.0000,-0.0000,1068.0000,1066.0000,1500.0000,1967.0000
193788.8230,2.0000,1964.0000,1498.0000,2000.0000,-173.0000,-182.0000,60.0000,1238.0000,-256.0000,6923.0000,0.7567,0.0946,-0.0025,0.6468,164.7700,-13.4900,-87.8000,-0.1200,-14.7300,3.1600,0.0000,0.0000,-0.0000,1068.0000,1066.0000,1500.0000,1967.0000
193805.4680,2.0000,1964.0000,1498.0000,2000.0000,-192.0000,-169.0000,54.0000,1323.0000,-343.0000,8537.0000,0.7531,0.0909,-0.0398,0.6504,164.7300,-13.7900,-87.7800,-0.2900,-14.7100,2.8000,0.0000,0.0000,-0.0000,1068.0000,1066.0000,1500.0000,1967.0000
193822.0030,2.0000,1997.0000,1012.0000,1850.0000,-199.0000,-153.0000,48.0000,1537.0000,-369.0000,9672.0000,0.7492,0.0846,-0.0762,0.6525,164.7300,-13.7900,-87.7800,-0.2900,-14.7100,2.8000,0.0000,0.0000,-0.0000,1572.0000,1081.0000,1500.0000,1998.0000
193838.6200,2.0000,1997.0000,1011.0000,1849.0000,-195.0000,-136.0000,42.0000,1554.0000,-283.0000,10164.0000,0.7450,0.0764,-0.1114,0.6532,164.6800,-14.1100,-87.7600,-0.4700,-14.7500,2.2700,0.0000,0.0000,-0.0000,1572.0000,1081.0000,1500.0000,1998.0000
193855.3600,2.0000,1997.0000,1011.0000,1849.0000,-173.0000,-110.0000,39.0000,1450.0000,-386.0000,10389.0000,0.7406,0.0672,-0.1428,0.6531,164.6300,-14.4700,-87.7400,-0.6800,-14.8400,1.6200,0.0000,0.0000,-0.0000,1572.0000,1081.0000,1500.0000,1998.0000
193872.4140,2.0000,1997.0000,1011.0000,1849.0000,-126.0000,-96.0000,33.0000,1338.0000,-204.0000,9431.0000,0.7360,0.0598,-0.1690,0.6528,164.5800,-14.8100,-87.7200,-0.9200,-14.8500,0.9500,0.0000,0.0000,-0.0000,1572.0000,1081.0000,1500.0000,1998.0000
193889.3180,2.0000,1997.0000,1011.0000,1849.0000,-79.0000,-80.0000,27.0000,1324.0000,-309.0000,9091.0000,0.7314,0.0564,-0.1884,0.6529,164.5400,-15.1300,-87.7000,-1.1700,-14.8100,0.3400,0.0000,0.0000,-0.0000,1572.0000,1081.0000,1500.0000,1998.0000
193906.3810,2.0000,1997.0000,1000.0000,1826.0000,-38.0000,-63.0000,19.0000,1148.0000,-230.0000,8024.0000,0.7274,0.0568,-0.2014,0.6535,164.4800,-15.4200,-87.7000,-1.4000,-14.7600,-0.2000,0.0000,0.0000,-0.0000,1594.0000,1082.0000,1500.0000,1998.0000
193923.2330,2.0000,1997.0000,1000.0000,1826.0000,-19.0000,-62.0000,15.0000,1132.0000,-210.0000,7438.0000,0.7240,0.0593,-0.2106,0.6542,164.4800,-15.4200,-87.7000,-1.4000,-14.7600,-0.2000,0.0000,0.0000,-0.0000,1594.0000,1082.0000,1500.0000,1998.0000
193940.2460,2.0000,1997.0000,1000.0000,1826.0000,-6.0000,-61.0000,10.0000,1068.0000,-64.0000,6853.0000,0.7208,0.0638,-0.2186,0.6547,164.4300,-15.7400,-87.6900,-1.5300,-14.7200,-0.6500,0.0000,0.0000,-0.0000,1594.0000,1082.0000,1500.0000,1998.0000
193956.8970,2.0000,1997.0000,1000.0000,1826.0000,-1.0000,-63.0000,1.0000,1096.0000,48.0000,6520.0000,0.7183,0.0691,-0.2249,0.6548,164.3800,-16.0900,-87.7000,-1.5700,-14.6900,-1.0500,0.0000,0.0000,-0.0000,1594.0000,1082.0000,1500.0000,1998.0000
193973.9920,2.0000,1997.0000,1000.0000,1826.0000,-1.0000,-79.0000,-10.0000,1251.0000,100.0000,6446.0000,0.7164,0.0759,-0.2325,0.6535,164.3400,-16.4100,-87.7100,-1.6100,-14.6400,-1.4100,0.0000,0.0000,-0.0000,1594.0000,1082.0000,1500.0000,1998.0000
193990.6690,2.0000,1997.0000,1000.0000,1826.0000,0.0000,-90.0000,-19.0000,1232.0000,-47.0000,6366.0000,0.7149,0.0842,-0.2410,0.6509,164.2900,-16.7200,-87.7300,-1.6500,-14.5900,-1.7700,0.0000,0.0000,-0.0000,1594.0000,1082.0000,1500.0000,1998.0000
194007.3470,2.0000,1997.0000,1000.0000,1826.0000,-3.0000,-105.0000,-27.0000,1398.0000,-140.0000,6746.0000,0.7137,0.0940,-0.2508,0.6472,164.2900,-16.7200,-87.7300,-1.6500,-14.5900,-1.7700,0.0000,0.0000,-0.0000,1594.0000,1082.0000,1500.0000,1998.0000
194024.0680,2.0000,1997.0000,1614.0000,1574.0000,-8.0000,-115.0000,-33.0000,1401.0000,-296.0000,7130.0000,0.7124,0.1051,-0.2627,0.6423,164.2400,-17.0500,-87.7500,-1.7000,-14.5200,-2.1300,0.0000,0.0000,-0.0000,1405.0000,1522.0000,1500.0000,1998.0000
194040.9060,2.0000,1997.0000,1614.0000,1574.0000,-10.0000,-123.0000,-38.0000,1462.0000,-374.0000,7526.0000,0.7111,0.1168,-0.2755,0.6363,164.1900,-17.3800,-87.7800,-1.7600,-14.4100,-2.5400,0.0000,0.0000,-0.0000,1405.0000,1522.0000,1500.0000,1998.0000
194057.9730,2.0000,1997.0000,1614.0000,1574.0000,-8.0000,-119.0000,-39.0000,1451.0000,-701.0000,8287.0000,0.7097,0.1292,-0.2888,0.6295,164.1500,-17.7000,-87.8100,-1.8200,-14.2400,-2.9700,0.0000,0.0000,-0.0000,1405.0000,1522.0000,1500.0000,1998.0000
194074.8620,2.0000,1997.0000,1614.0000,1574.0000,-12.0000,-101.0000,-37.0000,1621.0000,-709.0000,8839.0000,0.7087,0.1398,-0.3002,0.6230,164.1000,-18.0100,-87.8500,-1.8600,-14.0000,-3.4600,0.0000,0.0000,-0.0000,1405.0000,1522.0000,1500.0000,1998.0000
194091.7170,2.0000,1997.0000,1614.0000,1574.0000,-25.0000,-79.0000,-33.0000,1708.0000,-586.0000,8808.0000,0.7082,0.1477,-0.3103,0.6166,164.0600,-18.3000,-87.9000,-1.9200,-13.7400,-3.9700,0.0000,0.0000,-0.0000,1405.0000,1522.0000,1500.0000,1998.0000
194108.3640,2.0000,1997.0000,1871.0000,1103.0000,-46.0000,-51.0000,-27.0000,1943.0000,-800.0000,8979.0000,0.7086,0.1514,-0.3197,0.6105,164.0600,-18.3000,-87.9000,-1.9200,-13.7400,-3.9700,0.0000,0.0000,-0.0000,1538.0000,1960.0000,1500.0000,1999.0000
194125.1530,2.0000,1998.0000,1923.0000,1005.0000,-69.0000,-26.0000,-20.0000,1784.0000,-893.0000,8542.0000,0.7101,0.1497,-0.3281,0.6046,164.0100,-18.6100,-87.9600,-2.0000,-13.4800,-4.5000,0.0000,0.0000,-0.0000,1538.0000,1960.0000,1500.0000,1999.0000
194142.1940,2.0000,1998.0000,1923.0000,1005.0000,-88.0000,-3.0000,-13.0000,1632.0000,-948.0000,7780.0000,0.7125,0.1437,-0.3365,0.5988,163.9600,-18.9300,-88.0300,-2.0800,-13.2500,-5.0200,0.0000,0.0000,-0.0000,1538.0000,1960.0000,1500.0000,1999.0000
194159.2890,2.0000,1998.0000,1923.0000,1005.0000,-102.0000,40.0000,-5.0000,1573.0000,-1011.0000,7432.0000,0.7160,0.1324,-0.3431,0.5934,163.9100,-19.2300,-88.1100,-2.1500,-13.0500,-5.4500,0.0000,0.0000,-0.0000,1538.0000,1960.0000,1500.0000,1999.0000
194176.1640,2.0000,1998.0000,1923.0000,1005.0000,-99.0000,93.0000,0.0000,1821.0000,-619.0000,7121.0000,0.7214,0.1157,-0.3448,0.5894,163.8600,-19.5100,-88.1900,-2.2200,-12.8900,-5.8500,0.0000,0.0000,-0.0000,1538.0000,1960.0000,1500.0000,1999.0000
194192.6850,2.0000,1998.0000,1923.0000,1005.0000,-75.0000,162.0000,7.0000,1680.0000,-823.0000,6654.0000,0.7284,0.0958,-0.3393,0.5875,163.8200,-19.7900,-88.2900,-2.3100,-12.8000,-6.2200,0.0000,0.0000,-0.0000,1538.0000,1960.0000,1500.0000,1999.0000
194209.2920,2.0000,1998.0000,1919.0000,1009.0000,-29.0000,253.0000,15.0000,1401.0000,-754.0000,4493.0000,0.7378,0.0720,-0.3215,0.5891,163.8200,-19.7900,-88.2900,-2.3100,-12.8000,-6.2200,0.0000,0.0000,-0.0000,1539.0000,1956.0000,1500.0000,1999.0000
194225.9810,2.0000,1998.0000,1918.0000,1008.0000,15.0000,327.0000,26.0000,1223.0000,-785.0000,1264.0000,0.7485,0.0462,-0.2909,0.5941,163.7700,-20.0800,-88.3800,-2.3800,-12.7300,-6.5100,0.0000,0.0000,-0.0000,1539.0000,1956.0000,1500.0000,1999.0000
194242.7260,2.0000,1998.0000,1918.0000,1008.0000,41.0000,391.0000,32.0000,1466.0000,-320.0000,-2827.0000,0.7596,0.0166,-0.2487,0.6007,163.7200,-20.4000,-88.4800,-2.3600,-12.7700,-6.5700,0.0000,0.0000,-0.0000,1539.0000,1956.0000,1500.0000,1999.0000
194259.3830,2.0000,1998.0000,1918.0000,1008.0000,61.0000,409.0000,35.0000,1938.0000,154.0000,-7193.0000,0.7693,-0.0142,-0.1991,0.6069,163.6700,-20.7200,-88.5800,-2.2000,-12.9800,-6.2600,0.0000,0.0000,-0.0000,1539.0000,1956.0000,1500.0000,1999.0000
194276.6400,2.0000,1998.0000,1918.0000,1008.0000,69.0000,369.0000,34.0000,2207.0000,240.0000,-10596.0000,0.7761,-0.0437,-0.1468,0.6118,163.6400,-21.0200,-88.7100,-1.9500,-13.2800,-5.9100,0.0000,0.0000,-0.0000,1539.0000,1956.0000,1500.0000,1999.0000
194293.5320,2.0000,1998.0000,1918.0000,1008.0000,55.0000,304.0000,28.0000,1881.0000,353.0000,-11285.0000,0.7794,-0.0674,-0.1022,0.6144,163.6100,-21.3000,-88.8500,-1.6900,-13.4700,-5.1200,0.0000,0.0000,-0.0000,1539.0000,1956.0000,1500.0000,1999.0000
194310.5050,2.0000,1964.0000,1497.0000,2000.0000,34.0000,246.0000,22.0000,1516.0000,277.0000,-10497.0000,0.7804,-0.0873,-0.0664,0.6156,163.6100,-21.3000,-88.8500,-1.6900,-13.4700,-5.1200,0.0000,0.0000,-0.0000,1068.0000,1065.0000,1500.0000,1967.0000
194327.4310,2.0000,1964.0000,1497.0000,2000.0000,3.0000,189.0000,16.0000,1497.0000,375.0000,-9731.0000,0.7799,-0.1049,-0.0397,0.6158,163.5800,-21.6100,-89.0000,-1.5600,-13.3900,-4.1100,0.0000,0.0000,-0.0000,1068.0000,1065.0000,1500.0000,1967.0000
194344.1970,2.0000,1964.0000,1497.0000,2000.0000,-38.0000,118.0000,8.0000,1577.0000,260.0000,-9013.0000,0.7784,-0.1212,-0.0240,0.6155,163.5500,-21.9300,-89.1400,-1.5300,-13.1400,-3.1700,0.0000,0.0000,-0.0000,1068.0000,1065.0000,1500.0000,1967.0000
194361.0040,2.0000,1964.0000,1497.0000,2000.0000,-67.0000,30.0000,-6.0000,1310.0000,251.0000,-8804.0000,0.7768,-0.1339,-0.0207,0.6150,163.5200,-22.2300,-89.2700,-1.5100,-12.8800,-2.2900,0.0000,0.0000,-0.0000,1068.0000,1065.0000,1500.0000,1967.0000
194377.6860,2.0000,1964.0000,1497.0000,2000.0000,-97.0000,-47.0000,-19.0000,1148.0000,369.0000,-8460.0000,0.7754,-0.1421,-0.0300,0.6146,163.4900,-22.5000,-89.3800,-1.4800,-12.6200,-1.4400,0.0000,0.0000,-0.0000,1068.0000,1065.0000,1500.0000,1967.0000
194394.4230,2.0000,1971.0000,1422.0000,2000.0000,-135.0000,-120.0000,-27.0000,1358.0000,360.0000,-7451.0000,0.7739,-0.1472,-0.0509,0.6138,163.4700,-22.7500,-89.4800,-1.4300,-12.4000,-0.6300,0.0000,0.0000,-0.0000,1421.0000,1080.0000,1500.0000,1998.0000
194411.1950,2.0000,1997.0000,1158.0000,1998.0000,-175.0000,-197.0000,-34.0000,1344.0000,266.0000,-5478.0000,0.7712,-0.1498,-0.0841,0.6130,163.4700,-22.7500,-89.4800,-1.4300,-12.4000,-0.6300,0.0000,0.0000,-0.0000,1421.0000,1080.0000,1500.0000,1998.0000
194428.0970,2.0000,1997.0000,1158.0000,1998.0000,-206.0000,-242.0000,-36.0000,1311.0000,-305.0000,-2900.0000,0.7660,-0.1511,-0.1274,0.6117,163.4400,-23.0100,-89.5800,-1.4100,-12.2700,-0.0000,0.0000,0.0000,-0.0000,1421.0000,1080.0000,1500.0000,1998.0000
194444.9690,2.0000,1997.0000,1158.0000,1998.0000,-213.0000,-263.0000,-38.0000,1335.0000,-432.0000,-733.0000,0.7585,-0.1512,-0.1756,0.6091,163.4100,-23.2800,-89.6600,-1.4300,-12.2000,0.4200,0.0000,0.0000,-0.0000,1421.0000,1080.0000,1500.0000,1998.0000
194461.9260,2.0000,1997.0000,1158.0000,1998.0000,-191.0000,-280.0000,-41.0000,1383.0000,-578.0000,1789.0000,0.7489,-0.1484,-0.2255,0.6052,163.3700,-23.5400,-89.7400,-1.5200,-12.1200,0.6500,0.0000,0.0000,-0.0000,1421.0000,1080.0000,1500.0000,1998.0000
194478.8640,2.0000,1997.0000,1158.0000,1998.0000,-156.0000,-286.0000,-47.0000,1765.0000,-551.0000,3995.0000,0.7382,-0.1406,-0.2732,0.6006,163.3400,-23.7900,-89.8200,-1.7500,-12.0200,0.7400,0.0000,0.0000,-0.0000,1421.0000,1080.0000,1500.0000,1998.0000
194495.4230,2.0000,1997.0000,1158.0000,1998.0000,-111.0000,-285.0000,-49.0000,2033.0000,-787.0000,6488.0000,0.7270,-0.1271,-0.3163,0.5960,163.3000,-24.0100,-89.8900,-2.1100,-11.8700,0.7100,0.0000,0.0000,-0.0000,1421.0000,1080.0000,1500.0000,1998.0000
194512.2070,2.0000,1997.0000,1014.0000,1852.0000,-73.0000,-279.0000,-48.0000,2335.0000,-1072.0000,8577.0000,0.7155,-0.1097,-0.3549,0.5917,163.3000,-24.0100,-89.8900,-2.1100,-11.8700,0.7100,0.0000,0.0000,-0.0000,1570.0000,1081.0000,1500.0000,1998.0000
194529.3280,2.0000,1997.0000,1013.0000,1851.0000,-39.0000,-264.0000,-40.0000,2330.0000,-1252.0000,9916.0000,0.7032,-0.0890,-0.3894,0.5882,163.2500,-24.2800,-89.9400,-2.5800,-11.8500,0.4700,0.0000,0.0000,-0.0000,1570.0000,1081.0000,1500.0000,1998.0000
194545.8970,2.0000,1997.0000,1013.0000,1851.0000,-2.0000,-239.0000,-31.0000,2193.0000,-1124.0000,10216.0000,0.6912,-0.0675,-0.4168,0.5865,163.1900,-24.5600,-89.9800,-3.1100,-11.8200,0.0700,0.0000,0.0000,-0.0000,1570.0000,1081.0000,1500.0000,1998.0000
194562.7320,2.0000,1997.0000,1013.0000,1851.0000,21.0000,-204.0000,-25.0000,2276.0000,-1009.0000,10381.0000,0.6797,-0.0456,-0.4383,0.5864,163.1200,-24.8200,-90.0200,-3.6200,-11.6700,-0.3700,0.0000,0.0000,-0.0000,1570.0000,1081.0000,1500.0000,1998.0000
194579.7500,2.0000,1997.0000,1013.0000,1851.0000,41.0000,-171.0000,-18.0000,2237.0000,-938.0000,10002.0000,0.6694,-0.0251,-0.4544,0.5872,163.0500,-25.0700,-90.0500,-4.0900,-11.4500,-0.8300,0.0000,0.0000,-0.0000,1570.0000,1081.0000,1500.0000,1998.0000
194596.3930,2.0000,1997.0000,1013.0000,1851.0000,62.0000,-143.0000,-9.0000,2281.0000,-1303.0000,10183.0000,0.6599,-0.0053,-0.4655,0.5898,162.9700,-25.2900,-90.0900,-4.4600,-11.1900,-1.3100,0.0000,0.0000,-0.0000,1570.0000,1081.0000,1500.0000,1998.0000
194613.4870,2.0000,1975.0000,1497.0000,2000.0000,82.0000,-114.0000,1.0000,2185.0000,-1251.0000,9692.0000,0.6513,0.0136,-0.4716,0.5943,162.9700,-25.2900,-90.0900,-4.4600,-11.1900,-1.3100,0.0000,0.0000,-0.0000,1090.0000,1087.0000,1500.0000,1977.0000
194630.4310,2.0000,1975.0000,1497.0000,2000.0000,76.0000,-80.0000,16.0000,2394.0000,-1266.0000,9760.0000,0.6437,0.0292,-0.4738,0.6003,162.8800,-25.5600,-90.1300,-4.6900,-11.1800,-1.7700,0.0000,0.0000,-0.0000,1090.0000,1087.0000,1500.0000,1977.0000
194647.0050,2.0000,1975.0000,1497.0000,2000.0000,70.0000,-34.0000,32.0000,1883.0000,-1027.0000,8385.0000,0.6375,0.0391,-0.4730,0.6070,162.7800,-25.8400,-90.1700,-4.8600,-11.2400,-2.2300,0.0000,0.0000,-0.0000,1090.0000,1087.0000,1500.0000,1977.0000
194663.7460,2.0000,1975.0000,1497.0000,2000.0000,71.0000,-10.0000,46.0000,1754.0000,-852.0000,7209.0000,0.6323,0.0447,-0.4687,0.6153,162.6900,-26.1100,-90.2200,-4.9200,-11.3200,-2.6100,0.0000,0.0000,-0.0000,1090.0000,1087.0000,1500.0000,1977.0000
194680.5170,2.0000,1975.0000,1497.0000,2000.0000,52.0000,20.0000,61.0000,1901.0000,-656.0000,6468.0000,0.6275,0.0460,-0.4629,0.6243,162.6000,-26.3500,-90.2700,-4.8900,-11.4300,-2.9100,0.0000,0.0000,-0.0000,1090.0000,1087.0000,1500.0000,1977.0000
194697.4440,2.0000,1975.0000,1497.0000,2000.0000,36.0000,53.0000,76.0000,1995.0000,-556.0000,6223.0000,0.6235,0.0419,-0.4560,0.6337,162.5200,-26.5900,-90.3200,-4.8500,-11.5700,-3.1900,0.0000,0.0000,-0.0000,1090.0000,1087.0000,1500.0000,1977.0000
194714.1210,2.0000,1969.0000,1529.0000,2000.0000,10.0000,78.0000,82.0000,1583.0000,-680.0000,5342.0000,0.6206,0.0324,-0.4483,0.6425,162.5200,-26.5900,-90.3200,-4.8500,-11.5700,-3.1900,0.0000,0.0000,-0.0000,1072.0000,1101.0000,1500.0000,1972.0000
194730.7900,2.0000,1969.0000,1529.0000,2000.0000,-8.0000,95.0000,87.0000,1497.0000,-491.0000,3975.0000,0.6184,0.0189,-0.4406,0.6504,162.4300,-26.8700,-90.3900,-4.8200,-11.7100,-3.4400,0.0000,0.0000,-0.0000,1072.0000,1101.0000,1500.0000,1972.0000
194747.5830,2.0000,1969.0000,1529.0000,2000.0000,-23.0000,85.0000,89.0000,1746.0000,-243.0000,2930.0000,0.6161,0.0028,-0.4337,0.6575,162.3400,-27.1700,-90.4500,-4.7500,-11.8800,-3.5900,0.0000,0.0000,-0.0000,1072.0000,1101.0000,1500.0000,1972.0000
194764.2750,2.0000,1969.0000,1529.0000,2000.0000,-41.0000,82.0000,89.0000,1617.0000,-57.0000,1860.0000,0.6128,-0.0137,-0.4293,0.6633,162.2600,-27.4500,-90.5200,-4.6500,-12.1200,-3.6600,0.0000,0.0000,-0.0000,1072.0000,1101.0000,1500.0000,1972.0000
194781.0260,2.0000,1969.0000,1529.0000,2000.0000,-67.0000,64.0000,88.0000,1457.0000,21.0000,1053.0000,0.6088,-0.0312,-0.4275,0.6676,162.1900,-27.7100,-90.5900,-4.5100,-12.3800,-3.6200,0.0000,0.0000,-0.0000,1072.0000,1101.0000,1500.0000,1972.0000
194797.7370,2.0000,1969.0000,1529.0000,2000.0000,-92.0000,44.0000,85.0000,1556.0000,198.0000,676.0000,0.6033,-0.0489,-0.4301,0.6698,162.1900,-27.7100,-90.5900,-4.5100,-12.3800,-3.6200,0.0000,0.0000,-0.0000,1072.0000,1101.0000,1500.0000,1972.0000
194814.6430,2.0000,1997.0000,1043.0000,1881.0000,-124.0000,25.0000,80.0000,1736.0000,319.0000,768.0000,0.5963,-0.0670,-0.4372,0.6699,162.1200,-27.9600,-90.6600,-4.3600,-12.6200,-3.5300,0.0000,0.0000,-0.0000,1540.0000,1081.0000,1500.0000,1998.0000
194831.3730,2.0000,1997.0000,1043.0000,1881.0000,-143.0000,7.0000,72.0000,1633.0000,277.0000,902.0000,0.5883,-0.0849,-0.4483,0.6676,162.0400,-28.2700,-90.7300,-4.3400,-12.7000,-3.4400,0.0000,0.0000,-0.0000,1540.0000,1081.0000,1500.0000,1998.0000
194848.3070,2.0000,1997.0000,1043.0000,1881.0000,-137.0000,-30.0000,58.0000,1629.0000,259.0000,899.0000,0.5791,-0.1005,-0.4625,0.6638,161.9600,-28.5600,-90.7900,-4.3600,-12.7200,-3.3600,0.0000,0.0000,-0.0000,1540.0000,1081.0000,1500.0000,1998.0000
194865.3640,2.0000,1997.0000,1043.0000,1881.0000,-123.0000,-64.0000,42.0000,1364.0000,193.0000,933.0000,0.5689,-0.1110,-0.4786,0.6595,161.8900,-28.8300,-90.8600,-4.3700,-12.7100,-3.2700,0.0000,0.0000,-0.0000,1540.0000,1081.0000,1500.0000,1998.0000
194882.1790,2.0000,1997.0000,1043.0000,1881.0000,-105.0000,-94.0000,22.0000,1211.0000,487.0000,1090.0000,0.5581,-0.1148,-0.4957,0.6554,161.8200,-29.0900,-90.9300,-4.3700,-12.6600,-3.1700,0.0000,0.0000,-0.0000,1540.0000,1081.0000,1500.0000,1998.0000
194898.8560,2.0000,1997.0000,1022.0000,1860.0000,-90.0000,-128.0000,4.0000,1298.0000,225.0000,2324.0000,0.5474,-0.1132,-0.5135,0.6511,161.8200,-29.0900,-90.9300,-4.3700,-12.6600,-3.1700,0.0000,0.0000,-0.0000,1571.0000,1081.0000,1500.0000,1998.0000
194915.5710,2.0000,1997.0000,1012.0000,1850.0000,-80.0000,-147.0000,-12.0000,1441.0000,-124.0000,3739.0000,0.5360,-0.1065,-0.5324,0.6464,161.7600,-29.3300,-90.9900,-4.4300,-12.5600,-3.0800,0.0000,0.0000,-0.0000,1571.0000,1081.0000,1500.0000,1998.0000
194932.6260,2.0000,1997.0000,1012.0000,1850.0000,-67.0000,-155.0000,-25.0000,1414.0000,-79.0000,4395.0000,0.5248,-0.0963,-0.5516,0.6412,161.6700,-29.6200,-91.0600,-4.7000,-12.3900,-3.0800,0.0000,0.0000,-0.0000,1571.0000,1081.0000,1500.0000,1998.0000
194949.4980,2.0000,1997.0000,1012.0000,1850.0000,-52.0000,-164.0000,-35.0000,1441.0000,-189.0000,5114.0000,0.5139,-0.0835,-0.5698,0.6359,161.5800,-29.8900,-91.1300,-5.0300,-12.1600,-3.1000,0.0000,0.0000,-0.0000,1571.0000,1081.0000,1500.0000,1998.0000
194966.6030,2.0000,1997.0000,1012.0000,1850.0000,-42.0000,-163.0000,-43.0000,1633.0000,-196.0000,5838.0000,0.5032,-0.0685,-0.5870,0.6305,161.4800,-30.1400,-91.2000,-5.3700,-11.8800,-3.1300,0.0000,0.0000,-0.0000,1571.0000,1081.0000,1500.0000,1998.0000
194983.5740,2.0000,1997.0000,1012.0000,1850.0000,-35.0000,-155.0000,-46.0000,1590.0000,-263.0000,6280.0000,0.4932,-0.0527,-0.6028,0.6250,161.3800,-30.3700,-91.2700,-5.7200,-11.5500,-3.1800,0.0000,0.0000,-0.0000,1571.0000,1081.0000,1500.0000,1998.0000
195000.1800,2.0000,1997.0000,1012.0000,1850.0000,-29.0000,-151.0000,-47.0000,2058.0000,-480.0000,7051.0000,0.4840,-0.0375,-0.6167,0.6197,161.3800,-30.3700,-91.2700,-5.7200,-11.5500,-3.1800,0.0000,0.0000,-0.0000,1571.0000,1081.0000,1500.0000,1998.0000
195017.1430,2.0000,1997.0000,1103.0000,1941.0000,-22.0000,-126.0000,-44.0000,1885.0000,-683.0000,7476.0000,0.4756,-0.0228,-0.6291,0.6144,161.2800,-30.5900,-91.3300,-6.0900,-11.1900,-3.2400,0.0000,0.0000,-0.0000,1472.0000,1081.0000,1500.0000,1998.0000
195033.9250,2.0000,1997.0000,1108.0000,1946.0000,-15.0000,-108.0000,-36.0000,1873.0000,-595.0000,7242.0000,0.4688,-0.0104,-0.6388,0.6100,161.1800,-30.7900,-91.4000,-6.4400,-10.7800,-3.3300,0.0000,0.0000,-0.0000,1472.0000,1081.0000,1500.0000,1998.0000
195050.8490,2.0000,1997.0000,1108.0000,1946.0000,-8.0000,-95.0000,-28.0000,1985.0000,-708.0000,6792.0000,0.4626,0.0005,-0.6468,0.6063,161.0700,-30.9700,-91.4600,-6.7500,-10.3700,-3.4000,0.0000,0.0000,-0.0000,1472.0000,1081.0000,1500.0000,1998.0000
195067.6910,2.0000,1997.0000,1108.0000,1946.0000,0.0000,-72.0000,-19.0000,1920.0000,-848.0000,6526.0000,0.4572,0.0095,-0.6529,0.6039,160.9600,-31.1400,-91.5300,-6.9900,-10.0000,-3.4600,0.0000,0.0000,-0.0000,1472.0000,1081.0000,1500.0000,1998.0000
195084.7670,2.0000,1997.0000,1108.0000,1946.0000,3.0000,-55.0000,-11.0000,1924.0000,-691.0000,6032.0000,0.4529,0.0161,-0.6571,0.6024,160.8500,-31.3000,-91.5900,-7.1700,-9.6800,-3.5200,0.0000,0.0000,-0.0000,1472.0000,1081.0000,1500.0000,1998.0000
195101.7430,2.0000,1997.0000,1108.0000,1946.0000,9.0000,-49.0000,-3.0000,1554.0000,-891.0000,5353.0000,0.4489,0.0214,-0.6600,0.6020,160.8500,-31.3000,-91.5900,-7.1700,-9.6800,-3.5200,0.0000,0.0000,-0.0000,1472.0000,1081.0000,1500.0000,1998.0000
195118.3850,2.0000,1994.0000,1316.0000,2000.0000,15.0000,-49.0000,7.0000,1586.0000,-1120.0000,5091.0000,0.4443,0.0260,-0.6620,0.6030,160.7500,-31.4300,-91.6600,-7.2600,-9.4300,-3.5300,0.0000,0.0000,-0.0000,1261.0000,1078.0000,1500.0000,1995.0000
195135.3930,2.0000,1994.0000,1316.0000,2000.0000,14.0000,-44.0000,15.0000,1502.0000,-944.0000,4571.0000,0.4390,0.0297,-0.6638,0.6047,160.6500,-31.5600,-91.7200,-7.2800,-9.2000,-3.5600,0.0000,0.0000,-0.0000,1261.0000,1078.0000,1500.0000,1995.0000
195152.2310,2.0000,1994.0000,1316.0000,2000.0000,9.0000,-42.0000,22.0000,1626.0000,-717.0000,4135.0000,0.4333,0.0324,-0.6657,0.6067,160.5500,-31.6800,-91.7800,-7.2700,-9.0200,-3.5600,0.0000,0.0000,-0.0000,1261.0000,1078.0000,1500.0000,1995.0000
195168.9880,2.0000,1994.0000,1316.0000,2000.0000,-1.0000,-51.0000,32.0000,1785.0000,-787.0000,4042.0000,0.4269,0.0338,-0.6682,0.6083,160.4700,-31.7800,-91.8500,-7.2300,-8.9100,-3.5500,0.0000,0.0000,-0.0000,1261.0000,1078.0000,1500.0000,1995.0000
195185.7160,2.0000,1994.0000,1316.0000,2000.0000,-8.0000,-52.0000,41.0000,1721.0000,-895.0000,3976.0000,0.4191,0.0341,-0.6719,0.6097,160.3900,-31.8800,-91.9100,-7.1700,-8.8100,-3.5600,0.0000,0.0000,-0.0000,1261.0000,1078.0000,1500.0000,1995.0000
195202.3450,2.0000,1994.0000,1316.0000,2000.0000,-15.0000,-58.0000,49.0000,1902.0000,-494.0000,3344.0000,0.4103,0.0333,-0.6764,0.6108,160.3900,-31.8800,-91.9100,-7.1700,-8.8100,-3.5600,0.0000,0.0000,-0.0000,1261.0000,1078.0000,1500.0000,1995.0000
195219.0820,2.0000,1997.0000,1058.0000,1896.0000,-21.0000,-68.0000,54.0000,2063.0000,-458.0000,3488.0000,0.3999,0.0324,-0.6818,0.6117,160.3200,-31.9600,-91.9700,-7.0800,-8.7700,-3.5400,0.0000,0.0000,-0.0000,1525.0000,1081.0000,1500.0000,1998.0000
195235.9950,2.0000,1997.0000,1058.0000,1896.0000,-25.0000,-79.0000,58.0000,1675.0000,-306.0000,3242.0000,0.3879,0.0314,-0.6884,0.6121,160.2600,-32.0300,-92.0300,-7.0100,-8.7600,-3.5000,0.0000,0.0000,-0.0000,1525.0000,1081.0000,1500.0000,1998.0000
195252.8550,2.0000,1997.0000,1058.0000,1896.0000,-21.0000,-86.0000,59.0000,1526.0000,-220.0000,3122.0000,0.3745,0.0314,-0.6953,0.6126,160.2000,-32.1000,-92.0800,-6.9200,-8.7500,-3.4300,0.0000,0.0000,-0.0000,1525.0000,1081.0000,1500.0000,1998.0000
195269.7140,2.0000,1997.0000,1058.0000,1896.0000,-16.0000,-98.0000,59.0000,1602.0000,-186.0000,3171.0000,0.3601,0.0323,-0.7023,0.6133,160.1500,-32.1700,-92.1400,-6.8300,-8.7300,-3.3300,0.0000,0.0000,-0.0000,1525.0000,1081.0000,1500.0000,1998.0000
195286.5130,2.0000,1997.0000,1058.0000,1896.0000,-13.0000,-113.0000,56.0000,1475.0000,-432.0000,3600.0000,0.3443,0.0350,-0.7094,0.6140,160.1000,-32.2300,-92.1900,-6.7600,-8.6800,-3.2400,0.0000,0.0000,-0.0000,1525.0000,1081.0000,1500.0000,1998.0000
195303.0610,2.0000,1997.0000,1009.0000,1847.0000,-12.0000,-130.0000,53.0000,1793.0000,-366.0000,4032.0000,0.3276,0.0390,-0.7167,0.6144,160.1000,-32.2300,-92.1900,-6.7600,-8.6800,-3.2400,0.0000,0.0000,-0.0000,1575.0000,1081.0000,1500.0000,1998.0000
195320.0980,2.0000,1997.0000,1008.0000,1846.0000,-11.0000,-141.0000,50.0000,1623.0000,-457.0000,4189.0000,0.3090,0.0448,-0.7245,0.6145,160.0500,-32.3000,-92.2500,-6.7400,-8.5600,-3.1700,0.0000,0.0000,-0.0000,1575.0000,1081.0000,1500.0000,1998.0000
195337.1730,2.0000,1997.0000,1008.0000,1846.0000,-6.0000,-151.0000,46.0000,1776.0000,-429.0000,4536.0000,0.2892,0.0521,-0.7320,0.6146,160.0000,-32.3600,-92.3000,-6.7300,-8.4200,-3.0600,0.0000,0.0000,-0.0000,1575.0000,1081.0000,1500.0000,1998.0000
195353.9620,2.0000,1997.0000,1008.0000,1846.0000,-6.0000,-155.0000,44.0000,1918.0000,-102.0000,4736.0000,0.2692,0.0602,-0.7392,0.6144,159.9500,-32.4200,-92.3500,-6.7300,-8.2400,-2.9400,0.0000,0.0000,-0.0000,1575.0000,1081.0000,1500.0000,1998.0000
195370.7540,2.0000,1997.0000,1008.0000,1846.0000,-8.0000,-165.0000,40.0000,1993.0000,-349.0000,5461.0000,0.2486,0.0692,-0.7464,0.6134,159.8900,-32.4800,-92.4000,-6.7600,-8.0300,-2.8100,0.0000,0.0000,-0.0000,1575.0000,1081.0000,1500.0000,1998.0000
195387.7460,2.0000,1997.0000,1008.0000,1846.0000,-11.0000,-165.0000,37.0000,2149.0000,-496.0000,5917.0000,0.2274,0.0790,-0.7536,0.6116,159.8400,-32.5300,-92.4400,-6.7900,-7.7600,-2.6800,0.0000,0.0000,-0.0000,1575.0000,1081.0000,1500.0000,1998.0000
195404.4080,2.0000,1997.0000,1008.0000,1846.0000,-8.0000,-167.0000,34.0000,2061.0000,-772.0000,6475.0000,0.2066,0.0890,-0.7603,0.6094,159.8400,-32.5300,-92.4400,-6.7900,-7.7600,-2.6800,0.0000,0.0000,-0.0000,1575.0000,1081.0000,1500.0000,1998.0000
195421.1250,2.0000,1997.0000,1000.0000,1539.0000,-6.0000,-164.0000,29.0000,1902.0000,-741.0000,6695.0000,0.1861,0.0992,-0.7661,0.6071,159.7800,-32.5900,-92.4900,-6.8800,-7.4000,-2.5500,0.0000,0.0000,-0.0000,1761.0000,1202.0000,1500.0000,1998.0000
195437.8240,2.0000,1997.0000,1000.0000,1538.0000,-4.0000,-149.0000,26.0000,1646.0000,-632.0000,6686.0000,0.1668,0.1091,-0.7711,0.6048,159.4900,-32.8300,-92.5500,-7.9900,-6.8000,-2.4000,0.0000,0.0000,-0.0000,1761.0000,1202.0000,1500.0000,1998.0000
195454.5170,2.0000,1997.0000,1000.0000,1538.0000,8.0000,-133.0000,24.0000,1840.0000,-698.0000,6851.0000,0.1493,0.1180,-0.7748,0.6029,159.1900,-33.0500,-92.6200,-8.9700,-6.2300,-2.2200,0.0000,0.0000,-0.0000,1761.0000,1202.0000,1500.0000,1998.0000
195471.4680,2.0000,1997.0000,1000.0000,1538.0000,27.0000,-106.0000,22.0000,2212.0000,-652.0000,6793.0000,0.1341,0.1252,-0.7763,0.6031,158.8900,-33.2500,-92.6800,-9.8500,-5.6900,-2.0500,0.0000,0.0000,-0.0000,1761.0000,1202.0000,1500.0000,1998.0000
195488.4540,2.0000,1997.0000,1000.0000,1538.0000,32.0000,-85.0000,20.0000,2016.0000,-735.0000,6692.0000,0.1215,0.1310,-0.7760,0.6050,158.8900,-33.2500,-92.6800,-9.8500,-5.6900,-2.0500,0.0000,0.0000,-0.0000,1761.0000,1202.0000,1500.0000,1998.0000
195505.2790,2.0000,1997.0000,1838.0000,1000.0000,43.0000,-60.0000,19.0000,1650.0000,-828.0000,6128.0000,0.1114,0.1353,-0.7744,0.6079,158.5800,-33.4200,-92.7300,-10.6400,-5.2000,-1.8900,0.0000,0.0000,-0.0000,1587.0000,1925.0000,1500.0000,1999.0000
195521.8470,2.0000,1998.0000,1839.0000,1000.0000,47.0000,-36.0000,18.0000,1275.0000,-808.0000,5398.0000,0.1041,0.1375,-0.7717,0.6122,158.2600,-33.5900,-92.7900,-11.3400,-4.7700,-1.7300,0.0000,0.0000,-0.0000,1587.0000,1925.0000,1500.0000,1999.0000
195538.6030,2.0000,1998.0000,1839.0000,1000.0000,55.0000,0.0000,21.0000,1644.0000,-493.0000,4876.0000,0.0999,0.1370,-0.7679,0.6177,157.8300,-33.7500,-92.8500,-12.3400,-4.3000,-1.6000,0.0000,0.0000,-0.0000,1587.0000,1925.0000,1500.0000,1999.0000
195555.5270,2.0000,1998.0000,1839.0000,1000.0000,74.0000,27.0000,22.0000,1827.0000,-569.0000,4559.0000,0.0985,0.1338,-0.7625,0.6253,157.4100,-33.9000,-92.9100,-13.2500,-3.9300,-1.4800,0.0000,0.0000,-0.0000,1587.0000,1925.0000,1500.0000,1999.0000
195572.1840,2.0000,1998.0000,1839.0000,1000.0000,104.0000,65.0000,26.0000,1745.0000,-403.0000,3955.0000,0.1005,0.1271,-0.7542,0.6363,156.9900,-34.0400,-92.9700,-14.0800,-3.6500,-1.3800,0.0000,0.0000,-0.0000,1587.0000,1925.0000,1500.0000,1999.0000
195589.1220,2.0000,1998.0000,1839.0000,1000.0000,136.0000,105.0000,31.0000,1575.0000,-220.0000,3153.0000,0.1054,0.1172,-0.7420,0.6516,156.9900,-34.0400,-92.9700,-14.0800,-3.6500,-1.3800,0.0000,0.0000,-0.0000,1587.0000,1925.0000,1500.0000,1999.0000
195605.8860,2.0000,1994.0000,2000.0000,1212.0000,155.0000,146.0000,37.0000,1751.0000,-220.0000,2466.0000,0.1138,0.1031,-0.7264,0.6699,156.5800,-34.1600,-93.0300,-14.8200,-3.4600,-1.2800,0.0000,0.0000,-0.0000,1329.0000,1959.0000,1500.0000,1995.0000
195622.7760,2.0000,1994.0000,2000.0000,1212.0000,156.0000,193.0000,42.0000,1702.0000,-580.0000,1831.0000,0.1256,0.0847,-0.7081,0.6897,156.1600,-34.2800,-93.0900,-15.5000,-3.3600,-1.2000,0.0000,0.0000,-0.0000,1329.0000,1959.0000,1500.0000,1995.0000
195639.5230,2.0000,1994.0000,2000.0000,1212.0000,130.0000,233.0000,46.0000,1886.0000,-402.0000,170.0000,0.1416,0.0609,-0.6896,0.7076,155.6200,-34.3900,-93.1500,-16.3800,-3.1300,-1.1800,0.0000,0.0000,-0.0000,1329.0000,1959.0000,1500.0000,1995.0000
195656.3020,2.0000,1994.0000,2000.0000,1212.0000,89.0000,269.0000,51.0000,1814.0000,-407.0000,-1639.0000,0.1608,0.0322,-0.6727,0.7215,155.1000,-34.4900,-93.2100,-17.1600,-3.1100,-1.2000,0.0000,0.0000,-0.0000,1329.0000,1959.0000,1500.0000,1995.0000
195673.1670,2.0000,1994.0000,2000.0000,1212.0000,47.0000,290.0000,56.0000,1726.0000,-307.0000,-3916.0000,0.1817,-0.0008,-0.6588,0.7301,154.5900,-34.5900,-93.2900,-17.7900,-3.3000,-1.2400,0.0000,0.0000,-0.0000,1329.0000,1959.0000,1500.0000,1995.0000
195690.0070,2.0000,1994.0000,2000.0000,1212.0000,6.0000,278.0000,62.0000,1765.0000,-229.0000,-6037.0000,0.2029,-0.0368,-0.6477,0.7334,154.5900,-34.5900,-93.2900,-17.7900,-3.3000,-1.2400,0.0000,0.0000,-0.0000,1329.0000,1959.0000,1500.0000,1995.0000
195706.8230,2.0000,1998.0000,1521.0000,1000.0000,-24.0000,243.0000,60.0000,1932.0000,-8.0000,-7404.0000,0.2206,-0.0705,-0.6400,0.7326,154.0900,-34.6900,-93.3900,-18.2300,-3.7000,-1.4100,0.0000,0.0000,-0.0000,1876.0000,1896.0000,1500.0000,1999.0000
195723.7130,2.0000,1998.0000,1520.0000,1000.0000,-43.0000,199.0000,56.0000,2299.0000,155.0000,-7330.0000,0.2344,-0.1008,-0.6358,0.7285,153.6000,-34.7900,-93.5100,-18.4900,-4.1700,-1.5200,0.0000,0.0000,-0.0000,1876.0000,1896.0000,1500.0000,1999.0000
195740.7330,2.0000,1998.0000,1520.0000,1000.0000,-35.0000,155.0000,52.0000,2082.0000,123.0000,-7109.0000,0.2439,-0.1259,-0.6332,0.7237,153.0300,-34.9000,-93.6600,-18.6800,-4.3900,-1.5500,0.0000,0.0000,-0.0000,1876.0000,1896.0000,1500.0000,1999.0000
195757.8080,2.0000,1998.0000,1520.0000,1000.0000,-7.0000,110.0000,48.0000,1994.0000,134.0000,-6921.0000,0.2498,-0.1451,-0.6298,0.7210,152.5000,-35.0000,-93.8200,-18.7700,-4.5400,-1.5200,0.0000,0.0000,-0.0000,1876.0000,1896.0000,1500.0000,1999.0000
195774.5360,2.0000,1998.0000,1520.0000,1000.0000,31.0000,55.0000,37.0000,1918.0000,-32.0000,-6369.0000,0.2525,-0.1567,-0.6245,0.7223,152.0000,-35.0900,-93.9800,-18.7900,-4.6400,-1.4600,0.0000,0.0000,-0.0000,1876.0000,1896.0000,1500.0000,1999.0000
195791.1420,2.0000,1998.0000,1520.0000,1000.0000,70.0000,14.0000,30.0000,1925.0000,-291.0000,-5306.0000,0.2526,-0.1608,-0.6172,0.7276,152.0000,-35.0900,-93.9800,-18.7900,-4.6400,-1.4600,0.0000,0.0000,-0.0000,1876.0000,1896.0000,1500.0000,1999.0000
195807.7500,2.0000,1495.0000,1536.0000,1000.0000,101.0000,-16.0000,24.0000,1818.0000,-212.0000,-4655.0000,0.2510,-0.1594,-0.6078,0.7363,151.5400,-35.1900,-94.1300,-18.8000,-4.6900,-1.3600,0.0000,0.0000,-0.0000,1917.0000,1955.0000,1500.0000,1476.0000
195824.4150,2.0000,1446.0000,1538.0000,1000.0000,118.0000,-50.0000,21.0000,1714.0000,-315.0000,-3799.0000,0.2478,-0.1535,-0.5968,0.7476,151.0900,-35.2800,-94.2800,-18.8300,-4.6900,-1.2600,0.0000,0.0000,-0.0000,1917.0000,1955.0000,1500.0000,1476.0000
195841.1460,2.0000,1446.0000,1538.0000,1000.0000,136.0000,-63.0000,20.0000,1504.0000,-504.0000,-2706.0000,0.2430,-0.1441,-0.5844,0.7607,150.5900,-35.3700,-94.4400,-18.9300,-4.6200,-1.1800,0.0000,0.0000,-0.0000,1917.0000,1955.0000,1500.0000,1476.0000
195858.0500,2.0000,1446.0000,1538.0000,1000.0000,152.0000,-71.0000,22.0000,1270.0000,-520.0000,-1736.0000,0.2373,-0.1326,-0.5701,0.7753,150.1300,-35.4600,-94.5900,-19.0400,-4.4900,-1.1000,0.0000,0.0000,-0.0000,1917.0000,1955.0000,1500.0000,1476.0000
195875.1850,2.0000,1446.0000,1538.0000,1000.0000,162.0000,-66.0000,25.0000,1063.0000,-404.0000,-930.0000,0.2313,-0.1206,-0.5536,0.7909,149.7000,-35.5400,-94.7200,-19.1400,-4.3200,-1.0100,0.0000,0.0000,-0.0000,1917.0000,1955.0000,1500.0000,1476.0000
195891.6330,2.0000,1446.0000,1538.0000,1000.0000,168.0000,-55.0000,31.0000,873.0000,-524.0000,-440.0000,0.2258,-0.1104,-0.5363,0.8058,149.7000,-35.5400,-94.7200,-19.1400,-4.3200,-1.0100,0.0000,0.0000,-0.0000,1917.0000,1955.0000,1500.0000,1476.0000
195908.4530,2.0000,1120.0000,1149.0000,1131.0000,177.0000,-37.0000,39.0000,783.0000,-622.0000,-45.0000,0.2205,-0.1017,-0.5166,0.8211,149.2800,-35.6100,-94.8300,-19.2300,-4.1400,-0.9100,0.0000,0.0000,-0.0000,1861.0000,1509.0000,1500.0000,1166.0000
195925.0690,2.0000,1119.0000,1147.0000,1133.0000,183.0000,-18.0000,45.0000,725.0000,-440.0000,140.0000,0.2157,-0.0956,-0.4954,0.8360,148.8600,-35.6900,-94.9300,-19.3000,-3.9900,-0.8100,0.0000,0.0000,-0.0000,1861.0000,1509.0000,1500.0000,1166.0000
195942.1930,2.0000,1119.0000,1147.0000,1133.0000,203.0000,-1.0000,53.0000,527.0000,-276.0000,200.0000,0.2112,-0.0917,-0.4709,0.8516,148.4100,-35.7600,-95.0200,-19.3800,-3.9400,-0.6900,0.0000,0.0000,-0.0000,1861.0000,1509.0000,1500.0000,1166.0000
195959.1990,2.0000,1119.0000,1147.0000,1133.0000,219.0000,11.0000,57.0000,186.0000,-316.0000,79.0000,0.2070,-0.0893,-0.4432,0.8676,147.9800,-35.8400,-95.1100,-19.4300,-3.8900,-0.5400,0.0000,0.0000,-0.0000,1861.0000,1509.0000,1500.0000,1166.0000
195976.2620,2.0000,1119.0000,1147.0000,1133.0000,251.0000,18.0000,60.0000,-24.0000,-330.0000,-43.0000,0.2030,-0.0876,-0.4114,0.8842,147.5700,-35.9100,-95.1800,-19.4200,-3.8400,-0.3700,0.0000,0.0000,-0.0000,1861.0000,1509.0000,1500.0000,1166.0000
195993.1870,2.0000,1119.0000,1147.0000,1133.0000,278.0000,30.0000,63.0000,-150.0000,-249.0000,15.0000,0.1998,-0.0867,-0.3751,0.9010,147.5700,-35.9100,-95.1800,-19.4200,-3.8400,-0.3700,0.0000,0.0000,-0.0000,1861.0000,1509.0000,1500.0000,1166.0000
196010.0220,2.0000,1000.0000,1502.0000,2000.0000,308.0000,42.0000,65.0000,-229.0000,-127.0000,46.0000,0.1966,-0.0861,-0.3334,0.9180,147.1700,-35.9800,-95.2400,-19.3900,-3.7900,-0.1900,0.0000,0.0000,-0.0000,1048.0000,1050.0000,1500.0000,1003.0000
196026.6470,2.0000,1000.0000,1502.0000,2000.0000,320.0000,53.0000,66.0000,-257.0000,-163.0000,84.0000,0.1936,-0.0865,-0.2889,0.9336,146.7600,-36.0400,-95.2900,-19.3400,-3.7500,-0.0100,0.0000,0.0000,-0.0000,1048.0000,1050.0000,1500.0000,1003.0000
196043.5690,2.0000,1000.0000,1502.0000,2000.0000,297.0000,68.0000,67.0000,-139.0000,-23.0000,-310.0000,0.1902,-0.0885,-0.2434,0.9470,146.3300,-36.1200,-95.3400,-19.2900,-3.7700,0.1500,0.0000,0.0000,-0.0000,1048.0000,1050.0000,1500.0000,1003.0000
196060.2340,2.0000,1000.0000,1502.0000,2000.0000,265.0000,64.0000,72.0000,-137.0000,42.0000,-522.0000,0.1858,-0.0922,-0.2019,0.9572,145.9100,-36.1900,-95.4000,-19.2200,-3.8000,0.3600,0.0000,0.0000,-0.0000,1048.0000,1050.0000,1500.0000,1003.0000
196077.2310,2.0000,1000.0000,1502.0000,2000.0000,201.0000,66.0000,74.0000,-153.0000,141.0000,-1176.0000,0.1799,-0.0975,-0.1664,0.9646,145.4900,-36.2600,-95.4500,-19.1300,-3.8300,0.6000,0.0000,0.0000,-0.0000,1048.0000,1050.0000,1500.0000,1003.0000
196093.7460,2.0000,1000.0000,1502.0000,2000.0000,130.0000,50.0000,78.0000,-296.0000,218.0000,-1736.0000,0.1730,-0.1035,-0.1413,0.9692,145.4900,-36.2600,-95.4500,-19.1300,-3.8300,0.6000,0.0000,0.0000,-0.0000,1048.0000,1050.0000,1500.0000,1003.0000
196110.6070,2.0000,1000.0000,1587.0000,1825.0000,63.0000,27.0000,87.0000,-427.0000,287.0000,-1979.0000,0.1634,-0.1081,-0.1254,0.9726,145.0900,-36.3200,-95.5100,-19.0000,-3.8600,0.9000,0.0000,0.0000,-0.0000,1293.0000,1380.0000,1500.0000,1035.0000
196127.2580,2.0000,1000.0000,1587.0000,1825.0000,19.0000,4.0000,91.0000,-461.0000,313.0000,-1797.0000,0.1515,-0.1108,-0.1176,0.9752,144.6900,-36.3900,-95.5600,-18.8400,-3.8800,1.2200,0.0000,0.0000,-0.0000,1293.0000,1380.0000,1500.0000,1035.0000
196144.5350,2.0000,1000.0000,1587.0000,1825.0000,-38.0000,-13.0000,89.0000,-510.0000,240.0000,-610.0000,0.1378,-0.1121,-0.1183,0.9770,144.2600,-36.4700,-95.6000,-18.6600,-3.9200,1.5300,0.0000,0.0000,-0.0000,1293.0000,1380.0000,1500.0000,1035.0000
196161.5960,2.0000,1000.0000,1587.0000,1825.0000,-59.0000,-19.0000,90.0000,-467.0000,272.0000,38.0000,0.1235,-0.1126,-0.1245,0.9780,143.8500,-36.5400,-95.6300,-18.5100,-3.9200,1.7200,0.0000,0.0000,-0.0000,1293.0000,1380.0000,1500.0000,1035.0000
196178.6400,2.0000,1000.0000,1587.0000,1825.0000,-78.0000,-23.0000,87.0000,-468.0000,272.0000,596.0000,0.1093,-0.1124,-0.1339,0.9785,143.4600,-36.6100,-95.6600,-18.3900,-3.9100,1.8500,0.0000,0.0000,-0.0000,1293.0000,1380.0000,1500.0000,1035.0000
196195.3200,2.0000,1291.0000,1061.0000,1773.0000,-100.0000,-29.0000,80.0000,-502.0000,372.0000,997.0000,0.0955,-0.1118,-0.1452,0.9784,143.4600,-36.6100,-95.6600,-18.3900,-3.9100,1.8500,0.0000,0.0000,-0.0000,1592.0000,1138.0000,1500.0000,1334.0000
196212.4000,2.0000,1297.0000,1048.0000,1772.0000,-111.0000,-31.0000,73.0000,-496.0000,420.0000,1348.0000,0.0824,-0.1106,-0.1593,0.9776,143.0900,-36.6800,-95.6800,-18.2700,-3.8800,1.9400,0.0000,0.0000,-0.0000,1592.0000,1138.0000,1500.0000,1334.0000
196228.8710,2.0000,1297.0000,1048.0000,1772.0000,-122.0000,-33.0000,64.0000,-432.0000,416.0000,1649.0000,0.0707,-0.1091,-0.1749,0.9760,142.7100,-36.7500,-95.6900,-18.1800,-3.8200,2.0000,0.0000,0.0000,-0.0000,1592.0000,1138.0000,1500.0000,1334.0000
196245.6280,2.0000,1297.0000,1048.0000,1772.0000,-129.0000,-43.0000,51.0000,-370.0000,350.0000,1912.0000,0.0600,-0.1067,-0.1920,0.9737,142.3100,-36.8200,-95.6900,-18.1100,-3.7600,2.0400,0.0000,0.0000,-0.0000,1592.0000,1138.0000,1500.0000,1334.0000
196262.4280,2.0000,1297.0000,1048.0000,1772.0000,-99.0000,-56.0000,40.0000,-319.0000,312.0000,1975.0000,0.0510,-0.1022,-0.2080,0.9714,141.9300,-36.8900,-95.6900,-18.0400,-3.6900,2.0500,0.0000,0.0000,-0.0000,1592.0000,1138.0000,1500.0000,1334.0000
196279.7030,2.0000,1297.0000,1048.0000,1772.0000,-82.0000,-70.0000,27.0000,-199.0000,226.0000,2181.0000,0.0436,-0.0948,-0.2211,0.9696,141.5600,-36.9600,-95.7000,-17.9600,-3.6200,2.0500,0.0000,0.0000,-0.0000,1592.0000,1138.0000,1500.0000,1334.0000
196296.4220,2.0000,1297.0000,1048.0000,1772.0000,-61.0000,-75.0000,8.0000,-146.0000,301.0000,2465.0000,0.0385,-0.0857,-0.2316,0.9683,141.5600,-36.9600,-95.7000,-17.9600,-3.6200,2.0500,0.0000,0.0000,-0.0000,1592.0000,1138.0000,1500.0000,1334.0000
196313.1500,2.0000,1000.0000,1000.0000,1566.0000,-49.0000,-80.0000,-6.0000,-110.0000,365.0000,2982.0000,0.0356,-0.0750,-0.2397,0.9673,141.2000,-37.0200,-95.7100,-17.8800,-3.5400,2.0400,0.0000,0.0000,-0.0000,1773.0000,1162.0000,1500.0000,1049.0000
196329.9220,2.0000,1000.0000,1000.0000,1566.0000,-30.0000,-82.0000,-19.0000,-24.0000,230.0000,3593.0000,0.0347,-0.0633,-0.2459,0.9666,140.8300,-37.0900,-95.7200,-17.8000,-3.4300,1.9800,0.0000,0.0000,-0.0000,1773.0000,1162.0000,1500.0000,1049.0000
196346.7820,2.0000,1000.0000,1000.0000,1566.0000,-10.0000,-80.0000,-32.0000,29.0000,133.0000,4054.0000,0.0356,-0.0510,-0.2486,0.9666,140.4300,-37.1500,-95.7300,-17.7300,-3.3000,1.8700,0.0000,0.0000,-0.0000,1773.0000,1162.0000,1500.0000,1049.0000
196363.5970,2.0000,1000.0000,1000.0000,1566.0000,-3.0000,-75.0000,-44.0000,78.0000,132.0000,4084.0000,0.0389,-0.0391,-0.2502,0.9666,140.0600,-37.2100,-95.7400,-17.6400,-3.1700,1.7200,0.0000,0.0000,-0.0000,1773.0000,1162.0000,1500.0000,1049.0000
196380.2100,2.0000,1000.0000,1000.0000,1566.0000,12.0000,-73.0000,-52.0000,99.0000,117.0000,4077.0000,0.0436,-0.0273,-0.2499,0.9669,140.0600,-37.2100,-95.7400,-17.6400,-3.1700,1.7200,0.0000,0.0000,-0.0000,1773.0000,1162.0000,1500.0000,1049.0000
196396.9750,2.0000,1000.0000,1000.0000,1566.0000,9.0000,-67.0000,-60.0000,0.0000,17.0000,4317.0000,0.0497,-0.0155,-0.2488,0.9672,139.7000,-37.2600,-95.7500,-17.5400,-3.0500,1.5700,0.0000,0.0000,-0.0000,1773.0000,1162.0000,1500.0000,1049.0000
196414.0890,2.0000,1000.0000,1000.0000,1517.0000,20.0000,-63.0000,-66.0000,-85.0000,-42.0000,4309.0000,0.0571,-0.0039,-0.2468,0.9674,139.3600,-37.3100,-95.7700,-17.4100,-2.9400,1.3900,0.0000,0.0000,-0.0000,1810.0000,1174.0000,1500.0000,1038.0000
196430.8980,2.0000,1000.0000,1000.0000,1517.0000,38.0000,-52.0000,-70.0000,-118.0000,-100.0000,4223.0000,0.0653,0.0069,-0.2434,0.9677,139.0100,-37.3700,-95.7900,-17.2800,-2.8200,1.2000,0.0000,0.0000,-0.0000,1810.0000,1174.0000,1500.0000,1038.0000
196447.5680,2.0000,1000.0000,1000.0000,1517.0000,43.0000,-39.0000,-75.0000,-165.0000,-208.0000,4314.0000,0.0744,0.0162,-0.2389,0.9681,138.6400,-37.4200,-95.8100,-17.1500,-2.7000,1.0100,0.0000,0.0000,-0.0000,1810.0000,1174.0000,1500.0000,1038.0000
196464.1760,2.0000,1000.0000,1000.0000,1517.0000,46.0000,-26.0000,-77.0000,-186.0000,-306.0000,4224.0000,0.0843,0.0237,-0.2331,0.9685,138.2800,-37.4700,-95.8200,-17.0100,-2.5900,0.8100,0.0000,0.0000,-0.0000,1810.0000,1174.0000,1500.0000,1038.0000
196481.1960,2.0000,1000.0000,1000.0000,1517.0000,57.0000,-15.0000,-79.0000,-202.0000,-298.0000,3756.0000,0.0950,0.0298,-0.2258,0.9691,138.2800,-37.4700,-95.8200,-17.0100,-2.5900,0.8100,0.0000,0.0000,-0.0000,1810.0000,1174.0000,1500.0000,1038.0000
196497.6000,2.0000,1076.0000,1000.0000,1569.0000,60.0000,-3.0000,-79.0000,-222.0000,-294.0000,3732.0000,0.1058,0.0343,-0.2174,0.9697,137.9500,-37.5100,-95.8400,-16.8800,-2.5000,0.6300,0.0000,0.0000,-0.0000,1597.0000,1154.0000,1500.0000,1214.0000
196514.5880,2.0000,1169.0000,1059.0000,1751.0000,69.0000,10.0000,-78.0000,-238.0000,-394.0000,3523.0000,0.1172,0.0372,-0.2076,0.9704,137.6200,-37.5600,-95.8500,-16.7500,-2.4200,0.4800,0.0000,0.0000,-0.0000,1597.0000,1154.0000,1500.0000,1214.0000
196531.7370,2.0000,1169.0000,1059.0000,1751.0000,69.0000,18.0000,-75.0000,-228.0000,-380.0000,3153.0000,0.1286,0.0386,-0.1969,0.9712,137.2800,-37.6000,-95.8700,-16.6500,-2.3400,0.3400,0.0000,0.0000,-0.0000,1597.0000,1154.0000,1500.0000,1214.0000
196548.5380,2.0000,1169.0000,1059.0000,1751.0000,63.0000,21.0000,-69.0000,-238.0000,-438.0000,2796.0000,0.1390,0.0391,-0.1870,0.9717,136.9300,-37.6400,-95.8900,-16.5800,-2.2600,0.2300,0.0000,0.0000,-0.0000,1597.0000,1154.0000,1500.0000,1214.0000
196565.3680,2.0000,1169.0000,1059.0000,1751.0000,56.0000,21.0000,-65.0000,-273.0000,-470.0000,2499.0000,0.1486,0.0391,-0.1775,0.9720,136.5900,-37.6900,-95.9000,-16.5000,-2.2100,0.1700,0.0000,0.0000,-0.0000,1597.0000,1154.0000,1500.0000,1214.0000
196582.1000,2.0000,1169.0000,1059.0000,1751.0000,55.0000,26.0000,-58.0000,-254.0000,-439.0000,2651.0000,0.1576,0.0387,-0.1688,0.9722,136.5900,-37.6900,-95.9000,-16.5000,-2.2100,0.1700,0.0000,0.0000,-0.0000,1597.0000,1154.0000,1500.0000,1214.0000
196599.1170,2.0000,1297.0000,1043.0000,1763.0000,51.0000,27.0000,-52.0000,-202.0000,-479.0000,2414.0000,0.1658,0.0375,-0.1602,0.9723,136.2500,-37.7300,-95.9200,-16.4200,-2.1600,0.1100,0.0000,0.0000,-0.0000,1599.0000,1140.0000,1500.0000,1335.0000
196615.7510,2.0000,1297.0000,1043.0000,1763.0000,48.0000,28.0000,-44.0000,-192.0000,-512.0000,2225.0000,0.1727,0.0359,-0.1523,0.9725,135.9200,-37.7700,-95.9400,-16.3500,-2.1100,0.0600,0.0000,0.0000,-0.0000,1599.0000,1140.0000,1500.0000,1335.0000
196632.4530,2.0000,1297.0000,1043.0000,1763.0000,41.0000,26.0000,-37.0000,-136.0000,-507.0000,2076.0000,0.1786,0.0341,-0.1450,0.9726,135.5700,-37.8100,-95.9600,-16.2900,-2.0500,0.0300,0.0000,0.0000,-0.0000,1599.0000,1140.0000,1500.0000,1335.0000
196649.2370,2.0000,1297.0000,1043.0000,1763.0000,37.0000,27.0000,-29.0000,-94.0000,-434.0000,1859.0000,0.1836,0.0319,-0.1391,0.9726,135.2300,-37.8400,-95.9800,-16.2200,-2.0000,0.0200,0.0000,0.0000,-0.0000,1599.0000,1140.0000,1500.0000,1335.0000
196666.2750,2.0000,1297.0000,1043.0000,1763.0000,36.0000,22.0000,-20.0000,15.0000,-488.0000,1730.0000,0.1869,0.0305,-0.1324,0.9729,134.9000,-37.8800,-96.0000,-16.1500,-1.9600,0.0200,0.0000,0.0000,-0.0000,1599.0000,1140.0000,1500.0000,1335.0000
196683.2580,2.0000,1297.0000,1043.0000,1763.0000,34.0000,15.0000,-17.0000,-69.0000,-590.0000,1939.0000,0.1893,0.0293,-0.1264,0.9733,134.9000,-37.8800,-96.0000,-16.1500,-1.9600,0.0200,0.0000,0.0000,-0.0000,1599.0000,1140.0000,1500.0000,1335.0000
196700.1730,2.0000,1749.0000,1000.0000,1184.0000,42.0000,6.0000,-9.0000,-47.0000,-537.0000,1797.0000,0.1911,0.0286,-0.1208,0.9737,134.5900,-37.9100,-96.0300,-16.0700,-1.9200,0.0300,0.0000,0.0000,-0.0000,1969.0000,1348.0000,1500.0000,1765.0000
196716.7900,2.0000,1751.0000,1000.0000,1183.0000,47.0000,-2.0000,-1.0000,20.0000,-519.0000,1541.0000,0.1913,0.0297,-0.1146,0.9744,134.2500,-37.9400,-96.0600,-15.9900,-1.8800,0.0300,0.0000,0.0000,-0.0000,1969.0000,1348.0000,1500.0000,1765.0000
196733.2880,2.0000,1751.0000,1000.0000,1183.0000,47.0000,-12.0000,3.0000,261.0000,-489.0000,1455.0000,0.1905,0.0323,-0.1081,0.9752,133.9100,-37.9800,-96.0800,-15.9300,-1.8500,0.0700,0.0000,0.0000,-0.0000,1969.0000,1348.0000,1500.0000,1765.0000
196750.2270,2.0000,1751.0000,1000.0000,1183.0000,66.0000,-26.0000,6.0000,683.0000,-524.0000,1772.0000,0.1889,0.0372,-0.1003,0.9762,133.5900,-38.0100,-96.1000,-15.8900,-1.8400,0.1100,0.0000,0.0000,-0.0000,1969.0000,1348.0000,1500.0000,1765.0000
196767.2520,2.0000,1751.0000,1000.0000,1183.0000,97.0000,-35.0000,10.0000,894.0000,-582.0000,2156.0000,0.1866,0.0444,-0.0895,0.9773,133.2800,-38.0400,-96.1200,-15.8800,-1.8400,0.1200,0.0000,0.0000,-0.0000,1969.0000,1348.0000,1500.0000,1765.0000
196784.2810,2.0000,1751.0000,1000.0000,1183.0000,144.0000,-39.0000,15.0000,1116.0000,-773.0000,2755.0000,0.1831,0.0532,-0.0734,0.9789,133.2800,-38.0400,-96.1200,-15.8800,-1.8400,0.1200,0.0000,0.0000,-0.0000,1969.0000,1348.0000,1500.0000,1765.0000
196800.9170,2.0000,1751.0000,1000.0000,1183.0000,187.0000,-35.0000,19.0000,1296.0000,-798.0000,3231.0000,0.1785,0.0627,-0.0511,0.9806,132.9700,-38.0700,-96.1300,-15.8700,-1.8600,0.0700,0.0000,0.0000,-0.0000,1969.0000,1348.0000,1500.0000,1765.0000
196817.5860,2.0000,1997.0000,1000.0000,1277.0000,222.0000,-32.0000,27.0000,1278.0000,-677.0000,3499.0000,0.1725,0.0728,-0.0229,0.9820,132.6700,-38.1000,-96.1400,-15.8600,-1.9000,-0.0300,0.0000,0.0000,-0.0000,1969.0000,1254.0000,1500.0000,1998.0000
196834.3490,2.0000,1997.0000,1000.0000,1277.0000,247.0000,-25.0000,35.0000,1387.0000,-680.0000,3667.0000,0.1647,0.0826,0.0100,0.9828,132.3500,-38.1300,-96.1600,-15.8500,-1.9500,-0.1700,0.0000,0.0000,-0.0000,1969.0000,1254.0000,1500.0000,1998.0000
196851.2220,2.0000,1997.0000,1000.0000,1277.0000,257.0000,-21.0000,37.0000,1647.0000,-482.0000,3760.0000,0.1558,0.0919,0.0457,0.9824,132.0200,-38.1700,-96.1700,-15.8300,-2.0200,-0.3200,0.0000,0.0000,-0.0000,1969.0000,1254.0000,1500.0000,1998.0000
196867.8440,2.0000,1997.0000,1000.0000,1277.0000,270.0000,-14.0000,38.0000,1742.0000,-724.0000,3743.0000,0.1461,0.1007,0.0824,0.9807,132.0200,-38.1700,-96.1700,-15.8300,-2.0200,-0.3200,0.0000,0.0000,-0.0000,1969.0000,1254.0000,1500.0000,1998.0000
196884.4310,2.0000,1997.0000,1000.0000,1277.0000,267.0000,1.0000,40.0000,1647.0000,-559.0000,3573.0000,0.1361,0.1078,0.1197,0.9775,131.7100,-38.2000,-96.1900,-15.8200,-2.1100,-0.4800,0.0000,0.0000,-0.0000,1969.0000,1254.0000,1500.0000,1998.0000
196901.0580,2.0000,1997.0000,1007.0000,1843.0000,262.0000,26.0000,39.0000,1736.0000,-244.0000,3387.0000,0.1254,0.1111,0.1569,0.9733,131.4100,-38.2400,-96.2000,-15.7800,-2.2200,-0.6100,0.0000,0.0000,-0.0000,1577.0000,1081.0000,1500.0000,1998.0000
196917.8780,2.0000,1997.0000,1006.0000,1844.0000,251.0000,48.0000,39.0000,2043.0000,-34.0000,3386.0000,0.1141,0.1114,0.1937,0.9680,131.0900,-38.2800,-96.2200,-15.7600,-2.3200,-0.7100,0.0000,0.0000,-0.0000,1577.0000,1081.0000,1500.0000,1998.0000
196934.6760,2.0000,1997.0000,1006.0000,1844.0000,238.0000,54.0000,35.0000,2043.0000,-126.0000,2787.0000,0.1026,0.1093,0.2288,0.9619,130.7600,-38.3200,-96.2400,-15.7700,-2.4300,-0.8000,0.0000,0.0000,-0.0000,1577.0000,1081.0000,1500.0000,1998.0000
196951.2500,2.0000,1997.0000,1006.0000,1844.0000,205.0000,55.0000,29.0000,1816.0000,-138.0000,1676.0000,0.0920,0.1055,0.2600,0.9554,130.4400,-38.3600,-96.2600,-15.7800,-2.5100,-0.8200,0.0000,0.0000,-0.0000,1577.0000,1081.0000,1500.0000,1998.0000
196968.1100,2.0000,1997.0000,1006.0000,1844.0000,165.0000,38.0000,21.0000,1681.0000,-71.0000,651.0000,0.0832,0.1025,0.2863,0.9490,130.4400,-38.3600,-96.2600,-15.7800,-2.5100,-0.8200,0.0000,0.0000,-0.0000,1577.0000,1081.0000,1500.0000,1998.0000
196984.9940,2.0000,1997.0000,1006.0000,1844.0000,120.0000,6.0000,14.0000,1552.0000,-130.0000,247.0000,0.0772,0.1017,0.3062,0.9434,130.1400,-38.3900,-96.2800,-15.7800,-2.5200,-0.7400,0.0000,0.0000,-0.0000,1577.0000,1081.0000,1500.0000,1998.0000
197001.9090,2.0000,1997.0000,1000.0000,1828.0000,83.0000,-6.0000,10.0000,1513.0000,-183.0000,189.0000,0.0739,0.1037,0.3199,0.9388,129.8600,-38.4300,-96.3000,-15.7500,-2.4700,-0.5700,0.0000,0.0000,-0.0000,1594.0000,1081.0000,1500.0000,1998.0000
197018.9370,2.0000,1997.0000,1000.0000,1827.0000,58.0000,-42.0000,1.0000,1475.0000,39.0000,106.0000,0.0729,0.1080,0.3293,0.9352,129.5500,-38.4700,-96.3200,-15.7700,-2.4800,-0.3900,0.0000,0.0000,-0.0000,1594.0000,1081.0000,1500.0000,1998.0000
197035.9680,2.0000,1997.0000,1000.0000,1827.0000,36.0000,-66.0000,-8.0000,1528.0000,207.0000,461.0000,0.0751,0.1160,0.3351,0.9320,129.2200,-38.5100,-96.3300,-15.8100,-2.4900,-0.2300,0.0000,0.0000,-0.0000,1594.0000,1081.0000,1500.0000,1998.0000
197052.7550,2.0000,1997.0000,1000.0000,1827.0000,24.0000,-90.0000,-19.0000,1738.0000,193.0000,1284.0000,0.0796,0.1260,0.3386,0.9290,128.9100,-38.5500,-96.3400,-15.8300,-2.5300,-0.1500,0.0000,0.0000,-0.0000,1594.0000,1081.0000,1500.0000,1998.0000
197069.7850,2.0000,1997.0000,1000.0000,1827.0000,14.0000,-109.0000,-29.0000,1591.0000,-82.0000,1970.0000,0.0869,0.1385,0.3406,0.9259,128.9100,-38.5500,-96.3400,-15.8300,-2.5300,-0.1500,0.0000,0.0000,-0.0000,1594.0000,1081.0000,1500.0000,1998.0000
197086.4640,2.0000,1997.0000,1000.0000,1827.0000,4.0000,-122.0000,-39.0000,1685.0000,-84.0000,2713.0000,0.0967,0.1525,0.3411,0.9225,128.6300,-38.5900,-96.3400,-15.8000,-2.6200,-0.1200,0.0000,0.0000,-0.0000,1594.0000,1081.0000,1500.0000,1998.0000
197103.3420,2.0000,1997.0000,1000.0000,1333.0000,-5.0000,-137.0000,-47.0000,1746.0000,58.0000,3312.0000,0.1087,0.1680,0.3402,0.9188,128.3600,-38.6300,-96.3500,-15.7100,-2.7600,-0.1400,0.0000,0.0000,-0.0000,1961.0000,1219.0000,1500.0000,1998.0000
197119.9050,2.0000,1997.0000,1000.0000,1321.0000,-11.0000,-145.0000,-55.0000,1962.0000,143.0000,4076.0000,0.1220,0.1837,0.3380,0.9149,128.0400,-38.6800,-96.3700,-15.7000,-2.9600,-0.2200,0.0000,0.0000,-0.0000,1961.0000,1219.0000,1500.0000,1998.0000
197136.4960,2.0000,1997.0000,1000.0000,1321.0000,-5.0000,-154.0000,-64.0000,1967.0000,-94.0000,5000.0000,0.1369,0.2004,0.3359,0.9101,127.7100,-38.7400,-96.3800,-15.6800,-3.2000,-0.3700,0.0000,0.0000,-0.0000,1961.0000,1219.0000,1500.0000,1998.0000
197153.3680,2.0000,1997.0000,1000.0000,1321.0000,11.0000,-142.0000,-72.0000,2104.0000,-339.0000,6031.0000,0.1524,0.2166,0.3356,0.9040,127.4000,-38.8000,-96.3900,-15.5700,-3.4900,-0.5500,0.0000,0.0000,-0.0000,1961.0000,1219.0000,1500.0000,1998.0000
197170.1040,2.0000,1997.0000,1000.0000,1321.0000,39.0000,-124.0000,-77.0000,2180.0000,-449.0000,6772.0000,0.1671,0.2307,0.3383,0.8969,127.4000,-38.8000,-96.3900,-15.5700,-3.4900,-0.5500,0.0000,0.0000,-0.0000,1961.0000,1219.0000,1500.0000,1998.0000
197187.0790,2.0000,1997.0000,1000.0000,1321.0000,77.0000,-102.0000,-83.0000,2364.0000,-486.0000,7096.0000,0.1805,0.2428,0.3462,0.8880,127.1200,-38.8700,-96.4100,-15.3900,-3.8400,-0.7900,0.0000,0.0000,-0.0000,1961.0000,1219.0000,1500.0000,1998.0000
197203.8000,2.0000,1997.0000,1000.0000,1822.0000,105.0000,-64.0000,-86.0000,2155.0000,-441.0000,6978.0000,0.1916,0.2513,0.3592,0.8782,126.8500,-38.9300,-96.4300,-15.1700,-4.1900,-1.0500,0.0000,0.0000,-0.0000,1598.0000,1081.0000,1500.0000,1998.0000
197220.7790,2.0000,1997.0000,1000.0000,1823.0000,133.0000,-35.0000,-88.0000,2011.0000,-555.0000,6489.0000,0.1999,0.2556,0.3769,0.8676,126.5400,-39.0200,-96.4500,-14.9900,-4.5800,-1.3000,0.0000,0.0000,-0.0000,1598.0000,1081.0000,1500.0000,1998.0000
197237.4400,2.0000,1997.0000,1000.0000,1823.0000,142.0000,-20.0000,-90.0000,1820.0000,-542.0000,5273.0000,0.2063,0.2575,0.3972,0.8564,126.2300,-39.1100,-96.4800,-14.8400,-4.9200,-1.4700,0.0000,0.0000,-0.0000,1598.0000,1081.0000,1500.0000,1998.0000
197253.9650,2.0000,1997.0000,1000.0000,1823.0000,123.0000,-22.0000,-93.0000,1533.0000,-250.0000,3900.0000,0.2127,0.2583,0.4169,0.8451,125.9400,-39.2100,-96.5100,-14.7400,-5.1500,-1.5400,0.0000,0.0000,-0.0000,1598.0000,1081.0000,1500.0000,1998.0000
197270.8300,2.0000,1997.0000,1000.0000,1823.0000,81.0000,-37.0000,-94.0000,1553.0000,-181.0000,3043.0000,0.2210,0.2584,0.4324,0.8351,125.9400,-39.2100,-96.5100,-14.7400,-5.1500,-1.5400,0.0000,0.0000,-0.0000,1598.0000,1081.0000,1500.0000,1998.0000
197287.5370,2.0000,1997.0000,1000.0000,1823.0000,54.0000,-48.0000,-91.0000,1450.0000,-131.0000,2451.0000,0.2315,0.2594,0.4431,0.8263,125.6600,-39.3000,-96.5500,-14.7000,-5.2800,-1.5300,0.0000,0.0000,-0.0000,1598.0000,1081.0000,1500.0000,1998.0000
197304.5600,2.0000,1997.0000,1013.0000,1851.0000,31.0000,-65.0000,-84.0000,1392.0000,-713.0000,2855.0000,0.2437,0.2617,0.4498,0.8184,125.4000,-39.3900,-96.5800,-14.7000,-5.3300,-1.4700,0.0000,0.0000,-0.0000,1570.0000,1081.0000,1500.0000,1998.0000
197321.4630,2.0000,1997.0000,1013.0000,1851.0000,17.0000,-74.0000,-79.0000,1817.0000,-743.0000,3206.0000,0.2561,0.2648,0.4536,0.8116,125.0900,-39.5000,-96.6100,-14.6700,-5.5900,-1.3600,0.0000,0.0000,-0.0000,1570.0000,1081.0000,1500.0000,1998.0000
197338.2730,2.0000,1997.0000,1013.0000,1851.0000,9.0000,-96.0000,-77.0000,1688.0000,-547.0000,3109.0000,0.2695,0.2697,0.4553,0.8046,124.7900,-39.6100,-96.6300,-14.6200,-5.9100,-1.2500,0.0000,0.0000,-0.0000,1570.0000,1081.0000,1500.0000,1998.0000
197355.3730,2.0000,1997.0000,1013.0000,1851.0000,6.0000,-121.0000,-73.0000,1748.0000,-442.0000,3370.0000,0.2844,0.2772,0.4551,0.7969,124.5000,-39.7300,-96.6500,-14.5600,-6.1800,-1.1500,0.0000,0.0000,-0.0000,1570.0000,1081.0000,1500.0000,1998.0000
197372.3190,2.0000,1997.0000,1013.0000,1851.0000,9.0000,-136.0000,-68.0000,1642.0000,-881.0000,4192.0000,0.3001,0.2874,0.4539,0.7882,124.5000,-39.7300,-96.6500,-14.5600,-6.1800,-1.1500,0.0000,0.0000,-0.0000,1570.0000,1081.0000,1500.0000,1998.0000
197389.1170,2.0000,1997.0000,1009.0000,1847.0000,5.0000,-150.0000,-63.0000,1653.0000,-978.0000,4831.0000,0.3159,0.2992,0.4514,0.7791,124.2200,-39.8400,-96.6700,-14.4200,-6.4600,-1.0500,0.0000,0.0000,-0.0000,1575.0000,1081.0000,1500.0000,1998.0000
197405.9910,2.0000,1997.0000,1008.0000,1846.0000,8.0000,-156.0000,-56.0000,1807.0000,-658.0000,5322.0000,0.3319,0.3127,0.4477,0.7692,123.9700,-39.9600,-96.6800,-14.2000,-6.7500,-0.9600,0.0000,0.0000,-0.0000,1575.0000,1081.0000,1500.0000,1998.0000
197422.7500,2.0000,1997.0000,1008.0000,1846.0000,10.0000,-169.0000,-54.0000,2010.0000,-774.0000,6200.0000,0.3475,0.3274,0.4434,0.7586,123.6800,-40.1000,-96.6900,-13.9400,-7.2000,-0.9200,0.0000,0.0000,-0.0000,1575.0000,1081.0000,1500.0000,1998.0000
197439.5150,2.0000,1997.0000,1008.0000,1846.0000,9.0000,-171.0000,-50.0000,2030.0000,-972.0000,7044.0000,0.3629,0.3429,0.4385,0.7473,123.3900,-40.2500,-96.7000,-13.5900,-7.7000,-0.9000,0.0000,0.0000,-0.0000,1575.0000,1081.0000,1500.0000,1998.0000
197456.6690,2.0000,1997.0000,1008.0000,1846.0000,7.0000,-159.0000,-47.0000,1736.0000,-833.0000,7278.0000,0.3781,0.3583,0.4330,0.7357,123.1200,-40.4100,-96.7100,-13.1600,-8.1600,-0.8900,0.0000,0.0000,-0.0000,1575.0000,1081.0000,1500.0000,1998.0000
197473.1900,2.0000,1997.0000,1008.0000,1846.0000,4.0000,-149.0000,-46.0000,1501.0000,-652.0000,7372.0000,0.3913,0.3712,0.4280,0.7252,123.1200,-40.4100,-96.7100,-13.1600,-8.1600,-0.8900,0.0000,0.0000,-0.0000,1575.0000,1081.0000,1500.0000,1998.0000
197489.7720,2.0000,1997.0000,1008.0000,1846.0000,1.0000,-128.0000,-40.0000,1417.0000,-721.0000,7337.0000,0.4036,0.3827,0.4229,0.7154,122.8700,-40.5700,-96.7100,-12.7200,-8.5000,-0.9100,0.0000,0.0000,-0.0000,1575.0000,1081.0000,1500.0000,1998.0000
197506.8900,2.0000,1997.0000,1005.0000,1843.0000,10.0000,-109.0000,-35.0000,1622.0000,-773.0000,7196.0000,0.4142,0.3928,0.4185,0.7064,122.6400,-40.7200,-96.7200,-12.2800,-8.7700,-0.9300,0.0000,0.0000,-0.0000,1578.0000,1081.0000,1500.0000,1998.0000
197523.8220,2.0000,1997.0000,1005.0000,1843.0000,17.0000,-83.0000,-32.0000,1717.0000,-655.0000,6913.0000,0.4222,0.4012,0.4161,0.6982,122.3900,-40.9100,-96.7300,-11.8700,-9.1400,-0.9400,0.0000,0.0000,-0.0000,1578.0000,1081.0000,1500.0000,1998.0000
197540.6830,2.0000,1997.0000,1005.0000,1843.0000,18.0000,-72.0000,-31.0000,1600.0000,-531.0000,6424.0000,0.4285,0.4080,0.4155,0.6909,122.1300,-41.1100,-96.7300,-11.5100,-9.4800,-0.9500,0.0000,0.0000,-0.0000,1578.0000,1081.0000,1500.0000,1998.0000
197557.7570,2.0000,1997.0000,1005.0000,1843.0000,16.0000,-51.0000,-27.0000,1629.0000,-738.0000,6269.0000,0.4334,0.4131,0.4155,0.6847,121.9000,-41.3000,-96.7400,-11.1900,-9.7500,-0.9500,0.0000,0.0000,-0.0000,1578.0000,1081.0000,1500.0000,1998.0000
197574.5170,2.0000,1997.0000,1005.0000,1843.0000,19.0000,-31.0000,-23.0000,1713.0000,-593.0000,5874.0000,0.4367,0.4163,0.4166,0.6800,121.9000,-41.3000,-96.7400,-11.1900,-9.7500,-0.9500,0.0000,0.0000,-0.0000,1578.0000,1081.0000,1500.0000,1998.0000
197591.5990,2.0000,1997.0000,1005.0000,1843.0000,15.0000,-28.0000,-19.0000,1807.0000,-407.0000,5272.0000,0.4394,0.4187,0.4177,0.6762,121.6800,-41.4900,-96.7500,-10.9100,-9.9800,-0.9200,0.0000,0.0000,-0.0000,1578.0000,1081.0000,1500.0000,1998.0000
197608.3190,2.0000,1997.0000,1012.0000,1850.0000,7.0000,-18.0000,-23.0000,1813.0000,-114.0000,4709.0000,0.4418,0.4200,0.4188,0.6731,121.4800,-41.6700,-96.7600,-10.7100,-10.1700,-0.9100,0.0000,0.0000,-0.0000,1571.0000,1081.0000,1500.0000,1998.0000
197624.8710,2.0000,1997.0000,1012.0000,1850.0000,-1.0000,-31.0000,-25.0000,1519.0000,-56.0000,3898.0000,0.4449,0.4210,0.4194,0.6700,121.2500,-41.8900,-96.7800,-10.4500,-10.5100,-0.8900,0.0000,0.0000,-0.0000,1571.0000,1081.0000,1500.0000,1998.0000
197641.3970,2.0000,1997.0000,1012.0000,1850.0000,-8.0000,-32.0000,-25.0000,1479.0000,-100.0000,3519.0000,0.4488,0.4217,0.4190,0.6672,121.0200,-42.1200,-96.7900,-10.2400,-10.8200,-0.8500,0.0000,0.0000,-0.0000,1571.0000,1081.0000,1500.0000,1998.0000
197658.1450,2.0000,1997.0000,1012.0000,1850.0000,-9.0000,-45.0000,-30.0000,1444.0000,-213.0000,3154.0000,0.4537,0.4233,0.4175,0.6639,120.8100,-42.3400,-96.8100,-10.0700,-11.0800,-0.7900,0.0000,0.0000,-0.0000,1571.0000,1081.0000,1500.0000,1998.0000
197674.8730,2.0000,1997.0000,1012.0000,1850.0000,-11.0000,-55.0000,-35.0000,1430.0000,-129.0000,2979.0000,0.4597,0.4254,0.4153,0.6597,120.8100,-42.3400,-96.8100,-10.0700,-11.0800,-0.7900,0.0000,0.0000,-0.0000,1571.0000,1081.0000,1500.0000,1998.0000
197691.9590,2.0000,1997.0000,1012.0000,1850.0000,-9.0000,-83.0000,-42.0000,1263.0000,-150.0000,2881.0000,0.4680,0.4293,0.4119,0.6535,120.6100,-42.5600,-96.8200,-9.9200,-11.2900,-0.7000,0.0000,0.0000,-0.0000,1571.0000,1081.0000,1500.0000,1998.0000
197708.7010,2.0000,1997.0000,1012.0000,1850.0000,-11.0000,-98.0000,-46.0000,1253.0000,-270.0000,3109.0000,0.4779,0.4345,0.4073,0.6457,120.4200,-42.7700,-96.8400,-9.7900,-11.4600,-0.6200,0.0000,0.0000,-0.0000,1571.0000,1081.0000,1500.0000,1998.0000
197725.4810,2.0000,1997.0000,1012.0000,1850.0000,-11.0000,-122.0000,-51.0000,1207.0000,-214.0000,3423.0000,0.4897,0.4412,0.4017,0.6358,120.2100,-43.0200,-96.8500,-9.5200,-11.7400,-0.5200,0.0000,0.0000,-0.0000,1571.0000,1081.0000,1500.0000,1998.0000
197742.2940,2.0000,1997.0000,1012.0000,1850.0000,-13.0000,-146.0000,-55.0000,1520.0000,-185.0000,4176.0000,0.5028,0.4493,0.3946,0.6241,120.0000,-43.2800,-96.8600,-9.1700,-12.0100,-0.4200,0.0000,0.0000,-0.0000,1571.0000,1081.0000,1500.0000,1998.0000
197759.1980,2.0000,1997.0000,1012.0000,1850.0000,-16.0000,-153.0000,-58.0000,1517.0000,-217.0000,4778.0000,0.5170,0.4580,0.3863,0.6113,120.0000,-43.2800,-96.8600,-9.1700,-12.0100,-0.4200,0.0000,0.0000,-0.0000,1571.0000,1081.0000,1500.0000,1998.0000
197776.3810,2.0000,1997.0000,1012.0000,1850.0000,-13.0000,-166.0000,-60.0000,1465.0000,-798.0000,6029.0000,0.5322,0.4679,0.3767,0.5966,119.8100,-43.5300,-96.8700,-8.7800,-12.2600,-0.3500,0.0000,0.0000,-0.0000,1571.0000,1081.0000,1500.0000,1998.0000
197793.1540,2.0000,1997.0000,1012.0000,1850.0000,-15.0000,-168.0000,-63.0000,1463.0000,-732.0000,6732.0000,0.5474,0.4775,0.3667,0.5813,119.6400,-43.7800,-96.8800,-8.3000,-12.4400,-0.2600,0.0000,0.0000,-0.0000,1571.0000,1081.0000,1500.0000,1998.0000
197810.1940,2.0000,1997.0000,1012.0000,1850.0000,-19.0000,-163.0000,-65.0000,1628.0000,-447.0000,7011.0000,0.5628,0.4867,0.3563,0.5652,119.4900,-44.0200,-96.8800,-7.7300,-12.5700,-0.1900,0.0000,0.0000,-0.0000,1571.0000,1081.0000,1500.0000,1998.0000
197827.1830,2.0000,1997.0000,1012.0000,1850.0000,-22.0000,-159.0000,-67.0000,1653.0000,-625.0000,7432.0000,0.5779,0.4947,0.3459,0.5492,119.3300,-44.2900,-96.8800,-7.1400,-12.7500,-0.1500,0.0000,0.0000,-0.0000,1571.0000,1081.0000,1500.0000,1998.0000
197843.9750,2.0000,1997.0000,1012.0000,1850.0000,-19.0000,-140.0000,-68.0000,1754.0000,-579.0000,7641.0000,0.5919,0.5013,0.3367,0.5339,119.1800,-44.5700,-96.8800,-6.5400,-12.8900,-0.1100,0.0000,0.0000,-0.0000,1571.0000,1081.0000,1500.0000,1998.0000
197861.0320,2.0000,1997.0000,1012.0000,1850.0000,-17.0000,-132.0000,-68.0000,1982.0000,-418.0000,7602.0000,0.6050,0.5066,0.3285,0.5191,119.0400,-44.8400,-96.8800,-5.9700,-12.9800,-0.0900,0.0000,0.0000,-0.0000,1571.0000,1081.0000,1500.0000,1998.0000
197877.8900,2.0000,1997.0000,1012.0000,1850.0000,-17.0000,-114.0000,-65.0000,1854.0000,-708.0000,8019.0000,0.6165,0.5108,0.3218,0.5054,119.0400,-44.8400,-96.8800,-5.9700,-12.9800,-0.0900,0.0000,0.0000,-0.0000,1571.0000,1081.0000,1500.0000,1998.0000
197894.3900,2.0000,1997.0000,1012.0000,1850.0000,-10.0000,-94.0000,-63.0000,1630.0000,-762.0000,7881.0000,0.6267,0.5142,0.3163,0.4927,118.9300,-45.1000,-96.8800,-5.4200,-13.0200,-0.0700,0.0000,0.0000,-0.0000,1571.0000,1081.0000,1500.0000,1998.0000
197911.0450,2.0000,1997.0000,1012.0000,1850.0000,-3.0000,-74.0000,-60.0000,1399.0000,-631.0000,7332.0000,0.6352,0.5164,0.3131,0.4815,118.8200,-45.3400,-96.8700,-4.9200,-12.9900,-0.0300,0.0000,0.0000,-0.0000,1571.0000,1081.0000,1500.0000,1998.0000
197927.6630,2.0000,1997.0000,1012.0000,1850.0000,8.0000,-56.0000,-55.0000,1250.0000,-712.0000,7097.0000,0.6419,0.5186,0.3115,0.4711,118.7100,-45.6400,-96.8700,-4.4100,-13.0000,-0.0000,0.0000,0.0000,-0.0000,1571.0000,1081.0000,1500.0000,1998.0000
197944.7490,2.0000,1997.0000,1012.0000,1850.0000,20.0000,-45.0000,-51.0000,1134.0000,-748.0000,6563.0000,0.6464,0.5207,0.3122,0.4620,118.6100,-45.9200,-96.8700,-3.9700,-12.9800,0.0700,0.0000,0.0000,-0.0000,1571.0000,1081.0000,1500.0000,1998.0000
197961.6050,2.0000,1997.0000,1012.0000,1850.0000,19.0000,-34.0000,-49.0000,1172.0000,-526.0000,5835.0000,0.6499,0.5227,0.3139,0.4537,118.6100,-45.9200,-96.8700,-3.9700,-12.9800,0.0700,0.0000,0.0000,-0.0000,1571.0000,1081.0000,1500.0000,1998.0000
197978.5080,2.0000,1997.0000,1012.0000,1850.0000,22.0000,-29.0000,-46.0000,1173.0000,-481.0000,4968.0000,0.6528,0.5246,0.3161,0.4459,118.5200,-46.1900,-96.8600,-3.6300,-12.9600,0.1400,0.0000,0.0000,-0.0000,1571.0000,1081.0000,1500.0000,1998.0000
197995.2590,2.0000,1997.0000,1012.0000,1850.0000,22.0000,-19.0000,-41.0000,1098.0000,-435.0000,4426.0000,0.6547,0.5257,0.3192,0.4395,118.4400,-46.4500,-96.8600,-3.4000,-12.9600,0.2500,0.0000,0.0000,-0.0000,1571.0000,1081.0000,1500.0000,1998.0000
198012.1460,2.0000,1997.0000,1024.0000,1862.0000,19.0000,-22.0000,-39.0000,1116.0000,-645.0000,4115.0000,0.6564,0.5269,0.3219,0.4335,118.3700,-46.7000,-96.8500,-3.2700,-12.9800,0.3900,0.0000,0.0000,-0.0000,1559.0000,1081.0000,1500.0000,1998.0000
198028.9900,2.0000,1997.0000,1024.0000,1862.0000,15.0000,-40.0000,-38.0000,1273.0000,-654.0000,3504.0000,0.6587,0.5285,0.3233,0.4269,118.2800,-47.0000,-96.8300,-3.0300,-13.0400,0.5600,0.0000,0.0000,-0.0000,1559.0000,1081.0000,1500.0000,1998.0000
198045.7830,2.0000,1997.0000,1024.0000,1862.0000,18.0000,-55.0000,-37.0000,1439.0000,-258.0000,2965.0000,0.6619,0.5314,0.3226,0.4188,118.1900,-47.2900,-96.8100,-2.8600,-13.1200,0.7500,0.0000,0.0000,-0.0000,1559.0000,1081.0000,1500.0000,1998.0000
198062.7090,2.0000,1997.0000,1024.0000,1862.0000,22.0000,-83.0000,-37.0000,1291.0000,-37.0000,2715.0000,0.6657,0.5356,0.3203,0.4091,118.1900,-47.2900,-96.8100,-2.8600,-13.1200,0.7500,0.0000,0.0000,-0.0000,1559.0000,1081.0000,1500.0000,1998.0000
198079.4770,2.0000,1997.0000,1024.0000,1862.0000,20.0000,-102.0000,-37.0000,1258.0000,-60.0000,2970.0000,0.6705,0.5414,0.3154,0.3973,118.1200,-47.5700,-96.7900,-2.7600,-13.2000,0.9100,0.0000,0.0000,-0.0000,1559.0000,1081.0000,1500.0000,1998.0000
198096.3790,2.0000,1997.0000,1035.0000,1873.0000,16.0000,-136.0000,-40.0000,1190.0000,-454.0000,3794.0000,0.6766,0.5482,0.3078,0.3833,118.0500,-47.8300,-96.7600,-2.6500,-13.2400,1.0800,0.0000,0.0000,-0.0000,1548.0000,1081.0000,1500.0000,1998.0000
198113.2390,2.0000,1997.0000,1035.0000,1873.0000,15.0000,-156.0000,-39.0000,1563.0000,-389.0000,4722.0000,0.6839,0.5558,0.2975,0.3672,117.9800,-48.0800,-96.7300,-2.4800,-13.2100,1.2600,0.0000,0.0000,-0.0000,1548.0000,1081.0000,1500.0000,1998.0000
198130.1000,2.0000,1997.0000,1035.0000,1873.0000,15.0000,-170.0000,-40.0000,1651.0000,-286.0000,5530.0000,0.6919,0.5642,0.2848,0.3490,117.9100,-48.3900,-96.6900,-2.1300,-13.1000,1.4200,0.0000,0.0000,-0.0000,1548.0000,1081.0000,1500.0000,1998.0000
198146.9560,2.0000,1997.0000,1035.0000,1873.0000,12.0000,-184.0000,-38.0000,1736.0000,-561.0000,6793.0000,0.6998,0.5726,0.2710,0.3301,117.8500,-48.6700,-96.6400,-1.7300,-12.9100,1.5600,0.0000,0.0000,-0.0000,1548.0000,1081.0000,1500.0000,1998.0000
198164.0650,2.0000,1997.0000,1035.0000,1873.0000,3.0000,-184.0000,-34.0000,1804.0000,-1072.0000,8418.0000,0.7080,0.5807,0.2553,0.3105,117.8500,-48.6700,-96.6400,-1.7300,-12.9100,1.5600,0.0000,0.0000,-0.0000,1548.0000,1081.0000,1500.0000,1998.0000
198180.7410,2.0000,1997.0000,1035.0000,1873.0000,5.0000,-183.0000,-35.0000,1727.0000,-1024.0000,9115.0000,0.7155,0.5878,0.2397,0.2917,117.8000,-48.9300,-96.5900,-1.2500,-12.5900,1.7100,0.0000,0.0000,-0.0000,1548.0000,1081.0000,1500.0000,1998.0000
198197.4510,2.0000,1997.0000,1000.0000,1801.0000,1.0000,-165.0000,-36.0000,1662.0000,-670.0000,9213.0000,0.7225,0.5941,0.2248,0.2731,117.7600,-49.1800,-96.5400,-0.7600,-12.1600,1.8700,0.0000,0.0000,-0.0000,1608.0000,1094.0000,1500.0000,1998.0000
198214.2770,2.0000,1997.0000,1000.0000,1800.0000,0.0000,-149.0000,-36.0000,1548.0000,-501.0000,9169.0000,0.7290,0.5987,0.2114,0.2558,117.7300,-49.4100,-96.4800,-0.3400,-11.7000,1.9700,0.0000,0.0000,-0.0000,1608.0000,1094.0000,1500.0000,1998.0000
198231.2830,2.0000,1997.0000,1000.0000,1800.0000,1.0000,-120.0000,-34.0000,1527.0000,-527.0000,9226.0000,0.7342,0.6025,0.2003,0.2405,117.7000,-49.6700,-96.4200,0.0700,-11.2900,2.0600,0.0000,0.0000,-0.0000,1608.0000,1094.0000,1500.0000,1998.0000
198248.3750,2.0000,1997.0000,1000.0000,1800.0000,12.0000,-93.0000,-31.0000,1469.0000,-731.0000,8991.0000,0.7376,0.6059,0.1922,0.2277,117.6700,-49.9200,-96.3500,0.4200,-10.8800,2.1400,0.0000,0.0000,-0.0000,1608.0000,1094.0000,1500.0000,1998.0000
198265.1760,2.0000,1997.0000,1000.0000,1800.0000,12.0000,-62.0000,-32.0000,1325.0000,-418.0000,7922.0000,0.7393,0.6087,0.1881,0.2180,117.6700,-49.9200,-96.3500,0.4200,-10.8800,2.1400,0.0000,0.0000,-0.0000,1608.0000,1094.0000,1500.0000,1998.0000
198282.2510,2.0000,1997.0000,1000.0000,1800.0000,6.0000,-39.0000,-32.0000,1151.0000,-300.0000,6872.0000,0.7408,0.6102,0.1861,0.2102,117.6500,-50.1500,-96.2900,0.6800,-10.5300,2.2200,0.0000,0.0000,-0.0000,1608.0000,1094.0000,1500.0000,1998.0000
198298.8680,2.0000,1997.0000,1825.0000,1033.0000,13.0000,-30.0000,-30.0000,1333.0000,-556.0000,6440.0000,0.7418,0.6112,0.1857,0.2040,117.6400,-50.3600,-96.2300,0.8300,-10.2700,2.2900,0.0000,0.0000,-0.0000,1573.0000,1916.0000,1500.0000,1999.0000
198315.4660,2.0000,1998.0000,1844.0000,1014.0000,16.0000,-33.0000,-32.0000,1198.0000,-635.0000,5723.0000,0.7422,0.6129,0.1857,0.1978,117.6300,-50.5600,-96.1700,0.9600,-10.0700,2.3900,0.0000,0.0000,-0.0000,1573.0000,1916.0000,1500.0000,1999.0000
198332.3540,2.0000,1998.0000,1844.0000,1014.0000,24.0000,-26.0000,-36.0000,1071.0000,-723.0000,5421.0000,0.7421,0.6149,0.1863,0.1911,117.6200,-50.7900,-96.1000,1.1900,-9.8200,2.5400,0.0000,0.0000,-0.0000,1573.0000,1916.0000,1500.0000,1999.0000
198349.4420,2.0000,1998.0000,1844.0000,1014.0000,31.0000,-13.0000,-35.0000,1170.0000,-250.0000,4868.0000,0.7410,0.6173,0.1886,0.1852,117.6200,-51.0100,-96.0300,1.3600,-9.6200,2.7100,0.0000,0.0000,-0.0000,1573.0000,1916.0000,1500.0000,1999.0000
198366.1070,2.0000,1998.0000,1844.0000,1014.0000,36.0000,8.0000,-34.0000,1290.0000,-192.0000,4877.0000,0.7390,0.6198,0.1925,0.1807,117.6200,-51.0100,-96.0300,1.3600,-9.6200,2.7100,0.0000,0.0000,-0.0000,1573.0000,1916.0000,1500.0000,1999.0000
198382.8570,2.0000,1998.0000,1844.0000,1014.0000,55.0000,43.0000,-33.0000,1308.0000,-229.0000,4786.0000,0.7350,0.6230,0.1995,0.1784,117.6200,-51.2200,-95.9600,1.5200,-9.4700,2.8500,0.0000,0.0000,-0.0000,1573.0000,1916.0000,1500.0000,1999.0000
198399.7280,2.0000,1996.0000,2000.0000,1149.0000,87.0000,101.0000,-30.0000,1224.0000,-458.0000,5111.0000,0.7271,0.6278,0.2120,0.1795,117.6200,-51.4100,-95.8900,1.6600,-9.3200,2.9900,0.0000,0.0000,-0.0000,1391.0000,1960.0000,1500.0000,1997.0000
198416.4220,2.0000,1996.0000,2000.0000,1149.0000,112.0000,176.0000,-23.0000,1249.0000,-510.0000,4698.0000,0.7144,0.6339,0.2310,0.1857,117.6200,-51.6000,-95.8200,1.8300,-9.1500,3.1700,0.0000,0.0000,-0.0000,1391.0000,1960.0000,1500.0000,1997.0000
198433.3010,2.0000,1996.0000,2000.0000,1149.0000,116.0000,261.0000,-18.0000,1359.0000,-321.0000,2418.0000,0.6961,0.6392,0.2590,0.1998,117.6300,-51.8100,-95.7300,2.1300,-8.9200,3.3800,0.0000,0.0000,-0.0000,1391.0000,1960.0000,1500.0000,1997.0000
198449.9150,2.0000,1996.0000,2000.0000,1149.0000,93.0000,331.0000,-16.0000,1459.0000,4.0000,-1383.0000,0.6751,0.6402,0.2926,0.2209,117.6400,-52.0200,-95.6400,2.2300,-8.9700,3.5700,0.0000,0.0000,-0.0000,1391.0000,1960.0000,1500.0000,1997.0000
198467.1450,2.0000,1996.0000,2000.0000,1149.0000,62.0000,366.0000,-16.0000,1551.0000,509.0000,-5992.0000,0.6520,0.6349,0.3314,0.2490,117.6400,-52.0200,-95.6400,2.2300,-8.9700,3.5700,0.0000,0.0000,-0.0000,1391.0000,1960.0000,1500.0000,1997.0000
198484.1210,2.0000,1996.0000,2000.0000,1149.0000,35.0000,357.0000,-16.0000,1600.0000,554.0000,-9997.0000,0.6296,0.6249,0.3685,0.2780,117.6400,-52.2200,-95.5700,1.9800,-9.3700,3.4400,0.0000,0.0000,-0.0000,1391.0000,1960.0000,1500.0000,1997.0000
198501.0220,2.0000,1965.0000,1502.0000,2000.0000,12.0000,295.0000,-22.0000,1629.0000,446.0000,-11893.0000,0.6099,0.6120,0.4008,0.3046,117.6300,-52.4100,-95.5400,1.3500,-9.9500,3.1700,0.0000,0.0000,-0.0000,1069.0000,1071.0000,1500.0000,1968.0000
198517.8230,2.0000,1965.0000,1502.0000,2000.0000,-8.0000,233.0000,-29.0000,1557.0000,339.0000,-11479.0000,0.5956,0.5990,0.4253,0.3248,117.6100,-52.6200,-95.5300,0.6200,-10.4600,2.8200,0.0000,0.0000,-0.0000,1069.0000,1071.0000,1500.0000,1968.0000
198534.7110,2.0000,1965.0000,1502.0000,2000.0000,-27.0000,162.0000,-39.0000,1466.0000,684.0000,-10940.0000,0.5868,0.5863,0.4436,0.3393,117.6100,-52.8500,-95.5400,0.2700,-10.6100,2.6300,0.0000,0.0000,-0.0000,1069.0000,1071.0000,1500.0000,1968.0000
198551.5820,2.0000,1965.0000,1502.0000,2000.0000,-50.0000,70.0000,-50.0000,979.0000,584.0000,-10688.0000,0.5855,0.5747,0.4544,0.3470,117.6000,-53.0700,-95.5700,-0.0300,-10.6500,2.5400,0.0000,0.0000,-0.0000,1069.0000,1071.0000,1500.0000,1968.0000
198568.3260,2.0000,1965.0000,1502.0000,2000.0000,-80.0000,-29.0000,-62.0000,1113.0000,325.0000,-10249.0000,0.5934,0.5656,0.4560,0.3465,117.6000,-53.0700,-95.5700,-0.0300,-10.6500,2.5400,0.0000,0.0000,-0.0000,1069.0000,1071.0000,1500.0000,1968.0000
198585.0520,2.0000,1965.0000,1502.0000,2000.0000,-107.0000,-116.0000,-72.0000,955.0000,110.0000,-9173.0000,0.6100,0.5575,0.4493,0.3396,117.5900,-53.2800,-95.5900,-0.3700,-10.6800,2.4900,0.0000,0.0000,-0.0000,1069.0000,1071.0000,1500.0000,1968.0000
198601.8680,2.0000,1997.0000,1142.0000,1982.0000,-150.0000,-204.0000,-78.0000,1043.0000,105.0000,-7235.0000,0.6350,0.5494,0.4336,0.3270,117.5700,-53.4800,-95.6100,-0.6300,-10.7100,2.5300,0.0000,0.0000,-0.0000,1437.0000,1080.0000,1500.0000,1998.0000
198618.9490,2.0000,1997.0000,1142.0000,1982.0000,-203.0000,-261.0000,-80.0000,1173.0000,48.0000,-4522.0000,0.6680,0.5390,0.4083,0.3107,117.5500,-53.6800,-95.6300,-0.6400,-10.7300,2.6700,0.0000,0.0000,-0.0000,1437.0000,1080.0000,1500.0000,1998.0000
198635.9050,2.0000,1997.0000,1142.0000,1982.0000,-229.0000,-285.0000,-80.0000,1207.0000,-416.0000,-1069.0000,0.7051,0.5248,0.3763,0.2929,117.5700,-53.9000,-95.6500,-0.2300,-10.7000,2.9300,0.0000,0.0000,-0.0000,1437.0000,1080.0000,1500.0000,1998.0000
198652.8990,2.0000,1997.0000,1142.0000,1982.0000,-226.0000,-295.0000,-80.0000,1407.0000,-503.0000,1575.0000,0.7417,0.5081,0.3414,0.2740,117.5900,-54.1000,-95.6700,0.5300,-10.4500,3.2200,0.0000,0.0000,-0.0000,1437.0000,1080.0000,1500.0000,1998.0000
198669.7550,2.0000,1997.0000,1142.0000,1982.0000,-192.0000,-299.0000,-84.0000,1347.0000,-675.0000,4438.0000,0.7746,0.4925,0.3058,0.2527,117.5900,-54.1000,-95.6700,0.5300,-10.4500,3.2200,0.0000,0.0000,-0.0000,1437.0000,1080.0000,1500.0000,1998.0000
198686.6150,2.0000,1997.0000,1142.0000,1982.0000,-152.0000,-298.0000,-89.0000,1576.0000,-800.0000,7147.0000,0.8026,0.4797,0.2712,0.2283,117.6300,-54.2800,-95.6600,1.4500,-10.0400,3.6900,0.0000,0.0000,-0.0000,1437.0000,1080.0000,1500.0000,1998.0000
198703.6690,2.0000,1997.0000,1016.0000,1854.0000,-115.0000,-285.0000,-87.0000,2043.0000,-1142.0000,9848.0000,0.8261,0.4697,0.2374,0.2014,117.6900,-54.4400,-95.6200,2.4400,-9.4500,4.0300,0.0000,0.0000,-0.0000,1569.0000,1081.0000,1500.0000,1998.0000
198720.4650,2.0000,1997.0000,1014.0000,1852.0000,-81.0000,-264.0000,-78.0000,2328.0000,-1265.0000,11440.0000,0.8441,0.4627,0.2064,0.1755,117.7600,-54.5900,-95.5500,3.4500,-8.7900,4.2600,0.0000,0.0000,-0.0000,1569.0000,1081.0000,1500.0000,1998.0000
198737.4900,2.0000,1997.0000,1014.0000,1852.0000,-47.0000,-226.0000,-69.0000,2182.0000,-1520.0000,12810.0000,0.8572,0.4585,0.1791,0.1514,117.8700,-54.7700,-95.4400,4.3100,-8.2600,4.3400,0.0000,0.0000,-0.0000,1569.0000,1081.0000,1500.0000,1998.0000
198754.4610,2.0000,1997.0000,1014.0000,1852.0000,-20.0000,-180.0000,-60.0000,2010.0000,-1349.0000,12567.0000,0.8657,0.4570,0.1571,0.1309,117.9900,-54.9300,-95.3200,5.0100,-7.6500,4.2800,0.0000,0.0000,-0.0000,1569.0000,1081.0000,1500.0000,1998.0000
198771.1250,2.0000,1997.0000,1014.0000,1852.0000,-8.0000,-134.0000,-48.0000,1979.0000,-950.0000,11696.0000,0.8707,0.4568,0.1414,0.1148,117.9900,-54.9300,-95.3200,5.0100,-7.6500,4.2800,0.0000,0.0000,-0.0000,1569.0000,1081.0000,1500.0000,1998.0000
198788.1460,2.0000,1997.0000,1014.0000,1852.0000,6.0000,-101.0000,-39.0000,1613.0000,-875.0000,10355.0000,0.8739,0.4574,0.1294,0.1016,118.1100,-55.0600,-95.2000,5.5200,-7.1400,4.1600,0.0000,0.0000,-0.0000,1569.0000,1081.0000,1500.0000,1998.0000
198805.0280,2.0000,1993.0000,2000.0000,1282.0000,16.0000,-56.0000,-27.0000,1678.0000,-641.0000,9239.0000,0.8752,0.4592,0.1216,0.0922,118.2300,-55.1800,-95.0700,5.8400,-6.7600,4.0600,0.0000,0.0000,-0.0000,1266.0000,1952.0000,1500.0000,1994.0000
198821.8890,2.0000,1993.0000,2000.0000,1282.0000,23.0000,-22.0000,-15.0000,1417.0000,-766.0000,8629.0000,0.8749,0.4617,0.1181,0.0864,118.3500,-55.3100,-94.9300,5.9400,-6.5100,4.0000,0.0000,0.0000,-0.0000,1266.0000,1952.0000,1500.0000,1994.0000
198838.7380,2.0000,1993.0000,2000.0000,1282.0000,29.0000,10.0000,-5.0000,1373.0000,-858.0000,8007.0000,0.8734,0.4647,0.1185,0.0847,118.4600,-55.4600,-94.7700,5.7400,-6.3400,3.9700,0.0000,0.0000,-0.0000,1266.0000,1952.0000,1500.0000,1994.0000
198855.4590,2.0000,1993.0000,2000.0000,1282.0000,29.0000,47.0000,7.0000,1494.0000,-935.0000,7421.0000,0.8711,0.4676,0.1228,0.0866,118.5600,-55.6100,-94.6200,5.5500,-6.2400,3.9800,0.0000,0.0000,-0.0000,1266.0000,1952.0000,1500.0000,1994.0000
198872.2400,2.0000,1993.0000,2000.0000,1282.0000,42.0000,87.0000,14.0000,1326.0000,-1021.0000,6704.0000,0.8672,0.4714,0.1311,0.0921,118.5600,-55.6100,-94.6200,5.5500,-6.2400,3.9800,0.0000,0.0000,-0.0000,1266.0000,1952.0000,1500.0000,1994.0000
198889.2700,2.0000,1993.0000,2000.0000,1285.0000,51.0000,119.0000,17.0000,1222.0000,-876.0000,5335.0000,0.8616,0.4763,0.1438,0.1006,118.6500,-55.7400,-94.4600,5.3600,-6.1800,4.0400,0.0000,0.0000,-0.0000,1260.0000,1950.0000,1500.0000,1994.0000
198905.8960,2.0000,1993.0000,2000.0000,1290.0000,41.0000,174.0000,20.0000,1048.0000,-338.0000,3454.0000,0.8548,0.4803,0.1613,0.1121,118.7200,-55.8600,-94.3100,5.1600,-6.2300,4.1400,0.0000,0.0000,-0.0000,1260.0000,1950.0000,1500.0000,1994.0000
198922.6780,2.0000,1993.0000,2000.0000,1290.0000,4.0000,223.0000,23.0000,936.0000,44.0000,1837.0000,0.8478,0.4804,0.1847,0.1280,118.7900,-56.0000,-94.1500,4.8100,-6.4400,4.2900,0.0000,0.0000,-0.0000,1260.0000,1950.0000,1500.0000,1994.0000
198939.3340,2.0000,1993.0000,2000.0000,1290.0000,-41.0000,278.0000,24.0000,1450.0000,16.0000,200.0000,0.8415,0.4736,0.2134,0.1487,118.8400,-56.1800,-93.9700,4.2500,-6.7800,4.5100,0.0000,0.0000,-0.0000,1260.0000,1950.0000,1500.0000,1994.0000
198956.0690,2.0000,1993.0000,2000.0000,1290.0000,-75.0000,323.0000,22.0000,1703.0000,218.0000,-2872.0000,0.8349,0.4601,0.2471,0.1736,118.8800,-56.3500,-93.8000,3.6900,-7.2700,4.7800,0.0000,0.0000,-0.0000,1260.0000,1950.0000,1500.0000,1994.0000
198972.8640,2.0000,1993.0000,2000.0000,1290.0000,-98.0000,334.0000,16.0000,1473.0000,411.0000,-6732.0000,0.8274,0.4410,0.2837,0.2011,118.8800,-56.3500,-93.8000,3.6900,-7.2700,4.7800,0.0000,0.0000,-0.0000,1260.0000,1950.0000,1500.0000,1994.0000
198989.6780,2.0000,1993.0000,2000.0000,1290.0000,-111.0000,315.0000,8.0000,1354.0000,556.0000,-9483.0000,0.8193,0.4187,0.3186,0.2276,118.9000,-56.5200,-93.6400,2.9400,-7.9400,5.1700,0.0000,0.0000,-0.0000,1260.0000,1950.0000,1500.0000,1994.0000
199006.4580,2.0000,1993.0000,1334.0000,2000.0000,-121.0000,250.0000,-5.0000,1340.0000,438.0000,-10634.0000,0.8125,0.3952,0.3480,0.2501,118.9100,-56.7000,-93.5000,1.9900,-8.6800,5.3100,0.0000,0.0000,-0.0000,1236.0000,1069.0000,1500.0000,1994.0000
199023.1000,2.0000,1993.0000,1333.0000,2000.0000,-122.0000,201.0000,-20.0000,1090.0000,665.0000,-10504.0000,0.8081,0.3722,0.3705,0.2668,118.9000,-56.8900,-93.3900,1.0500,-9.2200,5.6100,0.0000,0.0000,-0.0000,1236.0000,1069.0000,1500.0000,1994.0000
199039.9290,2.0000,1993.0000,1333.0000,2000.0000,-129.0000,124.0000,-37.0000,1245.0000,709.0000,-10308.0000,0.8072,0.3494,0.3858,0.2784,118.8800,-57.1100,-93.2800,0.3000,-9.4600,5.9900,0.0000,0.0000,-0.0000,1236.0000,1069.0000,1500.0000,1994.0000
199056.9430,2.0000,1993.0000,1333.0000,2000.0000,-149.0000,46.0000,-54.0000,1317.0000,1055.0000,-10193.0000,0.8110,0.3268,0.3928,0.2848,118.8500,-57.3100,-93.1800,-0.3600,-9.6500,6.4100,0.0000,0.0000,-0.0000,1236.0000,1069.0000,1500.0000,1994.0000
199073.7720,2.0000,1993.0000,1333.0000,2000.0000,-166.0000,-55.0000,-69.0000,1169.0000,977.0000,-9383.0000,0.8218,0.3051,0.3874,0.2855,118.8500,-57.3100,-93.1800,-0.3600,-9.6500,6.4100,0.0000,0.0000,-0.0000,1236.0000,1069.0000,1500.0000,1994.0000
199090.9210,2.0000,1993.0000,1333.0000,2000.0000,-181.0000,-132.0000,-80.0000,624.0000,469.0000,-7864.0000,0.8384,0.2837,0.3710,0.2812,118.8100,-57.5100,-93.0800,-0.9400,-9.8000,6.8900,0.0000,0.0000,-0.0000,1236.0000,1069.0000,1500.0000,1994.0000
199107.5400,2.0000,1997.0000,1086.0000,1924.0000,-199.0000,-193.0000,-89.0000,744.0000,240.0000,-4772.0000,0.8582,0.2626,0.3458,0.2736,118.7800,-57.7100,-92.9600,-1.2800,-9.7900,7.4500,0.0000,0.0000,-0.0000,1494.0000,1081.0000,1500.0000,1998.0000
199124.3410,2.0000,1997.0000,1086.0000,1924.0000,-210.0000,-229.0000,-95.0000,851.0000,99.0000,-941.0000,0.8798,0.2406,0.3139,0.2636,118.7600,-57.9100,-92.8200,-1.1500,-9.5300,7.9500,0.0000,0.0000,-0.0000,1494.0000,1081.0000,1500.0000,1998.0000
199141.0990,2.0000,1997.0000,1086.0000,1924.0000,-183.0000,-252.0000,-104.0000,1072.0000,-17.0000,2778.0000,0.9009,0.2195,0.2780,0.2509,118.7400,-58.1000,-92.6800,-0.6100,-9.0900,8.2000,0.0000,0.0000,-0.0000,1494.0000,1081.0000,1500.0000,1998.0000
199158.1300,2.0000,1997.0000,1086.0000,1924.0000,-142.0000,-257.0000,-115.0000,1221.0000,-163.0000,6006.0000,0.9198,0.2026,0.2410,0.2340,118.7400,-58.2600,-92.5300,0.0900,-8.6000,8.3800,0.0000,0.0000,-0.0000,1494.0000,1081.0000,1500.0000,1998.0000
199174.8350,2.0000,1997.0000,1086.0000,1924.0000,-107.0000,-255.0000,-119.0000,1548.0000,-560.0000,8757.0000,0.9356,0.1904,0.2056,0.2147,118.7400,-58.2600,-92.5300,0.0900,-8.6000,8.3800,0.0000,0.0000,-0.0000,1494.0000,1081.0000,1500.0000,1998.0000
199191.9070,2.0000,1997.0000,1086.0000,1924.0000,-72.0000,-239.0000,-114.0000,1921.0000,-1062.0000,10984.0000,0.9487,0.1822,0.1712,0.1935,118.7500,-58.4000,-92.3700,0.8900,-8.0500,8.2900,0.0000,0.0000,-0.0000,1494.0000,1081.0000,1500.0000,1998.0000
199208.7390,2.0000,1988.0000,1400.0000,2000.0000,-36.0000,-211.0000,-102.0000,1932.0000,-1500.0000,12743.0000,0.9583,0.1784,0.1407,0.1730,118.7800,-58.5300,-92.2000,1.6900,-7.4400,7.9900,0.0000,0.0000,-0.0000,1165.0000,1065.0000,1500.0000,1990.0000
199225.2360,2.0000,1988.0000,1400.0000,2000.0000,-14.0000,-170.0000,-88.0000,1900.0000,-1516.0000,13219.0000,0.9648,0.1778,0.1163,0.1551,118.8200,-58.6400,-92.0100,2.3200,-6.7600,7.4500,0.0000,0.0000,-0.0000,1165.0000,1065.0000,1500.0000,1990.0000
199242.0250,2.0000,1988.0000,1400.0000,2000.0000,-12.0000,-130.0000,-69.0000,1626.0000,-1397.0000,12334.0000,0.9691,0.1781,0.0970,0.1401,118.8800,-58.7500,-91.8100,2.7100,-6.0800,6.8100,0.0000,0.0000,-0.0000,1165.0000,1065.0000,1500.0000,1990.0000
199258.6810,2.0000,1988.0000,1400.0000,2000.0000,-17.0000,-99.0000,-52.0000,1338.0000,-1531.0000,11597.0000,0.9723,0.1774,0.0819,0.1285,118.8800,-58.7500,-91.8100,2.7100,-6.0800,6.8100,0.0000,0.0000,-0.0000,1165.0000,1065.0000,1500.0000,1990.0000
199275.6260,2.0000,1988.0000,1400.0000,2000.0000,-6.0000,-54.0000,-35.0000,1369.0000,-1350.0000,10328.0000,0.9743,0.1764,0.0721,0.1204,118.9300,-58.8500,-91.6100,2.9300,-5.4900,6.2100,0.0000,0.0000,-0.0000,1165.0000,1065.0000,1500.0000,1990.0000
199292.4730,2.0000,1988.0000,1400.0000,2000.0000,1.0000,-26.0000,-20.0000,1045.0000,-1294.0000,8845.0000,0.9752,0.1766,0.0670,0.1151,118.9900,-58.9300,-91.4300,3.0700,-5.0000,5.6700,0.0000,0.0000,-0.0000,1165.0000,1065.0000,1500.0000,1990.0000
199309.2400,2.0000,1964.0000,1496.0000,2000.0000,6.0000,-9.0000,-3.0000,1019.0000,-1176.0000,7501.0000,0.9755,0.1774,0.0652,0.1130,119.0500,-59.0100,-91.2400,3.1800,-4.6200,5.2700,0.0000,0.0000,-0.0000,1069.0000,1065.0000,1500.0000,1967.0000
199325.7910,2.0000,1964.0000,1496.0000,2000.0000,11.0000,6.0000,16.0000,860.0000,-1035.0000,6183.0000,0.9752,0.1787,0.0650,0.1135,119.1200,-59.0900,-91.0500,3.2600,-4.3600,5.0100,0.0000,0.0000,-0.0000,1069.0000,1065.0000,1500.0000,1967.0000
199342.6300,2.0000,1964.0000,1496.0000,2000.0000,0.0000,9.0000,33.0000,1018.0000,-946.0000,5444.0000,0.9746,0.1796,0.0656,0.1170,119.1900,-59.1600,-90.8500,3.3000,-4.1700,4.8700,0.0000,0.0000,-0.0000,1069.0000,1065.0000,1500.0000,1967.0000
199359.2880,2.0000,1964.0000,1496.0000,2000.0000,-25.0000,10.0000,52.0000,1182.0000,-836.0000,4902.0000,0.9741,0.1781,0.0658,0.1232,119.1900,-59.1600,-90.8500,3.3000,-4.1700,4.8700,0.0000,0.0000,-0.0000,1069.0000,1065.0000,1500.0000,1967.0000
199375.9250,2.0000,1964.0000,1496.0000,2000.0000,-50.0000,6.0000,66.0000,1328.0000,-703.0000,4351.0000,0.9739,0.1731,0.0644,0.1318,119.2500,-59.2300,-90.6500,3.3200,-4.0600,4.7700,0.0000,0.0000,-0.0000,1069.0000,1065.0000,1500.0000,1967.0000
199392.4840,2.0000,1980.0000,1319.0000,2000.0000,-77.0000,-6.0000,79.0000,1153.0000,-646.0000,4029.0000,0.9741,0.1647,0.0616,0.1424,119.3000,-59.2900,-90.4600,3.3500,-3.9900,4.7600,0.0000,0.0000,-0.0000,1448.0000,1081.0000,1500.0000,1998.0000
199409.4850,2.0000,1997.0000,1132.0000,1970.0000,-101.0000,-31.0000,86.0000,830.0000,-383.0000,3808.0000,0.9745,0.1532,0.0551,0.1544,119.3600,-59.3700,-90.2600,3.3000,-4.0600,4.7600,0.0000,0.0000,-0.0000,1448.0000,1081.0000,1500.0000,1998.0000
199425.9800,2.0000,1997.0000,1132.0000,1970.0000,-130.0000,-55.0000,87.0000,847.0000,-213.0000,4160.0000,0.9753,0.1384,0.0441,0.1663,119.4100,-59.4600,-90.0400,3.1700,-4.2400,4.7500,0.0000,0.0000,-0.0000,1448.0000,1081.0000,1500.0000,1998.0000
199442.8320,2.0000,1997.0000,1132.0000,1970.0000,-126.0000,-83.0000,84.0000,740.0000,-93.0000,4189.0000,0.9760,0.1220,0.0292,0.1778,119.4600,-59.5500,-89.8400,3.0400,-4.4100,4.7000,0.0000,0.0000,-0.0000,1448.0000,1081.0000,1500.0000,1998.0000
199459.8210,2.0000,1997.0000,1132.0000,1970.0000,-105.0000,-113.0000,73.0000,848.0000,-56.0000,4746.0000,0.9762,0.1081,0.0106,0.1878,119.4600,-59.5500,-89.8400,3.0400,-4.4100,4.7000,0.0000,0.0000,-0.0000,1448.0000,1081.0000,1500.0000,1998.0000
199476.5400,2.0000,1997.0000,1132.0000,1970.0000,-87.0000,-146.0000,58.0000,905.0000,10.0000,5925.0000,0.9758,0.0985,-0.0121,0.1951,119.5100,-59.6500,-89.6400,2.9300,-4.5500,4.5800,0.0000,0.0000,-0.0000,1448.0000,1081.0000,1500.0000,1998.0000
199493.3430,2.0000,1997.0000,1023.0000,1861.0000,-73.0000,-164.0000,36.0000,1096.0000,255.0000,7216.0000,0.9749,0.0919,-0.0376,0.1991,119.5500,-59.7300,-89.4600,2.8300,-4.6500,4.3300,0.0000,0.0000,-0.0000,1571.0000,1081.0000,1500.0000,1998.0000
199509.9360,2.0000,1997.0000,1012.0000,1850.0000,-71.0000,-168.0000,18.0000,1389.0000,407.0000,8404.0000,0.9739,0.0865,-0.0635,0.1998,119.6100,-59.8300,-89.2900,2.9700,-4.6200,3.9000,0.0000,0.0000,-0.0000,1571.0000,1081.0000,1500.0000,1998.0000
199526.8290,2.0000,1997.0000,1012.0000,1850.0000,-64.0000,-172.0000,-1.0000,1460.0000,91.0000,9553.0000,0.9727,0.0816,-0.0902,0.1977,119.6900,-59.9200,-89.1300,3.2700,-4.5100,3.3100,0.0000,0.0000,-0.0000,1571.0000,1081.0000,1500.0000,1998.0000
199543.8320,2.0000,1997.0000,1012.0000,1850.0000,-50.0000,-169.0000,-21.0000,1396.0000,142.0000,9738.0000,0.9712,0.0786,-0.1163,0.1927,119.7800,-60.0100,-88.9800,3.4700,-4.3700,2.6600,0.0000,0.0000,-0.0000,1571.0000,1081.0000,1500.0000,1998.0000
199560.9480,2.0000,1997.0000,1012.0000,1850.0000,-45.0000,-157.0000,-34.0000,1583.0000,201.0000,10060.0000,0.9695,0.0766,-0.1411,0.1854,119.7800,-60.0100,-88.9800,3.4700,-4.3700,2.6600,0.0000,0.0000,-0.0000,1571.0000,1081.0000,1500.0000,1998.0000
199577.4270,2.0000,1997.0000,1012.0000,1850.0000,-46.0000,-150.0000,-48.0000,1478.0000,-197.0000,10960.0000,0.9678,0.0750,-0.1632,0.1765,119.8600,-60.0800,-88.8600,3.5900,-4.2400,1.9900,0.0000,0.0000,-0.0000,1571.0000,1081.0000,1500.0000,1998.0000
199594.2930,2.0000,1997.0000,1044.0000,1836.0000,-35.0000,-125.0000,-57.0000,1461.0000,-471.0000,11406.0000,0.9662,0.0738,-0.1832,0.1660,119.9400,-60.1600,-88.7400,3.6400,-4.0700,1.2500,0.0000,0.0000,-0.0000,1562.0000,1104.0000,1500.0000,1998.0000
199611.3810,2.0000,1997.0000,1044.0000,1836.0000,-21.0000,-96.0000,-64.0000,1433.0000,-495.0000,11320.0000,0.9648,0.0739,-0.1994,0.1545,120.0500,-60.2300,-88.6400,3.7000,-3.7700,0.4800,0.0000,0.0000,-0.0000,1562.0000,1104.0000,1500.0000,1998.0000
199628.3180,2.0000,1997.0000,1044.0000,1836.0000,-15.0000,-63.0000,-68.0000,1397.0000,-415.0000,10863.0000,0.9642,0.0750,-0.2104,0.1431,120.1600,-60.2900,-88.5500,3.7600,-3.4200,-0.2800,0.0000,0.0000,-0.0000,1562.0000,1104.0000,1500.0000,1998.0000
199645.1010,2.0000,1997.0000,1044.0000,1836.0000,-10.0000,-40.0000,-68.0000,1502.0000,-577.0000,9814.0000,0.9642,0.0761,-0.2169,0.1319,120.2800,-60.3500,-88.4800,3.8100,-3.1100,-0.9600,0.0000,0.0000,-0.0000,1562.0000,1104.0000,1500.0000,1998.0000
199661.9670,2.0000,1997.0000,1044.0000,1836.0000,12.0000,-18.0000,-65.0000,1401.0000,-876.0000,8826.0000,0.9646,0.0790,-0.2202,0.1218,120.2800,-60.3500,-88.4800,3.8100,-3.1100,-0.9600,0.0000,0.0000,-0.0000,1562.0000,1104.0000,1500.0000,1998.0000
199679.1420,2.0000,1997.0000,1044.0000,1836.0000,9.0000,2.0000,-59.0000,1384.0000,-1002.0000,7938.0000,0.9653,0.0828,-0.2207,0.1125,120.3800,-60.3900,-88.4300,3.8900,-2.8300,-1.5600,0.0000,0.0000,-0.0000,1562.0000,1104.0000,1500.0000,1998.0000
199695.8560,2.0000,1994.0000,2000.0000,1323.0000,13.0000,3.0000,-55.0000,1357.0000,-1031.0000,6715.0000,0.9662,0.0857,-0.2195,0.1041,120.4900,-60.4300,-88.3900,3.9800,-2.5600,-2.0400,0.0000,0.0000,-0.0000,1239.0000,1939.0000,1500.0000,1995.0000
199712.5630,2.0000,1994.0000,2000.0000,1323.0000,12.0000,-3.0000,-49.0000,1257.0000,-860.0000,5403.0000,0.9669,0.0889,-0.2187,0.0964,120.6200,-60.4700,-88.3700,4.1900,-2.2900,-2.4000,0.0000,0.0000,-0.0000,1239.0000,1939.0000,1500.0000,1995.0000
199729.3190,2.0000,1994.0000,2000.0000,1323.0000,17.0000,-12.0000,-43.0000,1295.0000,-741.0000,4779.0000,0.9672,0.0924,-0.2189,0.0897,120.7700,-60.5100,-88.3500,4.4700,-2.0500,-2.6200,0.0000,0.0000,-0.0000,1239.0000,1939.0000,1500.0000,1995.0000
199745.8820,2.0000,1994.0000,2000.0000,1323.0000,18.0000,-24.0000,-35.0000,1379.0000,-671.0000,4772.0000,0.9670,0.0961,-0.2207,0.0839,120.9200,-60.5400,-88.3200,4.7500,-1.8500,-2.7800,0.0000,0.0000,-0.0000,1239.0000,1939.0000,1500.0000,1995.0000
199762.6150,2.0000,1994.0000,2000.0000,1323.0000,21.0000,-16.0000,-23.0000,1414.0000,-942.0000,5379.0000,0.9664,0.0999,-0.2231,0.0795,120.9200,-60.5400,-88.3200,4.7500,-1.8500,-2.7800,0.0000,0.0000,-0.0000,1239.0000,1939.0000,1500.0000,1995.0000
199779.2950,2.0000,1994.0000,2000.0000,1323.0000,33.0000,12.0000,-11.0000,1610.0000,-1192.0000,6154.0000,0.9661,0.1042,-0.2231,0.0773,121.0800,-60.5700,-88.3000,5.0200,-1.6400,-2.9800,0.0000,0.0000,-0.0000,1239.0000,1939.0000,1500.0000,1995.0000
199796.2210,2.0000,1993.0000,2000.0000,1252.0000,29.0000,56.0000,3.0000,1787.0000,-783.0000,6304.0000,0.9668,0.1085,-0.2179,0.0777,121.2300,-60.5900,-88.2800,5.2300,-1.4100,-3.2500,0.0000,0.0000,-0.0000,1291.0000,1958.0000,1500.0000,1994.0000
199813.0570,2.0000,1993.0000,2000.0000,1251.0000,-1.0000,113.0000,15.0000,1573.0000,-629.0000,5980.0000,0.9692,0.1093,-0.2056,0.0801,121.4200,-60.6100,-88.2700,5.5600,-1.1400,-3.5600,0.0000,0.0000,-0.0000,1291.0000,1958.0000,1500.0000,1994.0000
199829.7140,2.0000,1993.0000,2000.0000,1251.0000,-39.0000,173.0000,25.0000,1164.0000,-780.0000,4839.0000,0.9734,0.1039,-0.1861,0.0838,121.6300,-60.6200,-88.2800,5.9200,-0.9000,-3.8400,0.0000,0.0000,-0.0000,1291.0000,1958.0000,1500.0000,1994.0000
199846.3230,2.0000,1993.0000,2000.0000,1251.0000,-70.0000,247.0000,33.0000,1361.0000,-666.0000,2556.0000,0.9792,0.0924,-0.1572,0.0887,121.6300,-60.6200,-88.2800,5.9200,-0.9000,-3.8400,0.0000,0.0000,-0.0000,1291.0000,1958.0000,1500.0000,1994.0000
199863.1540,2.0000,1993.0000,2000.0000,1251.0000,-93.0000,302.0000,39.0000,1484.0000,-346.0000,-667.0000,0.9854,0.0759,-0.1191,0.0950,121.8400,-60.6300,-88.2800,6.3100,-0.7100,-3.9500,0.0000,0.0000,-0.0000,1291.0000,1958.0000,1500.0000,1994.0000
199880.0050,2.0000,1993.0000,2000.0000,1251.0000,-104.0000,340.0000,43.0000,1619.0000,66.0000,-4453.0000,0.9905,0.0559,-0.0738,0.1020,122.0600,-60.6400,-88.2900,6.8200,-0.6500,-3.8800,0.0000,0.0000,-0.0000,1291.0000,1958.0000,1500.0000,1994.0000
199896.7590,2.0000,1995.0000,1525.0000,1627.0000,-106.0000,337.0000,37.0000,1636.0000,373.0000,-8148.0000,0.9931,0.0352,-0.0261,0.1085,122.2800,-60.6500,-88.3100,7.3200,-0.6900,-3.5400,0.0000,0.0000,-0.0000,1480.0000,1224.0000,1500.0000,1998.0000
199913.5880,2.0000,1997.0000,1243.0000,1795.0000,-110.0000,290.0000,30.0000,1554.0000,447.0000,-10181.0000,0.9933,0.0141,0.0180,0.1136,122.5500,-60.6600,-88.3600,7.8800,-0.7400,-3.0700,0.0000,0.0000,-0.0000,1480.0000,1224.0000,1500.0000,1998.0000
199930.5350,2.0000,1997.0000,1243.0000,1795.0000,-116.0000,237.0000,19.0000,1512.0000,502.0000,-10489.0000,0.9916,-0.0069,0.0549,0.1172,122.8400,-60.6800,-88.4300,8.3600,-0.7300,-2.2800,0.0000,0.0000,-0.0000,1480.0000,1224.0000,1500.0000,1998.0000
199947.6690,2.0000,1997.0000,1243.0000,1795.0000,-136.0000,147.0000,6.0000,1335.0000,664.0000,-10673.0000,0.9891,-0.0286,0.0811,0.1191,122.8400,-60.6800,-88.4300,8.3600,-0.7300,-2.2800,0.0000,0.0000,-0.0000,1480.0000,1224.0000,1500.0000,1998.0000
199964.6950,2.0000,1997.0000,1243.0000,1795.0000,-162.0000,50.0000,-5.0000,1241.0000,605.0000,-10392.0000,0.9870,-0.0520,0.0932,0.1200,123.1200,-60.7000,-88.5000,8.6800,-0.6800,-1.3500,0.0000,0.0000,-0.0000,1480.0000,1224.0000,1500.0000,1998.0000
199981.6050,2.0000,1997.0000,1243.0000,1795.0000,-172.0000,-43.0000,-17.0000,1208.0000,590.0000,-9322.0000,0.9857,-0.0765,0.0901,0.1201,123.3900,-60.7100,-88.5500,8.8700,-0.5700,-0.3500,0.0000,0.0000,-0.0000,1480.0000,1224.0000,1500.0000,1998.0000
199998.6360,2.0000,1997.0000,1000.0000,1617.0000,-165.0000,-135.0000,-28.0000,1093.0000,465.0000,-7408.0000,0.9851,-0.1000,0.0739,0.1191,123.6300,-60.7300,-88.5800,9.0200,-0.4500,0.6400,0.0000,0.0000,-0.0000,1742.0000,1144.0000,1500.0000,1998.0000
200015.1980,2.0000,1997.0000,1000.0000,1616.0000,-150.0000,-199.0000,-44.0000,1012.0000,111.0000,-4313.0000,0.9848,-0.1198,0.0461,0.1172,123.9100,-60.7400,-88.5900,9.3300,-0.3400,1.4400,0.0000,0.0000,-0.0000,1742.0000,1144.0000,1500.0000,1998.0000
200031.7710,2.0000,1997.0000,1000.0000,1616.0000,-122.0000,-230.0000,-59.0000,1126.0000,27.0000,-1126.0000,0.9841,-0.1360,0.0119,0.1137,124.2100,-60.7600,-88.6100,9.7700,-0.2900,1.9300,0.0000,0.0000,-0.0000,1742.0000,1144.0000,1500.0000,1998.0000
200048.3850,2.0000,1997.0000,1000.0000,1616.0000,-71.0000,-253.0000,-78.0000,1146.0000,-307.0000,2155.0000,0.9830,-0.1459,-0.0255,0.1081,124.2100,-60.7600,-88.6100,9.7700,-0.2900,1.9300,0.0000,0.0000,-0.0000,1742.0000,1144.0000,1500.0000,1998.0000
200065.4180,2.0000,1997.0000,1000.0000,1616.0000,-29.0000,-260.0000,-93.0000,1008.0000,-477.0000,4773.0000,0.9817,-0.1484,-0.0657,0.1000,124.5300,-60.7700,-88.6300,10.2200,-0.3200,2.0900,0.0000,0.0000,-0.0000,1742.0000,1144.0000,1500.0000,1998.0000
200082.1480,2.0000,1997.0000,1000.0000,1616.0000,1.0000,-253.0000,-101.0000,1390.0000,-641.0000,7098.0000,0.9796,-0.1455,-0.1047,0.0904,124.8400,-60.7900,-88.6400,10.5400,-0.4000,2.0400,0.0000,0.0000,-0.0000,1742.0000,1144.0000,1500.0000,1998.0000
200098.6930,2.0000,1996.0000,2000.0000,1438.0000,25.0000,-241.0000,-100.0000,1973.0000,-903.0000,9117.0000,0.9769,-0.1386,-0.1415,0.0807,125.1200,-60.8000,-88.6500,10.7400,-0.5300,1.7700,0.0000,0.0000,-0.0000,1237.0000,1826.0000,1500.0000,1997.0000
200115.2810,2.0000,1996.0000,2000.0000,1438.0000,42.0000,-227.0000,-95.0000,2173.0000,-1085.0000,10506.0000,0.9732,-0.1292,-0.1761,0.0715,125.3900,-60.8200,-88.6600,10.8200,-0.6600,1.2800,0.0000,0.0000,-0.0000,1237.0000,1826.0000,1500.0000,1997.0000
200131.8260,2.0000,1996.0000,2000.0000,1438.0000,58.0000,-201.0000,-89.0000,2198.0000,-1484.0000,12241.0000,0.9692,-0.1178,-0.2070,0.0630,125.6400,-60.8400,-88.6700,10.7700,-0.7600,0.6000,0.0000,0.0000,-0.0000,1237.0000,1826.0000,1500.0000,1997.0000
200148.6340,2.0000,1996.0000,2000.0000,1438.0000,90.0000,-141.0000,-79.0000,2206.0000,-1570.0000,12698.0000,0.9656,-0.1035,-0.2319,0.0554,125.6400,-60.8400,-88.6700,10.7700,-0.7600,0.6000,0.0000,0.0000,-0.0000,1237.0000,1826.0000,1500.0000,1997.0000
200165.3050,2.0000,1996.0000,2000.0000,1438.0000,117.0000,-79.0000,-66.0000,2116.0000,-1585.0000,12209.0000,0.9639,-0.0857,-0.2471,0.0496,125.8800,-60.8600,-88.6800,10.6000,-0.8000,-0.2200,0.0000,0.0000,-0.0000,1237.0000,1826.0000,1500.0000,1997.0000
200182.6190,2.0000,1996.0000,2000.0000,1438.0000,124.0000,-18.0000,-50.0000,1980.0000,-1492.0000,11065.0000,0.9638,-0.0656,-0.2542,0.0455,126.0900,-60.8800,-88.7000,10.3800,-0.7900,-1.0500,0.0000,0.0000,-0.0000,1237.0000,1826.0000,1500.0000,1997.0000
200199.4300,2.0000,1992.0000,2000.0000,1262.0000,98.0000,46.0000,-32.0000,1915.0000,-1512.0000,10464.0000,0.9656,-0.0482,-0.2518,0.0431,126.2900,-60.9000,-88.7300,10.2000,-0.7200,-1.8000,0.0000,0.0000,-0.0000,1283.0000,1956.0000,1500.0000,1993.0000
200216.1480,2.0000,1992.0000,2000.0000,1261.0000,51.0000,110.0000,-14.0000,1479.0000,-1120.0000,8531.0000,0.9691,-0.0373,-0.2403,0.0415,126.4700,-60.9100,-88.7600,10.0700,-0.6100,-2.4800,0.0000,0.0000,-0.0000,1283.0000,1956.0000,1500.0000,1993.0000
200232.9000,2.0000,1992.0000,2000.0000,1261.0000,5.0000,170.0000,4.0000,1709.0000,-974.0000,6641.0000,0.9741,-0.0345,-0.2198,0.0406,126.6400,-60.9200,-88.8000,10.0400,-0.5100,-2.9600,0.0000,0.0000,-0.0000,1283.0000,1956.0000,1500.0000,1993.0000
200249.6670,2.0000,1992.0000,2000.0000,1261.0000,-22.0000,224.0000,23.0000,2032.0000,-1043.0000,4806.0000,0.9800,-0.0377,-0.1912,0.0409,126.6400,-60.9200,-88.8000,10.0400,-0.5100,-2.9600,0.0000,0.0000,-0.0000,1283.0000,1956.0000,1500.0000,1993.0000
200266.2860,2.0000,1992.0000,2000.0000,1261.0000,-43.0000,263.0000,37.0000,1931.0000,-967.0000,2676.0000,0.9857,-0.0445,-0.1567,0.0425,126.8000,-60.9300,-88.8500,10.1700,-0.4300,-3.2600,0.0000,0.0000,-0.0000,1283.0000,1956.0000,1500.0000,1993.0000
200282.7610,2.0000,1992.0000,2000.0000,1261.0000,-65.0000,311.0000,49.0000,1513.0000,-463.0000,-570.0000,0.9907,-0.0550,-0.1156,0.0452,126.9500,-60.9400,-88.8900,10.3900,-0.3500,-3.3400,0.0000,0.0000,-0.0000,1283.0000,1956.0000,1500.0000,1993.0000
200299.3910,2.0000,1992.0000,2000.0000,1261.0000,-90.0000,339.0000,60.0000,1494.0000,-475.0000,-3568.0000,0.9940,-0.0691,-0.0692,0.0488,127.0900,-60.9400,-88.9400,10.6300,-0.2900,-3.1700,0.0000,0.0000,-0.0000,1283.0000,1956.0000,1500.0000,1993.0000
200315.9940,2.0000,1996.0000,1183.0000,2000.0000,-99.0000,336.0000,65.0000,1568.0000,-245.0000,-6753.0000,0.9947,-0.0858,-0.0203,0.0530,127.2400,-60.9400,-89.0000,10.8800,-0.2100,-2.8100,0.0000,0.0000,-0.0000,1400.0000,1084.0000,1500.0000,1997.0000
200332.6820,2.0000,1996.0000,1183.0000,2000.0000,-115.0000,292.0000,67.0000,1448.0000,-105.0000,-9428.0000,0.9926,-0.1037,0.0257,0.0581,127.2400,-60.9400,-89.0000,10.8800,-0.2100,-2.8100,0.0000,0.0000,-0.0000,1400.0000,1084.0000,1500.0000,1997.0000
200349.7100,2.0000,1996.0000,1183.0000,2000.0000,-148.0000,195.0000,63.0000,1265.0000,-57.0000,-10606.0000,0.9882,-0.1249,0.0616,0.0644,127.3700,-60.9400,-89.0700,11.0400,-0.0600,-2.2500,0.0000,0.0000,-0.0000,1400.0000,1084.0000,1500.0000,1997.0000
200366.4220,2.0000,1996.0000,1183.0000,2000.0000,-175.0000,84.0000,56.0000,1215.0000,215.0000,-10923.0000,0.9828,-0.1491,0.0815,0.0719,127.5000,-60.9400,-89.1400,11.0700,0.1200,-1.3600,0.0000,0.0000,-0.0000,1400.0000,1084.0000,1500.0000,1997.0000
200383.0920,2.0000,1996.0000,1183.0000,2000.0000,-185.0000,-28.0000,49.0000,889.0000,82.0000,-10140.0000,0.9777,-0.1746,0.0843,0.0810,127.6200,-60.9300,-89.2000,11.0200,0.3500,-0.3800,0.0000,0.0000,-0.0000,1400.0000,1084.0000,1500.0000,1997.0000
200399.8830,2.0000,1997.0000,1013.0000,1851.0000,-187.0000,-116.0000,38.0000,977.0000,131.0000,-8225.0000,0.9729,-0.1997,0.0726,0.0911,127.7400,-60.9200,-89.2400,10.9600,0.5800,0.5300,0.0000,0.0000,-0.0000,1571.0000,1081.0000,1500.0000,1998.0000
200416.5600,2.0000,1997.0000,1012.0000,1850.0000,-171.0000,-201.0000,22.0000,1084.0000,372.0000,-5286.0000,0.9684,-0.2227,0.0487,0.1015,127.8400,-60.9100,-89.2600,10.9800,0.7200,1.2700,0.0000,0.0000,-0.0000,1571.0000,1081.0000,1500.0000,1998.0000
200433.5390,2.0000,1997.0000,1012.0000,1850.0000,-150.0000,-250.0000,3.0000,1005.0000,276.0000,-1857.0000,0.9637,-0.2423,0.0138,0.1115,127.8400,-60.9100,-89.2600,10.9800,0.7200,1.2700,0.0000,0.0000,-0.0000,1571.0000,1081.0000,1500.0000,1998.0000
200450.3360,2.0000,1997.0000,1012.0000,1850.0000,-120.0000,-284.0000,-18.0000,901.0000,140.0000,1607.0000,0.9587,-0.2567,-0.0268,0.1196,127.9400,-60.8900,-89.2700,11.0300,0.6900,1.7100,0.0000,0.0000,-0.0000,1571.0000,1081.0000,1500.0000,1998.0000
200467.6260,2.0000,1997.0000,1012.0000,1850.0000,-102.0000,-292.0000,-39.0000,1428.0000,342.0000,4683.0000,0.9529,-0.2670,-0.0711,0.1253,128.0300,-60.8800,-89.2700,11.0600,0.5100,1.9500,0.0000,0.0000,-0.0000,1571.0000,1081.0000,1500.0000,1998.0000
200484.2040,2.0000,1997.0000,1012.0000,1850.0000,-89.0000,-285.0000,-53.0000,1845.0000,13.0000,7580.0000,0.9462,-0.2739,-0.1145,0.1283,128.1100,-60.8800,-89.2700,11.0400,0.1700,1.9000,0.0000,0.0000,-0.0000,1571.0000,1081.0000,1500.0000,1998.0000
200501.0140,2.0000,1997.0000,1016.0000,1854.0000,-74.0000,-272.0000,-60.0000,2191.0000,-361.0000,9735.0000,0.9385,-0.2788,-0.1570,0.1295,128.1900,-60.8800,-89.2700,10.9400,-0.2700,1.5800,0.0000,0.0000,-0.0000,1567.0000,1081.0000,1500.0000,1998.0000
200517.6370,2.0000,1997.0000,1016.0000,1854.0000,-60.0000,-234.0000,-63.0000,2167.0000,-422.0000,11080.0000,0.9307,-0.2816,-0.1948,0.1289,128.6800,-60.9600,-89.3000,11.1500,-1.0300,1.0700,0.0000,0.0000,-0.0000,1567.0000,1081.0000,1500.0000,1998.0000
200534.4260,2.0000,1997.0000,1016.0000,1854.0000,-41.0000,-189.0000,-57.0000,2142.0000,-940.0000,12130.0000,0.9232,-0.2831,-0.2268,0.1270,128.6800,-60.9600,-89.3000,11.1500,-1.0300,1.0700,0.0000,0.0000,-0.0000,1567.0000,1081.0000,1500.0000,1998.0000
200551.3070,2.0000,1997.0000,1016.0000,1854.0000,-18.0000,-140.0000,-51.0000,1916.0000,-873.0000,11031.0000,0.9173,-0.2824,-0.2516,0.1245,129.1700,-61.0600,-89.3300,11.2000,-1.7300,0.4600,0.0000,0.0000,-0.0000,1567.0000,1081.0000,1500.0000,1998.0000
200568.0880,2.0000,1997.0000,1016.0000,1854.0000,-2.0000,-109.0000,-44.0000,1887.0000,-769.0000,9865.0000,0.9133,-0.2796,-0.2698,0.1219,129.6400,-61.1600,-89.3700,11.1500,-2.3100,-0.1900,0.0000,0.0000,-0.0000,1567.0000,1081.0000,1500.0000,1998.0000
200585.1520,2.0000,1997.0000,1016.0000,1854.0000,5.0000,-66.0000,-32.0000,1641.0000,-836.0000,9229.0000,0.9106,-0.2765,-0.2829,0.1196,130.0700,-61.2700,-89.4100,11.1000,-2.7300,-0.7100,0.0000,0.0000,-0.0000,1567.0000,1081.0000,1500.0000,1998.0000
200601.7910,2.0000,1995.0000,2000.0000,1199.0000,14.0000,-39.0000,-22.0000,1622.0000,-842.0000,8429.0000,0.9094,-0.2738,-0.2901,0.1174,130.4800,-61.3800,-89.4600,11.0300,-3.0500,-1.1900,0.0000,0.0000,-0.0000,1342.0000,1959.0000,1500.0000,1996.0000
200618.4750,2.0000,1995.0000,2000.0000,1199.0000,12.0000,-3.0000,-6.0000,1724.0000,-949.0000,7656.0000,0.9093,-0.2715,-0.2932,0.1163,130.9500,-61.5000,-89.5100,11.1800,-3.3500,-1.6200,0.0000,0.0000,-0.0000,1342.0000,1959.0000,1500.0000,1996.0000
200635.2470,2.0000,1995.0000,2000.0000,1199.0000,20.0000,21.0000,6.0000,1598.0000,-1151.0000,7453.0000,0.9103,-0.2699,-0.2916,0.1160,130.9500,-61.5000,-89.5100,11.1800,-3.3500,-1.6200,0.0000,0.0000,-0.0000,1342.0000,1959.0000,1500.0000,1996.0000
200651.8550,2.0000,1995.0000,2000.0000,1199.0000,26.0000,48.0000,19.0000,1676.0000,-976.0000,6604.0000,0.9126,-0.2682,-0.2856,0.1165,131.3900,-61.6200,-89.5700,11.3300,-3.5700,-2.0200,0.0000,0.0000,-0.0000,1342.0000,1959.0000,1500.0000,1996.0000
200668.6930,2.0000,1995.0000,2000.0000,1199.0000,41.0000,78.0000,30.0000,1571.0000,-1068.0000,6003.0000,0.9162,-0.2661,-0.2755,0.1180,131.8100,-61.7400,-89.6200,11.4900,-3.7300,-2.3700,0.0000,0.0000,-0.0000,1342.0000,1959.0000,1500.0000,1996.0000
200685.3890,2.0000,1995.0000,2000.0000,1199.0000,63.0000,112.0000,41.0000,1631.0000,-873.0000,5089.0000,0.9214,-0.2624,-0.2604,0.1203,132.2000,-61.8500,-89.6900,11.6500,-3.8300,-2.6800,0.0000,0.0000,-0.0000,1342.0000,1959.0000,1500.0000,1996.0000
200701.9390,2.0000,1993.0000,2000.0000,1235.0000,68.0000,163.0000,49.0000,1628.0000,-558.0000,3998.0000,0.9281,-0.2576,-0.2389,0.1230,132.5700,-61.9500,-89.7500,11.8400,-3.8800,-2.9100,0.0000,0.0000,-0.0000,1305.0000,1959.0000,1500.0000,1994.0000
200718.5810,2.0000,1993.0000,2000.0000,1236.0000,54.0000,211.0000,59.0000,1630.0000,-422.0000,2954.0000,0.9357,-0.2545,-0.2100,0.1248,132.5700,-61.9500,-89.7500,11.8400,-3.8800,-2.9100,0.0000,0.0000,-0.0000,1305.0000,1959.0000,1500.0000,1994.0000
200735.4260,2.0000,1993.0000,2000.0000,1236.0000,29.0000,255.0000,66.0000,1795.0000,-384.0000,1458.0000,0.9427,-0.2550,-0.1746,0.1254,133.0000,-62.0700,-89.8200,12.0000,-3.9400,-3.0300,0.0000,0.0000,-0.0000,1305.0000,1959.0000,1500.0000,1994.0000
200752.1560,2.0000,1993.0000,2000.0000,1236.0000,-5.0000,293.0000,70.0000,1819.0000,-336.0000,-466.0000,0.9481,-0.2603,-0.1335,0.1244,133.4100,-62.1900,-89.8900,12.2100,-3.9400,-3.0600,0.0000,0.0000,-0.0000,1305.0000,1959.0000,1500.0000,1994.0000
200769.2040,2.0000,1993.0000,2000.0000,1236.0000,-37.0000,331.0000,75.0000,1705.0000,-185.0000,-3212.0000,0.9511,-0.2705,-0.0865,0.1217,133.7900,-62.2900,-89.9500,12.4500,-3.8500,-2.9400,0.0000,0.0000,-0.0000,1305.0000,1959.0000,1500.0000,1994.0000
200786.0800,2.0000,1993.0000,2000.0000,1236.0000,-55.0000,337.0000,74.0000,1720.0000,40.0000,-6467.0000,0.9510,-0.2836,-0.0369,0.1176,134.1500,-62.3900,-90.0300,12.7000,-3.6300,-2.7400,0.0000,0.0000,-0.0000,1305.0000,1959.0000,1500.0000,1994.0000
200802.6620,2.0000,1998.0000,1523.0000,1000.0000,-63.0000,306.0000,71.0000,1594.0000,12.0000,-8647.0000,0.9480,-0.2971,0.0092,0.1136,134.4900,-62.4700,-90.1300,12.8900,-3.2400,-2.3400,0.0000,0.0000,-0.0000,1874.0000,1896.0000,1500.0000,1999.0000
200819.2470,2.0000,1998.0000,1522.0000,1000.0000,-65.0000,255.0000,61.0000,1371.0000,347.0000,-9258.0000,0.9429,-0.3104,0.0495,0.1106,134.4900,-62.4700,-90.1300,12.8900,-3.2400,-2.3400,0.0000,0.0000,-0.0000,1874.0000,1896.0000,1500.0000,1999.0000
200836.3430,2.0000,1998.0000,1522.0000,1000.0000,-45.0000,196.0000,49.0000,1451.0000,608.0000,-8928.0000,0.9369,-0.3219,0.0827,0.1084,134.9000,-62.5700,-90.2500,12.9600,-2.9500,-1.9000,0.0000,0.0000,-0.0000,1874.0000,1896.0000,1500.0000,1999.0000
200853.0400,2.0000,1998.0000,1522.0000,1000.0000,-14.0000,153.0000,35.0000,1410.0000,719.0000,-8219.0000,0.9323,-0.3284,0.1075,0.1066,135.2700,-62.6600,-90.3700,12.9100,-2.6900,-1.1900,0.0000,0.0000,-0.0000,1874.0000,1896.0000,1500.0000,1999.0000
200869.6580,2.0000,1998.0000,1522.0000,1000.0000,35.0000,103.0000,23.0000,1678.0000,553.0000,-7637.0000,0.9301,-0.3287,0.1260,0.1046,135.6200,-62.7400,-90.4800,12.8100,-2.4800,-0.5000,0.0000,0.0000,-0.0000,1874.0000,1896.0000,1500.0000,1999.0000
200886.2720,2.0000,1997.0000,1039.0000,1727.0000,85.0000,46.0000,6.0000,1291.0000,180.0000,-7227.0000,0.9315,-0.3209,0.1374,0.1020,135.9400,-62.8100,-90.5700,12.7100,-2.2800,0.1600,0.0000,0.0000,-0.0000,1594.0000,1082.0000,1500.0000,1998.0000
200903.2180,2.0000,1997.0000,1000.0000,1826.0000,115.0000,-10.0000,-9.0000,1275.0000,243.0000,-6738.0000,0.9357,-0.3076,0.1413,0.0989,136.2300,-62.8700,-90.6300,12.5900,-2.1100,0.7700,0.0000,0.0000,-0.0000,1594.0000,1082.0000,1500.0000,1998.0000
200919.9430,2.0000,1997.0000,1000.0000,1826.0000,148.0000,-51.0000,-20.0000,1360.0000,-107.0000,-5590.0000,0.9423,-0.2894,0.1383,0.0956,136.2300,-62.8700,-90.6300,12.5900,-2.1100,0.7700,0.0000,0.0000,-0.0000,1594.0000,1082.0000,1500.0000,1998.0000
200937.1160,2.0000,1997.0000,1000.0000,1826.0000,186.0000,-84.0000,-30.0000,1366.0000,-84.0000,-4570.0000,0.9511,-0.2650,0.1298,0.0913,136.5800,-62.9600,-90.6900,12.6600,-2.1400,1.3300,0.0000,0.0000,-0.0000,1594.0000,1082.0000,1500.0000,1998.0000
200954.1290,2.0000,1997.0000,1000.0000,1826.0000,213.0000,-113.0000,-40.0000,1500.0000,118.0000,-3670.0000,0.9608,-0.2359,0.1174,0.0862,136.9100,-63.0400,-90.7400,12.7500,-2.2300,1.8300,0.0000,0.0000,-0.0000,1594.0000,1082.0000,1500.0000,1998.0000
200970.9270,2.0000,1997.0000,1000.0000,1826.0000,228.0000,-166.0000,-51.0000,1475.0000,-38.0000,-2495.0000,0.9708,-0.2035,0.0986,0.0805,137.2200,-63.1100,-90.7800,12.8500,-2.3900,2.2900,0.0000,0.0000,-0.0000,1594.0000,1082.0000,1500.0000,1998.0000
200988.0140,2.0000,1968.0000,1613.0000,2000.0000,220.0000,-192.0000,-56.0000,1496.0000,-171.0000,-926.0000,0.9800,-0.1694,0.0736,0.0745,137.5200,-63.1900,-90.8100,12.9600,-2.6100,2.6500,0.0000,0.0000,-0.0000,1062.0000,1177.0000,1500.0000,1971.0000
201004.9110,2.0000,1968.0000,1615.0000,2000.0000,190.0000,-213.0000,-57.0000,1527.0000,-15.0000,683.0000,0.9871,-0.1377,0.0451,0.0688,137.8100,-63.2800,-90.8300,13.0800,-2.8900,2.9500,0.0000,0.0000,-0.0000,1062.0000,1177.0000,1500.0000,1971.0000
201021.6000,2.0000,1968.0000,1615.0000,2000.0000,135.0000,-231.0000,-47.0000,1722.0000,-480.0000,3145.0000,0.9915,-0.1123,0.0135,0.0643,137.8100,-63.2800,-90.8300,13.0800,-2.8900,2.9500,0.0000,0.0000,-0.0000,1062.0000,1177.0000,1500.0000,1971.0000
201038.5910,2.0000,1968.0000,1615.0000,2000.0000,82.0000,-241.0000,-30.0000,1674.0000,-991.0000,5620.0000,0.9934,-0.0943,-0.0214,0.0621,138.1600,-63.3900,-90.8600,13.3100,-3.2600,3.0600,0.0000,0.0000,-0.0000,1062.0000,1177.0000,1500.0000,1971.0000
201055.3340,2.0000,1968.0000,1615.0000,2000.0000,31.0000,-232.0000,-8.0000,2021.0000,-1203.0000,7881.0000,0.9930,-0.0840,-0.0553,0.0625,138.5100,-63.5200,-90.8900,13.4800,-3.6200,2.9300,0.0000,0.0000,-0.0000,1062.0000,1177.0000,1500.0000,1971.0000
201072.2570,2.0000,1968.0000,1615.0000,2000.0000,-26.0000,-200.0000,13.0000,2506.0000,-1135.0000,9430.0000,0.9907,-0.0818,-0.0870,0.0653,138.8500,-63.6500,-90.9100,13.5800,-3.9600,2.5400,0.0000,0.0000,-0.0000,1062.0000,1177.0000,1500.0000,1971.0000
201089.0760,2.0000,1968.0000,1615.0000,2000.0000,-67.0000,-164.0000,28.0000,2635.0000,-1094.0000,10366.0000,0.9872,-0.0874,-0.1138,0.0697,139.1600,-63.7800,-90.9200,13.6100,-4.2700,1.9500,0.0000,0.0000,-0.0000,1062.0000,1177.0000,1500.0000,1971.0000
201105.8300,2.0000,1997.0000,1613.0000,1000.0000,-99.0000,-123.0000,41.0000,2201.0000,-835.0000,10224.0000,0.9831,-0.0987,-0.1350,0.0750,139.4600,-63.9000,-90.9300,13.5400,-4.5700,1.2400,0.0000,0.0000,-0.0000,1790.0000,1903.0000,1500.0000,1999.0000
201122.6610,2.0000,1998.0000,1613.0000,1000.0000,-126.0000,-81.0000,51.0000,1932.0000,-846.0000,9847.0000,0.9787,-0.1149,-0.1499,0.0806,139.4600,-63.9000,-90.9300,13.5400,-4.5700,1.2400,0.0000,0.0000,-0.0000,1790.0000,1903.0000,1500.0000,1999.0000
201139.7980,2.0000,1998.0000,1613.0000,1000.0000,-133.0000,-47.0000,57.0000,1639.0000,-881.0000,9083.0000,0.9741,-0.1345,-0.1597,0.0865,139.8200,-64.0500,-90.9400,13.5800,-4.8200,0.5700,0.0000,0.0000,-0.0000,1790.0000,1903.0000,1500.0000,1999.0000
201156.6170,2.0000,1998.0000,1613.0000,1000.0000,-127.0000,-19.0000,66.0000,1703.0000,-797.0000,7937.0000,0.9698,-0.1545,-0.1642,0.0927,140.1600,-64.1900,-90.9600,13.5500,-5.0300,-0.0400,0.0000,0.0000,-0.0000,1790.0000,1903.0000,1500.0000,1999.0000
201173.5150,2.0000,1998.0000,1613.0000,1000.0000,-109.0000,15.0000,72.0000,1916.0000,-793.0000,7283.0000,0.9660,-0.1732,-0.1644,0.0996,140.4800,-64.3300,-90.9800,13.5200,-5.2200,-0.5700,0.0000,0.0000,-0.0000,1790.0000,1903.0000,1500.0000,1999.0000
201190.2980,2.0000,1998.0000,1560.0000,1000.0000,-82.0000,45.0000,78.0000,1747.0000,-950.0000,6900.0000,0.9629,-0.1892,-0.1598,0.1069,140.7800,-64.4600,-91.0100,13.5200,-5.4000,-1.0300,0.0000,0.0000,-0.0000,1889.0000,1894.0000,1500.0000,1999.0000
201207.1460,2.0000,1998.0000,1505.0000,1000.0000,-39.0000,86.0000,82.0000,1618.0000,-648.0000,6048.0000,0.9614,-0.2009,-0.1493,0.1146,141.0600,-64.5900,-91.0400,13.5100,-5.5400,-1.4400,0.0000,0.0000,-0.0000,1889.0000,1894.0000,1500.0000,1999.0000
201224.2720,2.0000,1998.0000,1505.0000,1000.0000,28.0000,128.0000,85.0000,1652.0000,-393.0000,4852.0000,0.9620,-0.2055,-0.1317,0.1227,141.0600,-64.5900,-91.0400,13.5100,-5.5400,-1.4400,0.0000,0.0000,-0.0000,1889.0000,1894.0000,1500.0000,1999.0000
201240.9740,2.0000,1998.0000,1505.0000,1000.0000,94.0000,176.0000,87.0000,1669.0000,-220.0000,2856.0000,0.9649,-0.2014,-0.1059,0.1308,141.4100,-64.7300,-91.0700,13.6900,-5.5000,-1.7400,0.0000,0.0000,-0.0000,1889.0000,1894.0000,1500.0000,1999.0000
201257.5810,2.0000,1998.0000,1505.0000,1000.0000,158.0000,207.0000,85.0000,1479.0000,-77.0000,648.0000,0.9695,-0.1883,-0.0740,0.1386,141.7500,-64.8500,-91.1000,13.9200,-5.4200,-1.8500,0.0000,0.0000,-0.0000,1889.0000,1894.0000,1500.0000,1999.0000
201274.3470,2.0000,1998.0000,1505.0000,1000.0000,204.0000,241.0000,79.0000,1596.0000,370.0000,-1568.0000,0.9744,-0.1678,-0.0358,0.1455,142.0700,-64.9700,-91.1300,14.1500,-5.2500,-1.7600,0.0000,0.0000,-0.0000,1889.0000,1894.0000,1500.0000,1999.0000
201291.0850,2.0000,1994.0000,2000.0000,1250.0000,235.0000,260.0000,71.0000,1813.0000,486.0000,-3755.0000,0.9784,-0.1420,0.0068,0.1504,142.3700,-65.0800,-91.1700,14.3600,-5.0700,-1.4700,0.0000,0.0000,-0.0000,1259.0000,1939.0000,1500.0000,1995.0000
201308.0810,2.0000,1994.0000,2000.0000,1302.0000,247.0000,267.0000,64.0000,1894.0000,488.0000,-6269.0000,0.9803,-0.1126,0.0524,0.1534,142.6600,-65.1700,-91.2000,14.5200,-4.8400,-0.9400,0.0000,0.0000,-0.0000,1259.0000,1939.0000,1500.0000,1995.0000
201324.9360,2.0000,1994.0000,2000.0000,1302.0000,257.0000,236.0000,58.0000,1599.0000,318.0000,-8195.0000,0.9799,-0.0811,0.0956,0.1551,142.6600,-65.1700,-91.2000,14.5200,-4.8400,-0.9400,0.0000,0.0000,-0.0000,1259.0000,1939.0000,1500.0000,1995.0000
201341.6730,2.0000,1994.0000,2000.0000,1302.0000,226.0000,187.0000,47.0000,1586.0000,623.0000,-8839.0000,0.9777,-0.0499,0.1318,0.1556,143.0200,-65.2600,-91.2400,14.6200,-4.4200,-0.4300,0.0000,0.0000,-0.0000,1259.0000,1939.0000,1500.0000,1995.0000
201358.7530,2.0000,1994.0000,2000.0000,1302.0000,165.0000,140.0000,37.0000,1522.0000,591.0000,-7975.0000,0.9744,-0.0242,0.1605,0.1554,143.3500,-65.3300,-91.2900,14.5700,-4.0900,0.2700,0.0000,0.0000,-0.0000,1259.0000,1939.0000,1500.0000,1995.0000
201375.3080,2.0000,1994.0000,2000.0000,1302.0000,100.0000,106.0000,29.0000,1541.0000,490.0000,-6900.0000,0.9712,-0.0074,0.1808,0.1552,143.6700,-65.4000,-91.3400,14.4500,-3.8700,0.9600,0.0000,0.0000,-0.0000,1259.0000,1939.0000,1500.0000,1995.0000
201392.3590,2.0000,1994.0000,2000.0000,1302.0000,41.0000,74.0000,21.0000,1503.0000,355.0000,-6113.0000,0.9683,0.0013,0.1954,0.1558,143.9600,-65.4600,-91.3700,14.3300,-3.7000,1.5900,0.0000,0.0000,-0.0000,1259.0000,1939.0000,1500.0000,1995.0000
201409.0030,2.0000,1997.0000,1201.0000,1975.0000,-5.0000,51.0000,15.0000,1303.0000,49.0000,-4943.0000,0.9662,0.0028,0.2042,0.1571,144.2500,-65.5200,-91.4000,14.2400,-3.5900,2.1700,0.0000,0.0000,-0.0000,1411.0000,1113.0000,1500.0000,1998.0000
201425.7730,2.0000,1997.0000,1201.0000,1975.0000,-42.0000,38.0000,8.0000,1191.0000,-146.0000,-3781.0000,0.9647,-0.0013,0.2100,0.1588,144.2500,-65.5200,-91.4000,14.2400,-3.5900,2.1700,0.0000,0.0000,-0.0000,1411.0000,1113.0000,1500.0000,1998.0000
201442.5350,2.0000,1997.0000,1201.0000,1975.0000,-67.0000,24.0000,1.0000,1200.0000,-38.0000,-3481.0000,0.9637,-0.0096,0.2133,0.1604,144.5900,-65.5900,-91.4200,14.2900,-3.6000,2.7000,0.0000,0.0000,-0.0000,1411.0000,1113.0000,1500.0000,1998.0000
201459.2750,2.0000,1997.0000,1201.0000,1975.0000,-102.0000,0.0000,-6.0000,1282.0000,195.0000,-3853.0000,0.9633,-0.0216,0.2131,0.1619,144.9100,-65.6700,-91.4300,14.3300,-3.6100,3.1700,0.0000,0.0000,-0.0000,1411.0000,1113.0000,1500.0000,1998.0000
201475.8140,2.0000,1997.0000,1201.0000,1975.0000,-128.0000,-41.0000,-10.0000,1244.0000,221.0000,-4254.0000,0.9637,-0.0374,0.2076,0.1637,145.2200,-65.7400,-91.4200,14.3400,-3.6300,3.6700,0.0000,0.0000,-0.0000,1411.0000,1113.0000,1500.0000,1998.0000
201492.4590,2.0000,1997.0000,1201.0000,1975.0000,-146.0000,-90.0000,-16.0000,1098.0000,87.0000,-3980.0000,0.9650,-0.0555,0.1953,0.1658,145.5100,-65.8100,-91.4100,14.3300,-3.6200,4.2100,0.0000,0.0000,-0.0000,1411.0000,1113.0000,1500.0000,1998.0000
201509.5400,2.0000,1997.0000,1012.0000,1850.0000,-143.0000,-138.0000,-23.0000,1011.0000,-24.0000,-2628.0000,0.9673,-0.0742,0.1752,0.1676,145.5100,-65.8100,-91.4100,14.3300,-3.6200,4.2100,0.0000,0.0000,-0.0000,1571.0000,1081.0000,1500.0000,1998.0000
201526.2460,2.0000,1997.0000,1012.0000,1850.0000,-124.0000,-173.0000,-30.0000,1080.0000,-57.0000,-445.0000,0.9701,-0.0899,0.1494,0.1686,145.8000,-65.8700,-91.3800,14.3300,-3.6200,4.7000,0.0000,0.0000,-0.0000,1571.0000,1081.0000,1500.0000,1998.0000
201543.0430,2.0000,1997.0000,1012.0000,1850.0000,-93.0000,-202.0000,-43.0000,1032.0000,-351.0000,2080.0000,0.9733,-0.1012,0.1193,0.1678,146.1300,-65.9600,-91.3500,14.3800,-3.7600,5.0200,0.0000,0.0000,-0.0000,1571.0000,1081.0000,1500.0000,1998.0000
201560.0500,2.0000,1997.0000,1012.0000,1850.0000,-69.0000,-224.0000,-54.0000,1189.0000,-454.0000,4296.0000,0.9766,-0.1082,0.0857,0.1648,146.4500,-66.0400,-91.3200,14.4800,-3.9400,5.1500,0.0000,0.0000,-0.0000,1571.0000,1081.0000,1500.0000,1998.0000
201576.7380,2.0000,1997.0000,1012.0000,1850.0000,-49.0000,-229.0000,-58.0000,1479.0000,-448.0000,6219.0000,0.9793,-0.1118,0.0514,0.1606,146.7600,-66.1300,-91.2800,14.5900,-4.1600,5.0400,0.0000,0.0000,-0.0000,1571.0000,1081.0000,1500.0000,1998.0000
201593.6330,2.0000,1997.0000,1012.0000,1850.0000,-32.0000,-227.0000,-58.0000,1694.0000,-501.0000,7897.0000,0.9812,-0.1127,0.0165,0.1557,147.0500,-66.2100,-91.2400,14.6800,-4.4100,4.7500,0.0000,0.0000,-0.0000,1571.0000,1081.0000,1500.0000,1998.0000
201610.4640,2.0000,1997.0000,1000.0000,1767.0000,-18.0000,-224.0000,-57.0000,1799.0000,-548.0000,9321.0000,0.9821,-0.1112,-0.0176,0.1508,147.0500,-66.2100,-91.2400,14.6800,-4.4100,4.7500,0.0000,0.0000,-0.0000,1646.0000,1089.0000,1500.0000,1998.0000
201627.0940,2.0000,1997.0000,1000.0000,1767.0000,-8.0000,-193.0000,-53.0000,1985.0000,-797.0000,10895.0000,0.9821,-0.1085,-0.0487,0.1460,147.3500,-66.3100,-91.2000,14.7300,-4.7000,4.2600,0.0000,0.0000,-0.0000,1646.0000,1089.0000,1500.0000,1998.0000
201644.1940,2.0000,1997.0000,1000.0000,1767.0000,4.0000,-152.0000,-45.0000,1994.0000,-957.0000,11431.0000,0.9816,-0.1044,-0.0749,0.1412,147.6900,-66.4300,-91.1500,14.7700,-5.0700,3.5800,0.0000,0.0000,-0.0000,1646.0000,1089.0000,1500.0000,1998.0000
201661.1190,2.0000,1997.0000,1000.0000,1767.0000,21.0000,-130.0000,-39.0000,1907.0000,-1068.0000,10788.0000,0.9810,-0.0991,-0.0955,0.1370,148.0100,-66.5500,-91.1200,14.7200,-5.3800,2.7500,0.0000,0.0000,-0.0000,1646.0000,1089.0000,1500.0000,1998.0000
201677.8890,2.0000,1997.0000,1000.0000,1767.0000,33.0000,-96.0000,-28.0000,1604.0000,-971.0000,9853.0000,0.9804,-0.0926,-0.1113,0.1338,148.3200,-66.6700,-91.0900,14.6200,-5.6100,1.9500,0.0000,0.0000,-0.0000,1646.0000,1089.0000,1500.0000,1998.0000
201694.8480,2.0000,1998.0000,1504.0000,1000.0000,36.0000,-56.0000,-22.0000,1518.0000,-989.0000,9544.0000,0.9801,-0.0858,-0.1217,0.1316,148.6200,-66.7900,-91.0700,14.5000,-5.7900,1.2700,0.0000,0.0000,-0.0000,1875.0000,1879.0000,1500.0000,1999.0000
201711.6660,2.0000,1998.0000,1504.0000,1000.0000,36.0000,-28.0000,-17.0000,1345.0000,-945.0000,8804.0000,0.9802,-0.0794,-0.1271,0.1297,148.6200,-66.7900,-91.0700,14.5000,-5.7900,1.2700,0.0000,0.0000,-0.0000,1875.0000,1879.0000,1500.0000,1999.0000
201728.5180,2.0000,1998.0000,1504.0000,1000.0000,42.0000,2.0000,-6.0000,1388.0000,-1109.0000,8010.0000,0.9806,-0.0734,-0.1286,0.1287,148.9600,-66.9400,-91.0600,14.4400,-5.9500,0.6400,0.0000,0.0000,-0.0000,1875.0000,1879.0000,1500.0000,1999.0000
201745.5220,2.0000,1998.0000,1504.0000,1000.0000,54.0000,26.0000,6.0000,1419.0000,-1232.0000,7374.0000,0.9814,-0.0669,-0.1253,0.1293,149.3000,-67.0800,-91.0600,14.3800,-6.0500,0.0700,0.0000,0.0000,-0.0000,1875.0000,1879.0000,1500.0000,1999.0000
201762.4230,2.0000,1998.0000,1504.0000,1000.0000,69.0000,66.0000,16.0000,1497.0000,-1104.0000,6586.0000,0.9826,-0.0590,-0.1176,0.1314,149.6000,-67.2200,-91.0600,14.3400,-6.1000,-0.4100,0.0000,0.0000,-0.0000,1875.0000,1879.0000,1500.0000,1999.0000
201779.3610,2.0000,1998.0000,1504.0000,1000.0000,100.0000,94.0000,25.0000,1373.0000,-911.0000,5613.0000,0.9842,-0.0489,-0.1039,0.1350,149.8900,-67.3500,-91.0700,14.3200,-6.1300,-0.8200,0.0000,0.0000,-0.0000,1875.0000,1879.0000,1500.0000,1999.0000
201796.4940,2.0000,1998.0000,1506.0000,1000.0000,141.0000,147.0000,33.0000,1234.0000,-635.0000,4240.0000,0.9861,-0.0343,-0.0831,0.1400,150.1700,-67.4700,-91.0800,14.3200,-6.1200,-1.1200,0.0000,0.0000,-0.0000,1885.0000,1891.0000,1500.0000,1999.0000
201813.1560,2.0000,1998.0000,1506.0000,1000.0000,204.0000,182.0000,41.0000,1379.0000,-607.0000,2884.0000,0.9876,-0.0133,-0.0558,0.1462,150.1700,-67.4700,-91.0800,14.3200,-6.1200,-1.1200,0.0000,0.0000,-0.0000,1885.0000,1891.0000,1500.0000,1999.0000
201830.0680,2.0000,1998.0000,1506.0000,1000.0000,258.0000,227.0000,48.0000,1342.0000,-369.0000,942.0000,0.9878,0.0159,-0.0203,0.1535,150.5000,-67.6000,-91.0800,14.3700,-6.0100,-1.2400,0.0000,0.0000,-0.0000,1885.0000,1891.0000,1500.0000,1999.0000
201847.1520,2.0000,1998.0000,1506.0000,1000.0000,288.0000,267.0000,53.0000,1195.0000,-389.0000,-1297.0000,0.9853,0.0504,0.0225,0.1616,150.8100,-67.7200,-91.0700,14.4200,-5.9200,-1.1800,0.0000,0.0000,-0.0000,1885.0000,1891.0000,1500.0000,1999.0000
201863.7970,2.0000,1998.0000,1506.0000,1000.0000,306.0000,286.0000,56.0000,1141.0000,-244.0000,-4052.0000,0.9793,0.0869,0.0688,0.1694,151.0900,-67.8300,-91.0700,14.4500,-5.8400,-0.9000,0.0000,0.0000,-0.0000,1885.0000,1891.0000,1500.0000,1999.0000
201880.6790,2.0000,1998.0000,1506.0000,1000.0000,303.0000,278.0000,56.0000,1430.0000,205.0000,-6997.0000,0.9694,0.1243,0.1165,0.1766,151.3600,-67.9300,-91.0700,14.3900,-5.8300,-0.5000,0.0000,0.0000,-0.0000,1885.0000,1891.0000,1500.0000,1999.0000
201897.5600,2.0000,1977.0000,1463.0000,2000.0000,307.0000,244.0000,55.0000,1494.0000,376.0000,-8871.0000,0.9563,0.1615,0.1609,0.1833,151.6300,-68.0300,-91.0900,14.1900,-5.9800,0.1000,0.0000,0.0000,-0.0000,1099.0000,1062.0000,1500.0000,1979.0000
201914.4050,2.0000,1977.0000,1463.0000,2000.0000,314.0000,193.0000,52.0000,1256.0000,321.0000,-9724.0000,0.9409,0.2008,0.1981,0.1875,151.6300,-68.0300,-91.0900,14.1900,-5.9800,0.1000,0.0000,0.0000,-0.0000,1099.0000,1062.0000,1500.0000,1979.0000
201931.0480,2.0000,1977.0000,1463.0000,2000.0000,313.0000,131.0000,47.0000,1220.0000,378.0000,-9632.0000,0.9247,0.2402,0.2272,0.1888,151.9500,-68.1700,-91.1100,13.8500,-6.2500,0.6900,0.0000,0.0000,-0.0000,1099.0000,1062.0000,1500.0000,1979.0000
201947.7690,2.0000,1977.0000,1463.0000,2000.0000,284.0000,61.0000,42.0000,1235.0000,164.0000,-9100.0000,0.9090,0.2798,0.2464,0.1865,152.2400,-68.3000,-91.1400,13.4400,-6.5600,1.3400,0.0000,0.0000,-0.0000,1099.0000,1062.0000,1500.0000,1979.0000
201964.3970,2.0000,1977.0000,1463.0000,2000.0000,230.0000,-10.0000,35.0000,1208.0000,131.0000,-7879.0000,0.8963,0.3144,0.2544,0.1817,152.5100,-68.4200,-91.1700,13.0500,-6.8700,1.9500,0.0000,0.0000,-0.0000,1099.0000,1062.0000,1500.0000,1979.0000
201981.3640,2.0000,1977.0000,1463.0000,2000.0000,172.0000,-62.0000,32.0000,1109.0000,-10.0000,-5997.0000,0.8873,0.3438,0.2526,0.1750,152.7500,-68.5500,-91.1800,12.7300,-7.1400,2.4800,0.0000,0.0000,-0.0000,1099.0000,1062.0000,1500.0000,1979.0000
201998.3960,2.0000,1986.0000,1406.0000,2000.0000,98.0000,-111.0000,33.0000,1049.0000,-154.0000,-4253.0000,0.8827,0.3652,0.2428,0.1687,152.9900,-68.6900,-91.1900,12.5400,-7.3500,2.9300,0.0000,0.0000,-0.0000,1158.0000,1064.0000,1500.0000,1989.0000
202015.0850,2.0000,1987.0000,1406.0000,2000.0000,14.0000,-148.0000,37.0000,1048.0000,78.0000,-2480.0000,0.8836,0.3769,0.2249,0.1633,152.9900,-68.6900,-91.1900,12.5400,-7.3500,2.9300,0.0000,0.0000,-0.0000,1158.0000,1064.0000,1500.0000,1989.0000
202032.4060,2.0000,1987.0000,1406.0000,2000.0000,-62.0000,-175.0000,42.0000,1367.0000,35.0000,-427.0000,0.8894,0.3786,0.2002,0.1597,153.2700,-68.8500,-91.2000,12.4700,-7.5300,3.2800,0.0000,0.0000,-0.0000,1158.0000,1064.0000,1500.0000,1989.0000
202049.1640,2.0000,1987.0000,1406.0000,2000.0000,-104.0000,-192.0000,44.0000,1182.0000,-63.0000,1630.0000,0.8982,0.3730,0.1717,0.1568,153.5300,-69.0000,-91.2000,12.5500,-7.5800,3.5800,0.0000,0.0000,-0.0000,1158.0000,1064.0000,1500.0000,1989.0000
202065.9650,2.0000,1987.0000,1406.0000,2000.0000,-127.0000,-207.0000,40.0000,985.0000,-281.0000,4034.0000,0.9082,0.3632,0.1399,0.1538,153.7900,-69.1500,-91.1900,12.7100,-7.4600,3.8000,0.0000,0.0000,-0.0000,1158.0000,1064.0000,1500.0000,1989.0000
202082.7800,2.0000,1987.0000,1406.0000,2000.0000,-145.0000,-205.0000,33.0000,1097.0000,234.0000,5589.0000,0.9183,0.3503,0.1075,0.1500,154.0300,-69.2800,-91.1800,12.9000,-7.1700,3.9200,0.0000,0.0000,-0.0000,1158.0000,1064.0000,1500.0000,1989.0000
202099.3550,2.0000,1997.0000,1013.0000,1851.0000,-155.0000,-203.0000,23.0000,1502.0000,0.0000,7651.0000,0.9279,0.3349,0.0752,0.1452,154.2800,-69.4200,-91.1500,13.0700,-6.8300,3.8300,0.0000,0.0000,-0.0000,1571.0000,1081.0000,1500.0000,1998.0000
202116.2550,2.0000,1997.0000,1012.0000,1850.0000,-155.0000,-197.0000,13.0000,1672.0000,-117.0000,9017.0000,0.9368,0.3180,0.0436,0.1392,154.2800,-69.4200,-91.1500,13.0700,-6.8300,3.8300,0.0000,0.0000,-0.0000,1571.0000,1081.0000,1500.0000,1998.0000
202133.0370,2.0000,1997.0000,1012.0000,1850.0000,-138.0000,-177.0000,5.0000,1724.0000,17.0000,9558.0000,0.9442,0.3014,0.0142,0.1323,154.5700,-69.5600,-91.1000,13.2000,-6.4600,3.5500,0.0000,0.0000,-0.0000,1571.0000,1081.0000,1500.0000,1998.0000
202150.0390,2.0000,1997.0000,1012.0000,1850.0000,-114.0000,-157.0000,-4.0000,1789.0000,113.0000,9896.0000,0.9498,0.2867,-0.0117,0.1251,154.8400,-69.6900,-91.0400,13.2700,-6.0700,3.1300,0.0000,0.0000,-0.0000,1571.0000,1081.0000,1500.0000,1998.0000
202166.9840,2.0000,1997.0000,1012.0000,1850.0000,-82.0000,-135.0000,-14.0000,1577.0000,5.0000,10403.0000,0.9534,0.2757,-0.0340,0.1175,155.1000,-69.8000,-90.9900,13.2800,-5.7100,2.6300,0.0000,0.0000,-0.0000,1571.0000,1081.0000,1500.0000,1998.0000
202183.7940,2.0000,1997.0000,1012.0000,1850.0000,-67.0000,-107.0000,-20.0000,1387.0000,68.0000,9994.0000,0.9559,0.2673,-0.0512,0.1100,155.3400,-69.9000,-90.9400,13.2100,-5.3600,2.0600,0.0000,0.0000,-0.0000,1571.0000,1081.0000,1500.0000,1998.0000
202200.4860,2.0000,1997.0000,1012.0000,1850.0000,-60.0000,-81.0000,-25.0000,1264.0000,-264.0000,9663.0000,0.9578,0.2604,-0.0645,0.1029,155.6000,-70.0000,-90.9000,13.0900,-5.0800,1.4800,0.0000,0.0000,-0.0000,1571.0000,1081.0000,1500.0000,1998.0000
202217.3400,2.0000,1997.0000,1012.0000,1850.0000,-46.0000,-56.0000,-24.0000,1146.0000,-392.0000,9111.0000,0.9595,0.2540,-0.0737,0.0967,155.6000,-70.0000,-90.9000,13.0900,-5.0800,1.4800,0.0000,0.0000,-0.0000,1571.0000,1081.0000,1500.0000,1998.0000
202234.0880,2.0000,1997.0000,1012.0000,1850.0000,-26.0000,-19.0000,-25.0000,1075.0000,-574.0000,8774.0000,0.9607,0.2499,-0.0784,0.0918,155.8700,-70.1200,-90.8600,12.9200,-4.8700,0.9300,0.0000,0.0000,-0.0000,1571.0000,1081.0000,1500.0000,1998.0000
202251.0610,2.0000,1997.0000,1012.0000,1850.0000,-16.0000,3.0000,-30.0000,1001.0000,9.0000,7673.0000,0.9619,0.2467,-0.0790,0.0875,156.1200,-70.2300,-90.8300,12.7500,-4.6900,0.4300,0.0000,0.0000,-0.0000,1571.0000,1081.0000,1500.0000,1998.0000
202267.7900,2.0000,1997.0000,1012.0000,1850.0000,-3.0000,18.0000,-33.0000,876.0000,-48.0000,6499.0000,0.9627,0.2456,-0.0766,0.0835,156.3600,-70.3300,-90.8100,12.5700,-4.6000,-0.0000,0.0000,0.0000,-0.0000,1571.0000,1081.0000,1500.0000,1998.0000
202284.4720,2.0000,1997.0000,1012.0000,1850.0000,8.0000,30.0000,-32.0000,679.0000,-377.0000,5221.0000,0.9633,0.2460,-0.0715,0.0804,156.5800,-70.4200,-90.8000,12.4100,-4.5700,-0.3300,0.0000,0.0000,-0.0000,1571.0000,1081.0000,1500.0000,1998.0000
202301.4070,2.0000,1997.0000,1012.0000,1850.0000,23.0000,30.0000,-31.0000,715.0000,-424.0000,4164.0000,0.9633,0.2484,-0.0658,0.0774,156.8200,-70.5200,-90.7800,12.2900,-4.5500,-0.5000,0.0000,0.0000,-0.0000,1571.0000,1081.0000,1500.0000,1998.0000
202318.1780,2.0000,1997.0000,1012.0000,1850.0000,33.0000,19.0000,-33.0000,882.0000,-134.0000,3368.0000,0.9630,0.2519,-0.0603,0.0744,156.8200,-70.5200,-90.7800,12.2900,-4.5500,-0.5000,0.0000,0.0000,-0.0000,1571.0000,1081.0000,1500.0000,1998.0000
202334.9160,2.0000,1997.0000,1012.0000,1850.0000,38.0000,1.0000,-37.0000,858.0000,-106.0000,2664.0000,0.9624,0.2560,-0.0572,0.0705,157.0700,-70.6300,-90.7700,12.2400,-4.5500,-0.5800,0.0000,0.0000,-0.0000,1571.0000,1081.0000,1500.0000,1998.0000
202351.7100,2.0000,1997.0000,1012.0000,1850.0000,39.0000,-29.0000,-41.0000,776.0000,-82.0000,2001.0000,0.9612,0.2618,-0.0574,0.0649,157.3000,-70.7400,-90.7600,12.2000,-4.5900,-0.5800,0.0000,0.0000,-0.0000,1571.0000,1081.0000,1500.0000,1998.0000
202368.4260,2.0000,1997.0000,1012.0000,1850.0000,38.0000,-69.0000,-44.0000,711.0000,-306.0000,2128.0000,0.9596,0.2681,-0.0626,0.0576,157.5300,-70.8500,-90.7400,12.1400,-4.6600,-0.5100,0.0000,0.0000,-0.0000,1571.0000,1081.0000,1500.0000,1998.0000
202385.3530,2.0000,1997.0000,1012.0000,1850.0000,31.0000,-103.0000,-46.0000,721.0000,-377.0000,2970.0000,0.9576,0.2745,-0.0732,0.0482,157.7500,-70.9500,-90.7200,12.0800,-4.6900,-0.4400,0.0000,0.0000,-0.0000,1571.0000,1081.0000,1500.0000,1998.0000
202402.2070,2.0000,1997.0000,1012.0000,1850.0000,28.0000,-131.0000,-47.0000,862.0000,-456.0000,4118.0000,0.9554,0.2795,-0.0878,0.0373,157.9800,-71.0600,-90.7000,12.0400,-4.5900,-0.4500,0.0000,0.0000,-0.0000,1571.0000,1081.0000,1500.0000,1998.0000
202419.1280,2.0000,1997.0000,1012.0000,1850.0000,22.0000,-154.0000,-47.0000,882.0000,-474.0000,5192.0000,0.9525,0.2845,-0.1060,0.0249,157.9800,-71.0600,-90.7000,12.0400,-4.5900,-0.4500,0.0000,0.0000,-0.0000,1571.0000,1081.0000,1500.0000,1998.0000
202436.2290,2.0000,1997.0000,1012.0000,1850.0000,20.0000,-175.0000,-47.0000,1158.0000,-776.0000,6876.0000,0.9488,0.2887,-0.1273,0.0117,158.2300,-71.1700,-90.6800,12.0300,-4.3500,-0.5700,0.0000,0.0000,-0.0000,1571.0000,1081.0000,1500.0000,1998.0000
202453.2290,2.0000,1997.0000,1012.0000,1850.0000,14.0000,-174.0000,-44.0000,1277.0000,-633.0000,7825.0000,0.9445,0.2922,-0.1501,-0.0018,158.4700,-71.2700,-90.6500,11.9800,-4.0300,-0.7900,0.0000,0.0000,-0.0000,1571.0000,1081.0000,1500.0000,1998.0000
202469.9600,2.0000,1997.0000,1012.0000,1850.0000,6.0000,-177.0000,-41.0000,1555.0000,-746.0000,8911.0000,0.9400,0.2942,-0.1723,-0.0147,158.7000,-71.3700,-90.6300,11.8600,-3.6500,-1.1100,0.0000,0.0000,-0.0000,1571.0000,1081.0000,1500.0000,1998.0000
202486.8720,2.0000,1997.0000,1012.0000,1850.0000,1.0000,-162.0000,-39.0000,1612.0000,-645.0000,9307.0000,0.9351,0.2953,-0.1940,-0.0272,158.9100,-71.4400,-90.6100,11.6900,-3.2300,-1.5100,0.0000,0.0000,-0.0000,1571.0000,1081.0000,1500.0000,1998.0000
202503.4900,2.0000,1997.0000,1012.0000,1850.0000,-7.0000,-154.0000,-41.0000,1597.0000,-739.0000,10071.0000,0.9303,0.2955,-0.2138,-0.0394,159.1400,-71.5200,-90.6000,11.5100,-2.7800,-1.9700,0.0000,0.0000,-0.0000,1571.0000,1081.0000,1500.0000,1998.0000
202520.3390,2.0000,1997.0000,1012.0000,1850.0000,-11.0000,-125.0000,-40.0000,1441.0000,-583.0000,9815.0000,0.9259,0.2947,-0.2307,-0.0510,159.1400,-71.5200,-90.6000,11.5100,-2.7800,-1.9700,0.0000,0.0000,-0.0000,1571.0000,1081.0000,1500.0000,1998.0000
202537.0960,2.0000,1997.0000,1012.0000,1850.0000,-8.0000,-107.0000,-38.0000,1424.0000,-784.0000,9565.0000,0.9220,0.2938,-0.2444,-0.0613,159.3900,-71.5900,-90.5900,11.3400,-2.2900,-2.4600,0.0000,0.0000,-0.0000,1571.0000,1081.0000,1500.0000,1998.0000
202553.8460,2.0000,1997.0000,1012.0000,1850.0000,1.0000,-86.0000,-36.0000,1211.0000,-821.0000,9019.0000,0.9183,0.2939,-0.2558,-0.0701,159.6200,-71.6600,-90.5900,11.1600,-1.8700,-2.9000,0.0000,0.0000,-0.0000,1571.0000,1081.0000,1500.0000,1998.0000
202571.1610,2.0000,1997.0000,1012.0000,1850.0000,8.0000,-61.0000,-34.0000,1103.0000,-770.0000,8669.0000,0.9148,0.2951,-0.2647,-0.0777,159.8400,-71.7100,-90.6000,10.9600,-1.5200,-3.2700,0.0000,0.0000,-0.0000,1571.0000,1081.0000,1500.0000,1998.0000
202587.9630,2.0000,1997.0000,1012.0000,1850.0000,15.0000,-44.0000,-31.0000,1079.0000,-765.0000,7991.0000,0.9118,0.2976,-0.2702,-0.0835,160.0500,-71.7500,-90.6200,10.7700,-1.2400,-3.6000,0.0000,0.0000,-0.0000,1572.0000,1081.0000,1500.0000,1998.0000
202604.7400,2.0000,1997.0000,1011.0000,1849.0000,19.0000,-22.0000,-25.0000,945.0000,-580.0000,6941.0000,0.9093,0.3008,-0.2737,-0.0878,160.2700,-71.7900,-90.6400,10.6600,-0.9100,-3.8700,0.0000,0.0000,-0.0000,1572.0000,1081.0000,1500.0000,1998.0000
202621.4640,2.0000,1997.0000,1011.0000,1849.0000,20.0000,-5.0000,-22.0000,1060.0000,-613.0000,6332.0000,0.9076,0.3040,-0.2749,-0.0907,160.2700,-71.7900,-90.6400,10.6600,-0.9100,-3.8700,0.0000,0.0000,-0.0000,1572.0000,1081.0000,1500.0000,1998.0000
202638.6120,2.0000,1997.0000,1011.0000,1849.0000,19.0000,-4.0000,-20.0000,1250.0000,-428.0000,5393.0000,0.9063,0.3077,-0.2746,-0.0927,160.5100,-71.8200,-90.6700,10.6300,-0.5500,-4.0800,0.0000,0.0000,-0.0000,1572.0000,1081.0000,1500.0000,1998.0000
202655.4720,2.0000,1997.0000,1011.0000,1849.0000,20.0000,-17.0000,-20.0000,1047.0000,-479.0000,4268.0000,0.9045,0.3111,-0.2757,-0.0951,160.7500,-71.8500,-90.7000,10.6500,-0.2600,-4.2300,0.0000,0.0000,-0.0000,1572.0000,1081.0000,1500.0000,1998.0000
202672.0980,2.0000,1997.0000,1011.0000,1849.0000,16.0000,-32.0000,-18.0000,966.0000,-343.0000,3612.0000,0.9026,0.3138,-0.2779,-0.0977,160.9700,-71.8700,-90.7400,10.7000,-0.0600,-4.2900,0.0000,0.0000,-0.0000,1572.0000,1081.0000,1500.0000,1998.0000
202689.1300,2.0000,1997.0000,1010.0000,1848.0000,15.0000,-58.0000,-20.0000,895.0000,-503.0000,3508.0000,0.8999,0.3156,-0.2834,-0.1016,161.1900,-71.8800,-90.7700,10.7700,0.0700,-4.2900,0.0000,0.0000,-0.0000,1574.0000,1081.0000,1500.0000,1998.0000
202705.8000,2.0000,1997.0000,1009.0000,1847.0000,8.0000,-88.0000,-20.0000,1014.0000,-384.0000,3649.0000,0.8963,0.3164,-0.2918,-0.1069,161.4300,-71.8900,-90.8100,10.8200,0.3800,-4.2800,0.0000,0.0000,-0.0000,1574.0000,1081.0000,1500.0000,1998.0000
202722.4290,2.0000,1997.0000,1009.0000,1847.0000,10.0000,-110.0000,-21.0000,1113.0000,-305.0000,4212.0000,0.8913,0.3169,-0.3039,-0.1138,161.4300,-71.8900,-90.8100,10.8200,0.3800,-4.2800,0.0000,0.0000,-0.0000,1574.0000,1081.0000,1500.0000,1998.0000
202739.2000,2.0000,1997.0000,1009.0000,1847.0000,13.0000,-136.0000,-24.0000,1078.0000,-242.0000,4614.0000,0.8847,0.3171,-0.3192,-0.1220,161.6900,-71.8800,-90.8500,10.8200,0.8400,-4.3000,0.0000,0.0000,-0.0000,1574.0000,1081.0000,1500.0000,1998.0000
202755.7940,2.0000,1997.0000,1009.0000,1847.0000,14.0000,-155.0000,-26.0000,1066.0000,-338.0000,5432.0000,0.8766,0.3174,-0.3370,-0.1314,161.9300,-71.8700,-90.8900,10.7700,1.2600,-4.3700,0.0000,0.0000,-0.0000,1574.0000,1081.0000,1500.0000,1998.0000
202772.4560,2.0000,1997.0000,1009.0000,1847.0000,11.0000,-168.0000,-26.0000,1205.0000,-439.0000,6480.0000,0.8674,0.3170,-0.3566,-0.1415,162.1600,-71.8500,-90.9400,10.6300,1.6900,-4.4700,0.0000,0.0000,-0.0000,1574.0000,1081.0000,1500.0000,1998.0000
202789.4870,2.0000,1997.0000,1009.0000,1847.0000,7.0000,-172.0000,-27.0000,1556.0000,-692.0000,7847.0000,0.8571,0.3157,-0.3774,-0.1525,162.3800,-71.8200,-90.9800,10.3800,2.1500,-4.6300,0.0000,0.0000,-0.0000,1574.0000,1081.0000,1500.0000,1998.0000
202806.2080,2.0000,1997.0000,1000.0000,1774.0000,2.0000,-169.0000,-27.0000,1533.0000,-638.0000,8282.0000,0.8466,0.3140,-0.3975,-0.1634,162.3800,-71.8200,-90.9800,10.3800,2.1500,-4.6300,0.0000,0.0000,-0.0000,1640.0000,1088.0000,1500.0000,1998.0000
202823.1820,2.0000,1997.0000,1000.0000,1774.0000,-4.0000,-165.0000,-29.0000,1628.0000,-674.0000,8965.0000,0.8358,0.3114,-0.4171,-0.1746,162.6200,-71.7800,-91.0300,10.0700,2.7000,-4.8300,0.0000,0.0000,-0.0000,1640.0000,1088.0000,1500.0000,1998.0000
202840.1010,2.0000,1997.0000,1000.0000,1774.0000,-8.0000,-141.0000,-32.0000,1454.0000,-554.0000,9218.0000,0.8257,0.3088,-0.4341,-0.1854,162.8800,-71.7200,-91.0900,9.7300,3.2500,-5.0500,0.0000,0.0000,-0.0000,1640.0000,1088.0000,1500.0000,1998.0000
202856.8610,2.0000,1997.0000,1000.0000,1774.0000,-11.0000,-120.0000,-34.0000,1440.0000,-728.0000,9402.0000,0.8166,0.3063,-0.4484,-0.1959,163.1100,-71.6500,-91.1500,9.3300,3.7300,-5.2700,0.0000,0.0000,-0.0000,1640.0000,1088.0000,1500.0000,1998.0000
202873.4140,2.0000,1997.0000,1000.0000,1774.0000,-7.0000,-103.0000,-33.0000,1646.0000,-590.0000,8745.0000,0.8087,0.3041,-0.4598,-0.2052,163.3200,-71.5900,-91.2100,8.9400,4.1500,-5.4800,0.0000,0.0000,-0.0000,1640.0000,1088.0000,1500.0000,1998.0000
202890.2610,2.0000,1997.0000,1405.0000,1000.0000,5.0000,-85.0000,-32.0000,1639.0000,-650.0000,8219.0000,0.8016,0.3034,-0.4692,-0.2129,163.5200,-71.5100,-91.2700,8.6300,4.4900,-5.6500,0.0000,0.0000,-0.0000,1886.0000,1884.0000,1500.0000,1999.0000
202906.8850,2.0000,1998.0000,1498.0000,1000.0000,7.0000,-60.0000,-33.0000,1409.0000,-695.0000,7813.0000,0.7955,0.3041,-0.4760,-0.2192,163.5200,-71.5100,-91.2700,8.6300,4.4900,-5.6500,0.0000,0.0000,-0.0000,1886.0000,1884.0000,1500.0000,1999.0000
202923.5400,2.0000,1998.0000,1498.0000,1000.0000,5.0000,-36.0000,-30.0000,1168.0000,-670.0000,6760.0000,0.7909,0.3057,-0.4803,-0.2244,163.7400,-71.4200,-91.3500,8.3000,4.9000,-5.7800,0.0000,0.0000,-0.0000,1886.0000,1884.0000,1500.0000,1999.0000
202940.1300,2.0000,1998.0000,1498.0000,1000.0000,13.0000,-21.0000,-24.0000,1231.0000,-582.0000,5920.0000,0.7877,0.3078,-0.4826,-0.2280,163.9600,-71.3200,-91.4300,8.0300,5.2800,-5.8500,0.0000,0.0000,-0.0000,1886.0000,1884.0000,1500.0000,1999.0000
202956.7570,2.0000,1998.0000,1498.0000,1000.0000,20.0000,9.0000,-19.0000,1325.0000,-642.0000,5645.0000,0.7859,0.3113,-0.4827,-0.2292,164.1700,-71.2200,-91.5200,7.8600,5.5700,-5.9000,0.0000,0.0000,-0.0000,1886.0000,1884.0000,1500.0000,1999.0000
202973.5360,2.0000,1998.0000,1498.0000,1000.0000,42.0000,40.0000,-14.0000,1349.0000,-777.0000,5463.0000,0.7857,0.3168,-0.4800,-0.2277,164.3600,-71.1200,-91.6100,7.7100,5.8500,-5.9300,0.0000,0.0000,-0.0000,1886.0000,1884.0000,1500.0000,1999.0000
202990.2240,2.0000,1998.0000,1498.0000,1000.0000,80.0000,82.0000,-9.0000,1360.0000,-693.0000,4898.0000,0.7871,0.3266,-0.4740,-0.2216,164.5400,-71.0100,-91.7000,7.6100,6.1000,-5.9300,0.0000,0.0000,-0.0000,1886.0000,1884.0000,1500.0000,1999.0000
203007.0190,2.0000,1998.0000,1502.0000,1000.0000,138.0000,113.0000,-5.0000,1312.0000,-620.0000,4004.0000,0.7880,0.3425,-0.4663,-0.2105,164.5400,-71.0100,-91.7000,7.6100,6.1000,-5.9300,0.0000,0.0000,-0.0000,1889.0000,1891.0000,1500.0000,1999.0000
203023.8560,2.0000,1998.0000,1502.0000,1000.0000,198.0000,160.0000,-1.0000,1372.0000,-506.0000,2843.0000,0.7886,0.3661,-0.4551,-0.1923,164.7500,-70.8900,-91.7900,7.4800,6.5100,-5.9100,0.0000,0.0000,-0.0000,1889.0000,1891.0000,1500.0000,1999.0000
203040.8220,2.0000,1998.0000,1502.0000,1000.0000,250.0000,201.0000,1.0000,1531.0000,-112.0000,767.0000,0.7876,0.3970,-0.4405,-0.1676,164.9500,-70.7500,-91.8900,7.4300,6.9400,-5.8600,0.0000,0.0000,-0.0000,1889.0000,1891.0000,1500.0000,1999.0000
203057.5800,2.0000,1998.0000,1502.0000,1000.0000,278.0000,230.0000,1.0000,1656.0000,-46.0000,-1503.0000,0.7850,0.4321,-0.4219,-0.1382,165.1600,-70.6100,-91.9800,7.5700,7.2400,-5.8100,0.0000,0.0000,-0.0000,1889.0000,1891.0000,1500.0000,1999.0000
203074.1910,2.0000,1998.0000,1502.0000,1000.0000,293.0000,249.0000,1.0000,1533.0000,30.0000,-4239.0000,0.7804,0.4684,-0.4005,-0.1061,165.3500,-70.4700,-92.0900,7.9000,7.3400,-5.7600,0.0000,0.0000,-0.0000,1889.0000,1891.0000,1500.0000,1999.0000
203090.8970,2.0000,1998.0000,1502.0000,1000.0000,294.0000,238.0000,1.0000,1514.0000,152.0000,-6743.0000,0.7735,0.5045,-0.3768,-0.0726,165.3500,-70.4700,-92.0900,7.9000,7.3400,-5.7600,0.0000,0.0000,-0.0000,1889.0000,1891.0000,1500.0000,1999.0000
203107.5110,2.0000,1993.0000,1327.0000,2000.0000,292.0000,205.0000,0.0000,1391.0000,219.0000,-8534.0000,0.7629,0.5387,-0.3551,-0.0411,165.5500,-70.3500,-92.2000,8.3900,7.1800,-5.7200,0.0000,0.0000,-0.0000,1243.0000,1070.0000,1500.0000,1994.0000
203124.2520,2.0000,1993.0000,1327.0000,2000.0000,285.0000,146.0000,-2.0000,1482.0000,263.0000,-8827.0000,0.7485,0.5709,-0.3371,-0.0132,165.7700,-70.1900,-92.3500,8.8200,6.9600,-5.8600,0.0000,0.0000,-0.0000,1243.0000,1070.0000,1500.0000,1994.0000
203141.0010,2.0000,1993.0000,1327.0000,2000.0000,290.0000,84.0000,-9.0000,1512.0000,37.0000,-8337.0000,0.7292,0.6020,-0.3252,0.0088,165.9900,-70.0400,-92.5200,9.1600,6.6600,-5.9300,0.0000,0.0000,-0.0000,1243.0000,1070.0000,1500.0000,1994.0000
203158.1020,2.0000,1993.0000,1327.0000,2000.0000,269.0000,5.0000,-17.0000,1470.0000,297.0000,-7862.0000,0.7056,0.6320,-0.3196,0.0236,166.2100,-69.9000,-92.6900,9.4200,6.3500,-5.9800,0.0000,0.0000,-0.0000,1243.0000,1070.0000,1500.0000,1994.0000
203174.6910,2.0000,1993.0000,1327.0000,2000.0000,235.0000,-69.0000,-25.0000,1363.0000,354.0000,-6899.0000,0.6804,0.6579,-0.3216,0.0282,166.4200,-69.7800,-92.8700,9.5800,6.0700,-6.0700,0.0000,0.0000,-0.0000,1243.0000,1070.0000,1500.0000,1994.0000
203191.4210,2.0000,1966.0000,1493.0000,2000.0000,184.0000,-128.0000,-27.0000,1415.0000,109.0000,-5450.0000,0.6555,0.6793,-0.3289,0.0247,166.4200,-69.7800,-92.8700,9.5800,6.0700,-6.0700,0.0000,0.0000,-0.0000,1071.0000,1064.0000,1500.0000,1969.0000
203208.2310,2.0000,1966.0000,1493.0000,2000.0000,119.0000,-181.0000,-21.0000,1312.0000,-261.0000,-3634.0000,0.6327,0.6947,-0.3419,0.0128,166.6300,-69.6600,-93.0600,9.6700,5.9200,-6.1400,0.0000,0.0000,-0.0000,1071.0000,1064.0000,1500.0000,1969.0000
203225.0680,2.0000,1966.0000,1493.0000,2000.0000,55.0000,-215.0000,-11.0000,1505.0000,-499.0000,-1415.0000,0.6136,0.7031,-0.3594,-0.0057,166.8500,-69.5200,-93.2500,9.7500,5.9800,-6.1400,0.0000,0.0000,-0.0000,1071.0000,1064.0000,1500.0000,1969.0000
203242.1720,2.0000,1966.0000,1493.0000,2000.0000,-8.0000,-235.0000,1.0000,1507.0000,-651.0000,1060.0000,0.5988,0.7042,-0.3803,-0.0297,167.0700,-69.3700,-93.4500,9.7500,6.2900,-6.0200,0.0000,0.0000,-0.0000,1071.0000,1064.0000,1500.0000,1969.0000
203258.9060,2.0000,1966.0000,1493.0000,2000.0000,-54.0000,-237.0000,14.0000,1595.0000,-784.0000,3467.0000,0.5887,0.6989,-0.4023,-0.0559,167.2800,-69.2200,-93.6400,9.5900,6.8400,-5.7700,0.0000,0.0000,-0.0000,1071.0000,1064.0000,1500.0000,1969.0000
203275.8960,2.0000,1966.0000,1493.0000,2000.0000,-83.0000,-232.0000,23.0000,1609.0000,-759.0000,5030.0000,0.5816,0.6889,-0.4245,-0.0832,167.4800,-69.0600,-93.8100,9.2900,7.5300,-5.2900,0.0000,0.0000,-0.0000,1071.0000,1064.0000,1500.0000,1969.0000
203292.7780,2.0000,1996.0000,1013.0000,1851.0000,-105.0000,-223.0000,29.0000,1674.0000,-685.0000,6310.0000,0.5767,0.6757,-0.4458,-0.1104,167.4800,-69.0600,-93.8100,9.2900,7.5300,-5.2900,0.0000,0.0000,-0.0000,1571.0000,1081.0000,1500.0000,1998.0000
203309.6150,2.0000,1997.0000,1012.0000,1850.0000,-121.0000,-212.0000,33.0000,1896.0000,-342.0000,7126.0000,0.5737,0.6600,-0.4653,-0.1369,167.6600,-68.9000,-93.9600,8.8600,8.2800,-4.7400,0.0000,0.0000,-0.0000,1571.0000,1081.0000,1500.0000,1998.0000
203326.8900,2.0000,1997.0000,1012.0000,1850.0000,-130.0000,-190.0000,33.0000,1956.0000,-441.0000,8122.0000,0.5725,0.6421,-0.4831,-0.1630,167.8600,-68.6800,-94.0900,8.5500,9.0000,-4.2100,0.0000,0.0000,-0.0000,1571.0000,1081.0000,1500.0000,1998.0000
203343.8700,2.0000,1997.0000,1012.0000,1850.0000,-111.0000,-184.0000,30.0000,1712.0000,-409.0000,7974.0000,0.5714,0.6248,-0.4984,-0.1864,168.0600,-68.4600,-94.2000,8.2000,9.6600,-3.7000,0.0000,0.0000,-0.0000,1571.0000,1081.0000,1500.0000,1998.0000
203360.8820,2.0000,1997.0000,1012.0000,1850.0000,-84.0000,-180.0000,24.0000,1613.0000,-442.0000,7790.0000,0.5674,0.6094,-0.5133,-0.2079,168.2400,-68.2300,-94.2900,7.8200,10.1900,-3.2200,0.0000,0.0000,-0.0000,1571.0000,1081.0000,1500.0000,1998.0000
203377.8770,2.0000,1997.0000,1012.0000,1850.0000,-62.0000,-172.0000,16.0000,1620.0000,-248.0000,7742.0000,0.5612,0.5965,-0.5270,-0.2269,168.4000,-68.0100,-94.3600,7.4400,10.6000,-2.8000,0.0000,0.0000,-0.0000,1571.0000,1081.0000,1500.0000,1998.0000
203394.8660,2.0000,1997.0000,1000.0000,1762.0000,-52.0000,-147.0000,9.0000,1418.0000,-94.0000,7654.0000,0.5539,0.5855,-0.5392,-0.2443,168.5400,-67.7900,-94.4200,7.0400,10.9200,-2.4100,0.0000,0.0000,-0.0000,1650.0000,1090.0000,1500.0000,1998.0000
203411.7450,2.0000,1997.0000,1000.0000,1762.0000,-41.0000,-124.0000,5.0000,1595.0000,-152.0000,8076.0000,0.5473,0.5764,-0.5488,-0.2589,168.5400,-67.7900,-94.4200,7.0400,10.9200,-2.4100,0.0000,0.0000,-0.0000,1650.0000,1090.0000,1500.0000,1998.0000
203428.4580,2.0000,1997.0000,1000.0000,1762.0000,-33.0000,-100.0000,-1.0000,1589.0000,-204.0000,7817.0000,0.5418,0.5692,-0.5560,-0.2709,168.7000,-67.5500,-94.4700,6.6600,11.0800,-2.0500,0.0000,0.0000,-0.0000,1650.0000,1090.0000,1500.0000,1998.0000
203445.1810,2.0000,1997.0000,1000.0000,1762.0000,-23.0000,-78.0000,-9.0000,1472.0000,-7.0000,7009.0000,0.5369,0.5641,-0.5611,-0.2806,168.8600,-67.3100,-94.5100,6.3000,11.2000,-1.6800,0.0000,0.0000,-0.0000,1650.0000,1090.0000,1500.0000,1998.0000
203462.1040,2.0000,1997.0000,1000.0000,1762.0000,-16.0000,-55.0000,-15.0000,1332.0000,196.0000,6154.0000,0.5328,0.5613,-0.5639,-0.2881,169.0100,-67.0800,-94.5400,6.0000,11.2400,-1.3700,0.0000,0.0000,-0.0000,1650.0000,1090.0000,1500.0000,1998.0000
203478.7450,2.0000,1997.0000,1000.0000,1762.0000,-15.0000,-42.0000,-22.0000,1440.0000,170.0000,5481.0000,0.5298,0.5601,-0.5649,-0.2942,169.1400,-66.8600,-94.5700,5.8000,11.2200,-1.1200,0.0000,0.0000,-0.0000,1650.0000,1090.0000,1500.0000,1998.0000
203495.8840,2.0000,1997.0000,1472.0000,1000.0000,-11.0000,-31.0000,-25.0000,1482.0000,-75.0000,5131.0000,0.5267,0.5597,-0.5650,-0.3001,169.1400,-66.8600,-94.5700,5.8000,11.2200,-1.1200,0.0000,0.0000,-0.0000,1870.0000,1843.0000,1500.0000,1999.0000
203512.9350,2.0000,1998.0000,1473.0000,1000.0000,3.0000,-25.0000,-29.0000,1507.0000,104.0000,4663.0000,0.5239,0.5607,-0.5643,-0.3044,169.2700,-66.6500,-94.6000,5.6800,11.1700,-0.8700,0.0000,0.0000,-0.0000,1870.0000,1843.0000,1500.0000,1999.0000
203529.8990,2.0000,1998.0000,1473.0000,1000.0000,8.0000,-15.0000,-36.0000,1221.0000,121.0000,3748.0000,0.5212,0.5629,-0.5628,-0.3077,169.4200,-66.4100,-94.6300,5.5700,11.2000,-0.6400,0.0000,0.0000,-0.0000,1870.0000,1843.0000,1500.0000,1999.0000
203546.5690,2.0000,1998.0000,1473.0000,1000.0000,10.0000,-15.0000,-46.0000,1148.0000,38.0000,3244.0000,0.5183,0.5659,-0.5606,-0.3112,169.5600,-66.1800,-94.6500,5.5400,11.1900,-0.4300,0.0000,0.0000,-0.0000,1870.0000,1843.0000,1500.0000,1999.0000
203563.4560,2.0000,1998.0000,1473.0000,1000.0000,12.0000,1.0000,-50.0000,1433.0000,25.0000,3414.0000,0.5156,0.5699,-0.5572,-0.3146,169.7100,-65.9600,-94.6700,5.5500,11.1600,-0.2400,0.0000,0.0000,-0.0000,1870.0000,1843.0000,1500.0000,1999.0000
203580.0490,2.0000,1998.0000,1473.0000,1000.0000,43.0000,21.0000,-56.0000,1887.0000,80.0000,3719.0000,0.5126,0.5765,-0.5527,-0.3154,169.8400,-65.7500,-94.6900,5.5400,11.1600,-0.0400,0.0000,0.0000,-0.0000,1870.0000,1843.0000,1500.0000,1999.0000
203597.1660,2.0000,1998.0000,1892.0000,1110.0000,108.0000,62.0000,-60.0000,1736.0000,41.0000,3626.0000,0.5069,0.5892,-0.5477,-0.3097,169.8400,-65.7500,-94.6900,5.5400,11.1600,-0.0400,0.0000,0.0000,-0.0000,1497.0000,1893.0000,1500.0000,1999.0000
203614.2990,2.0000,1998.0000,1894.0000,1110.0000,179.0000,96.0000,-62.0000,1578.0000,-183.0000,2879.0000,0.4979,0.6085,-0.5427,-0.2955,169.9700,-65.5500,-94.7000,5.5200,11.1800,0.1500,0.0000,0.0000,-0.0000,1497.0000,1893.0000,1500.0000,1999.0000
203631.3700,2.0000,1998.0000,1894.0000,1110.0000,232.0000,145.0000,-64.0000,1683.0000,-195.0000,1459.0000,0.4857,0.6341,-0.5367,-0.2720,170.1200,-65.3200,-94.7200,5.4900,11.3200,0.3600,0.0000,0.0000,-0.0000,1497.0000,1893.0000,1500.0000,1999.0000
203648.1420,2.0000,1998.0000,1894.0000,1110.0000,243.0000,186.0000,-64.0000,1355.0000,17.0000,-531.0000,0.4733,0.6621,-0.5282,-0.2422,170.2700,-65.0900,-94.7300,5.5900,11.4300,0.5300,0.0000,0.0000,-0.0000,1497.0000,1893.0000,1500.0000,1999.0000
203665.2090,2.0000,1998.0000,1894.0000,1110.0000,216.0000,227.0000,-60.0000,1306.0000,81.0000,-2390.0000,0.4641,0.6898,-0.5154,-0.2076,170.4100,-64.8700,-94.7400,5.8500,11.4200,0.6000,0.0000,0.0000,-0.0000,1497.0000,1893.0000,1500.0000,1999.0000
203682.0390,2.0000,1998.0000,1894.0000,1110.0000,171.0000,257.0000,-55.0000,1300.0000,-163.0000,-4453.0000,0.4606,0.7137,-0.4988,-0.1724,170.5600,-64.6500,-94.7600,6.2500,11.2900,0.4700,0.0000,0.0000,-0.0000,1497.0000,1893.0000,1500.0000,1999.0000
203698.7620,2.0000,1964.0000,1498.0000,2000.0000,134.0000,248.0000,-50.0000,1437.0000,-167.0000,-6722.0000,0.4618,0.7332,-0.4798,-0.1382,170.5600,-64.6500,-94.7600,6.2500,11.2900,0.4700,0.0000,0.0000,-0.0000,1068.0000,1066.0000,1500.0000,1967.0000
203715.5090,2.0000,1964.0000,1498.0000,2000.0000,101.0000,211.0000,-47.0000,1543.0000,3.0000,-8113.0000,0.4641,0.7482,-0.4615,-0.1087,170.7100,-64.4600,-94.8000,6.7600,11.0200,0.1300,0.0000,0.0000,-0.0000,1068.0000,1066.0000,1500.0000,1967.0000
203732.1770,2.0000,1964.0000,1498.0000,2000.0000,89.0000,164.0000,-46.0000,1748.0000,186.0000,-8411.0000,0.4654,0.7599,-0.4457,-0.0854,170.8900,-64.2300,-94.8700,7.2300,10.8000,-0.4300,0.0000,0.0000,-0.0000,1068.0000,1066.0000,1500.0000,1967.0000
203748.8360,2.0000,1964.0000,1498.0000,2000.0000,69.0000,99.0000,-48.0000,1761.0000,-84.0000,-8766.0000,0.4643,0.7694,-0.4332,-0.0694,171.0600,-64.0000,-94.9600,7.6300,10.5500,-1.0000,0.0000,0.0000,-0.0000,1068.0000,1066.0000,1500.0000,1967.0000
203765.6030,2.0000,1964.0000,1498.0000,2000.0000,43.0000,6.0000,-52.0000,1854.0000,-127.0000,-9336.0000,0.4607,0.7763,-0.4254,-0.0639,171.2400,-63.7900,-95.0700,8.0000,10.2600,-1.5000,0.0000,0.0000,-0.0000,1068.0000,1066.0000,1500.0000,1967.0000
203782.4200,2.0000,1964.0000,1498.0000,2000.0000,-5.0000,-80.0000,-54.0000,1423.0000,-125.0000,-8413.0000,0.4554,0.7801,-0.4231,-0.0711,171.4200,-63.5900,-95.1900,8.3400,9.9500,-2.0000,0.0000,0.0000,-0.0000,1068.0000,1066.0000,1500.0000,1967.0000
203799.4660,2.0000,1964.0000,1497.0000,2000.0000,-49.0000,-160.0000,-54.0000,1488.0000,-340.0000,-6524.0000,0.4503,0.7799,-0.4252,-0.0906,171.4200,-63.5900,-95.1900,8.3400,9.9500,-2.0000,0.0000,0.0000,-0.0000,1068.0000,1065.0000,1500.0000,1967.0000
203816.1840,2.0000,1964.0000,1497.0000,2000.0000,-99.0000,-212.0000,-48.0000,1688.0000,-595.0000,-4523.0000,0.4461,0.7749,-0.4312,-0.1206,171.6000,-63.4100,-95.3200,8.5800,9.7500,-2.3600,0.0000,0.0000,-0.0000,1068.0000,1065.0000,1500.0000,1967.0000
203832.9580,2.0000,1964.0000,1497.0000,2000.0000,-137.0000,-258.0000,-41.0000,1522.0000,-877.0000,-2299.0000,0.4434,0.7648,-0.4398,-0.1582,171.7900,-63.1900,-95.4500,8.6900,9.8400,-2.5000,0.0000,0.0000,-0.0000,1068.0000,1065.0000,1500.0000,1967.0000
203850.0150,2.0000,1964.0000,1497.0000,2000.0000,-171.0000,-270.0000,-31.0000,1595.0000,-875.0000,99.0000,0.4420,0.7497,-0.4496,-0.2013,171.9700,-62.9600,-95.5900,8.6400,10.1000,-2.4100,0.0000,0.0000,-0.0000,1068.0000,1065.0000,1500.0000,1967.0000
203866.8800,2.0000,1964.0000,1497.0000,2000.0000,-187.0000,-267.0000,-22.0000,1664.0000,-838.0000,2310.0000,0.4428,0.7306,-0.4586,-0.2446,172.1500,-62.7400,-95.7300,8.3700,10.5000,-2.1300,0.0000,0.0000,-0.0000,1068.0000,1065.0000,1500.0000,1967.0000
203883.5360,2.0000,1964.0000,1497.0000,2000.0000,-185.0000,-249.0000,-13.0000,1814.0000,-755.0000,4148.0000,0.4444,0.7098,-0.4662,-0.2852,172.3000,-62.5200,-95.8500,7.8800,11.0000,-1.5600,0.0000,0.0000,-0.0000,1068.0000,1065.0000,1500.0000,1967.0000
203900.7230,2.0000,1997.0000,1017.0000,1855.0000,-178.0000,-243.0000,-8.0000,1873.0000,-848.0000,5768.0000,0.4458,0.6871,-0.4732,-0.3244,172.3000,-62.5200,-95.8500,7.8800,11.0000,-1.5600,0.0000,0.0000,-0.0000,1566.0000,1081.0000,1500.0000,1998.0000
203917.4940,2.0000,1997.0000,1017.0000,1855.0000,-173.0000,-225.0000,-3.0000,2031.0000,-1022.0000,7230.0000,0.4467,0.6643,-0.4791,-0.3600,172.4400,-62.3100,-95.9500,7.2300,11.4900,-0.9100,0.0000,0.0000,-0.0000,1566.0000,1081.0000,1500.0000,1998.0000
203934.5920,2.0000,1997.0000,1017.0000,1855.0000,-151.0000,-205.0000,2.0000,2129.0000,-943.0000,7768.0000,0.4472,0.6415,-0.4840,-0.3927,172.5800,-62.0200,-96.0100,6.5400,11.9100,-0.1800,0.0000,0.0000,-0.0000,1566.0000,1081.0000,1500.0000,1998.0000
203951.5180,2.0000,1997.0000,1017.0000,1855.0000,-118.0000,-197.0000,3.0000,1991.0000,-956.0000,7728.0000,0.4459,0.6206,-0.4890,-0.4206,172.7100,-61.7400,-96.0500,5.8300,12.2400,0.4800,0.0000,0.0000,-0.0000,1566.0000,1081.0000,1500.0000,1998.0000
203968.4360,2.0000,1997.0000,1017.0000,1855.0000,-79.0000,-199.0000,0.0000,1810.0000,-916.0000,7835.0000,0.4407,0.6018,-0.4955,-0.4451,172.8100,-61.4800,-96.0500,5.1600,12.4600,1.0900,0.0000,0.0000,-0.0000,1566.0000,1081.0000,1500.0000,1998.0000
203985.5590,2.0000,1997.0000,1017.0000,1855.0000,-51.0000,-192.0000,0.0000,1665.0000,-784.0000,7937.0000,0.4321,0.5847,-0.5035,-0.4668,172.8900,-61.2200,-96.0400,4.5200,12.5700,1.6400,0.0000,0.0000,-0.0000,1566.0000,1081.0000,1500.0000,1998.0000
204002.3780,2.0000,1997.0000,1050.0000,1888.0000,-34.0000,-185.0000,1.0000,1734.0000,-617.0000,8092.0000,0.4218,0.5690,-0.5121,-0.4859,172.8900,-61.2200,-96.0400,4.5200,12.5700,1.6400,0.0000,0.0000,-0.0000,1533.0000,1081.0000,1500.0000,1998.0000
204019.1300,2.0000,1997.0000,1050.0000,1888.0000,-23.0000,-165.0000,3.0000,1691.0000,-553.0000,8478.0000,0.4114,0.5549,-0.5206,-0.5018,172.9900,-60.9200,-96.0000,4.0400,12.6100,2.1200,0.0000,0.0000,-0.0000,1533.0000,1081.0000,1500.0000,1998.0000
204035.8360,2.0000,1997.0000,1050.0000,1888.0000,-18.0000,-132.0000,4.0000,1510.0000,-364.0000,8474.0000,0.4022,0.5427,-0.5277,-0.5150,173.0800,-60.6300,-95.9600,3.5600,12.5900,2.5500,0.0000,0.0000,-0.0000,1533.0000,1081.0000,1500.0000,1998.0000
204052.5770,2.0000,1997.0000,1050.0000,1888.0000,-16.0000,-108.0000,4.0000,1507.0000,-376.0000,7979.0000,0.3952,0.5330,-0.5331,-0.5249,173.1600,-60.3500,-95.9000,3.0800,12.5100,2.9500,0.0000,0.0000,-0.0000,1533.0000,1081.0000,1500.0000,1998.0000
204069.4600,2.0000,1997.0000,1050.0000,1888.0000,-12.0000,-71.0000,6.0000,1431.0000,-525.0000,7653.0000,0.3901,0.5252,-0.5371,-0.5324,173.2200,-60.0900,-95.8300,2.6800,12.4000,3.3000,0.0000,0.0000,-0.0000,1533.0000,1081.0000,1500.0000,1998.0000
204086.3450,2.0000,1997.0000,1105.0000,1933.0000,-8.0000,-52.0000,8.0000,1518.0000,-490.0000,7034.0000,0.3873,0.5200,-0.5398,-0.5369,173.2800,-59.8500,-95.7600,2.3500,12.2900,3.6300,0.0000,0.0000,-0.0000,1469.0000,1086.0000,1500.0000,1998.0000
204103.1440,2.0000,1997.0000,1116.0000,1944.0000,-5.0000,-31.0000,5.0000,1324.0000,-388.0000,6276.0000,0.3858,0.5165,-0.5413,-0.5398,173.2800,-59.8500,-95.7600,2.3500,12.2900,3.6300,0.0000,0.0000,-0.0000,1469.0000,1086.0000,1500.0000,1998.0000
204119.8560,2.0000,1997.0000,1116.0000,1944.0000,-1.0000,-16.0000,0.0000,1338.0000,-185.0000,5526.0000,0.3847,0.5146,-0.5422,-0.5415,173.3500,-59.5600,-95.6800,2.0900,12.2700,3.9300,0.0000,0.0000,-0.0000,1469.0000,1086.0000,1500.0000,1998.0000
204136.7270,2.0000,1997.0000,1116.0000,1944.0000,-7.0000,-8.0000,-4.0000,1340.0000,79.0000,4482.0000,0.3850,0.5141,-0.5418,-0.5422,173.4100,-59.2800,-95.5900,1.9600,12.2400,4.1800,0.0000,0.0000,-0.0000,1469.0000,1086.0000,1500.0000,1998.0000
204153.7560,2.0000,1997.0000,1116.0000,1944.0000,-7.0000,-16.0000,-11.0000,1291.0000,67.0000,3845.0000,0.3853,0.5131,-0.5407,-0.5440,173.4700,-59.0200,-95.5100,1.9400,12.2300,4.3700,0.0000,0.0000,-0.0000,1469.0000,1086.0000,1500.0000,1998.0000
204170.5930,2.0000,1997.0000,1116.0000,1944.0000,-15.0000,-29.0000,-20.0000,1157.0000,66.0000,2896.0000,0.3845,0.5114,-0.5393,-0.5476,173.5300,-58.7800,-95.4200,2.0000,12.2200,4.5400,0.0000,0.0000,-0.0000,1469.0000,1086.0000,1500.0000,1998.0000
204187.4670,2.0000,1996.0000,1283.0000,2000.0000,-30.0000,-57.0000,-29.0000,795.0000,-18.0000,2074.0000,0.3817,0.5086,-0.5375,-0.5538,173.5900,-58.5400,-95.3400,2.1400,12.2000,4.7000,0.0000,0.0000,-0.0000,1332.0000,1117.0000,1500.0000,1997.0000
204204.1300,2.0000,1996.0000,1284.0000,2000.0000,-44.0000,-83.0000,-37.0000,862.0000,218.0000,2198.0000,0.3765,0.5035,-0.5359,-0.5635,173.5900,-58.5400,-95.3400,2.1400,12.2000,4.7000,0.0000,0.0000,-0.0000,1332.0000,1117.0000,1500.0000,1997.0000
204220.8430,2.0000,1996.0000,1284.0000,2000.0000,-57.0000,-108.0000,-46.0000,996.0000,375.0000,2969.0000,0.3701,0.4964,-0.5334,-0.5763,173.6600,-58.2500,-95.2500,2.1200,12.2400,4.8600,0.0000,0.0000,-0.0000,1332.0000,1117.0000,1500.0000,1997.0000
204237.8270,2.0000,1996.0000,1284.0000,2000.0000,-78.0000,-125.0000,-50.0000,1114.0000,142.0000,4048.0000,0.3622,0.4868,-0.5299,-0.5925,173.7300,-57.9800,-95.1600,2.0100,12.2700,4.9900,0.0000,0.0000,-0.0000,1332.0000,1117.0000,1500.0000,1997.0000
204254.6540,2.0000,1996.0000,1284.0000,2000.0000,-83.0000,-141.0000,-53.0000,1346.0000,-87.0000,5119.0000,0.3534,0.4750,-0.5258,-0.6108,173.7900,-57.7200,-95.0700,1.7900,12.2400,5.1600,0.0000,0.0000,-0.0000,1332.0000,1117.0000,1500.0000,1997.0000
204271.4590,2.0000,1996.0000,1284.0000,2000.0000,-86.0000,-143.0000,-58.0000,1468.0000,-117.0000,5886.0000,0.3437,0.4625,-0.5211,-0.6296,173.8400,-57.4700,-94.9800,1.4700,12.1800,5.3600,0.0000,0.0000,-0.0000,1332.0000,1117.0000,1500.0000,1997.0000
204288.1640,2.0000,1996.0000,1284.0000,2000.0000,-82.0000,-149.0000,-61.0000,1460.0000,-175.0000,6463.0000,0.3332,0.4496,-0.5162,-0.6484,173.8400,-57.4700,-94.9800,1.4700,12.1800,5.3600,0.0000,0.0000,-0.0000,1332.0000,1117.0000,1500.0000,1997.0000
204305.1460,2.0000,1997.0000,1998.0000,1438.0000,-79.0000,-149.0000,-60.0000,1464.0000,-173.0000,6857.0000,0.3217,0.4363,-0.5112,-0.6670,173.8800,-57.2400,-94.8800,1.0800,12.0700,5.5500,0.0000,0.0000,-0.0000,1281.0000,1781.0000,1500.0000,1998.0000
204321.7280,2.0000,1997.0000,1998.0000,1438.0000,-80.0000,-149.0000,-59.0000,1387.0000,-476.0000,7380.0000,0.3106,0.4230,-0.5059,-0.6846,173.9200,-56.9700,-94.7800,0.5700,11.9600,5.7200,0.0000,0.0000,-0.0000,1281.0000,1781.0000,1500.0000,1998.0000
204338.5640,2.0000,1997.0000,1998.0000,1438.0000,-84.0000,-130.0000,-55.0000,1652.0000,-660.0000,8316.0000,0.3002,0.4098,-0.4999,-0.7014,173.9500,-56.7100,-94.6700,0.0600,11.7800,5.8800,0.0000,0.0000,-0.0000,1281.0000,1781.0000,1500.0000,1998.0000
204355.3020,2.0000,1997.0000,1998.0000,1438.0000,-89.0000,-100.0000,-52.0000,1940.0000,-583.0000,9132.0000,0.2922,0.3987,-0.4924,-0.7164,173.9600,-56.4600,-94.5600,-0.5100,11.5400,6.0200,0.0000,0.0000,-0.0000,1281.0000,1781.0000,1500.0000,1998.0000
204371.9320,2.0000,1997.0000,1998.0000,1438.0000,-107.0000,-59.0000,-47.0000,2018.0000,-691.0000,9810.0000,0.2877,0.3903,-0.4824,-0.7295,173.9700,-56.2400,-94.4400,-1.1100,11.2800,6.1100,0.0000,0.0000,-0.0000,1281.0000,1781.0000,1500.0000,1998.0000
204388.9670,2.0000,1997.0000,1998.0000,1438.0000,-133.0000,12.0000,-45.0000,1970.0000,-671.0000,9930.0000,0.2888,0.3864,-0.4671,-0.7410,173.9700,-56.2400,-94.4400,-1.1100,11.2800,6.1100,0.0000,0.0000,-0.0000,1281.0000,1781.0000,1500.0000,1998.0000
204405.8490,2.0000,1994.0000,2000.0000,1549.0000,-170.0000,72.0000,-43.0000,1931.0000,-591.0000,9112.0000,0.2961,0.3878,-0.4458,-0.7505,173.9600,-56.0200,-94.3300,-1.7400,11.0300,6.1600,0.0000,0.0000,-0.0000,1148.0000,1804.0000,1500.0000,1995.0000
204422.6010,2.0000,1994.0000,2000.0000,1549.0000,-199.0000,136.0000,-40.0000,1292.0000,-295.0000,6836.0000,0.3091,0.3941,-0.4182,-0.7578,173.9300,-55.7600,-94.2100,-2.4700,10.9000,6.1700,0.0000,0.0000,-0.0000,1148.0000,1804.0000,1500.0000,1995.0000
204439.1070,2.0000,1994.0000,2000.0000,1549.0000,-235.0000,182.0000,-35.0000,1014.0000,-193.0000,3953.0000,0.3271,0.4041,-0.3846,-0.7628,173.8900,-55.5200,-94.1000,-2.9100,10.8900,6.1600,0.0000,0.0000,-0.0000,1148.0000,1804.0000,1500.0000,1995.0000
204456.0220,2.0000,1994.0000,2000.0000,1549.0000,-264.0000,230.0000,-29.0000,1093.0000,-101.0000,922.0000,0.3500,0.4167,-0.3440,-0.7652,173.8600,-55.2900,-93.9900,-2.9900,11.0200,6.2200,0.0000,0.0000,-0.0000,1148.0000,1804.0000,1500.0000,1995.0000
204472.9090,2.0000,1994.0000,2000.0000,1549.0000,-287.0000,261.0000,-22.0000,1355.0000,-25.0000,-2013.0000,0.3764,0.4307,-0.2977,-0.7643,173.8300,-55.0700,-93.8900,-2.7300,11.2700,6.3700,0.0000,0.0000,-0.0000,1148.0000,1804.0000,1500.0000,1995.0000
204489.5060,2.0000,1997.0000,1016.0000,1852.0000,-289.0000,268.0000,-22.0000,1466.0000,114.0000,-4888.0000,0.4028,0.4446,-0.2494,-0.7602,173.8300,-55.0700,-93.8900,-2.7300,11.2700,6.3700,0.0000,0.0000,-0.0000,1569.0000,1081.0000,1500.0000,1998.0000
204506.3590,2.0000,1997.0000,1014.0000,1852.0000,-288.0000,249.0000,-22.0000,1253.0000,90.0000,-7512.0000,0.4276,0.4563,-0.2005,-0.7541,173.8100,-54.8300,-93.8000,-2.3300,11.5700,6.4800,0.0000,0.0000,-0.0000,1569.0000,1081.0000,1500.0000,1998.0000
204523.4360,2.0000,1997.0000,1014.0000,1852.0000,-304.0000,191.0000,-22.0000,1059.0000,263.0000,-9452.0000,0.4508,0.4623,-0.1517,-0.7484,173.7600,-54.5300,-93.7300,-2.1900,11.8000,6.6600,0.0000,0.0000,-0.0000,1569.0000,1081.0000,1500.0000,1998.0000
204540.2110,2.0000,1997.0000,1014.0000,1852.0000,-315.0000,103.0000,-23.0000,652.0000,237.0000,-10254.0000,0.4714,0.4578,-0.1068,-0.7462,173.7200,-54.2500,-93.6900,-1.8900,11.8600,6.8800,0.0000,0.0000,-0.0000,1569.0000,1081.0000,1500.0000,1998.0000
204557.1920,2.0000,1997.0000,1014.0000,1852.0000,-309.0000,11.0000,-28.0000,433.0000,151.0000,-9445.0000,0.4896,0.4419,-0.0669,-0.7487,173.6900,-54.0000,-93.6600,-1.5800,11.7600,7.2600,0.0000,0.0000,-0.0000,1569.0000,1081.0000,1500.0000,1998.0000
204574.0550,2.0000,1997.0000,1014.0000,1852.0000,-271.0000,-59.0000,-38.0000,549.0000,368.0000,-7408.0000,0.5036,0.4179,-0.0348,-0.7553,173.6700,-53.7600,-93.6100,-1.3900,11.6100,7.7300,0.0000,0.0000,-0.0000,1569.0000,1081.0000,1500.0000,1998.0000
204591.2860,2.0000,1997.0000,1013.0000,1851.0000,-223.0000,-129.0000,-54.0000,664.0000,339.0000,-4741.0000,0.5124,0.3881,-0.0114,-0.7660,173.6700,-53.7600,-93.6100,-1.3900,11.6100,7.7300,0.0000,0.0000,-0.0000,1571.0000,1081.0000,1500.0000,1998.0000
204607.8830,2.0000,1997.0000,1012.0000,1850.0000,-166.0000,-187.0000,-74.0000,645.0000,396.0000,-1613.0000,0.5151,0.3557,0.0015,-0.7799,173.6400,-53.5100,-93.5500,-1.4500,11.5800,8.1300,0.0000,0.0000,-0.0000,1571.0000,1081.0000,1500.0000,1998.0000
204624.9400,2.0000,1997.0000,1012.0000,1850.0000,-115.0000,-230.0000,-94.0000,576.0000,76.0000,1952.0000,0.5120,0.3201,0.0055,-0.7971,173.5800,-53.2200,-93.5100,-1.8800,11.7600,8.3800,0.0000,0.0000,-0.0000,1571.0000,1081.0000,1500.0000,1998.0000
204641.6530,2.0000,1997.0000,1012.0000,1850.0000,-86.0000,-242.0000,-109.0000,899.0000,24.0000,5260.0000,0.5045,0.2849,0.0041,-0.8151,173.5100,-52.9300,-93.4600,-2.5500,12.0400,8.5000,0.0000,0.0000,-0.0000,1571.0000,1081.0000,1500.0000,1998.0000
204658.5520,2.0000,1997.0000,1012.0000,1850.0000,-59.0000,-249.0000,-116.0000,1390.0000,-297.0000,8135.0000,0.4937,0.2494,-0.0010,-0.8331,173.4300,-52.6700,-93.4000,-3.3000,12.3800,8.3800,0.0000,0.0000,-0.0000,1571.0000,1081.0000,1500.0000,1998.0000
204675.3790,2.0000,1997.0000,1012.0000,1850.0000,-32.0000,-240.0000,-114.0000,1663.0000,-868.0000,10643.0000,0.4811,0.2159,-0.0090,-0.8496,173.3400,-52.4000,-93.3200,-4.1300,12.7200,7.9800,0.0000,0.0000,-0.0000,1571.0000,1081.0000,1500.0000,1998.0000
204692.4240,2.0000,1997.0000,1012.0000,1850.0000,-13.0000,-215.0000,-110.0000,1866.0000,-1253.0000,12397.0000,0.4672,0.1852,-0.0189,-0.8643,173.3400,-52.4000,-93.3200,-4.1300,12.7200,7.9800,0.0000,0.0000,-0.0000,1571.0000,1081.0000,1500.0000,1998.0000
204709.4400,2.0000,1997.0000,1012.0000,1850.0000,6.0000,-187.0000,-102.0000,1733.0000,-1401.0000,12942.0000,0.4527,0.1594,-0.0296,-0.8768,173.2200,-52.1300,-93.2400,-4.9900,12.9600,7.3400,0.0000,0.0000,-0.0000,1571.0000,1081.0000,1500.0000,1998.0000
204726.2760,2.0000,1997.0000,1012.0000,1850.0000,34.0000,-146.0000,-87.0000,1570.0000,-1529.0000,12867.0000,0.4392,0.1397,-0.0408,-0.8865,173.0600,-51.8200,-93.1600,-5.8100,13.0300,6.5700,0.0000,0.0000,-0.0000,1571.0000,1081.0000,1500.0000,1998.0000
204743.3000,2.0000,1997.0000,1012.0000,1850.0000,53.0000,-115.0000,-74.0000,1364.0000,-1541.0000,12023.0000,0.4271,0.1260,-0.0532,-0.8938,172.9000,-51.5200,-93.0800,-6.4900,12.9900,5.7500,0.0000,0.0000,-0.0000,1571.0000,1081.0000,1500.0000,1998.0000
204759.9730,2.0000,1997.0000,1012.0000,1850.0000,64.0000,-91.0000,-59.0000,1202.0000,-1190.0000,10648.0000,0.4168,0.1170,-0.0659,-0.8990,172.7300,-51.2500,-93.0000,-7.0200,12.8600,5.0000,0.0000,0.0000,-0.0000,1571.0000,1081.0000,1500.0000,1998.0000
204776.9810,2.0000,1997.0000,1012.0000,1850.0000,78.0000,-48.0000,-45.0000,1134.0000,-1318.0000,10308.0000,0.4084,0.1125,-0.0787,-0.9024,172.5700,-50.9900,-92.9300,-7.4200,12.7100,4.3400,0.0000,0.0000,-0.0000,1571.0000,1081.0000,1500.0000,1998.0000
204793.8310,2.0000,1997.0000,1109.0000,1947.0000,77.0000,-17.0000,-29.0000,782.0000,-1550.0000,9851.0000,0.4023,0.1136,-0.0901,-0.9040,172.5700,-50.9900,-92.9300,-7.4200,12.7100,4.3400,0.0000,0.0000,-0.0000,1470.0000,1081.0000,1500.0000,1998.0000
204810.6760,2.0000,1997.0000,1110.0000,1948.0000,84.0000,0.0000,-17.0000,678.0000,-1579.0000,8488.0000,0.3978,0.1175,-0.1011,-0.9043,172.3900,-50.7300,-92.8600,-7.7900,12.5000,3.7000,0.0000,0.0000,-0.0000,1470.0000,1081.0000,1500.0000,1998.0000
204827.5950,2.0000,1997.0000,1110.0000,1948.0000,79.0000,9.0000,1.0000,678.0000,-1393.0000,7045.0000,0.3955,0.1233,-0.1118,-0.9032,172.1800,-50.4400,-92.8000,-8.1300,12.2500,3.2000,0.0000,0.0000,-0.0000,1470.0000,1081.0000,1500.0000,1998.0000
204844.2690,2.0000,1997.0000,1110.0000,1948.0000,60.0000,22.0000,20.0000,828.0000,-1241.0000,6757.0000,0.3961,0.1299,-0.1203,-0.9010,171.9800,-50.1700,-92.7300,-8.3800,12.0400,2.8400,0.0000,0.0000,-0.0000,1470.0000,1081.0000,1500.0000,1998.0000
204861.0490,2.0000,1997.0000,1110.0000,1948.0000,37.0000,24.0000,34.0000,754.0000,-909.0000,5353.0000,0.3995,0.1356,-0.1253,-0.8980,171.7900,-49.9200,-92.6700,-8.5500,11.8600,2.5700,0.0000,0.0000,-0.0000,1470.0000,1081.0000,1500.0000,1998.0000
204877.6250,2.0000,1997.0000,1110.0000,1948.0000,21.0000,6.0000,43.0000,801.0000,-672.0000,4262.0000,0.4042,0.1381,-0.1289,-0.8949,171.6100,-49.6900,-92.6200,-8.6400,11.7200,2.4100,0.0000,0.0000,-0.0000,1470.0000,1081.0000,1500.0000,1998.0000
204894.5300,2.0000,1997.0000,1000.0000,1819.0000,1.0000,-22.0000,49.0000,634.0000,-545.0000,3520.0000,0.4101,0.1365,-0.1314,-0.8921,171.6100,-49.6900,-92.6200,-8.6400,11.7200,2.4100,0.0000,0.0000,-0.0000,1601.0000,1083.0000,1500.0000,1998.0000
204910.9780,2.0000,1997.0000,1000.0000,1818.0000,-13.0000,-57.0000,51.0000,486.0000,-475.0000,3436.0000,0.4161,0.1294,-0.1332,-0.8902,171.4200,-49.4400,-92.5500,-8.6700,11.6800,2.3600,0.0000,0.0000,-0.0000,1601.0000,1083.0000,1500.0000,1998.0000
204927.7930,2.0000,1997.0000,1000.0000,1818.0000,-17.0000,-96.0000,49.0000,532.0000,-334.0000,3804.0000,0.4216,0.1169,-0.1363,-0.8888,171.2100,-49.1600,-92.4800,-8.6700,11.7300,2.3500,0.0000,0.0000,-0.0000,1601.0000,1083.0000,1500.0000,1998.0000
204944.5410,2.0000,1997.0000,1000.0000,1818.0000,-8.0000,-130.0000,40.0000,536.0000,-256.0000,4664.0000,0.4255,0.1007,-0.1422,-0.8880,171.0200,-48.8900,-92.4000,-8.6700,11.7400,2.2900,0.0000,0.0000,-0.0000,1601.0000,1083.0000,1500.0000,1998.0000
204961.2280,2.0000,1997.0000,1000.0000,1818.0000,-7.0000,-156.0000,30.0000,832.0000,-184.0000,6003.0000,0.4273,0.0809,-0.1506,-0.8878,170.8300,-48.6500,-92.3300,-8.7000,11.7200,2.1000,0.0000,0.0000,-0.0000,1601.0000,1083.0000,1500.0000,1998.0000
204977.8670,2.0000,1997.0000,1000.0000,1818.0000,-6.0000,-172.0000,20.0000,1021.0000,-154.0000,7247.0000,0.4273,0.0590,-0.1601,-0.8879,170.8300,-48.6500,-92.3300,-8.7000,11.7200,2.1000,0.0000,0.0000,-0.0000,1601.0000,1083.0000,1500.0000,1998.0000
204994.6400,2.0000,1997.0000,1193.0000,1193.0000,-8.0000,-183.0000,8.0000,1030.0000,-173.0000,8226.0000,0.4249,0.0346,-0.1708,-0.8883,170.6600,-48.4100,-92.2600,-8.7600,11.6600,1.7600,0.0000,0.0000,-0.0000,1829.0000,1543.0000,1500.0000,1998.0000
205011.5260,2.0000,1997.0000,1213.0000,1131.0000,-11.0000,-180.0000,0.0000,1305.0000,-186.0000,9376.0000,0.4211,0.0104,-0.1808,-0.8888,170.4800,-48.1600,-92.2000,-8.8900,11.6400,1.2900,0.0000,0.0000,-0.0000,1829.0000,1543.0000,1500.0000,1998.0000
205028.3990,2.0000,1997.0000,1213.0000,1131.0000,-17.0000,-172.0000,-11.0000,1284.0000,-337.0000,10374.0000,0.4157,-0.0137,-0.1901,-0.8893,170.2700,-47.8800,-92.1400,-9.0700,11.6700,0.6800,0.0000,0.0000,-0.0000,1829.0000,1543.0000,1500.0000,1998.0000
205045.4190,2.0000,1997.0000,1213.0000,1131.0000,-24.0000,-141.0000,-20.0000,1585.0000,-96.0000,10780.0000,0.4095,-0.0351,-0.1969,-0.8901,170.0700,-47.6100,-92.1000,-9.2100,11.6100,-0.0200,0.0000,0.0000,-0.0000,1829.0000,1543.0000,1500.0000,1998.0000
205062.2860,2.0000,1997.0000,1213.0000,1131.0000,-11.0000,-96.0000,-32.0000,1755.0000,-177.0000,11446.0000,0.4030,-0.0509,-0.2017,-0.8912,169.8900,-47.3600,-92.0600,-9.2900,11.5400,-0.7600,0.0000,0.0000,-0.0000,1829.0000,1543.0000,1500.0000,1998.0000
205079.0570,2.0000,1997.0000,1213.0000,1131.0000,42.0000,-38.0000,-41.0000,1669.0000,-672.0000,12067.0000,0.3971,-0.0573,-0.2073,-0.8922,169.8900,-47.3600,-92.0600,-9.2900,11.5400,-0.7600,0.0000,0.0000,-0.0000,1829.0000,1543.0000,1500.0000,1998.0000
205096.1440,2.0000,1997.0000,1538.0000,1000.0000,117.0000,26.0000,-47.0000,1362.0000,-724.0000,10564.0000,0.3922,-0.0521,-0.2187,-0.8920,169.7100,-47.1200,-92.0400,-9.3400,11.4200,-1.6000,0.0000,0.0000,-0.0000,1860.0000,1898.0000,1500.0000,1999.0000
205112.8280,2.0000,1998.0000,1538.0000,1000.0000,192.0000,71.0000,-49.0000,1180.0000,-557.0000,8418.0000,0.3889,-0.0351,-0.2364,-0.8897,169.5100,-46.8500,-92.0300,-9.5500,11.4400,-2.3500,0.0000,0.0000,-0.0000,1860.0000,1898.0000,1500.0000,1999.0000
205129.4560,2.0000,1998.0000,1538.0000,1000.0000,253.0000,120.0000,-47.0000,1073.0000,-319.0000,6537.0000,0.3870,-0.0086,-0.2599,-0.8846,169.2700,-46.5500,-92.0300,-9.8800,11.6400,-2.8700,0.0000,0.0000,-0.0000,1860.0000,1898.0000,1500.0000,1999.0000
205146.2850,2.0000,1998.0000,1538.0000,1000.0000,305.0000,180.0000,-44.0000,899.0000,-201.0000,4337.0000,0.3871,0.0289,-0.2869,-0.8758,169.0500,-46.2600,-92.0500,-10.1400,11.8800,-3.1900,0.0000,0.0000,-0.0000,1860.0000,1898.0000,1500.0000,1999.0000
205162.9690,2.0000,1998.0000,1538.0000,1000.0000,342.0000,234.0000,-37.0000,900.0000,-224.0000,1648.0000,0.3889,0.0757,-0.3160,-0.8620,168.8400,-45.9800,-92.0700,-10.3300,12.1800,-3.2700,0.0000,0.0000,-0.0000,1860.0000,1898.0000,1500.0000,1999.0000
205179.6080,2.0000,1998.0000,1538.0000,1000.0000,362.0000,270.0000,-30.0000,1112.0000,-347.0000,-1532.0000,0.3916,0.1287,-0.3453,-0.8431,168.8400,-45.9800,-92.0700,-10.3300,12.1800,-3.2700,0.0000,0.0000,-0.0000,1860.0000,1898.0000,1500.0000,1999.0000
205196.7000,2.0000,1978.0000,2000.0000,1864.0000,352.0000,290.0000,-19.0000,1110.0000,-174.0000,-5177.0000,0.3956,0.1864,-0.3722,-0.8186,168.6400,-45.7200,-92.1000,-10.3900,12.6100,-3.0600,0.0000,0.0000,-0.0000,1054.0000,1583.0000,1500.0000,1980.0000
205213.7680,2.0000,1978.0000,2000.0000,1865.0000,331.0000,276.0000,-11.0000,1106.0000,-234.0000,-8152.0000,0.3993,0.2414,-0.3954,-0.7911,168.4500,-45.4600,-92.1200,-10.2100,13.1600,-2.7800,0.0000,0.0000,-0.0000,1054.0000,1583.0000,1500.0000,1980.0000
205230.4560,2.0000,1978.0000,2000.0000,1865.0000,305.0000,234.0000,-5.0000,1052.0000,-399.0000,-9643.0000,0.4010,0.2893,-0.4166,-0.7628,168.2900,-45.2000,-92.1700,-9.7600,13.7700,-2.4100,0.0000,0.0000,-0.0000,1054.0000,1583.0000,1500.0000,1980.0000
205247.0180,2.0000,1978.0000,2000.0000,1865.0000,249.0000,181.0000,-3.0000,1096.0000,-309.0000,-9463.0000,0.4008,0.3282,-0.4347,-0.7366,168.1400,-44.9600,-92.2400,-9.1700,14.3200,-2.1300,0.0000,0.0000,-0.0000,1054.0000,1583.0000,1500.0000,1980.0000
205263.9350,2.0000,1978.0000,2000.0000,1865.0000,150.0000,123.0000,0.0000,1274.0000,-119.0000,-8700.0000,0.4000,0.3563,-0.4474,-0.7162,168.0100,-44.7100,-92.3200,-8.6100,14.7600,-1.8400,0.0000,0.0000,-0.0000,1054.0000,1583.0000,1500.0000,1980.0000
205280.7180,2.0000,1971.0000,1770.0000,2000.0000,26.0000,69.0000,3.0000,1123.0000,-41.0000,-7965.0000,0.4013,0.3713,-0.4517,-0.7051,168.0100,-44.7100,-92.3200,-8.6100,14.7600,-1.8400,0.0000,0.0000,-0.0000,1068.0000,1065.0000,1500.0000,1967.0000
205297.5130,2.0000,1964.0000,1497.0000,2000.0000,-78.0000,2.0000,11.0000,969.0000,-220.0000,-7510.0000,0.4055,0.3728,-0.4471,-0.7048,167.9000,-44.4700,-92.4000,-8.1300,15.0900,-1.5400,0.0000,0.0000,-0.0000,1068.0000,1065.0000,1500.0000,1967.0000
205314.0420,2.0000,1964.0000,1497.0000,2000.0000,-177.0000,-63.0000,19.0000,581.0000,-493.0000,-6667.0000,0.4116,0.3606,-0.4365,-0.7141,167.8000,-44.2400,-92.4900,-7.7200,15.3400,-1.2700,0.0000,0.0000,-0.0000,1068.0000,1065.0000,1500.0000,1967.0000
205330.8020,2.0000,1964.0000,1497.0000,2000.0000,-259.0000,-118.0000,29.0000,683.0000,-395.0000,-5459.0000,0.4194,0.3355,-0.4201,-0.7315,167.7000,-44.0000,-92.5800,-7.4200,15.4800,-0.9400,0.0000,0.0000,-0.0000,1068.0000,1065.0000,1500.0000,1967.0000
205347.7720,2.0000,1964.0000,1497.0000,2000.0000,-298.0000,-167.0000,37.0000,852.0000,-491.0000,-3777.0000,0.4274,0.2998,-0.3997,-0.7535,167.6200,-43.7800,-92.6500,-7.2900,15.5600,-0.5500,0.0000,0.0000,-0.0000,1068.0000,1065.0000,1500.0000,1967.0000
205364.3740,2.0000,1964.0000,1497.0000,2000.0000,-307.0000,-202.0000,39.0000,1066.0000,-699.0000,-968.0000,0.4332,0.2579,-0.3793,-0.7758,167.5500,-43.5800,-92.7300,-7.4000,15.5600,-0.1900,0.0000,0.0000,-0.0000,1068.0000,1065.0000,1500.0000,1967.0000
205381.0400,2.0000,1994.0000,1057.0000,1897.0000,-303.0000,-206.0000,36.0000,900.0000,-629.0000,2107.0000,0.4373,0.2134,-0.3584,-0.7967,167.5500,-43.5800,-92.7300,-7.4000,15.5600,-0.1900,0.0000,0.0000,-0.0000,1571.0000,1081.0000,1500.0000,1998.0000
205397.9140,2.0000,1997.0000,1012.0000,1850.0000,-287.0000,-204.0000,27.0000,997.0000,-387.0000,4921.0000,0.4389,0.1682,-0.3373,-0.8157,167.4800,-43.4000,-92.8100,-7.7900,15.4000,-0.0000,0.0000,0.0000,-0.0000,1571.0000,1081.0000,1500.0000,1998.0000
205414.6650,2.0000,1997.0000,1012.0000,1850.0000,-256.0000,-197.0000,12.0000,1238.0000,-201.0000,6936.0000,0.4376,0.1259,-0.3178,-0.8316,167.4200,-43.2500,-92.8700,-8.3100,15.1200,0.1900,0.0000,0.0000,-0.0000,1571.0000,1081.0000,1500.0000,1998.0000
205431.5570,2.0000,1997.0000,1012.0000,1850.0000,-205.0000,-197.0000,-6.0000,1346.0000,-17.0000,7883.0000,0.4327,0.0867,-0.3019,-0.8450,167.3400,-43.1100,-92.9000,-8.8400,14.7900,0.1300,0.0000,0.0000,-0.0000,1571.0000,1081.0000,1500.0000,1998.0000
205448.5250,2.0000,1997.0000,1012.0000,1850.0000,-147.0000,-190.0000,-21.0000,1450.0000,-172.0000,8832.0000,0.4245,0.0516,-0.2918,-0.8556,167.2600,-42.9700,-92.9200,-9.2800,14.4500,-0.0800,0.0000,0.0000,-0.0000,1571.0000,1081.0000,1500.0000,1998.0000
205465.5480,2.0000,1997.0000,1012.0000,1850.0000,-109.0000,-185.0000,-33.0000,1525.0000,-276.0000,9749.0000,0.4139,0.0210,-0.2874,-0.8635,167.1700,-42.8500,-92.9300,-9.6600,14.0800,-0.4200,0.0000,0.0000,-0.0000,1571.0000,1081.0000,1500.0000,1998.0000
205482.3790,2.0000,1997.0000,1012.0000,1850.0000,-79.0000,-174.0000,-37.0000,1313.0000,-470.0000,10708.0000,0.4023,-0.0062,-0.2866,-0.8695,167.1700,-42.8500,-92.9300,-9.6600,14.0800,-0.4200,0.0000,0.0000,-0.0000,1571.0000,1081.0000,1500.0000,1998.0000
205499.6160,2.0000,1997.0000,1011.0000,1849.0000,-60.0000,-133.0000,-37.0000,1321.0000,-614.0000,11634.0000,0.3911,-0.0286,-0.2867,-0.8741,167.0700,-42.7300,-92.9300,-9.9800,13.6500,-0.8700,0.0000,0.0000,-0.0000,1572.0000,1081.0000,1500.0000,1998.0000
205516.3340,2.0000,1997.0000,1011.0000,1849.0000,-48.0000,-103.0000,-33.0000,1236.0000,-553.0000,11045.0000,0.3819,-0.0447,-0.2863,-0.8776,166.9700,-42.6300,-92.9400,-10.2200,13.1600,-1.4500,0.0000,0.0000,-0.0000,1572.0000,1081.0000,1500.0000,1998.0000
205533.3570,2.0000,1997.0000,1011.0000,1849.0000,-19.0000,-63.0000,-28.0000,1099.0000,-640.0000,9861.0000,0.3745,-0.0561,-0.2869,-0.8799,166.8700,-42.5200,-92.9500,-10.4000,12.7000,-2.0300,0.0000,0.0000,-0.0000,1572.0000,1081.0000,1500.0000,1998.0000
205550.0080,2.0000,1997.0000,1011.0000,1849.0000,-11.0000,-27.0000,-25.0000,1319.0000,-473.0000,9173.0000,0.3697,-0.0610,-0.2875,-0.8814,166.7500,-42.4200,-92.9700,-10.5100,12.3100,-2.5200,0.0000,0.0000,-0.0000,1572.0000,1081.0000,1500.0000,1998.0000
205566.6760,2.0000,1997.0000,1011.0000,1849.0000,-15.0000,-3.0000,-24.0000,1250.0000,-229.0000,8072.0000,0.3664,-0.0624,-0.2870,-0.8829,166.6400,-42.3300,-92.9900,-10.5800,12.0200,-2.9600,0.0000,0.0000,-0.0000,1572.0000,1081.0000,1500.0000,1998.0000
205583.1920,2.0000,1997.0000,1011.0000,1849.0000,-10.0000,27.0000,-17.0000,1145.0000,-658.0000,7149.0000,0.3647,-0.0606,-0.2848,-0.8844,166.6400,-42.3300,-92.9900,-10.5800,12.0200,-2.9600,0.0000,0.0000,-0.0000,1572.0000,1081.0000,1500.0000,1998.0000
205600.3960,2.0000,1997.0000,1010.0000,1848.0000,-2.0000,45.0000,-13.0000,920.0000,-533.0000,5442.0000,0.3647,-0.0551,-0.2825,-0.8855,166.5300,-42.2300,-93.0300,-10.6500,11.8000,-3.3200,0.0000,0.0000,-0.0000,1574.0000,1081.0000,1500.0000,1998.0000
205617.4420,2.0000,1997.0000,1009.0000,1847.0000,9.0000,45.0000,-15.0000,776.0000,-322.0000,3957.0000,0.3654,-0.0479,-0.2806,-0.8863,166.2500,-41.9400,-93.0600,-10.9400,11.8600,-3.5500,0.0000,0.0000,-0.0000,1574.0000,1081.0000,1500.0000,1998.0000
205634.0510,2.0000,1997.0000,1009.0000,1847.0000,17.0000,31.0000,-19.0000,832.0000,-237.0000,2978.0000,0.3651,-0.0416,-0.2804,-0.8868,165.8700,-41.5300,-93.1000,-11.3100,12.1300,-3.6300,0.0000,0.0000,-0.0000,1574.0000,1081.0000,1500.0000,1998.0000
205650.5600,2.0000,1997.0000,1009.0000,1847.0000,12.0000,0.0000,-23.0000,795.0000,-271.0000,2163.0000,0.3636,-0.0381,-0.2808,-0.8874,165.4900,-41.1200,-93.1400,-11.6300,12.4400,-3.6200,0.0000,0.0000,-0.0000,1574.0000,1081.0000,1500.0000,1998.0000
205667.2560,2.0000,1997.0000,1009.0000,1847.0000,9.0000,-37.0000,-27.0000,686.0000,-356.0000,1522.0000,0.3599,-0.0388,-0.2830,-0.8882,165.1200,-40.7200,-93.1700,-11.9000,12.7700,-3.5100,0.0000,0.0000,-0.0000,1574.0000,1081.0000,1500.0000,1998.0000
205683.8850,2.0000,1997.0000,1009.0000,1847.0000,4.0000,-77.0000,-31.0000,692.0000,-340.0000,1702.0000,0.3540,-0.0447,-0.2870,-0.8890,165.1200,-40.7200,-93.1700,-11.9000,12.7700,-3.5100,0.0000,0.0000,-0.0000,1574.0000,1081.0000,1500.0000,1998.0000
205700.7650,2.0000,1997.0000,1351.0000,1000.0000,0.0000,-111.0000,-34.0000,802.0000,-140.0000,2274.0000,0.3464,-0.0556,-0.2915,-0.8899,164.7500,-40.3200,-93.1900,-12.1200,13.0700,-3.3600,0.0000,0.0000,-0.0000,1848.0000,1700.0000,1500.0000,1998.0000
205717.6160,2.0000,1997.0000,1351.0000,1000.0000,5.0000,-134.0000,-38.0000,989.0000,-345.0000,3756.0000,0.3367,-0.0704,-0.2981,-0.8904,164.3500,-39.8900,-93.2000,-12.5200,13.3200,-3.2600,0.0000,0.0000,-0.0000,1848.0000,1700.0000,1500.0000,1998.0000
205734.5790,2.0000,1997.0000,1351.0000,1000.0000,7.0000,-152.0000,-41.0000,1226.0000,-387.0000,5395.0000,0.3256,-0.0872,-0.3066,-0.8902,163.9400,-39.4500,-93.2100,-12.9700,13.4400,-3.2700,0.0000,0.0000,-0.0000,1848.0000,1700.0000,1500.0000,1998.0000
205751.6850,2.0000,1997.0000,1351.0000,1000.0000,8.0000,-143.0000,-40.0000,1464.0000,-507.0000,7119.0000,0.3141,-0.1046,-0.3154,-0.8893,163.5400,-39.0400,-93.2100,-13.3800,13.4000,-3.4300,0.0000,0.0000,-0.0000,1848.0000,1700.0000,1500.0000,1998.0000
205768.6110,2.0000,1997.0000,1351.0000,1000.0000,24.0000,-124.0000,-37.0000,1631.0000,-656.0000,8419.0000,0.3037,-0.1196,-0.3241,-0.8879,163.1600,-38.6600,-93.2300,-13.7200,13.2100,-3.7400,0.0000,0.0000,-0.0000,1848.0000,1700.0000,1500.0000,1998.0000
205785.3780,2.0000,1997.0000,1351.0000,1000.0000,72.0000,-85.0000,-33.0000,1820.0000,-857.0000,9256.0000,0.2957,-0.1294,-0.3355,-0.8850,163.1600,-38.6600,-93.2300,-13.7200,13.2100,-3.7400,0.0000,0.0000,-0.0000,1848.0000,1700.0000,1500.0000,1998.0000
205802.4650,2.0000,1997.0000,1351.0000,1000.0000,150.0000,-35.0000,-26.0000,1811.0000,-1021.0000,9692.0000,0.2917,-0.1304,-0.3533,-0.8793,162.8000,-38.3000,-93.2400,-14.0100,12.9100,-4.1400,0.0000,0.0000,-0.0000,1848.0000,1700.0000,1500.0000,1998.0000
205819.6540,2.0000,1997.0000,1351.0000,1000.0000,229.0000,33.0000,-16.0000,1519.0000,-782.0000,8902.0000,0.2933,-0.1203,-0.3788,-0.8695,162.3900,-37.9100,-93.2600,-14.4300,12.5900,-4.5500,0.0000,0.0000,-0.0000,1848.0000,1700.0000,1500.0000,1998.0000
205836.5620,2.0000,1997.0000,1351.0000,1000.0000,295.0000,83.0000,-7.0000,1178.0000,-485.0000,6884.0000,0.3002,-0.1006,-0.4097,-0.8555,161.9800,-37.5400,-93.3000,-14.8300,12.3000,-4.9100,0.0000,0.0000,-0.0000,1848.0000,1700.0000,1500.0000,1998.0000
205853.5070,2.0000,1997.0000,1351.0000,1000.0000,348.0000,141.0000,0.0000,1152.0000,-323.0000,4704.0000,0.3118,-0.0713,-0.4453,-0.8363,161.5800,-37.1900,-93.3300,-15.1700,12.1600,-5.0900,0.0000,0.0000,-0.0000,1848.0000,1700.0000,1500.0000,1998.0000
205870.3720,2.0000,1997.0000,1351.0000,1000.0000,384.0000,177.0000,5.0000,830.0000,-307.0000,1919.0000,0.3263,-0.0346,-0.4826,-0.8121,161.1800,-36.8500,-93.3700,-15.4700,12.2300,-5.0900,0.0000,0.0000,-0.0000,1848.0000,1700.0000,1500.0000,1998.0000
205887.2410,2.0000,1997.0000,1351.0000,1000.0000,409.0000,212.0000,3.0000,937.0000,-286.0000,-815.0000,0.3422,0.0077,-0.5198,-0.7827,161.1800,-36.8500,-93.3700,-15.4700,12.2300,-5.0900,0.0000,0.0000,-0.0000,1848.0000,1700.0000,1500.0000,1998.0000
205903.9720,2.0000,1997.0000,1351.0000,1000.0000,413.0000,238.0000,5.0000,1251.0000,192.0000,-3441.0000,0.3590,0.0542,-0.5543,-0.7489,160.7900,-36.5100,-93.4000,-15.6700,12.5600,-4.9200,0.0000,0.0000,-0.0000,1848.0000,1700.0000,1500.0000,1998.0000
205920.7770,2.0000,1997.0000,1351.0000,1000.0000,404.0000,226.0000,3.0000,1315.0000,351.0000,-6114.0000,0.3744,0.1011,-0.5857,-0.7117,160.3400,-36.1200,-93.4300,-15.8500,13.0500,-4.7100,0.0000,0.0000,-0.0000,1848.0000,1700.0000,1500.0000,1998.0000
205937.3890,2.0000,1997.0000,1351.0000,1000.0000,390.0000,190.0000,0.0000,1177.0000,390.0000,-8321.0000,0.3854,0.1435,-0.6142,-0.6736,159.8900,-35.7100,-93.4700,-15.8400,13.6600,-4.5600,0.0000,0.0000,-0.0000,1848.0000,1700.0000,1500.0000,1998.0000
205954.1540,2.0000,1997.0000,1351.0000,1000.0000,387.0000,145.0000,-2.0000,979.0000,359.0000,-8950.0000,0.3912,0.1814,-0.6416,-0.6344,159.4600,-35.3200,-93.5400,-15.5700,14.3100,-4.6000,0.0000,0.0000,-0.0000,1848.0000,1700.0000,1500.0000,1998.0000
205970.9990,2.0000,1997.0000,1351.0000,1000.0000,395.0000,83.0000,-8.0000,986.0000,282.0000,-8472.0000,0.3899,0.2144,-0.6704,-0.5938,159.0900,-34.9600,-93.6300,-15.1900,14.8400,-4.6800,0.0000,0.0000,-0.0000,1848.0000,1700.0000,1500.0000,1998.0000
205987.7890,2.0000,1997.0000,1351.0000,1000.0000,393.0000,40.0000,-11.0000,1199.0000,243.0000,-7155.0000,0.3819,0.2426,-0.6997,-0.5529,159.0900,-34.9600,-93.6300,-15.1900,14.8400,-4.6800,0.0000,0.0000,-0.0000,1848.0000,1700.0000,1500.0000,1998.0000
206004.6050,2.0000,1997.0000,1351.0000,1000.0000,404.0000,0.0000,-10.0000,1341.0000,-4.0000,-5484.0000,0.3675,0.2667,-0.7298,-0.5111,158.7500,-34.6200,-93.7400,-14.8600,15.2300,-4.7500,0.0000,0.0000,-0.0000,1848.0000,1700.0000,1500.0000,1998.0000
206021.3720,2.0000,1997.0000,1351.0000,1000.0000,406.0000,-28.0000,-8.0000,1460.0000,-40.0000,-4203.0000,0.3484,0.2877,-0.7595,-0.4681,158.3700,-34.2400,-93.8500,-14.7500,15.4300,-4.7800,0.0000,0.0000,-0.0000,1848.0000,1700.0000,1500.0000,1998.0000
206038.3620,2.0000,1997.0000,1351.0000,1000.0000,402.0000,-35.0000,-1.0000,1638.0000,-367.0000,-2922.0000,0.3265,0.3060,-0.7877,-0.4235,158.0000,-33.8800,-93.9700,-14.7700,15.5200,-4.7600,0.0000,0.0000,-0.0000,1848.0000,1700.0000,1500.0000,1998.0000
206055.2300,2.0000,1997.0000,1351.0000,1000.0000,401.0000,-35.0000,11.0000,1338.0000,-570.0000,-1974.0000,0.3044,0.3219,-0.8130,-0.3777,157.6400,-33.5200,-94.0800,-14.8900,15.5300,-4.7200,0.0000,0.0000,-0.0000,1848.0000,1700.0000,1500.0000,1998.0000
206071.8820,2.0000,1997.0000,1351.0000,1000.0000,402.0000,-32.0000,24.0000,1161.0000,-598.0000,-1362.0000,0.2815,0.3348,-0.8363,-0.3306,157.6400,-33.5200,-94.0800,-14.8900,15.5300,-4.7200,0.0000,0.0000,-0.0000,1848.0000,1700.0000,1500.0000,1998.0000
206088.7710,2.0000,1997.0000,1351.0000,1000.0000,393.0000,-20.0000,37.0000,1275.0000,-655.0000,-792.0000,0.2600,0.3456,-0.8567,-0.2810,157.2900,-33.1800,-94.2000,-15.0400,15.4600,-4.6000,0.0000,0.0000,-0.0000,1848.0000,1700.0000,1500.0000,1998.0000
206105.9300,2.0000,1997.0000,1351.0000,1000.0000,388.0000,-16.0000,47.0000,1203.0000,-595.0000,-576.0000,0.2387,0.3539,-0.8746,-0.2299,156.9600,-32.8600,-94.3100,-15.2200,15.3500,-4.4100,0.0000,0.0000,-0.0000,1848.0000,1700.0000,1500.0000,1998.0000
206122.7080,2.0000,1997.0000,1351.0000,1000.0000,373.0000,0.0000,59.0000,1205.0000,-644.0000,-330.0000,0.2194,0.3594,-0.8891,-0.1793,156.5900,-32.5200,-94.4100,-15.3800,15.2800,-4.2000,0.0000,0.0000,-0.0000,1848.0000,1700.0000,1500.0000,1998.0000
206139.7590,2.0000,1997.0000,1351.0000,1000.0000,365.0000,19.0000,71.0000,1226.0000,-687.0000,-248.0000,0.2019,0.3625,-0.9008,-0.1277,156.2200,-32.1900,-94.5000,-15.5400,15.2100,-3.9700,0.0000,0.0000,-0.0000,1848.0000,1700.0000,1500.0000,1998.0000
206156.4670,2.0000,1997.0000,1351.0000,1000.0000,359.0000,36.0000,80.0000,1133.0000,-506.0000,-915.0000,0.1876,0.3632,-0.9094,-0.0764,155.8600,-31.8600,-94.5800,-15.6800,15.1100,-3.7700,0.0000,0.0000,-0.0000,1848.0000,1700.0000,1500.0000,1998.0000
206173.2760,2.0000,1997.0000,1351.0000,1000.0000,352.0000,53.0000,86.0000,1225.0000,-473.0000,-1281.0000,0.1754,0.3619,-0.9152,-0.0245,155.8600,-31.8600,-94.5800,-15.6800,15.1100,-3.7700,0.0000,0.0000,-0.0000,1848.0000,1700.0000,1500.0000,1998.0000
206189.9730,2.0000,1997.0000,1351.0000,1000.0000,349.0000,67.0000,91.0000,1341.0000,-226.0000,-1940.0000,0.1654,0.3588,-0.9182,0.0279,155.5000,-31.5500,-94.6600,-15.7700,15.0000,-3.6700,0.0000,0.0000,-0.0000,1848.0000,1700.0000,1500.0000,1998.0000
206206.8390,2.0000,1997.0000,1351.0000,1000.0000,353.0000,83.0000,93.0000,1114.0000,-14.0000,-3159.0000,0.1562,0.3541,-0.9184,0.0816,155.1700,-31.2600,-94.7400,-15.8600,14.8500,-3.6500,0.0000,0.0000,-0.0000,1848.0000,1700.0000,1500.0000,1998.0000
206223.5150,2.0000,1997.0000,1351.0000,1000.0000,349.0000,82.0000,92.0000,1026.0000,-26.0000,-4159.0000,0.1478,0.3484,-0.9158,0.1344,154.7900,-30.9400,-94.8200,-15.8700,14.7100,-3.8500,0.0000,0.0000,-0.0000,1848.0000,1700.0000,1500.0000,1998.0000
206240.2200,2.0000,1997.0000,1351.0000,1000.0000,346.0000,77.0000,88.0000,1128.0000,315.0000,-5096.0000,0.1390,0.3420,-0.9104,0.1867,154.4200,-30.6300,-94.9200,-15.8700,14.4900,-4.1700,0.0000,0.0000,-0.0000,1848.0000,1700.0000,1500.0000,1998.0000
206257.2280,2.0000,1997.0000,1351.0000,1000.0000,347.0000,60.0000,84.0000,1173.0000,229.0000,-5365.0000,0.1279,0.3355,-0.9024,0.2382,154.0700,-30.3400,-95.0300,-15.8900,14.1800,-4.5700,0.0000,0.0000,-0.0000,1848.0000,1700.0000,1500.0000,1998.0000
206274.0280,2.0000,1997.0000,1351.0000,1000.0000,343.0000,41.0000,80.0000,1150.0000,163.0000,-5480.0000,0.1141,0.3295,-0.8921,0.2874,154.0700,-30.3400,-95.0300,-15.8900,14.1800,-4.5700,0.0000,0.0000,-0.0000,1848.0000,1700.0000,1500.0000,1998.0000
206290.7800,2.0000,1997.0000,1351.0000,1000.0000,349.0000,22.0000,76.0000,1091.0000,38.0000,-5283.0000,0.0984,0.3236,-0.8794,0.3351,153.7200,-30.0600,-95.1600,-15.9200,13.8200,-4.9700,0.0000,0.0000,-0.0000,1848.0000,1700.0000,1500.0000,1998.0000
206307.3110,2.0000,1997.0000,1351.0000,1000.0000,347.0000,10.0000,72.0000,1005.0000,39.0000,-4960.0000,0.0801,0.3181,-0.8646,0.3805,153.3900,-29.8100,-95.2900,-15.9600,13.4500,-5.3000,0.0000,0.0000,-0.0000,1848.0000,1700.0000,1500.0000,1998.0000
206324.1460,2.0000,1997.0000,1351.0000,1000.0000,343.0000,-5.0000,72.0000,807.0000,-13.0000,-4824.0000,0.0603,0.3126,-0.8474,0.4249,153.0300,-29.5200,-95.4400,-15.9900,13.1500,-5.5600,0.0000,0.0000,-0.0000,1848.0000,1700.0000,1500.0000,1998.0000
206341.1010,2.0000,1997.0000,1351.0000,1000.0000,342.0000,-17.0000,68.0000,1089.0000,-77.0000,-3710.0000,0.0384,0.3074,-0.8280,0.4674,152.6700,-29.2500,-95.6000,-16.0100,12.8600,-5.7500,0.0000,0.0000,-0.0000,1848.0000,1700.0000,1500.0000,1998.0000
206357.8540,2.0000,1997.0000,1351.0000,1000.0000,342.0000,-17.0000,68.0000,1133.0000,-213.0000,-2834.0000,0.0158,0.3023,-0.8066,0.5078,152.3300,-28.9900,-95.7600,-16.0400,12.6600,-5.8400,0.0000,0.0000,-0.0000,1848.0000,1700.0000,1500.0000,1998.0000
206374.9290,2.0000,1997.0000,1351.0000,1000.0000,337.0000,-25.0000,67.0000,1221.0000,-185.0000,-2128.0000,-0.0071,0.2963,-0.7827,0.5473,152.3300,-28.9900,-95.7600,-16.0400,12.6600,-5.8400,0.0000,0.0000,-0.0000,1848.0000,1700.0000,1500.0000,1998.0000
206391.5420,2.0000,1997.0000,1351.0000,1000.0000,336.0000,-27.0000,69.0000,1133.0000,-145.0000,-2075.0000,-0.0301,0.2901,-0.7579,0.5836,152.0000,-28.7500,-95.9300,-16.0400,12.5500,-5.8400,0.0000,0.0000,-0.0000,1848.0000,1700.0000,1500.0000,1998.0000
206408.5120,2.0000,1997.0000,1351.0000,1000.0000,329.0000,-14.0000,71.0000,1237.0000,-301.0000,-1552.0000,-0.0526,0.2823,-0.7310,0.6190,151.6800,-28.5200,-96.0900,-16.0200,12.4600,-5.7700,0.0000,0.0000,-0.0000,1848.0000,1700.0000,1500.0000,1998.0000
206425.3140,2.0000,1997.0000,1351.0000,1000.0000,333.0000,-10.0000,73.0000,1203.0000,-369.0000,-1198.0000,-0.0741,0.2727,-0.7029,0.6527,151.3300,-28.2500,-96.2600,-15.9700,12.4900,-5.6600,0.0000,0.0000,-0.0000,1848.0000,1700.0000,1500.0000,1998.0000
206442.1610,2.0000,1997.0000,1351.0000,1000.0000,330.0000,3.0000,76.0000,1162.0000,-479.0000,-853.0000,-0.0947,0.2613,-0.6732,0.6852,151.0000,-27.9900,-96.4100,-15.8800,12.5500,-5.5100,0.0000,0.0000,-0.0000,1848.0000,1700.0000,1500.0000,1998.0000
206458.9630,2.0000,1997.0000,1351.0000,1000.0000,330.0000,17.0000,79.0000,967.0000,-488.0000,-990.0000,-0.1145,0.2482,-0.6423,0.7161,150.6700,-27.7300,-96.5600,-15.7700,12.6200,-5.3500,0.0000,0.0000,-0.0000,1848.0000,1700.0000,1500.0000,1998.0000
206475.9770,2.0000,1997.0000,1351.0000,1000.0000,331.0000,35.0000,82.0000,1086.0000,-197.0000,-1055.0000,-0.1327,0.2318,-0.6098,0.7462,150.6700,-27.7300,-96.5600,-15.7700,12.6200,-5.3500,0.0000,0.0000,-0.0000,1848.0000,1700.0000,1500.0000,1998.0000
206493.1230,2.0000,1997.0000,1351.0000,1000.0000,336.0000,53.0000,84.0000,1185.0000,-126.0000,-1200.0000,-0.1495,0.2125,-0.5755,0.7754,150.3700,-27.4900,-96.7100,-15.6600,12.6400,-5.1700,0.0000,0.0000,-0.0000,1848.0000,1700.0000,1500.0000,1998.0000
206509.7760,2.0000,1997.0000,1351.0000,1000.0000,343.0000,71.0000,88.0000,1078.0000,-9.0000,-1777.0000,-0.1638,0.1903,-0.5408,0.8028,150.0800,-27.2600,-96.8400,-15.5700,12.6700,-4.9400,0.0000,0.0000,-0.0000,1848.0000,1700.0000,1500.0000,1998.0000
206526.7270,2.0000,1997.0000,1351.0000,1000.0000,345.0000,88.0000,89.0000,1023.0000,-96.0000,-2292.0000,-0.1774,0.1652,-0.5036,0.8293,149.7500,-26.9800,-96.9700,-15.5000,12.6600,-4.6800,0.0000,0.0000,-0.0000,1848.0000,1700.0000,1500.0000,1998.0000
206543.7320,2.0000,1997.0000,1351.0000,1000.0000,346.0000,94.0000,89.0000,995.0000,-138.0000,-3036.0000,-0.1897,0.1375,-0.4648,0.8539,149.4400,-26.7200,-97.0900,-15.4500,12.5900,-4.3900,0.0000,0.0000,-0.0000,1848.0000,1700.0000,1500.0000,1998.0000
206560.5680,2.0000,1997.0000,1351.0000,1000.0000,347.0000,97.0000,88.0000,990.0000,-104.0000,-3702.0000,-0.2013,0.1097,-0.4254,0.8755,149.1400,-26.4700,-97.2100,-15.4200,12.4600,-4.0600,0.0000,0.0000,-0.0000,1848.0000,1700.0000,1500.0000,1998.0000
206577.1440,2.0000,1997.0000,1351.0000,1000.0000,348.0000,91.0000,86.0000,1067.0000,38.0000,-4106.0000,-0.2120,0.0820,-0.3848,0.8945,149.1400,-26.4700,-97.2100,-15.4200,12.4600,-4.0600,0.0000,0.0000,-0.0000,1848.0000,1700.0000,1500.0000,1998.0000
206594.2850,2.0000,1997.0000,1351.0000,1000.0000,345.0000,89.0000,84.0000,1150.0000,273.0000,-4501.0000,-0.2224,0.0538,-0.3418,0.9115,148.8500,-26.2300,-97.3200,-15.3800,12.3000,-3.6600,0.0000,0.0000,-0.0000,1848.0000,1700.0000,1500.0000,1998.0000
206610.8940,2.0000,1997.0000,1351.0000,1000.0000,343.0000,74.0000,81.0000,1028.0000,411.0000,-4942.0000,-0.2313,0.0276,-0.2995,0.9252,148.5800,-26.0000,-97.4200,-15.3500,12.1700,-3.2000,0.0000,0.0000,-0.0000,1848.0000,1700.0000,1500.0000,1998.0000
206627.6280,2.0000,1997.0000,1351.0000,1000.0000,346.0000,67.0000,79.0000,992.0000,213.0000,-4717.0000,-0.2402,0.0031,-0.2552,0.9366,148.2600,-25.7400,-97.5100,-15.3600,12.0300,-2.6500,0.0000,0.0000,-0.0000,1848.0000,1700.0000,1500.0000,1998.0000
206644.5000,2.0000,1997.0000,1351.0000,1000.0000,349.0000,51.0000,77.0000,1059.0000,239.0000,-4309.0000,-0.2488,-0.0199,-0.2090,0.9455,147.9700,-25.4900,-97.6000,-15.3300,11.9200,-2.1300,0.0000,0.0000,-0.0000,1848.0000,1700.0000,1500.0000,1998.0000
206661.3380,2.0000,1997.0000,1351.0000,1000.0000,352.0000,54.0000,74.0000,904.0000,361.0000,-4260.0000,-0.2566,-0.0425,-0.1616,0.9520,147.6700,-25.2500,-97.6700,-15.2500,11.8700,-1.5800,0.0000,0.0000,-0.0000,1848.0000,1700.0000,1500.0000,1998.0000
206678.0150,2.0000,1997.0000,1351.0000,1000.0000,353.0000,47.0000,71.0000,885.0000,217.0000,-3953.0000,-0.2632,-0.0644,-0.1138,0.9558,147.6700,-25.2500,-97.6700,-15.2500,11.8700,-1.5800,0.0000,0.0000,-0.0000,1848.0000,1700.0000,1500.0000,1998.0000
206694.8940,2.0000,1997.0000,1351.0000,1000.0000,358.0000,50.0000,70.0000,1165.0000,397.0000,-3326.0000,-0.2689,-0.0863,-0.0649,0.9571,147.3900,-25.0200,-97.7400,-15.1200,11.8600,-1.0200,0.0000,0.0000,-0.0000,1848.0000,1700.0000,1500.0000,1998.0000
206711.5010,2.0000,1997.0000,1351.0000,1000.0000,353.0000,46.0000,67.0000,1116.0000,336.0000,-3167.0000,-0.2732,-0.1069,-0.0165,0.9558,147.1300,-24.8000,-97.8000,-15.0000,11.8900,-0.5300,0.0000,0.0000,-0.0000,1848.0000,1700.0000,1500.0000,1998.0000
206728.1080,2.0000,1997.0000,1351.0000,1000.0000,352.0000,55.0000,65.0000,1089.0000,275.0000,-2787.0000,-0.2766,-0.1279,0.0311,0.9519,146.8200,-24.5500,-97.8400,-14.9700,11.9300,-0.0500,0.0000,0.0000,-0.0000,1848.0000,1700.0000,1500.0000,1998.0000
206744.8700,2.0000,1997.0000,1351.0000,1000.0000,353.0000,55.0000,62.0000,1030.0000,174.0000,-2768.0000,-0.2789,-0.1495,0.0790,0.9453,146.5200,-24.3000,-97.8800,-14.9200,11.9700,0.4100,0.0000,0.0000,-0.0000,1848.0000,1700.0000,1500.0000,1998.0000
206761.5500,2.0000,1997.0000,1351.0000,1000.0000,355.0000,64.0000,58.0000,1027.0000,108.0000,-2927.0000,-0.2800,-0.1714,0.1261,0.9361,146.2400,-24.0600,-97.9000,-14.8500,12.0200,0.8400,0.0000,0.0000,-0.0000,1848.0000,1700.0000,1500.0000,1998.0000
206778.0900,2.0000,1997.0000,1351.0000,1000.0000,357.0000,78.0000,55.0000,919.0000,190.0000,-3311.0000,-0.2799,-0.1941,0.1725,0.9242,146.2400,-24.0600,-97.9000,-14.8500,12.0200,0.8400,0.0000,0.0000,-0.0000,1848.0000,1700.0000,1500.0000,1998.0000
206795.2780,2.0000,1997.0000,1351.0000,1000.0000,356.0000,79.0000,50.0000,929.0000,196.0000,-3726.0000,-0.2784,-0.2180,0.2201,0.9091,145.9700,-23.8300,-97.9200,-14.7200,12.0900,1.2700,0.0000,0.0000,-0.0000,1848.0000,1700.0000,1500.0000,1998.0000
206811.8170,2.0000,1997.0000,1351.0000,1000.0000,353.0000,73.0000,46.0000,953.0000,243.0000,-4279.0000,-0.2754,-0.2404,0.2650,0.8923,145.6900,-23.5900,-97.9300,-14.5800,12.1900,1.7200,0.0000,0.0000,-0.0000,1848.0000,1700.0000,1500.0000,1998.0000
206828.5490,2.0000,1997.0000,1351.0000,1000.0000,347.0000,62.0000,43.0000,969.0000,150.0000,-4495.0000,-0.2712,-0.2615,0.3087,0.8734,145.3900,-23.3400,-97.9300,-14.5000,12.3300,2.1700,0.0000,0.0000,-0.0000,1848.0000,1700.0000,1500.0000,1998.0000
206845.2680,2.0000,1997.0000,1351.0000,1000.0000,337.0000,42.0000,37.0000,969.0000,10.0000,-4542.0000,-0.2649,-0.2793,0.3516,0.8534,145.0900,-23.0800,-97.9200,-14.3900,12.4800,2.6000,0.0000,0.0000,-0.0000,1848.0000,1700.0000,1500.0000,1998.0000
206861.9320,2.0000,1997.0000,1351.0000,1000.0000,327.0000,30.0000,31.0000,1038.0000,117.0000,-4151.0000,-0.2569,-0.2942,0.3923,0.8328,145.0900,-23.0800,-97.9200,-14.3900,12.4800,2.6000,0.0000,0.0000,-0.0000,1848.0000,1700.0000,1500.0000,1998.0000
206878.4460,2.0000,1997.0000,1351.0000,1000.0000,320.0000,11.0000,24.0000,991.0000,371.0000,-3915.0000,-0.2473,-0.3068,0.4311,0.8117,144.8100,-22.8400,-97.9100,-14.2700,12.6400,3.0000,0.0000,0.0000,-0.0000,1848.0000,1700.0000,1500.0000,1998.0000
206895.6890,2.0000,1997.0000,1351.0000,1000.0000,321.0000,0.0000,19.0000,1129.0000,145.0000,-2800.0000,-0.2353,-0.3178,0.4702,0.7891,144.5400,-22.5900,-97.8900,-14.1600,12.7900,3.3200,0.0000,0.0000,-0.0000,1848.0000,1700.0000,1500.0000,1998.0000
206912.4220,2.0000,1997.0000,1351.0000,1000.0000,325.0000,2.0000,12.0000,947.0000,303.0000,-2692.0000,-0.2214,-0.3271,0.5081,0.7654,144.2700,-22.3500,-97.8700,-14.1600,12.8900,3.5600,0.0000,0.0000,-0.0000,1848.0000,1700.0000,1500.0000,1998.0000
206929.2630,2.0000,1997.0000,1351.0000,1000.0000,331.0000,9.0000,10.0000,817.0000,263.0000,-2503.0000,-0.2069,-0.3371,0.5448,0.7394,143.9600,-22.0800,-97.8400,-14.2400,12.9800,3.7900,0.0000,0.0000,-0.0000,1848.0000,1700.0000,1500.0000,1998.0000
206945.9690,2.0000,1997.0000,1351.0000,1000.0000,334.0000,22.0000,7.0000,1033.0000,403.0000,-2067.0000,-0.1923,-0.3476,0.5801,0.7111,143.6600,-21.8200,-97.8100,-14.3200,13.0400,3.9800,0.0000,0.0000,-0.0000,1848.0000,1700.0000,1500.0000,1998.0000
206963.0390,2.0000,1997.0000,1351.0000,1000.0000,339.0000,34.0000,6.0000,1031.0000,349.0000,-2164.0000,-0.1778,-0.3595,0.6145,0.6794,143.6600,-21.8200,-97.8100,-14.3200,13.0400,3.9800,0.0000,0.0000,-0.0000,1848.0000,1700.0000,1500.0000,1998.0000
206979.7330,2.0000,1997.0000,1351.0000,1000.0000,349.0000,45.0000,3.0000,867.0000,208.0000,-2709.0000,-0.1633,-0.3712,0.6471,0.6457,143.3700,-21.5700,-97.7700,-14.4200,13.0900,4.1700,0.0000,0.0000,-0.0000,1848.0000,1700.0000,1500.0000,1998.0000
206996.3100,2.0000,1997.0000,1351.0000,1000.0000,349.0000,50.0000,0.0000,757.0000,374.0000,-3538.0000,-0.1490,-0.3832,0.6780,0.6093,143.0900,-21.3300,-97.7200,-14.4700,13.1500,4.3100,0.0000,0.0000,-0.0000,1848.0000,1700.0000,1500.0000,1998.0000
207013.2450,2.0000,1997.0000,1351.0000,1000.0000,348.0000,53.0000,-1.0000,766.0000,533.0000,-3931.0000,-0.1342,-0.3950,0.7072,0.5709,142.8000,-21.0800,-97.6800,-14.4300,13.2700,4.3800,0.0000,0.0000,-0.0000,1848.0000,1700.0000,1500.0000,1998.0000
207030.0760,2.0000,1997.0000,1351.0000,1000.0000,350.0000,37.0000,-1.0000,828.0000,299.0000,-4057.0000,-0.1184,-0.4053,0.7346,0.5310,142.4800,-20.8000,-97.6300,-14.3000,13.4300,4.3500,0.0000,0.0000,-0.0000,1848.0000,1700.0000,1500.0000,1998.0000
207046.9230,2.0000,1997.0000,1351.0000,1000.0000,359.0000,42.0000,1.0000,810.0000,-27.0000,-3970.0000,-0.1013,-0.4141,0.7606,0.4896,142.1800,-20.5400,-97.5800,-14.1900,13.5500,4.3200,0.0000,0.0000,-0.0000,1848.0000,1700.0000,1500.0000,1998.0000
207063.8350,2.0000,1997.0000,1351.0000,1000.0000,363.0000,25.0000,3.0000,546.0000,101.0000,-4531.0000,-0.0829,-0.4210,0.7852,0.4465,142.1800,-20.5400,-97.5800,-14.1900,13.5500,4.3200,0.0000,0.0000,-0.0000,1848.0000,1700.0000,1500.0000,1998.0000
207080.5270,2.0000,1997.0000,1351.0000,1000.0000,365.0000,15.0000,7.0000,506.0000,-250.0000,-4479.0000,-0.0633,-0.4259,0.8077,0.4027,141.9000,-20.2800,-97.5400,-14.0600,13.6600,4.2300,0.0000,0.0000,-0.0000,1848.0000,1700.0000,1500.0000,1998.0000
207097.6710,2.0000,1997.0000,1351.0000,1000.0000,368.0000,5.0000,11.0000,670.0000,-368.0000,-4154.0000,-0.0417,-0.4284,0.8289,0.3573,141.6100,-20.0200,-97.5000,-13.9300,13.7700,4.1100,0.0000,0.0000,-0.0000,1848.0000,1700.0000,1500.0000,1998.0000
207114.6080,3.0000,1606.0000,1480.0000,1406.0000,372.0000,3.0000,17.0000,780.0000,-120.0000,-3930.0000,-0.0191,-0.4285,0.8481,0.3111,141.3000,-19.7300,-97.4600,-13.8000,13.9200,4.0000,0.0000,0.0000,-0.0000,1500.0000,1500.0000,1500.0000,1465.0000
207131.2930,3.0000,1434.0000,1684.0000,1680.0000,376.0000,-3.0000,26.0000,680.0000,11.0000,-3713.0000,0.0034,-0.4264,0.8650,0.2645,141.0000,-19.4400,-97.4200,-13.7300,14.0100,3.8800,0.0000,0.0000,-0.0000,1500.0000,1500.0000,1500.0000,1465.0000
207147.9480,3.0000,1435.0000,1680.0000,1680.0000,372.0000,2.0000,35.0000,600.0000,45.0000,-3192.0000,0.0257,-0.4221,0.8798,0.2169,140.7100,-19.1600,-97.3800,-13.7000,14.0500,3.7700,0.0000,0.0000,-0.0000,1500.0000,1498.0000,1500.0000,1466.0000
207164.5340,3.0000,1435.0000,1656.0000,1666.0000,338.0000,10.0000,43.0000,279.0000,3.0000,-2585.0000,0.0456,-0.4158,0.8921,0.1709,140.7100,-19.1600,-97.3800,-13.7000,14.0500,3.7700,0.0000,0.0000,-0.0000,1500.0000,1498.0000,1500.0000,1466.0000
207181.2640,3.0000,1435.0000,1604.0000,1638.0000,268.0000,31.0000,54.0000,94.0000,37.0000,-2416.0000,0.0599,-0.4080,0.9017,0.1300,140.4300,-18.8900,-97.3400,-13.6900,14.0100,3.7000,0.0000,0.0000,-0.0000,1500.0000,1500.0000,1500.0000,1466.0000
207198.1870,3.0000,1435.0000,1546.0000,1582.0000,165.0000,31.0000,64.0000,46.0000,99.0000,-3284.0000,0.0676,-0.3988,0.9091,0.0997,140.1600,-18.6300,-97.2900,-13.6800,13.9300,3.6600,0.0000,0.0000,-0.0000,1500.0000,1500.0000,1500.0000,1466.0000
207214.8020,3.0000,1433.0000,1501.0000,1517.0000,64.0000,13.0000,73.0000,-46.0000,69.0000,-4431.0000,0.0699,-0.3892,0.9146,0.0843,139.8800,-18.3600,-97.2500,-13.6600,13.8800,3.5200,0.0000,0.0000,-0.0000,1498.0000,1500.0000,1500.0000,1464.0000
207231.5170,3.0000,1435.0000,1482.0000,1470.0000,-6.0000,-12.0000,77.0000,-188.0000,99.0000,-4826.0000,0.0702,-0.3791,0.9191,0.0817,139.5900,-18.0700,-97.2100,-13.6300,13.8800,3.2500,0.0000,0.0000,-0.0000,1500.0000,1500.0000,1500.0000,1466.0000
207248.0520,3.0000,1434.0000,1486.0000,1448.0000,-36.0000,-36.0000,75.0000,-217.0000,122.0000,-4298.0000,0.0710,-0.3692,0.9225,0.0871,139.5900,-18.0700,-97.2100,-13.6300,13.8800,3.2500,0.0000,0.0000,-0.0000,1500.0000,1498.0000,1500.0000,1465.0000
207264.5510,3.0000,1434.0000,1502.0000,1448.0000,-35.0000,-49.0000,71.0000,-221.0000,285.0000,-3221.0000,0.0738,-0.3597,0.9253,0.0951,139.3100,-17.8000,-97.1700,-13.5900,13.8800,2.9700,0.0000,0.0000,-0.0000,1500.0000,1500.0000,1500.0000,1466.0000
207281.2930,3.0000,1435.0000,1514.0000,1456.0000,-28.0000,-53.0000,62.0000,-266.0000,311.0000,-1950.0000,0.0784,-0.3508,0.9275,0.1028,139.0300,-17.5300,-97.1400,-13.5500,13.8400,2.8000,0.0000,0.0000,-0.0000,1500.0000,1500.0000,1500.0000,1466.0000
207297.9880,3.0000,1434.0000,1517.0000,1461.0000,-24.0000,-53.0000,48.0000,-247.0000,480.0000,-885.0000,0.0835,-0.3433,0.9291,0.1097,138.7600,-17.2600,-97.1000,-13.5000,13.8000,2.7900,0.0000,0.0000,-0.0000,1500.0000,1498.0000,1500.0000,1465.0000
207314.9860,3.0000,1432.0000,1513.0000,1467.0000,-22.0000,-44.0000,33.0000,-245.0000,635.0000,-312.0000,0.0880,-0.3376,0.9300,0.1158,138.4600,-16.9600,-97.0600,-13.4500,13.7800,2.9500,0.0000,0.0000,-0.0000,1498.0000,1500.0000,1500.0000,1463.0000
207331.6380,3.0000,1433.0000,1510.0000,1470.0000,-21.0000,-36.0000,20.0000,-283.0000,626.0000,30.0000,0.0919,-0.3340,0.9302,0.1209,138.1800,-16.6800,-97.0100,-13.4100,13.7200,3.1800,0.0000,0.0000,-0.0000,1500.0000,1498.0000,1500.0000,1465.0000
207348.2730,3.0000,1433.0000,1505.0000,1473.0000,-20.0000,-29.0000,5.0000,-272.0000,514.0000,256.0000,0.0950,-0.3325,0.9299,0.1255,138.1800,-16.6800,-97.0100,-13.4100,13.7200,3.1800,0.0000,0.0000,-0.0000,1500.0000,1500.0000,1500.0000,1464.0000
207364.8760,3.0000,1433.0000,1503.0000,1477.0000,-17.0000,-20.0000,-9.0000,-319.0000,507.0000,187.0000,0.0975,-0.3330,0.9290,0.1288,137.9100,-16.4000,-96.9500,-13.3500,13.6600,3.4300,0.0000,0.0000,-0.0000,1500.0000,1500.0000,1500.0000,1464.0000
207381.4880,3.0000,1434.0000,1501.0000,1481.0000,-16.0000,-13.0000,-21.0000,-289.0000,504.0000,60.0000,0.0996,-0.3354,0.9276,0.1308,137.6400,-16.1400,-96.8800,-13.2800,13.5900,3.6900,0.0000,0.0000,-0.0000,1500.0000,1500.0000,1500.0000,1465.0000
207398.1330,3.0000,1434.0000,1498.0000,1484.0000,-15.0000,-7.0000,-32.0000,-323.0000,459.0000,-150.0000,0.1008,-0.3393,0.9258,0.1330,137.3700,-15.8600,-96.8000,-13.2400,13.5500,3.9200,0.0000,0.0000,-0.0000,1500.0000,1500.0000,1500.0000,1465.0000
207414.6670,3.0000,1435.0000,1500.0000,1488.0000,-9.0000,-4.0000,-40.0000,-371.0000,339.0000,-305.0000,0.1016,-0.3447,0.9235,0.1342,137.0900,-15.5700,-96.7100,-13.2400,13.5600,4.1200,0.0000,0.0000,-0.0000,1500.0000,1500.0000,1500.0000,1466.0000
207431.2460,3.0000,1433.0000,1498.0000,1490.0000,-9.0000,1.0000,-48.0000,-298.0000,244.0000,-428.0000,0.1023,-0.3511,0.9209,0.1350,137.0900,-15.5700,-96.7100,-13.2400,13.5600,4.1200,0.0000,0.0000,-0.0000,1500.0000,1498.0000,1500.0000,1464.0000
207447.7560,3.0000,1434.0000,1497.0000,1491.0000,-8.0000,3.0000,-53.0000,-231.0000,365.0000,-734.0000,0.1025,-0.3583,0.9180,0.1355,136.8200,-15.2900,-96.6100,-13.2200,13.5800,4.3000,0.0000,0.0000,-0.0000,1500.0000,1500.0000,1500.0000,1465.0000
207464.4730,3.0000,1434.0000,1496.0000,1492.0000,-7.0000,5.0000,-56.0000,-318.0000,296.0000,-1000.0000,0.1027,-0.3661,0.9149,0.1355,136.5500,-15.0200,-96.5100,-13.2100,13.5900,4.4600,0.0000,0.0000,-0.0000,1500.0000,1500.0000,1500.0000,1465.0000
207481.0800,3.0000,1433.0000,1493.0000,1493.0000,-9.0000,9.0000,-56.0000,-280.0000,117.0000,-1098.0000,0.1023,-0.3740,0.9118,0.1352,136.2800,-14.7400,-96.4000,-13.1900,13.6100,4.5800,0.0000,0.0000,-0.0000,1500.0000,1500.0000,1500.0000,1464.0000
207497.6490,3.0000,1433.0000,1494.0000,1494.0000,-7.0000,10.0000,-53.0000,-351.0000,-131.0000,-1215.0000,0.1019,-0.3818,0.9087,0.1347,136.0200,-14.4700,-96.2900,-13.1800,13.6500,4.6800,0.0000,0.0000,-0.0000,1500.0000,1500.0000,1500.0000,1464.0000
207514.4640,3.0000,1434.0000,1492.0000,1492.0000,-11.0000,11.0000,-50.0000,-320.0000,-239.0000,-1516.0000,0.1011,-0.3894,0.9057,0.1340,135.7300,-14.1700,-96.1700,-13.1800,13.7200,4.7700,0.0000,0.0000,-0.0000,1500.0000,1498.0000,1500.0000,1466.0000
207530.8950,3.0000,1434.0000,1487.0000,1489.0000,-16.0000,12.0000,-44.0000,-290.0000,-273.0000,-1810.0000,0.0998,-0.3962,0.9028,0.1339,135.7300,-14.1700,-96.1700,-13.1800,13.7200,4.7700,0.0000,0.0000,-0.0000,1500.0000,1498.0000,1500.0000,1465.0000
207547.4700,3.0000,1433.0000,1489.0000,1489.0000,-14.0000,10.0000,-37.0000,-295.0000,-353.0000,-2090.0000,0.0983,-0.4022,0.9003,0.1344,135.4600,-13.8900,-96.0600,-13.1700,13.7900,4.8200,0.0000,0.0000,-0.0000,1500.0000,1500.0000,1500.0000,1464.0000
207564.1030,3.0000,1433.0000,1493.0000,1491.0000,-9.0000,6.0000,-29.0000,-285.0000,-304.0000,-2342.0000,0.0971,-0.4070,0.8982,0.1347,135.1900,-13.6100,-95.9400,-13.1500,13.8700,4.8300,0.0000,0.0000,-0.0000,1500.0000,1500.0000,1500.0000,1465.0000
207580.7300,3.0000,1434.0000,1497.0000,1491.0000,-6.0000,3.0000,-21.0000,-389.0000,-322.0000,-2464.0000,0.0966,-0.4106,0.8966,0.1350,134.9300,-13.3300,-95.8200,-13.1300,13.9400,4.7900,0.0000,0.0000,-0.0000,1500.0000,1500.0000,1500.0000,1465.0000
207597.6030,3.0000,1435.0000,1498.0000,1488.0000,-7.0000,-1.0000,-13.0000,-398.0000,-322.0000,-2481.0000,0.0963,-0.4130,0.8954,0.1356,134.6600,-13.0400,-95.7000,-13.1300,14.0200,4.7400,0.0000,0.0000,-0.0000,1500.0000,1500.0000,1500.0000,1466.0000
207614.4110,3.0000,1434.0000,1501.0000,1487.0000,-6.0000,-6.0000,-4.0000,-315.0000,-401.0000,-2379.0000,0.0965,-0.4141,0.8947,0.1365,134.3700,-12.7300,-95.5900,-13.1600,14.1000,4.6900,0.0000,0.0000,-0.0000,1500.0000,1500.0000,1500.0000,1465.0000
207630.9070,3.0000,1435.0000,1503.0000,1485.0000,-5.0000,-10.0000,4.0000,-328.0000,-351.0000,-2307.0000,0.0972,-0.4141,0.8945,0.1377,134.3700,-12.7300,-95.5900,-13.1600,14.1000,4.6900,0.0000,0.0000,-0.0000,1500.0000,1500.0000,1500.0000,1466.0000
207647.6620,3.0000,1435.0000,1506.0000,1484.0000,-2.0000,-13.0000,11.0000,-446.0000,-383.0000,-2113.0000,0.0983,-0.4129,0.8947,0.1389,134.0900,-12.4400,-95.4800,-13.1800,14.1800,4.6500,0.0000,0.0000,-0.0000,1500.0000,1500.0000,1500.0000,1466.0000
207664.3050,3.0000,1434.0000,1508.0000,1482.0000,-3.0000,-16.0000,18.0000,-465.0000,-357.0000,-1888.0000,0.0999,-0.4108,0.8954,0.1400,133.8200,-12.1500,-95.3700,-13.1900,14.2300,4.6300,0.0000,0.0000,-0.0000,1500.0000,1500.0000,1500.0000,1465.0000
207680.9990,3.0000,1434.0000,1510.0000,1482.0000,-1.0000,-17.0000,23.0000,-335.0000,-285.0000,-1568.0000,0.1016,-0.4080,0.8963,0.1411,133.5500,-11.8600,-95.2600,-13.1900,14.2600,4.6500,0.0000,0.0000,-0.0000,1500.0000,1498.0000,1500.0000,1465.0000
207697.7300,3.0000,1434.0000,1510.0000,1482.0000,0.0000,-17.0000,28.0000,-342.0000,-176.0000,-1436.0000,0.1034,-0.4044,0.8975,0.1419,133.2800,-11.5600,-95.1400,-13.2100,14.3000,4.6900,0.0000,0.0000,-0.0000,1500.0000,1498.0000,1500.0000,1465.0000
207714.3650,3.0000,1435.0000,1510.0000,1482.0000,-1.0000,-17.0000,31.0000,-309.0000,-17.0000,-1293.0000,0.1053,-0.4004,0.8989,0.1431,133.2800,-11.5600,-95.1400,-13.2100,14.3000,4.6900,0.0000,0.0000,-0.0000,1500.0000,1500.0000,1500.0000,1466.0000
207730.8950,3.0000,1434.0000,1509.0000,1481.0000,-2.0000,-17.0000,32.0000,-318.0000,-13.0000,-1130.0000,0.1068,-0.3962,0.9004,0.1444,132.9900,-11.2500,-95.0300,-13.2500,14.3500,4.7600,0.0000,0.0000,-0.0000,1500.0000,1500.0000,1500.0000,1465.0000
207747.4000,3.0000,1434.0000,1508.0000,1480.0000,-4.0000,-16.0000,32.0000,-348.0000,-32.0000,-1025.0000,0.1083,-0.3918,0.9019,0.1460,132.7100,-10.9600,-94.9200,-13.2900,14.3800,4.8300,0.0000,0.0000,-0.0000,1500.0000,1500.0000,1500.0000,1465.0000
207764.0800,3.0000,1434.0000,1506.0000,1480.0000,-5.0000,-14.0000,32.0000,-245.0000,5.0000,-1019.0000,0.1094,-0.3876,0.9033,0.1479,132.4300,-10.6600,-94.8000,-13.3100,14.3900,4.9200,0.0000,0.0000,-0.0000,1500.0000,1500.0000,1500.0000,1465.0000
207780.7250,3.0000,1433.0000,1506.0000,1480.0000,-6.0000,-14.0000,28.0000,-381.0000,184.0000,-1063.0000,0.1104,-0.3836,0.9046,0.1497,132.1600,-10.3700,-94.6800,-13.3400,14.4000,5.0300,0.0000,0.0000,-0.0000,1500.0000,1500.0000,1500.0000,1464.0000
207797.7460,3.0000,1433.0000,1506.0000,1480.0000,-6.0000,-13.0000,24.0000,-360.0000,238.0000,-1044.0000,0.1113,-0.3802,0.9056,0.1516,131.8800,-10.0700,-94.5600,-13.3800,14.4200,5.1300,0.0000,0.0000,-0.0000,1500.0000,1498.0000,1500.0000,1464.0000
207814.4190,3.0000,1433.0000,1506.0000,1480.0000,-5.0000,-12.0000,18.0000,-246.0000,157.0000,-983.0000,0.1119,-0.3776,0.9063,0.1535,131.8800,-10.0700,-94.5600,-13.3800,14.4200,5.1300,0.0000,0.0000,-0.0000,1500.0000,1498.0000,1500.0000,1464.0000
207830.9080,3.0000,1433.0000,1505.0000,1479.0000,-8.0000,-11.0000,12.0000,-306.0000,173.0000,-932.0000,0.1128,-0.3759,0.9067,0.1547,131.5900,-9.7600,-94.4400,-13.4100,14.4500,5.2300,0.0000,0.0000,-0.0000,1500.0000,1498.0000,1500.0000,1464.0000
207847.4610,3.0000,1435.0000,1502.0000,1478.0000,-11.0000,-9.0000,6.0000,-321.0000,248.0000,-925.0000,0.1137,-0.3752,0.9066,0.1560,131.3000,-9.4600,-94.3100,-13.4400,14.4800,5.3400,0.0000,0.0000,-0.0000,1500.0000,1500.0000,1500.0000,1466.0000
207864.0570,3.0000,1434.0000,1500.0000,1480.0000,-10.0000,-6.0000,2.0000,-304.0000,275.0000,-924.0000,0.1142,-0.3752,0.9064,0.1569,131.0300,-9.1700,-94.1800,-13.4700,14.4900,5.4500,0.0000,0.0000,-0.0000,1500.0000,1500.0000,1500.0000,1465.0000
207880.5780,3.0000,1434.0000,1501.0000,1481.0000,-9.0000,-4.0000,-4.0000,-319.0000,181.0000,-925.0000,0.1147,-0.3758,0.9060,0.1576,130.7500,-8.8700,-94.0400,-13.4800,14.5000,5.5700,0.0000,0.0000,-0.0000,1500.0000,1500.0000,1500.0000,1465.0000
207897.2730,3.0000,1435.0000,1501.0000,1481.0000,-8.0000,-4.0000,-10.0000,-337.0000,226.0000,-1045.0000,0.1143,-0.3772,0.9053,0.1583,130.7500,-8.8700,-94.0400,-13.4800,14.5000,5.5700,0.0000,0.0000,-0.0000,1500.0000,1498.0000,1500.0000,1466.0000
207913.9620,3.0000,1433.0000,1498.0000,1482.0000,-10.0000,-1.0000,-14.0000,-339.0000,261.0000,-1188.0000,0.1132,-0.3792,0.9045,0.1587,130.4700,-8.5700,-93.9100,-13.4900,14.5200,5.6700,0.0000,0.0000,-0.0000,1500.0000,1500.0000,1500.0000,1464.0000
207930.6140,3.0000,1435.0000,1500.0000,1484.0000,-9.0000,0.0000,-18.0000,-341.0000,265.0000,-1407.0000,0.1121,-0.3819,0.9034,0.1595,130.1800,-8.2600,-93.7700,-13.5000,14.5300,5.7500,0.0000,0.0000,-0.0000,1497.0000,1500.0000,1500.0000,1466.0000
207947.0970,3.0000,1433.0000,1499.0000,1483.0000,-8.0000,0.0000,-22.0000,-287.0000,290.0000,-1643.0000,0.1112,-0.3849,0.9021,0.1601,129.8900,-7.9500,-93.6200,-13.5000,14.5500,5.8100,0.0000,0.0000,-0.0000,1500.0000,1500.0000,1500.0000,1464.0000
207963.6250,3.0000,1434.0000,1499.0000,1485.0000,-7.0000,2.0000,-24.0000,-313.0000,195.0000,-1811.0000,0.1112,-0.3884,0.9006,0.1603,129.6100,-7.6500,-93.4800,-13.5000,14.5700,5.8500,0.0000,0.0000,-0.0000,1500.0000,1500.0000,1500.0000,1466.0000
207980.2490,3.0000,1435.0000,1500.0000,1486.0000,-5.0000,3.0000,-24.0000,-340.0000,78.0000,-1871.0000,0.1109,-0.3921,0.8990,0.1604,129.3400,-7.3600,-93.3400,-13.4900,14.6000,5.8700,0.0000,0.0000,-0.0000,1500.0000,1500.0000,1500.0000,1466.0000
