t_ms,msp,motor,servo0,servo1,gyro_p,gyro_q,gyro_r,acc_x,acc_y,acc_z,qw,qx,qy,qz,pos_n,pos_e,pos_d,vel_n,vel_e,vel_d,tgtpos_n,tgtpos_e,tgtpos_d,rcData0,rcData1,rcData2,rcData3
149338.9020,3.0000,1434.0000,1475.0000,1511.0000,15.0000,-9.0000,4.0000,164.0000,-380.0000,2385.0000,0.0067,-0.0630,0.0779,0.9949,138.0800,-42.1000,-98.8300,-18.3400,2.7100,3.2300,0.0000,0.0000,-0.0000,1500.0000,1500.0000,1500.0000,1466.0000
149355.6530,3.0000,1434.0000,1475.0000,1509.0000,12.0000,-11.0000,7.0000,134.0000,-337.0000,2410.0000,0.0060,-0.0614,0.0799,0.9949,137.7900,-42.0500,-98.7600,-18.2800,2.6700,3.2100,0.0000,0.0000,-0.0000,1500.0000,1498.0000,1500.0000,1465.0000
149372.2980,3.0000,1434.0000,1473.0000,1507.0000,8.0000,-10.0000,9.0000,110.0000,-277.0000,2537.0000,0.0050,-0.0600,0.0811,0.9949,137.5100,-42.0000,-98.6900,-18.2200,2.6400,3.1800,0.0000,0.0000,-0.0000,1500.0000,1500.0000,1500.0000,1466.0000
149388.9070,3.0000,1434.0000,1471.0000,1505.0000,4.0000,-11.0000,11.0000,173.0000,-292.0000,2687.0000,0.0038,-0.0589,0.0815,0.9949,137.5100,-42.0000,-98.6900,-18.2200,2.6400,3.1800,0.0000,0.0000,-0.0000,1500.0000,1500.0000,1500.0000,1465.0000
149405.4980,3.0000,1434.0000,1473.0000,1503.0000,3.0000,-13.0000,11.0000,167.0000,-297.0000,2745.0000,0.0024,-0.0573,0.0816,0.9950,137.2300,-41.9600,-98.6300,-18.1600,2.6100,3.1400,0.0000,0.0000,-0.0000,1500.0000,1500.0000,1500.0000,1466.0000
149422.3280,3.0000,1434.0000,1473.0000,1503.0000,3.0000,-14.0000,11.0000,216.0000,-316.0000,2883.0000,0.0010,-0.0552,0.0813,0.9952,136.9700,-41.9200,-98.5600,-18.1000,2.5800,3.0900,0.0000,0.0000,-0.0000,1500.0000,1500.0000,1500.0000,1465.0000
149439.1120,3.0000,1434.0000,1475.0000,1505.0000,7.0000,-14.0000,9.0000,235.0000,-218.0000,2841.0000,-0.0003,-0.0531,0.0812,0.9953,136.7100,-41.8800,-98.5000,-18.0400,2.5400,3.0200,0.0000,0.0000,-0.0000,1500.0000,1500.0000,1500.0000,1465.0000
149455.8710,3.0000,1433.0000,1476.0000,1504.0000,6.0000,-15.0000,6.0000,229.0000,-151.0000,2792.0000,-0.0013,-0.0509,0.0814,0.9954,136.4600,-41.8400,-98.4400,-17.9700,2.5100,2.9600,0.0000,0.0000,-0.0000,1500.0000,1500.0000,1500.0000,1464.0000
149472.5200,3.0000,1434.0000,1475.0000,1501.0000,2.0000,-16.0000,4.0000,159.0000,-148.0000,2745.0000,-0.0017,-0.0486,0.0812,0.9955,136.2100,-41.8000,-98.3700,-17.9000,2.5000,2.9100,0.0000,0.0000,-0.0000,1500.0000,1500.0000,1500.0000,1465.0000
149489.3340,3.0000,1434.0000,1474.0000,1500.0000,1.0000,-15.0000,1.0000,178.0000,-126.0000,2743.0000,-0.0018,-0.0467,0.0806,0.9956,136.2100,-41.8000,-98.3700,-17.9000,2.5000,2.9100,0.0000,0.0000,-0.0000,1500.0000,1500.0000,1500.0000,1465.0000
149505.9820,3.0000,1435.0000,1474.0000,1498.0000,-2.0000,-16.0000,-3.0000,142.0000,-48.0000,2769.0000,-0.0015,-0.0446,0.0800,0.9958,135.9800,-41.7600,-98.3100,-17.8200,2.4800,2.8500,0.0000,0.0000,-0.0000,1500.0000,1498.0000,1500.0000,1466.0000
149522.7800,3.0000,1434.0000,1472.0000,1496.0000,-5.0000,-16.0000,-7.0000,83.0000,-15.0000,2769.0000,-0.0005,-0.0424,0.0790,0.9960,135.7500,-41.7300,-98.2600,-17.7300,2.4700,2.7900,0.0000,0.0000,-0.0000,1500.0000,1500.0000,1500.0000,1465.0000
149539.3540,3.0000,1433.0000,1473.0000,1495.0000,-5.0000,-18.0000,-13.0000,56.0000,47.0000,2691.0000,0.0012,-0.0401,0.0781,0.9961,135.5300,-41.6900,-98.2000,-17.6300,2.4700,2.7200,0.0000,0.0000,-0.0000,1500.0000,1500.0000,1500.0000,1464.0000
149556.2050,3.0000,1434.0000,1474.0000,1494.0000,-5.0000,-18.0000,-18.0000,44.0000,60.0000,2721.0000,0.0037,-0.0378,0.0773,0.9963,135.3200,-41.6600,-98.1400,-17.5300,2.4700,2.6700,0.0000,0.0000,-0.0000,1500.0000,1498.0000,1500.0000,1465.0000
149572.8900,3.0000,1434.0000,1475.0000,1497.0000,-3.0000,-15.0000,-22.0000,137.0000,-4.0000,2848.0000,0.0068,-0.0358,0.0769,0.9964,135.3200,-41.6600,-98.1400,-17.5300,2.4700,2.6700,0.0000,0.0000,-0.0000,1500.0000,1498.0000,1500.0000,1466.0000
149589.5270,3.0000,1433.0000,1480.0000,1502.0000,6.0000,-15.0000,-24.0000,129.0000,-136.0000,2940.0000,0.0103,-0.0338,0.0773,0.9964,135.0100,-41.6100,-98.0800,-17.5600,2.4600,2.6000,0.0000,0.0000,-0.0000,1500.0000,1500.0000,1500.0000,1464.0000
149606.2220,3.0000,1434.0000,1481.0000,1503.0000,8.0000,-15.0000,-26.0000,168.0000,-159.0000,3107.0000,0.0142,-0.0320,0.0788,0.9963,134.5900,-41.5400,-98.0200,-17.7400,2.4200,2.5300,0.0000,0.0000,-0.0000,1500.0000,1500.0000,1500.0000,1466.0000
149622.8760,3.0000,1435.0000,1480.0000,1504.0000,8.0000,-13.0000,-29.0000,148.0000,-189.0000,3259.0000,0.0184,-0.0303,0.0802,0.9961,134.1900,-41.4800,-97.9600,-17.9000,2.3700,2.4400,0.0000,0.0000,-0.0000,1500.0000,1498.0000,1500.0000,1466.0000
149639.6430,3.0000,1433.0000,1479.0000,1503.0000,7.0000,-11.0000,-29.0000,132.0000,-121.0000,3094.0000,0.0228,-0.0286,0.0815,0.9960,133.7800,-41.4200,-97.9000,-18.0400,2.3200,2.3400,0.0000,0.0000,-0.0000,1500.0000,1500.0000,1500.0000,1464.0000
149656.2570,3.0000,1433.0000,1477.0000,1503.0000,5.0000,-10.0000,-30.0000,141.0000,-192.0000,2986.0000,0.0271,-0.0275,0.0826,0.9958,133.3800,-41.3600,-97.8400,-18.1700,2.2700,2.2500,0.0000,0.0000,-0.0000,1500.0000,1500.0000,1500.0000,1466.0000
149672.9720,3.0000,1435.0000,1476.0000,1500.0000,3.0000,-10.0000,-31.0000,76.0000,-289.0000,3006.0000,0.0316,-0.0264,0.0833,0.9957,133.3800,-41.3600,-97.8400,-18.1700,2.2700,2.2500,0.0000,0.0000,-0.0000,1500.0000,1500.0000,1500.0000,1466.0000
149689.5240,3.0000,1434.0000,1474.0000,1500.0000,1.0000,-7.0000,-32.0000,118.0000,-190.0000,2954.0000,0.0362,-0.0255,0.0833,0.9955,132.9700,-41.3000,-97.7900,-18.3000,2.2100,2.1800,0.0000,0.0000,-0.0000,1500.0000,1500.0000,1500.0000,1465.0000
149706.0820,3.0000,1432.0000,1473.0000,1499.0000,-1.0000,-7.0000,-32.0000,130.0000,-124.0000,2948.0000,0.0407,-0.0249,0.0831,0.9954,132.5400,-41.2400,-97.7400,-18.4500,2.1400,2.1000,0.0000,0.0000,-0.0000,1500.0000,1500.0000,1500.0000,1463.0000
149722.8520,3.0000,1434.0000,1474.0000,1502.0000,2.0000,-7.0000,-33.0000,94.0000,-199.0000,2772.0000,0.0454,-0.0244,0.0829,0.9952,132.1200,-41.1800,-97.6800,-18.5900,2.0800,2.0200,0.0000,0.0000,-0.0000,1500.0000,1500.0000,1500.0000,1465.0000
149739.5200,3.0000,1433.0000,1477.0000,1507.0000,8.0000,-4.0000,-32.0000,70.0000,-188.0000,2414.0000,0.0502,-0.0242,0.0834,0.9950,131.7000,-41.1300,-97.6300,-18.7000,2.0200,1.9700,0.0000,0.0000,-0.0000,1500.0000,1500.0000,1500.0000,1464.0000
149756.1650,3.0000,1434.0000,1480.0000,1508.0000,12.0000,-5.0000,-31.0000,1.0000,-337.0000,2224.0000,0.0548,-0.0241,0.0849,0.9946,131.7000,-41.1300,-97.6300,-18.7000,2.0200,1.9700,0.0000,0.0000,-0.0000,1500.0000,1500.0000,1500.0000,1465.0000
149772.7650,3.0000,1433.0000,1480.0000,1510.0000,14.0000,-3.0000,-28.0000,3.0000,-393.0000,2183.0000,0.0591,-0.0243,0.0864,0.9942,131.3000,-41.0800,-97.5800,-18.7900,1.9600,1.9600,0.0000,0.0000,-0.0000,1500.0000,1498.0000,1500.0000,1464.0000
149789.3760,3.0000,1434.0000,1479.0000,1511.0000,13.0000,-2.0000,-24.0000,83.0000,-291.0000,2217.0000,0.0629,-0.0245,0.0883,0.9938,130.8700,-41.0300,-97.5300,-18.8900,1.8900,1.9600,0.0000,0.0000,-0.0000,1500.0000,1500.0000,1500.0000,1465.0000
149805.8790,3.0000,1434.0000,1477.0000,1507.0000,9.0000,-2.0000,-18.0000,151.0000,-393.0000,2439.0000,0.0658,-0.0247,0.0898,0.9935,130.4400,-40.9800,-97.4800,-19.0100,1.8200,1.9600,0.0000,0.0000,-0.0000,1500.0000,1498.0000,1500.0000,1466.0000
149822.5540,3.0000,1433.0000,1473.0000,1507.0000,6.0000,1.0000,-12.0000,108.0000,-518.0000,2585.0000,0.0678,-0.0249,0.0906,0.9933,130.0100,-40.9300,-97.4300,-19.1200,1.7400,1.9400,0.0000,0.0000,-0.0000,1500.0000,1500.0000,1500.0000,1464.0000
149839.0870,3.0000,1433.0000,1474.0000,1508.0000,7.0000,1.0000,-8.0000,114.0000,-281.0000,2284.0000,0.0690,-0.0254,0.0913,0.9931,129.5900,-40.8900,-97.3800,-19.2200,1.6600,1.9200,0.0000,0.0000,-0.0000,1500.0000,1500.0000,1500.0000,1465.0000
149855.7010,3.0000,1434.0000,1475.0000,1509.0000,8.0000,2.0000,-5.0000,36.0000,-293.0000,2066.0000,0.0698,-0.0259,0.0925,0.9929,129.5900,-40.8900,-97.3800,-19.2200,1.6600,1.9200,0.0000,0.0000,-0.0000,1500.0000,1500.0000,1500.0000,1465.0000
149872.5590,3.0000,1434.0000,1476.0000,1510.0000,9.0000,2.0000,-2.0000,-23.0000,-426.0000,1933.0000,0.0701,-0.0262,0.0940,0.9928,129.1800,-40.8400,-97.3300,-19.2900,1.6000,1.9200,0.0000,0.0000,-0.0000,1500.0000,1498.0000,1500.0000,1465.0000
149889.1020,3.0000,1434.0000,1476.0000,1510.0000,9.0000,1.0000,2.0000,-44.0000,-406.0000,1761.0000,0.0700,-0.0264,0.0953,0.9926,128.7400,-40.8000,-97.2800,-19.3800,1.5300,1.9400,0.0000,0.0000,-0.0000,1500.0000,1498.0000,1500.0000,1465.0000
149905.8020,3.0000,1435.0000,1478.0000,1510.0000,10.0000,0.0000,6.0000,-22.0000,-387.0000,1659.0000,0.0693,-0.0264,0.0965,0.9926,128.3000,-40.7600,-97.2300,-19.4600,1.4500,1.9800,0.0000,0.0000,-0.0000,1500.0000,1500.0000,1500.0000,1466.0000
149922.5740,3.0000,1434.0000,1481.0000,1513.0000,16.0000,0.0000,9.0000,52.0000,-310.0000,1695.0000,0.0682,-0.0262,0.0982,0.9925,127.8600,-40.7200,-97.1700,-19.5400,1.3800,2.0300,0.0000,0.0000,-0.0000,1500.0000,1498.0000,1500.0000,1465.0000
149939.2110,3.0000,1433.0000,1483.0000,1515.0000,20.0000,-1.0000,11.0000,60.0000,-369.0000,1856.0000,0.0668,-0.0259,0.1003,0.9924,127.4400,-40.6900,-97.1200,-19.6100,1.3200,2.0600,0.0000,0.0000,-0.0000,1498.0000,1500.0000,1500.0000,1464.0000
149955.8550,3.0000,1433.0000,1481.0000,1515.0000,17.0000,1.0000,13.0000,-61.0000,-312.0000,2022.0000,0.0650,-0.0256,0.1024,0.9923,127.4400,-40.6900,-97.1200,-19.6100,1.3200,2.0600,0.0000,0.0000,-0.0000,1500.0000,1500.0000,1500.0000,1464.0000
149972.5060,3.0000,1434.0000,1481.0000,1511.0000,14.0000,-2.0000,15.0000,-37.0000,-318.0000,2267.0000,0.0631,-0.0255,0.1045,0.9922,127.0200,-40.6600,-97.0700,-19.6600,1.2500,2.0800,0.0000,0.0000,-0.0000,1500.0000,1500.0000,1500.0000,1465.0000
149989.1190,3.0000,1434.0000,1476.0000,1508.0000,8.0000,0.0000,17.0000,57.0000,-387.0000,2567.0000,0.0608,-0.0253,0.1060,0.9922,126.5800,-40.6200,-97.0200,-19.7300,1.1600,2.0800,0.0000,0.0000,-0.0000,1500.0000,1500.0000,1500.0000,1465.0000
150005.7300,3.0000,1434.0000,1476.0000,1508.0000,7.0000,0.0000,18.0000,90.0000,-329.0000,2745.0000,0.0583,-0.0252,0.1070,0.9922,126.1300,-40.5900,-96.9600,-19.8100,1.0700,2.0500,0.0000,0.0000,-0.0000,1500.0000,1500.0000,1500.0000,1465.0000
150022.3250,3.0000,1434.0000,1477.0000,1507.0000,6.0000,-2.0000,18.0000,26.0000,-181.0000,2684.0000,0.0558,-0.0247,0.1080,0.9923,125.7000,-40.5600,-96.9100,-19.8800,0.9700,2.0000,0.0000,0.0000,-0.0000,1500.0000,1498.0000,1500.0000,1466.0000
150039.4120,3.0000,1433.0000,1477.0000,1507.0000,3.0000,-2.0000,16.0000,20.0000,-102.0000,2712.0000,0.0534,-0.0242,0.1087,0.9923,125.7000,-40.5600,-96.9100,-19.8800,0.9700,2.0000,0.0000,0.0000,-0.0000,1496.0000,1500.0000,1500.0000,1464.0000
150056.2890,2.0000,1000.0000,1522.0000,2000.0000,-1.0000,-3.0000,14.0000,17.0000,-65.0000,2665.0000,0.0513,-0.0238,0.1089,0.9924,125.2700,-40.5400,-96.8600,-19.9400,0.9000,1.9500,0.0000,0.0000,-0.0000,1000.0000,1022.0000,1500.0000,1002.0000
150072.9710,2.0000,1000.0000,1522.0000,2000.0000,-4.0000,-1.0000,10.0000,40.0000,143.0000,2394.0000,0.0498,-0.0236,0.1085,0.9926,124.8500,-40.5100,-96.8100,-19.9800,0.8300,1.9100,0.0000,0.0000,-0.0000,1000.0000,1022.0000,1500.0000,1002.0000
150089.6580,2.0000,1000.0000,1522.0000,2000.0000,-10.0000,-4.0000,5.0000,-87.0000,239.0000,2254.0000,0.0488,-0.0235,0.1080,0.9927,124.4100,-40.4900,-96.7600,-20.0500,0.7800,1.8700,0.0000,0.0000,-0.0000,1000.0000,1022.0000,1500.0000,1002.0000
150106.3800,2.0000,1000.0000,1522.0000,2000.0000,-36.0000,-13.0000,3.0000,-334.0000,187.0000,2081.0000,0.0485,-0.0224,0.1040,0.9931,123.9500,-40.4700,-96.7100,-20.1000,0.7500,1.8500,0.0000,0.0000,-0.0000,1000.0000,1022.0000,1500.0000,1002.0000
150123.4890,2.0000,1000.0000,1522.0000,2000.0000,-72.0000,-27.0000,3.0000,-566.0000,230.0000,1912.0000,0.0485,-0.0205,0.0962,0.9940,123.5200,-40.4500,-96.6600,-20.1200,0.7200,1.8500,0.0000,0.0000,-0.0000,1000.0000,1022.0000,1500.0000,1002.0000
150140.2310,2.0000,1000.0000,1522.0000,2000.0000,-114.0000,-47.0000,4.0000,-735.0000,204.0000,2133.0000,0.0484,-0.0163,0.0824,0.9953,123.5200,-40.4500,-96.6600,-20.1200,0.7200,1.8500,0.0000,0.0000,-0.0000,1000.0000,1022.0000,1500.0000,1002.0000
150156.9330,2.0000,1000.0000,1522.0000,2000.0000,-148.0000,-61.0000,4.0000,-798.0000,194.0000,2629.0000,0.0485,-0.0095,0.0630,0.9968,123.0800,-40.4300,-96.6100,-20.0900,0.7000,1.8600,0.0000,0.0000,-0.0000,1000.0000,1022.0000,1500.0000,1002.0000
150173.6070,2.0000,1000.0000,1522.0000,2000.0000,-164.0000,-72.0000,4.0000,-792.0000,254.0000,3335.0000,0.0487,-0.0007,0.0402,0.9980,122.6600,-40.4100,-96.5600,-20.0500,0.6900,1.8100,0.0000,0.0000,-0.0000,1000.0000,1022.0000,1500.0000,1002.0000
150190.1650,2.0000,1000.0000,1522.0000,2000.0000,-183.0000,-79.0000,5.0000,-753.0000,93.0000,4314.0000,0.0491,0.0090,0.0143,0.9987,122.2200,-40.3900,-96.5200,-20.0300,0.6700,1.6800,0.0000,0.0000,-0.0000,1000.0000,1022.0000,1500.0000,1002.0000
150206.9900,2.0000,1000.0000,1522.0000,2000.0000,-194.0000,-76.0000,3.0000,-680.0000,-41.0000,4977.0000,0.0496,0.0191,-0.0139,0.9985,121.7700,-40.3700,-96.4800,-20.0200,0.6400,1.4400,0.0000,0.0000,-0.0000,1000.0000,1022.0000,1500.0000,1002.0000
150223.8860,2.0000,1000.0000,1522.0000,2000.0000,-199.0000,-75.0000,-1.0000,-619.0000,33.0000,5304.0000,0.0505,0.0290,-0.0434,0.9974,121.3400,-40.3600,-96.4400,-20.0100,0.6300,1.1500,0.0000,0.0000,-0.0000,1000.0000,1022.0000,1500.0000,1002.0000
150240.4860,2.0000,1000.0000,1522.0000,2000.0000,-204.0000,-69.0000,-6.0000,-564.0000,213.0000,5454.0000,0.0518,0.0378,-0.0730,0.9953,121.3400,-40.3600,-96.4400,-20.0100,0.6300,1.1500,0.0000,0.0000,-0.0000,1000.0000,1022.0000,1500.0000,1002.0000
150257.2190,2.0000,1000.0000,1522.0000,2000.0000,-194.0000,-62.0000,-9.0000,-592.0000,61.0000,6231.0000,0.0540,0.0456,-0.1027,0.9922,120.9000,-40.3400,-96.4100,-19.9800,0.6700,0.8400,0.0000,0.0000,-0.0000,1000.0000,1022.0000,1500.0000,1002.0000
150274.2380,2.0000,1692.0000,1000.0000,1177.0000,-196.0000,-54.0000,-9.0000,-635.0000,-167.0000,7008.0000,0.0564,0.0525,-0.1317,0.9883,120.4800,-40.3200,-96.3800,-19.9400,0.7500,0.4800,0.0000,0.0000,-0.0000,1968.0000,1355.0000,1500.0000,1709.0000
150291.1370,2.0000,1692.0000,1000.0000,1177.0000,-185.0000,-44.0000,-9.0000,-596.0000,-266.0000,6942.0000,0.0591,0.0580,-0.1600,0.9836,120.0300,-40.3000,-96.3600,-19.9100,0.8400,0.0400,0.0000,0.0000,-0.0000,1968.0000,1355.0000,1500.0000,1709.0000
150308.1110,2.0000,1692.0000,1000.0000,1177.0000,-156.0000,-42.0000,-12.0000,-238.0000,-288.0000,6305.0000,0.0618,0.0630,-0.1852,0.9787,119.5800,-40.2800,-96.3500,-19.8700,0.9400,-0.3700,0.0000,0.0000,-0.0000,1968.0000,1355.0000,1500.0000,1709.0000
150324.9750,2.0000,1692.0000,1000.0000,1177.0000,-104.0000,-43.0000,-21.0000,212.0000,-350.0000,6042.0000,0.0650,0.0682,-0.2041,0.9744,119.1400,-40.2600,-96.3500,-19.8600,1.0500,-0.7100,0.0000,0.0000,-0.0000,1968.0000,1355.0000,1500.0000,1709.0000
150341.7840,2.0000,1692.0000,1000.0000,1177.0000,-32.0000,-44.0000,-32.0000,475.0000,-394.0000,5873.0000,0.0685,0.0746,-0.2139,0.9716,119.1400,-40.2600,-96.3500,-19.8600,1.0500,-0.7100,0.0000,0.0000,-0.0000,1968.0000,1355.0000,1500.0000,1709.0000
150358.4600,2.0000,1691.0000,1000.0000,1177.0000,47.0000,-33.0000,-40.0000,660.0000,-529.0000,6324.0000,0.0728,0.0813,-0.2129,0.9710,118.7200,-40.2400,-96.3600,-19.8700,1.1600,-1.0300,0.0000,0.0000,-0.0000,1968.0000,1355.0000,1500.0000,1708.0000
150375.2020,2.0000,1691.0000,1000.0000,1177.0000,135.0000,-7.0000,-46.0000,719.0000,-565.0000,6629.0000,0.0778,0.0864,-0.1993,0.9730,118.3100,-40.2100,-96.3700,-19.8800,1.2700,-1.3700,0.0000,0.0000,-0.0000,1968.0000,1355.0000,1500.0000,1708.0000
150391.9610,2.0000,1691.0000,1000.0000,1177.0000,215.0000,20.0000,-46.0000,661.0000,-676.0000,6306.0000,0.0826,0.0888,-0.1733,0.9774,117.8700,-40.1900,-96.3900,-19.8900,1.3900,-1.7500,0.0000,0.0000,-0.0000,1968.0000,1355.0000,1500.0000,1708.0000
150408.8140,2.0000,1691.0000,1000.0000,1177.0000,273.0000,39.0000,-45.0000,601.0000,-815.0000,5510.0000,0.0868,0.0883,-0.1369,0.9828,117.4200,-40.1600,-96.4100,-19.8800,1.4300,-2.1000,0.0000,0.0000,-0.0000,1968.0000,1355.0000,1500.0000,1708.0000
150425.6540,2.0000,1691.0000,1000.0000,1177.0000,321.0000,63.0000,-38.0000,656.0000,-678.0000,4507.0000,0.0900,0.0856,-0.0921,0.9880,116.9900,-40.1300,-96.4400,-19.8700,1.3900,-2.3700,0.0000,0.0000,-0.0000,1968.0000,1355.0000,1500.0000,1708.0000
150442.3620,2.0000,1691.0000,1000.0000,1177.0000,348.0000,76.0000,-35.0000,686.0000,-712.0000,3500.0000,0.0920,0.0803,-0.0425,0.9916,116.9900,-40.1300,-96.4400,-19.8700,1.3900,-2.3700,0.0000,0.0000,-0.0000,1968.0000,1355.0000,1500.0000,1708.0000
150459.1900,2.0000,1741.0000,1303.0000,1547.0000,383.0000,93.0000,-31.0000,454.0000,-513.0000,2523.0000,0.0925,0.0728,0.0124,0.9930,116.5700,-40.1100,-96.4700,-19.8700,1.2900,-2.5200,0.0000,0.0000,-0.0000,1568.0000,1377.0000,1500.0000,1757.0000
150476.1520,2.0000,1743.0000,1312.0000,1556.0000,397.0000,98.0000,-26.0000,231.0000,-307.0000,1589.0000,0.0914,0.0637,0.0713,0.9912,116.1300,-40.0800,-96.5000,-19.8900,1.2000,-2.5700,0.0000,0.0000,-0.0000,1568.0000,1377.0000,1500.0000,1757.0000
150492.9550,2.0000,1743.0000,1312.0000,1556.0000,395.0000,109.0000,-21.0000,252.0000,-183.0000,700.0000,0.0891,0.0538,0.1307,0.9859,115.6800,-40.0600,-96.5300,-19.9000,1.1300,-2.4900,0.0000,0.0000,-0.0000,1568.0000,1377.0000,1500.0000,1757.0000
150509.8290,2.0000,1743.0000,1312.0000,1556.0000,351.0000,97.0000,-14.0000,360.0000,-380.0000,-333.0000,0.0857,0.0429,0.1860,0.9779,115.2500,-40.0500,-96.5600,-19.9200,1.0900,-2.3200,0.0000,0.0000,-0.0000,1568.0000,1377.0000,1500.0000,1757.0000
150526.9260,2.0000,1743.0000,1312.0000,1556.0000,272.0000,78.0000,-4.0000,694.0000,-480.0000,-1234.0000,0.0818,0.0338,0.2323,0.9686,114.8300,-40.0300,-96.5800,-19.9500,1.0600,-2.0400,0.0000,0.0000,-0.0000,1568.0000,1377.0000,1500.0000,1757.0000
150543.8330,2.0000,1743.0000,1312.0000,1556.0000,211.0000,51.0000,10.0000,616.0000,-446.0000,-1715.0000,0.0774,0.0271,0.2671,0.9602,114.8300,-40.0300,-96.5800,-19.9500,1.0600,-2.0400,0.0000,0.0000,-0.0000,1568.0000,1377.0000,1500.0000,1757.0000
150560.7550,2.0000,1744.0000,1313.0000,1555.0000,167.0000,23.0000,18.0000,408.0000,-539.0000,-1851.0000,0.0727,0.0246,0.2940,0.9527,114.4200,-40.0100,-96.5900,-20.0000,1.0800,-1.7000,0.0000,0.0000,-0.0000,1568.0000,1378.0000,1500.0000,1758.0000
150577.5070,2.0000,1744.0000,1313.0000,1555.0000,133.0000,3.0000,24.0000,328.0000,-523.0000,-1649.0000,0.0681,0.0250,0.3148,0.9464,113.9800,-39.9900,-96.6000,-20.0500,1.1200,-1.3300,0.0000,0.0000,-0.0000,1568.0000,1378.0000,1500.0000,1758.0000
150594.3490,2.0000,1744.0000,1313.0000,1555.0000,105.0000,-13.0000,29.0000,753.0000,-442.0000,-892.0000,0.0635,0.0282,0.3308,0.9412,113.5400,-39.9700,-96.6100,-20.1000,1.1500,-0.9800,0.0000,0.0000,-0.0000,1568.0000,1378.0000,1500.0000,1758.0000
150611.3490,2.0000,1744.0000,1313.0000,1555.0000,91.0000,-34.0000,33.0000,697.0000,-379.0000,-158.0000,0.0593,0.0336,0.3437,0.9366,113.1100,-39.9500,-96.6000,-20.1600,1.1500,-0.7100,0.0000,0.0000,-0.0000,1568.0000,1378.0000,1500.0000,1758.0000
150628.1410,2.0000,1744.0000,1313.0000,1555.0000,76.0000,-48.0000,33.0000,692.0000,-80.0000,466.0000,0.0560,0.0416,0.3550,0.9323,112.6900,-39.9300,-96.6000,-20.1900,1.1000,-0.5000,0.0000,0.0000,-0.0000,1568.0000,1378.0000,1500.0000,1758.0000
150645.0270,2.0000,1643.0000,1252.0000,1598.0000,69.0000,-61.0000,31.0000,578.0000,-5.0000,1104.0000,0.0536,0.0510,0.3641,0.9284,112.6900,-39.9300,-96.6000,-20.1900,1.1000,-0.5000,0.0000,0.0000,-0.0000,1611.0000,1145.0000,1500.0000,1332.0000
150661.7860,2.0000,1294.0000,1036.0000,1746.0000,59.0000,-69.0000,29.0000,524.0000,-287.0000,1881.0000,0.0520,0.0616,0.3721,0.9247,112.2800,-39.9200,-96.5900,-20.2000,1.0300,-0.3600,0.0000,0.0000,-0.0000,1611.0000,1145.0000,1500.0000,1332.0000
150678.8840,2.0000,1294.0000,1036.0000,1746.0000,58.0000,-79.0000,23.0000,544.0000,132.0000,2670.0000,0.0514,0.0734,0.3791,0.9210,111.8300,-39.9000,-96.5700,-20.2300,0.8800,-0.2600,0.0000,0.0000,-0.0000,1611.0000,1145.0000,1500.0000,1332.0000
150695.9780,2.0000,1294.0000,1036.0000,1746.0000,48.0000,-95.0000,12.0000,237.0000,227.0000,3093.0000,0.0526,0.0864,0.3860,0.9169,111.3900,-39.8800,-96.5500,-20.2300,0.7000,-0.2300,0.0000,0.0000,-0.0000,1611.0000,1145.0000,1500.0000,1332.0000
150712.9820,2.0000,1294.0000,1036.0000,1746.0000,48.0000,-122.0000,-1.0000,-120.0000,223.0000,3529.0000,0.0567,0.1017,0.3919,0.9126,110.9600,-39.8700,-96.5400,-20.1800,0.5100,-0.2500,0.0000,0.0000,-0.0000,1611.0000,1145.0000,1500.0000,1332.0000
150729.7640,2.0000,1294.0000,1036.0000,1746.0000,43.0000,-147.0000,-13.0000,-199.0000,75.0000,4672.0000,0.0643,0.1197,0.3970,0.9077,110.5400,-39.8700,-96.5200,-20.0500,0.2700,-0.3100,0.0000,0.0000,-0.0000,1611.0000,1145.0000,1500.0000,1332.0000
150746.6800,2.0000,1294.0000,1036.0000,1746.0000,32.0000,-159.0000,-25.0000,-33.0000,185.0000,5907.0000,0.0747,0.1392,0.4009,0.9024,110.5400,-39.8700,-96.5200,-20.0500,0.2700,-0.3100,0.0000,0.0000,-0.0000,1611.0000,1145.0000,1500.0000,1332.0000
150763.3420,2.0000,1297.0000,1046.0000,1768.0000,18.0000,-161.0000,-35.0000,116.0000,171.0000,6913.0000,0.0870,0.1585,0.4030,0.8972,110.1500,-39.8700,-96.5100,-19.8700,-0.0400,-0.4600,0.0000,0.0000,-0.0000,1595.0000,1139.0000,1500.0000,1334.0000
150780.3100,2.0000,1297.0000,1046.0000,1768.0000,4.0000,-162.0000,-45.0000,217.0000,124.0000,7737.0000,0.1009,0.1773,0.4033,0.8920,109.7200,-39.8700,-96.5100,-19.6900,-0.4200,-0.6800,0.0000,0.0000,-0.0000,1595.0000,1139.0000,1500.0000,1334.0000
150797.0300,2.0000,1297.0000,1046.0000,1768.0000,-2.0000,-155.0000,-55.0000,231.0000,-19.0000,8377.0000,0.1158,0.1946,0.4025,0.8870,109.3000,-39.8900,-96.5100,-19.4400,-0.8700,-0.9500,0.0000,0.0000,-0.0000,1595.0000,1139.0000,1500.0000,1334.0000
150813.9210,2.0000,1297.0000,1046.0000,1768.0000,0.0000,-135.0000,-69.0000,171.0000,-47.0000,8740.0000,0.1315,0.2093,0.4017,0.8818,108.9000,-39.9100,-96.5100,-19.1400,-1.3300,-1.2500,0.0000,0.0000,-0.0000,1595.0000,1139.0000,1500.0000,1334.0000
150830.9980,2.0000,1297.0000,1046.0000,1768.0000,3.0000,-116.0000,-79.0000,163.0000,-180.0000,8904.0000,0.1479,0.2210,0.4017,0.8763,108.5100,-39.9400,-96.5300,-18.7800,-1.7800,-1.5500,0.0000,0.0000,-0.0000,1595.0000,1139.0000,1500.0000,1334.0000
150847.6670,2.0000,1297.0000,1046.0000,1768.0000,12.0000,-95.0000,-87.0000,195.0000,-278.0000,8386.0000,0.1636,0.2292,0.4031,0.8708,108.5100,-39.9400,-96.5300,-18.7800,-1.7800,-1.5500,0.0000,0.0000,-0.0000,1595.0000,1139.0000,1500.0000,1334.0000
150864.4910,2.0000,1297.0000,1048.0000,1772.0000,20.0000,-78.0000,-95.0000,135.0000,-219.0000,8055.0000,0.1791,0.2348,0.4061,0.8648,108.1400,-39.9800,-96.5500,-18.4100,-2.2100,-1.8300,0.0000,0.0000,-0.0000,1592.0000,1138.0000,1500.0000,1334.0000
150881.2500,2.0000,1297.0000,1048.0000,1772.0000,26.0000,-61.0000,-100.0000,40.0000,-303.0000,7704.0000,0.1939,0.2378,0.4107,0.8586,107.7400,-40.0300,-96.5800,-18.0500,-2.6600,-2.0700,0.0000,0.0000,-0.0000,1592.0000,1138.0000,1500.0000,1334.0000
150898.0890,2.0000,1297.0000,1048.0000,1772.0000,25.0000,-40.0000,-100.0000,9.0000,-477.0000,7218.0000,0.2077,0.2382,0.4163,0.8525,107.3600,-40.0900,-96.6100,-17.7100,-3.0600,-2.2600,0.0000,0.0000,-0.0000,1592.0000,1138.0000,1500.0000,1334.0000
150914.8250,2.0000,1297.0000,1048.0000,1772.0000,38.0000,-32.0000,-98.0000,-8.0000,-569.0000,6491.0000,0.2201,0.2370,0.4226,0.8466,106.9900,-40.1500,-96.6500,-17.3800,-3.4200,-2.4000,0.0000,0.0000,-0.0000,1592.0000,1138.0000,1500.0000,1334.0000
150931.7920,2.0000,1297.0000,1048.0000,1772.0000,49.0000,-22.0000,-97.0000,-62.0000,-546.0000,6037.0000,0.2315,0.2353,0.4310,0.8398,106.6400,-40.2200,-96.6900,-17.1000,-3.7100,-2.4700,0.0000,0.0000,-0.0000,1592.0000,1138.0000,1500.0000,1334.0000
150948.5330,2.0000,1297.0000,1048.0000,1772.0000,49.0000,-17.0000,-93.0000,-100.0000,-576.0000,5546.0000,0.2418,0.2328,0.4399,0.8330,106.6400,-40.2200,-96.6900,-17.1000,-3.7100,-2.4700,0.0000,0.0000,-0.0000,1592.0000,1138.0000,1500.0000,1334.0000
150965.4530,2.0000,1287.0000,1050.0000,1334.0000,52.0000,-13.0000,-85.0000,-100.0000,-760.0000,4892.0000,0.2512,0.2301,0.4487,0.8262,106.3000,-40.2900,-96.7300,-16.8400,-3.9600,-2.5100,0.0000,0.0000,-0.0000,1809.0000,1357.0000,1500.0000,1325.0000
150982.4170,2.0000,1287.0000,1050.0000,1334.0000,52.0000,-11.0000,-73.0000,-133.0000,-838.0000,4316.0000,0.2592,0.2278,0.4574,0.8196,105.9400,-40.3700,-96.7700,-16.6000,-4.2800,-2.4900,0.0000,0.0000,-0.0000,1809.0000,1357.0000,1500.0000,1325.0000
150999.1900,2.0000,1287.0000,1050.0000,1334.0000,58.0000,-10.0000,-65.0000,-208.0000,-803.0000,3818.0000,0.2655,0.2260,0.4657,0.8134,105.5900,-40.4600,-96.8200,-16.3900,-4.5600,-2.4200,0.0000,0.0000,-0.0000,1809.0000,1357.0000,1500.0000,1325.0000
151015.9800,2.0000,1287.0000,1050.0000,1334.0000,81.0000,-6.0000,-57.0000,-230.0000,-823.0000,3545.0000,0.2701,0.2248,0.4757,0.8064,105.2500,-40.5500,-96.8600,-16.2100,-4.7900,-2.3200,0.0000,0.0000,-0.0000,1809.0000,1357.0000,1500.0000,1325.0000
151032.9690,2.0000,1287.0000,1050.0000,1334.0000,121.0000,2.0000,-49.0000,-240.0000,-874.0000,3250.0000,0.2725,0.2248,0.4896,0.7972,104.9200,-40.6500,-96.9000,-16.0500,-4.9800,-2.1900,0.0000,0.0000,-0.0000,1809.0000,1357.0000,1500.0000,1325.0000
151049.6470,2.0000,1385.0000,1117.0000,1397.0000,155.0000,7.0000,-42.0000,-256.0000,-804.0000,2817.0000,0.2721,0.2260,0.5077,0.7856,104.9200,-40.6500,-96.9000,-16.0500,-4.9800,-2.1900,0.0000,0.0000,-0.0000,1520.0000,1365.0000,1500.0000,1744.0000
151066.7340,2.0000,1729.0000,1348.0000,1616.0000,196.0000,6.0000,-34.0000,-301.0000,-747.0000,2247.0000,0.2692,0.2289,0.5301,0.7708,104.6000,-40.7400,-96.9300,-15.9100,-5.1400,-2.0300,0.0000,0.0000,-0.0000,1520.0000,1365.0000,1500.0000,1744.0000
151083.8560,2.0000,1729.0000,1348.0000,1616.0000,217.0000,3.0000,-27.0000,-224.0000,-732.0000,1961.0000,0.2642,0.2337,0.5554,0.7531,104.2600,-40.8500,-96.9600,-15.7500,-5.3500,-1.8400,0.0000,0.0000,-0.0000,1520.0000,1365.0000,1500.0000,1744.0000
151100.6000,2.0000,1729.0000,1348.0000,1616.0000,203.0000,-5.0000,-17.0000,167.0000,-562.0000,2103.0000,0.2582,0.2393,0.5797,0.7348,103.9300,-40.9600,-96.9900,-15.6200,-5.5500,-1.6300,0.0000,0.0000,-0.0000,1520.0000,1365.0000,1500.0000,1744.0000
151117.6640,2.0000,1729.0000,1348.0000,1616.0000,159.0000,-16.0000,-5.0000,508.0000,-525.0000,2181.0000,0.2527,0.2453,0.5997,0.7186,103.6100,-41.0700,-97.0200,-15.5100,-5.7600,-1.4300,0.0000,0.0000,-0.0000,1520.0000,1365.0000,1500.0000,1744.0000
151134.6310,2.0000,1729.0000,1348.0000,1616.0000,121.0000,-29.0000,6.0000,693.0000,-607.0000,2204.0000,0.2490,0.2525,0.6134,0.7057,103.2900,-41.1900,-97.0400,-15.4300,-5.9800,-1.2100,0.0000,0.0000,-0.0000,1520.0000,1365.0000,1500.0000,1744.0000
151151.3590,2.0000,1729.0000,1348.0000,1616.0000,96.0000,-46.0000,19.0000,741.0000,-569.0000,2329.0000,0.2465,0.2607,0.6228,0.6952,103.2900,-41.1900,-97.0400,-15.4300,-5.9800,-1.2100,0.0000,0.0000,-0.0000,1520.0000,1365.0000,1500.0000,1744.0000
151168.2350,2.0000,1997.0000,1066.0000,1878.0000,82.0000,-60.0000,24.0000,779.0000,-569.0000,2389.0000,0.2450,0.2706,0.6291,0.6863,102.9800,-41.3100,-97.0500,-15.3400,-6.2200,-0.9800,0.0000,0.0000,-0.0000,1530.0000,1093.0000,1500.0000,1998.0000
151185.2500,2.0000,1997.0000,1065.0000,1879.0000,60.0000,-72.0000,27.0000,800.0000,-351.0000,2467.0000,0.2449,0.2815,0.6332,0.6781,102.6500,-41.4400,-97.0600,-15.2500,-6.5300,-0.7400,0.0000,0.0000,-0.0000,1530.0000,1093.0000,1500.0000,1998.0000
151202.2740,2.0000,1997.0000,1065.0000,1879.0000,44.0000,-97.0000,28.0000,1047.0000,-407.0000,2235.0000,0.2468,0.2935,0.6346,0.6710,102.3300,-41.5800,-97.0600,-15.1500,-6.8300,-0.5100,0.0000,0.0000,-0.0000,1530.0000,1093.0000,1500.0000,1998.0000
151219.2200,2.0000,1997.0000,1065.0000,1879.0000,29.0000,-135.0000,20.0000,1206.0000,-375.0000,2421.0000,0.2529,0.3078,0.6330,0.6638,102.0100,-41.7300,-97.0600,-15.0800,-7.1300,-0.2600,0.0000,0.0000,-0.0000,1530.0000,1093.0000,1500.0000,1998.0000
151236.3430,2.0000,1997.0000,1065.0000,1879.0000,12.0000,-167.0000,12.0000,1548.0000,-342.0000,3425.0000,0.2639,0.3244,0.6288,0.6556,101.7100,-41.8700,-97.0400,-14.9700,-7.4600,-0.0100,0.0000,0.0000,-0.0000,1530.0000,1093.0000,1500.0000,1998.0000
151253.3000,2.0000,1997.0000,1010.0000,1844.0000,-5.0000,-192.0000,2.0000,1617.0000,-311.0000,4549.0000,0.2791,0.3420,0.6219,0.6468,101.7100,-41.8700,-97.0400,-14.9700,-7.4600,-0.0100,0.0000,0.0000,-0.0000,1576.0000,1082.0000,1500.0000,1998.0000
151269.9400,2.0000,1997.0000,1008.0000,1844.0000,-20.0000,-213.0000,-7.0000,1552.0000,-252.0000,5784.0000,0.2975,0.3595,0.6127,0.6379,101.4200,-42.0200,-97.0200,-14.7700,-7.8400,0.2300,0.0000,0.0000,-0.0000,1576.0000,1082.0000,1500.0000,1998.0000
151286.9500,2.0000,1997.0000,1008.0000,1844.0000,-24.0000,-221.0000,-16.0000,1666.0000,-439.0000,7267.0000,0.3186,0.3770,0.6016,0.6280,101.0900,-42.2000,-96.9800,-14.4500,-8.3200,0.4800,0.0000,0.0000,-0.0000,1576.0000,1082.0000,1500.0000,1998.0000
151303.6000,2.0000,1997.0000,1008.0000,1844.0000,-27.0000,-220.0000,-23.0000,1742.0000,-372.0000,8321.0000,0.3397,0.3929,0.5905,0.6177,100.7700,-42.3900,-96.9400,-13.9800,-8.8300,0.7400,0.0000,0.0000,-0.0000,1576.0000,1082.0000,1500.0000,1998.0000
151320.5770,2.0000,1997.0000,1008.0000,1844.0000,-22.0000,-207.0000,-28.0000,1783.0000,-176.0000,9051.0000,0.3611,0.4078,0.5793,0.6064,100.4800,-42.5800,-96.9000,-13.3900,-9.3200,1.0000,0.0000,0.0000,-0.0000,1576.0000,1082.0000,1500.0000,1998.0000
151337.4860,2.0000,1997.0000,1008.0000,1844.0000,-13.0000,-198.0000,-37.0000,1978.0000,-317.0000,9674.0000,0.3814,0.4215,0.5692,0.5940,100.2200,-42.7700,-96.8400,-12.7400,-9.7500,1.2300,0.0000,0.0000,-0.0000,1576.0000,1082.0000,1500.0000,1998.0000
151354.2090,2.0000,1997.0000,1019.0000,1855.0000,-17.0000,-180.0000,-44.0000,1887.0000,-222.0000,9742.0000,0.4006,0.4329,0.5602,0.5816,100.2200,-42.7700,-96.8400,-12.7400,-9.7500,1.2300,0.0000,0.0000,-0.0000,1565.0000,1081.0000,1500.0000,1998.0000
151371.2190,2.0000,1997.0000,1018.0000,1856.0000,-21.0000,-161.0000,-51.0000,1792.0000,-286.0000,9738.0000,0.4193,0.4416,0.5521,0.5696,99.9800,-42.9600,-96.7900,-12.0600,-10.1300,1.4600,0.0000,0.0000,-0.0000,1565.0000,1081.0000,1500.0000,1998.0000
151388.3340,2.0000,1997.0000,1018.0000,1856.0000,-26.0000,-131.0000,-50.0000,1822.0000,-349.0000,9460.0000,0.4359,0.4471,0.5450,0.5595,99.7100,-43.1800,-96.7300,-11.3800,-10.5300,1.6700,0.0000,0.0000,-0.0000,1565.0000,1081.0000,1500.0000,1998.0000
151405.3200,2.0000,1997.0000,1018.0000,1856.0000,-29.0000,-109.0000,-51.0000,1706.0000,-555.0000,8845.0000,0.4504,0.4498,0.5390,0.5516,99.4600,-43.4100,-96.6600,-10.7400,-10.8500,1.8900,0.0000,0.0000,-0.0000,1565.0000,1081.0000,1500.0000,1998.0000
151422.7100,2.0000,1997.0000,1018.0000,1856.0000,-24.0000,-77.0000,-55.0000,1438.0000,-270.0000,8029.0000,0.4633,0.4507,0.5347,0.5443,99.2300,-43.6300,-96.6000,-10.1900,-11.0800,2.1100,0.0000,0.0000,-0.0000,1565.0000,1081.0000,1500.0000,1998.0000
151439.4970,2.0000,1997.0000,1018.0000,1856.0000,-10.0000,-53.0000,-59.0000,1123.0000,-124.0000,7014.0000,0.4732,0.4494,0.5334,0.5382,99.0300,-43.8500,-96.5300,-9.7400,-11.2300,2.2900,0.0000,0.0000,-0.0000,1565.0000,1081.0000,1500.0000,1998.0000
151456.5250,2.0000,1997.0000,1047.0000,1885.0000,-1.0000,-31.0000,-65.0000,931.0000,-75.0000,5749.0000,0.4813,0.4469,0.5345,0.5319,99.0300,-43.8500,-96.5300,-9.7400,-11.2300,2.2900,0.0000,0.0000,-0.0000,1535.0000,1081.0000,1500.0000,1998.0000
151473.4050,2.0000,1997.0000,1048.0000,1886.0000,12.0000,-24.0000,-71.0000,1308.0000,-80.0000,4653.0000,0.4878,0.4434,0.5379,0.5255,98.8300,-44.0700,-96.4600,-9.4200,-11.3000,2.4600,0.0000,0.0000,-0.0000,1535.0000,1081.0000,1500.0000,1998.0000
151490.1990,2.0000,1997.0000,1048.0000,1886.0000,23.0000,-35.0000,-76.0000,1061.0000,45.0000,3606.0000,0.4940,0.4407,0.5423,0.5174,98.6000,-44.3200,-96.3900,-9.0800,-11.5800,2.6400,0.0000,0.0000,-0.0000,1535.0000,1081.0000,1500.0000,1998.0000
151507.1860,2.0000,1997.0000,1048.0000,1886.0000,28.0000,-58.0000,-79.0000,880.0000,-104.0000,2955.0000,0.5015,0.4395,0.5463,0.5069,98.3900,-44.5700,-96.3100,-8.8800,-11.8000,2.8100,0.0000,0.0000,-0.0000,1535.0000,1081.0000,1500.0000,1998.0000
151524.0060,2.0000,1997.0000,1048.0000,1886.0000,25.0000,-84.0000,-82.0000,1123.0000,-316.0000,3096.0000,0.5112,0.4396,0.5484,0.4946,98.1900,-44.8100,-96.2400,-8.7500,-11.9600,3.0200,0.0000,0.0000,-0.0000,1535.0000,1081.0000,1500.0000,1998.0000
151541.0860,2.0000,1997.0000,1048.0000,1886.0000,21.0000,-109.0000,-84.0000,1287.0000,-508.0000,3672.0000,0.5235,0.4414,0.5483,0.4802,98.0100,-45.0500,-96.1600,-8.6000,-12.1200,3.2700,0.0000,0.0000,-0.0000,1535.0000,1081.0000,1500.0000,1998.0000
151557.5620,2.0000,1997.0000,1048.0000,1886.0000,20.0000,-140.0000,-84.0000,1213.0000,-511.0000,4336.0000,0.5374,0.4445,0.5457,0.4645,98.0100,-45.0500,-96.1600,-8.6000,-12.1200,3.2700,0.0000,0.0000,-0.0000,1535.0000,1081.0000,1500.0000,1998.0000
151574.3040,2.0000,1996.0000,1227.0000,2000.0000,22.0000,-162.0000,-81.0000,1494.0000,-698.0000,5234.0000,0.5532,0.4493,0.5407,0.4469,97.8200,-45.2900,-96.0700,-8.3600,-12.2800,3.5500,0.0000,0.0000,-0.0000,1347.0000,1075.0000,1500.0000,1997.0000
151591.3060,2.0000,1996.0000,1227.0000,2000.0000,12.0000,-179.0000,-73.0000,1868.0000,-782.0000,6475.0000,0.5703,0.4551,0.5333,0.4282,97.6300,-45.5600,-95.9800,-7.9100,-12.5500,3.8500,0.0000,0.0000,-0.0000,1347.0000,1075.0000,1500.0000,1997.0000
151608.1110,2.0000,1996.0000,1227.0000,2000.0000,-11.0000,-183.0000,-62.0000,1755.0000,-741.0000,7723.0000,0.5880,0.4604,0.5230,0.4108,97.4500,-45.8300,-95.8700,-7.3500,-12.8000,4.1800,0.0000,0.0000,-0.0000,1347.0000,1075.0000,1500.0000,1997.0000
151625.1660,2.0000,1996.0000,1227.0000,2000.0000,-30.0000,-176.0000,-50.0000,1961.0000,-807.0000,8605.0000,0.6061,0.4644,0.5102,0.3957,97.2900,-46.1000,-95.7600,-6.6800,-12.9700,4.4900,0.0000,0.0000,-0.0000,1347.0000,1075.0000,1500.0000,1997.0000
151641.8650,2.0000,1996.0000,1227.0000,2000.0000,-41.0000,-174.0000,-37.0000,1969.0000,-1075.0000,9376.0000,0.6237,0.4678,0.4956,0.3828,97.1500,-46.3600,-95.6400,-5.9500,-13.0600,4.8100,0.0000,0.0000,-0.0000,1347.0000,1075.0000,1500.0000,1997.0000
151658.4640,2.0000,1996.0000,1022.0000,1860.0000,-47.0000,-168.0000,-25.0000,1893.0000,-1015.0000,9743.0000,0.6403,0.4706,0.4798,0.3719,97.1500,-46.3600,-95.6400,-5.9500,-13.0600,4.8100,0.0000,0.0000,-0.0000,1562.0000,1081.0000,1500.0000,1998.0000
151675.3620,2.0000,1997.0000,1021.0000,1859.0000,-54.0000,-164.0000,-16.0000,1625.0000,-929.0000,9915.0000,0.6562,0.4730,0.4630,0.3624,97.0300,-46.6200,-95.5200,-5.1700,-13.0900,5.1000,0.0000,0.0000,-0.0000,1562.0000,1081.0000,1500.0000,1998.0000
151692.4300,2.0000,1997.0000,1021.0000,1859.0000,-50.0000,-155.0000,-10.0000,1664.0000,-878.0000,9941.0000,0.6711,0.4751,0.4456,0.3540,96.9100,-46.9100,-95.3900,-4.3800,-13.1300,5.3300,0.0000,0.0000,-0.0000,1562.0000,1081.0000,1500.0000,1998.0000
151709.1300,2.0000,1997.0000,1021.0000,1859.0000,-34.0000,-140.0000,-8.0000,1777.0000,-862.0000,9874.0000,0.6835,0.4776,0.4300,0.3462,96.8100,-47.1900,-95.2600,-3.6300,-13.1100,5.5200,0.0000,0.0000,-0.0000,1562.0000,1081.0000,1500.0000,1998.0000
151726.1520,2.0000,1997.0000,1021.0000,1859.0000,-17.0000,-133.0000,-11.0000,1487.0000,-738.0000,9799.0000,0.6941,0.4811,0.4157,0.3375,96.7200,-47.4600,-95.1200,-2.9400,-13.0400,5.6700,0.0000,0.0000,-0.0000,1562.0000,1081.0000,1500.0000,1998.0000
151742.7240,2.0000,1997.0000,1021.0000,1859.0000,-23.0000,-114.0000,-10.0000,1223.0000,-595.0000,9687.0000,0.7032,0.4845,0.4032,0.3290,96.6500,-47.7300,-94.9800,-2.3200,-12.9200,5.7800,0.0000,0.0000,-0.0000,1562.0000,1081.0000,1500.0000,1998.0000
151759.4920,2.0000,1997.0000,1012.0000,1846.0000,-27.0000,-97.0000,-10.0000,1216.0000,-641.0000,9198.0000,0.7114,0.4859,0.3922,0.3226,96.6500,-47.7300,-94.9800,-2.3200,-12.9200,5.7800,0.0000,0.0000,-0.0000,1574.0000,1083.0000,1500.0000,1998.0000
151776.2250,2.0000,1997.0000,1011.0000,1845.0000,-32.0000,-84.0000,-9.0000,1188.0000,-354.0000,8581.0000,0.7191,0.4863,0.3821,0.3170,96.5900,-47.9900,-94.8400,-1.7600,-12.7600,5.8500,0.0000,0.0000,-0.0000,1574.0000,1083.0000,1500.0000,1998.0000
151792.9880,2.0000,1997.0000,1011.0000,1845.0000,-29.0000,-74.0000,-10.0000,1249.0000,-398.0000,8398.0000,0.7259,0.4859,0.3732,0.3126,96.5300,-48.2800,-94.7000,-1.2600,-12.6300,5.9100,0.0000,0.0000,-0.0000,1574.0000,1083.0000,1500.0000,1998.0000
151809.6610,2.0000,1997.0000,1011.0000,1845.0000,-20.0000,-56.0000,-11.0000,1106.0000,-317.0000,7896.0000,0.7313,0.4854,0.3664,0.3089,96.4800,-48.5600,-94.5600,-0.8400,-12.5000,5.9600,0.0000,0.0000,-0.0000,1574.0000,1083.0000,1500.0000,1998.0000
151826.6730,2.0000,1997.0000,1011.0000,1845.0000,-5.0000,-50.0000,-12.0000,1204.0000,-245.0000,7173.0000,0.7354,0.4852,0.3615,0.3052,96.4400,-48.8200,-94.4200,-0.5000,-12.3900,5.9900,0.0000,0.0000,-0.0000,1574.0000,1083.0000,1500.0000,1998.0000
151843.4950,2.0000,1997.0000,1011.0000,1845.0000,5.0000,-45.0000,-17.0000,1172.0000,-173.0000,6430.0000,0.7383,0.4860,0.3580,0.3009,96.4000,-49.0700,-94.2800,-0.2800,-12.3100,6.0300,0.0000,0.0000,-0.0000,1574.0000,1083.0000,1500.0000,1998.0000
151859.9970,2.0000,1997.0000,1011.0000,1845.0000,7.0000,-45.0000,-22.0000,1116.0000,-206.0000,5640.0000,0.7410,0.4875,0.3549,0.2956,96.4000,-49.0700,-94.2800,-0.2800,-12.3100,6.0300,0.0000,0.0000,-0.0000,1574.0000,1083.0000,1500.0000,1998.0000
151876.5690,2.0000,1997.0000,1016.0000,1778.0000,3.0000,-60.0000,-25.0000,895.0000,-219.0000,5002.0000,0.7441,0.4889,0.3516,0.2893,96.3600,-49.3300,-94.1400,-0.0800,-12.2700,6.1000,0.0000,0.0000,-0.0000,1606.0000,1119.0000,1500.0000,1998.0000
151893.4410,2.0000,1997.0000,1015.0000,1777.0000,2.0000,-80.0000,-33.0000,1007.0000,-269.0000,4702.0000,0.7486,0.4906,0.3462,0.2812,96.3300,-49.6100,-93.9900,0.2000,-12.2200,6.1800,0.0000,0.0000,-0.0000,1606.0000,1119.0000,1500.0000,1998.0000
151910.3590,2.0000,1997.0000,1015.0000,1777.0000,6.0000,-111.0000,-43.0000,602.0000,-397.0000,4698.0000,0.7548,0.4927,0.3385,0.2702,96.3000,-49.8800,-93.8500,0.4500,-12.1800,6.2900,0.0000,0.0000,-0.0000,1606.0000,1119.0000,1500.0000,1998.0000
151927.5390,2.0000,1997.0000,1015.0000,1777.0000,19.0000,-137.0000,-54.0000,783.0000,-325.0000,5212.0000,0.7617,0.4966,0.3287,0.2551,96.2700,-50.1400,-93.7000,0.6500,-12.0800,6.4000,0.0000,0.0000,-0.0000,1606.0000,1119.0000,1500.0000,1998.0000
151944.4920,2.0000,1997.0000,1015.0000,1777.0000,25.0000,-160.0000,-63.0000,1101.0000,-362.0000,6161.0000,0.7692,0.5017,0.3171,0.2367,96.2500,-50.3900,-93.5600,0.9100,-11.9400,6.5000,0.0000,0.0000,-0.0000,1606.0000,1119.0000,1500.0000,1998.0000
151961.2540,2.0000,1994.0000,1289.0000,2000.0000,32.0000,-175.0000,-66.0000,1244.0000,-382.0000,7254.0000,0.7767,0.5075,0.3042,0.2160,96.2500,-50.3900,-93.5600,0.9100,-11.9400,6.5000,0.0000,0.0000,-0.0000,1277.0000,1070.0000,1500.0000,1995.0000
151978.1750,2.0000,1994.0000,1292.0000,2000.0000,35.0000,-185.0000,-68.0000,1194.0000,-409.0000,8365.0000,0.7842,0.5140,0.2893,0.1929,96.2400,-50.6300,-93.4100,1.2900,-11.7100,6.5700,0.0000,0.0000,-0.0000,1277.0000,1070.0000,1500.0000,1995.0000
151994.8150,2.0000,1994.0000,1292.0000,2000.0000,19.0000,-187.0000,-66.0000,1514.0000,-736.0000,9552.0000,0.7913,0.5192,0.2743,0.1706,96.2500,-50.8900,-93.2600,1.8800,-11.3300,6.6200,0.0000,0.0000,-0.0000,1277.0000,1070.0000,1500.0000,1995.0000
152011.7380,2.0000,1994.0000,1292.0000,2000.0000,-18.0000,-181.0000,-57.0000,1759.0000,-912.0000,10633.0000,0.7999,0.5209,0.2578,0.1499,96.2600,-51.1400,-93.1000,2.5000,-10.8400,6.6500,0.0000,0.0000,-0.0000,1277.0000,1070.0000,1500.0000,1995.0000
152028.7000,2.0000,1994.0000,1292.0000,2000.0000,-45.0000,-163.0000,-47.0000,1791.0000,-901.0000,11223.0000,0.8098,0.5183,0.2410,0.1323,96.2900,-51.3600,-92.9500,3.1100,-10.2500,6.6400,0.0000,0.0000,-0.0000,1277.0000,1070.0000,1500.0000,1995.0000
152045.3020,2.0000,1994.0000,1292.0000,2000.0000,-56.0000,-152.0000,-38.0000,1831.0000,-937.0000,11274.0000,0.8195,0.5136,0.2251,0.1179,96.3300,-51.5700,-92.8000,3.6800,-9.6300,6.5900,0.0000,0.0000,-0.0000,1277.0000,1070.0000,1500.0000,1995.0000
152062.2730,2.0000,1996.0000,1125.0000,1963.0000,-68.0000,-139.0000,-28.0000,1667.0000,-1023.0000,11389.0000,0.8292,0.5076,0.2089,0.1053,96.3300,-51.5700,-92.8000,3.6800,-9.6300,6.5900,0.0000,0.0000,-0.0000,1455.0000,1081.0000,1500.0000,1998.0000
152079.2240,2.0000,1997.0000,1125.0000,1963.0000,-72.0000,-123.0000,-18.0000,1679.0000,-890.0000,11121.0000,0.8386,0.5002,0.1938,0.0954,96.3800,-51.7700,-92.6500,4.2000,-8.9900,6.5000,0.0000,0.0000,-0.0000,1455.0000,1081.0000,1500.0000,1998.0000
152096.2340,2.0000,1997.0000,1125.0000,1963.0000,-68.0000,-122.0000,-14.0000,1384.0000,-608.0000,10649.0000,0.8472,0.4925,0.1791,0.0872,96.4500,-51.9700,-92.4900,4.7600,-8.3400,6.3800,0.0000,0.0000,-0.0000,1455.0000,1081.0000,1500.0000,1998.0000
152113.0910,2.0000,1997.0000,1125.0000,1963.0000,-62.0000,-119.0000,-9.0000,1257.0000,-711.0000,10473.0000,0.8550,0.4853,0.1647,0.0797,96.5300,-52.1600,-92.3400,5.2000,-7.7700,6.2000,0.0000,0.0000,-0.0000,1455.0000,1081.0000,1500.0000,1998.0000
152130.1960,2.0000,1997.0000,1125.0000,1963.0000,-59.0000,-109.0000,-6.0000,1293.0000,-744.0000,10158.0000,0.8621,0.4785,0.1503,0.0725,96.6200,-52.3300,-92.1900,5.5500,-7.2400,6.0000,0.0000,0.0000,-0.0000,1455.0000,1081.0000,1500.0000,1998.0000
152147.1700,2.0000,1997.0000,1113.0000,1951.0000,-52.0000,-116.0000,-5.0000,1520.0000,-908.0000,10077.0000,0.8685,0.4722,0.1359,0.0657,96.7000,-52.4900,-92.0600,5.8400,-6.7600,5.8100,0.0000,0.0000,-0.0000,1472.0000,1081.0000,1500.0000,1998.0000
152164.2300,2.0000,1997.0000,1108.0000,1946.0000,-49.0000,-119.0000,-5.0000,1614.0000,-888.0000,9956.0000,0.8743,0.4664,0.1209,0.0585,96.7000,-52.4900,-92.0600,5.8400,-6.7600,5.8100,0.0000,0.0000,-0.0000,1472.0000,1081.0000,1500.0000,1998.0000
152180.9790,2.0000,1997.0000,1108.0000,1946.0000,-52.0000,-121.0000,-6.0000,1311.0000,-590.0000,9802.0000,0.8799,0.4605,0.1054,0.0506,96.8000,-52.6400,-91.9200,6.1800,-6.2500,5.6100,0.0000,0.0000,-0.0000,1472.0000,1081.0000,1500.0000,1998.0000
152197.8430,2.0000,1997.0000,1108.0000,1946.0000,-51.0000,-121.0000,-6.0000,1223.0000,-509.0000,9844.0000,0.8852,0.4543,0.0902,0.0430,96.9200,-52.7900,-91.7800,6.6300,-5.6700,5.3800,0.0000,0.0000,-0.0000,1472.0000,1081.0000,1500.0000,1998.0000
152214.9400,2.0000,1997.0000,1108.0000,1946.0000,-54.0000,-121.0000,-8.0000,1352.0000,-575.0000,10043.0000,0.8902,0.4481,0.0743,0.0348,97.0400,-52.9300,-91.6500,6.9800,-5.1200,5.1000,0.0000,0.0000,-0.0000,1472.0000,1081.0000,1500.0000,1998.0000
152231.9070,2.0000,1997.0000,1108.0000,1946.0000,-60.0000,-125.0000,-10.0000,1319.0000,-466.0000,9950.0000,0.8952,0.4411,0.0584,0.0264,97.1700,-53.0500,-91.5300,7.2900,-4.5800,4.8000,0.0000,0.0000,-0.0000,1472.0000,1081.0000,1500.0000,1998.0000
152248.6240,2.0000,1997.0000,1080.0000,1918.0000,-63.0000,-130.0000,-13.0000,1229.0000,-449.0000,10033.0000,0.9001,0.4332,0.0428,0.0180,97.2900,-53.1600,-91.4200,7.5400,-4.0900,4.4700,0.0000,0.0000,-0.0000,1504.0000,1081.0000,1500.0000,1998.0000
152265.6100,2.0000,1997.0000,1079.0000,1917.0000,-64.0000,-130.0000,-16.0000,1328.0000,-469.0000,10112.0000,0.9049,0.4248,0.0264,0.0087,97.2900,-53.1600,-91.4200,7.5400,-4.0900,4.4700,0.0000,0.0000,-0.0000,1504.0000,1081.0000,1500.0000,1998.0000
152282.1480,2.0000,1997.0000,1079.0000,1917.0000,-59.0000,-134.0000,-17.0000,1546.0000,-684.0000,10484.0000,0.9089,0.4169,0.0103,-0.0009,97.4300,-53.2600,-91.3000,7.8000,-3.5800,4.1200,0.0000,0.0000,-0.0000,1504.0000,1081.0000,1500.0000,1998.0000
152299.1270,2.0000,1997.0000,1079.0000,1917.0000,-60.0000,-129.0000,-20.0000,1555.0000,-661.0000,10672.0000,0.9126,0.4087,-0.0060,-0.0110,97.6000,-53.3500,-91.2000,8.2000,-2.9700,3.7400,0.0000,0.0000,-0.0000,1504.0000,1081.0000,1500.0000,1998.0000
152315.8070,2.0000,1997.0000,1079.0000,1917.0000,-55.0000,-127.0000,-24.0000,1648.0000,-591.0000,10805.0000,0.9157,0.4008,-0.0214,-0.0209,97.7600,-53.4400,-91.0900,8.5400,-2.3900,3.3300,0.0000,0.0000,-0.0000,1504.0000,1081.0000,1500.0000,1998.0000
152332.8370,2.0000,1997.0000,1079.0000,1917.0000,-54.0000,-121.0000,-26.0000,1629.0000,-596.0000,10894.0000,0.9183,0.3928,-0.0366,-0.0316,97.9300,-53.5100,-91.0000,8.8100,-1.8500,2.8900,0.0000,0.0000,-0.0000,1504.0000,1081.0000,1500.0000,1998.0000
152349.6130,2.0000,1997.0000,1079.0000,1917.0000,-47.0000,-119.0000,-29.0000,1617.0000,-466.0000,10517.0000,0.9203,0.3856,-0.0505,-0.0418,98.0900,-53.5700,-90.9200,9.0100,-1.3700,2.4400,0.0000,0.0000,-0.0000,1504.0000,1081.0000,1500.0000,1998.0000
152366.3030,2.0000,1997.0000,1124.0000,1956.0000,-43.0000,-116.0000,-34.0000,1505.0000,-493.0000,10559.0000,0.9216,0.3792,-0.0642,-0.0525,98.0900,-53.5700,-90.9200,9.0100,-1.3700,2.4400,0.0000,0.0000,-0.0000,1459.0000,1084.0000,1500.0000,1998.0000
152383.1760,2.0000,1997.0000,1124.0000,1956.0000,-44.0000,-109.0000,-35.0000,1376.0000,-650.0000,10407.0000,0.9225,0.3728,-0.0770,-0.0635,98.2700,-53.6200,-90.8400,9.2000,-0.8700,1.9700,0.0000,0.0000,-0.0000,1459.0000,1084.0000,1500.0000,1998.0000
152400.1410,2.0000,1997.0000,1124.0000,1956.0000,-45.0000,-97.0000,-35.0000,1303.0000,-627.0000,9964.0000,0.9233,0.3663,-0.0886,-0.0740,98.4700,-53.6700,-90.7700,9.3700,-0.3100,1.5100,0.0000,0.0000,-0.0000,1459.0000,1084.0000,1500.0000,1998.0000
152417.1170,2.0000,1997.0000,1124.0000,1956.0000,-46.0000,-90.0000,-37.0000,1280.0000,-771.0000,9777.0000,0.9240,0.3597,-0.0986,-0.0840,98.6700,-53.7000,-90.7100,9.4900,0.1700,1.0700,0.0000,0.0000,-0.0000,1459.0000,1084.0000,1500.0000,1998.0000
152433.8250,2.0000,1997.0000,1124.0000,1956.0000,-46.0000,-84.0000,-37.0000,1082.0000,-799.0000,9273.0000,0.9246,0.3531,-0.1077,-0.0939,98.8600,-53.7300,-90.6600,9.5700,0.6100,0.6500,0.0000,0.0000,-0.0000,1459.0000,1084.0000,1500.0000,1998.0000
152450.6990,2.0000,1997.0000,1124.0000,1956.0000,-44.0000,-84.0000,-36.0000,1052.0000,-818.0000,8876.0000,0.9252,0.3462,-0.1163,-0.1034,99.0500,-53.7400,-90.6100,9.6100,0.9700,0.2700,0.0000,0.0000,-0.0000,1459.0000,1084.0000,1500.0000,1998.0000
152467.6950,2.0000,1995.0000,1336.0000,2000.0000,-41.0000,-79.0000,-33.0000,1125.0000,-737.0000,8283.0000,0.9254,0.3398,-0.1245,-0.1124,99.0500,-53.7400,-90.6100,9.6100,0.9700,0.2700,0.0000,0.0000,-0.0000,1266.0000,1104.0000,1500.0000,1996.0000
152484.4740,2.0000,1995.0000,1337.0000,2000.0000,-41.0000,-92.0000,-29.0000,1201.0000,-802.0000,8024.0000,0.9252,0.3335,-0.1342,-0.1216,99.2400,-53.7500,-90.5800,9.6600,1.3500,-0.0500,0.0000,0.0000,-0.0000,1266.0000,1104.0000,1500.0000,1996.0000
152501.3210,2.0000,1995.0000,1337.0000,2000.0000,-54.0000,-94.0000,-18.0000,1138.0000,-813.0000,8199.0000,0.9252,0.3260,-0.1446,-0.1298,99.4600,-53.7500,-90.5400,9.7500,1.8100,-0.3500,0.0000,0.0000,-0.0000,1266.0000,1104.0000,1500.0000,1996.0000
152517.9870,2.0000,1995.0000,1337.0000,2000.0000,-74.0000,-101.0000,-6.0000,1164.0000,-925.0000,8431.0000,0.9260,0.3156,-0.1556,-0.1367,99.6800,-53.7400,-90.5100,9.7900,2.2300,-0.6600,0.0000,0.0000,-0.0000,1266.0000,1104.0000,1500.0000,1996.0000
152535.0320,2.0000,1995.0000,1337.0000,2000.0000,-84.0000,-113.0000,4.0000,1288.0000,-974.0000,8545.0000,0.9271,0.3024,-0.1687,-0.1434,99.8900,-53.7200,-90.4800,9.8000,2.6200,-0.9800,0.0000,0.0000,-0.0000,1266.0000,1104.0000,1500.0000,1996.0000
152551.6240,2.0000,1996.0000,1170.0000,1992.0000,-84.0000,-121.0000,12.0000,1386.0000,-953.0000,8842.0000,0.9279,0.2885,-0.1831,-0.1491,99.8900,-53.7200,-90.4800,9.8000,2.6200,-0.9800,0.0000,0.0000,-0.0000,1484.0000,1081.0000,1500.0000,1998.0000
152568.5750,2.0000,1997.0000,1096.0000,1934.0000,-85.0000,-120.0000,18.0000,1504.0000,-761.0000,8886.0000,0.9285,0.2739,-0.1980,-0.1539,100.0900,-53.7000,-90.4700,9.7800,2.9700,-1.3400,0.0000,0.0000,-0.0000,1484.0000,1081.0000,1500.0000,1998.0000
152585.3350,2.0000,1997.0000,1096.0000,1934.0000,-84.0000,-128.0000,24.0000,1307.0000,-526.0000,8745.0000,0.9285,0.2590,-0.2138,-0.1584,100.3000,-53.6600,-90.4500,9.6600,3.3800,-1.7400,0.0000,0.0000,-0.0000,1484.0000,1081.0000,1500.0000,1998.0000
152602.3700,2.0000,1997.0000,1096.0000,1934.0000,-75.0000,-133.0000,23.0000,1436.0000,-568.0000,8888.0000,0.9279,0.2440,-0.2305,-0.1622,100.5200,-53.6100,-90.4500,9.4600,3.7800,-2.1600,0.0000,0.0000,-0.0000,1484.0000,1081.0000,1500.0000,1998.0000
152619.5010,2.0000,1997.0000,1096.0000,1934.0000,-65.0000,-139.0000,20.0000,1527.0000,-515.0000,9168.0000,0.9261,0.2305,-0.2482,-0.1661,100.7200,-53.5600,-90.4500,9.2400,4.1300,-2.6000,0.0000,0.0000,-0.0000,1484.0000,1081.0000,1500.0000,1998.0000
152636.4710,2.0000,1997.0000,1096.0000,1934.0000,-59.0000,-138.0000,18.0000,1706.0000,-494.0000,9736.0000,0.9233,0.2178,-0.2665,-0.1703,100.9100,-53.5000,-90.4600,8.9800,4.4500,-3.0700,0.0000,0.0000,-0.0000,1484.0000,1081.0000,1500.0000,1998.0000
152653.1820,2.0000,1997.0000,1096.0000,1934.0000,-56.0000,-137.0000,14.0000,1569.0000,-499.0000,10073.0000,0.9200,0.2061,-0.2840,-0.1744,100.9100,-53.5000,-90.4600,8.9800,4.4500,-3.0700,0.0000,0.0000,-0.0000,1484.0000,1081.0000,1500.0000,1998.0000
152670.0350,2.0000,1997.0000,1081.0000,1919.0000,-56.0000,-135.0000,10.0000,1489.0000,-442.0000,10117.0000,0.9162,0.1946,-0.3011,-0.1788,101.1000,-53.4400,-90.4800,8.6700,4.7200,-3.6000,0.0000,0.0000,-0.0000,1501.0000,1081.0000,1500.0000,1998.0000
152687.0570,2.0000,1997.0000,1081.0000,1919.0000,-56.0000,-127.0000,5.0000,1659.0000,-425.0000,10113.0000,0.9120,0.1830,-0.3177,-0.1840,101.2800,-53.3600,-90.5100,8.2600,5.0400,-4.1300,0.0000,0.0000,-0.0000,1501.0000,1081.0000,1500.0000,1998.0000
152703.9990,2.0000,1997.0000,1081.0000,1919.0000,-52.0000,-120.0000,0.0000,1742.0000,-462.0000,9975.0000,0.9076,0.1724,-0.3326,-0.1894,101.4600,-53.2700,-90.5600,7.7800,5.3900,-4.6600,0.0000,0.0000,-0.0000,1501.0000,1081.0000,1500.0000,1998.0000
152721.1470,2.0000,1997.0000,1081.0000,1919.0000,-52.0000,-119.0000,-6.0000,1717.0000,-226.0000,9581.0000,0.9028,0.1623,-0.3472,-0.1952,101.6300,-53.1700,-90.6100,7.3100,5.7000,-5.1800,0.0000,0.0000,-0.0000,1501.0000,1081.0000,1500.0000,1998.0000
152738.1630,2.0000,1997.0000,1081.0000,1919.0000,-50.0000,-117.0000,-12.0000,1544.0000,-247.0000,9521.0000,0.8976,0.1523,-0.3612,-0.2018,101.7800,-53.0700,-90.6700,6.8600,5.9200,-5.6600,0.0000,0.0000,-0.0000,1501.0000,1081.0000,1500.0000,1998.0000
152755.2780,2.0000,1997.0000,1090.0000,1928.0000,-47.0000,-111.0000,-17.0000,1410.0000,-335.0000,9451.0000,0.8919,0.1431,-0.3748,-0.2088,101.9100,-52.9800,-90.7500,6.4000,6.0900,-6.1200,0.0000,0.0000,-0.0000,1489.0000,1081.0000,1500.0000,1998.0000
152771.7990,2.0000,1997.0000,1091.0000,1929.0000,-50.0000,-99.0000,-21.0000,1346.0000,-257.0000,9235.0000,0.8866,0.1349,-0.3863,-0.2159,101.9100,-52.9800,-90.7500,6.4000,6.0900,-6.1200,0.0000,0.0000,-0.0000,1489.0000,1081.0000,1500.0000,1998.0000
152788.5820,2.0000,1997.0000,1091.0000,1929.0000,-55.0000,-95.0000,-24.0000,1477.0000,-432.0000,8952.0000,0.8813,0.1264,-0.3967,-0.2235,102.0500,-52.8600,-90.8300,5.9500,6.2800,-6.5500,0.0000,0.0000,-0.0000,1489.0000,1081.0000,1500.0000,1998.0000
152805.2830,2.0000,1997.0000,1091.0000,1929.0000,-45.0000,-84.0000,-26.0000,1620.0000,-544.0000,8536.0000,0.8764,0.1185,-0.4056,-0.2311,102.2000,-52.7400,-90.9300,5.5500,6.5200,-6.9700,0.0000,0.0000,-0.0000,1489.0000,1081.0000,1500.0000,1998.0000
152822.2180,2.0000,1997.0000,1091.0000,1929.0000,-43.0000,-76.0000,-31.0000,1701.0000,-604.0000,8453.0000,0.8712,0.1119,-0.4141,-0.2387,102.3300,-52.6100,-91.0300,5.1900,6.7300,-7.3600,0.0000,0.0000,-0.0000,1489.0000,1081.0000,1500.0000,1998.0000
152838.9150,2.0000,1997.0000,1091.0000,1929.0000,-38.0000,-75.0000,-35.0000,1444.0000,-634.0000,8193.0000,0.8662,0.1062,-0.4216,-0.2464,102.4500,-52.4900,-91.1400,4.8500,6.9000,-7.7000,0.0000,0.0000,-0.0000,1489.0000,1081.0000,1500.0000,1998.0000
152855.9350,2.0000,1978.0000,1461.0000,2000.0000,-38.0000,-61.0000,-35.0000,1125.0000,-496.0000,7678.0000,0.8611,0.1014,-0.4285,-0.2543,102.5700,-52.3500,-91.2600,4.5100,7.0700,-8.0100,0.0000,0.0000,-0.0000,1101.0000,1062.0000,1500.0000,1980.0000
152872.8600,2.0000,1978.0000,1461.0000,2000.0000,-39.0000,-54.0000,-34.0000,1597.0000,-624.0000,7163.0000,0.8569,0.0965,-0.4335,-0.2618,102.5700,-52.3500,-91.2600,4.5100,7.0700,-8.0100,0.0000,0.0000,-0.0000,1101.0000,1062.0000,1500.0000,1980.0000
152889.6740,2.0000,1978.0000,1461.0000,2000.0000,-35.0000,-60.0000,-34.0000,1329.0000,-724.0000,6560.0000,0.8522,0.0920,-0.4391,-0.2692,102.7000,-52.2000,-91.3900,4.2000,7.2600,-8.2800,0.0000,0.0000,-0.0000,1101.0000,1062.0000,1500.0000,1980.0000
152906.5920,2.0000,1978.0000,1461.0000,2000.0000,-40.0000,-60.0000,-29.0000,1129.0000,-518.0000,6153.0000,0.8476,0.0874,-0.4446,-0.2761,102.8200,-52.0400,-91.5300,3.9500,7.4300,-8.5200,0.0000,0.0000,-0.0000,1101.0000,1062.0000,1500.0000,1980.0000
152923.3470,2.0000,1978.0000,1461.0000,2000.0000,-61.0000,-60.0000,-21.0000,1164.0000,-473.0000,6159.0000,0.8435,0.0803,-0.4494,-0.2830,102.9300,-51.8900,-91.6600,3.7500,7.5500,-8.6800,0.0000,0.0000,-0.0000,1101.0000,1062.0000,1500.0000,1980.0000
152940.0650,2.0000,1978.0000,1461.0000,2000.0000,-76.0000,-63.0000,-9.0000,1449.0000,-718.0000,6145.0000,0.8397,0.0705,-0.4537,-0.2899,103.0300,-51.7500,-91.8000,3.5600,7.6500,-8.8300,0.0000,0.0000,-0.0000,1101.0000,1062.0000,1500.0000,1980.0000
152956.6310,2.0000,1996.0000,1202.0000,2000.0000,-91.0000,-64.0000,1.0000,1748.0000,-787.0000,5951.0000,0.8363,0.0579,-0.4577,-0.2962,103.0300,-51.7500,-91.8000,3.5600,7.6500,-8.8300,0.0000,0.0000,-0.0000,1374.0000,1077.0000,1500.0000,1997.0000
152973.2880,2.0000,1996.0000,1202.0000,2000.0000,-105.0000,-78.0000,10.0000,1565.0000,-864.0000,5973.0000,0.8327,0.0426,-0.4620,-0.3022,103.1300,-51.6100,-91.9400,3.4000,7.7600,-9.0100,0.0000,0.0000,-0.0000,1374.0000,1077.0000,1500.0000,1997.0000
152990.0450,2.0000,1996.0000,1202.0000,2000.0000,-109.0000,-90.0000,17.0000,1089.0000,-713.0000,5613.0000,0.8281,0.0249,-0.4675,-0.3083,103.2300,-51.4500,-92.0900,3.1500,7.8400,-9.2000,0.0000,0.0000,-0.0000,1374.0000,1077.0000,1500.0000,1997.0000
153006.6340,2.0000,1996.0000,1202.0000,2000.0000,-100.0000,-98.0000,19.0000,1476.0000,-716.0000,5390.0000,0.8227,0.0069,-0.4743,-0.3133,103.3300,-51.2900,-92.2400,2.8300,7.8500,-9.3300,0.0000,0.0000,-0.0000,1374.0000,1077.0000,1500.0000,1997.0000
153023.5670,2.0000,1996.0000,1202.0000,2000.0000,-87.0000,-121.0000,19.0000,1680.0000,-571.0000,5555.0000,0.8159,-0.0106,-0.4833,-0.3173,103.4200,-51.1400,-92.4000,2.5500,7.8500,-9.4700,0.0000,0.0000,-0.0000,1374.0000,1077.0000,1500.0000,1997.0000
153040.0960,2.0000,1996.0000,1202.0000,2000.0000,-76.0000,-138.0000,20.0000,1712.0000,-641.0000,6363.0000,0.8074,-0.0273,-0.4948,-0.3201,103.5000,-50.9900,-92.5500,2.2800,7.8100,-9.6400,0.0000,0.0000,-0.0000,1374.0000,1077.0000,1500.0000,1997.0000
153057.1350,2.0000,1997.0000,1035.0000,1873.0000,-74.0000,-148.0000,20.0000,1469.0000,-649.0000,7063.0000,0.7974,-0.0444,-0.5081,-0.3224,103.5000,-50.9900,-92.5500,2.2800,7.8100,-9.6400,0.0000,0.0000,-0.0000,1549.0000,1081.0000,1500.0000,1998.0000
153073.7140,2.0000,1997.0000,1034.0000,1872.0000,-76.0000,-152.0000,18.0000,1458.0000,-466.0000,7579.0000,0.7865,-0.0613,-0.5218,-0.3245,103.5800,-50.8300,-92.7200,1.8700,7.7000,-9.8400,0.0000,0.0000,-0.0000,1549.0000,1081.0000,1500.0000,1998.0000
153090.3270,2.0000,1997.0000,1034.0000,1872.0000,-69.0000,-151.0000,19.0000,1824.0000,-339.0000,8076.0000,0.7752,-0.0780,-0.5354,-0.3262,103.6500,-50.6700,-92.8900,1.3700,7.5100,-10.0600,0.0000,0.0000,-0.0000,1549.0000,1081.0000,1500.0000,1998.0000
153107.4170,2.0000,1997.0000,1034.0000,1872.0000,-48.0000,-150.0000,14.0000,1957.0000,-405.0000,8798.0000,0.7632,-0.0933,-0.5495,-0.3269,103.7100,-50.5200,-93.0800,0.8700,7.2700,-10.3100,0.0000,0.0000,-0.0000,1549.0000,1081.0000,1500.0000,1998.0000
153124.1360,2.0000,1997.0000,1034.0000,1872.0000,-44.0000,-143.0000,9.0000,1906.0000,-450.0000,9177.0000,0.7511,-0.1062,-0.5636,-0.3271,103.7500,-50.3900,-93.2600,0.3500,6.9800,-10.5800,0.0000,0.0000,-0.0000,1549.0000,1081.0000,1500.0000,1998.0000
153141.0260,2.0000,1997.0000,1034.0000,1872.0000,-37.0000,-131.0000,5.0000,1714.0000,-373.0000,8825.0000,0.7392,-0.1176,-0.5767,-0.3272,103.7800,-50.2600,-93.4500,-0.1600,6.6700,-10.8100,0.0000,0.0000,-0.0000,1549.0000,1081.0000,1500.0000,1998.0000
153157.6510,2.0000,1997.0000,1101.0000,1939.0000,-34.0000,-120.0000,3.0000,1288.0000,-422.0000,8243.0000,0.7281,-0.1276,-0.5886,-0.3273,103.7800,-50.2600,-93.4500,-0.1600,6.6700,-10.8100,0.0000,0.0000,-0.0000,1478.0000,1081.0000,1500.0000,1998.0000
153174.2590,2.0000,1997.0000,1102.0000,1940.0000,-24.0000,-112.0000,-1.0000,1371.0000,-499.0000,8057.0000,0.7178,-0.1360,-0.5992,-0.3273,103.8000,-50.1300,-93.6500,-0.6900,6.3600,-10.9800,0.0000,0.0000,-0.0000,1478.0000,1081.0000,1500.0000,1998.0000
153190.9560,2.0000,1997.0000,1102.0000,1940.0000,-16.0000,-100.0000,-3.0000,1618.0000,-509.0000,7874.0000,0.7082,-0.1428,-0.6092,-0.3271,103.8100,-50.0100,-93.8600,-1.2100,6.0800,-11.1100,0.0000,0.0000,-0.0000,1478.0000,1081.0000,1500.0000,1998.0000
153207.8890,2.0000,1997.0000,1102.0000,1940.0000,-4.0000,-84.0000,-4.0000,1664.0000,-436.0000,7623.0000,0.6996,-0.1477,-0.6183,-0.3261,103.8100,-49.8900,-94.0700,-1.6800,5.8200,-11.2200,0.0000,0.0000,-0.0000,1478.0000,1081.0000,1500.0000,1998.0000
153224.7330,2.0000,1997.0000,1102.0000,1940.0000,-1.0000,-64.0000,-7.0000,1530.0000,-352.0000,7279.0000,0.6924,-0.1508,-0.6263,-0.3249,103.8000,-49.7800,-94.2800,-2.0900,5.5800,-11.3200,0.0000,0.0000,-0.0000,1478.0000,1081.0000,1500.0000,1998.0000
153241.5580,2.0000,1997.0000,1102.0000,1940.0000,7.0000,-36.0000,-5.0000,1602.0000,-223.0000,6864.0000,0.6877,-0.1519,-0.6318,-0.3237,103.7900,-49.6800,-94.5000,-2.4400,5.3600,-11.4000,0.0000,0.0000,-0.0000,1478.0000,1081.0000,1500.0000,1998.0000
153258.3920,2.0000,1975.0000,1470.0000,2000.0000,3.0000,-26.0000,-7.0000,1374.0000,-258.0000,5815.0000,0.6852,-0.1517,-0.6351,-0.3228,103.7900,-49.6800,-94.5000,-2.4400,5.3600,-11.4000,0.0000,0.0000,-0.0000,1092.0000,1062.0000,1500.0000,1977.0000
153275.3330,2.0000,1975.0000,1470.0000,2000.0000,-2.0000,-19.0000,-6.0000,1729.0000,-334.0000,5168.0000,0.6830,-0.1516,-0.6377,-0.3225,103.7700,-49.5700,-94.7200,-2.7100,5.2900,-11.4600,0.0000,0.0000,-0.0000,1092.0000,1062.0000,1500.0000,1977.0000
153292.1760,2.0000,1975.0000,1470.0000,2000.0000,-8.0000,-14.0000,-7.0000,1960.0000,-467.0000,5143.0000,0.6810,-0.1521,-0.6394,-0.3228,103.7500,-49.4400,-94.9600,-2.9300,5.3700,-11.5200,0.0000,0.0000,-0.0000,1092.0000,1062.0000,1500.0000,1977.0000
153308.7970,2.0000,1975.0000,1470.0000,2000.0000,-27.0000,-6.0000,-6.0000,1957.0000,-213.0000,4731.0000,0.6795,-0.1533,-0.6399,-0.3245,103.7200,-49.3200,-95.2000,-3.1100,5.4600,-11.5900,0.0000,0.0000,-0.0000,1092.0000,1062.0000,1500.0000,1977.0000
153325.6920,2.0000,1975.0000,1470.0000,2000.0000,-53.0000,-1.0000,-6.0000,1430.0000,-257.0000,3888.0000,0.6780,-0.1567,-0.6386,-0.3285,103.7000,-49.2100,-95.4300,-3.2200,5.5500,-11.6500,0.0000,0.0000,-0.0000,1092.0000,1062.0000,1500.0000,1977.0000
153342.4110,2.0000,1975.0000,1470.0000,2000.0000,-76.0000,-16.0000,-4.0000,1409.0000,-200.0000,3013.0000,0.6763,-0.1624,-0.6358,-0.3347,103.6800,-49.0900,-95.6700,-3.2400,5.7000,-11.6600,0.0000,0.0000,-0.0000,1092.0000,1062.0000,1500.0000,1977.0000
153359.5100,2.0000,1996.0000,1137.0000,1977.0000,-100.0000,-35.0000,-4.0000,1645.0000,-117.0000,2703.0000,0.6722,-0.1715,-0.6334,-0.3429,103.6800,-49.0900,-95.6700,-3.2400,5.7000,-11.6600,0.0000,0.0000,-0.0000,1442.0000,1080.0000,1500.0000,1998.0000
153376.4940,2.0000,1997.0000,1137.0000,1977.0000,-121.0000,-46.0000,-7.0000,1262.0000,60.0000,2486.0000,0.6657,-0.1836,-0.6314,-0.3528,103.6400,-48.9600,-95.9200,-3.3300,5.7600,-11.6800,0.0000,0.0000,-0.0000,1442.0000,1080.0000,1500.0000,1998.0000
153393.2720,2.0000,1997.0000,1137.0000,1977.0000,-132.0000,-64.0000,-10.0000,1179.0000,153.0000,2127.0000,0.6569,-0.1978,-0.6301,-0.3638,103.6100,-48.8300,-96.1800,-3.4500,5.7600,-11.7000,0.0000,0.0000,-0.0000,1442.0000,1080.0000,1500.0000,1998.0000
153410.0440,2.0000,1997.0000,1137.0000,1977.0000,-129.0000,-85.0000,-14.0000,1330.0000,-1.0000,2074.0000,0.6455,-0.2130,-0.6307,-0.3745,103.5700,-48.7100,-96.4400,-3.5300,5.7600,-11.6800,0.0000,0.0000,-0.0000,1442.0000,1080.0000,1500.0000,1998.0000
153427.0870,2.0000,1997.0000,1137.0000,1977.0000,-118.0000,-103.0000,-21.0000,1654.0000,-29.0000,2253.0000,0.6318,-0.2282,-0.6334,-0.3842,103.5300,-48.5900,-96.6900,-3.5900,5.7600,-11.6600,0.0000,0.0000,-0.0000,1442.0000,1080.0000,1500.0000,1998.0000
153444.1320,2.0000,1997.0000,1137.0000,1977.0000,-104.0000,-141.0000,-30.0000,1384.0000,-207.0000,2730.0000,0.6150,-0.2427,-0.6395,-0.3924,103.5000,-48.4800,-96.9400,-3.6700,5.7400,-11.6600,0.0000,0.0000,-0.0000,1442.0000,1080.0000,1500.0000,1998.0000
153460.9020,2.0000,1997.0000,1026.0000,1864.0000,-92.0000,-155.0000,-33.0000,865.0000,-131.0000,3186.0000,0.5961,-0.2562,-0.6481,-0.3987,103.5000,-48.4800,-96.9400,-3.6700,5.7400,-11.6600,0.0000,0.0000,-0.0000,1569.0000,1081.0000,1500.0000,1998.0000
153477.5620,2.0000,1997.0000,1014.0000,1852.0000,-87.0000,-166.0000,-35.0000,1344.0000,-266.0000,4349.0000,0.5755,-0.2695,-0.6584,-0.4034,103.4500,-48.3600,-97.2100,-3.8300,5.6100,-11.5900,0.0000,0.0000,-0.0000,1569.0000,1081.0000,1500.0000,1998.0000
153494.6610,2.0000,1997.0000,1014.0000,1852.0000,-72.0000,-173.0000,-38.0000,2059.0000,-529.0000,5699.0000,0.5537,-0.2821,-0.6695,-0.4068,103.3900,-48.2400,-97.4700,-4.0700,5.3700,-11.5100,0.0000,0.0000,-0.0000,1569.0000,1081.0000,1500.0000,1998.0000
153511.6890,2.0000,1997.0000,1014.0000,1852.0000,-50.0000,-180.0000,-43.0000,2060.0000,-636.0000,6617.0000,0.5313,-0.2930,-0.6822,-0.4080,103.3300,-48.1300,-97.7200,-4.3800,5.0200,-11.4400,0.0000,0.0000,-0.0000,1569.0000,1081.0000,1500.0000,1998.0000
153528.7700,2.0000,1997.0000,1014.0000,1852.0000,-29.0000,-181.0000,-44.0000,1916.0000,-600.0000,7094.0000,0.5089,-0.3017,-0.6960,-0.4068,103.2600,-48.0300,-97.9700,-4.7100,4.6100,-11.3400,0.0000,0.0000,-0.0000,1569.0000,1081.0000,1500.0000,1998.0000
153545.6300,2.0000,1997.0000,1014.0000,1852.0000,-17.0000,-169.0000,-44.0000,2043.0000,-586.0000,7555.0000,0.4876,-0.3086,-0.7098,-0.4040,103.1900,-47.9500,-98.2100,-5.0200,4.1600,-11.1900,0.0000,0.0000,-0.0000,1569.0000,1081.0000,1500.0000,1998.0000
153562.3900,2.0000,1997.0000,1024.0000,1862.0000,-8.0000,-159.0000,-43.0000,2011.0000,-562.0000,7721.0000,0.4676,-0.3137,-0.7229,-0.4003,103.1900,-47.9500,-98.2100,-5.0200,4.1600,-11.1900,0.0000,0.0000,-0.0000,1559.0000,1081.0000,1500.0000,1998.0000
153579.1840,2.0000,1997.0000,1024.0000,1862.0000,-9.0000,-144.0000,-39.0000,1943.0000,-753.0000,7769.0000,0.4490,-0.3180,-0.7349,-0.3965,103.1000,-47.8700,-98.4500,-5.4100,3.6600,-11.0000,0.0000,0.0000,-0.0000,1559.0000,1081.0000,1500.0000,1998.0000
153595.9210,2.0000,1997.0000,1024.0000,1862.0000,-6.0000,-121.0000,-35.0000,1674.0000,-718.0000,7304.0000,0.4329,-0.3211,-0.7451,-0.3928,103.0000,-47.7900,-98.6900,-5.8000,3.1700,-10.7700,0.0000,0.0000,-0.0000,1559.0000,1081.0000,1500.0000,1998.0000
153612.8330,2.0000,1997.0000,1024.0000,1862.0000,-4.0000,-107.0000,-31.0000,1669.0000,-693.0000,7051.0000,0.4185,-0.3235,-0.7540,-0.3896,102.8900,-47.7300,-98.9200,-6.1100,2.7700,-10.5000,0.0000,0.0000,-0.0000,1559.0000,1081.0000,1500.0000,1998.0000
153629.8680,2.0000,1997.0000,1024.0000,1862.0000,7.0000,-96.0000,-31.0000,1706.0000,-763.0000,6639.0000,0.4059,-0.3248,-0.7622,-0.3858,102.7800,-47.6800,-99.1500,-6.3800,2.4200,-10.2300,0.0000,0.0000,-0.0000,1559.0000,1081.0000,1500.0000,1998.0000
153646.7510,2.0000,1997.0000,1024.0000,1862.0000,5.0000,-67.0000,-22.0000,1904.0000,-815.0000,6005.0000,0.3965,-0.3250,-0.7687,-0.3825,102.7800,-47.6800,-99.1500,-6.3800,2.4200,-10.2300,0.0000,0.0000,-0.0000,1559.0000,1081.0000,1500.0000,1998.0000
153663.6180,2.0000,1997.0000,1157.0000,1997.0000,9.0000,-51.0000,-19.0000,1832.0000,-555.0000,5164.0000,0.3892,-0.3249,-0.7738,-0.3798,102.6800,-47.6400,-99.3700,-6.6000,2.1500,-9.9600,0.0000,0.0000,-0.0000,1422.0000,1080.0000,1500.0000,1998.0000
153680.6960,2.0000,1997.0000,1157.0000,1997.0000,10.0000,-55.0000,-19.0000,1925.0000,-467.0000,4456.0000,0.3827,-0.3245,-0.7786,-0.3768,102.5500,-47.5900,-99.6000,-6.7700,1.9400,-9.7500,0.0000,0.0000,-0.0000,1422.0000,1080.0000,1500.0000,1998.0000
153697.5340,2.0000,1997.0000,1157.0000,1997.0000,4.0000,-57.0000,-17.0000,1878.0000,-436.0000,3867.0000,0.3764,-0.3241,-0.7831,-0.3742,102.4300,-47.5400,-99.8200,-6.8700,1.8000,-9.5700,0.0000,0.0000,-0.0000,1422.0000,1080.0000,1500.0000,1998.0000
153714.4420,2.0000,1997.0000,1157.0000,1997.0000,-4.0000,-56.0000,-13.0000,1998.0000,-454.0000,3366.0000,0.3693,-0.3248,-0.7872,-0.3719,102.3100,-47.4900,-100.0500,-6.9100,1.7300,-9.4000,0.0000,0.0000,-0.0000,1422.0000,1080.0000,1500.0000,1998.0000
153731.4710,2.0000,1997.0000,1157.0000,1997.0000,-1.0000,-69.0000,-15.0000,1864.0000,-427.0000,3021.0000,0.3616,-0.3261,-0.7914,-0.3697,102.2000,-47.4500,-100.2700,-6.9300,1.7200,-9.2500,0.0000,0.0000,-0.0000,1422.0000,1080.0000,1500.0000,1998.0000
153748.1820,2.0000,1997.0000,1157.0000,1997.0000,-6.0000,-85.0000,-15.0000,1818.0000,-406.0000,2817.0000,0.3518,-0.3281,-0.7964,-0.3666,102.2000,-47.4500,-100.2700,-6.9300,1.7200,-9.2500,0.0000,0.0000,-0.0000,1422.0000,1080.0000,1500.0000,1998.0000
153764.6600,2.0000,1997.0000,1159.0000,2000.0000,-8.0000,-101.0000,-14.0000,1875.0000,-366.0000,2837.0000,0.3403,-0.3310,-0.8016,-0.3634,102.0900,-47.4100,-100.4800,-6.9100,1.7400,-9.0900,0.0000,0.0000,-0.0000,1419.0000,1079.0000,1500.0000,1998.0000
153781.7580,2.0000,1997.0000,1159.0000,2000.0000,-17.0000,-117.0000,-15.0000,1764.0000,-242.0000,2824.0000,0.3261,-0.3352,-0.8073,-0.3599,101.9700,-47.3600,-100.7000,-6.9300,1.6600,-8.9400,0.0000,0.0000,-0.0000,1419.0000,1079.0000,1500.0000,1998.0000
153798.5030,2.0000,1997.0000,1159.0000,2000.0000,-28.0000,-129.0000,-14.0000,1814.0000,-114.0000,2898.0000,0.3100,-0.3404,-0.8128,-0.3571,101.8400,-47.3100,-100.9200,-6.9400,1.5400,-8.7700,0.0000,0.0000,-0.0000,1419.0000,1079.0000,1500.0000,1998.0000
153815.2790,2.0000,1997.0000,1159.0000,2000.0000,-32.0000,-152.0000,-17.0000,1805.0000,-335.0000,3296.0000,0.2911,-0.3466,-0.8184,-0.3540,101.7200,-47.2700,-101.1300,-6.9300,1.4100,-8.5900,0.0000,0.0000,-0.0000,1419.0000,1079.0000,1500.0000,1998.0000
153832.0960,2.0000,1997.0000,1159.0000,2000.0000,-38.0000,-159.0000,-19.0000,1484.0000,-316.0000,3492.0000,0.2697,-0.3534,-0.8242,-0.3508,101.6100,-47.2300,-101.3400,-6.9300,1.2800,-8.3400,0.0000,0.0000,-0.0000,1419.0000,1079.0000,1500.0000,1998.0000
153849.1420,2.0000,1997.0000,1076.0000,1914.0000,-43.0000,-166.0000,-19.0000,1698.0000,-237.0000,3942.0000,0.2468,-0.3606,-0.8295,-0.3477,101.6100,-47.2300,-101.3400,-6.9300,1.2800,-8.3400,0.0000,0.0000,-0.0000,1508.0000,1081.0000,1500.0000,1998.0000
153865.7970,2.0000,1997.0000,1075.0000,1913.0000,-49.0000,-172.0000,-21.0000,1569.0000,-327.0000,4505.0000,0.2228,-0.3678,-0.8344,-0.3448,101.5000,-47.2000,-101.5400,-6.9000,1.1300,-8.0700,0.0000,0.0000,-0.0000,1508.0000,1081.0000,1500.0000,1998.0000
153882.5290,2.0000,1997.0000,1075.0000,1913.0000,-54.0000,-174.0000,-21.0000,1928.0000,-322.0000,4979.0000,0.1979,-0.3750,-0.8385,-0.3421,101.3700,-47.1700,-101.7400,-7.0300,0.7300,-7.7300,0.0000,0.0000,-0.0000,1508.0000,1081.0000,1500.0000,1998.0000
153899.4850,2.0000,1997.0000,1075.0000,1913.0000,-49.0000,-188.0000,-22.0000,2417.0000,-495.0000,5367.0000,0.1718,-0.3823,-0.8423,-0.3390,101.2300,-47.1600,-101.9300,-7.1700,0.2600,-7.3400,0.0000,0.0000,-0.0000,1508.0000,1081.0000,1500.0000,1998.0000
153916.1790,2.0000,1997.0000,1075.0000,1913.0000,-45.0000,-189.0000,-23.0000,2438.0000,-692.0000,5822.0000,0.1451,-0.3891,-0.8460,-0.3344,101.0900,-47.1600,-102.1100,-7.3200,-0.1900,-6.9000,0.0000,0.0000,-0.0000,1508.0000,1081.0000,1500.0000,1998.0000
153933.1310,2.0000,1997.0000,1075.0000,1913.0000,-42.0000,-187.0000,-25.0000,2362.0000,-604.0000,6046.0000,0.1180,-0.3956,-0.8492,-0.3292,100.9600,-47.1700,-102.2700,-7.4300,-0.6300,-6.4000,0.0000,0.0000,-0.0000,1508.0000,1081.0000,1500.0000,1998.0000
153949.7570,2.0000,1997.0000,1075.0000,1913.0000,-37.0000,-182.0000,-25.0000,2107.0000,-553.0000,6136.0000,0.0925,-0.4013,-0.8517,-0.3240,100.9600,-47.1700,-102.2700,-7.4300,-0.6300,-6.4000,0.0000,0.0000,-0.0000,1508.0000,1081.0000,1500.0000,1998.0000
153966.6280,2.0000,1997.0000,1094.0000,1932.0000,-37.0000,-171.0000,-25.0000,1736.0000,-425.0000,6202.0000,0.0669,-0.4063,-0.8540,-0.3181,100.8300,-47.1800,-102.4300,-7.4800,-1.0300,-5.8700,0.0000,0.0000,-0.0000,1486.0000,1081.0000,1500.0000,1998.0000
153983.6810,2.0000,1997.0000,1094.0000,1932.0000,-35.0000,-157.0000,-20.0000,2067.0000,-752.0000,6675.0000,0.0431,-0.4107,-0.8552,-0.3133,100.6700,-47.2200,-102.5800,-7.6100,-1.5700,-5.2900,0.0000,0.0000,-0.0000,1486.0000,1081.0000,1500.0000,1998.0000
154000.6490,2.0000,1997.0000,1094.0000,1932.0000,-31.0000,-140.0000,-20.0000,1680.0000,-833.0000,6411.0000,0.0212,-0.4146,-0.8560,-0.3083,100.5000,-47.2700,-102.7200,-7.7400,-2.0900,-4.6900,0.0000,0.0000,-0.0000,1486.0000,1081.0000,1500.0000,1998.0000
154017.7540,2.0000,1997.0000,1094.0000,1932.0000,-25.0000,-126.0000,-19.0000,1762.0000,-532.0000,5902.0000,0.0020,-0.4175,-0.8564,-0.3038,100.3500,-47.3200,-102.8400,-7.8200,-2.5200,-4.0800,0.0000,0.0000,-0.0000,1486.0000,1081.0000,1500.0000,1998.0000
154034.7060,2.0000,1997.0000,1094.0000,1932.0000,-21.0000,-113.0000,-19.0000,1789.0000,-325.0000,5573.0000,-0.0153,-0.4200,-0.8566,-0.2992,100.2000,-47.3800,-102.9600,-7.8500,-2.8800,-3.5200,0.0000,0.0000,-0.0000,1486.0000,1081.0000,1500.0000,1998.0000
154051.5290,2.0000,1997.0000,1094.0000,1932.0000,-13.0000,-93.0000,-15.0000,1753.0000,-231.0000,5042.0000,-0.0300,-0.4219,-0.8568,-0.2948,100.2000,-47.3800,-102.9600,-7.8500,-2.8800,-3.5200,0.0000,0.0000,-0.0000,1486.0000,1081.0000,1500.0000,1998.0000
154068.2170,2.0000,1994.0000,1301.0000,2000.0000,-10.0000,-91.0000,-16.0000,1807.0000,-229.0000,4659.0000,-0.0424,-0.4234,-0.8570,-0.2908,100.0500,-47.4400,-103.0600,-7.8600,-3.1800,-3.0200,0.0000,0.0000,-0.0000,1269.0000,1071.0000,1500.0000,1995.0000
154085.1440,2.0000,1994.0000,1301.0000,2000.0000,-13.0000,-77.0000,-11.0000,1839.0000,-346.0000,4283.0000,-0.0539,-0.4247,-0.8570,-0.2869,99.8800,-47.5300,-103.1700,-7.9400,-3.5700,-2.5400,0.0000,0.0000,-0.0000,1269.0000,1071.0000,1500.0000,1995.0000
154102.1440,2.0000,1994.0000,1301.0000,2000.0000,-29.0000,-68.0000,-9.0000,1878.0000,-350.0000,4103.0000,-0.0650,-0.4258,-0.8564,-0.2846,99.7000,-47.6100,-103.2600,-8.0200,-3.9100,-2.0900,0.0000,0.0000,-0.0000,1269.0000,1071.0000,1500.0000,1995.0000
154118.9590,2.0000,1994.0000,1301.0000,2000.0000,-42.0000,-64.0000,-7.0000,2124.0000,-252.0000,3753.0000,-0.0753,-0.4266,-0.8549,-0.2854,99.5300,-47.7100,-103.3500,-8.0900,-4.2100,-1.6600,0.0000,0.0000,-0.0000,1269.0000,1071.0000,1500.0000,1995.0000
154135.9020,2.0000,1994.0000,1301.0000,2000.0000,-50.0000,-67.0000,-7.0000,1761.0000,-208.0000,3221.0000,-0.0866,-0.4276,-0.8528,-0.2871,99.3600,-47.8000,-103.4300,-8.1600,-4.4700,-1.2800,0.0000,0.0000,-0.0000,1269.0000,1071.0000,1500.0000,1995.0000
154152.9440,2.0000,1994.0000,1271.0000,2000.0000,-60.0000,-78.0000,-7.0000,1687.0000,-165.0000,2883.0000,-0.0993,-0.4287,-0.8500,-0.2897,99.3600,-47.8000,-103.4300,-8.1600,-4.4700,-1.2800,0.0000,0.0000,-0.0000,1304.0000,1073.0000,1500.0000,1996.0000
154169.7110,2.0000,1995.0000,1268.0000,2000.0000,-70.0000,-96.0000,-10.0000,1869.0000,-70.0000,2751.0000,-0.1146,-0.4301,-0.8465,-0.2922,99.2000,-47.8900,-103.5100,-8.2000,-4.6500,-0.9500,0.0000,0.0000,-0.0000,1304.0000,1073.0000,1500.0000,1996.0000
154186.4140,2.0000,1995.0000,1268.0000,2000.0000,-77.0000,-116.0000,-13.0000,1578.0000,-204.0000,2908.0000,-0.1331,-0.4318,-0.8422,-0.2941,99.0100,-48.0100,-103.5800,-8.2600,-5.0000,-0.6400,0.0000,0.0000,-0.0000,1304.0000,1073.0000,1500.0000,1996.0000
154203.4630,2.0000,1995.0000,1268.0000,2000.0000,-81.0000,-128.0000,-12.0000,1679.0000,-303.0000,3282.0000,-0.1538,-0.4337,-0.8371,-0.2960,98.8200,-48.1300,-103.6600,-8.2900,-5.3400,-0.3100,0.0000,0.0000,-0.0000,1304.0000,1073.0000,1500.0000,1996.0000
154220.3280,2.0000,1995.0000,1268.0000,2000.0000,-83.0000,-140.0000,-17.0000,1791.0000,-70.0000,3515.0000,-0.1758,-0.4354,-0.8314,-0.2973,98.6400,-48.2600,-103.7200,-8.2800,-5.6300,0.0500,0.0000,0.0000,-0.0000,1304.0000,1073.0000,1500.0000,1996.0000
154237.1500,2.0000,1995.0000,1268.0000,2000.0000,-85.0000,-149.0000,-19.0000,2128.0000,-368.0000,4297.0000,-0.1998,-0.4371,-0.8249,-0.2977,98.4600,-48.3800,-103.7800,-8.2300,-5.9300,0.4700,0.0000,0.0000,-0.0000,1304.0000,1073.0000,1500.0000,1996.0000
154253.8200,2.0000,1997.0000,1111.0000,1949.0000,-86.0000,-167.0000,-21.0000,2105.0000,-373.0000,4760.0000,-0.2249,-0.4386,-0.8176,-0.2974,98.4600,-48.3800,-103.7800,-8.2300,-5.9300,0.4700,0.0000,0.0000,-0.0000,1469.0000,1081.0000,1500.0000,1998.0000
154270.4590,2.0000,1997.0000,1111.0000,1949.0000,-82.0000,-173.0000,-25.0000,1858.0000,-420.0000,5108.0000,-0.2509,-0.4400,-0.8097,-0.2962,98.3000,-48.5000,-103.8200,-8.1300,-6.2100,0.9500,0.0000,0.0000,-0.0000,1469.0000,1081.0000,1500.0000,1998.0000
154287.5200,2.0000,1997.0000,1111.0000,1949.0000,-68.0000,-177.0000,-30.0000,1772.0000,-362.0000,5467.0000,-0.2782,-0.4414,-0.8014,-0.2923,98.1500,-48.6200,-103.8500,-7.9600,-6.4300,1.4700,0.0000,0.0000,-0.0000,1469.0000,1081.0000,1500.0000,1998.0000
154304.5400,2.0000,1997.0000,1111.0000,1949.0000,-62.0000,-180.0000,-31.0000,2038.0000,-221.0000,6067.0000,-0.3048,-0.4424,-0.7931,-0.2870,98.0100,-48.7400,-103.8700,-7.7400,-6.6100,2.0100,0.0000,0.0000,-0.0000,1469.0000,1081.0000,1500.0000,1998.0000
154321.4060,2.0000,1997.0000,1111.0000,1949.0000,-58.0000,-185.0000,-34.0000,2091.0000,-273.0000,6546.0000,-0.3311,-0.4429,-0.7845,-0.2807,97.8800,-48.8600,-103.8700,-7.4600,-6.7900,2.5800,0.0000,0.0000,-0.0000,1469.0000,1081.0000,1500.0000,1998.0000
154338.3420,2.0000,1997.0000,1111.0000,1949.0000,-56.0000,-183.0000,-34.0000,2052.0000,-456.0000,6920.0000,-0.3575,-0.4439,-0.7749,-0.2734,97.7600,-48.9700,-103.8600,-7.1400,-6.9400,3.1900,0.0000,0.0000,-0.0000,1469.0000,1081.0000,1500.0000,1998.0000
154355.5650,2.0000,1996.0000,1239.0000,2000.0000,-54.0000,-183.0000,-34.0000,1608.0000,-438.0000,6948.0000,-0.3838,-0.4443,-0.7647,-0.2655,97.7600,-48.9700,-103.8600,-7.1400,-6.9400,3.1900,0.0000,0.0000,-0.0000,1335.0000,1075.0000,1500.0000,1997.0000
154372.5200,2.0000,1996.0000,1239.0000,2000.0000,-58.0000,-173.0000,-33.0000,2001.0000,-527.0000,7577.0000,-0.4087,-0.4440,-0.7544,-0.2583,97.6600,-49.0900,-103.8300,-6.7800,-7.0100,3.7900,0.0000,0.0000,-0.0000,1335.0000,1075.0000,1500.0000,1997.0000
154389.5310,2.0000,1996.0000,1239.0000,2000.0000,-59.0000,-168.0000,-34.0000,1928.0000,-504.0000,7823.0000,-0.4328,-0.4429,-0.7438,-0.2515,97.5600,-49.2000,-103.8000,-6.3900,-7.0500,4.3900,0.0000,0.0000,-0.0000,1335.0000,1075.0000,1500.0000,1997.0000
154406.1270,2.0000,1996.0000,1239.0000,2000.0000,-66.0000,-150.0000,-31.0000,1932.0000,-571.0000,8161.0000,-0.4551,-0.4409,-0.7335,-0.2460,97.4800,-49.3100,-103.7500,-5.9700,-7.0600,5.0000,0.0000,0.0000,-0.0000,1335.0000,1075.0000,1500.0000,1997.0000
154423.2330,2.0000,1996.0000,1239.0000,2000.0000,-67.0000,-138.0000,-27.0000,1847.0000,-585.0000,8263.0000,-0.4762,-0.4381,-0.7231,-0.2417,97.4000,-49.4100,-103.6800,-5.5100,-7.0300,5.6000,0.0000,0.0000,-0.0000,1335.0000,1075.0000,1500.0000,1997.0000
154439.8350,2.0000,1996.0000,1239.0000,2000.0000,-70.0000,-118.0000,-22.0000,1775.0000,-816.0000,8311.0000,-0.4946,-0.4353,-0.7133,-0.2391,97.3400,-49.5100,-103.6100,-5.0700,-6.9500,6.1800,0.0000,0.0000,-0.0000,1335.0000,1075.0000,1500.0000,1997.0000
154456.6700,2.0000,1977.0000,1473.0000,2000.0000,-63.0000,-91.0000,-17.0000,1722.0000,-587.0000,7682.0000,-0.5104,-0.4321,-0.7045,-0.2378,97.3400,-49.5100,-103.6100,-5.0700,-6.9500,6.1800,0.0000,0.0000,-0.0000,1097.0000,1071.0000,1500.0000,1979.0000
154473.4790,2.0000,1977.0000,1474.0000,2000.0000,-62.0000,-74.0000,-12.0000,1768.0000,-466.0000,7101.0000,-0.5234,-0.4288,-0.6968,-0.2378,97.2900,-49.6000,-103.5300,-4.6600,-6.8600,6.7000,0.0000,0.0000,-0.0000,1097.0000,1071.0000,1500.0000,1979.0000
154490.4790,2.0000,1977.0000,1474.0000,2000.0000,-64.0000,-58.0000,-10.0000,1452.0000,-383.0000,6597.0000,-0.5347,-0.4254,-0.6899,-0.2391,97.2500,-49.6800,-103.4400,-4.3300,-6.7700,7.1600,0.0000,0.0000,-0.0000,1097.0000,1071.0000,1500.0000,1979.0000
154507.4270,2.0000,1977.0000,1474.0000,2000.0000,-71.0000,-35.0000,-4.0000,1367.0000,-239.0000,6031.0000,-0.5437,-0.4210,-0.6844,-0.2423,97.2200,-49.7700,-103.3400,-4.0700,-6.6700,7.5600,0.0000,0.0000,-0.0000,1097.0000,1071.0000,1500.0000,1979.0000
154524.4360,2.0000,1977.0000,1474.0000,2000.0000,-79.0000,-5.0000,3.0000,1289.0000,-240.0000,5356.0000,-0.5508,-0.4157,-0.6798,-0.2482,97.1900,-49.8400,-103.2400,-3.8800,-6.5800,7.9000,0.0000,0.0000,-0.0000,1097.0000,1071.0000,1500.0000,1979.0000
154541.3160,2.0000,1977.0000,1474.0000,2000.0000,-81.0000,-12.0000,4.0000,1177.0000,25.0000,4140.0000,-0.5564,-0.4100,-0.6759,-0.2559,97.1700,-49.9100,-103.1400,-3.8000,-6.5000,8.1700,0.0000,0.0000,-0.0000,1097.0000,1071.0000,1500.0000,1979.0000
154558.1800,2.0000,1985.0000,1433.0000,2000.0000,-87.0000,-16.0000,4.0000,1414.0000,-72.0000,3611.0000,-0.5625,-0.4042,-0.6713,-0.2637,97.1700,-49.9100,-103.1400,-3.8000,-6.5000,8.1700,0.0000,0.0000,-0.0000,1139.0000,1072.0000,1500.0000,1987.0000
154574.9020,2.0000,1985.0000,1433.0000,2000.0000,-97.0000,-24.0000,0.0000,1364.0000,-98.0000,3312.0000,-0.5699,-0.3980,-0.6657,-0.2714,97.1500,-49.9700,-103.0300,-3.8100,-6.4500,8.4100,0.0000,0.0000,-0.0000,1139.0000,1072.0000,1500.0000,1987.0000
154592.1600,2.0000,1985.0000,1433.0000,2000.0000,-108.0000,-48.0000,-4.0000,1142.0000,-94.0000,3114.0000,-0.5796,-0.3907,-0.6584,-0.2791,97.1400,-50.0300,-102.9200,-3.8700,-6.4100,8.6500,0.0000,0.0000,-0.0000,1139.0000,1072.0000,1500.0000,1987.0000
154609.1710,2.0000,1985.0000,1433.0000,2000.0000,-125.0000,-68.0000,-8.0000,1269.0000,52.0000,3131.0000,-0.5924,-0.3828,-0.6485,-0.2863,97.1200,-50.0800,-102.8100,-3.9400,-6.3600,8.8500,0.0000,0.0000,-0.0000,1139.0000,1072.0000,1500.0000,1987.0000
154626.0530,2.0000,1985.0000,1433.0000,2000.0000,-142.0000,-79.0000,-11.0000,1045.0000,-8.0000,3428.0000,-0.6073,-0.3735,-0.6367,-0.2937,97.1000,-50.1300,-102.7000,-4.0000,-6.3200,9.0400,0.0000,0.0000,-0.0000,1139.0000,1072.0000,1500.0000,1987.0000
154642.7620,2.0000,1985.0000,1433.0000,2000.0000,-152.0000,-95.0000,-16.0000,811.0000,10.0000,3862.0000,-0.6239,-0.3631,-0.6231,-0.3011,97.0800,-50.1800,-102.5800,-4.0100,-6.2600,9.2100,0.0000,0.0000,-0.0000,1139.0000,1072.0000,1500.0000,1987.0000
154659.8070,2.0000,1997.0000,1111.0000,1947.0000,-158.0000,-110.0000,-21.0000,1008.0000,-43.0000,4644.0000,-0.6426,-0.3517,-0.6071,-0.3079,97.0800,-50.1800,-102.5800,-4.0100,-6.2600,9.2100,0.0000,0.0000,-0.0000,1470.0000,1082.0000,1500.0000,1998.0000
154676.6060,2.0000,1997.0000,1111.0000,1947.0000,-160.0000,-120.0000,-26.0000,1368.0000,-99.0000,5486.0000,-0.6618,-0.3398,-0.5900,-0.3137,97.0700,-50.2200,-102.4500,-3.9500,-6.1900,9.3600,0.0000,0.0000,-0.0000,1470.0000,1082.0000,1500.0000,1998.0000
154693.6500,2.0000,1997.0000,1111.0000,1947.0000,-147.0000,-130.0000,-31.0000,1601.0000,-246.0000,6136.0000,-0.6816,-0.3279,-0.5716,-0.3181,96.8900,-50.4700,-102.3100,-3.5500,-6.9400,9.5600,0.0000,0.0000,-0.0000,1470.0000,1082.0000,1500.0000,1998.0000
154710.5870,2.0000,1997.0000,1111.0000,1947.0000,-126.0000,-139.0000,-38.0000,1387.0000,-189.0000,6408.0000,-0.7009,-0.3173,-0.5532,-0.3195,96.7300,-50.7300,-102.1600,-3.0700,-7.6300,9.7600,0.0000,0.0000,-0.0000,1470.0000,1082.0000,1500.0000,1998.0000
154727.5330,2.0000,1997.0000,1111.0000,1947.0000,-93.0000,-154.0000,-46.0000,1308.0000,-220.0000,6922.0000,-0.7196,-0.3094,-0.5347,-0.3171,96.5800,-50.9800,-102.0000,-2.5800,-8.2100,9.9100,0.0000,0.0000,-0.0000,1470.0000,1082.0000,1500.0000,1998.0000
154744.3440,2.0000,1997.0000,1111.0000,1947.0000,-69.0000,-163.0000,-50.0000,1425.0000,-545.0000,7915.0000,-0.7378,-0.3044,-0.5160,-0.3109,96.4600,-51.2400,-101.8400,-2.0500,-8.6700,10.0100,0.0000,0.0000,-0.0000,1470.0000,1082.0000,1500.0000,1998.0000
154761.4830,2.0000,1987.0000,2000.0000,1649.0000,-53.0000,-164.0000,-50.0000,1582.0000,-835.0000,9023.0000,-0.7552,-0.3015,-0.4972,-0.3025,96.4600,-51.2400,-101.8400,-2.0500,-8.6700,10.0100,0.0000,0.0000,-0.0000,1090.0000,1762.0000,1500.0000,1989.0000
154778.5490,2.0000,1987.0000,2000.0000,1649.0000,-38.0000,-158.0000,-47.0000,1496.0000,-578.0000,9477.0000,-0.7709,-0.2998,-0.4793,-0.2932,96.3500,-51.4900,-101.6700,-1.4400,-9.0300,10.0800,0.0000,0.0000,-0.0000,1090.0000,1762.0000,1500.0000,1989.0000
154795.2320,2.0000,1987.0000,2000.0000,1649.0000,-30.0000,-151.0000,-43.0000,1486.0000,-644.0000,10303.0000,-0.7850,-0.2991,-0.4623,-0.2840,96.2600,-51.7700,-101.4800,-0.6900,-9.3000,10.0800,0.0000,0.0000,-0.0000,1090.0000,1762.0000,1500.0000,1989.0000
154812.0680,2.0000,1987.0000,2000.0000,1649.0000,-30.0000,-121.0000,-38.0000,1514.0000,-790.0000,10928.0000,-0.7969,-0.2982,-0.4472,-0.2757,96.1800,-52.0400,-101.3100,0.0300,-9.4800,10.0100,0.0000,0.0000,-0.0000,1090.0000,1762.0000,1500.0000,1989.0000
154828.7210,2.0000,1987.0000,2000.0000,1649.0000,-44.0000,-92.0000,-32.0000,1807.0000,-977.0000,11200.0000,-0.8065,-0.2958,-0.4351,-0.2698,96.1200,-52.3000,-101.1300,0.7800,-9.6000,9.8900,0.0000,0.0000,-0.0000,1090.0000,1762.0000,1500.0000,1989.0000
154845.2900,2.0000,1991.0000,2000.0000,1397.0000,-84.0000,-52.0000,-24.0000,2063.0000,-938.0000,11077.0000,-0.8148,-0.2895,-0.4253,-0.2674,96.0800,-52.5600,-100.9500,1.5100,-9.6800,9.7500,0.0000,0.0000,-0.0000,1192.0000,1924.0000,1500.0000,1993.0000
154861.8380,2.0000,1992.0000,2000.0000,1385.0000,-137.0000,2.0000,-17.0000,1983.0000,-814.0000,10891.0000,-0.8216,-0.2761,-0.4188,-0.2708,96.0800,-52.5600,-100.9500,1.5100,-9.6800,9.7500,0.0000,0.0000,-0.0000,1192.0000,1924.0000,1500.0000,1993.0000
154878.6430,2.0000,1992.0000,2000.0000,1385.0000,-182.0000,62.0000,-15.0000,1377.0000,-464.0000,10061.0000,-0.8265,-0.2541,-0.4169,-0.2802,96.0500,-52.8100,-100.7800,2.1700,-9.7700,9.5900,0.0000,0.0000,-0.0000,1192.0000,1924.0000,1500.0000,1993.0000
154895.4400,2.0000,1992.0000,2000.0000,1385.0000,-206.0000,126.0000,-15.0000,1020.0000,-384.0000,8549.0000,-0.8282,-0.2254,-0.4207,-0.2938,96.0300,-53.0900,-100.6000,2.8300,-9.8800,9.3900,0.0000,0.0000,-0.0000,1192.0000,1924.0000,1500.0000,1993.0000
154912.1830,2.0000,1992.0000,2000.0000,1385.0000,-214.0000,211.0000,-12.0000,1274.0000,-413.0000,5992.0000,-0.8247,-0.1916,-0.4322,-0.3105,96.0200,-53.3600,-100.4300,3.2600,-10.0500,9.2300,0.0000,0.0000,-0.0000,1192.0000,1924.0000,1500.0000,1993.0000
154929.2990,2.0000,1992.0000,2000.0000,1385.0000,-218.0000,269.0000,-9.0000,931.0000,-371.0000,1784.0000,-0.8149,-0.1529,-0.4514,-0.3298,95.9900,-53.6500,-100.2600,3.3500,-10.3400,9.2100,0.0000,0.0000,-0.0000,1192.0000,1924.0000,1500.0000,1993.0000
154946.0970,2.0000,1996.0000,1144.0000,1936.0000,-221.0000,318.0000,-9.0000,986.0000,-188.0000,-2845.0000,-0.7996,-0.1117,-0.4756,-0.3492,95.9400,-53.9500,-100.1000,2.8800,-10.6700,9.4300,0.0000,0.0000,-0.0000,1460.0000,1099.0000,1500.0000,1998.0000
154962.9750,2.0000,1997.0000,1138.0000,1940.0000,-216.0000,325.0000,-12.0000,1008.0000,404.0000,-7724.0000,-0.7794,-0.0682,-0.5024,-0.3680,95.9400,-53.9500,-100.1000,2.8800,-10.6700,9.4300,0.0000,0.0000,-0.0000,1460.0000,1099.0000,1500.0000,1998.0000
154979.7460,2.0000,1997.0000,1138.0000,1940.0000,-231.0000,280.0000,-17.0000,1171.0000,573.0000,-11735.0000,-0.7589,-0.0256,-0.5249,-0.3846,95.8600,-54.2400,-99.9500,2.0200,-10.8600,9.6200,0.0000,0.0000,-0.0000,1460.0000,1099.0000,1500.0000,1998.0000
154996.7740,2.0000,1997.0000,1138.0000,1940.0000,-256.0000,173.0000,-22.0000,1332.0000,499.0000,-14080.0000,-0.7422,0.0163,-0.5362,-0.4016,95.8000,-54.5600,-99.8100,1.2200,-10.7200,9.9600,0.0000,0.0000,-0.0000,1460.0000,1099.0000,1500.0000,1998.0000
155013.4990,2.0000,1997.0000,1138.0000,1940.0000,-270.0000,41.0000,-25.0000,828.0000,439.0000,-14107.0000,-0.7343,0.0527,-0.5315,-0.4189,95.7100,-54.8700,-99.7000,0.3200,-10.3400,10.3000,0.0000,0.0000,-0.0000,1460.0000,1099.0000,1500.0000,1998.0000
155030.3800,2.0000,1997.0000,1138.0000,1940.0000,-276.0000,-81.0000,-32.0000,562.0000,505.0000,-11928.0000,-0.7356,0.0826,-0.5111,-0.4369,95.6200,-55.1300,-99.6000,-0.3800,-9.8700,10.7100,0.0000,0.0000,-0.0000,1460.0000,1099.0000,1500.0000,1998.0000
155047.3570,2.0000,1997.0000,1014.0000,1850.0000,-256.0000,-184.0000,-46.0000,-125.0000,329.0000,-8351.0000,-0.7444,0.1057,-0.4784,-0.4536,95.5300,-55.3800,-99.5100,-0.7300,-9.4900,11.0800,0.0000,0.0000,-0.0000,1571.0000,1081.0000,1500.0000,1998.0000
155064.2120,2.0000,1997.0000,1012.0000,1850.0000,-215.0000,-267.0000,-60.0000,-111.0000,63.0000,-3126.0000,-0.7601,0.1192,-0.4360,-0.4668,95.5300,-55.3800,-99.5100,-0.7300,-9.4900,11.0800,0.0000,0.0000,-0.0000,1571.0000,1081.0000,1500.0000,1998.0000
155081.0330,2.0000,1997.0000,1012.0000,1850.0000,-151.0000,-315.0000,-80.0000,139.0000,39.0000,2376.0000,-0.7801,0.1231,-0.3890,-0.4744,95.4600,-55.6400,-99.4000,-0.4200,-9.1100,11.4300,0.0000,0.0000,-0.0000,1571.0000,1081.0000,1500.0000,1998.0000
155098.0470,2.0000,1997.0000,1012.0000,1850.0000,-106.0000,-331.0000,-99.0000,462.0000,-314.0000,7940.0000,-0.8021,0.1196,-0.3405,-0.4757,95.4100,-55.8900,-99.2800,0.2100,-9.1200,11.6200,0.0000,0.0000,-0.0000,1571.0000,1081.0000,1500.0000,1998.0000
155114.7350,2.0000,1997.0000,1012.0000,1850.0000,-69.0000,-316.0000,-107.0000,1218.0000,-688.0000,12232.0000,-0.8235,0.1118,-0.2940,-0.4722,95.3800,-56.1200,-99.1300,1.0700,-9.4300,11.5400,0.0000,0.0000,-0.0000,1571.0000,1081.0000,1500.0000,1998.0000
155131.6420,2.0000,1997.0000,1012.0000,1850.0000,-40.0000,-277.0000,-105.0000,1958.0000,-1022.0000,14798.0000,-0.8421,0.1023,-0.2524,-0.4655,95.3700,-56.3400,-98.9800,2.0100,-9.8800,11.1200,0.0000,0.0000,-0.0000,1571.0000,1081.0000,1500.0000,1998.0000
155148.2770,2.0000,1997.0000,1012.0000,1850.0000,-14.0000,-230.0000,-101.0000,2106.0000,-1359.0000,16454.0000,-0.8576,0.0921,-0.2178,-0.4568,95.3800,-56.5700,-98.8100,2.9100,-10.3200,10.3900,0.0000,0.0000,-0.0000,1571.0000,1081.0000,1500.0000,1998.0000
155164.9620,2.0000,1997.0000,1021.0000,1859.0000,9.0000,-168.0000,-92.0000,1876.0000,-1503.0000,17093.0000,-0.8700,0.0821,-0.1913,-0.4470,95.3800,-56.5700,-98.8100,2.9100,-10.3200,10.3900,0.0000,0.0000,-0.0000,1562.0000,1081.0000,1500.0000,1998.0000
155181.7280,2.0000,1997.0000,1021.0000,1859.0000,36.0000,-110.0000,-78.0000,1489.0000,-1570.0000,16311.0000,-0.8795,0.0724,-0.1744,-0.4368,95.4300,-56.8300,-98.6300,3.6500,-10.7000,9.4000,0.0000,0.0000,-0.0000,1562.0000,1081.0000,1500.0000,1998.0000
155198.7380,2.0000,1997.0000,1021.0000,1859.0000,56.0000,-62.0000,-67.0000,1145.0000,-1435.0000,13663.0000,-0.8867,0.0630,-0.1658,-0.4269,95.4900,-57.0900,-98.4700,4.2400,-10.9000,8.3400,0.0000,0.0000,-0.0000,1562.0000,1081.0000,1500.0000,1998.0000
155215.8000,2.0000,1997.0000,1021.0000,1859.0000,76.0000,-32.0000,-53.0000,924.0000,-1508.0000,12339.0000,-0.8923,0.0525,-0.1631,-0.4176,95.5500,-57.3300,-98.3100,4.6500,-10.9200,7.4700,0.0000,0.0000,-0.0000,1562.0000,1081.0000,1500.0000,1998.0000
155232.6290,2.0000,1997.0000,1021.0000,1859.0000,86.0000,15.0000,-42.0000,500.0000,-1458.0000,11059.0000,-0.8960,0.0426,-0.1670,-0.4093,95.6300,-57.5500,-98.1700,4.9800,-10.8600,6.7400,0.0000,0.0000,-0.0000,1562.0000,1081.0000,1500.0000,1998.0000
155249.2570,2.0000,1967.0000,1462.0000,2000.0000,84.0000,34.0000,-27.0000,732.0000,-1225.0000,9311.0000,-0.8979,0.0335,-0.1748,-0.4025,95.7000,-57.7700,-98.0300,5.2300,-10.7700,6.1500,0.0000,0.0000,-0.0000,1069.0000,1075.0000,1500.0000,1968.0000
155265.8830,2.0000,1965.0000,1506.0000,2000.0000,65.0000,46.0000,-8.0000,843.0000,-1231.0000,7037.0000,-0.8979,0.0272,-0.1849,-0.3985,95.7000,-57.7700,-98.0300,5.2300,-10.7700,6.1500,0.0000,0.0000,-0.0000,1069.0000,1075.0000,1500.0000,1968.0000
155282.6160,2.0000,1965.0000,1506.0000,2000.0000,44.0000,33.0000,12.0000,972.0000,-1247.0000,5105.0000,-0.8968,0.0221,-0.1935,-0.3972,95.8000,-58.0200,-97.8900,5.3900,-10.7900,5.8100,0.0000,0.0000,-0.0000,1069.0000,1075.0000,1500.0000,1968.0000
155299.3020,2.0000,1965.0000,1506.0000,2000.0000,10.0000,-5.0000,26.0000,791.0000,-1354.0000,4244.0000,-0.8953,0.0188,-0.1971,-0.3989,95.8900,-58.2600,-97.7400,5.4600,-10.7500,5.7000,0.0000,0.0000,-0.0000,1069.0000,1075.0000,1500.0000,1968.0000
155315.9180,2.0000,1965.0000,1506.0000,2000.0000,-33.0000,-39.0000,48.0000,425.0000,-1144.0000,4219.0000,-0.8938,0.0179,-0.1935,-0.4042,95.9700,-58.4800,-97.5900,5.5000,-10.6700,5.6900,0.0000,0.0000,-0.0000,1069.0000,1075.0000,1500.0000,1968.0000
155332.7480,2.0000,1965.0000,1506.0000,2000.0000,-92.0000,-69.0000,68.0000,223.0000,-1046.0000,4843.0000,-0.8915,0.0216,-0.1828,-0.4139,96.0600,-58.6900,-97.4400,5.4900,-10.5700,5.6600,0.0000,0.0000,-0.0000,1069.0000,1075.0000,1500.0000,1968.0000
155349.2640,2.0000,1996.0000,1000.0000,1801.0000,-133.0000,-90.0000,86.0000,783.0000,-788.0000,5474.0000,-0.8883,0.0294,-0.1659,-0.4272,96.1400,-58.8900,-97.2800,5.5000,-10.5300,5.5600,0.0000,0.0000,-0.0000,1628.0000,1086.0000,1500.0000,1998.0000
155366.0570,2.0000,1997.0000,1000.0000,1788.0000,-174.0000,-109.0000,95.0000,689.0000,-627.0000,6731.0000,-0.8840,0.0411,-0.1435,-0.4430,96.1400,-58.8900,-97.2800,5.5000,-10.5300,5.5600,0.0000,0.0000,-0.0000,1628.0000,1086.0000,1500.0000,1998.0000
155382.4720,2.0000,1997.0000,1000.0000,1788.0000,-202.0000,-118.0000,101.0000,563.0000,-450.0000,7996.0000,-0.8785,0.0555,-0.1175,-0.4596,96.2400,-59.1300,-97.1100,5.6200,-10.7200,5.3600,0.0000,0.0000,-0.0000,1628.0000,1086.0000,1500.0000,1998.0000
155399.3250,2.0000,1997.0000,1000.0000,1788.0000,-187.0000,-131.0000,96.0000,735.0000,-463.0000,8503.0000,-0.8718,0.0707,-0.0889,-0.4765,96.3400,-59.3700,-96.9400,5.6800,-10.9200,4.9900,0.0000,0.0000,-0.0000,1628.0000,1086.0000,1500.0000,1998.0000
155416.1310,2.0000,1997.0000,1000.0000,1788.0000,-141.0000,-159.0000,76.0000,620.0000,-283.0000,8687.0000,-0.8655,0.0804,-0.0599,-0.4907,96.4400,-59.6000,-96.7900,5.7000,-11.1100,4.5200,0.0000,0.0000,-0.0000,1628.0000,1086.0000,1500.0000,1998.0000
155432.9690,2.0000,1997.0000,1000.0000,1788.0000,-98.0000,-174.0000,55.0000,700.0000,-66.0000,9693.0000,-0.8605,0.0827,-0.0309,-0.5017,96.5400,-59.8200,-96.6500,5.6400,-11.2800,3.9600,0.0000,0.0000,-0.0000,1628.0000,1086.0000,1500.0000,1998.0000
155449.6880,2.0000,1997.0000,1484.0000,1000.0000,-62.0000,-186.0000,28.0000,888.0000,211.0000,10801.0000,-0.8571,0.0793,-0.0029,-0.5090,96.5400,-59.8200,-96.6500,5.6400,-11.2800,3.9600,0.0000,0.0000,-0.0000,1881.0000,1866.0000,1500.0000,1999.0000
155466.5580,2.0000,1998.0000,1485.0000,1000.0000,-38.0000,-191.0000,6.0000,1186.0000,49.0000,11994.0000,-0.8553,0.0712,0.0247,-0.5126,96.6300,-60.0400,-96.5300,5.5500,-11.4700,3.2900,0.0000,0.0000,-0.0000,1881.0000,1866.0000,1500.0000,1999.0000
155483.1690,2.0000,1998.0000,1485.0000,1000.0000,-36.0000,-186.0000,-11.0000,1319.0000,-384.0000,13124.0000,-0.8545,0.0615,0.0511,-0.5133,96.7500,-60.2900,-96.4100,5.5300,-11.6900,2.4700,0.0000,0.0000,-0.0000,1881.0000,1866.0000,1500.0000,1999.0000
155499.8980,2.0000,1998.0000,1485.0000,1000.0000,-27.0000,-159.0000,-22.0000,1562.0000,-440.0000,14275.0000,-0.8541,0.0522,0.0752,-0.5120,96.8600,-60.5400,-96.3200,5.5000,-11.8300,1.5000,0.0000,0.0000,-0.0000,1881.0000,1866.0000,1500.0000,1999.0000
155516.5110,2.0000,1998.0000,1485.0000,1000.0000,-18.0000,-94.0000,-32.0000,1622.0000,-446.0000,14859.0000,-0.8547,0.0454,0.0930,-0.5086,96.9600,-60.7800,-96.2400,5.4100,-11.9100,0.4000,0.0000,0.0000,-0.0000,1881.0000,1866.0000,1500.0000,1999.0000
155533.2290,2.0000,1998.0000,1485.0000,1000.0000,27.0000,-25.0000,-37.0000,1589.0000,-799.0000,14903.0000,-0.8568,0.0404,0.1008,-0.5042,97.0600,-61.0200,-96.1900,5.2900,-11.9400,-0.7600,0.0000,0.0000,-0.0000,1881.0000,1866.0000,1500.0000,1999.0000
155549.8520,2.0000,1998.0000,1514.0000,1000.0000,100.0000,54.0000,-37.0000,1310.0000,-1023.0000,13395.0000,-0.8602,0.0336,0.0941,-0.5000,97.0600,-61.0200,-96.1900,5.2900,-11.9400,-0.7600,0.0000,0.0000,-0.0000,1884.0000,1898.0000,1500.0000,1999.0000
155566.4780,2.0000,1998.0000,1514.0000,1000.0000,197.0000,124.0000,-32.0000,1097.0000,-842.0000,10933.0000,-0.8646,0.0214,0.0719,-0.4968,97.1600,-61.2600,-96.1600,5.2400,-11.9400,-1.8800,0.0000,0.0000,-0.0000,1884.0000,1898.0000,1500.0000,1999.0000
155583.0170,2.0000,1998.0000,1514.0000,1000.0000,285.0000,207.0000,-24.0000,825.0000,-756.0000,7395.0000,-0.8685,0.0026,0.0334,-0.4945,97.2900,-61.5200,-96.1500,5.3900,-12.0200,-2.7300,0.0000,0.0000,-0.0000,1884.0000,1898.0000,1500.0000,1999.0000
155599.8010,2.0000,1998.0000,1514.0000,1000.0000,366.0000,274.0000,-15.0000,943.0000,-429.0000,2945.0000,-0.8699,-0.0214,-0.0210,-0.4922,97.4100,-61.7800,-96.1400,5.6700,-12.1000,-3.1700,0.0000,0.0000,-0.0000,1884.0000,1898.0000,1500.0000,1999.0000
155616.7540,2.0000,1998.0000,1514.0000,1000.0000,400.0000,329.0000,-6.0000,1052.0000,-123.0000,-2441.0000,-0.8664,-0.0489,-0.0884,-0.4890,97.5500,-62.0300,-96.1000,6.0200,-12.2200,-3.0200,0.0000,0.0000,-0.0000,1884.0000,1898.0000,1500.0000,1999.0000
155633.4730,2.0000,1998.0000,1514.0000,1000.0000,389.0000,339.0000,6.0000,1319.0000,185.0000,-8255.0000,-0.8569,-0.0746,-0.1592,-0.4846,97.6800,-62.2700,-96.0500,6.2000,-12.3400,-2.4400,0.0000,0.0000,-0.0000,1884.0000,1898.0000,1500.0000,1999.0000
155650.0990,2.0000,1984.0000,2000.0000,1661.0000,371.0000,299.0000,15.0000,1190.0000,103.0000,-11949.0000,-0.8425,-0.0991,-0.2258,-0.4788,97.6800,-62.2700,-96.0500,6.2000,-12.3400,-2.4400,0.0000,0.0000,-0.0000,1076.0000,1763.0000,1500.0000,1986.0000
155666.7190,2.0000,1984.0000,2000.0000,1662.0000,353.0000,231.0000,26.0000,1161.0000,-375.0000,-12917.0000,-0.8259,-0.1259,-0.2820,-0.4717,97.8200,-62.5200,-96.0300,6.0500,-12.4500,-1.6800,0.0000,0.0000,-0.0000,1076.0000,1763.0000,1500.0000,1986.0000
155683.9070,2.0000,1984.0000,2000.0000,1662.0000,295.0000,154.0000,28.0000,771.0000,-481.0000,-11973.0000,-0.8089,-0.1540,-0.3282,-0.4630,97.9900,-62.8200,-96.0200,5.7500,-12.5600,-0.7700,0.0000,0.0000,-0.0000,1076.0000,1763.0000,1500.0000,1986.0000
155700.5220,2.0000,1984.0000,2000.0000,1662.0000,187.0000,101.0000,33.0000,926.0000,-213.0000,-10362.0000,-0.7953,-0.1753,-0.3580,-0.4568,98.1400,-63.1100,-96.0200,5.4100,-12.6200,0.0500,0.0000,0.0000,-0.0000,1076.0000,1763.0000,1500.0000,1986.0000
155717.1700,2.0000,1984.0000,2000.0000,1662.0000,45.0000,38.0000,37.0000,1071.0000,-246.0000,-8956.0000,-0.7865,-0.1862,-0.3727,-0.4559,98.2800,-63.3800,-96.0100,5.1400,-12.7000,0.8100,0.0000,0.0000,-0.0000,1076.0000,1763.0000,1500.0000,1986.0000
155734.0590,2.0000,1984.0000,2000.0000,1662.0000,-92.0000,-24.0000,45.0000,809.0000,-293.0000,-7184.0000,-0.7848,-0.1851,-0.3696,-0.4618,98.2800,-63.3800,-96.0100,5.1400,-12.7000,0.8100,0.0000,0.0000,-0.0000,1076.0000,1763.0000,1500.0000,1986.0000
155750.9690,2.0000,1986.0000,1944.0000,1576.0000,-183.0000,-64.0000,51.0000,507.0000,-337.0000,-5541.0000,-0.7882,-0.1749,-0.3529,-0.4728,98.4000,-63.6300,-96.0100,5.0200,-12.7500,1.4000,0.0000,0.0000,-0.0000,1812.0000,1414.0000,1500.0000,1998.0000
155767.8530,2.0000,1997.0000,1104.0000,1274.0000,-243.0000,-75.0000,50.0000,245.0000,-314.0000,-4075.0000,-0.7941,-0.1575,-0.3277,-0.4870,98.5300,-63.9000,-96.0100,5.0400,-12.8000,1.8700,0.0000,0.0000,-0.0000,1812.0000,1414.0000,1500.0000,1998.0000
155784.7200,2.0000,1997.0000,1104.0000,1274.0000,-283.0000,-71.0000,47.0000,717.0000,-254.0000,-2090.0000,-0.8001,-0.1343,-0.2985,-0.5027,98.7000,-64.2100,-96.0000,5.1800,-12.8800,2.3600,0.0000,0.0000,-0.0000,1812.0000,1414.0000,1500.0000,1998.0000
155801.4750,2.0000,1997.0000,1104.0000,1274.0000,-277.0000,-53.0000,44.0000,586.0000,-475.0000,-276.0000,-0.8051,-0.1081,-0.2684,-0.5178,98.8600,-64.5100,-95.9900,5.4600,-12.9700,2.7300,0.0000,0.0000,-0.0000,1812.0000,1414.0000,1500.0000,1998.0000
155818.1610,2.0000,1997.0000,1104.0000,1274.0000,-226.0000,-10.0000,38.0000,560.0000,-518.0000,1359.0000,-0.8070,-0.0822,-0.2451,-0.5309,99.0100,-64.7900,-95.9600,5.8200,-13.0300,2.9500,0.0000,0.0000,-0.0000,1812.0000,1414.0000,1500.0000,1998.0000
155835.0300,2.0000,1997.0000,1104.0000,1274.0000,-136.0000,43.0000,26.0000,610.0000,-355.0000,1256.0000,-0.8062,-0.0601,-0.2329,-0.5406,99.0100,-64.7900,-95.9600,5.8200,-13.0300,2.9500,0.0000,0.0000,-0.0000,1812.0000,1414.0000,1500.0000,1998.0000
155851.7170,2.0000,1997.0000,1000.0000,1680.0000,-22.0000,65.0000,4.0000,777.0000,369.0000,-395.0000,-0.8041,-0.0472,-0.2330,-0.5449,99.1600,-65.0500,-95.9300,6.1800,-13.0900,3.2000,0.0000,0.0000,-0.0000,1683.0000,1099.0000,1500.0000,1998.0000
155868.4370,2.0000,1997.0000,1000.0000,1720.0000,94.0000,55.0000,-28.0000,502.0000,889.0000,-2690.0000,-0.8031,-0.0468,-0.2433,-0.5419,99.3300,-65.3300,-95.8800,6.4000,-13.1700,3.5500,0.0000,0.0000,-0.0000,1683.0000,1099.0000,1500.0000,1998.0000
155885.1770,2.0000,1997.0000,1000.0000,1720.0000,181.0000,41.0000,-54.0000,371.0000,562.0000,-4283.0000,-0.8039,-0.0576,-0.2603,-0.5317,99.5300,-65.6500,-95.8100,6.4300,-13.2000,4.1000,0.0000,0.0000,-0.0000,1683.0000,1099.0000,1500.0000,1998.0000
155901.9490,2.0000,1997.0000,1000.0000,1720.0000,249.0000,6.0000,-79.0000,-96.0000,213.0000,-5237.0000,-0.8062,-0.0797,-0.2810,-0.5145,99.7100,-65.9400,-95.7200,6.3700,-13.1500,4.7200,0.0000,0.0000,-0.0000,1683.0000,1099.0000,1500.0000,1998.0000
155918.7320,2.0000,1997.0000,1000.0000,1720.0000,233.0000,-44.0000,-94.0000,109.0000,384.0000,-5107.0000,-0.8104,-0.1070,-0.2983,-0.4929,99.8800,-66.2200,-95.6200,6.2500,-13.0600,5.3300,0.0000,0.0000,-0.0000,1683.0000,1099.0000,1500.0000,1998.0000
155935.5650,2.0000,1997.0000,1000.0000,1720.0000,184.0000,-106.0000,-100.0000,76.0000,348.0000,-3796.0000,-0.8173,-0.1331,-0.3056,-0.4700,99.8800,-66.2200,-95.6200,6.2500,-13.0600,5.3300,0.0000,0.0000,-0.0000,1683.0000,1099.0000,1500.0000,1998.0000
155952.5990,2.0000,1986.0000,2000.0000,1802.0000,139.0000,-173.0000,-103.0000,436.0000,-148.0000,-599.0000,-0.8276,-0.1577,-0.3012,-0.4467,100.0300,-66.4700,-95.5100,6.1500,-13.0100,5.9300,0.0000,0.0000,-0.0000,1078.0000,1621.0000,1500.0000,1988.0000
155969.1580,2.0000,1986.0000,2000.0000,1803.0000,119.0000,-214.0000,-100.0000,143.0000,-633.0000,2755.0000,-0.8393,-0.1810,-0.2885,-0.4238,100.1900,-66.7500,-95.3700,6.2300,-13.0600,6.3800,0.0000,0.0000,-0.0000,1078.0000,1621.0000,1500.0000,1988.0000
155986.2150,2.0000,1986.0000,2000.0000,1803.0000,108.0000,-241.0000,-94.0000,493.0000,-874.0000,6101.0000,-0.8516,-0.2054,-0.2695,-0.3999,100.3700,-67.0600,-95.2100,6.5400,-13.1600,6.6600,0.0000,0.0000,-0.0000,1078.0000,1621.0000,1500.0000,1988.0000
156003.2730,2.0000,1986.0000,2000.0000,1803.0000,72.0000,-245.0000,-76.0000,929.0000,-1039.0000,9344.0000,-0.8632,-0.2279,-0.2463,-0.3772,100.5500,-67.3600,-95.0300,7.0500,-13.1500,6.7200,0.0000,0.0000,-0.0000,1078.0000,1621.0000,1500.0000,1988.0000
156019.9540,2.0000,1986.0000,2000.0000,1803.0000,32.0000,-232.0000,-54.0000,1382.0000,-1288.0000,12123.0000,-0.8731,-0.2449,-0.2209,-0.3589,100.7200,-67.6300,-94.8400,7.7000,-13.0300,6.5300,0.0000,0.0000,-0.0000,1078.0000,1621.0000,1500.0000,1988.0000
156036.7000,2.0000,1986.0000,2000.0000,1803.0000,-12.0000,-194.0000,-30.0000,1709.0000,-1593.0000,14723.0000,-0.8815,-0.2560,-0.1955,-0.3452,100.7200,-67.6300,-94.8400,7.7000,-13.0300,6.5300,0.0000,0.0000,-0.0000,1078.0000,1621.0000,1500.0000,1988.0000
156053.2930,2.0000,1986.0000,2000.0000,1803.0000,-73.0000,-138.0000,-7.0000,1944.0000,-1511.0000,16210.0000,-0.8885,-0.2585,-0.1725,-0.3376,100.9000,-67.8800,-94.6300,8.4300,-12.7500,6.0900,0.0000,0.0000,-0.0000,1078.0000,1621.0000,1500.0000,1988.0000
156070.1060,2.0000,1998.0000,1901.0000,1099.0000,-158.0000,-62.0000,11.0000,1995.0000,-1359.0000,16256.0000,-0.8950,-0.2484,-0.1538,-0.3371,101.1100,-68.1500,-94.4300,9.1100,-12.4700,5.4000,0.0000,0.0000,-0.0000,1503.0000,1902.0000,1500.0000,1999.0000
156086.9110,2.0000,1998.0000,1900.0000,1098.0000,-240.0000,16.0000,23.0000,1523.0000,-1065.0000,14968.0000,-0.9015,-0.2232,-0.1405,-0.3430,101.3200,-68.4500,-94.2400,9.7000,-12.2600,4.5500,0.0000,0.0000,-0.0000,1503.0000,1902.0000,1500.0000,1999.0000
156103.5240,2.0000,1998.0000,1900.0000,1098.0000,-287.0000,84.0000,31.0000,1302.0000,-883.0000,12599.0000,-0.9070,-0.1858,-0.1331,-0.3537,101.5400,-68.7200,-94.0800,10.0900,-12.1200,3.6900,0.0000,0.0000,-0.0000,1503.0000,1902.0000,1500.0000,1999.0000
156120.6150,2.0000,1998.0000,1900.0000,1098.0000,-297.0000,154.0000,35.0000,1123.0000,-788.0000,9307.0000,-0.9101,-0.1401,-0.1320,-0.3670,101.7500,-68.9700,-93.9400,10.2400,-12.1500,3.0500,0.0000,0.0000,-0.0000,1503.0000,1902.0000,1500.0000,1999.0000
156137.6450,2.0000,1998.0000,1900.0000,1098.0000,-246.0000,244.0000,40.0000,1524.0000,-348.0000,5558.0000,-0.9087,-0.0922,-0.1430,-0.3812,101.7500,-68.9700,-93.9400,10.2400,-12.1500,3.0500,0.0000,0.0000,-0.0000,1503.0000,1902.0000,1500.0000,1999.0000
156154.6260,2.0000,1997.0000,1271.0000,1059.0000,-159.0000,328.0000,43.0000,1792.0000,-240.0000,1485.0000,-0.9018,-0.0491,-0.1692,-0.3946,101.9400,-69.2200,-93.7800,10.1200,-12.3900,2.7500,0.0000,0.0000,-0.0000,1837.0000,1608.0000,1500.0000,1998.0000
156171.5670,2.0000,1997.0000,1270.0000,1058.0000,-69.0000,404.0000,43.0000,1325.0000,-24.0000,-4408.0000,-0.8894,-0.0131,-0.2110,-0.4053,102.1500,-69.5000,-93.6100,9.9200,-12.7700,2.8500,0.0000,0.0000,-0.0000,1837.0000,1608.0000,1500.0000,1998.0000
156188.4730,2.0000,1997.0000,1270.0000,1058.0000,6.0000,411.0000,41.0000,759.0000,337.0000,-11634.0000,-0.8722,0.0141,-0.2635,-0.4118,102.3700,-69.8300,-93.4500,9.5700,-13.0200,3.3700,0.0000,0.0000,-0.0000,1837.0000,1608.0000,1500.0000,1998.0000
156205.2220,2.0000,1997.0000,1270.0000,1058.0000,71.0000,335.0000,30.0000,1064.0000,650.0000,-16030.0000,-0.8540,0.0304,-0.3139,-0.4138,102.5600,-70.1300,-93.3200,8.8400,-12.9800,3.9800,0.0000,0.0000,-0.0000,1837.0000,1608.0000,1500.0000,1998.0000
156221.9690,2.0000,1997.0000,1270.0000,1058.0000,116.0000,227.0000,16.0000,685.0000,740.0000,-16335.0000,-0.8393,0.0351,-0.3541,-0.4111,102.7200,-70.4100,-93.2200,7.8900,-12.7600,4.9900,0.0000,0.0000,-0.0000,1837.0000,1608.0000,1500.0000,1998.0000
156238.8010,2.0000,1997.0000,1086.0000,1874.0000,171.0000,106.0000,-1.0000,170.0000,498.0000,-14952.0000,-0.8307,0.0272,-0.3830,-0.4032,102.7200,-70.4100,-93.2200,7.8900,-12.7600,4.9900,0.0000,0.0000,-0.0000,1507.0000,1081.0000,1500.0000,1998.0000
156255.5060,2.0000,1997.0000,1076.0000,1914.0000,234.0000,-14.0000,-17.0000,342.0000,547.0000,-12720.0000,-0.8292,0.0061,-0.4003,-0.3901,102.8600,-70.6600,-93.1200,7.0000,-12.5000,5.9300,0.0000,0.0000,-0.0000,1507.0000,1081.0000,1500.0000,1998.0000
156272.4460,2.0000,1997.0000,1076.0000,1914.0000,287.0000,-100.0000,-39.0000,262.0000,433.0000,-10184.0000,-0.8342,-0.0284,-0.4078,-0.3701,103.0100,-70.9500,-93.0300,6.4400,-12.3600,6.6900,0.0000,0.0000,-0.0000,1507.0000,1081.0000,1500.0000,1998.0000
156289.2730,2.0000,1997.0000,1076.0000,1914.0000,304.0000,-187.0000,-55.0000,827.0000,284.0000,-7772.0000,-0.8435,-0.0699,-0.4059,-0.3448,103.1700,-71.2700,-92.9400,6.2200,-12.3900,7.2800,0.0000,0.0000,-0.0000,1507.0000,1081.0000,1500.0000,1998.0000
156306.2220,2.0000,1997.0000,1076.0000,1914.0000,305.0000,-247.0000,-64.0000,1178.0000,97.0000,-4643.0000,-0.8552,-0.1157,-0.3944,-0.3157,103.3200,-71.5600,-92.8600,6.2400,-12.5700,7.7300,0.0000,0.0000,-0.0000,1507.0000,1081.0000,1500.0000,1998.0000
156323.2190,2.0000,1997.0000,1076.0000,1914.0000,284.0000,-293.0000,-66.0000,699.0000,-225.0000,-1120.0000,-0.8679,-0.1624,-0.3738,-0.2840,103.4600,-71.8300,-92.7600,6.5200,-12.7600,8.2500,0.0000,0.0000,-0.0000,1507.0000,1081.0000,1500.0000,1998.0000
156340.0740,2.0000,1997.0000,1076.0000,1914.0000,227.0000,-319.0000,-58.0000,790.0000,-296.0000,2374.0000,-0.8797,-0.2045,-0.3463,-0.2536,103.4600,-71.8300,-92.7600,6.5200,-12.7600,8.2500,0.0000,0.0000,-0.0000,1507.0000,1081.0000,1500.0000,1998.0000
156356.9650,2.0000,1964.0000,1495.0000,2000.0000,150.0000,-345.0000,-37.0000,987.0000,-946.0000,6433.0000,-0.8917,-0.2382,-0.3107,-0.2271,103.6000,-72.0900,-92.6400,7.0400,-12.8800,8.5700,0.0000,0.0000,-0.0000,1068.0000,1065.0000,1500.0000,1967.0000
156373.7340,2.0000,1964.0000,1497.0000,2000.0000,106.0000,-351.0000,-17.0000,1111.0000,-1326.0000,10435.0000,-0.9029,-0.2648,-0.2695,-0.2050,103.8000,-72.3900,-92.4800,7.9100,-12.7700,8.7900,0.0000,0.0000,-0.0000,1068.0000,1065.0000,1500.0000,1967.0000
156390.5240,2.0000,1964.0000,1497.0000,2000.0000,60.0000,-324.0000,0.0000,1682.0000,-1456.0000,13828.0000,-0.9120,-0.2855,-0.2273,-0.1873,104.0300,-72.7000,-92.3000,8.9700,-12.3800,8.7100,0.0000,0.0000,-0.0000,1068.0000,1065.0000,1500.0000,1967.0000
156407.4540,2.0000,1964.0000,1497.0000,2000.0000,19.0000,-271.0000,11.0000,2236.0000,-1408.0000,16302.0000,-0.9193,-0.2990,-0.1878,-0.1740,104.2600,-72.9700,-92.1000,10.0500,-11.7900,8.3500,0.0000,0.0000,-0.0000,1068.0000,1065.0000,1500.0000,1967.0000
156424.1560,2.0000,1964.0000,1497.0000,2000.0000,-5.0000,-199.0000,19.0000,2184.0000,-1409.0000,16990.0000,-0.9244,-0.3061,-0.1558,-0.1657,104.2600,-72.9700,-92.1000,10.0500,-11.7900,8.3500,0.0000,0.0000,-0.0000,1068.0000,1065.0000,1500.0000,1967.0000
156440.9850,2.0000,1964.0000,1497.0000,2000.0000,-34.0000,-125.0000,28.0000,1842.0000,-1262.0000,16554.0000,-0.9282,-0.3077,-0.1322,-0.1621,104.5000,-73.2200,-91.9000,10.9900,-11.1100,7.6400,0.0000,0.0000,-0.0000,1068.0000,1065.0000,1500.0000,1967.0000
156457.8170,2.0000,1965.0000,1496.0000,2000.0000,-57.0000,-31.0000,39.0000,1398.0000,-1300.0000,14952.0000,-0.9310,-0.3040,-0.1185,-0.1640,104.7400,-73.4400,-91.7000,11.6800,-10.4600,6.8600,0.0000,0.0000,-0.0000,1069.0000,1065.0000,1500.0000,1968.0000
156474.4380,2.0000,1965.0000,1496.0000,2000.0000,-71.0000,27.0000,53.0000,932.0000,-959.0000,12021.0000,-0.9327,-0.2957,-0.1151,-0.1715,105.0300,-73.6800,-91.5100,12.1400,-9.9500,6.1400,0.0000,0.0000,-0.0000,1069.0000,1065.0000,1500.0000,1968.0000
156491.4480,2.0000,1965.0000,1496.0000,2000.0000,-70.0000,68.0000,65.0000,838.0000,-720.0000,9161.0000,-0.9333,-0.2856,-0.1175,-0.1832,105.3200,-73.9300,-91.3300,12.3700,-9.6700,5.6100,0.0000,0.0000,-0.0000,1069.0000,1065.0000,1500.0000,1968.0000
156508.2020,2.0000,1965.0000,1496.0000,2000.0000,-83.0000,92.0000,68.0000,907.0000,-311.0000,6842.0000,-0.9331,-0.2746,-0.1234,-0.1968,105.5900,-74.1500,-91.1500,12.4600,-9.6300,5.2900,0.0000,0.0000,-0.0000,1069.0000,1065.0000,1500.0000,1968.0000
156524.8470,2.0000,1965.0000,1496.0000,2000.0000,-96.0000,91.0000,71.0000,908.0000,-63.0000,4590.0000,-0.9327,-0.2611,-0.1307,-0.2116,105.5900,-74.1500,-91.1500,12.4600,-9.6300,5.2900,0.0000,0.0000,-0.0000,1069.0000,1065.0000,1500.0000,1968.0000
156541.5960,2.0000,1972.0000,1405.0000,2000.0000,-115.0000,67.0000,67.0000,765.0000,267.0000,2611.0000,-0.9328,-0.2457,-0.1356,-0.2260,105.8500,-74.3600,-90.9800,12.4500,-9.7400,5.1400,0.0000,0.0000,-0.0000,1491.0000,1081.0000,1500.0000,1998.0000
156558.7020,2.0000,1997.0000,1089.0000,1927.0000,-151.0000,32.0000,59.0000,674.0000,499.0000,1744.0000,-0.9343,-0.2269,-0.1354,-0.2392,106.0900,-74.5600,-90.8100,12.3200,-9.9600,5.1800,0.0000,0.0000,-0.0000,1491.0000,1081.0000,1500.0000,1998.0000
156575.5540,2.0000,1997.0000,1089.0000,1927.0000,-175.0000,-5.0000,47.0000,155.0000,838.0000,1106.0000,-0.9374,-0.2051,-0.1295,-0.2500,106.3600,-74.7900,-90.6300,12.1900,-10.1000,5.2900,0.0000,0.0000,-0.0000,1491.0000,1081.0000,1500.0000,1998.0000
156592.3320,2.0000,1997.0000,1089.0000,1927.0000,-174.0000,-54.0000,30.0000,380.0000,1024.0000,1146.0000,-0.9414,-0.1826,-0.1180,-0.2577,106.6200,-75.0300,-90.4500,12.0300,-10.2000,5.4100,0.0000,0.0000,-0.0000,1491.0000,1081.0000,1500.0000,1998.0000
156609.4080,2.0000,1997.0000,1089.0000,1927.0000,-153.0000,-104.0000,5.0000,610.0000,823.0000,2061.0000,-0.9463,-0.1629,-0.1001,-0.2608,106.8700,-75.2500,-90.2800,11.9000,-10.3000,5.5000,0.0000,0.0000,-0.0000,1491.0000,1081.0000,1500.0000,1998.0000
156626.1620,2.0000,1997.0000,1089.0000,1927.0000,-136.0000,-149.0000,-18.0000,897.0000,423.0000,4239.0000,-0.9514,-0.1478,-0.0773,-0.2588,106.8700,-75.2500,-90.2800,11.9000,-10.3000,5.5000,0.0000,0.0000,-0.0000,1491.0000,1081.0000,1500.0000,1998.0000
156642.8980,2.0000,1997.0000,1009.0000,1845.0000,-121.0000,-176.0000,-40.0000,878.0000,209.0000,6499.0000,-0.9568,-0.1358,-0.0499,-0.2523,107.1000,-75.4600,-90.1200,11.8400,-10.3300,5.4300,0.0000,0.0000,-0.0000,1584.0000,1082.0000,1500.0000,1998.0000
156659.7260,2.0000,1997.0000,1000.0000,1836.0000,-107.0000,-191.0000,-56.0000,1278.0000,135.0000,9066.0000,-0.9617,-0.1259,-0.0207,-0.2425,107.3100,-75.6600,-89.9500,11.8300,-10.2600,5.1500,0.0000,0.0000,-0.0000,1584.0000,1082.0000,1500.0000,1998.0000
156676.3990,2.0000,1997.0000,1000.0000,1836.0000,-76.0000,-183.0000,-73.0000,1704.0000,-468.0000,11691.0000,-0.9658,-0.1194,0.0078,-0.2301,107.5700,-75.8800,-89.7900,11.9400,-10.0300,4.6000,0.0000,0.0000,-0.0000,1584.0000,1082.0000,1500.0000,1998.0000
156693.2080,2.0000,1997.0000,1000.0000,1836.0000,-49.0000,-162.0000,-79.0000,1838.0000,-654.0000,13013.0000,-0.9688,-0.1165,0.0329,-0.2161,107.8300,-76.0900,-89.6200,12.0600,-9.6700,3.8000,0.0000,0.0000,-0.0000,1584.0000,1082.0000,1500.0000,1998.0000
156710.0690,2.0000,1997.0000,1000.0000,1836.0000,-38.0000,-130.0000,-80.0000,1584.0000,-758.0000,13315.0000,-0.9711,-0.1156,0.0536,-0.2020,108.0800,-76.2900,-89.4800,12.1100,-9.2900,2.8700,0.0000,0.0000,-0.0000,1584.0000,1082.0000,1500.0000,1998.0000
156727.2940,2.0000,1997.0000,1000.0000,1836.0000,-22.0000,-99.0000,-75.0000,1430.0000,-918.0000,12948.0000,-0.9728,-0.1152,0.0698,-0.1886,108.0800,-76.2900,-89.4800,12.1100,-9.2900,2.8700,0.0000,0.0000,-0.0000,1584.0000,1082.0000,1500.0000,1998.0000
156743.9400,2.0000,1997.0000,1000.0000,1836.0000,-3.0000,-57.0000,-64.0000,1281.0000,-1075.0000,12085.0000,-0.9740,-0.1163,0.0797,-0.1775,108.3200,-76.4700,-89.3700,12.0800,-8.9000,1.9300,0.0000,0.0000,-0.0000,1584.0000,1082.0000,1500.0000,1998.0000
156760.5710,2.0000,1997.0000,1357.0000,1897.0000,13.0000,-19.0000,-54.0000,1144.0000,-1123.0000,10553.0000,-0.9749,-0.1186,0.0836,-0.1686,108.5400,-76.6300,-89.2700,12.0100,-8.5400,1.0700,0.0000,0.0000,-0.0000,1372.0000,1230.0000,1500.0000,1998.0000
156777.3220,2.0000,1997.0000,1357.0000,1897.0000,31.0000,-6.0000,-44.0000,1136.0000,-1181.0000,9063.0000,-0.9756,-0.1226,0.0836,-0.1617,108.8000,-76.8000,-89.1900,12.0800,-8.0900,0.3400,0.0000,0.0000,-0.0000,1372.0000,1230.0000,1500.0000,1998.0000
156794.1980,2.0000,1997.0000,1357.0000,1897.0000,38.0000,1.0000,-37.0000,798.0000,-1077.0000,7252.0000,-0.9759,-0.1283,0.0822,-0.1562,109.0600,-76.9600,-89.1100,12.1800,-7.6900,-0.1600,0.0000,0.0000,-0.0000,1372.0000,1230.0000,1500.0000,1998.0000
156811.0890,2.0000,1997.0000,1357.0000,1897.0000,23.0000,-5.0000,-27.0000,800.0000,-1031.0000,6032.0000,-0.9760,-0.1335,0.0811,-0.1518,109.3200,-77.1000,-89.0400,12.2600,-7.3400,-0.4900,0.0000,0.0000,-0.0000,1372.0000,1230.0000,1500.0000,1998.0000
156827.9200,2.0000,1997.0000,1357.0000,1897.0000,-1.0000,-12.0000,-10.0000,1125.0000,-724.0000,4707.0000,-0.9761,-0.1354,0.0814,-0.1491,109.3200,-77.1000,-89.0400,12.2600,-7.3400,-0.4900,0.0000,0.0000,-0.0000,1372.0000,1230.0000,1500.0000,1998.0000
156844.5890,2.0000,1997.0000,1357.0000,1897.0000,-25.0000,-37.0000,9.0000,1107.0000,-742.0000,3963.0000,-0.9761,-0.1340,0.0849,-0.1485,109.5600,-77.2300,-88.9700,12.3600,-7.0800,-0.6800,0.0000,0.0000,-0.0000,1372.0000,1230.0000,1500.0000,1998.0000
156861.3910,2.0000,1997.0000,2000.0000,1163.0000,-53.0000,-66.0000,21.0000,820.0000,-831.0000,4302.0000,-0.9758,-0.1294,0.0942,-0.1489,109.8000,-77.3500,-88.9000,12.4600,-6.8700,-0.7500,0.0000,0.0000,-0.0000,1404.0000,1933.0000,1500.0000,1998.0000
156878.2810,2.0000,1997.0000,2000.0000,1163.0000,-64.0000,-97.0000,30.0000,773.0000,-788.0000,4898.0000,-0.9752,-0.1224,0.1077,-0.1499,110.0700,-77.4700,-88.8100,12.4700,-6.5300,-0.8300,0.0000,0.0000,-0.0000,1404.0000,1933.0000,1500.0000,1998.0000
156895.0300,2.0000,1997.0000,2000.0000,1163.0000,-71.0000,-109.0000,37.0000,863.0000,-751.0000,6414.0000,-0.9738,-0.1145,0.1250,-0.1516,110.3400,-77.5900,-88.7300,12.4300,-6.1600,-1.0000,0.0000,0.0000,-0.0000,1404.0000,1933.0000,1500.0000,1998.0000
156911.7930,2.0000,1997.0000,2000.0000,1163.0000,-93.0000,-87.0000,41.0000,1149.0000,-677.0000,8072.0000,-0.9724,-0.1043,0.1415,-0.1537,110.3400,-77.5900,-88.7300,12.4300,-6.1600,-1.0000,0.0000,0.0000,-0.0000,1404.0000,1933.0000,1500.0000,1998.0000
156928.7630,2.0000,1997.0000,2000.0000,1163.0000,-120.0000,-33.0000,40.0000,1535.0000,-492.0000,9570.0000,-0.9716,-0.0896,0.1538,-0.1559,110.6000,-77.6900,-88.6500,12.3300,-5.8000,-1.3600,0.0000,0.0000,-0.0000,1404.0000,1933.0000,1500.0000,1998.0000
156945.5630,2.0000,1997.0000,2000.0000,1163.0000,-132.0000,48.0000,35.0000,1450.0000,-526.0000,10409.0000,-0.9725,-0.0700,0.1562,-0.1582,110.8400,-77.7900,-88.5800,12.1900,-5.4600,-1.9100,0.0000,0.0000,-0.0000,1404.0000,1933.0000,1500.0000,1998.0000
156962.3970,2.0000,1998.0000,1500.0000,1000.0000,-124.0000,141.0000,33.0000,1066.0000,-375.0000,9615.0000,-0.9749,-0.0487,0.1463,-0.1607,111.0700,-77.8700,-88.5300,12.0200,-5.1900,-2.6000,0.0000,0.0000,-0.0000,1886.0000,1886.0000,1500.0000,1999.0000
156979.1710,2.0000,1998.0000,1500.0000,1000.0000,-108.0000,258.0000,32.0000,711.0000,-99.0000,6376.0000,-0.9789,-0.0264,0.1193,-0.1637,111.3400,-77.9600,-88.4900,11.9100,-4.9200,-3.2300,0.0000,0.0000,-0.0000,1886.0000,1886.0000,1500.0000,1999.0000
156996.1610,2.0000,1998.0000,1500.0000,1000.0000,-63.0000,354.0000,32.0000,1057.0000,67.0000,1667.0000,-0.9828,-0.0054,0.0770,-0.1675,111.6100,-78.0500,-88.4500,11.9200,-4.7300,-3.4800,0.0000,0.0000,-0.0000,1886.0000,1886.0000,1500.0000,1999.0000
157012.8280,2.0000,1998.0000,1500.0000,1000.0000,32.0000,410.0000,33.0000,1167.0000,165.0000,-4378.0000,-0.9849,0.0068,0.0222,-0.1716,111.6100,-78.0500,-88.4500,11.9200,-4.7300,-3.4800,0.0000,0.0000,-0.0000,1886.0000,1886.0000,1500.0000,1999.0000
157029.7630,2.0000,1998.0000,1500.0000,1000.0000,124.0000,396.0000,22.0000,1029.0000,416.0000,-10739.0000,-0.9837,0.0058,-0.0399,-0.1750,111.8700,-78.1300,-88.4100,12.0500,-4.6000,-3.1800,0.0000,0.0000,-0.0000,1886.0000,1886.0000,1500.0000,1999.0000
157046.2100,2.0000,1975.0000,1496.0000,1862.0000,189.0000,307.0000,0.0000,1185.0000,851.0000,-14528.0000,-0.9802,-0.0082,-0.0937,-0.1744,112.1200,-78.2000,-88.3800,12.0900,-4.4900,-2.4900,0.0000,0.0000,-0.0000,1071.0000,1065.0000,1500.0000,1969.0000
157062.9310,2.0000,1966.0000,1494.0000,2000.0000,228.0000,208.0000,-16.0000,1510.0000,817.0000,-14389.0000,-0.9757,-0.0322,-0.1352,-0.1696,112.3400,-78.2600,-88.3800,11.9100,-4.4200,-1.5900,0.0000,0.0000,-0.0000,1071.0000,1065.0000,1500.0000,1969.0000
157079.7370,2.0000,1966.0000,1494.0000,2000.0000,241.0000,111.0000,-25.0000,1359.0000,402.0000,-12618.0000,-0.9712,-0.0621,-0.1639,-0.1615,112.6300,-78.3500,-88.4100,11.6900,-4.3100,-0.4800,0.0000,0.0000,-0.0000,1071.0000,1065.0000,1500.0000,1969.0000
157096.6780,2.0000,1966.0000,1494.0000,2000.0000,215.0000,33.0000,-36.0000,1291.0000,420.0000,-10361.0000,-0.9676,-0.0926,-0.1800,-0.1510,112.9100,-78.4300,-88.4400,11.4800,-4.2300,0.4400,0.0000,0.0000,-0.0000,1071.0000,1065.0000,1500.0000,1969.0000
157113.4140,2.0000,1966.0000,1494.0000,2000.0000,181.0000,-46.0000,-42.0000,1095.0000,103.0000,-8661.0000,-0.9658,-0.1201,-0.1832,-0.1389,112.9100,-78.4300,-88.4400,11.4800,-4.2300,0.4400,0.0000,0.0000,-0.0000,1071.0000,1065.0000,1500.0000,1969.0000
157130.1680,2.0000,1966.0000,1494.0000,2000.0000,130.0000,-106.0000,-45.0000,1121.0000,-453.0000,-6661.0000,-0.9658,-0.1428,-0.1762,-0.1261,113.1700,-78.5100,-88.4800,11.3300,-4.1800,1.2300,0.0000,0.0000,-0.0000,1071.0000,1065.0000,1500.0000,1969.0000
157146.6940,2.0000,1966.0000,1494.0000,2000.0000,66.0000,-158.0000,-40.0000,1268.0000,-675.0000,-4325.0000,-0.9678,-0.1579,-0.1598,-0.1140,113.4100,-78.5800,-88.5100,11.2600,-4.0800,1.9100,0.0000,0.0000,-0.0000,1071.0000,1065.0000,1500.0000,1969.0000
157163.2140,2.0000,1964.0000,1497.0000,2000.0000,5.0000,-185.0000,-30.0000,1145.0000,-759.0000,-1975.0000,-0.9713,-0.1647,-0.1370,-0.1034,113.6300,-78.6400,-88.5300,11.3200,-3.9300,2.4200,0.0000,0.0000,-0.0000,1068.0000,1065.0000,1500.0000,1967.0000
157179.9370,2.0000,1964.0000,1497.0000,2000.0000,-61.0000,-199.0000,-12.0000,940.0000,-980.0000,239.0000,-0.9758,-0.1631,-0.1096,-0.0957,113.9200,-78.7200,-88.5400,11.6200,-3.7500,2.8600,0.0000,0.0000,-0.0000,1068.0000,1065.0000,1500.0000,1967.0000
157196.7820,2.0000,1964.0000,1497.0000,2000.0000,-117.0000,-205.0000,10.0000,512.0000,-1204.0000,2403.0000,-0.9809,-0.1526,-0.0790,-0.0915,114.2200,-78.8000,-88.5400,11.9100,-3.4900,3.1300,0.0000,0.0000,-0.0000,1068.0000,1065.0000,1500.0000,1967.0000
157213.7690,2.0000,1964.0000,1497.0000,2000.0000,-148.0000,-205.0000,29.0000,1029.0000,-1059.0000,4674.0000,-0.9854,-0.1361,-0.0465,-0.0907,114.2200,-78.8000,-88.5400,11.9100,-3.4900,3.1300,0.0000,0.0000,-0.0000,1068.0000,1065.0000,1500.0000,1967.0000
157230.3690,2.0000,1964.0000,1497.0000,2000.0000,-153.0000,-203.0000,42.0000,1429.0000,-871.0000,6794.0000,-0.9887,-0.1175,-0.0149,-0.0924,114.4900,-78.8600,-88.5100,12.1700,-3.1900,3.2000,0.0000,0.0000,-0.0000,1068.0000,1065.0000,1500.0000,1967.0000
157247.1730,2.0000,1996.0000,1000.0000,1744.0000,-158.0000,-192.0000,53.0000,1558.0000,-1074.0000,8795.0000,-0.9905,-0.0976,0.0169,-0.0957,114.7600,-78.9100,-88.4700,12.4300,-2.9000,3.1100,0.0000,0.0000,-0.0000,1668.0000,1094.0000,1500.0000,1998.0000
157263.9830,2.0000,1997.0000,1000.0000,1740.0000,-157.0000,-175.0000,59.0000,1563.0000,-909.0000,9878.0000,-0.9909,-0.0768,0.0466,-0.1003,115.0100,-78.9500,-88.4000,12.6100,-2.6200,2.7500,0.0000,0.0000,-0.0000,1668.0000,1094.0000,1500.0000,1998.0000
157280.7210,2.0000,1997.0000,1000.0000,1740.0000,-134.0000,-169.0000,61.0000,1545.0000,-791.0000,9979.0000,-0.9899,-0.0574,0.0743,-0.1057,115.3400,-79.0100,-88.3400,12.8500,-2.4600,2.2300,0.0000,0.0000,-0.0000,1668.0000,1094.0000,1500.0000,1998.0000
157297.3010,2.0000,1997.0000,1000.0000,1740.0000,-88.0000,-171.0000,55.0000,1514.0000,-789.0000,10044.0000,-0.9878,-0.0432,0.1005,-0.1112,115.3400,-79.0100,-88.3400,12.8500,-2.4600,2.2300,0.0000,0.0000,-0.0000,1668.0000,1094.0000,1500.0000,1998.0000
157313.9590,2.0000,1997.0000,1000.0000,1740.0000,-48.0000,-167.0000,47.0000,1591.0000,-831.0000,10494.0000,-0.9845,-0.0357,0.1264,-0.1161,115.6600,-79.0700,-88.2700,12.9700,-2.3600,1.6500,0.0000,0.0000,-0.0000,1668.0000,1094.0000,1500.0000,1998.0000
157331.1560,2.0000,1997.0000,1000.0000,1740.0000,-17.0000,-160.0000,38.0000,1742.0000,-598.0000,10812.0000,-0.9805,-0.0331,0.1515,-0.1204,115.9500,-79.1200,-88.2100,12.9700,-2.2600,0.9700,0.0000,0.0000,-0.0000,1668.0000,1094.0000,1500.0000,1998.0000
157347.7270,2.0000,1997.0000,1313.0000,1013.0000,-13.0000,-145.0000,28.0000,1687.0000,-396.0000,11073.0000,-0.9765,-0.0329,0.1737,-0.1235,116.2200,-79.1600,-88.1700,12.9000,-2.1900,0.2500,0.0000,0.0000,-0.0000,1839.0000,1653.0000,1500.0000,1998.0000
157364.3990,2.0000,1997.0000,1313.0000,1011.0000,-13.0000,-126.0000,18.0000,1409.0000,-255.0000,11079.0000,-0.9725,-0.0330,0.1937,-0.1253,116.4700,-79.2000,-88.1300,12.7500,-2.1300,-0.5100,0.0000,0.0000,-0.0000,1839.0000,1653.0000,1500.0000,1998.0000
157380.9880,2.0000,1997.0000,1313.0000,1011.0000,-12.0000,-81.0000,15.0000,1538.0000,-397.0000,11078.0000,-0.9693,-0.0327,0.2087,-0.1263,116.7700,-79.2500,-88.1100,12.6400,-2.0700,-1.2700,0.0000,0.0000,-0.0000,1839.0000,1653.0000,1500.0000,1998.0000
157397.7910,2.0000,1997.0000,1313.0000,1011.0000,3.0000,-33.0000,11.0000,1593.0000,-572.0000,10621.0000,-0.9674,-0.0323,0.2167,-0.1273,116.7700,-79.2500,-88.1100,12.6400,-2.0700,-1.2700,0.0000,0.0000,-0.0000,1839.0000,1653.0000,1500.0000,1998.0000
157414.5110,2.0000,1997.0000,1313.0000,1011.0000,51.0000,24.0000,7.0000,1220.0000,-501.0000,9654.0000,-0.9671,-0.0353,0.2165,-0.1288,117.0600,-79.2900,-88.1000,12.5200,-2.0000,-2.0400,0.0000,0.0000,-0.0000,1839.0000,1653.0000,1500.0000,1998.0000
157431.4570,2.0000,1997.0000,1313.0000,1011.0000,122.0000,88.0000,5.0000,1091.0000,-558.0000,8609.0000,-0.9682,-0.0466,0.2071,-0.1321,117.3300,-79.3300,-88.1000,12.4100,-1.9300,-2.7100,0.0000,0.0000,-0.0000,1839.0000,1653.0000,1500.0000,1998.0000
157448.0670,2.0000,1997.0000,1313.0000,1011.0000,192.0000,152.0000,1.0000,1176.0000,-387.0000,6889.0000,-0.9705,-0.0662,0.1868,-0.1376,117.5900,-79.3700,-88.1200,12.3500,-1.8500,-3.2800,0.0000,0.0000,-0.0000,1839.0000,1653.0000,1500.0000,1998.0000
157464.8760,2.0000,1996.0000,2000.0000,1140.0000,263.0000,199.0000,-4.0000,1342.0000,-114.0000,4207.0000,-0.9724,-0.0945,0.1565,-0.1448,117.8500,-79.4100,-88.1500,12.4000,-1.8100,-3.6600,0.0000,0.0000,-0.0000,1400.0000,1960.0000,1500.0000,1997.0000
157481.6310,2.0000,1996.0000,2000.0000,1140.0000,324.0000,239.0000,-9.0000,1451.0000,-119.0000,777.0000,-0.9722,-0.1318,0.1188,-0.1527,118.1600,-79.4500,-88.1700,12.5800,-1.7600,-3.7300,0.0000,0.0000,-0.0000,1400.0000,1960.0000,1500.0000,1997.0000
157498.2530,2.0000,1996.0000,2000.0000,1140.0000,339.0000,271.0000,-13.0000,1538.0000,76.0000,-2368.0000,-0.9688,-0.1733,0.0747,-0.1607,118.1600,-79.4500,-88.1700,12.5800,-1.7600,-3.7300,0.0000,0.0000,-0.0000,1400.0000,1960.0000,1500.0000,1997.0000
157514.9930,2.0000,1996.0000,2000.0000,1140.0000,304.0000,279.0000,-13.0000,1288.0000,226.0000,-5400.0000,-0.9622,-0.2125,0.0274,-0.1681,118.4700,-79.5000,-88.1700,12.8400,-1.8300,-3.4400,0.0000,0.0000,-0.0000,1400.0000,1960.0000,1500.0000,1997.0000
157531.6160,2.0000,1996.0000,2000.0000,1140.0000,249.0000,280.0000,-8.0000,1403.0000,304.0000,-7422.0000,-0.9537,-0.2439,-0.0185,-0.1751,118.7700,-79.5400,-88.1800,13.0100,-2.0400,-2.9700,0.0000,0.0000,-0.0000,1400.0000,1960.0000,1500.0000,1997.0000
157548.4700,2.0000,1988.0000,1933.0000,1413.0000,179.0000,255.0000,-7.0000,1450.0000,134.0000,-8561.0000,-0.9444,-0.2670,-0.0614,-0.1820,119.0500,-79.5900,-88.2000,13.0600,-2.3700,-2.3700,0.0000,0.0000,-0.0000,1068.0000,1067.0000,1500.0000,1967.0000
157565.1050,2.0000,1964.0000,1499.0000,2000.0000,110.0000,221.0000,-5.0000,1356.0000,79.0000,-8637.0000,-0.9364,-0.2800,-0.0977,-0.1879,119.3200,-79.6400,-88.2400,12.9900,-2.7000,-1.9100,0.0000,0.0000,-0.0000,1068.0000,1067.0000,1500.0000,1967.0000
157581.9250,2.0000,1964.0000,1499.0000,2000.0000,71.0000,184.0000,-5.0000,1455.0000,88.0000,-8237.0000,-0.9297,-0.2864,-0.1282,-0.1931,119.3200,-79.6400,-88.2400,12.9900,-2.7000,-1.9100,0.0000,0.0000,-0.0000,1068.0000,1067.0000,1500.0000,1967.0000
157598.7390,2.0000,1964.0000,1499.0000,2000.0000,40.0000,130.0000,-8.0000,1549.0000,-102.0000,-8268.0000,-0.9244,-0.2898,-0.1510,-0.1965,119.6500,-79.7100,-88.3100,12.7800,-2.8800,-1.3900,0.0000,0.0000,-0.0000,1068.0000,1067.0000,1500.0000,1967.0000
157615.3710,2.0000,1964.0000,1499.0000,2000.0000,8.0000,59.0000,-12.0000,1526.0000,-36.0000,-8409.0000,-0.9218,-0.2902,-0.1648,-0.1973,119.9600,-79.7900,-88.3700,12.5500,-3.0400,-0.7900,0.0000,0.0000,-0.0000,1068.0000,1067.0000,1500.0000,1967.0000
157632.3630,2.0000,1964.0000,1499.0000,2000.0000,-24.0000,-21.0000,-14.0000,1227.0000,-269.0000,-8392.0000,-0.9225,-0.2883,-0.1671,-0.1950,120.2300,-79.8600,-88.4300,12.3000,-3.1900,-0.1200,0.0000,0.0000,-0.0000,1068.0000,1067.0000,1500.0000,1967.0000
157648.9470,2.0000,1979.0000,1449.0000,2000.0000,-60.0000,-95.0000,-15.0000,1315.0000,26.0000,-7532.0000,-0.9264,-0.2843,-0.1576,-0.1902,120.4900,-79.9300,-88.4900,12.0400,-3.3100,0.5800,0.0000,0.0000,-0.0000,1128.0000,1067.0000,1500.0000,1985.0000
157665.6730,2.0000,1983.0000,1439.0000,2000.0000,-108.0000,-167.0000,-12.0000,1122.0000,-152.0000,-5513.0000,-0.9332,-0.2763,-0.1379,-0.1837,120.7400,-80.0000,-88.5300,11.8800,-3.4000,1.1700,0.0000,0.0000,-0.0000,1128.0000,1067.0000,1500.0000,1985.0000
157682.5030,2.0000,1983.0000,1439.0000,2000.0000,-156.0000,-212.0000,-4.0000,1431.0000,-285.0000,-2449.0000,-0.9424,-0.2629,-0.1079,-0.1764,120.7400,-80.0000,-88.5300,11.8800,-3.4000,1.1700,0.0000,0.0000,-0.0000,1128.0000,1067.0000,1500.0000,1985.0000
157699.1010,2.0000,1983.0000,1439.0000,2000.0000,-189.0000,-233.0000,4.0000,1351.0000,-627.0000,760.0000,-0.9520,-0.2443,-0.0724,-0.1697,121.0400,-80.0800,-88.5800,11.9600,-3.4100,1.6100,0.0000,0.0000,-0.0000,1128.0000,1067.0000,1500.0000,1985.0000
157715.8450,2.0000,1983.0000,1439.0000,2000.0000,-195.0000,-240.0000,10.0000,1308.0000,-699.0000,3767.0000,-0.9604,-0.2231,-0.0344,-0.1636,121.3300,-80.1500,-88.6300,12.1700,-3.2100,1.8100,0.0000,0.0000,-0.0000,1128.0000,1067.0000,1500.0000,1985.0000
157732.9800,2.0000,1983.0000,1439.0000,2000.0000,-185.0000,-235.0000,11.0000,1422.0000,-706.0000,6271.0000,-0.9668,-0.2014,0.0049,-0.1572,121.6100,-80.2200,-88.6500,12.3900,-2.8700,2.0000,0.0000,0.0000,-0.0000,1128.0000,1067.0000,1500.0000,1985.0000
157749.6590,2.0000,1997.0000,1000.0000,1746.0000,-171.0000,-219.0000,11.0000,1768.0000,-737.0000,8396.0000,-0.9708,-0.1814,0.0414,-0.1511,121.8900,-80.2700,-88.6500,12.5800,-2.5100,1.8900,0.0000,0.0000,-0.0000,1663.0000,1093.0000,1500.0000,1998.0000
157766.1120,2.0000,1997.0000,1000.0000,1746.0000,-155.0000,-205.0000,11.0000,2018.0000,-781.0000,9882.0000,-0.9730,-0.1628,0.0748,-0.1457,122.2200,-80.3300,-88.6300,12.8300,-2.2600,1.5400,0.0000,0.0000,-0.0000,1663.0000,1093.0000,1500.0000,1998.0000
157783.0470,2.0000,1997.0000,1000.0000,1746.0000,-114.0000,-192.0000,10.0000,2189.0000,-895.0000,10457.0000,-0.9733,-0.1472,0.1060,-0.1408,122.2200,-80.3300,-88.6300,12.8300,-2.2600,1.5400,0.0000,0.0000,-0.0000,1663.0000,1093.0000,1500.0000,1998.0000
157800.0210,2.0000,1997.0000,1000.0000,1746.0000,-72.0000,-177.0000,7.0000,2036.0000,-616.0000,10549.0000,-0.9718,-0.1377,0.1347,-0.1362,122.5200,-80.3800,-88.6100,12.9700,-2.0200,0.9800,0.0000,0.0000,-0.0000,1663.0000,1093.0000,1500.0000,1998.0000
157816.9870,2.0000,1997.0000,1000.0000,1746.0000,-37.0000,-145.0000,7.0000,1772.0000,-464.0000,10772.0000,-0.9692,-0.1332,0.1589,-0.1327,122.8100,-80.4300,-88.5800,12.9800,-1.8000,0.3400,0.0000,0.0000,-0.0000,1663.0000,1093.0000,1500.0000,1998.0000
157833.9620,2.0000,1997.0000,1000.0000,1746.0000,-24.0000,-115.0000,9.0000,1751.0000,-586.0000,10713.0000,-0.9665,-0.1310,0.1782,-0.1303,123.0900,-80.4600,-88.5700,12.8800,-1.5900,-0.3400,0.0000,0.0000,-0.0000,1663.0000,1093.0000,1500.0000,1998.0000
157850.4990,2.0000,1997.0000,1000.0000,1746.0000,-14.0000,-86.0000,11.0000,1581.0000,-762.0000,10180.0000,-0.9640,-0.1300,0.1929,-0.1289,123.3400,-80.4900,-88.5600,12.7300,-1.3800,-1.0200,0.0000,0.0000,-0.0000,1663.0000,1093.0000,1500.0000,1998.0000
157866.9950,2.0000,1997.0000,1549.0000,1000.0000,7.0000,-39.0000,15.0000,1401.0000,-540.0000,9303.0000,-0.9622,-0.1301,0.2015,-0.1293,123.6000,-80.5200,-88.5600,12.5900,-1.2200,-1.6300,0.0000,0.0000,-0.0000,1832.0000,1885.0000,1500.0000,1999.0000
157883.7620,2.0000,1998.0000,1553.0000,1000.0000,14.0000,-7.0000,16.0000,1277.0000,-258.0000,8001.0000,-0.9610,-0.1320,0.2047,-0.1311,123.6000,-80.5200,-88.5600,12.5900,-1.2200,-1.6300,0.0000,0.0000,-0.0000,1832.0000,1885.0000,1500.0000,1999.0000
157900.4480,2.0000,1998.0000,1553.0000,1000.0000,19.0000,15.0000,16.0000,1268.0000,-230.0000,6899.0000,-0.9605,-0.1336,0.2043,-0.1337,123.8800,-80.5600,-88.5700,12.5300,-1.2100,-2.1600,0.0000,0.0000,-0.0000,1832.0000,1885.0000,1500.0000,1999.0000
157917.0310,2.0000,1998.0000,1553.0000,1000.0000,22.0000,40.0000,15.0000,1388.0000,-395.0000,6254.0000,-0.9606,-0.1354,0.2004,-0.1368,124.1500,-80.5900,-88.5800,12.5000,-1.2600,-2.5700,0.0000,0.0000,-0.0000,1832.0000,1885.0000,1500.0000,1999.0000
157934.1150,2.0000,1998.0000,1553.0000,1000.0000,35.0000,78.0000,16.0000,1409.0000,-472.0000,5886.0000,-0.9615,-0.1376,0.1915,-0.1409,124.4100,-80.6300,-88.6100,12.5100,-1.3000,-2.9200,0.0000,0.0000,-0.0000,1832.0000,1885.0000,1500.0000,1999.0000
157950.8800,2.0000,1998.0000,1833.0000,1000.0000,75.0000,127.0000,16.0000,1369.0000,-189.0000,5107.0000,-0.9628,-0.1426,0.1766,-0.1464,124.6800,-80.6700,-88.6300,12.5300,-1.3500,-3.2300,0.0000,0.0000,-0.0000,1589.0000,1922.0000,1500.0000,1999.0000
157967.7330,2.0000,1998.0000,1834.0000,1000.0000,141.0000,186.0000,17.0000,1537.0000,-242.0000,4029.0000,-0.9640,-0.1539,0.1523,-0.1546,124.9800,-80.7200,-88.6700,12.5300,-1.4300,-3.4600,0.0000,0.0000,-0.0000,1589.0000,1922.0000,1500.0000,1999.0000
157984.5940,2.0000,1998.0000,1834.0000,1000.0000,192.0000,231.0000,14.0000,1389.0000,-175.0000,2233.0000,-0.9638,-0.1727,0.1189,-0.1648,124.9800,-80.7200,-88.6700,12.5300,-1.4300,-3.4600,0.0000,0.0000,-0.0000,1589.0000,1922.0000,1500.0000,1999.0000
158001.2970,2.0000,1998.0000,1834.0000,1000.0000,217.0000,288.0000,9.0000,1285.0000,-30.0000,-58.0000,-0.9617,-0.1951,0.0777,-0.1759,125.2600,-80.7800,-88.7000,12.5900,-1.5500,-3.5300,0.0000,0.0000,-0.0000,1589.0000,1922.0000,1500.0000,1999.0000
158018.1350,2.0000,1998.0000,1834.0000,1000.0000,211.0000,347.0000,9.0000,1258.0000,161.0000,-2962.0000,-0.9575,-0.2170,0.0275,-0.1880,125.5300,-80.8400,-88.7300,12.6600,-1.8000,-3.3900,0.0000,0.0000,-0.0000,1589.0000,1922.0000,1500.0000,1999.0000
158034.9820,2.0000,1998.0000,1834.0000,1000.0000,184.0000,364.0000,12.0000,1269.0000,106.0000,-6457.0000,-0.9507,-0.2346,-0.0278,-0.2008,125.7900,-80.9000,-88.7500,12.6800,-2.2000,-2.9800,0.0000,0.0000,-0.0000,1589.0000,1922.0000,1500.0000,1999.0000
158051.5640,2.0000,1965.0000,1519.0000,2000.0000,171.0000,341.0000,10.0000,1406.0000,235.0000,-9522.0000,-0.9416,-0.2484,-0.0810,-0.2125,126.0600,-80.9800,-88.8000,12.5700,-2.6700,-2.6700,0.0000,0.0000,-0.0000,1068.0000,1087.0000,1500.0000,1968.0000
158068.2020,2.0000,1965.0000,1519.0000,2000.0000,150.0000,281.0000,5.0000,1610.0000,293.0000,-11286.0000,-0.9308,-0.2608,-0.1282,-0.2216,126.0600,-80.9800,-88.8000,12.5700,-2.6700,-2.6700,0.0000,0.0000,-0.0000,1068.0000,1087.0000,1500.0000,1968.0000
158084.9420,2.0000,1965.0000,1519.0000,2000.0000,121.0000,193.0000,-4.0000,2112.0000,315.0000,-11859.0000,-0.9207,-0.2716,-0.1647,-0.2269,126.3700,-81.0800,-88.8700,12.2700,-3.1200,-2.0300,0.0000,0.0000,-0.0000,1068.0000,1087.0000,1500.0000,1968.0000
158101.6110,2.0000,1965.0000,1519.0000,2000.0000,82.0000,95.0000,-15.0000,1877.0000,143.0000,-11557.0000,-0.9136,-0.2805,-0.1871,-0.2274,126.6500,-81.1700,-88.9400,11.8900,-3.5700,-1.2400,0.0000,0.0000,-0.0000,1068.0000,1087.0000,1500.0000,1968.0000
158118.2860,2.0000,1965.0000,1519.0000,2000.0000,31.0000,-13.0000,-29.0000,1505.0000,428.0000,-10455.0000,-0.9113,-0.2865,-0.1946,-0.2229,126.9000,-81.2800,-89.0100,11.4700,-3.9600,-0.3700,0.0000,0.0000,-0.0000,1068.0000,1087.0000,1500.0000,1968.0000
158134.9480,2.0000,1965.0000,1519.0000,2000.0000,-29.0000,-98.0000,-34.0000,1328.0000,252.0000,-8407.0000,-0.9141,-0.2879,-0.1880,-0.2149,127.1300,-81.3800,-89.0800,11.1000,-4.2300,0.3900,0.0000,0.0000,-0.0000,1068.0000,1087.0000,1500.0000,1968.0000
158151.9410,2.0000,1996.0000,1203.0000,2000.0000,-85.0000,-177.0000,-38.0000,1306.0000,-58.0000,-6084.0000,-0.9215,-0.2834,-0.1691,-0.2048,127.3600,-81.4800,-89.1300,10.9700,-4.3800,1.0100,0.0000,0.0000,-0.0000,1374.0000,1078.0000,1500.0000,1997.0000
158168.6640,2.0000,1996.0000,1203.0000,2000.0000,-130.0000,-228.0000,-34.0000,1075.0000,-109.0000,-3399.0000,-0.9317,-0.2743,-0.1395,-0.1930,127.3600,-81.4800,-89.1300,10.9700,-4.3800,1.0100,0.0000,0.0000,-0.0000,1374.0000,1078.0000,1500.0000,1997.0000
158185.5160,2.0000,1996.0000,1203.0000,2000.0000,-149.0000,-260.0000,-30.0000,968.0000,-338.0000,-908.0000,-0.9428,-0.2609,-0.1026,-0.1806,127.6400,-81.5900,-89.1800,11.1400,-4.4000,1.5000,0.0000,0.0000,-0.0000,1374.0000,1078.0000,1500.0000,1997.0000
158202.5580,2.0000,1996.0000,1203.0000,2000.0000,-148.0000,-275.0000,-29.0000,1188.0000,-353.0000,1739.0000,-0.9526,-0.2462,-0.0618,-0.1675,127.9100,-81.6900,-89.2200,11.3800,-4.2500,1.8200,0.0000,0.0000,-0.0000,1374.0000,1078.0000,1500.0000,1997.0000
158219.0990,2.0000,1996.0000,1203.0000,2000.0000,-127.0000,-288.0000,-30.0000,1552.0000,-557.0000,4671.0000,-0.9598,-0.2337,-0.0204,-0.1540,128.1600,-81.7800,-89.2400,11.6700,-3.9800,2.1000,0.0000,0.0000,-0.0000,1374.0000,1078.0000,1500.0000,1997.0000
158235.7890,2.0000,1996.0000,1203.0000,2000.0000,-112.0000,-281.0000,-30.0000,1956.0000,-786.0000,7501.0000,-0.9644,-0.2233,0.0214,-0.1397,128.4000,-81.8600,-89.2300,11.9700,-3.5800,2.1100,0.0000,0.0000,-0.0000,1374.0000,1078.0000,1500.0000,1997.0000
158252.3400,2.0000,1996.0000,1203.0000,2000.0000,-93.0000,-272.0000,-30.0000,2167.0000,-1130.0000,10113.0000,-0.9667,-0.2145,0.0610,-0.1258,128.6600,-81.9300,-89.2100,12.2200,-3.1900,1.8400,0.0000,0.0000,-0.0000,1374.0000,1078.0000,1500.0000,1997.0000
158268.8500,2.0000,1997.0000,1000.0000,1803.0000,-72.0000,-249.0000,-27.0000,2232.0000,-1201.0000,11481.0000,-0.9667,-0.2078,0.0979,-0.1128,128.6600,-81.9300,-89.2100,12.2200,-3.1900,1.8400,0.0000,0.0000,-0.0000,1616.0000,1084.0000,1500.0000,1998.0000
158285.6560,2.0000,1997.0000,1000.0000,1802.0000,-50.0000,-206.0000,-22.0000,2256.0000,-1102.0000,12170.0000,-0.9651,-0.2030,0.1304,-0.1015,128.9500,-82.0100,-89.1700,12.3500,-2.8500,1.3100,0.0000,0.0000,-0.0000,1616.0000,1084.0000,1500.0000,1998.0000
158302.5180,2.0000,1997.0000,1000.0000,1802.0000,-27.0000,-160.0000,-20.0000,2185.0000,-870.0000,11947.0000,-0.9627,-0.2004,0.1562,-0.0924,129.2300,-82.0800,-89.1400,12.3400,-2.5200,0.6500,0.0000,0.0000,-0.0000,1616.0000,1084.0000,1500.0000,1998.0000
158319.6650,2.0000,1997.0000,1000.0000,1802.0000,-15.0000,-122.0000,-20.0000,2010.0000,-587.0000,10751.0000,-0.9601,-0.2000,0.1762,-0.0849,129.4800,-82.1400,-89.1100,12.2400,-2.2100,-0.0600,0.0000,0.0000,-0.0000,1616.0000,1084.0000,1500.0000,1998.0000
158336.6120,2.0000,1997.0000,1000.0000,1802.0000,-1.0000,-95.0000,-16.0000,1801.0000,-519.0000,9657.0000,-0.9576,-0.2006,0.1910,-0.0790,129.7200,-82.1800,-89.0900,12.1000,-1.9700,-0.6700,0.0000,0.0000,-0.0000,1616.0000,1084.0000,1500.0000,1998.0000
158353.4200,2.0000,1998.0000,1941.0000,1035.0000,3.0000,-49.0000,-12.0000,1528.0000,-563.0000,9212.0000,-0.9556,-0.2022,0.2006,-0.0753,129.9700,-82.2400,-89.0800,11.9300,-1.8500,-1.2100,0.0000,0.0000,-0.0000,1514.0000,1954.0000,1500.0000,1999.0000
158370.3250,2.0000,1998.0000,1941.0000,1035.0000,11.0000,-14.0000,-7.0000,1493.0000,-805.0000,8879.0000,-0.9545,-0.2039,0.2047,-0.0736,129.9700,-82.2400,-89.0800,11.9300,-1.8500,-1.2100,0.0000,0.0000,-0.0000,1514.0000,1954.0000,1500.0000,1999.0000
158387.5670,2.0000,1998.0000,1941.0000,1035.0000,16.0000,24.0000,4.0000,1441.0000,-952.0000,7928.0000,-0.9545,-0.2057,0.2027,-0.0746,130.2300,-82.3000,-89.0800,11.7600,-1.8200,-1.7200,0.0000,0.0000,-0.0000,1514.0000,1954.0000,1500.0000,1999.0000
158404.2350,2.0000,1998.0000,1941.0000,1035.0000,18.0000,68.0000,12.0000,1648.0000,-673.0000,7282.0000,-0.9553,-0.2073,0.1960,-0.0780,130.4700,-82.3600,-89.0800,11.6200,-1.8000,-2.1600,0.0000,0.0000,-0.0000,1514.0000,1954.0000,1500.0000,1999.0000
158420.9110,2.0000,1998.0000,1941.0000,1035.0000,41.0000,114.0000,16.0000,1673.0000,-697.0000,6782.0000,-0.9568,-0.2096,0.1836,-0.0836,130.7100,-82.4100,-89.0900,11.5400,-1.8100,-2.5600,0.0000,0.0000,-0.0000,1514.0000,1954.0000,1500.0000,1999.0000
158437.6360,2.0000,1998.0000,1941.0000,1035.0000,72.0000,172.0000,22.0000,1636.0000,-588.0000,5832.0000,-0.9583,-0.2154,0.1632,-0.0926,130.9300,-82.4700,-89.1100,11.5000,-1.8500,-2.9100,0.0000,0.0000,-0.0000,1514.0000,1954.0000,1500.0000,1999.0000
158454.7020,2.0000,1997.0000,1992.0000,1076.0000,85.0000,236.0000,27.0000,2064.0000,-275.0000,4514.0000,-0.9599,-0.2232,0.1334,-0.1046,131.1700,-82.5300,-89.1400,11.5100,-1.9000,-3.1500,0.0000,0.0000,-0.0000,1465.0000,1959.0000,1500.0000,1998.0000
158471.4040,2.0000,1997.0000,1992.0000,1076.0000,83.0000,303.0000,29.0000,1945.0000,-257.0000,2511.0000,-0.9612,-0.2300,0.0955,-0.1189,131.1700,-82.5300,-89.1400,11.5100,-1.9000,-3.1500,0.0000,0.0000,-0.0000,1465.0000,1959.0000,1500.0000,1998.0000
158487.9650,2.0000,1997.0000,1992.0000,1076.0000,72.0000,375.0000,30.0000,1912.0000,-25.0000,-635.0000,-0.9616,-0.2340,0.0472,-0.1352,131.4300,-82.6000,-89.1600,11.5700,-1.9800,-3.2500,0.0000,0.0000,-0.0000,1465.0000,1959.0000,1500.0000,1998.0000
158504.9830,2.0000,1997.0000,1992.0000,1076.0000,68.0000,413.0000,29.0000,1630.0000,161.0000,-4725.0000,-0.9597,-0.2356,-0.0098,-0.1532,131.6700,-82.6800,-89.1800,11.6300,-2.2500,-3.1100,0.0000,0.0000,-0.0000,1465.0000,1959.0000,1500.0000,1998.0000
158521.7370,2.0000,1997.0000,1992.0000,1076.0000,57.0000,409.0000,25.0000,1668.0000,516.0000,-8854.0000,-0.9547,-0.2345,-0.0679,-0.1702,131.9000,-82.7600,-89.1900,11.5900,-2.7200,-2.6100,0.0000,0.0000,-0.0000,1465.0000,1959.0000,1500.0000,1998.0000
158538.5320,2.0000,1997.0000,1992.0000,1076.0000,52.0000,354.0000,17.0000,1931.0000,622.0000,-11073.0000,-0.9471,-0.2321,-0.1219,-0.1849,132.1200,-82.8600,-89.2200,11.3800,-3.3400,-2.0900,0.0000,0.0000,-0.0000,1465.0000,1959.0000,1500.0000,1998.0000
158555.5660,2.0000,1994.0000,1309.0000,2000.0000,34.0000,287.0000,7.0000,1884.0000,581.0000,-11512.0000,-0.9385,-0.2294,-0.1679,-0.1958,132.3500,-82.9600,-89.2800,11.0500,-3.7900,-1.3600,0.0000,0.0000,-0.0000,1261.0000,1071.0000,1500.0000,1995.0000
158572.4480,2.0000,1994.0000,1309.0000,2000.0000,28.0000,224.0000,-6.0000,2136.0000,262.0000,-10334.0000,-0.9308,-0.2262,-0.2036,-0.2026,132.3500,-82.9600,-89.2800,11.0500,-3.7900,-1.3600,0.0000,0.0000,-0.0000,1261.0000,1071.0000,1500.0000,1995.0000
158589.5180,2.0000,1994.0000,1309.0000,2000.0000,28.0000,163.0000,-20.0000,2211.0000,284.0000,-9056.0000,-0.9242,-0.2243,-0.2312,-0.2054,132.6000,-83.0700,-89.3400,10.7300,-3.9900,-0.5100,0.0000,0.0000,-0.0000,1261.0000,1071.0000,1500.0000,1995.0000
158606.4090,2.0000,1994.0000,1309.0000,2000.0000,9.0000,97.0000,-35.0000,2063.0000,356.0000,-8726.0000,-0.9199,-0.2223,-0.2502,-0.2041,132.8300,-83.1700,-89.3800,10.4400,-4.0900,0.2600,0.0000,0.0000,-0.0000,1261.0000,1071.0000,1500.0000,1995.0000
158623.1200,2.0000,1994.0000,1309.0000,2000.0000,-9.0000,18.0000,-49.0000,1466.0000,221.0000,-8360.0000,-0.9195,-0.2193,-0.2585,-0.1993,133.0300,-83.2700,-89.4200,10.1500,-4.1400,1.0100,0.0000,0.0000,-0.0000,1261.0000,1071.0000,1500.0000,1995.0000
158639.8350,2.0000,1994.0000,1309.0000,2000.0000,-25.0000,-65.0000,-63.0000,1500.0000,269.0000,-8216.0000,-0.9227,-0.2161,-0.2562,-0.1906,133.2200,-83.3700,-89.4600,9.8600,-4.1500,1.7000,0.0000,0.0000,-0.0000,1261.0000,1071.0000,1500.0000,1995.0000
158656.6090,2.0000,1997.0000,1066.0000,1904.0000,-48.0000,-136.0000,-73.0000,1678.0000,341.0000,-7308.0000,-0.9297,-0.2115,-0.2432,-0.1785,133.4400,-83.4600,-89.4800,9.7300,-4.1800,2.3700,0.0000,0.0000,-0.0000,1518.0000,1081.0000,1500.0000,1998.0000
158673.4770,2.0000,1997.0000,1065.0000,1903.0000,-72.0000,-222.0000,-78.0000,1351.0000,71.0000,-5327.0000,-0.9398,-0.2054,-0.2186,-0.1635,133.4400,-83.4600,-89.4800,9.7300,-4.1800,2.3700,0.0000,0.0000,-0.0000,1518.0000,1081.0000,1500.0000,1998.0000
158690.4160,2.0000,1997.0000,1065.0000,1903.0000,-95.0000,-267.0000,-80.0000,1429.0000,-261.0000,-2390.0000,-0.9517,-0.1971,-0.1840,-0.1467,133.6700,-83.5600,-89.5000,9.8200,-4.1600,2.8900,0.0000,0.0000,-0.0000,1518.0000,1081.0000,1500.0000,1998.0000
158707.3090,2.0000,1997.0000,1065.0000,1903.0000,-88.0000,-296.0000,-83.0000,1785.0000,-615.0000,402.0000,-0.9629,-0.1879,-0.1444,-0.1287,133.8900,-83.6500,-89.5200,10.0600,-3.9900,3.3100,0.0000,0.0000,-0.0000,1518.0000,1081.0000,1500.0000,1998.0000
158724.0100,2.0000,1997.0000,1065.0000,1903.0000,-72.0000,-307.0000,-84.0000,1703.0000,-696.0000,3023.0000,-0.9721,-0.1803,-0.1025,-0.1097,134.1100,-83.7300,-89.5300,10.4400,-3.6900,3.5700,0.0000,0.0000,-0.0000,1518.0000,1081.0000,1500.0000,1998.0000
158741.0550,2.0000,1997.0000,1065.0000,1903.0000,-49.0000,-305.0000,-81.0000,1537.0000,-742.0000,5348.0000,-0.9787,-0.1752,-0.0589,-0.0896,134.3200,-83.7900,-89.5100,10.8100,-3.3200,3.7100,0.0000,0.0000,-0.0000,1518.0000,1081.0000,1500.0000,1998.0000
158758.1810,2.0000,1997.0000,1018.0000,1856.0000,-29.0000,-304.0000,-77.0000,1811.0000,-781.0000,7652.0000,-0.9824,-0.1727,-0.0157,-0.0700,134.5800,-83.8700,-89.4700,11.2200,-3.0300,3.6300,0.0000,0.0000,-0.0000,1565.0000,1081.0000,1500.0000,1998.0000
158775.1030,2.0000,1997.0000,1018.0000,1856.0000,-11.0000,-295.0000,-70.0000,2104.0000,-1208.0000,10098.0000,-0.9833,-0.1727,0.0265,-0.0515,134.5800,-83.8700,-89.4700,11.2200,-3.0300,3.6300,0.0000,0.0000,-0.0000,1565.0000,1081.0000,1500.0000,1998.0000
158792.0260,2.0000,1997.0000,1018.0000,1856.0000,4.0000,-259.0000,-62.0000,2232.0000,-1381.0000,11768.0000,-0.9819,-0.1744,0.0649,-0.0348,134.8500,-83.9400,-89.4200,11.5900,-2.7200,3.2600,0.0000,0.0000,-0.0000,1565.0000,1081.0000,1500.0000,1998.0000
158808.9860,2.0000,1997.0000,1018.0000,1856.0000,26.0000,-210.0000,-53.0000,2056.0000,-1286.0000,12010.0000,-0.9789,-0.1782,0.0976,-0.0207,135.1200,-84.0000,-89.3700,11.8200,-2.3400,2.6400,0.0000,0.0000,-0.0000,1565.0000,1081.0000,1500.0000,1998.0000
158825.9600,2.0000,1997.0000,1018.0000,1856.0000,53.0000,-165.0000,-47.0000,1958.0000,-996.0000,10696.0000,-0.9750,-0.1851,0.1229,-0.0094,135.3600,-84.0500,-89.3200,11.9000,-1.9900,1.9400,0.0000,0.0000,-0.0000,1565.0000,1081.0000,1500.0000,1998.0000
158843.0710,2.0000,1997.0000,1018.0000,1856.0000,91.0000,-134.0000,-35.0000,2083.0000,-976.0000,9849.0000,-0.9700,-0.1966,0.1433,-0.0008,135.6000,-84.0900,-89.2700,11.9000,-1.7100,1.3300,0.0000,0.0000,-0.0000,1565.0000,1081.0000,1500.0000,1998.0000
158860.0790,2.0000,1972.0000,1621.0000,2000.0000,93.0000,-92.0000,-21.0000,1961.0000,-1180.0000,10505.0000,-0.9646,-0.2105,0.1590,0.0044,135.8600,-84.1400,-89.2200,11.8200,-1.6100,0.7600,0.0000,0.0000,-0.0000,1065.0000,1187.0000,1500.0000,1974.0000
158876.8120,2.0000,1972.0000,1622.0000,2000.0000,86.0000,-50.0000,-9.0000,1997.0000,-1351.0000,10244.0000,-0.9601,-0.2233,0.1685,0.0061,135.8600,-84.1400,-89.2200,11.8200,-1.6100,0.7600,0.0000,0.0000,-0.0000,1065.0000,1187.0000,1500.0000,1974.0000
158893.4350,2.0000,1972.0000,1622.0000,2000.0000,81.0000,-17.0000,6.0000,1742.0000,-1012.0000,8664.0000,-0.9564,-0.2353,0.1727,0.0048,136.1400,-84.2000,-89.1800,11.6800,-1.5300,0.1600,0.0000,0.0000,-0.0000,1065.0000,1187.0000,1500.0000,1974.0000
158910.1140,2.0000,1972.0000,1622.0000,2000.0000,59.0000,22.0000,25.0000,1715.0000,-793.0000,7902.0000,-0.9541,-0.2448,0.1727,0.0001,136.3900,-84.2500,-89.1400,11.5500,-1.5000,-0.3000,0.0000,0.0000,-0.0000,1065.0000,1187.0000,1500.0000,1974.0000
158926.6460,2.0000,1972.0000,1622.0000,2000.0000,24.0000,58.0000,40.0000,1738.0000,-447.0000,6917.0000,-0.9537,-0.2495,0.1680,-0.0073,136.6200,-84.3000,-89.1100,11.4500,-1.5200,-0.6900,0.0000,0.0000,-0.0000,1065.0000,1187.0000,1500.0000,1974.0000
158943.5170,2.0000,1995.0000,2000.0000,1477.0000,-3.0000,78.0000,49.0000,1653.0000,-312.0000,5894.0000,-0.9548,-0.2500,0.1598,-0.0170,136.8400,-84.3400,-89.0900,11.3900,-1.5900,-1.0000,0.0000,0.0000,-0.0000,1191.0000,1834.0000,1500.0000,1996.0000
158960.1060,2.0000,1995.0000,2000.0000,1476.0000,-39.0000,105.0000,60.0000,1274.0000,-289.0000,4713.0000,-0.9575,-0.2455,0.1491,-0.0276,137.0800,-84.4000,-89.0700,11.3200,-1.6200,-1.2400,0.0000,0.0000,-0.0000,1191.0000,1834.0000,1500.0000,1996.0000
158976.7760,2.0000,1995.0000,2000.0000,1476.0000,-75.0000,125.0000,68.0000,1145.0000,-27.0000,3462.0000,-0.9616,-0.2355,0.1353,-0.0396,137.0800,-84.4000,-89.0700,11.3200,-1.6200,-1.2400,0.0000,0.0000,-0.0000,1191.0000,1834.0000,1500.0000,1996.0000
158993.5240,2.0000,1995.0000,2000.0000,1476.0000,-120.0000,153.0000,68.0000,1348.0000,86.0000,3000.0000,-0.9670,-0.2196,0.1185,-0.0523,137.3300,-84.4600,-89.0600,11.2700,-1.7100,-1.3500,0.0000,0.0000,-0.0000,1191.0000,1834.0000,1500.0000,1996.0000
159010.1270,2.0000,1995.0000,2000.0000,1476.0000,-161.0000,164.0000,61.0000,1637.0000,277.0000,2488.0000,-0.9732,-0.1973,0.0994,-0.0641,137.5700,-84.5100,-89.0400,11.2500,-1.8400,-1.4200,0.0000,0.0000,-0.0000,1191.0000,1834.0000,1500.0000,1996.0000
159026.6270,2.0000,1995.0000,2000.0000,1476.0000,-200.0000,183.0000,53.0000,1541.0000,382.0000,1625.0000,-0.9796,-0.1693,0.0782,-0.0746,137.7900,-84.5700,-89.0300,11.2700,-2.0000,-1.4500,0.0000,0.0000,-0.0000,1191.0000,1834.0000,1500.0000,1996.0000
159043.5480,2.0000,1996.0000,1000.0000,1622.0000,-234.0000,212.0000,42.0000,1486.0000,308.0000,577.0000,-0.9858,-0.1354,0.0533,-0.0837,138.0000,-84.6200,-89.0300,11.3000,-2.2000,-1.4100,0.0000,0.0000,-0.0000,1737.0000,1137.0000,1500.0000,1998.0000
159060.1250,2.0000,1997.0000,1000.0000,1628.0000,-253.0000,233.0000,29.0000,1819.0000,436.0000,-756.0000,-0.9908,-0.0974,0.0253,-0.0909,138.0000,-84.6200,-89.0300,11.3000,-2.2000,-1.4100,0.0000,0.0000,-0.0000,1737.0000,1137.0000,1500.0000,1998.0000
159076.9530,2.0000,1997.0000,1000.0000,1628.0000,-259.0000,244.0000,17.0000,1699.0000,566.0000,-2840.0000,-0.9937,-0.0566,-0.0058,-0.0964,138.2400,-84.6900,-89.0200,11.3300,-2.2900,-1.2600,0.0000,0.0000,-0.0000,1737.0000,1137.0000,1500.0000,1998.0000
159093.9110,2.0000,1997.0000,1000.0000,1628.0000,-242.0000,233.0000,4.0000,1734.0000,752.0000,-4812.0000,-0.9942,-0.0160,-0.0372,-0.0999,138.4800,-84.7500,-89.0200,11.3500,-2.3400,-0.9800,0.0000,0.0000,-0.0000,1737.0000,1137.0000,1500.0000,1998.0000
159110.9810,2.0000,1997.0000,1000.0000,1628.0000,-207.0000,185.0000,-12.0000,1866.0000,925.0000,-6257.0000,-0.9926,0.0205,-0.0646,-0.1010,138.7200,-84.8100,-89.0200,11.3100,-2.3900,-0.4800,0.0000,0.0000,-0.0000,1737.0000,1137.0000,1500.0000,1998.0000
159127.6740,2.0000,1997.0000,1000.0000,1628.0000,-160.0000,118.0000,-34.0000,1620.0000,961.0000,-6927.0000,-0.9903,0.0496,-0.0840,-0.0991,138.9300,-84.8800,-89.0300,11.2300,-2.4100,0.0600,0.0000,0.0000,-0.0000,1737.0000,1137.0000,1500.0000,1998.0000
159144.3530,2.0000,1997.0000,1009.0000,1845.0000,-109.0000,65.0000,-54.0000,1065.0000,801.0000,-6977.0000,-0.9886,0.0709,-0.0947,-0.0935,139.1400,-84.9300,-89.0400,11.0800,-2.3700,0.7300,0.0000,0.0000,-0.0000,1575.0000,1081.0000,1500.0000,1998.0000
159161.0860,2.0000,1997.0000,1008.0000,1846.0000,-60.0000,-7.0000,-77.0000,1074.0000,644.0000,-6032.0000,-0.9881,0.0844,-0.0966,-0.0845,139.1400,-84.9300,-89.0400,11.0800,-2.3700,0.7300,0.0000,0.0000,-0.0000,1575.0000,1081.0000,1500.0000,1998.0000
159177.9370,2.0000,1997.0000,1008.0000,1846.0000,-32.0000,-68.0000,-100.0000,1126.0000,539.0000,-4558.0000,-0.9891,0.0916,-0.0901,-0.0724,139.3700,-84.9900,-89.0500,10.9800,-2.2600,1.3600,0.0000,0.0000,-0.0000,1575.0000,1081.0000,1500.0000,1998.0000
159194.6460,2.0000,1997.0000,1008.0000,1846.0000,-27.0000,-114.0000,-116.0000,908.0000,233.0000,-2863.0000,-0.9909,0.0962,-0.0747,-0.0581,139.6100,-85.0500,-89.0600,10.9300,-2.1600,1.9300,0.0000,0.0000,-0.0000,1575.0000,1081.0000,1500.0000,1998.0000
159211.6050,2.0000,1997.0000,1008.0000,1846.0000,-25.0000,-158.0000,-124.0000,1067.0000,57.0000,-361.0000,-0.9927,0.1002,-0.0523,-0.0426,139.8300,-85.1000,-89.0600,10.9100,-2.0700,2.3600,0.0000,0.0000,-0.0000,1575.0000,1081.0000,1500.0000,1998.0000
159228.2950,2.0000,1997.0000,1008.0000,1846.0000,-23.0000,-186.0000,-125.0000,1132.0000,-217.0000,2139.0000,-0.9939,0.1036,-0.0252,-0.0271,140.0400,-85.1500,-89.0500,10.9200,-2.0000,2.6300,0.0000,0.0000,-0.0000,1575.0000,1081.0000,1500.0000,1998.0000
159245.2030,2.0000,1997.0000,1008.0000,1846.0000,-18.0000,-196.0000,-119.0000,1431.0000,-372.0000,4164.0000,-0.9943,0.1063,0.0048,-0.0120,140.2400,-85.1900,-89.0300,10.9400,-1.9700,2.6700,0.0000,0.0000,-0.0000,1575.0000,1081.0000,1500.0000,1998.0000
159262.1100,2.0000,1997.0000,1000.0000,1800.0000,-4.0000,-212.0000,-112.0000,1647.0000,-858.0000,6116.0000,-0.9935,0.1075,0.0364,0.0017,140.2400,-85.1900,-89.0300,10.9400,-1.9700,2.6700,0.0000,0.0000,-0.0000,1617.0000,1085.0000,1500.0000,1998.0000
159278.9770,2.0000,1997.0000,1000.0000,1800.0000,16.0000,-218.0000,-100.0000,1815.0000,-1340.0000,7781.0000,-0.9918,0.1061,0.0702,0.0138,140.4800,-85.2400,-88.9900,11.1800,-1.9900,2.5000,0.0000,0.0000,-0.0000,1617.0000,1085.0000,1500.0000,1998.0000
159295.7040,2.0000,1997.0000,1000.0000,1800.0000,35.0000,-214.0000,-88.0000,2188.0000,-1541.0000,9059.0000,-0.9892,0.1019,0.1031,0.0237,140.7300,-85.2900,-88.9400,11.4000,-2.0000,2.1300,0.0000,0.0000,-0.0000,1617.0000,1085.0000,1500.0000,1998.0000
159312.5070,2.0000,1997.0000,1000.0000,1800.0000,57.0000,-210.0000,-78.0000,2133.0000,-1400.0000,9657.0000,-0.9859,0.0944,0.1348,0.0317,140.9700,-85.3300,-88.8900,11.5300,-2.0100,1.6000,0.0000,0.0000,-0.0000,1617.0000,1085.0000,1500.0000,1998.0000
159329.4290,2.0000,1997.0000,1000.0000,1800.0000,78.0000,-191.0000,-68.0000,1922.0000,-1364.0000,10096.0000,-0.9819,0.0839,0.1653,0.0381,141.2000,-85.3700,-88.8500,11.5300,-2.0200,0.9700,0.0000,0.0000,-0.0000,1617.0000,1085.0000,1500.0000,1998.0000
159346.5670,2.0000,1997.0000,1446.0000,1436.0000,97.0000,-170.0000,-58.0000,2039.0000,-1396.0000,10535.0000,-0.9776,0.0706,0.1935,0.0428,141.4100,-85.4100,-88.8100,11.4100,-2.0200,0.2500,0.0000,0.0000,-0.0000,1500.0000,1950.0000,1500.0000,1999.0000
159363.5980,2.0000,1998.0000,1949.0000,1051.0000,121.0000,-136.0000,-49.0000,2204.0000,-1250.0000,10064.0000,-0.9737,0.0539,0.2167,0.0457,141.4100,-85.4100,-88.8100,11.4100,-2.0200,0.2500,0.0000,0.0000,-0.0000,1500.0000,1950.0000,1500.0000,1999.0000
159380.3790,2.0000,1998.0000,1949.0000,1051.0000,137.0000,-107.0000,-37.0000,1785.0000,-1219.0000,9999.0000,-0.9701,0.0349,0.2355,0.0467,141.6100,-85.4400,-88.7800,11.2600,-1.9800,-0.4500,0.0000,0.0000,-0.0000,1500.0000,1950.0000,1500.0000,1999.0000
159397.4100,2.0000,1998.0000,1949.0000,1051.0000,153.0000,-67.0000,-23.0000,2012.0000,-1199.0000,9660.0000,-0.9672,0.0146,0.2495,0.0459,141.7900,-85.4700,-88.7600,11.0600,-1.9200,-1.1200,0.0000,0.0000,-0.0000,1500.0000,1950.0000,1500.0000,1999.0000
159414.1140,2.0000,1998.0000,1949.0000,1051.0000,177.0000,-27.0000,-9.0000,2386.0000,-1260.0000,9396.0000,-0.9654,-0.0086,0.2572,0.0422,141.9500,-85.5000,-88.7500,10.8700,-1.8200,-1.7700,0.0000,0.0000,-0.0000,1500.0000,1950.0000,1500.0000,1999.0000
159430.9810,2.0000,1998.0000,1949.0000,1051.0000,213.0000,30.0000,6.0000,2227.0000,-1187.0000,8859.0000,-0.9647,-0.0363,0.2585,0.0351,142.1000,-85.5300,-88.7400,10.7200,-1.6700,-2.3900,0.0000,0.0000,-0.0000,1500.0000,1950.0000,1500.0000,1999.0000
159447.9680,2.0000,1993.0000,2000.0000,1240.0000,246.0000,93.0000,23.0000,1873.0000,-1279.0000,8722.0000,-0.9652,-0.0692,0.2511,0.0238,142.2400,-85.5500,-88.7500,10.5900,-1.4900,-2.9700,0.0000,0.0000,-0.0000,1293.0000,1958.0000,1500.0000,1994.0000
159464.5070,2.0000,1993.0000,2000.0000,1249.0000,260.0000,170.0000,40.0000,1905.0000,-1340.0000,8182.0000,-0.9666,-0.1040,0.2340,0.0089,142.2400,-85.5500,-88.7500,10.5900,-1.4900,-2.9700,0.0000,0.0000,-0.0000,1293.0000,1958.0000,1500.0000,1994.0000
159481.3200,2.0000,1993.0000,2000.0000,1249.0000,251.0000,247.0000,55.0000,1889.0000,-961.0000,6272.0000,-0.9688,-0.1392,0.2048,-0.0096,142.3700,-85.5600,-88.7700,10.4900,-1.2500,-3.5000,0.0000,0.0000,-0.0000,1293.0000,1958.0000,1500.0000,1994.0000
159497.9600,2.0000,1993.0000,2000.0000,1249.0000,210.0000,309.0000,67.0000,1681.0000,-839.0000,3659.0000,-0.9709,-0.1696,0.1663,-0.0303,142.4900,-85.5700,-88.8100,10.5200,-1.0500,-3.8900,0.0000,0.0000,-0.0000,1293.0000,1958.0000,1500.0000,1994.0000
159514.6410,2.0000,1993.0000,2000.0000,1249.0000,155.0000,350.0000,74.0000,1582.0000,-586.0000,270.0000,-0.9727,-0.1916,0.1198,-0.0523,142.6000,-85.5800,-88.8400,10.6900,-0.9500,-4.0000,0.0000,0.0000,-0.0000,1293.0000,1958.0000,1500.0000,1994.0000
159531.8190,2.0000,1993.0000,2000.0000,1249.0000,85.0000,393.0000,80.0000,1720.0000,7.0000,-3068.0000,-0.9737,-0.2044,0.0675,-0.0752,142.7000,-85.5800,-88.8800,10.9200,-1.0400,-3.8000,0.0000,0.0000,-0.0000,1293.0000,1958.0000,1500.0000,1994.0000
159548.6050,2.0000,1988.0000,1401.0000,2000.0000,18.0000,392.0000,77.0000,1863.0000,391.0000,-6303.0000,-0.9735,-0.2062,0.0128,-0.0983,142.8000,-85.5900,-88.9100,11.1400,-1.3200,-3.3300,0.0000,0.0000,-0.0000,1168.0000,1069.0000,1500.0000,1990.0000
159565.0460,2.0000,1988.0000,1401.0000,2000.0000,-25.0000,356.0000,75.0000,2008.0000,639.0000,-9394.0000,-0.9719,-0.1996,-0.0373,-0.1194,142.8000,-85.5900,-88.9100,11.1400,-1.3200,-3.3300,0.0000,0.0000,-0.0000,1168.0000,1069.0000,1500.0000,1990.0000
159581.6560,2.0000,1988.0000,1401.0000,2000.0000,-65.0000,285.0000,67.0000,2358.0000,668.0000,-11246.0000,-0.9691,-0.1881,-0.0801,-0.1383,142.9000,-85.6000,-88.9600,11.2500,-1.7400,-2.8000,0.0000,0.0000,-0.0000,1168.0000,1069.0000,1500.0000,1990.0000
159598.4840,2.0000,1988.0000,1401.0000,2000.0000,-93.0000,189.0000,53.0000,2118.0000,630.0000,-11316.0000,-0.9666,-0.1730,-0.1102,-0.1535,142.9900,-85.6200,-89.0300,11.2300,-2.1900,-2.0400,0.0000,0.0000,-0.0000,1168.0000,1069.0000,1500.0000,1990.0000
159615.1330,2.0000,1988.0000,1401.0000,2000.0000,-113.0000,78.0000,41.0000,1477.0000,896.0000,-10974.0000,-0.9657,-0.1563,-0.1260,-0.1645,143.0800,-85.6500,-89.0900,11.1100,-2.5400,-0.9700,0.0000,0.0000,-0.0000,1168.0000,1069.0000,1500.0000,1990.0000
159631.7910,2.0000,1988.0000,1401.0000,2000.0000,-124.0000,-36.0000,24.0000,1231.0000,780.0000,-9927.0000,-0.9673,-0.1400,-0.1247,-0.1709,143.1600,-85.6800,-89.1400,10.9200,-2.7900,-0.0500,0.0000,0.0000,-0.0000,1168.0000,1069.0000,1500.0000,1990.0000
159648.4540,2.0000,1988.0000,1401.0000,2000.0000,-137.0000,-116.0000,9.0000,1315.0000,498.0000,-7479.0000,-0.9709,-0.1239,-0.1093,-0.1732,143.1600,-85.6800,-89.1400,10.9200,-2.7900,-0.0500,0.0000,0.0000,-0.0000,1168.0000,1069.0000,1500.0000,1990.0000
159664.9720,2.0000,1996.0000,1015.0000,1853.0000,-154.0000,-180.0000,-5.0000,1500.0000,518.0000,-4055.0000,-0.9756,-0.1072,-0.0844,-0.1721,143.2200,-85.7100,-89.1900,10.8200,-2.9000,0.6500,0.0000,0.0000,-0.0000,1571.0000,1081.0000,1500.0000,1998.0000
159681.7700,2.0000,1997.0000,1012.0000,1850.0000,-173.0000,-215.0000,-20.0000,1266.0000,548.0000,-1445.0000,-0.9804,-0.0889,-0.0516,-0.1683,143.2900,-85.7500,-89.2300,10.8500,-2.9100,1.2100,0.0000,0.0000,-0.0000,1571.0000,1081.0000,1500.0000,1998.0000
159698.8850,2.0000,1997.0000,1012.0000,1850.0000,-178.0000,-228.0000,-40.0000,1750.0000,494.0000,1081.0000,-0.9844,-0.0680,-0.0153,-0.1617,143.3500,-85.7800,-89.2600,10.9500,-2.8500,1.5200,0.0000,0.0000,-0.0000,1571.0000,1081.0000,1500.0000,1998.0000
159715.7940,2.0000,1997.0000,1012.0000,1850.0000,-159.0000,-243.0000,-60.0000,1817.0000,247.0000,3225.0000,-0.9869,-0.0490,0.0226,-0.1517,143.4100,-85.8000,-89.2800,11.0900,-2.7700,1.6500,0.0000,0.0000,-0.0000,1571.0000,1081.0000,1500.0000,1998.0000
159732.8330,2.0000,1997.0000,1012.0000,1850.0000,-140.0000,-246.0000,-76.0000,1856.0000,77.0000,5166.0000,-0.9879,-0.0329,0.0615,-0.1388,143.4700,-85.8300,-89.2900,11.2100,-2.6400,1.5700,0.0000,0.0000,-0.0000,1571.0000,1081.0000,1500.0000,1998.0000
159749.8970,2.0000,1997.0000,1012.0000,1850.0000,-118.0000,-235.0000,-86.0000,2011.0000,-212.0000,6909.0000,-0.9871,-0.0195,0.0995,-0.1238,143.4700,-85.8300,-89.2900,11.2100,-2.6400,1.5700,0.0000,0.0000,-0.0000,1572.0000,1081.0000,1500.0000,1998.0000
159766.6600,2.0000,1997.0000,1011.0000,1849.0000,-100.0000,-218.0000,-91.0000,2290.0000,-399.0000,8374.0000,-0.9851,-0.0092,0.1336,-0.1083,143.5200,-85.8500,-89.2900,11.2500,-2.5000,1.2900,0.0000,0.0000,-0.0000,1572.0000,1081.0000,1500.0000,1998.0000
159783.7970,2.0000,1997.0000,1011.0000,1849.0000,-77.0000,-193.0000,-87.0000,2240.0000,-839.0000,9758.0000,-0.9818,-0.0013,0.1656,-0.0928,143.9100,-85.9100,-89.2900,11.3600,-2.4600,0.8300,0.0000,0.0000,-0.0000,1572.0000,1081.0000,1500.0000,1998.0000
159800.8640,2.0000,1997.0000,1011.0000,1849.0000,-53.0000,-155.0000,-79.0000,1975.0000,-930.0000,10067.0000,-0.9783,0.0034,0.1918,-0.0789,144.3200,-85.9800,-89.3000,11.3400,-2.3900,0.2100,0.0000,0.0000,-0.0000,1572.0000,1081.0000,1500.0000,1998.0000
159817.4100,2.0000,1997.0000,1011.0000,1849.0000,-32.0000,-123.0000,-70.0000,1836.0000,-912.0000,9440.0000,-0.9750,0.0057,0.2118,-0.0672,144.7000,-86.0400,-89.3100,11.2100,-2.3000,-0.4400,0.0000,0.0000,-0.0000,1572.0000,1081.0000,1500.0000,1998.0000
159834.3910,2.0000,1997.0000,1011.0000,1849.0000,-16.0000,-102.0000,-59.0000,1751.0000,-922.0000,8531.0000,-0.9720,0.0061,0.2281,-0.0570,145.0300,-86.0900,-89.3300,11.0400,-2.2300,-1.0200,0.0000,0.0000,-0.0000,1572.0000,1081.0000,1500.0000,1998.0000
159850.8400,2.0000,1998.0000,1508.0000,1000.0000,9.0000,-67.0000,-46.0000,1796.0000,-1037.0000,8213.0000,-0.9696,0.0044,0.2397,-0.0495,145.0300,-86.0900,-89.3300,11.0400,-2.2300,-1.0200,0.0000,0.0000,-0.0000,1889.0000,1897.0000,1500.0000,1999.0000
159867.3740,2.0000,1998.0000,1508.0000,1000.0000,26.0000,-43.0000,-34.0000,2124.0000,-1046.0000,7544.0000,-0.9679,0.0002,0.2475,-0.0446,145.3400,-86.1400,-89.3500,10.8800,-2.1600,-1.5500,0.0000,0.0000,-0.0000,1889.0000,1897.0000,1500.0000,1999.0000
159884.1890,2.0000,1998.0000,1508.0000,1000.0000,38.0000,-12.0000,-19.0000,2122.0000,-686.0000,6911.0000,-0.9671,-0.0057,0.2509,-0.0422,145.6900,-86.2000,-89.3700,10.8800,-2.1900,-2.0300,0.0000,0.0000,-0.0000,1889.0000,1897.0000,1500.0000,1999.0000
159900.8600,2.0000,1998.0000,1508.0000,1000.0000,44.0000,23.0000,-6.0000,1882.0000,-679.0000,6809.0000,-0.9674,-0.0117,0.2496,-0.0421,146.0300,-86.2600,-89.4000,10.9200,-2.2400,-2.4300,0.0000,0.0000,-0.0000,1889.0000,1897.0000,1500.0000,1999.0000
159917.6090,2.0000,1998.0000,1508.0000,1000.0000,72.0000,65.0000,9.0000,1752.0000,-990.0000,6671.0000,-0.9688,-0.0195,0.2431,-0.0447,146.3500,-86.3100,-89.4300,10.9200,-2.2800,-2.8200,0.0000,0.0000,-0.0000,1889.0000,1897.0000,1500.0000,1999.0000
159934.1320,2.0000,1998.0000,1508.0000,1000.0000,112.0000,97.0000,22.0000,1758.0000,-1121.0000,6078.0000,-0.9711,-0.0313,0.2312,-0.0503,146.6500,-86.3700,-89.4600,10.9200,-2.2600,-3.1900,0.0000,0.0000,-0.0000,1889.0000,1897.0000,1500.0000,1999.0000
159950.8930,2.0000,1998.0000,1525.0000,1000.0000,157.0000,149.0000,35.0000,1857.0000,-1050.0000,5123.0000,-0.9741,-0.0485,0.2125,-0.0594,146.6500,-86.3700,-89.4600,10.9200,-2.2600,-3.1900,0.0000,0.0000,-0.0000,1874.0000,1899.0000,1500.0000,1999.0000
159967.5460,2.0000,1998.0000,1525.0000,1000.0000,200.0000,197.0000,47.0000,1920.0000,-833.0000,3637.0000,-0.9771,-0.0711,0.1871,-0.0721,146.9300,-86.4200,-89.5000,10.9800,-2.2400,-3.4800,0.0000,0.0000,-0.0000,1874.0000,1899.0000,1500.0000,1999.0000
159984.5360,2.0000,1998.0000,1525.0000,1000.0000,239.0000,224.0000,53.0000,2055.0000,-454.0000,1679.0000,-0.9791,-0.0992,0.1543,-0.0874,147.2700,-86.4900,-89.5400,11.2500,-2.2900,-3.6200,0.0000,0.0000,-0.0000,1874.0000,1899.0000,1500.0000,1999.0000
160001.2490,2.0000,1998.0000,1525.0000,1000.0000,264.0000,255.0000,60.0000,1629.0000,-279.0000,-338.0000,-0.9789,-0.1307,0.1174,-0.1042,147.6200,-86.5600,-89.5800,11.5800,-2.4100,-3.5900,0.0000,0.0000,-0.0000,1874.0000,1899.0000,1500.0000,1999.0000
160017.8720,2.0000,1998.0000,1525.0000,1000.0000,278.0000,281.0000,63.0000,1928.0000,-389.0000,-1775.0000,-0.9759,-0.1639,0.0765,-0.1221,147.9400,-86.6300,-89.6200,11.8700,-2.5700,-3.3700,0.0000,0.0000,-0.0000,1874.0000,1899.0000,1500.0000,1999.0000
160034.6420,2.0000,1998.0000,1525.0000,1000.0000,282.0000,283.0000,65.0000,1690.0000,-120.0000,-4107.0000,-0.9696,-0.1978,0.0318,-0.1407,147.9400,-86.6300,-89.6200,11.8700,-2.5700,-3.3700,0.0000,0.0000,-0.0000,1874.0000,1899.0000,1500.0000,1999.0000
160051.0750,2.0000,1994.0000,2000.0000,1644.0000,273.0000,273.0000,65.0000,1656.0000,95.0000,-6354.0000,-0.9601,-0.2301,-0.0110,-0.1584,148.2600,-86.6900,-89.6600,12.1300,-2.8200,-2.9700,0.0000,0.0000,-0.0000,1142.0000,1705.0000,1500.0000,1995.0000
160068.2020,2.0000,1994.0000,2000.0000,1655.0000,261.0000,237.0000,62.0000,1892.0000,313.0000,-7978.0000,-0.9476,-0.2622,-0.0518,-0.1751,148.5500,-86.7600,-89.7000,12.2600,-3.1600,-2.5800,0.0000,0.0000,-0.0000,1142.0000,1705.0000,1500.0000,1995.0000
160084.7210,2.0000,1994.0000,2000.0000,1655.0000,258.0000,180.0000,58.0000,1867.0000,95.0000,-7961.0000,-0.9339,-0.2923,-0.0839,-0.1882,148.8900,-86.8700,-89.7700,12.2000,-3.6600,-2.0800,0.0000,0.0000,-0.0000,1142.0000,1705.0000,1500.0000,1995.0000
160101.5330,2.0000,1994.0000,2000.0000,1655.0000,239.0000,135.0000,51.0000,1502.0000,112.0000,-7211.0000,-0.9190,-0.3229,-0.1095,-0.1980,149.2200,-86.9700,-89.8500,12.0400,-4.1200,-1.6200,0.0000,0.0000,-0.0000,1142.0000,1705.0000,1500.0000,1995.0000
160118.4620,2.0000,1994.0000,2000.0000,1655.0000,194.0000,91.0000,42.0000,1676.0000,271.0000,-6537.0000,-0.9050,-0.3499,-0.1288,-0.2050,149.5100,-87.0800,-89.9300,11.8500,-4.5100,-1.1700,0.0000,0.0000,-0.0000,1142.0000,1705.0000,1500.0000,1995.0000
160135.2040,2.0000,1994.0000,2000.0000,1655.0000,108.0000,52.0000,37.0000,1606.0000,215.0000,-6074.0000,-0.8946,-0.3687,-0.1403,-0.2098,149.5100,-87.0800,-89.9300,11.8500,-4.5100,-1.1700,0.0000,0.0000,-0.0000,1142.0000,1705.0000,1500.0000,1995.0000
160152.4370,2.0000,1996.0000,1079.0000,1915.0000,14.0000,12.0000,37.0000,1194.0000,53.0000,-5207.0000,-0.8897,-0.3766,-0.1438,-0.2144,149.7800,-87.1800,-90.0100,11.6600,-4.8500,-0.7500,0.0000,0.0000,-0.0000,1506.0000,1081.0000,1500.0000,1998.0000
160169.3900,2.0000,1997.0000,1077.0000,1915.0000,-69.0000,-21.0000,32.0000,1447.0000,223.0000,-4105.0000,-0.8906,-0.3736,-0.1398,-0.2186,150.0300,-87.2900,-90.0800,11.4700,-5.1000,-0.3400,0.0000,0.0000,-0.0000,1506.0000,1081.0000,1500.0000,1998.0000
160186.3530,2.0000,1997.0000,1077.0000,1915.0000,-130.0000,-38.0000,29.0000,1568.0000,216.0000,-3192.0000,-0.8959,-0.3623,-0.1299,-0.2219,150.3200,-87.4000,-90.1500,11.3300,-5.1500,-0.0000,0.0000,0.0000,-0.0000,1506.0000,1081.0000,1500.0000,1998.0000
160203.2370,2.0000,1997.0000,1077.0000,1915.0000,-187.0000,-47.0000,23.0000,2075.0000,448.0000,-2464.0000,-0.9042,-0.3433,-0.1175,-0.2252,150.5900,-87.5100,-90.2200,11.2400,-5.1500,0.3300,0.0000,0.0000,-0.0000,1506.0000,1081.0000,1500.0000,1998.0000
160219.9930,2.0000,1997.0000,1077.0000,1915.0000,-221.0000,-79.0000,19.0000,1823.0000,166.0000,-1646.0000,-0.9147,-0.3185,-0.1010,-0.2275,150.8500,-87.6200,-90.2800,11.2200,-5.1200,0.6400,0.0000,0.0000,-0.0000,1506.0000,1081.0000,1500.0000,1998.0000
160236.8880,2.0000,1997.0000,1046.0000,1884.0000,-230.0000,-90.0000,12.0000,1519.0000,-97.0000,-654.0000,-0.9257,-0.2907,-0.0809,-0.2281,150.8500,-87.6200,-90.2800,11.2200,-5.1200,0.6400,0.0000,0.0000,-0.0000,1571.0000,1081.0000,1500.0000,1998.0000
160254.0580,2.0000,1997.0000,1012.0000,1850.0000,-215.0000,-115.0000,1.0000,1577.0000,-9.0000,107.0000,-0.9360,-0.2631,-0.0583,-0.2265,151.0900,-87.7200,-90.3300,11.2100,-4.9600,0.9200,0.0000,0.0000,-0.0000,1571.0000,1081.0000,1500.0000,1998.0000
160270.6640,2.0000,1997.0000,1012.0000,1850.0000,-180.0000,-149.0000,-15.0000,962.0000,123.0000,1065.0000,-0.9444,-0.2404,-0.0340,-0.2217,151.3700,-87.8200,-90.3700,11.2000,-4.7700,1.1800,0.0000,0.0000,-0.0000,1571.0000,1081.0000,1500.0000,1998.0000
160287.4520,2.0000,1997.0000,1012.0000,1850.0000,-139.0000,-167.0000,-34.0000,1050.0000,329.0000,2478.0000,-0.9511,-0.2236,-0.0077,-0.2129,151.6300,-87.9100,-90.3900,11.1600,-4.5300,1.3600,0.0000,0.0000,-0.0000,1571.0000,1081.0000,1500.0000,1998.0000
160304.4800,2.0000,1997.0000,1012.0000,1850.0000,-105.0000,-188.0000,-52.0000,1424.0000,86.0000,4454.0000,-0.9563,-0.2120,0.0202,-0.2005,151.8800,-87.9900,-90.4000,11.1200,-4.2700,1.4000,0.0000,0.0000,-0.0000,1571.0000,1081.0000,1500.0000,1998.0000
160321.5480,2.0000,1997.0000,1012.0000,1850.0000,-80.0000,-191.0000,-67.0000,1583.0000,-82.0000,6123.0000,-0.9600,-0.2045,0.0483,-0.1852,152.1100,-88.0500,-90.4000,11.0900,-3.9300,1.2400,0.0000,0.0000,-0.0000,1571.0000,1081.0000,1500.0000,1998.0000
160338.5760,2.0000,1997.0000,1008.0000,1846.0000,-58.0000,-190.0000,-76.0000,1811.0000,-359.0000,7710.0000,-0.9623,-0.2002,0.0753,-0.1682,152.3400,-88.1100,-90.3900,11.0600,-3.5500,0.9100,0.0000,0.0000,-0.0000,1576.0000,1081.0000,1500.0000,1998.0000
160355.2570,2.0000,1997.0000,1007.0000,1845.0000,-38.0000,-179.0000,-81.0000,1815.0000,-408.0000,8664.0000,-0.9632,-0.1987,0.1002,-0.1508,152.3400,-88.1100,-90.3900,11.0600,-3.5500,0.9100,0.0000,0.0000,-0.0000,1576.0000,1081.0000,1500.0000,1998.0000
160371.8920,2.0000,1997.0000,1007.0000,1845.0000,-29.0000,-160.0000,-79.0000,1984.0000,-421.0000,9193.0000,-0.9631,-0.1990,0.1220,-0.1344,152.5500,-88.1600,-90.3900,10.9900,-3.1200,0.4400,0.0000,0.0000,-0.0000,1576.0000,1081.0000,1500.0000,1998.0000
160388.6610,2.0000,1997.0000,1007.0000,1845.0000,-17.0000,-134.0000,-75.0000,2111.0000,-729.0000,9741.0000,-0.9622,-0.2002,0.1412,-0.1190,152.7900,-88.2200,-90.3900,10.9000,-2.9300,-0.1000,0.0000,0.0000,-0.0000,1576.0000,1081.0000,1500.0000,1998.0000
160405.6890,2.0000,1997.0000,1007.0000,1845.0000,-11.0000,-107.0000,-70.0000,2107.0000,-601.0000,9368.0000,-0.9610,-0.2023,0.1563,-0.1051,153.0200,-88.2800,-90.3900,10.7700,-2.7000,-0.6800,0.0000,0.0000,-0.0000,1576.0000,1081.0000,1500.0000,1998.0000
160422.4840,2.0000,1997.0000,1007.0000,1845.0000,3.0000,-85.0000,-61.0000,2160.0000,-559.0000,8921.0000,-0.9598,-0.2047,0.1677,-0.0934,153.2400,-88.3300,-90.4000,10.6200,-2.4900,-1.2600,0.0000,0.0000,-0.0000,1576.0000,1081.0000,1500.0000,1998.0000
160439.3870,2.0000,1997.0000,1007.0000,1845.0000,11.0000,-54.0000,-53.0000,1844.0000,-637.0000,8393.0000,-0.9585,-0.2082,0.1756,-0.0838,153.2400,-88.3300,-90.4000,10.6200,-2.4900,-1.2600,0.0000,0.0000,-0.0000,1576.0000,1081.0000,1500.0000,1998.0000
160456.3300,2.0000,1997.0000,1000.0000,1582.0000,16.0000,-34.0000,-46.0000,1561.0000,-527.0000,7611.0000,-0.9575,-0.2122,0.1796,-0.0765,153.4400,-88.3700,-90.4100,10.4700,-2.3100,-1.7500,0.0000,0.0000,-0.0000,1755.0000,1164.0000,1500.0000,1998.0000
160472.8970,2.0000,1997.0000,1000.0000,1582.0000,18.0000,-9.0000,-38.0000,1409.0000,-527.0000,6775.0000,-0.9569,-0.2160,0.1809,-0.0711,153.6800,-88.4300,-90.4300,10.3800,-2.2200,-2.1800,0.0000,0.0000,-0.0000,1755.0000,1164.0000,1500.0000,1998.0000
160489.6550,2.0000,1997.0000,1000.0000,1582.0000,28.0000,5.0000,-31.0000,1529.0000,-396.0000,6032.0000,-0.9565,-0.2200,0.1795,-0.0675,153.9000,-88.4800,-90.4600,10.3000,-2.1800,-2.5300,0.0000,0.0000,-0.0000,1755.0000,1164.0000,1500.0000,1998.0000
160506.6370,2.0000,1997.0000,1000.0000,1582.0000,41.0000,20.0000,-25.0000,1621.0000,-545.0000,5422.0000,-0.9560,-0.2256,0.1758,-0.0657,154.1100,-88.5400,-90.4900,10.2500,-2.1800,-2.8100,0.0000,0.0000,-0.0000,1755.0000,1164.0000,1500.0000,1998.0000
160523.0540,2.0000,1997.0000,1000.0000,1582.0000,52.0000,25.0000,-20.0000,1230.0000,-855.0000,4650.0000,-0.9552,-0.2324,0.1712,-0.0651,154.3100,-88.5800,-90.5200,10.2300,-2.1900,-3.0100,0.0000,0.0000,-0.0000,1755.0000,1164.0000,1500.0000,1998.0000
160539.9360,2.0000,1997.0000,1000.0000,1582.0000,58.0000,16.0000,-23.0000,1302.0000,-548.0000,3814.0000,-0.9539,-0.2407,0.1670,-0.0647,154.3100,-88.5800,-90.5200,10.2300,-2.1900,-3.0100,0.0000,0.0000,-0.0000,1755.0000,1164.0000,1500.0000,1998.0000
160556.5680,2.0000,1997.0000,1000.0000,1470.0000,61.0000,7.0000,-22.0000,1463.0000,-361.0000,3139.0000,-0.9524,-0.2492,0.1638,-0.0638,154.5100,-88.6400,-90.5500,10.2100,-2.2300,-3.0900,0.0000,0.0000,-0.0000,1784.0000,1247.0000,1500.0000,1998.0000
160573.2500,2.0000,1997.0000,1000.0000,1470.0000,79.0000,-9.0000,-25.0000,1724.0000,-584.0000,3276.0000,-0.9500,-0.2593,0.1624,-0.0626,154.7400,-88.7100,-90.5800,10.2700,-2.3200,-3.1200,0.0000,0.0000,-0.0000,1784.0000,1247.0000,1500.0000,1998.0000
160590.1790,2.0000,1997.0000,1000.0000,1470.0000,104.0000,-26.0000,-29.0000,1355.0000,-526.0000,3045.0000,-0.9461,-0.2732,0.1629,-0.0606,154.9700,-88.7800,-90.6100,10.3400,-2.3800,-3.1500,0.0000,0.0000,-0.0000,1784.0000,1247.0000,1500.0000,1998.0000
160606.6370,2.0000,1997.0000,1000.0000,1470.0000,123.0000,-45.0000,-33.0000,1204.0000,-443.0000,3129.0000,-0.9409,-0.2896,0.1655,-0.0580,155.1900,-88.8600,-90.6300,10.3700,-2.4300,-3.1400,0.0000,0.0000,-0.0000,1784.0000,1247.0000,1500.0000,1998.0000
160623.3150,2.0000,1997.0000,1000.0000,1470.0000,135.0000,-56.0000,-35.0000,1225.0000,-538.0000,3444.0000,-0.9343,-0.3087,0.1698,-0.0545,155.3900,-88.9200,-90.6500,10.3700,-2.4600,-3.1400,0.0000,0.0000,-0.0000,1784.0000,1247.0000,1500.0000,1998.0000
160640.3380,2.0000,1997.0000,1000.0000,1470.0000,145.0000,-67.0000,-38.0000,1437.0000,-777.0000,4122.0000,-0.9264,-0.3294,0.1751,-0.0506,155.3900,-88.9200,-90.6500,10.3700,-2.4600,-3.1400,0.0000,0.0000,-0.0000,1784.0000,1247.0000,1500.0000,1998.0000
160657.3520,2.0000,1997.0000,1030.0000,1858.0000,152.0000,-77.0000,-39.0000,1303.0000,-738.0000,4229.0000,-0.9172,-0.3513,0.1826,-0.0453,155.6000,-88.9900,-90.6700,10.3700,-2.4000,-3.1700,0.0000,0.0000,-0.0000,1558.0000,1086.0000,1500.0000,1998.0000
160674.2680,2.0000,1997.0000,1030.0000,1858.0000,142.0000,-87.0000,-41.0000,1464.0000,-600.0000,4364.0000,-0.9072,-0.3729,0.1905,-0.0396,155.8400,-89.0700,-90.7000,10.4000,-2.2000,-3.2100,0.0000,0.0000,-0.0000,1558.0000,1086.0000,1500.0000,1998.0000
160691.1630,2.0000,1997.0000,1030.0000,1858.0000,113.0000,-101.0000,-40.0000,1501.0000,-635.0000,4493.0000,-0.8976,-0.3916,0.1997,-0.0327,156.0700,-89.1500,-90.7200,10.4200,-2.0000,-3.2600,0.0000,0.0000,-0.0000,1558.0000,1086.0000,1500.0000,1998.0000
160708.1640,2.0000,1997.0000,1030.0000,1858.0000,78.0000,-122.0000,-34.0000,1395.0000,-474.0000,4454.0000,-0.8887,-0.4058,0.2122,-0.0240,156.2900,-89.2100,-90.7400,10.4100,-1.8100,-3.2900,0.0000,0.0000,-0.0000,1558.0000,1086.0000,1500.0000,1998.0000
160724.8360,2.0000,1997.0000,1030.0000,1858.0000,51.0000,-146.0000,-31.0000,1358.0000,-457.0000,4983.0000,-0.8806,-0.4155,0.2275,-0.0137,156.5000,-89.2700,-90.7600,10.3600,-1.6000,-3.3300,0.0000,0.0000,-0.0000,1558.0000,1086.0000,1500.0000,1998.0000
160741.5430,2.0000,1997.0000,1030.0000,1858.0000,35.0000,-160.0000,-29.0000,1426.0000,-420.0000,5812.0000,-0.8727,-0.4222,0.2451,-0.0021,156.5000,-89.2700,-90.7600,10.3600,-1.6000,-3.3300,0.0000,0.0000,-0.0000,1558.0000,1086.0000,1500.0000,1998.0000
160758.3670,2.0000,1997.0000,1000.0000,1781.0000,22.0000,-164.0000,-28.0000,1620.0000,-122.0000,6275.0000,-0.8650,-0.4266,0.2640,0.0105,156.7100,-89.3200,-90.7900,10.2700,-1.3200,-3.3900,0.0000,0.0000,-0.0000,1631.0000,1091.0000,1500.0000,1998.0000
160774.8770,2.0000,1997.0000,1000.0000,1780.0000,10.0000,-164.0000,-29.0000,1702.0000,-401.0000,7049.0000,-0.8574,-0.4295,0.2826,0.0234,156.9400,-89.3700,-90.8200,10.2100,-0.9200,-3.5100,0.0000,0.0000,-0.0000,1631.0000,1091.0000,1500.0000,1998.0000
160791.7020,2.0000,1997.0000,1000.0000,1780.0000,14.0000,-171.0000,-32.0000,1551.0000,-749.0000,7755.0000,-0.8493,-0.4316,0.3017,0.0372,157.1700,-89.4100,-90.8500,10.0900,-0.4800,-3.6500,0.0000,0.0000,-0.0000,1631.0000,1091.0000,1500.0000,1998.0000
160808.4670,2.0000,1997.0000,1000.0000,1780.0000,11.0000,-156.0000,-34.0000,1520.0000,-665.0000,8138.0000,-0.8408,-0.4336,0.3199,0.0509,157.3800,-89.4400,-90.8900,9.8800,-0.0100,-3.7700,0.0000,0.0000,-0.0000,1631.0000,1091.0000,1500.0000,1998.0000
160824.9650,2.0000,1997.0000,1000.0000,1780.0000,-1.0000,-145.0000,-37.0000,1737.0000,-298.0000,8156.0000,-0.8333,-0.4347,0.3355,0.0639,157.3800,-89.4400,-90.8900,9.8800,-0.0100,-3.7700,0.0000,0.0000,-0.0000,1631.0000,1091.0000,1500.0000,1998.0000
160841.8000,2.0000,1997.0000,1000.0000,1780.0000,-9.0000,-127.0000,-41.0000,1527.0000,-476.0000,8304.0000,-0.8264,-0.4347,0.3495,0.0773,157.5800,-89.4600,-90.9200,9.6300,0.4000,-3.9000,0.0000,0.0000,-0.0000,1631.0000,1091.0000,1500.0000,1998.0000
160858.6340,2.0000,1997.0000,1472.0000,1000.0000,-17.0000,-100.0000,-39.0000,1629.0000,-481.0000,8173.0000,-0.8209,-0.4336,0.3605,0.0901,157.7800,-89.4700,-90.9600,9.3700,0.8300,-4.0500,0.0000,0.0000,-0.0000,1857.0000,1880.0000,1500.0000,1999.0000
160875.2010,2.0000,1998.0000,1523.0000,1000.0000,-15.0000,-85.0000,-42.0000,1589.0000,-565.0000,8046.0000,-0.8165,-0.4327,0.3687,0.1013,158.0100,-89.4700,-91.0100,9.1600,1.3300,-4.1800,0.0000,0.0000,-0.0000,1857.0000,1880.0000,1500.0000,1999.0000
160891.9160,2.0000,1998.0000,1523.0000,1000.0000,-13.0000,-63.0000,-45.0000,1793.0000,-454.0000,7874.0000,-0.8127,-0.4325,0.3742,0.1115,158.2200,-89.4600,-91.0600,8.9400,1.7700,-4.3000,0.0000,0.0000,-0.0000,1857.0000,1880.0000,1500.0000,1999.0000
160908.9810,2.0000,1998.0000,1523.0000,1000.0000,-2.0000,-36.0000,-45.0000,1694.0000,-543.0000,7421.0000,-0.8097,-0.4333,0.3771,0.1204,158.4100,-89.4400,-91.1200,8.7400,2.1500,-4.4100,0.0000,0.0000,-0.0000,1857.0000,1880.0000,1500.0000,1999.0000
160925.4030,2.0000,1998.0000,1523.0000,1000.0000,13.0000,-12.0000,-44.0000,1819.0000,-620.0000,7116.0000,-0.8072,-0.4359,0.3773,0.1266,158.4100,-89.4400,-91.1200,8.7400,2.1500,-4.4100,0.0000,0.0000,-0.0000,1857.0000,1880.0000,1500.0000,1999.0000
160942.3250,2.0000,1998.0000,1613.0000,1000.0000,61.0000,33.0000,-41.0000,1758.0000,-873.0000,6925.0000,-0.8047,-0.4427,0.3741,0.1289,158.6000,-89.4200,-91.1700,8.5700,2.4800,-4.4800,0.0000,0.0000,-0.0000,1789.0000,1903.0000,1500.0000,1999.0000
160959.0050,2.0000,1998.0000,1614.0000,1000.0000,126.0000,80.0000,-37.0000,1565.0000,-704.0000,6211.0000,-0.8008,-0.4568,0.3666,0.1249,158.7800,-89.3900,-91.2300,8.4200,2.8700,-4.5200,0.0000,0.0000,-0.0000,1789.0000,1903.0000,1500.0000,1999.0000
160975.6170,2.0000,1998.0000,1614.0000,1000.0000,183.0000,141.0000,-27.0000,1522.0000,-716.0000,5264.0000,-0.7954,-0.4782,0.3548,0.1133,158.9900,-89.3400,-91.3000,8.3300,3.3700,-4.5300,0.0000,0.0000,-0.0000,1789.0000,1903.0000,1500.0000,1999.0000
160992.6440,2.0000,1998.0000,1614.0000,1000.0000,228.0000,200.0000,-19.0000,1511.0000,-285.0000,3060.0000,-0.7885,-0.5063,0.3365,0.0933,159.1900,-89.2800,-91.3600,8.3400,3.7500,-4.5000,0.0000,0.0000,-0.0000,1789.0000,1903.0000,1500.0000,1999.0000
161009.2850,2.0000,1998.0000,1614.0000,1000.0000,259.0000,237.0000,-14.0000,1513.0000,-63.0000,486.0000,-0.7800,-0.5375,0.3133,0.0673,159.3900,-89.2300,-91.4200,8.5500,3.8800,-4.4100,0.0000,0.0000,-0.0000,1789.0000,1903.0000,1500.0000,1999.0000
161025.9730,2.0000,1998.0000,1614.0000,1000.0000,268.0000,280.0000,-7.0000,1667.0000,81.0000,-2004.0000,-0.7698,-0.5696,0.2857,0.0365,159.3900,-89.2300,-91.4200,8.5500,3.8800,-4.4100,0.0000,0.0000,-0.0000,1789.0000,1903.0000,1500.0000,1999.0000
161042.9580,2.0000,1985.0000,2000.0000,1618.0000,265.0000,296.0000,-1.0000,1376.0000,65.0000,-4894.0000,-0.7582,-0.6007,0.2536,0.0015,159.5900,-89.1800,-91.4800,8.9400,3.7600,-4.3400,0.0000,0.0000,-0.0000,1087.0000,1795.0000,1500.0000,1987.0000
161059.7480,2.0000,1985.0000,2000.0000,1619.0000,251.0000,266.0000,-1.0000,1192.0000,-146.0000,-7436.0000,-0.7447,-0.6282,0.2229,-0.0318,159.8100,-89.1300,-91.5500,9.3700,3.4700,-4.3000,0.0000,0.0000,-0.0000,1087.0000,1795.0000,1500.0000,1987.0000
161076.6730,2.0000,1985.0000,2000.0000,1619.0000,224.0000,228.0000,1.0000,1430.0000,-197.0000,-8761.0000,-0.7298,-0.6523,0.1952,-0.0615,160.0700,-89.0600,-91.6500,9.7500,3.1500,-4.5000,0.0000,0.0000,-0.0000,1087.0000,1795.0000,1500.0000,1987.0000
161093.2360,2.0000,1985.0000,2000.0000,1619.0000,163.0000,176.0000,-2.0000,1648.0000,104.0000,-8716.0000,-0.7165,-0.6704,0.1732,-0.0846,160.3200,-89.0100,-91.7700,10.0500,2.7100,-4.6700,0.0000,0.0000,-0.0000,1087.0000,1795.0000,1500.0000,1987.0000
161110.1900,2.0000,1985.0000,2000.0000,1619.0000,73.0000,109.0000,-6.0000,1718.0000,115.0000,-8046.0000,-0.7084,-0.6807,0.1576,-0.1000,160.5500,-88.9700,-91.9200,10.2300,2.3200,-4.8400,0.0000,0.0000,-0.0000,1087.0000,1795.0000,1500.0000,1987.0000
161126.9100,2.0000,1985.0000,2000.0000,1619.0000,-24.0000,61.0000,-8.0000,1513.0000,-46.0000,-7410.0000,-0.7085,-0.6815,0.1497,-0.1063,160.5500,-88.9700,-91.9200,10.2300,2.3200,-4.8400,0.0000,0.0000,-0.0000,1087.0000,1795.0000,1500.0000,1987.0000
161144.1810,2.0000,1997.0000,1139.0000,1975.0000,-92.0000,-5.0000,-7.0000,1747.0000,-52.0000,-6597.0000,-0.7155,-0.6744,0.1486,-0.1053,160.7700,-88.9400,-92.0800,10.3600,1.9900,-4.8700,0.0000,0.0000,-0.0000,1442.0000,1081.0000,1500.0000,1998.0000
161161.2270,2.0000,1997.0000,1138.0000,1976.0000,-146.0000,-48.0000,-7.0000,1633.0000,-55.0000,-5389.0000,-0.7272,-0.6618,0.1538,-0.0979,161.0100,-88.9000,-92.2400,10.4900,1.8000,-4.8400,0.0000,0.0000,-0.0000,1442.0000,1081.0000,1500.0000,1998.0000
161178.2310,2.0000,1997.0000,1138.0000,1976.0000,-185.0000,-79.0000,-10.0000,1258.0000,-263.0000,-4392.0000,-0.7418,-0.6448,0.1636,-0.0852,161.2600,-88.8400,-92.4000,10.6400,1.8200,-4.7500,0.0000,0.0000,-0.0000,1442.0000,1081.0000,1500.0000,1998.0000
161195.3190,2.0000,1997.0000,1138.0000,1976.0000,-221.0000,-112.0000,-11.0000,1148.0000,-290.0000,-3627.0000,-0.7588,-0.6231,0.1767,-0.0684,161.5100,-88.7900,-92.5700,10.7400,1.9400,-4.5900,0.0000,0.0000,-0.0000,1442.0000,1081.0000,1500.0000,1998.0000
161212.3460,2.0000,1997.0000,1138.0000,1976.0000,-239.0000,-142.0000,-12.0000,842.0000,-433.0000,-2742.0000,-0.7765,-0.5979,0.1930,-0.0483,161.7400,-88.7300,-92.7200,10.8100,2.1400,-4.4000,0.0000,0.0000,-0.0000,1442.0000,1081.0000,1500.0000,1998.0000
161229.2760,2.0000,1997.0000,1138.0000,1976.0000,-237.0000,-167.0000,-16.0000,1222.0000,-395.0000,-1196.0000,-0.7927,-0.5711,0.2116,-0.0255,161.7400,-88.7300,-92.7200,10.8100,2.1400,-4.4000,0.0000,0.0000,-0.0000,1442.0000,1081.0000,1500.0000,1998.0000
161246.3640,2.0000,1997.0000,1002.0000,1840.0000,-211.0000,-198.0000,-23.0000,1611.0000,-154.0000,340.0000,-0.8054,-0.5449,0.2333,0.0007,161.9600,-88.6800,-92.8700,10.8500,2.4600,-4.1900,0.0000,0.0000,-0.0000,1581.0000,1081.0000,1500.0000,1998.0000
161262.9340,2.0000,1997.0000,1002.0000,1840.0000,-176.0000,-204.0000,-36.0000,2035.0000,82.0000,1935.0000,-0.8134,-0.5225,0.2543,0.0272,162.1900,-88.6000,-93.0200,10.9100,2.9600,-3.9800,0.0000,0.0000,-0.0000,1581.0000,1081.0000,1500.0000,1998.0000
161279.7330,2.0000,1997.0000,1002.0000,1840.0000,-132.0000,-226.0000,-52.0000,1708.0000,-217.0000,3855.0000,-0.8162,-0.5043,0.2763,0.0554,162.4500,-88.5000,-93.1500,10.9900,3.6100,-3.8200,0.0000,0.0000,-0.0000,1581.0000,1081.0000,1500.0000,1998.0000
161296.5170,2.0000,1997.0000,1002.0000,1840.0000,-100.0000,-227.0000,-65.0000,1662.0000,-122.0000,5303.0000,-0.8144,-0.4905,0.2984,0.0845,162.7000,-88.3800,-93.2700,10.9000,4.3500,-3.6800,0.0000,0.0000,-0.0000,1581.0000,1081.0000,1500.0000,1998.0000
161313.5870,2.0000,1997.0000,1002.0000,1840.0000,-74.0000,-229.0000,-72.0000,1981.0000,-368.0000,6971.0000,-0.8090,-0.4797,0.3201,0.1139,162.9300,-88.2600,-93.3800,10.6800,5.1300,-3.6000,0.0000,0.0000,-0.0000,1581.0000,1081.0000,1500.0000,1998.0000
161330.2070,2.0000,1997.0000,1002.0000,1840.0000,-56.0000,-212.0000,-75.0000,2198.0000,-554.0000,8290.0000,-0.8014,-0.4716,0.3399,0.1411,162.9300,-88.2600,-93.3800,10.6800,5.1300,-3.6000,0.0000,0.0000,-0.0000,1581.0000,1081.0000,1500.0000,1998.0000
161347.4600,2.0000,1997.0000,1500.0000,1000.0000,-42.0000,-195.0000,-74.0000,2191.0000,-693.0000,9175.0000,-0.7923,-0.4648,0.3581,0.1675,163.1400,-88.1400,-93.4700,10.3500,5.9300,-3.5700,0.0000,0.0000,-0.0000,1887.0000,1887.0000,1500.0000,1999.0000
161364.3170,2.0000,1998.0000,1500.0000,1000.0000,-31.0000,-168.0000,-71.0000,2233.0000,-760.0000,9487.0000,-0.7829,-0.4595,0.3736,0.1906,163.3600,-87.9900,-93.5500,9.9600,6.6200,-3.5700,0.0000,0.0000,-0.0000,1887.0000,1887.0000,1500.0000,1999.0000
161380.9430,2.0000,1998.0000,1500.0000,1000.0000,-25.0000,-121.0000,-63.0000,2287.0000,-812.0000,9449.0000,-0.7748,-0.4558,0.3849,0.2093,163.5800,-87.8200,-93.6300,9.5600,7.1500,-3.5800,0.0000,0.0000,-0.0000,1887.0000,1887.0000,1500.0000,1999.0000
161397.6450,2.0000,1998.0000,1500.0000,1000.0000,-10.0000,-72.0000,-53.0000,2020.0000,-845.0000,9164.0000,-0.7687,-0.4542,0.3912,0.2232,163.7900,-87.6600,-93.7000,9.1500,7.5900,-3.6000,0.0000,0.0000,-0.0000,1887.0000,1887.0000,1500.0000,1999.0000
161414.3490,2.0000,1998.0000,1500.0000,1000.0000,20.0000,-22.0000,-43.0000,1921.0000,-751.0000,8517.0000,-0.7642,-0.4559,0.3933,0.2312,163.9800,-87.4900,-93.7700,8.7600,7.9400,-3.6100,0.0000,0.0000,-0.0000,1887.0000,1887.0000,1500.0000,1999.0000
161430.9410,2.0000,1998.0000,1500.0000,1000.0000,57.0000,37.0000,-34.0000,1855.0000,-845.0000,8112.0000,-0.7608,-0.4627,0.3911,0.2326,163.9800,-87.4900,-93.7700,8.7600,7.9400,-3.6100,0.0000,0.0000,-0.0000,1887.0000,1887.0000,1500.0000,1999.0000
161448.3520,2.0000,1998.0000,1890.0000,1016.0000,104.0000,106.0000,-23.0000,1562.0000,-839.0000,7025.0000,-0.7585,-0.4761,0.3833,0.2259,164.1600,-87.3200,-93.8300,8.4400,8.2300,-3.6000,0.0000,0.0000,-0.0000,1549.0000,1939.0000,1500.0000,1999.0000
161465.2220,2.0000,1998.0000,1891.0000,1015.0000,151.0000,165.0000,-14.0000,1285.0000,-583.0000,4924.0000,-0.7561,-0.4958,0.3712,0.2113,164.3400,-87.1500,-93.8900,8.1700,8.4500,-3.5500,0.0000,0.0000,-0.0000,1549.0000,1939.0000,1500.0000,1999.0000
161482.1930,2.0000,1998.0000,1891.0000,1015.0000,184.0000,213.0000,-8.0000,1418.0000,-501.0000,2989.0000,-0.7533,-0.5207,0.3544,0.1894,164.5300,-86.9800,-93.9500,8.0800,8.5100,-3.4500,0.0000,0.0000,-0.0000,1549.0000,1939.0000,1500.0000,1999.0000
161499.0620,2.0000,1998.0000,1891.0000,1015.0000,198.0000,261.0000,-1.0000,1825.0000,-685.0000,1700.0000,-0.7500,-0.5482,0.3330,0.1619,164.7300,-86.8000,-94.0100,8.1900,8.4100,-3.3100,0.0000,0.0000,-0.0000,1549.0000,1939.0000,1500.0000,1999.0000
161516.0920,2.0000,1998.0000,1891.0000,1015.0000,190.0000,315.0000,3.0000,1927.0000,-170.0000,-854.0000,-0.7474,-0.5758,0.3054,0.1290,164.9100,-86.6500,-94.0700,8.4800,8.1600,-3.1600,0.0000,0.0000,-0.0000,1549.0000,1939.0000,1500.0000,1999.0000
161532.8390,2.0000,1998.0000,1891.0000,1015.0000,168.0000,344.0000,4.0000,1990.0000,-60.0000,-3822.0000,-0.7459,-0.6001,0.2732,0.0935,164.9100,-86.6500,-94.0700,8.4800,8.1600,-3.1600,0.0000,0.0000,-0.0000,1549.0000,1939.0000,1500.0000,1999.0000
161549.7580,2.0000,1981.0000,2000.0000,1787.0000,140.0000,342.0000,7.0000,1961.0000,257.0000,-7182.0000,-0.7450,-0.6205,0.2381,0.0568,165.0900,-86.5100,-94.1200,8.9400,7.6200,-3.0900,0.0000,0.0000,-0.0000,1058.0000,1656.0000,1500.0000,1982.0000
161566.2790,2.0000,1981.0000,2000.0000,1788.0000,118.0000,308.0000,4.0000,2048.0000,170.0000,-9105.0000,-0.7437,-0.6358,0.2052,0.0236,165.3100,-86.3600,-94.2000,9.4000,6.9500,-3.2400,0.0000,0.0000,-0.0000,1058.0000,1656.0000,1500.0000,1982.0000
161582.8630,2.0000,1981.0000,2000.0000,1788.0000,89.0000,257.0000,-3.0000,2362.0000,469.0000,-9365.0000,-0.7417,-0.6471,0.1763,-0.0043,165.5400,-86.2200,-94.3100,9.7700,6.2200,-3.3600,0.0000,0.0000,-0.0000,1058.0000,1656.0000,1500.0000,1982.0000
161599.7180,2.0000,1981.0000,2000.0000,1788.0000,36.0000,199.0000,-11.0000,2292.0000,702.0000,-9353.0000,-0.7412,-0.6534,0.1517,-0.0256,165.7700,-86.1100,-94.4300,10.0400,5.4900,-3.5000,0.0000,0.0000,-0.0000,1058.0000,1656.0000,1500.0000,1982.0000
161616.5460,2.0000,1981.0000,2000.0000,1788.0000,-18.0000,119.0000,-21.0000,1661.0000,277.0000,-9015.0000,-0.7438,-0.6537,0.1344,-0.0375,165.7700,-86.1100,-94.4300,10.0400,5.4900,-3.5000,0.0000,0.0000,-0.0000,1058.0000,1656.0000,1500.0000,1982.0000
161633.6280,2.0000,1996.0000,1078.0000,1910.0000,-84.0000,33.0000,-28.0000,1499.0000,97.0000,-8317.0000,-0.7506,-0.6476,0.1252,-0.0395,165.9800,-86.0100,-94.5700,10.1700,4.8200,-3.4700,0.0000,0.0000,-0.0000,1511.0000,1081.0000,1500.0000,1998.0000
161650.4640,2.0000,1997.0000,1072.0000,1910.0000,-148.0000,-32.0000,-35.0000,1431.0000,22.0000,-7078.0000,-0.7620,-0.6347,0.1244,-0.0321,166.1800,-85.9300,-94.7000,10.2300,4.2700,-3.3800,0.0000,0.0000,-0.0000,1511.0000,1081.0000,1500.0000,1998.0000
161667.4160,2.0000,1997.0000,1072.0000,1910.0000,-198.0000,-86.0000,-42.0000,1411.0000,165.0000,-5637.0000,-0.7773,-0.6155,0.1294,-0.0176,166.4100,-85.8300,-94.8400,10.3900,4.0000,-3.2500,0.0000,0.0000,-0.0000,1511.0000,1081.0000,1500.0000,1998.0000
161684.2030,2.0000,1997.0000,1072.0000,1910.0000,-227.0000,-115.0000,-46.0000,1397.0000,14.0000,-4324.0000,-0.7942,-0.5916,0.1383,0.0016,166.6500,-85.7300,-94.9600,10.5800,3.9600,-3.0300,0.0000,0.0000,-0.0000,1511.0000,1081.0000,1500.0000,1998.0000
161701.2220,2.0000,1997.0000,1072.0000,1910.0000,-244.0000,-145.0000,-51.0000,1888.0000,313.0000,-2963.0000,-0.8116,-0.5640,0.1503,0.0249,166.8800,-85.6300,-95.0900,10.7400,4.0900,-2.8100,0.0000,0.0000,-0.0000,1511.0000,1081.0000,1500.0000,1998.0000
161718.2230,2.0000,1997.0000,1072.0000,1910.0000,-244.0000,-157.0000,-60.0000,1761.0000,109.0000,-1740.0000,-0.8277,-0.5345,0.1633,0.0504,167.1000,-85.5300,-95.2100,10.8700,4.3800,-2.6300,0.0000,0.0000,-0.0000,1511.0000,1081.0000,1500.0000,1998.0000
161735.2240,2.0000,1997.0000,1072.0000,1910.0000,-228.0000,-183.0000,-69.0000,1318.0000,-248.0000,-791.0000,-0.8409,-0.5051,0.1776,0.0781,167.1000,-85.5300,-95.2100,10.8700,4.3800,-2.6300,0.0000,0.0000,-0.0000,1511.0000,1081.0000,1500.0000,1998.0000
161752.0810,2.0000,1997.0000,1011.0000,1849.0000,-203.0000,-194.0000,-80.0000,1590.0000,-319.0000,546.0000,-0.8502,-0.4774,0.1937,0.1082,167.3100,-85.4200,-95.3200,10.9100,4.7400,-2.4000,0.0000,0.0000,-0.0000,1572.0000,1081.0000,1500.0000,1998.0000
161769.0250,2.0000,1997.0000,1011.0000,1849.0000,-164.0000,-208.0000,-90.0000,1753.0000,-204.0000,1956.0000,-0.8553,-0.4528,0.2101,0.1389,167.5400,-85.3000,-95.4200,10.9500,5.0800,-2.1800,0.0000,0.0000,-0.0000,1572.0000,1081.0000,1500.0000,1998.0000
161785.8940,2.0000,1997.0000,1011.0000,1849.0000,-122.0000,-215.0000,-101.0000,1744.0000,-384.0000,3772.0000,-0.8555,-0.4330,0.2275,0.1698,167.7900,-85.1600,-95.5100,10.9400,5.4800,-1.9700,0.0000,0.0000,-0.0000,1572.0000,1081.0000,1500.0000,1998.0000
161802.6820,2.0000,1997.0000,1011.0000,1849.0000,-87.0000,-224.0000,-108.0000,1828.0000,-450.0000,5192.0000,-0.8516,-0.4174,0.2455,0.2005,168.0200,-85.0200,-95.5700,10.7900,5.9400,-1.8200,0.0000,0.0000,-0.0000,1572.0000,1081.0000,1500.0000,1998.0000
161819.3320,2.0000,1997.0000,1011.0000,1849.0000,-59.0000,-220.0000,-109.0000,2036.0000,-868.0000,6744.0000,-0.8444,-0.4055,0.2640,0.2299,168.0200,-85.0200,-95.5700,10.7900,5.9400,-1.8200,0.0000,0.0000,-0.0000,1572.0000,1081.0000,1500.0000,1998.0000
161836.1980,2.0000,1997.0000,1026.0000,1732.0000,-35.0000,-208.0000,-105.0000,2177.0000,-943.0000,7687.0000,-0.8347,-0.3964,0.2825,0.2577,168.2300,-84.8800,-95.6300,10.5300,6.4600,-1.7500,0.0000,0.0000,-0.0000,1802.0000,1372.0000,1500.0000,1998.0000
161853.0590,2.0000,1997.0000,1072.0000,1326.0000,-6.0000,-195.0000,-98.0000,1908.0000,-769.0000,8211.0000,-0.8231,-0.3902,0.3004,0.2828,168.4200,-84.7300,-95.6600,10.1600,6.9800,-1.7600,0.0000,0.0000,-0.0000,1802.0000,1372.0000,1500.0000,1998.0000
161869.9320,2.0000,1997.0000,1072.0000,1326.0000,7.0000,-162.0000,-88.0000,2147.0000,-975.0000,8978.0000,-0.8111,-0.3867,0.3164,0.3040,168.6400,-84.5700,-95.6900,9.8000,7.3300,-1.8200,0.0000,0.0000,-0.0000,1802.0000,1372.0000,1500.0000,1998.0000
161886.7140,2.0000,1997.0000,1072.0000,1326.0000,28.0000,-131.0000,-78.0000,2095.0000,-1235.0000,9390.0000,-0.7994,-0.3859,0.3300,0.3212,168.8500,-84.4100,-95.7100,9.4000,7.6100,-1.9200,0.0000,0.0000,-0.0000,1802.0000,1372.0000,1500.0000,1998.0000
161903.4640,2.0000,1997.0000,1072.0000,1326.0000,68.0000,-94.0000,-67.0000,2072.0000,-1295.0000,8929.0000,-0.7880,-0.3895,0.3407,0.3335,169.0500,-84.2500,-95.7200,8.9700,7.8400,-2.0000,0.0000,0.0000,-0.0000,1802.0000,1372.0000,1500.0000,1998.0000
161920.3100,2.0000,1997.0000,1072.0000,1326.0000,114.0000,-38.0000,-56.0000,2217.0000,-1282.0000,8534.0000,-0.7765,-0.4000,0.3491,0.3394,169.0500,-84.2500,-95.7200,8.9700,7.8400,-2.0000,0.0000,0.0000,-0.0000,1802.0000,1372.0000,1500.0000,1998.0000
161937.3420,2.0000,1994.0000,2000.0000,1217.0000,155.0000,3.0000,-49.0000,2059.0000,-979.0000,7535.0000,-0.7648,-0.4174,0.3547,0.3390,169.2200,-84.0900,-95.7400,8.5900,8.0200,-2.0500,0.0000,0.0000,-0.0000,1335.0000,1959.0000,1500.0000,1995.0000
161954.0400,2.0000,1994.0000,2000.0000,1206.0000,177.0000,41.0000,-40.0000,1728.0000,-1030.0000,6660.0000,-0.7533,-0.4397,0.3576,0.3336,169.3800,-83.9400,-95.7400,8.3100,8.1200,-2.0700,0.0000,0.0000,-0.0000,1335.0000,1959.0000,1500.0000,1995.0000
161970.8470,2.0000,1994.0000,2000.0000,1206.0000,188.0000,83.0000,-29.0000,1613.0000,-750.0000,5362.0000,-0.7429,-0.4646,0.3572,0.3235,169.5700,-83.7800,-95.7500,8.1100,8.2000,-2.0100,0.0000,0.0000,-0.0000,1335.0000,1959.0000,1500.0000,1995.0000
161987.7750,2.0000,1994.0000,2000.0000,1206.0000,194.0000,114.0000,-21.0000,1804.0000,-273.0000,3806.0000,-0.7336,-0.4916,0.3533,0.3089,169.7600,-83.6100,-95.7500,8.0600,8.2000,-1.8900,0.0000,0.0000,-0.0000,1335.0000,1959.0000,1500.0000,1995.0000
162004.8190,2.0000,1994.0000,2000.0000,1206.0000,197.0000,145.0000,-13.0000,2250.0000,-320.0000,2718.0000,-0.7250,-0.5194,0.3465,0.2906,169.9400,-83.4600,-95.7400,8.1800,8.1200,-1.7800,0.0000,0.0000,-0.0000,1335.0000,1959.0000,1500.0000,1995.0000
162021.6570,2.0000,1994.0000,2000.0000,1206.0000,196.0000,170.0000,-7.0000,1708.0000,-464.0000,1484.0000,-0.7168,-0.5473,0.3376,0.2697,169.9400,-83.4600,-95.7400,8.1800,8.1200,-1.7800,0.0000,0.0000,-0.0000,1335.0000,1959.0000,1500.0000,1995.0000
162038.7230,2.0000,1994.0000,2000.0000,1206.0000,172.0000,200.0000,-2.0000,1720.0000,-407.0000,469.0000,-0.7102,-0.5742,0.3249,0.2457,170.1200,-83.3200,-95.7400,8.4000,7.9800,-1.6100,0.0000,0.0000,-0.0000,1335.0000,1959.0000,1500.0000,1995.0000
162055.3930,2.0000,1988.0000,2000.0000,1517.0000,131.0000,236.0000,2.0000,1651.0000,-244.0000,-607.0000,-0.7071,-0.5971,0.3080,0.2203,170.2900,-83.1900,-95.7300,8.7000,7.7300,-1.4300,0.0000,0.0000,-0.0000,1122.0000,1862.0000,1500.0000,1990.0000
162072.0090,2.0000,1988.0000,2000.0000,1517.0000,73.0000,274.0000,3.0000,1789.0000,-12.0000,-2337.0000,-0.7091,-0.6150,0.2855,0.1937,170.5000,-83.0400,-95.7100,8.9300,7.6300,-1.3000,0.0000,0.0000,-0.0000,1122.0000,1862.0000,1500.0000,1990.0000
162088.7280,2.0000,1988.0000,2000.0000,1517.0000,-2.0000,277.0000,4.0000,1750.0000,228.0000,-4996.0000,-0.7168,-0.6254,0.2586,0.1677,170.7200,-82.9000,-95.7100,9.2100,7.4400,-1.2200,0.0000,0.0000,-0.0000,1122.0000,1862.0000,1500.0000,1990.0000
162105.5240,2.0000,1988.0000,2000.0000,1517.0000,-79.0000,255.0000,5.0000,1731.0000,248.0000,-7409.0000,-0.7302,-0.6267,0.2305,0.1450,170.9300,-82.7600,-95.7300,9.5900,6.9900,-1.3800,0.0000,0.0000,-0.0000,1122.0000,1862.0000,1500.0000,1990.0000
162122.2500,2.0000,1988.0000,2000.0000,1517.0000,-128.0000,203.0000,4.0000,2028.0000,320.0000,-8236.0000,-0.7471,-0.6192,0.2052,0.1282,170.9300,-82.7600,-95.7300,9.5900,6.9900,-1.3800,0.0000,0.0000,-0.0000,1122.0000,1862.0000,1500.0000,1990.0000
162138.9980,2.0000,1988.0000,2000.0000,1517.0000,-164.0000,155.0000,-4.0000,2209.0000,386.0000,-7722.0000,-0.7652,-0.6056,0.1839,0.1176,171.1300,-82.6500,-95.7800,9.9800,6.4100,-1.4500,0.0000,0.0000,-0.0000,1122.0000,1862.0000,1500.0000,1990.0000
162156.0380,2.0000,1997.0000,1012.0000,1850.0000,-188.0000,109.0000,-13.0000,1740.0000,429.0000,-7229.0000,-0.7839,-0.5876,0.1661,0.1127,171.3300,-82.5500,-95.8400,10.3000,5.8800,-1.4000,0.0000,0.0000,-0.0000,1571.0000,1081.0000,1500.0000,1998.0000
162172.8640,2.0000,1997.0000,1012.0000,1850.0000,-205.0000,62.0000,-25.0000,1416.0000,434.0000,-6578.0000,-0.8019,-0.5665,0.1520,0.1133,171.5600,-82.4300,-95.9000,10.6000,5.6100,-1.2800,0.0000,0.0000,-0.0000,1571.0000,1081.0000,1500.0000,1998.0000
162189.9150,2.0000,1997.0000,1012.0000,1850.0000,-226.0000,15.0000,-34.0000,1636.0000,468.0000,-5948.0000,-0.8199,-0.5414,0.1422,0.1197,171.8000,-82.3000,-95.9700,10.8300,5.4400,-1.0800,0.0000,0.0000,-0.0000,1571.0000,1081.0000,1500.0000,1998.0000
162206.7660,2.0000,1997.0000,1012.0000,1850.0000,-245.0000,-24.0000,-45.0000,1664.0000,675.0000,-5376.0000,-0.8373,-0.5130,0.1362,0.1309,172.0300,-82.1900,-96.0400,11.0200,5.3300,-0.8000,0.0000,0.0000,-0.0000,1571.0000,1081.0000,1500.0000,1998.0000
162223.5330,2.0000,1997.0000,1012.0000,1850.0000,-235.0000,-70.0000,-56.0000,1603.0000,363.0000,-4188.0000,-0.8528,-0.4833,0.1338,0.1460,172.0300,-82.1900,-96.0400,11.0200,5.3300,-0.8000,0.0000,0.0000,-0.0000,1571.0000,1081.0000,1500.0000,1998.0000
162240.2110,2.0000,1997.0000,1012.0000,1850.0000,-213.0000,-104.0000,-69.0000,1299.0000,139.0000,-3121.0000,-0.8648,-0.4544,0.1356,0.1649,172.2600,-82.0800,-96.1000,11.1500,5.3400,-0.5300,0.0000,0.0000,-0.0000,1571.0000,1081.0000,1500.0000,1998.0000
162257.0590,2.0000,1997.0000,1012.0000,1850.0000,-180.0000,-147.0000,-88.0000,937.0000,113.0000,-1767.0000,-0.8726,-0.4274,0.1425,0.1884,172.4700,-81.9800,-96.1600,11.1700,5.4700,-0.2600,0.0000,0.0000,-0.0000,1571.0000,1081.0000,1500.0000,1998.0000
162274.2200,2.0000,1997.0000,1012.0000,1850.0000,-144.0000,-179.0000,-106.0000,1291.0000,209.0000,352.0000,-0.8761,-0.4032,0.1531,0.2156,172.7200,-81.8400,-96.2100,11.2100,5.7300,0.0500,0.0000,0.0000,-0.0000,1571.0000,1081.0000,1500.0000,1998.0000
162291.2380,2.0000,1997.0000,1012.0000,1850.0000,-118.0000,-196.0000,-122.0000,1510.0000,121.0000,2604.0000,-0.8751,-0.3826,0.1667,0.2451,172.9600,-81.6900,-96.2500,11.1800,6.1400,0.2500,0.0000,0.0000,-0.0000,1571.0000,1081.0000,1500.0000,1998.0000
162308.3030,2.0000,1997.0000,1012.0000,1850.0000,-95.0000,-205.0000,-132.0000,1668.0000,-174.0000,4610.0000,-0.8707,-0.3642,0.1816,0.2759,173.1900,-81.5500,-96.2800,11.0100,6.6700,0.3300,0.0000,0.0000,-0.0000,1571.0000,1081.0000,1500.0000,1998.0000
162325.3140,2.0000,1997.0000,1012.0000,1850.0000,-69.0000,-203.0000,-134.0000,1856.0000,-518.0000,6269.0000,-0.8634,-0.3487,0.1975,0.3065,173.1900,-81.5500,-96.2800,11.0100,6.6700,0.3300,0.0000,0.0000,-0.0000,1571.0000,1081.0000,1500.0000,1998.0000
162342.3190,2.0000,1997.0000,1004.0000,1842.0000,-43.0000,-192.0000,-133.0000,2134.0000,-735.0000,7467.0000,-0.8535,-0.3363,0.2136,0.3357,173.4000,-81.3900,-96.3000,10.7300,7.2500,0.3300,0.0000,0.0000,-0.0000,1580.0000,1081.0000,1500.0000,1998.0000
162359.1510,2.0000,1997.0000,1003.0000,1841.0000,-19.0000,-187.0000,-128.0000,2517.0000,-921.0000,8505.0000,-0.8422,-0.3270,0.2292,0.3623,173.5900,-81.2400,-96.3000,10.3500,7.8400,0.2200,0.0000,0.0000,-0.0000,1580.0000,1081.0000,1500.0000,1998.0000
162375.8890,2.0000,1997.0000,1003.0000,1841.0000,-4.0000,-163.0000,-119.0000,2332.0000,-1055.0000,9218.0000,-0.8299,-0.3205,0.2441,0.3859,173.8300,-81.0500,-96.2900,10.1600,8.2800,0.0600,0.0000,0.0000,-0.0000,1580.0000,1081.0000,1500.0000,1998.0000
162392.6970,2.0000,1997.0000,1003.0000,1841.0000,10.0000,-139.0000,-109.0000,1911.0000,-1133.0000,9266.0000,-0.8177,-0.3164,0.2573,0.4063,174.0600,-80.8600,-96.2800,9.9300,8.6100,-0.1500,0.0000,0.0000,-0.0000,1580.0000,1081.0000,1500.0000,1998.0000
162409.7340,2.0000,1997.0000,1003.0000,1841.0000,28.0000,-106.0000,-92.0000,1375.0000,-1227.0000,9171.0000,-0.8061,-0.3146,0.2683,0.4233,174.2700,-80.6700,-96.2600,9.6400,8.8200,-0.3600,0.0000,0.0000,-0.0000,1580.0000,1081.0000,1500.0000,1998.0000
162426.6340,2.0000,1997.0000,1003.0000,1841.0000,41.0000,-75.0000,-77.0000,1229.0000,-827.0000,7759.0000,-0.7959,-0.3162,0.2768,0.4359,174.2700,-80.6700,-96.2600,9.6400,8.8200,-0.3600,0.0000,0.0000,-0.0000,1580.0000,1081.0000,1500.0000,1998.0000
162443.4770,2.0000,1997.0000,1000.0000,1768.0000,45.0000,-58.0000,-64.0000,1327.0000,-933.0000,7264.0000,-0.7869,-0.3199,0.2837,0.4450,174.4600,-80.5000,-96.2300,9.4200,8.9100,-0.5200,0.0000,0.0000,-0.0000,1635.0000,1099.0000,1500.0000,1998.0000
162460.4320,2.0000,1997.0000,1000.0000,1768.0000,49.0000,-41.0000,-52.0000,1526.0000,-1263.0000,7094.0000,-0.7789,-0.3247,0.2897,0.4516,174.6300,-80.3300,-96.2000,9.2600,8.9300,-0.6200,0.0000,0.0000,-0.0000,1635.0000,1099.0000,1500.0000,1998.0000
162477.1710,2.0000,1997.0000,1000.0000,1768.0000,67.0000,-20.0000,-39.0000,1529.0000,-1236.0000,6413.0000,-0.7721,-0.3315,0.2945,0.4553,174.8500,-80.1400,-96.1700,9.0600,9.0300,-0.6900,0.0000,0.0000,-0.0000,1635.0000,1099.0000,1500.0000,1998.0000
162493.8400,2.0000,1997.0000,1000.0000,1768.0000,73.0000,-14.0000,-31.0000,1544.0000,-1185.0000,5832.0000,-0.7659,-0.3398,0.2989,0.4567,175.0600,-79.9400,-96.1400,8.9000,9.0900,-0.7200,0.0000,0.0000,-0.0000,1635.0000,1099.0000,1500.0000,1998.0000
162510.6580,2.0000,1997.0000,1000.0000,1768.0000,70.0000,-4.0000,-22.0000,1602.0000,-1099.0000,5249.0000,-0.7605,-0.3486,0.3028,0.4565,175.0600,-79.9400,-96.1400,8.9000,9.0900,-0.7200,0.0000,0.0000,-0.0000,1635.0000,1099.0000,1500.0000,1998.0000
162527.3920,2.0000,1997.0000,1000.0000,1768.0000,68.0000,-11.0000,-14.0000,1265.0000,-969.0000,4283.0000,-0.7555,-0.3564,0.3074,0.4558,175.2600,-79.7600,-96.1000,8.7900,9.1400,-0.7100,0.0000,0.0000,-0.0000,1635.0000,1099.0000,1500.0000,1998.0000
162544.4490,2.0000,1997.0000,1397.0000,1121.0000,57.0000,-16.0000,-7.0000,1273.0000,-831.0000,3893.0000,-0.7510,-0.3632,0.3123,0.4546,175.4500,-79.5900,-96.0600,8.7500,9.1100,-0.6300,0.0000,0.0000,-0.0000,1744.0000,1641.0000,1500.0000,1998.0000
162561.2330,2.0000,1997.0000,1397.0000,1119.0000,47.0000,-21.0000,-2.0000,1303.0000,-737.0000,3624.0000,-0.7472,-0.3680,0.3172,0.4535,175.6700,-79.3900,-96.0100,8.5600,9.0600,-0.5200,0.0000,0.0000,-0.0000,1744.0000,1641.0000,1500.0000,1998.0000
162577.9840,2.0000,1997.0000,1397.0000,1119.0000,43.0000,-24.0000,-1.0000,1406.0000,-522.0000,3600.0000,-0.7438,-0.3712,0.3223,0.4528,175.8700,-79.2000,-95.9600,8.4000,9.0000,-0.4000,0.0000,0.0000,-0.0000,1744.0000,1641.0000,1500.0000,1998.0000
162594.5710,2.0000,1997.0000,1397.0000,1119.0000,44.0000,-21.0000,1.0000,1703.0000,-515.0000,4195.0000,-0.7406,-0.3742,0.3276,0.4520,176.0600,-79.0200,-95.9100,8.2400,8.9600,-0.3300,0.0000,0.0000,-0.0000,1744.0000,1641.0000,1500.0000,1998.0000
162611.0770,2.0000,1997.0000,1397.0000,1119.0000,65.0000,-2.0000,2.0000,1819.0000,-406.0000,4319.0000,-0.7372,-0.3788,0.3324,0.4501,176.0600,-79.0200,-95.9100,8.2400,8.9600,-0.3300,0.0000,0.0000,-0.0000,1744.0000,1641.0000,1500.0000,1998.0000
162627.7250,2.0000,1997.0000,1397.0000,1119.0000,113.0000,15.0000,3.0000,1774.0000,-551.0000,4481.0000,-0.7328,-0.3884,0.3376,0.4451,176.2400,-78.8600,-95.8700,8.0500,8.9600,-0.2900,0.0000,0.0000,-0.0000,1744.0000,1641.0000,1500.0000,1998.0000
162644.7430,2.0000,1997.0000,1198.0000,1852.0000,172.0000,54.0000,5.0000,1652.0000,-355.0000,4037.0000,-0.7265,-0.4061,0.3432,0.4353,176.4000,-78.7000,-95.8200,7.8500,8.9700,-0.2300,0.0000,0.0000,-0.0000,1473.0000,1172.0000,1500.0000,1998.0000
162661.4290,2.0000,1997.0000,1198.0000,1854.0000,223.0000,80.0000,4.0000,1698.0000,-249.0000,3219.0000,-0.7179,-0.4308,0.3490,0.4209,176.5500,-78.5500,-95.7700,7.6900,8.9600,-0.1700,0.0000,0.0000,-0.0000,1473.0000,1172.0000,1500.0000,1998.0000
162678.3840,2.0000,1997.0000,1198.0000,1854.0000,253.0000,94.0000,-2.0000,1547.0000,-73.0000,1346.0000,-0.7065,-0.4614,0.3547,0.4026,176.7300,-78.3600,-95.7200,7.5700,9.1600,-0.0800,0.0000,0.0000,-0.0000,1473.0000,1172.0000,1500.0000,1998.0000
162695.2100,2.0000,1997.0000,1198.0000,1854.0000,247.0000,90.0000,-11.0000,1568.0000,368.0000,-909.0000,-0.6931,-0.4931,0.3596,0.3836,176.9000,-78.1700,-95.6700,7.6400,9.2600,0.0400,0.0000,0.0000,-0.0000,1473.0000,1172.0000,1500.0000,1998.0000
162712.1630,2.0000,1997.0000,1198.0000,1854.0000,214.0000,57.0000,-20.0000,1251.0000,291.0000,-2810.0000,-0.6783,-0.5215,0.3643,0.3677,176.9000,-78.1700,-95.6700,7.6400,9.2600,0.0400,0.0000,0.0000,-0.0000,1473.0000,1172.0000,1500.0000,1998.0000
162728.6830,2.0000,1997.0000,1198.0000,1854.0000,148.0000,16.0000,-24.0000,938.0000,379.0000,-4188.0000,-0.6649,-0.5418,0.3689,0.3581,177.0600,-77.9900,-95.6200,7.9100,9.2100,0.1700,0.0000,0.0000,-0.0000,1473.0000,1172.0000,1500.0000,1998.0000
162745.8180,2.0000,1964.0000,1499.0000,2000.0000,77.0000,-31.0000,-22.0000,913.0000,273.0000,-4075.0000,-0.6537,-0.5533,0.3745,0.3555,177.2200,-77.8200,-95.5800,8.2700,9.0400,0.3100,0.0000,0.0000,-0.0000,1068.0000,1067.0000,1500.0000,1967.0000
162762.6100,2.0000,1964.0000,1499.0000,2000.0000,27.0000,-71.0000,-26.0000,927.0000,311.0000,-2999.0000,-0.6451,-0.5566,0.3804,0.3596,177.4300,-77.6000,-95.5300,8.5800,9.2300,0.4300,0.0000,0.0000,-0.0000,1068.0000,1067.0000,1500.0000,1967.0000
162779.1860,2.0000,1964.0000,1499.0000,2000.0000,-26.0000,-101.0000,-25.0000,1128.0000,267.0000,-1156.0000,-0.6386,-0.5532,0.3869,0.3695,177.6300,-77.3800,-95.4900,8.7500,9.4400,0.5700,0.0000,0.0000,-0.0000,1068.0000,1067.0000,1500.0000,1967.0000
162795.9280,2.0000,1964.0000,1499.0000,2000.0000,-79.0000,-123.0000,-22.0000,1235.0000,-15.0000,1052.0000,-0.6352,-0.5431,0.3925,0.3841,177.8100,-77.1700,-95.4500,8.6900,9.7500,0.7600,0.0000,0.0000,-0.0000,1068.0000,1067.0000,1500.0000,1967.0000
162812.9730,2.0000,1964.0000,1499.0000,2000.0000,-119.0000,-137.0000,-18.0000,1077.0000,-148.0000,2624.0000,-0.6345,-0.5269,0.3974,0.4023,177.8100,-77.1700,-95.4500,8.6900,9.7500,0.7600,0.0000,0.0000,-0.0000,1068.0000,1067.0000,1500.0000,1967.0000
162829.3310,2.0000,1964.0000,1499.0000,2000.0000,-150.0000,-139.0000,-17.0000,1231.0000,-310.0000,4006.0000,-0.6355,-0.5074,0.4007,0.4219,177.9900,-76.9600,-95.4000,8.4300,10.0800,0.9700,0.0000,0.0000,-0.0000,1068.0000,1067.0000,1500.0000,1967.0000
162846.3070,2.0000,1997.0000,1008.0000,1844.0000,-172.0000,-138.0000,-19.0000,1342.0000,-388.0000,5186.0000,-0.6376,-0.4843,0.4025,0.4437,178.1400,-76.7600,-95.3500,8.0300,10.4200,1.1600,0.0000,0.0000,-0.0000,1577.0000,1082.0000,1500.0000,1998.0000
162862.8450,2.0000,1997.0000,1007.0000,1843.0000,-179.0000,-143.0000,-21.0000,1499.0000,-121.0000,5750.0000,-0.6402,-0.4598,0.4025,0.4655,178.2800,-76.5700,-95.2900,7.5500,10.7400,1.3400,0.0000,0.0000,-0.0000,1577.0000,1082.0000,1500.0000,1998.0000
162879.5980,2.0000,1997.0000,1007.0000,1843.0000,-156.0000,-144.0000,-25.0000,1600.0000,-324.0000,6437.0000,-0.6416,-0.4353,0.4024,0.4868,178.4500,-76.3000,-95.2300,7.1100,11.2200,1.4300,0.0000,0.0000,-0.0000,1577.0000,1082.0000,1500.0000,1998.0000
162896.5290,2.0000,1997.0000,1007.0000,1843.0000,-118.0000,-152.0000,-33.0000,1719.0000,-571.0000,7121.0000,-0.6395,-0.4132,0.4043,0.5068,178.4500,-76.3000,-95.2300,7.1100,11.2200,1.4300,0.0000,0.0000,-0.0000,1577.0000,1082.0000,1500.0000,1998.0000
162913.4360,2.0000,1997.0000,1007.0000,1843.0000,-76.0000,-157.0000,-41.0000,1888.0000,-582.0000,7819.0000,-0.6333,-0.3948,0.4093,0.5250,178.6100,-76.0400,-95.1700,6.6200,11.6200,1.4900,0.0000,0.0000,-0.0000,1577.0000,1082.0000,1500.0000,1998.0000
162930.1680,2.0000,1997.0000,1007.0000,1843.0000,-45.0000,-156.0000,-45.0000,1933.0000,-789.0000,8433.0000,-0.6238,-0.3800,0.4167,0.5412,178.7300,-75.7900,-95.1100,6.0900,11.9500,1.4900,0.0000,0.0000,-0.0000,1577.0000,1082.0000,1500.0000,1998.0000
162947.4080,2.0000,1997.0000,1090.0000,1738.0000,-25.0000,-164.0000,-48.0000,1848.0000,-795.0000,8665.0000,-0.6119,-0.3669,0.4260,0.5563,178.8500,-75.5500,-95.0500,5.5100,12.2100,1.4600,0.0000,0.0000,-0.0000,1589.0000,1176.0000,1500.0000,1998.0000
162964.1630,2.0000,1997.0000,1089.0000,1737.0000,-17.0000,-154.0000,-48.0000,2003.0000,-652.0000,8970.0000,-0.5992,-0.3552,0.4359,0.5700,178.9800,-75.2600,-94.9900,4.9100,12.5000,1.4200,0.0000,0.0000,-0.0000,1589.0000,1176.0000,1500.0000,1998.0000
162981.1250,2.0000,1997.0000,1089.0000,1737.0000,-5.0000,-137.0000,-46.0000,1921.0000,-635.0000,9325.0000,-0.5864,-0.3450,0.4453,0.5821,179.0900,-74.9700,-94.9400,4.3100,12.7100,1.3500,0.0000,0.0000,-0.0000,1589.0000,1176.0000,1500.0000,1998.0000
162997.9510,2.0000,1997.0000,1089.0000,1737.0000,11.0000,-103.0000,-41.0000,1562.0000,-702.0000,9435.0000,-0.5749,-0.3382,0.4535,0.5911,179.1800,-74.7000,-94.8800,3.7200,12.8200,1.2700,0.0000,0.0000,-0.0000,1589.0000,1176.0000,1500.0000,1998.0000
163014.8150,2.0000,1997.0000,1089.0000,1737.0000,15.0000,-84.0000,-40.0000,1731.0000,-700.0000,9028.0000,-0.5647,-0.3341,0.4603,0.5979,179.1800,-74.7000,-94.8800,3.7200,12.8200,1.2700,0.0000,0.0000,-0.0000,1589.0000,1176.0000,1500.0000,1998.0000
163031.3010,2.0000,1997.0000,1089.0000,1737.0000,24.0000,-70.0000,-37.0000,1678.0000,-687.0000,8139.0000,-0.5556,-0.3320,0.4663,0.6030,179.2600,-74.4300,-94.8300,3.1700,12.8800,1.1900,0.0000,0.0000,-0.0000,1589.0000,1176.0000,1500.0000,1998.0000
163048.5200,2.0000,1997.0000,1943.0000,1023.0000,19.0000,-47.0000,-38.0000,1529.0000,-590.0000,7450.0000,-0.5473,-0.3313,0.4710,0.6074,179.3300,-74.1600,-94.7800,2.7000,12.9500,1.1400,0.0000,0.0000,-0.0000,1519.0000,1962.0000,1500.0000,1998.0000
163065.3280,2.0000,1997.0000,1944.0000,1022.0000,26.0000,-25.0000,-37.0000,1375.0000,-278.0000,6468.0000,-0.5405,-0.3330,0.4739,0.6102,179.4000,-73.8500,-94.7400,2.2100,13.1600,1.1100,0.0000,0.0000,-0.0000,1519.0000,1962.0000,1500.0000,1998.0000
163082.3660,2.0000,1997.0000,1944.0000,1022.0000,27.0000,-5.0000,-37.0000,1613.0000,-215.0000,5871.0000,-0.5353,-0.3368,0.4754,0.6116,179.4600,-73.5400,-94.7000,1.8500,13.3500,1.0900,0.0000,0.0000,-0.0000,1519.0000,1962.0000,1500.0000,1998.0000
163098.9020,2.0000,1997.0000,1944.0000,1022.0000,16.0000,13.0000,-37.0000,1510.0000,-304.0000,5503.0000,-0.5314,-0.3412,0.4751,0.6127,179.5200,-73.2500,-94.6600,1.5600,13.5400,1.1000,0.0000,0.0000,-0.0000,1519.0000,1962.0000,1500.0000,1998.0000
163115.7370,2.0000,1997.0000,1944.0000,1022.0000,32.0000,48.0000,-37.0000,1435.0000,-528.0000,5602.0000,-0.5292,-0.3482,0.4729,0.6125,179.5200,-73.2500,-94.6600,1.5600,13.5400,1.1000,0.0000,0.0000,-0.0000,1519.0000,1962.0000,1500.0000,1998.0000
163132.4890,2.0000,1997.0000,1944.0000,1022.0000,63.0000,105.0000,-32.0000,1458.0000,-590.0000,6027.0000,-0.5291,-0.3612,0.4692,0.6077,179.5600,-72.9600,-94.6200,1.3100,13.7000,1.1600,0.0000,0.0000,-0.0000,1519.0000,1962.0000,1500.0000,1998.0000
163149.0640,2.0000,1993.0000,2000.0000,1245.0000,88.0000,183.0000,-26.0000,975.0000,-526.0000,5431.0000,-0.5319,-0.3814,0.4638,0.5971,179.6000,-72.6700,-94.5700,1.0100,13.8700,1.2300,0.0000,0.0000,-0.0000,1296.0000,1958.0000,1500.0000,1994.0000
163165.9720,2.0000,1993.0000,2000.0000,1246.0000,86.0000,275.0000,-19.0000,953.0000,-340.0000,3197.0000,-0.5402,-0.4098,0.4521,0.5795,179.6400,-72.3200,-94.5300,0.5400,14.1900,1.3300,0.0000,0.0000,-0.0000,1296.0000,1958.0000,1500.0000,1994.0000
163182.7270,2.0000,1993.0000,2000.0000,1246.0000,53.0000,345.0000,-15.0000,1493.0000,-205.0000,-792.0000,-0.5547,-0.4425,0.4318,0.5568,179.6700,-71.9800,-94.4800,0.4100,14.5800,1.4700,0.0000,0.0000,-0.0000,1296.0000,1958.0000,1500.0000,1994.0000
163199.4500,2.0000,1993.0000,2000.0000,1246.0000,4.0000,380.0000,-13.0000,1690.0000,-3.0000,-5787.0000,-0.5739,-0.4747,0.4031,0.5318,179.6700,-71.9800,-94.4800,0.4100,14.5800,1.4700,0.0000,0.0000,-0.0000,1296.0000,1958.0000,1500.0000,1994.0000
163216.4320,2.0000,1993.0000,2000.0000,1246.0000,-27.0000,356.0000,-13.0000,1982.0000,320.0000,-10049.0000,-0.5949,-0.5025,0.3694,0.5071,179.7000,-71.6300,-94.4400,0.8000,14.9900,1.5000,0.0000,0.0000,-0.0000,1296.0000,1958.0000,1500.0000,1994.0000
163233.0970,2.0000,1993.0000,2000.0000,1246.0000,-47.0000,291.0000,-17.0000,1710.0000,403.0000,-11658.0000,-0.6126,-0.5231,0.3378,0.4867,179.7500,-71.3000,-94.4200,1.6500,15.2300,1.4800,0.0000,0.0000,-0.0000,1296.0000,1958.0000,1500.0000,1994.0000
163250.1820,2.0000,1966.0000,1499.0000,2000.0000,-70.0000,229.0000,-27.0000,1814.0000,667.0000,-11375.0000,-0.6279,-0.5370,0.3081,0.4716,179.8100,-70.9700,-94.4400,2.5600,15.2800,1.4700,0.0000,0.0000,-0.0000,1071.0000,1069.0000,1500.0000,1969.0000
163266.6130,2.0000,1966.0000,1498.0000,2000.0000,-74.0000,153.0000,-40.0000,1441.0000,344.0000,-10509.0000,-0.6389,-0.5438,0.2842,0.4640,179.8700,-70.5700,-94.4800,3.0500,15.3900,1.4900,0.0000,0.0000,-0.0000,1071.0000,1069.0000,1500.0000,1969.0000
163283.5660,2.0000,1966.0000,1498.0000,2000.0000,-90.0000,72.0000,-54.0000,1163.0000,106.0000,-9595.0000,-0.6463,-0.5453,0.2648,0.4636,179.9400,-70.1900,-94.5300,3.3400,15.4100,1.5800,0.0000,0.0000,-0.0000,1071.0000,1069.0000,1500.0000,1969.0000
163300.1780,2.0000,1966.0000,1498.0000,2000.0000,-101.0000,-11.0000,-66.0000,1172.0000,216.0000,-9515.0000,-0.6502,-0.5403,0.2516,0.4712,179.9400,-70.1900,-94.5300,3.3400,15.4100,1.5800,0.0000,0.0000,-0.0000,1071.0000,1069.0000,1500.0000,1969.0000
163317.0090,2.0000,1966.0000,1498.0000,2000.0000,-128.0000,-96.0000,-75.0000,1365.0000,77.0000,-8691.0000,-0.6516,-0.5276,0.2440,0.4874,180.0100,-69.8400,-94.5900,3.5500,15.3800,1.8200,0.0000,0.0000,-0.0000,1071.0000,1069.0000,1500.0000,1969.0000
163333.7530,2.0000,1966.0000,1498.0000,2000.0000,-164.0000,-170.0000,-78.0000,1110.0000,218.0000,-7314.0000,-0.6519,-0.5066,0.2404,0.5105,180.0700,-69.5100,-94.6400,3.7500,15.3500,2.1600,0.0000,0.0000,-0.0000,1071.0000,1069.0000,1500.0000,1969.0000
163350.5790,2.0000,1997.0000,1084.0000,1922.0000,-198.0000,-228.0000,-82.0000,1356.0000,255.0000,-4772.0000,-0.6514,-0.4760,0.2402,0.5399,180.1400,-69.1900,-94.6800,3.8400,15.3900,2.5200,0.0000,0.0000,-0.0000,1496.0000,1081.0000,1500.0000,1998.0000
163367.2370,2.0000,1997.0000,1084.0000,1922.0000,-227.0000,-255.0000,-85.0000,1466.0000,19.0000,-1383.0000,-0.6502,-0.4386,0.2403,0.5719,180.2000,-68.7900,-94.7100,3.7500,15.6200,2.8600,0.0000,0.0000,-0.0000,1496.0000,1081.0000,1500.0000,1998.0000
163384.1790,2.0000,1997.0000,1084.0000,1922.0000,-226.0000,-261.0000,-85.0000,1466.0000,-402.0000,1912.0000,-0.6476,-0.3969,0.2402,0.6045,180.2500,-68.4200,-94.7500,3.2900,15.9700,3.0600,0.0000,0.0000,-0.0000,1496.0000,1081.0000,1500.0000,1998.0000
163401.1260,2.0000,1997.0000,1084.0000,1922.0000,-188.0000,-266.0000,-87.0000,1237.0000,-625.0000,4358.0000,-0.6417,-0.3560,0.2417,0.6348,180.2500,-68.4200,-94.7500,3.2900,15.9700,3.0600,0.0000,0.0000,-0.0000,1496.0000,1081.0000,1500.0000,1998.0000
163418.0200,2.0000,1997.0000,1084.0000,1922.0000,-147.0000,-272.0000,-91.0000,1661.0000,-714.0000,6874.0000,-0.6318,-0.3176,0.2466,0.6626,180.2900,-68.0500,-94.7700,2.5800,16.3100,3.3200,0.0000,0.0000,-0.0000,1496.0000,1081.0000,1500.0000,1998.0000
163434.5650,2.0000,1997.0000,1084.0000,1922.0000,-109.0000,-260.0000,-92.0000,1783.0000,-851.0000,9014.0000,-0.6189,-0.2833,0.2544,0.6871,180.3000,-67.7000,-94.7600,1.7500,16.6100,3.3900,0.0000,0.0000,-0.0000,1496.0000,1081.0000,1500.0000,1998.0000
163451.6670,2.0000,1997.0000,1002.0000,1838.0000,-74.0000,-239.0000,-84.0000,2081.0000,-1288.0000,11192.0000,-0.6036,-0.2524,0.2644,0.7086,180.3000,-67.3500,-94.7400,0.9000,16.8200,3.2900,0.0000,0.0000,-0.0000,1582.0000,1082.0000,1500.0000,1998.0000
163468.5040,2.0000,1997.0000,1002.0000,1838.0000,-40.0000,-206.0000,-76.0000,2035.0000,-1333.0000,12155.0000,-0.5884,-0.2271,0.2751,0.7256,180.3000,-66.9300,-94.7000,0.1300,16.9400,2.9900,0.0000,0.0000,-0.0000,1582.0000,1082.0000,1500.0000,1998.0000
163485.1930,2.0000,1997.0000,1002.0000,1838.0000,-17.0000,-168.0000,-67.0000,1961.0000,-1082.0000,11861.0000,-0.5743,-0.2079,0.2857,0.7385,180.2800,-66.5400,-94.6500,-0.5600,16.9300,2.5700,0.0000,0.0000,-0.0000,1582.0000,1082.0000,1500.0000,1998.0000
163502.1930,2.0000,1997.0000,1002.0000,1838.0000,5.0000,-133.0000,-56.0000,1809.0000,-1028.0000,10856.0000,-0.5617,-0.1943,0.2960,0.7477,180.2800,-66.5400,-94.6500,-0.5600,16.9300,2.5700,0.0000,0.0000,-0.0000,1582.0000,1082.0000,1500.0000,1998.0000
163518.7730,2.0000,1997.0000,1002.0000,1838.0000,26.0000,-100.0000,-46.0000,1659.0000,-1153.0000,10299.0000,-0.5511,-0.1853,0.3053,0.7541,180.2500,-66.1800,-94.6000,-1.1300,16.8400,2.1100,0.0000,0.0000,-0.0000,1582.0000,1082.0000,1500.0000,1998.0000
163535.3890,2.0000,1996.0000,1529.0000,1521.0000,37.0000,-60.0000,-38.0000,1499.0000,-1106.0000,9442.0000,-0.5425,-0.1811,0.3141,0.7578,180.2100,-65.8400,-94.5600,-1.6000,16.6900,1.7100,0.0000,0.0000,-0.0000,1363.0000,1952.0000,1500.0000,1997.0000
163552.4680,2.0000,1996.0000,2000.0000,1185.0000,50.0000,-29.0000,-26.0000,1452.0000,-955.0000,8542.0000,-0.5361,-0.1815,0.3213,0.7592,180.1700,-65.5000,-94.5200,-1.8900,16.4900,1.3700,0.0000,0.0000,-0.0000,1363.0000,1952.0000,1500.0000,1997.0000
163569.5500,2.0000,1996.0000,2000.0000,1185.0000,49.0000,2.0000,-15.0000,1512.0000,-976.0000,7638.0000,-0.5323,-0.1856,0.3275,0.7583,180.1500,-65.1300,-94.4800,-1.9100,16.2200,1.1000,0.0000,0.0000,-0.0000,1363.0000,1952.0000,1500.0000,1997.0000
163586.6380,2.0000,1996.0000,2000.0000,1185.0000,50.0000,24.0000,-3.0000,1568.0000,-978.0000,6969.0000,-0.5309,-0.1917,0.3318,0.7558,180.1300,-64.7800,-94.4400,-1.8900,15.9800,0.9000,0.0000,0.0000,-0.0000,1363.0000,1952.0000,1500.0000,1997.0000
163603.6280,2.0000,1996.0000,2000.0000,1185.0000,55.0000,62.0000,8.0000,1475.0000,-848.0000,6247.0000,-0.5322,-0.2008,0.3342,0.7515,180.1300,-64.7800,-94.4400,-1.8900,15.9800,0.9000,0.0000,0.0000,-0.0000,1363.0000,1952.0000,1500.0000,1997.0000
163620.5900,2.0000,1996.0000,2000.0000,1185.0000,71.0000,94.0000,17.0000,1567.0000,-1057.0000,5862.0000,-0.5360,-0.2136,0.3352,0.7448,180.1100,-64.4600,-94.4100,-1.8200,15.7800,0.7600,0.0000,0.0000,-0.0000,1363.0000,1952.0000,1500.0000,1997.0000
163637.2850,2.0000,1996.0000,2000.0000,1216.0000,84.0000,143.0000,27.0000,1790.0000,-985.0000,5703.0000,-0.5419,-0.2312,0.3351,0.7352,180.0900,-64.1600,-94.3700,-1.7300,15.6100,0.6900,0.0000,0.0000,-0.0000,1341.0000,1942.0000,1500.0000,1997.0000
163654.2370,2.0000,1996.0000,2000.0000,1217.0000,76.0000,206.0000,33.0000,1899.0000,-579.0000,4733.0000,-0.5510,-0.2551,0.3310,0.7223,180.0800,-63.8600,-94.3300,-1.7000,15.5400,0.6300,0.0000,0.0000,-0.0000,1341.0000,1942.0000,1500.0000,1997.0000
163670.7160,2.0000,1996.0000,2000.0000,1217.0000,50.0000,256.0000,37.0000,1927.0000,-472.0000,3069.0000,-0.5631,-0.2823,0.3204,0.7075,180.0700,-63.5000,-94.2900,-1.6900,15.6500,0.6200,0.0000,0.0000,-0.0000,1341.0000,1942.0000,1500.0000,1997.0000
163687.5640,2.0000,1996.0000,2000.0000,1217.0000,18.0000,319.0000,39.0000,1638.0000,-162.0000,-125.0000,-0.5788,-0.3132,0.3011,0.6901,180.0700,-63.1600,-94.2500,-1.4400,15.7900,0.7100,0.0000,0.0000,-0.0000,1341.0000,1942.0000,1500.0000,1997.0000
163704.2500,2.0000,1996.0000,2000.0000,1217.0000,-10.0000,362.0000,38.0000,1626.0000,56.0000,-3965.0000,-0.5968,-0.3457,0.2739,0.6703,180.0700,-63.1600,-94.2500,-1.4400,15.7900,0.7100,0.0000,0.0000,-0.0000,1341.0000,1942.0000,1500.0000,1997.0000
163720.9800,2.0000,1996.0000,2000.0000,1217.0000,-24.0000,362.0000,34.0000,1951.0000,346.0000,-8015.0000,-0.6146,-0.3777,0.2420,0.6489,180.0800,-62.8400,-94.2000,-0.8700,15.9000,1.0200,0.0000,0.0000,-0.0000,1341.0000,1942.0000,1500.0000,1997.0000
163737.5050,2.0000,1996.0000,2000.0000,1217.0000,-38.0000,329.0000,25.0000,1951.0000,686.0000,-10565.0000,-0.6300,-0.4059,0.2097,0.6280,180.1100,-62.5400,-94.1900,0.0000,15.9100,1.1500,0.0000,0.0000,-0.0000,1341.0000,1942.0000,1500.0000,1997.0000
163754.1260,2.0000,1997.0000,1033.0000,1871.0000,-45.0000,266.0000,13.0000,1894.0000,755.0000,-11068.0000,-0.6421,-0.4279,0.1801,0.6101,180.1400,-62.2300,-94.2000,0.8500,15.8700,1.5100,0.0000,0.0000,-0.0000,1550.0000,1081.0000,1500.0000,1998.0000
163770.9520,2.0000,1997.0000,1033.0000,1871.0000,-43.0000,202.0000,-4.0000,1480.0000,748.0000,-10674.0000,-0.6506,-0.4440,0.1547,0.5964,180.1800,-61.8500,-94.2200,1.3200,15.8800,1.9800,0.0000,0.0000,-0.0000,1550.0000,1081.0000,1500.0000,1998.0000
163787.8510,2.0000,1997.0000,1033.0000,1871.0000,-42.0000,116.0000,-23.0000,1521.0000,933.0000,-10664.0000,-0.6547,-0.4540,0.1356,0.5889,180.2200,-61.5100,-94.2400,1.6900,15.7900,2.4500,0.0000,0.0000,-0.0000,1550.0000,1081.0000,1500.0000,1998.0000
163804.7920,2.0000,1997.0000,1033.0000,1871.0000,-67.0000,9.0000,-42.0000,1526.0000,1003.0000,-10472.0000,-0.6559,-0.4548,0.1231,0.5897,180.2200,-61.5100,-94.2400,1.6900,15.7900,2.4500,0.0000,0.0000,-0.0000,1550.0000,1081.0000,1500.0000,1998.0000
163821.7410,2.0000,1997.0000,1033.0000,1871.0000,-81.0000,-82.0000,-56.0000,1017.0000,755.0000,-9657.0000,-0.6553,-0.4448,0.1172,0.5991,180.2600,-61.1900,-94.2700,2.0300,15.6500,2.9600,0.0000,0.0000,-0.0000,1550.0000,1081.0000,1500.0000,1998.0000
163838.7540,2.0000,1997.0000,1033.0000,1871.0000,-90.0000,-163.0000,-69.0000,853.0000,573.0000,-8088.0000,-0.6523,-0.4263,0.1180,0.6154,180.3100,-60.8900,-94.2800,2.2900,15.5000,3.5300,0.0000,0.0000,-0.0000,1550.0000,1081.0000,1500.0000,1998.0000
163855.5050,2.0000,1997.0000,1013.0000,1851.0000,-90.0000,-241.0000,-84.0000,906.0000,333.0000,-5410.0000,-0.6466,-0.3998,0.1251,0.6376,180.3500,-60.5700,-94.2800,2.3500,15.4400,4.0700,0.0000,0.0000,-0.0000,1570.0000,1081.0000,1500.0000,1998.0000
163872.3340,2.0000,1997.0000,1013.0000,1851.0000,-84.0000,-286.0000,-98.0000,900.0000,252.0000,-2067.0000,-0.6371,-0.3674,0.1372,0.6636,180.3800,-60.2100,-94.2900,2.0300,15.5900,4.4500,0.0000,0.0000,-0.0000,1570.0000,1081.0000,1500.0000,1998.0000
163889.3550,2.0000,1997.0000,1013.0000,1851.0000,-72.0000,-317.0000,-113.0000,1004.0000,234.0000,1637.0000,-0.6236,-0.3318,0.1527,0.6912,180.4000,-59.8600,-94.2900,1.4400,15.8700,4.7500,0.0000,0.0000,-0.0000,1570.0000,1081.0000,1500.0000,1998.0000
163906.3680,2.0000,1997.0000,1013.0000,1851.0000,-60.0000,-327.0000,-125.0000,1250.0000,-167.0000,5521.0000,-0.6064,-0.2951,0.1696,0.7186,180.4000,-59.8600,-94.2900,1.4400,15.8700,4.7500,0.0000,0.0000,-0.0000,1570.0000,1081.0000,1500.0000,1998.0000
163923.0090,2.0000,1997.0000,1013.0000,1851.0000,-50.0000,-311.0000,-128.0000,1911.0000,-580.0000,8677.0000,-0.5868,-0.2593,0.1866,0.7441,180.4000,-59.5300,-94.2700,0.6400,16.1600,4.7900,0.0000,0.0000,-0.0000,1570.0000,1081.0000,1500.0000,1998.0000
163940.0970,2.0000,1997.0000,1016.0000,1854.0000,-34.0000,-293.0000,-127.0000,2248.0000,-1015.0000,11372.0000,-0.5652,-0.2250,0.2033,0.7672,180.3800,-59.2200,-94.2300,-0.3300,16.4200,4.6300,0.0000,0.0000,-0.0000,1565.0000,1081.0000,1500.0000,1998.0000
163956.9220,2.0000,1997.0000,1018.0000,1856.0000,-10.0000,-250.0000,-119.0000,2433.0000,-1185.0000,13031.0000,-0.5432,-0.1961,0.2192,0.7864,180.3400,-58.8800,-94.1800,-1.3100,16.5900,4.2500,0.0000,0.0000,-0.0000,1565.0000,1081.0000,1500.0000,1998.0000
163974.0010,2.0000,1997.0000,1018.0000,1856.0000,18.0000,-201.0000,-107.0000,2429.0000,-1389.0000,13320.0000,-0.5222,-0.1735,0.2346,0.8013,180.2800,-58.4900,-94.1200,-2.1900,16.6400,3.6900,0.0000,0.0000,-0.0000,1565.0000,1081.0000,1500.0000,1998.0000
163990.9830,2.0000,1997.0000,1018.0000,1856.0000,35.0000,-156.0000,-95.0000,2219.0000,-1468.0000,12817.0000,-0.5032,-0.1580,0.2490,0.8123,180.2000,-58.1300,-94.0600,-2.9400,16.5500,3.0500,0.0000,0.0000,-0.0000,1565.0000,1081.0000,1500.0000,1998.0000
164007.8550,2.0000,1997.0000,1018.0000,1856.0000,43.0000,-115.0000,-78.0000,1980.0000,-1415.0000,11307.0000,-0.4874,-0.1483,0.2614,0.8198,180.2000,-58.1300,-94.0600,-2.9400,16.5500,3.0500,0.0000,0.0000,-0.0000,1565.0000,1081.0000,1500.0000,1998.0000
164024.5720,2.0000,1997.0000,1018.0000,1856.0000,54.0000,-77.0000,-61.0000,1734.0000,-995.0000,10041.0000,-0.4747,-0.1429,0.2729,0.8245,180.1200,-57.8000,-94.0000,-3.5400,16.3800,2.4900,0.0000,0.0000,-0.0000,1565.0000,1081.0000,1500.0000,1998.0000
164041.7000,2.0000,1978.0000,1461.0000,2000.0000,60.0000,-40.0000,-48.0000,1606.0000,-1048.0000,9374.0000,-0.4651,-0.1427,0.2826,0.8267,180.0300,-57.4800,-93.9500,-3.9400,16.2000,2.0400,0.0000,0.0000,-0.0000,1102.0000,1063.0000,1500.0000,1980.0000
164058.5590,2.0000,1978.0000,1461.0000,2000.0000,72.0000,-2.0000,-32.0000,1687.0000,-1438.0000,9486.0000,-0.4583,-0.1469,0.2915,0.8267,179.9400,-57.1600,-93.8900,-4.2000,16.0100,1.6600,0.0000,0.0000,-0.0000,1102.0000,1063.0000,1500.0000,1980.0000
164075.5470,2.0000,1978.0000,1461.0000,2000.0000,65.0000,23.0000,-15.0000,1151.0000,-1209.0000,8018.0000,-0.4548,-0.1538,0.2982,0.8250,179.8500,-56.8000,-93.8400,-4.4000,15.7700,1.3400,0.0000,0.0000,-0.0000,1102.0000,1063.0000,1500.0000,1980.0000
164092.2150,2.0000,1978.0000,1461.0000,2000.0000,62.0000,28.0000,1.0000,955.0000,-1138.0000,6829.0000,-0.4540,-0.1613,0.3039,0.8219,179.7600,-56.4700,-93.7800,-4.4700,15.5600,1.1300,0.0000,0.0000,-0.0000,1102.0000,1063.0000,1500.0000,1980.0000
164109.1050,2.0000,1978.0000,1461.0000,2000.0000,38.0000,50.0000,16.0000,1237.0000,-960.0000,6126.0000,-0.4561,-0.1693,0.3077,0.8177,179.7600,-56.4700,-93.7800,-4.4700,15.5600,1.1300,0.0000,0.0000,-0.0000,1102.0000,1063.0000,1500.0000,1980.0000
164126.0360,2.0000,1978.0000,1461.0000,2000.0000,14.0000,59.0000,34.0000,1157.0000,-1146.0000,5362.0000,-0.4613,-0.1765,0.3076,0.8133,179.6800,-56.1600,-93.7300,-4.4800,15.4000,0.9900,0.0000,0.0000,-0.0000,1102.0000,1063.0000,1500.0000,1980.0000
164143.0180,2.0000,1997.0000,1060.0000,1898.0000,-7.0000,58.0000,50.0000,1577.0000,-833.0000,4160.0000,-0.4695,-0.1823,0.3047,0.8084,179.6000,-55.8700,-93.6700,-4.4400,15.2900,0.9100,0.0000,0.0000,-0.0000,1523.0000,1081.0000,1500.0000,1998.0000
164159.7970,2.0000,1997.0000,1060.0000,1898.0000,-29.0000,43.0000,56.0000,1339.0000,-240.0000,2731.0000,-0.4789,-0.1849,0.3003,0.8039,179.5200,-55.5500,-93.6200,-4.2900,15.3100,0.9300,0.0000,0.0000,-0.0000,1523.0000,1081.0000,1500.0000,1998.0000
164176.4660,2.0000,1997.0000,1060.0000,1898.0000,-47.0000,19.0000,57.0000,1207.0000,-26.0000,1920.0000,-0.4885,-0.1834,0.2948,0.8006,179.4600,-55.2100,-93.5500,-4.0300,15.4000,1.0100,0.0000,0.0000,-0.0000,1523.0000,1081.0000,1500.0000,1998.0000
164193.0660,2.0000,1997.0000,1060.0000,1898.0000,-53.0000,-21.0000,53.0000,987.0000,-114.0000,1538.0000,-0.4968,-0.1766,0.2902,0.7986,179.4000,-54.8800,-93.4900,-3.7400,15.4700,1.1200,0.0000,0.0000,-0.0000,1523.0000,1081.0000,1500.0000,1998.0000
164210.0350,2.0000,1997.0000,1060.0000,1898.0000,-51.0000,-62.0000,41.0000,836.0000,-87.0000,1686.0000,-0.5027,-0.1647,0.2882,0.7982,179.4000,-54.8800,-93.4900,-3.7400,15.4700,1.1200,0.0000,0.0000,-0.0000,1523.0000,1081.0000,1500.0000,1998.0000
164226.5530,2.0000,1997.0000,1060.0000,1898.0000,-40.0000,-98.0000,29.0000,888.0000,-53.0000,2399.0000,-0.5051,-0.1502,0.2895,0.7991,179.3500,-54.5700,-93.4300,-3.4700,15.5100,1.2500,0.0000,0.0000,-0.0000,1523.0000,1081.0000,1500.0000,1998.0000
164243.6740,2.0000,1997.0000,1008.0000,1846.0000,-40.0000,-133.0000,13.0000,726.0000,1.0000,3332.0000,-0.5038,-0.1323,0.2937,0.8015,179.3100,-54.2800,-93.3600,-3.2500,15.4900,1.3100,0.0000,0.0000,-0.0000,1576.0000,1081.0000,1500.0000,1998.0000
164260.2110,2.0000,1997.0000,1007.0000,1845.0000,-39.0000,-160.0000,-2.0000,1024.0000,99.0000,4659.0000,-0.4990,-0.1121,0.2999,0.8053,179.2600,-53.9600,-93.3000,-3.2400,15.5200,1.2800,0.0000,0.0000,-0.0000,1576.0000,1081.0000,1500.0000,1998.0000
164277.3120,2.0000,1997.0000,1007.0000,1845.0000,-32.0000,-180.0000,-20.0000,1292.0000,55.0000,6158.0000,-0.4908,-0.0894,0.3079,0.8102,179.2100,-53.6200,-93.2400,-3.4300,15.5700,1.1000,0.0000,0.0000,-0.0000,1576.0000,1081.0000,1500.0000,1998.0000
164293.9600,2.0000,1997.0000,1007.0000,1845.0000,-29.0000,-187.0000,-33.0000,1559.0000,37.0000,7526.0000,-0.4800,-0.0670,0.3171,0.8152,179.1500,-53.2900,-93.1900,-3.6800,15.5200,0.7800,0.0000,0.0000,-0.0000,1576.0000,1081.0000,1500.0000,1998.0000
164310.6860,2.0000,1997.0000,1007.0000,1845.0000,-30.0000,-189.0000,-43.0000,1640.0000,-135.0000,8580.0000,-0.4673,-0.0444,0.3264,0.8204,179.1500,-53.2900,-93.1900,-3.6800,15.5200,0.7800,0.0000,0.0000,-0.0000,1576.0000,1081.0000,1500.0000,1998.0000
164327.4360,2.0000,1997.0000,1007.0000,1845.0000,-29.0000,-182.0000,-55.0000,1733.0000,-216.0000,9407.0000,-0.4532,-0.0229,0.3351,0.8257,179.0900,-52.9800,-93.1500,-3.9500,15.3700,0.3600,0.0000,0.0000,-0.0000,1576.0000,1081.0000,1500.0000,1998.0000
164344.1910,2.0000,1997.0000,1000.0000,1768.0000,-29.0000,-166.0000,-61.0000,1632.0000,-323.0000,9915.0000,-0.4381,-0.0029,0.3431,0.8309,179.0300,-52.6900,-93.1200,-4.2300,15.1300,-0.1200,0.0000,0.0000,-0.0000,1646.0000,1089.0000,1500.0000,1998.0000
164361.0100,2.0000,1997.0000,1000.0000,1767.0000,-18.0000,-143.0000,-63.0000,1524.0000,-467.0000,10149.0000,-0.4229,0.0144,0.3499,0.8358,178.9500,-52.3800,-93.0900,-4.6300,14.8300,-0.6400,0.0000,0.0000,-0.0000,1646.0000,1089.0000,1500.0000,1998.0000
164377.7630,2.0000,1997.0000,1000.0000,1767.0000,-5.0000,-114.0000,-67.0000,1456.0000,-492.0000,10086.0000,-0.4087,0.0272,0.3567,0.8396,178.8400,-52.0500,-93.0800,-5.0900,14.5000,-1.1700,0.0000,0.0000,-0.0000,1646.0000,1089.0000,1500.0000,1998.0000
164394.5150,2.0000,1997.0000,1000.0000,1767.0000,-11.0000,-83.0000,-67.0000,1553.0000,-252.0000,9479.0000,-0.3959,0.0361,0.3616,0.8433,178.8400,-52.0500,-93.0800,-5.0900,14.5000,-1.1700,0.0000,0.0000,-0.0000,1646.0000,1089.0000,1500.0000,1998.0000
164411.3820,2.0000,1997.0000,1000.0000,1767.0000,1.0000,-53.0000,-64.0000,1323.0000,-432.0000,8468.0000,-0.3847,0.0408,0.3653,0.8467,178.7400,-51.7400,-93.0800,-5.4900,14.1600,-1.6900,0.0000,0.0000,-0.0000,1646.0000,1089.0000,1500.0000,1998.0000
164427.9100,2.0000,1997.0000,1000.0000,1767.0000,13.0000,-27.0000,-59.0000,1229.0000,-810.0000,8035.0000,-0.3758,0.0418,0.3688,0.8491,178.6300,-51.4500,-93.0900,-5.8000,13.8800,-2.1400,0.0000,0.0000,-0.0000,1646.0000,1089.0000,1500.0000,1998.0000
164444.6150,2.0000,1998.0000,1585.0000,1000.0000,17.0000,-12.0000,-56.0000,963.0000,-677.0000,7046.0000,-0.3686,0.0399,0.3720,0.8510,178.5200,-51.1800,-93.1100,-6.0700,13.6200,-2.4800,0.0000,0.0000,-0.0000,1761.0000,1846.0000,1500.0000,1999.0000
164461.1080,2.0000,1998.0000,1585.0000,1000.0000,25.0000,4.0000,-53.0000,1015.0000,-606.0000,5872.0000,-0.3624,0.0360,0.3752,0.8524,178.4100,-50.9200,-93.1300,-6.2700,13.4200,-2.7300,0.0000,0.0000,-0.0000,1761.0000,1846.0000,1500.0000,1999.0000
164478.0400,2.0000,1998.0000,1585.0000,1000.0000,25.0000,27.0000,-45.0000,1261.0000,-435.0000,5150.0000,-0.3578,0.0297,0.3778,0.8535,178.3000,-50.6800,-93.1600,-6.4300,13.3200,-2.9200,0.0000,0.0000,-0.0000,1761.0000,1846.0000,1500.0000,1999.0000
164494.8870,2.0000,1998.0000,1585.0000,1000.0000,27.0000,40.0000,-40.0000,1534.0000,-516.0000,4797.0000,-0.3550,0.0215,0.3796,0.8541,178.3000,-50.6800,-93.1600,-6.4300,13.3200,-2.9200,0.0000,0.0000,-0.0000,1761.0000,1846.0000,1500.0000,1999.0000
164511.5690,2.0000,1998.0000,1585.0000,1000.0000,40.0000,61.0000,-35.0000,1429.0000,-672.0000,4478.0000,-0.3534,0.0115,0.3810,0.8543,178.1900,-50.4400,-93.1900,-6.5900,13.2800,-3.0600,0.0000,0.0000,-0.0000,1761.0000,1846.0000,1500.0000,1999.0000
164527.9790,2.0000,1998.0000,1585.0000,1000.0000,79.0000,89.0000,-29.0000,1162.0000,-1104.0000,4513.0000,-0.3539,-0.0024,0.3843,0.8527,178.0800,-50.2200,-93.2200,-6.7400,13.2800,-3.1500,0.0000,0.0000,-0.0000,1761.0000,1846.0000,1500.0000,1999.0000
164544.8930,2.0000,1997.0000,1834.0000,1360.0000,142.0000,141.0000,-20.0000,784.0000,-802.0000,3488.0000,-0.3577,-0.0244,0.3920,0.8472,177.9800,-50.0200,-93.2600,-6.8700,13.2500,-3.1800,0.0000,0.0000,-0.0000,1393.0000,1737.0000,1500.0000,1998.0000
164561.5290,2.0000,1997.0000,1841.0000,1371.0000,199.0000,199.0000,-11.0000,1062.0000,-627.0000,2054.0000,-0.3650,-0.0552,0.4042,0.8369,177.8800,-49.8300,-93.2800,-6.9300,13.3100,-3.1400,0.0000,0.0000,-0.0000,1393.0000,1737.0000,1500.0000,1998.0000
164578.3400,2.0000,1997.0000,1841.0000,1371.0000,209.0000,247.0000,-5.0000,1184.0000,-459.0000,-341.0000,-0.3753,-0.0942,0.4175,0.8222,177.8000,-49.6500,-93.3000,-6.9000,13.5300,-2.9800,0.0000,0.0000,-0.0000,1393.0000,1737.0000,1500.0000,1998.0000
164595.1890,2.0000,1997.0000,1841.0000,1371.0000,156.0000,278.0000,0.0000,1366.0000,141.0000,-3789.0000,-0.3883,-0.1367,0.4251,0.8062,177.8000,-49.6500,-93.3000,-6.9000,13.5300,-2.9800,0.0000,0.0000,-0.0000,1393.0000,1737.0000,1500.0000,1998.0000
164611.9290,2.0000,1997.0000,1841.0000,1371.0000,72.0000,275.0000,7.0000,1610.0000,276.0000,-6937.0000,-0.4031,-0.1756,0.4226,0.7925,177.7300,-49.5000,-93.3300,-6.6700,13.9900,-2.8000,0.0000,0.0000,-0.0000,1393.0000,1737.0000,1500.0000,1998.0000
164628.7230,2.0000,1997.0000,1841.0000,1371.0000,6.0000,230.0000,13.0000,1799.0000,345.0000,-9299.0000,-0.4186,-0.2064,0.4117,0.7827,177.6700,-49.3500,-93.3600,-6.2200,14.5900,-2.5400,0.0000,0.0000,-0.0000,1393.0000,1737.0000,1500.0000,1998.0000
164645.7500,2.0000,1997.0000,1118.0000,1956.0000,-33.0000,177.0000,11.0000,1411.0000,124.0000,-9362.0000,-0.4324,-0.2282,0.3978,0.7763,177.6300,-49.2000,-93.4300,-5.6200,15.2300,-2.3500,0.0000,0.0000,-0.0000,1462.0000,1081.0000,1500.0000,1998.0000
164662.3380,2.0000,1997.0000,1118.0000,1956.0000,-59.0000,121.0000,7.0000,1381.0000,193.0000,-8583.0000,-0.4431,-0.2407,0.3833,0.7738,177.6100,-49.0400,-93.5100,-5.0400,15.7000,-1.9400,0.0000,0.0000,-0.0000,1462.0000,1081.0000,1500.0000,1998.0000
164679.3670,2.0000,1997.0000,1118.0000,1956.0000,-79.0000,43.0000,0.0000,1026.0000,17.0000,-8153.0000,-0.4502,-0.2449,0.3700,0.7749,177.5900,-48.8800,-93.5900,-4.5600,16.0400,-1.4700,0.0000,0.0000,-0.0000,1462.0000,1081.0000,1500.0000,1998.0000
164696.1800,2.0000,1997.0000,1118.0000,1956.0000,-97.0000,-39.0000,-6.0000,1024.0000,87.0000,-8152.0000,-0.4524,-0.2389,0.3602,0.7801,177.5900,-48.8800,-93.5900,-4.5600,16.0400,-1.4700,0.0000,0.0000,-0.0000,1462.0000,1081.0000,1500.0000,1998.0000
164712.8150,2.0000,1997.0000,1118.0000,1956.0000,-112.0000,-107.0000,-13.0000,769.0000,213.0000,-7430.0000,-0.4506,-0.2236,0.3530,0.7889,177.5700,-48.7000,-93.6700,-4.1300,16.3000,-0.9500,0.0000,0.0000,-0.0000,1462.0000,1081.0000,1500.0000,1998.0000
164729.6050,2.0000,1997.0000,1118.0000,1956.0000,-117.0000,-181.0000,-23.0000,687.0000,104.0000,-5270.0000,-0.4442,-0.1997,0.3483,0.8009,177.5500,-48.5100,-93.7400,-3.7800,16.5100,-0.4100,0.0000,0.0000,-0.0000,1462.0000,1081.0000,1500.0000,1998.0000
164746.6650,2.0000,1997.0000,1012.0000,1850.0000,-108.0000,-236.0000,-37.0000,694.0000,245.0000,-2439.0000,-0.4324,-0.1684,0.3481,0.8146,177.5400,-48.3300,-93.8000,-3.6300,16.6000,-0.0000,0.0000,0.0000,-0.0000,1571.0000,1081.0000,1500.0000,1998.0000
164763.5530,2.0000,1997.0000,1012.0000,1850.0000,-97.0000,-272.0000,-48.0000,820.0000,238.0000,1079.0000,-0.4163,-0.1330,0.3505,0.8283,177.5400,-48.1800,-93.8500,-3.7200,16.5500,0.3600,0.0000,0.0000,-0.0000,1571.0000,1081.0000,1500.0000,1998.0000
164780.1830,2.0000,1997.0000,1012.0000,1850.0000,-80.0000,-284.0000,-62.0000,1306.0000,339.0000,4554.0000,-0.3968,-0.0967,0.3554,0.8408,177.5500,-48.0800,-93.9000,-4.0500,16.3100,0.4900,0.0000,0.0000,-0.0000,1571.0000,1081.0000,1500.0000,1998.0000
164797.0220,2.0000,1997.0000,1012.0000,1850.0000,-63.0000,-284.0000,-71.0000,1755.0000,-314.0000,8034.0000,-0.3745,-0.0606,0.3618,0.8516,177.5500,-48.0800,-93.9000,-4.0500,16.3100,0.4900,0.0000,0.0000,-0.0000,1571.0000,1081.0000,1500.0000,1998.0000
164813.6720,2.0000,1997.0000,1012.0000,1850.0000,-44.0000,-267.0000,-76.0000,2170.0000,-814.0000,10584.0000,-0.3514,-0.0277,0.3693,0.8599,177.5500,-47.9800,-93.9300,-4.5300,15.8800,0.4100,0.0000,0.0000,-0.0000,1571.0000,1081.0000,1500.0000,1998.0000
164830.4730,2.0000,1997.0000,1012.0000,1850.0000,-32.0000,-236.0000,-76.0000,2353.0000,-845.0000,11914.0000,-0.3286,0.0015,0.3772,0.8659,177.5400,-47.9000,-93.9500,-5.0800,15.2700,0.1100,0.0000,0.0000,-0.0000,1571.0000,1081.0000,1500.0000,1998.0000
164847.4320,2.0000,1997.0000,1012.0000,1850.0000,-28.0000,-191.0000,-69.0000,2271.0000,-978.0000,12592.0000,-0.3077,0.0260,0.3837,0.8703,177.5200,-47.8400,-93.9600,-5.5600,14.5600,-0.3100,0.0000,0.0000,-0.0000,1571.0000,1081.0000,1500.0000,1998.0000
164864.3180,2.0000,1997.0000,1012.0000,1850.0000,-16.0000,-144.0000,-61.0000,1908.0000,-872.0000,11488.0000,-0.2904,0.0444,0.3884,0.8734,177.2000,-47.4300,-93.9800,-6.7600,14.0800,-0.8200,0.0000,0.0000,-0.0000,1571.0000,1081.0000,1500.0000,1998.0000
164881.0640,2.0000,1997.0000,1012.0000,1850.0000,-9.0000,-110.0000,-52.0000,1543.0000,-720.0000,10398.0000,-0.2765,0.0575,0.3929,0.8752,177.2000,-47.4300,-93.9800,-6.7600,14.0800,-0.8200,0.0000,0.0000,-0.0000,1571.0000,1081.0000,1500.0000,1998.0000
164898.1440,2.0000,1997.0000,1012.0000,1850.0000,-10.0000,-58.0000,-41.0000,1617.0000,-613.0000,9634.0000,-0.2664,0.0656,0.3958,0.8764,176.8100,-46.9400,-94.0000,-7.8900,13.7100,-1.2500,0.0000,0.0000,-0.0000,1571.0000,1081.0000,1500.0000,1998.0000
164915.0590,2.0000,1997.0000,1012.0000,1850.0000,4.0000,-21.0000,-32.0000,1608.0000,-643.0000,8686.0000,-0.2602,0.0682,0.3975,0.8773,176.4400,-46.5000,-94.0200,-8.7600,13.3900,-1.6100,0.0000,0.0000,-0.0000,1571.0000,1081.0000,1500.0000,1998.0000
164931.5440,2.0000,1997.0000,1012.0000,1850.0000,6.0000,-2.0000,-24.0000,1314.0000,-833.0000,7598.0000,-0.2565,0.0679,0.3990,0.8777,176.0700,-46.1000,-94.0400,-9.4800,13.1300,-1.9300,0.0000,0.0000,-0.0000,1571.0000,1081.0000,1500.0000,1998.0000
164948.4010,2.0000,1998.0000,1512.0000,1000.0000,10.0000,37.0000,-14.0000,1404.0000,-726.0000,7240.0000,-0.2561,0.0635,0.3995,0.8779,175.7200,-45.7200,-94.0700,-10.0700,12.9300,-2.1600,0.0000,0.0000,-0.0000,1875.0000,1887.0000,1500.0000,1999.0000
164965.1860,2.0000,1998.0000,1512.0000,1000.0000,10.0000,47.0000,-11.0000,1263.0000,-723.0000,5914.0000,-0.2579,0.0563,0.3992,0.8780,175.3400,-45.3100,-94.1000,-10.4500,12.8000,-2.3600,0.0000,0.0000,-0.0000,1875.0000,1887.0000,1500.0000,1999.0000
164982.0170,2.0000,1998.0000,1512.0000,1000.0000,13.0000,59.0000,-5.0000,1536.0000,-1055.0000,4944.0000,-0.2609,0.0480,0.3986,0.8779,175.3400,-45.3100,-94.1000,-10.4500,12.8000,-2.3600,0.0000,0.0000,-0.0000,1875.0000,1887.0000,1500.0000,1999.0000
164999.0060,2.0000,1998.0000,1512.0000,1000.0000,15.0000,70.0000,-1.0000,1828.0000,-1008.0000,4258.0000,-0.2651,0.0386,0.3980,0.8774,174.9700,-44.9200,-94.1300,-10.7400,12.7300,-2.4600,0.0000,0.0000,-0.0000,1875.0000,1887.0000,1500.0000,1999.0000
165015.5470,2.0000,1998.0000,1512.0000,1000.0000,26.0000,78.0000,-1.0000,1883.0000,-628.0000,3533.0000,-0.2699,0.0284,0.3974,0.8766,174.6200,-44.5400,-94.1700,-11.0300,12.7200,-2.5000,0.0000,0.0000,-0.0000,1875.0000,1887.0000,1500.0000,1999.0000
165032.4310,2.0000,1998.0000,1512.0000,1000.0000,66.0000,100.0000,0.0000,1669.0000,-281.0000,2882.0000,-0.2758,0.0150,0.3992,0.8743,174.2800,-44.1900,-94.2000,-11.2600,12.7700,-2.4900,0.0000,0.0000,-0.0000,1875.0000,1887.0000,1500.0000,1999.0000
165049.1960,2.0000,1998.0000,1513.0000,1000.0000,128.0000,132.0000,1.0000,1497.0000,-198.0000,2232.0000,-0.2834,-0.0039,0.4066,0.8685,173.9500,-43.8500,-94.2300,-11.4100,12.8900,-2.4700,0.0000,0.0000,-0.0000,1884.0000,1897.0000,1500.0000,1999.0000
165065.9940,2.0000,1998.0000,1513.0000,1000.0000,193.0000,177.0000,2.0000,1440.0000,-164.0000,1125.0000,-0.2930,-0.0301,0.4206,0.8581,173.5800,-43.4500,-94.2500,-11.5200,13.0300,-2.3800,0.0000,0.0000,-0.0000,1884.0000,1897.0000,1500.0000,1999.0000
165082.7450,2.0000,1998.0000,1513.0000,1000.0000,241.0000,221.0000,3.0000,1579.0000,-90.0000,-685.0000,-0.3049,-0.0647,0.4389,0.8427,173.5800,-43.4500,-94.2500,-11.5200,13.0300,-2.3800,0.0000,0.0000,-0.0000,1884.0000,1897.0000,1500.0000,1999.0000
165099.3780,2.0000,1998.0000,1513.0000,1000.0000,273.0000,249.0000,1.0000,1436.0000,110.0000,-3099.0000,-0.3176,-0.1050,0.4595,0.8228,173.2200,-43.0700,-94.2800,-11.5500,13.2600,-2.2300,0.0000,0.0000,-0.0000,1884.0000,1897.0000,1500.0000,1999.0000
165116.3870,2.0000,1998.0000,1513.0000,1000.0000,286.0000,249.0000,0.0000,1461.0000,266.0000,-5691.0000,-0.3300,-0.1486,0.4813,0.7984,172.8900,-42.7000,-94.3100,-11.4400,13.6400,-2.0100,0.0000,0.0000,-0.0000,1884.0000,1897.0000,1500.0000,1999.0000
165133.1100,2.0000,1998.0000,1513.0000,1000.0000,290.0000,221.0000,-2.0000,1420.0000,271.0000,-7764.0000,-0.3396,-0.1900,0.5027,0.7719,172.5800,-42.3400,-94.3500,-11.1300,14.1400,-1.7600,0.0000,0.0000,-0.0000,1884.0000,1897.0000,1500.0000,1999.0000
165150.1520,2.0000,1964.0000,1498.0000,2000.0000,286.0000,167.0000,-7.0000,1304.0000,40.0000,-8872.0000,-0.3448,-0.2269,0.5254,0.7440,172.3000,-42.0000,-94.4000,-10.6500,14.7000,-1.6400,0.0000,0.0000,-0.0000,1068.0000,1066.0000,1500.0000,1967.0000
165166.9060,2.0000,1964.0000,1498.0000,2000.0000,288.0000,108.0000,-12.0000,944.0000,36.0000,-8419.0000,-0.3442,-0.2566,0.5487,0.7174,171.9800,-41.6000,-94.4800,-10.2900,15.1800,-1.4900,0.0000,0.0000,-0.0000,1068.0000,1066.0000,1500.0000,1967.0000
165183.5890,2.0000,1964.0000,1498.0000,2000.0000,274.0000,58.0000,-20.0000,1084.0000,49.0000,-7577.0000,-0.3380,-0.2800,0.5729,0.6922,171.9800,-41.6000,-94.4800,-10.2900,15.1800,-1.4900,0.0000,0.0000,-0.0000,1068.0000,1066.0000,1500.0000,1967.0000
165200.4360,2.0000,1964.0000,1498.0000,2000.0000,242.0000,-15.0000,-27.0000,1290.0000,109.0000,-7234.0000,-0.3262,-0.2967,0.5968,0.6703,171.7000,-41.2100,-94.5600,-9.9500,15.5500,-1.3300,0.0000,0.0000,-0.0000,1068.0000,1066.0000,1500.0000,1967.0000
165217.0820,2.0000,1964.0000,1498.0000,2000.0000,183.0000,-70.0000,-28.0000,1663.0000,245.0000,-6504.0000,-0.3101,-0.3048,0.6183,0.6547,171.4300,-40.8500,-94.6400,-9.6700,15.8600,-1.2200,0.0000,0.0000,-0.0000,1068.0000,1066.0000,1500.0000,1967.0000
165233.8170,2.0000,1964.0000,1497.0000,2000.0000,125.0000,-124.0000,-26.0000,1454.0000,-167.0000,-4934.0000,-0.2916,-0.3048,0.6359,0.6463,171.1800,-40.4900,-94.7200,-9.4900,16.1200,-1.1600,0.0000,0.0000,-0.0000,1068.0000,1065.0000,1500.0000,1967.0000
165250.4620,2.0000,1964.0000,1497.0000,2000.0000,51.0000,-166.0000,-18.0000,1140.0000,-421.0000,-3112.0000,-0.2717,-0.2965,0.6492,0.6456,170.9500,-40.1400,-94.8100,-9.4600,16.2100,-1.0000,0.0000,0.0000,-0.0000,1068.0000,1065.0000,1500.0000,1967.0000
165267.2280,2.0000,1964.0000,1497.0000,2000.0000,-24.0000,-186.0000,-7.0000,1185.0000,-330.0000,-1381.0000,-0.2529,-0.2815,0.6567,0.6523,170.9500,-40.1400,-94.8100,-9.4600,16.2100,-1.0000,0.0000,0.0000,-0.0000,1068.0000,1065.0000,1500.0000,1967.0000
165283.9830,2.0000,1964.0000,1497.0000,2000.0000,-87.0000,-197.0000,4.0000,1414.0000,-687.0000,847.0000,-0.2369,-0.2612,0.6578,0.6656,170.6600,-39.7500,-94.9000,-9.8500,16.1500,-0.8000,0.0000,0.0000,-0.0000,1068.0000,1065.0000,1500.0000,1967.0000
165301.0010,2.0000,1964.0000,1497.0000,2000.0000,-122.0000,-201.0000,16.0000,1607.0000,-758.0000,2898.0000,-0.2226,-0.2367,0.6543,0.6829,170.3700,-39.3900,-94.9800,-10.4100,15.9100,-0.5300,0.0000,0.0000,-0.0000,1068.0000,1065.0000,1500.0000,1967.0000
165317.7730,2.0000,1964.0000,1497.0000,2000.0000,-144.0000,-196.0000,22.0000,1500.0000,-630.0000,4540.0000,-0.2103,-0.2108,0.6476,0.7014,170.0700,-39.0400,-95.0500,-11.0800,15.4800,-0.1100,0.0000,0.0000,-0.0000,1068.0000,1065.0000,1500.0000,1967.0000
165334.6450,2.0000,1991.0000,1097.0000,1939.0000,-159.0000,-189.0000,24.0000,1437.0000,-531.0000,5924.0000,-0.1991,-0.1842,0.6381,0.7206,169.7800,-38.7300,-95.0900,-11.7600,14.9000,0.2900,0.0000,0.0000,-0.0000,1569.0000,1081.0000,1500.0000,1998.0000
165351.5860,2.0000,1997.0000,1014.0000,1852.0000,-168.0000,-185.0000,21.0000,1396.0000,-730.0000,7344.0000,-0.1886,-0.1575,0.6262,0.7399,169.4900,-38.4400,-95.1100,-12.4100,14.2100,0.6600,0.0000,0.0000,-0.0000,1569.0000,1081.0000,1500.0000,1998.0000
165368.1480,2.0000,1997.0000,1014.0000,1852.0000,-166.0000,-173.0000,18.0000,1520.0000,-592.0000,7910.0000,-0.1789,-0.1325,0.6130,0.7581,169.4900,-38.4400,-95.1100,-12.4100,14.2100,0.6600,0.0000,0.0000,-0.0000,1569.0000,1081.0000,1500.0000,1998.0000
165385.3800,2.0000,1997.0000,1014.0000,1852.0000,-139.0000,-164.0000,12.0000,1759.0000,-661.0000,8051.0000,-0.1688,-0.1083,0.5998,0.7746,169.1200,-38.1100,-95.1000,-13.0000,13.5800,0.9400,0.0000,0.0000,-0.0000,1569.0000,1081.0000,1500.0000,1998.0000
165402.0880,2.0000,1997.0000,1014.0000,1852.0000,-102.0000,-163.0000,2.0000,1706.0000,-428.0000,7910.0000,-0.1577,-0.0867,0.5902,0.7869,168.7800,-37.8100,-95.0900,-13.4900,12.9700,1.1200,0.0000,0.0000,-0.0000,1569.0000,1081.0000,1500.0000,1998.0000
165419.0040,2.0000,1997.0000,1014.0000,1852.0000,-67.0000,-160.0000,-8.0000,1679.0000,-283.0000,8075.0000,-0.1449,-0.0666,0.5841,0.7958,168.4500,-37.5400,-95.0600,-13.8800,12.3900,1.2100,0.0000,0.0000,-0.0000,1569.0000,1081.0000,1500.0000,1998.0000
165435.8390,2.0000,1997.0000,1015.0000,1853.0000,-49.0000,-151.0000,-16.0000,1789.0000,-78.0000,8272.0000,-0.1314,-0.0487,0.5805,0.8021,168.1300,-37.2900,-95.0300,-14.1800,11.8200,1.2400,0.0000,0.0000,-0.0000,1568.0000,1081.0000,1500.0000,1998.0000
165452.8830,2.0000,1997.0000,1015.0000,1853.0000,-41.0000,-154.0000,-25.0000,1818.0000,-213.0000,8609.0000,-0.1168,-0.0320,0.5778,0.8072,167.8200,-37.0700,-94.9900,-14.4300,11.2500,1.2200,0.0000,0.0000,-0.0000,1568.0000,1081.0000,1500.0000,1998.0000
165469.6760,2.0000,1997.0000,1015.0000,1853.0000,-35.0000,-150.0000,-32.0000,1701.0000,-332.0000,8908.0000,-0.1017,-0.0166,0.5757,0.8112,167.8200,-37.0700,-94.9900,-14.4300,11.2500,1.2200,0.0000,0.0000,-0.0000,1568.0000,1081.0000,1500.0000,1998.0000
165486.6710,2.0000,1997.0000,1015.0000,1853.0000,-30.0000,-132.0000,-42.0000,1633.0000,-397.0000,9222.0000,-0.0863,-0.0030,0.5739,0.8144,167.4800,-36.8100,-94.9500,-14.5600,10.7400,1.1900,0.0000,0.0000,-0.0000,1568.0000,1081.0000,1500.0000,1998.0000
165503.2460,2.0000,1997.0000,1015.0000,1853.0000,-21.0000,-115.0000,-48.0000,1485.0000,-447.0000,9130.0000,-0.0717,0.0075,0.5724,0.8168,167.1500,-36.5700,-94.9100,-14.6200,10.2000,1.1400,0.0000,0.0000,-0.0000,1568.0000,1081.0000,1500.0000,1998.0000
165520.0600,2.0000,1997.0000,1015.0000,1853.0000,-12.0000,-97.0000,-53.0000,1425.0000,-298.0000,8383.0000,-0.0580,0.0151,0.5711,0.8187,166.8300,-36.3500,-94.8800,-14.6300,9.6700,1.0700,0.0000,0.0000,-0.0000,1568.0000,1081.0000,1500.0000,1998.0000
165536.7990,2.0000,1997.0000,1131.0000,1969.0000,1.0000,-86.0000,-58.0000,1332.0000,-281.0000,7840.0000,-0.0450,0.0205,0.5713,0.8192,166.5200,-36.1500,-94.8400,-14.5800,9.2500,1.0100,0.0000,0.0000,-0.0000,1448.0000,1081.0000,1500.0000,1998.0000
165553.8190,2.0000,1997.0000,1132.0000,1970.0000,6.0000,-68.0000,-62.0000,1370.0000,-224.0000,7489.0000,-0.0323,0.0239,0.5724,0.8190,166.2200,-35.9600,-94.8000,-14.4900,8.9000,0.9700,0.0000,0.0000,-0.0000,1448.0000,1081.0000,1500.0000,1998.0000
165570.6670,2.0000,1997.0000,1132.0000,1970.0000,4.0000,-60.0000,-59.0000,1583.0000,-401.0000,7015.0000,-0.0210,0.0254,0.5735,0.8185,166.2200,-35.9600,-94.8000,-14.4900,8.9000,0.9700,0.0000,0.0000,-0.0000,1448.0000,1081.0000,1500.0000,1998.0000
165587.4780,2.0000,1997.0000,1132.0000,1970.0000,0.0000,-53.0000,-55.0000,1654.0000,-819.0000,6822.0000,-0.0106,0.0264,0.5741,0.8183,165.9000,-35.7300,-94.7600,-14.3500,8.6500,0.9400,0.0000,0.0000,-0.0000,1448.0000,1081.0000,1500.0000,1998.0000
165604.4720,2.0000,1997.0000,1132.0000,1970.0000,-12.0000,-49.0000,-52.0000,1260.0000,-704.0000,5914.0000,-0.0012,0.0269,0.5737,0.8186,165.6000,-35.5200,-94.7300,-14.2200,8.4200,0.9800,0.0000,0.0000,-0.0000,1448.0000,1081.0000,1500.0000,1998.0000
165621.0260,2.0000,1997.0000,1132.0000,1970.0000,-18.0000,-57.0000,-51.0000,1252.0000,-623.0000,5616.0000,0.0080,0.0280,0.5725,0.8194,165.3100,-35.3200,-94.6900,-14.0400,8.2800,1.0500,0.0000,0.0000,-0.0000,1448.0000,1081.0000,1500.0000,1998.0000
165638.4200,2.0000,1994.0000,1316.0000,2000.0000,-26.0000,-64.0000,-48.0000,1430.0000,-557.0000,5318.0000,0.0180,0.0301,0.5701,0.8208,165.0300,-35.1300,-94.6400,-13.8500,8.2000,1.1300,0.0000,0.0000,-0.0000,1261.0000,1079.0000,1500.0000,1995.0000
165655.2350,2.0000,1994.0000,1317.0000,2000.0000,-28.0000,-85.0000,-46.0000,1512.0000,-444.0000,4921.0000,0.0285,0.0340,0.5669,0.8226,164.7600,-34.9400,-94.6000,-13.6900,8.1400,1.2100,0.0000,0.0000,-0.0000,1261.0000,1079.0000,1500.0000,1995.0000
165672.1810,2.0000,1994.0000,1317.0000,2000.0000,-34.0000,-99.0000,-43.0000,1430.0000,-504.0000,5173.0000,0.0406,0.0407,0.5631,0.8244,164.7600,-34.9400,-94.6000,-13.6900,8.1400,1.2100,0.0000,0.0000,-0.0000,1261.0000,1079.0000,1500.0000,1995.0000
165688.9250,2.0000,1994.0000,1317.0000,2000.0000,-48.0000,-115.0000,-34.0000,1320.0000,-663.0000,5806.0000,0.0528,0.0491,0.5576,0.8270,164.4700,-34.7200,-94.5500,-13.6300,7.9900,1.2900,0.0000,0.0000,-0.0000,1261.0000,1079.0000,1500.0000,1995.0000
165705.7580,2.0000,1994.0000,1317.0000,2000.0000,-56.0000,-128.0000,-27.0000,1429.0000,-792.0000,6470.0000,0.0654,0.0599,0.5503,0.8303,164.1800,-34.5200,-94.5000,-13.5200,7.7800,1.3700,0.0000,0.0000,-0.0000,1261.0000,1079.0000,1500.0000,1995.0000
165722.3390,2.0000,1994.0000,1317.0000,2000.0000,-61.0000,-135.0000,-21.0000,1513.0000,-920.0000,7068.0000,0.0780,0.0724,0.5420,0.8336,163.9100,-34.3200,-94.4500,-13.3800,7.5100,1.4200,0.0000,0.0000,-0.0000,1261.0000,1079.0000,1500.0000,1995.0000
165739.1880,2.0000,1997.0000,1134.0000,1944.0000,-65.0000,-141.0000,-17.0000,1691.0000,-656.0000,7392.0000,0.0905,0.0860,0.5328,0.8370,163.6600,-34.1400,-94.3900,-13.2100,7.2100,1.4300,0.0000,0.0000,-0.0000,1460.0000,1095.0000,1500.0000,1998.0000
165755.9930,2.0000,1997.0000,1134.0000,1944.0000,-64.0000,-145.0000,-13.0000,1746.0000,-502.0000,7654.0000,0.1029,0.1006,0.5233,0.8399,163.4100,-33.9700,-94.3400,-13.0800,6.8400,1.3900,0.0000,0.0000,-0.0000,1460.0000,1095.0000,1500.0000,1998.0000
165772.6770,2.0000,1997.0000,1134.0000,1944.0000,-59.0000,-146.0000,-11.0000,1585.0000,-362.0000,7569.0000,0.1150,0.1157,0.5137,0.8423,163.4100,-33.9700,-94.3400,-13.0800,6.8400,1.3900,0.0000,0.0000,-0.0000,1460.0000,1095.0000,1500.0000,1998.0000
165789.4880,2.0000,1997.0000,1134.0000,1944.0000,-49.0000,-148.0000,-11.0000,1605.0000,-563.0000,8151.0000,0.1269,0.1314,0.5048,0.8437,163.1100,-33.7900,-94.2800,-13.1200,6.2800,1.3000,0.0000,0.0000,-0.0000,1460.0000,1095.0000,1500.0000,1998.0000
165806.5490,2.0000,1997.0000,1134.0000,1944.0000,-39.0000,-146.0000,-11.0000,1444.0000,-536.0000,8344.0000,0.1390,0.1476,0.4970,0.8437,162.8300,-33.6300,-94.2300,-13.0900,5.7500,1.2000,0.0000,0.0000,-0.0000,1460.0000,1095.0000,1500.0000,1998.0000
165823.4510,2.0000,1997.0000,1134.0000,1944.0000,-39.0000,-142.0000,-11.0000,1711.0000,-464.0000,8805.0000,0.1501,0.1629,0.4897,0.8432,162.5600,-33.4900,-94.1800,-13.0000,5.2400,1.0700,0.0000,0.0000,-0.0000,1460.0000,1095.0000,1500.0000,1998.0000
165840.2680,2.0000,1997.0000,2000.0000,1243.0000,-40.0000,-140.0000,-12.0000,1724.0000,-447.0000,8955.0000,0.1613,0.1779,0.4823,0.8425,162.2900,-33.3600,-94.1300,-12.9200,4.7000,0.9000,0.0000,0.0000,-0.0000,1350.0000,1911.0000,1500.0000,1998.0000
165857.0420,2.0000,1997.0000,2000.0000,1239.0000,-45.0000,-130.0000,-14.0000,1713.0000,-100.0000,8649.0000,0.1723,0.1920,0.4743,0.8417,161.9700,-33.2400,-94.0800,-12.9600,4.0600,0.7000,0.0000,0.0000,-0.0000,1350.0000,1911.0000,1500.0000,1998.0000
165874.0720,2.0000,1997.0000,2000.0000,1239.0000,-46.0000,-115.0000,-18.0000,1731.0000,-164.0000,8942.0000,0.1830,0.2045,0.4662,0.8410,161.9700,-33.2400,-94.0800,-12.9600,4.0600,0.7000,0.0000,0.0000,-0.0000,1350.0000,1911.0000,1500.0000,1998.0000
165891.0010,2.0000,1997.0000,2000.0000,1239.0000,-49.0000,-90.0000,-20.0000,1769.0000,-485.0000,9482.0000,0.1925,0.2138,0.4584,0.8409,161.6700,-33.1300,-94.0500,-12.9400,3.4900,0.4700,0.0000,0.0000,-0.0000,1350.0000,1911.0000,1500.0000,1998.0000
165907.7690,2.0000,1997.0000,2000.0000,1239.0000,-53.0000,-56.0000,-23.0000,1704.0000,-434.0000,9513.0000,0.2004,0.2192,0.4510,0.8416,161.3900,-33.0400,-94.0100,-12.8500,2.9300,0.2200,0.0000,0.0000,-0.0000,1350.0000,1911.0000,1500.0000,1998.0000
165924.3330,2.0000,1997.0000,2000.0000,1239.0000,-57.0000,3.0000,-25.0000,1915.0000,-350.0000,9767.0000,0.2058,0.2189,0.4444,0.8439,161.1200,-32.9600,-93.9900,-12.7300,2.4100,-0.0300,0.0000,0.0000,-0.0000,1350.0000,1911.0000,1500.0000,1998.0000
165941.3590,2.0000,1997.0000,1924.0000,1008.0000,-55.0000,72.0000,-26.0000,1688.0000,-514.0000,9927.0000,0.2074,0.2104,0.4395,0.8483,160.8300,-32.9000,-93.9700,-12.6300,1.8200,-0.3300,0.0000,0.0000,-0.0000,1537.0000,1960.0000,1500.0000,1999.0000
165958.0750,2.0000,1998.0000,1924.0000,1006.0000,-61.0000,153.0000,-26.0000,1598.0000,-234.0000,8636.0000,0.2042,0.1925,0.4366,0.8548,160.5300,-32.8600,-93.9700,-12.6400,1.1100,-0.6300,0.0000,0.0000,-0.0000,1537.0000,1960.0000,1500.0000,1999.0000
165975.0160,2.0000,1998.0000,1924.0000,1006.0000,-51.0000,236.0000,-26.0000,1443.0000,-318.0000,6329.0000,0.1956,0.1638,0.4359,0.8631,160.5300,-32.8600,-93.9700,-12.6400,1.1100,-0.6300,0.0000,0.0000,-0.0000,1537.0000,1960.0000,1500.0000,1999.0000
165991.7040,2.0000,1998.0000,1924.0000,1006.0000,-15.0000,326.0000,-23.0000,1276.0000,-310.0000,3023.0000,0.1810,0.1254,0.4401,0.8705,160.2200,-32.8300,-93.9700,-12.7800,0.6000,-0.8400,0.0000,0.0000,-0.0000,1537.0000,1960.0000,1500.0000,1999.0000
166008.4630,2.0000,1998.0000,1924.0000,1006.0000,25.0000,392.0000,-20.0000,1463.0000,-166.0000,-1075.0000,0.1598,0.0780,0.4503,0.8750,159.9100,-32.8000,-93.9700,-13.1600,0.3500,-0.8900,0.0000,0.0000,-0.0000,1537.0000,1960.0000,1500.0000,1999.0000
166025.1850,2.0000,1998.0000,1924.0000,1006.0000,61.0000,438.0000,-21.0000,1608.0000,297.0000,-6101.0000,0.1337,0.0239,0.4651,0.8748,159.6000,-32.7800,-93.9800,-13.7800,0.5000,-0.7600,0.0000,0.0000,-0.0000,1537.0000,1960.0000,1500.0000,1999.0000
166042.4180,2.0000,1964.0000,1500.0000,2000.0000,71.0000,418.0000,-25.0000,1591.0000,525.0000,-10829.0000,0.1058,-0.0332,0.4815,0.8694,159.2600,-32.7500,-93.9900,-14.4700,0.9600,-0.4200,0.0000,0.0000,-0.0000,1068.0000,1068.0000,1500.0000,1967.0000
166059.1080,2.0000,1964.0000,1500.0000,2000.0000,59.0000,350.0000,-31.0000,1812.0000,692.0000,-12946.0000,0.0823,-0.0830,0.4948,0.8611,158.8400,-32.7400,-94.0600,-15.0300,1.4000,-0.3000,0.0000,0.0000,-0.0000,1068.0000,1068.0000,1500.0000,1967.0000
166075.7020,2.0000,1964.0000,1500.0000,2000.0000,57.0000,270.0000,-38.0000,1682.0000,251.0000,-12855.0000,0.0652,-0.1231,0.5048,0.8519,158.8400,-32.7400,-94.0600,-15.0300,1.4000,-0.3000,0.0000,0.0000,-0.0000,1068.0000,1068.0000,1500.0000,1967.0000
166092.4770,2.0000,1964.0000,1500.0000,2000.0000,45.0000,163.0000,-50.0000,1450.0000,91.0000,-12536.0000,0.0558,-0.1527,0.5123,0.8433,158.4500,-32.7300,-94.1400,-15.3600,1.8900,0.0200,0.0000,0.0000,-0.0000,1068.0000,1068.0000,1500.0000,1967.0000
166109.2140,2.0000,1964.0000,1500.0000,2000.0000,9.0000,45.0000,-62.0000,1361.0000,321.0000,-12078.0000,0.0561,-0.1691,0.5152,0.8383,158.0700,-32.7000,-94.2300,-15.5000,2.3000,0.4900,0.0000,0.0000,-0.0000,1068.0000,1068.0000,1500.0000,1967.0000
166125.8170,2.0000,1965.0000,1495.0000,2000.0000,-13.0000,-74.0000,-73.0000,1311.0000,343.0000,-10497.0000,0.0663,-0.1711,0.5131,0.8385,157.7200,-32.6700,-94.3300,-15.5700,2.6200,0.8400,0.0000,0.0000,-0.0000,1071.0000,1065.0000,1500.0000,1969.0000
166142.5130,2.0000,1966.0000,1494.0000,2000.0000,-64.0000,-158.0000,-81.0000,1211.0000,343.0000,-8324.0000,0.0838,-0.1629,0.5051,0.8434,157.3500,-32.6500,-94.4400,-15.7300,2.6400,1.1800,0.0000,0.0000,-0.0000,1071.0000,1065.0000,1500.0000,1969.0000
166159.5320,2.0000,1966.0000,1494.0000,2000.0000,-125.0000,-241.0000,-82.0000,1372.0000,27.0000,-6036.0000,0.1070,-0.1447,0.4884,0.8539,157.3500,-32.6500,-94.4400,-15.7300,2.6400,1.1800,0.0000,0.0000,-0.0000,1071.0000,1065.0000,1500.0000,1969.0000
166176.3270,2.0000,1966.0000,1494.0000,2000.0000,-180.0000,-286.0000,-77.0000,1096.0000,-536.0000,-3108.0000,0.1327,-0.1194,0.4628,0.8683,156.9200,-32.6500,-94.5400,-16.0400,2.2200,1.5500,0.0000,0.0000,-0.0000,1071.0000,1065.0000,1500.0000,1969.0000
166192.9350,2.0000,1966.0000,1494.0000,2000.0000,-218.0000,-289.0000,-69.0000,1165.0000,-564.0000,-150.0000,0.1575,-0.0920,0.4302,0.8841,156.5100,-32.6700,-94.6400,-16.3400,1.5700,1.9000,0.0000,0.0000,-0.0000,1071.0000,1065.0000,1500.0000,1969.0000
166209.8300,2.0000,1966.0000,1494.0000,2000.0000,-238.0000,-281.0000,-61.0000,1591.0000,-673.0000,3005.0000,0.1810,-0.0639,0.3919,0.8998,156.1300,-32.7100,-94.7200,-16.6000,0.7000,2.1300,0.0000,0.0000,-0.0000,1071.0000,1065.0000,1500.0000,1969.0000
166226.3390,2.0000,1966.0000,1494.0000,2000.0000,-231.0000,-262.0000,-52.0000,1718.0000,-913.0000,5443.0000,0.2016,-0.0376,0.3530,0.9129,155.7600,-32.7500,-94.7800,-16.8200,-0.3200,2.4200,0.0000,0.0000,-0.0000,1071.0000,1065.0000,1500.0000,1969.0000
166243.1220,2.0000,1997.0000,1012.0000,1850.0000,-206.0000,-239.0000,-46.0000,1974.0000,-1126.0000,7607.0000,0.2198,-0.0131,0.3158,0.9229,155.3700,-32.8300,-94.8100,-17.0000,-1.3800,2.4900,0.0000,0.0000,-0.0000,1572.0000,1081.0000,1500.0000,1998.0000
166259.7800,2.0000,1997.0000,1011.0000,1849.0000,-181.0000,-219.0000,-37.0000,1966.0000,-1337.0000,9298.0000,0.2352,0.0097,0.2820,0.9301,155.3700,-32.8300,-94.8100,-17.0000,-1.3800,2.4900,0.0000,0.0000,-0.0000,1572.0000,1081.0000,1500.0000,1998.0000
166276.7590,2.0000,1997.0000,1011.0000,1849.0000,-145.0000,-195.0000,-26.0000,1990.0000,-1413.0000,9954.0000,0.2478,0.0306,0.2520,0.9350,154.9400,-32.9400,-94.8200,-17.1400,-2.3200,2.3600,0.0000,0.0000,-0.0000,1572.0000,1081.0000,1500.0000,1998.0000
166293.5250,2.0000,1997.0000,1011.0000,1849.0000,-90.0000,-185.0000,-17.0000,2040.0000,-1265.0000,9488.0000,0.2578,0.0514,0.2291,0.9372,154.5200,-33.0500,-94.8100,-17.1600,-3.1800,2.0300,0.0000,0.0000,-0.0000,1572.0000,1081.0000,1500.0000,1998.0000
166310.2300,2.0000,1997.0000,1011.0000,1849.0000,-38.0000,-185.0000,-11.0000,2014.0000,-1347.0000,9724.0000,0.2660,0.0737,0.2136,0.9371,154.1400,-33.1800,-94.8000,-17.1400,-3.8400,1.6500,0.0000,0.0000,-0.0000,1572.0000,1081.0000,1500.0000,1998.0000
166327.0910,2.0000,1997.0000,1011.0000,1849.0000,-2.0000,-173.0000,-7.0000,1614.0000,-1004.0000,9523.0000,0.2729,0.0975,0.2040,0.9351,153.7900,-33.3000,-94.7800,-17.0400,-4.3700,1.2300,0.0000,0.0000,-0.0000,1572.0000,1081.0000,1500.0000,1998.0000
166344.3530,2.0000,1997.0000,1011.0000,1849.0000,16.0000,-156.0000,-2.0000,1434.0000,-823.0000,9438.0000,0.2780,0.1206,0.1984,0.9321,153.4100,-33.4400,-94.7500,-16.9500,-4.7000,0.7600,0.0000,0.0000,-0.0000,1572.0000,1081.0000,1500.0000,1998.0000
166361.1770,2.0000,1997.0000,1011.0000,1849.0000,20.0000,-133.0000,3.0000,1695.0000,-753.0000,9751.0000,0.2811,0.1408,0.1955,0.9290,153.4100,-33.4400,-94.7500,-16.9500,-4.7000,0.7600,0.0000,0.0000,-0.0000,1572.0000,1081.0000,1500.0000,1998.0000
166378.0020,2.0000,1997.0000,1011.0000,1849.0000,25.0000,-93.0000,9.0000,1799.0000,-822.0000,9695.0000,0.2824,0.1569,0.1937,0.9263,152.9900,-33.5700,-94.7300,-16.9200,-4.8900,0.2600,0.0000,0.0000,-0.0000,1572.0000,1081.0000,1500.0000,1998.0000
166395.0150,2.0000,1997.0000,1011.0000,1849.0000,31.0000,-58.0000,16.0000,1677.0000,-806.0000,9031.0000,0.2816,0.1682,0.1944,0.9245,152.5900,-33.7000,-94.7100,-16.8400,-5.0600,-0.2800,0.0000,0.0000,-0.0000,1572.0000,1081.0000,1500.0000,1998.0000
166411.7200,2.0000,1997.0000,1011.0000,1849.0000,27.0000,-41.0000,20.0000,1664.0000,-849.0000,8439.0000,0.2792,0.1763,0.1959,0.9233,152.2300,-33.8200,-94.7000,-16.7400,-5.1800,-0.7500,0.0000,0.0000,-0.0000,1572.0000,1081.0000,1500.0000,1998.0000
166428.4640,2.0000,1997.0000,1011.0000,1849.0000,20.0000,-7.0000,25.0000,1270.0000,-562.0000,7848.0000,0.2758,0.1816,0.1976,0.9230,151.8900,-33.9400,-94.6900,-16.6300,-5.2600,-1.1800,0.0000,0.0000,-0.0000,1572.0000,1081.0000,1500.0000,1998.0000
166445.4680,2.0000,1997.0000,1011.0000,1849.0000,16.0000,14.0000,27.0000,1069.0000,-577.0000,6779.0000,0.2710,0.1828,0.1993,0.9238,151.5200,-34.0600,-94.6900,-16.6200,-5.3000,-1.5500,0.0000,0.0000,-0.0000,1572.0000,1081.0000,1500.0000,1998.0000
166462.2990,2.0000,1997.0000,1011.0000,1849.0000,15.0000,19.0000,29.0000,945.0000,-608.0000,5845.0000,0.2658,0.1821,0.2016,0.9250,151.5200,-34.0600,-94.6900,-16.6200,-5.3000,-1.5500,0.0000,0.0000,-0.0000,1572.0000,1081.0000,1500.0000,1998.0000
166479.0950,2.0000,1997.0000,1011.0000,1849.0000,15.0000,22.0000,26.0000,979.0000,-305.0000,4750.0000,0.2605,0.1804,0.2037,0.9264,151.1100,-34.1900,-94.6900,-16.7200,-5.3400,-1.8200,0.0000,0.0000,-0.0000,1572.0000,1081.0000,1500.0000,1998.0000
166496.0250,2.0000,1997.0000,1011.0000,1849.0000,10.0000,11.0000,19.0000,1010.0000,-54.0000,3464.0000,0.2561,0.1792,0.2056,0.9274,150.7300,-34.3000,-94.7000,-16.8400,-5.3200,-2.0100,0.0000,0.0000,-0.0000,1572.0000,1081.0000,1500.0000,1998.0000
166512.6650,2.0000,1997.0000,1011.0000,1849.0000,9.0000,-12.0000,6.0000,936.0000,14.0000,2555.0000,0.2539,0.1796,0.2067,0.9277,150.3600,-34.4100,-94.7100,-17.0100,-5.2400,-2.1000,0.0000,0.0000,-0.0000,1572.0000,1081.0000,1500.0000,1998.0000
166529.3150,2.0000,1997.0000,1011.0000,1849.0000,-2.0000,-44.0000,-4.0000,1226.0000,143.0000,2498.0000,0.2538,0.1826,0.2053,0.9274,150.0100,-34.5200,-94.7200,-17.1800,-5.1400,-2.1100,0.0000,0.0000,-0.0000,1572.0000,1081.0000,1500.0000,1998.0000
166546.0430,2.0000,1997.0000,1011.0000,1849.0000,-6.0000,-80.0000,-19.0000,1069.0000,48.0000,2697.0000,0.2571,0.1902,0.2026,0.9256,149.6200,-34.6300,-94.7400,-17.3400,-5.1500,-2.1400,0.0000,0.0000,-0.0000,1572.0000,1081.0000,1500.0000,1998.0000
166562.7670,2.0000,1997.0000,1011.0000,1849.0000,-12.0000,-111.0000,-33.0000,1074.0000,-3.0000,3387.0000,0.2635,0.2015,0.1986,0.9222,149.6200,-34.6300,-94.7400,-17.3400,-5.1500,-2.1400,0.0000,0.0000,-0.0000,1572.0000,1081.0000,1500.0000,1998.0000
166579.8050,2.0000,1997.0000,1011.0000,1849.0000,-14.0000,-132.0000,-44.0000,1143.0000,-9.0000,4360.0000,0.2722,0.2163,0.1933,0.9175,149.2100,-34.7500,-94.7500,-17.4500,-5.2500,-2.1900,0.0000,0.0000,-0.0000,1572.0000,1081.0000,1500.0000,1998.0000
166596.4420,2.0000,1997.0000,1011.0000,1849.0000,-15.0000,-152.0000,-55.0000,1069.0000,-194.0000,5313.0000,0.2829,0.2335,0.1873,0.9113,148.8100,-34.8600,-94.7700,-17.4600,-5.3600,-2.3300,0.0000,0.0000,-0.0000,1572.0000,1081.0000,1500.0000,1998.0000
166613.2670,2.0000,1997.0000,1011.0000,1849.0000,-15.0000,-166.0000,-62.0000,1293.0000,-159.0000,6355.0000,0.2951,0.2523,0.1808,0.9037,148.4300,-34.9800,-94.7900,-17.3700,-5.4800,-2.5300,0.0000,0.0000,-0.0000,1572.0000,1081.0000,1500.0000,1998.0000
166630.0590,2.0000,1997.0000,1011.0000,1849.0000,-13.0000,-169.0000,-66.0000,1514.0000,-429.0000,7595.0000,0.3078,0.2718,0.1742,0.8950,148.0800,-35.0900,-94.8100,-17.1800,-5.6100,-2.8300,0.0000,0.0000,-0.0000,1572.0000,1081.0000,1500.0000,1998.0000
166646.9730,2.0000,1997.0000,1011.0000,1849.0000,-9.0000,-165.0000,-68.0000,1837.0000,-567.0000,8548.0000,0.3209,0.2914,0.1679,0.8854,147.7000,-35.2100,-94.8400,-16.9100,-5.8800,-3.2200,0.0000,0.0000,-0.0000,1572.0000,1081.0000,1500.0000,1998.0000
166663.6470,2.0000,1997.0000,1011.0000,1849.0000,-6.0000,-152.0000,-68.0000,1671.0000,-563.0000,8879.0000,0.3332,0.3094,0.1626,0.8757,147.7000,-35.2100,-94.8400,-16.9100,-5.8800,-3.2200,0.0000,0.0000,-0.0000,1572.0000,1081.0000,1500.0000,1998.0000
166680.4150,2.0000,1997.0000,1011.0000,1849.0000,-5.0000,-138.0000,-66.0000,1616.0000,-707.0000,9117.0000,0.3449,0.3261,0.1579,0.8659,147.3200,-35.3500,-94.8800,-16.5600,-6.1900,-3.6600,0.0000,0.0000,-0.0000,1572.0000,1081.0000,1500.0000,1998.0000
166697.1650,2.0000,1997.0000,1011.0000,1849.0000,-5.0000,-121.0000,-65.0000,1639.0000,-797.0000,9149.0000,0.3559,0.3406,0.1539,0.8565,146.9500,-35.4900,-94.9200,-16.1600,-6.4400,-4.0900,0.0000,0.0000,-0.0000,1572.0000,1081.0000,1500.0000,1998.0000
166714.0640,2.0000,1997.0000,1011.0000,1849.0000,-2.0000,-98.0000,-61.0000,1544.0000,-624.0000,8703.0000,0.3658,0.3525,0.1511,0.8480,146.6100,-35.6300,-94.9700,-15.7500,-6.6500,-4.5200,0.0000,0.0000,-0.0000,1572.0000,1081.0000,1500.0000,1998.0000
166731.0830,2.0000,1997.0000,1011.0000,1849.0000,5.0000,-77.0000,-56.0000,1536.0000,-821.0000,8384.0000,0.3743,0.3621,0.1499,0.8404,146.2900,-35.7600,-95.0300,-15.3700,-6.8000,-4.8900,0.0000,0.0000,-0.0000,1572.0000,1081.0000,1500.0000,1998.0000
166747.9200,2.0000,1997.0000,1011.0000,1849.0000,13.0000,-56.0000,-49.0000,1504.0000,-777.0000,7984.0000,0.3811,0.3695,0.1504,0.8340,146.2900,-35.7600,-95.0300,-15.3700,-6.8000,-4.8900,0.0000,0.0000,-0.0000,1572.0000,1081.0000,1500.0000,1998.0000
166764.8120,2.0000,1997.0000,1011.0000,1849.0000,21.0000,-37.0000,-42.0000,1243.0000,-731.0000,7184.0000,0.3864,0.3749,0.1525,0.8288,145.9600,-35.9200,-95.0900,-15.0100,-7.0100,-5.2200,0.0000,0.0000,-0.0000,1572.0000,1081.0000,1500.0000,1998.0000
166781.6390,2.0000,1997.0000,1011.0000,1849.0000,20.0000,-22.0000,-38.0000,1458.0000,-914.0000,6729.0000,0.3901,0.3784,0.1560,0.8248,145.6100,-36.0900,-95.1600,-14.7000,-7.2300,-5.4900,0.0000,0.0000,-0.0000,1572.0000,1081.0000,1500.0000,1998.0000
166798.6350,2.0000,1997.0000,1011.0000,1849.0000,26.0000,-20.0000,-37.0000,1504.0000,-835.0000,5847.0000,0.3932,0.3811,0.1601,0.8213,145.2900,-36.2500,-95.2300,-14.4300,-7.4300,-5.7100,0.0000,0.0000,-0.0000,1572.0000,1081.0000,1500.0000,1998.0000
166815.4580,2.0000,1997.0000,1011.0000,1849.0000,24.0000,-22.0000,-33.0000,1272.0000,-812.0000,5064.0000,0.3958,0.3843,0.1641,0.8178,144.9800,-36.4100,-95.3000,-14.2400,-7.6300,-5.8600,0.0000,0.0000,-0.0000,1572.0000,1081.0000,1500.0000,1998.0000
166832.1550,2.0000,1997.0000,1011.0000,1849.0000,18.0000,-23.0000,-28.0000,1552.0000,-750.0000,4713.0000,0.3979,0.3870,0.1675,0.8148,144.6900,-36.5700,-95.3700,-14.1200,-7.7900,-5.9400,0.0000,0.0000,-0.0000,1572.0000,1081.0000,1500.0000,1998.0000
166849.2350,2.0000,1997.0000,1011.0000,1849.0000,17.0000,-34.0000,-27.0000,1177.0000,-722.0000,3887.0000,0.4002,0.3905,0.1700,0.8115,144.6900,-36.5700,-95.3700,-14.1200,-7.7900,-5.9400,0.0000,0.0000,-0.0000,1572.0000,1081.0000,1500.0000,1998.0000
166865.9250,2.0000,1997.0000,1011.0000,1849.0000,16.0000,-54.0000,-25.0000,1012.0000,-567.0000,3491.0000,0.4030,0.3955,0.1708,0.8075,144.3700,-36.7600,-95.4500,-13.9800,-8.0300,-5.9900,0.0000,0.0000,-0.0000,1572.0000,1081.0000,1500.0000,1998.0000
166882.9710,2.0000,1997.0000,1011.0000,1849.0000,11.0000,-79.0000,-23.0000,1070.0000,-481.0000,3472.0000,0.4063,0.4032,0.1700,0.8021,144.0500,-36.9500,-95.5200,-13.8600,-8.2700,-5.9700,0.0000,0.0000,-0.0000,1572.0000,1081.0000,1500.0000,1998.0000
166899.9250,2.0000,1997.0000,1011.0000,1849.0000,12.0000,-102.0000,-22.0000,1168.0000,-454.0000,3866.0000,0.4100,0.4138,0.1675,0.7954,143.7500,-37.1400,-95.6000,-13.7400,-8.4600,-5.9500,0.0000,0.0000,-0.0000,1572.0000,1081.0000,1500.0000,1998.0000
166916.5820,2.0000,1997.0000,1011.0000,1849.0000,13.0000,-123.0000,-21.0000,1169.0000,-488.0000,4361.0000,0.4138,0.4270,0.1637,0.7872,143.4500,-37.3300,-95.6700,-13.5900,-8.6200,-5.9500,0.0000,0.0000,-0.0000,1572.0000,1081.0000,1500.0000,1998.0000
166933.2510,2.0000,1997.0000,1011.0000,1849.0000,14.0000,-144.0000,-21.0000,1209.0000,-497.0000,4996.0000,0.4179,0.4426,0.1589,0.7774,143.1800,-37.5200,-95.7400,-13.3900,-8.7500,-5.9600,0.0000,0.0000,-0.0000,1572.0000,1081.0000,1500.0000,1998.0000
166950.3430,2.0000,1997.0000,1011.0000,1849.0000,5.0000,-151.0000,-20.0000,1489.0000,-612.0000,5984.0000,0.4226,0.4597,0.1522,0.7661,143.1800,-37.5200,-95.7400,-13.3900,-8.7500,-5.9600,0.0000,0.0000,-0.0000,1572.0000,1081.0000,1500.0000,1998.0000
166967.4720,2.0000,1997.0000,1011.0000,1849.0000,-1.0000,-162.0000,-20.0000,1691.0000,-592.0000,6661.0000,0.4277,0.4772,0.1441,0.7541,142.8800,-37.7300,-95.8200,-13.0300,-8.9400,-6.0400,0.0000,0.0000,-0.0000,1572.0000,1081.0000,1500.0000,1998.0000
166984.4000,2.0000,1997.0000,1011.0000,1849.0000,-2.0000,-163.0000,-20.0000,1680.0000,-565.0000,7209.0000,0.4328,0.4946,0.1353,0.7415,142.6000,-37.9500,-95.9100,-12.5600,-9.1300,-6.1800,0.0000,0.0000,-0.0000,1572.0000,1081.0000,1500.0000,1998.0000
167001.2650,2.0000,1997.0000,1011.0000,1849.0000,-8.0000,-160.0000,-21.0000,1846.0000,-560.0000,7709.0000,0.4379,0.5113,0.1261,0.7286,142.3300,-38.1600,-96.0000,-12.0700,-9.2600,-6.3400,0.0000,0.0000,-0.0000,1572.0000,1081.0000,1500.0000,1998.0000
167018.0010,2.0000,1997.0000,1011.0000,1849.0000,-10.0000,-152.0000,-21.0000,1696.0000,-693.0000,8193.0000,0.4430,0.5268,0.1172,0.7159,142.0900,-38.3700,-96.1000,-11.5400,-9.3400,-6.5100,0.0000,0.0000,-0.0000,1572.0000,1081.0000,1500.0000,1998.0000
167035.0490,2.0000,1997.0000,1011.0000,1849.0000,-13.0000,-137.0000,-24.0000,1705.0000,-756.0000,8607.0000,0.4482,0.5407,0.1086,0.7035,141.8700,-38.5700,-96.1900,-10.9900,-9.3500,-6.6800,0.0000,0.0000,-0.0000,1572.0000,1081.0000,1500.0000,1998.0000
167051.9080,2.0000,1997.0000,1011.0000,1849.0000,-15.0000,-117.0000,-22.0000,1729.0000,-877.0000,8923.0000,0.4532,0.5524,0.1009,0.6923,141.8700,-38.5700,-96.1900,-10.9900,-9.3500,-6.6800,0.0000,0.0000,-0.0000,1572.0000,1081.0000,1500.0000,1998.0000
167068.7780,2.0000,1997.0000,1011.0000,1849.0000,-12.0000,-96.0000,-17.0000,1522.0000,-814.0000,8324.0000,0.4573,0.5619,0.0945,0.6828,141.6200,-38.8100,-96.3000,-10.3700,-9.4300,-6.8500,0.0000,0.0000,-0.0000,1572.0000,1081.0000,1500.0000,1998.0000
167085.9660,2.0000,1997.0000,1011.0000,1849.0000,-9.0000,-79.0000,-16.0000,1453.0000,-595.0000,7614.0000,0.4606,0.5697,0.0891,0.6747,141.3900,-39.0500,-96.4200,-9.8100,-9.5000,-6.9900,0.0000,0.0000,-0.0000,1572.0000,1081.0000,1500.0000,1998.0000
167102.6490,2.0000,1997.0000,1011.0000,1849.0000,-9.0000,-45.0000,-15.0000,1617.0000,-528.0000,7442.0000,0.4630,0.5750,0.0860,0.6691,141.1800,-39.2800,-96.5400,-9.3600,-9.5500,-7.0900,0.0000,0.0000,-0.0000,1572.0000,1081.0000,1500.0000,1998.0000
167119.7340,2.0000,1997.0000,1011.0000,1849.0000,-2.0000,-20.0000,-11.0000,1497.0000,-277.0000,6435.0000,0.4645,0.5775,0.0849,0.6660,140.9900,-39.4900,-96.6500,-8.9900,-9.5900,-7.1900,0.0000,0.0000,-0.0000,1572.0000,1081.0000,1500.0000,1998.0000
167136.4980,2.0000,1997.0000,1011.0000,1849.0000,2.0000,-1.0000,-10.0000,1477.0000,-272.0000,5741.0000,0.4651,0.5783,0.0853,0.6648,140.8100,-39.7100,-96.7700,-8.7300,-9.6300,-7.2800,0.0000,0.0000,-0.0000,1572.0000,1081.0000,1500.0000,1998.0000
167153.5360,2.0000,1997.0000,1011.0000,1849.0000,9.0000,16.0000,-9.0000,1472.0000,-269.0000,4890.0000,0.4648,0.5779,0.0878,0.6650,140.8100,-39.7100,-96.7700,-8.7300,-9.6300,-7.2800,0.0000,0.0000,-0.0000,1572.0000,1081.0000,1500.0000,1998.0000
167170.2640,2.0000,1997.0000,1011.0000,1849.0000,13.0000,23.0000,-11.0000,1432.0000,-153.0000,3818.0000,0.4642,0.5763,0.0916,0.6664,140.6200,-39.9500,-96.9000,-8.3600,-9.8100,-7.3300,0.0000,0.0000,-0.0000,1572.0000,1081.0000,1500.0000,1998.0000
167186.9780,2.0000,1997.0000,1011.0000,1849.0000,16.0000,11.0000,-14.0000,1365.0000,-19.0000,2797.0000,0.4640,0.5746,0.0956,0.6674,140.4300,-40.2000,-97.0200,-8.0300,-10.0300,-7.3600,0.0000,0.0000,-0.0000,1572.0000,1081.0000,1500.0000,1998.0000
167204.0070,2.0000,1997.0000,1011.0000,1849.0000,16.0000,-8.0000,-22.0000,1381.0000,62.0000,2270.0000,0.4643,0.5742,0.0996,0.6669,140.2600,-40.4500,-97.1500,-7.8500,-10.2700,-7.3500,0.0000,0.0000,-0.0000,1572.0000,1081.0000,1500.0000,1998.0000
167220.5450,2.0000,1997.0000,1011.0000,1849.0000,10.0000,-31.0000,-30.0000,1293.0000,128.0000,1780.0000,0.4658,0.5762,0.1023,0.6638,140.1000,-40.7000,-97.2700,-7.7400,-10.5000,-7.3200,0.0000,0.0000,-0.0000,1572.0000,1081.0000,1500.0000,1998.0000
167237.3110,2.0000,1997.0000,1011.0000,1849.0000,3.0000,-55.0000,-35.0000,1267.0000,91.0000,1533.0000,0.4685,0.5804,0.1032,0.6581,139.9400,-40.9300,-97.4000,-7.6700,-10.7100,-7.2600,0.0000,0.0000,-0.0000,1572.0000,1081.0000,1500.0000,1998.0000
167254.1610,2.0000,1997.0000,1011.0000,1849.0000,-3.0000,-83.0000,-40.0000,1451.0000,69.0000,1948.0000,0.4728,0.5864,0.1020,0.6497,139.9400,-40.9300,-97.4000,-7.6700,-10.7100,-7.2600,0.0000,0.0000,-0.0000,1572.0000,1081.0000,1500.0000,1998.0000
167271.2750,2.0000,1997.0000,1011.0000,1849.0000,-3.0000,-106.0000,-46.0000,1630.0000,-137.0000,2770.0000,0.4785,0.5940,0.0993,0.6390,139.7800,-41.2000,-97.5300,-7.3600,-10.9000,-7.2000,0.0000,0.0000,-0.0000,1572.0000,1081.0000,1500.0000,1998.0000
167288.0070,2.0000,1997.0000,1011.0000,1849.0000,-2.0000,-129.0000,-53.0000,1384.0000,-256.0000,3302.0000,0.4848,0.6039,0.0952,0.6255,139.6300,-41.4700,-97.6600,-6.9600,-11.0500,-7.1500,0.0000,0.0000,-0.0000,1572.0000,1081.0000,1500.0000,1998.0000
167304.9780,2.0000,1997.0000,1011.0000,1849.0000,4.0000,-147.0000,-56.0000,1298.0000,-248.0000,3924.0000,0.4911,0.6158,0.0907,0.6094,139.5000,-41.7300,-97.7800,-6.5300,-11.1300,-7.0900,0.0000,0.0000,-0.0000,1572.0000,1081.0000,1500.0000,1998.0000
167322.0330,2.0000,1997.0000,1011.0000,1849.0000,11.0000,-157.0000,-58.0000,1536.0000,-127.0000,4830.0000,0.4970,0.6289,0.0862,0.5916,139.3800,-41.9800,-97.9100,-6.0700,-11.1400,-7.0200,0.0000,0.0000,-0.0000,1572.0000,1081.0000,1500.0000,1998.0000
167338.5990,2.0000,1997.0000,1011.0000,1849.0000,16.0000,-169.0000,-60.0000,1855.0000,-648.0000,6459.0000,0.5021,0.6433,0.0815,0.5722,139.2700,-42.2100,-98.0200,-5.5300,-11.0700,-6.9700,0.0000,0.0000,-0.0000,1572.0000,1081.0000,1500.0000,1998.0000
167355.6420,2.0000,1997.0000,1011.0000,1849.0000,13.0000,-167.0000,-59.0000,2044.0000,-568.0000,6960.0000,0.5072,0.6576,0.0765,0.5518,139.2700,-42.2100,-98.0200,-5.5300,-11.0700,-6.9700,0.0000,0.0000,-0.0000,1572.0000,1081.0000,1500.0000,1998.0000
167372.5870,2.0000,1997.0000,1011.0000,1849.0000,5.0000,-161.0000,-58.0000,1974.0000,-310.0000,6954.0000,0.5124,0.6706,0.0711,0.5317,139.1700,-42.4800,-98.1500,-4.8200,-10.9900,-6.9100,0.0000,0.0000,-0.0000,1572.0000,1081.0000,1500.0000,1998.0000
167389.6510,2.0000,1997.0000,1011.0000,1849.0000,5.0000,-151.0000,-57.0000,1864.0000,-399.0000,7489.0000,0.5176,0.6826,0.0658,0.5117,139.0800,-42.7400,-98.2800,-4.1600,-10.8600,-6.8400,0.0000,0.0000,-0.0000,1572.0000,1081.0000,1500.0000,1998.0000
167406.6570,2.0000,1997.0000,1011.0000,1849.0000,0.0000,-131.0000,-56.0000,1897.0000,-633.0000,7868.0000,0.5223,0.6929,0.0614,0.4932,139.0100,-42.9900,-98.4000,-3.5200,-10.6700,-6.7500,0.0000,0.0000,-0.0000,1572.0000,1081.0000,1500.0000,1998.0000
167423.5950,2.0000,1997.0000,1011.0000,1849.0000,-3.0000,-113.0000,-54.0000,1790.0000,-615.0000,7495.0000,0.5271,0.7010,0.0580,0.4770,138.9600,-43.2200,-98.5100,-2.9200,-10.4500,-6.6400,0.0000,0.0000,-0.0000,1572.0000,1081.0000,1500.0000,1998.0000
167440.4170,2.0000,1997.0000,1011.0000,1849.0000,-4.0000,-94.0000,-49.0000,1639.0000,-525.0000,7052.0000,0.5312,0.7074,0.0557,0.4630,138.9200,-43.4400,-98.6300,-2.4200,-10.2400,-6.5000,0.0000,0.0000,-0.0000,1572.0000,1081.0000,1500.0000,1998.0000
167457.2170,2.0000,1997.0000,1011.0000,1849.0000,-3.0000,-72.0000,-47.0000,1515.0000,-548.0000,6635.0000,0.5350,0.7121,0.0548,0.4513,138.9200,-43.4400,-98.6300,-2.4200,-10.2400,-6.5000,0.0000,0.0000,-0.0000,1572.0000,1081.0000,1500.0000,1998.0000
167474.1310,2.0000,1997.0000,1011.0000,1849.0000,3.0000,-60.0000,-43.0000,1519.0000,-624.0000,6341.0000,0.5381,0.7161,0.0548,0.4413,138.8800,-43.6900,-98.7400,-1.8900,-10.0900,-6.3500,0.0000,0.0000,-0.0000,1572.0000,1081.0000,1500.0000,1998.0000
167491.0920,2.0000,1997.0000,1011.0000,1849.0000,3.0000,-46.0000,-39.0000,1397.0000,-691.0000,5699.0000,0.5406,0.7193,0.0557,0.4329,138.8500,-43.9300,-98.8600,-1.4400,-9.9700,-6.1800,0.0000,0.0000,-0.0000,1572.0000,1081.0000,1500.0000,1998.0000
167508.0460,2.0000,1997.0000,1011.0000,1849.0000,6.0000,-36.0000,-36.0000,1114.0000,-336.0000,4691.0000,0.5426,0.7218,0.0573,0.4258,138.8300,-44.1600,-98.9700,-1.0600,-9.8900,-6.0000,0.0000,0.0000,-0.0000,1572.0000,1081.0000,1500.0000,1998.0000
167524.9110,2.0000,1997.0000,1011.0000,1849.0000,5.0000,-33.0000,-37.0000,1296.0000,-188.0000,4005.0000,0.5442,0.7240,0.0595,0.4197,138.8100,-44.3800,-99.0700,-0.8200,-9.8500,-5.8300,0.0000,0.0000,-0.0000,1572.0000,1081.0000,1500.0000,1998.0000
167542.0070,2.0000,1997.0000,1011.0000,1849.0000,3.0000,-38.0000,-40.0000,1376.0000,-326.0000,3698.0000,0.5461,0.7260,0.0618,0.4133,138.8000,-44.6000,-99.1800,-0.6400,-9.8600,-5.6700,0.0000,0.0000,-0.0000,1572.0000,1081.0000,1500.0000,1998.0000
167558.6940,2.0000,1997.0000,1011.0000,1849.0000,1.0000,-44.0000,-43.0000,1334.0000,-619.0000,3543.0000,0.5486,0.7283,0.0633,0.4057,138.8000,-44.6000,-99.1800,-0.6400,-9.8600,-5.6700,0.0000,0.0000,-0.0000,1572.0000,1081.0000,1500.0000,1998.0000
167575.7820,2.0000,1997.0000,1011.0000,1849.0000,-8.0000,-52.0000,-42.0000,1457.0000,-523.0000,3103.0000,0.5519,0.7301,0.0644,0.3978,138.8100,-44.8400,-99.2800,-0.2100,-9.8200,-5.4700,0.0000,0.0000,-0.0000,1572.0000,1081.0000,1500.0000,1998.0000
167592.8470,2.0000,1997.0000,1011.0000,1849.0000,-14.0000,-71.0000,-46.0000,1360.0000,-431.0000,2679.0000,0.5563,0.7320,0.0639,0.3881,138.8100,-45.0700,-99.3800,0.1800,-9.7800,-5.2900,0.0000,0.0000,-0.0000,1572.0000,1081.0000,1500.0000,1998.0000
167609.4780,2.0000,1997.0000,1011.0000,1849.0000,-13.0000,-94.0000,-50.0000,1225.0000,-225.0000,2279.0000,0.5609,0.7350,0.0620,0.3759,138.8300,-45.3000,-99.4700,0.5000,-9.7700,-5.1100,0.0000,0.0000,-0.0000,1572.0000,1081.0000,1500.0000,1998.0000
167626.3810,2.0000,1997.0000,1011.0000,1849.0000,-11.0000,-113.0000,-52.0000,1448.0000,-196.0000,2695.0000,0.5657,0.7391,0.0590,0.3610,138.8500,-45.5100,-99.5600,0.7600,-9.7500,-4.9400,0.0000,0.0000,-0.0000,1572.0000,1081.0000,1500.0000,1998.0000
167643.2390,2.0000,1997.0000,1011.0000,1849.0000,-9.0000,-133.0000,-55.0000,1510.0000,-283.0000,3237.0000,0.5701,0.7443,0.0546,0.3436,138.8800,-45.7200,-99.6500,1.0300,-9.6900,-4.7600,0.0000,0.0000,-0.0000,1572.0000,1081.0000,1500.0000,1998.0000
167660.1850,3.0000,1997.0000,1011.0000,1849.0000,-4.0000,-148.0000,-57.0000,1666.0000,-210.0000,3899.0000,0.5745,0.7501,0.0491,0.3238,138.8800,-45.7200,-99.6500,1.0300,-9.6900,-4.7600,0.0000,0.0000,-0.0000,1572.0000,1081.0000,1500.0000,1998.0000
167677.1190,3.0000,1433.0000,1582.0000,1418.0000,-1.0000,-165.0000,-60.0000,1774.0000,-149.0000,4526.0000,0.5784,0.7568,0.0427,0.3017,138.9200,-45.9600,-99.7400,1.4900,-9.5500,-4.5500,0.0000,0.0000,-0.0000,1500.0000,1498.0000,1500.0000,1464.0000
167693.6690,3.0000,1434.0000,1584.0000,1420.0000,3.0000,-167.0000,-60.0000,1747.0000,-540.0000,5665.0000,0.5815,0.7635,0.0359,0.2786,138.9700,-46.1800,-99.8200,1.9600,-9.3500,-4.3500,0.0000,0.0000,-0.0000,1500.0000,1500.0000,1500.0000,1466.0000
167710.2380,3.0000,1435.0000,1578.0000,1430.0000,8.0000,-153.0000,-58.0000,1494.0000,-639.0000,6518.0000,0.5837,0.7700,0.0297,0.2561,139.0300,-46.3900,-99.8900,2.4400,-9.0500,-4.0800,0.0000,0.0000,-0.0000,1500.0000,1500.0000,1500.0000,1466.0000
167726.9340,3.0000,1434.0000,1568.0000,1448.0000,15.0000,-130.0000,-55.0000,1365.0000,-641.0000,7015.0000,0.5846,0.7759,0.0251,0.2358,139.0900,-46.5800,-99.9600,2.8700,-8.6600,-3.7600,0.0000,0.0000,-0.0000,1500.0000,1500.0000,1500.0000,1465.0000
167743.8170,3.0000,1433.0000,1554.0000,1468.0000,20.0000,-98.0000,-51.0000,1268.0000,-669.0000,7167.0000,0.5845,0.7810,0.0226,0.2186,139.1600,-46.7500,-100.0300,3.2500,-8.2100,-3.4100,0.0000,0.0000,-0.0000,1500.0000,1500.0000,1500.0000,1464.0000
167760.6720,3.0000,1433.0000,1537.0000,1485.0000,20.0000,-65.0000,-47.0000,1061.0000,-625.0000,6864.0000,0.5837,0.7852,0.0224,0.2054,139.1600,-46.7500,-100.0300,3.2500,-8.2100,-3.4100,0.0000,0.0000,-0.0000,1500.0000,1500.0000,1500.0000,1464.0000
167777.1430,3.0000,1433.0000,1523.0000,1497.0000,20.0000,-38.0000,-42.0000,828.0000,-429.0000,6127.0000,0.5826,0.7883,0.0245,0.1964,139.2500,-46.9400,-100.0900,3.7400,-7.7500,-3.0600,0.0000,0.0000,-0.0000,1500.0000,1500.0000,1500.0000,1464.0000
167793.7520,3.0000,1434.0000,1512.0000,1506.0000,17.0000,-17.0000,-38.0000,700.0000,-476.0000,5195.0000,0.5816,0.7904,0.0280,0.1904,139.3500,-47.1100,-100.1400,4.1200,-7.3500,-2.7200,0.0000,0.0000,-0.0000,1500.0000,1500.0000,1500.0000,1465.0000
167810.3250,3.0000,1434.0000,1505.0000,1505.0000,11.0000,-6.0000,-35.0000,598.0000,-337.0000,4153.0000,0.5809,0.7916,0.0323,0.1866,139.4400,-47.2700,-100.1900,4.4100,-7.0600,-2.4100,0.0000,0.0000,-0.0000,1500.0000,1500.0000,1500.0000,1465.0000
167826.8610,3.0000,1435.0000,1501.0000,1505.0000,8.0000,1.0000,-32.0000,479.0000,-325.0000,3217.0000,0.5809,0.7920,0.0367,0.1841,139.5400,-47.4200,-100.2400,4.6300,-6.8700,-2.1300,0.0000,0.0000,-0.0000,1500.0000,1500.0000,1500.0000,1466.0000
167843.7220,3.0000,1434.0000,1497.0000,1503.0000,2.0000,5.0000,-31.0000,387.0000,-243.0000,2446.0000,0.5818,0.7916,0.0416,0.1823,139.6400,-47.5600,-100.2800,4.8000,-6.7700,-1.8800,0.0000,0.0000,-0.0000,1500.0000,1500.0000,1500.0000,1465.0000
167860.1830,3.0000,1433.0000,1496.0000,1504.0000,0.0000,8.0000,-29.0000,330.0000,-136.0000,1847.0000,0.5827,0.7908,0.0457,0.1815,139.6400,-47.5600,-100.2800,4.8000,-6.7700,-1.8800,0.0000,0.0000,-0.0000,1500.0000,1500.0000,1500.0000,1464.0000
167876.7720,3.0000,1432.0000,1495.0000,1503.0000,-3.0000,8.0000,-30.0000,297.0000,-127.0000,1380.0000,0.5841,0.7897,0.0499,0.1810,139.7600,-47.7200,-100.3100,5.0200,-6.6900,-1.6600,0.0000,0.0000,-0.0000,1500.0000,1500.0000,1500.0000,1463.0000
167893.3700,3.0000,1435.0000,1494.0000,1502.0000,-6.0000,9.0000,-29.0000,309.0000,-117.0000,1024.0000,0.5858,0.7883,0.0541,0.1802,139.8800,-47.8700,-100.3500,5.2000,-6.6600,-1.4600,0.0000,0.0000,-0.0000,1500.0000,1500.0000,1500.0000,1466.0000
167909.9700,3.0000,1434.0000,1493.0000,1503.0000,-6.0000,11.0000,-29.0000,334.0000,-145.0000,817.0000,0.5874,0.7869,0.0585,0.1796,140.0000,-48.0200,-100.3800,5.3600,-6.6700,-1.2600,0.0000,0.0000,-0.0000,1500.0000,1500.0000,1500.0000,1465.0000
167926.7230,3.0000,1434.0000,1493.0000,1503.0000,-7.0000,10.0000,-31.0000,254.0000,-93.0000,572.0000,0.5891,0.7855,0.0630,0.1788,140.1200,-48.1600,-100.4100,5.4900,-6.6900,-1.0700,0.0000,0.0000,-0.0000,1500.0000,1500.0000,1500.0000,1466.0000
167943.6170,3.0000,1434.0000,1493.0000,1505.0000,-5.0000,11.0000,-32.0000,267.0000,-13.0000,365.0000,0.5908,0.7841,0.0679,0.1779,140.1200,-48.1600,-100.4100,5.4900,-6.6900,-1.0700,0.0000,0.0000,-0.0000,1500.0000,1500.0000,1500.0000,1465.0000
167960.3170,3.0000,1434.0000,1491.0000,1505.0000,-7.0000,13.0000,-33.0000,234.0000,17.0000,129.0000,0.5923,0.7826,0.0720,0.1775,140.2300,-48.3000,-100.4300,5.6100,-6.7300,-0.9000,0.0000,0.0000,-0.0000,1500.0000,1500.0000,1500.0000,1465.0000
167976.8860,3.0000,1433.0000,1488.0000,1504.0000,-10.0000,13.0000,-35.0000,261.0000,14.0000,-44.0000,0.5942,0.7809,0.0765,0.1771,140.3700,-48.4500,-100.4500,5.7800,-6.7100,-0.7300,0.0000,0.0000,-0.0000,1500.0000,1498.0000,1500.0000,1464.0000
167993.5220,3.0000,1433.0000,1489.0000,1505.0000,-8.0000,14.0000,-36.0000,339.0000,-62.0000,-173.0000,0.5960,0.7792,0.0812,0.1762,140.5100,-48.6000,-100.4700,5.9400,-6.7000,-0.5700,0.0000,0.0000,-0.0000,1500.0000,1498.0000,1500.0000,1464.0000
168010.1020,3.0000,1433.0000,1490.0000,1506.0000,-6.0000,14.0000,-38.0000,288.0000,-85.0000,-355.0000,0.5972,0.7781,0.0870,0.1742,140.6400,-48.7400,-100.4900,6.0900,-6.7200,-0.4100,0.0000,0.0000,-0.0000,1500.0000,1498.0000,1500.0000,1464.0000
168026.8200,3.0000,1434.0000,1490.0000,1506.0000,-7.0000,13.0000,-39.0000,305.0000,-26.0000,-509.0000,0.5981,0.7773,0.0931,0.1716,140.7800,-48.8900,-100.5100,6.2200,-6.7500,-0.2500,0.0000,0.0000,-0.0000,1500.0000,1500.0000,1500.0000,1465.0000
168043.6010,3.0000,1434.0000,1488.0000,1508.0000,-7.0000,15.0000,-41.0000,327.0000,84.0000,-640.0000,0.5990,0.7763,0.0996,0.1692,140.7800,-48.8900,-100.5100,6.2200,-6.7500,-0.2500,0.0000,0.0000,-0.0000,1500.0000,1500.0000,1500.0000,1465.0000
168060.2010,3.0000,1435.0000,1486.0000,1506.0000,-10.0000,16.0000,-43.0000,290.0000,65.0000,-759.0000,0.6001,0.7752,0.1060,0.1666,140.9200,-49.0300,-100.5200,6.3400,-6.7800,-0.1000,0.0000,0.0000,-0.0000,1500.0000,1500.0000,1500.0000,1466.0000
168076.7460,3.0000,1435.0000,1484.0000,1504.0000,-13.0000,14.0000,-44.0000,252.0000,18.0000,-819.0000,0.6016,0.7736,0.1124,0.1640,141.0700,-49.1700,-100.5400,6.4900,-6.8100,0.0300,0.0000,0.0000,-0.0000,1500.0000,1500.0000,1500.0000,1466.0000
168093.3170,3.0000,1434.0000,1484.0000,1502.0000,-14.0000,12.0000,-45.0000,228.0000,-52.0000,-857.0000,0.6033,0.7720,0.1187,0.1611,141.2200,-49.3200,-100.5500,6.6200,-6.8400,0.1700,0.0000,0.0000,-0.0000,1500.0000,1500.0000,1500.0000,1465.0000
168109.8280,3.0000,1434.0000,1482.0000,1502.0000,-15.0000,13.0000,-46.0000,300.0000,-31.0000,-794.0000,0.6051,0.7702,0.1251,0.1583,141.3700,-49.4600,-100.5600,6.7400,-6.8700,0.3100,0.0000,0.0000,-0.0000,1500.0000,1500.0000,1500.0000,1465.0000
168126.4260,3.0000,1433.0000,1482.0000,1502.0000,-16.0000,12.0000,-47.0000,326.0000,-41.0000,-768.0000,0.6071,0.7682,0.1315,0.1552,141.3700,-49.4600,-100.5600,6.7400,-6.8700,0.3100,0.0000,0.0000,-0.0000,1500.0000,1500.0000,1500.0000,1464.0000
168143.0960,3.0000,1433.0000,1482.0000,1502.0000,-16.0000,13.0000,-47.0000,288.0000,11.0000,-775.0000,0.6091,0.7660,0.1380,0.1522,141.5300,-49.6000,-100.5600,6.8600,-6.8900,0.4600,0.0000,0.0000,-0.0000,1500.0000,1500.0000,1500.0000,1464.0000
168159.7600,3.0000,1434.0000,1483.0000,1501.0000,-16.0000,11.0000,-48.0000,316.0000,-19.0000,-865.0000,0.6119,0.7633,0.1441,0.1490,141.6800,-49.7400,-100.5700,6.9800,-6.9100,0.6200,0.0000,0.0000,-0.0000,1500.0000,1500.0000,1500.0000,1466.0000
168176.2930,3.0000,1434.0000,1486.0000,1506.0000,-9.0000,11.0000,-48.0000,309.0000,-77.0000,-971.0000,0.6141,0.7609,0.1503,0.1459,141.8500,-49.8900,-100.5700,7.1200,-6.9400,0.7700,0.0000,0.0000,-0.0000,1500.0000,1500.0000,1500.0000,1465.0000
168192.7640,3.0000,1434.0000,1490.0000,1508.0000,-3.0000,10.0000,-48.0000,278.0000,-103.0000,-951.0000,0.6155,0.7592,0.1564,0.1427,142.0200,-50.0300,-100.5700,7.2500,-6.9800,0.9200,0.0000,0.0000,-0.0000,1500.0000,1500.0000,1500.0000,1465.0000
168209.3730,3.0000,1434.0000,1491.0000,1509.0000,0.0000,10.0000,-49.0000,321.0000,-86.0000,-823.0000,0.6159,0.7581,0.1628,0.1390,142.1900,-50.1700,-100.5700,7.3700,-7.0000,1.0900,0.0000,0.0000,-0.0000,1500.0000,1500.0000,1500.0000,1465.0000
168225.8520,3.0000,1434.0000,1492.0000,1510.0000,3.0000,9.0000,-49.0000,318.0000,-157.0000,-781.0000,0.6160,0.7575,0.1693,0.1350,142.1900,-50.1700,-100.5700,7.3700,-7.0000,1.0900,0.0000,0.0000,-0.0000,1500.0000,1500.0000,1500.0000,1465.0000
168242.6350,3.0000,1434.0000,1490.0000,1510.0000,2.0000,10.0000,-49.0000,314.0000,-113.0000,-930.0000,0.6159,0.7567,0.1757,0.1311,142.3600,-50.3100,-100.5700,7.4900,-7.0200,1.2500,0.0000,0.0000,-0.0000,1500.0000,1500.0000,1500.0000,1465.0000
168259.2280,3.0000,1434.0000,1490.0000,1510.0000,2.0000,9.0000,-48.0000,302.0000,0.0000,-1123.0000,0.6163,0.7555,0.1819,0.1276,142.5200,-50.4500,-100.5600,7.6000,-7.0400,1.4100,0.0000,0.0000,-0.0000,1500.0000,1500.0000,1500.0000,1465.0000
168275.9530,3.0000,1434.0000,1489.0000,1511.0000,1.0000,9.0000,-48.0000,319.0000,11.0000,-1221.0000,0.6167,0.7543,0.1879,0.1239,142.7100,-50.5900,-100.5500,7.7100,-7.0900,1.5600,0.0000,0.0000,-0.0000,1500.0000,1497.0000,1500.0000,1465.0000
168292.4890,3.0000,1434.0000,1491.0000,1509.0000,0.0000,6.0000,-47.0000,345.0000,-94.0000,-1118.0000,0.6171,0.7531,0.1937,0.1204,142.8900,-50.7400,-100.5400,7.8200,-7.1500,1.7000,0.0000,0.0000,-0.0000,1500.0000,1500.0000,1500.0000,1465.0000
168309.1670,3.0000,1434.0000,1491.0000,1509.0000,0.0000,6.0000,-46.0000,273.0000,-165.0000,-933.0000,0.6175,0.7519,0.1993,0.1167,143.0800,-50.8800,-100.5300,7.9200,-7.1900,1.8600,0.0000,0.0000,-0.0000,1500.0000,1500.0000,1500.0000,1465.0000
168325.7440,3.0000,1434.0000,1489.0000,1505.0000,-4.0000,5.0000,-45.0000,201.0000,-167.0000,-806.0000,0.6183,0.7503,0.2046,0.1133,143.0800,-50.8800,-100.5300,7.9200,-7.1900,1.8600,0.0000,0.0000,-0.0000,1500.0000,1498.0000,1500.0000,1465.0000
168342.6380,3.0000,1435.0000,1487.0000,1505.0000,-7.0000,5.0000,-42.0000,303.0000,-188.0000,-642.0000,0.6188,0.7490,0.2103,0.1095,143.2600,-51.0200,-100.5100,8.0200,-7.2100,2.0200,0.0000,0.0000,-0.0000,1500.0000,1500.0000,1500.0000,1466.0000
168359.3870,3.0000,1433.0000,1489.0000,1507.0000,-3.0000,6.0000,-39.0000,302.0000,-221.0000,-554.0000,0.6191,0.7477,0.2155,0.1058,143.4600,-51.1700,-100.4900,8.1400,-7.2400,2.2000,0.0000,0.0000,-0.0000,1500.0000,1500.0000,1500.0000,1464.0000
168376.0680,3.0000,1433.0000,1489.0000,1509.0000,-1.0000,5.0000,-38.0000,288.0000,-196.0000,-563.0000,0.6190,0.7468,0.2206,0.1023,143.6600,-51.3100,-100.4700,8.2600,-7.2600,2.3900,0.0000,0.0000,-0.0000,1500.0000,1496.0000,1500.0000,1464.0000
168392.8020,3.0000,1433.0000,1489.0000,1509.0000,-2.0000,7.0000,-36.0000,201.0000,-86.0000,-673.0000,0.6189,0.7458,0.2255,0.0990,143.8600,-51.4600,-100.4400,8.3700,-7.2800,2.5800,0.0000,0.0000,-0.0000,1500.0000,1498.0000,1500.0000,1465.0000
168409.2740,3.0000,1434.0000,1489.0000,1511.0000,0.0000,8.0000,-34.0000,162.0000,-98.0000,-690.0000,0.6184,0.7452,0.2303,0.0958,143.8600,-51.4600,-100.4400,8.3700,-7.2800,2.5800,0.0000,0.0000,-0.0000,1500.0000,1500.0000,1500.0000,1465.0000
168425.9660,3.0000,1434.0000,1488.0000,1508.0000,-2.0000,6.0000,-34.0000,213.0000,-148.0000,-641.0000,0.6181,0.7444,0.2351,0.0928,144.0500,-51.6000,-100.4100,8.4500,-7.3000,2.7500,0.0000,0.0000,-0.0000,1500.0000,1500.0000,1500.0000,1465.0000
168442.7220,3.0000,1434.0000,1488.0000,1508.0000,-2.0000,7.0000,-33.0000,189.0000,-117.0000,-600.0000,0.6177,0.7436,0.2398,0.0897,144.2400,-51.7400,-100.3800,8.5400,-7.3100,2.9300,0.0000,0.0000,-0.0000,1500.0000,1500.0000,1500.0000,1465.0000
168459.2930,3.0000,1435.0000,1487.0000,1509.0000,-2.0000,7.0000,-32.0000,150.0000,-73.0000,-607.0000,0.6176,0.7425,0.2443,0.0868,144.4400,-51.8800,-100.3400,8.6200,-7.3200,3.1100,0.0000,0.0000,-0.0000,1500.0000,1498.0000,1500.0000,1466.0000
168475.7950,3.0000,1433.0000,1488.0000,1510.0000,-1.0000,7.0000,-32.0000,171.0000,-40.0000,-654.0000,0.6172,0.7417,0.2489,0.0840,144.6400,-52.0300,-100.3000,8.7200,-7.3600,3.2900,0.0000,0.0000,-0.0000,1500.0000,1500.0000,1500.0000,1464.0000
168492.4160,3.0000,1433.0000,1490.0000,1510.0000,1.0000,6.0000,-32.0000,162.0000,-92.0000,-683.0000,0.6166,0.7409,0.2534,0.0811,144.8500,-52.1700,-100.2500,8.8000,-7.3900,3.4700,0.0000,0.0000,-0.0000,1500.0000,1500.0000,1500.0000,1464.0000
168508.9080,3.0000,1434.0000,1489.0000,1511.0000,1.0000,7.0000,-32.0000,207.0000,-110.0000,-685.0000,0.6158,0.7404,0.2579,0.0782,144.8500,-52.1700,-100.2500,8.8000,-7.3900,3.4700,0.0000,0.0000,-0.0000,1500.0000,1500.0000,1500.0000,1465.0000
168525.4700,3.0000,1435.0000,1490.0000,1510.0000,3.0000,5.0000,-32.0000,212.0000,-137.0000,-635.0000,0.6149,0.7399,0.2623,0.0751,145.0500,-52.3100,-100.2000,8.8800,-7.4200,3.6400,0.0000,0.0000,-0.0000,1500.0000,1500.0000,1500.0000,1466.0000
168542.2260,3.0000,1434.0000,1489.0000,1511.0000,1.0000,6.0000,-32.0000,145.0000,-56.0000,-592.0000,0.6140,0.7394,0.2667,0.0720,145.2600,-52.4500,-100.1500,8.9700,-7.4500,3.8200,0.0000,0.0000,-0.0000,1500.0000,1498.0000,1500.0000,1465.0000
168559.0350,3.0000,1434.0000,1487.0000,1509.0000,-2.0000,6.0000,-32.0000,148.0000,-31.0000,-493.0000,0.6135,0.7385,0.2711,0.0689,145.4800,-52.6100,-100.0900,9.0900,-7.4800,3.9900,0.0000,0.0000,-0.0000,1500.0000,1500.0000,1500.0000,1465.0000
168575.6100,3.0000,1433.0000,1487.0000,1509.0000,-3.0000,5.0000,-33.0000,203.0000,-84.0000,-415.0000,0.6138,0.7370,0.2753,0.0659,145.7000,-52.7500,-100.0300,9.2100,-7.5000,4.1700,0.0000,0.0000,-0.0000,1500.0000,1498.0000,1500.0000,1464.0000
168592.1340,3.0000,1433.0000,1487.0000,1509.0000,-2.0000,6.0000,-33.0000,89.0000,-129.0000,-449.0000,0.6135,0.7359,0.2796,0.0628,145.7000,-52.7500,-100.0300,9.2100,-7.5000,4.1700,0.0000,0.0000,-0.0000,1500.0000,1500.0000,1500.0000,1464.0000
168608.6930,3.0000,1433.0000,1487.0000,1509.0000,-3.0000,6.0000,-33.0000,99.0000,-53.0000,-482.0000,0.6132,0.7346,0.2841,0.0599,145.9200,-52.9000,-99.9700,9.3100,-7.5200,4.3600,0.0000,0.0000,-0.0000,1500.0000,1500.0000,1500.0000,1465.0000
168625.4700,3.0000,1434.0000,1485.0000,1509.0000,-4.0000,8.0000,-33.0000,147.0000,-59.0000,-532.0000,0.6129,0.7334,0.2886,0.0570,146.1300,-53.0400,-99.9000,9.4100,-7.5300,4.5400,0.0000,0.0000,-0.0000,1500.0000,1498.0000,1500.0000,1465.0000
168642.2450,3.0000,1434.0000,1485.0000,1509.0000,-4.0000,8.0000,-33.0000,137.0000,-113.0000,-586.0000,0.6126,0.7320,0.2931,0.0542,146.3500,-53.1900,-99.8300,9.5000,-7.5400,4.7200,0.0000,0.0000,-0.0000,1500.0000,1498.0000,1500.0000,1465.0000
168659.0560,3.0000,1434.0000,1483.0000,1509.0000,-5.0000,8.0000,-33.0000,109.0000,-57.0000,-663.0000,0.6126,0.7305,0.2974,0.0514,146.5800,-53.3400,-99.7500,9.6200,-7.5700,4.9000,0.0000,0.0000,-0.0000,1500.0000,1500.0000,1500.0000,1466.0000
168675.4680,3.0000,1435.0000,1486.0000,1510.0000,-2.0000,7.0000,-32.0000,131.0000,-63.0000,-646.0000,0.6126,0.7290,0.3016,0.0487,146.8100,-53.4800,-99.6700,9.7300,-7.6000,5.0600,0.0000,0.0000,-0.0000,1500.0000,1500.0000,1500.0000,1466.0000
168692.0330,3.0000,1434.0000,1486.0000,1512.0000,-1.0000,7.0000,-33.0000,82.0000,-33.0000,-659.0000,0.6119,0.7280,0.3059,0.0459,146.8100,-53.4800,-99.6700,9.7300,-7.6000,5.0600,0.0000,0.0000,-0.0000,1500.0000,1500.0000,1500.0000,1465.0000
168708.6050,3.0000,1434.0000,1486.0000,1512.0000,0.0000,7.0000,-33.0000,88.0000,-12.0000,-677.0000,0.6111,0.7269,0.3102,0.0430,147.0400,-53.6300,-99.5900,9.8300,-7.6200,5.2300,0.0000,0.0000,-0.0000,1500.0000,1500.0000,1500.0000,1465.0000
168725.1480,3.0000,1434.0000,1487.0000,1511.0000,-1.0000,6.0000,-34.0000,90.0000,-2.0000,-588.0000,0.6104,0.7258,0.3145,0.0401,147.2700,-53.7700,-99.5000,9.9200,-7.6300,5.4000,0.0000,0.0000,-0.0000,1500.0000,1500.0000,1500.0000,1465.0000
168741.8820,3.0000,1434.0000,1484.0000,1510.0000,-4.0000,8.0000,-35.0000,118.0000,-30.0000,-541.0000,0.6099,0.7245,0.3190,0.0370,147.4900,-53.9200,-99.4200,10.0100,-7.6500,5.5600,0.0000,0.0000,-0.0000,1500.0000,1498.0000,1500.0000,1465.0000
168758.4810,3.0000,1435.0000,1482.0000,1510.0000,-5.0000,8.0000,-35.0000,147.0000,-9.0000,-544.0000,0.6094,0.7229,0.3237,0.0343,147.7400,-54.0700,-99.3200,10.0800,-7.6800,5.7400,0.0000,0.0000,-0.0000,1500.0000,1500.0000,1500.0000,1466.0000
168774.9870,3.0000,1434.0000,1483.0000,1509.0000,-6.0000,6.0000,-35.0000,77.0000,-95.0000,-580.0000,0.6091,0.7214,0.3281,0.0314,147.9700,-54.2200,-99.2200,10.1400,-7.7100,5.9000,0.0000,0.0000,-0.0000,1500.0000,1500.0000,1500.0000,1465.0000
168791.5660,3.0000,1435.0000,1480.0000,1508.0000,-9.0000,8.0000,-34.0000,12.0000,-99.0000,-646.0000,0.6089,0.7195,0.3327,0.0288,147.9700,-54.2200,-99.2200,10.1400,-7.7100,5.9000,0.0000,0.0000,-0.0000,1500.0000,1498.0000,1500.0000,1466.0000
168808.1770,3.0000,1434.0000,1478.0000,1506.0000,-12.0000,8.0000,-34.0000,-77.0000,-97.0000,-745.0000,0.6091,0.7174,0.3371,0.0263,148.2100,-54.3600,-99.1300,10.1900,-7.7400,6.0700,0.0000,0.0000,-0.0000,1500.0000,1498.0000,1500.0000,1465.0000
168824.8060,3.0000,1433.0000,1477.0000,1505.0000,-14.0000,8.0000,-33.0000,-54.0000,-129.0000,-764.0000,0.6096,0.7150,0.3414,0.0242,148.4400,-54.5100,-99.0200,10.2100,-7.7700,6.2400,0.0000,0.0000,-0.0000,1500.0000,1500.0000,1500.0000,1464.0000
168841.4110,3.0000,1433.0000,1481.0000,1507.0000,-9.0000,5.0000,-32.0000,8.0000,-168.0000,-763.0000,0.6097,0.7130,0.3456,0.0217,148.6700,-54.6600,-98.9200,10.2400,-7.8000,6.4000,0.0000,0.0000,-0.0000,1500.0000,1498.0000,1500.0000,1465.0000
168857.9520,3.0000,1434.0000,1484.0000,1510.0000,-4.0000,6.0000,-31.0000,29.0000,-87.0000,-816.0000,0.6095,0.7114,0.3495,0.0191,148.9100,-54.8100,-98.8100,10.2700,-7.8500,6.5700,0.0000,0.0000,-0.0000,1500.0000,1500.0000,1500.0000,1465.0000
168874.4780,3.0000,1434.0000,1486.0000,1514.0000,1.0000,6.0000,-30.0000,45.0000,-75.0000,-858.0000,0.6086,0.7103,0.3533,0.0164,148.9100,-54.8100,-98.8100,10.2700,-7.8500,6.5700,0.0000,0.0000,-0.0000,1500.0000,1500.0000,1500.0000,1465.0000
