Starting: "prj_run Synthesis -impl threeN1"


************************************************************
**  Synplify Pro                                          **
************************************************************

synpwrap -msg -prj "threeN1_threeN1_synplify.tcl" -log "threeN1_threeN1.srf"
Copyright (C) 1992-2024 Lattice Semiconductor Corporation. All rights reserved.
Lattice Diamond Version 3.14.0.75.2
INFO - Synplify synthesis engine is launched.

==contents of threeN1_threeN1.srf
#Build: Synplify Pro (R) V-2023.09L-2, Build 349R, Sep 17 2024
#install: C:\lscc\diamond\3.14\synpbase
#OS: Windows 10 or later
#Hostname: GREGDELL

# Tue Jun 23 08:34:16 2026

#Implementation: threeN1


Copyright (C) 1994-2023 Synopsys, Inc.
This Synopsys software and all associated documentation are proprietary to Synopsys, Inc.
and may only be used pursuant to the terms and conditions of a written license agreement
with Synopsys, Inc. All other use, reproduction, modification, or distribution of the
Synopsys software or the associated documentation is strictly prohibited.
Tool: Synplify Pro (R)
Build: V-2023.09L-2
Install: C:\lscc\diamond\3.14\synpbase
OS: Windows 10 or later
Hostname: GREGDELL

Implementation : threeN1
Synopsys HDL Compiler, Version comp202309synp1, Build 349R, Built Sep 17 2024 08:16:26, @

@N|Running in 64-bit mode
###########################################################[

Copyright (C) 1994-2023 Synopsys, Inc.
This Synopsys software and all associated documentation are proprietary to Synopsys, Inc.
and may only be used pursuant to the terms and conditions of a written license agreement
with Synopsys, Inc. All other use, reproduction, modification, or distribution of the
Synopsys software or the associated documentation is strictly prohibited.
Tool: Synplify Pro (R)
Build: V-2023.09L-2
Install: C:\lscc\diamond\3.14\synpbase
OS: Windows 10 or later
Hostname: GREGDELL

Implementation : threeN1
Synopsys VHDL Compiler, Version comp202309synp1, Build 349R, Built Sep 17 2024 08:16:26, @

@N|Running in 64-bit mode
@N:Can't find top module!
Top entity isn't set yet!
@N: CD140 :	| Using the VHDL 1993 Standard for file 'C:\Users\gcmcn\OneDrive\Documents\FPGA\threeN1\source\typepackage.vhd'.
VHDL syntax check successful!
File C:\Users\gcmcn\OneDrive\Documents\FPGA\threeN1\source\typepackage.vhd changed - recompiling

At c_vhdl Exit (Real Time elapsed 0h:00m:00s; CPU Time elapsed 0h:00m:00s; Memory used current: 88MB peak: 89MB)


Process completed successfully.
# Tue Jun 23 08:34:16 2026

###########################################################]
###########################################################[

Copyright (C) 1994-2023 Synopsys, Inc.
This Synopsys software and all associated documentation are proprietary to Synopsys, Inc.
and may only be used pursuant to the terms and conditions of a written license agreement
with Synopsys, Inc. All other use, reproduction, modification, or distribution of the
Synopsys software or the associated documentation is strictly prohibited.
Tool: Synplify Pro (R)
Build: V-2023.09L-2
Install: C:\lscc\diamond\3.14\synpbase
OS: Windows 10 or later
Hostname: GREGDELL

Implementation : threeN1
Synopsys Verilog Compiler, Version comp202309synp1, Build 349R, Built Sep 17 2024 08:16:26, @

@N|Running in 64-bit mode
@I::"C:\lscc\diamond\3.14\synpbase\lib\lucent\machxo2.v" (library work)
@I::"C:\lscc\diamond\3.14\synpbase\lib\lucent\pmi_def.v" (library work)
@I::"C:\lscc\diamond\3.14\synpbase\lib\vlog\hypermods.v" (library __hyper__lib__)
@I::"C:\Users\gcmcn\OneDrive\Documents\FPGA\threeN1\source\topcount.v" (library work)
@I::"C:\Users\gcmcn\OneDrive\Documents\FPGA\threeN1\source\fast_pll.v" (library work)
@I::"C:\Users\gcmcn\OneDrive\Documents\FPGA\threeN1\source\seven_segment.v" (library work)
@I::"C:\Users\gcmcn\OneDrive\Documents\FPGA\threeN1\source\threeN1.v" (library work)
@I::"C:\Users\gcmcn\OneDrive\Documents\FPGA\threeN1\source\counter.v" (library work)
@I::"C:\Users\gcmcn\OneDrive\Documents\FPGA\threeN1\source\cycle_counter.v" (library work)
Verilog syntax check successful!

At c_ver Exit (Real Time elapsed 0h:00m:00s; CPU Time elapsed 0h:00m:00s; Memory used current: 90MB peak: 90MB)


Process completed successfully.
# Tue Jun 23 08:34:16 2026

###########################################################]
###########################################################[
@I::"C:\lscc\diamond\3.14\synpbase\lib\lucent\machxo2.v" (library work)
@I::"C:\lscc\diamond\3.14\synpbase\lib\lucent\pmi_def.v" (library work)
@I::"C:\lscc\diamond\3.14\synpbase\lib\vlog\hypermods.v" (library __hyper__lib__)
@I::"C:\Users\gcmcn\OneDrive\Documents\FPGA\threeN1\source\topcount.v" (library work)
@I::"C:\Users\gcmcn\OneDrive\Documents\FPGA\threeN1\source\fast_pll.v" (library work)
@I::"C:\Users\gcmcn\OneDrive\Documents\FPGA\threeN1\source\seven_segment.v" (library work)
@I::"C:\Users\gcmcn\OneDrive\Documents\FPGA\threeN1\source\threeN1.v" (library work)
@I::"C:\Users\gcmcn\OneDrive\Documents\FPGA\threeN1\source\counter.v" (library work)
@I::"C:\Users\gcmcn\OneDrive\Documents\FPGA\threeN1\source\cycle_counter.v" (library work)
Verilog syntax check successful!
File C:\Users\gcmcn\OneDrive\Documents\FPGA\threeN1\synwork\_verilog_hintfile changed - recompiling
File C:\Users\gcmcn\OneDrive\Documents\FPGA\threeN1\source\seven_segment.v changed - recompiling
File C:\Users\gcmcn\OneDrive\Documents\FPGA\threeN1\source\threeN1.v changed - recompiling
@N: CG364 :"C:\lscc\diamond\3.14\synpbase\lib\lucent\machxo2.v":494:7:494:9|Synthesizing module GSR in library work.
Running optimization stage 1 on GSR .......
Finished optimization stage 1 on GSR (CPU Time 0h:00m:00s, Memory Used current: 92MB peak: 93MB)
@N: CG364 :"C:\lscc\diamond\3.14\synpbase\lib\lucent\machxo2.v":1032:7:1032:9|Synthesizing module PUR in library work.
Running optimization stage 1 on PUR .......
Finished optimization stage 1 on PUR (CPU Time 0h:00m:00s, Memory Used current: 92MB peak: 93MB)
@N: CG364 :"C:\lscc\diamond\3.14\synpbase\lib\lucent\machxo2.v":1124:7:1124:9|Synthesizing module VLO in library work.
Running optimization stage 1 on VLO .......
Finished optimization stage 1 on VLO (CPU Time 0h:00m:00s, Memory Used current: 92MB peak: 93MB)
@N: CG364 :"C:\lscc\diamond\3.14\synpbase\lib\lucent\machxo2.v":1730:7:1730:13|Synthesizing module EHXPLLJ in library work.
Running optimization stage 1 on EHXPLLJ .......
Finished optimization stage 1 on EHXPLLJ (CPU Time 0h:00m:00s, Memory Used current: 92MB peak: 93MB)
@N: CG364 :"C:\Users\gcmcn\OneDrive\Documents\FPGA\threeN1\source\fast_pll.v":8:7:8:14|Synthesizing module fast_pll in library work.
Running optimization stage 1 on fast_pll .......
Finished optimization stage 1 on fast_pll (CPU Time 0h:00m:00s, Memory Used current: 92MB peak: 93MB)
@N: CG364 :"C:\lscc\diamond\3.14\synpbase\lib\lucent\machxo2.v":187:7:187:13|Synthesizing module FD1P3DX in library work.
Running optimization stage 1 on FD1P3DX .......
Finished optimization stage 1 on FD1P3DX (CPU Time 0h:00m:00s, Memory Used current: 92MB peak: 93MB)
@N: CG364 :"C:\lscc\diamond\3.14\synpbase\lib\lucent\machxo2.v":1120:7:1120:9|Synthesizing module VHI in library work.
Running optimization stage 1 on VHI .......
Finished optimization stage 1 on VHI (CPU Time 0h:00m:00s, Memory Used current: 92MB peak: 93MB)
@N: CG364 :"C:\lscc\diamond\3.14\synpbase\lib\lucent\machxo2.v":138:7:138:12|Synthesizing module FADD2B in library work.
Running optimization stage 1 on FADD2B .......
Finished optimization stage 1 on FADD2B (CPU Time 0h:00m:00s, Memory Used current: 92MB peak: 93MB)
@N: CG364 :"C:\lscc\diamond\3.14\synpbase\lib\lucent\machxo2.v":129:7:129:9|Synthesizing module CU2 in library work.
Running optimization stage 1 on CU2 .......
Finished optimization stage 1 on CU2 (CPU Time 0h:00m:00s, Memory Used current: 92MB peak: 93MB)
@N: CG364 :"C:\Users\gcmcn\OneDrive\Documents\FPGA\threeN1\source\counter.v":8:7:8:13|Synthesizing module counter in library work.
Running optimization stage 1 on counter .......
Finished optimization stage 1 on counter (CPU Time 0h:00m:00s, Memory Used current: 92MB peak: 93MB)
@N: CG364 :"C:\Users\gcmcn\OneDrive\Documents\FPGA\threeN1\source\threeN1.v":1:7:1:13|Synthesizing module threeN1 in library work.
WARNING - CG505 :"C:\Users\gcmcn\OneDrive\Documents\FPGA\threeN1\source\threeN1.v":33:16:33:21|Ignoring system task $error. Supported only within an assertion
Running optimization stage 1 on threeN1 .......
Finished optimization stage 1 on threeN1 (CPU Time 0h:00m:00s, Memory Used current: 93MB peak: 94MB)
@N: CG364 :"C:\Users\gcmcn\OneDrive\Documents\FPGA\threeN1\source\seven_segment.v":1:7:1:19|Synthesizing module seven_segment in library work.
Running optimization stage 1 on seven_segment .......
Finished optimization stage 1 on seven_segment (CPU Time 0h:00m:00s, Memory Used current: 93MB peak: 94MB)
@N: CG364 :"C:\Users\gcmcn\OneDrive\Documents\FPGA\threeN1\source\topcount.v":4:7:4:14|Synthesizing module topcount in library work.
WARNING - CG532 :"C:\Users\gcmcn\OneDrive\Documents\FPGA\threeN1\source\topcount.v":52:1:52:7|Within an initial block, only Verilog force statements and memory initialization statements and initialization of entire variable are recognized, and all other content is ignored. Simulation mismatch may occur
@N: CG793 :"C:\Users\gcmcn\OneDrive\Documents\FPGA\threeN1\source\topcount.v":82:4:82:11|Ignoring system task $display
@N: CG512 :"C:\Users\gcmcn\OneDrive\Documents\FPGA\threeN1\source\topcount.v":83:4:83:10|System task $finish is not supported yet
@N: CG793 :"C:\Users\gcmcn\OneDrive\Documents\FPGA\threeN1\source\topcount.v":85:4:85:11|Ignoring system task $display
@N: CG512 :"C:\Users\gcmcn\OneDrive\Documents\FPGA\threeN1\source\topcount.v":86:4:86:8|System task $stop is not supported yet
Running optimization stage 1 on topcount .......
WARNING - CL169 :"C:\Users\gcmcn\OneDrive\Documents\FPGA\threeN1\source\topcount.v":67:1:67:6|Pruning unused register threeN1_enable. Make sure that there are no unused intermediate registers.
WARNING - CL169 :"C:\Users\gcmcn\OneDrive\Documents\FPGA\threeN1\source\topcount.v":67:1:67:6|Pruning unused register done_flag. Make sure that there are no unused intermediate registers.
Finished optimization stage 1 on topcount (CPU Time 0h:00m:00s, Memory Used current: 93MB peak: 94MB)
Running optimization stage 2 on topcount .......
Finished optimization stage 2 on topcount (CPU Time 0h:00m:00s, Memory Used current: 94MB peak: 95MB)
Running optimization stage 2 on seven_segment .......
Finished optimization stage 2 on seven_segment (CPU Time 0h:00m:00s, Memory Used current: 94MB peak: 95MB)
Running optimization stage 2 on threeN1 .......
Finished optimization stage 2 on threeN1 (CPU Time 0h:00m:00s, Memory Used current: 95MB peak: 96MB)
Running optimization stage 2 on counter .......
Finished optimization stage 2 on counter (CPU Time 0h:00m:00s, Memory Used current: 95MB peak: 96MB)
Running optimization stage 2 on CU2 .......
Finished optimization stage 2 on CU2 (CPU Time 0h:00m:00s, Memory Used current: 95MB peak: 96MB)
Running optimization stage 2 on FADD2B .......
Finished optimization stage 2 on FADD2B (CPU Time 0h:00m:00s, Memory Used current: 95MB peak: 96MB)
Running optimization stage 2 on VHI .......
Finished optimization stage 2 on VHI (CPU Time 0h:00m:00s, Memory Used current: 95MB peak: 96MB)
Running optimization stage 2 on FD1P3DX .......
Finished optimization stage 2 on FD1P3DX (CPU Time 0h:00m:00s, Memory Used current: 95MB peak: 96MB)
Running optimization stage 2 on fast_pll .......
Finished optimization stage 2 on fast_pll (CPU Time 0h:00m:00s, Memory Used current: 95MB peak: 96MB)
Running optimization stage 2 on EHXPLLJ .......
Finished optimization stage 2 on EHXPLLJ (CPU Time 0h:00m:00s, Memory Used current: 95MB peak: 96MB)
Running optimization stage 2 on VLO .......
Finished optimization stage 2 on VLO (CPU Time 0h:00m:00s, Memory Used current: 95MB peak: 96MB)
Running optimization stage 2 on PUR .......
Finished optimization stage 2 on PUR (CPU Time 0h:00m:00s, Memory Used current: 95MB peak: 96MB)
Running optimization stage 2 on GSR .......
Finished optimization stage 2 on GSR (CPU Time 0h:00m:00s, Memory Used current: 95MB peak: 96MB)

For a summary of runtime per design unit, please see file:
==========================================================
@L: C:\Users\gcmcn\OneDrive\Documents\FPGA\threeN1\synwork\layer0.duruntime



At c_ver Exit (Real Time elapsed 0h:00m:03s; CPU Time elapsed 0h:00m:03s; Memory used current: 95MB peak: 96MB)


Process completed successfully.
# Tue Jun 23 08:34:19 2026

###########################################################]
###########################################################[

Copyright (C) 1994-2023 Synopsys, Inc.
This Synopsys software and all associated documentation are proprietary to Synopsys, Inc.
and may only be used pursuant to the terms and conditions of a written license agreement
with Synopsys, Inc. All other use, reproduction, modification, or distribution of the
Synopsys software or the associated documentation is strictly prohibited.
Tool: Synplify Pro (R)
Build: V-2023.09L-2
Install: C:\lscc\diamond\3.14\synpbase
OS: Windows 10 or later
Hostname: GREGDELL

Implementation : threeN1
Synopsys Synopsys Netlist Linker, Version comp202309synp1, Build 349R, Built Sep 17 2024 08:16:26, @

@N|Running in 64-bit mode
File C:\Users\gcmcn\OneDrive\Documents\FPGA\threeN1\synwork\layer0.srs changed - recompiling

At syn_nfilter Exit (Real Time elapsed 0h:00m:00s; CPU Time elapsed 0h:00m:00s; Memory used current: 92MB peak: 93MB)

Process took 0h:00m:01s realtime, 0h:00m:01s cputime

Process completed successfully.
# Tue Jun 23 08:34:20 2026

###########################################################]

For a summary of runtime and memory usage for all design units, please see file:
==========================================================
@L: C:\Users\gcmcn\OneDrive\Documents\FPGA\threeN1\synwork\threeN1_threeN1_comp.rt.csv

@END

At c_hdl Exit (Real Time elapsed 0h:00m:03s; CPU Time elapsed 0h:00m:03s; Memory used current: 24MB peak: 25MB)

Process took 0h:00m:03s realtime, 0h:00m:03s cputime

Process completed successfully.
# Tue Jun 23 08:34:20 2026

###########################################################]
###########################################################[

Copyright (C) 1994-2023 Synopsys, Inc.
This Synopsys software and all associated documentation are proprietary to Synopsys, Inc.
and may only be used pursuant to the terms and conditions of a written license agreement
with Synopsys, Inc. All other use, reproduction, modification, or distribution of the
Synopsys software or the associated documentation is strictly prohibited.
Tool: Synplify Pro (R)
Build: V-2023.09L-2
Install: C:\lscc\diamond\3.14\synpbase
OS: Windows 10 or later
Hostname: GREGDELL

Implementation : threeN1
Synopsys Synopsys Netlist Linker, Version comp202309synp1, Build 349R, Built Sep 17 2024 08:16:26, @

@N|Running in 64-bit mode
File C:\Users\gcmcn\OneDrive\Documents\FPGA\threeN1\synwork\threeN1_threeN1_comp.srs changed - recompiling

At syn_nfilter Exit (Real Time elapsed 0h:00m:00s; CPU Time elapsed 0h:00m:00s; Memory used current: 92MB peak: 93MB)

Process took 0h:00m:01s realtime, 0h:00m:01s cputime

Process completed successfully.
# Tue Jun 23 08:34:21 2026

###########################################################]
# Tue Jun 23 08:34:21 2026


Copyright (C) 1994-2023 Synopsys, Inc.
This Synopsys software and all associated documentation are proprietary to Synopsys, Inc.
and may only be used pursuant to the terms and conditions of a written license agreement
with Synopsys, Inc. All other use, reproduction, modification, or distribution of the
Synopsys software or the associated documentation is strictly prohibited.
Tool: Synplify Pro (R)
Build: V-2023.09L-2
Install: C:\lscc\diamond\3.14\synpbase
OS: Windows 10 or later
Hostname: GREGDELL

Implementation : threeN1
Synopsys Lattice Technology Pre-mapping, Version map202309lat, Build 191R, Built Sep 17 2024 10:38:50, @


Mapper Startup Complete (Real Time elapsed 0h:00m:00s; CPU Time elapsed 0h:00m:00s; Memory used current: 184MB peak: 184MB)


Done reading skeleton netlist (Real Time elapsed 0h:00m:00s; CPU Time elapsed 0h:00m:00s; Memory used current: 187MB peak: 199MB)

@A: MF827 |No constraint file specified.
@L: C:\Users\gcmcn\OneDrive\Documents\FPGA\threeN1\threeN1_threeN1_scck.rpt 
See clock summary report "C:\Users\gcmcn\OneDrive\Documents\FPGA\threeN1\threeN1_threeN1_scck.rpt"
@N: MF916 |Option synthesis_strategy=base is enabled. 
@N: MF248 |Running in 64-bit mode.
@N: MF666 |Clock conversion enabled. (Command "set_option -fix_gated_and_generated_clocks 1" in the project file.)

Design Input Complete (Real Time elapsed 0h:00m:00s; CPU Time elapsed 0h:00m:00s; Memory used current: 191MB peak: 199MB)


Mapper Initialization Complete (Real Time elapsed 0h:00m:00s; CPU Time elapsed 0h:00m:00s; Memory used current: 191MB peak: 199MB)


Start loading timing files (Real Time elapsed 0h:00m:00s; CPU Time elapsed 0h:00m:00s; Memory used current: 204MB peak: 204MB)


Finished loading timing files (Real Time elapsed 0h:00m:00s; CPU Time elapsed 0h:00m:00s; Memory used current: 205MB peak: 206MB)

NConnInternalConnection caching is on
@N: FX493 |Applying initial value "0" on instance clk_en_reg.
WARNING - FX474 |User-specified initial value defined for some sequential elements which can prevent optimum synthesis results from being achieved.
@N: FX493 |Applying initial value "00000000000000000000000000011011" on instance next_val_reg[31:0].

Starting HSTDM IP insertion (Real Time elapsed 0h:00m:00s; CPU Time elapsed 0h:00m:00s; Memory used current: 256MB peak: 256MB)


Finished HSTDM IP insertion (Real Time elapsed 0h:00m:00s; CPU Time elapsed 0h:00m:00s; Memory used current: 256MB peak: 257MB)


Started DisTri Cleanup (Real Time elapsed 0h:00m:00s; CPU Time elapsed 0h:00m:00s; Memory used current: 256MB peak: 257MB)


Finished DisTri Cleanup (Real Time elapsed 0h:00m:01s; CPU Time elapsed 0h:00m:01s; Memory used current: 256MB peak: 257MB)

@N: BN362 :"c:\users\gcmcn\onedrive\documents\fpga\threen1\source\counter.v":138:12:138:15|Removing sequential instance FF_7 (in view: work.counter(verilog)) of type view:LUCENT.FD1P3DX(PRIM) because it does not drive other instances.
@N: BN362 :"c:\users\gcmcn\onedrive\documents\fpga\threen1\source\counter.v":141:12:141:15|Removing sequential instance FF_6 (in view: work.counter(verilog)) of type view:LUCENT.FD1P3DX(PRIM) because it does not drive other instances.
@N: BN362 :"c:\users\gcmcn\onedrive\documents\fpga\threen1\source\counter.v":144:12:144:15|Removing sequential instance FF_5 (in view: work.counter(verilog)) of type view:LUCENT.FD1P3DX(PRIM) because it does not drive other instances.
@N: BN362 :"c:\users\gcmcn\onedrive\documents\fpga\threen1\source\counter.v":147:12:147:15|Removing sequential instance FF_4 (in view: work.counter(verilog)) of type view:LUCENT.FD1P3DX(PRIM) because it does not drive other instances.
@N: BN362 :"c:\users\gcmcn\onedrive\documents\fpga\threen1\source\counter.v":150:12:150:15|Removing sequential instance FF_3 (in view: work.counter(verilog)) of type view:LUCENT.FD1P3DX(PRIM) because it does not drive other instances.
@N: BN362 :"c:\users\gcmcn\onedrive\documents\fpga\threen1\source\counter.v":153:12:153:15|Removing sequential instance FF_2 (in view: work.counter(verilog)) of type view:LUCENT.FD1P3DX(PRIM) because it does not drive other instances.
@N: BN362 :"c:\users\gcmcn\onedrive\documents\fpga\threen1\source\counter.v":156:12:156:15|Removing sequential instance FF_1 (in view: work.counter(verilog)) of type view:LUCENT.FD1P3DX(PRIM) because it does not drive other instances.
@N: BN362 :"c:\users\gcmcn\onedrive\documents\fpga\threen1\source\counter.v":159:12:159:15|Removing sequential instance FF_0 (in view: work.counter(verilog)) of type view:LUCENT.FD1P3DX(PRIM) because it does not drive other instances.

Starting clock optimization phase (Real Time elapsed 0h:00m:01s; CPU Time elapsed 0h:00m:01s; Memory used current: 258MB peak: 258MB)


mixed edge conversion for GCC is OFF
WARNING - BZ204 :"c:\users\gcmcn\onedrive\documents\fpga\threen1\source\fast_pll.v":64:12:64:20|GCC unable to propagate clocks through gate fast_pll_inst.PLLInst_0; all outputs will be treated as enables regardless of whether any inputs are clocks

Finished clock optimization phase (Real Time elapsed 0h:00m:01s; CPU Time elapsed 0h:00m:01s; Memory used current: 258MB peak: 258MB)


Starting clock optimization report phase (Real Time elapsed 0h:00m:01s; CPU Time elapsed 0h:00m:01s; Memory used current: 258MB peak: 259MB)


Finished clock optimization report phase (Real Time elapsed 0h:00m:01s; CPU Time elapsed 0h:00m:01s; Memory used current: 258MB peak: 259MB)

@N: FX1184 |Applying syn_allowed_resources blockrams=10 on top level netlist topcount 

Finished netlist restructuring (Real Time elapsed 0h:00m:01s; CPU Time elapsed 0h:00m:01s; Memory used current: 258MB peak: 259MB)



Clock Summary
******************

          Start                             Requested     Requested     Clock        Clock               Clock
Level     Clock                             Frequency     Period        Type         Group               Load 
--------------------------------------------------------------------------------------------------------------
0 -       System                            1.0 MHz       1000.000      system       system_clkgroup     0    
                                                                                                              
0 -       fast_pll|CLKOP_inferred_clock     173.9 MHz     5.749         inferred     (multiple)          71   
                                                                                                              
0 -       topcount|clk                      1.0 MHz       1000.000      inferred     (multiple)          1    
==============================================================================================================



Clock Load Summary
***********************

                                  Clock     Source                                     Clock Pin                Non-clock Pin     Non-clock Pin
Clock                             Load      Pin                                        Seq Example              Seq Example       Comb Example 
-----------------------------------------------------------------------------------------------------------------------------------------------
System                            0         -                                          -                        -                 -            
                                                                                                                                               
fast_pll|CLKOP_inferred_clock     71        fast_pll_inst.PLLInst_0.CLKOP(EHXPLLJ)     collatz_count[7:0].C     -                 -            
                                                                                                                                               
topcount|clk                      1         clk(port)                                  clk_en_reg.C             -                 -            
===============================================================================================================================================

WARNING - MT529 :"c:\users\gcmcn\onedrive\documents\fpga\threen1\source\counter.v":66:12:66:16|Found inferred clock fast_pll|CLKOP_inferred_clock which controls 71 sequential elements including counter_inst.FF_31. This clock has no specified timing constraint which may prevent conversion of gated or generated clocks and may adversely impact design performance.
WARNING - MT529 :"c:\users\gcmcn\onedrive\documents\fpga\threen1\source\topcount.v":63:4:63:9|Found inferred clock topcount|clk which controls 1 sequential elements including clk_en_reg. This clock has no specified timing constraint which may prevent conversion of gated or generated clocks and may adversely impact design performance.

ICG Latch Removal Summary:
Number of ICG latches removed: 0
Number of ICG latches not removed:	0


@S |Clock Optimization Summary



#### START OF PREMAP CLOCK OPTIMIZATION REPORT #####[

1 non-gated/non-generated clock tree(s) driving 1 clock pin(s) of sequential element(s)
1 gated/generated clock tree(s) driving 71 clock pin(s) of sequential element(s)
0 instances converted, 71 sequential instances remain driven by gated/generated clocks

=========================== Non-Gated/Non-Generated Clocks ============================
Clock Tree ID     Driving Element     Drive Element Type     Fanout     Sample Instance
---------------------------------------------------------------------------------------
@KP:ckid0_3       clk                 port                   1          clk_en_reg     
=======================================================================================
==================================================================== Gated/Generated Clocks =====================================================================
Clock Tree ID     Driving Element                   Drive Element Type     Unconverted Fanout     Sample Instance      Explanation                               
-----------------------------------------------------------------------------------------------------------------------------------------------------------------
@KP:ckid0_1       fast_pll_inst.PLLInst_0.CLKOP     EHXPLLJ                71                     next_val_reg[30]     Derived clock on input (not legal for GCC)
=================================================================================================================================================================


##### END OF CLOCK OPTIMIZATION REPORT ######


Summary of user generated gated clocks:
0 user generated gated/generated clock tree(s) driving 0 clock pin(s) of sequential element(s)

@N: FX1143 |Skipping assigning INTERNAL_VREF to iobanks, because the table of mapping from pin to iobank is not initialized.
Finished Pre Mapping Phase.

Starting constraint checker (Real Time elapsed 0h:00m:01s; CPU Time elapsed 0h:00m:01s; Memory used current: 259MB peak: 259MB)


Finished constraint checker preprocessing (Real Time elapsed 0h:00m:01s; CPU Time elapsed 0h:00m:01s; Memory used current: 259MB peak: 259MB)


Finished constraint checker (Real Time elapsed 0h:00m:01s; CPU Time elapsed 0h:00m:01s; Memory used current: 259MB peak: 259MB)

Pre-mapping successful!

At Mapper Exit (Real Time elapsed 0h:00m:02s; CPU Time elapsed 0h:00m:01s; Memory used current: 175MB peak: 261MB)

Process took 0h:00m:02s realtime, 0h:00m:02s cputime
# Tue Jun 23 08:34:23 2026

###########################################################]
# Tue Jun 23 08:34:24 2026


Copyright (C) 1994-2023 Synopsys, Inc.
This Synopsys software and all associated documentation are proprietary to Synopsys, Inc.
and may only be used pursuant to the terms and conditions of a written license agreement
with Synopsys, Inc. All other use, reproduction, modification, or distribution of the
Synopsys software or the associated documentation is strictly prohibited.
Tool: Synplify Pro (R)
Build: V-2023.09L-2
Install: C:\lscc\diamond\3.14\synpbase
OS: Windows 10 or later
Hostname: GREGDELL

Implementation : threeN1
Synopsys Lattice Technology Mapper, Version map202309lat, Build 191R, Built Sep 17 2024 10:38:50, @


Mapper Startup Complete (Real Time elapsed 0h:00m:00s; CPU Time elapsed 0h:00m:00s; Memory used current: 184MB peak: 184MB)

@N: MF916 |Option synthesis_strategy=base is enabled. 
@N: MF248 |Running in 64-bit mode.
@N: MF666 |Clock conversion enabled. (Command "set_option -fix_gated_and_generated_clocks 1" in the project file.)

Design Input Complete (Real Time elapsed 0h:00m:00s; CPU Time elapsed 0h:00m:00s; Memory used current: 185MB peak: 199MB)


Mapper Initialization Complete (Real Time elapsed 0h:00m:00s; CPU Time elapsed 0h:00m:00s; Memory used current: 185MB peak: 199MB)


Start loading timing files (Real Time elapsed 0h:00m:00s; CPU Time elapsed 0h:00m:00s; Memory used current: 200MB peak: 200MB)


Finished loading timing files (Real Time elapsed 0h:00m:00s; CPU Time elapsed 0h:00m:00s; Memory used current: 201MB peak: 203MB)



Starting Optimization and Mapping (Real Time elapsed 0h:00m:00s; CPU Time elapsed 0h:00m:00s; Memory used current: 254MB peak: 254MB)

@N: MT206 |Auto Constrain mode is enabled
@N: BZ173 :"c:\users\gcmcn\onedrive\documents\fpga\threen1\source\seven_segment.v":10:8:10:11|ROM ss2.segments_1[6:0] (in view: work.topcount(verilog)) mapped in logic.
@N: BZ173 :"c:\users\gcmcn\onedrive\documents\fpga\threen1\source\seven_segment.v":10:8:10:11|ROM ss1.segments_1[6:0] (in view: work.topcount(verilog)) mapped in logic.
@N: BZ173 :"c:\users\gcmcn\onedrive\documents\fpga\threen1\source\seven_segment.v":10:8:10:11|ROM ss2.segments_1[6:0] (in view: work.topcount(verilog)) mapped in logic.
@N: MO106 :"c:\users\gcmcn\onedrive\documents\fpga\threen1\source\seven_segment.v":10:8:10:11|Found ROM ss2.segments_1[6:0] (in view: work.topcount(verilog)) with 16 words by 7 bits.
@N: BZ173 :"c:\users\gcmcn\onedrive\documents\fpga\threen1\source\seven_segment.v":10:8:10:11|ROM ss1.segments_1[6:0] (in view: work.topcount(verilog)) mapped in logic.
@N: MO106 :"c:\users\gcmcn\onedrive\documents\fpga\threen1\source\seven_segment.v":10:8:10:11|Found ROM ss1.segments_1[6:0] (in view: work.topcount(verilog)) with 16 words by 7 bits.
WARNING - BN161 :"c:\users\gcmcn\onedrive\documents\fpga\threen1\source\topcount.v":4:7:4:14|Net clk_op has multiple drivers .
WARNING - BN161 :"c:\users\gcmcn\onedrive\documents\fpga\threen1\source\topcount.v":4:7:4:14|Net d1[3] has multiple drivers .
WARNING - BN161 :"c:\users\gcmcn\onedrive\documents\fpga\threen1\source\topcount.v":4:7:4:14|Net d1[4] has multiple drivers .
WARNING - BN161 :"c:\users\gcmcn\onedrive\documents\fpga\threen1\source\topcount.v":4:7:4:14|Net d1[5] has multiple drivers .
WARNING - BN161 :"c:\users\gcmcn\onedrive\documents\fpga\threen1\source\topcount.v":4:7:4:14|Net ss2.segments_1_6_0_.N_25_i has multiple drivers .
WARNING - BN161 :"c:\users\gcmcn\onedrive\documents\fpga\threen1\source\topcount.v":4:7:4:14|Net ss2.segments_1_6_0_.N_1_i has multiple drivers .
WARNING - BN161 :"c:\users\gcmcn\onedrive\documents\fpga\threen1\source\topcount.v":4:7:4:14|Net d2[3] has multiple drivers .
WARNING - BN161 :"c:\users\gcmcn\onedrive\documents\fpga\threen1\source\topcount.v":4:7:4:14|Net d2[4] has multiple drivers .
WARNING - BN161 :"c:\users\gcmcn\onedrive\documents\fpga\threen1\source\topcount.v":4:7:4:14|Net d2[5] has multiple drivers .
WARNING - BN161 :"c:\users\gcmcn\onedrive\documents\fpga\threen1\source\topcount.v":4:7:4:14|Net ss1.segments_1_6_0_.N_25_i has multiple drivers .
WARNING - BN161 :"c:\users\gcmcn\onedrive\documents\fpga\threen1\source\topcount.v":4:7:4:14|Net ss1.segments_1_6_0_.N_1_i has multiple drivers .

Finished RTL optimizations (Real Time elapsed 0h:00m:00s; CPU Time elapsed 0h:00m:00s; Memory used current: 259MB peak: 259MB)

@N: MO231 :"c:\users\gcmcn\onedrive\documents\fpga\threen1\source\topcount.v":67:1:67:6|Found counter in view:work.topcount(verilog) instance cycle_count[7:0] 
WARNING - FX474 |User-specified initial value defined for some sequential elements which can prevent optimum synthesis results from being achieved.
@N: FX493 |Applying initial value "0" on instance clk_en_reg.
WARNING - BN161 :"c:\users\gcmcn\onedrive\documents\fpga\threen1\source\topcount.v":4:7:4:14|Net N_173 has multiple drivers .
WARNING - BN161 :"c:\users\gcmcn\onedrive\documents\fpga\threen1\source\topcount.v":4:7:4:14|Net N_174 has multiple drivers .
WARNING - BN161 :"c:\users\gcmcn\onedrive\documents\fpga\threen1\source\topcount.v":4:7:4:14|Net N_175 has multiple drivers .
WARNING - BN161 :"c:\users\gcmcn\onedrive\documents\fpga\threen1\source\topcount.v":4:7:4:14|Net N_176 has multiple drivers .
WARNING - BN161 :"c:\users\gcmcn\onedrive\documents\fpga\threen1\source\topcount.v":4:7:4:14|Net N_177 has multiple drivers .
WARNING - BN161 :"c:\users\gcmcn\onedrive\documents\fpga\threen1\source\topcount.v":4:7:4:14|Net N_178 has multiple drivers .
WARNING - BN161 :"c:\users\gcmcn\onedrive\documents\fpga\threen1\source\topcount.v":4:7:4:14|Net N_179 has multiple drivers .
WARNING - BN161 :"c:\users\gcmcn\onedrive\documents\fpga\threen1\source\topcount.v":4:7:4:14|Net N_180 has multiple drivers .
WARNING - BN161 :"c:\users\gcmcn\onedrive\documents\fpga\threen1\source\topcount.v":4:7:4:14|Net N_181 has multiple drivers .
WARNING - BN161 :"c:\users\gcmcn\onedrive\documents\fpga\threen1\source\topcount.v":4:7:4:14|Net N_182 has multiple drivers .
WARNING - BN161 :"c:\users\gcmcn\onedrive\documents\fpga\threen1\source\topcount.v":4:7:4:14|Net N_183 has multiple drivers .
WARNING - BN161 :"c:\users\gcmcn\onedrive\documents\fpga\threen1\source\topcount.v":4:7:4:14|Net N_184 has multiple drivers .
WARNING - BN161 :"c:\users\gcmcn\onedrive\documents\fpga\threen1\source\topcount.v":4:7:4:14|Net N_185 has multiple drivers .
WARNING - BN161 :"c:\users\gcmcn\onedrive\documents\fpga\threen1\source\topcount.v":4:7:4:14|Net N_186 has multiple drivers .
WARNING - BN161 :"c:\users\gcmcn\onedrive\documents\fpga\threen1\source\topcount.v":4:7:4:14|Net N_187 has multiple drivers .
WARNING - BN161 :"c:\users\gcmcn\onedrive\documents\fpga\threen1\source\topcount.v":4:7:4:14|Net N_188 has multiple drivers .
WARNING - BN161 :"c:\users\gcmcn\onedrive\documents\fpga\threen1\source\topcount.v":4:7:4:14|Net N_189 has multiple drivers .
WARNING - BN161 :"c:\users\gcmcn\onedrive\documents\fpga\threen1\source\topcount.v":4:7:4:14|Net N_190 has multiple drivers .
WARNING - BN161 :"c:\users\gcmcn\onedrive\documents\fpga\threen1\source\topcount.v":4:7:4:14|Net N_191 has multiple drivers .
WARNING - BN161 :"c:\users\gcmcn\onedrive\documents\fpga\threen1\source\topcount.v":4:7:4:14|Net N_192 has multiple drivers .
WARNING - BN161 :"c:\users\gcmcn\onedrive\documents\fpga\threen1\source\topcount.v":4:7:4:14|Net N_193 has multiple drivers .
WARNING - BN161 :"c:\users\gcmcn\onedrive\documents\fpga\threen1\source\topcount.v":4:7:4:14|Net N_194 has multiple drivers .
WARNING - BN161 :"c:\users\gcmcn\onedrive\documents\fpga\threen1\source\topcount.v":4:7:4:14|Net N_195 has multiple drivers .
WARNING - BN161 :"c:\users\gcmcn\onedrive\documents\fpga\threen1\source\topcount.v":4:7:4:14|Net N_196 has multiple drivers .
WARNING - BN161 :"c:\users\gcmcn\onedrive\documents\fpga\threen1\source\topcount.v":4:7:4:14|Net N_197 has multiple drivers .
WARNING - BN161 :"c:\users\gcmcn\onedrive\documents\fpga\threen1\source\topcount.v":4:7:4:14|Net N_198 has multiple drivers .
WARNING - BN161 :"c:\users\gcmcn\onedrive\documents\fpga\threen1\source\topcount.v":4:7:4:14|Net N_199 has multiple drivers .
WARNING - BN161 :"c:\users\gcmcn\onedrive\documents\fpga\threen1\source\topcount.v":4:7:4:14|Net N_200 has multiple drivers .
WARNING - BN161 :"c:\users\gcmcn\onedrive\documents\fpga\threen1\source\topcount.v":4:7:4:14|Net N_201 has multiple drivers .
WARNING - BN161 :"c:\users\gcmcn\onedrive\documents\fpga\threen1\source\topcount.v":4:7:4:14|Net N_202 has multiple drivers .
WARNING - BN161 :"c:\users\gcmcn\onedrive\documents\fpga\threen1\source\topcount.v":4:7:4:14|Net N_203 has multiple drivers .
WARNING - BN161 :"c:\users\gcmcn\onedrive\documents\fpga\threen1\source\topcount.v":4:7:4:14|Net N_204 has multiple drivers .
WARNING - BN161 :"c:\users\gcmcn\onedrive\documents\fpga\threen1\source\topcount.v":4:7:4:14|Net N_205 has multiple drivers .
WARNING - BN161 :"c:\users\gcmcn\onedrive\documents\fpga\threen1\source\topcount.v":4:7:4:14|Net N_206 has multiple drivers .
WARNING - BN161 :"c:\users\gcmcn\onedrive\documents\fpga\threen1\source\topcount.v":4:7:4:14|Net N_207 has multiple drivers .
WARNING - BN161 :"c:\users\gcmcn\onedrive\documents\fpga\threen1\source\topcount.v":4:7:4:14|Net N_208 has multiple drivers .
WARNING - BN161 :"c:\users\gcmcn\onedrive\documents\fpga\threen1\source\topcount.v":4:7:4:14|Net N_209 has multiple drivers .
WARNING - BN161 :"c:\users\gcmcn\onedrive\documents\fpga\threen1\source\topcount.v":4:7:4:14|Net N_210 has multiple drivers .
WARNING - BN161 :"c:\users\gcmcn\onedrive\documents\fpga\threen1\source\topcount.v":4:7:4:14|Net N_211 has multiple drivers .

Starting factoring (Real Time elapsed 0h:00m:01s; CPU Time elapsed 0h:00m:01s; Memory used current: 260MB peak: 260MB)


Finished factoring (Real Time elapsed 0h:00m:01s; CPU Time elapsed 0h:00m:01s; Memory used current: 260MB peak: 261MB)


Available hyper_sources - for debug and ip models
	None Found

NConnInternalConnection caching is on

Finished generic timing optimizations - Pass 1 (Real Time elapsed 0h:00m:01s; CPU Time elapsed 0h:00m:01s; Memory used current: 261MB peak: 261MB)

WARNING - BN161 :"c:\users\gcmcn\onedrive\documents\fpga\threen1\source\topcount.v":4:7:4:14|Net threeN1_inst.intermediate has multiple drivers .
WARNING - BN161 :"c:\users\gcmcn\onedrive\documents\fpga\threen1\source\topcount.v":4:7:4:14|Net N_215 has multiple drivers .
WARNING - BN161 :"c:\users\gcmcn\onedrive\documents\fpga\threen1\source\topcount.v":4:7:4:14|Net N_216 has multiple drivers .
WARNING - BN161 :"c:\users\gcmcn\onedrive\documents\fpga\threen1\source\topcount.v":4:7:4:14|Net N_219 has multiple drivers .
WARNING - BN161 :"c:\users\gcmcn\onedrive\documents\fpga\threen1\source\topcount.v":4:7:4:14|Net N_222 has multiple drivers .
WARNING - BN161 :"c:\users\gcmcn\onedrive\documents\fpga\threen1\source\topcount.v":4:7:4:14|Net N_225 has multiple drivers .
WARNING - BN161 :"c:\users\gcmcn\onedrive\documents\fpga\threen1\source\topcount.v":4:7:4:14|Net N_228 has multiple drivers .
WARNING - BN161 :"c:\users\gcmcn\onedrive\documents\fpga\threen1\source\topcount.v":4:7:4:14|Net N_231 has multiple drivers .
WARNING - BN161 :"c:\users\gcmcn\onedrive\documents\fpga\threen1\source\topcount.v":4:7:4:14|Net N_234 has multiple drivers .
WARNING - BN161 :"c:\users\gcmcn\onedrive\documents\fpga\threen1\source\topcount.v":4:7:4:14|Net N_237 has multiple drivers .
WARNING - BN161 :"c:\users\gcmcn\onedrive\documents\fpga\threen1\source\topcount.v":4:7:4:14|Net N_240 has multiple drivers .
WARNING - BN161 :"c:\users\gcmcn\onedrive\documents\fpga\threen1\source\topcount.v":4:7:4:14|Net N_243 has multiple drivers .
WARNING - BN161 :"c:\users\gcmcn\onedrive\documents\fpga\threen1\source\topcount.v":4:7:4:14|Net N_246 has multiple drivers .
WARNING - BN161 :"c:\users\gcmcn\onedrive\documents\fpga\threen1\source\topcount.v":4:7:4:14|Net N_249 has multiple drivers .
WARNING - BN161 :"c:\users\gcmcn\onedrive\documents\fpga\threen1\source\topcount.v":4:7:4:14|Net N_252 has multiple drivers .
WARNING - BN161 :"c:\users\gcmcn\onedrive\documents\fpga\threen1\source\topcount.v":4:7:4:14|Net N_255 has multiple drivers .
WARNING - BN161 :"c:\users\gcmcn\onedrive\documents\fpga\threen1\source\topcount.v":4:7:4:14|Net N_258 has multiple drivers .
WARNING - BN161 :"c:\users\gcmcn\onedrive\documents\fpga\threen1\source\topcount.v":4:7:4:14|Net N_261 has multiple drivers .
WARNING - BN161 :"c:\users\gcmcn\onedrive\documents\fpga\threen1\source\topcount.v":4:7:4:14|Net N_264 has multiple drivers .
WARNING - BN161 :"c:\users\gcmcn\onedrive\documents\fpga\threen1\source\topcount.v":4:7:4:14|Net N_267 has multiple drivers .
WARNING - BN161 :"c:\users\gcmcn\onedrive\documents\fpga\threen1\source\topcount.v":4:7:4:14|Net N_270 has multiple drivers .
WARNING - BN161 :"c:\users\gcmcn\onedrive\documents\fpga\threen1\source\topcount.v":4:7:4:14|Net N_273 has multiple drivers .
WARNING - BN161 :"c:\users\gcmcn\onedrive\documents\fpga\threen1\source\topcount.v":4:7:4:14|Net N_276 has multiple drivers .
WARNING - BN161 :"c:\users\gcmcn\onedrive\documents\fpga\threen1\source\topcount.v":4:7:4:14|Net N_279 has multiple drivers .
WARNING - BN161 :"c:\users\gcmcn\onedrive\documents\fpga\threen1\source\topcount.v":4:7:4:14|Net N_282 has multiple drivers .
WARNING - BN161 :"c:\users\gcmcn\onedrive\documents\fpga\threen1\source\topcount.v":4:7:4:14|Net N_285 has multiple drivers .
WARNING - BN161 :"c:\users\gcmcn\onedrive\documents\fpga\threen1\source\topcount.v":4:7:4:14|Net N_288 has multiple drivers .
WARNING - BN161 :"c:\users\gcmcn\onedrive\documents\fpga\threen1\source\topcount.v":4:7:4:14|Net N_291 has multiple drivers .
WARNING - BN161 :"c:\users\gcmcn\onedrive\documents\fpga\threen1\source\topcount.v":4:7:4:14|Net N_294 has multiple drivers .
WARNING - BN161 :"c:\users\gcmcn\onedrive\documents\fpga\threen1\source\topcount.v":4:7:4:14|Net N_297 has multiple drivers .
WARNING - BN161 :"c:\users\gcmcn\onedrive\documents\fpga\threen1\source\topcount.v":4:7:4:14|Net N_300 has multiple drivers .
WARNING - BN161 :"c:\users\gcmcn\onedrive\documents\fpga\threen1\source\topcount.v":4:7:4:14|Net N_303 has multiple drivers .
WARNING - BN161 :"c:\users\gcmcn\onedrive\documents\fpga\threen1\source\topcount.v":4:7:4:14|Net collatz_count_1 has multiple drivers .
WARNING - BN161 :"c:\users\gcmcn\onedrive\documents\fpga\threen1\source\topcount.v":4:7:4:14|Net collatz_count_1_axb_3 has multiple drivers .
WARNING - BN161 :"c:\users\gcmcn\onedrive\documents\fpga\threen1\source\topcount.v":4:7:4:14|Net collatz_count_1_axb_4 has multiple drivers .
WARNING - BN161 :"c:\users\gcmcn\onedrive\documents\fpga\threen1\source\topcount.v":4:7:4:14|Net collatz_count_1_axb_5 has multiple drivers .
WARNING - BN161 :"c:\users\gcmcn\onedrive\documents\fpga\threen1\source\topcount.v":4:7:4:14|Net collatz_count_1_axb_6 has multiple drivers .
WARNING - BN161 :"c:\users\gcmcn\onedrive\documents\fpga\threen1\source\topcount.v":4:7:4:14|Net collatz_count_1_axb_7 has multiple drivers .

Starting Early Timing Optimization (Real Time elapsed 0h:00m:01s; CPU Time elapsed 0h:00m:01s; Memory used current: 262MB peak: 262MB)


Finished Early Timing Optimization (Real Time elapsed 0h:00m:01s; CPU Time elapsed 0h:00m:01s; Memory used current: 262MB peak: 262MB)


Finished generic timing optimizations - Pass 2 (Real Time elapsed 0h:00m:01s; CPU Time elapsed 0h:00m:01s; Memory used current: 262MB peak: 263MB)

WARNING - BN161 :"c:\users\gcmcn\onedrive\documents\fpga\threen1\source\topcount.v":4:7:4:14|Net cycle_count has multiple drivers .

Finished preparing to map (Real Time elapsed 0h:00m:01s; CPU Time elapsed 0h:00m:01s; Memory used current: 262MB peak: 263MB)


Finished technology mapping (Real Time elapsed 0h:00m:01s; CPU Time elapsed 0h:00m:01s; Memory used current: 262MB peak: 263MB)

Pass		 CPU time		Worst Slack		Luts / Registers
------------------------------------------------------------
   1		0h:00m:01s		    -3.17ns		 100 /        48
   2		0h:00m:01s		    -3.17ns		 100 /        48
@N: FX271 :|Replicating instance next_val_reg[0] (in view: work.topcount(verilog)) with 37 loads 2 times to improve timing.
@N: FX271 :|Replicating instance next_val_reg[1] (in view: work.topcount(verilog)) with 41 loads 2 times to improve timing.
Timing driven replication report
Added 4 Registers via timing driven replication
Added 2 LUTs via timing driven replication

   3		0h:00m:01s		    -2.96ns		 102 /        52


   4		0h:00m:01s		    -2.96ns		 102 /        52
@N: FX104 :"c:\users\gcmcn\onedrive\documents\fpga\threen1\source\threen1.v":9:23:9:61|Inserting 4 buffers on net threeN1_inst.intermediate[3] (with fanout of 37) because of a soft fanout limit of 10.
@N: FX104 :"c:\users\gcmcn\onedrive\documents\fpga\threen1\source\threen1.v":9:23:9:61|Inserting 2 buffers on net threeN1_inst.intermediate[2] (with fanout of 12) because of a soft fanout limit of 10.
Net buffering Report for view:work.topcount(verilog):
Added 6 Buffers
Added 10 Registers via replication
Added 7 LUTs via replication


Finished technology timing optimizations and critical path resynthesis (Real Time elapsed 0h:00m:01s; CPU Time elapsed 0h:00m:01s; Memory used current: 263MB peak: 263MB)

@N: FX164 |The option to pack registers in the IOB has not been specified. Please set syn_useioff attribute.  
WARNING - BN161 :"c:\users\gcmcn\onedrive\documents\fpga\threen1\source\topcount.v":4:7:4:14|Net N_769 has multiple drivers .
WARNING - BN161 :"c:\users\gcmcn\onedrive\documents\fpga\threen1\source\topcount.v":4:7:4:14|Net N_771 has multiple drivers .
WARNING - BN161 :"c:\users\gcmcn\onedrive\documents\fpga\threen1\source\topcount.v":4:7:4:14|Net N_773 has multiple drivers .
WARNING - BN161 :"c:\users\gcmcn\onedrive\documents\fpga\threen1\source\topcount.v":4:7:4:14|Net N_775 has multiple drivers .
WARNING - BN161 :"c:\users\gcmcn\onedrive\documents\fpga\threen1\source\topcount.v":4:7:4:14|Net N_777 has multiple drivers .
WARNING - BN161 :"c:\users\gcmcn\onedrive\documents\fpga\threen1\source\topcount.v":4:7:4:14|Net N_779 has multiple drivers .
WARNING - BN161 :"c:\users\gcmcn\onedrive\documents\fpga\threen1\source\topcount.v":4:7:4:14|Net N_781 has multiple drivers .
WARNING - BN161 :"c:\users\gcmcn\onedrive\documents\fpga\threen1\source\topcount.v":4:7:4:14|Net N_783 has multiple drivers .
WARNING - BN161 :"c:\users\gcmcn\onedrive\documents\fpga\threen1\source\topcount.v":4:7:4:14|Net N_785 has multiple drivers .
WARNING - BN161 :"c:\users\gcmcn\onedrive\documents\fpga\threen1\source\topcount.v":4:7:4:14|Net N_787 has multiple drivers .
WARNING - BN161 :"c:\users\gcmcn\onedrive\documents\fpga\threen1\source\topcount.v":4:7:4:14|Net N_789 has multiple drivers .

Only the first 100 messages of id 'BN161' are reported. To see all messages use 'report_messages -log C:\Users\gcmcn\OneDrive\Documents\FPGA\threeN1\synlog\threeN1_threeN1_fpga_mapper.srr -id BN161' in the Tcl shell. To see all messages in future runs, use the command 'message_override -limit {BN161} -count unlimited' in the Tcl shell.

Finished restoring hierarchy (Real Time elapsed 0h:00m:02s; CPU Time elapsed 0h:00m:02s; Memory used current: 263MB peak: 263MB)


Starting CDBProcessSetClockGroups... (Real Time elapsed 0h:00m:02s; CPU Time elapsed 0h:00m:02s; Memory used current: 263MB peak: 264MB)


Finished with CDBProcessSetClockGroups (Real Time elapsed 0h:00m:02s; CPU Time elapsed 0h:00m:02s; Memory used current: 263MB peak: 264MB)


Start Writing Netlists (Real Time elapsed 0h:00m:02s; CPU Time elapsed 0h:00m:02s; Memory used current: 210MB peak: 264MB)

Writing Analyst data base C:\Users\gcmcn\OneDrive\Documents\FPGA\threeN1\synwork\threeN1_threeN1_m.srm

Finished Writing Netlist Databases (Real Time elapsed 0h:00m:02s; CPU Time elapsed 0h:00m:02s; Memory used current: 264MB peak: 264MB)

Writing EDIF Netlist and constraint files
@N: FX1056 |Writing EDF file: C:\Users\gcmcn\OneDrive\Documents\FPGA\threeN1\threeN1_threeN1.edi
@N: BW106 |Synplicity Constraint File capacitance units using default value of 1pF 

Finished Writing EDIF Netlist and constraint files (Real Time elapsed 0h:00m:03s; CPU Time elapsed 0h:00m:03s; Memory used current: 272MB peak: 272MB)


Finished Writing Netlists (Real Time elapsed 0h:00m:03s; CPU Time elapsed 0h:00m:03s; Memory used current: 272MB peak: 273MB)


Start final timing analysis (Real Time elapsed 0h:00m:03s; CPU Time elapsed 0h:00m:03s; Memory used current: 270MB peak: 273MB)

WARNING - MT246 :"c:\users\gcmcn\onedrive\documents\fpga\threen1\source\fast_pll.v":64:12:64:20|Blackbox EHXPLLJ is missing a user supplied timing model. This may have a negative effect on timing analysis and optimizations (Quality of Results)
WARNING - MT420 |Found inferred clock fast_pll|CLKOP_inferred_clock with period 8.01ns. Please declare a user-defined clock on net fast_pll_inst.clk_op.
WARNING - MT420 |Found inferred clock topcount|clk with period 1000.00ns. Please declare a user-defined clock on port clk.


##### START OF TIMING REPORT #####[
# Timing report written on Tue Jun 23 08:34:28 2026
#


Top view:               topcount
Requested Frequency:    1.0 MHz
Wire load mode:         top
Paths requested:        50
Constraint File(s):    
@N: MT320 |This timing report is an estimate of place and route data. For final timing results, use the FPGA vendor place and route report.

@N: MT322 |Clock constraints include only register-to-register paths associated with each individual clock.



Performance Summary
*******************


Worst slack in design: -0.773

                                  Requested     Estimated      Requested     Estimated                 Clock        Clock          
Starting Clock                    Frequency     Frequency      Period        Period        Slack       Type         Group          
-----------------------------------------------------------------------------------------------------------------------------------
fast_pll|CLKOP_inferred_clock     124.9 MHz     113.9 MHz      8.007         8.780         -0.773      inferred     (multiple)     
topcount|clk                      1.0 MHz       NA             1000.000      NA            NA          inferred     (multiple)     
System                            1.0 MHz       9469.7 MHz     1000.000      0.106         999.894     system       system_clkgroup
===================================================================================================================================
Estimated period and frequency reported as NA means no slack depends directly on the clock waveform





Clock Relationships
*******************

Clocks                                                        |    rise  to  rise     |    fall  to  fall   |    rise  to  fall   |    fall  to  rise 
------------------------------------------------------------------------------------------------------------------------------------------------------
Starting                       Ending                         |  constraint  slack    |  constraint  slack  |  constraint  slack  |  constraint  slack
------------------------------------------------------------------------------------------------------------------------------------------------------
System                         topcount|clk                   |  1000.000    999.894  |  No paths    -      |  No paths    -      |  No paths    -    
fast_pll|CLKOP_inferred_clock  fast_pll|CLKOP_inferred_clock  |  8.007       -0.773   |  No paths    -      |  No paths    -      |  No paths    -    
topcount|clk                   fast_pll|CLKOP_inferred_clock  |  Diff grp    -        |  No paths    -      |  No paths    -      |  No paths    -    
======================================================================================================================================================
 Note: 'No paths' indicates there are no paths in the design for that pair of clock edges.
       'Diff grp' indicates that paths exist but the starting clock and ending clock are in different clock groups.



Interface Information 
*********************

No IO constraint found



====================================
Detailed Report for Clock: fast_pll|CLKOP_inferred_clock
====================================



Starting Points with Worst Slack
********************************

                         Starting                                                                       Arrival           
Instance                 Reference                         Type        Pin     Net                      Time        Slack 
                         Clock                                                                                            
--------------------------------------------------------------------------------------------------------------------------
next_val_reg_fast[0]     fast_pll|CLKOP_inferred_clock     FD1P3AY     Q       next_val_reg_fast[0]     1.108       -0.773
next_val_reg[2]          fast_pll|CLKOP_inferred_clock     FD1P3AX     Q       next_val_reg[2]          1.108       -0.630
next_val_reg_fast[1]     fast_pll|CLKOP_inferred_clock     FD1P3AY     Q       next_val_reg_fast[1]     1.044       -0.566
next_val_reg_1_rep1      fast_pll|CLKOP_inferred_clock     FD1P3AY     Q       next_val_reg_1_rep1      1.180       0.077 
next_val_reg[3]          fast_pll|CLKOP_inferred_clock     FD1P3AY     Q       next_val_reg[3]          1.108       0.149 
next_val_reg[4]          fast_pll|CLKOP_inferred_clock     FD1P3AY     Q       next_val_reg[4]          1.108       0.149 
next_val_reg[5]          fast_pll|CLKOP_inferred_clock     FD1P3AX     Q       next_val_reg[5]          1.108       0.149 
next_val_reg[6]          fast_pll|CLKOP_inferred_clock     FD1P3AX     Q       next_val_reg[6]          1.108       0.149 
next_val_reg[15]         fast_pll|CLKOP_inferred_clock     FD1P3AX     Q       next_val_reg[15]         1.108       0.149 
next_val_reg[16]         fast_pll|CLKOP_inferred_clock     FD1P3AX     Q       next_val_reg[16]         1.108       0.149 
==========================================================================================================================


Ending Points with Worst Slack
******************************

                     Starting                                                                     Required           
Instance             Reference                         Type        Pin     Net                    Time         Slack 
                     Clock                                                                                           
---------------------------------------------------------------------------------------------------------------------
collatz_count[7]     fast_pll|CLKOP_inferred_clock     FD1P3AX     D       collatz_count_1[7]     7.901        -0.773
collatz_count[5]     fast_pll|CLKOP_inferred_clock     FD1P3AX     D       collatz_count_1[5]     7.901        -0.630
collatz_count[6]     fast_pll|CLKOP_inferred_clock     FD1P3AX     D       collatz_count_1[6]     7.901        -0.630
collatz_count[3]     fast_pll|CLKOP_inferred_clock     FD1P3AX     D       collatz_count_1[3]     7.901        -0.487
collatz_count[4]     fast_pll|CLKOP_inferred_clock     FD1P3AX     D       collatz_count_1[4]     7.901        -0.487
collatz_count[1]     fast_pll|CLKOP_inferred_clock     FD1P3AX     D       collatz_count_1[1]     7.901        -0.344
collatz_count[2]     fast_pll|CLKOP_inferred_clock     FD1P3AX     D       collatz_count_1[2]     7.901        -0.344
cycle_count[7]       fast_pll|CLKOP_inferred_clock     FD1P3AX     D       cycle_count_s[7]       7.901        0.077 
next_val_reg[27]     fast_pll|CLKOP_inferred_clock     FD1P3AX     D       next_val[27]           7.901        0.151 
next_val_reg[28]     fast_pll|CLKOP_inferred_clock     FD1P3AX     D       next_val[28]           7.901        0.151 
=====================================================================================================================



Worst Path Information
***********************


Path information for path number 1: 
      Requested Period:                      8.007
    - Setup time:                            0.106
    + Clock delay at ending point:           0.000 (ideal)
    = Required time:                         7.901

    - Propagation time:                      8.674
    - Clock delay at starting point:         0.000 (ideal)
    = Slack (critical) :                     -0.773

    Number of logic level(s):                9
    Starting point:                          next_val_reg_fast[0] / Q
    Ending point:                            collatz_count[7] / D
    The start point is clocked by            fast_pll|CLKOP_inferred_clock [rising] (rise=0.000 fall=4.003 period=8.007) on pin CK
    The end   point is clocked by            fast_pll|CLKOP_inferred_clock [rising] (rise=0.000 fall=4.003 period=8.007) on pin CK

Instance / Net                                     Pin      Pin               Arrival     No. of    
Name                                  Type         Name     Dir     Delay     Time        Fan Out(s)
----------------------------------------------------------------------------------------------------
next_val_reg_fast[0]                  FD1P3AY      Q        Out     1.108     1.108 r     -         
next_val_reg_fast[0]                  Net          -        -       -         -           3         
threeN1_inst.intermediate_cry_0_0     CCU2D        B1       In      0.000     1.108 r     -         
threeN1_inst.intermediate_cry_0_0     CCU2D        COUT     Out     1.544     2.652 r     -         
intermediate_cry_0                    Net          -        -       -         -           1         
threeN1_inst.intermediate_cry_1_0     CCU2D        CIN      In      0.000     2.652 r     -         
threeN1_inst.intermediate_cry_1_0     CCU2D        COUT     Out     0.143     2.795 r     -         
intermediate_cry_2                    Net          -        -       -         -           1         
threeN1_inst.intermediate_cry_3_0     CCU2D        CIN      In      0.000     2.795 r     -         
threeN1_inst.intermediate_cry_3_0     CCU2D        S0       Out     1.908     4.703 r     -         
intermediate[3]                       Net          -        -       -         -           37        
threeN1_inst.un6_0[0]                 ORCALUT4     C        In      0.000     4.703 r     -         
threeN1_inst.un6_0[0]                 ORCALUT4     Z        Out     0.449     5.152 r     -         
N_6                                   Net          -        -       -         -           2         
collatz_count_1_cry_0_0               CCU2D        C1       In      0.000     5.152 r     -         
collatz_count_1_cry_0_0               CCU2D        COUT     Out     1.544     6.697 r     -         
collatz_count_1_cry_0                 Net          -        -       -         -           1         
collatz_count_1_cry_1_0               CCU2D        CIN      In      0.000     6.697 r     -         
collatz_count_1_cry_1_0               CCU2D        COUT     Out     0.143     6.839 r     -         
collatz_count_1_cry_2                 Net          -        -       -         -           1         
collatz_count_1_cry_3_0               CCU2D        CIN      In      0.000     6.839 r     -         
collatz_count_1_cry_3_0               CCU2D        COUT     Out     0.143     6.982 r     -         
collatz_count_1_cry_4                 Net          -        -       -         -           1         
collatz_count_1_cry_5_0               CCU2D        CIN      In      0.000     6.982 r     -         
collatz_count_1_cry_5_0               CCU2D        COUT     Out     0.143     7.125 r     -         
collatz_count_1_cry_6                 Net          -        -       -         -           1         
collatz_count_1_s_7_0                 CCU2D        CIN      In      0.000     7.125 r     -         
collatz_count_1_s_7_0                 CCU2D        S0       Out     1.549     8.674 r     -         
collatz_count_1[7]                    Net          -        -       -         -           1         
collatz_count[7]                      FD1P3AX      D        In      0.000     8.674 r     -         
====================================================================================================


Path information for path number 2: 
      Requested Period:                      8.007
    - Setup time:                            0.106
    + Clock delay at ending point:           0.000 (ideal)
    = Required time:                         7.901

    - Propagation time:                      8.531
    - Clock delay at starting point:         0.000 (ideal)
    = Slack (non-critical) :                 -0.630

    Number of logic level(s):                8
    Starting point:                          next_val_reg[2] / Q
    Ending point:                            collatz_count[7] / D
    The start point is clocked by            fast_pll|CLKOP_inferred_clock [rising] (rise=0.000 fall=4.003 period=8.007) on pin CK
    The end   point is clocked by            fast_pll|CLKOP_inferred_clock [rising] (rise=0.000 fall=4.003 period=8.007) on pin CK

Instance / Net                                     Pin      Pin               Arrival     No. of    
Name                                  Type         Name     Dir     Delay     Time        Fan Out(s)
----------------------------------------------------------------------------------------------------
next_val_reg[2]                       FD1P3AX      Q        Out     1.108     1.108 r     -         
next_val_reg[2]                       Net          -        -       -         -           3         
threeN1_inst.intermediate_cry_1_0     CCU2D        C1       In      0.000     1.108 r     -         
threeN1_inst.intermediate_cry_1_0     CCU2D        COUT     Out     1.544     2.652 r     -         
intermediate_cry_2                    Net          -        -       -         -           1         
threeN1_inst.intermediate_cry_3_0     CCU2D        CIN      In      0.000     2.652 r     -         
threeN1_inst.intermediate_cry_3_0     CCU2D        S0       Out     1.908     4.561 r     -         
intermediate[3]                       Net          -        -       -         -           37        
threeN1_inst.un6_0[0]                 ORCALUT4     C        In      0.000     4.561 r     -         
threeN1_inst.un6_0[0]                 ORCALUT4     Z        Out     0.449     5.009 r     -         
N_6                                   Net          -        -       -         -           2         
collatz_count_1_cry_0_0               CCU2D        C1       In      0.000     5.009 r     -         
collatz_count_1_cry_0_0               CCU2D        COUT     Out     1.544     6.554 r     -         
collatz_count_1_cry_0                 Net          -        -       -         -           1         
collatz_count_1_cry_1_0               CCU2D        CIN      In      0.000     6.554 r     -         
collatz_count_1_cry_1_0               CCU2D        COUT     Out     0.143     6.697 r     -         
collatz_count_1_cry_2                 Net          -        -       -         -           1         
collatz_count_1_cry_3_0               CCU2D        CIN      In      0.000     6.697 r     -         
collatz_count_1_cry_3_0               CCU2D        COUT     Out     0.143     6.839 r     -         
collatz_count_1_cry_4                 Net          -        -       -         -           1         
collatz_count_1_cry_5_0               CCU2D        CIN      In      0.000     6.839 r     -         
collatz_count_1_cry_5_0               CCU2D        COUT     Out     0.143     6.982 r     -         
collatz_count_1_cry_6                 Net          -        -       -         -           1         
collatz_count_1_s_7_0                 CCU2D        CIN      In      0.000     6.982 r     -         
collatz_count_1_s_7_0                 CCU2D        S0       Out     1.549     8.531 r     -         
collatz_count_1[7]                    Net          -        -       -         -           1         
collatz_count[7]                      FD1P3AX      D        In      0.000     8.531 r     -         
====================================================================================================


Path information for path number 3: 
      Requested Period:                      8.007
    - Setup time:                            0.106
    + Clock delay at ending point:           0.000 (ideal)
    = Required time:                         7.901

    - Propagation time:                      8.531
    - Clock delay at starting point:         0.000 (ideal)
    = Slack (non-critical) :                 -0.630

    Number of logic level(s):                8
    Starting point:                          next_val_reg_fast[0] / Q
    Ending point:                            collatz_count[7] / D
    The start point is clocked by            fast_pll|CLKOP_inferred_clock [rising] (rise=0.000 fall=4.003 period=8.007) on pin CK
    The end   point is clocked by            fast_pll|CLKOP_inferred_clock [rising] (rise=0.000 fall=4.003 period=8.007) on pin CK

Instance / Net                                     Pin      Pin               Arrival     No. of    
Name                                  Type         Name     Dir     Delay     Time        Fan Out(s)
----------------------------------------------------------------------------------------------------
next_val_reg_fast[0]                  FD1P3AY      Q        Out     1.108     1.108 r     -         
next_val_reg_fast[0]                  Net          -        -       -         -           3         
threeN1_inst.intermediate_cry_1_0     CCU2D        A1       In      0.000     1.108 r     -         
threeN1_inst.intermediate_cry_1_0     CCU2D        COUT     Out     1.544     2.652 r     -         
intermediate_cry_2                    Net          -        -       -         -           1         
threeN1_inst.intermediate_cry_3_0     CCU2D        CIN      In      0.000     2.652 r     -         
threeN1_inst.intermediate_cry_3_0     CCU2D        S0       Out     1.908     4.561 r     -         
intermediate[3]                       Net          -        -       -         -           37        
threeN1_inst.un6_0[0]                 ORCALUT4     C        In      0.000     4.561 r     -         
threeN1_inst.un6_0[0]                 ORCALUT4     Z        Out     0.449     5.009 r     -         
N_6                                   Net          -        -       -         -           2         
collatz_count_1_cry_0_0               CCU2D        C1       In      0.000     5.009 r     -         
collatz_count_1_cry_0_0               CCU2D        COUT     Out     1.544     6.554 r     -         
collatz_count_1_cry_0                 Net          -        -       -         -           1         
collatz_count_1_cry_1_0               CCU2D        CIN      In      0.000     6.554 r     -         
collatz_count_1_cry_1_0               CCU2D        COUT     Out     0.143     6.697 r     -         
collatz_count_1_cry_2                 Net          -        -       -         -           1         
collatz_count_1_cry_3_0               CCU2D        CIN      In      0.000     6.697 r     -         
collatz_count_1_cry_3_0               CCU2D        COUT     Out     0.143     6.839 r     -         
collatz_count_1_cry_4                 Net          -        -       -         -           1         
collatz_count_1_cry_5_0               CCU2D        CIN      In      0.000     6.839 r     -         
collatz_count_1_cry_5_0               CCU2D        COUT     Out     0.143     6.982 r     -         
collatz_count_1_cry_6                 Net          -        -       -         -           1         
collatz_count_1_s_7_0                 CCU2D        CIN      In      0.000     6.982 r     -         
collatz_count_1_s_7_0                 CCU2D        S0       Out     1.549     8.531 r     -         
collatz_count_1[7]                    Net          -        -       -         -           1         
collatz_count[7]                      FD1P3AX      D        In      0.000     8.531 r     -         
====================================================================================================


Path information for path number 4: 
      Requested Period:                      8.007
    - Setup time:                            0.106
    + Clock delay at ending point:           0.000 (ideal)
    = Required time:                         7.901

    - Propagation time:                      8.531
    - Clock delay at starting point:         0.000 (ideal)
    = Slack (non-critical) :                 -0.630

    Number of logic level(s):                8
    Starting point:                          next_val_reg_fast[0] / Q
    Ending point:                            collatz_count[7] / D
    The start point is clocked by            fast_pll|CLKOP_inferred_clock [rising] (rise=0.000 fall=4.003 period=8.007) on pin CK
    The end   point is clocked by            fast_pll|CLKOP_inferred_clock [rising] (rise=0.000 fall=4.003 period=8.007) on pin CK

Instance / Net                                     Pin      Pin               Arrival     No. of    
Name                                  Type         Name     Dir     Delay     Time        Fan Out(s)
----------------------------------------------------------------------------------------------------
next_val_reg_fast[0]                  FD1P3AY      Q        Out     1.108     1.108 r     -         
next_val_reg_fast[0]                  Net          -        -       -         -           3         
threeN1_inst.intermediate_cry_1_0     CCU2D        B0       In      0.000     1.108 r     -         
threeN1_inst.intermediate_cry_1_0     CCU2D        COUT     Out     1.544     2.652 r     -         
intermediate_cry_2                    Net          -        -       -         -           1         
threeN1_inst.intermediate_cry_3_0     CCU2D        CIN      In      0.000     2.652 r     -         
threeN1_inst.intermediate_cry_3_0     CCU2D        S0       Out     1.908     4.561 r     -         
intermediate[3]                       Net          -        -       -         -           37        
threeN1_inst.un6_0[0]                 ORCALUT4     C        In      0.000     4.561 r     -         
threeN1_inst.un6_0[0]                 ORCALUT4     Z        Out     0.449     5.009 r     -         
N_6                                   Net          -        -       -         -           2         
collatz_count_1_cry_0_0               CCU2D        C1       In      0.000     5.009 r     -         
collatz_count_1_cry_0_0               CCU2D        COUT     Out     1.544     6.554 r     -         
collatz_count_1_cry_0                 Net          -        -       -         -           1         
collatz_count_1_cry_1_0               CCU2D        CIN      In      0.000     6.554 r     -         
collatz_count_1_cry_1_0               CCU2D        COUT     Out     0.143     6.697 r     -         
collatz_count_1_cry_2                 Net          -        -       -         -           1         
collatz_count_1_cry_3_0               CCU2D        CIN      In      0.000     6.697 r     -         
collatz_count_1_cry_3_0               CCU2D        COUT     Out     0.143     6.839 r     -         
collatz_count_1_cry_4                 Net          -        -       -         -           1         
collatz_count_1_cry_5_0               CCU2D        CIN      In      0.000     6.839 r     -         
collatz_count_1_cry_5_0               CCU2D        COUT     Out     0.143     6.982 r     -         
collatz_count_1_cry_6                 Net          -        -       -         -           1         
collatz_count_1_s_7_0                 CCU2D        CIN      In      0.000     6.982 r     -         
collatz_count_1_s_7_0                 CCU2D        S0       Out     1.549     8.531 r     -         
collatz_count_1[7]                    Net          -        -       -         -           1         
collatz_count[7]                      FD1P3AX      D        In      0.000     8.531 r     -         
====================================================================================================


Path information for path number 5: 
      Requested Period:                      8.007
    - Setup time:                            0.106
    + Clock delay at ending point:           0.000 (ideal)
    = Required time:                         7.901

    - Propagation time:                      8.531
    - Clock delay at starting point:         0.000 (ideal)
    = Slack (non-critical) :                 -0.630

    Number of logic level(s):                8
    Starting point:                          next_val_reg_fast[0] / Q
    Ending point:                            collatz_count[7] / D
    The start point is clocked by            fast_pll|CLKOP_inferred_clock [rising] (rise=0.000 fall=4.003 period=8.007) on pin CK
    The end   point is clocked by            fast_pll|CLKOP_inferred_clock [rising] (rise=0.000 fall=4.003 period=8.007) on pin CK

Instance / Net                                              Pin      Pin               Arrival     No. of    
Name                                           Type         Name     Dir     Delay     Time        Fan Out(s)
-------------------------------------------------------------------------------------------------------------
next_val_reg_fast[0]                           FD1P3AY      Q        Out     1.108     1.108 r     -         
next_val_reg_fast[0]                           Net          -        -       -         -           3         
threeN1_inst.intermediate_cry_0_0              CCU2D        B1       In      0.000     1.108 r     -         
threeN1_inst.intermediate_cry_0_0              CCU2D        COUT     Out     1.544     2.652 r     -         
intermediate_cry_0                             Net          -        -       -         -           1         
threeN1_inst.intermediate_cry_1_0              CCU2D        CIN      In      0.000     2.652 r     -         
threeN1_inst.intermediate_cry_1_0              CCU2D        COUT     Out     0.143     2.795 r     -         
intermediate_cry_2                             Net          -        -       -         -           1         
threeN1_inst.intermediate_cry_3_0              CCU2D        CIN      In      0.000     2.795 r     -         
threeN1_inst.intermediate_cry_3_0              CCU2D        S0       Out     1.908     4.703 r     -         
intermediate[3]                                Net          -        -       -         -           37        
threeN1_inst.intermediate_cry_3_0_RNIH8VKA     ORCALUT4     B        In      0.000     4.703 r     -         
threeN1_inst.intermediate_cry_3_0_RNIH8VKA     ORCALUT4     Z        Out     0.449     5.152 r     -         
intermediate_cry_3_0_RNIH8VKA                  Net          -        -       -         -           1         
collatz_count_1_cry_1_0                        CCU2D        C1       In      0.000     5.152 r     -         
collatz_count_1_cry_1_0                        CCU2D        COUT     Out     1.544     6.697 r     -         
collatz_count_1_cry_2                          Net          -        -       -         -           1         
collatz_count_1_cry_3_0                        CCU2D        CIN      In      0.000     6.697 r     -         
collatz_count_1_cry_3_0                        CCU2D        COUT     Out     0.143     6.839 r     -         
collatz_count_1_cry_4                          Net          -        -       -         -           1         
collatz_count_1_cry_5_0                        CCU2D        CIN      In      0.000     6.839 r     -         
collatz_count_1_cry_5_0                        CCU2D        COUT     Out     0.143     6.982 r     -         
collatz_count_1_cry_6                          Net          -        -       -         -           1         
collatz_count_1_s_7_0                          CCU2D        CIN      In      0.000     6.982 r     -         
collatz_count_1_s_7_0                          CCU2D        S0       Out     1.549     8.531 r     -         
collatz_count_1[7]                             Net          -        -       -         -           1         
collatz_count[7]                               FD1P3AX      D        In      0.000     8.531 r     -         
=============================================================================================================


Path information for path number 6: 
      Requested Period:                      8.007
    - Setup time:                            0.106
    + Clock delay at ending point:           0.000 (ideal)
    = Required time:                         7.901

    - Propagation time:                      8.531
    - Clock delay at starting point:         0.000 (ideal)
    = Slack (non-critical) :                 -0.630

    Number of logic level(s):                8
    Starting point:                          next_val_reg_fast[0] / Q
    Ending point:                            collatz_count[7] / D
    The start point is clocked by            fast_pll|CLKOP_inferred_clock [rising] (rise=0.000 fall=4.003 period=8.007) on pin CK
    The end   point is clocked by            fast_pll|CLKOP_inferred_clock [rising] (rise=0.000 fall=4.003 period=8.007) on pin CK

Instance / Net                                     Pin      Pin               Arrival     No. of    
Name                                  Type         Name     Dir     Delay     Time        Fan Out(s)
----------------------------------------------------------------------------------------------------
next_val_reg_fast[0]                  FD1P3AY      Q        Out     1.108     1.108 r     -         
next_val_reg_fast[0]                  Net          -        -       -         -           3         
threeN1_inst.intermediate_cry_0_0     CCU2D        B1       In      0.000     1.108 r     -         
threeN1_inst.intermediate_cry_0_0     CCU2D        COUT     Out     1.544     2.652 r     -         
intermediate_cry_0                    Net          -        -       -         -           1         
threeN1_inst.intermediate_cry_1_0     CCU2D        CIN      In      0.000     2.652 r     -         
threeN1_inst.intermediate_cry_1_0     CCU2D        COUT     Out     0.143     2.795 r     -         
intermediate_cry_2                    Net          -        -       -         -           1         
threeN1_inst.intermediate_cry_3_0     CCU2D        CIN      In      0.000     2.795 r     -         
threeN1_inst.intermediate_cry_3_0     CCU2D        S0       Out     1.908     4.703 r     -         
intermediate[3]                       Net          -        -       -         -           37        
threeN1_inst.un6_i[1]                 ORCALUT4     C        In      0.000     4.703 r     -         
threeN1_inst.un6_i[1]                 ORCALUT4     Z        Out     0.449     5.152 f     -         
N_11                                  Net          -        -       -         -           1         
collatz_count_1_cry_1_0               CCU2D        B0       In      0.000     5.152 f     -         
collatz_count_1_cry_1_0               CCU2D        COUT     Out     1.544     6.697 r     -         
collatz_count_1_cry_2                 Net          -        -       -         -           1         
collatz_count_1_cry_3_0               CCU2D        CIN      In      0.000     6.697 r     -         
collatz_count_1_cry_3_0               CCU2D        COUT     Out     0.143     6.839 r     -         
collatz_count_1_cry_4                 Net          -        -       -         -           1         
collatz_count_1_cry_5_0               CCU2D        CIN      In      0.000     6.839 r     -         
collatz_count_1_cry_5_0               CCU2D        COUT     Out     0.143     6.982 r     -         
collatz_count_1_cry_6                 Net          -        -       -         -           1         
collatz_count_1_s_7_0                 CCU2D        CIN      In      0.000     6.982 r     -         
collatz_count_1_s_7_0                 CCU2D        S0       Out     1.549     8.531 r     -         
collatz_count_1[7]                    Net          -        -       -         -           1         
collatz_count[7]                      FD1P3AX      D        In      0.000     8.531 r     -         
====================================================================================================


Path information for path number 7: 
      Requested Period:                      8.007
    - Setup time:                            0.106
    + Clock delay at ending point:           0.000 (ideal)
    = Required time:                         7.901

    - Propagation time:                      8.531
    - Clock delay at starting point:         0.000 (ideal)
    = Slack (non-critical) :                 -0.630

    Number of logic level(s):                8
    Starting point:                          next_val_reg_fast[0] / Q
    Ending point:                            collatz_count[7] / D
    The start point is clocked by            fast_pll|CLKOP_inferred_clock [rising] (rise=0.000 fall=4.003 period=8.007) on pin CK
    The end   point is clocked by            fast_pll|CLKOP_inferred_clock [rising] (rise=0.000 fall=4.003 period=8.007) on pin CK

Instance / Net                                              Pin      Pin               Arrival     No. of    
Name                                           Type         Name     Dir     Delay     Time        Fan Out(s)
-------------------------------------------------------------------------------------------------------------
next_val_reg_fast[0]                           FD1P3AY      Q        Out     1.108     1.108 r     -         
next_val_reg_fast[0]                           Net          -        -       -         -           3         
threeN1_inst.intermediate_cry_0_0              CCU2D        B1       In      0.000     1.108 r     -         
threeN1_inst.intermediate_cry_0_0              CCU2D        COUT     Out     1.544     2.652 r     -         
intermediate_cry_0                             Net          -        -       -         -           1         
threeN1_inst.intermediate_cry_1_0              CCU2D        CIN      In      0.000     2.652 r     -         
threeN1_inst.intermediate_cry_1_0              CCU2D        COUT     Out     0.143     2.795 r     -         
intermediate_cry_2                             Net          -        -       -         -           1         
threeN1_inst.intermediate_cry_3_0              CCU2D        CIN      In      0.000     2.795 r     -         
threeN1_inst.intermediate_cry_3_0              CCU2D        S0       Out     1.908     4.703 r     -         
intermediate[3]                                Net          -        -       -         -           37        
threeN1_inst.intermediate_cry_1_0_RNIV5GFO     ORCALUT4     D        In      0.000     4.703 r     -         
threeN1_inst.intermediate_cry_1_0_RNIV5GFO     ORCALUT4     Z        Out     0.449     5.152 r     -         
CO0                                            Net          -        -       -         -           1         
collatz_count_1_cry_1_0                        CCU2D        C0       In      0.000     5.152 r     -         
collatz_count_1_cry_1_0                        CCU2D        COUT     Out     1.544     6.697 r     -         
collatz_count_1_cry_2                          Net          -        -       -         -           1         
collatz_count_1_cry_3_0                        CCU2D        CIN      In      0.000     6.697 r     -         
collatz_count_1_cry_3_0                        CCU2D        COUT     Out     0.143     6.839 r     -         
collatz_count_1_cry_4                          Net          -        -       -         -           1         
collatz_count_1_cry_5_0                        CCU2D        CIN      In      0.000     6.839 r     -         
collatz_count_1_cry_5_0                        CCU2D        COUT     Out     0.143     6.982 r     -         
collatz_count_1_cry_6                          Net          -        -       -         -           1         
collatz_count_1_s_7_0                          CCU2D        CIN      In      0.000     6.982 r     -         
collatz_count_1_s_7_0                          CCU2D        S0       Out     1.549     8.531 r     -         
collatz_count_1[7]                             Net          -        -       -         -           1         
collatz_count[7]                               FD1P3AX      D        In      0.000     8.531 r     -         
=============================================================================================================


Path information for path number 8: 
      Requested Period:                      8.007
    - Setup time:                            0.106
    + Clock delay at ending point:           0.000 (ideal)
    = Required time:                         7.901

    - Propagation time:                      8.531
    - Clock delay at starting point:         0.000 (ideal)
    = Slack (non-critical) :                 -0.630

    Number of logic level(s):                8
    Starting point:                          next_val_reg_fast[0] / Q
    Ending point:                            collatz_count[5] / D
    The start point is clocked by            fast_pll|CLKOP_inferred_clock [rising] (rise=0.000 fall=4.003 period=8.007) on pin CK
    The end   point is clocked by            fast_pll|CLKOP_inferred_clock [rising] (rise=0.000 fall=4.003 period=8.007) on pin CK

Instance / Net                                     Pin      Pin               Arrival     No. of    
Name                                  Type         Name     Dir     Delay     Time        Fan Out(s)
----------------------------------------------------------------------------------------------------
next_val_reg_fast[0]                  FD1P3AY      Q        Out     1.108     1.108 r     -         
next_val_reg_fast[0]                  Net          -        -       -         -           3         
threeN1_inst.intermediate_cry_0_0     CCU2D        B1       In      0.000     1.108 r     -         
threeN1_inst.intermediate_cry_0_0     CCU2D        COUT     Out     1.544     2.652 r     -         
intermediate_cry_0                    Net          -        -       -         -           1         
threeN1_inst.intermediate_cry_1_0     CCU2D        CIN      In      0.000     2.652 r     -         
threeN1_inst.intermediate_cry_1_0     CCU2D        COUT     Out     0.143     2.795 r     -         
intermediate_cry_2                    Net          -        -       -         -           1         
threeN1_inst.intermediate_cry_3_0     CCU2D        CIN      In      0.000     2.795 r     -         
threeN1_inst.intermediate_cry_3_0     CCU2D        S0       Out     1.908     4.703 r     -         
intermediate[3]                       Net          -        -       -         -           37        
threeN1_inst.un6_0[0]                 ORCALUT4     C        In      0.000     4.703 r     -         
threeN1_inst.un6_0[0]                 ORCALUT4     Z        Out     0.449     5.152 r     -         
N_6                                   Net          -        -       -         -           2         
collatz_count_1_cry_0_0               CCU2D        C1       In      0.000     5.152 r     -         
collatz_count_1_cry_0_0               CCU2D        COUT     Out     1.544     6.697 r     -         
collatz_count_1_cry_0                 Net          -        -       -         -           1         
collatz_count_1_cry_1_0               CCU2D        CIN      In      0.000     6.697 r     -         
collatz_count_1_cry_1_0               CCU2D        COUT     Out     0.143     6.839 r     -         
collatz_count_1_cry_2                 Net          -        -       -         -           1         
collatz_count_1_cry_3_0               CCU2D        CIN      In      0.000     6.839 r     -         
collatz_count_1_cry_3_0               CCU2D        COUT     Out     0.143     6.982 r     -         
collatz_count_1_cry_4                 Net          -        -       -         -           1         
collatz_count_1_cry_5_0               CCU2D        CIN      In      0.000     6.982 r     -         
collatz_count_1_cry_5_0               CCU2D        S0       Out     1.549     8.531 r     -         
collatz_count_1[5]                    Net          -        -       -         -           1         
collatz_count[5]                      FD1P3AX      D        In      0.000     8.531 r     -         
====================================================================================================


Path information for path number 9: 
      Requested Period:                      8.007
    - Setup time:                            0.106
    + Clock delay at ending point:           0.000 (ideal)
    = Required time:                         7.901

    - Propagation time:                      8.531
    - Clock delay at starting point:         0.000 (ideal)
    = Slack (non-critical) :                 -0.630

    Number of logic level(s):                8
    Starting point:                          next_val_reg_fast[0] / Q
    Ending point:                            collatz_count[6] / D
    The start point is clocked by            fast_pll|CLKOP_inferred_clock [rising] (rise=0.000 fall=4.003 period=8.007) on pin CK
    The end   point is clocked by            fast_pll|CLKOP_inferred_clock [rising] (rise=0.000 fall=4.003 period=8.007) on pin CK

Instance / Net                                     Pin      Pin               Arrival     No. of    
Name                                  Type         Name     Dir     Delay     Time        Fan Out(s)
----------------------------------------------------------------------------------------------------
next_val_reg_fast[0]                  FD1P3AY      Q        Out     1.108     1.108 r     -         
next_val_reg_fast[0]                  Net          -        -       -         -           3         
threeN1_inst.intermediate_cry_0_0     CCU2D        B1       In      0.000     1.108 r     -         
threeN1_inst.intermediate_cry_0_0     CCU2D        COUT     Out     1.544     2.652 r     -         
intermediate_cry_0                    Net          -        -       -         -           1         
threeN1_inst.intermediate_cry_1_0     CCU2D        CIN      In      0.000     2.652 r     -         
threeN1_inst.intermediate_cry_1_0     CCU2D        COUT     Out     0.143     2.795 r     -         
intermediate_cry_2                    Net          -        -       -         -           1         
threeN1_inst.intermediate_cry_3_0     CCU2D        CIN      In      0.000     2.795 r     -         
threeN1_inst.intermediate_cry_3_0     CCU2D        S0       Out     1.908     4.703 r     -         
intermediate[3]                       Net          -        -       -         -           37        
threeN1_inst.un6_0[0]                 ORCALUT4     C        In      0.000     4.703 r     -         
threeN1_inst.un6_0[0]                 ORCALUT4     Z        Out     0.449     5.152 r     -         
N_6                                   Net          -        -       -         -           2         
collatz_count_1_cry_0_0               CCU2D        C1       In      0.000     5.152 r     -         
collatz_count_1_cry_0_0               CCU2D        COUT     Out     1.544     6.697 r     -         
collatz_count_1_cry_0                 Net          -        -       -         -           1         
collatz_count_1_cry_1_0               CCU2D        CIN      In      0.000     6.697 r     -         
collatz_count_1_cry_1_0               CCU2D        COUT     Out     0.143     6.839 r     -         
collatz_count_1_cry_2                 Net          -        -       -         -           1         
collatz_count_1_cry_3_0               CCU2D        CIN      In      0.000     6.839 r     -         
collatz_count_1_cry_3_0               CCU2D        COUT     Out     0.143     6.982 r     -         
collatz_count_1_cry_4                 Net          -        -       -         -           1         
collatz_count_1_cry_5_0               CCU2D        CIN      In      0.000     6.982 r     -         
collatz_count_1_cry_5_0               CCU2D        S1       Out     1.549     8.531 r     -         
collatz_count_1[6]                    Net          -        -       -         -           1         
collatz_count[6]                      FD1P3AX      D        In      0.000     8.531 r     -         
====================================================================================================


Path information for path number 10: 
      Requested Period:                      8.007
    - Setup time:                            0.106
    + Clock delay at ending point:           0.000 (ideal)
    = Required time:                         7.901

    - Propagation time:                      8.467
    - Clock delay at starting point:         0.000 (ideal)
    = Slack (non-critical) :                 -0.566

    Number of logic level(s):                8
    Starting point:                          next_val_reg_fast[1] / Q
    Ending point:                            collatz_count[7] / D
    The start point is clocked by            fast_pll|CLKOP_inferred_clock [rising] (rise=0.000 fall=4.003 period=8.007) on pin CK
    The end   point is clocked by            fast_pll|CLKOP_inferred_clock [rising] (rise=0.000 fall=4.003 period=8.007) on pin CK

Instance / Net                                     Pin      Pin               Arrival     No. of    
Name                                  Type         Name     Dir     Delay     Time        Fan Out(s)
----------------------------------------------------------------------------------------------------
next_val_reg_fast[1]                  FD1P3AY      Q        Out     1.044     1.044 r     -         
next_val_reg_fast[1]                  Net          -        -       -         -           2         
threeN1_inst.intermediate_cry_1_0     CCU2D        A0       In      0.000     1.044 r     -         
threeN1_inst.intermediate_cry_1_0     CCU2D        COUT     Out     1.544     2.588 r     -         
intermediate_cry_2                    Net          -        -       -         -           1         
threeN1_inst.intermediate_cry_3_0     CCU2D        CIN      In      0.000     2.588 r     -         
threeN1_inst.intermediate_cry_3_0     CCU2D        S0       Out     1.908     4.497 r     -         
intermediate[3]                       Net          -        -       -         -           37        
threeN1_inst.un6_0[0]                 ORCALUT4     C        In      0.000     4.497 r     -         
threeN1_inst.un6_0[0]                 ORCALUT4     Z        Out     0.449     4.945 r     -         
N_6                                   Net          -        -       -         -           2         
collatz_count_1_cry_0_0               CCU2D        C1       In      0.000     4.945 r     -         
collatz_count_1_cry_0_0               CCU2D        COUT     Out     1.544     6.490 r     -         
collatz_count_1_cry_0                 Net          -        -       -         -           1         
collatz_count_1_cry_1_0               CCU2D        CIN      In      0.000     6.490 r     -         
collatz_count_1_cry_1_0               CCU2D        COUT     Out     0.143     6.633 r     -         
collatz_count_1_cry_2                 Net          -        -       -         -           1         
collatz_count_1_cry_3_0               CCU2D        CIN      In      0.000     6.633 r     -         
collatz_count_1_cry_3_0               CCU2D        COUT     Out     0.143     6.775 r     -         
collatz_count_1_cry_4                 Net          -        -       -         -           1         
collatz_count_1_cry_5_0               CCU2D        CIN      In      0.000     6.775 r     -         
collatz_count_1_cry_5_0               CCU2D        COUT     Out     0.143     6.918 r     -         
collatz_count_1_cry_6                 Net          -        -       -         -           1         
collatz_count_1_s_7_0                 CCU2D        CIN      In      0.000     6.918 r     -         
collatz_count_1_s_7_0                 CCU2D        S0       Out     1.549     8.467 r     -         
collatz_count_1[7]                    Net          -        -       -         -           1         
collatz_count[7]                      FD1P3AX      D        In      0.000     8.467 r     -         
====================================================================================================


Path information for path number 11: 
      Requested Period:                      8.007
    - Setup time:                            0.106
    + Clock delay at ending point:           0.000 (ideal)
    = Required time:                         7.901

    - Propagation time:                      8.467
    - Clock delay at starting point:         0.000 (ideal)
    = Slack (non-critical) :                 -0.566

    Number of logic level(s):                8
    Starting point:                          next_val_reg_fast[1] / Q
    Ending point:                            collatz_count[7] / D
    The start point is clocked by            fast_pll|CLKOP_inferred_clock [rising] (rise=0.000 fall=4.003 period=8.007) on pin CK
    The end   point is clocked by            fast_pll|CLKOP_inferred_clock [rising] (rise=0.000 fall=4.003 period=8.007) on pin CK

Instance / Net                                     Pin      Pin               Arrival     No. of    
Name                                  Type         Name     Dir     Delay     Time        Fan Out(s)
----------------------------------------------------------------------------------------------------
next_val_reg_fast[1]                  FD1P3AY      Q        Out     1.044     1.044 r     -         
next_val_reg_fast[1]                  Net          -        -       -         -           2         
threeN1_inst.intermediate_cry_1_0     CCU2D        B1       In      0.000     1.044 r     -         
threeN1_inst.intermediate_cry_1_0     CCU2D        COUT     Out     1.544     2.588 r     -         
intermediate_cry_2                    Net          -        -       -         -           1         
threeN1_inst.intermediate_cry_3_0     CCU2D        CIN      In      0.000     2.588 r     -         
threeN1_inst.intermediate_cry_3_0     CCU2D        S0       Out     1.908     4.497 r     -         
intermediate[3]                       Net          -        -       -         -           37        
threeN1_inst.un6_0[0]                 ORCALUT4     C        In      0.000     4.497 r     -         
threeN1_inst.un6_0[0]                 ORCALUT4     Z        Out     0.449     4.945 r     -         
N_6                                   Net          -        -       -         -           2         
collatz_count_1_cry_0_0               CCU2D        C1       In      0.000     4.945 r     -         
collatz_count_1_cry_0_0               CCU2D        COUT     Out     1.544     6.490 r     -         
collatz_count_1_cry_0                 Net          -        -       -         -           1         
collatz_count_1_cry_1_0               CCU2D        CIN      In      0.000     6.490 r     -         
collatz_count_1_cry_1_0               CCU2D        COUT     Out     0.143     6.633 r     -         
collatz_count_1_cry_2                 Net          -        -       -         -           1         
collatz_count_1_cry_3_0               CCU2D        CIN      In      0.000     6.633 r     -         
collatz_count_1_cry_3_0               CCU2D        COUT     Out     0.143     6.775 r     -         
collatz_count_1_cry_4                 Net          -        -       -         -           1         
collatz_count_1_cry_5_0               CCU2D        CIN      In      0.000     6.775 r     -         
collatz_count_1_cry_5_0               CCU2D        COUT     Out     0.143     6.918 r     -         
collatz_count_1_cry_6                 Net          -        -       -         -           1         
collatz_count_1_s_7_0                 CCU2D        CIN      In      0.000     6.918 r     -         
collatz_count_1_s_7_0                 CCU2D        S0       Out     1.549     8.467 r     -         
collatz_count_1[7]                    Net          -        -       -         -           1         
collatz_count[7]                      FD1P3AX      D        In      0.000     8.467 r     -         
====================================================================================================


Path information for path number 12: 
      Requested Period:                      8.007
    - Setup time:                            0.106
    + Clock delay at ending point:           0.000 (ideal)
    = Required time:                         7.901

    - Propagation time:                      8.444
    - Clock delay at starting point:         0.000 (ideal)
    = Slack (non-critical) :                 -0.543

    Number of logic level(s):                8
    Starting point:                          next_val_reg_fast[0] / Q
    Ending point:                            collatz_count[7] / D
    The start point is clocked by            fast_pll|CLKOP_inferred_clock [rising] (rise=0.000 fall=4.003 period=8.007) on pin CK
    The end   point is clocked by            fast_pll|CLKOP_inferred_clock [rising] (rise=0.000 fall=4.003 period=8.007) on pin CK

Instance / Net                                     Pin      Pin               Arrival     No. of    
Name                                  Type         Name     Dir     Delay     Time        Fan Out(s)
----------------------------------------------------------------------------------------------------
next_val_reg_fast[0]                  FD1P3AY      Q        Out     1.108     1.108 r     -         
next_val_reg_fast[0]                  Net          -        -       -         -           3         
threeN1_inst.intermediate_cry_0_0     CCU2D        B1       In      0.000     1.108 r     -         
threeN1_inst.intermediate_cry_0_0     CCU2D        COUT     Out     1.544     2.652 r     -         
intermediate_cry_0                    Net          -        -       -         -           1         
threeN1_inst.intermediate_cry_1_0     CCU2D        CIN      In      0.000     2.652 r     -         
threeN1_inst.intermediate_cry_1_0     CCU2D        S1       Out     1.821     4.473 r     -         
intermediate[2]                       Net          -        -       -         -           12        
threeN1_inst.un6_0[0]                 ORCALUT4     B        In      0.000     4.473 r     -         
threeN1_inst.un6_0[0]                 ORCALUT4     Z        Out     0.449     4.922 f     -         
N_6                                   Net          -        -       -         -           2         
collatz_count_1_cry_0_0               CCU2D        C1       In      0.000     4.922 f     -         
collatz_count_1_cry_0_0               CCU2D        COUT     Out     1.544     6.467 r     -         
collatz_count_1_cry_0                 Net          -        -       -         -           1         
collatz_count_1_cry_1_0               CCU2D        CIN      In      0.000     6.467 r     -         
collatz_count_1_cry_1_0               CCU2D        COUT     Out     0.143     6.609 r     -         
collatz_count_1_cry_2                 Net          -        -       -         -           1         
collatz_count_1_cry_3_0               CCU2D        CIN      In      0.000     6.609 r     -         
collatz_count_1_cry_3_0               CCU2D        COUT     Out     0.143     6.752 r     -         
collatz_count_1_cry_4                 Net          -        -       -         -           1         
collatz_count_1_cry_5_0               CCU2D        CIN      In      0.000     6.752 r     -         
collatz_count_1_cry_5_0               CCU2D        COUT     Out     0.143     6.895 r     -         
collatz_count_1_cry_6                 Net          -        -       -         -           1         
collatz_count_1_s_7_0                 CCU2D        CIN      In      0.000     6.895 r     -         
collatz_count_1_s_7_0                 CCU2D        S0       Out     1.549     8.444 r     -         
collatz_count_1[7]                    Net          -        -       -         -           1         
collatz_count[7]                      FD1P3AX      D        In      0.000     8.444 r     -         
====================================================================================================


Path information for path number 13: 
      Requested Period:                      8.007
    - Setup time:                            0.106
    + Clock delay at ending point:           0.000 (ideal)
    = Required time:                         7.901

    - Propagation time:                      8.388
    - Clock delay at starting point:         0.000 (ideal)
    = Slack (non-critical) :                 -0.487

    Number of logic level(s):                7
    Starting point:                          next_val_reg_fast[0] / Q
    Ending point:                            collatz_count[3] / D
    The start point is clocked by            fast_pll|CLKOP_inferred_clock [rising] (rise=0.000 fall=4.003 period=8.007) on pin CK
    The end   point is clocked by            fast_pll|CLKOP_inferred_clock [rising] (rise=0.000 fall=4.003 period=8.007) on pin CK

Instance / Net                                     Pin      Pin               Arrival     No. of    
Name                                  Type         Name     Dir     Delay     Time        Fan Out(s)
----------------------------------------------------------------------------------------------------
next_val_reg_fast[0]                  FD1P3AY      Q        Out     1.108     1.108 r     -         
next_val_reg_fast[0]                  Net          -        -       -         -           3         
threeN1_inst.intermediate_cry_0_0     CCU2D        B1       In      0.000     1.108 r     -         
threeN1_inst.intermediate_cry_0_0     CCU2D        COUT     Out     1.544     2.652 r     -         
intermediate_cry_0                    Net          -        -       -         -           1         
threeN1_inst.intermediate_cry_1_0     CCU2D        CIN      In      0.000     2.652 r     -         
threeN1_inst.intermediate_cry_1_0     CCU2D        COUT     Out     0.143     2.795 r     -         
intermediate_cry_2                    Net          -        -       -         -           1         
threeN1_inst.intermediate_cry_3_0     CCU2D        CIN      In      0.000     2.795 r     -         
threeN1_inst.intermediate_cry_3_0     CCU2D        S0       Out     1.908     4.703 r     -         
intermediate[3]                       Net          -        -       -         -           37        
threeN1_inst.un6_0[0]                 ORCALUT4     C        In      0.000     4.703 r     -         
threeN1_inst.un6_0[0]                 ORCALUT4     Z        Out     0.449     5.152 r     -         
N_6                                   Net          -        -       -         -           2         
collatz_count_1_cry_0_0               CCU2D        C1       In      0.000     5.152 r     -         
collatz_count_1_cry_0_0               CCU2D        COUT     Out     1.544     6.697 r     -         
collatz_count_1_cry_0                 Net          -        -       -         -           1         
collatz_count_1_cry_1_0               CCU2D        CIN      In      0.000     6.697 r     -         
collatz_count_1_cry_1_0               CCU2D        COUT     Out     0.143     6.839 r     -         
collatz_count_1_cry_2                 Net          -        -       -         -           1         
collatz_count_1_cry_3_0               CCU2D        CIN      In      0.000     6.839 r     -         
collatz_count_1_cry_3_0               CCU2D        S0       Out     1.549     8.388 r     -         
collatz_count_1[3]                    Net          -        -       -         -           1         
collatz_count[3]                      FD1P3AX      D        In      0.000     8.388 r     -         
====================================================================================================


Path information for path number 14: 
      Requested Period:                      8.007
    - Setup time:                            0.106
    + Clock delay at ending point:           0.000 (ideal)
    = Required time:                         7.901

    - Propagation time:                      8.388
    - Clock delay at starting point:         0.000 (ideal)
    = Slack (non-critical) :                 -0.487

    Number of logic level(s):                7
    Starting point:                          next_val_reg_fast[0] / Q
    Ending point:                            collatz_count[4] / D
    The start point is clocked by            fast_pll|CLKOP_inferred_clock [rising] (rise=0.000 fall=4.003 period=8.007) on pin CK
    The end   point is clocked by            fast_pll|CLKOP_inferred_clock [rising] (rise=0.000 fall=4.003 period=8.007) on pin CK

Instance / Net                                     Pin      Pin               Arrival     No. of    
Name                                  Type         Name     Dir     Delay     Time        Fan Out(s)
----------------------------------------------------------------------------------------------------
next_val_reg_fast[0]                  FD1P3AY      Q        Out     1.108     1.108 r     -         
next_val_reg_fast[0]                  Net          -        -       -         -           3         
threeN1_inst.intermediate_cry_0_0     CCU2D        B1       In      0.000     1.108 r     -         
threeN1_inst.intermediate_cry_0_0     CCU2D        COUT     Out     1.544     2.652 r     -         
intermediate_cry_0                    Net          -        -       -         -           1         
threeN1_inst.intermediate_cry_1_0     CCU2D        CIN      In      0.000     2.652 r     -         
threeN1_inst.intermediate_cry_1_0     CCU2D        COUT     Out     0.143     2.795 r     -         
intermediate_cry_2                    Net          -        -       -         -           1         
threeN1_inst.intermediate_cry_3_0     CCU2D        CIN      In      0.000     2.795 r     -         
threeN1_inst.intermediate_cry_3_0     CCU2D        S0       Out     1.908     4.703 r     -         
intermediate[3]                       Net          -        -       -         -           37        
threeN1_inst.un6_0[0]                 ORCALUT4     C        In      0.000     4.703 r     -         
threeN1_inst.un6_0[0]                 ORCALUT4     Z        Out     0.449     5.152 r     -         
N_6                                   Net          -        -       -         -           2         
collatz_count_1_cry_0_0               CCU2D        C1       In      0.000     5.152 r     -         
collatz_count_1_cry_0_0               CCU2D        COUT     Out     1.544     6.697 r     -         
collatz_count_1_cry_0                 Net          -        -       -         -           1         
collatz_count_1_cry_1_0               CCU2D        CIN      In      0.000     6.697 r     -         
collatz_count_1_cry_1_0               CCU2D        COUT     Out     0.143     6.839 r     -         
collatz_count_1_cry_2                 Net          -        -       -         -           1         
collatz_count_1_cry_3_0               CCU2D        CIN      In      0.000     6.839 r     -         
collatz_count_1_cry_3_0               CCU2D        S1       Out     1.549     8.388 r     -         
collatz_count_1[4]                    Net          -        -       -         -           1         
collatz_count[4]                      FD1P3AX      D        In      0.000     8.388 r     -         
====================================================================================================


Path information for path number 15: 
      Requested Period:                      8.007
    - Setup time:                            0.106
    + Clock delay at ending point:           0.000 (ideal)
    = Required time:                         7.901

    - Propagation time:                      8.388
    - Clock delay at starting point:         0.000 (ideal)
    = Slack (non-critical) :                 -0.487

    Number of logic level(s):                7
    Starting point:                          next_val_reg[2] / Q
    Ending point:                            collatz_count[7] / D
    The start point is clocked by            fast_pll|CLKOP_inferred_clock [rising] (rise=0.000 fall=4.003 period=8.007) on pin CK
    The end   point is clocked by            fast_pll|CLKOP_inferred_clock [rising] (rise=0.000 fall=4.003 period=8.007) on pin CK

Instance / Net                                              Pin      Pin               Arrival     No. of    
Name                                           Type         Name     Dir     Delay     Time        Fan Out(s)
-------------------------------------------------------------------------------------------------------------
next_val_reg[2]                                FD1P3AX      Q        Out     1.108     1.108 r     -         
next_val_reg[2]                                Net          -        -       -         -           3         
threeN1_inst.intermediate_cry_1_0              CCU2D        C1       In      0.000     1.108 r     -         
threeN1_inst.intermediate_cry_1_0              CCU2D        COUT     Out     1.544     2.652 r     -         
intermediate_cry_2                             Net          -        -       -         -           1         
threeN1_inst.intermediate_cry_3_0              CCU2D        CIN      In      0.000     2.652 r     -         
threeN1_inst.intermediate_cry_3_0              CCU2D        S0       Out     1.908     4.561 r     -         
intermediate[3]                                Net          -        -       -         -           37        
threeN1_inst.intermediate_cry_3_0_RNIH8VKA     ORCALUT4     B        In      0.000     4.561 r     -         
threeN1_inst.intermediate_cry_3_0_RNIH8VKA     ORCALUT4     Z        Out     0.449     5.009 r     -         
intermediate_cry_3_0_RNIH8VKA                  Net          -        -       -         -           1         
collatz_count_1_cry_1_0                        CCU2D        C1       In      0.000     5.009 r     -         
collatz_count_1_cry_1_0                        CCU2D        COUT     Out     1.544     6.554 r     -         
collatz_count_1_cry_2                          Net          -        -       -         -           1         
collatz_count_1_cry_3_0                        CCU2D        CIN      In      0.000     6.554 r     -         
collatz_count_1_cry_3_0                        CCU2D        COUT     Out     0.143     6.697 r     -         
collatz_count_1_cry_4                          Net          -        -       -         -           1         
collatz_count_1_cry_5_0                        CCU2D        CIN      In      0.000     6.697 r     -         
collatz_count_1_cry_5_0                        CCU2D        COUT     Out     0.143     6.839 r     -         
collatz_count_1_cry_6                          Net          -        -       -         -           1         
collatz_count_1_s_7_0                          CCU2D        CIN      In      0.000     6.839 r     -         
collatz_count_1_s_7_0                          CCU2D        S0       Out     1.549     8.388 r     -         
collatz_count_1[7]                             Net          -        -       -         -           1         
collatz_count[7]                               FD1P3AX      D        In      0.000     8.388 r     -         
=============================================================================================================


Path information for path number 16: 
      Requested Period:                      8.007
    - Setup time:                            0.106
    + Clock delay at ending point:           0.000 (ideal)
    = Required time:                         7.901

    - Propagation time:                      8.388
    - Clock delay at starting point:         0.000 (ideal)
    = Slack (non-critical) :                 -0.487

    Number of logic level(s):                7
    Starting point:                          next_val_reg[2] / Q
    Ending point:                            collatz_count[7] / D
    The start point is clocked by            fast_pll|CLKOP_inferred_clock [rising] (rise=0.000 fall=4.003 period=8.007) on pin CK
    The end   point is clocked by            fast_pll|CLKOP_inferred_clock [rising] (rise=0.000 fall=4.003 period=8.007) on pin CK

Instance / Net                                     Pin      Pin               Arrival     No. of    
Name                                  Type         Name     Dir     Delay     Time        Fan Out(s)
----------------------------------------------------------------------------------------------------
next_val_reg[2]                       FD1P3AX      Q        Out     1.108     1.108 r     -         
next_val_reg[2]                       Net          -        -       -         -           3         
threeN1_inst.intermediate_cry_1_0     CCU2D        C1       In      0.000     1.108 r     -         
threeN1_inst.intermediate_cry_1_0     CCU2D        COUT     Out     1.544     2.652 r     -         
intermediate_cry_2                    Net          -        -       -         -           1         
threeN1_inst.intermediate_cry_3_0     CCU2D        CIN      In      0.000     2.652 r     -         
threeN1_inst.intermediate_cry_3_0     CCU2D        S0       Out     1.908     4.561 r     -         
intermediate[3]                       Net          -        -       -         -           37        
threeN1_inst.un6_i[1]                 ORCALUT4     C        In      0.000     4.561 r     -         
threeN1_inst.un6_i[1]                 ORCALUT4     Z        Out     0.449     5.009 f     -         
N_11                                  Net          -        -       -         -           1         
collatz_count_1_cry_1_0               CCU2D        B0       In      0.000     5.009 f     -         
collatz_count_1_cry_1_0               CCU2D        COUT     Out     1.544     6.554 r     -         
collatz_count_1_cry_2                 Net          -        -       -         -           1         
collatz_count_1_cry_3_0               CCU2D        CIN      In      0.000     6.554 r     -         
collatz_count_1_cry_3_0               CCU2D        COUT     Out     0.143     6.697 r     -         
collatz_count_1_cry_4                 Net          -        -       -         -           1         
collatz_count_1_cry_5_0               CCU2D        CIN      In      0.000     6.697 r     -         
collatz_count_1_cry_5_0               CCU2D        COUT     Out     0.143     6.839 r     -         
collatz_count_1_cry_6                 Net          -        -       -         -           1         
collatz_count_1_s_7_0                 CCU2D        CIN      In      0.000     6.839 r     -         
collatz_count_1_s_7_0                 CCU2D        S0       Out     1.549     8.388 r     -         
collatz_count_1[7]                    Net          -        -       -         -           1         
collatz_count[7]                      FD1P3AX      D        In      0.000     8.388 r     -         
====================================================================================================


Path information for path number 17: 
      Requested Period:                      8.007
    - Setup time:                            0.106
    + Clock delay at ending point:           0.000 (ideal)
    = Required time:                         7.901

    - Propagation time:                      8.388
    - Clock delay at starting point:         0.000 (ideal)
    = Slack (non-critical) :                 -0.487

    Number of logic level(s):                7
    Starting point:                          next_val_reg[2] / Q
    Ending point:                            collatz_count[7] / D
    The start point is clocked by            fast_pll|CLKOP_inferred_clock [rising] (rise=0.000 fall=4.003 period=8.007) on pin CK
    The end   point is clocked by            fast_pll|CLKOP_inferred_clock [rising] (rise=0.000 fall=4.003 period=8.007) on pin CK

Instance / Net                                              Pin      Pin               Arrival     No. of    
Name                                           Type         Name     Dir     Delay     Time        Fan Out(s)
-------------------------------------------------------------------------------------------------------------
next_val_reg[2]                                FD1P3AX      Q        Out     1.108     1.108 r     -         
next_val_reg[2]                                Net          -        -       -         -           3         
threeN1_inst.intermediate_cry_1_0              CCU2D        C1       In      0.000     1.108 r     -         
threeN1_inst.intermediate_cry_1_0              CCU2D        COUT     Out     1.544     2.652 r     -         
intermediate_cry_2                             Net          -        -       -         -           1         
threeN1_inst.intermediate_cry_3_0              CCU2D        CIN      In      0.000     2.652 r     -         
threeN1_inst.intermediate_cry_3_0              CCU2D        S0       Out     1.908     4.561 r     -         
intermediate[3]                                Net          -        -       -         -           37        
threeN1_inst.intermediate_cry_1_0_RNIV5GFO     ORCALUT4     D        In      0.000     4.561 r     -         
threeN1_inst.intermediate_cry_1_0_RNIV5GFO     ORCALUT4     Z        Out     0.449     5.009 r     -         
CO0                                            Net          -        -       -         -           1         
collatz_count_1_cry_1_0                        CCU2D        C0       In      0.000     5.009 r     -         
collatz_count_1_cry_1_0                        CCU2D        COUT     Out     1.544     6.554 r     -         
collatz_count_1_cry_2                          Net          -        -       -         -           1         
collatz_count_1_cry_3_0                        CCU2D        CIN      In      0.000     6.554 r     -         
collatz_count_1_cry_3_0                        CCU2D        COUT     Out     0.143     6.697 r     -         
collatz_count_1_cry_4                          Net          -        -       -         -           1         
collatz_count_1_cry_5_0                        CCU2D        CIN      In      0.000     6.697 r     -         
collatz_count_1_cry_5_0                        CCU2D        COUT     Out     0.143     6.839 r     -         
collatz_count_1_cry_6                          Net          -        -       -         -           1         
collatz_count_1_s_7_0                          CCU2D        CIN      In      0.000     6.839 r     -         
collatz_count_1_s_7_0                          CCU2D        S0       Out     1.549     8.388 r     -         
collatz_count_1[7]                             Net          -        -       -         -           1         
collatz_count[7]                               FD1P3AX      D        In      0.000     8.388 r     -         
=============================================================================================================


Path information for path number 18: 
      Requested Period:                      8.007
    - Setup time:                            0.106
    + Clock delay at ending point:           0.000 (ideal)
    = Required time:                         7.901

    - Propagation time:                      8.388
    - Clock delay at starting point:         0.000 (ideal)
    = Slack (non-critical) :                 -0.487

    Number of logic level(s):                7
    Starting point:                          next_val_reg[2] / Q
    Ending point:                            collatz_count[5] / D
    The start point is clocked by            fast_pll|CLKOP_inferred_clock [rising] (rise=0.000 fall=4.003 period=8.007) on pin CK
    The end   point is clocked by            fast_pll|CLKOP_inferred_clock [rising] (rise=0.000 fall=4.003 period=8.007) on pin CK

Instance / Net                                     Pin      Pin               Arrival     No. of    
Name                                  Type         Name     Dir     Delay     Time        Fan Out(s)
----------------------------------------------------------------------------------------------------
next_val_reg[2]                       FD1P3AX      Q        Out     1.108     1.108 r     -         
next_val_reg[2]                       Net          -        -       -         -           3         
threeN1_inst.intermediate_cry_1_0     CCU2D        C1       In      0.000     1.108 r     -         
threeN1_inst.intermediate_cry_1_0     CCU2D        COUT     Out     1.544     2.652 r     -         
intermediate_cry_2                    Net          -        -       -         -           1         
threeN1_inst.intermediate_cry_3_0     CCU2D        CIN      In      0.000     2.652 r     -         
threeN1_inst.intermediate_cry_3_0     CCU2D        S0       Out     1.908     4.561 r     -         
intermediate[3]                       Net          -        -       -         -           37        
threeN1_inst.un6_0[0]                 ORCALUT4     C        In      0.000     4.561 r     -         
threeN1_inst.un6_0[0]                 ORCALUT4     Z        Out     0.449     5.009 r     -         
N_6                                   Net          -        -       -         -           2         
collatz_count_1_cry_0_0               CCU2D        C1       In      0.000     5.009 r     -         
collatz_count_1_cry_0_0               CCU2D        COUT     Out     1.544     6.554 r     -         
collatz_count_1_cry_0                 Net          -        -       -         -           1         
collatz_count_1_cry_1_0               CCU2D        CIN      In      0.000     6.554 r     -         
collatz_count_1_cry_1_0               CCU2D        COUT     Out     0.143     6.697 r     -         
collatz_count_1_cry_2                 Net          -        -       -         -           1         
collatz_count_1_cry_3_0               CCU2D        CIN      In      0.000     6.697 r     -         
collatz_count_1_cry_3_0               CCU2D        COUT     Out     0.143     6.839 r     -         
collatz_count_1_cry_4                 Net          -        -       -         -           1         
collatz_count_1_cry_5_0               CCU2D        CIN      In      0.000     6.839 r     -         
collatz_count_1_cry_5_0               CCU2D        S0       Out     1.549     8.388 r     -         
collatz_count_1[5]                    Net          -        -       -         -           1         
collatz_count[5]                      FD1P3AX      D        In      0.000     8.388 r     -         
====================================================================================================


Path information for path number 19: 
      Requested Period:                      8.007
    - Setup time:                            0.106
    + Clock delay at ending point:           0.000 (ideal)
    = Required time:                         7.901

    - Propagation time:                      8.388
    - Clock delay at starting point:         0.000 (ideal)
    = Slack (non-critical) :                 -0.487

    Number of logic level(s):                7
    Starting point:                          next_val_reg[2] / Q
    Ending point:                            collatz_count[6] / D
    The start point is clocked by            fast_pll|CLKOP_inferred_clock [rising] (rise=0.000 fall=4.003 period=8.007) on pin CK
    The end   point is clocked by            fast_pll|CLKOP_inferred_clock [rising] (rise=0.000 fall=4.003 period=8.007) on pin CK

Instance / Net                                     Pin      Pin               Arrival     No. of    
Name                                  Type         Name     Dir     Delay     Time        Fan Out(s)
----------------------------------------------------------------------------------------------------
next_val_reg[2]                       FD1P3AX      Q        Out     1.108     1.108 r     -         
next_val_reg[2]                       Net          -        -       -         -           3         
threeN1_inst.intermediate_cry_1_0     CCU2D        C1       In      0.000     1.108 r     -         
threeN1_inst.intermediate_cry_1_0     CCU2D        COUT     Out     1.544     2.652 r     -         
intermediate_cry_2                    Net          -        -       -         -           1         
threeN1_inst.intermediate_cry_3_0     CCU2D        CIN      In      0.000     2.652 r     -         
threeN1_inst.intermediate_cry_3_0     CCU2D        S0       Out     1.908     4.561 r     -         
intermediate[3]                       Net          -        -       -         -           37        
threeN1_inst.un6_0[0]                 ORCALUT4     C        In      0.000     4.561 r     -         
threeN1_inst.un6_0[0]                 ORCALUT4     Z        Out     0.449     5.009 r     -         
N_6                                   Net          -        -       -         -           2         
collatz_count_1_cry_0_0               CCU2D        C1       In      0.000     5.009 r     -         
collatz_count_1_cry_0_0               CCU2D        COUT     Out     1.544     6.554 r     -         
collatz_count_1_cry_0                 Net          -        -       -         -           1         
collatz_count_1_cry_1_0               CCU2D        CIN      In      0.000     6.554 r     -         
collatz_count_1_cry_1_0               CCU2D        COUT     Out     0.143     6.697 r     -         
collatz_count_1_cry_2                 Net          -        -       -         -           1         
collatz_count_1_cry_3_0               CCU2D        CIN      In      0.000     6.697 r     -         
collatz_count_1_cry_3_0               CCU2D        COUT     Out     0.143     6.839 r     -         
collatz_count_1_cry_4                 Net          -        -       -         -           1         
collatz_count_1_cry_5_0               CCU2D        CIN      In      0.000     6.839 r     -         
collatz_count_1_cry_5_0               CCU2D        S1       Out     1.549     8.388 r     -         
collatz_count_1[6]                    Net          -        -       -         -           1         
collatz_count[6]                      FD1P3AX      D        In      0.000     8.388 r     -         
====================================================================================================


Path information for path number 20: 
      Requested Period:                      8.007
    - Setup time:                            0.106
    + Clock delay at ending point:           0.000 (ideal)
    = Required time:                         7.901

    - Propagation time:                      8.388
    - Clock delay at starting point:         0.000 (ideal)
    = Slack (non-critical) :                 -0.487

    Number of logic level(s):                7
    Starting point:                          next_val_reg_fast[0] / Q
    Ending point:                            collatz_count[7] / D
    The start point is clocked by            fast_pll|CLKOP_inferred_clock [rising] (rise=0.000 fall=4.003 period=8.007) on pin CK
    The end   point is clocked by            fast_pll|CLKOP_inferred_clock [rising] (rise=0.000 fall=4.003 period=8.007) on pin CK

Instance / Net                                              Pin      Pin               Arrival     No. of    
Name                                           Type         Name     Dir     Delay     Time        Fan Out(s)
-------------------------------------------------------------------------------------------------------------
next_val_reg_fast[0]                           FD1P3AY      Q        Out     1.108     1.108 r     -         
next_val_reg_fast[0]                           Net          -        -       -         -           3         
threeN1_inst.intermediate_cry_1_0              CCU2D        A1       In      0.000     1.108 r     -         
threeN1_inst.intermediate_cry_1_0              CCU2D        COUT     Out     1.544     2.652 r     -         
intermediate_cry_2                             Net          -        -       -         -           1         
threeN1_inst.intermediate_cry_3_0              CCU2D        CIN      In      0.000     2.652 r     -         
threeN1_inst.intermediate_cry_3_0              CCU2D        S0       Out     1.908     4.561 r     -         
intermediate[3]                                Net          -        -       -         -           37        
threeN1_inst.intermediate_cry_3_0_RNIH8VKA     ORCALUT4     B        In      0.000     4.561 r     -         
threeN1_inst.intermediate_cry_3_0_RNIH8VKA     ORCALUT4     Z        Out     0.449     5.009 r     -         
intermediate_cry_3_0_RNIH8VKA                  Net          -        -       -         -           1         
collatz_count_1_cry_1_0                        CCU2D        C1       In      0.000     5.009 r     -         
collatz_count_1_cry_1_0                        CCU2D        COUT     Out     1.544     6.554 r     -         
collatz_count_1_cry_2                          Net          -        -       -         -           1         
collatz_count_1_cry_3_0                        CCU2D        CIN      In      0.000     6.554 r     -         
collatz_count_1_cry_3_0                        CCU2D        COUT     Out     0.143     6.697 r     -         
collatz_count_1_cry_4                          Net          -        -       -         -           1         
collatz_count_1_cry_5_0                        CCU2D        CIN      In      0.000     6.697 r     -         
collatz_count_1_cry_5_0                        CCU2D        COUT     Out     0.143     6.839 r     -         
collatz_count_1_cry_6                          Net          -        -       -         -           1         
collatz_count_1_s_7_0                          CCU2D        CIN      In      0.000     6.839 r     -         
collatz_count_1_s_7_0                          CCU2D        S0       Out     1.549     8.388 r     -         
collatz_count_1[7]                             Net          -        -       -         -           1         
collatz_count[7]                               FD1P3AX      D        In      0.000     8.388 r     -         
=============================================================================================================


Path information for path number 21: 
      Requested Period:                      8.007
    - Setup time:                            0.106
    + Clock delay at ending point:           0.000 (ideal)
    = Required time:                         7.901

    - Propagation time:                      8.388
    - Clock delay at starting point:         0.000 (ideal)
    = Slack (non-critical) :                 -0.487

    Number of logic level(s):                7
    Starting point:                          next_val_reg_fast[0] / Q
    Ending point:                            collatz_count[7] / D
    The start point is clocked by            fast_pll|CLKOP_inferred_clock [rising] (rise=0.000 fall=4.003 period=8.007) on pin CK
    The end   point is clocked by            fast_pll|CLKOP_inferred_clock [rising] (rise=0.000 fall=4.003 period=8.007) on pin CK

Instance / Net                                     Pin      Pin               Arrival     No. of    
Name                                  Type         Name     Dir     Delay     Time        Fan Out(s)
----------------------------------------------------------------------------------------------------
next_val_reg_fast[0]                  FD1P3AY      Q        Out     1.108     1.108 r     -         
next_val_reg_fast[0]                  Net          -        -       -         -           3         
threeN1_inst.intermediate_cry_1_0     CCU2D        A1       In      0.000     1.108 r     -         
threeN1_inst.intermediate_cry_1_0     CCU2D        COUT     Out     1.544     2.652 r     -         
intermediate_cry_2                    Net          -        -       -         -           1         
threeN1_inst.intermediate_cry_3_0     CCU2D        CIN      In      0.000     2.652 r     -         
threeN1_inst.intermediate_cry_3_0     CCU2D        S0       Out     1.908     4.561 r     -         
intermediate[3]                       Net          -        -       -         -           37        
threeN1_inst.un6_i[1]                 ORCALUT4     C        In      0.000     4.561 r     -         
threeN1_inst.un6_i[1]                 ORCALUT4     Z        Out     0.449     5.009 f     -         
N_11                                  Net          -        -       -         -           1         
collatz_count_1_cry_1_0               CCU2D        B0       In      0.000     5.009 f     -         
collatz_count_1_cry_1_0               CCU2D        COUT     Out     1.544     6.554 r     -         
collatz_count_1_cry_2                 Net          -        -       -         -           1         
collatz_count_1_cry_3_0               CCU2D        CIN      In      0.000     6.554 r     -         
collatz_count_1_cry_3_0               CCU2D        COUT     Out     0.143     6.697 r     -         
collatz_count_1_cry_4                 Net          -        -       -         -           1         
collatz_count_1_cry_5_0               CCU2D        CIN      In      0.000     6.697 r     -         
collatz_count_1_cry_5_0               CCU2D        COUT     Out     0.143     6.839 r     -         
collatz_count_1_cry_6                 Net          -        -       -         -           1         
collatz_count_1_s_7_0                 CCU2D        CIN      In      0.000     6.839 r     -         
collatz_count_1_s_7_0                 CCU2D        S0       Out     1.549     8.388 r     -         
collatz_count_1[7]                    Net          -        -       -         -           1         
collatz_count[7]                      FD1P3AX      D        In      0.000     8.388 r     -         
====================================================================================================


Path information for path number 22: 
      Requested Period:                      8.007
    - Setup time:                            0.106
    + Clock delay at ending point:           0.000 (ideal)
    = Required time:                         7.901

    - Propagation time:                      8.388
    - Clock delay at starting point:         0.000 (ideal)
    = Slack (non-critical) :                 -0.487

    Number of logic level(s):                7
    Starting point:                          next_val_reg_fast[0] / Q
    Ending point:                            collatz_count[7] / D
    The start point is clocked by            fast_pll|CLKOP_inferred_clock [rising] (rise=0.000 fall=4.003 period=8.007) on pin CK
    The end   point is clocked by            fast_pll|CLKOP_inferred_clock [rising] (rise=0.000 fall=4.003 period=8.007) on pin CK

Instance / Net                                              Pin      Pin               Arrival     No. of    
Name                                           Type         Name     Dir     Delay     Time        Fan Out(s)
-------------------------------------------------------------------------------------------------------------
next_val_reg_fast[0]                           FD1P3AY      Q        Out     1.108     1.108 r     -         
next_val_reg_fast[0]                           Net          -        -       -         -           3         
threeN1_inst.intermediate_cry_1_0              CCU2D        A1       In      0.000     1.108 r     -         
threeN1_inst.intermediate_cry_1_0              CCU2D        COUT     Out     1.544     2.652 r     -         
intermediate_cry_2                             Net          -        -       -         -           1         
threeN1_inst.intermediate_cry_3_0              CCU2D        CIN      In      0.000     2.652 r     -         
threeN1_inst.intermediate_cry_3_0              CCU2D        S0       Out     1.908     4.561 r     -         
intermediate[3]                                Net          -        -       -         -           37        
threeN1_inst.intermediate_cry_1_0_RNIV5GFO     ORCALUT4     D        In      0.000     4.561 r     -         
threeN1_inst.intermediate_cry_1_0_RNIV5GFO     ORCALUT4     Z        Out     0.449     5.009 r     -         
CO0                                            Net          -        -       -         -           1         
collatz_count_1_cry_1_0                        CCU2D        C0       In      0.000     5.009 r     -         
collatz_count_1_cry_1_0                        CCU2D        COUT     Out     1.544     6.554 r     -         
collatz_count_1_cry_2                          Net          -        -       -         -           1         
collatz_count_1_cry_3_0                        CCU2D        CIN      In      0.000     6.554 r     -         
collatz_count_1_cry_3_0                        CCU2D        COUT     Out     0.143     6.697 r     -         
collatz_count_1_cry_4                          Net          -        -       -         -           1         
collatz_count_1_cry_5_0                        CCU2D        CIN      In      0.000     6.697 r     -         
collatz_count_1_cry_5_0                        CCU2D        COUT     Out     0.143     6.839 r     -         
collatz_count_1_cry_6                          Net          -        -       -         -           1         
collatz_count_1_s_7_0                          CCU2D        CIN      In      0.000     6.839 r     -         
collatz_count_1_s_7_0                          CCU2D        S0       Out     1.549     8.388 r     -         
collatz_count_1[7]                             Net          -        -       -         -           1         
collatz_count[7]                               FD1P3AX      D        In      0.000     8.388 r     -         
=============================================================================================================


Path information for path number 23: 
      Requested Period:                      8.007
    - Setup time:                            0.106
    + Clock delay at ending point:           0.000 (ideal)
    = Required time:                         7.901

    - Propagation time:                      8.388
    - Clock delay at starting point:         0.000 (ideal)
    = Slack (non-critical) :                 -0.487

    Number of logic level(s):                7
    Starting point:                          next_val_reg_fast[0] / Q
    Ending point:                            collatz_count[5] / D
    The start point is clocked by            fast_pll|CLKOP_inferred_clock [rising] (rise=0.000 fall=4.003 period=8.007) on pin CK
    The end   point is clocked by            fast_pll|CLKOP_inferred_clock [rising] (rise=0.000 fall=4.003 period=8.007) on pin CK

Instance / Net                                     Pin      Pin               Arrival     No. of    
Name                                  Type         Name     Dir     Delay     Time        Fan Out(s)
----------------------------------------------------------------------------------------------------
next_val_reg_fast[0]                  FD1P3AY      Q        Out     1.108     1.108 r     -         
next_val_reg_fast[0]                  Net          -        -       -         -           3         
threeN1_inst.intermediate_cry_1_0     CCU2D        A1       In      0.000     1.108 r     -         
threeN1_inst.intermediate_cry_1_0     CCU2D        COUT     Out     1.544     2.652 r     -         
intermediate_cry_2                    Net          -        -       -         -           1         
threeN1_inst.intermediate_cry_3_0     CCU2D        CIN      In      0.000     2.652 r     -         
threeN1_inst.intermediate_cry_3_0     CCU2D        S0       Out     1.908     4.561 r     -         
intermediate[3]                       Net          -        -       -         -           37        
threeN1_inst.un6_0[0]                 ORCALUT4     C        In      0.000     4.561 r     -         
threeN1_inst.un6_0[0]                 ORCALUT4     Z        Out     0.449     5.009 r     -         
N_6                                   Net          -        -       -         -           2         
collatz_count_1_cry_0_0               CCU2D        C1       In      0.000     5.009 r     -         
collatz_count_1_cry_0_0               CCU2D        COUT     Out     1.544     6.554 r     -         
collatz_count_1_cry_0                 Net          -        -       -         -           1         
collatz_count_1_cry_1_0               CCU2D        CIN      In      0.000     6.554 r     -         
collatz_count_1_cry_1_0               CCU2D        COUT     Out     0.143     6.697 r     -         
collatz_count_1_cry_2                 Net          -        -       -         -           1         
collatz_count_1_cry_3_0               CCU2D        CIN      In      0.000     6.697 r     -         
collatz_count_1_cry_3_0               CCU2D        COUT     Out     0.143     6.839 r     -         
collatz_count_1_cry_4                 Net          -        -       -         -           1         
collatz_count_1_cry_5_0               CCU2D        CIN      In      0.000     6.839 r     -         
collatz_count_1_cry_5_0               CCU2D        S0       Out     1.549     8.388 r     -         
collatz_count_1[5]                    Net          -        -       -         -           1         
collatz_count[5]                      FD1P3AX      D        In      0.000     8.388 r     -         
====================================================================================================


Path information for path number 24: 
      Requested Period:                      8.007
    - Setup time:                            0.106
    + Clock delay at ending point:           0.000 (ideal)
    = Required time:                         7.901

    - Propagation time:                      8.388
    - Clock delay at starting point:         0.000 (ideal)
    = Slack (non-critical) :                 -0.487

    Number of logic level(s):                7
    Starting point:                          next_val_reg_fast[0] / Q
    Ending point:                            collatz_count[6] / D
    The start point is clocked by            fast_pll|CLKOP_inferred_clock [rising] (rise=0.000 fall=4.003 period=8.007) on pin CK
    The end   point is clocked by            fast_pll|CLKOP_inferred_clock [rising] (rise=0.000 fall=4.003 period=8.007) on pin CK

Instance / Net                                     Pin      Pin               Arrival     No. of    
Name                                  Type         Name     Dir     Delay     Time        Fan Out(s)
----------------------------------------------------------------------------------------------------
next_val_reg_fast[0]                  FD1P3AY      Q        Out     1.108     1.108 r     -         
next_val_reg_fast[0]                  Net          -        -       -         -           3         
threeN1_inst.intermediate_cry_1_0     CCU2D        A1       In      0.000     1.108 r     -         
threeN1_inst.intermediate_cry_1_0     CCU2D        COUT     Out     1.544     2.652 r     -         
intermediate_cry_2                    Net          -        -       -         -           1         
threeN1_inst.intermediate_cry_3_0     CCU2D        CIN      In      0.000     2.652 r     -         
threeN1_inst.intermediate_cry_3_0     CCU2D        S0       Out     1.908     4.561 r     -         
intermediate[3]                       Net          -        -       -         -           37        
threeN1_inst.un6_0[0]                 ORCALUT4     C        In      0.000     4.561 r     -         
threeN1_inst.un6_0[0]                 ORCALUT4     Z        Out     0.449     5.009 r     -         
N_6                                   Net          -        -       -         -           2         
collatz_count_1_cry_0_0               CCU2D        C1       In      0.000     5.009 r     -         
collatz_count_1_cry_0_0               CCU2D        COUT     Out     1.544     6.554 r     -         
collatz_count_1_cry_0                 Net          -        -       -         -           1         
collatz_count_1_cry_1_0               CCU2D        CIN      In      0.000     6.554 r     -         
collatz_count_1_cry_1_0               CCU2D        COUT     Out     0.143     6.697 r     -         
collatz_count_1_cry_2                 Net          -        -       -         -           1         
collatz_count_1_cry_3_0               CCU2D        CIN      In      0.000     6.697 r     -         
collatz_count_1_cry_3_0               CCU2D        COUT     Out     0.143     6.839 r     -         
collatz_count_1_cry_4                 Net          -        -       -         -           1         
collatz_count_1_cry_5_0               CCU2D        CIN      In      0.000     6.839 r     -         
collatz_count_1_cry_5_0               CCU2D        S1       Out     1.549     8.388 r     -         
collatz_count_1[6]                    Net          -        -       -         -           1         
collatz_count[6]                      FD1P3AX      D        In      0.000     8.388 r     -         
====================================================================================================


Path information for path number 25: 
      Requested Period:                      8.007
    - Setup time:                            0.106
    + Clock delay at ending point:           0.000 (ideal)
    = Required time:                         7.901

    - Propagation time:                      8.388
    - Clock delay at starting point:         0.000 (ideal)
    = Slack (non-critical) :                 -0.487

    Number of logic level(s):                7
    Starting point:                          next_val_reg_fast[0] / Q
    Ending point:                            collatz_count[7] / D
    The start point is clocked by            fast_pll|CLKOP_inferred_clock [rising] (rise=0.000 fall=4.003 period=8.007) on pin CK
    The end   point is clocked by            fast_pll|CLKOP_inferred_clock [rising] (rise=0.000 fall=4.003 period=8.007) on pin CK

Instance / Net                                              Pin      Pin               Arrival     No. of    
Name                                           Type         Name     Dir     Delay     Time        Fan Out(s)
-------------------------------------------------------------------------------------------------------------
next_val_reg_fast[0]                           FD1P3AY      Q        Out     1.108     1.108 r     -         
next_val_reg_fast[0]                           Net          -        -       -         -           3         
threeN1_inst.intermediate_cry_1_0              CCU2D        B0       In      0.000     1.108 r     -         
threeN1_inst.intermediate_cry_1_0              CCU2D        COUT     Out     1.544     2.652 r     -         
intermediate_cry_2                             Net          -        -       -         -           1         
threeN1_inst.intermediate_cry_3_0              CCU2D        CIN      In      0.000     2.652 r     -         
threeN1_inst.intermediate_cry_3_0              CCU2D        S0       Out     1.908     4.561 r     -         
intermediate[3]                                Net          -        -       -         -           37        
threeN1_inst.intermediate_cry_3_0_RNIH8VKA     ORCALUT4     B        In      0.000     4.561 r     -         
threeN1_inst.intermediate_cry_3_0_RNIH8VKA     ORCALUT4     Z        Out     0.449     5.009 r     -         
intermediate_cry_3_0_RNIH8VKA                  Net          -        -       -         -           1         
collatz_count_1_cry_1_0                        CCU2D        C1       In      0.000     5.009 r     -         
collatz_count_1_cry_1_0                        CCU2D        COUT     Out     1.544     6.554 r     -         
collatz_count_1_cry_2                          Net          -        -       -         -           1         
collatz_count_1_cry_3_0                        CCU2D        CIN      In      0.000     6.554 r     -         
collatz_count_1_cry_3_0                        CCU2D        COUT     Out     0.143     6.697 r     -         
collatz_count_1_cry_4                          Net          -        -       -         -           1         
collatz_count_1_cry_5_0                        CCU2D        CIN      In      0.000     6.697 r     -         
collatz_count_1_cry_5_0                        CCU2D        COUT     Out     0.143     6.839 r     -         
collatz_count_1_cry_6                          Net          -        -       -         -           1         
collatz_count_1_s_7_0                          CCU2D        CIN      In      0.000     6.839 r     -         
collatz_count_1_s_7_0                          CCU2D        S0       Out     1.549     8.388 r     -         
collatz_count_1[7]                             Net          -        -       -         -           1         
collatz_count[7]                               FD1P3AX      D        In      0.000     8.388 r     -         
=============================================================================================================


Path information for path number 26: 
      Requested Period:                      8.007
    - Setup time:                            0.106
    + Clock delay at ending point:           0.000 (ideal)
    = Required time:                         7.901

    - Propagation time:                      8.388
    - Clock delay at starting point:         0.000 (ideal)
    = Slack (non-critical) :                 -0.487

    Number of logic level(s):                7
    Starting point:                          next_val_reg_fast[0] / Q
    Ending point:                            collatz_count[7] / D
    The start point is clocked by            fast_pll|CLKOP_inferred_clock [rising] (rise=0.000 fall=4.003 period=8.007) on pin CK
    The end   point is clocked by            fast_pll|CLKOP_inferred_clock [rising] (rise=0.000 fall=4.003 period=8.007) on pin CK

Instance / Net                                     Pin      Pin               Arrival     No. of    
Name                                  Type         Name     Dir     Delay     Time        Fan Out(s)
----------------------------------------------------------------------------------------------------
next_val_reg_fast[0]                  FD1P3AY      Q        Out     1.108     1.108 r     -         
next_val_reg_fast[0]                  Net          -        -       -         -           3         
threeN1_inst.intermediate_cry_1_0     CCU2D        B0       In      0.000     1.108 r     -         
threeN1_inst.intermediate_cry_1_0     CCU2D        COUT     Out     1.544     2.652 r     -         
intermediate_cry_2                    Net          -        -       -         -           1         
threeN1_inst.intermediate_cry_3_0     CCU2D        CIN      In      0.000     2.652 r     -         
threeN1_inst.intermediate_cry_3_0     CCU2D        S0       Out     1.908     4.561 r     -         
intermediate[3]                       Net          -        -       -         -           37        
threeN1_inst.un6_i[1]                 ORCALUT4     C        In      0.000     4.561 r     -         
threeN1_inst.un6_i[1]                 ORCALUT4     Z        Out     0.449     5.009 f     -         
N_11                                  Net          -        -       -         -           1         
collatz_count_1_cry_1_0               CCU2D        B0       In      0.000     5.009 f     -         
collatz_count_1_cry_1_0               CCU2D        COUT     Out     1.544     6.554 r     -         
collatz_count_1_cry_2                 Net          -        -       -         -           1         
collatz_count_1_cry_3_0               CCU2D        CIN      In      0.000     6.554 r     -         
collatz_count_1_cry_3_0               CCU2D        COUT     Out     0.143     6.697 r     -         
collatz_count_1_cry_4                 Net          -        -       -         -           1         
collatz_count_1_cry_5_0               CCU2D        CIN      In      0.000     6.697 r     -         
collatz_count_1_cry_5_0               CCU2D        COUT     Out     0.143     6.839 r     -         
collatz_count_1_cry_6                 Net          -        -       -         -           1         
collatz_count_1_s_7_0                 CCU2D        CIN      In      0.000     6.839 r     -         
collatz_count_1_s_7_0                 CCU2D        S0       Out     1.549     8.388 r     -         
collatz_count_1[7]                    Net          -        -       -         -           1         
collatz_count[7]                      FD1P3AX      D        In      0.000     8.388 r     -         
====================================================================================================


Path information for path number 27: 
      Requested Period:                      8.007
    - Setup time:                            0.106
    + Clock delay at ending point:           0.000 (ideal)
    = Required time:                         7.901

    - Propagation time:                      8.388
    - Clock delay at starting point:         0.000 (ideal)
    = Slack (non-critical) :                 -0.487

    Number of logic level(s):                7
    Starting point:                          next_val_reg_fast[0] / Q
    Ending point:                            collatz_count[7] / D
    The start point is clocked by            fast_pll|CLKOP_inferred_clock [rising] (rise=0.000 fall=4.003 period=8.007) on pin CK
    The end   point is clocked by            fast_pll|CLKOP_inferred_clock [rising] (rise=0.000 fall=4.003 period=8.007) on pin CK

Instance / Net                                              Pin      Pin               Arrival     No. of    
Name                                           Type         Name     Dir     Delay     Time        Fan Out(s)
-------------------------------------------------------------------------------------------------------------
next_val_reg_fast[0]                           FD1P3AY      Q        Out     1.108     1.108 r     -         
next_val_reg_fast[0]                           Net          -        -       -         -           3         
threeN1_inst.intermediate_cry_1_0              CCU2D        B0       In      0.000     1.108 r     -         
threeN1_inst.intermediate_cry_1_0              CCU2D        COUT     Out     1.544     2.652 r     -         
intermediate_cry_2                             Net          -        -       -         -           1         
threeN1_inst.intermediate_cry_3_0              CCU2D        CIN      In      0.000     2.652 r     -         
threeN1_inst.intermediate_cry_3_0              CCU2D        S0       Out     1.908     4.561 r     -         
intermediate[3]                                Net          -        -       -         -           37        
threeN1_inst.intermediate_cry_1_0_RNIV5GFO     ORCALUT4     D        In      0.000     4.561 r     -         
threeN1_inst.intermediate_cry_1_0_RNIV5GFO     ORCALUT4     Z        Out     0.449     5.009 r     -         
CO0                                            Net          -        -       -         -           1         
collatz_count_1_cry_1_0                        CCU2D        C0       In      0.000     5.009 r     -         
collatz_count_1_cry_1_0                        CCU2D        COUT     Out     1.544     6.554 r     -         
collatz_count_1_cry_2                          Net          -        -       -         -           1         
collatz_count_1_cry_3_0                        CCU2D        CIN      In      0.000     6.554 r     -         
collatz_count_1_cry_3_0                        CCU2D        COUT     Out     0.143     6.697 r     -         
collatz_count_1_cry_4                          Net          -        -       -         -           1         
collatz_count_1_cry_5_0                        CCU2D        CIN      In      0.000     6.697 r     -         
collatz_count_1_cry_5_0                        CCU2D        COUT     Out     0.143     6.839 r     -         
collatz_count_1_cry_6                          Net          -        -       -         -           1         
collatz_count_1_s_7_0                          CCU2D        CIN      In      0.000     6.839 r     -         
collatz_count_1_s_7_0                          CCU2D        S0       Out     1.549     8.388 r     -         
collatz_count_1[7]                             Net          -        -       -         -           1         
collatz_count[7]                               FD1P3AX      D        In      0.000     8.388 r     -         
=============================================================================================================


Path information for path number 28: 
      Requested Period:                      8.007
    - Setup time:                            0.106
    + Clock delay at ending point:           0.000 (ideal)
    = Required time:                         7.901

    - Propagation time:                      8.388
    - Clock delay at starting point:         0.000 (ideal)
    = Slack (non-critical) :                 -0.487

    Number of logic level(s):                7
    Starting point:                          next_val_reg_fast[0] / Q
    Ending point:                            collatz_count[5] / D
    The start point is clocked by            fast_pll|CLKOP_inferred_clock [rising] (rise=0.000 fall=4.003 period=8.007) on pin CK
    The end   point is clocked by            fast_pll|CLKOP_inferred_clock [rising] (rise=0.000 fall=4.003 period=8.007) on pin CK

Instance / Net                                     Pin      Pin               Arrival     No. of    
Name                                  Type         Name     Dir     Delay     Time        Fan Out(s)
----------------------------------------------------------------------------------------------------
next_val_reg_fast[0]                  FD1P3AY      Q        Out     1.108     1.108 r     -         
next_val_reg_fast[0]                  Net          -        -       -         -           3         
threeN1_inst.intermediate_cry_1_0     CCU2D        B0       In      0.000     1.108 r     -         
threeN1_inst.intermediate_cry_1_0     CCU2D        COUT     Out     1.544     2.652 r     -         
intermediate_cry_2                    Net          -        -       -         -           1         
threeN1_inst.intermediate_cry_3_0     CCU2D        CIN      In      0.000     2.652 r     -         
threeN1_inst.intermediate_cry_3_0     CCU2D        S0       Out     1.908     4.561 r     -         
intermediate[3]                       Net          -        -       -         -           37        
threeN1_inst.un6_0[0]                 ORCALUT4     C        In      0.000     4.561 r     -         
threeN1_inst.un6_0[0]                 ORCALUT4     Z        Out     0.449     5.009 r     -         
N_6                                   Net          -        -       -         -           2         
collatz_count_1_cry_0_0               CCU2D        C1       In      0.000     5.009 r     -         
collatz_count_1_cry_0_0               CCU2D        COUT     Out     1.544     6.554 r     -         
collatz_count_1_cry_0                 Net          -        -       -         -           1         
collatz_count_1_cry_1_0               CCU2D        CIN      In      0.000     6.554 r     -         
collatz_count_1_cry_1_0               CCU2D        COUT     Out     0.143     6.697 r     -         
collatz_count_1_cry_2                 Net          -        -       -         -           1         
collatz_count_1_cry_3_0               CCU2D        CIN      In      0.000     6.697 r     -         
collatz_count_1_cry_3_0               CCU2D        COUT     Out     0.143     6.839 r     -         
collatz_count_1_cry_4                 Net          -        -       -         -           1         
collatz_count_1_cry_5_0               CCU2D        CIN      In      0.000     6.839 r     -         
collatz_count_1_cry_5_0               CCU2D        S0       Out     1.549     8.388 r     -         
collatz_count_1[5]                    Net          -        -       -         -           1         
collatz_count[5]                      FD1P3AX      D        In      0.000     8.388 r     -         
====================================================================================================


Path information for path number 29: 
      Requested Period:                      8.007
    - Setup time:                            0.106
    + Clock delay at ending point:           0.000 (ideal)
    = Required time:                         7.901

    - Propagation time:                      8.388
    - Clock delay at starting point:         0.000 (ideal)
    = Slack (non-critical) :                 -0.487

    Number of logic level(s):                7
    Starting point:                          next_val_reg_fast[0] / Q
    Ending point:                            collatz_count[6] / D
    The start point is clocked by            fast_pll|CLKOP_inferred_clock [rising] (rise=0.000 fall=4.003 period=8.007) on pin CK
    The end   point is clocked by            fast_pll|CLKOP_inferred_clock [rising] (rise=0.000 fall=4.003 period=8.007) on pin CK

Instance / Net                                     Pin      Pin               Arrival     No. of    
Name                                  Type         Name     Dir     Delay     Time        Fan Out(s)
----------------------------------------------------------------------------------------------------
next_val_reg_fast[0]                  FD1P3AY      Q        Out     1.108     1.108 r     -         
next_val_reg_fast[0]                  Net          -        -       -         -           3         
threeN1_inst.intermediate_cry_1_0     CCU2D        B0       In      0.000     1.108 r     -         
threeN1_inst.intermediate_cry_1_0     CCU2D        COUT     Out     1.544     2.652 r     -         
intermediate_cry_2                    Net          -        -       -         -           1         
threeN1_inst.intermediate_cry_3_0     CCU2D        CIN      In      0.000     2.652 r     -         
threeN1_inst.intermediate_cry_3_0     CCU2D        S0       Out     1.908     4.561 r     -         
intermediate[3]                       Net          -        -       -         -           37        
threeN1_inst.un6_0[0]                 ORCALUT4     C        In      0.000     4.561 r     -         
threeN1_inst.un6_0[0]                 ORCALUT4     Z        Out     0.449     5.009 r     -         
N_6                                   Net          -        -       -         -           2         
collatz_count_1_cry_0_0               CCU2D        C1       In      0.000     5.009 r     -         
collatz_count_1_cry_0_0               CCU2D        COUT     Out     1.544     6.554 r     -         
collatz_count_1_cry_0                 Net          -        -       -         -           1         
collatz_count_1_cry_1_0               CCU2D        CIN      In      0.000     6.554 r     -         
collatz_count_1_cry_1_0               CCU2D        COUT     Out     0.143     6.697 r     -         
collatz_count_1_cry_2                 Net          -        -       -         -           1         
collatz_count_1_cry_3_0               CCU2D        CIN      In      0.000     6.697 r     -         
collatz_count_1_cry_3_0               CCU2D        COUT     Out     0.143     6.839 r     -         
collatz_count_1_cry_4                 Net          -        -       -         -           1         
collatz_count_1_cry_5_0               CCU2D        CIN      In      0.000     6.839 r     -         
collatz_count_1_cry_5_0               CCU2D        S1       Out     1.549     8.388 r     -         
collatz_count_1[6]                    Net          -        -       -         -           1         
collatz_count[6]                      FD1P3AX      D        In      0.000     8.388 r     -         
====================================================================================================


Path information for path number 30: 
      Requested Period:                      8.007
    - Setup time:                            0.106
    + Clock delay at ending point:           0.000 (ideal)
    = Required time:                         7.901

    - Propagation time:                      8.388
    - Clock delay at starting point:         0.000 (ideal)
    = Slack (non-critical) :                 -0.487

    Number of logic level(s):                7
    Starting point:                          next_val_reg_fast[0] / Q
    Ending point:                            collatz_count[5] / D
    The start point is clocked by            fast_pll|CLKOP_inferred_clock [rising] (rise=0.000 fall=4.003 period=8.007) on pin CK
    The end   point is clocked by            fast_pll|CLKOP_inferred_clock [rising] (rise=0.000 fall=4.003 period=8.007) on pin CK

Instance / Net                                              Pin      Pin               Arrival     No. of    
Name                                           Type         Name     Dir     Delay     Time        Fan Out(s)
-------------------------------------------------------------------------------------------------------------
next_val_reg_fast[0]                           FD1P3AY      Q        Out     1.108     1.108 r     -         
next_val_reg_fast[0]                           Net          -        -       -         -           3         
threeN1_inst.intermediate_cry_0_0              CCU2D        B1       In      0.000     1.108 r     -         
threeN1_inst.intermediate_cry_0_0              CCU2D        COUT     Out     1.544     2.652 r     -         
intermediate_cry_0                             Net          -        -       -         -           1         
threeN1_inst.intermediate_cry_1_0              CCU2D        CIN      In      0.000     2.652 r     -         
threeN1_inst.intermediate_cry_1_0              CCU2D        COUT     Out     0.143     2.795 r     -         
intermediate_cry_2                             Net          -        -       -         -           1         
threeN1_inst.intermediate_cry_3_0              CCU2D        CIN      In      0.000     2.795 r     -         
threeN1_inst.intermediate_cry_3_0              CCU2D        S0       Out     1.908     4.703 r     -         
intermediate[3]                                Net          -        -       -         -           37        
threeN1_inst.intermediate_cry_3_0_RNIH8VKA     ORCALUT4     B        In      0.000     4.703 r     -         
threeN1_inst.intermediate_cry_3_0_RNIH8VKA     ORCALUT4     Z        Out     0.449     5.152 r     -         
intermediate_cry_3_0_RNIH8VKA                  Net          -        -       -         -           1         
collatz_count_1_cry_1_0                        CCU2D        C1       In      0.000     5.152 r     -         
collatz_count_1_cry_1_0                        CCU2D        COUT     Out     1.544     6.697 r     -         
collatz_count_1_cry_2                          Net          -        -       -         -           1         
collatz_count_1_cry_3_0                        CCU2D        CIN      In      0.000     6.697 r     -         
collatz_count_1_cry_3_0                        CCU2D        COUT     Out     0.143     6.839 r     -         
collatz_count_1_cry_4                          Net          -        -       -         -           1         
collatz_count_1_cry_5_0                        CCU2D        CIN      In      0.000     6.839 r     -         
collatz_count_1_cry_5_0                        CCU2D        S0       Out     1.549     8.388 r     -         
collatz_count_1[5]                             Net          -        -       -         -           1         
collatz_count[5]                               FD1P3AX      D        In      0.000     8.388 r     -         
=============================================================================================================


Path information for path number 31: 
      Requested Period:                      8.007
    - Setup time:                            0.106
    + Clock delay at ending point:           0.000 (ideal)
    = Required time:                         7.901

    - Propagation time:                      8.388
    - Clock delay at starting point:         0.000 (ideal)
    = Slack (non-critical) :                 -0.487

    Number of logic level(s):                7
    Starting point:                          next_val_reg_fast[0] / Q
    Ending point:                            collatz_count[6] / D
    The start point is clocked by            fast_pll|CLKOP_inferred_clock [rising] (rise=0.000 fall=4.003 period=8.007) on pin CK
    The end   point is clocked by            fast_pll|CLKOP_inferred_clock [rising] (rise=0.000 fall=4.003 period=8.007) on pin CK

Instance / Net                                              Pin      Pin               Arrival     No. of    
Name                                           Type         Name     Dir     Delay     Time        Fan Out(s)
-------------------------------------------------------------------------------------------------------------
next_val_reg_fast[0]                           FD1P3AY      Q        Out     1.108     1.108 r     -         
next_val_reg_fast[0]                           Net          -        -       -         -           3         
threeN1_inst.intermediate_cry_0_0              CCU2D        B1       In      0.000     1.108 r     -         
threeN1_inst.intermediate_cry_0_0              CCU2D        COUT     Out     1.544     2.652 r     -         
intermediate_cry_0                             Net          -        -       -         -           1         
threeN1_inst.intermediate_cry_1_0              CCU2D        CIN      In      0.000     2.652 r     -         
threeN1_inst.intermediate_cry_1_0              CCU2D        COUT     Out     0.143     2.795 r     -         
intermediate_cry_2                             Net          -        -       -         -           1         
threeN1_inst.intermediate_cry_3_0              CCU2D        CIN      In      0.000     2.795 r     -         
threeN1_inst.intermediate_cry_3_0              CCU2D        S0       Out     1.908     4.703 r     -         
intermediate[3]                                Net          -        -       -         -           37        
threeN1_inst.intermediate_cry_3_0_RNIH8VKA     ORCALUT4     B        In      0.000     4.703 r     -         
threeN1_inst.intermediate_cry_3_0_RNIH8VKA     ORCALUT4     Z        Out     0.449     5.152 r     -         
intermediate_cry_3_0_RNIH8VKA                  Net          -        -       -         -           1         
collatz_count_1_cry_1_0                        CCU2D        C1       In      0.000     5.152 r     -         
collatz_count_1_cry_1_0                        CCU2D        COUT     Out     1.544     6.697 r     -         
collatz_count_1_cry_2                          Net          -        -       -         -           1         
collatz_count_1_cry_3_0                        CCU2D        CIN      In      0.000     6.697 r     -         
collatz_count_1_cry_3_0                        CCU2D        COUT     Out     0.143     6.839 r     -         
collatz_count_1_cry_4                          Net          -        -       -         -           1         
collatz_count_1_cry_5_0                        CCU2D        CIN      In      0.000     6.839 r     -         
collatz_count_1_cry_5_0                        CCU2D        S1       Out     1.549     8.388 r     -         
collatz_count_1[6]                             Net          -        -       -         -           1         
collatz_count[6]                               FD1P3AX      D        In      0.000     8.388 r     -         
=============================================================================================================


Path information for path number 32: 
      Requested Period:                      8.007
    - Setup time:                            0.106
    + Clock delay at ending point:           0.000 (ideal)
    = Required time:                         7.901

    - Propagation time:                      8.388
    - Clock delay at starting point:         0.000 (ideal)
    = Slack (non-critical) :                 -0.487

    Number of logic level(s):                7
    Starting point:                          next_val_reg_fast[0] / Q
    Ending point:                            collatz_count[5] / D
    The start point is clocked by            fast_pll|CLKOP_inferred_clock [rising] (rise=0.000 fall=4.003 period=8.007) on pin CK
    The end   point is clocked by            fast_pll|CLKOP_inferred_clock [rising] (rise=0.000 fall=4.003 period=8.007) on pin CK

Instance / Net                                     Pin      Pin               Arrival     No. of    
Name                                  Type         Name     Dir     Delay     Time        Fan Out(s)
----------------------------------------------------------------------------------------------------
next_val_reg_fast[0]                  FD1P3AY      Q        Out     1.108     1.108 r     -         
next_val_reg_fast[0]                  Net          -        -       -         -           3         
threeN1_inst.intermediate_cry_0_0     CCU2D        B1       In      0.000     1.108 r     -         
threeN1_inst.intermediate_cry_0_0     CCU2D        COUT     Out     1.544     2.652 r     -         
intermediate_cry_0                    Net          -        -       -         -           1         
threeN1_inst.intermediate_cry_1_0     CCU2D        CIN      In      0.000     2.652 r     -         
threeN1_inst.intermediate_cry_1_0     CCU2D        COUT     Out     0.143     2.795 r     -         
intermediate_cry_2                    Net          -        -       -         -           1         
threeN1_inst.intermediate_cry_3_0     CCU2D        CIN      In      0.000     2.795 r     -         
threeN1_inst.intermediate_cry_3_0     CCU2D        S0       Out     1.908     4.703 r     -         
intermediate[3]                       Net          -        -       -         -           37        
threeN1_inst.un6_i[1]                 ORCALUT4     C        In      0.000     4.703 r     -         
threeN1_inst.un6_i[1]                 ORCALUT4     Z        Out     0.449     5.152 f     -         
N_11                                  Net          -        -       -         -           1         
collatz_count_1_cry_1_0               CCU2D        B0       In      0.000     5.152 f     -         
collatz_count_1_cry_1_0               CCU2D        COUT     Out     1.544     6.697 r     -         
collatz_count_1_cry_2                 Net          -        -       -         -           1         
collatz_count_1_cry_3_0               CCU2D        CIN      In      0.000     6.697 r     -         
collatz_count_1_cry_3_0               CCU2D        COUT     Out     0.143     6.839 r     -         
collatz_count_1_cry_4                 Net          -        -       -         -           1         
collatz_count_1_cry_5_0               CCU2D        CIN      In      0.000     6.839 r     -         
collatz_count_1_cry_5_0               CCU2D        S0       Out     1.549     8.388 r     -         
collatz_count_1[5]                    Net          -        -       -         -           1         
collatz_count[5]                      FD1P3AX      D        In      0.000     8.388 r     -         
====================================================================================================


Path information for path number 33: 
      Requested Period:                      8.007
    - Setup time:                            0.106
    + Clock delay at ending point:           0.000 (ideal)
    = Required time:                         7.901

    - Propagation time:                      8.388
    - Clock delay at starting point:         0.000 (ideal)
    = Slack (non-critical) :                 -0.487

    Number of logic level(s):                7
    Starting point:                          next_val_reg_fast[0] / Q
    Ending point:                            collatz_count[6] / D
    The start point is clocked by            fast_pll|CLKOP_inferred_clock [rising] (rise=0.000 fall=4.003 period=8.007) on pin CK
    The end   point is clocked by            fast_pll|CLKOP_inferred_clock [rising] (rise=0.000 fall=4.003 period=8.007) on pin CK

Instance / Net                                     Pin      Pin               Arrival     No. of    
Name                                  Type         Name     Dir     Delay     Time        Fan Out(s)
----------------------------------------------------------------------------------------------------
next_val_reg_fast[0]                  FD1P3AY      Q        Out     1.108     1.108 r     -         
next_val_reg_fast[0]                  Net          -        -       -         -           3         
threeN1_inst.intermediate_cry_0_0     CCU2D        B1       In      0.000     1.108 r     -         
threeN1_inst.intermediate_cry_0_0     CCU2D        COUT     Out     1.544     2.652 r     -         
intermediate_cry_0                    Net          -        -       -         -           1         
threeN1_inst.intermediate_cry_1_0     CCU2D        CIN      In      0.000     2.652 r     -         
threeN1_inst.intermediate_cry_1_0     CCU2D        COUT     Out     0.143     2.795 r     -         
intermediate_cry_2                    Net          -        -       -         -           1         
threeN1_inst.intermediate_cry_3_0     CCU2D        CIN      In      0.000     2.795 r     -         
threeN1_inst.intermediate_cry_3_0     CCU2D        S0       Out     1.908     4.703 r     -         
intermediate[3]                       Net          -        -       -         -           37        
threeN1_inst.un6_i[1]                 ORCALUT4     C        In      0.000     4.703 r     -         
threeN1_inst.un6_i[1]                 ORCALUT4     Z        Out     0.449     5.152 f     -         
N_11                                  Net          -        -       -         -           1         
collatz_count_1_cry_1_0               CCU2D        B0       In      0.000     5.152 f     -         
collatz_count_1_cry_1_0               CCU2D        COUT     Out     1.544     6.697 r     -         
collatz_count_1_cry_2                 Net          -        -       -         -           1         
collatz_count_1_cry_3_0               CCU2D        CIN      In      0.000     6.697 r     -         
collatz_count_1_cry_3_0               CCU2D        COUT     Out     0.143     6.839 r     -         
collatz_count_1_cry_4                 Net          -        -       -         -           1         
collatz_count_1_cry_5_0               CCU2D        CIN      In      0.000     6.839 r     -         
collatz_count_1_cry_5_0               CCU2D        S1       Out     1.549     8.388 r     -         
collatz_count_1[6]                    Net          -        -       -         -           1         
collatz_count[6]                      FD1P3AX      D        In      0.000     8.388 r     -         
====================================================================================================


Path information for path number 34: 
      Requested Period:                      8.007
    - Setup time:                            0.106
    + Clock delay at ending point:           0.000 (ideal)
    = Required time:                         7.901

    - Propagation time:                      8.388
    - Clock delay at starting point:         0.000 (ideal)
    = Slack (non-critical) :                 -0.487

    Number of logic level(s):                7
    Starting point:                          next_val_reg_fast[0] / Q
    Ending point:                            collatz_count[5] / D
    The start point is clocked by            fast_pll|CLKOP_inferred_clock [rising] (rise=0.000 fall=4.003 period=8.007) on pin CK
    The end   point is clocked by            fast_pll|CLKOP_inferred_clock [rising] (rise=0.000 fall=4.003 period=8.007) on pin CK

Instance / Net                                              Pin      Pin               Arrival     No. of    
Name                                           Type         Name     Dir     Delay     Time        Fan Out(s)
-------------------------------------------------------------------------------------------------------------
next_val_reg_fast[0]                           FD1P3AY      Q        Out     1.108     1.108 r     -         
next_val_reg_fast[0]                           Net          -        -       -         -           3         
threeN1_inst.intermediate_cry_0_0              CCU2D        B1       In      0.000     1.108 r     -         
threeN1_inst.intermediate_cry_0_0              CCU2D        COUT     Out     1.544     2.652 r     -         
intermediate_cry_0                             Net          -        -       -         -           1         
threeN1_inst.intermediate_cry_1_0              CCU2D        CIN      In      0.000     2.652 r     -         
threeN1_inst.intermediate_cry_1_0              CCU2D        COUT     Out     0.143     2.795 r     -         
intermediate_cry_2                             Net          -        -       -         -           1         
threeN1_inst.intermediate_cry_3_0              CCU2D        CIN      In      0.000     2.795 r     -         
threeN1_inst.intermediate_cry_3_0              CCU2D        S0       Out     1.908     4.703 r     -         
intermediate[3]                                Net          -        -       -         -           37        
threeN1_inst.intermediate_cry_1_0_RNIV5GFO     ORCALUT4     D        In      0.000     4.703 r     -         
threeN1_inst.intermediate_cry_1_0_RNIV5GFO     ORCALUT4     Z        Out     0.449     5.152 r     -         
CO0                                            Net          -        -       -         -           1         
collatz_count_1_cry_1_0                        CCU2D        C0       In      0.000     5.152 r     -         
collatz_count_1_cry_1_0                        CCU2D        COUT     Out     1.544     6.697 r     -         
collatz_count_1_cry_2                          Net          -        -       -         -           1         
collatz_count_1_cry_3_0                        CCU2D        CIN      In      0.000     6.697 r     -         
collatz_count_1_cry_3_0                        CCU2D        COUT     Out     0.143     6.839 r     -         
collatz_count_1_cry_4                          Net          -        -       -         -           1         
collatz_count_1_cry_5_0                        CCU2D        CIN      In      0.000     6.839 r     -         
collatz_count_1_cry_5_0                        CCU2D        S0       Out     1.549     8.388 r     -         
collatz_count_1[5]                             Net          -        -       -         -           1         
collatz_count[5]                               FD1P3AX      D        In      0.000     8.388 r     -         
=============================================================================================================


Path information for path number 35: 
      Requested Period:                      8.007
    - Setup time:                            0.106
    + Clock delay at ending point:           0.000 (ideal)
    = Required time:                         7.901

    - Propagation time:                      8.388
    - Clock delay at starting point:         0.000 (ideal)
    = Slack (non-critical) :                 -0.487

    Number of logic level(s):                7
    Starting point:                          next_val_reg_fast[0] / Q
    Ending point:                            collatz_count[6] / D
    The start point is clocked by            fast_pll|CLKOP_inferred_clock [rising] (rise=0.000 fall=4.003 period=8.007) on pin CK
    The end   point is clocked by            fast_pll|CLKOP_inferred_clock [rising] (rise=0.000 fall=4.003 period=8.007) on pin CK

Instance / Net                                              Pin      Pin               Arrival     No. of    
Name                                           Type         Name     Dir     Delay     Time        Fan Out(s)
-------------------------------------------------------------------------------------------------------------
next_val_reg_fast[0]                           FD1P3AY      Q        Out     1.108     1.108 r     -         
next_val_reg_fast[0]                           Net          -        -       -         -           3         
threeN1_inst.intermediate_cry_0_0              CCU2D        B1       In      0.000     1.108 r     -         
threeN1_inst.intermediate_cry_0_0              CCU2D        COUT     Out     1.544     2.652 r     -         
intermediate_cry_0                             Net          -        -       -         -           1         
threeN1_inst.intermediate_cry_1_0              CCU2D        CIN      In      0.000     2.652 r     -         
threeN1_inst.intermediate_cry_1_0              CCU2D        COUT     Out     0.143     2.795 r     -         
intermediate_cry_2                             Net          -        -       -         -           1         
threeN1_inst.intermediate_cry_3_0              CCU2D        CIN      In      0.000     2.795 r     -         
threeN1_inst.intermediate_cry_3_0              CCU2D        S0       Out     1.908     4.703 r     -         
intermediate[3]                                Net          -        -       -         -           37        
threeN1_inst.intermediate_cry_1_0_RNIV5GFO     ORCALUT4     D        In      0.000     4.703 r     -         
threeN1_inst.intermediate_cry_1_0_RNIV5GFO     ORCALUT4     Z        Out     0.449     5.152 r     -         
CO0                                            Net          -        -       -         -           1         
collatz_count_1_cry_1_0                        CCU2D        C0       In      0.000     5.152 r     -         
collatz_count_1_cry_1_0                        CCU2D        COUT     Out     1.544     6.697 r     -         
collatz_count_1_cry_2                          Net          -        -       -         -           1         
collatz_count_1_cry_3_0                        CCU2D        CIN      In      0.000     6.697 r     -         
collatz_count_1_cry_3_0                        CCU2D        COUT     Out     0.143     6.839 r     -         
collatz_count_1_cry_4                          Net          -        -       -         -           1         
collatz_count_1_cry_5_0                        CCU2D        CIN      In      0.000     6.839 r     -         
collatz_count_1_cry_5_0                        CCU2D        S1       Out     1.549     8.388 r     -         
collatz_count_1[6]                             Net          -        -       -         -           1         
collatz_count[6]                               FD1P3AX      D        In      0.000     8.388 r     -         
=============================================================================================================


Path information for path number 36: 
      Requested Period:                      8.007
    - Setup time:                            0.106
    + Clock delay at ending point:           0.000 (ideal)
    = Required time:                         7.901

    - Propagation time:                      8.324
    - Clock delay at starting point:         0.000 (ideal)
    = Slack (non-critical) :                 -0.423

    Number of logic level(s):                7
    Starting point:                          next_val_reg_fast[1] / Q
    Ending point:                            collatz_count[7] / D
    The start point is clocked by            fast_pll|CLKOP_inferred_clock [rising] (rise=0.000 fall=4.003 period=8.007) on pin CK
    The end   point is clocked by            fast_pll|CLKOP_inferred_clock [rising] (rise=0.000 fall=4.003 period=8.007) on pin CK

Instance / Net                                              Pin      Pin               Arrival     No. of    
Name                                           Type         Name     Dir     Delay     Time        Fan Out(s)
-------------------------------------------------------------------------------------------------------------
next_val_reg_fast[1]                           FD1P3AY      Q        Out     1.044     1.044 r     -         
next_val_reg_fast[1]                           Net          -        -       -         -           2         
threeN1_inst.intermediate_cry_1_0              CCU2D        A0       In      0.000     1.044 r     -         
threeN1_inst.intermediate_cry_1_0              CCU2D        COUT     Out     1.544     2.588 r     -         
intermediate_cry_2                             Net          -        -       -         -           1         
threeN1_inst.intermediate_cry_3_0              CCU2D        CIN      In      0.000     2.588 r     -         
threeN1_inst.intermediate_cry_3_0              CCU2D        S0       Out     1.908     4.497 r     -         
intermediate[3]                                Net          -        -       -         -           37        
threeN1_inst.intermediate_cry_3_0_RNIH8VKA     ORCALUT4     B        In      0.000     4.497 r     -         
threeN1_inst.intermediate_cry_3_0_RNIH8VKA     ORCALUT4     Z        Out     0.449     4.945 r     -         
intermediate_cry_3_0_RNIH8VKA                  Net          -        -       -         -           1         
collatz_count_1_cry_1_0                        CCU2D        C1       In      0.000     4.945 r     -         
collatz_count_1_cry_1_0                        CCU2D        COUT     Out     1.544     6.490 r     -         
collatz_count_1_cry_2                          Net          -        -       -         -           1         
collatz_count_1_cry_3_0                        CCU2D        CIN      In      0.000     6.490 r     -         
collatz_count_1_cry_3_0                        CCU2D        COUT     Out     0.143     6.633 r     -         
collatz_count_1_cry_4                          Net          -        -       -         -           1         
collatz_count_1_cry_5_0                        CCU2D        CIN      In      0.000     6.633 r     -         
collatz_count_1_cry_5_0                        CCU2D        COUT     Out     0.143     6.775 r     -         
collatz_count_1_cry_6                          Net          -        -       -         -           1         
collatz_count_1_s_7_0                          CCU2D        CIN      In      0.000     6.775 r     -         
collatz_count_1_s_7_0                          CCU2D        S0       Out     1.549     8.324 r     -         
collatz_count_1[7]                             Net          -        -       -         -           1         
collatz_count[7]                               FD1P3AX      D        In      0.000     8.324 r     -         
=============================================================================================================


Path information for path number 37: 
      Requested Period:                      8.007
    - Setup time:                            0.106
    + Clock delay at ending point:           0.000 (ideal)
    = Required time:                         7.901

    - Propagation time:                      8.324
    - Clock delay at starting point:         0.000 (ideal)
    = Slack (non-critical) :                 -0.423

    Number of logic level(s):                7
    Starting point:                          next_val_reg_fast[1] / Q
    Ending point:                            collatz_count[7] / D
    The start point is clocked by            fast_pll|CLKOP_inferred_clock [rising] (rise=0.000 fall=4.003 period=8.007) on pin CK
    The end   point is clocked by            fast_pll|CLKOP_inferred_clock [rising] (rise=0.000 fall=4.003 period=8.007) on pin CK

Instance / Net                                     Pin      Pin               Arrival     No. of    
Name                                  Type         Name     Dir     Delay     Time        Fan Out(s)
----------------------------------------------------------------------------------------------------
next_val_reg_fast[1]                  FD1P3AY      Q        Out     1.044     1.044 r     -         
next_val_reg_fast[1]                  Net          -        -       -         -           2         
threeN1_inst.intermediate_cry_1_0     CCU2D        A0       In      0.000     1.044 r     -         
threeN1_inst.intermediate_cry_1_0     CCU2D        COUT     Out     1.544     2.588 r     -         
intermediate_cry_2                    Net          -        -       -         -           1         
threeN1_inst.intermediate_cry_3_0     CCU2D        CIN      In      0.000     2.588 r     -         
threeN1_inst.intermediate_cry_3_0     CCU2D        S0       Out     1.908     4.497 r     -         
intermediate[3]                       Net          -        -       -         -           37        
threeN1_inst.un6_i[1]                 ORCALUT4     C        In      0.000     4.497 r     -         
threeN1_inst.un6_i[1]                 ORCALUT4     Z        Out     0.449     4.945 f     -         
N_11                                  Net          -        -       -         -           1         
collatz_count_1_cry_1_0               CCU2D        B0       In      0.000     4.945 f     -         
collatz_count_1_cry_1_0               CCU2D        COUT     Out     1.544     6.490 r     -         
collatz_count_1_cry_2                 Net          -        -       -         -           1         
collatz_count_1_cry_3_0               CCU2D        CIN      In      0.000     6.490 r     -         
collatz_count_1_cry_3_0               CCU2D        COUT     Out     0.143     6.633 r     -         
collatz_count_1_cry_4                 Net          -        -       -         -           1         
collatz_count_1_cry_5_0               CCU2D        CIN      In      0.000     6.633 r     -         
collatz_count_1_cry_5_0               CCU2D        COUT     Out     0.143     6.775 r     -         
collatz_count_1_cry_6                 Net          -        -       -         -           1         
collatz_count_1_s_7_0                 CCU2D        CIN      In      0.000     6.775 r     -         
collatz_count_1_s_7_0                 CCU2D        S0       Out     1.549     8.324 r     -         
collatz_count_1[7]                    Net          -        -       -         -           1         
collatz_count[7]                      FD1P3AX      D        In      0.000     8.324 r     -         
====================================================================================================


Path information for path number 38: 
      Requested Period:                      8.007
    - Setup time:                            0.106
    + Clock delay at ending point:           0.000 (ideal)
    = Required time:                         7.901

    - Propagation time:                      8.324
    - Clock delay at starting point:         0.000 (ideal)
    = Slack (non-critical) :                 -0.423

    Number of logic level(s):                7
    Starting point:                          next_val_reg_fast[1] / Q
    Ending point:                            collatz_count[7] / D
    The start point is clocked by            fast_pll|CLKOP_inferred_clock [rising] (rise=0.000 fall=4.003 period=8.007) on pin CK
    The end   point is clocked by            fast_pll|CLKOP_inferred_clock [rising] (rise=0.000 fall=4.003 period=8.007) on pin CK

Instance / Net                                              Pin      Pin               Arrival     No. of    
Name                                           Type         Name     Dir     Delay     Time        Fan Out(s)
-------------------------------------------------------------------------------------------------------------
next_val_reg_fast[1]                           FD1P3AY      Q        Out     1.044     1.044 r     -         
next_val_reg_fast[1]                           Net          -        -       -         -           2         
threeN1_inst.intermediate_cry_1_0              CCU2D        A0       In      0.000     1.044 r     -         
threeN1_inst.intermediate_cry_1_0              CCU2D        COUT     Out     1.544     2.588 r     -         
intermediate_cry_2                             Net          -        -       -         -           1         
threeN1_inst.intermediate_cry_3_0              CCU2D        CIN      In      0.000     2.588 r     -         
threeN1_inst.intermediate_cry_3_0              CCU2D        S0       Out     1.908     4.497 r     -         
intermediate[3]                                Net          -        -       -         -           37        
threeN1_inst.intermediate_cry_1_0_RNIV5GFO     ORCALUT4     D        In      0.000     4.497 r     -         
threeN1_inst.intermediate_cry_1_0_RNIV5GFO     ORCALUT4     Z        Out     0.449     4.945 r     -         
CO0                                            Net          -        -       -         -           1         
collatz_count_1_cry_1_0                        CCU2D        C0       In      0.000     4.945 r     -         
collatz_count_1_cry_1_0                        CCU2D        COUT     Out     1.544     6.490 r     -         
collatz_count_1_cry_2                          Net          -        -       -         -           1         
collatz_count_1_cry_3_0                        CCU2D        CIN      In      0.000     6.490 r     -         
collatz_count_1_cry_3_0                        CCU2D        COUT     Out     0.143     6.633 r     -         
collatz_count_1_cry_4                          Net          -        -       -         -           1         
collatz_count_1_cry_5_0                        CCU2D        CIN      In      0.000     6.633 r     -         
collatz_count_1_cry_5_0                        CCU2D        COUT     Out     0.143     6.775 r     -         
collatz_count_1_cry_6                          Net          -        -       -         -           1         
collatz_count_1_s_7_0                          CCU2D        CIN      In      0.000     6.775 r     -         
collatz_count_1_s_7_0                          CCU2D        S0       Out     1.549     8.324 r     -         
collatz_count_1[7]                             Net          -        -       -         -           1         
collatz_count[7]                               FD1P3AX      D        In      0.000     8.324 r     -         
=============================================================================================================


Path information for path number 39: 
      Requested Period:                      8.007
    - Setup time:                            0.106
    + Clock delay at ending point:           0.000 (ideal)
    = Required time:                         7.901

    - Propagation time:                      8.324
    - Clock delay at starting point:         0.000 (ideal)
    = Slack (non-critical) :                 -0.423

    Number of logic level(s):                7
    Starting point:                          next_val_reg_fast[1] / Q
    Ending point:                            collatz_count[5] / D
    The start point is clocked by            fast_pll|CLKOP_inferred_clock [rising] (rise=0.000 fall=4.003 period=8.007) on pin CK
    The end   point is clocked by            fast_pll|CLKOP_inferred_clock [rising] (rise=0.000 fall=4.003 period=8.007) on pin CK

Instance / Net                                     Pin      Pin               Arrival     No. of    
Name                                  Type         Name     Dir     Delay     Time        Fan Out(s)
----------------------------------------------------------------------------------------------------
next_val_reg_fast[1]                  FD1P3AY      Q        Out     1.044     1.044 r     -         
next_val_reg_fast[1]                  Net          -        -       -         -           2         
threeN1_inst.intermediate_cry_1_0     CCU2D        A0       In      0.000     1.044 r     -         
threeN1_inst.intermediate_cry_1_0     CCU2D        COUT     Out     1.544     2.588 r     -         
intermediate_cry_2                    Net          -        -       -         -           1         
threeN1_inst.intermediate_cry_3_0     CCU2D        CIN      In      0.000     2.588 r     -         
threeN1_inst.intermediate_cry_3_0     CCU2D        S0       Out     1.908     4.497 r     -         
intermediate[3]                       Net          -        -       -         -           37        
threeN1_inst.un6_0[0]                 ORCALUT4     C        In      0.000     4.497 r     -         
threeN1_inst.un6_0[0]                 ORCALUT4     Z        Out     0.449     4.945 r     -         
N_6                                   Net          -        -       -         -           2         
collatz_count_1_cry_0_0               CCU2D        C1       In      0.000     4.945 r     -         
collatz_count_1_cry_0_0               CCU2D        COUT     Out     1.544     6.490 r     -         
collatz_count_1_cry_0                 Net          -        -       -         -           1         
collatz_count_1_cry_1_0               CCU2D        CIN      In      0.000     6.490 r     -         
collatz_count_1_cry_1_0               CCU2D        COUT     Out     0.143     6.633 r     -         
collatz_count_1_cry_2                 Net          -        -       -         -           1         
collatz_count_1_cry_3_0               CCU2D        CIN      In      0.000     6.633 r     -         
collatz_count_1_cry_3_0               CCU2D        COUT     Out     0.143     6.775 r     -         
collatz_count_1_cry_4                 Net          -        -       -         -           1         
collatz_count_1_cry_5_0               CCU2D        CIN      In      0.000     6.775 r     -         
collatz_count_1_cry_5_0               CCU2D        S0       Out     1.549     8.324 r     -         
collatz_count_1[5]                    Net          -        -       -         -           1         
collatz_count[5]                      FD1P3AX      D        In      0.000     8.324 r     -         
====================================================================================================


Path information for path number 40: 
      Requested Period:                      8.007
    - Setup time:                            0.106
    + Clock delay at ending point:           0.000 (ideal)
    = Required time:                         7.901

    - Propagation time:                      8.324
    - Clock delay at starting point:         0.000 (ideal)
    = Slack (non-critical) :                 -0.423

    Number of logic level(s):                7
    Starting point:                          next_val_reg_fast[1] / Q
    Ending point:                            collatz_count[6] / D
    The start point is clocked by            fast_pll|CLKOP_inferred_clock [rising] (rise=0.000 fall=4.003 period=8.007) on pin CK
    The end   point is clocked by            fast_pll|CLKOP_inferred_clock [rising] (rise=0.000 fall=4.003 period=8.007) on pin CK

Instance / Net                                     Pin      Pin               Arrival     No. of    
Name                                  Type         Name     Dir     Delay     Time        Fan Out(s)
----------------------------------------------------------------------------------------------------
next_val_reg_fast[1]                  FD1P3AY      Q        Out     1.044     1.044 r     -         
next_val_reg_fast[1]                  Net          -        -       -         -           2         
threeN1_inst.intermediate_cry_1_0     CCU2D        A0       In      0.000     1.044 r     -         
threeN1_inst.intermediate_cry_1_0     CCU2D        COUT     Out     1.544     2.588 r     -         
intermediate_cry_2                    Net          -        -       -         -           1         
threeN1_inst.intermediate_cry_3_0     CCU2D        CIN      In      0.000     2.588 r     -         
threeN1_inst.intermediate_cry_3_0     CCU2D        S0       Out     1.908     4.497 r     -         
intermediate[3]                       Net          -        -       -         -           37        
threeN1_inst.un6_0[0]                 ORCALUT4     C        In      0.000     4.497 r     -         
threeN1_inst.un6_0[0]                 ORCALUT4     Z        Out     0.449     4.945 r     -         
N_6                                   Net          -        -       -         -           2         
collatz_count_1_cry_0_0               CCU2D        C1       In      0.000     4.945 r     -         
collatz_count_1_cry_0_0               CCU2D        COUT     Out     1.544     6.490 r     -         
collatz_count_1_cry_0                 Net          -        -       -         -           1         
collatz_count_1_cry_1_0               CCU2D        CIN      In      0.000     6.490 r     -         
collatz_count_1_cry_1_0               CCU2D        COUT     Out     0.143     6.633 r     -         
collatz_count_1_cry_2                 Net          -        -       -         -           1         
collatz_count_1_cry_3_0               CCU2D        CIN      In      0.000     6.633 r     -         
collatz_count_1_cry_3_0               CCU2D        COUT     Out     0.143     6.775 r     -         
collatz_count_1_cry_4                 Net          -        -       -         -           1         
collatz_count_1_cry_5_0               CCU2D        CIN      In      0.000     6.775 r     -         
collatz_count_1_cry_5_0               CCU2D        S1       Out     1.549     8.324 r     -         
collatz_count_1[6]                    Net          -        -       -         -           1         
collatz_count[6]                      FD1P3AX      D        In      0.000     8.324 r     -         
====================================================================================================


Path information for path number 41: 
      Requested Period:                      8.007
    - Setup time:                            0.106
    + Clock delay at ending point:           0.000 (ideal)
    = Required time:                         7.901

    - Propagation time:                      8.324
    - Clock delay at starting point:         0.000 (ideal)
    = Slack (non-critical) :                 -0.423

    Number of logic level(s):                7
    Starting point:                          next_val_reg_fast[1] / Q
    Ending point:                            collatz_count[7] / D
    The start point is clocked by            fast_pll|CLKOP_inferred_clock [rising] (rise=0.000 fall=4.003 period=8.007) on pin CK
    The end   point is clocked by            fast_pll|CLKOP_inferred_clock [rising] (rise=0.000 fall=4.003 period=8.007) on pin CK

Instance / Net                                              Pin      Pin               Arrival     No. of    
Name                                           Type         Name     Dir     Delay     Time        Fan Out(s)
-------------------------------------------------------------------------------------------------------------
next_val_reg_fast[1]                           FD1P3AY      Q        Out     1.044     1.044 r     -         
next_val_reg_fast[1]                           Net          -        -       -         -           2         
threeN1_inst.intermediate_cry_1_0              CCU2D        B1       In      0.000     1.044 r     -         
threeN1_inst.intermediate_cry_1_0              CCU2D        COUT     Out     1.544     2.588 r     -         
intermediate_cry_2                             Net          -        -       -         -           1         
threeN1_inst.intermediate_cry_3_0              CCU2D        CIN      In      0.000     2.588 r     -         
threeN1_inst.intermediate_cry_3_0              CCU2D        S0       Out     1.908     4.497 r     -         
intermediate[3]                                Net          -        -       -         -           37        
threeN1_inst.intermediate_cry_3_0_RNIH8VKA     ORCALUT4     B        In      0.000     4.497 r     -         
threeN1_inst.intermediate_cry_3_0_RNIH8VKA     ORCALUT4     Z        Out     0.449     4.945 r     -         
intermediate_cry_3_0_RNIH8VKA                  Net          -        -       -         -           1         
collatz_count_1_cry_1_0                        CCU2D        C1       In      0.000     4.945 r     -         
collatz_count_1_cry_1_0                        CCU2D        COUT     Out     1.544     6.490 r     -         
collatz_count_1_cry_2                          Net          -        -       -         -           1         
collatz_count_1_cry_3_0                        CCU2D        CIN      In      0.000     6.490 r     -         
collatz_count_1_cry_3_0                        CCU2D        COUT     Out     0.143     6.633 r     -         
collatz_count_1_cry_4                          Net          -        -       -         -           1         
collatz_count_1_cry_5_0                        CCU2D        CIN      In      0.000     6.633 r     -         
collatz_count_1_cry_5_0                        CCU2D        COUT     Out     0.143     6.775 r     -         
collatz_count_1_cry_6                          Net          -        -       -         -           1         
collatz_count_1_s_7_0                          CCU2D        CIN      In      0.000     6.775 r     -         
collatz_count_1_s_7_0                          CCU2D        S0       Out     1.549     8.324 r     -         
collatz_count_1[7]                             Net          -        -       -         -           1         
collatz_count[7]                               FD1P3AX      D        In      0.000     8.324 r     -         
=============================================================================================================


Path information for path number 42: 
      Requested Period:                      8.007
    - Setup time:                            0.106
    + Clock delay at ending point:           0.000 (ideal)
    = Required time:                         7.901

    - Propagation time:                      8.324
    - Clock delay at starting point:         0.000 (ideal)
    = Slack (non-critical) :                 -0.423

    Number of logic level(s):                7
    Starting point:                          next_val_reg_fast[1] / Q
    Ending point:                            collatz_count[7] / D
    The start point is clocked by            fast_pll|CLKOP_inferred_clock [rising] (rise=0.000 fall=4.003 period=8.007) on pin CK
    The end   point is clocked by            fast_pll|CLKOP_inferred_clock [rising] (rise=0.000 fall=4.003 period=8.007) on pin CK

Instance / Net                                     Pin      Pin               Arrival     No. of    
Name                                  Type         Name     Dir     Delay     Time        Fan Out(s)
----------------------------------------------------------------------------------------------------
next_val_reg_fast[1]                  FD1P3AY      Q        Out     1.044     1.044 r     -         
next_val_reg_fast[1]                  Net          -        -       -         -           2         
threeN1_inst.intermediate_cry_1_0     CCU2D        B1       In      0.000     1.044 r     -         
threeN1_inst.intermediate_cry_1_0     CCU2D        COUT     Out     1.544     2.588 r     -         
intermediate_cry_2                    Net          -        -       -         -           1         
threeN1_inst.intermediate_cry_3_0     CCU2D        CIN      In      0.000     2.588 r     -         
threeN1_inst.intermediate_cry_3_0     CCU2D        S0       Out     1.908     4.497 r     -         
intermediate[3]                       Net          -        -       -         -           37        
threeN1_inst.un6_i[1]                 ORCALUT4     C        In      0.000     4.497 r     -         
threeN1_inst.un6_i[1]                 ORCALUT4     Z        Out     0.449     4.945 f     -         
N_11                                  Net          -        -       -         -           1         
collatz_count_1_cry_1_0               CCU2D        B0       In      0.000     4.945 f     -         
collatz_count_1_cry_1_0               CCU2D        COUT     Out     1.544     6.490 r     -         
collatz_count_1_cry_2                 Net          -        -       -         -           1         
collatz_count_1_cry_3_0               CCU2D        CIN      In      0.000     6.490 r     -         
collatz_count_1_cry_3_0               CCU2D        COUT     Out     0.143     6.633 r     -         
collatz_count_1_cry_4                 Net          -        -       -         -           1         
collatz_count_1_cry_5_0               CCU2D        CIN      In      0.000     6.633 r     -         
collatz_count_1_cry_5_0               CCU2D        COUT     Out     0.143     6.775 r     -         
collatz_count_1_cry_6                 Net          -        -       -         -           1         
collatz_count_1_s_7_0                 CCU2D        CIN      In      0.000     6.775 r     -         
collatz_count_1_s_7_0                 CCU2D        S0       Out     1.549     8.324 r     -         
collatz_count_1[7]                    Net          -        -       -         -           1         
collatz_count[7]                      FD1P3AX      D        In      0.000     8.324 r     -         
====================================================================================================


Path information for path number 43: 
      Requested Period:                      8.007
    - Setup time:                            0.106
    + Clock delay at ending point:           0.000 (ideal)
    = Required time:                         7.901

    - Propagation time:                      8.324
    - Clock delay at starting point:         0.000 (ideal)
    = Slack (non-critical) :                 -0.423

    Number of logic level(s):                7
    Starting point:                          next_val_reg_fast[1] / Q
    Ending point:                            collatz_count[7] / D
    The start point is clocked by            fast_pll|CLKOP_inferred_clock [rising] (rise=0.000 fall=4.003 period=8.007) on pin CK
    The end   point is clocked by            fast_pll|CLKOP_inferred_clock [rising] (rise=0.000 fall=4.003 period=8.007) on pin CK

Instance / Net                                              Pin      Pin               Arrival     No. of    
Name                                           Type         Name     Dir     Delay     Time        Fan Out(s)
-------------------------------------------------------------------------------------------------------------
next_val_reg_fast[1]                           FD1P3AY      Q        Out     1.044     1.044 r     -         
next_val_reg_fast[1]                           Net          -        -       -         -           2         
threeN1_inst.intermediate_cry_1_0              CCU2D        B1       In      0.000     1.044 r     -         
threeN1_inst.intermediate_cry_1_0              CCU2D        COUT     Out     1.544     2.588 r     -         
intermediate_cry_2                             Net          -        -       -         -           1         
threeN1_inst.intermediate_cry_3_0              CCU2D        CIN      In      0.000     2.588 r     -         
threeN1_inst.intermediate_cry_3_0              CCU2D        S0       Out     1.908     4.497 r     -         
intermediate[3]                                Net          -        -       -         -           37        
threeN1_inst.intermediate_cry_1_0_RNIV5GFO     ORCALUT4     D        In      0.000     4.497 r     -         
threeN1_inst.intermediate_cry_1_0_RNIV5GFO     ORCALUT4     Z        Out     0.449     4.945 r     -         
CO0                                            Net          -        -       -         -           1         
collatz_count_1_cry_1_0                        CCU2D        C0       In      0.000     4.945 r     -         
collatz_count_1_cry_1_0                        CCU2D        COUT     Out     1.544     6.490 r     -         
collatz_count_1_cry_2                          Net          -        -       -         -           1         
collatz_count_1_cry_3_0                        CCU2D        CIN      In      0.000     6.490 r     -         
collatz_count_1_cry_3_0                        CCU2D        COUT     Out     0.143     6.633 r     -         
collatz_count_1_cry_4                          Net          -        -       -         -           1         
collatz_count_1_cry_5_0                        CCU2D        CIN      In      0.000     6.633 r     -         
collatz_count_1_cry_5_0                        CCU2D        COUT     Out     0.143     6.775 r     -         
collatz_count_1_cry_6                          Net          -        -       -         -           1         
collatz_count_1_s_7_0                          CCU2D        CIN      In      0.000     6.775 r     -         
collatz_count_1_s_7_0                          CCU2D        S0       Out     1.549     8.324 r     -         
collatz_count_1[7]                             Net          -        -       -         -           1         
collatz_count[7]                               FD1P3AX      D        In      0.000     8.324 r     -         
=============================================================================================================


Path information for path number 44: 
      Requested Period:                      8.007
    - Setup time:                            0.106
    + Clock delay at ending point:           0.000 (ideal)
    = Required time:                         7.901

    - Propagation time:                      8.324
    - Clock delay at starting point:         0.000 (ideal)
    = Slack (non-critical) :                 -0.423

    Number of logic level(s):                7
    Starting point:                          next_val_reg_fast[1] / Q
    Ending point:                            collatz_count[5] / D
    The start point is clocked by            fast_pll|CLKOP_inferred_clock [rising] (rise=0.000 fall=4.003 period=8.007) on pin CK
    The end   point is clocked by            fast_pll|CLKOP_inferred_clock [rising] (rise=0.000 fall=4.003 period=8.007) on pin CK

Instance / Net                                     Pin      Pin               Arrival     No. of    
Name                                  Type         Name     Dir     Delay     Time        Fan Out(s)
----------------------------------------------------------------------------------------------------
next_val_reg_fast[1]                  FD1P3AY      Q        Out     1.044     1.044 r     -         
next_val_reg_fast[1]                  Net          -        -       -         -           2         
threeN1_inst.intermediate_cry_1_0     CCU2D        B1       In      0.000     1.044 r     -         
threeN1_inst.intermediate_cry_1_0     CCU2D        COUT     Out     1.544     2.588 r     -         
intermediate_cry_2                    Net          -        -       -         -           1         
threeN1_inst.intermediate_cry_3_0     CCU2D        CIN      In      0.000     2.588 r     -         
threeN1_inst.intermediate_cry_3_0     CCU2D        S0       Out     1.908     4.497 r     -         
intermediate[3]                       Net          -        -       -         -           37        
threeN1_inst.un6_0[0]                 ORCALUT4     C        In      0.000     4.497 r     -         
threeN1_inst.un6_0[0]                 ORCALUT4     Z        Out     0.449     4.945 r     -         
N_6                                   Net          -        -       -         -           2         
collatz_count_1_cry_0_0               CCU2D        C1       In      0.000     4.945 r     -         
collatz_count_1_cry_0_0               CCU2D        COUT     Out     1.544     6.490 r     -         
collatz_count_1_cry_0                 Net          -        -       -         -           1         
collatz_count_1_cry_1_0               CCU2D        CIN      In      0.000     6.490 r     -         
collatz_count_1_cry_1_0               CCU2D        COUT     Out     0.143     6.633 r     -         
collatz_count_1_cry_2                 Net          -        -       -         -           1         
collatz_count_1_cry_3_0               CCU2D        CIN      In      0.000     6.633 r     -         
collatz_count_1_cry_3_0               CCU2D        COUT     Out     0.143     6.775 r     -         
collatz_count_1_cry_4                 Net          -        -       -         -           1         
collatz_count_1_cry_5_0               CCU2D        CIN      In      0.000     6.775 r     -         
collatz_count_1_cry_5_0               CCU2D        S0       Out     1.549     8.324 r     -         
collatz_count_1[5]                    Net          -        -       -         -           1         
collatz_count[5]                      FD1P3AX      D        In      0.000     8.324 r     -         
====================================================================================================


Path information for path number 45: 
      Requested Period:                      8.007
    - Setup time:                            0.106
    + Clock delay at ending point:           0.000 (ideal)
    = Required time:                         7.901

    - Propagation time:                      8.324
    - Clock delay at starting point:         0.000 (ideal)
    = Slack (non-critical) :                 -0.423

    Number of logic level(s):                7
    Starting point:                          next_val_reg_fast[1] / Q
    Ending point:                            collatz_count[6] / D
    The start point is clocked by            fast_pll|CLKOP_inferred_clock [rising] (rise=0.000 fall=4.003 period=8.007) on pin CK
    The end   point is clocked by            fast_pll|CLKOP_inferred_clock [rising] (rise=0.000 fall=4.003 period=8.007) on pin CK

Instance / Net                                     Pin      Pin               Arrival     No. of    
Name                                  Type         Name     Dir     Delay     Time        Fan Out(s)
----------------------------------------------------------------------------------------------------
next_val_reg_fast[1]                  FD1P3AY      Q        Out     1.044     1.044 r     -         
next_val_reg_fast[1]                  Net          -        -       -         -           2         
threeN1_inst.intermediate_cry_1_0     CCU2D        B1       In      0.000     1.044 r     -         
threeN1_inst.intermediate_cry_1_0     CCU2D        COUT     Out     1.544     2.588 r     -         
intermediate_cry_2                    Net          -        -       -         -           1         
threeN1_inst.intermediate_cry_3_0     CCU2D        CIN      In      0.000     2.588 r     -         
threeN1_inst.intermediate_cry_3_0     CCU2D        S0       Out     1.908     4.497 r     -         
intermediate[3]                       Net          -        -       -         -           37        
threeN1_inst.un6_0[0]                 ORCALUT4     C        In      0.000     4.497 r     -         
threeN1_inst.un6_0[0]                 ORCALUT4     Z        Out     0.449     4.945 r     -         
N_6                                   Net          -        -       -         -           2         
collatz_count_1_cry_0_0               CCU2D        C1       In      0.000     4.945 r     -         
collatz_count_1_cry_0_0               CCU2D        COUT     Out     1.544     6.490 r     -         
collatz_count_1_cry_0                 Net          -        -       -         -           1         
collatz_count_1_cry_1_0               CCU2D        CIN      In      0.000     6.490 r     -         
collatz_count_1_cry_1_0               CCU2D        COUT     Out     0.143     6.633 r     -         
collatz_count_1_cry_2                 Net          -        -       -         -           1         
collatz_count_1_cry_3_0               CCU2D        CIN      In      0.000     6.633 r     -         
collatz_count_1_cry_3_0               CCU2D        COUT     Out     0.143     6.775 r     -         
collatz_count_1_cry_4                 Net          -        -       -         -           1         
collatz_count_1_cry_5_0               CCU2D        CIN      In      0.000     6.775 r     -         
collatz_count_1_cry_5_0               CCU2D        S1       Out     1.549     8.324 r     -         
collatz_count_1[6]                    Net          -        -       -         -           1         
collatz_count[6]                      FD1P3AX      D        In      0.000     8.324 r     -         
====================================================================================================


Path information for path number 46: 
      Requested Period:                      8.007
    - Setup time:                            0.106
    + Clock delay at ending point:           0.000 (ideal)
    = Required time:                         7.901

    - Propagation time:                      8.301
    - Clock delay at starting point:         0.000 (ideal)
    = Slack (non-critical) :                 -0.400

    Number of logic level(s):                7
    Starting point:                          next_val_reg_fast[0] / Q
    Ending point:                            collatz_count[7] / D
    The start point is clocked by            fast_pll|CLKOP_inferred_clock [rising] (rise=0.000 fall=4.003 period=8.007) on pin CK
    The end   point is clocked by            fast_pll|CLKOP_inferred_clock [rising] (rise=0.000 fall=4.003 period=8.007) on pin CK

Instance / Net                                              Pin      Pin               Arrival     No. of    
Name                                           Type         Name     Dir     Delay     Time        Fan Out(s)
-------------------------------------------------------------------------------------------------------------
next_val_reg_fast[0]                           FD1P3AY      Q        Out     1.108     1.108 r     -         
next_val_reg_fast[0]                           Net          -        -       -         -           3         
threeN1_inst.intermediate_cry_0_0              CCU2D        B1       In      0.000     1.108 r     -         
threeN1_inst.intermediate_cry_0_0              CCU2D        COUT     Out     1.544     2.652 r     -         
intermediate_cry_0                             Net          -        -       -         -           1         
threeN1_inst.intermediate_cry_1_0              CCU2D        CIN      In      0.000     2.652 r     -         
threeN1_inst.intermediate_cry_1_0              CCU2D        S1       Out     1.821     4.473 r     -         
intermediate[2]                                Net          -        -       -         -           12        
threeN1_inst.intermediate_cry_1_0_RNIETGQD     ORCALUT4     B        In      0.000     4.473 r     -         
threeN1_inst.intermediate_cry_1_0_RNIETGQD     ORCALUT4     Z        Out     0.449     4.922 f     -         
SUM2_0_0                                       Net          -        -       -         -           1         
collatz_count_1_cry_1_0                        CCU2D        B1       In      0.000     4.922 f     -         
collatz_count_1_cry_1_0                        CCU2D        COUT     Out     1.544     6.467 r     -         
collatz_count_1_cry_2                          Net          -        -       -         -           1         
collatz_count_1_cry_3_0                        CCU2D        CIN      In      0.000     6.467 r     -         
collatz_count_1_cry_3_0                        CCU2D        COUT     Out     0.143     6.609 r     -         
collatz_count_1_cry_4                          Net          -        -       -         -           1         
collatz_count_1_cry_5_0                        CCU2D        CIN      In      0.000     6.609 r     -         
collatz_count_1_cry_5_0                        CCU2D        COUT     Out     0.143     6.752 r     -         
collatz_count_1_cry_6                          Net          -        -       -         -           1         
collatz_count_1_s_7_0                          CCU2D        CIN      In      0.000     6.752 r     -         
collatz_count_1_s_7_0                          CCU2D        S0       Out     1.549     8.301 r     -         
collatz_count_1[7]                             Net          -        -       -         -           1         
collatz_count[7]                               FD1P3AX      D        In      0.000     8.301 r     -         
=============================================================================================================


Path information for path number 47: 
      Requested Period:                      8.007
    - Setup time:                            0.106
    + Clock delay at ending point:           0.000 (ideal)
    = Required time:                         7.901

    - Propagation time:                      8.301
    - Clock delay at starting point:         0.000 (ideal)
    = Slack (non-critical) :                 -0.400

    Number of logic level(s):                7
    Starting point:                          next_val_reg_fast[0] / Q
    Ending point:                            collatz_count[7] / D
    The start point is clocked by            fast_pll|CLKOP_inferred_clock [rising] (rise=0.000 fall=4.003 period=8.007) on pin CK
    The end   point is clocked by            fast_pll|CLKOP_inferred_clock [rising] (rise=0.000 fall=4.003 period=8.007) on pin CK

Instance / Net                                     Pin      Pin               Arrival     No. of    
Name                                  Type         Name     Dir     Delay     Time        Fan Out(s)
----------------------------------------------------------------------------------------------------
next_val_reg_fast[0]                  FD1P3AY      Q        Out     1.108     1.108 r     -         
next_val_reg_fast[0]                  Net          -        -       -         -           3         
threeN1_inst.intermediate_cry_0_0     CCU2D        B1       In      0.000     1.108 r     -         
threeN1_inst.intermediate_cry_0_0     CCU2D        COUT     Out     1.544     2.652 r     -         
intermediate_cry_0                    Net          -        -       -         -           1         
threeN1_inst.intermediate_cry_1_0     CCU2D        CIN      In      0.000     2.652 r     -         
threeN1_inst.intermediate_cry_1_0     CCU2D        S1       Out     1.821     4.473 r     -         
intermediate[2]                       Net          -        -       -         -           12        
threeN1_inst.un6_i[1]                 ORCALUT4     B        In      0.000     4.473 r     -         
threeN1_inst.un6_i[1]                 ORCALUT4     Z        Out     0.449     4.922 f     -         
N_11                                  Net          -        -       -         -           1         
collatz_count_1_cry_1_0               CCU2D        B0       In      0.000     4.922 f     -         
collatz_count_1_cry_1_0               CCU2D        COUT     Out     1.544     6.467 r     -         
collatz_count_1_cry_2                 Net          -        -       -         -           1         
collatz_count_1_cry_3_0               CCU2D        CIN      In      0.000     6.467 r     -         
collatz_count_1_cry_3_0               CCU2D        COUT     Out     0.143     6.609 r     -         
collatz_count_1_cry_4                 Net          -        -       -         -           1         
collatz_count_1_cry_5_0               CCU2D        CIN      In      0.000     6.609 r     -         
collatz_count_1_cry_5_0               CCU2D        COUT     Out     0.143     6.752 r     -         
collatz_count_1_cry_6                 Net          -        -       -         -           1         
collatz_count_1_s_7_0                 CCU2D        CIN      In      0.000     6.752 r     -         
collatz_count_1_s_7_0                 CCU2D        S0       Out     1.549     8.301 r     -         
collatz_count_1[7]                    Net          -        -       -         -           1         
collatz_count[7]                      FD1P3AX      D        In      0.000     8.301 r     -         
====================================================================================================


Path information for path number 48: 
      Requested Period:                      8.007
    - Setup time:                            0.106
    + Clock delay at ending point:           0.000 (ideal)
    = Required time:                         7.901

    - Propagation time:                      8.301
    - Clock delay at starting point:         0.000 (ideal)
    = Slack (non-critical) :                 -0.400

    Number of logic level(s):                7
    Starting point:                          next_val_reg_fast[0] / Q
    Ending point:                            collatz_count[7] / D
    The start point is clocked by            fast_pll|CLKOP_inferred_clock [rising] (rise=0.000 fall=4.003 period=8.007) on pin CK
    The end   point is clocked by            fast_pll|CLKOP_inferred_clock [rising] (rise=0.000 fall=4.003 period=8.007) on pin CK

Instance / Net                                              Pin      Pin               Arrival     No. of    
Name                                           Type         Name     Dir     Delay     Time        Fan Out(s)
-------------------------------------------------------------------------------------------------------------
next_val_reg_fast[0]                           FD1P3AY      Q        Out     1.108     1.108 r     -         
next_val_reg_fast[0]                           Net          -        -       -         -           3         
threeN1_inst.intermediate_cry_0_0              CCU2D        B1       In      0.000     1.108 r     -         
threeN1_inst.intermediate_cry_0_0              CCU2D        COUT     Out     1.544     2.652 r     -         
intermediate_cry_0                             Net          -        -       -         -           1         
threeN1_inst.intermediate_cry_1_0              CCU2D        CIN      In      0.000     2.652 r     -         
threeN1_inst.intermediate_cry_1_0              CCU2D        S1       Out     1.821     4.473 r     -         
intermediate[2]                                Net          -        -       -         -           12        
threeN1_inst.intermediate_cry_1_0_RNIV5GFO     ORCALUT4     C        In      0.000     4.473 r     -         
threeN1_inst.intermediate_cry_1_0_RNIV5GFO     ORCALUT4     Z        Out     0.449     4.922 f     -         
CO0                                            Net          -        -       -         -           1         
collatz_count_1_cry_1_0                        CCU2D        C0       In      0.000     4.922 f     -         
collatz_count_1_cry_1_0                        CCU2D        COUT     Out     1.544     6.467 r     -         
collatz_count_1_cry_2                          Net          -        -       -         -           1         
collatz_count_1_cry_3_0                        CCU2D        CIN      In      0.000     6.467 r     -         
collatz_count_1_cry_3_0                        CCU2D        COUT     Out     0.143     6.609 r     -         
collatz_count_1_cry_4                          Net          -        -       -         -           1         
collatz_count_1_cry_5_0                        CCU2D        CIN      In      0.000     6.609 r     -         
collatz_count_1_cry_5_0                        CCU2D        COUT     Out     0.143     6.752 r     -         
collatz_count_1_cry_6                          Net          -        -       -         -           1         
collatz_count_1_s_7_0                          CCU2D        CIN      In      0.000     6.752 r     -         
collatz_count_1_s_7_0                          CCU2D        S0       Out     1.549     8.301 r     -         
collatz_count_1[7]                             Net          -        -       -         -           1         
collatz_count[7]                               FD1P3AX      D        In      0.000     8.301 r     -         
=============================================================================================================


Path information for path number 49: 
      Requested Period:                      8.007
    - Setup time:                            0.106
    + Clock delay at ending point:           0.000 (ideal)
    = Required time:                         7.901

    - Propagation time:                      8.301
    - Clock delay at starting point:         0.000 (ideal)
    = Slack (non-critical) :                 -0.400

    Number of logic level(s):                7
    Starting point:                          next_val_reg_fast[0] / Q
    Ending point:                            collatz_count[5] / D
    The start point is clocked by            fast_pll|CLKOP_inferred_clock [rising] (rise=0.000 fall=4.003 period=8.007) on pin CK
    The end   point is clocked by            fast_pll|CLKOP_inferred_clock [rising] (rise=0.000 fall=4.003 period=8.007) on pin CK

Instance / Net                                     Pin      Pin               Arrival     No. of    
Name                                  Type         Name     Dir     Delay     Time        Fan Out(s)
----------------------------------------------------------------------------------------------------
next_val_reg_fast[0]                  FD1P3AY      Q        Out     1.108     1.108 r     -         
next_val_reg_fast[0]                  Net          -        -       -         -           3         
threeN1_inst.intermediate_cry_0_0     CCU2D        B1       In      0.000     1.108 r     -         
threeN1_inst.intermediate_cry_0_0     CCU2D        COUT     Out     1.544     2.652 r     -         
intermediate_cry_0                    Net          -        -       -         -           1         
threeN1_inst.intermediate_cry_1_0     CCU2D        CIN      In      0.000     2.652 r     -         
threeN1_inst.intermediate_cry_1_0     CCU2D        S1       Out     1.821     4.473 r     -         
intermediate[2]                       Net          -        -       -         -           12        
threeN1_inst.un6_0[0]                 ORCALUT4     B        In      0.000     4.473 r     -         
threeN1_inst.un6_0[0]                 ORCALUT4     Z        Out     0.449     4.922 f     -         
N_6                                   Net          -        -       -         -           2         
collatz_count_1_cry_0_0               CCU2D        C1       In      0.000     4.922 f     -         
collatz_count_1_cry_0_0               CCU2D        COUT     Out     1.544     6.467 r     -         
collatz_count_1_cry_0                 Net          -        -       -         -           1         
collatz_count_1_cry_1_0               CCU2D        CIN      In      0.000     6.467 r     -         
collatz_count_1_cry_1_0               CCU2D        COUT     Out     0.143     6.609 r     -         
collatz_count_1_cry_2                 Net          -        -       -         -           1         
collatz_count_1_cry_3_0               CCU2D        CIN      In      0.000     6.609 r     -         
collatz_count_1_cry_3_0               CCU2D        COUT     Out     0.143     6.752 r     -         
collatz_count_1_cry_4                 Net          -        -       -         -           1         
collatz_count_1_cry_5_0               CCU2D        CIN      In      0.000     6.752 r     -         
collatz_count_1_cry_5_0               CCU2D        S0       Out     1.549     8.301 r     -         
collatz_count_1[5]                    Net          -        -       -         -           1         
collatz_count[5]                      FD1P3AX      D        In      0.000     8.301 r     -         
====================================================================================================


Path information for path number 50: 
      Requested Period:                      8.007
    - Setup time:                            0.106
    + Clock delay at ending point:           0.000 (ideal)
    = Required time:                         7.901

    - Propagation time:                      8.301
    - Clock delay at starting point:         0.000 (ideal)
    = Slack (non-critical) :                 -0.400

    Number of logic level(s):                7
    Starting point:                          next_val_reg_fast[0] / Q
    Ending point:                            collatz_count[6] / D
    The start point is clocked by            fast_pll|CLKOP_inferred_clock [rising] (rise=0.000 fall=4.003 period=8.007) on pin CK
    The end   point is clocked by            fast_pll|CLKOP_inferred_clock [rising] (rise=0.000 fall=4.003 period=8.007) on pin CK

Instance / Net                                     Pin      Pin               Arrival     No. of    
Name                                  Type         Name     Dir     Delay     Time        Fan Out(s)
----------------------------------------------------------------------------------------------------
next_val_reg_fast[0]                  FD1P3AY      Q        Out     1.108     1.108 r     -         
next_val_reg_fast[0]                  Net          -        -       -         -           3         
threeN1_inst.intermediate_cry_0_0     CCU2D        B1       In      0.000     1.108 r     -         
threeN1_inst.intermediate_cry_0_0     CCU2D        COUT     Out     1.544     2.652 r     -         
intermediate_cry_0                    Net          -        -       -         -           1         
threeN1_inst.intermediate_cry_1_0     CCU2D        CIN      In      0.000     2.652 r     -         
threeN1_inst.intermediate_cry_1_0     CCU2D        S1       Out     1.821     4.473 r     -         
intermediate[2]                       Net          -        -       -         -           12        
threeN1_inst.un6_0[0]                 ORCALUT4     B        In      0.000     4.473 r     -         
threeN1_inst.un6_0[0]                 ORCALUT4     Z        Out     0.449     4.922 f     -         
N_6                                   Net          -        -       -         -           2         
collatz_count_1_cry_0_0               CCU2D        C1       In      0.000     4.922 f     -         
collatz_count_1_cry_0_0               CCU2D        COUT     Out     1.544     6.467 r     -         
collatz_count_1_cry_0                 Net          -        -       -         -           1         
collatz_count_1_cry_1_0               CCU2D        CIN      In      0.000     6.467 r     -         
collatz_count_1_cry_1_0               CCU2D        COUT     Out     0.143     6.609 r     -         
collatz_count_1_cry_2                 Net          -        -       -         -           1         
collatz_count_1_cry_3_0               CCU2D        CIN      In      0.000     6.609 r     -         
collatz_count_1_cry_3_0               CCU2D        COUT     Out     0.143     6.752 r     -         
collatz_count_1_cry_4                 Net          -        -       -         -           1         
collatz_count_1_cry_5_0               CCU2D        CIN      In      0.000     6.752 r     -         
collatz_count_1_cry_5_0               CCU2D        S1       Out     1.549     8.301 r     -         
collatz_count_1[6]                    Net          -        -       -         -           1         
collatz_count[6]                      FD1P3AX      D        In      0.000     8.301 r     -         
====================================================================================================




====================================
Detailed Report for Clock: System
====================================



Starting Points with Worst Slack
********************************

                            Starting                                          Arrival            
Instance                    Reference     Type        Pin      Net            Time        Slack  
                            Clock                                                                
-------------------------------------------------------------------------------------------------
fast_pll_inst.PLLInst_0     System        EHXPLLJ     LOCK     pll_locked     0.000       999.894
=================================================================================================


Ending Points with Worst Slack
******************************

                   Starting                                         Required            
Instance           Reference     Type        Pin     Net            Time         Slack  
                   Clock                                                                
----------------------------------------------------------------------------------------
clk_en_reg         System        FD1S3AX     D       pll_locked     999.894      999.894
clk_en_reg_1       System        FD1S3AX     D       pll_locked     999.894      999.894
clk_en_reg_1_0     System        FD1S3AX     D       pll_locked     999.894      999.894
clk_en_reg_2       System        FD1S3AX     D       pll_locked     999.894      999.894
clk_en_reg_3       System        FD1S3AX     D       pll_locked     999.894      999.894
========================================================================================



Worst Path Information
***********************


Path information for path number 1: 
      Requested Period:                      1000.000
    - Setup time:                            0.106
    + Clock delay at ending point:           0.000 (ideal)
    = Required time:                         999.894

    - Propagation time:                      0.000
    - Clock delay at starting point:         0.000 (ideal)
    - Estimated clock delay at start point:  -0.000
    = Slack (non-critical) :                 999.894

    Number of logic level(s):                0
    Starting point:                          fast_pll_inst.PLLInst_0 / LOCK
    Ending point:                            clk_en_reg / D
    The start point is clocked by            System [rising]
    The end   point is clocked by            topcount|clk [rising] (rise=0.000 fall=500.000 period=1000.000) on pin CK

Instance / Net                          Pin      Pin               Arrival     No. of    
Name                        Type        Name     Dir     Delay     Time        Fan Out(s)
-----------------------------------------------------------------------------------------
fast_pll_inst.PLLInst_0     EHXPLLJ     LOCK     Out     0.000     0.000 r     -         
pll_locked                  Net         -        -       -         -           5         
clk_en_reg                  FD1S3AX     D        In      0.000     0.000 r     -         
=========================================================================================


Path information for path number 2: 
      Requested Period:                      1000.000
    - Setup time:                            0.106
    + Clock delay at ending point:           0.000 (ideal)
    = Required time:                         999.894

    - Propagation time:                      0.000
    - Clock delay at starting point:         0.000 (ideal)
    - Estimated clock delay at start point:  -0.000
    = Slack (non-critical) :                 999.894

    Number of logic level(s):                0
    Starting point:                          fast_pll_inst.PLLInst_0 / LOCK
    Ending point:                            clk_en_reg_1 / D
    The start point is clocked by            System [rising]
    The end   point is clocked by            topcount|clk [rising] (rise=0.000 fall=500.000 period=1000.000) on pin CK

Instance / Net                          Pin      Pin               Arrival     No. of    
Name                        Type        Name     Dir     Delay     Time        Fan Out(s)
-----------------------------------------------------------------------------------------
fast_pll_inst.PLLInst_0     EHXPLLJ     LOCK     Out     0.000     0.000 r     -         
pll_locked                  Net         -        -       -         -           5         
clk_en_reg_1                FD1S3AX     D        In      0.000     0.000 r     -         
=========================================================================================


Path information for path number 3: 
      Requested Period:                      1000.000
    - Setup time:                            0.106
    + Clock delay at ending point:           0.000 (ideal)
    = Required time:                         999.894

    - Propagation time:                      0.000
    - Clock delay at starting point:         0.000 (ideal)
    - Estimated clock delay at start point:  -0.000
    = Slack (non-critical) :                 999.894

    Number of logic level(s):                0
    Starting point:                          fast_pll_inst.PLLInst_0 / LOCK
    Ending point:                            clk_en_reg_1_0 / D
    The start point is clocked by            System [rising]
    The end   point is clocked by            topcount|clk [rising] (rise=0.000 fall=500.000 period=1000.000) on pin CK

Instance / Net                          Pin      Pin               Arrival     No. of    
Name                        Type        Name     Dir     Delay     Time        Fan Out(s)
-----------------------------------------------------------------------------------------
fast_pll_inst.PLLInst_0     EHXPLLJ     LOCK     Out     0.000     0.000 r     -         
pll_locked                  Net         -        -       -         -           5         
clk_en_reg_1_0              FD1S3AX     D        In      0.000     0.000 r     -         
=========================================================================================


Path information for path number 4: 
      Requested Period:                      1000.000
    - Setup time:                            0.106
    + Clock delay at ending point:           0.000 (ideal)
    = Required time:                         999.894

    - Propagation time:                      0.000
    - Clock delay at starting point:         0.000 (ideal)
    - Estimated clock delay at start point:  -0.000
    = Slack (non-critical) :                 999.894

    Number of logic level(s):                0
    Starting point:                          fast_pll_inst.PLLInst_0 / LOCK
    Ending point:                            clk_en_reg_2 / D
    The start point is clocked by            System [rising]
    The end   point is clocked by            topcount|clk [rising] (rise=0.000 fall=500.000 period=1000.000) on pin CK

Instance / Net                          Pin      Pin               Arrival     No. of    
Name                        Type        Name     Dir     Delay     Time        Fan Out(s)
-----------------------------------------------------------------------------------------
fast_pll_inst.PLLInst_0     EHXPLLJ     LOCK     Out     0.000     0.000 r     -         
pll_locked                  Net         -        -       -         -           5         
clk_en_reg_2                FD1S3AX     D        In      0.000     0.000 r     -         
=========================================================================================


Path information for path number 5: 
      Requested Period:                      1000.000
    - Setup time:                            0.106
    + Clock delay at ending point:           0.000 (ideal)
    = Required time:                         999.894

    - Propagation time:                      0.000
    - Clock delay at starting point:         0.000 (ideal)
    - Estimated clock delay at start point:  -0.000
    = Slack (non-critical) :                 999.894

    Number of logic level(s):                0
    Starting point:                          fast_pll_inst.PLLInst_0 / LOCK
    Ending point:                            clk_en_reg_3 / D
    The start point is clocked by            System [rising]
    The end   point is clocked by            topcount|clk [rising] (rise=0.000 fall=500.000 period=1000.000) on pin CK

Instance / Net                          Pin      Pin               Arrival     No. of    
Name                        Type        Name     Dir     Delay     Time        Fan Out(s)
-----------------------------------------------------------------------------------------
fast_pll_inst.PLLInst_0     EHXPLLJ     LOCK     Out     0.000     0.000 r     -         
pll_locked                  Net         -        -       -         -           5         
clk_en_reg_3                FD1S3AX     D        In      0.000     0.000 r     -         
=========================================================================================



##### END OF TIMING REPORT #####]

Timing exceptions that could not be applied

Finished final timing analysis (Real Time elapsed 0h:00m:04s; CPU Time elapsed 0h:00m:03s; Memory used current: 271MB peak: 273MB)


Finished timing report (Real Time elapsed 0h:00m:04s; CPU Time elapsed 0h:00m:03s; Memory used current: 271MB peak: 273MB)

---------------------------------------
Resource Usage Report
Part: lcmxo2_4000hc-4

Register bits: 86 of 4320 (2%)
PIC Latch:       0
I/O cells:       31


Details:
CCU2D:          27
CU2:            12
EHXPLLJ:        1
FADD2B:         1
FD1P3AX:        43
FD1P3AY:        14
FD1P3DX:        24
FD1S3AX:        5
GSR:            1
IB:             1
INV:            8
OB:             30
ORCALUT4:       101
PFUMX:          28
PUR:            1
VHI:            6
VLO:            6
Mapper successful!

At Mapper Exit (Real Time elapsed 0h:00m:04s; CPU Time elapsed 0h:00m:04s; Memory used current: 134MB peak: 273MB)

Process took 0h:00m:04s realtime, 0h:00m:04s cputime
# Tue Jun 23 08:34:28 2026

###########################################################]


Synthesis exit by 0.
Done: completed successfully