<?xml version="1.0" encoding="UTF-8"?>
<gpx creator="blackbox_decode v8.0.0 INAV c4f2026" version="1.1" xmlns="http://www.topografix.com/GPX/1/1" xmlns:xsi="http://www.w3.org/2001/XMLSchema-instance" xsi:schemaLocation="http://www.topografix.com/GPX/1/1 http://www.topografix.com/GPX/1/1/gpx.xsd">
<metadata><name>Blackbox flight log</name>
 <link href="https://github.com/iNavFlight/blackbox-tools">
 <text>INAV Blackbox Tools</text>
 </link>
</metadata>
<trk><name>Blackbox flight log</name><trkseg>
  <trkpt lat="37.4117724" lon="-121.9948450"><ele>1</ele><time>2026-09-07T17:20:04.781562Z</time></trkpt>
  <trkpt lat="37.4117724" lon="-121.9948450"><ele>1</ele><time>2026-09-07T17:20:04.789491Z</time></trkpt>
  <trkpt lat="37.4117723" lon="-121.9948450"><ele>1</ele><time>2026-09-07T17:20:04.850515Z</time></trkpt>
  <trkpt lat="37.4117721" lon="-121.9948451"><ele>1</ele><time>2026-09-07T17:20:04.951134Z</time></trkpt>
  <trkpt lat="37.4117719" lon="-121.9948452"><ele>1</ele><time>2026-09-07T17:20:05.051739Z</time></trkpt>
  <trkpt lat="37.4117715" lon="-121.9948454"><ele>2</ele><time>2026-09-07T17:20:05.151848Z</time></trkpt>
  <trkpt lat="37.4117713" lon="-121.9948456"><ele>2</ele><time>2026-09-07T17:20:05.251953Z</time></trkpt>
  <trkpt lat="37.4117710" lon="-121.9948457"><ele>2</ele><time>2026-09-07T17:20:05.353656Z</time></trkpt>
  <trkpt lat="37.4117707" lon="-121.9948459"><ele>2</ele><time>2026-09-07T17:20:05.434661Z</time></trkpt>
  <trkpt lat="37.4117704" lon="-121.9948461"><ele>2</ele><time>2026-09-07T17:20:05.535028Z</time></trkpt>
  <trkpt lat="37.4117702" lon="-121.9948461"><ele>2</ele><time>2026-09-07T17:20:05.635467Z</time></trkpt>
  <trkpt lat="37.4117699" lon="-121.9948462"><ele>2</ele><time>2026-09-07T17:20:05.736833Z</time></trkpt>
  <trkpt lat="37.4117697" lon="-121.9948462"><ele>2</ele><time>2026-09-07T17:20:05.837465Z</time></trkpt>
  <trkpt lat="37.4117693" lon="-121.9948463"><ele>2</ele><time>2026-09-07T17:20:05.937786Z</time></trkpt>
  <trkpt lat="37.4117690" lon="-121.9948464"><ele>2</ele><time>2026-09-07T17:20:06.038427Z</time></trkpt>
  <trkpt lat="37.4117685" lon="-121.9948466"><ele>2</ele><time>2026-09-07T17:20:06.139451Z</time></trkpt>
  <trkpt lat="37.4117680" lon="-121.9948469"><ele>2</ele><time>2026-09-07T17:20:06.240136Z</time></trkpt>
  <trkpt lat="37.4117675" lon="-121.9948470"><ele>2</ele><time>2026-09-07T17:20:06.341484Z</time></trkpt>
  <trkpt lat="37.4117671" lon="-121.9948472"><ele>2</ele><time>2026-09-07T17:20:06.441882Z</time></trkpt>
  <trkpt lat="37.4117668" lon="-121.9948473"><ele>2</ele><time>2026-09-07T17:20:06.542558Z</time></trkpt>
  <trkpt lat="37.4117665" lon="-121.9948474"><ele>2</ele><time>2026-09-07T17:20:06.642750Z</time></trkpt>
  <trkpt lat="37.4117662" lon="-121.9948475"><ele>2</ele><time>2026-09-07T17:20:06.742930Z</time></trkpt>
  <trkpt lat="37.4117661" lon="-121.9948476"><ele>2</ele><time>2026-09-07T17:20:06.843207Z</time></trkpt>
  <trkpt lat="37.4117661" lon="-121.9948476"><ele>2</ele><time>2026-09-07T17:20:06.923978Z</time></trkpt>
  <trkpt lat="37.4117659" lon="-121.9948479"><ele>2</ele><time>2026-09-07T17:20:06.944054Z</time></trkpt>
  <trkpt lat="37.4117657" lon="-121.9948481"><ele>2</ele><time>2026-09-07T17:20:07.044671Z</time></trkpt>
  <trkpt lat="37.4117656" lon="-121.9948484"><ele>2</ele><time>2026-09-07T17:20:07.145996Z</time></trkpt>
  <trkpt lat="37.4117654" lon="-121.9948486"><ele>2</ele><time>2026-09-07T17:20:07.246921Z</time></trkpt>
  <trkpt lat="37.4117651" lon="-121.9948488"><ele>2</ele><time>2026-09-07T17:20:07.346655Z</time></trkpt>
  <trkpt lat="37.4117650" lon="-121.9948491"><ele>2</ele><time>2026-09-07T17:20:07.447288Z</time></trkpt>
  <trkpt lat="37.4117648" lon="-121.9948494"><ele>2</ele><time>2026-09-07T17:20:07.548031Z</time></trkpt>
  <trkpt lat="37.4117647" lon="-121.9948496"><ele>2</ele><time>2026-09-07T17:20:07.648765Z</time></trkpt>
  <trkpt lat="37.4117645" lon="-121.9948498"><ele>2</ele><time>2026-09-07T17:20:07.749188Z</time></trkpt>
  <trkpt lat="37.4117644" lon="-121.9948501"><ele>2</ele><time>2026-09-07T17:20:07.850191Z</time></trkpt>
  <trkpt lat="37.4117643" lon="-121.9948503"><ele>2</ele><time>2026-09-07T17:20:07.950618Z</time></trkpt>
  <trkpt lat="37.4117641" lon="-121.9948505"><ele>2</ele><time>2026-09-07T17:20:08.050978Z</time></trkpt>
  <trkpt lat="37.4117639" lon="-121.9948508"><ele>3</ele><time>2026-09-07T17:20:08.131749Z</time></trkpt>
  <trkpt lat="37.4117637" lon="-121.9948511"><ele>3</ele><time>2026-09-07T17:20:08.252380Z</time></trkpt>
  <trkpt lat="37.4117637" lon="-121.9948512"><ele>3</ele><time>2026-09-07T17:20:08.332656Z</time></trkpt>
  <trkpt lat="37.4117637" lon="-121.9948513"><ele>3</ele><time>2026-09-07T17:20:08.433235Z</time></trkpt>
  <trkpt lat="37.4117637" lon="-121.9948514"><ele>3</ele><time>2026-09-07T17:20:08.533773Z</time></trkpt>
  <trkpt lat="37.4117637" lon="-121.9948513"><ele>3</ele><time>2026-09-07T17:20:08.634474Z</time></trkpt>
  <trkpt lat="37.4117636" lon="-121.9948512"><ele>3</ele><time>2026-09-07T17:20:08.735335Z</time></trkpt>
  <trkpt lat="37.4117634" lon="-121.9948512"><ele>3</ele><time>2026-09-07T17:20:08.836394Z</time></trkpt>
  <trkpt lat="37.4117632" lon="-121.9948513"><ele>3</ele><time>2026-09-07T17:20:08.936714Z</time></trkpt>
  <trkpt lat="37.4117631" lon="-121.9948512"><ele>3</ele><time>2026-09-07T17:20:09.037544Z</time></trkpt>
  <trkpt lat="37.4117631" lon="-121.9948512"><ele>3</ele><time>2026-09-07T17:20:09.042146Z</time></trkpt>
  <trkpt lat="37.4117629" lon="-121.9948513"><ele>3</ele><time>2026-09-07T17:20:09.138322Z</time></trkpt>
  <trkpt lat="37.4117628" lon="-121.9948514"><ele>3</ele><time>2026-09-07T17:20:09.239030Z</time></trkpt>
  <trkpt lat="37.4117625" lon="-121.9948514"><ele>3</ele><time>2026-09-07T17:20:09.340356Z</time></trkpt>
  <trkpt lat="37.4117620" lon="-121.9948512"><ele>3</ele><time>2026-09-07T17:20:09.441030Z</time></trkpt>
  <trkpt lat="37.4117614" lon="-121.9948510"><ele>3</ele><time>2026-09-07T17:20:09.542032Z</time></trkpt>
  <trkpt lat="37.4117609" lon="-121.9948508"><ele>3</ele><time>2026-09-07T17:20:09.642358Z</time></trkpt>
  <trkpt lat="37.4117607" lon="-121.9948505"><ele>3</ele><time>2026-09-07T17:20:09.742711Z</time></trkpt>
  <trkpt lat="37.4117605" lon="-121.9948500"><ele>3</ele><time>2026-09-07T17:20:09.843177Z</time></trkpt>
  <trkpt lat="37.4117604" lon="-121.9948493"><ele>3</ele><time>2026-09-07T17:20:09.943397Z</time></trkpt>
  <trkpt lat="37.4117607" lon="-121.9948488"><ele>3</ele><time>2026-09-07T17:20:10.044293Z</time></trkpt>
  <trkpt lat="37.4117615" lon="-121.9948484"><ele>3</ele><time>2026-09-07T17:20:10.145214Z</time></trkpt>
  <trkpt lat="37.4117628" lon="-121.9948485"><ele>3</ele><time>2026-09-07T17:20:10.245670Z</time></trkpt>
  <trkpt lat="37.4117650" lon="-121.9948493"><ele>3</ele><time>2026-09-07T17:20:10.346582Z</time></trkpt>
  <trkpt lat="37.4117680" lon="-121.9948503"><ele>3</ele><time>2026-09-07T17:20:10.447332Z</time></trkpt>
  <trkpt lat="37.4117720" lon="-121.9948515"><ele>3</ele><time>2026-09-07T17:20:10.548064Z</time></trkpt>
  <trkpt lat="37.4117768" lon="-121.9948528"><ele>4</ele><time>2026-09-07T17:20:10.648125Z</time></trkpt>
  <trkpt lat="37.4117818" lon="-121.9948539"><ele>4</ele><time>2026-09-07T17:20:10.749288Z</time></trkpt>
  <trkpt lat="37.4117871" lon="-121.9948542"><ele>4</ele><time>2026-09-07T17:20:10.850030Z</time></trkpt>
  <trkpt lat="37.4117926" lon="-121.9948539"><ele>5</ele><time>2026-09-07T17:20:10.930520Z</time></trkpt>
  <trkpt lat="37.4117989" lon="-121.9948529"><ele>5</ele><time>2026-09-07T17:20:11.030981Z</time></trkpt>
  <trkpt lat="37.4118056" lon="-121.9948514"><ele>5</ele><time>2026-09-07T17:20:11.132715Z</time></trkpt>
  <trkpt lat="37.4118056" lon="-121.9948514"><ele>5</ele><time>2026-09-07T17:20:11.166360Z</time></trkpt>
  <trkpt lat="37.4118127" lon="-121.9948497"><ele>5</ele><time>2026-09-07T17:20:11.232772Z</time></trkpt>
  <trkpt lat="37.4118203" lon="-121.9948478"><ele>6</ele><time>2026-09-07T17:20:11.333741Z</time></trkpt>
  <trkpt lat="37.4118277" lon="-121.9948462"><ele>6</ele><time>2026-09-07T17:20:11.434552Z</time></trkpt>
  <trkpt lat="37.4118353" lon="-121.9948444"><ele>6</ele><time>2026-09-07T17:20:11.535428Z</time></trkpt>
  <trkpt lat="37.4118433" lon="-121.9948424"><ele>7</ele><time>2026-09-07T17:20:11.635665Z</time></trkpt>
  <trkpt lat="37.4118515" lon="-121.9948400"><ele>7</ele><time>2026-09-07T17:20:11.736260Z</time></trkpt>
  <trkpt lat="37.4118601" lon="-121.9948374"><ele>8</ele><time>2026-09-07T17:20:11.836870Z</time></trkpt>
  <trkpt lat="37.4118693" lon="-121.9948345"><ele>8</ele><time>2026-09-07T17:20:11.937021Z</time></trkpt>
  <trkpt lat="37.4118783" lon="-121.9948321"><ele>8</ele><time>2026-09-07T17:20:12.038101Z</time></trkpt>
  <trkpt lat="37.4118873" lon="-121.9948298"><ele>9</ele><time>2026-09-07T17:20:12.138676Z</time></trkpt>
  <trkpt lat="37.4118961" lon="-121.9948278"><ele>10</ele><time>2026-09-07T17:20:12.239319Z</time></trkpt>
  <trkpt lat="37.4119049" lon="-121.9948261"><ele>10</ele><time>2026-09-07T17:20:12.339973Z</time></trkpt>
  <trkpt lat="37.4119134" lon="-121.9948241"><ele>11</ele><time>2026-09-07T17:20:12.440014Z</time></trkpt>
  <trkpt lat="37.4119219" lon="-121.9948219"><ele>12</ele><time>2026-09-07T17:20:12.540365Z</time></trkpt>
  <trkpt lat="37.4119305" lon="-121.9948197"><ele>12</ele><time>2026-09-07T17:20:12.640569Z</time></trkpt>
  <trkpt lat="37.4119393" lon="-121.9948177"><ele>13</ele><time>2026-09-07T17:20:12.741354Z</time></trkpt>
  <trkpt lat="37.4119483" lon="-121.9948157"><ele>14</ele><time>2026-09-07T17:20:12.842032Z</time></trkpt>
  <trkpt lat="37.4119575" lon="-121.9948136"><ele>14</ele><time>2026-09-07T17:20:12.942938Z</time></trkpt>
  <trkpt lat="37.4119667" lon="-121.9948118"><ele>15</ele><time>2026-09-07T17:20:13.043597Z</time></trkpt>
  <trkpt lat="37.4119761" lon="-121.9948099"><ele>16</ele><time>2026-09-07T17:20:13.144403Z</time></trkpt>
  <trkpt lat="37.4119856" lon="-121.9948080"><ele>16</ele><time>2026-09-07T17:20:13.245215Z</time></trkpt>
  <trkpt lat="37.4119856" lon="-121.9948080"><ele>16</ele><time>2026-09-07T17:20:13.309632Z</time></trkpt>
  <trkpt lat="37.4119954" lon="-121.9948061"><ele>17</ele><time>2026-09-07T17:20:13.346193Z</time></trkpt>
  <trkpt lat="37.4120052" lon="-121.9948044"><ele>18</ele><time>2026-09-07T17:20:13.447009Z</time></trkpt>
  <trkpt lat="37.4120153" lon="-121.9948026"><ele>19</ele><time>2026-09-07T17:20:13.547480Z</time></trkpt>
  <trkpt lat="37.4120258" lon="-121.9948008"><ele>19</ele><time>2026-09-07T17:20:13.628261Z</time></trkpt>
  <trkpt lat="37.4120367" lon="-121.9947988"><ele>20</ele><time>2026-09-07T17:20:13.748627Z</time></trkpt>
  <trkpt lat="37.4120474" lon="-121.9947969"><ele>20</ele><time>2026-09-07T17:20:13.828897Z</time></trkpt>
  <trkpt lat="37.4120582" lon="-121.9947951"><ele>21</ele><time>2026-09-07T17:20:13.929101Z</time></trkpt>
  <trkpt lat="37.4120690" lon="-121.9947935"><ele>22</ele><time>2026-09-07T17:20:14.029198Z</time></trkpt>
  <trkpt lat="37.4120802" lon="-121.9947921"><ele>22</ele><time>2026-09-07T17:20:14.130187Z</time></trkpt>
  <trkpt lat="37.4120916" lon="-121.9947910"><ele>23</ele><time>2026-09-07T17:20:14.230672Z</time></trkpt>
  <trkpt lat="37.4121030" lon="-121.9947899"><ele>23</ele><time>2026-09-07T17:20:14.330604Z</time></trkpt>
  <trkpt lat="37.4121149" lon="-121.9947883"><ele>24</ele><time>2026-09-07T17:20:14.431236Z</time></trkpt>
  <trkpt lat="37.4121270" lon="-121.9947864"><ele>24</ele><time>2026-09-07T17:20:14.531280Z</time></trkpt>
  <trkpt lat="37.4121398" lon="-121.9947845"><ele>25</ele><time>2026-09-07T17:20:14.631632Z</time></trkpt>
  <trkpt lat="37.4121532" lon="-121.9947823"><ele>25</ele><time>2026-09-07T17:20:14.732157Z</time></trkpt>
  <trkpt lat="37.4121664" lon="-121.9947804"><ele>25</ele><time>2026-09-07T17:20:14.832492Z</time></trkpt>
  <trkpt lat="37.4121800" lon="-121.9947777"><ele>25</ele><time>2026-09-07T17:20:14.932974Z</time></trkpt>
  <trkpt lat="37.4121939" lon="-121.9947748"><ele>25</ele><time>2026-09-07T17:20:15.033892Z</time></trkpt>
  <trkpt lat="37.4122075" lon="-121.9947719"><ele>26</ele><time>2026-09-07T17:20:15.135214Z</time></trkpt>
  <trkpt lat="37.4122212" lon="-121.9947687"><ele>26</ele><time>2026-09-07T17:20:15.234963Z</time></trkpt>
  <trkpt lat="37.4122340" lon="-121.9947656"><ele>26</ele><time>2026-09-07T17:20:15.335306Z</time></trkpt>
  <trkpt lat="37.4122460" lon="-121.9947629"><ele>27</ele><time>2026-09-07T17:20:15.436373Z</time></trkpt>
  <trkpt lat="37.4122460" lon="-121.9947629"><ele>27</ele><time>2026-09-07T17:20:15.463745Z</time></trkpt>
  <trkpt lat="37.4122571" lon="-121.9947603"><ele>28</ele><time>2026-09-07T17:20:15.536822Z</time></trkpt>
  <trkpt lat="37.4122665" lon="-121.9947588"><ele>29</ele><time>2026-09-07T17:20:15.637905Z</time></trkpt>
  <trkpt lat="37.4122745" lon="-121.9947583"><ele>30</ele><time>2026-09-07T17:20:15.738788Z</time></trkpt>
  <trkpt lat="37.4122825" lon="-121.9947578"><ele>31</ele><time>2026-09-07T17:20:15.839982Z</time></trkpt>
  <trkpt lat="37.4122911" lon="-121.9947567"><ele>31</ele><time>2026-09-07T17:20:15.940424Z</time></trkpt>
  <trkpt lat="37.4123003" lon="-121.9947550"><ele>32</ele><time>2026-09-07T17:20:16.040523Z</time></trkpt>
  <trkpt lat="37.4123097" lon="-121.9947530"><ele>32</ele><time>2026-09-07T17:20:16.141340Z</time></trkpt>
  <trkpt lat="37.4123194" lon="-121.9947508"><ele>32</ele><time>2026-09-07T17:20:16.242153Z</time></trkpt>
  <trkpt lat="37.4123291" lon="-121.9947484"><ele>33</ele><time>2026-09-07T17:20:16.342880Z</time></trkpt>
  <trkpt lat="37.4123390" lon="-121.9947460"><ele>33</ele><time>2026-09-07T17:20:16.443142Z</time></trkpt>
  <trkpt lat="37.4123489" lon="-121.9947439"><ele>33</ele><time>2026-09-07T17:20:16.543575Z</time></trkpt>
  <trkpt lat="37.4123589" lon="-121.9947420"><ele>33</ele><time>2026-09-07T17:20:16.644054Z</time></trkpt>
  <trkpt lat="37.4123689" lon="-121.9947402"><ele>33</ele><time>2026-09-07T17:20:16.724556Z</time></trkpt>
  <trkpt lat="37.4123788" lon="-121.9947387"><ele>33</ele><time>2026-09-07T17:20:16.845048Z</time></trkpt>
  <trkpt lat="37.4123888" lon="-121.9947377"><ele>33</ele><time>2026-09-07T17:20:16.925227Z</time></trkpt>
  <trkpt lat="37.4123987" lon="-121.9947373"><ele>33</ele><time>2026-09-07T17:20:17.025797Z</time></trkpt>
  <trkpt lat="37.4124084" lon="-121.9947379"><ele>33</ele><time>2026-09-07T17:20:17.126595Z</time></trkpt>
  <trkpt lat="37.4124180" lon="-121.9947393"><ele>33</ele><time>2026-09-07T17:20:17.227126Z</time></trkpt>
  <trkpt lat="37.4124273" lon="-121.9947412"><ele>34</ele><time>2026-09-07T17:20:17.327919Z</time></trkpt>
  <trkpt lat="37.4124360" lon="-121.9947440"><ele>34</ele><time>2026-09-07T17:20:17.428201Z</time></trkpt>
  <trkpt lat="37.4124449" lon="-121.9947468"><ele>35</ele><time>2026-09-07T17:20:17.528976Z</time></trkpt>
  <trkpt lat="37.4124449" lon="-121.9947468"><ele>35</ele><time>2026-09-07T17:20:17.616334Z</time></trkpt>
  <trkpt lat="37.4124536" lon="-121.9947496"><ele>35</ele><time>2026-09-07T17:20:17.629822Z</time></trkpt>
  <trkpt lat="37.4124622" lon="-121.9947525"><ele>35</ele><time>2026-09-07T17:20:17.730926Z</time></trkpt>
  <trkpt lat="37.4124707" lon="-121.9947558"><ele>35</ele><time>2026-09-07T17:20:17.831978Z</time></trkpt>
  <trkpt lat="37.4124790" lon="-121.9947595"><ele>36</ele><time>2026-09-07T17:20:17.932508Z</time></trkpt>
  <trkpt lat="37.4124869" lon="-121.9947636"><ele>36</ele><time>2026-09-07T17:20:18.033242Z</time></trkpt>
  <trkpt lat="37.4124949" lon="-121.9947680"><ele>36</ele><time>2026-09-07T17:20:18.133555Z</time></trkpt>
  <trkpt lat="37.4125027" lon="-121.9947728"><ele>37</ele><time>2026-09-07T17:20:18.234112Z</time></trkpt>
  <trkpt lat="37.4125103" lon="-121.9947782"><ele>37</ele><time>2026-09-07T17:20:18.334269Z</time></trkpt>
  <trkpt lat="37.4125174" lon="-121.9947842"><ele>37</ele><time>2026-09-07T17:20:18.434791Z</time></trkpt>
  <trkpt lat="37.4125240" lon="-121.9947909"><ele>38</ele><time>2026-09-07T17:20:18.535756Z</time></trkpt>
  <trkpt lat="37.4125307" lon="-121.9947979"><ele>38</ele><time>2026-09-07T17:20:18.636620Z</time></trkpt>
  <trkpt lat="37.4125368" lon="-121.9948051"><ele>39</ele><time>2026-09-07T17:20:18.736642Z</time></trkpt>
  <trkpt lat="37.4125424" lon="-121.9948127"><ele>39</ele><time>2026-09-07T17:20:18.836821Z</time></trkpt>
  <trkpt lat="37.4125476" lon="-121.9948210"><ele>39</ele><time>2026-09-07T17:20:18.937580Z</time></trkpt>
  <trkpt lat="37.4125523" lon="-121.9948298"><ele>40</ele><time>2026-09-07T17:20:19.038534Z</time></trkpt>
  <trkpt lat="37.4125568" lon="-121.9948390"><ele>40</ele><time>2026-09-07T17:20:19.138930Z</time></trkpt>
  <trkpt lat="37.4125612" lon="-121.9948484"><ele>40</ele><time>2026-09-07T17:20:19.239448Z</time></trkpt>
  <trkpt lat="37.4125651" lon="-121.9948583"><ele>40</ele><time>2026-09-07T17:20:19.339505Z</time></trkpt>
  <trkpt lat="37.4125685" lon="-121.9948686"><ele>40</ele><time>2026-09-07T17:20:19.440066Z</time></trkpt>
  <trkpt lat="37.4125715" lon="-121.9948796"><ele>40</ele><time>2026-09-07T17:20:19.540762Z</time></trkpt>
  <trkpt lat="37.4125746" lon="-121.9948908"><ele>40</ele><time>2026-09-07T17:20:19.640801Z</time></trkpt>
  <trkpt lat="37.4125772" lon="-121.9949024"><ele>40</ele><time>2026-09-07T17:20:19.721869Z</time></trkpt>
  <trkpt lat="37.4125772" lon="-121.9949024"><ele>40</ele><time>2026-09-07T17:20:19.767204Z</time></trkpt>
  <trkpt lat="37.4125798" lon="-121.9949144"><ele>40</ele><time>2026-09-07T17:20:19.843012Z</time></trkpt>
  <trkpt lat="37.4125829" lon="-121.9949268"><ele>40</ele><time>2026-09-07T17:20:19.922952Z</time></trkpt>
  <trkpt lat="37.4125859" lon="-121.9949393"><ele>40</ele><time>2026-09-07T17:20:20.023703Z</time></trkpt>
  <trkpt lat="37.4125891" lon="-121.9949520"><ele>39</ele><time>2026-09-07T17:20:20.124375Z</time></trkpt>
  <trkpt lat="37.4125923" lon="-121.9949651"><ele>39</ele><time>2026-09-07T17:20:20.224880Z</time></trkpt>
  <trkpt lat="37.4125957" lon="-121.9949784"><ele>39</ele><time>2026-09-07T17:20:20.325022Z</time></trkpt>
  <trkpt lat="37.4125991" lon="-121.9949919"><ele>38</ele><time>2026-09-07T17:20:20.425589Z</time></trkpt>
  <trkpt lat="37.4126028" lon="-121.9950055"><ele>38</ele><time>2026-09-07T17:20:20.526674Z</time></trkpt>
  <trkpt lat="37.4126069" lon="-121.9950194"><ele>37</ele><time>2026-09-07T17:20:20.627400Z</time></trkpt>
  <trkpt lat="37.4126113" lon="-121.9950338"><ele>37</ele><time>2026-09-07T17:20:20.728986Z</time></trkpt>
  <trkpt lat="37.4126155" lon="-121.9950486"><ele>37</ele><time>2026-09-07T17:20:20.829690Z</time></trkpt>
  <trkpt lat="37.4126197" lon="-121.9950639"><ele>37</ele><time>2026-09-07T17:20:20.930409Z</time></trkpt>
  <trkpt lat="37.4126238" lon="-121.9950793"><ele>37</ele><time>2026-09-07T17:20:21.030857Z</time></trkpt>
  <trkpt lat="37.4126276" lon="-121.9950949"><ele>37</ele><time>2026-09-07T17:20:21.131719Z</time></trkpt>
  <trkpt lat="37.4126313" lon="-121.9951104"><ele>37</ele><time>2026-09-07T17:20:21.231979Z</time></trkpt>
  <trkpt lat="37.4126348" lon="-121.9951257"><ele>37</ele><time>2026-09-07T17:20:21.333436Z</time></trkpt>
  <trkpt lat="37.4126378" lon="-121.9951410"><ele>37</ele><time>2026-09-07T17:20:21.433985Z</time></trkpt>
  <trkpt lat="37.4126409" lon="-121.9951561"><ele>38</ele><time>2026-09-07T17:20:21.534437Z</time></trkpt>
  <trkpt lat="37.4126436" lon="-121.9951713"><ele>38</ele><time>2026-09-07T17:20:21.635860Z</time></trkpt>
  <trkpt lat="37.4126464" lon="-121.9951864"><ele>38</ele><time>2026-09-07T17:20:21.736751Z</time></trkpt>
  <trkpt lat="37.4126490" lon="-121.9952017"><ele>38</ele><time>2026-09-07T17:20:21.838185Z</time></trkpt>
  <trkpt lat="37.4126490" lon="-121.9952017"><ele>38</ele><time>2026-09-07T17:20:21.904538Z</time></trkpt>
  <trkpt lat="37.4126517" lon="-121.9952172"><ele>38</ele><time>2026-09-07T17:20:21.938781Z</time></trkpt>
  <trkpt lat="37.4126545" lon="-121.9952327"><ele>39</ele><time>2026-09-07T17:20:22.019657Z</time></trkpt>
  <trkpt lat="37.4126571" lon="-121.9952481"><ele>39</ele><time>2026-09-07T17:20:22.120348Z</time></trkpt>
  <trkpt lat="37.4126594" lon="-121.9952635"><ele>39</ele><time>2026-09-07T17:20:22.220493Z</time></trkpt>
  <trkpt lat="37.4126619" lon="-121.9952791"><ele>39</ele><time>2026-09-07T17:20:22.321167Z</time></trkpt>
  <trkpt lat="37.4126643" lon="-121.9952947"><ele>39</ele><time>2026-09-07T17:20:22.421921Z</time></trkpt>
  <trkpt lat="37.4126659" lon="-121.9953097"><ele>39</ele><time>2026-09-07T17:20:22.522316Z</time></trkpt>
  <trkpt lat="37.4126671" lon="-121.9953237"><ele>39</ele><time>2026-09-07T17:20:22.622617Z</time></trkpt>
  <trkpt lat="37.4126680" lon="-121.9953368"><ele>40</ele><time>2026-09-07T17:20:22.723160Z</time></trkpt>
  <trkpt lat="37.4126689" lon="-121.9953497"><ele>40</ele><time>2026-09-07T17:20:22.823958Z</time></trkpt>
  <trkpt lat="37.4126690" lon="-121.9953622"><ele>40</ele><time>2026-09-07T17:20:22.924226Z</time></trkpt>
  <trkpt lat="37.4126682" lon="-121.9953733"><ele>41</ele><time>2026-09-07T17:20:23.024492Z</time></trkpt>
  <trkpt lat="37.4126669" lon="-121.9953831"><ele>42</ele><time>2026-09-07T17:20:23.124942Z</time></trkpt>
  <trkpt lat="37.4126651" lon="-121.9953923"><ele>42</ele><time>2026-09-07T17:20:23.225664Z</time></trkpt>
  <trkpt lat="37.4126621" lon="-121.9954011"><ele>43</ele><time>2026-09-07T17:20:23.327116Z</time></trkpt>
  <trkpt lat="37.4126587" lon="-121.9954093"><ele>44</ele><time>2026-09-07T17:20:23.427250Z</time></trkpt>
  <trkpt lat="37.4126556" lon="-121.9954167"><ele>45</ele><time>2026-09-07T17:20:23.528000Z</time></trkpt>
  <trkpt lat="37.4126522" lon="-121.9954237"><ele>45</ele><time>2026-09-07T17:20:23.629549Z</time></trkpt>
  <trkpt lat="37.4126487" lon="-121.9954306"><ele>46</ele><time>2026-09-07T17:20:23.730268Z</time></trkpt>
  <trkpt lat="37.4126447" lon="-121.9954371"><ele>46</ele><time>2026-09-07T17:20:23.830540Z</time></trkpt>
  <trkpt lat="37.4126406" lon="-121.9954435"><ele>47</ele><time>2026-09-07T17:20:23.930923Z</time></trkpt>
  <trkpt lat="37.4126362" lon="-121.9954496"><ele>47</ele><time>2026-09-07T17:20:24.032040Z</time></trkpt>
  <trkpt lat="37.4126362" lon="-121.9954496"><ele>47</ele><time>2026-09-07T17:20:24.050139Z</time></trkpt>
  <trkpt lat="37.4126316" lon="-121.9954554"><ele>47</ele><time>2026-09-07T17:20:24.132788Z</time></trkpt>
  <trkpt lat="37.4126264" lon="-121.9954610"><ele>48</ele><time>2026-09-07T17:20:24.234226Z</time></trkpt>
  <trkpt lat="37.4126207" lon="-121.9954660"><ele>48</ele><time>2026-09-07T17:20:24.334926Z</time></trkpt>
  <trkpt lat="37.4126143" lon="-121.9954701"><ele>48</ele><time>2026-09-07T17:20:24.435869Z</time></trkpt>
  <trkpt lat="37.4126075" lon="-121.9954738"><ele>48</ele><time>2026-09-07T17:20:24.536281Z</time></trkpt>
  <trkpt lat="37.4126003" lon="-121.9954769"><ele>48</ele><time>2026-09-07T17:20:24.636542Z</time></trkpt>
  <trkpt lat="37.4125925" lon="-121.9954794"><ele>48</ele><time>2026-09-07T17:20:24.736757Z</time></trkpt>
  <trkpt lat="37.4125844" lon="-121.9954809"><ele>48</ele><time>2026-09-07T17:20:24.817252Z</time></trkpt>
  <trkpt lat="37.4125756" lon="-121.9954809"><ele>48</ele><time>2026-09-07T17:20:24.937625Z</time></trkpt>
  <trkpt lat="37.4125668" lon="-121.9954796"><ele>48</ele><time>2026-09-07T17:20:25.019099Z</time></trkpt>
  <trkpt lat="37.4125579" lon="-121.9954771"><ele>48</ele><time>2026-09-07T17:20:25.118977Z</time></trkpt>
  <trkpt lat="37.4125489" lon="-121.9954736"><ele>48</ele><time>2026-09-07T17:20:25.219574Z</time></trkpt>
  <trkpt lat="37.4125398" lon="-121.9954690"><ele>48</ele><time>2026-09-07T17:20:25.320032Z</time></trkpt>
  <trkpt lat="37.4125308" lon="-121.9954637"><ele>47</ele><time>2026-09-07T17:20:25.420577Z</time></trkpt>
  <trkpt lat="37.4125217" lon="-121.9954574"><ele>47</ele><time>2026-09-07T17:20:25.521417Z</time></trkpt>
  <trkpt lat="37.4125130" lon="-121.9954498"><ele>47</ele><time>2026-09-07T17:20:25.621763Z</time></trkpt>
  <trkpt lat="37.4125046" lon="-121.9954410"><ele>46</ele><time>2026-09-07T17:20:25.722279Z</time></trkpt>
  <trkpt lat="37.4124972" lon="-121.9954307"><ele>46</ele><time>2026-09-07T17:20:25.822823Z</time></trkpt>
  <trkpt lat="37.4124909" lon="-121.9954191"><ele>45</ele><time>2026-09-07T17:20:25.923655Z</time></trkpt>
  <trkpt lat="37.4124854" lon="-121.9954067"><ele>45</ele><time>2026-09-07T17:20:26.023856Z</time></trkpt>
  <trkpt lat="37.4124814" lon="-121.9953934"><ele>45</ele><time>2026-09-07T17:20:26.124532Z</time></trkpt>
  <trkpt lat="37.4124814" lon="-121.9953934"><ele>45</ele><time>2026-09-07T17:20:26.206207Z</time></trkpt>
  <trkpt lat="37.4124791" lon="-121.9953793"><ele>44</ele><time>2026-09-07T17:20:26.225096Z</time></trkpt>
  <trkpt lat="37.4124780" lon="-121.9953648"><ele>44</ele><time>2026-09-07T17:20:26.325747Z</time></trkpt>
  <trkpt lat="37.4124776" lon="-121.9953501"><ele>44</ele><time>2026-09-07T17:20:26.426201Z</time></trkpt>
  <trkpt lat="37.4124777" lon="-121.9953351"><ele>44</ele><time>2026-09-07T17:20:26.526229Z</time></trkpt>
  <trkpt lat="37.4124782" lon="-121.9953199"><ele>43</ele><time>2026-09-07T17:20:26.626768Z</time></trkpt>
  <trkpt lat="37.4124787" lon="-121.9953046"><ele>43</ele><time>2026-09-07T17:20:26.727283Z</time></trkpt>
  <trkpt lat="37.4124790" lon="-121.9952896"><ele>42</ele><time>2026-09-07T17:20:26.828105Z</time></trkpt>
  <trkpt lat="37.4124792" lon="-121.9952748"><ele>42</ele><time>2026-09-07T17:20:26.928781Z</time></trkpt>
  <trkpt lat="37.4124795" lon="-121.9952600"><ele>41</ele><time>2026-09-07T17:20:27.029011Z</time></trkpt>
  <trkpt lat="37.4124796" lon="-121.9952450"><ele>40</ele><time>2026-09-07T17:20:27.129520Z</time></trkpt>
  <trkpt lat="37.4124795" lon="-121.9952293"><ele>39</ele><time>2026-09-07T17:20:27.229923Z</time></trkpt>
  <trkpt lat="37.4124793" lon="-121.9952124"><ele>38</ele><time>2026-09-07T17:20:27.330867Z</time></trkpt>
  <trkpt lat="37.4124793" lon="-121.9951943"><ele>38</ele><time>2026-09-07T17:20:27.431466Z</time></trkpt>
  <trkpt lat="37.4124796" lon="-121.9951757"><ele>38</ele><time>2026-09-07T17:20:27.531878Z</time></trkpt>
  <trkpt lat="37.4124803" lon="-121.9951568"><ele>37</ele><time>2026-09-07T17:20:27.632306Z</time></trkpt>
  <trkpt lat="37.4124810" lon="-121.9951377"><ele>37</ele><time>2026-09-07T17:20:27.733272Z</time></trkpt>
  <trkpt lat="37.4124821" lon="-121.9951185"><ele>37</ele><time>2026-09-07T17:20:27.814167Z</time></trkpt>
  <trkpt lat="37.4124826" lon="-121.9950997"><ele>36</ele><time>2026-09-07T17:20:27.914932Z</time></trkpt>
  <trkpt lat="37.4124830" lon="-121.9950813"><ele>36</ele><time>2026-09-07T17:20:28.015582Z</time></trkpt>
  <trkpt lat="37.4124834" lon="-121.9950628"><ele>35</ele><time>2026-09-07T17:20:28.116267Z</time></trkpt>
  <trkpt lat="37.4124837" lon="-121.9950442"><ele>35</ele><time>2026-09-07T17:20:28.216749Z</time></trkpt>
  <trkpt lat="37.4124840" lon="-121.9950260"><ele>34</ele><time>2026-09-07T17:20:28.317275Z</time></trkpt>
  <trkpt lat="37.4124840" lon="-121.9950260"><ele>34</ele><time>2026-09-07T17:20:28.348756Z</time></trkpt>
  <trkpt lat="37.4124855" lon="-121.9950079"><ele>34</ele><time>2026-09-07T17:20:28.418328Z</time></trkpt>
  <trkpt lat="37.4124886" lon="-121.9949911"><ele>34</ele><time>2026-09-07T17:20:28.519104Z</time></trkpt>
  <trkpt lat="37.4124916" lon="-121.9949753"><ele>33</ele><time>2026-09-07T17:20:28.619199Z</time></trkpt>
  <trkpt lat="37.4124943" lon="-121.9949600"><ele>33</ele><time>2026-09-07T17:20:28.719649Z</time></trkpt>
  <trkpt lat="37.4124973" lon="-121.9949462"><ele>33</ele><time>2026-09-07T17:20:28.820507Z</time></trkpt>
  <trkpt lat="37.4125009" lon="-121.9949340"><ele>34</ele><time>2026-09-07T17:20:28.921481Z</time></trkpt>
  <trkpt lat="37.4125047" lon="-121.9949224"><ele>34</ele><time>2026-09-07T17:20:29.021751Z</time></trkpt>
  <trkpt lat="37.4125083" lon="-121.9949111"><ele>35</ele><time>2026-09-07T17:20:29.122691Z</time></trkpt>
  <trkpt lat="37.4125124" lon="-121.9948993"><ele>35</ele><time>2026-09-07T17:20:29.223992Z</time></trkpt>
  <trkpt lat="37.4125167" lon="-121.9948873"><ele>35</ele><time>2026-09-07T17:20:29.324370Z</time></trkpt>
  <trkpt lat="37.4125210" lon="-121.9948752"><ele>35</ele><time>2026-09-07T17:20:29.424975Z</time></trkpt>
  <trkpt lat="37.4125254" lon="-121.9948630"><ele>36</ele><time>2026-09-07T17:20:29.525755Z</time></trkpt>
  <trkpt lat="37.4125299" lon="-121.9948507"><ele>36</ele><time>2026-09-07T17:20:29.626010Z</time></trkpt>
  <trkpt lat="37.4125345" lon="-121.9948383"><ele>36</ele><time>2026-09-07T17:20:29.727039Z</time></trkpt>
  <trkpt lat="37.4125396" lon="-121.9948262"><ele>36</ele><time>2026-09-07T17:20:29.827509Z</time></trkpt>
  <trkpt lat="37.4125456" lon="-121.9948150"><ele>36</ele><time>2026-09-07T17:20:29.928058Z</time></trkpt>
  <trkpt lat="37.4125528" lon="-121.9948059"><ele>36</ele><time>2026-09-07T17:20:30.029296Z</time></trkpt>
  <trkpt lat="37.4125611" lon="-121.9947993"><ele>35</ele><time>2026-09-07T17:20:30.129617Z</time></trkpt>
  <trkpt lat="37.4125700" lon="-121.9947944"><ele>35</ele><time>2026-09-07T17:20:30.229897Z</time></trkpt>
  <trkpt lat="37.4125794" lon="-121.9947914"><ele>35</ele><time>2026-09-07T17:20:30.311013Z</time></trkpt>
  <trkpt lat="37.4125891" lon="-121.9947903"><ele>35</ele><time>2026-09-07T17:20:30.411939Z</time></trkpt>
  <trkpt lat="37.4125891" lon="-121.9947903"><ele>35</ele><time>2026-09-07T17:20:30.500808Z</time></trkpt>
  <trkpt lat="37.4125990" lon="-121.9947911"><ele>35</ele><time>2026-09-07T17:20:30.512320Z</time></trkpt>
  <trkpt lat="37.4126091" lon="-121.9947937"><ele>34</ele><time>2026-09-07T17:20:30.612558Z</time></trkpt>
  <trkpt lat="37.4126187" lon="-121.9947988"><ele>34</ele><time>2026-09-07T17:20:30.713638Z</time></trkpt>
  <trkpt lat="37.4126278" lon="-121.9948062"><ele>34</ele><time>2026-09-07T17:20:30.815435Z</time></trkpt>
  <trkpt lat="37.4126360" lon="-121.9948160"><ele>34</ele><time>2026-09-07T17:20:30.916606Z</time></trkpt>
  <trkpt lat="37.4126431" lon="-121.9948274"><ele>34</ele><time>2026-09-07T17:20:31.016981Z</time></trkpt>
  <trkpt lat="37.4126490" lon="-121.9948401"><ele>33</ele><time>2026-09-07T17:20:31.117548Z</time></trkpt>
  <trkpt lat="37.4126533" lon="-121.9948540"><ele>33</ele><time>2026-09-07T17:20:31.218258Z</time></trkpt>
  <trkpt lat="37.4126557" lon="-121.9948685"><ele>34</ele><time>2026-09-07T17:20:31.318796Z</time></trkpt>
  <trkpt lat="37.4126570" lon="-121.9948840"><ele>34</ele><time>2026-09-07T17:20:31.419307Z</time></trkpt>
  <trkpt lat="37.4126576" lon="-121.9949002"><ele>34</ele><time>2026-09-07T17:20:31.520784Z</time></trkpt>
  <trkpt lat="37.4126568" lon="-121.9949164"><ele>34</ele><time>2026-09-07T17:20:31.621287Z</time></trkpt>
  <trkpt lat="37.4126542" lon="-121.9949326"><ele>34</ele><time>2026-09-07T17:20:31.721889Z</time></trkpt>
  <trkpt lat="37.4126505" lon="-121.9949485"><ele>34</ele><time>2026-09-07T17:20:31.823338Z</time></trkpt>
  <trkpt lat="37.4126463" lon="-121.9949642"><ele>35</ele><time>2026-09-07T17:20:31.923682Z</time></trkpt>
  <trkpt lat="37.4126420" lon="-121.9949797"><ele>35</ele><time>2026-09-07T17:20:32.024450Z</time></trkpt>
  <trkpt lat="37.4126375" lon="-121.9949952"><ele>35</ele><time>2026-09-07T17:20:32.124558Z</time></trkpt>
  <trkpt lat="37.4126329" lon="-121.9950106"><ele>35</ele><time>2026-09-07T17:20:32.226204Z</time></trkpt>
  <trkpt lat="37.4126285" lon="-121.9950262"><ele>35</ele><time>2026-09-07T17:20:32.326875Z</time></trkpt>
  <trkpt lat="37.4126247" lon="-121.9950420"><ele>35</ele><time>2026-09-07T17:20:32.427219Z</time></trkpt>
  <trkpt lat="37.4126206" lon="-121.9950581"><ele>35</ele><time>2026-09-07T17:20:32.527677Z</time></trkpt>
  <trkpt lat="37.4126161" lon="-121.9950742"><ele>35</ele><time>2026-09-07T17:20:32.608231Z</time></trkpt>
  <trkpt lat="37.4126161" lon="-121.9950742"><ele>35</ele><time>2026-09-07T17:20:32.658244Z</time></trkpt>
  <trkpt lat="37.4126117" lon="-121.9950907"><ele>35</ele><time>2026-09-07T17:20:32.708784Z</time></trkpt>
  <trkpt lat="37.4126073" lon="-121.9951073"><ele>35</ele><time>2026-09-07T17:20:32.809844Z</time></trkpt>
  <trkpt lat="37.4126031" lon="-121.9951240"><ele>35</ele><time>2026-09-07T17:20:32.910009Z</time></trkpt>
  <trkpt lat="37.4125985" lon="-121.9951405"><ele>35</ele><time>2026-09-07T17:20:33.011119Z</time></trkpt>
  <trkpt lat="37.4125936" lon="-121.9951563"><ele>35</ele><time>2026-09-07T17:20:33.111678Z</time></trkpt>
  <trkpt lat="37.4125895" lon="-121.9951715"><ele>35</ele><time>2026-09-07T17:20:33.212339Z</time></trkpt>
  <trkpt lat="37.4125854" lon="-121.9951866"><ele>36</ele><time>2026-09-07T17:20:33.313355Z</time></trkpt>
  <trkpt lat="37.4125809" lon="-121.9952018"><ele>36</ele><time>2026-09-07T17:20:33.413602Z</time></trkpt>
  <trkpt lat="37.4125761" lon="-121.9952169"><ele>36</ele><time>2026-09-07T17:20:33.514269Z</time></trkpt>
  <trkpt lat="37.4125712" lon="-121.9952321"><ele>36</ele><time>2026-09-07T17:20:33.615843Z</time></trkpt>
  <trkpt lat="37.4125667" lon="-121.9952475"><ele>36</ele><time>2026-09-07T17:20:33.716413Z</time></trkpt>
  <trkpt lat="37.4125620" lon="-121.9952629"><ele>36</ele><time>2026-09-07T17:20:33.816743Z</time></trkpt>
  <trkpt lat="37.4125570" lon="-121.9952783"><ele>36</ele><time>2026-09-07T17:20:33.917310Z</time></trkpt>
  <trkpt lat="37.4125518" lon="-121.9952940"><ele>36</ele><time>2026-09-07T17:20:34.017782Z</time></trkpt>
  <trkpt lat="37.4125464" lon="-121.9953097"><ele>36</ele><time>2026-09-07T17:20:34.118630Z</time></trkpt>
  <trkpt lat="37.4125411" lon="-121.9953256"><ele>36</ele><time>2026-09-07T17:20:34.218991Z</time></trkpt>
  <trkpt lat="37.4125355" lon="-121.9953419"><ele>35</ele><time>2026-09-07T17:20:34.320653Z</time></trkpt>
  <trkpt lat="37.4125298" lon="-121.9953586"><ele>35</ele><time>2026-09-07T17:20:34.421111Z</time></trkpt>
  <trkpt lat="37.4125238" lon="-121.9953756"><ele>34</ele><time>2026-09-07T17:20:34.522088Z</time></trkpt>
  <trkpt lat="37.4125177" lon="-121.9953929"><ele>34</ele><time>2026-09-07T17:20:34.622160Z</time></trkpt>
  <trkpt lat="37.4125106" lon="-121.9954100"><ele>34</ele><time>2026-09-07T17:20:34.722799Z</time></trkpt>
  <trkpt lat="37.4125106" lon="-121.9954100"><ele>34</ele><time>2026-09-07T17:20:34.800879Z</time></trkpt>
  <trkpt lat="37.4125024" lon="-121.9954264"><ele>34</ele><time>2026-09-07T17:20:34.823052Z</time></trkpt>
  <trkpt lat="37.4124933" lon="-121.9954417"><ele>34</ele><time>2026-09-07T17:20:34.923063Z</time></trkpt>
  <trkpt lat="37.4124843" lon="-121.9954557"><ele>35</ele><time>2026-09-07T17:20:35.023543Z</time></trkpt>
  <trkpt lat="37.4124743" lon="-121.9954682"><ele>35</ele><time>2026-09-07T17:20:35.123898Z</time></trkpt>
  <trkpt lat="37.4124653" lon="-121.9954803"><ele>36</ele><time>2026-09-07T17:20:35.205019Z</time></trkpt>
  <trkpt lat="37.4124564" lon="-121.9954915"><ele>36</ele><time>2026-09-07T17:20:35.325473Z</time></trkpt>
  <trkpt lat="37.4124470" lon="-121.9955019"><ele>37</ele><time>2026-09-07T17:20:35.406058Z</time></trkpt>
  <trkpt lat="37.4124369" lon="-121.9955115"><ele>37</ele><time>2026-09-07T17:20:35.506618Z</time></trkpt>
  <trkpt lat="37.4124264" lon="-121.9955208"><ele>38</ele><time>2026-09-07T17:20:35.607236Z</time></trkpt>
  <trkpt lat="37.4124153" lon="-121.9955301"><ele>38</ele><time>2026-09-07T17:20:35.708173Z</time></trkpt>
  <trkpt lat="37.4124040" lon="-121.9955393"><ele>39</ele><time>2026-09-07T17:20:35.808806Z</time></trkpt>
  <trkpt lat="37.4123915" lon="-121.9955465"><ele>39</ele><time>2026-09-07T17:20:35.909280Z</time></trkpt>
  <trkpt lat="37.4123778" lon="-121.9955506"><ele>39</ele><time>2026-09-07T17:20:36.009594Z</time></trkpt>
  <trkpt lat="37.4123633" lon="-121.9955512"><ele>39</ele><time>2026-09-07T17:20:36.110304Z</time></trkpt>
  <trkpt lat="37.4123488" lon="-121.9955491"><ele>39</ele><time>2026-09-07T17:20:36.211512Z</time></trkpt>
  <trkpt lat="37.4123345" lon="-121.9955447"><ele>40</ele><time>2026-09-07T17:20:36.311225Z</time></trkpt>
  <trkpt lat="37.4123210" lon="-121.9955382"><ele>39</ele><time>2026-09-07T17:20:36.411807Z</time></trkpt>
  <trkpt lat="37.4123077" lon="-121.9955291"><ele>39</ele><time>2026-09-07T17:20:36.513449Z</time></trkpt>
  <trkpt lat="37.4122955" lon="-121.9955192"><ele>39</ele><time>2026-09-07T17:20:36.614093Z</time></trkpt>
  <trkpt lat="37.4122826" lon="-121.9955096"><ele>38</ele><time>2026-09-07T17:20:36.714073Z</time></trkpt>
  <trkpt lat="37.4122697" lon="-121.9955002"><ele>38</ele><time>2026-09-07T17:20:36.814516Z</time></trkpt>
  <trkpt lat="37.4122566" lon="-121.9954907"><ele>37</ele><time>2026-09-07T17:20:36.914854Z</time></trkpt>
  <trkpt lat="37.4122566" lon="-121.9954907"><ele>37</ele><time>2026-09-07T17:20:36.965356Z</time></trkpt>
  <trkpt lat="37.4122432" lon="-121.9954802"><ele>37</ele><time>2026-09-07T17:20:37.015675Z</time></trkpt>
  <trkpt lat="37.4122301" lon="-121.9954685"><ele>36</ele><time>2026-09-07T17:20:37.115848Z</time></trkpt>
  <trkpt lat="37.4122174" lon="-121.9954557"><ele>35</ele><time>2026-09-07T17:20:37.216230Z</time></trkpt>
  <trkpt lat="37.4122048" lon="-121.9954420"><ele>35</ele><time>2026-09-07T17:20:37.316853Z</time></trkpt>
  <trkpt lat="37.4121925" lon="-121.9954278"><ele>34</ele><time>2026-09-07T17:20:37.417481Z</time></trkpt>
  <trkpt lat="37.4121806" lon="-121.9954129"><ele>33</ele><time>2026-09-07T17:20:37.518136Z</time></trkpt>
  <trkpt lat="37.4121690" lon="-121.9953973"><ele>33</ele><time>2026-09-07T17:20:37.619248Z</time></trkpt>
  <trkpt lat="37.4121580" lon="-121.9953806"><ele>32</ele><time>2026-09-07T17:20:37.719947Z</time></trkpt>
  <trkpt lat="37.4121487" lon="-121.9953622"><ele>31</ele><time>2026-09-07T17:20:37.820789Z</time></trkpt>
  <trkpt lat="37.4121415" lon="-121.9953424"><ele>31</ele><time>2026-09-07T17:20:37.921752Z</time></trkpt>
  <trkpt lat="37.4121362" lon="-121.9953213"><ele>30</ele><time>2026-09-07T17:20:38.021946Z</time></trkpt>
  <trkpt lat="37.4121333" lon="-121.9952994"><ele>30</ele><time>2026-09-07T17:20:38.102279Z</time></trkpt>
  <trkpt lat="37.4121328" lon="-121.9952776"><ele>30</ele><time>2026-09-07T17:20:38.223168Z</time></trkpt>
  <trkpt lat="37.4121336" lon="-121.9952563"><ele>30</ele><time>2026-09-07T17:20:38.304026Z</time></trkpt>
  <trkpt lat="37.4121352" lon="-121.9952355"><ele>30</ele><time>2026-09-07T17:20:38.404336Z</time></trkpt>
  <trkpt lat="37.4121371" lon="-121.9952145"><ele>30</ele><time>2026-09-07T17:20:38.505302Z</time></trkpt>
  <trkpt lat="37.4121389" lon="-121.9951935"><ele>31</ele><time>2026-09-07T17:20:38.606505Z</time></trkpt>
  <trkpt lat="37.4121409" lon="-121.9951722"><ele>31</ele><time>2026-09-07T17:20:38.706931Z</time></trkpt>
  <trkpt lat="37.4121430" lon="-121.9951509"><ele>31</ele><time>2026-09-07T17:20:38.807282Z</time></trkpt>
  <trkpt lat="37.4121452" lon="-121.9951295"><ele>30</ele><time>2026-09-07T17:20:38.907538Z</time></trkpt>
  <trkpt lat="37.4121477" lon="-121.9951082"><ele>30</ele><time>2026-09-07T17:20:39.008708Z</time></trkpt>
  <trkpt lat="37.4121501" lon="-121.9950871"><ele>30</ele><time>2026-09-07T17:20:39.109581Z</time></trkpt>
  <trkpt lat="37.4121501" lon="-121.9950871"><ele>30</ele><time>2026-09-07T17:20:39.117413Z</time></trkpt>
  <trkpt lat="37.4121520" lon="-121.9950659"><ele>29</ele><time>2026-09-07T17:20:39.209895Z</time></trkpt>
  <trkpt lat="37.4121537" lon="-121.9950449"><ele>29</ele><time>2026-09-07T17:20:39.310486Z</time></trkpt>
  <trkpt lat="37.4121557" lon="-121.9950242"><ele>28</ele><time>2026-09-07T17:20:39.411233Z</time></trkpt>
  <trkpt lat="37.4121576" lon="-121.9950035"><ele>27</ele><time>2026-09-07T17:20:39.512134Z</time></trkpt>
  <trkpt lat="37.4121594" lon="-121.9949826"><ele>26</ele><time>2026-09-07T17:20:39.613420Z</time></trkpt>
  <trkpt lat="37.4121612" lon="-121.9949616"><ele>25</ele><time>2026-09-07T17:20:39.713833Z</time></trkpt>
  <trkpt lat="37.4121637" lon="-121.9949401"><ele>25</ele><time>2026-09-07T17:20:39.813860Z</time></trkpt>
  <trkpt lat="37.4121674" lon="-121.9949185"><ele>25</ele><time>2026-09-07T17:20:39.914420Z</time></trkpt>
  <trkpt lat="37.4121726" lon="-121.9948970"><ele>25</ele><time>2026-09-07T17:20:40.014903Z</time></trkpt>
  <trkpt lat="37.4121787" lon="-121.9948764"><ele>25</ele><time>2026-09-07T17:20:40.115555Z</time></trkpt>
  <trkpt lat="37.4121856" lon="-121.9948567"><ele>25</ele><time>2026-09-07T17:20:40.216537Z</time></trkpt>
  <trkpt lat="37.4121928" lon="-121.9948371"><ele>25</ele><time>2026-09-07T17:20:40.317066Z</time></trkpt>
  <trkpt lat="37.4122000" lon="-121.9948176"><ele>25</ele><time>2026-09-07T17:20:40.417583Z</time></trkpt>
  <trkpt lat="37.4122066" lon="-121.9947977"><ele>25</ele><time>2026-09-07T17:20:40.518332Z</time></trkpt>
  <trkpt lat="37.4122127" lon="-121.9947780"><ele>25</ele><time>2026-09-07T17:20:40.619128Z</time></trkpt>
  <trkpt lat="37.4122187" lon="-121.9947586"><ele>25</ele><time>2026-09-07T17:20:40.700041Z</time></trkpt>
  <trkpt lat="37.4122250" lon="-121.9947390"><ele>24</ele><time>2026-09-07T17:20:40.800402Z</time></trkpt>
  <trkpt lat="37.4122308" lon="-121.9947196"><ele>24</ele><time>2026-09-07T17:20:40.901440Z</time></trkpt>
  <trkpt lat="37.4122366" lon="-121.9947004"><ele>23</ele><time>2026-09-07T17:20:41.002412Z</time></trkpt>
  <trkpt lat="37.4122434" lon="-121.9946816"><ele>23</ele><time>2026-09-07T17:20:41.102562Z</time></trkpt>
  <trkpt lat="37.4122515" lon="-121.9946636"><ele>23</ele><time>2026-09-07T17:20:41.203271Z</time></trkpt>
  <trkpt lat="37.4122515" lon="-121.9946636"><ele>23</ele><time>2026-09-07T17:20:41.264898Z</time></trkpt>
  <trkpt lat="37.4122608" lon="-121.9946460"><ele>23</ele><time>2026-09-07T17:20:41.303313Z</time></trkpt>
  <trkpt lat="37.4122706" lon="-121.9946321"><ele>23</ele><time>2026-09-07T17:20:41.404251Z</time></trkpt>
  <trkpt lat="37.4122807" lon="-121.9946208"><ele>24</ele><time>2026-09-07T17:20:41.504795Z</time></trkpt>
  <trkpt lat="37.4122903" lon="-121.9946113"><ele>24</ele><time>2026-09-07T17:20:41.605274Z</time></trkpt>
  <trkpt lat="37.4122993" lon="-121.9946060"><ele>25</ele><time>2026-09-07T17:20:41.705958Z</time></trkpt>
  <trkpt lat="37.4123077" lon="-121.9946037"><ele>26</ele><time>2026-09-07T17:20:41.806392Z</time></trkpt>
  <trkpt lat="37.4123159" lon="-121.9946026"><ele>27</ele><time>2026-09-07T17:20:41.907169Z</time></trkpt>
  <trkpt lat="37.4123240" lon="-121.9946015"><ele>28</ele><time>2026-09-07T17:20:42.008213Z</time></trkpt>
  <trkpt lat="37.4123326" lon="-121.9946008"><ele>28</ele><time>2026-09-07T17:20:42.108906Z</time></trkpt>
  <trkpt lat="37.4123415" lon="-121.9946002"><ele>29</ele><time>2026-09-07T17:20:42.208919Z</time></trkpt>
  <trkpt lat="37.4123506" lon="-121.9945998"><ele>30</ele><time>2026-09-07T17:20:42.309159Z</time></trkpt>
  <trkpt lat="37.4123601" lon="-121.9945991"><ele>30</ele><time>2026-09-07T17:20:42.409569Z</time></trkpt>
  <trkpt lat="37.4123696" lon="-121.9945984"><ele>31</ele><time>2026-09-07T17:20:42.510062Z</time></trkpt>
  <trkpt lat="37.4123792" lon="-121.9945977"><ele>31</ele><time>2026-09-07T17:20:42.611278Z</time></trkpt>
  <trkpt lat="37.4123892" lon="-121.9945974"><ele>32</ele><time>2026-09-07T17:20:42.712221Z</time></trkpt>
  <trkpt lat="37.4123992" lon="-121.9945974"><ele>32</ele><time>2026-09-07T17:20:42.812821Z</time></trkpt>
  <trkpt lat="37.4124095" lon="-121.9945977"><ele>33</ele><time>2026-09-07T17:20:42.913255Z</time></trkpt>
  <trkpt lat="37.4124198" lon="-121.9945985"><ele>33</ele><time>2026-09-07T17:20:43.014703Z</time></trkpt>
  <trkpt lat="37.4124306" lon="-121.9945993"><ele>33</ele><time>2026-09-07T17:20:43.115292Z</time></trkpt>
  <trkpt lat="37.4124415" lon="-121.9946001"><ele>33</ele><time>2026-09-07T17:20:43.215914Z</time></trkpt>
  <trkpt lat="37.4124526" lon="-121.9946010"><ele>34</ele><time>2026-09-07T17:20:43.316080Z</time></trkpt>
  <trkpt lat="37.4124639" lon="-121.9946020"><ele>34</ele><time>2026-09-07T17:20:43.396707Z</time></trkpt>
  <trkpt lat="37.4124639" lon="-121.9946020"><ele>34</ele><time>2026-09-07T17:20:43.408218Z</time></trkpt>
  <trkpt lat="37.4124749" lon="-121.9946037"><ele>34</ele><time>2026-09-07T17:20:43.497107Z</time></trkpt>
  <trkpt lat="37.4124846" lon="-121.9946074"><ele>34</ele><time>2026-09-07T17:20:43.597597Z</time></trkpt>
  <trkpt lat="37.4124932" lon="-121.9946124"><ele>35</ele><time>2026-09-07T17:20:43.698219Z</time></trkpt>
  <trkpt lat="37.4125014" lon="-121.9946180"><ele>35</ele><time>2026-09-07T17:20:43.799461Z</time></trkpt>
  <trkpt lat="37.4125084" lon="-121.9946241"><ele>36</ele><time>2026-09-07T17:20:43.900102Z</time></trkpt>
  <trkpt lat="37.4125144" lon="-121.9946312"><ele>37</ele><time>2026-09-07T17:20:44.000516Z</time></trkpt>
  <trkpt lat="37.4125196" lon="-121.9946392"><ele>37</ele><time>2026-09-07T17:20:44.101334Z</time></trkpt>
  <trkpt lat="37.4125245" lon="-121.9946475"><ele>38</ele><time>2026-09-07T17:20:44.201750Z</time></trkpt>
  <trkpt lat="37.4125292" lon="-121.9946565"><ele>38</ele><time>2026-09-07T17:20:44.302076Z</time></trkpt>
  <trkpt lat="37.4125335" lon="-121.9946660"><ele>39</ele><time>2026-09-07T17:20:44.402698Z</time></trkpt>
  <trkpt lat="37.4125379" lon="-121.9946756"><ele>39</ele><time>2026-09-07T17:20:44.503419Z</time></trkpt>
  <trkpt lat="37.4125426" lon="-121.9946855"><ele>40</ele><time>2026-09-07T17:20:44.604344Z</time></trkpt>
  <trkpt lat="37.4125477" lon="-121.9946955"><ele>40</ele><time>2026-09-07T17:20:44.705333Z</time></trkpt>
  <trkpt lat="37.4125531" lon="-121.9947059"><ele>41</ele><time>2026-09-07T17:20:44.806595Z</time></trkpt>
  <trkpt lat="37.4125585" lon="-121.9947166"><ele>41</ele><time>2026-09-07T17:20:44.906981Z</time></trkpt>
  <trkpt lat="37.4125640" lon="-121.9947275"><ele>41</ele><time>2026-09-07T17:20:45.008313Z</time></trkpt>
  <trkpt lat="37.4125698" lon="-121.9947386"><ele>41</ele><time>2026-09-07T17:20:45.108775Z</time></trkpt>
  <trkpt lat="37.4125761" lon="-121.9947499"><ele>42</ele><time>2026-09-07T17:20:45.209106Z</time></trkpt>
  <trkpt lat="37.4125830" lon="-121.9947615"><ele>42</ele><time>2026-09-07T17:20:45.309555Z</time></trkpt>
  <trkpt lat="37.4125900" lon="-121.9947734"><ele>42</ele><time>2026-09-07T17:20:45.411142Z</time></trkpt>
  <trkpt lat="37.4125976" lon="-121.9947857"><ele>42</ele><time>2026-09-07T17:20:45.512235Z</time></trkpt>
  <trkpt lat="37.4125976" lon="-121.9947857"><ele>42</ele><time>2026-09-07T17:20:45.547444Z</time></trkpt>
  <trkpt lat="37.4126054" lon="-121.9947981"><ele>42</ele><time>2026-09-07T17:20:45.613169Z</time></trkpt>
  <trkpt lat="37.4126135" lon="-121.9948108"><ele>42</ele><time>2026-09-07T17:20:45.713313Z</time></trkpt>
  <trkpt lat="37.4126218" lon="-121.9948234"><ele>41</ele><time>2026-09-07T17:20:45.794435Z</time></trkpt>
  <trkpt lat="37.4126304" lon="-121.9948361"><ele>41</ele><time>2026-09-07T17:20:45.895687Z</time></trkpt>
  <trkpt lat="37.4126392" lon="-121.9948485"><ele>41</ele><time>2026-09-07T17:20:45.995863Z</time></trkpt>
  <trkpt lat="37.4126487" lon="-121.9948600"><ele>41</ele><time>2026-09-07T17:20:46.096033Z</time></trkpt>
  <trkpt lat="37.4126579" lon="-121.9948710"><ele>42</ele><time>2026-09-07T17:20:46.196493Z</time></trkpt>
  <trkpt lat="37.4126671" lon="-121.9948815"><ele>42</ele><time>2026-09-07T17:20:46.297067Z</time></trkpt>
  <trkpt lat="37.4126759" lon="-121.9948910"><ele>43</ele><time>2026-09-07T17:20:46.397724Z</time></trkpt>
  <trkpt lat="37.4126848" lon="-121.9948995"><ele>43</ele><time>2026-09-07T17:20:46.498426Z</time></trkpt>
  <trkpt lat="37.4126936" lon="-121.9949076"><ele>44</ele><time>2026-09-07T17:20:46.599622Z</time></trkpt>
  <trkpt lat="37.4127024" lon="-121.9949157"><ele>45</ele><time>2026-09-07T17:20:46.700140Z</time></trkpt>
  <trkpt lat="37.4127115" lon="-121.9949235"><ele>45</ele><time>2026-09-07T17:20:46.801100Z</time></trkpt>
  <trkpt lat="37.4127210" lon="-121.9949312"><ele>46</ele><time>2026-09-07T17:20:46.901903Z</time></trkpt>
  <trkpt lat="37.4127306" lon="-121.9949390"><ele>46</ele><time>2026-09-07T17:20:47.002133Z</time></trkpt>
  <trkpt lat="37.4127402" lon="-121.9949467"><ele>47</ele><time>2026-09-07T17:20:47.102663Z</time></trkpt>
  <trkpt lat="37.4127500" lon="-121.9949545"><ele>47</ele><time>2026-09-07T17:20:47.203608Z</time></trkpt>
  <trkpt lat="37.4127600" lon="-121.9949623"><ele>48</ele><time>2026-09-07T17:20:47.304267Z</time></trkpt>
  <trkpt lat="37.4127704" lon="-121.9949702"><ele>48</ele><time>2026-09-07T17:20:47.404228Z</time></trkpt>
  <trkpt lat="37.4127811" lon="-121.9949782"><ele>48</ele><time>2026-09-07T17:20:47.505336Z</time></trkpt>
  <trkpt lat="37.4127920" lon="-121.9949865"><ele>49</ele><time>2026-09-07T17:20:47.606052Z</time></trkpt>
  <trkpt lat="37.4127920" lon="-121.9949865"><ele>49</ele><time>2026-09-07T17:20:47.688753Z</time></trkpt>
  <trkpt lat="37.4128026" lon="-121.9949952"><ele>49</ele><time>2026-09-07T17:20:47.706297Z</time></trkpt>
  <trkpt lat="37.4128125" lon="-121.9950049"><ele>49</ele><time>2026-09-07T17:20:47.806424Z</time></trkpt>
  <trkpt lat="37.4128222" lon="-121.9950160"><ele>50</ele><time>2026-09-07T17:20:47.907436Z</time></trkpt>
  <trkpt lat="37.4128317" lon="-121.9950282"><ele>50</ele><time>2026-09-07T17:20:48.008073Z</time></trkpt>
  <trkpt lat="37.4128412" lon="-121.9950410"><ele>50</ele><time>2026-09-07T17:20:48.108586Z</time></trkpt>
  <trkpt lat="37.4128507" lon="-121.9950539"><ele>50</ele><time>2026-09-07T17:20:48.209000Z</time></trkpt>
  <trkpt lat="37.4128605" lon="-121.9950671"><ele>50</ele><time>2026-09-07T17:20:48.309568Z</time></trkpt>
  <trkpt lat="37.4128691" lon="-121.9950816"><ele>50</ele><time>2026-09-07T17:20:48.410791Z</time></trkpt>
  <trkpt lat="37.4128754" lon="-121.9950982"><ele>50</ele><time>2026-09-07T17:20:48.491419Z</time></trkpt>
  <trkpt lat="37.4128789" lon="-121.9951167"><ele>49</ele><time>2026-09-07T17:20:48.592689Z</time></trkpt>
  <trkpt lat="37.4128785" lon="-121.9951356"><ele>48</ele><time>2026-09-07T17:20:48.692886Z</time></trkpt>
  <trkpt lat="37.4128749" lon="-121.9951539"><ele>48</ele><time>2026-09-07T17:20:48.792910Z</time></trkpt>
  <trkpt lat="37.4128684" lon="-121.9951712"><ele>47</ele><time>2026-09-07T17:20:48.893808Z</time></trkpt>
  <trkpt lat="37.4128588" lon="-121.9951858"><ele>47</ele><time>2026-09-07T17:20:48.994096Z</time></trkpt>
  <trkpt lat="37.4128465" lon="-121.9951974"><ele>46</ele><time>2026-09-07T17:20:49.095459Z</time></trkpt>
  <trkpt lat="37.4128321" lon="-121.9952053"><ele>45</ele><time>2026-09-07T17:20:49.196886Z</time></trkpt>
  <trkpt lat="37.4128184" lon="-121.9952080"><ele>44</ele><time>2026-09-07T17:20:49.296754Z</time></trkpt>
  <trkpt lat="37.4128052" lon="-121.9952045"><ele>43</ele><time>2026-09-07T17:20:49.397366Z</time></trkpt>
  <trkpt lat="37.4127912" lon="-121.9951977"><ele>41</ele><time>2026-09-07T17:20:49.497825Z</time></trkpt>
  <trkpt lat="37.4127755" lon="-121.9951873"><ele>41</ele><time>2026-09-07T17:20:49.599372Z</time></trkpt>
  <trkpt lat="37.4127600" lon="-121.9951742"><ele>40</ele><time>2026-09-07T17:20:49.699968Z</time></trkpt>
  <trkpt lat="37.4127446" lon="-121.9951597"><ele>40</ele><time>2026-09-07T17:20:49.800090Z</time></trkpt>
  <trkpt lat="37.4127446" lon="-121.9951597"><ele>40</ele><time>2026-09-07T17:20:49.845574Z</time></trkpt>
  <trkpt lat="37.4127289" lon="-121.9951444"><ele>40</ele><time>2026-09-07T17:20:49.901014Z</time></trkpt>
  <trkpt lat="37.4127135" lon="-121.9951289"><ele>40</ele><time>2026-09-07T17:20:50.001797Z</time></trkpt>
  <trkpt lat="37.4126982" lon="-121.9951136"><ele>39</ele><time>2026-09-07T17:20:50.103180Z</time></trkpt>
  <trkpt lat="37.4126828" lon="-121.9950986"><ele>38</ele><time>2026-09-07T17:20:50.203141Z</time></trkpt>
  <trkpt lat="37.4126674" lon="-121.9950840"><ele>38</ele><time>2026-09-07T17:20:50.303788Z</time></trkpt>
  <trkpt lat="37.4126524" lon="-121.9950695"><ele>37</ele><time>2026-09-07T17:20:50.404652Z</time></trkpt>
  <trkpt lat="37.4126372" lon="-121.9950554"><ele>35</ele><time>2026-09-07T17:20:50.505321Z</time></trkpt>
  <trkpt lat="37.4126215" lon="-121.9950415"><ele>34</ele><time>2026-09-07T17:20:50.605846Z</time></trkpt>
  <trkpt lat="37.4126071" lon="-121.9950273"><ele>34</ele><time>2026-09-07T17:20:50.706736Z</time></trkpt>
  <trkpt lat="37.4125920" lon="-121.9950099"><ele>33</ele><time>2026-09-07T17:20:50.807269Z</time></trkpt>
  <trkpt lat="37.4125798" lon="-121.9949923"><ele>33</ele><time>2026-09-07T17:20:50.887835Z</time></trkpt>
  <trkpt lat="37.4125705" lon="-121.9949749"><ele>33</ele><time>2026-09-07T17:20:51.008725Z</time></trkpt>
  <trkpt lat="37.4125629" lon="-121.9949580"><ele>33</ele><time>2026-09-07T17:20:51.090031Z</time></trkpt>
  <trkpt lat="37.4125551" lon="-121.9949402"><ele>34</ele><time>2026-09-07T17:20:51.190238Z</time></trkpt>
  <trkpt lat="37.4125469" lon="-121.9949220"><ele>34</ele><time>2026-09-07T17:20:51.290464Z</time></trkpt>
  <trkpt lat="37.4125380" lon="-121.9949037"><ele>35</ele><time>2026-09-07T17:20:51.391016Z</time></trkpt>
  <trkpt lat="37.4125282" lon="-121.9948853"><ele>35</ele><time>2026-09-07T17:20:51.492573Z</time></trkpt>
  <trkpt lat="37.4125181" lon="-121.9948667"><ele>36</ele><time>2026-09-07T17:20:51.594245Z</time></trkpt>
  <trkpt lat="37.4125080" lon="-121.9948478"><ele>36</ele><time>2026-09-07T17:20:51.695120Z</time></trkpt>
  <trkpt lat="37.4124975" lon="-121.9948289"><ele>36</ele><time>2026-09-07T17:20:51.795540Z</time></trkpt>
  <trkpt lat="37.4124866" lon="-121.9948101"><ele>36</ele><time>2026-09-07T17:20:51.896105Z</time></trkpt>
  <trkpt lat="37.4124866" lon="-121.9948101"><ele>36</ele><time>2026-09-07T17:20:51.983361Z</time></trkpt>
  <trkpt lat="37.4124752" lon="-121.9947914"><ele>36</ele><time>2026-09-07T17:20:51.996295Z</time></trkpt>
  <trkpt lat="37.4124633" lon="-121.9947728"><ele>36</ele><time>2026-09-07T17:20:52.097115Z</time></trkpt>
  <trkpt lat="37.4124508" lon="-121.9947546"><ele>36</ele><time>2026-09-07T17:20:52.197856Z</time></trkpt>
  <trkpt lat="37.4124389" lon="-121.9947361"><ele>36</ele><time>2026-09-07T17:20:52.298108Z</time></trkpt>
  <trkpt lat="37.4124301" lon="-121.9947166"><ele>36</ele><time>2026-09-07T17:20:52.399238Z</time></trkpt>
  <trkpt lat="37.4124242" lon="-121.9946965"><ele>35</ele><time>2026-09-07T17:20:52.500108Z</time></trkpt>
  <trkpt lat="37.4124218" lon="-121.9946763"><ele>35</ele><time>2026-09-07T17:20:52.599890Z</time></trkpt>
  <trkpt lat="37.4124240" lon="-121.9946580"><ele>35</ele><time>2026-09-07T17:20:52.701033Z</time></trkpt>
  <trkpt lat="37.4124284" lon="-121.9946408"><ele>35</ele><time>2026-09-07T17:20:52.801126Z</time></trkpt>
  <trkpt lat="37.4124333" lon="-121.9946241"><ele>35</ele><time>2026-09-07T17:20:52.902076Z</time></trkpt>
  <trkpt lat="37.4124387" lon="-121.9946068"><ele>35</ele><time>2026-09-07T17:20:53.002643Z</time></trkpt>
  <trkpt lat="37.4124448" lon="-121.9945884"><ele>34</ele><time>2026-09-07T17:20:53.103400Z</time></trkpt>
  <trkpt lat="37.4124514" lon="-121.9945696"><ele>34</ele><time>2026-09-07T17:20:53.204412Z</time></trkpt>
  <trkpt lat="37.4124590" lon="-121.9945503"><ele>33</ele><time>2026-09-07T17:20:53.285669Z</time></trkpt>
  <trkpt lat="37.4124675" lon="-121.9945313"><ele>33</ele><time>2026-09-07T17:20:53.387202Z</time></trkpt>
  <trkpt lat="37.4124785" lon="-121.9945132"><ele>32</ele><time>2026-09-07T17:20:53.486728Z</time></trkpt>
  <trkpt lat="37.4124909" lon="-121.9944959"><ele>32</ele><time>2026-09-07T17:20:53.587068Z</time></trkpt>
  <trkpt lat="37.4125031" lon="-121.9944792"><ele>32</ele><time>2026-09-07T17:20:53.688617Z</time></trkpt>
  <trkpt lat="37.4125157" lon="-121.9944627"><ele>32</ele><time>2026-09-07T17:20:53.789375Z</time></trkpt>
  <trkpt lat="37.4125285" lon="-121.9944454"><ele>32</ele><time>2026-09-07T17:20:53.889789Z</time></trkpt>
  <trkpt lat="37.4125409" lon="-121.9944280"><ele>31</ele><time>2026-09-07T17:20:53.990176Z</time></trkpt>
  <trkpt lat="37.4125540" lon="-121.9944112"><ele>31</ele><time>2026-09-07T17:20:54.090548Z</time></trkpt>
  <trkpt lat="37.4125540" lon="-121.9944112"><ele>31</ele><time>2026-09-07T17:20:54.135165Z</time></trkpt>
  <trkpt lat="37.4125676" lon="-121.9943955"><ele>30</ele><time>2026-09-07T17:20:54.191646Z</time></trkpt>
  <trkpt lat="37.4125810" lon="-121.9943810"><ele>31</ele><time>2026-09-07T17:20:54.292836Z</time></trkpt>
  <trkpt lat="37.4125935" lon="-121.9943696"><ele>31</ele><time>2026-09-07T17:20:54.394221Z</time></trkpt>
  <trkpt lat="37.4126055" lon="-121.9943602"><ele>32</ele><time>2026-09-07T17:20:54.495271Z</time></trkpt>
  <trkpt lat="37.4126170" lon="-121.9943523"><ele>33</ele><time>2026-09-07T17:20:54.597045Z</time></trkpt>
  <trkpt lat="37.4126262" lon="-121.9943460"><ele>34</ele><time>2026-09-07T17:20:54.697141Z</time></trkpt>
  <trkpt lat="37.4126346" lon="-121.9943396"><ele>35</ele><time>2026-09-07T17:20:54.797805Z</time></trkpt>
  <trkpt lat="37.4126429" lon="-121.9943325"><ele>36</ele><time>2026-09-07T17:20:54.898345Z</time></trkpt>
  <trkpt lat="37.4126520" lon="-121.9943249"><ele>37</ele><time>2026-09-07T17:20:54.998761Z</time></trkpt>
  <trkpt lat="37.4126612" lon="-121.9943167"><ele>38</ele><time>2026-09-07T17:20:55.099748Z</time></trkpt>
  <trkpt lat="37.4126704" lon="-121.9943084"><ele>39</ele><time>2026-09-07T17:20:55.200142Z</time></trkpt>
  <trkpt lat="37.4126798" lon="-121.9943002"><ele>40</ele><time>2026-09-07T17:20:55.301069Z</time></trkpt>
  <trkpt lat="37.4126899" lon="-121.9942934"><ele>41</ele><time>2026-09-07T17:20:55.401883Z</time></trkpt>
  <trkpt lat="37.4127008" lon="-121.9942879"><ele>42</ele><time>2026-09-07T17:20:55.502712Z</time></trkpt>
  <trkpt lat="37.4127119" lon="-121.9942840"><ele>43</ele><time>2026-09-07T17:20:55.582952Z</time></trkpt>
  <trkpt lat="37.4127238" lon="-121.9942818"><ele>43</ele><time>2026-09-07T17:20:55.703435Z</time></trkpt>
  <trkpt lat="37.4127360" lon="-121.9942826"><ele>44</ele><time>2026-09-07T17:20:55.784134Z</time></trkpt>
  <trkpt lat="37.4127479" lon="-121.9942874"><ele>44</ele><time>2026-09-07T17:20:55.885016Z</time></trkpt>
  <trkpt lat="37.4127593" lon="-121.9942954"><ele>45</ele><time>2026-09-07T17:20:55.985621Z</time></trkpt>
  <trkpt lat="37.4127699" lon="-121.9943058"><ele>45</ele><time>2026-09-07T17:20:56.085918Z</time></trkpt>
  <trkpt lat="37.4127790" lon="-121.9943189"><ele>45</ele><time>2026-09-07T17:20:56.186453Z</time></trkpt>
  <trkpt lat="37.4127863" lon="-121.9943341"><ele>44</ele><time>2026-09-07T17:20:56.287005Z</time></trkpt>
  <trkpt lat="37.4127863" lon="-121.9943341"><ele>44</ele><time>2026-09-07T17:20:56.292219Z</time></trkpt>
  <trkpt lat="37.4127919" lon="-121.9943503"><ele>44</ele><time>2026-09-07T17:20:56.388054Z</time></trkpt>
  <trkpt lat="37.4127941" lon="-121.9943684"><ele>43</ele><time>2026-09-07T17:20:56.488394Z</time></trkpt>
  <trkpt lat="37.4127930" lon="-121.9943876"><ele>43</ele><time>2026-09-07T17:20:56.589806Z</time></trkpt>
  <trkpt lat="37.4127900" lon="-121.9944071"><ele>43</ele><time>2026-09-07T17:20:56.689493Z</time></trkpt>
  <trkpt lat="37.4127852" lon="-121.9944269"><ele>43</ele><time>2026-09-07T17:20:56.789857Z</time></trkpt>
  <trkpt lat="37.4127799" lon="-121.9944470"><ele>43</ele><time>2026-09-07T17:20:56.890209Z</time></trkpt>
  <trkpt lat="37.4127752" lon="-121.9944675"><ele>43</ele><time>2026-09-07T17:20:56.991046Z</time></trkpt>
  <trkpt lat="37.4127705" lon="-121.9944878"><ele>42</ele><time>2026-09-07T17:20:57.091648Z</time></trkpt>
  <trkpt lat="37.4127656" lon="-121.9945079"><ele>41</ele><time>2026-09-07T17:20:57.192317Z</time></trkpt>
  <trkpt lat="37.4127604" lon="-121.9945274"><ele>41</ele><time>2026-09-07T17:20:57.292678Z</time></trkpt>
  <trkpt lat="37.4127548" lon="-121.9945470"><ele>40</ele><time>2026-09-07T17:20:57.393090Z</time></trkpt>
  <trkpt lat="37.4127496" lon="-121.9945676"><ele>39</ele><time>2026-09-07T17:20:57.494853Z</time></trkpt>
  <trkpt lat="37.4127456" lon="-121.9945898"><ele>38</ele><time>2026-09-07T17:20:57.595683Z</time></trkpt>
  <trkpt lat="37.4127429" lon="-121.9946138"><ele>38</ele><time>2026-09-07T17:20:57.695926Z</time></trkpt>
  <trkpt lat="37.4127423" lon="-121.9946382"><ele>38</ele><time>2026-09-07T17:20:57.796565Z</time></trkpt>
  <trkpt lat="37.4127435" lon="-121.9946624"><ele>38</ele><time>2026-09-07T17:20:57.897493Z</time></trkpt>
  <trkpt lat="37.4127443" lon="-121.9946866"><ele>38</ele><time>2026-09-07T17:20:57.997880Z</time></trkpt>
  <trkpt lat="37.4127447" lon="-121.9947105"><ele>38</ele><time>2026-09-07T17:20:58.098025Z</time></trkpt>
  <trkpt lat="37.4127435" lon="-121.9947335"><ele>39</ele><time>2026-09-07T17:20:58.198566Z</time></trkpt>
  <trkpt lat="37.4127439" lon="-121.9947541"><ele>40</ele><time>2026-09-07T17:20:58.299016Z</time></trkpt>
  <trkpt lat="37.4127444" lon="-121.9947731"><ele>41</ele><time>2026-09-07T17:20:58.399751Z</time></trkpt>
  <trkpt lat="37.4127444" lon="-121.9947731"><ele>41</ele><time>2026-09-07T17:20:58.451440Z</time></trkpt>
  <trkpt lat="37.4127475" lon="-121.9947885"><ele>42</ele><time>2026-09-07T17:20:58.481156Z</time></trkpt>
  <trkpt lat="37.4127508" lon="-121.9947988"><ele>43</ele><time>2026-09-07T17:20:58.582291Z</time></trkpt>
  <trkpt lat="37.4127539" lon="-121.9948059"><ele>44</ele><time>2026-09-07T17:20:58.683353Z</time></trkpt>
  <trkpt lat="37.4127571" lon="-121.9948103"><ele>45</ele><time>2026-09-07T17:20:58.784658Z</time></trkpt>
  <trkpt lat="37.4127597" lon="-121.9948124"><ele>46</ele><time>2026-09-07T17:20:58.884883Z</time></trkpt>
  <trkpt lat="37.4127614" lon="-121.9948143"><ele>47</ele><time>2026-09-07T17:20:58.985409Z</time></trkpt>
  <trkpt lat="37.4127630" lon="-121.9948165"><ele>48</ele><time>2026-09-07T17:20:59.087170Z</time></trkpt>
  <trkpt lat="37.4127640" lon="-121.9948188"><ele>50</ele><time>2026-09-07T17:20:59.187518Z</time></trkpt>
  <trkpt lat="37.4127651" lon="-121.9948207"><ele>51</ele><time>2026-09-07T17:20:59.288070Z</time></trkpt>
  <trkpt lat="37.4127665" lon="-121.9948240"><ele>52</ele><time>2026-09-07T17:20:59.388944Z</time></trkpt>
  <trkpt lat="37.4127689" lon="-121.9948296"><ele>53</ele><time>2026-09-07T17:20:59.489768Z</time></trkpt>
  <trkpt lat="37.4127700" lon="-121.9948358"><ele>55</ele><time>2026-09-07T17:20:59.590175Z</time></trkpt>
  <trkpt lat="37.4127721" lon="-121.9948431"><ele>55</ele><time>2026-09-07T17:20:59.691621Z</time></trkpt>
  <trkpt lat="37.4127745" lon="-121.9948515"><ele>56</ele><time>2026-09-07T17:20:59.792554Z</time></trkpt>
  <trkpt lat="37.4127778" lon="-121.9948603"><ele>57</ele><time>2026-09-07T17:20:59.893167Z</time></trkpt>
  <trkpt lat="37.4127818" lon="-121.9948692"><ele>57</ele><time>2026-09-07T17:20:59.994064Z</time></trkpt>
  <trkpt lat="37.4127861" lon="-121.9948783"><ele>58</ele><time>2026-09-07T17:21:00.094128Z</time></trkpt>
  <trkpt lat="37.4127904" lon="-121.9948873"><ele>59</ele><time>2026-09-07T17:21:00.194983Z</time></trkpt>
  <trkpt lat="37.4127952" lon="-121.9948969"><ele>59</ele><time>2026-09-07T17:21:00.295952Z</time></trkpt>
  <trkpt lat="37.4128001" lon="-121.9949068"><ele>60</ele><time>2026-09-07T17:21:00.397111Z</time></trkpt>
  <trkpt lat="37.4128058" lon="-121.9949173"><ele>60</ele><time>2026-09-07T17:21:00.478225Z</time></trkpt>
  <trkpt lat="37.4128116" lon="-121.9949283"><ele>61</ele><time>2026-09-07T17:21:00.578366Z</time></trkpt>
  <trkpt lat="37.4128116" lon="-121.9949283"><ele>61</ele><time>2026-09-07T17:21:00.586139Z</time></trkpt>
  <trkpt lat="37.4128179" lon="-121.9949396"><ele>62</ele><time>2026-09-07T17:21:00.680006Z</time></trkpt>
  <trkpt lat="37.4128249" lon="-121.9949518"><ele>62</ele><time>2026-09-07T17:21:00.780007Z</time></trkpt>
  <trkpt lat="37.4128314" lon="-121.9949649"><ele>62</ele><time>2026-09-07T17:21:00.880717Z</time></trkpt>
  <trkpt lat="37.4128359" lon="-121.9949772"><ele>62</ele><time>2026-09-07T17:21:00.981392Z</time></trkpt>
  <trkpt lat="37.4128404" lon="-121.9949890"><ele>61</ele><time>2026-09-07T17:21:01.081966Z</time></trkpt>
  <trkpt lat="37.4128452" lon="-121.9950008"><ele>61</ele><time>2026-09-07T17:21:01.182917Z</time></trkpt>
  <trkpt lat="37.4128512" lon="-121.9950132"><ele>60</ele><time>2026-09-07T17:21:01.284375Z</time></trkpt>
  <trkpt lat="37.4128581" lon="-121.9950263"><ele>60</ele><time>2026-09-07T17:21:01.384837Z</time></trkpt>
  <trkpt lat="37.4128654" lon="-121.9950403"><ele>59</ele><time>2026-09-07T17:21:01.485685Z</time></trkpt>
  <trkpt lat="37.4128739" lon="-121.9950551"><ele>59</ele><time>2026-09-07T17:21:01.586762Z</time></trkpt>
  <trkpt lat="37.4128828" lon="-121.9950703"><ele>58</ele><time>2026-09-07T17:21:01.687423Z</time></trkpt>
  <trkpt lat="37.4128919" lon="-121.9950859"><ele>57</ele><time>2026-09-07T17:21:01.787858Z</time></trkpt>
  <trkpt lat="37.4129017" lon="-121.9951018"><ele>57</ele><time>2026-09-07T17:21:01.888196Z</time></trkpt>
  <trkpt lat="37.4129115" lon="-121.9951180"><ele>56</ele><time>2026-09-07T17:21:01.988602Z</time></trkpt>
  <trkpt lat="37.4129211" lon="-121.9951345"><ele>55</ele><time>2026-09-07T17:21:02.089414Z</time></trkpt>
  <trkpt lat="37.4129302" lon="-121.9951517"><ele>55</ele><time>2026-09-07T17:21:02.190274Z</time></trkpt>
  <trkpt lat="37.4129423" lon="-121.9951700"><ele>54</ele><time>2026-09-07T17:21:02.291323Z</time></trkpt>
  <trkpt lat="37.4129542" lon="-121.9951894"><ele>54</ele><time>2026-09-07T17:21:02.391002Z</time></trkpt>
  <trkpt lat="37.4129648" lon="-121.9952090"><ele>54</ele><time>2026-09-07T17:21:02.491283Z</time></trkpt>
  <trkpt lat="37.4129751" lon="-121.9952275"><ele>54</ele><time>2026-09-07T17:21:02.591745Z</time></trkpt>
  <trkpt lat="37.4129835" lon="-121.9952444"><ele>54</ele><time>2026-09-07T17:21:02.692433Z</time></trkpt>
  <trkpt lat="37.4129835" lon="-121.9952444"><ele>54</ele><time>2026-09-07T17:21:02.735268Z</time></trkpt>
  <trkpt lat="37.4129902" lon="-121.9952605"><ele>54</ele><time>2026-09-07T17:21:02.792783Z</time></trkpt>
  <trkpt lat="37.4129958" lon="-121.9952758"><ele>55</ele><time>2026-09-07T17:21:02.893693Z</time></trkpt>
  <trkpt lat="37.4130010" lon="-121.9952909"><ele>56</ele><time>2026-09-07T17:21:02.974252Z</time></trkpt>
  <trkpt lat="37.4130059" lon="-121.9953057"><ele>57</ele><time>2026-09-07T17:21:03.074913Z</time></trkpt>
  <trkpt lat="37.4130116" lon="-121.9953209"><ele>58</ele><time>2026-09-07T17:21:03.176151Z</time></trkpt>
  <trkpt lat="37.4130172" lon="-121.9953364"><ele>59</ele><time>2026-09-07T17:21:03.276106Z</time></trkpt>
  <trkpt lat="37.4130229" lon="-121.9953517"><ele>60</ele><time>2026-09-07T17:21:03.377011Z</time></trkpt>
  <trkpt lat="37.4130288" lon="-121.9953670"><ele>60</ele><time>2026-09-07T17:21:03.477642Z</time></trkpt>
  <trkpt lat="37.4130348" lon="-121.9953824"><ele>61</ele><time>2026-09-07T17:21:03.577818Z</time></trkpt>
  <trkpt lat="37.4130413" lon="-121.9953982"><ele>62</ele><time>2026-09-07T17:21:03.679007Z</time></trkpt>
  <trkpt lat="37.4130489" lon="-121.9954136"><ele>62</ele><time>2026-09-07T17:21:03.779439Z</time></trkpt>
  <trkpt lat="37.4130563" lon="-121.9954274"><ele>62</ele><time>2026-09-07T17:21:03.880210Z</time></trkpt>
  <trkpt lat="37.4130650" lon="-121.9954407"><ele>62</ele><time>2026-09-07T17:21:03.980847Z</time></trkpt>
  <trkpt lat="37.4130731" lon="-121.9954520"><ele>62</ele><time>2026-09-07T17:21:04.080852Z</time></trkpt>
  <trkpt lat="37.4130816" lon="-121.9954619"><ele>61</ele><time>2026-09-07T17:21:04.181283Z</time></trkpt>
  <trkpt lat="37.4130901" lon="-121.9954726"><ele>61</ele><time>2026-09-07T17:21:04.281554Z</time></trkpt>
  <trkpt lat="37.4130990" lon="-121.9954840"><ele>60</ele><time>2026-09-07T17:21:04.382517Z</time></trkpt>
  <trkpt lat="37.4131080" lon="-121.9954968"><ele>59</ele><time>2026-09-07T17:21:04.483024Z</time></trkpt>
  <trkpt lat="37.4131167" lon="-121.9955102"><ele>58</ele><time>2026-09-07T17:21:04.583439Z</time></trkpt>
  <trkpt lat="37.4131259" lon="-121.9955229"><ele>57</ele><time>2026-09-07T17:21:04.684523Z</time></trkpt>
  <trkpt lat="37.4131359" lon="-121.9955343"><ele>55</ele><time>2026-09-07T17:21:04.784794Z</time></trkpt>
  <trkpt lat="37.4131359" lon="-121.9955343"><ele>55</ele><time>2026-09-07T17:21:04.880658Z</time></trkpt>
  <trkpt lat="37.4131456" lon="-121.9955461"><ele>54</ele><time>2026-09-07T17:21:04.886354Z</time></trkpt>
  <trkpt lat="37.4131533" lon="-121.9955600"><ele>53</ele><time>2026-09-07T17:21:04.986964Z</time></trkpt>
  <trkpt lat="37.4131573" lon="-121.9955772"><ele>52</ele><time>2026-09-07T17:21:05.087225Z</time></trkpt>
  <trkpt lat="37.4131577" lon="-121.9955973"><ele>51</ele><time>2026-09-07T17:21:05.187813Z</time></trkpt>
  <trkpt lat="37.4131533" lon="-121.9956195"><ele>51</ele><time>2026-09-07T17:21:05.288457Z</time></trkpt>
  <trkpt lat="37.4131452" lon="-121.9956411"><ele>51</ele><time>2026-09-07T17:21:05.389027Z</time></trkpt>
  <trkpt lat="37.4131337" lon="-121.9956619"><ele>51</ele><time>2026-09-07T17:21:05.489173Z</time></trkpt>
  <trkpt lat="37.4131204" lon="-121.9956797"><ele>52</ele><time>2026-09-07T17:21:05.590624Z</time></trkpt>
  <trkpt lat="37.4131045" lon="-121.9956951"><ele>53</ele><time>2026-09-07T17:21:05.691194Z</time></trkpt>
  <trkpt lat="37.4130872" lon="-121.9957079"><ele>54</ele><time>2026-09-07T17:21:05.771967Z</time></trkpt>
  <trkpt lat="37.4130695" lon="-121.9957189"><ele>55</ele><time>2026-09-07T17:21:05.872527Z</time></trkpt>
  <trkpt lat="37.4130528" lon="-121.9957281"><ele>55</ele><time>2026-09-07T17:21:05.972534Z</time></trkpt>
  <trkpt lat="37.4130355" lon="-121.9957376"><ele>56</ele><time>2026-09-07T17:21:06.073691Z</time></trkpt>
  <trkpt lat="37.4130187" lon="-121.9957479"><ele>56</ele><time>2026-09-07T17:21:06.174152Z</time></trkpt>
  <trkpt lat="37.4130018" lon="-121.9957588"><ele>57</ele><time>2026-09-07T17:21:06.274672Z</time></trkpt>
  <trkpt lat="37.4129849" lon="-121.9957699"><ele>57</ele><time>2026-09-07T17:21:06.375238Z</time></trkpt>
  <trkpt lat="37.4129685" lon="-121.9957816"><ele>57</ele><time>2026-09-07T17:21:06.475487Z</time></trkpt>
  <trkpt lat="37.4129520" lon="-121.9957934"><ele>57</ele><time>2026-09-07T17:21:06.576247Z</time></trkpt>
  <trkpt lat="37.4129341" lon="-121.9958031"><ele>57</ele><time>2026-09-07T17:21:06.676272Z</time></trkpt>
  <trkpt lat="37.4129149" lon="-121.9958088"><ele>57</ele><time>2026-09-07T17:21:06.776757Z</time></trkpt>
  <trkpt lat="37.4128954" lon="-121.9958093"><ele>58</ele><time>2026-09-07T17:21:06.877463Z</time></trkpt>
  <trkpt lat="37.4128759" lon="-121.9958049"><ele>58</ele><time>2026-09-07T17:21:06.978064Z</time></trkpt>
  <trkpt lat="37.4128759" lon="-121.9958049"><ele>58</ele><time>2026-09-07T17:21:07.031619Z</time></trkpt>
  <trkpt lat="37.4128570" lon="-121.9957965"><ele>58</ele><time>2026-09-07T17:21:07.078473Z</time></trkpt>
  <trkpt lat="37.4128386" lon="-121.9957854"><ele>58</ele><time>2026-09-07T17:21:07.179177Z</time></trkpt>
  <trkpt lat="37.4128209" lon="-121.9957722"><ele>59</ele><time>2026-09-07T17:21:07.279792Z</time></trkpt>
  <trkpt lat="37.4128047" lon="-121.9957581"><ele>59</ele><time>2026-09-07T17:21:07.379981Z</time></trkpt>
  <trkpt lat="37.4127899" lon="-121.9957425"><ele>60</ele><time>2026-09-07T17:21:07.480456Z</time></trkpt>
  <trkpt lat="37.4127751" lon="-121.9957263"><ele>60</ele><time>2026-09-07T17:21:07.580826Z</time></trkpt>
  <trkpt lat="37.4127602" lon="-121.9957102"><ele>60</ele><time>2026-09-07T17:21:07.680991Z</time></trkpt>
  <trkpt lat="37.4127450" lon="-121.9956945"><ele>59</ele><time>2026-09-07T17:21:07.781260Z</time></trkpt>
  <trkpt lat="37.4127297" lon="-121.9956795"><ele>59</ele><time>2026-09-07T17:21:07.882383Z</time></trkpt>
  <trkpt lat="37.4127145" lon="-121.9956643"><ele>58</ele><time>2026-09-07T17:21:07.983000Z</time></trkpt>
  <trkpt lat="37.4126993" lon="-121.9956493"><ele>58</ele><time>2026-09-07T17:21:08.083754Z</time></trkpt>
  <trkpt lat="37.4126841" lon="-121.9956344"><ele>57</ele><time>2026-09-07T17:21:08.184810Z</time></trkpt>
  <trkpt lat="37.4126689" lon="-121.9956206"><ele>56</ele><time>2026-09-07T17:21:08.284907Z</time></trkpt>
  <trkpt lat="37.4126536" lon="-121.9956075"><ele>55</ele><time>2026-09-07T17:21:08.385357Z</time></trkpt>
  <trkpt lat="37.4126383" lon="-121.9955926"><ele>54</ele><time>2026-09-07T17:21:08.485943Z</time></trkpt>
  <trkpt lat="37.4126247" lon="-121.9955743"><ele>54</ele><time>2026-09-07T17:21:08.586736Z</time></trkpt>
  <trkpt lat="37.4126139" lon="-121.9955528"><ele>53</ele><time>2026-09-07T17:21:08.687165Z</time></trkpt>
  <trkpt lat="37.4126058" lon="-121.9955296"><ele>53</ele><time>2026-09-07T17:21:08.787581Z</time></trkpt>
  <trkpt lat="37.4125987" lon="-121.9955063"><ele>53</ele><time>2026-09-07T17:21:08.868208Z</time></trkpt>
  <trkpt lat="37.4125925" lon="-121.9954831"><ele>53</ele><time>2026-09-07T17:21:08.988531Z</time></trkpt>
  <trkpt lat="37.4125882" lon="-121.9954602"><ele>53</ele><time>2026-09-07T17:21:09.069071Z</time></trkpt>
  <trkpt lat="37.4125847" lon="-121.9954381"><ele>54</ele><time>2026-09-07T17:21:09.170657Z</time></trkpt>
  <trkpt lat="37.4125847" lon="-121.9954381"><ele>54</ele><time>2026-09-07T17:21:09.192085Z</time></trkpt>
  <trkpt lat="37.4125821" lon="-121.9954177"><ele>54</ele><time>2026-09-07T17:21:09.271569Z</time></trkpt>
  <trkpt lat="37.4125793" lon="-121.9953992"><ele>55</ele><time>2026-09-07T17:21:09.371793Z</time></trkpt>
  <trkpt lat="37.4125767" lon="-121.9953814"><ele>56</ele><time>2026-09-07T17:21:09.471781Z</time></trkpt>
  <trkpt lat="37.4125743" lon="-121.9953642"><ele>57</ele><time>2026-09-07T17:21:09.572131Z</time></trkpt>
  <trkpt lat="37.4125720" lon="-121.9953470"><ele>58</ele><time>2026-09-07T17:21:09.673265Z</time></trkpt>
  <trkpt lat="37.4125693" lon="-121.9953298"><ele>58</ele><time>2026-09-07T17:21:09.772868Z</time></trkpt>
  <trkpt lat="37.4125665" lon="-121.9953124"><ele>59</ele><time>2026-09-07T17:21:09.874216Z</time></trkpt>
  <trkpt lat="37.4125640" lon="-121.9952949"><ele>59</ele><time>2026-09-07T17:21:09.974907Z</time></trkpt>
  <trkpt lat="37.4125615" lon="-121.9952775"><ele>60</ele><time>2026-09-07T17:21:10.075222Z</time></trkpt>
  <trkpt lat="37.4125587" lon="-121.9952602"><ele>60</ele><time>2026-09-07T17:21:10.175519Z</time></trkpt>
  <trkpt lat="37.4125556" lon="-121.9952435"><ele>60</ele><time>2026-09-07T17:21:10.276183Z</time></trkpt>
  <trkpt lat="37.4125518" lon="-121.9952280"><ele>61</ele><time>2026-09-07T17:21:10.376683Z</time></trkpt>
  <trkpt lat="37.4125477" lon="-121.9952139"><ele>61</ele><time>2026-09-07T17:21:10.477289Z</time></trkpt>
  <trkpt lat="37.4125418" lon="-121.9951996"><ele>61</ele><time>2026-09-07T17:21:10.577530Z</time></trkpt>
  <trkpt lat="37.4125353" lon="-121.9951850"><ele>61</ele><time>2026-09-07T17:21:10.678030Z</time></trkpt>
  <trkpt lat="37.4125288" lon="-121.9951705"><ele>61</ele><time>2026-09-07T17:21:10.778711Z</time></trkpt>
  <trkpt lat="37.4125218" lon="-121.9951561"><ele>61</ele><time>2026-09-07T17:21:10.879119Z</time></trkpt>
  <trkpt lat="37.4125153" lon="-121.9951416"><ele>61</ele><time>2026-09-07T17:21:10.979964Z</time></trkpt>
  <trkpt lat="37.4125090" lon="-121.9951269"><ele>60</ele><time>2026-09-07T17:21:11.081057Z</time></trkpt>
  <trkpt lat="37.4125021" lon="-121.9951127"><ele>60</ele><time>2026-09-07T17:21:11.181297Z</time></trkpt>
  <trkpt lat="37.4124952" lon="-121.9950984"><ele>59</ele><time>2026-09-07T17:21:11.282416Z</time></trkpt>
  <trkpt lat="37.4124952" lon="-121.9950984"><ele>59</ele><time>2026-09-07T17:21:11.353853Z</time></trkpt>
  <trkpt lat="37.4124881" lon="-121.9950837"><ele>59</ele><time>2026-09-07T17:21:11.383605Z</time></trkpt>
  <trkpt lat="37.4124813" lon="-121.9950682"><ele>58</ele><time>2026-09-07T17:21:11.484039Z</time></trkpt>
  <trkpt lat="37.4124749" lon="-121.9950520"><ele>58</ele><time>2026-09-07T17:21:11.583975Z</time></trkpt>
  <trkpt lat="37.4124696" lon="-121.9950351"><ele>58</ele><time>2026-09-07T17:21:11.684140Z</time></trkpt>
  <trkpt lat="37.4124653" lon="-121.9950177"><ele>58</ele><time>2026-09-07T17:21:11.784584Z</time></trkpt>
  <trkpt lat="37.4124621" lon="-121.9950000"><ele>58</ele><time>2026-09-07T17:21:11.864712Z</time></trkpt>
  <trkpt lat="37.4124597" lon="-121.9949823"><ele>58</ele><time>2026-09-07T17:21:11.985332Z</time></trkpt>
  <trkpt lat="37.4124585" lon="-121.9949647"><ele>58</ele><time>2026-09-07T17:21:12.065354Z</time></trkpt>
  <trkpt lat="37.4124586" lon="-121.9949473"><ele>58</ele><time>2026-09-07T17:21:12.165770Z</time></trkpt>
  <trkpt lat="37.4124595" lon="-121.9949304"><ele>58</ele><time>2026-09-07T17:21:12.266480Z</time></trkpt>
  <trkpt lat="37.4124613" lon="-121.9949138"><ele>59</ele><time>2026-09-07T17:21:12.366950Z</time></trkpt>
  <trkpt lat="37.4124636" lon="-121.9948974"><ele>59</ele><time>2026-09-07T17:21:12.467502Z</time></trkpt>
  <trkpt lat="37.4124663" lon="-121.9948816"><ele>59</ele><time>2026-09-07T17:21:12.567768Z</time></trkpt>
  <trkpt lat="37.4124694" lon="-121.9948659"><ele>59</ele><time>2026-09-07T17:21:12.669046Z</time></trkpt>
  <trkpt lat="37.4124733" lon="-121.9948510"><ele>59</ele><time>2026-09-07T17:21:12.769839Z</time></trkpt>
  <trkpt lat="37.4124780" lon="-121.9948371"><ele>60</ele><time>2026-09-07T17:21:12.870997Z</time></trkpt>
  <trkpt lat="37.4124837" lon="-121.9948243"><ele>60</ele><time>2026-09-07T17:21:12.971679Z</time></trkpt>
  <trkpt lat="37.4124901" lon="-121.9948130"><ele>60</ele><time>2026-09-07T17:21:13.072409Z</time></trkpt>
  <trkpt lat="37.4124975" lon="-121.9948031"><ele>61</ele><time>2026-09-07T17:21:13.173147Z</time></trkpt>
  <trkpt lat="37.4125052" lon="-121.9947940"><ele>61</ele><time>2026-09-07T17:21:13.273741Z</time></trkpt>
  <trkpt lat="37.4125132" lon="-121.9947852"><ele>62</ele><time>2026-09-07T17:21:13.374497Z</time></trkpt>
  <trkpt lat="37.4125212" lon="-121.9947765"><ele>62</ele><time>2026-09-07T17:21:13.475124Z</time></trkpt>
  <trkpt lat="37.4125212" lon="-121.9947765"><ele>62</ele><time>2026-09-07T17:21:13.510329Z</time></trkpt>
  <trkpt lat="37.4125293" lon="-121.9947673"><ele>62</ele><time>2026-09-07T17:21:13.575934Z</time></trkpt>
  <trkpt lat="37.4125376" lon="-121.9947581"><ele>62</ele><time>2026-09-07T17:21:13.676464Z</time></trkpt>
  <trkpt lat="37.4125456" lon="-121.9947492"><ele>62</ele><time>2026-09-07T17:21:13.777438Z</time></trkpt>
  <trkpt lat="37.4125538" lon="-121.9947405"><ele>62</ele><time>2026-09-07T17:21:13.879195Z</time></trkpt>
  <trkpt lat="37.4125621" lon="-121.9947326"><ele>62</ele><time>2026-09-07T17:21:13.980345Z</time></trkpt>
  <trkpt lat="37.4125704" lon="-121.9947257"><ele>62</ele><time>2026-09-07T17:21:14.081087Z</time></trkpt>
  <trkpt lat="37.4125785" lon="-121.9947193"><ele>63</ele><time>2026-09-07T17:21:14.181630Z</time></trkpt>
  <trkpt lat="37.4125864" lon="-121.9947140"><ele>63</ele><time>2026-09-07T17:21:14.281961Z</time></trkpt>
  <trkpt lat="37.4125939" lon="-121.9947093"><ele>64</ele><time>2026-09-07T17:21:14.362468Z</time></trkpt>
  <trkpt lat="37.4126011" lon="-121.9947053"><ele>64</ele><time>2026-09-07T17:21:14.464026Z</time></trkpt>
  <trkpt lat="37.4126082" lon="-121.9947017"><ele>65</ele><time>2026-09-07T17:21:14.564366Z</time></trkpt>
  <trkpt lat="37.4126157" lon="-121.9946977"><ele>65</ele><time>2026-09-07T17:21:14.665127Z</time></trkpt>
  <trkpt lat="37.4126230" lon="-121.9946939"><ele>66</ele><time>2026-09-07T17:21:14.765977Z</time></trkpt>
  <trkpt lat="37.4126304" lon="-121.9946903"><ele>66</ele><time>2026-09-07T17:21:14.866506Z</time></trkpt>
  <trkpt lat="37.4126379" lon="-121.9946872"><ele>66</ele><time>2026-09-07T17:21:14.966844Z</time></trkpt>
  <trkpt lat="37.4126454" lon="-121.9946848"><ele>67</ele><time>2026-09-07T17:21:15.067316Z</time></trkpt>
  <trkpt lat="37.4126533" lon="-121.9946826"><ele>67</ele><time>2026-09-07T17:21:15.168419Z</time></trkpt>
  <trkpt lat="37.4126609" lon="-121.9946792"><ele>67</ele><time>2026-09-07T17:21:15.269372Z</time></trkpt>
  <trkpt lat="37.4126679" lon="-121.9946746"><ele>66</ele><time>2026-09-07T17:21:15.369133Z</time></trkpt>
  <trkpt lat="37.4126744" lon="-121.9946693"><ele>66</ele><time>2026-09-07T17:21:15.469534Z</time></trkpt>
  <trkpt lat="37.4126805" lon="-121.9946636"><ele>65</ele><time>2026-09-07T17:21:15.570974Z</time></trkpt>
  <trkpt lat="37.4126805" lon="-121.9946636"><ele>65</ele><time>2026-09-07T17:21:15.661563Z</time></trkpt>
  <trkpt lat="37.4126869" lon="-121.9946581"><ele>65</ele><time>2026-09-07T17:21:15.671273Z</time></trkpt>
  <trkpt lat="37.4126940" lon="-121.9946531"><ele>64</ele><time>2026-09-07T17:21:15.772719Z</time></trkpt>
  <trkpt lat="37.4127017" lon="-121.9946486"><ele>64</ele><time>2026-09-07T17:21:15.874271Z</time></trkpt>
  <trkpt lat="37.4127102" lon="-121.9946450"><ele>63</ele><time>2026-09-07T17:21:15.973867Z</time></trkpt>
  <trkpt lat="37.4127192" lon="-121.9946427"><ele>62</ele><time>2026-09-07T17:21:16.074530Z</time></trkpt>
  <trkpt lat="37.4127290" lon="-121.9946419"><ele>62</ele><time>2026-09-07T17:21:16.175249Z</time></trkpt>
  <trkpt lat="37.4127391" lon="-121.9946426"><ele>61</ele><time>2026-09-07T17:21:16.275711Z</time></trkpt>
  <trkpt lat="37.4127498" lon="-121.9946447"><ele>61</ele><time>2026-09-07T17:21:16.376282Z</time></trkpt>
  <trkpt lat="37.4127609" lon="-121.9946474"><ele>61</ele><time>2026-09-07T17:21:16.477142Z</time></trkpt>
  <trkpt lat="37.4127720" lon="-121.9946509"><ele>61</ele><time>2026-09-07T17:21:16.578809Z</time></trkpt>
  <trkpt lat="37.4127830" lon="-121.9946552"><ele>61</ele><time>2026-09-07T17:21:16.659694Z</time></trkpt>
  <trkpt lat="37.4127939" lon="-121.9946600"><ele>61</ele><time>2026-09-07T17:21:16.759723Z</time></trkpt>
  <trkpt lat="37.4128043" lon="-121.9946654"><ele>61</ele><time>2026-09-07T17:21:16.860786Z</time></trkpt>
  <trkpt lat="37.4128144" lon="-121.9946711"><ele>61</ele><time>2026-09-07T17:21:16.961727Z</time></trkpt>
  <trkpt lat="37.4128240" lon="-121.9946771"><ele>61</ele><time>2026-09-07T17:21:17.062561Z</time></trkpt>
  <trkpt lat="37.4128329" lon="-121.9946833"><ele>62</ele><time>2026-09-07T17:21:17.163410Z</time></trkpt>
  <trkpt lat="37.4128419" lon="-121.9946894"><ele>62</ele><time>2026-09-07T17:21:17.264106Z</time></trkpt>
  <trkpt lat="37.4128506" lon="-121.9946957"><ele>62</ele><time>2026-09-07T17:21:17.365019Z</time></trkpt>
  <trkpt lat="37.4128590" lon="-121.9947023"><ele>63</ele><time>2026-09-07T17:21:17.465729Z</time></trkpt>
  <trkpt lat="37.4128674" lon="-121.9947089"><ele>63</ele><time>2026-09-07T17:21:17.566265Z</time></trkpt>
  <trkpt lat="37.4128756" lon="-121.9947155"><ele>63</ele><time>2026-09-07T17:21:17.666399Z</time></trkpt>
  <trkpt lat="37.4128838" lon="-121.9947224"><ele>64</ele><time>2026-09-07T17:21:17.766813Z</time></trkpt>
  <trkpt lat="37.4128838" lon="-121.9947224"><ele>64</ele><time>2026-09-07T17:21:17.818624Z</time></trkpt>
  <trkpt lat="37.4128920" lon="-121.9947295"><ele>64</ele><time>2026-09-07T17:21:17.867268Z</time></trkpt>
  <trkpt lat="37.4129002" lon="-121.9947354"><ele>63</ele><time>2026-09-07T17:21:17.967409Z</time></trkpt>
  <trkpt lat="37.4129086" lon="-121.9947403"><ele>63</ele><time>2026-09-07T17:21:18.068377Z</time></trkpt>
  <trkpt lat="37.4129160" lon="-121.9947444"><ele>62</ele><time>2026-09-07T17:21:18.169488Z</time></trkpt>
  <trkpt lat="37.4129231" lon="-121.9947479"><ele>61</ele><time>2026-09-07T17:21:18.270004Z</time></trkpt>
  <trkpt lat="37.4129298" lon="-121.9947506"><ele>61</ele><time>2026-09-07T17:21:18.370615Z</time></trkpt>
  <trkpt lat="37.4129364" lon="-121.9947525"><ele>59</ele><time>2026-09-07T17:21:18.471269Z</time></trkpt>
  <trkpt lat="37.4129425" lon="-121.9947533"><ele>58</ele><time>2026-09-07T17:21:18.572281Z</time></trkpt>
  <trkpt lat="37.4129488" lon="-121.9947545"><ele>57</ele><time>2026-09-07T17:21:18.672824Z</time></trkpt>
  <trkpt lat="37.4129557" lon="-121.9947567"><ele>56</ele><time>2026-09-07T17:21:18.773444Z</time></trkpt>
  <trkpt lat="37.4129628" lon="-121.9947598"><ele>55</ele><time>2026-09-07T17:21:18.873960Z</time></trkpt>
  <trkpt lat="37.4129703" lon="-121.9947639"><ele>54</ele><time>2026-09-07T17:21:18.974588Z</time></trkpt>
  <trkpt lat="37.4129781" lon="-121.9947692"><ele>52</ele><time>2026-09-07T17:21:19.075533Z</time></trkpt>
  <trkpt lat="37.4129868" lon="-121.9947772"><ele>51</ele><time>2026-09-07T17:21:19.176089Z</time></trkpt>
  <trkpt lat="37.4129959" lon="-121.9947877"><ele>50</ele><time>2026-09-07T17:21:19.256636Z</time></trkpt>
  <trkpt lat="37.4130050" lon="-121.9947998"><ele>50</ele><time>2026-09-07T17:21:19.356958Z</time></trkpt>
  <trkpt lat="37.4130139" lon="-121.9948132"><ele>49</ele><time>2026-09-07T17:21:19.457360Z</time></trkpt>
  <trkpt lat="37.4130220" lon="-121.9948274"><ele>49</ele><time>2026-09-07T17:21:19.558452Z</time></trkpt>
  <trkpt lat="37.4130287" lon="-121.9948420"><ele>49</ele><time>2026-09-07T17:21:19.658810Z</time></trkpt>
  <trkpt lat="37.4130352" lon="-121.9948567"><ele>49</ele><time>2026-09-07T17:21:19.758911Z</time></trkpt>
  <trkpt lat="37.4130404" lon="-121.9948715"><ele>49</ele><time>2026-09-07T17:21:19.860253Z</time></trkpt>
  <trkpt lat="37.4130442" lon="-121.9948863"><ele>49</ele><time>2026-09-07T17:21:19.960699Z</time></trkpt>
  <trkpt lat="37.4130442" lon="-121.9948863"><ele>49</ele><time>2026-09-07T17:21:19.976557Z</time></trkpt>
  <trkpt lat="37.4130469" lon="-121.9949006"><ele>49</ele><time>2026-09-07T17:21:20.060986Z</time></trkpt>
  <trkpt lat="37.4130489" lon="-121.9949149"><ele>49</ele><time>2026-09-07T17:21:20.161733Z</time></trkpt>
  <trkpt lat="37.4130503" lon="-121.9949289"><ele>50</ele><time>2026-09-07T17:21:20.262033Z</time></trkpt>
  <trkpt lat="37.4130507" lon="-121.9949424"><ele>50</ele><time>2026-09-07T17:21:20.362379Z</time></trkpt>
  <trkpt lat="37.4130499" lon="-121.9949549"><ele>51</ele><time>2026-09-07T17:21:20.462737Z</time></trkpt>
  <trkpt lat="37.4130480" lon="-121.9949666"><ele>51</ele><time>2026-09-07T17:21:20.563225Z</time></trkpt>
  <trkpt lat="37.4130459" lon="-121.9949781"><ele>52</ele><time>2026-09-07T17:21:20.663805Z</time></trkpt>
  <trkpt lat="37.4130437" lon="-121.9949897"><ele>52</ele><time>2026-09-07T17:21:20.764301Z</time></trkpt>
  <trkpt lat="37.4130413" lon="-121.9950013"><ele>52</ele><time>2026-09-07T17:21:20.865209Z</time></trkpt>
  <trkpt lat="37.4130385" lon="-121.9950130"><ele>52</ele><time>2026-09-07T17:21:20.965879Z</time></trkpt>
  <trkpt lat="37.4130357" lon="-121.9950248"><ele>53</ele><time>2026-09-07T17:21:21.066440Z</time></trkpt>
  <trkpt lat="37.4130321" lon="-121.9950368"><ele>53</ele><time>2026-09-07T17:21:21.167438Z</time></trkpt>
  <trkpt lat="37.4130290" lon="-121.9950491"><ele>53</ele><time>2026-09-07T17:21:21.267808Z</time></trkpt>
  <trkpt lat="37.4130273" lon="-121.9950613"><ele>52</ele><time>2026-09-07T17:21:21.368366Z</time></trkpt>
  <trkpt lat="37.4130263" lon="-121.9950729"><ele>52</ele><time>2026-09-07T17:21:21.469028Z</time></trkpt>
  <trkpt lat="37.4130259" lon="-121.9950842"><ele>52</ele><time>2026-09-07T17:21:21.569794Z</time></trkpt>
  <trkpt lat="37.4130260" lon="-121.9950948"><ele>51</ele><time>2026-09-07T17:21:21.669784Z</time></trkpt>
  <trkpt lat="37.4130261" lon="-121.9951052"><ele>51</ele><time>2026-09-07T17:21:21.770134Z</time></trkpt>
  <trkpt lat="37.4130253" lon="-121.9951163"><ele>50</ele><time>2026-09-07T17:21:21.870928Z</time></trkpt>
  <trkpt lat="37.4130236" lon="-121.9951279"><ele>50</ele><time>2026-09-07T17:21:21.971200Z</time></trkpt>
  <trkpt lat="37.4130206" lon="-121.9951397"><ele>49</ele><time>2026-09-07T17:21:22.071578Z</time></trkpt>
  <trkpt lat="37.4130206" lon="-121.9951397"><ele>49</ele><time>2026-09-07T17:21:22.130240Z</time></trkpt>
  <trkpt lat="37.4130160" lon="-121.9951518"><ele>48</ele><time>2026-09-07T17:21:22.172192Z</time></trkpt>
  <trkpt lat="37.4130101" lon="-121.9951647"><ele>47</ele><time>2026-09-07T17:21:22.272300Z</time></trkpt>
  <trkpt lat="37.4130032" lon="-121.9951779"><ele>47</ele><time>2026-09-07T17:21:22.372793Z</time></trkpt>
  <trkpt lat="37.4129955" lon="-121.9951914"><ele>46</ele><time>2026-09-07T17:21:22.473213Z</time></trkpt>
  <trkpt lat="37.4129869" lon="-121.9952054"><ele>45</ele><time>2026-09-07T17:21:22.553631Z</time></trkpt>
  <trkpt lat="37.4129772" lon="-121.9952198"><ele>45</ele><time>2026-09-07T17:21:22.654252Z</time></trkpt>
  <trkpt lat="37.4129669" lon="-121.9952340"><ele>45</ele><time>2026-09-07T17:21:22.754445Z</time></trkpt>
  <trkpt lat="37.4129562" lon="-121.9952480"><ele>44</ele><time>2026-09-07T17:21:22.854414Z</time></trkpt>
  <trkpt lat="37.4129452" lon="-121.9952620"><ele>44</ele><time>2026-09-07T17:21:22.954993Z</time></trkpt>
  <trkpt lat="37.4129340" lon="-121.9952757"><ele>44</ele><time>2026-09-07T17:21:23.055761Z</time></trkpt>
  <trkpt lat="37.4129226" lon="-121.9952893"><ele>43</ele><time>2026-09-07T17:21:23.156749Z</time></trkpt>
  <trkpt lat="37.4129108" lon="-121.9953027"><ele>43</ele><time>2026-09-07T17:21:23.257367Z</time></trkpt>
  <trkpt lat="37.4128988" lon="-121.9953160"><ele>43</ele><time>2026-09-07T17:21:23.358295Z</time></trkpt>
  <trkpt lat="37.4128864" lon="-121.9953291"><ele>42</ele><time>2026-09-07T17:21:23.458532Z</time></trkpt>
  <trkpt lat="37.4128733" lon="-121.9953417"><ele>42</ele><time>2026-09-07T17:21:23.559695Z</time></trkpt>
  <trkpt lat="37.4128591" lon="-121.9953531"><ele>42</ele><time>2026-09-07T17:21:23.660263Z</time></trkpt>
  <trkpt lat="37.4128444" lon="-121.9953634"><ele>41</ele><time>2026-09-07T17:21:23.760620Z</time></trkpt>
  <trkpt lat="37.4128288" lon="-121.9953728"><ele>41</ele><time>2026-09-07T17:21:23.860917Z</time></trkpt>
  <trkpt lat="37.4128129" lon="-121.9953806"><ele>41</ele><time>2026-09-07T17:21:23.962140Z</time></trkpt>
  <trkpt lat="37.4127960" lon="-121.9953864"><ele>41</ele><time>2026-09-07T17:21:24.062668Z</time></trkpt>
  <trkpt lat="37.4127791" lon="-121.9953893"><ele>41</ele><time>2026-09-07T17:21:24.163301Z</time></trkpt>
  <trkpt lat="37.4127624" lon="-121.9953898"><ele>41</ele><time>2026-09-07T17:21:24.264113Z</time></trkpt>
  <trkpt lat="37.4127624" lon="-121.9953898"><ele>41</ele><time>2026-09-07T17:21:24.282385Z</time></trkpt>
  <trkpt lat="37.4127458" lon="-121.9953888"><ele>41</ele><time>2026-09-07T17:21:24.364788Z</time></trkpt>
  <trkpt lat="37.4127296" lon="-121.9953867"><ele>41</ele><time>2026-09-07T17:21:24.466024Z</time></trkpt>
  <trkpt lat="37.4127137" lon="-121.9953842"><ele>41</ele><time>2026-09-07T17:21:24.566352Z</time></trkpt>
  <trkpt lat="37.4126975" lon="-121.9953815"><ele>41</ele><time>2026-09-07T17:21:24.666815Z</time></trkpt>
  <trkpt lat="37.4126815" lon="-121.9953786"><ele>41</ele><time>2026-09-07T17:21:24.768043Z</time></trkpt>
  <trkpt lat="37.4126656" lon="-121.9953755"><ele>41</ele><time>2026-09-07T17:21:24.868867Z</time></trkpt>
  <trkpt lat="37.4126498" lon="-121.9953720"><ele>41</ele><time>2026-09-07T17:21:24.950490Z</time></trkpt>
  <trkpt lat="37.4126341" lon="-121.9953684"><ele>41</ele><time>2026-09-07T17:21:25.050790Z</time></trkpt>
  <trkpt lat="37.4126182" lon="-121.9953649"><ele>41</ele><time>2026-09-07T17:21:25.151162Z</time></trkpt>
  <trkpt lat="37.4126025" lon="-121.9953614"><ele>40</ele><time>2026-09-07T17:21:25.251640Z</time></trkpt>
  <trkpt lat="37.4125868" lon="-121.9953572"><ele>40</ele><time>2026-09-07T17:21:25.352859Z</time></trkpt>
  <trkpt lat="37.4125713" lon="-121.9953519"><ele>40</ele><time>2026-09-07T17:21:25.453689Z</time></trkpt>
  <trkpt lat="37.4125557" lon="-121.9953459"><ele>40</ele><time>2026-09-07T17:21:25.553227Z</time></trkpt>
  <trkpt lat="37.4125404" lon="-121.9953389"><ele>39</ele><time>2026-09-07T17:21:25.653762Z</time></trkpt>
  <trkpt lat="37.4125255" lon="-121.9953309"><ele>39</ele><time>2026-09-07T17:21:25.754518Z</time></trkpt>
  <trkpt lat="37.4125114" lon="-121.9953218"><ele>39</ele><time>2026-09-07T17:21:25.854625Z</time></trkpt>
  <trkpt lat="37.4124976" lon="-121.9953124"><ele>40</ele><time>2026-09-07T17:21:25.955139Z</time></trkpt>
  <trkpt lat="37.4124842" lon="-121.9953027"><ele>40</ele><time>2026-09-07T17:21:26.055652Z</time></trkpt>
  <trkpt lat="37.4124709" lon="-121.9952929"><ele>40</ele><time>2026-09-07T17:21:26.156846Z</time></trkpt>
  <trkpt lat="37.4124577" lon="-121.9952832"><ele>40</ele><time>2026-09-07T17:21:26.257650Z</time></trkpt>
  <trkpt lat="37.4124444" lon="-121.9952737"><ele>40</ele><time>2026-09-07T17:21:26.358572Z</time></trkpt>
  <trkpt lat="37.4124444" lon="-121.9952737"><ele>40</ele><time>2026-09-07T17:21:26.440852Z</time></trkpt>
  <trkpt lat="37.4124313" lon="-121.9952641"><ele>40</ele><time>2026-09-07T17:21:26.460086Z</time></trkpt>
  <trkpt lat="37.4124182" lon="-121.9952546"><ele>40</ele><time>2026-09-07T17:21:26.561475Z</time></trkpt>
  <trkpt lat="37.4124052" lon="-121.9952448"><ele>40</ele><time>2026-09-07T17:21:26.662162Z</time></trkpt>
  <trkpt lat="37.4123927" lon="-121.9952346"><ele>40</ele><time>2026-09-07T17:21:26.762171Z</time></trkpt>
  <trkpt lat="37.4123806" lon="-121.9952239"><ele>40</ele><time>2026-09-07T17:21:26.862627Z</time></trkpt>
  <trkpt lat="37.4123691" lon="-121.9952130"><ele>40</ele><time>2026-09-07T17:21:26.963619Z</time></trkpt>
  <trkpt lat="37.4123582" lon="-121.9952015"><ele>40</ele><time>2026-09-07T17:21:27.064015Z</time></trkpt>
  <trkpt lat="37.4123479" lon="-121.9951896"><ele>40</ele><time>2026-09-07T17:21:27.164310Z</time></trkpt>
  <trkpt lat="37.4123385" lon="-121.9951769"><ele>40</ele><time>2026-09-07T17:21:27.264714Z</time></trkpt>
  <trkpt lat="37.4123294" lon="-121.9951639"><ele>40</ele><time>2026-09-07T17:21:27.365705Z</time></trkpt>
  <trkpt lat="37.4123206" lon="-121.9951509"><ele>40</ele><time>2026-09-07T17:21:27.466396Z</time></trkpt>
  <trkpt lat="37.4123120" lon="-121.9951376"><ele>40</ele><time>2026-09-07T17:21:27.567100Z</time></trkpt>
  <trkpt lat="37.4123037" lon="-121.9951241"><ele>40</ele><time>2026-09-07T17:21:27.667426Z</time></trkpt>
  <trkpt lat="37.4122958" lon="-121.9951103"><ele>40</ele><time>2026-09-07T17:21:27.747700Z</time></trkpt>
  <trkpt lat="37.4122881" lon="-121.9950963"><ele>40</ele><time>2026-09-07T17:21:27.848389Z</time></trkpt>
  <trkpt lat="37.4122806" lon="-121.9950821"><ele>40</ele><time>2026-09-07T17:21:27.949216Z</time></trkpt>
  <trkpt lat="37.4122735" lon="-121.9950676"><ele>39</ele><time>2026-09-07T17:21:28.049877Z</time></trkpt>
  <trkpt lat="37.4122667" lon="-121.9950529"><ele>39</ele><time>2026-09-07T17:21:28.150344Z</time></trkpt>
  <trkpt lat="37.4122602" lon="-121.9950378"><ele>39</ele><time>2026-09-07T17:21:28.250705Z</time></trkpt>
  <trkpt lat="37.4122541" lon="-121.9950225"><ele>39</ele><time>2026-09-07T17:21:28.351141Z</time></trkpt>
  <trkpt lat="37.4122483" lon="-121.9950069"><ele>39</ele><time>2026-09-07T17:21:28.452352Z</time></trkpt>
  <trkpt lat="37.4122427" lon="-121.9949910"><ele>38</ele><time>2026-09-07T17:21:28.552789Z</time></trkpt>
  <trkpt lat="37.4122427" lon="-121.9949910"><ele>38</ele><time>2026-09-07T17:21:28.596655Z</time></trkpt>
  <trkpt lat="37.4122374" lon="-121.9949748"><ele>38</ele><time>2026-09-07T17:21:28.653032Z</time></trkpt>
  <trkpt lat="37.4122325" lon="-121.9949583"><ele>38</ele><time>2026-09-07T17:21:28.754001Z</time></trkpt>
  <trkpt lat="37.4122279" lon="-121.9949417"><ele>38</ele><time>2026-09-07T17:21:28.854205Z</time></trkpt>
  <trkpt lat="37.4122232" lon="-121.9949250"><ele>38</ele><time>2026-09-07T17:21:28.954886Z</time></trkpt>
  <trkpt lat="37.4122185" lon="-121.9949083"><ele>38</ele><time>2026-09-07T17:21:29.055125Z</time></trkpt>
  <trkpt lat="37.4122140" lon="-121.9948919"><ele>38</ele><time>2026-09-07T17:21:29.155815Z</time></trkpt>
  <trkpt lat="37.4122096" lon="-121.9948760"><ele>38</ele><time>2026-09-07T17:21:29.256300Z</time></trkpt>
  <trkpt lat="37.4122052" lon="-121.9948606"><ele>39</ele><time>2026-09-07T17:21:29.357052Z</time></trkpt>
  <trkpt lat="37.4122011" lon="-121.9948454"><ele>39</ele><time>2026-09-07T17:21:29.457777Z</time></trkpt>
  <trkpt lat="37.4121971" lon="-121.9948303"><ele>40</ele><time>2026-09-07T17:21:29.558139Z</time></trkpt>
  <trkpt lat="37.4121936" lon="-121.9948152"><ele>40</ele><time>2026-09-07T17:21:29.660070Z</time></trkpt>
  <trkpt lat="37.4121903" lon="-121.9948000"><ele>40</ele><time>2026-09-07T17:21:29.760540Z</time></trkpt>
  <trkpt lat="37.4121876" lon="-121.9947848"><ele>41</ele><time>2026-09-07T17:21:29.861572Z</time></trkpt>
  <trkpt lat="37.4121854" lon="-121.9947695"><ele>41</ele><time>2026-09-07T17:21:29.962221Z</time></trkpt>
  <trkpt lat="37.4121838" lon="-121.9947541"><ele>41</ele><time>2026-09-07T17:21:30.062979Z</time></trkpt>
  <trkpt lat="37.4121833" lon="-121.9947389"><ele>41</ele><time>2026-09-07T17:21:30.163617Z</time></trkpt>
  <trkpt lat="37.4121840" lon="-121.9947240"><ele>42</ele><time>2026-09-07T17:21:30.264295Z</time></trkpt>
  <trkpt lat="37.4121860" lon="-121.9947095"><ele>42</ele><time>2026-09-07T17:21:30.344797Z</time></trkpt>
  <trkpt lat="37.4121891" lon="-121.9946954"><ele>42</ele><time>2026-09-07T17:21:30.445455Z</time></trkpt>
  <trkpt lat="37.4121933" lon="-121.9946818"><ele>42</ele><time>2026-09-07T17:21:30.545702Z</time></trkpt>
  <trkpt lat="37.4121986" lon="-121.9946693"><ele>43</ele><time>2026-09-07T17:21:30.646512Z</time></trkpt>
  <trkpt lat="37.4122047" lon="-121.9946582"><ele>43</ele><time>2026-09-07T17:21:30.746994Z</time></trkpt>
  <trkpt lat="37.4122047" lon="-121.9946582"><ele>43</ele><time>2026-09-07T17:21:30.750089Z</time></trkpt>
  <trkpt lat="37.4122115" lon="-121.9946483"><ele>43</ele><time>2026-09-07T17:21:30.847755Z</time></trkpt>
  <trkpt lat="37.4122190" lon="-121.9946395"><ele>43</ele><time>2026-09-07T17:21:30.948275Z</time></trkpt>
  <trkpt lat="37.4122275" lon="-121.9946319"><ele>43</ele><time>2026-09-07T17:21:31.048669Z</time></trkpt>
  <trkpt lat="37.4122364" lon="-121.9946259"><ele>43</ele><time>2026-09-07T17:21:31.148899Z</time></trkpt>
  <trkpt lat="37.4122459" lon="-121.9946207"><ele>44</ele><time>2026-09-07T17:21:31.249448Z</time></trkpt>
  <trkpt lat="37.4122558" lon="-121.9946160"><ele>44</ele><time>2026-09-07T17:21:31.349588Z</time></trkpt>
  <trkpt lat="37.4122660" lon="-121.9946119"><ele>43</ele><time>2026-09-07T17:21:31.449926Z</time></trkpt>
  <trkpt lat="37.4122764" lon="-121.9946081"><ele>43</ele><time>2026-09-07T17:21:31.550642Z</time></trkpt>
  <trkpt lat="37.4122870" lon="-121.9946042"><ele>43</ele><time>2026-09-07T17:21:31.650417Z</time></trkpt>
  <trkpt lat="37.4122976" lon="-121.9946005"><ele>43</ele><time>2026-09-07T17:21:31.751032Z</time></trkpt>
  <trkpt lat="37.4123084" lon="-121.9945969"><ele>42</ele><time>2026-09-07T17:21:31.851887Z</time></trkpt>
  <trkpt lat="37.4123195" lon="-121.9945937"><ele>42</ele><time>2026-09-07T17:21:31.952529Z</time></trkpt>
  <trkpt lat="37.4123311" lon="-121.9945913"><ele>42</ele><time>2026-09-07T17:21:32.053436Z</time></trkpt>
  <trkpt lat="37.4123430" lon="-121.9945898"><ele>41</ele><time>2026-09-07T17:21:32.154542Z</time></trkpt>
  <trkpt lat="37.4123550" lon="-121.9945896"><ele>41</ele><time>2026-09-07T17:21:32.255122Z</time></trkpt>
  <trkpt lat="37.4123669" lon="-121.9945908"><ele>41</ele><time>2026-09-07T17:21:32.355559Z</time></trkpt>
  <trkpt lat="37.4123785" lon="-121.9945929"><ele>41</ele><time>2026-09-07T17:21:32.457113Z</time></trkpt>
  <trkpt lat="37.4123898" lon="-121.9945959"><ele>41</ele><time>2026-09-07T17:21:32.558082Z</time></trkpt>
  <trkpt lat="37.4124010" lon="-121.9945993"><ele>42</ele><time>2026-09-07T17:21:32.658723Z</time></trkpt>
  <trkpt lat="37.4124122" lon="-121.9946027"><ele>42</ele><time>2026-09-07T17:21:32.759575Z</time></trkpt>
  <trkpt lat="37.4124236" lon="-121.9946060"><ele>42</ele><time>2026-09-07T17:21:32.859937Z</time></trkpt>
  <trkpt lat="37.4124236" lon="-121.9946060"><ele>42</ele><time>2026-09-07T17:21:32.908734Z</time></trkpt>
  <trkpt lat="37.4124349" lon="-121.9946093"><ele>42</ele><time>2026-09-07T17:21:32.960467Z</time></trkpt>
  <trkpt lat="37.4124466" lon="-121.9946127"><ele>42</ele><time>2026-09-07T17:21:33.060921Z</time></trkpt>
  <trkpt lat="37.4124582" lon="-121.9946161"><ele>42</ele><time>2026-09-07T17:21:33.161173Z</time></trkpt>
  <trkpt lat="37.4124700" lon="-121.9946195"><ele>42</ele><time>2026-09-07T17:21:33.261896Z</time></trkpt>
  <trkpt lat="37.4124819" lon="-121.9946227"><ele>41</ele><time>2026-09-07T17:21:33.362477Z</time></trkpt>
  <trkpt lat="37.4124940" lon="-121.9946259"><ele>41</ele><time>2026-09-07T17:21:33.443096Z</time></trkpt>
  <trkpt lat="37.4125063" lon="-121.9946292"><ele>41</ele><time>2026-09-07T17:21:33.544697Z</time></trkpt>
  <trkpt lat="37.4125187" lon="-121.9946329"><ele>41</ele><time>2026-09-07T17:21:33.645698Z</time></trkpt>
  <trkpt lat="37.4125309" lon="-121.9946370"><ele>41</ele><time>2026-09-07T17:21:33.746644Z</time></trkpt>
  <trkpt lat="37.4125426" lon="-121.9946414"><ele>41</ele><time>2026-09-07T17:21:33.846981Z</time></trkpt>
  <trkpt lat="37.4125540" lon="-121.9946460"><ele>41</ele><time>2026-09-07T17:21:33.947113Z</time></trkpt>
  <trkpt lat="37.4125652" lon="-121.9946507"><ele>42</ele><time>2026-09-07T17:21:34.047796Z</time></trkpt>
  <trkpt lat="37.4125762" lon="-121.9946555"><ele>42</ele><time>2026-09-07T17:21:34.149159Z</time></trkpt>
  <trkpt lat="37.4125868" lon="-121.9946607"><ele>43</ele><time>2026-09-07T17:21:34.249750Z</time></trkpt>
  <trkpt lat="37.4125976" lon="-121.9946658"><ele>43</ele><time>2026-09-07T17:21:34.350331Z</time></trkpt>
  <trkpt lat="37.4126082" lon="-121.9946710"><ele>43</ele><time>2026-09-07T17:21:34.451122Z</time></trkpt>
  <trkpt lat="37.4126189" lon="-121.9946764"><ele>44</ele><time>2026-09-07T17:21:34.551527Z</time></trkpt>
  <trkpt lat="37.4126293" lon="-121.9946819"><ele>44</ele><time>2026-09-07T17:21:34.652346Z</time></trkpt>
  <trkpt lat="37.4126400" lon="-121.9946874"><ele>44</ele><time>2026-09-07T17:21:34.752867Z</time></trkpt>
  <trkpt lat="37.4126510" lon="-121.9946930"><ele>44</ele><time>2026-09-07T17:21:34.853307Z</time></trkpt>
  <trkpt lat="37.4126616" lon="-121.9946991"><ele>44</ele><time>2026-09-07T17:21:34.953639Z</time></trkpt>
  <trkpt lat="37.4126616" lon="-121.9946991"><ele>44</ele><time>2026-09-07T17:21:35.048977Z</time></trkpt>
  <trkpt lat="37.4126724" lon="-121.9947057"><ele>44</ele><time>2026-09-07T17:21:35.053664Z</time></trkpt>
  <trkpt lat="37.4126834" lon="-121.9947128"><ele>44</ele><time>2026-09-07T17:21:35.153998Z</time></trkpt>
  <trkpt lat="37.4126937" lon="-121.9947200"><ele>44</ele><time>2026-09-07T17:21:35.254414Z</time></trkpt>
  <trkpt lat="37.4127038" lon="-121.9947276"><ele>43</ele><time>2026-09-07T17:21:35.355003Z</time></trkpt>
  <trkpt lat="37.4127139" lon="-121.9947357"><ele>43</ele><time>2026-09-07T17:21:35.455885Z</time></trkpt>
  <trkpt lat="37.4127248" lon="-121.9947442"><ele>43</ele><time>2026-09-07T17:21:35.556018Z</time></trkpt>
  <trkpt lat="37.4127360" lon="-121.9947533"><ele>42</ele><time>2026-09-07T17:21:35.656316Z</time></trkpt>
  <trkpt lat="37.4127468" lon="-121.9947628"><ele>42</ele><time>2026-09-07T17:21:35.757225Z</time></trkpt>
  <trkpt lat="37.4127568" lon="-121.9947721"><ele>41</ele><time>2026-09-07T17:21:35.858091Z</time></trkpt>
  <trkpt lat="37.4127668" lon="-121.9947815"><ele>40</ele><time>2026-09-07T17:21:35.938858Z</time></trkpt>
  <trkpt lat="37.4127756" lon="-121.9947904"><ele>39</ele><time>2026-09-07T17:21:36.059286Z</time></trkpt>
  <trkpt lat="37.4127839" lon="-121.9947985"><ele>38</ele><time>2026-09-07T17:21:36.139466Z</time></trkpt>
  <trkpt lat="37.4127931" lon="-121.9948060"><ele>37</ele><time>2026-09-07T17:21:36.240063Z</time></trkpt>
  <trkpt lat="37.4128025" lon="-121.9948124"><ele>36</ele><time>2026-09-07T17:21:36.340738Z</time></trkpt>
  <trkpt lat="37.4128117" lon="-121.9948180"><ele>35</ele><time>2026-09-07T17:21:36.441478Z</time></trkpt>
  <trkpt lat="37.4128216" lon="-121.9948226"><ele>34</ele><time>2026-09-07T17:21:36.541742Z</time></trkpt>
  <trkpt lat="37.4128327" lon="-121.9948274"><ele>32</ele><time>2026-09-07T17:21:36.642312Z</time></trkpt>
  <trkpt lat="37.4128441" lon="-121.9948346"><ele>31</ele><time>2026-09-07T17:21:36.742748Z</time></trkpt>
  <trkpt lat="37.4128539" lon="-121.9948455"><ele>30</ele><time>2026-09-07T17:21:36.843911Z</time></trkpt>
  <trkpt lat="37.4128614" lon="-121.9948586"><ele>28</ele><time>2026-09-07T17:21:36.944593Z</time></trkpt>
  <trkpt lat="37.4128669" lon="-121.9948733"><ele>27</ele><time>2026-09-07T17:21:37.045641Z</time></trkpt>
  <trkpt lat="37.4128708" lon="-121.9948904"><ele>27</ele><time>2026-09-07T17:21:37.145968Z</time></trkpt>
  <trkpt lat="37.4128708" lon="-121.9948904"><ele>27</ele><time>2026-09-07T17:21:37.198850Z</time></trkpt>
  <trkpt lat="37.4128731" lon="-121.9949088"><ele>26</ele><time>2026-09-07T17:21:37.246413Z</time></trkpt>
  <trkpt lat="37.4128739" lon="-121.9949277"><ele>25</ele><time>2026-09-07T17:21:37.346722Z</time></trkpt>
  <trkpt lat="37.4128723" lon="-121.9949468"><ele>25</ele><time>2026-09-07T17:21:37.447508Z</time></trkpt>
  <trkpt lat="37.4128692" lon="-121.9949658"><ele>25</ele><time>2026-09-07T17:21:37.548826Z</time></trkpt>
  <trkpt lat="37.4128655" lon="-121.9949847"><ele>24</ele><time>2026-09-07T17:21:37.650032Z</time></trkpt>
  <trkpt lat="37.4128601" lon="-121.9950029"><ele>24</ele><time>2026-09-07T17:21:37.750433Z</time></trkpt>
  <trkpt lat="37.4128530" lon="-121.9950196"><ele>24</ele><time>2026-09-07T17:21:37.851460Z</time></trkpt>
  <trkpt lat="37.4128448" lon="-121.9950349"><ele>24</ele><time>2026-09-07T17:21:37.951646Z</time></trkpt>
  <trkpt lat="37.4128355" lon="-121.9950489"><ele>24</ele><time>2026-09-07T17:21:38.052578Z</time></trkpt>
  <trkpt lat="37.4128255" lon="-121.9950609"><ele>25</ele><time>2026-09-07T17:21:38.153162Z</time></trkpt>
  <trkpt lat="37.4128147" lon="-121.9950700"><ele>25</ele><time>2026-09-07T17:21:38.253874Z</time></trkpt>
  <trkpt lat="37.4128039" lon="-121.9950775"><ele>25</ele><time>2026-09-07T17:21:38.354459Z</time></trkpt>
  <trkpt lat="37.4127927" lon="-121.9950838"><ele>25</ele><time>2026-09-07T17:21:38.455051Z</time></trkpt>
  <trkpt lat="37.4127826" lon="-121.9950885"><ele>25</ele><time>2026-09-07T17:21:38.535294Z</time></trkpt>
  <trkpt lat="37.4127713" lon="-121.9950900"><ele>25</ele><time>2026-09-07T17:21:38.635707Z</time></trkpt>
  <trkpt lat="37.4127596" lon="-121.9950888"><ele>25</ele><time>2026-09-07T17:21:38.736269Z</time></trkpt>
  <trkpt lat="37.4127478" lon="-121.9950864"><ele>25</ele><time>2026-09-07T17:21:38.836420Z</time></trkpt>
  <trkpt lat="37.4127363" lon="-121.9950824"><ele>25</ele><time>2026-09-07T17:21:38.936831Z</time></trkpt>
  <trkpt lat="37.4127256" lon="-121.9950763"><ele>25</ele><time>2026-09-07T17:21:39.037263Z</time></trkpt>
  <trkpt lat="37.4127164" lon="-121.9950684"><ele>25</ele><time>2026-09-07T17:21:39.138046Z</time></trkpt>
  <trkpt lat="37.4127080" lon="-121.9950595"><ele>25</ele><time>2026-09-07T17:21:39.238631Z</time></trkpt>
  <trkpt lat="37.4127003" lon="-121.9950497"><ele>25</ele><time>2026-09-07T17:21:39.338933Z</time></trkpt>
  <trkpt lat="37.4127003" lon="-121.9950497"><ele>25</ele><time>2026-09-07T17:21:39.360937Z</time></trkpt>
  <trkpt lat="37.4126939" lon="-121.9950390"><ele>25</ele><time>2026-09-07T17:21:39.439120Z</time></trkpt>
  <trkpt lat="37.4126888" lon="-121.9950271"><ele>25</ele><time>2026-09-07T17:21:39.539961Z</time></trkpt>
  <trkpt lat="37.4126854" lon="-121.9950145"><ele>25</ele><time>2026-09-07T17:21:39.640549Z</time></trkpt>
  <trkpt lat="37.4126837" lon="-121.9950013"><ele>25</ele><time>2026-09-07T17:21:39.741347Z</time></trkpt>
  <trkpt lat="37.4126824" lon="-121.9949878"><ele>24</ele><time>2026-09-07T17:21:39.842006Z</time></trkpt>
  <trkpt lat="37.4126817" lon="-121.9949739"><ele>24</ele><time>2026-09-07T17:21:39.942082Z</time></trkpt>
  <trkpt lat="37.4126819" lon="-121.9949600"><ele>24</ele><time>2026-09-07T17:21:40.042898Z</time></trkpt>
  <trkpt lat="37.4126825" lon="-121.9949462"><ele>24</ele><time>2026-09-07T17:21:40.143432Z</time></trkpt>
  <trkpt lat="37.4126835" lon="-121.9949324"><ele>24</ele><time>2026-09-07T17:21:40.243927Z</time></trkpt>
  <trkpt lat="37.4126844" lon="-121.9949190"><ele>25</ele><time>2026-09-07T17:21:40.344401Z</time></trkpt>
  <trkpt lat="37.4126856" lon="-121.9949058"><ele>25</ele><time>2026-09-07T17:21:40.444894Z</time></trkpt>
  <trkpt lat="37.4126870" lon="-121.9948929"><ele>25</ele><time>2026-09-07T17:21:40.545514Z</time></trkpt>
  <trkpt lat="37.4126889" lon="-121.9948801"><ele>26</ele><time>2026-09-07T17:21:40.646838Z</time></trkpt>
  <trkpt lat="37.4126910" lon="-121.9948675"><ele>26</ele><time>2026-09-07T17:21:40.747054Z</time></trkpt>
  <trkpt lat="37.4126937" lon="-121.9948550"><ele>26</ele><time>2026-09-07T17:21:40.847192Z</time></trkpt>
  <trkpt lat="37.4126966" lon="-121.9948423"><ele>26</ele><time>2026-09-07T17:21:40.948095Z</time></trkpt>
  <trkpt lat="37.4127000" lon="-121.9948303"><ele>27</ele><time>2026-09-07T17:21:41.048655Z</time></trkpt>
  <trkpt lat="37.4127037" lon="-121.9948191"><ele>27</ele><time>2026-09-07T17:21:41.148910Z</time></trkpt>
  <trkpt lat="37.4127080" lon="-121.9948089"><ele>27</ele><time>2026-09-07T17:21:41.249024Z</time></trkpt>
  <trkpt lat="37.4127130" lon="-121.9947997"><ele>28</ele><time>2026-09-07T17:21:41.349356Z</time></trkpt>
  <trkpt lat="37.4127188" lon="-121.9947918"><ele>28</ele><time>2026-09-07T17:21:41.450242Z</time></trkpt>
  <trkpt lat="37.4127188" lon="-121.9947918"><ele>28</ele><time>2026-09-07T17:21:41.519208Z</time></trkpt>
  <trkpt lat="37.4127252" lon="-121.9947846"><ele>28</ele><time>2026-09-07T17:21:41.550776Z</time></trkpt>
  <trkpt lat="37.4127318" lon="-121.9947783"><ele>29</ele><time>2026-09-07T17:21:41.650856Z</time></trkpt>
  <trkpt lat="37.4127391" lon="-121.9947735"><ele>29</ele><time>2026-09-07T17:21:41.751295Z</time></trkpt>
  <trkpt lat="37.4127467" lon="-121.9947700"><ele>29</ele><time>2026-09-07T17:21:41.831903Z</time></trkpt>
  <trkpt lat="37.4127538" lon="-121.9947688"><ele>29</ele><time>2026-09-07T17:21:41.952665Z</time></trkpt>
  <trkpt lat="37.4127606" lon="-121.9947691"><ele>30</ele><time>2026-09-07T17:21:42.033377Z</time></trkpt>
  <trkpt lat="37.4127673" lon="-121.9947705"><ele>30</ele><time>2026-09-07T17:21:42.133932Z</time></trkpt>
  <trkpt lat="37.4127734" lon="-121.9947733"><ele>30</ele><time>2026-09-07T17:21:42.234589Z</time></trkpt>
  <trkpt lat="37.4127792" lon="-121.9947771"><ele>31</ele><time>2026-09-07T17:21:42.335195Z</time></trkpt>
  <trkpt lat="37.4127847" lon="-121.9947818"><ele>31</ele><time>2026-09-07T17:21:42.435939Z</time></trkpt>
  <trkpt lat="37.4127899" lon="-121.9947872"><ele>32</ele><time>2026-09-07T17:21:42.536840Z</time></trkpt>
  <trkpt lat="37.4127950" lon="-121.9947928"><ele>32</ele><time>2026-09-07T17:21:42.637465Z</time></trkpt>
  <trkpt lat="37.4128000" lon="-121.9947986"><ele>32</ele><time>2026-09-07T17:21:42.738636Z</time></trkpt>
  <trkpt lat="37.4128050" lon="-121.9948044"><ele>32</ele><time>2026-09-07T17:21:42.839938Z</time></trkpt>
  <trkpt lat="37.4128097" lon="-121.9948105"><ele>33</ele><time>2026-09-07T17:21:42.941386Z</time></trkpt>
  <trkpt lat="37.4128146" lon="-121.9948168"><ele>33</ele><time>2026-09-07T17:21:43.041968Z</time></trkpt>
  <trkpt lat="37.4128199" lon="-121.9948228"><ele>33</ele><time>2026-09-07T17:21:43.143294Z</time></trkpt>
  <trkpt lat="37.4128251" lon="-121.9948291"><ele>33</ele><time>2026-09-07T17:21:43.243410Z</time></trkpt>
  <trkpt lat="37.4128308" lon="-121.9948352"><ele>34</ele><time>2026-09-07T17:21:43.344424Z</time></trkpt>
  <trkpt lat="37.4128367" lon="-121.9948412"><ele>34</ele><time>2026-09-07T17:21:43.445125Z</time></trkpt>
  <trkpt lat="37.4128429" lon="-121.9948470"><ele>34</ele><time>2026-09-07T17:21:43.545742Z</time></trkpt>
  <trkpt lat="37.4128493" lon="-121.9948526"><ele>34</ele><time>2026-09-07T17:21:43.646052Z</time></trkpt>
  <trkpt lat="37.4128493" lon="-121.9948526"><ele>34</ele><time>2026-09-07T17:21:43.679401Z</time></trkpt>
  <trkpt lat="37.4128557" lon="-121.9948580"><ele>35</ele><time>2026-09-07T17:21:43.746524Z</time></trkpt>
  <trkpt lat="37.4128624" lon="-121.9948630"><ele>35</ele><time>2026-09-07T17:21:43.846729Z</time></trkpt>
  <trkpt lat="37.4128691" lon="-121.9948676"><ele>36</ele><time>2026-09-07T17:21:43.947052Z</time></trkpt>
  <trkpt lat="37.4128756" lon="-121.9948719"><ele>36</ele><time>2026-09-07T17:21:44.047710Z</time></trkpt>
  <trkpt lat="37.4128825" lon="-121.9948760"><ele>37</ele><time>2026-09-07T17:21:44.148014Z</time></trkpt>
  <trkpt lat="37.4128893" lon="-121.9948799"><ele>37</ele><time>2026-09-07T17:21:44.248401Z</time></trkpt>
  <trkpt lat="37.4128961" lon="-121.9948837"><ele>38</ele><time>2026-09-07T17:21:44.348647Z</time></trkpt>
  <trkpt lat="37.4129032" lon="-121.9948873"><ele>38</ele><time>2026-09-07T17:21:44.429767Z</time></trkpt>
  <trkpt lat="37.4129105" lon="-121.9948907"><ele>38</ele><time>2026-09-07T17:21:44.530577Z</time></trkpt>
  <trkpt lat="37.4129181" lon="-121.9948938"><ele>39</ele><time>2026-09-07T17:21:44.630945Z</time></trkpt>
  <trkpt lat="37.4129260" lon="-121.9948970"><ele>39</ele><time>2026-09-07T17:21:44.731370Z</time></trkpt>
  <trkpt lat="37.4129336" lon="-121.9949012"><ele>40</ele><time>2026-09-07T17:21:44.831974Z</time></trkpt>
  <trkpt lat="37.4129412" lon="-121.9949062"><ele>40</ele><time>2026-09-07T17:21:44.932254Z</time></trkpt>
  <trkpt lat="37.4129493" lon="-121.9949116"><ele>40</ele><time>2026-09-07T17:21:45.033143Z</time></trkpt>
  <trkpt lat="37.4129577" lon="-121.9949170"><ele>40</ele><time>2026-09-07T17:21:45.134711Z</time></trkpt>
  <trkpt lat="37.4129661" lon="-121.9949224"><ele>40</ele><time>2026-09-07T17:21:45.235971Z</time></trkpt>
  <trkpt lat="37.4129751" lon="-121.9949278"><ele>40</ele><time>2026-09-07T17:21:45.336394Z</time></trkpt>
  <trkpt lat="37.4129844" lon="-121.9949338"><ele>39</ele><time>2026-09-07T17:21:45.436509Z</time></trkpt>
  <trkpt lat="37.4129938" lon="-121.9949403"><ele>39</ele><time>2026-09-07T17:21:45.537006Z</time></trkpt>
  <trkpt lat="37.4130030" lon="-121.9949467"><ele>38</ele><time>2026-09-07T17:21:45.637408Z</time></trkpt>
  <trkpt lat="37.4130121" lon="-121.9949535"><ele>38</ele><time>2026-09-07T17:21:45.738003Z</time></trkpt>
  <trkpt lat="37.4130121" lon="-121.9949535"><ele>38</ele><time>2026-09-07T17:21:45.826870Z</time></trkpt>
  <trkpt lat="37.4130215" lon="-121.9949608"><ele>37</ele><time>2026-09-07T17:21:45.838076Z</time></trkpt>
  <trkpt lat="37.4130312" lon="-121.9949685"><ele>36</ele><time>2026-09-07T17:21:45.938280Z</time></trkpt>
  <trkpt lat="37.4130413" lon="-121.9949775"><ele>36</ele><time>2026-09-07T17:21:46.039217Z</time></trkpt>
  <trkpt lat="37.4130506" lon="-121.9949886"><ele>36</ele><time>2026-09-07T17:21:46.139288Z</time></trkpt>
  <trkpt lat="37.4130594" lon="-121.9950012"><ele>35</ele><time>2026-09-07T17:21:46.239896Z</time></trkpt>
  <trkpt lat="37.4130680" lon="-121.9950146"><ele>35</ele><time>2026-09-07T17:21:46.340483Z</time></trkpt>
  <trkpt lat="37.4130757" lon="-121.9950285"><ele>35</ele><time>2026-09-07T17:21:46.441578Z</time></trkpt>
  <trkpt lat="37.4130823" lon="-121.9950439"><ele>35</ele><time>2026-09-07T17:21:46.541945Z</time></trkpt>
  <trkpt lat="37.4130873" lon="-121.9950604"><ele>35</ele><time>2026-09-07T17:21:46.642605Z</time></trkpt>
  <trkpt lat="37.4130904" lon="-121.9950771"><ele>36</ele><time>2026-09-07T17:21:46.742669Z</time></trkpt>
  <trkpt lat="37.4130919" lon="-121.9950936"><ele>36</ele><time>2026-09-07T17:21:46.843181Z</time></trkpt>
  <trkpt lat="37.4130926" lon="-121.9951098"><ele>37</ele><time>2026-09-07T17:21:46.943997Z</time></trkpt>
  <trkpt lat="37.4130922" lon="-121.9951256"><ele>38</ele><time>2026-09-07T17:21:47.044258Z</time></trkpt>
  <trkpt lat="37.4130912" lon="-121.9951413"><ele>39</ele><time>2026-09-07T17:21:47.145370Z</time></trkpt>
  <trkpt lat="37.4130900" lon="-121.9951570"><ele>39</ele><time>2026-09-07T17:21:47.246170Z</time></trkpt>
  <trkpt lat="37.4130892" lon="-121.9951731"><ele>40</ele><time>2026-09-07T17:21:47.326611Z</time></trkpt>
  <trkpt lat="37.4130887" lon="-121.9951895"><ele>40</ele><time>2026-09-07T17:21:47.427629Z</time></trkpt>
  <trkpt lat="37.4130879" lon="-121.9952062"><ele>41</ele><time>2026-09-07T17:21:47.528022Z</time></trkpt>
  <trkpt lat="37.4130865" lon="-121.9952232"><ele>41</ele><time>2026-09-07T17:21:47.628906Z</time></trkpt>
  <trkpt lat="37.4130849" lon="-121.9952407"><ele>41</ele><time>2026-09-07T17:21:47.729769Z</time></trkpt>
  <trkpt lat="37.4130831" lon="-121.9952585"><ele>41</ele><time>2026-09-07T17:21:47.830106Z</time></trkpt>
  <trkpt lat="37.4130820" lon="-121.9952770"><ele>41</ele><time>2026-09-07T17:21:47.930591Z</time></trkpt>
  <trkpt lat="37.4130820" lon="-121.9952770"><ele>41</ele><time>2026-09-07T17:21:47.981178Z</time></trkpt>
  <trkpt lat="37.4130809" lon="-121.9952955"><ele>41</ele><time>2026-09-07T17:21:48.030692Z</time></trkpt>
  <trkpt lat="37.4130800" lon="-121.9953139"><ele>41</ele><time>2026-09-07T17:21:48.131161Z</time></trkpt>
  <trkpt lat="37.4130801" lon="-121.9953319"><ele>42</ele><time>2026-09-07T17:21:48.231540Z</time></trkpt>
  <trkpt lat="37.4130813" lon="-121.9953488"><ele>42</ele><time>2026-09-07T17:21:48.332210Z</time></trkpt>
  <trkpt lat="37.4130833" lon="-121.9953650"><ele>43</ele><time>2026-09-07T17:21:48.432868Z</time></trkpt>
  <trkpt lat="37.4130858" lon="-121.9953814"><ele>43</ele><time>2026-09-07T17:21:48.533004Z</time></trkpt>
  <trkpt lat="37.4130878" lon="-121.9953974"><ele>44</ele><time>2026-09-07T17:21:48.634345Z</time></trkpt>
  <trkpt lat="37.4130901" lon="-121.9954123"><ele>44</ele><time>2026-09-07T17:21:48.735207Z</time></trkpt>
  <trkpt lat="37.4130927" lon="-121.9954268"><ele>45</ele><time>2026-09-07T17:21:48.835529Z</time></trkpt>
  <trkpt lat="37.4130957" lon="-121.9954412"><ele>46</ele><time>2026-09-07T17:21:48.936352Z</time></trkpt>
  <trkpt lat="37.4130985" lon="-121.9954557"><ele>46</ele><time>2026-09-07T17:21:49.036928Z</time></trkpt>
  <trkpt lat="37.4131014" lon="-121.9954702"><ele>47</ele><time>2026-09-07T17:21:49.137111Z</time></trkpt>
  <trkpt lat="37.4131038" lon="-121.9954848"><ele>48</ele><time>2026-09-07T17:21:49.238413Z</time></trkpt>
  <trkpt lat="37.4131063" lon="-121.9954994"><ele>48</ele><time>2026-09-07T17:21:49.338925Z</time></trkpt>
  <trkpt lat="37.4131096" lon="-121.9955140"><ele>49</ele><time>2026-09-07T17:21:49.439535Z</time></trkpt>
  <trkpt lat="37.4131134" lon="-121.9955280"><ele>49</ele><time>2026-09-07T17:21:49.540241Z</time></trkpt>
  <trkpt lat="37.4131177" lon="-121.9955424"><ele>49</ele><time>2026-09-07T17:21:49.641437Z</time></trkpt>
  <trkpt lat="37.4131220" lon="-121.9955571"><ele>50</ele><time>2026-09-07T17:21:49.741084Z</time></trkpt>
  <trkpt lat="37.4131260" lon="-121.9955719"><ele>50</ele><time>2026-09-07T17:21:49.841603Z</time></trkpt>
  <trkpt lat="37.4131299" lon="-121.9955873"><ele>50</ele><time>2026-09-07T17:21:49.942403Z</time></trkpt>
  <trkpt lat="37.4131332" lon="-121.9956031"><ele>50</ele><time>2026-09-07T17:21:50.043105Z</time></trkpt>
  <trkpt lat="37.4131360" lon="-121.9956195"><ele>49</ele><time>2026-09-07T17:21:50.123744Z</time></trkpt>
  <trkpt lat="37.4131360" lon="-121.9956195"><ele>49</ele><time>2026-09-07T17:21:50.133800Z</time></trkpt>
  <trkpt lat="37.4131385" lon="-121.9956360"><ele>49</ele><time>2026-09-07T17:21:50.224481Z</time></trkpt>
  <trkpt lat="37.4131409" lon="-121.9956524"><ele>48</ele><time>2026-09-07T17:21:50.325198Z</time></trkpt>
  <trkpt lat="37.4131437" lon="-121.9956689"><ele>48</ele><time>2026-09-07T17:21:50.425604Z</time></trkpt>
  <trkpt lat="37.4131471" lon="-121.9956860"><ele>47</ele><time>2026-09-07T17:21:50.526440Z</time></trkpt>
  <trkpt lat="37.4131513" lon="-121.9957038"><ele>47</ele><time>2026-09-07T17:21:50.627196Z</time></trkpt>
  <trkpt lat="37.4131569" lon="-121.9957215"><ele>47</ele><time>2026-09-07T17:21:50.727353Z</time></trkpt>
  <trkpt lat="37.4131637" lon="-121.9957388"><ele>47</ele><time>2026-09-07T17:21:50.828520Z</time></trkpt>
  <trkpt lat="37.4131708" lon="-121.9957549"><ele>48</ele><time>2026-09-07T17:21:50.929023Z</time></trkpt>
  <trkpt lat="37.4131782" lon="-121.9957697"><ele>48</ele><time>2026-09-07T17:21:51.029528Z</time></trkpt>
  <trkpt lat="37.4131865" lon="-121.9957839"><ele>49</ele><time>2026-09-07T17:21:51.130844Z</time></trkpt>
  <trkpt lat="37.4131959" lon="-121.9957971"><ele>49</ele><time>2026-09-07T17:21:51.231900Z</time></trkpt>
  <trkpt lat="37.4132055" lon="-121.9958080"><ele>50</ele><time>2026-09-07T17:21:51.332575Z</time></trkpt>
  <trkpt lat="37.4132165" lon="-121.9958159"><ele>50</ele><time>2026-09-07T17:21:51.432677Z</time></trkpt>
  <trkpt lat="37.4132280" lon="-121.9958213"><ele>51</ele><time>2026-09-07T17:21:51.533544Z</time></trkpt>
  <trkpt lat="37.4132388" lon="-121.9958234"><ele>51</ele><time>2026-09-07T17:21:51.633854Z</time></trkpt>
  <trkpt lat="37.4132497" lon="-121.9958228"><ele>52</ele><time>2026-09-07T17:21:51.733836Z</time></trkpt>
  <trkpt lat="37.4132591" lon="-121.9958197"><ele>53</ele><time>2026-09-07T17:21:51.833837Z</time></trkpt>
  <trkpt lat="37.4132679" lon="-121.9958136"><ele>54</ele><time>2026-09-07T17:21:51.934529Z</time></trkpt>
  <trkpt lat="37.4132747" lon="-121.9958052"><ele>54</ele><time>2026-09-07T17:21:52.035710Z</time></trkpt>
  <trkpt lat="37.4132799" lon="-121.9957941"><ele>55</ele><time>2026-09-07T17:21:52.136110Z</time></trkpt>
  <trkpt lat="37.4132827" lon="-121.9957805"><ele>55</ele><time>2026-09-07T17:21:52.236690Z</time></trkpt>
  <trkpt lat="37.4132827" lon="-121.9957805"><ele>55</ele><time>2026-09-07T17:21:52.296405Z</time></trkpt>
  <trkpt lat="37.4132835" lon="-121.9957657"><ele>56</ele><time>2026-09-07T17:21:52.337299Z</time></trkpt>
  <trkpt lat="37.4132824" lon="-121.9957506"><ele>56</ele><time>2026-09-07T17:21:52.437604Z</time></trkpt>
  <trkpt lat="37.4132803" lon="-121.9957358"><ele>56</ele><time>2026-09-07T17:21:52.538043Z</time></trkpt>
  <trkpt lat="37.4132754" lon="-121.9957209"><ele>56</ele><time>2026-09-07T17:21:52.639219Z</time></trkpt>
  <trkpt lat="37.4132684" lon="-121.9957069"><ele>56</ele><time>2026-09-07T17:21:52.740528Z</time></trkpt>
  <trkpt lat="37.4132589" lon="-121.9956946"><ele>56</ele><time>2026-09-07T17:21:52.840657Z</time></trkpt>
  <trkpt lat="37.4132476" lon="-121.9956842"><ele>56</ele><time>2026-09-07T17:21:52.920699Z</time></trkpt>
  <trkpt lat="37.4132354" lon="-121.9956754"><ele>56</ele><time>2026-09-07T17:21:53.022200Z</time></trkpt>
  <trkpt lat="37.4132224" lon="-121.9956671"><ele>55</ele><time>2026-09-07T17:21:53.122370Z</time></trkpt>
  <trkpt lat="37.4132091" lon="-121.9956591"><ele>55</ele><time>2026-09-07T17:21:53.222948Z</time></trkpt>
  <trkpt lat="37.4131948" lon="-121.9956509"><ele>55</ele><time>2026-09-07T17:21:53.323439Z</time></trkpt>
  <trkpt lat="37.4131809" lon="-121.9956420"><ele>55</ele><time>2026-09-07T17:21:53.423851Z</time></trkpt>
  <trkpt lat="37.4131669" lon="-121.9956329"><ele>54</ele><time>2026-09-07T17:21:53.524544Z</time></trkpt>
  <trkpt lat="37.4131526" lon="-121.9956241"><ele>54</ele><time>2026-09-07T17:21:53.624587Z</time></trkpt>
  <trkpt lat="37.4131383" lon="-121.9956154"><ele>53</ele><time>2026-09-07T17:21:53.725119Z</time></trkpt>
  <trkpt lat="37.4131237" lon="-121.9956073"><ele>52</ele><time>2026-09-07T17:21:53.825879Z</time></trkpt>
  <trkpt lat="37.4131092" lon="-121.9955989"><ele>52</ele><time>2026-09-07T17:21:53.926548Z</time></trkpt>
  <trkpt lat="37.4130947" lon="-121.9955896"><ele>51</ele><time>2026-09-07T17:21:54.028050Z</time></trkpt>
  <trkpt lat="37.4130806" lon="-121.9955792"><ele>50</ele><time>2026-09-07T17:21:54.129054Z</time></trkpt>
  <trkpt lat="37.4130668" lon="-121.9955671"><ele>49</ele><time>2026-09-07T17:21:54.228937Z</time></trkpt>
  <trkpt lat="37.4130545" lon="-121.9955520"><ele>49</ele><time>2026-09-07T17:21:54.329719Z</time></trkpt>
  <trkpt lat="37.4130453" lon="-121.9955336"><ele>48</ele><time>2026-09-07T17:21:54.430103Z</time></trkpt>
  <trkpt lat="37.4130453" lon="-121.9955336"><ele>48</ele><time>2026-09-07T17:21:54.458477Z</time></trkpt>
  <trkpt lat="37.4130388" lon="-121.9955129"><ele>48</ele><time>2026-09-07T17:21:54.531710Z</time></trkpt>
  <trkpt lat="37.4130341" lon="-121.9954912"><ele>48</ele><time>2026-09-07T17:21:54.631952Z</time></trkpt>
  <trkpt lat="37.4130323" lon="-121.9954695"><ele>48</ele><time>2026-09-07T17:21:54.732590Z</time></trkpt>
  <trkpt lat="37.4130332" lon="-121.9954484"><ele>49</ele><time>2026-09-07T17:21:54.833775Z</time></trkpt>
  <trkpt lat="37.4130353" lon="-121.9954274"><ele>49</ele><time>2026-09-07T17:21:54.934507Z</time></trkpt>
  <trkpt lat="37.4130368" lon="-121.9954064"><ele>49</ele><time>2026-09-07T17:21:55.034702Z</time></trkpt>
  <trkpt lat="37.4130381" lon="-121.9953855"><ele>49</ele><time>2026-09-07T17:21:55.135250Z</time></trkpt>
  <trkpt lat="37.4130394" lon="-121.9953648"><ele>49</ele><time>2026-09-07T17:21:55.235492Z</time></trkpt>
  <trkpt lat="37.4130406" lon="-121.9953442"><ele>48</ele><time>2026-09-07T17:21:55.336043Z</time></trkpt>
  <trkpt lat="37.4130421" lon="-121.9953236"><ele>48</ele><time>2026-09-07T17:21:55.436387Z</time></trkpt>
  <trkpt lat="37.4130437" lon="-121.9953032"><ele>47</ele><time>2026-09-07T17:21:55.516966Z</time></trkpt>
  <trkpt lat="37.4130450" lon="-121.9952828"><ele>47</ele><time>2026-09-07T17:21:55.617198Z</time></trkpt>
  <trkpt lat="37.4130458" lon="-121.9952618"><ele>46</ele><time>2026-09-07T17:21:55.718051Z</time></trkpt>
  <trkpt lat="37.4130456" lon="-121.9952398"><ele>46</ele><time>2026-09-07T17:21:55.818770Z</time></trkpt>
  <trkpt lat="37.4130449" lon="-121.9952170"><ele>46</ele><time>2026-09-07T17:21:55.919290Z</time></trkpt>
  <trkpt lat="37.4130437" lon="-121.9951942"><ele>46</ele><time>2026-09-07T17:21:56.020304Z</time></trkpt>
  <trkpt lat="37.4130421" lon="-121.9951715"><ele>46</ele><time>2026-09-07T17:21:56.120904Z</time></trkpt>
  <trkpt lat="37.4130405" lon="-121.9951491"><ele>46</ele><time>2026-09-07T17:21:56.221728Z</time></trkpt>
  <trkpt lat="37.4130386" lon="-121.9951273"><ele>47</ele><time>2026-09-07T17:21:56.322161Z</time></trkpt>
  <trkpt lat="37.4130365" lon="-121.9951059"><ele>47</ele><time>2026-09-07T17:21:56.423151Z</time></trkpt>
  <trkpt lat="37.4130341" lon="-121.9950846"><ele>48</ele><time>2026-09-07T17:21:56.523451Z</time></trkpt>
  <trkpt lat="37.4130341" lon="-121.9950846"><ele>48</ele><time>2026-09-07T17:21:56.613303Z</time></trkpt>
  <trkpt lat="37.4130317" lon="-121.9950630"><ele>48</ele><time>2026-09-07T17:21:56.623689Z</time></trkpt>
  <trkpt lat="37.4130291" lon="-121.9950411"><ele>48</ele><time>2026-09-07T17:21:56.723919Z</time></trkpt>
  <trkpt lat="37.4130261" lon="-121.9950193"><ele>48</ele><time>2026-09-07T17:21:56.824556Z</time></trkpt>
  <trkpt lat="37.4130226" lon="-121.9949976"><ele>48</ele><time>2026-09-07T17:21:56.925673Z</time></trkpt>
  <trkpt lat="37.4130190" lon="-121.9949760"><ele>48</ele><time>2026-09-07T17:21:57.025616Z</time></trkpt>
  <trkpt lat="37.4130156" lon="-121.9949542"><ele>48</ele><time>2026-09-07T17:21:57.126140Z</time></trkpt>
  <trkpt lat="37.4130133" lon="-121.9949319"><ele>47</ele><time>2026-09-07T17:21:57.226738Z</time></trkpt>
  <trkpt lat="37.4130120" lon="-121.9949095"><ele>47</ele><time>2026-09-07T17:21:57.327002Z</time></trkpt>
  <trkpt lat="37.4130112" lon="-121.9948870"><ele>47</ele><time>2026-09-07T17:21:57.427728Z</time></trkpt>
  <trkpt lat="37.4130105" lon="-121.9948642"><ele>47</ele><time>2026-09-07T17:21:57.528078Z</time></trkpt>
  <trkpt lat="37.4130098" lon="-121.9948414"><ele>47</ele><time>2026-09-07T17:21:57.629391Z</time></trkpt>
  <trkpt lat="37.4130089" lon="-121.9948186"><ele>46</ele><time>2026-09-07T17:21:57.729996Z</time></trkpt>
  <trkpt lat="37.4130080" lon="-121.9947957"><ele>46</ele><time>2026-09-07T17:21:57.830613Z</time></trkpt>
  <trkpt lat="37.4130070" lon="-121.9947729"><ele>45</ele><time>2026-09-07T17:21:57.930856Z</time></trkpt>
  <trkpt lat="37.4130058" lon="-121.9947501"><ele>45</ele><time>2026-09-07T17:21:58.031873Z</time></trkpt>
  <trkpt lat="37.4130045" lon="-121.9947275"><ele>44</ele><time>2026-09-07T17:21:58.132640Z</time></trkpt>
  <trkpt lat="37.4130031" lon="-121.9947049"><ele>43</ele><time>2026-09-07T17:21:58.233521Z</time></trkpt>
  <trkpt lat="37.4130022" lon="-121.9946822"><ele>43</ele><time>2026-09-07T17:21:58.333728Z</time></trkpt>
  <trkpt lat="37.4130024" lon="-121.9946591"><ele>43</ele><time>2026-09-07T17:21:58.414677Z</time></trkpt>
  <trkpt lat="37.4130038" lon="-121.9946367"><ele>43</ele><time>2026-09-07T17:21:58.515920Z</time></trkpt>
  <trkpt lat="37.4130064" lon="-121.9946154"><ele>44</ele><time>2026-09-07T17:21:58.617128Z</time></trkpt>
  <trkpt lat="37.4130094" lon="-121.9945960"><ele>44</ele><time>2026-09-07T17:21:58.718189Z</time></trkpt>
  <trkpt lat="37.4130094" lon="-121.9945960"><ele>44</ele><time>2026-09-07T17:21:58.768142Z</time></trkpt>
  <trkpt lat="37.4130134" lon="-121.9945781"><ele>45</ele><time>2026-09-07T17:21:58.819342Z</time></trkpt>
  <trkpt lat="37.4130169" lon="-121.9945628"><ele>46</ele><time>2026-09-07T17:21:58.919752Z</time></trkpt>
  <trkpt lat="37.4130201" lon="-121.9945489"><ele>47</ele><time>2026-09-07T17:21:59.020479Z</time></trkpt>
  <trkpt lat="37.4130231" lon="-121.9945357"><ele>48</ele><time>2026-09-07T17:21:59.121251Z</time></trkpt>
  <trkpt lat="37.4130260" lon="-121.9945229"><ele>49</ele><time>2026-09-07T17:21:59.222755Z</time></trkpt>
  <trkpt lat="37.4130288" lon="-121.9945094"><ele>50</ele><time>2026-09-07T17:21:59.323453Z</time></trkpt>
  <trkpt lat="37.4130318" lon="-121.9944953"><ele>51</ele><time>2026-09-07T17:21:59.424126Z</time></trkpt>
  <trkpt lat="37.4130347" lon="-121.9944807"><ele>51</ele><time>2026-09-07T17:21:59.524519Z</time></trkpt>
  <trkpt lat="37.4130376" lon="-121.9944662"><ele>52</ele><time>2026-09-07T17:21:59.625122Z</time></trkpt>
  <trkpt lat="37.4130412" lon="-121.9944514"><ele>53</ele><time>2026-09-07T17:21:59.726246Z</time></trkpt>
  <trkpt lat="37.4130453" lon="-121.9944367"><ele>53</ele><time>2026-09-07T17:21:59.826755Z</time></trkpt>
  <trkpt lat="37.4130501" lon="-121.9944233"><ele>54</ele><time>2026-09-07T17:21:59.927393Z</time></trkpt>
  <trkpt lat="37.4130549" lon="-121.9944098"><ele>54</ele><time>2026-09-07T17:22:00.027924Z</time></trkpt>
  <trkpt lat="37.4130590" lon="-121.9943958"><ele>54</ele><time>2026-09-07T17:22:00.128139Z</time></trkpt>
  <trkpt lat="37.4130637" lon="-121.9943810"><ele>55</ele><time>2026-09-07T17:22:00.228755Z</time></trkpt>
  <trkpt lat="37.4130688" lon="-121.9943665"><ele>55</ele><time>2026-09-07T17:22:00.329157Z</time></trkpt>
  <trkpt lat="37.4130746" lon="-121.9943517"><ele>54</ele><time>2026-09-07T17:22:00.429719Z</time></trkpt>
  <trkpt lat="37.4130804" lon="-121.9943363"><ele>54</ele><time>2026-09-07T17:22:00.530450Z</time></trkpt>
  <trkpt lat="37.4130859" lon="-121.9943204"><ele>54</ele><time>2026-09-07T17:22:00.630866Z</time></trkpt>
  <trkpt lat="37.4130915" lon="-121.9943043"><ele>53</ele><time>2026-09-07T17:22:00.731025Z</time></trkpt>
  <trkpt lat="37.4130974" lon="-121.9942895"><ele>54</ele><time>2026-09-07T17:22:00.831920Z</time></trkpt>
  <trkpt lat="37.4131045" lon="-121.9942760"><ele>54</ele><time>2026-09-07T17:22:00.912619Z</time></trkpt>
  <trkpt lat="37.4131045" lon="-121.9942760"><ele>54</ele><time>2026-09-07T17:22:00.913656Z</time></trkpt>
  <trkpt lat="37.4131120" lon="-121.9942629"><ele>54</ele><time>2026-09-07T17:22:01.013328Z</time></trkpt>
  <trkpt lat="37.4131200" lon="-121.9942497"><ele>55</ele><time>2026-09-07T17:22:01.113395Z</time></trkpt>
  <trkpt lat="37.4131282" lon="-121.9942368"><ele>55</ele><time>2026-09-07T17:22:01.213802Z</time></trkpt>
  <trkpt lat="37.4131369" lon="-121.9942247"><ele>56</ele><time>2026-09-07T17:22:01.314365Z</time></trkpt>
  <trkpt lat="37.4131460" lon="-121.9942131"><ele>56</ele><time>2026-09-07T17:22:01.415220Z</time></trkpt>
  <trkpt lat="37.4131552" lon="-121.9942017"><ele>57</ele><time>2026-09-07T17:22:01.515968Z</time></trkpt>
  <trkpt lat="37.4131645" lon="-121.9941902"><ele>57</ele><time>2026-09-07T17:22:01.616413Z</time></trkpt>
  <trkpt lat="37.4131743" lon="-121.9941792"><ele>57</ele><time>2026-09-07T17:22:01.716953Z</time></trkpt>
  <trkpt lat="37.4131842" lon="-121.9941687"><ele>57</ele><time>2026-09-07T17:22:01.817377Z</time></trkpt>
  <trkpt lat="37.4131934" lon="-121.9941585"><ele>58</ele><time>2026-09-07T17:22:01.917826Z</time></trkpt>
  <trkpt lat="37.4132029" lon="-121.9941478"><ele>58</ele><time>2026-09-07T17:22:02.018962Z</time></trkpt>
  <trkpt lat="37.4132123" lon="-121.9941371"><ele>58</ele><time>2026-09-07T17:22:02.119800Z</time></trkpt>
  <trkpt lat="37.4132220" lon="-121.9941271"><ele>58</ele><time>2026-09-07T17:22:02.220263Z</time></trkpt>
  <trkpt lat="37.4132321" lon="-121.9941172"><ele>58</ele><time>2026-09-07T17:22:02.321209Z</time></trkpt>
  <trkpt lat="37.4132425" lon="-121.9941075"><ele>58</ele><time>2026-09-07T17:22:02.421467Z</time></trkpt>
  <trkpt lat="37.4132521" lon="-121.9940986"><ele>58</ele><time>2026-09-07T17:22:02.523553Z</time></trkpt>
  <trkpt lat="37.4132617" lon="-121.9940890"><ele>58</ele><time>2026-09-07T17:22:02.624078Z</time></trkpt>
  <trkpt lat="37.4132710" lon="-121.9940786"><ele>58</ele><time>2026-09-07T17:22:02.724211Z</time></trkpt>
  <trkpt lat="37.4132815" lon="-121.9940675"><ele>58</ele><time>2026-09-07T17:22:02.825019Z</time></trkpt>
  <trkpt lat="37.4132938" lon="-121.9940566"><ele>58</ele><time>2026-09-07T17:22:02.925889Z</time></trkpt>
  <trkpt lat="37.4133075" lon="-121.9940469"><ele>57</ele><time>2026-09-07T17:22:03.025834Z</time></trkpt>
  <trkpt lat="37.4133075" lon="-121.9940469"><ele>57</ele><time>2026-09-07T17:22:03.069589Z</time></trkpt>
  <trkpt lat="37.4133211" lon="-121.9940395"><ele>58</ele><time>2026-09-07T17:22:03.125987Z</time></trkpt>
  <trkpt lat="37.4133349" lon="-121.9940350"><ele>58</ele><time>2026-09-07T17:22:03.227400Z</time></trkpt>
  <trkpt lat="37.4133481" lon="-121.9940337"><ele>59</ele><time>2026-09-07T17:22:03.327786Z</time></trkpt>
  <trkpt lat="37.4133606" lon="-121.9940355"><ele>60</ele><time>2026-09-07T17:22:03.428401Z</time></trkpt>
  <trkpt lat="37.4133721" lon="-121.9940399"><ele>60</ele><time>2026-09-07T17:22:03.509459Z</time></trkpt>
  <trkpt lat="37.4133822" lon="-121.9940471"><ele>61</ele><time>2026-09-07T17:22:03.629708Z</time></trkpt>
  <trkpt lat="37.4133901" lon="-121.9940564"><ele>62</ele><time>2026-09-07T17:22:03.709933Z</time></trkpt>
  <trkpt lat="37.4133962" lon="-121.9940675"><ele>63</ele><time>2026-09-07T17:22:03.810643Z</time></trkpt>
  <trkpt lat="37.4134007" lon="-121.9940804"><ele>63</ele><time>2026-09-07T17:22:03.911215Z</time></trkpt>
  <trkpt lat="37.4134029" lon="-121.9940942"><ele>64</ele><time>2026-09-07T17:22:04.011762Z</time></trkpt>
  <trkpt lat="37.4134031" lon="-121.9941088"><ele>64</ele><time>2026-09-07T17:22:04.112395Z</time></trkpt>
  <trkpt lat="37.4134012" lon="-121.9941239"><ele>64</ele><time>2026-09-07T17:22:04.213564Z</time></trkpt>
  <trkpt lat="37.4133974" lon="-121.9941393"><ele>64</ele><time>2026-09-07T17:22:04.313557Z</time></trkpt>
  <trkpt lat="37.4133919" lon="-121.9941540"><ele>64</ele><time>2026-09-07T17:22:04.414197Z</time></trkpt>
  <trkpt lat="37.4133847" lon="-121.9941676"><ele>64</ele><time>2026-09-07T17:22:04.515599Z</time></trkpt>
  <trkpt lat="37.4133753" lon="-121.9941803"><ele>63</ele><time>2026-09-07T17:22:04.616050Z</time></trkpt>
  <trkpt lat="37.4133649" lon="-121.9941925"><ele>63</ele><time>2026-09-07T17:22:04.716347Z</time></trkpt>
  <trkpt lat="37.4133536" lon="-121.9942047"><ele>62</ele><time>2026-09-07T17:22:04.816914Z</time></trkpt>
  <trkpt lat="37.4133421" lon="-121.9942170"><ele>62</ele><time>2026-09-07T17:22:04.917599Z</time></trkpt>
  <trkpt lat="37.4133300" lon="-121.9942295"><ele>61</ele><time>2026-09-07T17:22:05.018402Z</time></trkpt>
  <trkpt lat="37.4133174" lon="-121.9942425"><ele>60</ele><time>2026-09-07T17:22:05.119223Z</time></trkpt>
  <trkpt lat="37.4133045" lon="-121.9942560"><ele>60</ele><time>2026-09-07T17:22:05.219480Z</time></trkpt>
  <trkpt lat="37.4133045" lon="-121.9942560"><ele>60</ele><time>2026-09-07T17:22:05.238134Z</time></trkpt>
  <trkpt lat="37.4132913" lon="-121.9942703"><ele>59</ele><time>2026-09-07T17:22:05.319886Z</time></trkpt>
  <trkpt lat="37.4132781" lon="-121.9942856"><ele>59</ele><time>2026-09-07T17:22:05.420293Z</time></trkpt>
  <trkpt lat="37.4132654" lon="-121.9943017"><ele>60</ele><time>2026-09-07T17:22:05.520773Z</time></trkpt>
  <trkpt lat="37.4132534" lon="-121.9943184"><ele>60</ele><time>2026-09-07T17:22:05.622017Z</time></trkpt>
  <trkpt lat="37.4132424" lon="-121.9943351"><ele>61</ele><time>2026-09-07T17:22:05.722749Z</time></trkpt>
  <trkpt lat="37.4132324" lon="-121.9943510"><ele>62</ele><time>2026-09-07T17:22:05.823465Z</time></trkpt>
  <trkpt lat="37.4132239" lon="-121.9943662"><ele>63</ele><time>2026-09-07T17:22:05.924353Z</time></trkpt>
  <trkpt lat="37.4132157" lon="-121.9943815"><ele>64</ele><time>2026-09-07T17:22:06.025261Z</time></trkpt>
  <trkpt lat="37.4132073" lon="-121.9943970"><ele>65</ele><time>2026-09-07T17:22:06.125848Z</time></trkpt>
  <trkpt lat="37.4131987" lon="-121.9944130"><ele>65</ele><time>2026-09-07T17:22:06.206387Z</time></trkpt>
  <trkpt lat="37.4131897" lon="-121.9944295"><ele>66</ele><time>2026-09-07T17:22:06.307168Z</time></trkpt>
  <trkpt lat="37.4131810" lon="-121.9944471"><ele>66</ele><time>2026-09-07T17:22:06.408499Z</time></trkpt>
  <trkpt lat="37.4131721" lon="-121.9944649"><ele>66</ele><time>2026-09-07T17:22:06.509181Z</time></trkpt>
  <trkpt lat="37.4131633" lon="-121.9944830"><ele>66</ele><time>2026-09-07T17:22:06.609363Z</time></trkpt>
  <trkpt lat="37.4131546" lon="-121.9945016"><ele>66</ele><time>2026-09-07T17:22:06.710378Z</time></trkpt>
  <trkpt lat="37.4131458" lon="-121.9945206"><ele>66</ele><time>2026-09-07T17:22:06.811765Z</time></trkpt>
  <trkpt lat="37.4131370" lon="-121.9945398"><ele>65</ele><time>2026-09-07T17:22:06.912471Z</time></trkpt>
  <trkpt lat="37.4131283" lon="-121.9945592"><ele>65</ele><time>2026-09-07T17:22:07.013751Z</time></trkpt>
  <trkpt lat="37.4131195" lon="-121.9945783"><ele>64</ele><time>2026-09-07T17:22:07.113909Z</time></trkpt>
  <trkpt lat="37.4131106" lon="-121.9945969"><ele>63</ele><time>2026-09-07T17:22:07.214321Z</time></trkpt>
  <trkpt lat="37.4131014" lon="-121.9946155"><ele>63</ele><time>2026-09-07T17:22:07.314872Z</time></trkpt>
  <trkpt lat="37.4131014" lon="-121.9946155"><ele>63</ele><time>2026-09-07T17:22:07.392928Z</time></trkpt>
  <trkpt lat="37.4130927" lon="-121.9946347"><ele>62</ele><time>2026-09-07T17:22:07.415588Z</time></trkpt>
  <trkpt lat="37.4130844" lon="-121.9946549"><ele>61</ele><time>2026-09-07T17:22:07.516604Z</time></trkpt>
  <trkpt lat="37.4130768" lon="-121.9946765"><ele>60</ele><time>2026-09-07T17:22:07.617321Z</time></trkpt>
  <trkpt lat="37.4130702" lon="-121.9946993"><ele>60</ele><time>2026-09-07T17:22:07.717759Z</time></trkpt>
  <trkpt lat="37.4130646" lon="-121.9947230"><ele>59</ele><time>2026-09-07T17:22:07.819084Z</time></trkpt>
  <trkpt lat="37.4130603" lon="-121.9947470"><ele>59</ele><time>2026-09-07T17:22:07.919785Z</time></trkpt>
  <trkpt lat="37.4130568" lon="-121.9947709"><ele>59</ele><time>2026-09-07T17:22:08.020285Z</time></trkpt>
  <trkpt lat="37.4130534" lon="-121.9947949"><ele>59</ele><time>2026-09-07T17:22:08.120783Z</time></trkpt>
  <trkpt lat="37.4130499" lon="-121.9948186"><ele>59</ele><time>2026-09-07T17:22:08.221377Z</time></trkpt>
  <trkpt lat="37.4130464" lon="-121.9948424"><ele>58</ele><time>2026-09-07T17:22:08.322455Z</time></trkpt>
  <trkpt lat="37.4130431" lon="-121.9948662"><ele>58</ele><time>2026-09-07T17:22:08.403330Z</time></trkpt>
  <trkpt lat="37.4130395" lon="-121.9948902"><ele>58</ele><time>2026-09-07T17:22:08.523589Z</time></trkpt>
  <trkpt lat="37.4130357" lon="-121.9949143"><ele>58</ele><time>2026-09-07T17:22:08.603918Z</time></trkpt>
  <trkpt lat="37.4130314" lon="-121.9949375"><ele>59</ele><time>2026-09-07T17:22:08.704297Z</time></trkpt>
  <trkpt lat="37.4130281" lon="-121.9949600"><ele>59</ele><time>2026-09-07T17:22:08.804469Z</time></trkpt>
  <trkpt lat="37.4130248" lon="-121.9949819"><ele>60</ele><time>2026-09-07T17:22:08.905212Z</time></trkpt>
  <trkpt lat="37.4130214" lon="-121.9950035"><ele>60</ele><time>2026-09-07T17:22:09.005794Z</time></trkpt>
  <trkpt lat="37.4130183" lon="-121.9950252"><ele>60</ele><time>2026-09-07T17:22:09.106195Z</time></trkpt>
  <trkpt lat="37.4130151" lon="-121.9950472"><ele>61</ele><time>2026-09-07T17:22:09.206743Z</time></trkpt>
  <trkpt lat="37.4130126" lon="-121.9950697"><ele>61</ele><time>2026-09-07T17:22:09.307642Z</time></trkpt>
  <trkpt lat="37.4130104" lon="-121.9950924"><ele>61</ele><time>2026-09-07T17:22:09.408105Z</time></trkpt>
  <trkpt lat="37.4130078" lon="-121.9951152"><ele>60</ele><time>2026-09-07T17:22:09.508278Z</time></trkpt>
  <trkpt lat="37.4130078" lon="-121.9951152"><ele>60</ele><time>2026-09-07T17:22:09.543886Z</time></trkpt>
  <trkpt lat="37.4130050" lon="-121.9951383"><ele>60</ele><time>2026-09-07T17:22:09.608862Z</time></trkpt>
  <trkpt lat="37.4130022" lon="-121.9951615"><ele>60</ele><time>2026-09-07T17:22:09.709317Z</time></trkpt>
  <trkpt lat="37.4129989" lon="-121.9951851"><ele>60</ele><time>2026-09-07T17:22:09.810124Z</time></trkpt>
  <trkpt lat="37.4129941" lon="-121.9952087"><ele>60</ele><time>2026-09-07T17:22:09.910672Z</time></trkpt>
  <trkpt lat="37.4129882" lon="-121.9952316"><ele>60</ele><time>2026-09-07T17:22:10.011647Z</time></trkpt>
  <trkpt lat="37.4129812" lon="-121.9952540"><ele>61</ele><time>2026-09-07T17:22:10.111803Z</time></trkpt>
  <trkpt lat="37.4129745" lon="-121.9952761"><ele>62</ele><time>2026-09-07T17:22:10.212701Z</time></trkpt>
  <trkpt lat="37.4129684" lon="-121.9952985"><ele>63</ele><time>2026-09-07T17:22:10.313183Z</time></trkpt>
  <trkpt lat="37.4129625" lon="-121.9953216"><ele>63</ele><time>2026-09-07T17:22:10.413531Z</time></trkpt>
  <trkpt lat="37.4129559" lon="-121.9953449"><ele>64</ele><time>2026-09-07T17:22:10.514146Z</time></trkpt>
  <trkpt lat="37.4129497" lon="-121.9953679"><ele>64</ele><time>2026-09-07T17:22:10.614791Z</time></trkpt>
  <trkpt lat="37.4129436" lon="-121.9953909"><ele>64</ele><time>2026-09-07T17:22:10.714738Z</time></trkpt>
  <trkpt lat="37.4129380" lon="-121.9954143"><ele>64</ele><time>2026-09-07T17:22:10.815527Z</time></trkpt>
  <trkpt lat="37.4129319" lon="-121.9954373"><ele>64</ele><time>2026-09-07T17:22:10.916119Z</time></trkpt>
  <trkpt lat="37.4129245" lon="-121.9954598"><ele>63</ele><time>2026-09-07T17:22:11.016621Z</time></trkpt>
  <trkpt lat="37.4129161" lon="-121.9954824"><ele>63</ele><time>2026-09-07T17:22:11.117124Z</time></trkpt>
  <trkpt lat="37.4129076" lon="-121.9955038"><ele>63</ele><time>2026-09-07T17:22:11.217770Z</time></trkpt>
  <trkpt lat="37.4129001" lon="-121.9955248"><ele>63</ele><time>2026-09-07T17:22:11.319146Z</time></trkpt>
  <trkpt lat="37.4128943" lon="-121.9955470"><ele>62</ele><time>2026-09-07T17:22:11.419858Z</time></trkpt>
  <trkpt lat="37.4128885" lon="-121.9955701"><ele>61</ele><time>2026-09-07T17:22:11.500761Z</time></trkpt>
  <trkpt lat="37.4128826" lon="-121.9955917"><ele>60</ele><time>2026-09-07T17:22:11.601279Z</time></trkpt>
  <trkpt lat="37.4128826" lon="-121.9955917"><ele>60</ele><time>2026-09-07T17:22:11.695249Z</time></trkpt>
  <trkpt lat="37.4128772" lon="-121.9956128"><ele>59</ele><time>2026-09-07T17:22:11.701685Z</time></trkpt>
  <trkpt lat="37.4128721" lon="-121.9956339"><ele>58</ele><time>2026-09-07T17:22:11.802074Z</time></trkpt>
  <trkpt lat="37.4128665" lon="-121.9956564"><ele>57</ele><time>2026-09-07T17:22:11.903120Z</time></trkpt>
  <trkpt lat="37.4128592" lon="-121.9956806"><ele>56</ele><time>2026-09-07T17:22:12.003520Z</time></trkpt>
  <trkpt lat="37.4128495" lon="-121.9957062"><ele>57</ele><time>2026-09-07T17:22:12.104295Z</time></trkpt>
  <trkpt lat="37.4128390" lon="-121.9957314"><ele>57</ele><time>2026-09-07T17:22:12.204979Z</time></trkpt>
  <trkpt lat="37.4128286" lon="-121.9957550"><ele>58</ele><time>2026-09-07T17:22:12.305607Z</time></trkpt>
  <trkpt lat="37.4128177" lon="-121.9957767"><ele>60</ele><time>2026-09-07T17:22:12.406170Z</time></trkpt>
  <trkpt lat="37.4128071" lon="-121.9957971"><ele>61</ele><time>2026-09-07T17:22:12.506824Z</time></trkpt>
  <trkpt lat="37.4127970" lon="-121.9958176"><ele>61</ele><time>2026-09-07T17:22:12.607055Z</time></trkpt>
  <trkpt lat="37.4127869" lon="-121.9958386"><ele>62</ele><time>2026-09-07T17:22:12.707691Z</time></trkpt>
  <trkpt lat="37.4127771" lon="-121.9958602"><ele>62</ele><time>2026-09-07T17:22:12.808456Z</time></trkpt>
  <trkpt lat="37.4127676" lon="-121.9958823"><ele>63</ele><time>2026-09-07T17:22:12.908945Z</time></trkpt>
  <trkpt lat="37.4127584" lon="-121.9959043"><ele>63</ele><time>2026-09-07T17:22:13.009932Z</time></trkpt>
  <trkpt lat="37.4127478" lon="-121.9959257"><ele>63</ele><time>2026-09-07T17:22:13.111030Z</time></trkpt>
  <trkpt lat="37.4127364" lon="-121.9959462"><ele>63</ele><time>2026-09-07T17:22:13.211318Z</time></trkpt>
  <trkpt lat="37.4127241" lon="-121.9959666"><ele>63</ele><time>2026-09-07T17:22:13.312082Z</time></trkpt>
  <trkpt lat="37.4127117" lon="-121.9959867"><ele>63</ele><time>2026-09-07T17:22:13.412278Z</time></trkpt>
  <trkpt lat="37.4127009" lon="-121.9960072"><ele>63</ele><time>2026-09-07T17:22:13.512508Z</time></trkpt>
  <trkpt lat="37.4126902" lon="-121.9960287"><ele>62</ele><time>2026-09-07T17:22:13.612789Z</time></trkpt>
  <trkpt lat="37.4126794" lon="-121.9960501"><ele>62</ele><time>2026-09-07T17:22:13.714216Z</time></trkpt>
  <trkpt lat="37.4126693" lon="-121.9960713"><ele>61</ele><time>2026-09-07T17:22:13.814686Z</time></trkpt>
  <trkpt lat="37.4126693" lon="-121.9960713"><ele>61</ele><time>2026-09-07T17:22:13.848989Z</time></trkpt>
  <trkpt lat="37.4126591" lon="-121.9960924"><ele>60</ele><time>2026-09-07T17:22:13.915935Z</time></trkpt>
  <trkpt lat="37.4126492" lon="-121.9961135"><ele>59</ele><time>2026-09-07T17:22:14.016355Z</time></trkpt>
  <trkpt lat="37.4126394" lon="-121.9961347"><ele>58</ele><time>2026-09-07T17:22:14.116726Z</time></trkpt>
  <trkpt lat="37.4126301" lon="-121.9961568"><ele>57</ele><time>2026-09-07T17:22:14.197943Z</time></trkpt>
  <trkpt lat="37.4126223" lon="-121.9961807"><ele>56</ele><time>2026-09-07T17:22:14.318187Z</time></trkpt>
  <trkpt lat="37.4126164" lon="-121.9962062"><ele>56</ele><time>2026-09-07T17:22:14.398733Z</time></trkpt>
  <trkpt lat="37.4126127" lon="-121.9962329"><ele>56</ele><time>2026-09-07T17:22:14.499458Z</time></trkpt>
  <trkpt lat="37.4126118" lon="-121.9962587"><ele>56</ele><time>2026-09-07T17:22:14.599818Z</time></trkpt>
  <trkpt lat="37.4126133" lon="-121.9962820"><ele>56</ele><time>2026-09-07T17:22:14.700364Z</time></trkpt>
  <trkpt lat="37.4126219" lon="-121.9963019"><ele>56</ele><time>2026-09-07T17:22:14.801089Z</time></trkpt>
  <trkpt lat="37.4126340" lon="-121.9963170"><ele>57</ele><time>2026-09-07T17:22:14.901804Z</time></trkpt>
  <trkpt lat="37.4126487" lon="-121.9963273"><ele>57</ele><time>2026-09-07T17:22:15.002118Z</time></trkpt>
  <trkpt lat="37.4126640" lon="-121.9963333"><ele>58</ele><time>2026-09-07T17:22:15.102770Z</time></trkpt>
  <trkpt lat="37.4126799" lon="-121.9963354"><ele>58</ele><time>2026-09-07T17:22:15.202776Z</time></trkpt>
  <trkpt lat="37.4126950" lon="-121.9963339"><ele>58</ele><time>2026-09-07T17:22:15.303324Z</time></trkpt>
  <trkpt lat="37.4127110" lon="-121.9963287"><ele>58</ele><time>2026-09-07T17:22:15.403418Z</time></trkpt>
  <trkpt lat="37.4127253" lon="-121.9963202"><ele>59</ele><time>2026-09-07T17:22:15.503462Z</time></trkpt>
  <trkpt lat="37.4127347" lon="-121.9963074"><ele>59</ele><time>2026-09-07T17:22:15.603860Z</time></trkpt>
  <trkpt lat="37.4127420" lon="-121.9962928"><ele>59</ele><time>2026-09-07T17:22:15.704230Z</time></trkpt>
  <trkpt lat="37.4127482" lon="-121.9962772"><ele>58</ele><time>2026-09-07T17:22:15.804881Z</time></trkpt>
  <trkpt lat="37.4127525" lon="-121.9962605"><ele>58</ele><time>2026-09-07T17:22:15.905894Z</time></trkpt>
  <trkpt lat="37.4127538" lon="-121.9962440"><ele>57</ele><time>2026-09-07T17:22:16.005633Z</time></trkpt>
  <trkpt lat="37.4127538" lon="-121.9962440"><ele>57</ele><time>2026-09-07T17:22:16.015126Z</time></trkpt>
  <trkpt lat="37.4127569" lon="-121.9962310"><ele>56</ele><time>2026-09-07T17:22:16.105824Z</time></trkpt>
  <trkpt lat="37.4127575" lon="-121.9962183"><ele>54</ele><time>2026-09-07T17:22:16.207047Z</time></trkpt>
  <trkpt lat="37.4127557" lon="-121.9962071"><ele>52</ele><time>2026-09-07T17:22:16.308445Z</time></trkpt>
  <trkpt lat="37.4127526" lon="-121.9961968"><ele>51</ele><time>2026-09-07T17:22:16.409258Z</time></trkpt>
  <trkpt lat="37.4127422" lon="-121.9961834"><ele>50</ele><time>2026-09-07T17:22:16.509547Z</time></trkpt>
  <trkpt lat="37.4127308" lon="-121.9961687"><ele>50</ele><time>2026-09-07T17:22:16.610023Z</time></trkpt>
  <trkpt lat="37.4127186" lon="-121.9961536"><ele>49</ele><time>2026-09-07T17:22:16.710903Z</time></trkpt>
  <trkpt lat="37.4127065" lon="-121.9961391"><ele>48</ele><time>2026-09-07T17:22:16.811373Z</time></trkpt>
  <trkpt lat="37.4126938" lon="-121.9961252"><ele>47</ele><time>2026-09-07T17:22:16.911969Z</time></trkpt>
  <trkpt lat="37.4126811" lon="-121.9961117"><ele>46</ele><time>2026-09-07T17:22:17.012435Z</time></trkpt>
  <trkpt lat="37.4126689" lon="-121.9960975"><ele>45</ele><time>2026-09-07T17:22:17.113401Z</time></trkpt>
  <trkpt lat="37.4126560" lon="-121.9960812"><ele>45</ele><time>2026-09-07T17:22:17.194261Z</time></trkpt>
  <trkpt lat="37.4126443" lon="-121.9960613"><ele>45</ele><time>2026-09-07T17:22:17.294753Z</time></trkpt>
  <trkpt lat="37.4126339" lon="-121.9960374"><ele>45</ele><time>2026-09-07T17:22:17.394795Z</time></trkpt>
  <trkpt lat="37.4126244" lon="-121.9960110"><ele>45</ele><time>2026-09-07T17:22:17.495835Z</time></trkpt>
  <trkpt lat="37.4126223" lon="-121.9959870"><ele>45</ele><time>2026-09-07T17:22:17.596922Z</time></trkpt>
  <trkpt lat="37.4126246" lon="-121.9959643"><ele>45</ele><time>2026-09-07T17:22:17.697274Z</time></trkpt>
  <trkpt lat="37.4126292" lon="-121.9959428"><ele>45</ele><time>2026-09-07T17:22:17.797355Z</time></trkpt>
  <trkpt lat="37.4126356" lon="-121.9959227"><ele>46</ele><time>2026-09-07T17:22:17.897823Z</time></trkpt>
  <trkpt lat="37.4126427" lon="-121.9959033"><ele>46</ele><time>2026-09-07T17:22:17.997825Z</time></trkpt>
  <trkpt lat="37.4126499" lon="-121.9958844"><ele>46</ele><time>2026-09-07T17:22:18.098464Z</time></trkpt>
  <trkpt lat="37.4126499" lon="-121.9958844"><ele>46</ele><time>2026-09-07T17:22:18.179299Z</time></trkpt>
  <trkpt lat="37.4126571" lon="-121.9958657"><ele>47</ele><time>2026-09-07T17:22:18.199552Z</time></trkpt>
  <trkpt lat="37.4126645" lon="-121.9958470"><ele>47</ele><time>2026-09-07T17:22:18.300117Z</time></trkpt>
  <trkpt lat="37.4126725" lon="-121.9958288"><ele>47</ele><time>2026-09-07T17:22:18.401065Z</time></trkpt>
  <trkpt lat="37.4126807" lon="-121.9958103"><ele>47</ele><time>2026-09-07T17:22:18.502185Z</time></trkpt>
  <trkpt lat="37.4126896" lon="-121.9957922"><ele>47</ele><time>2026-09-07T17:22:18.602832Z</time></trkpt>
  <trkpt lat="37.4126983" lon="-121.9957742"><ele>46</ele><time>2026-09-07T17:22:18.704253Z</time></trkpt>
  <trkpt lat="37.4127050" lon="-121.9957558"><ele>46</ele><time>2026-09-07T17:22:18.804594Z</time></trkpt>
  <trkpt lat="37.4127110" lon="-121.9957374"><ele>47</ele><time>2026-09-07T17:22:18.904995Z</time></trkpt>
  <trkpt lat="37.4127178" lon="-121.9957196"><ele>48</ele><time>2026-09-07T17:22:19.005264Z</time></trkpt>
  <trkpt lat="37.4127248" lon="-121.9957030"><ele>48</ele><time>2026-09-07T17:22:19.105482Z</time></trkpt>
  <trkpt lat="37.4127325" lon="-121.9956878"><ele>49</ele><time>2026-09-07T17:22:19.206167Z</time></trkpt>
  <trkpt lat="37.4127403" lon="-121.9956733"><ele>50</ele><time>2026-09-07T17:22:19.306568Z</time></trkpt>
  <trkpt lat="37.4127481" lon="-121.9956590"><ele>51</ele><time>2026-09-07T17:22:19.407554Z</time></trkpt>
  <trkpt lat="37.4127564" lon="-121.9956444"><ele>52</ele><time>2026-09-07T17:22:19.507955Z</time></trkpt>
  <trkpt lat="37.4127653" lon="-121.9956295"><ele>52</ele><time>2026-09-07T17:22:19.608029Z</time></trkpt>
  <trkpt lat="37.4127741" lon="-121.9956146"><ele>53</ele><time>2026-09-07T17:22:19.709171Z</time></trkpt>
  <trkpt lat="37.4127830" lon="-121.9955997"><ele>53</ele><time>2026-09-07T17:22:19.809853Z</time></trkpt>
  <trkpt lat="37.4127917" lon="-121.9955847"><ele>53</ele><time>2026-09-07T17:22:19.910437Z</time></trkpt>
  <trkpt lat="37.4128004" lon="-121.9955693"><ele>53</ele><time>2026-09-07T17:22:19.990705Z</time></trkpt>
  <trkpt lat="37.4128092" lon="-121.9955536"><ele>53</ele><time>2026-09-07T17:22:20.091696Z</time></trkpt>
  <trkpt lat="37.4128181" lon="-121.9955377"><ele>53</ele><time>2026-09-07T17:22:20.192337Z</time></trkpt>
  <trkpt lat="37.4128273" lon="-121.9955219"><ele>53</ele><time>2026-09-07T17:22:20.293087Z</time></trkpt>
  <trkpt lat="37.4128273" lon="-121.9955219"><ele>53</ele><time>2026-09-07T17:22:20.327188Z</time></trkpt>
  <trkpt lat="37.4128361" lon="-121.9955060"><ele>54</ele><time>2026-09-07T17:22:20.393399Z</time></trkpt>
  <trkpt lat="37.4128450" lon="-121.9954902"><ele>54</ele><time>2026-09-07T17:22:20.494239Z</time></trkpt>
  <trkpt lat="37.4128544" lon="-121.9954748"><ele>54</ele><time>2026-09-07T17:22:20.594719Z</time></trkpt>
  <trkpt lat="37.4128645" lon="-121.9954605"><ele>55</ele><time>2026-09-07T17:22:20.695205Z</time></trkpt>
  <trkpt lat="37.4128750" lon="-121.9954464"><ele>55</ele><time>2026-09-07T17:22:20.795873Z</time></trkpt>
  <trkpt lat="37.4128855" lon="-121.9954326"><ele>56</ele><time>2026-09-07T17:22:20.896562Z</time></trkpt>
  <trkpt lat="37.4128961" lon="-121.9954188"><ele>56</ele><time>2026-09-07T17:22:20.997313Z</time></trkpt>
  <trkpt lat="37.4129070" lon="-121.9954048"><ele>57</ele><time>2026-09-07T17:22:21.098352Z</time></trkpt>
  <trkpt lat="37.4129182" lon="-121.9953910"><ele>57</ele><time>2026-09-07T17:22:21.199543Z</time></trkpt>
  <trkpt lat="37.4129292" lon="-121.9953778"><ele>57</ele><time>2026-09-07T17:22:21.299922Z</time></trkpt>
  <trkpt lat="37.4129407" lon="-121.9953647"><ele>57</ele><time>2026-09-07T17:22:21.400714Z</time></trkpt>
  <trkpt lat="37.4129527" lon="-121.9953518"><ele>57</ele><time>2026-09-07T17:22:21.500840Z</time></trkpt>
  <trkpt lat="37.4129647" lon="-121.9953404"><ele>57</ele><time>2026-09-07T17:22:21.601432Z</time></trkpt>
  <trkpt lat="37.4129771" lon="-121.9953301"><ele>57</ele><time>2026-09-07T17:22:21.701638Z</time></trkpt>
  <trkpt lat="37.4129893" lon="-121.9953200"><ele>56</ele><time>2026-09-07T17:22:21.802034Z</time></trkpt>
  <trkpt lat="37.4130004" lon="-121.9953091"><ele>56</ele><time>2026-09-07T17:22:21.902554Z</time></trkpt>
  <trkpt lat="37.4130113" lon="-121.9952969"><ele>56</ele><time>2026-09-07T17:22:22.002974Z</time></trkpt>
  <trkpt lat="37.4130214" lon="-121.9952844"><ele>55</ele><time>2026-09-07T17:22:22.103414Z</time></trkpt>
  <trkpt lat="37.4130317" lon="-121.9952723"><ele>54</ele><time>2026-09-07T17:22:22.203529Z</time></trkpt>
  <trkpt lat="37.4130425" lon="-121.9952609"><ele>54</ele><time>2026-09-07T17:22:22.304207Z</time></trkpt>
  <trkpt lat="37.4130534" lon="-121.9952495"><ele>53</ele><time>2026-09-07T17:22:22.404541Z</time></trkpt>
  <trkpt lat="37.4130534" lon="-121.9952495"><ele>53</ele><time>2026-09-07T17:22:22.473083Z</time></trkpt>
  <trkpt lat="37.4130641" lon="-121.9952377"><ele>52</ele><time>2026-09-07T17:22:22.505245Z</time></trkpt>
  <trkpt lat="37.4130751" lon="-121.9952255"><ele>51</ele><time>2026-09-07T17:22:22.605757Z</time></trkpt>
  <trkpt lat="37.4130869" lon="-121.9952128"><ele>50</ele><time>2026-09-07T17:22:22.706601Z</time></trkpt>
  <trkpt lat="37.4130993" lon="-121.9952000"><ele>50</ele><time>2026-09-07T17:22:22.807140Z</time></trkpt>
  <trkpt lat="37.4131115" lon="-121.9951872"><ele>50</ele><time>2026-09-07T17:22:22.887560Z</time></trkpt>
  <trkpt lat="37.4131238" lon="-121.9951726"><ele>50</ele><time>2026-09-07T17:22:22.987960Z</time></trkpt>
  <trkpt lat="37.4131362" lon="-121.9951557"><ele>51</ele><time>2026-09-07T17:22:23.089063Z</time></trkpt>
  <trkpt lat="37.4131473" lon="-121.9951398"><ele>51</ele><time>2026-09-07T17:22:23.189663Z</time></trkpt>
  <trkpt lat="37.4131562" lon="-121.9951261"><ele>52</ele><time>2026-09-07T17:22:23.290296Z</time></trkpt>
  <trkpt lat="37.4131640" lon="-121.9951126"><ele>53</ele><time>2026-09-07T17:22:23.390818Z</time></trkpt>
  <trkpt lat="37.4131726" lon="-121.9950994"><ele>54</ele><time>2026-09-07T17:22:23.491752Z</time></trkpt>
  <trkpt lat="37.4131817" lon="-121.9950875"><ele>55</ele><time>2026-09-07T17:22:23.592419Z</time></trkpt>
  <trkpt lat="37.4131914" lon="-121.9950753"><ele>55</ele><time>2026-09-07T17:22:23.692904Z</time></trkpt>
  <trkpt lat="37.4132007" lon="-121.9950621"><ele>56</ele><time>2026-09-07T17:22:23.793395Z</time></trkpt>
  <trkpt lat="37.4132087" lon="-121.9950480"><ele>56</ele><time>2026-09-07T17:22:23.894063Z</time></trkpt>
  <trkpt lat="37.4132160" lon="-121.9950329"><ele>57</ele><time>2026-09-07T17:22:23.994534Z</time></trkpt>
  <trkpt lat="37.4132230" lon="-121.9950170"><ele>57</ele><time>2026-09-07T17:22:24.094773Z</time></trkpt>
  <trkpt lat="37.4132297" lon="-121.9950008"><ele>58</ele><time>2026-09-07T17:22:24.195144Z</time></trkpt>
  <trkpt lat="37.4132358" lon="-121.9949846"><ele>58</ele><time>2026-09-07T17:22:24.295817Z</time></trkpt>
  <trkpt lat="37.4132412" lon="-121.9949683"><ele>58</ele><time>2026-09-07T17:22:24.397064Z</time></trkpt>
  <trkpt lat="37.4132474" lon="-121.9949515"><ele>59</ele><time>2026-09-07T17:22:24.497343Z</time></trkpt>
  <trkpt lat="37.4132525" lon="-121.9949342"><ele>59</ele><time>2026-09-07T17:22:24.597917Z</time></trkpt>
  <trkpt lat="37.4132525" lon="-121.9949342"><ele>59</ele><time>2026-09-07T17:22:24.637556Z</time></trkpt>
  <trkpt lat="37.4132573" lon="-121.9949170"><ele>59</ele><time>2026-09-07T17:22:24.698619Z</time></trkpt>
  <trkpt lat="37.4132613" lon="-121.9949000"><ele>59</ele><time>2026-09-07T17:22:24.799751Z</time></trkpt>
  <trkpt lat="37.4132661" lon="-121.9948826"><ele>59</ele><time>2026-09-07T17:22:24.901080Z</time></trkpt>
  <trkpt lat="37.4132707" lon="-121.9948652"><ele>59</ele><time>2026-09-07T17:22:25.002378Z</time></trkpt>
  <trkpt lat="37.4132756" lon="-121.9948487"><ele>59</ele><time>2026-09-07T17:22:25.103188Z</time></trkpt>
  <trkpt lat="37.4132800" lon="-121.9948329"><ele>59</ele><time>2026-09-07T17:22:25.203546Z</time></trkpt>
  <trkpt lat="37.4132838" lon="-121.9948166"><ele>58</ele><time>2026-09-07T17:22:25.304568Z</time></trkpt>
  <trkpt lat="37.4132886" lon="-121.9948000"><ele>58</ele><time>2026-09-07T17:22:25.385264Z</time></trkpt>
  <trkpt lat="37.4132943" lon="-121.9947832"><ele>57</ele><time>2026-09-07T17:22:25.485433Z</time></trkpt>
  <trkpt lat="37.4133003" lon="-121.9947661"><ele>56</ele><time>2026-09-07T17:22:25.586001Z</time></trkpt>
  <trkpt lat="37.4133074" lon="-121.9947487"><ele>55</ele><time>2026-09-07T17:22:25.686465Z</time></trkpt>
  <trkpt lat="37.4133158" lon="-121.9947301"><ele>54</ele><time>2026-09-07T17:22:25.787037Z</time></trkpt>
  <trkpt lat="37.4133249" lon="-121.9947116"><ele>54</ele><time>2026-09-07T17:22:25.887567Z</time></trkpt>
  <trkpt lat="37.4133350" lon="-121.9946937"><ele>55</ele><time>2026-09-07T17:22:25.988075Z</time></trkpt>
  <trkpt lat="37.4133458" lon="-121.9946765"><ele>55</ele><time>2026-09-07T17:22:26.088549Z</time></trkpt>
  <trkpt lat="37.4133572" lon="-121.9946598"><ele>55</ele><time>2026-09-07T17:22:26.188869Z</time></trkpt>
  <trkpt lat="37.4133691" lon="-121.9946435"><ele>55</ele><time>2026-09-07T17:22:26.289347Z</time></trkpt>
  <trkpt lat="37.4133813" lon="-121.9946293"><ele>55</ele><time>2026-09-07T17:22:26.390073Z</time></trkpt>
  <trkpt lat="37.4133936" lon="-121.9946180"><ele>56</ele><time>2026-09-07T17:22:26.490223Z</time></trkpt>
  <trkpt lat="37.4134062" lon="-121.9946085"><ele>56</ele><time>2026-09-07T17:22:26.590936Z</time></trkpt>
  <trkpt lat="37.4134188" lon="-121.9945996"><ele>56</ele><time>2026-09-07T17:22:26.691166Z</time></trkpt>
  <trkpt lat="37.4134313" lon="-121.9945910"><ele>57</ele><time>2026-09-07T17:22:26.791529Z</time></trkpt>
  <trkpt lat="37.4134313" lon="-121.9945910"><ele>57</ele><time>2026-09-07T17:22:26.798346Z</time></trkpt>
  <trkpt lat="37.4134438" lon="-121.9945825"><ele>57</ele><time>2026-09-07T17:22:26.892340Z</time></trkpt>
  <trkpt lat="37.4134575" lon="-121.9945743"><ele>57</ele><time>2026-09-07T17:22:26.993423Z</time></trkpt>
  <trkpt lat="37.4134712" lon="-121.9945672"><ele>57</ele><time>2026-09-07T17:22:27.094472Z</time></trkpt>
  <trkpt lat="37.4134849" lon="-121.9945606"><ele>57</ele><time>2026-09-07T17:22:27.195043Z</time></trkpt>
  <trkpt lat="37.4134985" lon="-121.9945528"><ele>57</ele><time>2026-09-07T17:22:27.294912Z</time></trkpt>
  <trkpt lat="37.4135108" lon="-121.9945431"><ele>56</ele><time>2026-09-07T17:22:27.395601Z</time></trkpt>
  <trkpt lat="37.4135232" lon="-121.9945314"><ele>56</ele><time>2026-09-07T17:22:27.496268Z</time></trkpt>
  <trkpt lat="37.4135335" lon="-121.9945178"><ele>55</ele><time>2026-09-07T17:22:27.596552Z</time></trkpt>
  <trkpt lat="37.4135413" lon="-121.9945027"><ele>55</ele><time>2026-09-07T17:22:27.696923Z</time></trkpt>
  <trkpt lat="37.4135459" lon="-121.9944859"><ele>54</ele><time>2026-09-07T17:22:27.797473Z</time></trkpt>
  <trkpt lat="37.4135467" lon="-121.9944687"><ele>54</ele><time>2026-09-07T17:22:27.897857Z</time></trkpt>
  <trkpt lat="37.4135446" lon="-121.9944516"><ele>54</ele><time>2026-09-07T17:22:27.998755Z</time></trkpt>
  <trkpt lat="37.4135392" lon="-121.9944347"><ele>54</ele><time>2026-09-07T17:22:28.098994Z</time></trkpt>
  <trkpt lat="37.4135314" lon="-121.9944191"><ele>54</ele><time>2026-09-07T17:22:28.199301Z</time></trkpt>
  <trkpt lat="37.4135217" lon="-121.9944052"><ele>54</ele><time>2026-09-07T17:22:28.299657Z</time></trkpt>
  <trkpt lat="37.4135103" lon="-121.9943930"><ele>54</ele><time>2026-09-07T17:22:28.400764Z</time></trkpt>
  <trkpt lat="37.4134983" lon="-121.9943826"><ele>54</ele><time>2026-09-07T17:22:28.501228Z</time></trkpt>
  <trkpt lat="37.4134848" lon="-121.9943734"><ele>54</ele><time>2026-09-07T17:22:28.581882Z</time></trkpt>
  <trkpt lat="37.4134709" lon="-121.9943655"><ele>54</ele><time>2026-09-07T17:22:28.701899Z</time></trkpt>
  <trkpt lat="37.4134566" lon="-121.9943587"><ele>55</ele><time>2026-09-07T17:22:28.782395Z</time></trkpt>
  <trkpt lat="37.4134420" lon="-121.9943525"><ele>55</ele><time>2026-09-07T17:22:28.883296Z</time></trkpt>
  <trkpt lat="37.4134420" lon="-121.9943525"><ele>55</ele><time>2026-09-07T17:22:28.958842Z</time></trkpt>
  <trkpt lat="37.4134275" lon="-121.9943467"><ele>55</ele><time>2026-09-07T17:22:28.982909Z</time></trkpt>
  <trkpt lat="37.4134130" lon="-121.9943412"><ele>55</ele><time>2026-09-07T17:22:29.083440Z</time></trkpt>
  <trkpt lat="37.4133982" lon="-121.9943360"><ele>56</ele><time>2026-09-07T17:22:29.184600Z</time></trkpt>
  <trkpt lat="37.4133833" lon="-121.9943309"><ele>56</ele><time>2026-09-07T17:22:29.284447Z</time></trkpt>
  <trkpt lat="37.4133683" lon="-121.9943259"><ele>55</ele><time>2026-09-07T17:22:29.385056Z</time></trkpt>
  <trkpt lat="37.4133532" lon="-121.9943206"><ele>55</ele><time>2026-09-07T17:22:29.486100Z</time></trkpt>
  <trkpt lat="37.4133380" lon="-121.9943154"><ele>55</ele><time>2026-09-07T17:22:29.587329Z</time></trkpt>
  <trkpt lat="37.4133224" lon="-121.9943101"><ele>55</ele><time>2026-09-07T17:22:29.687765Z</time></trkpt>
  <trkpt lat="37.4133065" lon="-121.9943049"><ele>54</ele><time>2026-09-07T17:22:29.788416Z</time></trkpt>
  <trkpt lat="37.4132903" lon="-121.9942997"><ele>54</ele><time>2026-09-07T17:22:29.888539Z</time></trkpt>
  <trkpt lat="37.4132740" lon="-121.9942948"><ele>54</ele><time>2026-09-07T17:22:29.989172Z</time></trkpt>
  <trkpt lat="37.4132574" lon="-121.9942897"><ele>53</ele><time>2026-09-07T17:22:30.089728Z</time></trkpt>
  <trkpt lat="37.4132408" lon="-121.9942842"><ele>53</ele><time>2026-09-07T17:22:30.191342Z</time></trkpt>
  <trkpt lat="37.4132237" lon="-121.9942784"><ele>53</ele><time>2026-09-07T17:22:30.291920Z</time></trkpt>
  <trkpt lat="37.4132065" lon="-121.9942724"><ele>52</ele><time>2026-09-07T17:22:30.392523Z</time></trkpt>
  <trkpt lat="37.4131892" lon="-121.9942661"><ele>52</ele><time>2026-09-07T17:22:30.493279Z</time></trkpt>
  <trkpt lat="37.4131717" lon="-121.9942592"><ele>52</ele><time>2026-09-07T17:22:30.593646Z</time></trkpt>
  <trkpt lat="37.4131541" lon="-121.9942520"><ele>51</ele><time>2026-09-07T17:22:30.694441Z</time></trkpt>
  <trkpt lat="37.4131366" lon="-121.9942445"><ele>51</ele><time>2026-09-07T17:22:30.795107Z</time></trkpt>
  <trkpt lat="37.4131197" lon="-121.9942371"><ele>50</ele><time>2026-09-07T17:22:30.895723Z</time></trkpt>
  <trkpt lat="37.4131024" lon="-121.9942297"><ele>50</ele><time>2026-09-07T17:22:30.996045Z</time></trkpt>
  <trkpt lat="37.4130851" lon="-121.9942226"><ele>49</ele><time>2026-09-07T17:22:31.096611Z</time></trkpt>
  <trkpt lat="37.4130851" lon="-121.9942226"><ele>49</ele><time>2026-09-07T17:22:31.111403Z</time></trkpt>
  <trkpt lat="37.4130679" lon="-121.9942159"><ele>48</ele><time>2026-09-07T17:22:31.196952Z</time></trkpt>
  <trkpt lat="37.4130510" lon="-121.9942093"><ele>48</ele><time>2026-09-07T17:22:31.297260Z</time></trkpt>
  <trkpt lat="37.4130336" lon="-121.9942028"><ele>47</ele><time>2026-09-07T17:22:31.397828Z</time></trkpt>
  <trkpt lat="37.4130157" lon="-121.9941966"><ele>46</ele><time>2026-09-07T17:22:31.498455Z</time></trkpt>
  <trkpt lat="37.4129969" lon="-121.9941901"><ele>46</ele><time>2026-09-07T17:22:31.579947Z</time></trkpt>
  <trkpt lat="37.4129778" lon="-121.9941833"><ele>45</ele><time>2026-09-07T17:22:31.681076Z</time></trkpt>
  <trkpt lat="37.4129585" lon="-121.9941765"><ele>46</ele><time>2026-09-07T17:22:31.782651Z</time></trkpt>
  <trkpt lat="37.4129397" lon="-121.9941700"><ele>46</ele><time>2026-09-07T17:22:31.883085Z</time></trkpt>
  <trkpt lat="37.4129220" lon="-121.9941639"><ele>47</ele><time>2026-09-07T17:22:31.983786Z</time></trkpt>
  <trkpt lat="37.4129056" lon="-121.9941582"><ele>48</ele><time>2026-09-07T17:22:32.084296Z</time></trkpt>
  <trkpt lat="37.4128899" lon="-121.9941529"><ele>48</ele><time>2026-09-07T17:22:32.184340Z</time></trkpt>
  <trkpt lat="37.4128747" lon="-121.9941482"><ele>49</ele><time>2026-09-07T17:22:32.284809Z</time></trkpt>
  <trkpt lat="37.4128600" lon="-121.9941438"><ele>50</ele><time>2026-09-07T17:22:32.384781Z</time></trkpt>
  <trkpt lat="37.4128451" lon="-121.9941396"><ele>51</ele><time>2026-09-07T17:22:32.486401Z</time></trkpt>
  <trkpt lat="37.4128302" lon="-121.9941353"><ele>52</ele><time>2026-09-07T17:22:32.586669Z</time></trkpt>
  <trkpt lat="37.4128155" lon="-121.9941312"><ele>53</ele><time>2026-09-07T17:22:32.687120Z</time></trkpt>
  <trkpt lat="37.4128007" lon="-121.9941272"><ele>53</ele><time>2026-09-07T17:22:32.787176Z</time></trkpt>
  <trkpt lat="37.4127858" lon="-121.9941233"><ele>54</ele><time>2026-09-07T17:22:32.887729Z</time></trkpt>
  <trkpt lat="37.4127710" lon="-121.9941198"><ele>54</ele><time>2026-09-07T17:22:32.988662Z</time></trkpt>
  <trkpt lat="37.4127562" lon="-121.9941166"><ele>54</ele><time>2026-09-07T17:22:33.089359Z</time></trkpt>
  <trkpt lat="37.4127418" lon="-121.9941144"><ele>55</ele><time>2026-09-07T17:22:33.189896Z</time></trkpt>
  <trkpt lat="37.4127418" lon="-121.9941144"><ele>55</ele><time>2026-09-07T17:22:33.276829Z</time></trkpt>
  <trkpt lat="37.4127281" lon="-121.9941142"><ele>55</ele><time>2026-09-07T17:22:33.290303Z</time></trkpt>
  <trkpt lat="37.4127151" lon="-121.9941161"><ele>56</ele><time>2026-09-07T17:22:33.391434Z</time></trkpt>
  <trkpt lat="37.4127028" lon="-121.9941197"><ele>56</ele><time>2026-09-07T17:22:33.492067Z</time></trkpt>
  <trkpt lat="37.4126915" lon="-121.9941251"><ele>56</ele><time>2026-09-07T17:22:33.592895Z</time></trkpt>
  <trkpt lat="37.4126811" lon="-121.9941323"><ele>57</ele><time>2026-09-07T17:22:33.694370Z</time></trkpt>
  <trkpt lat="37.4126721" lon="-121.9941412"><ele>57</ele><time>2026-09-07T17:22:33.795205Z</time></trkpt>
  <trkpt lat="37.4126638" lon="-121.9941513"><ele>58</ele><time>2026-09-07T17:22:33.875525Z</time></trkpt>
  <trkpt lat="37.4126565" lon="-121.9941626"><ele>58</ele><time>2026-09-07T17:22:33.996040Z</time></trkpt>
  <trkpt lat="37.4126500" lon="-121.9941749"><ele>58</ele><time>2026-09-07T17:22:34.076639Z</time></trkpt>
  <trkpt lat="37.4126442" lon="-121.9941879"><ele>59</ele><time>2026-09-07T17:22:34.177067Z</time></trkpt>
  <trkpt lat="37.4126397" lon="-121.9942016"><ele>59</ele><time>2026-09-07T17:22:34.278138Z</time></trkpt>
  <trkpt lat="37.4126366" lon="-121.9942154"><ele>59</ele><time>2026-09-07T17:22:34.377892Z</time></trkpt>
  <trkpt lat="37.4126348" lon="-121.9942292"><ele>59</ele><time>2026-09-07T17:22:34.478531Z</time></trkpt>
  <trkpt lat="37.4126343" lon="-121.9942428"><ele>59</ele><time>2026-09-07T17:22:34.578976Z</time></trkpt>
  <trkpt lat="37.4126351" lon="-121.9942560"><ele>59</ele><time>2026-09-07T17:22:34.679332Z</time></trkpt>
  <trkpt lat="37.4126376" lon="-121.9942688"><ele>59</ele><time>2026-09-07T17:22:34.779855Z</time></trkpt>
  <trkpt lat="37.4126407" lon="-121.9942815"><ele>59</ele><time>2026-09-07T17:22:34.880274Z</time></trkpt>
  <trkpt lat="37.4126447" lon="-121.9942935"><ele>59</ele><time>2026-09-07T17:22:34.980841Z</time></trkpt>
  <trkpt lat="37.4126497" lon="-121.9943050"><ele>59</ele><time>2026-09-07T17:22:35.081105Z</time></trkpt>
  <trkpt lat="37.4126559" lon="-121.9943163"><ele>59</ele><time>2026-09-07T17:22:35.181757Z</time></trkpt>
  <trkpt lat="37.4126622" lon="-121.9943274"><ele>59</ele><time>2026-09-07T17:22:35.283006Z</time></trkpt>
  <trkpt lat="37.4126689" lon="-121.9943380"><ele>59</ele><time>2026-09-07T17:22:35.383134Z</time></trkpt>
  <trkpt lat="37.4126689" lon="-121.9943380"><ele>59</ele><time>2026-09-07T17:22:35.437757Z</time></trkpt>
  <trkpt lat="37.4126758" lon="-121.9943482"><ele>60</ele><time>2026-09-07T17:22:35.484209Z</time></trkpt>
  <trkpt lat="37.4126831" lon="-121.9943583"><ele>60</ele><time>2026-09-07T17:22:35.585030Z</time></trkpt>
  <trkpt lat="37.4126903" lon="-121.9943685"><ele>60</ele><time>2026-09-07T17:22:35.685371Z</time></trkpt>
  <trkpt lat="37.4126976" lon="-121.9943786"><ele>60</ele><time>2026-09-07T17:22:35.785924Z</time></trkpt>
  <trkpt lat="37.4127048" lon="-121.9943882"><ele>61</ele><time>2026-09-07T17:22:35.887573Z</time></trkpt>
  <trkpt lat="37.4127118" lon="-121.9943974"><ele>61</ele><time>2026-09-07T17:22:35.988851Z</time></trkpt>
  <trkpt lat="37.4127184" lon="-121.9944060"><ele>62</ele><time>2026-09-07T17:22:36.088496Z</time></trkpt>
  <trkpt lat="37.4127240" lon="-121.9944141"><ele>62</ele><time>2026-09-07T17:22:36.188930Z</time></trkpt>
  <trkpt lat="37.4127290" lon="-121.9944217"><ele>63</ele><time>2026-09-07T17:22:36.290033Z</time></trkpt>
  <trkpt lat="37.4127333" lon="-121.9944292"><ele>64</ele><time>2026-09-07T17:22:36.390570Z</time></trkpt>
  <trkpt lat="37.4127371" lon="-121.9944367"><ele>65</ele><time>2026-09-07T17:22:36.491092Z</time></trkpt>
  <trkpt lat="37.4127405" lon="-121.9944441"><ele>66</ele><time>2026-09-07T17:22:36.591698Z</time></trkpt>
  <trkpt lat="37.4127441" lon="-121.9944516"><ele>66</ele><time>2026-09-07T17:22:36.692534Z</time></trkpt>
  <trkpt lat="37.4127476" lon="-121.9944591"><ele>67</ele><time>2026-09-07T17:22:36.773125Z</time></trkpt>
  <trkpt lat="37.4127512" lon="-121.9944666"><ele>68</ele><time>2026-09-07T17:22:36.873493Z</time></trkpt>
  <trkpt lat="37.4127550" lon="-121.9944744"><ele>68</ele><time>2026-09-07T17:22:36.974034Z</time></trkpt>
  <trkpt lat="37.4127589" lon="-121.9944831"><ele>69</ele><time>2026-09-07T17:22:37.074411Z</time></trkpt>
  <trkpt lat="37.4127632" lon="-121.9944924"><ele>69</ele><time>2026-09-07T17:22:37.174836Z</time></trkpt>
  <trkpt lat="37.4127672" lon="-121.9945018"><ele>70</ele><time>2026-09-07T17:22:37.275532Z</time></trkpt>
  <trkpt lat="37.4127708" lon="-121.9945115"><ele>70</ele><time>2026-09-07T17:22:37.376112Z</time></trkpt>
  <trkpt lat="37.4127741" lon="-121.9945214"><ele>70</ele><time>2026-09-07T17:22:37.476414Z</time></trkpt>
  <trkpt lat="37.4127772" lon="-121.9945318"><ele>70</ele><time>2026-09-07T17:22:37.577239Z</time></trkpt>
  <trkpt lat="37.4127772" lon="-121.9945318"><ele>70</ele><time>2026-09-07T17:22:37.588530Z</time></trkpt>
  <trkpt lat="37.4127801" lon="-121.9945428"><ele>70</ele><time>2026-09-07T17:22:37.678044Z</time></trkpt>
  <trkpt lat="37.4127824" lon="-121.9945547"><ele>71</ele><time>2026-09-07T17:22:37.778258Z</time></trkpt>
  <trkpt lat="37.4127850" lon="-121.9945664"><ele>70</ele><time>2026-09-07T17:22:37.878932Z</time></trkpt>
  <trkpt lat="37.4127881" lon="-121.9945787"><ele>70</ele><time>2026-09-07T17:22:37.979107Z</time></trkpt>
  <trkpt lat="37.4127910" lon="-121.9945914"><ele>69</ele><time>2026-09-07T17:22:38.079913Z</time></trkpt>
  <trkpt lat="37.4127937" lon="-121.9946045"><ele>69</ele><time>2026-09-07T17:22:38.180952Z</time></trkpt>
  <trkpt lat="37.4127961" lon="-121.9946182"><ele>68</ele><time>2026-09-07T17:22:38.282179Z</time></trkpt>
  <trkpt lat="37.4127990" lon="-121.9946327"><ele>68</ele><time>2026-09-07T17:22:38.382709Z</time></trkpt>
  <trkpt lat="37.4128029" lon="-121.9946477"><ele>67</ele><time>2026-09-07T17:22:38.482869Z</time></trkpt>
  <trkpt lat="37.4128076" lon="-121.9946629"><ele>67</ele><time>2026-09-07T17:22:38.583127Z</time></trkpt>
  <trkpt lat="37.4128127" lon="-121.9946780"><ele>67</ele><time>2026-09-07T17:22:38.683812Z</time></trkpt>
  <trkpt lat="37.4128179" lon="-121.9946935"><ele>66</ele><time>2026-09-07T17:22:38.784537Z</time></trkpt>
  <trkpt lat="37.4128225" lon="-121.9947092"><ele>66</ele><time>2026-09-07T17:22:38.885039Z</time></trkpt>
  <trkpt lat="37.4128275" lon="-121.9947249"><ele>65</ele><time>2026-09-07T17:22:38.986248Z</time></trkpt>
  <trkpt lat="37.4128331" lon="-121.9947400"><ele>64</ele><time>2026-09-07T17:22:39.086812Z</time></trkpt>
  <trkpt lat="37.4128391" lon="-121.9947546"><ele>63</ele><time>2026-09-07T17:22:39.187244Z</time></trkpt>
  <trkpt lat="37.4128467" lon="-121.9947684"><ele>63</ele><time>2026-09-07T17:22:39.287449Z</time></trkpt>
  <trkpt lat="37.4128566" lon="-121.9947812"><ele>63</ele><time>2026-09-07T17:22:39.388222Z</time></trkpt>
  <trkpt lat="37.4128670" lon="-121.9947936"><ele>63</ele><time>2026-09-07T17:22:39.488612Z</time></trkpt>
  <trkpt lat="37.4128777" lon="-121.9948058"><ele>63</ele><time>2026-09-07T17:22:39.588909Z</time></trkpt>
  <trkpt lat="37.4128888" lon="-121.9948165"><ele>63</ele><time>2026-09-07T17:22:39.669299Z</time></trkpt>
  <trkpt lat="37.4128888" lon="-121.9948165"><ele>63</ele><time>2026-09-07T17:22:39.749029Z</time></trkpt>
  <trkpt lat="37.4128999" lon="-121.9948259"><ele>64</ele><time>2026-09-07T17:22:39.770271Z</time></trkpt>
  <trkpt lat="37.4129112" lon="-121.9948345"><ele>64</ele><time>2026-09-07T17:22:39.871010Z</time></trkpt>
  <trkpt lat="37.4129219" lon="-121.9948424"><ele>65</ele><time>2026-09-07T17:22:39.972320Z</time></trkpt>
  <trkpt lat="37.4129325" lon="-121.9948500"><ele>65</ele><time>2026-09-07T17:22:40.072693Z</time></trkpt>
  <trkpt lat="37.4129425" lon="-121.9948572"><ele>66</ele><time>2026-09-07T17:22:40.172910Z</time></trkpt>
  <trkpt lat="37.4129519" lon="-121.9948637"><ele>67</ele><time>2026-09-07T17:22:40.273262Z</time></trkpt>
  <trkpt lat="37.4129608" lon="-121.9948695"><ele>68</ele><time>2026-09-07T17:22:40.374760Z</time></trkpt>
  <trkpt lat="37.4129693" lon="-121.9948749"><ele>68</ele><time>2026-09-07T17:22:40.474915Z</time></trkpt>
  <trkpt lat="37.4129776" lon="-121.9948799"><ele>69</ele><time>2026-09-07T17:22:40.575394Z</time></trkpt>
  <trkpt lat="37.4129854" lon="-121.9948847"><ele>70</ele><time>2026-09-07T17:22:40.676697Z</time></trkpt>
  <trkpt lat="37.4129928" lon="-121.9948893"><ele>71</ele><time>2026-09-07T17:22:40.776702Z</time></trkpt>
  <trkpt lat="37.4129996" lon="-121.9948943"><ele>71</ele><time>2026-09-07T17:22:40.876833Z</time></trkpt>
  <trkpt lat="37.4130069" lon="-121.9948993"><ele>72</ele><time>2026-09-07T17:22:40.976958Z</time></trkpt>
  <trkpt lat="37.4130145" lon="-121.9949033"><ele>73</ele><time>2026-09-07T17:22:41.077682Z</time></trkpt>
  <trkpt lat="37.4130226" lon="-121.9949073"><ele>73</ele><time>2026-09-07T17:22:41.178688Z</time></trkpt>
  <trkpt lat="37.4130302" lon="-121.9949109"><ele>74</ele><time>2026-09-07T17:22:41.279292Z</time></trkpt>
  <trkpt lat="37.4130378" lon="-121.9949149"><ele>74</ele><time>2026-09-07T17:22:41.379970Z</time></trkpt>
  <trkpt lat="37.4130454" lon="-121.9949194"><ele>75</ele><time>2026-09-07T17:22:41.480390Z</time></trkpt>
  <trkpt lat="37.4130535" lon="-121.9949241"><ele>75</ele><time>2026-09-07T17:22:41.581759Z</time></trkpt>
  <trkpt lat="37.4130616" lon="-121.9949290"><ele>75</ele><time>2026-09-07T17:22:41.682541Z</time></trkpt>
  <trkpt lat="37.4130697" lon="-121.9949342"><ele>75</ele><time>2026-09-07T17:22:41.783183Z</time></trkpt>
  <trkpt lat="37.4130786" lon="-121.9949396"><ele>75</ele><time>2026-09-07T17:22:41.883405Z</time></trkpt>
  <trkpt lat="37.4130786" lon="-121.9949396"><ele>75</ele><time>2026-09-07T17:22:41.906137Z</time></trkpt>
  <trkpt lat="37.4130871" lon="-121.9949441"><ele>74</ele><time>2026-09-07T17:22:41.984009Z</time></trkpt>
  <trkpt lat="37.4130962" lon="-121.9949481"><ele>74</ele><time>2026-09-07T17:22:42.084627Z</time></trkpt>
  <trkpt lat="37.4131060" lon="-121.9949519"><ele>73</ele><time>2026-09-07T17:22:42.185330Z</time></trkpt>
  <trkpt lat="37.4131160" lon="-121.9949558"><ele>73</ele><time>2026-09-07T17:22:42.286493Z</time></trkpt>
  <trkpt lat="37.4131262" lon="-121.9949597"><ele>72</ele><time>2026-09-07T17:22:42.386508Z</time></trkpt>
  <trkpt lat="37.4131364" lon="-121.9949636"><ele>71</ele><time>2026-09-07T17:22:42.466932Z</time></trkpt>
  <trkpt lat="37.4131457" lon="-121.9949673"><ele>70</ele><time>2026-09-07T17:22:42.567354Z</time></trkpt>
  <trkpt lat="37.4131553" lon="-121.9949709"><ele>69</ele><time>2026-09-07T17:22:42.668296Z</time></trkpt>
  <trkpt lat="37.4131656" lon="-121.9949740"><ele>68</ele><time>2026-09-07T17:22:42.768814Z</time></trkpt>
  <trkpt lat="37.4131762" lon="-121.9949763"><ele>67</ele><time>2026-09-07T17:22:42.869603Z</time></trkpt>
  <trkpt lat="37.4131877" lon="-121.9949772"><ele>66</ele><time>2026-09-07T17:22:42.970544Z</time></trkpt>
  <trkpt lat="37.4132006" lon="-121.9949760"><ele>65</ele><time>2026-09-07T17:22:43.071255Z</time></trkpt>
  <trkpt lat="37.4132142" lon="-121.9949726"><ele>65</ele><time>2026-09-07T17:22:43.171686Z</time></trkpt>
  <trkpt lat="37.4132280" lon="-121.9949674"><ele>64</ele><time>2026-09-07T17:22:43.272346Z</time></trkpt>
  <trkpt lat="37.4132416" lon="-121.9949601"><ele>64</ele><time>2026-09-07T17:22:43.372766Z</time></trkpt>
  <trkpt lat="37.4132546" lon="-121.9949512"><ele>65</ele><time>2026-09-07T17:22:43.473152Z</time></trkpt>
  <trkpt lat="37.4132669" lon="-121.9949410"><ele>65</ele><time>2026-09-07T17:22:43.573521Z</time></trkpt>
  <trkpt lat="37.4132778" lon="-121.9949293"><ele>65</ele><time>2026-09-07T17:22:43.674091Z</time></trkpt>
  <trkpt lat="37.4132869" lon="-121.9949165"><ele>66</ele><time>2026-09-07T17:22:43.775423Z</time></trkpt>
  <trkpt lat="37.4132942" lon="-121.9949030"><ele>66</ele><time>2026-09-07T17:22:43.876905Z</time></trkpt>
  <trkpt lat="37.4133003" lon="-121.9948890"><ele>67</ele><time>2026-09-07T17:22:43.976988Z</time></trkpt>
  <trkpt lat="37.4133003" lon="-121.9948890"><ele>67</ele><time>2026-09-07T17:22:44.071094Z</time></trkpt>
  <trkpt lat="37.4133054" lon="-121.9948745"><ele>68</ele><time>2026-09-07T17:22:44.077573Z</time></trkpt>
  <trkpt lat="37.4133096" lon="-121.9948595"><ele>68</ele><time>2026-09-07T17:22:44.177510Z</time></trkpt>
  <trkpt lat="37.4133127" lon="-121.9948441"><ele>69</ele><time>2026-09-07T17:22:44.277956Z</time></trkpt>
  <trkpt lat="37.4133147" lon="-121.9948284"><ele>69</ele><time>2026-09-07T17:22:44.378829Z</time></trkpt>
  <trkpt lat="37.4133158" lon="-121.9948131"><ele>70</ele><time>2026-09-07T17:22:44.479389Z</time></trkpt>
  <trkpt lat="37.4133137" lon="-121.9947976"><ele>70</ele><time>2026-09-07T17:22:44.579620Z</time></trkpt>
  <trkpt lat="37.4133097" lon="-121.9947824"><ele>70</ele><time>2026-09-07T17:22:44.680624Z</time></trkpt>
  <trkpt lat="37.4133039" lon="-121.9947673"><ele>70</ele><time>2026-09-07T17:22:44.781130Z</time></trkpt>
  <trkpt lat="37.4132969" lon="-121.9947531"><ele>70</ele><time>2026-09-07T17:22:44.881715Z</time></trkpt>
  <trkpt lat="37.4132885" lon="-121.9947402"><ele>70</ele><time>2026-09-07T17:22:44.981969Z</time></trkpt>
  <trkpt lat="37.4132785" lon="-121.9947286"><ele>70</ele><time>2026-09-07T17:22:45.082366Z</time></trkpt>
  <trkpt lat="37.4132679" lon="-121.9947179"><ele>70</ele><time>2026-09-07T17:22:45.183962Z</time></trkpt>
  <trkpt lat="37.4132569" lon="-121.9947080"><ele>69</ele><time>2026-09-07T17:22:45.264452Z</time></trkpt>
  <trkpt lat="37.4132452" lon="-121.9946988"><ele>69</ele><time>2026-09-07T17:22:45.364744Z</time></trkpt>
  <trkpt lat="37.4132318" lon="-121.9946921"><ele>68</ele><time>2026-09-07T17:22:45.465276Z</time></trkpt>
  <trkpt lat="37.4132178" lon="-121.9946872"><ele>68</ele><time>2026-09-07T17:22:45.566086Z</time></trkpt>
  <trkpt lat="37.4132038" lon="-121.9946831"><ele>67</ele><time>2026-09-07T17:22:45.666821Z</time></trkpt>
  <trkpt lat="37.4131895" lon="-121.9946798"><ele>66</ele><time>2026-09-07T17:22:45.767141Z</time></trkpt>
  <trkpt lat="37.4131748" lon="-121.9946774"><ele>66</ele><time>2026-09-07T17:22:45.867495Z</time></trkpt>
  <trkpt lat="37.4131601" lon="-121.9946757"><ele>65</ele><time>2026-09-07T17:22:45.967851Z</time></trkpt>
  <trkpt lat="37.4131449" lon="-121.9946745"><ele>65</ele><time>2026-09-07T17:22:46.069483Z</time></trkpt>
  <trkpt lat="37.4131299" lon="-121.9946740"><ele>64</ele><time>2026-09-07T17:22:46.170236Z</time></trkpt>
  <trkpt lat="37.4131299" lon="-121.9946740"><ele>64</ele><time>2026-09-07T17:22:46.228818Z</time></trkpt>
  <trkpt lat="37.4131149" lon="-121.9946741"><ele>63</ele><time>2026-09-07T17:22:46.270203Z</time></trkpt>
  <trkpt lat="37.4130997" lon="-121.9946757"><ele>62</ele><time>2026-09-07T17:22:46.371132Z</time></trkpt>
  <trkpt lat="37.4130834" lon="-121.9946793"><ele>61</ele><time>2026-09-07T17:22:46.471665Z</time></trkpt>
  <trkpt lat="37.4130668" lon="-121.9946846"><ele>61</ele><time>2026-09-07T17:22:46.572435Z</time></trkpt>
  <trkpt lat="37.4130500" lon="-121.9946913"><ele>60</ele><time>2026-09-07T17:22:46.672816Z</time></trkpt>
  <trkpt lat="37.4130330" lon="-121.9946989"><ele>60</ele><time>2026-09-07T17:22:46.773209Z</time></trkpt>
  <trkpt lat="37.4130160" lon="-121.9947071"><ele>60</ele><time>2026-09-07T17:22:46.874072Z</time></trkpt>
  <trkpt lat="37.4129991" lon="-121.9947158"><ele>60</ele><time>2026-09-07T17:22:46.975130Z</time></trkpt>
  <trkpt lat="37.4129819" lon="-121.9947246"><ele>60</ele><time>2026-09-07T17:22:47.075540Z</time></trkpt>
  <trkpt lat="37.4129649" lon="-121.9947332"><ele>60</ele><time>2026-09-07T17:22:47.176359Z</time></trkpt>
  <trkpt lat="37.4129481" lon="-121.9947413"><ele>61</ele><time>2026-09-07T17:22:47.276754Z</time></trkpt>
  <trkpt lat="37.4129316" lon="-121.9947492"><ele>61</ele><time>2026-09-07T17:22:47.377407Z</time></trkpt>
  <trkpt lat="37.4129152" lon="-121.9947570"><ele>61</ele><time>2026-09-07T17:22:47.478043Z</time></trkpt>
  <trkpt lat="37.4128986" lon="-121.9947646"><ele>61</ele><time>2026-09-07T17:22:47.579065Z</time></trkpt>
  <trkpt lat="37.4128822" lon="-121.9947717"><ele>61</ele><time>2026-09-07T17:22:47.679771Z</time></trkpt>
  <trkpt lat="37.4128655" lon="-121.9947779"><ele>61</ele><time>2026-09-07T17:22:47.779733Z</time></trkpt>
  <trkpt lat="37.4128486" lon="-121.9947834"><ele>61</ele><time>2026-09-07T17:22:47.879828Z</time></trkpt>
  <trkpt lat="37.4128318" lon="-121.9947885"><ele>60</ele><time>2026-09-07T17:22:47.960402Z</time></trkpt>
  <trkpt lat="37.4128151" lon="-121.9947936"><ele>60</ele><time>2026-09-07T17:22:48.080725Z</time></trkpt>
  <trkpt lat="37.4127985" lon="-121.9947988"><ele>60</ele><time>2026-09-07T17:22:48.161962Z</time></trkpt>
  <trkpt lat="37.4127818" lon="-121.9948039"><ele>60</ele><time>2026-09-07T17:22:48.262380Z</time></trkpt>
  <trkpt lat="37.4127650" lon="-121.9948086"><ele>59</ele><time>2026-09-07T17:22:48.363111Z</time></trkpt>
  <trkpt lat="37.4127650" lon="-121.9948086"><ele>59</ele><time>2026-09-07T17:22:48.387263Z</time></trkpt>
  <trkpt lat="37.4127483" lon="-121.9948129"><ele>59</ele><time>2026-09-07T17:22:48.464132Z</time></trkpt>
  <trkpt lat="37.4127315" lon="-121.9948167"><ele>58</ele><time>2026-09-07T17:22:48.564799Z</time></trkpt>
  <trkpt lat="37.4127145" lon="-121.9948190"><ele>57</ele><time>2026-09-07T17:22:48.666391Z</time></trkpt>
  <trkpt lat="37.4126972" lon="-121.9948186"><ele>57</ele><time>2026-09-07T17:22:48.767235Z</time></trkpt>
  <trkpt lat="37.4126799" lon="-121.9948151"><ele>56</ele><time>2026-09-07T17:22:48.867783Z</time></trkpt>
  <trkpt lat="37.4126634" lon="-121.9948082"><ele>56</ele><time>2026-09-07T17:22:48.968073Z</time></trkpt>
  <trkpt lat="37.4126480" lon="-121.9947982"><ele>56</ele><time>2026-09-07T17:22:49.068726Z</time></trkpt>
  <trkpt lat="37.4126340" lon="-121.9947858"><ele>56</ele><time>2026-09-07T17:22:49.169428Z</time></trkpt>
  <trkpt lat="37.4126215" lon="-121.9947713"><ele>55</ele><time>2026-09-07T17:22:49.269762Z</time></trkpt>
  <trkpt lat="37.4126109" lon="-121.9947554"><ele>55</ele><time>2026-09-07T17:22:49.370177Z</time></trkpt>
  <trkpt lat="37.4126023" lon="-121.9947386"><ele>55</ele><time>2026-09-07T17:22:49.470786Z</time></trkpt>
  <trkpt lat="37.4125948" lon="-121.9947210"><ele>56</ele><time>2026-09-07T17:22:49.570924Z</time></trkpt>
  <trkpt lat="37.4125896" lon="-121.9947033"><ele>56</ele><time>2026-09-07T17:22:49.672459Z</time></trkpt>
  <trkpt lat="37.4125859" lon="-121.9946855"><ele>56</ele><time>2026-09-07T17:22:49.773546Z</time></trkpt>
  <trkpt lat="37.4125834" lon="-121.9946678"><ele>56</ele><time>2026-09-07T17:22:49.873712Z</time></trkpt>
  <trkpt lat="37.4125821" lon="-121.9946502"><ele>57</ele><time>2026-09-07T17:22:49.974594Z</time></trkpt>
  <trkpt lat="37.4125823" lon="-121.9946329"><ele>57</ele><time>2026-09-07T17:22:50.075214Z</time></trkpt>
  <trkpt lat="37.4125837" lon="-121.9946159"><ele>57</ele><time>2026-09-07T17:22:50.175905Z</time></trkpt>
  <trkpt lat="37.4125863" lon="-121.9945993"><ele>57</ele><time>2026-09-07T17:22:50.276287Z</time></trkpt>
  <trkpt lat="37.4125903" lon="-121.9945832"><ele>57</ele><time>2026-09-07T17:22:50.376768Z</time></trkpt>
  <trkpt lat="37.4125957" lon="-121.9945681"><ele>57</ele><time>2026-09-07T17:22:50.457478Z</time></trkpt>
  <trkpt lat="37.4125957" lon="-121.9945681"><ele>57</ele><time>2026-09-07T17:22:50.550099Z</time></trkpt>
  <trkpt lat="37.4126025" lon="-121.9945539"><ele>57</ele><time>2026-09-07T17:22:50.578557Z</time></trkpt>
  <trkpt lat="37.4126102" lon="-121.9945405"><ele>57</ele><time>2026-09-07T17:22:50.659518Z</time></trkpt>
  <trkpt lat="37.4126183" lon="-121.9945273"><ele>57</ele><time>2026-09-07T17:22:50.759933Z</time></trkpt>
  <trkpt lat="37.4126266" lon="-121.9945135"><ele>57</ele><time>2026-09-07T17:22:50.860484Z</time></trkpt>
  <trkpt lat="37.4126348" lon="-121.9944998"><ele>57</ele><time>2026-09-07T17:22:50.961847Z</time></trkpt>
  <trkpt lat="37.4126430" lon="-121.9944861"><ele>57</ele><time>2026-09-07T17:22:51.062042Z</time></trkpt>
  <trkpt lat="37.4126513" lon="-121.9944722"><ele>56</ele><time>2026-09-07T17:22:51.163219Z</time></trkpt>
  <trkpt lat="37.4126598" lon="-121.9944581"><ele>56</ele><time>2026-09-07T17:22:51.263804Z</time></trkpt>
  <trkpt lat="37.4126682" lon="-121.9944443"><ele>56</ele><time>2026-09-07T17:22:51.364493Z</time></trkpt>
  <trkpt lat="37.4126766" lon="-121.9944306"><ele>55</ele><time>2026-09-07T17:22:51.464763Z</time></trkpt>
  <trkpt lat="37.4126851" lon="-121.9944168"><ele>55</ele><time>2026-09-07T17:22:51.565774Z</time></trkpt>
  <trkpt lat="37.4126937" lon="-121.9944035"><ele>55</ele><time>2026-09-07T17:22:51.666708Z</time></trkpt>
  <trkpt lat="37.4127029" lon="-121.9943914"><ele>55</ele><time>2026-09-07T17:22:51.767762Z</time></trkpt>
  <trkpt lat="37.4127120" lon="-121.9943798"><ele>55</ele><time>2026-09-07T17:22:51.868211Z</time></trkpt>
  <trkpt lat="37.4127209" lon="-121.9943681"><ele>55</ele><time>2026-09-07T17:22:51.969077Z</time></trkpt>
  <trkpt lat="37.4127300" lon="-121.9943565"><ele>55</ele><time>2026-09-07T17:22:52.069555Z</time></trkpt>
  <trkpt lat="37.4127393" lon="-121.9943450"><ele>55</ele><time>2026-09-07T17:22:52.170214Z</time></trkpt>
  <trkpt lat="37.4127486" lon="-121.9943335"><ele>55</ele><time>2026-09-07T17:22:52.270953Z</time></trkpt>
  <trkpt lat="37.4127578" lon="-121.9943224"><ele>56</ele><time>2026-09-07T17:22:52.371831Z</time></trkpt>
  <trkpt lat="37.4127675" lon="-121.9943130"><ele>56</ele><time>2026-09-07T17:22:52.473562Z</time></trkpt>
  <trkpt lat="37.4127768" lon="-121.9943055"><ele>56</ele><time>2026-09-07T17:22:52.574937Z</time></trkpt>
  <trkpt lat="37.4127860" lon="-121.9942983"><ele>57</ele><time>2026-09-07T17:22:52.674992Z</time></trkpt>
  <trkpt lat="37.4127860" lon="-121.9942983"><ele>57</ele><time>2026-09-07T17:22:52.698895Z</time></trkpt>
  <trkpt lat="37.4127952" lon="-121.9942915"><ele>57</ele><time>2026-09-07T17:22:52.775777Z</time></trkpt>
  <trkpt lat="37.4128044" lon="-121.9942855"><ele>58</ele><time>2026-09-07T17:22:52.856109Z</time></trkpt>
  <trkpt lat="37.4128138" lon="-121.9942801"><ele>58</ele><time>2026-09-07T17:22:52.956663Z</time></trkpt>
  <trkpt lat="37.4128230" lon="-121.9942749"><ele>59</ele><time>2026-09-07T17:22:53.057279Z</time></trkpt>
  <trkpt lat="37.4128323" lon="-121.9942700"><ele>59</ele><time>2026-09-07T17:22:53.157830Z</time></trkpt>
  <trkpt lat="37.4128415" lon="-121.9942659"><ele>60</ele><time>2026-09-07T17:22:53.259049Z</time></trkpt>
  <trkpt lat="37.4128508" lon="-121.9942632"><ele>60</ele><time>2026-09-07T17:22:53.359396Z</time></trkpt>
  <trkpt lat="37.4128601" lon="-121.9942618"><ele>61</ele><time>2026-09-07T17:22:53.460171Z</time></trkpt>
  <trkpt lat="37.4128692" lon="-121.9942620"><ele>61</ele><time>2026-09-07T17:22:53.560876Z</time></trkpt>
  <trkpt lat="37.4128785" lon="-121.9942633"><ele>62</ele><time>2026-09-07T17:22:53.661572Z</time></trkpt>
  <trkpt lat="37.4128876" lon="-121.9942656"><ele>62</ele><time>2026-09-07T17:22:53.762169Z</time></trkpt>
  <trkpt lat="37.4128965" lon="-121.9942688"><ele>62</ele><time>2026-09-07T17:22:53.862989Z</time></trkpt>
  <trkpt lat="37.4129055" lon="-121.9942728"><ele>63</ele><time>2026-09-07T17:22:53.963630Z</time></trkpt>
  <trkpt lat="37.4129145" lon="-121.9942774"><ele>63</ele><time>2026-09-07T17:22:54.063689Z</time></trkpt>
  <trkpt lat="37.4129234" lon="-121.9942827"><ele>63</ele><time>2026-09-07T17:22:54.164082Z</time></trkpt>
  <trkpt lat="37.4129322" lon="-121.9942889"><ele>63</ele><time>2026-09-07T17:22:54.265100Z</time></trkpt>
  <trkpt lat="37.4129404" lon="-121.9942963"><ele>63</ele><time>2026-09-07T17:22:54.365526Z</time></trkpt>
  <trkpt lat="37.4129476" lon="-121.9943053"><ele>63</ele><time>2026-09-07T17:22:54.466746Z</time></trkpt>
  <trkpt lat="37.4129535" lon="-121.9943164"><ele>63</ele><time>2026-09-07T17:22:54.567704Z</time></trkpt>
  <trkpt lat="37.4129577" lon="-121.9943288"><ele>62</ele><time>2026-09-07T17:22:54.668641Z</time></trkpt>
  <trkpt lat="37.4129595" lon="-121.9943425"><ele>62</ele><time>2026-09-07T17:22:54.768869Z</time></trkpt>
  <trkpt lat="37.4129595" lon="-121.9943425"><ele>62</ele><time>2026-09-07T17:22:54.855351Z</time></trkpt>
  <trkpt lat="37.4129586" lon="-121.9943568"><ele>61</ele><time>2026-09-07T17:22:54.869596Z</time></trkpt>
  <trkpt lat="37.4129556" lon="-121.9943712"><ele>61</ele><time>2026-09-07T17:22:54.969787Z</time></trkpt>
  <trkpt lat="37.4129500" lon="-121.9943852"><ele>60</ele><time>2026-09-07T17:22:55.070467Z</time></trkpt>
  <trkpt lat="37.4129421" lon="-121.9943982"><ele>60</ele><time>2026-09-07T17:22:55.171130Z</time></trkpt>
  <trkpt lat="37.4129319" lon="-121.9944098"><ele>59</ele><time>2026-09-07T17:22:55.272215Z</time></trkpt>
  <trkpt lat="37.4129198" lon="-121.9944191"><ele>59</ele><time>2026-09-07T17:22:55.373652Z</time></trkpt>
  <trkpt lat="37.4129060" lon="-121.9944264"><ele>58</ele><time>2026-09-07T17:22:55.454262Z</time></trkpt>
  <trkpt lat="37.4128909" lon="-121.9944321"><ele>57</ele><time>2026-09-07T17:22:55.554828Z</time></trkpt>
  <trkpt lat="37.4128768" lon="-121.9944373"><ele>57</ele><time>2026-09-07T17:22:55.655618Z</time></trkpt>
  <trkpt lat="37.4128634" lon="-121.9944427"><ele>56</ele><time>2026-09-07T17:22:55.756084Z</time></trkpt>
  <trkpt lat="37.4128498" lon="-121.9944485"><ele>55</ele><time>2026-09-07T17:22:55.857002Z</time></trkpt>
  <trkpt lat="37.4128363" lon="-121.9944538"><ele>53</ele><time>2026-09-07T17:22:55.957721Z</time></trkpt>
  <trkpt lat="37.4128227" lon="-121.9944590"><ele>52</ele><time>2026-09-07T17:22:56.059030Z</time></trkpt>
  <trkpt lat="37.4128092" lon="-121.9944646"><ele>51</ele><time>2026-09-07T17:22:56.160030Z</time></trkpt>
  <trkpt lat="37.4127954" lon="-121.9944715"><ele>50</ele><time>2026-09-07T17:22:56.261316Z</time></trkpt>
  <trkpt lat="37.4127812" lon="-121.9944797"><ele>49</ele><time>2026-09-07T17:22:56.362126Z</time></trkpt>
  <trkpt lat="37.4127663" lon="-121.9944907"><ele>48</ele><time>2026-09-07T17:22:56.461671Z</time></trkpt>
  <trkpt lat="37.4127513" lon="-121.9945037"><ele>48</ele><time>2026-09-07T17:22:56.562156Z</time></trkpt>
  <trkpt lat="37.4127365" lon="-121.9945180"><ele>48</ele><time>2026-09-07T17:22:56.663078Z</time></trkpt>
  <trkpt lat="37.4127233" lon="-121.9945321"><ele>49</ele><time>2026-09-07T17:22:56.763977Z</time></trkpt>
  <trkpt lat="37.4127115" lon="-121.9945462"><ele>50</ele><time>2026-09-07T17:22:56.864649Z</time></trkpt>
  <trkpt lat="37.4127013" lon="-121.9945603"><ele>51</ele><time>2026-09-07T17:22:56.965196Z</time></trkpt>
  <trkpt lat="37.4127013" lon="-121.9945603"><ele>51</ele><time>2026-09-07T17:22:57.012075Z</time></trkpt>
  <trkpt lat="37.4126930" lon="-121.9945744"><ele>52</ele><time>2026-09-07T17:22:57.065863Z</time></trkpt>
  <trkpt lat="37.4126869" lon="-121.9945878"><ele>53</ele><time>2026-09-07T17:22:57.166282Z</time></trkpt>
  <trkpt lat="37.4126831" lon="-121.9946004"><ele>54</ele><time>2026-09-07T17:22:57.267349Z</time></trkpt>
  <trkpt lat="37.4126816" lon="-121.9946117"><ele>55</ele><time>2026-09-07T17:22:57.368225Z</time></trkpt>
  <trkpt lat="37.4126816" lon="-121.9946216"><ele>55</ele><time>2026-09-07T17:22:57.468842Z</time></trkpt>
  <trkpt lat="37.4126832" lon="-121.9946300"><ele>56</ele><time>2026-09-07T17:22:57.569978Z</time></trkpt>
  <trkpt lat="37.4126857" lon="-121.9946376"><ele>57</ele><time>2026-09-07T17:22:57.670982Z</time></trkpt>
  <trkpt lat="37.4126891" lon="-121.9946444"><ele>58</ele><time>2026-09-07T17:22:57.751035Z</time></trkpt>
  <trkpt lat="37.4126936" lon="-121.9946500"><ele>59</ele><time>2026-09-07T17:22:57.871648Z</time></trkpt>
  <trkpt lat="37.4126991" lon="-121.9946542"><ele>59</ele><time>2026-09-07T17:22:57.952295Z</time></trkpt>
  <trkpt lat="37.4127052" lon="-121.9946573"><ele>60</ele><time>2026-09-07T17:22:58.053022Z</time></trkpt>
  <trkpt lat="37.4127119" lon="-121.9946589"><ele>60</ele><time>2026-09-07T17:22:58.154280Z</time></trkpt>
  <trkpt lat="37.4127191" lon="-121.9946596"><ele>60</ele><time>2026-09-07T17:22:58.253939Z</time></trkpt>
  <trkpt lat="37.4127268" lon="-121.9946594"><ele>61</ele><time>2026-09-07T17:22:58.354720Z</time></trkpt>
  <trkpt lat="37.4127346" lon="-121.9946588"><ele>61</ele><time>2026-09-07T17:22:58.455711Z</time></trkpt>
  <trkpt lat="37.4127426" lon="-121.9946580"><ele>61</ele><time>2026-09-07T17:22:58.556563Z</time></trkpt>
  <trkpt lat="37.4127509" lon="-121.9946566"><ele>61</ele><time>2026-09-07T17:22:58.657581Z</time></trkpt>
  <trkpt lat="37.4127593" lon="-121.9946550"><ele>61</ele><time>2026-09-07T17:22:58.757827Z</time></trkpt>
  <trkpt lat="37.4127674" lon="-121.9946527"><ele>61</ele><time>2026-09-07T17:22:58.858793Z</time></trkpt>
  <trkpt lat="37.4127761" lon="-121.9946490"><ele>61</ele><time>2026-09-07T17:22:58.959805Z</time></trkpt>
  <trkpt lat="37.4127850" lon="-121.9946445"><ele>62</ele><time>2026-09-07T17:22:59.060042Z</time></trkpt>
  <trkpt lat="37.4127935" lon="-121.9946401"><ele>62</ele><time>2026-09-07T17:22:59.160913Z</time></trkpt>
  <trkpt lat="37.4127935" lon="-121.9946401"><ele>62</ele><time>2026-09-07T17:22:59.178224Z</time></trkpt>
  <trkpt lat="37.4128013" lon="-121.9946359"><ele>62</ele><time>2026-09-07T17:22:59.261862Z</time></trkpt>
  <trkpt lat="37.4128091" lon="-121.9946314"><ele>63</ele><time>2026-09-07T17:22:59.362304Z</time></trkpt>
  <trkpt lat="37.4128166" lon="-121.9946271"><ele>63</ele><time>2026-09-07T17:22:59.462918Z</time></trkpt>
  <trkpt lat="37.4128243" lon="-121.9946226"><ele>64</ele><time>2026-09-07T17:22:59.563218Z</time></trkpt>
  <trkpt lat="37.4128310" lon="-121.9946184"><ele>64</ele><time>2026-09-07T17:22:59.664803Z</time></trkpt>
  <trkpt lat="37.4128370" lon="-121.9946146"><ele>65</ele><time>2026-09-07T17:22:59.765091Z</time></trkpt>
  <trkpt lat="37.4128428" lon="-121.9946109"><ele>66</ele><time>2026-09-07T17:22:59.865738Z</time></trkpt>
  <trkpt lat="37.4128487" lon="-121.9946071"><ele>66</ele><time>2026-09-07T17:22:59.966402Z</time></trkpt>
  <trkpt lat="37.4128538" lon="-121.9946038"><ele>67</ele><time>2026-09-07T17:23:00.067096Z</time></trkpt>
  <trkpt lat="37.4128575" lon="-121.9946013"><ele>68</ele><time>2026-09-07T17:23:00.168368Z</time></trkpt>
  <trkpt lat="37.4128603" lon="-121.9945993"><ele>69</ele><time>2026-09-07T17:23:00.268217Z</time></trkpt>
  <trkpt lat="37.4128630" lon="-121.9945975"><ele>70</ele><time>2026-09-07T17:23:00.348349Z</time></trkpt>
  <trkpt lat="37.4128658" lon="-121.9945954"><ele>70</ele><time>2026-09-07T17:23:00.469323Z</time></trkpt>
  <trkpt lat="37.4128684" lon="-121.9945935"><ele>71</ele><time>2026-09-07T17:23:00.550160Z</time></trkpt>
  <trkpt lat="37.4128706" lon="-121.9945919"><ele>72</ele><time>2026-09-07T17:23:00.650306Z</time></trkpt>
  <trkpt lat="37.4128720" lon="-121.9945909"><ele>72</ele><time>2026-09-07T17:23:00.750542Z</time></trkpt>
  <trkpt lat="37.4128724" lon="-121.9945909"><ele>73</ele><time>2026-09-07T17:23:00.850869Z</time></trkpt>
  <trkpt lat="37.4128721" lon="-121.9945915"><ele>74</ele><time>2026-09-07T17:23:00.951357Z</time></trkpt>
  <trkpt lat="37.4128715" lon="-121.9945926"><ele>74</ele><time>2026-09-07T17:23:01.052389Z</time></trkpt>
  <trkpt lat="37.4128700" lon="-121.9945944"><ele>75</ele><time>2026-09-07T17:23:01.153893Z</time></trkpt>
  <trkpt lat="37.4128681" lon="-121.9945967"><ele>75</ele><time>2026-09-07T17:23:01.254640Z</time></trkpt>
  <trkpt lat="37.4128681" lon="-121.9945967"><ele>75</ele><time>2026-09-07T17:23:01.339329Z</time></trkpt>
  <trkpt lat="37.4128657" lon="-121.9945992"><ele>76</ele><time>2026-09-07T17:23:01.355762Z</time></trkpt>
  <trkpt lat="37.4128628" lon="-121.9946021"><ele>76</ele><time>2026-09-07T17:23:01.456582Z</time></trkpt>
  <trkpt lat="37.4128593" lon="-121.9946052"><ele>76</ele><time>2026-09-07T17:23:01.557213Z</time></trkpt>
  <trkpt lat="37.4128553" lon="-121.9946087"><ele>76</ele><time>2026-09-07T17:23:01.657506Z</time></trkpt>
  <trkpt lat="37.4128509" lon="-121.9946123"><ele>76</ele><time>2026-09-07T17:23:01.758498Z</time></trkpt>
  <trkpt lat="37.4128460" lon="-121.9946163"><ele>76</ele><time>2026-09-07T17:23:01.858887Z</time></trkpt>
  <trkpt lat="37.4128407" lon="-121.9946195"><ele>76</ele><time>2026-09-07T17:23:01.959203Z</time></trkpt>
  <trkpt lat="37.4128364" lon="-121.9946220"><ele>75</ele><time>2026-09-07T17:23:02.060197Z</time></trkpt>
  <trkpt lat="37.4128322" lon="-121.9946225"><ele>74</ele><time>2026-09-07T17:23:02.161391Z</time></trkpt>
  <trkpt lat="37.4128293" lon="-121.9946224"><ele>73</ele><time>2026-09-07T17:23:02.261412Z</time></trkpt>
  <trkpt lat="37.4128275" lon="-121.9946214"><ele>72</ele><time>2026-09-07T17:23:02.361916Z</time></trkpt>
  <trkpt lat="37.4128260" lon="-121.9946181"><ele>70</ele><time>2026-09-07T17:23:02.462684Z</time></trkpt>
  <trkpt lat="37.4128251" lon="-121.9946142"><ele>69</ele><time>2026-09-07T17:23:02.563392Z</time></trkpt>
  <trkpt lat="37.4128252" lon="-121.9946089"><ele>68</ele><time>2026-09-07T17:23:02.663737Z</time></trkpt>
  <trkpt lat="37.4128265" lon="-121.9946015"><ele>67</ele><time>2026-09-07T17:23:02.764205Z</time></trkpt>
  <trkpt lat="37.4128282" lon="-121.9945929"><ele>66</ele><time>2026-09-07T17:23:02.865049Z</time></trkpt>
  <trkpt lat="37.4128303" lon="-121.9945837"><ele>66</ele><time>2026-09-07T17:23:02.945811Z</time></trkpt>
  <trkpt lat="37.4128327" lon="-121.9945747"><ele>65</ele><time>2026-09-07T17:23:03.046125Z</time></trkpt>
  <trkpt lat="37.4128360" lon="-121.9945653"><ele>63</ele><time>2026-09-07T17:23:03.147127Z</time></trkpt>
  <trkpt lat="37.4128399" lon="-121.9945548"><ele>62</ele><time>2026-09-07T17:23:03.247564Z</time></trkpt>
  <trkpt lat="37.4128454" lon="-121.9945427"><ele>61</ele><time>2026-09-07T17:23:03.347771Z</time></trkpt>
  <trkpt lat="37.4128533" lon="-121.9945291"><ele>60</ele><time>2026-09-07T17:23:03.448200Z</time></trkpt>
  <trkpt lat="37.4128533" lon="-121.9945291"><ele>60</ele><time>2026-09-07T17:23:03.499790Z</time></trkpt>
  <trkpt lat="37.4128630" lon="-121.9945152"><ele>60</ele><time>2026-09-07T17:23:03.548213Z</time></trkpt>
  <trkpt lat="37.4128743" lon="-121.9945019"><ele>60</ele><time>2026-09-07T17:23:03.648556Z</time></trkpt>
  <trkpt lat="37.4128868" lon="-121.9944902"><ele>60</ele><time>2026-09-07T17:23:03.749188Z</time></trkpt>
  <trkpt lat="37.4129004" lon="-121.9944811"><ele>60</ele><time>2026-09-07T17:23:03.849616Z</time></trkpt>
  <trkpt lat="37.4129148" lon="-121.9944750"><ele>60</ele><time>2026-09-07T17:23:03.950355Z</time></trkpt>
  <trkpt lat="37.4129294" lon="-121.9944720"><ele>60</ele><time>2026-09-07T17:23:04.052059Z</time></trkpt>
  <trkpt lat="37.4129443" lon="-121.9944722"><ele>60</ele><time>2026-09-07T17:23:04.153297Z</time></trkpt>
  <trkpt lat="37.4129586" lon="-121.9944755"><ele>60</ele><time>2026-09-07T17:23:04.254491Z</time></trkpt>
  <trkpt lat="37.4129720" lon="-121.9944820"><ele>61</ele><time>2026-09-07T17:23:04.354149Z</time></trkpt>
  <trkpt lat="37.4129839" lon="-121.9944909"><ele>61</ele><time>2026-09-07T17:23:04.454718Z</time></trkpt>
  <trkpt lat="37.4129937" lon="-121.9945026"><ele>61</ele><time>2026-09-07T17:23:04.555927Z</time></trkpt>
  <trkpt lat="37.4130012" lon="-121.9945158"><ele>62</ele><time>2026-09-07T17:23:04.656278Z</time></trkpt>
  <trkpt lat="37.4130065" lon="-121.9945304"><ele>62</ele><time>2026-09-07T17:23:04.756830Z</time></trkpt>
  <trkpt lat="37.4130095" lon="-121.9945460"><ele>62</ele><time>2026-09-07T17:23:04.857083Z</time></trkpt>
  <trkpt lat="37.4130104" lon="-121.9945622"><ele>62</ele><time>2026-09-07T17:23:04.957277Z</time></trkpt>
  <trkpt lat="37.4130097" lon="-121.9945793"><ele>61</ele><time>2026-09-07T17:23:05.058587Z</time></trkpt>
  <trkpt lat="37.4130073" lon="-121.9945964"><ele>61</ele><time>2026-09-07T17:23:05.158932Z</time></trkpt>
  <trkpt lat="37.4130022" lon="-121.9946124"><ele>60</ele><time>2026-09-07T17:23:05.259885Z</time></trkpt>
  <trkpt lat="37.4129947" lon="-121.9946267"><ele>60</ele><time>2026-09-07T17:23:05.361115Z</time></trkpt>
  <trkpt lat="37.4129846" lon="-121.9946389"><ele>60</ele><time>2026-09-07T17:23:05.461431Z</time></trkpt>
  <trkpt lat="37.4129731" lon="-121.9946486"><ele>60</ele><time>2026-09-07T17:23:05.561856Z</time></trkpt>
  <trkpt lat="37.4129607" lon="-121.9946560"><ele>59</ele><time>2026-09-07T17:23:05.642818Z</time></trkpt>
  <trkpt lat="37.4129607" lon="-121.9946560"><ele>59</ele><time>2026-09-07T17:23:05.667274Z</time></trkpt>
  <trkpt lat="37.4129476" lon="-121.9946619"><ele>59</ele><time>2026-09-07T17:23:05.763360Z</time></trkpt>
  <trkpt lat="37.4129336" lon="-121.9946659"><ele>58</ele><time>2026-09-07T17:23:05.844773Z</time></trkpt>
  <trkpt lat="37.4129191" lon="-121.9946679"><ele>58</ele><time>2026-09-07T17:23:05.945671Z</time></trkpt>
  <trkpt lat="37.4129043" lon="-121.9946684"><ele>58</ele><time>2026-09-07T17:23:06.045425Z</time></trkpt>
  <trkpt lat="37.4128893" lon="-121.9946680"><ele>57</ele><time>2026-09-07T17:23:06.146328Z</time></trkpt>
  <trkpt lat="37.4128742" lon="-121.9946669"><ele>57</ele><time>2026-09-07T17:23:06.246910Z</time></trkpt>
  <trkpt lat="37.4128589" lon="-121.9946658"><ele>56</ele><time>2026-09-07T17:23:06.347586Z</time></trkpt>
  <trkpt lat="37.4128436" lon="-121.9946650"><ele>56</ele><time>2026-09-07T17:23:06.448044Z</time></trkpt>
  <trkpt lat="37.4128285" lon="-121.9946642"><ele>55</ele><time>2026-09-07T17:23:06.548652Z</time></trkpt>
  <trkpt lat="37.4128133" lon="-121.9946632"><ele>55</ele><time>2026-09-07T17:23:06.649145Z</time></trkpt>
  <trkpt lat="37.4127979" lon="-121.9946621"><ele>54</ele><time>2026-09-07T17:23:06.749864Z</time></trkpt>
  <trkpt lat="37.4127822" lon="-121.9946610"><ele>53</ele><time>2026-09-07T17:23:06.851286Z</time></trkpt>
  <trkpt lat="37.4127664" lon="-121.9946601"><ele>52</ele><time>2026-09-07T17:23:06.952667Z</time></trkpt>
  <trkpt lat="37.4127506" lon="-121.9946591"><ele>52</ele><time>2026-09-07T17:23:07.053133Z</time></trkpt>
  <trkpt lat="37.4127346" lon="-121.9946580"><ele>51</ele><time>2026-09-07T17:23:07.154096Z</time></trkpt>
  <trkpt lat="37.4127187" lon="-121.9946570"><ele>50</ele><time>2026-09-07T17:23:07.254521Z</time></trkpt>
  <trkpt lat="37.4127028" lon="-121.9946560"><ele>49</ele><time>2026-09-07T17:23:07.355594Z</time></trkpt>
  <trkpt lat="37.4126869" lon="-121.9946549"><ele>47</ele><time>2026-09-07T17:23:07.455433Z</time></trkpt>
  <trkpt lat="37.4126705" lon="-121.9946534"><ele>46</ele><time>2026-09-07T17:23:07.555880Z</time></trkpt>
  <trkpt lat="37.4126533" lon="-121.9946513"><ele>45</ele><time>2026-09-07T17:23:07.656010Z</time></trkpt>
  <trkpt lat="37.4126353" lon="-121.9946484"><ele>44</ele><time>2026-09-07T17:23:07.757215Z</time></trkpt>
  <trkpt lat="37.4126353" lon="-121.9946484"><ele>44</ele><time>2026-09-07T17:23:07.818891Z</time></trkpt>
  <trkpt lat="37.4126165" lon="-121.9946444"><ele>44</ele><time>2026-09-07T17:23:07.857660Z</time></trkpt>
  <trkpt lat="37.4125975" lon="-121.9946392"><ele>44</ele><time>2026-09-07T17:23:07.957790Z</time></trkpt>
  <trkpt lat="37.4125786" lon="-121.9946331"><ele>44</ele><time>2026-09-07T17:23:08.058371Z</time></trkpt>
  <trkpt lat="37.4125603" lon="-121.9946263"><ele>44</ele><time>2026-09-07T17:23:08.159763Z</time></trkpt>
  <trkpt lat="37.4125422" lon="-121.9946190"><ele>43</ele><time>2026-09-07T17:23:08.240123Z</time></trkpt>
  <trkpt lat="37.4125241" lon="-121.9946120"><ele>43</ele><time>2026-09-07T17:23:08.340835Z</time></trkpt>
  <trkpt lat="37.4125061" lon="-121.9946050"><ele>43</ele><time>2026-09-07T17:23:08.441312Z</time></trkpt>
  <trkpt lat="37.4124879" lon="-121.9945984"><ele>43</ele><time>2026-09-07T17:23:08.542091Z</time></trkpt>
  <trkpt lat="37.4124700" lon="-121.9945916"><ele>43</ele><time>2026-09-07T17:23:08.642620Z</time></trkpt>
  <trkpt lat="37.4124522" lon="-121.9945848"><ele>42</ele><time>2026-09-07T17:23:08.743601Z</time></trkpt>
  <trkpt lat="37.4124345" lon="-121.9945782"><ele>42</ele><time>2026-09-07T17:23:08.844571Z</time></trkpt>
  <trkpt lat="37.4124168" lon="-121.9945714"><ele>41</ele><time>2026-09-07T17:23:08.945170Z</time></trkpt>
  <trkpt lat="37.4123996" lon="-121.9945634"><ele>41</ele><time>2026-09-07T17:23:09.045640Z</time></trkpt>
  <trkpt lat="37.4123831" lon="-121.9945532"><ele>41</ele><time>2026-09-07T17:23:09.146137Z</time></trkpt>
  <trkpt lat="37.4123682" lon="-121.9945403"><ele>41</ele><time>2026-09-07T17:23:09.247466Z</time></trkpt>
  <trkpt lat="37.4123551" lon="-121.9945257"><ele>41</ele><time>2026-09-07T17:23:09.347775Z</time></trkpt>
  <trkpt lat="37.4123431" lon="-121.9945105"><ele>41</ele><time>2026-09-07T17:23:09.448008Z</time></trkpt>
  <trkpt lat="37.4123334" lon="-121.9944941"><ele>41</ele><time>2026-09-07T17:23:09.548682Z</time></trkpt>
  <trkpt lat="37.4123277" lon="-121.9944767"><ele>41</ele><time>2026-09-07T17:23:09.648800Z</time></trkpt>
  <trkpt lat="37.4123243" lon="-121.9944589"><ele>41</ele><time>2026-09-07T17:23:09.749289Z</time></trkpt>
  <trkpt lat="37.4123229" lon="-121.9944412"><ele>42</ele><time>2026-09-07T17:23:09.849502Z</time></trkpt>
  <trkpt lat="37.4123254" lon="-121.9944245"><ele>42</ele><time>2026-09-07T17:23:09.949998Z</time></trkpt>
  <trkpt lat="37.4123254" lon="-121.9944245"><ele>42</ele><time>2026-09-07T17:23:09.973265Z</time></trkpt>
  <trkpt lat="37.4123305" lon="-121.9944096"><ele>42</ele><time>2026-09-07T17:23:10.050496Z</time></trkpt>
  <trkpt lat="37.4123371" lon="-121.9943970"><ele>42</ele><time>2026-09-07T17:23:10.151391Z</time></trkpt>
  <trkpt lat="37.4123453" lon="-121.9943858"><ele>42</ele><time>2026-09-07T17:23:10.252878Z</time></trkpt>
  <trkpt lat="37.4123541" lon="-121.9943753"><ele>42</ele><time>2026-09-07T17:23:10.353782Z</time></trkpt>
  <trkpt lat="37.4123634" lon="-121.9943651"><ele>42</ele><time>2026-09-07T17:23:10.454321Z</time></trkpt>
  <trkpt lat="37.4123730" lon="-121.9943543"><ele>42</ele><time>2026-09-07T17:23:10.554460Z</time></trkpt>
  <trkpt lat="37.4123819" lon="-121.9943433"><ele>41</ele><time>2026-09-07T17:23:10.655048Z</time></trkpt>
  <trkpt lat="37.4123905" lon="-121.9943322"><ele>41</ele><time>2026-09-07T17:23:10.755498Z</time></trkpt>
  <trkpt lat="37.4123991" lon="-121.9943212"><ele>40</ele><time>2026-09-07T17:23:10.856040Z</time></trkpt>
  <trkpt lat="37.4124081" lon="-121.9943104"><ele>40</ele><time>2026-09-07T17:23:10.955854Z</time></trkpt>
  <trkpt lat="37.4124180" lon="-121.9943002"><ele>39</ele><time>2026-09-07T17:23:11.056288Z</time></trkpt>
  <trkpt lat="37.4124285" lon="-121.9942908"><ele>39</ele><time>2026-09-07T17:23:11.156487Z</time></trkpt>
  <trkpt lat="37.4124391" lon="-121.9942816"><ele>39</ele><time>2026-09-07T17:23:11.237253Z</time></trkpt>
  <trkpt lat="37.4124496" lon="-121.9942726"><ele>39</ele><time>2026-09-07T17:23:11.338299Z</time></trkpt>
  <trkpt lat="37.4124598" lon="-121.9942638"><ele>40</ele><time>2026-09-07T17:23:11.438908Z</time></trkpt>
  <trkpt lat="37.4124700" lon="-121.9942547"><ele>40</ele><time>2026-09-07T17:23:11.539119Z</time></trkpt>
  <trkpt lat="37.4124801" lon="-121.9942457"><ele>40</ele><time>2026-09-07T17:23:11.639747Z</time></trkpt>
  <trkpt lat="37.4124898" lon="-121.9942369"><ele>40</ele><time>2026-09-07T17:23:11.740852Z</time></trkpt>
  <trkpt lat="37.4124993" lon="-121.9942281"><ele>40</ele><time>2026-09-07T17:23:11.841864Z</time></trkpt>
  <trkpt lat="37.4125085" lon="-121.9942190"><ele>40</ele><time>2026-09-07T17:23:11.943115Z</time></trkpt>
  <trkpt lat="37.4125177" lon="-121.9942092"><ele>40</ele><time>2026-09-07T17:23:12.044374Z</time></trkpt>
  <trkpt lat="37.4125177" lon="-121.9942092"><ele>40</ele><time>2026-09-07T17:23:12.131510Z</time></trkpt>
  <trkpt lat="37.4125267" lon="-121.9941990"><ele>40</ele><time>2026-09-07T17:23:12.145083Z</time></trkpt>
  <trkpt lat="37.4125361" lon="-121.9941882"><ele>39</ele><time>2026-09-07T17:23:12.245768Z</time></trkpt>
  <trkpt lat="37.4125449" lon="-121.9941776"><ele>39</ele><time>2026-09-07T17:23:12.346082Z</time></trkpt>
  <trkpt lat="37.4125534" lon="-121.9941670"><ele>39</ele><time>2026-09-07T17:23:12.446947Z</time></trkpt>
  <trkpt lat="37.4125614" lon="-121.9941559"><ele>38</ele><time>2026-09-07T17:23:12.547028Z</time></trkpt>
  <trkpt lat="37.4125693" lon="-121.9941438"><ele>38</ele><time>2026-09-07T17:23:12.647338Z</time></trkpt>
  <trkpt lat="37.4125767" lon="-121.9941310"><ele>38</ele><time>2026-09-07T17:23:12.747641Z</time></trkpt>
  <trkpt lat="37.4125835" lon="-121.9941171"><ele>38</ele><time>2026-09-07T17:23:12.847934Z</time></trkpt>
  <trkpt lat="37.4125891" lon="-121.9941026"><ele>38</ele><time>2026-09-07T17:23:12.949554Z</time></trkpt>
  <trkpt lat="37.4125935" lon="-121.9940876"><ele>38</ele><time>2026-09-07T17:23:13.051048Z</time></trkpt>
  <trkpt lat="37.4125968" lon="-121.9940724"><ele>38</ele><time>2026-09-07T17:23:13.152622Z</time></trkpt>
  <trkpt lat="37.4125995" lon="-121.9940567"><ele>38</ele><time>2026-09-07T17:23:13.253894Z</time></trkpt>
  <trkpt lat="37.4126011" lon="-121.9940411"><ele>38</ele><time>2026-09-07T17:23:13.334551Z</time></trkpt>
  <trkpt lat="37.4126016" lon="-121.9940259"><ele>38</ele><time>2026-09-07T17:23:13.455148Z</time></trkpt>
  <trkpt lat="37.4126018" lon="-121.9940108"><ele>39</ele><time>2026-09-07T17:23:13.535326Z</time></trkpt>
  <trkpt lat="37.4126016" lon="-121.9939957"><ele>39</ele><time>2026-09-07T17:23:13.636544Z</time></trkpt>
  <trkpt lat="37.4126014" lon="-121.9939807"><ele>39</ele><time>2026-09-07T17:23:13.737624Z</time></trkpt>
  <trkpt lat="37.4126008" lon="-121.9939657"><ele>39</ele><time>2026-09-07T17:23:13.837974Z</time></trkpt>
  <trkpt lat="37.4125998" lon="-121.9939508"><ele>39</ele><time>2026-09-07T17:23:13.938920Z</time></trkpt>
  <trkpt lat="37.4125983" lon="-121.9939360"><ele>39</ele><time>2026-09-07T17:23:14.039621Z</time></trkpt>
  <trkpt lat="37.4125959" lon="-121.9939214"><ele>39</ele><time>2026-09-07T17:23:14.140246Z</time></trkpt>
  <trkpt lat="37.4125926" lon="-121.9939070"><ele>39</ele><time>2026-09-07T17:23:14.240990Z</time></trkpt>
  <trkpt lat="37.4125926" lon="-121.9939070"><ele>39</ele><time>2026-09-07T17:23:14.289533Z</time></trkpt>
  <trkpt lat="37.4125885" lon="-121.9938930"><ele>38</ele><time>2026-09-07T17:23:14.341381Z</time></trkpt>
  <trkpt lat="37.4125839" lon="-121.9938795"><ele>38</ele><time>2026-09-07T17:23:14.441929Z</time></trkpt>
  <trkpt lat="37.4125787" lon="-121.9938661"><ele>38</ele><time>2026-09-07T17:23:14.542318Z</time></trkpt>
  <trkpt lat="37.4125731" lon="-121.9938530"><ele>38</ele><time>2026-09-07T17:23:14.643017Z</time></trkpt>
  <trkpt lat="37.4125671" lon="-121.9938400"><ele>38</ele><time>2026-09-07T17:23:14.743058Z</time></trkpt>
  <trkpt lat="37.4125613" lon="-121.9938274"><ele>38</ele><time>2026-09-07T17:23:14.843577Z</time></trkpt>
  <trkpt lat="37.4125552" lon="-121.9938152"><ele>38</ele><time>2026-09-07T17:23:14.943851Z</time></trkpt>
  <trkpt lat="37.4125487" lon="-121.9938034"><ele>37</ele><time>2026-09-07T17:23:15.044396Z</time></trkpt>
  <trkpt lat="37.4125421" lon="-121.9937917"><ele>37</ele><time>2026-09-07T17:23:15.145115Z</time></trkpt>
  <trkpt lat="37.4125352" lon="-121.9937805"><ele>37</ele><time>2026-09-07T17:23:15.245768Z</time></trkpt>
  <trkpt lat="37.4125279" lon="-121.9937696"><ele>36</ele><time>2026-09-07T17:23:15.346155Z</time></trkpt>
  <trkpt lat="37.4125201" lon="-121.9937593"><ele>36</ele><time>2026-09-07T17:23:15.446915Z</time></trkpt>
  <trkpt lat="37.4125119" lon="-121.9937496"><ele>36</ele><time>2026-09-07T17:23:15.548017Z</time></trkpt>
  <trkpt lat="37.4125036" lon="-121.9937403"><ele>35</ele><time>2026-09-07T17:23:15.649555Z</time></trkpt>
  <trkpt lat="37.4124948" lon="-121.9937316"><ele>35</ele><time>2026-09-07T17:23:15.750086Z</time></trkpt>
  <trkpt lat="37.4124860" lon="-121.9937232"><ele>35</ele><time>2026-09-07T17:23:15.850385Z</time></trkpt>
  <trkpt lat="37.4124769" lon="-121.9937152"><ele>35</ele><time>2026-09-07T17:23:15.950552Z</time></trkpt>
  <trkpt lat="37.4124678" lon="-121.9937076"><ele>34</ele><time>2026-09-07T17:23:16.051356Z</time></trkpt>
  <trkpt lat="37.4124585" lon="-121.9937002"><ele>34</ele><time>2026-09-07T17:23:16.132128Z</time></trkpt>
  <trkpt lat="37.4124492" lon="-121.9936932"><ele>34</ele><time>2026-09-07T17:23:16.232520Z</time></trkpt>
  <trkpt lat="37.4124397" lon="-121.9936865"><ele>33</ele><time>2026-09-07T17:23:16.332671Z</time></trkpt>
  <trkpt lat="37.4124301" lon="-121.9936803"><ele>33</ele><time>2026-09-07T17:23:16.434297Z</time></trkpt>
  <trkpt lat="37.4124301" lon="-121.9936803"><ele>33</ele><time>2026-09-07T17:23:16.441546Z</time></trkpt>
  <trkpt lat="37.4124203" lon="-121.9936746"><ele>32</ele><time>2026-09-07T17:23:16.535269Z</time></trkpt>
  <trkpt lat="37.4124102" lon="-121.9936692"><ele>32</ele><time>2026-09-07T17:23:16.635130Z</time></trkpt>
  <trkpt lat="37.4123998" lon="-121.9936646"><ele>32</ele><time>2026-09-07T17:23:16.735769Z</time></trkpt>
  <trkpt lat="37.4123893" lon="-121.9936603"><ele>31</ele><time>2026-09-07T17:23:16.836368Z</time></trkpt>
  <trkpt lat="37.4123787" lon="-121.9936565"><ele>31</ele><time>2026-09-07T17:23:16.937383Z</time></trkpt>
  <trkpt lat="37.4123679" lon="-121.9936532"><ele>30</ele><time>2026-09-07T17:23:17.037361Z</time></trkpt>
  <trkpt lat="37.4123569" lon="-121.9936506"><ele>30</ele><time>2026-09-07T17:23:17.137885Z</time></trkpt>
  <trkpt lat="37.4123458" lon="-121.9936485"><ele>30</ele><time>2026-09-07T17:23:17.238446Z</time></trkpt>
  <trkpt lat="37.4123347" lon="-121.9936469"><ele>29</ele><time>2026-09-07T17:23:17.338955Z</time></trkpt>
  <trkpt lat="37.4123237" lon="-121.9936457"><ele>29</ele><time>2026-09-07T17:23:17.439458Z</time></trkpt>
  <trkpt lat="37.4123127" lon="-121.9936448"><ele>28</ele><time>2026-09-07T17:23:17.539656Z</time></trkpt>
  <trkpt lat="37.4123014" lon="-121.9936447"><ele>28</ele><time>2026-09-07T17:23:17.640176Z</time></trkpt>
  <trkpt lat="37.4122900" lon="-121.9936455"><ele>28</ele><time>2026-09-07T17:23:17.740862Z</time></trkpt>
  <trkpt lat="37.4122783" lon="-121.9936468"><ele>27</ele><time>2026-09-07T17:23:17.841205Z</time></trkpt>
  <trkpt lat="37.4122668" lon="-121.9936491"><ele>27</ele><time>2026-09-07T17:23:17.941862Z</time></trkpt>
  <trkpt lat="37.4122556" lon="-121.9936525"><ele>27</ele><time>2026-09-07T17:23:18.043028Z</time></trkpt>
  <trkpt lat="37.4122446" lon="-121.9936569"><ele>26</ele><time>2026-09-07T17:23:18.144440Z</time></trkpt>
  <trkpt lat="37.4122336" lon="-121.9936620"><ele>26</ele><time>2026-09-07T17:23:18.245132Z</time></trkpt>
  <trkpt lat="37.4122229" lon="-121.9936682"><ele>26</ele><time>2026-09-07T17:23:18.345665Z</time></trkpt>
  <trkpt lat="37.4122126" lon="-121.9936753"><ele>25</ele><time>2026-09-07T17:23:18.446397Z</time></trkpt>
  <trkpt lat="37.4122026" lon="-121.9936832"><ele>25</ele><time>2026-09-07T17:23:18.547557Z</time></trkpt>
  <trkpt lat="37.4122026" lon="-121.9936832"><ele>25</ele><time>2026-09-07T17:23:18.605090Z</time></trkpt>
  <trkpt lat="37.4121932" lon="-121.9936918"><ele>25</ele><time>2026-09-07T17:23:18.648001Z</time></trkpt>
  <trkpt lat="37.4121842" lon="-121.9937012"><ele>24</ele><time>2026-09-07T17:23:18.749028Z</time></trkpt>
  <trkpt lat="37.4121759" lon="-121.9937114"><ele>24</ele><time>2026-09-07T17:23:18.829424Z</time></trkpt>
  <trkpt lat="37.4121680" lon="-121.9937223"><ele>24</ele><time>2026-09-07T17:23:18.929748Z</time></trkpt>
  <trkpt lat="37.4121606" lon="-121.9937338"><ele>23</ele><time>2026-09-07T17:23:19.030426Z</time></trkpt>
  <trkpt lat="37.4121535" lon="-121.9937458"><ele>23</ele><time>2026-09-07T17:23:19.130486Z</time></trkpt>
  <trkpt lat="37.4121470" lon="-121.9937581"><ele>22</ele><time>2026-09-07T17:23:19.231304Z</time></trkpt>
  <trkpt lat="37.4121406" lon="-121.9937707"><ele>22</ele><time>2026-09-07T17:23:19.331470Z</time></trkpt>
  <trkpt lat="37.4121345" lon="-121.9937837"><ele>22</ele><time>2026-09-07T17:23:19.432198Z</time></trkpt>
  <trkpt lat="37.4121284" lon="-121.9937969"><ele>21</ele><time>2026-09-07T17:23:19.533297Z</time></trkpt>
  <trkpt lat="37.4121221" lon="-121.9938102"><ele>21</ele><time>2026-09-07T17:23:19.634029Z</time></trkpt>
  <trkpt lat="37.4121155" lon="-121.9938237"><ele>20</ele><time>2026-09-07T17:23:19.734207Z</time></trkpt>
  <trkpt lat="37.4121091" lon="-121.9938372"><ele>20</ele><time>2026-09-07T17:23:19.834725Z</time></trkpt>
  <trkpt lat="37.4121025" lon="-121.9938508"><ele>20</ele><time>2026-09-07T17:23:19.935361Z</time></trkpt>
  <trkpt lat="37.4120956" lon="-121.9938645"><ele>19</ele><time>2026-09-07T17:23:20.035601Z</time></trkpt>
  <trkpt lat="37.4120886" lon="-121.9938783"><ele>19</ele><time>2026-09-07T17:23:20.135915Z</time></trkpt>
  <trkpt lat="37.4120816" lon="-121.9938920"><ele>19</ele><time>2026-09-07T17:23:20.237048Z</time></trkpt>
  <trkpt lat="37.4120748" lon="-121.9939058"><ele>18</ele><time>2026-09-07T17:23:20.337951Z</time></trkpt>
  <trkpt lat="37.4120677" lon="-121.9939194"><ele>18</ele><time>2026-09-07T17:23:20.438360Z</time></trkpt>
  <trkpt lat="37.4120608" lon="-121.9939322"><ele>17</ele><time>2026-09-07T17:23:20.539116Z</time></trkpt>
  <trkpt lat="37.4120542" lon="-121.9939450"><ele>17</ele><time>2026-09-07T17:23:20.639638Z</time></trkpt>
  <trkpt lat="37.4120478" lon="-121.9939582"><ele>16</ele><time>2026-09-07T17:23:20.740748Z</time></trkpt>
  <trkpt lat="37.4120478" lon="-121.9939582"><ele>16</ele><time>2026-09-07T17:23:20.761693Z</time></trkpt>
  <trkpt lat="37.4120415" lon="-121.9939716"><ele>15</ele><time>2026-09-07T17:23:20.841486Z</time></trkpt>
  <trkpt lat="37.4120357" lon="-121.9939854"><ele>15</ele><time>2026-09-07T17:23:20.941672Z</time></trkpt>
  <trkpt lat="37.4120303" lon="-121.9940000"><ele>14</ele><time>2026-09-07T17:23:21.041959Z</time></trkpt>
  <trkpt lat="37.4120251" lon="-121.9940150"><ele>14</ele><time>2026-09-07T17:23:21.143436Z</time></trkpt>
  <trkpt lat="37.4120203" lon="-121.9940301"><ele>14</ele><time>2026-09-07T17:23:21.242926Z</time></trkpt>
  <trkpt lat="37.4120158" lon="-121.9940451"><ele>14</ele><time>2026-09-07T17:23:21.343231Z</time></trkpt>
  <trkpt lat="37.4120117" lon="-121.9940603"><ele>13</ele><time>2026-09-07T17:23:21.443806Z</time></trkpt>
  <trkpt lat="37.4120075" lon="-121.9940754"><ele>13</ele><time>2026-09-07T17:23:21.543883Z</time></trkpt>
  <trkpt lat="37.4120033" lon="-121.9940899"><ele>13</ele><time>2026-09-07T17:23:21.644432Z</time></trkpt>
  <trkpt lat="37.4119991" lon="-121.9941042"><ele>13</ele><time>2026-09-07T17:23:21.745511Z</time></trkpt>
  <trkpt lat="37.4119948" lon="-121.9941185"><ele>13</ele><time>2026-09-07T17:23:21.825985Z</time></trkpt>
  <trkpt lat="37.4119902" lon="-121.9941328"><ele>13</ele><time>2026-09-07T17:23:21.946955Z</time></trkpt>
  <trkpt lat="37.4119852" lon="-121.9941466"><ele>13</ele><time>2026-09-07T17:23:22.027031Z</time></trkpt>
  <trkpt lat="37.4119803" lon="-121.9941604"><ele>13</ele><time>2026-09-07T17:23:22.127542Z</time></trkpt>
  <trkpt lat="37.4119754" lon="-121.9941738"><ele>13</ele><time>2026-09-07T17:23:22.227911Z</time></trkpt>
  <trkpt lat="37.4119707" lon="-121.9941871"><ele>13</ele><time>2026-09-07T17:23:22.328116Z</time></trkpt>
  <trkpt lat="37.4119660" lon="-121.9942002"><ele>12</ele><time>2026-09-07T17:23:22.428404Z</time></trkpt>
  <trkpt lat="37.4119614" lon="-121.9942133"><ele>12</ele><time>2026-09-07T17:23:22.529185Z</time></trkpt>
  <trkpt lat="37.4119571" lon="-121.9942264"><ele>12</ele><time>2026-09-07T17:23:22.629533Z</time></trkpt>
  <trkpt lat="37.4119530" lon="-121.9942395"><ele>12</ele><time>2026-09-07T17:23:22.730129Z</time></trkpt>
  <trkpt lat="37.4119490" lon="-121.9942528"><ele>12</ele><time>2026-09-07T17:23:22.831131Z</time></trkpt>
  <trkpt lat="37.4119490" lon="-121.9942528"><ele>12</ele><time>2026-09-07T17:23:22.918387Z</time></trkpt>
  <trkpt lat="37.4119452" lon="-121.9942661"><ele>11</ele><time>2026-09-07T17:23:22.931615Z</time></trkpt>
  <trkpt lat="37.4119416" lon="-121.9942794"><ele>11</ele><time>2026-09-07T17:23:23.032412Z</time></trkpt>
  <trkpt lat="37.4119382" lon="-121.9942928"><ele>11</ele><time>2026-09-07T17:23:23.132870Z</time></trkpt>
  <trkpt lat="37.4119352" lon="-121.9943062"><ele>11</ele><time>2026-09-07T17:23:23.233761Z</time></trkpt>
  <trkpt lat="37.4119322" lon="-121.9943194"><ele>11</ele><time>2026-09-07T17:23:23.334095Z</time></trkpt>
  <trkpt lat="37.4119293" lon="-121.9943327"><ele>10</ele><time>2026-09-07T17:23:23.434486Z</time></trkpt>
  <trkpt lat="37.4119264" lon="-121.9943460"><ele>10</ele><time>2026-09-07T17:23:23.535355Z</time></trkpt>
  <trkpt lat="37.4119237" lon="-121.9943592"><ele>10</ele><time>2026-09-07T17:23:23.636276Z</time></trkpt>
  <trkpt lat="37.4119209" lon="-121.9943724"><ele>10</ele><time>2026-09-07T17:23:23.736942Z</time></trkpt>
  <trkpt lat="37.4119184" lon="-121.9943854"><ele>9</ele><time>2026-09-07T17:23:23.837937Z</time></trkpt>
  <trkpt lat="37.4119159" lon="-121.9943984"><ele>9</ele><time>2026-09-07T17:23:23.938807Z</time></trkpt>
  <trkpt lat="37.4119133" lon="-121.9944113"><ele>9</ele><time>2026-09-07T17:23:24.038546Z</time></trkpt>
  <trkpt lat="37.4119108" lon="-121.9944244"><ele>8</ele><time>2026-09-07T17:23:24.139406Z</time></trkpt>
  <trkpt lat="37.4119083" lon="-121.9944373"><ele>8</ele><time>2026-09-07T17:23:24.240611Z</time></trkpt>
  <trkpt lat="37.4119062" lon="-121.9944504"><ele>8</ele><time>2026-09-07T17:23:24.341150Z</time></trkpt>
  <trkpt lat="37.4119044" lon="-121.9944636"><ele>7</ele><time>2026-09-07T17:23:24.441532Z</time></trkpt>
  <trkpt lat="37.4119031" lon="-121.9944769"><ele>7</ele><time>2026-09-07T17:23:24.542110Z</time></trkpt>
  <trkpt lat="37.4119020" lon="-121.9944900"><ele>7</ele><time>2026-09-07T17:23:24.623395Z</time></trkpt>
  <trkpt lat="37.4119011" lon="-121.9945032"><ele>7</ele><time>2026-09-07T17:23:24.744346Z</time></trkpt>
  <trkpt lat="37.4119005" lon="-121.9945163"><ele>6</ele><time>2026-09-07T17:23:24.825129Z</time></trkpt>
  <trkpt lat="37.4119003" lon="-121.9945293"><ele>6</ele><time>2026-09-07T17:23:24.925322Z</time></trkpt>
  <trkpt lat="37.4119003" lon="-121.9945422"><ele>6</ele><time>2026-09-07T17:23:25.026016Z</time></trkpt>
  <trkpt lat="37.4119003" lon="-121.9945422"><ele>6</ele><time>2026-09-07T17:23:25.077831Z</time></trkpt>
  <trkpt lat="37.4119006" lon="-121.9945550"><ele>6</ele><time>2026-09-07T17:23:25.127658Z</time></trkpt>
  <trkpt lat="37.4119014" lon="-121.9945678"><ele>6</ele><time>2026-09-07T17:23:25.228507Z</time></trkpt>
  <trkpt lat="37.4119024" lon="-121.9945806"><ele>5</ele><time>2026-09-07T17:23:25.329446Z</time></trkpt>
  <trkpt lat="37.4119033" lon="-121.9945933"><ele>5</ele><time>2026-09-07T17:23:25.430944Z</time></trkpt>
  <trkpt lat="37.4119046" lon="-121.9946059"><ele>5</ele><time>2026-09-07T17:23:25.531059Z</time></trkpt>
  <trkpt lat="37.4119061" lon="-121.9946184"><ele>5</ele><time>2026-09-07T17:23:25.631560Z</time></trkpt>
  <trkpt lat="37.4119079" lon="-121.9946308"><ele>5</ele><time>2026-09-07T17:23:25.732015Z</time></trkpt>
  <trkpt lat="37.4119101" lon="-121.9946431"><ele>5</ele><time>2026-09-07T17:23:25.833403Z</time></trkpt>
  <trkpt lat="37.4119127" lon="-121.9946554"><ele>4</ele><time>2026-09-07T17:23:25.933713Z</time></trkpt>
  <trkpt lat="37.4119158" lon="-121.9946675"><ele>4</ele><time>2026-09-07T17:23:26.034364Z</time></trkpt>
  <trkpt lat="37.4119192" lon="-121.9946797"><ele>4</ele><time>2026-09-07T17:23:26.134923Z</time></trkpt>
  <trkpt lat="37.4119229" lon="-121.9946915"><ele>4</ele><time>2026-09-07T17:23:26.235246Z</time></trkpt>
  <trkpt lat="37.4119270" lon="-121.9947032"><ele>4</ele><time>2026-09-07T17:23:26.335730Z</time></trkpt>
  <trkpt lat="37.4119313" lon="-121.9947147"><ele>4</ele><time>2026-09-07T17:23:26.436560Z</time></trkpt>
  <trkpt lat="37.4119362" lon="-121.9947255"><ele>4</ele><time>2026-09-07T17:23:26.536677Z</time></trkpt>
  <trkpt lat="37.4119413" lon="-121.9947359"><ele>5</ele><time>2026-09-07T17:23:26.637675Z</time></trkpt>
  <trkpt lat="37.4119468" lon="-121.9947459"><ele>5</ele><time>2026-09-07T17:23:26.738425Z</time></trkpt>
  <trkpt lat="37.4119524" lon="-121.9947555"><ele>5</ele><time>2026-09-07T17:23:26.839002Z</time></trkpt>
  <trkpt lat="37.4119584" lon="-121.9947643"><ele>5</ele><time>2026-09-07T17:23:26.939224Z</time></trkpt>
  <trkpt lat="37.4119645" lon="-121.9947724"><ele>5</ele><time>2026-09-07T17:23:27.039614Z</time></trkpt>
  <trkpt lat="37.4119712" lon="-121.9947798"><ele>5</ele><time>2026-09-07T17:23:27.140226Z</time></trkpt>
  <trkpt lat="37.4119777" lon="-121.9947866"><ele>6</ele><time>2026-09-07T17:23:27.220349Z</time></trkpt>
  <trkpt lat="37.4119777" lon="-121.9947866"><ele>6</ele><time>2026-09-07T17:23:27.237624Z</time></trkpt>
  <trkpt lat="37.4119845" lon="-121.9947927"><ele>6</ele><time>2026-09-07T17:23:27.320938Z</time></trkpt>
  <trkpt lat="37.4119913" lon="-121.9947987"><ele>6</ele><time>2026-09-07T17:23:27.421713Z</time></trkpt>
  <trkpt lat="37.4119981" lon="-121.9948042"><ele>6</ele><time>2026-09-07T17:23:27.523099Z</time></trkpt>
  <trkpt lat="37.4120053" lon="-121.9948086"><ele>6</ele><time>2026-09-07T17:23:27.623677Z</time></trkpt>
  <trkpt lat="37.4120130" lon="-121.9948123"><ele>7</ele><time>2026-09-07T17:23:27.723798Z</time></trkpt>
  <trkpt lat="37.4120207" lon="-121.9948152"><ele>7</ele><time>2026-09-07T17:23:27.824311Z</time></trkpt>
  <trkpt lat="37.4120286" lon="-121.9948174"><ele>7</ele><time>2026-09-07T17:23:27.925046Z</time></trkpt>
  <trkpt lat="37.4120365" lon="-121.9948186"><ele>7</ele><time>2026-09-07T17:23:28.025969Z</time></trkpt>
  <trkpt lat="37.4120445" lon="-121.9948189"><ele>7</ele><time>2026-09-07T17:23:28.126128Z</time></trkpt>
  <trkpt lat="37.4120524" lon="-121.9948181"><ele>7</ele><time>2026-09-07T17:23:28.226449Z</time></trkpt>
  <trkpt lat="37.4120601" lon="-121.9948164"><ele>7</ele><time>2026-09-07T17:23:28.326889Z</time></trkpt>
  <trkpt lat="37.4120678" lon="-121.9948138"><ele>7</ele><time>2026-09-07T17:23:28.427916Z</time></trkpt>
  <trkpt lat="37.4120754" lon="-121.9948102"><ele>7</ele><time>2026-09-07T17:23:28.527765Z</time></trkpt>
  <trkpt lat="37.4120829" lon="-121.9948058"><ele>7</ele><time>2026-09-07T17:23:28.627894Z</time></trkpt>
  <trkpt lat="37.4120901" lon="-121.9948008"><ele>7</ele><time>2026-09-07T17:23:28.728319Z</time></trkpt>
  <trkpt lat="37.4120969" lon="-121.9947953"><ele>7</ele><time>2026-09-07T17:23:28.828724Z</time></trkpt>
  <trkpt lat="37.4121037" lon="-121.9947895"><ele>7</ele><time>2026-09-07T17:23:28.929100Z</time></trkpt>
  <trkpt lat="37.4121102" lon="-121.9947835"><ele>7</ele><time>2026-09-07T17:23:29.029893Z</time></trkpt>
  <trkpt lat="37.4121166" lon="-121.9947771"><ele>7</ele><time>2026-09-07T17:23:29.130700Z</time></trkpt>
  <trkpt lat="37.4121228" lon="-121.9947706"><ele>8</ele><time>2026-09-07T17:23:29.231934Z</time></trkpt>
  <trkpt lat="37.4121289" lon="-121.9947641"><ele>8</ele><time>2026-09-07T17:23:29.332728Z</time></trkpt>
  <trkpt lat="37.4121289" lon="-121.9947641"><ele>8</ele><time>2026-09-07T17:23:29.395605Z</time></trkpt>
  <trkpt lat="37.4121348" lon="-121.9947577"><ele>8</ele><time>2026-09-07T17:23:29.432548Z</time></trkpt>
  <trkpt lat="37.4121406" lon="-121.9947513"><ele>8</ele><time>2026-09-07T17:23:29.533051Z</time></trkpt>
  <trkpt lat="37.4121462" lon="-121.9947448"><ele>9</ele><time>2026-09-07T17:23:29.633389Z</time></trkpt>
  <trkpt lat="37.4121519" lon="-121.9947382"><ele>9</ele><time>2026-09-07T17:23:29.734032Z</time></trkpt>
  <trkpt lat="37.4121576" lon="-121.9947312"><ele>9</ele><time>2026-09-07T17:23:29.834544Z</time></trkpt>
  <trkpt lat="37.4121631" lon="-121.9947242"><ele>10</ele><time>2026-09-07T17:23:29.935439Z</time></trkpt>
  <trkpt lat="37.4121686" lon="-121.9947172"><ele>10</ele><time>2026-09-07T17:23:30.036020Z</time></trkpt>
  <trkpt lat="37.4121739" lon="-121.9947103"><ele>10</ele><time>2026-09-07T17:23:30.136778Z</time></trkpt>
  <trkpt lat="37.4121791" lon="-121.9947032"><ele>10</ele><time>2026-09-07T17:23:30.236883Z</time></trkpt>
  <trkpt lat="37.4121840" lon="-121.9946961"><ele>11</ele><time>2026-09-07T17:23:30.317363Z</time></trkpt>
  <trkpt lat="37.4121883" lon="-121.9946891"><ele>11</ele><time>2026-09-07T17:23:30.418248Z</time></trkpt>
  <trkpt lat="37.4121923" lon="-121.9946818"><ele>11</ele><time>2026-09-07T17:23:30.519023Z</time></trkpt>
  <trkpt lat="37.4121961" lon="-121.9946741"><ele>11</ele><time>2026-09-07T17:23:30.620165Z</time></trkpt>
  <trkpt lat="37.4121997" lon="-121.9946662"><ele>12</ele><time>2026-09-07T17:23:30.720745Z</time></trkpt>
  <trkpt lat="37.4122028" lon="-121.9946583"><ele>12</ele><time>2026-09-07T17:23:30.821526Z</time></trkpt>
  <trkpt lat="37.4122056" lon="-121.9946502"><ele>12</ele><time>2026-09-07T17:23:30.921876Z</time></trkpt>
  <trkpt lat="37.4122080" lon="-121.9946419"><ele>12</ele><time>2026-09-07T17:23:31.022254Z</time></trkpt>
  <trkpt lat="37.4122100" lon="-121.9946332"><ele>12</ele><time>2026-09-07T17:23:31.122341Z</time></trkpt>
  <trkpt lat="37.4122116" lon="-121.9946243"><ele>13</ele><time>2026-09-07T17:23:31.223233Z</time></trkpt>
  <trkpt lat="37.4122128" lon="-121.9946151"><ele>13</ele><time>2026-09-07T17:23:31.323772Z</time></trkpt>
  <trkpt lat="37.4122137" lon="-121.9946059"><ele>13</ele><time>2026-09-07T17:23:31.424150Z</time></trkpt>
  <trkpt lat="37.4122145" lon="-121.9945963"><ele>13</ele><time>2026-09-07T17:23:31.524258Z</time></trkpt>
  <trkpt lat="37.4122145" lon="-121.9945963"><ele>13</ele><time>2026-09-07T17:23:31.543287Z</time></trkpt>
  <trkpt lat="37.4122150" lon="-121.9945866"><ele>13</ele><time>2026-09-07T17:23:31.624654Z</time></trkpt>
  <trkpt lat="37.4122152" lon="-121.9945767"><ele>13</ele><time>2026-09-07T17:23:31.725593Z</time></trkpt>
  <trkpt lat="37.4122151" lon="-121.9945668"><ele>13</ele><time>2026-09-07T17:23:31.826034Z</time></trkpt>
  <trkpt lat="37.4122149" lon="-121.9945568"><ele>13</ele><time>2026-09-07T17:23:31.926738Z</time></trkpt>
  <trkpt lat="37.4122143" lon="-121.9945466"><ele>13</ele><time>2026-09-07T17:23:32.027224Z</time></trkpt>
  <trkpt lat="37.4122137" lon="-121.9945363"><ele>13</ele><time>2026-09-07T17:23:32.129207Z</time></trkpt>
  <trkpt lat="37.4122129" lon="-121.9945261"><ele>14</ele><time>2026-09-07T17:23:32.229623Z</time></trkpt>
  <trkpt lat="37.4122120" lon="-121.9945158"><ele>14</ele><time>2026-09-07T17:23:32.329717Z</time></trkpt>
  <trkpt lat="37.4122108" lon="-121.9945054"><ele>14</ele><time>2026-09-07T17:23:32.430214Z</time></trkpt>
  <trkpt lat="37.4122094" lon="-121.9944949"><ele>14</ele><time>2026-09-07T17:23:32.530970Z</time></trkpt>
  <trkpt lat="37.4122077" lon="-121.9944843"><ele>14</ele><time>2026-09-07T17:23:32.631315Z</time></trkpt>
  <trkpt lat="37.4122058" lon="-121.9944739"><ele>14</ele><time>2026-09-07T17:23:32.731795Z</time></trkpt>
  <trkpt lat="37.4122037" lon="-121.9944633"><ele>14</ele><time>2026-09-07T17:23:32.832583Z</time></trkpt>
  <trkpt lat="37.4122016" lon="-121.9944527"><ele>15</ele><time>2026-09-07T17:23:32.933549Z</time></trkpt>
  <trkpt lat="37.4121996" lon="-121.9944420"><ele>15</ele><time>2026-09-07T17:23:33.033953Z</time></trkpt>
  <trkpt lat="37.4121975" lon="-121.9944315"><ele>15</ele><time>2026-09-07T17:23:33.114213Z</time></trkpt>
  <trkpt lat="37.4121958" lon="-121.9944211"><ele>15</ele><time>2026-09-07T17:23:33.214964Z</time></trkpt>
  <trkpt lat="37.4121935" lon="-121.9944110"><ele>15</ele><time>2026-09-07T17:23:33.315341Z</time></trkpt>
  <trkpt lat="37.4121909" lon="-121.9944011"><ele>15</ele><time>2026-09-07T17:23:33.415482Z</time></trkpt>
  <trkpt lat="37.4121882" lon="-121.9943913"><ele>15</ele><time>2026-09-07T17:23:33.515874Z</time></trkpt>
  <trkpt lat="37.4121853" lon="-121.9943816"><ele>16</ele><time>2026-09-07T17:23:33.616705Z</time></trkpt>
  <trkpt lat="37.4121853" lon="-121.9943816"><ele>16</ele><time>2026-09-07T17:23:33.686043Z</time></trkpt>
  <trkpt lat="37.4121822" lon="-121.9943720"><ele>16</ele><time>2026-09-07T17:23:33.717112Z</time></trkpt>
  <trkpt lat="37.4121794" lon="-121.9943624"><ele>16</ele><time>2026-09-07T17:23:33.817694Z</time></trkpt>
  <trkpt lat="37.4121767" lon="-121.9943530"><ele>16</ele><time>2026-09-07T17:23:33.918418Z</time></trkpt>
  <trkpt lat="37.4121739" lon="-121.9943437"><ele>16</ele><time>2026-09-07T17:23:34.019023Z</time></trkpt>
  <trkpt lat="37.4121709" lon="-121.9943345"><ele>16</ele><time>2026-09-07T17:23:34.119788Z</time></trkpt>
  <trkpt lat="37.4121679" lon="-121.9943252"><ele>16</ele><time>2026-09-07T17:23:34.220254Z</time></trkpt>
  <trkpt lat="37.4121646" lon="-121.9943161"><ele>16</ele><time>2026-09-07T17:23:34.321272Z</time></trkpt>
  <trkpt lat="37.4121614" lon="-121.9943072"><ele>16</ele><time>2026-09-07T17:23:34.421986Z</time></trkpt>
  <trkpt lat="37.4121581" lon="-121.9942983"><ele>16</ele><time>2026-09-07T17:23:34.522578Z</time></trkpt>
  <trkpt lat="37.4121547" lon="-121.9942893"><ele>16</ele><time>2026-09-07T17:23:34.622942Z</time></trkpt>
  <trkpt lat="37.4121509" lon="-121.9942806"><ele>16</ele><time>2026-09-07T17:23:34.723277Z</time></trkpt>
  <trkpt lat="37.4121466" lon="-121.9942720"><ele>16</ele><time>2026-09-07T17:23:34.823906Z</time></trkpt>
  <trkpt lat="37.4121421" lon="-121.9942632"><ele>16</ele><time>2026-09-07T17:23:34.925384Z</time></trkpt>
  <trkpt lat="37.4121371" lon="-121.9942547"><ele>16</ele><time>2026-09-07T17:23:35.025822Z</time></trkpt>
  <trkpt lat="37.4121317" lon="-121.9942461"><ele>16</ele><time>2026-09-07T17:23:35.126487Z</time></trkpt>
  <trkpt lat="37.4121261" lon="-121.9942377"><ele>16</ele><time>2026-09-07T17:23:35.226754Z</time></trkpt>
  <trkpt lat="37.4121196" lon="-121.9942298"><ele>16</ele><time>2026-09-07T17:23:35.327537Z</time></trkpt>
  <trkpt lat="37.4121125" lon="-121.9942224"><ele>16</ele><time>2026-09-07T17:23:35.427832Z</time></trkpt>
  <trkpt lat="37.4121048" lon="-121.9942154"><ele>15</ele><time>2026-09-07T17:23:35.528146Z</time></trkpt>
  <trkpt lat="37.4120965" lon="-121.9942089"><ele>15</ele><time>2026-09-07T17:23:35.628761Z</time></trkpt>
  <trkpt lat="37.4120878" lon="-121.9942032"><ele>15</ele><time>2026-09-07T17:23:35.729347Z</time></trkpt>
  <trkpt lat="37.4120786" lon="-121.9941982"><ele>15</ele><time>2026-09-07T17:23:35.829953Z</time></trkpt>
  <trkpt lat="37.4120786" lon="-121.9941982"><ele>15</ele><time>2026-09-07T17:23:35.834208Z</time></trkpt>
  <trkpt lat="37.4120690" lon="-121.9941938"><ele>15</ele><time>2026-09-07T17:23:35.930877Z</time></trkpt>
  <trkpt lat="37.4120590" lon="-121.9941901"><ele>15</ele><time>2026-09-07T17:23:36.011968Z</time></trkpt>
  <trkpt lat="37.4120488" lon="-121.9941872"><ele>14</ele><time>2026-09-07T17:23:36.113389Z</time></trkpt>
  <trkpt lat="37.4120385" lon="-121.9941852"><ele>14</ele><time>2026-09-07T17:23:36.214107Z</time></trkpt>
  <trkpt lat="37.4120285" lon="-121.9941834"><ele>14</ele><time>2026-09-07T17:23:36.314956Z</time></trkpt>
  <trkpt lat="37.4120179" lon="-121.9941827"><ele>13</ele><time>2026-09-07T17:23:36.414820Z</time></trkpt>
  <trkpt lat="37.4120073" lon="-121.9941828"><ele>13</ele><time>2026-09-07T17:23:36.515119Z</time></trkpt>
  <trkpt lat="37.4119966" lon="-121.9941834"><ele>13</ele><time>2026-09-07T17:23:36.615690Z</time></trkpt>
  <trkpt lat="37.4119859" lon="-121.9941850"><ele>12</ele><time>2026-09-07T17:23:36.716697Z</time></trkpt>
  <trkpt lat="37.4119753" lon="-121.9941873"><ele>12</ele><time>2026-09-07T17:23:36.818330Z</time></trkpt>
  <trkpt lat="37.4119647" lon="-121.9941901"><ele>12</ele><time>2026-09-07T17:23:36.918534Z</time></trkpt>
  <trkpt lat="37.4119543" lon="-121.9941936"><ele>12</ele><time>2026-09-07T17:23:37.020059Z</time></trkpt>
  <trkpt lat="37.4119439" lon="-121.9941977"><ele>11</ele><time>2026-09-07T17:23:37.120338Z</time></trkpt>
  <trkpt lat="37.4119336" lon="-121.9942024"><ele>11</ele><time>2026-09-07T17:23:37.220806Z</time></trkpt>
  <trkpt lat="37.4119233" lon="-121.9942079"><ele>11</ele><time>2026-09-07T17:23:37.321021Z</time></trkpt>
  <trkpt lat="37.4119130" lon="-121.9942142"><ele>10</ele><time>2026-09-07T17:23:37.421202Z</time></trkpt>
  <trkpt lat="37.4119029" lon="-121.9942207"><ele>10</ele><time>2026-09-07T17:23:37.521683Z</time></trkpt>
  <trkpt lat="37.4118930" lon="-121.9942276"><ele>10</ele><time>2026-09-07T17:23:37.622435Z</time></trkpt>
  <trkpt lat="37.4118833" lon="-121.9942350"><ele>10</ele><time>2026-09-07T17:23:37.722905Z</time></trkpt>
  <trkpt lat="37.4118737" lon="-121.9942427"><ele>9</ele><time>2026-09-07T17:23:37.824053Z</time></trkpt>
  <trkpt lat="37.4118642" lon="-121.9942508"><ele>9</ele><time>2026-09-07T17:23:37.924751Z</time></trkpt>
  <trkpt lat="37.4118642" lon="-121.9942508"><ele>9</ele><time>2026-09-07T17:23:37.987979Z</time></trkpt>
  <trkpt lat="37.4118551" lon="-121.9942591"><ele>9</ele><time>2026-09-07T17:23:38.025115Z</time></trkpt>
  <trkpt lat="37.4118461" lon="-121.9942678"><ele>9</ele><time>2026-09-07T17:23:38.125686Z</time></trkpt>
  <trkpt lat="37.4118373" lon="-121.9942767"><ele>9</ele><time>2026-09-07T17:23:38.226240Z</time></trkpt>
  <trkpt lat="37.4118288" lon="-121.9942858"><ele>8</ele><time>2026-09-07T17:23:38.326737Z</time></trkpt>
  <trkpt lat="37.4118204" lon="-121.9942951"><ele>8</ele><time>2026-09-07T17:23:38.427633Z</time></trkpt>
  <trkpt lat="37.4118123" lon="-121.9943047"><ele>8</ele><time>2026-09-07T17:23:38.528184Z</time></trkpt>
  <trkpt lat="37.4118049" lon="-121.9943143"><ele>8</ele><time>2026-09-07T17:23:38.608502Z</time></trkpt>
  <trkpt lat="37.4117980" lon="-121.9943237"><ele>7</ele><time>2026-09-07T17:23:38.708994Z</time></trkpt>
  <trkpt lat="37.4117916" lon="-121.9943332"><ele>7</ele><time>2026-09-07T17:23:38.809871Z</time></trkpt>
  <trkpt lat="37.4117856" lon="-121.9943434"><ele>6</ele><time>2026-09-07T17:23:38.909730Z</time></trkpt>
  <trkpt lat="37.4117805" lon="-121.9943544"><ele>6</ele><time>2026-09-07T17:23:39.009811Z</time></trkpt>
  <trkpt lat="37.4117764" lon="-121.9943662"><ele>6</ele><time>2026-09-07T17:23:39.110532Z</time></trkpt>
  <trkpt lat="37.4117731" lon="-121.9943787"><ele>5</ele><time>2026-09-07T17:23:39.211008Z</time></trkpt>
  <trkpt lat="37.4117706" lon="-121.9943914"><ele>5</ele><time>2026-09-07T17:23:39.311307Z</time></trkpt>
  <trkpt lat="37.4117690" lon="-121.9944043"><ele>5</ele><time>2026-09-07T17:23:39.411726Z</time></trkpt>
  <trkpt lat="37.4117682" lon="-121.9944172"><ele>4</ele><time>2026-09-07T17:23:39.513271Z</time></trkpt>
  <trkpt lat="37.4117680" lon="-121.9944300"><ele>4</ele><time>2026-09-07T17:23:39.613704Z</time></trkpt>
  <trkpt lat="37.4117687" lon="-121.9944421"><ele>4</ele><time>2026-09-07T17:23:39.714320Z</time></trkpt>
  <trkpt lat="37.4117701" lon="-121.9944540"><ele>3</ele><time>2026-09-07T17:23:39.815072Z</time></trkpt>
  <trkpt lat="37.4117724" lon="-121.9944659"><ele>3</ele><time>2026-09-07T17:23:39.916323Z</time></trkpt>
  <trkpt lat="37.4117750" lon="-121.9944773"><ele>3</ele><time>2026-09-07T17:23:40.017178Z</time></trkpt>
  <trkpt lat="37.4117777" lon="-121.9944887"><ele>3</ele><time>2026-09-07T17:23:40.117404Z</time></trkpt>
  <trkpt lat="37.4117777" lon="-121.9944887"><ele>3</ele><time>2026-09-07T17:23:40.150729Z</time></trkpt>
  <trkpt lat="37.4117805" lon="-121.9945000"><ele>2</ele><time>2026-09-07T17:23:40.217583Z</time></trkpt>
  <trkpt lat="37.4117834" lon="-121.9945110"><ele>2</ele><time>2026-09-07T17:23:40.317917Z</time></trkpt>
  <trkpt lat="37.4117865" lon="-121.9945219"><ele>2</ele><time>2026-09-07T17:23:40.418703Z</time></trkpt>
  <trkpt lat="37.4117894" lon="-121.9945328"><ele>1</ele><time>2026-09-07T17:23:40.519961Z</time></trkpt>
  <trkpt lat="37.4117922" lon="-121.9945439"><ele>1</ele><time>2026-09-07T17:23:40.620682Z</time></trkpt>
  <trkpt lat="37.4117947" lon="-121.9945549"><ele>1</ele><time>2026-09-07T17:23:40.720976Z</time></trkpt>
  <trkpt lat="37.4117969" lon="-121.9945662"><ele>1</ele><time>2026-09-07T17:23:40.821977Z</time></trkpt>
  <trkpt lat="37.4117991" lon="-121.9945771"><ele>0</ele><time>2026-09-07T17:23:40.922609Z</time></trkpt>
  <trkpt lat="37.4118011" lon="-121.9945881"><ele>0</ele><time>2026-09-07T17:23:41.023132Z</time></trkpt>
  <trkpt lat="37.4118029" lon="-121.9945990"><ele>0</ele><time>2026-09-07T17:23:41.124122Z</time></trkpt>
  <trkpt lat="37.4118044" lon="-121.9946102"><ele>0</ele><time>2026-09-07T17:23:41.205320Z</time></trkpt>
  <trkpt lat="37.4118059" lon="-121.9946213"><ele>0</ele><time>2026-09-07T17:23:41.305473Z</time></trkpt>
  <trkpt lat="37.4118076" lon="-121.9946321"><ele>0</ele><time>2026-09-07T17:23:41.405817Z</time></trkpt>
  <trkpt lat="37.4118085" lon="-121.9946419"><ele>0</ele><time>2026-09-07T17:23:41.506635Z</time></trkpt>
  <trkpt lat="37.4118089" lon="-121.9946508"><ele>0</ele><time>2026-09-07T17:23:41.607178Z</time></trkpt>
  <trkpt lat="37.4118098" lon="-121.9946578"><ele>0</ele><time>2026-09-07T17:23:41.708624Z</time></trkpt>
  <trkpt lat="37.4118105" lon="-121.9946631"><ele>0</ele><time>2026-09-07T17:23:41.808940Z</time></trkpt>
  <trkpt lat="37.4118112" lon="-121.9946672"><ele>-1</ele><time>2026-09-07T17:23:41.909761Z</time></trkpt>
  <trkpt lat="37.4118114" lon="-121.9946694"><ele>-1</ele><time>2026-09-07T17:23:42.010986Z</time></trkpt>
  <trkpt lat="37.4118113" lon="-121.9946704"><ele>-1</ele><time>2026-09-07T17:23:42.111326Z</time></trkpt>
  <trkpt lat="37.4118112" lon="-121.9946707"><ele>-1</ele><time>2026-09-07T17:23:42.211741Z</time></trkpt>
  <trkpt lat="37.4118112" lon="-121.9946707"><ele>-1</ele><time>2026-09-07T17:23:42.292755Z</time></trkpt>
  <trkpt lat="37.4118112" lon="-121.9946706"><ele>-1</ele><time>2026-09-07T17:23:42.312410Z</time></trkpt>
  <trkpt lat="37.4118113" lon="-121.9946704"><ele>-1</ele><time>2026-09-07T17:23:42.412670Z</time></trkpt>
</trkseg></trk>
</gpx>