time (us),GPS_fixType,GPS_numSat,GPS_coord[0],GPS_coord[1],GPS_altitude,GPS_speed (m/s),GPS_ground_course,GPS_hdop,GPS_eph,GPS_epv,GPS_velned[0],GPS_velned[1],GPS_velned[2],GPS_home_lat,GPS_home_lon
158210608,2,8,37.4117724,-121.9948450,1,0.04,54.5,214,185,318,-3,3,-40,37.4117743,-121.9948443
158218537,2,8,37.4117724,-121.9948450,1,0.04,54.5,214,185,318,-3,3,-40,37.4117743,-121.9948443
158279561,2,8,37.4117723,-121.9948450,1,0.09,54.5,214,185,318,-6,-6,-32,37.4117743,-121.9948443
158380180,2,8,37.4117721,-121.9948451,1,0.12,54.5,214,186,318,-10,-6,-29,37.4117743,-121.9948443
158480785,2,8,37.4117719,-121.9948452,1,0.15,54.5,214,186,319,-10,-11,-21,37.4117743,-121.9948443
158580894,2,8,37.4117715,-121.9948454,2,0.21,54.5,214,186,319,-13,-17,-26,37.4117743,-121.9948443
158680999,2,8,37.4117713,-121.9948456,2,0.13,54.5,214,186,319,-10,-8,-24,37.4117743,-121.9948443
158782702,2,8,37.4117710,-121.9948457,2,0.11,54.5,214,187,319,3,-11,-43,37.4117743,-121.9948443
158863707,2,8,37.4117707,-121.9948459,2,0.05,54.5,214,187,320,-3,-4,-38,37.4117743,-121.9948443
158964074,2,8,37.4117704,-121.9948461,2,0.12,54.5,214,187,320,-9,-8,-36,37.4117743,-121.9948443
159064513,2,8,37.4117702,-121.9948461,2,0.12,54.5,214,187,320,-8,-8,-29,37.4117743,-121.9948443
159165879,2,8,37.4117699,-121.9948462,2,0.14,54.5,214,188,320,-14,-1,-24,37.4117743,-121.9948443
159266511,2,8,37.4117697,-121.9948462,2,0.08,54.5,214,188,321,-8,-2,-19,37.4117743,-121.9948443
159366832,2,8,37.4117693,-121.9948463,2,0.15,54.5,214,188,321,-10,-11,-24,37.4117743,-121.9948443
159467473,2,8,37.4117690,-121.9948464,2,0.26,54.5,214,188,321,-12,-23,-34,37.4117743,-121.9948443
159568497,2,8,37.4117685,-121.9948466,2,0.32,54.5,214,189,322,-29,-13,-29,37.4117743,-121.9948443
159669182,2,8,37.4117680,-121.9948469,2,0.35,54.5,214,189,322,-29,-19,-30,37.4117743,-121.9948443
159770530,2,8,37.4117675,-121.9948470,2,0.17,54.5,214,189,322,-16,-7,-38,37.4117743,-121.9948443
159870928,2,8,37.4117671,-121.9948472,2,0.08,54.5,214,189,322,-6,6,-41,37.4117743,-121.9948443
159971604,2,8,37.4117668,-121.9948473,2,0.15,54.5,214,189,322,-14,6,-26,37.4117743,-121.9948443
160071796,2,8,37.4117665,-121.9948474,2,0.10,54.5,214,189,322,-3,10,-24,37.4117743,-121.9948443
160171976,2,8,37.4117662,-121.9948475,2,0.15,54.5,214,189,322,-12,9,-14,37.4117743,-121.9948443
160272253,2,8,37.4117661,-121.9948476,2,0.07,54.5,214,189,322,7,0,-5,37.4117743,-121.9948443
160353024,2,8,37.4117661,-121.9948476,2,0.07,54.5,214,189,322,7,0,-5,37.4117743,-121.9948443
160373100,2,8,37.4117659,-121.9948479,2,0.00,54.5,214,189,322,0,0,-3,37.4117743,-121.9948443
160473717,2,8,37.4117657,-121.9948481,2,0.09,54.5,214,189,322,8,-3,-8,37.4117743,-121.9948443
160575042,2,8,37.4117656,-121.9948484,2,0.11,54.5,214,189,322,10,3,-14,37.4117743,-121.9948443
160675967,2,8,37.4117654,-121.9948486,2,0.00,54.5,214,189,322,0,0,-19,37.4117743,-121.9948443
160775701,2,8,37.4117651,-121.9948488,2,0.08,54.5,214,189,322,-7,-3,-26,37.4117743,-121.9948443
160876334,2,8,37.4117650,-121.9948491,2,0.08,54.5,214,189,322,4,-7,-29,37.4117743,-121.9948443
160977077,2,8,37.4117648,-121.9948494,2,0.11,54.5,214,188,322,-4,-10,-28,37.4117743,-121.9948443
161077811,2,8,37.4117647,-121.9948496,2,0.01,54.5,214,188,321,0,-1,-27,37.4117743,-121.9948443
161178234,2,8,37.4117645,-121.9948498,2,0.10,54.5,214,188,321,-6,-8,-30,37.4117743,-121.9948443
161279237,2,8,37.4117644,-121.9948501,2,0.10,54.5,214,188,321,-1,-10,-23,37.4117743,-121.9948443
161379664,2,8,37.4117643,-121.9948503,2,0.06,54.5,214,188,321,-6,0,-4,37.4117743,-121.9948443
161480024,2,8,37.4117641,-121.9948505,2,0.13,54.5,214,188,321,-12,-5,16,37.4117743,-121.9948443
161560795,2,8,37.4117639,-121.9948508,3,0.15,54.5,214,188,320,-14,-5,45,37.4117743,-121.9948443
161681426,2,8,37.4117637,-121.9948511,3,0.11,54.5,214,188,320,-6,9,81,37.4117743,-121.9948443
161761702,2,8,37.4117637,-121.9948512,3,0.16,54.5,214,188,320,8,13,120,37.4117743,-121.9948443
161862281,2,8,37.4117637,-121.9948513,3,0.23,54.5,214,188,320,14,18,160,37.4117743,-121.9948443
161962819,2,8,37.4117637,-121.9948514,3,0.28,54.5,214,188,320,23,15,194,37.4117743,-121.9948443
162063520,2,8,37.4117637,-121.9948513,3,0.27,54.5,214,188,320,17,21,223,37.4117743,-121.9948443
162164381,2,8,37.4117636,-121.9948512,3,0.29,54.5,214,188,320,19,22,246,37.4117743,-121.9948443
162265440,2,8,37.4117634,-121.9948512,3,0.27,54.5,214,188,320,24,13,259,37.4117743,-121.9948443
162365760,2,8,37.4117632,-121.9948513,3,0.36,54.5,214,188,320,34,11,264,37.4117743,-121.9948443
162466590,2,8,37.4117631,-121.9948512,3,0.37,54.5,214,188,320,32,18,257,37.4117743,-121.9948443
162471192,2,8,37.4117631,-121.9948512,3,0.37,54.5,214,188,320,32,18,257,37.4117743,-121.9948443
162567368,2,8,37.4117629,-121.9948513,3,0.36,54.5,214,188,320,35,6,241,37.4117743,-121.9948443
162668076,2,8,37.4117628,-121.9948514,3,0.31,54.5,214,188,320,31,1,223,37.4117743,-121.9948443
162769402,2,8,37.4117625,-121.9948514,3,0.11,54.5,214,188,320,6,9,201,37.4117743,-121.9948443
162870076,2,8,37.4117620,-121.9948512,3,0.19,54.5,214,188,320,-11,15,176,37.4117743,-121.9948443
162971078,2,8,37.4117614,-121.9948510,3,0.34,54.5,214,188,320,-30,16,138,37.4117743,-121.9948443
163071404,2,8,37.4117609,-121.9948508,3,0.33,54.5,214,188,319,-27,19,110,37.4117743,-121.9948443
163171757,2,8,37.4117607,-121.9948505,3,0.35,54.5,214,188,319,-18,30,99,37.4117743,-121.9948443
163272223,2,8,37.4117605,-121.9948500,3,0.48,54.5,214,188,320,-16,45,99,37.4117743,-121.9948443
163372443,2,8,37.4117604,-121.9948493,3,0.57,54.5,214,188,320,-10,56,89,37.4117743,-121.9948443
163473339,2,8,37.4117607,-121.9948488,3,0.51,54.5,214,188,320,34,38,83,37.4117743,-121.9948443
163574260,2,8,37.4117615,-121.9948484,3,0.96,29.8,214,188,321,92,26,79,37.4117743,-121.9948443
163674716,2,8,37.4117628,-121.9948485,3,1.72,358.8,214,189,321,170,-26,31,37.4117743,-121.9948443
163775628,2,8,37.4117650,-121.9948493,3,3.16,348.7,214,189,321,307,-78,-53,37.4117743,-121.9948443
163876378,2,8,37.4117680,-121.9948503,3,4.07,345.8,214,189,321,392,-108,-124,37.4117743,-121.9948443
163977110,2,8,37.4117720,-121.9948515,3,5.14,346.8,214,189,321,502,-112,-173,37.4117743,-121.9948443
164077171,2,8,37.4117768,-121.9948528,4,5.81,347.7,214,189,321,570,-114,-202,37.4117743,-121.9948443
164178334,2,8,37.4117818,-121.9948539,4,5.91,349.3,214,189,321,585,-88,-227,37.4117743,-121.9948443
164279076,2,8,37.4117871,-121.9948542,4,6.13,353.8,214,189,321,612,-23,-251,37.4117743,-121.9948443
164359566,2,8,37.4117926,-121.9948539,5,6.28,358.9,214,189,320,626,41,-270,37.4117743,-121.9948443
164460027,2,8,37.4117989,-121.9948529,5,7.08,3.9,214,189,320,700,102,-260,37.4117743,-121.9948443
164561761,2,8,37.4118056,-121.9948514,5,7.71,10.1,214,189,320,759,136,-267,37.4117743,-121.9948443
164595406,2,8,37.4118056,-121.9948514,5,7.71,10.1,214,189,320,759,136,-267,37.4117743,-121.9948443
164661818,2,8,37.4118127,-121.9948497,5,7.97,11.2,214,189,319,781,155,-263,37.4117743,-121.9948443
164762787,2,8,37.4118203,-121.9948478,6,8.45,10.9,214,190,319,829,160,-262,37.4117743,-121.9948443
164863598,2,8,37.4118277,-121.9948462,6,8.56,9.8,214,190,319,844,147,-276,37.4117743,-121.9948443
164964474,2,8,37.4118353,-121.9948444,6,8.88,11.1,214,190,319,871,172,-294,37.4117743,-121.9948443
165064711,2,8,37.4118433,-121.9948424,7,9.26,12.2,214,190,319,905,196,-296,37.4117743,-121.9948443
165165306,2,8,37.4118515,-121.9948400,7,9.63,13.0,214,190,319,938,217,-321,37.4117743,-121.9948443
165265916,2,8,37.4118601,-121.9948374,8,9.97,14.0,214,190,319,967,242,-338,37.4117743,-121.9948443
165366067,2,8,37.4118693,-121.9948345,8,10.44,14.2,214,190,318,1012,257,-326,37.4117743,-121.9948443
165467147,2,8,37.4118783,-121.9948321,8,10.52,11.4,214,190,318,1031,209,-368,37.4117743,-121.9948443
165567722,2,8,37.4118873,-121.9948298,9,10.65,11.0,214,190,318,1046,204,-429,37.4117743,-121.9948443
165668365,2,8,37.4118961,-121.9948278,10,10.59,9.1,214,190,318,1045,168,-531,37.4117743,-121.9948443
165769019,2,8,37.4119049,-121.9948261,10,10.19,8.9,214,190,318,1006,159,-580,37.4117743,-121.9948443
165869060,2,8,37.4119134,-121.9948241,11,9.90,11.5,214,190,318,970,198,-604,37.4117743,-121.9948443
165969411,2,8,37.4119219,-121.9948219,12,9.86,12.0,214,190,317,964,206,-607,37.4117743,-121.9948443
166069615,2,8,37.4119305,-121.9948197,12,9.93,10.7,214,190,317,976,185,-620,37.4117743,-121.9948443
166170400,2,8,37.4119393,-121.9948177,13,10.00,10.6,214,190,317,982,185,-624,37.4117743,-121.9948443
166271078,2,8,37.4119483,-121.9948157,14,10.37,10.3,214,190,317,1020,186,-621,37.4117743,-121.9948443
166371984,2,8,37.4119575,-121.9948136,14,10.60,10.7,214,189,317,1041,197,-616,37.4117743,-121.9948443
166472643,2,8,37.4119667,-121.9948118,15,10.69,8.7,214,189,316,1056,163,-639,37.4117743,-121.9948443
166573449,2,8,37.4119761,-121.9948099,16,10.74,9.7,214,189,316,1059,182,-638,37.4117743,-121.9948443
166674261,2,8,37.4119856,-121.9948080,16,10.85,8.6,214,189,316,1072,163,-638,37.4117743,-121.9948443
166738678,2,8,37.4119856,-121.9948080,16,10.85,8.6,214,189,316,1072,163,-638,37.4117743,-121.9948443
166775239,2,8,37.4119954,-121.9948061,17,11.13,9.1,214,189,316,1099,176,-638,37.4117743,-121.9948443
166876055,2,8,37.4120052,-121.9948044,18,11.41,8.4,214,188,316,1129,167,-646,37.4117743,-121.9948443
166976526,2,8,37.4120153,-121.9948026,19,11.42,8.8,214,188,315,1129,175,-645,37.4117743,-121.9948443
167057307,2,8,37.4120258,-121.9948008,19,11.78,7.9,214,188,315,1167,162,-637,37.4117743,-121.9948443
167177673,2,8,37.4120367,-121.9947988,20,12.05,8.1,214,188,315,1192,171,-616,37.4117743,-121.9948443
167257943,2,8,37.4120474,-121.9947969,20,11.97,8.3,214,187,315,1185,173,-597,37.4117743,-121.9948443
167358147,2,8,37.4120582,-121.9947951,21,12.20,7.0,214,187,315,1210,150,-583,37.4117743,-121.9948443
167458244,2,8,37.4120690,-121.9947935,22,12.35,6.4,215,187,315,1228,139,-586,37.4117743,-121.9948443
167559233,2,8,37.4120802,-121.9947921,22,12.59,5.5,215,186,315,1253,122,-571,37.4117743,-121.9948443
167659718,2,8,37.4120916,-121.9947910,23,12.76,4.0,215,186,315,1272,90,-538,37.4117743,-121.9948443
167759650,2,8,37.4121030,-121.9947899,23,12.89,4.5,215,186,315,1284,101,-526,37.4117743,-121.9948443
167860282,2,8,37.4121149,-121.9947883,24,13.22,6.2,215,185,315,1314,144,-498,37.4117743,-121.9948443
167960326,2,8,37.4121270,-121.9947864,24,13.66,6.9,215,185,314,1356,165,-475,37.4117743,-121.9948443
168060678,2,8,37.4121398,-121.9947845,25,14.35,7.1,215,185,314,1424,178,-413,37.4117743,-121.9948443
168161203,2,8,37.4121532,-121.9947823,25,14.75,7.5,215,185,314,1462,195,-372,37.4117743,-121.9948443
168261538,2,8,37.4121664,-121.9947804,25,14.85,7.7,215,185,314,1471,200,-319,37.4117743,-121.9948443
168362020,2,8,37.4121800,-121.9947777,25,14.97,9.0,215,184,313,1479,234,-258,37.4117743,-121.9948443
168462938,2,8,37.4121939,-121.9947748,25,15.10,8.8,215,184,313,1492,233,-208,37.4117743,-121.9948443
168564260,2,8,37.4122075,-121.9947719,26,15.39,9.2,215,184,312,1519,248,-200,37.4117743,-121.9948443
168664009,2,8,37.4122212,-121.9947687,26,15.25,10.1,215,184,312,1502,268,-224,37.4117743,-121.9948443
168764352,2,8,37.4122340,-121.9947656,26,15.06,9.9,215,183,312,1483,260,-364,37.4117743,-121.9948443
168865419,2,8,37.4122460,-121.9947629,27,14.25,9.7,215,183,311,1405,242,-501,37.4117743,-121.9948443
168892791,2,8,37.4122460,-121.9947629,27,14.25,9.7,215,183,311,1405,242,-501,37.4117743,-121.9948443
168965868,2,8,37.4122571,-121.9947603,28,13.11,10.8,215,183,311,1288,246,-603,37.4117743,-121.9948443
169066951,2,8,37.4122665,-121.9947588,29,10.87,6.8,215,183,312,1079,129,-704,37.4117743,-121.9948443
169167834,2,8,37.4122745,-121.9947583,30,9.42,3.5,215,183,312,940,58,-764,37.4117743,-121.9948443
169269028,2,8,37.4122825,-121.9947578,31,9.37,3.7,215,183,312,935,61,-777,37.4117743,-121.9948443
169369470,2,8,37.4122911,-121.9947567,31,9.63,6.4,215,183,312,957,107,-715,37.4117743,-121.9948443
169469569,2,8,37.4123003,-121.9947550,32,9.96,8.3,215,183,312,985,145,-634,37.4117743,-121.9948443
169570386,2,8,37.4123097,-121.9947530,32,10.13,9.4,215,183,312,999,167,-551,37.4117743,-121.9948443
169671199,2,8,37.4123194,-121.9947508,32,10.33,10.1,215,182,312,1017,181,-447,37.4117743,-121.9948443
169771926,2,8,37.4123291,-121.9947484,33,10.50,10.8,215,182,312,1031,197,-363,37.4117743,-121.9948443
169872188,2,8,37.4123390,-121.9947460,33,10.63,10.2,215,182,312,1046,188,-281,37.4117743,-121.9948443
169972621,2,8,37.4123489,-121.9947439,33,10.81,8.7,215,182,312,1068,164,-224,37.4117743,-121.9948443
170073100,2,8,37.4123589,-121.9947420,33,10.98,8.3,215,182,311,1086,158,-156,37.4117743,-121.9948443
170153602,2,8,37.4123689,-121.9947402,33,11.20,7.3,215,182,312,1110,142,-122,37.4117743,-121.9948443
170274094,2,8,37.4123788,-121.9947387,33,11.20,5.8,215,182,311,1115,115,-102,37.4117743,-121.9948443
170354273,2,8,37.4123888,-121.9947377,33,11.28,3.2,215,181,311,1126,64,-88,37.4117743,-121.9948443
170454843,2,8,37.4123987,-121.9947373,33,11.29,0.7,215,181,311,1129,15,-118,37.4117743,-121.9948443
170555641,2,8,37.4124084,-121.9947379,33,11.14,356.6,215,181,311,1112,-65,-152,37.4117743,-121.9948443
170656172,2,8,37.4124180,-121.9947393,33,11.07,352.1,215,181,310,1097,-150,-194,37.4117743,-121.9948443
170756965,2,8,37.4124273,-121.9947412,34,10.74,350.2,215,180,310,1058,-182,-227,37.4117743,-121.9948443
170857247,2,8,37.4124360,-121.9947440,34,10.45,345.9,215,180,310,1014,-254,-285,37.4117743,-121.9948443
170958022,2,8,37.4124449,-121.9947468,35,10.21,346.3,215,180,310,992,-241,-301,37.4117743,-121.9948443
171045380,2,8,37.4124449,-121.9947468,35,10.21,346.3,215,180,310,992,-241,-301,37.4117743,-121.9948443
171058868,2,8,37.4124536,-121.9947496,35,10.00,345.7,215,179,310,969,-246,-302,37.4117743,-121.9948443
171159972,2,8,37.4124622,-121.9947525,35,9.89,344.3,215,179,310,952,-266,-288,37.4117743,-121.9948443
171261024,2,8,37.4124707,-121.9947558,35,9.88,342.7,215,179,310,944,-293,-271,37.4117743,-121.9948443
171361554,2,8,37.4124790,-121.9947595,36,9.87,340.5,215,179,310,931,-329,-263,37.4117743,-121.9948443
171462288,2,8,37.4124869,-121.9947636,36,9.71,337.8,215,178,310,900,-366,-275,37.4117743,-121.9948443
171562601,2,8,37.4124949,-121.9947680,36,9.78,336.0,215,178,310,894,-397,-270,37.4117743,-121.9948443
171663158,2,8,37.4125027,-121.9947728,37,9.74,333.5,215,178,310,872,-434,-263,37.4117743,-121.9948443
171763315,2,8,37.4125103,-121.9947782,37,9.75,330.0,215,178,310,845,-487,-257,37.4117743,-121.9948443
171863837,2,8,37.4125174,-121.9947842,37,9.65,325.8,215,178,310,799,-542,-278,37.4117743,-121.9948443
171964802,2,8,37.4125240,-121.9947909,38,9.76,322.4,215,177,309,774,-594,-291,37.4117743,-121.9948443
172065666,2,8,37.4125307,-121.9947979,38,9.74,319.6,215,177,309,742,-631,-287,37.4117743,-121.9948443
172165688,2,8,37.4125368,-121.9948051,39,9.39,316.1,215,176,309,677,-651,-282,37.4117743,-121.9948443
172265867,2,8,37.4125424,-121.9948127,39,9.43,312.0,215,176,309,632,-700,-282,37.4117743,-121.9948443
172366626,2,8,37.4125476,-121.9948210,39,9.57,308.0,215,176,309,589,-753,-279,37.4117743,-121.9948443
172467580,2,8,37.4125523,-121.9948298,40,9.64,303.7,215,176,309,535,-802,-278,37.4117743,-121.9948443
172567976,2,8,37.4125568,-121.9948390,40,9.58,300.7,215,176,309,490,-823,-251,37.4117743,-121.9948443
172668494,2,8,37.4125612,-121.9948484,40,9.61,298.2,215,176,310,454,-847,-197,37.4117743,-121.9948443
172768551,2,8,37.4125651,-121.9948583,40,9.82,295.8,215,176,310,428,-884,-148,37.4117743,-121.9948443
172869112,2,8,37.4125685,-121.9948686,40,9.99,292.1,215,176,311,377,-926,-108,37.4117743,-121.9948443
172969808,2,8,37.4125715,-121.9948796,40,10.31,289.4,215,175,311,343,-972,-71,37.4117743,-121.9948443
173069847,2,8,37.4125746,-121.9948908,40,10.47,287.7,215,175,311,318,-997,-35,37.4117743,-121.9948443
173150915,2,8,37.4125772,-121.9949024,40,10.86,286.1,215,175,311,302,-1043,-4,37.4117743,-121.9948443
173196250,2,8,37.4125772,-121.9949024,40,10.86,286.1,215,175,311,302,-1043,-4,37.4117743,-121.9948443
173272058,2,8,37.4125798,-121.9949144,40,11.28,285.9,215,175,311,310,-1084,48,37.4117743,-121.9948443
173351998,2,8,37.4125829,-121.9949268,40,11.54,285.6,215,175,308,312,-1111,109,37.4117743,-121.9948443
173452749,2,8,37.4125859,-121.9949393,40,11.64,284.7,215,175,306,296,-1125,179,37.4117743,-121.9948443
173553421,2,8,37.4125891,-121.9949520,39,11.81,285.2,215,175,304,309,-1139,235,37.4117743,-121.9948443
173653926,2,8,37.4125923,-121.9949651,39,12.16,285.9,215,175,303,333,-1169,290,37.4117743,-121.9948443
173754068,2,8,37.4125957,-121.9949784,39,12.42,286.6,215,175,301,355,-1190,349,37.4117743,-121.9948443
173854635,2,8,37.4125991,-121.9949919,38,12.49,287.1,215,175,300,368,-1194,411,37.4117743,-121.9948443
173955720,2,8,37.4126028,-121.9950055,38,12.87,287.9,215,175,299,396,-1224,450,37.4117743,-121.9948443
174056446,2,8,37.4126069,-121.9950194,37,13.25,289.8,215,175,299,448,-1246,447,37.4117743,-121.9948443
174158032,2,8,37.4126113,-121.9950338,37,13.95,291.2,215,175,298,506,-1300,413,37.4117743,-121.9948443
174258736,2,8,37.4126155,-121.9950486,37,14.29,291.6,215,175,296,528,-1328,349,37.4117743,-121.9948443
174359455,2,8,37.4126197,-121.9950639,37,14.63,291.0,215,175,295,526,-1365,280,37.4117743,-121.9948443
174459903,2,8,37.4126238,-121.9950793,37,14.71,290.8,215,175,295,522,-1375,208,37.4117743,-121.9948443
174560765,2,8,37.4126276,-121.9950949,37,14.71,289.8,215,175,294,499,-1384,115,37.4117743,-121.9948443
174661025,2,8,37.4126313,-121.9951104,37,14.55,288.9,215,175,293,473,-1376,49,37.4117743,-121.9948443
174762482,2,8,37.4126348,-121.9951257,37,14.34,287.4,215,175,293,430,-1368,2,37.4117743,-121.9948443
174863031,2,8,37.4126378,-121.9951410,37,14.26,286.3,215,175,292,401,-1368,-76,37.4117743,-121.9948443
174963483,2,8,37.4126409,-121.9951561,38,14.01,285.6,215,175,291,377,-1349,-110,37.4117743,-121.9948443
175064906,2,8,37.4126436,-121.9951713,38,14.04,284.5,215,175,290,353,-1359,-139,37.4117743,-121.9948443
175165797,2,8,37.4126464,-121.9951864,38,13.85,283.2,215,174,289,317,-1348,-140,37.4117743,-121.9948443
175267231,2,8,37.4126490,-121.9952017,38,14.03,282.4,215,174,288,302,-1370,-133,37.4117743,-121.9948443
175333584,2,8,37.4126490,-121.9952017,38,14.03,282.4,215,174,288,302,-1370,-133,37.4117743,-121.9948443
175367827,2,8,37.4126517,-121.9952172,38,14.17,283.0,215,174,287,320,-1380,-133,37.4117743,-121.9948443
175448703,2,8,37.4126545,-121.9952327,39,14.01,282.7,215,174,287,309,-1367,-120,37.4117743,-121.9948443
175549394,2,8,37.4126571,-121.9952481,39,13.94,282.7,215,174,287,307,-1360,-103,37.4117743,-121.9948443
175649539,2,8,37.4126594,-121.9952635,39,13.97,281.1,215,174,286,269,-1371,-105,37.4117743,-121.9948443
175750213,2,8,37.4126619,-121.9952791,39,14.15,280.6,215,174,286,262,-1390,-59,37.4117743,-121.9948443
175850967,2,8,37.4126643,-121.9952947,39,13.98,280.7,215,174,286,261,-1374,-16,37.4117743,-121.9948443
175951362,2,8,37.4126659,-121.9953097,39,13.37,278.9,215,174,286,207,-1321,-128,37.4117743,-121.9948443
176051663,2,8,37.4126671,-121.9953237,39,12.13,277.0,215,173,286,148,-1204,-228,37.4117743,-121.9948443
176152206,2,8,37.4126680,-121.9953368,40,11.68,276.4,215,173,286,131,-1161,-258,37.4117743,-121.9948443
176253004,2,8,37.4126689,-121.9953497,40,11.43,275.6,215,173,286,113,-1138,-266,37.4117743,-121.9948443
176353272,2,8,37.4126690,-121.9953622,40,11.06,273.9,215,173,285,76,-1103,-347,37.4117743,-121.9948443
176453538,2,8,37.4126682,-121.9953733,41,9.57,269.9,215,173,286,-1,-957,-445,37.4117743,-121.9948443
176553988,2,8,37.4126669,-121.9953831,42,8.66,265.5,215,173,286,-67,-863,-479,37.4117743,-121.9948443
176654710,2,8,37.4126651,-121.9953923,42,8.49,260.9,215,173,286,-132,-839,-512,37.4117743,-121.9948443
176756162,2,8,37.4126621,-121.9954011,43,8.15,254.8,215,173,287,-212,-787,-586,37.4117743,-121.9948443
176856296,2,8,37.4126587,-121.9954093,44,7.91,249.4,215,174,287,-277,-741,-641,37.4117743,-121.9948443
176957046,2,8,37.4126556,-121.9954167,45,7.37,241.4,215,174,288,-352,-647,-609,37.4117743,-121.9948443
177058595,2,8,37.4126522,-121.9954237,45,7.25,239.2,215,174,288,-370,-622,-579,37.4117743,-121.9948443
177159314,2,8,37.4126487,-121.9954306,46,7.45,236.2,215,174,289,-414,-619,-550,37.4117743,-121.9948443
177259586,2,8,37.4126447,-121.9954371,46,7.49,231.2,215,174,290,-469,-584,-515,37.4117743,-121.9948443
177359969,2,8,37.4126406,-121.9954435,47,7.45,229.3,215,174,290,-485,-565,-479,37.4117743,-121.9948443
177461086,2,8,37.4126362,-121.9954496,47,7.58,226.0,215,174,290,-526,-545,-439,37.4117743,-121.9948443
177479185,2,8,37.4126362,-121.9954496,47,7.58,226.0,215,174,290,-526,-545,-439,37.4117743,-121.9948443
177561834,2,8,37.4126316,-121.9954554,47,7.54,224.1,215,174,290,-540,-525,-396,37.4117743,-121.9948443
177663272,2,8,37.4126264,-121.9954610,48,7.95,219.1,215,173,290,-616,-502,-357,37.4117743,-121.9948443
177763972,2,8,37.4126207,-121.9954660,48,8.08,213.4,215,173,290,-674,-445,-320,37.4117743,-121.9948443
177864915,2,8,37.4126143,-121.9954701,48,8.18,206.2,215,173,290,-733,-362,-273,37.4117743,-121.9948443
177965327,2,8,37.4126075,-121.9954738,48,8.49,202.7,215,173,289,-783,-329,-229,37.4117743,-121.9948443
178065588,2,8,37.4126003,-121.9954769,48,8.72,198.9,215,173,289,-825,-282,-170,37.4117743,-121.9948443
178165803,2,8,37.4125925,-121.9954794,48,9.04,194.2,215,173,288,-876,-222,-128,37.4117743,-121.9948443
178246298,2,8,37.4125844,-121.9954809,48,9.40,186.4,215,172,287,-934,-105,-80,37.4117743,-121.9948443
178366671,2,8,37.4125756,-121.9954809,48,9.90,177.9,215,172,286,-989,36,-27,37.4117743,-121.9948443
178448145,2,8,37.4125668,-121.9954796,48,10.10,172.0,215,172,286,-1000,139,23,37.4117743,-121.9948443
178548023,2,8,37.4125579,-121.9954771,48,10.38,167.0,215,172,285,-1012,233,82,37.4117743,-121.9948443
178648620,2,8,37.4125489,-121.9954736,48,10.82,161.4,215,172,285,-1025,344,144,37.4117743,-121.9948443
178749078,2,8,37.4125398,-121.9954690,48,11.14,158.0,215,172,284,-1033,417,206,37.4117743,-121.9948443
178849623,2,8,37.4125308,-121.9954637,47,11.50,155.7,215,173,283,-1049,473,287,37.4117743,-121.9948443
178950463,2,8,37.4125217,-121.9954574,47,11.84,150.6,215,173,282,-1032,580,338,37.4117743,-121.9948443
179050809,2,8,37.4125130,-121.9954498,47,12.26,144.5,215,173,281,-999,710,365,37.4117743,-121.9948443
179151325,2,8,37.4125046,-121.9954410,46,12.31,139.5,215,173,280,-937,799,390,37.4117743,-121.9948443
179251869,2,8,37.4124972,-121.9954307,46,12.41,130.7,215,173,279,-810,939,393,37.4117743,-121.9948443
179352701,2,8,37.4124909,-121.9954191,45,12.45,123.7,215,173,278,-692,1035,388,37.4117743,-121.9948443
179452902,2,8,37.4124854,-121.9954067,45,12.57,118.0,215,173,277,-592,1108,363,37.4117743,-121.9948443
179553578,2,8,37.4124814,-121.9953934,45,12.69,108.6,215,172,276,-405,1203,322,37.4117743,-121.9948443
179635253,2,8,37.4124814,-121.9953934,45,12.69,108.6,215,172,276,-405,1203,322,37.4117743,-121.9948443
179654142,2,8,37.4124791,-121.9953793,44,12.82,100.2,215,172,275,-228,1262,266,37.4117743,-121.9948443
179754793,2,8,37.4124780,-121.9953648,44,12.99,94.9,215,172,275,-112,1294,258,37.4117743,-121.9948443
179855247,2,8,37.4124776,-121.9953501,44,13.25,92.9,215,172,274,-69,1323,288,37.4117743,-121.9948443
179955275,2,8,37.4124777,-121.9953351,44,13.46,89.8,215,172,273,2,1346,307,37.4117743,-121.9948443
180055814,2,8,37.4124782,-121.9953199,43,13.62,88.4,215,172,273,35,1362,348,37.4117743,-121.9948443
180156329,2,8,37.4124787,-121.9953046,43,13.52,90.4,215,172,272,-11,1352,457,37.4117743,-121.9948443
180257151,2,8,37.4124790,-121.9952896,42,13.05,91.3,215,171,272,-31,1305,570,37.4117743,-121.9948443
180357827,2,8,37.4124792,-121.9952748,42,12.87,91.7,215,171,271,-38,1287,677,37.4117743,-121.9948443
180458057,2,8,37.4124795,-121.9952600,41,12.92,91.8,215,171,270,-41,1292,760,37.4117743,-121.9948443
180558566,2,8,37.4124796,-121.9952450,40,13.19,92.3,215,171,270,-53,1318,821,37.4117743,-121.9948443
180658969,2,8,37.4124795,-121.9952293,39,14.13,90.8,215,171,269,-20,1413,778,37.4117743,-121.9948443
180759913,2,8,37.4124793,-121.9952124,38,15.41,89.3,215,171,269,16,1541,672,37.4117743,-121.9948443
180860512,2,8,37.4124793,-121.9951943,38,16.28,87.2,215,171,268,78,1626,520,37.4117743,-121.9948443
180960924,2,8,37.4124796,-121.9951757,38,16.61,86.7,215,170,268,94,1658,395,37.4117743,-121.9948443
181061352,2,8,37.4124803,-121.9951568,37,16.88,86.6,215,170,267,98,1685,355,37.4117743,-121.9948443
181162318,2,8,37.4124810,-121.9951377,37,16.98,87.3,215,170,267,77,1696,341,37.4117743,-121.9948443
181243213,2,8,37.4124821,-121.9951185,37,17.15,86.6,215,170,266,101,1712,363,37.4117743,-121.9948443
181343978,2,8,37.4124826,-121.9950997,36,16.52,88.3,215,169,266,48,1651,348,37.4117743,-121.9948443
181444628,2,8,37.4124830,-121.9950813,36,16.34,89.0,215,169,266,28,1633,354,37.4117743,-121.9948443
181545313,2,8,37.4124834,-121.9950628,35,16.43,89.8,215,169,265,5,1643,378,37.4117743,-121.9948443
181645795,2,8,37.4124837,-121.9950442,35,16.38,90.7,215,169,265,-20,1638,418,37.4117743,-121.9948443
181746321,2,8,37.4124840,-121.9950260,34,16.08,90.2,215,169,265,-5,1608,445,37.4117743,-121.9948443
181777802,2,8,37.4124840,-121.9950260,34,16.08,90.2,215,169,265,-5,1608,445,37.4117743,-121.9948443
181847374,2,8,37.4124855,-121.9950079,34,15.86,83.7,215,169,265,173,1576,423,37.4117743,-121.9948443
181948150,2,8,37.4124886,-121.9949911,34,15.02,75.6,215,169,265,372,1455,395,37.4117743,-121.9948443
182048245,2,8,37.4124916,-121.9949753,33,14.39,77.0,215,169,266,323,1403,390,37.4117743,-121.9948443
182148695,2,8,37.4124943,-121.9949600,33,14.43,75.3,215,169,266,364,1397,272,37.4117743,-121.9948443
182249553,2,8,37.4124973,-121.9949462,33,13.27,70.0,215,169,266,452,1248,105,37.4117743,-121.9948443
182350527,2,8,37.4125009,-121.9949340,34,12.25,65.6,215,169,266,505,1116,-32,37.4117743,-121.9948443
182450797,2,8,37.4125047,-121.9949224,34,11.81,65.4,215,168,267,491,1074,-143,37.4117743,-121.9948443
182551737,2,8,37.4125083,-121.9949111,35,11.55,66.3,215,168,267,464,1058,-234,37.4117743,-121.9948443
182653038,2,8,37.4125124,-121.9948993,35,11.63,66.3,215,168,267,467,1066,-263,37.4117743,-121.9948443
182753416,2,8,37.4125167,-121.9948873,35,11.66,66.5,215,168,268,464,1069,-261,37.4117743,-121.9948443
182854021,2,8,37.4125210,-121.9948752,35,11.68,67.1,215,168,268,454,1076,-239,37.4117743,-121.9948443
182954801,2,8,37.4125254,-121.9948630,36,11.75,66.7,215,168,268,464,1079,-221,37.4117743,-121.9948443
183055056,2,8,37.4125299,-121.9948507,36,11.80,66.4,215,168,268,471,1082,-176,37.4117743,-121.9948443
183156085,2,8,37.4125345,-121.9948383,36,11.88,65.8,215,167,268,486,1084,-134,37.4117743,-121.9948443
183256555,2,8,37.4125396,-121.9948262,36,11.79,62.8,215,167,268,537,1050,-83,37.4117743,-121.9948443
183357104,2,8,37.4125456,-121.9948150,36,11.60,54.4,215,167,268,675,943,-43,37.4117743,-121.9948443
183458342,2,8,37.4125528,-121.9948059,36,11.05,42.1,215,167,269,819,741,-4,37.4117743,-121.9948443
183558663,2,8,37.4125611,-121.9947993,35,10.57,30.9,215,167,270,907,543,38,37.4117743,-121.9948443
183658943,2,8,37.4125700,-121.9947944,35,10.42,21.9,215,168,270,966,389,88,37.4117743,-121.9948443
183740059,2,8,37.4125794,-121.9947914,35,10.41,12.7,215,168,271,1016,230,125,37.4117743,-121.9948443
183840985,2,8,37.4125891,-121.9947903,35,10.57,3.0,215,168,272,1055,56,157,37.4117743,-121.9948443
183929854,2,8,37.4125891,-121.9947903,35,10.57,3.0,215,168,272,1055,56,157,37.4117743,-121.9948443
183941366,2,8,37.4125990,-121.9947911,35,10.87,354.1,215,169,273,1081,-111,178,37.4117743,-121.9948443
184041604,2,8,37.4126091,-121.9947937,34,11.14,345.8,215,169,274,1081,-272,217,37.4117743,-121.9948443
184142684,2,8,37.4126187,-121.9947988,34,11.64,334.5,215,169,274,1051,-501,212,37.4117743,-121.9948443
184244481,2,8,37.4126278,-121.9948062,34,12.12,323.8,215,169,275,978,-716,201,37.4117743,-121.9948443
184345652,2,8,37.4126360,-121.9948160,34,12.78,314.2,215,169,276,891,-915,201,37.4117743,-121.9948443
184446027,2,8,37.4126431,-121.9948274,34,13.15,306.8,215,170,276,789,-1052,180,37.4117743,-121.9948443
184546594,2,8,37.4126490,-121.9948401,33,13.19,298.5,215,170,277,631,-1158,160,37.4117743,-121.9948443
184647304,2,8,37.4126533,-121.9948540,33,13.42,290.4,215,170,277,468,-1258,124,37.4117743,-121.9948443
184747842,2,8,37.4126557,-121.9948685,34,13.24,282.0,215,170,278,277,-1294,74,37.4117743,-121.9948443
184848353,2,8,37.4126570,-121.9948840,34,14.01,276.2,215,170,278,152,-1392,35,37.4117743,-121.9948443
184949830,2,8,37.4126576,-121.9949002,34,14.41,272.4,215,170,278,60,-1440,22,37.4117743,-121.9948443
185050333,2,8,37.4126568,-121.9949164,34,14.44,265.7,215,169,279,-107,-1439,-24,37.4117743,-121.9948443
185150935,2,8,37.4126542,-121.9949326,34,14.56,258.8,215,169,279,-281,-1429,-85,37.4117743,-121.9948443
185252384,2,8,37.4126505,-121.9949485,34,14.40,254.7,215,169,279,-377,-1389,-125,37.4117743,-121.9948443
185352728,2,8,37.4126463,-121.9949642,35,14.64,252.8,215,169,279,-431,-1399,-146,37.4117743,-121.9948443
185453496,2,8,37.4126420,-121.9949797,35,14.51,251.2,215,169,278,-465,-1375,-157,37.4117743,-121.9948443
185553604,2,8,37.4126375,-121.9949952,35,14.57,250.5,215,169,278,-484,-1374,-176,37.4117743,-121.9948443
185655250,2,8,37.4126329,-121.9950106,35,14.60,249.5,215,169,278,-510,-1368,-170,37.4117743,-121.9948443
185755921,2,8,37.4126285,-121.9950262,35,14.75,250.5,215,169,277,-491,-1391,-154,37.4117743,-121.9948443
185856265,2,8,37.4126247,-121.9950420,35,15.04,251.5,215,169,277,-477,-1426,-94,37.4117743,-121.9948443
185956723,2,8,37.4126206,-121.9950581,35,15.14,250.9,215,169,277,-494,-1431,-33,37.4117743,-121.9948443
186037277,2,8,37.4126161,-121.9950742,35,15.28,250.7,215,169,277,-504,-1442,2,37.4117743,-121.9948443
186087290,2,8,37.4126161,-121.9950742,35,15.28,250.7,215,169,277,-504,-1442,2,37.4117743,-121.9948443
186137830,2,8,37.4126117,-121.9950907,35,15.58,250.6,215,169,277,-517,-1470,63,37.4117743,-121.9948443
186238890,2,8,37.4126073,-121.9951073,35,15.77,250.7,215,169,276,-521,-1489,137,37.4117743,-121.9948443
186339055,2,8,37.4126031,-121.9951240,35,15.66,251.9,215,169,276,-484,-1489,220,37.4117743,-121.9948443
186440165,2,8,37.4125985,-121.9951405,35,15.21,252.7,215,169,276,-450,-1452,141,37.4117743,-121.9948443
186540724,2,8,37.4125936,-121.9951563,35,14.48,252.2,215,169,275,-441,-1379,-35,37.4117743,-121.9948443
186641385,2,8,37.4125895,-121.9951715,35,14.04,252.4,215,169,275,-422,-1338,-82,37.4117743,-121.9948443
186742401,2,8,37.4125854,-121.9951866,36,14.26,251.7,215,169,274,-445,-1355,-62,37.4117743,-121.9948443
186842648,2,8,37.4125809,-121.9952018,36,14.38,251.0,215,169,273,-467,-1360,-74,37.4117743,-121.9948443
186943315,2,8,37.4125761,-121.9952169,36,14.37,249.3,215,169,273,-507,-1345,-86,37.4117743,-121.9948443
187044889,2,8,37.4125712,-121.9952321,36,14.52,249.0,215,169,272,-520,-1356,-90,37.4117743,-121.9948443
187145459,2,8,37.4125667,-121.9952475,36,14.73,249.1,215,169,271,-524,-1377,-32,37.4117743,-121.9948443
187245789,2,8,37.4125620,-121.9952629,36,14.71,248.2,215,169,271,-544,-1367,3,37.4117743,-121.9948443
187346356,2,8,37.4125570,-121.9952783,36,14.78,247.2,215,169,270,-571,-1363,20,37.4117743,-121.9948443
187446828,2,8,37.4125518,-121.9952940,36,15.22,247.0,215,169,270,-594,-1401,42,37.4117743,-121.9948443
187547676,2,8,37.4125464,-121.9953097,36,15.20,245.9,215,169,269,-620,-1387,98,37.4117743,-121.9948443
187648037,2,8,37.4125411,-121.9953256,36,15.44,245.7,215,169,268,-633,-1408,162,37.4117743,-121.9948443
187749699,2,8,37.4125355,-121.9953419,35,15.95,245.8,215,168,268,-652,-1456,217,37.4117743,-121.9948443
187850157,2,8,37.4125298,-121.9953586,35,16.21,245.6,215,168,267,-670,-1477,287,37.4117743,-121.9948443
187951134,2,8,37.4125238,-121.9953756,34,16.62,245.6,215,168,267,-685,-1514,328,37.4117743,-121.9948443
188051206,2,8,37.4125177,-121.9953929,34,16.90,244.9,215,168,267,-715,-1531,364,37.4117743,-121.9948443
188151845,2,8,37.4125106,-121.9954100,34,16.94,242.1,215,168,266,-790,-1499,291,37.4117743,-121.9948443
188229925,2,8,37.4125106,-121.9954100,34,16.94,242.1,215,168,266,-790,-1499,291,37.4117743,-121.9948443
188252098,2,8,37.4125024,-121.9954264,34,16.64,238.8,215,168,266,-861,-1424,94,37.4117743,-121.9948443
188352109,2,8,37.4124933,-121.9954417,34,15.85,235.7,215,168,265,-892,-1309,-95,37.4117743,-121.9948443
188452589,2,8,37.4124843,-121.9954557,35,15.27,233.5,215,168,264,-908,-1227,-232,37.4117743,-121.9948443
188552944,2,8,37.4124743,-121.9954682,35,14.74,228.3,215,167,263,-979,-1101,-380,37.4117743,-121.9948443
188634065,2,8,37.4124653,-121.9954803,36,14.38,227.9,215,167,263,-963,-1068,-441,37.4117743,-121.9948443
188754519,2,8,37.4124564,-121.9954915,36,13.94,225.0,215,167,263,-985,-987,-462,37.4117743,-121.9948443
188835104,2,8,37.4124470,-121.9955019,37,13.83,221.9,215,167,262,-1028,-924,-463,37.4117743,-121.9948443
188935664,2,8,37.4124369,-121.9955115,37,14.20,218.3,215,167,262,-1113,-881,-466,37.4117743,-121.9948443
189036282,2,8,37.4124264,-121.9955208,38,14.32,216.3,215,167,262,-1153,-849,-459,37.4117743,-121.9948443
189137219,2,8,37.4124153,-121.9955301,38,14.97,215.0,215,168,262,-1225,-860,-450,37.4117743,-121.9948443
189237852,2,8,37.4124040,-121.9955393,39,15.07,212.2,215,168,262,-1274,-805,-412,37.4117743,-121.9948443
189338326,2,8,37.4123915,-121.9955465,39,15.16,203.0,215,168,262,-1395,-592,-391,37.4117743,-121.9948443
189438640,2,8,37.4123778,-121.9955506,39,15.66,191.1,215,168,262,-1536,-302,-336,37.4117743,-121.9948443
189539350,2,8,37.4123633,-121.9955512,39,16.31,179.4,215,168,262,-1631,17,-281,37.4117743,-121.9948443
189640558,2,8,37.4123488,-121.9955491,39,16.80,171.5,215,169,261,-1662,245,-196,37.4117743,-121.9948443
189740271,2,8,37.4123345,-121.9955447,40,17.00,165.7,215,169,262,-1648,418,-120,37.4117743,-121.9948443
189840853,2,8,37.4123210,-121.9955382,39,17.19,158.2,215,170,262,-1596,637,-23,37.4117743,-121.9948443
189942495,2,8,37.4123077,-121.9955291,39,17.89,151.2,215,171,262,-1568,862,64,37.4117743,-121.9948443
190043139,2,8,37.4122955,-121.9955192,39,17.53,149.0,215,172,262,-1504,901,203,37.4117743,-121.9948443
190143119,2,8,37.4122826,-121.9955096,38,17.45,150.9,215,173,262,-1525,847,311,37.4117743,-121.9948443
190243562,2,8,37.4122697,-121.9955002,38,17.45,151.3,215,173,262,-1532,835,411,37.4117743,-121.9948443
190343900,2,8,37.4122566,-121.9954907,37,17.53,150.4,215,173,261,-1525,863,485,37.4117743,-121.9948443
190394402,2,8,37.4122566,-121.9954907,37,17.53,150.4,215,173,261,-1525,863,485,37.4117743,-121.9948443
190444721,2,8,37.4122432,-121.9954802,37,17.78,147.3,215,174,261,-1496,960,494,37.4117743,-121.9948443
190544894,2,8,37.4122301,-121.9954685,36,18.14,144.1,215,174,261,-1469,1063,508,37.4117743,-121.9948443
190645276,2,8,37.4122174,-121.9954557,35,18.60,141.1,215,174,260,-1448,1168,534,37.4117743,-121.9948443
190745899,2,8,37.4122048,-121.9954420,35,18.81,139.5,215,174,260,-1431,1221,567,37.4117743,-121.9948443
190846527,2,8,37.4121925,-121.9954278,34,18.92,137.6,215,174,259,-1397,1275,618,37.4117743,-121.9948443
190947182,2,8,37.4121806,-121.9954129,33,19.04,135.8,215,175,259,-1367,1326,670,37.4117743,-121.9948443
191048294,2,8,37.4121690,-121.9953973,33,19.29,133.4,215,175,259,-1326,1401,709,37.4117743,-121.9948443
191148993,2,8,37.4121580,-121.9953806,32,19.40,128.5,215,175,259,-1210,1516,704,37.4117743,-121.9948443
191249835,2,8,37.4121487,-121.9953622,31,19.60,121.2,215,175,259,-1017,1676,663,37.4117743,-121.9948443
191350798,2,8,37.4121415,-121.9953424,31,19.45,112.1,215,175,258,-733,1801,564,37.4117743,-121.9948443
191450992,2,8,37.4121362,-121.9953213,30,19.59,103.6,215,175,258,-460,1904,410,37.4117743,-121.9948443
191531325,2,8,37.4121333,-121.9952994,30,19.77,96.8,215,175,258,-235,1963,259,37.4117743,-121.9948443
191652214,2,8,37.4121328,-121.9952776,30,19.32,90.4,215,175,258,-13,1932,115,37.4117743,-121.9948443
191733072,2,8,37.4121336,-121.9952563,30,19.02,85.5,215,174,257,148,1896,-34,37.4117743,-121.9948443
191833382,2,8,37.4121352,-121.9952355,30,18.93,84.6,215,174,257,177,1884,-81,37.4117743,-121.9948443
191934348,2,8,37.4121371,-121.9952145,30,18.97,83.8,215,173,257,202,1886,-99,37.4117743,-121.9948443
192035551,2,8,37.4121389,-121.9951935,31,18.86,84.5,215,173,257,178,1877,-94,37.4117743,-121.9948443
192135977,2,8,37.4121409,-121.9951722,31,18.93,84.4,215,173,257,182,1884,-63,37.4117743,-121.9948443
192236328,2,8,37.4121430,-121.9951509,31,18.96,84.8,215,172,257,171,1888,-18,37.4117743,-121.9948443
192336584,2,8,37.4121452,-121.9951295,30,18.97,83.8,215,172,257,201,1886,13,37.4117743,-121.9948443
192437754,2,8,37.4121477,-121.9951082,30,18.80,82.9,215,172,256,229,1866,73,37.4117743,-121.9948443
192538627,2,8,37.4121501,-121.9950871,30,18.76,84.2,215,171,256,188,1866,154,37.4117743,-121.9948443
192546459,2,8,37.4121501,-121.9950871,30,18.76,84.2,215,171,256,188,1866,154,37.4117743,-121.9948443
192638941,2,8,37.4121520,-121.9950659,29,18.32,87.4,215,171,256,80,1830,316,37.4117743,-121.9948443
192739532,2,8,37.4121537,-121.9950449,29,17.94,86.9,215,171,255,97,1792,444,37.4117743,-121.9948443
192840279,2,8,37.4121557,-121.9950242,28,17.88,85.9,215,171,254,126,1783,536,37.4117743,-121.9948443
192941180,2,8,37.4121576,-121.9950035,27,18.06,85.8,215,171,254,132,1801,621,37.4117743,-121.9948443
193042466,2,8,37.4121594,-121.9949826,26,18.03,86.7,215,171,253,102,1800,720,37.4117743,-121.9948443
193142879,2,8,37.4121612,-121.9949616,25,18.64,84.6,215,171,254,174,1856,708,37.4117743,-121.9948443
193242906,2,8,37.4121637,-121.9949401,25,19.67,79.6,215,171,254,354,1935,581,37.4117743,-121.9948443
193343466,2,8,37.4121674,-121.9949185,25,20.23,74.6,215,170,253,534,1951,405,37.4117743,-121.9948443
193443949,2,8,37.4121726,-121.9948970,25,20.40,70.2,215,170,254,690,1920,267,37.4117743,-121.9948443
193544601,2,8,37.4121787,-121.9948764,25,19.98,65.9,215,170,254,815,1824,107,37.4117743,-121.9948443
193645583,2,8,37.4121856,-121.9948567,25,19.64,64.9,215,170,254,831,1780,6,37.4117743,-121.9948443
193746112,2,8,37.4121928,-121.9948371,25,19.40,65.7,215,170,254,798,1768,-16,37.4117743,-121.9948443
193846629,2,8,37.4122000,-121.9948176,25,19.19,67.0,215,169,254,748,1767,-22,37.4117743,-121.9948443
193947378,2,8,37.4122066,-121.9947977,25,18.91,69.3,215,169,254,668,1769,27,37.4117743,-121.9948443
194048174,2,8,37.4122127,-121.9947780,25,18.29,71.1,215,169,254,590,1731,103,37.4117743,-121.9948443
194129087,2,8,37.4122187,-121.9947586,25,18.13,70.3,215,169,254,608,1708,178,37.4117743,-121.9948443
194229448,2,8,37.4122250,-121.9947390,24,18.33,70.4,215,169,254,612,1728,261,37.4117743,-121.9948443
194330486,2,8,37.4122308,-121.9947196,24,18.12,71.5,215,168,253,573,1718,349,37.4117743,-121.9948443
194431458,2,8,37.4122366,-121.9947004,23,17.95,69.6,215,168,253,625,1683,370,37.4117743,-121.9948443
194531608,2,8,37.4122434,-121.9946816,23,18.32,63.8,215,168,253,806,1644,339,37.4117743,-121.9948443
194632317,2,8,37.4122515,-121.9946636,23,18.76,58.1,215,168,254,989,1594,249,37.4117743,-121.9948443
194693944,2,8,37.4122515,-121.9946636,23,18.76,58.1,215,168,254,989,1594,249,37.4117743,-121.9948443
194732359,2,8,37.4122608,-121.9946460,23,19.27,54.4,215,168,255,1122,1567,128,37.4117743,-121.9948443
194833297,2,8,37.4122706,-121.9946321,23,17.06,45.2,215,168,255,1201,1211,-22,37.4117743,-121.9948443
194933841,2,8,37.4122807,-121.9946208,24,15.76,39.5,215,169,256,1214,1004,-133,37.4117743,-121.9948443
195034320,2,8,37.4122903,-121.9946113,24,14.56,36.8,215,169,257,1165,873,-233,37.4117743,-121.9948443
195135004,2,8,37.4122993,-121.9946060,25,12.21,25.8,215,169,258,1099,532,-338,37.4117743,-121.9948443
195235438,2,8,37.4123077,-121.9946037,26,10.93,14.9,215,169,259,1055,282,-463,37.4117743,-121.9948443
195336215,2,8,37.4123159,-121.9946026,27,10.28,9.3,215,169,260,1014,167,-563,37.4117743,-121.9948443
195437259,2,8,37.4123240,-121.9946015,28,10.03,7.9,215,169,260,993,138,-629,37.4117743,-121.9948443
195537952,2,8,37.4123326,-121.9946008,28,10.04,5.5,215,169,261,999,97,-660,37.4117743,-121.9948443
195637965,2,8,37.4123415,-121.9946002,29,10.11,3.4,215,169,262,1010,61,-665,37.4117743,-121.9948443
195738205,2,8,37.4123506,-121.9945998,30,10.25,2.7,215,170,263,1024,48,-658,37.4117743,-121.9948443
195838615,2,8,37.4123601,-121.9945991,30,10.40,3.8,215,170,263,1037,69,-621,37.4117743,-121.9948443
195939108,2,8,37.4123696,-121.9945984,31,10.51,4.1,215,170,264,1048,75,-591,37.4117743,-121.9948443
196040324,2,8,37.4123792,-121.9945977,31,10.69,3.6,215,170,265,1067,67,-570,37.4117743,-121.9948443
196141267,2,8,37.4123892,-121.9945974,32,10.85,1.9,215,170,265,1084,37,-530,37.4117743,-121.9948443
196241867,2,8,37.4123992,-121.9945974,32,11.07,359.8,215,169,265,1107,-2,-505,37.4117743,-121.9948443
196342301,2,8,37.4124095,-121.9945977,33,11.29,359.0,215,169,266,1128,-18,-464,37.4117743,-121.9948443
196443749,2,8,37.4124198,-121.9945985,33,11.43,357.1,215,169,266,1142,-55,-447,37.4117743,-121.9948443
196544338,2,8,37.4124306,-121.9945993,33,11.73,357.1,215,169,267,1171,-57,-402,37.4117743,-121.9948443
196644960,2,8,37.4124415,-121.9946001,33,11.95,357.0,215,169,267,1194,-62,-355,37.4117743,-121.9948443
196745126,2,8,37.4124526,-121.9946010,34,12.25,357.0,215,169,267,1223,-63,-293,37.4117743,-121.9948443
196825753,2,8,37.4124639,-121.9946020,34,12.31,356.6,215,168,267,1229,-72,-236,37.4117743,-121.9948443
196837264,2,8,37.4124639,-121.9946020,34,12.31,356.6,215,168,267,1229,-72,-236,37.4117743,-121.9948443
196926153,2,8,37.4124749,-121.9946037,34,12.24,351.7,215,168,268,1211,-176,-251,37.4117743,-121.9948443
197026643,2,8,37.4124846,-121.9946074,34,11.29,341.2,215,168,268,1069,-363,-300,37.4117743,-121.9948443
197127265,2,8,37.4124932,-121.9946124,35,10.76,334.8,215,168,268,973,-457,-343,37.4117743,-121.9948443
197228507,2,8,37.4125014,-121.9946180,35,10.64,333.6,215,168,269,954,-471,-381,37.4117743,-121.9948443
197329148,2,8,37.4125084,-121.9946241,36,9.64,326.5,215,168,270,804,-531,-453,37.4117743,-121.9948443
197429562,2,8,37.4125144,-121.9946312,37,9.22,315.4,215,168,271,658,-646,-479,37.4117743,-121.9948443
197530380,2,8,37.4125196,-121.9946392,37,9.17,309.9,215,168,272,588,-703,-483,37.4117743,-121.9948443
197630796,2,8,37.4125245,-121.9946475,38,9.24,307.7,215,168,273,565,-731,-484,37.4117743,-121.9948443
197731122,2,8,37.4125292,-121.9946565,38,9.50,304.9,215,169,275,545,-779,-492,37.4117743,-121.9948443
197831744,2,8,37.4125335,-121.9946660,39,9.65,301.9,215,169,276,511,-819,-500,37.4117743,-121.9948443
197932465,2,8,37.4125379,-121.9946756,39,9.83,301.1,215,169,277,508,-841,-498,37.4117743,-121.9948443
198033390,2,8,37.4125426,-121.9946855,40,10.00,301.9,215,169,278,528,-849,-488,37.4117743,-121.9948443
198134379,2,8,37.4125477,-121.9946955,40,10.42,301.6,215,169,278,547,-887,-437,37.4117743,-121.9948443
198235641,2,8,37.4125531,-121.9947059,41,10.74,301.3,215,169,278,558,-918,-383,37.4117743,-121.9948443
198336027,2,8,37.4125585,-121.9947166,41,11.01,300.3,215,169,278,556,-950,-336,37.4117743,-121.9948443
198437359,2,8,37.4125640,-121.9947275,41,11.47,301.4,215,169,278,598,-979,-318,37.4117743,-121.9948443
198537821,2,8,37.4125698,-121.9947386,41,11.78,302.8,215,169,278,638,-990,-298,37.4117743,-121.9948443
198638152,2,8,37.4125761,-121.9947499,42,12.07,304.4,215,169,278,683,-995,-262,37.4117743,-121.9948443
198738601,2,8,37.4125830,-121.9947615,42,12.50,305.4,215,169,278,725,-1017,-197,37.4117743,-121.9948443
198840188,2,8,37.4125900,-121.9947734,42,12.88,305.4,215,169,277,748,-1049,-135,37.4117743,-121.9948443
198941281,2,8,37.4125976,-121.9947857,42,13.36,306.2,215,169,276,791,-1077,-62,37.4117743,-121.9948443
198976490,2,8,37.4125976,-121.9947857,42,13.36,306.2,215,169,276,791,-1077,-62,37.4117743,-121.9948443
199042215,2,8,37.4126054,-121.9947981,42,13.68,306.8,215,168,274,821,-1094,20,37.4117743,-121.9948443
199142359,2,8,37.4126135,-121.9948108,42,14.06,308.2,215,168,273,870,-1105,70,37.4117743,-121.9948443
199223481,2,8,37.4126218,-121.9948234,41,14.20,308.9,215,168,272,892,-1105,135,37.4117743,-121.9948443
199324733,2,8,37.4126304,-121.9948361,41,14.45,310.4,215,168,271,936,-1100,186,37.4117743,-121.9948443
199424909,2,8,37.4126392,-121.9948485,41,15.00,316.6,215,168,271,1092,-1029,0,37.4117743,-121.9948443
199525079,2,8,37.4126487,-121.9948600,41,14.71,319.2,215,167,271,1115,-960,-88,37.4117743,-121.9948443
199625539,2,8,37.4126579,-121.9948710,42,14.26,318.9,215,167,270,1075,-936,-138,37.4117743,-121.9948443
199726113,2,8,37.4126671,-121.9948815,42,13.95,320.2,215,167,270,1073,-891,-189,37.4117743,-121.9948443
199826770,2,8,37.4126759,-121.9948910,43,13.28,324.7,215,167,270,1085,-765,-334,37.4117743,-121.9948443
199927472,2,8,37.4126848,-121.9948995,43,12.86,326.1,215,167,271,1068,-715,-430,37.4117743,-121.9948443
200028668,2,8,37.4126936,-121.9949076,44,12.49,326.1,215,167,271,1037,-696,-463,37.4117743,-121.9948443
200129186,2,8,37.4127024,-121.9949157,45,12.46,326.5,215,167,270,1040,-686,-499,37.4117743,-121.9948443
200230146,2,8,37.4127115,-121.9949235,45,12.47,327.6,215,167,270,1053,-668,-505,37.4117743,-121.9948443
200330949,2,8,37.4127210,-121.9949312,46,12.39,328.0,215,167,270,1051,-655,-490,37.4117743,-121.9948443
200431179,2,8,37.4127306,-121.9949390,46,12.48,328.1,215,167,271,1060,-658,-468,37.4117743,-121.9948443
200531709,2,8,37.4127402,-121.9949467,47,12.66,327.9,215,167,270,1073,-671,-453,37.4117743,-121.9948443
200632654,2,8,37.4127500,-121.9949545,47,12.74,327.8,215,167,270,1079,-677,-437,37.4117743,-121.9948443
200733313,2,8,37.4127600,-121.9949623,48,12.98,328.8,215,167,270,1111,-671,-411,37.4117743,-121.9948443
200833274,2,8,37.4127704,-121.9949702,48,13.27,329.3,215,167,270,1141,-677,-375,37.4117743,-121.9948443
200934382,2,8,37.4127811,-121.9949782,48,13.63,329.3,215,167,270,1172,-694,-346,37.4117743,-121.9948443
201035098,2,8,37.4127920,-121.9949865,49,13.87,328.7,215,167,270,1186,-719,-323,37.4117743,-121.9948443
201117799,2,8,37.4127920,-121.9949865,49,13.87,328.7,215,167,270,1186,-719,-323,37.4117743,-121.9948443
201135343,2,8,37.4128026,-121.9949952,49,13.98,326.1,215,166,270,1161,-778,-314,37.4117743,-121.9948443
201235470,2,8,37.4128125,-121.9950049,49,14.05,320.8,215,166,270,1090,-886,-321,37.4117743,-121.9948443
201336482,2,8,37.4128222,-121.9950160,50,14.52,316.0,215,166,270,1046,-1007,-294,37.4117743,-121.9948443
201437119,2,8,37.4128317,-121.9950282,50,15.00,313.9,215,166,271,1041,-1079,-235,37.4117743,-121.9948443
201537632,2,8,37.4128412,-121.9950410,50,15.40,312.8,215,167,271,1048,-1129,-160,37.4117743,-121.9948443
201638046,2,8,37.4128507,-121.9950539,50,15.55,313.3,215,167,272,1068,-1131,-110,37.4117743,-121.9948443
201738614,2,8,37.4128605,-121.9950671,50,15.55,311.7,215,167,272,1035,-1161,-31,37.4117743,-121.9948443
201839837,2,8,37.4128691,-121.9950816,50,15.86,303.1,215,167,273,867,-1328,32,37.4117743,-121.9948443
201920465,2,8,37.4128754,-121.9950982,50,16.13,290.4,215,168,274,563,-1511,131,37.4117743,-121.9948443
202021735,2,8,37.4128789,-121.9951167,49,17.02,276.6,215,168,275,197,-1690,246,37.4117743,-121.9948443
202121932,2,8,37.4128785,-121.9951356,48,16.95,264.2,215,169,276,-168,-1686,359,37.4117743,-121.9948443
202221956,2,8,37.4128749,-121.9951539,48,17.12,253.8,215,169,278,-475,-1645,443,37.4117743,-121.9948443
202322854,2,8,37.4128684,-121.9951712,47,17.45,242.9,215,170,279,-795,-1554,504,37.4117743,-121.9948443
202423142,2,8,37.4128588,-121.9951858,47,17.46,229.1,215,171,280,-1143,-1320,589,37.4117743,-121.9948443
202524505,2,8,37.4128465,-121.9951974,46,17.64,217.0,215,171,282,-1408,-1062,650,37.4117743,-121.9948443
202625932,2,8,37.4128321,-121.9952053,45,17.43,205.1,215,172,283,-1577,-741,690,37.4117743,-121.9948443
202725800,2,8,37.4128184,-121.9952080,44,16.21,188.9,215,173,285,-1602,-251,785,37.4117743,-121.9948443
202826412,2,8,37.4128052,-121.9952045,43,15.94,169.6,215,174,286,-1568,286,863,37.4117743,-121.9948443
202926871,2,8,37.4127912,-121.9951977,41,16.92,160.1,215,175,288,-1591,575,919,37.4117743,-121.9948443
203028418,2,8,37.4127755,-121.9951873,41,18.37,151.3,215,176,289,-1612,880,901,37.4117743,-121.9948443
203129014,2,8,37.4127600,-121.9951742,40,19.39,141.7,215,177,290,-1522,1200,771,37.4117743,-121.9948443
203229136,2,8,37.4127446,-121.9951597,40,19.81,139.0,215,177,289,-1496,1298,611,37.4117743,-121.9948443
203274620,2,8,37.4127446,-121.9951597,40,19.81,139.0,215,177,289,-1496,1298,611,37.4117743,-121.9948443
203330060,2,8,37.4127289,-121.9951444,40,20.37,139.7,215,177,286,-1555,1315,540,37.4117743,-121.9948443
203430843,2,8,37.4127135,-121.9951289,40,20.84,141.1,215,177,284,-1624,1306,545,37.4117743,-121.9948443
203532226,2,8,37.4126982,-121.9951136,39,21.57,142.1,215,177,281,-1704,1322,601,37.4117743,-121.9948443
203632187,2,8,37.4126828,-121.9950986,38,21.87,143.1,215,177,280,-1750,1311,661,37.4117743,-121.9948443
203732834,2,8,37.4126674,-121.9950840,38,21.88,143.7,215,177,279,-1763,1294,728,37.4117743,-121.9948443
203833698,2,8,37.4126524,-121.9950695,37,21.97,144.2,215,177,278,-1784,1283,839,37.4117743,-121.9948443
203934367,2,8,37.4126372,-121.9950554,35,21.85,145.1,215,177,277,-1793,1248,946,37.4117743,-121.9948443
204034892,2,8,37.4126215,-121.9950415,34,21.16,144.8,215,177,277,-1731,1217,930,37.4117743,-121.9948443
204135782,2,8,37.4126071,-121.9950273,34,20.14,140.5,215,177,277,-1555,1279,886,37.4117743,-121.9948443
204236315,2,8,37.4125920,-121.9950099,33,21.55,134.6,215,177,278,-1513,1534,694,37.4117743,-121.9948443
204316881,2,8,37.4125798,-121.9949923,33,19.67,128.9,215,177,278,-1237,1529,533,37.4117743,-121.9948443
204437771,2,8,37.4125705,-121.9949749,33,17.98,121.8,215,178,279,-949,1527,391,37.4117743,-121.9948443
204519077,2,8,37.4125629,-121.9949580,33,16.36,115.8,215,179,281,-712,1473,192,37.4117743,-121.9948443
204619284,2,8,37.4125551,-121.9949402,34,16.71,113.8,215,180,282,-676,1528,13,37.4117743,-121.9948443
204719510,2,8,37.4125469,-121.9949220,34,17.20,115.8,215,180,282,-749,1549,-100,37.4117743,-121.9948443
204820062,2,8,37.4125380,-121.9949037,35,17.85,118.6,215,181,283,-855,1567,-179,37.4117743,-121.9948443
204921619,2,8,37.4125282,-121.9948853,35,18.75,121.9,215,181,283,-992,1590,-235,37.4117743,-121.9948443
205023291,2,8,37.4125181,-121.9948667,36,19.51,123.5,215,181,283,-1079,1625,-252,37.4117743,-121.9948443
205124166,2,8,37.4125080,-121.9948478,36,20.13,124.5,215,181,283,-1140,1659,-227,37.4117743,-121.9948443
205224586,2,8,37.4124975,-121.9948289,36,20.52,125.9,215,181,283,-1206,1660,-185,37.4117743,-121.9948443
205325151,2,8,37.4124866,-121.9948101,36,20.95,127.9,215,181,282,-1289,1652,-106,37.4117743,-121.9948443
205412407,2,8,37.4124866,-121.9948101,36,20.95,127.9,215,181,282,-1289,1652,-106,37.4117743,-121.9948443
205425341,2,8,37.4124752,-121.9947914,36,21.22,129.1,215,180,281,-1340,1644,-28,37.4117743,-121.9948443
205526161,2,8,37.4124633,-121.9947728,36,21.61,130.4,215,180,280,-1402,1644,75,37.4117743,-121.9948443
205626902,2,8,37.4124508,-121.9947546,36,21.53,131.9,215,180,280,-1440,1601,145,37.4117743,-121.9948443
205727154,2,8,37.4124389,-121.9947361,36,20.48,127.4,215,180,279,-1244,1627,75,37.4117743,-121.9948443
205828284,2,8,37.4124301,-121.9947166,36,19.65,117.5,215,180,279,-908,1743,19,37.4117743,-121.9948443
205929154,2,8,37.4124242,-121.9946965,35,18.82,109.9,215,181,280,-641,1770,52,37.4117743,-121.9948443
206028936,2,8,37.4124218,-121.9946763,35,17.91,99.1,215,181,280,-285,1769,71,37.4117743,-121.9948443
206130079,2,8,37.4124240,-121.9946580,35,15.80,83.3,215,182,281,182,1570,80,37.4117743,-121.9948443
206230172,2,8,37.4124284,-121.9946408,35,15.49,74.3,215,183,281,417,1492,76,37.4117743,-121.9948443
206331122,2,8,37.4124333,-121.9946241,35,15.46,71.1,215,183,282,500,1463,102,37.4117743,-121.9948443
206431689,2,8,37.4124387,-121.9946068,35,15.90,70.4,215,184,283,532,1498,170,37.4117743,-121.9948443
206532446,2,8,37.4124448,-121.9945884,34,17.13,69.7,215,185,283,592,1608,231,37.4117743,-121.9948443
206633458,2,8,37.4124514,-121.9945696,34,17.66,67.9,215,185,284,663,1637,282,37.4117743,-121.9948443
206714715,2,8,37.4124590,-121.9945503,33,18.30,65.9,215,186,284,745,1671,351,37.4117743,-121.9948443
206816248,2,8,37.4124675,-121.9945313,33,18.61,62.0,215,186,285,871,1644,401,37.4117743,-121.9948443
206915774,2,8,37.4124785,-121.9945132,32,19.30,53.2,215,186,285,1154,1546,409,37.4117743,-121.9948443
207016114,2,8,37.4124909,-121.9944959,32,20.33,47.9,215,187,285,1361,1510,372,37.4117743,-121.9948443
207117663,2,8,37.4125031,-121.9944792,32,20.48,46.4,215,187,285,1412,1483,289,37.4117743,-121.9948443
207218421,2,8,37.4125157,-121.9944627,32,20.54,46.1,215,187,285,1422,1482,233,37.4117743,-121.9948443
207318835,2,8,37.4125285,-121.9944454,32,20.63,47.6,215,187,285,1390,1525,281,37.4117743,-121.9948443
207419222,2,8,37.4125409,-121.9944280,31,20.28,48.9,215,187,285,1331,1530,374,37.4117743,-121.9948443
207519594,2,8,37.4125540,-121.9944112,31,20.43,44.5,215,186,285,1456,1433,412,37.4117743,-121.9948443
207564211,2,8,37.4125540,-121.9944112,31,20.43,44.5,215,186,285,1456,1433,412,37.4117743,-121.9948443
207620692,2,8,37.4125676,-121.9943955,30,20.71,41.8,215,186,286,1543,1381,369,37.4117743,-121.9948443
207721882,2,8,37.4125810,-121.9943810,31,20.43,39.0,215,187,287,1587,1287,194,37.4117743,-121.9948443
207823267,2,8,37.4125935,-121.9943696,31,18.26,33.9,215,186,287,1515,1019,-3,37.4117743,-121.9948443
207924317,2,8,37.4126055,-121.9943602,32,16.77,29.5,215,186,288,1459,827,-193,37.4117743,-121.9948443
208026091,2,8,37.4126170,-121.9943523,33,15.60,26.7,215,187,289,1393,701,-353,37.4117743,-121.9948443
208126187,2,8,37.4126262,-121.9943460,34,13.21,27.0,215,187,290,1176,601,-507,37.4117743,-121.9948443
208226851,2,8,37.4126346,-121.9943396,35,11.94,29.6,215,187,290,1038,590,-619,37.4117743,-121.9948443
208327391,2,8,37.4126429,-121.9943325,36,11.77,31.8,215,187,291,1000,621,-734,37.4117743,-121.9948443
208427807,2,8,37.4126520,-121.9943249,37,12.19,33.7,215,186,291,1014,677,-789,37.4117743,-121.9948443
208528794,2,8,37.4126612,-121.9943167,38,12.62,34.8,215,186,291,1035,722,-816,37.4117743,-121.9948443
208629188,2,8,37.4126704,-121.9943084,39,12.84,35.1,215,186,292,1050,740,-827,37.4117743,-121.9948443
208730115,2,8,37.4126798,-121.9943002,40,12.91,33.3,215,185,292,1078,710,-825,37.4117743,-121.9948443
208830929,2,8,37.4126899,-121.9942934,41,12.91,27.5,215,185,293,1144,598,-832,37.4117743,-121.9948443
208931758,2,8,37.4127008,-121.9942879,42,12.98,20.4,215,185,294,1216,454,-810,37.4117743,-121.9948443
209011998,2,8,37.4127119,-121.9942840,43,13.00,14.8,215,185,295,1256,333,-811,37.4117743,-121.9948443
209132481,2,8,37.4127238,-121.9942818,43,13.05,6.3,215,185,295,1297,144,-763,37.4117743,-121.9948443
209213180,2,8,37.4127360,-121.9942826,44,13.31,353.6,215,185,296,1323,-148,-709,37.4117743,-121.9948443
209314062,2,8,37.4127479,-121.9942874,44,13.58,337.6,215,185,297,1256,-516,-641,37.4117743,-121.9948443
209414667,2,8,37.4127593,-121.9942954,45,14.16,325.1,215,185,298,1161,-810,-555,37.4117743,-121.9948443
209514964,2,8,37.4127699,-121.9943058,45,14.50,314.1,215,185,299,1010,-1040,-410,37.4117743,-121.9948443
209615499,2,8,37.4127790,-121.9943189,45,15.10,301.3,215,185,300,785,-1290,-234,37.4117743,-121.9948443
209716051,2,8,37.4127863,-121.9943341,44,15.75,291.6,215,185,300,581,-1463,-62,37.4117743,-121.9948443
209721265,2,8,37.4127863,-121.9943341,44,15.75,291.6,215,185,300,581,-1463,-62,37.4117743,-121.9948443
209817100,2,8,37.4127919,-121.9943503,44,15.75,284.3,215,185,301,390,-1526,114,37.4117743,-121.9948443
209917440,2,8,37.4127941,-121.9943684,43,16.67,273.9,215,185,301,115,-1663,178,37.4117743,-121.9948443
210018852,2,8,37.4127930,-121.9943876,43,17.33,263.2,215,185,302,-202,-1721,191,37.4117743,-121.9948443
210118539,2,8,37.4127900,-121.9944071,43,17.98,257.2,215,185,302,-395,-1754,210,37.4117743,-121.9948443
210218903,2,8,37.4127852,-121.9944269,43,18.34,253.6,215,185,302,-517,-1759,189,37.4117743,-121.9948443
210319255,2,8,37.4127799,-121.9944470,43,18.81,252.4,215,185,302,-566,-1794,167,37.4117743,-121.9948443
210420092,2,8,37.4127752,-121.9944675,43,19.43,252.7,215,185,302,-576,-1856,228,37.4117743,-121.9948443
210520694,2,8,37.4127705,-121.9944878,42,19.45,251.1,215,185,302,-627,-1841,341,37.4117743,-121.9948443
210621363,2,8,37.4127656,-121.9945079,41,19.42,249.0,215,185,302,-693,-1814,471,37.4117743,-121.9948443
210721724,2,8,37.4127604,-121.9945274,41,19.16,247.3,215,185,301,-737,-1769,612,37.4117743,-121.9948443
210822136,2,8,37.4127548,-121.9945470,40,19.38,247.5,215,185,301,-739,-1791,732,37.4117743,-121.9948443
210923899,2,8,37.4127496,-121.9945676,39,19.75,251.5,215,184,300,-624,-1874,786,37.4117743,-121.9948443
211024729,2,8,37.4127456,-121.9945898,38,20.40,259.7,215,184,300,-361,-2008,719,37.4117743,-121.9948443
211124972,2,8,37.4127429,-121.9946138,38,21.14,267.9,215,184,299,-74,-2112,496,37.4117743,-121.9948443
211225611,2,8,37.4127423,-121.9946382,38,21.31,273.8,215,184,299,142,-2126,300,37.4117743,-121.9948443
211326539,2,8,37.4127435,-121.9946624,38,21.52,275.3,215,184,298,201,-2143,229,37.4117743,-121.9948443
211426926,2,8,37.4127443,-121.9946866,38,21.45,273.8,215,184,298,142,-2140,175,37.4117743,-121.9948443
211527071,2,8,37.4127447,-121.9947105,38,21.22,272.6,215,184,298,98,-2120,123,37.4117743,-121.9948443
211627612,2,8,37.4127435,-121.9947335,39,20.10,273.9,215,184,297,137,-2006,-152,37.4117743,-121.9948443
211728062,2,8,37.4127439,-121.9947541,40,17.78,276.1,215,185,298,189,-1768,-281,37.4117743,-121.9948443
211828797,2,8,37.4127444,-121.9947731,41,17.02,281.9,215,185,299,353,-1665,-554,37.4117743,-121.9948443
211880486,2,8,37.4127444,-121.9947731,41,17.02,281.9,215,185,299,353,-1665,-554,37.4117743,-121.9948443
211910202,2,8,37.4127475,-121.9947885,42,13.76,289.7,215,186,300,465,-1295,-637,37.4117743,-121.9948443
212011337,2,8,37.4127508,-121.9947988,43,10.11,296.5,215,186,301,451,-905,-654,37.4117743,-121.9948443
212112399,2,8,37.4127539,-121.9948059,44,7.86,307.0,215,187,303,474,-627,-721,37.4117743,-121.9948443
212213704,2,8,37.4127571,-121.9948103,45,6.26,317.4,215,188,305,461,-423,-780,37.4117743,-121.9948443
212313929,2,8,37.4127597,-121.9948124,46,4.32,328.1,215,189,308,367,-228,-807,37.4117743,-121.9948443
212414455,2,8,37.4127614,-121.9948143,47,3.49,328.7,215,189,310,298,-181,-880,37.4117743,-121.9948443
212516216,2,8,37.4127630,-121.9948165,48,3.42,325.7,215,190,313,283,-192,-949,37.4117743,-121.9948443
212616564,2,8,37.4127640,-121.9948188,50,3.13,319.8,215,191,314,239,-202,-1038,37.4117743,-121.9948443
212717116,2,8,37.4127651,-121.9948207,51,2.88,324.4,215,191,315,234,-167,-1101,37.4117743,-121.9948443
212817990,2,8,37.4127665,-121.9948240,52,3.61,308.0,215,191,316,222,-284,-1136,37.4117743,-121.9948443
212918814,2,8,37.4127689,-121.9948296,53,5.60,291.9,215,191,316,209,-519,-1091,37.4117743,-121.9948443
213019221,2,8,37.4127700,-121.9948358,55,5.90,280.5,215,192,316,108,-580,-1071,37.4117743,-121.9948443
213120667,2,8,37.4127721,-121.9948431,55,6.88,279.6,215,192,316,115,-679,-992,37.4117743,-121.9948443
213221600,2,8,37.4127745,-121.9948515,56,7.69,283.3,215,192,316,177,-748,-932,37.4117743,-121.9948443
213322213,2,8,37.4127778,-121.9948603,57,8.16,289.4,215,193,315,271,-770,-873,37.4117743,-121.9948443
213423110,2,8,37.4127818,-121.9948692,57,8.65,294.2,215,193,315,355,-788,-809,37.4117743,-121.9948443
213523174,2,8,37.4127861,-121.9948783,58,9.06,296.3,215,193,314,401,-812,-755,37.4117743,-121.9948443
213624029,2,8,37.4127904,-121.9948873,59,9.28,298.1,215,193,314,437,-818,-732,37.4117743,-121.9948443
213724998,2,8,37.4127952,-121.9948969,59,9.80,300.0,215,193,313,491,-848,-693,37.4117743,-121.9948443
213826157,2,8,37.4128001,-121.9949068,60,10.26,300.9,215,193,313,527,-880,-669,37.4117743,-121.9948443
213907271,2,8,37.4128058,-121.9949173,60,10.85,302.8,215,193,312,588,-912,-629,37.4117743,-121.9948443
214007412,2,8,37.4128116,-121.9949283,61,11.26,303.2,215,193,312,618,-941,-581,37.4117743,-121.9948443
214015185,2,8,37.4128116,-121.9949283,61,11.26,303.2,215,193,312,618,-941,-581,37.4117743,-121.9948443
214109052,2,8,37.4128179,-121.9949396,62,11.83,304.5,215,193,311,670,-975,-549,37.4117743,-121.9948443
214209053,2,8,37.4128249,-121.9949518,62,12.50,301.3,215,193,311,650,-1067,-421,37.4117743,-121.9948443
214309763,2,8,37.4128314,-121.9949649,62,12.21,293.2,215,193,310,482,-1121,-163,37.4117743,-121.9948443
214410438,2,8,37.4128359,-121.9949772,62,10.93,288.2,215,193,309,341,-1038,6,37.4117743,-121.9948443
214511012,2,8,37.4128404,-121.9949890,61,10.52,286.0,215,193,309,290,-1011,231,37.4117743,-121.9948443
214611963,2,8,37.4128452,-121.9950008,61,10.98,290.3,215,193,308,382,-1029,382,37.4117743,-121.9948443
214713421,2,8,37.4128512,-121.9950132,60,12.41,297.1,215,193,307,565,-1105,476,37.4117743,-121.9948443
214813883,2,8,37.4128581,-121.9950263,60,13.81,301.1,215,193,307,714,-1182,546,37.4117743,-121.9948443
214914731,2,8,37.4128654,-121.9950403,59,14.97,302.6,215,193,306,808,-1260,571,37.4117743,-121.9948443
215015808,2,8,37.4128739,-121.9950551,59,16.12,304.0,215,193,305,903,-1335,613,37.4117743,-121.9948443
215116469,2,8,37.4128828,-121.9950703,58,16.54,305.1,215,193,304,952,-1352,671,37.4117743,-121.9948443
215216904,2,8,37.4128919,-121.9950859,57,17.10,306.0,215,192,304,1006,-1383,699,37.4117743,-121.9948443
215317242,2,8,37.4129017,-121.9951018,57,17.67,306.2,215,192,303,1044,-1425,771,37.4117743,-121.9948443
215417648,2,8,37.4129115,-121.9951180,56,18.00,305.6,215,192,302,1047,-1463,835,37.4117743,-121.9948443
215518460,2,8,37.4129211,-121.9951345,55,18.19,305.8,215,192,301,1066,-1474,855,37.4117743,-121.9948443
215619320,2,8,37.4129302,-121.9951517,55,19.15,305.5,215,192,300,1114,-1557,708,37.4117743,-121.9948443
215720369,2,8,37.4129423,-121.9951700,54,21.88,311.4,215,192,301,1447,-1641,596,37.4117743,-121.9948443
215820048,2,8,37.4129542,-121.9951894,54,22.30,306.8,215,192,301,1339,-1783,528,37.4117743,-121.9948443
215920329,2,8,37.4129648,-121.9952090,54,21.61,306.0,215,192,301,1271,-1748,410,37.4117743,-121.9948443
216020791,2,8,37.4129751,-121.9952275,54,20.43,307.4,215,193,302,1243,-1622,324,37.4117743,-121.9948443
216121479,2,8,37.4129835,-121.9952444,54,19.01,305.9,215,193,302,1115,-1539,196,37.4117743,-121.9948443
216164314,2,8,37.4129835,-121.9952444,54,19.01,305.9,215,193,302,1115,-1539,196,37.4117743,-121.9948443
216221829,2,8,37.4129902,-121.9952605,54,17.78,303.5,215,194,303,983,-1481,23,37.4117743,-121.9948443
216322739,2,8,37.4129958,-121.9952758,55,16.78,301.9,215,194,304,888,-1424,-162,37.4117743,-121.9948443
216403298,2,8,37.4130010,-121.9952909,56,16.14,299.9,215,195,305,806,-1399,-316,37.4117743,-121.9948443
216503959,2,8,37.4130059,-121.9953057,57,15.64,298.8,215,195,305,756,-1370,-448,37.4117743,-121.9948443
216605197,2,8,37.4130116,-121.9953209,58,15.55,298.4,215,195,305,740,-1367,-512,37.4117743,-121.9948443
216705152,2,8,37.4130172,-121.9953364,59,15.64,296.4,215,195,306,696,-1400,-546,37.4117743,-121.9948443
216806057,2,8,37.4130229,-121.9953517,60,15.31,297.2,215,195,306,702,-1360,-594,37.4117743,-121.9948443
216906688,2,8,37.4130288,-121.9953670,60,15.26,297.0,215,195,306,693,-1359,-614,37.4117743,-121.9948443
217006864,2,8,37.4130348,-121.9953824,61,15.39,297.6,215,195,306,714,-1364,-622,37.4117743,-121.9948443
217108053,2,8,37.4130413,-121.9953982,62,15.69,297.4,215,194,305,722,-1393,-589,37.4117743,-121.9948443
217208485,2,8,37.4130489,-121.9954136,62,14.30,298.0,215,194,304,673,-1262,-368,37.4117743,-121.9948443
217309256,2,8,37.4130563,-121.9954274,62,13.96,303.1,215,194,304,764,-1168,-273,37.4117743,-121.9948443
217409893,2,8,37.4130650,-121.9954407,62,13.92,306.8,215,194,303,834,-1114,-121,37.4117743,-121.9948443
217509898,2,8,37.4130731,-121.9954520,62,12.10,309.8,215,195,304,775,-928,45,37.4117743,-121.9948443
217610329,2,8,37.4130816,-121.9954619,61,11.63,313.6,215,195,304,802,-842,189,37.4117743,-121.9948443
217710600,2,8,37.4130901,-121.9954726,61,12.36,310.6,215,195,304,805,-939,319,37.4117743,-121.9948443
217811563,2,8,37.4130990,-121.9954840,60,12.76,308.5,215,195,304,794,-998,491,37.4117743,-121.9948443
217912070,2,8,37.4131080,-121.9954968,59,14.09,306.0,215,195,305,830,-1138,631,37.4117743,-121.9948443
218012485,2,8,37.4131167,-121.9955102,58,14.61,305.4,215,196,306,847,-1191,733,37.4117743,-121.9948443
218113569,2,8,37.4131259,-121.9955229,57,14.48,309.5,215,196,306,921,-1116,833,37.4117743,-121.9948443
218213840,2,8,37.4131359,-121.9955343,55,14.09,314.0,215,196,307,980,-1012,952,37.4117743,-121.9948443
218309704,2,8,37.4131359,-121.9955343,55,14.09,314.0,215,196,307,980,-1012,952,37.4117743,-121.9948443
218315400,2,8,37.4131456,-121.9955461,54,14.48,310.0,215,196,308,931,-1109,1056,37.4117743,-121.9948443
218416010,2,8,37.4131533,-121.9955600,53,15.11,298.1,215,196,308,713,-1333,1140,37.4117743,-121.9948443
218516271,2,8,37.4131573,-121.9955772,52,16.30,283.7,215,196,309,387,-1583,1174,37.4117743,-121.9948443
218616859,2,8,37.4131577,-121.9955973,51,17.78,274.0,215,196,309,126,-1774,1123,37.4117743,-121.9948443
218717503,2,8,37.4131533,-121.9956195,51,19.02,262.0,215,196,309,-264,-1883,938,37.4117743,-121.9948443
218818073,2,8,37.4131452,-121.9956411,51,19.21,250.5,215,196,309,-641,-1811,725,37.4117743,-121.9948443
218918219,2,8,37.4131337,-121.9956619,51,19.81,239.8,215,196,309,-994,-1713,476,37.4117743,-121.9948443
219019670,2,8,37.4131204,-121.9956797,52,19.24,229.7,215,196,309,-1243,-1469,266,37.4117743,-121.9948443
219120240,2,8,37.4131045,-121.9956951,53,19.34,219.5,215,196,309,-1492,-1230,4,37.4117743,-121.9948443
219201013,2,8,37.4130872,-121.9957079,54,19.51,211.2,215,196,309,-1668,-1011,-222,37.4117743,-121.9948443
219301573,2,8,37.4130695,-121.9957189,55,19.95,206.6,215,196,309,-1783,-895,-372,37.4117743,-121.9948443
219401580,2,8,37.4130528,-121.9957281,55,20.00,203.9,215,196,308,-1828,-810,-399,37.4117743,-121.9948443
219502737,2,8,37.4130355,-121.9957376,56,20.33,204.6,215,196,308,-1847,-848,-426,37.4117743,-121.9948443
219603198,2,8,37.4130187,-121.9957479,56,20.79,207.4,215,196,308,-1846,-957,-413,37.4117743,-121.9948443
219703718,2,8,37.4130018,-121.9957588,57,21.40,208.2,215,196,307,-1885,-1012,-380,37.4117743,-121.9948443
219804284,2,8,37.4129849,-121.9957699,57,21.78,208.4,215,195,306,-1914,-1038,-315,37.4117743,-121.9948443
219904533,2,8,37.4129685,-121.9957816,57,21.60,210.8,215,195,306,-1855,-1106,-259,37.4117743,-121.9948443
220005293,2,8,37.4129520,-121.9957934,57,21.80,210.2,215,195,305,-1882,-1100,-204,37.4117743,-121.9948443
220105318,2,8,37.4129341,-121.9958031,57,21.82,202.5,215,194,304,-2016,-836,-162,37.4117743,-121.9948443
220205803,2,8,37.4129149,-121.9958088,57,21.81,191.3,215,194,303,-2139,-429,-128,37.4117743,-121.9948443
220306509,2,8,37.4128954,-121.9958093,58,21.59,178.8,215,194,302,-2158,45,-124,37.4117743,-121.9948443
220407110,2,8,37.4128759,-121.9958049,58,22.16,167.4,215,194,301,-2163,480,-124,37.4117743,-121.9948443
220460665,2,8,37.4128759,-121.9958049,58,22.16,167.4,215,194,301,-2163,480,-124,37.4117743,-121.9948443
220507519,2,8,37.4128570,-121.9957965,58,22.25,159.4,215,194,301,-2083,781,-153,37.4117743,-121.9948443
220608223,2,8,37.4128386,-121.9957854,58,22.63,153.1,215,194,300,-2019,1023,-214,37.4117743,-121.9948443
220708838,2,8,37.4128209,-121.9957722,59,22.70,148.9,215,195,300,-1946,1169,-278,37.4117743,-121.9948443
220809027,2,8,37.4128047,-121.9957581,59,21.89,145.6,215,195,300,-1806,1236,-335,37.4117743,-121.9948443
220909502,2,8,37.4127899,-121.9957425,60,21.88,141.3,215,195,300,-1707,1367,-274,37.4117743,-121.9948443
221009872,2,8,37.4127751,-121.9957263,60,21.97,140.2,215,196,300,-1688,1406,-188,37.4117743,-121.9948443
221110037,2,8,37.4127602,-121.9957102,60,21.99,140.3,215,196,299,-1695,1402,-96,37.4117743,-121.9948443
221210306,2,8,37.4127450,-121.9956945,59,22.03,142.4,215,196,299,-1745,1343,23,37.4117743,-121.9948443
221311429,2,8,37.4127297,-121.9956795,59,22.00,144.4,215,196,299,-1791,1278,178,37.4117743,-121.9948443
221412046,2,8,37.4127145,-121.9956643,58,21.97,144.7,215,196,298,-1794,1267,339,37.4117743,-121.9948443
221512800,2,8,37.4126993,-121.9956493,58,21.91,144.0,215,195,297,-1774,1285,460,37.4117743,-121.9948443
221613856,2,8,37.4126841,-121.9956344,57,21.76,145.1,215,195,296,-1786,1242,611,37.4117743,-121.9948443
221713953,2,8,37.4126689,-121.9956206,56,21.30,147.7,215,195,295,-1801,1138,755,37.4117743,-121.9948443
221814403,2,8,37.4126536,-121.9956075,55,21.11,147.7,215,194,294,-1786,1125,853,37.4117743,-121.9948443
221914989,2,8,37.4126383,-121.9955926,54,21.51,140.2,215,194,293,-1653,1376,812,37.4117743,-121.9948443
222015782,2,8,37.4126247,-121.9955743,54,22.28,129.4,215,194,293,-1417,1720,703,37.4117743,-121.9948443
222116211,2,8,37.4126139,-121.9955528,53,22.43,118.6,215,194,292,-1075,1968,591,37.4117743,-121.9948443
222216627,2,8,37.4126058,-121.9955296,53,22.25,111.7,215,194,291,-826,2066,503,37.4117743,-121.9948443
222297254,2,8,37.4125987,-121.9955063,53,21.85,109.0,215,194,290,-714,2065,383,37.4117743,-121.9948443
222417577,2,8,37.4125925,-121.9954831,53,21.52,106.5,215,193,290,-612,2063,253,37.4117743,-121.9948443
222498117,2,8,37.4125882,-121.9954602,53,20.51,101.1,215,193,289,-395,2013,82,37.4117743,-121.9948443
222599703,2,8,37.4125847,-121.9954381,54,19.59,98.4,215,192,289,-288,1938,-108,37.4117743,-121.9948443
222621131,2,8,37.4125847,-121.9954381,54,19.59,98.4,215,192,289,-288,1938,-108,37.4117743,-121.9948443
222700615,2,8,37.4125821,-121.9954177,54,18.15,96.8,215,191,288,-216,1802,-304,37.4117743,-121.9948443
222800839,2,8,37.4125793,-121.9953992,55,16.56,97.4,215,190,287,-214,1642,-491,37.4117743,-121.9948443
222900827,2,8,37.4125767,-121.9953814,56,15.96,98.7,215,190,286,-241,1578,-596,37.4117743,-121.9948443
223001177,2,8,37.4125743,-121.9953642,57,15.62,99.5,215,189,286,-259,1540,-658,37.4117743,-121.9948443
223102311,2,8,37.4125720,-121.9953470,58,15.38,100.5,215,188,285,-281,1512,-670,37.4117743,-121.9948443
223201914,2,8,37.4125693,-121.9953298,58,15.39,102.1,215,188,285,-323,1504,-661,37.4117743,-121.9948443
223303262,2,8,37.4125665,-121.9953124,59,15.40,103.4,215,188,284,-358,1498,-597,37.4117743,-121.9948443
223403953,2,8,37.4125640,-121.9952949,59,15.40,102.1,215,187,284,-324,1505,-518,37.4117743,-121.9948443
223504268,2,8,37.4125615,-121.9952775,60,15.43,103.1,215,187,284,-351,1503,-445,37.4117743,-121.9948443
223604565,2,8,37.4125587,-121.9952602,60,15.46,103.6,215,187,284,-364,1503,-373,37.4117743,-121.9948443
223705229,2,8,37.4125556,-121.9952435,60,14.88,104.8,215,187,285,-381,1438,-342,37.4117743,-121.9948443
223805729,2,8,37.4125518,-121.9952280,61,13.96,108.5,215,187,285,-445,1324,-343,37.4117743,-121.9948443
223906335,2,8,37.4125477,-121.9952139,61,13.06,112.2,215,187,285,-494,1209,-306,37.4117743,-121.9948443
224006576,2,8,37.4125418,-121.9951996,61,14.30,120.0,215,188,286,-716,1237,-274,37.4117743,-121.9948443
224107076,2,8,37.4125353,-121.9951850,61,14.88,121.3,215,188,287,-774,1270,-215,37.4117743,-121.9948443
224207757,2,8,37.4125288,-121.9951705,61,14.93,123.1,215,188,288,-817,1249,-150,37.4117743,-121.9948443
224308165,2,8,37.4125218,-121.9951561,61,15.06,124.3,215,188,288,-850,1243,-77,37.4117743,-121.9948443
224409010,2,8,37.4125153,-121.9951416,61,14.93,123.6,215,188,287,-827,1243,37,37.4117743,-121.9948443
224510103,2,8,37.4125090,-121.9951269,60,14.92,126.9,215,188,286,-897,1192,190,37.4117743,-121.9948443
224610343,2,8,37.4125021,-121.9951127,60,14.89,126.5,215,187,285,-886,1196,309,37.4117743,-121.9948443
224711462,2,8,37.4124952,-121.9950984,59,15.02,126.1,215,187,284,-886,1213,407,37.4117743,-121.9948443
224782899,2,8,37.4124952,-121.9950984,59,15.02,126.1,215,187,284,-886,1213,407,37.4117743,-121.9948443
224812651,2,8,37.4124881,-121.9950837,59,15.38,122.7,215,187,283,-833,1293,434,37.4117743,-121.9948443
224913085,2,8,37.4124813,-121.9950682,58,15.60,119.1,215,186,282,-760,1362,444,37.4117743,-121.9948443
225013021,2,8,37.4124749,-121.9950520,58,15.89,114.2,215,186,280,-652,1449,393,37.4117743,-121.9948443
225113186,2,8,37.4124696,-121.9950351,58,15.92,109.3,215,185,279,-528,1502,331,37.4117743,-121.9948443
225213630,2,8,37.4124653,-121.9950177,58,16.09,105.0,215,185,279,-418,1553,260,37.4117743,-121.9948443
225293758,2,8,37.4124621,-121.9950000,58,15.86,101.0,215,185,278,-303,1556,183,37.4117743,-121.9948443
225414378,2,8,37.4124597,-121.9949823,58,15.71,97.4,215,185,278,-202,1557,101,37.4117743,-121.9948443
225494400,2,8,37.4124585,-121.9949647,58,15.51,92.5,215,184,278,-68,1550,16,37.4117743,-121.9948443
225594816,2,8,37.4124586,-121.9949473,58,15.18,88.0,215,184,278,52,1517,-54,37.4117743,-121.9948443
225695526,2,8,37.4124595,-121.9949304,58,14.89,84.7,215,184,278,137,1483,-108,37.4117743,-121.9948443
225795996,2,8,37.4124613,-121.9949138,59,14.70,81.2,215,183,277,224,1453,-146,37.4117743,-121.9948443
225896548,2,8,37.4124636,-121.9948974,59,14.52,79.6,215,183,277,260,1428,-151,37.4117743,-121.9948443
225996814,2,8,37.4124663,-121.9948816,59,14.19,78.5,215,183,277,283,1391,-156,37.4117743,-121.9948443
226098092,2,8,37.4124694,-121.9948659,59,14.18,75.2,215,183,277,361,1371,-166,37.4117743,-121.9948443
226198885,2,8,37.4124733,-121.9948510,59,13.69,70.2,215,182,278,462,1288,-199,37.4117743,-121.9948443
226300043,2,8,37.4124780,-121.9948371,60,13.20,65.1,215,182,278,555,1197,-251,37.4117743,-121.9948443
226400725,2,8,37.4124837,-121.9948243,60,12.80,59.3,215,182,278,652,1101,-267,37.4117743,-121.9948443
226501455,2,8,37.4124901,-121.9948130,60,12.36,52.0,215,182,278,759,975,-293,37.4117743,-121.9948443
226602193,2,8,37.4124975,-121.9948031,61,12.03,45.8,215,182,278,838,863,-299,37.4117743,-121.9948443
226702787,2,8,37.4125052,-121.9947940,61,11.89,42.2,215,182,278,880,800,-303,37.4117743,-121.9948443
226803543,2,8,37.4125132,-121.9947852,62,11.69,41.0,215,182,278,881,768,-270,37.4117743,-121.9948443
226904170,2,8,37.4125212,-121.9947765,62,11.70,41.8,215,181,279,871,781,-241,37.4117743,-121.9948443
226939375,2,8,37.4125212,-121.9947765,62,11.70,41.8,215,181,279,871,781,-241,37.4117743,-121.9948443
227004980,2,8,37.4125293,-121.9947673,62,11.85,42.2,215,181,279,877,797,-168,37.4117743,-121.9948443
227105510,2,8,37.4125376,-121.9947581,62,11.73,42.3,215,181,278,867,789,-90,37.4117743,-121.9948443
227206484,2,8,37.4125456,-121.9947492,62,11.74,40.5,215,180,278,892,763,-72,37.4117743,-121.9948443
227308241,2,8,37.4125538,-121.9947405,62,11.75,38.3,215,180,278,922,728,-93,37.4117743,-121.9948443
227409391,2,8,37.4125621,-121.9947326,62,11.65,35.4,215,180,278,949,676,-134,37.4117743,-121.9948443
227510133,2,8,37.4125704,-121.9947257,62,11.31,33.2,215,179,278,946,621,-161,37.4117743,-121.9948443
227610676,2,8,37.4125785,-121.9947193,63,10.99,30.8,215,179,278,943,564,-214,37.4117743,-121.9948443
227711007,2,8,37.4125864,-121.9947140,63,10.30,27.4,215,178,277,914,475,-270,37.4117743,-121.9948443
227791514,2,8,37.4125939,-121.9947093,64,9.60,25.6,215,178,277,866,415,-313,37.4117743,-121.9948443
227893072,2,8,37.4126011,-121.9947053,64,9.23,22.2,215,178,277,854,349,-352,37.4117743,-121.9948443
227993412,2,8,37.4126082,-121.9947017,65,8.99,22.4,215,177,277,831,342,-370,37.4117743,-121.9948443
228094173,2,8,37.4126157,-121.9946977,65,9.19,23.9,215,177,276,840,372,-346,37.4117743,-121.9948443
228195023,2,8,37.4126230,-121.9946939,66,9.02,22.5,215,176,276,833,345,-333,37.4117743,-121.9948443
228295552,2,8,37.4126304,-121.9946903,66,8.98,20.8,215,176,276,839,319,-307,37.4117743,-121.9948443
228395890,2,8,37.4126379,-121.9946872,66,8.99,17.3,215,176,276,858,268,-304,37.4117743,-121.9948443
228496362,2,8,37.4126454,-121.9946848,67,8.92,13.9,215,175,276,866,214,-292,37.4117743,-121.9948443
228597465,2,8,37.4126533,-121.9946826,67,9.04,16.1,215,175,275,868,251,-160,37.4117743,-121.9948443
228698418,2,8,37.4126609,-121.9946792,67,8.68,25.6,215,175,275,782,375,17,37.4117743,-121.9948443
228798179,2,8,37.4126679,-121.9946746,66,8.28,31.2,215,174,274,708,430,173,37.4117743,-121.9948443
228898580,2,8,37.4126744,-121.9946693,66,8.03,38.0,215,174,274,633,495,327,37.4117743,-121.9948443
229000020,2,8,37.4126805,-121.9946636,65,8.09,39.0,215,174,273,628,509,444,37.4117743,-121.9948443
229090609,2,8,37.4126805,-121.9946636,65,8.09,39.0,215,174,273,628,509,444,37.4117743,-121.9948443
229100319,2,8,37.4126869,-121.9946581,65,8.42,35.5,215,174,272,685,489,520,37.4117743,-121.9948443
229201765,2,8,37.4126940,-121.9946531,64,8.96,29.2,215,174,272,782,437,572,37.4117743,-121.9948443
229303317,2,8,37.4127017,-121.9946486,64,9.50,23.0,215,174,271,874,372,604,37.4117743,-121.9948443
229402913,2,8,37.4127102,-121.9946450,63,9.82,17.1,215,173,271,939,289,628,37.4117743,-121.9948443
229503576,2,8,37.4127192,-121.9946427,62,10.61,8.6,215,173,270,1049,160,592,37.4117743,-121.9948443
229604295,2,8,37.4127290,-121.9946419,62,11.21,0.9,215,173,270,1121,19,548,37.4117743,-121.9948443
229704757,2,8,37.4127391,-121.9946426,61,11.63,354.8,215,173,269,1158,-105,487,37.4117743,-121.9948443
229805328,2,8,37.4127498,-121.9946447,61,12.62,351.0,215,172,269,1246,-196,427,37.4117743,-121.9948443
229906188,2,8,37.4127609,-121.9946474,61,13.02,348.5,215,172,268,1276,-258,371,37.4117743,-121.9948443
230007855,2,8,37.4127720,-121.9946509,61,13.26,345.9,215,172,268,1286,-322,279,37.4117743,-121.9948443
230088740,2,8,37.4127830,-121.9946552,61,13.38,342.9,215,171,267,1279,-391,165,37.4117743,-121.9948443
230188769,2,8,37.4127939,-121.9946600,61,13.09,340.4,216,171,267,1233,-439,74,37.4117743,-121.9948443
230289832,2,8,37.4128043,-121.9946654,61,12.75,337.5,216,171,266,1178,-486,7,37.4117743,-121.9948443
230390773,2,8,37.4128144,-121.9946711,61,12.48,336.3,216,170,266,1143,-501,-56,37.4117743,-121.9948443
230491607,2,8,37.4128240,-121.9946771,61,12.09,334.3,216,170,265,1090,-523,-133,37.4117743,-121.9948443
230592456,2,8,37.4128329,-121.9946833,62,11.71,331.6,216,170,265,1031,-555,-221,37.4117743,-121.9948443
230693152,2,8,37.4128419,-121.9946894,62,11.26,331.4,216,169,265,990,-538,-231,37.4117743,-121.9948443
230794065,2,8,37.4128506,-121.9946957,62,11.18,330.1,216,169,265,970,-555,-242,37.4117743,-121.9948443
230894775,2,8,37.4128590,-121.9947023,63,11.07,327.8,216,169,265,936,-589,-242,37.4117743,-121.9948443
230995311,2,8,37.4128674,-121.9947089,63,10.85,327.6,216,169,265,917,-581,-231,37.4117743,-121.9948443
231095445,2,8,37.4128756,-121.9947155,63,10.78,325.9,216,169,265,893,-603,-208,37.4117743,-121.9948443
231195859,2,8,37.4128838,-121.9947224,64,10.96,325.0,216,168,266,898,-627,-227,37.4117743,-121.9948443
231247670,2,8,37.4128838,-121.9947224,64,10.96,325.0,216,168,266,898,-627,-227,37.4117743,-121.9948443
231296314,2,8,37.4128920,-121.9947295,64,10.86,323.7,216,168,265,876,-642,-119,37.4117743,-121.9948443
231396455,2,8,37.4129002,-121.9947354,63,9.52,328.1,216,168,265,809,-502,120,37.4117743,-121.9948443
231497423,2,8,37.4129086,-121.9947403,63,8.80,332.4,216,167,264,780,-407,317,37.4117743,-121.9948443
231598534,2,8,37.4129160,-121.9947444,62,7.95,332.8,216,167,263,708,-362,448,37.4117743,-121.9948443
231699050,2,8,37.4129231,-121.9947479,61,7.58,337.1,216,166,263,698,-294,591,37.4117743,-121.9948443
231799661,2,8,37.4129298,-121.9947506,61,7.04,340.6,216,166,262,664,-233,719,37.4117743,-121.9948443
231900315,2,8,37.4129364,-121.9947525,59,6.40,348.3,216,166,262,626,-128,864,37.4117743,-121.9948443
232001327,2,8,37.4129425,-121.9947533,58,6.05,354.2,216,166,261,602,-60,977,37.4117743,-121.9948443
232101870,2,8,37.4129488,-121.9947545,57,6.83,347.1,216,165,261,666,-151,1040,37.4117743,-121.9948443
232202490,2,8,37.4129557,-121.9947567,56,7.65,341.5,216,165,260,726,-242,1111,37.4117743,-121.9948443
232303006,2,8,37.4129628,-121.9947598,55,8.24,337.2,216,165,260,759,-318,1177,37.4117743,-121.9948443
232403634,2,8,37.4129703,-121.9947639,54,8.92,334.2,216,165,259,803,-388,1230,37.4117743,-121.9948443
232504579,2,8,37.4129781,-121.9947692,52,10.50,328.8,216,165,259,899,-543,1187,37.4117743,-121.9948443
232605135,2,8,37.4129868,-121.9947772,51,12.88,321.9,216,165,259,1014,-793,1084,37.4117743,-121.9948443
232685682,2,8,37.4129959,-121.9947877,50,14.58,316.9,216,165,258,1065,-995,964,37.4117743,-121.9948443
232786004,2,8,37.4130050,-121.9947998,50,15.41,312.9,216,165,258,1051,-1128,838,37.4117743,-121.9948443
232886406,2,8,37.4130139,-121.9948132,49,16.10,310.6,216,165,258,1049,-1221,698,37.4117743,-121.9948443
232987498,2,8,37.4130220,-121.9948274,49,16.32,307.2,216,165,258,987,-1300,525,37.4117743,-121.9948443
233087856,2,8,37.4130287,-121.9948420,49,15.61,302.7,216,166,257,844,-1314,361,37.4117743,-121.9948443
233187957,2,8,37.4130352,-121.9948567,49,15.30,299.7,216,166,257,759,-1328,304,37.4117743,-121.9948443
233289299,2,8,37.4130404,-121.9948715,49,14.92,295.9,216,166,257,652,-1342,174,37.4117743,-121.9948443
233389745,2,8,37.4130442,-121.9948863,49,14.23,290.5,216,166,257,500,-1332,29,37.4117743,-121.9948443
233405603,2,8,37.4130442,-121.9948863,49,14.23,290.5,216,166,257,500,-1332,29,37.4117743,-121.9948443
233490032,2,8,37.4130469,-121.9949006,49,13.21,286.4,216,166,257,373,-1267,-59,37.4117743,-121.9948443
233590779,2,8,37.4130489,-121.9949149,49,12.96,282.3,216,166,256,278,-1266,-147,37.4117743,-121.9948443
233691079,2,8,37.4130503,-121.9949289,50,12.58,278.4,216,165,256,184,-1245,-209,37.4117743,-121.9948443
233791425,2,8,37.4130507,-121.9949424,50,11.90,273.2,216,165,256,68,-1188,-271,37.4117743,-121.9948443
233891783,2,8,37.4130499,-121.9949549,51,10.97,265.7,216,165,256,-81,-1094,-330,37.4117743,-121.9948443
233992271,2,8,37.4130480,-121.9949666,51,10.59,260.1,216,165,256,-180,-1044,-375,37.4117743,-121.9948443
234092851,2,8,37.4130459,-121.9949781,52,10.63,257.8,216,164,257,-224,-1039,-382,37.4117743,-121.9948443
234193347,2,8,37.4130437,-121.9949897,52,10.72,256.6,216,164,257,-247,-1043,-351,37.4117743,-121.9948443
234294255,2,8,37.4130413,-121.9950013,52,10.93,255.1,216,164,257,-279,-1057,-326,37.4117743,-121.9948443
234394925,2,8,37.4130385,-121.9950130,52,10.98,253.6,216,164,257,-308,-1054,-287,37.4117743,-121.9948443
234495486,2,8,37.4130357,-121.9950248,53,11.14,252.7,216,163,257,-331,-1064,-243,37.4117743,-121.9948443
234596484,2,8,37.4130321,-121.9950368,53,11.62,248.8,216,163,258,-418,-1084,-211,37.4117743,-121.9948443
234696854,2,8,37.4130290,-121.9950491,53,11.76,251.1,216,163,257,-379,-1113,-104,37.4117743,-121.9948443
234797412,2,8,37.4130273,-121.9950613,52,10.99,258.2,216,163,257,-224,-1076,35,37.4117743,-121.9948443
234898074,2,8,37.4130263,-121.9950729,52,10.34,262.8,216,163,257,-129,-1026,116,37.4117743,-121.9948443
234998840,2,8,37.4130259,-121.9950842,52,10.06,266.4,216,164,258,-62,-1004,174,37.4117743,-121.9948443
235098830,2,8,37.4130260,-121.9950948,51,9.45,268.2,216,164,259,-28,-944,265,37.4117743,-121.9948443
235199180,2,8,37.4130261,-121.9951052,51,9.60,265.0,216,164,259,-83,-957,355,37.4117743,-121.9948443
235299974,2,8,37.4130253,-121.9951163,50,10.24,260.7,216,165,261,-164,-1011,423,37.4117743,-121.9948443
235400246,2,8,37.4130236,-121.9951279,50,10.96,256.1,216,165,262,-262,-1064,498,37.4117743,-121.9948443
235500624,2,8,37.4130206,-121.9951397,49,11.72,247.7,216,165,263,-444,-1085,572,37.4117743,-121.9948443
235559286,2,8,37.4130206,-121.9951397,49,11.72,247.7,216,165,263,-444,-1085,572,37.4117743,-121.9948443
235601238,2,8,37.4130160,-121.9951518,48,12.68,241.7,216,166,264,-600,-1117,618,37.4117743,-121.9948443
235701346,2,8,37.4130101,-121.9951647,47,13.55,239.0,216,166,265,-697,-1162,651,37.4117743,-121.9948443
235801839,2,8,37.4130032,-121.9951779,47,14.33,235.9,216,166,266,-801,-1188,666,37.4117743,-121.9948443
235902259,2,8,37.4129955,-121.9951914,46,14.87,234.0,216,166,266,-872,-1204,645,37.4117743,-121.9948443
235982677,2,8,37.4129869,-121.9952054,45,15.57,232.5,216,166,266,-945,-1237,600,37.4117743,-121.9948443
236083298,2,8,37.4129772,-121.9952198,45,16.12,230.7,216,166,266,-1020,-1249,513,37.4117743,-121.9948443
236183491,2,8,37.4129669,-121.9952340,45,16.65,229.0,216,166,265,-1092,-1257,459,37.4117743,-121.9948443
236283460,2,8,37.4129562,-121.9952480,44,16.86,227.3,216,166,265,-1143,-1240,419,37.4117743,-121.9948443
236384039,2,8,37.4129452,-121.9952620,44,17.11,226.1,216,166,265,-1186,-1234,386,37.4117743,-121.9948443
236484807,2,8,37.4129340,-121.9952757,44,17.25,224.8,216,166,265,-1223,-1215,381,37.4117743,-121.9948443
236585795,2,8,37.4129226,-121.9952893,43,17.50,223.8,216,166,265,-1262,-1211,385,37.4117743,-121.9948443
236686413,2,8,37.4129108,-121.9953027,43,17.78,222.2,216,166,265,-1316,-1196,386,37.4117743,-121.9948443
236787341,2,8,37.4128988,-121.9953160,43,17.97,221.7,216,165,264,-1341,-1196,406,37.4117743,-121.9948443
236887578,2,8,37.4128864,-121.9953291,42,18.13,220.2,216,165,264,-1384,-1171,419,37.4117743,-121.9948443
236988741,2,8,37.4128733,-121.9953417,42,18.34,217.1,216,165,264,-1463,-1106,391,37.4117743,-121.9948443
237089309,2,8,37.4128591,-121.9953531,42,18.59,212.3,216,165,264,-1570,-996,335,37.4117743,-121.9948443
237189666,2,8,37.4128444,-121.9953634,41,18.80,208.5,216,165,263,-1650,-899,301,37.4117743,-121.9948443
237289963,2,8,37.4128288,-121.9953728,41,19.16,205.5,216,164,263,-1729,-825,264,37.4117743,-121.9948443
237391186,2,8,37.4128129,-121.9953806,41,18.99,200.9,216,164,261,-1773,-679,233,37.4117743,-121.9948443
237491714,2,8,37.4127960,-121.9953864,41,18.92,194.3,216,164,261,-1833,-467,151,37.4117743,-121.9948443
237592347,2,8,37.4127791,-121.9953893,41,18.32,186.3,216,164,260,-1820,-201,46,37.4117743,-121.9948443
237693159,2,8,37.4127624,-121.9953898,41,18.18,180.9,216,163,259,-1818,-28,-20,37.4117743,-121.9948443
237711431,2,8,37.4127624,-121.9953898,41,18.18,180.9,216,163,259,-1818,-28,-20,37.4117743,-121.9948443
237793834,2,8,37.4127458,-121.9953888,41,18.12,177.1,216,163,257,-1810,90,-85,37.4117743,-121.9948443
237895070,2,8,37.4127296,-121.9953867,41,17.92,174.5,216,163,256,-1784,169,-94,37.4117743,-121.9948443
237995398,2,8,37.4127137,-121.9953842,41,17.82,173.7,216,163,255,-1772,192,-85,37.4117743,-121.9948443
238095861,2,8,37.4126975,-121.9953815,41,18.04,173.1,216,163,254,-1791,215,-59,37.4117743,-121.9948443
238197089,2,8,37.4126815,-121.9953786,41,18.15,172.6,216,163,254,-1800,233,-11,37.4117743,-121.9948443
238297913,2,8,37.4126656,-121.9953755,41,18.09,171.9,216,163,253,-1791,252,34,37.4117743,-121.9948443
238379536,2,8,37.4126498,-121.9953720,41,17.97,171.4,216,163,252,-1777,267,79,37.4117743,-121.9948443
238479836,2,8,37.4126341,-121.9953684,41,18.01,170.9,216,163,251,-1779,283,146,37.4117743,-121.9948443
238580208,2,8,37.4126182,-121.9953649,41,18.17,171.2,216,162,250,-1796,275,229,37.4117743,-121.9948443
238680686,2,8,37.4126025,-121.9953614,40,17.95,170.4,216,162,249,-1770,299,266,37.4117743,-121.9948443
238781905,2,8,37.4125868,-121.9953572,40,17.82,167.9,216,162,248,-1743,372,267,37.4117743,-121.9948443
238882735,2,8,37.4125713,-121.9953519,40,17.72,164.6,216,162,247,-1709,467,219,37.4117743,-121.9948443
238982273,2,8,37.4125557,-121.9953459,40,17.89,162.4,216,162,247,-1706,539,176,37.4117743,-121.9948443
239082808,2,8,37.4125404,-121.9953389,39,17.82,159.6,216,162,246,-1671,619,122,37.4117743,-121.9948443
239183564,2,8,37.4125255,-121.9953309,39,17.56,155.9,216,162,245,-1603,716,54,37.4117743,-121.9948443
239283671,2,8,37.4125114,-121.9953218,39,17.31,152.9,216,162,245,-1541,786,-13,37.4117743,-121.9948443
239384185,2,8,37.4124976,-121.9953124,40,17.13,151.7,216,162,245,-1508,812,-49,37.4117743,-121.9948443
239484698,2,8,37.4124842,-121.9953027,40,17.02,150.9,216,162,244,-1488,826,-70,37.4117743,-121.9948443
239585892,2,8,37.4124709,-121.9952929,40,16.86,150.4,216,162,244,-1466,832,-91,37.4117743,-121.9948443
239686696,2,8,37.4124577,-121.9952832,40,16.95,150.9,216,162,243,-1482,822,-60,37.4117743,-121.9948443
239787618,2,8,37.4124444,-121.9952737,40,16.97,151.1,216,162,243,-1487,817,-12,37.4117743,-121.9948443
239869898,2,8,37.4124444,-121.9952737,40,16.97,151.1,216,162,243,-1487,817,-12,37.4117743,-121.9948443
239889132,2,8,37.4124313,-121.9952641,40,17.03,150.7,216,162,242,-1486,832,55,37.4117743,-121.9948443
239990521,2,8,37.4124182,-121.9952546,40,16.81,150.9,216,162,241,-1470,817,89,37.4117743,-121.9948443
240091208,2,8,37.4124052,-121.9952448,40,16.64,149.1,216,161,240,-1428,854,58,37.4117743,-121.9948443
240191217,2,8,37.4123927,-121.9952346,40,16.42,146.3,216,161,240,-1367,908,35,37.4117743,-121.9948443
240291673,2,8,37.4123806,-121.9952239,40,16.11,144.0,216,161,239,-1304,946,0,37.4117743,-121.9948443
240392665,2,8,37.4123691,-121.9952130,40,15.92,142.2,216,161,239,-1258,975,-15,37.4117743,-121.9948443
240493061,2,8,37.4123582,-121.9952015,40,15.65,139.2,216,161,239,-1185,1022,-49,37.4117743,-121.9948443
240593356,2,8,37.4123479,-121.9951896,40,15.44,136.0,216,161,238,-1112,1071,-82,37.4117743,-121.9948443
240693760,2,8,37.4123385,-121.9951769,40,15.23,132.7,216,161,238,-1033,1119,-92,37.4117743,-121.9948443
240794751,2,8,37.4123294,-121.9951639,40,15.21,131.7,216,161,237,-1012,1135,-66,37.4117743,-121.9948443
240895442,2,8,37.4123206,-121.9951509,40,15.11,131.1,216,161,237,-994,1137,-47,37.4117743,-121.9948443
240996146,2,8,37.4123120,-121.9951376,40,15.10,129.9,216,161,236,-969,1157,-24,37.4117743,-121.9948443
241096472,2,8,37.4123037,-121.9951241,40,15.05,128.2,216,161,236,-931,1183,-1,37.4117743,-121.9948443
241176746,2,8,37.4122958,-121.9951103,40,15.08,126.4,216,161,236,-896,1213,25,37.4117743,-121.9948443
241277435,2,8,37.4122881,-121.9950963,40,15.11,125.8,216,161,235,-884,1226,73,37.4117743,-121.9948443
241378262,2,8,37.4122806,-121.9950821,40,15.13,124.3,216,161,235,-853,1249,92,37.4117743,-121.9948443
241478923,2,8,37.4122735,-121.9950676,39,15.05,122.4,216,161,235,-807,1270,111,37.4117743,-121.9948443
241579390,2,8,37.4122667,-121.9950529,39,15.23,120.6,216,161,234,-777,1309,136,37.4117743,-121.9948443
241679751,2,8,37.4122602,-121.9950378,39,15.27,119.0,216,161,234,-741,1335,150,37.4117743,-121.9948443
241780187,2,8,37.4122541,-121.9950225,39,15.33,116.7,216,161,234,-691,1368,179,37.4117743,-121.9948443
241881398,2,8,37.4122483,-121.9950069,39,15.35,115.5,216,161,233,-663,1385,188,37.4117743,-121.9948443
241981835,2,8,37.4122427,-121.9949910,38,15.48,113.8,216,161,233,-626,1415,171,37.4117743,-121.9948443
242025701,2,8,37.4122427,-121.9949910,38,15.48,113.8,216,161,233,-626,1415,171,37.4117743,-121.9948443
242082078,2,8,37.4122374,-121.9949748,38,15.50,112.3,216,161,233,-589,1434,166,37.4117743,-121.9948443
242183047,2,8,37.4122325,-121.9949583,38,15.63,110.5,216,160,233,-548,1463,136,37.4117743,-121.9948443
242283251,2,8,37.4122279,-121.9949417,38,15.58,109.3,216,160,232,-517,1470,95,37.4117743,-121.9948443
242383932,2,8,37.4122232,-121.9949250,38,15.55,109.4,216,160,232,-517,1466,17,37.4117743,-121.9948443
242484171,2,8,37.4122185,-121.9949083,38,15.49,109.7,216,160,232,-523,1458,-80,37.4117743,-121.9948443
242584861,2,8,37.4122140,-121.9948919,38,15.10,109.1,216,160,232,-496,1426,-173,37.4117743,-121.9948443
242685346,2,8,37.4122096,-121.9948760,38,14.63,109.0,216,160,232,-476,1383,-303,37.4117743,-121.9948443
242786098,2,8,37.4122052,-121.9948606,39,14.29,109.6,216,160,231,-480,1346,-412,37.4117743,-121.9948443
242886823,2,8,37.4122011,-121.9948454,39,13.99,109.2,216,160,232,-460,1321,-434,37.4117743,-121.9948443
242987185,2,8,37.4121971,-121.9948303,40,14.02,108.6,216,160,232,-447,1329,-396,37.4117743,-121.9948443
243089116,2,8,37.4121936,-121.9948152,40,13.90,107.0,216,160,232,-408,1328,-357,37.4117743,-121.9948443
243189586,2,8,37.4121903,-121.9948000,40,13.89,105.2,216,159,233,-366,1340,-340,37.4117743,-121.9948443
243290618,2,8,37.4121876,-121.9947848,41,13.84,102.9,216,159,233,-310,1348,-294,37.4117743,-121.9948443
243391267,2,8,37.4121854,-121.9947695,41,13.90,100.0,216,159,233,-242,1369,-250,37.4117743,-121.9948443
243492025,2,8,37.4121838,-121.9947541,41,13.57,97.2,216,159,234,-171,1346,-237,37.4117743,-121.9948443
243592663,2,8,37.4121833,-121.9947389,41,13.31,91.1,216,159,234,-25,1330,-252,37.4117743,-121.9948443
243693341,2,8,37.4121840,-121.9947240,42,13.08,85.9,216,160,234,91,1305,-256,37.4117743,-121.9948443
243773843,2,8,37.4121860,-121.9947095,42,12.85,80.3,216,160,235,215,1267,-240,37.4117743,-121.9948443
243874501,2,8,37.4121891,-121.9946954,42,12.73,73.9,216,160,235,352,1223,-236,37.4117743,-121.9948443
243974748,2,8,37.4121933,-121.9946818,42,12.65,68.4,216,160,236,465,1177,-236,37.4117743,-121.9948443
244075558,2,8,37.4121986,-121.9946693,43,12.32,60.8,216,160,236,600,1076,-238,37.4117743,-121.9948443
244176040,2,8,37.4122047,-121.9946582,43,11.90,53.9,216,160,237,700,962,-229,37.4117743,-121.9948443
244179135,2,8,37.4122047,-121.9946582,43,11.90,53.9,216,160,237,700,962,-229,37.4117743,-121.9948443
244276801,2,8,37.4122115,-121.9946483,43,11.58,48.0,216,160,237,774,861,-205,37.4117743,-121.9948443
244377321,2,8,37.4122190,-121.9946395,43,11.53,42.2,216,160,238,853,775,-167,37.4117743,-121.9948443
244477715,2,8,37.4122275,-121.9946319,43,11.53,34.4,216,160,239,951,652,-144,37.4117743,-121.9948443
244577945,2,8,37.4122364,-121.9946259,43,11.34,27.4,216,160,239,1006,523,-105,37.4117743,-121.9948443
244678494,2,8,37.4122459,-121.9946207,44,11.55,24.1,216,160,240,1054,472,-42,37.4117743,-121.9948443
244778634,2,8,37.4122558,-121.9946160,44,11.71,20.9,216,161,241,1094,419,23,37.4117743,-121.9948443
244878972,2,8,37.4122660,-121.9946119,43,11.91,17.9,216,161,242,1133,367,84,37.4117743,-121.9948443
244979688,2,8,37.4122764,-121.9946081,43,12.04,17.2,216,161,242,1150,356,148,37.4117743,-121.9948443
245079463,2,8,37.4122870,-121.9946042,43,12.09,16.3,216,161,243,1161,340,192,37.4117743,-121.9948443
245180078,2,8,37.4122976,-121.9946005,43,12.00,16.2,216,161,243,1152,335,275,37.4117743,-121.9948443
245280933,2,8,37.4123084,-121.9945969,42,12.21,15.5,216,161,243,1176,327,356,37.4117743,-121.9948443
245381575,2,8,37.4123195,-121.9945937,42,12.67,12.1,216,161,243,1239,266,353,37.4117743,-121.9948443
245482482,2,8,37.4123311,-121.9945913,42,13.08,7.9,216,161,243,1296,182,328,37.4117743,-121.9948443
245583588,2,8,37.4123430,-121.9945898,41,13.38,4.6,216,161,243,1334,108,269,37.4117743,-121.9948443
245684168,2,8,37.4123550,-121.9945896,41,13.83,358.8,216,161,243,1382,-27,128,37.4117743,-121.9948443
245784605,2,8,37.4123669,-121.9945908,41,13.51,355.1,216,161,243,1346,-114,0,37.4117743,-121.9948443
245886159,2,8,37.4123785,-121.9945929,41,13.34,350.5,216,161,244,1315,-219,-105,37.4117743,-121.9948443
245987128,2,8,37.4123898,-121.9945959,41,13.10,347.3,216,161,244,1278,-286,-172,37.4117743,-121.9948443
246087769,2,8,37.4124010,-121.9945993,42,12.92,347.1,216,160,244,1260,-287,-176,37.4117743,-121.9948443
246188621,2,8,37.4124122,-121.9946027,42,12.85,347.7,216,160,244,1256,-271,-117,37.4117743,-121.9948443
246288983,2,8,37.4124236,-121.9946060,42,12.94,347.8,216,160,243,1265,-271,-44,37.4117743,-121.9948443
246337780,2,8,37.4124236,-121.9946060,42,12.94,347.8,216,160,243,1265,-271,-44,37.4117743,-121.9948443
246389513,2,8,37.4124349,-121.9946093,42,12.98,348.3,216,160,243,1271,-261,9,37.4117743,-121.9948443
246489967,2,8,37.4124466,-121.9946127,42,13.19,347.4,216,159,243,1287,-287,82,37.4117743,-121.9948443
246590219,2,8,37.4124582,-121.9946161,42,13.20,346.8,216,159,243,1285,-301,114,37.4117743,-121.9948443
246690942,2,8,37.4124700,-121.9946195,42,13.44,347.7,216,159,242,1313,-284,169,37.4117743,-121.9948443
246791523,2,8,37.4124819,-121.9946227,41,13.52,348.1,216,159,242,1323,-278,247,37.4117743,-121.9948443
246872142,2,8,37.4124940,-121.9946259,41,13.71,347.9,216,158,241,1341,-286,263,37.4117743,-121.9948443
246973743,2,8,37.4125063,-121.9946292,41,14.33,347.8,216,158,241,1401,-302,201,37.4117743,-121.9948443
247074744,2,8,37.4125187,-121.9946329,41,14.69,346.5,216,158,240,1428,-342,69,37.4117743,-121.9948443
247175690,2,8,37.4125309,-121.9946370,41,14.43,345.1,216,158,240,1394,-370,-75,37.4117743,-121.9948443
247276027,2,8,37.4125426,-121.9946414,41,13.92,343.6,216,157,240,1336,-392,-190,37.4117743,-121.9948443
247376159,2,8,37.4125540,-121.9946460,41,13.55,342.3,216,157,240,1291,-409,-255,37.4117743,-121.9948443
247476842,2,8,37.4125652,-121.9946507,42,13.26,341.8,216,157,240,1260,-413,-290,37.4117743,-121.9948443
247578205,2,8,37.4125762,-121.9946555,42,13.06,340.9,216,157,240,1235,-425,-299,37.4117743,-121.9948443
247678796,2,8,37.4125868,-121.9946607,43,12.97,339.5,216,157,241,1215,-454,-310,37.4117743,-121.9948443
247779377,2,8,37.4125976,-121.9946658,43,12.80,339.9,216,157,241,1202,-438,-309,37.4117743,-121.9948443
247880168,2,8,37.4126082,-121.9946710,43,12.79,338.4,216,157,241,1189,-470,-301,37.4117743,-121.9948443
247980573,2,8,37.4126189,-121.9946764,44,12.71,338.3,216,157,242,1182,-469,-283,37.4117743,-121.9948443
248081392,2,8,37.4126293,-121.9946819,44,12.56,337.5,216,157,242,1161,-480,-278,37.4117743,-121.9948443
248181913,2,8,37.4126400,-121.9946874,44,12.74,337.7,216,156,242,1179,-481,-243,37.4117743,-121.9948443
248282353,2,8,37.4126510,-121.9946930,44,12.88,337.4,216,156,242,1190,-494,-190,37.4117743,-121.9948443
248382685,2,8,37.4126616,-121.9946991,44,12.70,334.3,216,156,242,1145,-550,-47,37.4117743,-121.9948443
248478023,2,8,37.4126616,-121.9946991,44,12.70,334.3,216,156,242,1145,-550,-47,37.4117743,-121.9948443
248482710,2,8,37.4126724,-121.9947057,44,13.18,331.4,216,156,242,1158,-630,87,37.4117743,-121.9948443
248583044,2,8,37.4126834,-121.9947128,44,13.29,331.5,216,157,243,1169,-632,161,37.4117743,-121.9948443
248683460,2,8,37.4126937,-121.9947200,44,12.94,329.8,216,158,244,1119,-649,207,37.4117743,-121.9948443
248784049,2,8,37.4127038,-121.9947276,43,12.89,328.2,216,159,245,1096,-679,234,37.4117743,-121.9948443
248884931,2,8,37.4127139,-121.9947357,43,13.12,326.2,216,161,246,1090,-729,259,37.4117743,-121.9948443
248985064,2,8,37.4127248,-121.9947442,43,13.67,326.7,216,162,248,1143,-750,291,37.4117743,-121.9948443
249085362,2,8,37.4127360,-121.9947533,42,14.20,325.3,216,164,249,1168,-807,365,37.4117743,-121.9948443
249186271,2,8,37.4127468,-121.9947628,42,14.17,323.5,216,166,251,1141,-841,459,37.4117743,-121.9948443
249287137,2,8,37.4127568,-121.9947721,41,13.83,322.3,216,167,252,1094,-845,530,37.4117743,-121.9948443
249367904,2,8,37.4127668,-121.9947815,40,13.22,321.1,216,169,254,1030,-829,605,37.4117743,-121.9948443
249488332,2,8,37.4127756,-121.9947904,39,12.02,319.3,216,170,254,912,-783,681,37.4117743,-121.9948443
249568512,2,8,37.4127839,-121.9947985,38,11.75,319.4,216,171,254,893,-763,789,37.4117743,-121.9948443
249669109,2,8,37.4127931,-121.9948060,37,10.96,321.8,216,172,254,861,-677,967,37.4117743,-121.9948443
249769784,2,8,37.4128025,-121.9948124,36,10.67,326.9,216,173,255,895,-581,1093,37.4117743,-121.9948443
249870524,2,8,37.4128117,-121.9948180,35,10.36,331.8,216,174,255,913,-489,1178,37.4117743,-121.9948443
249970788,2,8,37.4128216,-121.9948226,34,10.44,338.0,216,174,256,969,-391,1251,37.4117743,-121.9948443
250071358,2,8,37.4128327,-121.9948274,32,11.13,338.7,216,175,256,1037,-403,1344,37.4117743,-121.9948443
250171794,2,8,37.4128441,-121.9948346,31,14.27,329.3,216,175,257,1228,-728,1328,37.4117743,-121.9948443
250272957,2,8,37.4128539,-121.9948455,30,15.94,318.5,216,176,257,1195,-1055,1252,37.4117743,-121.9948443
250373639,2,8,37.4128614,-121.9948586,28,15.11,308.7,216,176,258,946,-1177,1230,37.4117743,-121.9948443
250474687,2,8,37.4128669,-121.9948733,27,15.05,300.0,216,177,259,754,-1303,1176,37.4117743,-121.9948443
250575014,2,8,37.4128708,-121.9948904,27,16.67,292.9,216,177,259,649,-1535,1038,37.4117743,-121.9948443
250627896,2,8,37.4128708,-121.9948904,27,16.67,292.9,216,177,259,649,-1535,1038,37.4117743,-121.9948443
250675459,2,8,37.4128731,-121.9949088,26,16.78,284.5,216,178,260,422,-1624,952,37.4117743,-121.9948443
250775768,2,8,37.4128739,-121.9949277,25,16.88,277.3,216,178,260,217,-1674,885,37.4117743,-121.9948443
250876554,2,8,37.4128723,-121.9949468,25,16.72,270.7,216,178,261,22,-1672,724,37.4117743,-121.9948443
250977872,2,8,37.4128692,-121.9949658,25,16.76,263.5,216,178,261,-189,-1665,609,37.4117743,-121.9948443
251079078,2,8,37.4128655,-121.9949847,24,16.95,258.9,216,179,262,-324,-1664,557,37.4117743,-121.9948443
251179479,2,8,37.4128601,-121.9950029,24,16.46,253.9,216,179,262,-454,-1582,449,37.4117743,-121.9948443
251280506,2,8,37.4128530,-121.9950196,24,15.64,246.7,216,179,262,-618,-1437,309,37.4117743,-121.9948443
251380692,2,8,37.4128448,-121.9950349,24,15.37,239.5,216,179,263,-780,-1324,219,37.4117743,-121.9948443
251481624,2,8,37.4128355,-121.9950489,24,15.19,233.1,216,179,263,-911,-1215,139,37.4117743,-121.9948443
251582208,2,8,37.4128255,-121.9950609,25,14.07,225.5,216,179,263,-985,-1004,46,37.4117743,-121.9948443
251682920,2,8,37.4128147,-121.9950700,25,13.28,214.6,216,179,263,-1093,-754,-4,37.4117743,-121.9948443
251783505,2,8,37.4128039,-121.9950775,25,13.27,209.8,216,180,263,-1151,-660,-2,37.4117743,-121.9948443
251884097,2,8,37.4127927,-121.9950838,25,13.19,204.4,216,180,263,-1201,-546,3,37.4117743,-121.9948443
251964340,2,8,37.4127826,-121.9950885,25,12.07,198.2,216,180,263,-1146,-378,38,37.4117743,-121.9948443
252064753,2,8,37.4127713,-121.9950900,25,12.18,183.7,216,181,263,-1215,-79,31,37.4117743,-121.9948443
252165315,2,8,37.4127596,-121.9950888,25,12.59,173.9,216,181,263,-1252,132,26,37.4117743,-121.9948443
252265466,2,8,37.4127478,-121.9950864,25,12.89,170.1,216,182,263,-1270,219,16,37.4117743,-121.9948443
252365877,2,8,37.4127363,-121.9950824,25,13.09,163.0,216,182,263,-1252,380,16,37.4117743,-121.9948443
252466309,2,8,37.4127256,-121.9950763,25,13.10,154.5,216,183,263,-1183,563,5,37.4117743,-121.9948443
252567092,2,8,37.4127164,-121.9950684,25,12.83,146.2,216,184,264,-1067,712,1,37.4117743,-121.9948443
252667677,2,8,37.4127080,-121.9950595,25,12.67,141.1,216,185,264,-986,794,28,37.4117743,-121.9948443
252767979,2,8,37.4127003,-121.9950497,25,12.57,136.4,216,185,264,-911,866,51,37.4117743,-121.9948443
252789983,2,8,37.4127003,-121.9950497,25,12.57,136.4,216,185,264,-911,866,51,37.4117743,-121.9948443
252868166,2,8,37.4126939,-121.9950390,25,12.39,129.8,216,185,265,-794,952,96,37.4117743,-121.9948443
252969007,2,8,37.4126888,-121.9950271,25,12.25,119.9,216,186,265,-611,1061,94,37.4117743,-121.9948443
253069595,2,8,37.4126854,-121.9950145,25,11.75,109.7,216,186,265,-396,1105,76,37.4117743,-121.9948443
253170393,2,8,37.4126837,-121.9950013,25,11.89,100.6,216,186,265,-220,1168,73,37.4117743,-121.9948443
253271052,2,8,37.4126824,-121.9949878,24,11.91,97.6,216,186,265,-159,1181,85,37.4117743,-121.9948443
253371128,2,8,37.4126817,-121.9949739,24,12.24,93.7,216,186,265,-80,1221,103,37.4117743,-121.9948443
253471944,2,8,37.4126819,-121.9949600,24,12.17,88.5,216,186,265,31,1216,80,37.4117743,-121.9948443
253572478,2,8,37.4126825,-121.9949462,24,12.04,85.9,216,185,265,84,1201,21,37.4117743,-121.9948443
253672973,2,8,37.4126835,-121.9949324,24,12.22,83.8,216,185,265,130,1215,-15,37.4117743,-121.9948443
253773447,2,8,37.4126844,-121.9949190,25,11.71,83.1,216,184,265,139,1163,-70,37.4117743,-121.9948443
253873940,2,8,37.4126856,-121.9949058,25,11.73,79.9,216,184,264,205,1154,-139,37.4117743,-121.9948443
253974560,2,8,37.4126870,-121.9948929,25,11.41,79.0,216,183,264,217,1120,-197,37.4117743,-121.9948443
254075884,2,8,37.4126889,-121.9948801,26,11.61,78.2,216,183,263,235,1137,-210,37.4117743,-121.9948443
254176100,2,8,37.4126910,-121.9948675,26,11.26,77.3,216,182,263,246,1099,-200,37.4117743,-121.9948443
254276238,2,8,37.4126937,-121.9948550,26,11.47,75.1,216,182,263,294,1109,-207,37.4117743,-121.9948443
254377141,2,8,37.4126966,-121.9948423,26,11.46,72.9,216,181,263,336,1096,-216,37.4117743,-121.9948443
254477701,2,8,37.4127000,-121.9948303,27,11.08,68.4,216,181,262,407,1030,-243,37.4117743,-121.9948443
254577956,2,8,37.4127037,-121.9948191,27,10.74,64.3,216,180,262,466,968,-276,37.4117743,-121.9948443
254678070,2,8,37.4127080,-121.9948089,27,10.24,58.7,216,180,262,532,875,-309,37.4117743,-121.9948443
254778402,2,8,37.4127130,-121.9947997,28,9.86,52.0,216,180,262,607,777,-332,37.4117743,-121.9948443
254879288,2,8,37.4127188,-121.9947918,28,9.41,44.9,216,180,262,666,664,-348,37.4117743,-121.9948443
254948254,2,8,37.4127188,-121.9947918,28,9.41,44.9,216,180,262,666,664,-348,37.4117743,-121.9948443
254979822,2,8,37.4127252,-121.9947846,28,9.40,40.6,216,179,262,712,612,-326,37.4117743,-121.9948443
255079902,2,8,37.4127318,-121.9947783,29,9.17,33.8,216,179,263,761,510,-316,37.4117743,-121.9948443
255180341,2,8,37.4127391,-121.9947735,29,8.79,25.9,216,179,263,790,385,-304,37.4117743,-121.9948443
255260949,2,8,37.4127467,-121.9947700,29,8.57,17.9,216,179,264,815,264,-267,37.4117743,-121.9948443
255381711,2,8,37.4127538,-121.9947688,29,7.96,6.2,216,179,265,791,86,-251,37.4117743,-121.9948443
255462423,2,8,37.4127606,-121.9947691,30,7.69,357.4,216,179,265,769,-34,-245,37.4117743,-121.9948443
255562978,2,8,37.4127673,-121.9947705,30,7.47,353.6,216,179,266,735,-137,-242,37.4117743,-121.9948443
255663635,2,8,37.4127734,-121.9947733,30,7.36,346.1,216,179,267,685,-268,-258,37.4117743,-121.9948443
255764241,2,8,37.4127792,-121.9947771,31,7.25,338.8,216,179,268,638,-344,-269,37.4117743,-121.9948443
255864985,2,8,37.4127847,-121.9947818,31,7.39,331.2,216,179,269,603,-426,-279,37.4117743,-121.9948443
255965886,2,8,37.4127899,-121.9947872,32,7.47,326.3,216,179,270,587,-461,-282,37.4117743,-121.9948443
256066511,2,8,37.4127950,-121.9947928,32,7.61,319.2,216,179,270,577,-497,-257,37.4117743,-121.9948443
256167682,2,8,37.4128000,-121.9947986,32,7.57,317.8,216,179,271,561,-508,-257,37.4117743,-121.9948443
256268984,2,8,37.4128050,-121.9948044,32,7.49,317.9,216,179,271,558,-500,-261,37.4117743,-121.9948443
256370432,2,8,37.4128097,-121.9948105,33,7.57,317.4,216,179,271,554,-516,-256,37.4117743,-121.9948443
256471014,2,8,37.4128146,-121.9948168,33,7.83,316.7,216,178,271,570,-536,-241,37.4117743,-121.9948443
256572340,2,8,37.4128199,-121.9948228,33,7.87,318.0,216,178,272,585,-526,-214,37.4117743,-121.9948443
256672456,2,8,37.4128251,-121.9948291,33,8.13,318.3,216,178,271,608,-540,-195,37.4117743,-121.9948443
256773470,2,8,37.4128308,-121.9948352,34,8.22,321.4,216,178,271,643,-512,-190,37.4117743,-121.9948443
256874171,2,8,37.4128367,-121.9948412,34,8.46,323.1,216,178,271,677,-508,-201,37.4117743,-121.9948443
256974788,2,8,37.4128429,-121.9948470,34,8.65,325.2,216,178,271,711,-493,-217,37.4117743,-121.9948443
257075098,2,8,37.4128493,-121.9948526,34,8.62,327.3,216,177,271,726,-465,-240,37.4117743,-121.9948443
257108447,2,8,37.4128493,-121.9948526,34,8.62,327.3,216,177,271,726,-465,-240,37.4117743,-121.9948443
257175570,2,8,37.4128557,-121.9948580,35,8.59,327.3,216,177,271,724,-463,-276,37.4117743,-121.9948443
257275775,2,8,37.4128624,-121.9948630,35,8.71,330.8,216,177,271,761,-424,-301,37.4117743,-121.9948443
257376098,2,8,37.4128691,-121.9948676,36,8.87,332.8,216,177,271,790,-404,-345,37.4117743,-121.9948443
257476756,2,8,37.4128756,-121.9948719,36,8.63,334.3,216,177,271,778,-373,-419,37.4117743,-121.9948443
257577060,2,8,37.4128825,-121.9948760,37,8.48,335.4,216,177,271,771,-351,-446,37.4117743,-121.9948443
257677447,2,8,37.4128893,-121.9948799,37,8.36,335.6,216,177,271,761,-345,-451,37.4117743,-121.9948443
257777693,2,8,37.4128961,-121.9948837,38,8.52,337.1,216,176,271,785,-331,-456,37.4117743,-121.9948443
257858813,2,8,37.4129032,-121.9948873,38,8.59,338.5,216,176,271,800,-314,-463,37.4117743,-121.9948443
257959623,2,8,37.4129105,-121.9948907,38,8.66,340.5,216,176,272,816,-287,-445,37.4117743,-121.9948443
258059991,2,8,37.4129181,-121.9948938,39,8.91,342.4,216,176,271,849,-269,-442,37.4117743,-121.9948443
258160416,2,8,37.4129260,-121.9948970,39,9.20,342.3,216,176,271,876,-279,-391,37.4117743,-121.9948443
258261020,2,8,37.4129336,-121.9949012,40,9.17,333.8,216,176,270,823,-404,-251,37.4117743,-121.9948443
258361300,2,8,37.4129412,-121.9949062,40,9.34,330.5,216,176,271,814,-458,-167,37.4117743,-121.9948443
258462189,2,8,37.4129493,-121.9949116,40,9.99,329.4,216,177,271,860,-508,-84,37.4117743,-121.9948443
258563757,2,8,37.4129577,-121.9949170,40,10.13,330.6,216,177,272,883,-497,3,37.4117743,-121.9948443
258665017,2,8,37.4129661,-121.9949224,40,10.24,331.1,216,178,273,897,-494,63,37.4117743,-121.9948443
258765440,2,8,37.4129751,-121.9949278,40,10.73,333.3,216,178,273,958,-481,134,37.4117743,-121.9948443
258865555,2,8,37.4129844,-121.9949338,39,11.49,331.5,216,179,274,1011,-547,203,37.4117743,-121.9948443
258966052,2,8,37.4129938,-121.9949403,39,11.76,330.4,216,179,274,1023,-580,319,37.4117743,-121.9948443
259066454,2,8,37.4130030,-121.9949467,38,11.41,330.1,216,179,273,990,-567,484,37.4117743,-121.9948443
259167049,2,8,37.4130121,-121.9949535,38,11.67,328.5,216,178,273,996,-608,589,37.4117743,-121.9948443
259255916,2,8,37.4130121,-121.9949535,38,11.67,328.5,216,178,273,996,-608,589,37.4117743,-121.9948443
259267122,2,8,37.4130215,-121.9949608,37,12.27,327.2,216,178,272,1032,-664,651,37.4117743,-121.9948443
259367326,2,8,37.4130312,-121.9949685,36,12.70,328.1,216,178,272,1078,-670,696,37.4117743,-121.9948443
259468263,2,8,37.4130413,-121.9949775,36,14.46,323.0,216,178,272,1156,-869,551,37.4117743,-121.9948443
259568334,2,8,37.4130506,-121.9949886,36,15.32,315.1,216,178,271,1087,-1079,313,37.4117743,-121.9948443
259668942,2,8,37.4130594,-121.9950012,35,15.23,310.5,216,178,271,989,-1158,202,37.4117743,-121.9948443
259769529,2,8,37.4130680,-121.9950146,35,15.26,308.1,216,177,271,943,-1200,218,37.4117743,-121.9948443
259870624,2,8,37.4130757,-121.9950285,35,15.09,303.8,216,177,271,841,-1252,147,37.4117743,-121.9948443
259970991,2,8,37.4130823,-121.9950439,35,15.85,296.7,216,177,271,713,-1416,-53,37.4117743,-121.9948443
260071651,2,8,37.4130873,-121.9950604,35,15.70,288.6,216,177,271,502,-1487,-251,37.4117743,-121.9948443
260171715,2,8,37.4130904,-121.9950771,36,15.16,283.0,216,177,271,341,-1477,-368,37.4117743,-121.9948443
260272227,2,8,37.4130919,-121.9950936,36,14.65,277.7,216,176,271,197,-1452,-436,37.4117743,-121.9948443
260373043,2,8,37.4130926,-121.9951098,37,14.29,273.3,216,176,271,84,-1427,-501,37.4117743,-121.9948443
260473304,2,8,37.4130922,-121.9951256,38,13.93,269.3,216,176,271,-16,-1393,-565,37.4117743,-121.9948443
260574416,2,8,37.4130912,-121.9951413,39,13.98,266.9,216,175,271,-74,-1396,-592,37.4117743,-121.9948443
260675216,2,8,37.4130900,-121.9951570,39,14.08,266.5,216,175,272,-84,-1406,-572,37.4117743,-121.9948443
260755657,2,8,37.4130892,-121.9951731,40,14.63,267.1,216,175,272,-72,-1461,-507,37.4117743,-121.9948443
260856675,2,8,37.4130887,-121.9951895,40,14.85,267.3,216,175,271,-68,-1483,-410,37.4117743,-121.9948443
260957068,2,8,37.4130879,-121.9952062,41,15.09,265.6,216,175,269,-114,-1505,-310,37.4117743,-121.9948443
261057952,2,8,37.4130865,-121.9952232,41,15.49,263.4,216,175,268,-175,-1539,-211,37.4117743,-121.9948443
261158815,2,8,37.4130849,-121.9952407,41,15.77,262.2,216,175,267,-213,-1562,-129,37.4117743,-121.9948443
261259152,2,8,37.4130831,-121.9952585,41,15.98,262.4,216,176,266,-211,-1584,-79,37.4117743,-121.9948443
261359637,2,8,37.4130820,-121.9952770,41,16.34,263.8,216,176,265,-174,-1625,5,37.4117743,-121.9948443
261410224,2,8,37.4130820,-121.9952770,41,16.34,263.8,216,176,265,-174,-1625,5,37.4117743,-121.9948443
261459738,2,8,37.4130809,-121.9952955,41,16.48,265.2,216,176,265,-136,-1642,60,37.4117743,-121.9948443
261560207,2,8,37.4130800,-121.9953139,41,16.11,268.8,216,176,264,-32,-1611,-26,37.4117743,-121.9948443
261660586,2,8,37.4130801,-121.9953319,42,15.54,273.7,216,176,263,102,-1551,-195,37.4117743,-121.9948443
261761256,2,8,37.4130813,-121.9953488,42,14.70,278.8,216,176,264,225,-1452,-351,37.4117743,-121.9948443
261861914,2,8,37.4130833,-121.9953650,43,14.60,279.9,216,176,264,253,-1437,-373,37.4117743,-121.9948443
261962050,2,8,37.4130858,-121.9953814,43,14.94,280.1,216,177,264,262,-1470,-364,37.4117743,-121.9948443
262063391,2,8,37.4130878,-121.9953974,44,14.15,281.9,216,177,264,292,-1384,-453,37.4117743,-121.9948443
262164253,2,8,37.4130901,-121.9954123,44,13.41,284.5,216,177,264,338,-1298,-554,37.4117743,-121.9948443
262264575,2,8,37.4130927,-121.9954268,45,13.26,284.8,216,177,264,339,-1282,-604,37.4117743,-121.9948443
262365398,2,8,37.4130957,-121.9954412,46,13.36,285.2,216,177,264,351,-1289,-615,37.4117743,-121.9948443
262465974,2,8,37.4130985,-121.9954557,46,13.33,284.6,216,177,264,337,-1289,-617,37.4117743,-121.9948443
262566157,2,8,37.4131014,-121.9954702,47,13.38,284.1,216,177,264,327,-1298,-594,37.4117743,-121.9948443
262667459,2,8,37.4131038,-121.9954848,48,13.16,281.9,216,177,265,272,-1287,-596,37.4117743,-121.9948443
262767971,2,8,37.4131063,-121.9954994,48,13.37,281.8,216,177,265,275,-1309,-564,37.4117743,-121.9948443
262868581,2,8,37.4131096,-121.9955140,49,13.38,286.3,216,177,265,376,-1284,-508,37.4117743,-121.9948443
262969287,2,8,37.4131134,-121.9955280,49,13.09,289.7,216,177,266,442,-1232,-471,37.4117743,-121.9948443
263070483,2,8,37.4131177,-121.9955424,49,13.65,290.6,216,177,267,482,-1277,-436,37.4117743,-121.9948443
263170130,2,8,37.4131220,-121.9955571,50,13.89,289.6,216,178,268,467,-1308,-408,37.4117743,-121.9948443
263270649,2,8,37.4131260,-121.9955719,50,13.62,286.6,216,179,269,389,-1305,-349,37.4117743,-121.9948443
263371449,2,8,37.4131299,-121.9955873,50,13.99,283.1,216,179,269,319,-1362,-220,37.4117743,-121.9948443
263472151,2,8,37.4131332,-121.9956031,50,14.45,278.9,216,180,268,225,-1427,-66,37.4117743,-121.9948443
263552790,2,8,37.4131360,-121.9956195,49,14.69,275.5,216,180,267,142,-1462,97,37.4117743,-121.9948443
263562846,2,8,37.4131360,-121.9956195,49,14.69,275.5,216,180,267,142,-1462,97,37.4117743,-121.9948443
263653527,2,8,37.4131385,-121.9956360,49,14.62,275.5,216,180,266,140,-1455,215,37.4117743,-121.9948443
263754244,2,8,37.4131409,-121.9956524,48,14.56,275.6,216,180,265,144,-1449,337,37.4117743,-121.9948443
263854650,2,8,37.4131437,-121.9956689,48,14.88,278.5,216,180,264,221,-1472,414,37.4117743,-121.9948443
263955486,2,8,37.4131471,-121.9956860,47,15.66,283.6,216,180,263,370,-1521,393,37.4117743,-121.9948443
264056242,2,8,37.4131513,-121.9957038,47,16.73,288.7,216,180,263,538,-1584,282,37.4117743,-121.9948443
264156399,2,8,37.4131569,-121.9957215,47,17.23,294.3,216,180,262,710,-1569,163,37.4117743,-121.9948443
264257566,2,8,37.4131637,-121.9957388,47,17.46,300.1,216,180,261,876,-1510,19,37.4117743,-121.9948443
264358069,2,8,37.4131708,-121.9957549,48,16.89,304.1,216,181,261,948,-1397,-153,37.4117743,-121.9948443
264458574,2,8,37.4131782,-121.9957697,48,15.87,306.9,216,181,261,953,-1269,-296,37.4117743,-121.9948443
264559890,2,8,37.4131865,-121.9957839,49,16.07,308.8,216,181,260,1008,-1251,-385,37.4117743,-121.9948443
264660946,2,8,37.4131959,-121.9957971,49,15.58,312.7,216,181,260,1058,-1144,-412,37.4117743,-121.9948443
264761621,2,8,37.4132055,-121.9958080,50,14.25,321.0,216,181,260,1108,-896,-455,37.4117743,-121.9948443
264861723,2,8,37.4132165,-121.9958159,50,13.87,333.1,216,182,260,1237,-626,-478,37.4117743,-121.9948443
264962590,2,8,37.4132280,-121.9958213,51,13.23,341.6,216,182,259,1256,-415,-462,37.4117743,-121.9948443
265062900,2,8,37.4132388,-121.9958234,51,12.77,353.2,216,182,259,1268,-149,-492,37.4117743,-121.9948443
265162882,2,8,37.4132497,-121.9958228,52,12.75,3.2,216,183,260,1273,73,-527,37.4117743,-121.9948443
265262883,2,8,37.4132591,-121.9958197,53,11.80,11.6,216,183,260,1156,238,-597,37.4117743,-121.9948443
265363575,2,8,37.4132679,-121.9958136,54,11.32,28.3,216,184,261,996,537,-588,37.4117743,-121.9948443
265464756,2,8,37.4132747,-121.9958052,54,10.50,43.6,216,184,262,760,725,-563,37.4117743,-121.9948443
265565156,2,8,37.4132799,-121.9957941,55,10.97,60.1,216,185,264,546,951,-525,37.4117743,-121.9948443
265665736,2,8,37.4132827,-121.9957805,55,11.83,75.5,216,185,265,295,1146,-491,37.4117743,-121.9948443
265725451,2,8,37.4132827,-121.9957805,55,11.83,75.5,216,185,265,295,1146,-491,37.4117743,-121.9948443
265766345,2,8,37.4132835,-121.9957657,56,12.78,88.1,216,186,267,41,1277,-460,37.4117743,-121.9948443
265866650,2,8,37.4132824,-121.9957506,56,13.38,98.7,216,187,269,-202,1322,-409,37.4117743,-121.9948443
265967089,2,8,37.4132803,-121.9957358,56,13.79,107.1,216,187,270,-407,1317,-307,37.4117743,-121.9948443
266068265,2,8,37.4132754,-121.9957209,56,14.75,117.3,216,188,272,-677,1311,-230,37.4117743,-121.9948443
266169574,2,8,37.4132684,-121.9957069,56,15.34,126.2,216,188,274,-908,1236,-153,37.4117743,-121.9948443
266269703,2,8,37.4132589,-121.9956946,56,15.71,136.9,216,189,277,-1149,1072,-85,37.4117743,-121.9948443
266349745,2,8,37.4132476,-121.9956842,56,16.21,146.0,216,189,280,-1345,905,-22,37.4117743,-121.9948443
266451246,2,8,37.4132354,-121.9956754,56,16.65,152.7,216,190,282,-1480,762,67,37.4117743,-121.9948443
266551416,2,8,37.4132224,-121.9956671,55,17.02,155.1,216,190,283,-1545,714,121,37.4117743,-121.9948443
266651994,2,8,37.4132091,-121.9956591,55,17.07,156.5,216,190,282,-1566,680,164,37.4117743,-121.9948443
266752485,2,8,37.4131948,-121.9956509,55,17.51,156.4,216,190,280,-1606,698,173,37.4117743,-121.9948443
266852897,2,8,37.4131809,-121.9956420,55,17.85,155.7,216,189,278,-1627,733,233,37.4117743,-121.9948443
266953590,2,8,37.4131669,-121.9956329,54,18.14,156.6,216,189,277,-1666,719,321,37.4117743,-121.9948443
267053633,2,8,37.4131526,-121.9956241,54,18.21,157.4,216,188,275,-1682,698,405,37.4117743,-121.9948443
267154165,2,8,37.4131383,-121.9956154,53,18.28,158.5,216,188,274,-1702,669,486,37.4117743,-121.9948443
267254925,2,8,37.4131237,-121.9956073,52,18.29,158.3,216,188,273,-1700,673,577,37.4117743,-121.9948443
267355594,2,8,37.4131092,-121.9955989,52,18.23,156.4,216,187,273,-1672,727,640,37.4117743,-121.9948443
267457096,2,8,37.4130947,-121.9955896,51,18.35,153.4,216,187,272,-1642,819,687,37.4117743,-121.9948443
267558100,2,8,37.4130806,-121.9955792,50,18.59,149.6,216,187,271,-1604,939,731,37.4117743,-121.9948443
267657983,2,8,37.4130668,-121.9955671,49,18.90,142.7,216,187,271,-1503,1144,684,37.4117743,-121.9948443
267758765,2,8,37.4130545,-121.9955520,49,19.11,131.1,216,187,270,-1258,1439,561,37.4117743,-121.9948443
267859149,2,8,37.4130453,-121.9955336,48,19.40,117.8,216,187,270,-905,1716,413,37.4117743,-121.9948443
267887523,2,8,37.4130453,-121.9955336,48,19.40,117.8,216,187,270,-905,1716,413,37.4117743,-121.9948443
267960756,2,8,37.4130388,-121.9955129,48,19.51,107.0,216,187,270,-571,1865,256,37.4117743,-121.9948443
268060998,2,8,37.4130341,-121.9954912,48,19.65,101.7,216,186,269,-399,1924,120,37.4117743,-121.9948443
268161636,2,8,37.4130323,-121.9954695,48,19.09,92.8,216,186,269,-94,1906,44,37.4117743,-121.9948443
268262821,2,8,37.4130332,-121.9954484,49,18.61,84.2,216,186,269,185,1852,-50,37.4117743,-121.9948443
268363553,2,8,37.4130353,-121.9954274,49,18.79,82.0,216,186,269,260,1861,-103,37.4117743,-121.9948443
268463748,2,8,37.4130368,-121.9954064,49,18.54,85.5,216,185,268,144,1848,-85,37.4117743,-121.9948443
268564296,2,8,37.4130381,-121.9953855,49,18.33,87.6,216,185,268,73,1832,19,37.4117743,-121.9948443
268664538,2,8,37.4130394,-121.9953648,49,17.97,87.8,216,185,267,68,1796,148,37.4117743,-121.9948443
268765089,2,8,37.4130406,-121.9953442,48,18.00,87.8,216,185,267,68,1799,243,37.4117743,-121.9948443
268865433,2,8,37.4130421,-121.9953236,48,18.03,87.6,216,185,266,74,1801,358,37.4117743,-121.9948443
268946012,2,8,37.4130437,-121.9953032,47,17.82,87.4,216,184,265,80,1780,486,37.4117743,-121.9948443
269046244,2,8,37.4130450,-121.9952828,47,18.13,87.4,216,184,265,81,1811,542,37.4117743,-121.9948443
269147097,2,8,37.4130458,-121.9952618,46,18.98,88.0,216,184,264,66,1896,525,37.4117743,-121.9948443
269247816,2,8,37.4130456,-121.9952398,46,19.82,89.2,216,184,263,26,1981,435,37.4117743,-121.9948443
269348336,2,8,37.4130449,-121.9952170,46,20.24,90.3,216,183,263,-13,2024,292,37.4117743,-121.9948443
269449350,2,8,37.4130437,-121.9951942,46,20.01,90.5,216,183,262,-19,2001,115,37.4117743,-121.9948443
269549950,2,8,37.4130421,-121.9951715,46,19.85,91.9,216,182,261,-68,1984,-63,37.4117743,-121.9948443
269650774,2,8,37.4130405,-121.9951491,46,19.66,93.9,216,182,261,-134,1961,-175,37.4117743,-121.9948443
269751207,2,8,37.4130386,-121.9951273,47,19.27,95.2,216,181,260,-177,1919,-267,37.4117743,-121.9948443
269852197,2,8,37.4130365,-121.9951059,47,19.01,96.6,216,181,260,-221,1888,-313,37.4117743,-121.9948443
269952497,2,8,37.4130341,-121.9950846,48,18.89,98.0,216,180,259,-264,1870,-335,37.4117743,-121.9948443
270042349,2,8,37.4130341,-121.9950846,48,18.89,98.0,216,180,259,-264,1870,-335,37.4117743,-121.9948443
270052735,2,8,37.4130317,-121.9950630,48,19.12,98.9,216,180,259,-298,1888,-312,37.4117743,-121.9948443
270152965,2,8,37.4130291,-121.9950411,48,19.20,100.3,216,179,259,-344,1889,-245,37.4117743,-121.9948443
270253602,2,8,37.4130261,-121.9950193,48,19.31,102.7,216,179,259,-426,1883,-142,37.4117743,-121.9948443
270354719,2,8,37.4130226,-121.9949976,48,19.40,104.2,216,179,258,-478,1880,-45,37.4117743,-121.9948443
270454662,2,8,37.4130190,-121.9949760,48,19.43,104.6,216,179,258,-493,1879,46,37.4117743,-121.9948443
270555186,2,8,37.4130156,-121.9949542,48,19.64,101.7,216,178,258,-400,1922,72,37.4117743,-121.9948443
270655784,2,8,37.4130133,-121.9949319,47,19.82,97.0,216,178,258,-243,1967,68,37.4117743,-121.9948443
270756048,2,8,37.4130120,-121.9949095,47,19.84,94.2,216,178,258,-148,1978,76,37.4117743,-121.9948443
270856774,2,8,37.4130112,-121.9948870,47,19.86,92.9,216,178,258,-102,1983,94,37.4117743,-121.9948443
270957124,2,8,37.4130105,-121.9948642,47,20.08,93.2,216,177,258,-113,2005,112,37.4117743,-121.9948443
271058437,2,8,37.4130098,-121.9948414,47,19.96,93.8,216,177,257,-132,1991,178,37.4117743,-121.9948443
271159042,2,8,37.4130089,-121.9948186,46,19.99,94.4,216,177,257,-155,1993,247,37.4117743,-121.9948443
271259659,2,8,37.4130080,-121.9947957,46,20.02,94.3,216,177,256,-152,1996,324,37.4117743,-121.9948443
271359902,2,8,37.4130070,-121.9947729,45,19.98,94.8,216,176,255,-170,1991,405,37.4117743,-121.9948443
271460919,2,8,37.4130058,-121.9947501,45,20.02,96.2,216,176,254,-217,1990,519,37.4117743,-121.9948443
271561686,2,8,37.4130045,-121.9947275,44,19.93,96.2,216,176,254,-217,1982,623,37.4117743,-121.9948443
271662567,2,8,37.4130031,-121.9947049,43,20.02,95.4,216,175,253,-188,1993,651,37.4117743,-121.9948443
271762774,2,8,37.4130022,-121.9946822,43,20.30,90.6,216,175,253,-22,2029,539,37.4117743,-121.9948443
271843723,2,8,37.4130024,-121.9946591,43,20.68,85.1,216,175,252,174,2061,301,37.4117743,-121.9948443
271944966,2,8,37.4130038,-121.9946367,43,19.98,80.0,216,174,252,345,1968,36,37.4117743,-121.9948443
272046174,2,8,37.4130064,-121.9946154,44,19.29,76.7,216,174,251,443,1878,-190,37.4117743,-121.9948443
272147235,2,8,37.4130094,-121.9945960,44,17.51,73.8,216,173,251,487,1682,-395,37.4117743,-121.9948443
272197188,2,8,37.4130094,-121.9945960,44,17.51,73.8,216,173,251,487,1682,-395,37.4117743,-121.9948443
272248388,2,8,37.4130134,-121.9945781,45,16.54,70.9,216,173,251,538,1564,-508,37.4117743,-121.9948443
272348798,2,8,37.4130169,-121.9945628,46,14.51,70.0,216,173,251,495,1363,-634,37.4117743,-121.9948443
272449525,2,8,37.4130201,-121.9945489,47,13.36,71.1,216,172,251,431,1264,-735,37.4117743,-121.9948443
272550297,2,8,37.4130231,-121.9945357,48,12.64,71.8,216,172,251,393,1202,-814,37.4117743,-121.9948443
272651801,2,8,37.4130260,-121.9945229,49,12.19,73.4,216,172,251,346,1169,-857,37.4117743,-121.9948443
272752499,2,8,37.4130288,-121.9945094,50,12.45,74.8,216,172,251,325,1201,-857,37.4117743,-121.9948443
272853172,2,8,37.4130318,-121.9944953,51,12.84,76.0,216,172,252,308,1246,-821,37.4117743,-121.9948443
272953565,2,8,37.4130347,-121.9944807,51,12.97,77.5,216,172,253,279,1267,-770,37.4117743,-121.9948443
273054168,2,8,37.4130376,-121.9944662,52,13.11,76.2,216,172,254,311,1274,-735,37.4117743,-121.9948443
273155292,2,8,37.4130412,-121.9944514,53,13.24,74.6,216,173,255,350,1276,-657,37.4117743,-121.9948443
273255801,2,8,37.4130453,-121.9944367,53,13.41,72.5,216,174,257,403,1279,-603,37.4117743,-121.9948443
273356439,2,8,37.4130501,-121.9944233,54,12.85,66.5,216,175,259,511,1179,-587,37.4117743,-121.9948443
273456970,2,8,37.4130549,-121.9944098,54,12.88,67.2,216,175,261,497,1188,-539,37.4117743,-121.9948443
273557185,2,8,37.4130590,-121.9943958,54,13.09,71.0,216,176,264,425,1238,-498,37.4117743,-121.9948443
273657801,2,8,37.4130637,-121.9943810,55,13.72,71.7,216,176,265,429,1304,-435,37.4117743,-121.9948443
273758203,2,8,37.4130688,-121.9943665,55,13.47,70.2,216,176,267,455,1268,-340,37.4117743,-121.9948443
273858765,2,8,37.4130746,-121.9943517,54,13.84,67.8,216,176,268,521,1282,-231,37.4117743,-121.9948443
273959496,2,8,37.4130804,-121.9943363,54,14.44,68.7,216,176,269,523,1346,-126,37.4117743,-121.9948443
274059912,2,8,37.4130859,-121.9943204,54,14.82,69.8,216,176,269,511,1392,-27,37.4117743,-121.9948443
274160071,2,8,37.4130915,-121.9943043,53,15.07,68.4,216,176,270,554,1402,52,37.4117743,-121.9948443
274260966,2,8,37.4130974,-121.9942895,54,14.98,60.5,216,176,270,736,1305,-29,37.4117743,-121.9948443
274341665,2,8,37.4131045,-121.9942760,54,14.98,53.2,216,176,270,897,1199,-139,37.4117743,-121.9948443
274342702,2,8,37.4131045,-121.9942760,54,14.98,53.2,216,176,270,897,1199,-139,37.4117743,-121.9948443
274442374,2,8,37.4131120,-121.9942629,54,14.78,52.4,216,175,270,900,1172,-211,37.4117743,-121.9948443
274542441,2,8,37.4131200,-121.9942497,55,14.95,52.4,216,175,270,912,1185,-240,37.4117743,-121.9948443
274642848,2,8,37.4131282,-121.9942368,55,14.87,50.1,216,174,270,953,1142,-278,37.4117743,-121.9948443
274743411,2,8,37.4131369,-121.9942247,56,14.67,47.1,216,174,270,997,1075,-325,37.4117743,-121.9948443
274844266,2,8,37.4131460,-121.9942131,56,14.54,45.2,216,174,270,1023,1033,-360,37.4117743,-121.9948443
274945014,2,8,37.4131552,-121.9942017,57,14.56,44.5,216,173,270,1038,1021,-388,37.4117743,-121.9948443
275045459,2,8,37.4131645,-121.9941902,57,14.42,44.6,216,173,270,1026,1013,-372,37.4117743,-121.9948443
275145999,2,8,37.4131743,-121.9941792,57,14.51,40.7,216,173,270,1099,947,-336,37.4117743,-121.9948443
275246423,2,8,37.4131842,-121.9941687,57,14.47,40.9,216,172,269,1093,947,-304,37.4117743,-121.9948443
275346872,2,8,37.4131934,-121.9941585,58,13.65,41.6,216,173,270,1021,906,-315,37.4117743,-121.9948443
275448008,2,8,37.4132029,-121.9941478,58,13.87,43.2,216,173,271,1011,949,-237,37.4117743,-121.9948443
275548846,2,8,37.4132123,-121.9941371,58,13.98,42.7,216,174,272,1027,948,-182,37.4117743,-121.9948443
275649309,2,8,37.4132220,-121.9941271,58,14.07,40.1,216,174,273,1075,907,-162,37.4117743,-121.9948443
275750255,2,8,37.4132321,-121.9941172,58,14.27,39.1,216,175,274,1107,901,-118,37.4117743,-121.9948443
275850513,2,8,37.4132425,-121.9941075,58,14.10,37.5,216,175,275,1118,858,-66,37.4117743,-121.9948443
275952599,2,8,37.4132521,-121.9940986,58,13.49,35.5,216,176,276,1098,784,-87,37.4117743,-121.9948443
276053124,2,8,37.4132617,-121.9940890,58,13.51,39.5,216,176,277,1041,860,-38,37.4117743,-121.9948443
276153257,2,8,37.4132710,-121.9940786,58,13.63,42.5,216,176,278,1005,921,15,37.4117743,-121.9948443
276254065,2,8,37.4132815,-121.9940675,58,14.95,40.3,216,176,279,1139,968,52,37.4117743,-121.9948443
276354935,2,8,37.4132938,-121.9940566,58,16.24,35.0,216,176,280,1329,933,108,37.4117743,-121.9948443
276454880,2,8,37.4133075,-121.9940469,57,17.33,28.4,216,176,281,1524,825,140,37.4117743,-121.9948443
276498635,2,8,37.4133075,-121.9940469,57,17.33,28.4,216,176,281,1524,825,140,37.4117743,-121.9948443
276555033,2,8,37.4133211,-121.9940395,58,17.12,20.6,216,176,281,1601,604,69,37.4117743,-121.9948443
276656446,2,8,37.4133349,-121.9940350,58,16.85,11.9,216,175,282,1648,349,-35,37.4117743,-121.9948443
276756832,2,8,37.4133481,-121.9940337,59,15.72,1.6,216,175,283,1571,44,-159,37.4117743,-121.9948443
276857447,2,8,37.4133606,-121.9940355,60,14.89,351.6,216,175,283,1473,-215,-295,37.4117743,-121.9948443
276938505,2,8,37.4133721,-121.9940399,60,13.92,341.2,216,175,284,1318,-447,-371,37.4117743,-121.9948443
277058754,2,8,37.4133822,-121.9940471,61,13.42,329.0,216,175,285,1150,-691,-450,37.4117743,-121.9948443
277138979,2,8,37.4133901,-121.9940564,62,12.61,316.5,216,175,285,916,-867,-525,37.4117743,-121.9948443
277239689,2,8,37.4133962,-121.9940675,63,12.28,303.7,216,175,286,682,-1021,-581,37.4117743,-121.9948443
277340261,2,8,37.4134007,-121.9940804,63,12.61,291.7,216,175,286,466,-1171,-584,37.4117743,-121.9948443
277440808,2,8,37.4134029,-121.9940942,64,12.61,278.2,216,175,287,180,-1249,-536,37.4117743,-121.9948443
277541441,2,8,37.4134031,-121.9941088,64,13.03,266.5,216,175,288,-78,-1300,-444,37.4117743,-121.9948443
277642610,2,8,37.4134012,-121.9941239,64,13.77,257.6,216,176,289,-294,-1346,-367,37.4117743,-121.9948443
277742603,2,8,37.4133974,-121.9941393,64,14.67,249.1,216,176,290,-521,-1371,-281,37.4117743,-121.9948443
277843243,2,8,37.4133919,-121.9941540,64,14.93,239.9,216,176,291,-747,-1292,-153,37.4117743,-121.9948443
277944645,2,8,37.4133847,-121.9941676,64,15.09,231.1,216,177,291,-948,-1175,1,37.4117743,-121.9948443
278045096,2,8,37.4133753,-121.9941803,63,15.88,224.6,216,177,292,-1130,-1116,105,37.4117743,-121.9948443
278145393,2,8,37.4133649,-121.9941925,63,16.38,220.2,216,178,292,-1250,-1059,208,37.4117743,-121.9948443
278245960,2,8,37.4133536,-121.9942047,62,17.06,218.6,216,178,292,-1333,-1065,291,37.4117743,-121.9948443
278346645,2,8,37.4133421,-121.9942170,62,17.49,217.9,216,178,293,-1380,-1075,370,37.4117743,-121.9948443
278447448,2,8,37.4133300,-121.9942295,61,18.15,217.5,216,178,292,-1440,-1105,466,37.4117743,-121.9948443
278548269,2,8,37.4133174,-121.9942425,60,18.57,218.5,216,178,292,-1453,-1156,519,37.4117743,-121.9948443
278648526,2,8,37.4133045,-121.9942560,60,18.83,219.5,216,178,292,-1451,-1200,552,37.4117743,-121.9948443
278667180,2,8,37.4133045,-121.9942560,60,18.83,219.5,216,178,292,-1451,-1200,552,37.4117743,-121.9948443
278748932,2,8,37.4132913,-121.9942703,59,19.20,222.1,216,178,291,-1423,-1289,505,37.4117743,-121.9948443
278849339,2,8,37.4132781,-121.9942856,59,19.02,226.5,216,177,290,-1308,-1380,352,37.4117743,-121.9948443
278949819,2,8,37.4132654,-121.9943017,60,18.53,230.4,216,177,289,-1179,-1430,139,37.4117743,-121.9948443
279051063,2,8,37.4132534,-121.9943184,60,18.31,233.4,216,177,288,-1091,-1470,-94,37.4117743,-121.9948443
279151795,2,8,37.4132424,-121.9943351,61,17.54,235.4,216,177,288,-995,-1445,-331,37.4117743,-121.9948443
279252511,2,8,37.4132324,-121.9943510,62,16.45,236.0,216,176,287,-920,-1364,-546,37.4117743,-121.9948443
279353399,2,8,37.4132239,-121.9943662,63,15.90,237.4,216,176,287,-854,-1341,-653,37.4117743,-121.9948443
279454307,2,8,37.4132157,-121.9943815,64,16.01,237.7,216,176,286,-855,-1354,-724,37.4117743,-121.9948443
279554894,2,8,37.4132073,-121.9943970,65,16.66,236.7,216,176,286,-912,-1394,-735,37.4117743,-121.9948443
279635433,2,8,37.4131987,-121.9944130,65,17.51,235.4,216,176,285,-994,-1442,-683,37.4117743,-121.9948443
279736214,2,8,37.4131897,-121.9944295,66,18.39,234.9,216,176,285,-1057,-1505,-576,37.4117743,-121.9948443
279837545,2,8,37.4131810,-121.9944471,66,18.88,235.6,216,176,285,-1065,-1559,-437,37.4117743,-121.9948443
279938227,2,8,37.4131721,-121.9944649,66,19.15,235.4,216,176,284,-1087,-1577,-295,37.4117743,-121.9948443
280038409,2,8,37.4131633,-121.9944830,66,19.27,235.7,216,176,283,-1084,-1592,-148,37.4117743,-121.9948443
280139424,2,8,37.4131546,-121.9945016,66,19.50,236.9,216,176,283,-1064,-1633,-30,37.4117743,-121.9948443
280240811,2,8,37.4131458,-121.9945206,66,19.75,237.8,216,176,282,-1050,-1673,58,37.4117743,-121.9948443
280341517,2,8,37.4131370,-121.9945398,65,20.13,238.6,216,176,282,-1048,-1718,150,37.4117743,-121.9948443
280442797,2,8,37.4131283,-121.9945592,65,20.19,238.2,216,176,281,-1062,-1717,272,37.4117743,-121.9948443
280542955,2,8,37.4131195,-121.9945783,64,20.16,237.1,216,175,280,-1093,-1694,423,37.4117743,-121.9948443
280643367,2,8,37.4131106,-121.9945969,63,19.95,236.5,216,175,280,-1101,-1664,578,37.4117743,-121.9948443
280743918,2,8,37.4131014,-121.9946155,63,20.03,237.0,216,175,279,-1088,-1681,690,37.4117743,-121.9948443
280821974,2,8,37.4131014,-121.9946155,63,20.03,237.0,216,175,279,-1088,-1681,690,37.4117743,-121.9948443
280844634,2,8,37.4130927,-121.9946347,62,20.24,240.1,216,175,278,-1006,-1755,762,37.4117743,-121.9948443
280945650,2,8,37.4130844,-121.9946549,61,20.50,243.5,216,175,278,-912,-1836,777,37.4117743,-121.9948443
281046367,2,8,37.4130768,-121.9946765,60,20.96,248.1,216,174,277,-782,-1945,718,37.4117743,-121.9948443
281146805,2,8,37.4130702,-121.9946993,60,21.27,252.6,216,174,276,-633,-2031,615,37.4117743,-121.9948443
281248130,2,8,37.4130646,-121.9947230,59,21.43,256.7,216,174,276,-490,-2086,456,37.4117743,-121.9948443
281348831,2,8,37.4130603,-121.9947470,59,21.43,260.0,216,174,275,-371,-2110,323,37.4117743,-121.9948443
281449331,2,8,37.4130568,-121.9947709,59,21.43,260.4,216,174,275,-355,-2113,279,37.4117743,-121.9948443
281549829,2,8,37.4130534,-121.9947949,59,21.68,260.3,216,174,275,-363,-2138,271,37.4117743,-121.9948443
281650423,2,8,37.4130499,-121.9948186,59,21.51,259.1,216,174,275,-404,-2113,298,37.4117743,-121.9948443
281751501,2,8,37.4130464,-121.9948424,58,21.46,258.8,216,175,274,-413,-2106,326,37.4117743,-121.9948443
281832376,2,8,37.4130431,-121.9948662,58,21.47,259.6,216,175,274,-386,-2112,330,37.4117743,-121.9948443
281952635,2,8,37.4130395,-121.9948902,58,21.57,260.6,216,175,274,-352,-2128,268,37.4117743,-121.9948443
282032964,2,8,37.4130357,-121.9949143,58,21.36,262.0,216,175,274,-294,-2116,103,37.4117743,-121.9948443
282133343,2,8,37.4130314,-121.9949375,59,20.35,262.0,216,175,273,-281,-2016,-127,37.4117743,-121.9948443
282233515,2,8,37.4130281,-121.9949600,59,19.93,262.3,216,175,272,-266,-1975,-264,37.4117743,-121.9948443
282334258,2,8,37.4130248,-121.9949819,60,19.66,261.3,216,175,272,-295,-1944,-357,37.4117743,-121.9948443
282434840,2,8,37.4130214,-121.9950035,60,19.57,259.8,216,175,271,-345,-1926,-410,37.4117743,-121.9948443
282535241,2,8,37.4130183,-121.9950252,60,19.72,259.3,216,175,270,-364,-1938,-410,37.4117743,-121.9948443
282635789,2,8,37.4130151,-121.9950472,61,20.00,259.1,216,175,270,-376,-1964,-389,37.4117743,-121.9948443
282736688,2,8,37.4130126,-121.9950697,61,20.40,259.1,216,175,269,-384,-2003,-248,37.4117743,-121.9948443
282837151,2,8,37.4130104,-121.9950924,61,20.31,259.4,216,175,269,-371,-1997,-74,37.4117743,-121.9948443
282937324,2,8,37.4130078,-121.9951152,60,20.63,259.5,216,175,269,-374,-2029,11,37.4117743,-121.9948443
282972932,2,8,37.4130078,-121.9951152,60,20.63,259.5,216,175,269,-374,-2029,11,37.4117743,-121.9948443
283037908,2,8,37.4130050,-121.9951383,60,20.75,259.6,216,175,269,-371,-2042,87,37.4117743,-121.9948443
283138363,2,8,37.4130022,-121.9951615,60,20.85,260.0,216,175,268,-360,-2053,162,37.4117743,-121.9948443
283239170,2,8,37.4129989,-121.9951851,60,21.29,260.0,216,175,268,-368,-2097,142,37.4117743,-121.9948443
283339718,2,8,37.4129941,-121.9952087,60,21.26,258.1,216,175,268,-438,-2080,2,37.4117743,-121.9948443
283440693,2,8,37.4129882,-121.9952316,60,20.58,256.3,216,175,268,-486,-2000,-186,37.4117743,-121.9948443
283540849,2,8,37.4129812,-121.9952540,61,20.47,254.2,216,174,267,-557,-1969,-464,37.4117743,-121.9948443
283641747,2,8,37.4129745,-121.9952761,62,20.53,252.1,216,174,267,-627,-1955,-609,37.4117743,-121.9948443
283742229,2,8,37.4129684,-121.9952985,63,21.17,251.2,216,174,267,-680,-2005,-604,37.4117743,-121.9948443
283842577,2,8,37.4129625,-121.9953216,63,21.83,250.9,216,174,266,-712,-2063,-529,37.4117743,-121.9948443
283943192,2,8,37.4129559,-121.9953449,64,22.08,249.9,216,175,266,-758,-2074,-480,37.4117743,-121.9948443
284043837,2,8,37.4129497,-121.9953679,64,21.89,249.2,216,175,266,-777,-2047,-360,37.4117743,-121.9948443
284143784,2,8,37.4129436,-121.9953909,64,21.97,249.9,216,175,266,-752,-2064,-238,37.4117743,-121.9948443
284244573,2,8,37.4129380,-121.9954143,64,22.35,250.8,216,175,266,-734,-2111,-102,37.4117743,-121.9948443
284345165,2,8,37.4129319,-121.9954373,64,22.26,249.2,216,175,266,-790,-2081,57,37.4117743,-121.9948443
284445667,2,8,37.4129245,-121.9954598,63,21.83,246.5,216,175,266,-867,-2003,118,37.4117743,-121.9948443
284546170,2,8,37.4129161,-121.9954824,63,22.32,244.4,216,175,267,-962,-2014,145,37.4117743,-121.9948443
284646816,2,8,37.4129076,-121.9955038,63,21.45,242.9,216,176,269,-977,-1910,169,37.4117743,-121.9948443
284748192,2,8,37.4129001,-121.9955248,63,20.74,244.9,216,176,271,-879,-1879,225,37.4117743,-121.9948443
284848904,2,8,37.4128943,-121.9955470,62,21.28,249.4,216,177,273,-746,-1993,352,37.4117743,-121.9948443
284929807,2,8,37.4128885,-121.9955701,61,22.10,250.3,216,177,275,-744,-2081,479,37.4117743,-121.9948443
285030325,2,8,37.4128826,-121.9955917,60,20.79,249.6,216,178,277,-722,-1949,574,37.4117743,-121.9948443
285124295,2,8,37.4128826,-121.9955917,60,20.79,249.6,216,178,277,-722,-1949,574,37.4117743,-121.9948443
285130731,2,8,37.4128772,-121.9956128,59,20.25,250.3,216,178,279,-682,-1907,678,37.4117743,-121.9948443
285231120,2,8,37.4128721,-121.9956339,58,20.13,251.0,216,178,280,-653,-1904,786,37.4117743,-121.9948443
285332166,2,8,37.4128665,-121.9956564,57,21.31,251.1,216,178,281,-689,-2016,839,37.4117743,-121.9948443
285432566,2,8,37.4128592,-121.9956806,56,22.94,250.7,216,178,282,-757,-2165,758,37.4117743,-121.9948443
285533341,2,8,37.4128495,-121.9957062,57,24.05,249.2,216,178,282,-853,-2248,509,37.4117743,-121.9948443
285634025,2,8,37.4128390,-121.9957314,57,23.84,247.1,216,178,282,-925,-2197,228,37.4117743,-121.9948443
285734653,2,8,37.4128286,-121.9957550,58,22.65,244.8,216,178,283,-964,-2049,1,37.4117743,-121.9948443
285835216,2,8,37.4128177,-121.9957767,60,21.20,242.7,216,178,283,-971,-1884,-284,37.4117743,-121.9948443
285935870,2,8,37.4128071,-121.9957971,61,20.61,240.0,216,179,283,-1030,-1785,-459,37.4117743,-121.9948443
286036101,2,8,37.4127970,-121.9958176,61,21.26,239.0,216,179,284,-1093,-1824,-513,37.4117743,-121.9948443
286136737,2,8,37.4127869,-121.9958386,62,21.80,239.2,216,179,284,-1113,-1874,-525,37.4117743,-121.9948443
286237502,2,8,37.4127771,-121.9958602,62,22.31,239.9,216,179,284,-1117,-1931,-520,37.4117743,-121.9948443
286337991,2,8,37.4127676,-121.9958823,63,22.77,240.5,216,179,284,-1118,-1983,-456,37.4117743,-121.9948443
286438978,2,8,37.4127584,-121.9959043,63,22.77,240.6,216,179,284,-1117,-1983,-357,37.4117743,-121.9948443
286540076,2,8,37.4127478,-121.9959257,63,22.79,236.4,216,179,284,-1259,-1899,-302,37.4117743,-121.9948443
286640364,2,8,37.4127364,-121.9959462,63,22.73,233.6,216,179,284,-1347,-1831,-225,37.4117743,-121.9948443
286741128,2,8,37.4127241,-121.9959666,63,22.94,232.1,216,179,285,-1407,-1812,-182,37.4117743,-121.9948443
286841324,2,8,37.4127117,-121.9959867,63,22.61,232.1,216,180,286,-1387,-1785,-157,37.4117743,-121.9948443
286941554,2,8,37.4127009,-121.9960072,63,22.25,234.8,216,180,287,-1281,-1819,-49,37.4117743,-121.9948443
287041835,2,8,37.4126902,-121.9960287,62,23.13,235.3,216,181,287,-1316,-1901,92,37.4117743,-121.9948443
287143262,2,8,37.4126794,-121.9960501,62,22.91,235.7,216,181,287,-1288,-1894,201,37.4117743,-121.9948443
287243732,2,8,37.4126693,-121.9960713,61,22.76,235.5,216,181,287,-1287,-1877,376,37.4117743,-121.9948443
287278035,2,8,37.4126693,-121.9960713,61,22.76,235.5,216,181,287,-1287,-1877,376,37.4117743,-121.9948443
287344981,2,8,37.4126591,-121.9960924,60,22.80,236.0,216,181,287,-1274,-1891,552,37.4117743,-121.9948443
287445401,2,8,37.4126492,-121.9961135,59,22.52,237.3,216,181,287,-1216,-1895,692,37.4117743,-121.9948443
287545772,2,8,37.4126394,-121.9961347,58,22.31,238.5,216,181,287,-1164,-1903,775,37.4117743,-121.9948443
287626989,2,8,37.4126301,-121.9961568,57,22.50,241.9,216,181,287,-1059,-1985,797,37.4117743,-121.9948443
287747233,2,8,37.4126223,-121.9961807,56,22.74,250.0,216,182,287,-775,-2138,705,37.4117743,-121.9948443
287827779,2,8,37.4126164,-121.9962062,56,22.81,257.0,216,182,287,-510,-2223,539,37.4117743,-121.9948443
287928504,2,8,37.4126127,-121.9962329,56,23.40,263.6,216,182,286,-260,-2325,365,37.4117743,-121.9948443
288028864,2,8,37.4126118,-121.9962587,56,22.09,270.2,216,182,285,10,-2209,189,37.4117743,-121.9948443
288129410,2,8,37.4126133,-121.9962820,56,19.76,276.6,216,183,284,228,-1963,0,37.4117743,-121.9948443
288230135,2,8,37.4126219,-121.9963019,56,18.04,295.8,216,183,284,786,-1624,-201,37.4117743,-121.9948443
288330850,2,8,37.4126340,-121.9963170,57,17.14,312.4,216,184,283,1157,-1265,-302,37.4117743,-121.9948443
288431164,2,8,37.4126487,-121.9963273,57,16.83,330.0,216,184,282,1457,-841,-356,37.4117743,-121.9948443
288531816,2,8,37.4126640,-121.9963333,58,16.92,345.0,216,185,282,1635,-435,-372,37.4117743,-121.9948443
288631822,2,8,37.4126799,-121.9963354,58,17.43,355.1,216,186,283,1736,-147,-374,37.4117743,-121.9948443
288732370,2,8,37.4126950,-121.9963339,58,17.25,4.8,216,187,284,1718,145,-358,37.4117743,-121.9948443
288832464,2,8,37.4127110,-121.9963287,58,18.14,14.9,216,188,285,1753,466,-283,37.4117743,-121.9948443
288932508,2,8,37.4127253,-121.9963202,59,17.81,24.0,216,190,287,1626,726,-219,37.4117743,-121.9948443
289032906,2,8,37.4127347,-121.9963074,59,16.15,38.9,216,192,289,1255,1016,-155,37.4117743,-121.9948443
289133276,2,8,37.4127420,-121.9962928,59,15.14,51.6,216,194,291,939,1187,-64,37.4117743,-121.9948443
289233927,2,8,37.4127482,-121.9962772,58,14.84,62.4,216,196,293,685,1316,68,37.4117743,-121.9948443
289334940,2,8,37.4127525,-121.9962605,58,14.80,71.3,216,199,295,474,1402,184,37.4117743,-121.9948443
289434679,2,8,37.4127538,-121.9962440,57,13.92,83.8,216,201,298,150,1384,294,37.4117743,-121.9948443
289444172,2,8,37.4127538,-121.9962440,57,13.92,83.8,216,201,298,150,1384,294,37.4117743,-121.9948443
289534870,2,8,37.4127569,-121.9962310,56,12.38,91.3,216,203,300,-28,1238,519,37.4117743,-121.9948443
289636093,2,8,37.4127575,-121.9962183,54,11.78,102.1,216,204,302,-248,1151,742,37.4117743,-121.9948443
289737491,2,8,37.4127557,-121.9962071,52,11.16,114.3,216,206,304,-460,1017,920,37.4117743,-121.9948443
289838304,2,8,37.4127526,-121.9961968,51,10.88,121.3,216,207,305,-566,929,1037,37.4117743,-121.9948443
289938593,2,8,37.4127422,-121.9961834,50,13.30,127.6,216,208,303,-812,1054,975,37.4117743,-121.9948443
290039069,2,7,37.4127308,-121.9961687,50,15.46,129.4,286,209,302,-982,1194,922,37.4117743,-121.9948443
290139949,2,7,37.4127186,-121.9961536,49,16.92,132.9,286,209,301,-1153,1238,884,37.4117743,-121.9948443
290240419,2,7,37.4127065,-121.9961391,48,17.70,136.2,286,210,302,-1279,1224,879,37.4117743,-121.9948443
290341015,2,7,37.4126938,-121.9961252,47,18.25,139.6,286,211,302,-1390,1181,883,37.4117743,-121.9948443
290441481,2,7,37.4126811,-121.9961117,46,18.56,140.0,286,211,303,-1422,1192,896,37.4117743,-121.9948443
290542447,2,7,37.4126689,-121.9960975,45,18.49,136.5,286,212,303,-1341,1272,884,37.4117743,-121.9948443
290623307,2,7,37.4126560,-121.9960812,45,18.82,130.2,286,212,304,-1216,1435,780,37.4117743,-121.9948443
290723799,2,7,37.4126443,-121.9960613,45,20.63,121.2,286,213,305,-1071,1763,681,37.4117743,-121.9948443
290823841,2,7,37.4126339,-121.9960374,45,22.26,112.8,286,214,307,-863,2052,522,37.4117743,-121.9948443
290924881,2,7,37.4126244,-121.9960110,45,23.28,106.8,286,216,308,-673,2229,321,37.4117743,-121.9948443
291025968,2,7,37.4126223,-121.9959870,45,21.28,94.8,286,218,310,-179,2121,155,37.4117743,-121.9948443
291126320,2,7,37.4126246,-121.9959643,45,20.42,84.8,286,220,312,183,2034,52,37.4117743,-121.9948443
291226401,2,8,37.4126292,-121.9959428,45,19.91,76.9,216,222,314,448,1940,-26,37.4117743,-121.9948443
291326869,2,8,37.4126356,-121.9959227,46,19.40,69.7,216,224,316,672,1819,-100,37.4117743,-121.9948443
291426871,2,8,37.4126427,-121.9959033,46,19.00,64.9,216,225,317,805,1721,-161,37.4117743,-121.9948443
291527510,2,8,37.4126499,-121.9958844,46,18.60,62.4,216,226,319,861,1648,-206,37.4117743,-121.9948443
291608345,2,8,37.4126499,-121.9958844,46,18.60,62.4,216,226,319,861,1648,-206,37.4117743,-121.9948443
291628598,2,8,37.4126571,-121.9958657,47,18.48,60.9,216,227,321,899,1615,-247,37.4117743,-121.9948443
291729163,2,8,37.4126645,-121.9958470,47,18.30,61.6,216,227,323,869,1611,-237,37.4117743,-121.9948443
291830111,2,8,37.4126725,-121.9958288,47,18.03,62.4,216,228,324,834,1599,-187,37.4117743,-121.9948443
291931231,2,8,37.4126807,-121.9958103,47,18.08,64.3,216,227,324,782,1630,-113,37.4117743,-121.9948443
292031878,2,8,37.4126896,-121.9957922,47,17.81,63.8,216,227,324,784,1599,-6,37.4117743,-121.9948443
292133299,2,8,37.4126983,-121.9957742,46,17.84,63.7,216,227,323,788,1601,83,37.4117743,-121.9948443
292233640,2,8,37.4127050,-121.9957558,46,17.99,62.3,216,226,324,835,1594,31,37.4117743,-121.9948443
292334041,2,8,37.4127110,-121.9957374,47,18.11,60.1,216,226,324,900,1572,-114,37.4117743,-121.9948443
292434310,2,8,37.4127178,-121.9957196,48,18.01,56.2,216,225,324,1001,1497,-247,37.4117743,-121.9948443
292534528,2,8,37.4127248,-121.9957030,48,17.22,53.5,216,224,324,1024,1384,-386,37.4117743,-121.9948443
292635213,2,8,37.4127325,-121.9956878,49,16.52,50.1,216,224,324,1059,1268,-495,37.4117743,-121.9948443
292735614,2,8,37.4127403,-121.9956733,50,15.98,49.7,216,223,323,1033,1220,-577,37.4117743,-121.9948443
292836600,2,8,37.4127481,-121.9956590,51,15.68,50.6,216,222,323,995,1212,-631,37.4117743,-121.9948443
292937001,2,8,37.4127564,-121.9956444,52,15.85,52.0,216,221,322,975,1250,-624,37.4117743,-121.9948443
293037075,2,8,37.4127653,-121.9956295,52,15.79,53.7,216,219,321,933,1274,-516,37.4117743,-121.9948443
293138217,2,8,37.4127741,-121.9956146,53,15.79,53.4,216,219,320,940,1268,-428,37.4117743,-121.9948443
293238899,2,8,37.4127830,-121.9955997,53,15.76,52.9,216,218,320,949,1259,-341,37.4117743,-121.9948443
293339483,2,8,37.4127917,-121.9955847,53,15.89,53.4,216,217,320,946,1276,-272,37.4117743,-121.9948443
293419751,2,8,37.4128004,-121.9955693,53,16.16,54.1,216,217,319,947,1309,-202,37.4117743,-121.9948443
293520742,2,8,37.4128092,-121.9955536,53,16.55,53.9,216,216,318,973,1338,-143,37.4117743,-121.9948443
293621383,2,8,37.4128181,-121.9955377,53,16.77,53.1,216,215,318,1005,1343,-90,37.4117743,-121.9948443
293722133,2,8,37.4128273,-121.9955219,53,16.92,52.7,216,214,317,1023,1347,-60,37.4117743,-121.9948443
293756234,2,8,37.4128273,-121.9955219,53,16.92,52.7,216,214,317,1023,1347,-60,37.4117743,-121.9948443
293822445,2,8,37.4128361,-121.9955060,54,17.22,51.3,216,213,315,1076,1344,-67,37.4117743,-121.9948443
293923285,2,8,37.4128450,-121.9954902,54,17.44,49.9,216,212,314,1122,1334,-99,37.4117743,-121.9948443
294023765,2,8,37.4128544,-121.9954748,54,17.65,47.7,216,210,312,1187,1306,-170,37.4117743,-121.9948443
294124251,2,8,37.4128645,-121.9954605,55,17.25,43.6,216,209,311,1247,1192,-218,37.4117743,-121.9948443
294224919,2,8,37.4128750,-121.9954464,55,17.67,43.9,216,208,310,1271,1227,-255,37.4117743,-121.9948443
294325608,2,8,37.4128855,-121.9954326,56,17.37,43.1,216,206,309,1267,1188,-285,37.4117743,-121.9948443
294426359,2,8,37.4128961,-121.9954188,56,17.41,43.6,216,205,308,1260,1201,-272,37.4117743,-121.9948443
294527398,2,8,37.4129070,-121.9954048,57,17.61,43.2,216,204,307,1284,1206,-227,37.4117743,-121.9948443
294628589,2,8,37.4129182,-121.9953910,57,17.72,42.0,216,203,306,1315,1187,-196,37.4117743,-121.9948443
294728968,2,8,37.4129292,-121.9953778,57,17.27,41.2,216,202,305,1298,1139,-182,37.4117743,-121.9948443
294829760,2,8,37.4129407,-121.9953647,57,17.10,42.1,216,202,305,1267,1148,-86,37.4117743,-121.9948443
294929886,2,8,37.4129527,-121.9953518,57,17.09,40.7,216,202,305,1295,1115,30,37.4117743,-121.9948443
295030478,2,8,37.4129647,-121.9953404,57,16.49,36.5,216,202,306,1325,981,78,37.4117743,-121.9948443
295130684,2,8,37.4129771,-121.9953301,57,16.38,33.3,216,202,306,1368,901,125,37.4117743,-121.9948443
295231080,2,8,37.4129893,-121.9953200,56,15.88,33.7,216,203,307,1320,881,179,37.4117743,-121.9948443
295331600,2,8,37.4130004,-121.9953091,56,15.66,37.5,216,203,308,1242,954,204,37.4117743,-121.9948443
295432020,2,8,37.4130113,-121.9952969,56,15.88,42.1,216,203,307,1176,1066,294,37.4117743,-121.9948443
295532460,2,8,37.4130214,-121.9952844,55,15.39,45.3,216,202,307,1082,1094,398,37.4117743,-121.9948443
295632575,2,8,37.4130317,-121.9952723,54,15.03,43.6,216,203,307,1087,1037,506,37.4117743,-121.9948443
295733253,2,8,37.4130425,-121.9952609,54,14.88,40.2,216,203,307,1135,961,604,37.4117743,-121.9948443
295833587,2,8,37.4130534,-121.9952495,53,15.22,40.3,216,203,307,1159,986,695,37.4117743,-121.9948443
295902129,2,8,37.4130534,-121.9952495,53,15.22,40.3,216,203,307,1159,986,695,37.4117743,-121.9948443
295934291,2,8,37.4130641,-121.9952377,52,15.31,42.4,216,203,307,1130,1033,813,37.4117743,-121.9948443
296034803,2,8,37.4130751,-121.9952255,51,16.40,40.3,216,203,307,1250,1061,808,37.4117743,-121.9948443
296135647,2,8,37.4130869,-121.9952128,50,17.96,37.7,216,203,307,1421,1098,705,37.4117743,-121.9948443
296236186,2,8,37.4130993,-121.9952000,50,18.91,36.2,216,202,306,1525,1117,548,37.4117743,-121.9948443
296316606,2,8,37.4131115,-121.9951872,50,18.93,37.4,216,202,306,1503,1150,405,37.4117743,-121.9948443
296417006,2,8,37.4131238,-121.9951726,50,19.95,41.2,216,202,306,1500,1315,249,37.4117743,-121.9948443
296518109,2,8,37.4131362,-121.9951557,51,21.54,44.5,216,202,306,1534,1512,52,37.4117743,-121.9948443
296618709,2,8,37.4131473,-121.9951398,51,20.28,44.9,216,203,307,1434,1434,-147,37.4117743,-121.9948443
296719342,2,8,37.4131562,-121.9951261,52,17.68,46.9,216,203,307,1207,1291,-347,37.4117743,-121.9948443
296819864,2,8,37.4131640,-121.9951126,53,16.47,50.6,216,203,307,1043,1274,-491,37.4117743,-121.9948443
296920798,2,7,37.4131726,-121.9950994,54,16.05,48.6,222,204,308,1061,1205,-541,37.4117743,-121.9948443
297021465,2,8,37.4131817,-121.9950875,55,15.39,44.7,216,204,308,1092,1084,-560,37.4117743,-121.9948443
297121950,2,8,37.4131914,-121.9950753,55,15.36,44.9,216,204,309,1088,1084,-543,37.4117743,-121.9948443
297222441,2,8,37.4132007,-121.9950621,56,15.34,49.1,216,204,309,1003,1161,-507,37.4117743,-121.9948443
297323109,2,8,37.4132087,-121.9950480,56,15.27,55.2,216,204,310,870,1255,-498,37.4117743,-121.9948443
297423580,2,8,37.4132160,-121.9950329,57,15.56,59.5,216,204,310,788,1341,-484,37.4117743,-121.9948443
297523819,2,8,37.4132230,-121.9950170,57,15.81,62.5,216,204,310,729,1403,-446,37.4117743,-121.9948443
297624190,2,8,37.4132297,-121.9950008,58,15.89,64.1,216,204,310,693,1429,-402,37.4117743,-121.9948443
297724863,2,8,37.4132358,-121.9949846,58,15.81,65.7,217,204,311,649,1441,-397,37.4117743,-121.9948443
297826110,2,8,37.4132412,-121.9949683,58,15.63,66.3,217,203,310,627,1431,-400,37.4117743,-121.9948443
297926389,2,8,37.4132474,-121.9949515,59,15.84,69.3,217,203,309,558,1482,-280,37.4117743,-121.9948443
298026963,2,8,37.4132525,-121.9949342,59,16.18,70.9,217,202,309,528,1529,-235,37.4117743,-121.9948443
298066602,2,8,37.4132525,-121.9949342,59,16.18,70.9,217,202,309,528,1529,-235,37.4117743,-121.9948443
298127665,2,8,37.4132573,-121.9949170,59,15.83,70.8,217,202,309,518,1496,-191,37.4117743,-121.9948443
298228797,2,8,37.4132613,-121.9949000,59,15.79,71.5,217,202,309,498,1498,-205,37.4117743,-121.9948443
298330126,2,8,37.4132661,-121.9948826,59,16.13,71.3,217,203,310,516,1529,-182,37.4117743,-121.9948443
298431424,2,8,37.4132707,-121.9948652,59,16.05,72.1,217,203,312,493,1527,-125,37.4117743,-121.9948443
298532234,2,8,37.4132756,-121.9948487,59,15.32,70.8,217,203,313,501,1447,-38,37.4117743,-121.9948443
298632592,2,8,37.4132800,-121.9948329,59,14.91,70.9,217,203,314,487,1409,19,37.4117743,-121.9948443
298733614,2,8,37.4132838,-121.9948166,58,14.64,75.4,217,204,315,367,1418,121,37.4117743,-121.9948443
298814310,2,8,37.4132886,-121.9948000,58,15.00,72.8,217,204,316,442,1433,227,37.4117743,-121.9948443
298914479,2,8,37.4132943,-121.9947832,57,15.12,71.1,217,204,317,489,1430,356,37.4117743,-121.9948443
299015047,2,8,37.4133003,-121.9947661,56,15.38,70.2,217,205,317,521,1447,494,37.4117743,-121.9948443
299115511,2,8,37.4133074,-121.9947487,55,16.71,65.2,217,204,317,698,1518,555,37.4117743,-121.9948443
299216083,2,8,37.4133158,-121.9947301,54,18.73,59.8,217,204,317,941,1619,548,37.4117743,-121.9948443
299316613,2,8,37.4133249,-121.9947116,54,20.12,54.3,217,204,317,1173,1635,413,37.4117743,-121.9948443
299417121,2,8,37.4133350,-121.9946937,55,20.34,51.1,217,204,318,1275,1584,303,37.4117743,-121.9948443
299517595,2,8,37.4133458,-121.9946765,55,20.00,49.0,217,203,318,1312,1510,224,37.4117743,-121.9948443
299617915,2,8,37.4133572,-121.9946598,55,20.06,47.3,217,203,318,1359,1476,170,37.4117743,-121.9948443
299718393,2,8,37.4133691,-121.9946435,55,19.94,45.8,217,203,318,1390,1430,121,37.4117743,-121.9948443
299819119,2,8,37.4133813,-121.9946293,55,19.13,40.4,217,202,318,1456,1241,43,37.4117743,-121.9948443
299919269,2,8,37.4133936,-121.9946180,56,18.16,33.8,217,202,319,1509,1010,-69,37.4117743,-121.9948443
300019982,2,8,37.4134062,-121.9946085,56,17.11,29.7,217,202,319,1486,849,-146,37.4117743,-121.9948443
300120212,2,8,37.4134188,-121.9945996,56,16.54,29.4,217,201,320,1440,812,-183,37.4117743,-121.9948443
300220575,2,8,37.4134313,-121.9945910,57,16.38,28.8,217,201,321,1435,790,-224,37.4117743,-121.9948443
300227392,2,8,37.4134313,-121.9945910,57,16.38,28.8,217,201,321,1435,790,-224,37.4117743,-121.9948443
300321386,2,8,37.4134438,-121.9945825,57,16.17,27.9,217,201,322,1429,756,-234,37.4117743,-121.9948443
300422469,2,8,37.4134575,-121.9945743,57,16.49,24.8,217,201,322,1496,694,-173,37.4117743,-121.9948443
300523518,2,8,37.4134712,-121.9945672,57,15.84,21.4,217,201,323,1474,580,-106,37.4117743,-121.9948443
300624089,2,8,37.4134849,-121.9945606,57,15.94,20.9,217,201,324,1489,569,-57,37.4117743,-121.9948443
300723958,2,8,37.4134985,-121.9945528,57,16.42,24.4,217,202,324,1494,680,-13,37.4117743,-121.9948443
300824647,2,8,37.4135108,-121.9945431,56,15.81,32.6,217,202,325,1331,853,46,37.4117743,-121.9948443
300925314,2,8,37.4135232,-121.9945314,56,16.02,38.4,217,202,325,1255,995,189,37.4117743,-121.9948443
301025598,2,8,37.4135335,-121.9945178,55,16.30,47.4,217,202,326,1102,1201,267,37.4117743,-121.9948443
301125969,2,8,37.4135413,-121.9945027,55,15.89,55.8,217,203,327,891,1315,306,37.4117743,-121.9948443
301226519,2,8,37.4135459,-121.9944859,54,15.33,67.9,217,204,329,575,1421,352,37.4117743,-121.9948443
301326903,2,8,37.4135467,-121.9944687,54,14.63,80.5,217,204,330,239,1444,364,37.4117743,-121.9948443
301427801,2,8,37.4135446,-121.9944516,54,14.50,93.4,217,205,331,-88,1448,366,37.4117743,-121.9948443
301528040,2,8,37.4135392,-121.9944347,54,14.79,106.7,217,206,332,-425,1416,337,37.4117743,-121.9948443
301628347,2,8,37.4135314,-121.9944191,54,14.94,119.1,217,206,333,-727,1306,304,37.4117743,-121.9948443
301728703,2,8,37.4135217,-121.9944052,54,15.02,129.4,217,207,333,-954,1161,249,37.4117743,-121.9948443
301829810,2,8,37.4135103,-121.9943930,54,15.31,138.1,217,207,334,-1141,1021,184,37.4117743,-121.9948443
301930274,2,8,37.4134983,-121.9943826,54,15.09,144.4,217,207,334,-1227,878,118,37.4117743,-121.9948443
302010928,2,8,37.4134848,-121.9943734,54,15.65,150.2,217,207,333,-1359,776,49,37.4117743,-121.9948443
302130945,2,8,37.4134709,-121.9943655,54,15.66,154.8,217,206,333,-1418,666,-32,37.4117743,-121.9948443
302211441,2,8,37.4134566,-121.9943587,55,15.81,158.2,217,206,331,-1468,586,-108,37.4117743,-121.9948443
302312342,2,8,37.4134420,-121.9943525,55,16.21,160.4,217,206,330,-1528,542,-148,37.4117743,-121.9948443
302387888,2,8,37.4134420,-121.9943525,55,16.21,160.4,217,206,330,-1528,542,-148,37.4117743,-121.9948443
302411955,2,8,37.4134275,-121.9943467,55,16.42,162.0,217,205,328,-1562,506,-170,37.4117743,-121.9948443
302512486,2,8,37.4134130,-121.9943412,55,16.59,163.3,217,205,327,-1589,476,-167,37.4117743,-121.9948443
302613646,2,8,37.4133982,-121.9943360,56,17.09,164.7,217,204,326,-1648,450,-138,37.4117743,-121.9948443
302713493,2,8,37.4133833,-121.9943309,56,17.34,165.5,217,204,324,-1680,432,-91,37.4117743,-121.9948443
302814102,2,8,37.4133683,-121.9943259,55,17.60,165.5,217,204,323,-1704,440,-25,37.4117743,-121.9948443
302915146,2,8,37.4133532,-121.9943206,55,17.91,165.8,217,203,322,-1736,438,64,37.4117743,-121.9948443
303016375,2,8,37.4133380,-121.9943154,55,17.93,165.8,217,203,321,-1738,439,139,37.4117743,-121.9948443
303116811,2,8,37.4133224,-121.9943101,55,18.09,165.9,217,202,320,-1755,438,182,37.4117743,-121.9948443
303217462,2,8,37.4133065,-121.9943049,54,18.35,166.3,217,202,319,-1783,432,236,37.4117743,-121.9948443
303317585,2,8,37.4132903,-121.9942997,54,18.74,166.5,217,202,318,-1822,436,288,37.4117743,-121.9948443
303418218,2,8,37.4132740,-121.9942948,54,18.76,166.5,217,201,317,-1825,435,316,37.4117743,-121.9948443
303518774,2,8,37.4132574,-121.9942897,53,18.79,165.9,217,201,316,-1823,454,303,37.4117743,-121.9948443
303620388,2,8,37.4132408,-121.9942842,53,19.15,165.0,217,201,314,-1850,495,303,37.4117743,-121.9948443
303720966,2,8,37.4132237,-121.9942784,53,19.63,165.1,217,200,313,-1898,501,319,37.4117743,-121.9948443
303821569,2,8,37.4132065,-121.9942724,52,19.88,164.8,217,200,312,-1919,520,354,37.4117743,-121.9948443
303922325,2,8,37.4131892,-121.9942661,52,20.01,163.7,217,199,310,-1921,559,354,37.4117743,-121.9948443
304022692,2,8,37.4131717,-121.9942592,52,20.28,162.6,217,199,309,-1936,604,333,37.4117743,-121.9948443
304123487,2,8,37.4131541,-121.9942520,51,20.41,162.3,217,198,308,-1945,618,337,37.4117743,-121.9948443
304224153,2,8,37.4131366,-121.9942445,51,20.65,162.0,217,198,306,-1965,634,378,37.4117743,-121.9948443
304324769,2,8,37.4131197,-121.9942371,50,20.08,162.3,217,197,305,-1914,607,450,37.4117743,-121.9948443
304425091,2,8,37.4131024,-121.9942297,50,20.48,163.1,217,197,304,-1960,594,544,37.4117743,-121.9948443
304525657,2,8,37.4130851,-121.9942226,49,20.51,163.3,217,196,303,-1966,587,638,37.4117743,-121.9948443
304540449,2,8,37.4130851,-121.9942226,49,20.51,163.3,217,196,303,-1966,587,638,37.4117743,-121.9948443
304625998,2,8,37.4130679,-121.9942159,48,20.05,163.0,217,196,302,-1918,585,692,37.4117743,-121.9948443
304726306,2,8,37.4130510,-121.9942093,48,19.83,163.1,217,196,302,-1898,574,766,37.4117743,-121.9948443
304826874,2,8,37.4130336,-121.9942028,47,20.02,163.8,217,196,301,-1923,557,769,37.4117743,-121.9948443
304927501,2,8,37.4130157,-121.9941966,46,20.33,164.3,217,196,300,-1958,549,714,37.4117743,-121.9948443
305008993,2,8,37.4129969,-121.9941901,46,21.00,163.5,217,196,300,-2013,596,575,37.4117743,-121.9948443
305110122,2,8,37.4129778,-121.9941833,45,21.02,162.7,217,196,299,-2008,621,349,37.4117743,-121.9948443
305211697,2,8,37.4129585,-121.9941765,46,20.86,163.1,217,195,298,-1997,603,104,37.4117743,-121.9948443
305312131,2,8,37.4129397,-121.9941700,46,19.98,163.4,217,195,296,-1916,567,-118,37.4117743,-121.9948443
305412832,2,8,37.4129220,-121.9941639,47,18.58,163.0,217,194,295,-1777,540,-331,37.4117743,-121.9948443
305513342,2,8,37.4129056,-121.9941582,48,17.29,163.7,217,194,294,-1660,484,-517,37.4117743,-121.9948443
305613386,2,8,37.4128899,-121.9941529,48,16.91,164.7,217,194,293,-1632,443,-630,37.4117743,-121.9948443
305713855,2,8,37.4128747,-121.9941482,49,16.45,165.8,217,193,292,-1595,402,-722,37.4117743,-121.9948443
305813827,2,8,37.4128600,-121.9941438,50,16.26,166.9,217,193,292,-1584,365,-763,37.4117743,-121.9948443
305915447,2,8,37.4128451,-121.9941396,51,16.58,167.5,217,193,291,-1619,357,-768,37.4117743,-121.9948443
306015715,2,8,37.4128302,-121.9941353,52,16.77,167.9,217,192,290,-1640,349,-734,37.4117743,-121.9948443
306116166,2,8,37.4128155,-121.9941312,53,16.75,168.5,217,192,289,-1641,332,-684,37.4117743,-121.9948443
306216222,2,8,37.4128007,-121.9941272,53,16.96,168.5,217,192,288,-1662,336,-631,37.4117743,-121.9948443
306316775,2,8,37.4127858,-121.9941233,54,17.16,169.1,217,192,287,-1686,322,-562,37.4117743,-121.9948443
306417708,2,8,37.4127710,-121.9941198,54,17.10,170.4,217,191,286,-1686,283,-485,37.4117743,-121.9948443
306518405,2,8,37.4127562,-121.9941166,54,16.95,170.8,217,191,286,-1673,268,-436,37.4117743,-121.9948443
306618942,2,8,37.4127418,-121.9941144,55,16.13,174.3,217,191,285,-1606,158,-422,37.4117743,-121.9948443
306705875,2,8,37.4127418,-121.9941144,55,16.13,174.3,217,191,285,-1606,158,-422,37.4117743,-121.9948443
306719349,2,8,37.4127281,-121.9941142,55,15.21,180.9,217,191,284,-1520,-25,-430,37.4117743,-121.9948443
306820480,2,8,37.4127151,-121.9941161,56,14.53,188.1,217,191,283,-1438,-206,-435,37.4117743,-121.9948443
306921113,2,8,37.4127028,-121.9941197,56,14.06,194.7,217,191,283,-1360,-359,-451,37.4117743,-121.9948443
307021941,2,8,37.4126915,-121.9941251,56,13.49,203.0,217,190,283,-1242,-528,-474,37.4117743,-121.9948443
307123416,2,8,37.4126811,-121.9941323,57,13.40,210.7,217,191,283,-1152,-685,-478,37.4117743,-121.9948443
307224251,2,8,37.4126721,-121.9941412,57,13.11,218.9,217,191,283,-1019,-824,-480,37.4117743,-121.9948443
307304571,2,8,37.4126638,-121.9941513,58,13.28,224.7,217,191,283,-944,-934,-468,37.4117743,-121.9948443
307425086,2,8,37.4126565,-121.9941626,58,13.41,230.3,217,191,283,-856,-1032,-427,37.4117743,-121.9948443
307505685,2,8,37.4126500,-121.9941749,58,13.52,235.7,217,192,283,-762,-1117,-395,37.4117743,-121.9948443
307606113,2,8,37.4126442,-121.9941879,59,13.59,239.5,217,192,283,-689,-1171,-349,37.4117743,-121.9948443
307707184,2,8,37.4126397,-121.9942016,59,13.62,244.9,217,193,283,-575,-1234,-294,37.4117743,-121.9948443
307806938,2,8,37.4126366,-121.9942154,59,13.16,251.0,217,193,283,-428,-1245,-241,37.4117743,-121.9948443
307907577,2,8,37.4126348,-121.9942292,59,12.81,256.4,217,194,283,-300,-1245,-179,37.4117743,-121.9948443
308008022,2,8,37.4126343,-121.9942428,59,12.39,262.1,217,194,283,-169,-1228,-117,37.4117743,-121.9948443
308108378,2,8,37.4126351,-121.9942560,59,12.01,268.2,217,195,283,-37,-1201,-56,37.4117743,-121.9948443
308208901,2,8,37.4126376,-121.9942688,59,11.94,276.9,217,195,282,144,-1185,-12,37.4117743,-121.9948443
308309320,2,8,37.4126407,-121.9942815,59,11.58,284.6,217,195,281,293,-1120,-7,37.4117743,-121.9948443
308409887,2,8,37.4126447,-121.9942935,59,11.46,292.8,217,195,280,444,-1057,-47,37.4117743,-121.9948443
308510151,2,8,37.4126497,-121.9943050,59,11.47,298.3,217,196,280,544,-1010,-73,37.4117743,-121.9948443
308610803,2,8,37.4126559,-121.9943163,59,11.95,302.7,217,196,279,646,-1005,-65,37.4117743,-121.9948443
308712052,2,8,37.4126622,-121.9943274,59,11.91,306.3,217,196,279,706,-959,-92,37.4117743,-121.9948443
308812180,2,8,37.4126689,-121.9943380,59,12.01,309.3,217,197,279,762,-928,-138,37.4117743,-121.9948443
308866803,2,8,37.4126689,-121.9943380,59,12.01,309.3,217,197,279,762,-928,-138,37.4117743,-121.9948443
308913255,2,8,37.4126758,-121.9943482,60,12.05,311.1,217,197,279,792,-908,-172,37.4117743,-121.9948443
309014076,2,8,37.4126831,-121.9943583,60,12.10,312.4,217,197,279,817,-892,-195,37.4117743,-121.9948443
309114417,2,8,37.4126903,-121.9943685,60,12.20,312.9,217,197,279,831,-893,-219,37.4117743,-121.9948443
309214970,2,8,37.4126976,-121.9943786,60,12.16,313.8,217,197,279,841,-877,-244,37.4117743,-121.9948443
309316619,2,8,37.4127048,-121.9943882,61,11.89,315.7,217,197,278,851,-830,-312,37.4117743,-121.9948443
309417897,2,8,37.4127118,-121.9943974,61,11.44,317.1,217,196,278,838,-778,-420,37.4117743,-121.9948443
309517542,2,8,37.4127184,-121.9944060,62,10.72,316.5,217,196,279,777,-737,-530,37.4117743,-121.9948443
309617976,2,8,37.4127240,-121.9944141,62,9.59,313.2,217,196,279,657,-699,-626,37.4117743,-121.9948443
309719079,2,8,37.4127290,-121.9944217,63,8.72,310.0,217,195,279,561,-668,-708,37.4117743,-121.9948443
309819616,2,8,37.4127333,-121.9944292,64,8.20,305.7,217,195,280,479,-666,-738,37.4117743,-121.9948443
309920138,2,8,37.4127371,-121.9944367,65,7.95,303.0,217,195,280,433,-666,-746,37.4117743,-121.9948443
310020744,2,8,37.4127405,-121.9944441,66,7.89,301.7,217,194,281,415,-671,-746,37.4117743,-121.9948443
310121580,2,8,37.4127441,-121.9944516,66,7.87,301.3,217,194,281,409,-672,-740,37.4117743,-121.9948443
310202171,2,8,37.4127476,-121.9944591,67,7.73,299.3,217,194,282,379,-674,-726,37.4117743,-121.9948443
310302539,2,8,37.4127512,-121.9944666,68,7.80,300.9,217,194,282,400,-669,-704,37.4117743,-121.9948443
310403080,2,8,37.4127550,-121.9944744,68,8.33,300.8,217,194,282,427,-715,-589,37.4117743,-121.9948443
310503457,2,8,37.4127589,-121.9944831,69,9.04,298.2,217,194,282,428,-796,-485,37.4117743,-121.9948443
310603882,2,8,37.4127632,-121.9944924,69,9.47,297.3,217,194,283,435,-841,-412,37.4117743,-121.9948443
310704578,2,8,37.4127672,-121.9945018,70,9.47,297.0,217,195,284,431,-843,-359,37.4117743,-121.9948443
310805158,2,8,37.4127708,-121.9945115,70,9.49,294.6,217,196,285,396,-863,-342,37.4117743,-121.9948443
310905460,2,8,37.4127741,-121.9945214,70,9.33,291.7,217,196,286,345,-867,-336,37.4117743,-121.9948443
311006285,2,8,37.4127772,-121.9945318,70,9.84,288.3,217,197,287,310,-934,-245,37.4117743,-121.9948443
311017576,2,8,37.4127772,-121.9945318,70,9.84,288.3,217,197,287,310,-934,-245,37.4117743,-121.9948443
311107090,2,8,37.4127801,-121.9945428,70,10.18,285.8,217,197,289,278,-979,-167,37.4117743,-121.9948443
311207304,2,8,37.4127824,-121.9945547,71,10.86,283.6,217,198,290,256,-1055,-98,37.4117743,-121.9948443
311307978,2,8,37.4127850,-121.9945664,70,11.14,284.8,217,198,291,285,-1077,55,37.4117743,-121.9948443
311408153,2,8,37.4127881,-121.9945787,70,11.52,282.7,217,198,291,254,-1123,247,37.4117743,-121.9948443
311508959,2,8,37.4127910,-121.9945914,69,11.68,282.3,217,198,291,248,-1141,362,37.4117743,-121.9948443
311609998,2,8,37.4127937,-121.9946045,69,11.90,281.2,217,198,291,231,-1167,433,37.4117743,-121.9948443
311711225,2,8,37.4127961,-121.9946182,68,12.55,281.2,217,198,291,245,-1231,431,37.4117743,-121.9948443
311811755,2,8,37.4127990,-121.9946327,68,13.17,283.8,217,198,291,316,-1278,378,37.4117743,-121.9948443
311911915,2,8,37.4128029,-121.9946477,67,13.90,287.9,217,198,291,427,-1323,318,37.4117743,-121.9948443
312012173,2,8,37.4128076,-121.9946629,67,14.43,291.4,217,198,291,529,-1343,270,37.4117743,-121.9948443
312112858,2,8,37.4128127,-121.9946780,67,14.67,292.5,217,198,291,562,-1355,307,37.4117743,-121.9948443
312213583,2,8,37.4128179,-121.9946935,66,14.82,289.8,217,198,290,503,-1394,428,37.4117743,-121.9948443
312314085,2,8,37.4128225,-121.9947092,66,14.96,287.9,217,198,290,460,-1423,501,37.4117743,-121.9948443
312415294,2,8,37.4128275,-121.9947249,65,14.88,288.4,217,198,290,469,-1412,566,37.4117743,-121.9948443
312515858,2,8,37.4128331,-121.9947400,64,14.69,292.6,217,198,289,566,-1355,555,37.4117743,-121.9948443
312616290,2,8,37.4128391,-121.9947546,63,14.63,298.7,217,198,288,703,-1283,459,37.4117743,-121.9948443
312716495,2,8,37.4128467,-121.9947684,63,15.16,307.4,217,198,287,922,-1202,368,37.4117743,-121.9948443
312817268,2,8,37.4128566,-121.9947812,63,15.86,314.6,217,198,287,1116,-1128,320,37.4117743,-121.9948443
312917658,2,8,37.4128670,-121.9947936,63,16.25,318.7,217,198,286,1223,-1070,229,37.4117743,-121.9948443
313017955,2,8,37.4128777,-121.9948058,63,16.48,323.2,217,198,286,1321,-986,93,37.4117743,-121.9948443
313098345,2,8,37.4128888,-121.9948165,63,16.13,326.8,217,197,285,1350,-882,-56,37.4117743,-121.9948443
313178075,2,8,37.4128888,-121.9948165,63,16.13,326.8,217,197,285,1350,-882,-56,37.4117743,-121.9948443
313199317,2,8,37.4128999,-121.9948259,64,15.74,329.5,217,197,285,1357,-797,-199,37.4117743,-121.9948443
313300056,2,8,37.4129112,-121.9948345,64,15.26,331.1,217,198,285,1336,-736,-303,37.4117743,-121.9948443
313401366,2,8,37.4129219,-121.9948424,65,14.40,331.0,217,198,285,1260,-697,-366,37.4117743,-121.9948443
313501739,2,8,37.4129325,-121.9948500,65,14.01,330.7,217,197,285,1223,-684,-397,37.4117743,-121.9948443
313601956,2,8,37.4129425,-121.9948572,66,13.39,331.9,217,197,285,1182,-629,-459,37.4117743,-121.9948443
313702308,2,8,37.4129519,-121.9948637,67,12.45,333.2,217,197,285,1112,-561,-547,37.4117743,-121.9948443
313803806,2,8,37.4129608,-121.9948695,68,11.53,333.3,217,197,285,1031,-517,-604,37.4117743,-121.9948443
313903961,2,8,37.4129693,-121.9948749,68,10.93,333.5,217,197,285,979,-487,-649,37.4117743,-121.9948443
314004440,2,8,37.4129776,-121.9948799,69,10.32,334.1,217,197,285,929,-449,-671,37.4117743,-121.9948443
314105743,2,8,37.4129854,-121.9948847,70,9.90,333.8,217,196,285,888,-435,-692,37.4117743,-121.9948443
314205748,2,8,37.4129928,-121.9948893,71,9.23,333.2,217,196,285,824,-416,-698,37.4117743,-121.9948443
314305879,2,8,37.4129996,-121.9948943,71,8.93,328.1,217,196,286,759,-471,-710,37.4117743,-121.9948443
314406004,2,8,37.4130069,-121.9948993,72,9.36,332.7,217,196,286,833,-428,-663,37.4117743,-121.9948443
314506728,2,8,37.4130145,-121.9949033,73,9.23,338.5,217,195,287,859,-337,-626,37.4117743,-121.9948443
314607734,2,8,37.4130226,-121.9949073,73,9.32,338.4,217,196,288,868,-342,-554,37.4117743,-121.9948443
314708338,2,8,37.4130302,-121.9949109,74,9.00,339.9,217,196,289,846,-308,-531,37.4117743,-121.9948443
314809016,2,8,37.4130378,-121.9949149,74,9.11,336.6,217,196,290,837,-360,-501,37.4117743,-121.9948443
314909436,2,8,37.4130454,-121.9949194,75,9.24,334.9,217,196,290,837,-391,-456,37.4117743,-121.9948443
315010805,2,8,37.4130535,-121.9949241,75,9.12,334.0,217,197,291,820,-398,-360,37.4117743,-121.9948443
315111587,2,8,37.4130616,-121.9949290,75,9.33,332.5,217,198,290,828,-430,-269,37.4117743,-121.9948443
315212229,2,8,37.4130697,-121.9949342,75,9.41,329.3,217,198,289,810,-479,-173,37.4117743,-121.9948443
315312451,2,8,37.4130786,-121.9949396,75,9.16,331.4,217,199,288,805,-437,-16,37.4117743,-121.9948443
315335183,2,8,37.4130786,-121.9949396,75,9.16,331.4,217,199,288,805,-437,-16,37.4117743,-121.9948443
315413055,2,8,37.4130871,-121.9949441,74,8.74,336.2,217,199,288,799,-352,126,37.4117743,-121.9948443
315513673,2,8,37.4130962,-121.9949481,74,9.06,339.7,217,199,287,850,-313,244,37.4117743,-121.9948443
315614376,2,8,37.4131060,-121.9949519,73,9.50,342.0,217,199,286,904,-292,370,37.4117743,-121.9948443
315715539,2,8,37.4131160,-121.9949558,73,10.17,341.8,217,199,285,966,-316,479,37.4117743,-121.9948443
315815554,2,8,37.4131262,-121.9949597,72,10.45,342.1,217,199,284,995,-320,599,37.4117743,-121.9948443
315895978,2,8,37.4131364,-121.9949636,71,10.41,341.9,217,199,283,990,-322,742,37.4117743,-121.9948443
315996400,2,8,37.4131457,-121.9949673,70,9.96,341.0,217,198,282,942,-324,851,37.4117743,-121.9948443
316097342,2,8,37.4131553,-121.9949709,69,10.49,342.7,217,198,281,1001,-311,944,37.4117743,-121.9948443
316197860,2,8,37.4131656,-121.9949740,68,11.57,346.7,217,197,280,1126,-265,988,37.4117743,-121.9948443
316298649,2,8,37.4131762,-121.9949763,67,12.23,350.6,217,197,279,1207,-199,995,37.4117743,-121.9948443
316399590,2,8,37.4131877,-121.9949772,66,13.58,358.0,217,197,278,1357,-45,910,37.4117743,-121.9948443
316500301,2,8,37.4132006,-121.9949760,65,15.45,6.2,217,196,277,1536,167,759,37.4117743,-121.9948443
316600732,2,8,37.4132142,-121.9949726,65,16.58,12.1,217,196,276,1621,348,612,37.4117743,-121.9948443
316701392,2,8,37.4132280,-121.9949674,64,17.11,16.6,217,196,275,1639,490,446,37.4117743,-121.9948443
316801812,2,8,37.4132416,-121.9949601,64,17.68,23.0,217,196,275,1627,692,264,37.4117743,-121.9948443
316902198,2,8,37.4132546,-121.9949512,65,17.44,27.3,217,196,274,1549,801,124,37.4117743,-121.9948443
317002567,2,8,37.4132669,-121.9949410,65,17.39,31.6,217,196,274,1480,913,-27,37.4117743,-121.9948443
317103137,2,8,37.4132778,-121.9949293,65,16.92,38.3,217,196,273,1326,1050,-170,37.4117743,-121.9948443
317204469,2,8,37.4132869,-121.9949165,66,16.00,44.9,217,196,273,1133,1130,-284,37.4117743,-121.9948443
317305951,2,8,37.4132942,-121.9949030,66,15.17,52.1,217,196,273,931,1198,-400,37.4117743,-121.9948443
317406034,2,8,37.4133003,-121.9948890,67,14.52,58.6,217,196,274,755,1240,-460,37.4117743,-121.9948443
317500140,2,8,37.4133003,-121.9948890,67,14.52,58.6,217,196,274,755,1240,-460,37.4117743,-121.9948443
317506619,2,8,37.4133054,-121.9948745,68,14.30,63.6,217,196,274,635,1281,-504,37.4117743,-121.9948443
317606556,2,8,37.4133096,-121.9948595,68,14.14,69.1,217,197,274,503,1321,-512,37.4117743,-121.9948443
317707002,2,8,37.4133127,-121.9948441,69,14.10,74.9,217,197,275,365,1361,-501,37.4117743,-121.9948443
317807875,2,8,37.4133147,-121.9948284,69,14.07,80.3,217,197,276,235,1388,-479,37.4117743,-121.9948443
317908435,2,8,37.4133158,-121.9948131,70,13.43,87.4,217,197,277,60,1342,-413,37.4117743,-121.9948443
318008666,2,8,37.4133137,-121.9947976,70,13.91,100.2,217,197,278,-248,1368,-367,37.4117743,-121.9948443
318109670,2,8,37.4133097,-121.9947824,70,14.29,109.3,217,198,280,-473,1349,-295,37.4117743,-121.9948443
318210176,2,8,37.4133039,-121.9947673,70,14.86,116.9,217,198,282,-673,1324,-223,37.4117743,-121.9948443
318310761,2,8,37.4132969,-121.9947531,70,14.96,123.8,217,198,284,-833,1243,-157,37.4117743,-121.9948443
318411015,2,8,37.4132885,-121.9947402,70,15.06,131.7,217,199,286,-1004,1123,-75,37.4117743,-121.9948443
318511412,2,8,37.4132785,-121.9947286,70,15.55,140.2,217,199,288,-1195,995,6,37.4117743,-121.9948443
318613008,2,8,37.4132679,-121.9947179,70,15.73,144.1,217,199,290,-1275,921,96,37.4117743,-121.9948443
318693498,2,8,37.4132569,-121.9947080,69,15.85,147.5,217,200,293,-1337,851,183,37.4117743,-121.9948443
318793790,2,8,37.4132452,-121.9946988,69,16.04,150.2,217,200,295,-1393,795,265,37.4117743,-121.9948443
318894322,2,8,37.4132318,-121.9946921,68,16.03,158.9,217,200,297,-1496,576,329,37.4117743,-121.9948443
318995132,2,8,37.4132178,-121.9946872,68,16.26,165.0,217,200,298,-1571,419,381,37.4117743,-121.9948443
319095867,2,8,37.4132038,-121.9946831,67,16.33,167.3,217,200,299,-1593,357,447,37.4117743,-121.9948443
319196187,2,8,37.4131895,-121.9946798,66,16.38,170.1,217,200,300,-1614,280,501,37.4117743,-121.9948443
319296541,2,8,37.4131748,-121.9946774,66,16.61,172.5,217,200,301,-1647,215,550,37.4117743,-121.9948443
319396897,2,8,37.4131601,-121.9946757,65,16.66,174.7,217,200,301,-1659,152,596,37.4117743,-121.9948443
319498529,2,8,37.4131449,-121.9946745,65,16.91,176.1,217,200,302,-1688,112,638,37.4117743,-121.9948443
319599282,2,8,37.4131299,-121.9946740,64,17.01,178.8,217,200,302,-1701,33,691,37.4117743,-121.9948443
319657864,2,8,37.4131299,-121.9946740,64,17.01,178.8,217,200,302,-1701,33,691,37.4117743,-121.9948443
319699249,2,8,37.4131149,-121.9946741,63,17.15,181.6,217,199,303,-1714,-50,729,37.4117743,-121.9948443
319800178,2,8,37.4130997,-121.9946757,62,17.48,186.4,217,199,303,-1737,-195,736,37.4117743,-121.9948443
319900711,2,8,37.4130834,-121.9946793,61,17.97,191.1,217,199,303,-1763,-349,686,37.4117743,-121.9948443
320001481,2,8,37.4130668,-121.9946846,61,18.46,195.0,217,199,303,-1783,-478,624,37.4117743,-121.9948443
320101862,2,8,37.4130500,-121.9946913,60,18.78,198.2,217,199,303,-1783,-589,556,37.4117743,-121.9948443
320202255,2,8,37.4130330,-121.9946989,60,19.01,200.2,217,198,303,-1783,-659,474,37.4117743,-121.9948443
320303118,2,8,37.4130160,-121.9947071,60,19.20,201.8,217,198,303,-1782,-714,394,37.4117743,-121.9948443
320404176,2,8,37.4129991,-121.9947158,60,19.07,203.1,217,198,302,-1753,-749,282,37.4117743,-121.9948443
320504586,2,8,37.4129819,-121.9947246,60,19.06,202.9,217,197,302,-1755,-743,144,37.4117743,-121.9948443
320605405,2,8,37.4129649,-121.9947332,60,19.21,202.1,217,197,301,-1780,-724,77,37.4117743,-121.9948443
320705800,2,8,37.4129481,-121.9947413,61,19.25,201.5,217,196,300,-1790,-708,59,37.4117743,-121.9948443
320806453,2,8,37.4129316,-121.9947492,61,19.16,201.6,217,196,299,-1780,-707,58,37.4117743,-121.9948443
320907089,2,8,37.4129152,-121.9947570,61,19.39,201.3,217,195,299,-1806,-707,92,37.4117743,-121.9948443
321008111,2,8,37.4128986,-121.9947646,61,19.36,200.6,217,194,298,-1811,-682,91,37.4117743,-121.9948443
321108817,2,8,37.4128822,-121.9947717,61,19.08,198.8,217,194,297,-1806,-615,82,37.4117743,-121.9948443
321208779,2,8,37.4128655,-121.9947779,61,19.01,195.6,217,193,296,-1830,-514,73,37.4117743,-121.9948443
321308874,2,8,37.4128486,-121.9947834,61,19.16,194.3,217,193,295,-1856,-474,82,37.4117743,-121.9948443
321389448,2,8,37.4128318,-121.9947885,60,19.26,193.6,217,192,294,-1872,-453,147,37.4117743,-121.9948443
321509771,2,8,37.4128151,-121.9947936,60,19.27,194.2,217,192,293,-1868,-475,205,37.4117743,-121.9948443
321591008,2,8,37.4127985,-121.9947988,60,19.22,193.9,217,192,292,-1865,-462,282,37.4117743,-121.9948443
321691426,2,8,37.4127818,-121.9948039,60,19.28,193.9,217,191,291,-1871,-465,341,37.4117743,-121.9948443
321792157,2,8,37.4127650,-121.9948086,59,19.26,192.4,217,191,290,-1880,-416,397,37.4117743,-121.9948443
321816309,2,8,37.4127650,-121.9948086,59,19.26,192.4,217,191,290,-1880,-416,397,37.4117743,-121.9948443
321893178,2,8,37.4127483,-121.9948129,59,19.28,191.2,217,190,289,-1891,-374,477,37.4117743,-121.9948443
321993845,2,8,37.4127315,-121.9948167,58,19.15,189.7,217,190,288,-1888,-323,541,37.4117743,-121.9948443
322095437,2,8,37.4127145,-121.9948190,57,19.16,184.1,217,190,287,-1911,-138,553,37.4117743,-121.9948443
322196281,2,8,37.4126972,-121.9948186,57,19.15,176.4,217,190,286,-1911,120,524,37.4117743,-121.9948443
322296829,2,8,37.4126799,-121.9948151,56,19.34,167.4,217,190,286,-1888,420,467,37.4117743,-121.9948443
322397119,2,8,37.4126634,-121.9948082,56,19.29,158.2,217,190,285,-1791,714,404,37.4117743,-121.9948443
322497772,2,8,37.4126480,-121.9947982,56,19.13,149.9,217,190,285,-1656,957,333,37.4117743,-121.9948443
322598474,2,8,37.4126340,-121.9947858,56,18.95,142.5,217,190,284,-1504,1153,255,37.4117743,-121.9948443
322698808,2,8,37.4126215,-121.9947713,55,18.84,135.0,217,190,284,-1333,1331,169,37.4117743,-121.9948443
322799223,2,8,37.4126109,-121.9947554,55,18.09,128.4,217,190,284,-1125,1417,87,37.4117743,-121.9948443
322899832,2,8,37.4126023,-121.9947386,55,17.54,121.3,217,190,283,-913,1497,6,37.4117743,-121.9948443
322999970,2,8,37.4125948,-121.9947210,56,17.17,115.6,217,190,283,-744,1548,-119,37.4117743,-121.9948443
323101505,2,8,37.4125896,-121.9947033,56,16.47,109.2,217,190,283,-543,1555,-192,37.4117743,-121.9948443
323202592,2,8,37.4125859,-121.9946855,56,16.20,104.1,217,190,283,-396,1570,-213,37.4117743,-121.9948443
323302758,2,8,37.4125834,-121.9946678,56,15.86,100.2,217,190,283,-281,1561,-212,37.4117743,-121.9948443
323403640,2,8,37.4125821,-121.9946502,57,15.42,94.9,217,190,283,-133,1537,-223,37.4117743,-121.9948443
323504260,2,8,37.4125823,-121.9946329,57,15.17,89.1,217,190,283,22,1517,-228,37.4117743,-121.9948443
323604951,2,8,37.4125837,-121.9946159,57,15.02,84.9,217,190,283,131,1496,-199,37.4117743,-121.9948443
323705333,2,8,37.4125863,-121.9945993,57,14.85,79.2,217,189,283,276,1459,-156,37.4117743,-121.9948443
323805814,2,8,37.4125903,-121.9945832,57,14.70,72.9,217,189,283,430,1405,-125,37.4117743,-121.9948443
323886524,2,8,37.4125957,-121.9945681,57,14.45,65.7,217,189,283,593,1317,-99,37.4117743,-121.9948443
323979145,2,8,37.4125957,-121.9945681,57,14.45,65.7,217,189,283,593,1317,-99,37.4117743,-121.9948443
324007603,2,8,37.4126025,-121.9945539,57,14.48,59.5,217,189,284,733,1249,-71,37.4117743,-121.9948443
324088564,2,8,37.4126102,-121.9945405,57,14.52,55.3,217,190,284,824,1195,-35,37.4117743,-121.9948443
324188979,2,8,37.4126183,-121.9945273,57,14.56,53.9,217,189,284,858,1176,15,37.4117743,-121.9948443
324289530,2,8,37.4126266,-121.9945135,57,14.97,54.2,217,189,285,875,1215,62,37.4117743,-121.9948443
324390893,2,8,37.4126348,-121.9944998,57,14.96,54.3,217,189,285,871,1216,125,37.4117743,-121.9948443
324491088,2,8,37.4126430,-121.9944861,57,15.08,54.4,217,189,285,876,1228,187,37.4117743,-121.9948443
324592265,2,8,37.4126513,-121.9944722,56,15.26,53.7,217,189,285,903,1230,226,37.4117743,-121.9948443
324692850,2,8,37.4126598,-121.9944581,56,15.46,53.8,217,189,285,912,1248,297,37.4117743,-121.9948443
324793539,2,8,37.4126682,-121.9944443,56,15.25,53.6,217,189,285,904,1227,370,37.4117743,-121.9948443
324893809,2,8,37.4126766,-121.9944306,55,15.20,53.4,217,189,284,906,1220,428,37.4117743,-121.9948443
324994820,2,8,37.4126851,-121.9944168,55,15.49,51.5,217,188,284,963,1213,375,37.4117743,-121.9948443
325095754,2,8,37.4126937,-121.9944035,55,15.61,46.7,217,188,284,1069,1138,103,37.4117743,-121.9948443
325196808,2,8,37.4127029,-121.9943914,55,14.97,43.9,217,188,284,1078,1039,-65,37.4117743,-121.9948443
325297257,2,8,37.4127120,-121.9943798,55,14.73,45.5,217,188,284,1031,1052,-82,37.4117743,-121.9948443
325398123,2,8,37.4127209,-121.9943681,55,14.60,45.7,217,188,284,1018,1046,-94,37.4117743,-121.9948443
325498601,2,8,37.4127300,-121.9943565,55,14.64,44.8,217,188,284,1037,1032,-101,37.4117743,-121.9948443
325599260,2,8,37.4127393,-121.9943450,55,14.70,45.0,217,187,284,1038,1041,-78,37.4117743,-121.9948443
325699999,2,8,37.4127486,-121.9943335,55,14.59,45.2,217,187,284,1027,1037,-36,37.4117743,-121.9948443
325800877,2,8,37.4127578,-121.9943224,56,14.38,42.5,217,187,284,1059,972,-112,37.4117743,-121.9948443
325902608,2,8,37.4127675,-121.9943130,56,13.38,34.2,217,186,284,1106,753,-234,37.4117743,-121.9948443
326003983,2,8,37.4127768,-121.9943055,56,12.48,31.1,217,186,284,1068,645,-314,37.4117743,-121.9948443
326104038,2,8,37.4127860,-121.9942983,57,12.31,32.3,217,186,284,1040,659,-346,37.4117743,-121.9948443
326127941,2,8,37.4127860,-121.9942983,57,12.31,32.3,217,186,284,1040,659,-346,37.4117743,-121.9948443
326204823,2,8,37.4127952,-121.9942915,57,11.99,29.7,217,185,284,1041,594,-376,37.4117743,-121.9948443
326285155,2,8,37.4128044,-121.9942855,58,11.59,26.3,217,185,284,1039,514,-418,37.4117743,-121.9948443
326385709,2,8,37.4128138,-121.9942801,58,11.52,24.6,217,185,284,1046,481,-442,37.4117743,-121.9948443
326486325,2,8,37.4128230,-121.9942749,59,11.31,24.8,217,184,284,1026,475,-434,37.4117743,-121.9948443
326586876,2,8,37.4128323,-121.9942700,59,11.19,22.8,217,184,284,1031,435,-449,37.4117743,-121.9948443
326688095,2,8,37.4128415,-121.9942659,60,10.88,17.9,217,184,284,1034,336,-470,37.4117743,-121.9948443
326788442,2,8,37.4128508,-121.9942632,60,10.53,12.0,217,183,284,1030,220,-492,37.4117743,-121.9948443
326889217,2,8,37.4128601,-121.9942618,61,10.27,5.8,217,183,285,1022,104,-481,37.4117743,-121.9948443
326989922,2,8,37.4128692,-121.9942620,61,10.15,357.3,217,183,285,1014,-46,-477,37.4117743,-121.9948443
327090618,2,8,37.4128785,-121.9942633,62,10.13,352.9,217,183,286,1005,-124,-438,37.4117743,-121.9948443
327191215,2,8,37.4128876,-121.9942656,62,10.22,348.5,217,183,286,1001,-202,-399,37.4117743,-121.9948443
327292035,2,8,37.4128965,-121.9942688,62,10.27,343.2,217,183,287,983,-296,-366,37.4117743,-121.9948443
327392676,2,8,37.4129055,-121.9942728,63,10.46,340.6,217,183,288,987,-347,-319,37.4117743,-121.9948443
327492735,2,8,37.4129145,-121.9942774,63,10.62,337.2,217,183,288,979,-410,-256,37.4117743,-121.9948443
327593128,2,8,37.4129234,-121.9942827,63,10.79,333.7,217,183,289,967,-478,-215,37.4117743,-121.9948443
327694146,2,8,37.4129322,-121.9942889,63,10.95,328.6,217,183,289,935,-570,-152,37.4117743,-121.9948443
327794572,2,8,37.4129404,-121.9942963,63,10.93,322.1,217,183,290,863,-670,-89,37.4117743,-121.9948443
327895792,2,8,37.4129476,-121.9943053,63,11.09,311.3,217,184,291,732,-832,-11,37.4117743,-121.9948443
327996750,2,8,37.4129535,-121.9943164,63,11.54,299.3,217,184,292,566,-1006,60,37.4117743,-121.9948443
328097687,2,8,37.4129577,-121.9943288,62,11.89,287.3,217,184,293,354,-1135,158,37.4117743,-121.9948443
328197915,2,9,37.4129595,-121.9943425,62,12.45,273.9,196,184,294,84,-1242,232,37.4117743,-121.9948443
328284397,2,9,37.4129595,-121.9943425,62,12.45,273.9,196,184,294,84,-1242,232,37.4117743,-121.9948443
328298642,2,9,37.4129586,-121.9943568,61,12.85,261.4,196,184,295,-190,-1271,304,37.4117743,-121.9948443
328398833,2,9,37.4129556,-121.9943712,61,13.62,250.5,196,184,296,-454,-1284,372,37.4117743,-121.9948443
328499513,2,9,37.4129500,-121.9943852,60,14.29,239.4,196,184,297,-726,-1231,431,37.4117743,-121.9948443
328600176,2,9,37.4129421,-121.9943982,60,15.06,229.0,196,184,297,-987,-1137,476,37.4117743,-121.9948443
328701261,2,9,37.4129319,-121.9944098,59,15.72,219.2,196,184,297,-1217,-996,504,37.4117743,-121.9948443
328802698,2,9,37.4129198,-121.9944191,59,16.29,209.3,196,184,297,-1420,-798,534,37.4117743,-121.9948443
328883308,2,9,37.4129060,-121.9944264,58,16.97,200.9,196,183,297,-1585,-605,543,37.4117743,-121.9948443
328983874,2,9,37.4128909,-121.9944321,57,17.49,195.6,196,183,297,-1684,-472,561,37.4117743,-121.9948443
329084664,2,9,37.4128768,-121.9944373,57,16.73,198.0,196,183,297,-1590,-519,711,37.4117743,-121.9948443
329185130,2,9,37.4128634,-121.9944427,56,15.99,198.9,196,182,297,-1513,-519,856,37.4117743,-121.9948443
329286048,2,9,37.4128498,-121.9944485,55,16.16,198.7,196,182,298,-1530,-521,922,37.4117743,-121.9948443
329386767,2,9,37.4128363,-121.9944538,53,16.06,197.2,196,182,298,-1534,-475,1016,37.4117743,-121.9948443
329488076,2,9,37.4128227,-121.9944590,52,16.19,196.9,196,182,298,-1548,-472,1097,37.4117743,-121.9948443
329589076,2,9,37.4128092,-121.9944646,51,16.19,198.6,196,182,299,-1534,-519,1166,37.4117743,-121.9948443
329690362,2,9,37.4127954,-121.9944715,50,17.29,202.7,196,182,299,-1594,-668,1125,37.4117743,-121.9948443
329791172,2,9,37.4127812,-121.9944797,49,18.14,206.3,196,182,299,-1625,-806,942,37.4117743,-121.9948443
329890717,2,9,37.4127663,-121.9944907,48,18.89,212.6,196,182,299,-1589,-1020,748,37.4117743,-121.9948443
329991202,2,9,37.4127513,-121.9945037,48,18.35,216.7,196,182,298,-1469,-1099,540,37.4117743,-121.9948443
330092124,2,9,37.4127365,-121.9945180,48,17.97,220.2,196,181,298,-1372,-1160,287,37.4117743,-121.9948443
330193023,2,9,37.4127233,-121.9945321,49,16.83,223.0,196,181,298,-1230,-1148,64,37.4117743,-121.9948443
330293695,2,9,37.4127115,-121.9945462,50,16.04,226.2,196,181,298,-1109,-1160,-134,37.4117743,-121.9948443
330394242,2,9,37.4127013,-121.9945603,51,15.04,231.3,196,181,297,-940,-1175,-340,37.4117743,-121.9948443
330441121,2,9,37.4127013,-121.9945603,51,15.04,231.3,196,181,297,-940,-1175,-340,37.4117743,-121.9948443
330494909,2,9,37.4126930,-121.9945744,52,14.07,237.4,196,181,296,-757,-1186,-524,37.4117743,-121.9948443
330595328,2,9,37.4126869,-121.9945878,53,12.61,243.9,196,180,295,-553,-1133,-663,37.4117743,-121.9948443
330696395,2,9,37.4126831,-121.9946004,54,11.15,253.5,196,180,294,-316,-1069,-773,37.4117743,-121.9948443
330797271,2,9,37.4126816,-121.9946117,55,9.66,263.0,196,180,294,-116,-959,-832,37.4117743,-121.9948443
330897888,2,9,37.4126816,-121.9946216,55,8.58,272.7,196,180,293,41,-857,-865,37.4117743,-121.9948443
330999024,2,9,37.4126832,-121.9946300,56,7.39,286.1,196,180,292,205,-709,-872,37.4117743,-121.9948443
331100028,2,9,37.4126857,-121.9946376,57,7.06,294.4,196,180,291,293,-643,-851,37.4117743,-121.9948443
331180081,2,9,37.4126891,-121.9946444,58,6.78,303.4,196,180,291,373,-566,-806,37.4117743,-121.9948443
331300694,2,9,37.4126936,-121.9946500,59,6.60,317.1,196,180,290,484,-449,-734,37.4117743,-121.9948443
331381341,2,9,37.4126991,-121.9946542,59,6.51,330.3,196,180,290,566,-321,-632,37.4117743,-121.9948443
331482068,2,9,37.4127052,-121.9946573,60,6.85,340.5,196,180,290,646,-228,-541,37.4117743,-121.9948443
331583326,2,9,37.4127119,-121.9946589,60,7.06,352.9,196,180,289,700,-86,-445,37.4117743,-121.9948443
331682985,2,9,37.4127191,-121.9946596,60,7.67,358.5,196,180,289,767,-19,-332,37.4117743,-121.9948443
331783766,2,9,37.4127268,-121.9946594,61,8.46,4.0,196,180,288,844,59,-268,37.4117743,-121.9948443
331884757,2,9,37.4127346,-121.9946588,61,8.59,5.3,196,180,287,855,79,-179,37.4117743,-121.9948443
331985609,2,9,37.4127426,-121.9946580,61,9.10,7.0,196,180,286,903,111,-147,37.4117743,-121.9948443
332086627,2,9,37.4127509,-121.9946566,61,9.55,10.0,196,180,285,941,166,-114,37.4117743,-121.9948443
332186873,2,9,37.4127593,-121.9946550,61,9.58,11.7,196,179,285,938,196,-85,37.4117743,-121.9948443
332287839,2,9,37.4127674,-121.9946527,61,9.52,14.9,196,179,284,920,246,-106,37.4117743,-121.9948443
332388851,2,8,37.4127761,-121.9946490,61,10.46,19.7,199,179,284,984,353,-126,37.4117743,-121.9948443
332489088,2,8,37.4127850,-121.9946445,62,10.80,21.6,199,179,284,1004,397,-164,37.4117743,-121.9948443
332589959,2,8,37.4127935,-121.9946401,62,10.25,22.0,199,179,284,950,384,-240,37.4117743,-121.9948443
332607270,2,8,37.4127935,-121.9946401,62,10.25,22.0,199,179,284,950,384,-240,37.4117743,-121.9948443
332690908,2,9,37.4128013,-121.9946359,62,9.71,23.2,196,178,284,892,383,-321,37.4117743,-121.9948443
332791350,2,8,37.4128091,-121.9946314,63,9.80,23.9,199,178,283,896,397,-346,37.4117743,-121.9948443
332891964,2,9,37.4128166,-121.9946271,63,9.68,24.1,196,178,283,884,396,-360,37.4117743,-121.9948443
332992264,2,9,37.4128243,-121.9946226,64,9.49,25.0,196,178,283,859,402,-399,37.4117743,-121.9948443
333093849,2,9,37.4128310,-121.9946184,64,8.36,26.3,196,177,283,749,371,-473,37.4117743,-121.9948443
333194137,2,9,37.4128370,-121.9946146,65,7.60,26.6,196,177,283,679,340,-511,37.4117743,-121.9948443
333294784,2,9,37.4128428,-121.9946109,66,7.52,26.6,196,177,284,672,337,-532,37.4117743,-121.9948443
333395448,2,9,37.4128487,-121.9946071,66,7.48,26.7,196,176,284,668,337,-534,37.4117743,-121.9948443
333496142,2,9,37.4128538,-121.9946038,67,6.60,25.6,196,176,284,595,285,-594,37.4117743,-121.9948443
333597414,2,9,37.4128575,-121.9946013,68,4.84,25.1,196,176,284,438,205,-679,37.4117743,-121.9948443
333697263,2,9,37.4128603,-121.9945993,69,3.78,25.7,196,175,284,341,164,-722,37.4117743,-121.9948443
333777395,2,9,37.4128630,-121.9945975,70,3.57,27.8,196,175,284,316,166,-732,37.4117743,-121.9948443
333898369,2,9,37.4128658,-121.9945954,70,3.73,30.8,196,175,285,320,191,-708,37.4117743,-121.9948443
333979206,2,9,37.4128684,-121.9945935,71,3.15,30.2,196,175,285,274,155,-692,37.4117743,-121.9948443
334079352,2,9,37.4128706,-121.9945919,72,2.42,30.8,196,174,285,206,127,-658,37.4117743,-121.9948443
334179588,2,8,37.4128720,-121.9945909,72,1.41,30.7,296,174,286,122,72,-644,37.4117743,-121.9948443
334279915,2,8,37.4128724,-121.9945909,73,0.22,30.7,296,175,288,18,-12,-618,37.4117743,-121.9948443
334380403,2,8,37.4128721,-121.9945915,74,0.68,3.3,296,175,289,-37,-57,-583,37.4117743,-121.9948443
334481435,2,8,37.4128715,-121.9945926,74,1.43,253.6,296,175,290,-94,-107,-551,37.4117743,-121.9948443
334582939,2,9,37.4128700,-121.9945944,75,2.06,232.2,196,175,291,-154,-138,-512,37.4117743,-121.9948443
334683686,2,9,37.4128681,-121.9945967,75,2.84,225.1,196,175,292,-215,-186,-483,37.4117743,-121.9948443
334768375,2,9,37.4128681,-121.9945967,75,2.84,225.1,196,175,292,-215,-186,-483,37.4117743,-121.9948443
334784808,2,9,37.4128657,-121.9945992,76,3.43,222.2,196,175,293,-262,-221,-436,37.4117743,-121.9948443
334885628,2,9,37.4128628,-121.9946021,76,4.42,219.5,196,175,293,-349,-271,-365,37.4117743,-121.9948443
334986259,2,9,37.4128593,-121.9946052,76,4.94,216.3,196,175,293,-410,-275,-291,37.4117743,-121.9948443
335086552,2,9,37.4128553,-121.9946087,76,5.78,215.2,196,175,293,-477,-326,-211,37.4117743,-121.9948443
335187544,2,9,37.4128509,-121.9946123,76,6.24,214.1,196,175,294,-524,-338,-113,37.4117743,-121.9948443
335287933,2,9,37.4128460,-121.9946163,76,6.65,212.5,196,175,294,-568,-346,-11,37.4117743,-121.9948443
335388249,2,9,37.4128407,-121.9946195,76,6.76,210.6,196,176,294,-593,-324,121,37.4117743,-121.9948443
335489243,2,9,37.4128364,-121.9946220,75,5.86,207.4,196,176,295,-538,-232,294,37.4117743,-121.9948443
335590437,2,9,37.4128322,-121.9946225,74,5.43,197.2,196,176,294,-539,-69,545,37.4117743,-121.9948443
335690458,2,9,37.4128293,-121.9946224,73,4.48,173.5,196,177,294,-446,50,709,37.4117743,-121.9948443
335790962,2,9,37.4128275,-121.9946214,72,3.69,157.9,196,177,294,-342,138,844,37.4117743,-121.9948443
335891730,2,9,37.4128260,-121.9946181,70,3.64,124.9,196,177,294,-209,298,977,37.4117743,-121.9948443
335992438,2,9,37.4128251,-121.9946142,69,3.90,113.7,196,177,294,-157,357,1055,37.4117743,-121.9948443
336092783,2,9,37.4128252,-121.9946089,68,5.21,88.7,196,177,294,11,521,1045,37.4117743,-121.9948443
336193251,2,9,37.4128265,-121.9946015,67,6.96,75.5,196,177,293,174,674,1003,37.4117743,-121.9948443
336294095,2,9,37.4128282,-121.9945929,66,7.71,71.1,196,178,293,249,730,979,37.4117743,-121.9948443
336374857,2,9,37.4128303,-121.9945837,66,8.20,71.6,196,178,293,257,778,1003,37.4117743,-121.9948443
336475171,2,9,37.4128327,-121.9945747,65,8.18,71.7,196,178,293,256,776,1023,37.4117743,-121.9948443
336576173,2,9,37.4128360,-121.9945653,63,9.05,71.1,196,178,293,292,856,1112,37.4117743,-121.9948443
336676610,2,9,37.4128399,-121.9945548,62,10.29,67.0,196,177,293,401,947,1154,37.4117743,-121.9948443
336776817,2,9,37.4128454,-121.9945427,61,12.60,58.2,196,177,292,663,1071,1087,37.4117743,-121.9948443
336877246,2,9,37.4128533,-121.9945291,60,15.64,49.5,196,177,292,1015,1190,941,37.4117743,-121.9948443
336928836,2,9,37.4128533,-121.9945291,60,15.64,49.5,196,177,292,1015,1190,941,37.4117743,-121.9948443
336977259,2,9,37.4128630,-121.9945152,60,17.24,43.9,196,177,291,1240,1197,770,37.4117743,-121.9948443
337077602,2,9,37.4128743,-121.9945019,60,18.10,39.4,196,176,291,1398,1149,607,37.4117743,-121.9948443
337178234,2,9,37.4128868,-121.9944902,60,18.37,33.1,196,176,290,1538,1003,449,37.4117743,-121.9948443
337278662,2,9,37.4129004,-121.9944811,60,17.92,25.3,196,176,290,1619,768,324,37.4117743,-121.9948443
337379401,2,9,37.4129148,-121.9944750,60,17.64,16.7,196,176,290,1689,508,209,37.4117743,-121.9948443
337481105,2,9,37.4129294,-121.9944720,60,17.38,7.6,196,176,290,1722,230,84,37.4117743,-121.9948443
337582343,2,9,37.4129443,-121.9944722,60,17.22,358.4,196,176,290,1721,-45,-15,37.4117743,-121.9948443
337683537,2,9,37.4129586,-121.9944755,60,16.66,348.4,196,176,290,1632,-333,-97,37.4117743,-121.9948443
337783195,2,9,37.4129720,-121.9944820,61,16.26,338.1,196,176,290,1509,-606,-153,37.4117743,-121.9948443
337883764,2,9,37.4129839,-121.9944909,61,15.63,328.6,196,176,290,1335,-813,-206,37.4117743,-121.9948443
337984973,2,9,37.4129937,-121.9945026,61,14.99,315.3,196,177,290,1067,-1053,-221,37.4117743,-121.9948443
338085324,2,9,37.4130012,-121.9945158,62,14.29,304.3,196,177,290,806,-1180,-219,37.4117743,-121.9948443
338185876,2,9,37.4130065,-121.9945304,62,14.01,292.4,196,177,291,536,-1295,-188,37.4117743,-121.9948443
338286129,2,9,37.4130095,-121.9945460,62,14.10,280.7,196,177,291,264,-1385,-143,37.4117743,-121.9948443
338386323,2,9,37.4130104,-121.9945622,62,14.20,270.4,196,177,292,11,-1420,-83,37.4117743,-121.9948443
338487633,2,9,37.4130097,-121.9945793,61,15.24,260.7,196,177,291,-245,-1504,53,37.4117743,-121.9948443
338587978,2,9,37.4130073,-121.9945964,61,15.61,254.9,196,177,291,-405,-1507,185,37.4117743,-121.9948443
338688931,2,9,37.4130022,-121.9946124,60,15.41,245.9,196,177,291,-628,-1407,236,37.4117743,-121.9948443
338790161,2,9,37.4129947,-121.9946267,60,15.25,235.3,196,178,292,-867,-1254,260,37.4117743,-121.9948443
338890477,2,9,37.4129846,-121.9946389,60,15.49,223.2,196,178,291,-1128,-1061,262,37.4117743,-121.9948443
338990902,2,9,37.4129731,-121.9946486,60,15.64,212.8,196,178,292,-1313,-849,286,37.4117743,-121.9948443
339071864,2,9,37.4129607,-121.9946560,59,15.52,204.9,196,178,292,-1407,-653,322,37.4117743,-121.9948443
339096320,2,9,37.4129607,-121.9946560,59,15.52,204.9,196,178,292,-1407,-653,322,37.4117743,-121.9948443
339192406,2,9,37.4129476,-121.9946619,59,15.88,198.5,196,178,291,-1506,-504,376,37.4117743,-121.9948443
339273819,2,9,37.4129336,-121.9946659,58,15.98,192.1,196,178,291,-1563,-336,384,37.4117743,-121.9948443
339374717,2,9,37.4129191,-121.9946679,58,15.99,185.8,196,178,291,-1591,-162,361,37.4117743,-121.9948443
339474471,2,9,37.4129043,-121.9946684,58,16.31,181.8,196,178,290,-1631,-51,353,37.4117743,-121.9948443
339575374,2,9,37.4128893,-121.9946680,57,16.55,178.7,196,178,290,-1654,35,362,37.4117743,-121.9948443
339675956,2,9,37.4128742,-121.9946669,57,16.77,176.8,196,177,289,-1674,90,362,37.4117743,-121.9948443
339776632,2,9,37.4128589,-121.9946658,56,17.07,177.7,196,177,288,-1705,65,409,37.4117743,-121.9948443
339877090,2,9,37.4128436,-121.9946650,56,17.08,178.1,196,176,287,-1707,54,477,37.4117743,-121.9948443
339977698,2,9,37.4128285,-121.9946642,55,16.90,178.0,196,176,287,-1689,57,552,37.4117743,-121.9948443
340078191,2,9,37.4128133,-121.9946632,55,16.99,177.2,196,176,286,-1697,82,628,37.4117743,-121.9948443
340178910,2,9,37.4127979,-121.9946621,54,17.03,177.4,196,175,286,-1701,76,678,37.4117743,-121.9948443
340280332,2,9,37.4127822,-121.9946610,53,17.32,177.4,196,175,285,-1730,77,730,37.4117743,-121.9948443
340381713,2,9,37.4127664,-121.9946601,52,17.57,178.0,196,175,285,-1756,61,782,37.4117743,-121.9948443
340482179,2,9,37.4127506,-121.9946591,52,17.60,177.5,196,174,284,-1759,75,845,37.4117743,-121.9948443
340583142,2,9,37.4127346,-121.9946580,51,17.79,177.0,196,174,283,-1777,90,893,37.4117743,-121.9948443
340683567,2,9,37.4127187,-121.9946570,50,17.75,177.7,196,174,283,-1774,69,966,37.4117743,-121.9948443
340784640,2,9,37.4127028,-121.9946560,49,17.70,177.4,196,173,282,-1768,78,1029,37.4117743,-121.9948443
340884479,2,9,37.4126869,-121.9946549,47,17.74,177.2,196,173,282,-1772,85,1071,37.4117743,-121.9948443
340984926,2,9,37.4126705,-121.9946534,46,18.35,175.9,196,173,281,-1830,131,1058,37.4117743,-121.9948443
341085056,2,9,37.4126533,-121.9946513,45,19.21,174.1,196,172,281,-1911,196,1002,37.4117743,-121.9948443
341186261,2,9,37.4126353,-121.9946484,44,19.90,172.0,196,172,281,-1971,274,899,37.4117743,-121.9948443
341247937,2,9,37.4126353,-121.9946484,44,19.90,172.0,196,172,281,-1971,274,899,37.4117743,-121.9948443
341286706,2,9,37.4126165,-121.9946444,44,20.59,169.2,196,172,280,-2023,382,712,37.4117743,-121.9948443
341386836,2,9,37.4125975,-121.9946392,44,20.80,166.3,196,171,280,-2021,489,516,37.4117743,-121.9948443
341487417,2,9,37.4125786,-121.9946331,44,20.86,164.7,196,171,279,-2012,548,365,37.4117743,-121.9948443
341588809,2,9,37.4125603,-121.9946263,44,20.49,163.1,196,171,279,-1961,595,254,37.4117743,-121.9948443
341669169,2,9,37.4125422,-121.9946190,43,20.77,162.4,196,170,278,-1980,627,205,37.4117743,-121.9948443
341769881,2,9,37.4125241,-121.9946120,43,20.84,163.3,196,170,278,-1996,596,203,37.4117743,-121.9948443
341870358,2,9,37.4125061,-121.9946050,43,20.88,163.3,196,169,277,-2001,597,214,37.4117743,-121.9948443
341971137,2,9,37.4124879,-121.9945984,43,21.03,164.1,196,169,276,-2023,574,243,37.4117743,-121.9948443
342071666,2,9,37.4124700,-121.9945916,43,20.97,163.9,196,168,275,-2015,580,303,37.4117743,-121.9948443
342172647,2,9,37.4124522,-121.9945848,42,20.90,163.6,196,168,274,-2006,587,376,37.4117743,-121.9948443
342273617,2,9,37.4124345,-121.9945782,42,20.69,164.0,196,168,273,-1990,568,454,37.4117743,-121.9948443
342374216,2,9,37.4124168,-121.9945714,41,20.47,162.8,196,167,273,-1956,602,478,37.4117743,-121.9948443
342474686,2,9,37.4123996,-121.9945634,41,20.25,157.8,196,167,272,-1875,764,427,37.4117743,-121.9948443
342575183,2,9,37.4123831,-121.9945532,41,20.07,151.1,196,167,271,-1758,968,315,37.4117743,-121.9948443
342676512,2,9,37.4123682,-121.9945403,41,19.60,143.1,196,167,270,-1568,1175,188,37.4117743,-121.9948443
342776821,2,9,37.4123551,-121.9945257,41,19.03,137.3,196,167,270,-1399,1289,111,37.4117743,-121.9948443
342877054,2,9,37.4123431,-121.9945105,41,18.52,133.9,196,167,270,-1286,1332,26,37.4117743,-121.9948443
342977728,2,9,37.4123334,-121.9944941,41,17.45,124.5,196,167,269,-989,1438,-88,37.4117743,-121.9948443
343077846,2,9,37.4123277,-121.9944767,41,16.35,111.4,196,167,270,-598,1522,-144,37.4117743,-121.9948443
343178335,2,9,37.4123243,-121.9944589,41,15.92,103.5,196,168,270,-373,1547,-199,37.4117743,-121.9948443
343278548,2,9,37.4123229,-121.9944412,42,15.46,95.4,196,168,270,-145,1540,-228,37.4117743,-121.9948443
343379044,2,9,37.4123254,-121.9944245,42,14.39,79.9,196,168,271,251,1417,-191,37.4117743,-121.9948443
343402311,2,9,37.4123254,-121.9944245,42,14.39,79.9,196,168,271,251,1417,-191,37.4117743,-121.9948443
343479542,2,9,37.4123305,-121.9944096,42,13.73,66.8,196,168,271,540,1262,-159,37.4117743,-121.9948443
343580437,2,9,37.4123371,-121.9943970,42,12.92,55.9,196,168,271,724,1070,-134,37.4117743,-121.9948443
343681924,2,9,37.4123453,-121.9943858,42,12.95,47.6,196,168,272,872,957,-88,37.4117743,-121.9948443
343782828,2,9,37.4123541,-121.9943753,42,13.12,43.8,196,168,272,946,909,-49,37.4117743,-121.9948443
343883367,2,9,37.4123634,-121.9943651,42,13.42,41.6,196,168,272,1002,893,2,37.4117743,-121.9948443
343983506,2,9,37.4123730,-121.9943543,42,13.66,42.6,196,168,271,1005,925,105,37.4117743,-121.9948443
344084094,2,9,37.4123819,-121.9943433,41,13.01,46.6,196,167,271,892,946,247,37.4117743,-121.9948443
344184544,2,9,37.4123905,-121.9943322,41,12.99,46.1,196,167,270,900,936,337,37.4117743,-121.9948443
344285086,2,9,37.4123991,-121.9943212,40,13.11,46.0,196,167,269,910,944,405,37.4117743,-121.9948443
344384900,2,9,37.4124081,-121.9943104,40,13.70,43.6,196,167,269,991,945,412,37.4117743,-121.9948443
344485334,2,9,37.4124180,-121.9943002,39,14.59,38.4,196,166,269,1143,906,323,37.4117743,-121.9948443
344585533,2,9,37.4124285,-121.9942908,39,14.86,34.6,196,166,269,1222,845,209,37.4117743,-121.9948443
344666299,2,9,37.4124391,-121.9942816,39,14.78,34.2,196,166,269,1222,832,116,37.4117743,-121.9948443
344767345,2,9,37.4124496,-121.9942726,39,14.52,33.8,196,166,268,1205,809,26,37.4117743,-121.9948443
344867954,2,9,37.4124598,-121.9942638,40,14.20,34.8,196,165,269,1166,811,-56,37.4117743,-121.9948443
344968165,2,9,37.4124700,-121.9942547,40,14.03,35.4,196,165,268,1143,814,-92,37.4117743,-121.9948443
345068793,2,9,37.4124801,-121.9942457,40,13.63,35.3,196,165,268,1111,789,-66,37.4117743,-121.9948443
345169898,2,9,37.4124898,-121.9942369,40,13.18,36.1,196,165,268,1065,777,-36,37.4117743,-121.9948443
345270910,2,9,37.4124993,-121.9942281,40,13.27,37.6,196,165,267,1051,809,-13,37.4117743,-121.9948443
345372161,2,9,37.4125085,-121.9942190,40,13.16,39.9,196,165,267,1009,845,12,37.4117743,-121.9948443
345473420,2,9,37.4125177,-121.9942092,40,13.37,41.9,196,165,266,994,894,69,37.4117743,-121.9948443
345560556,2,9,37.4125177,-121.9942092,40,13.37,41.9,196,165,266,994,894,69,37.4117743,-121.9948443
345574129,2,8,37.4125267,-121.9941990,40,13.19,43.0,199,165,265,964,900,115,37.4117743,-121.9948443
345674814,2,9,37.4125361,-121.9941882,39,13.72,44.7,196,165,264,975,965,209,37.4117743,-121.9948443
345775128,2,9,37.4125449,-121.9941776,39,13.25,44.3,196,165,264,948,926,251,37.4117743,-121.9948443
345875993,2,9,37.4125534,-121.9941670,39,12.98,45.9,196,165,263,902,934,286,37.4117743,-121.9948443
345976074,2,9,37.4125614,-121.9941559,38,13.25,48.3,196,165,262,880,990,285,37.4117743,-121.9948443
346076384,2,9,37.4125693,-121.9941438,38,13.76,51.6,196,165,262,854,1079,275,37.4117743,-121.9948443
346176687,2,9,37.4125767,-121.9941310,38,14.01,55.4,196,165,261,794,1154,235,37.4117743,-121.9948443
346276980,2,9,37.4125835,-121.9941171,38,14.29,59.8,196,164,260,717,1236,196,37.4117743,-121.9948443
346378600,2,9,37.4125891,-121.9941026,38,14.43,64.6,196,164,260,618,1304,124,37.4117743,-121.9948443
346480094,2,9,37.4125935,-121.9940876,38,14.28,69.1,196,164,259,507,1335,32,37.4117743,-121.9948443
346581668,2,9,37.4125968,-121.9940724,38,13.98,74.5,196,164,259,371,1348,-40,37.4117743,-121.9948443
346682940,2,9,37.4125995,-121.9940567,38,13.97,79.0,196,165,259,265,1372,-60,37.4117743,-121.9948443
346763597,2,9,37.4126011,-121.9940411,38,13.70,83.2,196,165,259,159,1361,-66,37.4117743,-121.9948443
346884194,2,9,37.4126016,-121.9940259,38,13.38,86.9,196,165,259,71,1336,-80,37.4117743,-121.9948443
346964372,2,9,37.4126018,-121.9940108,39,13.13,89.2,196,165,260,18,1313,-78,37.4117743,-121.9948443
347065590,2,9,37.4126016,-121.9939957,39,13.26,91.3,196,165,260,-30,1326,-66,37.4117743,-121.9948443
347166670,2,9,37.4126014,-121.9939807,39,12.93,92.2,196,165,260,-51,1292,-46,37.4117743,-121.9948443
347267020,2,9,37.4126008,-121.9939657,39,13.06,95.6,196,165,260,-128,1300,-12,37.4117743,-121.9948443
347367966,2,9,37.4125998,-121.9939508,39,13.05,98.2,196,165,261,-188,1292,16,37.4117743,-121.9948443
347468667,2,9,37.4125983,-121.9939360,39,12.92,100.0,196,165,261,-225,1272,48,37.4117743,-121.9948443
347569292,2,9,37.4125959,-121.9939214,39,12.95,104.2,196,165,262,-319,1255,55,37.4117743,-121.9948443
347670036,2,9,37.4125926,-121.9939070,39,13.14,109.1,196,164,262,-431,1241,61,37.4117743,-121.9948443
347718579,2,9,37.4125926,-121.9939070,39,13.14,109.1,196,164,262,-431,1241,61,37.4117743,-121.9948443
347770427,2,9,37.4125885,-121.9938930,38,12.95,112.1,196,164,263,-489,1199,61,37.4117743,-121.9948443
347870975,2,9,37.4125839,-121.9938795,38,12.92,115.9,196,164,263,-565,1162,83,37.4117743,-121.9948443
347971364,2,9,37.4125787,-121.9938661,38,12.90,117.5,196,164,263,-596,1143,75,37.4117743,-121.9948443
348072063,2,9,37.4125731,-121.9938530,38,13.08,119.7,196,164,263,-649,1136,81,37.4117743,-121.9948443
348172104,2,9,37.4125671,-121.9938400,38,13.23,122.4,196,164,263,-709,1117,105,37.4117743,-121.9948443
348272623,2,9,37.4125613,-121.9938274,38,12.59,123.3,196,164,262,-693,1051,152,37.4117743,-121.9948443
348372897,2,9,37.4125552,-121.9938152,38,12.82,125.7,196,164,262,-749,1040,186,37.4117743,-121.9948443
348473442,2,9,37.4125487,-121.9938034,37,12.72,127.1,196,164,262,-768,1013,223,37.4117743,-121.9948443
348574161,2,9,37.4125421,-121.9937917,37,12.69,128.3,196,164,262,-788,995,259,37.4117743,-121.9948443
348674814,2,9,37.4125352,-121.9937805,37,12.56,130.4,196,164,262,-814,956,279,37.4117743,-121.9948443
348775201,2,9,37.4125279,-121.9937696,36,12.80,133.4,196,164,262,-879,930,300,37.4117743,-121.9948443
348875961,2,9,37.4125201,-121.9937593,36,12.68,136.4,196,164,262,-919,873,278,37.4117743,-121.9948443
348977063,2,9,37.4125119,-121.9937496,36,12.63,138.4,196,164,262,-945,838,253,37.4117743,-121.9948443
349078601,2,9,37.4125036,-121.9937403,35,12.41,140.2,196,163,262,-954,794,239,37.4117743,-121.9948443
349179132,2,9,37.4124948,-121.9937316,35,12.46,142.3,196,163,261,-986,762,211,37.4117743,-121.9948443
349279431,2,8,37.4124860,-121.9937232,35,12.41,144.8,235,163,262,-1015,714,232,37.4117743,-121.9948443
349379598,2,9,37.4124769,-121.9937152,35,12.37,146.5,196,163,262,-1031,682,258,37.4117743,-121.9948443
349480402,2,9,37.4124678,-121.9937076,34,12.25,148.0,196,163,262,-1039,647,282,37.4117743,-121.9948443
349561174,2,9,37.4124585,-121.9937002,34,12.21,148.6,196,162,262,-1042,636,314,37.4117743,-121.9948443
349661566,2,9,37.4124492,-121.9936932,34,12.17,150.1,196,162,262,-1056,606,341,37.4117743,-121.9948443
349761717,2,9,37.4124397,-121.9936865,33,12.22,152.3,196,162,262,-1082,567,351,37.4117743,-121.9948443
349863343,2,9,37.4124301,-121.9936803,33,12.23,154.1,196,162,262,-1101,532,345,37.4117743,-121.9948443
349870592,2,9,37.4124301,-121.9936803,33,12.23,154.1,196,162,262,-1101,532,345,37.4117743,-121.9948443
349964315,2,9,37.4124203,-121.9936746,32,12.37,156.6,196,162,261,-1135,491,345,37.4117743,-121.9948443
350064176,2,9,37.4124102,-121.9936692,32,12.39,158.8,196,161,261,-1155,446,345,37.4117743,-121.9948443
350164815,2,9,37.4123998,-121.9936646,32,12.39,161.1,196,161,261,-1172,401,357,37.4117743,-121.9948443
350265414,2,9,37.4123893,-121.9936603,31,12.38,163.2,196,161,260,-1186,357,369,37.4117743,-121.9948443
350366429,2,9,37.4123787,-121.9936565,31,12.47,165.2,196,161,260,-1206,317,380,37.4117743,-121.9948443
350466407,2,9,37.4123679,-121.9936532,30,12.43,167.7,196,161,260,-1215,263,387,37.4117743,-121.9948443
350566931,2,9,37.4123569,-121.9936506,30,12.48,170.0,196,160,259,-1230,214,378,37.4117743,-121.9948443
350667492,2,9,37.4123458,-121.9936485,30,12.53,172.1,196,160,259,-1241,172,369,37.4117743,-121.9948443
350768001,2,9,37.4123347,-121.9936469,29,12.62,174.6,196,160,259,-1256,116,350,37.4117743,-121.9948443
350868504,2,9,37.4123237,-121.9936457,29,12.65,176.0,196,160,259,-1262,87,375,37.4117743,-121.9948443
350968702,2,9,37.4123127,-121.9936448,28,12.55,177.6,196,160,258,-1253,51,383,37.4117743,-121.9948443
351069222,2,9,37.4123014,-121.9936447,28,12.60,181.4,196,159,258,-1259,-32,364,37.4117743,-121.9948443
351169908,2,9,37.4122900,-121.9936455,28,12.57,184.6,196,159,258,-1253,-101,358,37.4117743,-121.9948443
351270251,2,9,37.4122783,-121.9936468,27,13.05,185.7,196,159,258,-1299,-130,328,37.4117743,-121.9948443
351370908,2,9,37.4122668,-121.9936491,27,12.87,190.9,196,159,258,-1264,-245,325,37.4117743,-121.9948443
351472074,2,9,37.4122556,-121.9936525,27,12.88,195.2,196,159,257,-1243,-338,315,37.4117743,-121.9948443
351573486,2,9,37.4122446,-121.9936569,26,12.99,198.3,196,159,257,-1233,-408,314,37.4117743,-121.9948443
351674178,2,8,37.4122336,-121.9936620,26,13.09,201.8,234,159,258,-1215,-486,310,37.4117743,-121.9948443
351774711,2,8,37.4122229,-121.9936682,26,13.14,206.1,234,159,258,-1180,-578,313,37.4117743,-121.9948443
351875443,2,8,37.4122126,-121.9936753,25,13.11,209.4,234,159,259,-1141,-645,317,37.4117743,-121.9948443
351976603,2,8,37.4122026,-121.9936832,25,13.12,213.3,234,159,259,-1097,-720,315,37.4117743,-121.9948443
352034136,2,8,37.4122026,-121.9936832,25,13.12,213.3,234,159,259,-1097,-720,315,37.4117743,-121.9948443
352077047,2,8,37.4121932,-121.9936918,25,13.08,217.4,234,159,260,-1038,-796,312,37.4117743,-121.9948443
352178074,2,9,37.4121842,-121.9937012,24,12.94,220.6,196,159,261,-982,-843,306,37.4117743,-121.9948443
352258470,2,9,37.4121759,-121.9937114,24,12.97,224.4,196,159,261,-926,-907,325,37.4117743,-121.9948443
352358794,2,9,37.4121680,-121.9937223,24,13.06,228.2,196,159,262,-870,-974,347,37.4117743,-121.9948443
352459472,2,9,37.4121606,-121.9937338,23,13.10,231.2,196,160,263,-819,-1021,353,37.4117743,-121.9948443
352559532,2,9,37.4121535,-121.9937458,23,13.17,233.9,196,160,263,-774,-1065,362,37.4117743,-121.9948443
352660350,2,9,37.4121470,-121.9937581,22,13.12,236.0,196,160,263,-733,-1088,382,37.4117743,-121.9948443
352760516,2,9,37.4121406,-121.9937707,22,13.19,237.8,196,160,264,-701,-1117,400,37.4117743,-121.9948443
352861244,2,9,37.4121345,-121.9937837,22,13.40,239.4,196,160,264,-681,-1154,404,37.4117743,-121.9948443
352962343,2,9,37.4121284,-121.9937969,21,13.45,239.5,196,160,264,-682,-1159,414,37.4117743,-121.9948443
353063075,2,9,37.4121221,-121.9938102,21,13.75,239.4,196,160,264,-699,-1184,403,37.4117743,-121.9948443
353163253,2,9,37.4121155,-121.9938237,20,14.19,239.1,196,160,264,-727,-1218,361,37.4117743,-121.9948443
353263771,2,10,37.4121091,-121.9938372,20,14.23,238.7,178,160,264,-738,-1217,350,37.4117743,-121.9948443
353364407,2,10,37.4121025,-121.9938508,20,14.36,238.3,178,160,264,-754,-1222,318,37.4117743,-121.9948443
353464647,2,10,37.4120956,-121.9938645,19,14.68,237.6,178,160,264,-786,-1240,274,37.4117743,-121.9948443
353564961,2,10,37.4120886,-121.9938783,19,14.76,237.1,178,160,264,-801,-1239,257,37.4117743,-121.9948443
353666094,2,10,37.4120816,-121.9938920,19,14.73,237.6,178,159,264,-789,-1243,275,37.4117743,-121.9948443
353766997,2,10,37.4120748,-121.9939058,18,14.63,238.1,178,159,264,-772,-1243,307,37.4117743,-121.9948443
353867406,2,10,37.4120677,-121.9939194,18,14.34,237.1,178,159,264,-778,-1204,419,37.4117743,-121.9948443
353968162,2,10,37.4120608,-121.9939322,17,13.79,235.3,178,159,264,-783,-1135,513,37.4117743,-121.9948443
354068684,2,10,37.4120542,-121.9939450,17,13.78,237.3,178,159,264,-744,-1160,565,37.4117743,-121.9948443
354169794,2,10,37.4120478,-121.9939582,16,13.83,239.1,178,159,265,-709,-1187,581,37.4117743,-121.9948443
354190739,2,10,37.4120478,-121.9939582,16,13.83,239.1,178,159,265,-709,-1187,581,37.4117743,-121.9948443
354270532,2,10,37.4120415,-121.9939716,15,13.86,240.1,178,159,265,-690,-1202,604,37.4117743,-121.9948443
354370718,2,10,37.4120357,-121.9939854,15,14.07,242.9,178,159,265,-639,-1253,529,37.4117743,-121.9948443
354471005,2,10,37.4120303,-121.9940000,14,14.49,245.7,178,159,265,-594,-1321,420,37.4117743,-121.9948443
354572482,2,10,37.4120251,-121.9940150,14,14.53,247.1,178,159,265,-565,-1338,333,37.4117743,-121.9948443
354671972,2,10,37.4120203,-121.9940301,14,14.57,249.1,178,159,265,-519,-1361,262,37.4117743,-121.9948443
354772277,2,10,37.4120158,-121.9940451,14,14.31,248.9,178,159,265,-514,-1336,223,37.4117743,-121.9948443
354872852,2,10,37.4120117,-121.9940603,13,14.55,251.3,178,159,265,-464,-1379,162,37.4117743,-121.9948443
354972929,2,10,37.4120075,-121.9940754,13,14.18,250.5,178,159,265,-471,-1337,149,37.4117743,-121.9948443
355073478,2,10,37.4120033,-121.9940899,13,13.86,248.8,178,159,265,-500,-1292,139,37.4117743,-121.9948443
355174557,2,10,37.4119991,-121.9941042,13,13.85,249.2,178,159,265,-491,-1295,126,37.4117743,-121.9948443
355255031,2,10,37.4119948,-121.9941185,13,13.68,248.5,178,159,264,-500,-1274,106,37.4117743,-121.9948443
355376001,2,10,37.4119902,-121.9941328,13,13.53,246.9,178,158,263,-529,-1245,80,37.4117743,-121.9948443
355456077,2,10,37.4119852,-121.9941466,13,13.14,245.3,178,158,263,-548,-1194,39,37.4117743,-121.9948443
355556588,2,10,37.4119803,-121.9941604,13,13.37,245.9,178,158,262,-544,-1221,-1,37.4117743,-121.9948443
355656957,2,10,37.4119754,-121.9941738,13,13.13,245.4,178,157,261,-544,-1195,52,37.4117743,-121.9948443
355757162,2,10,37.4119707,-121.9941871,13,13.01,246.7,178,157,261,-513,-1195,97,37.4117743,-121.9948443
355857450,2,10,37.4119660,-121.9942002,12,12.87,246.3,178,157,260,-516,-1179,172,37.4117743,-121.9948443
355958231,2,10,37.4119614,-121.9942133,12,12.84,246.4,178,157,260,-513,-1177,213,37.4117743,-121.9948443
356058579,2,10,37.4119571,-121.9942264,12,12.59,248.3,178,157,260,-465,-1170,196,37.4117743,-121.9948443
356159175,2,10,37.4119530,-121.9942395,12,12.69,248.1,178,157,260,-473,-1178,216,37.4117743,-121.9948443
356260177,2,10,37.4119490,-121.9942528,12,12.67,249.3,178,157,259,-446,-1186,199,37.4117743,-121.9948443
356347433,2,10,37.4119490,-121.9942528,12,12.67,249.3,178,157,259,-446,-1186,199,37.4117743,-121.9948443
356360661,2,10,37.4119452,-121.9942661,11,12.61,250.2,178,157,259,-425,-1187,182,37.4117743,-121.9948443
356461458,2,10,37.4119416,-121.9942794,11,12.56,251.1,178,156,259,-405,-1189,181,37.4117743,-121.9948443
356561916,2,10,37.4119382,-121.9942928,11,12.60,252.5,178,156,259,-377,-1203,171,37.4117743,-121.9948443
356662807,2,10,37.4119352,-121.9943062,11,12.44,253.6,178,156,258,-349,-1194,169,37.4117743,-121.9948443
356763141,2,10,37.4119322,-121.9943194,11,12.28,253.8,178,156,258,-341,-1180,166,37.4117743,-121.9948443
356863532,2,10,37.4119293,-121.9943327,10,12.36,254.4,178,156,258,-331,-1191,152,37.4117743,-121.9948443
356964401,2,10,37.4119264,-121.9943460,10,12.30,254.6,178,156,257,-325,-1186,151,37.4117743,-121.9948443
357065322,2,10,37.4119237,-121.9943592,10,12.29,254.9,178,156,257,-319,-1187,179,37.4117743,-121.9948443
357165988,2,10,37.4119209,-121.9943724,10,12.17,255.1,178,156,257,-311,-1176,218,37.4117743,-121.9948443
357266983,2,10,37.4119184,-121.9943854,9,12.09,255.6,178,156,257,-299,-1171,266,37.4117743,-121.9948443
357367853,2,10,37.4119159,-121.9943984,9,11.99,255.6,178,156,256,-296,-1161,317,37.4117743,-121.9948443
357467592,2,10,37.4119133,-121.9944113,9,12.03,255.4,178,155,256,-302,-1164,358,37.4117743,-121.9948443
357568452,2,10,37.4119108,-121.9944244,8,12.00,255.3,178,155,256,-304,-1161,389,37.4117743,-121.9948443
357669657,2,10,37.4119083,-121.9944373,8,11.82,256.4,178,155,256,-277,-1149,395,37.4117743,-121.9948443
357770196,2,10,37.4119062,-121.9944504,8,11.84,259.4,178,155,256,-217,-1164,334,37.4117743,-121.9948443
357870578,2,10,37.4119044,-121.9944636,7,12.00,260.3,178,155,255,-201,-1183,280,37.4117743,-121.9948443
357971156,2,10,37.4119031,-121.9944769,7,12.02,262.2,178,155,255,-161,-1191,236,37.4117743,-121.9948443
358052441,2,10,37.4119020,-121.9944900,7,11.81,263.5,178,155,255,-133,-1173,252,37.4117743,-121.9948443
358173392,2,10,37.4119011,-121.9945032,7,11.77,264.7,178,155,255,-108,-1172,257,37.4117743,-121.9948443
358254175,2,10,37.4119005,-121.9945163,6,11.67,267.5,178,155,255,-50,-1165,253,37.4117743,-121.9948443
358354368,2,10,37.4119003,-121.9945293,6,11.52,268.5,178,155,254,-28,-1151,248,37.4117743,-121.9948443
358455062,2,10,37.4119003,-121.9945422,6,11.43,270.5,178,155,254,11,-1143,238,37.4117743,-121.9948443
358506877,2,10,37.4119003,-121.9945422,6,11.43,270.5,178,155,254,11,-1143,238,37.4117743,-121.9948443
358556704,2,10,37.4119006,-121.9945550,6,11.26,272.5,178,155,254,49,-1125,177,37.4117743,-121.9948443
358657553,2,10,37.4119014,-121.9945678,6,11.36,274.7,178,155,254,93,-1132,150,37.4117743,-121.9948443
358758492,2,10,37.4119024,-121.9945806,5,11.39,274.2,178,155,254,83,-1136,166,37.4117743,-121.9948443
358859990,2,10,37.4119033,-121.9945933,5,11.21,275.4,178,155,254,107,-1115,175,37.4117743,-121.9948443
358960105,2,10,37.4119046,-121.9946059,5,11.22,276.8,178,155,253,133,-1114,189,37.4117743,-121.9948443
359060606,2,10,37.4119061,-121.9946184,5,11.10,278.4,178,155,253,162,-1098,191,37.4117743,-121.9948443
359161061,2,10,37.4119079,-121.9946308,5,11.14,280.8,178,155,253,209,-1094,168,37.4117743,-121.9948443
359262449,2,10,37.4119101,-121.9946431,5,11.18,283.0,178,155,253,251,-1089,124,37.4117743,-121.9948443
359362759,2,10,37.4119127,-121.9946554,4,11.22,285.4,178,155,253,298,-1081,57,37.4117743,-121.9948443
359463410,2,10,37.4119158,-121.9946675,4,11.30,286.4,178,155,252,319,-1084,12,37.4117743,-121.9948443
359563969,2,10,37.4119192,-121.9946797,4,11.34,288.6,178,154,252,363,-1074,-14,37.4117743,-121.9948443
359664292,2,10,37.4119229,-121.9946915,4,11.29,291.7,178,154,252,418,-1048,-36,37.4117743,-121.9948443
359764776,2,10,37.4119270,-121.9947032,4,11.22,294.2,178,154,251,461,-1022,-29,37.4117743,-121.9948443
359865606,2,10,37.4119313,-121.9947147,4,11.31,296.5,178,154,249,505,-1012,-50,37.4117743,-121.9948443
359965723,2,10,37.4119362,-121.9947255,4,10.93,297.8,178,153,248,511,-966,-56,37.4117743,-121.9948443
360066721,2,10,37.4119413,-121.9947359,5,10.69,302.5,178,153,248,575,-901,-64,37.4117743,-121.9948443
360167471,2,10,37.4119468,-121.9947459,5,10.67,305.5,178,152,248,621,-868,-106,37.4117743,-121.9948443
360268048,2,10,37.4119524,-121.9947555,5,10.59,307.9,178,152,247,651,-835,-148,37.4117743,-121.9948443
360368270,2,10,37.4119584,-121.9947643,5,10.04,312.2,178,152,247,675,-743,-180,37.4117743,-121.9948443
360468660,2,10,37.4119645,-121.9947724,5,9.85,314.6,178,152,247,692,-700,-199,37.4117743,-121.9948443
360569272,2,10,37.4119712,-121.9947798,5,9.68,319.8,178,151,246,740,-624,-196,37.4117743,-121.9948443
360649395,2,10,37.4119777,-121.9947866,6,9.47,321.2,178,151,246,739,-593,-200,37.4117743,-121.9948443
360666670,2,10,37.4119777,-121.9947866,6,9.47,321.2,178,151,246,739,-593,-200,37.4117743,-121.9948443
360749984,2,10,37.4119845,-121.9947927,6,9.32,324.4,178,151,245,757,-542,-142,37.4117743,-121.9948443
360850759,2,10,37.4119913,-121.9947987,6,9.48,325.5,178,151,245,782,-536,-112,37.4117743,-121.9948443
360952145,2,10,37.4119981,-121.9948042,6,9.15,329.8,178,150,243,792,-459,-109,37.4117743,-121.9948443
361052723,2,10,37.4120053,-121.9948086,6,8.98,336.1,178,150,243,822,-363,-90,37.4117743,-121.9948443
361152844,2,10,37.4120130,-121.9948123,7,9.16,341.3,178,150,241,868,-292,-71,37.4117743,-121.9948443
361253357,2,10,37.4120207,-121.9948152,7,8.92,345.2,178,150,240,863,-226,-35,37.4117743,-121.9948443
361354092,2,10,37.4120286,-121.9948174,7,9.22,349.9,178,150,239,908,-161,-16,37.4117743,-121.9948443
361455015,2,10,37.4120365,-121.9948186,7,9.04,356.0,178,149,238,902,-62,15,37.4117743,-121.9948443
361555174,2,10,37.4120445,-121.9948189,7,9.12,0.5,178,149,237,912,8,27,37.4117743,-121.9948443
361655495,2,10,37.4120524,-121.9948181,7,9.04,6.9,178,149,236,898,108,12,37.4117743,-121.9948443
361755935,2,10,37.4120601,-121.9948164,7,9.02,12.6,178,149,235,880,198,3,37.4117743,-121.9948443
361856962,2,10,37.4120678,-121.9948138,7,9.05,16.6,178,148,234,867,259,11,37.4117743,-121.9948443
361956811,2,10,37.4120754,-121.9948102,7,9.26,22.0,178,148,234,858,347,-3,37.4117743,-121.9948443
362056940,2,10,37.4120829,-121.9948058,7,9.28,26.1,178,148,233,833,409,3,37.4117743,-121.9948443
362157365,2,10,37.4120901,-121.9948008,7,9.22,29.8,178,148,233,800,458,2,37.4117743,-121.9948443
362257770,2,10,37.4120969,-121.9947953,7,9.04,33.9,178,148,232,750,504,-33,37.4117743,-121.9948443
362358146,2,10,37.4121037,-121.9947895,7,9.31,33.2,178,148,232,778,510,-62,37.4117743,-121.9948443
362458939,2,10,37.4121102,-121.9947835,7,8.85,36.3,178,148,233,712,525,-132,37.4117743,-121.9948443
362559746,2,10,37.4121166,-121.9947771,7,9.08,38.5,178,148,233,710,566,-175,37.4117743,-121.9948443
362660980,2,10,37.4121228,-121.9947706,8,8.99,38.6,178,148,233,702,561,-162,37.4117743,-121.9948443
362761774,2,10,37.4121289,-121.9947641,8,8.90,39.2,178,148,233,689,563,-163,37.4117743,-121.9948443
362824651,2,10,37.4121289,-121.9947641,8,8.90,39.2,178,148,233,689,563,-163,37.4117743,-121.9948443
362861594,2,10,37.4121348,-121.9947577,8,8.70,40.2,178,148,233,665,562,-189,37.4117743,-121.9948443
362962097,2,10,37.4121406,-121.9947513,8,8.53,40.9,178,148,233,644,559,-221,37.4117743,-121.9948443
363062435,2,10,37.4121462,-121.9947448,9,8.49,42.4,178,148,233,627,572,-264,37.4117743,-121.9948443
363163078,2,10,37.4121519,-121.9947382,9,8.56,43.5,178,148,233,620,590,-286,37.4117743,-121.9948443
363263590,2,10,37.4121576,-121.9947312,9,8.75,45.3,178,147,233,615,622,-302,37.4117743,-121.9948443
363364485,2,10,37.4121631,-121.9947242,10,8.49,45.5,178,147,234,594,606,-307,37.4117743,-121.9948443
363465066,2,10,37.4121686,-121.9947172,10,8.57,46.0,178,147,234,595,617,-291,37.4117743,-121.9948443
363565824,2,10,37.4121739,-121.9947103,10,8.48,46.9,178,147,234,578,620,-265,37.4117743,-121.9948443
363665929,2,10,37.4121791,-121.9947032,10,8.45,48.7,178,147,234,558,635,-274,37.4117743,-121.9948443
363746409,2,10,37.4121840,-121.9946961,11,8.03,51.2,178,147,234,503,625,-278,37.4117743,-121.9948443
363847294,2,10,37.4121883,-121.9946891,11,7.80,53.1,178,147,234,467,625,-272,37.4117743,-121.9948443
363948069,2,10,37.4121923,-121.9946818,11,8.06,55.8,178,147,234,452,667,-255,37.4117743,-121.9948443
364049211,2,10,37.4121961,-121.9946741,11,8.02,59.1,178,147,234,411,689,-249,37.4117743,-121.9948443
364149791,2,10,37.4121997,-121.9946662,12,7.89,62.6,178,147,234,363,701,-235,37.4117743,-121.9948443
364250572,2,10,37.4122028,-121.9946583,12,7.89,64.2,178,147,234,342,711,-221,37.4117743,-121.9948443
364350922,2,10,37.4122056,-121.9946502,12,7.82,66.7,178,147,235,309,718,-197,37.4117743,-121.9948443
364451300,2,10,37.4122080,-121.9946419,12,7.93,71.9,178,147,235,245,754,-185,37.4117743,-121.9948443
364551387,2,10,37.4122100,-121.9946332,12,8.08,74.9,178,147,235,210,780,-156,37.4117743,-121.9948443
364652279,2,10,37.4122116,-121.9946243,13,8.08,79.3,178,147,235,148,794,-126,37.4117743,-121.9948443
364752818,2,10,37.4122128,-121.9946151,13,8.27,81.8,178,147,236,117,818,-96,37.4117743,-121.9948443
364853196,2,10,37.4122137,-121.9946059,13,8.22,83.5,178,147,236,92,816,-106,37.4117743,-121.9948443
364953304,2,10,37.4122145,-121.9945963,13,8.48,86.7,178,147,236,48,847,-118,37.4117743,-121.9948443
364972333,2,10,37.4122145,-121.9945963,13,8.48,86.7,178,147,236,48,847,-118,37.4117743,-121.9948443
365053700,2,10,37.4122150,-121.9945866,13,8.62,86.6,178,148,236,51,860,-136,37.4117743,-121.9948443
365154639,2,10,37.4122152,-121.9945767,13,8.86,88.8,178,148,236,18,886,-112,37.4117743,-121.9948443
365255080,2,10,37.4122151,-121.9945668,13,8.66,90.5,178,148,237,-7,866,-98,37.4117743,-121.9948443
365355784,2,10,37.4122149,-121.9945568,13,8.95,92.1,178,148,237,-34,894,-113,37.4117743,-121.9948443
365456270,2,10,37.4122143,-121.9945466,13,9.04,94.5,178,148,237,-71,901,-110,37.4117743,-121.9948443
365558253,2,10,37.4122137,-121.9945363,13,9.23,95.0,178,148,237,-81,920,-90,37.4117743,-121.9948443
365658669,2,10,37.4122129,-121.9945261,14,9.16,95.4,178,148,237,-87,912,-101,37.4117743,-121.9948443
365758763,2,10,37.4122120,-121.9945158,14,9.31,97.5,178,148,238,-122,923,-114,37.4117743,-121.9948443
365859260,2,10,37.4122108,-121.9945054,14,9.34,98.9,178,148,238,-144,923,-136,37.4117743,-121.9948443
365960016,2,10,37.4122094,-121.9944949,14,9.63,99.9,178,148,238,-165,949,-133,37.4117743,-121.9948443
366060361,2,10,37.4122077,-121.9944843,14,9.63,101.0,178,148,238,-184,945,-147,37.4117743,-121.9948443
366160841,2,10,37.4122058,-121.9944739,14,9.63,104.1,178,148,238,-234,934,-155,37.4117743,-121.9948443
366261629,2,10,37.4122037,-121.9944633,14,9.86,104.1,178,148,237,-241,956,-154,37.4117743,-121.9948443
366362595,2,10,37.4122016,-121.9944527,15,9.69,105.3,178,148,237,-257,934,-152,37.4117743,-121.9948443
366462999,2,10,37.4121996,-121.9944420,15,9.74,103.8,178,148,237,-233,946,-141,37.4117743,-121.9948443
366543259,2,10,37.4121975,-121.9944315,15,9.53,105.3,178,148,237,-252,919,-151,37.4117743,-121.9948443
366644010,2,10,37.4121958,-121.9944211,15,9.36,103.0,178,148,237,-211,911,-142,37.4117743,-121.9948443
366744387,2,10,37.4121935,-121.9944110,15,9.23,107.9,178,148,237,-284,879,-171,37.4117743,-121.9948443
366844528,2,10,37.4121909,-121.9944011,15,9.22,108.3,178,148,237,-290,875,-157,37.4117743,-121.9948443
366944920,2,10,37.4121882,-121.9943913,15,9.19,110.8,178,147,237,-327,858,-140,37.4117743,-121.9948443
367045751,2,10,37.4121853,-121.9943816,16,9.19,110.6,178,147,237,-325,860,-107,37.4117743,-121.9948443
367115089,2,10,37.4121853,-121.9943816,16,9.19,110.6,178,147,237,-325,860,-107,37.4117743,-121.9948443
367146158,2,10,37.4121822,-121.9943720,16,9.22,112.3,178,147,237,-351,852,-107,37.4117743,-121.9948443
367246740,2,10,37.4121794,-121.9943624,16,8.97,111.5,178,147,237,-329,834,-95,37.4117743,-121.9948443
367347464,2,10,37.4121767,-121.9943530,16,8.75,110.1,178,147,237,-302,821,-84,37.4117743,-121.9948443
367448069,2,10,37.4121739,-121.9943437,16,8.83,112.2,178,147,237,-333,817,-93,37.4117743,-121.9948443
367548834,2,10,37.4121709,-121.9943345,16,8.73,112.7,178,147,237,-337,805,-79,37.4117743,-121.9948443
367649300,2,10,37.4121679,-121.9943252,16,8.82,113.0,178,147,237,-345,812,-69,37.4117743,-121.9948443
367750318,2,10,37.4121646,-121.9943161,16,8.80,116.1,178,147,237,-388,790,-75,37.4117743,-121.9948443
367851032,2,10,37.4121614,-121.9943072,16,8.56,115.0,178,147,237,-363,775,-47,37.4117743,-121.9948443
367951624,2,10,37.4121581,-121.9942983,16,8.71,115.5,178,147,237,-375,786,-21,37.4117743,-121.9948443
368051988,2,10,37.4121547,-121.9942893,16,8.89,116.6,178,147,237,-398,794,-29,37.4117743,-121.9948443
368152323,2,10,37.4121509,-121.9942806,16,8.71,120.4,178,147,237,-441,751,-11,37.4117743,-121.9948443
368252952,2,10,37.4121466,-121.9942720,16,9.07,122.1,178,147,237,-483,767,7,37.4117743,-121.9948443
368354430,2,10,37.4121421,-121.9942632,16,9.30,123.0,178,147,237,-507,779,70,37.4117743,-121.9948443
368454868,2,10,37.4121371,-121.9942547,16,9.35,126.5,178,147,238,-557,751,117,37.4117743,-121.9948443
368555533,2,10,37.4121317,-121.9942461,16,9.64,127.5,178,147,238,-588,764,170,37.4117743,-121.9948443
368655800,2,10,37.4121261,-121.9942377,16,9.72,132.1,178,147,238,-652,720,181,37.4117743,-121.9948443
368756583,2,10,37.4121196,-121.9942298,16,10.16,137.4,178,147,238,-749,687,177,37.4117743,-121.9948443
368856878,2,10,37.4121125,-121.9942224,16,10.37,141.8,178,147,239,-815,641,176,37.4117743,-121.9948443
368957192,2,10,37.4121048,-121.9942154,15,10.71,145.6,178,147,239,-885,603,180,37.4117743,-121.9948443
369057807,2,10,37.4120965,-121.9942089,15,10.69,148.3,178,147,239,-910,561,179,37.4117743,-121.9948443
369158393,2,10,37.4120878,-121.9942032,15,11.01,153.8,178,147,239,-988,484,184,37.4117743,-121.9948443
369258999,2,10,37.4120786,-121.9941982,15,11.22,157.0,178,147,239,-1033,437,172,37.4117743,-121.9948443
369263254,2,10,37.4120786,-121.9941982,15,11.22,157.0,178,147,239,-1033,437,172,37.4117743,-121.9948443
369359923,2,10,37.4120690,-121.9941938,15,11.49,161.5,178,147,240,-1090,363,156,37.4117743,-121.9948443
369441014,2,10,37.4120590,-121.9941901,15,11.60,164.3,178,147,240,-1117,313,140,37.4117743,-121.9948443
369542435,2,10,37.4120488,-121.9941872,14,11.67,168.8,178,147,240,-1144,226,152,37.4117743,-121.9948443
369643153,2,10,37.4120385,-121.9941852,14,11.91,172.4,178,147,240,-1181,155,197,37.4117743,-121.9948443
369744002,2,10,37.4120285,-121.9941834,14,11.76,173.3,178,147,240,-1168,136,209,37.4117743,-121.9948443
369843866,2,10,37.4120179,-121.9941827,13,11.90,177.9,178,147,240,-1189,42,218,37.4117743,-121.9948443
369944165,2,10,37.4120073,-121.9941828,13,11.80,180.7,178,147,241,-1180,-14,246,37.4117743,-121.9948443
370044736,2,10,37.4119966,-121.9941834,13,11.92,183.0,178,147,241,-1190,-63,262,37.4117743,-121.9948443
370145743,2,10,37.4119859,-121.9941850,12,12.09,187.1,178,147,241,-1199,-151,247,37.4117743,-121.9948443
370247376,2,10,37.4119753,-121.9941873,12,12.08,190.1,178,147,242,-1189,-213,235,37.4117743,-121.9948443
370347580,2,10,37.4119647,-121.9941901,12,12.08,192.7,178,147,242,-1178,-266,248,37.4117743,-121.9948443
370449105,2,10,37.4119543,-121.9941936,12,12.09,195.8,178,148,242,-1163,-331,246,37.4117743,-121.9948443
370549384,2,10,37.4119439,-121.9941977,11,12.09,198.1,178,148,242,-1149,-375,259,37.4117743,-121.9948443
370649852,2,10,37.4119336,-121.9942024,11,12.22,201.0,178,148,242,-1140,-439,264,37.4117743,-121.9948443
370750067,2,10,37.4119233,-121.9942079,11,12.40,203.0,178,148,243,-1141,-486,277,37.4117743,-121.9948443
370850248,2,10,37.4119130,-121.9942142,10,12.59,206.4,178,148,243,-1127,-560,276,37.4117743,-121.9948443
370950729,2,10,37.4119029,-121.9942207,10,12.58,207.8,178,148,243,-1112,-587,270,37.4117743,-121.9948443
371051481,2,10,37.4118930,-121.9942276,10,12.56,209.4,178,148,243,-1093,-618,247,37.4117743,-121.9948443
371151951,2,10,37.4118833,-121.9942350,10,12.74,211.2,178,148,243,-1090,-660,228,37.4117743,-121.9948443
371253099,2,10,37.4118737,-121.9942427,9,12.68,213.1,178,148,242,-1062,-693,227,37.4117743,-121.9948443
371353797,2,10,37.4118642,-121.9942508,9,12.67,214.7,178,148,242,-1041,-722,207,37.4117743,-121.9948443
371417025,2,10,37.4118642,-121.9942508,9,12.67,214.7,178,148,242,-1041,-722,207,37.4117743,-121.9948443
371454161,2,10,37.4118551,-121.9942591,9,12.63,217.0,178,148,242,-1008,-761,186,37.4117743,-121.9948443
371554732,2,10,37.4118461,-121.9942678,9,12.81,218.5,178,148,242,-1003,-798,167,37.4117743,-121.9948443
371655286,2,10,37.4118373,-121.9942767,9,12.57,219.7,178,148,242,-966,-803,156,37.4117743,-121.9948443
371755783,2,10,37.4118288,-121.9942858,8,12.57,221.0,178,148,242,-948,-826,146,37.4117743,-121.9948443
371856679,2,10,37.4118204,-121.9942951,8,12.47,222.2,178,148,242,-924,-838,180,37.4117743,-121.9948443
371957230,2,10,37.4118123,-121.9943047,8,12.42,223.8,178,148,241,-896,-860,211,37.4117743,-121.9948443
372037548,2,10,37.4118049,-121.9943143,8,12.06,226.2,178,148,241,-834,-871,224,37.4117743,-121.9948443
372138040,2,10,37.4117980,-121.9943237,7,11.56,227.2,178,148,241,-785,-848,293,37.4117743,-121.9948443
372238917,2,10,37.4117916,-121.9943332,7,11.28,230.0,178,148,242,-725,-864,351,37.4117743,-121.9948443
372338776,2,10,37.4117856,-121.9943434,6,11.54,235.0,178,149,242,-661,-945,383,37.4117743,-121.9948443
372438857,2,10,37.4117805,-121.9943544,6,11.56,241.1,178,149,243,-558,-1012,376,37.4117743,-121.9948443
372539578,2,10,37.4117764,-121.9943662,6,11.67,247.8,178,149,243,-439,-1081,365,37.4117743,-121.9948443
372640054,2,10,37.4117731,-121.9943787,5,11.78,251.9,178,150,243,-366,-1120,372,37.4117743,-121.9948443
372740353,2,10,37.4117706,-121.9943914,5,11.76,256.9,178,150,244,-265,-1146,343,37.4117743,-121.9948443
372840772,2,10,37.4117690,-121.9944043,5,11.75,261.0,178,151,244,-182,-1161,322,37.4117743,-121.9948443
372942317,2,10,37.4117682,-121.9944172,4,11.58,265.4,178,151,244,-92,-1155,320,37.4117743,-121.9948443
373042750,2,10,37.4117680,-121.9944300,4,11.50,268.7,178,151,245,-24,-1150,285,37.4117743,-121.9948443
373143366,2,10,37.4117687,-121.9944421,4,11.09,272.9,178,152,245,57,-1108,264,37.4117743,-121.9948443
373244118,2,10,37.4117701,-121.9944540,3,11.06,277.9,178,152,244,152,-1095,240,37.4117743,-121.9948443
373345369,2,10,37.4117724,-121.9944659,3,11.01,283.2,178,152,244,252,-1072,218,37.4117743,-121.9948443
373446224,2,10,37.4117750,-121.9944773,3,10.66,284.3,178,152,244,264,-1033,209,37.4117743,-121.9948443
373546450,2,10,37.4117777,-121.9944887,3,10.81,284.9,178,152,244,279,-1044,217,37.4117743,-121.9948443
373579775,2,10,37.4117777,-121.9944887,3,10.81,284.9,178,152,244,279,-1044,217,37.4117743,-121.9948443
373646629,2,10,37.4117805,-121.9945000,2,10.60,284.5,178,152,244,266,-1026,247,37.4117743,-121.9948443
373746963,2,10,37.4117834,-121.9945110,2,10.48,287.0,178,152,243,306,-1003,263,37.4117743,-121.9948443
373847749,2,10,37.4117865,-121.9945219,2,10.32,288.3,178,152,243,325,-979,238,37.4117743,-121.9948443
373949007,2,10,37.4117894,-121.9945328,1,10.25,286.9,178,152,243,299,-980,235,37.4117743,-121.9948443
374049728,2,10,37.4117922,-121.9945439,1,10.33,286.3,178,152,243,290,-991,232,37.4117743,-121.9948443
374150022,2,10,37.4117947,-121.9945549,1,10.18,284.8,178,152,243,260,-984,194,37.4117743,-121.9948443
374251023,2,10,37.4117969,-121.9945662,1,10.30,283.2,178,152,243,236,-1002,160,37.4117743,-121.9948443
374351655,2,10,37.4117991,-121.9945771,0,10.05,282.4,178,152,243,217,-981,180,37.4117743,-121.9948443
374452178,2,10,37.4118011,-121.9945881,0,10.02,281.1,178,152,243,194,-983,193,37.4117743,-121.9948443
374553168,2,10,37.4118029,-121.9945990,0,9.90,280.1,178,152,243,175,-974,175,37.4117743,-121.9948443
374634366,2,10,37.4118044,-121.9946102,0,10.21,279.0,178,152,243,161,-1008,137,37.4117743,-121.9948443
374734519,2,10,37.4118059,-121.9946213,0,10.04,278.2,178,152,243,143,-994,168,37.4117743,-121.9948443
374834863,2,10,37.4118076,-121.9946321,0,9.87,279.4,178,152,243,161,-974,257,37.4117743,-121.9948443
374935681,2,10,37.4118085,-121.9946419,0,8.25,276.0,178,152,243,86,-820,123,37.4117743,-121.9948443
375036224,2,10,37.4118089,-121.9946508,0,7.52,275.0,178,152,243,48,-751,-27,37.4117743,-121.9948443
375137670,2,10,37.4118098,-121.9946578,0,5.98,275.4,178,152,244,63,-594,-36,37.4117743,-121.9948443
375237986,2,10,37.4118105,-121.9946631,0,4.50,274.9,178,153,244,30,-449,-11,37.4117743,-121.9948443
375338807,2,10,37.4118112,-121.9946672,-1,3.62,274.4,178,153,244,23,-361,18,37.4117743,-121.9948443
375440032,2,10,37.4118114,-121.9946694,-1,1.76,273.5,178,153,245,0,-176,40,37.4117743,-121.9948443
375540372,2,10,37.4118113,-121.9946704,-1,0.79,269.7,178,153,245,-19,-77,32,37.4117743,-121.9948443
375640787,2,10,37.4118112,-121.9946707,-1,0.49,269.7,178,153,245,-24,-43,53,37.4117743,-121.9948443
375721801,2,10,37.4118112,-121.9946707,-1,0.49,269.7,178,153,245,-24,-43,53,37.4117743,-121.9948443
375741456,2,10,37.4118112,-121.9946706,-1,0.04,269.7,178,153,246,-4,0,35,37.4117743,-121.9948443
375841716,2,10,37.4118113,-121.9946704,-1,0.09,269.7,178,153,246,-4,-7,41,37.4117743,-121.9948443
