<?xml version="1.0" encoding="UTF-8"?>
<gpx creator="blackbox_decode v8.0.0 INAV c4f2026" version="1.1" xmlns="http://www.topografix.com/GPX/1/1" xmlns:xsi="http://www.w3.org/2001/XMLSchema-instance" xsi:schemaLocation="http://www.topografix.com/GPX/1/1 http://www.topografix.com/GPX/1/1/gpx.xsd">
<metadata><name>Blackbox flight log</name>
 <link href="https://github.com/iNavFlight/blackbox-tools">
 <text>INAV Blackbox Tools</text>
 </link>
</metadata>
<trk><name>Blackbox flight log</name><trkseg>
  <trkpt lat="37.4117016" lon="-121.9948173"><ele>2</ele><time>2026-09-06T17:01:26.637574Z</time></trkpt>
  <trkpt lat="37.4117016" lon="-121.9948173"><ele>2</ele><time>2026-09-06T17:01:26.645447Z</time></trkpt>
  <trkpt lat="37.4117017" lon="-121.9948171"><ele>2</ele><time>2026-09-06T17:01:26.717516Z</time></trkpt>
  <trkpt lat="37.4117019" lon="-121.9948169"><ele>2</ele><time>2026-09-06T17:01:26.818091Z</time></trkpt>
  <trkpt lat="37.4117020" lon="-121.9948167"><ele>2</ele><time>2026-09-06T17:01:26.918516Z</time></trkpt>
  <trkpt lat="37.4117021" lon="-121.9948165"><ele>2</ele><time>2026-09-06T17:01:27.019093Z</time></trkpt>
  <trkpt lat="37.4117022" lon="-121.9948163"><ele>2</ele><time>2026-09-06T17:01:27.119356Z</time></trkpt>
  <trkpt lat="37.4117024" lon="-121.9948160"><ele>2</ele><time>2026-09-06T17:01:27.220456Z</time></trkpt>
  <trkpt lat="37.4117024" lon="-121.9948158"><ele>2</ele><time>2026-09-06T17:01:27.321513Z</time></trkpt>
  <trkpt lat="37.4117025" lon="-121.9948157"><ele>2</ele><time>2026-09-06T17:01:27.421789Z</time></trkpt>
  <trkpt lat="37.4117026" lon="-121.9948155"><ele>2</ele><time>2026-09-06T17:01:27.523110Z</time></trkpt>
  <trkpt lat="37.4117029" lon="-121.9948154"><ele>2</ele><time>2026-09-06T17:01:27.623579Z</time></trkpt>
  <trkpt lat="37.4117031" lon="-121.9948153"><ele>2</ele><time>2026-09-06T17:01:27.724064Z</time></trkpt>
  <trkpt lat="37.4117033" lon="-121.9948152"><ele>2</ele><time>2026-09-06T17:01:27.824942Z</time></trkpt>
  <trkpt lat="37.4117033" lon="-121.9948147"><ele>2</ele><time>2026-09-06T17:01:27.925634Z</time></trkpt>
  <trkpt lat="37.4117033" lon="-121.9948146"><ele>2</ele><time>2026-09-06T17:01:28.026143Z</time></trkpt>
  <trkpt lat="37.4117035" lon="-121.9948146"><ele>2</ele><time>2026-09-06T17:01:28.126730Z</time></trkpt>
  <trkpt lat="37.4117037" lon="-121.9948144"><ele>2</ele><time>2026-09-06T17:01:28.228097Z</time></trkpt>
  <trkpt lat="37.4117038" lon="-121.9948142"><ele>2</ele><time>2026-09-06T17:01:28.328524Z</time></trkpt>
  <trkpt lat="37.4117038" lon="-121.9948139"><ele>2</ele><time>2026-09-06T17:01:28.529418Z</time></trkpt>
  <trkpt lat="37.4117040" lon="-121.9948138"><ele>3</ele><time>2026-09-06T17:01:28.730437Z</time></trkpt>
  <trkpt lat="37.4117040" lon="-121.9948138"><ele>3</ele><time>2026-09-06T17:01:28.781704Z</time></trkpt>
  <trkpt lat="37.4117040" lon="-121.9948136"><ele>3</ele><time>2026-09-06T17:01:28.811343Z</time></trkpt>
  <trkpt lat="37.4117041" lon="-121.9948134"><ele>3</ele><time>2026-09-06T17:01:28.911749Z</time></trkpt>
  <trkpt lat="37.4117042" lon="-121.9948133"><ele>3</ele><time>2026-09-06T17:01:29.012496Z</time></trkpt>
  <trkpt lat="37.4117041" lon="-121.9948132"><ele>3</ele><time>2026-09-06T17:01:29.113177Z</time></trkpt>
  <trkpt lat="37.4117042" lon="-121.9948131"><ele>3</ele><time>2026-09-06T17:01:29.213883Z</time></trkpt>
  <trkpt lat="37.4117044" lon="-121.9948131"><ele>3</ele><time>2026-09-06T17:01:29.314850Z</time></trkpt>
  <trkpt lat="37.4117045" lon="-121.9948131"><ele>3</ele><time>2026-09-06T17:01:29.415296Z</time></trkpt>
  <trkpt lat="37.4117045" lon="-121.9948130"><ele>3</ele><time>2026-09-06T17:01:29.515925Z</time></trkpt>
  <trkpt lat="37.4117043" lon="-121.9948128"><ele>3</ele><time>2026-09-06T17:01:29.818871Z</time></trkpt>
  <trkpt lat="37.4117041" lon="-121.9948126"><ele>3</ele><time>2026-09-06T17:01:29.919549Z</time></trkpt>
  <trkpt lat="37.4117040" lon="-121.9948125"><ele>3</ele><time>2026-09-06T17:01:30.020179Z</time></trkpt>
  <trkpt lat="37.4117041" lon="-121.9948126"><ele>3</ele><time>2026-09-06T17:01:30.121308Z</time></trkpt>
  <trkpt lat="37.4117042" lon="-121.9948128"><ele>3</ele><time>2026-09-06T17:01:30.222085Z</time></trkpt>
  <trkpt lat="37.4117041" lon="-121.9948126"><ele>3</ele><time>2026-09-06T17:01:30.322886Z</time></trkpt>
  <trkpt lat="37.4117041" lon="-121.9948125"><ele>3</ele><time>2026-09-06T17:01:30.423966Z</time></trkpt>
  <trkpt lat="37.4117040" lon="-121.9948123"><ele>3</ele><time>2026-09-06T17:01:30.524475Z</time></trkpt>
  <trkpt lat="37.4117039" lon="-121.9948120"><ele>3</ele><time>2026-09-06T17:01:30.827478Z</time></trkpt>
  <trkpt lat="37.4117039" lon="-121.9948120"><ele>3</ele><time>2026-09-06T17:01:30.900682Z</time></trkpt>
  <trkpt lat="37.4117038" lon="-121.9948116"><ele>3</ele><time>2026-09-06T17:01:30.908003Z</time></trkpt>
  <trkpt lat="37.4117035" lon="-121.9948112"><ele>3</ele><time>2026-09-06T17:01:31.009441Z</time></trkpt>
  <trkpt lat="37.4117032" lon="-121.9948110"><ele>3</ele><time>2026-09-06T17:01:31.110312Z</time></trkpt>
  <trkpt lat="37.4117027" lon="-121.9948107"><ele>3</ele><time>2026-09-06T17:01:31.211093Z</time></trkpt>
  <trkpt lat="37.4117022" lon="-121.9948103"><ele>3</ele><time>2026-09-06T17:01:31.311888Z</time></trkpt>
  <trkpt lat="37.4117018" lon="-121.9948100"><ele>3</ele><time>2026-09-06T17:01:31.412042Z</time></trkpt>
  <trkpt lat="37.4117013" lon="-121.9948096"><ele>3</ele><time>2026-09-06T17:01:31.512701Z</time></trkpt>
  <trkpt lat="37.4117009" lon="-121.9948091"><ele>3</ele><time>2026-09-06T17:01:31.613001Z</time></trkpt>
  <trkpt lat="37.4117006" lon="-121.9948087"><ele>3</ele><time>2026-09-06T17:01:31.713421Z</time></trkpt>
  <trkpt lat="37.4117009" lon="-121.9948081"><ele>3</ele><time>2026-09-06T17:01:31.814641Z</time></trkpt>
  <trkpt lat="37.4117020" lon="-121.9948082"><ele>3</ele><time>2026-09-06T17:01:31.915508Z</time></trkpt>
  <trkpt lat="37.4117038" lon="-121.9948080"><ele>3</ele><time>2026-09-06T17:01:32.015954Z</time></trkpt>
  <trkpt lat="37.4117069" lon="-121.9948079"><ele>3</ele><time>2026-09-06T17:01:32.116670Z</time></trkpt>
  <trkpt lat="37.4117120" lon="-121.9948074"><ele>3</ele><time>2026-09-06T17:01:32.218036Z</time></trkpt>
  <trkpt lat="37.4117173" lon="-121.9948070"><ele>3</ele><time>2026-09-06T17:01:32.318724Z</time></trkpt>
  <trkpt lat="37.4117237" lon="-121.9948060"><ele>3</ele><time>2026-09-06T17:01:32.419035Z</time></trkpt>
  <trkpt lat="37.4117304" lon="-121.9948043"><ele>4</ele><time>2026-09-06T17:01:32.519607Z</time></trkpt>
  <trkpt lat="37.4117370" lon="-121.9948011"><ele>4</ele><time>2026-09-06T17:01:32.619990Z</time></trkpt>
  <trkpt lat="37.4117432" lon="-121.9947968"><ele>4</ele><time>2026-09-06T17:01:32.721136Z</time></trkpt>
  <trkpt lat="37.4117492" lon="-121.9947916"><ele>5</ele><time>2026-09-06T17:01:32.821229Z</time></trkpt>
  <trkpt lat="37.4117551" lon="-121.9947850"><ele>5</ele><time>2026-09-06T17:01:32.921998Z</time></trkpt>
  <trkpt lat="37.4117609" lon="-121.9947778"><ele>5</ele><time>2026-09-06T17:01:33.022602Z</time></trkpt>
  <trkpt lat="37.4117609" lon="-121.9947778"><ele>5</ele><time>2026-09-06T17:01:33.030428Z</time></trkpt>
  <trkpt lat="37.4117668" lon="-121.9947709"><ele>6</ele><time>2026-09-06T17:01:33.122132Z</time></trkpt>
  <trkpt lat="37.4117729" lon="-121.9947641"><ele>7</ele><time>2026-09-06T17:01:33.222316Z</time></trkpt>
  <trkpt lat="37.4117795" lon="-121.9947570"><ele>7</ele><time>2026-09-06T17:01:33.322619Z</time></trkpt>
  <trkpt lat="37.4117860" lon="-121.9947493"><ele>8</ele><time>2026-09-06T17:01:33.423640Z</time></trkpt>
  <trkpt lat="37.4117924" lon="-121.9947418"><ele>8</ele><time>2026-09-06T17:01:33.504255Z</time></trkpt>
  <trkpt lat="37.4117985" lon="-121.9947342"><ele>9</ele><time>2026-09-06T17:01:33.625170Z</time></trkpt>
  <trkpt lat="37.4118045" lon="-121.9947264"><ele>10</ele><time>2026-09-06T17:01:33.705788Z</time></trkpt>
  <trkpt lat="37.4118106" lon="-121.9947186"><ele>11</ele><time>2026-09-06T17:01:33.806778Z</time></trkpt>
  <trkpt lat="37.4118168" lon="-121.9947105"><ele>11</ele><time>2026-09-06T17:01:33.907082Z</time></trkpt>
  <trkpt lat="37.4118229" lon="-121.9947022"><ele>12</ele><time>2026-09-06T17:01:34.007875Z</time></trkpt>
  <trkpt lat="37.4118289" lon="-121.9946937"><ele>13</ele><time>2026-09-06T17:01:34.108518Z</time></trkpt>
  <trkpt lat="37.4118351" lon="-121.9946858"><ele>14</ele><time>2026-09-06T17:01:34.208935Z</time></trkpt>
  <trkpt lat="37.4118412" lon="-121.9946786"><ele>15</ele><time>2026-09-06T17:01:34.309366Z</time></trkpt>
  <trkpt lat="37.4118474" lon="-121.9946721"><ele>16</ele><time>2026-09-06T17:01:34.409992Z</time></trkpt>
  <trkpt lat="37.4118536" lon="-121.9946660"><ele>17</ele><time>2026-09-06T17:01:34.510726Z</time></trkpt>
  <trkpt lat="37.4118600" lon="-121.9946609"><ele>18</ele><time>2026-09-06T17:01:34.611244Z</time></trkpt>
  <trkpt lat="37.4118666" lon="-121.9946567"><ele>19</ele><time>2026-09-06T17:01:34.711739Z</time></trkpt>
  <trkpt lat="37.4118734" lon="-121.9946530"><ele>20</ele><time>2026-09-06T17:01:34.812426Z</time></trkpt>
  <trkpt lat="37.4118804" lon="-121.9946492"><ele>21</ele><time>2026-09-06T17:01:34.913059Z</time></trkpt>
  <trkpt lat="37.4118874" lon="-121.9946451"><ele>22</ele><time>2026-09-06T17:01:35.014182Z</time></trkpt>
  <trkpt lat="37.4118947" lon="-121.9946409"><ele>23</ele><time>2026-09-06T17:01:35.115865Z</time></trkpt>
  <trkpt lat="37.4118947" lon="-121.9946409"><ele>23</ele><time>2026-09-06T17:01:35.184222Z</time></trkpt>
  <trkpt lat="37.4119023" lon="-121.9946362"><ele>24</ele><time>2026-09-06T17:01:35.217204Z</time></trkpt>
  <trkpt lat="37.4119102" lon="-121.9946309"><ele>25</ele><time>2026-09-06T17:01:35.317894Z</time></trkpt>
  <trkpt lat="37.4119186" lon="-121.9946252"><ele>26</ele><time>2026-09-06T17:01:35.418540Z</time></trkpt>
  <trkpt lat="37.4119272" lon="-121.9946195"><ele>26</ele><time>2026-09-06T17:01:35.519226Z</time></trkpt>
  <trkpt lat="37.4119355" lon="-121.9946144"><ele>27</ele><time>2026-09-06T17:01:35.619860Z</time></trkpt>
  <trkpt lat="37.4119435" lon="-121.9946103"><ele>28</ele><time>2026-09-06T17:01:35.720329Z</time></trkpt>
  <trkpt lat="37.4119509" lon="-121.9946077"><ele>29</ele><time>2026-09-06T17:01:35.820732Z</time></trkpt>
  <trkpt lat="37.4119580" lon="-121.9946070"><ele>30</ele><time>2026-09-06T17:01:35.920982Z</time></trkpt>
  <trkpt lat="37.4119645" lon="-121.9946095"><ele>31</ele><time>2026-09-06T17:01:36.021550Z</time></trkpt>
  <trkpt lat="37.4119715" lon="-121.9946134"><ele>32</ele><time>2026-09-06T17:01:36.122155Z</time></trkpt>
  <trkpt lat="37.4119789" lon="-121.9946189"><ele>33</ele><time>2026-09-06T17:01:36.222463Z</time></trkpt>
  <trkpt lat="37.4119874" lon="-121.9946253"><ele>33</ele><time>2026-09-06T17:01:36.303182Z</time></trkpt>
  <trkpt lat="37.4119967" lon="-121.9946324"><ele>34</ele><time>2026-09-06T17:01:36.404322Z</time></trkpt>
  <trkpt lat="37.4120050" lon="-121.9946393"><ele>35</ele><time>2026-09-06T17:01:36.504944Z</time></trkpt>
  <trkpt lat="37.4120129" lon="-121.9946460"><ele>35</ele><time>2026-09-06T17:01:36.605463Z</time></trkpt>
  <trkpt lat="37.4120205" lon="-121.9946530"><ele>36</ele><time>2026-09-06T17:01:36.706180Z</time></trkpt>
  <trkpt lat="37.4120279" lon="-121.9946597"><ele>37</ele><time>2026-09-06T17:01:36.806923Z</time></trkpt>
  <trkpt lat="37.4120355" lon="-121.9946666"><ele>38</ele><time>2026-09-06T17:01:36.908125Z</time></trkpt>
  <trkpt lat="37.4120433" lon="-121.9946732"><ele>38</ele><time>2026-09-06T17:01:37.008438Z</time></trkpt>
  <trkpt lat="37.4120517" lon="-121.9946797"><ele>39</ele><time>2026-09-06T17:01:37.108719Z</time></trkpt>
  <trkpt lat="37.4120607" lon="-121.9946863"><ele>40</ele><time>2026-09-06T17:01:37.209301Z</time></trkpt>
  <trkpt lat="37.4120701" lon="-121.9946932"><ele>40</ele><time>2026-09-06T17:01:37.310183Z</time></trkpt>
  <trkpt lat="37.4120701" lon="-121.9946932"><ele>40</ele><time>2026-09-06T17:01:37.340610Z</time></trkpt>
  <trkpt lat="37.4120799" lon="-121.9947008"><ele>41</ele><time>2026-09-06T17:01:37.410710Z</time></trkpt>
  <trkpt lat="37.4120900" lon="-121.9947081"><ele>41</ele><time>2026-09-06T17:01:37.511302Z</time></trkpt>
  <trkpt lat="37.4121005" lon="-121.9947150"><ele>41</ele><time>2026-09-06T17:01:37.611440Z</time></trkpt>
  <trkpt lat="37.4121114" lon="-121.9947218"><ele>42</ele><time>2026-09-06T17:01:37.711908Z</time></trkpt>
  <trkpt lat="37.4121228" lon="-121.9947280"><ele>42</ele><time>2026-09-06T17:01:37.813022Z</time></trkpt>
  <trkpt lat="37.4121344" lon="-121.9947338"><ele>42</ele><time>2026-09-06T17:01:37.914115Z</time></trkpt>
  <trkpt lat="37.4121458" lon="-121.9947398"><ele>43</ele><time>2026-09-06T17:01:38.014335Z</time></trkpt>
  <trkpt lat="37.4121576" lon="-121.9947457"><ele>43</ele><time>2026-09-06T17:01:38.115154Z</time></trkpt>
  <trkpt lat="37.4121695" lon="-121.9947516"><ele>44</ele><time>2026-09-06T17:01:38.215628Z</time></trkpt>
  <trkpt lat="37.4121817" lon="-121.9947573"><ele>44</ele><time>2026-09-06T17:01:38.316105Z</time></trkpt>
  <trkpt lat="37.4121939" lon="-121.9947631"><ele>44</ele><time>2026-09-06T17:01:38.416654Z</time></trkpt>
  <trkpt lat="37.4122062" lon="-121.9947690"><ele>45</ele><time>2026-09-06T17:01:38.518164Z</time></trkpt>
  <trkpt lat="37.4122189" lon="-121.9947748"><ele>45</ele><time>2026-09-06T17:01:38.618352Z</time></trkpt>
  <trkpt lat="37.4122320" lon="-121.9947808"><ele>45</ele><time>2026-09-06T17:01:38.699121Z</time></trkpt>
  <trkpt lat="37.4122448" lon="-121.9947868"><ele>46</ele><time>2026-09-06T17:01:38.819702Z</time></trkpt>
  <trkpt lat="37.4122578" lon="-121.9947914"><ele>46</ele><time>2026-09-06T17:01:38.900516Z</time></trkpt>
  <trkpt lat="37.4122709" lon="-121.9947954"><ele>46</ele><time>2026-09-06T17:01:39.001201Z</time></trkpt>
  <trkpt lat="37.4122846" lon="-121.9947989"><ele>46</ele><time>2026-09-06T17:01:39.101788Z</time></trkpt>
  <trkpt lat="37.4122986" lon="-121.9948026"><ele>46</ele><time>2026-09-06T17:01:39.202432Z</time></trkpt>
  <trkpt lat="37.4123127" lon="-121.9948064"><ele>46</ele><time>2026-09-06T17:01:39.303229Z</time></trkpt>
  <trkpt lat="37.4123267" lon="-121.9948115"><ele>47</ele><time>2026-09-06T17:01:39.403557Z</time></trkpt>
  <trkpt lat="37.4123267" lon="-121.9948115"><ele>47</ele><time>2026-09-06T17:01:39.489978Z</time></trkpt>
  <trkpt lat="37.4123405" lon="-121.9948168"><ele>47</ele><time>2026-09-06T17:01:39.504026Z</time></trkpt>
  <trkpt lat="37.4123538" lon="-121.9948226"><ele>48</ele><time>2026-09-06T17:01:39.604639Z</time></trkpt>
  <trkpt lat="37.4123672" lon="-121.9948283"><ele>48</ele><time>2026-09-06T17:01:39.705698Z</time></trkpt>
  <trkpt lat="37.4123802" lon="-121.9948345"><ele>49</ele><time>2026-09-06T17:01:39.806201Z</time></trkpt>
  <trkpt lat="37.4123913" lon="-121.9948413"><ele>50</ele><time>2026-09-06T17:01:39.906846Z</time></trkpt>
  <trkpt lat="37.4124017" lon="-121.9948488"><ele>51</ele><time>2026-09-06T17:01:40.007767Z</time></trkpt>
  <trkpt lat="37.4124117" lon="-121.9948563"><ele>52</ele><time>2026-09-06T17:01:40.108101Z</time></trkpt>
  <trkpt lat="37.4124212" lon="-121.9948644"><ele>53</ele><time>2026-09-06T17:01:40.209292Z</time></trkpt>
  <trkpt lat="37.4124309" lon="-121.9948722"><ele>54</ele><time>2026-09-06T17:01:40.309701Z</time></trkpt>
  <trkpt lat="37.4124409" lon="-121.9948796"><ele>54</ele><time>2026-09-06T17:01:40.410716Z</time></trkpt>
  <trkpt lat="37.4124510" lon="-121.9948864"><ele>55</ele><time>2026-09-06T17:01:40.511305Z</time></trkpt>
  <trkpt lat="37.4124614" lon="-121.9948929"><ele>56</ele><time>2026-09-06T17:01:40.611374Z</time></trkpt>
  <trkpt lat="37.4124717" lon="-121.9948987"><ele>57</ele><time>2026-09-06T17:01:40.712062Z</time></trkpt>
  <trkpt lat="37.4124824" lon="-121.9949040"><ele>58</ele><time>2026-09-06T17:01:40.812717Z</time></trkpt>
  <trkpt lat="37.4124933" lon="-121.9949076"><ele>58</ele><time>2026-09-06T17:01:40.912744Z</time></trkpt>
  <trkpt lat="37.4125031" lon="-121.9949097"><ele>59</ele><time>2026-09-06T17:01:41.013862Z</time></trkpt>
  <trkpt lat="37.4125124" lon="-121.9949113"><ele>60</ele><time>2026-09-06T17:01:41.114440Z</time></trkpt>
  <trkpt lat="37.4125217" lon="-121.9949122"><ele>61</ele><time>2026-09-06T17:01:41.215707Z</time></trkpt>
  <trkpt lat="37.4125307" lon="-121.9949128"><ele>62</ele><time>2026-09-06T17:01:41.316332Z</time></trkpt>
  <trkpt lat="37.4125397" lon="-121.9949130"><ele>63</ele><time>2026-09-06T17:01:41.416901Z</time></trkpt>
  <trkpt lat="37.4125486" lon="-121.9949128"><ele>64</ele><time>2026-09-06T17:01:41.497980Z</time></trkpt>
  <trkpt lat="37.4125569" lon="-121.9949125"><ele>65</ele><time>2026-09-06T17:01:41.598041Z</time></trkpt>
  <trkpt lat="37.4125569" lon="-121.9949125"><ele>65</ele><time>2026-09-06T17:01:41.641933Z</time></trkpt>
  <trkpt lat="37.4125655" lon="-121.9949118"><ele>66</ele><time>2026-09-06T17:01:41.698738Z</time></trkpt>
  <trkpt lat="37.4125745" lon="-121.9949108"><ele>67</ele><time>2026-09-06T17:01:41.799514Z</time></trkpt>
  <trkpt lat="37.4125834" lon="-121.9949099"><ele>68</ele><time>2026-09-06T17:01:41.900565Z</time></trkpt>
  <trkpt lat="37.4125922" lon="-121.9949091"><ele>69</ele><time>2026-09-06T17:01:42.001416Z</time></trkpt>
  <trkpt lat="37.4126009" lon="-121.9949081"><ele>70</ele><time>2026-09-06T17:01:42.102004Z</time></trkpt>
  <trkpt lat="37.4126094" lon="-121.9949071"><ele>71</ele><time>2026-09-06T17:01:42.202717Z</time></trkpt>
  <trkpt lat="37.4126183" lon="-121.9949061"><ele>72</ele><time>2026-09-06T17:01:42.303012Z</time></trkpt>
  <trkpt lat="37.4126279" lon="-121.9949049"><ele>72</ele><time>2026-09-06T17:01:42.402764Z</time></trkpt>
  <trkpt lat="37.4126375" lon="-121.9949037"><ele>73</ele><time>2026-09-06T17:01:42.502951Z</time></trkpt>
  <trkpt lat="37.4126473" lon="-121.9949023"><ele>74</ele><time>2026-09-06T17:01:42.603504Z</time></trkpt>
  <trkpt lat="37.4126573" lon="-121.9949008"><ele>75</ele><time>2026-09-06T17:01:42.704280Z</time></trkpt>
  <trkpt lat="37.4126676" lon="-121.9948990"><ele>75</ele><time>2026-09-06T17:01:42.805315Z</time></trkpt>
  <trkpt lat="37.4126780" lon="-121.9948971"><ele>76</ele><time>2026-09-06T17:01:42.906201Z</time></trkpt>
  <trkpt lat="37.4126885" lon="-121.9948951"><ele>76</ele><time>2026-09-06T17:01:43.006345Z</time></trkpt>
  <trkpt lat="37.4126993" lon="-121.9948928"><ele>77</ele><time>2026-09-06T17:01:43.106823Z</time></trkpt>
  <trkpt lat="37.4127102" lon="-121.9948901"><ele>77</ele><time>2026-09-06T17:01:43.208087Z</time></trkpt>
  <trkpt lat="37.4127213" lon="-121.9948875"><ele>78</ele><time>2026-09-06T17:01:43.308840Z</time></trkpt>
  <trkpt lat="37.4127324" lon="-121.9948849"><ele>78</ele><time>2026-09-06T17:01:43.409296Z</time></trkpt>
  <trkpt lat="37.4127435" lon="-121.9948825"><ele>79</ele><time>2026-09-06T17:01:43.510168Z</time></trkpt>
  <trkpt lat="37.4127545" lon="-121.9948801"><ele>79</ele><time>2026-09-06T17:01:43.610255Z</time></trkpt>
  <trkpt lat="37.4127656" lon="-121.9948777"><ele>80</ele><time>2026-09-06T17:01:43.710865Z</time></trkpt>
  <trkpt lat="37.4127656" lon="-121.9948777"><ele>80</ele><time>2026-09-06T17:01:43.791210Z</time></trkpt>
  <trkpt lat="37.4127766" lon="-121.9948755"><ele>80</ele><time>2026-09-06T17:01:43.811234Z</time></trkpt>
  <trkpt lat="37.4127877" lon="-121.9948733"><ele>81</ele><time>2026-09-06T17:01:43.912089Z</time></trkpt>
  <trkpt lat="37.4127985" lon="-121.9948711"><ele>81</ele><time>2026-09-06T17:01:44.012837Z</time></trkpt>
  <trkpt lat="37.4128089" lon="-121.9948690"><ele>82</ele><time>2026-09-06T17:01:44.113404Z</time></trkpt>
  <trkpt lat="37.4128191" lon="-121.9948666"><ele>82</ele><time>2026-09-06T17:01:44.214673Z</time></trkpt>
  <trkpt lat="37.4128291" lon="-121.9948644"><ele>83</ele><time>2026-09-06T17:01:44.295596Z</time></trkpt>
  <trkpt lat="37.4128390" lon="-121.9948624"><ele>84</ele><time>2026-09-06T17:01:44.396704Z</time></trkpt>
  <trkpt lat="37.4128490" lon="-121.9948602"><ele>84</ele><time>2026-09-06T17:01:44.496975Z</time></trkpt>
  <trkpt lat="37.4128588" lon="-121.9948578"><ele>85</ele><time>2026-09-06T17:01:44.597573Z</time></trkpt>
  <trkpt lat="37.4128686" lon="-121.9948553"><ele>86</ele><time>2026-09-06T17:01:44.697807Z</time></trkpt>
  <trkpt lat="37.4128787" lon="-121.9948527"><ele>86</ele><time>2026-09-06T17:01:44.798476Z</time></trkpt>
  <trkpt lat="37.4128892" lon="-121.9948500"><ele>87</ele><time>2026-09-06T17:01:44.899433Z</time></trkpt>
  <trkpt lat="37.4128998" lon="-121.9948471"><ele>87</ele><time>2026-09-06T17:01:45.000046Z</time></trkpt>
  <trkpt lat="37.4129106" lon="-121.9948446"><ele>88</ele><time>2026-09-06T17:01:45.100780Z</time></trkpt>
  <trkpt lat="37.4129215" lon="-121.9948420"><ele>88</ele><time>2026-09-06T17:01:45.201823Z</time></trkpt>
  <trkpt lat="37.4129323" lon="-121.9948398"><ele>88</ele><time>2026-09-06T17:01:45.302802Z</time></trkpt>
  <trkpt lat="37.4129431" lon="-121.9948375"><ele>89</ele><time>2026-09-06T17:01:45.402998Z</time></trkpt>
  <trkpt lat="37.4129533" lon="-121.9948361"><ele>89</ele><time>2026-09-06T17:01:45.503140Z</time></trkpt>
  <trkpt lat="37.4129624" lon="-121.9948360"><ele>90</ele><time>2026-09-06T17:01:45.603350Z</time></trkpt>
  <trkpt lat="37.4129701" lon="-121.9948368"><ele>91</ele><time>2026-09-06T17:01:45.703986Z</time></trkpt>
  <trkpt lat="37.4129773" lon="-121.9948381"><ele>92</ele><time>2026-09-06T17:01:45.804485Z</time></trkpt>
  <trkpt lat="37.4129843" lon="-121.9948397"><ele>93</ele><time>2026-09-06T17:01:45.905104Z</time></trkpt>
  <trkpt lat="37.4129843" lon="-121.9948397"><ele>93</ele><time>2026-09-06T17:01:45.945176Z</time></trkpt>
  <trkpt lat="37.4129913" lon="-121.9948415"><ele>94</ele><time>2026-09-06T17:01:46.005247Z</time></trkpt>
  <trkpt lat="37.4129987" lon="-121.9948429"><ele>95</ele><time>2026-09-06T17:01:46.106315Z</time></trkpt>
  <trkpt lat="37.4130065" lon="-121.9948444"><ele>95</ele><time>2026-09-06T17:01:46.207463Z</time></trkpt>
  <trkpt lat="37.4130143" lon="-121.9948459"><ele>96</ele><time>2026-09-06T17:01:46.308580Z</time></trkpt>
  <trkpt lat="37.4130219" lon="-121.9948473"><ele>97</ele><time>2026-09-06T17:01:46.409598Z</time></trkpt>
  <trkpt lat="37.4130294" lon="-121.9948486"><ele>98</ele><time>2026-09-06T17:01:46.509898Z</time></trkpt>
  <trkpt lat="37.4130366" lon="-121.9948497"><ele>98</ele><time>2026-09-06T17:01:46.610464Z</time></trkpt>
  <trkpt lat="37.4130436" lon="-121.9948507"><ele>99</ele><time>2026-09-06T17:01:46.711033Z</time></trkpt>
  <trkpt lat="37.4130501" lon="-121.9948517"><ele>100</ele><time>2026-09-06T17:01:46.812082Z</time></trkpt>
  <trkpt lat="37.4130565" lon="-121.9948526"><ele>101</ele><time>2026-09-06T17:01:46.892108Z</time></trkpt>
  <trkpt lat="37.4130625" lon="-121.9948542"><ele>101</ele><time>2026-09-06T17:01:46.992571Z</time></trkpt>
  <trkpt lat="37.4130683" lon="-121.9948562"><ele>102</ele><time>2026-09-06T17:01:47.093033Z</time></trkpt>
  <trkpt lat="37.4130739" lon="-121.9948590"><ele>103</ele><time>2026-09-06T17:01:47.193608Z</time></trkpt>
  <trkpt lat="37.4130789" lon="-121.9948634"><ele>104</ele><time>2026-09-06T17:01:47.294308Z</time></trkpt>
  <trkpt lat="37.4130824" lon="-121.9948698"><ele>104</ele><time>2026-09-06T17:01:47.394572Z</time></trkpt>
  <trkpt lat="37.4130845" lon="-121.9948785"><ele>105</ele><time>2026-09-06T17:01:47.495267Z</time></trkpt>
  <trkpt lat="37.4130858" lon="-121.9948878"><ele>105</ele><time>2026-09-06T17:01:47.595321Z</time></trkpt>
  <trkpt lat="37.4130866" lon="-121.9948977"><ele>106</ele><time>2026-09-06T17:01:47.695817Z</time></trkpt>
  <trkpt lat="37.4130862" lon="-121.9949079"><ele>106</ele><time>2026-09-06T17:01:47.796698Z</time></trkpt>
  <trkpt lat="37.4130849" lon="-121.9949173"><ele>106</ele><time>2026-09-06T17:01:47.897372Z</time></trkpt>
  <trkpt lat="37.4130832" lon="-121.9949265"><ele>106</ele><time>2026-09-06T17:01:47.997627Z</time></trkpt>
  <trkpt lat="37.4130806" lon="-121.9949352"><ele>106</ele><time>2026-09-06T17:01:48.097689Z</time></trkpt>
  <trkpt lat="37.4130806" lon="-121.9949352"><ele>106</ele><time>2026-09-06T17:01:48.104612Z</time></trkpt>
  <trkpt lat="37.4130780" lon="-121.9949439"><ele>106</ele><time>2026-09-06T17:01:48.198439Z</time></trkpt>
  <trkpt lat="37.4130745" lon="-121.9949518"><ele>106</ele><time>2026-09-06T17:01:48.299633Z</time></trkpt>
  <trkpt lat="37.4130713" lon="-121.9949593"><ele>105</ele><time>2026-09-06T17:01:48.399376Z</time></trkpt>
  <trkpt lat="37.4130674" lon="-121.9949665"><ele>105</ele><time>2026-09-06T17:01:48.499834Z</time></trkpt>
  <trkpt lat="37.4130634" lon="-121.9949738"><ele>104</ele><time>2026-09-06T17:01:48.601138Z</time></trkpt>
  <trkpt lat="37.4130586" lon="-121.9949808"><ele>104</ele><time>2026-09-06T17:01:48.702075Z</time></trkpt>
  <trkpt lat="37.4130532" lon="-121.9949872"><ele>103</ele><time>2026-09-06T17:01:48.802614Z</time></trkpt>
  <trkpt lat="37.4130472" lon="-121.9949931"><ele>102</ele><time>2026-09-06T17:01:48.903534Z</time></trkpt>
  <trkpt lat="37.4130403" lon="-121.9949983"><ele>101</ele><time>2026-09-06T17:01:49.004669Z</time></trkpt>
  <trkpt lat="37.4130330" lon="-121.9950030"><ele>100</ele><time>2026-09-06T17:01:49.105580Z</time></trkpt>
  <trkpt lat="37.4130253" lon="-121.9950072"><ele>100</ele><time>2026-09-06T17:01:49.207214Z</time></trkpt>
  <trkpt lat="37.4130165" lon="-121.9950107"><ele>99</ele><time>2026-09-06T17:01:49.307958Z</time></trkpt>
  <trkpt lat="37.4130068" lon="-121.9950134"><ele>98</ele><time>2026-09-06T17:01:49.408597Z</time></trkpt>
  <trkpt lat="37.4129964" lon="-121.9950157"><ele>97</ele><time>2026-09-06T17:01:49.508898Z</time></trkpt>
  <trkpt lat="37.4129847" lon="-121.9950184"><ele>96</ele><time>2026-09-06T17:01:49.589306Z</time></trkpt>
  <trkpt lat="37.4129721" lon="-121.9950205"><ele>96</ele><time>2026-09-06T17:01:49.710082Z</time></trkpt>
  <trkpt lat="37.4129586" lon="-121.9950220"><ele>95</ele><time>2026-09-06T17:01:49.790262Z</time></trkpt>
  <trkpt lat="37.4129445" lon="-121.9950230"><ele>95</ele><time>2026-09-06T17:01:49.890798Z</time></trkpt>
  <trkpt lat="37.4129298" lon="-121.9950238"><ele>94</ele><time>2026-09-06T17:01:49.991704Z</time></trkpt>
  <trkpt lat="37.4129145" lon="-121.9950244"><ele>94</ele><time>2026-09-06T17:01:50.092333Z</time></trkpt>
  <trkpt lat="37.4128988" lon="-121.9950247"><ele>94</ele><time>2026-09-06T17:01:50.193245Z</time></trkpt>
  <trkpt lat="37.4128988" lon="-121.9950247"><ele>94</ele><time>2026-09-06T17:01:50.259396Z</time></trkpt>
  <trkpt lat="37.4128826" lon="-121.9950250"><ele>93</ele><time>2026-09-06T17:01:50.294065Z</time></trkpt>
  <trkpt lat="37.4128661" lon="-121.9950253"><ele>93</ele><time>2026-09-06T17:01:50.395474Z</time></trkpt>
  <trkpt lat="37.4128494" lon="-121.9950255"><ele>93</ele><time>2026-09-06T17:01:50.495844Z</time></trkpt>
  <trkpt lat="37.4128325" lon="-121.9950258"><ele>92</ele><time>2026-09-06T17:01:50.596438Z</time></trkpt>
  <trkpt lat="37.4128155" lon="-121.9950262"><ele>92</ele><time>2026-09-06T17:01:50.697077Z</time></trkpt>
  <trkpt lat="37.4127982" lon="-121.9950263"><ele>92</ele><time>2026-09-06T17:01:50.797942Z</time></trkpt>
  <trkpt lat="37.4127809" lon="-121.9950261"><ele>91</ele><time>2026-09-06T17:01:50.899646Z</time></trkpt>
  <trkpt lat="37.4127634" lon="-121.9950258"><ele>91</ele><time>2026-09-06T17:01:51.000459Z</time></trkpt>
  <trkpt lat="37.4127456" lon="-121.9950257"><ele>91</ele><time>2026-09-06T17:01:51.100892Z</time></trkpt>
  <trkpt lat="37.4127276" lon="-121.9950253"><ele>90</ele><time>2026-09-06T17:01:51.201587Z</time></trkpt>
  <trkpt lat="37.4127095" lon="-121.9950248"><ele>90</ele><time>2026-09-06T17:01:51.301908Z</time></trkpt>
  <trkpt lat="37.4126913" lon="-121.9950242"><ele>89</ele><time>2026-09-06T17:01:51.402498Z</time></trkpt>
  <trkpt lat="37.4126731" lon="-121.9950234"><ele>89</ele><time>2026-09-06T17:01:51.503707Z</time></trkpt>
  <trkpt lat="37.4126551" lon="-121.9950224"><ele>89</ele><time>2026-09-06T17:01:51.603884Z</time></trkpt>
  <trkpt lat="37.4126368" lon="-121.9950217"><ele>89</ele><time>2026-09-06T17:01:51.704296Z</time></trkpt>
  <trkpt lat="37.4126192" lon="-121.9950202"><ele>89</ele><time>2026-09-06T17:01:51.804950Z</time></trkpt>
  <trkpt lat="37.4126022" lon="-121.9950189"><ele>89</ele><time>2026-09-06T17:01:51.905400Z</time></trkpt>
  <trkpt lat="37.4125853" lon="-121.9950186"><ele>90</ele><time>2026-09-06T17:01:52.006466Z</time></trkpt>
  <trkpt lat="37.4125700" lon="-121.9950195"><ele>91</ele><time>2026-09-06T17:01:52.086459Z</time></trkpt>
  <trkpt lat="37.4125564" lon="-121.9950213"><ele>92</ele><time>2026-09-06T17:01:52.187384Z</time></trkpt>
  <trkpt lat="37.4125441" lon="-121.9950244"><ele>93</ele><time>2026-09-06T17:01:52.288238Z</time></trkpt>
  <trkpt lat="37.4125338" lon="-121.9950287"><ele>94</ele><time>2026-09-06T17:01:52.388590Z</time></trkpt>
  <trkpt lat="37.4125338" lon="-121.9950287"><ele>94</ele><time>2026-09-06T17:01:52.401303Z</time></trkpt>
  <trkpt lat="37.4125257" lon="-121.9950353"><ele>95</ele><time>2026-09-06T17:01:52.488842Z</time></trkpt>
  <trkpt lat="37.4125184" lon="-121.9950433"><ele>96</ele><time>2026-09-06T17:01:52.588886Z</time></trkpt>
  <trkpt lat="37.4125115" lon="-121.9950520"><ele>96</ele><time>2026-09-06T17:01:52.689508Z</time></trkpt>
  <trkpt lat="37.4125067" lon="-121.9950620"><ele>97</ele><time>2026-09-06T17:01:52.790189Z</time></trkpt>
  <trkpt lat="37.4125032" lon="-121.9950731"><ele>98</ele><time>2026-09-06T17:01:52.891431Z</time></trkpt>
  <trkpt lat="37.4125017" lon="-121.9950856"><ele>98</ele><time>2026-09-06T17:01:52.992127Z</time></trkpt>
  <trkpt lat="37.4125017" lon="-121.9950999"><ele>98</ele><time>2026-09-06T17:01:53.093076Z</time></trkpt>
  <trkpt lat="37.4125020" lon="-121.9951149"><ele>98</ele><time>2026-09-06T17:01:53.193781Z</time></trkpt>
  <trkpt lat="37.4125012" lon="-121.9951311"><ele>98</ele><time>2026-09-06T17:01:53.294675Z</time></trkpt>
  <trkpt lat="37.4125018" lon="-121.9951475"><ele>98</ele><time>2026-09-06T17:01:53.395270Z</time></trkpt>
  <trkpt lat="37.4125052" lon="-121.9951634"><ele>98</ele><time>2026-09-06T17:01:53.495884Z</time></trkpt>
  <trkpt lat="37.4125097" lon="-121.9951788"><ele>98</ele><time>2026-09-06T17:01:53.597140Z</time></trkpt>
  <trkpt lat="37.4125140" lon="-121.9951929"><ele>97</ele><time>2026-09-06T17:01:53.697793Z</time></trkpt>
  <trkpt lat="37.4125189" lon="-121.9952053"><ele>97</ele><time>2026-09-06T17:01:53.799070Z</time></trkpt>
  <trkpt lat="37.4125243" lon="-121.9952146"><ele>95</ele><time>2026-09-06T17:01:53.900717Z</time></trkpt>
  <trkpt lat="37.4125288" lon="-121.9952214"><ele>94</ele><time>2026-09-06T17:01:54.002169Z</time></trkpt>
  <trkpt lat="37.4125309" lon="-121.9952256"><ele>94</ele><time>2026-09-06T17:01:54.102701Z</time></trkpt>
  <trkpt lat="37.4125330" lon="-121.9952281"><ele>93</ele><time>2026-09-06T17:01:54.183894Z</time></trkpt>
  <trkpt lat="37.4125311" lon="-121.9952248"><ele>91</ele><time>2026-09-06T17:01:54.284359Z</time></trkpt>
  <trkpt lat="37.4125264" lon="-121.9952188"><ele>90</ele><time>2026-09-06T17:01:54.384839Z</time></trkpt>
  <trkpt lat="37.4125138" lon="-121.9952048"><ele>90</ele><time>2026-09-06T17:01:54.505795Z</time></trkpt>
  <trkpt lat="37.4125138" lon="-121.9952048"><ele>90</ele><time>2026-09-06T17:01:54.561882Z</time></trkpt>
  <trkpt lat="37.4124999" lon="-121.9951875"><ele>90</ele><time>2026-09-06T17:01:54.586194Z</time></trkpt>
  <trkpt lat="37.4124856" lon="-121.9951739"><ele>90</ele><time>2026-09-06T17:01:54.686486Z</time></trkpt>
  <trkpt lat="37.4124691" lon="-121.9951630"><ele>91</ele><time>2026-09-06T17:01:54.787197Z</time></trkpt>
  <trkpt lat="37.4124528" lon="-121.9951532"><ele>91</ele><time>2026-09-06T17:01:54.888457Z</time></trkpt>
  <trkpt lat="37.4124359" lon="-121.9951448"><ele>91</ele><time>2026-09-06T17:01:54.988598Z</time></trkpt>
  <trkpt lat="37.4124164" lon="-121.9951410"><ele>92</ele><time>2026-09-06T17:01:55.088738Z</time></trkpt>
  <trkpt lat="37.4124023" lon="-121.9951406"><ele>93</ele><time>2026-09-06T17:01:55.189058Z</time></trkpt>
  <trkpt lat="37.4123903" lon="-121.9951440"><ele>93</ele><time>2026-09-06T17:01:55.289249Z</time></trkpt>
  <trkpt lat="37.4123791" lon="-121.9951505"><ele>94</ele><time>2026-09-06T17:01:55.390050Z</time></trkpt>
  <trkpt lat="37.4123691" lon="-121.9951628"><ele>95</ele><time>2026-09-06T17:01:55.491414Z</time></trkpt>
  <trkpt lat="37.4123615" lon="-121.9951757"><ele>96</ele><time>2026-09-06T17:01:55.591929Z</time></trkpt>
  <trkpt lat="37.4123564" lon="-121.9951903"><ele>96</ele><time>2026-09-06T17:01:55.692235Z</time></trkpt>
  <trkpt lat="37.4123546" lon="-121.9952066"><ele>96</ele><time>2026-09-06T17:01:55.792961Z</time></trkpt>
  <trkpt lat="37.4123547" lon="-121.9952240"><ele>96</ele><time>2026-09-06T17:01:55.894324Z</time></trkpt>
  <trkpt lat="37.4123555" lon="-121.9952429"><ele>97</ele><time>2026-09-06T17:01:55.994773Z</time></trkpt>
  <trkpt lat="37.4123573" lon="-121.9952592"><ele>97</ele><time>2026-09-06T17:01:56.095099Z</time></trkpt>
  <trkpt lat="37.4123623" lon="-121.9952713"><ele>96</ele><time>2026-09-06T17:01:56.195726Z</time></trkpt>
  <trkpt lat="37.4123673" lon="-121.9952864"><ele>95</ele><time>2026-09-06T17:01:56.296291Z</time></trkpt>
  <trkpt lat="37.4123739" lon="-121.9953001"><ele>94</ele><time>2026-09-06T17:01:56.397409Z</time></trkpt>
  <trkpt lat="37.4123824" lon="-121.9953127"><ele>93</ele><time>2026-09-06T17:01:56.497630Z</time></trkpt>
  <trkpt lat="37.4123922" lon="-121.9953236"><ele>92</ele><time>2026-09-06T17:01:56.598657Z</time></trkpt>
  <trkpt lat="37.4124038" lon="-121.9953322"><ele>92</ele><time>2026-09-06T17:01:56.698881Z</time></trkpt>
  <trkpt lat="37.4124038" lon="-121.9953322"><ele>92</ele><time>2026-09-06T17:01:56.726328Z</time></trkpt>
  <trkpt lat="37.4124176" lon="-121.9953367"><ele>92</ele><time>2026-09-06T17:01:56.799694Z</time></trkpt>
  <trkpt lat="37.4124328" lon="-121.9953392"><ele>91</ele><time>2026-09-06T17:01:56.880771Z</time></trkpt>
  <trkpt lat="37.4124490" lon="-121.9953392"><ele>89</ele><time>2026-09-06T17:01:57.001234Z</time></trkpt>
  <trkpt lat="37.4124651" lon="-121.9953382"><ele>88</ele><time>2026-09-06T17:01:57.081914Z</time></trkpt>
  <trkpt lat="37.4124800" lon="-121.9953398"><ele>89</ele><time>2026-09-06T17:01:57.182097Z</time></trkpt>
  <trkpt lat="37.4124963" lon="-121.9953402"><ele>89</ele><time>2026-09-06T17:01:57.283025Z</time></trkpt>
  <trkpt lat="37.4125140" lon="-121.9953368"><ele>89</ele><time>2026-09-06T17:01:57.383757Z</time></trkpt>
  <trkpt lat="37.4125328" lon="-121.9953299"><ele>88</ele><time>2026-09-06T17:01:57.485290Z</time></trkpt>
  <trkpt lat="37.4125512" lon="-121.9953236"><ele>86</ele><time>2026-09-06T17:01:57.586045Z</time></trkpt>
  <trkpt lat="37.4125707" lon="-121.9953159"><ele>84</ele><time>2026-09-06T17:01:57.686376Z</time></trkpt>
  <trkpt lat="37.4125893" lon="-121.9953134"><ele>84</ele><time>2026-09-06T17:01:57.786677Z</time></trkpt>
  <trkpt lat="37.4126079" lon="-121.9953119"><ele>83</ele><time>2026-09-06T17:01:57.887196Z</time></trkpt>
  <trkpt lat="37.4126259" lon="-121.9953124"><ele>83</ele><time>2026-09-06T17:01:57.987780Z</time></trkpt>
  <trkpt lat="37.4126423" lon="-121.9953158"><ele>83</ele><time>2026-09-06T17:01:58.088184Z</time></trkpt>
  <trkpt lat="37.4126579" lon="-121.9953198"><ele>83</ele><time>2026-09-06T17:01:58.188876Z</time></trkpt>
  <trkpt lat="37.4126723" lon="-121.9953261"><ele>83</ele><time>2026-09-06T17:01:58.289338Z</time></trkpt>
  <trkpt lat="37.4126849" lon="-121.9953362"><ele>84</ele><time>2026-09-06T17:01:58.390497Z</time></trkpt>
  <trkpt lat="37.4126964" lon="-121.9953496"><ele>84</ele><time>2026-09-06T17:01:58.491701Z</time></trkpt>
  <trkpt lat="37.4127062" lon="-121.9953614"><ele>84</ele><time>2026-09-06T17:01:58.591523Z</time></trkpt>
  <trkpt lat="37.4127158" lon="-121.9953757"><ele>84</ele><time>2026-09-06T17:01:58.691803Z</time></trkpt>
  <trkpt lat="37.4127243" lon="-121.9953929"><ele>85</ele><time>2026-09-06T17:01:58.791865Z</time></trkpt>
  <trkpt lat="37.4127243" lon="-121.9953929"><ele>85</ele><time>2026-09-06T17:01:58.888356Z</time></trkpt>
  <trkpt lat="37.4127321" lon="-121.9954114"><ele>85</ele><time>2026-09-06T17:01:58.892085Z</time></trkpt>
  <trkpt lat="37.4127404" lon="-121.9954282"><ele>85</ele><time>2026-09-06T17:01:58.992815Z</time></trkpt>
  <trkpt lat="37.4127496" lon="-121.9954418"><ele>86</ele><time>2026-09-06T17:01:59.093909Z</time></trkpt>
  <trkpt lat="37.4127584" lon="-121.9954555"><ele>87</ele><time>2026-09-06T17:01:59.194399Z</time></trkpt>
  <trkpt lat="37.4127667" lon="-121.9954682"><ele>88</ele><time>2026-09-06T17:01:59.294822Z</time></trkpt>
  <trkpt lat="37.4127751" lon="-121.9954808"><ele>89</ele><time>2026-09-06T17:01:59.395299Z</time></trkpt>
  <trkpt lat="37.4127852" lon="-121.9954905"><ele>90</ele><time>2026-09-06T17:01:59.496189Z</time></trkpt>
  <trkpt lat="37.4127964" lon="-121.9954985"><ele>91</ele><time>2026-09-06T17:01:59.596953Z</time></trkpt>
  <trkpt lat="37.4128077" lon="-121.9955077"><ele>92</ele><time>2026-09-06T17:01:59.697509Z</time></trkpt>
  <trkpt lat="37.4128192" lon="-121.9955143"><ele>92</ele><time>2026-09-06T17:01:59.778067Z</time></trkpt>
  <trkpt lat="37.4128303" lon="-121.9955192"><ele>93</ele><time>2026-09-06T17:01:59.879237Z</time></trkpt>
  <trkpt lat="37.4128417" lon="-121.9955236"><ele>93</ele><time>2026-09-06T17:01:59.979947Z</time></trkpt>
  <trkpt lat="37.4128536" lon="-121.9955283"><ele>93</ele><time>2026-09-06T17:02:00.080219Z</time></trkpt>
  <trkpt lat="37.4128660" lon="-121.9955301"><ele>94</ele><time>2026-09-06T17:02:00.180736Z</time></trkpt>
  <trkpt lat="37.4128781" lon="-121.9955284"><ele>94</ele><time>2026-09-06T17:02:00.281340Z</time></trkpt>
  <trkpt lat="37.4128905" lon="-121.9955233"><ele>94</ele><time>2026-09-06T17:02:00.381810Z</time></trkpt>
  <trkpt lat="37.4129034" lon="-121.9955159"><ele>95</ele><time>2026-09-06T17:02:00.482062Z</time></trkpt>
  <trkpt lat="37.4129180" lon="-121.9955082"><ele>95</ele><time>2026-09-06T17:02:00.582627Z</time></trkpt>
  <trkpt lat="37.4129323" lon="-121.9955001"><ele>94</ele><time>2026-09-06T17:02:00.683281Z</time></trkpt>
  <trkpt lat="37.4129456" lon="-121.9954888"><ele>94</ele><time>2026-09-06T17:02:00.783645Z</time></trkpt>
  <trkpt lat="37.4129574" lon="-121.9954789"><ele>95</ele><time>2026-09-06T17:02:00.884667Z</time></trkpt>
  <trkpt lat="37.4129692" lon="-121.9954695"><ele>94</ele><time>2026-09-06T17:02:00.984915Z</time></trkpt>
  <trkpt lat="37.4129692" lon="-121.9954695"><ele>94</ele><time>2026-09-06T17:02:01.052903Z</time></trkpt>
  <trkpt lat="37.4129813" lon="-121.9954613"><ele>94</ele><time>2026-09-06T17:02:01.085944Z</time></trkpt>
  <trkpt lat="37.4129929" lon="-121.9954550"><ele>93</ele><time>2026-09-06T17:02:01.186259Z</time></trkpt>
  <trkpt lat="37.4130046" lon="-121.9954488"><ele>93</ele><time>2026-09-06T17:02:01.287001Z</time></trkpt>
  <trkpt lat="37.4130168" lon="-121.9954401"><ele>93</ele><time>2026-09-06T17:02:01.388361Z</time></trkpt>
  <trkpt lat="37.4130307" lon="-121.9954327"><ele>92</ele><time>2026-09-06T17:02:01.488931Z</time></trkpt>
  <trkpt lat="37.4130455" lon="-121.9954288"><ele>92</ele><time>2026-09-06T17:02:01.589832Z</time></trkpt>
  <trkpt lat="37.4130599" lon="-121.9954297"><ele>92</ele><time>2026-09-06T17:02:01.690204Z</time></trkpt>
  <trkpt lat="37.4130755" lon="-121.9954303"><ele>92</ele><time>2026-09-06T17:02:01.791612Z</time></trkpt>
  <trkpt lat="37.4130917" lon="-121.9954311"><ele>92</ele><time>2026-09-06T17:02:01.891991Z</time></trkpt>
  <trkpt lat="37.4131061" lon="-121.9954329"><ele>92</ele><time>2026-09-06T17:02:01.992335Z</time></trkpt>
  <trkpt lat="37.4131199" lon="-121.9954362"><ele>92</ele><time>2026-09-06T17:02:02.092538Z</time></trkpt>
  <trkpt lat="37.4131342" lon="-121.9954381"><ele>91</ele><time>2026-09-06T17:02:02.193181Z</time></trkpt>
  <trkpt lat="37.4131477" lon="-121.9954399"><ele>90</ele><time>2026-09-06T17:02:02.293841Z</time></trkpt>
  <trkpt lat="37.4131608" lon="-121.9954384"><ele>89</ele><time>2026-09-06T17:02:02.394120Z</time></trkpt>
  <trkpt lat="37.4131742" lon="-121.9954371"><ele>88</ele><time>2026-09-06T17:02:02.475225Z</time></trkpt>
  <trkpt lat="37.4131878" lon="-121.9954352"><ele>87</ele><time>2026-09-06T17:02:02.576099Z</time></trkpt>
  <trkpt lat="37.4132002" lon="-121.9954313"><ele>87</ele><time>2026-09-06T17:02:02.676134Z</time></trkpt>
  <trkpt lat="37.4132125" lon="-121.9954247"><ele>87</ele><time>2026-09-06T17:02:02.776631Z</time></trkpt>
  <trkpt lat="37.4132251" lon="-121.9954152"><ele>87</ele><time>2026-09-06T17:02:02.877723Z</time></trkpt>
  <trkpt lat="37.4132382" lon="-121.9954020"><ele>87</ele><time>2026-09-06T17:02:02.978902Z</time></trkpt>
  <trkpt lat="37.4132491" lon="-121.9953877"><ele>88</ele><time>2026-09-06T17:02:03.079480Z</time></trkpt>
  <trkpt lat="37.4132594" lon="-121.9953715"><ele>88</ele><time>2026-09-06T17:02:03.179843Z</time></trkpt>
  <trkpt lat="37.4132594" lon="-121.9953715"><ele>88</ele><time>2026-09-06T17:02:03.220496Z</time></trkpt>
  <trkpt lat="37.4132667" lon="-121.9953534"><ele>88</ele><time>2026-09-06T17:02:03.280744Z</time></trkpt>
  <trkpt lat="37.4132700" lon="-121.9953352"><ele>89</ele><time>2026-09-06T17:02:03.381498Z</time></trkpt>
  <trkpt lat="37.4132703" lon="-121.9953168"><ele>90</ele><time>2026-09-06T17:02:03.483049Z</time></trkpt>
  <trkpt lat="37.4132692" lon="-121.9952975"><ele>90</ele><time>2026-09-06T17:02:03.584391Z</time></trkpt>
  <trkpt lat="37.4132649" lon="-121.9952783"><ele>90</ele><time>2026-09-06T17:02:03.685407Z</time></trkpt>
  <trkpt lat="37.4132568" lon="-121.9952596"><ele>91</ele><time>2026-09-06T17:02:03.785415Z</time></trkpt>
  <trkpt lat="37.4132486" lon="-121.9952427"><ele>91</ele><time>2026-09-06T17:02:03.885757Z</time></trkpt>
  <trkpt lat="37.4132418" lon="-121.9952253"><ele>91</ele><time>2026-09-06T17:02:03.986369Z</time></trkpt>
  <trkpt lat="37.4132359" lon="-121.9952072"><ele>92</ele><time>2026-09-06T17:02:04.087318Z</time></trkpt>
  <trkpt lat="37.4132285" lon="-121.9951903"><ele>92</ele><time>2026-09-06T17:02:04.188756Z</time></trkpt>
  <trkpt lat="37.4132196" lon="-121.9951746"><ele>93</ele><time>2026-09-06T17:02:04.289426Z</time></trkpt>
  <trkpt lat="37.4132108" lon="-121.9951593"><ele>93</ele><time>2026-09-06T17:02:04.389987Z</time></trkpt>
  <trkpt lat="37.4132026" lon="-121.9951460"><ele>93</ele><time>2026-09-06T17:02:04.490562Z</time></trkpt>
  <trkpt lat="37.4131943" lon="-121.9951329"><ele>93</ele><time>2026-09-06T17:02:04.590929Z</time></trkpt>
  <trkpt lat="37.4131843" lon="-121.9951203"><ele>93</ele><time>2026-09-06T17:02:04.671645Z</time></trkpt>
  <trkpt lat="37.4131731" lon="-121.9951088"><ele>93</ele><time>2026-09-06T17:02:04.792619Z</time></trkpt>
  <trkpt lat="37.4131629" lon="-121.9950960"><ele>94</ele><time>2026-09-06T17:02:04.873107Z</time></trkpt>
  <trkpt lat="37.4131540" lon="-121.9950819"><ele>94</ele><time>2026-09-06T17:02:04.973230Z</time></trkpt>
  <trkpt lat="37.4131446" lon="-121.9950695"><ele>94</ele><time>2026-09-06T17:02:05.073790Z</time></trkpt>
  <trkpt lat="37.4131336" lon="-121.9950600"><ele>94</ele><time>2026-09-06T17:02:05.173847Z</time></trkpt>
  <trkpt lat="37.4131205" lon="-121.9950509"><ele>94</ele><time>2026-09-06T17:02:05.274455Z</time></trkpt>
  <trkpt lat="37.4131090" lon="-121.9950412"><ele>94</ele><time>2026-09-06T17:02:05.375111Z</time></trkpt>
  <trkpt lat="37.4131090" lon="-121.9950412"><ele>94</ele><time>2026-09-06T17:02:05.381534Z</time></trkpt>
  <trkpt lat="37.4130977" lon="-121.9950307"><ele>94</ele><time>2026-09-06T17:02:05.475907Z</time></trkpt>
  <trkpt lat="37.4130855" lon="-121.9950210"><ele>94</ele><time>2026-09-06T17:02:05.577102Z</time></trkpt>
  <trkpt lat="37.4130725" lon="-121.9950134"><ele>93</ele><time>2026-09-06T17:02:05.678395Z</time></trkpt>
  <trkpt lat="37.4130580" lon="-121.9950080"><ele>93</ele><time>2026-09-06T17:02:05.779565Z</time></trkpt>
  <trkpt lat="37.4130438" lon="-121.9950020"><ele>92</ele><time>2026-09-06T17:02:05.879128Z</time></trkpt>
  <trkpt lat="37.4130301" lon="-121.9949975"><ele>92</ele><time>2026-09-06T17:02:05.979616Z</time></trkpt>
  <trkpt lat="37.4130185" lon="-121.9949913"><ele>91</ele><time>2026-09-06T17:02:06.080229Z</time></trkpt>
  <trkpt lat="37.4130060" lon="-121.9949894"><ele>90</ele><time>2026-09-06T17:02:06.181593Z</time></trkpt>
  <trkpt lat="37.4129924" lon="-121.9949888"><ele>90</ele><time>2026-09-06T17:02:06.281630Z</time></trkpt>
  <trkpt lat="37.4129787" lon="-121.9949894"><ele>89</ele><time>2026-09-06T17:02:06.382251Z</time></trkpt>
  <trkpt lat="37.4129663" lon="-121.9949917"><ele>88</ele><time>2026-09-06T17:02:06.482627Z</time></trkpt>
  <trkpt lat="37.4129552" lon="-121.9949958"><ele>87</ele><time>2026-09-06T17:02:06.583597Z</time></trkpt>
  <trkpt lat="37.4129443" lon="-121.9950018"><ele>86</ele><time>2026-09-06T17:02:06.684209Z</time></trkpt>
  <trkpt lat="37.4129339" lon="-121.9950094"><ele>85</ele><time>2026-09-06T17:02:06.785392Z</time></trkpt>
  <trkpt lat="37.4129242" lon="-121.9950181"><ele>85</ele><time>2026-09-06T17:02:06.885489Z</time></trkpt>
  <trkpt lat="37.4129149" lon="-121.9950284"><ele>84</ele><time>2026-09-06T17:02:06.985833Z</time></trkpt>
  <trkpt lat="37.4129079" lon="-121.9950398"><ele>83</ele><time>2026-09-06T17:02:07.086248Z</time></trkpt>
  <trkpt lat="37.4129004" lon="-121.9950541"><ele>82</ele><time>2026-09-06T17:02:07.186965Z</time></trkpt>
  <trkpt lat="37.4128947" lon="-121.9950706"><ele>82</ele><time>2026-09-06T17:02:07.286983Z</time></trkpt>
  <trkpt lat="37.4128903" lon="-121.9950879"><ele>82</ele><time>2026-09-06T17:02:07.387607Z</time></trkpt>
  <trkpt lat="37.4128877" lon="-121.9951057"><ele>82</ele><time>2026-09-06T17:02:07.488440Z</time></trkpt>
  <trkpt lat="37.4128877" lon="-121.9951057"><ele>82</ele><time>2026-09-06T17:02:07.541312Z</time></trkpt>
  <trkpt lat="37.4128876" lon="-121.9951229"><ele>82</ele><time>2026-09-06T17:02:07.588412Z</time></trkpt>
  <trkpt lat="37.4128888" lon="-121.9951395"><ele>83</ele><time>2026-09-06T17:02:07.689527Z</time></trkpt>
  <trkpt lat="37.4128910" lon="-121.9951561"><ele>83</ele><time>2026-09-06T17:02:07.770384Z</time></trkpt>
  <trkpt lat="37.4128956" lon="-121.9951713"><ele>84</ele><time>2026-09-06T17:02:07.870348Z</time></trkpt>
  <trkpt lat="37.4129002" lon="-121.9951846"><ele>84</ele><time>2026-09-06T17:02:07.970840Z</time></trkpt>
  <trkpt lat="37.4129024" lon="-121.9951959"><ele>86</ele><time>2026-09-06T17:02:08.071664Z</time></trkpt>
  <trkpt lat="37.4129037" lon="-121.9952047"><ele>87</ele><time>2026-09-06T17:02:08.172838Z</time></trkpt>
  <trkpt lat="37.4129040" lon="-121.9952112"><ele>89</ele><time>2026-09-06T17:02:08.273496Z</time></trkpt>
  <trkpt lat="37.4129029" lon="-121.9952152"><ele>90</ele><time>2026-09-06T17:02:08.374076Z</time></trkpt>
  <trkpt lat="37.4129008" lon="-121.9952175"><ele>91</ele><time>2026-09-06T17:02:08.475163Z</time></trkpt>
  <trkpt lat="37.4128966" lon="-121.9952175"><ele>93</ele><time>2026-09-06T17:02:08.575391Z</time></trkpt>
  <trkpt lat="37.4128911" lon="-121.9952174"><ele>94</ele><time>2026-09-06T17:02:08.675777Z</time></trkpt>
  <trkpt lat="37.4128847" lon="-121.9952171"><ele>95</ele><time>2026-09-06T17:02:08.776332Z</time></trkpt>
  <trkpt lat="37.4128785" lon="-121.9952150"><ele>96</ele><time>2026-09-06T17:02:08.876900Z</time></trkpt>
  <trkpt lat="37.4128727" lon="-121.9952115"><ele>96</ele><time>2026-09-06T17:02:08.976993Z</time></trkpt>
  <trkpt lat="37.4128647" lon="-121.9952075"><ele>96</ele><time>2026-09-06T17:02:09.077643Z</time></trkpt>
  <trkpt lat="37.4128533" lon="-121.9952045"><ele>97</ele><time>2026-09-06T17:02:09.178219Z</time></trkpt>
  <trkpt lat="37.4128400" lon="-121.9952011"><ele>98</ele><time>2026-09-06T17:02:09.278824Z</time></trkpt>
  <trkpt lat="37.4128272" lon="-121.9951970"><ele>98</ele><time>2026-09-06T17:02:09.380322Z</time></trkpt>
  <trkpt lat="37.4128147" lon="-121.9951924"><ele>98</ele><time>2026-09-06T17:02:09.480866Z</time></trkpt>
  <trkpt lat="37.4128025" lon="-121.9951871"><ele>98</ele><time>2026-09-06T17:02:09.581463Z</time></trkpt>
  <trkpt lat="37.4127883" lon="-121.9951827"><ele>98</ele><time>2026-09-06T17:02:09.682471Z</time></trkpt>
  <trkpt lat="37.4127883" lon="-121.9951827"><ele>98</ele><time>2026-09-06T17:02:09.692304Z</time></trkpt>
  <trkpt lat="37.4127736" lon="-121.9951790"><ele>98</ele><time>2026-09-06T17:02:09.782996Z</time></trkpt>
  <trkpt lat="37.4127599" lon="-121.9951748"><ele>97</ele><time>2026-09-06T17:02:09.883795Z</time></trkpt>
  <trkpt lat="37.4127456" lon="-121.9951702"><ele>97</ele><time>2026-09-06T17:02:09.984862Z</time></trkpt>
  <trkpt lat="37.4127307" lon="-121.9951673"><ele>96</ele><time>2026-09-06T17:02:10.085207Z</time></trkpt>
  <trkpt lat="37.4127158" lon="-121.9951634"><ele>96</ele><time>2026-09-06T17:02:10.186236Z</time></trkpt>
  <trkpt lat="37.4127043" lon="-121.9951601"><ele>94</ele><time>2026-09-06T17:02:10.266347Z</time></trkpt>
  <trkpt lat="37.4126915" lon="-121.9951562"><ele>93</ele><time>2026-09-06T17:02:10.366370Z</time></trkpt>
  <trkpt lat="37.4126799" lon="-121.9951526"><ele>91</ele><time>2026-09-06T17:02:10.466879Z</time></trkpt>
  <trkpt lat="37.4126704" lon="-121.9951502"><ele>89</ele><time>2026-09-06T17:02:10.567173Z</time></trkpt>
  <trkpt lat="37.4126635" lon="-121.9951479"><ele>86</ele><time>2026-09-06T17:02:10.667808Z</time></trkpt>
  <trkpt lat="37.4126579" lon="-121.9951476"><ele>84</ele><time>2026-09-06T17:02:10.768050Z</time></trkpt>
  <trkpt lat="37.4126554" lon="-121.9951481"><ele>82</ele><time>2026-09-06T17:02:10.868993Z</time></trkpt>
  <trkpt lat="37.4126591" lon="-121.9951515"><ele>79</ele><time>2026-09-06T17:02:10.969518Z</time></trkpt>
  <trkpt lat="37.4126668" lon="-121.9951551"><ele>77</ele><time>2026-09-06T17:02:11.069627Z</time></trkpt>
  <trkpt lat="37.4126759" lon="-121.9951574"><ele>76</ele><time>2026-09-06T17:02:11.170285Z</time></trkpt>
  <trkpt lat="37.4126842" lon="-121.9951558"><ele>73</ele><time>2026-09-06T17:02:11.270647Z</time></trkpt>
  <trkpt lat="37.4126944" lon="-121.9951565"><ele>71</ele><time>2026-09-06T17:02:11.371193Z</time></trkpt>
  <trkpt lat="37.4127054" lon="-121.9951583"><ele>68</ele><time>2026-09-06T17:02:11.472036Z</time></trkpt>
  <trkpt lat="37.4127158" lon="-121.9951589"><ele>66</ele><time>2026-09-06T17:02:11.572524Z</time></trkpt>
  <trkpt lat="37.4127268" lon="-121.9951609"><ele>64</ele><time>2026-09-06T17:02:11.672973Z</time></trkpt>
  <trkpt lat="37.4127384" lon="-121.9951631"><ele>62</ele><time>2026-09-06T17:02:11.773341Z</time></trkpt>
  <trkpt lat="37.4127384" lon="-121.9951631"><ele>62</ele><time>2026-09-06T17:02:11.845622Z</time></trkpt>
  <trkpt lat="37.4127489" lon="-121.9951685"><ele>61</ele><time>2026-09-06T17:02:11.874101Z</time></trkpt>
  <trkpt lat="37.4127598" lon="-121.9951725"><ele>60</ele><time>2026-09-06T17:02:11.974347Z</time></trkpt>
  <trkpt lat="37.4127701" lon="-121.9951728"><ele>60</ele><time>2026-09-06T17:02:12.075046Z</time></trkpt>
  <trkpt lat="37.4127805" lon="-121.9951742"><ele>60</ele><time>2026-09-06T17:02:12.175882Z</time></trkpt>
  <trkpt lat="37.4127902" lon="-121.9951752"><ele>61</ele><time>2026-09-06T17:02:12.276304Z</time></trkpt>
  <trkpt lat="37.4128001" lon="-121.9951772"><ele>62</ele><time>2026-09-06T17:02:12.377811Z</time></trkpt>
  <trkpt lat="37.4128102" lon="-121.9951796"><ele>62</ele><time>2026-09-06T17:02:12.478181Z</time></trkpt>
  <trkpt lat="37.4128202" lon="-121.9951827"><ele>63</ele><time>2026-09-06T17:02:12.578176Z</time></trkpt>
  <trkpt lat="37.4128308" lon="-121.9951858"><ele>64</ele><time>2026-09-06T17:02:12.678975Z</time></trkpt>
  <trkpt lat="37.4128410" lon="-121.9951893"><ele>65</ele><time>2026-09-06T17:02:12.779650Z</time></trkpt>
  <trkpt lat="37.4128512" lon="-121.9951922"><ele>66</ele><time>2026-09-06T17:02:12.879135Z</time></trkpt>
  <trkpt lat="37.4128615" lon="-121.9951957"><ele>66</ele><time>2026-09-06T17:02:12.980205Z</time></trkpt>
  <trkpt lat="37.4128714" lon="-121.9952001"><ele>67</ele><time>2026-09-06T17:02:13.079717Z</time></trkpt>
  <trkpt lat="37.4128806" lon="-121.9952072"><ele>68</ele><time>2026-09-06T17:02:13.180898Z</time></trkpt>
  <trkpt lat="37.4128888" lon="-121.9952176"><ele>69</ele><time>2026-09-06T17:02:13.281044Z</time></trkpt>
  <trkpt lat="37.4128962" lon="-121.9952314"><ele>71</ele><time>2026-09-06T17:02:13.382104Z</time></trkpt>
  <trkpt lat="37.4129038" lon="-121.9952446"><ele>72</ele><time>2026-09-06T17:02:13.462849Z</time></trkpt>
  <trkpt lat="37.4129129" lon="-121.9952535"><ele>73</ele><time>2026-09-06T17:02:13.563309Z</time></trkpt>
  <trkpt lat="37.4129227" lon="-121.9952596"><ele>74</ele><time>2026-09-06T17:02:13.664117Z</time></trkpt>
  <trkpt lat="37.4129327" lon="-121.9952661"><ele>75</ele><time>2026-09-06T17:02:13.764850Z</time></trkpt>
  <trkpt lat="37.4129430" lon="-121.9952694"><ele>75</ele><time>2026-09-06T17:02:13.865955Z</time></trkpt>
  <trkpt lat="37.4129532" lon="-121.9952728"><ele>76</ele><time>2026-09-06T17:02:13.967196Z</time></trkpt>
  <trkpt lat="37.4129532" lon="-121.9952728"><ele>76</ele><time>2026-09-06T17:02:13.984716Z</time></trkpt>
  <trkpt lat="37.4129636" lon="-121.9952755"><ele>76</ele><time>2026-09-06T17:02:14.068196Z</time></trkpt>
  <trkpt lat="37.4129743" lon="-121.9952778"><ele>77</ele><time>2026-09-06T17:02:14.169177Z</time></trkpt>
  <trkpt lat="37.4129849" lon="-121.9952794"><ele>77</ele><time>2026-09-06T17:02:14.269611Z</time></trkpt>
  <trkpt lat="37.4129947" lon="-121.9952816"><ele>78</ele><time>2026-09-06T17:02:14.370362Z</time></trkpt>
  <trkpt lat="37.4130034" lon="-121.9952846"><ele>79</ele><time>2026-09-06T17:02:14.471834Z</time></trkpt>
  <trkpt lat="37.4130112" lon="-121.9952879"><ele>80</ele><time>2026-09-06T17:02:14.572872Z</time></trkpt>
  <trkpt lat="37.4130195" lon="-121.9952862"><ele>81</ele><time>2026-09-06T17:02:14.673399Z</time></trkpt>
  <trkpt lat="37.4130274" lon="-121.9952834"><ele>81</ele><time>2026-09-06T17:02:14.773875Z</time></trkpt>
  <trkpt lat="37.4130349" lon="-121.9952813"><ele>82</ele><time>2026-09-06T17:02:14.873980Z</time></trkpt>
  <trkpt lat="37.4130424" lon="-121.9952781"><ele>83</ele><time>2026-09-06T17:02:14.974440Z</time></trkpt>
  <trkpt lat="37.4130499" lon="-121.9952740"><ele>84</ele><time>2026-09-06T17:02:15.074791Z</time></trkpt>
  <trkpt lat="37.4130579" lon="-121.9952699"><ele>84</ele><time>2026-09-06T17:02:15.175210Z</time></trkpt>
  <trkpt lat="37.4130662" lon="-121.9952668"><ele>85</ele><time>2026-09-06T17:02:15.275581Z</time></trkpt>
  <trkpt lat="37.4130748" lon="-121.9952631"><ele>85</ele><time>2026-09-06T17:02:15.375857Z</time></trkpt>
  <trkpt lat="37.4130832" lon="-121.9952598"><ele>86</ele><time>2026-09-06T17:02:15.476479Z</time></trkpt>
  <trkpt lat="37.4130918" lon="-121.9952554"><ele>86</ele><time>2026-09-06T17:02:15.576950Z</time></trkpt>
  <trkpt lat="37.4131002" lon="-121.9952513"><ele>87</ele><time>2026-09-06T17:02:15.678015Z</time></trkpt>
  <trkpt lat="37.4131083" lon="-121.9952482"><ele>87</ele><time>2026-09-06T17:02:15.777753Z</time></trkpt>
  <trkpt lat="37.4131160" lon="-121.9952446"><ele>88</ele><time>2026-09-06T17:02:15.878366Z</time></trkpt>
  <trkpt lat="37.4131232" lon="-121.9952416"><ele>89</ele><time>2026-09-06T17:02:15.978763Z</time></trkpt>
  <trkpt lat="37.4131302" lon="-121.9952399"><ele>89</ele><time>2026-09-06T17:02:16.059765Z</time></trkpt>
  <trkpt lat="37.4131302" lon="-121.9952399"><ele>89</ele><time>2026-09-06T17:02:16.142388Z</time></trkpt>
  <trkpt lat="37.4131374" lon="-121.9952381"><ele>90</ele><time>2026-09-06T17:02:16.160250Z</time></trkpt>
  <trkpt lat="37.4131452" lon="-121.9952361"><ele>91</ele><time>2026-09-06T17:02:16.261088Z</time></trkpt>
  <trkpt lat="37.4131531" lon="-121.9952344"><ele>91</ele><time>2026-09-06T17:02:16.361675Z</time></trkpt>
  <trkpt lat="37.4131611" lon="-121.9952330"><ele>92</ele><time>2026-09-06T17:02:16.462129Z</time></trkpt>
  <trkpt lat="37.4131690" lon="-121.9952328"><ele>92</ele><time>2026-09-06T17:02:16.562732Z</time></trkpt>
  <trkpt lat="37.4131760" lon="-121.9952352"><ele>93</ele><time>2026-09-06T17:02:16.663805Z</time></trkpt>
  <trkpt lat="37.4131824" lon="-121.9952391"><ele>94</ele><time>2026-09-06T17:02:16.764795Z</time></trkpt>
  <trkpt lat="37.4131882" lon="-121.9952440"><ele>94</ele><time>2026-09-06T17:02:16.865197Z</time></trkpt>
  <trkpt lat="37.4131926" lon="-121.9952504"><ele>94</ele><time>2026-09-06T17:02:16.965538Z</time></trkpt>
  <trkpt lat="37.4131960" lon="-121.9952580"><ele>95</ele><time>2026-09-06T17:02:17.065765Z</time></trkpt>
  <trkpt lat="37.4131981" lon="-121.9952667"><ele>95</ele><time>2026-09-06T17:02:17.166093Z</time></trkpt>
  <trkpt lat="37.4131992" lon="-121.9952770"><ele>95</ele><time>2026-09-06T17:02:17.266993Z</time></trkpt>
  <trkpt lat="37.4131993" lon="-121.9952877"><ele>96</ele><time>2026-09-06T17:02:17.367373Z</time></trkpt>
  <trkpt lat="37.4131980" lon="-121.9952988"><ele>96</ele><time>2026-09-06T17:02:17.467713Z</time></trkpt>
  <trkpt lat="37.4131953" lon="-121.9953099"><ele>96</ele><time>2026-09-06T17:02:17.568198Z</time></trkpt>
  <trkpt lat="37.4131914" lon="-121.9953199"><ele>95</ele><time>2026-09-06T17:02:17.669040Z</time></trkpt>
  <trkpt lat="37.4131870" lon="-121.9953302"><ele>95</ele><time>2026-09-06T17:02:17.769986Z</time></trkpt>
  <trkpt lat="37.4131812" lon="-121.9953397"><ele>95</ele><time>2026-09-06T17:02:17.870158Z</time></trkpt>
  <trkpt lat="37.4131742" lon="-121.9953471"><ele>94</ele><time>2026-09-06T17:02:17.970832Z</time></trkpt>
  <trkpt lat="37.4131664" lon="-121.9953530"><ele>94</ele><time>2026-09-06T17:02:18.071814Z</time></trkpt>
  <trkpt lat="37.4131575" lon="-121.9953574"><ele>93</ele><time>2026-09-06T17:02:18.172473Z</time></trkpt>
  <trkpt lat="37.4131490" lon="-121.9953602"><ele>92</ele><time>2026-09-06T17:02:18.273180Z</time></trkpt>
  <trkpt lat="37.4131490" lon="-121.9953602"><ele>92</ele><time>2026-09-06T17:02:18.302133Z</time></trkpt>
  <trkpt lat="37.4131407" lon="-121.9953618"><ele>91</ele><time>2026-09-06T17:02:18.373334Z</time></trkpt>
  <trkpt lat="37.4131321" lon="-121.9953627"><ele>89</ele><time>2026-09-06T17:02:18.473744Z</time></trkpt>
  <trkpt lat="37.4131205" lon="-121.9953616"><ele>88</ele><time>2026-09-06T17:02:18.574298Z</time></trkpt>
  <trkpt lat="37.4131072" lon="-121.9953593"><ele>88</ele><time>2026-09-06T17:02:18.675037Z</time></trkpt>
  <trkpt lat="37.4130933" lon="-121.9953561"><ele>87</ele><time>2026-09-06T17:02:18.775528Z</time></trkpt>
  <trkpt lat="37.4130793" lon="-121.9953522"><ele>87</ele><time>2026-09-06T17:02:18.876086Z</time></trkpt>
  <trkpt lat="37.4130646" lon="-121.9953481"><ele>87</ele><time>2026-09-06T17:02:18.976839Z</time></trkpt>
  <trkpt lat="37.4130494" lon="-121.9953436"><ele>87</ele><time>2026-09-06T17:02:19.057493Z</time></trkpt>
  <trkpt lat="37.4130350" lon="-121.9953385"><ele>87</ele><time>2026-09-06T17:02:19.158121Z</time></trkpt>
  <trkpt lat="37.4130206" lon="-121.9953333"><ele>87</ele><time>2026-09-06T17:02:19.258925Z</time></trkpt>
  <trkpt lat="37.4130062" lon="-121.9953281"><ele>87</ele><time>2026-09-06T17:02:19.359746Z</time></trkpt>
  <trkpt lat="37.4129916" lon="-121.9953232"><ele>86</ele><time>2026-09-06T17:02:19.460747Z</time></trkpt>
  <trkpt lat="37.4129771" lon="-121.9953183"><ele>86</ele><time>2026-09-06T17:02:19.561444Z</time></trkpt>
  <trkpt lat="37.4129629" lon="-121.9953134"><ele>86</ele><time>2026-09-06T17:02:19.662419Z</time></trkpt>
  <trkpt lat="37.4129485" lon="-121.9953088"><ele>86</ele><time>2026-09-06T17:02:19.762979Z</time></trkpt>
  <trkpt lat="37.4129342" lon="-121.9953044"><ele>86</ele><time>2026-09-06T17:02:19.863157Z</time></trkpt>
  <trkpt lat="37.4129199" lon="-121.9953003"><ele>86</ele><time>2026-09-06T17:02:19.963755Z</time></trkpt>
  <trkpt lat="37.4129056" lon="-121.9952964"><ele>86</ele><time>2026-09-06T17:02:20.064907Z</time></trkpt>
  <trkpt lat="37.4128915" lon="-121.9952929"><ele>86</ele><time>2026-09-06T17:02:20.165897Z</time></trkpt>
  <trkpt lat="37.4128775" lon="-121.9952893"><ele>86</ele><time>2026-09-06T17:02:20.265790Z</time></trkpt>
  <trkpt lat="37.4128633" lon="-121.9952859"><ele>86</ele><time>2026-09-06T17:02:20.366516Z</time></trkpt>
  <trkpt lat="37.4128633" lon="-121.9952859"><ele>86</ele><time>2026-09-06T17:02:20.439506Z</time></trkpt>
  <trkpt lat="37.4128488" lon="-121.9952827"><ele>86</ele><time>2026-09-06T17:02:20.467385Z</time></trkpt>
  <trkpt lat="37.4128340" lon="-121.9952800"><ele>86</ele><time>2026-09-06T17:02:20.567753Z</time></trkpt>
  <trkpt lat="37.4128194" lon="-121.9952774"><ele>86</ele><time>2026-09-06T17:02:20.668407Z</time></trkpt>
  <trkpt lat="37.4128049" lon="-121.9952747"><ele>86</ele><time>2026-09-06T17:02:20.769016Z</time></trkpt>
  <trkpt lat="37.4127904" lon="-121.9952721"><ele>86</ele><time>2026-09-06T17:02:20.870031Z</time></trkpt>
  <trkpt lat="37.4127761" lon="-121.9952698"><ele>86</ele><time>2026-09-06T17:02:20.970898Z</time></trkpt>
  <trkpt lat="37.4127620" lon="-121.9952675"><ele>86</ele><time>2026-09-06T17:02:21.071332Z</time></trkpt>
  <trkpt lat="37.4127478" lon="-121.9952653"><ele>86</ele><time>2026-09-06T17:02:21.172240Z</time></trkpt>
  <trkpt lat="37.4127340" lon="-121.9952638"><ele>86</ele><time>2026-09-06T17:02:21.273067Z</time></trkpt>
  <trkpt lat="37.4127208" lon="-121.9952641"><ele>86</ele><time>2026-09-06T17:02:21.353591Z</time></trkpt>
  <trkpt lat="37.4127084" lon="-121.9952656"><ele>86</ele><time>2026-09-06T17:02:21.454197Z</time></trkpt>
  <trkpt lat="37.4126964" lon="-121.9952682"><ele>86</ele><time>2026-09-06T17:02:21.555306Z</time></trkpt>
  <trkpt lat="37.4126850" lon="-121.9952717"><ele>86</ele><time>2026-09-06T17:02:21.656510Z</time></trkpt>
  <trkpt lat="37.4126741" lon="-121.9952753"><ele>86</ele><time>2026-09-06T17:02:21.757040Z</time></trkpt>
  <trkpt lat="37.4126641" lon="-121.9952802"><ele>86</ele><time>2026-09-06T17:02:21.857487Z</time></trkpt>
  <trkpt lat="37.4126550" lon="-121.9952855"><ele>85</ele><time>2026-09-06T17:02:21.958290Z</time></trkpt>
  <trkpt lat="37.4126465" lon="-121.9952915"><ele>85</ele><time>2026-09-06T17:02:22.058421Z</time></trkpt>
  <trkpt lat="37.4126391" lon="-121.9952983"><ele>85</ele><time>2026-09-06T17:02:22.159116Z</time></trkpt>
  <trkpt lat="37.4126323" lon="-121.9953056"><ele>85</ele><time>2026-09-06T17:02:22.259367Z</time></trkpt>
  <trkpt lat="37.4126261" lon="-121.9953135"><ele>84</ele><time>2026-09-06T17:02:22.360531Z</time></trkpt>
  <trkpt lat="37.4126207" lon="-121.9953224"><ele>84</ele><time>2026-09-06T17:02:22.460809Z</time></trkpt>
  <trkpt lat="37.4126165" lon="-121.9953328"><ele>84</ele><time>2026-09-06T17:02:22.561956Z</time></trkpt>
  <trkpt lat="37.4126165" lon="-121.9953328"><ele>84</ele><time>2026-09-06T17:02:22.586562Z</time></trkpt>
  <trkpt lat="37.4126137" lon="-121.9953439"><ele>83</ele><time>2026-09-06T17:02:22.661862Z</time></trkpt>
  <trkpt lat="37.4126123" lon="-121.9953557"><ele>83</ele><time>2026-09-06T17:02:22.762506Z</time></trkpt>
  <trkpt lat="37.4126122" lon="-121.9953678"><ele>82</ele><time>2026-09-06T17:02:22.863160Z</time></trkpt>
  <trkpt lat="37.4126129" lon="-121.9953791"><ele>82</ele><time>2026-09-06T17:02:22.964111Z</time></trkpt>
  <trkpt lat="37.4126152" lon="-121.9953885"><ele>81</ele><time>2026-09-06T17:02:23.064397Z</time></trkpt>
  <trkpt lat="37.4126194" lon="-121.9953959"><ele>80</ele><time>2026-09-06T17:02:23.165064Z</time></trkpt>
  <trkpt lat="37.4126267" lon="-121.9954018"><ele>79</ele><time>2026-09-06T17:02:23.265212Z</time></trkpt>
  <trkpt lat="37.4126354" lon="-121.9954050"><ele>78</ele><time>2026-09-06T17:02:23.366504Z</time></trkpt>
  <trkpt lat="37.4126459" lon="-121.9954056"><ele>77</ele><time>2026-09-06T17:02:23.467506Z</time></trkpt>
  <trkpt lat="37.4126571" lon="-121.9954032"><ele>76</ele><time>2026-09-06T17:02:23.568872Z</time></trkpt>
  <trkpt lat="37.4126687" lon="-121.9953990"><ele>75</ele><time>2026-09-06T17:02:23.670189Z</time></trkpt>
  <trkpt lat="37.4126816" lon="-121.9953926"><ele>73</ele><time>2026-09-06T17:02:23.771043Z</time></trkpt>
  <trkpt lat="37.4126956" lon="-121.9953839"><ele>72</ele><time>2026-09-06T17:02:23.870983Z</time></trkpt>
  <trkpt lat="37.4127087" lon="-121.9953739"><ele>71</ele><time>2026-09-06T17:02:23.951641Z</time></trkpt>
  <trkpt lat="37.4127189" lon="-121.9953597"><ele>70</ele><time>2026-09-06T17:02:24.052921Z</time></trkpt>
  <trkpt lat="37.4127256" lon="-121.9953437"><ele>70</ele><time>2026-09-06T17:02:24.154389Z</time></trkpt>
  <trkpt lat="37.4127280" lon="-121.9953251"><ele>69</ele><time>2026-09-06T17:02:24.255225Z</time></trkpt>
  <trkpt lat="37.4127213" lon="-121.9953026"><ele>70</ele><time>2026-09-06T17:02:24.355923Z</time></trkpt>
  <trkpt lat="37.4127128" lon="-121.9952812"><ele>70</ele><time>2026-09-06T17:02:24.456686Z</time></trkpt>
  <trkpt lat="37.4127041" lon="-121.9952605"><ele>70</ele><time>2026-09-06T17:02:24.556953Z</time></trkpt>
  <trkpt lat="37.4126972" lon="-121.9952411"><ele>69</ele><time>2026-09-06T17:02:24.657579Z</time></trkpt>
  <trkpt lat="37.4126972" lon="-121.9952411"><ele>69</ele><time>2026-09-06T17:02:24.745895Z</time></trkpt>
  <trkpt lat="37.4126905" lon="-121.9952228"><ele>69</ele><time>2026-09-06T17:02:24.758087Z</time></trkpt>
  <trkpt lat="37.4126825" lon="-121.9952015"><ele>69</ele><time>2026-09-06T17:02:24.858587Z</time></trkpt>
  <trkpt lat="37.4126734" lon="-121.9951808"><ele>68</ele><time>2026-09-06T17:02:24.959315Z</time></trkpt>
  <trkpt lat="37.4126650" lon="-121.9951574"><ele>68</ele><time>2026-09-06T17:02:25.059917Z</time></trkpt>
  <trkpt lat="37.4126577" lon="-121.9951362"><ele>68</ele><time>2026-09-06T17:02:25.160947Z</time></trkpt>
  <trkpt lat="37.4126490" lon="-121.9951154"><ele>68</ele><time>2026-09-06T17:02:25.262601Z</time></trkpt>
  <trkpt lat="37.4126382" lon="-121.9950964"><ele>69</ele><time>2026-09-06T17:02:25.363447Z</time></trkpt>
  <trkpt lat="37.4126282" lon="-121.9950758"><ele>69</ele><time>2026-09-06T17:02:25.463487Z</time></trkpt>
  <trkpt lat="37.4126191" lon="-121.9950554"><ele>69</ele><time>2026-09-06T17:02:25.564142Z</time></trkpt>
  <trkpt lat="37.4126108" lon="-121.9950367"><ele>69</ele><time>2026-09-06T17:02:25.664799Z</time></trkpt>
  <trkpt lat="37.4126030" lon="-121.9950195"><ele>70</ele><time>2026-09-06T17:02:25.765758Z</time></trkpt>
  <trkpt lat="37.4125950" lon="-121.9950035"><ele>71</ele><time>2026-09-06T17:02:25.865894Z</time></trkpt>
  <trkpt lat="37.4125872" lon="-121.9949870"><ele>71</ele><time>2026-09-06T17:02:25.966758Z</time></trkpt>
  <trkpt lat="37.4125784" lon="-121.9949703"><ele>71</ele><time>2026-09-06T17:02:26.068075Z</time></trkpt>
  <trkpt lat="37.4125700" lon="-121.9949541"><ele>72</ele><time>2026-09-06T17:02:26.148728Z</time></trkpt>
  <trkpt lat="37.4125655" lon="-121.9949382"><ele>73</ele><time>2026-09-06T17:02:26.249630Z</time></trkpt>
  <trkpt lat="37.4125647" lon="-121.9949247"><ele>73</ele><time>2026-09-06T17:02:26.350425Z</time></trkpt>
  <trkpt lat="37.4125666" lon="-121.9949103"><ele>74</ele><time>2026-09-06T17:02:26.451055Z</time></trkpt>
  <trkpt lat="37.4125697" lon="-121.9948974"><ele>75</ele><time>2026-09-06T17:02:26.551936Z</time></trkpt>
  <trkpt lat="37.4125757" lon="-121.9948859"><ele>76</ele><time>2026-09-06T17:02:26.652402Z</time></trkpt>
  <trkpt lat="37.4125831" lon="-121.9948771"><ele>77</ele><time>2026-09-06T17:02:26.752996Z</time></trkpt>
  <trkpt lat="37.4125937" lon="-121.9948714"><ele>78</ele><time>2026-09-06T17:02:26.853565Z</time></trkpt>
  <trkpt lat="37.4125937" lon="-121.9948714"><ele>78</ele><time>2026-09-06T17:02:26.908516Z</time></trkpt>
  <trkpt lat="37.4126051" lon="-121.9948698"><ele>79</ele><time>2026-09-06T17:02:26.954703Z</time></trkpt>
  <trkpt lat="37.4126173" lon="-121.9948710"><ele>79</ele><time>2026-09-06T17:02:27.054987Z</time></trkpt>
  <trkpt lat="37.4126314" lon="-121.9948701"><ele>78</ele><time>2026-09-06T17:02:27.155569Z</time></trkpt>
  <trkpt lat="37.4126447" lon="-121.9948680"><ele>78</ele><time>2026-09-06T17:02:27.256043Z</time></trkpt>
  <trkpt lat="37.4126573" lon="-121.9948667"><ele>78</ele><time>2026-09-06T17:02:27.357425Z</time></trkpt>
  <trkpt lat="37.4126703" lon="-121.9948671"><ele>78</ele><time>2026-09-06T17:02:27.458129Z</time></trkpt>
  <trkpt lat="37.4126838" lon="-121.9948689"><ele>77</ele><time>2026-09-06T17:02:27.558061Z</time></trkpt>
  <trkpt lat="37.4126955" lon="-121.9948712"><ele>77</ele><time>2026-09-06T17:02:27.659340Z</time></trkpt>
  <trkpt lat="37.4127083" lon="-121.9948741"><ele>77</ele><time>2026-09-06T17:02:27.759519Z</time></trkpt>
  <trkpt lat="37.4127224" lon="-121.9948756"><ele>77</ele><time>2026-09-06T17:02:27.860289Z</time></trkpt>
  <trkpt lat="37.4127352" lon="-121.9948766"><ele>78</ele><time>2026-09-06T17:02:27.961228Z</time></trkpt>
  <trkpt lat="37.4127501" lon="-121.9948794"><ele>78</ele><time>2026-09-06T17:02:28.062006Z</time></trkpt>
  <trkpt lat="37.4127655" lon="-121.9948802"><ele>77</ele><time>2026-09-06T17:02:28.162645Z</time></trkpt>
  <trkpt lat="37.4127807" lon="-121.9948817"><ele>77</ele><time>2026-09-06T17:02:28.263428Z</time></trkpt>
  <trkpt lat="37.4127953" lon="-121.9948852"><ele>77</ele><time>2026-09-06T17:02:28.365204Z</time></trkpt>
  <trkpt lat="37.4128104" lon="-121.9948894"><ele>77</ele><time>2026-09-06T17:02:28.446167Z</time></trkpt>
  <trkpt lat="37.4128275" lon="-121.9948935"><ele>77</ele><time>2026-09-06T17:02:28.546506Z</time></trkpt>
  <trkpt lat="37.4128432" lon="-121.9948967"><ele>77</ele><time>2026-09-06T17:02:28.646871Z</time></trkpt>
  <trkpt lat="37.4128594" lon="-121.9949003"><ele>77</ele><time>2026-09-06T17:02:28.747474Z</time></trkpt>
  <trkpt lat="37.4128745" lon="-121.9949059"><ele>76</ele><time>2026-09-06T17:02:28.848136Z</time></trkpt>
  <trkpt lat="37.4128893" lon="-121.9949148"><ele>76</ele><time>2026-09-06T17:02:28.948134Z</time></trkpt>
  <trkpt lat="37.4129037" lon="-121.9949274"><ele>77</ele><time>2026-09-06T17:02:29.048532Z</time></trkpt>
  <trkpt lat="37.4129037" lon="-121.9949274"><ele>77</ele><time>2026-09-06T17:02:29.072698Z</time></trkpt>
  <trkpt lat="37.4129164" lon="-121.9949410"><ele>77</ele><time>2026-09-06T17:02:29.149444Z</time></trkpt>
  <trkpt lat="37.4129298" lon="-121.9949543"><ele>77</ele><time>2026-09-06T17:02:29.250609Z</time></trkpt>
  <trkpt lat="37.4129417" lon="-121.9949692"><ele>78</ele><time>2026-09-06T17:02:29.349921Z</time></trkpt>
  <trkpt lat="37.4129535" lon="-121.9949850"><ele>79</ele><time>2026-09-06T17:02:29.450300Z</time></trkpt>
  <trkpt lat="37.4129642" lon="-121.9950019"><ele>79</ele><time>2026-09-06T17:02:29.550932Z</time></trkpt>
  <trkpt lat="37.4129735" lon="-121.9950198"><ele>80</ele><time>2026-09-06T17:02:29.651350Z</time></trkpt>
  <trkpt lat="37.4129803" lon="-121.9950379"><ele>81</ele><time>2026-09-06T17:02:29.751662Z</time></trkpt>
  <trkpt lat="37.4129846" lon="-121.9950565"><ele>82</ele><time>2026-09-06T17:02:29.851971Z</time></trkpt>
  <trkpt lat="37.4129841" lon="-121.9950744"><ele>82</ele><time>2026-09-06T17:02:29.952596Z</time></trkpt>
  <trkpt lat="37.4129807" lon="-121.9950921"><ele>83</ele><time>2026-09-06T17:02:30.052809Z</time></trkpt>
  <trkpt lat="37.4129746" lon="-121.9951097"><ele>84</ele><time>2026-09-06T17:02:30.153251Z</time></trkpt>
  <trkpt lat="37.4129652" lon="-121.9951273"><ele>85</ele><time>2026-09-06T17:02:30.253830Z</time></trkpt>
  <trkpt lat="37.4129559" lon="-121.9951443"><ele>86</ele><time>2026-09-06T17:02:30.354278Z</time></trkpt>
  <trkpt lat="37.4129475" lon="-121.9951607"><ele>87</ele><time>2026-09-06T17:02:30.454680Z</time></trkpt>
  <trkpt lat="37.4129379" lon="-121.9951745"><ele>87</ele><time>2026-09-06T17:02:30.555293Z</time></trkpt>
  <trkpt lat="37.4129234" lon="-121.9951892"><ele>89</ele><time>2026-09-06T17:02:30.655675Z</time></trkpt>
  <trkpt lat="37.4129106" lon="-121.9952048"><ele>90</ele><time>2026-09-06T17:02:30.756715Z</time></trkpt>
  <trkpt lat="37.4128991" lon="-121.9952192"><ele>91</ele><time>2026-09-06T17:02:30.857814Z</time></trkpt>
  <trkpt lat="37.4128873" lon="-121.9952322"><ele>91</ele><time>2026-09-06T17:02:30.958692Z</time></trkpt>
  <trkpt lat="37.4128759" lon="-121.9952465"><ele>91</ele><time>2026-09-06T17:02:31.058886Z</time></trkpt>
  <trkpt lat="37.4128648" lon="-121.9952621"><ele>92</ele><time>2026-09-06T17:02:31.159406Z</time></trkpt>
  <trkpt lat="37.4128648" lon="-121.9952621"><ele>92</ele><time>2026-09-06T17:02:31.234023Z</time></trkpt>
  <trkpt lat="37.4128550" lon="-121.9952771"><ele>92</ele><time>2026-09-06T17:02:31.260038Z</time></trkpt>
  <trkpt lat="37.4128448" lon="-121.9952899"><ele>92</ele><time>2026-09-06T17:02:31.361810Z</time></trkpt>
  <trkpt lat="37.4128331" lon="-121.9952991"><ele>92</ele><time>2026-09-06T17:02:31.461459Z</time></trkpt>
  <trkpt lat="37.4128207" lon="-121.9953065"><ele>92</ele><time>2026-09-06T17:02:31.561638Z</time></trkpt>
  <trkpt lat="37.4128082" lon="-121.9953141"><ele>92</ele><time>2026-09-06T17:02:31.642427Z</time></trkpt>
  <trkpt lat="37.4127958" lon="-121.9953212"><ele>91</ele><time>2026-09-06T17:02:31.742624Z</time></trkpt>
  <trkpt lat="37.4127858" lon="-121.9953258"><ele>90</ele><time>2026-09-06T17:02:31.843291Z</time></trkpt>
  <trkpt lat="37.4127762" lon="-121.9953272"><ele>89</ele><time>2026-09-06T17:02:31.943261Z</time></trkpt>
  <trkpt lat="37.4127664" lon="-121.9953262"><ele>88</ele><time>2026-09-06T17:02:32.043668Z</time></trkpt>
  <trkpt lat="37.4127546" lon="-121.9953223"><ele>86</ele><time>2026-09-06T17:02:32.144575Z</time></trkpt>
  <trkpt lat="37.4127413" lon="-121.9953161"><ele>85</ele><time>2026-09-06T17:02:32.245158Z</time></trkpt>
  <trkpt lat="37.4127276" lon="-121.9953073"><ele>84</ele><time>2026-09-06T17:02:32.345447Z</time></trkpt>
  <trkpt lat="37.4127139" lon="-121.9952991"><ele>83</ele><time>2026-09-06T17:02:32.447463Z</time></trkpt>
  <trkpt lat="37.4127009" lon="-121.9952932"><ele>82</ele><time>2026-09-06T17:02:32.547536Z</time></trkpt>
  <trkpt lat="37.4126891" lon="-121.9952879"><ele>81</ele><time>2026-09-06T17:02:32.647692Z</time></trkpt>
  <trkpt lat="37.4126787" lon="-121.9952839"><ele>80</ele><time>2026-09-06T17:02:32.748175Z</time></trkpt>
  <trkpt lat="37.4126654" lon="-121.9952793"><ele>79</ele><time>2026-09-06T17:02:32.849263Z</time></trkpt>
  <trkpt lat="37.4126498" lon="-121.9952765"><ele>78</ele><time>2026-09-06T17:02:32.949679Z</time></trkpt>
  <trkpt lat="37.4126338" lon="-121.9952763"><ele>78</ele><time>2026-09-06T17:02:33.050133Z</time></trkpt>
  <trkpt lat="37.4126170" lon="-121.9952787"><ele>78</ele><time>2026-09-06T17:02:33.151214Z</time></trkpt>
  <trkpt lat="37.4125998" lon="-121.9952851"><ele>78</ele><time>2026-09-06T17:02:33.250979Z</time></trkpt>
  <trkpt lat="37.4125838" lon="-121.9952938"><ele>79</ele><time>2026-09-06T17:02:33.351761Z</time></trkpt>
  <trkpt lat="37.4125838" lon="-121.9952938"><ele>79</ele><time>2026-09-06T17:02:33.394635Z</time></trkpt>
  <trkpt lat="37.4125693" lon="-121.9953051"><ele>79</ele><time>2026-09-06T17:02:33.452123Z</time></trkpt>
  <trkpt lat="37.4125566" lon="-121.9953181"><ele>80</ele><time>2026-09-06T17:02:33.552354Z</time></trkpt>
  <trkpt lat="37.4125470" lon="-121.9953331"><ele>80</ele><time>2026-09-06T17:02:33.653467Z</time></trkpt>
  <trkpt lat="37.4125397" lon="-121.9953492"><ele>80</ele><time>2026-09-06T17:02:33.754565Z</time></trkpt>
  <trkpt lat="37.4125339" lon="-121.9953664"><ele>80</ele><time>2026-09-06T17:02:33.855005Z</time></trkpt>
  <trkpt lat="37.4125305" lon="-121.9953838"><ele>80</ele><time>2026-09-06T17:02:33.955390Z</time></trkpt>
  <trkpt lat="37.4125299" lon="-121.9954003"><ele>80</ele><time>2026-09-06T17:02:34.055639Z</time></trkpt>
  <trkpt lat="37.4125306" lon="-121.9954164"><ele>79</ele><time>2026-09-06T17:02:34.156305Z</time></trkpt>
  <trkpt lat="37.4125339" lon="-121.9954326"><ele>79</ele><time>2026-09-06T17:02:34.256325Z</time></trkpt>
  <trkpt lat="37.4125377" lon="-121.9954499"><ele>78</ele><time>2026-09-06T17:02:34.357242Z</time></trkpt>
  <trkpt lat="37.4125433" lon="-121.9954662"><ele>78</ele><time>2026-09-06T17:02:34.457675Z</time></trkpt>
  <trkpt lat="37.4125502" lon="-121.9954811"><ele>78</ele><time>2026-09-06T17:02:34.558102Z</time></trkpt>
  <trkpt lat="37.4125589" lon="-121.9954944"><ele>77</ele><time>2026-09-06T17:02:34.658965Z</time></trkpt>
  <trkpt lat="37.4125672" lon="-121.9955065"><ele>77</ele><time>2026-09-06T17:02:34.739350Z</time></trkpt>
  <trkpt lat="37.4125769" lon="-121.9955195"><ele>76</ele><time>2026-09-06T17:02:34.840012Z</time></trkpt>
  <trkpt lat="37.4125877" lon="-121.9955318"><ele>76</ele><time>2026-09-06T17:02:34.940505Z</time></trkpt>
  <trkpt lat="37.4126008" lon="-121.9955421"><ele>76</ele><time>2026-09-06T17:02:35.041168Z</time></trkpt>
  <trkpt lat="37.4126144" lon="-121.9955531"><ele>76</ele><time>2026-09-06T17:02:35.141684Z</time></trkpt>
  <trkpt lat="37.4126273" lon="-121.9955642"><ele>76</ele><time>2026-09-06T17:02:35.242180Z</time></trkpt>
  <trkpt lat="37.4126405" lon="-121.9955737"><ele>77</ele><time>2026-09-06T17:02:35.342920Z</time></trkpt>
  <trkpt lat="37.4126543" lon="-121.9955825"><ele>77</ele><time>2026-09-06T17:02:35.444160Z</time></trkpt>
  <trkpt lat="37.4126673" lon="-121.9955921"><ele>77</ele><time>2026-09-06T17:02:35.543894Z</time></trkpt>
  <trkpt lat="37.4126673" lon="-121.9955921"><ele>77</ele><time>2026-09-06T17:02:35.553987Z</time></trkpt>
  <trkpt lat="37.4126793" lon="-121.9956017"><ele>78</ele><time>2026-09-06T17:02:35.644376Z</time></trkpt>
  <trkpt lat="37.4126897" lon="-121.9956099"><ele>78</ele><time>2026-09-06T17:02:35.745356Z</time></trkpt>
  <trkpt lat="37.4126970" lon="-121.9956217"><ele>78</ele><time>2026-09-06T17:02:35.846250Z</time></trkpt>
  <trkpt lat="37.4127025" lon="-121.9956360"><ele>79</ele><time>2026-09-06T17:02:35.946926Z</time></trkpt>
  <trkpt lat="37.4127060" lon="-121.9956526"><ele>79</ele><time>2026-09-06T17:02:36.047584Z</time></trkpt>
  <trkpt lat="37.4127076" lon="-121.9956675"><ele>79</ele><time>2026-09-06T17:02:36.147798Z</time></trkpt>
  <trkpt lat="37.4127095" lon="-121.9956791"><ele>80</ele><time>2026-09-06T17:02:36.248147Z</time></trkpt>
  <trkpt lat="37.4127121" lon="-121.9956912"><ele>81</ele><time>2026-09-06T17:02:36.348602Z</time></trkpt>
  <trkpt lat="37.4127142" lon="-121.9957032"><ele>81</ele><time>2026-09-06T17:02:36.448879Z</time></trkpt>
  <trkpt lat="37.4127144" lon="-121.9957148"><ele>81</ele><time>2026-09-06T17:02:36.549485Z</time></trkpt>
  <trkpt lat="37.4127129" lon="-121.9957285"><ele>81</ele><time>2026-09-06T17:02:36.649917Z</time></trkpt>
  <trkpt lat="37.4127097" lon="-121.9957403"><ele>82</ele><time>2026-09-06T17:02:36.750299Z</time></trkpt>
  <trkpt lat="37.4127060" lon="-121.9957505"><ele>82</ele><time>2026-09-06T17:02:36.850510Z</time></trkpt>
  <trkpt lat="37.4127044" lon="-121.9957612"><ele>83</ele><time>2026-09-06T17:02:36.950696Z</time></trkpt>
  <trkpt lat="37.4127040" lon="-121.9957699"><ele>83</ele><time>2026-09-06T17:02:37.051031Z</time></trkpt>
  <trkpt lat="37.4127027" lon="-121.9957820"><ele>83</ele><time>2026-09-06T17:02:37.151819Z</time></trkpt>
  <trkpt lat="37.4127016" lon="-121.9957944"><ele>84</ele><time>2026-09-06T17:02:37.253187Z</time></trkpt>
  <trkpt lat="37.4126998" lon="-121.9958074"><ele>84</ele><time>2026-09-06T17:02:37.353234Z</time></trkpt>
  <trkpt lat="37.4126972" lon="-121.9958223"><ele>85</ele><time>2026-09-06T17:02:37.453491Z</time></trkpt>
  <trkpt lat="37.4126945" lon="-121.9958349"><ele>86</ele><time>2026-09-06T17:02:37.553960Z</time></trkpt>
  <trkpt lat="37.4126917" lon="-121.9958463"><ele>86</ele><time>2026-09-06T17:02:37.654822Z</time></trkpt>
  <trkpt lat="37.4126917" lon="-121.9958463"><ele>86</ele><time>2026-09-06T17:02:37.712836Z</time></trkpt>
  <trkpt lat="37.4126906" lon="-121.9958553"><ele>86</ele><time>2026-09-06T17:02:37.735439Z</time></trkpt>
  <trkpt lat="37.4126905" lon="-121.9958601"><ele>86</ele><time>2026-09-06T17:02:37.837063Z</time></trkpt>
  <trkpt lat="37.4126912" lon="-121.9958630"><ele>85</ele><time>2026-09-06T17:02:37.937874Z</time></trkpt>
  <trkpt lat="37.4126934" lon="-121.9958613"><ele>84</ele><time>2026-09-06T17:02:38.038093Z</time></trkpt>
  <trkpt lat="37.4126934" lon="-121.9958601"><ele>83</ele><time>2026-09-06T17:02:38.138644Z</time></trkpt>
  <trkpt lat="37.4126935" lon="-121.9958554"><ele>83</ele><time>2026-09-06T17:02:38.240059Z</time></trkpt>
  <trkpt lat="37.4126969" lon="-121.9958432"><ele>83</ele><time>2026-09-06T17:02:38.341072Z</time></trkpt>
  <trkpt lat="37.4127024" lon="-121.9958279"><ele>81</ele><time>2026-09-06T17:02:38.441686Z</time></trkpt>
  <trkpt lat="37.4127083" lon="-121.9958097"><ele>81</ele><time>2026-09-06T17:02:38.541674Z</time></trkpt>
  <trkpt lat="37.4127159" lon="-121.9957883"><ele>81</ele><time>2026-09-06T17:02:38.642323Z</time></trkpt>
  <trkpt lat="37.4127236" lon="-121.9957660"><ele>80</ele><time>2026-09-06T17:02:38.742363Z</time></trkpt>
  <trkpt lat="37.4127306" lon="-121.9957449"><ele>80</ele><time>2026-09-06T17:02:38.842824Z</time></trkpt>
  <trkpt lat="37.4127383" lon="-121.9957226"><ele>80</ele><time>2026-09-06T17:02:38.943136Z</time></trkpt>
  <trkpt lat="37.4127479" lon="-121.9956990"><ele>79</ele><time>2026-09-06T17:02:39.044286Z</time></trkpt>
  <trkpt lat="37.4127572" lon="-121.9956767"><ele>79</ele><time>2026-09-06T17:02:39.144974Z</time></trkpt>
  <trkpt lat="37.4127657" lon="-121.9956549"><ele>78</ele><time>2026-09-06T17:02:39.245247Z</time></trkpt>
  <trkpt lat="37.4127747" lon="-121.9956351"><ele>78</ele><time>2026-09-06T17:02:39.346010Z</time></trkpt>
  <trkpt lat="37.4127862" lon="-121.9956183"><ele>78</ele><time>2026-09-06T17:02:39.446395Z</time></trkpt>
  <trkpt lat="37.4128000" lon="-121.9956040"><ele>78</ele><time>2026-09-06T17:02:39.547356Z</time></trkpt>
  <trkpt lat="37.4128177" lon="-121.9955923"><ele>77</ele><time>2026-09-06T17:02:39.646800Z</time></trkpt>
  <trkpt lat="37.4128313" lon="-121.9955798"><ele>77</ele><time>2026-09-06T17:02:39.747650Z</time></trkpt>
  <trkpt lat="37.4128440" lon="-121.9955677"><ele>77</ele><time>2026-09-06T17:02:39.848010Z</time></trkpt>
  <trkpt lat="37.4128440" lon="-121.9955677"><ele>77</ele><time>2026-09-06T17:02:39.876219Z</time></trkpt>
  <trkpt lat="37.4128558" lon="-121.9955566"><ele>77</ele><time>2026-09-06T17:02:39.949511Z</time></trkpt>
  <trkpt lat="37.4128701" lon="-121.9955500"><ele>76</ele><time>2026-09-06T17:02:40.050251Z</time></trkpt>
  <trkpt lat="37.4128838" lon="-121.9955447"><ele>76</ele><time>2026-09-06T17:02:40.150752Z</time></trkpt>
  <trkpt lat="37.4128964" lon="-121.9955373"><ele>75</ele><time>2026-09-06T17:02:40.251381Z</time></trkpt>
  <trkpt lat="37.4129088" lon="-121.9955278"><ele>74</ele><time>2026-09-06T17:02:40.351466Z</time></trkpt>
  <trkpt lat="37.4129217" lon="-121.9955174"><ele>73</ele><time>2026-09-06T17:02:40.451870Z</time></trkpt>
  <trkpt lat="37.4129335" lon="-121.9955096"><ele>73</ele><time>2026-09-06T17:02:40.552419Z</time></trkpt>
  <trkpt lat="37.4129453" lon="-121.9955004"><ele>73</ele><time>2026-09-06T17:02:40.653140Z</time></trkpt>
  <trkpt lat="37.4129564" lon="-121.9954875"><ele>74</ele><time>2026-09-06T17:02:40.733586Z</time></trkpt>
  <trkpt lat="37.4129663" lon="-121.9954731"><ele>75</ele><time>2026-09-06T17:02:40.834225Z</time></trkpt>
  <trkpt lat="37.4129754" lon="-121.9954569"><ele>75</ele><time>2026-09-06T17:02:40.934705Z</time></trkpt>
  <trkpt lat="37.4129828" lon="-121.9954378"><ele>75</ele><time>2026-09-06T17:02:41.035877Z</time></trkpt>
  <trkpt lat="37.4129883" lon="-121.9954173"><ele>75</ele><time>2026-09-06T17:02:41.137240Z</time></trkpt>
  <trkpt lat="37.4129925" lon="-121.9953962"><ele>75</ele><time>2026-09-06T17:02:41.238249Z</time></trkpt>
  <trkpt lat="37.4129938" lon="-121.9953770"><ele>75</ele><time>2026-09-06T17:02:41.338639Z</time></trkpt>
  <trkpt lat="37.4129921" lon="-121.9953588"><ele>74</ele><time>2026-09-06T17:02:41.439216Z</time></trkpt>
  <trkpt lat="37.4129871" lon="-121.9953439"><ele>74</ele><time>2026-09-06T17:02:41.539839Z</time></trkpt>
  <trkpt lat="37.4129781" lon="-121.9953309"><ele>74</ele><time>2026-09-06T17:02:41.640695Z</time></trkpt>
  <trkpt lat="37.4129668" lon="-121.9953198"><ele>74</ele><time>2026-09-06T17:02:41.740627Z</time></trkpt>
  <trkpt lat="37.4129538" lon="-121.9953093"><ele>74</ele><time>2026-09-06T17:02:41.841368Z</time></trkpt>
  <trkpt lat="37.4129408" lon="-121.9953032"><ele>75</ele><time>2026-09-06T17:02:41.941963Z</time></trkpt>
  <trkpt lat="37.4129408" lon="-121.9953032"><ele>75</ele><time>2026-09-06T17:02:42.036861Z</time></trkpt>
  <trkpt lat="37.4129276" lon="-121.9952996"><ele>76</ele><time>2026-09-06T17:02:42.042626Z</time></trkpt>
  <trkpt lat="37.4129138" lon="-121.9952969"><ele>77</ele><time>2026-09-06T17:02:42.144124Z</time></trkpt>
  <trkpt lat="37.4128987" lon="-121.9952955"><ele>77</ele><time>2026-09-06T17:02:42.244747Z</time></trkpt>
  <trkpt lat="37.4128834" lon="-121.9952930"><ele>78</ele><time>2026-09-06T17:02:42.345694Z</time></trkpt>
  <trkpt lat="37.4128677" lon="-121.9952900"><ele>78</ele><time>2026-09-06T17:02:42.446370Z</time></trkpt>
  <trkpt lat="37.4128526" lon="-121.9952879"><ele>79</ele><time>2026-09-06T17:02:42.547266Z</time></trkpt>
  <trkpt lat="37.4128366" lon="-121.9952878"><ele>79</ele><time>2026-09-06T17:02:42.647440Z</time></trkpt>
  <trkpt lat="37.4128192" lon="-121.9952903"><ele>80</ele><time>2026-09-06T17:02:42.748713Z</time></trkpt>
  <trkpt lat="37.4128017" lon="-121.9952948"><ele>80</ele><time>2026-09-06T17:02:42.849121Z</time></trkpt>
  <trkpt lat="37.4127838" lon="-121.9952976"><ele>81</ele><time>2026-09-06T17:02:42.949672Z</time></trkpt>
  <trkpt lat="37.4127659" lon="-121.9953001"><ele>81</ele><time>2026-09-06T17:02:43.030035Z</time></trkpt>
  <trkpt lat="37.4127479" lon="-121.9953034"><ele>81</ele><time>2026-09-06T17:02:43.130434Z</time></trkpt>
  <trkpt lat="37.4127308" lon="-121.9953075"><ele>81</ele><time>2026-09-06T17:02:43.230971Z</time></trkpt>
  <trkpt lat="37.4127126" lon="-121.9953087"><ele>81</ele><time>2026-09-06T17:02:43.331514Z</time></trkpt>
  <trkpt lat="37.4126905" lon="-121.9953060"><ele>81</ele><time>2026-09-06T17:02:43.432296Z</time></trkpt>
  <trkpt lat="37.4126704" lon="-121.9953026"><ele>80</ele><time>2026-09-06T17:02:43.532696Z</time></trkpt>
  <trkpt lat="37.4126503" lon="-121.9952976"><ele>80</ele><time>2026-09-06T17:02:43.633306Z</time></trkpt>
  <trkpt lat="37.4126304" lon="-121.9952924"><ele>79</ele><time>2026-09-06T17:02:43.733777Z</time></trkpt>
  <trkpt lat="37.4126120" lon="-121.9952872"><ele>78</ele><time>2026-09-06T17:02:43.835459Z</time></trkpt>
  <trkpt lat="37.4125954" lon="-121.9952819"><ele>76</ele><time>2026-09-06T17:02:43.936273Z</time></trkpt>
  <trkpt lat="37.4125780" lon="-121.9952776"><ele>75</ele><time>2026-09-06T17:02:44.036779Z</time></trkpt>
  <trkpt lat="37.4125600" lon="-121.9952739"><ele>74</ele><time>2026-09-06T17:02:44.137109Z</time></trkpt>
  <trkpt lat="37.4125600" lon="-121.9952739"><ele>74</ele><time>2026-09-06T17:02:44.202381Z</time></trkpt>
  <trkpt lat="37.4125422" lon="-121.9952696"><ele>74</ele><time>2026-09-06T17:02:44.238571Z</time></trkpt>
  <trkpt lat="37.4125241" lon="-121.9952626"><ele>73</ele><time>2026-09-06T17:02:44.339004Z</time></trkpt>
  <trkpt lat="37.4125066" lon="-121.9952533"><ele>73</ele><time>2026-09-06T17:02:44.439709Z</time></trkpt>
  <trkpt lat="37.4124902" lon="-121.9952436"><ele>74</ele><time>2026-09-06T17:02:44.539979Z</time></trkpt>
  <trkpt lat="37.4124739" lon="-121.9952343"><ele>74</ele><time>2026-09-06T17:02:44.640578Z</time></trkpt>
  <trkpt lat="37.4124574" lon="-121.9952251"><ele>75</ele><time>2026-09-06T17:02:44.741408Z</time></trkpt>
  <trkpt lat="37.4124418" lon="-121.9952156"><ele>75</ele><time>2026-09-06T17:02:44.841372Z</time></trkpt>
  <trkpt lat="37.4124268" lon="-121.9952061"><ele>75</ele><time>2026-09-06T17:02:44.942464Z</time></trkpt>
  <trkpt lat="37.4124117" lon="-121.9951964"><ele>75</ele><time>2026-09-06T17:02:45.043226Z</time></trkpt>
  <trkpt lat="37.4123975" lon="-121.9951863"><ele>76</ele><time>2026-09-06T17:02:45.143834Z</time></trkpt>
  <trkpt lat="37.4123841" lon="-121.9951750"><ele>76</ele><time>2026-09-06T17:02:45.244087Z</time></trkpt>
  <trkpt lat="37.4123713" lon="-121.9951627"><ele>76</ele><time>2026-09-06T17:02:45.344992Z</time></trkpt>
  <trkpt lat="37.4123606" lon="-121.9951494"><ele>76</ele><time>2026-09-06T17:02:45.445905Z</time></trkpt>
  <trkpt lat="37.4123525" lon="-121.9951345"><ele>76</ele><time>2026-09-06T17:02:45.546444Z</time></trkpt>
  <trkpt lat="37.4123450" lon="-121.9951193"><ele>76</ele><time>2026-09-06T17:02:45.627560Z</time></trkpt>
  <trkpt lat="37.4123384" lon="-121.9951035"><ele>76</ele><time>2026-09-06T17:02:45.748185Z</time></trkpt>
  <trkpt lat="37.4123326" lon="-121.9950876"><ele>76</ele><time>2026-09-06T17:02:45.828667Z</time></trkpt>
  <trkpt lat="37.4123274" lon="-121.9950715"><ele>76</ele><time>2026-09-06T17:02:45.929501Z</time></trkpt>
  <trkpt lat="37.4123228" lon="-121.9950551"><ele>76</ele><time>2026-09-06T17:02:46.030565Z</time></trkpt>
  <trkpt lat="37.4123191" lon="-121.9950384"><ele>76</ele><time>2026-09-06T17:02:46.131603Z</time></trkpt>
  <trkpt lat="37.4123166" lon="-121.9950214"><ele>76</ele><time>2026-09-06T17:02:46.232572Z</time></trkpt>
  <trkpt lat="37.4123158" lon="-121.9950048"><ele>76</ele><time>2026-09-06T17:02:46.333773Z</time></trkpt>
  <trkpt lat="37.4123158" lon="-121.9950048"><ele>76</ele><time>2026-09-06T17:02:46.358056Z</time></trkpt>
  <trkpt lat="37.4123166" lon="-121.9949888"><ele>76</ele><time>2026-09-06T17:02:46.434966Z</time></trkpt>
  <trkpt lat="37.4123186" lon="-121.9949729"><ele>76</ele><time>2026-09-06T17:02:46.535893Z</time></trkpt>
  <trkpt lat="37.4123215" lon="-121.9949577"><ele>76</ele><time>2026-09-06T17:02:46.637166Z</time></trkpt>
  <trkpt lat="37.4123252" lon="-121.9949428"><ele>75</ele><time>2026-09-06T17:02:46.738204Z</time></trkpt>
  <trkpt lat="37.4123296" lon="-121.9949290"><ele>75</ele><time>2026-09-06T17:02:46.837547Z</time></trkpt>
  <trkpt lat="37.4123349" lon="-121.9949160"><ele>75</ele><time>2026-09-06T17:02:46.938294Z</time></trkpt>
  <trkpt lat="37.4123406" lon="-121.9949041"><ele>76</ele><time>2026-09-06T17:02:47.038970Z</time></trkpt>
  <trkpt lat="37.4123469" lon="-121.9948927"><ele>76</ele><time>2026-09-06T17:02:47.139671Z</time></trkpt>
  <trkpt lat="37.4123539" lon="-121.9948815"><ele>76</ele><time>2026-09-06T17:02:47.241121Z</time></trkpt>
  <trkpt lat="37.4123609" lon="-121.9948707"><ele>76</ele><time>2026-09-06T17:02:47.341459Z</time></trkpt>
  <trkpt lat="37.4123682" lon="-121.9948602"><ele>76</ele><time>2026-09-06T17:02:47.441752Z</time></trkpt>
  <trkpt lat="37.4123759" lon="-121.9948503"><ele>76</ele><time>2026-09-06T17:02:47.542206Z</time></trkpt>
  <trkpt lat="37.4123837" lon="-121.9948405"><ele>76</ele><time>2026-09-06T17:02:47.642498Z</time></trkpt>
  <trkpt lat="37.4123918" lon="-121.9948309"><ele>76</ele><time>2026-09-06T17:02:47.742727Z</time></trkpt>
  <trkpt lat="37.4123997" lon="-121.9948212"><ele>77</ele><time>2026-09-06T17:02:47.843643Z</time></trkpt>
  <trkpt lat="37.4124076" lon="-121.9948116"><ele>77</ele><time>2026-09-06T17:02:47.944666Z</time></trkpt>
  <trkpt lat="37.4124153" lon="-121.9948018"><ele>77</ele><time>2026-09-06T17:02:48.045051Z</time></trkpt>
  <trkpt lat="37.4124228" lon="-121.9947920"><ele>77</ele><time>2026-09-06T17:02:48.125371Z</time></trkpt>
  <trkpt lat="37.4124305" lon="-121.9947823"><ele>77</ele><time>2026-09-06T17:02:48.225531Z</time></trkpt>
  <trkpt lat="37.4124385" lon="-121.9947726"><ele>76</ele><time>2026-09-06T17:02:48.326511Z</time></trkpt>
  <trkpt lat="37.4124465" lon="-121.9947631"><ele>76</ele><time>2026-09-06T17:02:48.427100Z</time></trkpt>
  <trkpt lat="37.4124465" lon="-121.9947631"><ele>76</ele><time>2026-09-06T17:02:48.516877Z</time></trkpt>
  <trkpt lat="37.4124550" lon="-121.9947542"><ele>76</ele><time>2026-09-06T17:02:48.527947Z</time></trkpt>
  <trkpt lat="37.4124640" lon="-121.9947462"><ele>76</ele><time>2026-09-06T17:02:48.628457Z</time></trkpt>
  <trkpt lat="37.4124736" lon="-121.9947390"><ele>76</ele><time>2026-09-06T17:02:48.729313Z</time></trkpt>
  <trkpt lat="37.4124837" lon="-121.9947329"><ele>75</ele><time>2026-09-06T17:02:48.830388Z</time></trkpt>
  <trkpt lat="37.4124943" lon="-121.9947286"><ele>75</ele><time>2026-09-06T17:02:48.932423Z</time></trkpt>
  <trkpt lat="37.4125051" lon="-121.9947264"><ele>75</ele><time>2026-09-06T17:02:49.033147Z</time></trkpt>
  <trkpt lat="37.4125161" lon="-121.9947250"><ele>75</ele><time>2026-09-06T17:02:49.133601Z</time></trkpt>
  <trkpt lat="37.4125273" lon="-121.9947234"><ele>75</ele><time>2026-09-06T17:02:49.234643Z</time></trkpt>
  <trkpt lat="37.4125386" lon="-121.9947226"><ele>75</ele><time>2026-09-06T17:02:49.335307Z</time></trkpt>
  <trkpt lat="37.4125499" lon="-121.9947229"><ele>75</ele><time>2026-09-06T17:02:49.435871Z</time></trkpt>
  <trkpt lat="37.4125612" lon="-121.9947236"><ele>75</ele><time>2026-09-06T17:02:49.536679Z</time></trkpt>
  <trkpt lat="37.4125725" lon="-121.9947254"><ele>75</ele><time>2026-09-06T17:02:49.637849Z</time></trkpt>
  <trkpt lat="37.4125839" lon="-121.9947279"><ele>75</ele><time>2026-09-06T17:02:49.738700Z</time></trkpt>
  <trkpt lat="37.4125952" lon="-121.9947314"><ele>75</ele><time>2026-09-06T17:02:49.839714Z</time></trkpt>
  <trkpt lat="37.4126066" lon="-121.9947350"><ele>75</ele><time>2026-09-06T17:02:49.939881Z</time></trkpt>
  <trkpt lat="37.4126180" lon="-121.9947389"><ele>74</ele><time>2026-09-06T17:02:50.040507Z</time></trkpt>
  <trkpt lat="37.4126293" lon="-121.9947430"><ele>74</ele><time>2026-09-06T17:02:50.141118Z</time></trkpt>
  <trkpt lat="37.4126406" lon="-121.9947475"><ele>74</ele><time>2026-09-06T17:02:50.241818Z</time></trkpt>
  <trkpt lat="37.4126518" lon="-121.9947525"><ele>74</ele><time>2026-09-06T17:02:50.322552Z</time></trkpt>
  <trkpt lat="37.4126630" lon="-121.9947580"><ele>74</ele><time>2026-09-06T17:02:50.423182Z</time></trkpt>
  <trkpt lat="37.4126739" lon="-121.9947640"><ele>73</ele><time>2026-09-06T17:02:50.523887Z</time></trkpt>
  <trkpt lat="37.4126850" lon="-121.9947704"><ele>73</ele><time>2026-09-06T17:02:50.624349Z</time></trkpt>
  <trkpt lat="37.4126850" lon="-121.9947704"><ele>73</ele><time>2026-09-06T17:02:50.651872Z</time></trkpt>
  <trkpt lat="37.4126960" lon="-121.9947772"><ele>73</ele><time>2026-09-06T17:02:50.724532Z</time></trkpt>
  <trkpt lat="37.4127065" lon="-121.9947852"><ele>73</ele><time>2026-09-06T17:02:50.825249Z</time></trkpt>
  <trkpt lat="37.4127168" lon="-121.9947942"><ele>73</ele><time>2026-09-06T17:02:50.925839Z</time></trkpt>
  <trkpt lat="37.4127270" lon="-121.9948033"><ele>73</ele><time>2026-09-06T17:02:51.026454Z</time></trkpt>
  <trkpt lat="37.4127371" lon="-121.9948125"><ele>73</ele><time>2026-09-06T17:02:51.127096Z</time></trkpt>
  <trkpt lat="37.4127470" lon="-121.9948218"><ele>73</ele><time>2026-09-06T17:02:51.227718Z</time></trkpt>
  <trkpt lat="37.4127568" lon="-121.9948312"><ele>73</ele><time>2026-09-06T17:02:51.328798Z</time></trkpt>
  <trkpt lat="37.4127666" lon="-121.9948407"><ele>73</ele><time>2026-09-06T17:02:51.429329Z</time></trkpt>
  <trkpt lat="37.4127765" lon="-121.9948504"><ele>72</ele><time>2026-09-06T17:02:51.529685Z</time></trkpt>
  <trkpt lat="37.4127859" lon="-121.9948601"><ele>72</ele><time>2026-09-06T17:02:51.630199Z</time></trkpt>
  <trkpt lat="37.4127954" lon="-121.9948693"><ele>72</ele><time>2026-09-06T17:02:51.730287Z</time></trkpt>
  <trkpt lat="37.4128048" lon="-121.9948782"><ele>71</ele><time>2026-09-06T17:02:51.830876Z</time></trkpt>
  <trkpt lat="37.4128141" lon="-121.9948868"><ele>71</ele><time>2026-09-06T17:02:51.931122Z</time></trkpt>
  <trkpt lat="37.4128236" lon="-121.9948942"><ele>70</ele><time>2026-09-06T17:02:52.031152Z</time></trkpt>
  <trkpt lat="37.4128336" lon="-121.9949001"><ele>69</ele><time>2026-09-06T17:02:52.131524Z</time></trkpt>
  <trkpt lat="37.4128445" lon="-121.9949052"><ele>69</ele><time>2026-09-06T17:02:52.233194Z</time></trkpt>
  <trkpt lat="37.4128564" lon="-121.9949100"><ele>69</ele><time>2026-09-06T17:02:52.334729Z</time></trkpt>
  <trkpt lat="37.4128682" lon="-121.9949140"><ele>69</ele><time>2026-09-06T17:02:52.435784Z</time></trkpt>
  <trkpt lat="37.4128802" lon="-121.9949171"><ele>69</ele><time>2026-09-06T17:02:52.536399Z</time></trkpt>
  <trkpt lat="37.4128918" lon="-121.9949194"><ele>69</ele><time>2026-09-06T17:02:52.636897Z</time></trkpt>
  <trkpt lat="37.4129033" lon="-121.9949214"><ele>69</ele><time>2026-09-06T17:02:52.737089Z</time></trkpt>
  <trkpt lat="37.4129033" lon="-121.9949214"><ele>69</ele><time>2026-09-06T17:02:52.808596Z</time></trkpt>
  <trkpt lat="37.4129146" lon="-121.9949231"><ele>69</ele><time>2026-09-06T17:02:52.837593Z</time></trkpt>
  <trkpt lat="37.4129260" lon="-121.9949246"><ele>69</ele><time>2026-09-06T17:02:52.937760Z</time></trkpt>
  <trkpt lat="37.4129371" lon="-121.9949255"><ele>69</ele><time>2026-09-06T17:02:53.038417Z</time></trkpt>
  <trkpt lat="37.4129478" lon="-121.9949259"><ele>69</ele><time>2026-09-06T17:02:53.139260Z</time></trkpt>
  <trkpt lat="37.4129581" lon="-121.9949271"><ele>70</ele><time>2026-09-06T17:02:53.218868Z</time></trkpt>
  <trkpt lat="37.4129683" lon="-121.9949274"><ele>70</ele><time>2026-09-06T17:02:53.339146Z</time></trkpt>
  <trkpt lat="37.4129782" lon="-121.9949275"><ele>70</ele><time>2026-09-06T17:02:53.419592Z</time></trkpt>
  <trkpt lat="37.4129879" lon="-121.9949276"><ele>71</ele><time>2026-09-06T17:02:53.520176Z</time></trkpt>
  <trkpt lat="37.4129975" lon="-121.9949278"><ele>71</ele><time>2026-09-06T17:02:53.620753Z</time></trkpt>
  <trkpt lat="37.4130067" lon="-121.9949283"><ele>71</ele><time>2026-09-06T17:02:53.721312Z</time></trkpt>
  <trkpt lat="37.4130158" lon="-121.9949284"><ele>72</ele><time>2026-09-06T17:02:53.822340Z</time></trkpt>
  <trkpt lat="37.4130248" lon="-121.9949292"><ele>72</ele><time>2026-09-06T17:02:53.922792Z</time></trkpt>
  <trkpt lat="37.4130334" lon="-121.9949299"><ele>72</ele><time>2026-09-06T17:02:54.023007Z</time></trkpt>
  <trkpt lat="37.4130421" lon="-121.9949305"><ele>73</ele><time>2026-09-06T17:02:54.124055Z</time></trkpt>
  <trkpt lat="37.4130504" lon="-121.9949312"><ele>73</ele><time>2026-09-06T17:02:54.224615Z</time></trkpt>
  <trkpt lat="37.4130587" lon="-121.9949317"><ele>74</ele><time>2026-09-06T17:02:54.325024Z</time></trkpt>
  <trkpt lat="37.4130670" lon="-121.9949322"><ele>74</ele><time>2026-09-06T17:02:54.426289Z</time></trkpt>
  <trkpt lat="37.4130751" lon="-121.9949328"><ele>74</ele><time>2026-09-06T17:02:54.526417Z</time></trkpt>
  <trkpt lat="37.4130832" lon="-121.9949331"><ele>75</ele><time>2026-09-06T17:02:54.627189Z</time></trkpt>
  <trkpt lat="37.4130914" lon="-121.9949332"><ele>75</ele><time>2026-09-06T17:02:54.727891Z</time></trkpt>
  <trkpt lat="37.4130994" lon="-121.9949333"><ele>75</ele><time>2026-09-06T17:02:54.829084Z</time></trkpt>
  <trkpt lat="37.4131073" lon="-121.9949335"><ele>76</ele><time>2026-09-06T17:02:54.929783Z</time></trkpt>
  <trkpt lat="37.4131073" lon="-121.9949335"><ele>76</ele><time>2026-09-06T17:02:54.957628Z</time></trkpt>
  <trkpt lat="37.4131153" lon="-121.9949332"><ele>76</ele><time>2026-09-06T17:02:55.030187Z</time></trkpt>
  <trkpt lat="37.4131231" lon="-121.9949335"><ele>77</ele><time>2026-09-06T17:02:55.130370Z</time></trkpt>
  <trkpt lat="37.4131311" lon="-121.9949335"><ele>77</ele><time>2026-09-06T17:02:55.230515Z</time></trkpt>
  <trkpt lat="37.4131389" lon="-121.9949339"><ele>77</ele><time>2026-09-06T17:02:55.330505Z</time></trkpt>
  <trkpt lat="37.4131466" lon="-121.9949349"><ele>77</ele><time>2026-09-06T17:02:55.430954Z</time></trkpt>
  <trkpt lat="37.4131538" lon="-121.9949363"><ele>78</ele><time>2026-09-06T17:02:55.531762Z</time></trkpt>
  <trkpt lat="37.4131608" lon="-121.9949386"><ele>78</ele><time>2026-09-06T17:02:55.632863Z</time></trkpt>
  <trkpt lat="37.4131671" lon="-121.9949416"><ele>79</ele><time>2026-09-06T17:02:55.732824Z</time></trkpt>
  <trkpt lat="37.4131729" lon="-121.9949454"><ele>79</ele><time>2026-09-06T17:02:55.833175Z</time></trkpt>
  <trkpt lat="37.4131786" lon="-121.9949498"><ele>79</ele><time>2026-09-06T17:02:55.933726Z</time></trkpt>
  <trkpt lat="37.4131843" lon="-121.9949546"><ele>80</ele><time>2026-09-06T17:02:56.034070Z</time></trkpt>
  <trkpt lat="37.4131896" lon="-121.9949600"><ele>80</ele><time>2026-09-06T17:02:56.134514Z</time></trkpt>
  <trkpt lat="37.4131943" lon="-121.9949663"><ele>80</ele><time>2026-09-06T17:02:56.235045Z</time></trkpt>
  <trkpt lat="37.4131981" lon="-121.9949735"><ele>81</ele><time>2026-09-06T17:02:56.336713Z</time></trkpt>
  <trkpt lat="37.4132012" lon="-121.9949811"><ele>81</ele><time>2026-09-06T17:02:56.416146Z</time></trkpt>
  <trkpt lat="37.4132037" lon="-121.9949895"><ele>81</ele><time>2026-09-06T17:02:56.516913Z</time></trkpt>
  <trkpt lat="37.4132060" lon="-121.9949983"><ele>81</ele><time>2026-09-06T17:02:56.617336Z</time></trkpt>
  <trkpt lat="37.4132080" lon="-121.9950076"><ele>81</ele><time>2026-09-06T17:02:56.718773Z</time></trkpt>
  <trkpt lat="37.4132089" lon="-121.9950177"><ele>81</ele><time>2026-09-06T17:02:56.819124Z</time></trkpt>
  <trkpt lat="37.4132087" lon="-121.9950278"><ele>82</ele><time>2026-09-06T17:02:56.919562Z</time></trkpt>
  <trkpt lat="37.4132072" lon="-121.9950383"><ele>82</ele><time>2026-09-06T17:02:57.019849Z</time></trkpt>
  <trkpt lat="37.4132048" lon="-121.9950490"><ele>82</ele><time>2026-09-06T17:02:57.120744Z</time></trkpt>
  <trkpt lat="37.4132048" lon="-121.9950490"><ele>82</ele><time>2026-09-06T17:02:57.122438Z</time></trkpt>
  <trkpt lat="37.4132020" lon="-121.9950597"><ele>82</ele><time>2026-09-06T17:02:57.221278Z</time></trkpt>
  <trkpt lat="37.4131983" lon="-121.9950704"><ele>81</ele><time>2026-09-06T17:02:57.321746Z</time></trkpt>
  <trkpt lat="37.4131931" lon="-121.9950805"><ele>81</ele><time>2026-09-06T17:02:57.421984Z</time></trkpt>
  <trkpt lat="37.4131862" lon="-121.9950897"><ele>81</ele><time>2026-09-06T17:02:57.523020Z</time></trkpt>
  <trkpt lat="37.4131787" lon="-121.9950986"><ele>81</ele><time>2026-09-06T17:02:57.623846Z</time></trkpt>
  <trkpt lat="37.4131706" lon="-121.9951076"><ele>81</ele><time>2026-09-06T17:02:57.725058Z</time></trkpt>
  <trkpt lat="37.4131617" lon="-121.9951160"><ele>80</ele><time>2026-09-06T17:02:57.825607Z</time></trkpt>
  <trkpt lat="37.4131516" lon="-121.9951240"><ele>80</ele><time>2026-09-06T17:02:57.925732Z</time></trkpt>
  <trkpt lat="37.4131411" lon="-121.9951320"><ele>80</ele><time>2026-09-06T17:02:58.026406Z</time></trkpt>
  <trkpt lat="37.4131303" lon="-121.9951403"><ele>80</ele><time>2026-09-06T17:02:58.127029Z</time></trkpt>
  <trkpt lat="37.4131193" lon="-121.9951485"><ele>79</ele><time>2026-09-06T17:02:58.227863Z</time></trkpt>
  <trkpt lat="37.4131080" lon="-121.9951569"><ele>79</ele><time>2026-09-06T17:02:58.329254Z</time></trkpt>
  <trkpt lat="37.4130963" lon="-121.9951656"><ele>79</ele><time>2026-09-06T17:02:58.429666Z</time></trkpt>
  <trkpt lat="37.4130845" lon="-121.9951745"><ele>78</ele><time>2026-09-06T17:02:58.529838Z</time></trkpt>
  <trkpt lat="37.4130725" lon="-121.9951837"><ele>78</ele><time>2026-09-06T17:02:58.630383Z</time></trkpt>
  <trkpt lat="37.4130603" lon="-121.9951928"><ele>78</ele><time>2026-09-06T17:02:58.731232Z</time></trkpt>
  <trkpt lat="37.4130475" lon="-121.9952010"><ele>77</ele><time>2026-09-06T17:02:58.831146Z</time></trkpt>
  <trkpt lat="37.4130341" lon="-121.9952074"><ele>77</ele><time>2026-09-06T17:02:58.931894Z</time></trkpt>
  <trkpt lat="37.4130202" lon="-121.9952118"><ele>77</ele><time>2026-09-06T17:02:59.032209Z</time></trkpt>
  <trkpt lat="37.4130062" lon="-121.9952142"><ele>77</ele><time>2026-09-06T17:02:59.112377Z</time></trkpt>
  <trkpt lat="37.4129924" lon="-121.9952146"><ele>77</ele><time>2026-09-06T17:02:59.232976Z</time></trkpt>
  <trkpt lat="37.4129924" lon="-121.9952146"><ele>77</ele><time>2026-09-06T17:02:59.280522Z</time></trkpt>
  <trkpt lat="37.4129784" lon="-121.9952132"><ele>77</ele><time>2026-09-06T17:02:59.313831Z</time></trkpt>
  <trkpt lat="37.4129646" lon="-121.9952103"><ele>77</ele><time>2026-09-06T17:02:59.433940Z</time></trkpt>
  <trkpt lat="37.4129507" lon="-121.9952064"><ele>77</ele><time>2026-09-06T17:02:59.514827Z</time></trkpt>
  <trkpt lat="37.4129371" lon="-121.9952018"><ele>77</ele><time>2026-09-06T17:02:59.615038Z</time></trkpt>
  <trkpt lat="37.4129236" lon="-121.9951966"><ele>77</ele><time>2026-09-06T17:02:59.715616Z</time></trkpt>
  <trkpt lat="37.4129107" lon="-121.9951906"><ele>77</ele><time>2026-09-06T17:02:59.816478Z</time></trkpt>
  <trkpt lat="37.4128981" lon="-121.9951841"><ele>77</ele><time>2026-09-06T17:02:59.916973Z</time></trkpt>
  <trkpt lat="37.4128859" lon="-121.9951767"><ele>77</ele><time>2026-09-06T17:03:00.017734Z</time></trkpt>
  <trkpt lat="37.4128739" lon="-121.9951690"><ele>78</ele><time>2026-09-06T17:03:00.119004Z</time></trkpt>
  <trkpt lat="37.4128623" lon="-121.9951608"><ele>78</ele><time>2026-09-06T17:03:00.219285Z</time></trkpt>
  <trkpt lat="37.4128512" lon="-121.9951527"><ele>78</ele><time>2026-09-06T17:03:00.320153Z</time></trkpt>
  <trkpt lat="37.4128405" lon="-121.9951437"><ele>78</ele><time>2026-09-06T17:03:00.421033Z</time></trkpt>
  <trkpt lat="37.4128302" lon="-121.9951341"><ele>78</ele><time>2026-09-06T17:03:00.521823Z</time></trkpt>
  <trkpt lat="37.4128201" lon="-121.9951238"><ele>78</ele><time>2026-09-06T17:03:00.622695Z</time></trkpt>
  <trkpt lat="37.4128105" lon="-121.9951130"><ele>78</ele><time>2026-09-06T17:03:00.722872Z</time></trkpt>
  <trkpt lat="37.4128012" lon="-121.9951015"><ele>78</ele><time>2026-09-06T17:03:00.823367Z</time></trkpt>
  <trkpt lat="37.4127921" lon="-121.9950898"><ele>78</ele><time>2026-09-06T17:03:00.923606Z</time></trkpt>
  <trkpt lat="37.4127834" lon="-121.9950774"><ele>77</ele><time>2026-09-06T17:03:01.025275Z</time></trkpt>
  <trkpt lat="37.4127751" lon="-121.9950647"><ele>77</ele><time>2026-09-06T17:03:01.125953Z</time></trkpt>
  <trkpt lat="37.4127673" lon="-121.9950517"><ele>77</ele><time>2026-09-06T17:03:01.226577Z</time></trkpt>
  <trkpt lat="37.4127598" lon="-121.9950383"><ele>77</ele><time>2026-09-06T17:03:01.327860Z</time></trkpt>
  <trkpt lat="37.4127598" lon="-121.9950383"><ele>77</ele><time>2026-09-06T17:03:01.416926Z</time></trkpt>
  <trkpt lat="37.4127528" lon="-121.9950255"><ele>77</ele><time>2026-09-06T17:03:01.428590Z</time></trkpt>
  <trkpt lat="37.4127460" lon="-121.9950134"><ele>76</ele><time>2026-09-06T17:03:01.529435Z</time></trkpt>
  <trkpt lat="37.4127393" lon="-121.9950016"><ele>76</ele><time>2026-09-06T17:03:01.609831Z</time></trkpt>
  <trkpt lat="37.4127325" lon="-121.9949900"><ele>75</ele><time>2026-09-06T17:03:01.730830Z</time></trkpt>
  <trkpt lat="37.4127245" lon="-121.9949790"><ele>74</ele><time>2026-09-06T17:03:01.811402Z</time></trkpt>
  <trkpt lat="37.4127143" lon="-121.9949695"><ele>74</ele><time>2026-09-06T17:03:01.912250Z</time></trkpt>
  <trkpt lat="37.4127017" lon="-121.9949629"><ele>73</ele><time>2026-09-06T17:03:02.012949Z</time></trkpt>
  <trkpt lat="37.4126874" lon="-121.9949589"><ele>72</ele><time>2026-09-06T17:03:02.113462Z</time></trkpt>
  <trkpt lat="37.4126727" lon="-121.9949571"><ele>71</ele><time>2026-09-06T17:03:02.214599Z</time></trkpt>
  <trkpt lat="37.4126573" lon="-121.9949601"><ele>71</ele><time>2026-09-06T17:03:02.314901Z</time></trkpt>
  <trkpt lat="37.4126415" lon="-121.9949675"><ele>70</ele><time>2026-09-06T17:03:02.415415Z</time></trkpt>
  <trkpt lat="37.4126257" lon="-121.9949781"><ele>70</ele><time>2026-09-06T17:03:02.515589Z</time></trkpt>
  <trkpt lat="37.4126119" lon="-121.9949910"><ele>70</ele><time>2026-09-06T17:03:02.616093Z</time></trkpt>
  <trkpt lat="37.4126013" lon="-121.9950066"><ele>69</ele><time>2026-09-06T17:03:02.717420Z</time></trkpt>
  <trkpt lat="37.4125932" lon="-121.9950235"><ele>68</ele><time>2026-09-06T17:03:02.817737Z</time></trkpt>
  <trkpt lat="37.4125876" lon="-121.9950420"><ele>68</ele><time>2026-09-06T17:03:02.918080Z</time></trkpt>
  <trkpt lat="37.4125847" lon="-121.9950613"><ele>68</ele><time>2026-09-06T17:03:03.019188Z</time></trkpt>
  <trkpt lat="37.4125829" lon="-121.9950785"><ele>67</ele><time>2026-09-06T17:03:03.119422Z</time></trkpt>
  <trkpt lat="37.4125825" lon="-121.9950943"><ele>67</ele><time>2026-09-06T17:03:03.220435Z</time></trkpt>
  <trkpt lat="37.4125816" lon="-121.9951090"><ele>67</ele><time>2026-09-06T17:03:03.320962Z</time></trkpt>
  <trkpt lat="37.4125802" lon="-121.9951225"><ele>67</ele><time>2026-09-06T17:03:03.421394Z</time></trkpt>
  <trkpt lat="37.4125805" lon="-121.9951320"><ele>67</ele><time>2026-09-06T17:03:03.522668Z</time></trkpt>
  <trkpt lat="37.4125805" lon="-121.9951320"><ele>67</ele><time>2026-09-06T17:03:03.581402Z</time></trkpt>
  <trkpt lat="37.4125812" lon="-121.9951425"><ele>67</ele><time>2026-09-06T17:03:03.622780Z</time></trkpt>
  <trkpt lat="37.4125819" lon="-121.9951538"><ele>68</ele><time>2026-09-06T17:03:03.723573Z</time></trkpt>
  <trkpt lat="37.4125844" lon="-121.9951658"><ele>68</ele><time>2026-09-06T17:03:03.824151Z</time></trkpt>
  <trkpt lat="37.4125884" lon="-121.9951790"><ele>69</ele><time>2026-09-06T17:03:03.924278Z</time></trkpt>
  <trkpt lat="37.4125899" lon="-121.9951927"><ele>69</ele><time>2026-09-06T17:03:04.024695Z</time></trkpt>
  <trkpt lat="37.4125870" lon="-121.9952062"><ele>71</ele><time>2026-09-06T17:03:04.126549Z</time></trkpt>
  <trkpt lat="37.4125835" lon="-121.9952176"><ele>72</ele><time>2026-09-06T17:03:04.207328Z</time></trkpt>
  <trkpt lat="37.4125793" lon="-121.9952292"><ele>73</ele><time>2026-09-06T17:03:04.308226Z</time></trkpt>
  <trkpt lat="37.4125728" lon="-121.9952409"><ele>74</ele><time>2026-09-06T17:03:04.409145Z</time></trkpt>
  <trkpt lat="37.4125628" lon="-121.9952507"><ele>76</ele><time>2026-09-06T17:03:04.509797Z</time></trkpt>
  <trkpt lat="37.4125519" lon="-121.9952600"><ele>77</ele><time>2026-09-06T17:03:04.610045Z</time></trkpt>
  <trkpt lat="37.4125406" lon="-121.9952696"><ele>79</ele><time>2026-09-06T17:03:04.710443Z</time></trkpt>
  <trkpt lat="37.4125315" lon="-121.9952804"><ele>79</ele><time>2026-09-06T17:03:04.810849Z</time></trkpt>
  <trkpt lat="37.4125220" lon="-121.9952916"><ele>80</ele><time>2026-09-06T17:03:04.911246Z</time></trkpt>
  <trkpt lat="37.4125145" lon="-121.9953036"><ele>81</ele><time>2026-09-06T17:03:05.012537Z</time></trkpt>
  <trkpt lat="37.4125061" lon="-121.9953152"><ele>81</ele><time>2026-09-06T17:03:05.112642Z</time></trkpt>
  <trkpt lat="37.4124987" lon="-121.9953274"><ele>82</ele><time>2026-09-06T17:03:05.212828Z</time></trkpt>
  <trkpt lat="37.4124922" lon="-121.9953406"><ele>82</ele><time>2026-09-06T17:03:05.313530Z</time></trkpt>
  <trkpt lat="37.4124867" lon="-121.9953544"><ele>81</ele><time>2026-09-06T17:03:05.414476Z</time></trkpt>
  <trkpt lat="37.4124842" lon="-121.9953691"><ele>81</ele><time>2026-09-06T17:03:05.515278Z</time></trkpt>
  <trkpt lat="37.4124837" lon="-121.9953846"><ele>81</ele><time>2026-09-06T17:03:05.616437Z</time></trkpt>
  <trkpt lat="37.4124832" lon="-121.9954013"><ele>80</ele><time>2026-09-06T17:03:05.717630Z</time></trkpt>
  <trkpt lat="37.4124832" lon="-121.9954013"><ele>80</ele><time>2026-09-06T17:03:05.746006Z</time></trkpt>
  <trkpt lat="37.4124821" lon="-121.9954187"><ele>80</ele><time>2026-09-06T17:03:05.818261Z</time></trkpt>
  <trkpt lat="37.4124811" lon="-121.9954365"><ele>79</ele><time>2026-09-06T17:03:05.918953Z</time></trkpt>
  <trkpt lat="37.4124806" lon="-121.9954546"><ele>79</ele><time>2026-09-06T17:03:06.019540Z</time></trkpt>
  <trkpt lat="37.4124818" lon="-121.9954714"><ele>78</ele><time>2026-09-06T17:03:06.120384Z</time></trkpt>
  <trkpt lat="37.4124861" lon="-121.9954872"><ele>78</ele><time>2026-09-06T17:03:06.222157Z</time></trkpt>
  <trkpt lat="37.4124915" lon="-121.9955015"><ele>77</ele><time>2026-09-06T17:03:06.323590Z</time></trkpt>
  <trkpt lat="37.4124994" lon="-121.9955133"><ele>77</ele><time>2026-09-06T17:03:06.404383Z</time></trkpt>
  <trkpt lat="37.4125098" lon="-121.9955228"><ele>77</ele><time>2026-09-06T17:03:06.525439Z</time></trkpt>
  <trkpt lat="37.4125217" lon="-121.9955312"><ele>77</ele><time>2026-09-06T17:03:06.605650Z</time></trkpt>
  <trkpt lat="37.4125345" lon="-121.9955403"><ele>76</ele><time>2026-09-06T17:03:06.706330Z</time></trkpt>
  <trkpt lat="37.4125473" lon="-121.9955497"><ele>76</ele><time>2026-09-06T17:03:06.807139Z</time></trkpt>
  <trkpt lat="37.4125616" lon="-121.9955590"><ele>75</ele><time>2026-09-06T17:03:06.907800Z</time></trkpt>
  <trkpt lat="37.4125767" lon="-121.9955668"><ele>75</ele><time>2026-09-06T17:03:07.008721Z</time></trkpt>
  <trkpt lat="37.4125919" lon="-121.9955728"><ele>76</ele><time>2026-09-06T17:03:07.110043Z</time></trkpt>
  <trkpt lat="37.4126073" lon="-121.9955781"><ele>76</ele><time>2026-09-06T17:03:07.211141Z</time></trkpt>
  <trkpt lat="37.4126228" lon="-121.9955825"><ele>77</ele><time>2026-09-06T17:03:07.312801Z</time></trkpt>
  <trkpt lat="37.4126377" lon="-121.9955862"><ele>77</ele><time>2026-09-06T17:03:07.413405Z</time></trkpt>
  <trkpt lat="37.4126532" lon="-121.9955886"><ele>78</ele><time>2026-09-06T17:03:07.514612Z</time></trkpt>
  <trkpt lat="37.4126680" lon="-121.9955919"><ele>78</ele><time>2026-09-06T17:03:07.615603Z</time></trkpt>
  <trkpt lat="37.4126826" lon="-121.9955944"><ele>79</ele><time>2026-09-06T17:03:07.716079Z</time></trkpt>
  <trkpt lat="37.4126965" lon="-121.9955975"><ele>80</ele><time>2026-09-06T17:03:07.816896Z</time></trkpt>
  <trkpt lat="37.4126965" lon="-121.9955975"><ele>80</ele><time>2026-09-06T17:03:07.906418Z</time></trkpt>
  <trkpt lat="37.4127093" lon="-121.9955993"><ele>80</ele><time>2026-09-06T17:03:07.917068Z</time></trkpt>
  <trkpt lat="37.4127208" lon="-121.9956006"><ele>81</ele><time>2026-09-06T17:03:08.017818Z</time></trkpt>
  <trkpt lat="37.4127312" lon="-121.9956020"><ele>83</ele><time>2026-09-06T17:03:08.118689Z</time></trkpt>
  <trkpt lat="37.4127406" lon="-121.9956028"><ele>84</ele><time>2026-09-06T17:03:08.219938Z</time></trkpt>
  <trkpt lat="37.4127503" lon="-121.9956027"><ele>85</ele><time>2026-09-06T17:03:08.319384Z</time></trkpt>
  <trkpt lat="37.4127606" lon="-121.9956014"><ele>86</ele><time>2026-09-06T17:03:08.420185Z</time></trkpt>
  <trkpt lat="37.4127701" lon="-121.9956010"><ele>86</ele><time>2026-09-06T17:03:08.520635Z</time></trkpt>
  <trkpt lat="37.4127773" lon="-121.9956021"><ele>88</ele><time>2026-09-06T17:03:08.621031Z</time></trkpt>
  <trkpt lat="37.4127829" lon="-121.9956046"><ele>89</ele><time>2026-09-06T17:03:08.721333Z</time></trkpt>
  <trkpt lat="37.4127893" lon="-121.9956052"><ele>91</ele><time>2026-09-06T17:03:08.801957Z</time></trkpt>
  <trkpt lat="37.4127976" lon="-121.9956032"><ele>91</ele><time>2026-09-06T17:03:08.902997Z</time></trkpt>
  <trkpt lat="37.4128075" lon="-121.9955999"><ele>92</ele><time>2026-09-06T17:03:09.003379Z</time></trkpt>
  <trkpt lat="37.4128171" lon="-121.9955956"><ele>92</ele><time>2026-09-06T17:03:09.103676Z</time></trkpt>
  <trkpt lat="37.4128257" lon="-121.9955934"><ele>93</ele><time>2026-09-06T17:03:09.204623Z</time></trkpt>
  <trkpt lat="37.4128352" lon="-121.9955900"><ele>93</ele><time>2026-09-06T17:03:09.305342Z</time></trkpt>
  <trkpt lat="37.4128449" lon="-121.9955870"><ele>93</ele><time>2026-09-06T17:03:09.405798Z</time></trkpt>
  <trkpt lat="37.4128546" lon="-121.9955865"><ele>94</ele><time>2026-09-06T17:03:09.506139Z</time></trkpt>
  <trkpt lat="37.4128633" lon="-121.9955895"><ele>94</ele><time>2026-09-06T17:03:09.606815Z</time></trkpt>
  <trkpt lat="37.4128713" lon="-121.9955913"><ele>95</ele><time>2026-09-06T17:03:09.707321Z</time></trkpt>
  <trkpt lat="37.4128794" lon="-121.9955909"><ele>96</ele><time>2026-09-06T17:03:09.807747Z</time></trkpt>
  <trkpt lat="37.4128884" lon="-121.9955880"><ele>96</ele><time>2026-09-06T17:03:09.908466Z</time></trkpt>
  <trkpt lat="37.4128977" lon="-121.9955838"><ele>95</ele><time>2026-09-06T17:03:10.009193Z</time></trkpt>
  <trkpt lat="37.4128977" lon="-121.9955838"><ele>95</ele><time>2026-09-06T17:03:10.067682Z</time></trkpt>
  <trkpt lat="37.4129072" lon="-121.9955830"><ele>95</ele><time>2026-09-06T17:03:10.109197Z</time></trkpt>
  <trkpt lat="37.4129155" lon="-121.9955855"><ele>96</ele><time>2026-09-06T17:03:10.209563Z</time></trkpt>
  <trkpt lat="37.4129245" lon="-121.9955875"><ele>97</ele><time>2026-09-06T17:03:10.310522Z</time></trkpt>
  <trkpt lat="37.4129343" lon="-121.9955878"><ele>97</ele><time>2026-09-06T17:03:10.411614Z</time></trkpt>
  <trkpt lat="37.4129445" lon="-121.9955876"><ele>97</ele><time>2026-09-06T17:03:10.511797Z</time></trkpt>
  <trkpt lat="37.4129548" lon="-121.9955894"><ele>98</ele><time>2026-09-06T17:03:10.612398Z</time></trkpt>
  <trkpt lat="37.4129646" lon="-121.9955939"><ele>98</ele><time>2026-09-06T17:03:10.712851Z</time></trkpt>
  <trkpt lat="37.4129743" lon="-121.9955980"><ele>99</ele><time>2026-09-06T17:03:10.813926Z</time></trkpt>
  <trkpt lat="37.4129839" lon="-121.9956020"><ele>99</ele><time>2026-09-06T17:03:10.915185Z</time></trkpt>
  <trkpt lat="37.4129938" lon="-121.9956069"><ele>100</ele><time>2026-09-06T17:03:11.016108Z</time></trkpt>
  <trkpt lat="37.4130039" lon="-121.9956107"><ele>100</ele><time>2026-09-06T17:03:11.117316Z</time></trkpt>
  <trkpt lat="37.4130138" lon="-121.9956152"><ele>101</ele><time>2026-09-06T17:03:11.218242Z</time></trkpt>
  <trkpt lat="37.4130238" lon="-121.9956193"><ele>101</ele><time>2026-09-06T17:03:11.319414Z</time></trkpt>
  <trkpt lat="37.4130338" lon="-121.9956232"><ele>102</ele><time>2026-09-06T17:03:11.400602Z</time></trkpt>
  <trkpt lat="37.4130440" lon="-121.9956275"><ele>102</ele><time>2026-09-06T17:03:11.502035Z</time></trkpt>
  <trkpt lat="37.4130538" lon="-121.9956314"><ele>102</ele><time>2026-09-06T17:03:11.602702Z</time></trkpt>
  <trkpt lat="37.4130639" lon="-121.9956321"><ele>103</ele><time>2026-09-06T17:03:11.703095Z</time></trkpt>
  <trkpt lat="37.4130746" lon="-121.9956301"><ele>103</ele><time>2026-09-06T17:03:11.803664Z</time></trkpt>
  <trkpt lat="37.4130857" lon="-121.9956262"><ele>103</ele><time>2026-09-06T17:03:11.904083Z</time></trkpt>
  <trkpt lat="37.4130974" lon="-121.9956195"><ele>103</ele><time>2026-09-06T17:03:12.005079Z</time></trkpt>
  <trkpt lat="37.4131086" lon="-121.9956119"><ele>104</ele><time>2026-09-06T17:03:12.105554Z</time></trkpt>
  <trkpt lat="37.4131189" lon="-121.9956018"><ele>104</ele><time>2026-09-06T17:03:12.206941Z</time></trkpt>
  <trkpt lat="37.4131189" lon="-121.9956018"><ele>104</ele><time>2026-09-06T17:03:12.227987Z</time></trkpt>
  <trkpt lat="37.4131276" lon="-121.9955892"><ele>104</ele><time>2026-09-06T17:03:12.308595Z</time></trkpt>
  <trkpt lat="37.4131337" lon="-121.9955754"><ele>104</ele><time>2026-09-06T17:03:12.408998Z</time></trkpt>
  <trkpt lat="37.4131375" lon="-121.9955607"><ele>104</ele><time>2026-09-06T17:03:12.509342Z</time></trkpt>
  <trkpt lat="37.4131396" lon="-121.9955460"><ele>104</ele><time>2026-09-06T17:03:12.609619Z</time></trkpt>
  <trkpt lat="37.4131383" lon="-121.9955298"><ele>104</ele><time>2026-09-06T17:03:12.710707Z</time></trkpt>
  <trkpt lat="37.4131326" lon="-121.9955134"><ele>104</ele><time>2026-09-06T17:03:12.810442Z</time></trkpt>
  <trkpt lat="37.4131246" lon="-121.9954981"><ele>104</ele><time>2026-09-06T17:03:12.910919Z</time></trkpt>
  <trkpt lat="37.4131148" lon="-121.9954840"><ele>104</ele><time>2026-09-06T17:03:13.011827Z</time></trkpt>
  <trkpt lat="37.4131033" lon="-121.9954715"><ele>104</ele><time>2026-09-06T17:03:13.112486Z</time></trkpt>
  <trkpt lat="37.4130917" lon="-121.9954615"><ele>104</ele><time>2026-09-06T17:03:13.212874Z</time></trkpt>
  <trkpt lat="37.4130779" lon="-121.9954528"><ele>103</ele><time>2026-09-06T17:03:13.312900Z</time></trkpt>
  <trkpt lat="37.4130639" lon="-121.9954448"><ele>103</ele><time>2026-09-06T17:03:13.413289Z</time></trkpt>
  <trkpt lat="37.4130500" lon="-121.9954348"><ele>102</ele><time>2026-09-06T17:03:13.513704Z</time></trkpt>
  <trkpt lat="37.4130348" lon="-121.9954260"><ele>102</ele><time>2026-09-06T17:03:13.614319Z</time></trkpt>
  <trkpt lat="37.4130194" lon="-121.9954163"><ele>102</ele><time>2026-09-06T17:03:13.714869Z</time></trkpt>
  <trkpt lat="37.4130031" lon="-121.9954062"><ele>102</ele><time>2026-09-06T17:03:13.815230Z</time></trkpt>
  <trkpt lat="37.4129876" lon="-121.9954011"><ele>103</ele><time>2026-09-06T17:03:13.915937Z</time></trkpt>
  <trkpt lat="37.4129707" lon="-121.9953963"><ele>103</ele><time>2026-09-06T17:03:14.016150Z</time></trkpt>
  <trkpt lat="37.4129531" lon="-121.9953907"><ele>103</ele><time>2026-09-06T17:03:14.096676Z</time></trkpt>
  <trkpt lat="37.4129366" lon="-121.9953851"><ele>103</ele><time>2026-09-06T17:03:14.196944Z</time></trkpt>
  <trkpt lat="37.4129211" lon="-121.9953792"><ele>103</ele><time>2026-09-06T17:03:14.297690Z</time></trkpt>
  <trkpt lat="37.4129211" lon="-121.9953792"><ele>103</ele><time>2026-09-06T17:03:14.389312Z</time></trkpt>
  <trkpt lat="37.4129060" lon="-121.9953735"><ele>103</ele><time>2026-09-06T17:03:14.398837Z</time></trkpt>
  <trkpt lat="37.4128904" lon="-121.9953681"><ele>104</ele><time>2026-09-06T17:03:14.500021Z</time></trkpt>
  <trkpt lat="37.4128746" lon="-121.9953623"><ele>104</ele><time>2026-09-06T17:03:14.600504Z</time></trkpt>
  <trkpt lat="37.4128579" lon="-121.9953586"><ele>104</ele><time>2026-09-06T17:03:14.700607Z</time></trkpt>
  <trkpt lat="37.4128419" lon="-121.9953528"><ele>104</ele><time>2026-09-06T17:03:14.800813Z</time></trkpt>
  <trkpt lat="37.4128271" lon="-121.9953435"><ele>104</ele><time>2026-09-06T17:03:14.901189Z</time></trkpt>
  <trkpt lat="37.4128134" lon="-121.9953325"><ele>104</ele><time>2026-09-06T17:03:15.001887Z</time></trkpt>
  <trkpt lat="37.4128003" lon="-121.9953207"><ele>104</ele><time>2026-09-06T17:03:15.102966Z</time></trkpt>
  <trkpt lat="37.4127859" lon="-121.9953160"><ele>104</ele><time>2026-09-06T17:03:15.204405Z</time></trkpt>
  <trkpt lat="37.4127713" lon="-121.9953097"><ele>104</ele><time>2026-09-06T17:03:15.304966Z</time></trkpt>
  <trkpt lat="37.4127565" lon="-121.9953021"><ele>105</ele><time>2026-09-06T17:03:15.405623Z</time></trkpt>
  <trkpt lat="37.4127432" lon="-121.9952927"><ele>104</ele><time>2026-09-06T17:03:15.506349Z</time></trkpt>
  <trkpt lat="37.4127301" lon="-121.9952857"><ele>104</ele><time>2026-09-06T17:03:15.607173Z</time></trkpt>
  <trkpt lat="37.4127174" lon="-121.9952802"><ele>104</ele><time>2026-09-06T17:03:15.708092Z</time></trkpt>
  <trkpt lat="37.4127061" lon="-121.9952748"><ele>103</ele><time>2026-09-06T17:03:15.808431Z</time></trkpt>
  <trkpt lat="37.4126971" lon="-121.9952683"><ele>103</ele><time>2026-09-06T17:03:15.909281Z</time></trkpt>
  <trkpt lat="37.4126885" lon="-121.9952596"><ele>103</ele><time>2026-09-06T17:03:16.009791Z</time></trkpt>
  <trkpt lat="37.4126799" lon="-121.9952463"><ele>101</ele><time>2026-09-06T17:03:16.110451Z</time></trkpt>
  <trkpt lat="37.4126708" lon="-121.9952317"><ele>100</ele><time>2026-09-06T17:03:16.211132Z</time></trkpt>
  <trkpt lat="37.4126599" lon="-121.9952201"><ele>99</ele><time>2026-09-06T17:03:16.311547Z</time></trkpt>
  <trkpt lat="37.4126494" lon="-121.9952078"><ele>98</ele><time>2026-09-06T17:03:16.412279Z</time></trkpt>
  <trkpt lat="37.4126427" lon="-121.9951923"><ele>97</ele><time>2026-09-06T17:03:16.513451Z</time></trkpt>
  <trkpt lat="37.4126427" lon="-121.9951923"><ele>97</ele><time>2026-09-06T17:03:16.548411Z</time></trkpt>
  <trkpt lat="37.4126375" lon="-121.9951775"><ele>96</ele><time>2026-09-06T17:03:16.593813Z</time></trkpt>
  <trkpt lat="37.4126332" lon="-121.9951632"><ele>95</ele><time>2026-09-06T17:03:16.694077Z</time></trkpt>
  <trkpt lat="37.4126293" lon="-121.9951493"><ele>94</ele><time>2026-09-06T17:03:16.794714Z</time></trkpt>
  <trkpt lat="37.4126244" lon="-121.9951358"><ele>94</ele><time>2026-09-06T17:03:16.895330Z</time></trkpt>
  <trkpt lat="37.4126189" lon="-121.9951213"><ele>93</ele><time>2026-09-06T17:03:16.996623Z</time></trkpt>
  <trkpt lat="37.4126130" lon="-121.9951072"><ele>93</ele><time>2026-09-06T17:03:17.097914Z</time></trkpt>
  <trkpt lat="37.4126058" lon="-121.9950937"><ele>92</ele><time>2026-09-06T17:03:17.199016Z</time></trkpt>
  <trkpt lat="37.4125970" lon="-121.9950813"><ele>92</ele><time>2026-09-06T17:03:17.299759Z</time></trkpt>
  <trkpt lat="37.4125874" lon="-121.9950690"><ele>91</ele><time>2026-09-06T17:03:17.401021Z</time></trkpt>
  <trkpt lat="37.4125769" lon="-121.9950578"><ele>91</ele><time>2026-09-06T17:03:17.502144Z</time></trkpt>
  <trkpt lat="37.4125652" lon="-121.9950484"><ele>90</ele><time>2026-09-06T17:03:17.602596Z</time></trkpt>
  <trkpt lat="37.4125526" lon="-121.9950408"><ele>89</ele><time>2026-09-06T17:03:17.703865Z</time></trkpt>
  <trkpt lat="37.4125396" lon="-121.9950356"><ele>88</ele><time>2026-09-06T17:03:17.803406Z</time></trkpt>
  <trkpt lat="37.4125274" lon="-121.9950323"><ele>86</ele><time>2026-09-06T17:03:17.904254Z</time></trkpt>
  <trkpt lat="37.4125159" lon="-121.9950335"><ele>85</ele><time>2026-09-06T17:03:18.005121Z</time></trkpt>
  <trkpt lat="37.4125060" lon="-121.9950393"><ele>83</ele><time>2026-09-06T17:03:18.105817Z</time></trkpt>
  <trkpt lat="37.4124977" lon="-121.9950479"><ele>82</ele><time>2026-09-06T17:03:18.206478Z</time></trkpt>
  <trkpt lat="37.4124922" lon="-121.9950599"><ele>80</ele><time>2026-09-06T17:03:18.306768Z</time></trkpt>
  <trkpt lat="37.4124909" lon="-121.9950744"><ele>79</ele><time>2026-09-06T17:03:18.407982Z</time></trkpt>
  <trkpt lat="37.4124922" lon="-121.9950896"><ele>77</ele><time>2026-09-06T17:03:18.508424Z</time></trkpt>
  <trkpt lat="37.4124957" lon="-121.9951031"><ele>76</ele><time>2026-09-06T17:03:18.609272Z</time></trkpt>
  <trkpt lat="37.4124957" lon="-121.9951031"><ele>76</ele><time>2026-09-06T17:03:18.706970Z</time></trkpt>
  <trkpt lat="37.4125020" lon="-121.9951146"><ele>74</ele><time>2026-09-06T17:03:18.710106Z</time></trkpt>
  <trkpt lat="37.4125101" lon="-121.9951226"><ele>73</ele><time>2026-09-06T17:03:18.810667Z</time></trkpt>
  <trkpt lat="37.4125206" lon="-121.9951266"><ele>72</ele><time>2026-09-06T17:03:18.892251Z</time></trkpt>
  <trkpt lat="37.4125329" lon="-121.9951292"><ele>70</ele><time>2026-09-06T17:03:18.992885Z</time></trkpt>
  <trkpt lat="37.4125446" lon="-121.9951284"><ele>69</ele><time>2026-09-06T17:03:19.093242Z</time></trkpt>
  <trkpt lat="37.4125561" lon="-121.9951293"><ele>67</ele><time>2026-09-06T17:03:19.194129Z</time></trkpt>
  <trkpt lat="37.4125688" lon="-121.9951261"><ele>65</ele><time>2026-09-06T17:03:19.294308Z</time></trkpt>
  <trkpt lat="37.4125821" lon="-121.9951214"><ele>63</ele><time>2026-09-06T17:03:19.394906Z</time></trkpt>
  <trkpt lat="37.4125959" lon="-121.9951135"><ele>62</ele><time>2026-09-06T17:03:19.495041Z</time></trkpt>
  <trkpt lat="37.4126097" lon="-121.9951065"><ele>60</ele><time>2026-09-06T17:03:19.596274Z</time></trkpt>
  <trkpt lat="37.4126243" lon="-121.9951005"><ele>58</ele><time>2026-09-06T17:03:19.697576Z</time></trkpt>
  <trkpt lat="37.4126380" lon="-121.9950986"><ele>57</ele><time>2026-09-06T17:03:19.797366Z</time></trkpt>
  <trkpt lat="37.4126499" lon="-121.9951015"><ele>55</ele><time>2026-09-06T17:03:19.897979Z</time></trkpt>
  <trkpt lat="37.4126609" lon="-121.9951080"><ele>54</ele><time>2026-09-06T17:03:19.998720Z</time></trkpt>
  <trkpt lat="37.4126697" lon="-121.9951221"><ele>54</ele><time>2026-09-06T17:03:20.099332Z</time></trkpt>
  <trkpt lat="37.4126742" lon="-121.9951348"><ele>54</ele><time>2026-09-06T17:03:20.199331Z</time></trkpt>
  <trkpt lat="37.4126799" lon="-121.9951445"><ele>54</ele><time>2026-09-06T17:03:20.299969Z</time></trkpt>
  <trkpt lat="37.4126865" lon="-121.9951521"><ele>53</ele><time>2026-09-06T17:03:20.401053Z</time></trkpt>
  <trkpt lat="37.4126914" lon="-121.9951579"><ele>51</ele><time>2026-09-06T17:03:20.501812Z</time></trkpt>
  <trkpt lat="37.4126940" lon="-121.9951628"><ele>50</ele><time>2026-09-06T17:03:20.602370Z</time></trkpt>
  <trkpt lat="37.4126977" lon="-121.9951695"><ele>50</ele><time>2026-09-06T17:03:20.702751Z</time></trkpt>
  <trkpt lat="37.4127000" lon="-121.9951767"><ele>49</ele><time>2026-09-06T17:03:20.804152Z</time></trkpt>
  <trkpt lat="37.4127000" lon="-121.9951767"><ele>49</ele><time>2026-09-06T17:03:20.872724Z</time></trkpt>
  <trkpt lat="37.4127018" lon="-121.9951876"><ele>49</ele><time>2026-09-06T17:03:20.904575Z</time></trkpt>
  <trkpt lat="37.4127027" lon="-121.9952010"><ele>49</ele><time>2026-09-06T17:03:21.005023Z</time></trkpt>
  <trkpt lat="37.4127031" lon="-121.9952147"><ele>49</ele><time>2026-09-06T17:03:21.105985Z</time></trkpt>
  <trkpt lat="37.4127043" lon="-121.9952298"><ele>50</ele><time>2026-09-06T17:03:21.206121Z</time></trkpt>
  <trkpt lat="37.4127056" lon="-121.9952450"><ele>50</ele><time>2026-09-06T17:03:21.306195Z</time></trkpt>
  <trkpt lat="37.4127067" lon="-121.9952606"><ele>51</ele><time>2026-09-06T17:03:21.406946Z</time></trkpt>
  <trkpt lat="37.4127109" lon="-121.9952704"><ele>52</ele><time>2026-09-06T17:03:21.487752Z</time></trkpt>
  <trkpt lat="37.4127162" lon="-121.9952801"><ele>52</ele><time>2026-09-06T17:03:21.608591Z</time></trkpt>
  <trkpt lat="37.4127220" lon="-121.9952907"><ele>53</ele><time>2026-09-06T17:03:21.688936Z</time></trkpt>
  <trkpt lat="37.4127289" lon="-121.9953008"><ele>54</ele><time>2026-09-06T17:03:21.789623Z</time></trkpt>
  <trkpt lat="37.4127372" lon="-121.9953072"><ele>55</ele><time>2026-09-06T17:03:21.889822Z</time></trkpt>
  <trkpt lat="37.4127465" lon="-121.9953145"><ele>56</ele><time>2026-09-06T17:03:21.990456Z</time></trkpt>
  <trkpt lat="37.4127569" lon="-121.9953218"><ele>56</ele><time>2026-09-06T17:03:22.091090Z</time></trkpt>
  <trkpt lat="37.4127685" lon="-121.9953295"><ele>56</ele><time>2026-09-06T17:03:22.191491Z</time></trkpt>
  <trkpt lat="37.4127791" lon="-121.9953368"><ele>58</ele><time>2026-09-06T17:03:22.291758Z</time></trkpt>
  <trkpt lat="37.4127893" lon="-121.9953409"><ele>59</ele><time>2026-09-06T17:03:22.392437Z</time></trkpt>
  <trkpt lat="37.4127997" lon="-121.9953444"><ele>60</ele><time>2026-09-06T17:03:22.493292Z</time></trkpt>
  <trkpt lat="37.4128111" lon="-121.9953490"><ele>60</ele><time>2026-09-06T17:03:22.593509Z</time></trkpt>
  <trkpt lat="37.4128214" lon="-121.9953574"><ele>62</ele><time>2026-09-06T17:03:22.693955Z</time></trkpt>
  <trkpt lat="37.4128317" lon="-121.9953660"><ele>63</ele><time>2026-09-06T17:03:22.794859Z</time></trkpt>
  <trkpt lat="37.4128414" lon="-121.9953727"><ele>65</ele><time>2026-09-06T17:03:22.895718Z</time></trkpt>
  <trkpt lat="37.4128504" lon="-121.9953766"><ele>66</ele><time>2026-09-06T17:03:22.995963Z</time></trkpt>
  <trkpt lat="37.4128504" lon="-121.9953766"><ele>66</ele><time>2026-09-06T17:03:23.039477Z</time></trkpt>
  <trkpt lat="37.4128598" lon="-121.9953793"><ele>67</ele><time>2026-09-06T17:03:23.096315Z</time></trkpt>
  <trkpt lat="37.4128691" lon="-121.9953829"><ele>68</ele><time>2026-09-06T17:03:23.196951Z</time></trkpt>
  <trkpt lat="37.4128798" lon="-121.9953872"><ele>69</ele><time>2026-09-06T17:03:23.298914Z</time></trkpt>
  <trkpt lat="37.4128907" lon="-121.9953904"><ele>71</ele><time>2026-09-06T17:03:23.398889Z</time></trkpt>
  <trkpt lat="37.4129006" lon="-121.9953932"><ele>72</ele><time>2026-09-06T17:03:23.499111Z</time></trkpt>
  <trkpt lat="37.4129105" lon="-121.9953952"><ele>74</ele><time>2026-09-06T17:03:23.599688Z</time></trkpt>
  <trkpt lat="37.4129215" lon="-121.9953963"><ele>75</ele><time>2026-09-06T17:03:23.700762Z</time></trkpt>
  <trkpt lat="37.4129318" lon="-121.9953967"><ele>77</ele><time>2026-09-06T17:03:23.801387Z</time></trkpt>
  <trkpt lat="37.4129438" lon="-121.9953962"><ele>78</ele><time>2026-09-06T17:03:23.902166Z</time></trkpt>
  <trkpt lat="37.4129558" lon="-121.9953973"><ele>79</ele><time>2026-09-06T17:03:24.002553Z</time></trkpt>
  <trkpt lat="37.4129673" lon="-121.9954004"><ele>80</ele><time>2026-09-06T17:03:24.103077Z</time></trkpt>
  <trkpt lat="37.4129769" lon="-121.9954053"><ele>82</ele><time>2026-09-06T17:03:24.203561Z</time></trkpt>
  <trkpt lat="37.4129868" lon="-121.9954087"><ele>83</ele><time>2026-09-06T17:03:24.304020Z</time></trkpt>
  <trkpt lat="37.4129978" lon="-121.9954102"><ele>84</ele><time>2026-09-06T17:03:24.385063Z</time></trkpt>
  <trkpt lat="37.4130094" lon="-121.9954103"><ele>85</ele><time>2026-09-06T17:03:24.505081Z</time></trkpt>
  <trkpt lat="37.4130216" lon="-121.9954114"><ele>86</ele><time>2026-09-06T17:03:24.585360Z</time></trkpt>
  <trkpt lat="37.4130326" lon="-121.9954151"><ele>87</ele><time>2026-09-06T17:03:24.686141Z</time></trkpt>
  <trkpt lat="37.4130426" lon="-121.9954200"><ele>88</ele><time>2026-09-06T17:03:24.787304Z</time></trkpt>
  <trkpt lat="37.4130527" lon="-121.9954252"><ele>89</ele><time>2026-09-06T17:03:24.887880Z</time></trkpt>
  <trkpt lat="37.4130628" lon="-121.9954292"><ele>91</ele><time>2026-09-06T17:03:24.988496Z</time></trkpt>
  <trkpt lat="37.4130734" lon="-121.9954322"><ele>92</ele><time>2026-09-06T17:03:25.089355Z</time></trkpt>
  <trkpt lat="37.4130840" lon="-121.9954355"><ele>93</ele><time>2026-09-06T17:03:25.189836Z</time></trkpt>
  <trkpt lat="37.4130840" lon="-121.9954355"><ele>93</ele><time>2026-09-06T17:03:25.206227Z</time></trkpt>
  <trkpt lat="37.4130954" lon="-121.9954371"><ele>93</ele><time>2026-09-06T17:03:25.290369Z</time></trkpt>
  <trkpt lat="37.4131070" lon="-121.9954367"><ele>94</ele><time>2026-09-06T17:03:25.390629Z</time></trkpt>
  <trkpt lat="37.4131183" lon="-121.9954353"><ele>94</ele><time>2026-09-06T17:03:25.491254Z</time></trkpt>
  <trkpt lat="37.4131297" lon="-121.9954329"><ele>95</ele><time>2026-09-06T17:03:25.591810Z</time></trkpt>
  <trkpt lat="37.4131412" lon="-121.9954305"><ele>95</ele><time>2026-09-06T17:03:25.692119Z</time></trkpt>
  <trkpt lat="37.4131523" lon="-121.9954274"><ele>95</ele><time>2026-09-06T17:03:25.792191Z</time></trkpt>
  <trkpt lat="37.4131638" lon="-121.9954269"><ele>94</ele><time>2026-09-06T17:03:25.892780Z</time></trkpt>
  <trkpt lat="37.4131746" lon="-121.9954296"><ele>94</ele><time>2026-09-06T17:03:25.992882Z</time></trkpt>
  <trkpt lat="37.4131845" lon="-121.9954357"><ele>94</ele><time>2026-09-06T17:03:26.093605Z</time></trkpt>
  <trkpt lat="37.4131937" lon="-121.9954434"><ele>93</ele><time>2026-09-06T17:03:26.194388Z</time></trkpt>
  <trkpt lat="37.4132017" lon="-121.9954538"><ele>92</ele><time>2026-09-06T17:03:26.295254Z</time></trkpt>
  <trkpt lat="37.4132080" lon="-121.9954668"><ele>92</ele><time>2026-09-06T17:03:26.395432Z</time></trkpt>
  <trkpt lat="37.4132124" lon="-121.9954815"><ele>92</ele><time>2026-09-06T17:03:26.495649Z</time></trkpt>
  <trkpt lat="37.4132156" lon="-121.9954970"><ele>91</ele><time>2026-09-06T17:03:26.595951Z</time></trkpt>
  <trkpt lat="37.4132177" lon="-121.9955139"><ele>91</ele><time>2026-09-06T17:03:26.697216Z</time></trkpt>
  <trkpt lat="37.4132176" lon="-121.9955316"><ele>91</ele><time>2026-09-06T17:03:26.798065Z</time></trkpt>
  <trkpt lat="37.4132157" lon="-121.9955500"><ele>91</ele><time>2026-09-06T17:03:26.898770Z</time></trkpt>
  <trkpt lat="37.4132131" lon="-121.9955682"><ele>91</ele><time>2026-09-06T17:03:26.998622Z</time></trkpt>
  <trkpt lat="37.4132099" lon="-121.9955865"><ele>90</ele><time>2026-09-06T17:03:27.099108Z</time></trkpt>
  <trkpt lat="37.4132055" lon="-121.9956048"><ele>90</ele><time>2026-09-06T17:03:27.199472Z</time></trkpt>
  <trkpt lat="37.4131985" lon="-121.9956209"><ele>90</ele><time>2026-09-06T17:03:27.300177Z</time></trkpt>
  <trkpt lat="37.4131985" lon="-121.9956209"><ele>90</ele><time>2026-09-06T17:03:27.361546Z</time></trkpt>
  <trkpt lat="37.4131890" lon="-121.9956363"><ele>89</ele><time>2026-09-06T17:03:27.400947Z</time></trkpt>
  <trkpt lat="37.4131782" lon="-121.9956508"><ele>89</ele><time>2026-09-06T17:03:27.501790Z</time></trkpt>
  <trkpt lat="37.4131669" lon="-121.9956649"><ele>89</ele><time>2026-09-06T17:03:27.582319Z</time></trkpt>
  <trkpt lat="37.4131554" lon="-121.9956780"><ele>88</ele><time>2026-09-06T17:03:27.683272Z</time></trkpt>
  <trkpt lat="37.4131430" lon="-121.9956902"><ele>88</ele><time>2026-09-06T17:03:27.783423Z</time></trkpt>
  <trkpt lat="37.4131292" lon="-121.9957007"><ele>87</ele><time>2026-09-06T17:03:27.883924Z</time></trkpt>
  <trkpt lat="37.4131140" lon="-121.9957090"><ele>87</ele><time>2026-09-06T17:03:27.984548Z</time></trkpt>
  <trkpt lat="37.4130974" lon="-121.9957150"><ele>87</ele><time>2026-09-06T17:03:28.085282Z</time></trkpt>
  <trkpt lat="37.4130800" lon="-121.9957184"><ele>87</ele><time>2026-09-06T17:03:28.185982Z</time></trkpt>
  <trkpt lat="37.4130626" lon="-121.9957192"><ele>87</ele><time>2026-09-06T17:03:28.286522Z</time></trkpt>
  <trkpt lat="37.4130454" lon="-121.9957195"><ele>86</ele><time>2026-09-06T17:03:28.386918Z</time></trkpt>
  <trkpt lat="37.4130287" lon="-121.9957204"><ele>86</ele><time>2026-09-06T17:03:28.487773Z</time></trkpt>
  <trkpt lat="37.4130122" lon="-121.9957215"><ele>85</ele><time>2026-09-06T17:03:28.588241Z</time></trkpt>
  <trkpt lat="37.4129958" lon="-121.9957222"><ele>85</ele><time>2026-09-06T17:03:28.688440Z</time></trkpt>
  <trkpt lat="37.4129796" lon="-121.9957224"><ele>84</ele><time>2026-09-06T17:03:28.788928Z</time></trkpt>
  <trkpt lat="37.4129633" lon="-121.9957222"><ele>83</ele><time>2026-09-06T17:03:28.889260Z</time></trkpt>
  <trkpt lat="37.4129470" lon="-121.9957214"><ele>83</ele><time>2026-09-06T17:03:28.989772Z</time></trkpt>
  <trkpt lat="37.4129305" lon="-121.9957201"><ele>82</ele><time>2026-09-06T17:03:29.090138Z</time></trkpt>
  <trkpt lat="37.4129143" lon="-121.9957186"><ele>81</ele><time>2026-09-06T17:03:29.191629Z</time></trkpt>
  <trkpt lat="37.4128983" lon="-121.9957170"><ele>80</ele><time>2026-09-06T17:03:29.292570Z</time></trkpt>
  <trkpt lat="37.4128823" lon="-121.9957150"><ele>79</ele><time>2026-09-06T17:03:29.393286Z</time></trkpt>
  <trkpt lat="37.4128662" lon="-121.9957128"><ele>78</ele><time>2026-09-06T17:03:29.494253Z</time></trkpt>
  <trkpt lat="37.4128662" lon="-121.9957128"><ele>78</ele><time>2026-09-06T17:03:29.507721Z</time></trkpt>
  <trkpt lat="37.4128503" lon="-121.9957108"><ele>77</ele><time>2026-09-06T17:03:29.595008Z</time></trkpt>
  <trkpt lat="37.4128350" lon="-121.9957088"><ele>76</ele><time>2026-09-06T17:03:29.695600Z</time></trkpt>
  <trkpt lat="37.4128201" lon="-121.9957072"><ele>74</ele><time>2026-09-06T17:03:29.796471Z</time></trkpt>
  <trkpt lat="37.4128055" lon="-121.9957056"><ele>73</ele><time>2026-09-06T17:03:29.897069Z</time></trkpt>
  <trkpt lat="37.4127909" lon="-121.9957038"><ele>71</ele><time>2026-09-06T17:03:29.997612Z</time></trkpt>
  <trkpt lat="37.4127766" lon="-121.9957022"><ele>70</ele><time>2026-09-06T17:03:30.097919Z</time></trkpt>
  <trkpt lat="37.4127623" lon="-121.9956987"><ele>68</ele><time>2026-09-06T17:03:30.198491Z</time></trkpt>
  <trkpt lat="37.4127483" lon="-121.9956925"><ele>67</ele><time>2026-09-06T17:03:30.279067Z</time></trkpt>
  <trkpt lat="37.4127339" lon="-121.9956832"><ele>66</ele><time>2026-09-06T17:03:30.399729Z</time></trkpt>
  <trkpt lat="37.4127184" lon="-121.9956698"><ele>65</ele><time>2026-09-06T17:03:30.480611Z</time></trkpt>
  <trkpt lat="37.4127032" lon="-121.9956538"><ele>65</ele><time>2026-09-06T17:03:30.580901Z</time></trkpt>
  <trkpt lat="37.4126889" lon="-121.9956373"><ele>64</ele><time>2026-09-06T17:03:30.681318Z</time></trkpt>
  <trkpt lat="37.4126752" lon="-121.9956210"><ele>63</ele><time>2026-09-06T17:03:30.781813Z</time></trkpt>
  <trkpt lat="37.4126614" lon="-121.9956049"><ele>63</ele><time>2026-09-06T17:03:30.882537Z</time></trkpt>
  <trkpt lat="37.4126480" lon="-121.9955892"><ele>62</ele><time>2026-09-06T17:03:30.982806Z</time></trkpt>
  <trkpt lat="37.4126346" lon="-121.9955735"><ele>61</ele><time>2026-09-06T17:03:31.083510Z</time></trkpt>
  <trkpt lat="37.4126216" lon="-121.9955583"><ele>60</ele><time>2026-09-06T17:03:31.184175Z</time></trkpt>
  <trkpt lat="37.4126086" lon="-121.9955434"><ele>59</ele><time>2026-09-06T17:03:31.284588Z</time></trkpt>
  <trkpt lat="37.4125958" lon="-121.9955289"><ele>58</ele><time>2026-09-06T17:03:31.385146Z</time></trkpt>
  <trkpt lat="37.4125829" lon="-121.9955141"><ele>58</ele><time>2026-09-06T17:03:31.485727Z</time></trkpt>
  <trkpt lat="37.4125702" lon="-121.9954976"><ele>57</ele><time>2026-09-06T17:03:31.585950Z</time></trkpt>
  <trkpt lat="37.4125702" lon="-121.9954976"><ele>57</ele><time>2026-09-06T17:03:31.649356Z</time></trkpt>
  <trkpt lat="37.4125575" lon="-121.9954793"><ele>56</ele><time>2026-09-06T17:03:31.686863Z</time></trkpt>
  <trkpt lat="37.4125455" lon="-121.9954600"><ele>56</ele><time>2026-09-06T17:03:31.787397Z</time></trkpt>
  <trkpt lat="37.4125340" lon="-121.9954400"><ele>56</ele><time>2026-09-06T17:03:31.888530Z</time></trkpt>
  <trkpt lat="37.4125228" lon="-121.9954205"><ele>55</ele><time>2026-09-06T17:03:31.989251Z</time></trkpt>
  <trkpt lat="37.4125118" lon="-121.9954013"><ele>55</ele><time>2026-09-06T17:03:32.089882Z</time></trkpt>
  <trkpt lat="37.4125010" lon="-121.9953819"><ele>54</ele><time>2026-09-06T17:03:32.190077Z</time></trkpt>
  <trkpt lat="37.4124908" lon="-121.9953624"><ele>54</ele><time>2026-09-06T17:03:32.291092Z</time></trkpt>
  <trkpt lat="37.4124811" lon="-121.9953427"><ele>53</ele><time>2026-09-06T17:03:32.391389Z</time></trkpt>
  <trkpt lat="37.4124720" lon="-121.9953229"><ele>52</ele><time>2026-09-06T17:03:32.492893Z</time></trkpt>
  <trkpt lat="37.4124635" lon="-121.9953029"><ele>52</ele><time>2026-09-06T17:03:32.593426Z</time></trkpt>
  <trkpt lat="37.4124569" lon="-121.9952821"><ele>51</ele><time>2026-09-06T17:03:32.693615Z</time></trkpt>
  <trkpt lat="37.4124527" lon="-121.9952600"><ele>51</ele><time>2026-09-06T17:03:32.794113Z</time></trkpt>
  <trkpt lat="37.4124502" lon="-121.9952364"><ele>50</ele><time>2026-09-06T17:03:32.895143Z</time></trkpt>
  <trkpt lat="37.4124484" lon="-121.9952129"><ele>49</ele><time>2026-09-06T17:03:32.975825Z</time></trkpt>
  <trkpt lat="37.4124478" lon="-121.9951902"><ele>49</ele><time>2026-09-06T17:03:33.096087Z</time></trkpt>
  <trkpt lat="37.4124482" lon="-121.9951678"><ele>48</ele><time>2026-09-06T17:03:33.176625Z</time></trkpt>
  <trkpt lat="37.4124495" lon="-121.9951457"><ele>48</ele><time>2026-09-06T17:03:33.277448Z</time></trkpt>
  <trkpt lat="37.4124519" lon="-121.9951240"><ele>47</ele><time>2026-09-06T17:03:33.377719Z</time></trkpt>
  <trkpt lat="37.4124562" lon="-121.9951032"><ele>47</ele><time>2026-09-06T17:03:33.478220Z</time></trkpt>
  <trkpt lat="37.4124625" lon="-121.9950832"><ele>47</ele><time>2026-09-06T17:03:33.578520Z</time></trkpt>
  <trkpt lat="37.4124710" lon="-121.9950646"><ele>46</ele><time>2026-09-06T17:03:33.679130Z</time></trkpt>
  <trkpt lat="37.4124811" lon="-121.9950479"><ele>46</ele><time>2026-09-06T17:03:33.779367Z</time></trkpt>
  <trkpt lat="37.4124811" lon="-121.9950479"><ele>46</ele><time>2026-09-06T17:03:33.812876Z</time></trkpt>
  <trkpt lat="37.4124925" lon="-121.9950332"><ele>47</ele><time>2026-09-06T17:03:33.880359Z</time></trkpt>
  <trkpt lat="37.4125050" lon="-121.9950212"><ele>47</ele><time>2026-09-06T17:03:33.981476Z</time></trkpt>
  <trkpt lat="37.4125180" lon="-121.9950113"><ele>47</ele><time>2026-09-06T17:03:34.081996Z</time></trkpt>
  <trkpt lat="37.4125311" lon="-121.9950041"><ele>48</ele><time>2026-09-06T17:03:34.182884Z</time></trkpt>
  <trkpt lat="37.4125441" lon="-121.9949991"><ele>48</ele><time>2026-09-06T17:03:34.283169Z</time></trkpt>
  <trkpt lat="37.4125568" lon="-121.9949960"><ele>49</ele><time>2026-09-06T17:03:34.384428Z</time></trkpt>
  <trkpt lat="37.4125694" lon="-121.9949933"><ele>50</ele><time>2026-09-06T17:03:34.484970Z</time></trkpt>
  <trkpt lat="37.4125818" lon="-121.9949907"><ele>50</ele><time>2026-09-06T17:03:34.585379Z</time></trkpt>
  <trkpt lat="37.4125944" lon="-121.9949875"><ele>51</ele><time>2026-09-06T17:03:34.685642Z</time></trkpt>
  <trkpt lat="37.4126068" lon="-121.9949845"><ele>51</ele><time>2026-09-06T17:03:34.786325Z</time></trkpt>
  <trkpt lat="37.4126189" lon="-121.9949819"><ele>51</ele><time>2026-09-06T17:03:34.887164Z</time></trkpt>
  <trkpt lat="37.4126311" lon="-121.9949793"><ele>51</ele><time>2026-09-06T17:03:34.988209Z</time></trkpt>
  <trkpt lat="37.4126432" lon="-121.9949765"><ele>52</ele><time>2026-09-06T17:03:35.087669Z</time></trkpt>
  <trkpt lat="37.4126553" lon="-121.9949734"><ele>52</ele><time>2026-09-06T17:03:35.188089Z</time></trkpt>
  <trkpt lat="37.4126673" lon="-121.9949704"><ele>52</ele><time>2026-09-06T17:03:35.288609Z</time></trkpt>
  <trkpt lat="37.4126794" lon="-121.9949673"><ele>52</ele><time>2026-09-06T17:03:35.389139Z</time></trkpt>
  <trkpt lat="37.4126915" lon="-121.9949647"><ele>52</ele><time>2026-09-06T17:03:35.489637Z</time></trkpt>
  <trkpt lat="37.4127038" lon="-121.9949623"><ele>52</ele><time>2026-09-06T17:03:35.590322Z</time></trkpt>
  <trkpt lat="37.4127161" lon="-121.9949598"><ele>52</ele><time>2026-09-06T17:03:35.690939Z</time></trkpt>
  <trkpt lat="37.4127284" lon="-121.9949579"><ele>52</ele><time>2026-09-06T17:03:35.791107Z</time></trkpt>
  <trkpt lat="37.4127406" lon="-121.9949571"><ele>52</ele><time>2026-09-06T17:03:35.891631Z</time></trkpt>
  <trkpt lat="37.4127406" lon="-121.9949571"><ele>52</ele><time>2026-09-06T17:03:35.970864Z</time></trkpt>
  <trkpt lat="37.4127529" lon="-121.9949571"><ele>52</ele><time>2026-09-06T17:03:35.972917Z</time></trkpt>
  <trkpt lat="37.4127651" lon="-121.9949577"><ele>52</ele><time>2026-09-06T17:03:36.073307Z</time></trkpt>
  <trkpt lat="37.4127773" lon="-121.9949584"><ele>52</ele><time>2026-09-06T17:03:36.174133Z</time></trkpt>
  <trkpt lat="37.4127893" lon="-121.9949591"><ele>52</ele><time>2026-09-06T17:03:36.275547Z</time></trkpt>
  <trkpt lat="37.4128011" lon="-121.9949602"><ele>53</ele><time>2026-09-06T17:03:36.376949Z</time></trkpt>
  <trkpt lat="37.4128128" lon="-121.9949619"><ele>53</ele><time>2026-09-06T17:03:36.477446Z</time></trkpt>
  <trkpt lat="37.4128242" lon="-121.9949645"><ele>53</ele><time>2026-09-06T17:03:36.578320Z</time></trkpt>
  <trkpt lat="37.4128354" lon="-121.9949675"><ele>53</ele><time>2026-09-06T17:03:36.679360Z</time></trkpt>
  <trkpt lat="37.4128463" lon="-121.9949712"><ele>54</ele><time>2026-09-06T17:03:36.780251Z</time></trkpt>
  <trkpt lat="37.4128570" lon="-121.9949757"><ele>54</ele><time>2026-09-06T17:03:36.880995Z</time></trkpt>
  <trkpt lat="37.4128673" lon="-121.9949819"><ele>54</ele><time>2026-09-06T17:03:36.981938Z</time></trkpt>
  <trkpt lat="37.4128766" lon="-121.9949909"><ele>55</ele><time>2026-09-06T17:03:37.082459Z</time></trkpt>
  <trkpt lat="37.4128860" lon="-121.9949996"><ele>56</ele><time>2026-09-06T17:03:37.183214Z</time></trkpt>
  <trkpt lat="37.4128956" lon="-121.9950081"><ele>56</ele><time>2026-09-06T17:03:37.283670Z</time></trkpt>
  <trkpt lat="37.4129061" lon="-121.9950134"><ele>56</ele><time>2026-09-06T17:03:37.384751Z</time></trkpt>
  <trkpt lat="37.4129169" lon="-121.9950177"><ele>56</ele><time>2026-09-06T17:03:37.485322Z</time></trkpt>
  <trkpt lat="37.4129281" lon="-121.9950209"><ele>56</ele><time>2026-09-06T17:03:37.585624Z</time></trkpt>
  <trkpt lat="37.4129388" lon="-121.9950256"><ele>56</ele><time>2026-09-06T17:03:37.686996Z</time></trkpt>
  <trkpt lat="37.4129494" lon="-121.9950308"><ele>56</ele><time>2026-09-06T17:03:37.787328Z</time></trkpt>
  <trkpt lat="37.4129599" lon="-121.9950354"><ele>56</ele><time>2026-09-06T17:03:37.887743Z</time></trkpt>
  <trkpt lat="37.4129704" lon="-121.9950394"><ele>57</ele><time>2026-09-06T17:03:37.987784Z</time></trkpt>
  <trkpt lat="37.4129805" lon="-121.9950425"><ele>57</ele><time>2026-09-06T17:03:38.088119Z</time></trkpt>
  <trkpt lat="37.4129805" lon="-121.9950425"><ele>57</ele><time>2026-09-06T17:03:38.127552Z</time></trkpt>
  <trkpt lat="37.4129905" lon="-121.9950449"><ele>57</ele><time>2026-09-06T17:03:38.188224Z</time></trkpt>
  <trkpt lat="37.4130001" lon="-121.9950465"><ele>58</ele><time>2026-09-06T17:03:38.288893Z</time></trkpt>
  <trkpt lat="37.4130096" lon="-121.9950471"><ele>59</ele><time>2026-09-06T17:03:38.389922Z</time></trkpt>
  <trkpt lat="37.4130188" lon="-121.9950470"><ele>59</ele><time>2026-09-06T17:03:38.469720Z</time></trkpt>
  <trkpt lat="37.4130278" lon="-121.9950464"><ele>60</ele><time>2026-09-06T17:03:38.590368Z</time></trkpt>
  <trkpt lat="37.4130368" lon="-121.9950454"><ele>60</ele><time>2026-09-06T17:03:38.671148Z</time></trkpt>
  <trkpt lat="37.4130458" lon="-121.9950441"><ele>61</ele><time>2026-09-06T17:03:38.771829Z</time></trkpt>
  <trkpt lat="37.4130550" lon="-121.9950431"><ele>61</ele><time>2026-09-06T17:03:38.872469Z</time></trkpt>
  <trkpt lat="37.4130646" lon="-121.9950416"><ele>61</ele><time>2026-09-06T17:03:38.972622Z</time></trkpt>
  <trkpt lat="37.4130743" lon="-121.9950400"><ele>61</ele><time>2026-09-06T17:03:39.073390Z</time></trkpt>
  <trkpt lat="37.4130841" lon="-121.9950383"><ele>61</ele><time>2026-09-06T17:03:39.174168Z</time></trkpt>
  <trkpt lat="37.4130938" lon="-121.9950368"><ele>61</ele><time>2026-09-06T17:03:39.274388Z</time></trkpt>
  <trkpt lat="37.4131039" lon="-121.9950351"><ele>61</ele><time>2026-09-06T17:03:39.375150Z</time></trkpt>
  <trkpt lat="37.4131140" lon="-121.9950336"><ele>61</ele><time>2026-09-06T17:03:39.475972Z</time></trkpt>
  <trkpt lat="37.4131242" lon="-121.9950320"><ele>61</ele><time>2026-09-06T17:03:39.576123Z</time></trkpt>
  <trkpt lat="37.4131344" lon="-121.9950301"><ele>61</ele><time>2026-09-06T17:03:39.676784Z</time></trkpt>
  <trkpt lat="37.4131444" lon="-121.9950284"><ele>61</ele><time>2026-09-06T17:03:39.777229Z</time></trkpt>
  <trkpt lat="37.4131543" lon="-121.9950261"><ele>61</ele><time>2026-09-06T17:03:39.878129Z</time></trkpt>
  <trkpt lat="37.4131637" lon="-121.9950232"><ele>61</ele><time>2026-09-06T17:03:39.978606Z</time></trkpt>
  <trkpt lat="37.4131726" lon="-121.9950200"><ele>62</ele><time>2026-09-06T17:03:40.079054Z</time></trkpt>
  <trkpt lat="37.4131809" lon="-121.9950164"><ele>62</ele><time>2026-09-06T17:03:40.179289Z</time></trkpt>
  <trkpt lat="37.4131886" lon="-121.9950122"><ele>63</ele><time>2026-09-06T17:03:40.279579Z</time></trkpt>
  <trkpt lat="37.4131886" lon="-121.9950122"><ele>63</ele><time>2026-09-06T17:03:40.285828Z</time></trkpt>
  <trkpt lat="37.4131957" lon="-121.9950074"><ele>63</ele><time>2026-09-06T17:03:40.379936Z</time></trkpt>
  <trkpt lat="37.4132022" lon="-121.9950023"><ele>64</ele><time>2026-09-06T17:03:40.480789Z</time></trkpt>
  <trkpt lat="37.4132083" lon="-121.9949964"><ele>65</ele><time>2026-09-06T17:03:40.581744Z</time></trkpt>
  <trkpt lat="37.4132140" lon="-121.9949895"><ele>65</ele><time>2026-09-06T17:03:40.682698Z</time></trkpt>
  <trkpt lat="37.4132190" lon="-121.9949821"><ele>66</ele><time>2026-09-06T17:03:40.783102Z</time></trkpt>
  <trkpt lat="37.4132234" lon="-121.9949740"><ele>66</ele><time>2026-09-06T17:03:40.884131Z</time></trkpt>
  <trkpt lat="37.4132272" lon="-121.9949651"><ele>67</ele><time>2026-09-06T17:03:40.985062Z</time></trkpt>
  <trkpt lat="37.4132306" lon="-121.9949554"><ele>67</ele><time>2026-09-06T17:03:41.086091Z</time></trkpt>
  <trkpt lat="37.4132336" lon="-121.9949455"><ele>67</ele><time>2026-09-06T17:03:41.186367Z</time></trkpt>
  <trkpt lat="37.4132364" lon="-121.9949351"><ele>68</ele><time>2026-09-06T17:03:41.287974Z</time></trkpt>
  <trkpt lat="37.4132392" lon="-121.9949247"><ele>68</ele><time>2026-09-06T17:03:41.368285Z</time></trkpt>
  <trkpt lat="37.4132419" lon="-121.9949140"><ele>68</ele><time>2026-09-06T17:03:41.469710Z</time></trkpt>
  <trkpt lat="37.4132446" lon="-121.9949029"><ele>68</ele><time>2026-09-06T17:03:41.570033Z</time></trkpt>
  <trkpt lat="37.4132474" lon="-121.9948916"><ele>68</ele><time>2026-09-06T17:03:41.670486Z</time></trkpt>
  <trkpt lat="37.4132504" lon="-121.9948801"><ele>68</ele><time>2026-09-06T17:03:41.770496Z</time></trkpt>
  <trkpt lat="37.4132535" lon="-121.9948684"><ele>68</ele><time>2026-09-06T17:03:41.870723Z</time></trkpt>
  <trkpt lat="37.4132568" lon="-121.9948566"><ele>68</ele><time>2026-09-06T17:03:41.971614Z</time></trkpt>
  <trkpt lat="37.4132607" lon="-121.9948446"><ele>68</ele><time>2026-09-06T17:03:42.072302Z</time></trkpt>
  <trkpt lat="37.4132649" lon="-121.9948329"><ele>68</ele><time>2026-09-06T17:03:42.172913Z</time></trkpt>
  <trkpt lat="37.4132697" lon="-121.9948213"><ele>68</ele><time>2026-09-06T17:03:42.273566Z</time></trkpt>
  <trkpt lat="37.4132745" lon="-121.9948097"><ele>68</ele><time>2026-09-06T17:03:42.374182Z</time></trkpt>
  <trkpt lat="37.4132745" lon="-121.9948097"><ele>68</ele><time>2026-09-06T17:03:42.438874Z</time></trkpt>
  <trkpt lat="37.4132796" lon="-121.9947979"><ele>68</ele><time>2026-09-06T17:03:42.474381Z</time></trkpt>
  <trkpt lat="37.4132848" lon="-121.9947864"><ele>68</ele><time>2026-09-06T17:03:42.574688Z</time></trkpt>
  <trkpt lat="37.4132904" lon="-121.9947750"><ele>68</ele><time>2026-09-06T17:03:42.676114Z</time></trkpt>
  <trkpt lat="37.4132964" lon="-121.9947636"><ele>68</ele><time>2026-09-06T17:03:42.776957Z</time></trkpt>
  <trkpt lat="37.4133025" lon="-121.9947521"><ele>68</ele><time>2026-09-06T17:03:42.877758Z</time></trkpt>
  <trkpt lat="37.4133086" lon="-121.9947407"><ele>68</ele><time>2026-09-06T17:03:42.977894Z</time></trkpt>
  <trkpt lat="37.4133147" lon="-121.9947291"><ele>68</ele><time>2026-09-06T17:03:43.078735Z</time></trkpt>
  <trkpt lat="37.4133207" lon="-121.9947171"><ele>68</ele><time>2026-09-06T17:03:43.179378Z</time></trkpt>
  <trkpt lat="37.4133263" lon="-121.9947049"><ele>68</ele><time>2026-09-06T17:03:43.279637Z</time></trkpt>
  <trkpt lat="37.4133318" lon="-121.9946923"><ele>68</ele><time>2026-09-06T17:03:43.380182Z</time></trkpt>
  <trkpt lat="37.4133371" lon="-121.9946792"><ele>68</ele><time>2026-09-06T17:03:43.480878Z</time></trkpt>
  <trkpt lat="37.4133424" lon="-121.9946661"><ele>68</ele><time>2026-09-06T17:03:43.581244Z</time></trkpt>
  <trkpt lat="37.4133475" lon="-121.9946525"><ele>67</ele><time>2026-09-06T17:03:43.681443Z</time></trkpt>
  <trkpt lat="37.4133524" lon="-121.9946388"><ele>67</ele><time>2026-09-06T17:03:43.781651Z</time></trkpt>
  <trkpt lat="37.4133573" lon="-121.9946248"><ele>67</ele><time>2026-09-06T17:03:43.882311Z</time></trkpt>
  <trkpt lat="37.4133620" lon="-121.9946105"><ele>67</ele><time>2026-09-06T17:03:43.982929Z</time></trkpt>
  <trkpt lat="37.4133666" lon="-121.9945960"><ele>67</ele><time>2026-09-06T17:03:44.083193Z</time></trkpt>
  <trkpt lat="37.4133712" lon="-121.9945812"><ele>67</ele><time>2026-09-06T17:03:44.184240Z</time></trkpt>
  <trkpt lat="37.4133756" lon="-121.9945664"><ele>67</ele><time>2026-09-06T17:03:44.264391Z</time></trkpt>
  <trkpt lat="37.4133798" lon="-121.9945513"><ele>66</ele><time>2026-09-06T17:03:44.365267Z</time></trkpt>
  <trkpt lat="37.4133840" lon="-121.9945359"><ele>66</ele><time>2026-09-06T17:03:44.465683Z</time></trkpt>
  <trkpt lat="37.4133880" lon="-121.9945204"><ele>66</ele><time>2026-09-06T17:03:44.566703Z</time></trkpt>
  <trkpt lat="37.4133880" lon="-121.9945204"><ele>66</ele><time>2026-09-06T17:03:44.579793Z</time></trkpt>
  <trkpt lat="37.4133920" lon="-121.9945047"><ele>66</ele><time>2026-09-06T17:03:44.666897Z</time></trkpt>
  <trkpt lat="37.4133956" lon="-121.9944888"><ele>65</ele><time>2026-09-06T17:03:44.767315Z</time></trkpt>
  <trkpt lat="37.4133991" lon="-121.9944727"><ele>65</ele><time>2026-09-06T17:03:44.868966Z</time></trkpt>
  <trkpt lat="37.4134025" lon="-121.9944564"><ele>65</ele><time>2026-09-06T17:03:44.969545Z</time></trkpt>
  <trkpt lat="37.4134056" lon="-121.9944400"><ele>65</ele><time>2026-09-06T17:03:45.070328Z</time></trkpt>
  <trkpt lat="37.4134083" lon="-121.9944234"><ele>65</ele><time>2026-09-06T17:03:45.171711Z</time></trkpt>
  <trkpt lat="37.4134106" lon="-121.9944066"><ele>65</ele><time>2026-09-06T17:03:45.272136Z</time></trkpt>
  <trkpt lat="37.4134123" lon="-121.9943896"><ele>65</ele><time>2026-09-06T17:03:45.373223Z</time></trkpt>
  <trkpt lat="37.4134133" lon="-121.9943723"><ele>65</ele><time>2026-09-06T17:03:45.474128Z</time></trkpt>
  <trkpt lat="37.4134139" lon="-121.9943548"><ele>65</ele><time>2026-09-06T17:03:45.575168Z</time></trkpt>
  <trkpt lat="37.4134141" lon="-121.9943374"><ele>64</ele><time>2026-09-06T17:03:45.675831Z</time></trkpt>
  <trkpt lat="37.4134140" lon="-121.9943199"><ele>64</ele><time>2026-09-06T17:03:45.776022Z</time></trkpt>
  <trkpt lat="37.4134135" lon="-121.9943023"><ele>64</ele><time>2026-09-06T17:03:45.876187Z</time></trkpt>
  <trkpt lat="37.4134126" lon="-121.9942847"><ele>64</ele><time>2026-09-06T17:03:45.977314Z</time></trkpt>
  <trkpt lat="37.4134115" lon="-121.9942670"><ele>64</ele><time>2026-09-06T17:03:46.077723Z</time></trkpt>
  <trkpt lat="37.4134103" lon="-121.9942491"><ele>64</ele><time>2026-09-06T17:03:46.178759Z</time></trkpt>
  <trkpt lat="37.4134084" lon="-121.9942313"><ele>64</ele><time>2026-09-06T17:03:46.279930Z</time></trkpt>
  <trkpt lat="37.4134063" lon="-121.9942134"><ele>64</ele><time>2026-09-06T17:03:46.380359Z</time></trkpt>
  <trkpt lat="37.4134036" lon="-121.9941956"><ele>63</ele><time>2026-09-06T17:03:46.481586Z</time></trkpt>
  <trkpt lat="37.4134007" lon="-121.9941777"><ele>63</ele><time>2026-09-06T17:03:46.581961Z</time></trkpt>
  <trkpt lat="37.4133975" lon="-121.9941599"><ele>63</ele><time>2026-09-06T17:03:46.662762Z</time></trkpt>
  <trkpt lat="37.4133975" lon="-121.9941599"><ele>63</ele><time>2026-09-06T17:03:46.723466Z</time></trkpt>
  <trkpt lat="37.4133940" lon="-121.9941421"><ele>63</ele><time>2026-09-06T17:03:46.763061Z</time></trkpt>
  <trkpt lat="37.4133899" lon="-121.9941240"><ele>62</ele><time>2026-09-06T17:03:46.863857Z</time></trkpt>
  <trkpt lat="37.4133854" lon="-121.9941061"><ele>62</ele><time>2026-09-06T17:03:46.964118Z</time></trkpt>
  <trkpt lat="37.4133806" lon="-121.9940880"><ele>62</ele><time>2026-09-06T17:03:47.064450Z</time></trkpt>
  <trkpt lat="37.4133751" lon="-121.9940699"><ele>61</ele><time>2026-09-06T17:03:47.164839Z</time></trkpt>
  <trkpt lat="37.4133692" lon="-121.9940520"><ele>61</ele><time>2026-09-06T17:03:47.265456Z</time></trkpt>
  <trkpt lat="37.4133626" lon="-121.9940342"><ele>61</ele><time>2026-09-06T17:03:47.366010Z</time></trkpt>
  <trkpt lat="37.4133553" lon="-121.9940165"><ele>60</ele><time>2026-09-06T17:03:47.466508Z</time></trkpt>
  <trkpt lat="37.4133474" lon="-121.9939989"><ele>60</ele><time>2026-09-06T17:03:47.567066Z</time></trkpt>
  <trkpt lat="37.4133390" lon="-121.9939815"><ele>59</ele><time>2026-09-06T17:03:47.667486Z</time></trkpt>
  <trkpt lat="37.4133304" lon="-121.9939641"><ele>59</ele><time>2026-09-06T17:03:47.767744Z</time></trkpt>
  <trkpt lat="37.4133214" lon="-121.9939470"><ele>58</ele><time>2026-09-06T17:03:47.868644Z</time></trkpt>
  <trkpt lat="37.4133120" lon="-121.9939299"><ele>57</ele><time>2026-09-06T17:03:47.969422Z</time></trkpt>
  <trkpt lat="37.4133024" lon="-121.9939132"><ele>57</ele><time>2026-09-06T17:03:48.069806Z</time></trkpt>
  <trkpt lat="37.4132925" lon="-121.9938962"><ele>56</ele><time>2026-09-06T17:03:48.170311Z</time></trkpt>
  <trkpt lat="37.4132823" lon="-121.9938793"><ele>55</ele><time>2026-09-06T17:03:48.271233Z</time></trkpt>
  <trkpt lat="37.4132721" lon="-121.9938625"><ele>55</ele><time>2026-09-06T17:03:48.371371Z</time></trkpt>
  <trkpt lat="37.4132615" lon="-121.9938460"><ele>54</ele><time>2026-09-06T17:03:48.472052Z</time></trkpt>
  <trkpt lat="37.4132511" lon="-121.9938290"><ele>53</ele><time>2026-09-06T17:03:48.572865Z</time></trkpt>
  <trkpt lat="37.4132406" lon="-121.9938116"><ele>52</ele><time>2026-09-06T17:03:48.673197Z</time></trkpt>
  <trkpt lat="37.4132301" lon="-121.9937940"><ele>52</ele><time>2026-09-06T17:03:48.774400Z</time></trkpt>
  <trkpt lat="37.4132199" lon="-121.9937757"><ele>51</ele><time>2026-09-06T17:03:48.874837Z</time></trkpt>
  <trkpt lat="37.4132199" lon="-121.9937757"><ele>51</ele><time>2026-09-06T17:03:48.880474Z</time></trkpt>
  <trkpt lat="37.4132099" lon="-121.9937571"><ele>50</ele><time>2026-09-06T17:03:48.975709Z</time></trkpt>
  <trkpt lat="37.4132002" lon="-121.9937381"><ele>49</ele><time>2026-09-06T17:03:49.076216Z</time></trkpt>
  <trkpt lat="37.4131916" lon="-121.9937180"><ele>49</ele><time>2026-09-06T17:03:49.177416Z</time></trkpt>
  <trkpt lat="37.4131846" lon="-121.9936973"><ele>49</ele><time>2026-09-06T17:03:49.277314Z</time></trkpt>
  <trkpt lat="37.4131785" lon="-121.9936770"><ele>49</ele><time>2026-09-06T17:03:49.377638Z</time></trkpt>
  <trkpt lat="37.4131725" lon="-121.9936569"><ele>49</ele><time>2026-09-06T17:03:49.479595Z</time></trkpt>
  <trkpt lat="37.4131673" lon="-121.9936370"><ele>49</ele><time>2026-09-06T17:03:49.558882Z</time></trkpt>
  <trkpt lat="37.4131622" lon="-121.9936173"><ele>50</ele><time>2026-09-06T17:03:49.659372Z</time></trkpt>
  <trkpt lat="37.4131575" lon="-121.9935979"><ele>50</ele><time>2026-09-06T17:03:49.759995Z</time></trkpt>
  <trkpt lat="37.4131528" lon="-121.9935787"><ele>50</ele><time>2026-09-06T17:03:49.860801Z</time></trkpt>
  <trkpt lat="37.4131484" lon="-121.9935598"><ele>50</ele><time>2026-09-06T17:03:49.962062Z</time></trkpt>
  <trkpt lat="37.4131437" lon="-121.9935412"><ele>49</ele><time>2026-09-06T17:03:50.062634Z</time></trkpt>
  <trkpt lat="37.4131387" lon="-121.9935228"><ele>49</ele><time>2026-09-06T17:03:50.163253Z</time></trkpt>
  <trkpt lat="37.4131336" lon="-121.9935044"><ele>49</ele><time>2026-09-06T17:03:50.264285Z</time></trkpt>
  <trkpt lat="37.4131281" lon="-121.9934860"><ele>49</ele><time>2026-09-06T17:03:50.364641Z</time></trkpt>
  <trkpt lat="37.4131225" lon="-121.9934678"><ele>49</ele><time>2026-09-06T17:03:50.464966Z</time></trkpt>
  <trkpt lat="37.4131165" lon="-121.9934498"><ele>49</ele><time>2026-09-06T17:03:50.565597Z</time></trkpt>
  <trkpt lat="37.4131100" lon="-121.9934324"><ele>48</ele><time>2026-09-06T17:03:50.666527Z</time></trkpt>
  <trkpt lat="37.4131030" lon="-121.9934153"><ele>48</ele><time>2026-09-06T17:03:50.767117Z</time></trkpt>
  <trkpt lat="37.4130952" lon="-121.9933988"><ele>48</ele><time>2026-09-06T17:03:50.868539Z</time></trkpt>
  <trkpt lat="37.4130867" lon="-121.9933828"><ele>47</ele><time>2026-09-06T17:03:50.968764Z</time></trkpt>
  <trkpt lat="37.4130867" lon="-121.9933828"><ele>47</ele><time>2026-09-06T17:03:51.037663Z</time></trkpt>
  <trkpt lat="37.4130774" lon="-121.9933674"><ele>47</ele><time>2026-09-06T17:03:51.069554Z</time></trkpt>
  <trkpt lat="37.4130677" lon="-121.9933527"><ele>46</ele><time>2026-09-06T17:03:51.169757Z</time></trkpt>
  <trkpt lat="37.4130567" lon="-121.9933392"><ele>45</ele><time>2026-09-06T17:03:51.270376Z</time></trkpt>
  <trkpt lat="37.4130438" lon="-121.9933281"><ele>45</ele><time>2026-09-06T17:03:51.370749Z</time></trkpt>
  <trkpt lat="37.4130297" lon="-121.9933191"><ele>44</ele><time>2026-09-06T17:03:51.470909Z</time></trkpt>
  <trkpt lat="37.4130148" lon="-121.9933121"><ele>44</ele><time>2026-09-06T17:03:51.571211Z</time></trkpt>
  <trkpt lat="37.4129995" lon="-121.9933066"><ele>43</ele><time>2026-09-06T17:03:51.671470Z</time></trkpt>
  <trkpt lat="37.4129840" lon="-121.9933021"><ele>42</ele><time>2026-09-06T17:03:51.773090Z</time></trkpt>
  <trkpt lat="37.4129684" lon="-121.9932983"><ele>41</ele><time>2026-09-06T17:03:51.874649Z</time></trkpt>
  <trkpt lat="37.4129530" lon="-121.9932950"><ele>40</ele><time>2026-09-06T17:03:51.974202Z</time></trkpt>
  <trkpt lat="37.4129371" lon="-121.9932936"><ele>40</ele><time>2026-09-06T17:03:52.074574Z</time></trkpt>
  <trkpt lat="37.4129207" lon="-121.9932939"><ele>39</ele><time>2026-09-06T17:03:52.175008Z</time></trkpt>
  <trkpt lat="37.4129039" lon="-121.9932958"><ele>38</ele><time>2026-09-06T17:03:52.255070Z</time></trkpt>
  <trkpt lat="37.4128869" lon="-121.9932987"><ele>38</ele><time>2026-09-06T17:03:52.376164Z</time></trkpt>
  <trkpt lat="37.4128701" lon="-121.9933018"><ele>37</ele><time>2026-09-06T17:03:52.456745Z</time></trkpt>
  <trkpt lat="37.4128534" lon="-121.9933054"><ele>36</ele><time>2026-09-06T17:03:52.557227Z</time></trkpt>
  <trkpt lat="37.4128369" lon="-121.9933094"><ele>35</ele><time>2026-09-06T17:03:52.658147Z</time></trkpt>
  <trkpt lat="37.4128203" lon="-121.9933138"><ele>35</ele><time>2026-09-06T17:03:52.759005Z</time></trkpt>
  <trkpt lat="37.4128037" lon="-121.9933187"><ele>34</ele><time>2026-09-06T17:03:52.859732Z</time></trkpt>
  <trkpt lat="37.4127872" lon="-121.9933240"><ele>33</ele><time>2026-09-06T17:03:52.960514Z</time></trkpt>
  <trkpt lat="37.4127707" lon="-121.9933298"><ele>32</ele><time>2026-09-06T17:03:53.061408Z</time></trkpt>
  <trkpt lat="37.4127542" lon="-121.9933363"><ele>31</ele><time>2026-09-06T17:03:53.162533Z</time></trkpt>
  <trkpt lat="37.4127542" lon="-121.9933363"><ele>31</ele><time>2026-09-06T17:03:53.196747Z</time></trkpt>
  <trkpt lat="37.4127377" lon="-121.9933433"><ele>30</ele><time>2026-09-06T17:03:53.263587Z</time></trkpt>
  <trkpt lat="37.4127212" lon="-121.9933513"><ele>30</ele><time>2026-09-06T17:03:53.364581Z</time></trkpt>
  <trkpt lat="37.4127047" lon="-121.9933601"><ele>29</ele><time>2026-09-06T17:03:53.465399Z</time></trkpt>
  <trkpt lat="37.4126886" lon="-121.9933693"><ele>28</ele><time>2026-09-06T17:03:53.565874Z</time></trkpt>
  <trkpt lat="37.4126726" lon="-121.9933794"><ele>27</ele><time>2026-09-06T17:03:53.666914Z</time></trkpt>
  <trkpt lat="37.4126568" lon="-121.9933897"><ele>27</ele><time>2026-09-06T17:03:53.767525Z</time></trkpt>
  <trkpt lat="37.4126412" lon="-121.9934006"><ele>26</ele><time>2026-09-06T17:03:53.867801Z</time></trkpt>
  <trkpt lat="37.4126257" lon="-121.9934119"><ele>25</ele><time>2026-09-06T17:03:53.968245Z</time></trkpt>
  <trkpt lat="37.4126105" lon="-121.9934236"><ele>25</ele><time>2026-09-06T17:03:54.068635Z</time></trkpt>
  <trkpt lat="37.4125954" lon="-121.9934355"><ele>24</ele><time>2026-09-06T17:03:54.169693Z</time></trkpt>
  <trkpt lat="37.4125806" lon="-121.9934474"><ele>24</ele><time>2026-09-06T17:03:54.269942Z</time></trkpt>
  <trkpt lat="37.4125660" lon="-121.9934594"><ele>23</ele><time>2026-09-06T17:03:54.370277Z</time></trkpt>
  <trkpt lat="37.4125516" lon="-121.9934718"><ele>22</ele><time>2026-09-06T17:03:54.471102Z</time></trkpt>
  <trkpt lat="37.4125374" lon="-121.9934846"><ele>21</ele><time>2026-09-06T17:03:54.572138Z</time></trkpt>
  <trkpt lat="37.4125233" lon="-121.9934974"><ele>21</ele><time>2026-09-06T17:03:54.672415Z</time></trkpt>
  <trkpt lat="37.4125095" lon="-121.9935109"><ele>20</ele><time>2026-09-06T17:03:54.772568Z</time></trkpt>
  <trkpt lat="37.4124959" lon="-121.9935253"><ele>20</ele><time>2026-09-06T17:03:54.852614Z</time></trkpt>
  <trkpt lat="37.4124828" lon="-121.9935403"><ele>19</ele><time>2026-09-06T17:03:54.953348Z</time></trkpt>
  <trkpt lat="37.4124701" lon="-121.9935561"><ele>19</ele><time>2026-09-06T17:03:55.053931Z</time></trkpt>
  <trkpt lat="37.4124582" lon="-121.9935725"><ele>19</ele><time>2026-09-06T17:03:55.154957Z</time></trkpt>
  <trkpt lat="37.4124468" lon="-121.9935892"><ele>19</ele><time>2026-09-06T17:03:55.255500Z</time></trkpt>
  <trkpt lat="37.4124468" lon="-121.9935892"><ele>19</ele><time>2026-09-06T17:03:55.351804Z</time></trkpt>
  <trkpt lat="37.4124362" lon="-121.9936055"><ele>19</ele><time>2026-09-06T17:03:55.355466Z</time></trkpt>
  <trkpt lat="37.4124264" lon="-121.9936215"><ele>19</ele><time>2026-09-06T17:03:55.456406Z</time></trkpt>
  <trkpt lat="37.4124167" lon="-121.9936378"><ele>20</ele><time>2026-09-06T17:03:55.557326Z</time></trkpt>
  <trkpt lat="37.4124073" lon="-121.9936539"><ele>20</ele><time>2026-09-06T17:03:55.658994Z</time></trkpt>
  <trkpt lat="37.4123977" lon="-121.9936699"><ele>20</ele><time>2026-09-06T17:03:55.760165Z</time></trkpt>
  <trkpt lat="37.4123888" lon="-121.9936854"><ele>20</ele><time>2026-09-06T17:03:55.860741Z</time></trkpt>
  <trkpt lat="37.4123804" lon="-121.9937008"><ele>19</ele><time>2026-09-06T17:03:55.961552Z</time></trkpt>
  <trkpt lat="37.4123720" lon="-121.9937163"><ele>19</ele><time>2026-09-06T17:03:56.061628Z</time></trkpt>
  <trkpt lat="37.4123639" lon="-121.9937310"><ele>18</ele><time>2026-09-06T17:03:56.161692Z</time></trkpt>
  <trkpt lat="37.4123559" lon="-121.9937455"><ele>18</ele><time>2026-09-06T17:03:56.262968Z</time></trkpt>
  <trkpt lat="37.4123475" lon="-121.9937597"><ele>17</ele><time>2026-09-06T17:03:56.364053Z</time></trkpt>
  <trkpt lat="37.4123384" lon="-121.9937741"><ele>16</ele><time>2026-09-06T17:03:56.464791Z</time></trkpt>
  <trkpt lat="37.4123281" lon="-121.9937885"><ele>16</ele><time>2026-09-06T17:03:56.564742Z</time></trkpt>
  <trkpt lat="37.4123170" lon="-121.9938023"><ele>16</ele><time>2026-09-06T17:03:56.665040Z</time></trkpt>
  <trkpt lat="37.4123053" lon="-121.9938155"><ele>16</ele><time>2026-09-06T17:03:56.765416Z</time></trkpt>
  <trkpt lat="37.4122934" lon="-121.9938279"><ele>16</ele><time>2026-09-06T17:03:56.865752Z</time></trkpt>
  <trkpt lat="37.4122816" lon="-121.9938404"><ele>16</ele><time>2026-09-06T17:03:56.966314Z</time></trkpt>
  <trkpt lat="37.4122699" lon="-121.9938531"><ele>16</ele><time>2026-09-06T17:03:57.067191Z</time></trkpt>
  <trkpt lat="37.4122583" lon="-121.9938653"><ele>16</ele><time>2026-09-06T17:03:57.167682Z</time></trkpt>
  <trkpt lat="37.4122470" lon="-121.9938775"><ele>16</ele><time>2026-09-06T17:03:57.268088Z</time></trkpt>
  <trkpt lat="37.4122360" lon="-121.9938897"><ele>16</ele><time>2026-09-06T17:03:57.368368Z</time></trkpt>
  <trkpt lat="37.4122253" lon="-121.9939020"><ele>16</ele><time>2026-09-06T17:03:57.468691Z</time></trkpt>
  <trkpt lat="37.4122253" lon="-121.9939020"><ele>16</ele><time>2026-09-06T17:03:57.509474Z</time></trkpt>
  <trkpt lat="37.4122148" lon="-121.9939141"><ele>16</ele><time>2026-09-06T17:03:57.569678Z</time></trkpt>
  <trkpt lat="37.4122046" lon="-121.9939263"><ele>15</ele><time>2026-09-06T17:03:57.650237Z</time></trkpt>
  <trkpt lat="37.4121946" lon="-121.9939384"><ele>15</ele><time>2026-09-06T17:03:57.751091Z</time></trkpt>
  <trkpt lat="37.4121847" lon="-121.9939506"><ele>15</ele><time>2026-09-06T17:03:57.851206Z</time></trkpt>
  <trkpt lat="37.4121749" lon="-121.9939627"><ele>15</ele><time>2026-09-06T17:03:57.952316Z</time></trkpt>
  <trkpt lat="37.4121653" lon="-121.9939745"><ele>15</ele><time>2026-09-06T17:03:58.053045Z</time></trkpt>
  <trkpt lat="37.4121557" lon="-121.9939864"><ele>14</ele><time>2026-09-06T17:03:58.153865Z</time></trkpt>
  <trkpt lat="37.4121464" lon="-121.9939982"><ele>14</ele><time>2026-09-06T17:03:58.254007Z</time></trkpt>
  <trkpt lat="37.4121372" lon="-121.9940096"><ele>14</ele><time>2026-09-06T17:03:58.354386Z</time></trkpt>
  <trkpt lat="37.4121278" lon="-121.9940212"><ele>13</ele><time>2026-09-06T17:03:58.455140Z</time></trkpt>
  <trkpt lat="37.4121186" lon="-121.9940329"><ele>13</ele><time>2026-09-06T17:03:58.556042Z</time></trkpt>
  <trkpt lat="37.4121095" lon="-121.9940447"><ele>12</ele><time>2026-09-06T17:03:58.656883Z</time></trkpt>
  <trkpt lat="37.4121006" lon="-121.9940567"><ele>12</ele><time>2026-09-06T17:03:58.757563Z</time></trkpt>
  <trkpt lat="37.4120918" lon="-121.9940693"><ele>11</ele><time>2026-09-06T17:03:58.858086Z</time></trkpt>
  <trkpt lat="37.4120829" lon="-121.9940821"><ele>11</ele><time>2026-09-06T17:03:58.959188Z</time></trkpt>
  <trkpt lat="37.4120742" lon="-121.9940949"><ele>10</ele><time>2026-09-06T17:03:59.059830Z</time></trkpt>
  <trkpt lat="37.4120654" lon="-121.9941081"><ele>10</ele><time>2026-09-06T17:03:59.160960Z</time></trkpt>
  <trkpt lat="37.4120567" lon="-121.9941212"><ele>10</ele><time>2026-09-06T17:03:59.261716Z</time></trkpt>
  <trkpt lat="37.4120482" lon="-121.9941346"><ele>9</ele><time>2026-09-06T17:03:59.362023Z</time></trkpt>
  <trkpt lat="37.4120399" lon="-121.9941481"><ele>9</ele><time>2026-09-06T17:03:59.463592Z</time></trkpt>
  <trkpt lat="37.4120318" lon="-121.9941616"><ele>9</ele><time>2026-09-06T17:03:59.564129Z</time></trkpt>
  <trkpt lat="37.4120318" lon="-121.9941616"><ele>9</ele><time>2026-09-06T17:03:59.661986Z</time></trkpt>
  <trkpt lat="37.4120237" lon="-121.9941754"><ele>9</ele><time>2026-09-06T17:03:59.664174Z</time></trkpt>
  <trkpt lat="37.4120155" lon="-121.9941888"><ele>9</ele><time>2026-09-06T17:03:59.765140Z</time></trkpt>
  <trkpt lat="37.4120072" lon="-121.9942022"><ele>8</ele><time>2026-09-06T17:03:59.865470Z</time></trkpt>
  <trkpt lat="37.4119990" lon="-121.9942152"><ele>8</ele><time>2026-09-06T17:03:59.965721Z</time></trkpt>
  <trkpt lat="37.4119908" lon="-121.9942282"><ele>8</ele><time>2026-09-06T17:04:00.066258Z</time></trkpt>
  <trkpt lat="37.4119830" lon="-121.9942412"><ele>8</ele><time>2026-09-06T17:04:00.166911Z</time></trkpt>
  <trkpt lat="37.4119754" lon="-121.9942544"><ele>8</ele><time>2026-09-06T17:04:00.267305Z</time></trkpt>
  <trkpt lat="37.4119683" lon="-121.9942676"><ele>8</ele><time>2026-09-06T17:04:00.347915Z</time></trkpt>
  <trkpt lat="37.4119617" lon="-121.9942803"><ele>8</ele><time>2026-09-06T17:04:00.448573Z</time></trkpt>
  <trkpt lat="37.4119551" lon="-121.9942935"><ele>8</ele><time>2026-09-06T17:04:00.549224Z</time></trkpt>
  <trkpt lat="37.4119492" lon="-121.9943060"><ele>8</ele><time>2026-09-06T17:04:00.649488Z</time></trkpt>
  <trkpt lat="37.4119436" lon="-121.9943188"><ele>8</ele><time>2026-09-06T17:04:00.750970Z</time></trkpt>
  <trkpt lat="37.4119381" lon="-121.9943321"><ele>8</ele><time>2026-09-06T17:04:00.852292Z</time></trkpt>
  <trkpt lat="37.4119332" lon="-121.9943448"><ele>8</ele><time>2026-09-06T17:04:00.952694Z</time></trkpt>
  <trkpt lat="37.4119284" lon="-121.9943574"><ele>8</ele><time>2026-09-06T17:04:01.053026Z</time></trkpt>
  <trkpt lat="37.4119236" lon="-121.9943701"><ele>8</ele><time>2026-09-06T17:04:01.153343Z</time></trkpt>
  <trkpt lat="37.4119190" lon="-121.9943825"><ele>7</ele><time>2026-09-06T17:04:01.253702Z</time></trkpt>
  <trkpt lat="37.4119151" lon="-121.9943948"><ele>7</ele><time>2026-09-06T17:04:01.354594Z</time></trkpt>
  <trkpt lat="37.4119118" lon="-121.9944071"><ele>7</ele><time>2026-09-06T17:04:01.454400Z</time></trkpt>
  <trkpt lat="37.4119094" lon="-121.9944192"><ele>7</ele><time>2026-09-06T17:04:01.554789Z</time></trkpt>
  <trkpt lat="37.4119074" lon="-121.9944313"><ele>6</ele><time>2026-09-06T17:04:01.655524Z</time></trkpt>
  <trkpt lat="37.4119060" lon="-121.9944434"><ele>6</ele><time>2026-09-06T17:04:01.756930Z</time></trkpt>
  <trkpt lat="37.4119060" lon="-121.9944434"><ele>6</ele><time>2026-09-06T17:04:01.817789Z</time></trkpt>
  <trkpt lat="37.4119043" lon="-121.9944556"><ele>6</ele><time>2026-09-06T17:04:01.857219Z</time></trkpt>
  <trkpt lat="37.4119028" lon="-121.9944675"><ele>6</ele><time>2026-09-06T17:04:01.957481Z</time></trkpt>
  <trkpt lat="37.4119010" lon="-121.9944791"><ele>5</ele><time>2026-09-06T17:04:02.058658Z</time></trkpt>
  <trkpt lat="37.4118994" lon="-121.9944907"><ele>5</ele><time>2026-09-06T17:04:02.158984Z</time></trkpt>
  <trkpt lat="37.4118982" lon="-121.9945022"><ele>5</ele><time>2026-09-06T17:04:02.259293Z</time></trkpt>
  <trkpt lat="37.4118975" lon="-121.9945136"><ele>4</ele><time>2026-09-06T17:04:02.360057Z</time></trkpt>
  <trkpt lat="37.4118978" lon="-121.9945249"><ele>4</ele><time>2026-09-06T17:04:02.460893Z</time></trkpt>
  <trkpt lat="37.4118985" lon="-121.9945358"><ele>4</ele><time>2026-09-06T17:04:02.561456Z</time></trkpt>
  <trkpt lat="37.4118996" lon="-121.9945463"><ele>3</ele><time>2026-09-06T17:04:02.661799Z</time></trkpt>
  <trkpt lat="37.4119010" lon="-121.9945565"><ele>3</ele><time>2026-09-06T17:04:02.762661Z</time></trkpt>
  <trkpt lat="37.4119025" lon="-121.9945666"><ele>3</ele><time>2026-09-06T17:04:02.862870Z</time></trkpt>
  <trkpt lat="37.4119044" lon="-121.9945761"><ele>3</ele><time>2026-09-06T17:04:02.963004Z</time></trkpt>
  <trkpt lat="37.4119062" lon="-121.9945854"><ele>3</ele><time>2026-09-06T17:04:03.063611Z</time></trkpt>
  <trkpt lat="37.4119086" lon="-121.9945945"><ele>2</ele><time>2026-09-06T17:04:03.163906Z</time></trkpt>
  <trkpt lat="37.4119106" lon="-121.9946034"><ele>2</ele><time>2026-09-06T17:04:03.244494Z</time></trkpt>
  <trkpt lat="37.4119127" lon="-121.9946121"><ele>2</ele><time>2026-09-06T17:04:03.344738Z</time></trkpt>
  <trkpt lat="37.4119151" lon="-121.9946204"><ele>2</ele><time>2026-09-06T17:04:03.445871Z</time></trkpt>
  <trkpt lat="37.4119175" lon="-121.9946290"><ele>2</ele><time>2026-09-06T17:04:03.546766Z</time></trkpt>
  <trkpt lat="37.4119200" lon="-121.9946366"><ele>2</ele><time>2026-09-06T17:04:03.646616Z</time></trkpt>
  <trkpt lat="37.4119228" lon="-121.9946443"><ele>1</ele><time>2026-09-06T17:04:03.747821Z</time></trkpt>
  <trkpt lat="37.4119255" lon="-121.9946520"><ele>1</ele><time>2026-09-06T17:04:03.848038Z</time></trkpt>
  <trkpt lat="37.4119282" lon="-121.9946596"><ele>1</ele><time>2026-09-06T17:04:03.948596Z</time></trkpt>
  <trkpt lat="37.4119282" lon="-121.9946596"><ele>1</ele><time>2026-09-06T17:04:03.977052Z</time></trkpt>
  <trkpt lat="37.4119311" lon="-121.9946671"><ele>1</ele><time>2026-09-06T17:04:04.048986Z</time></trkpt>
  <trkpt lat="37.4119346" lon="-121.9946743"><ele>1</ele><time>2026-09-06T17:04:04.149605Z</time></trkpt>
  <trkpt lat="37.4119382" lon="-121.9946812"><ele>1</ele><time>2026-09-06T17:04:04.249918Z</time></trkpt>
  <trkpt lat="37.4119424" lon="-121.9946879"><ele>1</ele><time>2026-09-06T17:04:04.350452Z</time></trkpt>
  <trkpt lat="37.4119465" lon="-121.9946940"><ele>1</ele><time>2026-09-06T17:04:04.450968Z</time></trkpt>
  <trkpt lat="37.4119506" lon="-121.9947001"><ele>0</ele><time>2026-09-06T17:04:04.551688Z</time></trkpt>
  <trkpt lat="37.4119550" lon="-121.9947060"><ele>0</ele><time>2026-09-06T17:04:04.652103Z</time></trkpt>
  <trkpt lat="37.4119595" lon="-121.9947112"><ele>0</ele><time>2026-09-06T17:04:04.752685Z</time></trkpt>
  <trkpt lat="37.4119641" lon="-121.9947161"><ele>0</ele><time>2026-09-06T17:04:04.853398Z</time></trkpt>
  <trkpt lat="37.4119691" lon="-121.9947205"><ele>0</ele><time>2026-09-06T17:04:04.953496Z</time></trkpt>
  <trkpt lat="37.4119740" lon="-121.9947238"><ele>0</ele><time>2026-09-06T17:04:05.053666Z</time></trkpt>
  <trkpt lat="37.4119792" lon="-121.9947269"><ele>0</ele><time>2026-09-06T17:04:05.154443Z</time></trkpt>
  <trkpt lat="37.4119843" lon="-121.9947296"><ele>0</ele><time>2026-09-06T17:04:05.254949Z</time></trkpt>
  <trkpt lat="37.4119897" lon="-121.9947318"><ele>0</ele><time>2026-09-06T17:04:05.356289Z</time></trkpt>
  <trkpt lat="37.4119953" lon="-121.9947335"><ele>0</ele><time>2026-09-06T17:04:05.457202Z</time></trkpt>
  <trkpt lat="37.4120009" lon="-121.9947347"><ele>0</ele><time>2026-09-06T17:04:05.557406Z</time></trkpt>
  <trkpt lat="37.4120069" lon="-121.9947354"><ele>0</ele><time>2026-09-06T17:04:05.657841Z</time></trkpt>
  <trkpt lat="37.4120127" lon="-121.9947359"><ele>0</ele><time>2026-09-06T17:04:05.758291Z</time></trkpt>
  <trkpt lat="37.4120185" lon="-121.9947357"><ele>0</ele><time>2026-09-06T17:04:05.859237Z</time></trkpt>
  <trkpt lat="37.4120242" lon="-121.9947353"><ele>0</ele><time>2026-09-06T17:04:05.959868Z</time></trkpt>
  <trkpt lat="37.4120300" lon="-121.9947342"><ele>0</ele><time>2026-09-06T17:04:06.059993Z</time></trkpt>
  <trkpt lat="37.4120300" lon="-121.9947342"><ele>0</ele><time>2026-09-06T17:04:06.141509Z</time></trkpt>
  <trkpt lat="37.4120358" lon="-121.9947330"><ele>0</ele><time>2026-09-06T17:04:06.160387Z</time></trkpt>
  <trkpt lat="37.4120414" lon="-121.9947314"><ele>0</ele><time>2026-09-06T17:04:06.240832Z</time></trkpt>
  <trkpt lat="37.4120473" lon="-121.9947291"><ele>-1</ele><time>2026-09-06T17:04:06.361219Z</time></trkpt>
  <trkpt lat="37.4120529" lon="-121.9947268"><ele>0</ele><time>2026-09-06T17:04:06.442205Z</time></trkpt>
  <trkpt lat="37.4120586" lon="-121.9947237"><ele>0</ele><time>2026-09-06T17:04:06.542938Z</time></trkpt>
  <trkpt lat="37.4120642" lon="-121.9947201"><ele>0</ele><time>2026-09-06T17:04:06.644121Z</time></trkpt>
  <trkpt lat="37.4120696" lon="-121.9947167"><ele>0</ele><time>2026-09-06T17:04:06.744684Z</time></trkpt>
  <trkpt lat="37.4120749" lon="-121.9947125"><ele>0</ele><time>2026-09-06T17:04:06.844940Z</time></trkpt>
  <trkpt lat="37.4120800" lon="-121.9947081"><ele>0</ele><time>2026-09-06T17:04:06.945524Z</time></trkpt>
  <trkpt lat="37.4120845" lon="-121.9947031"><ele>0</ele><time>2026-09-06T17:04:07.045729Z</time></trkpt>
  <trkpt lat="37.4120890" lon="-121.9946980"><ele>0</ele><time>2026-09-06T17:04:07.146020Z</time></trkpt>
  <trkpt lat="37.4120935" lon="-121.9946926"><ele>0</ele><time>2026-09-06T17:04:07.247553Z</time></trkpt>
  <trkpt lat="37.4120980" lon="-121.9946873"><ele>0</ele><time>2026-09-06T17:04:07.348194Z</time></trkpt>
  <trkpt lat="37.4121023" lon="-121.9946812"><ele>0</ele><time>2026-09-06T17:04:07.448085Z</time></trkpt>
  <trkpt lat="37.4121063" lon="-121.9946752"><ele>0</ele><time>2026-09-06T17:04:07.548140Z</time></trkpt>
  <trkpt lat="37.4121102" lon="-121.9946690"><ele>0</ele><time>2026-09-06T17:04:07.649507Z</time></trkpt>
  <trkpt lat="37.4121135" lon="-121.9946635"><ele>0</ele><time>2026-09-06T17:04:07.749962Z</time></trkpt>
  <trkpt lat="37.4121167" lon="-121.9946574"><ele>0</ele><time>2026-09-06T17:04:07.850343Z</time></trkpt>
  <trkpt lat="37.4121198" lon="-121.9946513"><ele>0</ele><time>2026-09-06T17:04:07.950575Z</time></trkpt>
  <trkpt lat="37.4121227" lon="-121.9946448"><ele>0</ele><time>2026-09-06T17:04:08.051038Z</time></trkpt>
  <trkpt lat="37.4121252" lon="-121.9946383"><ele>1</ele><time>2026-09-06T17:04:08.151742Z</time></trkpt>
  <trkpt lat="37.4121274" lon="-121.9946316"><ele>1</ele><time>2026-09-06T17:04:08.252829Z</time></trkpt>
  <trkpt lat="37.4121274" lon="-121.9946316"><ele>1</ele><time>2026-09-06T17:04:08.301265Z</time></trkpt>
  <trkpt lat="37.4121294" lon="-121.9946245"><ele>1</ele><time>2026-09-06T17:04:08.353515Z</time></trkpt>
  <trkpt lat="37.4121312" lon="-121.9946178"><ele>1</ele><time>2026-09-06T17:04:08.453888Z</time></trkpt>
  <trkpt lat="37.4121328" lon="-121.9946106"><ele>2</ele><time>2026-09-06T17:04:08.554029Z</time></trkpt>
  <trkpt lat="37.4121344" lon="-121.9946036"><ele>2</ele><time>2026-09-06T17:04:08.654415Z</time></trkpt>
  <trkpt lat="37.4121358" lon="-121.9945958"><ele>2</ele><time>2026-09-06T17:04:08.754567Z</time></trkpt>
  <trkpt lat="37.4121368" lon="-121.9945879"><ele>2</ele><time>2026-09-06T17:04:08.855211Z</time></trkpt>
  <trkpt lat="37.4121377" lon="-121.9945794"><ele>2</ele><time>2026-09-06T17:04:08.956582Z</time></trkpt>
  <trkpt lat="37.4121381" lon="-121.9945709"><ele>2</ele><time>2026-09-06T17:04:09.056558Z</time></trkpt>
  <trkpt lat="37.4121384" lon="-121.9945623"><ele>2</ele><time>2026-09-06T17:04:09.156811Z</time></trkpt>
  <trkpt lat="37.4121381" lon="-121.9945540"><ele>3</ele><time>2026-09-06T17:04:09.257327Z</time></trkpt>
  <trkpt lat="37.4121377" lon="-121.9945455"><ele>3</ele><time>2026-09-06T17:04:09.337823Z</time></trkpt>
  <trkpt lat="37.4121372" lon="-121.9945368"><ele>3</ele><time>2026-09-06T17:04:09.458162Z</time></trkpt>
  <trkpt lat="37.4121364" lon="-121.9945283"><ele>3</ele><time>2026-09-06T17:04:09.538495Z</time></trkpt>
  <trkpt lat="37.4121355" lon="-121.9945191"><ele>3</ele><time>2026-09-06T17:04:09.639045Z</time></trkpt>
  <trkpt lat="37.4121345" lon="-121.9945098"><ele>3</ele><time>2026-09-06T17:04:09.739750Z</time></trkpt>
  <trkpt lat="37.4121333" lon="-121.9945004"><ele>3</ele><time>2026-09-06T17:04:09.840439Z</time></trkpt>
  <trkpt lat="37.4121319" lon="-121.9944908"><ele>3</ele><time>2026-09-06T17:04:09.940622Z</time></trkpt>
  <trkpt lat="37.4121303" lon="-121.9944814"><ele>3</ele><time>2026-09-06T17:04:10.041041Z</time></trkpt>
  <trkpt lat="37.4121286" lon="-121.9944718"><ele>3</ele><time>2026-09-06T17:04:10.141698Z</time></trkpt>
  <trkpt lat="37.4121269" lon="-121.9944620"><ele>3</ele><time>2026-09-06T17:04:10.242606Z</time></trkpt>
  <trkpt lat="37.4121253" lon="-121.9944521"><ele>3</ele><time>2026-09-06T17:04:10.343206Z</time></trkpt>
  <trkpt lat="37.4121234" lon="-121.9944419"><ele>3</ele><time>2026-09-06T17:04:10.444102Z</time></trkpt>
  <trkpt lat="37.4121234" lon="-121.9944419"><ele>3</ele><time>2026-09-06T17:04:10.461606Z</time></trkpt>
  <trkpt lat="37.4121212" lon="-121.9944316"><ele>3</ele><time>2026-09-06T17:04:10.544371Z</time></trkpt>
  <trkpt lat="37.4121190" lon="-121.9944209"><ele>3</ele><time>2026-09-06T17:04:10.644696Z</time></trkpt>
  <trkpt lat="37.4121167" lon="-121.9944105"><ele>3</ele><time>2026-09-06T17:04:10.744878Z</time></trkpt>
  <trkpt lat="37.4121143" lon="-121.9944001"><ele>3</ele><time>2026-09-06T17:04:10.846250Z</time></trkpt>
  <trkpt lat="37.4121119" lon="-121.9943892"><ele>3</ele><time>2026-09-06T17:04:10.947415Z</time></trkpt>
  <trkpt lat="37.4121093" lon="-121.9943783"><ele>2</ele><time>2026-09-06T17:04:11.048503Z</time></trkpt>
  <trkpt lat="37.4121063" lon="-121.9943670"><ele>2</ele><time>2026-09-06T17:04:11.148832Z</time></trkpt>
  <trkpt lat="37.4121031" lon="-121.9943560"><ele>2</ele><time>2026-09-06T17:04:11.249561Z</time></trkpt>
  <trkpt lat="37.4120996" lon="-121.9943442"><ele>2</ele><time>2026-09-06T17:04:11.350278Z</time></trkpt>
  <trkpt lat="37.4120956" lon="-121.9943322"><ele>2</ele><time>2026-09-06T17:04:11.451634Z</time></trkpt>
  <trkpt lat="37.4120915" lon="-121.9943201"><ele>2</ele><time>2026-09-06T17:04:11.552429Z</time></trkpt>
  <trkpt lat="37.4120872" lon="-121.9943082"><ele>2</ele><time>2026-09-06T17:04:11.652626Z</time></trkpt>
  <trkpt lat="37.4120826" lon="-121.9942965"><ele>3</ele><time>2026-09-06T17:04:11.753173Z</time></trkpt>
  <trkpt lat="37.4120778" lon="-121.9942847"><ele>3</ele><time>2026-09-06T17:04:11.854072Z</time></trkpt>
  <trkpt lat="37.4120726" lon="-121.9942731"><ele>3</ele><time>2026-09-06T17:04:11.955141Z</time></trkpt>
  <trkpt lat="37.4120672" lon="-121.9942613"><ele>3</ele><time>2026-09-06T17:04:12.035727Z</time></trkpt>
  <trkpt lat="37.4120615" lon="-121.9942492"><ele>4</ele><time>2026-09-06T17:04:12.136550Z</time></trkpt>
  <trkpt lat="37.4120556" lon="-121.9942379"><ele>4</ele><time>2026-09-06T17:04:12.238091Z</time></trkpt>
  <trkpt lat="37.4120494" lon="-121.9942269"><ele>4</ele><time>2026-09-06T17:04:12.338915Z</time></trkpt>
  <trkpt lat="37.4120425" lon="-121.9942165"><ele>5</ele><time>2026-09-06T17:04:12.439631Z</time></trkpt>
  <trkpt lat="37.4120351" lon="-121.9942061"><ele>5</ele><time>2026-09-06T17:04:12.540724Z</time></trkpt>
  <trkpt lat="37.4120351" lon="-121.9942061"><ele>5</ele><time>2026-09-06T17:04:12.623244Z</time></trkpt>
  <trkpt lat="37.4120270" lon="-121.9941963"><ele>5</ele><time>2026-09-06T17:04:12.641338Z</time></trkpt>
  <trkpt lat="37.4120184" lon="-121.9941878"><ele>6</ele><time>2026-09-06T17:04:12.742218Z</time></trkpt>
  <trkpt lat="37.4120096" lon="-121.9941804"><ele>6</ele><time>2026-09-06T17:04:12.843108Z</time></trkpt>
  <trkpt lat="37.4120003" lon="-121.9941736"><ele>7</ele><time>2026-09-06T17:04:12.943664Z</time></trkpt>
  <trkpt lat="37.4119907" lon="-121.9941665"><ele>7</ele><time>2026-09-06T17:04:13.044652Z</time></trkpt>
  <trkpt lat="37.4119806" lon="-121.9941604"><ele>7</ele><time>2026-09-06T17:04:13.145994Z</time></trkpt>
  <trkpt lat="37.4119702" lon="-121.9941555"><ele>8</ele><time>2026-09-06T17:04:13.247346Z</time></trkpt>
  <trkpt lat="37.4119602" lon="-121.9941513"><ele>8</ele><time>2026-09-06T17:04:13.347538Z</time></trkpt>
  <trkpt lat="37.4119499" lon="-121.9941487"><ele>8</ele><time>2026-09-06T17:04:13.447807Z</time></trkpt>
  <trkpt lat="37.4119396" lon="-121.9941467"><ele>8</ele><time>2026-09-06T17:04:13.548417Z</time></trkpt>
  <trkpt lat="37.4119291" lon="-121.9941442"><ele>8</ele><time>2026-09-06T17:04:13.649355Z</time></trkpt>
  <trkpt lat="37.4119185" lon="-121.9941424"><ele>8</ele><time>2026-09-06T17:04:13.749343Z</time></trkpt>
  <trkpt lat="37.4119078" lon="-121.9941415"><ele>8</ele><time>2026-09-06T17:04:13.850092Z</time></trkpt>
  <trkpt lat="37.4118974" lon="-121.9941417"><ele>8</ele><time>2026-09-06T17:04:13.950792Z</time></trkpt>
  <trkpt lat="37.4118872" lon="-121.9941428"><ele>8</ele><time>2026-09-06T17:04:14.051074Z</time></trkpt>
  <trkpt lat="37.4118769" lon="-121.9941444"><ele>7</ele><time>2026-09-06T17:04:14.152107Z</time></trkpt>
  <trkpt lat="37.4118669" lon="-121.9941461"><ele>7</ele><time>2026-09-06T17:04:14.252222Z</time></trkpt>
  <trkpt lat="37.4118574" lon="-121.9941484"><ele>6</ele><time>2026-09-06T17:04:14.333053Z</time></trkpt>
  <trkpt lat="37.4118481" lon="-121.9941526"><ele>6</ele><time>2026-09-06T17:04:14.433894Z</time></trkpt>
  <trkpt lat="37.4118397" lon="-121.9941581"><ele>5</ele><time>2026-09-06T17:04:14.534453Z</time></trkpt>
  <trkpt lat="37.4118317" lon="-121.9941641"><ele>5</ele><time>2026-09-06T17:04:14.634490Z</time></trkpt>
  <trkpt lat="37.4118238" lon="-121.9941715"><ele>4</ele><time>2026-09-06T17:04:14.735036Z</time></trkpt>
  <trkpt lat="37.4118238" lon="-121.9941715"><ele>4</ele><time>2026-09-06T17:04:14.787035Z</time></trkpt>
  <trkpt lat="37.4118162" lon="-121.9941800"><ele>4</ele><time>2026-09-06T17:04:14.835597Z</time></trkpt>
  <trkpt lat="37.4118092" lon="-121.9941896"><ele>3</ele><time>2026-09-06T17:04:14.936535Z</time></trkpt>
  <trkpt lat="37.4118031" lon="-121.9942002"><ele>3</ele><time>2026-09-06T17:04:15.036868Z</time></trkpt>
  <trkpt lat="37.4117975" lon="-121.9942110"><ele>2</ele><time>2026-09-06T17:04:15.138451Z</time></trkpt>
  <trkpt lat="37.4117924" lon="-121.9942213"><ele>2</ele><time>2026-09-06T17:04:15.238888Z</time></trkpt>
  <trkpt lat="37.4117875" lon="-121.9942324"><ele>1</ele><time>2026-09-06T17:04:15.339257Z</time></trkpt>
  <trkpt lat="37.4117833" lon="-121.9942442"><ele>1</ele><time>2026-09-06T17:04:15.439622Z</time></trkpt>
  <trkpt lat="37.4117796" lon="-121.9942565"><ele>0</ele><time>2026-09-06T17:04:15.540588Z</time></trkpt>
  <trkpt lat="37.4117770" lon="-121.9942689"><ele>0</ele><time>2026-09-06T17:04:15.641552Z</time></trkpt>
  <trkpt lat="37.4117744" lon="-121.9942810"><ele>0</ele><time>2026-09-06T17:04:15.741650Z</time></trkpt>
  <trkpt lat="37.4117723" lon="-121.9942945"><ele>0</ele><time>2026-09-06T17:04:15.842219Z</time></trkpt>
  <trkpt lat="37.4117707" lon="-121.9943078"><ele>0</ele><time>2026-09-06T17:04:15.942535Z</time></trkpt>
  <trkpt lat="37.4117693" lon="-121.9943200"><ele>0</ele><time>2026-09-06T17:04:16.042695Z</time></trkpt>
  <trkpt lat="37.4117679" lon="-121.9943320"><ele>0</ele><time>2026-09-06T17:04:16.142925Z</time></trkpt>
  <trkpt lat="37.4117666" lon="-121.9943432"><ele>0</ele><time>2026-09-06T17:04:16.243464Z</time></trkpt>
  <trkpt lat="37.4117656" lon="-121.9943544"><ele>0</ele><time>2026-09-06T17:04:16.343683Z</time></trkpt>
  <trkpt lat="37.4117647" lon="-121.9943651"><ele>0</ele><time>2026-09-06T17:04:16.443986Z</time></trkpt>
  <trkpt lat="37.4117641" lon="-121.9943754"><ele>0</ele><time>2026-09-06T17:04:16.544408Z</time></trkpt>
  <trkpt lat="37.4117640" lon="-121.9943852"><ele>0</ele><time>2026-09-06T17:04:16.645183Z</time></trkpt>
  <trkpt lat="37.4117642" lon="-121.9943951"><ele>1</ele><time>2026-09-06T17:04:16.745487Z</time></trkpt>
  <trkpt lat="37.4117651" lon="-121.9944050"><ele>1</ele><time>2026-09-06T17:04:16.846159Z</time></trkpt>
  <trkpt lat="37.4117661" lon="-121.9944145"><ele>1</ele><time>2026-09-06T17:04:16.946603Z</time></trkpt>
  <trkpt lat="37.4117661" lon="-121.9944145"><ele>1</ele><time>2026-09-06T17:04:16.948685Z</time></trkpt>
  <trkpt lat="37.4117675" lon="-121.9944236"><ele>1</ele><time>2026-09-06T17:04:17.046883Z</time></trkpt>
  <trkpt lat="37.4117693" lon="-121.9944321"><ele>1</ele><time>2026-09-06T17:04:17.147785Z</time></trkpt>
  <trkpt lat="37.4117714" lon="-121.9944407"><ele>1</ele><time>2026-09-06T17:04:17.248372Z</time></trkpt>
  <trkpt lat="37.4117729" lon="-121.9944484"><ele>1</ele><time>2026-09-06T17:04:17.348830Z</time></trkpt>
  <trkpt lat="37.4117744" lon="-121.9944566"><ele>1</ele><time>2026-09-06T17:04:17.429405Z</time></trkpt>
  <trkpt lat="37.4117758" lon="-121.9944642"><ele>1</ele><time>2026-09-06T17:04:17.550401Z</time></trkpt>
  <trkpt lat="37.4117782" lon="-121.9944727"><ele>1</ele><time>2026-09-06T17:04:17.630616Z</time></trkpt>
  <trkpt lat="37.4117800" lon="-121.9944815"><ele>1</ele><time>2026-09-06T17:04:17.730950Z</time></trkpt>
  <trkpt lat="37.4117817" lon="-121.9944898"><ele>1</ele><time>2026-09-06T17:04:17.831443Z</time></trkpt>
  <trkpt lat="37.4117836" lon="-121.9944980"><ele>1</ele><time>2026-09-06T17:04:17.931520Z</time></trkpt>
  <trkpt lat="37.4117852" lon="-121.9945063"><ele>1</ele><time>2026-09-06T17:04:18.032755Z</time></trkpt>
  <trkpt lat="37.4117860" lon="-121.9945145"><ele>1</ele><time>2026-09-06T17:04:18.132955Z</time></trkpt>
  <trkpt lat="37.4117867" lon="-121.9945224"><ele>1</ele><time>2026-09-06T17:04:18.233127Z</time></trkpt>
  <trkpt lat="37.4117875" lon="-121.9945306"><ele>1</ele><time>2026-09-06T17:04:18.333751Z</time></trkpt>
  <trkpt lat="37.4117878" lon="-121.9945384"><ele>1</ele><time>2026-09-06T17:04:18.434222Z</time></trkpt>
  <trkpt lat="37.4117878" lon="-121.9945459"><ele>0</ele><time>2026-09-06T17:04:18.534421Z</time></trkpt>
  <trkpt lat="37.4117880" lon="-121.9945540"><ele>0</ele><time>2026-09-06T17:04:18.635045Z</time></trkpt>
  <trkpt lat="37.4117883" lon="-121.9945624"><ele>0</ele><time>2026-09-06T17:04:18.735990Z</time></trkpt>
  <trkpt lat="37.4117887" lon="-121.9945712"><ele>0</ele><time>2026-09-06T17:04:18.836565Z</time></trkpt>
  <trkpt lat="37.4117896" lon="-121.9945803"><ele>0</ele><time>2026-09-06T17:04:18.937400Z</time></trkpt>
  <trkpt lat="37.4117898" lon="-121.9945892"><ele>0</ele><time>2026-09-06T17:04:19.037496Z</time></trkpt>
  <trkpt lat="37.4117898" lon="-121.9945892"><ele>0</ele><time>2026-09-06T17:04:19.111081Z</time></trkpt>
  <trkpt lat="37.4117897" lon="-121.9945983"><ele>-1</ele><time>2026-09-06T17:04:19.137677Z</time></trkpt>
  <trkpt lat="37.4117901" lon="-121.9946075"><ele>-1</ele><time>2026-09-06T17:04:19.238596Z</time></trkpt>
  <trkpt lat="37.4117910" lon="-121.9946171"><ele>-1</ele><time>2026-09-06T17:04:19.338633Z</time></trkpt>
  <trkpt lat="37.4117919" lon="-121.9946266"><ele>-2</ele><time>2026-09-06T17:04:19.438834Z</time></trkpt>
  <trkpt lat="37.4117923" lon="-121.9946360"><ele>-2</ele><time>2026-09-06T17:04:19.539312Z</time></trkpt>
  <trkpt lat="37.4117933" lon="-121.9946458"><ele>-2</ele><time>2026-09-06T17:04:19.640884Z</time></trkpt>
  <trkpt lat="37.4117945" lon="-121.9946556"><ele>-3</ele><time>2026-09-06T17:04:19.741777Z</time></trkpt>
  <trkpt lat="37.4117958" lon="-121.9946653"><ele>-3</ele><time>2026-09-06T17:04:19.842139Z</time></trkpt>
  <trkpt lat="37.4117971" lon="-121.9946753"><ele>-3</ele><time>2026-09-06T17:04:19.942949Z</time></trkpt>
  <trkpt lat="37.4117981" lon="-121.9946851"><ele>-3</ele><time>2026-09-06T17:04:20.043415Z</time></trkpt>
  <trkpt lat="37.4117986" lon="-121.9946946"><ele>-4</ele><time>2026-09-06T17:04:20.143849Z</time></trkpt>
  <trkpt lat="37.4117995" lon="-121.9947041"><ele>-4</ele><time>2026-09-06T17:04:20.244041Z</time></trkpt>
  <trkpt lat="37.4118005" lon="-121.9947138"><ele>-4</ele><time>2026-09-06T17:04:20.345305Z</time></trkpt>
  <trkpt lat="37.4118016" lon="-121.9947233"><ele>-5</ele><time>2026-09-06T17:04:20.445653Z</time></trkpt>
  <trkpt lat="37.4118023" lon="-121.9947325"><ele>-5</ele><time>2026-09-06T17:04:20.526346Z</time></trkpt>
  <trkpt lat="37.4118030" lon="-121.9947420"><ele>-5</ele><time>2026-09-06T17:04:20.627102Z</time></trkpt>
  <trkpt lat="37.4118039" lon="-121.9947519"><ele>-6</ele><time>2026-09-06T17:04:20.727446Z</time></trkpt>
  <trkpt lat="37.4118047" lon="-121.9947620"><ele>-6</ele><time>2026-09-06T17:04:20.827928Z</time></trkpt>
  <trkpt lat="37.4118050" lon="-121.9947720"><ele>-6</ele><time>2026-09-06T17:04:20.928447Z</time></trkpt>
  <trkpt lat="37.4118053" lon="-121.9947820"><ele>-7</ele><time>2026-09-06T17:04:21.029402Z</time></trkpt>
  <trkpt lat="37.4118060" lon="-121.9947904"><ele>-7</ele><time>2026-09-06T17:04:21.130669Z</time></trkpt>
  <trkpt lat="37.4118078" lon="-121.9947958"><ele>-8</ele><time>2026-09-06T17:04:21.231132Z</time></trkpt>
  <trkpt lat="37.4118078" lon="-121.9947958"><ele>-8</ele><time>2026-09-06T17:04:21.273014Z</time></trkpt>
  <trkpt lat="37.4118092" lon="-121.9947985"><ele>-8</ele><time>2026-09-06T17:04:21.331495Z</time></trkpt>
  <trkpt lat="37.4118103" lon="-121.9947996"><ele>-8</ele><time>2026-09-06T17:04:21.431658Z</time></trkpt>
  <trkpt lat="37.4118107" lon="-121.9947996"><ele>-8</ele><time>2026-09-06T17:04:21.532258Z</time></trkpt>
  <trkpt lat="37.4118109" lon="-121.9947997"><ele>-8</ele><time>2026-09-06T17:04:21.632524Z</time></trkpt>
  <trkpt lat="37.4118112" lon="-121.9947998"><ele>-8</ele><time>2026-09-06T17:04:21.733783Z</time></trkpt>
  <trkpt lat="37.4118116" lon="-121.9947999"><ele>-8</ele><time>2026-09-06T17:04:21.833292Z</time></trkpt>
  <trkpt lat="37.4118118" lon="-121.9948003"><ele>-8</ele><time>2026-09-06T17:04:21.933763Z</time></trkpt>
  <trkpt lat="37.4118121" lon="-121.9948007"><ele>-8</ele><time>2026-09-06T17:04:22.034244Z</time></trkpt>
  <trkpt lat="37.4118125" lon="-121.9948012"><ele>-8</ele><time>2026-09-06T17:04:22.135181Z</time></trkpt>
  <trkpt lat="37.4118128" lon="-121.9948015"><ele>-8</ele><time>2026-09-06T17:04:22.236042Z</time></trkpt>
  <trkpt lat="37.4118131" lon="-121.9948018"><ele>-8</ele><time>2026-09-06T17:04:22.336630Z</time></trkpt>
  <trkpt lat="37.4118133" lon="-121.9948020"><ele>-8</ele><time>2026-09-06T17:04:22.437353Z</time></trkpt>
  <trkpt lat="37.4118134" lon="-121.9948022"><ele>-8</ele><time>2026-09-06T17:04:22.538079Z</time></trkpt>
  <trkpt lat="37.4118133" lon="-121.9948023"><ele>-8</ele><time>2026-09-06T17:04:22.739088Z</time></trkpt>
  <trkpt lat="37.4118135" lon="-121.9948024"><ele>-8</ele><time>2026-09-06T17:04:22.839640Z</time></trkpt>
  <trkpt lat="37.4118135" lon="-121.9948025"><ele>-8</ele><time>2026-09-06T17:04:22.940455Z</time></trkpt>
  <trkpt lat="37.4118137" lon="-121.9948027"><ele>-8</ele><time>2026-09-06T17:04:23.040895Z</time></trkpt>
  <trkpt lat="37.4118137" lon="-121.9948028"><ele>-8</ele><time>2026-09-06T17:04:23.142034Z</time></trkpt>
  <trkpt lat="37.4118136" lon="-121.9948027"><ele>-8</ele><time>2026-09-06T17:04:23.242368Z</time></trkpt>
  <trkpt lat="37.4118134" lon="-121.9948027"><ele>-8</ele><time>2026-09-06T17:04:23.342566Z</time></trkpt>
  <trkpt lat="37.4118134" lon="-121.9948027"><ele>-8</ele><time>2026-09-06T17:04:23.398737Z</time></trkpt>
  <trkpt lat="37.4118134" lon="-121.9948028"><ele>-8</ele><time>2026-09-06T17:04:23.423095Z</time></trkpt>
  <trkpt lat="37.4118135" lon="-121.9948029"><ele>-8</ele><time>2026-09-06T17:04:23.523586Z</time></trkpt>
  <trkpt lat="37.4118134" lon="-121.9948028"><ele>-8</ele><time>2026-09-06T17:04:23.624451Z</time></trkpt>
</trkseg></trk>
</gpx>