<?xml version="1.0" encoding="UTF-8"?>
<gpx creator="blackbox_decode v8.0.0 INAV c4f2026" version="1.1" xmlns="http://www.topografix.com/GPX/1/1" xmlns:xsi="http://www.w3.org/2001/XMLSchema-instance" xsi:schemaLocation="http://www.topografix.com/GPX/1/1 http://www.topografix.com/GPX/1/1/gpx.xsd">
<metadata><name>Blackbox flight log</name>
 <link href="https://github.com/iNavFlight/blackbox-tools">
 <text>INAV Blackbox Tools</text>
 </link>
</metadata>
<trk><name>Blackbox flight log</name><trkseg>
  <trkpt lat="37.4116277" lon="-121.9941694"><ele>5</ele><time>2026-08-23T18:53:06.006585Z</time></trkpt>
  <trkpt lat="37.4116277" lon="-121.9941694"><ele>5</ele><time>2026-08-23T18:53:06.014329Z</time></trkpt>
  <trkpt lat="37.4116277" lon="-121.9941693"><ele>5</ele><time>2026-08-23T18:53:06.029642Z</time></trkpt>
  <trkpt lat="37.4116276" lon="-121.9941693"><ele>5</ele><time>2026-08-23T18:53:06.130134Z</time></trkpt>
  <trkpt lat="37.4116275" lon="-121.9941695"><ele>5</ele><time>2026-08-23T18:53:06.230667Z</time></trkpt>
  <trkpt lat="37.4116273" lon="-121.9941697"><ele>5</ele><time>2026-08-23T18:53:06.330841Z</time></trkpt>
  <trkpt lat="37.4116271" lon="-121.9941699"><ele>5</ele><time>2026-08-23T18:53:06.431346Z</time></trkpt>
  <trkpt lat="37.4116269" lon="-121.9941700"><ele>5</ele><time>2026-08-23T18:53:06.532344Z</time></trkpt>
  <trkpt lat="37.4116270" lon="-121.9941700"><ele>5</ele><time>2026-08-23T18:53:06.633472Z</time></trkpt>
  <trkpt lat="37.4116269" lon="-121.9941700"><ele>5</ele><time>2026-08-23T18:53:06.834245Z</time></trkpt>
  <trkpt lat="37.4116268" lon="-121.9941701"><ele>5</ele><time>2026-08-23T18:53:06.935536Z</time></trkpt>
  <trkpt lat="37.4116266" lon="-121.9941701"><ele>5</ele><time>2026-08-23T18:53:07.036687Z</time></trkpt>
  <trkpt lat="37.4116265" lon="-121.9941702"><ele>5</ele><time>2026-08-23T18:53:07.137315Z</time></trkpt>
  <trkpt lat="37.4116264" lon="-121.9941703"><ele>5</ele><time>2026-08-23T18:53:07.238414Z</time></trkpt>
  <trkpt lat="37.4116262" lon="-121.9941704"><ele>5</ele><time>2026-08-23T18:53:07.318795Z</time></trkpt>
  <trkpt lat="37.4116259" lon="-121.9941706"><ele>5</ele><time>2026-08-23T18:53:07.419210Z</time></trkpt>
  <trkpt lat="37.4116256" lon="-121.9941706"><ele>5</ele><time>2026-08-23T18:53:07.519948Z</time></trkpt>
  <trkpt lat="37.4116253" lon="-121.9941708"><ele>5</ele><time>2026-08-23T18:53:07.620427Z</time></trkpt>
  <trkpt lat="37.4116251" lon="-121.9941709"><ele>5</ele><time>2026-08-23T18:53:07.720637Z</time></trkpt>
  <trkpt lat="37.4116252" lon="-121.9941712"><ele>5</ele><time>2026-08-23T18:53:07.820947Z</time></trkpt>
  <trkpt lat="37.4116251" lon="-121.9941715"><ele>5</ele><time>2026-08-23T18:53:07.921960Z</time></trkpt>
  <trkpt lat="37.4116251" lon="-121.9941716"><ele>5</ele><time>2026-08-23T18:53:08.123566Z</time></trkpt>
  <trkpt lat="37.4116251" lon="-121.9941716"><ele>5</ele><time>2026-08-23T18:53:08.147297Z</time></trkpt>
  <trkpt lat="37.4116251" lon="-121.9941717"><ele>5</ele><time>2026-08-23T18:53:08.224335Z</time></trkpt>
  <trkpt lat="37.4116252" lon="-121.9941720"><ele>5</ele><time>2026-08-23T18:53:08.325122Z</time></trkpt>
  <trkpt lat="37.4116252" lon="-121.9941723"><ele>5</ele><time>2026-08-23T18:53:08.425861Z</time></trkpt>
  <trkpt lat="37.4116252" lon="-121.9941726"><ele>5</ele><time>2026-08-23T18:53:08.526298Z</time></trkpt>
  <trkpt lat="37.4116252" lon="-121.9941728"><ele>5</ele><time>2026-08-23T18:53:08.626930Z</time></trkpt>
  <trkpt lat="37.4116251" lon="-121.9941730"><ele>5</ele><time>2026-08-23T18:53:08.727871Z</time></trkpt>
  <trkpt lat="37.4116250" lon="-121.9941732"><ele>5</ele><time>2026-08-23T18:53:08.828610Z</time></trkpt>
  <trkpt lat="37.4116250" lon="-121.9941734"><ele>5</ele><time>2026-08-23T18:53:08.929566Z</time></trkpt>
  <trkpt lat="37.4116250" lon="-121.9941736"><ele>5</ele><time>2026-08-23T18:53:09.030106Z</time></trkpt>
  <trkpt lat="37.4116249" lon="-121.9941737"><ele>5</ele><time>2026-08-23T18:53:09.131144Z</time></trkpt>
  <trkpt lat="37.4116249" lon="-121.9941738"><ele>5</ele><time>2026-08-23T18:53:09.231282Z</time></trkpt>
  <trkpt lat="37.4116248" lon="-121.9941740"><ele>5</ele><time>2026-08-23T18:53:09.332369Z</time></trkpt>
  <trkpt lat="37.4116248" lon="-121.9941742"><ele>5</ele><time>2026-08-23T18:53:09.432732Z</time></trkpt>
  <trkpt lat="37.4116246" lon="-121.9941745"><ele>5</ele><time>2026-08-23T18:53:09.533233Z</time></trkpt>
  <trkpt lat="37.4116245" lon="-121.9941747"><ele>5</ele><time>2026-08-23T18:53:09.633717Z</time></trkpt>
  <trkpt lat="37.4116244" lon="-121.9941750"><ele>5</ele><time>2026-08-23T18:53:09.734357Z</time></trkpt>
  <trkpt lat="37.4116242" lon="-121.9941752"><ele>5</ele><time>2026-08-23T18:53:09.835062Z</time></trkpt>
  <trkpt lat="37.4116241" lon="-121.9941756"><ele>5</ele><time>2026-08-23T18:53:09.936365Z</time></trkpt>
  <trkpt lat="37.4116239" lon="-121.9941758"><ele>5</ele><time>2026-08-23T18:53:10.016689Z</time></trkpt>
  <trkpt lat="37.4116237" lon="-121.9941760"><ele>5</ele><time>2026-08-23T18:53:10.117741Z</time></trkpt>
  <trkpt lat="37.4116235" lon="-121.9941761"><ele>5</ele><time>2026-08-23T18:53:10.218231Z</time></trkpt>
  <trkpt lat="37.4116235" lon="-121.9941761"><ele>5</ele><time>2026-08-23T18:53:10.267905Z</time></trkpt>
  <trkpt lat="37.4116233" lon="-121.9941763"><ele>5</ele><time>2026-08-23T18:53:10.319037Z</time></trkpt>
  <trkpt lat="37.4116232" lon="-121.9941766"><ele>5</ele><time>2026-08-23T18:53:10.419759Z</time></trkpt>
  <trkpt lat="37.4116231" lon="-121.9941769"><ele>5</ele><time>2026-08-23T18:53:10.520049Z</time></trkpt>
  <trkpt lat="37.4116231" lon="-121.9941771"><ele>5</ele><time>2026-08-23T18:53:10.620814Z</time></trkpt>
  <trkpt lat="37.4116230" lon="-121.9941772"><ele>5</ele><time>2026-08-23T18:53:10.721495Z</time></trkpt>
  <trkpt lat="37.4116230" lon="-121.9941774"><ele>5</ele><time>2026-08-23T18:53:10.821907Z</time></trkpt>
  <trkpt lat="37.4116229" lon="-121.9941775"><ele>6</ele><time>2026-08-23T18:53:10.922741Z</time></trkpt>
  <trkpt lat="37.4116228" lon="-121.9941775"><ele>6</ele><time>2026-08-23T18:53:11.023040Z</time></trkpt>
  <trkpt lat="37.4116227" lon="-121.9941777"><ele>6</ele><time>2026-08-23T18:53:11.123522Z</time></trkpt>
  <trkpt lat="37.4116227" lon="-121.9941778"><ele>6</ele><time>2026-08-23T18:53:11.223817Z</time></trkpt>
  <trkpt lat="37.4116228" lon="-121.9941779"><ele>6</ele><time>2026-08-23T18:53:11.424458Z</time></trkpt>
  <trkpt lat="37.4116227" lon="-121.9941779"><ele>6</ele><time>2026-08-23T18:53:11.525536Z</time></trkpt>
  <trkpt lat="37.4116226" lon="-121.9941779"><ele>6</ele><time>2026-08-23T18:53:11.625934Z</time></trkpt>
  <trkpt lat="37.4116225" lon="-121.9941778"><ele>6</ele><time>2026-08-23T18:53:11.726762Z</time></trkpt>
  <trkpt lat="37.4116223" lon="-121.9941778"><ele>6</ele><time>2026-08-23T18:53:11.827348Z</time></trkpt>
  <trkpt lat="37.4116221" lon="-121.9941777"><ele>6</ele><time>2026-08-23T18:53:11.928114Z</time></trkpt>
  <trkpt lat="37.4116220" lon="-121.9941774"><ele>6</ele><time>2026-08-23T18:53:12.028896Z</time></trkpt>
  <trkpt lat="37.4116220" lon="-121.9941771"><ele>6</ele><time>2026-08-23T18:53:12.130070Z</time></trkpt>
  <trkpt lat="37.4116226" lon="-121.9941771"><ele>6</ele><time>2026-08-23T18:53:12.231421Z</time></trkpt>
  <trkpt lat="37.4116241" lon="-121.9941778"><ele>6</ele><time>2026-08-23T18:53:12.331747Z</time></trkpt>
  <trkpt lat="37.4116241" lon="-121.9941778"><ele>6</ele><time>2026-08-23T18:53:12.389184Z</time></trkpt>
  <trkpt lat="37.4116272" lon="-121.9941794"><ele>6</ele><time>2026-08-23T18:53:12.432547Z</time></trkpt>
  <trkpt lat="37.4116312" lon="-121.9941816"><ele>6</ele><time>2026-08-23T18:53:12.532902Z</time></trkpt>
  <trkpt lat="37.4116349" lon="-121.9941842"><ele>6</ele><time>2026-08-23T18:53:12.633773Z</time></trkpt>
  <trkpt lat="37.4116387" lon="-121.9941869"><ele>7</ele><time>2026-08-23T18:53:12.734303Z</time></trkpt>
  <trkpt lat="37.4116424" lon="-121.9941892"><ele>7</ele><time>2026-08-23T18:53:12.834873Z</time></trkpt>
  <trkpt lat="37.4116456" lon="-121.9941912"><ele>7</ele><time>2026-08-23T18:53:12.915154Z</time></trkpt>
  <trkpt lat="37.4116493" lon="-121.9941925"><ele>8</ele><time>2026-08-23T18:53:13.015380Z</time></trkpt>
  <trkpt lat="37.4116532" lon="-121.9941934"><ele>8</ele><time>2026-08-23T18:53:13.115969Z</time></trkpt>
  <trkpt lat="37.4116573" lon="-121.9941944"><ele>9</ele><time>2026-08-23T18:53:13.216494Z</time></trkpt>
  <trkpt lat="37.4116615" lon="-121.9941955"><ele>9</ele><time>2026-08-23T18:53:13.317075Z</time></trkpt>
  <trkpt lat="37.4116663" lon="-121.9941961"><ele>9</ele><time>2026-08-23T18:53:13.417669Z</time></trkpt>
  <trkpt lat="37.4116714" lon="-121.9941967"><ele>10</ele><time>2026-08-23T18:53:13.518091Z</time></trkpt>
  <trkpt lat="37.4116767" lon="-121.9941976"><ele>10</ele><time>2026-08-23T18:53:13.618879Z</time></trkpt>
  <trkpt lat="37.4116823" lon="-121.9941983"><ele>11</ele><time>2026-08-23T18:53:13.719391Z</time></trkpt>
  <trkpt lat="37.4116880" lon="-121.9941992"><ele>11</ele><time>2026-08-23T18:53:13.819648Z</time></trkpt>
  <trkpt lat="37.4116939" lon="-121.9942000"><ele>12</ele><time>2026-08-23T18:53:13.920428Z</time></trkpt>
  <trkpt lat="37.4117003" lon="-121.9942010"><ele>12</ele><time>2026-08-23T18:53:14.021233Z</time></trkpt>
  <trkpt lat="37.4117070" lon="-121.9942021"><ele>13</ele><time>2026-08-23T18:53:14.122324Z</time></trkpt>
  <trkpt lat="37.4117140" lon="-121.9942035"><ele>13</ele><time>2026-08-23T18:53:14.223032Z</time></trkpt>
  <trkpt lat="37.4117213" lon="-121.9942051"><ele>14</ele><time>2026-08-23T18:53:14.324222Z</time></trkpt>
  <trkpt lat="37.4117289" lon="-121.9942069"><ele>14</ele><time>2026-08-23T18:53:14.425570Z</time></trkpt>
  <trkpt lat="37.4117367" lon="-121.9942087"><ele>15</ele><time>2026-08-23T18:53:14.526235Z</time></trkpt>
  <trkpt lat="37.4117367" lon="-121.9942087"><ele>15</ele><time>2026-08-23T18:53:14.535527Z</time></trkpt>
  <trkpt lat="37.4117444" lon="-121.9942108"><ele>15</ele><time>2026-08-23T18:53:14.626647Z</time></trkpt>
  <trkpt lat="37.4117524" lon="-121.9942132"><ele>16</ele><time>2026-08-23T18:53:14.726930Z</time></trkpt>
  <trkpt lat="37.4117607" lon="-121.9942157"><ele>16</ele><time>2026-08-23T18:53:14.827438Z</time></trkpt>
  <trkpt lat="37.4117691" lon="-121.9942183"><ele>17</ele><time>2026-08-23T18:53:14.928284Z</time></trkpt>
  <trkpt lat="37.4117774" lon="-121.9942211"><ele>17</ele><time>2026-08-23T18:53:15.028943Z</time></trkpt>
  <trkpt lat="37.4117859" lon="-121.9942239"><ele>18</ele><time>2026-08-23T18:53:15.130337Z</time></trkpt>
  <trkpt lat="37.4117948" lon="-121.9942268"><ele>19</ele><time>2026-08-23T18:53:15.230661Z</time></trkpt>
  <trkpt lat="37.4118038" lon="-121.9942298"><ele>19</ele><time>2026-08-23T18:53:15.330958Z</time></trkpt>
  <trkpt lat="37.4118132" lon="-121.9942327"><ele>20</ele><time>2026-08-23T18:53:15.431845Z</time></trkpt>
  <trkpt lat="37.4118230" lon="-121.9942354"><ele>20</ele><time>2026-08-23T18:53:15.532492Z</time></trkpt>
  <trkpt lat="37.4118330" lon="-121.9942381"><ele>21</ele><time>2026-08-23T18:53:15.612818Z</time></trkpt>
  <trkpt lat="37.4118435" lon="-121.9942405"><ele>21</ele><time>2026-08-23T18:53:15.714064Z</time></trkpt>
  <trkpt lat="37.4118543" lon="-121.9942429"><ele>21</ele><time>2026-08-23T18:53:15.814837Z</time></trkpt>
  <trkpt lat="37.4118652" lon="-121.9942451"><ele>22</ele><time>2026-08-23T18:53:15.915331Z</time></trkpt>
  <trkpt lat="37.4118761" lon="-121.9942471"><ele>22</ele><time>2026-08-23T18:53:16.015906Z</time></trkpt>
  <trkpt lat="37.4118873" lon="-121.9942490"><ele>23</ele><time>2026-08-23T18:53:16.116806Z</time></trkpt>
  <trkpt lat="37.4118984" lon="-121.9942510"><ele>23</ele><time>2026-08-23T18:53:16.217576Z</time></trkpt>
  <trkpt lat="37.4119096" lon="-121.9942534"><ele>24</ele><time>2026-08-23T18:53:16.318007Z</time></trkpt>
  <trkpt lat="37.4119208" lon="-121.9942558"><ele>24</ele><time>2026-08-23T18:53:16.418765Z</time></trkpt>
  <trkpt lat="37.4119320" lon="-121.9942585"><ele>25</ele><time>2026-08-23T18:53:16.518978Z</time></trkpt>
  <trkpt lat="37.4119433" lon="-121.9942614"><ele>25</ele><time>2026-08-23T18:53:16.619322Z</time></trkpt>
  <trkpt lat="37.4119433" lon="-121.9942614"><ele>25</ele><time>2026-08-23T18:53:16.684717Z</time></trkpt>
  <trkpt lat="37.4119547" lon="-121.9942642"><ele>26</ele><time>2026-08-23T18:53:16.720001Z</time></trkpt>
  <trkpt lat="37.4119661" lon="-121.9942672"><ele>27</ele><time>2026-08-23T18:53:16.820777Z</time></trkpt>
  <trkpt lat="37.4119774" lon="-121.9942701"><ele>27</ele><time>2026-08-23T18:53:16.920917Z</time></trkpt>
  <trkpt lat="37.4119886" lon="-121.9942733"><ele>28</ele><time>2026-08-23T18:53:17.021896Z</time></trkpt>
  <trkpt lat="37.4120000" lon="-121.9942766"><ele>28</ele><time>2026-08-23T18:53:17.122353Z</time></trkpt>
  <trkpt lat="37.4120111" lon="-121.9942801"><ele>29</ele><time>2026-08-23T18:53:17.223575Z</time></trkpt>
  <trkpt lat="37.4120221" lon="-121.9942833"><ele>30</ele><time>2026-08-23T18:53:17.324092Z</time></trkpt>
  <trkpt lat="37.4120330" lon="-121.9942864"><ele>30</ele><time>2026-08-23T18:53:17.424430Z</time></trkpt>
  <trkpt lat="37.4120439" lon="-121.9942896"><ele>31</ele><time>2026-08-23T18:53:17.524599Z</time></trkpt>
  <trkpt lat="37.4120548" lon="-121.9942929"><ele>31</ele><time>2026-08-23T18:53:17.625227Z</time></trkpt>
  <trkpt lat="37.4120660" lon="-121.9942962"><ele>32</ele><time>2026-08-23T18:53:17.726017Z</time></trkpt>
  <trkpt lat="37.4120775" lon="-121.9942994"><ele>32</ele><time>2026-08-23T18:53:17.826440Z</time></trkpt>
  <trkpt lat="37.4120892" lon="-121.9943026"><ele>33</ele><time>2026-08-23T18:53:17.926972Z</time></trkpt>
  <trkpt lat="37.4121008" lon="-121.9943056"><ele>33</ele><time>2026-08-23T18:53:18.027076Z</time></trkpt>
  <trkpt lat="37.4121124" lon="-121.9943082"><ele>34</ele><time>2026-08-23T18:53:18.128106Z</time></trkpt>
  <trkpt lat="37.4121237" lon="-121.9943105"><ele>34</ele><time>2026-08-23T18:53:18.228937Z</time></trkpt>
  <trkpt lat="37.4121346" lon="-121.9943125"><ele>35</ele><time>2026-08-23T18:53:18.330380Z</time></trkpt>
  <trkpt lat="37.4121452" lon="-121.9943143"><ele>36</ele><time>2026-08-23T18:53:18.410400Z</time></trkpt>
  <trkpt lat="37.4121553" lon="-121.9943158"><ele>37</ele><time>2026-08-23T18:53:18.510933Z</time></trkpt>
  <trkpt lat="37.4121647" lon="-121.9943172"><ele>37</ele><time>2026-08-23T18:53:18.611172Z</time></trkpt>
  <trkpt lat="37.4121737" lon="-121.9943183"><ele>38</ele><time>2026-08-23T18:53:18.711400Z</time></trkpt>
  <trkpt lat="37.4121825" lon="-121.9943193"><ele>39</ele><time>2026-08-23T18:53:18.811948Z</time></trkpt>
  <trkpt lat="37.4121825" lon="-121.9943193"><ele>39</ele><time>2026-08-23T18:53:18.843624Z</time></trkpt>
  <trkpt lat="37.4121911" lon="-121.9943202"><ele>40</ele><time>2026-08-23T18:53:18.912468Z</time></trkpt>
  <trkpt lat="37.4121998" lon="-121.9943209"><ele>41</ele><time>2026-08-23T18:53:19.013239Z</time></trkpt>
  <trkpt lat="37.4122087" lon="-121.9943217"><ele>42</ele><time>2026-08-23T18:53:19.113631Z</time></trkpt>
  <trkpt lat="37.4122178" lon="-121.9943223"><ele>43</ele><time>2026-08-23T18:53:19.214307Z</time></trkpt>
  <trkpt lat="37.4122272" lon="-121.9943229"><ele>43</ele><time>2026-08-23T18:53:19.314681Z</time></trkpt>
  <trkpt lat="37.4122367" lon="-121.9943233"><ele>44</ele><time>2026-08-23T18:53:19.415221Z</time></trkpt>
  <trkpt lat="37.4122463" lon="-121.9943239"><ele>45</ele><time>2026-08-23T18:53:19.516064Z</time></trkpt>
  <trkpt lat="37.4122559" lon="-121.9943246"><ele>46</ele><time>2026-08-23T18:53:19.616880Z</time></trkpt>
  <trkpt lat="37.4122655" lon="-121.9943256"><ele>46</ele><time>2026-08-23T18:53:19.717381Z</time></trkpt>
  <trkpt lat="37.4122751" lon="-121.9943266"><ele>47</ele><time>2026-08-23T18:53:19.818005Z</time></trkpt>
  <trkpt lat="37.4122849" lon="-121.9943272"><ele>48</ele><time>2026-08-23T18:53:19.918722Z</time></trkpt>
  <trkpt lat="37.4122946" lon="-121.9943278"><ele>48</ele><time>2026-08-23T18:53:20.020425Z</time></trkpt>
  <trkpt lat="37.4123042" lon="-121.9943288"><ele>49</ele><time>2026-08-23T18:53:20.121414Z</time></trkpt>
  <trkpt lat="37.4123139" lon="-121.9943299"><ele>50</ele><time>2026-08-23T18:53:20.222137Z</time></trkpt>
  <trkpt lat="37.4123240" lon="-121.9943309"><ele>50</ele><time>2026-08-23T18:53:20.322701Z</time></trkpt>
  <trkpt lat="37.4123341" lon="-121.9943318"><ele>51</ele><time>2026-08-23T18:53:20.423404Z</time></trkpt>
  <trkpt lat="37.4123446" lon="-121.9943323"><ele>51</ele><time>2026-08-23T18:53:20.524142Z</time></trkpt>
  <trkpt lat="37.4123548" lon="-121.9943326"><ele>52</ele><time>2026-08-23T18:53:20.625092Z</time></trkpt>
  <trkpt lat="37.4123647" lon="-121.9943328"><ele>52</ele><time>2026-08-23T18:53:20.726550Z</time></trkpt>
  <trkpt lat="37.4123747" lon="-121.9943329"><ele>53</ele><time>2026-08-23T18:53:20.827115Z</time></trkpt>
  <trkpt lat="37.4123847" lon="-121.9943326"><ele>54</ele><time>2026-08-23T18:53:20.928064Z</time></trkpt>
  <trkpt lat="37.4123847" lon="-121.9943326"><ele>54</ele><time>2026-08-23T18:53:20.996897Z</time></trkpt>
  <trkpt lat="37.4123945" lon="-121.9943319"><ele>54</ele><time>2026-08-23T18:53:21.008516Z</time></trkpt>
  <trkpt lat="37.4124041" lon="-121.9943308"><ele>55</ele><time>2026-08-23T18:53:21.128626Z</time></trkpt>
  <trkpt lat="37.4124134" lon="-121.9943297"><ele>56</ele><time>2026-08-23T18:53:21.209387Z</time></trkpt>
  <trkpt lat="37.4124226" lon="-121.9943285"><ele>57</ele><time>2026-08-23T18:53:21.310337Z</time></trkpt>
  <trkpt lat="37.4124319" lon="-121.9943275"><ele>57</ele><time>2026-08-23T18:53:21.409900Z</time></trkpt>
  <trkpt lat="37.4124413" lon="-121.9943266"><ele>58</ele><time>2026-08-23T18:53:21.510138Z</time></trkpt>
  <trkpt lat="37.4124510" lon="-121.9943256"><ele>59</ele><time>2026-08-23T18:53:21.611227Z</time></trkpt>
  <trkpt lat="37.4124610" lon="-121.9943244"><ele>59</ele><time>2026-08-23T18:53:21.711526Z</time></trkpt>
  <trkpt lat="37.4124714" lon="-121.9943232"><ele>60</ele><time>2026-08-23T18:53:21.812166Z</time></trkpt>
  <trkpt lat="37.4124822" lon="-121.9943217"><ele>60</ele><time>2026-08-23T18:53:21.912603Z</time></trkpt>
  <trkpt lat="37.4124933" lon="-121.9943204"><ele>60</ele><time>2026-08-23T18:53:22.012913Z</time></trkpt>
  <trkpt lat="37.4125048" lon="-121.9943194"><ele>61</ele><time>2026-08-23T18:53:22.113484Z</time></trkpt>
  <trkpt lat="37.4125166" lon="-121.9943183"><ele>61</ele><time>2026-08-23T18:53:22.214347Z</time></trkpt>
  <trkpt lat="37.4125282" lon="-121.9943176"><ele>61</ele><time>2026-08-23T18:53:22.315457Z</time></trkpt>
  <trkpt lat="37.4125399" lon="-121.9943173"><ele>62</ele><time>2026-08-23T18:53:22.416040Z</time></trkpt>
  <trkpt lat="37.4125515" lon="-121.9943174"><ele>62</ele><time>2026-08-23T18:53:22.516192Z</time></trkpt>
  <trkpt lat="37.4125630" lon="-121.9943175"><ele>62</ele><time>2026-08-23T18:53:22.616868Z</time></trkpt>
  <trkpt lat="37.4125742" lon="-121.9943177"><ele>63</ele><time>2026-08-23T18:53:22.717416Z</time></trkpt>
  <trkpt lat="37.4125854" lon="-121.9943179"><ele>64</ele><time>2026-08-23T18:53:22.818248Z</time></trkpt>
  <trkpt lat="37.4125968" lon="-121.9943180"><ele>64</ele><time>2026-08-23T18:53:22.918449Z</time></trkpt>
  <trkpt lat="37.4126081" lon="-121.9943181"><ele>65</ele><time>2026-08-23T18:53:23.018986Z</time></trkpt>
  <trkpt lat="37.4126193" lon="-121.9943184"><ele>65</ele><time>2026-08-23T18:53:23.120199Z</time></trkpt>
  <trkpt lat="37.4126193" lon="-121.9943184"><ele>65</ele><time>2026-08-23T18:53:23.158151Z</time></trkpt>
  <trkpt lat="37.4126306" lon="-121.9943188"><ele>66</ele><time>2026-08-23T18:53:23.220286Z</time></trkpt>
  <trkpt lat="37.4126419" lon="-121.9943194"><ele>66</ele><time>2026-08-23T18:53:23.320988Z</time></trkpt>
  <trkpt lat="37.4126533" lon="-121.9943203"><ele>67</ele><time>2026-08-23T18:53:23.421314Z</time></trkpt>
  <trkpt lat="37.4126649" lon="-121.9943212"><ele>68</ele><time>2026-08-23T18:53:23.521842Z</time></trkpt>
  <trkpt lat="37.4126764" lon="-121.9943221"><ele>68</ele><time>2026-08-23T18:53:23.622671Z</time></trkpt>
  <trkpt lat="37.4126881" lon="-121.9943231"><ele>69</ele><time>2026-08-23T18:53:23.723821Z</time></trkpt>
  <trkpt lat="37.4126996" lon="-121.9943245"><ele>69</ele><time>2026-08-23T18:53:23.823400Z</time></trkpt>
  <trkpt lat="37.4127109" lon="-121.9943265"><ele>70</ele><time>2026-08-23T18:53:23.923730Z</time></trkpt>
  <trkpt lat="37.4127218" lon="-121.9943289"><ele>70</ele><time>2026-08-23T18:53:24.024585Z</time></trkpt>
  <trkpt lat="37.4127324" lon="-121.9943316"><ele>71</ele><time>2026-08-23T18:53:24.105512Z</time></trkpt>
  <trkpt lat="37.4127426" lon="-121.9943345"><ele>72</ele><time>2026-08-23T18:53:24.206420Z</time></trkpt>
  <trkpt lat="37.4127525" lon="-121.9943376"><ele>72</ele><time>2026-08-23T18:53:24.306791Z</time></trkpt>
  <trkpt lat="37.4127625" lon="-121.9943410"><ele>73</ele><time>2026-08-23T18:53:24.407408Z</time></trkpt>
  <trkpt lat="37.4127727" lon="-121.9943442"><ele>73</ele><time>2026-08-23T18:53:24.507960Z</time></trkpt>
  <trkpt lat="37.4127831" lon="-121.9943478"><ele>74</ele><time>2026-08-23T18:53:24.608990Z</time></trkpt>
  <trkpt lat="37.4127936" lon="-121.9943513"><ele>74</ele><time>2026-08-23T18:53:24.709106Z</time></trkpt>
  <trkpt lat="37.4128041" lon="-121.9943548"><ele>75</ele><time>2026-08-23T18:53:24.809707Z</time></trkpt>
  <trkpt lat="37.4128146" lon="-121.9943583"><ele>76</ele><time>2026-08-23T18:53:24.910191Z</time></trkpt>
  <trkpt lat="37.4128249" lon="-121.9943619"><ele>76</ele><time>2026-08-23T18:53:25.011386Z</time></trkpt>
  <trkpt lat="37.4128353" lon="-121.9943655"><ele>77</ele><time>2026-08-23T18:53:25.111439Z</time></trkpt>
  <trkpt lat="37.4128459" lon="-121.9943689"><ele>77</ele><time>2026-08-23T18:53:25.211824Z</time></trkpt>
  <trkpt lat="37.4128565" lon="-121.9943720"><ele>78</ele><time>2026-08-23T18:53:25.312752Z</time></trkpt>
  <trkpt lat="37.4128565" lon="-121.9943720"><ele>78</ele><time>2026-08-23T18:53:25.320100Z</time></trkpt>
  <trkpt lat="37.4128670" lon="-121.9943748"><ele>78</ele><time>2026-08-23T18:53:25.414153Z</time></trkpt>
  <trkpt lat="37.4128774" lon="-121.9943773"><ele>79</ele><time>2026-08-23T18:53:25.515428Z</time></trkpt>
  <trkpt lat="37.4128878" lon="-121.9943795"><ele>80</ele><time>2026-08-23T18:53:25.615032Z</time></trkpt>
  <trkpt lat="37.4128980" lon="-121.9943813"><ele>80</ele><time>2026-08-23T18:53:25.715204Z</time></trkpt>
  <trkpt lat="37.4129078" lon="-121.9943826"><ele>81</ele><time>2026-08-23T18:53:25.815202Z</time></trkpt>
  <trkpt lat="37.4129173" lon="-121.9943834"><ele>82</ele><time>2026-08-23T18:53:25.915560Z</time></trkpt>
  <trkpt lat="37.4129264" lon="-121.9943840"><ele>82</ele><time>2026-08-23T18:53:26.016419Z</time></trkpt>
  <trkpt lat="37.4129354" lon="-121.9943841"><ele>83</ele><time>2026-08-23T18:53:26.117010Z</time></trkpt>
  <trkpt lat="37.4129444" lon="-121.9943838"><ele>84</ele><time>2026-08-23T18:53:26.217117Z</time></trkpt>
  <trkpt lat="37.4129534" lon="-121.9943831"><ele>85</ele><time>2026-08-23T18:53:26.317416Z</time></trkpt>
  <trkpt lat="37.4129623" lon="-121.9943821"><ele>85</ele><time>2026-08-23T18:53:26.417956Z</time></trkpt>
  <trkpt lat="37.4129712" lon="-121.9943811"><ele>86</ele><time>2026-08-23T18:53:26.518849Z</time></trkpt>
  <trkpt lat="37.4129805" lon="-121.9943800"><ele>87</ele><time>2026-08-23T18:53:26.619423Z</time></trkpt>
  <trkpt lat="37.4129902" lon="-121.9943787"><ele>87</ele><time>2026-08-23T18:53:26.720004Z</time></trkpt>
  <trkpt lat="37.4130002" lon="-121.9943772"><ele>88</ele><time>2026-08-23T18:53:26.820479Z</time></trkpt>
  <trkpt lat="37.4130105" lon="-121.9943757"><ele>88</ele><time>2026-08-23T18:53:26.920658Z</time></trkpt>
  <trkpt lat="37.4130209" lon="-121.9943739"><ele>89</ele><time>2026-08-23T18:53:27.022380Z</time></trkpt>
  <trkpt lat="37.4130317" lon="-121.9943719"><ele>89</ele><time>2026-08-23T18:53:27.122813Z</time></trkpt>
  <trkpt lat="37.4130424" lon="-121.9943698"><ele>90</ele><time>2026-08-23T18:53:27.223375Z</time></trkpt>
  <trkpt lat="37.4130531" lon="-121.9943675"><ele>90</ele><time>2026-08-23T18:53:27.323609Z</time></trkpt>
  <trkpt lat="37.4130635" lon="-121.9943654"><ele>90</ele><time>2026-08-23T18:53:27.424060Z</time></trkpt>
  <trkpt lat="37.4130635" lon="-121.9943654"><ele>90</ele><time>2026-08-23T18:53:27.481348Z</time></trkpt>
  <trkpt lat="37.4130739" lon="-121.9943632"><ele>91</ele><time>2026-08-23T18:53:27.524177Z</time></trkpt>
  <trkpt lat="37.4130842" lon="-121.9943609"><ele>92</ele><time>2026-08-23T18:53:27.624882Z</time></trkpt>
  <trkpt lat="37.4130941" lon="-121.9943586"><ele>92</ele><time>2026-08-23T18:53:27.725130Z</time></trkpt>
  <trkpt lat="37.4131033" lon="-121.9943567"><ele>93</ele><time>2026-08-23T18:53:27.826015Z</time></trkpt>
  <trkpt lat="37.4131121" lon="-121.9943550"><ele>94</ele><time>2026-08-23T18:53:27.926902Z</time></trkpt>
  <trkpt lat="37.4131207" lon="-121.9943533"><ele>94</ele><time>2026-08-23T18:53:28.026947Z</time></trkpt>
  <trkpt lat="37.4131293" lon="-121.9943516"><ele>95</ele><time>2026-08-23T18:53:28.108114Z</time></trkpt>
  <trkpt lat="37.4131380" lon="-121.9943497"><ele>96</ele><time>2026-08-23T18:53:28.208696Z</time></trkpt>
  <trkpt lat="37.4131466" lon="-121.9943479"><ele>97</ele><time>2026-08-23T18:53:28.309004Z</time></trkpt>
  <trkpt lat="37.4131553" lon="-121.9943462"><ele>97</ele><time>2026-08-23T18:53:28.409276Z</time></trkpt>
  <trkpt lat="37.4131642" lon="-121.9943445"><ele>98</ele><time>2026-08-23T18:53:28.511340Z</time></trkpt>
  <trkpt lat="37.4131735" lon="-121.9943426"><ele>98</ele><time>2026-08-23T18:53:28.611446Z</time></trkpt>
  <trkpt lat="37.4131831" lon="-121.9943405"><ele>99</ele><time>2026-08-23T18:53:28.711917Z</time></trkpt>
  <trkpt lat="37.4131930" lon="-121.9943384"><ele>99</ele><time>2026-08-23T18:53:28.812921Z</time></trkpt>
  <trkpt lat="37.4132032" lon="-121.9943364"><ele>100</ele><time>2026-08-23T18:53:28.913399Z</time></trkpt>
  <trkpt lat="37.4132134" lon="-121.9943345"><ele>100</ele><time>2026-08-23T18:53:29.014222Z</time></trkpt>
  <trkpt lat="37.4132236" lon="-121.9943327"><ele>101</ele><time>2026-08-23T18:53:29.115012Z</time></trkpt>
  <trkpt lat="37.4132339" lon="-121.9943310"><ele>101</ele><time>2026-08-23T18:53:29.215636Z</time></trkpt>
  <trkpt lat="37.4132443" lon="-121.9943295"><ele>102</ele><time>2026-08-23T18:53:29.315741Z</time></trkpt>
  <trkpt lat="37.4132547" lon="-121.9943281"><ele>102</ele><time>2026-08-23T18:53:29.415845Z</time></trkpt>
  <trkpt lat="37.4132650" lon="-121.9943270"><ele>103</ele><time>2026-08-23T18:53:29.516170Z</time></trkpt>
  <trkpt lat="37.4132754" lon="-121.9943260"><ele>103</ele><time>2026-08-23T18:53:29.617166Z</time></trkpt>
  <trkpt lat="37.4132754" lon="-121.9943260"><ele>103</ele><time>2026-08-23T18:53:29.637937Z</time></trkpt>
  <trkpt lat="37.4132858" lon="-121.9943252"><ele>104</ele><time>2026-08-23T18:53:29.717971Z</time></trkpt>
  <trkpt lat="37.4132961" lon="-121.9943246"><ele>104</ele><time>2026-08-23T18:53:29.818670Z</time></trkpt>
  <trkpt lat="37.4133062" lon="-121.9943245"><ele>105</ele><time>2026-08-23T18:53:29.920135Z</time></trkpt>
  <trkpt lat="37.4133163" lon="-121.9943244"><ele>106</ele><time>2026-08-23T18:53:30.020963Z</time></trkpt>
  <trkpt lat="37.4133264" lon="-121.9943243"><ele>106</ele><time>2026-08-23T18:53:30.121497Z</time></trkpt>
  <trkpt lat="37.4133363" lon="-121.9943245"><ele>107</ele><time>2026-08-23T18:53:30.221622Z</time></trkpt>
  <trkpt lat="37.4133461" lon="-121.9943247"><ele>108</ele><time>2026-08-23T18:53:30.322309Z</time></trkpt>
  <trkpt lat="37.4133558" lon="-121.9943253"><ele>108</ele><time>2026-08-23T18:53:30.422965Z</time></trkpt>
  <trkpt lat="37.4133655" lon="-121.9943259"><ele>109</ele><time>2026-08-23T18:53:30.523662Z</time></trkpt>
  <trkpt lat="37.4133752" lon="-121.9943266"><ele>109</ele><time>2026-08-23T18:53:30.623902Z</time></trkpt>
  <trkpt lat="37.4133849" lon="-121.9943274"><ele>110</ele><time>2026-08-23T18:53:30.724293Z</time></trkpt>
  <trkpt lat="37.4133949" lon="-121.9943283"><ele>110</ele><time>2026-08-23T18:53:30.825269Z</time></trkpt>
  <trkpt lat="37.4134049" lon="-121.9943294"><ele>111</ele><time>2026-08-23T18:53:30.905478Z</time></trkpt>
  <trkpt lat="37.4134151" lon="-121.9943309"><ele>111</ele><time>2026-08-23T18:53:31.006384Z</time></trkpt>
  <trkpt lat="37.4134253" lon="-121.9943329"><ele>112</ele><time>2026-08-23T18:53:31.106863Z</time></trkpt>
  <trkpt lat="37.4134355" lon="-121.9943352"><ele>112</ele><time>2026-08-23T18:53:31.207746Z</time></trkpt>
  <trkpt lat="37.4134454" lon="-121.9943386"><ele>112</ele><time>2026-08-23T18:53:31.308377Z</time></trkpt>
  <trkpt lat="37.4134541" lon="-121.9943443"><ele>112</ele><time>2026-08-23T18:53:31.409978Z</time></trkpt>
  <trkpt lat="37.4134613" lon="-121.9943528"><ele>113</ele><time>2026-08-23T18:53:31.510470Z</time></trkpt>
  <trkpt lat="37.4134664" lon="-121.9943639"><ele>113</ele><time>2026-08-23T18:53:31.610921Z</time></trkpt>
  <trkpt lat="37.4134699" lon="-121.9943765"><ele>113</ele><time>2026-08-23T18:53:31.711635Z</time></trkpt>
  <trkpt lat="37.4134699" lon="-121.9943765"><ele>113</ele><time>2026-08-23T18:53:31.797367Z</time></trkpt>
  <trkpt lat="37.4134724" lon="-121.9943899"><ele>113</ele><time>2026-08-23T18:53:31.812126Z</time></trkpt>
  <trkpt lat="37.4134728" lon="-121.9944043"><ele>113</ele><time>2026-08-23T18:53:31.912420Z</time></trkpt>
  <trkpt lat="37.4134705" lon="-121.9944198"><ele>113</ele><time>2026-08-23T18:53:32.013085Z</time></trkpt>
  <trkpt lat="37.4134659" lon="-121.9944348"><ele>113</ele><time>2026-08-23T18:53:32.113198Z</time></trkpt>
  <trkpt lat="37.4134596" lon="-121.9944492"><ele>112</ele><time>2026-08-23T18:53:32.213437Z</time></trkpt>
  <trkpt lat="37.4134511" lon="-121.9944623"><ele>112</ele><time>2026-08-23T18:53:32.314767Z</time></trkpt>
  <trkpt lat="37.4134405" lon="-121.9944734"><ele>111</ele><time>2026-08-23T18:53:32.415447Z</time></trkpt>
  <trkpt lat="37.4134280" lon="-121.9944818"><ele>110</ele><time>2026-08-23T18:53:32.516362Z</time></trkpt>
  <trkpt lat="37.4134142" lon="-121.9944870"><ele>110</ele><time>2026-08-23T18:53:32.616849Z</time></trkpt>
  <trkpt lat="37.4133992" lon="-121.9944893"><ele>109</ele><time>2026-08-23T18:53:32.717539Z</time></trkpt>
  <trkpt lat="37.4133837" lon="-121.9944891"><ele>109</ele><time>2026-08-23T18:53:32.818181Z</time></trkpt>
  <trkpt lat="37.4133681" lon="-121.9944854"><ele>108</ele><time>2026-08-23T18:53:32.918215Z</time></trkpt>
  <trkpt lat="37.4133526" lon="-121.9944789"><ele>108</ele><time>2026-08-23T18:53:33.019489Z</time></trkpt>
  <trkpt lat="37.4133369" lon="-121.9944723"><ele>108</ele><time>2026-08-23T18:53:33.119791Z</time></trkpt>
  <trkpt lat="37.4133213" lon="-121.9944662"><ele>107</ele><time>2026-08-23T18:53:33.220591Z</time></trkpt>
  <trkpt lat="37.4133057" lon="-121.9944605"><ele>106</ele><time>2026-08-23T18:53:33.321560Z</time></trkpt>
  <trkpt lat="37.4132898" lon="-121.9944545"><ele>105</ele><time>2026-08-23T18:53:33.401979Z</time></trkpt>
  <trkpt lat="37.4132734" lon="-121.9944482"><ele>104</ele><time>2026-08-23T18:53:33.502815Z</time></trkpt>
  <trkpt lat="37.4132563" lon="-121.9944419"><ele>103</ele><time>2026-08-23T18:53:33.603437Z</time></trkpt>
  <trkpt lat="37.4132390" lon="-121.9944354"><ele>102</ele><time>2026-08-23T18:53:33.703513Z</time></trkpt>
  <trkpt lat="37.4132216" lon="-121.9944287"><ele>102</ele><time>2026-08-23T18:53:33.804246Z</time></trkpt>
  <trkpt lat="37.4132039" lon="-121.9944221"><ele>102</ele><time>2026-08-23T18:53:33.905239Z</time></trkpt>
  <trkpt lat="37.4132039" lon="-121.9944221"><ele>102</ele><time>2026-08-23T18:53:33.956462Z</time></trkpt>
  <trkpt lat="37.4131856" lon="-121.9944154"><ele>102</ele><time>2026-08-23T18:53:34.005994Z</time></trkpt>
  <trkpt lat="37.4131671" lon="-121.9944086"><ele>102</ele><time>2026-08-23T18:53:34.107076Z</time></trkpt>
  <trkpt lat="37.4131485" lon="-121.9944020"><ele>102</ele><time>2026-08-23T18:53:34.207965Z</time></trkpt>
  <trkpt lat="37.4131298" lon="-121.9943959"><ele>102</ele><time>2026-08-23T18:53:34.308674Z</time></trkpt>
  <trkpt lat="37.4131110" lon="-121.9943899"><ele>102</ele><time>2026-08-23T18:53:34.409430Z</time></trkpt>
  <trkpt lat="37.4130921" lon="-121.9943839"><ele>102</ele><time>2026-08-23T18:53:34.510735Z</time></trkpt>
  <trkpt lat="37.4130732" lon="-121.9943784"><ele>102</ele><time>2026-08-23T18:53:34.611282Z</time></trkpt>
  <trkpt lat="37.4130542" lon="-121.9943729"><ele>102</ele><time>2026-08-23T18:53:34.712102Z</time></trkpt>
  <trkpt lat="37.4130353" lon="-121.9943672"><ele>102</ele><time>2026-08-23T18:53:34.812761Z</time></trkpt>
  <trkpt lat="37.4130164" lon="-121.9943619"><ele>102</ele><time>2026-08-23T18:53:34.913041Z</time></trkpt>
  <trkpt lat="37.4129975" lon="-121.9943567"><ele>102</ele><time>2026-08-23T18:53:35.013159Z</time></trkpt>
  <trkpt lat="37.4129786" lon="-121.9943514"><ele>102</ele><time>2026-08-23T18:53:35.113993Z</time></trkpt>
  <trkpt lat="37.4129596" lon="-121.9943465"><ele>102</ele><time>2026-08-23T18:53:35.214805Z</time></trkpt>
  <trkpt lat="37.4129406" lon="-121.9943417"><ele>102</ele><time>2026-08-23T18:53:35.315009Z</time></trkpt>
  <trkpt lat="37.4129220" lon="-121.9943370"><ele>102</ele><time>2026-08-23T18:53:35.415062Z</time></trkpt>
  <trkpt lat="37.4129035" lon="-121.9943332"><ele>102</ele><time>2026-08-23T18:53:35.515693Z</time></trkpt>
  <trkpt lat="37.4128853" lon="-121.9943299"><ele>102</ele><time>2026-08-23T18:53:35.617096Z</time></trkpt>
  <trkpt lat="37.4128688" lon="-121.9943282"><ele>103</ele><time>2026-08-23T18:53:35.717596Z</time></trkpt>
  <trkpt lat="37.4128541" lon="-121.9943287"><ele>103</ele><time>2026-08-23T18:53:35.818053Z</time></trkpt>
  <trkpt lat="37.4128401" lon="-121.9943318"><ele>104</ele><time>2026-08-23T18:53:35.918514Z</time></trkpt>
  <trkpt lat="37.4128285" lon="-121.9943382"><ele>105</ele><time>2026-08-23T18:53:36.019063Z</time></trkpt>
  <trkpt lat="37.4128191" lon="-121.9943449"><ele>106</ele><time>2026-08-23T18:53:36.099957Z</time></trkpt>
  <trkpt lat="37.4128191" lon="-121.9943449"><ele>106</ele><time>2026-08-23T18:53:36.101020Z</time></trkpt>
  <trkpt lat="37.4128124" lon="-121.9943527"><ele>107</ele><time>2026-08-23T18:53:36.201047Z</time></trkpt>
  <trkpt lat="37.4128081" lon="-121.9943616"><ele>108</ele><time>2026-08-23T18:53:36.301439Z</time></trkpt>
  <trkpt lat="37.4128051" lon="-121.9943705"><ele>109</ele><time>2026-08-23T18:53:36.402069Z</time></trkpt>
  <trkpt lat="37.4128033" lon="-121.9943804"><ele>110</ele><time>2026-08-23T18:53:36.502384Z</time></trkpt>
  <trkpt lat="37.4128037" lon="-121.9943907"><ele>111</ele><time>2026-08-23T18:53:36.602857Z</time></trkpt>
  <trkpt lat="37.4128069" lon="-121.9944005"><ele>112</ele><time>2026-08-23T18:53:36.703252Z</time></trkpt>
  <trkpt lat="37.4128117" lon="-121.9944093"><ele>112</ele><time>2026-08-23T18:53:36.803656Z</time></trkpt>
  <trkpt lat="37.4128167" lon="-121.9944174"><ele>112</ele><time>2026-08-23T18:53:36.904037Z</time></trkpt>
  <trkpt lat="37.4128223" lon="-121.9944233"><ele>112</ele><time>2026-08-23T18:53:37.004344Z</time></trkpt>
  <trkpt lat="37.4128280" lon="-121.9944268"><ele>112</ele><time>2026-08-23T18:53:37.105215Z</time></trkpt>
  <trkpt lat="37.4128336" lon="-121.9944312"><ele>111</ele><time>2026-08-23T18:53:37.205611Z</time></trkpt>
  <trkpt lat="37.4128398" lon="-121.9944359"><ele>111</ele><time>2026-08-23T18:53:37.305905Z</time></trkpt>
  <trkpt lat="37.4128474" lon="-121.9944425"><ele>111</ele><time>2026-08-23T18:53:37.406615Z</time></trkpt>
  <trkpt lat="37.4128555" lon="-121.9944480"><ele>111</ele><time>2026-08-23T18:53:37.507253Z</time></trkpt>
  <trkpt lat="37.4128617" lon="-121.9944516"><ele>110</ele><time>2026-08-23T18:53:37.608081Z</time></trkpt>
  <trkpt lat="37.4128665" lon="-121.9944546"><ele>110</ele><time>2026-08-23T18:53:37.709295Z</time></trkpt>
  <trkpt lat="37.4128717" lon="-121.9944584"><ele>109</ele><time>2026-08-23T18:53:37.809695Z</time></trkpt>
  <trkpt lat="37.4128767" lon="-121.9944639"><ele>108</ele><time>2026-08-23T18:53:37.910182Z</time></trkpt>
  <trkpt lat="37.4128816" lon="-121.9944699"><ele>107</ele><time>2026-08-23T18:53:38.010719Z</time></trkpt>
  <trkpt lat="37.4128826" lon="-121.9944768"><ele>105</ele><time>2026-08-23T18:53:38.111037Z</time></trkpt>
  <trkpt lat="37.4128750" lon="-121.9944837"><ele>103</ele><time>2026-08-23T18:53:38.212116Z</time></trkpt>
  <trkpt lat="37.4128750" lon="-121.9944837"><ele>103</ele><time>2026-08-23T18:53:38.250327Z</time></trkpt>
  <trkpt lat="37.4128643" lon="-121.9944922"><ele>102</ele><time>2026-08-23T18:53:38.312686Z</time></trkpt>
  <trkpt lat="37.4128496" lon="-121.9945025"><ele>100</ele><time>2026-08-23T18:53:38.393838Z</time></trkpt>
  <trkpt lat="37.4128336" lon="-121.9945133"><ele>99</ele><time>2026-08-23T18:53:38.494162Z</time></trkpt>
  <trkpt lat="37.4128168" lon="-121.9945261"><ele>98</ele><time>2026-08-23T18:53:38.594764Z</time></trkpt>
  <trkpt lat="37.4128002" lon="-121.9945402"><ele>98</ele><time>2026-08-23T18:53:38.695459Z</time></trkpt>
  <trkpt lat="37.4127849" lon="-121.9945551"><ele>98</ele><time>2026-08-23T18:53:38.796517Z</time></trkpt>
  <trkpt lat="37.4127703" lon="-121.9945728"><ele>98</ele><time>2026-08-23T18:53:38.897287Z</time></trkpt>
  <trkpt lat="37.4127575" lon="-121.9945900"><ele>98</ele><time>2026-08-23T18:53:38.998539Z</time></trkpt>
  <trkpt lat="37.4127454" lon="-121.9946077"><ele>99</ele><time>2026-08-23T18:53:39.099371Z</time></trkpt>
  <trkpt lat="37.4127353" lon="-121.9946248"><ele>99</ele><time>2026-08-23T18:53:39.200335Z</time></trkpt>
  <trkpt lat="37.4127281" lon="-121.9946435"><ele>99</ele><time>2026-08-23T18:53:39.300793Z</time></trkpt>
  <trkpt lat="37.4127258" lon="-121.9946633"><ele>99</ele><time>2026-08-23T18:53:39.401410Z</time></trkpt>
  <trkpt lat="37.4127284" lon="-121.9946805"><ele>98</ele><time>2026-08-23T18:53:39.501638Z</time></trkpt>
  <trkpt lat="37.4127375" lon="-121.9946944"><ele>98</ele><time>2026-08-23T18:53:39.603060Z</time></trkpt>
  <trkpt lat="37.4127494" lon="-121.9947061"><ele>97</ele><time>2026-08-23T18:53:39.702709Z</time></trkpt>
  <trkpt lat="37.4127630" lon="-121.9947149"><ele>96</ele><time>2026-08-23T18:53:39.803557Z</time></trkpt>
  <trkpt lat="37.4127777" lon="-121.9947219"><ele>96</ele><time>2026-08-23T18:53:39.904345Z</time></trkpt>
  <trkpt lat="37.4127915" lon="-121.9947282"><ele>95</ele><time>2026-08-23T18:53:40.004335Z</time></trkpt>
  <trkpt lat="37.4128035" lon="-121.9947357"><ele>95</ele><time>2026-08-23T18:53:40.104822Z</time></trkpt>
  <trkpt lat="37.4128168" lon="-121.9947426"><ele>94</ele><time>2026-08-23T18:53:40.205124Z</time></trkpt>
  <trkpt lat="37.4128311" lon="-121.9947483"><ele>94</ele><time>2026-08-23T18:53:40.305834Z</time></trkpt>
  <trkpt lat="37.4128311" lon="-121.9947483"><ele>94</ele><time>2026-08-23T18:53:40.402223Z</time></trkpt>
  <trkpt lat="37.4128470" lon="-121.9947500"><ele>95</ele><time>2026-08-23T18:53:40.405879Z</time></trkpt>
  <trkpt lat="37.4128627" lon="-121.9947505"><ele>95</ele><time>2026-08-23T18:53:40.506504Z</time></trkpt>
  <trkpt lat="37.4128768" lon="-121.9947511"><ele>94</ele><time>2026-08-23T18:53:40.606865Z</time></trkpt>
  <trkpt lat="37.4128896" lon="-121.9947514"><ele>94</ele><time>2026-08-23T18:53:40.707353Z</time></trkpt>
  <trkpt lat="37.4129027" lon="-121.9947516"><ele>94</ele><time>2026-08-23T18:53:40.808038Z</time></trkpt>
  <trkpt lat="37.4129139" lon="-121.9947543"><ele>95</ele><time>2026-08-23T18:53:40.908695Z</time></trkpt>
  <trkpt lat="37.4129252" lon="-121.9947603"><ele>96</ele><time>2026-08-23T18:53:41.009415Z</time></trkpt>
  <trkpt lat="37.4129361" lon="-121.9947681"><ele>96</ele><time>2026-08-23T18:53:41.109840Z</time></trkpt>
  <trkpt lat="37.4129457" lon="-121.9947784"><ele>97</ele><time>2026-08-23T18:53:41.210286Z</time></trkpt>
  <trkpt lat="37.4129521" lon="-121.9947919"><ele>98</ele><time>2026-08-23T18:53:41.290843Z</time></trkpt>
  <trkpt lat="37.4129598" lon="-121.9948045"><ele>99</ele><time>2026-08-23T18:53:41.392277Z</time></trkpt>
  <trkpt lat="37.4129694" lon="-121.9948153"><ele>99</ele><time>2026-08-23T18:53:41.493504Z</time></trkpt>
  <trkpt lat="37.4129794" lon="-121.9948265"><ele>100</ele><time>2026-08-23T18:53:41.594001Z</time></trkpt>
  <trkpt lat="37.4129900" lon="-121.9948378"><ele>100</ele><time>2026-08-23T18:53:41.694348Z</time></trkpt>
  <trkpt lat="37.4130022" lon="-121.9948484"><ele>100</ele><time>2026-08-23T18:53:41.794676Z</time></trkpt>
  <trkpt lat="37.4130143" lon="-121.9948570"><ele>100</ele><time>2026-08-23T18:53:41.895065Z</time></trkpt>
  <trkpt lat="37.4130275" lon="-121.9948646"><ele>99</ele><time>2026-08-23T18:53:41.995941Z</time></trkpt>
  <trkpt lat="37.4130397" lon="-121.9948738"><ele>99</ele><time>2026-08-23T18:53:42.096312Z</time></trkpt>
  <trkpt lat="37.4130511" lon="-121.9948851"><ele>99</ele><time>2026-08-23T18:53:42.197842Z</time></trkpt>
  <trkpt lat="37.4130631" lon="-121.9948955"><ele>99</ele><time>2026-08-23T18:53:42.298689Z</time></trkpt>
  <trkpt lat="37.4130759" lon="-121.9949034"><ele>99</ele><time>2026-08-23T18:53:42.398113Z</time></trkpt>
  <trkpt lat="37.4130899" lon="-121.9949065"><ele>99</ele><time>2026-08-23T18:53:42.498547Z</time></trkpt>
  <trkpt lat="37.4130899" lon="-121.9949065"><ele>99</ele><time>2026-08-23T18:53:42.558389Z</time></trkpt>
  <trkpt lat="37.4131045" lon="-121.9949062"><ele>98</ele><time>2026-08-23T18:53:42.598963Z</time></trkpt>
  <trkpt lat="37.4131172" lon="-121.9949024"><ele>98</ele><time>2026-08-23T18:53:42.699033Z</time></trkpt>
  <trkpt lat="37.4131303" lon="-121.9948948"><ele>98</ele><time>2026-08-23T18:53:42.799856Z</time></trkpt>
  <trkpt lat="37.4131423" lon="-121.9948879"><ele>98</ele><time>2026-08-23T18:53:42.900586Z</time></trkpt>
  <trkpt lat="37.4131546" lon="-121.9948822"><ele>98</ele><time>2026-08-23T18:53:43.001840Z</time></trkpt>
  <trkpt lat="37.4131666" lon="-121.9948777"><ele>98</ele><time>2026-08-23T18:53:43.102382Z</time></trkpt>
  <trkpt lat="37.4131776" lon="-121.9948721"><ele>99</ele><time>2026-08-23T18:53:43.202979Z</time></trkpt>
  <trkpt lat="37.4131877" lon="-121.9948650"><ele>99</ele><time>2026-08-23T18:53:43.303603Z</time></trkpt>
  <trkpt lat="37.4131969" lon="-121.9948569"><ele>100</ele><time>2026-08-23T18:53:43.404454Z</time></trkpt>
  <trkpt lat="37.4132070" lon="-121.9948480"><ele>100</ele><time>2026-08-23T18:53:43.505350Z</time></trkpt>
  <trkpt lat="37.4132169" lon="-121.9948412"><ele>100</ele><time>2026-08-23T18:53:43.606905Z</time></trkpt>
  <trkpt lat="37.4132266" lon="-121.9948350"><ele>100</ele><time>2026-08-23T18:53:43.708061Z</time></trkpt>
  <trkpt lat="37.4132359" lon="-121.9948301"><ele>100</ele><time>2026-08-23T18:53:43.788556Z</time></trkpt>
  <trkpt lat="37.4132452" lon="-121.9948247"><ele>100</ele><time>2026-08-23T18:53:43.908923Z</time></trkpt>
  <trkpt lat="37.4132536" lon="-121.9948181"><ele>100</ele><time>2026-08-23T18:53:43.988894Z</time></trkpt>
  <trkpt lat="37.4132633" lon="-121.9948112"><ele>100</ele><time>2026-08-23T18:53:44.089667Z</time></trkpt>
  <trkpt lat="37.4132730" lon="-121.9948064"><ele>100</ele><time>2026-08-23T18:53:44.190037Z</time></trkpt>
  <trkpt lat="37.4132829" lon="-121.9948040"><ele>100</ele><time>2026-08-23T18:53:44.290647Z</time></trkpt>
  <trkpt lat="37.4132927" lon="-121.9948059"><ele>101</ele><time>2026-08-23T18:53:44.391114Z</time></trkpt>
  <trkpt lat="37.4133023" lon="-121.9948114"><ele>101</ele><time>2026-08-23T18:53:44.491412Z</time></trkpt>
  <trkpt lat="37.4133092" lon="-121.9948214"><ele>101</ele><time>2026-08-23T18:53:44.591989Z</time></trkpt>
  <trkpt lat="37.4133148" lon="-121.9948328"><ele>102</ele><time>2026-08-23T18:53:44.693088Z</time></trkpt>
  <trkpt lat="37.4133148" lon="-121.9948328"><ele>102</ele><time>2026-08-23T18:53:44.710494Z</time></trkpt>
  <trkpt lat="37.4133219" lon="-121.9948442"><ele>101</ele><time>2026-08-23T18:53:44.793807Z</time></trkpt>
  <trkpt lat="37.4133298" lon="-121.9948528"><ele>101</ele><time>2026-08-23T18:53:44.894228Z</time></trkpt>
  <trkpt lat="37.4133376" lon="-121.9948606"><ele>101</ele><time>2026-08-23T18:53:44.994578Z</time></trkpt>
  <trkpt lat="37.4133436" lon="-121.9948700"><ele>101</ele><time>2026-08-23T18:53:45.095517Z</time></trkpt>
  <trkpt lat="37.4133502" lon="-121.9948815"><ele>101</ele><time>2026-08-23T18:53:45.196230Z</time></trkpt>
  <trkpt lat="37.4133571" lon="-121.9948930"><ele>100</ele><time>2026-08-23T18:53:45.296483Z</time></trkpt>
  <trkpt lat="37.4133648" lon="-121.9949024"><ele>100</ele><time>2026-08-23T18:53:45.397164Z</time></trkpt>
  <trkpt lat="37.4133729" lon="-121.9949112"><ele>99</ele><time>2026-08-23T18:53:45.497396Z</time></trkpt>
  <trkpt lat="37.4133834" lon="-121.9949175"><ele>98</ele><time>2026-08-23T18:53:45.597933Z</time></trkpt>
  <trkpt lat="37.4133948" lon="-121.9949228"><ele>98</ele><time>2026-08-23T18:53:45.698307Z</time></trkpt>
  <trkpt lat="37.4134083" lon="-121.9949245"><ele>97</ele><time>2026-08-23T18:53:45.798953Z</time></trkpt>
  <trkpt lat="37.4134226" lon="-121.9949216"><ele>97</ele><time>2026-08-23T18:53:45.899330Z</time></trkpt>
  <trkpt lat="37.4134362" lon="-121.9949162"><ele>96</ele><time>2026-08-23T18:53:45.999968Z</time></trkpt>
  <trkpt lat="37.4134478" lon="-121.9949073"><ele>96</ele><time>2026-08-23T18:53:46.080907Z</time></trkpt>
  <trkpt lat="37.4134579" lon="-121.9948956"><ele>96</ele><time>2026-08-23T18:53:46.180972Z</time></trkpt>
  <trkpt lat="37.4134680" lon="-121.9948821"><ele>96</ele><time>2026-08-23T18:53:46.282310Z</time></trkpt>
  <trkpt lat="37.4134786" lon="-121.9948680"><ele>96</ele><time>2026-08-23T18:53:46.382589Z</time></trkpt>
  <trkpt lat="37.4134881" lon="-121.9948517"><ele>96</ele><time>2026-08-23T18:53:46.483225Z</time></trkpt>
  <trkpt lat="37.4134960" lon="-121.9948330"><ele>96</ele><time>2026-08-23T18:53:46.583894Z</time></trkpt>
  <trkpt lat="37.4135029" lon="-121.9948132"><ele>96</ele><time>2026-08-23T18:53:46.685082Z</time></trkpt>
  <trkpt lat="37.4135084" lon="-121.9947924"><ele>96</ele><time>2026-08-23T18:53:46.785527Z</time></trkpt>
  <trkpt lat="37.4135084" lon="-121.9947924"><ele>96</ele><time>2026-08-23T18:53:46.858129Z</time></trkpt>
  <trkpt lat="37.4135133" lon="-121.9947707"><ele>96</ele><time>2026-08-23T18:53:46.885871Z</time></trkpt>
  <trkpt lat="37.4135195" lon="-121.9947474"><ele>96</ele><time>2026-08-23T18:53:46.986259Z</time></trkpt>
  <trkpt lat="37.4135242" lon="-121.9947251"><ele>96</ele><time>2026-08-23T18:53:47.086795Z</time></trkpt>
  <trkpt lat="37.4135270" lon="-121.9947025"><ele>96</ele><time>2026-08-23T18:53:47.187079Z</time></trkpt>
  <trkpt lat="37.4135272" lon="-121.9946800"><ele>96</ele><time>2026-08-23T18:53:47.288280Z</time></trkpt>
  <trkpt lat="37.4135265" lon="-121.9946584"><ele>96</ele><time>2026-08-23T18:53:47.388988Z</time></trkpt>
  <trkpt lat="37.4135255" lon="-121.9946363"><ele>96</ele><time>2026-08-23T18:53:47.489323Z</time></trkpt>
  <trkpt lat="37.4135245" lon="-121.9946122"><ele>96</ele><time>2026-08-23T18:53:47.589950Z</time></trkpt>
  <trkpt lat="37.4135232" lon="-121.9945887"><ele>96</ele><time>2026-08-23T18:53:47.690970Z</time></trkpt>
  <trkpt lat="37.4135199" lon="-121.9945682"><ele>97</ele><time>2026-08-23T18:53:47.792259Z</time></trkpt>
  <trkpt lat="37.4135157" lon="-121.9945466"><ele>97</ele><time>2026-08-23T18:53:47.893124Z</time></trkpt>
  <trkpt lat="37.4135123" lon="-121.9945234"><ele>96</ele><time>2026-08-23T18:53:47.993909Z</time></trkpt>
  <trkpt lat="37.4135078" lon="-121.9945033"><ele>96</ele><time>2026-08-23T18:53:48.095683Z</time></trkpt>
  <trkpt lat="37.4135003" lon="-121.9944851"><ele>96</ele><time>2026-08-23T18:53:48.196423Z</time></trkpt>
  <trkpt lat="37.4134909" lon="-121.9944684"><ele>97</ele><time>2026-08-23T18:53:48.276622Z</time></trkpt>
  <trkpt lat="37.4134825" lon="-121.9944512"><ele>97</ele><time>2026-08-23T18:53:48.377642Z</time></trkpt>
  <trkpt lat="37.4134747" lon="-121.9944341"><ele>97</ele><time>2026-08-23T18:53:48.478089Z</time></trkpt>
  <trkpt lat="37.4134670" lon="-121.9944169"><ele>97</ele><time>2026-08-23T18:53:48.578276Z</time></trkpt>
  <trkpt lat="37.4134578" lon="-121.9944005"><ele>98</ele><time>2026-08-23T18:53:48.678821Z</time></trkpt>
  <trkpt lat="37.4134475" lon="-121.9943859"><ele>98</ele><time>2026-08-23T18:53:48.779648Z</time></trkpt>
  <trkpt lat="37.4134347" lon="-121.9943748"><ele>98</ele><time>2026-08-23T18:53:48.880095Z</time></trkpt>
  <trkpt lat="37.4134215" lon="-121.9943651"><ele>98</ele><time>2026-08-23T18:53:48.981104Z</time></trkpt>
  <trkpt lat="37.4134215" lon="-121.9943651"><ele>98</ele><time>2026-08-23T18:53:49.008790Z</time></trkpt>
  <trkpt lat="37.4134076" lon="-121.9943584"><ele>98</ele><time>2026-08-23T18:53:49.082187Z</time></trkpt>
  <trkpt lat="37.4133934" lon="-121.9943547"><ele>98</ele><time>2026-08-23T18:53:49.182854Z</time></trkpt>
  <trkpt lat="37.4133781" lon="-121.9943546"><ele>97</ele><time>2026-08-23T18:53:49.283288Z</time></trkpt>
  <trkpt lat="37.4133631" lon="-121.9943566"><ele>97</ele><time>2026-08-23T18:53:49.384004Z</time></trkpt>
  <trkpt lat="37.4133494" lon="-121.9943626"><ele>97</ele><time>2026-08-23T18:53:49.484766Z</time></trkpt>
  <trkpt lat="37.4133369" lon="-121.9943718"><ele>97</ele><time>2026-08-23T18:53:49.585431Z</time></trkpt>
  <trkpt lat="37.4133247" lon="-121.9943822"><ele>96</ele><time>2026-08-23T18:53:49.685799Z</time></trkpt>
  <trkpt lat="37.4133126" lon="-121.9943894"><ele>95</ele><time>2026-08-23T18:53:49.786715Z</time></trkpt>
  <trkpt lat="37.4133004" lon="-121.9943955"><ele>95</ele><time>2026-08-23T18:53:49.887626Z</time></trkpt>
  <trkpt lat="37.4132876" lon="-121.9944040"><ele>95</ele><time>2026-08-23T18:53:49.988147Z</time></trkpt>
  <trkpt lat="37.4132769" lon="-121.9944138"><ele>94</ele><time>2026-08-23T18:53:50.088210Z</time></trkpt>
  <trkpt lat="37.4132673" lon="-121.9944242"><ele>94</ele><time>2026-08-23T18:53:50.188794Z</time></trkpt>
  <trkpt lat="37.4132583" lon="-121.9944347"><ele>94</ele><time>2026-08-23T18:53:50.289628Z</time></trkpt>
  <trkpt lat="37.4132493" lon="-121.9944455"><ele>93</ele><time>2026-08-23T18:53:50.390642Z</time></trkpt>
  <trkpt lat="37.4132402" lon="-121.9944573"><ele>93</ele><time>2026-08-23T18:53:50.491117Z</time></trkpt>
  <trkpt lat="37.4132311" lon="-121.9944694"><ele>94</ele><time>2026-08-23T18:53:50.591558Z</time></trkpt>
  <trkpt lat="37.4132218" lon="-121.9944810"><ele>94</ele><time>2026-08-23T18:53:50.692100Z</time></trkpt>
  <trkpt lat="37.4132122" lon="-121.9944916"><ele>95</ele><time>2026-08-23T18:53:50.792302Z</time></trkpt>
  <trkpt lat="37.4132021" lon="-121.9945008"><ele>95</ele><time>2026-08-23T18:53:50.893625Z</time></trkpt>
  <trkpt lat="37.4131920" lon="-121.9945083"><ele>95</ele><time>2026-08-23T18:53:50.993733Z</time></trkpt>
  <trkpt lat="37.4131820" lon="-121.9945142"><ele>96</ele><time>2026-08-23T18:53:51.074268Z</time></trkpt>
  <trkpt lat="37.4131820" lon="-121.9945142"><ele>96</ele><time>2026-08-23T18:53:51.158241Z</time></trkpt>
  <trkpt lat="37.4131721" lon="-121.9945189"><ele>96</ele><time>2026-08-23T18:53:51.175001Z</time></trkpt>
  <trkpt lat="37.4131624" lon="-121.9945221"><ele>97</ele><time>2026-08-23T18:53:51.275560Z</time></trkpt>
  <trkpt lat="37.4131527" lon="-121.9945237"><ele>98</ele><time>2026-08-23T18:53:51.376595Z</time></trkpt>
  <trkpt lat="37.4131437" lon="-121.9945240"><ele>98</ele><time>2026-08-23T18:53:51.477134Z</time></trkpt>
  <trkpt lat="37.4131350" lon="-121.9945238"><ele>99</ele><time>2026-08-23T18:53:51.577860Z</time></trkpt>
  <trkpt lat="37.4131264" lon="-121.9945233"><ele>99</ele><time>2026-08-23T18:53:51.678078Z</time></trkpt>
  <trkpt lat="37.4131181" lon="-121.9945226"><ele>99</ele><time>2026-08-23T18:53:51.778876Z</time></trkpt>
  <trkpt lat="37.4131099" lon="-121.9945216"><ele>99</ele><time>2026-08-23T18:53:51.879543Z</time></trkpt>
  <trkpt lat="37.4131020" lon="-121.9945199"><ele>99</ele><time>2026-08-23T18:53:51.980510Z</time></trkpt>
  <trkpt lat="37.4130939" lon="-121.9945176"><ele>99</ele><time>2026-08-23T18:53:52.080910Z</time></trkpt>
  <trkpt lat="37.4130863" lon="-121.9945145"><ele>99</ele><time>2026-08-23T18:53:52.182104Z</time></trkpt>
  <trkpt lat="37.4130793" lon="-121.9945110"><ele>99</ele><time>2026-08-23T18:53:52.282694Z</time></trkpt>
  <trkpt lat="37.4130722" lon="-121.9945074"><ele>98</ele><time>2026-08-23T18:53:52.383131Z</time></trkpt>
  <trkpt lat="37.4130652" lon="-121.9945036"><ele>98</ele><time>2026-08-23T18:53:52.483764Z</time></trkpt>
  <trkpt lat="37.4130585" lon="-121.9944995"><ele>98</ele><time>2026-08-23T18:53:52.584811Z</time></trkpt>
  <trkpt lat="37.4130519" lon="-121.9944952"><ele>97</ele><time>2026-08-23T18:53:52.685759Z</time></trkpt>
  <trkpt lat="37.4130460" lon="-121.9944904"><ele>97</ele><time>2026-08-23T18:53:52.786317Z</time></trkpt>
  <trkpt lat="37.4130406" lon="-121.9944849"><ele>96</ele><time>2026-08-23T18:53:52.887122Z</time></trkpt>
  <trkpt lat="37.4130359" lon="-121.9944783"><ele>95</ele><time>2026-08-23T18:53:52.987405Z</time></trkpt>
  <trkpt lat="37.4130318" lon="-121.9944712"><ele>94</ele><time>2026-08-23T18:53:53.088198Z</time></trkpt>
  <trkpt lat="37.4130283" lon="-121.9944636"><ele>93</ele><time>2026-08-23T18:53:53.189146Z</time></trkpt>
  <trkpt lat="37.4130252" lon="-121.9944552"><ele>91</ele><time>2026-08-23T18:53:53.289338Z</time></trkpt>
  <trkpt lat="37.4130252" lon="-121.9944552"><ele>91</ele><time>2026-08-23T18:53:53.306694Z</time></trkpt>
  <trkpt lat="37.4130224" lon="-121.9944461"><ele>90</ele><time>2026-08-23T18:53:53.389857Z</time></trkpt>
  <trkpt lat="37.4130202" lon="-121.9944363"><ele>88</ele><time>2026-08-23T18:53:53.490398Z</time></trkpt>
  <trkpt lat="37.4130186" lon="-121.9944257"><ele>87</ele><time>2026-08-23T18:53:53.590653Z</time></trkpt>
  <trkpt lat="37.4130187" lon="-121.9944140"><ele>85</ele><time>2026-08-23T18:53:53.691484Z</time></trkpt>
  <trkpt lat="37.4130214" lon="-121.9944011"><ele>84</ele><time>2026-08-23T18:53:53.771722Z</time></trkpt>
  <trkpt lat="37.4130264" lon="-121.9943873"><ele>83</ele><time>2026-08-23T18:53:53.872444Z</time></trkpt>
  <trkpt lat="37.4130332" lon="-121.9943730"><ele>82</ele><time>2026-08-23T18:53:53.972758Z</time></trkpt>
  <trkpt lat="37.4130414" lon="-121.9943590"><ele>82</ele><time>2026-08-23T18:53:54.073120Z</time></trkpt>
  <trkpt lat="37.4130507" lon="-121.9943457"><ele>82</ele><time>2026-08-23T18:53:54.173464Z</time></trkpt>
  <trkpt lat="37.4130608" lon="-121.9943333"><ele>82</ele><time>2026-08-23T18:53:54.274606Z</time></trkpt>
  <trkpt lat="37.4130721" lon="-121.9943217"><ele>82</ele><time>2026-08-23T18:53:54.375026Z</time></trkpt>
  <trkpt lat="37.4130838" lon="-121.9943104"><ele>83</ele><time>2026-08-23T18:53:54.475617Z</time></trkpt>
  <trkpt lat="37.4130960" lon="-121.9942997"><ele>83</ele><time>2026-08-23T18:53:54.576004Z</time></trkpt>
  <trkpt lat="37.4131084" lon="-121.9942898"><ele>83</ele><time>2026-08-23T18:53:54.676840Z</time></trkpt>
  <trkpt lat="37.4131203" lon="-121.9942798"><ele>83</ele><time>2026-08-23T18:53:54.778148Z</time></trkpt>
  <trkpt lat="37.4131321" lon="-121.9942696"><ele>83</ele><time>2026-08-23T18:53:54.878932Z</time></trkpt>
  <trkpt lat="37.4131441" lon="-121.9942598"><ele>83</ele><time>2026-08-23T18:53:54.979755Z</time></trkpt>
  <trkpt lat="37.4131560" lon="-121.9942503"><ele>83</ele><time>2026-08-23T18:53:55.080288Z</time></trkpt>
  <trkpt lat="37.4131678" lon="-121.9942412"><ele>83</ele><time>2026-08-23T18:53:55.181205Z</time></trkpt>
  <trkpt lat="37.4131801" lon="-121.9942326"><ele>83</ele><time>2026-08-23T18:53:55.281417Z</time></trkpt>
  <trkpt lat="37.4131925" lon="-121.9942242"><ele>83</ele><time>2026-08-23T18:53:55.381887Z</time></trkpt>
  <trkpt lat="37.4131925" lon="-121.9942242"><ele>83</ele><time>2026-08-23T18:53:55.469464Z</time></trkpt>
  <trkpt lat="37.4132048" lon="-121.9942162"><ele>84</ele><time>2026-08-23T18:53:55.482514Z</time></trkpt>
  <trkpt lat="37.4132175" lon="-121.9942085"><ele>84</ele><time>2026-08-23T18:53:55.583243Z</time></trkpt>
  <trkpt lat="37.4132306" lon="-121.9942016"><ele>83</ele><time>2026-08-23T18:53:55.684031Z</time></trkpt>
  <trkpt lat="37.4132437" lon="-121.9941951"><ele>83</ele><time>2026-08-23T18:53:55.784432Z</time></trkpt>
  <trkpt lat="37.4132570" lon="-121.9941884"><ele>83</ele><time>2026-08-23T18:53:55.885378Z</time></trkpt>
  <trkpt lat="37.4132702" lon="-121.9941823"><ele>83</ele><time>2026-08-23T18:53:55.985745Z</time></trkpt>
  <trkpt lat="37.4132840" lon="-121.9941768"><ele>83</ele><time>2026-08-23T18:53:56.086118Z</time></trkpt>
  <trkpt lat="37.4132977" lon="-121.9941720"><ele>83</ele><time>2026-08-23T18:53:56.186450Z</time></trkpt>
  <trkpt lat="37.4133113" lon="-121.9941671"><ele>83</ele><time>2026-08-23T18:53:56.287037Z</time></trkpt>
  <trkpt lat="37.4133247" lon="-121.9941621"><ele>82</ele><time>2026-08-23T18:53:56.387427Z</time></trkpt>
  <trkpt lat="37.4133382" lon="-121.9941573"><ele>82</ele><time>2026-08-23T18:53:56.467522Z</time></trkpt>
  <trkpt lat="37.4133520" lon="-121.9941527"><ele>82</ele><time>2026-08-23T18:53:56.588296Z</time></trkpt>
  <trkpt lat="37.4133662" lon="-121.9941484"><ele>82</ele><time>2026-08-23T18:53:56.668774Z</time></trkpt>
  <trkpt lat="37.4133806" lon="-121.9941444"><ele>81</ele><time>2026-08-23T18:53:56.770168Z</time></trkpt>
  <trkpt lat="37.4133950" lon="-121.9941410"><ele>81</ele><time>2026-08-23T18:53:56.871328Z</time></trkpt>
  <trkpt lat="37.4134094" lon="-121.9941392"><ele>80</ele><time>2026-08-23T18:53:56.971707Z</time></trkpt>
  <trkpt lat="37.4134238" lon="-121.9941406"><ele>80</ele><time>2026-08-23T18:53:57.072487Z</time></trkpt>
  <trkpt lat="37.4134381" lon="-121.9941444"><ele>80</ele><time>2026-08-23T18:53:57.173507Z</time></trkpt>
  <trkpt lat="37.4134521" lon="-121.9941496"><ele>79</ele><time>2026-08-23T18:53:57.274147Z</time></trkpt>
  <trkpt lat="37.4134656" lon="-121.9941565"><ele>79</ele><time>2026-08-23T18:53:57.374889Z</time></trkpt>
  <trkpt lat="37.4134783" lon="-121.9941654"><ele>79</ele><time>2026-08-23T18:53:57.475260Z</time></trkpt>
  <trkpt lat="37.4134895" lon="-121.9941760"><ele>80</ele><time>2026-08-23T18:53:57.575677Z</time></trkpt>
  <trkpt lat="37.4134895" lon="-121.9941760"><ele>80</ele><time>2026-08-23T18:53:57.619050Z</time></trkpt>
  <trkpt lat="37.4134988" lon="-121.9941875"><ele>80</ele><time>2026-08-23T18:53:57.676405Z</time></trkpt>
  <trkpt lat="37.4135058" lon="-121.9941994"><ele>81</ele><time>2026-08-23T18:53:57.777245Z</time></trkpt>
  <trkpt lat="37.4135108" lon="-121.9942112"><ele>82</ele><time>2026-08-23T18:53:57.878088Z</time></trkpt>
  <trkpt lat="37.4135144" lon="-121.9942226"><ele>83</ele><time>2026-08-23T18:53:57.978705Z</time></trkpt>
  <trkpt lat="37.4135168" lon="-121.9942336"><ele>83</ele><time>2026-08-23T18:53:58.079707Z</time></trkpt>
  <trkpt lat="37.4135186" lon="-121.9942444"><ele>84</ele><time>2026-08-23T18:53:58.180733Z</time></trkpt>
  <trkpt lat="37.4135198" lon="-121.9942553"><ele>85</ele><time>2026-08-23T18:53:58.280992Z</time></trkpt>
  <trkpt lat="37.4135206" lon="-121.9942660"><ele>86</ele><time>2026-08-23T18:53:58.381818Z</time></trkpt>
  <trkpt lat="37.4135211" lon="-121.9942766"><ele>87</ele><time>2026-08-23T18:53:58.482247Z</time></trkpt>
  <trkpt lat="37.4135216" lon="-121.9942871"><ele>88</ele><time>2026-08-23T18:53:58.582788Z</time></trkpt>
  <trkpt lat="37.4135218" lon="-121.9942976"><ele>89</ele><time>2026-08-23T18:53:58.683265Z</time></trkpt>
  <trkpt lat="37.4135219" lon="-121.9943084"><ele>90</ele><time>2026-08-23T18:53:58.783452Z</time></trkpt>
  <trkpt lat="37.4135222" lon="-121.9943198"><ele>91</ele><time>2026-08-23T18:53:58.883817Z</time></trkpt>
  <trkpt lat="37.4135227" lon="-121.9943319"><ele>91</ele><time>2026-08-23T18:53:58.984123Z</time></trkpt>
  <trkpt lat="37.4135232" lon="-121.9943443"><ele>92</ele><time>2026-08-23T18:53:59.064767Z</time></trkpt>
  <trkpt lat="37.4135237" lon="-121.9943566"><ele>92</ele><time>2026-08-23T18:53:59.165374Z</time></trkpt>
  <trkpt lat="37.4135242" lon="-121.9943687"><ele>93</ele><time>2026-08-23T18:53:59.266781Z</time></trkpt>
  <trkpt lat="37.4135247" lon="-121.9943804"><ele>94</ele><time>2026-08-23T18:53:59.367864Z</time></trkpt>
  <trkpt lat="37.4135247" lon="-121.9943917"><ele>95</ele><time>2026-08-23T18:53:59.467856Z</time></trkpt>
  <trkpt lat="37.4135242" lon="-121.9944027"><ele>95</ele><time>2026-08-23T18:53:59.568459Z</time></trkpt>
  <trkpt lat="37.4135231" lon="-121.9944137"><ele>96</ele><time>2026-08-23T18:53:59.668871Z</time></trkpt>
  <trkpt lat="37.4135214" lon="-121.9944248"><ele>97</ele><time>2026-08-23T18:53:59.770012Z</time></trkpt>
  <trkpt lat="37.4135214" lon="-121.9944248"><ele>97</ele><time>2026-08-23T18:53:59.781709Z</time></trkpt>
  <trkpt lat="37.4135192" lon="-121.9944360"><ele>98</ele><time>2026-08-23T18:53:59.870489Z</time></trkpt>
  <trkpt lat="37.4135166" lon="-121.9944476"><ele>99</ele><time>2026-08-23T18:53:59.970690Z</time></trkpt>
  <trkpt lat="37.4135134" lon="-121.9944595"><ele>99</ele><time>2026-08-23T18:54:00.071255Z</time></trkpt>
  <trkpt lat="37.4135096" lon="-121.9944715"><ele>100</ele><time>2026-08-23T18:54:00.171283Z</time></trkpt>
  <trkpt lat="37.4135049" lon="-121.9944838"><ele>100</ele><time>2026-08-23T18:54:00.271586Z</time></trkpt>
  <trkpt lat="37.4134993" lon="-121.9944964"><ele>101</ele><time>2026-08-23T18:54:00.371970Z</time></trkpt>
  <trkpt lat="37.4134931" lon="-121.9945090"><ele>101</ele><time>2026-08-23T18:54:00.472617Z</time></trkpt>
  <trkpt lat="37.4134855" lon="-121.9945213"><ele>102</ele><time>2026-08-23T18:54:00.573518Z</time></trkpt>
  <trkpt lat="37.4134768" lon="-121.9945327"><ele>102</ele><time>2026-08-23T18:54:00.673716Z</time></trkpt>
  <trkpt lat="37.4134664" lon="-121.9945427"><ele>103</ele><time>2026-08-23T18:54:00.774314Z</time></trkpt>
  <trkpt lat="37.4134545" lon="-121.9945509"><ele>103</ele><time>2026-08-23T18:54:00.874769Z</time></trkpt>
  <trkpt lat="37.4134414" lon="-121.9945568"><ele>104</ele><time>2026-08-23T18:54:00.974886Z</time></trkpt>
  <trkpt lat="37.4134275" lon="-121.9945606"><ele>104</ele><time>2026-08-23T18:54:01.075580Z</time></trkpt>
  <trkpt lat="37.4134131" lon="-121.9945627"><ele>105</ele><time>2026-08-23T18:54:01.175756Z</time></trkpt>
  <trkpt lat="37.4133984" lon="-121.9945633"><ele>105</ele><time>2026-08-23T18:54:01.276191Z</time></trkpt>
  <trkpt lat="37.4133835" lon="-121.9945632"><ele>106</ele><time>2026-08-23T18:54:01.377194Z</time></trkpt>
  <trkpt lat="37.4133682" lon="-121.9945632"><ele>106</ele><time>2026-08-23T18:54:01.478200Z</time></trkpt>
  <trkpt lat="37.4133529" lon="-121.9945632"><ele>106</ele><time>2026-08-23T18:54:01.579035Z</time></trkpt>
  <trkpt lat="37.4133370" lon="-121.9945634"><ele>106</ele><time>2026-08-23T18:54:01.678446Z</time></trkpt>
  <trkpt lat="37.4133208" lon="-121.9945639"><ele>106</ele><time>2026-08-23T18:54:01.779594Z</time></trkpt>
  <trkpt lat="37.4133044" lon="-121.9945644"><ele>107</ele><time>2026-08-23T18:54:01.879677Z</time></trkpt>
  <trkpt lat="37.4133044" lon="-121.9945644"><ele>107</ele><time>2026-08-23T18:54:01.936930Z</time></trkpt>
  <trkpt lat="37.4132877" lon="-121.9945650"><ele>107</ele><time>2026-08-23T18:54:01.980311Z</time></trkpt>
  <trkpt lat="37.4132705" lon="-121.9945659"><ele>107</ele><time>2026-08-23T18:54:02.080796Z</time></trkpt>
  <trkpt lat="37.4132534" lon="-121.9945670"><ele>107</ele><time>2026-08-23T18:54:02.161475Z</time></trkpt>
  <trkpt lat="37.4132361" lon="-121.9945683"><ele>107</ele><time>2026-08-23T18:54:02.282668Z</time></trkpt>
  <trkpt lat="37.4132184" lon="-121.9945699"><ele>107</ele><time>2026-08-23T18:54:02.363105Z</time></trkpt>
  <trkpt lat="37.4132007" lon="-121.9945716"><ele>107</ele><time>2026-08-23T18:54:02.464349Z</time></trkpt>
  <trkpt lat="37.4131829" lon="-121.9945737"><ele>108</ele><time>2026-08-23T18:54:02.565163Z</time></trkpt>
  <trkpt lat="37.4131649" lon="-121.9945759"><ele>108</ele><time>2026-08-23T18:54:02.666073Z</time></trkpt>
  <trkpt lat="37.4131467" lon="-121.9945783"><ele>108</ele><time>2026-08-23T18:54:02.766766Z</time></trkpt>
  <trkpt lat="37.4131285" lon="-121.9945809"><ele>108</ele><time>2026-08-23T18:54:02.867436Z</time></trkpt>
  <trkpt lat="37.4131101" lon="-121.9945837"><ele>108</ele><time>2026-08-23T18:54:02.967636Z</time></trkpt>
  <trkpt lat="37.4130915" lon="-121.9945866"><ele>108</ele><time>2026-08-23T18:54:03.068640Z</time></trkpt>
  <trkpt lat="37.4130735" lon="-121.9945891"><ele>108</ele><time>2026-08-23T18:54:03.169026Z</time></trkpt>
  <trkpt lat="37.4130558" lon="-121.9945904"><ele>108</ele><time>2026-08-23T18:54:03.269455Z</time></trkpt>
  <trkpt lat="37.4130377" lon="-121.9945922"><ele>108</ele><time>2026-08-23T18:54:03.370283Z</time></trkpt>
  <trkpt lat="37.4130203" lon="-121.9945946"><ele>108</ele><time>2026-08-23T18:54:03.471049Z</time></trkpt>
  <trkpt lat="37.4130037" lon="-121.9945975"><ele>107</ele><time>2026-08-23T18:54:03.571451Z</time></trkpt>
  <trkpt lat="37.4129882" lon="-121.9946018"><ele>107</ele><time>2026-08-23T18:54:03.672477Z</time></trkpt>
  <trkpt lat="37.4129745" lon="-121.9946092"><ele>107</ele><time>2026-08-23T18:54:03.773008Z</time></trkpt>
  <trkpt lat="37.4129625" lon="-121.9946186"><ele>106</ele><time>2026-08-23T18:54:03.873536Z</time></trkpt>
  <trkpt lat="37.4129521" lon="-121.9946289"><ele>106</ele><time>2026-08-23T18:54:03.973868Z</time></trkpt>
  <trkpt lat="37.4129435" lon="-121.9946397"><ele>105</ele><time>2026-08-23T18:54:04.074251Z</time></trkpt>
  <trkpt lat="37.4129435" lon="-121.9946397"><ele>105</ele><time>2026-08-23T18:54:04.078369Z</time></trkpt>
  <trkpt lat="37.4129365" lon="-121.9946529"><ele>104</ele><time>2026-08-23T18:54:04.174993Z</time></trkpt>
  <trkpt lat="37.4129311" lon="-121.9946674"><ele>104</ele><time>2026-08-23T18:54:04.275458Z</time></trkpt>
  <trkpt lat="37.4129281" lon="-121.9946826"><ele>103</ele><time>2026-08-23T18:54:04.376539Z</time></trkpt>
  <trkpt lat="37.4129282" lon="-121.9946976"><ele>103</ele><time>2026-08-23T18:54:04.477031Z</time></trkpt>
  <trkpt lat="37.4129308" lon="-121.9947120"><ele>102</ele><time>2026-08-23T18:54:04.577308Z</time></trkpt>
  <trkpt lat="37.4129355" lon="-121.9947254"><ele>101</ele><time>2026-08-23T18:54:04.658185Z</time></trkpt>
  <trkpt lat="37.4129440" lon="-121.9947372"><ele>101</ele><time>2026-08-23T18:54:04.758613Z</time></trkpt>
  <trkpt lat="37.4129571" lon="-121.9947445"><ele>100</ele><time>2026-08-23T18:54:04.859784Z</time></trkpt>
  <trkpt lat="37.4129731" lon="-121.9947479"><ele>99</ele><time>2026-08-23T18:54:04.960565Z</time></trkpt>
  <trkpt lat="37.4129908" lon="-121.9947478"><ele>99</ele><time>2026-08-23T18:54:05.061246Z</time></trkpt>
  <trkpt lat="37.4130064" lon="-121.9947439"><ele>98</ele><time>2026-08-23T18:54:05.162214Z</time></trkpt>
  <trkpt lat="37.4130200" lon="-121.9947355"><ele>98</ele><time>2026-08-23T18:54:05.263250Z</time></trkpt>
  <trkpt lat="37.4130308" lon="-121.9947236"><ele>98</ele><time>2026-08-23T18:54:05.364151Z</time></trkpt>
  <trkpt lat="37.4130395" lon="-121.9947096"><ele>98</ele><time>2026-08-23T18:54:05.464869Z</time></trkpt>
  <trkpt lat="37.4130471" lon="-121.9946926"><ele>98</ele><time>2026-08-23T18:54:05.565440Z</time></trkpt>
  <trkpt lat="37.4130513" lon="-121.9946733"><ele>98</ele><time>2026-08-23T18:54:05.666033Z</time></trkpt>
  <trkpt lat="37.4130521" lon="-121.9946526"><ele>98</ele><time>2026-08-23T18:54:05.765658Z</time></trkpt>
  <trkpt lat="37.4130509" lon="-121.9946310"><ele>98</ele><time>2026-08-23T18:54:05.866207Z</time></trkpt>
  <trkpt lat="37.4130502" lon="-121.9946090"><ele>98</ele><time>2026-08-23T18:54:05.966414Z</time></trkpt>
  <trkpt lat="37.4130498" lon="-121.9945867"><ele>98</ele><time>2026-08-23T18:54:06.067365Z</time></trkpt>
  <trkpt lat="37.4130463" lon="-121.9945640"><ele>98</ele><time>2026-08-23T18:54:06.168159Z</time></trkpt>
  <trkpt lat="37.4130463" lon="-121.9945640"><ele>98</ele><time>2026-08-23T18:54:06.229192Z</time></trkpt>
  <trkpt lat="37.4130403" lon="-121.9945400"><ele>98</ele><time>2026-08-23T18:54:06.269067Z</time></trkpt>
  <trkpt lat="37.4130334" lon="-121.9945160"><ele>97</ele><time>2026-08-23T18:54:06.369613Z</time></trkpt>
  <trkpt lat="37.4130247" lon="-121.9944935"><ele>97</ele><time>2026-08-23T18:54:06.470164Z</time></trkpt>
  <trkpt lat="37.4130182" lon="-121.9944717"><ele>96</ele><time>2026-08-23T18:54:06.570385Z</time></trkpt>
  <trkpt lat="37.4130109" lon="-121.9944507"><ele>95</ele><time>2026-08-23T18:54:06.670820Z</time></trkpt>
  <trkpt lat="37.4130022" lon="-121.9944299"><ele>94</ele><time>2026-08-23T18:54:06.771753Z</time></trkpt>
  <trkpt lat="37.4129894" lon="-121.9944118"><ele>94</ele><time>2026-08-23T18:54:06.871945Z</time></trkpt>
  <trkpt lat="37.4129756" lon="-121.9943932"><ele>93</ele><time>2026-08-23T18:54:06.972855Z</time></trkpt>
  <trkpt lat="37.4129642" lon="-121.9943715"><ele>93</ele><time>2026-08-23T18:54:07.073763Z</time></trkpt>
  <trkpt lat="37.4129559" lon="-121.9943479"><ele>92</ele><time>2026-08-23T18:54:07.173988Z</time></trkpt>
  <trkpt lat="37.4129493" lon="-121.9943240"><ele>93</ele><time>2026-08-23T18:54:07.274489Z</time></trkpt>
  <trkpt lat="37.4129471" lon="-121.9943014"><ele>93</ele><time>2026-08-23T18:54:07.354977Z</time></trkpt>
  <trkpt lat="37.4129498" lon="-121.9942803"><ele>94</ele><time>2026-08-23T18:54:07.475923Z</time></trkpt>
  <trkpt lat="37.4129519" lon="-121.9942600"><ele>94</ele><time>2026-08-23T18:54:07.556535Z</time></trkpt>
  <trkpt lat="37.4129551" lon="-121.9942403"><ele>95</ele><time>2026-08-23T18:54:07.657161Z</time></trkpt>
  <trkpt lat="37.4129620" lon="-121.9942220"><ele>95</ele><time>2026-08-23T18:54:07.757595Z</time></trkpt>
  <trkpt lat="37.4129713" lon="-121.9942052"><ele>96</ele><time>2026-08-23T18:54:07.858602Z</time></trkpt>
  <trkpt lat="37.4129825" lon="-121.9941915"><ele>96</ele><time>2026-08-23T18:54:07.958968Z</time></trkpt>
  <trkpt lat="37.4129915" lon="-121.9941769"><ele>96</ele><time>2026-08-23T18:54:08.059718Z</time></trkpt>
  <trkpt lat="37.4130004" lon="-121.9941603"><ele>96</ele><time>2026-08-23T18:54:08.160556Z</time></trkpt>
  <trkpt lat="37.4130116" lon="-121.9941450"><ele>96</ele><time>2026-08-23T18:54:08.261319Z</time></trkpt>
  <trkpt lat="37.4130239" lon="-121.9941355"><ele>97</ele><time>2026-08-23T18:54:08.361887Z</time></trkpt>
  <trkpt lat="37.4130239" lon="-121.9941355"><ele>97</ele><time>2026-08-23T18:54:08.376528Z</time></trkpt>
  <trkpt lat="37.4130347" lon="-121.9941275"><ele>98</ele><time>2026-08-23T18:54:08.462514Z</time></trkpt>
  <trkpt lat="37.4130442" lon="-121.9941162"><ele>98</ele><time>2026-08-23T18:54:08.563319Z</time></trkpt>
  <trkpt lat="37.4130546" lon="-121.9941036"><ele>98</ele><time>2026-08-23T18:54:08.663698Z</time></trkpt>
  <trkpt lat="37.4130655" lon="-121.9940960"><ele>98</ele><time>2026-08-23T18:54:08.764309Z</time></trkpt>
  <trkpt lat="37.4130766" lon="-121.9940933"><ele>99</ele><time>2026-08-23T18:54:08.865013Z</time></trkpt>
  <trkpt lat="37.4130877" lon="-121.9940880"><ele>99</ele><time>2026-08-23T18:54:08.965481Z</time></trkpt>
  <trkpt lat="37.4130998" lon="-121.9940816"><ele>99</ele><time>2026-08-23T18:54:09.065980Z</time></trkpt>
  <trkpt lat="37.4131122" lon="-121.9940785"><ele>100</ele><time>2026-08-23T18:54:09.166175Z</time></trkpt>
  <trkpt lat="37.4131239" lon="-121.9940799"><ele>100</ele><time>2026-08-23T18:54:09.266778Z</time></trkpt>
  <trkpt lat="37.4131363" lon="-121.9940834"><ele>100</ele><time>2026-08-23T18:54:09.366950Z</time></trkpt>
  <trkpt lat="37.4131507" lon="-121.9940844"><ele>99</ele><time>2026-08-23T18:54:09.467225Z</time></trkpt>
  <trkpt lat="37.4131645" lon="-121.9940851"><ele>99</ele><time>2026-08-23T18:54:09.568283Z</time></trkpt>
  <trkpt lat="37.4131754" lon="-121.9940900"><ele>99</ele><time>2026-08-23T18:54:09.668653Z</time></trkpt>
  <trkpt lat="37.4131840" lon="-121.9940993"><ele>100</ele><time>2026-08-23T18:54:09.769084Z</time></trkpt>
  <trkpt lat="37.4131948" lon="-121.9941066"><ele>99</ele><time>2026-08-23T18:54:09.869881Z</time></trkpt>
  <trkpt lat="37.4132069" lon="-121.9941105"><ele>99</ele><time>2026-08-23T18:54:09.970335Z</time></trkpt>
  <trkpt lat="37.4132195" lon="-121.9941139"><ele>98</ele><time>2026-08-23T18:54:10.071717Z</time></trkpt>
  <trkpt lat="37.4132316" lon="-121.9941175"><ele>98</ele><time>2026-08-23T18:54:10.152233Z</time></trkpt>
  <trkpt lat="37.4132425" lon="-121.9941256"><ele>97</ele><time>2026-08-23T18:54:10.253015Z</time></trkpt>
  <trkpt lat="37.4132537" lon="-121.9941354"><ele>97</ele><time>2026-08-23T18:54:10.354344Z</time></trkpt>
  <trkpt lat="37.4132648" lon="-121.9941439"><ele>97</ele><time>2026-08-23T18:54:10.455129Z</time></trkpt>
  <trkpt lat="37.4132648" lon="-121.9941439"><ele>97</ele><time>2026-08-23T18:54:10.526268Z</time></trkpt>
  <trkpt lat="37.4132747" lon="-121.9941537"><ele>97</ele><time>2026-08-23T18:54:10.555993Z</time></trkpt>
  <trkpt lat="37.4132820" lon="-121.9941658"><ele>97</ele><time>2026-08-23T18:54:10.656828Z</time></trkpt>
  <trkpt lat="37.4132875" lon="-121.9941793"><ele>98</ele><time>2026-08-23T18:54:10.757718Z</time></trkpt>
  <trkpt lat="37.4132935" lon="-121.9941914"><ele>98</ele><time>2026-08-23T18:54:10.858407Z</time></trkpt>
  <trkpt lat="37.4133002" lon="-121.9942031"><ele>98</ele><time>2026-08-23T18:54:10.959054Z</time></trkpt>
  <trkpt lat="37.4133061" lon="-121.9942167"><ele>98</ele><time>2026-08-23T18:54:11.059854Z</time></trkpt>
  <trkpt lat="37.4133099" lon="-121.9942313"><ele>98</ele><time>2026-08-23T18:54:11.160361Z</time></trkpt>
  <trkpt lat="37.4133124" lon="-121.9942478"><ele>99</ele><time>2026-08-23T18:54:11.261677Z</time></trkpt>
  <trkpt lat="37.4133166" lon="-121.9942638"><ele>99</ele><time>2026-08-23T18:54:11.361817Z</time></trkpt>
  <trkpt lat="37.4133211" lon="-121.9942790"><ele>99</ele><time>2026-08-23T18:54:11.462871Z</time></trkpt>
  <trkpt lat="37.4133242" lon="-121.9942951"><ele>99</ele><time>2026-08-23T18:54:11.564290Z</time></trkpt>
  <trkpt lat="37.4133239" lon="-121.9943117"><ele>98</ele><time>2026-08-23T18:54:11.664659Z</time></trkpt>
  <trkpt lat="37.4133261" lon="-121.9943269"><ele>98</ele><time>2026-08-23T18:54:11.765435Z</time></trkpt>
  <trkpt lat="37.4133293" lon="-121.9943417"><ele>97</ele><time>2026-08-23T18:54:11.866089Z</time></trkpt>
  <trkpt lat="37.4133291" lon="-121.9943594"><ele>98</ele><time>2026-08-23T18:54:11.967278Z</time></trkpt>
  <trkpt lat="37.4133252" lon="-121.9943779"><ele>98</ele><time>2026-08-23T18:54:12.068812Z</time></trkpt>
  <trkpt lat="37.4133199" lon="-121.9943963"><ele>97</ele><time>2026-08-23T18:54:12.169810Z</time></trkpt>
  <trkpt lat="37.4133167" lon="-121.9944138"><ele>97</ele><time>2026-08-23T18:54:12.250255Z</time></trkpt>
  <trkpt lat="37.4133136" lon="-121.9944330"><ele>97</ele><time>2026-08-23T18:54:12.351084Z</time></trkpt>
  <trkpt lat="37.4133110" lon="-121.9944525"><ele>97</ele><time>2026-08-23T18:54:12.451525Z</time></trkpt>
  <trkpt lat="37.4133043" lon="-121.9944695"><ele>96</ele><time>2026-08-23T18:54:12.552729Z</time></trkpt>
  <trkpt lat="37.4132947" lon="-121.9944849"><ele>96</ele><time>2026-08-23T18:54:12.652623Z</time></trkpt>
  <trkpt lat="37.4132947" lon="-121.9944849"><ele>96</ele><time>2026-08-23T18:54:12.675519Z</time></trkpt>
  <trkpt lat="37.4132867" lon="-121.9945003"><ele>95</ele><time>2026-08-23T18:54:12.753382Z</time></trkpt>
  <trkpt lat="37.4132782" lon="-121.9945169"><ele>95</ele><time>2026-08-23T18:54:12.853826Z</time></trkpt>
  <trkpt lat="37.4132694" lon="-121.9945328"><ele>95</ele><time>2026-08-23T18:54:12.954723Z</time></trkpt>
  <trkpt lat="37.4132589" lon="-121.9945463"><ele>95</ele><time>2026-08-23T18:54:13.055088Z</time></trkpt>
  <trkpt lat="37.4132468" lon="-121.9945589"><ele>96</ele><time>2026-08-23T18:54:13.155839Z</time></trkpt>
  <trkpt lat="37.4132344" lon="-121.9945698"><ele>96</ele><time>2026-08-23T18:54:13.256832Z</time></trkpt>
  <trkpt lat="37.4132211" lon="-121.9945790"><ele>97</ele><time>2026-08-23T18:54:13.357541Z</time></trkpt>
  <trkpt lat="37.4132076" lon="-121.9945881"><ele>98</ele><time>2026-08-23T18:54:13.457987Z</time></trkpt>
  <trkpt lat="37.4131949" lon="-121.9945999"><ele>99</ele><time>2026-08-23T18:54:13.558625Z</time></trkpt>
  <trkpt lat="37.4131828" lon="-121.9946106"><ele>99</ele><time>2026-08-23T18:54:13.659359Z</time></trkpt>
  <trkpt lat="37.4131687" lon="-121.9946172"><ele>100</ele><time>2026-08-23T18:54:13.759895Z</time></trkpt>
  <trkpt lat="37.4131555" lon="-121.9946199"><ele>100</ele><time>2026-08-23T18:54:13.860521Z</time></trkpt>
  <trkpt lat="37.4131419" lon="-121.9946209"><ele>101</ele><time>2026-08-23T18:54:13.961040Z</time></trkpt>
  <trkpt lat="37.4131272" lon="-121.9946198"><ele>101</ele><time>2026-08-23T18:54:14.061763Z</time></trkpt>
  <trkpt lat="37.4131121" lon="-121.9946164"><ele>102</ele><time>2026-08-23T18:54:14.162581Z</time></trkpt>
  <trkpt lat="37.4130986" lon="-121.9946094"><ele>102</ele><time>2026-08-23T18:54:14.263115Z</time></trkpt>
  <trkpt lat="37.4130872" lon="-121.9946007"><ele>102</ele><time>2026-08-23T18:54:14.363756Z</time></trkpt>
  <trkpt lat="37.4130753" lon="-121.9945922"><ele>102</ele><time>2026-08-23T18:54:14.464436Z</time></trkpt>
  <trkpt lat="37.4130627" lon="-121.9945861"><ele>102</ele><time>2026-08-23T18:54:14.565445Z</time></trkpt>
  <trkpt lat="37.4130507" lon="-121.9945805"><ele>102</ele><time>2026-08-23T18:54:14.666440Z</time></trkpt>
  <trkpt lat="37.4130393" lon="-121.9945740"><ele>101</ele><time>2026-08-23T18:54:14.767398Z</time></trkpt>
  <trkpt lat="37.4130393" lon="-121.9945740"><ele>101</ele><time>2026-08-23T18:54:14.825981Z</time></trkpt>
  <trkpt lat="37.4130280" lon="-121.9945672"><ele>101</ele><time>2026-08-23T18:54:14.847048Z</time></trkpt>
  <trkpt lat="37.4130180" lon="-121.9945602"><ele>100</ele><time>2026-08-23T18:54:14.947474Z</time></trkpt>
  <trkpt lat="37.4130076" lon="-121.9945530"><ele>99</ele><time>2026-08-23T18:54:15.048099Z</time></trkpt>
  <trkpt lat="37.4129951" lon="-121.9945471"><ele>99</ele><time>2026-08-23T18:54:15.148909Z</time></trkpt>
  <trkpt lat="37.4129809" lon="-121.9945427"><ele>100</ele><time>2026-08-23T18:54:15.249203Z</time></trkpt>
  <trkpt lat="37.4129660" lon="-121.9945395"><ele>100</ele><time>2026-08-23T18:54:15.349797Z</time></trkpt>
  <trkpt lat="37.4129502" lon="-121.9945383"><ele>100</ele><time>2026-08-23T18:54:15.450014Z</time></trkpt>
  <trkpt lat="37.4129337" lon="-121.9945399"><ele>101</ele><time>2026-08-23T18:54:15.550421Z</time></trkpt>
  <trkpt lat="37.4129177" lon="-121.9945439"><ele>103</ele><time>2026-08-23T18:54:15.651121Z</time></trkpt>
  <trkpt lat="37.4129037" lon="-121.9945501"><ele>103</ele><time>2026-08-23T18:54:15.751461Z</time></trkpt>
  <trkpt lat="37.4128909" lon="-121.9945587"><ele>104</ele><time>2026-08-23T18:54:15.852264Z</time></trkpt>
  <trkpt lat="37.4128796" lon="-121.9945698"><ele>105</ele><time>2026-08-23T18:54:15.953099Z</time></trkpt>
  <trkpt lat="37.4128703" lon="-121.9945834"><ele>105</ele><time>2026-08-23T18:54:16.053470Z</time></trkpt>
  <trkpt lat="37.4128630" lon="-121.9945982"><ele>106</ele><time>2026-08-23T18:54:16.153849Z</time></trkpt>
  <trkpt lat="37.4128584" lon="-121.9946141"><ele>106</ele><time>2026-08-23T18:54:16.254400Z</time></trkpt>
  <trkpt lat="37.4128575" lon="-121.9946301"><ele>106</ele><time>2026-08-23T18:54:16.354592Z</time></trkpt>
  <trkpt lat="37.4128593" lon="-121.9946459"><ele>106</ele><time>2026-08-23T18:54:16.455277Z</time></trkpt>
  <trkpt lat="37.4128633" lon="-121.9946609"><ele>107</ele><time>2026-08-23T18:54:16.556212Z</time></trkpt>
  <trkpt lat="37.4128689" lon="-121.9946755"><ele>107</ele><time>2026-08-23T18:54:16.657203Z</time></trkpt>
  <trkpt lat="37.4128734" lon="-121.9946909"><ele>107</ele><time>2026-08-23T18:54:16.757789Z</time></trkpt>
  <trkpt lat="37.4128757" lon="-121.9947076"><ele>107</ele><time>2026-08-23T18:54:16.859017Z</time></trkpt>
  <trkpt lat="37.4128782" lon="-121.9947243"><ele>106</ele><time>2026-08-23T18:54:16.960012Z</time></trkpt>
  <trkpt lat="37.4128782" lon="-121.9947243"><ele>106</ele><time>2026-08-23T18:54:16.977357Z</time></trkpt>
  <trkpt lat="37.4128845" lon="-121.9947386"><ele>106</ele><time>2026-08-23T18:54:17.060172Z</time></trkpt>
  <trkpt lat="37.4128939" lon="-121.9947502"><ele>105</ele><time>2026-08-23T18:54:17.160383Z</time></trkpt>
  <trkpt lat="37.4129046" lon="-121.9947603"><ele>105</ele><time>2026-08-23T18:54:17.261450Z</time></trkpt>
  <trkpt lat="37.4129132" lon="-121.9947715"><ele>104</ele><time>2026-08-23T18:54:17.362167Z</time></trkpt>
  <trkpt lat="37.4129214" lon="-121.9947833"><ele>103</ele><time>2026-08-23T18:54:17.462495Z</time></trkpt>
  <trkpt lat="37.4129327" lon="-121.9947948"><ele>103</ele><time>2026-08-23T18:54:17.563206Z</time></trkpt>
  <trkpt lat="37.4129443" lon="-121.9948044"><ele>103</ele><time>2026-08-23T18:54:17.643654Z</time></trkpt>
  <trkpt lat="37.4129568" lon="-121.9948124"><ele>102</ele><time>2026-08-23T18:54:17.744321Z</time></trkpt>
  <trkpt lat="37.4129692" lon="-121.9948197"><ele>101</ele><time>2026-08-23T18:54:17.844549Z</time></trkpt>
  <trkpt lat="37.4129829" lon="-121.9948266"><ele>101</ele><time>2026-08-23T18:54:17.944906Z</time></trkpt>
  <trkpt lat="37.4129972" lon="-121.9948373"><ele>101</ele><time>2026-08-23T18:54:18.046290Z</time></trkpt>
  <trkpt lat="37.4130108" lon="-121.9948473"><ele>100</ele><time>2026-08-23T18:54:18.146688Z</time></trkpt>
  <trkpt lat="37.4130247" lon="-121.9948569"><ele>100</ele><time>2026-08-23T18:54:18.246446Z</time></trkpt>
  <trkpt lat="37.4130372" lon="-121.9948678"><ele>100</ele><time>2026-08-23T18:54:18.346798Z</time></trkpt>
  <trkpt lat="37.4130491" lon="-121.9948826"><ele>100</ele><time>2026-08-23T18:54:18.448004Z</time></trkpt>
  <trkpt lat="37.4130616" lon="-121.9948986"><ele>100</ele><time>2026-08-23T18:54:18.548590Z</time></trkpt>
  <trkpt lat="37.4130733" lon="-121.9949141"><ele>99</ele><time>2026-08-23T18:54:18.650679Z</time></trkpt>
  <trkpt lat="37.4130845" lon="-121.9949295"><ele>98</ele><time>2026-08-23T18:54:18.751585Z</time></trkpt>
  <trkpt lat="37.4130959" lon="-121.9949457"><ele>98</ele><time>2026-08-23T18:54:18.852330Z</time></trkpt>
  <trkpt lat="37.4131073" lon="-121.9949615"><ele>98</ele><time>2026-08-23T18:54:18.952867Z</time></trkpt>
  <trkpt lat="37.4131180" lon="-121.9949761"><ele>99</ele><time>2026-08-23T18:54:19.053227Z</time></trkpt>
  <trkpt lat="37.4131180" lon="-121.9949761"><ele>99</ele><time>2026-08-23T18:54:19.131030Z</time></trkpt>
  <trkpt lat="37.4131287" lon="-121.9949887"><ele>99</ele><time>2026-08-23T18:54:19.154042Z</time></trkpt>
  <trkpt lat="37.4131386" lon="-121.9949999"><ele>98</ele><time>2026-08-23T18:54:19.254816Z</time></trkpt>
  <trkpt lat="37.4131497" lon="-121.9950120"><ele>97</ele><time>2026-08-23T18:54:19.355315Z</time></trkpt>
  <trkpt lat="37.4131618" lon="-121.9950232"><ele>97</ele><time>2026-08-23T18:54:19.455460Z</time></trkpt>
  <trkpt lat="37.4131743" lon="-121.9950333"><ele>97</ele><time>2026-08-23T18:54:19.556695Z</time></trkpt>
  <trkpt lat="37.4131865" lon="-121.9950429"><ele>97</ele><time>2026-08-23T18:54:19.657321Z</time></trkpt>
  <trkpt lat="37.4131998" lon="-121.9950494"><ele>97</ele><time>2026-08-23T18:54:19.757922Z</time></trkpt>
  <trkpt lat="37.4132123" lon="-121.9950532"><ele>97</ele><time>2026-08-23T18:54:19.859607Z</time></trkpt>
  <trkpt lat="37.4132242" lon="-121.9950537"><ele>97</ele><time>2026-08-23T18:54:19.960293Z</time></trkpt>
  <trkpt lat="37.4132357" lon="-121.9950517"><ele>98</ele><time>2026-08-23T18:54:20.061574Z</time></trkpt>
  <trkpt lat="37.4132467" lon="-121.9950464"><ele>98</ele><time>2026-08-23T18:54:20.141305Z</time></trkpt>
  <trkpt lat="37.4132553" lon="-121.9950394"><ele>99</ele><time>2026-08-23T18:54:20.241702Z</time></trkpt>
  <trkpt lat="37.4132649" lon="-121.9950288"><ele>99</ele><time>2026-08-23T18:54:20.341967Z</time></trkpt>
  <trkpt lat="37.4132756" lon="-121.9950185"><ele>99</ele><time>2026-08-23T18:54:20.442468Z</time></trkpt>
  <trkpt lat="37.4132865" lon="-121.9950083"><ele>100</ele><time>2026-08-23T18:54:20.543626Z</time></trkpt>
  <trkpt lat="37.4132962" lon="-121.9949964"><ele>100</ele><time>2026-08-23T18:54:20.644689Z</time></trkpt>
  <trkpt lat="37.4133018" lon="-121.9949821"><ele>101</ele><time>2026-08-23T18:54:20.745705Z</time></trkpt>
  <trkpt lat="37.4133069" lon="-121.9949653"><ele>101</ele><time>2026-08-23T18:54:20.846045Z</time></trkpt>
  <trkpt lat="37.4133121" lon="-121.9949493"><ele>101</ele><time>2026-08-23T18:54:20.947385Z</time></trkpt>
  <trkpt lat="37.4133185" lon="-121.9949341"><ele>101</ele><time>2026-08-23T18:54:21.048188Z</time></trkpt>
  <trkpt lat="37.4133250" lon="-121.9949171"><ele>101</ele><time>2026-08-23T18:54:21.149093Z</time></trkpt>
  <trkpt lat="37.4133309" lon="-121.9948986"><ele>101</ele><time>2026-08-23T18:54:21.250523Z</time></trkpt>
  <trkpt lat="37.4133309" lon="-121.9948986"><ele>101</ele><time>2026-08-23T18:54:21.280811Z</time></trkpt>
  <trkpt lat="37.4133331" lon="-121.9948789"><ele>101</ele><time>2026-08-23T18:54:21.350616Z</time></trkpt>
  <trkpt lat="37.4133343" lon="-121.9948601"><ele>102</ele><time>2026-08-23T18:54:21.450866Z</time></trkpt>
  <trkpt lat="37.4133353" lon="-121.9948427"><ele>101</ele><time>2026-08-23T18:54:21.551316Z</time></trkpt>
  <trkpt lat="37.4133382" lon="-121.9948267"><ele>101</ele><time>2026-08-23T18:54:21.652182Z</time></trkpt>
  <trkpt lat="37.4133415" lon="-121.9948098"><ele>101</ele><time>2026-08-23T18:54:21.752864Z</time></trkpt>
  <trkpt lat="37.4133433" lon="-121.9947921"><ele>101</ele><time>2026-08-23T18:54:21.853312Z</time></trkpt>
  <trkpt lat="37.4133433" lon="-121.9947744"><ele>101</ele><time>2026-08-23T18:54:21.954117Z</time></trkpt>
  <trkpt lat="37.4133422" lon="-121.9947575"><ele>101</ele><time>2026-08-23T18:54:22.054131Z</time></trkpt>
  <trkpt lat="37.4133421" lon="-121.9947396"><ele>100</ele><time>2026-08-23T18:54:22.154335Z</time></trkpt>
  <trkpt lat="37.4133430" lon="-121.9947208"><ele>100</ele><time>2026-08-23T18:54:22.255468Z</time></trkpt>
  <trkpt lat="37.4133442" lon="-121.9947010"><ele>100</ele><time>2026-08-23T18:54:22.356369Z</time></trkpt>
  <trkpt lat="37.4133436" lon="-121.9946805"><ele>99</ele><time>2026-08-23T18:54:22.457238Z</time></trkpt>
  <trkpt lat="37.4133400" lon="-121.9946615"><ele>99</ele><time>2026-08-23T18:54:22.558600Z</time></trkpt>
  <trkpt lat="37.4133356" lon="-121.9946440"><ele>100</ele><time>2026-08-23T18:54:22.639581Z</time></trkpt>
  <trkpt lat="37.4133312" lon="-121.9946276"><ele>100</ele><time>2026-08-23T18:54:22.740468Z</time></trkpt>
  <trkpt lat="37.4133243" lon="-121.9946134"><ele>101</ele><time>2026-08-23T18:54:22.841014Z</time></trkpt>
  <trkpt lat="37.4133148" lon="-121.9946000"><ele>101</ele><time>2026-08-23T18:54:22.941939Z</time></trkpt>
  <trkpt lat="37.4133047" lon="-121.9945875"><ele>102</ele><time>2026-08-23T18:54:23.042377Z</time></trkpt>
  <trkpt lat="37.4132931" lon="-121.9945780"><ele>102</ele><time>2026-08-23T18:54:23.142856Z</time></trkpt>
  <trkpt lat="37.4132798" lon="-121.9945706"><ele>102</ele><time>2026-08-23T18:54:23.244067Z</time></trkpt>
  <trkpt lat="37.4132639" lon="-121.9945649"><ele>103</ele><time>2026-08-23T18:54:23.344741Z</time></trkpt>
  <trkpt lat="37.4132639" lon="-121.9945649"><ele>103</ele><time>2026-08-23T18:54:23.429924Z</time></trkpt>
  <trkpt lat="37.4132490" lon="-121.9945578"><ele>103</ele><time>2026-08-23T18:54:23.445842Z</time></trkpt>
  <trkpt lat="37.4132335" lon="-121.9945502"><ele>103</ele><time>2026-08-23T18:54:23.546643Z</time></trkpt>
  <trkpt lat="37.4132178" lon="-121.9945433"><ele>103</ele><time>2026-08-23T18:54:23.647062Z</time></trkpt>
  <trkpt lat="37.4132018" lon="-121.9945378"><ele>104</ele><time>2026-08-23T18:54:23.747760Z</time></trkpt>
  <trkpt lat="37.4131868" lon="-121.9945344"><ele>105</ele><time>2026-08-23T18:54:23.847700Z</time></trkpt>
  <trkpt lat="37.4131732" lon="-121.9945311"><ele>105</ele><time>2026-08-23T18:54:23.948191Z</time></trkpt>
  <trkpt lat="37.4131584" lon="-121.9945312"><ele>105</ele><time>2026-08-23T18:54:24.048834Z</time></trkpt>
  <trkpt lat="37.4131428" lon="-121.9945331"><ele>105</ele><time>2026-08-23T18:54:24.149489Z</time></trkpt>
  <trkpt lat="37.4131273" lon="-121.9945351"><ele>104</ele><time>2026-08-23T18:54:24.249502Z</time></trkpt>
  <trkpt lat="37.4131114" lon="-121.9945376"><ele>103</ele><time>2026-08-23T18:54:24.350177Z</time></trkpt>
  <trkpt lat="37.4130954" lon="-121.9945401"><ele>103</ele><time>2026-08-23T18:54:24.451038Z</time></trkpt>
  <trkpt lat="37.4130803" lon="-121.9945417"><ele>101</ele><time>2026-08-23T18:54:24.552624Z</time></trkpt>
  <trkpt lat="37.4130640" lon="-121.9945461"><ele>101</ele><time>2026-08-23T18:54:24.653207Z</time></trkpt>
  <trkpt lat="37.4130486" lon="-121.9945493"><ele>100</ele><time>2026-08-23T18:54:24.753630Z</time></trkpt>
  <trkpt lat="37.4130337" lon="-121.9945534"><ele>98</ele><time>2026-08-23T18:54:24.854000Z</time></trkpt>
  <trkpt lat="37.4130193" lon="-121.9945587"><ele>97</ele><time>2026-08-23T18:54:24.954167Z</time></trkpt>
  <trkpt lat="37.4130051" lon="-121.9945641"><ele>96</ele><time>2026-08-23T18:54:25.054751Z</time></trkpt>
  <trkpt lat="37.4129895" lon="-121.9945688"><ele>94</ele><time>2026-08-23T18:54:25.135066Z</time></trkpt>
  <trkpt lat="37.4129731" lon="-121.9945709"><ele>93</ele><time>2026-08-23T18:54:25.255986Z</time></trkpt>
  <trkpt lat="37.4129555" lon="-121.9945686"><ele>92</ele><time>2026-08-23T18:54:25.336738Z</time></trkpt>
  <trkpt lat="37.4129382" lon="-121.9945612"><ele>91</ele><time>2026-08-23T18:54:25.437223Z</time></trkpt>
  <trkpt lat="37.4129210" lon="-121.9945500"><ele>90</ele><time>2026-08-23T18:54:25.538003Z</time></trkpt>
  <trkpt lat="37.4129210" lon="-121.9945500"><ele>90</ele><time>2026-08-23T18:54:25.582358Z</time></trkpt>
  <trkpt lat="37.4129041" lon="-121.9945371"><ele>90</ele><time>2026-08-23T18:54:25.638794Z</time></trkpt>
  <trkpt lat="37.4128872" lon="-121.9945231"><ele>89</ele><time>2026-08-23T18:54:25.739365Z</time></trkpt>
  <trkpt lat="37.4128700" lon="-121.9945093"><ele>89</ele><time>2026-08-23T18:54:25.839568Z</time></trkpt>
  <trkpt lat="37.4128530" lon="-121.9944955"><ele>88</ele><time>2026-08-23T18:54:25.940175Z</time></trkpt>
  <trkpt lat="37.4128364" lon="-121.9944811"><ele>88</ele><time>2026-08-23T18:54:26.040779Z</time></trkpt>
  <trkpt lat="37.4128203" lon="-121.9944654"><ele>87</ele><time>2026-08-23T18:54:26.142214Z</time></trkpt>
  <trkpt lat="37.4128046" lon="-121.9944488"><ele>87</ele><time>2026-08-23T18:54:26.242970Z</time></trkpt>
  <trkpt lat="37.4127891" lon="-121.9944319"><ele>86</ele><time>2026-08-23T18:54:26.344116Z</time></trkpt>
  <trkpt lat="37.4127737" lon="-121.9944144"><ele>86</ele><time>2026-08-23T18:54:26.444914Z</time></trkpt>
  <trkpt lat="37.4127586" lon="-121.9943964"><ele>85</ele><time>2026-08-23T18:54:26.545483Z</time></trkpt>
  <trkpt lat="37.4127437" lon="-121.9943781"><ele>84</ele><time>2026-08-23T18:54:26.645836Z</time></trkpt>
  <trkpt lat="37.4127290" lon="-121.9943597"><ele>84</ele><time>2026-08-23T18:54:26.746981Z</time></trkpt>
  <trkpt lat="37.4127144" lon="-121.9943412"><ele>83</ele><time>2026-08-23T18:54:26.847254Z</time></trkpt>
  <trkpt lat="37.4127002" lon="-121.9943228"><ele>82</ele><time>2026-08-23T18:54:26.948233Z</time></trkpt>
  <trkpt lat="37.4126860" lon="-121.9943047"><ele>81</ele><time>2026-08-23T18:54:27.048793Z</time></trkpt>
  <trkpt lat="37.4126720" lon="-121.9942869"><ele>80</ele><time>2026-08-23T18:54:27.149590Z</time></trkpt>
  <trkpt lat="37.4126583" lon="-121.9942690"><ele>79</ele><time>2026-08-23T18:54:27.250668Z</time></trkpt>
  <trkpt lat="37.4126448" lon="-121.9942508"><ele>78</ele><time>2026-08-23T18:54:27.350961Z</time></trkpt>
  <trkpt lat="37.4126315" lon="-121.9942326"><ele>77</ele><time>2026-08-23T18:54:27.451955Z</time></trkpt>
  <trkpt lat="37.4126185" lon="-121.9942144"><ele>76</ele><time>2026-08-23T18:54:27.532684Z</time></trkpt>
  <trkpt lat="37.4126058" lon="-121.9941959"><ele>74</ele><time>2026-08-23T18:54:27.634004Z</time></trkpt>
  <trkpt lat="37.4126058" lon="-121.9941959"><ele>74</ele><time>2026-08-23T18:54:27.721053Z</time></trkpt>
  <trkpt lat="37.4125932" lon="-121.9941777"><ele>73</ele><time>2026-08-23T18:54:27.735129Z</time></trkpt>
  <trkpt lat="37.4125809" lon="-121.9941595"><ele>71</ele><time>2026-08-23T18:54:27.835621Z</time></trkpt>
  <trkpt lat="37.4125688" lon="-121.9941415"><ele>70</ele><time>2026-08-23T18:54:27.935911Z</time></trkpt>
  <trkpt lat="37.4125570" lon="-121.9941234"><ele>68</ele><time>2026-08-23T18:54:28.036411Z</time></trkpt>
  <trkpt lat="37.4125453" lon="-121.9941052"><ele>67</ele><time>2026-08-23T18:54:28.136671Z</time></trkpt>
  <trkpt lat="37.4125339" lon="-121.9940871"><ele>65</ele><time>2026-08-23T18:54:28.236712Z</time></trkpt>
  <trkpt lat="37.4125227" lon="-121.9940690"><ele>64</ele><time>2026-08-23T18:54:28.337303Z</time></trkpt>
  <trkpt lat="37.4125118" lon="-121.9940511"><ele>62</ele><time>2026-08-23T18:54:28.437912Z</time></trkpt>
  <trkpt lat="37.4125014" lon="-121.9940325"><ele>60</ele><time>2026-08-23T18:54:28.538788Z</time></trkpt>
  <trkpt lat="37.4124929" lon="-121.9940115"><ele>58</ele><time>2026-08-23T18:54:28.639687Z</time></trkpt>
  <trkpt lat="37.4124875" lon="-121.9939874"><ele>57</ele><time>2026-08-23T18:54:28.740467Z</time></trkpt>
  <trkpt lat="37.4124871" lon="-121.9939603"><ele>55</ele><time>2026-08-23T18:54:28.840996Z</time></trkpt>
  <trkpt lat="37.4124903" lon="-121.9939323"><ele>54</ele><time>2026-08-23T18:54:28.941767Z</time></trkpt>
  <trkpt lat="37.4124958" lon="-121.9939052"><ele>53</ele><time>2026-08-23T18:54:29.042652Z</time></trkpt>
  <trkpt lat="37.4125032" lon="-121.9938797"><ele>52</ele><time>2026-08-23T18:54:29.143611Z</time></trkpt>
  <trkpt lat="37.4125128" lon="-121.9938557"><ele>51</ele><time>2026-08-23T18:54:29.244729Z</time></trkpt>
  <trkpt lat="37.4125243" lon="-121.9938325"><ele>50</ele><time>2026-08-23T18:54:29.346374Z</time></trkpt>
  <trkpt lat="37.4125380" lon="-121.9938104"><ele>49</ele><time>2026-08-23T18:54:29.446727Z</time></trkpt>
  <trkpt lat="37.4125526" lon="-121.9937922"><ele>48</ele><time>2026-08-23T18:54:29.547208Z</time></trkpt>
  <trkpt lat="37.4125677" lon="-121.9937795"><ele>47</ele><time>2026-08-23T18:54:29.647760Z</time></trkpt>
  <trkpt lat="37.4125835" lon="-121.9937695"><ele>46</ele><time>2026-08-23T18:54:29.748414Z</time></trkpt>
  <trkpt lat="37.4125999" lon="-121.9937611"><ele>45</ele><time>2026-08-23T18:54:29.848948Z</time></trkpt>
  <trkpt lat="37.4125999" lon="-121.9937611"><ele>45</ele><time>2026-08-23T18:54:29.870033Z</time></trkpt>
  <trkpt lat="37.4126168" lon="-121.9937537"><ele>45</ele><time>2026-08-23T18:54:29.929922Z</time></trkpt>
  <trkpt lat="37.4126341" lon="-121.9937467"><ele>45</ele><time>2026-08-23T18:54:30.030833Z</time></trkpt>
  <trkpt lat="37.4126501" lon="-121.9937410"><ele>46</ele><time>2026-08-23T18:54:30.130411Z</time></trkpt>
  <trkpt lat="37.4126645" lon="-121.9937361"><ele>47</ele><time>2026-08-23T18:54:30.231159Z</time></trkpt>
  <trkpt lat="37.4126775" lon="-121.9937320"><ele>49</ele><time>2026-08-23T18:54:30.332137Z</time></trkpt>
  <trkpt lat="37.4126898" lon="-121.9937287"><ele>50</ele><time>2026-08-23T18:54:30.433082Z</time></trkpt>
  <trkpt lat="37.4127024" lon="-121.9937253"><ele>52</ele><time>2026-08-23T18:54:30.534145Z</time></trkpt>
  <trkpt lat="37.4127138" lon="-121.9937226"><ele>53</ele><time>2026-08-23T18:54:30.635074Z</time></trkpt>
  <trkpt lat="37.4127252" lon="-121.9937201"><ele>55</ele><time>2026-08-23T18:54:30.735680Z</time></trkpt>
  <trkpt lat="37.4127363" lon="-121.9937180"><ele>56</ele><time>2026-08-23T18:54:30.837134Z</time></trkpt>
  <trkpt lat="37.4127474" lon="-121.9937159"><ele>57</ele><time>2026-08-23T18:54:30.937928Z</time></trkpt>
  <trkpt lat="37.4127581" lon="-121.9937141"><ele>57</ele><time>2026-08-23T18:54:31.039083Z</time></trkpt>
  <trkpt lat="37.4127682" lon="-121.9937129"><ele>59</ele><time>2026-08-23T18:54:31.139120Z</time></trkpt>
  <trkpt lat="37.4127783" lon="-121.9937118"><ele>59</ele><time>2026-08-23T18:54:31.239640Z</time></trkpt>
  <trkpt lat="37.4127880" lon="-121.9937113"><ele>60</ele><time>2026-08-23T18:54:31.340655Z</time></trkpt>
  <trkpt lat="37.4127974" lon="-121.9937112"><ele>61</ele><time>2026-08-23T18:54:31.441209Z</time></trkpt>
  <trkpt lat="37.4128067" lon="-121.9937113"><ele>62</ele><time>2026-08-23T18:54:31.541716Z</time></trkpt>
  <trkpt lat="37.4128157" lon="-121.9937118"><ele>63</ele><time>2026-08-23T18:54:31.642340Z</time></trkpt>
  <trkpt lat="37.4128244" lon="-121.9937126"><ele>64</ele><time>2026-08-23T18:54:31.743219Z</time></trkpt>
  <trkpt lat="37.4128328" lon="-121.9937136"><ele>65</ele><time>2026-08-23T18:54:31.843551Z</time></trkpt>
  <trkpt lat="37.4128409" lon="-121.9937150"><ele>66</ele><time>2026-08-23T18:54:31.943634Z</time></trkpt>
  <trkpt lat="37.4128409" lon="-121.9937150"><ele>66</ele><time>2026-08-23T18:54:32.017373Z</time></trkpt>
  <trkpt lat="37.4128486" lon="-121.9937167"><ele>67</ele><time>2026-08-23T18:54:32.044087Z</time></trkpt>
  <trkpt lat="37.4128563" lon="-121.9937185"><ele>67</ele><time>2026-08-23T18:54:32.145109Z</time></trkpt>
  <trkpt lat="37.4128644" lon="-121.9937203"><ele>68</ele><time>2026-08-23T18:54:32.246047Z</time></trkpt>
  <trkpt lat="37.4128732" lon="-121.9937220"><ele>69</ele><time>2026-08-23T18:54:32.347714Z</time></trkpt>
  <trkpt lat="37.4128824" lon="-121.9937239"><ele>69</ele><time>2026-08-23T18:54:32.427426Z</time></trkpt>
  <trkpt lat="37.4128918" lon="-121.9937260"><ele>69</ele><time>2026-08-23T18:54:32.528107Z</time></trkpt>
  <trkpt lat="37.4129015" lon="-121.9937281"><ele>70</ele><time>2026-08-23T18:54:32.628567Z</time></trkpt>
  <trkpt lat="37.4129113" lon="-121.9937301"><ele>70</ele><time>2026-08-23T18:54:32.729403Z</time></trkpt>
  <trkpt lat="37.4129212" lon="-121.9937322"><ele>70</ele><time>2026-08-23T18:54:32.830105Z</time></trkpt>
  <trkpt lat="37.4129311" lon="-121.9937344"><ele>71</ele><time>2026-08-23T18:54:32.930346Z</time></trkpt>
  <trkpt lat="37.4129409" lon="-121.9937370"><ele>71</ele><time>2026-08-23T18:54:33.031226Z</time></trkpt>
  <trkpt lat="37.4129507" lon="-121.9937398"><ele>71</ele><time>2026-08-23T18:54:33.132027Z</time></trkpt>
  <trkpt lat="37.4129605" lon="-121.9937428"><ele>72</ele><time>2026-08-23T18:54:33.232483Z</time></trkpt>
  <trkpt lat="37.4129704" lon="-121.9937460"><ele>72</ele><time>2026-08-23T18:54:33.332931Z</time></trkpt>
  <trkpt lat="37.4129803" lon="-121.9937495"><ele>73</ele><time>2026-08-23T18:54:33.433488Z</time></trkpt>
  <trkpt lat="37.4129901" lon="-121.9937532"><ele>73</ele><time>2026-08-23T18:54:33.534231Z</time></trkpt>
  <trkpt lat="37.4130001" lon="-121.9937573"><ele>74</ele><time>2026-08-23T18:54:33.634860Z</time></trkpt>
  <trkpt lat="37.4130102" lon="-121.9937616"><ele>74</ele><time>2026-08-23T18:54:33.736077Z</time></trkpt>
  <trkpt lat="37.4130203" lon="-121.9937663"><ele>74</ele><time>2026-08-23T18:54:33.836871Z</time></trkpt>
  <trkpt lat="37.4130305" lon="-121.9937714"><ele>75</ele><time>2026-08-23T18:54:33.937236Z</time></trkpt>
  <trkpt lat="37.4130407" lon="-121.9937771"><ele>75</ele><time>2026-08-23T18:54:34.037631Z</time></trkpt>
  <trkpt lat="37.4130510" lon="-121.9937830"><ele>75</ele><time>2026-08-23T18:54:34.138180Z</time></trkpt>
  <trkpt lat="37.4130510" lon="-121.9937830"><ele>75</ele><time>2026-08-23T18:54:34.176124Z</time></trkpt>
  <trkpt lat="37.4130613" lon="-121.9937892"><ele>75</ele><time>2026-08-23T18:54:34.239820Z</time></trkpt>
  <trkpt lat="37.4130719" lon="-121.9937956"><ele>76</ele><time>2026-08-23T18:54:34.340562Z</time></trkpt>
  <trkpt lat="37.4130826" lon="-121.9938021"><ele>76</ele><time>2026-08-23T18:54:34.440728Z</time></trkpt>
  <trkpt lat="37.4130935" lon="-121.9938087"><ele>76</ele><time>2026-08-23T18:54:34.541445Z</time></trkpt>
  <trkpt lat="37.4131044" lon="-121.9938155"><ele>76</ele><time>2026-08-23T18:54:34.641572Z</time></trkpt>
  <trkpt lat="37.4131156" lon="-121.9938226"><ele>76</ele><time>2026-08-23T18:54:34.743278Z</time></trkpt>
  <trkpt lat="37.4131267" lon="-121.9938300"><ele>76</ele><time>2026-08-23T18:54:34.844312Z</time></trkpt>
  <trkpt lat="37.4131378" lon="-121.9938378"><ele>76</ele><time>2026-08-23T18:54:34.923811Z</time></trkpt>
  <trkpt lat="37.4131490" lon="-121.9938458"><ele>76</ele><time>2026-08-23T18:54:35.024741Z</time></trkpt>
  <trkpt lat="37.4131600" lon="-121.9938542"><ele>77</ele><time>2026-08-23T18:54:35.125293Z</time></trkpt>
  <trkpt lat="37.4131707" lon="-121.9938629"><ele>77</ele><time>2026-08-23T18:54:35.225894Z</time></trkpt>
  <trkpt lat="37.4131812" lon="-121.9938716"><ele>77</ele><time>2026-08-23T18:54:35.326573Z</time></trkpt>
  <trkpt lat="37.4131916" lon="-121.9938804"><ele>77</ele><time>2026-08-23T18:54:35.427087Z</time></trkpt>
  <trkpt lat="37.4132017" lon="-121.9938895"><ele>78</ele><time>2026-08-23T18:54:35.527610Z</time></trkpt>
  <trkpt lat="37.4132118" lon="-121.9938987"><ele>78</ele><time>2026-08-23T18:54:35.628600Z</time></trkpt>
  <trkpt lat="37.4132217" lon="-121.9939081"><ele>78</ele><time>2026-08-23T18:54:35.728965Z</time></trkpt>
  <trkpt lat="37.4132315" lon="-121.9939176"><ele>79</ele><time>2026-08-23T18:54:35.829405Z</time></trkpt>
  <trkpt lat="37.4132413" lon="-121.9939272"><ele>79</ele><time>2026-08-23T18:54:35.929752Z</time></trkpt>
  <trkpt lat="37.4132509" lon="-121.9939369"><ele>79</ele><time>2026-08-23T18:54:36.031196Z</time></trkpt>
  <trkpt lat="37.4132604" lon="-121.9939467"><ele>80</ele><time>2026-08-23T18:54:36.132889Z</time></trkpt>
  <trkpt lat="37.4132695" lon="-121.9939565"><ele>80</ele><time>2026-08-23T18:54:36.233680Z</time></trkpt>
  <trkpt lat="37.4132783" lon="-121.9939662"><ele>81</ele><time>2026-08-23T18:54:36.333919Z</time></trkpt>
  <trkpt lat="37.4132783" lon="-121.9939662"><ele>81</ele><time>2026-08-23T18:54:36.339678Z</time></trkpt>
  <trkpt lat="37.4132868" lon="-121.9939756"><ele>81</ele><time>2026-08-23T18:54:36.434173Z</time></trkpt>
  <trkpt lat="37.4132952" lon="-121.9939850"><ele>82</ele><time>2026-08-23T18:54:36.534865Z</time></trkpt>
  <trkpt lat="37.4133032" lon="-121.9939942"><ele>83</ele><time>2026-08-23T18:54:36.635726Z</time></trkpt>
  <trkpt lat="37.4133112" lon="-121.9940031"><ele>83</ele><time>2026-08-23T18:54:36.736087Z</time></trkpt>
  <trkpt lat="37.4133193" lon="-121.9940119"><ele>84</ele><time>2026-08-23T18:54:36.836562Z</time></trkpt>
  <trkpt lat="37.4133271" lon="-121.9940206"><ele>85</ele><time>2026-08-23T18:54:36.937367Z</time></trkpt>
  <trkpt lat="37.4133347" lon="-121.9940293"><ele>85</ele><time>2026-08-23T18:54:37.037922Z</time></trkpt>
  <trkpt lat="37.4133417" lon="-121.9940384"><ele>86</ele><time>2026-08-23T18:54:37.138536Z</time></trkpt>
  <trkpt lat="37.4133481" lon="-121.9940482"><ele>87</ele><time>2026-08-23T18:54:37.239072Z</time></trkpt>
  <trkpt lat="37.4133537" lon="-121.9940589"><ele>87</ele><time>2026-08-23T18:54:37.339550Z</time></trkpt>
  <trkpt lat="37.4133577" lon="-121.9940712"><ele>88</ele><time>2026-08-23T18:54:37.440129Z</time></trkpt>
  <trkpt lat="37.4133588" lon="-121.9940849"><ele>88</ele><time>2026-08-23T18:54:37.541485Z</time></trkpt>
  <trkpt lat="37.4133572" lon="-121.9940995"><ele>88</ele><time>2026-08-23T18:54:37.621200Z</time></trkpt>
  <trkpt lat="37.4133539" lon="-121.9941145"><ele>88</ele><time>2026-08-23T18:54:37.721678Z</time></trkpt>
  <trkpt lat="37.4133490" lon="-121.9941295"><ele>88</ele><time>2026-08-23T18:54:37.822583Z</time></trkpt>
  <trkpt lat="37.4133418" lon="-121.9941447"><ele>88</ele><time>2026-08-23T18:54:37.922914Z</time></trkpt>
  <trkpt lat="37.4133326" lon="-121.9941595"><ele>88</ele><time>2026-08-23T18:54:38.023493Z</time></trkpt>
  <trkpt lat="37.4133225" lon="-121.9941725"><ele>88</ele><time>2026-08-23T18:54:38.124234Z</time></trkpt>
  <trkpt lat="37.4133113" lon="-121.9941845"><ele>88</ele><time>2026-08-23T18:54:38.224368Z</time></trkpt>
  <trkpt lat="37.4132991" lon="-121.9941958"><ele>87</ele><time>2026-08-23T18:54:38.324985Z</time></trkpt>
  <trkpt lat="37.4132862" lon="-121.9942061"><ele>87</ele><time>2026-08-23T18:54:38.425651Z</time></trkpt>
  <trkpt lat="37.4132862" lon="-121.9942061"><ele>87</ele><time>2026-08-23T18:54:38.490033Z</time></trkpt>
  <trkpt lat="37.4132732" lon="-121.9942158"><ele>87</ele><time>2026-08-23T18:54:38.526527Z</time></trkpt>
  <trkpt lat="37.4132600" lon="-121.9942247"><ele>88</ele><time>2026-08-23T18:54:38.627724Z</time></trkpt>
  <trkpt lat="37.4132465" lon="-121.9942333"><ele>88</ele><time>2026-08-23T18:54:38.728713Z</time></trkpt>
  <trkpt lat="37.4132326" lon="-121.9942419"><ele>88</ele><time>2026-08-23T18:54:38.829450Z</time></trkpt>
  <trkpt lat="37.4132188" lon="-121.9942502"><ele>89</ele><time>2026-08-23T18:54:38.929813Z</time></trkpt>
  <trkpt lat="37.4132048" lon="-121.9942582"><ele>89</ele><time>2026-08-23T18:54:39.030337Z</time></trkpt>
  <trkpt lat="37.4131905" lon="-121.9942661"><ele>89</ele><time>2026-08-23T18:54:39.131397Z</time></trkpt>
  <trkpt lat="37.4131760" lon="-121.9942737"><ele>90</ele><time>2026-08-23T18:54:39.232397Z</time></trkpt>
  <trkpt lat="37.4131613" lon="-121.9942811"><ele>90</ele><time>2026-08-23T18:54:39.333383Z</time></trkpt>
  <trkpt lat="37.4131463" lon="-121.9942884"><ele>90</ele><time>2026-08-23T18:54:39.434746Z</time></trkpt>
  <trkpt lat="37.4131313" lon="-121.9942955"><ele>90</ele><time>2026-08-23T18:54:39.535371Z</time></trkpt>
  <trkpt lat="37.4131163" lon="-121.9943023"><ele>91</ele><time>2026-08-23T18:54:39.635960Z</time></trkpt>
  <trkpt lat="37.4131010" lon="-121.9943089"><ele>91</ele><time>2026-08-23T18:54:39.736553Z</time></trkpt>
  <trkpt lat="37.4130854" lon="-121.9943154"><ele>91</ele><time>2026-08-23T18:54:39.837508Z</time></trkpt>
  <trkpt lat="37.4130699" lon="-121.9943216"><ele>91</ele><time>2026-08-23T18:54:39.938036Z</time></trkpt>
  <trkpt lat="37.4130541" lon="-121.9943278"><ele>92</ele><time>2026-08-23T18:54:40.038459Z</time></trkpt>
  <trkpt lat="37.4130386" lon="-121.9943337"><ele>92</ele><time>2026-08-23T18:54:40.118860Z</time></trkpt>
  <trkpt lat="37.4130234" lon="-121.9943396"><ele>92</ele><time>2026-08-23T18:54:40.239121Z</time></trkpt>
  <trkpt lat="37.4130087" lon="-121.9943449"><ele>92</ele><time>2026-08-23T18:54:40.319884Z</time></trkpt>
  <trkpt lat="37.4129944" lon="-121.9943497"><ele>92</ele><time>2026-08-23T18:54:40.420879Z</time></trkpt>
  <trkpt lat="37.4129808" lon="-121.9943537"><ele>92</ele><time>2026-08-23T18:54:40.521169Z</time></trkpt>
  <trkpt lat="37.4129674" lon="-121.9943572"><ele>93</ele><time>2026-08-23T18:54:40.621215Z</time></trkpt>
  <trkpt lat="37.4129674" lon="-121.9943572"><ele>93</ele><time>2026-08-23T18:54:40.632306Z</time></trkpt>
  <trkpt lat="37.4129550" lon="-121.9943592"><ele>93</ele><time>2026-08-23T18:54:40.722112Z</time></trkpt>
  <trkpt lat="37.4129429" lon="-121.9943592"><ele>94</ele><time>2026-08-23T18:54:40.822723Z</time></trkpt>
  <trkpt lat="37.4129309" lon="-121.9943577"><ele>94</ele><time>2026-08-23T18:54:40.923248Z</time></trkpt>
  <trkpt lat="37.4129192" lon="-121.9943551"><ele>95</ele><time>2026-08-23T18:54:41.024185Z</time></trkpt>
  <trkpt lat="37.4129076" lon="-121.9943515"><ele>95</ele><time>2026-08-23T18:54:41.124809Z</time></trkpt>
  <trkpt lat="37.4128964" lon="-121.9943470"><ele>95</ele><time>2026-08-23T18:54:41.224992Z</time></trkpt>
  <trkpt lat="37.4128860" lon="-121.9943418"><ele>96</ele><time>2026-08-23T18:54:41.325657Z</time></trkpt>
  <trkpt lat="37.4128758" lon="-121.9943363"><ele>96</ele><time>2026-08-23T18:54:41.426481Z</time></trkpt>
  <trkpt lat="37.4128663" lon="-121.9943302"><ele>96</ele><time>2026-08-23T18:54:41.527007Z</time></trkpt>
  <trkpt lat="37.4128575" lon="-121.9943234"><ele>96</ele><time>2026-08-23T18:54:41.627940Z</time></trkpt>
  <trkpt lat="37.4128492" lon="-121.9943159"><ele>95</ele><time>2026-08-23T18:54:41.727920Z</time></trkpt>
  <trkpt lat="37.4128418" lon="-121.9943080"><ele>95</ele><time>2026-08-23T18:54:41.828395Z</time></trkpt>
  <trkpt lat="37.4128346" lon="-121.9942997"><ele>95</ele><time>2026-08-23T18:54:41.928923Z</time></trkpt>
  <trkpt lat="37.4128281" lon="-121.9942912"><ele>95</ele><time>2026-08-23T18:54:42.029195Z</time></trkpt>
  <trkpt lat="37.4128219" lon="-121.9942825"><ele>94</ele><time>2026-08-23T18:54:42.129980Z</time></trkpt>
  <trkpt lat="37.4128165" lon="-121.9942735"><ele>93</ele><time>2026-08-23T18:54:42.230179Z</time></trkpt>
  <trkpt lat="37.4128122" lon="-121.9942641"><ele>93</ele><time>2026-08-23T18:54:42.331334Z</time></trkpt>
  <trkpt lat="37.4128088" lon="-121.9942546"><ele>92</ele><time>2026-08-23T18:54:42.431745Z</time></trkpt>
  <trkpt lat="37.4128057" lon="-121.9942453"><ele>91</ele><time>2026-08-23T18:54:42.533172Z</time></trkpt>
  <trkpt lat="37.4128029" lon="-121.9942362"><ele>90</ele><time>2026-08-23T18:54:42.634427Z</time></trkpt>
  <trkpt lat="37.4128004" lon="-121.9942276"><ele>89</ele><time>2026-08-23T18:54:42.735903Z</time></trkpt>
  <trkpt lat="37.4128004" lon="-121.9942276"><ele>89</ele><time>2026-08-23T18:54:42.783287Z</time></trkpt>
  <trkpt lat="37.4127990" lon="-121.9942198"><ele>88</ele><time>2026-08-23T18:54:42.816532Z</time></trkpt>
  <trkpt lat="37.4127993" lon="-121.9942127"><ele>87</ele><time>2026-08-23T18:54:42.916936Z</time></trkpt>
  <trkpt lat="37.4128003" lon="-121.9942064"><ele>86</ele><time>2026-08-23T18:54:43.017690Z</time></trkpt>
  <trkpt lat="37.4128022" lon="-121.9942011"><ele>85</ele><time>2026-08-23T18:54:43.118648Z</time></trkpt>
  <trkpt lat="37.4128050" lon="-121.9941973"><ele>84</ele><time>2026-08-23T18:54:43.219390Z</time></trkpt>
  <trkpt lat="37.4128094" lon="-121.9941954"><ele>83</ele><time>2026-08-23T18:54:43.319879Z</time></trkpt>
  <trkpt lat="37.4128145" lon="-121.9941947"><ele>82</ele><time>2026-08-23T18:54:43.420396Z</time></trkpt>
  <trkpt lat="37.4128197" lon="-121.9941947"><ele>80</ele><time>2026-08-23T18:54:43.520880Z</time></trkpt>
  <trkpt lat="37.4128249" lon="-121.9941962"><ele>80</ele><time>2026-08-23T18:54:43.621498Z</time></trkpt>
  <trkpt lat="37.4128310" lon="-121.9941994"><ele>79</ele><time>2026-08-23T18:54:43.721691Z</time></trkpt>
  <trkpt lat="37.4128370" lon="-121.9942039"><ele>78</ele><time>2026-08-23T18:54:43.821980Z</time></trkpt>
  <trkpt lat="37.4128430" lon="-121.9942087"><ele>77</ele><time>2026-08-23T18:54:43.922770Z</time></trkpt>
  <trkpt lat="37.4128488" lon="-121.9942144"><ele>76</ele><time>2026-08-23T18:54:44.023584Z</time></trkpt>
  <trkpt lat="37.4128544" lon="-121.9942215"><ele>75</ele><time>2026-08-23T18:54:44.124014Z</time></trkpt>
  <trkpt lat="37.4128598" lon="-121.9942296"><ele>75</ele><time>2026-08-23T18:54:44.224788Z</time></trkpt>
  <trkpt lat="37.4128652" lon="-121.9942375"><ele>74</ele><time>2026-08-23T18:54:44.325344Z</time></trkpt>
  <trkpt lat="37.4128702" lon="-121.9942455"><ele>73</ele><time>2026-08-23T18:54:44.425731Z</time></trkpt>
  <trkpt lat="37.4128746" lon="-121.9942539"><ele>73</ele><time>2026-08-23T18:54:44.526310Z</time></trkpt>
  <trkpt lat="37.4128792" lon="-121.9942627"><ele>73</ele><time>2026-08-23T18:54:44.626890Z</time></trkpt>
  <trkpt lat="37.4128839" lon="-121.9942717"><ele>72</ele><time>2026-08-23T18:54:44.727418Z</time></trkpt>
  <trkpt lat="37.4128889" lon="-121.9942811"><ele>72</ele><time>2026-08-23T18:54:44.827546Z</time></trkpt>
  <trkpt lat="37.4128938" lon="-121.9942910"><ele>71</ele><time>2026-08-23T18:54:44.928597Z</time></trkpt>
  <trkpt lat="37.4128938" lon="-121.9942910"><ele>71</ele><time>2026-08-23T18:54:44.935760Z</time></trkpt>
  <trkpt lat="37.4128983" lon="-121.9943010"><ele>71</ele><time>2026-08-23T18:54:45.029249Z</time></trkpt>
  <trkpt lat="37.4129019" lon="-121.9943122"><ele>72</ele><time>2026-08-23T18:54:45.129774Z</time></trkpt>
  <trkpt lat="37.4129047" lon="-121.9943244"><ele>72</ele><time>2026-08-23T18:54:45.230126Z</time></trkpt>
  <trkpt lat="37.4129062" lon="-121.9943371"><ele>72</ele><time>2026-08-23T18:54:45.330853Z</time></trkpt>
  <trkpt lat="37.4129052" lon="-121.9943492"><ele>73</ele><time>2026-08-23T18:54:45.431228Z</time></trkpt>
  <trkpt lat="37.4129029" lon="-121.9943622"><ele>73</ele><time>2026-08-23T18:54:45.511888Z</time></trkpt>
  <trkpt lat="37.4129003" lon="-121.9943763"><ele>74</ele><time>2026-08-23T18:54:45.612427Z</time></trkpt>
  <trkpt lat="37.4128985" lon="-121.9943915"><ele>75</ele><time>2026-08-23T18:54:45.713152Z</time></trkpt>
  <trkpt lat="37.4128979" lon="-121.9944071"><ele>75</ele><time>2026-08-23T18:54:45.813247Z</time></trkpt>
  <trkpt lat="37.4128974" lon="-121.9944228"><ele>75</ele><time>2026-08-23T18:54:45.914127Z</time></trkpt>
  <trkpt lat="37.4128960" lon="-121.9944379"><ele>76</ele><time>2026-08-23T18:54:46.015041Z</time></trkpt>
  <trkpt lat="37.4128939" lon="-121.9944515"><ele>77</ele><time>2026-08-23T18:54:46.116299Z</time></trkpt>
  <trkpt lat="37.4128912" lon="-121.9944651"><ele>78</ele><time>2026-08-23T18:54:46.217102Z</time></trkpt>
  <trkpt lat="37.4128894" lon="-121.9944790"><ele>79</ele><time>2026-08-23T18:54:46.317632Z</time></trkpt>
  <trkpt lat="37.4128879" lon="-121.9944930"><ele>80</ele><time>2026-08-23T18:54:46.418290Z</time></trkpt>
  <trkpt lat="37.4128874" lon="-121.9945059"><ele>81</ele><time>2026-08-23T18:54:46.519056Z</time></trkpt>
  <trkpt lat="37.4128883" lon="-121.9945174"><ele>82</ele><time>2026-08-23T18:54:46.619416Z</time></trkpt>
  <trkpt lat="37.4128904" lon="-121.9945278"><ele>83</ele><time>2026-08-23T18:54:46.719824Z</time></trkpt>
  <trkpt lat="37.4128935" lon="-121.9945379"><ele>84</ele><time>2026-08-23T18:54:46.820601Z</time></trkpt>
  <trkpt lat="37.4128968" lon="-121.9945482"><ele>85</ele><time>2026-08-23T18:54:46.921000Z</time></trkpt>
  <trkpt lat="37.4129002" lon="-121.9945598"><ele>86</ele><time>2026-08-23T18:54:47.022396Z</time></trkpt>
  <trkpt lat="37.4129002" lon="-121.9945598"><ele>86</ele><time>2026-08-23T18:54:47.093871Z</time></trkpt>
  <trkpt lat="37.4129035" lon="-121.9945725"><ele>87</ele><time>2026-08-23T18:54:47.122758Z</time></trkpt>
  <trkpt lat="37.4129075" lon="-121.9945844"><ele>88</ele><time>2026-08-23T18:54:47.223288Z</time></trkpt>
  <trkpt lat="37.4129134" lon="-121.9945949"><ele>89</ele><time>2026-08-23T18:54:47.323755Z</time></trkpt>
  <trkpt lat="37.4129197" lon="-121.9946035"><ele>89</ele><time>2026-08-23T18:54:47.424642Z</time></trkpt>
  <trkpt lat="37.4129266" lon="-121.9946117"><ele>90</ele><time>2026-08-23T18:54:47.526117Z</time></trkpt>
  <trkpt lat="37.4129342" lon="-121.9946213"><ele>91</ele><time>2026-08-23T18:54:47.626888Z</time></trkpt>
  <trkpt lat="37.4129424" lon="-121.9946322"><ele>92</ele><time>2026-08-23T18:54:47.727356Z</time></trkpt>
  <trkpt lat="37.4129509" lon="-121.9946430"><ele>92</ele><time>2026-08-23T18:54:47.828578Z</time></trkpt>
  <trkpt lat="37.4129602" lon="-121.9946517"><ele>93</ele><time>2026-08-23T18:54:47.909301Z</time></trkpt>
  <trkpt lat="37.4129699" lon="-121.9946582"><ele>94</ele><time>2026-08-23T18:54:48.010753Z</time></trkpt>
  <trkpt lat="37.4129800" lon="-121.9946644"><ele>94</ele><time>2026-08-23T18:54:48.111502Z</time></trkpt>
  <trkpt lat="37.4129904" lon="-121.9946711"><ele>95</ele><time>2026-08-23T18:54:48.212052Z</time></trkpt>
  <trkpt lat="37.4130016" lon="-121.9946786"><ele>95</ele><time>2026-08-23T18:54:48.312313Z</time></trkpt>
  <trkpt lat="37.4130134" lon="-121.9946863"><ele>95</ele><time>2026-08-23T18:54:48.413116Z</time></trkpt>
  <trkpt lat="37.4130255" lon="-121.9946927"><ele>96</ele><time>2026-08-23T18:54:48.514212Z</time></trkpt>
  <trkpt lat="37.4130373" lon="-121.9946967"><ele>97</ele><time>2026-08-23T18:54:48.614486Z</time></trkpt>
  <trkpt lat="37.4130489" lon="-121.9947003"><ele>98</ele><time>2026-08-23T18:54:48.714562Z</time></trkpt>
  <trkpt lat="37.4130611" lon="-121.9947042"><ele>98</ele><time>2026-08-23T18:54:48.814807Z</time></trkpt>
  <trkpt lat="37.4130742" lon="-121.9947083"><ele>99</ele><time>2026-08-23T18:54:48.915248Z</time></trkpt>
  <trkpt lat="37.4130879" lon="-121.9947124"><ele>99</ele><time>2026-08-23T18:54:49.015692Z</time></trkpt>
  <trkpt lat="37.4131019" lon="-121.9947158"><ele>99</ele><time>2026-08-23T18:54:49.116345Z</time></trkpt>
  <trkpt lat="37.4131152" lon="-121.9947186"><ele>99</ele><time>2026-08-23T18:54:49.216579Z</time></trkpt>
  <trkpt lat="37.4131152" lon="-121.9947186"><ele>99</ele><time>2026-08-23T18:54:49.254717Z</time></trkpt>
  <trkpt lat="37.4131277" lon="-121.9947203"><ele>100</ele><time>2026-08-23T18:54:49.317048Z</time></trkpt>
  <trkpt lat="37.4131406" lon="-121.9947215"><ele>101</ele><time>2026-08-23T18:54:49.417934Z</time></trkpt>
  <trkpt lat="37.4131545" lon="-121.9947224"><ele>101</ele><time>2026-08-23T18:54:49.518616Z</time></trkpt>
  <trkpt lat="37.4131690" lon="-121.9947230"><ele>101</ele><time>2026-08-23T18:54:49.618916Z</time></trkpt>
  <trkpt lat="37.4131834" lon="-121.9947231"><ele>102</ele><time>2026-08-23T18:54:49.720289Z</time></trkpt>
  <trkpt lat="37.4131969" lon="-121.9947231"><ele>103</ele><time>2026-08-23T18:54:49.821444Z</time></trkpt>
  <trkpt lat="37.4132096" lon="-121.9947234"><ele>104</ele><time>2026-08-23T18:54:49.921634Z</time></trkpt>
  <trkpt lat="37.4132225" lon="-121.9947242"><ele>105</ele><time>2026-08-23T18:54:50.022396Z</time></trkpt>
  <trkpt lat="37.4132364" lon="-121.9947241"><ele>105</ele><time>2026-08-23T18:54:50.123460Z</time></trkpt>
  <trkpt lat="37.4132510" lon="-121.9947227"><ele>105</ele><time>2026-08-23T18:54:50.224188Z</time></trkpt>
  <trkpt lat="37.4132658" lon="-121.9947213"><ele>106</ele><time>2026-08-23T18:54:50.324602Z</time></trkpt>
  <trkpt lat="37.4132800" lon="-121.9947203"><ele>106</ele><time>2026-08-23T18:54:50.425019Z</time></trkpt>
  <trkpt lat="37.4132927" lon="-121.9947199"><ele>108</ele><time>2026-08-23T18:54:50.525585Z</time></trkpt>
  <trkpt lat="37.4133051" lon="-121.9947203"><ele>108</ele><time>2026-08-23T18:54:50.626365Z</time></trkpt>
  <trkpt lat="37.4133180" lon="-121.9947214"><ele>109</ele><time>2026-08-23T18:54:50.706810Z</time></trkpt>
  <trkpt lat="37.4133316" lon="-121.9947229"><ele>110</ele><time>2026-08-23T18:54:50.807271Z</time></trkpt>
  <trkpt lat="37.4133454" lon="-121.9947230"><ele>110</ele><time>2026-08-23T18:54:50.907592Z</time></trkpt>
  <trkpt lat="37.4133583" lon="-121.9947190"><ele>110</ele><time>2026-08-23T18:54:51.008454Z</time></trkpt>
  <trkpt lat="37.4133704" lon="-121.9947130"><ele>111</ele><time>2026-08-23T18:54:51.109175Z</time></trkpt>
  <trkpt lat="37.4133818" lon="-121.9947068"><ele>112</ele><time>2026-08-23T18:54:51.210657Z</time></trkpt>
  <trkpt lat="37.4133931" lon="-121.9946988"><ele>112</ele><time>2026-08-23T18:54:51.310945Z</time></trkpt>
  <trkpt lat="37.4133931" lon="-121.9946988"><ele>112</ele><time>2026-08-23T18:54:51.411557Z</time></trkpt>
  <trkpt lat="37.4134026" lon="-121.9946880"><ele>112</ele><time>2026-08-23T18:54:51.412092Z</time></trkpt>
  <trkpt lat="37.4134090" lon="-121.9946747"><ele>113</ele><time>2026-08-23T18:54:51.512606Z</time></trkpt>
  <trkpt lat="37.4134130" lon="-121.9946596"><ele>113</ele><time>2026-08-23T18:54:51.613741Z</time></trkpt>
  <trkpt lat="37.4134141" lon="-121.9946433"><ele>114</ele><time>2026-08-23T18:54:51.714646Z</time></trkpt>
  <trkpt lat="37.4134124" lon="-121.9946260"><ele>114</ele><time>2026-08-23T18:54:51.815029Z</time></trkpt>
  <trkpt lat="37.4134094" lon="-121.9946087"><ele>115</ele><time>2026-08-23T18:54:51.916064Z</time></trkpt>
  <trkpt lat="37.4134068" lon="-121.9945914"><ele>115</ele><time>2026-08-23T18:54:52.016401Z</time></trkpt>
  <trkpt lat="37.4134016" lon="-121.9945748"><ele>115</ele><time>2026-08-23T18:54:52.117102Z</time></trkpt>
  <trkpt lat="37.4133933" lon="-121.9945590"><ele>116</ele><time>2026-08-23T18:54:52.217542Z</time></trkpt>
  <trkpt lat="37.4133837" lon="-121.9945445"><ele>117</ele><time>2026-08-23T18:54:52.317883Z</time></trkpt>
  <trkpt lat="37.4133746" lon="-121.9945285"><ele>117</ele><time>2026-08-23T18:54:52.418651Z</time></trkpt>
  <trkpt lat="37.4133662" lon="-121.9945118"><ele>116</ele><time>2026-08-23T18:54:52.519293Z</time></trkpt>
  <trkpt lat="37.4133551" lon="-121.9944970"><ele>116</ele><time>2026-08-23T18:54:52.619822Z</time></trkpt>
  <trkpt lat="37.4133406" lon="-121.9944857"><ele>117</ele><time>2026-08-23T18:54:52.720788Z</time></trkpt>
  <trkpt lat="37.4133248" lon="-121.9944767"><ele>118</ele><time>2026-08-23T18:54:52.821823Z</time></trkpt>
  <trkpt lat="37.4133094" lon="-121.9944682"><ele>118</ele><time>2026-08-23T18:54:52.922507Z</time></trkpt>
  <trkpt lat="37.4132961" lon="-121.9944592"><ele>118</ele><time>2026-08-23T18:54:53.023174Z</time></trkpt>
  <trkpt lat="37.4132830" lon="-121.9944501"><ele>118</ele><time>2026-08-23T18:54:53.123802Z</time></trkpt>
  <trkpt lat="37.4132684" lon="-121.9944429"><ele>118</ele><time>2026-08-23T18:54:53.204694Z</time></trkpt>
  <trkpt lat="37.4132520" lon="-121.9944389"><ele>118</ele><time>2026-08-23T18:54:53.305560Z</time></trkpt>
  <trkpt lat="37.4132346" lon="-121.9944362"><ele>118</ele><time>2026-08-23T18:54:53.406577Z</time></trkpt>
  <trkpt lat="37.4132182" lon="-121.9944329"><ele>118</ele><time>2026-08-23T18:54:53.507196Z</time></trkpt>
  <trkpt lat="37.4132182" lon="-121.9944329"><ele>118</ele><time>2026-08-23T18:54:53.564849Z</time></trkpt>
  <trkpt lat="37.4132025" lon="-121.9944288"><ele>118</ele><time>2026-08-23T18:54:53.608343Z</time></trkpt>
  <trkpt lat="37.4131855" lon="-121.9944265"><ele>118</ele><time>2026-08-23T18:54:53.709232Z</time></trkpt>
  <trkpt lat="37.4131673" lon="-121.9944253"><ele>119</ele><time>2026-08-23T18:54:53.810520Z</time></trkpt>
  <trkpt lat="37.4131490" lon="-121.9944244"><ele>119</ele><time>2026-08-23T18:54:53.911505Z</time></trkpt>
  <trkpt lat="37.4131303" lon="-121.9944233"><ele>119</ele><time>2026-08-23T18:54:54.011550Z</time></trkpt>
  <trkpt lat="37.4131127" lon="-121.9944211"><ele>119</ele><time>2026-08-23T18:54:54.112247Z</time></trkpt>
  <trkpt lat="37.4130964" lon="-121.9944173"><ele>119</ele><time>2026-08-23T18:54:54.213803Z</time></trkpt>
  <trkpt lat="37.4130804" lon="-121.9944118"><ele>120</ele><time>2026-08-23T18:54:54.313479Z</time></trkpt>
  <trkpt lat="37.4130651" lon="-121.9944051"><ele>120</ele><time>2026-08-23T18:54:54.414105Z</time></trkpt>
  <trkpt lat="37.4130509" lon="-121.9943968"><ele>121</ele><time>2026-08-23T18:54:54.514527Z</time></trkpt>
  <trkpt lat="37.4130374" lon="-121.9943873"><ele>121</ele><time>2026-08-23T18:54:54.614946Z</time></trkpt>
  <trkpt lat="37.4130259" lon="-121.9943765"><ele>122</ele><time>2026-08-23T18:54:54.715845Z</time></trkpt>
  <trkpt lat="37.4130155" lon="-121.9943650"><ele>122</ele><time>2026-08-23T18:54:54.816614Z</time></trkpt>
  <trkpt lat="37.4130060" lon="-121.9943528"><ele>123</ele><time>2026-08-23T18:54:54.917171Z</time></trkpt>
  <trkpt lat="37.4129984" lon="-121.9943394"><ele>123</ele><time>2026-08-23T18:54:55.017600Z</time></trkpt>
  <trkpt lat="37.4129910" lon="-121.9943258"><ele>123</ele><time>2026-08-23T18:54:55.118515Z</time></trkpt>
  <trkpt lat="37.4129840" lon="-121.9943122"><ele>123</ele><time>2026-08-23T18:54:55.219027Z</time></trkpt>
  <trkpt lat="37.4129786" lon="-121.9942988"><ele>123</ele><time>2026-08-23T18:54:55.319937Z</time></trkpt>
  <trkpt lat="37.4129738" lon="-121.9942856"><ele>123</ele><time>2026-08-23T18:54:55.421099Z</time></trkpt>
  <trkpt lat="37.4129691" lon="-121.9942722"><ele>123</ele><time>2026-08-23T18:54:55.521777Z</time></trkpt>
  <trkpt lat="37.4129655" lon="-121.9942594"><ele>122</ele><time>2026-08-23T18:54:55.602434Z</time></trkpt>
  <trkpt lat="37.4129633" lon="-121.9942473"><ele>122</ele><time>2026-08-23T18:54:55.703702Z</time></trkpt>
  <trkpt lat="37.4129633" lon="-121.9942473"><ele>122</ele><time>2026-08-23T18:54:55.715751Z</time></trkpt>
  <trkpt lat="37.4129616" lon="-121.9942359"><ele>121</ele><time>2026-08-23T18:54:55.804414Z</time></trkpt>
  <trkpt lat="37.4129594" lon="-121.9942266"><ele>120</ele><time>2026-08-23T18:54:55.905169Z</time></trkpt>
  <trkpt lat="37.4129574" lon="-121.9942204"><ele>119</ele><time>2026-08-23T18:54:56.006002Z</time></trkpt>
  <trkpt lat="37.4129562" lon="-121.9942163"><ele>118</ele><time>2026-08-23T18:54:56.106065Z</time></trkpt>
  <trkpt lat="37.4129547" lon="-121.9942142"><ele>117</ele><time>2026-08-23T18:54:56.206549Z</time></trkpt>
  <trkpt lat="37.4129529" lon="-121.9942150"><ele>115</ele><time>2026-08-23T18:54:56.307257Z</time></trkpt>
  <trkpt lat="37.4129507" lon="-121.9942183"><ele>114</ele><time>2026-08-23T18:54:56.407890Z</time></trkpt>
  <trkpt lat="37.4129471" lon="-121.9942249"><ele>113</ele><time>2026-08-23T18:54:56.508404Z</time></trkpt>
  <trkpt lat="37.4129430" lon="-121.9942341"><ele>112</ele><time>2026-08-23T18:54:56.608483Z</time></trkpt>
  <trkpt lat="37.4129367" lon="-121.9942449"><ele>111</ele><time>2026-08-23T18:54:56.709491Z</time></trkpt>
  <trkpt lat="37.4129310" lon="-121.9942547"><ele>109</ele><time>2026-08-23T18:54:56.810154Z</time></trkpt>
  <trkpt lat="37.4129254" lon="-121.9942633"><ele>108</ele><time>2026-08-23T18:54:56.910469Z</time></trkpt>
  <trkpt lat="37.4129201" lon="-121.9942708"><ele>106</ele><time>2026-08-23T18:54:57.010720Z</time></trkpt>
  <trkpt lat="37.4129153" lon="-121.9942766"><ele>105</ele><time>2026-08-23T18:54:57.111569Z</time></trkpt>
  <trkpt lat="37.4129115" lon="-121.9942810"><ele>103</ele><time>2026-08-23T18:54:57.212679Z</time></trkpt>
  <trkpt lat="37.4129099" lon="-121.9942825"><ele>101</ele><time>2026-08-23T18:54:57.312800Z</time></trkpt>
  <trkpt lat="37.4129093" lon="-121.9942809"><ele>99</ele><time>2026-08-23T18:54:57.413092Z</time></trkpt>
  <trkpt lat="37.4129086" lon="-121.9942765"><ele>97</ele><time>2026-08-23T18:54:57.513429Z</time></trkpt>
  <trkpt lat="37.4129075" lon="-121.9942704"><ele>95</ele><time>2026-08-23T18:54:57.614279Z</time></trkpt>
  <trkpt lat="37.4129087" lon="-121.9942624"><ele>92</ele><time>2026-08-23T18:54:57.715279Z</time></trkpt>
  <trkpt lat="37.4129108" lon="-121.9942567"><ele>90</ele><time>2026-08-23T18:54:57.815974Z</time></trkpt>
  <trkpt lat="37.4129108" lon="-121.9942567"><ele>90</ele><time>2026-08-23T18:54:57.869748Z</time></trkpt>
  <trkpt lat="37.4129165" lon="-121.9942540"><ele>88</ele><time>2026-08-23T18:54:57.916519Z</time></trkpt>
  <trkpt lat="37.4129281" lon="-121.9942517"><ele>86</ele><time>2026-08-23T18:54:58.017067Z</time></trkpt>
  <trkpt lat="37.4129427" lon="-121.9942487"><ele>84</ele><time>2026-08-23T18:54:58.117779Z</time></trkpt>
  <trkpt lat="37.4129587" lon="-121.9942467"><ele>83</ele><time>2026-08-23T18:54:58.218147Z</time></trkpt>
  <trkpt lat="37.4129753" lon="-121.9942456"><ele>83</ele><time>2026-08-23T18:54:58.299050Z</time></trkpt>
  <trkpt lat="37.4129934" lon="-121.9942450"><ele>82</ele><time>2026-08-23T18:54:58.400195Z</time></trkpt>
  <trkpt lat="37.4130119" lon="-121.9942463"><ele>83</ele><time>2026-08-23T18:54:58.501494Z</time></trkpt>
  <trkpt lat="37.4130307" lon="-121.9942478"><ele>83</ele><time>2026-08-23T18:54:58.601965Z</time></trkpt>
  <trkpt lat="37.4130468" lon="-121.9942509"><ele>83</ele><time>2026-08-23T18:54:58.702798Z</time></trkpt>
  <trkpt lat="37.4130600" lon="-121.9942563"><ele>84</ele><time>2026-08-23T18:54:58.802575Z</time></trkpt>
  <trkpt lat="37.4130699" lon="-121.9942637"><ele>84</ele><time>2026-08-23T18:54:58.904259Z</time></trkpt>
  <trkpt lat="37.4130780" lon="-121.9942730"><ele>86</ele><time>2026-08-23T18:54:59.004935Z</time></trkpt>
  <trkpt lat="37.4130901" lon="-121.9942807"><ele>86</ele><time>2026-08-23T18:54:59.104835Z</time></trkpt>
  <trkpt lat="37.4131034" lon="-121.9942884"><ele>87</ele><time>2026-08-23T18:54:59.206253Z</time></trkpt>
  <trkpt lat="37.4131152" lon="-121.9942961"><ele>87</ele><time>2026-08-23T18:54:59.306689Z</time></trkpt>
  <trkpt lat="37.4131230" lon="-121.9943053"><ele>87</ele><time>2026-08-23T18:54:59.407652Z</time></trkpt>
  <trkpt lat="37.4131271" lon="-121.9943163"><ele>88</ele><time>2026-08-23T18:54:59.508285Z</time></trkpt>
  <trkpt lat="37.4131310" lon="-121.9943281"><ele>89</ele><time>2026-08-23T18:54:59.609211Z</time></trkpt>
  <trkpt lat="37.4131330" lon="-121.9943399"><ele>90</ele><time>2026-08-23T18:54:59.709984Z</time></trkpt>
  <trkpt lat="37.4131344" lon="-121.9943526"><ele>91</ele><time>2026-08-23T18:54:59.811339Z</time></trkpt>
  <trkpt lat="37.4131346" lon="-121.9943655"><ele>91</ele><time>2026-08-23T18:54:59.912350Z</time></trkpt>
  <trkpt lat="37.4131318" lon="-121.9943788"><ele>92</ele><time>2026-08-23T18:55:00.011910Z</time></trkpt>
  <trkpt lat="37.4131318" lon="-121.9943788"><ele>92</ele><time>2026-08-23T18:55:00.020830Z</time></trkpt>
  <trkpt lat="37.4131296" lon="-121.9943926"><ele>92</ele><time>2026-08-23T18:55:00.113316Z</time></trkpt>
  <trkpt lat="37.4131292" lon="-121.9944064"><ele>93</ele><time>2026-08-23T18:55:00.213726Z</time></trkpt>
  <trkpt lat="37.4131302" lon="-121.9944204"><ele>93</ele><time>2026-08-23T18:55:00.313275Z</time></trkpt>
  <trkpt lat="37.4131317" lon="-121.9944343"><ele>93</ele><time>2026-08-23T18:55:00.414996Z</time></trkpt>
  <trkpt lat="37.4131336" lon="-121.9944488"><ele>93</ele><time>2026-08-23T18:55:00.516056Z</time></trkpt>
  <trkpt lat="37.4131347" lon="-121.9944639"><ele>93</ele><time>2026-08-23T18:55:00.596012Z</time></trkpt>
  <trkpt lat="37.4131365" lon="-121.9944788"><ele>92</ele><time>2026-08-23T18:55:00.696578Z</time></trkpt>
  <trkpt lat="37.4131410" lon="-121.9944921"><ele>92</ele><time>2026-08-23T18:55:00.817317Z</time></trkpt>
  <trkpt lat="37.4131480" lon="-121.9945041"><ele>91</ele><time>2026-08-23T18:55:00.897712Z</time></trkpt>
  <trkpt lat="37.4131557" lon="-121.9945153"><ele>91</ele><time>2026-08-23T18:55:00.998534Z</time></trkpt>
  <trkpt lat="37.4131677" lon="-121.9945229"><ele>90</ele><time>2026-08-23T18:55:01.099207Z</time></trkpt>
  <trkpt lat="37.4131819" lon="-121.9945259"><ele>90</ele><time>2026-08-23T18:55:01.199957Z</time></trkpt>
  <trkpt lat="37.4131966" lon="-121.9945266"><ele>89</ele><time>2026-08-23T18:55:01.300119Z</time></trkpt>
  <trkpt lat="37.4132111" lon="-121.9945278"><ele>88</ele><time>2026-08-23T18:55:01.401238Z</time></trkpt>
  <trkpt lat="37.4132244" lon="-121.9945299"><ele>88</ele><time>2026-08-23T18:55:01.501876Z</time></trkpt>
  <trkpt lat="37.4132360" lon="-121.9945326"><ele>87</ele><time>2026-08-23T18:55:01.602213Z</time></trkpt>
  <trkpt lat="37.4132477" lon="-121.9945348"><ele>87</ele><time>2026-08-23T18:55:01.702191Z</time></trkpt>
  <trkpt lat="37.4132617" lon="-121.9945333"><ele>87</ele><time>2026-08-23T18:55:01.802249Z</time></trkpt>
  <trkpt lat="37.4132750" lon="-121.9945324"><ele>88</ele><time>2026-08-23T18:55:01.902646Z</time></trkpt>
  <trkpt lat="37.4132901" lon="-121.9945278"><ele>87</ele><time>2026-08-23T18:55:02.003758Z</time></trkpt>
  <trkpt lat="37.4133052" lon="-121.9945217"><ele>87</ele><time>2026-08-23T18:55:02.103734Z</time></trkpt>
  <trkpt lat="37.4133052" lon="-121.9945217"><ele>87</ele><time>2026-08-23T18:55:02.171739Z</time></trkpt>
  <trkpt lat="37.4133214" lon="-121.9945120"><ele>85</ele><time>2026-08-23T18:55:02.204187Z</time></trkpt>
  <trkpt lat="37.4133373" lon="-121.9945038"><ele>84</ele><time>2026-08-23T18:55:02.305269Z</time></trkpt>
  <trkpt lat="37.4133523" lon="-121.9944970"><ele>84</ele><time>2026-08-23T18:55:02.405574Z</time></trkpt>
  <trkpt lat="37.4133672" lon="-121.9944940"><ele>85</ele><time>2026-08-23T18:55:02.506223Z</time></trkpt>
  <trkpt lat="37.4133792" lon="-121.9944959"><ele>85</ele><time>2026-08-23T18:55:02.606854Z</time></trkpt>
  <trkpt lat="37.4133897" lon="-121.9944993"><ele>86</ele><time>2026-08-23T18:55:02.707209Z</time></trkpt>
  <trkpt lat="37.4133989" lon="-121.9945062"><ele>87</ele><time>2026-08-23T18:55:02.808445Z</time></trkpt>
  <trkpt lat="37.4134053" lon="-121.9945163"><ele>88</ele><time>2026-08-23T18:55:02.909203Z</time></trkpt>
  <trkpt lat="37.4134073" lon="-121.9945302"><ele>89</ele><time>2026-08-23T18:55:03.009661Z</time></trkpt>
  <trkpt lat="37.4134088" lon="-121.9945455"><ele>89</ele><time>2026-08-23T18:55:03.110629Z</time></trkpt>
  <trkpt lat="37.4134107" lon="-121.9945611"><ele>90</ele><time>2026-08-23T18:55:03.211119Z</time></trkpt>
  <trkpt lat="37.4134136" lon="-121.9945772"><ele>91</ele><time>2026-08-23T18:55:03.311389Z</time></trkpt>
  <trkpt lat="37.4134165" lon="-121.9945937"><ele>92</ele><time>2026-08-23T18:55:03.392062Z</time></trkpt>
  <trkpt lat="37.4134191" lon="-121.9946093"><ele>93</ele><time>2026-08-23T18:55:03.513005Z</time></trkpt>
  <trkpt lat="37.4134211" lon="-121.9946259"><ele>93</ele><time>2026-08-23T18:55:03.593080Z</time></trkpt>
  <trkpt lat="37.4134224" lon="-121.9946434"><ele>93</ele><time>2026-08-23T18:55:03.693690Z</time></trkpt>
  <trkpt lat="37.4134236" lon="-121.9946621"><ele>93</ele><time>2026-08-23T18:55:03.794796Z</time></trkpt>
  <trkpt lat="37.4134249" lon="-121.9946789"><ele>93</ele><time>2026-08-23T18:55:03.894707Z</time></trkpt>
  <trkpt lat="37.4134262" lon="-121.9946942"><ele>92</ele><time>2026-08-23T18:55:03.995795Z</time></trkpt>
  <trkpt lat="37.4134257" lon="-121.9947106"><ele>92</ele><time>2026-08-23T18:55:04.095508Z</time></trkpt>
  <trkpt lat="37.4134233" lon="-121.9947265"><ele>91</ele><time>2026-08-23T18:55:04.195845Z</time></trkpt>
  <trkpt lat="37.4134182" lon="-121.9947411"><ele>90</ele><time>2026-08-23T18:55:04.296235Z</time></trkpt>
  <trkpt lat="37.4134182" lon="-121.9947411"><ele>90</ele><time>2026-08-23T18:55:04.324692Z</time></trkpt>
  <trkpt lat="37.4134115" lon="-121.9947543"><ele>89</ele><time>2026-08-23T18:55:04.396610Z</time></trkpt>
  <trkpt lat="37.4134020" lon="-121.9947644"><ele>88</ele><time>2026-08-23T18:55:04.497052Z</time></trkpt>
  <trkpt lat="37.4133893" lon="-121.9947713"><ele>87</ele><time>2026-08-23T18:55:04.597621Z</time></trkpt>
  <trkpt lat="37.4133748" lon="-121.9947747"><ele>86</ele><time>2026-08-23T18:55:04.698133Z</time></trkpt>
  <trkpt lat="37.4133589" lon="-121.9947764"><ele>85</ele><time>2026-08-23T18:55:04.798807Z</time></trkpt>
  <trkpt lat="37.4133443" lon="-121.9947720"><ele>84</ele><time>2026-08-23T18:55:04.899993Z</time></trkpt>
  <trkpt lat="37.4133291" lon="-121.9947658"><ele>82</ele><time>2026-08-23T18:55:05.001024Z</time></trkpt>
  <trkpt lat="37.4133131" lon="-121.9947601"><ele>81</ele><time>2026-08-23T18:55:05.101445Z</time></trkpt>
  <trkpt lat="37.4132975" lon="-121.9947551"><ele>80</ele><time>2026-08-23T18:55:05.201617Z</time></trkpt>
  <trkpt lat="37.4132825" lon="-121.9947506"><ele>79</ele><time>2026-08-23T18:55:05.302578Z</time></trkpt>
  <trkpt lat="37.4132677" lon="-121.9947458"><ele>77</ele><time>2026-08-23T18:55:05.403127Z</time></trkpt>
  <trkpt lat="37.4132519" lon="-121.9947408"><ele>76</ele><time>2026-08-23T18:55:05.504716Z</time></trkpt>
  <trkpt lat="37.4132364" lon="-121.9947353"><ele>74</ele><time>2026-08-23T18:55:05.605014Z</time></trkpt>
  <trkpt lat="37.4132206" lon="-121.9947297"><ele>73</ele><time>2026-08-23T18:55:05.705601Z</time></trkpt>
  <trkpt lat="37.4132035" lon="-121.9947238"><ele>71</ele><time>2026-08-23T18:55:05.806492Z</time></trkpt>
  <trkpt lat="37.4131856" lon="-121.9947171"><ele>70</ele><time>2026-08-23T18:55:05.906682Z</time></trkpt>
  <trkpt lat="37.4131678" lon="-121.9947099"><ele>69</ele><time>2026-08-23T18:55:06.007754Z</time></trkpt>
  <trkpt lat="37.4131506" lon="-121.9947032"><ele>67</ele><time>2026-08-23T18:55:06.108226Z</time></trkpt>
  <trkpt lat="37.4131331" lon="-121.9946970"><ele>66</ele><time>2026-08-23T18:55:06.208812Z</time></trkpt>
  <trkpt lat="37.4131135" lon="-121.9946912"><ele>65</ele><time>2026-08-23T18:55:06.289552Z</time></trkpt>
  <trkpt lat="37.4130912" lon="-121.9946866"><ele>65</ele><time>2026-08-23T18:55:06.390401Z</time></trkpt>
  <trkpt lat="37.4130912" lon="-121.9946866"><ele>65</ele><time>2026-08-23T18:55:06.479994Z</time></trkpt>
  <trkpt lat="37.4130684" lon="-121.9946823"><ele>65</ele><time>2026-08-23T18:55:06.490633Z</time></trkpt>
  <trkpt lat="37.4130465" lon="-121.9946775"><ele>66</ele><time>2026-08-23T18:55:06.591322Z</time></trkpt>
  <trkpt lat="37.4130245" lon="-121.9946733"><ele>66</ele><time>2026-08-23T18:55:06.691630Z</time></trkpt>
  <trkpt lat="37.4130031" lon="-121.9946686"><ele>65</ele><time>2026-08-23T18:55:06.792898Z</time></trkpt>
  <trkpt lat="37.4129818" lon="-121.9946636"><ele>65</ele><time>2026-08-23T18:55:06.894014Z</time></trkpt>
  <trkpt lat="37.4129608" lon="-121.9946588"><ele>65</ele><time>2026-08-23T18:55:06.994956Z</time></trkpt>
  <trkpt lat="37.4129399" lon="-121.9946544"><ele>64</ele><time>2026-08-23T18:55:07.096744Z</time></trkpt>
  <trkpt lat="37.4129189" lon="-121.9946498"><ele>64</ele><time>2026-08-23T18:55:07.197333Z</time></trkpt>
  <trkpt lat="37.4128980" lon="-121.9946450"><ele>64</ele><time>2026-08-23T18:55:07.297956Z</time></trkpt>
  <trkpt lat="37.4128774" lon="-121.9946404"><ele>63</ele><time>2026-08-23T18:55:07.398402Z</time></trkpt>
  <trkpt lat="37.4128569" lon="-121.9946360"><ele>62</ele><time>2026-08-23T18:55:07.499100Z</time></trkpt>
  <trkpt lat="37.4128363" lon="-121.9946318"><ele>62</ele><time>2026-08-23T18:55:07.599709Z</time></trkpt>
  <trkpt lat="37.4128158" lon="-121.9946276"><ele>61</ele><time>2026-08-23T18:55:07.700212Z</time></trkpt>
  <trkpt lat="37.4127952" lon="-121.9946234"><ele>61</ele><time>2026-08-23T18:55:07.800701Z</time></trkpt>
  <trkpt lat="37.4127746" lon="-121.9946192"><ele>60</ele><time>2026-08-23T18:55:07.901384Z</time></trkpt>
  <trkpt lat="37.4127538" lon="-121.9946152"><ele>60</ele><time>2026-08-23T18:55:08.002069Z</time></trkpt>
  <trkpt lat="37.4127330" lon="-121.9946111"><ele>59</ele><time>2026-08-23T18:55:08.102877Z</time></trkpt>
  <trkpt lat="37.4127122" lon="-121.9946069"><ele>58</ele><time>2026-08-23T18:55:08.203413Z</time></trkpt>
  <trkpt lat="37.4126912" lon="-121.9946027"><ele>58</ele><time>2026-08-23T18:55:08.303528Z</time></trkpt>
  <trkpt lat="37.4126701" lon="-121.9945986"><ele>57</ele><time>2026-08-23T18:55:08.404095Z</time></trkpt>
  <trkpt lat="37.4126494" lon="-121.9945945"><ele>56</ele><time>2026-08-23T18:55:08.505314Z</time></trkpt>
  <trkpt lat="37.4126286" lon="-121.9945905"><ele>55</ele><time>2026-08-23T18:55:08.586210Z</time></trkpt>
  <trkpt lat="37.4126286" lon="-121.9945905"><ele>55</ele><time>2026-08-23T18:55:08.615245Z</time></trkpt>
  <trkpt lat="37.4126079" lon="-121.9945864"><ele>55</ele><time>2026-08-23T18:55:08.686827Z</time></trkpt>
  <trkpt lat="37.4125870" lon="-121.9945822"><ele>54</ele><time>2026-08-23T18:55:08.786829Z</time></trkpt>
  <trkpt lat="37.4125660" lon="-121.9945779"><ele>53</ele><time>2026-08-23T18:55:08.887567Z</time></trkpt>
  <trkpt lat="37.4125448" lon="-121.9945734"><ele>52</ele><time>2026-08-23T18:55:08.987986Z</time></trkpt>
  <trkpt lat="37.4125235" lon="-121.9945690"><ele>51</ele><time>2026-08-23T18:55:09.088550Z</time></trkpt>
  <trkpt lat="37.4125016" lon="-121.9945646"><ele>51</ele><time>2026-08-23T18:55:09.188719Z</time></trkpt>
  <trkpt lat="37.4124794" lon="-121.9945595"><ele>51</ele><time>2026-08-23T18:55:09.289337Z</time></trkpt>
  <trkpt lat="37.4124571" lon="-121.9945537"><ele>51</ele><time>2026-08-23T18:55:09.389434Z</time></trkpt>
  <trkpt lat="37.4124350" lon="-121.9945479"><ele>51</ele><time>2026-08-23T18:55:09.489910Z</time></trkpt>
  <trkpt lat="37.4124133" lon="-121.9945419"><ele>51</ele><time>2026-08-23T18:55:09.590329Z</time></trkpt>
  <trkpt lat="37.4123918" lon="-121.9945346"><ele>51</ele><time>2026-08-23T18:55:09.690324Z</time></trkpt>
  <trkpt lat="37.4123710" lon="-121.9945255"><ele>51</ele><time>2026-08-23T18:55:09.790872Z</time></trkpt>
  <trkpt lat="37.4123505" lon="-121.9945152"><ele>51</ele><time>2026-08-23T18:55:09.891181Z</time></trkpt>
  <trkpt lat="37.4123306" lon="-121.9945042"><ele>51</ele><time>2026-08-23T18:55:09.991890Z</time></trkpt>
  <trkpt lat="37.4123114" lon="-121.9944923"><ele>52</ele><time>2026-08-23T18:55:10.092698Z</time></trkpt>
  <trkpt lat="37.4122936" lon="-121.9944790"><ele>52</ele><time>2026-08-23T18:55:10.193183Z</time></trkpt>
  <trkpt lat="37.4122776" lon="-121.9944641"><ele>53</ele><time>2026-08-23T18:55:10.294182Z</time></trkpt>
  <trkpt lat="37.4122637" lon="-121.9944478"><ele>54</ele><time>2026-08-23T18:55:10.395238Z</time></trkpt>
  <trkpt lat="37.4122520" lon="-121.9944309"><ele>55</ele><time>2026-08-23T18:55:10.494925Z</time></trkpt>
  <trkpt lat="37.4122424" lon="-121.9944140"><ele>56</ele><time>2026-08-23T18:55:10.595164Z</time></trkpt>
  <trkpt lat="37.4122350" lon="-121.9943970"><ele>57</ele><time>2026-08-23T18:55:10.695536Z</time></trkpt>
  <trkpt lat="37.4122350" lon="-121.9943970"><ele>57</ele><time>2026-08-23T18:55:10.775003Z</time></trkpt>
  <trkpt lat="37.4122302" lon="-121.9943806"><ele>58</ele><time>2026-08-23T18:55:10.795981Z</time></trkpt>
  <trkpt lat="37.4122277" lon="-121.9943648"><ele>59</ele><time>2026-08-23T18:55:10.896605Z</time></trkpt>
  <trkpt lat="37.4122271" lon="-121.9943498"><ele>60</ele><time>2026-08-23T18:55:10.997140Z</time></trkpt>
  <trkpt lat="37.4122282" lon="-121.9943359"><ele>61</ele><time>2026-08-23T18:55:11.097547Z</time></trkpt>
  <trkpt lat="37.4122311" lon="-121.9943233"><ele>62</ele><time>2026-08-23T18:55:11.198013Z</time></trkpt>
  <trkpt lat="37.4122349" lon="-121.9943129"><ele>64</ele><time>2026-08-23T18:55:11.298163Z</time></trkpt>
  <trkpt lat="37.4122392" lon="-121.9943037"><ele>65</ele><time>2026-08-23T18:55:11.398627Z</time></trkpt>
  <trkpt lat="37.4122436" lon="-121.9942947"><ele>66</ele><time>2026-08-23T18:55:11.499398Z</time></trkpt>
  <trkpt lat="37.4122479" lon="-121.9942851"><ele>66</ele><time>2026-08-23T18:55:11.599656Z</time></trkpt>
  <trkpt lat="37.4122525" lon="-121.9942752"><ele>67</ele><time>2026-08-23T18:55:11.701130Z</time></trkpt>
  <trkpt lat="37.4122574" lon="-121.9942647"><ele>68</ele><time>2026-08-23T18:55:11.801826Z</time></trkpt>
  <trkpt lat="37.4122625" lon="-121.9942541"><ele>69</ele><time>2026-08-23T18:55:11.902131Z</time></trkpt>
  <trkpt lat="37.4122676" lon="-121.9942434"><ele>69</ele><time>2026-08-23T18:55:12.002549Z</time></trkpt>
  <trkpt lat="37.4122731" lon="-121.9942327"><ele>70</ele><time>2026-08-23T18:55:12.082877Z</time></trkpt>
  <trkpt lat="37.4122790" lon="-121.9942217"><ele>70</ele><time>2026-08-23T18:55:12.183895Z</time></trkpt>
  <trkpt lat="37.4122853" lon="-121.9942103"><ele>71</ele><time>2026-08-23T18:55:12.283677Z</time></trkpt>
  <trkpt lat="37.4122917" lon="-121.9941988"><ele>71</ele><time>2026-08-23T18:55:12.404314Z</time></trkpt>
  <trkpt lat="37.4122983" lon="-121.9941869"><ele>71</ele><time>2026-08-23T18:55:12.484783Z</time></trkpt>
  <trkpt lat="37.4123050" lon="-121.9941750"><ele>71</ele><time>2026-08-23T18:55:12.585585Z</time></trkpt>
  <trkpt lat="37.4123116" lon="-121.9941630"><ele>71</ele><time>2026-08-23T18:55:12.685810Z</time></trkpt>
  <trkpt lat="37.4123184" lon="-121.9941515"><ele>72</ele><time>2026-08-23T18:55:12.785968Z</time></trkpt>
  <trkpt lat="37.4123252" lon="-121.9941406"><ele>72</ele><time>2026-08-23T18:55:12.886558Z</time></trkpt>
  <trkpt lat="37.4123252" lon="-121.9941406"><ele>72</ele><time>2026-08-23T18:55:12.930729Z</time></trkpt>
  <trkpt lat="37.4123323" lon="-121.9941303"><ele>72</ele><time>2026-08-23T18:55:12.986751Z</time></trkpt>
  <trkpt lat="37.4123398" lon="-121.9941210"><ele>73</ele><time>2026-08-23T18:55:13.087799Z</time></trkpt>
  <trkpt lat="37.4123477" lon="-121.9941127"><ele>73</ele><time>2026-08-23T18:55:13.189100Z</time></trkpt>
  <trkpt lat="37.4123559" lon="-121.9941053"><ele>74</ele><time>2026-08-23T18:55:13.289964Z</time></trkpt>
  <trkpt lat="37.4123645" lon="-121.9940989"><ele>74</ele><time>2026-08-23T18:55:13.390407Z</time></trkpt>
  <trkpt lat="37.4123733" lon="-121.9940938"><ele>75</ele><time>2026-08-23T18:55:13.491471Z</time></trkpt>
  <trkpt lat="37.4123825" lon="-121.9940897"><ele>75</ele><time>2026-08-23T18:55:13.591984Z</time></trkpt>
  <trkpt lat="37.4123918" lon="-121.9940862"><ele>76</ele><time>2026-08-23T18:55:13.692115Z</time></trkpt>
  <trkpt lat="37.4124013" lon="-121.9940834"><ele>76</ele><time>2026-08-23T18:55:13.792234Z</time></trkpt>
  <trkpt lat="37.4124112" lon="-121.9940810"><ele>77</ele><time>2026-08-23T18:55:13.893024Z</time></trkpt>
  <trkpt lat="37.4124212" lon="-121.9940791"><ele>77</ele><time>2026-08-23T18:55:13.993825Z</time></trkpt>
  <trkpt lat="37.4124315" lon="-121.9940779"><ele>77</ele><time>2026-08-23T18:55:14.094495Z</time></trkpt>
  <trkpt lat="37.4124419" lon="-121.9940775"><ele>78</ele><time>2026-08-23T18:55:14.194579Z</time></trkpt>
  <trkpt lat="37.4124522" lon="-121.9940778"><ele>78</ele><time>2026-08-23T18:55:14.295565Z</time></trkpt>
  <trkpt lat="37.4124630" lon="-121.9940785"><ele>78</ele><time>2026-08-23T18:55:14.396460Z</time></trkpt>
  <trkpt lat="37.4124736" lon="-121.9940796"><ele>79</ele><time>2026-08-23T18:55:14.497254Z</time></trkpt>
  <trkpt lat="37.4124845" lon="-121.9940810"><ele>79</ele><time>2026-08-23T18:55:14.598096Z</time></trkpt>
  <trkpt lat="37.4124957" lon="-121.9940829"><ele>79</ele><time>2026-08-23T18:55:14.698425Z</time></trkpt>
  <trkpt lat="37.4125068" lon="-121.9940854"><ele>79</ele><time>2026-08-23T18:55:14.799282Z</time></trkpt>
  <trkpt lat="37.4125181" lon="-121.9940879"><ele>79</ele><time>2026-08-23T18:55:14.880150Z</time></trkpt>
  <trkpt lat="37.4125298" lon="-121.9940904"><ele>79</ele><time>2026-08-23T18:55:14.980607Z</time></trkpt>
  <trkpt lat="37.4125414" lon="-121.9940933"><ele>78</ele><time>2026-08-23T18:55:15.080671Z</time></trkpt>
  <trkpt lat="37.4125414" lon="-121.9940933"><ele>78</ele><time>2026-08-23T18:55:15.084337Z</time></trkpt>
  <trkpt lat="37.4125533" lon="-121.9940966"><ele>78</ele><time>2026-08-23T18:55:15.181316Z</time></trkpt>
  <trkpt lat="37.4125654" lon="-121.9941006"><ele>78</ele><time>2026-08-23T18:55:15.281623Z</time></trkpt>
  <trkpt lat="37.4125777" lon="-121.9941053"><ele>78</ele><time>2026-08-23T18:55:15.382020Z</time></trkpt>
  <trkpt lat="37.4125901" lon="-121.9941100"><ele>78</ele><time>2026-08-23T18:55:15.482650Z</time></trkpt>
  <trkpt lat="37.4126025" lon="-121.9941151"><ele>79</ele><time>2026-08-23T18:55:15.583980Z</time></trkpt>
  <trkpt lat="37.4126149" lon="-121.9941205"><ele>79</ele><time>2026-08-23T18:55:15.685068Z</time></trkpt>
  <trkpt lat="37.4126276" lon="-121.9941260"><ele>79</ele><time>2026-08-23T18:55:15.784969Z</time></trkpt>
  <trkpt lat="37.4126400" lon="-121.9941318"><ele>79</ele><time>2026-08-23T18:55:15.885219Z</time></trkpt>
  <trkpt lat="37.4126526" lon="-121.9941374"><ele>79</ele><time>2026-08-23T18:55:15.985900Z</time></trkpt>
  <trkpt lat="37.4126650" lon="-121.9941432"><ele>79</ele><time>2026-08-23T18:55:16.086650Z</time></trkpt>
  <trkpt lat="37.4126775" lon="-121.9941490"><ele>79</ele><time>2026-08-23T18:55:16.187301Z</time></trkpt>
  <trkpt lat="37.4126902" lon="-121.9941547"><ele>79</ele><time>2026-08-23T18:55:16.287841Z</time></trkpt>
  <trkpt lat="37.4127030" lon="-121.9941604"><ele>79</ele><time>2026-08-23T18:55:16.388270Z</time></trkpt>
  <trkpt lat="37.4127160" lon="-121.9941664"><ele>78</ele><time>2026-08-23T18:55:16.488496Z</time></trkpt>
  <trkpt lat="37.4127290" lon="-121.9941728"><ele>78</ele><time>2026-08-23T18:55:16.589525Z</time></trkpt>
  <trkpt lat="37.4127419" lon="-121.9941795"><ele>78</ele><time>2026-08-23T18:55:16.690567Z</time></trkpt>
  <trkpt lat="37.4127547" lon="-121.9941868"><ele>78</ele><time>2026-08-23T18:55:16.791524Z</time></trkpt>
  <trkpt lat="37.4127674" lon="-121.9941948"><ele>78</ele><time>2026-08-23T18:55:16.891773Z</time></trkpt>
  <trkpt lat="37.4127796" lon="-121.9942036"><ele>78</ele><time>2026-08-23T18:55:16.992777Z</time></trkpt>
  <trkpt lat="37.4127914" lon="-121.9942129"><ele>78</ele><time>2026-08-23T18:55:17.093211Z</time></trkpt>
  <trkpt lat="37.4128029" lon="-121.9942227"><ele>79</ele><time>2026-08-23T18:55:17.193811Z</time></trkpt>
  <trkpt lat="37.4128029" lon="-121.9942227"><ele>79</ele><time>2026-08-23T18:55:17.248115Z</time></trkpt>
  <trkpt lat="37.4128140" lon="-121.9942324"><ele>79</ele><time>2026-08-23T18:55:17.294593Z</time></trkpt>
  <trkpt lat="37.4128251" lon="-121.9942421"><ele>79</ele><time>2026-08-23T18:55:17.395156Z</time></trkpt>
  <trkpt lat="37.4128364" lon="-121.9942519"><ele>80</ele><time>2026-08-23T18:55:17.495404Z</time></trkpt>
  <trkpt lat="37.4128476" lon="-121.9942617"><ele>80</ele><time>2026-08-23T18:55:17.595887Z</time></trkpt>
  <trkpt lat="37.4128586" lon="-121.9942715"><ele>80</ele><time>2026-08-23T18:55:17.696698Z</time></trkpt>
  <trkpt lat="37.4128698" lon="-121.9942812"><ele>80</ele><time>2026-08-23T18:55:17.777198Z</time></trkpt>
  <trkpt lat="37.4128810" lon="-121.9942908"><ele>80</ele><time>2026-08-23T18:55:17.877616Z</time></trkpt>
  <trkpt lat="37.4128922" lon="-121.9943003"><ele>81</ele><time>2026-08-23T18:55:17.977643Z</time></trkpt>
  <trkpt lat="37.4129036" lon="-121.9943097"><ele>81</ele><time>2026-08-23T18:55:18.078359Z</time></trkpt>
  <trkpt lat="37.4129153" lon="-121.9943186"><ele>81</ele><time>2026-08-23T18:55:18.179188Z</time></trkpt>
  <trkpt lat="37.4129273" lon="-121.9943267"><ele>81</ele><time>2026-08-23T18:55:18.280320Z</time></trkpt>
  <trkpt lat="37.4129394" lon="-121.9943341"><ele>81</ele><time>2026-08-23T18:55:18.380940Z</time></trkpt>
  <trkpt lat="37.4129516" lon="-121.9943406"><ele>82</ele><time>2026-08-23T18:55:18.482216Z</time></trkpt>
  <trkpt lat="37.4129637" lon="-121.9943460"><ele>82</ele><time>2026-08-23T18:55:18.582930Z</time></trkpt>
  <trkpt lat="37.4129758" lon="-121.9943498"><ele>82</ele><time>2026-08-23T18:55:18.683785Z</time></trkpt>
  <trkpt lat="37.4129876" lon="-121.9943522"><ele>83</ele><time>2026-08-23T18:55:18.784466Z</time></trkpt>
  <trkpt lat="37.4129991" lon="-121.9943535"><ele>84</ele><time>2026-08-23T18:55:18.885363Z</time></trkpt>
  <trkpt lat="37.4130103" lon="-121.9943540"><ele>84</ele><time>2026-08-23T18:55:18.986221Z</time></trkpt>
  <trkpt lat="37.4130212" lon="-121.9943539"><ele>85</ele><time>2026-08-23T18:55:19.086932Z</time></trkpt>
  <trkpt lat="37.4130322" lon="-121.9943531"><ele>86</ele><time>2026-08-23T18:55:19.187319Z</time></trkpt>
  <trkpt lat="37.4130429" lon="-121.9943518"><ele>86</ele><time>2026-08-23T18:55:19.287876Z</time></trkpt>
  <trkpt lat="37.4130534" lon="-121.9943501"><ele>87</ele><time>2026-08-23T18:55:19.389563Z</time></trkpt>
  <trkpt lat="37.4130534" lon="-121.9943501"><ele>87</ele><time>2026-08-23T18:55:19.407389Z</time></trkpt>
  <trkpt lat="37.4130639" lon="-121.9943482"><ele>88</ele><time>2026-08-23T18:55:19.489773Z</time></trkpt>
  <trkpt lat="37.4130744" lon="-121.9943463"><ele>88</ele><time>2026-08-23T18:55:19.590413Z</time></trkpt>
  <trkpt lat="37.4130850" lon="-121.9943448"><ele>89</ele><time>2026-08-23T18:55:19.690724Z</time></trkpt>
  <trkpt lat="37.4130958" lon="-121.9943431"><ele>89</ele><time>2026-08-23T18:55:19.791170Z</time></trkpt>
  <trkpt lat="37.4131064" lon="-121.9943415"><ele>90</ele><time>2026-08-23T18:55:19.891167Z</time></trkpt>
  <trkpt lat="37.4131167" lon="-121.9943398"><ele>90</ele><time>2026-08-23T18:55:19.992146Z</time></trkpt>
  <trkpt lat="37.4131268" lon="-121.9943386"><ele>91</ele><time>2026-08-23T18:55:20.093230Z</time></trkpt>
  <trkpt lat="37.4131366" lon="-121.9943378"><ele>92</ele><time>2026-08-23T18:55:20.174074Z</time></trkpt>
  <trkpt lat="37.4131463" lon="-121.9943374"><ele>92</ele><time>2026-08-23T18:55:20.274046Z</time></trkpt>
  <trkpt lat="37.4131558" lon="-121.9943376"><ele>93</ele><time>2026-08-23T18:55:20.374564Z</time></trkpt>
  <trkpt lat="37.4131652" lon="-121.9943382"><ele>94</ele><time>2026-08-23T18:55:20.475433Z</time></trkpt>
  <trkpt lat="37.4131746" lon="-121.9943397"><ele>94</ele><time>2026-08-23T18:55:20.576409Z</time></trkpt>
  <trkpt lat="37.4131843" lon="-121.9943421"><ele>95</ele><time>2026-08-23T18:55:20.676583Z</time></trkpt>
  <trkpt lat="37.4131935" lon="-121.9943465"><ele>95</ele><time>2026-08-23T18:55:20.777333Z</time></trkpt>
  <trkpt lat="37.4132016" lon="-121.9943532"><ele>95</ele><time>2026-08-23T18:55:20.878519Z</time></trkpt>
  <trkpt lat="37.4132079" lon="-121.9943624"><ele>95</ele><time>2026-08-23T18:55:20.979306Z</time></trkpt>
  <trkpt lat="37.4132127" lon="-121.9943734"><ele>95</ele><time>2026-08-23T18:55:21.079761Z</time></trkpt>
  <trkpt lat="37.4132161" lon="-121.9943855"><ele>95</ele><time>2026-08-23T18:55:21.180033Z</time></trkpt>
  <trkpt lat="37.4132186" lon="-121.9943985"><ele>94</ele><time>2026-08-23T18:55:21.281020Z</time></trkpt>
  <trkpt lat="37.4132198" lon="-121.9944118"><ele>94</ele><time>2026-08-23T18:55:21.382286Z</time></trkpt>
  <trkpt lat="37.4132184" lon="-121.9944241"><ele>93</ele><time>2026-08-23T18:55:21.482433Z</time></trkpt>
  <trkpt lat="37.4132184" lon="-121.9944241"><ele>93</ele><time>2026-08-23T18:55:21.565943Z</time></trkpt>
  <trkpt lat="37.4132139" lon="-121.9944348"><ele>92</ele><time>2026-08-23T18:55:21.583166Z</time></trkpt>
  <trkpt lat="37.4132072" lon="-121.9944448"><ele>91</ele><time>2026-08-23T18:55:21.683982Z</time></trkpt>
  <trkpt lat="37.4131985" lon="-121.9944533"><ele>89</ele><time>2026-08-23T18:55:21.784774Z</time></trkpt>
  <trkpt lat="37.4131878" lon="-121.9944599"><ele>88</ele><time>2026-08-23T18:55:21.885070Z</time></trkpt>
  <trkpt lat="37.4131744" lon="-121.9944629"><ele>86</ele><time>2026-08-23T18:55:21.985960Z</time></trkpt>
  <trkpt lat="37.4131599" lon="-121.9944621"><ele>85</ele><time>2026-08-23T18:55:22.086653Z</time></trkpt>
  <trkpt lat="37.4131448" lon="-121.9944587"><ele>84</ele><time>2026-08-23T18:55:22.187357Z</time></trkpt>
  <trkpt lat="37.4131286" lon="-121.9944531"><ele>83</ele><time>2026-08-23T18:55:22.287915Z</time></trkpt>
  <trkpt lat="37.4131122" lon="-121.9944463"><ele>82</ele><time>2026-08-23T18:55:22.388258Z</time></trkpt>
  <trkpt lat="37.4130966" lon="-121.9944389"><ele>81</ele><time>2026-08-23T18:55:22.488856Z</time></trkpt>
  <trkpt lat="37.4130810" lon="-121.9944314"><ele>80</ele><time>2026-08-23T18:55:22.589637Z</time></trkpt>
  <trkpt lat="37.4130650" lon="-121.9944239"><ele>79</ele><time>2026-08-23T18:55:22.689830Z</time></trkpt>
  <trkpt lat="37.4130479" lon="-121.9944167"><ele>78</ele><time>2026-08-23T18:55:22.770867Z</time></trkpt>
  <trkpt lat="37.4130295" lon="-121.9944099"><ele>77</ele><time>2026-08-23T18:55:22.871496Z</time></trkpt>
  <trkpt lat="37.4130068" lon="-121.9944058"><ele>79</ele><time>2026-08-23T18:55:22.972994Z</time></trkpt>
  <trkpt lat="37.4129865" lon="-121.9944014"><ele>79</ele><time>2026-08-23T18:55:23.073630Z</time></trkpt>
  <trkpt lat="37.4129664" lon="-121.9943979"><ele>79</ele><time>2026-08-23T18:55:23.174106Z</time></trkpt>
  <trkpt lat="37.4129460" lon="-121.9943951"><ele>79</ele><time>2026-08-23T18:55:23.275120Z</time></trkpt>
  <trkpt lat="37.4129258" lon="-121.9943922"><ele>79</ele><time>2026-08-23T18:55:23.375601Z</time></trkpt>
  <trkpt lat="37.4129057" lon="-121.9943898"><ele>79</ele><time>2026-08-23T18:55:23.476482Z</time></trkpt>
  <trkpt lat="37.4128856" lon="-121.9943875"><ele>79</ele><time>2026-08-23T18:55:23.577152Z</time></trkpt>
  <trkpt lat="37.4128653" lon="-121.9943857"><ele>79</ele><time>2026-08-23T18:55:23.677835Z</time></trkpt>
  <trkpt lat="37.4128653" lon="-121.9943857"><ele>79</ele><time>2026-08-23T18:55:23.711292Z</time></trkpt>
  <trkpt lat="37.4128450" lon="-121.9943843"><ele>80</ele><time>2026-08-23T18:55:23.778086Z</time></trkpt>
  <trkpt lat="37.4128249" lon="-121.9943832"><ele>80</ele><time>2026-08-23T18:55:23.878524Z</time></trkpt>
  <trkpt lat="37.4128048" lon="-121.9943825"><ele>79</ele><time>2026-08-23T18:55:23.978909Z</time></trkpt>
  <trkpt lat="37.4127847" lon="-121.9943822"><ele>80</ele><time>2026-08-23T18:55:24.079589Z</time></trkpt>
  <trkpt lat="37.4127646" lon="-121.9943823"><ele>79</ele><time>2026-08-23T18:55:24.179541Z</time></trkpt>
  <trkpt lat="37.4127445" lon="-121.9943835"><ele>80</ele><time>2026-08-23T18:55:24.280678Z</time></trkpt>
  <trkpt lat="37.4127258" lon="-121.9943859"><ele>80</ele><time>2026-08-23T18:55:24.381958Z</time></trkpt>
  <trkpt lat="37.4127087" lon="-121.9943907"><ele>80</ele><time>2026-08-23T18:55:24.482995Z</time></trkpt>
  <trkpt lat="37.4126936" lon="-121.9943975"><ele>80</ele><time>2026-08-23T18:55:24.583965Z</time></trkpt>
  <trkpt lat="37.4126796" lon="-121.9944054"><ele>81</ele><time>2026-08-23T18:55:24.685050Z</time></trkpt>
  <trkpt lat="37.4126664" lon="-121.9944148"><ele>81</ele><time>2026-08-23T18:55:24.786017Z</time></trkpt>
  <trkpt lat="37.4126551" lon="-121.9944260"><ele>82</ele><time>2026-08-23T18:55:24.886368Z</time></trkpt>
  <trkpt lat="37.4126457" lon="-121.9944384"><ele>83</ele><time>2026-08-23T18:55:24.986432Z</time></trkpt>
  <trkpt lat="37.4126373" lon="-121.9944512"><ele>83</ele><time>2026-08-23T18:55:25.086997Z</time></trkpt>
  <trkpt lat="37.4126300" lon="-121.9944651"><ele>84</ele><time>2026-08-23T18:55:25.167519Z</time></trkpt>
  <trkpt lat="37.4126252" lon="-121.9944796"><ele>84</ele><time>2026-08-23T18:55:25.268075Z</time></trkpt>
  <trkpt lat="37.4126220" lon="-121.9944942"><ele>85</ele><time>2026-08-23T18:55:25.368332Z</time></trkpt>
  <trkpt lat="37.4126204" lon="-121.9945082"><ele>85</ele><time>2026-08-23T18:55:25.469259Z</time></trkpt>
  <trkpt lat="37.4126208" lon="-121.9945210"><ele>85</ele><time>2026-08-23T18:55:25.569977Z</time></trkpt>
  <trkpt lat="37.4126230" lon="-121.9945325"><ele>85</ele><time>2026-08-23T18:55:25.670050Z</time></trkpt>
  <trkpt lat="37.4126271" lon="-121.9945423"><ele>85</ele><time>2026-08-23T18:55:25.770497Z</time></trkpt>
  <trkpt lat="37.4126271" lon="-121.9945423"><ele>85</ele><time>2026-08-23T18:55:25.858524Z</time></trkpt>
  <trkpt lat="37.4126330" lon="-121.9945493"><ele>84</ele><time>2026-08-23T18:55:25.871662Z</time></trkpt>
  <trkpt lat="37.4126409" lon="-121.9945535"><ele>84</ele><time>2026-08-23T18:55:25.972569Z</time></trkpt>
  <trkpt lat="37.4126519" lon="-121.9945532"><ele>83</ele><time>2026-08-23T18:55:26.073157Z</time></trkpt>
  <trkpt lat="37.4126624" lon="-121.9945496"><ele>82</ele><time>2026-08-23T18:55:26.173991Z</time></trkpt>
  <trkpt lat="37.4126723" lon="-121.9945447"><ele>82</ele><time>2026-08-23T18:55:26.274959Z</time></trkpt>
  <trkpt lat="37.4126815" lon="-121.9945390"><ele>80</ele><time>2026-08-23T18:55:26.376212Z</time></trkpt>
  <trkpt lat="37.4126891" lon="-121.9945322"><ele>79</ele><time>2026-08-23T18:55:26.476886Z</time></trkpt>
  <trkpt lat="37.4126944" lon="-121.9945231"><ele>78</ele><time>2026-08-23T18:55:26.577715Z</time></trkpt>
  <trkpt lat="37.4126979" lon="-121.9945116"><ele>76</ele><time>2026-08-23T18:55:26.678375Z</time></trkpt>
  <trkpt lat="37.4127003" lon="-121.9944990"><ele>75</ele><time>2026-08-23T18:55:26.779503Z</time></trkpt>
  <trkpt lat="37.4126998" lon="-121.9944858"><ele>73</ele><time>2026-08-23T18:55:26.880171Z</time></trkpt>
  <trkpt lat="37.4126972" lon="-121.9944722"><ele>72</ele><time>2026-08-23T18:55:26.980713Z</time></trkpt>
  <trkpt lat="37.4126926" lon="-121.9944581"><ele>71</ele><time>2026-08-23T18:55:27.081253Z</time></trkpt>
  <trkpt lat="37.4126844" lon="-121.9944433"><ele>70</ele><time>2026-08-23T18:55:27.181915Z</time></trkpt>
  <trkpt lat="37.4126720" lon="-121.9944292"><ele>71</ele><time>2026-08-23T18:55:27.283212Z</time></trkpt>
  <trkpt lat="37.4126567" lon="-121.9944188"><ele>70</ele><time>2026-08-23T18:55:27.383905Z</time></trkpt>
  <trkpt lat="37.4126396" lon="-121.9944120"><ele>70</ele><time>2026-08-23T18:55:27.484662Z</time></trkpt>
  <trkpt lat="37.4126223" lon="-121.9944082"><ele>70</ele><time>2026-08-23T18:55:27.565204Z</time></trkpt>
  <trkpt lat="37.4126043" lon="-121.9944083"><ele>69</ele><time>2026-08-23T18:55:27.666631Z</time></trkpt>
  <trkpt lat="37.4125876" lon="-121.9944134"><ele>69</ele><time>2026-08-23T18:55:27.767826Z</time></trkpt>
  <trkpt lat="37.4125713" lon="-121.9944216"><ele>70</ele><time>2026-08-23T18:55:27.868672Z</time></trkpt>
  <trkpt lat="37.4125570" lon="-121.9944330"><ele>70</ele><time>2026-08-23T18:55:27.969484Z</time></trkpt>
  <trkpt lat="37.4125570" lon="-121.9944330"><ele>70</ele><time>2026-08-23T18:55:28.011209Z</time></trkpt>
  <trkpt lat="37.4125458" lon="-121.9944454"><ele>71</ele><time>2026-08-23T18:55:28.069245Z</time></trkpt>
  <trkpt lat="37.4125362" lon="-121.9944588"><ele>72</ele><time>2026-08-23T18:55:28.170821Z</time></trkpt>
  <trkpt lat="37.4125279" lon="-121.9944718"><ele>73</ele><time>2026-08-23T18:55:28.271589Z</time></trkpt>
  <trkpt lat="37.4125244" lon="-121.9944842"><ele>74</ele><time>2026-08-23T18:55:28.372589Z</time></trkpt>
  <trkpt lat="37.4125246" lon="-121.9944970"><ele>75</ele><time>2026-08-23T18:55:28.473384Z</time></trkpt>
  <trkpt lat="37.4125265" lon="-121.9945098"><ele>75</ele><time>2026-08-23T18:55:28.574584Z</time></trkpt>
  <trkpt lat="37.4125290" lon="-121.9945230"><ele>76</ele><time>2026-08-23T18:55:28.675301Z</time></trkpt>
  <trkpt lat="37.4125316" lon="-121.9945368"><ele>76</ele><time>2026-08-23T18:55:28.775050Z</time></trkpt>
  <trkpt lat="37.4125352" lon="-121.9945500"><ele>77</ele><time>2026-08-23T18:55:28.875562Z</time></trkpt>
  <trkpt lat="37.4125412" lon="-121.9945611"><ele>77</ele><time>2026-08-23T18:55:28.976077Z</time></trkpt>
  <trkpt lat="37.4125489" lon="-121.9945723"><ele>77</ele><time>2026-08-23T18:55:29.076092Z</time></trkpt>
  <trkpt lat="37.4125558" lon="-121.9945852"><ele>78</ele><time>2026-08-23T18:55:29.176465Z</time></trkpt>
  <trkpt lat="37.4125622" lon="-121.9945988"><ele>77</ele><time>2026-08-23T18:55:29.277046Z</time></trkpt>
  <trkpt lat="37.4125699" lon="-121.9946118"><ele>77</ele><time>2026-08-23T18:55:29.377622Z</time></trkpt>
  <trkpt lat="37.4125796" lon="-121.9946228"><ele>77</ele><time>2026-08-23T18:55:29.478278Z</time></trkpt>
  <trkpt lat="37.4125903" lon="-121.9946331"><ele>78</ele><time>2026-08-23T18:55:29.578859Z</time></trkpt>
  <trkpt lat="37.4126003" lon="-121.9946429"><ele>78</ele><time>2026-08-23T18:55:29.679691Z</time></trkpt>
  <trkpt lat="37.4126093" lon="-121.9946530"><ele>77</ele><time>2026-08-23T18:55:29.780188Z</time></trkpt>
  <trkpt lat="37.4126205" lon="-121.9946631"><ele>77</ele><time>2026-08-23T18:55:29.881553Z</time></trkpt>
  <trkpt lat="37.4126332" lon="-121.9946732"><ele>77</ele><time>2026-08-23T18:55:29.962516Z</time></trkpt>
  <trkpt lat="37.4126458" lon="-121.9946832"><ele>78</ele><time>2026-08-23T18:55:30.082778Z</time></trkpt>
  <trkpt lat="37.4126580" lon="-121.9946929"><ele>78</ele><time>2026-08-23T18:55:30.163211Z</time></trkpt>
  <trkpt lat="37.4126580" lon="-121.9946929"><ele>78</ele><time>2026-08-23T18:55:30.169451Z</time></trkpt>
  <trkpt lat="37.4126708" lon="-121.9947025"><ele>79</ele><time>2026-08-23T18:55:30.264119Z</time></trkpt>
  <trkpt lat="37.4126834" lon="-121.9947119"><ele>79</ele><time>2026-08-23T18:55:30.364172Z</time></trkpt>
  <trkpt lat="37.4126963" lon="-121.9947209"><ele>79</ele><time>2026-08-23T18:55:30.465106Z</time></trkpt>
  <trkpt lat="37.4127094" lon="-121.9947299"><ele>79</ele><time>2026-08-23T18:55:30.565837Z</time></trkpt>
  <trkpt lat="37.4127221" lon="-121.9947392"><ele>80</ele><time>2026-08-23T18:55:30.666831Z</time></trkpt>
  <trkpt lat="37.4127349" lon="-121.9947477"><ele>80</ele><time>2026-08-23T18:55:30.767612Z</time></trkpt>
  <trkpt lat="37.4127476" lon="-121.9947552"><ele>80</ele><time>2026-08-23T18:55:30.867348Z</time></trkpt>
  <trkpt lat="37.4127602" lon="-121.9947631"><ele>80</ele><time>2026-08-23T18:55:30.968317Z</time></trkpt>
  <trkpt lat="37.4127726" lon="-121.9947712"><ele>81</ele><time>2026-08-23T18:55:31.069043Z</time></trkpt>
  <trkpt lat="37.4127854" lon="-121.9947777"><ele>81</ele><time>2026-08-23T18:55:31.169394Z</time></trkpt>
  <trkpt lat="37.4127981" lon="-121.9947837"><ele>82</ele><time>2026-08-23T18:55:31.270935Z</time></trkpt>
  <trkpt lat="37.4128107" lon="-121.9947900"><ele>82</ele><time>2026-08-23T18:55:31.370792Z</time></trkpt>
  <trkpt lat="37.4128231" lon="-121.9947964"><ele>82</ele><time>2026-08-23T18:55:31.471181Z</time></trkpt>
  <trkpt lat="37.4128348" lon="-121.9948012"><ele>83</ele><time>2026-08-23T18:55:31.571991Z</time></trkpt>
  <trkpt lat="37.4128468" lon="-121.9948029"><ele>83</ele><time>2026-08-23T18:55:31.672335Z</time></trkpt>
  <trkpt lat="37.4128592" lon="-121.9948030"><ele>84</ele><time>2026-08-23T18:55:31.772780Z</time></trkpt>
  <trkpt lat="37.4128725" lon="-121.9948022"><ele>84</ele><time>2026-08-23T18:55:31.874445Z</time></trkpt>
  <trkpt lat="37.4128846" lon="-121.9948021"><ele>85</ele><time>2026-08-23T18:55:31.974779Z</time></trkpt>
  <trkpt lat="37.4128959" lon="-121.9947995"><ele>85</ele><time>2026-08-23T18:55:32.075564Z</time></trkpt>
  <trkpt lat="37.4129067" lon="-121.9947929"><ele>86</ele><time>2026-08-23T18:55:32.175817Z</time></trkpt>
  <trkpt lat="37.4129159" lon="-121.9947834"><ele>86</ele><time>2026-08-23T18:55:32.277001Z</time></trkpt>
  <trkpt lat="37.4129159" lon="-121.9947834"><ele>86</ele><time>2026-08-23T18:55:32.321818Z</time></trkpt>
  <trkpt lat="37.4129257" lon="-121.9947722"><ele>87</ele><time>2026-08-23T18:55:32.378122Z</time></trkpt>
  <trkpt lat="37.4129351" lon="-121.9947616"><ele>88</ele><time>2026-08-23T18:55:32.478827Z</time></trkpt>
  <trkpt lat="37.4129448" lon="-121.9947526"><ele>88</ele><time>2026-08-23T18:55:32.579811Z</time></trkpt>
  <trkpt lat="37.4129540" lon="-121.9947427"><ele>88</ele><time>2026-08-23T18:55:32.660157Z</time></trkpt>
  <trkpt lat="37.4129613" lon="-121.9947307"><ele>88</ele><time>2026-08-23T18:55:32.760639Z</time></trkpt>
  <trkpt lat="37.4129675" lon="-121.9947167"><ele>89</ele><time>2026-08-23T18:55:32.860986Z</time></trkpt>
  <trkpt lat="37.4129737" lon="-121.9947032"><ele>89</ele><time>2026-08-23T18:55:32.962524Z</time></trkpt>
  <trkpt lat="37.4129807" lon="-121.9946898"><ele>89</ele><time>2026-08-23T18:55:33.063498Z</time></trkpt>
  <trkpt lat="37.4129867" lon="-121.9946753"><ele>89</ele><time>2026-08-23T18:55:33.164546Z</time></trkpt>
  <trkpt lat="37.4129894" lon="-121.9946599"><ele>89</ele><time>2026-08-23T18:55:33.265107Z</time></trkpt>
  <trkpt lat="37.4129904" lon="-121.9946425"><ele>89</ele><time>2026-08-23T18:55:33.365413Z</time></trkpt>
  <trkpt lat="37.4129894" lon="-121.9946247"><ele>89</ele><time>2026-08-23T18:55:33.465769Z</time></trkpt>
  <trkpt lat="37.4129848" lon="-121.9946082"><ele>90</ele><time>2026-08-23T18:55:33.566023Z</time></trkpt>
  <trkpt lat="37.4129788" lon="-121.9945919"><ele>91</ele><time>2026-08-23T18:55:33.666975Z</time></trkpt>
  <trkpt lat="37.4129733" lon="-121.9945745"><ele>91</ele><time>2026-08-23T18:55:33.767518Z</time></trkpt>
  <trkpt lat="37.4129678" lon="-121.9945569"><ele>91</ele><time>2026-08-23T18:55:33.867759Z</time></trkpt>
  <trkpt lat="37.4129611" lon="-121.9945415"><ele>92</ele><time>2026-08-23T18:55:33.967831Z</time></trkpt>
  <trkpt lat="37.4129527" lon="-121.9945285"><ele>94</ele><time>2026-08-23T18:55:34.068558Z</time></trkpt>
  <trkpt lat="37.4129430" lon="-121.9945154"><ele>95</ele><time>2026-08-23T18:55:34.169102Z</time></trkpt>
  <trkpt lat="37.4129323" lon="-121.9945016"><ele>95</ele><time>2026-08-23T18:55:34.269399Z</time></trkpt>
  <trkpt lat="37.4129232" lon="-121.9944869"><ele>95</ele><time>2026-08-23T18:55:34.370682Z</time></trkpt>
  <trkpt lat="37.4129232" lon="-121.9944869"><ele>95</ele><time>2026-08-23T18:55:34.471240Z</time></trkpt>
  <trkpt lat="37.4129147" lon="-121.9944731"><ele>95</ele><time>2026-08-23T18:55:34.471751Z</time></trkpt>
  <trkpt lat="37.4129059" lon="-121.9944613"><ele>96</ele><time>2026-08-23T18:55:34.572617Z</time></trkpt>
  <trkpt lat="37.4128935" lon="-121.9944512"><ele>97</ele><time>2026-08-23T18:55:34.673469Z</time></trkpt>
  <trkpt lat="37.4128783" lon="-121.9944423"><ele>98</ele><time>2026-08-23T18:55:34.773629Z</time></trkpt>
  <trkpt lat="37.4128663" lon="-121.9944323"><ele>98</ele><time>2026-08-23T18:55:34.874240Z</time></trkpt>
  <trkpt lat="37.4128552" lon="-121.9944226"><ele>99</ele><time>2026-08-23T18:55:34.975478Z</time></trkpt>
  <trkpt lat="37.4128444" lon="-121.9944139"><ele>99</ele><time>2026-08-23T18:55:35.076346Z</time></trkpt>
  <trkpt lat="37.4128344" lon="-121.9944056"><ele>99</ele><time>2026-08-23T18:55:35.156869Z</time></trkpt>
  <trkpt lat="37.4128246" lon="-121.9943972"><ele>100</ele><time>2026-08-23T18:55:35.258054Z</time></trkpt>
  <trkpt lat="37.4128138" lon="-121.9943888"><ele>100</ele><time>2026-08-23T18:55:35.358920Z</time></trkpt>
  <trkpt lat="37.4128031" lon="-121.9943808"><ele>100</ele><time>2026-08-23T18:55:35.459873Z</time></trkpt>
  <trkpt lat="37.4127923" lon="-121.9943735"><ele>101</ele><time>2026-08-23T18:55:35.560547Z</time></trkpt>
  <trkpt lat="37.4127814" lon="-121.9943676"><ele>101</ele><time>2026-08-23T18:55:35.661543Z</time></trkpt>
  <trkpt lat="37.4127707" lon="-121.9943624"><ele>102</ele><time>2026-08-23T18:55:35.761938Z</time></trkpt>
  <trkpt lat="37.4127599" lon="-121.9943577"><ele>103</ele><time>2026-08-23T18:55:35.862435Z</time></trkpt>
  <trkpt lat="37.4127491" lon="-121.9943534"><ele>103</ele><time>2026-08-23T18:55:35.962773Z</time></trkpt>
  <trkpt lat="37.4127384" lon="-121.9943510"><ele>104</ele><time>2026-08-23T18:55:36.063189Z</time></trkpt>
  <trkpt lat="37.4127281" lon="-121.9943513"><ele>105</ele><time>2026-08-23T18:55:36.164591Z</time></trkpt>
  <trkpt lat="37.4127180" lon="-121.9943533"><ele>106</ele><time>2026-08-23T18:55:36.265373Z</time></trkpt>
  <trkpt lat="37.4127071" lon="-121.9943568"><ele>106</ele><time>2026-08-23T18:55:36.365742Z</time></trkpt>
  <trkpt lat="37.4126963" lon="-121.9943619"><ele>107</ele><time>2026-08-23T18:55:36.466439Z</time></trkpt>
  <trkpt lat="37.4126857" lon="-121.9943690"><ele>108</ele><time>2026-08-23T18:55:36.566899Z</time></trkpt>
  <trkpt lat="37.4126857" lon="-121.9943690"><ele>108</ele><time>2026-08-23T18:55:36.621169Z</time></trkpt>
  <trkpt lat="37.4126748" lon="-121.9943788"><ele>108</ele><time>2026-08-23T18:55:36.667274Z</time></trkpt>
  <trkpt lat="37.4126651" lon="-121.9943902"><ele>108</ele><time>2026-08-23T18:55:36.768034Z</time></trkpt>
  <trkpt lat="37.4126555" lon="-121.9944011"><ele>109</ele><time>2026-08-23T18:55:36.868599Z</time></trkpt>
  <trkpt lat="37.4126454" lon="-121.9944112"><ele>109</ele><time>2026-08-23T18:55:36.969041Z</time></trkpt>
  <trkpt lat="37.4126354" lon="-121.9944207"><ele>109</ele><time>2026-08-23T18:55:37.069797Z</time></trkpt>
  <trkpt lat="37.4126263" lon="-121.9944317"><ele>108</ele><time>2026-08-23T18:55:37.170978Z</time></trkpt>
  <trkpt lat="37.4126192" lon="-121.9944437"><ele>108</ele><time>2026-08-23T18:55:37.271220Z</time></trkpt>
  <trkpt lat="37.4126126" lon="-121.9944562"><ele>107</ele><time>2026-08-23T18:55:37.371635Z</time></trkpt>
  <trkpt lat="37.4126051" lon="-121.9944665"><ele>106</ele><time>2026-08-23T18:55:37.471867Z</time></trkpt>
  <trkpt lat="37.4125986" lon="-121.9944761"><ele>105</ele><time>2026-08-23T18:55:37.572488Z</time></trkpt>
  <trkpt lat="37.4125917" lon="-121.9944872"><ele>104</ele><time>2026-08-23T18:55:37.673070Z</time></trkpt>
  <trkpt lat="37.4125875" lon="-121.9944999"><ele>104</ele><time>2026-08-23T18:55:37.753385Z</time></trkpt>
  <trkpt lat="37.4125860" lon="-121.9945141"><ele>103</ele><time>2026-08-23T18:55:37.853308Z</time></trkpt>
  <trkpt lat="37.4125859" lon="-121.9945296"><ele>103</ele><time>2026-08-23T18:55:37.953666Z</time></trkpt>
  <trkpt lat="37.4125879" lon="-121.9945449"><ele>102</ele><time>2026-08-23T18:55:38.055102Z</time></trkpt>
  <trkpt lat="37.4125918" lon="-121.9945610"><ele>102</ele><time>2026-08-23T18:55:38.156880Z</time></trkpt>
  <trkpt lat="37.4125964" lon="-121.9945771"><ele>101</ele><time>2026-08-23T18:55:38.257504Z</time></trkpt>
  <trkpt lat="37.4126026" lon="-121.9945930"><ele>101</ele><time>2026-08-23T18:55:38.358248Z</time></trkpt>
  <trkpt lat="37.4126098" lon="-121.9946090"><ele>101</ele><time>2026-08-23T18:55:38.459029Z</time></trkpt>
  <trkpt lat="37.4126165" lon="-121.9946249"><ele>101</ele><time>2026-08-23T18:55:38.559645Z</time></trkpt>
  <trkpt lat="37.4126205" lon="-121.9946410"><ele>102</ele><time>2026-08-23T18:55:38.660665Z</time></trkpt>
  <trkpt lat="37.4126248" lon="-121.9946580"><ele>103</ele><time>2026-08-23T18:55:38.761530Z</time></trkpt>
  <trkpt lat="37.4126248" lon="-121.9946580"><ele>103</ele><time>2026-08-23T18:55:38.767696Z</time></trkpt>
  <trkpt lat="37.4126301" lon="-121.9946718"><ele>104</ele><time>2026-08-23T18:55:38.861794Z</time></trkpt>
  <trkpt lat="37.4126341" lon="-121.9946854"><ele>105</ele><time>2026-08-23T18:55:38.962282Z</time></trkpt>
  <trkpt lat="37.4126376" lon="-121.9946987"><ele>106</ele><time>2026-08-23T18:55:39.062381Z</time></trkpt>
  <trkpt lat="37.4126395" lon="-121.9947109"><ele>107</ele><time>2026-08-23T18:55:39.163286Z</time></trkpt>
  <trkpt lat="37.4126396" lon="-121.9947224"><ele>108</ele><time>2026-08-23T18:55:39.262933Z</time></trkpt>
  <trkpt lat="37.4126399" lon="-121.9947340"><ele>108</ele><time>2026-08-23T18:55:39.363325Z</time></trkpt>
  <trkpt lat="37.4126398" lon="-121.9947459"><ele>109</ele><time>2026-08-23T18:55:39.463559Z</time></trkpt>
  <trkpt lat="37.4126407" lon="-121.9947587"><ele>110</ele><time>2026-08-23T18:55:39.563874Z</time></trkpt>
  <trkpt lat="37.4126418" lon="-121.9947716"><ele>111</ele><time>2026-08-23T18:55:39.664619Z</time></trkpt>
  <trkpt lat="37.4126419" lon="-121.9947838"><ele>111</ele><time>2026-08-23T18:55:39.766348Z</time></trkpt>
  <trkpt lat="37.4126411" lon="-121.9947957"><ele>112</ele><time>2026-08-23T18:55:39.866316Z</time></trkpt>
  <trkpt lat="37.4126404" lon="-121.9948083"><ele>112</ele><time>2026-08-23T18:55:39.967055Z</time></trkpt>
  <trkpt lat="37.4126406" lon="-121.9948208"><ele>113</ele><time>2026-08-23T18:55:40.067568Z</time></trkpt>
  <trkpt lat="37.4126421" lon="-121.9948335"><ele>112</ele><time>2026-08-23T18:55:40.168114Z</time></trkpt>
  <trkpt lat="37.4126449" lon="-121.9948462"><ele>112</ele><time>2026-08-23T18:55:40.269207Z</time></trkpt>
  <trkpt lat="37.4126485" lon="-121.9948593"><ele>112</ele><time>2026-08-23T18:55:40.369593Z</time></trkpt>
  <trkpt lat="37.4126532" lon="-121.9948720"><ele>111</ele><time>2026-08-23T18:55:40.470051Z</time></trkpt>
  <trkpt lat="37.4126603" lon="-121.9948830"><ele>111</ele><time>2026-08-23T18:55:40.550400Z</time></trkpt>
  <trkpt lat="37.4126691" lon="-121.9948920"><ele>111</ele><time>2026-08-23T18:55:40.670843Z</time></trkpt>
  <trkpt lat="37.4126791" lon="-121.9948994"><ele>111</ele><time>2026-08-23T18:55:40.751259Z</time></trkpt>
  <trkpt lat="37.4126904" lon="-121.9949041"><ele>110</ele><time>2026-08-23T18:55:40.852093Z</time></trkpt>
  <trkpt lat="37.4126904" lon="-121.9949041"><ele>110</ele><time>2026-08-23T18:55:40.920475Z</time></trkpt>
  <trkpt lat="37.4127030" lon="-121.9949048"><ele>110</ele><time>2026-08-23T18:55:40.953285Z</time></trkpt>
  <trkpt lat="37.4127145" lon="-121.9949042"><ele>110</ele><time>2026-08-23T18:55:41.053876Z</time></trkpt>
  <trkpt lat="37.4127263" lon="-121.9949042"><ele>110</ele><time>2026-08-23T18:55:41.154480Z</time></trkpt>
  <trkpt lat="37.4127383" lon="-121.9949054"><ele>109</ele><time>2026-08-23T18:55:41.254937Z</time></trkpt>
  <trkpt lat="37.4127510" lon="-121.9949062"><ele>109</ele><time>2026-08-23T18:55:41.355779Z</time></trkpt>
  <trkpt lat="37.4127649" lon="-121.9949039"><ele>108</ele><time>2026-08-23T18:55:41.456700Z</time></trkpt>
  <trkpt lat="37.4127785" lon="-121.9948989"><ele>108</ele><time>2026-08-23T18:55:41.557468Z</time></trkpt>
  <trkpt lat="37.4127914" lon="-121.9948924"><ele>108</ele><time>2026-08-23T18:55:41.657697Z</time></trkpt>
  <trkpt lat="37.4128040" lon="-121.9948864"><ele>108</ele><time>2026-08-23T18:55:41.758359Z</time></trkpt>
  <trkpt lat="37.4128163" lon="-121.9948806"><ele>107</ele><time>2026-08-23T18:55:41.859644Z</time></trkpt>
  <trkpt lat="37.4128290" lon="-121.9948749"><ele>107</ele><time>2026-08-23T18:55:41.960947Z</time></trkpt>
  <trkpt lat="37.4128412" lon="-121.9948691"><ele>107</ele><time>2026-08-23T18:55:42.062423Z</time></trkpt>
  <trkpt lat="37.4128542" lon="-121.9948612"><ele>107</ele><time>2026-08-23T18:55:42.162465Z</time></trkpt>
  <trkpt lat="37.4128667" lon="-121.9948527"><ele>107</ele><time>2026-08-23T18:55:42.263216Z</time></trkpt>
  <trkpt lat="37.4128786" lon="-121.9948434"><ele>107</ele><time>2026-08-23T18:55:42.363708Z</time></trkpt>
  <trkpt lat="37.4128898" lon="-121.9948340"><ele>107</ele><time>2026-08-23T18:55:42.464245Z</time></trkpt>
  <trkpt lat="37.4129010" lon="-121.9948242"><ele>107</ele><time>2026-08-23T18:55:42.564630Z</time></trkpt>
  <trkpt lat="37.4129116" lon="-121.9948166"><ele>107</ele><time>2026-08-23T18:55:42.665367Z</time></trkpt>
  <trkpt lat="37.4129226" lon="-121.9948096"><ele>107</ele><time>2026-08-23T18:55:42.765788Z</time></trkpt>
  <trkpt lat="37.4129349" lon="-121.9948040"><ele>107</ele><time>2026-08-23T18:55:42.866445Z</time></trkpt>
  <trkpt lat="37.4129472" lon="-121.9948019"><ele>108</ele><time>2026-08-23T18:55:42.967669Z</time></trkpt>
  <trkpt lat="37.4129591" lon="-121.9948029"><ele>108</ele><time>2026-08-23T18:55:43.047608Z</time></trkpt>
  <trkpt lat="37.4129591" lon="-121.9948029"><ele>108</ele><time>2026-08-23T18:55:43.073023Z</time></trkpt>
  <trkpt lat="37.4129702" lon="-121.9948066"><ele>109</ele><time>2026-08-23T18:55:43.148655Z</time></trkpt>
  <trkpt lat="37.4129813" lon="-121.9948119"><ele>110</ele><time>2026-08-23T18:55:43.249801Z</time></trkpt>
  <trkpt lat="37.4129919" lon="-121.9948193"><ele>110</ele><time>2026-08-23T18:55:43.350590Z</time></trkpt>
  <trkpt lat="37.4130017" lon="-121.9948291"><ele>111</ele><time>2026-08-23T18:55:43.451687Z</time></trkpt>
  <trkpt lat="37.4130134" lon="-121.9948387"><ele>111</ele><time>2026-08-23T18:55:43.552005Z</time></trkpt>
  <trkpt lat="37.4130260" lon="-121.9948458"><ele>111</ele><time>2026-08-23T18:55:43.653263Z</time></trkpt>
  <trkpt lat="37.4130377" lon="-121.9948509"><ele>111</ele><time>2026-08-23T18:55:43.753930Z</time></trkpt>
  <trkpt lat="37.4130478" lon="-121.9948568"><ele>112</ele><time>2026-08-23T18:55:43.854785Z</time></trkpt>
  <trkpt lat="37.4130581" lon="-121.9948635"><ele>113</ele><time>2026-08-23T18:55:43.955166Z</time></trkpt>
  <trkpt lat="37.4130683" lon="-121.9948722"><ele>113</ele><time>2026-08-23T18:55:44.055697Z</time></trkpt>
  <trkpt lat="37.4130788" lon="-121.9948801"><ele>113</ele><time>2026-08-23T18:55:44.156887Z</time></trkpt>
  <trkpt lat="37.4130906" lon="-121.9948865"><ele>112</ele><time>2026-08-23T18:55:44.257344Z</time></trkpt>
  <trkpt lat="37.4131033" lon="-121.9948908"><ele>112</ele><time>2026-08-23T18:55:44.357786Z</time></trkpt>
  <trkpt lat="37.4131175" lon="-121.9948922"><ele>112</ele><time>2026-08-23T18:55:44.458944Z</time></trkpt>
  <trkpt lat="37.4131325" lon="-121.9948910"><ele>111</ele><time>2026-08-23T18:55:44.559817Z</time></trkpt>
  <trkpt lat="37.4131462" lon="-121.9948863"><ele>110</ele><time>2026-08-23T18:55:44.660151Z</time></trkpt>
  <trkpt lat="37.4131579" lon="-121.9948810"><ele>109</ele><time>2026-08-23T18:55:44.761629Z</time></trkpt>
  <trkpt lat="37.4131677" lon="-121.9948736"><ele>109</ele><time>2026-08-23T18:55:44.862689Z</time></trkpt>
  <trkpt lat="37.4131757" lon="-121.9948663"><ele>108</ele><time>2026-08-23T18:55:44.963594Z</time></trkpt>
  <trkpt lat="37.4131832" lon="-121.9948576"><ele>108</ele><time>2026-08-23T18:55:45.064511Z</time></trkpt>
  <trkpt lat="37.4131880" lon="-121.9948522"><ele>107</ele><time>2026-08-23T18:55:45.145542Z</time></trkpt>
  <trkpt lat="37.4131880" lon="-121.9948522"><ele>107</ele><time>2026-08-23T18:55:45.222264Z</time></trkpt>
  <trkpt lat="37.4131915" lon="-121.9948502"><ele>105</ele><time>2026-08-23T18:55:45.246170Z</time></trkpt>
  <trkpt lat="37.4131941" lon="-121.9948514"><ele>104</ele><time>2026-08-23T18:55:45.346833Z</time></trkpt>
  <trkpt lat="37.4131958" lon="-121.9948579"><ele>103</ele><time>2026-08-23T18:55:45.446901Z</time></trkpt>
  <trkpt lat="37.4131987" lon="-121.9948651"><ele>102</ele><time>2026-08-23T18:55:45.547915Z</time></trkpt>
  <trkpt lat="37.4132033" lon="-121.9948727"><ele>100</ele><time>2026-08-23T18:55:45.648633Z</time></trkpt>
  <trkpt lat="37.4132101" lon="-121.9948817"><ele>98</ele><time>2026-08-23T18:55:45.749198Z</time></trkpt>
  <trkpt lat="37.4132164" lon="-121.9948927"><ele>96</ele><time>2026-08-23T18:55:45.849924Z</time></trkpt>
  <trkpt lat="37.4132212" lon="-121.9949070"><ele>96</ele><time>2026-08-23T18:55:45.950685Z</time></trkpt>
  <trkpt lat="37.4132272" lon="-121.9949235"><ele>96</ele><time>2026-08-23T18:55:46.051254Z</time></trkpt>
  <trkpt lat="37.4132326" lon="-121.9949435"><ele>97</ele><time>2026-08-23T18:55:46.152852Z</time></trkpt>
  <trkpt lat="37.4132415" lon="-121.9949706"><ele>98</ele><time>2026-08-23T18:55:46.253458Z</time></trkpt>
  <trkpt lat="37.4132501" lon="-121.9949903"><ele>98</ele><time>2026-08-23T18:55:46.354010Z</time></trkpt>
  <trkpt lat="37.4132559" lon="-121.9950097"><ele>98</ele><time>2026-08-23T18:55:46.454084Z</time></trkpt>
  <trkpt lat="37.4132618" lon="-121.9950291"><ele>98</ele><time>2026-08-23T18:55:46.554717Z</time></trkpt>
  <trkpt lat="37.4132674" lon="-121.9950488"><ele>98</ele><time>2026-08-23T18:55:46.655403Z</time></trkpt>
  <trkpt lat="37.4132725" lon="-121.9950688"><ele>98</ele><time>2026-08-23T18:55:46.755995Z</time></trkpt>
  <trkpt lat="37.4132768" lon="-121.9950893"><ele>98</ele><time>2026-08-23T18:55:46.856524Z</time></trkpt>
  <trkpt lat="37.4132804" lon="-121.9951100"><ele>99</ele><time>2026-08-23T18:55:46.956893Z</time></trkpt>
  <trkpt lat="37.4132848" lon="-121.9951296"><ele>99</ele><time>2026-08-23T18:55:47.057850Z</time></trkpt>
  <trkpt lat="37.4132892" lon="-121.9951488"><ele>98</ele><time>2026-08-23T18:55:47.158410Z</time></trkpt>
  <trkpt lat="37.4132937" lon="-121.9951672"><ele>98</ele><time>2026-08-23T18:55:47.258909Z</time></trkpt>
  <trkpt lat="37.4132973" lon="-121.9951853"><ele>97</ele><time>2026-08-23T18:55:47.359351Z</time></trkpt>
  <trkpt lat="37.4132973" lon="-121.9951853"><ele>97</ele><time>2026-08-23T18:55:47.376534Z</time></trkpt>
  <trkpt lat="37.4132997" lon="-121.9952039"><ele>97</ele><time>2026-08-23T18:55:47.459588Z</time></trkpt>
  <trkpt lat="37.4133022" lon="-121.9952225"><ele>96</ele><time>2026-08-23T18:55:47.560578Z</time></trkpt>
  <trkpt lat="37.4133049" lon="-121.9952404"><ele>96</ele><time>2026-08-23T18:55:47.661375Z</time></trkpt>
  <trkpt lat="37.4133097" lon="-121.9952563"><ele>95</ele><time>2026-08-23T18:55:47.762011Z</time></trkpt>
  <trkpt lat="37.4133170" lon="-121.9952698"><ele>95</ele><time>2026-08-23T18:55:47.862219Z</time></trkpt>
  <trkpt lat="37.4133275" lon="-121.9952806"><ele>94</ele><time>2026-08-23T18:55:47.942394Z</time></trkpt>
  <trkpt lat="37.4133394" lon="-121.9952895"><ele>93</ele><time>2026-08-23T18:55:48.062885Z</time></trkpt>
  <trkpt lat="37.4133518" lon="-121.9952969"><ele>93</ele><time>2026-08-23T18:55:48.143685Z</time></trkpt>
  <trkpt lat="37.4133652" lon="-121.9953024"><ele>92</ele><time>2026-08-23T18:55:48.244176Z</time></trkpt>
  <trkpt lat="37.4133791" lon="-121.9953056"><ele>92</ele><time>2026-08-23T18:55:48.345469Z</time></trkpt>
  <trkpt lat="37.4133932" lon="-121.9953070"><ele>91</ele><time>2026-08-23T18:55:48.446349Z</time></trkpt>
  <trkpt lat="37.4134073" lon="-121.9953066"><ele>91</ele><time>2026-08-23T18:55:48.546102Z</time></trkpt>
  <trkpt lat="37.4134214" lon="-121.9953044"><ele>91</ele><time>2026-08-23T18:55:48.646376Z</time></trkpt>
  <trkpt lat="37.4134352" lon="-121.9953006"><ele>91</ele><time>2026-08-23T18:55:48.746868Z</time></trkpt>
  <trkpt lat="37.4134490" lon="-121.9952952"><ele>90</ele><time>2026-08-23T18:55:48.847703Z</time></trkpt>
  <trkpt lat="37.4134625" lon="-121.9952889"><ele>90</ele><time>2026-08-23T18:55:48.948301Z</time></trkpt>
  <trkpt lat="37.4134756" lon="-121.9952821"><ele>90</ele><time>2026-08-23T18:55:49.048554Z</time></trkpt>
  <trkpt lat="37.4134887" lon="-121.9952747"><ele>90</ele><time>2026-08-23T18:55:49.148745Z</time></trkpt>
  <trkpt lat="37.4135016" lon="-121.9952670"><ele>89</ele><time>2026-08-23T18:55:49.249153Z</time></trkpt>
  <trkpt lat="37.4135144" lon="-121.9952588"><ele>89</ele><time>2026-08-23T18:55:49.349932Z</time></trkpt>
  <trkpt lat="37.4135269" lon="-121.9952503"><ele>88</ele><time>2026-08-23T18:55:49.450251Z</time></trkpt>
  <trkpt lat="37.4135269" lon="-121.9952503"><ele>88</ele><time>2026-08-23T18:55:49.532206Z</time></trkpt>
  <trkpt lat="37.4135394" lon="-121.9952414"><ele>88</ele><time>2026-08-23T18:55:49.551270Z</time></trkpt>
  <trkpt lat="37.4135516" lon="-121.9952324"><ele>87</ele><time>2026-08-23T18:55:49.651845Z</time></trkpt>
  <trkpt lat="37.4135636" lon="-121.9952228"><ele>86</ele><time>2026-08-23T18:55:49.752778Z</time></trkpt>
  <trkpt lat="37.4135752" lon="-121.9952118"><ele>86</ele><time>2026-08-23T18:55:49.853130Z</time></trkpt>
  <trkpt lat="37.4135862" lon="-121.9951990"><ele>85</ele><time>2026-08-23T18:55:49.953709Z</time></trkpt>
  <trkpt lat="37.4135965" lon="-121.9951850"><ele>84</ele><time>2026-08-23T18:55:50.054237Z</time></trkpt>
  <trkpt lat="37.4136065" lon="-121.9951699"><ele>84</ele><time>2026-08-23T18:55:50.154832Z</time></trkpt>
  <trkpt lat="37.4136160" lon="-121.9951544"><ele>83</ele><time>2026-08-23T18:55:50.255196Z</time></trkpt>
  <trkpt lat="37.4136251" lon="-121.9951385"><ele>83</ele><time>2026-08-23T18:55:50.355804Z</time></trkpt>
  <trkpt lat="37.4136339" lon="-121.9951220"><ele>82</ele><time>2026-08-23T18:55:50.456561Z</time></trkpt>
  <trkpt lat="37.4136424" lon="-121.9951054"><ele>81</ele><time>2026-08-23T18:55:50.556904Z</time></trkpt>
  <trkpt lat="37.4136507" lon="-121.9950885"><ele>81</ele><time>2026-08-23T18:55:50.657845Z</time></trkpt>
  <trkpt lat="37.4136587" lon="-121.9950714"><ele>80</ele><time>2026-08-23T18:55:50.757767Z</time></trkpt>
  <trkpt lat="37.4136665" lon="-121.9950535"><ele>79</ele><time>2026-08-23T18:55:50.858194Z</time></trkpt>
  <trkpt lat="37.4136741" lon="-121.9950351"><ele>78</ele><time>2026-08-23T18:55:50.939226Z</time></trkpt>
  <trkpt lat="37.4136813" lon="-121.9950162"><ele>78</ele><time>2026-08-23T18:55:51.059782Z</time></trkpt>
  <trkpt lat="37.4136879" lon="-121.9949967"><ele>77</ele><time>2026-08-23T18:55:51.140125Z</time></trkpt>
  <trkpt lat="37.4136942" lon="-121.9949769"><ele>76</ele><time>2026-08-23T18:55:51.241187Z</time></trkpt>
  <trkpt lat="37.4137003" lon="-121.9949571"><ele>76</ele><time>2026-08-23T18:55:51.341539Z</time></trkpt>
  <trkpt lat="37.4137064" lon="-121.9949376"><ele>75</ele><time>2026-08-23T18:55:51.442317Z</time></trkpt>
  <trkpt lat="37.4137125" lon="-121.9949181"><ele>74</ele><time>2026-08-23T18:55:51.542851Z</time></trkpt>
  <trkpt lat="37.4137182" lon="-121.9948985"><ele>73</ele><time>2026-08-23T18:55:51.643523Z</time></trkpt>
  <trkpt lat="37.4137182" lon="-121.9948985"><ele>73</ele><time>2026-08-23T18:55:51.695490Z</time></trkpt>
  <trkpt lat="37.4137231" lon="-121.9948781"><ele>72</ele><time>2026-08-23T18:55:51.743692Z</time></trkpt>
  <trkpt lat="37.4137267" lon="-121.9948569"><ele>71</ele><time>2026-08-23T18:55:51.843909Z</time></trkpt>
  <trkpt lat="37.4137288" lon="-121.9948345"><ele>70</ele><time>2026-08-23T18:55:51.944607Z</time></trkpt>
  <trkpt lat="37.4137294" lon="-121.9948114"><ele>69</ele><time>2026-08-23T18:55:52.044921Z</time></trkpt>
  <trkpt lat="37.4137287" lon="-121.9947876"><ele>69</ele><time>2026-08-23T18:55:52.145230Z</time></trkpt>
  <trkpt lat="37.4137269" lon="-121.9947634"><ele>68</ele><time>2026-08-23T18:55:52.245593Z</time></trkpt>
  <trkpt lat="37.4137236" lon="-121.9947391"><ele>68</ele><time>2026-08-23T18:55:52.347193Z</time></trkpt>
  <trkpt lat="37.4137194" lon="-121.9947150"><ele>68</ele><time>2026-08-23T18:55:52.448164Z</time></trkpt>
  <trkpt lat="37.4137145" lon="-121.9946914"><ele>68</ele><time>2026-08-23T18:55:52.549253Z</time></trkpt>
  <trkpt lat="37.4137089" lon="-121.9946681"><ele>67</ele><time>2026-08-23T18:55:52.649581Z</time></trkpt>
  <trkpt lat="37.4137029" lon="-121.9946452"><ele>67</ele><time>2026-08-23T18:55:52.750426Z</time></trkpt>
  <trkpt lat="37.4136968" lon="-121.9946225"><ele>67</ele><time>2026-08-23T18:55:52.850600Z</time></trkpt>
  <trkpt lat="37.4136901" lon="-121.9946001"><ele>67</ele><time>2026-08-23T18:55:52.951806Z</time></trkpt>
  <trkpt lat="37.4136832" lon="-121.9945779"><ele>66</ele><time>2026-08-23T18:55:53.052532Z</time></trkpt>
  <trkpt lat="37.4136760" lon="-121.9945560"><ele>66</ele><time>2026-08-23T18:55:53.153584Z</time></trkpt>
  <trkpt lat="37.4136685" lon="-121.9945342"><ele>66</ele><time>2026-08-23T18:55:53.254296Z</time></trkpt>
  <trkpt lat="37.4136606" lon="-121.9945126"><ele>65</ele><time>2026-08-23T18:55:53.355387Z</time></trkpt>
  <trkpt lat="37.4136525" lon="-121.9944913"><ele>65</ele><time>2026-08-23T18:55:53.436363Z</time></trkpt>
  <trkpt lat="37.4136442" lon="-121.9944703"><ele>65</ele><time>2026-08-23T18:55:53.557882Z</time></trkpt>
  <trkpt lat="37.4136356" lon="-121.9944495"><ele>64</ele><time>2026-08-23T18:55:53.638206Z</time></trkpt>
  <trkpt lat="37.4136266" lon="-121.9944288"><ele>64</ele><time>2026-08-23T18:55:53.738910Z</time></trkpt>
  <trkpt lat="37.4136172" lon="-121.9944084"><ele>63</ele><time>2026-08-23T18:55:53.839147Z</time></trkpt>
  <trkpt lat="37.4136172" lon="-121.9944084"><ele>63</ele><time>2026-08-23T18:55:53.852709Z</time></trkpt>
  <trkpt lat="37.4136077" lon="-121.9943881"><ele>63</ele><time>2026-08-23T18:55:53.939336Z</time></trkpt>
  <trkpt lat="37.4135980" lon="-121.9943679"><ele>63</ele><time>2026-08-23T18:55:54.040127Z</time></trkpt>
  <trkpt lat="37.4135880" lon="-121.9943476"><ele>62</ele><time>2026-08-23T18:55:54.140691Z</time></trkpt>
  <trkpt lat="37.4135779" lon="-121.9943274"><ele>62</ele><time>2026-08-23T18:55:54.241393Z</time></trkpt>
  <trkpt lat="37.4135675" lon="-121.9943074"><ele>62</ele><time>2026-08-23T18:55:54.341891Z</time></trkpt>
  <trkpt lat="37.4135573" lon="-121.9942873"><ele>61</ele><time>2026-08-23T18:55:54.442580Z</time></trkpt>
  <trkpt lat="37.4135470" lon="-121.9942673"><ele>61</ele><time>2026-08-23T18:55:54.543857Z</time></trkpt>
  <trkpt lat="37.4135368" lon="-121.9942473"><ele>61</ele><time>2026-08-23T18:55:54.644357Z</time></trkpt>
  <trkpt lat="37.4135264" lon="-121.9942273"><ele>60</ele><time>2026-08-23T18:55:54.745048Z</time></trkpt>
  <trkpt lat="37.4135161" lon="-121.9942073"><ele>60</ele><time>2026-08-23T18:55:54.845636Z</time></trkpt>
  <trkpt lat="37.4135059" lon="-121.9941873"><ele>60</ele><time>2026-08-23T18:55:54.946285Z</time></trkpt>
  <trkpt lat="37.4134957" lon="-121.9941672"><ele>60</ele><time>2026-08-23T18:55:55.047508Z</time></trkpt>
  <trkpt lat="37.4134856" lon="-121.9941472"><ele>60</ele><time>2026-08-23T18:55:55.148690Z</time></trkpt>
  <trkpt lat="37.4134759" lon="-121.9941269"><ele>60</ele><time>2026-08-23T18:55:55.249049Z</time></trkpt>
  <trkpt lat="37.4134665" lon="-121.9941068"><ele>60</ele><time>2026-08-23T18:55:55.349527Z</time></trkpt>
  <trkpt lat="37.4134572" lon="-121.9940869"><ele>60</ele><time>2026-08-23T18:55:55.449859Z</time></trkpt>
  <trkpt lat="37.4134480" lon="-121.9940671"><ele>60</ele><time>2026-08-23T18:55:55.550451Z</time></trkpt>
  <trkpt lat="37.4134391" lon="-121.9940474"><ele>60</ele><time>2026-08-23T18:55:55.651617Z</time></trkpt>
  <trkpt lat="37.4134303" lon="-121.9940278"><ele>60</ele><time>2026-08-23T18:55:55.752175Z</time></trkpt>
  <trkpt lat="37.4134216" lon="-121.9940084"><ele>60</ele><time>2026-08-23T18:55:55.852942Z</time></trkpt>
  <trkpt lat="37.4134130" lon="-121.9939890"><ele>60</ele><time>2026-08-23T18:55:55.953718Z</time></trkpt>
  <trkpt lat="37.4134130" lon="-121.9939890"><ele>60</ele><time>2026-08-23T18:55:56.010048Z</time></trkpt>
  <trkpt lat="37.4134045" lon="-121.9939696"><ele>59</ele><time>2026-08-23T18:55:56.054270Z</time></trkpt>
  <trkpt lat="37.4133960" lon="-121.9939502"><ele>59</ele><time>2026-08-23T18:55:56.134810Z</time></trkpt>
  <trkpt lat="37.4133880" lon="-121.9939305"><ele>59</ele><time>2026-08-23T18:55:56.235251Z</time></trkpt>
  <trkpt lat="37.4133810" lon="-121.9939108"><ele>59</ele><time>2026-08-23T18:55:56.335796Z</time></trkpt>
  <trkpt lat="37.4133747" lon="-121.9938909"><ele>59</ele><time>2026-08-23T18:55:56.436710Z</time></trkpt>
  <trkpt lat="37.4133681" lon="-121.9938709"><ele>59</ele><time>2026-08-23T18:55:56.537390Z</time></trkpt>
  <trkpt lat="37.4133617" lon="-121.9938510"><ele>58</ele><time>2026-08-23T18:55:56.637709Z</time></trkpt>
  <trkpt lat="37.4133554" lon="-121.9938312"><ele>58</ele><time>2026-08-23T18:55:56.738345Z</time></trkpt>
  <trkpt lat="37.4133494" lon="-121.9938114"><ele>58</ele><time>2026-08-23T18:55:56.838541Z</time></trkpt>
  <trkpt lat="37.4133437" lon="-121.9937917"><ele>58</ele><time>2026-08-23T18:55:56.939082Z</time></trkpt>
  <trkpt lat="37.4133378" lon="-121.9937723"><ele>58</ele><time>2026-08-23T18:55:57.039566Z</time></trkpt>
  <trkpt lat="37.4133318" lon="-121.9937530"><ele>58</ele><time>2026-08-23T18:55:57.140647Z</time></trkpt>
  <trkpt lat="37.4133259" lon="-121.9937340"><ele>58</ele><time>2026-08-23T18:55:57.241244Z</time></trkpt>
  <trkpt lat="37.4133200" lon="-121.9937155"><ele>57</ele><time>2026-08-23T18:55:57.342869Z</time></trkpt>
  <trkpt lat="37.4133143" lon="-121.9936973"><ele>57</ele><time>2026-08-23T18:55:57.444071Z</time></trkpt>
  <trkpt lat="37.4133086" lon="-121.9936792"><ele>56</ele><time>2026-08-23T18:55:57.544524Z</time></trkpt>
  <trkpt lat="37.4133030" lon="-121.9936611"><ele>56</ele><time>2026-08-23T18:55:57.644753Z</time></trkpt>
  <trkpt lat="37.4132973" lon="-121.9936430"><ele>55</ele><time>2026-08-23T18:55:57.744852Z</time></trkpt>
  <trkpt lat="37.4132916" lon="-121.9936249"><ele>55</ele><time>2026-08-23T18:55:57.845822Z</time></trkpt>
  <trkpt lat="37.4132859" lon="-121.9936066"><ele>54</ele><time>2026-08-23T18:55:57.946034Z</time></trkpt>
  <trkpt lat="37.4132803" lon="-121.9935884"><ele>54</ele><time>2026-08-23T18:55:58.046751Z</time></trkpt>
  <trkpt lat="37.4132749" lon="-121.9935701"><ele>54</ele><time>2026-08-23T18:55:58.147200Z</time></trkpt>
  <trkpt lat="37.4132749" lon="-121.9935701"><ele>54</ele><time>2026-08-23T18:55:58.164507Z</time></trkpt>
  <trkpt lat="37.4132693" lon="-121.9935520"><ele>53</ele><time>2026-08-23T18:55:58.247792Z</time></trkpt>
  <trkpt lat="37.4132636" lon="-121.9935341"><ele>53</ele><time>2026-08-23T18:55:58.347740Z</time></trkpt>
  <trkpt lat="37.4132577" lon="-121.9935164"><ele>53</ele><time>2026-08-23T18:55:58.448426Z</time></trkpt>
  <trkpt lat="37.4132518" lon="-121.9934987"><ele>53</ele><time>2026-08-23T18:55:58.548912Z</time></trkpt>
  <trkpt lat="37.4132459" lon="-121.9934812"><ele>52</ele><time>2026-08-23T18:55:58.649983Z</time></trkpt>
  <trkpt lat="37.4132401" lon="-121.9934639"><ele>52</ele><time>2026-08-23T18:55:58.750991Z</time></trkpt>
  <trkpt lat="37.4132342" lon="-121.9934469"><ele>52</ele><time>2026-08-23T18:55:58.831241Z</time></trkpt>
  <trkpt lat="37.4132282" lon="-121.9934299"><ele>51</ele><time>2026-08-23T18:55:58.931801Z</time></trkpt>
  <trkpt lat="37.4132222" lon="-121.9934130"><ele>51</ele><time>2026-08-23T18:55:59.032183Z</time></trkpt>
  <trkpt lat="37.4132161" lon="-121.9933962"><ele>51</ele><time>2026-08-23T18:55:59.132831Z</time></trkpt>
  <trkpt lat="37.4132099" lon="-121.9933795"><ele>50</ele><time>2026-08-23T18:55:59.233067Z</time></trkpt>
  <trkpt lat="37.4132036" lon="-121.9933629"><ele>50</ele><time>2026-08-23T18:55:59.333836Z</time></trkpt>
  <trkpt lat="37.4131971" lon="-121.9933465"><ele>49</ele><time>2026-08-23T18:55:59.434505Z</time></trkpt>
  <trkpt lat="37.4131906" lon="-121.9933301"><ele>49</ele><time>2026-08-23T18:55:59.535231Z</time></trkpt>
  <trkpt lat="37.4131841" lon="-121.9933138"><ele>49</ele><time>2026-08-23T18:55:59.635857Z</time></trkpt>
  <trkpt lat="37.4131773" lon="-121.9932978"><ele>48</ele><time>2026-08-23T18:55:59.736917Z</time></trkpt>
  <trkpt lat="37.4131705" lon="-121.9932819"><ele>48</ele><time>2026-08-23T18:55:59.838215Z</time></trkpt>
  <trkpt lat="37.4131637" lon="-121.9932659"><ele>47</ele><time>2026-08-23T18:55:59.938862Z</time></trkpt>
  <trkpt lat="37.4131567" lon="-121.9932500"><ele>47</ele><time>2026-08-23T18:56:00.039561Z</time></trkpt>
  <trkpt lat="37.4131497" lon="-121.9932342"><ele>47</ele><time>2026-08-23T18:56:00.139726Z</time></trkpt>
  <trkpt lat="37.4131426" lon="-121.9932184"><ele>46</ele><time>2026-08-23T18:56:00.241181Z</time></trkpt>
  <trkpt lat="37.4131426" lon="-121.9932184"><ele>46</ele><time>2026-08-23T18:56:00.304651Z</time></trkpt>
  <trkpt lat="37.4131355" lon="-121.9932026"><ele>46</ele><time>2026-08-23T18:56:00.341236Z</time></trkpt>
  <trkpt lat="37.4131283" lon="-121.9931869"><ele>45</ele><time>2026-08-23T18:56:00.441793Z</time></trkpt>
  <trkpt lat="37.4131210" lon="-121.9931713"><ele>45</ele><time>2026-08-23T18:56:00.542631Z</time></trkpt>
  <trkpt lat="37.4131138" lon="-121.9931556"><ele>45</ele><time>2026-08-23T18:56:00.643018Z</time></trkpt>
  <trkpt lat="37.4131065" lon="-121.9931399"><ele>45</ele><time>2026-08-23T18:56:00.743435Z</time></trkpt>
  <trkpt lat="37.4130992" lon="-121.9931244"><ele>44</ele><time>2026-08-23T18:56:00.844672Z</time></trkpt>
  <trkpt lat="37.4130918" lon="-121.9931089"><ele>44</ele><time>2026-08-23T18:56:00.945206Z</time></trkpt>
  <trkpt lat="37.4130844" lon="-121.9930934"><ele>44</ele><time>2026-08-23T18:56:01.046135Z</time></trkpt>
  <trkpt lat="37.4130771" lon="-121.9930781"><ele>44</ele><time>2026-08-23T18:56:01.147587Z</time></trkpt>
  <trkpt lat="37.4130698" lon="-121.9930626"><ele>43</ele><time>2026-08-23T18:56:01.248387Z</time></trkpt>
  <trkpt lat="37.4130624" lon="-121.9930474"><ele>43</ele><time>2026-08-23T18:56:01.328527Z</time></trkpt>
  <trkpt lat="37.4130549" lon="-121.9930322"><ele>43</ele><time>2026-08-23T18:56:01.429148Z</time></trkpt>
  <trkpt lat="37.4130475" lon="-121.9930172"><ele>43</ele><time>2026-08-23T18:56:01.529731Z</time></trkpt>
  <trkpt lat="37.4130400" lon="-121.9930025"><ele>42</ele><time>2026-08-23T18:56:01.630148Z</time></trkpt>
  <trkpt lat="37.4130324" lon="-121.9929877"><ele>42</ele><time>2026-08-23T18:56:01.730331Z</time></trkpt>
  <trkpt lat="37.4130250" lon="-121.9929731"><ele>42</ele><time>2026-08-23T18:56:01.830622Z</time></trkpt>
  <trkpt lat="37.4130175" lon="-121.9929586"><ele>42</ele><time>2026-08-23T18:56:01.931102Z</time></trkpt>
  <trkpt lat="37.4130101" lon="-121.9929443"><ele>41</ele><time>2026-08-23T18:56:02.031253Z</time></trkpt>
  <trkpt lat="37.4130025" lon="-121.9929303"><ele>41</ele><time>2026-08-23T18:56:02.131653Z</time></trkpt>
  <trkpt lat="37.4129948" lon="-121.9929164"><ele>41</ele><time>2026-08-23T18:56:02.232608Z</time></trkpt>
  <trkpt lat="37.4129872" lon="-121.9929028"><ele>41</ele><time>2026-08-23T18:56:02.332823Z</time></trkpt>
  <trkpt lat="37.4129794" lon="-121.9928895"><ele>40</ele><time>2026-08-23T18:56:02.433563Z</time></trkpt>
  <trkpt lat="37.4129794" lon="-121.9928895"><ele>40</ele><time>2026-08-23T18:56:02.460092Z</time></trkpt>
  <trkpt lat="37.4129715" lon="-121.9928765"><ele>40</ele><time>2026-08-23T18:56:02.534209Z</time></trkpt>
  <trkpt lat="37.4129635" lon="-121.9928636"><ele>40</ele><time>2026-08-23T18:56:02.634612Z</time></trkpt>
  <trkpt lat="37.4129554" lon="-121.9928510"><ele>40</ele><time>2026-08-23T18:56:02.735368Z</time></trkpt>
  <trkpt lat="37.4129468" lon="-121.9928388"><ele>39</ele><time>2026-08-23T18:56:02.835692Z</time></trkpt>
  <trkpt lat="37.4129378" lon="-121.9928272"><ele>39</ele><time>2026-08-23T18:56:02.935894Z</time></trkpt>
  <trkpt lat="37.4129286" lon="-121.9928159"><ele>38</ele><time>2026-08-23T18:56:03.036595Z</time></trkpt>
  <trkpt lat="37.4129192" lon="-121.9928048"><ele>38</ele><time>2026-08-23T18:56:03.136977Z</time></trkpt>
  <trkpt lat="37.4129095" lon="-121.9927942"><ele>38</ele><time>2026-08-23T18:56:03.237472Z</time></trkpt>
  <trkpt lat="37.4128994" lon="-121.9927842"><ele>37</ele><time>2026-08-23T18:56:03.338086Z</time></trkpt>
  <trkpt lat="37.4128890" lon="-121.9927751"><ele>37</ele><time>2026-08-23T18:56:03.439031Z</time></trkpt>
  <trkpt lat="37.4128782" lon="-121.9927667"><ele>37</ele><time>2026-08-23T18:56:03.539325Z</time></trkpt>
  <trkpt lat="37.4128670" lon="-121.9927590"><ele>36</ele><time>2026-08-23T18:56:03.639885Z</time></trkpt>
  <trkpt lat="37.4128554" lon="-121.9927523"><ele>36</ele><time>2026-08-23T18:56:03.740911Z</time></trkpt>
  <trkpt lat="37.4128435" lon="-121.9927465"><ele>35</ele><time>2026-08-23T18:56:03.841915Z</time></trkpt>
  <trkpt lat="37.4128315" lon="-121.9927416"><ele>35</ele><time>2026-08-23T18:56:03.942924Z</time></trkpt>
  <trkpt lat="37.4128194" lon="-121.9927372"><ele>34</ele><time>2026-08-23T18:56:04.043611Z</time></trkpt>
  <trkpt lat="37.4128072" lon="-121.9927334"><ele>34</ele><time>2026-08-23T18:56:04.143926Z</time></trkpt>
  <trkpt lat="37.4127951" lon="-121.9927301"><ele>33</ele><time>2026-08-23T18:56:04.244245Z</time></trkpt>
  <trkpt lat="37.4127829" lon="-121.9927276"><ele>33</ele><time>2026-08-23T18:56:04.324931Z</time></trkpt>
  <trkpt lat="37.4127705" lon="-121.9927258"><ele>32</ele><time>2026-08-23T18:56:04.425250Z</time></trkpt>
  <trkpt lat="37.4127580" lon="-121.9927247"><ele>32</ele><time>2026-08-23T18:56:04.526190Z</time></trkpt>
  <trkpt lat="37.4127580" lon="-121.9927247"><ele>32</ele><time>2026-08-23T18:56:04.622742Z</time></trkpt>
  <trkpt lat="37.4127458" lon="-121.9927239"><ele>31</ele><time>2026-08-23T18:56:04.626422Z</time></trkpt>
  <trkpt lat="37.4127335" lon="-121.9927236"><ele>31</ele><time>2026-08-23T18:56:04.726821Z</time></trkpt>
  <trkpt lat="37.4127211" lon="-121.9927234"><ele>30</ele><time>2026-08-23T18:56:04.827708Z</time></trkpt>
  <trkpt lat="37.4127087" lon="-121.9927235"><ele>30</ele><time>2026-08-23T18:56:04.928360Z</time></trkpt>
  <trkpt lat="37.4126963" lon="-121.9927237"><ele>29</ele><time>2026-08-23T18:56:05.028901Z</time></trkpt>
  <trkpt lat="37.4126839" lon="-121.9927240"><ele>28</ele><time>2026-08-23T18:56:05.129633Z</time></trkpt>
  <trkpt lat="37.4126713" lon="-121.9927245"><ele>28</ele><time>2026-08-23T18:56:05.230104Z</time></trkpt>
  <trkpt lat="37.4126587" lon="-121.9927251"><ele>27</ele><time>2026-08-23T18:56:05.330496Z</time></trkpt>
  <trkpt lat="37.4126457" lon="-121.9927260"><ele>26</ele><time>2026-08-23T18:56:05.430858Z</time></trkpt>
  <trkpt lat="37.4126324" lon="-121.9927272"><ele>26</ele><time>2026-08-23T18:56:05.531542Z</time></trkpt>
  <trkpt lat="37.4126186" lon="-121.9927289"><ele>25</ele><time>2026-08-23T18:56:05.632531Z</time></trkpt>
  <trkpt lat="37.4126047" lon="-121.9927308"><ele>25</ele><time>2026-08-23T18:56:05.733548Z</time></trkpt>
  <trkpt lat="37.4125906" lon="-121.9927332"><ele>24</ele><time>2026-08-23T18:56:05.833927Z</time></trkpt>
  <trkpt lat="37.4125763" lon="-121.9927360"><ele>24</ele><time>2026-08-23T18:56:05.934393Z</time></trkpt>
  <trkpt lat="37.4125620" lon="-121.9927390"><ele>24</ele><time>2026-08-23T18:56:06.035032Z</time></trkpt>
  <trkpt lat="37.4125474" lon="-121.9927419"><ele>23</ele><time>2026-08-23T18:56:06.135333Z</time></trkpt>
  <trkpt lat="37.4125330" lon="-121.9927449"><ele>23</ele><time>2026-08-23T18:56:06.236457Z</time></trkpt>
  <trkpt lat="37.4125186" lon="-121.9927481"><ele>23</ele><time>2026-08-23T18:56:06.337576Z</time></trkpt>
  <trkpt lat="37.4125042" lon="-121.9927514"><ele>22</ele><time>2026-08-23T18:56:06.437769Z</time></trkpt>
  <trkpt lat="37.4124896" lon="-121.9927550"><ele>22</ele><time>2026-08-23T18:56:06.538488Z</time></trkpt>
  <trkpt lat="37.4124751" lon="-121.9927585"><ele>21</ele><time>2026-08-23T18:56:06.639263Z</time></trkpt>
  <trkpt lat="37.4124609" lon="-121.9927617"><ele>21</ele><time>2026-08-23T18:56:06.740741Z</time></trkpt>
  <trkpt lat="37.4124609" lon="-121.9927617"><ele>21</ele><time>2026-08-23T18:56:06.785521Z</time></trkpt>
  <trkpt lat="37.4124468" lon="-121.9927649"><ele>20</ele><time>2026-08-23T18:56:06.841752Z</time></trkpt>
  <trkpt lat="37.4124328" lon="-121.9927685"><ele>20</ele><time>2026-08-23T18:56:06.922358Z</time></trkpt>
  <trkpt lat="37.4124190" lon="-121.9927726"><ele>19</ele><time>2026-08-23T18:56:07.022906Z</time></trkpt>
  <trkpt lat="37.4124054" lon="-121.9927775"><ele>18</ele><time>2026-08-23T18:56:07.123654Z</time></trkpt>
  <trkpt lat="37.4123917" lon="-121.9927837"><ele>18</ele><time>2026-08-23T18:56:07.224553Z</time></trkpt>
  <trkpt lat="37.4123781" lon="-121.9927909"><ele>17</ele><time>2026-08-23T18:56:07.324957Z</time></trkpt>
  <trkpt lat="37.4123645" lon="-121.9927990"><ele>17</ele><time>2026-08-23T18:56:07.425208Z</time></trkpt>
  <trkpt lat="37.4123509" lon="-121.9928078"><ele>16</ele><time>2026-08-23T18:56:07.525886Z</time></trkpt>
  <trkpt lat="37.4123371" lon="-121.9928172"><ele>16</ele><time>2026-08-23T18:56:07.627235Z</time></trkpt>
  <trkpt lat="37.4123233" lon="-121.9928271"><ele>15</ele><time>2026-08-23T18:56:07.728332Z</time></trkpt>
  <trkpt lat="37.4123098" lon="-121.9928372"><ele>15</ele><time>2026-08-23T18:56:07.830034Z</time></trkpt>
  <trkpt lat="37.4122964" lon="-121.9928477"><ele>15</ele><time>2026-08-23T18:56:07.930343Z</time></trkpt>
  <trkpt lat="37.4122833" lon="-121.9928582"><ele>15</ele><time>2026-08-23T18:56:08.030822Z</time></trkpt>
  <trkpt lat="37.4122702" lon="-121.9928688"><ele>14</ele><time>2026-08-23T18:56:08.131292Z</time></trkpt>
  <trkpt lat="37.4122573" lon="-121.9928792"><ele>14</ele><time>2026-08-23T18:56:08.232166Z</time></trkpt>
  <trkpt lat="37.4122445" lon="-121.9928900"><ele>14</ele><time>2026-08-23T18:56:08.332695Z</time></trkpt>
  <trkpt lat="37.4122319" lon="-121.9929008"><ele>13</ele><time>2026-08-23T18:56:08.433030Z</time></trkpt>
  <trkpt lat="37.4122196" lon="-121.9929117"><ele>13</ele><time>2026-08-23T18:56:08.533443Z</time></trkpt>
  <trkpt lat="37.4122074" lon="-121.9929227"><ele>13</ele><time>2026-08-23T18:56:08.634363Z</time></trkpt>
  <trkpt lat="37.4121953" lon="-121.9929336"><ele>12</ele><time>2026-08-23T18:56:08.734083Z</time></trkpt>
  <trkpt lat="37.4121834" lon="-121.9929448"><ele>12</ele><time>2026-08-23T18:56:08.835123Z</time></trkpt>
  <trkpt lat="37.4121718" lon="-121.9929560"><ele>12</ele><time>2026-08-23T18:56:08.935430Z</time></trkpt>
  <trkpt lat="37.4121718" lon="-121.9929560"><ele>12</ele><time>2026-08-23T18:56:08.946004Z</time></trkpt>
  <trkpt lat="37.4121604" lon="-121.9929675"><ele>11</ele><time>2026-08-23T18:56:09.035940Z</time></trkpt>
  <trkpt lat="37.4121492" lon="-121.9929795"><ele>11</ele><time>2026-08-23T18:56:09.136933Z</time></trkpt>
  <trkpt lat="37.4121382" lon="-121.9929916"><ele>11</ele><time>2026-08-23T18:56:09.237049Z</time></trkpt>
  <trkpt lat="37.4121275" lon="-121.9930040"><ele>10</ele><time>2026-08-23T18:56:09.337288Z</time></trkpt>
  <trkpt lat="37.4121170" lon="-121.9930165"><ele>10</ele><time>2026-08-23T18:56:09.437873Z</time></trkpt>
  <trkpt lat="37.4121066" lon="-121.9930290"><ele>10</ele><time>2026-08-23T18:56:09.537774Z</time></trkpt>
  <trkpt lat="37.4120965" lon="-121.9930416"><ele>10</ele><time>2026-08-23T18:56:09.638430Z</time></trkpt>
  <trkpt lat="37.4120864" lon="-121.9930540"><ele>10</ele><time>2026-08-23T18:56:09.739202Z</time></trkpt>
  <trkpt lat="37.4120766" lon="-121.9930664"><ele>10</ele><time>2026-08-23T18:56:09.819205Z</time></trkpt>
  <trkpt lat="37.4120670" lon="-121.9930788"><ele>10</ele><time>2026-08-23T18:56:09.919386Z</time></trkpt>
  <trkpt lat="37.4120576" lon="-121.9930912"><ele>10</ele><time>2026-08-23T18:56:10.020619Z</time></trkpt>
  <trkpt lat="37.4120484" lon="-121.9931035"><ele>9</ele><time>2026-08-23T18:56:10.121047Z</time></trkpt>
  <trkpt lat="37.4120393" lon="-121.9931159"><ele>9</ele><time>2026-08-23T18:56:10.221148Z</time></trkpt>
  <trkpt lat="37.4120305" lon="-121.9931284"><ele>9</ele><time>2026-08-23T18:56:10.321795Z</time></trkpt>
  <trkpt lat="37.4120219" lon="-121.9931407"><ele>9</ele><time>2026-08-23T18:56:10.422666Z</time></trkpt>
  <trkpt lat="37.4120134" lon="-121.9931531"><ele>9</ele><time>2026-08-23T18:56:10.523548Z</time></trkpt>
  <trkpt lat="37.4120051" lon="-121.9931655"><ele>8</ele><time>2026-08-23T18:56:10.623219Z</time></trkpt>
  <trkpt lat="37.4119970" lon="-121.9931779"><ele>8</ele><time>2026-08-23T18:56:10.723409Z</time></trkpt>
  <trkpt lat="37.4119892" lon="-121.9931904"><ele>8</ele><time>2026-08-23T18:56:10.823941Z</time></trkpt>
  <trkpt lat="37.4119818" lon="-121.9932030"><ele>8</ele><time>2026-08-23T18:56:10.924583Z</time></trkpt>
  <trkpt lat="37.4119746" lon="-121.9932156"><ele>8</ele><time>2026-08-23T18:56:11.024608Z</time></trkpt>
  <trkpt lat="37.4119746" lon="-121.9932156"><ele>8</ele><time>2026-08-23T18:56:11.106847Z</time></trkpt>
  <trkpt lat="37.4119677" lon="-121.9932281"><ele>8</ele><time>2026-08-23T18:56:11.125775Z</time></trkpt>
  <trkpt lat="37.4119613" lon="-121.9932405"><ele>8</ele><time>2026-08-23T18:56:11.226717Z</time></trkpt>
  <trkpt lat="37.4119551" lon="-121.9932530"><ele>8</ele><time>2026-08-23T18:56:11.327703Z</time></trkpt>
  <trkpt lat="37.4119491" lon="-121.9932654"><ele>8</ele><time>2026-08-23T18:56:11.428150Z</time></trkpt>
  <trkpt lat="37.4119433" lon="-121.9932777"><ele>8</ele><time>2026-08-23T18:56:11.529417Z</time></trkpt>
  <trkpt lat="37.4119376" lon="-121.9932899"><ele>8</ele><time>2026-08-23T18:56:11.630055Z</time></trkpt>
  <trkpt lat="37.4119320" lon="-121.9933019"><ele>7</ele><time>2026-08-23T18:56:11.730636Z</time></trkpt>
  <trkpt lat="37.4119266" lon="-121.9933140"><ele>7</ele><time>2026-08-23T18:56:11.831024Z</time></trkpt>
  <trkpt lat="37.4119213" lon="-121.9933258"><ele>7</ele><time>2026-08-23T18:56:11.932765Z</time></trkpt>
  <trkpt lat="37.4119163" lon="-121.9933377"><ele>7</ele><time>2026-08-23T18:56:12.034121Z</time></trkpt>
  <trkpt lat="37.4119115" lon="-121.9933496"><ele>7</ele><time>2026-08-23T18:56:12.135059Z</time></trkpt>
  <trkpt lat="37.4119070" lon="-121.9933615"><ele>7</ele><time>2026-08-23T18:56:12.235518Z</time></trkpt>
  <trkpt lat="37.4119026" lon="-121.9933734"><ele>7</ele><time>2026-08-23T18:56:12.315526Z</time></trkpt>
  <trkpt lat="37.4118982" lon="-121.9933853"><ele>7</ele><time>2026-08-23T18:56:12.416700Z</time></trkpt>
  <trkpt lat="37.4118941" lon="-121.9933971"><ele>7</ele><time>2026-08-23T18:56:12.517830Z</time></trkpt>
  <trkpt lat="37.4118900" lon="-121.9934089"><ele>7</ele><time>2026-08-23T18:56:12.619045Z</time></trkpt>
  <trkpt lat="37.4118862" lon="-121.9934203"><ele>7</ele><time>2026-08-23T18:56:12.718847Z</time></trkpt>
  <trkpt lat="37.4118827" lon="-121.9934316"><ele>7</ele><time>2026-08-23T18:56:12.819542Z</time></trkpt>
  <trkpt lat="37.4118794" lon="-121.9934425"><ele>7</ele><time>2026-08-23T18:56:12.919556Z</time></trkpt>
  <trkpt lat="37.4118761" lon="-121.9934533"><ele>7</ele><time>2026-08-23T18:56:13.020594Z</time></trkpt>
  <trkpt lat="37.4118730" lon="-121.9934637"><ele>7</ele><time>2026-08-23T18:56:13.121531Z</time></trkpt>
  <trkpt lat="37.4118699" lon="-121.9934743"><ele>7</ele><time>2026-08-23T18:56:13.221965Z</time></trkpt>
  <trkpt lat="37.4118699" lon="-121.9934743"><ele>7</ele><time>2026-08-23T18:56:13.269975Z</time></trkpt>
  <trkpt lat="37.4118673" lon="-121.9934844"><ele>7</ele><time>2026-08-23T18:56:13.322659Z</time></trkpt>
  <trkpt lat="37.4118648" lon="-121.9934946"><ele>7</ele><time>2026-08-23T18:56:13.423564Z</time></trkpt>
  <trkpt lat="37.4118626" lon="-121.9935047"><ele>6</ele><time>2026-08-23T18:56:13.523845Z</time></trkpt>
  <trkpt lat="37.4118606" lon="-121.9935147"><ele>6</ele><time>2026-08-23T18:56:13.624207Z</time></trkpt>
  <trkpt lat="37.4118587" lon="-121.9935248"><ele>6</ele><time>2026-08-23T18:56:13.724731Z</time></trkpt>
  <trkpt lat="37.4118569" lon="-121.9935348"><ele>6</ele><time>2026-08-23T18:56:13.825446Z</time></trkpt>
  <trkpt lat="37.4118551" lon="-121.9935449"><ele>6</ele><time>2026-08-23T18:56:13.926323Z</time></trkpt>
  <trkpt lat="37.4118531" lon="-121.9935554"><ele>6</ele><time>2026-08-23T18:56:14.026613Z</time></trkpt>
  <trkpt lat="37.4118512" lon="-121.9935657"><ele>5</ele><time>2026-08-23T18:56:14.126937Z</time></trkpt>
  <trkpt lat="37.4118492" lon="-121.9935758"><ele>5</ele><time>2026-08-23T18:56:14.227539Z</time></trkpt>
  <trkpt lat="37.4118470" lon="-121.9935859"><ele>5</ele><time>2026-08-23T18:56:14.328924Z</time></trkpt>
  <trkpt lat="37.4118446" lon="-121.9935955"><ele>5</ele><time>2026-08-23T18:56:14.429346Z</time></trkpt>
  <trkpt lat="37.4118417" lon="-121.9936051"><ele>5</ele><time>2026-08-23T18:56:14.529720Z</time></trkpt>
  <trkpt lat="37.4118389" lon="-121.9936146"><ele>5</ele><time>2026-08-23T18:56:14.629986Z</time></trkpt>
  <trkpt lat="37.4118360" lon="-121.9936241"><ele>5</ele><time>2026-08-23T18:56:14.731196Z</time></trkpt>
  <trkpt lat="37.4118330" lon="-121.9936333"><ele>5</ele><time>2026-08-23T18:56:14.831204Z</time></trkpt>
  <trkpt lat="37.4118302" lon="-121.9936425"><ele>5</ele><time>2026-08-23T18:56:14.931837Z</time></trkpt>
  <trkpt lat="37.4118274" lon="-121.9936515"><ele>4</ele><time>2026-08-23T18:56:15.032394Z</time></trkpt>
  <trkpt lat="37.4118246" lon="-121.9936605"><ele>4</ele><time>2026-08-23T18:56:15.112420Z</time></trkpt>
  <trkpt lat="37.4118218" lon="-121.9936695"><ele>4</ele><time>2026-08-23T18:56:15.232660Z</time></trkpt>
  <trkpt lat="37.4118190" lon="-121.9936786"><ele>4</ele><time>2026-08-23T18:56:15.312753Z</time></trkpt>
  <trkpt lat="37.4118190" lon="-121.9936786"><ele>4</ele><time>2026-08-23T18:56:15.430961Z</time></trkpt>
  <trkpt lat="37.4118164" lon="-121.9936877"><ele>4</ele><time>2026-08-23T18:56:15.433047Z</time></trkpt>
  <trkpt lat="37.4118141" lon="-121.9936966"><ele>3</ele><time>2026-08-23T18:56:15.513303Z</time></trkpt>
  <trkpt lat="37.4118118" lon="-121.9937054"><ele>3</ele><time>2026-08-23T18:56:15.614032Z</time></trkpt>
  <trkpt lat="37.4118097" lon="-121.9937139"><ele>3</ele><time>2026-08-23T18:56:15.714925Z</time></trkpt>
  <trkpt lat="37.4118080" lon="-121.9937224"><ele>3</ele><time>2026-08-23T18:56:15.815881Z</time></trkpt>
  <trkpt lat="37.4118062" lon="-121.9937310"><ele>3</ele><time>2026-08-23T18:56:15.916703Z</time></trkpt>
  <trkpt lat="37.4118046" lon="-121.9937393"><ele>3</ele><time>2026-08-23T18:56:16.017558Z</time></trkpt>
  <trkpt lat="37.4118027" lon="-121.9937476"><ele>3</ele><time>2026-08-23T18:56:16.118188Z</time></trkpt>
  <trkpt lat="37.4118012" lon="-121.9937555"><ele>3</ele><time>2026-08-23T18:56:16.218480Z</time></trkpt>
  <trkpt lat="37.4117998" lon="-121.9937632"><ele>2</ele><time>2026-08-23T18:56:16.318950Z</time></trkpt>
  <trkpt lat="37.4117979" lon="-121.9937710"><ele>2</ele><time>2026-08-23T18:56:16.419297Z</time></trkpt>
  <trkpt lat="37.4117958" lon="-121.9937788"><ele>2</ele><time>2026-08-23T18:56:16.519954Z</time></trkpt>
  <trkpt lat="37.4117934" lon="-121.9937867"><ele>2</ele><time>2026-08-23T18:56:16.620319Z</time></trkpt>
  <trkpt lat="37.4117911" lon="-121.9937943"><ele>2</ele><time>2026-08-23T18:56:16.720814Z</time></trkpt>
  <trkpt lat="37.4117888" lon="-121.9938021"><ele>1</ele><time>2026-08-23T18:56:16.821628Z</time></trkpt>
  <trkpt lat="37.4117866" lon="-121.9938098"><ele>1</ele><time>2026-08-23T18:56:16.923369Z</time></trkpt>
  <trkpt lat="37.4117843" lon="-121.9938176"><ele>1</ele><time>2026-08-23T18:56:17.023711Z</time></trkpt>
  <trkpt lat="37.4117824" lon="-121.9938256"><ele>0</ele><time>2026-08-23T18:56:17.124005Z</time></trkpt>
  <trkpt lat="37.4117805" lon="-121.9938338"><ele>0</ele><time>2026-08-23T18:56:17.224715Z</time></trkpt>
  <trkpt lat="37.4117787" lon="-121.9938422"><ele>0</ele><time>2026-08-23T18:56:17.325053Z</time></trkpt>
  <trkpt lat="37.4117768" lon="-121.9938509"><ele>0</ele><time>2026-08-23T18:56:17.425696Z</time></trkpt>
  <trkpt lat="37.4117747" lon="-121.9938597"><ele>0</ele><time>2026-08-23T18:56:17.526113Z</time></trkpt>
  <trkpt lat="37.4117747" lon="-121.9938597"><ele>0</ele><time>2026-08-23T18:56:17.588631Z</time></trkpt>
  <trkpt lat="37.4117725" lon="-121.9938684"><ele>0</ele><time>2026-08-23T18:56:17.626722Z</time></trkpt>
  <trkpt lat="37.4117702" lon="-121.9938773"><ele>0</ele><time>2026-08-23T18:56:17.727267Z</time></trkpt>
  <trkpt lat="37.4117679" lon="-121.9938860"><ele>0</ele><time>2026-08-23T18:56:17.827813Z</time></trkpt>
  <trkpt lat="37.4117655" lon="-121.9938945"><ele>-1</ele><time>2026-08-23T18:56:17.928839Z</time></trkpt>
  <trkpt lat="37.4117630" lon="-121.9939031"><ele>-1</ele><time>2026-08-23T18:56:18.009809Z</time></trkpt>
  <trkpt lat="37.4117606" lon="-121.9939117"><ele>-1</ele><time>2026-08-23T18:56:18.110204Z</time></trkpt>
  <trkpt lat="37.4117583" lon="-121.9939204"><ele>-2</ele><time>2026-08-23T18:56:18.210548Z</time></trkpt>
  <trkpt lat="37.4117559" lon="-121.9939285"><ele>-2</ele><time>2026-08-23T18:56:18.310980Z</time></trkpt>
  <trkpt lat="37.4117535" lon="-121.9939359"><ele>-2</ele><time>2026-08-23T18:56:18.411146Z</time></trkpt>
  <trkpt lat="37.4117528" lon="-121.9939402"><ele>-2</ele><time>2026-08-23T18:56:18.511866Z</time></trkpt>
  <trkpt lat="37.4117522" lon="-121.9939426"><ele>-2</ele><time>2026-08-23T18:56:18.611963Z</time></trkpt>
  <trkpt lat="37.4117521" lon="-121.9939438"><ele>-2</ele><time>2026-08-23T18:56:18.712532Z</time></trkpt>
  <trkpt lat="37.4117521" lon="-121.9939440"><ele>-2</ele><time>2026-08-23T18:56:18.813022Z</time></trkpt>
</trkseg></trk>
</gpx>