<?xml version="1.0" encoding="UTF-8"?>
<gpx creator="blackbox_decode v8.0.0 INAV c4f2026" version="1.1" xmlns="http://www.topografix.com/GPX/1/1" xmlns:xsi="http://www.w3.org/2001/XMLSchema-instance" xsi:schemaLocation="http://www.topografix.com/GPX/1/1 http://www.topografix.com/GPX/1/1/gpx.xsd">
<metadata><name>Blackbox flight log</name>
 <link href="https://github.com/iNavFlight/blackbox-tools">
 <text>INAV Blackbox Tools</text>
 </link>
</metadata>
<trk><name>Blackbox flight log</name><trkseg>
  <trkpt lat="37.4117690" lon="-121.9949725"><ele>6</ele><time>2026-07-13T23:42:09.270681Z</time></trkpt>
  <trkpt lat="37.4117690" lon="-121.9949725"><ele>6</ele><time>2026-07-13T23:42:09.278495Z</time></trkpt>
  <trkpt lat="37.4117692" lon="-121.9949727"><ele>6</ele><time>2026-07-13T23:42:09.339901Z</time></trkpt>
  <trkpt lat="37.4117694" lon="-121.9949729"><ele>6</ele><time>2026-07-13T23:42:09.440679Z</time></trkpt>
  <trkpt lat="37.4117695" lon="-121.9949730"><ele>6</ele><time>2026-07-13T23:42:09.642610Z</time></trkpt>
  <trkpt lat="37.4117695" lon="-121.9949731"><ele>6</ele><time>2026-07-13T23:42:09.743484Z</time></trkpt>
  <trkpt lat="37.4117695" lon="-121.9949732"><ele>6</ele><time>2026-07-13T23:42:09.844054Z</time></trkpt>
  <trkpt lat="37.4117697" lon="-121.9949734"><ele>6</ele><time>2026-07-13T23:42:09.944985Z</time></trkpt>
  <trkpt lat="37.4117697" lon="-121.9949735"><ele>6</ele><time>2026-07-13T23:42:10.045682Z</time></trkpt>
  <trkpt lat="37.4117697" lon="-121.9949736"><ele>6</ele><time>2026-07-13T23:42:10.146497Z</time></trkpt>
  <trkpt lat="37.4117698" lon="-121.9949737"><ele>6</ele><time>2026-07-13T23:42:10.246985Z</time></trkpt>
  <trkpt lat="37.4117697" lon="-121.9949738"><ele>7</ele><time>2026-07-13T23:42:10.327726Z</time></trkpt>
  <trkpt lat="37.4117698" lon="-121.9949740"><ele>7</ele><time>2026-07-13T23:42:10.428165Z</time></trkpt>
  <trkpt lat="37.4117700" lon="-121.9949742"><ele>7</ele><time>2026-07-13T23:42:10.529228Z</time></trkpt>
  <trkpt lat="37.4117701" lon="-121.9949744"><ele>7</ele><time>2026-07-13T23:42:10.629906Z</time></trkpt>
  <trkpt lat="37.4117702" lon="-121.9949746"><ele>7</ele><time>2026-07-13T23:42:10.731296Z</time></trkpt>
  <trkpt lat="37.4117703" lon="-121.9949747"><ele>7</ele><time>2026-07-13T23:42:10.831703Z</time></trkpt>
  <trkpt lat="37.4117703" lon="-121.9949748"><ele>7</ele><time>2026-07-13T23:42:10.933003Z</time></trkpt>
  <trkpt lat="37.4117703" lon="-121.9949747"><ele>7</ele><time>2026-07-13T23:42:11.034032Z</time></trkpt>
  <trkpt lat="37.4117704" lon="-121.9949749"><ele>7</ele><time>2026-07-13T23:42:11.234705Z</time></trkpt>
  <trkpt lat="37.4117704" lon="-121.9949751"><ele>7</ele><time>2026-07-13T23:42:11.336010Z</time></trkpt>
  <trkpt lat="37.4117704" lon="-121.9949751"><ele>7</ele><time>2026-07-13T23:42:11.405815Z</time></trkpt>
  <trkpt lat="37.4117704" lon="-121.9949752"><ele>7</ele><time>2026-07-13T23:42:11.436777Z</time></trkpt>
  <trkpt lat="37.4117706" lon="-121.9949754"><ele>7</ele><time>2026-07-13T23:42:11.637593Z</time></trkpt>
  <trkpt lat="37.4117708" lon="-121.9949756"><ele>7</ele><time>2026-07-13T23:42:11.738166Z</time></trkpt>
  <trkpt lat="37.4117710" lon="-121.9949757"><ele>7</ele><time>2026-07-13T23:42:11.838798Z</time></trkpt>
  <trkpt lat="37.4117712" lon="-121.9949759"><ele>7</ele><time>2026-07-13T23:42:11.939496Z</time></trkpt>
  <trkpt lat="37.4117713" lon="-121.9949761"><ele>7</ele><time>2026-07-13T23:42:12.040126Z</time></trkpt>
  <trkpt lat="37.4117714" lon="-121.9949762"><ele>7</ele><time>2026-07-13T23:42:12.141085Z</time></trkpt>
  <trkpt lat="37.4117716" lon="-121.9949764"><ele>7</ele><time>2026-07-13T23:42:12.241639Z</time></trkpt>
  <trkpt lat="37.4117716" lon="-121.9949766"><ele>7</ele><time>2026-07-13T23:42:12.342851Z</time></trkpt>
  <trkpt lat="37.4117717" lon="-121.9949767"><ele>7</ele><time>2026-07-13T23:42:12.442799Z</time></trkpt>
  <trkpt lat="37.4117718" lon="-121.9949769"><ele>7</ele><time>2026-07-13T23:42:12.543439Z</time></trkpt>
  <trkpt lat="37.4117719" lon="-121.9949771"><ele>8</ele><time>2026-07-13T23:42:12.643746Z</time></trkpt>
  <trkpt lat="37.4117720" lon="-121.9949772"><ele>8</ele><time>2026-07-13T23:42:12.744335Z</time></trkpt>
  <trkpt lat="37.4117720" lon="-121.9949773"><ele>8</ele><time>2026-07-13T23:42:12.844880Z</time></trkpt>
  <trkpt lat="37.4117722" lon="-121.9949774"><ele>8</ele><time>2026-07-13T23:42:12.925448Z</time></trkpt>
  <trkpt lat="37.4117724" lon="-121.9949776"><ele>8</ele><time>2026-07-13T23:42:13.025908Z</time></trkpt>
  <trkpt lat="37.4117725" lon="-121.9949777"><ele>8</ele><time>2026-07-13T23:42:13.126434Z</time></trkpt>
  <trkpt lat="37.4117727" lon="-121.9949778"><ele>8</ele><time>2026-07-13T23:42:13.227087Z</time></trkpt>
  <trkpt lat="37.4117729" lon="-121.9949779"><ele>8</ele><time>2026-07-13T23:42:13.328018Z</time></trkpt>
  <trkpt lat="37.4117730" lon="-121.9949780"><ele>8</ele><time>2026-07-13T23:42:13.428908Z</time></trkpt>
  <trkpt lat="37.4117730" lon="-121.9949780"><ele>8</ele><time>2026-07-13T23:42:13.526641Z</time></trkpt>
  <trkpt lat="37.4117732" lon="-121.9949782"><ele>8</ele><time>2026-07-13T23:42:13.529675Z</time></trkpt>
  <trkpt lat="37.4117734" lon="-121.9949783"><ele>8</ele><time>2026-07-13T23:42:13.630807Z</time></trkpt>
  <trkpt lat="37.4117735" lon="-121.9949784"><ele>8</ele><time>2026-07-13T23:42:13.731444Z</time></trkpt>
  <trkpt lat="37.4117737" lon="-121.9949787"><ele>8</ele><time>2026-07-13T23:42:13.832348Z</time></trkpt>
  <trkpt lat="37.4117739" lon="-121.9949788"><ele>8</ele><time>2026-07-13T23:42:13.932831Z</time></trkpt>
  <trkpt lat="37.4117741" lon="-121.9949790"><ele>8</ele><time>2026-07-13T23:42:14.033243Z</time></trkpt>
  <trkpt lat="37.4117743" lon="-121.9949790"><ele>8</ele><time>2026-07-13T23:42:14.133800Z</time></trkpt>
  <trkpt lat="37.4117744" lon="-121.9949792"><ele>8</ele><time>2026-07-13T23:42:14.234525Z</time></trkpt>
  <trkpt lat="37.4117746" lon="-121.9949794"><ele>8</ele><time>2026-07-13T23:42:14.335025Z</time></trkpt>
  <trkpt lat="37.4117748" lon="-121.9949796"><ele>8</ele><time>2026-07-13T23:42:14.435322Z</time></trkpt>
  <trkpt lat="37.4117750" lon="-121.9949797"><ele>8</ele><time>2026-07-13T23:42:14.536029Z</time></trkpt>
  <trkpt lat="37.4117752" lon="-121.9949798"><ele>8</ele><time>2026-07-13T23:42:14.636510Z</time></trkpt>
  <trkpt lat="37.4117754" lon="-121.9949800"><ele>8</ele><time>2026-07-13T23:42:14.737530Z</time></trkpt>
  <trkpt lat="37.4117757" lon="-121.9949801"><ele>8</ele><time>2026-07-13T23:42:14.938645Z</time></trkpt>
  <trkpt lat="37.4117759" lon="-121.9949801"><ele>8</ele><time>2026-07-13T23:42:15.039090Z</time></trkpt>
  <trkpt lat="37.4117763" lon="-121.9949803"><ele>8</ele><time>2026-07-13T23:42:15.139685Z</time></trkpt>
  <trkpt lat="37.4117765" lon="-121.9949803"><ele>8</ele><time>2026-07-13T23:42:15.241464Z</time></trkpt>
  <trkpt lat="37.4117768" lon="-121.9949804"><ele>8</ele><time>2026-07-13T23:42:15.342425Z</time></trkpt>
  <trkpt lat="37.4117771" lon="-121.9949805"><ele>8</ele><time>2026-07-13T23:42:15.442769Z</time></trkpt>
  <trkpt lat="37.4117773" lon="-121.9949805"><ele>8</ele><time>2026-07-13T23:42:15.523478Z</time></trkpt>
  <trkpt lat="37.4117776" lon="-121.9949805"><ele>8</ele><time>2026-07-13T23:42:15.624610Z</time></trkpt>
  <trkpt lat="37.4117776" lon="-121.9949805"><ele>8</ele><time>2026-07-13T23:42:15.648328Z</time></trkpt>
  <trkpt lat="37.4117779" lon="-121.9949805"><ele>8</ele><time>2026-07-13T23:42:15.725257Z</time></trkpt>
  <trkpt lat="37.4117783" lon="-121.9949806"><ele>8</ele><time>2026-07-13T23:42:15.825581Z</time></trkpt>
  <trkpt lat="37.4117787" lon="-121.9949808"><ele>8</ele><time>2026-07-13T23:42:15.926510Z</time></trkpt>
  <trkpt lat="37.4117790" lon="-121.9949808"><ele>8</ele><time>2026-07-13T23:42:16.027404Z</time></trkpt>
  <trkpt lat="37.4117793" lon="-121.9949810"><ele>8</ele><time>2026-07-13T23:42:16.128658Z</time></trkpt>
  <trkpt lat="37.4117795" lon="-121.9949811"><ele>8</ele><time>2026-07-13T23:42:16.229569Z</time></trkpt>
  <trkpt lat="37.4117798" lon="-121.9949811"><ele>8</ele><time>2026-07-13T23:42:16.330413Z</time></trkpt>
  <trkpt lat="37.4117801" lon="-121.9949814"><ele>8</ele><time>2026-07-13T23:42:16.431018Z</time></trkpt>
  <trkpt lat="37.4117803" lon="-121.9949815"><ele>8</ele><time>2026-07-13T23:42:16.531420Z</time></trkpt>
  <trkpt lat="37.4117804" lon="-121.9949816"><ele>8</ele><time>2026-07-13T23:42:16.632211Z</time></trkpt>
  <trkpt lat="37.4117802" lon="-121.9949815"><ele>8</ele><time>2026-07-13T23:42:16.732971Z</time></trkpt>
  <trkpt lat="37.4117800" lon="-121.9949813"><ele>8</ele><time>2026-07-13T23:42:16.833051Z</time></trkpt>
  <trkpt lat="37.4117798" lon="-121.9949809"><ele>8</ele><time>2026-07-13T23:42:16.934055Z</time></trkpt>
  <trkpt lat="37.4117797" lon="-121.9949804"><ele>8</ele><time>2026-07-13T23:42:17.034317Z</time></trkpt>
  <trkpt lat="37.4117802" lon="-121.9949802"><ele>8</ele><time>2026-07-13T23:42:17.134394Z</time></trkpt>
  <trkpt lat="37.4117814" lon="-121.9949803"><ele>8</ele><time>2026-07-13T23:42:17.235265Z</time></trkpt>
  <trkpt lat="37.4117832" lon="-121.9949813"><ele>8</ele><time>2026-07-13T23:42:17.335850Z</time></trkpt>
  <trkpt lat="37.4117865" lon="-121.9949834"><ele>8</ele><time>2026-07-13T23:42:17.436435Z</time></trkpt>
  <trkpt lat="37.4117904" lon="-121.9949857"><ele>8</ele><time>2026-07-13T23:42:17.537128Z</time></trkpt>
  <trkpt lat="37.4117942" lon="-121.9949882"><ele>8</ele><time>2026-07-13T23:42:17.638325Z</time></trkpt>
  <trkpt lat="37.4117989" lon="-121.9949908"><ele>9</ele><time>2026-07-13T23:42:17.739710Z</time></trkpt>
  <trkpt lat="37.4117989" lon="-121.9949908"><ele>9</ele><time>2026-07-13T23:42:17.773271Z</time></trkpt>
  <trkpt lat="37.4118035" lon="-121.9949932"><ele>9</ele><time>2026-07-13T23:42:17.840489Z</time></trkpt>
  <trkpt lat="37.4118078" lon="-121.9949960"><ele>9</ele><time>2026-07-13T23:42:17.940855Z</time></trkpt>
  <trkpt lat="37.4118120" lon="-121.9949994"><ele>10</ele><time>2026-07-13T23:42:18.021939Z</time></trkpt>
  <trkpt lat="37.4118157" lon="-121.9950032"><ele>10</ele><time>2026-07-13T23:42:18.122502Z</time></trkpt>
  <trkpt lat="37.4118197" lon="-121.9950079"><ele>11</ele><time>2026-07-13T23:42:18.223505Z</time></trkpt>
  <trkpt lat="37.4118241" lon="-121.9950132"><ele>11</ele><time>2026-07-13T23:42:18.325031Z</time></trkpt>
  <trkpt lat="37.4118287" lon="-121.9950190"><ele>11</ele><time>2026-07-13T23:42:18.426123Z</time></trkpt>
  <trkpt lat="37.4118339" lon="-121.9950256"><ele>11</ele><time>2026-07-13T23:42:18.526893Z</time></trkpt>
  <trkpt lat="37.4118399" lon="-121.9950329"><ele>11</ele><time>2026-07-13T23:42:18.627705Z</time></trkpt>
  <trkpt lat="37.4118458" lon="-121.9950403"><ele>11</ele><time>2026-07-13T23:42:18.728388Z</time></trkpt>
  <trkpt lat="37.4118518" lon="-121.9950481"><ele>11</ele><time>2026-07-13T23:42:18.828936Z</time></trkpt>
  <trkpt lat="37.4118579" lon="-121.9950564"><ele>12</ele><time>2026-07-13T23:42:18.929404Z</time></trkpt>
  <trkpt lat="37.4118641" lon="-121.9950650"><ele>12</ele><time>2026-07-13T23:42:19.030408Z</time></trkpt>
  <trkpt lat="37.4118697" lon="-121.9950734"><ele>13</ele><time>2026-07-13T23:42:19.131615Z</time></trkpt>
  <trkpt lat="37.4118746" lon="-121.9950815"><ele>13</ele><time>2026-07-13T23:42:19.232065Z</time></trkpt>
  <trkpt lat="37.4118794" lon="-121.9950896"><ele>14</ele><time>2026-07-13T23:42:19.333836Z</time></trkpt>
  <trkpt lat="37.4118842" lon="-121.9950978"><ele>15</ele><time>2026-07-13T23:42:19.434580Z</time></trkpt>
  <trkpt lat="37.4118895" lon="-121.9951062"><ele>15</ele><time>2026-07-13T23:42:19.535265Z</time></trkpt>
  <trkpt lat="37.4118955" lon="-121.9951150"><ele>16</ele><time>2026-07-13T23:42:19.635510Z</time></trkpt>
  <trkpt lat="37.4119021" lon="-121.9951233"><ele>16</ele><time>2026-07-13T23:42:19.735841Z</time></trkpt>
  <trkpt lat="37.4119095" lon="-121.9951303"><ele>17</ele><time>2026-07-13T23:42:19.837020Z</time></trkpt>
  <trkpt lat="37.4119095" lon="-121.9951303"><ele>17</ele><time>2026-07-13T23:42:19.925929Z</time></trkpt>
  <trkpt lat="37.4119178" lon="-121.9951363"><ele>17</ele><time>2026-07-13T23:42:19.938469Z</time></trkpt>
  <trkpt lat="37.4119266" lon="-121.9951410"><ele>18</ele><time>2026-07-13T23:42:20.039166Z</time></trkpt>
  <trkpt lat="37.4119362" lon="-121.9951446"><ele>18</ele><time>2026-07-13T23:42:20.119576Z</time></trkpt>
  <trkpt lat="37.4119463" lon="-121.9951465"><ele>19</ele><time>2026-07-13T23:42:20.220028Z</time></trkpt>
  <trkpt lat="37.4119568" lon="-121.9951474"><ele>19</ele><time>2026-07-13T23:42:20.320960Z</time></trkpt>
  <trkpt lat="37.4119676" lon="-121.9951482"><ele>20</ele><time>2026-07-13T23:42:20.421388Z</time></trkpt>
  <trkpt lat="37.4119786" lon="-121.9951486"><ele>20</ele><time>2026-07-13T23:42:20.521956Z</time></trkpt>
  <trkpt lat="37.4119899" lon="-121.9951485"><ele>21</ele><time>2026-07-13T23:42:20.622678Z</time></trkpt>
  <trkpt lat="37.4120013" lon="-121.9951481"><ele>21</ele><time>2026-07-13T23:42:20.723427Z</time></trkpt>
  <trkpt lat="37.4120129" lon="-121.9951479"><ele>21</ele><time>2026-07-13T23:42:20.823863Z</time></trkpt>
  <trkpt lat="37.4120248" lon="-121.9951477"><ele>22</ele><time>2026-07-13T23:42:20.924116Z</time></trkpt>
  <trkpt lat="37.4120368" lon="-121.9951470"><ele>22</ele><time>2026-07-13T23:42:21.025099Z</time></trkpt>
  <trkpt lat="37.4120489" lon="-121.9951460"><ele>23</ele><time>2026-07-13T23:42:21.125688Z</time></trkpt>
  <trkpt lat="37.4120607" lon="-121.9951449"><ele>23</ele><time>2026-07-13T23:42:21.226707Z</time></trkpt>
  <trkpt lat="37.4120718" lon="-121.9951441"><ele>24</ele><time>2026-07-13T23:42:21.327021Z</time></trkpt>
  <trkpt lat="37.4120820" lon="-121.9951431"><ele>25</ele><time>2026-07-13T23:42:21.427830Z</time></trkpt>
  <trkpt lat="37.4120920" lon="-121.9951422"><ele>26</ele><time>2026-07-13T23:42:21.529148Z</time></trkpt>
  <trkpt lat="37.4121020" lon="-121.9951414"><ele>27</ele><time>2026-07-13T23:42:21.629542Z</time></trkpt>
  <trkpt lat="37.4121118" lon="-121.9951410"><ele>27</ele><time>2026-07-13T23:42:21.730052Z</time></trkpt>
  <trkpt lat="37.4121216" lon="-121.9951409"><ele>28</ele><time>2026-07-13T23:42:21.831080Z</time></trkpt>
  <trkpt lat="37.4121312" lon="-121.9951408"><ele>29</ele><time>2026-07-13T23:42:21.931304Z</time></trkpt>
  <trkpt lat="37.4121404" lon="-121.9951404"><ele>30</ele><time>2026-07-13T23:42:22.031556Z</time></trkpt>
  <trkpt lat="37.4121404" lon="-121.9951404"><ele>30</ele><time>2026-07-13T23:42:22.081580Z</time></trkpt>
  <trkpt lat="37.4121498" lon="-121.9951398"><ele>31</ele><time>2026-07-13T23:42:22.131859Z</time></trkpt>
  <trkpt lat="37.4121597" lon="-121.9951394"><ele>31</ele><time>2026-07-13T23:42:22.232688Z</time></trkpt>
  <trkpt lat="37.4121701" lon="-121.9951385"><ele>32</ele><time>2026-07-13T23:42:22.332868Z</time></trkpt>
  <trkpt lat="37.4121806" lon="-121.9951378"><ele>32</ele><time>2026-07-13T23:42:22.433421Z</time></trkpt>
  <trkpt lat="37.4121910" lon="-121.9951373"><ele>33</ele><time>2026-07-13T23:42:22.533802Z</time></trkpt>
  <trkpt lat="37.4122013" lon="-121.9951372"><ele>34</ele><time>2026-07-13T23:42:22.634071Z</time></trkpt>
  <trkpt lat="37.4122119" lon="-121.9951372"><ele>34</ele><time>2026-07-13T23:42:22.735138Z</time></trkpt>
  <trkpt lat="37.4122225" lon="-121.9951373"><ele>35</ele><time>2026-07-13T23:42:22.836115Z</time></trkpt>
  <trkpt lat="37.4122329" lon="-121.9951375"><ele>35</ele><time>2026-07-13T23:42:22.917604Z</time></trkpt>
  <trkpt lat="37.4122433" lon="-121.9951378"><ele>36</ele><time>2026-07-13T23:42:23.018810Z</time></trkpt>
  <trkpt lat="37.4122538" lon="-121.9951384"><ele>36</ele><time>2026-07-13T23:42:23.119486Z</time></trkpt>
  <trkpt lat="37.4122639" lon="-121.9951394"><ele>37</ele><time>2026-07-13T23:42:23.220423Z</time></trkpt>
  <trkpt lat="37.4122735" lon="-121.9951410"><ele>38</ele><time>2026-07-13T23:42:23.321527Z</time></trkpt>
  <trkpt lat="37.4122831" lon="-121.9951431"><ele>38</ele><time>2026-07-13T23:42:23.421707Z</time></trkpt>
  <trkpt lat="37.4122925" lon="-121.9951455"><ele>39</ele><time>2026-07-13T23:42:23.522954Z</time></trkpt>
  <trkpt lat="37.4123014" lon="-121.9951482"><ele>40</ele><time>2026-07-13T23:42:23.624116Z</time></trkpt>
  <trkpt lat="37.4123099" lon="-121.9951517"><ele>41</ele><time>2026-07-13T23:42:23.723936Z</time></trkpt>
  <trkpt lat="37.4123185" lon="-121.9951554"><ele>41</ele><time>2026-07-13T23:42:23.824100Z</time></trkpt>
  <trkpt lat="37.4123272" lon="-121.9951593"><ele>42</ele><time>2026-07-13T23:42:23.924376Z</time></trkpt>
  <trkpt lat="37.4123359" lon="-121.9951636"><ele>43</ele><time>2026-07-13T23:42:24.024939Z</time></trkpt>
  <trkpt lat="37.4123445" lon="-121.9951679"><ele>43</ele><time>2026-07-13T23:42:24.125385Z</time></trkpt>
  <trkpt lat="37.4123532" lon="-121.9951722"><ele>44</ele><time>2026-07-13T23:42:24.225404Z</time></trkpt>
  <trkpt lat="37.4123532" lon="-121.9951722"><ele>44</ele><time>2026-07-13T23:42:24.238999Z</time></trkpt>
  <trkpt lat="37.4123622" lon="-121.9951764"><ele>45</ele><time>2026-07-13T23:42:24.326807Z</time></trkpt>
  <trkpt lat="37.4123713" lon="-121.9951806"><ele>45</ele><time>2026-07-13T23:42:24.427381Z</time></trkpt>
  <trkpt lat="37.4123806" lon="-121.9951847"><ele>46</ele><time>2026-07-13T23:42:24.528445Z</time></trkpt>
  <trkpt lat="37.4123899" lon="-121.9951888"><ele>47</ele><time>2026-07-13T23:42:24.629132Z</time></trkpt>
  <trkpt lat="37.4123993" lon="-121.9951930"><ele>47</ele><time>2026-07-13T23:42:24.729775Z</time></trkpt>
  <trkpt lat="37.4124086" lon="-121.9951970"><ele>48</ele><time>2026-07-13T23:42:24.830074Z</time></trkpt>
  <trkpt lat="37.4124180" lon="-121.9952009"><ele>49</ele><time>2026-07-13T23:42:24.930875Z</time></trkpt>
  <trkpt lat="37.4124275" lon="-121.9952047"><ele>49</ele><time>2026-07-13T23:42:25.031369Z</time></trkpt>
  <trkpt lat="37.4124371" lon="-121.9952083"><ele>50</ele><time>2026-07-13T23:42:25.131657Z</time></trkpt>
  <trkpt lat="37.4124468" lon="-121.9952116"><ele>51</ele><time>2026-07-13T23:42:25.232000Z</time></trkpt>
  <trkpt lat="37.4124564" lon="-121.9952147"><ele>51</ele><time>2026-07-13T23:42:25.332711Z</time></trkpt>
  <trkpt lat="37.4124660" lon="-121.9952179"><ele>52</ele><time>2026-07-13T23:42:25.433306Z</time></trkpt>
  <trkpt lat="37.4124758" lon="-121.9952209"><ele>53</ele><time>2026-07-13T23:42:25.533525Z</time></trkpt>
  <trkpt lat="37.4124856" lon="-121.9952236"><ele>54</ele><time>2026-07-13T23:42:25.614263Z</time></trkpt>
  <trkpt lat="37.4124955" lon="-121.9952260"><ele>54</ele><time>2026-07-13T23:42:25.714614Z</time></trkpt>
  <trkpt lat="37.4125056" lon="-121.9952284"><ele>55</ele><time>2026-07-13T23:42:25.814817Z</time></trkpt>
  <trkpt lat="37.4125157" lon="-121.9952305"><ele>56</ele><time>2026-07-13T23:42:25.915269Z</time></trkpt>
  <trkpt lat="37.4125260" lon="-121.9952325"><ele>56</ele><time>2026-07-13T23:42:26.015795Z</time></trkpt>
  <trkpt lat="37.4125362" lon="-121.9952345"><ele>57</ele><time>2026-07-13T23:42:26.115965Z</time></trkpt>
  <trkpt lat="37.4125463" lon="-121.9952362"><ele>58</ele><time>2026-07-13T23:42:26.216558Z</time></trkpt>
  <trkpt lat="37.4125566" lon="-121.9952375"><ele>59</ele><time>2026-07-13T23:42:26.317018Z</time></trkpt>
  <trkpt lat="37.4125566" lon="-121.9952375"><ele>59</ele><time>2026-07-13T23:42:26.391974Z</time></trkpt>
  <trkpt lat="37.4125669" lon="-121.9952390"><ele>59</ele><time>2026-07-13T23:42:26.416912Z</time></trkpt>
  <trkpt lat="37.4125771" lon="-121.9952408"><ele>60</ele><time>2026-07-13T23:42:26.517029Z</time></trkpt>
  <trkpt lat="37.4125873" lon="-121.9952424"><ele>61</ele><time>2026-07-13T23:42:26.617435Z</time></trkpt>
  <trkpt lat="37.4125977" lon="-121.9952437"><ele>61</ele><time>2026-07-13T23:42:26.718078Z</time></trkpt>
  <trkpt lat="37.4126082" lon="-121.9952452"><ele>62</ele><time>2026-07-13T23:42:26.818468Z</time></trkpt>
  <trkpt lat="37.4126191" lon="-121.9952467"><ele>62</ele><time>2026-07-13T23:42:26.919591Z</time></trkpt>
  <trkpt lat="37.4126302" lon="-121.9952483"><ele>63</ele><time>2026-07-13T23:42:27.021296Z</time></trkpt>
  <trkpt lat="37.4126413" lon="-121.9952499"><ele>63</ele><time>2026-07-13T23:42:27.121328Z</time></trkpt>
  <trkpt lat="37.4126525" lon="-121.9952515"><ele>64</ele><time>2026-07-13T23:42:27.222527Z</time></trkpt>
  <trkpt lat="37.4126638" lon="-121.9952530"><ele>64</ele><time>2026-07-13T23:42:27.322719Z</time></trkpt>
  <trkpt lat="37.4126752" lon="-121.9952544"><ele>65</ele><time>2026-07-13T23:42:27.423909Z</time></trkpt>
  <trkpt lat="37.4126866" lon="-121.9952559"><ele>65</ele><time>2026-07-13T23:42:27.524527Z</time></trkpt>
  <trkpt lat="37.4126980" lon="-121.9952574"><ele>65</ele><time>2026-07-13T23:42:27.624997Z</time></trkpt>
  <trkpt lat="37.4127093" lon="-121.9952589"><ele>66</ele><time>2026-07-13T23:42:27.725627Z</time></trkpt>
  <trkpt lat="37.4127206" lon="-121.9952603"><ele>66</ele><time>2026-07-13T23:42:27.825946Z</time></trkpt>
  <trkpt lat="37.4127318" lon="-121.9952616"><ele>67</ele><time>2026-07-13T23:42:27.926066Z</time></trkpt>
  <trkpt lat="37.4127429" lon="-121.9952630"><ele>68</ele><time>2026-07-13T23:42:28.026651Z</time></trkpt>
  <trkpt lat="37.4127539" lon="-121.9952643"><ele>68</ele><time>2026-07-13T23:42:28.128445Z</time></trkpt>
  <trkpt lat="37.4127649" lon="-121.9952656"><ele>69</ele><time>2026-07-13T23:42:28.228894Z</time></trkpt>
  <trkpt lat="37.4127761" lon="-121.9952667"><ele>69</ele><time>2026-07-13T23:42:28.329743Z</time></trkpt>
  <trkpt lat="37.4127871" lon="-121.9952679"><ele>70</ele><time>2026-07-13T23:42:28.430844Z</time></trkpt>
  <trkpt lat="37.4127978" lon="-121.9952693"><ele>71</ele><time>2026-07-13T23:42:28.511006Z</time></trkpt>
  <trkpt lat="37.4127978" lon="-121.9952693"><ele>71</ele><time>2026-07-13T23:42:28.546303Z</time></trkpt>
  <trkpt lat="37.4128085" lon="-121.9952707"><ele>71</ele><time>2026-07-13T23:42:28.611197Z</time></trkpt>
  <trkpt lat="37.4128193" lon="-121.9952720"><ele>72</ele><time>2026-07-13T23:42:28.711492Z</time></trkpt>
  <trkpt lat="37.4128303" lon="-121.9952732"><ele>72</ele><time>2026-07-13T23:42:28.811879Z</time></trkpt>
  <trkpt lat="37.4128410" lon="-121.9952745"><ele>73</ele><time>2026-07-13T23:42:28.912337Z</time></trkpt>
  <trkpt lat="37.4128519" lon="-121.9952756"><ele>73</ele><time>2026-07-13T23:42:29.012890Z</time></trkpt>
  <trkpt lat="37.4128630" lon="-121.9952766"><ele>74</ele><time>2026-07-13T23:42:29.113040Z</time></trkpt>
  <trkpt lat="37.4128740" lon="-121.9952777"><ele>75</ele><time>2026-07-13T23:42:29.213618Z</time></trkpt>
  <trkpt lat="37.4128849" lon="-121.9952787"><ele>75</ele><time>2026-07-13T23:42:29.314555Z</time></trkpt>
  <trkpt lat="37.4128958" lon="-121.9952796"><ele>76</ele><time>2026-07-13T23:42:29.415128Z</time></trkpt>
  <trkpt lat="37.4129066" lon="-121.9952804"><ele>76</ele><time>2026-07-13T23:42:29.515274Z</time></trkpt>
  <trkpt lat="37.4129173" lon="-121.9952810"><ele>77</ele><time>2026-07-13T23:42:29.616051Z</time></trkpt>
  <trkpt lat="37.4129278" lon="-121.9952817"><ele>77</ele><time>2026-07-13T23:42:29.717006Z</time></trkpt>
  <trkpt lat="37.4129383" lon="-121.9952825"><ele>78</ele><time>2026-07-13T23:42:29.818065Z</time></trkpt>
  <trkpt lat="37.4129485" lon="-121.9952833"><ele>79</ele><time>2026-07-13T23:42:29.918383Z</time></trkpt>
  <trkpt lat="37.4129590" lon="-121.9952843"><ele>79</ele><time>2026-07-13T23:42:30.018781Z</time></trkpt>
  <trkpt lat="37.4129692" lon="-121.9952852"><ele>80</ele><time>2026-07-13T23:42:30.119410Z</time></trkpt>
  <trkpt lat="37.4129794" lon="-121.9952863"><ele>80</ele><time>2026-07-13T23:42:30.220158Z</time></trkpt>
  <trkpt lat="37.4129897" lon="-121.9952875"><ele>81</ele><time>2026-07-13T23:42:30.321268Z</time></trkpt>
  <trkpt lat="37.4129999" lon="-121.9952888"><ele>81</ele><time>2026-07-13T23:42:30.422265Z</time></trkpt>
  <trkpt lat="37.4130100" lon="-121.9952900"><ele>82</ele><time>2026-07-13T23:42:30.522550Z</time></trkpt>
  <trkpt lat="37.4130200" lon="-121.9952912"><ele>82</ele><time>2026-07-13T23:42:30.622835Z</time></trkpt>
  <trkpt lat="37.4130200" lon="-121.9952912"><ele>82</ele><time>2026-07-13T23:42:30.703997Z</time></trkpt>
  <trkpt lat="37.4130300" lon="-121.9952927"><ele>83</ele><time>2026-07-13T23:42:30.722976Z</time></trkpt>
  <trkpt lat="37.4130397" lon="-121.9952945"><ele>84</ele><time>2026-07-13T23:42:30.823717Z</time></trkpt>
  <trkpt lat="37.4130492" lon="-121.9952964"><ele>84</ele><time>2026-07-13T23:42:30.924755Z</time></trkpt>
  <trkpt lat="37.4130584" lon="-121.9952986"><ele>85</ele><time>2026-07-13T23:42:31.025205Z</time></trkpt>
  <trkpt lat="37.4130675" lon="-121.9953008"><ele>85</ele><time>2026-07-13T23:42:31.126404Z</time></trkpt>
  <trkpt lat="37.4130767" lon="-121.9953031"><ele>86</ele><time>2026-07-13T23:42:31.226533Z</time></trkpt>
  <trkpt lat="37.4130859" lon="-121.9953055"><ele>86</ele><time>2026-07-13T23:42:31.327456Z</time></trkpt>
  <trkpt lat="37.4130950" lon="-121.9953079"><ele>87</ele><time>2026-07-13T23:42:31.428203Z</time></trkpt>
  <trkpt lat="37.4131041" lon="-121.9953104"><ele>87</ele><time>2026-07-13T23:42:31.528430Z</time></trkpt>
  <trkpt lat="37.4131133" lon="-121.9953130"><ele>88</ele><time>2026-07-13T23:42:31.608837Z</time></trkpt>
  <trkpt lat="37.4131225" lon="-121.9953156"><ele>88</ele><time>2026-07-13T23:42:31.709113Z</time></trkpt>
  <trkpt lat="37.4131317" lon="-121.9953182"><ele>89</ele><time>2026-07-13T23:42:31.809983Z</time></trkpt>
  <trkpt lat="37.4131409" lon="-121.9953207"><ele>89</ele><time>2026-07-13T23:42:31.910128Z</time></trkpt>
  <trkpt lat="37.4131502" lon="-121.9953232"><ele>90</ele><time>2026-07-13T23:42:32.010634Z</time></trkpt>
  <trkpt lat="37.4131595" lon="-121.9953255"><ele>90</ele><time>2026-07-13T23:42:32.110971Z</time></trkpt>
  <trkpt lat="37.4131688" lon="-121.9953279"><ele>91</ele><time>2026-07-13T23:42:32.211971Z</time></trkpt>
  <trkpt lat="37.4131780" lon="-121.9953302"><ele>91</ele><time>2026-07-13T23:42:32.312698Z</time></trkpt>
  <trkpt lat="37.4131872" lon="-121.9953325"><ele>92</ele><time>2026-07-13T23:42:32.413349Z</time></trkpt>
  <trkpt lat="37.4131966" lon="-121.9953345"><ele>93</ele><time>2026-07-13T23:42:32.513802Z</time></trkpt>
  <trkpt lat="37.4132060" lon="-121.9953367"><ele>93</ele><time>2026-07-13T23:42:32.614092Z</time></trkpt>
  <trkpt lat="37.4132154" lon="-121.9953387"><ele>94</ele><time>2026-07-13T23:42:32.714881Z</time></trkpt>
  <trkpt lat="37.4132249" lon="-121.9953407"><ele>94</ele><time>2026-07-13T23:42:32.815452Z</time></trkpt>
  <trkpt lat="37.4132249" lon="-121.9953407"><ele>94</ele><time>2026-07-13T23:42:32.856415Z</time></trkpt>
  <trkpt lat="37.4132346" lon="-121.9953427"><ele>95</ele><time>2026-07-13T23:42:32.916219Z</time></trkpt>
  <trkpt lat="37.4132444" lon="-121.9953447"><ele>95</ele><time>2026-07-13T23:42:33.017054Z</time></trkpt>
  <trkpt lat="37.4132542" lon="-121.9953465"><ele>96</ele><time>2026-07-13T23:42:33.117861Z</time></trkpt>
  <trkpt lat="37.4132641" lon="-121.9953483"><ele>96</ele><time>2026-07-13T23:42:33.218210Z</time></trkpt>
  <trkpt lat="37.4132741" lon="-121.9953500"><ele>96</ele><time>2026-07-13T23:42:33.318665Z</time></trkpt>
  <trkpt lat="37.4132841" lon="-121.9953518"><ele>97</ele><time>2026-07-13T23:42:33.419781Z</time></trkpt>
  <trkpt lat="37.4132942" lon="-121.9953535"><ele>97</ele><time>2026-07-13T23:42:33.520085Z</time></trkpt>
  <trkpt lat="37.4133043" lon="-121.9953549"><ele>98</ele><time>2026-07-13T23:42:33.620397Z</time></trkpt>
  <trkpt lat="37.4133145" lon="-121.9953564"><ele>98</ele><time>2026-07-13T23:42:33.720586Z</time></trkpt>
  <trkpt lat="37.4133246" lon="-121.9953578"><ele>99</ele><time>2026-07-13T23:42:33.821409Z</time></trkpt>
  <trkpt lat="37.4133349" lon="-121.9953593"><ele>99</ele><time>2026-07-13T23:42:33.922851Z</time></trkpt>
  <trkpt lat="37.4133451" lon="-121.9953605"><ele>99</ele><time>2026-07-13T23:42:34.023204Z</time></trkpt>
  <trkpt lat="37.4133553" lon="-121.9953616"><ele>100</ele><time>2026-07-13T23:42:34.123605Z</time></trkpt>
  <trkpt lat="37.4133657" lon="-121.9953626"><ele>100</ele><time>2026-07-13T23:42:34.224005Z</time></trkpt>
  <trkpt lat="37.4133761" lon="-121.9953634"><ele>101</ele><time>2026-07-13T23:42:34.304666Z</time></trkpt>
  <trkpt lat="37.4133867" lon="-121.9953642"><ele>101</ele><time>2026-07-13T23:42:34.425396Z</time></trkpt>
  <trkpt lat="37.4133973" lon="-121.9953648"><ele>101</ele><time>2026-07-13T23:42:34.505433Z</time></trkpt>
  <trkpt lat="37.4134080" lon="-121.9953653"><ele>102</ele><time>2026-07-13T23:42:34.606470Z</time></trkpt>
  <trkpt lat="37.4134188" lon="-121.9953658"><ele>102</ele><time>2026-07-13T23:42:34.707169Z</time></trkpt>
  <trkpt lat="37.4134296" lon="-121.9953660"><ele>103</ele><time>2026-07-13T23:42:34.807452Z</time></trkpt>
  <trkpt lat="37.4134404" lon="-121.9953663"><ele>103</ele><time>2026-07-13T23:42:34.907474Z</time></trkpt>
  <trkpt lat="37.4134404" lon="-121.9953663"><ele>103</ele><time>2026-07-13T23:42:35.006385Z</time></trkpt>
  <trkpt lat="37.4134512" lon="-121.9953666"><ele>103</ele><time>2026-07-13T23:42:35.007923Z</time></trkpt>
  <trkpt lat="37.4134621" lon="-121.9953669"><ele>104</ele><time>2026-07-13T23:42:35.108874Z</time></trkpt>
  <trkpt lat="37.4134729" lon="-121.9953674"><ele>104</ele><time>2026-07-13T23:42:35.209436Z</time></trkpt>
  <trkpt lat="37.4134836" lon="-121.9953678"><ele>105</ele><time>2026-07-13T23:42:35.310786Z</time></trkpt>
  <trkpt lat="37.4134944" lon="-121.9953686"><ele>105</ele><time>2026-07-13T23:42:35.412128Z</time></trkpt>
  <trkpt lat="37.4135051" lon="-121.9953694"><ele>106</ele><time>2026-07-13T23:42:35.512922Z</time></trkpt>
  <trkpt lat="37.4135159" lon="-121.9953703"><ele>106</ele><time>2026-07-13T23:42:35.614297Z</time></trkpt>
  <trkpt lat="37.4135269" lon="-121.9953716"><ele>106</ele><time>2026-07-13T23:42:35.714884Z</time></trkpt>
  <trkpt lat="37.4135377" lon="-121.9953730"><ele>107</ele><time>2026-07-13T23:42:35.815050Z</time></trkpt>
  <trkpt lat="37.4135485" lon="-121.9953747"><ele>107</ele><time>2026-07-13T23:42:35.915239Z</time></trkpt>
  <trkpt lat="37.4135593" lon="-121.9953764"><ele>107</ele><time>2026-07-13T23:42:36.016007Z</time></trkpt>
  <trkpt lat="37.4135699" lon="-121.9953784"><ele>108</ele><time>2026-07-13T23:42:36.116657Z</time></trkpt>
  <trkpt lat="37.4135805" lon="-121.9953808"><ele>108</ele><time>2026-07-13T23:42:36.217252Z</time></trkpt>
  <trkpt lat="37.4135910" lon="-121.9953833"><ele>109</ele><time>2026-07-13T23:42:36.317934Z</time></trkpt>
  <trkpt lat="37.4136014" lon="-121.9953860"><ele>109</ele><time>2026-07-13T23:42:36.418132Z</time></trkpt>
  <trkpt lat="37.4136118" lon="-121.9953890"><ele>109</ele><time>2026-07-13T23:42:36.519058Z</time></trkpt>
  <trkpt lat="37.4136221" lon="-121.9953921"><ele>110</ele><time>2026-07-13T23:42:36.619245Z</time></trkpt>
  <trkpt lat="37.4136324" lon="-121.9953954"><ele>110</ele><time>2026-07-13T23:42:36.719831Z</time></trkpt>
  <trkpt lat="37.4136426" lon="-121.9953989"><ele>110</ele><time>2026-07-13T23:42:36.820879Z</time></trkpt>
  <trkpt lat="37.4136528" lon="-121.9954026"><ele>111</ele><time>2026-07-13T23:42:36.921826Z</time></trkpt>
  <trkpt lat="37.4136629" lon="-121.9954063"><ele>111</ele><time>2026-07-13T23:42:37.002547Z</time></trkpt>
  <trkpt lat="37.4136731" lon="-121.9954100"><ele>112</ele><time>2026-07-13T23:42:37.123035Z</time></trkpt>
  <trkpt lat="37.4136731" lon="-121.9954100"><ele>112</ele><time>2026-07-13T23:42:37.163947Z</time></trkpt>
  <trkpt lat="37.4136831" lon="-121.9954138"><ele>112</ele><time>2026-07-13T23:42:37.203276Z</time></trkpt>
  <trkpt lat="37.4136933" lon="-121.9954179"><ele>112</ele><time>2026-07-13T23:42:37.303949Z</time></trkpt>
  <trkpt lat="37.4137033" lon="-121.9954219"><ele>113</ele><time>2026-07-13T23:42:37.404007Z</time></trkpt>
  <trkpt lat="37.4137134" lon="-121.9954260"><ele>113</ele><time>2026-07-13T23:42:37.505143Z</time></trkpt>
  <trkpt lat="37.4137234" lon="-121.9954302"><ele>113</ele><time>2026-07-13T23:42:37.606819Z</time></trkpt>
  <trkpt lat="37.4137332" lon="-121.9954342"><ele>114</ele><time>2026-07-13T23:42:37.707314Z</time></trkpt>
  <trkpt lat="37.4137429" lon="-121.9954382"><ele>114</ele><time>2026-07-13T23:42:37.808483Z</time></trkpt>
  <trkpt lat="37.4137526" lon="-121.9954423"><ele>114</ele><time>2026-07-13T23:42:37.909250Z</time></trkpt>
  <trkpt lat="37.4137621" lon="-121.9954464"><ele>114</ele><time>2026-07-13T23:42:38.009864Z</time></trkpt>
  <trkpt lat="37.4137712" lon="-121.9954505"><ele>115</ele><time>2026-07-13T23:42:38.110781Z</time></trkpt>
  <trkpt lat="37.4137801" lon="-121.9954551"><ele>115</ele><time>2026-07-13T23:42:38.210888Z</time></trkpt>
  <trkpt lat="37.4137887" lon="-121.9954602"><ele>115</ele><time>2026-07-13T23:42:38.311071Z</time></trkpt>
  <trkpt lat="37.4137969" lon="-121.9954657"><ele>115</ele><time>2026-07-13T23:42:38.411244Z</time></trkpt>
  <trkpt lat="37.4138048" lon="-121.9954719"><ele>115</ele><time>2026-07-13T23:42:38.511575Z</time></trkpt>
  <trkpt lat="37.4138114" lon="-121.9954792"><ele>115</ele><time>2026-07-13T23:42:38.612325Z</time></trkpt>
  <trkpt lat="37.4138163" lon="-121.9954881"><ele>115</ele><time>2026-07-13T23:42:38.712696Z</time></trkpt>
  <trkpt lat="37.4138186" lon="-121.9954989"><ele>115</ele><time>2026-07-13T23:42:38.813104Z</time></trkpt>
  <trkpt lat="37.4138175" lon="-121.9955102"><ele>115</ele><time>2026-07-13T23:42:38.913477Z</time></trkpt>
  <trkpt lat="37.4138136" lon="-121.9955214"><ele>115</ele><time>2026-07-13T23:42:39.014384Z</time></trkpt>
  <trkpt lat="37.4138069" lon="-121.9955311"><ele>115</ele><time>2026-07-13T23:42:39.116019Z</time></trkpt>
  <trkpt lat="37.4137978" lon="-121.9955406"><ele>114</ele><time>2026-07-13T23:42:39.216570Z</time></trkpt>
  <trkpt lat="37.4137859" lon="-121.9955486"><ele>114</ele><time>2026-07-13T23:42:39.317075Z</time></trkpt>
  <trkpt lat="37.4137859" lon="-121.9955486"><ele>114</ele><time>2026-07-13T23:42:39.320114Z</time></trkpt>
  <trkpt lat="37.4137722" lon="-121.9955547"><ele>114</ele><time>2026-07-13T23:42:39.417723Z</time></trkpt>
  <trkpt lat="37.4137575" lon="-121.9955591"><ele>114</ele><time>2026-07-13T23:42:39.518326Z</time></trkpt>
  <trkpt lat="37.4137421" lon="-121.9955622"><ele>114</ele><time>2026-07-13T23:42:39.618875Z</time></trkpt>
  <trkpt lat="37.4137262" lon="-121.9955646"><ele>114</ele><time>2026-07-13T23:42:39.719838Z</time></trkpt>
  <trkpt lat="37.4137098" lon="-121.9955662"><ele>114</ele><time>2026-07-13T23:42:39.800385Z</time></trkpt>
  <trkpt lat="37.4136929" lon="-121.9955673"><ele>113</ele><time>2026-07-13T23:42:39.920877Z</time></trkpt>
  <trkpt lat="37.4136758" lon="-121.9955677"><ele>113</ele><time>2026-07-13T23:42:40.000895Z</time></trkpt>
  <trkpt lat="37.4136585" lon="-121.9955679"><ele>113</ele><time>2026-07-13T23:42:40.101224Z</time></trkpt>
  <trkpt lat="37.4136409" lon="-121.9955681"><ele>113</ele><time>2026-07-13T23:42:40.201958Z</time></trkpt>
  <trkpt lat="37.4136230" lon="-121.9955681"><ele>113</ele><time>2026-07-13T23:42:40.302940Z</time></trkpt>
  <trkpt lat="37.4136051" lon="-121.9955680"><ele>112</ele><time>2026-07-13T23:42:40.404312Z</time></trkpt>
  <trkpt lat="37.4135868" lon="-121.9955678"><ele>112</ele><time>2026-07-13T23:42:40.504674Z</time></trkpt>
  <trkpt lat="37.4135686" lon="-121.9955678"><ele>112</ele><time>2026-07-13T23:42:40.605593Z</time></trkpt>
  <trkpt lat="37.4135500" lon="-121.9955677"><ele>112</ele><time>2026-07-13T23:42:40.705999Z</time></trkpt>
  <trkpt lat="37.4135313" lon="-121.9955675"><ele>112</ele><time>2026-07-13T23:42:40.807580Z</time></trkpt>
  <trkpt lat="37.4135123" lon="-121.9955670"><ele>112</ele><time>2026-07-13T23:42:40.908003Z</time></trkpt>
  <trkpt lat="37.4134934" lon="-121.9955665"><ele>112</ele><time>2026-07-13T23:42:41.008298Z</time></trkpt>
  <trkpt lat="37.4134745" lon="-121.9955660"><ele>112</ele><time>2026-07-13T23:42:41.108677Z</time></trkpt>
  <trkpt lat="37.4134557" lon="-121.9955653"><ele>112</ele><time>2026-07-13T23:42:41.209412Z</time></trkpt>
  <trkpt lat="37.4134368" lon="-121.9955645"><ele>112</ele><time>2026-07-13T23:42:41.310382Z</time></trkpt>
  <trkpt lat="37.4134180" lon="-121.9955637"><ele>112</ele><time>2026-07-13T23:42:41.411226Z</time></trkpt>
  <trkpt lat="37.4134180" lon="-121.9955637"><ele>112</ele><time>2026-07-13T23:42:41.462654Z</time></trkpt>
  <trkpt lat="37.4133989" lon="-121.9955630"><ele>112</ele><time>2026-07-13T23:42:41.511459Z</time></trkpt>
  <trkpt lat="37.4133795" lon="-121.9955620"><ele>112</ele><time>2026-07-13T23:42:41.612281Z</time></trkpt>
  <trkpt lat="37.4133603" lon="-121.9955612"><ele>112</ele><time>2026-07-13T23:42:41.712580Z</time></trkpt>
  <trkpt lat="37.4133434" lon="-121.9955599"><ele>113</ele><time>2026-07-13T23:42:41.812935Z</time></trkpt>
  <trkpt lat="37.4133278" lon="-121.9955595"><ele>113</ele><time>2026-07-13T23:42:41.913115Z</time></trkpt>
  <trkpt lat="37.4133120" lon="-121.9955601"><ele>113</ele><time>2026-07-13T23:42:42.013780Z</time></trkpt>
  <trkpt lat="37.4132968" lon="-121.9955615"><ele>114</ele><time>2026-07-13T23:42:42.114843Z</time></trkpt>
  <trkpt lat="37.4132843" lon="-121.9955641"><ele>115</ele><time>2026-07-13T23:42:42.215128Z</time></trkpt>
  <trkpt lat="37.4132735" lon="-121.9955679"><ele>116</ele><time>2026-07-13T23:42:42.315913Z</time></trkpt>
  <trkpt lat="37.4132639" lon="-121.9955730"><ele>117</ele><time>2026-07-13T23:42:42.416249Z</time></trkpt>
  <trkpt lat="37.4132563" lon="-121.9955790"><ele>118</ele><time>2026-07-13T23:42:42.496678Z</time></trkpt>
  <trkpt lat="37.4132514" lon="-121.9955856"><ele>119</ele><time>2026-07-13T23:42:42.617605Z</time></trkpt>
  <trkpt lat="37.4132491" lon="-121.9955922"><ele>119</ele><time>2026-07-13T23:42:42.698318Z</time></trkpt>
  <trkpt lat="37.4132487" lon="-121.9955986"><ele>120</ele><time>2026-07-13T23:42:42.798614Z</time></trkpt>
  <trkpt lat="37.4132501" lon="-121.9956050"><ele>120</ele><time>2026-07-13T23:42:42.899263Z</time></trkpt>
  <trkpt lat="37.4132536" lon="-121.9956111"><ele>121</ele><time>2026-07-13T23:42:42.999815Z</time></trkpt>
  <trkpt lat="37.4132598" lon="-121.9956161"><ele>121</ele><time>2026-07-13T23:42:43.101351Z</time></trkpt>
  <trkpt lat="37.4132710" lon="-121.9956216"><ele>120</ele><time>2026-07-13T23:42:43.202346Z</time></trkpt>
  <trkpt lat="37.4132824" lon="-121.9956252"><ele>120</ele><time>2026-07-13T23:42:43.302398Z</time></trkpt>
  <trkpt lat="37.4132905" lon="-121.9956265"><ele>120</ele><time>2026-07-13T23:42:43.403022Z</time></trkpt>
  <trkpt lat="37.4132986" lon="-121.9956281"><ele>119</ele><time>2026-07-13T23:42:43.503427Z</time></trkpt>
  <trkpt lat="37.4133077" lon="-121.9956310"><ele>119</ele><time>2026-07-13T23:42:43.604342Z</time></trkpt>
  <trkpt lat="37.4133077" lon="-121.9956310"><ele>119</ele><time>2026-07-13T23:42:43.613763Z</time></trkpt>
  <trkpt lat="37.4133174" lon="-121.9956339"><ele>119</ele><time>2026-07-13T23:42:43.704583Z</time></trkpt>
  <trkpt lat="37.4133262" lon="-121.9956371"><ele>118</ele><time>2026-07-13T23:42:43.805296Z</time></trkpt>
  <trkpt lat="37.4133323" lon="-121.9956405"><ele>118</ele><time>2026-07-13T23:42:43.905566Z</time></trkpt>
  <trkpt lat="37.4133353" lon="-121.9956448"><ele>117</ele><time>2026-07-13T23:42:44.006341Z</time></trkpt>
  <trkpt lat="37.4133371" lon="-121.9956506"><ele>116</ele><time>2026-07-13T23:42:44.106687Z</time></trkpt>
  <trkpt lat="37.4133338" lon="-121.9956571"><ele>115</ele><time>2026-07-13T23:42:44.208061Z</time></trkpt>
  <trkpt lat="37.4133242" lon="-121.9956651"><ele>114</ele><time>2026-07-13T23:42:44.308574Z</time></trkpt>
  <trkpt lat="37.4133136" lon="-121.9956764"><ele>113</ele><time>2026-07-13T23:42:44.409695Z</time></trkpt>
  <trkpt lat="37.4133005" lon="-121.9956873"><ele>113</ele><time>2026-07-13T23:42:44.510337Z</time></trkpt>
  <trkpt lat="37.4132854" lon="-121.9956970"><ele>112</ele><time>2026-07-13T23:42:44.610987Z</time></trkpt>
  <trkpt lat="37.4132692" lon="-121.9957048"><ele>112</ele><time>2026-07-13T23:42:44.711562Z</time></trkpt>
  <trkpt lat="37.4132512" lon="-121.9957108"><ele>112</ele><time>2026-07-13T23:42:44.812524Z</time></trkpt>
  <trkpt lat="37.4132330" lon="-121.9957177"><ele>112</ele><time>2026-07-13T23:42:44.912632Z</time></trkpt>
  <trkpt lat="37.4132150" lon="-121.9957260"><ele>112</ele><time>2026-07-13T23:42:45.012879Z</time></trkpt>
  <trkpt lat="37.4131978" lon="-121.9957342"><ele>111</ele><time>2026-07-13T23:42:45.113479Z</time></trkpt>
  <trkpt lat="37.4131816" lon="-121.9957424"><ele>111</ele><time>2026-07-13T23:42:45.194349Z</time></trkpt>
  <trkpt lat="37.4131676" lon="-121.9957530"><ele>111</ele><time>2026-07-13T23:42:45.295742Z</time></trkpt>
  <trkpt lat="37.4131574" lon="-121.9957674"><ele>111</ele><time>2026-07-13T23:42:45.396180Z</time></trkpt>
  <trkpt lat="37.4131514" lon="-121.9957826"><ele>111</ele><time>2026-07-13T23:42:45.496438Z</time></trkpt>
  <trkpt lat="37.4131487" lon="-121.9957967"><ele>111</ele><time>2026-07-13T23:42:45.597582Z</time></trkpt>
  <trkpt lat="37.4131481" lon="-121.9958089"><ele>111</ele><time>2026-07-13T23:42:45.697928Z</time></trkpt>
  <trkpt lat="37.4131481" lon="-121.9958089"><ele>111</ele><time>2026-07-13T23:42:45.762274Z</time></trkpt>
  <trkpt lat="37.4131522" lon="-121.9958201"><ele>111</ele><time>2026-07-13T23:42:45.798515Z</time></trkpt>
  <trkpt lat="37.4131567" lon="-121.9958279"><ele>112</ele><time>2026-07-13T23:42:45.899551Z</time></trkpt>
  <trkpt lat="37.4131627" lon="-121.9958346"><ele>112</ele><time>2026-07-13T23:42:46.000381Z</time></trkpt>
  <trkpt lat="37.4131711" lon="-121.9958421"><ele>111</ele><time>2026-07-13T23:42:46.101013Z</time></trkpt>
  <trkpt lat="37.4131768" lon="-121.9958514"><ele>111</ele><time>2026-07-13T23:42:46.202091Z</time></trkpt>
  <trkpt lat="37.4131795" lon="-121.9958623"><ele>111</ele><time>2026-07-13T23:42:46.302239Z</time></trkpt>
  <trkpt lat="37.4131834" lon="-121.9958725"><ele>110</ele><time>2026-07-13T23:42:46.402989Z</time></trkpt>
  <trkpt lat="37.4131884" lon="-121.9958819"><ele>110</ele><time>2026-07-13T23:42:46.503487Z</time></trkpt>
  <trkpt lat="37.4131978" lon="-121.9958936"><ele>109</ele><time>2026-07-13T23:42:46.604198Z</time></trkpt>
  <trkpt lat="37.4132057" lon="-121.9959052"><ele>109</ele><time>2026-07-13T23:42:46.704934Z</time></trkpt>
  <trkpt lat="37.4132132" lon="-121.9959179"><ele>109</ele><time>2026-07-13T23:42:46.805812Z</time></trkpt>
  <trkpt lat="37.4132185" lon="-121.9959277"><ele>108</ele><time>2026-07-13T23:42:46.906443Z</time></trkpt>
  <trkpt lat="37.4132278" lon="-121.9959346"><ele>108</ele><time>2026-07-13T23:42:47.007066Z</time></trkpt>
  <trkpt lat="37.4132390" lon="-121.9959393"><ele>108</ele><time>2026-07-13T23:42:47.107907Z</time></trkpt>
  <trkpt lat="37.4132500" lon="-121.9959453"><ele>107</ele><time>2026-07-13T23:42:47.208532Z</time></trkpt>
  <trkpt lat="37.4132600" lon="-121.9959518"><ele>107</ele><time>2026-07-13T23:42:47.309121Z</time></trkpt>
  <trkpt lat="37.4132684" lon="-121.9959597"><ele>106</ele><time>2026-07-13T23:42:47.409944Z</time></trkpt>
  <trkpt lat="37.4132752" lon="-121.9959685"><ele>105</ele><time>2026-07-13T23:42:47.510327Z</time></trkpt>
  <trkpt lat="37.4132806" lon="-121.9959750"><ele>105</ele><time>2026-07-13T23:42:47.610608Z</time></trkpt>
  <trkpt lat="37.4132875" lon="-121.9959788"><ele>104</ele><time>2026-07-13T23:42:47.691290Z</time></trkpt>
  <trkpt lat="37.4132946" lon="-121.9959790"><ele>104</ele><time>2026-07-13T23:42:47.791561Z</time></trkpt>
  <trkpt lat="37.4133052" lon="-121.9959777"><ele>103</ele><time>2026-07-13T23:42:47.892190Z</time></trkpt>
  <trkpt lat="37.4133052" lon="-121.9959777"><ele>103</ele><time>2026-07-13T23:42:47.917997Z</time></trkpt>
  <trkpt lat="37.4133165" lon="-121.9959747"><ele>103</ele><time>2026-07-13T23:42:47.992497Z</time></trkpt>
  <trkpt lat="37.4133295" lon="-121.9959699"><ele>103</ele><time>2026-07-13T23:42:48.093372Z</time></trkpt>
  <trkpt lat="37.4133437" lon="-121.9959642"><ele>104</ele><time>2026-07-13T23:42:48.193964Z</time></trkpt>
  <trkpt lat="37.4133596" lon="-121.9959608"><ele>104</ele><time>2026-07-13T23:42:48.293937Z</time></trkpt>
  <trkpt lat="37.4133751" lon="-121.9959581"><ele>104</ele><time>2026-07-13T23:42:48.394150Z</time></trkpt>
  <trkpt lat="37.4133924" lon="-121.9959563"><ele>104</ele><time>2026-07-13T23:42:48.495543Z</time></trkpt>
  <trkpt lat="37.4134073" lon="-121.9959527"><ele>104</ele><time>2026-07-13T23:42:48.596481Z</time></trkpt>
  <trkpt lat="37.4134204" lon="-121.9959474"><ele>104</ele><time>2026-07-13T23:42:48.697394Z</time></trkpt>
  <trkpt lat="37.4134325" lon="-121.9959429"><ele>104</ele><time>2026-07-13T23:42:48.798390Z</time></trkpt>
  <trkpt lat="37.4134481" lon="-121.9959401"><ele>103</ele><time>2026-07-13T23:42:48.899005Z</time></trkpt>
  <trkpt lat="37.4134626" lon="-121.9959361"><ele>103</ele><time>2026-07-13T23:42:48.999692Z</time></trkpt>
  <trkpt lat="37.4134771" lon="-121.9959327"><ele>103</ele><time>2026-07-13T23:42:49.100442Z</time></trkpt>
  <trkpt lat="37.4134905" lon="-121.9959302"><ele>103</ele><time>2026-07-13T23:42:49.201080Z</time></trkpt>
  <trkpt lat="37.4135013" lon="-121.9959300"><ele>103</ele><time>2026-07-13T23:42:49.301184Z</time></trkpt>
  <trkpt lat="37.4135118" lon="-121.9959302"><ele>104</ele><time>2026-07-13T23:42:49.401804Z</time></trkpt>
  <trkpt lat="37.4135215" lon="-121.9959291"><ele>104</ele><time>2026-07-13T23:42:49.502549Z</time></trkpt>
  <trkpt lat="37.4135327" lon="-121.9959276"><ele>105</ele><time>2026-07-13T23:42:49.603181Z</time></trkpt>
  <trkpt lat="37.4135454" lon="-121.9959264"><ele>105</ele><time>2026-07-13T23:42:49.703248Z</time></trkpt>
  <trkpt lat="37.4135578" lon="-121.9959248"><ele>105</ele><time>2026-07-13T23:42:49.803887Z</time></trkpt>
  <trkpt lat="37.4135703" lon="-121.9959231"><ele>106</ele><time>2026-07-13T23:42:49.905002Z</time></trkpt>
  <trkpt lat="37.4135836" lon="-121.9959197"><ele>106</ele><time>2026-07-13T23:42:50.005653Z</time></trkpt>
  <trkpt lat="37.4135836" lon="-121.9959197"><ele>106</ele><time>2026-07-13T23:42:50.066017Z</time></trkpt>
  <trkpt lat="37.4135979" lon="-121.9959181"><ele>107</ele><time>2026-07-13T23:42:50.105951Z</time></trkpt>
  <trkpt lat="37.4136121" lon="-121.9959170"><ele>107</ele><time>2026-07-13T23:42:50.206194Z</time></trkpt>
  <trkpt lat="37.4136229" lon="-121.9959142"><ele>107</ele><time>2026-07-13T23:42:50.307123Z</time></trkpt>
  <trkpt lat="37.4136352" lon="-121.9959111"><ele>107</ele><time>2026-07-13T23:42:50.407330Z</time></trkpt>
  <trkpt lat="37.4136466" lon="-121.9959085"><ele>108</ele><time>2026-07-13T23:42:50.507553Z</time></trkpt>
  <trkpt lat="37.4136589" lon="-121.9959079"><ele>108</ele><time>2026-07-13T23:42:50.587752Z</time></trkpt>
  <trkpt lat="37.4136659" lon="-121.9959090"><ele>109</ele><time>2026-07-13T23:42:50.688512Z</time></trkpt>
  <trkpt lat="37.4136723" lon="-121.9959099"><ele>110</ele><time>2026-07-13T23:42:50.788886Z</time></trkpt>
  <trkpt lat="37.4136795" lon="-121.9959099"><ele>110</ele><time>2026-07-13T23:42:50.889051Z</time></trkpt>
  <trkpt lat="37.4136882" lon="-121.9959090"><ele>111</ele><time>2026-07-13T23:42:50.989500Z</time></trkpt>
  <trkpt lat="37.4136960" lon="-121.9959093"><ele>111</ele><time>2026-07-13T23:42:51.090064Z</time></trkpt>
  <trkpt lat="37.4137016" lon="-121.9959125"><ele>112</ele><time>2026-07-13T23:42:51.191753Z</time></trkpt>
  <trkpt lat="37.4137069" lon="-121.9959184"><ele>112</ele><time>2026-07-13T23:42:51.292642Z</time></trkpt>
  <trkpt lat="37.4137132" lon="-121.9959253"><ele>112</ele><time>2026-07-13T23:42:51.393059Z</time></trkpt>
  <trkpt lat="37.4137231" lon="-121.9959318"><ele>113</ele><time>2026-07-13T23:42:51.493899Z</time></trkpt>
  <trkpt lat="37.4137326" lon="-121.9959351"><ele>113</ele><time>2026-07-13T23:42:51.594189Z</time></trkpt>
  <trkpt lat="37.4137423" lon="-121.9959382"><ele>112</ele><time>2026-07-13T23:42:51.695255Z</time></trkpt>
  <trkpt lat="37.4137508" lon="-121.9959403"><ele>110</ele><time>2026-07-13T23:42:51.795835Z</time></trkpt>
  <trkpt lat="37.4137589" lon="-121.9959422"><ele>109</ele><time>2026-07-13T23:42:51.896751Z</time></trkpt>
  <trkpt lat="37.4137670" lon="-121.9959452"><ele>108</ele><time>2026-07-13T23:42:51.998327Z</time></trkpt>
  <trkpt lat="37.4137740" lon="-121.9959458"><ele>107</ele><time>2026-07-13T23:42:52.098834Z</time></trkpt>
  <trkpt lat="37.4137816" lon="-121.9959448"><ele>106</ele><time>2026-07-13T23:42:52.199647Z</time></trkpt>
  <trkpt lat="37.4137816" lon="-121.9959448"><ele>106</ele><time>2026-07-13T23:42:52.216279Z</time></trkpt>
  <trkpt lat="37.4137912" lon="-121.9959407"><ele>105</ele><time>2026-07-13T23:42:52.300081Z</time></trkpt>
  <trkpt lat="37.4138041" lon="-121.9959363"><ele>104</ele><time>2026-07-13T23:42:52.401060Z</time></trkpt>
  <trkpt lat="37.4138165" lon="-121.9959313"><ele>104</ele><time>2026-07-13T23:42:52.501252Z</time></trkpt>
  <trkpt lat="37.4138285" lon="-121.9959245"><ele>103</ele><time>2026-07-13T23:42:52.601503Z</time></trkpt>
  <trkpt lat="37.4138375" lon="-121.9959128"><ele>103</ele><time>2026-07-13T23:42:52.702211Z</time></trkpt>
  <trkpt lat="37.4138476" lon="-121.9958982"><ele>103</ele><time>2026-07-13T23:42:52.802307Z</time></trkpt>
  <trkpt lat="37.4138592" lon="-121.9958829"><ele>103</ele><time>2026-07-13T23:42:52.903105Z</time></trkpt>
  <trkpt lat="37.4138701" lon="-121.9958673"><ele>104</ele><time>2026-07-13T23:42:53.003377Z</time></trkpt>
  <trkpt lat="37.4138799" lon="-121.9958509"><ele>105</ele><time>2026-07-13T23:42:53.103931Z</time></trkpt>
  <trkpt lat="37.4138902" lon="-121.9958353"><ele>105</ele><time>2026-07-13T23:42:53.184517Z</time></trkpt>
  <trkpt lat="37.4139015" lon="-121.9958209"><ele>105</ele><time>2026-07-13T23:42:53.304837Z</time></trkpt>
  <trkpt lat="37.4139141" lon="-121.9958072"><ele>105</ele><time>2026-07-13T23:42:53.385291Z</time></trkpt>
  <trkpt lat="37.4139272" lon="-121.9957953"><ele>106</ele><time>2026-07-13T23:42:53.486361Z</time></trkpt>
  <trkpt lat="37.4139369" lon="-121.9957825"><ele>107</ele><time>2026-07-13T23:42:53.586978Z</time></trkpt>
  <trkpt lat="37.4139457" lon="-121.9957696"><ele>107</ele><time>2026-07-13T23:42:53.687739Z</time></trkpt>
  <trkpt lat="37.4139544" lon="-121.9957572"><ele>107</ele><time>2026-07-13T23:42:53.788300Z</time></trkpt>
  <trkpt lat="37.4139628" lon="-121.9957441"><ele>107</ele><time>2026-07-13T23:42:53.889229Z</time></trkpt>
  <trkpt lat="37.4139698" lon="-121.9957298"><ele>107</ele><time>2026-07-13T23:42:53.988737Z</time></trkpt>
  <trkpt lat="37.4139749" lon="-121.9957141"><ele>107</ele><time>2026-07-13T23:42:54.090042Z</time></trkpt>
  <trkpt lat="37.4139783" lon="-121.9956971"><ele>108</ele><time>2026-07-13T23:42:54.190617Z</time></trkpt>
  <trkpt lat="37.4139806" lon="-121.9956788"><ele>109</ele><time>2026-07-13T23:42:54.291336Z</time></trkpt>
  <trkpt lat="37.4139806" lon="-121.9956788"><ele>109</ele><time>2026-07-13T23:42:54.366196Z</time></trkpt>
  <trkpt lat="37.4139806" lon="-121.9956587"><ele>109</ele><time>2026-07-13T23:42:54.392705Z</time></trkpt>
  <trkpt lat="37.4139783" lon="-121.9956376"><ele>110</ele><time>2026-07-13T23:42:54.493867Z</time></trkpt>
  <trkpt lat="37.4139745" lon="-121.9956159"><ele>110</ele><time>2026-07-13T23:42:54.595205Z</time></trkpt>
  <trkpt lat="37.4139683" lon="-121.9955940"><ele>111</ele><time>2026-07-13T23:42:54.696060Z</time></trkpt>
  <trkpt lat="37.4139583" lon="-121.9955703"><ele>111</ele><time>2026-07-13T23:42:54.797392Z</time></trkpt>
  <trkpt lat="37.4139469" lon="-121.9955492"><ele>111</ele><time>2026-07-13T23:42:54.897094Z</time></trkpt>
  <trkpt lat="37.4139337" lon="-121.9955306"><ele>111</ele><time>2026-07-13T23:42:54.998972Z</time></trkpt>
  <trkpt lat="37.4139191" lon="-121.9955139"><ele>111</ele><time>2026-07-13T23:42:55.099907Z</time></trkpt>
  <trkpt lat="37.4139034" lon="-121.9954997"><ele>111</ele><time>2026-07-13T23:42:55.200772Z</time></trkpt>
  <trkpt lat="37.4138869" lon="-121.9954877"><ele>111</ele><time>2026-07-13T23:42:55.300343Z</time></trkpt>
  <trkpt lat="37.4138697" lon="-121.9954788"><ele>111</ele><time>2026-07-13T23:42:55.400675Z</time></trkpt>
  <trkpt lat="37.4138522" lon="-121.9954722"><ele>111</ele><time>2026-07-13T23:42:55.501479Z</time></trkpt>
  <trkpt lat="37.4138356" lon="-121.9954706"><ele>110</ele><time>2026-07-13T23:42:55.601742Z</time></trkpt>
  <trkpt lat="37.4138201" lon="-121.9954735"><ele>110</ele><time>2026-07-13T23:42:55.682786Z</time></trkpt>
  <trkpt lat="37.4138039" lon="-121.9954780"><ele>110</ele><time>2026-07-13T23:42:55.803344Z</time></trkpt>
  <trkpt lat="37.4137867" lon="-121.9954810"><ele>110</ele><time>2026-07-13T23:42:55.883871Z</time></trkpt>
  <trkpt lat="37.4137691" lon="-121.9954822"><ele>109</ele><time>2026-07-13T23:42:55.984438Z</time></trkpt>
  <trkpt lat="37.4137532" lon="-121.9954852"><ele>109</ele><time>2026-07-13T23:42:56.084873Z</time></trkpt>
  <trkpt lat="37.4137395" lon="-121.9954925"><ele>108</ele><time>2026-07-13T23:42:56.185289Z</time></trkpt>
  <trkpt lat="37.4137267" lon="-121.9955017"><ele>108</ele><time>2026-07-13T23:42:56.285372Z</time></trkpt>
  <trkpt lat="37.4137151" lon="-121.9955121"><ele>108</ele><time>2026-07-13T23:42:56.386936Z</time></trkpt>
  <trkpt lat="37.4137036" lon="-121.9955235"><ele>108</ele><time>2026-07-13T23:42:56.487428Z</time></trkpt>
  <trkpt lat="37.4137036" lon="-121.9955235"><ele>108</ele><time>2026-07-13T23:42:56.517574Z</time></trkpt>
  <trkpt lat="37.4136933" lon="-121.9955348"><ele>108</ele><time>2026-07-13T23:42:56.588037Z</time></trkpt>
  <trkpt lat="37.4136842" lon="-121.9955454"><ele>109</ele><time>2026-07-13T23:42:56.688103Z</time></trkpt>
  <trkpt lat="37.4136765" lon="-121.9955575"><ele>109</ele><time>2026-07-13T23:42:56.788898Z</time></trkpt>
  <trkpt lat="37.4136701" lon="-121.9955701"><ele>108</ele><time>2026-07-13T23:42:56.889412Z</time></trkpt>
  <trkpt lat="37.4136617" lon="-121.9955797"><ele>108</ele><time>2026-07-13T23:42:56.990144Z</time></trkpt>
  <trkpt lat="37.4136536" lon="-121.9955889"><ele>107</ele><time>2026-07-13T23:42:57.091138Z</time></trkpt>
  <trkpt lat="37.4136459" lon="-121.9955976"><ele>108</ele><time>2026-07-13T23:42:57.191651Z</time></trkpt>
  <trkpt lat="37.4136383" lon="-121.9956058"><ele>108</ele><time>2026-07-13T23:42:57.292000Z</time></trkpt>
  <trkpt lat="37.4136314" lon="-121.9956154"><ele>108</ele><time>2026-07-13T23:42:57.392927Z</time></trkpt>
  <trkpt lat="37.4136234" lon="-121.9956247"><ele>108</ele><time>2026-07-13T23:42:57.494680Z</time></trkpt>
  <trkpt lat="37.4136132" lon="-121.9956325"><ele>108</ele><time>2026-07-13T23:42:57.595841Z</time></trkpt>
  <trkpt lat="37.4136026" lon="-121.9956397"><ele>108</ele><time>2026-07-13T23:42:57.696204Z</time></trkpt>
  <trkpt lat="37.4135912" lon="-121.9956459"><ele>109</ele><time>2026-07-13T23:42:57.796750Z</time></trkpt>
  <trkpt lat="37.4135774" lon="-121.9956495"><ele>109</ele><time>2026-07-13T23:42:57.897557Z</time></trkpt>
  <trkpt lat="37.4135619" lon="-121.9956517"><ele>109</ele><time>2026-07-13T23:42:57.998666Z</time></trkpt>
  <trkpt lat="37.4135445" lon="-121.9956504"><ele>109</ele><time>2026-07-13T23:42:58.079796Z</time></trkpt>
  <trkpt lat="37.4135266" lon="-121.9956466"><ele>110</ele><time>2026-07-13T23:42:58.180027Z</time></trkpt>
  <trkpt lat="37.4135087" lon="-121.9956398"><ele>110</ele><time>2026-07-13T23:42:58.280610Z</time></trkpt>
  <trkpt lat="37.4134922" lon="-121.9956301"><ele>110</ele><time>2026-07-13T23:42:58.381200Z</time></trkpt>
  <trkpt lat="37.4134765" lon="-121.9956176"><ele>111</ele><time>2026-07-13T23:42:58.481824Z</time></trkpt>
  <trkpt lat="37.4134621" lon="-121.9956029"><ele>111</ele><time>2026-07-13T23:42:58.582279Z</time></trkpt>
  <trkpt lat="37.4134621" lon="-121.9956029"><ele>111</ele><time>2026-07-13T23:42:58.667337Z</time></trkpt>
  <trkpt lat="37.4134493" lon="-121.9955862"><ele>112</ele><time>2026-07-13T23:42:58.683290Z</time></trkpt>
  <trkpt lat="37.4134378" lon="-121.9955686"><ele>113</ele><time>2026-07-13T23:42:58.783778Z</time></trkpt>
  <trkpt lat="37.4134285" lon="-121.9955505"><ele>114</ele><time>2026-07-13T23:42:58.884662Z</time></trkpt>
  <trkpt lat="37.4134223" lon="-121.9955328"><ele>115</ele><time>2026-07-13T23:42:58.985868Z</time></trkpt>
  <trkpt lat="37.4134178" lon="-121.9955157"><ele>116</ele><time>2026-07-13T23:42:59.086786Z</time></trkpt>
  <trkpt lat="37.4134152" lon="-121.9954994"><ele>117</ele><time>2026-07-13T23:42:59.186982Z</time></trkpt>
  <trkpt lat="37.4134140" lon="-121.9954837"><ele>118</ele><time>2026-07-13T23:42:59.287810Z</time></trkpt>
  <trkpt lat="37.4134131" lon="-121.9954683"><ele>119</ele><time>2026-07-13T23:42:59.388119Z</time></trkpt>
  <trkpt lat="37.4134130" lon="-121.9954534"><ele>119</ele><time>2026-07-13T23:42:59.488468Z</time></trkpt>
  <trkpt lat="37.4134134" lon="-121.9954388"><ele>120</ele><time>2026-07-13T23:42:59.589523Z</time></trkpt>
  <trkpt lat="37.4134144" lon="-121.9954242"><ele>121</ele><time>2026-07-13T23:42:59.690681Z</time></trkpt>
  <trkpt lat="37.4134153" lon="-121.9954103"><ele>122</ele><time>2026-07-13T23:42:59.791044Z</time></trkpt>
  <trkpt lat="37.4134165" lon="-121.9953968"><ele>123</ele><time>2026-07-13T23:42:59.892042Z</time></trkpt>
  <trkpt lat="37.4134179" lon="-121.9953837"><ele>123</ele><time>2026-07-13T23:42:59.993224Z</time></trkpt>
  <trkpt lat="37.4134196" lon="-121.9953709"><ele>124</ele><time>2026-07-13T23:43:00.094186Z</time></trkpt>
  <trkpt lat="37.4134220" lon="-121.9953574"><ele>125</ele><time>2026-07-13T23:43:00.194925Z</time></trkpt>
  <trkpt lat="37.4134251" lon="-121.9953436"><ele>125</ele><time>2026-07-13T23:43:00.295794Z</time></trkpt>
  <trkpt lat="37.4134286" lon="-121.9953302"><ele>125</ele><time>2026-07-13T23:43:00.396256Z</time></trkpt>
  <trkpt lat="37.4134327" lon="-121.9953166"><ele>125</ele><time>2026-07-13T23:43:00.496243Z</time></trkpt>
  <trkpt lat="37.4134369" lon="-121.9953029"><ele>125</ele><time>2026-07-13T23:43:00.596626Z</time></trkpt>
  <trkpt lat="37.4134415" lon="-121.9952891"><ele>125</ele><time>2026-07-13T23:43:00.677344Z</time></trkpt>
  <trkpt lat="37.4134462" lon="-121.9952750"><ele>125</ele><time>2026-07-13T23:43:00.778639Z</time></trkpt>
  <trkpt lat="37.4134462" lon="-121.9952750"><ele>125</ele><time>2026-07-13T23:43:00.810231Z</time></trkpt>
  <trkpt lat="37.4134514" lon="-121.9952612"><ele>124</ele><time>2026-07-13T23:43:00.879109Z</time></trkpt>
  <trkpt lat="37.4134574" lon="-121.9952482"><ele>123</ele><time>2026-07-13T23:43:00.979608Z</time></trkpt>
  <trkpt lat="37.4134637" lon="-121.9952361"><ele>123</ele><time>2026-07-13T23:43:01.080177Z</time></trkpt>
  <trkpt lat="37.4134705" lon="-121.9952251"><ele>122</ele><time>2026-07-13T23:43:01.181558Z</time></trkpt>
  <trkpt lat="37.4134778" lon="-121.9952162"><ele>121</ele><time>2026-07-13T23:43:01.282060Z</time></trkpt>
  <trkpt lat="37.4134851" lon="-121.9952103"><ele>120</ele><time>2026-07-13T23:43:01.382487Z</time></trkpt>
  <trkpt lat="37.4134923" lon="-121.9952073"><ele>119</ele><time>2026-07-13T23:43:01.483126Z</time></trkpt>
  <trkpt lat="37.4134990" lon="-121.9952068"><ele>118</ele><time>2026-07-13T23:43:01.584048Z</time></trkpt>
  <trkpt lat="37.4135050" lon="-121.9952083"><ele>117</ele><time>2026-07-13T23:43:01.684439Z</time></trkpt>
  <trkpt lat="37.4135110" lon="-121.9952112"><ele>117</ele><time>2026-07-13T23:43:01.785450Z</time></trkpt>
  <trkpt lat="37.4135168" lon="-121.9952147"><ele>115</ele><time>2026-07-13T23:43:01.886250Z</time></trkpt>
  <trkpt lat="37.4135226" lon="-121.9952185"><ele>114</ele><time>2026-07-13T23:43:01.985648Z</time></trkpt>
  <trkpt lat="37.4135280" lon="-121.9952228"><ele>113</ele><time>2026-07-13T23:43:02.086127Z</time></trkpt>
  <trkpt lat="37.4135333" lon="-121.9952273"><ele>112</ele><time>2026-07-13T23:43:02.186539Z</time></trkpt>
  <trkpt lat="37.4135387" lon="-121.9952315"><ele>111</ele><time>2026-07-13T23:43:02.287030Z</time></trkpt>
  <trkpt lat="37.4135441" lon="-121.9952349"><ele>109</ele><time>2026-07-13T23:43:02.388227Z</time></trkpt>
  <trkpt lat="37.4135497" lon="-121.9952379"><ele>107</ele><time>2026-07-13T23:43:02.488712Z</time></trkpt>
  <trkpt lat="37.4135551" lon="-121.9952414"><ele>106</ele><time>2026-07-13T23:43:02.588982Z</time></trkpt>
  <trkpt lat="37.4135598" lon="-121.9952467"><ele>104</ele><time>2026-07-13T23:43:02.689930Z</time></trkpt>
  <trkpt lat="37.4135633" lon="-121.9952548"><ele>102</ele><time>2026-07-13T23:43:02.790455Z</time></trkpt>
  <trkpt lat="37.4135642" lon="-121.9952664"><ele>101</ele><time>2026-07-13T23:43:02.890919Z</time></trkpt>
  <trkpt lat="37.4135642" lon="-121.9952664"><ele>101</ele><time>2026-07-13T23:43:02.973867Z</time></trkpt>
  <trkpt lat="37.4135622" lon="-121.9952813"><ele>99</ele><time>2026-07-13T23:43:02.991422Z</time></trkpt>
  <trkpt lat="37.4135581" lon="-121.9952975"><ele>98</ele><time>2026-07-13T23:43:03.091797Z</time></trkpt>
  <trkpt lat="37.4135526" lon="-121.9953139"><ele>97</ele><time>2026-07-13T23:43:03.192108Z</time></trkpt>
  <trkpt lat="37.4135461" lon="-121.9953305"><ele>97</ele><time>2026-07-13T23:43:03.293247Z</time></trkpt>
  <trkpt lat="37.4135382" lon="-121.9953465"><ele>96</ele><time>2026-07-13T23:43:03.374393Z</time></trkpt>
  <trkpt lat="37.4135297" lon="-121.9953619"><ele>96</ele><time>2026-07-13T23:43:03.475078Z</time></trkpt>
  <trkpt lat="37.4135211" lon="-121.9953775"><ele>96</ele><time>2026-07-13T23:43:03.575404Z</time></trkpt>
  <trkpt lat="37.4135123" lon="-121.9953927"><ele>95</ele><time>2026-07-13T23:43:03.675715Z</time></trkpt>
  <trkpt lat="37.4135032" lon="-121.9954075"><ele>95</ele><time>2026-07-13T23:43:03.776139Z</time></trkpt>
  <trkpt lat="37.4134944" lon="-121.9954221"><ele>95</ele><time>2026-07-13T23:43:03.876303Z</time></trkpt>
  <trkpt lat="37.4134854" lon="-121.9954367"><ele>94</ele><time>2026-07-13T23:43:03.976668Z</time></trkpt>
  <trkpt lat="37.4134764" lon="-121.9954512"><ele>93</ele><time>2026-07-13T23:43:04.077230Z</time></trkpt>
  <trkpt lat="37.4134667" lon="-121.9954654"><ele>93</ele><time>2026-07-13T23:43:04.178402Z</time></trkpt>
  <trkpt lat="37.4134561" lon="-121.9954794"><ele>92</ele><time>2026-07-13T23:43:04.278931Z</time></trkpt>
  <trkpt lat="37.4134445" lon="-121.9954931"><ele>92</ele><time>2026-07-13T23:43:04.379806Z</time></trkpt>
  <trkpt lat="37.4134323" lon="-121.9955065"><ele>91</ele><time>2026-07-13T23:43:04.480585Z</time></trkpt>
  <trkpt lat="37.4134195" lon="-121.9955193"><ele>91</ele><time>2026-07-13T23:43:04.580948Z</time></trkpt>
  <trkpt lat="37.4134062" lon="-121.9955315"><ele>90</ele><time>2026-07-13T23:43:04.681315Z</time></trkpt>
  <trkpt lat="37.4133923" lon="-121.9955430"><ele>89</ele><time>2026-07-13T23:43:04.781982Z</time></trkpt>
  <trkpt lat="37.4133778" lon="-121.9955538"><ele>88</ele><time>2026-07-13T23:43:04.883721Z</time></trkpt>
  <trkpt lat="37.4133627" lon="-121.9955638"><ele>87</ele><time>2026-07-13T23:43:04.984179Z</time></trkpt>
  <trkpt lat="37.4133467" lon="-121.9955724"><ele>86</ele><time>2026-07-13T23:43:05.084795Z</time></trkpt>
  <trkpt lat="37.4133467" lon="-121.9955724"><ele>86</ele><time>2026-07-13T23:43:05.133675Z</time></trkpt>
  <trkpt lat="37.4133294" lon="-121.9955791"><ele>85</ele><time>2026-07-13T23:43:05.185219Z</time></trkpt>
  <trkpt lat="37.4133111" lon="-121.9955840"><ele>84</ele><time>2026-07-13T23:43:05.285763Z</time></trkpt>
  <trkpt lat="37.4132919" lon="-121.9955869"><ele>83</ele><time>2026-07-13T23:43:05.386359Z</time></trkpt>
  <trkpt lat="37.4132719" lon="-121.9955872"><ele>82</ele><time>2026-07-13T23:43:05.486902Z</time></trkpt>
  <trkpt lat="37.4132512" lon="-121.9955843"><ele>81</ele><time>2026-07-13T23:43:05.587286Z</time></trkpt>
  <trkpt lat="37.4132302" lon="-121.9955779"><ele>80</ele><time>2026-07-13T23:43:05.687771Z</time></trkpt>
  <trkpt lat="37.4132091" lon="-121.9955681"><ele>79</ele><time>2026-07-13T23:43:05.788953Z</time></trkpt>
  <trkpt lat="37.4131889" lon="-121.9955545"><ele>78</ele><time>2026-07-13T23:43:05.890318Z</time></trkpt>
  <trkpt lat="37.4131710" lon="-121.9955372"><ele>77</ele><time>2026-07-13T23:43:05.990938Z</time></trkpt>
  <trkpt lat="37.4131555" lon="-121.9955166"><ele>76</ele><time>2026-07-13T23:43:06.091606Z</time></trkpt>
  <trkpt lat="37.4131411" lon="-121.9954945"><ele>75</ele><time>2026-07-13T23:43:06.172358Z</time></trkpt>
  <trkpt lat="37.4131268" lon="-121.9954730"><ele>74</ele><time>2026-07-13T23:43:06.272688Z</time></trkpt>
  <trkpt lat="37.4131122" lon="-121.9954515"><ele>73</ele><time>2026-07-13T23:43:06.373045Z</time></trkpt>
  <trkpt lat="37.4130985" lon="-121.9954287"><ele>72</ele><time>2026-07-13T23:43:06.473307Z</time></trkpt>
  <trkpt lat="37.4130856" lon="-121.9954048"><ele>71</ele><time>2026-07-13T23:43:06.573881Z</time></trkpt>
  <trkpt lat="37.4130724" lon="-121.9953795"><ele>70</ele><time>2026-07-13T23:43:06.674853Z</time></trkpt>
  <trkpt lat="37.4130596" lon="-121.9953541"><ele>69</ele><time>2026-07-13T23:43:06.775871Z</time></trkpt>
  <trkpt lat="37.4130466" lon="-121.9953281"><ele>68</ele><time>2026-07-13T23:43:06.876284Z</time></trkpt>
  <trkpt lat="37.4130328" lon="-121.9953012"><ele>68</ele><time>2026-07-13T23:43:06.977717Z</time></trkpt>
  <trkpt lat="37.4130193" lon="-121.9952749"><ele>67</ele><time>2026-07-13T23:43:07.078671Z</time></trkpt>
  <trkpt lat="37.4130064" lon="-121.9952492"><ele>66</ele><time>2026-07-13T23:43:07.179312Z</time></trkpt>
  <trkpt lat="37.4129938" lon="-121.9952238"><ele>65</ele><time>2026-07-13T23:43:07.280048Z</time></trkpt>
  <trkpt lat="37.4129938" lon="-121.9952238"><ele>65</ele><time>2026-07-13T23:43:07.287278Z</time></trkpt>
  <trkpt lat="37.4129816" lon="-121.9951985"><ele>64</ele><time>2026-07-13T23:43:07.380761Z</time></trkpt>
  <trkpt lat="37.4129703" lon="-121.9951730"><ele>63</ele><time>2026-07-13T23:43:07.481786Z</time></trkpt>
  <trkpt lat="37.4129594" lon="-121.9951482"><ele>61</ele><time>2026-07-13T23:43:07.582729Z</time></trkpt>
  <trkpt lat="37.4129477" lon="-121.9951239"><ele>60</ele><time>2026-07-13T23:43:07.682137Z</time></trkpt>
  <trkpt lat="37.4129343" lon="-121.9951010"><ele>58</ele><time>2026-07-13T23:43:07.782647Z</time></trkpt>
  <trkpt lat="37.4129181" lon="-121.9950804"><ele>57</ele><time>2026-07-13T23:43:07.883106Z</time></trkpt>
  <trkpt lat="37.4128982" lon="-121.9950637"><ele>56</ele><time>2026-07-13T23:43:07.984226Z</time></trkpt>
  <trkpt lat="37.4128762" lon="-121.9950514"><ele>55</ele><time>2026-07-13T23:43:08.085802Z</time></trkpt>
  <trkpt lat="37.4128542" lon="-121.9950439"><ele>55</ele><time>2026-07-13T23:43:08.186625Z</time></trkpt>
  <trkpt lat="37.4128323" lon="-121.9950390"><ele>55</ele><time>2026-07-13T23:43:08.287644Z</time></trkpt>
  <trkpt lat="37.4128110" lon="-121.9950365"><ele>55</ele><time>2026-07-13T23:43:08.388536Z</time></trkpt>
  <trkpt lat="37.4127905" lon="-121.9950373"><ele>55</ele><time>2026-07-13T23:43:08.468750Z</time></trkpt>
  <trkpt lat="37.4127713" lon="-121.9950407"><ele>55</ele><time>2026-07-13T23:43:08.589400Z</time></trkpt>
  <trkpt lat="37.4127530" lon="-121.9950453"><ele>56</ele><time>2026-07-13T23:43:08.670198Z</time></trkpt>
  <trkpt lat="37.4127358" lon="-121.9950504"><ele>56</ele><time>2026-07-13T23:43:08.770845Z</time></trkpt>
  <trkpt lat="37.4127194" lon="-121.9950562"><ele>57</ele><time>2026-07-13T23:43:08.871200Z</time></trkpt>
  <trkpt lat="37.4127044" lon="-121.9950641"><ele>58</ele><time>2026-07-13T23:43:08.971770Z</time></trkpt>
  <trkpt lat="37.4126910" lon="-121.9950733"><ele>58</ele><time>2026-07-13T23:43:09.072339Z</time></trkpt>
  <trkpt lat="37.4126789" lon="-121.9950833"><ele>58</ele><time>2026-07-13T23:43:09.173035Z</time></trkpt>
  <trkpt lat="37.4126680" lon="-121.9950944"><ele>58</ele><time>2026-07-13T23:43:09.273319Z</time></trkpt>
  <trkpt lat="37.4126588" lon="-121.9951063"><ele>58</ele><time>2026-07-13T23:43:09.374073Z</time></trkpt>
  <trkpt lat="37.4126588" lon="-121.9951063"><ele>58</ele><time>2026-07-13T23:43:09.446338Z</time></trkpt>
  <trkpt lat="37.4126506" lon="-121.9951187"><ele>58</ele><time>2026-07-13T23:43:09.474340Z</time></trkpt>
  <trkpt lat="37.4126432" lon="-121.9951314"><ele>58</ele><time>2026-07-13T23:43:09.574497Z</time></trkpt>
  <trkpt lat="37.4126365" lon="-121.9951443"><ele>58</ele><time>2026-07-13T23:43:09.675143Z</time></trkpt>
  <trkpt lat="37.4126300" lon="-121.9951572"><ele>58</ele><time>2026-07-13T23:43:09.775141Z</time></trkpt>
  <trkpt lat="37.4126259" lon="-121.9951706"><ele>58</ele><time>2026-07-13T23:43:09.875664Z</time></trkpt>
  <trkpt lat="37.4126237" lon="-121.9951836"><ele>58</ele><time>2026-07-13T23:43:09.976162Z</time></trkpt>
  <trkpt lat="37.4126230" lon="-121.9951959"><ele>57</ele><time>2026-07-13T23:43:10.077325Z</time></trkpt>
  <trkpt lat="37.4126240" lon="-121.9952075"><ele>57</ele><time>2026-07-13T23:43:10.177895Z</time></trkpt>
  <trkpt lat="37.4126267" lon="-121.9952185"><ele>56</ele><time>2026-07-13T23:43:10.278222Z</time></trkpt>
  <trkpt lat="37.4126307" lon="-121.9952287"><ele>56</ele><time>2026-07-13T23:43:10.378634Z</time></trkpt>
  <trkpt lat="37.4126368" lon="-121.9952383"><ele>55</ele><time>2026-07-13T23:43:10.479137Z</time></trkpt>
  <trkpt lat="37.4126435" lon="-121.9952458"><ele>54</ele><time>2026-07-13T23:43:10.580464Z</time></trkpt>
  <trkpt lat="37.4126522" lon="-121.9952523"><ele>53</ele><time>2026-07-13T23:43:10.681107Z</time></trkpt>
  <trkpt lat="37.4126624" lon="-121.9952566"><ele>52</ele><time>2026-07-13T23:43:10.781404Z</time></trkpt>
  <trkpt lat="37.4126738" lon="-121.9952593"><ele>52</ele><time>2026-07-13T23:43:10.882223Z</time></trkpt>
  <trkpt lat="37.4126858" lon="-121.9952606"><ele>51</ele><time>2026-07-13T23:43:10.983042Z</time></trkpt>
  <trkpt lat="37.4126988" lon="-121.9952601"><ele>51</ele><time>2026-07-13T23:43:11.084311Z</time></trkpt>
  <trkpt lat="37.4127125" lon="-121.9952577"><ele>51</ele><time>2026-07-13T23:43:11.185072Z</time></trkpt>
  <trkpt lat="37.4127263" lon="-121.9952535"><ele>51</ele><time>2026-07-13T23:43:11.286188Z</time></trkpt>
  <trkpt lat="37.4127403" lon="-121.9952474"><ele>51</ele><time>2026-07-13T23:43:11.366785Z</time></trkpt>
  <trkpt lat="37.4127542" lon="-121.9952399"><ele>51</ele><time>2026-07-13T23:43:11.467048Z</time></trkpt>
  <trkpt lat="37.4127677" lon="-121.9952316"><ele>52</ele><time>2026-07-13T23:43:11.567435Z</time></trkpt>
  <trkpt lat="37.4127677" lon="-121.9952316"><ele>52</ele><time>2026-07-13T23:43:11.606959Z</time></trkpt>
  <trkpt lat="37.4127811" lon="-121.9952235"><ele>52</ele><time>2026-07-13T23:43:11.667760Z</time></trkpt>
  <trkpt lat="37.4127940" lon="-121.9952152"><ele>52</ele><time>2026-07-13T23:43:11.768699Z</time></trkpt>
  <trkpt lat="37.4128069" lon="-121.9952068"><ele>53</ele><time>2026-07-13T23:43:11.868970Z</time></trkpt>
  <trkpt lat="37.4128199" lon="-121.9951987"><ele>53</ele><time>2026-07-13T23:43:11.969153Z</time></trkpt>
  <trkpt lat="37.4128328" lon="-121.9951906"><ele>53</ele><time>2026-07-13T23:43:12.069761Z</time></trkpt>
  <trkpt lat="37.4128458" lon="-121.9951828"><ele>53</ele><time>2026-07-13T23:43:12.170155Z</time></trkpt>
  <trkpt lat="37.4128591" lon="-121.9951754"><ele>53</ele><time>2026-07-13T23:43:12.270452Z</time></trkpt>
  <trkpt lat="37.4128720" lon="-121.9951679"><ele>53</ele><time>2026-07-13T23:43:12.371358Z</time></trkpt>
  <trkpt lat="37.4128842" lon="-121.9951607"><ele>53</ele><time>2026-07-13T23:43:12.472313Z</time></trkpt>
  <trkpt lat="37.4128965" lon="-121.9951533"><ele>53</ele><time>2026-07-13T23:43:12.573296Z</time></trkpt>
  <trkpt lat="37.4129088" lon="-121.9951457"><ele>54</ele><time>2026-07-13T23:43:12.673622Z</time></trkpt>
  <trkpt lat="37.4129206" lon="-121.9951376"><ele>54</ele><time>2026-07-13T23:43:12.773914Z</time></trkpt>
  <trkpt lat="37.4129327" lon="-121.9951296"><ele>54</ele><time>2026-07-13T23:43:12.874698Z</time></trkpt>
  <trkpt lat="37.4129452" lon="-121.9951214"><ele>54</ele><time>2026-07-13T23:43:12.975543Z</time></trkpt>
  <trkpt lat="37.4129578" lon="-121.9951133"><ele>54</ele><time>2026-07-13T23:43:13.076333Z</time></trkpt>
  <trkpt lat="37.4129699" lon="-121.9951056"><ele>55</ele><time>2026-07-13T23:43:13.176847Z</time></trkpt>
  <trkpt lat="37.4129821" lon="-121.9950988"><ele>55</ele><time>2026-07-13T23:43:13.277993Z</time></trkpt>
  <trkpt lat="37.4129943" lon="-121.9950923"><ele>55</ele><time>2026-07-13T23:43:13.377668Z</time></trkpt>
  <trkpt lat="37.4130059" lon="-121.9950867"><ele>56</ele><time>2026-07-13T23:43:13.477525Z</time></trkpt>
  <trkpt lat="37.4130169" lon="-121.9950821"><ele>57</ele><time>2026-07-13T23:43:13.578395Z</time></trkpt>
  <trkpt lat="37.4130272" lon="-121.9950780"><ele>57</ele><time>2026-07-13T23:43:13.678900Z</time></trkpt>
  <trkpt lat="37.4130272" lon="-121.9950780"><ele>57</ele><time>2026-07-13T23:43:13.758940Z</time></trkpt>
  <trkpt lat="37.4130362" lon="-121.9950744"><ele>58</ele><time>2026-07-13T23:43:13.779118Z</time></trkpt>
  <trkpt lat="37.4130438" lon="-121.9950720"><ele>59</ele><time>2026-07-13T23:43:13.879649Z</time></trkpt>
  <trkpt lat="37.4130500" lon="-121.9950705"><ele>60</ele><time>2026-07-13T23:43:13.979817Z</time></trkpt>
  <trkpt lat="37.4130555" lon="-121.9950694"><ele>61</ele><time>2026-07-13T23:43:14.079845Z</time></trkpt>
  <trkpt lat="37.4130605" lon="-121.9950688"><ele>62</ele><time>2026-07-13T23:43:14.180039Z</time></trkpt>
  <trkpt lat="37.4130649" lon="-121.9950679"><ele>63</ele><time>2026-07-13T23:43:14.280978Z</time></trkpt>
  <trkpt lat="37.4130694" lon="-121.9950671"><ele>64</ele><time>2026-07-13T23:43:14.381445Z</time></trkpt>
  <trkpt lat="37.4130747" lon="-121.9950662"><ele>65</ele><time>2026-07-13T23:43:14.482096Z</time></trkpt>
  <trkpt lat="37.4130806" lon="-121.9950656"><ele>66</ele><time>2026-07-13T23:43:14.582137Z</time></trkpt>
  <trkpt lat="37.4130861" lon="-121.9950653"><ele>67</ele><time>2026-07-13T23:43:14.662531Z</time></trkpt>
  <trkpt lat="37.4130913" lon="-121.9950650"><ele>68</ele><time>2026-07-13T23:43:14.763887Z</time></trkpt>
  <trkpt lat="37.4130963" lon="-121.9950648"><ele>69</ele><time>2026-07-13T23:43:14.864842Z</time></trkpt>
  <trkpt lat="37.4131014" lon="-121.9950645"><ele>70</ele><time>2026-07-13T23:43:14.964908Z</time></trkpt>
  <trkpt lat="37.4131061" lon="-121.9950640"><ele>71</ele><time>2026-07-13T23:43:15.066218Z</time></trkpt>
  <trkpt lat="37.4131109" lon="-121.9950637"><ele>71</ele><time>2026-07-13T23:43:15.167008Z</time></trkpt>
  <trkpt lat="37.4131153" lon="-121.9950633"><ele>72</ele><time>2026-07-13T23:43:15.268056Z</time></trkpt>
  <trkpt lat="37.4131193" lon="-121.9950630"><ele>73</ele><time>2026-07-13T23:43:15.368601Z</time></trkpt>
  <trkpt lat="37.4131227" lon="-121.9950628"><ele>74</ele><time>2026-07-13T23:43:15.468676Z</time></trkpt>
  <trkpt lat="37.4131260" lon="-121.9950629"><ele>75</ele><time>2026-07-13T23:43:15.569146Z</time></trkpt>
  <trkpt lat="37.4131295" lon="-121.9950629"><ele>76</ele><time>2026-07-13T23:43:15.669337Z</time></trkpt>
  <trkpt lat="37.4131330" lon="-121.9950629"><ele>76</ele><time>2026-07-13T23:43:15.770220Z</time></trkpt>
  <trkpt lat="37.4131371" lon="-121.9950633"><ele>77</ele><time>2026-07-13T23:43:15.870488Z</time></trkpt>
  <trkpt lat="37.4131371" lon="-121.9950633"><ele>77</ele><time>2026-07-13T23:43:15.915982Z</time></trkpt>
  <trkpt lat="37.4131411" lon="-121.9950638"><ele>78</ele><time>2026-07-13T23:43:15.970723Z</time></trkpt>
  <trkpt lat="37.4131450" lon="-121.9950646"><ele>78</ele><time>2026-07-13T23:43:16.071008Z</time></trkpt>
  <trkpt lat="37.4131487" lon="-121.9950657"><ele>79</ele><time>2026-07-13T23:43:16.172029Z</time></trkpt>
  <trkpt lat="37.4131523" lon="-121.9950669"><ele>79</ele><time>2026-07-13T23:43:16.272541Z</time></trkpt>
  <trkpt lat="37.4131559" lon="-121.9950684"><ele>80</ele><time>2026-07-13T23:43:16.373101Z</time></trkpt>
  <trkpt lat="37.4131598" lon="-121.9950700"><ele>81</ele><time>2026-07-13T23:43:16.474054Z</time></trkpt>
  <trkpt lat="37.4131638" lon="-121.9950719"><ele>81</ele><time>2026-07-13T23:43:16.574268Z</time></trkpt>
  <trkpt lat="37.4131679" lon="-121.9950740"><ele>82</ele><time>2026-07-13T23:43:16.674856Z</time></trkpt>
  <trkpt lat="37.4131724" lon="-121.9950768"><ele>82</ele><time>2026-07-13T23:43:16.775505Z</time></trkpt>
  <trkpt lat="37.4131769" lon="-121.9950798"><ele>82</ele><time>2026-07-13T23:43:16.875907Z</time></trkpt>
  <trkpt lat="37.4131815" lon="-121.9950829"><ele>83</ele><time>2026-07-13T23:43:16.976292Z</time></trkpt>
  <trkpt lat="37.4131862" lon="-121.9950862"><ele>83</ele><time>2026-07-13T23:43:17.076743Z</time></trkpt>
  <trkpt lat="37.4131910" lon="-121.9950895"><ele>83</ele><time>2026-07-13T23:43:17.177504Z</time></trkpt>
  <trkpt lat="37.4131960" lon="-121.9950931"><ele>84</ele><time>2026-07-13T23:43:17.277921Z</time></trkpt>
  <trkpt lat="37.4132011" lon="-121.9950964"><ele>84</ele><time>2026-07-13T23:43:17.378492Z</time></trkpt>
  <trkpt lat="37.4132065" lon="-121.9950995"><ele>85</ele><time>2026-07-13T23:43:17.478677Z</time></trkpt>
  <trkpt lat="37.4132123" lon="-121.9951028"><ele>85</ele><time>2026-07-13T23:43:17.579260Z</time></trkpt>
  <trkpt lat="37.4132182" lon="-121.9951056"><ele>85</ele><time>2026-07-13T23:43:17.660100Z</time></trkpt>
  <trkpt lat="37.4132246" lon="-121.9951086"><ele>86</ele><time>2026-07-13T23:43:17.760883Z</time></trkpt>
  <trkpt lat="37.4132310" lon="-121.9951111"><ele>86</ele><time>2026-07-13T23:43:17.861059Z</time></trkpt>
  <trkpt lat="37.4132378" lon="-121.9951132"><ele>86</ele><time>2026-07-13T23:43:17.961754Z</time></trkpt>
  <trkpt lat="37.4132449" lon="-121.9951152"><ele>87</ele><time>2026-07-13T23:43:18.061865Z</time></trkpt>
  <trkpt lat="37.4132449" lon="-121.9951152"><ele>87</ele><time>2026-07-13T23:43:18.073877Z</time></trkpt>
  <trkpt lat="37.4132523" lon="-121.9951170"><ele>87</ele><time>2026-07-13T23:43:18.162080Z</time></trkpt>
  <trkpt lat="37.4132600" lon="-121.9951189"><ele>87</ele><time>2026-07-13T23:43:18.262627Z</time></trkpt>
  <trkpt lat="37.4132679" lon="-121.9951208"><ele>87</ele><time>2026-07-13T23:43:18.363792Z</time></trkpt>
  <trkpt lat="37.4132763" lon="-121.9951227"><ele>87</ele><time>2026-07-13T23:43:18.464522Z</time></trkpt>
  <trkpt lat="37.4132849" lon="-121.9951247"><ele>87</ele><time>2026-07-13T23:43:18.565802Z</time></trkpt>
  <trkpt lat="37.4132937" lon="-121.9951268"><ele>87</ele><time>2026-07-13T23:43:18.666246Z</time></trkpt>
  <trkpt lat="37.4133027" lon="-121.9951291"><ele>88</ele><time>2026-07-13T23:43:18.766573Z</time></trkpt>
  <trkpt lat="37.4133117" lon="-121.9951317"><ele>88</ele><time>2026-07-13T23:43:18.867702Z</time></trkpt>
  <trkpt lat="37.4133207" lon="-121.9951346"><ele>88</ele><time>2026-07-13T23:43:18.967932Z</time></trkpt>
  <trkpt lat="37.4133297" lon="-121.9951380"><ele>88</ele><time>2026-07-13T23:43:19.068547Z</time></trkpt>
  <trkpt lat="37.4133388" lon="-121.9951415"><ele>88</ele><time>2026-07-13T23:43:19.169210Z</time></trkpt>
  <trkpt lat="37.4133481" lon="-121.9951450"><ele>88</ele><time>2026-07-13T23:43:19.269613Z</time></trkpt>
  <trkpt lat="37.4133574" lon="-121.9951482"><ele>88</ele><time>2026-07-13T23:43:19.369979Z</time></trkpt>
  <trkpt lat="37.4133669" lon="-121.9951519"><ele>88</ele><time>2026-07-13T23:43:19.470348Z</time></trkpt>
  <trkpt lat="37.4133763" lon="-121.9951558"><ele>88</ele><time>2026-07-13T23:43:19.570980Z</time></trkpt>
  <trkpt lat="37.4133854" lon="-121.9951607"><ele>89</ele><time>2026-07-13T23:43:19.671685Z</time></trkpt>
  <trkpt lat="37.4133937" lon="-121.9951668"><ele>89</ele><time>2026-07-13T23:43:19.771958Z</time></trkpt>
  <trkpt lat="37.4134006" lon="-121.9951742"><ele>89</ele><time>2026-07-13T23:43:19.872181Z</time></trkpt>
  <trkpt lat="37.4134051" lon="-121.9951838"><ele>89</ele><time>2026-07-13T23:43:19.972764Z</time></trkpt>
  <trkpt lat="37.4134062" lon="-121.9951954"><ele>89</ele><time>2026-07-13T23:43:20.073449Z</time></trkpt>
  <trkpt lat="37.4134052" lon="-121.9952081"><ele>89</ele><time>2026-07-13T23:43:20.173954Z</time></trkpt>
  <trkpt lat="37.4134052" lon="-121.9952081"><ele>89</ele><time>2026-07-13T23:43:20.230199Z</time></trkpt>
  <trkpt lat="37.4134023" lon="-121.9952203"><ele>89</ele><time>2026-07-13T23:43:20.274312Z</time></trkpt>
  <trkpt lat="37.4133963" lon="-121.9952313"><ele>89</ele><time>2026-07-13T23:43:20.375129Z</time></trkpt>
  <trkpt lat="37.4133884" lon="-121.9952429"><ele>88</ele><time>2026-07-13T23:43:20.476377Z</time></trkpt>
  <trkpt lat="37.4133782" lon="-121.9952537"><ele>88</ele><time>2026-07-13T23:43:20.556965Z</time></trkpt>
  <trkpt lat="37.4133670" lon="-121.9952639"><ele>87</ele><time>2026-07-13T23:43:20.657779Z</time></trkpt>
  <trkpt lat="37.4133534" lon="-121.9952716"><ele>87</ele><time>2026-07-13T23:43:20.757917Z</time></trkpt>
  <trkpt lat="37.4133380" lon="-121.9952773"><ele>86</ele><time>2026-07-13T23:43:20.858850Z</time></trkpt>
  <trkpt lat="37.4133222" lon="-121.9952825"><ele>85</ele><time>2026-07-13T23:43:20.960047Z</time></trkpt>
  <trkpt lat="37.4133058" lon="-121.9952872"><ele>85</ele><time>2026-07-13T23:43:21.060289Z</time></trkpt>
  <trkpt lat="37.4132897" lon="-121.9952917"><ele>84</ele><time>2026-07-13T23:43:21.160761Z</time></trkpt>
  <trkpt lat="37.4132738" lon="-121.9952963"><ele>83</ele><time>2026-07-13T23:43:21.261606Z</time></trkpt>
  <trkpt lat="37.4132579" lon="-121.9953015"><ele>82</ele><time>2026-07-13T23:43:21.361798Z</time></trkpt>
  <trkpt lat="37.4132414" lon="-121.9953075"><ele>82</ele><time>2026-07-13T23:43:21.462408Z</time></trkpt>
  <trkpt lat="37.4132240" lon="-121.9953140"><ele>81</ele><time>2026-07-13T23:43:21.562994Z</time></trkpt>
  <trkpt lat="37.4132067" lon="-121.9953207"><ele>82</ele><time>2026-07-13T23:43:21.663704Z</time></trkpt>
  <trkpt lat="37.4131896" lon="-121.9953271"><ele>82</ele><time>2026-07-13T23:43:21.764244Z</time></trkpt>
  <trkpt lat="37.4131725" lon="-121.9953335"><ele>82</ele><time>2026-07-13T23:43:21.864810Z</time></trkpt>
  <trkpt lat="37.4131555" lon="-121.9953393"><ele>82</ele><time>2026-07-13T23:43:21.965221Z</time></trkpt>
  <trkpt lat="37.4131384" lon="-121.9953444"><ele>82</ele><time>2026-07-13T23:43:22.065662Z</time></trkpt>
  <trkpt lat="37.4131213" lon="-121.9953484"><ele>83</ele><time>2026-07-13T23:43:22.166849Z</time></trkpt>
  <trkpt lat="37.4131042" lon="-121.9953516"><ele>83</ele><time>2026-07-13T23:43:22.266955Z</time></trkpt>
  <trkpt lat="37.4130870" lon="-121.9953541"><ele>84</ele><time>2026-07-13T23:43:22.367454Z</time></trkpt>
  <trkpt lat="37.4130870" lon="-121.9953541"><ele>84</ele><time>2026-07-13T23:43:22.381478Z</time></trkpt>
  <trkpt lat="37.4130699" lon="-121.9953562"><ele>84</ele><time>2026-07-13T23:43:22.468130Z</time></trkpt>
  <trkpt lat="37.4130527" lon="-121.9953581"><ele>85</ele><time>2026-07-13T23:43:22.569236Z</time></trkpt>
  <trkpt lat="37.4130354" lon="-121.9953596"><ele>85</ele><time>2026-07-13T23:43:22.669616Z</time></trkpt>
  <trkpt lat="37.4130183" lon="-121.9953608"><ele>86</ele><time>2026-07-13T23:43:22.770616Z</time></trkpt>
  <trkpt lat="37.4130010" lon="-121.9953621"><ele>86</ele><time>2026-07-13T23:43:22.871532Z</time></trkpt>
  <trkpt lat="37.4129836" lon="-121.9953630"><ele>86</ele><time>2026-07-13T23:43:22.972923Z</time></trkpt>
  <trkpt lat="37.4129663" lon="-121.9953640"><ele>87</ele><time>2026-07-13T23:43:23.073175Z</time></trkpt>
  <trkpt lat="37.4129488" lon="-121.9953645"><ele>87</ele><time>2026-07-13T23:43:23.173868Z</time></trkpt>
  <trkpt lat="37.4129313" lon="-121.9953650"><ele>88</ele><time>2026-07-13T23:43:23.254599Z</time></trkpt>
  <trkpt lat="37.4129136" lon="-121.9953650"><ele>88</ele><time>2026-07-13T23:43:23.355124Z</time></trkpt>
  <trkpt lat="37.4128961" lon="-121.9953650"><ele>88</ele><time>2026-07-13T23:43:23.455425Z</time></trkpt>
  <trkpt lat="37.4128781" lon="-121.9953644"><ele>89</ele><time>2026-07-13T23:43:23.555979Z</time></trkpt>
  <trkpt lat="37.4128616" lon="-121.9953627"><ele>89</ele><time>2026-07-13T23:43:23.656585Z</time></trkpt>
  <trkpt lat="37.4128467" lon="-121.9953585"><ele>90</ele><time>2026-07-13T23:43:23.756942Z</time></trkpt>
  <trkpt lat="37.4128329" lon="-121.9953522"><ele>91</ele><time>2026-07-13T23:43:23.857800Z</time></trkpt>
  <trkpt lat="37.4128197" lon="-121.9953450"><ele>92</ele><time>2026-07-13T23:43:23.958139Z</time></trkpt>
  <trkpt lat="37.4128078" lon="-121.9953358"><ele>93</ele><time>2026-07-13T23:43:24.058428Z</time></trkpt>
  <trkpt lat="37.4127983" lon="-121.9953237"><ele>94</ele><time>2026-07-13T23:43:24.159475Z</time></trkpt>
  <trkpt lat="37.4127908" lon="-121.9953091"><ele>95</ele><time>2026-07-13T23:43:24.259534Z</time></trkpt>
  <trkpt lat="37.4127842" lon="-121.9952921"><ele>96</ele><time>2026-07-13T23:43:24.360394Z</time></trkpt>
  <trkpt lat="37.4127786" lon="-121.9952737"><ele>97</ele><time>2026-07-13T23:43:24.460998Z</time></trkpt>
  <trkpt lat="37.4127786" lon="-121.9952737"><ele>97</ele><time>2026-07-13T23:43:24.521812Z</time></trkpt>
  <trkpt lat="37.4127750" lon="-121.9952543"><ele>98</ele><time>2026-07-13T23:43:24.561807Z</time></trkpt>
  <trkpt lat="37.4127721" lon="-121.9952341"><ele>98</ele><time>2026-07-13T23:43:24.662261Z</time></trkpt>
  <trkpt lat="37.4127700" lon="-121.9952137"><ele>98</ele><time>2026-07-13T23:43:24.762627Z</time></trkpt>
  <trkpt lat="37.4127666" lon="-121.9951922"><ele>99</ele><time>2026-07-13T23:43:24.863896Z</time></trkpt>
  <trkpt lat="37.4127639" lon="-121.9951717"><ele>99</ele><time>2026-07-13T23:43:24.964491Z</time></trkpt>
  <trkpt lat="37.4127617" lon="-121.9951538"><ele>98</ele><time>2026-07-13T23:43:25.064620Z</time></trkpt>
  <trkpt lat="37.4127602" lon="-121.9951397"><ele>97</ele><time>2026-07-13T23:43:25.165689Z</time></trkpt>
  <trkpt lat="37.4127604" lon="-121.9951287"><ele>96</ele><time>2026-07-13T23:43:25.266509Z</time></trkpt>
  <trkpt lat="37.4127621" lon="-121.9951210"><ele>95</ele><time>2026-07-13T23:43:25.367671Z</time></trkpt>
  <trkpt lat="37.4127656" lon="-121.9951192"><ele>93</ele><time>2026-07-13T23:43:25.468138Z</time></trkpt>
  <trkpt lat="37.4127687" lon="-121.9951226"><ele>92</ele><time>2026-07-13T23:43:25.568883Z</time></trkpt>
  <trkpt lat="37.4127690" lon="-121.9951285"><ele>90</ele><time>2026-07-13T23:43:25.669748Z</time></trkpt>
  <trkpt lat="37.4127673" lon="-121.9951324"><ele>88</ele><time>2026-07-13T23:43:25.770241Z</time></trkpt>
  <trkpt lat="37.4127640" lon="-121.9951315"><ele>86</ele><time>2026-07-13T23:43:25.870650Z</time></trkpt>
  <trkpt lat="37.4127627" lon="-121.9951319"><ele>85</ele><time>2026-07-13T23:43:25.951962Z</time></trkpt>
  <trkpt lat="37.4127617" lon="-121.9951342"><ele>83</ele><time>2026-07-13T23:43:26.052900Z</time></trkpt>
  <trkpt lat="37.4127621" lon="-121.9951412"><ele>81</ele><time>2026-07-13T23:43:26.153345Z</time></trkpt>
  <trkpt lat="37.4127620" lon="-121.9951469"><ele>80</ele><time>2026-07-13T23:43:26.253712Z</time></trkpt>
  <trkpt lat="37.4127618" lon="-121.9951498"><ele>78</ele><time>2026-07-13T23:43:26.354516Z</time></trkpt>
  <trkpt lat="37.4127601" lon="-121.9951511"><ele>77</ele><time>2026-07-13T23:43:26.454981Z</time></trkpt>
  <trkpt lat="37.4127586" lon="-121.9951546"><ele>75</ele><time>2026-07-13T23:43:26.556020Z</time></trkpt>
  <trkpt lat="37.4127531" lon="-121.9951613"><ele>73</ele><time>2026-07-13T23:43:26.656568Z</time></trkpt>
  <trkpt lat="37.4127531" lon="-121.9951613"><ele>73</ele><time>2026-07-13T23:43:26.677577Z</time></trkpt>
  <trkpt lat="37.4127463" lon="-121.9951715"><ele>71</ele><time>2026-07-13T23:43:26.757876Z</time></trkpt>
  <trkpt lat="37.4127412" lon="-121.9951845"><ele>70</ele><time>2026-07-13T23:43:26.859232Z</time></trkpt>
  <trkpt lat="37.4127343" lon="-121.9951997"><ele>70</ele><time>2026-07-13T23:43:26.960133Z</time></trkpt>
  <trkpt lat="37.4127273" lon="-121.9952132"><ele>70</ele><time>2026-07-13T23:43:27.060878Z</time></trkpt>
  <trkpt lat="37.4127211" lon="-121.9952267"><ele>71</ele><time>2026-07-13T23:43:27.160940Z</time></trkpt>
  <trkpt lat="37.4127147" lon="-121.9952389"><ele>72</ele><time>2026-07-13T23:43:27.261933Z</time></trkpt>
  <trkpt lat="37.4127071" lon="-121.9952492"><ele>74</ele><time>2026-07-13T23:43:27.362400Z</time></trkpt>
  <trkpt lat="37.4127006" lon="-121.9952587"><ele>77</ele><time>2026-07-13T23:43:27.463768Z</time></trkpt>
  <trkpt lat="37.4126941" lon="-121.9952636"><ele>79</ele><time>2026-07-13T23:43:27.564087Z</time></trkpt>
  <trkpt lat="37.4126907" lon="-121.9952667"><ele>80</ele><time>2026-07-13T23:43:27.665125Z</time></trkpt>
  <trkpt lat="37.4126894" lon="-121.9952676"><ele>82</ele><time>2026-07-13T23:43:27.765692Z</time></trkpt>
  <trkpt lat="37.4126901" lon="-121.9952660"><ele>83</ele><time>2026-07-13T23:43:27.866928Z</time></trkpt>
  <trkpt lat="37.4126920" lon="-121.9952624"><ele>85</ele><time>2026-07-13T23:43:27.967906Z</time></trkpt>
  <trkpt lat="37.4126953" lon="-121.9952583"><ele>86</ele><time>2026-07-13T23:43:28.067938Z</time></trkpt>
  <trkpt lat="37.4126979" lon="-121.9952523"><ele>87</ele><time>2026-07-13T23:43:28.168165Z</time></trkpt>
  <trkpt lat="37.4127019" lon="-121.9952463"><ele>87</ele><time>2026-07-13T23:43:28.268922Z</time></trkpt>
  <trkpt lat="37.4127056" lon="-121.9952360"><ele>88</ele><time>2026-07-13T23:43:28.349332Z</time></trkpt>
  <trkpt lat="37.4127102" lon="-121.9952226"><ele>88</ele><time>2026-07-13T23:43:28.450186Z</time></trkpt>
  <trkpt lat="37.4127145" lon="-121.9952078"><ele>88</ele><time>2026-07-13T23:43:28.551255Z</time></trkpt>
  <trkpt lat="37.4127208" lon="-121.9951942"><ele>88</ele><time>2026-07-13T23:43:28.652061Z</time></trkpt>
  <trkpt lat="37.4127269" lon="-121.9951795"><ele>88</ele><time>2026-07-13T23:43:28.752358Z</time></trkpt>
  <trkpt lat="37.4127269" lon="-121.9951795"><ele>88</ele><time>2026-07-13T23:43:28.831659Z</time></trkpt>
  <trkpt lat="37.4127325" lon="-121.9951637"><ele>89</ele><time>2026-07-13T23:43:28.853234Z</time></trkpt>
  <trkpt lat="37.4127383" lon="-121.9951476"><ele>89</ele><time>2026-07-13T23:43:28.953818Z</time></trkpt>
  <trkpt lat="37.4127457" lon="-121.9951317"><ele>90</ele><time>2026-07-13T23:43:29.054762Z</time></trkpt>
  <trkpt lat="37.4127525" lon="-121.9951145"><ele>90</ele><time>2026-07-13T23:43:29.155292Z</time></trkpt>
  <trkpt lat="37.4127565" lon="-121.9950947"><ele>90</ele><time>2026-07-13T23:43:29.255526Z</time></trkpt>
  <trkpt lat="37.4127603" lon="-121.9950748"><ele>90</ele><time>2026-07-13T23:43:29.356132Z</time></trkpt>
  <trkpt lat="37.4127670" lon="-121.9950573"><ele>90</ele><time>2026-07-13T23:43:29.456553Z</time></trkpt>
  <trkpt lat="37.4127774" lon="-121.9950451"><ele>90</ele><time>2026-07-13T23:43:29.557631Z</time></trkpt>
  <trkpt lat="37.4127880" lon="-121.9950329"><ele>90</ele><time>2026-07-13T23:43:29.658216Z</time></trkpt>
  <trkpt lat="37.4127979" lon="-121.9950196"><ele>89</ele><time>2026-07-13T23:43:29.759115Z</time></trkpt>
  <trkpt lat="37.4128063" lon="-121.9950047"><ele>88</ele><time>2026-07-13T23:43:29.859357Z</time></trkpt>
  <trkpt lat="37.4128143" lon="-121.9949886"><ele>87</ele><time>2026-07-13T23:43:29.959865Z</time></trkpt>
  <trkpt lat="37.4128239" lon="-121.9949732"><ele>86</ele><time>2026-07-13T23:43:30.060283Z</time></trkpt>
  <trkpt lat="37.4128354" lon="-121.9949608"><ele>86</ele><time>2026-07-13T23:43:30.161518Z</time></trkpt>
  <trkpt lat="37.4128477" lon="-121.9949491"><ele>86</ele><time>2026-07-13T23:43:30.261975Z</time></trkpt>
  <trkpt lat="37.4128593" lon="-121.9949366"><ele>86</ele><time>2026-07-13T23:43:30.362793Z</time></trkpt>
  <trkpt lat="37.4128714" lon="-121.9949241"><ele>85</ele><time>2026-07-13T23:43:30.463931Z</time></trkpt>
  <trkpt lat="37.4128832" lon="-121.9949134"><ele>85</ele><time>2026-07-13T23:43:30.565132Z</time></trkpt>
  <trkpt lat="37.4128942" lon="-121.9949060"><ele>85</ele><time>2026-07-13T23:43:30.665776Z</time></trkpt>
  <trkpt lat="37.4129057" lon="-121.9949025"><ele>85</ele><time>2026-07-13T23:43:30.746302Z</time></trkpt>
  <trkpt lat="37.4129189" lon="-121.9948996"><ele>85</ele><time>2026-07-13T23:43:30.846997Z</time></trkpt>
  <trkpt lat="37.4129329" lon="-121.9948958"><ele>84</ele><time>2026-07-13T23:43:30.947242Z</time></trkpt>
  <trkpt lat="37.4129329" lon="-121.9948958"><ele>84</ele><time>2026-07-13T23:43:30.983663Z</time></trkpt>
  <trkpt lat="37.4129450" lon="-121.9948897"><ele>84</ele><time>2026-07-13T23:43:31.048014Z</time></trkpt>
  <trkpt lat="37.4129540" lon="-121.9948827"><ele>84</ele><time>2026-07-13T23:43:31.148081Z</time></trkpt>
  <trkpt lat="37.4129605" lon="-121.9948772"><ele>84</ele><time>2026-07-13T23:43:31.248980Z</time></trkpt>
  <trkpt lat="37.4129696" lon="-121.9948768"><ele>84</ele><time>2026-07-13T23:43:31.349599Z</time></trkpt>
  <trkpt lat="37.4129808" lon="-121.9948765"><ele>83</ele><time>2026-07-13T23:43:31.450177Z</time></trkpt>
  <trkpt lat="37.4129923" lon="-121.9948749"><ele>83</ele><time>2026-07-13T23:43:31.551027Z</time></trkpt>
  <trkpt lat="37.4130011" lon="-121.9948742"><ele>84</ele><time>2026-07-13T23:43:31.652096Z</time></trkpt>
  <trkpt lat="37.4130077" lon="-121.9948780"><ele>84</ele><time>2026-07-13T23:43:31.752993Z</time></trkpt>
  <trkpt lat="37.4130151" lon="-121.9948856"><ele>84</ele><time>2026-07-13T23:43:31.853862Z</time></trkpt>
  <trkpt lat="37.4130259" lon="-121.9948951"><ele>83</ele><time>2026-07-13T23:43:31.954130Z</time></trkpt>
  <trkpt lat="37.4130360" lon="-121.9948999"><ele>83</ele><time>2026-07-13T23:43:32.054684Z</time></trkpt>
  <trkpt lat="37.4130449" lon="-121.9949039"><ele>82</ele><time>2026-07-13T23:43:32.155587Z</time></trkpt>
  <trkpt lat="37.4130510" lon="-121.9949078"><ele>83</ele><time>2026-07-13T23:43:32.255870Z</time></trkpt>
  <trkpt lat="37.4130566" lon="-121.9949161"><ele>83</ele><time>2026-07-13T23:43:32.357030Z</time></trkpt>
  <trkpt lat="37.4130625" lon="-121.9949246"><ele>83</ele><time>2026-07-13T23:43:32.457846Z</time></trkpt>
  <trkpt lat="37.4130692" lon="-121.9949311"><ele>82</ele><time>2026-07-13T23:43:32.558492Z</time></trkpt>
  <trkpt lat="37.4130759" lon="-121.9949362"><ele>82</ele><time>2026-07-13T23:43:32.659236Z</time></trkpt>
  <trkpt lat="37.4130831" lon="-121.9949416"><ele>82</ele><time>2026-07-13T23:43:32.759824Z</time></trkpt>
  <trkpt lat="37.4130887" lon="-121.9949485"><ele>83</ele><time>2026-07-13T23:43:32.860031Z</time></trkpt>
  <trkpt lat="37.4130930" lon="-121.9949575"><ele>83</ele><time>2026-07-13T23:43:32.960049Z</time></trkpt>
  <trkpt lat="37.4130971" lon="-121.9949658"><ele>82</ele><time>2026-07-13T23:43:33.060625Z</time></trkpt>
  <trkpt lat="37.4130971" lon="-121.9949658"><ele>82</ele><time>2026-07-13T23:43:33.132525Z</time></trkpt>
  <trkpt lat="37.4131028" lon="-121.9949733"><ele>82</ele><time>2026-07-13T23:43:33.162470Z</time></trkpt>
  <trkpt lat="37.4131091" lon="-121.9949801"><ele>82</ele><time>2026-07-13T23:43:33.263848Z</time></trkpt>
  <trkpt lat="37.4131134" lon="-121.9949866"><ele>82</ele><time>2026-07-13T23:43:33.344328Z</time></trkpt>
  <trkpt lat="37.4131162" lon="-121.9949960"><ele>82</ele><time>2026-07-13T23:43:33.444809Z</time></trkpt>
  <trkpt lat="37.4131162" lon="-121.9950051"><ele>82</ele><time>2026-07-13T23:43:33.545617Z</time></trkpt>
  <trkpt lat="37.4131186" lon="-121.9950180"><ele>82</ele><time>2026-07-13T23:43:33.646125Z</time></trkpt>
  <trkpt lat="37.4131194" lon="-121.9950283"><ele>82</ele><time>2026-07-13T23:43:33.746694Z</time></trkpt>
  <trkpt lat="37.4131224" lon="-121.9950387"><ele>82</ele><time>2026-07-13T23:43:33.847151Z</time></trkpt>
  <trkpt lat="37.4131258" lon="-121.9950494"><ele>82</ele><time>2026-07-13T23:43:33.947788Z</time></trkpt>
  <trkpt lat="37.4131258" lon="-121.9950578"><ele>82</ele><time>2026-07-13T23:43:34.048206Z</time></trkpt>
  <trkpt lat="37.4131246" lon="-121.9950685"><ele>83</ele><time>2026-07-13T23:43:34.148862Z</time></trkpt>
  <trkpt lat="37.4131236" lon="-121.9950809"><ele>83</ele><time>2026-07-13T23:43:34.249949Z</time></trkpt>
  <trkpt lat="37.4131233" lon="-121.9950943"><ele>82</ele><time>2026-07-13T23:43:34.351052Z</time></trkpt>
  <trkpt lat="37.4131232" lon="-121.9951068"><ele>82</ele><time>2026-07-13T23:43:34.451308Z</time></trkpt>
  <trkpt lat="37.4131212" lon="-121.9951157"><ele>83</ele><time>2026-07-13T23:43:34.551963Z</time></trkpt>
  <trkpt lat="37.4131163" lon="-121.9951230"><ele>83</ele><time>2026-07-13T23:43:34.652884Z</time></trkpt>
  <trkpt lat="37.4131109" lon="-121.9951327"><ele>84</ele><time>2026-07-13T23:43:34.753746Z</time></trkpt>
  <trkpt lat="37.4131070" lon="-121.9951450"><ele>84</ele><time>2026-07-13T23:43:34.854832Z</time></trkpt>
  <trkpt lat="37.4131011" lon="-121.9951563"><ele>84</ele><time>2026-07-13T23:43:34.955138Z</time></trkpt>
  <trkpt lat="37.4130928" lon="-121.9951654"><ele>85</ele><time>2026-07-13T23:43:35.055716Z</time></trkpt>
  <trkpt lat="37.4130822" lon="-121.9951717"><ele>86</ele><time>2026-07-13T23:43:35.155763Z</time></trkpt>
  <trkpt lat="37.4130734" lon="-121.9951811"><ele>86</ele><time>2026-07-13T23:43:35.255975Z</time></trkpt>
  <trkpt lat="37.4130734" lon="-121.9951811"><ele>86</ele><time>2026-07-13T23:43:35.283280Z</time></trkpt>
  <trkpt lat="37.4130663" lon="-121.9951919"><ele>87</ele><time>2026-07-13T23:43:35.356717Z</time></trkpt>
  <trkpt lat="37.4130586" lon="-121.9952019"><ele>87</ele><time>2026-07-13T23:43:35.457384Z</time></trkpt>
  <trkpt lat="37.4130495" lon="-121.9952120"><ele>87</ele><time>2026-07-13T23:43:35.558132Z</time></trkpt>
  <trkpt lat="37.4130408" lon="-121.9952240"><ele>87</ele><time>2026-07-13T23:43:35.658830Z</time></trkpt>
  <trkpt lat="37.4130327" lon="-121.9952375"><ele>86</ele><time>2026-07-13T23:43:35.759162Z</time></trkpt>
  <trkpt lat="37.4130239" lon="-121.9952507"><ele>86</ele><time>2026-07-13T23:43:35.859627Z</time></trkpt>
  <trkpt lat="37.4130151" lon="-121.9952637"><ele>85</ele><time>2026-07-13T23:43:35.960054Z</time></trkpt>
  <trkpt lat="37.4130063" lon="-121.9952765"><ele>84</ele><time>2026-07-13T23:43:36.040191Z</time></trkpt>
  <trkpt lat="37.4129951" lon="-121.9952866"><ele>83</ele><time>2026-07-13T23:43:36.141316Z</time></trkpt>
  <trkpt lat="37.4129843" lon="-121.9952971"><ele>83</ele><time>2026-07-13T23:43:36.241684Z</time></trkpt>
  <trkpt lat="37.4129760" lon="-121.9953096"><ele>83</ele><time>2026-07-13T23:43:36.341785Z</time></trkpt>
  <trkpt lat="37.4129698" lon="-121.9953251"><ele>84</ele><time>2026-07-13T23:43:36.442371Z</time></trkpt>
  <trkpt lat="37.4129629" lon="-121.9953389"><ele>84</ele><time>2026-07-13T23:43:36.542975Z</time></trkpt>
  <trkpt lat="37.4129561" lon="-121.9953530"><ele>83</ele><time>2026-07-13T23:43:36.643803Z</time></trkpt>
  <trkpt lat="37.4129502" lon="-121.9953674"><ele>83</ele><time>2026-07-13T23:43:36.745150Z</time></trkpt>
  <trkpt lat="37.4129456" lon="-121.9953829"><ele>83</ele><time>2026-07-13T23:43:36.845642Z</time></trkpt>
  <trkpt lat="37.4129394" lon="-121.9953969"><ele>82</ele><time>2026-07-13T23:43:36.946112Z</time></trkpt>
  <trkpt lat="37.4129329" lon="-121.9954108"><ele>82</ele><time>2026-07-13T23:43:37.046762Z</time></trkpt>
  <trkpt lat="37.4129265" lon="-121.9954251"><ele>81</ele><time>2026-07-13T23:43:37.147570Z</time></trkpt>
  <trkpt lat="37.4129211" lon="-121.9954402"><ele>80</ele><time>2026-07-13T23:43:37.248135Z</time></trkpt>
  <trkpt lat="37.4129177" lon="-121.9954560"><ele>80</ele><time>2026-07-13T23:43:37.348404Z</time></trkpt>
  <trkpt lat="37.4129177" lon="-121.9954560"><ele>80</ele><time>2026-07-13T23:43:37.428888Z</time></trkpt>
  <trkpt lat="37.4129165" lon="-121.9954717"><ele>80</ele><time>2026-07-13T23:43:37.449243Z</time></trkpt>
  <trkpt lat="37.4129169" lon="-121.9954886"><ele>80</ele><time>2026-07-13T23:43:37.549697Z</time></trkpt>
  <trkpt lat="37.4129153" lon="-121.9955034"><ele>79</ele><time>2026-07-13T23:43:37.649940Z</time></trkpt>
  <trkpt lat="37.4129138" lon="-121.9955176"><ele>78</ele><time>2026-07-13T23:43:37.750437Z</time></trkpt>
  <trkpt lat="37.4129128" lon="-121.9955300"><ele>78</ele><time>2026-07-13T23:43:37.851518Z</time></trkpt>
  <trkpt lat="37.4129141" lon="-121.9955429"><ele>78</ele><time>2026-07-13T23:43:37.951824Z</time></trkpt>
  <trkpt lat="37.4129176" lon="-121.9955556"><ele>77</ele><time>2026-07-13T23:43:38.052253Z</time></trkpt>
  <trkpt lat="37.4129166" lon="-121.9955641"><ele>77</ele><time>2026-07-13T23:43:38.152824Z</time></trkpt>
  <trkpt lat="37.4129171" lon="-121.9955732"><ele>77</ele><time>2026-07-13T23:43:38.253054Z</time></trkpt>
  <trkpt lat="37.4129209" lon="-121.9955838"><ele>76</ele><time>2026-07-13T23:43:38.353503Z</time></trkpt>
  <trkpt lat="37.4129243" lon="-121.9955921"><ele>75</ele><time>2026-07-13T23:43:38.454188Z</time></trkpt>
  <trkpt lat="37.4129261" lon="-121.9955971"><ele>75</ele><time>2026-07-13T23:43:38.554906Z</time></trkpt>
  <trkpt lat="37.4129306" lon="-121.9956055"><ele>75</ele><time>2026-07-13T23:43:38.655753Z</time></trkpt>
  <trkpt lat="37.4129356" lon="-121.9956131"><ele>75</ele><time>2026-07-13T23:43:38.756773Z</time></trkpt>
  <trkpt lat="37.4129398" lon="-121.9956200"><ele>75</ele><time>2026-07-13T23:43:38.857471Z</time></trkpt>
  <trkpt lat="37.4129451" lon="-121.9956284"><ele>74</ele><time>2026-07-13T23:43:38.938182Z</time></trkpt>
  <trkpt lat="37.4129505" lon="-121.9956379"><ele>73</ele><time>2026-07-13T23:43:39.038905Z</time></trkpt>
  <trkpt lat="37.4129563" lon="-121.9956468"><ele>73</ele><time>2026-07-13T23:43:39.139216Z</time></trkpt>
  <trkpt lat="37.4129638" lon="-121.9956554"><ele>73</ele><time>2026-07-13T23:43:39.240232Z</time></trkpt>
  <trkpt lat="37.4129698" lon="-121.9956633"><ele>73</ele><time>2026-07-13T23:43:39.340763Z</time></trkpt>
  <trkpt lat="37.4129750" lon="-121.9956715"><ele>72</ele><time>2026-07-13T23:43:39.441513Z</time></trkpt>
  <trkpt lat="37.4129809" lon="-121.9956794"><ele>72</ele><time>2026-07-13T23:43:39.542463Z</time></trkpt>
  <trkpt lat="37.4129809" lon="-121.9956794"><ele>72</ele><time>2026-07-13T23:43:39.578769Z</time></trkpt>
  <trkpt lat="37.4129860" lon="-121.9956856"><ele>72</ele><time>2026-07-13T23:43:39.643565Z</time></trkpt>
  <trkpt lat="37.4129916" lon="-121.9956874"><ele>72</ele><time>2026-07-13T23:43:39.743823Z</time></trkpt>
  <trkpt lat="37.4130007" lon="-121.9956913"><ele>73</ele><time>2026-07-13T23:43:39.844430Z</time></trkpt>
  <trkpt lat="37.4130104" lon="-121.9956965"><ele>73</ele><time>2026-07-13T23:43:39.945001Z</time></trkpt>
  <trkpt lat="37.4130194" lon="-121.9957016"><ele>73</ele><time>2026-07-13T23:43:40.045567Z</time></trkpt>
  <trkpt lat="37.4130295" lon="-121.9957072"><ele>73</ele><time>2026-07-13T23:43:40.145952Z</time></trkpt>
  <trkpt lat="37.4130395" lon="-121.9957101"><ele>73</ele><time>2026-07-13T23:43:40.246552Z</time></trkpt>
  <trkpt lat="37.4130478" lon="-121.9957103"><ele>74</ele><time>2026-07-13T23:43:40.347636Z</time></trkpt>
  <trkpt lat="37.4130557" lon="-121.9957096"><ele>74</ele><time>2026-07-13T23:43:40.448288Z</time></trkpt>
  <trkpt lat="37.4130662" lon="-121.9957093"><ele>75</ele><time>2026-07-13T23:43:40.549151Z</time></trkpt>
  <trkpt lat="37.4130773" lon="-121.9957095"><ele>75</ele><time>2026-07-13T23:43:40.650390Z</time></trkpt>
  <trkpt lat="37.4130881" lon="-121.9957107"><ele>75</ele><time>2026-07-13T23:43:40.750964Z</time></trkpt>
  <trkpt lat="37.4130975" lon="-121.9957120"><ele>75</ele><time>2026-07-13T23:43:40.851380Z</time></trkpt>
  <trkpt lat="37.4131049" lon="-121.9957119"><ele>75</ele><time>2026-07-13T23:43:40.952251Z</time></trkpt>
  <trkpt lat="37.4131124" lon="-121.9957088"><ele>76</ele><time>2026-07-13T23:43:41.053417Z</time></trkpt>
  <trkpt lat="37.4131199" lon="-121.9957033"><ele>77</ele><time>2026-07-13T23:43:41.153970Z</time></trkpt>
  <trkpt lat="37.4131265" lon="-121.9956957"><ele>78</ele><time>2026-07-13T23:43:41.254665Z</time></trkpt>
  <trkpt lat="37.4131319" lon="-121.9956871"><ele>79</ele><time>2026-07-13T23:43:41.335069Z</time></trkpt>
  <trkpt lat="37.4131384" lon="-121.9956784"><ele>80</ele><time>2026-07-13T23:43:41.435329Z</time></trkpt>
  <trkpt lat="37.4131453" lon="-121.9956697"><ele>82</ele><time>2026-07-13T23:43:41.535669Z</time></trkpt>
  <trkpt lat="37.4131513" lon="-121.9956596"><ele>83</ele><time>2026-07-13T23:43:41.636337Z</time></trkpt>
  <trkpt lat="37.4131513" lon="-121.9956596"><ele>83</ele><time>2026-07-13T23:43:41.727125Z</time></trkpt>
  <trkpt lat="37.4131569" lon="-121.9956480"><ele>84</ele><time>2026-07-13T23:43:41.736648Z</time></trkpt>
  <trkpt lat="37.4131623" lon="-121.9956345"><ele>85</ele><time>2026-07-13T23:43:41.838011Z</time></trkpt>
  <trkpt lat="37.4131673" lon="-121.9956195"><ele>86</ele><time>2026-07-13T23:43:41.938649Z</time></trkpt>
  <trkpt lat="37.4131702" lon="-121.9956029"><ele>87</ele><time>2026-07-13T23:43:42.039548Z</time></trkpt>
  <trkpt lat="37.4131708" lon="-121.9955850"><ele>87</ele><time>2026-07-13T23:43:42.139990Z</time></trkpt>
  <trkpt lat="37.4131698" lon="-121.9955669"><ele>88</ele><time>2026-07-13T23:43:42.239785Z</time></trkpt>
  <trkpt lat="37.4131686" lon="-121.9955484"><ele>89</ele><time>2026-07-13T23:43:42.340548Z</time></trkpt>
  <trkpt lat="37.4131682" lon="-121.9955306"><ele>90</ele><time>2026-07-13T23:43:42.441229Z</time></trkpt>
  <trkpt lat="37.4131685" lon="-121.9955129"><ele>90</ele><time>2026-07-13T23:43:42.541649Z</time></trkpt>
  <trkpt lat="37.4131671" lon="-121.9954941"><ele>91</ele><time>2026-07-13T23:43:42.642229Z</time></trkpt>
  <trkpt lat="37.4131635" lon="-121.9954756"><ele>91</ele><time>2026-07-13T23:43:42.742792Z</time></trkpt>
  <trkpt lat="37.4131583" lon="-121.9954575"><ele>91</ele><time>2026-07-13T23:43:42.843639Z</time></trkpt>
  <trkpt lat="37.4131517" lon="-121.9954398"><ele>92</ele><time>2026-07-13T23:43:42.943885Z</time></trkpt>
  <trkpt lat="37.4131439" lon="-121.9954221"><ele>92</ele><time>2026-07-13T23:43:43.044901Z</time></trkpt>
  <trkpt lat="37.4131349" lon="-121.9954046"><ele>91</ele><time>2026-07-13T23:43:43.145544Z</time></trkpt>
  <trkpt lat="37.4131250" lon="-121.9953872"><ele>91</ele><time>2026-07-13T23:43:43.246303Z</time></trkpt>
  <trkpt lat="37.4131159" lon="-121.9953701"><ele>91</ele><time>2026-07-13T23:43:43.346479Z</time></trkpt>
  <trkpt lat="37.4131062" lon="-121.9953533"><ele>90</ele><time>2026-07-13T23:43:43.447426Z</time></trkpt>
  <trkpt lat="37.4130947" lon="-121.9953378"><ele>90</ele><time>2026-07-13T23:43:43.547832Z</time></trkpt>
  <trkpt lat="37.4130817" lon="-121.9953242"><ele>89</ele><time>2026-07-13T23:43:43.648388Z</time></trkpt>
  <trkpt lat="37.4130681" lon="-121.9953125"><ele>89</ele><time>2026-07-13T23:43:43.748546Z</time></trkpt>
  <trkpt lat="37.4130534" lon="-121.9953022"><ele>89</ele><time>2026-07-13T23:43:43.849074Z</time></trkpt>
  <trkpt lat="37.4130534" lon="-121.9953022"><ele>89</ele><time>2026-07-13T23:43:43.879794Z</time></trkpt>
  <trkpt lat="37.4130380" lon="-121.9952934"><ele>89</ele><time>2026-07-13T23:43:43.950233Z</time></trkpt>
  <trkpt lat="37.4130221" lon="-121.9952856"><ele>88</ele><time>2026-07-13T23:43:44.051262Z</time></trkpt>
  <trkpt lat="37.4130060" lon="-121.9952807"><ele>88</ele><time>2026-07-13T23:43:44.152042Z</time></trkpt>
  <trkpt lat="37.4129903" lon="-121.9952791"><ele>88</ele><time>2026-07-13T23:43:44.232617Z</time></trkpt>
  <trkpt lat="37.4129757" lon="-121.9952810"><ele>88</ele><time>2026-07-13T23:43:44.333745Z</time></trkpt>
  <trkpt lat="37.4129614" lon="-121.9952852"><ele>88</ele><time>2026-07-13T23:43:44.434206Z</time></trkpt>
  <trkpt lat="37.4129482" lon="-121.9952913"><ele>88</ele><time>2026-07-13T23:43:44.534746Z</time></trkpt>
  <trkpt lat="37.4129368" lon="-121.9952991"><ele>88</ele><time>2026-07-13T23:43:44.634993Z</time></trkpt>
  <trkpt lat="37.4129278" lon="-121.9953081"><ele>88</ele><time>2026-07-13T23:43:44.736154Z</time></trkpt>
  <trkpt lat="37.4129211" lon="-121.9953176"><ele>88</ele><time>2026-07-13T23:43:44.837059Z</time></trkpt>
  <trkpt lat="37.4129159" lon="-121.9953274"><ele>88</ele><time>2026-07-13T23:43:44.938180Z</time></trkpt>
  <trkpt lat="37.4129119" lon="-121.9953368"><ele>88</ele><time>2026-07-13T23:43:45.038239Z</time></trkpt>
  <trkpt lat="37.4129099" lon="-121.9953453"><ele>88</ele><time>2026-07-13T23:43:45.138449Z</time></trkpt>
  <trkpt lat="37.4129101" lon="-121.9953523"><ele>88</ele><time>2026-07-13T23:43:45.238560Z</time></trkpt>
  <trkpt lat="37.4129127" lon="-121.9953586"><ele>88</ele><time>2026-07-13T23:43:45.339492Z</time></trkpt>
  <trkpt lat="37.4129172" lon="-121.9953643"><ele>87</ele><time>2026-07-13T23:43:45.440066Z</time></trkpt>
  <trkpt lat="37.4129217" lon="-121.9953682"><ele>87</ele><time>2026-07-13T23:43:45.540515Z</time></trkpt>
  <trkpt lat="37.4129268" lon="-121.9953703"><ele>87</ele><time>2026-07-13T23:43:45.640954Z</time></trkpt>
  <trkpt lat="37.4129342" lon="-121.9953714"><ele>86</ele><time>2026-07-13T23:43:45.741263Z</time></trkpt>
  <trkpt lat="37.4129426" lon="-121.9953689"><ele>85</ele><time>2026-07-13T23:43:45.841632Z</time></trkpt>
  <trkpt lat="37.4129510" lon="-121.9953629"><ele>85</ele><time>2026-07-13T23:43:45.943294Z</time></trkpt>
  <trkpt lat="37.4129510" lon="-121.9953629"><ele>85</ele><time>2026-07-13T23:43:46.033890Z</time></trkpt>
  <trkpt lat="37.4129591" lon="-121.9953527"><ele>84</ele><time>2026-07-13T23:43:46.044450Z</time></trkpt>
  <trkpt lat="37.4129667" lon="-121.9953393"><ele>83</ele><time>2026-07-13T23:43:46.144966Z</time></trkpt>
  <trkpt lat="37.4129747" lon="-121.9953252"><ele>82</ele><time>2026-07-13T23:43:46.245345Z</time></trkpt>
  <trkpt lat="37.4129827" lon="-121.9953110"><ele>81</ele><time>2026-07-13T23:43:46.345891Z</time></trkpt>
  <trkpt lat="37.4129907" lon="-121.9952976"><ele>80</ele><time>2026-07-13T23:43:46.447903Z</time></trkpt>
  <trkpt lat="37.4129990" lon="-121.9952841"><ele>79</ele><time>2026-07-13T23:43:46.548575Z</time></trkpt>
  <trkpt lat="37.4130073" lon="-121.9952702"><ele>77</ele><time>2026-07-13T23:43:46.629211Z</time></trkpt>
  <trkpt lat="37.4130155" lon="-121.9952559"><ele>76</ele><time>2026-07-13T23:43:46.730245Z</time></trkpt>
  <trkpt lat="37.4130236" lon="-121.9952412"><ele>75</ele><time>2026-07-13T23:43:46.831336Z</time></trkpt>
  <trkpt lat="37.4130302" lon="-121.9952243"><ele>73</ele><time>2026-07-13T23:43:46.931467Z</time></trkpt>
  <trkpt lat="37.4130365" lon="-121.9952063"><ele>72</ele><time>2026-07-13T23:43:47.031775Z</time></trkpt>
  <trkpt lat="37.4130427" lon="-121.9951883"><ele>70</ele><time>2026-07-13T23:43:47.131963Z</time></trkpt>
  <trkpt lat="37.4130483" lon="-121.9951698"><ele>69</ele><time>2026-07-13T23:43:47.233355Z</time></trkpt>
  <trkpt lat="37.4130518" lon="-121.9951487"><ele>67</ele><time>2026-07-13T23:43:47.334756Z</time></trkpt>
  <trkpt lat="37.4130516" lon="-121.9951237"><ele>66</ele><time>2026-07-13T23:43:47.434501Z</time></trkpt>
  <trkpt lat="37.4130486" lon="-121.9950974"><ele>65</ele><time>2026-07-13T23:43:47.534913Z</time></trkpt>
  <trkpt lat="37.4130443" lon="-121.9950710"><ele>64</ele><time>2026-07-13T23:43:47.635253Z</time></trkpt>
  <trkpt lat="37.4130383" lon="-121.9950443"><ele>63</ele><time>2026-07-13T23:43:47.735693Z</time></trkpt>
  <trkpt lat="37.4130298" lon="-121.9950161"><ele>63</ele><time>2026-07-13T23:43:47.836194Z</time></trkpt>
  <trkpt lat="37.4130203" lon="-121.9949880"><ele>63</ele><time>2026-07-13T23:43:47.937081Z</time></trkpt>
  <trkpt lat="37.4130099" lon="-121.9949602"><ele>62</ele><time>2026-07-13T23:43:48.038032Z</time></trkpt>
  <trkpt lat="37.4129980" lon="-121.9949331"><ele>62</ele><time>2026-07-13T23:43:48.138571Z</time></trkpt>
  <trkpt lat="37.4129980" lon="-121.9949331"><ele>62</ele><time>2026-07-13T23:43:48.185752Z</time></trkpt>
  <trkpt lat="37.4129848" lon="-121.9949072"><ele>62</ele><time>2026-07-13T23:43:48.239143Z</time></trkpt>
  <trkpt lat="37.4129711" lon="-121.9948826"><ele>62</ele><time>2026-07-13T23:43:48.340412Z</time></trkpt>
  <trkpt lat="37.4129568" lon="-121.9948584"><ele>63</ele><time>2026-07-13T23:43:48.441826Z</time></trkpt>
  <trkpt lat="37.4129428" lon="-121.9948346"><ele>63</ele><time>2026-07-13T23:43:48.542565Z</time></trkpt>
  <trkpt lat="37.4129289" lon="-121.9948112"><ele>63</ele><time>2026-07-13T23:43:48.642858Z</time></trkpt>
  <trkpt lat="37.4129149" lon="-121.9947884"><ele>63</ele><time>2026-07-13T23:43:48.743346Z</time></trkpt>
  <trkpt lat="37.4129007" lon="-121.9947660"><ele>63</ele><time>2026-07-13T23:43:48.844009Z</time></trkpt>
  <trkpt lat="37.4128871" lon="-121.9947441"><ele>63</ele><time>2026-07-13T23:43:48.944921Z</time></trkpt>
  <trkpt lat="37.4128737" lon="-121.9947226"><ele>64</ele><time>2026-07-13T23:43:49.045501Z</time></trkpt>
  <trkpt lat="37.4128607" lon="-121.9947014"><ele>64</ele><time>2026-07-13T23:43:49.146697Z</time></trkpt>
  <trkpt lat="37.4128476" lon="-121.9946805"><ele>64</ele><time>2026-07-13T23:43:49.226926Z</time></trkpt>
  <trkpt lat="37.4128348" lon="-121.9946599"><ele>65</ele><time>2026-07-13T23:43:49.327181Z</time></trkpt>
  <trkpt lat="37.4128222" lon="-121.9946393"><ele>65</ele><time>2026-07-13T23:43:49.427702Z</time></trkpt>
  <trkpt lat="37.4128102" lon="-121.9946189"><ele>66</ele><time>2026-07-13T23:43:49.528478Z</time></trkpt>
  <trkpt lat="37.4127988" lon="-121.9945984"><ele>66</ele><time>2026-07-13T23:43:49.628576Z</time></trkpt>
  <trkpt lat="37.4127882" lon="-121.9945777"><ele>67</ele><time>2026-07-13T23:43:49.728809Z</time></trkpt>
  <trkpt lat="37.4127785" lon="-121.9945568"><ele>67</ele><time>2026-07-13T23:43:49.829095Z</time></trkpt>
  <trkpt lat="37.4127697" lon="-121.9945359"><ele>68</ele><time>2026-07-13T23:43:49.930017Z</time></trkpt>
  <trkpt lat="37.4127624" lon="-121.9945154"><ele>68</ele><time>2026-07-13T23:43:50.030227Z</time></trkpt>
  <trkpt lat="37.4127565" lon="-121.9944953"><ele>69</ele><time>2026-07-13T23:43:50.130413Z</time></trkpt>
  <trkpt lat="37.4127521" lon="-121.9944758"><ele>70</ele><time>2026-07-13T23:43:50.231023Z</time></trkpt>
  <trkpt lat="37.4127491" lon="-121.9944569"><ele>70</ele><time>2026-07-13T23:43:50.332004Z</time></trkpt>
  <trkpt lat="37.4127491" lon="-121.9944569"><ele>70</ele><time>2026-07-13T23:43:50.346148Z</time></trkpt>
  <trkpt lat="37.4127473" lon="-121.9944389"><ele>71</ele><time>2026-07-13T23:43:50.432715Z</time></trkpt>
  <trkpt lat="37.4127468" lon="-121.9944218"><ele>72</ele><time>2026-07-13T23:43:50.532734Z</time></trkpt>
  <trkpt lat="37.4127477" lon="-121.9944056"><ele>73</ele><time>2026-07-13T23:43:50.633367Z</time></trkpt>
  <trkpt lat="37.4127496" lon="-121.9943908"><ele>73</ele><time>2026-07-13T23:43:50.734047Z</time></trkpt>
  <trkpt lat="37.4127526" lon="-121.9943771"><ele>74</ele><time>2026-07-13T23:43:50.834676Z</time></trkpt>
  <trkpt lat="37.4127563" lon="-121.9943645"><ele>74</ele><time>2026-07-13T23:43:50.935159Z</time></trkpt>
  <trkpt lat="37.4127608" lon="-121.9943533"><ele>75</ele><time>2026-07-13T23:43:51.036319Z</time></trkpt>
  <trkpt lat="37.4127658" lon="-121.9943433"><ele>75</ele><time>2026-07-13T23:43:51.137087Z</time></trkpt>
  <trkpt lat="37.4127711" lon="-121.9943344"><ele>76</ele><time>2026-07-13T23:43:51.237479Z</time></trkpt>
  <trkpt lat="37.4127770" lon="-121.9943269"><ele>76</ele><time>2026-07-13T23:43:51.338161Z</time></trkpt>
  <trkpt lat="37.4127833" lon="-121.9943208"><ele>76</ele><time>2026-07-13T23:43:51.439463Z</time></trkpt>
  <trkpt lat="37.4127896" lon="-121.9943161"><ele>76</ele><time>2026-07-13T23:43:51.539766Z</time></trkpt>
  <trkpt lat="37.4127960" lon="-121.9943128"><ele>76</ele><time>2026-07-13T23:43:51.639954Z</time></trkpt>
  <trkpt lat="37.4128023" lon="-121.9943109"><ele>75</ele><time>2026-07-13T23:43:51.740689Z</time></trkpt>
  <trkpt lat="37.4128082" lon="-121.9943105"><ele>75</ele><time>2026-07-13T23:43:51.841461Z</time></trkpt>
  <trkpt lat="37.4128138" lon="-121.9943114"><ele>75</ele><time>2026-07-13T23:43:51.942938Z</time></trkpt>
  <trkpt lat="37.4128193" lon="-121.9943135"><ele>74</ele><time>2026-07-13T23:43:52.043305Z</time></trkpt>
  <trkpt lat="37.4128244" lon="-121.9943167"><ele>74</ele><time>2026-07-13T23:43:52.143717Z</time></trkpt>
  <trkpt lat="37.4128292" lon="-121.9943207"><ele>74</ele><time>2026-07-13T23:43:52.223771Z</time></trkpt>
  <trkpt lat="37.4128341" lon="-121.9943255"><ele>73</ele><time>2026-07-13T23:43:52.343896Z</time></trkpt>
  <trkpt lat="37.4128390" lon="-121.9943308"><ele>73</ele><time>2026-07-13T23:43:52.424477Z</time></trkpt>
  <trkpt lat="37.4128390" lon="-121.9943308"><ele>73</ele><time>2026-07-13T23:43:52.509592Z</time></trkpt>
  <trkpt lat="37.4128438" lon="-121.9943361"><ele>73</ele><time>2026-07-13T23:43:52.525667Z</time></trkpt>
  <trkpt lat="37.4128491" lon="-121.9943415"><ele>72</ele><time>2026-07-13T23:43:52.626543Z</time></trkpt>
  <trkpt lat="37.4128546" lon="-121.9943469"><ele>72</ele><time>2026-07-13T23:43:52.726947Z</time></trkpt>
  <trkpt lat="37.4128607" lon="-121.9943523"><ele>71</ele><time>2026-07-13T23:43:52.827287Z</time></trkpt>
  <trkpt lat="37.4128673" lon="-121.9943577"><ele>71</ele><time>2026-07-13T23:43:52.927912Z</time></trkpt>
  <trkpt lat="37.4128743" lon="-121.9943630"><ele>71</ele><time>2026-07-13T23:43:53.028295Z</time></trkpt>
  <trkpt lat="37.4128817" lon="-121.9943685"><ele>71</ele><time>2026-07-13T23:43:53.128545Z</time></trkpt>
  <trkpt lat="37.4128889" lon="-121.9943741"><ele>71</ele><time>2026-07-13T23:43:53.229048Z</time></trkpt>
  <trkpt lat="37.4128963" lon="-121.9943801"><ele>71</ele><time>2026-07-13T23:43:53.329783Z</time></trkpt>
  <trkpt lat="37.4129037" lon="-121.9943862"><ele>71</ele><time>2026-07-13T23:43:53.430673Z</time></trkpt>
  <trkpt lat="37.4129112" lon="-121.9943925"><ele>71</ele><time>2026-07-13T23:43:53.531232Z</time></trkpt>
  <trkpt lat="37.4129189" lon="-121.9943996"><ele>70</ele><time>2026-07-13T23:43:53.631999Z</time></trkpt>
  <trkpt lat="37.4129263" lon="-121.9944067"><ele>70</ele><time>2026-07-13T23:43:53.732968Z</time></trkpt>
  <trkpt lat="37.4129337" lon="-121.9944137"><ele>70</ele><time>2026-07-13T23:43:53.833838Z</time></trkpt>
  <trkpt lat="37.4129410" lon="-121.9944208"><ele>70</ele><time>2026-07-13T23:43:53.934593Z</time></trkpt>
  <trkpt lat="37.4129483" lon="-121.9944280"><ele>70</ele><time>2026-07-13T23:43:54.035045Z</time></trkpt>
  <trkpt lat="37.4129557" lon="-121.9944354"><ele>70</ele><time>2026-07-13T23:43:54.136069Z</time></trkpt>
  <trkpt lat="37.4129630" lon="-121.9944430"><ele>70</ele><time>2026-07-13T23:43:54.236646Z</time></trkpt>
  <trkpt lat="37.4129702" lon="-121.9944506"><ele>69</ele><time>2026-07-13T23:43:54.336960Z</time></trkpt>
  <trkpt lat="37.4129774" lon="-121.9944585"><ele>69</ele><time>2026-07-13T23:43:54.437414Z</time></trkpt>
  <trkpt lat="37.4129847" lon="-121.9944666"><ele>69</ele><time>2026-07-13T23:43:54.538354Z</time></trkpt>
  <trkpt lat="37.4129920" lon="-121.9944747"><ele>69</ele><time>2026-07-13T23:43:54.639146Z</time></trkpt>
  <trkpt lat="37.4129920" lon="-121.9944747"><ele>69</ele><time>2026-07-13T23:43:54.658275Z</time></trkpt>
  <trkpt lat="37.4129993" lon="-121.9944828"><ele>69</ele><time>2026-07-13T23:43:54.739593Z</time></trkpt>
  <trkpt lat="37.4130066" lon="-121.9944911"><ele>69</ele><time>2026-07-13T23:43:54.839811Z</time></trkpt>
  <trkpt lat="37.4130136" lon="-121.9944987"><ele>69</ele><time>2026-07-13T23:43:54.940205Z</time></trkpt>
  <trkpt lat="37.4130209" lon="-121.9945067"><ele>68</ele><time>2026-07-13T23:43:55.020836Z</time></trkpt>
  <trkpt lat="37.4130285" lon="-121.9945153"><ele>68</ele><time>2026-07-13T23:43:55.121096Z</time></trkpt>
  <trkpt lat="37.4130362" lon="-121.9945241"><ele>68</ele><time>2026-07-13T23:43:55.221864Z</time></trkpt>
  <trkpt lat="37.4130440" lon="-121.9945325"><ele>67</ele><time>2026-07-13T23:43:55.322309Z</time></trkpt>
  <trkpt lat="37.4130519" lon="-121.9945409"><ele>67</ele><time>2026-07-13T23:43:55.422560Z</time></trkpt>
  <trkpt lat="37.4130597" lon="-121.9945492"><ele>67</ele><time>2026-07-13T23:43:55.522983Z</time></trkpt>
  <trkpt lat="37.4130676" lon="-121.9945575"><ele>66</ele><time>2026-07-13T23:43:55.623312Z</time></trkpt>
  <trkpt lat="37.4130759" lon="-121.9945660"><ele>66</ele><time>2026-07-13T23:43:55.723927Z</time></trkpt>
  <trkpt lat="37.4130843" lon="-121.9945742"><ele>66</ele><time>2026-07-13T23:43:55.824754Z</time></trkpt>
  <trkpt lat="37.4130930" lon="-121.9945826"><ele>65</ele><time>2026-07-13T23:43:55.925424Z</time></trkpt>
  <trkpt lat="37.4131017" lon="-121.9945912"><ele>65</ele><time>2026-07-13T23:43:56.025736Z</time></trkpt>
  <trkpt lat="37.4131103" lon="-121.9945998"><ele>65</ele><time>2026-07-13T23:43:56.125896Z</time></trkpt>
  <trkpt lat="37.4131191" lon="-121.9946084"><ele>65</ele><time>2026-07-13T23:43:56.226446Z</time></trkpt>
  <trkpt lat="37.4131278" lon="-121.9946169"><ele>65</ele><time>2026-07-13T23:43:56.326743Z</time></trkpt>
  <trkpt lat="37.4131363" lon="-121.9946251"><ele>64</ele><time>2026-07-13T23:43:56.427814Z</time></trkpt>
  <trkpt lat="37.4131449" lon="-121.9946331"><ele>64</ele><time>2026-07-13T23:43:56.528885Z</time></trkpt>
  <trkpt lat="37.4131538" lon="-121.9946408"><ele>64</ele><time>2026-07-13T23:43:56.629637Z</time></trkpt>
  <trkpt lat="37.4131629" lon="-121.9946486"><ele>64</ele><time>2026-07-13T23:43:56.730689Z</time></trkpt>
  <trkpt lat="37.4131629" lon="-121.9946486"><ele>64</ele><time>2026-07-13T23:43:56.818962Z</time></trkpt>
  <trkpt lat="37.4131722" lon="-121.9946566"><ele>64</ele><time>2026-07-13T23:43:56.831707Z</time></trkpt>
  <trkpt lat="37.4131814" lon="-121.9946645"><ele>64</ele><time>2026-07-13T23:43:56.932233Z</time></trkpt>
  <trkpt lat="37.4131904" lon="-121.9946723"><ele>64</ele><time>2026-07-13T23:43:57.032705Z</time></trkpt>
  <trkpt lat="37.4131990" lon="-121.9946798"><ele>65</ele><time>2026-07-13T23:43:57.133226Z</time></trkpt>
  <trkpt lat="37.4132069" lon="-121.9946867"><ele>65</ele><time>2026-07-13T23:43:57.233888Z</time></trkpt>
  <trkpt lat="37.4132142" lon="-121.9946932"><ele>66</ele><time>2026-07-13T23:43:57.334503Z</time></trkpt>
  <trkpt lat="37.4132210" lon="-121.9946991"><ele>67</ele><time>2026-07-13T23:43:57.434728Z</time></trkpt>
  <trkpt lat="37.4132276" lon="-121.9947047"><ele>68</ele><time>2026-07-13T23:43:57.535693Z</time></trkpt>
  <trkpt lat="37.4132338" lon="-121.9947099"><ele>68</ele><time>2026-07-13T23:43:57.635744Z</time></trkpt>
  <trkpt lat="37.4132399" lon="-121.9947147"><ele>69</ele><time>2026-07-13T23:43:57.736360Z</time></trkpt>
  <trkpt lat="37.4132454" lon="-121.9947195"><ele>70</ele><time>2026-07-13T23:43:57.836586Z</time></trkpt>
  <trkpt lat="37.4132505" lon="-121.9947246"><ele>71</ele><time>2026-07-13T23:43:57.937088Z</time></trkpt>
  <trkpt lat="37.4132554" lon="-121.9947303"><ele>72</ele><time>2026-07-13T23:43:58.017489Z</time></trkpt>
  <trkpt lat="37.4132600" lon="-121.9947361"><ele>73</ele><time>2026-07-13T23:43:58.117729Z</time></trkpt>
  <trkpt lat="37.4132644" lon="-121.9947421"><ele>73</ele><time>2026-07-13T23:43:58.218722Z</time></trkpt>
  <trkpt lat="37.4132688" lon="-121.9947482"><ele>74</ele><time>2026-07-13T23:43:58.318857Z</time></trkpt>
  <trkpt lat="37.4132733" lon="-121.9947548"><ele>74</ele><time>2026-07-13T23:43:58.419203Z</time></trkpt>
  <trkpt lat="37.4132771" lon="-121.9947617"><ele>75</ele><time>2026-07-13T23:43:58.519923Z</time></trkpt>
  <trkpt lat="37.4132806" lon="-121.9947694"><ele>75</ele><time>2026-07-13T23:43:58.620655Z</time></trkpt>
  <trkpt lat="37.4132826" lon="-121.9947773"><ele>76</ele><time>2026-07-13T23:43:58.721231Z</time></trkpt>
  <trkpt lat="37.4132826" lon="-121.9947854"><ele>76</ele><time>2026-07-13T23:43:58.821189Z</time></trkpt>
  <trkpt lat="37.4132791" lon="-121.9947929"><ele>76</ele><time>2026-07-13T23:43:58.922275Z</time></trkpt>
  <trkpt lat="37.4132791" lon="-121.9947929"><ele>76</ele><time>2026-07-13T23:43:58.981040Z</time></trkpt>
  <trkpt lat="37.4132737" lon="-121.9948018"><ele>77</ele><time>2026-07-13T23:43:59.022159Z</time></trkpt>
  <trkpt lat="37.4132656" lon="-121.9948104"><ele>77</ele><time>2026-07-13T23:43:59.122440Z</time></trkpt>
  <trkpt lat="37.4132559" lon="-121.9948181"><ele>77</ele><time>2026-07-13T23:43:59.223672Z</time></trkpt>
  <trkpt lat="37.4132448" lon="-121.9948248"><ele>77</ele><time>2026-07-13T23:43:59.324310Z</time></trkpt>
  <trkpt lat="37.4132316" lon="-121.9948295"><ele>77</ele><time>2026-07-13T23:43:59.425646Z</time></trkpt>
  <trkpt lat="37.4132170" lon="-121.9948321"><ele>77</ele><time>2026-07-13T23:43:59.526420Z</time></trkpt>
  <trkpt lat="37.4132019" lon="-121.9948339"><ele>76</ele><time>2026-07-13T23:43:59.626982Z</time></trkpt>
  <trkpt lat="37.4131864" lon="-121.9948354"><ele>76</ele><time>2026-07-13T23:43:59.727381Z</time></trkpt>
  <trkpt lat="37.4131708" lon="-121.9948372"><ele>76</ele><time>2026-07-13T23:43:59.827860Z</time></trkpt>
  <trkpt lat="37.4131551" lon="-121.9948390"><ele>75</ele><time>2026-07-13T23:43:59.928573Z</time></trkpt>
  <trkpt lat="37.4131392" lon="-121.9948408"><ele>75</ele><time>2026-07-13T23:44:00.029231Z</time></trkpt>
  <trkpt lat="37.4131229" lon="-121.9948430"><ele>74</ele><time>2026-07-13T23:44:00.130014Z</time></trkpt>
  <trkpt lat="37.4131061" lon="-121.9948454"><ele>74</ele><time>2026-07-13T23:44:00.230523Z</time></trkpt>
  <trkpt lat="37.4130890" lon="-121.9948482"><ele>73</ele><time>2026-07-13T23:44:00.331764Z</time></trkpt>
  <trkpt lat="37.4130717" lon="-121.9948512"><ele>73</ele><time>2026-07-13T23:44:00.432364Z</time></trkpt>
  <trkpt lat="37.4130541" lon="-121.9948543"><ele>73</ele><time>2026-07-13T23:44:00.532908Z</time></trkpt>
  <trkpt lat="37.4130363" lon="-121.9948574"><ele>73</ele><time>2026-07-13T23:44:00.633652Z</time></trkpt>
  <trkpt lat="37.4130185" lon="-121.9948606"><ele>73</ele><time>2026-07-13T23:44:00.714635Z</time></trkpt>
  <trkpt lat="37.4130004" lon="-121.9948639"><ele>73</ele><time>2026-07-13T23:44:00.815222Z</time></trkpt>
  <trkpt lat="37.4129824" lon="-121.9948672"><ele>73</ele><time>2026-07-13T23:44:00.916097Z</time></trkpt>
  <trkpt lat="37.4129644" lon="-121.9948704"><ele>73</ele><time>2026-07-13T23:44:01.016919Z</time></trkpt>
  <trkpt lat="37.4129464" lon="-121.9948739"><ele>73</ele><time>2026-07-13T23:44:01.117635Z</time></trkpt>
  <trkpt lat="37.4129464" lon="-121.9948739"><ele>73</ele><time>2026-07-13T23:44:01.130818Z</time></trkpt>
  <trkpt lat="37.4129284" lon="-121.9948775"><ele>73</ele><time>2026-07-13T23:44:01.218168Z</time></trkpt>
  <trkpt lat="37.4129104" lon="-121.9948808"><ele>73</ele><time>2026-07-13T23:44:01.318917Z</time></trkpt>
  <trkpt lat="37.4128924" lon="-121.9948840"><ele>74</ele><time>2026-07-13T23:44:01.419804Z</time></trkpt>
  <trkpt lat="37.4128747" lon="-121.9948876"><ele>74</ele><time>2026-07-13T23:44:01.520942Z</time></trkpt>
  <trkpt lat="37.4128571" lon="-121.9948913"><ele>75</ele><time>2026-07-13T23:44:01.621289Z</time></trkpt>
  <trkpt lat="37.4128394" lon="-121.9948949"><ele>75</ele><time>2026-07-13T23:44:01.723026Z</time></trkpt>
  <trkpt lat="37.4128219" lon="-121.9948985"><ele>75</ele><time>2026-07-13T23:44:01.823634Z</time></trkpt>
  <trkpt lat="37.4128046" lon="-121.9949022"><ele>76</ele><time>2026-07-13T23:44:01.924434Z</time></trkpt>
  <trkpt lat="37.4127872" lon="-121.9949060"><ele>76</ele><time>2026-07-13T23:44:02.025340Z</time></trkpt>
  <trkpt lat="37.4127701" lon="-121.9949099"><ele>76</ele><time>2026-07-13T23:44:02.125770Z</time></trkpt>
  <trkpt lat="37.4127541" lon="-121.9949139"><ele>77</ele><time>2026-07-13T23:44:02.226329Z</time></trkpt>
  <trkpt lat="37.4127405" lon="-121.9949175"><ele>78</ele><time>2026-07-13T23:44:02.327233Z</time></trkpt>
  <trkpt lat="37.4127286" lon="-121.9949203"><ele>80</ele><time>2026-07-13T23:44:02.428286Z</time></trkpt>
  <trkpt lat="37.4127180" lon="-121.9949226"><ele>81</ele><time>2026-07-13T23:44:02.529227Z</time></trkpt>
  <trkpt lat="37.4127075" lon="-121.9949235"><ele>82</ele><time>2026-07-13T23:44:02.628913Z</time></trkpt>
  <trkpt lat="37.4126981" lon="-121.9949223"><ele>83</ele><time>2026-07-13T23:44:02.729597Z</time></trkpt>
  <trkpt lat="37.4126911" lon="-121.9949197"><ele>84</ele><time>2026-07-13T23:44:02.829886Z</time></trkpt>
  <trkpt lat="37.4126854" lon="-121.9949146"><ele>85</ele><time>2026-07-13T23:44:02.930760Z</time></trkpt>
  <trkpt lat="37.4126812" lon="-121.9949073"><ele>87</ele><time>2026-07-13T23:44:03.030988Z</time></trkpt>
  <trkpt lat="37.4126787" lon="-121.9948983"><ele>88</ele><time>2026-07-13T23:44:03.132130Z</time></trkpt>
  <trkpt lat="37.4126757" lon="-121.9948871"><ele>89</ele><time>2026-07-13T23:44:03.212401Z</time></trkpt>
  <trkpt lat="37.4126757" lon="-121.9948871"><ele>89</ele><time>2026-07-13T23:44:03.278472Z</time></trkpt>
  <trkpt lat="37.4126723" lon="-121.9948744"><ele>90</ele><time>2026-07-13T23:44:03.312635Z</time></trkpt>
  <trkpt lat="37.4126707" lon="-121.9948608"><ele>91</ele><time>2026-07-13T23:44:03.413234Z</time></trkpt>
  <trkpt lat="37.4126717" lon="-121.9948466"><ele>92</ele><time>2026-07-13T23:44:03.513634Z</time></trkpt>
  <trkpt lat="37.4126738" lon="-121.9948306"><ele>93</ele><time>2026-07-13T23:44:03.614012Z</time></trkpt>
  <trkpt lat="37.4126750" lon="-121.9948139"><ele>93</ele><time>2026-07-13T23:44:03.714904Z</time></trkpt>
  <trkpt lat="37.4126811" lon="-121.9947988"><ele>93</ele><time>2026-07-13T23:44:03.815534Z</time></trkpt>
  <trkpt lat="37.4126844" lon="-121.9947820"><ele>93</ele><time>2026-07-13T23:44:03.916482Z</time></trkpt>
  <trkpt lat="37.4126901" lon="-121.9947661"><ele>93</ele><time>2026-07-13T23:44:04.017289Z</time></trkpt>
  <trkpt lat="37.4126991" lon="-121.9947540"><ele>93</ele><time>2026-07-13T23:44:04.117843Z</time></trkpt>
  <trkpt lat="37.4127096" lon="-121.9947454"><ele>93</ele><time>2026-07-13T23:44:04.218590Z</time></trkpt>
  <trkpt lat="37.4127181" lon="-121.9947370"><ele>92</ele><time>2026-07-13T23:44:04.318846Z</time></trkpt>
  <trkpt lat="37.4127259" lon="-121.9947274"><ele>92</ele><time>2026-07-13T23:44:04.419834Z</time></trkpt>
  <trkpt lat="37.4127339" lon="-121.9947171"><ele>91</ele><time>2026-07-13T23:44:04.520530Z</time></trkpt>
  <trkpt lat="37.4127430" lon="-121.9947073"><ele>92</ele><time>2026-07-13T23:44:04.621801Z</time></trkpt>
  <trkpt lat="37.4127529" lon="-121.9946983"><ele>92</ele><time>2026-07-13T23:44:04.722813Z</time></trkpt>
  <trkpt lat="37.4127632" lon="-121.9946876"><ele>92</ele><time>2026-07-13T23:44:04.823961Z</time></trkpt>
  <trkpt lat="37.4127733" lon="-121.9946769"><ele>92</ele><time>2026-07-13T23:44:04.924623Z</time></trkpt>
  <trkpt lat="37.4127846" lon="-121.9946674"><ele>92</ele><time>2026-07-13T23:44:05.026310Z</time></trkpt>
  <trkpt lat="37.4127958" lon="-121.9946587"><ele>91</ele><time>2026-07-13T23:44:05.126773Z</time></trkpt>
  <trkpt lat="37.4128066" lon="-121.9946510"><ele>91</ele><time>2026-07-13T23:44:05.226994Z</time></trkpt>
  <trkpt lat="37.4128176" lon="-121.9946440"><ele>91</ele><time>2026-07-13T23:44:05.327465Z</time></trkpt>
  <trkpt lat="37.4128289" lon="-121.9946376"><ele>92</ele><time>2026-07-13T23:44:05.428138Z</time></trkpt>
  <trkpt lat="37.4128289" lon="-121.9946376"><ele>92</ele><time>2026-07-13T23:44:05.434266Z</time></trkpt>
  <trkpt lat="37.4128415" lon="-121.9946319"><ele>92</ele><time>2026-07-13T23:44:05.528401Z</time></trkpt>
  <trkpt lat="37.4128531" lon="-121.9946240"><ele>93</ele><time>2026-07-13T23:44:05.628743Z</time></trkpt>
  <trkpt lat="37.4128662" lon="-121.9946188"><ele>92</ele><time>2026-07-13T23:44:05.709446Z</time></trkpt>
  <trkpt lat="37.4128790" lon="-121.9946148"><ele>92</ele><time>2026-07-13T23:44:05.809666Z</time></trkpt>
  <trkpt lat="37.4128921" lon="-121.9946102"><ele>93</ele><time>2026-07-13T23:44:05.909962Z</time></trkpt>
  <trkpt lat="37.4129047" lon="-121.9946039"><ele>93</ele><time>2026-07-13T23:44:06.010819Z</time></trkpt>
  <trkpt lat="37.4129170" lon="-121.9945968"><ele>93</ele><time>2026-07-13T23:44:06.111366Z</time></trkpt>
  <trkpt lat="37.4129289" lon="-121.9945913"><ele>92</ele><time>2026-07-13T23:44:06.211712Z</time></trkpt>
  <trkpt lat="37.4129400" lon="-121.9945881"><ele>93</ele><time>2026-07-13T23:44:06.312145Z</time></trkpt>
  <trkpt lat="37.4129506" lon="-121.9945893"><ele>93</ele><time>2026-07-13T23:44:06.412387Z</time></trkpt>
  <trkpt lat="37.4129616" lon="-121.9945905"><ele>93</ele><time>2026-07-13T23:44:06.512689Z</time></trkpt>
  <trkpt lat="37.4129749" lon="-121.9945923"><ele>93</ele><time>2026-07-13T23:44:06.612939Z</time></trkpt>
  <trkpt lat="37.4129868" lon="-121.9945927"><ele>93</ele><time>2026-07-13T23:44:06.714729Z</time></trkpt>
  <trkpt lat="37.4129972" lon="-121.9945938"><ele>93</ele><time>2026-07-13T23:44:06.815146Z</time></trkpt>
  <trkpt lat="37.4130027" lon="-121.9945966"><ele>93</ele><time>2026-07-13T23:44:06.915837Z</time></trkpt>
  <trkpt lat="37.4130098" lon="-121.9946047"><ele>92</ele><time>2026-07-13T23:44:07.016536Z</time></trkpt>
  <trkpt lat="37.4130187" lon="-121.9946093"><ele>92</ele><time>2026-07-13T23:44:07.117256Z</time></trkpt>
  <trkpt lat="37.4130273" lon="-121.9946141"><ele>91</ele><time>2026-07-13T23:44:07.217458Z</time></trkpt>
  <trkpt lat="37.4130357" lon="-121.9946212"><ele>90</ele><time>2026-07-13T23:44:07.318388Z</time></trkpt>
  <trkpt lat="37.4130384" lon="-121.9946291"><ele>89</ele><time>2026-07-13T23:44:07.418799Z</time></trkpt>
  <trkpt lat="37.4130372" lon="-121.9946388"><ele>88</ele><time>2026-07-13T23:44:07.519706Z</time></trkpt>
  <trkpt lat="37.4130372" lon="-121.9946388"><ele>88</ele><time>2026-07-13T23:44:07.590145Z</time></trkpt>
  <trkpt lat="37.4130380" lon="-121.9946486"><ele>88</ele><time>2026-07-13T23:44:07.620135Z</time></trkpt>
  <trkpt lat="37.4130412" lon="-121.9946569"><ele>87</ele><time>2026-07-13T23:44:07.720506Z</time></trkpt>
  <trkpt lat="37.4130460" lon="-121.9946651"><ele>86</ele><time>2026-07-13T23:44:07.821291Z</time></trkpt>
  <trkpt lat="37.4130477" lon="-121.9946734"><ele>85</ele><time>2026-07-13T23:44:07.922477Z</time></trkpt>
  <trkpt lat="37.4130448" lon="-121.9946833"><ele>84</ele><time>2026-07-13T23:44:08.023442Z</time></trkpt>
  <trkpt lat="37.4130399" lon="-121.9946929"><ele>83</ele><time>2026-07-13T23:44:08.123675Z</time></trkpt>
  <trkpt lat="37.4130376" lon="-121.9947035"><ele>82</ele><time>2026-07-13T23:44:08.224429Z</time></trkpt>
  <trkpt lat="37.4130383" lon="-121.9947143"><ele>80</ele><time>2026-07-13T23:44:08.325007Z</time></trkpt>
  <trkpt lat="37.4130394" lon="-121.9947248"><ele>79</ele><time>2026-07-13T23:44:08.425741Z</time></trkpt>
  <trkpt lat="37.4130415" lon="-121.9947350"><ele>78</ele><time>2026-07-13T23:44:08.506523Z</time></trkpt>
  <trkpt lat="37.4130455" lon="-121.9947456"><ele>77</ele><time>2026-07-13T23:44:08.607242Z</time></trkpt>
  <trkpt lat="37.4130506" lon="-121.9947563"><ele>76</ele><time>2026-07-13T23:44:08.707810Z</time></trkpt>
  <trkpt lat="37.4130571" lon="-121.9947666"><ele>75</ele><time>2026-07-13T23:44:08.808287Z</time></trkpt>
  <trkpt lat="37.4130640" lon="-121.9947777"><ele>74</ele><time>2026-07-13T23:44:08.909411Z</time></trkpt>
  <trkpt lat="37.4130710" lon="-121.9947890"><ele>74</ele><time>2026-07-13T23:44:09.010673Z</time></trkpt>
  <trkpt lat="37.4130781" lon="-121.9948007"><ele>74</ele><time>2026-07-13T23:44:09.111652Z</time></trkpt>
  <trkpt lat="37.4130849" lon="-121.9948133"><ele>74</ele><time>2026-07-13T23:44:09.213229Z</time></trkpt>
  <trkpt lat="37.4130909" lon="-121.9948267"><ele>74</ele><time>2026-07-13T23:44:09.313805Z</time></trkpt>
  <trkpt lat="37.4130957" lon="-121.9948414"><ele>74</ele><time>2026-07-13T23:44:09.414127Z</time></trkpt>
  <trkpt lat="37.4130981" lon="-121.9948566"><ele>74</ele><time>2026-07-13T23:44:09.515068Z</time></trkpt>
  <trkpt lat="37.4131005" lon="-121.9948725"><ele>74</ele><time>2026-07-13T23:44:09.615828Z</time></trkpt>
  <trkpt lat="37.4131021" lon="-121.9948873"><ele>73</ele><time>2026-07-13T23:44:09.716623Z</time></trkpt>
  <trkpt lat="37.4131021" lon="-121.9948873"><ele>73</ele><time>2026-07-13T23:44:09.746699Z</time></trkpt>
  <trkpt lat="37.4131035" lon="-121.9949019"><ele>73</ele><time>2026-07-13T23:44:09.817142Z</time></trkpt>
  <trkpt lat="37.4131048" lon="-121.9949168"><ele>73</ele><time>2026-07-13T23:44:09.918071Z</time></trkpt>
  <trkpt lat="37.4131050" lon="-121.9949312"><ele>73</ele><time>2026-07-13T23:44:10.019666Z</time></trkpt>
  <trkpt lat="37.4131048" lon="-121.9949461"><ele>72</ele><time>2026-07-13T23:44:10.120052Z</time></trkpt>
  <trkpt lat="37.4131041" lon="-121.9949611"><ele>72</ele><time>2026-07-13T23:44:10.221394Z</time></trkpt>
  <trkpt lat="37.4131025" lon="-121.9949757"><ele>71</ele><time>2026-07-13T23:44:10.321662Z</time></trkpt>
  <trkpt lat="37.4131007" lon="-121.9949903"><ele>70</ele><time>2026-07-13T23:44:10.422462Z</time></trkpt>
  <trkpt lat="37.4130979" lon="-121.9950049"><ele>69</ele><time>2026-07-13T23:44:10.523667Z</time></trkpt>
  <trkpt lat="37.4130947" lon="-121.9950197"><ele>69</ele><time>2026-07-13T23:44:10.604795Z</time></trkpt>
  <trkpt lat="37.4130909" lon="-121.9950345"><ele>68</ele><time>2026-07-13T23:44:10.704873Z</time></trkpt>
  <trkpt lat="37.4130866" lon="-121.9950490"><ele>67</ele><time>2026-07-13T23:44:10.805307Z</time></trkpt>
  <trkpt lat="37.4130826" lon="-121.9950630"><ele>66</ele><time>2026-07-13T23:44:10.905891Z</time></trkpt>
  <trkpt lat="37.4130787" lon="-121.9950745"><ele>65</ele><time>2026-07-13T23:44:11.006729Z</time></trkpt>
  <trkpt lat="37.4130772" lon="-121.9950851"><ele>63</ele><time>2026-07-13T23:44:11.106962Z</time></trkpt>
  <trkpt lat="37.4130755" lon="-121.9950916"><ele>61</ele><time>2026-07-13T23:44:11.207934Z</time></trkpt>
  <trkpt lat="37.4130751" lon="-121.9950963"><ele>59</ele><time>2026-07-13T23:44:11.308311Z</time></trkpt>
  <trkpt lat="37.4130753" lon="-121.9950963"><ele>57</ele><time>2026-07-13T23:44:11.408894Z</time></trkpt>
  <trkpt lat="37.4130760" lon="-121.9950888"><ele>55</ele><time>2026-07-13T23:44:11.509645Z</time></trkpt>
  <trkpt lat="37.4130799" lon="-121.9950780"><ele>54</ele><time>2026-07-13T23:44:11.611083Z</time></trkpt>
  <trkpt lat="37.4130829" lon="-121.9950639"><ele>52</ele><time>2026-07-13T23:44:11.711932Z</time></trkpt>
  <trkpt lat="37.4130855" lon="-121.9950448"><ele>52</ele><time>2026-07-13T23:44:11.812292Z</time></trkpt>
  <trkpt lat="37.4130855" lon="-121.9950448"><ele>52</ele><time>2026-07-13T23:44:11.900115Z</time></trkpt>
  <trkpt lat="37.4130867" lon="-121.9950226"><ele>51</ele><time>2026-07-13T23:44:11.912707Z</time></trkpt>
  <trkpt lat="37.4130883" lon="-121.9949995"><ele>51</ele><time>2026-07-13T23:44:12.013438Z</time></trkpt>
  <trkpt lat="37.4130884" lon="-121.9949755"><ele>50</ele><time>2026-07-13T23:44:12.114292Z</time></trkpt>
  <trkpt lat="37.4130901" lon="-121.9949515"><ele>51</ele><time>2026-07-13T23:44:12.215168Z</time></trkpt>
  <trkpt lat="37.4130941" lon="-121.9949276"><ele>51</ele><time>2026-07-13T23:44:12.316598Z</time></trkpt>
  <trkpt lat="37.4130973" lon="-121.9949037"><ele>52</ele><time>2026-07-13T23:44:12.416732Z</time></trkpt>
  <trkpt lat="37.4130992" lon="-121.9948795"><ele>52</ele><time>2026-07-13T23:44:12.517076Z</time></trkpt>
  <trkpt lat="37.4131015" lon="-121.9948556"><ele>53</ele><time>2026-07-13T23:44:12.617246Z</time></trkpt>
  <trkpt lat="37.4131036" lon="-121.9948319"><ele>53</ele><time>2026-07-13T23:44:12.717755Z</time></trkpt>
  <trkpt lat="37.4131050" lon="-121.9948086"><ele>53</ele><time>2026-07-13T23:44:12.818185Z</time></trkpt>
  <trkpt lat="37.4131062" lon="-121.9947855"><ele>54</ele><time>2026-07-13T23:44:12.918976Z</time></trkpt>
  <trkpt lat="37.4131062" lon="-121.9947631"><ele>54</ele><time>2026-07-13T23:44:13.019797Z</time></trkpt>
  <trkpt lat="37.4131055" lon="-121.9947411"><ele>55</ele><time>2026-07-13T23:44:13.120480Z</time></trkpt>
  <trkpt lat="37.4131031" lon="-121.9947191"><ele>55</ele><time>2026-07-13T23:44:13.200831Z</time></trkpt>
  <trkpt lat="37.4131003" lon="-121.9946978"><ele>56</ele><time>2026-07-13T23:44:13.321907Z</time></trkpt>
  <trkpt lat="37.4130959" lon="-121.9946773"><ele>57</ele><time>2026-07-13T23:44:13.401921Z</time></trkpt>
  <trkpt lat="37.4130905" lon="-121.9946573"><ele>57</ele><time>2026-07-13T23:44:13.502729Z</time></trkpt>
  <trkpt lat="37.4130843" lon="-121.9946375"><ele>58</ele><time>2026-07-13T23:44:13.604055Z</time></trkpt>
  <trkpt lat="37.4130776" lon="-121.9946181"><ele>59</ele><time>2026-07-13T23:44:13.704451Z</time></trkpt>
  <trkpt lat="37.4130710" lon="-121.9945995"><ele>60</ele><time>2026-07-13T23:44:13.804950Z</time></trkpt>
  <trkpt lat="37.4130641" lon="-121.9945811"><ele>60</ele><time>2026-07-13T23:44:13.905524Z</time></trkpt>
  <trkpt lat="37.4130571" lon="-121.9945633"><ele>61</ele><time>2026-07-13T23:44:14.006232Z</time></trkpt>
  <trkpt lat="37.4130571" lon="-121.9945633"><ele>61</ele><time>2026-07-13T23:44:14.053475Z</time></trkpt>
  <trkpt lat="37.4130502" lon="-121.9945462"><ele>62</ele><time>2026-07-13T23:44:14.107347Z</time></trkpt>
  <trkpt lat="37.4130422" lon="-121.9945293"><ele>62</ele><time>2026-07-13T23:44:14.207768Z</time></trkpt>
  <trkpt lat="37.4130341" lon="-121.9945126"><ele>63</ele><time>2026-07-13T23:44:14.308489Z</time></trkpt>
  <trkpt lat="37.4130262" lon="-121.9944961"><ele>63</ele><time>2026-07-13T23:44:14.409909Z</time></trkpt>
  <trkpt lat="37.4130179" lon="-121.9944799"><ele>64</ele><time>2026-07-13T23:44:14.510338Z</time></trkpt>
  <trkpt lat="37.4130096" lon="-121.9944639"><ele>64</ele><time>2026-07-13T23:44:14.610442Z</time></trkpt>
  <trkpt lat="37.4130009" lon="-121.9944481"><ele>65</ele><time>2026-07-13T23:44:14.711130Z</time></trkpt>
  <trkpt lat="37.4129926" lon="-121.9944326"><ele>65</ele><time>2026-07-13T23:44:14.811623Z</time></trkpt>
  <trkpt lat="37.4129843" lon="-121.9944172"><ele>66</ele><time>2026-07-13T23:44:14.912469Z</time></trkpt>
  <trkpt lat="37.4129763" lon="-121.9944018"><ele>66</ele><time>2026-07-13T23:44:15.013308Z</time></trkpt>
  <trkpt lat="37.4129686" lon="-121.9943864"><ele>67</ele><time>2026-07-13T23:44:15.113995Z</time></trkpt>
  <trkpt lat="37.4129613" lon="-121.9943707"><ele>67</ele><time>2026-07-13T23:44:15.214727Z</time></trkpt>
  <trkpt lat="37.4129547" lon="-121.9943548"><ele>68</ele><time>2026-07-13T23:44:15.315879Z</time></trkpt>
  <trkpt lat="37.4129488" lon="-121.9943383"><ele>68</ele><time>2026-07-13T23:44:15.417021Z</time></trkpt>
  <trkpt lat="37.4129434" lon="-121.9943217"><ele>69</ele><time>2026-07-13T23:44:15.517251Z</time></trkpt>
  <trkpt lat="37.4129389" lon="-121.9943049"><ele>69</ele><time>2026-07-13T23:44:15.617892Z</time></trkpt>
  <trkpt lat="37.4129354" lon="-121.9942878"><ele>69</ele><time>2026-07-13T23:44:15.718809Z</time></trkpt>
  <trkpt lat="37.4129326" lon="-121.9942709"><ele>69</ele><time>2026-07-13T23:44:15.799098Z</time></trkpt>
  <trkpt lat="37.4129311" lon="-121.9942542"><ele>70</ele><time>2026-07-13T23:44:15.899218Z</time></trkpt>
  <trkpt lat="37.4129309" lon="-121.9942379"><ele>70</ele><time>2026-07-13T23:44:15.999591Z</time></trkpt>
  <trkpt lat="37.4129314" lon="-121.9942219"><ele>70</ele><time>2026-07-13T23:44:16.100204Z</time></trkpt>
  <trkpt lat="37.4129331" lon="-121.9942063"><ele>70</ele><time>2026-07-13T23:44:16.200739Z</time></trkpt>
  <trkpt lat="37.4129331" lon="-121.9942063"><ele>70</ele><time>2026-07-13T23:44:16.215349Z</time></trkpt>
  <trkpt lat="37.4129356" lon="-121.9941911"><ele>70</ele><time>2026-07-13T23:44:16.300696Z</time></trkpt>
  <trkpt lat="37.4129385" lon="-121.9941761"><ele>70</ele><time>2026-07-13T23:44:16.401258Z</time></trkpt>
  <trkpt lat="37.4129417" lon="-121.9941611"><ele>69</ele><time>2026-07-13T23:44:16.501829Z</time></trkpt>
  <trkpt lat="37.4129452" lon="-121.9941460"><ele>69</ele><time>2026-07-13T23:44:16.602677Z</time></trkpt>
  <trkpt lat="37.4129494" lon="-121.9941313"><ele>69</ele><time>2026-07-13T23:44:16.703345Z</time></trkpt>
  <trkpt lat="37.4129542" lon="-121.9941170"><ele>69</ele><time>2026-07-13T23:44:16.804190Z</time></trkpt>
  <trkpt lat="37.4129596" lon="-121.9941030"><ele>69</ele><time>2026-07-13T23:44:16.904708Z</time></trkpt>
  <trkpt lat="37.4129655" lon="-121.9940898"><ele>68</ele><time>2026-07-13T23:44:17.005017Z</time></trkpt>
  <trkpt lat="37.4129721" lon="-121.9940773"><ele>68</ele><time>2026-07-13T23:44:17.105523Z</time></trkpt>
  <trkpt lat="37.4129790" lon="-121.9940652"><ele>68</ele><time>2026-07-13T23:44:17.206722Z</time></trkpt>
  <trkpt lat="37.4129862" lon="-121.9940540"><ele>68</ele><time>2026-07-13T23:44:17.306484Z</time></trkpt>
  <trkpt lat="37.4129937" lon="-121.9940434"><ele>68</ele><time>2026-07-13T23:44:17.406973Z</time></trkpt>
  <trkpt lat="37.4130010" lon="-121.9940344"><ele>68</ele><time>2026-07-13T23:44:17.507841Z</time></trkpt>
  <trkpt lat="37.4130082" lon="-121.9940270"><ele>68</ele><time>2026-07-13T23:44:17.608893Z</time></trkpt>
  <trkpt lat="37.4130149" lon="-121.9940207"><ele>68</ele><time>2026-07-13T23:44:17.709466Z</time></trkpt>
  <trkpt lat="37.4130212" lon="-121.9940154"><ele>68</ele><time>2026-07-13T23:44:17.809884Z</time></trkpt>
  <trkpt lat="37.4130271" lon="-121.9940113"><ele>69</ele><time>2026-07-13T23:44:17.910810Z</time></trkpt>
  <trkpt lat="37.4130326" lon="-121.9940080"><ele>69</ele><time>2026-07-13T23:44:18.011612Z</time></trkpt>
  <trkpt lat="37.4130379" lon="-121.9940055"><ele>69</ele><time>2026-07-13T23:44:18.112076Z</time></trkpt>
  <trkpt lat="37.4130428" lon="-121.9940039"><ele>70</ele><time>2026-07-13T23:44:18.212893Z</time></trkpt>
  <trkpt lat="37.4130473" lon="-121.9940030"><ele>70</ele><time>2026-07-13T23:44:18.312901Z</time></trkpt>
  <trkpt lat="37.4130473" lon="-121.9940030"><ele>70</ele><time>2026-07-13T23:44:18.380996Z</time></trkpt>
  <trkpt lat="37.4130517" lon="-121.9940029"><ele>70</ele><time>2026-07-13T23:44:18.413777Z</time></trkpt>
  <trkpt lat="37.4130558" lon="-121.9940033"><ele>71</ele><time>2026-07-13T23:44:18.514125Z</time></trkpt>
  <trkpt lat="37.4130599" lon="-121.9940045"><ele>71</ele><time>2026-07-13T23:44:18.614378Z</time></trkpt>
  <trkpt lat="37.4130635" lon="-121.9940064"><ele>71</ele><time>2026-07-13T23:44:18.714759Z</time></trkpt>
  <trkpt lat="37.4130665" lon="-121.9940089"><ele>71</ele><time>2026-07-13T23:44:18.815223Z</time></trkpt>
  <trkpt lat="37.4130692" lon="-121.9940119"><ele>71</ele><time>2026-07-13T23:44:18.896316Z</time></trkpt>
  <trkpt lat="37.4130713" lon="-121.9940154"><ele>71</ele><time>2026-07-13T23:44:18.997898Z</time></trkpt>
  <trkpt lat="37.4130733" lon="-121.9940195"><ele>71</ele><time>2026-07-13T23:44:19.098330Z</time></trkpt>
  <trkpt lat="37.4130751" lon="-121.9940241"><ele>70</ele><time>2026-07-13T23:44:19.198063Z</time></trkpt>
  <trkpt lat="37.4130765" lon="-121.9940291"><ele>70</ele><time>2026-07-13T23:44:19.298432Z</time></trkpt>
  <trkpt lat="37.4130777" lon="-121.9940345"><ele>70</ele><time>2026-07-13T23:44:19.398965Z</time></trkpt>
  <trkpt lat="37.4130782" lon="-121.9940403"><ele>69</ele><time>2026-07-13T23:44:19.499776Z</time></trkpt>
  <trkpt lat="37.4130778" lon="-121.9940468"><ele>69</ele><time>2026-07-13T23:44:19.600031Z</time></trkpt>
  <trkpt lat="37.4130764" lon="-121.9940541"><ele>68</ele><time>2026-07-13T23:44:19.700772Z</time></trkpt>
  <trkpt lat="37.4130746" lon="-121.9940621"><ele>68</ele><time>2026-07-13T23:44:19.801874Z</time></trkpt>
  <trkpt lat="37.4130729" lon="-121.9940706"><ele>67</ele><time>2026-07-13T23:44:19.902741Z</time></trkpt>
  <trkpt lat="37.4130711" lon="-121.9940793"><ele>67</ele><time>2026-07-13T23:44:20.004057Z</time></trkpt>
  <trkpt lat="37.4130694" lon="-121.9940880"><ele>66</ele><time>2026-07-13T23:44:20.105075Z</time></trkpt>
  <trkpt lat="37.4130675" lon="-121.9940968"><ele>66</ele><time>2026-07-13T23:44:20.206097Z</time></trkpt>
  <trkpt lat="37.4130653" lon="-121.9941053"><ele>65</ele><time>2026-07-13T23:44:20.307365Z</time></trkpt>
  <trkpt lat="37.4130632" lon="-121.9941136"><ele>64</ele><time>2026-07-13T23:44:20.407985Z</time></trkpt>
  <trkpt lat="37.4130616" lon="-121.9941222"><ele>63</ele><time>2026-07-13T23:44:20.508247Z</time></trkpt>
  <trkpt lat="37.4130616" lon="-121.9941222"><ele>63</ele><time>2026-07-13T23:44:20.536193Z</time></trkpt>
  <trkpt lat="37.4130609" lon="-121.9941320"><ele>62</ele><time>2026-07-13T23:44:20.609491Z</time></trkpt>
  <trkpt lat="37.4130611" lon="-121.9941425"><ele>61</ele><time>2026-07-13T23:44:20.709810Z</time></trkpt>
  <trkpt lat="37.4130622" lon="-121.9941538"><ele>61</ele><time>2026-07-13T23:44:20.810848Z</time></trkpt>
  <trkpt lat="37.4130638" lon="-121.9941651"><ele>61</ele><time>2026-07-13T23:44:20.911143Z</time></trkpt>
  <trkpt lat="37.4130656" lon="-121.9941761"><ele>61</ele><time>2026-07-13T23:44:21.011365Z</time></trkpt>
  <trkpt lat="37.4130671" lon="-121.9941860"><ele>62</ele><time>2026-07-13T23:44:21.112250Z</time></trkpt>
  <trkpt lat="37.4130690" lon="-121.9941955"><ele>62</ele><time>2026-07-13T23:44:21.192486Z</time></trkpt>
  <trkpt lat="37.4130709" lon="-121.9942048"><ele>63</ele><time>2026-07-13T23:44:21.313626Z</time></trkpt>
  <trkpt lat="37.4130732" lon="-121.9942143"><ele>63</ele><time>2026-07-13T23:44:21.393953Z</time></trkpt>
  <trkpt lat="37.4130751" lon="-121.9942237"><ele>64</ele><time>2026-07-13T23:44:21.494352Z</time></trkpt>
  <trkpt lat="37.4130772" lon="-121.9942333"><ele>64</ele><time>2026-07-13T23:44:21.595093Z</time></trkpt>
  <trkpt lat="37.4130789" lon="-121.9942425"><ele>64</ele><time>2026-07-13T23:44:21.696496Z</time></trkpt>
  <trkpt lat="37.4130809" lon="-121.9942522"><ele>64</ele><time>2026-07-13T23:44:21.796912Z</time></trkpt>
  <trkpt lat="37.4130830" lon="-121.9942620"><ele>64</ele><time>2026-07-13T23:44:21.897717Z</time></trkpt>
  <trkpt lat="37.4130851" lon="-121.9942719"><ele>64</ele><time>2026-07-13T23:44:21.997854Z</time></trkpt>
  <trkpt lat="37.4130866" lon="-121.9942817"><ele>64</ele><time>2026-07-13T23:44:22.098134Z</time></trkpt>
  <trkpt lat="37.4130881" lon="-121.9942916"><ele>64</ele><time>2026-07-13T23:44:22.199784Z</time></trkpt>
  <trkpt lat="37.4130894" lon="-121.9943015"><ele>64</ele><time>2026-07-13T23:44:22.299885Z</time></trkpt>
  <trkpt lat="37.4130910" lon="-121.9943114"><ele>63</ele><time>2026-07-13T23:44:22.400569Z</time></trkpt>
  <trkpt lat="37.4130929" lon="-121.9943215"><ele>63</ele><time>2026-07-13T23:44:22.501290Z</time></trkpt>
  <trkpt lat="37.4130953" lon="-121.9943315"><ele>63</ele><time>2026-07-13T23:44:22.601738Z</time></trkpt>
  <trkpt lat="37.4130953" lon="-121.9943315"><ele>63</ele><time>2026-07-13T23:44:22.696920Z</time></trkpt>
  <trkpt lat="37.4130982" lon="-121.9943412"><ele>63</ele><time>2026-07-13T23:44:22.702604Z</time></trkpt>
  <trkpt lat="37.4131014" lon="-121.9943507"><ele>63</ele><time>2026-07-13T23:44:22.803041Z</time></trkpt>
  <trkpt lat="37.4131047" lon="-121.9943597"><ele>63</ele><time>2026-07-13T23:44:22.903790Z</time></trkpt>
  <trkpt lat="37.4131084" lon="-121.9943683"><ele>63</ele><time>2026-07-13T23:44:23.004206Z</time></trkpt>
  <trkpt lat="37.4131121" lon="-121.9943765"><ele>64</ele><time>2026-07-13T23:44:23.104363Z</time></trkpt>
  <trkpt lat="37.4131158" lon="-121.9943841"><ele>64</ele><time>2026-07-13T23:44:23.204527Z</time></trkpt>
  <trkpt lat="37.4131197" lon="-121.9943910"><ele>64</ele><time>2026-07-13T23:44:23.305474Z</time></trkpt>
  <trkpt lat="37.4131237" lon="-121.9943975"><ele>65</ele><time>2026-07-13T23:44:23.405772Z</time></trkpt>
  <trkpt lat="37.4131272" lon="-121.9944036"><ele>66</ele><time>2026-07-13T23:44:23.506854Z</time></trkpt>
  <trkpt lat="37.4131308" lon="-121.9944094"><ele>66</ele><time>2026-07-13T23:44:23.607281Z</time></trkpt>
  <trkpt lat="37.4131344" lon="-121.9944150"><ele>67</ele><time>2026-07-13T23:44:23.708339Z</time></trkpt>
  <trkpt lat="37.4131381" lon="-121.9944205"><ele>67</ele><time>2026-07-13T23:44:23.809246Z</time></trkpt>
  <trkpt lat="37.4131420" lon="-121.9944259"><ele>68</ele><time>2026-07-13T23:44:23.909615Z</time></trkpt>
  <trkpt lat="37.4131471" lon="-121.9944317"><ele>68</ele><time>2026-07-13T23:44:24.010020Z</time></trkpt>
  <trkpt lat="37.4131514" lon="-121.9944375"><ele>68</ele><time>2026-07-13T23:44:24.091186Z</time></trkpt>
  <trkpt lat="37.4131553" lon="-121.9944437"><ele>69</ele><time>2026-07-13T23:44:24.190949Z</time></trkpt>
  <trkpt lat="37.4131581" lon="-121.9944501"><ele>69</ele><time>2026-07-13T23:44:24.291228Z</time></trkpt>
  <trkpt lat="37.4131603" lon="-121.9944566"><ele>70</ele><time>2026-07-13T23:44:24.391246Z</time></trkpt>
  <trkpt lat="37.4131621" lon="-121.9944638"><ele>70</ele><time>2026-07-13T23:44:24.491690Z</time></trkpt>
  <trkpt lat="37.4131622" lon="-121.9944707"><ele>70</ele><time>2026-07-13T23:44:24.591913Z</time></trkpt>
  <trkpt lat="37.4131617" lon="-121.9944783"><ele>70</ele><time>2026-07-13T23:44:24.692198Z</time></trkpt>
  <trkpt lat="37.4131604" lon="-121.9944865"><ele>70</ele><time>2026-07-13T23:44:24.793071Z</time></trkpt>
  <trkpt lat="37.4131604" lon="-121.9944865"><ele>70</ele><time>2026-07-13T23:44:24.857545Z</time></trkpt>
  <trkpt lat="37.4131584" lon="-121.9944951"><ele>70</ele><time>2026-07-13T23:44:24.893682Z</time></trkpt>
  <trkpt lat="37.4131558" lon="-121.9945037"><ele>70</ele><time>2026-07-13T23:44:24.994422Z</time></trkpt>
  <trkpt lat="37.4131526" lon="-121.9945127"><ele>70</ele><time>2026-07-13T23:44:25.094733Z</time></trkpt>
  <trkpt lat="37.4131496" lon="-121.9945220"><ele>70</ele><time>2026-07-13T23:44:25.195296Z</time></trkpt>
  <trkpt lat="37.4131468" lon="-121.9945316"><ele>70</ele><time>2026-07-13T23:44:25.295369Z</time></trkpt>
  <trkpt lat="37.4131441" lon="-121.9945411"><ele>69</ele><time>2026-07-13T23:44:25.396166Z</time></trkpt>
  <trkpt lat="37.4131414" lon="-121.9945504"><ele>69</ele><time>2026-07-13T23:44:25.496328Z</time></trkpt>
  <trkpt lat="37.4131385" lon="-121.9945598"><ele>68</ele><time>2026-07-13T23:44:25.596573Z</time></trkpt>
  <trkpt lat="37.4131356" lon="-121.9945695"><ele>67</ele><time>2026-07-13T23:44:25.697252Z</time></trkpt>
  <trkpt lat="37.4131333" lon="-121.9945798"><ele>66</ele><time>2026-07-13T23:44:25.797719Z</time></trkpt>
  <trkpt lat="37.4131316" lon="-121.9945908"><ele>66</ele><time>2026-07-13T23:44:25.898168Z</time></trkpt>
  <trkpt lat="37.4131306" lon="-121.9946025"><ele>65</ele><time>2026-07-13T23:44:25.998688Z</time></trkpt>
  <trkpt lat="37.4131304" lon="-121.9946146"><ele>65</ele><time>2026-07-13T23:44:26.099444Z</time></trkpt>
  <trkpt lat="37.4131310" lon="-121.9946269"><ele>65</ele><time>2026-07-13T23:44:26.198988Z</time></trkpt>
  <trkpt lat="37.4131324" lon="-121.9946389"><ele>65</ele><time>2026-07-13T23:44:26.299653Z</time></trkpt>
  <trkpt lat="37.4131343" lon="-121.9946504"><ele>65</ele><time>2026-07-13T23:44:26.399954Z</time></trkpt>
  <trkpt lat="37.4131366" lon="-121.9946617"><ele>66</ele><time>2026-07-13T23:44:26.500428Z</time></trkpt>
  <trkpt lat="37.4131392" lon="-121.9946724"><ele>66</ele><time>2026-07-13T23:44:26.601012Z</time></trkpt>
  <trkpt lat="37.4131423" lon="-121.9946826"><ele>66</ele><time>2026-07-13T23:44:26.701562Z</time></trkpt>
  <trkpt lat="37.4131458" lon="-121.9946923"><ele>67</ele><time>2026-07-13T23:44:26.802020Z</time></trkpt>
  <trkpt lat="37.4131496" lon="-121.9947019"><ele>67</ele><time>2026-07-13T23:44:26.902277Z</time></trkpt>
  <trkpt lat="37.4131537" lon="-121.9947110"><ele>67</ele><time>2026-07-13T23:44:27.002561Z</time></trkpt>
  <trkpt lat="37.4131537" lon="-121.9947110"><ele>67</ele><time>2026-07-13T23:44:27.020123Z</time></trkpt>
  <trkpt lat="37.4131579" lon="-121.9947196"><ele>67</ele><time>2026-07-13T23:44:27.103674Z</time></trkpt>
  <trkpt lat="37.4131624" lon="-121.9947277"><ele>68</ele><time>2026-07-13T23:44:27.204616Z</time></trkpt>
  <trkpt lat="37.4131667" lon="-121.9947357"><ele>68</ele><time>2026-07-13T23:44:27.304830Z</time></trkpt>
  <trkpt lat="37.4131713" lon="-121.9947438"><ele>69</ele><time>2026-07-13T23:44:27.404923Z</time></trkpt>
  <trkpt lat="37.4131755" lon="-121.9947519"><ele>69</ele><time>2026-07-13T23:44:27.505632Z</time></trkpt>
  <trkpt lat="37.4131793" lon="-121.9947603"><ele>70</ele><time>2026-07-13T23:44:27.586943Z</time></trkpt>
  <trkpt lat="37.4131822" lon="-121.9947683"><ele>70</ele><time>2026-07-13T23:44:27.687940Z</time></trkpt>
  <trkpt lat="37.4131849" lon="-121.9947765"><ele>71</ele><time>2026-07-13T23:44:27.787659Z</time></trkpt>
  <trkpt lat="37.4131869" lon="-121.9947848"><ele>71</ele><time>2026-07-13T23:44:27.887954Z</time></trkpt>
  <trkpt lat="37.4131876" lon="-121.9947930"><ele>72</ele><time>2026-07-13T23:44:27.988458Z</time></trkpt>
  <trkpt lat="37.4131868" lon="-121.9948012"><ele>72</ele><time>2026-07-13T23:44:28.088862Z</time></trkpt>
  <trkpt lat="37.4131845" lon="-121.9948092"><ele>73</ele><time>2026-07-13T23:44:28.189319Z</time></trkpt>
  <trkpt lat="37.4131805" lon="-121.9948163"><ele>74</ele><time>2026-07-13T23:44:28.289733Z</time></trkpt>
  <trkpt lat="37.4131751" lon="-121.9948229"><ele>74</ele><time>2026-07-13T23:44:28.390343Z</time></trkpt>
  <trkpt lat="37.4131687" lon="-121.9948293"><ele>75</ele><time>2026-07-13T23:44:28.491045Z</time></trkpt>
  <trkpt lat="37.4131613" lon="-121.9948352"><ele>75</ele><time>2026-07-13T23:44:28.591954Z</time></trkpt>
  <trkpt lat="37.4131532" lon="-121.9948408"><ele>76</ele><time>2026-07-13T23:44:28.692151Z</time></trkpt>
  <trkpt lat="37.4131445" lon="-121.9948459"><ele>76</ele><time>2026-07-13T23:44:28.792547Z</time></trkpt>
  <trkpt lat="37.4131354" lon="-121.9948505"><ele>76</ele><time>2026-07-13T23:44:28.893806Z</time></trkpt>
  <trkpt lat="37.4131258" lon="-121.9948549"><ele>77</ele><time>2026-07-13T23:44:28.994775Z</time></trkpt>
  <trkpt lat="37.4131162" lon="-121.9948589"><ele>77</ele><time>2026-07-13T23:44:29.095645Z</time></trkpt>
  <trkpt lat="37.4131162" lon="-121.9948589"><ele>77</ele><time>2026-07-13T23:44:29.180460Z</time></trkpt>
  <trkpt lat="37.4131061" lon="-121.9948624"><ele>77</ele><time>2026-07-13T23:44:29.196908Z</time></trkpt>
  <trkpt lat="37.4130958" lon="-121.9948655"><ele>78</ele><time>2026-07-13T23:44:29.297836Z</time></trkpt>
  <trkpt lat="37.4130854" lon="-121.9948683"><ele>78</ele><time>2026-07-13T23:44:29.398256Z</time></trkpt>
  <trkpt lat="37.4130749" lon="-121.9948710"><ele>78</ele><time>2026-07-13T23:44:29.499401Z</time></trkpt>
  <trkpt lat="37.4130641" lon="-121.9948733"><ele>79</ele><time>2026-07-13T23:44:29.599821Z</time></trkpt>
  <trkpt lat="37.4130533" lon="-121.9948754"><ele>79</ele><time>2026-07-13T23:44:29.700613Z</time></trkpt>
  <trkpt lat="37.4130424" lon="-121.9948772"><ele>80</ele><time>2026-07-13T23:44:29.801225Z</time></trkpt>
  <trkpt lat="37.4130312" lon="-121.9948784"><ele>80</ele><time>2026-07-13T23:44:29.902238Z</time></trkpt>
  <trkpt lat="37.4130199" lon="-121.9948790"><ele>80</ele><time>2026-07-13T23:44:30.002907Z</time></trkpt>
  <trkpt lat="37.4130089" lon="-121.9948795"><ele>81</ele><time>2026-07-13T23:44:30.104053Z</time></trkpt>
  <trkpt lat="37.4129977" lon="-121.9948797"><ele>81</ele><time>2026-07-13T23:44:30.203354Z</time></trkpt>
  <trkpt lat="37.4129862" lon="-121.9948796"><ele>81</ele><time>2026-07-13T23:44:30.283986Z</time></trkpt>
  <trkpt lat="37.4129739" lon="-121.9948792"><ele>82</ele><time>2026-07-13T23:44:30.385809Z</time></trkpt>
  <trkpt lat="37.4129616" lon="-121.9948784"><ele>82</ele><time>2026-07-13T23:44:30.486481Z</time></trkpt>
  <trkpt lat="37.4129490" lon="-121.9948771"><ele>83</ele><time>2026-07-13T23:44:30.587680Z</time></trkpt>
  <trkpt lat="37.4129364" lon="-121.9948756"><ele>83</ele><time>2026-07-13T23:44:30.688107Z</time></trkpt>
  <trkpt lat="37.4129244" lon="-121.9948741"><ele>83</ele><time>2026-07-13T23:44:30.788146Z</time></trkpt>
  <trkpt lat="37.4129122" lon="-121.9948723"><ele>84</ele><time>2026-07-13T23:44:30.888318Z</time></trkpt>
  <trkpt lat="37.4128998" lon="-121.9948711"><ele>84</ele><time>2026-07-13T23:44:30.988761Z</time></trkpt>
  <trkpt lat="37.4128866" lon="-121.9948700"><ele>84</ele><time>2026-07-13T23:44:31.088854Z</time></trkpt>
  <trkpt lat="37.4128729" lon="-121.9948681"><ele>84</ele><time>2026-07-13T23:44:31.189879Z</time></trkpt>
  <trkpt lat="37.4128595" lon="-121.9948655"><ele>85</ele><time>2026-07-13T23:44:31.290043Z</time></trkpt>
  <trkpt lat="37.4128595" lon="-121.9948655"><ele>85</ele><time>2026-07-13T23:44:31.318485Z</time></trkpt>
  <trkpt lat="37.4128464" lon="-121.9948606"><ele>85</ele><time>2026-07-13T23:44:31.390081Z</time></trkpt>
  <trkpt lat="37.4128332" lon="-121.9948545"><ele>85</ele><time>2026-07-13T23:44:31.490743Z</time></trkpt>
  <trkpt lat="37.4128197" lon="-121.9948471"><ele>86</ele><time>2026-07-13T23:44:31.591742Z</time></trkpt>
  <trkpt lat="37.4128063" lon="-121.9948377"><ele>86</ele><time>2026-07-13T23:44:31.692392Z</time></trkpt>
  <trkpt lat="37.4127935" lon="-121.9948252"><ele>87</ele><time>2026-07-13T23:44:31.792631Z</time></trkpt>
  <trkpt lat="37.4127820" lon="-121.9948103"><ele>87</ele><time>2026-07-13T23:44:31.893336Z</time></trkpt>
  <trkpt lat="37.4127712" lon="-121.9947939"><ele>87</ele><time>2026-07-13T23:44:31.993935Z</time></trkpt>
  <trkpt lat="37.4127599" lon="-121.9947763"><ele>87</ele><time>2026-07-13T23:44:32.094905Z</time></trkpt>
  <trkpt lat="37.4127499" lon="-121.9947579"><ele>87</ele><time>2026-07-13T23:44:32.195004Z</time></trkpt>
  <trkpt lat="37.4127413" lon="-121.9947399"><ele>86</ele><time>2026-07-13T23:44:32.295422Z</time></trkpt>
  <trkpt lat="37.4127340" lon="-121.9947218"><ele>85</ele><time>2026-07-13T23:44:32.396378Z</time></trkpt>
  <trkpt lat="37.4127275" lon="-121.9947046"><ele>84</ele><time>2026-07-13T23:44:32.496742Z</time></trkpt>
  <trkpt lat="37.4127226" lon="-121.9946901"><ele>83</ele><time>2026-07-13T23:44:32.597358Z</time></trkpt>
  <trkpt lat="37.4127178" lon="-121.9946789"><ele>82</ele><time>2026-07-13T23:44:32.697468Z</time></trkpt>
  <trkpt lat="37.4127143" lon="-121.9946723"><ele>81</ele><time>2026-07-13T23:44:32.797721Z</time></trkpt>
  <trkpt lat="37.4127137" lon="-121.9946717"><ele>80</ele><time>2026-07-13T23:44:32.898435Z</time></trkpt>
  <trkpt lat="37.4127131" lon="-121.9946756"><ele>78</ele><time>2026-07-13T23:44:32.998854Z</time></trkpt>
  <trkpt lat="37.4127133" lon="-121.9946832"><ele>77</ele><time>2026-07-13T23:44:33.099227Z</time></trkpt>
  <trkpt lat="37.4127161" lon="-121.9946954"><ele>75</ele><time>2026-07-13T23:44:33.179625Z</time></trkpt>
  <trkpt lat="37.4127142" lon="-121.9947074"><ele>74</ele><time>2026-07-13T23:44:33.300346Z</time></trkpt>
  <trkpt lat="37.4127123" lon="-121.9947208"><ele>74</ele><time>2026-07-13T23:44:33.380689Z</time></trkpt>
  <trkpt lat="37.4127123" lon="-121.9947208"><ele>74</ele><time>2026-07-13T23:44:33.467275Z</time></trkpt>
  <trkpt lat="37.4127105" lon="-121.9947373"><ele>74</ele><time>2026-07-13T23:44:33.481187Z</time></trkpt>
  <trkpt lat="37.4127094" lon="-121.9947547"><ele>73</ele><time>2026-07-13T23:44:33.581319Z</time></trkpt>
  <trkpt lat="37.4127054" lon="-121.9947699"><ele>73</ele><time>2026-07-13T23:44:33.681950Z</time></trkpt>
  <trkpt lat="37.4127007" lon="-121.9947837"><ele>73</ele><time>2026-07-13T23:44:33.782729Z</time></trkpt>
  <trkpt lat="37.4126963" lon="-121.9947968"><ele>72</ele><time>2026-07-13T23:44:33.883455Z</time></trkpt>
  <trkpt lat="37.4126919" lon="-121.9948089"><ele>72</ele><time>2026-07-13T23:44:33.984240Z</time></trkpt>
  <trkpt lat="37.4126867" lon="-121.9948190"><ele>72</ele><time>2026-07-13T23:44:34.085011Z</time></trkpt>
  <trkpt lat="37.4126806" lon="-121.9948292"><ele>72</ele><time>2026-07-13T23:44:34.185557Z</time></trkpt>
  <trkpt lat="37.4126779" lon="-121.9948433"><ele>72</ele><time>2026-07-13T23:44:34.286375Z</time></trkpt>
  <trkpt lat="37.4126746" lon="-121.9948573"><ele>72</ele><time>2026-07-13T23:44:34.387330Z</time></trkpt>
  <trkpt lat="37.4126695" lon="-121.9948691"><ele>72</ele><time>2026-07-13T23:44:34.487637Z</time></trkpt>
  <trkpt lat="37.4126650" lon="-121.9948822"><ele>72</ele><time>2026-07-13T23:44:34.588844Z</time></trkpt>
  <trkpt lat="37.4126625" lon="-121.9948941"><ele>72</ele><time>2026-07-13T23:44:34.689338Z</time></trkpt>
  <trkpt lat="37.4126622" lon="-121.9949062"><ele>72</ele><time>2026-07-13T23:44:34.789910Z</time></trkpt>
  <trkpt lat="37.4126607" lon="-121.9949175"><ele>73</ele><time>2026-07-13T23:44:34.891003Z</time></trkpt>
  <trkpt lat="37.4126567" lon="-121.9949284"><ele>74</ele><time>2026-07-13T23:44:34.991527Z</time></trkpt>
  <trkpt lat="37.4126536" lon="-121.9949419"><ele>74</ele><time>2026-07-13T23:44:35.092378Z</time></trkpt>
  <trkpt lat="37.4126525" lon="-121.9949563"><ele>74</ele><time>2026-07-13T23:44:35.193264Z</time></trkpt>
  <trkpt lat="37.4126531" lon="-121.9949702"><ele>74</ele><time>2026-07-13T23:44:35.294201Z</time></trkpt>
  <trkpt lat="37.4126555" lon="-121.9949831"><ele>74</ele><time>2026-07-13T23:44:35.395327Z</time></trkpt>
  <trkpt lat="37.4126586" lon="-121.9949957"><ele>74</ele><time>2026-07-13T23:44:35.496157Z</time></trkpt>
  <trkpt lat="37.4126633" lon="-121.9950095"><ele>74</ele><time>2026-07-13T23:44:35.597467Z</time></trkpt>
  <trkpt lat="37.4126633" lon="-121.9950095"><ele>74</ele><time>2026-07-13T23:44:35.618077Z</time></trkpt>
  <trkpt lat="37.4126664" lon="-121.9950221"><ele>74</ele><time>2026-07-13T23:44:35.678588Z</time></trkpt>
  <trkpt lat="37.4126705" lon="-121.9950344"><ele>74</ele><time>2026-07-13T23:44:35.779336Z</time></trkpt>
  <trkpt lat="37.4126753" lon="-121.9950457"><ele>73</ele><time>2026-07-13T23:44:35.879909Z</time></trkpt>
  <trkpt lat="37.4126815" lon="-121.9950558"><ele>74</ele><time>2026-07-13T23:44:35.980236Z</time></trkpt>
  <trkpt lat="37.4126880" lon="-121.9950653"><ele>74</ele><time>2026-07-13T23:44:36.081601Z</time></trkpt>
  <trkpt lat="37.4126952" lon="-121.9950753"><ele>74</ele><time>2026-07-13T23:44:36.182021Z</time></trkpt>
  <trkpt lat="37.4127007" lon="-121.9950841"><ele>73</ele><time>2026-07-13T23:44:36.281809Z</time></trkpt>
  <trkpt lat="37.4127069" lon="-121.9950926"><ele>73</ele><time>2026-07-13T23:44:36.382614Z</time></trkpt>
  <trkpt lat="37.4127125" lon="-121.9950983"><ele>73</ele><time>2026-07-13T23:44:36.483088Z</time></trkpt>
  <trkpt lat="37.4127182" lon="-121.9951045"><ele>74</ele><time>2026-07-13T23:44:36.583873Z</time></trkpt>
  <trkpt lat="37.4127250" lon="-121.9951120"><ele>75</ele><time>2026-07-13T23:44:36.684620Z</time></trkpt>
  <trkpt lat="37.4127324" lon="-121.9951206"><ele>75</ele><time>2026-07-13T23:44:36.785299Z</time></trkpt>
  <trkpt lat="37.4127379" lon="-121.9951280"><ele>75</ele><time>2026-07-13T23:44:36.885844Z</time></trkpt>
  <trkpt lat="37.4127448" lon="-121.9951351"><ele>75</ele><time>2026-07-13T23:44:36.986146Z</time></trkpt>
  <trkpt lat="37.4127514" lon="-121.9951408"><ele>75</ele><time>2026-07-13T23:44:37.086826Z</time></trkpt>
  <trkpt lat="37.4127578" lon="-121.9951453"><ele>75</ele><time>2026-07-13T23:44:37.187670Z</time></trkpt>
  <trkpt lat="37.4127642" lon="-121.9951484"><ele>76</ele><time>2026-07-13T23:44:37.288344Z</time></trkpt>
  <trkpt lat="37.4127724" lon="-121.9951550"><ele>76</ele><time>2026-07-13T23:44:37.389594Z</time></trkpt>
  <trkpt lat="37.4127805" lon="-121.9951613"><ele>77</ele><time>2026-07-13T23:44:37.490873Z</time></trkpt>
  <trkpt lat="37.4127877" lon="-121.9951675"><ele>76</ele><time>2026-07-13T23:44:37.591574Z</time></trkpt>
  <trkpt lat="37.4127958" lon="-121.9951725"><ele>76</ele><time>2026-07-13T23:44:37.692358Z</time></trkpt>
  <trkpt lat="37.4127958" lon="-121.9951725"><ele>76</ele><time>2026-07-13T23:44:37.769573Z</time></trkpt>
  <trkpt lat="37.4128037" lon="-121.9951763"><ele>76</ele><time>2026-07-13T23:44:37.793016Z</time></trkpt>
  <trkpt lat="37.4128111" lon="-121.9951768"><ele>76</ele><time>2026-07-13T23:44:37.893894Z</time></trkpt>
  <trkpt lat="37.4128196" lon="-121.9951780"><ele>77</ele><time>2026-07-13T23:44:37.994333Z</time></trkpt>
  <trkpt lat="37.4128282" lon="-121.9951812"><ele>77</ele><time>2026-07-13T23:44:38.094907Z</time></trkpt>
  <trkpt lat="37.4128365" lon="-121.9951848"><ele>77</ele><time>2026-07-13T23:44:38.195140Z</time></trkpt>
  <trkpt lat="37.4128453" lon="-121.9951871"><ele>76</ele><time>2026-07-13T23:44:38.295879Z</time></trkpt>
  <trkpt lat="37.4128539" lon="-121.9951881"><ele>76</ele><time>2026-07-13T23:44:38.376974Z</time></trkpt>
  <trkpt lat="37.4128618" lon="-121.9951869"><ele>77</ele><time>2026-07-13T23:44:38.477334Z</time></trkpt>
  <trkpt lat="37.4128700" lon="-121.9951845"><ele>77</ele><time>2026-07-13T23:44:38.577812Z</time></trkpt>
  <trkpt lat="37.4128789" lon="-121.9951840"><ele>78</ele><time>2026-07-13T23:44:38.678558Z</time></trkpt>
  <trkpt lat="37.4128894" lon="-121.9951862"><ele>78</ele><time>2026-07-13T23:44:38.779099Z</time></trkpt>
  <trkpt lat="37.4129012" lon="-121.9951915"><ele>77</ele><time>2026-07-13T23:44:38.879770Z</time></trkpt>
  <trkpt lat="37.4129116" lon="-121.9951933"><ele>77</ele><time>2026-07-13T23:44:38.980005Z</time></trkpt>
  <trkpt lat="37.4129212" lon="-121.9951929"><ele>76</ele><time>2026-07-13T23:44:39.081085Z</time></trkpt>
  <trkpt lat="37.4129296" lon="-121.9951897"><ele>76</ele><time>2026-07-13T23:44:39.181461Z</time></trkpt>
  <trkpt lat="37.4129370" lon="-121.9951840"><ele>77</ele><time>2026-07-13T23:44:39.282621Z</time></trkpt>
  <trkpt lat="37.4129456" lon="-121.9951795"><ele>77</ele><time>2026-07-13T23:44:39.383574Z</time></trkpt>
  <trkpt lat="37.4129544" lon="-121.9951747"><ele>77</ele><time>2026-07-13T23:44:39.484683Z</time></trkpt>
  <trkpt lat="37.4129629" lon="-121.9951695"><ele>77</ele><time>2026-07-13T23:44:39.585213Z</time></trkpt>
  <trkpt lat="37.4129714" lon="-121.9951634"><ele>77</ele><time>2026-07-13T23:44:39.686088Z</time></trkpt>
  <trkpt lat="37.4129783" lon="-121.9951560"><ele>77</ele><time>2026-07-13T23:44:39.786343Z</time></trkpt>
  <trkpt lat="37.4129832" lon="-121.9951458"><ele>78</ele><time>2026-07-13T23:44:39.887749Z</time></trkpt>
  <trkpt lat="37.4129832" lon="-121.9951458"><ele>78</ele><time>2026-07-13T23:44:39.918277Z</time></trkpt>
  <trkpt lat="37.4129873" lon="-121.9951347"><ele>79</ele><time>2026-07-13T23:44:39.988748Z</time></trkpt>
  <trkpt lat="37.4129905" lon="-121.9951231"><ele>80</ele><time>2026-07-13T23:44:40.089250Z</time></trkpt>
  <trkpt lat="37.4129954" lon="-121.9951123"><ele>80</ele><time>2026-07-13T23:44:40.190180Z</time></trkpt>
  <trkpt lat="37.4130021" lon="-121.9951026"><ele>80</ele><time>2026-07-13T23:44:40.290451Z</time></trkpt>
  <trkpt lat="37.4130083" lon="-121.9950913"><ele>81</ele><time>2026-07-13T23:44:40.391160Z</time></trkpt>
  <trkpt lat="37.4130130" lon="-121.9950787"><ele>81</ele><time>2026-07-13T23:44:40.491528Z</time></trkpt>
  <trkpt lat="37.4130164" lon="-121.9950653"><ele>82</ele><time>2026-07-13T23:44:40.592736Z</time></trkpt>
  <trkpt lat="37.4130188" lon="-121.9950515"><ele>83</ele><time>2026-07-13T23:44:40.693349Z</time></trkpt>
  <trkpt lat="37.4130194" lon="-121.9950369"><ele>83</ele><time>2026-07-13T23:44:40.773590Z</time></trkpt>
  <trkpt lat="37.4130185" lon="-121.9950210"><ele>85</ele><time>2026-07-13T23:44:40.874068Z</time></trkpt>
  <trkpt lat="37.4130173" lon="-121.9950053"><ele>86</ele><time>2026-07-13T23:44:40.974530Z</time></trkpt>
  <trkpt lat="37.4130175" lon="-121.9949908"><ele>86</ele><time>2026-07-13T23:44:41.075435Z</time></trkpt>
  <trkpt lat="37.4130193" lon="-121.9949768"><ele>87</ele><time>2026-07-13T23:44:41.175789Z</time></trkpt>
  <trkpt lat="37.4130211" lon="-121.9949625"><ele>88</ele><time>2026-07-13T23:44:41.276488Z</time></trkpt>
  <trkpt lat="37.4130209" lon="-121.9949468"><ele>89</ele><time>2026-07-13T23:44:41.377649Z</time></trkpt>
  <trkpt lat="37.4130193" lon="-121.9949306"><ele>89</ele><time>2026-07-13T23:44:41.479100Z</time></trkpt>
  <trkpt lat="37.4130161" lon="-121.9949143"><ele>90</ele><time>2026-07-13T23:44:41.579832Z</time></trkpt>
  <trkpt lat="37.4130110" lon="-121.9948983"><ele>91</ele><time>2026-07-13T23:44:41.680307Z</time></trkpt>
  <trkpt lat="37.4130049" lon="-121.9948831"><ele>91</ele><time>2026-07-13T23:44:41.781626Z</time></trkpt>
  <trkpt lat="37.4129980" lon="-121.9948687"><ele>92</ele><time>2026-07-13T23:44:41.882675Z</time></trkpt>
  <trkpt lat="37.4129902" lon="-121.9948543"><ele>93</ele><time>2026-07-13T23:44:41.983008Z</time></trkpt>
  <trkpt lat="37.4129902" lon="-121.9948543"><ele>93</ele><time>2026-07-13T23:44:42.067123Z</time></trkpt>
  <trkpt lat="37.4129813" lon="-121.9948402"><ele>94</ele><time>2026-07-13T23:44:42.083393Z</time></trkpt>
  <trkpt lat="37.4129715" lon="-121.9948264"><ele>94</ele><time>2026-07-13T23:44:42.184204Z</time></trkpt>
  <trkpt lat="37.4129607" lon="-121.9948134"><ele>95</ele><time>2026-07-13T23:44:42.284758Z</time></trkpt>
  <trkpt lat="37.4129485" lon="-121.9948019"><ele>95</ele><time>2026-07-13T23:44:42.385892Z</time></trkpt>
  <trkpt lat="37.4129357" lon="-121.9947920"><ele>96</ele><time>2026-07-13T23:44:42.486606Z</time></trkpt>
  <trkpt lat="37.4129221" lon="-121.9947840"><ele>96</ele><time>2026-07-13T23:44:42.587695Z</time></trkpt>
  <trkpt lat="37.4129085" lon="-121.9947785"><ele>97</ele><time>2026-07-13T23:44:42.689378Z</time></trkpt>
  <trkpt lat="37.4128955" lon="-121.9947753"><ele>97</ele><time>2026-07-13T23:44:42.790415Z</time></trkpt>
  <trkpt lat="37.4128829" lon="-121.9947736"><ele>98</ele><time>2026-07-13T23:44:42.891044Z</time></trkpt>
  <trkpt lat="37.4128710" lon="-121.9947735"><ele>98</ele><time>2026-07-13T23:44:42.991594Z</time></trkpt>
  <trkpt lat="37.4128594" lon="-121.9947746"><ele>99</ele><time>2026-07-13T23:44:43.092166Z</time></trkpt>
  <trkpt lat="37.4128461" lon="-121.9947753"><ele>99</ele><time>2026-07-13T23:44:43.192296Z</time></trkpt>
  <trkpt lat="37.4128325" lon="-121.9947760"><ele>98</ele><time>2026-07-13T23:44:43.293526Z</time></trkpt>
  <trkpt lat="37.4128187" lon="-121.9947770"><ele>98</ele><time>2026-07-13T23:44:43.394539Z</time></trkpt>
  <trkpt lat="37.4128045" lon="-121.9947782"><ele>98</ele><time>2026-07-13T23:44:43.495112Z</time></trkpt>
  <trkpt lat="37.4127918" lon="-121.9947815"><ele>98</ele><time>2026-07-13T23:44:43.576126Z</time></trkpt>
  <trkpt lat="37.4127813" lon="-121.9947862"><ele>99</ele><time>2026-07-13T23:44:43.676235Z</time></trkpt>
  <trkpt lat="37.4127724" lon="-121.9947915"><ele>99</ele><time>2026-07-13T23:44:43.776913Z</time></trkpt>
  <trkpt lat="37.4127633" lon="-121.9947972"><ele>99</ele><time>2026-07-13T23:44:43.877132Z</time></trkpt>
  <trkpt lat="37.4127522" lon="-121.9948023"><ele>99</ele><time>2026-07-13T23:44:43.977968Z</time></trkpt>
  <trkpt lat="37.4127402" lon="-121.9948075"><ele>99</ele><time>2026-07-13T23:44:44.078540Z</time></trkpt>
  <trkpt lat="37.4127283" lon="-121.9948131"><ele>99</ele><time>2026-07-13T23:44:44.179320Z</time></trkpt>
  <trkpt lat="37.4127283" lon="-121.9948131"><ele>99</ele><time>2026-07-13T23:44:44.220404Z</time></trkpt>
  <trkpt lat="37.4127168" lon="-121.9948198"><ele>98</ele><time>2026-07-13T23:44:44.280413Z</time></trkpt>
  <trkpt lat="37.4127067" lon="-121.9948270"><ele>99</ele><time>2026-07-13T23:44:44.381414Z</time></trkpt>
  <trkpt lat="37.4126981" lon="-121.9948345"><ele>99</ele><time>2026-07-13T23:44:44.481798Z</time></trkpt>
  <trkpt lat="37.4126909" lon="-121.9948416"><ele>99</ele><time>2026-07-13T23:44:44.582503Z</time></trkpt>
  <trkpt lat="37.4126837" lon="-121.9948474"><ele>100</ele><time>2026-07-13T23:44:44.681938Z</time></trkpt>
  <trkpt lat="37.4126772" lon="-121.9948544"><ele>101</ele><time>2026-07-13T23:44:44.782221Z</time></trkpt>
  <trkpt lat="37.4126707" lon="-121.9948636"><ele>101</ele><time>2026-07-13T23:44:44.883113Z</time></trkpt>
  <trkpt lat="37.4126633" lon="-121.9948732"><ele>101</ele><time>2026-07-13T23:44:44.983843Z</time></trkpt>
  <trkpt lat="37.4126574" lon="-121.9948830"><ele>101</ele><time>2026-07-13T23:44:45.084973Z</time></trkpt>
  <trkpt lat="37.4126530" lon="-121.9948916"><ele>101</ele><time>2026-07-13T23:44:45.185451Z</time></trkpt>
  <trkpt lat="37.4126506" lon="-121.9948998"><ele>102</ele><time>2026-07-13T23:44:45.285923Z</time></trkpt>
  <trkpt lat="37.4126485" lon="-121.9949095"><ele>102</ele><time>2026-07-13T23:44:45.386337Z</time></trkpt>
  <trkpt lat="37.4126454" lon="-121.9949206"><ele>102</ele><time>2026-07-13T23:44:45.486956Z</time></trkpt>
  <trkpt lat="37.4126414" lon="-121.9949314"><ele>102</ele><time>2026-07-13T23:44:45.587129Z</time></trkpt>
  <trkpt lat="37.4126382" lon="-121.9949422"><ele>102</ele><time>2026-07-13T23:44:45.687700Z</time></trkpt>
  <trkpt lat="37.4126367" lon="-121.9949515"><ele>102</ele><time>2026-07-13T23:44:45.788506Z</time></trkpt>
  <trkpt lat="37.4126371" lon="-121.9949590"><ele>103</ele><time>2026-07-13T23:44:45.889248Z</time></trkpt>
  <trkpt lat="37.4126371" lon="-121.9949662"><ele>103</ele><time>2026-07-13T23:44:45.989743Z</time></trkpt>
  <trkpt lat="37.4126361" lon="-121.9949731"><ele>103</ele><time>2026-07-13T23:44:46.090018Z</time></trkpt>
  <trkpt lat="37.4126344" lon="-121.9949801"><ele>103</ele><time>2026-07-13T23:44:46.190903Z</time></trkpt>
  <trkpt lat="37.4126335" lon="-121.9949887"><ele>103</ele><time>2026-07-13T23:44:46.291787Z</time></trkpt>
  <trkpt lat="37.4126335" lon="-121.9949887"><ele>103</ele><time>2026-07-13T23:44:46.373731Z</time></trkpt>
  <trkpt lat="37.4126338" lon="-121.9949980"><ele>103</ele><time>2026-07-13T23:44:46.393216Z</time></trkpt>
  <trkpt lat="37.4126339" lon="-121.9950057"><ele>103</ele><time>2026-07-13T23:44:46.473640Z</time></trkpt>
  <trkpt lat="37.4126355" lon="-121.9950123"><ele>103</ele><time>2026-07-13T23:44:46.573557Z</time></trkpt>
  <trkpt lat="37.4126380" lon="-121.9950197"><ele>104</ele><time>2026-07-13T23:44:46.674255Z</time></trkpt>
  <trkpt lat="37.4126401" lon="-121.9950285"><ele>104</ele><time>2026-07-13T23:44:46.774614Z</time></trkpt>
  <trkpt lat="37.4126409" lon="-121.9950371"><ele>104</ele><time>2026-07-13T23:44:46.875503Z</time></trkpt>
  <trkpt lat="37.4126424" lon="-121.9950452"><ele>103</ele><time>2026-07-13T23:44:46.975819Z</time></trkpt>
  <trkpt lat="37.4126451" lon="-121.9950530"><ele>103</ele><time>2026-07-13T23:44:47.076345Z</time></trkpt>
  <trkpt lat="37.4126484" lon="-121.9950597"><ele>103</ele><time>2026-07-13T23:44:47.176685Z</time></trkpt>
  <trkpt lat="37.4126519" lon="-121.9950651"><ele>104</ele><time>2026-07-13T23:44:47.277615Z</time></trkpt>
  <trkpt lat="37.4126542" lon="-121.9950712"><ele>104</ele><time>2026-07-13T23:44:47.377621Z</time></trkpt>
  <trkpt lat="37.4126554" lon="-121.9950778"><ele>104</ele><time>2026-07-13T23:44:47.477900Z</time></trkpt>
  <trkpt lat="37.4126573" lon="-121.9950863"><ele>104</ele><time>2026-07-13T23:44:47.578583Z</time></trkpt>
  <trkpt lat="37.4126616" lon="-121.9950957"><ele>103</ele><time>2026-07-13T23:44:47.678556Z</time></trkpt>
  <trkpt lat="37.4126665" lon="-121.9951019"><ele>102</ele><time>2026-07-13T23:44:47.779840Z</time></trkpt>
  <trkpt lat="37.4126724" lon="-121.9951061"><ele>102</ele><time>2026-07-13T23:44:47.881071Z</time></trkpt>
  <trkpt lat="37.4126781" lon="-121.9951099"><ele>103</ele><time>2026-07-13T23:44:47.982270Z</time></trkpt>
  <trkpt lat="37.4126825" lon="-121.9951142"><ele>103</ele><time>2026-07-13T23:44:48.082400Z</time></trkpt>
  <trkpt lat="37.4126864" lon="-121.9951202"><ele>102</ele><time>2026-07-13T23:44:48.183123Z</time></trkpt>
  <trkpt lat="37.4126917" lon="-121.9951275"><ele>101</ele><time>2026-07-13T23:44:48.283801Z</time></trkpt>
  <trkpt lat="37.4126976" lon="-121.9951330"><ele>100</ele><time>2026-07-13T23:44:48.384300Z</time></trkpt>
  <trkpt lat="37.4127040" lon="-121.9951365"><ele>100</ele><time>2026-07-13T23:44:48.484671Z</time></trkpt>
  <trkpt lat="37.4127040" lon="-121.9951365"><ele>100</ele><time>2026-07-13T23:44:48.522650Z</time></trkpt>
  <trkpt lat="37.4127107" lon="-121.9951387"><ele>100</ele><time>2026-07-13T23:44:48.585433Z</time></trkpt>
  <trkpt lat="37.4127178" lon="-121.9951412"><ele>100</ele><time>2026-07-13T23:44:48.685937Z</time></trkpt>
  <trkpt lat="37.4127240" lon="-121.9951445"><ele>99</ele><time>2026-07-13T23:44:48.786046Z</time></trkpt>
  <trkpt lat="37.4127299" lon="-121.9951484"><ele>99</ele><time>2026-07-13T23:44:48.886782Z</time></trkpt>
  <trkpt lat="37.4127365" lon="-121.9951516"><ele>98</ele><time>2026-07-13T23:44:48.987058Z</time></trkpt>
  <trkpt lat="37.4127427" lon="-121.9951536"><ele>98</ele><time>2026-07-13T23:44:49.087551Z</time></trkpt>
  <trkpt lat="37.4127502" lon="-121.9951546"><ele>98</ele><time>2026-07-13T23:44:49.188554Z</time></trkpt>
  <trkpt lat="37.4127584" lon="-121.9951556"><ele>98</ele><time>2026-07-13T23:44:49.289162Z</time></trkpt>
  <trkpt lat="37.4127663" lon="-121.9951575"><ele>97</ele><time>2026-07-13T23:44:49.369306Z</time></trkpt>
  <trkpt lat="37.4127739" lon="-121.9951588"><ele>97</ele><time>2026-07-13T23:44:49.490679Z</time></trkpt>
  <trkpt lat="37.4127818" lon="-121.9951587"><ele>96</ele><time>2026-07-13T23:44:49.570483Z</time></trkpt>
  <trkpt lat="37.4127896" lon="-121.9951566"><ele>96</ele><time>2026-07-13T23:44:49.670747Z</time></trkpt>
  <trkpt lat="37.4127976" lon="-121.9951526"><ele>96</ele><time>2026-07-13T23:44:49.771262Z</time></trkpt>
  <trkpt lat="37.4128065" lon="-121.9951489"><ele>96</ele><time>2026-07-13T23:44:49.871901Z</time></trkpt>
  <trkpt lat="37.4128161" lon="-121.9951464"><ele>96</ele><time>2026-07-13T23:44:49.973162Z</time></trkpt>
  <trkpt lat="37.4128254" lon="-121.9951444"><ele>96</ele><time>2026-07-13T23:44:50.073629Z</time></trkpt>
  <trkpt lat="37.4128333" lon="-121.9951414"><ele>96</ele><time>2026-07-13T23:44:50.174589Z</time></trkpt>
  <trkpt lat="37.4128402" lon="-121.9951359"><ele>96</ele><time>2026-07-13T23:44:50.275282Z</time></trkpt>
  <trkpt lat="37.4128452" lon="-121.9951284"><ele>97</ele><time>2026-07-13T23:44:50.375494Z</time></trkpt>
  <trkpt lat="37.4128520" lon="-121.9951246"><ele>97</ele><time>2026-07-13T23:44:50.476057Z</time></trkpt>
  <trkpt lat="37.4128596" lon="-121.9951217"><ele>98</ele><time>2026-07-13T23:44:50.576435Z</time></trkpt>
  <trkpt lat="37.4128596" lon="-121.9951217"><ele>98</ele><time>2026-07-13T23:44:50.674907Z</time></trkpt>
  <trkpt lat="37.4128681" lon="-121.9951187"><ele>98</ele><time>2026-07-13T23:44:50.677426Z</time></trkpt>
  <trkpt lat="37.4128764" lon="-121.9951148"><ele>98</ele><time>2026-07-13T23:44:50.778255Z</time></trkpt>
  <trkpt lat="37.4128841" lon="-121.9951096"><ele>98</ele><time>2026-07-13T23:44:50.879158Z</time></trkpt>
  <trkpt lat="37.4128914" lon="-121.9951048"><ele>98</ele><time>2026-07-13T23:44:50.980040Z</time></trkpt>
  <trkpt lat="37.4128963" lon="-121.9950978"><ele>99</ele><time>2026-07-13T23:44:51.080192Z</time></trkpt>
  <trkpt lat="37.4128999" lon="-121.9950890"><ele>100</ele><time>2026-07-13T23:44:51.181177Z</time></trkpt>
  <trkpt lat="37.4129066" lon="-121.9950833"><ele>100</ele><time>2026-07-13T23:44:51.281797Z</time></trkpt>
  <trkpt lat="37.4129141" lon="-121.9950767"><ele>101</ele><time>2026-07-13T23:44:51.381843Z</time></trkpt>
  <trkpt lat="37.4129221" lon="-121.9950713"><ele>100</ele><time>2026-07-13T23:44:51.481881Z</time></trkpt>
  <trkpt lat="37.4129300" lon="-121.9950648"><ele>100</ele><time>2026-07-13T23:44:51.582328Z</time></trkpt>
  <trkpt lat="37.4129379" lon="-121.9950575"><ele>99</ele><time>2026-07-13T23:44:51.682800Z</time></trkpt>
  <trkpt lat="37.4129453" lon="-121.9950499"><ele>98</ele><time>2026-07-13T23:44:51.783268Z</time></trkpt>
  <trkpt lat="37.4129516" lon="-121.9950420"><ele>97</ele><time>2026-07-13T23:44:51.883511Z</time></trkpt>
  <trkpt lat="37.4129573" lon="-121.9950343"><ele>96</ele><time>2026-07-13T23:44:51.983903Z</time></trkpt>
  <trkpt lat="37.4129610" lon="-121.9950260"><ele>94</ele><time>2026-07-13T23:44:52.084036Z</time></trkpt>
  <trkpt lat="37.4129627" lon="-121.9950170"><ele>92</ele><time>2026-07-13T23:44:52.184484Z</time></trkpt>
  <trkpt lat="37.4129637" lon="-121.9950080"><ele>90</ele><time>2026-07-13T23:44:52.285027Z</time></trkpt>
  <trkpt lat="37.4129626" lon="-121.9949973"><ele>88</ele><time>2026-07-13T23:44:52.385800Z</time></trkpt>
  <trkpt lat="37.4129596" lon="-121.9949859"><ele>86</ele><time>2026-07-13T23:44:52.466297Z</time></trkpt>
  <trkpt lat="37.4129545" lon="-121.9949733"><ele>84</ele><time>2026-07-13T23:44:52.567011Z</time></trkpt>
  <trkpt lat="37.4129476" lon="-121.9949593"><ele>82</ele><time>2026-07-13T23:44:52.667744Z</time></trkpt>
  <trkpt lat="37.4129399" lon="-121.9949452"><ele>79</ele><time>2026-07-13T23:44:52.768054Z</time></trkpt>
  <trkpt lat="37.4129399" lon="-121.9949452"><ele>79</ele><time>2026-07-13T23:44:52.828065Z</time></trkpt>
  <trkpt lat="37.4129315" lon="-121.9949313"><ele>77</ele><time>2026-07-13T23:44:52.868531Z</time></trkpt>
  <trkpt lat="37.4129231" lon="-121.9949174"><ele>75</ele><time>2026-07-13T23:44:52.969814Z</time></trkpt>
  <trkpt lat="37.4129138" lon="-121.9949027"><ele>73</ele><time>2026-07-13T23:44:53.070871Z</time></trkpt>
  <trkpt lat="37.4129041" lon="-121.9948878"><ele>71</ele><time>2026-07-13T23:44:53.171764Z</time></trkpt>
  <trkpt lat="37.4128936" lon="-121.9948723"><ele>68</ele><time>2026-07-13T23:44:53.272775Z</time></trkpt>
  <trkpt lat="37.4128829" lon="-121.9948565"><ele>66</ele><time>2026-07-13T23:44:53.372993Z</time></trkpt>
  <trkpt lat="37.4128714" lon="-121.9948407"><ele>64</ele><time>2026-07-13T23:44:53.473680Z</time></trkpt>
  <trkpt lat="37.4128593" lon="-121.9948245"><ele>62</ele><time>2026-07-13T23:44:53.574403Z</time></trkpt>
  <trkpt lat="37.4128471" lon="-121.9948083"><ele>60</ele><time>2026-07-13T23:44:53.674740Z</time></trkpt>
  <trkpt lat="37.4128357" lon="-121.9947933"><ele>58</ele><time>2026-07-13T23:44:53.776161Z</time></trkpt>
  <trkpt lat="37.4128297" lon="-121.9947807"><ele>57</ele><time>2026-07-13T23:44:53.877093Z</time></trkpt>
  <trkpt lat="37.4128305" lon="-121.9947734"><ele>56</ele><time>2026-07-13T23:44:53.978314Z</time></trkpt>
  <trkpt lat="37.4128335" lon="-121.9947694"><ele>54</ele><time>2026-07-13T23:44:54.079530Z</time></trkpt>
  <trkpt lat="37.4128404" lon="-121.9947691"><ele>52</ele><time>2026-07-13T23:44:54.179571Z</time></trkpt>
  <trkpt lat="37.4128494" lon="-121.9947699"><ele>51</ele><time>2026-07-13T23:44:54.280556Z</time></trkpt>
  <trkpt lat="37.4128604" lon="-121.9947738"><ele>50</ele><time>2026-07-13T23:44:54.381284Z</time></trkpt>
  <trkpt lat="37.4128708" lon="-121.9947795"><ele>49</ele><time>2026-07-13T23:44:54.481853Z</time></trkpt>
  <trkpt lat="37.4128823" lon="-121.9947859"><ele>48</ele><time>2026-07-13T23:44:54.582438Z</time></trkpt>
  <trkpt lat="37.4128938" lon="-121.9947914"><ele>48</ele><time>2026-07-13T23:44:54.682657Z</time></trkpt>
  <trkpt lat="37.4129047" lon="-121.9947994"><ele>47</ele><time>2026-07-13T23:44:54.762987Z</time></trkpt>
  <trkpt lat="37.4129159" lon="-121.9948082"><ele>47</ele><time>2026-07-13T23:44:54.883685Z</time></trkpt>
  <trkpt lat="37.4129254" lon="-121.9948155"><ele>47</ele><time>2026-07-13T23:44:54.964724Z</time></trkpt>
  <trkpt lat="37.4129254" lon="-121.9948155"><ele>47</ele><time>2026-07-13T23:44:54.981360Z</time></trkpt>
  <trkpt lat="37.4129343" lon="-121.9948224"><ele>47</ele><time>2026-07-13T23:44:55.064983Z</time></trkpt>
  <trkpt lat="37.4129417" lon="-121.9948274"><ele>48</ele><time>2026-07-13T23:44:55.165597Z</time></trkpt>
  <trkpt lat="37.4129486" lon="-121.9948317"><ele>48</ele><time>2026-07-13T23:44:55.266033Z</time></trkpt>
  <trkpt lat="37.4129545" lon="-121.9948354"><ele>49</ele><time>2026-07-13T23:44:55.366412Z</time></trkpt>
  <trkpt lat="37.4129601" lon="-121.9948381"><ele>50</ele><time>2026-07-13T23:44:55.466834Z</time></trkpt>
  <trkpt lat="37.4129656" lon="-121.9948400"><ele>51</ele><time>2026-07-13T23:44:55.568316Z</time></trkpt>
  <trkpt lat="37.4129707" lon="-121.9948400"><ele>52</ele><time>2026-07-13T23:44:55.668848Z</time></trkpt>
  <trkpt lat="37.4129761" lon="-121.9948390"><ele>53</ele><time>2026-07-13T23:44:55.769214Z</time></trkpt>
  <trkpt lat="37.4129820" lon="-121.9948378"><ele>54</ele><time>2026-07-13T23:44:55.869612Z</time></trkpt>
  <trkpt lat="37.4129881" lon="-121.9948364"><ele>55</ele><time>2026-07-13T23:44:55.970370Z</time></trkpt>
  <trkpt lat="37.4129945" lon="-121.9948350"><ele>55</ele><time>2026-07-13T23:44:56.071284Z</time></trkpt>
  <trkpt lat="37.4130011" lon="-121.9948338"><ele>56</ele><time>2026-07-13T23:44:56.171236Z</time></trkpt>
  <trkpt lat="37.4130079" lon="-121.9948327"><ele>56</ele><time>2026-07-13T23:44:56.271865Z</time></trkpt>
  <trkpt lat="37.4130147" lon="-121.9948316"><ele>57</ele><time>2026-07-13T23:44:56.371909Z</time></trkpt>
  <trkpt lat="37.4130215" lon="-121.9948299"><ele>57</ele><time>2026-07-13T23:44:56.472114Z</time></trkpt>
  <trkpt lat="37.4130287" lon="-121.9948274"><ele>57</ele><time>2026-07-13T23:44:56.572437Z</time></trkpt>
  <trkpt lat="37.4130362" lon="-121.9948237"><ele>57</ele><time>2026-07-13T23:44:56.672726Z</time></trkpt>
  <trkpt lat="37.4130436" lon="-121.9948185"><ele>58</ele><time>2026-07-13T23:44:56.773647Z</time></trkpt>
  <trkpt lat="37.4130515" lon="-121.9948126"><ele>58</ele><time>2026-07-13T23:44:56.874316Z</time></trkpt>
  <trkpt lat="37.4130591" lon="-121.9948053"><ele>58</ele><time>2026-07-13T23:44:56.974725Z</time></trkpt>
  <trkpt lat="37.4130667" lon="-121.9947965"><ele>58</ele><time>2026-07-13T23:44:57.075117Z</time></trkpt>
  <trkpt lat="37.4130667" lon="-121.9947965"><ele>58</ele><time>2026-07-13T23:44:57.142730Z</time></trkpt>
  <trkpt lat="37.4130742" lon="-121.9947870"><ele>58</ele><time>2026-07-13T23:44:57.175590Z</time></trkpt>
  <trkpt lat="37.4130817" lon="-121.9947763"><ele>58</ele><time>2026-07-13T23:44:57.276056Z</time></trkpt>
  <trkpt lat="37.4130893" lon="-121.9947651"><ele>58</ele><time>2026-07-13T23:44:57.376320Z</time></trkpt>
  <trkpt lat="37.4130962" lon="-121.9947524"><ele>57</ele><time>2026-07-13T23:44:57.477101Z</time></trkpt>
  <trkpt lat="37.4131028" lon="-121.9947386"><ele>57</ele><time>2026-07-13T23:44:57.577572Z</time></trkpt>
  <trkpt lat="37.4131089" lon="-121.9947239"><ele>57</ele><time>2026-07-13T23:44:57.678497Z</time></trkpt>
  <trkpt lat="37.4131150" lon="-121.9947087"><ele>56</ele><time>2026-07-13T23:44:57.778916Z</time></trkpt>
  <trkpt lat="37.4131205" lon="-121.9946924"><ele>55</ele><time>2026-07-13T23:44:57.879485Z</time></trkpt>
  <trkpt lat="37.4131254" lon="-121.9946757"><ele>55</ele><time>2026-07-13T23:44:57.980301Z</time></trkpt>
  <trkpt lat="37.4131297" lon="-121.9946579"><ele>54</ele><time>2026-07-13T23:44:58.061211Z</time></trkpt>
  <trkpt lat="37.4131341" lon="-121.9946406"><ele>53</ele><time>2026-07-13T23:44:58.161405Z</time></trkpt>
  <trkpt lat="37.4131376" lon="-121.9946214"><ele>52</ele><time>2026-07-13T23:44:58.261896Z</time></trkpt>
  <trkpt lat="37.4131407" lon="-121.9946013"><ele>52</ele><time>2026-07-13T23:44:58.362407Z</time></trkpt>
  <trkpt lat="37.4131436" lon="-121.9945808"><ele>51</ele><time>2026-07-13T23:44:58.463187Z</time></trkpt>
  <trkpt lat="37.4131464" lon="-121.9945601"><ele>50</ele><time>2026-07-13T23:44:58.563764Z</time></trkpt>
  <trkpt lat="37.4131494" lon="-121.9945390"><ele>49</ele><time>2026-07-13T23:44:58.664668Z</time></trkpt>
  <trkpt lat="37.4131528" lon="-121.9945176"><ele>49</ele><time>2026-07-13T23:44:58.765166Z</time></trkpt>
  <trkpt lat="37.4131563" lon="-121.9944955"><ele>48</ele><time>2026-07-13T23:44:58.865755Z</time></trkpt>
  <trkpt lat="37.4131599" lon="-121.9944732"><ele>48</ele><time>2026-07-13T23:44:58.966261Z</time></trkpt>
  <trkpt lat="37.4131637" lon="-121.9944510"><ele>49</ele><time>2026-07-13T23:44:59.066663Z</time></trkpt>
  <trkpt lat="37.4131672" lon="-121.9944294"><ele>49</ele><time>2026-07-13T23:44:59.168054Z</time></trkpt>
  <trkpt lat="37.4131707" lon="-121.9944085"><ele>49</ele><time>2026-07-13T23:44:59.269076Z</time></trkpt>
  <trkpt lat="37.4131707" lon="-121.9944085"><ele>49</ele><time>2026-07-13T23:44:59.303607Z</time></trkpt>
  <trkpt lat="37.4131739" lon="-121.9943876"><ele>50</ele><time>2026-07-13T23:44:59.370412Z</time></trkpt>
  <trkpt lat="37.4131767" lon="-121.9943676"><ele>50</ele><time>2026-07-13T23:44:59.470930Z</time></trkpt>
  <trkpt lat="37.4131795" lon="-121.9943480"><ele>50</ele><time>2026-07-13T23:44:59.571882Z</time></trkpt>
  <trkpt lat="37.4131823" lon="-121.9943285"><ele>51</ele><time>2026-07-13T23:44:59.672014Z</time></trkpt>
  <trkpt lat="37.4131852" lon="-121.9943087"><ele>51</ele><time>2026-07-13T23:44:59.772235Z</time></trkpt>
  <trkpt lat="37.4131879" lon="-121.9942888"><ele>51</ele><time>2026-07-13T23:44:59.872669Z</time></trkpt>
  <trkpt lat="37.4131908" lon="-121.9942691"><ele>51</ele><time>2026-07-13T23:44:59.973030Z</time></trkpt>
  <trkpt lat="37.4131931" lon="-121.9942491"><ele>51</ele><time>2026-07-13T23:45:00.073998Z</time></trkpt>
  <trkpt lat="37.4131952" lon="-121.9942290"><ele>51</ele><time>2026-07-13T23:45:00.174346Z</time></trkpt>
  <trkpt lat="37.4131970" lon="-121.9942089"><ele>51</ele><time>2026-07-13T23:45:00.274766Z</time></trkpt>
  <trkpt lat="37.4131978" lon="-121.9941893"><ele>51</ele><time>2026-07-13T23:45:00.375190Z</time></trkpt>
  <trkpt lat="37.4131976" lon="-121.9941709"><ele>52</ele><time>2026-07-13T23:45:00.475541Z</time></trkpt>
  <trkpt lat="37.4131965" lon="-121.9941533"><ele>52</ele><time>2026-07-13T23:45:00.575649Z</time></trkpt>
  <trkpt lat="37.4131959" lon="-121.9941353"><ele>53</ele><time>2026-07-13T23:45:00.676526Z</time></trkpt>
  <trkpt lat="37.4131955" lon="-121.9941170"><ele>53</ele><time>2026-07-13T23:45:00.777076Z</time></trkpt>
  <trkpt lat="37.4131951" lon="-121.9940986"><ele>53</ele><time>2026-07-13T23:45:00.857679Z</time></trkpt>
  <trkpt lat="37.4131950" lon="-121.9940803"><ele>53</ele><time>2026-07-13T23:45:00.957906Z</time></trkpt>
  <trkpt lat="37.4131945" lon="-121.9940615"><ele>53</ele><time>2026-07-13T23:45:01.058745Z</time></trkpt>
  <trkpt lat="37.4131936" lon="-121.9940425"><ele>53</ele><time>2026-07-13T23:45:01.159645Z</time></trkpt>
  <trkpt lat="37.4131928" lon="-121.9940230"><ele>53</ele><time>2026-07-13T23:45:01.260143Z</time></trkpt>
  <trkpt lat="37.4131916" lon="-121.9940032"><ele>53</ele><time>2026-07-13T23:45:01.360490Z</time></trkpt>
  <trkpt lat="37.4131898" lon="-121.9939836"><ele>53</ele><time>2026-07-13T23:45:01.460735Z</time></trkpt>
  <trkpt lat="37.4131898" lon="-121.9939836"><ele>53</ele><time>2026-07-13T23:45:01.463986Z</time></trkpt>
  <trkpt lat="37.4131873" lon="-121.9939639"><ele>54</ele><time>2026-07-13T23:45:01.561433Z</time></trkpt>
  <trkpt lat="37.4131840" lon="-121.9939449"><ele>54</ele><time>2026-07-13T23:45:01.662017Z</time></trkpt>
  <trkpt lat="37.4131797" lon="-121.9939267"><ele>55</ele><time>2026-07-13T23:45:01.762347Z</time></trkpt>
  <trkpt lat="37.4131749" lon="-121.9939092"><ele>55</ele><time>2026-07-13T23:45:01.862881Z</time></trkpt>
  <trkpt lat="37.4131694" lon="-121.9938926"><ele>56</ele><time>2026-07-13T23:45:01.963870Z</time></trkpt>
  <trkpt lat="37.4131634" lon="-121.9938768"><ele>56</ele><time>2026-07-13T23:45:02.063914Z</time></trkpt>
  <trkpt lat="37.4131570" lon="-121.9938619"><ele>57</ele><time>2026-07-13T23:45:02.164554Z</time></trkpt>
  <trkpt lat="37.4131500" lon="-121.9938475"><ele>57</ele><time>2026-07-13T23:45:02.265024Z</time></trkpt>
  <trkpt lat="37.4131428" lon="-121.9938339"><ele>58</ele><time>2026-07-13T23:45:02.365549Z</time></trkpt>
  <trkpt lat="37.4131354" lon="-121.9938206"><ele>58</ele><time>2026-07-13T23:45:02.466072Z</time></trkpt>
  <trkpt lat="37.4131280" lon="-121.9938077"><ele>58</ele><time>2026-07-13T23:45:02.566740Z</time></trkpt>
  <trkpt lat="37.4131205" lon="-121.9937949"><ele>59</ele><time>2026-07-13T23:45:02.667039Z</time></trkpt>
  <trkpt lat="37.4131130" lon="-121.9937823"><ele>59</ele><time>2026-07-13T23:45:02.767639Z</time></trkpt>
  <trkpt lat="37.4131052" lon="-121.9937695"><ele>59</ele><time>2026-07-13T23:45:02.868833Z</time></trkpt>
  <trkpt lat="37.4130977" lon="-121.9937565"><ele>59</ele><time>2026-07-13T23:45:02.969329Z</time></trkpt>
  <trkpt lat="37.4130902" lon="-121.9937431"><ele>59</ele><time>2026-07-13T23:45:03.069405Z</time></trkpt>
  <trkpt lat="37.4130827" lon="-121.9937294"><ele>59</ele><time>2026-07-13T23:45:03.170073Z</time></trkpt>
  <trkpt lat="37.4130755" lon="-121.9937153"><ele>58</ele><time>2026-07-13T23:45:03.271024Z</time></trkpt>
  <trkpt lat="37.4130682" lon="-121.9937012"><ele>58</ele><time>2026-07-13T23:45:03.371963Z</time></trkpt>
  <trkpt lat="37.4130609" lon="-121.9936869"><ele>57</ele><time>2026-07-13T23:45:03.472262Z</time></trkpt>
  <trkpt lat="37.4130534" lon="-121.9936725"><ele>57</ele><time>2026-07-13T23:45:03.572447Z</time></trkpt>
  <trkpt lat="37.4130534" lon="-121.9936725"><ele>57</ele><time>2026-07-13T23:45:03.627624Z</time></trkpt>
  <trkpt lat="37.4130454" lon="-121.9936582"><ele>56</ele><time>2026-07-13T23:45:03.672938Z</time></trkpt>
  <trkpt lat="37.4130366" lon="-121.9936440"><ele>55</ele><time>2026-07-13T23:45:03.773603Z</time></trkpt>
  <trkpt lat="37.4130266" lon="-121.9936300"><ele>55</ele><time>2026-07-13T23:45:03.854478Z</time></trkpt>
  <trkpt lat="37.4130156" lon="-121.9936165"><ele>54</ele><time>2026-07-13T23:45:03.955274Z</time></trkpt>
  <trkpt lat="37.4130041" lon="-121.9936033"><ele>54</ele><time>2026-07-13T23:45:04.055393Z</time></trkpt>
  <trkpt lat="37.4129922" lon="-121.9935900"><ele>53</ele><time>2026-07-13T23:45:04.155663Z</time></trkpt>
  <trkpt lat="37.4129801" lon="-121.9935767"><ele>53</ele><time>2026-07-13T23:45:04.256330Z</time></trkpt>
  <trkpt lat="37.4129678" lon="-121.9935633"><ele>52</ele><time>2026-07-13T23:45:04.357410Z</time></trkpt>
  <trkpt lat="37.4129551" lon="-121.9935499"><ele>52</ele><time>2026-07-13T23:45:04.457905Z</time></trkpt>
  <trkpt lat="37.4129420" lon="-121.9935368"><ele>52</ele><time>2026-07-13T23:45:04.558668Z</time></trkpt>
  <trkpt lat="37.4129284" lon="-121.9935241"><ele>52</ele><time>2026-07-13T23:45:04.659318Z</time></trkpt>
  <trkpt lat="37.4129147" lon="-121.9935120"><ele>52</ele><time>2026-07-13T23:45:04.760396Z</time></trkpt>
  <trkpt lat="37.4129011" lon="-121.9935004"><ele>52</ele><time>2026-07-13T23:45:04.860945Z</time></trkpt>
  <trkpt lat="37.4128881" lon="-121.9934891"><ele>52</ele><time>2026-07-13T23:45:04.961606Z</time></trkpt>
  <trkpt lat="37.4128751" lon="-121.9934776"><ele>52</ele><time>2026-07-13T23:45:05.061761Z</time></trkpt>
  <trkpt lat="37.4128622" lon="-121.9934660"><ele>52</ele><time>2026-07-13T23:45:05.162398Z</time></trkpt>
  <trkpt lat="37.4128496" lon="-121.9934546"><ele>52</ele><time>2026-07-13T23:45:05.262632Z</time></trkpt>
  <trkpt lat="37.4128367" lon="-121.9934435"><ele>52</ele><time>2026-07-13T23:45:05.363484Z</time></trkpt>
  <trkpt lat="37.4128238" lon="-121.9934327"><ele>52</ele><time>2026-07-13T23:45:05.463676Z</time></trkpt>
  <trkpt lat="37.4128109" lon="-121.9934223"><ele>52</ele><time>2026-07-13T23:45:05.563946Z</time></trkpt>
  <trkpt lat="37.4127981" lon="-121.9934124"><ele>52</ele><time>2026-07-13T23:45:05.664063Z</time></trkpt>
  <trkpt lat="37.4127853" lon="-121.9934030"><ele>52</ele><time>2026-07-13T23:45:05.765181Z</time></trkpt>
  <trkpt lat="37.4127853" lon="-121.9934030"><ele>52</ele><time>2026-07-13T23:45:05.789978Z</time></trkpt>
  <trkpt lat="37.4127727" lon="-121.9933943"><ele>52</ele><time>2026-07-13T23:45:05.865059Z</time></trkpt>
  <trkpt lat="37.4127602" lon="-121.9933863"><ele>53</ele><time>2026-07-13T23:45:05.965313Z</time></trkpt>
  <trkpt lat="37.4127477" lon="-121.9933791"><ele>53</ele><time>2026-07-13T23:45:06.065617Z</time></trkpt>
  <trkpt lat="37.4127351" lon="-121.9933727"><ele>53</ele><time>2026-07-13T23:45:06.166188Z</time></trkpt>
  <trkpt lat="37.4127227" lon="-121.9933673"><ele>53</ele><time>2026-07-13T23:45:06.247009Z</time></trkpt>
  <trkpt lat="37.4127104" lon="-121.9933627"><ele>53</ele><time>2026-07-13T23:45:06.347580Z</time></trkpt>
  <trkpt lat="37.4126982" lon="-121.9933587"><ele>53</ele><time>2026-07-13T23:45:06.448426Z</time></trkpt>
  <trkpt lat="37.4126860" lon="-121.9933551"><ele>53</ele><time>2026-07-13T23:45:06.548915Z</time></trkpt>
  <trkpt lat="37.4126742" lon="-121.9933517"><ele>53</ele><time>2026-07-13T23:45:06.649193Z</time></trkpt>
  <trkpt lat="37.4126624" lon="-121.9933484"><ele>53</ele><time>2026-07-13T23:45:06.750104Z</time></trkpt>
  <trkpt lat="37.4126511" lon="-121.9933458"><ele>53</ele><time>2026-07-13T23:45:06.850865Z</time></trkpt>
  <trkpt lat="37.4126398" lon="-121.9933434"><ele>54</ele><time>2026-07-13T23:45:06.951557Z</time></trkpt>
  <trkpt lat="37.4126288" lon="-121.9933414"><ele>54</ele><time>2026-07-13T23:45:07.051519Z</time></trkpt>
  <trkpt lat="37.4126180" lon="-121.9933397"><ele>54</ele><time>2026-07-13T23:45:07.152460Z</time></trkpt>
  <trkpt lat="37.4126074" lon="-121.9933382"><ele>54</ele><time>2026-07-13T23:45:07.252609Z</time></trkpt>
  <trkpt lat="37.4125971" lon="-121.9933369"><ele>54</ele><time>2026-07-13T23:45:07.352849Z</time></trkpt>
  <trkpt lat="37.4125872" lon="-121.9933361"><ele>54</ele><time>2026-07-13T23:45:07.453885Z</time></trkpt>
  <trkpt lat="37.4125774" lon="-121.9933354"><ele>54</ele><time>2026-07-13T23:45:07.554183Z</time></trkpt>
  <trkpt lat="37.4125676" lon="-121.9933347"><ele>53</ele><time>2026-07-13T23:45:07.654880Z</time></trkpt>
  <trkpt lat="37.4125582" lon="-121.9933343"><ele>53</ele><time>2026-07-13T23:45:07.755903Z</time></trkpt>
  <trkpt lat="37.4125485" lon="-121.9933339"><ele>53</ele><time>2026-07-13T23:45:07.856168Z</time></trkpt>
  <trkpt lat="37.4125485" lon="-121.9933339"><ele>53</ele><time>2026-07-13T23:45:07.939740Z</time></trkpt>
  <trkpt lat="37.4125389" lon="-121.9933337"><ele>53</ele><time>2026-07-13T23:45:07.956524Z</time></trkpt>
  <trkpt lat="37.4125293" lon="-121.9933334"><ele>52</ele><time>2026-07-13T23:45:08.057095Z</time></trkpt>
  <trkpt lat="37.4125196" lon="-121.9933332"><ele>52</ele><time>2026-07-13T23:45:08.157392Z</time></trkpt>
  <trkpt lat="37.4125100" lon="-121.9933331"><ele>52</ele><time>2026-07-13T23:45:08.258194Z</time></trkpt>
  <trkpt lat="37.4125002" lon="-121.9933330"><ele>51</ele><time>2026-07-13T23:45:08.359050Z</time></trkpt>
  <trkpt lat="37.4124904" lon="-121.9933332"><ele>51</ele><time>2026-07-13T23:45:08.460189Z</time></trkpt>
  <trkpt lat="37.4124805" lon="-121.9933336"><ele>51</ele><time>2026-07-13T23:45:08.561101Z</time></trkpt>
  <trkpt lat="37.4124707" lon="-121.9933342"><ele>50</ele><time>2026-07-13T23:45:08.661315Z</time></trkpt>
  <trkpt lat="37.4124609" lon="-121.9933349"><ele>50</ele><time>2026-07-13T23:45:08.761676Z</time></trkpt>
  <trkpt lat="37.4124511" lon="-121.9933360"><ele>50</ele><time>2026-07-13T23:45:08.861895Z</time></trkpt>
  <trkpt lat="37.4124415" lon="-121.9933374"><ele>49</ele><time>2026-07-13T23:45:08.962504Z</time></trkpt>
  <trkpt lat="37.4124320" lon="-121.9933391"><ele>49</ele><time>2026-07-13T23:45:09.062733Z</time></trkpt>
  <trkpt lat="37.4124227" lon="-121.9933412"><ele>49</ele><time>2026-07-13T23:45:09.143938Z</time></trkpt>
  <trkpt lat="37.4124135" lon="-121.9933436"><ele>48</ele><time>2026-07-13T23:45:09.244427Z</time></trkpt>
  <trkpt lat="37.4124043" lon="-121.9933461"><ele>48</ele><time>2026-07-13T23:45:09.345271Z</time></trkpt>
  <trkpt lat="37.4123954" lon="-121.9933491"><ele>47</ele><time>2026-07-13T23:45:09.445402Z</time></trkpt>
  <trkpt lat="37.4123865" lon="-121.9933521"><ele>47</ele><time>2026-07-13T23:45:09.545632Z</time></trkpt>
  <trkpt lat="37.4123777" lon="-121.9933553"><ele>47</ele><time>2026-07-13T23:45:09.646134Z</time></trkpt>
  <trkpt lat="37.4123693" lon="-121.9933587"><ele>46</ele><time>2026-07-13T23:45:09.746781Z</time></trkpt>
  <trkpt lat="37.4123607" lon="-121.9933622"><ele>46</ele><time>2026-07-13T23:45:09.847641Z</time></trkpt>
  <trkpt lat="37.4123523" lon="-121.9933657"><ele>46</ele><time>2026-07-13T23:45:09.948297Z</time></trkpt>
  <trkpt lat="37.4123439" lon="-121.9933694"><ele>46</ele><time>2026-07-13T23:45:10.048737Z</time></trkpt>
  <trkpt lat="37.4123439" lon="-121.9933694"><ele>46</ele><time>2026-07-13T23:45:10.099688Z</time></trkpt>
  <trkpt lat="37.4123358" lon="-121.9933734"><ele>45</ele><time>2026-07-13T23:45:10.149110Z</time></trkpt>
  <trkpt lat="37.4123274" lon="-121.9933771"><ele>45</ele><time>2026-07-13T23:45:10.250128Z</time></trkpt>
  <trkpt lat="37.4123188" lon="-121.9933805"><ele>45</ele><time>2026-07-13T23:45:10.351309Z</time></trkpt>
  <trkpt lat="37.4123100" lon="-121.9933836"><ele>45</ele><time>2026-07-13T23:45:10.451676Z</time></trkpt>
  <trkpt lat="37.4123014" lon="-121.9933868"><ele>44</ele><time>2026-07-13T23:45:10.552340Z</time></trkpt>
  <trkpt lat="37.4122927" lon="-121.9933900"><ele>44</ele><time>2026-07-13T23:45:10.652824Z</time></trkpt>
  <trkpt lat="37.4122836" lon="-121.9933929"><ele>44</ele><time>2026-07-13T23:45:10.753325Z</time></trkpt>
  <trkpt lat="37.4122745" lon="-121.9933957"><ele>44</ele><time>2026-07-13T23:45:10.853644Z</time></trkpt>
  <trkpt lat="37.4122652" lon="-121.9933984"><ele>43</ele><time>2026-07-13T23:45:10.953803Z</time></trkpt>
  <trkpt lat="37.4122560" lon="-121.9934011"><ele>43</ele><time>2026-07-13T23:45:11.054240Z</time></trkpt>
  <trkpt lat="37.4122468" lon="-121.9934036"><ele>43</ele><time>2026-07-13T23:45:11.155197Z</time></trkpt>
  <trkpt lat="37.4122376" lon="-121.9934062"><ele>43</ele><time>2026-07-13T23:45:11.256512Z</time></trkpt>
  <trkpt lat="37.4122285" lon="-121.9934089"><ele>42</ele><time>2026-07-13T23:45:11.357151Z</time></trkpt>
  <trkpt lat="37.4122195" lon="-121.9934118"><ele>42</ele><time>2026-07-13T23:45:11.456961Z</time></trkpt>
  <trkpt lat="37.4122105" lon="-121.9934149"><ele>42</ele><time>2026-07-13T23:45:11.557441Z</time></trkpt>
  <trkpt lat="37.4122016" lon="-121.9934184"><ele>41</ele><time>2026-07-13T23:45:11.657918Z</time></trkpt>
  <trkpt lat="37.4121929" lon="-121.9934224"><ele>41</ele><time>2026-07-13T23:45:11.758376Z</time></trkpt>
  <trkpt lat="37.4121845" lon="-121.9934269"><ele>40</ele><time>2026-07-13T23:45:11.859233Z</time></trkpt>
  <trkpt lat="37.4121768" lon="-121.9934323"><ele>40</ele><time>2026-07-13T23:45:11.959733Z</time></trkpt>
  <trkpt lat="37.4121698" lon="-121.9934384"><ele>39</ele><time>2026-07-13T23:45:12.039979Z</time></trkpt>
  <trkpt lat="37.4121637" lon="-121.9934451"><ele>39</ele><time>2026-07-13T23:45:12.141459Z</time></trkpt>
  <trkpt lat="37.4121588" lon="-121.9934524"><ele>38</ele><time>2026-07-13T23:45:12.242524Z</time></trkpt>
  <trkpt lat="37.4121588" lon="-121.9934524"><ele>38</ele><time>2026-07-13T23:45:12.260405Z</time></trkpt>
  <trkpt lat="37.4121553" lon="-121.9934597"><ele>38</ele><time>2026-07-13T23:45:12.343418Z</time></trkpt>
  <trkpt lat="37.4121525" lon="-121.9934669"><ele>38</ele><time>2026-07-13T23:45:12.443489Z</time></trkpt>
  <trkpt lat="37.4121504" lon="-121.9934743"><ele>38</ele><time>2026-07-13T23:45:12.543845Z</time></trkpt>
  <trkpt lat="37.4121486" lon="-121.9934819"><ele>38</ele><time>2026-07-13T23:45:12.644329Z</time></trkpt>
  <trkpt lat="37.4121469" lon="-121.9934895"><ele>37</ele><time>2026-07-13T23:45:12.744875Z</time></trkpt>
  <trkpt lat="37.4121448" lon="-121.9934968"><ele>37</ele><time>2026-07-13T23:45:12.845638Z</time></trkpt>
  <trkpt lat="37.4121429" lon="-121.9935039"><ele>37</ele><time>2026-07-13T23:45:12.945890Z</time></trkpt>
  <trkpt lat="37.4121410" lon="-121.9935112"><ele>36</ele><time>2026-07-13T23:45:13.046517Z</time></trkpt>
  <trkpt lat="37.4121392" lon="-121.9935185"><ele>36</ele><time>2026-07-13T23:45:13.146657Z</time></trkpt>
  <trkpt lat="37.4121376" lon="-121.9935258"><ele>36</ele><time>2026-07-13T23:45:13.247122Z</time></trkpt>
  <trkpt lat="37.4121360" lon="-121.9935326"><ele>36</ele><time>2026-07-13T23:45:13.348108Z</time></trkpt>
  <trkpt lat="37.4121346" lon="-121.9935391"><ele>36</ele><time>2026-07-13T23:45:13.447630Z</time></trkpt>
  <trkpt lat="37.4121327" lon="-121.9935447"><ele>36</ele><time>2026-07-13T23:45:13.548064Z</time></trkpt>
  <trkpt lat="37.4121311" lon="-121.9935500"><ele>36</ele><time>2026-07-13T23:45:13.648502Z</time></trkpt>
  <trkpt lat="37.4121290" lon="-121.9935546"><ele>37</ele><time>2026-07-13T23:45:13.749314Z</time></trkpt>
  <trkpt lat="37.4121266" lon="-121.9935586"><ele>37</ele><time>2026-07-13T23:45:13.849590Z</time></trkpt>
  <trkpt lat="37.4121242" lon="-121.9935622"><ele>37</ele><time>2026-07-13T23:45:13.950361Z</time></trkpt>
  <trkpt lat="37.4121218" lon="-121.9935658"><ele>37</ele><time>2026-07-13T23:45:14.050754Z</time></trkpt>
  <trkpt lat="37.4121193" lon="-121.9935691"><ele>37</ele><time>2026-07-13T23:45:14.151780Z</time></trkpt>
  <trkpt lat="37.4121166" lon="-121.9935722"><ele>37</ele><time>2026-07-13T23:45:14.252163Z</time></trkpt>
  <trkpt lat="37.4121150" lon="-121.9935765"><ele>37</ele><time>2026-07-13T23:45:14.352919Z</time></trkpt>
  <trkpt lat="37.4121150" lon="-121.9935765"><ele>37</ele><time>2026-07-13T23:45:14.419751Z</time></trkpt>
  <trkpt lat="37.4121139" lon="-121.9935809"><ele>37</ele><time>2026-07-13T23:45:14.453080Z</time></trkpt>
  <trkpt lat="37.4121128" lon="-121.9935851"><ele>37</ele><time>2026-07-13T23:45:14.553888Z</time></trkpt>
  <trkpt lat="37.4121110" lon="-121.9935879"><ele>37</ele><time>2026-07-13T23:45:14.654292Z</time></trkpt>
  <trkpt lat="37.4121092" lon="-121.9935902"><ele>37</ele><time>2026-07-13T23:45:14.755276Z</time></trkpt>
  <trkpt lat="37.4121074" lon="-121.9935922"><ele>37</ele><time>2026-07-13T23:45:14.856551Z</time></trkpt>
  <trkpt lat="37.4121053" lon="-121.9935940"><ele>37</ele><time>2026-07-13T23:45:14.937561Z</time></trkpt>
  <trkpt lat="37.4121035" lon="-121.9935960"><ele>36</ele><time>2026-07-13T23:45:15.038325Z</time></trkpt>
  <trkpt lat="37.4121014" lon="-121.9935979"><ele>36</ele><time>2026-07-13T23:45:15.139039Z</time></trkpt>
  <trkpt lat="37.4120994" lon="-121.9936002"><ele>36</ele><time>2026-07-13T23:45:15.239132Z</time></trkpt>
  <trkpt lat="37.4120970" lon="-121.9936020"><ele>36</ele><time>2026-07-13T23:45:15.339478Z</time></trkpt>
  <trkpt lat="37.4120946" lon="-121.9936037"><ele>36</ele><time>2026-07-13T23:45:15.439941Z</time></trkpt>
  <trkpt lat="37.4120926" lon="-121.9936062"><ele>36</ele><time>2026-07-13T23:45:15.540548Z</time></trkpt>
  <trkpt lat="37.4120911" lon="-121.9936096"><ele>36</ele><time>2026-07-13T23:45:15.640804Z</time></trkpt>
  <trkpt lat="37.4120904" lon="-121.9936149"><ele>35</ele><time>2026-07-13T23:45:15.741368Z</time></trkpt>
  <trkpt lat="37.4120903" lon="-121.9936214"><ele>34</ele><time>2026-07-13T23:45:15.841447Z</time></trkpt>
  <trkpt lat="37.4120898" lon="-121.9936281"><ele>34</ele><time>2026-07-13T23:45:15.941888Z</time></trkpt>
  <trkpt lat="37.4120892" lon="-121.9936361"><ele>33</ele><time>2026-07-13T23:45:16.042527Z</time></trkpt>
  <trkpt lat="37.4120880" lon="-121.9936454"><ele>32</ele><time>2026-07-13T23:45:16.143760Z</time></trkpt>
  <trkpt lat="37.4120863" lon="-121.9936555"><ele>32</ele><time>2026-07-13T23:45:16.244477Z</time></trkpt>
  <trkpt lat="37.4120836" lon="-121.9936661"><ele>32</ele><time>2026-07-13T23:45:16.345295Z</time></trkpt>
  <trkpt lat="37.4120801" lon="-121.9936770"><ele>32</ele><time>2026-07-13T23:45:16.446097Z</time></trkpt>
  <trkpt lat="37.4120760" lon="-121.9936881"><ele>31</ele><time>2026-07-13T23:45:16.546780Z</time></trkpt>
  <trkpt lat="37.4120760" lon="-121.9936881"><ele>31</ele><time>2026-07-13T23:45:16.579751Z</time></trkpt>
  <trkpt lat="37.4120713" lon="-121.9936990"><ele>31</ele><time>2026-07-13T23:45:16.647324Z</time></trkpt>
  <trkpt lat="37.4120668" lon="-121.9937103"><ele>31</ele><time>2026-07-13T23:45:16.747734Z</time></trkpt>
  <trkpt lat="37.4120637" lon="-121.9937223"><ele>30</ele><time>2026-07-13T23:45:16.848497Z</time></trkpt>
  <trkpt lat="37.4120618" lon="-121.9937349"><ele>29</ele><time>2026-07-13T23:45:16.949603Z</time></trkpt>
  <trkpt lat="37.4120601" lon="-121.9937472"><ele>28</ele><time>2026-07-13T23:45:17.050166Z</time></trkpt>
  <trkpt lat="37.4120567" lon="-121.9937568"><ele>27</ele><time>2026-07-13T23:45:17.150694Z</time></trkpt>
  <trkpt lat="37.4120531" lon="-121.9937659"><ele>26</ele><time>2026-07-13T23:45:17.251178Z</time></trkpt>
  <trkpt lat="37.4120492" lon="-121.9937749"><ele>25</ele><time>2026-07-13T23:45:17.351847Z</time></trkpt>
  <trkpt lat="37.4120454" lon="-121.9937848"><ele>24</ele><time>2026-07-13T23:45:17.452657Z</time></trkpt>
  <trkpt lat="37.4120414" lon="-121.9937957"><ele>24</ele><time>2026-07-13T23:45:17.553295Z</time></trkpt>
  <trkpt lat="37.4120364" lon="-121.9938061"><ele>23</ele><time>2026-07-13T23:45:17.634127Z</time></trkpt>
  <trkpt lat="37.4120301" lon="-121.9938160"><ele>24</ele><time>2026-07-13T23:45:17.735159Z</time></trkpt>
  <trkpt lat="37.4120252" lon="-121.9938277"><ele>24</ele><time>2026-07-13T23:45:17.835704Z</time></trkpt>
  <trkpt lat="37.4120203" lon="-121.9938387"><ele>24</ele><time>2026-07-13T23:45:17.936156Z</time></trkpt>
  <trkpt lat="37.4120156" lon="-121.9938494"><ele>25</ele><time>2026-07-13T23:45:18.036678Z</time></trkpt>
  <trkpt lat="37.4120110" lon="-121.9938601"><ele>25</ele><time>2026-07-13T23:45:18.136707Z</time></trkpt>
  <trkpt lat="37.4120063" lon="-121.9938705"><ele>25</ele><time>2026-07-13T23:45:18.237719Z</time></trkpt>
  <trkpt lat="37.4120017" lon="-121.9938803"><ele>26</ele><time>2026-07-13T23:45:18.338251Z</time></trkpt>
  <trkpt lat="37.4119975" lon="-121.9938899"><ele>26</ele><time>2026-07-13T23:45:18.438649Z</time></trkpt>
  <trkpt lat="37.4119939" lon="-121.9939000"><ele>26</ele><time>2026-07-13T23:45:18.538834Z</time></trkpt>
  <trkpt lat="37.4119894" lon="-121.9939089"><ele>26</ele><time>2026-07-13T23:45:18.639114Z</time></trkpt>
  <trkpt lat="37.4119849" lon="-121.9939180"><ele>26</ele><time>2026-07-13T23:45:18.739673Z</time></trkpt>
  <trkpt lat="37.4119849" lon="-121.9939180"><ele>26</ele><time>2026-07-13T23:45:18.742773Z</time></trkpt>
  <trkpt lat="37.4119804" lon="-121.9939272"><ele>25</ele><time>2026-07-13T23:45:18.840168Z</time></trkpt>
  <trkpt lat="37.4119757" lon="-121.9939361"><ele>25</ele><time>2026-07-13T23:45:18.940683Z</time></trkpt>
  <trkpt lat="37.4119709" lon="-121.9939451"><ele>25</ele><time>2026-07-13T23:45:19.041113Z</time></trkpt>
  <trkpt lat="37.4119666" lon="-121.9939543"><ele>24</ele><time>2026-07-13T23:45:19.141272Z</time></trkpt>
  <trkpt lat="37.4119628" lon="-121.9939640"><ele>24</ele><time>2026-07-13T23:45:19.241478Z</time></trkpt>
  <trkpt lat="37.4119598" lon="-121.9939742"><ele>23</ele><time>2026-07-13T23:45:19.341915Z</time></trkpt>
  <trkpt lat="37.4119574" lon="-121.9939843"><ele>23</ele><time>2026-07-13T23:45:19.442611Z</time></trkpt>
  <trkpt lat="37.4119556" lon="-121.9939946"><ele>23</ele><time>2026-07-13T23:45:19.543531Z</time></trkpt>
  <trkpt lat="37.4119542" lon="-121.9940044"><ele>23</ele><time>2026-07-13T23:45:19.644224Z</time></trkpt>
  <trkpt lat="37.4119536" lon="-121.9940142"><ele>23</ele><time>2026-07-13T23:45:19.745053Z</time></trkpt>
  <trkpt lat="37.4119533" lon="-121.9940236"><ele>23</ele><time>2026-07-13T23:45:19.845384Z</time></trkpt>
  <trkpt lat="37.4119532" lon="-121.9940327"><ele>23</ele><time>2026-07-13T23:45:19.945896Z</time></trkpt>
  <trkpt lat="37.4119530" lon="-121.9940415"><ele>23</ele><time>2026-07-13T23:45:20.046338Z</time></trkpt>
  <trkpt lat="37.4119531" lon="-121.9940504"><ele>23</ele><time>2026-07-13T23:45:20.147002Z</time></trkpt>
  <trkpt lat="37.4119531" lon="-121.9940592"><ele>23</ele><time>2026-07-13T23:45:20.246982Z</time></trkpt>
  <trkpt lat="37.4119530" lon="-121.9940679"><ele>23</ele><time>2026-07-13T23:45:20.347597Z</time></trkpt>
  <trkpt lat="37.4119528" lon="-121.9940765"><ele>23</ele><time>2026-07-13T23:45:20.448413Z</time></trkpt>
  <trkpt lat="37.4119527" lon="-121.9940849"><ele>22</ele><time>2026-07-13T23:45:20.548814Z</time></trkpt>
  <trkpt lat="37.4119525" lon="-121.9940931"><ele>22</ele><time>2026-07-13T23:45:20.649790Z</time></trkpt>
  <trkpt lat="37.4119525" lon="-121.9941015"><ele>21</ele><time>2026-07-13T23:45:20.751026Z</time></trkpt>
  <trkpt lat="37.4119526" lon="-121.9941102"><ele>21</ele><time>2026-07-13T23:45:20.851885Z</time></trkpt>
  <trkpt lat="37.4119526" lon="-121.9941102"><ele>21</ele><time>2026-07-13T23:45:20.901326Z</time></trkpt>
  <trkpt lat="37.4119527" lon="-121.9941193"><ele>21</ele><time>2026-07-13T23:45:20.952264Z</time></trkpt>
  <trkpt lat="37.4119529" lon="-121.9941288"><ele>20</ele><time>2026-07-13T23:45:21.053487Z</time></trkpt>
  <trkpt lat="37.4119529" lon="-121.9941386"><ele>20</ele><time>2026-07-13T23:45:21.154532Z</time></trkpt>
  <trkpt lat="37.4119525" lon="-121.9941487"><ele>20</ele><time>2026-07-13T23:45:21.255322Z</time></trkpt>
  <trkpt lat="37.4119513" lon="-121.9941589"><ele>20</ele><time>2026-07-13T23:45:21.355764Z</time></trkpt>
  <trkpt lat="37.4119498" lon="-121.9941692"><ele>20</ele><time>2026-07-13T23:45:21.437162Z</time></trkpt>
  <trkpt lat="37.4119476" lon="-121.9941792"><ele>20</ele><time>2026-07-13T23:45:21.537752Z</time></trkpt>
  <trkpt lat="37.4119448" lon="-121.9941887"><ele>20</ele><time>2026-07-13T23:45:21.638125Z</time></trkpt>
  <trkpt lat="37.4119418" lon="-121.9941984"><ele>20</ele><time>2026-07-13T23:45:21.738678Z</time></trkpt>
  <trkpt lat="37.4119385" lon="-121.9942073"><ele>21</ele><time>2026-07-13T23:45:21.839623Z</time></trkpt>
  <trkpt lat="37.4119350" lon="-121.9942154"><ele>21</ele><time>2026-07-13T23:45:21.940793Z</time></trkpt>
  <trkpt lat="37.4119309" lon="-121.9942225"><ele>21</ele><time>2026-07-13T23:45:22.040255Z</time></trkpt>
  <trkpt lat="37.4119270" lon="-121.9942293"><ele>22</ele><time>2026-07-13T23:45:22.141061Z</time></trkpt>
  <trkpt lat="37.4119235" lon="-121.9942361"><ele>22</ele><time>2026-07-13T23:45:22.241349Z</time></trkpt>
  <trkpt lat="37.4119201" lon="-121.9942429"><ele>22</ele><time>2026-07-13T23:45:22.343036Z</time></trkpt>
  <trkpt lat="37.4119174" lon="-121.9942503"><ele>22</ele><time>2026-07-13T23:45:22.443226Z</time></trkpt>
  <trkpt lat="37.4119147" lon="-121.9942577"><ele>22</ele><time>2026-07-13T23:45:22.543593Z</time></trkpt>
  <trkpt lat="37.4119123" lon="-121.9942649"><ele>22</ele><time>2026-07-13T23:45:22.643959Z</time></trkpt>
  <trkpt lat="37.4119098" lon="-121.9942719"><ele>21</ele><time>2026-07-13T23:45:22.744245Z</time></trkpt>
  <trkpt lat="37.4119069" lon="-121.9942786"><ele>21</ele><time>2026-07-13T23:45:22.844408Z</time></trkpt>
  <trkpt lat="37.4119039" lon="-121.9942853"><ele>20</ele><time>2026-07-13T23:45:22.944813Z</time></trkpt>
  <trkpt lat="37.4119007" lon="-121.9942914"><ele>20</ele><time>2026-07-13T23:45:23.046491Z</time></trkpt>
  <trkpt lat="37.4119007" lon="-121.9942914"><ele>20</ele><time>2026-07-13T23:45:23.063991Z</time></trkpt>
  <trkpt lat="37.4118975" lon="-121.9942976"><ele>19</ele><time>2026-07-13T23:45:23.147148Z</time></trkpt>
  <trkpt lat="37.4118944" lon="-121.9943043"><ele>18</ele><time>2026-07-13T23:45:23.247466Z</time></trkpt>
  <trkpt lat="37.4118913" lon="-121.9943116"><ele>17</ele><time>2026-07-13T23:45:23.347965Z</time></trkpt>
  <trkpt lat="37.4118885" lon="-121.9943195"><ele>17</ele><time>2026-07-13T23:45:23.448280Z</time></trkpt>
  <trkpt lat="37.4118862" lon="-121.9943279"><ele>16</ele><time>2026-07-13T23:45:23.549615Z</time></trkpt>
  <trkpt lat="37.4118844" lon="-121.9943367"><ele>15</ele><time>2026-07-13T23:45:23.650097Z</time></trkpt>
  <trkpt lat="37.4118836" lon="-121.9943460"><ele>15</ele><time>2026-07-13T23:45:23.750886Z</time></trkpt>
  <trkpt lat="37.4118839" lon="-121.9943556"><ele>14</ele><time>2026-07-13T23:45:23.851740Z</time></trkpt>
  <trkpt lat="37.4118852" lon="-121.9943649"><ele>14</ele><time>2026-07-13T23:45:23.952223Z</time></trkpt>
  <trkpt lat="37.4118873" lon="-121.9943742"><ele>14</ele><time>2026-07-13T23:45:24.052684Z</time></trkpt>
  <trkpt lat="37.4118892" lon="-121.9943833"><ele>13</ele><time>2026-07-13T23:45:24.154039Z</time></trkpt>
  <trkpt lat="37.4118912" lon="-121.9943924"><ele>13</ele><time>2026-07-13T23:45:24.253943Z</time></trkpt>
  <trkpt lat="37.4118931" lon="-121.9944012"><ele>13</ele><time>2026-07-13T23:45:24.354417Z</time></trkpt>
  <trkpt lat="37.4118950" lon="-121.9944100"><ele>12</ele><time>2026-07-13T23:45:24.454773Z</time></trkpt>
  <trkpt lat="37.4118974" lon="-121.9944186"><ele>12</ele><time>2026-07-13T23:45:24.535045Z</time></trkpt>
  <trkpt lat="37.4118997" lon="-121.9944271"><ele>11</ele><time>2026-07-13T23:45:24.655691Z</time></trkpt>
  <trkpt lat="37.4119026" lon="-121.9944361"><ele>11</ele><time>2026-07-13T23:45:24.736077Z</time></trkpt>
  <trkpt lat="37.4119058" lon="-121.9944455"><ele>10</ele><time>2026-07-13T23:45:24.836248Z</time></trkpt>
  <trkpt lat="37.4119093" lon="-121.9944550"><ele>10</ele><time>2026-07-13T23:45:24.937026Z</time></trkpt>
  <trkpt lat="37.4119127" lon="-121.9944647"><ele>10</ele><time>2026-07-13T23:45:25.037406Z</time></trkpt>
  <trkpt lat="37.4119157" lon="-121.9944745"><ele>10</ele><time>2026-07-13T23:45:25.137751Z</time></trkpt>
  <trkpt lat="37.4119157" lon="-121.9944745"><ele>10</ele><time>2026-07-13T23:45:25.224410Z</time></trkpt>
  <trkpt lat="37.4119186" lon="-121.9944845"><ele>10</ele><time>2026-07-13T23:45:25.238133Z</time></trkpt>
  <trkpt lat="37.4119209" lon="-121.9944945"><ele>10</ele><time>2026-07-13T23:45:25.338494Z</time></trkpt>
  <trkpt lat="37.4119228" lon="-121.9945046"><ele>10</ele><time>2026-07-13T23:45:25.439053Z</time></trkpt>
  <trkpt lat="37.4119238" lon="-121.9945148"><ele>10</ele><time>2026-07-13T23:45:25.539491Z</time></trkpt>
  <trkpt lat="37.4119243" lon="-121.9945250"><ele>10</ele><time>2026-07-13T23:45:25.639541Z</time></trkpt>
  <trkpt lat="37.4119252" lon="-121.9945352"><ele>10</ele><time>2026-07-13T23:45:25.740049Z</time></trkpt>
  <trkpt lat="37.4119259" lon="-121.9945449"><ele>10</ele><time>2026-07-13T23:45:25.840481Z</time></trkpt>
  <trkpt lat="37.4119269" lon="-121.9945548"><ele>10</ele><time>2026-07-13T23:45:25.940824Z</time></trkpt>
  <trkpt lat="37.4119277" lon="-121.9945644"><ele>11</ele><time>2026-07-13T23:45:26.042055Z</time></trkpt>
  <trkpt lat="37.4119284" lon="-121.9945738"><ele>11</ele><time>2026-07-13T23:45:26.142580Z</time></trkpt>
  <trkpt lat="37.4119289" lon="-121.9945829"><ele>11</ele><time>2026-07-13T23:45:26.242927Z</time></trkpt>
  <trkpt lat="37.4119291" lon="-121.9945917"><ele>11</ele><time>2026-07-13T23:45:26.343403Z</time></trkpt>
  <trkpt lat="37.4119294" lon="-121.9946003"><ele>12</ele><time>2026-07-13T23:45:26.443919Z</time></trkpt>
  <trkpt lat="37.4119300" lon="-121.9946088"><ele>12</ele><time>2026-07-13T23:45:26.544532Z</time></trkpt>
  <trkpt lat="37.4119305" lon="-121.9946166"><ele>12</ele><time>2026-07-13T23:45:26.644765Z</time></trkpt>
  <trkpt lat="37.4119308" lon="-121.9946243"><ele>12</ele><time>2026-07-13T23:45:26.745312Z</time></trkpt>
  <trkpt lat="37.4119312" lon="-121.9946317"><ele>12</ele><time>2026-07-13T23:45:26.845681Z</time></trkpt>
  <trkpt lat="37.4119318" lon="-121.9946389"><ele>12</ele><time>2026-07-13T23:45:26.946123Z</time></trkpt>
  <trkpt lat="37.4119326" lon="-121.9946458"><ele>12</ele><time>2026-07-13T23:45:27.046940Z</time></trkpt>
  <trkpt lat="37.4119336" lon="-121.9946523"><ele>12</ele><time>2026-07-13T23:45:27.147771Z</time></trkpt>
  <trkpt lat="37.4119346" lon="-121.9946586"><ele>12</ele><time>2026-07-13T23:45:27.248347Z</time></trkpt>
  <trkpt lat="37.4119357" lon="-121.9946644"><ele>12</ele><time>2026-07-13T23:45:27.348314Z</time></trkpt>
  <trkpt lat="37.4119357" lon="-121.9946644"><ele>12</ele><time>2026-07-13T23:45:27.385635Z</time></trkpt>
  <trkpt lat="37.4119368" lon="-121.9946699"><ele>12</ele><time>2026-07-13T23:45:27.449341Z</time></trkpt>
  <trkpt lat="37.4119382" lon="-121.9946753"><ele>12</ele><time>2026-07-13T23:45:27.549421Z</time></trkpt>
  <trkpt lat="37.4119397" lon="-121.9946802"><ele>12</ele><time>2026-07-13T23:45:27.650013Z</time></trkpt>
  <trkpt lat="37.4119409" lon="-121.9946848"><ele>12</ele><time>2026-07-13T23:45:27.750599Z</time></trkpt>
  <trkpt lat="37.4119419" lon="-121.9946894"><ele>12</ele><time>2026-07-13T23:45:27.850697Z</time></trkpt>
  <trkpt lat="37.4119427" lon="-121.9946941"><ele>13</ele><time>2026-07-13T23:45:27.951050Z</time></trkpt>
  <trkpt lat="37.4119432" lon="-121.9946986"><ele>13</ele><time>2026-07-13T23:45:28.051428Z</time></trkpt>
  <trkpt lat="37.4119436" lon="-121.9947034"><ele>13</ele><time>2026-07-13T23:45:28.132011Z</time></trkpt>
  <trkpt lat="37.4119438" lon="-121.9947084"><ele>13</ele><time>2026-07-13T23:45:28.232324Z</time></trkpt>
  <trkpt lat="37.4119438" lon="-121.9947137"><ele>12</ele><time>2026-07-13T23:45:28.332730Z</time></trkpt>
  <trkpt lat="37.4119440" lon="-121.9947191"><ele>12</ele><time>2026-07-13T23:45:28.433962Z</time></trkpt>
  <trkpt lat="37.4119437" lon="-121.9947243"><ele>12</ele><time>2026-07-13T23:45:28.534330Z</time></trkpt>
  <trkpt lat="37.4119431" lon="-121.9947298"><ele>12</ele><time>2026-07-13T23:45:28.634730Z</time></trkpt>
  <trkpt lat="37.4119424" lon="-121.9947356"><ele>12</ele><time>2026-07-13T23:45:28.735389Z</time></trkpt>
  <trkpt lat="37.4119418" lon="-121.9947415"><ele>11</ele><time>2026-07-13T23:45:28.835824Z</time></trkpt>
  <trkpt lat="37.4119410" lon="-121.9947474"><ele>11</ele><time>2026-07-13T23:45:28.936366Z</time></trkpt>
  <trkpt lat="37.4119399" lon="-121.9947534"><ele>10</ele><time>2026-07-13T23:45:29.037271Z</time></trkpt>
  <trkpt lat="37.4119382" lon="-121.9947596"><ele>10</ele><time>2026-07-13T23:45:29.137831Z</time></trkpt>
  <trkpt lat="37.4119363" lon="-121.9947662"><ele>10</ele><time>2026-07-13T23:45:29.238872Z</time></trkpt>
  <trkpt lat="37.4119343" lon="-121.9947729"><ele>10</ele><time>2026-07-13T23:45:29.339010Z</time></trkpt>
  <trkpt lat="37.4119324" lon="-121.9947797"><ele>9</ele><time>2026-07-13T23:45:29.439801Z</time></trkpt>
  <trkpt lat="37.4119306" lon="-121.9947867"><ele>9</ele><time>2026-07-13T23:45:29.540096Z</time></trkpt>
  <trkpt lat="37.4119306" lon="-121.9947867"><ele>9</ele><time>2026-07-13T23:45:29.545787Z</time></trkpt>
  <trkpt lat="37.4119288" lon="-121.9947937"><ele>9</ele><time>2026-07-13T23:45:29.640695Z</time></trkpt>
  <trkpt lat="37.4119272" lon="-121.9948008"><ele>8</ele><time>2026-07-13T23:45:29.741524Z</time></trkpt>
  <trkpt lat="37.4119256" lon="-121.9948081"><ele>8</ele><time>2026-07-13T23:45:29.841986Z</time></trkpt>
  <trkpt lat="37.4119245" lon="-121.9948156"><ele>7</ele><time>2026-07-13T23:45:29.942520Z</time></trkpt>
  <trkpt lat="37.4119231" lon="-121.9948231"><ele>7</ele><time>2026-07-13T23:45:30.043042Z</time></trkpt>
  <trkpt lat="37.4119219" lon="-121.9948307"><ele>7</ele><time>2026-07-13T23:45:30.143521Z</time></trkpt>
  <trkpt lat="37.4119207" lon="-121.9948381"><ele>7</ele><time>2026-07-13T23:45:30.243606Z</time></trkpt>
  <trkpt lat="37.4119198" lon="-121.9948458"><ele>7</ele><time>2026-07-13T23:45:30.343981Z</time></trkpt>
  <trkpt lat="37.4119190" lon="-121.9948535"><ele>6</ele><time>2026-07-13T23:45:30.444579Z</time></trkpt>
  <trkpt lat="37.4119180" lon="-121.9948612"><ele>6</ele><time>2026-07-13T23:45:30.545055Z</time></trkpt>
  <trkpt lat="37.4119170" lon="-121.9948692"><ele>5</ele><time>2026-07-13T23:45:30.645219Z</time></trkpt>
  <trkpt lat="37.4119159" lon="-121.9948773"><ele>5</ele><time>2026-07-13T23:45:30.745787Z</time></trkpt>
  <trkpt lat="37.4119150" lon="-121.9948860"><ele>4</ele><time>2026-07-13T23:45:30.846328Z</time></trkpt>
  <trkpt lat="37.4119139" lon="-121.9948951"><ele>4</ele><time>2026-07-13T23:45:30.947064Z</time></trkpt>
  <trkpt lat="37.4119123" lon="-121.9949040"><ele>4</ele><time>2026-07-13T23:45:31.047264Z</time></trkpt>
  <trkpt lat="37.4119105" lon="-121.9949128"><ele>3</ele><time>2026-07-13T23:45:31.147870Z</time></trkpt>
  <trkpt lat="37.4119088" lon="-121.9949216"><ele>3</ele><time>2026-07-13T23:45:31.248043Z</time></trkpt>
  <trkpt lat="37.4119071" lon="-121.9949302"><ele>3</ele><time>2026-07-13T23:45:31.328266Z</time></trkpt>
  <trkpt lat="37.4119053" lon="-121.9949387"><ele>2</ele><time>2026-07-13T23:45:31.449172Z</time></trkpt>
  <trkpt lat="37.4119042" lon="-121.9949475"><ele>2</ele><time>2026-07-13T23:45:31.529442Z</time></trkpt>
  <trkpt lat="37.4119033" lon="-121.9949562"><ele>2</ele><time>2026-07-13T23:45:31.630935Z</time></trkpt>
  <trkpt lat="37.4119033" lon="-121.9949562"><ele>2</ele><time>2026-07-13T23:45:31.701964Z</time></trkpt>
  <trkpt lat="37.4119025" lon="-121.9949646"><ele>1</ele><time>2026-07-13T23:45:31.731532Z</time></trkpt>
  <trkpt lat="37.4119019" lon="-121.9949731"><ele>1</ele><time>2026-07-13T23:45:31.832238Z</time></trkpt>
  <trkpt lat="37.4119014" lon="-121.9949815"><ele>1</ele><time>2026-07-13T23:45:31.933111Z</time></trkpt>
  <trkpt lat="37.4119003" lon="-121.9949891"><ele>0</ele><time>2026-07-13T23:45:32.033868Z</time></trkpt>
  <trkpt lat="37.4119005" lon="-121.9949954"><ele>0</ele><time>2026-07-13T23:45:32.134209Z</time></trkpt>
  <trkpt lat="37.4119012" lon="-121.9949988"><ele>0</ele><time>2026-07-13T23:45:32.234718Z</time></trkpt>
  <trkpt lat="37.4119013" lon="-121.9949993"><ele>0</ele><time>2026-07-13T23:45:32.335126Z</time></trkpt>
  <trkpt lat="37.4119014" lon="-121.9949990"><ele>0</ele><time>2026-07-13T23:45:32.436201Z</time></trkpt>
  <trkpt lat="37.4119014" lon="-121.9949987"><ele>0</ele><time>2026-07-13T23:45:32.537528Z</time></trkpt>
  <trkpt lat="37.4119012" lon="-121.9949986"><ele>0</ele><time>2026-07-13T23:45:32.637185Z</time></trkpt>
  <trkpt lat="37.4119010" lon="-121.9949983"><ele>0</ele><time>2026-07-13T23:45:32.737591Z</time></trkpt>
  <trkpt lat="37.4119009" lon="-121.9949982"><ele>0</ele><time>2026-07-13T23:45:32.838084Z</time></trkpt>
  <trkpt lat="37.4119008" lon="-121.9949981"><ele>0</ele><time>2026-07-13T23:45:32.938776Z</time></trkpt>
  <trkpt lat="37.4119007" lon="-121.9949979"><ele>0</ele><time>2026-07-13T23:45:33.039128Z</time></trkpt>
  <trkpt lat="37.4119006" lon="-121.9949980"><ele>0</ele><time>2026-07-13T23:45:33.139676Z</time></trkpt>
  <trkpt lat="37.4119005" lon="-121.9949978"><ele>0</ele><time>2026-07-13T23:45:33.240256Z</time></trkpt>
  <trkpt lat="37.4119005" lon="-121.9949977"><ele>0</ele><time>2026-07-13T23:45:33.341003Z</time></trkpt>
  <trkpt lat="37.4119004" lon="-121.9949977"><ele>0</ele><time>2026-07-13T23:45:33.441511Z</time></trkpt>
</trkseg></trk>
</gpx>