timestamp_ms,pos_raw_n,pos_raw_e,pos_raw_d,vel_n,vel_e,vel_d,quat_w,quat_x,quat_y,quat_z
160229,0.6875,0.4375,0.0,0.05078125,0.08984375,0.0,-0.9705496383556627,0.01641895809808649,-0.14050721762749108,0.19501327555162207
160238,0.75,0.4375,0.0,0.05859375,0.0703125,0.0,-0.9705191198461867,0.019318216498306222,-0.13943906979583118,0.195654164250618
160279,0.75,0.4375,0.0,0.078125,0.0703125,-0.01171875,-0.9710379345072787,0.020508438367870113,-0.13608203375347147,0.19534897915585803
160330,0.75,0.4375,0.0,0.078125,0.078125,-0.03125,-0.9719229712820826,0.020966216010010072,-0.1293069246498001,0.195471053193762
160371,0.75,0.4375,0.0,0.0703125,0.08984375,-0.03125,-0.9724112674336985,0.019745475630970184,-0.12518692587054048,0.19586779381695
160421,0.75,0.4375,0.0,0.05859375,0.078125,-0.03125,-0.9728995635853145,0.015381328775902585,-0.12179937131870479,0.19592883083590198
160482,0.75,0.4375,0.0,0.05859375,0.0703125,-0.03125,-0.9727164525284585,0.013214514603106785,-0.12057863093966491,0.1978209784234138
160527,0.75,0.4375,0.0,0.05859375,0.05078125,-0.01171875,-0.9716483046967986,0.015045625171666617,-0.12335581530198066,0.2011169774468215
160573,0.75,0.4375,0.0,0.0703125,0.03125,0.01953125,-0.9697561571092868,0.020508438367870113,-0.12985625782036805,0.2056031983397931
160623,0.8125,0.4375,0.0,0.0703125,0.03125,0.01953125,-0.9685354167302469,0.027588732566301462,-0.1348002563554796,0.20731223487044892
160674,0.8125,0.4375,0.0,0.08984375,0.0390625,0.01171875,-0.967894528031251,0.03402813806573687,-0.13953062532425917,0.20627460554826502
160724,0.8125,0.4375,-0.0625,0.109375,0.05859375,0.0,-0.9670705282753991,0.040498062074648275,-0.14493240150151065,0.20520645771660512
160775,0.8125,0.4375,-0.0625,0.12109375,0.05859375,-0.03125,-0.9662160100100711,0.04611346781823176,-0.1490829187902463,0.20514542069765312
160826,0.8125,0.4375,-0.0625,0.12890625,0.0703125,-0.05078125,-0.9660634174626911,0.04751731925412763,-0.1487166966765343,0.20575579088717308
160877,0.8125,0.4375,-0.0625,0.12109375,0.0703125,-0.0703125,-0.966460158085879,0.04602191228980377,-0.14532914212469863,0.206701864680929
160927,0.875,0.4375,-0.0625,0.109375,0.078125,-0.0703125,-0.9669789727469711,0.04385509811700797,-0.14154484694967498,0.2074037903988769
160979,0.875,0.4375,-0.0625,0.078125,0.0703125,-0.05859375,-0.967284157841731,0.04119998779259621,-0.13995788445692312,0.20758690145573291
161031,0.875,0.4375,-0.0625,0.078125,0.05859375,-0.05859375,-0.967345194860683,0.03836176641132847,-0.14059877315591907,0.20731223487044892
161081,0.875,0.4375,-0.125,0.078125,0.03125,-0.05078125,-0.967314676351207,0.037202063051240575,-0.14154484694967498,0.20709860530411695
161132,0.875,0.4375,-0.125,0.0703125,0.01953125,-0.0390625,-0.9671620838038271,0.037568285164952545,-0.14264351329081087,0.20697653126621296
161182,0.875,0.4375,-0.125,0.0703125,0.01171875,-0.03125,-0.9670705282753991,0.039155247657704395,-0.14288766136661885,0.20700704977568896
161223,0.875,0.4375,-0.125,0.05859375,0.01171875,-0.01953125,-0.9669179357280191,0.040650654622028264,-0.14285714285714285,0.2074343089083529
161278,0.875,0.4375,-0.125,0.05078125,0.01171875,-0.01953125,-0.966612750633259,0.041779839472640155,-0.14304025391399883,0.2084414197210608
161324,0.875,0.4375,-0.125,0.0390625,0.01171875,-0.01953125,-0.9661549729911191,0.04220709860530412,-0.14337595751823481,0.21027253028962065
161375,0.875,0.375,-0.125,0.0390625,0.01171875,-0.01953125,-0.9655446028015991,0.04272591326639607,-0.1434369945371868,0.2129581591235084
161426,0.875,0.375,-0.125,0.05078125,0.01953125,-0.01171875,-0.9647816400646992,0.04309213538010804,-0.14383373516037476,0.21601001007110812
161476,0.875,0.375,-0.1875,0.0390625,0.01953125,-0.01171875,-0.9640186773277993,0.04303109836115604,-0.14581743827631458,0.21808526871547593
161528,0.9375,0.375,-0.1875,0.03125,0.01171875,-0.01953125,-0.9634083071382794,0.042542802209540084,-0.14926602984710227,0.2186040833765679
161578,0.9375,0.375,-0.1875,0.03125,0.01171875,-0.03125,-0.9631031220435194,0.0445265053254799,-0.15198217719046603,0.217566454054384
161628,0.9375,0.375,-0.1875,0.05078125,0.0,-0.03125,-0.9632557145908994,0.04574724570451979,-0.15359965819269386,0.21549119541001618
161679,0.9375,0.375,-0.1875,0.05078125,0.0,-0.0390625,-0.9634388256477554,0.04617450483718375,-0.15491195410016176,0.21362956633198035
161730,0.9375,0.375,-0.1875,0.03125,0.0,-0.05078125,-0.9633777886288034,0.04510635700552385,-0.15628528702658162,0.21326334421826837
161780,0.9375,0.375,-0.1875,0.03125,0.01171875,-0.0703125,-0.9630115665150915,0.043122653889584035,-0.1575365459150975,0.2143925290688803
161830,0.9375,0.375,-0.25,0.01953125,0.01953125,-0.109375,-0.9623706778160954,0.04251228370006409,-0.15939817499313333,0.21594897305215613
161871,0.9375,0.3125,-0.25,0.01953125,0.03125,-0.12109375,-0.9614551225318155,0.04303109836115604,-0.16278572954496903,0.217413861507004
161921,0.9375,0.3125,-0.25,0.03125,0.03125,-0.12109375,-0.9599902340769677,0.04477065340128788,-0.16785180211798456,0.2196722312082278
161973,0.9375,0.3125,-0.25,0.05859375,0.01953125,-0.109375,-0.9593493453779718,0.04504531998657186,-0.1696523941770684,0.22104556413464765
162023,0.9375,0.3125,-0.25,0.0703125,0.01953125,-0.08984375,-0.9603564561906797,0.04229865413373211,-0.16501358073671682,0.2207098605304117
162085,0.9375,0.3125,-0.25,0.08984375,0.01953125,-0.0703125,-0.9621265297402875,0.03878902554399243,-0.15604113895077365,0.22013000885036774
162124,0.9375,0.3125,-0.3125,0.078125,0.01171875,-0.0390625,-0.9627674184392834,0.03543198950163274,-0.15170751060518203,0.22095400860621967
162175,0.9375,0.3125,-0.3125,0.078125,-0.01953125,-0.03125,-0.9625537888729514,0.036133915219580676,-0.14719077120273447,0.22473830378124332
162226,1.0,0.3125,-0.3125,0.078125,-0.05078125,-0.03125,-0.9622180852687154,0.04190191351054415,-0.14065981017487106,0.2293465987121189
162276,1.0,0.3125,-0.3125,0.05859375,-0.05859375,-0.01171875,-0.9623096407971434,0.04699850459303568,-0.13299966429639576,0.2325205236976226
162328,1.0,0.3125,-0.3125,0.03125,-0.0390625,0.0,-0.9632862331003754,0.048554948576311534,-0.12463759269997253,0.23285622730185856
162378,1.0,0.25,-0.3125,-0.01171875,-0.03125,0.0,-0.9646290475173193,0.04730368968779565,-0.11670278023621326,0.23163548692281868
162428,1.0,0.25,-0.3125,0.01171875,-0.0390625,0.0,-0.9652699362163152,0.045930356761375773,-0.11218604083376568,0.2314828943754387
162479,1.0,0.25,-0.3125,0.05859375,-0.05859375,-0.01953125,-0.9655751213110751,0.04474013489181188,-0.1076998199407941,0.2325815607165746
162530,1.0,0.25,-0.3125,0.1015625,-0.05859375,-0.0390625,-0.9660634174626911,0.0445875423444319,-0.10126041444135868,0.23343607898190252
162580,1.0,0.25,-0.375,0.140625,-0.05859375,-0.05859375,-0.9669789727469711,0.04370250556962798,-0.09421063875240333,0.23279519028290657
162620,1.0,0.25,-0.375,0.1484375,-0.0390625,-0.0703125,-0.967802972502823,0.04354991302224799,-0.0892361217078158,0.23129978331858272
162671,1.0,0.25,-0.375,0.1484375,-0.03125,-0.0703125,-0.9690847499008148,0.043488876003296,-0.08410901211584826,0.22782067323831903
162722,1.0,0.25,-0.375,0.12890625,-0.03125,-0.078125,-0.9710074159978027,0.041016876735740226,-0.0793176061281167,0.2217780083620716
162772,1.0,0.25,-0.375,0.12109375,-0.01953125,-0.08984375,-0.9730216376232185,0.038239692373424485,-0.07480086672566912,0.21485030671102023
162833,1.0,0.25,-0.375,0.12109375,-0.0390625,-0.1015625,-0.9747611926633504,0.03567613757744072,-0.07248146000549333,0.20813623462630085
162874,1.0,0.25,-0.4375,0.109375,-0.05078125,-0.12890625,-0.9755546739097263,0.0348216193121128,-0.07119968260750145,0.20496230964079715
162925,1.0625,0.1875,-0.4375,0.08984375,-0.0390625,-0.140625,-0.9761345255897702,0.03436384166997284,-0.0707113864558855,0.20249031037324136
162975,1.0625,0.1875,-0.4375,0.078125,-0.03125,-0.140625,-0.9763481551561022,0.03411969359416486,-0.07202368236335338,0.20096438489944152
163026,1.0625,0.1875,-0.4375,0.078125,-0.01953125,-0.12890625,-0.9765923032319102,0.033417767876216926,-0.07226783043916135,0.19977416302987763
163077,1.0625,0.1875,-0.5,0.078125,-0.03125,-0.12109375,-0.9768974883266701,0.03167821283608509,-0.07306131168553728,0.19824823755607776
163129,1.0625,0.1875,-0.5,0.0703125,-0.03125,-0.109375,-0.9772331919309061,0.030701620532853177,-0.07428205206457716,0.19641712698751793
163178,1.0625,0.1875,-0.5,0.05859375,-0.01953125,-0.1015625,-0.977446821497238,0.030945768608661155,-0.076143681142613,0.1945554979094821
163228,1.0625,0.1875,-0.5,0.0390625,-0.01171875,-0.078125,-0.977568895535142,0.03183080538346507,-0.07681508835108493,0.1934568315683462
163279,1.0625,0.1875,-0.5,0.03125,-0.01171875,-0.0703125,-0.977629932554094,0.03247169408246101,-0.07556382946256905,0.19363994262520218
163330,1.0625,0.1875,-0.5,0.01953125,-0.01171875,-0.05859375,-0.977477340006714,0.032898953215124975,-0.07339701528977324,0.19507431257057406
163380,1.0625,0.125,-0.5,0.01171875,-0.01953125,-0.05859375,-0.9772331919309061,0.033356730857264934,-0.07046723838007751,0.19736320078127384
163431,1.0625,0.125,-0.5625,0.01171875,-0.01171875,-0.05859375,-0.9767448957792901,0.03457747123630482,-0.06723227637562182,0.20059816278572953
163482,1.0625,0.125,-0.5625,0.01171875,0.0,-0.05859375,-0.9762260811181982,0.03439436017944884,-0.065095980712302,0.20389416180913725
163526,1.0625,0.125,-0.5625,0.01171875,0.0,-0.05859375,-0.9759819330423902,0.03360087893307291,-0.06335642567217017,0.2056642353587451
163583,1.125,0.125,-0.5625,0.01171875,0.0,-0.0703125,-0.9760124515518662,0.032898953215124975,-0.059968871120334485,0.206701864680929
163634,1.125,0.125,-0.5625,0.0,0.01171875,-0.05078125,-0.9761955626087222,0.03204443494979705,-0.05829035309915464,0.206396679586169
163674,1.125,0.125,-0.5625,0.0,0.01953125,-0.03125,-0.9763176366466262,0.03128147221289712,-0.05804620502334666,0.20599993896298105
163725,1.125,0.125,-0.5625,-0.01171875,0.01953125,-0.01171875,-0.9760734885708182,0.03225806451612903,-0.0608539078951384,0.20624408703878902
163775,1.125,0.125,-0.5625,-0.01171875,0.03125,0.01171875,-0.9752800073244423,0.03415021210364086,-0.0694906460768456,0.20700704977568896
163826,1.125,0.125,-0.5625,0.01171875,0.03125,0.01953125,-0.9742118594927823,0.03439436017944884,-0.0837427900021363,0.206671346171453
163877,1.125,0.125,-0.625,0.05078125,0.03125,-0.01171875,-0.9732963042085024,0.0347605822931608,-0.09860530411694693,0.2043519394512772
163927,1.125,0.125,-0.625,0.05859375,0.03125,-0.05859375,-0.9734183782464064,0.03292947172460097,-0.10831019013031404,0.19910275582140569
163977,1.125,0.0625,-0.625,0.0703125,0.03125,-0.12109375,-0.9743339335306863,0.028839991454817346,-0.11185033722952971,0.19318216498306223
164029,1.125,0.0625,-0.625,0.0703125,0.0390625,-0.140625,-0.9749137852107304,0.022766808069093907,-0.11365092928861355,0.18997772148808253
164079,1.125,0.0625,-0.625,0.05859375,0.05078125,-0.171875,-0.9747001556443984,0.01730399487289041,-0.11395611438337351,0.19150364696188238
164131,1.125,0.0625,-0.625,0.0390625,0.05859375,-0.1796875,-0.9735404522843104,0.012329477828302866,-0.11316263313699759,0.19812616351817378
164171,1.125,0.0625,-0.6875,0.03125,0.0390625,-0.171875,-0.9719534897915586,0.006866664632099368,-0.11316263313699759,0.20599993896298105
164221,1.1875,0.0625,-0.6875,0.01171875,0.01171875,-0.1484375,-0.9700308236945707,0.0016174810022278512,-0.11285744804223762,0.2151860103152562
164276,1.1875,0.0625,-0.6875,0.0,0.01171875,-0.140625,-0.9685048982207709,0.00012207403790398877,-0.11398663289284951,0.22138126773888364
164322,1.1875,0.0625,-0.6875,0.0,0.0,-0.1015625,-0.967375713370159,-0.000946073793755913,-0.11709952085940123,0.22461622974333934
164383,1.1875,0.0625,-0.6875,0.0,0.0,-0.0703125,-0.9658192693868831,0.0022583697012237922,-0.12466811120944853,0.2272408215582751
164424,1.1875,0.0625,-0.75,-0.01171875,0.0,-0.05078125,-0.9648426770836512,0.005829035309915464,-0.13016144291512802,0.228247932370983
164474,1.1875,0.0625,-0.75,-0.01953125,0.0,-0.0390625,-0.9639881588183233,0.00793481246375927,-0.13516647846919155,0.22891933957945493
164526,1.1875,0.0,-0.75,-0.01171875,0.0,-0.05078125,-0.9630115665150915,0.009002960295419173,-0.1382183294167913,0.23111667226172675
164576,1.1875,0.0,-0.75,0.0,-0.01171875,-0.0703125,-0.9617297891170995,0.008545182653279214,-0.13946958830530717,0.2356334116641743
164627,1.1875,0.0,-0.75,0.0,-0.0390625,-0.08984375,-0.9597155674916837,0.010376293221839045,-0.14188055055391094,0.2422864467299417
164678,1.1875,0.0,-0.75,0.01171875,-0.0390625,-0.1015625,-0.9572435682241279,0.013061922055726798,-0.14545121616260262,0.24970244453260904
164729,1.1875,0.0,-0.75,0.01171875,-0.03125,-0.12109375,-0.9551683095797602,0.013946958830530718,-0.14816736350596638,0.25595873897518845
164780,1.25,0.0,-0.75,0.01953125,-0.01171875,-0.140625,-0.9539780877101962,0.013580736716818751,-0.14929654835657827,0.2597125156407361
164821,1.25,0.0,-0.8125,0.03125,0.0,-0.140625,-0.9534592730491043,0.012848292489394819,-0.1499984740745262,0.261238441114536
164871,1.25,0.0,-0.8125,0.0390625,0.01171875,-0.140625,-0.9533677175206763,0.009857478560747094,-0.1511886959440901,0.260994293038728
164922,1.25,0.0,-0.8125,0.0703125,0.0,-0.140625,-0.9537339396343882,0.007751701406903287,-0.15289773247474595,0.25876644184698017
164982,1.25,0.0,-0.8125,0.0703125,-0.01171875,-0.140625,-0.9543137913144322,0.008545182653279214,-0.15567491683706167,0.2549211096530046
165023,1.25,-0.0625,-0.8125,0.05859375,0.0,-0.140625,-0.9547410504470961,0.008880886257515184,-0.1575365459150975,0.2522049623096408
165075,1.25,-0.0625,-0.8125,0.05859375,0.0,-0.12890625,-0.9557481612598041,0.007232886745811335,-0.15796380504776147,0.24805444502090518
165125,1.25,-0.0625,-0.8125,0.05859375,-0.01171875,-0.109375,-0.956816309091464,0.007049775688955351,-0.15695669423505357,0.2445448164311655
165178,1.3125,-0.0625,-0.875,0.0703125,-0.01953125,-0.08984375,-0.956633198034608,0.009582811975463118,-0.15942869350260933,0.24362926114688557
165227,1.3125,-0.0625,-0.875,0.0703125,-0.0390625,-0.078125,-0.9557481612598041,0.013733329264198737,-0.16327402569658497,0.2443617053743095
165278,1.3125,-0.0625,-0.875,0.0703125,-0.03125,-0.08984375,-0.9552903836176642,0.01901303140354625,-0.16364024781029696,0.2454603717154454
165329,1.3125,-0.0625,-0.875,0.1015625,-0.0390625,-0.1015625,-0.9557786797692801,0.024628437147129735,-0.15952024903103731,0.2457960753196814
165379,1.3125,-0.0625,-0.875,0.109375,-0.0390625,-0.08984375,-0.956572161015656,0.029755546739097263,-0.1543626209295938,0.2454908902249214
165430,1.375,-0.0625,-0.875,0.109375,-0.0390625,-0.078125,-0.9575182348094119,0.03512680440687277,-0.14932706686605426,0.24420911282692953
165480,1.375,-0.125,-0.875,0.109375,-0.03125,-0.0703125,-0.9583117160557878,0.039368877224036376,-0.14529862361522264,0.24280526139103367
165531,1.375,-0.125,-0.875,0.12109375,-0.01953125,-0.05078125,-0.9584337900936918,0.04318369090853603,-0.14316232795190284,0.24295785393841365
165575,1.375,-0.125,-0.875,0.12109375,-0.01171875,-0.05078125,-0.9584948271126438,0.045014801477095856,-0.141361735892819,0.2435071871089816
165633,1.375,-0.125,-0.875,0.12890625,-0.01953125,-0.05078125,-0.9585253456221198,0.04776146732993561,-0.13974425489059114,0.24378185369426558
165674,1.4375,-0.125,-0.875,0.12109375,-0.01953125,-0.05859375,-0.9589526047547837,0.049836725974303414,-0.13815729239783928,0.24259163182470167
165724,1.4375,-0.125,-0.875,0.12109375,-0.01953125,-0.0703125,-0.9593798638874478,0.05084383678701132,-0.13718070009460737,0.2412182988982818
165775,1.4375,-0.125,-0.9375,0.1015625,-0.01171875,-0.08984375,-0.9595019379253518,0.05078279976805933,-0.13702810754722738,0.24085207678456985
165826,1.4375,-0.125,-0.9375,0.08984375,-0.01171875,-0.1015625,-0.9592272713400678,0.0511490218817713,-0.13766899624622334,0.24149296548356577
165877,1.4375,-0.125,-0.9375,0.08984375,-0.01171875,-0.08984375,-0.9590441602832118,0.05008087405011139,-0.13843195898312327,0.24195074312570575
165928,1.4375,-0.1875,-0.9375,0.08984375,-0.01953125,-0.08984375,-0.9592883083590198,0.04718161564989166,-0.1369670705282754,0.24250007629627368
165983,1.5,-0.1875,-0.9375,0.08984375,0.0,-0.1015625,-0.9591357158116398,0.04510635700552385,-0.13632618182927947,0.24378185369426558
166030,1.5,-0.1875,-0.9375,0.08984375,0.0,-0.1015625,-0.9588915677358317,0.04196295052949614,-0.13843195898312327,0.24414807580797754
166080,1.5,-0.1875,-0.9375,0.078125,-0.01171875,-0.109375,-0.9590136417737358,0.039826654866176335,-0.13940855128635518,0.2434461500900296
166121,1.5,-0.1875,-0.9375,0.078125,-0.01171875,-0.12109375,-0.9592577898495438,0.03860591448713645,-0.13974425489059114,0.24253059480574968
166172,1.5,-0.1875,-0.9375,0.0703125,-0.01953125,-0.109375,-0.9598071230201117,0.03390606402783288,-0.14017151402325512,0.24082155827509386
166224,1.5,-0.1875,-0.9375,0.078125,-0.01953125,-0.1015625,-0.9599902340769677,0.031250953703421125,-0.14047669911801508,0.2402417065950499
166273,1.5,-0.1875,-0.9375,0.1015625,-0.03125,-0.08984375,-0.9597460860011597,0.029602954191717278,-0.14120914334543902,0.24094363231299784
166333,1.5625,-0.1875,-0.9375,0.12890625,-0.0390625,-0.1015625,-0.9598376415295877,0.02728354747154149,-0.14059877315591907,0.2412182988982818
166378,1.5625,-0.1875,-1.0,0.140625,-0.05078125,-0.109375,-0.9598376415295877,0.02587969603564562,-0.1402020325327311,0.24164555803094576
166424,1.5625,-0.25,-1.0,0.16015625,-0.05078125,-0.140625,-0.9600817896053957,0.0239265114291818,-0.1378826258125553,0.24222540971098971
166475,1.5625,-0.25,-1.0,0.171875,-0.05078125,-0.140625,-0.9600207525864437,0.02099673451948607,-0.1357768486587115,0.24384289071321757
166526,1.625,-0.25,-1.0,0.1796875,-0.05078125,-0.140625,-0.9602038636432997,0.017761772515030368,-0.13385418256172368,0.2445448164311655
166577,1.625,-0.25,-1.0,0.19140625,-0.0390625,-0.12890625,-0.9604785302285836,0.014801477095858639,-0.13183996093630787,0.2446668904690695
166627,1.625,-0.25,-1.0,0.19140625,-0.0390625,-0.109375,-0.9609668263801996,0.012115848261970886,-0.130314035462508,0.24375133518478959
166678,1.6875,-0.25,-1.0,0.19140625,-0.03125,-0.1015625,-0.9619739371929075,0.008331553086947234,-0.12805566576128422,0.24115726187932982
166728,1.6875,-0.25,-1.0,0.19921875,-0.01953125,-0.05859375,-0.9626758629108554,0.006469924008911405,-0.12640766624958036,0.239234595782342
166784,1.6875,-0.25,-1.0,0.21875,-0.01953125,-0.05859375,-0.9632251960814234,0.004943998535111545,-0.12582781456953643,0.23740348521378216
166830,1.75,-0.25,-1.0,0.21875,-0.0390625,-0.0390625,-0.9637745292519914,0.004150517288735618,-0.12582781456953643,0.23514511551255837
166891,1.75,-0.25,-1.0,0.23046875,-0.05078125,-0.01953125,-0.9646290475173193,0.004272591326639607,-0.12436292611468856,0.23236793115024262
166921,1.75,-0.25,-1.0,0.23828125,-0.05859375,0.0,-0.9647816400646992,0.004089480269783624,-0.12384411145359661,0.23197119052705467
166972,1.75,-0.25,-1.0,0.26953125,-0.078125,0.01953125,-0.9644764549699393,0.004974517044587542,-0.12424085207678456,0.23306985686819057
167022,1.8125,-0.3125,-1.0,0.26953125,-0.1015625,0.05078125,-0.9640186773277993,0.00784325693533128,-0.12564470351268045,0.23410748619037447
167073,1.8125,-0.3125,-1.0,0.26953125,-0.109375,0.0703125,-0.9638966032898953,0.01043733024079104,-0.12631611072115237,0.23416852320932646
167123,1.8125,-0.3125,-1.0,0.2890625,-0.1015625,0.078125,-0.9638050477614674,0.011780144657734916,-0.12552262947477646,0.2349314859462264
167174,1.875,-0.3125,-1.0,0.30859375,-0.08984375,0.05078125,-0.9636829737235634,0.01574755088961455,-0.12350840784936064,0.23627430036317026
167227,1.875,-0.3125,-1.0,0.328125,-0.078125,0.03125,-0.9636829737235634,0.016479995117038484,-0.12042603839228493,0.23783074434644613
167279,1.875,-0.3125,-1.0,0.3515625,-0.0703125,0.0,-0.9638966032898953,0.013885921811578723,-0.11871700186162908,0.23798333689382611
167327,1.875,-0.3125,-1.0,0.33984375,-0.0703125,0.01171875,-0.9643543809320353,0.011688589129306926,-0.11661122470778527,0.23731192968535417
167378,1.9375,-0.3125,-1.0,0.33984375,-0.078125,0.01953125,-0.9650868251594592,0.011169774468214972,-0.11584826197088534,0.2346873378704184
167428,1.9375,-0.3125,-1.0,0.30859375,-0.1015625,0.05078125,-0.9653309732352672,0.013672292245246742,-0.11844233527634511,0.23218482009338665
167479,1.9375,-0.3125,-1.0,0.23828125,-0.140625,0.109375,-0.9655446028015991,0.021149327066866053,-0.12225714896084475,0.22882778405102694
167530,2.0,-0.375,-0.9375,0.19140625,-0.171875,0.16015625,-0.9657582323679311,0.02597125156407361,-0.12384411145359661,0.22647785882137517
167580,2.0,-0.375,-0.9375,0.1015625,-0.19140625,0.21875,-0.9648731955931272,0.02642902920621357,-0.1261024811548204,0.22898037659840692
167621,2.0,-0.375,-0.9375,0.05078125,-0.1796875,0.26171875,-0.9627674184392834,0.027588732566301462,-0.13336588641010774,0.23346659749137852
167683,2.0,-0.375,-0.9375,-0.01171875,-0.16015625,0.30859375,-0.9586779381694998,0.03030487990966521,-0.14746543778801843,0.24143192846461378
167723,2.0,-0.375,-0.875,-0.0703125,-0.171875,0.33984375,-0.956450086977752,0.03286843470564898,-0.15463728751487776,0.24533829767754142
167774,2.0,-0.375,-0.875,-0.0703125,-0.19921875,0.37109375,-0.9526352732932524,0.040406506546220286,-0.16565446943571277,0.25180822168645284
167825,2.0,-0.4375,-0.875,-0.0703125,-0.1484375,0.390625,-0.9470809045686208,0.05121005890072329,-0.18204290902432324,0.25940733054597614
167876,2.0,-0.4375,-0.875,-0.01953125,-0.0390625,0.328125,-0.9430219428083132,0.05172887356181524,-0.19327372051149022,0.26584673604541154
167926,2.0,-0.4375,-0.875,0.05859375,0.0390625,0.25,-0.9403363139744255,0.04498428296761986,-0.19147312845240638,0.27762688070314645
167977,2.0625,-0.375,-0.875,0.25,0.1484375,0.1484375,-0.9353923154393139,0.03518784142582476,-0.184820093386639,0.29941709646900844
168027,2.0625,-0.375,-0.875,0.3515625,0.2109375,0.1015625,-0.9293496505630665,0.01901303140354625,-0.17258217108676413,0.32584612567522203
168079,2.0625,-0.375,-0.9375,0.51953125,0.26953125,-0.01171875,-0.923795281838435,0.0029602954191717277,-0.1567430646687216,0.34934537797173987
168128,2.125,-0.375,-0.9375,0.69921875,0.23046875,-0.08984375,-0.9186376537369915,-0.011261329996642965,-0.1477095858638264,0.36625263222144233
168179,2.125,-0.375,-0.9375,1.05859375,0.1015625,-0.30078125,-0.9169286172063357,-0.025147251808221686,-0.13556321909237953,0.37449262977996156
168232,2.1875,-0.3125,-1.0,1.3984375,-0.1015625,-0.53125,-0.9179052095095676,-0.01901303140354625,-0.12738425855281227,0.37534714804528946
168271,2.25,-0.375,-1.0,1.76953125,-0.3203125,-0.8203125,-0.9209570604571673,-0.01120029297769097,-0.13510544145023956,0.3653065584276864
168332,2.375,-0.375,-1.0625,2.62890625,-0.6015625,-1.390625,-0.9337748344370861,0.008941923276467178,-0.1651051362651448,0.3173619800408948
168372,2.5,-0.375,-1.125,3.171875,-0.75,-1.76953125,-0.9438459425641652,0.04077272865993225,-0.17957090975676748,0.27426984466078674
168423,2.6875,-0.4375,-1.25,3.30859375,-0.9296875,-1.76171875,-0.9502853480636005,0.06830042420728172,-0.195623645741142,0.2324900051881466
168483,2.8125,-0.5,-1.3125,3.48828125,-1.0390625,-1.66015625,-0.9541611987670522,0.07727286599322489,-0.20795312356944487,0.20087282937101353
168524,3.0,-0.5625,-1.375,3.69140625,-1.171875,-1.73046875,-0.9548020874660481,0.07571642200994903,-0.21463667714468826,0.19113742484817042
168585,3.1875,-0.625,-1.375,3.94140625,-1.328125,-1.78125,-0.9527878658406324,0.07028412732322153,-0.22571489608447523,0.19049653614917447
168636,3.375,-0.6875,-1.4375,4.1796875,-1.48046875,-1.80078125,-0.9490340891750847,0.06064027832880642,-0.2356334116641743,0.20032349620044557
168677,3.5,-0.75,-1.4375,4.3515625,-1.6015625,-1.921875,-0.9435712759788812,0.05182042909024323,-0.24588763084810938,0.21570482497634816
168728,3.75,-0.875,-1.5,4.48046875,-1.7890625,-2.1484375,-0.9337748344370861,0.0445875423444319,-0.2598345896786401,0.24201178014465774
168778,3.9375,-0.9375,-1.5625,4.5,-1.8984375,-2.37109375,-0.9211401715140233,0.03869747001556444,-0.27249977111117896,0.2752464369640187
168829,4.25,-1.0625,-1.625,4.62109375,-2.03125,-2.640625,-0.9047517319254128,0.04287850581377606,-0.2850123599963378,0.3135776848658712
168880,4.375,-1.1875,-1.6875,4.66015625,-2.1484375,-2.76953125,-0.8863490707113865,0.05368205816827906,-0.2979827265236366,0.35035248878444775
168930,4.6875,-1.3125,-1.8125,4.578125,-2.3984375,-3.0703125,-0.868739890743736,0.06564531388286995,-0.3110141300698874,0.37980285042878503
168982,4.875,-1.4375,-1.875,4.44140625,-2.55859375,-3.28125,-0.8543656727805414,0.08865627002777185,-0.3232520523697623,0.39713736381115144
169022,5.0625,-1.5,-2.0,4.2890625,-2.73828125,-3.4609375,-0.8468581194494461,0.10934781945249794,-0.3273720511490219,0.40458388012329477
169083,5.3125,-1.6875,-2.125,4.19921875,-3.0390625,-3.51953125,-0.8430433057649465,0.1338236640522477,-0.3206884975737785,0.4105044709616382
169123,5.5,-1.875,-2.25,4.2109375,-3.28125,-3.48046875,-0.847346415601062,0.13534958952604756,-0.30472731711783196,0.41331217383343
169174,5.75,-2.0625,-2.4375,4.3515625,-3.62890625,-3.21875,-0.8597369304483169,0.12445448164311655,-0.27320169682912687,0.41315958128605
169236,6.0625,-2.3125,-2.625,4.58984375,-3.96875,-2.80859375,-0.8795129245887631,0.08761864070558793,-0.21808526871547593,0.41380046998504594
169277,6.25,-2.5,-2.6875,4.80859375,-4.171875,-2.44140625,-0.891170995208594,0.05197302163762322,-0.1750541703543199,0.4152958769493698
169325,6.4375,-2.6875,-2.8125,5.03125,-4.390625,-1.96875,-0.9014252143925291,0.008239997558519242,-0.12216559343241676,0.4152653584398938
169376,6.75,-2.9375,-2.875,5.30078125,-4.671875,-1.2890625,-0.9063692129276406,-0.03579821161534471,-0.0717184972685934,0.4148075807977538
169426,7.0,-3.125,-2.9375,5.51171875,-4.83984375,-0.921875,-0.9062471388897366,-0.07486190374462111,-0.028443250831629383,0.41511276589251384
169477,7.3125,-3.4375,-3.0,5.78125,-5.0703125,-0.359375,-0.9035920285653248,-0.09183019501327555,0.0019226660969878231,0.4184392834253975
169528,7.5625,-3.625,-3.0,5.96875,-5.25,0.05859375,-0.8986785485396893,-0.09524826807458724,0.01989806817835017,0.42765587328714866
169579,7.9375,-4.0,-3.0,6.23046875,-5.51171875,0.55078125,-0.8933378093813898,-0.08984649189733573,0.019226660969878233,0.4399243140964995
169629,8.1875,-4.25,-3.0,6.37109375,-5.7109375,0.69921875,-0.8903775139622181,-0.07568590350047304,-0.0022888882106997894,0.4488662373729667
169679,8.5625,-4.5625,-2.9375,6.48828125,-5.94921875,0.51171875,-0.8906521805475021,-0.04199346903897214,-0.042664876247444077,0.45072786645100255
169730,8.8125,-4.8125,-2.9375,6.55078125,-6.12890625,0.19140625,-0.8920255134739219,-0.005767998290963469,-0.08966338084047976,0.44297616504409926
169770,9.0625,-5.0625,-2.9375,6.55078125,-6.2890625,-0.2890625,-0.8934904019287698,0.01760917996765038,-0.1239661854915006,0.43125705740531634
169825,9.3125,-5.375,-3.0,6.5390625,-6.48828125,-0.87890625,-0.8965422528763696,0.038850062562944425,-0.1575060274056215,0.4121829889828181
169881,9.75,-5.75,-3.0625,6.37890625,-6.69921875,-1.69140625,-0.9016693624683371,0.054292428357799,-0.18189031647694326,0.38856166264839626
169922,10.0,-6.0625,-3.125,6.328125,-6.83984375,-2.12890625,-0.9035920285653248,0.054292428357799,-0.19425031281472213,0.37794122135074926
169972,10.375,-6.5,-3.25,6.3203125,-6.94921875,-2.69921875,-0.9001739555040131,0.047029023102511676,-0.21069978942228462,0.3782464064455092
170024,10.625,-6.75,-3.375,6.2890625,-7.03125,-3.16015625,-0.891170995208594,0.02804651020844142,-0.22687459944456312,0.39185766167180397
170085,11.0,-7.1875,-3.5625,6.140625,-7.1015625,-3.890625,-0.8759727774895474,6.103701895199438e-05,-0.2447584459974975,0.4156010620441298
170128,11.25,-7.5,-3.75,5.98828125,-7.16015625,-4.4296875,-0.8677022614215522,-0.02270577105014191,-0.2534257026886807,0.42701498458815274
170176,11.625,-7.9375,-4.0,5.7890625,-7.1484375,-5.21875,-0.8622089297158727,-0.06317331461531418,-0.24936674092837305,0.43638416699728383
170228,11.875,-8.25,-4.1875,5.69921875,-7.078125,-5.73828125,-0.8608050782799768,-0.11844233527634511,-0.2249214148380993,0.44090090639973145
170279,12.1875,-8.6875,-4.5625,5.73046875,-7.140625,-5.9296875,-0.8613849299600208,-0.18665120395519882,-0.1860713522751549,0.43424787133396403
170328,12.4375,-9.0,-4.8125,5.7890625,-7.23046875,-5.83984375,-0.8620258186590167,-0.25159459212012086,-0.1467635120700705,0.4147770622882778
170378,12.8125,-9.4375,-5.1875,6.01171875,-7.19921875,-5.640625,-0.8551286355174413,-0.31815546128727074,-0.10779137546922209,0.39487899410992766
170430,13.0625,-9.75,-5.375,6.19921875,-7.19140625,-5.3984375,-0.8400524918362987,-0.380657368694113,-0.07269508957182531,0.37961973937192905
170480,13.4375,-10.1875,-5.6875,6.359375,-7.328125,-4.91015625,-0.8283639027069918,-0.41877498702963345,-0.05304116946928312,0.36823633533738215
170521,13.6875,-10.5,-5.9375,6.390625,-7.5,-4.5390625,-0.8221076082644123,-0.4358653523361919,-0.045167394024475845,0.36347544785912655
170572,14.0625,-10.9375,-6.1875,6.53125,-7.4296875,-4.16015625,-0.8161870174260689,-0.44822534867397074,-0.04281746879482406,0.36207159642323067
170633,14.4375,-11.375,-6.5,6.66015625,-7.28125,-3.9296875,-0.815515610217597,-0.4502700888088626,-0.048768578142643515,0.3603320413830988
170673,14.75,-11.6875,-6.625,6.87109375,-6.9296875,-3.91015625,-0.8163090914639729,-0.4520096438489944,-0.05453657643360698,0.3554490798669393
170727,15.0,-12.0,-6.8125,7.08984375,-6.66015625,-3.87109375,-0.8189947202978607,-0.4508804589983825,-0.06271553697317422,0.34931485946226387
170775,15.4375,-12.375,-7.0625,7.26953125,-6.328125,-3.828125,-0.826807458723716,-0.4404431287575915,-0.07693716238898893,0.3412579729606006
170826,15.6875,-12.625,-7.25,7.5,-6.0390625,-3.83984375,-0.8385570848719749,-0.42362743003631703,-0.09494308297982726,0.32917264320810574
170880,16.125,-13.0,-7.5,7.71875,-5.55078125,-3.94921875,-0.8464003418073062,-0.41718802453688164,-0.1075777459028901,0.3129978331858272
170927,16.5,-13.25,-7.6875,7.9609375,-5.16015625,-4.05859375,-0.8512527848139897,-0.4196600238044374,-0.11581774346140934,0.29294717246009705
170979,16.9375,-13.5625,-7.9375,8.25,-4.640625,-4.21875,-0.8567155980101931,-0.4203009125034333,-0.12433240760521257,0.27191991943113497
171029,17.3125,-13.75,-8.125,8.5,-4.28125,-4.30078125,-0.8683736686300241,-0.41016876735740226,-0.13538010803552356,0.2436597796563616
171079,17.8125,-14.0,-8.4375,8.78125,-3.58984375,-4.48046875,-0.8786889248329112,-0.40046388134403516,-0.14593951231421856,0.21497238074892422
171130,18.1875,-14.1875,-8.625,9.01171875,-3.03125,-4.58984375,-0.8821680349131749,-0.40168462172307506,-0.1498153630176702,0.19492172002319408
171181,18.75,-14.375,-8.9375,9.390625,-2.3203125,-4.671875,-0.881008331553087,-0.4100466933194983,-0.1480758079775384,0.1837214270455031
171221,19.1875,-14.4375,-9.125,9.58984375,-2.078125,-4.578125,-0.881221961119419,-0.41383098849452193,-0.14398632770775474,0.17746513260292368
171272,19.5625,-14.5625,-9.3125,9.828125,-1.828125,-4.48046875,-0.880489516891995,-0.4198736533707694,-0.13657032990508744,0.17261268959624013
171325,20.25,-14.6875,-9.625,10.23046875,-1.5390625,-4.26953125,-0.8847315897091586,-0.41679128391369363,-0.12775048066652425,0.16495254371776483
171375,20.625,-14.75,-9.8125,10.4609375,-1.37890625,-4.08984375,-0.8991363261818293,-0.391827143162328,-0.12244026001770074,0.15170751060518203
171425,21.375,-14.875,-10.125,10.890625,-1.171875,-3.80859375,-0.9198278756065553,-0.3501083407086398,-0.11786248359630115,0.13205359050263984
171475,21.8125,-14.9375,-10.25,11.08984375,-1.01171875,-3.58984375,-0.9411603137302774,-0.2980132450331126,-0.1130710776085696,0.11227759636219367
171526,22.5625,-15.0,-10.5,11.41015625,-0.7109375,-3.328125,-0.9612414929654836,-0.23328348643452254,-0.10910367137668996,0.09848323007904294
171577,23.0,-15.0,-10.6875,11.55859375,-0.578125,-3.16015625,-0.9768364513077181,-0.16138187810907315,-0.10687582018494217,0.09109775078585162
171628,23.8125,-15.0625,-10.9375,11.83984375,-0.41015625,-3.0,-0.9860530411694692,-0.09366130558183539,-0.10763878292184209,0.08557390057069612
171684,24.3125,-15.0625,-11.0625,11.94140625,-0.3515625,-3.03125,-0.9904171880245369,-0.03750724814600055,-0.1097750785851619,0.0750755333109531
171729,25.0625,-15.125,-11.3125,12.16015625,-0.23046875,-3.2109375,-0.9917294839320048,-0.0035401470992156743,-0.11252174443800164,0.06161687063203833
171780,25.5625,-15.125,-11.4375,12.25,-0.171875,-3.2890625,-0.9920957060457167,0.017548142948698386,-0.11450544755394147,0.048402356028931545
171821,26.125,-15.125,-11.625,12.4296875,-0.05078125,-3.33984375,-0.9921567430646687,0.023102511673329874,-0.11484115115817743,0.04376354258857997
171872,26.875,-15.125,-11.8125,12.58984375,0.05078125,-3.30078125,-0.9920957060457167,0.021332438123722038,-0.11664174321726127,0.04119998779259621
171933,27.75,-15.125,-12.0625,12.87890625,0.1015625,-3.33984375,-0.9916074098941008,0.010040589617603077,-0.12179937131870479,0.04229865413373211
171973,28.25,-15.125,-12.25,12.9609375,0.12890625,-3.37109375,-0.9906918546098209,0.002868739890743736,-0.12750633259071628,0.047334208197271646
172024,28.8125,-15.125,-12.375,13.08984375,0.23046875,-3.4296875,-0.988921781060213,-0.0004882961516159551,-0.13553270058290354,0.06048768578142644
172075,29.625,-15.0625,-12.625,13.171875,0.30078125,-3.53125,-0.9866023743400373,-0.0003357036042359691,-0.1444441053498947,0.07593005157628102
172130,30.125,-15.0625,-12.8125,13.16015625,0.30859375,-3.671875,-0.9838557084871975,0.014618366039002656,-0.15552232428968168,0.08740501113925596
172177,30.8125,-15.0625,-13.0625,12.9609375,0.2109375,-4.1484375,-0.979003265480514,0.05066072573015534,-0.1770989104892117,0.08731345561082797
172227,31.25,-15.0625,-13.25,12.6796875,0.05859375,-4.75,-0.9708548234504227,0.0967131565294351,-0.20703756828516495,0.07214575640125737
172277,31.8125,-15.0625,-13.5625,12.19140625,-0.19140625,-5.7890625,-0.9631336405529954,0.12314218573564867,-0.23337504196295053,0.052674947355571156
172329,32.1875,-15.0625,-13.8125,11.80078125,-0.3515625,-6.46875,-0.9591967528305918,0.12326425977355265,-0.25168614764854885,0.03750724814600055
172378,32.6875,-15.125,-14.25,11.2890625,-0.44921875,-7.30859375,-0.9580370494705038,0.11178930021057772,-0.26215399639881587,0.030701620532853177
172428,32.9375,-15.125,-14.5625,11.1015625,-0.3984375,-7.578125,-0.9573351237525559,0.10049745170445876,-0.26853236487929927,0.035828730124820705
172479,33.375,-15.125,-15.0,10.9296875,-0.30078125,-7.859375,-0.9555040131839961,0.0999786370433668,-0.27265236365855894,0.05197302163762322
172530,33.9375,-15.125,-15.3125,10.9609375,-0.25,-7.890625,-0.9520249031037324,0.11011078218939788,-0.27631458479567855,0.07199316385387737
172580,34.6875,-15.125,-15.8125,11.0390625,-0.23828125,-7.87890625,-0.9479354228339488,0.12759788811914427,-0.2783898434400464,0.08722190008239998
172621,35.25,-15.0625,-16.125,11.1015625,-0.23828125,-7.8984375,-0.945280312509537,0.1389202551347392,-0.2800988799707022,0.09329508346812342
172671,35.75,-15.0625,-16.5,11.1484375,-0.25,-7.87109375,-0.9440595721304972,0.14590899380474256,-0.2815027314065981,0.09070101016266366
172722,36.5625,-15.0625,-17.0,11.28125,-0.23828125,-7.80078125,-0.945219275490585,0.14163640247810297,-0.2837000640888699,0.07742545854060488
172772,37.0625,-15.0,-17.3125,11.28125,-0.19921875,-7.76171875,-0.9485152745139928,0.12997833185827204,-0.282662434766686,0.05941953794976653
172823,37.875,-15.0,-17.875,11.28125,-0.140625,-7.78125,-0.9519028290658285,0.11758781701101718,-0.27985473189489424,0.04174932096316416
172887,38.625,-14.9375,-18.375,11.26171875,-0.03125,-7.73828125,-0.9554734946745201,0.10596026490066225,-0.2739341410565508,0.028077028717917417
172924,39.1875,-14.9375,-18.6875,11.28125,0.05859375,-7.6484375,-0.9575792718283639,0.09823908200323496,-0.2695394756920072,0.026703695791497544
172975,39.625,-14.875,-19.0,11.26171875,0.1484375,-7.55078125,-0.9595324564348278,0.09213538010803553,-0.26355784783471176,0.03683584093752861
173035,40.4375,-14.875,-19.5,11.3203125,0.2109375,-7.3203125,-0.9599597155674917,0.09436323129978332,-0.2574846644489883,0.05737479781487472
173075,40.9375,-14.8125,-19.8125,11.390625,0.2109375,-7.078125,-0.9600512710959197,0.09305093539231545,-0.2542497024445326,0.07058931241798151
173125,41.4375,-14.8125,-20.125,11.48046875,0.19140625,-6.80078125,-0.9601428266243477,0.08880886257515183,-0.2536088137455367,0.0771507919553209
173175,42.1875,-14.75,-20.5625,11.5703125,0.171875,-6.328125,-0.9611194189275796,0.07745597705008088,-0.2544328135013886,0.07440412610248115
173227,42.6875,-14.75,-20.875,11.6015625,0.1796875,-6.078125,-0.9628284554582354,0.06942960905789361,-0.25257118442335275,0.06610309152500991
173277,43.375,-14.6875,-21.25,11.6484375,0.30078125,-5.83984375,-0.9638355662709434,0.07022309030426954,-0.25034333323160496,0.05859553819391461
173330,43.875,-14.6875,-21.5625,11.6796875,0.33984375,-5.69921875,-0.9648121585741752,0.07467879268776513,-0.24625385296182134,0.054261909848323006
173380,44.625,-14.625,-21.9375,11.6484375,0.3984375,-5.55078125,-0.9653309732352672,0.07766960661641285,-0.2434461500900296,0.05304116946928312
173430,45.125,-14.5625,-22.1875,11.69140625,0.44921875,-5.48046875,-0.9661854915005951,0.07962279122287667,-0.23960081789605395,0.052461317789239174
173480,45.8125,-14.5,-22.5625,11.73828125,0.51953125,-5.390625,-0.966704306161687,0.08313241981261635,-0.23661000396740622,0.05063020722067934
173521,46.3125,-14.5,-22.8125,11.78125,0.53125,-5.28125,-0.9661854915005951,0.09558397167882321,-0.2347178563798944,0.047791985839411605
173582,47.0625,-14.4375,-23.1875,11.828125,0.53125,-5.16015625,-0.9647206030457472,0.11972411267433698,-0.23099459822382276,0.04000976592303232
173624,47.5625,-14.4375,-23.375,11.87109375,0.5,-5.0390625,-0.9641102328562273,0.1271706289864803,-0.2305368205816828,0.034180730613116855
173682,48.25,-14.375,-23.75,11.91015625,0.48828125,-4.8203125,-0.9641712698751793,0.13306070131534775,-0.22812585833307902,0.025605029450361645
173723,48.75,-14.3125,-24.0,11.96875,0.46875,-4.69140625,-0.9641407513657033,0.13751640369884335,-0.2261116367076632,0.019684438612018188
173774,49.25,-14.3125,-24.1875,11.9609375,0.44140625,-4.6484375,-0.9629200109866635,0.1488387707144383,-0.22446363719595935,0.015594958342234566
173834,50.0,-14.25,-24.5,11.9609375,0.37109375,-4.62109375,-0.9613635670033875,0.15811639759514146,-0.22467726676229133,0.017792291024506364
173874,50.4375,-14.25,-24.75,11.94921875,0.3203125,-4.55859375,-0.9602038636432997,0.16275521103549304,-0.2259590441602832,0.021576586199530016
173926,51.1875,-14.25,-25.0625,11.8984375,0.1796875,-4.578125,-0.9592577898495438,0.16379284035767694,-0.228370006408887,0.02914517654957732
173976,51.6875,-14.25,-25.25,11.8515625,0.078125,-4.609375,-0.9581286049989318,0.1662953581347087,-0.23010956144901884,0.03744621112704855
174027,52.4375,-14.25,-25.625,11.80078125,-0.12109375,-4.69921875,-0.9561449018829921,0.17252113406781214,-0.2326120792260506,0.04391613513595996
174077,52.875,-14.25,-25.8125,11.69921875,-0.26953125,-4.921875,-0.9536729026154362,0.17905209509567552,-0.23667104098635822,0.049378948332163455
174128,53.625,-14.25,-26.1875,11.5390625,-0.5390625,-5.30078125,-0.9510483108005005,0.1861018707846309,-0.24140140995513779,0.051118503372295294
174178,54.0625,-14.25,-26.4375,11.37109375,-0.71875,-5.5390625,-0.9476912747581409,0.19718008972441786,-0.24619281594286935,0.0489516891994995
174238,54.75,-14.3125,-26.8125,11.1796875,-0.94921875,-5.80078125,-0.9436933500167852,0.21155430768761255,-0.25025177770317697,0.04531998657185583
174279,55.25,-14.375,-27.125,11.05859375,-1.08984375,-5.9609375,-0.9403057954649495,0.22461622974333934,-0.25238807336649677,0.040803247169408245
174332,55.9375,-14.4375,-27.5,10.94921875,-1.2890625,-6.12109375,-0.9352702414014099,0.2432935575426496,-0.2544633320108646,0.036805322428052616
174380,56.375,-14.5,-27.75,10.87890625,-1.37109375,-6.1015625,-0.9316385387737662,0.2553788872951445,-0.2555009613330485,0.03967406231879635
174432,57.0625,-14.5625,-28.1875,10.78125,-1.578125,-6.12109375,-0.9294106875820185,0.2616962187566759,-0.25595873897518845,0.04687643055513169
174472,57.4375,-14.625,-28.4375,10.671875,-1.73046875,-6.140625,-0.9290139469588305,0.26221503341776786,-0.2554399243140965,0.05407879879146703
174523,57.9375,-14.6875,-28.75,10.58984375,-1.9296875,-6.21875,-0.9280983916745507,0.26355784783471176,-0.2555009613330485,0.06250190740684225
174574,58.5625,-14.8125,-29.125,10.3984375,-2.21875,-6.359375,-0.9273354289376506,0.26352732932523576,-0.2563249610889004,0.07019257179479355
174634,59.1875,-15.0,-29.5625,10.2109375,-2.51953125,-6.46875,-0.9318521683400983,0.24485000152592548,-0.25525681325724053,0.08078249458296456
174675,59.5625,-15.0625,-29.875,10.12109375,-2.6484375,-6.51953125,-0.9385662404248176,0.2185735648670919,-0.2521439252906888,0.08789330729087191
174735,60.1875,-15.25,-30.3125,10.01171875,-2.83984375,-6.51171875,-0.9491256447035127,0.1748710592974639,-0.24359874263740958,0.09625537888729514
174776,60.625,-15.3125,-30.5625,10.0,-2.87890625,-6.48828125,-0.9529709768974883,0.15948973052156132,-0.23728141117587817,0.10046693319498276
174826,61.0,-15.4375,-30.875,9.98828125,-2.98046875,-6.421875,-0.9539170506912442,0.15768913846247748,-0.23218482009338665,0.10599078341013825
174877,61.625,-15.625,-31.3125,9.94140625,-3.1015625,-6.30859375,-0.9533982360301523,0.16019165623950926,-0.22986541337321084,0.1119418927579577
174927,62.0,-15.75,-31.5625,9.9609375,-3.23828125,-6.26953125,-0.9536729026154362,0.15619373149815363,-0.23099459822382276,0.11288796655171361
174978,62.625,-16.0,-32.0,9.921875,-3.41015625,-6.23828125,-0.9558397167882321,0.13992736594744712,-0.23453474532303842,0.10852381969664601
175028,63.0,-16.125,-32.3125,9.87890625,-3.53125,-6.26171875,-0.9590441602832118,0.11432233649708548,-0.23892941068758203,0.10025330362865077
175079,63.5625,-16.3125,-32.75,9.87109375,-3.55078125,-6.23828125,-0.9615466780602435,0.08963286233100376,-0.2412488174077578,0.09573656422620319
175129,64.0,-16.5,-33.0,9.94921875,-3.55859375,-6.05078125,-0.9639576403088473,0.060884426404614396,-0.23957029938657795,0.09830011902218695
175180,64.5625,-16.6875,-33.375,9.9296875,-3.5390625,-6.0,-0.9661549729911191,0.02966399121066927,-0.23236793115024262,0.10803552354503006
175231,65.0,-16.8125,-33.6875,9.9296875,-3.51171875,-6.05078125,-0.966673787652211,-0.005767998290963469,-0.22217474898525957,0.1271401104770043
175271,65.375,-17.0,-33.9375,9.9296875,-3.51171875,-5.98046875,-0.9657582323679311,-0.02694784386730552,-0.21442304757835629,0.1434980315561388
175339,66.0,-17.1875,-34.3125,10.03125,-3.58984375,-5.83984375,-0.9648121585741752,-0.032990508743552964,-0.2098452711569567,0.15491195410016176
175373,66.375,-17.3125,-34.5625,10.0390625,-3.578125,-5.828125,-0.9645985290078433,-0.028778954435865353,-0.20999786370433668,0.15692617572557757
175423,67.0,-17.5625,-35.0,10.1015625,-3.55078125,-5.8515625,-0.9643848994415113,-0.021790215765861997,-0.21137119663075654,0.1575060274056215
175484,67.5625,-17.75,-35.375,10.1015625,-3.5,-5.94140625,-0.9640797143467513,-0.015839106418042544,-0.2130497146519364,0.1577806939909055
175524,68.0,-17.9375,-35.625,10.16015625,-3.48828125,-5.94140625,-0.9638355662709434,-0.00836207159642323,-0.21430097354045227,0.15811639759514146
175575,68.375,-18.0625,-35.9375,10.16015625,-3.5,-6.01171875,-0.9640491958372753,0.0010071108127079073,-0.2161015655995361,0.15463728751487776
175626,69.0,-18.3125,-36.3125,10.19140625,-3.51953125,-6.140625,-0.9650868251594592,0.002075258644367809,-0.2162236396374401,0.14786217841120639
175676,69.375,-18.4375,-36.5625,10.171875,-3.5,-6.26171875,-0.9660939359721671,0.0003051850947599719,-0.2164067506942961,0.14075136570329905
175727,70.0,-18.6875,-37.0,10.2109375,-3.51171875,-6.30078125,-0.967253639332255,0.0014648884548478652,-0.217230750450148,0.13135166478469193
175778,70.4375,-18.8125,-37.3125,10.2109375,-3.48046875,-6.328125,-0.9681997131260109,0.001892147587511826,-0.21762749107333598,0.12332529679250466
175828,71.0625,-19.0,-37.6875,10.26953125,-3.46875,-6.30859375,-0.9687795648060549,-0.0005188146610919523,-0.217505417035432,0.11908322397534105
175879,71.4375,-19.1875,-38.0,10.30078125,-3.44921875,-6.3515625,-0.9687490462965789,-0.0020142216254158147,-0.21842097231971191,0.11764885402996918
175929,72.0625,-19.375,-38.375,10.33984375,-3.44140625,-6.421875,-0.9692983794671468,-0.008636738181707206,-0.217383342997528,0.11462752159184546
175979,72.5,-19.5,-38.6875,10.3515625,-3.3984375,-6.48046875,-0.9698171941282387,-0.02264473403118992,-0.2154301583910642,0.11181981872005371
176030,73.125,-19.75,-39.0625,10.44140625,-3.30859375,-6.48046875,-0.9696646015808588,-0.038178655354472485,-0.21228675191503646,0.11496322519608142
176071,73.5625,-19.875,-39.375,10.55859375,-3.26171875,-6.328125,-0.9688711203344829,-0.04077272865993225,-0.21164586321604054,0.1216772972808008
176131,74.1875,-20.0625,-39.75,10.671875,-3.1796875,-6.328125,-0.967528305917539,-0.030365916928617207,-0.21170690023499253,0.1346781823175756
176171,74.625,-20.1875,-40.0625,10.640625,-3.140625,-6.44921875,-0.9658803064058351,-0.032563249610889,-0.21259193700979645,0.14432203131199073
176222,75.0625,-20.3125,-40.3125,10.609375,-3.109375,-6.53125,-0.9640797143467513,-0.03527939695425276,-0.2143620105594043,0.15286721396526995
176272,75.6875,-20.5,-40.75,10.55078125,-3.05078125,-6.62109375,-0.9623401593066194,-0.038239692373424485,-0.21732230597857602,0.1587572862941374
176323,76.125,-20.625,-41.0,10.5703125,-3.01953125,-6.7109375,-0.9615161595507675,-0.04205450605792413,-0.21924497207556384,0.16010010071108127
176385,76.75,-20.8125,-41.4375,10.58984375,-2.98828125,-6.73046875,-0.9616382335886715,-0.04879909665211951,-0.2207403790398877,0.1553392132328257
176424,77.1875,-20.9375,-41.75,10.66015625,-2.94921875,-6.69921875,-0.9623096407971434,-0.05362102114932707,-0.2207403790398877,0.14957121494186223
176488,77.8125,-21.125,-42.1875,10.69140625,-2.8203125,-6.80078125,-0.9636219367046114,-0.055177465132602924,-0.2205572679830317,0.14047669911801508
176525,78.25,-21.25,-42.4375,10.73046875,-2.75,-6.87890625,-0.9647511215552232,-0.05185094759971923,-0.22034363841669974,0.13422040467543564
176575,78.6875,-21.375,-42.75,10.71875,-2.69140625,-6.91015625,-0.9660023804437391,-0.04950102237006745,-0.21933652760399183,0.12750633259071628
176626,79.375,-21.5,-43.1875,10.73046875,-2.609375,-6.94140625,-0.967406231879635,-0.0521866512039552,-0.21567430646687216,0.12195196386608478
176676,79.8125,-21.625,-43.5,10.75,-2.5390625,-6.9296875,-0.968047120578631,-0.05676442762535478,-0.21332438123722036,0.11896114993743706
176727,80.5,-21.75,-43.9375,10.83984375,-2.390625,-7.0,-0.9685659352397229,-0.05700857570116276,-0.21051667836542864,0.11975463118381298
176778,80.9375,-21.875,-44.1875,10.87109375,-2.328125,-6.9609375,-0.9689626758629108,-0.05301065095980712,-0.2077700125125889,0.1229285561693167
176833,81.625,-22.0,-44.625,10.98046875,-2.23046875,-6.859375,-0.9688406018250069,-0.04699850459303568,-0.20517593920712912,0.130466628009888
176879,82.0625,-22.125,-44.875,11.078125,-2.19921875,-6.6796875,-0.968138676107059,-0.03820917386394849,-0.20288705099642934,0.14172795800653096
176930,82.75,-22.25,-45.3125,11.25,-2.16015625,-6.51171875,-0.967284157841731,-0.03247169408246101,-0.2012085329752495,0.15100558488723412
176971,83.1875,-22.3125,-45.5625,11.25,-2.12109375,-6.51953125,-0.966612750633259,-0.02835169530320139,-0.20126956999420148,0.15601062044129765
177021,83.6875,-22.4375,-45.875,11.26953125,-2.08984375,-6.578125,-0.9670400097659231,-0.020477919858394117,-0.20142216254158146,0.15445417645802179
177073,84.375,-22.5625,-46.3125,11.19140625,-2.0390625,-6.828125,-0.9687490462965789,-0.007629627368999298,-0.20374156926175727,0.14123966185491502
177132,85.0625,-22.6875,-46.75,11.078125,-1.921875,-7.01953125,-0.9713736381115147,-0.006347849971007416,-0.20157475508896144,0.12552262947477646
177173,85.5,-22.75,-47.0,11.08984375,-1.7890625,-7.109375,-0.9721976378673666,-0.01684621723075045,-0.19623401593066195,0.12665181432538836
177233,86.125,-22.8125,-47.4375,11.12109375,-1.578125,-7.23046875,-0.9710379345072787,-0.022095400860621967,-0.18933683278908658,0.14413892025513475
177273,86.5,-22.875,-47.75,11.109375,-1.5,-7.23046875,-0.9685659352397229,-0.01434369945371868,-0.1870174260689108,0.16330454420606097
177324,86.875,-22.875,-48.0,11.109375,-1.51953125,-7.078125,-0.9646290475173193,0.003906369212927641,-0.18744468520157476,0.18524735251930297
177376,87.375,-23.0,-48.4375,10.98828125,-1.69921875,-6.8203125,-0.9624622333445234,0.026825769829401533,-0.19180883205664234,0.19013031403546252
177432,87.6875,-23.0,-48.6875,10.87109375,-1.80859375,-6.671875,-0.9637745292519914,0.03653065584276864,-0.1980346079897458,0.1749320963164159
177480,88.125,-23.125,-49.125,10.69140625,-1.859375,-6.58984375,-0.967467268898587,0.03219702749717704,-0.19965208899197362,0.15198217719046603
177527,88.375,-23.125,-49.375,10.62109375,-1.83984375,-6.48828125,-0.9715567491683706,0.026917325357829525,-0.19605090487380597,0.130191961424604
177577,88.75,-23.1875,-49.75,10.51953125,-1.73828125,-6.3515625,-0.9750358592486343,0.026123844111453597,-0.18839075899533067,0.11462752159184546
177628,89.3125,-23.25,-50.0,10.73828125,-1.6796875,-6.23046875,-0.977874080629902,0.0260933256019776,-0.1770989104892117,0.10824915311136205
177678,90.0625,-23.375,-50.375,11.0703125,-1.58984375,-5.94921875,-0.9797662282174139,0.027649769585253458,-0.16544083986938077,0.10916470839564196
177728,90.625,-23.4375,-50.6875,11.30078125,-1.55078125,-5.62109375,-0.9809564500869777,0.03158665730765709,-0.15466780602435376,0.1131321146275216
177779,91.4375,-23.5625,-51.0,11.55078125,-1.5,-5.19140625,-0.9816278572954497,0.0369579149754326,-0.14575640125736258,0.1174657429731132
177820,92.0,-23.625,-51.25,11.73046875,-1.48046875,-4.9609375,-0.9821466719565416,0.037202063051240575,-0.13971373638111514,0.12039551988280893
177871,92.5,-23.6875,-51.5,11.83984375,-1.44140625,-4.80078125,-0.9824823755607777,0.03744621112704855,-0.13443403424176764,0.12356944486831263
177924,93.3125,-23.75,-51.8125,12.0390625,-1.4296875,-4.5,-0.9823908200323496,0.04187139500106815,-0.13211462752159184,0.12527848139896847
177972,93.875,-23.8125,-52.0,12.16015625,-1.4296875,-4.37890625,-0.9826654866176336,0.0456251716666158,-0.13104647968993194,0.1228675191503647
178023,94.6875,-23.875,-52.3125,12.328125,-1.4296875,-4.19921875,-0.9832148197882016,0.047029023102511676,-0.13080233161412397,0.11813715018158513
178074,95.25,-23.9375,-52.5,12.37890625,-1.421875,-4.0703125,-0.9838862269966735,0.046235541856135744,-0.13083285012359996,0.11279641102328562
178125,96.0625,-24.0,-52.75,12.48828125,-1.41015625,-3.9296875,-0.9844965971861934,0.04535050508133183,-0.13092440565202795,0.1075777459028901
178175,96.5625,-24.0625,-52.9375,12.55078125,-1.3984375,-3.87109375,-0.9848017822809534,0.043885616626483964,-0.13177892391735588,0.1042207098605304
178226,97.375,-24.1875,-53.1875,12.58984375,-1.37890625,-3.8515625,-0.9848017822809534,0.04150517288735618,-0.13205359050263984,0.10495315408795435
178277,97.9375,-24.1875,-53.375,12.58984375,-1.359375,-3.87890625,-0.9843440046388134,0.039979247413556324,-0.13193151646473586,0.1097445600756859
178328,98.75,-24.3125,-53.625,12.6015625,-1.37109375,-3.9296875,-0.9835505233924375,0.039063692129276406,-0.13248084963530382,0.11645863216040529
178380,99.25,-24.3125,-53.8125,12.58984375,-1.37109375,-3.98046875,-0.9822992645039216,0.04287850581377606,-0.13422040467543564,0.12335581530198066
178430,100.0625,-24.4375,-54.0625,12.640625,-1.37890625,-4.0390625,-0.9810174871059297,0.04654072695089572,-0.13672292245246742,0.1294289986877041
178482,100.625,-24.5,-54.25,12.6796875,-1.37890625,-4.1015625,-0.9803460798974578,0.040131839960936305,-0.1400494399853511,0.13312173833429974
178531,101.4375,-24.5625,-54.5,12.69140625,-1.421875,-4.140625,-0.9800103762932219,0.037415692617572556,-0.14587847529526657,0.13000885036774804
178572,101.9375,-24.625,-54.6875,12.62109375,-1.4296875,-4.328125,-0.9799188207647939,0.03738517410809656,-0.15256202887050996,0.1229285561693167
178623,102.5,-24.6875,-54.875,12.58984375,-1.4296875,-4.5390625,-0.9797662282174139,0.03811761833552049,-0.16016113773003327,0.11389507736442152
178674,103.25,-24.75,-55.1875,12.55859375,-1.359375,-4.69140625,-0.9794915616321299,0.03234962004455703,-0.16388439588610493,0.11276589251380963
178725,103.8125,-24.8125,-55.375,12.55078125,-1.3203125,-4.8203125,-0.978850672933134,0.02999969481490524,-0.16577654347361676,0.11615344706564532
178778,104.5625,-24.875,-55.6875,12.51171875,-1.30078125,-4.91015625,-0.977874080629902,0.0337229529709769,-0.1674855800042726,0.12085329752494889
178825,105.0625,-24.9375,-55.875,12.51171875,-1.328125,-4.94140625,-0.9772942289498581,0.037476729636524556,-0.16846217230750452,0.12302011169774468
178876,105.875,-25.0,-56.1875,12.48046875,-1.390625,-4.98828125,-0.9771416364024781,0.03985717337565233,-0.1707815790276803,0.12027344584490493
178926,106.375,-25.0625,-56.375,12.48046875,-1.37890625,-5.01953125,-0.97766045106357,0.04211554307687613,-0.17233802301095613,0.11258278145695365
178977,107.125,-25.125,-56.6875,12.44140625,-1.33984375,-5.0390625,-0.978667561876278,0.04043702505569628,-0.17194128238776818,0.10498367259743034
179027,107.6875,-25.1875,-56.9375,12.4609375,-1.30859375,-5.0390625,-0.9795220801416059,0.03851435895870846,-0.17114780114139225,0.09887997070223091
179078,108.4375,-25.25,-57.25,12.44921875,-1.25,-5.08984375,-0.9800103762932219,0.03686635944700461,-0.16943876461073643,0.09741508224738304
179128,108.9375,-25.3125,-57.4375,12.48046875,-1.21875,-5.109375,-0.9798577837458419,0.038087099826044496,-0.16779076509903257,0.10126041444135868
179179,109.75,-25.375,-57.8125,12.46875,-1.19921875,-5.2109375,-0.9792779320657979,0.03759880367442854,-0.1663258766441847,0.10925626392406995
179229,110.25,-25.4375,-58.0,12.48046875,-1.2109375,-5.21875,-0.978301339762566,0.04098635822626423,-0.1662953581347087,0.11648915066988129
179280,111.0,-25.5,-58.3125,12.44140625,-1.26953125,-5.1796875,-0.977568895535142,0.050050355540635395,-0.16714987640003662,0.11792352061525316
179330,111.5,-25.5625,-58.5625,12.44921875,-1.2890625,-5.109375,-0.9773552659688101,0.0586870937223426,-0.16815698721274452,0.11432233649708548
179381,112.25,-25.625,-58.875,12.44140625,-1.3203125,-5.0703125,-0.97766045106357,0.0642414624469741,-0.16943876461073643,0.10641804254280221
179433,112.75,-25.6875,-59.125,12.44140625,-1.30859375,-5.08984375,-0.978759117404706,0.06320383312479018,-0.17001861629078036,0.0956450086977752
179472,113.25,-25.75,-59.3125,12.421875,-1.26171875,-5.16015625,-0.9797662282174139,0.06122013000885037,-0.16953032013916441,0.08700827051606799
179524,114.0,-25.8125,-59.6875,12.37890625,-1.19921875,-5.19921875,-0.9806817835016938,0.05816827906125065,-0.16879787591174047,0.07983642078920866
179573,114.5,-25.8125,-59.875,12.37890625,-1.16015625,-5.109375,-0.9810785241248817,0.05630664998321482,-0.1682790612506485,0.07745597705008088
179633,115.3125,-25.875,-60.25,12.359375,-1.140625,-4.98828125,-0.9813837092196417,0.0510574663533433,-0.16708883938108463,0.07980590227973265
179674,115.8125,-25.9375,-60.4375,12.3203125,-1.16015625,-4.9609375,-0.9814447462385937,0.050935392315439317,-0.16595965453047273,0.08130130924405653
179734,116.5625,-26.0,-60.75,12.328125,-1.171875,-4.91015625,-0.9815668202764977,0.05304116946928312,-0.16486098818933684,0.08069093905453657
179785,117.375,-26.0625,-61.0625,12.30859375,-1.171875,-4.80859375,-0.9819940794091616,0.0511490218817713,-0.1640369884334849,0.07861568041016877
179826,117.875,-26.125,-61.3125,12.328125,-1.1484375,-4.78125,-0.9823908200323496,0.04931791131321146,-0.162999359111301,0.07702871791741692
179877,118.3125,-26.1875,-61.5,12.30859375,-1.12890625,-4.76171875,-0.9826044495986817,0.05044709616382336,-0.16165654469435714,0.07635731070894497
179927,119.125,-26.25,-61.8125,12.30859375,-1.05078125,-4.83984375,-0.9826960051271096,0.05008087405011139,-0.1597949156163213,0.07910397656178472
179978,119.5625,-26.25,-62.0,12.26953125,-1.01171875,-4.87890625,-0.9826654866176336,0.0456556901760918,-0.15811639759514146,0.08532975249488815
180028,120.375,-26.3125,-62.375,12.2890625,-1.03125,-4.76953125,-0.9824518570513017,0.04226813562425611,-0.15683462019714958,0.09158604693746758
180079,120.8125,-26.375,-62.5625,12.28125,-1.0390625,-4.671875,-0.9823297830133976,0.03637806329538865,-0.15579699087496568,0.09710989715262307
180129,121.625,-26.4375,-62.875,12.30078125,-1.05078125,-4.55859375,-0.9823603015228736,0.031769768364513076,-0.1554918057802057,0.09878841517380291
180185,122.0625,-26.5,-63.0625,12.2890625,-1.05078125,-4.4609375,-0.9826044495986817,0.031006805627613147,-0.15567491683706167,0.09653004547257912
180221,122.5625,-26.5,-63.25,12.3203125,-1.01171875,-4.4296875,-0.9828180791650136,0.032746360667744986,-0.1564989165929136,0.09228797265541551
180271,123.3125,-26.5625,-63.5625,12.3203125,-0.94921875,-4.37109375,-0.9829401532029176,0.0347605822931608,-0.1577196569719535,0.08789330729087191
180323,123.8125,-26.625,-63.75,12.3203125,-0.91015625,-4.44921875,-0.9825128940702537,0.039155247657704395,-0.1609241004669332,0.08505508590960417
180375,124.5625,-26.6875,-64.0625,12.26171875,-0.91015625,-4.55078125,-0.9812311166722617,0.05130161442915128,-0.16791283913693655,0.07977538377025666
180425,125.0625,-26.6875,-64.25,12.23046875,-0.890625,-4.6484375,-0.979094821008942,0.06643879512924589,-0.17722098452711568,0.07452620014038515
180475,125.75,-26.75,-64.5625,12.0703125,-0.890625,-4.87890625,-0.9768669698171941,0.07892086550492874,-0.184698019348735,0.07345805230872524
180527,126.25,-26.75,-64.75,11.98828125,-0.8984375,-5.109375,-0.9753105258339183,0.08572649311807612,-0.1889095736564226,0.07550279244361706
180577,127.0,-26.8125,-65.125,11.87890625,-0.890625,-5.3984375,-0.9738456373790704,0.0923184911648915,-0.19183935056611834,0.07953123569444868
180627,127.5,-26.875,-65.3125,11.859375,-0.8984375,-5.5390625,-0.9728690450758385,0.09759819330423902,-0.19186986907559433,0.08490249336222419
180678,128.1875,-26.9375,-65.6875,11.80859375,-0.94140625,-5.55078125,-0.9719229712820826,0.10385448774681845,-0.19186986907559433,0.08819849238563189
180729,128.6875,-26.9375,-65.9375,11.80078125,-0.94921875,-5.48046875,-0.9716483046967986,0.10763878292184209,-0.19113742484817042,0.08829004791405988
180779,129.375,-27.0,-66.25,11.71875,-0.98828125,-5.37109375,-0.9715872676778466,0.11358989226966155,-0.18976409192175053,0.08438367870113224
180831,129.875,-27.0625,-66.5,11.71875,-0.98046875,-5.30859375,-0.9720755638294626,0.11423078096865749,-0.18872646259956663,0.07983642078920866
180870,130.3125,-27.0625,-66.75,11.69921875,-0.96875,-5.28125,-0.9727774895474105,0.1130100405896176,-0.1870784630878628,0.07696768089846492
180925,131.0625,-27.125,-67.0625,11.7109375,-0.9296875,-5.1796875,-0.9738456373790704,0.10818811609241005,-0.184728537858211,0.076113162633137
180972,131.5,-27.125,-67.3125,11.69921875,-0.8984375,-5.109375,-0.9743034150212103,0.10562456129642628,-0.1826227607043672,0.07907345805230873
181023,132.1875,-27.1875,-67.625,11.69140625,-0.8984375,-4.9609375,-0.9745475630970183,0.10223700674459059,-0.18097476119266334,0.08392590105899228
181083,132.875,-27.25,-68.0,11.6484375,-0.91015625,-4.9609375,-0.9745475630970183,0.10077211828974272,-0.17868587298196356,0.09039582506790368
181123,133.375,-27.25,-68.1875,11.62890625,-0.94140625,-5.01171875,-0.9743339335306863,0.09994811853389081,-0.1781365398113956,0.09451582384716331
181174,133.8125,-27.3125,-68.4375,11.609375,-0.9609375,-4.96875,-0.9741203039643543,0.10065004425183874,-0.17780083620715964,0.09665211951048311
181226,134.5625,-27.375,-68.75,11.58984375,-1.0,-4.859375,-0.9734488967558824,0.10519730216376232,-0.17893002105777153,0.09640797143467512
181277,135.0,-27.375,-69.0,11.55078125,-1.0390625,-4.7890625,-0.9732657856990264,0.11123996704000977,-0.17874691000091555,0.09167760246589557
181327,135.6875,-27.4375,-69.3125,11.51953125,-1.12109375,-4.71875,-0.9738151188695944,0.11450544755394147,-0.1783806878872036,0.08227790154728844
181377,136.125,-27.5,-69.5,11.5,-1.12890625,-4.73828125,-0.9747611926633504,0.11465804010132145,-0.17749565111239968,0.07223731192968535
181429,136.875,-27.5625,-69.8125,11.48046875,-1.140625,-4.78125,-0.9755546739097263,0.11374248481704154,-0.1760612811670278,0.06622516556291391
181479,137.3125,-27.5625,-70.0625,11.44921875,-1.12109375,-4.859375,-0.9758598590044862,0.11340678121280556,-0.173955504013184,0.06750694296090579
181530,138.0,-27.625,-70.375,11.4296875,-1.12890625,-4.8203125,-0.9754325998718223,0.11435285500656148,-0.17215491195410015,0.076113162633137
181589,138.6875,-27.6875,-70.6875,11.359375,-1.19140625,-4.69921875,-0.9741508224738303,0.1163060396130253,-0.1706289864803003,0.09149449140903958
181630,139.125,-27.75,-70.9375,11.33984375,-1.26171875,-4.73046875,-0.9730521561326945,0.1185338908047731,-0.1706595049897763,0.09994811853389081
181680,139.5625,-27.8125,-71.125,11.2890625,-1.30859375,-4.71875,-0.9717398602252266,0.12146366771446883,-0.1718192083498642,0.10693685720389416
181721,140.0,-27.875,-71.3125,11.25,-1.390625,-4.73046875,-0.9707022309030426,0.1239967040009766,-0.173955504013184,0.10992767113254188
181771,140.6875,-27.9375,-71.625,11.1796875,-1.48046875,-4.78125,-0.9697866756187628,0.1280861842707602,-0.17722098452711568,0.10818811609241005
181821,141.125,-28.0,-71.875,11.140625,-1.55859375,-4.8515625,-0.9698171941282387,0.12692648091067232,-0.18066957609790338,0.10348826563310648
181882,141.8125,-28.0625,-72.1875,11.05859375,-1.66015625,-5.0,-0.9705191198461867,0.12262337107455672,-0.1837214270455031,0.09637745292519913
181927,142.25,-28.125,-72.4375,11.0,-1.7109375,-5.0703125,-0.9708243049409467,0.12051759392071291,-0.18539994506668295,0.09262367625965148
181983,142.875,-28.25,-72.75,10.8984375,-1.76171875,-5.140625,-0.9714346751304667,0.11651966917935729,-0.1857051301614429,0.09088412121951964
182023,143.375,-28.3125,-73.0,10.8515625,-1.80078125,-5.140625,-0.9717093417157506,0.1131015961180456,-0.18594927823725088,0.09176915799432356
182074,143.75,-28.375,-73.25,10.78125,-1.83984375,-5.12890625,-0.9717398602252266,0.10986663411358989,-0.18567461165196691,0.09576708273567919
182130,144.4375,-28.5,-73.5625,10.69921875,-1.8984375,-5.0,-0.9710074159978027,0.11062959685048983,-0.1860713522751549,0.10147404400769067
182176,144.8125,-28.5625,-73.8125,10.62890625,-1.9609375,-4.94921875,-0.9699697866756187,0.1141087069307535,-0.18619342631305888,0.10705893124179815
182227,145.375,-28.6875,-74.125,10.48828125,-2.05859375,-4.890625,-0.9685354167302469,0.12216559343241676,-0.18698690755943478,0.10965300454725792
182277,145.9375,-28.75,-74.4375,10.3203125,-2.140625,-4.80859375,-0.967497787408063,0.12872707296975616,-0.18802453688161871,0.10965300454725792
182328,146.25,-28.8125,-74.625,10.21875,-2.171875,-4.8203125,-0.9685964537491989,0.12189092684713279,-0.1868953520310068,0.1097750785851619
182378,146.5,-28.875,-74.8125,10.1015625,-2.1796875,-4.87109375,-0.9709158604693747,0.10568559831537827,-0.18390453810235907,0.11093478194524979
182429,146.9375,-29.0,-75.125,9.94140625,-2.1796875,-4.890625,-0.9730521561326945,0.08932767723624378,-0.18063905758842738,0.11200292977690969
182479,147.125,-29.0,-75.3125,9.83984375,-2.1484375,-4.83984375,-0.9747917111728264,0.07312234870448928,-0.17664113284707175,0.11493270668660542
182531,147.5,-29.125,-75.625,9.69140625,-2.08984375,-4.8203125,-0.9757072664571063,0.061037018951994385,-0.17322305978576005,0.11951048310800501
182580,147.6875,-29.125,-75.8125,9.578125,-2.05859375,-4.75,-0.9759208960234382,0.05249183629871517,-0.17099520859401227,0.12479018524735253
182631,148.25,-29.25,-76.125,9.73828125,-2.1015625,-4.578125,-0.9761345255897702,0.043580431531723994,-0.16885891293069247,0.1293069246498001
182672,148.6875,-29.375,-76.375,9.859375,-2.1484375,-4.55859375,-0.9763176366466262,0.03827021088290048,-0.16718039490951261,0.13190099795525986
182723,149.1875,-29.4375,-76.5625,10.0,-2.2109375,-4.5,-0.9766228217413861,0.03353984191412091,-0.16663106173894468,0.13147373882259591
182783,149.875,-29.625,-76.875,10.19140625,-2.25,-4.37890625,-0.9773247474593341,0.03189184240241707,-0.16541032135990477,0.12829981383709219
182834,150.625,-29.75,-77.1875,10.3515625,-2.28125,-4.33984375,-0.978179265724662,0.029755546739097263,-0.1640980254524369,0.1239661854915006
182885,151.0625,-29.875,-77.375,10.3984375,-2.30078125,-4.30078125,-0.979125339518418,0.026673177282021548,-0.16272469252601704,0.11871700186162908
182925,151.5625,-30.0,-77.625,10.44921875,-2.30078125,-4.3203125,-0.9797967467268899,0.021820734275337993,-0.16153447065645313,0.11600085451826533
182976,152.3125,-30.125,-77.9375,10.48046875,-2.28125,-4.390625,-0.9801629688406018,0.015350810266426589,-0.16013061922055727,0.11581774346140934
183027,152.75,-30.25,-78.125,10.51953125,-2.25,-4.44921875,-0.9798272652363659,0.012237922299874875,-0.15903195287942137,0.12048707541123692
183078,153.5,-30.375,-78.4375,10.53125,-2.21875,-4.44140625,-0.97872859889523,0.011597033600878933,-0.15912350840784936,0.12900173955504013
183128,153.9375,-30.5,-78.625,10.58984375,-2.2109375,-4.48828125,-0.977416302987762,0.009308145390179145,-0.16003906369212928,0.13769951475569933
183178,154.625,-30.625,-78.9375,10.609375,-2.21875,-4.62890625,-0.9765923032319102,0.008575701162755212,-0.1619617297891171,0.141392254402295
183230,155.125,-30.75,-79.125,10.62109375,-2.21875,-4.73828125,-0.9762871181371502,0.008667256691183203,-0.16425061799981688,0.14084292123172704
183280,155.75,-30.875,-79.5,10.55859375,-2.2109375,-4.8203125,-0.9765312662129582,0.008209479049043246,-0.16583758049256875,0.1372112186040834
183331,156.25,-30.9375,-79.6875,10.55859375,-2.2109375,-4.8515625,-0.9773247474593341,0.00598162785729545,-0.16583758049256875,0.1316263313699759
183371,156.6875,-31.0625,-79.9375,10.55078125,-2.19921875,-4.859375,-0.978087710196234,0.0025940733054597613,-0.16492202520828883,0.1271401104770043
183421,157.375,-31.1875,-80.25,10.55859375,-2.16015625,-4.87890625,-0.978667561876278,-0.00018311105685598315,-0.16446424756614886,0.12314218573564867
183473,157.8125,-31.25,-80.4375,10.55859375,-2.12109375,-4.890625,-0.978911709952086,-0.0026245918149357585,-0.16284676656392102,0.12320322275460066
183523,158.5,-31.4375,-80.8125,10.578125,-2.0703125,-4.890625,-0.97872859889523,-0.00466933194982757,-0.1619617297891171,0.1259498886074404
183587,159.125,-31.5,-81.125,10.55859375,-2.03125,-4.8515625,-0.978698080385754,-0.007049775688955351,-0.1609851374858852,0.1271706289864803
183629,159.5625,-31.625,-81.3125,10.58984375,-2.01953125,-4.87109375,-0.979155858027894,-0.006317331461531419,-0.1599475081637013,0.12488174077578051
183676,160.0,-31.6875,-81.5625,10.578125,-2.0,-4.83984375,-0.9799188207647939,-0.0032654805139316996,-0.1598864711447493,0.11905270546586505
183727,160.6875,-31.8125,-81.875,10.6015625,-1.98046875,-4.80859375,-0.9808648945585497,-0.002349925229651784,-0.1584826197088534,0.1130710776085696
183781,161.125,-31.875,-82.125,10.58984375,-1.96875,-4.76171875,-0.9817194128238776,-0.002868739890743736,-0.1564378795739616,0.10849330118717002
183827,161.75,-32.0,-82.4375,10.66015625,-1.91015625,-4.69140625,-0.9822382274849696,-0.0017090365306558428,-0.15466780602435376,0.10614337595751823
183878,162.1875,-32.0625,-82.625,10.69921875,-1.87109375,-4.55078125,-0.9827875606555376,0.0005493331705679495,-0.15143284401989807,0.10565507980590227
183928,162.875,-32.1875,-82.9375,10.8203125,-1.859375,-4.2890625,-0.9833979308450576,0.002868739890743736,-0.1478011413922544,0.10516678365428632
183979,163.3125,-32.25,-83.125,10.8515625,-1.8515625,-4.19921875,-0.9839472640156255,0.004181035798211615,-0.14499343852046265,0.10400708029419843
184029,164.0,-32.375,-83.4375,10.87890625,-1.78125,-4.19921875,-0.9844050416577654,0.002563554795983764,-0.14267403180028687,0.10290841395306254
184084,164.4375,-32.4375,-83.625,10.87890625,-1.71875,-4.19921875,-0.9845576342051454,0.002533036286507767,-0.141056550798059,0.10367137668996246
184130,165.125,-32.5625,-83.9375,10.9609375,-1.69921875,-4.140625,-0.9844660786767174,0.003784295175023652,-0.13992736594744712,0.10586870937223426
184170,165.5,-32.625,-84.125,10.98046875,-1.7109375,-4.12109375,-0.9844660786767174,0.006927701651051363,-0.13946958830530717,0.10635700552385022
184221,166.0,-32.6875,-84.3125,10.98828125,-1.7109375,-4.05078125,-0.9845576342051454,0.014435254982146673,-0.1402020325327311,0.10391552476577044
184281,166.625,-32.75,-84.5625,11.0,-1.69921875,-3.98046875,-0.9849848933378094,0.016907254249702446,-0.13983581041901913,0.09970397045808282
184333,167.3125,-32.875,-84.8125,11.0390625,-1.66015625,-3.96875,-0.9854121524704733,0.018951994384594256,-0.1392254402294992,0.09604174932096317
184387,167.75,-32.9375,-85.0,11.01953125,-1.66015625,-3.91015625,-0.9861140781884212,0.019623401593066195,-0.13748588518936736,0.09109775078585162
184423,168.25,-33.0,-85.1875,11.0390625,-1.6484375,-3.828125,-0.9867244483779413,0.019379253517258218,-0.13605151524399547,0.08664204840235602
184484,168.875,-33.125,-85.4375,11.05078125,-1.62109375,-3.859375,-0.9876094851527452,0.016693624683370465,-0.1336405529953917,0.08062990203558458
184534,169.5625,-33.1875,-85.6875,11.1015625,-1.5703125,-3.80078125,-0.9879451887569811,0.012604144413586841,-0.13171788689840389,0.08017212439344462
184575,170.0,-33.25,-85.875,11.1015625,-1.53125,-3.80859375,-0.9877620777001251,0.008941923276467178,-0.13052766502884,0.08493301187170019
184626,170.5,-33.3125,-86.0625,11.171875,-1.5,-3.76953125,-0.9872432630390332,0.008301034577471236,-0.12878810998870815,0.09326456495864742
184675,171.125,-33.375,-86.3125,11.19140625,-1.51171875,-3.80859375,-0.9866328928495133,0.012207403790398877,-0.1291848506118961,0.09872737815485091
184726,171.625,-33.4375,-86.5,11.23046875,-1.48828125,-3.87109375,-0.9862666707358012,0.012970366527298808,-0.13116855372783592,0.09952085940122685
184776,172.25,-33.5625,-86.75,11.23828125,-1.44921875,-3.9296875,-0.9863887447737053,0.009369182409131139,-0.13342692342905974,0.0956144901882992
184827,172.75,-33.625,-86.9375,11.23828125,-1.44921875,-3.9296875,-0.9867854853968933,0.008606219672231208,-0.1357463301492355,0.0880458998382519
184877,173.4375,-33.6875,-87.1875,11.23046875,-1.3984375,-3.94921875,-0.9872432630390332,0.0073854792931913205,-0.13715018158513137,0.0805078279976806
184928,173.875,-33.75,-87.375,11.26171875,-1.37890625,-3.8984375,-0.9877620777001251,0.004150517288735618,-0.13754692220831935,0.07342753379924924
184979,174.5625,-33.8125,-87.625,11.25,-1.328125,-3.859375,-0.9882503738517411,-0.0003662221137119663,-0.13660084841456344,0.0684835352641377
185030,175.0,-33.875,-87.8125,11.30078125,-1.26953125,-3.859375,-0.988616595965453,-0.004913480025635548,-0.1347392193365276,0.06662190618610186
185084,175.6875,-33.9375,-88.0625,11.3203125,-1.19921875,-3.8203125,-0.988708151493881,-0.01043733024079104,-0.13293862727744377,0.0684835352641377
185131,176.1875,-33.9375,-88.25,11.390625,-1.12890625,-3.828125,-0.988525040437025,-0.01663258766441847,-0.13092440565202795,0.07358012634662923
185182,176.875,-34.0,-88.5,11.4296875,-1.05859375,-3.71875,-0.9883419293801691,-0.017792291024506364,-0.1282082583086642,0.08026367992187261
185223,177.3125,-34.0625,-88.6875,11.48828125,-1.03125,-3.6796875,-0.9881588183233131,-0.017761772515030368,-0.12628559221167637,0.08526871547593616
185274,177.8125,-34.125,-88.8125,11.51953125,-1.0,-3.671875,-0.9882198553422651,-0.015961180455946532,-0.12411877803888058,0.08822901089510789
185335,178.5,-34.125,-89.125,11.578125,-0.96875,-3.640625,-0.988647114474929,-0.013336588641010774,-0.12314218573564867,0.08496353038117618
185375,179.0,-34.1875,-89.25,11.6015625,-0.9296875,-3.6015625,-0.989013336588641,-0.012054811243018892,-0.1239356669820246,0.07959227271340068
185425,179.75,-34.25,-89.5,11.6796875,-0.83984375,-3.58984375,-0.9894711142307809,-0.013000885036774804,-0.12454603717154454,0.07242042298654133
185475,180.1875,-34.25,-89.6875,11.671875,-0.80078125,-3.578125,-0.9898983733634449,-0.014282662434766686,-0.12466811120944853,0.06579790643024995
185526,180.875,-34.3125,-89.9375,11.671875,-0.71875,-3.51953125,-0.9902035584582048,-0.01651051362651448,-0.12408825952940458,0.061922055726798306
185581,181.375,-34.3125,-90.125,11.69921875,-0.6484375,-3.5390625,-0.9903256324961089,-0.01638843958861049,-0.12356944486831263,0.061037018951994385
185629,182.125,-34.375,-90.3125,11.76171875,-0.58984375,-3.55859375,-0.9906002990813929,-0.010132145146031068,-0.12155522324289682,0.062105166783654284
185679,182.5625,-34.375,-90.5,11.76953125,-0.55859375,-3.609375,-0.9908139286477249,0.009399700918607135,-0.11914426099429304,0.06320383312479018
185729,183.3125,-34.375,-90.75,11.8515625,-0.55078125,-3.5390625,-0.9905697805719169,0.03604235969115269,-0.11709952085940123,0.06146427808465835
185783,183.8125,-34.4375,-90.9375,11.87109375,-0.55859375,-3.51953125,-0.9894100772118289,0.065218054750206,-0.11694692831202125,0.055909909360026856
185830,184.5625,-34.4375,-91.1875,11.94140625,-0.5703125,-3.48828125,-0.988494521927549,0.08328501235999634,-0.11661122470778527,0.04858546708578753
185870,185.0625,-34.5,-91.3125,11.9609375,-0.55859375,-3.51171875,-0.9882198553422651,0.08874782555619984,-0.11697744682149724,0.04324472792748802
185931,185.8125,-34.5,-91.5625,12.01953125,-0.51953125,-3.48046875,-0.9881893368327891,0.09006012146366771,-0.11761833552049318,0.03878902554399243
185972,186.25,-34.5,-91.75,12.03125,-0.48828125,-3.51953125,-0.9881282998138371,0.09103671376689962,-0.11728263191625721,0.039216284676656395
186033,187.0,-34.5,-92.0,12.078125,-0.46875,-3.5,-0.9876400036622212,0.09378337961973937,-0.11719107638782922,0.04489272743919187
186073,187.5,-34.5625,-92.125,12.08984375,-0.46875,-3.4609375,-0.9870906704916532,0.09625537888729514,-0.1174962614825892,0.05059968871120334
186134,188.25,-34.5625,-92.375,12.12109375,-0.51171875,-3.44921875,-0.9861445966978972,0.09988708151493882,-0.11899166844691306,0.058412427137058624
186175,188.75,-34.5625,-92.5,12.1015625,-0.5390625,-3.44921875,-0.9856257820368053,0.10162663655507065,-0.12012085329752495,0.06158635212256233
186226,189.25,-34.5625,-92.6875,12.08984375,-0.58984375,-3.44921875,-0.9851680043946653,0.10370189519943845,-0.12179937131870479,0.06204412976470229
186277,190.0,-34.625,-92.9375,12.0390625,-0.66015625,-3.48828125,-0.9848933378093814,0.1064790795617542,-0.12326425977355265,0.058992278817102575
186328,190.5,-34.625,-93.125,12.05078125,-0.7109375,-3.58984375,-0.9841303750724815,0.11468855861079745,-0.12417981505783257,0.05380413220618305
186378,191.1875,-34.6875,-93.375,12.01953125,-0.76171875,-3.609375,-0.9829401532029176,0.12732322153386028,-0.12344737083040865,0.04873805963316752
186429,191.6875,-34.6875,-93.5,12.01953125,-0.78125,-3.6015625,-0.9818109683523056,0.1382793664357433,-0.12152470473342082,0.046357615894039736
186480,192.4375,-34.75,-93.75,12.0,-0.828125,-3.578125,-0.9808343760490738,0.1477401043733024,-0.11770989104892117,0.04745628223517563
186521,192.9375,-34.75,-93.9375,12.0390625,-0.859375,-3.48046875,-0.9799188207647939,0.15506454664754174,-0.11456648457289346,0.051179540391247294
186572,193.375,-34.75,-94.125,12.05078125,-0.8984375,-3.37109375,-0.978545487838374,0.16345713675344095,-0.11169774468214973,0.056825464644306774
186633,194.125,-34.8125,-94.3125,12.08984375,-0.98046875,-3.26171875,-0.977416302987762,0.16879787591174047,-0.11047700430310983,0.0630512405774102
186673,194.625,-34.875,-94.5,12.08984375,-1.0390625,-3.19921875,-0.9767754142887661,0.17139194921720025,-0.11069063386944182,0.06546220282601398
186724,195.375,-34.9375,-94.75,12.140625,-1.12890625,-3.08984375,-0.9763786736655782,0.17349772637104405,-0.11066011535996582,0.06558427686391796
186784,196.0625,-34.9375,-94.9375,12.140625,-1.19921875,-2.98828125,-0.9760429700613422,0.17658009582811976,-0.10971404156620991,0.0642414624469741
186825,196.5625,-35.0,-95.125,12.1796875,-1.26171875,-2.8984375,-0.9763786736655782,0.17545091097750787,-0.10812707907345805,0.06482131412701804
186885,197.3125,-35.0625,-95.3125,12.171875,-1.33984375,-2.75,-0.9770805993835261,0.16983550523392438,-0.108615375225074,0.06823938718832973
186925,197.8125,-35.125,-95.4375,12.171875,-1.41015625,-2.73046875,-0.9770500808740501,0.1675160985137486,-0.10986663411358989,0.07229834894863735
186976,198.25,-35.1875,-95.5625,12.140625,-1.48046875,-2.80078125,-0.9769280068361461,0.16364024781029696,-0.11130100405896176,0.08014160588396863
187028,199.0,-35.25,-95.8125,12.12109375,-1.6484375,-2.87890625,-0.977416302987762,0.15552232428968168,-0.11218604083376568,0.08886989959410382
187079,199.5,-35.3125,-95.9375,12.08984375,-1.73828125,-2.94140625,-0.977477340006714,0.15054780724509415,-0.11358989226966155,0.09479049043244728
187129,200.25,-35.4375,-96.125,12.0390625,-1.87109375,-2.98046875,-0.9771416364024781,0.14929654835657827,-0.11505478072450942,0.09842219306009095
187179,200.6875,-35.5,-96.3125,11.94921875,-1.9609375,-3.03125,-0.9769280068361461,0.1486861781670583,-0.11694692831202125,0.09924619281594287
187230,201.4375,-35.625,-96.5,11.87890625,-2.109375,-3.12109375,-0.9769890438550981,0.1477401043733024,-0.11941892757957702,0.09692678609576709
187280,201.875,-35.6875,-96.6875,11.828125,-2.171875,-3.1796875,-0.9772637104403821,0.14633625293740654,-0.12118900112918485,0.09411908322397534
187321,202.3125,-35.75,-96.8125,11.75,-2.2109375,-3.26171875,-0.9773552659688101,0.14593951231421856,-0.1217383342997528,0.09317300943021943
187382,202.875,-35.875,-97.0625,11.6015625,-2.23828125,-3.25,-0.977721488082522,0.14264351329081087,-0.12054811243018891,0.09573656422620319
187437,203.375,-35.9375,-97.25,11.4296875,-2.23828125,-3.21875,-0.977843562120426,0.1400799584948271,-0.11899166844691306,0.10031434064760276
187473,203.6875,-36.0,-97.375,11.30078125,-2.23046875,-3.171875,-0.977599414044618,0.13888973662526322,-0.11819818720053712,0.10516678365428632
187524,204.0,-36.0625,-97.5625,11.19140625,-2.23046875,-3.16015625,-0.9769585253456221,0.13846247749259927,-0.11752677999206519,0.11200292977690969
187575,204.3125,-36.125,-97.75,11.01953125,-2.21875,-3.12890625,-0.9763481551561022,0.13776055177465132,-0.11728263191625721,0.1183507797479171
187626,204.5625,-36.1875,-97.875,10.921875,-2.2109375,-3.0703125,-0.9758293404950102,0.13748588518936736,-0.11770989104892117,0.12237922299874875
187678,204.875,-36.25,-98.0625,10.75,-2.2109375,-3.0,-0.9755851924192023,0.13718070009460737,-0.11886959440900906,0.12359996337778863
187727,205.4375,-36.375,-98.25,10.9296875,-2.37890625,-3.0390625,-0.9763176366466262,0.13174840540787988,-0.11969359416486099,0.12305063020722068
187779,206.1875,-36.5,-98.4375,11.109375,-2.6015625,-3.05078125,-0.977690969573046,0.12295907467879269,-0.11920529801324503,0.1216772972808008
187830,206.75,-36.6875,-98.5625,11.23046875,-2.73046875,-3.0703125,-0.979003265480514,0.1108432264168218,-0.11914426099429304,0.1227149266029847
187880,207.5625,-36.875,-98.8125,11.33984375,-2.859375,-3.140625,-0.9797357097079379,0.10281685842463455,-0.11825922421948912,0.12482070375682852
187921,208.125,-37.0,-99.0,11.44140625,-2.96875,-3.19921875,-0.9801019318216498,0.09653004547257912,-0.11758781701101718,0.12753685110019228
187981,208.9375,-37.1875,-99.1875,11.4609375,-3.08984375,-3.16015625,-0.9804681539353618,0.08575701162755212,-0.11612292855616932,0.13348796044801173
188022,209.5,-37.375,-99.375,11.51171875,-3.171875,-3.16015625,-0.9802850428785058,0.08203375347148045,-0.11496322519608142,0.1380657368694113
188083,210.3125,-37.5625,-99.625,11.53125,-3.28125,-3.140625,-0.9798272652363659,0.08011108737449263,-0.11340678121280556,0.14383373516037476
188123,210.875,-37.75,-99.75,11.55859375,-3.33984375,-3.1015625,-0.9796441541795099,0.07687612537003692,-0.11203344828638569,0.1476790673543504
188173,211.375,-37.875,-99.875,11.55078125,-3.390625,-3.12109375,-0.9793694875942259,0.07654042176580096,-0.1108127079073458,0.15063936277352213
188224,212.125,-38.125,-100.125,11.5390625,-3.46875,-3.12109375,-0.9794305246131779,0.07690664387951293,-0.10934781945249794,0.1510666219061861
188274,212.625,-38.25,-100.25,11.51953125,-3.51171875,-3.12109375,-0.9799493392742699,0.0771202734458449,-0.10864589373455001,0.14813684499649038
188325,213.4375,-38.5,-100.5,11.53125,-3.5703125,-3.12890625,-0.9804071169164098,0.07626575518051698,-0.10785241248817408,0.14618366039002656
188375,213.9375,-38.625,-100.6875,11.5,-3.58984375,-3.078125,-0.9809259315775017,0.07333597827082125,-0.10583819086275827,0.1455122531815546
188427,214.6875,-38.875,-100.875,11.51953125,-3.6484375,-2.91015625,-0.9812616351817377,0.07312234870448928,-0.10379345072786646,0.14502395702993867
188478,215.1875,-39.0625,-101.0,11.5,-3.671875,-2.828125,-0.9813226722006897,0.07473982970671712,-0.10156559953611866,0.14532914212469863
188528,215.9375,-39.25,-101.25,11.48046875,-3.69140625,-2.69140625,-0.9812005981627857,0.07574694051942503,-0.1000701925717948,0.1466414380321665
188583,216.375,-39.4375,-101.375,11.41015625,-3.7109375,-2.62890625,-0.9812311166722617,0.0750450148014771,-0.09723197119052705,0.14859462263863032
188629,217.125,-39.6875,-101.5625,11.37109375,-3.73828125,-2.51171875,-0.9814142277291177,0.07336649678029725,-0.09482100894192327,0.1498153630176702
188681,217.625,-39.8125,-101.6875,11.30859375,-3.73046875,-2.4296875,-0.9815363017670217,0.07263405255287332,-0.09286782433545945,0.15070039979247413
188730,218.0625,-40.0,-101.8125,11.28125,-3.75,-2.3515625,-0.9816278572954497,0.07257301553392133,-0.0912808618427076,0.15100558488723412
188785,218.75,-40.1875,-102.0,11.171875,-3.76171875,-2.28125,-0.9818414868617816,0.07324442274239326,-0.08981597338785974,0.15024262215033418
188821,219.25,-40.375,-102.125,11.1015625,-3.75,-2.23046875,-0.9822077089754936,0.07229834894863735,-0.08990752891628773,0.14825891903439437
188872,219.6875,-40.5,-102.25,11.0,-3.73046875,-2.1796875,-0.9830011902218696,0.06997894222846156,-0.0890530106509598,0.1444746238593707
188934,220.625,-40.8125,-102.5,10.859375,-3.73828125,-2.12109375,-0.9830622272408216,0.07708975493636891,-0.08829004791405988,0.14096499526963102
188974,221.0625,-41.0,-102.5625,10.75,-3.76171875,-2.08984375,-0.9805291909543138,0.1043427838984344,-0.08838160344248787,0.14096499526963102
189024,221.5,-41.125,-102.6875,10.671875,-3.78125,-2.0390625,-0.9720450453199866,0.16177861873226113,-0.09018219550157171,0.14438306833094272
189074,221.9375,-41.3125,-102.8125,10.5703125,-3.828125,-1.98046875,-0.9551683095797602,0.239082003234962,-0.09173863948484756,0.14853358561967833
189125,222.5625,-41.5,-103.0,10.46875,-3.98046875,-1.76171875,-0.9293191320535905,0.32364879299295024,-0.09372234260078738,0.1510666219061861
189175,223.0,-41.6875,-103.0625,10.37890625,-4.0703125,-1.51953125,-0.902462843714713,0.39194921720023196,-0.09701834162419508,0.1501510666219062
189226,223.625,-41.9375,-103.1875,10.26171875,-4.23046875,-1.171875,-0.880336924344615,0.43946653645435957,-0.10269478438673055,0.14600054933317058
189276,224.0625,-42.125,-103.25,10.16015625,-4.359375,-0.94140625,-0.8604083376567888,0.47676015503402813,-0.11117893002105778,0.14154484694967498
189327,224.6875,-42.375,-103.375,10.0,-4.62109375,-0.640625,-0.8413342692342906,0.5082247383037812,-0.11987670522171698,0.13962218085268716
189378,225.0625,-42.5625,-103.4375,9.87890625,-4.76953125,-0.44921875,-0.826349681081576,0.5289468062379833,-0.12863551744132817,0.14419995727408674
189429,225.6875,-42.8125,-103.5,9.69921875,-5.078125,-0.19140625,-0.8176519058809167,0.5365764336069826,-0.13760795922727134,0.15680410168767359
189480,226.0625,-43.0625,-103.5625,9.51953125,-5.30859375,-0.01171875,-0.8102969450972014,0.5381023590807825,-0.1490218817712943,0.17795342875453962
189531,226.625,-43.375,-103.5625,9.171875,-5.80859375,0.1796875,-0.8029114658040102,0.533616138187811,-0.16638691366313668,0.20715964232306894
189576,227.0,-43.625,-103.625,8.8203125,-6.26171875,0.25,-0.7943662831507309,0.5282448805200354,-0.18527787102877896,0.2358165227210303
189622,227.3125,-43.875,-103.625,8.3515625,-6.8203125,0.23828125,-0.7791985839411603,0.5216528824732201,-0.21359904782250436,0.27411725211340676
189673,227.8125,-44.25,-103.625,7.4296875,-7.73046875,0.12890625,-0.7586901455732902,0.5151829584643086,-0.2475356303598132,0.31254005554368725
189725,228.0625,-44.625,-103.6875,6.6015625,-8.3984375,0.01953125,-0.7328714865565966,0.5088656270027772,-0.28672139652699363,0.3488876003295999
189774,228.4375,-45.125,-103.6875,5.19140625,-9.25,-0.1796875,-0.7045197912533951,0.5006256294442579,-0.3273720511490219,0.3819086275826289
189825,228.625,-45.5,-103.75,4.0390625,-9.828125,-0.28125,-0.674306466872158,0.488998077333903,-0.3686025574510941,0.41270180364391
189876,228.8125,-46.0625,-103.75,2.2890625,-10.46875,-0.359375,-0.6431775872066409,0.4776757103183081,-0.40681173131504256,0.43888668477431564
189927,228.875,-46.5,-103.8125,1.03125,-10.83984375,-0.390625,-0.6131778923917356,0.4629047517319254,-0.4405346842860195,0.4643696401867733
189978,228.9375,-47.0625,-103.875,-0.66015625,-11.140625,-0.359375,-0.5849177526169622,0.4449598681600391,-0.467879268776513,0.4908597064119388
190028,228.8125,-47.75,-103.875,-2.46875,-11.23046875,-0.28125,-0.5554368724631489,0.4260994293038728,-0.4911954100161748,0.5183263649403363
190079,228.6875,-48.1875,-103.9375,-3.55859375,-11.171875,-0.2109375,-0.5240028077028718,0.40907010101626634,-0.511123996704001,0.5448469496749778
190130,228.4375,-48.8125,-103.9375,-5.30859375,-10.890625,-0.05078125,-0.488967558824427,0.39088106936857203,-0.5293130283516954,0.5726493118076114
190171,228.1875,-49.1875,-103.9375,-6.37890625,-10.58984375,0.08984375,-0.4596697897274697,0.37684255500961333,-0.542985320596942,0.5931882686849574
190222,227.9375,-49.5625,-103.9375,-7.5390625,-10.1796875,0.25,-0.42081972716452526,0.35801263466292305,-0.5606555375835445,0.6167790765099033
190273,227.4375,-50.125,-103.9375,-9.08984375,-9.3984375,0.51171875,-0.38227484969634085,0.3386944181646168,-0.5779290139469588,0.6365245521408734
190324,227.0,-50.4375,-103.9375,-10.1796875,-8.859375,0.69921875,-0.3463240455336161,0.31812494277779474,-0.5925168614764855,0.6540421765800958
190385,226.375,-50.9375,-103.875,-11.55078125,-8.01953125,0.98046875,-0.31321146275215916,0.29291665395062105,-0.597705008087405,0.6773888363292336
190425,225.8125,-51.1875,-103.875,-12.46875,-7.421875,1.1484375,-0.30283516953032014,0.27454451124607077,-0.5844599749748223,0.7009491256447035
190475,225.0625,-51.5625,-103.8125,-13.48046875,-6.6796875,1.37890625,-0.2974028748435926,0.2522965178380688,-0.5553758354441969,0.7344889675588244
190526,224.4375,-51.8125,-103.8125,-14.0703125,-6.21875,1.51953125,-0.29575487533188877,0.23166600543229468,-0.5193639942625202,0.7675405133213293
190577,223.5625,-52.125,-103.75,-14.671875,-5.71875,1.73828125,-0.2978911709952086,0.20947904904324474,-0.47529526657918025,0.8009277626880703
190627,222.9375,-52.3125,-103.6875,-15.03125,-5.37890625,1.859375,-0.3002716147343364,0.18619342631305888,-0.42704550309762873,0.8323618274483474
190678,222.0,-52.5625,-103.625,-15.44140625,-4.94140625,2.01953125,-0.3000274666585284,0.16263313699758905,-0.3791619617297891,0.8601031525620288
190731,221.3125,-52.6875,-103.5625,-15.80859375,-4.58984375,2.05859375,-0.2924893948179571,0.14734336375011445,-0.34754478591265603,0.8785973693044832
190780,220.3125,-52.875,-103.4375,-16.26953125,-4.05859375,2.1015625,-0.27829828791161837,0.14328440198980683,-0.337015900143437,0.8879360332041383
190830,219.5625,-53.0,-103.375,-16.62109375,-3.69921875,2.12890625,-0.26364940336313974,0.13940855128635518,-0.3317361980040895,0.8949858088930936
190871,218.875,-53.0625,-103.3125,-16.94140625,-3.359375,2.1484375,-0.2544328135013886,0.13354899746696372,-0.32312997833185825,0.9016693624683371
190921,217.75,-53.1875,-103.25,-17.48046875,-2.78125,2.12109375,-0.2479934080019532,0.1228370006408887,-0.30051576281014436,0.9127475814081241
190972,217.0,-53.25,-103.1875,-17.73046875,-2.44140625,2.109375,-0.24591814935758538,0.11181981872005371,-0.2702414014099551,0.924130985442671
191022,215.875,-53.3125,-103.125,-18.078125,-2.03125,2.16015625,-0.24491103854487747,0.10174871059297463,-0.2413403729361858,0.9335001678518021
191073,215.125,-53.3125,-103.0625,-18.26171875,-1.80078125,2.19921875,-0.24979400006103702,0.08829004791405988,-0.18747520371105075,0.945860164189581
191133,213.875,-53.375,-102.9375,-18.55859375,-1.48828125,2.26171875,-0.2578814050721763,0.07443464461195715,-0.10116885891293069,0.9579760124515518
191174,213.125,-53.375,-102.875,-18.66015625,-1.37890625,2.37890625,-0.2543412579729606,0.07510605182042909,-0.08020264290292062,0.9608447523422956
191224,212.3125,-53.375,-102.8125,-18.80859375,-1.2890625,2.51953125,-0.2433851130710776,0.08301034577471236,-0.08114871669667653,0.9629505294961395
191275,211.125,-53.375,-102.6875,-18.98828125,-1.1015625,2.76171875,-0.2326731162450026,0.08719138157292398,-0.08566545609912411,0.9648426770836512
191329,210.25,-53.375,-102.625,-19.16015625,-0.9609375,2.87109375,-0.2259895626697592,0.0879848628192999,-0.08893093661305582,0.9660634174626911
191376,209.0625,-53.3125,-102.5,-19.37890625,-0.76171875,2.9296875,-0.22342600787377545,0.08539078951384015,-0.09259315775017549,0.966551713614307
191428,207.75,-53.3125,-102.375,-19.640625,-0.55078125,2.8984375,-0.2241889706106754,0.08117923520615253,-0.0945768608661153,0.966551713614307
191479,207.0,-53.25,-102.25,-19.76171875,-0.4296875,2.8203125,-0.22656941434980316,0.07574694051942503,-0.0957060457167272,0.9663075655384991
191529,205.6875,-53.25,-102.125,-19.98828125,-0.26953125,2.66015625,-0.22898037659840692,0.0695516830957976,-0.0967436750389111,0.9661244544816431
191580,204.875,-53.1875,-102.0625,-20.078125,-0.171875,2.55078125,-0.23010956144901884,0.06277657399212623,-0.09613330484939116,0.966368602557451
208728,205.9375,-57.0,-100.25,-12.390625,-7.33984375,-1.96875,-0.3386638996551408,0.18442335276345104,-0.5732902005066073,0.7229224524674215
208779,205.4375,-57.375,-100.25,-12.98828125,-6.94921875,-1.91015625,-0.2856532486953337,0.14288766136661885,-0.5894344920194098,0.7419965208899197
208829,204.625,-57.8125,-100.3125,-14.01953125,-5.78125,-2.0,-0.23300881984923857,0.0923490096743675,-0.6033509323404644,0.7570726645710624
208880,204.0625,-58.0625,-100.3125,-14.5703125,-4.76953125,-2.1484375,-0.19110690633869443,0.04776146732993561,-0.6140018921475875,0.7643360698263497
208930,203.1875,-58.375,-100.375,-15.12109375,-3.23828125,-2.33984375,-0.16214484084597308,0.013000885036774804,-0.6143375957518235,0.772087771233253
208970,202.625,-58.5,-100.4375,-15.25,-2.44921875,-2.44921875,-0.14706869716483048,-0.0015564439832758568,-0.6109805597094637,0.7778557695242164
209022,202.0,-58.625,-100.5,-15.4296875,-1.78125,-2.48046875,-0.13507492294076356,-0.007232886745811335,-0.6035340433973205,0.7857905819879757
209082,201.125,-58.8125,-100.5625,-15.6484375,-1.23828125,-2.44140625,-0.11563463240455336,-0.019623401593066195,-0.5903500473036897,0.7985778374584185
209123,200.5,-58.875,-100.625,-15.91015625,-0.859375,-2.359375,-0.09506515701773126,-0.04199346903897214,-0.5793328653828547,0.8084353160191656
209176,199.5,-59.0,-100.75,-16.3203125,-0.01953125,-2.33984375,-0.05999938962981048,-0.08499404889065218,-0.5614490188299204,0.8209479049043245
209225,198.8125,-59.0,-100.75,-16.66015625,1.01953125,-2.5,-0.01654103213599048,-0.13855403302102726,-0.5427411725211341,0.8282418286690878
209275,197.8125,-58.9375,-100.875,-16.73828125,2.8203125,-2.98046875,0.024536881618701743,-0.19107638782921843,-0.5256508072145757,0.8286080507827998
209325,197.0625,-58.75,-100.9375,-16.6796875,4.05859375,-3.3515625,0.0564897610400708,-0.2336802270577105,-0.5060274056215095,0.8283333841975158
209386,196.0,-58.5,-101.125,-16.44140625,5.578125,-3.8984375,0.08526871547593616,-0.2694479201635792,-0.4812158574175237,0.8297982726523636
209426,195.3125,-58.25,-101.25,-16.30859375,6.62109375,-4.23046875,0.10190130314035463,-0.28757591479232153,-0.46250801110873746,0.8324839014862514
209477,194.25,-57.875,-101.4375,-16.078125,7.80078125,-4.640625,0.12189092684713279,-0.3080538346507157,-0.44038209173863946,0.8344370860927153
209528,193.5625,-57.5625,-101.625,-15.9296875,8.609375,-4.91015625,0.14581743827631458,-0.33216345713675344,-0.41700491348002566,0.8333689382610553
209578,192.5625,-57.0,-101.875,-15.53125,9.6484375,-5.30078125,0.17566454054383984,-0.36359752189703054,-0.3889889217810602,0.8280281991027558
209629,191.875,-56.625,-102.0,-15.12109375,10.390625,-5.6484375,0.21027253028962065,-0.4009521774956511,-0.3575243385113071,0.8168279061250648
209680,190.875,-55.9375,-102.3125,-14.19140625,11.33984375,-6.21875,0.24289681691946166,-0.4385204626606037,-0.32770775475325786,0.8008362071596423
209730,190.25,-55.4375,-102.5625,-13.48046875,11.94140625,-6.58984375,0.2687765129551073,-0.4705343791009247,-0.30182805871761226,0.7843867305520799
209780,189.4375,-54.6875,-102.9375,-12.421875,12.609375,-7.1484375,0.2898953215124973,-0.4968108157597583,-0.27829828791161837,0.7692190313425092
209831,188.875,-54.125,-103.1875,-11.73046875,13.05859375,-7.4296875,0.30820642719809566,-0.5198828089236122,-0.2542802209540086,0.7550279244361705
209872,188.375,-53.625,-103.4375,-11.1484375,13.3515625,-7.6484375,0.32102420117801445,-0.5369121372112186,-0.2359080782494583,0.7436445204016235
209933,187.5625,-52.75,-103.875,-10.328125,13.78125,-7.8984375,0.34171575060274056,-0.5624866481521043,-0.20612201300088503,0.7241431928464613
209984,186.9375,-51.875,-104.3125,-9.48828125,14.01953125,-8.08984375,0.3608813745536668,-0.5844904934842983,-0.17880794701986755,0.7043977172154912
210025,186.5,-51.25,-104.625,-8.80078125,14.1484375,-8.25,0.3763237403485214,-0.6028015991698965,-0.15735343485824152,0.685750907925657
210076,186.0625,-50.625,-104.9375,-8.12109375,14.16015625,-8.390625,0.39613025299844357,-0.6252327036347545,-0.12964262825403608,0.6598101748710593
210126,185.5625,-49.75,-105.4375,-6.75,14.0,-8.5,0.41673024689474164,-0.6394543290505692,-0.1044343394268624,0.6375926999725333
210179,185.25,-49.125,-105.75,-6.0,13.80078125,-8.48828125,0.42899868770409255,-0.6422009949034089,-0.09933774834437085,0.6274300363170263
210227,184.875,-48.25,-106.25,-5.16015625,13.6796875,-8.328125,0.43321024201178016,-0.641407513657033,-0.10748619037446211,0.6240119632557146
210278,184.625,-47.625,-106.625,-4.80078125,13.671875,-8.1484375,0.43519394512771997,-0.6416211432233649,-0.11813715018158513,0.6204718161564989
210329,184.375,-46.75,-107.125,-4.25,13.671875,-7.8515625,0.43757438886684774,-0.6436353648487808,-0.12671285134434035,0.6150090029602954
210379,184.1875,-46.1875,-107.4375,-3.94140625,13.6796875,-7.6015625,0.4378185369426557,-0.6474196600238045,-0.13461714529862362,0.609118930631428
210429,183.9375,-45.3125,-107.9375,-3.3515625,13.6796875,-7.23828125,0.4356212042603839,-0.6537064729758598,-0.14227729117709892,0.6022217474898526
210485,183.8125,-44.75,-108.25,-3.0,13.6484375,-6.98828125,0.43314920499282816,-0.6603900265511032,-0.15054780724509415,0.5946531571398053
210520,183.75,-44.125,-108.5625,-2.640625,13.6484375,-6.75,0.4322641682180242,-0.6655476546525467,-0.1563768425550096,0.587969603564562
210571,183.5625,-43.25,-109.0,-2.19140625,13.6015625,-6.3984375,0.4334543900875881,-0.6714377269814142,-0.16385387737662893,0.5783257545701468
210621,183.5,-42.6875,-109.3125,-1.83984375,13.58984375,-6.171875,0.4377574999237037,-0.6759849848933378,-0.16989654225287637,0.5679494613483077
210672,183.4375,-41.875,-109.6875,-1.421875,13.55078125,-5.80078125,0.44593646046327096,-0.6794030579546495,-0.17673268837549974,0.5552537614062929
210722,183.4375,-41.25,-110.0,-1.08984375,13.5390625,-5.55078125,0.45573290200506605,-0.6819971312601093,-0.1836909085360271,0.5417340617084262
210776,183.375,-40.75,-110.25,-0.7890625,13.5,-5.2890625,0.4658040101321451,-0.684896389660329,-0.1922971282082583,0.5262611774040956
210823,183.375,-39.875,-110.625,-0.33984375,13.4609375,-4.921875,0.47657704397717215,-0.6867885372478408,-0.19977416302987763,0.511185033722953
210874,183.4375,-39.3125,-110.875,-0.03125,13.421875,-4.66015625,0.48753318887905517,-0.6887112033448286,-0.20755638294625692,0.49485763115329445
210924,183.5,-38.5,-111.1875,0.390625,13.328125,-4.26171875,0.4987334818567461,-0.6902066103091525,-0.21430097354045227,0.47849971007416
210975,183.5,-38.0,-111.375,0.671875,13.26171875,-3.96875,0.5090182195501571,-0.6914883877071444,-0.22144230475783563,0.4622943815424055
211025,183.625,-37.1875,-111.6875,1.03125,13.12890625,-3.55078125,0.5168004394665364,-0.6937772759178442,-0.23014007995849484,0.445661793877987
211076,183.6875,-36.625,-111.875,1.25,13.03125,-3.28125,0.5228125858333079,-0.6967070528275399,-0.23960081789605395,0.4287850581377606
211127,183.8125,-35.875,-112.1875,1.5703125,12.87109375,-2.859375,0.5287026581621753,-0.6991485335856197,-0.24866481521042513,0.4120914334543901
211178,183.875,-35.375,-112.3125,1.76953125,12.76171875,-2.55859375,0.5341349528489029,-0.7015289773247475,-0.2582781456953642,0.3947874385814997
211227,184.0625,-34.5625,-112.5625,2.08984375,12.62109375,-2.109375,0.5386211737418745,-0.7043061616870632,-0.2676473281044954,0.3770867030854213
211278,184.1875,-34.125,-112.6875,2.28125,12.51953125,-1.8203125,0.5423749504074221,-0.7072054200872829,-0.2771080660420545,0.359050263985107
211329,184.375,-33.375,-112.875,2.5703125,12.5,-1.359375,0.5475630970183416,-0.7082430494094668,-0.2869655446028016,0.34089175084688866
211380,184.5,-32.875,-113.0,2.76171875,12.48828125,-1.05078125,0.5530564287240212,-0.7081209753715628,-0.2953886532181768,0.3247474593340861
211430,184.6875,-32.125,-113.125,3.0390625,12.53125,-0.58984375,0.5582140568254647,-0.7072359385967589,-0.30396435438093206,0.3095492416150395
211470,184.8125,-31.625,-113.25,3.2109375,12.5703125,-0.26953125,0.5617542039246803,-0.706503494369335,-0.31040375988036745,0.2982879116183966
211531,185.0625,-30.875,-113.3125,3.48046875,12.62109375,0.1796875,0.5706350901821955,-0.7018646809289835,-0.31949827570421463,0.28229621265297405
211571,185.25,-30.375,-113.375,3.6484375,12.62890625,0.5,0.5778679769280068,-0.6970122379222998,-0.32651753288369395,0.27127903073213905
211632,185.5,-29.625,-113.4375,3.8984375,12.671875,0.98828125,0.5888241218298899,-0.6893826105533005,-0.3380535294656209,0.25254066591387675
211672,185.6875,-29.1875,-113.4375,4.05859375,12.6796875,1.3203125,0.5971556749168371,-0.6838587603381451,-0.3448896755882443,0.23834955900753807
211726,185.875,-28.6875,-113.4375,4.23046875,12.6796875,1.671875,0.6071962645344401,-0.6786706137272256,-0.3513595995971557,0.217474898525956
211773,186.1875,-27.9375,-113.4375,4.5390625,12.609375,2.26171875,0.6157719656971954,-0.6766258735923337,-0.3543198950163274,0.19357890560625018
211833,186.5,-27.125,-113.375,4.87890625,12.5,2.8515625,0.6258430738242744,-0.6761986144596698,-0.35236671040986356,0.1640980254524369
211874,186.75,-26.6875,-113.3125,5.1015625,12.37109375,3.23828125,0.6329538865321818,-0.6761986144596698,-0.3483993041779839,0.14389477217932675
211924,187.0,-26.1875,-113.25,5.37109375,12.23046875,3.640625,0.6416516617328409,-0.6756187627796258,-0.3427838984344005,0.11972411267433698
211985,187.375,-25.4375,-113.0625,5.73828125,11.9296875,4.23828125,0.652363658558916,-0.6729331339457381,-0.336588641010773,0.09118930631427961
212026,187.625,-25.0,-112.9375,6.0,11.76953125,4.6015625,0.6591387676625874,-0.6704916531876584,-0.33292641987365335,0.0717490157780694
212077,188.0,-24.25,-112.75,6.37109375,11.421875,5.19921875,0.6672566911832026,-0.6672566911832026,-0.32773827326273386,0.04596087527085177
212128,188.3125,-23.8125,-112.5625,6.62890625,11.16015625,5.58984375,0.6769310586870937,-0.663411358989227,-0.3183996093630787,0.01608325449385052
212180,188.75,-23.1875,-112.25,6.98046875,10.62109375,6.16015625,0.6909085360271005,-0.6562089907528916,-0.30286568803979613,-0.017914365062410353
212229,189.0625,-22.75,-112.0625,7.2890625,10.078125,6.5390625,0.7041535691396832,-0.6487929929502243,-0.28327280495620594,-0.05478072450941496
212280,189.5625,-22.1875,-111.75,7.71875,9.05859375,7.0703125,0.7130649739066744,-0.6438489944151128,-0.261177404095584,-0.09384441663869136
212321,189.875,-21.8125,-111.5,7.98046875,8.30078125,7.3984375,0.718039490951262,-0.6406445509201331,-0.24207281716360973,-0.12408825952940458
212371,190.25,-21.5,-111.1875,8.171875,7.51953125,7.6796875,0.7225257118442335,-0.6364940336313974,-0.21768852809228798,-0.1595812860499893
212432,190.75,-21.125,-110.8125,8.3984375,6.12109375,8.05078125,0.728812524796289,-0.6277962584307383,-0.1912289803765984,-0.19525742362743004
212473,191.125,-20.875,-110.5,8.4609375,5.26953125,8.25,0.7323526718955046,-0.6211127048554949,-0.17667165135654775,-0.21604052858058412
212524,191.625,-20.625,-110.0625,8.48828125,3.87109375,8.51953125,0.7354045228431043,-0.6126590777306437,-0.16074098941007722,-0.24076052125614186
212585,192.1875,-20.4375,-109.5625,8.390625,2.609375,8.76171875,0.7362895596179082,-0.6048463393047884,-0.1444746238593707,-0.2667317728202155
212630,192.5,-20.3125,-109.25,8.30859375,1.78125,8.890625,0.7359233375041963,-0.6009704886013367,-0.1337321085238197,-0.2816553239539781
212676,192.875,-20.25,-108.9375,8.19921875,1.0703125,8.98828125,0.7357707449568163,-0.5963621936704612,-0.1227759636219367,-0.29648731955931273
212728,193.375,-20.25,-108.4375,7.98828125,0.01171875,9.19921875,0.7361674855800042,-0.5921506393627736,-0.11859492782372509,-0.30555131687368386
212778,193.6875,-20.25,-108.0625,7.8515625,-0.44140625,9.3984375,0.7358623004852443,-0.5897091586046938,-0.12018189031647694,-0.31031220435193946
212829,194.125,-20.3125,-107.5625,7.6796875,-0.76171875,9.76171875,0.7347636341441084,-0.5874202703939939,-0.12546159245582444,-0.315134128849147
212880,194.375,-20.3125,-107.25,7.578125,-0.87890625,10.0390625,0.7336039307840205,-0.5841853083895383,-0.12967314676351208,-0.3220923490096744
212921,194.625,-20.375,-106.875,7.5,-0.9296875,10.30859375,0.7309793389690847,-0.5825678273873104,-0.1326639606921598,-0.3296304208502457
212971,195.0,-20.4375,-106.3125,7.33984375,-1.0,10.69921875,0.728537858211005,-0.5784783471175268,-0.13550218207342754,-0.34095278786584066
213022,195.1875,-20.4375,-105.9375,7.19921875,-1.078125,10.94140625,0.7256385998107853,-0.5735343485824153,-0.1380657368694113,-0.3541367839594714
213072,195.5,-20.5,-105.375,7.0,-1.25,11.2890625,0.7214575640125737,-0.5702078310495315,-0.14230780968657492,-0.36622211371196634
213122,195.625,-20.5625,-105.0,6.859375,-1.26953125,11.53125,0.716330454420606,-0.5689565721610157,-0.15063936277352213,-0.3748283333841975
213172,195.875,-20.625,-104.4375,6.69921875,-1.171875,11.9296875,0.7099826044495987,-0.5717337565233314,-0.15973387859736932,-0.37885677663502915
213225,196.1875,-20.6875,-104.0,6.62109375,-1.4296875,12.23046875,0.7016815698721275,-0.5784478286080508,-0.17215491195410015,-0.37873470259712516
213274,196.5625,-20.875,-103.3125,6.53125,-1.66015625,12.75,0.6938688314462722,-0.5854365672780542,-0.184759056367687,-0.3764152958769494
213326,196.875,-21.0,-102.8125,6.48828125,-1.6796875,13.109375,0.6870326853236488,-0.5906247138889736,-0.19708853419598987,-0.37458418530838955
213377,197.25,-21.1875,-102.0625,6.421875,-1.7109375,13.62890625,0.6808374279000213,-0.5947141941587573,-0.20584734641560107,-0.37470625934629354
213427,197.5625,-21.3125,-101.5625,6.37890625,-1.73046875,13.98046875,0.6752525406659139,-0.5963011566515092,-0.21161534470656454,-0.3790398876918851
213478,197.9375,-21.5625,-100.8125,6.26953125,-1.87109375,14.44140625,0.6713156529435103,-0.5944700460829493,-0.2120120853297525,-0.38853114413892026
213529,198.25,-21.6875,-100.25,6.1796875,-2.12109375,14.69921875,0.6691488387707144,-0.5893124179815058,-0.2054506057924131,-0.4033631397442549
213579,198.625,-21.9375,-99.4375,6.0,-2.73828125,14.98828125,0.6689657277138584,-0.5809808648945586,-0.1945249794000061,-0.42081972716452526
213629,198.875,-22.125,-98.8125,5.828125,-3.26171875,15.12109375,0.6714377269814142,-0.5686208685567797,-0.17618335520493178,-0.4413586840418714
213679,199.1875,-22.375,-97.9375,5.4609375,-4.2890625,15.12109375,0.6759849848933378,-0.5507065034943693,-0.14947965941343425,-0.4662617877742851
213730,199.4375,-22.625,-97.375,5.08984375,-5.1796875,14.9609375,0.6801049836725974,-0.5271767326883755,-0.11252174443800164,-0.49687185277871027
213780,199.75,-23.0,-96.5,4.37890625,-6.578125,14.33984375,0.684041871395001,-0.49266029847102266,-0.065126499221778,-0.5339823603015229
213821,199.9375,-23.375,-95.9375,3.578125,-7.8203125,13.5703125,0.685689870906705,-0.45780816064943386,-0.022766808069093907,-0.565446943571276
213871,200.0625,-23.75,-95.375,2.66015625,-8.96875,12.44140625,0.6811731315042573,-0.4176763206884976,0.030487990966521196,-0.6005127109591968
213932,200.1875,-24.3125,-94.6875,1.03125,-10.4609375,10.48046875,0.6703390606402784,-0.37540818506424145,0.09201330607013153,-0.6334421826837977
213974,200.25,-24.75,-94.25,-0.078125,-11.05859375,9.0703125,0.6666768395031587,-0.3548387096774194,0.12359996337778863,-0.6436964018677328
214024,200.25,-25.5,-93.75,-1.51953125,-11.69921875,7.359375,0.6712546159245583,-0.3382061220130009,0.13873714407788323,-0.6447950682088687
214085,200.125,-26.1875,-93.25,-2.3515625,-12.05078125,6.28125,0.6799218726157414,-0.3064668721579638,0.14215521713919493,-0.6508072145756402
214125,200.0625,-26.75,-93.0,-3.03125,-12.51171875,5.62109375,0.674794763023774,-0.2834864345225379,0.15152439954832606,-0.6643269142735069
214176,199.9375,-27.25,-92.6875,-3.6796875,-12.83984375,4.91015625,0.6577654347361674,-0.2568742942594684,0.16870632038331249,-0.6876735740226447
214228,199.75,-28.0625,-92.375,-4.78125,-13.328125,3.671875,0.6364024781029695,-0.23831904049806207,0.18836024048585467,-0.7090060121463668
214277,199.5625,-28.5625,-92.1875,-5.44921875,-13.5390625,2.921875,0.6181524094363231,-0.23203222754600666,0.20487075411236916,-0.7225562303537095
214327,199.1875,-29.4375,-91.9375,-6.26953125,-13.7890625,2.140625,0.6070741904965361,-0.23068941312906277,0.21662038026062808,-0.728904080324717
214377,198.9375,-30.0,-91.75,-6.66015625,-13.94140625,1.7890625,0.6052735984374523,-0.23218482009338665,0.21973326822717978,-0.728995635853145
214428,198.5625,-30.9375,-91.5625,-7.109375,-14.12890625,1.69140625,0.6103396710104678,-0.2326120792260506,0.21799371318704794,-0.7251503036591693
214479,198.25,-31.5,-91.4375,-7.28125,-14.26171875,1.78125,0.6167180394909513,-0.2358775597399823,0.2120426038392285,-0.7204504531998657
214529,197.8125,-32.4375,-91.25,-7.51953125,-14.4296875,2.08984375,0.6204412976470229,-0.24057741019928586,0.20300912503433333,-0.7183141575365459
214580,197.5,-33.0,-91.0625,-7.55859375,-14.51171875,2.37109375,0.6179998168889431,-0.2514725180822169,0.1933957945493942,-0.7193212683492538
214630,197.0,-33.9375,-90.875,-7.71875,-14.53125,2.87109375,0.6103091525009918,-0.2660298471022675,0.18405713064973905,-0.7231055635242775
214671,196.6875,-34.5,-90.6875,-7.76953125,-14.48046875,3.2890625,0.6027710806604205,-0.2778405102694784,0.1760307626575518,-0.7269508957182531
214731,196.125,-35.4375,-90.4375,-7.94921875,-14.44140625,3.94140625,0.5903500473036897,-0.2973723563341166,0.16553239539780878,-0.7318643757438886
214771,195.8125,-36.0,-90.25,-8.0703125,-14.359375,4.37109375,0.5843073824274423,-0.3072908719138157,0.1585436567278054,-0.7341837824640645
214822,195.4375,-36.625,-90.0,-8.23046875,-14.30859375,4.75,0.5830866420484023,-0.3107699819940794,0.1490829187902463,-0.7356791894283883
214883,194.875,-37.5,-89.6875,-8.41015625,-14.19921875,5.26953125,0.5889156773583178,-0.3097628711813715,0.12906277657399212,-0.7352214117862483
214924,194.5,-38.0625,-89.4375,-8.55859375,-14.08984375,5.6484375,0.5925778984954375,-0.3093661305581835,0.1174352244636372,-0.7343974120303964
214977,193.9375,-38.875,-89.0625,-8.71875,-13.921875,6.140625,0.5901058992278817,-0.31531723990600297,0.1119113742484817,-0.7347331156346324
215025,193.5625,-39.4375,-88.8125,-8.890625,-13.8515625,6.3984375,0.5818964201788385,-0.3237708670308542,0.11139255958738975,-0.7376934110538041
215076,192.9375,-40.25,-88.4375,-9.16015625,-13.71875,6.76171875,0.565538499099704,-0.33643604846339303,0.12253181554612873,-0.7429425946836756
215127,192.5,-40.8125,-88.125,-9.421875,-13.640625,6.94921875,0.5421308023316141,-0.35233619190038756,0.1489913632618183,-0.7481612598040712
215177,191.875,-41.625,-87.75,-9.96875,-13.53125,7.0703125,0.5132297738578447,-0.3740958891567736,0.18881801812799462,-0.7490157780693991
215234,191.4375,-42.1875,-87.4375,-10.421875,-13.44921875,7.1015625,0.48002563554795985,-0.40061647389141514,0.24008911404766992,-0.7425763725699637
215279,190.75,-42.9375,-87.0,-11.08984375,-13.23046875,7.1796875,0.4423047578356273,-0.4279915768913846,0.3024079103976562,-0.727835932493057
215330,190.25,-43.5,-86.6875,-11.671875,-13.08984375,7.23046875,0.41102328562273016,-0.4497512741477706,0.35489974669637137,-0.7090975676747948
215381,189.5,-44.25,-86.25,-12.30078125,-12.87109375,7.421875,0.39188818018127997,-0.4621723075045015,0.3881344035157323,-0.6943876461073641
215422,188.9375,-44.75,-86.0,-12.6015625,-12.73828125,7.6015625,0.37751396221808525,-0.4705648976104007,0.4066591387676626,-0.6860560930204169
215473,188.4375,-45.25,-85.6875,-12.78125,-12.609375,7.78125,0.34943693350016786,-0.48725852229377115,0.4279610583819086,-0.6762596514786218
215533,187.625,-46.0,-85.25,-13.0703125,-12.44140625,8.109375,0.304239020966216,-0.5078585161900693,0.44935453352458266,-0.6690572832422864
215574,187.0625,-46.4375,-84.9375,-13.23828125,-12.28125,8.37109375,0.28299813837092197,-0.5134434034241767,0.45051423688467057,-0.67329935605945
215635,186.25,-47.125,-84.4375,-13.6484375,-11.98828125,8.80859375,0.2625812555314798,-0.5137485885189368,0.44654683065279094,-0.6838892788476211
215676,185.6875,-47.625,-84.0625,-13.890625,-11.78125,9.109375,0.25244911038544876,-0.511246070741905,0.445661793877987,-0.6901150547807245
215726,184.75,-48.3125,-83.5625,-14.4296875,-11.4296875,9.55859375,0.24250007629627368,-0.5050813318277535,0.4470656453138829,-0.6972869045075839
215777,184.1875,-48.75,-83.1875,-14.6484375,-11.19921875,9.8203125,0.23691518906216621,-0.4959868160039064,0.4468214972380749,-0.7058320871608631
215827,183.25,-49.375,-82.625,-15.1796875,-10.828125,10.12109375,0.22888882106997893,-0.4915616321298868,0.44373912778099917,-0.7134922330393384
215878,182.625,-49.75,-82.25,-15.37890625,-10.62890625,10.30859375,0.2141788995025483,-0.4913785210730308,0.4421826837977233,-0.7191381572923978
215929,181.625,-50.375,-81.75,-15.7890625,-10.23828125,10.62109375,0.19159520249031037,-0.4935453352458266,0.4434034241767632,-0.7232581560716574
215979,181.0,-50.75,-81.3125,-16.05078125,-9.94140625,10.828125,0.16486098818933684,-0.49317911313211465,0.45139927365947446,-0.7251503036591693
216030,180.0,-51.3125,-80.75,-16.62890625,-9.37109375,11.1796875,0.13657032990508744,-0.48963896603289897,0.46818445387127294,-0.7227698599200415
216080,179.3125,-51.6875,-80.3125,-17.01171875,-8.9296875,11.41015625,0.10864589373455001,-0.48014770958586384,0.488967558824427,-0.7201147495956297
216121,178.5625,-52.0,-79.875,-17.58984375,-8.359375,11.640625,0.09057893612475967,-0.4699240089114048,0.5016937772759178,-0.7206030457472457
216171,177.5,-52.5,-79.25,-18.30859375,-7.5703125,11.921875,0.07647938474684897,-0.45631275368511004,0.5071260719626454,-0.7271645252845851
216222,176.75,-52.75,-78.8125,-18.71875,-7.03125,12.08984375,0.06329538865321818,-0.4443189794610431,0.5045625171666616,-0.7375408185064242
216274,175.625,-53.125,-78.1875,-19.08984375,-6.33984375,12.28125,0.04535050508133183,-0.43339335306863613,0.5021820734275338,-0.7469405194250313
216323,174.8125,-53.375,-77.75,-19.609375,-5.69140625,12.390625,0.02444532609027375,-0.4228949858088931,0.49836725974303414,-0.7564317758720664
216374,173.625,-53.625,-77.0625,-20.23828125,-4.640625,12.5390625,0.0024719992675557726,-0.40897854548783835,0.49391155735953857,-0.7673268837549974
216425,172.75,-53.8125,-76.625,-20.69140625,-3.87890625,12.62109375,-0.02230903042695395,-0.39066743980224006,0.4977874080629902,-0.7740104373302408
216475,171.5625,-54.0,-76.0,-21.21875,-2.71875,12.66015625,-0.050508133182775354,-0.36896877956480606,0.5083773308511612,-0.7764519180883206
216526,170.625,-54.0625,-75.5,-21.75,-1.73046875,12.671875,-0.08023316141239661,-0.3441572313608203,0.5230872524185919,-0.7755668813135167
216577,169.375,-54.125,-74.875,-22.19140625,-0.359375,12.609375,-0.11114841151158178,-0.3170567949461348,0.5381939146092105,-0.7729728080080569
216627,168.375,-54.0625,-74.4375,-22.55859375,0.78125,12.5390625,-0.13995788445692312,-0.28962065492721334,0.5453352458265939,-0.7740409558397168
216687,167.0625,-54.0,-73.75,-22.76953125,2.1484375,12.359375,-0.17050691244239632,-0.26270332956938386,0.5382244331186865,-0.782433545945616
216728,166.125,-53.875,-73.3125,-22.98828125,3.328125,12.2109375,-0.19171727652821435,-0.24604022339548937,0.5303506576738792,-0.7883236182744835
216779,164.75,-53.625,-72.6875,-23.05859375,4.890625,11.87890625,-0.22318185979796748,-0.22016052735984373,0.5256508072145757,-0.7908261360515152
216828,163.75,-53.3125,-72.25,-23.140625,6.30859375,11.609375,-0.2585222937711722,-0.18753624073000275,0.5264748069704276,-0.7879268776512955
216879,162.375,-52.875,-71.6875,-22.94921875,8.26953125,11.05859375,-0.2979522080141606,-0.14429151280251473,0.5361491744743186,-0.7764824365977966
216930,161.4375,-52.5,-71.3125,-22.671875,10.0,10.62890625,-0.33555101168858914,-0.09402752769554736,0.5606250190740685,-0.7511825922421949
216981,160.125,-51.8125,-70.75,-21.8984375,12.03125,10.078125,-0.36561174352244635,-0.044190801721243934,0.5885494552446059,-0.7196874904629658
217022,159.1875,-51.25,-70.375,-21.26171875,13.55859375,9.83984375,-0.38639484847560046,-0.009369182409131139,0.6103396710104678,-0.6914578691976684
217082,158.0,-50.4375,-69.875,-20.28125,15.03125,9.6484375,-0.4118778038880581,0.02264473403118992,0.6319772942289499,-0.6560869167149876
217122,157.125,-49.75,-69.5,-19.578125,16.078125,9.640625,-0.4227423932615131,0.02490310373241371,0.6364024781029695,-0.6447340311899167
217173,156.375,-49.125,-69.1875,-19.19921875,16.48828125,9.73046875,-0.43205053865169224,0.012573625904110843,0.6374401074251533,-0.6378368480483413
217224,155.1875,-48.0625,-68.625,-18.6796875,16.87890625,10.05859375,-0.4399243140964995,-0.00347911008026368,0.641193884090701,-0.6287423322244942
217276,154.5,-47.375,-68.3125,-18.33984375,17.03125,10.33984375,-0.44447157200842313,-0.015137180700094607,0.6451612903225806,-0.6212652974028748
217325,153.3125,-46.25,-67.75,-17.9609375,17.28125,10.80859375,-0.4511856440931425,-0.021362956633198035,0.6348765526291696,-0.6268196661275063
217378,152.625,-45.5,-67.375,-17.55859375,17.58984375,11.0390625,-0.46119571520126956,-0.026337473677785578,0.6083864864040041,-0.6453444013794366
217430,151.5625,-44.3125,-66.75,-16.98828125,18.23828125,11.23046875,-0.47431867427594837,-0.036286507766960664,0.5588549455244606,-0.6792504654072695
217477,150.9375,-43.5625,-66.375,-16.51953125,18.8515625,11.12109375,-0.4849085970641194,-0.06552323984496597,0.4777062288277841,-0.7296670430616169
217532,149.9375,-42.3125,-65.75,-16.1484375,19.6015625,10.80078125,-0.49174474318674277,-0.10739463484603412,0.38947721793267615,-0.771324808496353
217578,149.375,-41.5,-65.375,-15.96875,19.87890625,10.58984375,-0.49616992706076235,-0.15100558488723412,0.3071993163853877,-0.7979064302499466
217629,148.375,-40.1875,-64.8125,-15.6796875,20.359375,10.37890625,-0.4934537797173986,-0.1945860164189581,0.22565385906552324,-0.8171330912198248
217679,147.8125,-39.375,-64.5,-15.5390625,20.5703125,10.23828125,-0.4867397076326792,-0.22846156193731498,0.1586046937467574,-0.8280892361217078
217730,146.875,-38.0,-63.9375,-15.33984375,20.91015625,10.1484375,-0.48759422589800716,-0.23648792992950224,0.13330484939115575,-0.8297982726523636
217780,146.3125,-37.1875,-63.5625,-15.19140625,21.0703125,10.03125,-0.49067659535508285,-0.22666096987823114,0.13464766380809962,-0.8305001983703116
217834,145.375,-35.8125,-63.0,-15.171875,21.53125,9.69140625,-0.48719748527481915,-0.21555223242896818,0.1327555162205878,-0.8357799005096591
217871,144.8125,-34.9375,-62.625,-15.19921875,21.80078125,9.26171875,-0.4803003021332438,-0.2108523819696646,0.11774040955839717,-0.8431958983123264
217922,144.3125,-34.125,-62.3125,-15.19921875,21.94921875,8.80859375,-0.4608600115970336,-0.22156437879573962,0.06656086916714987,-0.8567766350291451
217972,143.625,-33.0,-61.875,-15.16015625,21.80078125,8.3984375,-0.43635364848780783,-0.24762718588824123,-0.010498367259743034,-0.8649861140781884
218032,143.0,-32.0625,-61.5,-15.05078125,21.46875,8.25,-0.42146061586352124,-0.2785729544969024,-0.08206427198095645,-0.859096041749321
218072,142.625,-31.4375,-61.1875,-14.8515625,21.19921875,8.2890625,-0.40931424909207437,-0.30487990966521195,-0.13202307199316385,-0.8497573778496659
218132,142.25,-30.875,-60.875,-14.5390625,20.9296875,8.48046875,-0.3664967802972503,-0.36121707815790277,-0.2251960814233833,-0.8273262733848079
218173,141.875,-30.3125,-60.625,-14.08984375,20.69140625,8.78125,-0.3359782708212531,-0.39725943784905543,-0.271889400921659,-0.8095645008697775
218224,141.4375,-29.5625,-60.1875,-13.3203125,20.37890625,9.37109375,-0.30961027863399154,-0.42918179876094853,-0.3075350199896237,-0.7907956175420392
218276,141.125,-29.0625,-59.8125,-12.87109375,20.1484375,9.7890625,-0.27475814081240274,-0.4597308267464217,-0.36039307840205087,-0.7637256996368298
218335,140.3125,-27.75,-59.3125,-12.921875,20.53125,10.30859375,-0.25504318369090856,-0.4869838557084872,-0.4064760277108066,-0.7297891170995209
218386,139.4375,-26.1875,-58.75,-12.8203125,21.12109375,10.7890625,-0.27417828913235875,-0.4900357066560869,-0.4066591387676626,-0.7206335642567216
218427,138.75,-25.0625,-58.3125,-12.62109375,21.55078125,11.08984375,-0.28089236121707817,-0.49186681722464676,-0.4056520279549547,-0.71736808374279
218477,138.1875,-24.0625,-57.9375,-12.46875,21.87109375,11.3203125,-0.2749412518692587,-0.49760429700613423,-0.4034546952726829,-0.7169408246101261
218528,137.3125,-22.4375,-57.25,-12.5390625,22.19140625,11.66015625,-0.2529068880275887,-0.5061799981688895,-0.3988464003418073,-0.7216406750694296
218579,136.75,-21.4375,-56.875,-12.76171875,22.21875,11.91015625,-0.22754600665303507,-0.5174108096560563,-0.3860591448713645,-0.728995635853145
218630,135.8125,-19.875,-56.1875,-12.921875,22.28125,12.37109375,-0.20355845820490126,-0.521225623340556,-0.3750724814600055,-0.739066743980224
218671,135.25,-18.875,-55.6875,-13.0390625,22.19140625,12.69140625,-0.19083223975341043,-0.5116428113650929,-0.36768700216681416,-0.7527390362254708
218722,134.625,-17.8125,-55.1875,-13.44140625,21.98828125,12.96875,-0.18326364940336315,-0.48350474562822354,-0.3658864101077303,-0.7737968077639088
218773,133.75,-16.3125,-54.4375,-14.33984375,21.4296875,13.1796875,-0.17517624439222387,-0.4338511307107761,-0.369365520187994,-0.8029114658040102
218823,133.0625,-15.25,-53.9375,-15.3515625,20.80859375,13.01953125,-0.1588793603320414,-0.36707663197729423,-0.3729056672872097,-0.8372447889645069
218874,132.0,-13.875,-53.1875,-17.2109375,19.33984375,12.078125,-0.14413892025513475,-0.2978301339762566,-0.358378856776635,-0.8729819635608996
218924,131.25,-13.0,-52.6875,-18.5703125,18.1484375,10.98828125,-0.11978514969328898,-0.2367931150242622,-0.336710715048677,-0.9034394360179449
218976,130.0625,-11.8125,-52.0625,-19.890625,16.48828125,8.94140625,-0.07876827295754875,-0.18848231452375866,-0.31476790673543503,-0.9269386883144627
219026,129.1875,-11.0,-51.6875,-20.73828125,15.30078125,7.53125,-0.03436384166997284,-0.1487777336954863,-0.30487990966521195,-0.9400616473891416
219076,127.9375,-10.0,-51.25,-21.48828125,13.58984375,5.48046875,0.003204443494979705,-0.10867641224402601,-0.31025116733298747,-0.9444257942442091
219127,127.0625,-9.375,-51.0,-21.98046875,12.28125,4.328125,0.027130954924161503,-0.058992278817102575,-0.32007812738425856,-0.945158238471633
219178,125.6875,-8.5625,-50.75,-22.33984375,10.46875,2.609375,0.030091250343333233,-0.01748710592974639,-0.3238013855403302,-0.945493942075869
219228,124.75,-8.0625,-50.625,-22.55078125,9.390625,1.73046875,0.02334665974913785,0.00924710837122715,-0.3218176824243904,-0.9464705343791009
219281,123.375,-7.375,-50.4375,-22.7109375,8.44140625,0.98046875,0.02099673451948607,0.03469954527420881,-0.3183996093630787,-0.9470809045686208
219330,122.375,-6.9375,-50.3125,-22.7890625,7.6015625,0.51171875,0.03411969359416486,0.06207464827417829,-0.3129978331858272,-0.9471114230780968
219371,121.4375,-6.5625,-50.25,-22.76171875,6.69140625,-0.109375,0.05722220526749473,0.0825525681325724,-0.3088778344065676,-0.945768608661153
219431,120.0,-6.125,-50.1875,-22.578125,5.26171875,-1.01171875,0.10351878414258248,0.1109042634357738,-0.32221442304757836,-0.934446241645558
219472,119.0625,-5.875,-50.1875,-22.33984375,4.23828125,-1.55078125,0.13296914578691976,0.1272011474959563,-0.3414716025269326,-0.9216895046845912
219523,117.6875,-5.625,-50.25,-21.890625,2.71875,-2.2109375,0.1599475081637013,0.14297921689504683,-0.3675038911099582,-0.9049348429822688
219573,116.8125,-5.5,-50.25,-21.62109375,1.87109375,-2.44921875,0.17639698477126378,0.15668202764976957,-0.3833429975280007,-0.8929715872676779
219634,114.875,-5.4375,-50.375,-21.16015625,0.01171875,-2.62890625,0.18774987029633472,0.17664113284707175,-0.3889584032715842,-0.8844569231238746
219675,114.0625,-5.4375,-50.4375,-20.87109375,-0.640625,-2.66015625,0.19318216498306223,0.1923276467177343,-0.3896298104800561,-0.879696035645619
219735,113.125,-5.5,-50.5,-20.51171875,-1.48046875,-2.73046875,0.2020630512405774,0.2161931211279641,-0.38776818140202035,-0.8729514450514236
219775,112.3125,-5.5625,-50.5625,-20.12890625,-2.19140625,-2.80078125,0.20929593798638874,0.23123874629963073,-0.3853877376628925,-0.8684652241584521
219826,111.0,-5.75,-50.75,-19.5,-3.171875,-2.8515625,0.22110660115359965,0.2488479262672811,-0.3841364787743767,-0.8611713003936887
219876,110.1875,-5.9375,-50.8125,-19.078125,-3.6796875,-2.8984375,0.2367931150242622,0.26233710745567185,-0.38785973693044834,-0.8512833033234657
219927,109.0,-6.1875,-51.0,-18.44921875,-4.328125,-2.921875,0.25809503463850825,0.27191991943113497,-0.3946958830530717,-0.8388317514572589
219977,108.25,-6.375,-51.0625,-18.01171875,-4.69140625,-2.859375,0.2814722128971221,0.27988525040437023,-0.40171514023255106,-0.825281533249916
220028,107.0625,-6.75,-51.25,-17.37890625,-5.2890625,-2.69921875,0.3022553178502762,0.28864406262398146,-0.4077578051087985,-0.8118228705710013
220079,106.375,-6.9375,-51.3125,-16.94921875,-5.609375,-2.6015625,0.3203527939695425,0.29853205969420454,-0.41142002624591817,-0.7993713187047945
220130,105.3125,-7.375,-51.5,-16.21875,-6.2890625,-2.46875,0.337382122257149,0.30970183416241953,-0.4113284707174902,-0.7880794701986755
220181,104.625,-7.625,-51.625,-15.73828125,-6.69140625,-2.3984375,0.3554795983764153,0.32346568193609426,-0.40913113803521833,-0.7756279183324687
220221,104.0,-7.9375,-51.6875,-15.1796875,-7.16015625,-2.30859375,0.37238685262611776,0.336832789086581,-0.40586565752128667,-0.7636341441084017
220284,103.0625,-8.4375,-51.8125,-14.21875,-7.75,-2.1484375,0.3965880306405835,0.35813470870082703,-0.40275276955473494,-0.7431257057405316
220322,102.5,-8.8125,-51.9375,-13.44140625,-8.19921875,-2.08984375,0.4107181005279702,0.36912137211218604,-0.4000366222113712,-0.7314676351207007
220373,101.6875,-9.375,-52.0625,-12.390625,-8.7109375,-1.98046875,0.42481765190588094,0.3783989989928892,-0.39713736381115144,-0.7201452681051057
220423,101.1875,-9.75,-52.125,-11.7890625,-9.05078125,-1.87109375,0.4370250556962798,0.3841669972838527,-0.3945127719962157,-0.7111728263191626
220484,100.5,-10.375,-52.25,-11.1484375,-9.359375,-1.671875,0.4539017914365062,0.38508255256813256,-0.3925290688802759,-0.7011627552110354
220525,100.0625,-10.75,-52.3125,-10.73828125,-9.578125,-1.5,0.467146824549089,0.38230536820581684,-0.39280373546555986,-0.6937772759178442
220585,99.4375,-11.375,-52.4375,-10.23828125,-9.80859375,-1.16015625,0.4858546708578753,0.37958922086245306,-0.40043336283455916,-0.6778771324808497
220625,99.0,-11.875,-52.5,-9.94140625,-9.98046875,-0.8984375,0.4987945188756981,0.37891781365398114,-0.40595721304971466,-0.6654560991241187
220677,98.4375,-12.5,-52.5625,-9.46875,-10.19140625,-0.421875,0.5147556993316447,0.3813287759025849,-0.4100161748100223,-0.6492507705923642
220726,98.0625,-12.9375,-52.5625,-9.08984375,-10.3515625,-0.12109375,0.5301980651264993,0.3867305520798364,-0.4092226935636464,-0.6339304788354136
220777,97.5625,-13.625,-52.5625,-8.44140625,-10.55859375,0.3203125,0.5449690237128819,0.39411603137302775,-0.40253913998840296,-0.6209906308175909
220832,97.1875,-14.125,-52.5625,-7.96875,-10.69921875,0.5703125,0.5576036866359447,0.40751365703299053,-0.39429914242988373,-0.6062501907406842
220878,96.75,-14.8125,-52.5625,-7.19140625,-10.80859375,0.94140625,0.5710318308053834,0.42283394878994107,-0.38422803430280467,-0.5894955290383618
220931,96.5,-15.25,-52.5,-6.6015625,-10.828125,1.140625,0.5877559739982299,0.4377574999237037,-0.37199011200292975,-0.5696584978789636
220979,96.1875,-16.0,-52.4375,-5.609375,-10.80078125,1.30859375,0.6060670796838282,0.45005645924253057,-0.3617664113284707,-0.5470442823572497
221029,95.9375,-16.4375,-52.4375,-4.76953125,-10.73046875,1.44921875,0.6253242591631825,0.46140934476760154,-0.35355693227942747,-0.5206457716605121
221080,95.75,-17.125,-52.3125,-3.75,-10.55078125,1.76171875,0.640888698995941,0.47523422956022826,-0.34934537797173987,-0.4913174840540788
221132,95.625,-17.625,-52.25,-2.94921875,-10.4296875,1.96875,0.6537675099948118,0.49183629871517076,-0.34595782341990416,-0.45933408612323373
221183,95.5,-18.3125,-52.125,-1.859375,-10.171875,2.2890625,0.6644489883114109,0.5078890346995453,-0.3422040467543565,-0.4283272804956206
221238,95.5,-18.75,-52.0,-1.01171875,-9.9296875,2.53125,0.673207800531022,0.5215002899258401,-0.33838923306985685,-0.40040284432508316
221274,95.5,-19.1875,-51.9375,-0.328125,-9.66015625,2.7890625,0.6827906125064852,0.5264748069704276,-0.3316751609851375,-0.3828852198858608
221336,95.5,-19.8125,-51.75,0.609375,-9.25,3.16015625,0.7030243842890713,0.5235450300607318,-0.31528672139652697,-0.36368907742545853
221375,95.625,-20.1875,-51.625,1.21875,-8.94921875,3.33984375,0.7208471938230537,0.5154576250495926,-0.30195013275551624,-0.35145115512558367
221426,95.75,-20.75,-51.375,2.23046875,-8.41015625,3.62890625,0.7429425946836756,0.5058137760551774,-0.2870265816217536,-0.33133945738090154
221476,95.875,-21.125,-51.25,2.87890625,-8.03125,3.7890625,0.7643055513168737,0.4968108157597583,-0.2728049562059389,-0.3075960570085757
221527,96.1875,-21.6875,-51.0,3.7890625,-7.44921875,4.01953125,0.783349101229896,0.4882045960875271,-0.2598651081881161,-0.2837305825983459
221578,96.375,-22.0,-50.8125,4.390625,-7.05078125,4.12109375,0.8009277626880703,0.478438673055208,-0.2467116306039613,-0.26218451490829187
221628,96.75,-22.5,-50.5,5.37109375,-6.37890625,4.26953125,0.8223212378307444,0.4596697897274697,-0.22882778405102694,-0.24521622363963744
221679,97.0,-22.75,-50.3125,5.890625,-5.94140625,4.328125,0.8467665639210181,0.4301583910641804,-0.206396679586169,-0.23523667104098636
221730,97.5,-23.1875,-50.0,6.80859375,-5.19140625,4.3203125,0.870021668141728,0.39832758568071536,-0.18216498306222725,-0.22632526627399518
221780,97.8125,-23.4375,-49.8125,7.26171875,-4.75,4.23046875,0.8877224036378063,0.37345500045777763,-0.1606189153721732,-0.21604052858058412
221831,98.375,-23.75,-49.5,8.1015625,-4.01953125,4.01953125,0.9035920285653248,0.35062715536973177,-0.1391949217200232,-0.20297860652485733
221886,98.75,-23.9375,-49.3125,8.51953125,-3.578125,3.7890625,0.9190343943601794,0.325876644184698,-0.1173741874446852,-0.1881160924100467
221933,99.4375,-24.1875,-49.0625,9.41015625,-2.78125,3.44140625,0.9322489089632863,0.30399487289040805,-0.09527878658406323,-0.17157506027405622
221974,99.8125,-24.3125,-48.875,9.80078125,-2.37109375,3.19140625,0.9407940916165655,0.2889492477187414,-0.0793176061281167,-0.1585741752372814
222025,100.3125,-24.4375,-48.6875,10.3515625,-1.8984375,2.921875,0.9503463850825525,0.27112643818475907,-0.05679494613483078,-0.14175847651600695
222076,101.0625,-24.5625,-48.4375,11.03125,-1.19140625,2.37890625,0.9577318643757439,0.25608081301309243,-0.032074953459273046,-0.1270485549485763
222126,101.625,-24.6875,-48.3125,11.5390625,-0.66015625,1.94140625,0.9615161595507675,0.2506485183263649,-0.005066072573015534,-0.11252174443800164
222177,102.4375,-24.75,-48.125,12.1484375,0.171875,1.05859375,0.9640491958372753,0.2444532609027375,0.023560289315469832,-0.10141300698873867
222227,103.0625,-24.75,-48.0,12.62109375,0.76953125,0.44921875,0.9638660847804194,0.24485000152592548,0.053071687978759115,-0.09060945463423567
222278,103.9375,-24.6875,-47.875,13.078125,1.53125,-0.5,0.9612109744560076,0.2520828882717368,0.08270516067995239,-0.07535019989623706
222329,104.625,-24.625,-47.8125,13.3984375,2.08984375,-1.05859375,0.9587084566789758,0.25608081301309243,0.10992767113254188,-0.05670339060640278
222381,105.5625,-24.5,-47.75,13.7109375,2.890625,-1.94921875,0.9585558641315958,0.24964140751365704,0.13199255348368785,-0.03790398876918851
222430,106.25,-24.375,-47.75,13.9296875,3.48046875,-2.421875,0.9657887508774071,0.21347697378460037,0.1455427716910306,-0.021820734275337993
222480,107.1875,-24.1875,-47.8125,14.16015625,4.109375,-3.0,0.9721366008484146,0.17798394726401562,0.15225684377575,-0.009704886013367107
222521,107.875,-24.0,-47.8125,14.30078125,4.5,-3.23828125,0.9753105258339183,0.15927610095522934,0.15301980651264993,-0.003143406476027711
222581,108.875,-23.6875,-47.9375,14.41015625,4.87890625,-3.46875,0.9816278572954497,0.11978514969328898,0.14835047456282235,0.005127109591967528
222622,109.5625,-23.4375,-48.0,14.4609375,5.12890625,-3.5390625,0.9865108188116093,0.08294930875576037,0.14084292123172704,0.009949034089175085
222672,110.1875,-23.25,-48.125,14.5,5.25,-3.4296875,0.9910885952330089,0.03347880489516892,0.12805566576128422,0.01568651387066256
222732,111.1875,-22.875,-48.25,14.62890625,5.46875,-3.08984375,0.9933164464247566,-0.025788140507217627,0.11047700430310983,0.021790215765861997
222773,111.8125,-22.625,-48.3125,14.69921875,5.578125,-2.76953125,0.9931943723868526,-0.055604724265266886,0.09952085940122685,0.02414014099551378
222835,112.75,-22.25,-48.375,14.75,5.69921875,-2.2890625,0.9935605945005646,-0.060884426404614396,0.09033478804895169,0.031067842646565143
222874,113.375,-22.0,-48.4375,14.75,5.76171875,-2.01953125,0.9941099276711325,-0.05212561418500321,0.08679464094973602,0.03827021088290048
222924,114.375,-21.5625,-48.5,14.75,6.01171875,-1.66015625,0.9947202978606525,-0.03830072939237648,0.08322397534104434,0.04629657887508774
222976,115.0,-21.3125,-48.5625,14.71875,6.16015625,-1.44921875,0.9952085940122685,-0.028199102755821406,0.07956175420392468,0.04959257789849544
223027,115.875,-20.9375,-48.5625,14.62109375,6.33984375,-1.16015625,0.9958800012207404,-0.02218695638904996,0.0739158299508652,0.047578356273079624
223077,116.375,-20.6875,-48.625,14.51953125,6.3984375,-1.01171875,0.9965819269386883,-0.016296884060182502,0.0694906460768456,0.041688283944212166
223128,117.125,-20.3125,-48.625,14.30859375,6.44921875,-0.83984375,0.9970702230903042,-0.011444441053498948,0.06778160954618977,0.03390606402783288
223178,117.5625,-20.125,-48.625,14.16015625,6.44921875,-0.80078125,0.9971922971282082,-0.007568590350047304,0.06924649800103763,0.02740562150944548
223229,118.1875,-19.8125,-48.625,13.921875,6.44140625,-0.73046875,0.9971312601092562,-0.00924710837122715,0.07116916409802546,0.02414014099551378
223279,118.5625,-19.625,-48.625,13.75,6.44140625,-0.69140625,0.9968871120334483,-0.008392590105899229,0.07440412610248115,0.025086214789269694
223335,119.0625,-19.375,-48.625,13.48828125,6.3984375,-0.73828125,0.9964293343913083,-0.00695822016052736,0.07882930997650074,0.029053621021149327
223370,119.4375,-19.1875,-48.625,13.359375,6.37890625,-0.69921875,0.9962157048249763,-0.003784295175023652,0.08011108737449263,0.03363139744254891
223422,120.125,-18.8125,-48.625,13.48046875,6.53125,-0.69921875,0.9956663716544084,0.00695822016052736,0.08355967894528031,0.03988769188512833
223471,120.75,-18.5,-48.625,13.55859375,6.6796875,-0.80078125,0.9951170384838405,0.017151402325510424,0.08618427076021608,0.04522843104342784
223532,121.75,-18.0,-48.6875,13.69140625,6.87890625,-0.890625,0.9945982238227485,0.024628437147129735,0.08719138157292398,0.050721762749107335
223573,122.375,-17.6875,-48.6875,13.73046875,6.98828125,-0.94140625,0.9944761497848446,0.024933622241889705,0.08639790032654805,0.05398724326303903
223628,123.375,-17.1875,-48.6875,13.78125,7.16015625,-1.078125,0.9943235572374646,0.02447584459974975,0.08648945585497604,0.05710013122959075
223673,124.0,-16.8125,-48.75,13.76171875,7.23046875,-1.2109375,0.9942014831995606,0.020844141972106083,0.08676412244026002,0.0597857600634785
223724,124.9375,-16.3125,-48.75,13.76953125,7.3203125,-1.30078125,0.9942625202185126,0.014130069887386701,0.08722190008239998,0.06048768578142644
223775,125.5625,-16.0,-48.8125,13.76171875,7.33984375,-1.30078125,0.9943235572374646,0.008545182653279214,0.08740501113925596,0.060060426648762474
223825,126.5,-15.5,-48.875,13.73828125,7.359375,-1.26953125,0.9945066682943206,-0.0018311105685598315,0.08545182653279214,0.060274056215094456
223876,127.125,-15.1875,-48.875,13.73046875,7.33984375,-1.23046875,0.9942014831995606,-0.03378398998992889,0.08072145756401257,0.06244087038789026
223929,128.0625,-14.6875,-48.9375,13.76953125,7.30859375,-1.26953125,0.9918515579699088,-0.07760856959746086,0.07528916287728507,0.06726279488509782
223978,128.625,-14.375,-48.9375,13.78125,7.26953125,-1.23046875,0.9880367442854091,-0.11560411389507737,0.0717490157780694,0.07272560808130131
224037,129.5625,-13.875,-49.0,13.8203125,7.26171875,-1.1484375,0.9840388195440535,-0.1423383281960509,0.07351908932767724,0.07736442152165288
224082,130.1875,-13.5625,-49.0,13.7890625,7.21875,-1.0703125,0.9821466719565416,-0.1511276589251381,0.08032471694082462,0.07797479171117283
224128,131.0625,-13.0625,-49.0625,13.80859375,7.23046875,-0.98828125,0.9801934873500778,-0.1577196569719535,0.09323404644917142,0.07498397778252511
224179,131.6875,-12.8125,-49.125,13.75,7.1484375,-1.1796875,0.978942228461562,-0.16425061799981688,0.1022980437635426,0.06485183263649404
224229,132.5625,-12.3125,-49.1875,13.6796875,6.98828125,-1.51953125,0.978209784234138,-0.17096469008453627,0.10657063509018219,0.05011139255958739
224280,133.125,-12.0625,-49.1875,13.62109375,6.8515625,-1.73828125,0.9768669698171941,-0.17981505783257545,0.10953093050935392,0.037110507522812586
224331,134.0,-11.625,-49.3125,13.51171875,6.5390625,-2.01953125,0.9754020813623463,-0.1860408337656789,0.1142002624591815,0.030396435438093204
224381,134.5625,-11.3125,-49.375,13.44921875,6.3203125,-2.171875,0.9743949705496383,-0.184789574877163,0.12411877803888058,0.031342509231849114
224423,135.1875,-11.0625,-49.4375,13.37890625,6.1015625,-2.30859375,0.9729606006042665,-0.1814630573442793,0.1382793664357433,0.03570665608691671
224482,136.0,-10.6875,-49.5625,13.1796875,5.80078125,-2.66015625,0.9706106753746147,-0.17090365306558428,0.16397595141453292,0.04229865413373211
224522,136.5625,-10.4375,-49.6875,13.01953125,5.62109375,-2.98828125,0.9683217871639149,-0.1619922482985931,0.18515579699087498,0.04257332071901608
224582,137.375,-10.125,-49.875,12.6796875,5.37109375,-3.609375,0.9624011963255714,-0.14996795556505021,0.22357860042115543,0.03604235969115269
224623,137.9375,-9.875,-50.0,12.37890625,5.12109375,-4.109375,0.9557176427503281,-0.14685506759849848,0.2533951841792047,0.028962065492721335
224674,138.6875,-9.5625,-50.25,11.78125,4.71875,-4.98046875,0.9447309793389691,-0.14407788323618276,0.293954283272805,0.018127994628742334
224735,139.4375,-9.3125,-50.5,11.05078125,4.19921875,-5.91015625,0.9292580950346385,-0.14691610461745047,0.33893856624042484,0.0027466658528397473
224775,139.875,-9.125,-50.75,10.55078125,3.8515625,-6.53125,0.9174474318674276,-0.1532944730979339,0.36704611346781824,-0.007293923764763329
224826,140.375,-9.0,-51.0,10.0,3.53125,-7.08984375,0.9013031403546251,-0.16370128482924895,0.4007690664387951,-0.016144291512802514
224878,140.9375,-8.8125,-51.375,9.19921875,3.109375,-7.8203125,0.8852198858607746,-0.1706289864803003,0.43214209418012023,-0.022431104464857937
224928,141.375,-8.6875,-51.625,8.53125,2.78125,-8.23828125,0.8740501113925596,-0.17761772515030366,0.45149082918790245,-0.025269325846125675
224979,141.875,-8.5,-52.125,7.76953125,2.390625,-8.71875,0.869106112857448,-0.17972350230414746,0.4600360118411817,-0.027130954924161503
225029,142.25,-8.4375,-52.4375,7.33984375,2.12109375,-8.91015625,0.8673970763267922,-0.1761223181859798,0.46461378826258126,-0.027802362132633443
225080,142.6875,-8.3125,-52.9375,6.94921875,1.8515625,-8.94921875,0.8652912991729484,-0.17444380016479996,0.4693441572313608,-0.02328562273018586
225129,143.0,-8.25,-53.3125,6.640625,1.66015625,-9.0,0.8640095217749565,-0.1706289864803003,0.47325052644428844,-0.020142216254158147
225184,143.4375,-8.125,-53.8125,6.37890625,1.51171875,-8.921875,0.8631244850001526,-0.16666158024842068,0.47648548844874417,-0.014557329020050662
225230,143.75,-8.0625,-54.1875,6.171875,1.37890625,-8.87109375,0.8634907071138646,-0.16257209997863703,0.47734000671407206,-0.011566515091402937
225280,144.125,-8.0,-54.6875,5.921875,1.28125,-8.71875,0.8662984099856563,-0.15378276924954984,0.4749900814844203,-0.015808587908566547
225331,144.375,-8.0,-55.0625,5.80078125,1.19921875,-8.62109375,0.8725852229377117,-0.13675344096194342,0.46806237983336896,-0.027863399151585436
225371,144.625,-7.9375,-55.375,5.73828125,1.1484375,-8.5,0.8792687765129551,-0.11822870571001312,0.4593951231421857,-0.04284798730430006
225432,145.0,-7.875,-55.9375,5.73046875,1.1015625,-8.21875,0.8900112918485061,-0.08832056642353588,0.44181646168401134,-0.06979583117160558
225471,145.1875,-7.875,-56.25,5.80078125,1.0390625,-8.03125,0.8960234382152775,-0.07443464461195715,0.4292428357799005,-0.0858790856654561
225521,145.4375,-7.8125,-56.625,5.94140625,0.96875,-7.75,0.9004181035798212,-0.06817835016937773,0.41788995025482956,-0.09988708151493882
225572,145.8125,-7.75,-57.0625,6.05859375,0.890625,-7.33984375,0.902035584582049,-0.07089449751274148,0.4120609149449141,-0.10721152378917814
225622,146.0625,-7.75,-57.4375,6.05859375,0.87890625,-7.171875,0.9030732139042329,-0.07150486770226142,0.4076052125614185,-0.11499374370555743
225672,146.4375,-7.6875,-57.875,6.01171875,0.8984375,-6.9609375,0.902584917752617,-0.07705923642689291,0.4056825464644307,-0.12179937131870479
225723,146.6875,-7.6875,-58.1875,6.0390625,0.87109375,-6.80078125,0.9008758812219612,-0.0815759758293405,0.40687276833399455,-0.12738425855281227
225778,147.0,-7.625,-58.6875,5.94921875,0.80078125,-6.6484375,0.8991363261818293,-0.08325449385052035,0.40894802697836236,-0.13180944242683187
225824,147.3125,-7.625,-58.9375,5.80859375,0.71875,-6.609375,0.8969389934995575,-0.08709982604449598,0.41224402600177007,-0.13403729361857966
225874,147.625,-7.625,-59.4375,5.6015625,0.609375,-6.58984375,0.8946501052888577,-0.08771019623401594,0.4163029877620777,-0.13641773735770746
225925,147.875,-7.5625,-59.6875,5.46875,0.5703125,-6.55859375,0.8935819574571978,-0.08581804864650411,0.41788995025482956,-0.13959166234321116
225975,148.1875,-7.5625,-60.125,5.28125,0.51953125,-6.53125,0.8934904019287698,-0.08517715994750816,0.41666920987578965,-0.14429151280251473
226025,148.4375,-7.5625,-60.4375,5.16015625,0.4609375,-6.4609375,0.8938566240424818,-0.08575701162755212,0.41358684041871396,-0.15042573320719016
226076,148.75,-7.5625,-60.875,5.01953125,0.37890625,-6.41015625,0.8941923276467177,-0.08606219672231208,0.4098635822626423,-0.15820795312356944
226127,148.9375,-7.5625,-61.1875,4.94140625,0.30859375,-6.390625,0.8941312906277658,-0.0836817529831843,0.40699484237189854,-0.16699728385265664
226182,149.25,-7.5625,-61.625,4.80859375,0.23046875,-6.390625,0.8930326242866299,-0.07989745780816065,0.40592669454023866,-0.1770073549607837
226228,149.5,-7.5625,-61.875,4.73828125,0.23828125,-6.37890625,0.890774254585406,-0.0749229407635731,0.40687276833399455,-0.18802453688161871
226279,149.75,-7.5625,-62.3125,4.5390625,0.25,-6.41015625,0.8877834406567583,-0.07101657155064546,0.4087343974120304,-0.19931638538773766
226330,150.0,-7.5,-62.625,4.421875,0.23828125,-6.44140625,0.8837855159154027,-0.06897183141575365,0.41300698873867,-0.2088076418347728
226380,150.25,-7.5,-63.0625,4.23046875,0.23828125,-6.48828125,0.8795739616077151,-0.06726279488509782,0.4182561723685415,-0.21662038026062808
226421,150.4375,-7.5,-63.375,4.0390625,0.19921875,-6.53125,0.8768883327738273,-0.06671346171452987,0.4227729117709891,-0.21884823145237586
226472,150.625,-7.5,-63.6875,3.8515625,0.19921875,-6.62890625,0.8757896664326914,-0.06942960905789361,0.4251838740195929,-0.21765800958281198
226522,150.875,-7.5,-64.125,3.6484375,0.12890625,-6.76171875,0.8787194433423872,-0.06796472060304574,0.42020935697500533,-0.21601001007110812
226571,151.0,-7.5,-64.4375,3.62890625,0.1015625,-6.7109375,0.8845179601428266,-0.06118961149937437,0.41022980437635426,-0.21359904782250436
226622,151.25,-7.5,-64.9375,3.671875,0.05078125,-6.51953125,0.8902859584337901,-0.05514694662312693,0.39918210394604325,-0.21207312234870448
226672,151.4375,-7.5,-65.25,3.73046875,0.0390625,-6.37109375,0.8952299569689016,-0.05340739158299509,0.38779869991149635,-0.21283608508560442
226732,151.6875,-7.5,-65.6875,3.8203125,0.0,-6.12890625,0.8989532151249733,-0.054261909848323006,0.3762932218390454,-0.217505417035432
226773,151.8125,-7.5,-65.9375,3.828125,-0.0390625,-6.01953125,0.9001739555040131,-0.055238502151554916,0.37003692739646593,-0.22290719321268349
226826,152.0625,-7.5625,-66.375,3.890625,-0.05859375,-5.8515625,0.8995635853144932,-0.0564897610400708,0.3663747062593463,-0.23102511673329876
226874,152.25,-7.5625,-66.6875,3.91015625,-0.05859375,-5.75,0.8975798821985534,-0.0587481307412946,0.36475722525711846,-0.24051637318033386
226924,152.5,-7.5625,-67.0625,3.87109375,-0.109375,-5.62109375,0.8948332163457137,-0.06414990691854609,0.3650318918424024,-0.24881740775780511
226975,152.6875,-7.5625,-67.3125,3.83984375,-0.12890625,-5.51953125,0.891567735831782,-0.076113162633137,0.36570329905087434,-0.25611133152256843
227030,152.9375,-7.5625,-67.75,3.8203125,-0.23046875,-5.46875,0.8892178106021302,-0.08746604815820795,0.36490981780449844,-0.2617267372661519
227077,153.0625,-7.5625,-68.0,3.80078125,-0.2890625,-5.421875,0.8875698110904263,-0.09973448896755882,0.3633228553117466,-0.2650837733085116
227127,153.375,-7.625,-68.375,3.76171875,-0.41015625,-5.390625,0.8871425519577624,-0.11120944853053377,0.36024048585467083,-0.2661824396496475
227178,153.5,-7.625,-68.625,3.71875,-0.51171875,-5.33984375,0.8876918851283303,-0.11780144657734916,0.35593737601855524,-0.2672505874813074
227229,153.75,-7.6875,-69.0,3.69140625,-0.640625,-5.30859375,0.890835291604358,-0.11337626270332957,0.34620197149571214,-0.27143162327951903
227280,153.9375,-7.6875,-69.3125,3.69140625,-0.7109375,-5.23046875,0.8958708456678975,-0.09939878536332286,0.33063753166295357,-0.27970213934751426
227330,154.1875,-7.75,-69.6875,3.7890625,-0.859375,-5.05078125,0.9008758812219612,-0.08120975371562852,0.3120212408825953,-0.2906277657399213
227371,154.3125,-7.8125,-69.875,3.87890625,-0.94140625,-4.9296875,0.9042023987548448,-0.0663472396008179,0.29572435682241277,-0.3009125034333323
227432,154.625,-7.875,-70.25,3.9609375,-1.0703125,-4.69140625,0.9069795831171605,-0.04724265266884366,0.2723471785637989,-0.3177892391735588
227473,154.75,-7.9375,-70.5,4.01953125,-1.12890625,-4.5390625,0.9069490646076845,-0.041474654377880185,0.260994293038728,-0.3280739768669698
227533,155.0625,-8.0,-70.8125,4.12109375,-1.26953125,-4.37109375,0.9049348429822688,-0.03595080416272469,0.24985503707998902,-0.34257026886806846
227577,155.25,-8.0625,-71.0,4.140625,-1.359375,-4.23828125,0.9033478804895169,-0.032593768120365005,0.24408703878902555,-0.3511459700308237
227624,155.375,-8.125,-71.25,4.19921875,-1.44140625,-4.1484375,0.901852473525193,-0.02456740012817774,0.2357249671926023,-0.36124759666737877
227679,155.5625,-8.1875,-71.4375,4.26171875,-1.51171875,-4.078125,0.902645954771569,-0.0067445905941953795,0.22037415692617573,-0.369640186773278
227727,155.875,-8.3125,-71.75,4.37890625,-1.66015625,-3.8984375,0.9049348429822688,0.018219550157170323,0.19949949644459364,-0.37540818506424145
227775,156.0625,-8.375,-71.9375,4.4609375,-1.75,-3.76171875,0.9067049165318766,0.026337473677785578,0.18655964842677084,-0.3773308511612293
227826,156.375,-8.5,-72.25,4.578125,-1.8984375,-3.5,0.9076204718161565,0.027649769585253458,0.18115787224951935,-0.37769707327494123
227877,156.5625,-8.5625,-72.4375,4.640625,-1.9609375,-3.37109375,0.9085055085909605,0.027344584490493484,0.1790826136051515,-0.37659840693380536
227928,156.8125,-8.6875,-72.6875,4.73828125,-2.1015625,-3.21875,0.9096346934415723,0.022888882106997896,0.18234809411908323,-0.37256996368297374
227978,157.0625,-8.75,-72.875,4.83984375,-2.171875,-3.140625,0.9100009155552843,0.018555253761406293,0.18799401837214272,-0.36906033509323405
228028,157.3125,-8.9375,-73.0625,4.890625,-2.21875,-3.0703125,0.9095431379131443,0.01272621845149083,0.19528794213690603,-0.3666493728446303
228079,157.5,-9.0,-73.25,4.8984375,-2.25,-3.05859375,0.9089022492141484,0.007232886745811335,0.20401623584704123,-0.36362804040650654
228129,157.75,-9.125,-73.5,4.828125,-2.23828125,-3.109375,0.9087496566667684,0.0050050355540635395,0.21103549302652058,-0.35999633777886286
228180,157.9375,-9.1875,-73.625,4.69921875,-2.23046875,-3.28125,0.9092074343089084,0.008606219672231208,0.2140873439741203,-0.3569444868312632
228230,158.125,-9.3125,-73.875,4.5390625,-2.21875,-3.62109375,0.9105197302163762,0.028565324869533372,0.20679342020935698,-0.3568834498123112
228280,158.25,-9.375,-74.0625,4.48046875,-2.19921875,-3.71875,0.9115268410290841,0.06002990813928648,0.19159520249031037,-0.358897671437727
228320,158.375,-9.4375,-74.1875,4.48828125,-2.171875,-3.73046875,0.9115268410290841,0.08352916043580431,0.18073061311685537,-0.3598437452314829
228371,158.5,-9.5,-74.4375,4.5,-2.05078125,-3.76953125,0.9102755821405683,0.10464796899319437,0.17108676412244025,-0.36216315195165866
228432,158.8125,-9.625,-74.75,4.73046875,-2.1015625,-3.83984375,0.9077120273445844,0.11978514969328898,0.16342661824396496,-0.3674123355815302
228479,159.0625,-9.75,-74.875,4.8984375,-2.171875,-3.8515625,0.9057893612475967,0.12906277657399212,0.16067995239112523,-0.37022003845332196
228528,159.3125,-9.875,-75.0625,5.078125,-2.21875,-3.8515625,0.902554399243141,0.14929654835657827,0.15408795434430983,-0.37333292641987365
228575,159.6875,-10.0625,-75.375,5.2890625,-2.25,-3.828125,0.8980986968596454,0.1791741691335795,0.14227729117709892,-0.37559129612109743
228627,159.9375,-10.1875,-75.5625,5.44921875,-2.30078125,-3.75,0.8954130680257576,0.19922482985930967,0.13409833063753165,-0.3749198889126255
228676,160.375,-10.375,-75.8125,5.71875,-2.33984375,-3.609375,0.8962981048005615,0.20447401348918118,0.13342692342905974,-0.37018951994384597
228727,160.625,-10.5,-76.0,5.87890625,-2.33984375,-3.53125,0.8988616595965453,0.2087771233252968,0.13327433088167973,-0.36149174474318674
228777,161.0625,-10.6875,-76.25,6.1015625,-2.33984375,-3.44140625,0.9036530655842768,0.21225623340556046,0.1326334421826838,-0.34754478591265603
228828,161.375,-10.8125,-76.375,6.26953125,-2.30859375,-3.421875,0.9096041749320963,0.2154301583910642,0.13095492416150395,-0.3302407910397656
228878,161.75,-11.0,-76.625,6.5,-2.171875,-3.359375,0.9159825434125797,0.2161931211279641,0.12872707296975616,-0.31250953703421125
228930,162.125,-11.125,-76.8125,6.69140625,-2.078125,-3.3515625,0.923154393139439,0.21073030793176062,0.12552262947477646,-0.2960600604266488
228980,162.5625,-11.25,-77.0625,6.94140625,-1.9609375,-3.3515625,0.9310586870937223,0.19183935056611834,0.12366100039674062,-0.2846766563921018
229030,162.875,-11.375,-77.1875,7.1484375,-1.91015625,-3.3515625,0.9381084627826777,0.16888943144016846,0.1206701864680929,-0.2771996215704825
229081,163.375,-11.5,-77.4375,7.359375,-1.8984375,-3.2109375,0.9435102389599292,0.1508529923398541,0.11459700308236946,-0.271889400921659
229121,163.75,-11.625,-77.5625,7.55078125,-1.859375,-3.1015625,0.9468367564928128,0.14169743949705496,0.10660115359965819,-0.2684102908413953
229172,164.0625,-11.6875,-77.6875,7.6796875,-1.83984375,-2.94140625,0.9500106814783166,0.13504440443128757,0.09396649067659535,-0.2653279213843196
229233,164.5625,-11.875,-77.9375,7.91015625,-1.828125,-2.58984375,0.9533371990112003,0.12656025879696037,0.08117923520615253,-0.2617572557756279
229274,164.9375,-11.9375,-78.0,8.01953125,-1.8515625,-2.33984375,0.9558397167882321,0.11880855739005707,0.07654042176580096,-0.2576982940153203
229324,165.4375,-12.0625,-78.1875,8.2109375,-1.859375,-1.96875,0.9589220862453077,0.10934781945249794,0.0728171636097293,-0.2514114810632649
229375,165.8125,-12.1875,-78.3125,8.328125,-1.83984375,-1.75,0.9620349742118595,0.09738456373790703,0.07126071962645344,-0.24481948301644949
229426,166.375,-12.3125,-78.4375,8.55859375,-1.828125,-1.5703125,0.9653920102542192,0.07690664387951293,0.07257301553392133,-0.23847163304544206
229479,166.75,-12.375,-78.5,8.671875,-1.80859375,-1.48046875,0.9685048982207709,0.05172887356181524,0.07541123691518906,-0.2316049684133427
229529,167.3125,-12.5,-78.625,8.8515625,-1.80078125,-1.2890625,0.9712210455641347,0.023407696768089847,0.07742545854060488,-0.22406689657277137
229579,167.6875,-12.625,-78.6875,8.9296875,-1.7890625,-1.1796875,0.9725333414716025,-0.010559404278695029,0.08212530899990844,-0.217474898525956
229630,168.25,-12.75,-78.75,9.1015625,-1.8203125,-1.0703125,0.9724112674336985,-0.04925687429425947,0.08786278878139592,-0.21033356730857264
229680,168.625,-12.8125,-78.8125,9.19921875,-1.859375,-1.0390625,0.9702139347514267,-0.08969389934995575,0.0946378978850673,-0.2041993469038972
229730,169.25,-12.9375,-78.875,9.3203125,-1.94140625,-1.0703125,0.9659108249153111,-0.130466628009888,0.10040589617603077,-0.19980468153935363
229781,169.625,-13.0,-78.9375,9.33984375,-2.0,-1.0390625,0.9591662343211158,-0.17200231940672017,0.10571611682485428,-0.19812616351817378
229822,170.0625,-13.125,-79.0,9.44140625,-2.05859375,-0.91015625,0.9539475692007202,-0.19739371929074984,0.108767967772454,-0.1980040894802698
229872,170.625,-13.25,-79.0625,9.5,-2.19140625,-0.7890625,0.9497054963835566,-0.21378215887936033,0.1120639667958617,-0.19946897793511764
229923,171.0625,-13.3125,-79.0625,9.55078125,-2.3515625,-0.80859375,0.9487594225898007,-0.21497238074892422,0.11407818842127751,-0.20160527359843744
229974,171.6875,-13.5,-79.125,9.58984375,-2.51953125,-0.828125,0.9512009033478805,-0.19956053346354563,0.11404766991180151,-0.20590838343455306
230024,172.0625,-13.625,-79.1875,9.62890625,-2.62890625,-0.83984375,0.9559617908261361,-0.16800439466536454,0.10959196752830591,-0.21420941801202428
230075,172.6875,-13.75,-79.25,9.7109375,-2.76953125,-0.9296875,0.9595629749443038,-0.1336100344859157,0.10290841395306254,-0.22537919248023927
230126,173.125,-13.875,-79.25,9.76953125,-2.87109375,-0.921875,0.9614246040223395,-0.10251167332987457,0.09588915677358317,-0.23651844843897823
230177,173.75,-14.0625,-79.3125,9.78125,-2.9609375,-0.87890625,0.9633472701193274,-0.06564531388286995,0.08737449262977996,-0.24506363109225746
230228,174.125,-14.1875,-79.3125,9.828125,-3.03125,-0.8984375,0.9643238624225593,-0.02902310251167333,0.07898190252388074,-0.2509537034211249
230279,174.75,-14.375,-79.375,9.8984375,-3.1015625,-0.8984375,0.9643238624225593,-0.006225775933103427,0.07379375591296121,-0.2541886654255806
230331,175.1875,-14.5,-79.4375,10.0,-3.12109375,-0.859375,0.9641102328562273,0.0005188146610919523,0.07330545976134525,-0.25522629474776454
230380,175.8125,-14.6875,-79.5,10.05078125,-3.171875,-0.890625,0.9643543809320353,-0.0015259254737998596,0.07596057008575702,-0.2534867397076327
230431,176.25,-14.8125,-79.5,10.109375,-3.19140625,-0.921875,0.9644459364604633,-0.013611255226294748,0.0837733085116123,-0.25028229621265297
230471,176.6875,-14.9375,-79.5625,10.1484375,-3.19921875,-1.0,0.9633472701193274,-0.043427838984344005,0.09421063875240333,-0.24741355632190923
230528,177.3125,-15.125,-79.625,10.16015625,-3.28125,-1.140625,0.9576097903378399,-0.10397656178472243,0.11368144779808954,-0.2434461500900296
230572,177.75,-15.25,-79.625,10.12109375,-3.421875,-1.30078125,0.9439374980925932,-0.18274483474227118,0.14014099551377912,-0.23654896694845423
230623,178.375,-15.5,-79.75,9.98046875,-3.78125,-1.609375,0.923001800592059,-0.26233710745567185,0.16742454298532058,-0.22632526627399518
230674,178.75,-15.625,-79.8125,9.8203125,-4.0390625,-1.73828125,0.8947111423078097,-0.33765678884243294,0.19617297891170996,-0.21674245429853206
230724,179.375,-15.875,-79.875,9.6015625,-4.48046875,-1.80859375,0.8607745597705008,-0.4043397320474868,0.22577593310342722,-0.21118808557390056
230775,179.8125,-16.0625,-79.9375,9.41015625,-4.78125,-1.80859375,0.825342570268868,-0.4546647541734062,0.2587969603564562,-0.21234778893398845
230826,180.375,-16.375,-80.0625,8.9296875,-5.4296875,-1.80859375,0.7882625812555315,-0.4925382244331187,0.29364909817804496,-0.22321237830744348
230881,180.75,-16.5625,-80.0625,8.5,-5.9609375,-1.8203125,0.7456892605365154,-0.5239722891933958,0.3314310129093295,-0.24402600177007355
230927,181.3125,-16.9375,-80.1875,7.55859375,-6.87109375,-1.69921875,0.7004303109836115,-0.5459761345255898,0.37134922330393383,-0.2710043641468551
230977,181.625,-17.25,-80.1875,6.7109375,-7.53125,-1.5703125,0.651966917935728,-0.5589159825434126,0.41315958128605,-0.3030487990966521
231028,182.0,-17.6875,-80.25,5.03125,-8.5703125,-1.1484375,0.597827082125309,-0.5690481276894437,0.45576342051454205,-0.33323160496841336
231082,182.1875,-18.0,-80.25,3.8984375,-9.1015625,-0.76953125,0.5410931730094303,-0.5799737540818506,0.4922330393383587,-0.35859248634296703
231128,182.4375,-18.5625,-80.25,2.21875,-9.6796875,0.01171875,0.4937894833216346,-0.5846736045411542,0.5166783654286324,-0.3838618121890927
231183,182.5625,-18.9375,-80.1875,1.3984375,-9.890625,0.55859375,0.4621723075045015,-0.5892208624530778,0.5246742149113437,-0.40491958372753073
231230,182.625,-19.5625,-80.125,0.140625,-10.30078125,1.3515625,0.43552964873195593,-0.5929441206091495,0.5285500656147953,-0.42356639301736504
231280,182.6875,-19.9375,-80.0625,-0.55859375,-10.51953125,1.8984375,0.402111880855739,-0.5897396771141697,0.5407574694051942,-0.44505142368846706
231331,182.625,-20.5625,-79.9375,-2.01953125,-10.828125,2.828125,0.358928189947203,-0.5742973113193152,0.5622425000762963,-0.47459334086123234
231392,182.5,-21.25,-79.75,-3.640625,-10.78125,3.859375,0.30549027985473187,-0.5439008758812219,0.5881221961119419,-0.5147251808221687
231423,182.4375,-21.4375,-79.6875,-4.28125,-10.6796875,4.2109375,0.2795190282906583,-0.5257423627430037,0.5985595263527329,-0.5359050263985107
231484,182.125,-22.0625,-79.375,-6.0390625,-10.16015625,5.23828125,0.24179815057832577,-0.48716696676534316,0.6045106357005524,-0.5820184942167425
231535,181.75,-22.625,-79.0625,-7.87890625,-9.51171875,6.0703125,0.22504348887600328,-0.4595477156895657,0.5922727134006776,-0.6223944822534867
231575,181.4375,-23.0,-78.8125,-8.8203125,-9.08984375,6.46875,0.21884823145237586,-0.4424878688924833,0.5728629413739433,-0.6543168431653799
231626,181.0625,-23.375,-78.625,-9.69921875,-8.83984375,6.75,0.22122867519150366,-0.4250923184911649,0.5370036927396465,-0.6942655720694602
231676,180.4375,-23.875,-78.25,-10.609375,-8.6484375,7.1015625,0.2315744499038667,-0.4064760277108066,0.49415570543534654,-0.7327799310281686
231726,180.0,-24.25,-78.0,-11.140625,-8.609375,7.2890625,0.24411755729850154,-0.3812677388836329,0.4533219397564623,-0.7678151799066134
231777,179.3125,-24.8125,-77.625,-11.83984375,-8.53125,7.44921875,0.2584612567522202,-0.3501083407086398,0.40812402722251045,-0.8025452436902981
231832,178.8125,-25.1875,-77.375,-12.4296875,-8.44921875,7.44140625,0.27414777062288276,-0.3191015350810266,0.3540452284310434,-0.8352610858485672
231878,178.0,-25.6875,-77.0,-13.23046875,-8.26953125,7.25,0.29007843256935334,-0.2911160618915372,0.28736228522598956,-0.8651692251350444
231928,177.4375,-26.0,-76.75,-13.7890625,-8.08984375,7.109375,0.3100680562761315,-0.2659993285927915,0.20163579210791344,-0.8901944029053621
231980,176.5625,-26.5,-76.375,-14.25,-7.96875,7.16015625,0.33402508621478927,-0.2423169652394177,0.09369182409131138,-0.9060335093234047
232029,175.9375,-26.8125,-76.1875,-14.5390625,-7.7890625,7.4609375,0.3526108584856716,-0.22452467421491135,-0.008941923276467178,-0.9083834345530565
232080,175.0625,-27.25,-75.8125,-14.73828125,-7.421875,8.1796875,0.35938596758934294,-0.2140263069551683,-0.08667256691183203,-0.9041718802453688
232121,174.375,-27.5,-75.5,-14.9609375,-7.109375,8.6796875,0.36042359691152687,-0.20691549424726097,-0.13809625537888728,-0.8990142521439253
232172,173.75,-27.75,-75.25,-15.1484375,-6.78125,9.23046875,0.3555101168858913,-0.20520645771660512,-0.1717886898403882,-0.8955351420636616
232223,172.75,-28.125,-74.75,-15.5703125,-6.3203125,9.91015625,0.3484603411969359,-0.20920438245796075,-0.17157506027405622,-0.8974272896511735
232273,172.0625,-28.3125,-74.4375,-15.83984375,-6.109375,10.2109375,0.3505355998413037,-0.20923490096743674,-0.16489150669881283,-0.8978545487838374
232324,171.0,-28.625,-73.9375,-16.28125,-5.9609375,10.37109375,0.36048463393047886,-0.19989623706778162,-0.15179906613361002,-0.8983428449354534
232374,170.3125,-28.8125,-73.625,-16.48828125,-5.94140625,10.25,0.3672292245246742,-0.1815240943632313,-0.10696737571337016,-0.9059724723044527
232424,169.1875,-29.125,-73.125,-17.1015625,-6.1484375,9.19140625,0.3684804834131901,-0.1501510666219062,-0.05056917020172735,-0.9160435804315318
232475,168.4375,-29.3125,-72.875,-17.5,-6.19921875,8.01171875,0.3685110019226661,-0.11456648457289346,-0.0036927396465956603,-0.9225440229499191
232526,167.25,-29.5625,-72.5625,-18.08984375,-6.12890625,6.05078125,0.3624378185369427,-0.09006012146366771,0.04693746757408368,-0.9264503921628467
232577,166.5,-29.75,-72.4375,-18.37109375,-5.8984375,4.78125,0.3539841914120914,-0.07361064485610523,0.09329508346812342,-0.9276711325418866
232626,165.25,-30.0,-72.3125,-18.8203125,-5.66015625,3.08984375,0.34806360057374797,-0.05850398266548662,0.11499374370555743,-0.9285561693166906
232677,164.4375,-30.1875,-72.25,-18.9296875,-5.48828125,2.19140625,0.3450422681356243,-0.047791985839411605,0.1184728537858211,-0.9298684652241584
232727,163.1875,-30.4375,-72.25,-19.140625,-5.44921875,1.23828125,0.34669026764732813,-0.039613025299844354,0.11883907589953306,-0.9295937986388745
232781,162.4375,-30.5625,-72.25,-19.16015625,-5.41015625,0.80078125,0.3520920438245796,-0.032563249610889,0.12161626026184881,-0.9274575029755546
232828,161.1875,-30.875,-72.25,-19.21875,-5.421875,0.26171875,0.358775597399823,-0.024384289071321757,0.12097537156285287,-0.9252296517838069
232879,160.4375,-31.0625,-72.3125,-19.19140625,-5.44140625,-0.01171875,0.3645435956907865,-0.014831995605334635,0.11966307565538499,-0.923337504196295
232929,159.1875,-31.375,-72.375,-19.19921875,-5.3984375,-0.37890625,0.36497085482345043,-0.009643848994415113,0.1399884029663991,-0.9203772087771234
232983,158.4375,-31.5625,-72.4375,-19.1796875,-5.328125,-0.75,0.3603015228736228,-0.003906369212927641,0.17102572710348826,-0.9170201727347637
233030,157.1875,-31.8125,-72.5625,-19.25,-5.12890625,-1.3984375,0.35227515488143557,0.0009765923032319102,0.21182897427289651,-0.9116183965575121
233081,156.4375,-32.0,-72.6875,-19.26171875,-4.87109375,-1.87890625,0.3435773796807764,-0.003509628589739677,0.26584673604541154,-0.9006927701651052
233122,155.6875,-32.1875,-72.8125,-19.28125,-4.58984375,-2.3515625,0.33826715903195287,-0.008453627124851223,0.304422132023072,-0.8904080324716941
233173,154.75,-32.375,-73.0,-19.19140625,-4.19921875,-2.8515625,0.33619190038758506,-0.0012207403790398877,0.31812494277779474,-0.8864406262398145
233233,153.875,-32.5,-73.25,-19.03125,-3.9296875,-3.26953125,0.33631397442548905,0.008728293710135197,0.3130588702047792,-0.8881496627704702
233274,153.375,-32.5625,-73.4375,-18.87109375,-3.83984375,-3.44921875,0.3352153080843532,0.013122959074678793,0.31107516708883937,-0.8892178106021302
233325,152.8125,-32.6875,-73.5625,-18.69140625,-3.78125,-3.51953125,0.33271279030732137,0.015350810266426589,0.30689413129062776,-0.891567735831782
233376,152.125,-32.8125,-73.8125,-18.44140625,-3.75,-3.55078125,0.32847071749015777,0.016357921079134495,0.30188909573656425,-0.8948026978362377
233429,151.625,-32.875,-74.0,-18.23046875,-3.76171875,-3.51171875,0.32233649708548234,0.01446577349162267,0.29709768974883266,-0.8986785485396893
233477,151.0,-33.0,-74.25,-18.0,-3.76953125,-3.421875,0.315622425000763,0.010376293221839045,0.2927030243842891,-0.902554399243141
233528,150.125,-33.1875,-74.4375,-18.2890625,-3.5390625,-3.37109375,0.30921353801080353,0.007110812707907346,0.29090243232520524,-0.9053621021149327
233583,148.8125,-33.375,-74.6875,-18.58984375,-3.25,-3.23828125,0.3052156132694479,0.004821924497207556,0.28955961790826135,-0.9071932126834925
233629,147.9375,-33.5,-74.8125,-18.80859375,-3.05859375,-3.140625,0.30341502121036407,0.0024719992675557726,0.2856532486953337,-0.9090243232520524
255676,132.9375,-27.0625,-72.875,-14.828125,-2.78125,0.48046875,-0.38239692373424483,-0.3176671651356548,0.3086336863307596,0.8109378337961974
255727,132.0625,-27.3125,-73.0,-13.41015625,-3.859375,-0.2890625,-0.41996520889919736,-0.3553575243385113,0.2883083590197455,0.7837153233436079
255777,131.5625,-27.5,-73.125,-12.5390625,-4.30859375,-0.69921875,-0.4448988311410871,-0.3758659627063814,0.27561265907773064,0.7647328104495377
255828,130.8125,-27.875,-73.3125,-11.30078125,-5.05078125,-1.16015625,-0.46140934476760154,-0.37900936918240913,0.2674642170476394,0.7562486648152105
255879,130.375,-28.125,-73.4375,-10.7109375,-5.4296875,-1.33984375,-0.46830652790917693,-0.3756218146305734,0.27121799371318706,0.7523422956022828
255929,129.75,-28.5625,-73.625,-9.9609375,-6.12890625,-1.37109375,-0.4761803033539842,-0.3751640369884335,0.2786034730063784,0.7449262977996155
255980,129.375,-28.8125,-73.75,-9.671875,-6.4609375,-1.25,-0.49485763115329445,-0.38987395855586415,0.27878658406323437,0.7248146000549334
256021,129.0,-29.1875,-73.875,-9.05078125,-6.859375,-1.19921875,-0.5183263649403363,-0.412945951719718,0.2696310312204352,0.6986602374340037
256071,128.5,-29.6875,-74.0625,-7.7890625,-7.25,-1.26953125,-0.5519272438734092,-0.4503616443372906,0.24811548203985717,0.6565141758476516
256122,128.1875,-30.0,-74.1875,-6.5,-7.4296875,-1.44921875,-0.5847041230506302,-0.4901577806939909,0.2207098605304117,0.6075624866481522
256172,127.9375,-30.5625,-74.375,-4.58984375,-7.2890625,-1.71875,-0.6136051515243995,-0.52119510483108,0.19370097964415417,0.5606555375835445
256234,127.6875,-31.0625,-74.5625,-2.890625,-6.921875,-1.8515625,-0.6356089968565936,-0.5470137638477737,0.17303994872890407,0.5165562913907285
256272,127.625,-31.375,-74.6875,-2.109375,-6.671875,-1.8515625,-0.6447035126804407,-0.5533310953093051,0.1682485427411725,0.499862666707358
256324,127.5625,-31.6875,-74.8125,-1.3515625,-6.44140625,-1.80078125,-0.6517227698599201,-0.5567186498611408,0.16812646870326853,0.4868617816705832
256374,127.5625,-32.125,-75.0,-0.62109375,-6.26171875,-1.62109375,-0.6573076570940275,-0.5604419080172124,0.1728873561815241,0.47322000793481245
256424,127.5625,-32.4375,-75.0625,-0.078125,-6.12890625,-1.4296875,-0.6668599505600147,-0.5718558305612353,0.17154454176458023,0.44590594195379496
256475,127.5625,-32.8125,-75.1875,0.640625,-5.828125,-1.1015625,-0.6823328348643453,-0.5914181951353495,0.1567430646687216,0.4000976592303232
256526,127.6875,-33.125,-75.3125,1.48828125,-5.37890625,-0.890625,-0.7004913480025635,-0.6147038178655354,0.1274452955717643,0.3393963438825648
256577,127.8125,-33.4375,-75.375,2.87890625,-4.1796875,-0.55859375,-0.7190771202734458,-0.6344798120059816,0.08853419598986785,0.26926480910672324
256627,128.0,-33.625,-75.375,3.828125,-3.12890625,-0.3203125,-0.7331766716513566,-0.6455885494552446,0.05389568773461104,0.20679342020935698
256678,128.3125,-33.8125,-75.4375,4.76953125,-1.671875,0.08984375,-0.738822595904416,-0.6537064729758598,0.0314951017792291,0.1606189153721732
256729,128.5625,-33.9375,-75.4375,5.23828125,-0.76953125,0.390625,-0.7404705954161199,-0.6591692861720634,0.020050660725730154,0.12967314676351208
256779,128.8125,-34.0,-75.4375,5.55078125,-0.078125,0.7109375,-0.73848689230018,-0.6649983214819788,0.0173955504013184,0.10998870815149388
256833,129.1875,-34.0,-75.375,5.9609375,0.7109375,1.2109375,-0.7345805230872524,-0.6723838007751701,0.017090365306558428,0.08935819574571978
256880,129.5,-34.0,-75.3125,6.16015625,1.01171875,1.55859375,-0.7312540055543687,-0.6798913541062654,0.009155552842799158,0.053956724753563036
256931,129.9375,-34.0,-75.25,6.609375,1.640625,2.140625,-0.728141117587817,-0.6852320932645649,-0.01446577349162267,-0.006775109103671377
256976,130.25,-34.0,-75.125,6.8203125,2.4296875,2.58984375,-0.7214575640125737,-0.6878566850795007,-0.04297006134220405,-0.06698812829981383
257023,130.75,-33.875,-74.9375,6.98828125,4.3984375,3.328125,-0.7127597888119144,-0.6814783165990173,-0.08209479049043245,-0.14435254982146672
257074,131.0625,-33.6875,-74.8125,6.76953125,5.7890625,3.80859375,-0.7018646809289835,-0.674245429853206,-0.108706930753502,-0.20230719931638538
257124,131.5625,-33.375,-74.5,6.48828125,7.7109375,4.4296875,-0.6929227576525162,-0.6775109103671376,-0.10699789422284615,-0.22226630451368756
257175,131.875,-33.125,-74.3125,6.62890625,8.12109375,4.8203125,-0.6930753501998962,-0.6809289834284493,-0.08557390057069612,-0.2205572679830317
257228,132.25,-32.8125,-74.125,6.98046875,8.44921875,5.2109375,-0.6909390545365764,-0.684896389660329,-0.06765953550828578,-0.22119815668202766
257278,132.75,-32.3125,-73.8125,7.4609375,8.80078125,5.78125,-0.6884670552690206,-0.6867275002288888,-0.05264442884609516,-0.2273018585772271
257332,133.125,-32.0,-73.5625,7.71875,9.109375,6.1796875,-0.685598315378277,-0.6871242408520768,-0.04031495101779229,-0.2370372631000702
257378,133.6875,-31.4375,-73.25,8.01953125,9.55078125,6.76953125,-0.6832178716391492,-0.6859035004730369,-0.029175695059053316,-0.24878688924832912
257429,134.0625,-31.0625,-72.9375,8.16015625,9.890625,7.19921875,-0.6813562425611133,-0.6832789086581011,-0.019165623950926237,-0.2617572557756279
257483,134.625,-30.4375,-72.5625,8.2890625,10.33984375,7.80859375,-0.6795861690115055,-0.6800744651631214,-0.011047700430310984,-0.27484969634083073
257526,135.0,-30.0,-72.25,8.3515625,10.69921875,8.21875,-0.6765953550828577,-0.6787011322367016,-0.00521866512039552,-0.2856227301858577
257571,135.375,-29.5,-71.9375,8.37109375,11.05078125,8.609375,-0.6705526902066103,-0.6787926877651296,-0.0004577776421399579,-0.29935605945005644
257632,136.0,-28.8125,-71.375,8.3515625,11.51171875,9.23046875,-0.6645100253303629,-0.6773583178197576,0.0053102206488235115,-0.315591906491287
257672,136.3125,-28.3125,-71.0625,8.3203125,11.83984375,9.62890625,-0.6627704702902311,-0.674642170476394,0.008301034577471236,-0.3248084963530381
257723,136.9375,-27.5625,-70.4375,8.28125,12.25,10.25,-0.6590472121341594,-0.6720480971709342,0.011505478072450942,-0.33744315927610097
257774,137.25,-27.0625,-70.0625,8.25,12.48828125,10.640625,-0.6548051393169958,-0.6695150608844264,0.013458662678914763,-0.35041352580339974
257835,137.875,-26.25,-69.375,8.19140625,12.890625,11.23828125,-0.652546769615772,-0.6646931363872188,0.016602069154942473,-0.36344492934965056
257875,138.25,-25.75,-68.9375,8.140625,13.08984375,11.62109375,-0.6509598071230202,-0.6617938779869991,0.017548142948698386,-0.3714712973418378
257926,138.8125,-24.875,-68.25,8.1015625,13.44921875,12.171875,-0.6479384746848964,-0.6583147679067355,0.019287697988830226,-0.3826410718100528
257976,139.1875,-24.3125,-67.75,8.05859375,13.5703125,12.5,-0.6422620319223609,-0.6565141758476516,0.021027253028962065,-0.39503158665730764
258028,139.75,-23.4375,-67.0,8.01171875,13.87109375,13.03125,-0.6376537369914853,-0.652607806634724,0.026032288583025604,-0.4084292123172704
258079,140.3125,-22.625,-66.1875,7.8515625,14.21875,13.55078125,-0.6342967009491256,-0.6474196600238045,0.030610065004425185,-0.42143009735404524
258129,140.6875,-22.0,-65.625,7.66015625,14.5703125,13.890625,-0.6317636646626179,-0.6426892910550249,0.03558458204901273,-0.43189794610431226
258180,141.0,-21.375,-65.0625,7.5,14.80859375,14.21875,-0.631244850001526,-0.6372569963682974,0.039155247657704395,-0.44032105471968747
258235,141.5,-20.4375,-64.1875,7.25,15.1484375,14.69921875,-0.6291085543382061,-0.6288338877529221,0.03445539719840083,-0.45567186498611406
258271,141.8125,-19.8125,-63.625,6.98046875,15.421875,14.98828125,-0.6282540360728782,-0.6148258919034394,0.020844141972106083,-0.4763023773918882
258334,142.25,-18.8125,-62.6875,6.140625,16.37109375,15.23828125,-0.6257820368053224,-0.576708273567919,-0.015076143681142613,-0.5249488814966277
258373,142.5,-18.125,-62.0625,5.23828125,17.171875,15.1796875,-0.6229743339335306,-0.5379802850428785,-0.047212134159367654,-0.565904721213416
258425,142.875,-17.0,-61.1875,3.33984375,18.6484375,14.44921875,-0.6148564104129154,-0.478102969450972,-0.09079256569109165,-0.6205938901944029
258475,143.0,-16.25,-60.5625,1.859375,19.421875,13.48828125,-0.6028931546983245,-0.41651661732840967,-0.12482070375682852,-0.6689352092043824
258526,143.0625,-15.0,-59.8125,-0.26953125,20.21875,11.69921875,-0.5901974547563097,-0.3708914456617939,-0.14075136570329905,-0.7030854213080233
258577,143.125,-14.25,-59.3125,-1.0703125,20.26171875,10.7109375,-0.5814691610461745,-0.35581530198065126,-0.14435254982146672,-0.7172460097048861
258627,143.0625,-13.1875,-58.6875,-1.2890625,19.91015625,9.76953125,-0.5815912350840785,-0.3609118930631428,-0.13846247749259927,-0.7157811212500381
258678,143.0625,-12.625,-58.3125,-0.80078125,19.51171875,9.69140625,-0.5819269386883145,-0.358775597399823,-0.14157536545915098,-0.7159642323068941
258729,143.125,-11.8125,-57.75,-0.26953125,18.96875,9.48046875,-0.576433606982635,-0.33533738212225717,-0.1574755088961455,-0.7283547471541489
258780,143.1875,-11.375,-57.4375,-0.23046875,18.640625,9.08984375,-0.5667287209692679,-0.30396435438093206,-0.17450483718375195,-0.7456587420270394
258841,143.1875,-10.8125,-56.9375,-0.390625,18.109375,8.16015625,-0.5552842799157689,-0.2815637684255501,-0.17676320688497574,-0.7623218482009338
258871,143.25,-10.5,-56.625,-0.23828125,17.7109375,7.69140625,-0.5498214667195654,-0.2791833246864223,-0.173802911465804,-0.7678151799066134
258932,143.3125,-10.125,-56.25,0.30078125,17.1484375,7.46875,-0.5369426557206946,-0.28107547227393415,-0.17246009704886014,-0.7764824365977966
258973,143.3125,-9.875,-56.0,0.640625,16.859375,7.46875,-0.5283669545579394,-0.2800988799707022,-0.1771904660176397,-0.7816400646992401
259024,143.125,-8.6875,-55.6875,-1.2890625,18.1484375,7.390625,-0.5197302163762322,-0.2688985869930113,-0.18503372295297096,-0.7895138401440474
259074,142.75,-6.9375,-55.25,-3.69921875,19.48046875,7.078125,-0.5098117007965332,-0.2467726676229133,-0.19641712698751793,-0.8003784295175024
259134,142.1875,-5.0625,-54.8125,-6.12109375,20.578125,6.390625,-0.49473555711539047,-0.20337534714804528,-0.21393475142674032,-0.8173772392956328
259174,141.75,-3.9375,-54.5625,-7.578125,20.94921875,5.62109375,-0.48310800500503553,-0.17294839320047609,-0.2261421552171392,-0.8279671620838038
259225,141.1875,-2.625,-54.375,-9.05859375,21.26171875,4.71875,-0.47254860072634053,-0.14612262337107457,-0.2305063020722068,-0.837977233191931
259275,140.625,-1.4375,-54.1875,-10.12890625,21.44140625,3.8515625,-0.46330149235511336,-0.13715018158513137,-0.22742393261513108,-0.8454847865230262
259326,139.6875,0.375,-54.0,-11.48828125,21.609375,2.96875,-0.4512161626026185,-0.14090395825067903,-0.22229682302316356,-0.8527176732688375
259378,139.0,1.5,-53.875,-12.12890625,21.640625,2.66015625,-0.4432813501388592,-0.14508499404889066,-0.21497238074892422,-0.8580278939176611
259426,138.0,3.1875,-53.75,-13.01953125,21.5390625,2.44140625,-0.43876461073641165,-0.14639728995635853,-0.21222571489608447,-0.8608050782799768
259477,137.375,4.25,-53.6875,-13.37109375,21.44921875,2.5390625,-0.4380626850184637,-0.14709921567430648,-0.21005890072328867,-0.8615985595263528
259527,136.375,5.8125,-53.5625,-13.828125,21.3515625,2.76953125,-0.4405652027954955,-0.14651936399426252,-0.20343638416699728,-0.8619953001495407
259578,135.75,6.8125,-53.5,-14.01171875,21.26171875,3.0,-0.44108401745658743,-0.14828943754387036,-0.195654164250618,-0.8632160405285806
259628,134.75,8.3125,-53.375,-14.26171875,21.2109375,3.390625,-0.435132908108768,-0.1501510666219062,-0.1868953520310068,-0.8678548539689321
259679,134.0625,9.25,-53.3125,-14.46875,21.1015625,3.51953125,-0.42838831751457257,-0.1380352183599353,-0.16846217230750452,-0.8769493697927793
259730,133.0625,10.6875,-53.1875,-14.8515625,20.96875,3.55859375,-0.4253364665669729,-0.11291848506118961,-0.1327555162205878,-0.8880886257515183
259780,132.375,11.625,-53.0625,-15.08984375,20.83984375,3.41015625,-0.4273506881923887,-0.07345805230872524,-0.08127079073458052,-0.8974272896511735
259830,131.3125,13.0,-53.0,-15.44921875,20.73046875,2.87890625,-0.4273201696829127,-0.03421124912259285,-0.03799554429761651,-0.902645954771569
259881,130.625,13.9375,-52.9375,-15.6015625,20.640625,2.44140625,-0.4226813562425611,-0.0057985168004394665,-0.017242957853938413,-0.9060945463423566
259922,129.9375,14.875,-52.9375,-15.73046875,20.55859375,1.921875,-0.4181951353495895,0.011993774224066897,-0.008758812219611195,-0.9082308420056765
259973,128.875,16.1875,-52.9375,-15.80859375,20.390625,1.109375,-0.41380046998504594,0.030152287362285226,-0.001586962492751854,-0.9098483230079043
260024,128.1875,17.125,-52.9375,-15.8515625,20.26953125,0.5703125,-0.41148106326487016,0.03744621112704855,-0.003936887722403638,-0.9106418042542802
260074,127.125,18.4375,-53.0625,-15.859375,20.05078125,-0.0390625,-0.41160313730277415,0.03970458082827235,-0.00933866389965514,-0.9104586931974242
260135,126.0625,19.75,-53.125,-15.80859375,19.8515625,-0.46875,-0.4141056550798059,0.04217658009582812,-0.013641773735770746,-0.9091463972899564
260179,125.4375,20.5625,-53.25,-15.73046875,19.69921875,-0.671875,-0.4160588396862697,0.043580431531723994,-0.014862514114810634,-0.9081698049867244
260226,124.75,21.375,-53.3125,-15.6484375,19.578125,-0.7890625,-0.41782891323587756,0.0445875423444319,-0.015472884304330577,-0.9073152867213965
260276,123.75,22.625,-53.5,-15.53125,19.37890625,-0.87109375,-0.4182256538590655,0.04431287575914793,-0.0152287362285226,-0.9071321756645405
260327,123.125,23.4375,-53.5625,-15.4296875,19.30078125,-0.921875,-0.41673024689474164,0.04638813440351573,-0.011505478072450942,-0.9077730643635364
260379,122.125,24.625,-53.75,-15.30078125,19.16015625,-1.01171875,-0.41438032166508987,0.05706961272011475,0.007873775444807276,-0.9082613605151525
260428,121.5,25.5,-53.875,-15.23828125,19.078125,-1.078125,-0.41230506302072206,0.07367168187505722,0.03976561784722434,-0.9071932126834925
260479,120.5,26.6875,-54.0625,-15.078125,18.9609375,-1.19921875,-0.4100772118289743,0.0945768608661153,0.07858516190069277,-0.9037141026032288
260529,119.875,27.5,-54.1875,-14.94921875,18.921875,-1.2890625,-0.4077578051087985,0.11551255836664938,0.11557359538560137,-0.8983428449354534
260581,119.0,28.625,-54.375,-14.66015625,18.83984375,-1.41015625,-0.4052552873317667,0.1369670705282754,0.14828943754387036,-0.8916287728507339
260621,118.375,29.4375,-54.5,-14.44921875,18.859375,-1.5703125,-0.40391247291482285,0.15411847285378583,0.17194128238776818,-0.8851893673512986
260677,117.75,30.1875,-54.625,-14.19140625,18.87109375,-1.73046875,-0.4033936582537309,0.17554246650593586,0.19605090487380597,-0.8763695181127353
260722,116.875,31.375,-54.875,-13.78125,18.91015625,-1.96875,-0.4058351390118107,0.19486068300424209,0.20694601275673696,-0.868617816705832
260773,116.375,32.1875,-55.0,-13.48828125,18.91015625,-2.1796875,-0.41166417432172614,0.20856349375896482,0.20575579088717308,-0.8629413739432966
260824,115.5,33.375,-55.25,-13.01953125,18.94140625,-2.5390625,-0.4206060975981933,0.21991637928403576,0.1990112002929777,-0.8573870052186651
260874,115.0,34.125,-55.4375,-12.7109375,18.91015625,-2.75,-0.4316843165379803,0.2315744499038667,0.1912900173955504,-0.8505508590960418
260935,114.25,35.3125,-55.75,-12.171875,18.921875,-3.0703125,-0.44434949797051915,0.25391399884029664,0.1889095736564226,-0.838068788720359
260976,113.75,36.0625,-55.9375,-11.7890625,18.890625,-3.26953125,-0.4525894955290384,0.27130954924161504,0.1871089815973388,-0.8285775322733238
261027,113.0625,37.1875,-56.25,-11.12109375,18.8984375,-3.62109375,-0.4631794183172094,0.293252357554857,0.1791131321146275,-0.8169499801629688
261077,112.625,37.9375,-56.5,-10.62109375,18.8515625,-3.8984375,-0.4727927488021485,0.315683462019715,0.16794335764641255,-0.8053529465620899
261127,112.0,39.125,-56.8125,-9.76953125,18.78125,-4.3984375,-0.4813684499649037,0.3386638996551408,0.15509506515701774,-0.793420209356975
261179,111.6875,39.875,-57.0625,-9.23046875,18.66015625,-4.73828125,-0.4901577806939909,0.36063722647785884,0.14200262459181492,-0.7807245094149602
261229,111.125,41.0,-57.5,-8.3203125,18.48046875,-5.23828125,-0.49964903714102604,0.37983336893826103,0.12857448042237618,-0.7678151799066134
261281,110.8125,41.6875,-57.75,-7.76171875,18.28125,-5.55078125,-0.5102694784386731,0.3985717337565233,0.11606189153721733,-0.7531968138676107
261321,110.5625,42.4375,-58.0625,-7.12890625,18.1015625,-5.8515625,-0.5188451796014283,0.412945951719718,0.1076693014313181,-0.7407452620014039
261383,110.1875,43.5,-58.5625,-6.26171875,17.78125,-6.19921875,-0.5302591021454512,0.43678090762047184,0.09710989715262307,-0.7201452681051057
261422,109.9375,44.25,-58.875,-5.640625,17.578125,-6.37890625,-0.5366374706259346,0.4539628284554582,0.09070101016266366,-0.7054963835566271
261476,109.625,45.3125,-59.375,-4.76953125,17.19921875,-6.6015625,-0.5427411725211341,0.4795983764152959,0.08349864192632832,-0.684438612018189
261523,109.5,46.0,-59.6875,-4.1484375,16.8984375,-6.73828125,-0.5461287270729698,0.5089571825312051,0.0793481246375927,-0.6606036561174352
261574,109.3125,47.0,-60.1875,-3.23828125,16.3984375,-6.8984375,-0.5484481337931455,0.5381328775902585,0.07687612537003692,-0.6353648487807856
261625,109.1875,47.625,-60.5,-2.58984375,16.05078125,-6.96875,-0.5531174657429732,0.5623035370952483,0.07245094149601733,-0.6104007080294198
261675,109.125,48.5625,-61.0,-1.69921875,15.5,-6.98046875,-0.5601672414319284,0.5817438276314585,0.06656086916714987,-0.5859553819391461
261726,109.0625,49.1875,-61.375,-1.1015625,15.16015625,-6.9296875,-0.5705740531632435,0.5971251564073611,0.05804620502334666,-0.5608081301309245
261777,109.0625,50.0625,-61.875,-0.33984375,14.66015625,-6.80078125,-0.5811944944608906,0.6105533005767998,0.049073763237403485,-0.5357524338511307
261832,109.125,50.6875,-62.1875,0.19140625,14.328125,-6.6796875,-0.5906552323984496,0.6237678151799066,0.040650654622028264,-0.5102999969481491
261878,109.1875,51.5,-62.625,0.87109375,13.8515625,-6.46875,-0.5990478225043488,0.6364940336313974,0.03167821283608509,-0.4847865230262154
261929,109.25,52.0625,-62.9375,1.359375,13.48828125,-6.30859375,-0.6065858943449202,0.6488540299691763,0.022095400860621967,-0.4588763084810938
261983,109.375,52.8125,-63.375,2.01171875,12.94140625,-6.03125,-0.6139713736381115,0.6599017303994873,0.012146366771446883,-0.4329660939359722
262030,109.5,53.3125,-63.6875,2.48046875,12.5390625,-5.828125,-0.6214178899502548,0.6699423200170904,0.0016174810022278512,-0.4062623981444746
262081,109.75,54.0,-64.0625,3.0703125,11.94140625,-5.51953125,-0.6292001098666341,0.6786400952177496,-0.008026367992187262,-0.37876522110660116
262122,109.9375,54.5,-64.375,3.44921875,11.5390625,-5.30859375,-0.6349986266670736,0.685598315378277,-0.014984588152714622,-0.35569322794274727
262177,110.0625,54.9375,-64.625,3.76953125,11.171875,-5.08984375,-0.6420484023560289,0.6935941648609882,-0.023316141239661855,-0.32584612567522203
262222,110.375,55.5625,-64.9375,4.2890625,10.55078125,-4.7109375,-0.6494033631397442,0.7005218665120395,-0.03204443494979705,-0.29416791283913696
262273,110.625,55.9375,-65.1875,4.58984375,10.109375,-4.44140625,-0.6557206946012757,0.7071138645588549,-0.04000976592303232,-0.26163518173772393
262328,110.9375,56.5,-65.5,5.0390625,9.3984375,-4.0703125,-0.6611224707785271,0.7134922330393384,-0.04730368968779565,-0.2272103030487991
262374,111.1875,56.875,-65.6875,5.30078125,8.9296875,-3.76953125,-0.6663716544083987,0.7183751945554979,-0.05337687307351909,-0.1924497207556383
262427,111.5625,57.375,-65.9375,5.66015625,8.2109375,-3.328125,-0.6728110599078341,0.7207861568041017,-0.06021301919614246,-0.1554612872707297
262476,111.8125,57.625,-66.125,5.8515625,7.73046875,-3.0390625,-0.6790368358409375,0.7215186010315257,-0.06720175786614582,-0.1173741874446852
262527,112.25,58.0625,-66.3125,6.140625,6.94140625,-2.53125,-0.685567796868801,0.7199011200292977,-0.07406842249824519,-0.0792565691091647
262578,112.5,58.3125,-66.4375,6.26953125,6.44140625,-2.19140625,-0.6938688314462722,0.7144077883236183,-0.08075197607348857,-0.04083376567888424
262633,112.9375,58.625,-66.625,6.44921875,5.62109375,-1.7109375,-0.7025971251564074,0.7061677907650991,-0.08755760368663594,-0.00271614734336375
262679,113.25,58.8125,-66.6875,6.5390625,5.078125,-1.390625,-0.7132786034730064,0.6937772759178442,-0.09335612048707541,0.034333323160496844
262729,113.6875,59.0625,-66.8125,6.609375,4.21875,-0.9296875,-0.7259132663960692,0.6772972808008056,-0.09753715628528703,0.06924649800103763
262781,114.0,59.1875,-66.875,6.62109375,3.69140625,-0.640625,-0.7411420026245918,0.6559038056581317,-0.09967345194860683,0.10293893246253853
262822,114.3125,59.3125,-66.9375,6.609375,3.16015625,-0.359375,-0.7538682210760826,0.6364940336313974,-0.10043641468550676,0.12829981383709219
262882,114.75,59.4375,-66.9375,6.5390625,2.390625,0.03125,-0.7731559190649129,0.6047547837763604,-0.10010071108127079,0.16272469252601704
262923,115.0625,59.5,-67.0,6.5,1.890625,0.26171875,-0.7858516190069277,0.5820490127262185,-0.09939878536332286,0.1837519455549791
262973,115.5,59.5625,-67.0,6.44140625,1.23828125,0.5703125,-0.8017212439344462,0.5522019104586932,-0.09845271156956695,0.206457716605121
263023,115.75,59.5625,-67.0,6.37109375,0.80859375,0.76953125,-0.8184759056367688,0.5191503646961882,-0.09753715628528703,0.2258980071413312
263073,116.1875,59.5625,-66.9375,6.25,0.19140625,1.01953125,-0.8356578264717551,0.4832300790429395,-0.09537034211249122,0.24301889095736565
263124,116.4375,59.5,-66.875,6.16015625,-0.23828125,1.16015625,-0.8527176732688375,0.44370860927152317,-0.09189123203222754,0.2599261452070681
263175,116.875,59.4375,-66.8125,6.0390625,-0.8203125,1.30859375,-0.868984038819544,0.40119632557145907,-0.08627582628864407,0.2765587328714866
263226,117.125,59.375,-66.8125,5.94921875,-1.21875,1.359375,-0.8829920346690268,0.35804315317239904,-0.0783715323343608,0.293252357554857
263277,117.5,59.25,-66.75,5.83984375,-1.75,1.41015625,-0.8947416608172857,0.314859462263863,-0.06921597949156164,0.30906094546342355
263328,117.75,59.125,-66.6875,5.75,-2.08984375,1.421875,-0.9049958800012208,0.2703939939573351,-0.058473464156010624,0.32319101535081024
263378,118.125,58.9375,-66.5625,5.62890625,-2.5390625,1.4296875,-0.913724173711356,0.2259895626697592,-0.047029023102511676,0.33436078981902523
263430,118.375,58.8125,-66.5,5.55078125,-2.859375,1.421875,-0.923337504196295,0.17368083742790003,-0.029419843134861293,0.3412274544511246
263484,118.75,58.5625,-66.4375,5.48828125,-3.1484375,1.44921875,-0.9329813531907102,0.1109042634357738,-0.003143406476027711,0.3424176763206885
263530,119.0,58.4375,-66.375,5.48828125,-3.30859375,1.55859375,-0.9394207586901455,0.04443494979705191,0.028962065492721335,0.3386333811456648
263571,119.25,58.25,-66.3125,5.51953125,-3.44921875,1.76171875,-0.9412823877681814,0.0019837031159398175,0.05075228125858333,0.3337504196295053
263622,119.5625,58.0,-66.1875,5.55078125,-3.609375,2.12109375,-0.9414960173345134,-0.03033539841914121,0.06622516556291391,0.3290810876796777
263672,119.75,57.8125,-66.0625,5.578125,-3.6796875,2.3515625,-0.9415265358439894,-0.04647968993194372,0.07245094149601733,0.32575457014679404
263733,120.0625,57.625,-65.9375,5.58984375,-3.78125,2.5703125,-0.9424420911282693,-0.05175939207129124,0.0717184972685934,0.3224890896328623
263773,120.25,57.4375,-65.8125,5.62109375,-3.80859375,2.62109375,-0.9436933500167852,-0.05096591082491531,0.0674153874324778,0.3198644978179266
263836,120.5625,57.25,-65.6875,5.6484375,-3.83984375,2.5703125,-0.945890682699057,-0.05078279976805933,0.056215094454786826,0.315500350962859
263875,120.75,57.125,-65.5625,5.671875,-3.828125,2.46875,-0.9477523117770928,-0.049836725974303414,0.04492324594866787,0.3118991668446913
263925,121.0,56.9375,-65.375,5.6796875,-3.7890625,2.23828125,-0.9504379406109805,-0.04400769066438795,0.026886806848353526,0.3066499832148198
263976,121.125,56.8125,-65.3125,5.6484375,-3.76171875,2.01171875,-0.9527268288216804,-0.025818659016693626,0.0034180730613116855,0.30274361400189215
264026,121.4375,56.5,-65.1875,5.828125,-3.890625,1.3984375,-0.9544053468428602,-0.0014648884548478652,-0.022736289559617907,0.2976470229194006
264077,121.75,56.3125,-65.0625,6.03125,-4.01953125,0.9609375,-0.9545884578997161,0.02706991790520951,-0.04968413342692343,0.2925199133274331
264127,122.1875,55.9375,-64.9375,6.30078125,-4.30078125,0.26953125,-0.9528794213690603,0.05740531632435072,-0.07434308908352916,0.2883999145481735
264178,122.5,55.6875,-64.875,6.37890625,-4.4609375,-0.109375,-0.9496444593646046,0.08471938230536821,-0.09616382335886715,0.28595843379009367
264229,123.0,55.3125,-64.8125,6.5703125,-4.69921875,-0.6796875,-0.9462263863032929,0.09909360026856288,-0.11151463362529374,0.2869960631122776
264280,123.3125,55.0625,-64.8125,6.62890625,-4.828125,-0.98046875,-0.9444257942442091,0.09961241492965484,-0.11713003936887723,0.2905667287209693
264335,123.8125,54.6875,-64.75,6.7890625,-5.0390625,-1.23828125,-0.9424115726187933,0.10379345072786646,-0.12009033478804895,0.29441206091494493
264386,124.125,54.4375,-64.75,6.87109375,-5.16015625,-1.359375,-0.9387798699911496,0.11786248359630115,-0.1259804071169164,0.2981658375804926
264422,124.5,54.1875,-64.75,6.9296875,-5.3203125,-1.44921875,-0.9362773522141179,0.12796411023285623,-0.1295205542161321,0.3003631702627644
264475,124.9375,53.75,-64.8125,6.98828125,-5.5,-1.5390625,-0.9355449079866939,0.130466628009888,-0.1292458876308481,0.3017365031891842
264523,125.3125,53.5,-64.8125,7.0703125,-5.640625,-1.55078125,-0.9353312784203619,0.13406781212805566,-0.12631611072115237,0.30198065126499224
264574,125.8125,53.125,-64.8125,7.19140625,-5.73046875,-1.41015625,-0.934110538041322,0.14609210486159857,-0.12302011169774468,0.30155339213232824
264625,126.1875,52.875,-64.8125,7.30078125,-5.828125,-1.30078125,-0.9328287606433302,0.1575060274056215,-0.11896114993743706,0.30143131809442425
264675,126.6875,52.4375,-64.8125,7.3984375,-5.94140625,-1.0703125,-0.9324320200201422,0.16272469252601704,-0.11362041077913755,0.30198065126499224
264726,127.0,52.1875,-64.8125,7.46875,-6.05078125,-1.01171875,-0.9325846125675222,0.16251106295968504,-0.10879848628192999,0.3033539841914121
264776,127.5625,51.75,-64.75,7.55859375,-6.12109375,-0.76953125,-0.9335306863612781,0.1598559526352733,-0.10184026612140264,0.304300057985168
264826,127.875,51.5,-64.75,7.609375,-6.19140625,-0.6015625,-0.9352702414014099,0.15268410290841394,-0.09323404644917142,0.3053682058168279
264877,128.4375,51.125,-64.6875,7.671875,-6.21875,-0.26171875,-0.9368572038941618,0.14789269692068238,-0.08667256691183203,0.30481887264625995
264928,128.8125,50.8125,-64.6875,7.69140625,-6.2890625,-0.1484375,-0.9388409070101016,0.14221625415814693,-0.08062990203558458,0.3031098361156041
264978,129.3125,50.4375,-64.625,7.71875,-6.30078125,0.109375,-0.9407025360881375,0.1336100344859157,-0.07214575640125737,0.3033234656819361
265028,129.6875,50.125,-64.5625,7.76953125,-6.37109375,0.2109375,-0.9410077211828974,0.12994781334879604,-0.06665242469557787,0.3052766502883999
265079,130.1875,49.75,-64.5,7.80078125,-6.421875,0.2890625,-0.9400616473891416,0.1271095919675283,-0.06219672231208228,0.31028168584246346
265129,130.5625,49.4375,-64.4375,7.83984375,-6.46875,0.30859375,-0.9381389812921537,0.1239051484725486,-0.058778649250770594,0.31791131321146276
265182,131.0625,49.0625,-64.3125,7.8515625,-6.51171875,0.421875,-0.9352092043824579,0.12176885280922879,-0.05661183507797479,0.3276161992248299
265221,131.4375,48.75,-64.25,7.859375,-6.5703125,0.5,-0.9326456495864742,0.12137211218604084,-0.055238502151554916,0.3352153080843532
265272,131.8125,48.5,-64.1875,7.83984375,-6.6015625,0.578125,-0.9299905392620624,0.12225714896084475,-0.054383983886227,0.3423871578112125
265322,132.3125,48.0625,-64.0625,7.80859375,-6.69140625,0.671875,-0.9284951322977386,0.12411877803888058,-0.05453657643360698,0.3456831568346202
265377,132.6875,47.8125,-64.0,7.80078125,-6.73828125,0.69921875,-0.9284035767693106,0.1261329996642964,-0.05612353892635884,0.3449812311166723
265424,133.1875,47.375,-63.9375,7.76171875,-6.828125,0.73828125,-0.9299600207525864,0.12659077730643636,-0.055299539170506916,0.3407391582995086
265476,133.5,47.125,-63.8125,7.75,-6.87109375,0.78125,-0.9325846125675222,0.12158574175237281,-0.05258339182714316,0.3357646412549211
265525,134.0625,46.6875,-63.75,7.76171875,-6.94140625,0.8515625,-0.934324167607654,0.11722159489730521,-0.049836725974303414,0.33286538285470135
265575,134.375,46.375,-63.625,7.76171875,-6.96875,0.859375,-0.934904019287698,0.11441389202551347,-0.04611346781823176,0.33274330881679737
265626,134.875,45.9375,-63.5625,7.76171875,-7.03125,0.98046875,-0.93557542649617,0.1075777459028901,-0.03976561784722434,0.33402508621478927
265676,135.25,45.6875,-63.4375,7.75,-7.05859375,1.078125,-0.9359111301004059,0.10257271034882656,-0.03457747123630482,0.3351542710654012
265727,135.75,45.25,-63.3125,7.80078125,-7.08984375,1.21875,-0.935850093081454,0.09820856349375896,-0.029725028229621267,0.337107455671865
265777,136.0625,44.9375,-63.25,7.8203125,-7.08984375,1.33984375,-0.9354533524582659,0.09173863948484756,-0.02294991912594989,0.34055604724265265
265828,136.5625,44.5,-63.125,7.859375,-7.171875,1.51171875,-0.93465987121189,0.08822901089510789,-0.017548142948698386,0.34397412030396435
265878,136.875,44.25,-63.0,7.83984375,-7.19921875,1.6796875,-0.9338663899655141,0.08706930753501999,-0.01184118167668691,0.3466292306283761
265929,137.4375,43.75,-62.875,7.87890625,-7.23046875,1.94140625,-0.9331644642475662,0.08722190008239998,-0.0067445905941953795,0.34864345225379195
265979,137.75,43.5,-62.75,7.87890625,-7.23828125,2.08984375,-0.9329813531907102,0.0879848628192999,-0.002410962248603778,0.3490096743675039
266029,138.25,43.0,-62.5625,7.921875,-7.30078125,2.21875,-0.9332865382854701,0.09076204718161565,0.00027466658528397473,0.34745323038422804
266071,138.5625,42.75,-62.4375,7.921875,-7.3515625,2.2890625,-0.934934537797174,0.09033478804895169,0.002990813928647725,0.34311960203863645
266131,139.125,42.3125,-62.25,7.890625,-7.3515625,2.37890625,-0.9380779442732017,0.09018219550157171,0.006042664876247444,0.3343913083285012
266191,139.625,41.8125,-62.0625,7.921875,-7.30859375,2.55078125,-0.9398480178228096,0.08526871547593616,0.012085329752494888,0.3305764946440016
266221,139.8125,41.6875,-62.0,7.9296875,-7.30859375,2.6015625,-0.9403363139744255,0.07736442152165288,0.014526810510574664,0.3309732352671895
266272,140.3125,41.25,-61.8125,7.94921875,-7.28125,2.7109375,-0.9407635731070895,0.05813776055177465,0.01782280953398236,0.3335673085726493
266323,140.6875,40.9375,-61.6875,8.0,-7.3203125,2.69140625,-0.9417401654103214,0.020599993896298106,0.029847102267525256,0.33436078981902523
266383,141.1875,40.5,-61.5,8.0703125,-7.33984375,2.71875,-0.9403363139744255,-0.03384502700888089,0.054200872829371013,0.33420819727164525
266424,141.5,40.1875,-61.375,8.1484375,-7.3515625,2.8515625,-0.9374370555742058,-0.06045716727195044,0.06814783165990174,0.3360087893307291
266476,141.875,39.875,-61.25,8.21875,-7.33984375,3.0,-0.9337137974181341,-0.06756797997985778,0.0771507919553209,0.34302804651020846
266524,142.4375,39.375,-61.0,8.30078125,-7.328125,3.2890625,-0.9315164647358622,-0.06164738914151433,0.08099612414929655,0.3491317484054079
266585,142.9375,38.9375,-60.75,8.3203125,-7.30859375,3.6484375,-0.9320657979064303,-0.04901272621845149,0.08130130924405653,0.34958952604754784
266625,143.3125,38.625,-60.625,8.37890625,-7.3203125,3.7890625,-0.93420209356975,-0.04074221015045625,0.08124027222510452,0.3449507126071963
266677,143.6875,38.375,-60.4375,8.41015625,-7.30078125,3.91015625,-0.9383526108584856,-0.03302102725302896,0.08096560563982055,0.3344218268379772
266727,144.25,37.875,-60.1875,8.53125,-7.2890625,4.05078125,-0.9429303872798852,-0.030610065004425185,0.07953123569444868,0.3219092379528184
266778,144.5625,37.625,-60.0,8.609375,-7.23828125,4.05078125,-0.9466841639454329,-0.02639851069673757,0.07333597827082125,0.31263161107211523
266829,145.125,37.125,-59.75,8.80859375,-7.19921875,3.94921875,-0.9486068300424207,-0.009552293465987122,0.0597857600634785,0.3106479079561754
266880,145.5,36.875,-59.5625,8.87890625,-7.1796875,3.76171875,-0.9481795709097568,0.016571550645466476,0.04263435773796808,0.3144016846217231
266930,146.125,36.375,-59.375,8.98828125,-7.19140625,3.46875,-0.9463484603411969,0.043427838984344005,0.02444532609027375,0.3192846461378826
266971,146.5,36.125,-59.1875,8.98828125,-7.2109375,3.25,-0.9443952757347331,0.06256294442579424,0.010467848750267038,0.3226722006897183
267021,146.875,35.8125,-59.0625,9.03125,-7.26171875,3.01953125,-0.9430219428083132,0.07647938474684897,-0.0037232581560716575,0.3238013855403302
267072,147.4375,35.375,-58.875,9.03125,-7.30859375,2.62109375,-0.9438154240546892,0.07654042176580096,-0.011261329996642965,0.32129886776329847
267123,147.8125,35.0625,-58.75,9.05859375,-7.37890625,2.37109375,-0.9449751274147771,0.07187108981597339,-0.014069032868434707,0.31879634998626666
267174,148.375,34.625,-58.5625,9.08984375,-7.4296875,2.08984375,-0.945982238227485,0.06488235114597003,-0.014618366039002656,0.3173314615314188
267226,148.8125,34.25,-58.5,9.171875,-7.46875,1.921875,-0.945768608661153,0.057802056947538684,-0.0152287362285226,0.3192846461378826
267277,149.375,33.8125,-58.3125,9.1796875,-7.48828125,1.80078125,-0.9445478682821131,0.04873805963316752,-0.01434369945371868,0.32444227423932614
267328,149.9375,33.375,-58.1875,9.21875,-7.48828125,1.78125,-0.9445478682821131,0.012237922299874875,-0.00271614734336375,0.3281655323953978
267378,150.3125,33.0625,-58.125,9.23828125,-7.48046875,1.76953125,-0.9440900906399732,-0.04361095004119999,0.021759697256385997,0.32609027375103
267429,150.9375,32.5625,-58.0,9.359375,-7.48046875,2.03125,-0.9414349803155614,-0.09595019379253518,0.046906949064607684,0.3198034607989746
267481,151.3125,32.3125,-57.875,9.44921875,-7.421875,2.2109375,-0.9387188329721976,-0.12228766747032074,0.06286812952055422,0.31604968413342693
267535,151.9375,31.8125,-57.75,9.55078125,-7.3515625,2.75,-0.935636463515122,-0.12753685110019228,0.06906338694418164,0.3217566454054384
267586,152.3125,31.5625,-57.625,9.5703125,-7.30078125,3.05078125,-0.9323099459822383,-0.1183812982573931,0.06830042420728172,0.33484908597064117
267622,152.75,31.25,-57.5,9.640625,-7.25,3.12109375,-0.9307535019989623,-0.10040589617603077,0.06250190740684225,0.34595782341990416
267673,153.3125,30.8125,-57.3125,9.69140625,-7.16015625,2.8515625,-0.9316385387737662,-0.06546220282601398,0.04626606036561175,0.35441145054475537
267733,153.75,30.5,-57.1875,9.69921875,-7.12890625,2.62109375,-0.9365825373088779,-0.0097964415417951,0.016693624683370465,0.3499252296517838
267774,154.1875,30.1875,-57.0625,9.671875,-7.08984375,2.28125,-0.9407330545976135,0.02197332682271798,-0.005096591082491531,0.33841975157933285
267835,154.75,29.75,-57.0,9.671875,-7.0390625,1.66015625,-0.9471724600970488,0.03955198828089236,-0.029755546739097263,0.31687368388927883
267876,155.1875,29.5,-56.875,9.671875,-7.01953125,1.109375,-0.9496139408551286,0.04986724448377941,-0.0478225043488876,0.3056733909115879
267926,155.8125,29.0625,-56.8125,9.69140625,-7.01953125,0.3203125,-0.9487289040803247,0.06576738792077395,-0.07412945951719718,0.3001190221869564
267976,156.1875,28.8125,-56.8125,9.66015625,-7.01953125,-0.171875,-0.945188756981109,0.07187108981597339,-0.1000396740623188,0.3024079103976562
268027,156.8125,28.375,-56.8125,9.6015625,-7.05078125,-0.87109375,-0.9426252021851252,0.04498428296761986,-0.1217383342997528,0.3075960570085757
268077,157.1875,28.0625,-56.8125,9.55078125,-6.96875,-1.3984375,-0.9375896481215857,0.008636738181707206,-0.14065981017487106,0.31794183172093876
268128,157.8125,27.6875,-56.875,9.44921875,-6.80078125,-2.2890625,-0.9284951322977386,0.005615405743583483,-0.1675771355327006,0.33133945738090154
268179,158.1875,27.375,-56.9375,9.28125,-6.71875,-2.96875,-0.9191259498886074,0.009063997314371167,-0.19437238685262612,0.34260078737754446
268229,158.75,27.0,-57.0625,8.9609375,-6.62890625,-3.91015625,-0.9125949888607441,0.009216589861751152,-0.217230750450148,0.3462935270241401
268279,159.125,26.75,-57.1875,8.73046875,-6.58984375,-4.44921875,-0.9103366191595202,0.004791405987731559,-0.2370677816095462,0.3392437513351848
268332,159.75,26.3125,-57.4375,8.41015625,-6.4609375,-5.25,-0.9114352855006561,0.006256294442579424,-0.2544022949919126,0.3233130893887143
268381,160.0625,26.0625,-57.625,8.25,-6.328125,-5.69140625,-0.913296914578692,-0.000946073793755913,-0.2640766624958037,0.3100680562761315
268422,160.4375,25.8125,-57.8125,8.0703125,-6.171875,-6.1484375,-0.9139072847682119,-0.011047700430310984,-0.2662129581591235,0.30628376110110783
268484,160.9375,25.4375,-58.1875,7.87109375,-5.98828125,-6.51953125,-0.913663136692404,-0.0347911008026368,-0.2640461439863277,0.30707724234748374
268523,161.25,25.1875,-58.4375,7.75,-5.8984375,-6.6015625,-0.9140598773155919,-0.04873805963316752,-0.2626728110599078,0.3051850947599719
268573,161.75,24.875,-58.8125,7.5390625,-5.7109375,-6.80078125,-0.9157383953367717,-0.048188726462599564,-0.2641071810052797,0.2989288003173925
268623,162.0625,24.625,-59.0625,7.3984375,-5.5390625,-6.921875,-0.9181493575853755,-0.03759880367442854,-0.2651142918179876,0.29203161717581716
268674,162.5625,24.3125,-59.4375,7.23046875,-5.328125,-7.0390625,-0.9198583941160313,-0.020691549424726098,-0.26697592089602346,0.28659932248908965
268725,162.8125,24.125,-59.6875,7.16015625,-5.21875,-7.05859375,-0.9194006164738914,0.008606219672231208,-0.27268288216803493,0.28330332346568193
268776,163.25,23.875,-60.125,7.19921875,-5.12890625,-6.80859375,-0.9165318765831477,0.04901272621845149,-0.2800073244422742,0.2813501388592181
268827,163.4375,23.6875,-60.375,7.0703125,-5.12890625,-6.73828125,-0.9112521744438001,0.09112826929532762,-0.2899563585314493,0.2779320657979064
268877,163.75,23.5,-60.75,6.6484375,-5.140625,-6.96875,-0.9014862514114811,0.14322336497085483,-0.304605243079928,0.27213354899746695
268928,163.9375,23.3125,-61.0,6.41015625,-5.1796875,-7.0390625,-0.8877834406567583,0.1990722373119297,-0.3232520523697623,0.26026184881130404
268979,164.1875,23.125,-61.375,6.19921875,-5.28125,-6.91015625,-0.8753624073000275,0.24076052125614186,-0.34116641743217263,0.2436597796563616
269029,164.375,23.0,-61.625,6.12109375,-5.30859375,-6.73046875,-0.8641621143223365,0.2757042146061586,-0.35862300485244303,0.22052674947355572
269080,164.5625,22.8125,-62.0,6.05859375,-5.3203125,-6.44921875,-0.8551896725363933,0.3056733909115879,-0.37022003845332196,0.19528794213690603
269131,164.8125,22.625,-62.3125,5.87890625,-5.37890625,-6.3203125,-0.8459425641651662,0.3359172338023011,-0.3751640369884335,0.17551194799645986
269171,165.125,22.375,-62.5625,5.73046875,-5.41015625,-6.1796875,-0.836451307718131,0.3617664113284707,-0.3769646290475173,0.16537980285042878
269222,165.5,22.0,-63.0,5.640625,-5.44921875,-5.859375,-0.8225348673970764,0.3953367717520676,-0.3763542588579974,0.15970336008789332
269283,165.9375,21.6875,-63.375,5.578125,-5.51953125,-5.5390625,-0.8016907254249702,0.4392834253975036,-0.37189855647450176,0.16135135959959715
269324,166.1875,21.4375,-63.625,5.53125,-5.5703125,-5.28125,-0.7855769524216437,0.4685811944944609,-0.36823633533738215,0.16644795068208867
269375,166.4375,21.1875,-63.875,5.46875,-5.62109375,-4.98828125,-0.7651905880916776,0.5014496292001098,-0.36344492934965056,0.1760002441480758
269427,166.8125,20.875,-64.25,5.421875,-5.7109375,-4.5703125,-0.7460554826502274,0.5288857692190313,-0.3597216711935789,0.18509475997192298
269476,167.0625,20.625,-64.4375,5.37890625,-5.75,-4.25,-0.7330240791039766,0.5425275429548021,-0.3595995971556749,0.19754631183812982
269528,167.4375,20.25,-64.75,5.2109375,-6.0,-3.78125,-0.7257606738486893,0.5453657643360699,-0.3638416699728385,0.20853297524948883
269576,167.625,20.0,-64.9375,5.05078125,-6.1484375,-3.48828125,-0.7208471938230537,0.5422528763695181,-0.3715018158513138,0.21979430524613178
269627,168.0,19.625,-65.1875,4.78125,-6.44921875,-3.05078125,-0.7158726767784661,0.5366679891354106,-0.38206122013000887,0.2313913388470107
269676,168.1875,19.375,-65.375,4.578125,-6.62890625,-2.7890625,-0.7108981597338786,0.5277260658589434,-0.39420758690145574,0.24637592699972533
269727,168.5,18.9375,-65.5625,4.08984375,-7.03125,-2.4609375,-0.7055574205755791,0.5157628101443525,-0.40620136112552263,0.26685384685811947
269777,168.625,18.6875,-65.6875,3.7109375,-7.26171875,-2.26953125,-0.6948149052400281,0.5037385174108097,-0.41932432020020144,0.2961210974456008
269832,168.875,18.1875,-65.875,3.03125,-7.66015625,-1.98828125,-0.67390972624897,0.49317911313211465,-0.43842890713217564,0.3322550126651814
269878,169.0,17.9375,-66.0,2.4296875,-7.921875,-1.8203125,-0.6432996612445449,0.48289437543870356,-0.4631794183172094,0.3721121860408338
269930,169.125,17.4375,-66.1875,1.12890625,-8.328125,-1.5703125,-0.6052735984374523,0.4685811944944609,-0.4922940763573107,0.41441084017456586
269980,169.1875,17.125,-66.25,0.21875,-8.46875,-1.359375,-0.5636158330027161,0.4530777916806543,-0.521744438001648,0.4526200140385144
270022,169.1875,16.75,-66.375,-1.0,-8.6015625,-1.140625,-0.5273293252357555,0.44090090639973145,-0.5466170232245857,0.478255561998352
270071,169.0625,16.3125,-66.5,-2.6484375,-8.51953125,-0.76171875,-0.48554948576311535,0.4301583910641804,-0.5748771629993591,0.4987334818567461
270122,168.9375,16.0,-66.5625,-3.859375,-8.37109375,-0.44921875,-0.45167394024475843,0.4164555803094577,-0.5958433790093692,0.5172276985992004
270172,168.6875,15.5,-66.625,-5.1796875,-8.03125,-0.0390625,-0.423810541093173,0.40406506546220283,-0.6102175969725638,0.533616138187811
270223,168.4375,15.1875,-66.6875,-6.12890625,-7.9296875,0.26171875,-0.39979247413556324,0.3922849208044679,-0.619861445966979,0.5495773186437575
270273,168.0625,14.8125,-66.75,-7.171875,-7.76171875,0.75,-0.3750724814600055,0.37891781365398114,-0.6272469252601703,0.5677053132724997
270324,167.6875,14.5,-66.75,-8.0390625,-7.609375,1.05859375,-0.3423566393017365,0.36350596636860255,-0.6348155156102177,0.5896176030762658
270384,167.1875,14.0625,-66.75,-9.171875,-7.26171875,1.5390625,-0.29511398663289284,0.3423566393017365,-0.641529587694937,0.619769890438551
270424,166.75,13.8125,-66.75,-10.1484375,-6.859375,1.8515625,-0.26001770073549607,0.3270058290353099,-0.6447340311899167,0.6401562547685171
270475,166.0625,13.4375,-66.75,-11.41015625,-6.109375,2.30078125,-0.22025208288827175,0.30552079836420787,-0.6398205511642812,0.6699118015076143
270526,165.5625,13.25,-66.6875,-12.2890625,-5.5,2.55859375,-0.19739371929074984,0.28382213812677387,-0.6134830774864956,0.7100131229590747
270578,164.75,12.9375,-66.625,-13.140625,-4.7890625,2.80078125,-0.19077120273445844,0.26563310647907956,-0.5668507950071718,0.7561265907773065
270627,164.1875,12.75,-66.5625,-13.76953125,-4.37109375,2.91015625,-0.1987060151982177,0.25025177770317697,-0.5021210364085819,0.8036133915219581
270678,163.3125,12.5625,-66.5,-14.30078125,-4.0390625,3.109375,-0.217535935544908,0.23401593066194648,-0.423993652150029,0.84743797112949
270728,162.625,12.4375,-66.4375,-14.6484375,-3.8203125,3.30859375,-0.24430066835535752,0.21829889828180793,-0.3346049378948332,0.8835718863490707
270779,161.75,12.25,-66.3125,-14.91015625,-3.671875,3.69140625,-0.2708822901089511,0.2032837916196173,-0.2336497085482345,0.9114352855006561
270829,161.0625,12.125,-66.25,-15.1484375,-3.55078125,4.03125,-0.2892849513229774,0.19382305368205816,-0.14017151402325512,0.9268776512955107
270884,160.125,11.9375,-66.0625,-15.33984375,-3.37890625,4.671875,-0.2884914700766015,0.1965392010254219,-0.0846583452864162,0.9332560197759942
270930,159.4375,11.875,-65.9375,-15.55078125,-3.25,5.1015625,-0.2771385845515305,0.1990417188024537,-0.052308725241859186,0.9385357219153416
270971,158.75,11.75,-65.8125,-15.75,-3.1015625,5.46875,-0.2661519211401715,0.195654164250618,-0.03186132389294107,0.9433271279030732
271031,157.75,11.625,-65.5625,-16.25,-2.8984375,5.80859375,-0.25513473921933655,0.1878719443342387,-0.017914365062410353,0.9483016449476608
271085,156.6875,11.5,-65.3125,-16.7109375,-2.73046875,5.87890625,-0.2527237769707327,0.18030335398419142,-0.019379253517258218,0.9504074221015045
271122,155.9375,11.4375,-65.125,-17.05078125,-2.640625,5.80078125,-0.25742362743003633,0.17011017181920834,-0.016052735984374525,0.9510788293099764
271173,155.25,11.375,-65.0,-17.33984375,-2.58984375,5.66015625,-0.2687765129551073,0.15552232428968168,-0.006683553575243385,0.9505294961394085
271224,154.125,11.25,-64.75,-17.73828125,-2.55859375,5.4609375,-0.2793053987243263,0.14645832697531053,-0.006469924008911405,0.9489425336466567
271274,153.375,11.1875,-64.5625,-17.91015625,-2.55078125,5.3203125,-0.2855311746574297,0.14511551255836666,-0.020905178991058076,0.9470809045686208
271335,152.1875,11.125,-64.375,-18.1796875,-2.5390625,5.12109375,-0.28650776696066166,0.14725180822168646,-0.042146061586352125,0.945768608661153
271376,151.4375,11.0625,-64.25,-18.3203125,-2.51953125,5.0,-0.28595843379009367,0.1467024750511185,-0.04556413464766381,0.945860164189581
271426,150.25,11.0,-64.0625,-18.578125,-2.51953125,4.921875,-0.28400524918362985,0.14285714285714285,-0.04477065340128788,0.9470503860591448
271476,149.5,10.875,-63.9375,-18.71875,-2.51953125,4.91015625,-0.27961058381908627,0.1337321085238197,-0.04968413342692343,0.9494613483077486
271527,148.3125,10.8125,-63.6875,-18.9609375,-2.5,4.75,-0.27561265907773064,0.10968352305673391,-0.05685598315378277,0.9533066805017243
271581,147.5,10.75,-63.5625,-19.1015625,-2.48046875,4.37890625,-0.27420880764183475,0.07599108859523301,-0.06854457228308969,0.956205938901944
271627,146.25,10.625,-63.4375,-19.3984375,-2.44140625,3.33984375,-0.27466658528397475,0.04330576494644001,-0.07770012512588885,0.9574266792809839
271678,145.5,10.5625,-63.375,-19.5,-2.41015625,2.48046875,-0.27616199224829857,0.02533036286507767,-0.08554338206122013,0.956968901638844
271729,144.25,10.5,-63.375,-19.609375,-2.44140625,1.51953125,-0.2786034730063784,0.014862514114810634,-0.08807641834772789,0.95623645741142
271780,143.4375,10.4375,-63.375,-19.578125,-2.4296875,1.109375,-0.28089236121707817,0.007263405255287332,-0.08352916043580431,0.9560838648640401
271830,142.1875,10.3125,-63.375,-19.6015625,-2.48828125,0.62109375,-0.2807702871791742,0.002990813928647725,-0.07962279122287667,0.956450086977752
271871,141.375,10.25,-63.4375,-19.58984375,-2.51953125,0.3515625,-0.2793053987243263,-0.000640888698995941,-0.07782219916379284,0.957060457167272
271932,140.0625,10.0625,-63.4375,-19.66015625,-2.5703125,0.01171875,-0.2774132511368145,-0.004821924497207556,-0.07742545854060488,0.9576097903378399
271983,139.25,10.0,-63.5,-19.671875,-2.578125,-0.12109375,-0.2787255470442824,-0.00836207159642323,-0.07754753257850887,0.9571825312051759
272023,138.4375,9.875,-63.5625,-19.76953125,-2.609375,-0.1796875,-0.2815332499160741,-0.009094515823847163,-0.07724234748374889,0.9563890499588
272074,137.1875,9.75,-63.625,-19.83984375,-2.671875,-0.26953125,-0.2857142857142857,-0.013183996093630787,-0.07660145878475295,0.9551683095797602
272126,136.375,9.625,-63.6875,-19.91015625,-2.71875,-0.30859375,-0.2888882106997894,-0.01489303262428663,-0.07565538499099704,0.9542527542954802
272177,135.125,9.5,-63.75,-19.921875,-2.76953125,-0.30078125,-0.28867458113345745,-0.013550218207342753,-0.07495345927304911,0.9544053468428602
272227,134.25,9.375,-63.75,-19.94921875,-2.80078125,-0.26953125,-0.28543961912900173,-0.012909329508346813,-0.07086397900326548,0.9556871242408521
272279,133.0625,9.1875,-63.8125,-19.96875,-2.80859375,-0.3203125,-0.2805566576128422,-0.015533921323282572,-0.06311227759636219,0.9576403088473159
279171,142.6875,27.0625,-77.625,-5.109375,-9.83984375,5.55859375,0.4587542344431898,-0.542985320596942,0.2447889645069735,-0.6593829157383954
279231,142.375,26.6875,-77.1875,-3.62109375,-9.53125,6.37890625,0.4491103854487747,-0.6530655842768639,0.18439283425397504,-0.5812250129703666
279281,142.25,26.5,-76.75,-0.55078125,-8.23046875,6.921875,0.44315927610095524,-0.7198095645008697,0.15659047212134158,-0.510849330118717
279326,142.25,26.0625,-76.4375,0.421875,-7.73828125,7.140625,0.43125705740531634,-0.7514572588274788,0.16562395092623677,-0.47108371227149265
279373,142.25,25.6875,-76.1875,0.96875,-7.5,7.30859375,0.41169469283120214,-0.770958586382641,0.20493179113132115,-0.4405957213049715
279423,142.3125,25.125,-75.75,1.2109375,-7.58984375,7.58984375,0.38859218115787225,-0.7799005096591083,0.2557451094088565,-0.41874446852015745
279474,142.375,24.8125,-75.5,1.19921875,-7.8203125,7.73828125,0.3671681875057222,-0.7885372478408155,0.2956633198034608,-0.39494003112887965
279524,142.4375,24.25,-75.0,1.3984375,-8.16015625,7.8515625,0.3489181188390759,-0.8055970946378979,0.31244850001525926,-0.36283455916013063
279575,142.4375,23.8125,-74.75,1.76953125,-8.26171875,7.7109375,0.32511368144779806,-0.8299813837092196,0.30912198248237555,-0.3314920499282815
279625,142.5625,23.25,-74.3125,2.5390625,-8.28125,7.3515625,0.2892239143040254,-0.8564409314249092,0.29715872676778465,-0.3074739829706717
279677,142.6875,22.875,-74.0625,2.921875,-8.25,7.08984375,0.24250007629627368,-0.881435590685751,0.28403576769310585,-0.2891018402661214
279727,142.8125,22.25,-73.6875,3.53125,-8.2109375,6.7890625,0.1990112002929777,-0.9039582506790368,0.2706686605426191,-0.26453444013794364
279778,143.0,21.875,-73.4375,3.8984375,-8.12890625,6.51953125,0.16055787835322122,-0.9212012085329753,0.26792199468977934,-0.23197119052705467
279829,143.1875,21.3125,-73.125,4.53125,-8.05859375,6.05859375,0.12692648091067232,-0.9320963164159063,0.2804651020844142,-0.19083223975341043
279882,143.375,20.9375,-72.9375,4.91015625,-8.05859375,5.58984375,0.09802545243690299,-0.9360332041383099,0.3052156132694479,-0.14520706808679465
279930,143.6875,20.375,-72.6875,5.51171875,-8.23828125,4.69921875,0.07025360881374554,-0.93435468611713,0.3350627155369732,-0.09878841517380291
279971,143.9375,20.0,-72.5,5.71875,-8.3984375,4.05078125,0.04589983825189978,-0.9302041688283944,0.35862300485244303,-0.06332590716269418
280022,144.1875,19.5625,-72.375,5.94140625,-8.578125,3.4609375,0.010406811731315043,-0.923825800347911,0.38175603503524885,-0.026123844111453597
280073,144.5,19.0,-72.25,6.12109375,-8.91015625,2.578125,-0.02435377056184576,-0.9177526169621876,0.39634388256477554,0.006378368480483413
280124,144.8125,18.5625,-72.1875,6.26171875,-9.21875,2.12109375,-0.058229316080202646,-0.9125644703512681,0.4031189916684469,0.036286507766960664
280174,145.1875,17.9375,-72.0625,6.30078125,-9.58984375,1.48828125,-0.08740501113925596,-0.9075594347972045,0.40467543565172276,0.07034516434217353
280235,145.625,17.25,-72.0,6.30078125,-9.98828125,0.75,-0.12137211218604084,-0.8986785485396893,0.4041566209906308,0.11969359416486099
280276,145.875,16.8125,-72.0,6.16015625,-10.23046875,0.109375,-0.1470076601458785,-0.8894924771874142,0.4052552873317667,0.15158543656727805
280326,146.125,16.3125,-72.0,6.05859375,-10.48828125,-0.44921875,-0.18347727896969512,-0.8728293710135197,0.4113284707174902,0.1879329813531907
280377,146.5,15.625,-72.0625,5.8515625,-10.8203125,-1.01171875,-0.21900082399975584,-0.8502761925107578,0.4230170598467971,0.2238532670064394
280428,146.8125,15.1875,-72.0625,5.6484375,-11.1484375,-1.26171875,-0.2521744438001648,-0.8218024231696524,0.43763542588579973,0.26371044038209174
280479,147.125,14.4375,-72.125,5.078125,-11.5703125,-1.7890625,-0.2814111758781701,-0.7874080629902036,0.45576342051454205,0.3051240577410199
280530,147.375,13.9375,-72.1875,4.53125,-11.94140625,-2.05078125,-0.30552079836420787,-0.7518539994506668,0.4719077120273446,0.3444624164555803
280581,147.6875,13.125,-72.3125,3.37109375,-12.37109375,-2.53125,-0.33619190038758506,-0.7267067476424451,0.47730948820459607,0.3619800408948027
280632,147.8125,12.5625,-72.375,2.828125,-12.671875,-2.53125,-0.369365520187994,-0.7235938596758934,0.47547837763603623,0.33750419629505296
280673,148.0,12.0625,-72.4375,3.0390625,-12.78125,-1.921875,-0.3848689230018006,-0.7243568224127933,0.4750816370128483,0.3185827204199347
280723,148.25,11.1875,-72.375,3.44140625,-12.96875,-0.58984375,-0.39350566118350777,-0.7243568224127933,0.47560045167394027,0.30704672383800774
280774,148.4375,10.6875,-72.25,3.5390625,-13.0703125,0.1796875,-0.39695425275429547,-0.7231666005432295,0.47544785912656023,0.30561235389263586
280825,148.6875,9.8125,-71.9375,3.44921875,-13.3203125,1.12109375,-0.39551988280892364,-0.7213354899746697,0.4789574877162999,0.30631427961058383
280876,148.8125,9.25,-71.6875,3.26953125,-13.48046875,1.578125,-0.3930478835413678,-0.717337565233314,0.4867702261421552,0.3065584276863918
280927,149.0625,8.375,-71.3125,2.7109375,-13.640625,1.98828125,-0.3925901058992279,-0.7092501602221748,0.4987945188756981,0.3066499832148198
280976,149.125,7.8125,-71.0625,2.3515625,-13.6796875,2.1796875,-0.3964964751121555,-0.6977752006591998,0.5105441450239571,0.3086336863307596
281029,149.3125,6.9375,-70.6875,1.80859375,-13.71875,2.48828125,-0.4013794366283151,-0.684652241584521,0.5235755485702078,0.3098544267097995
281077,149.375,6.375,-70.4375,1.51953125,-13.69921875,2.76171875,-0.4049501022370067,-0.67375713370159,0.5346537675099948,0.3101901303140355
281128,149.4375,5.5,-70.0625,1.109375,-13.69921875,3.19140625,-0.40800195318460647,-0.6655476546525467,0.543504135258034,0.3084810937833796
281178,149.5,4.9375,-69.75,0.91015625,-13.6796875,3.48828125,-0.40949736014893034,-0.6602069154942473,0.5496993926816615,0.30698568681905575
281229,149.5625,4.0625,-69.3125,0.48828125,-13.66015625,3.94140625,-0.4086733603930784,-0.6569109164708395,0.5551011688589129,0.3054597613452559
281279,149.5625,3.5625,-69.0,0.19921875,-13.58984375,4.16015625,-0.41022980437635426,-0.652424695577868,0.5593127231666005,0.3053376873073519
281330,149.5625,2.6875,-68.5625,-0.16015625,-13.5703125,4.609375,-0.41599780266731773,-0.6448255867183447,0.5638294625690481,0.3053987243263039
281380,149.5625,2.1875,-68.25,-0.390625,-13.51953125,4.94140625,-0.4206976531266213,-0.6347239600817896,0.5723746452223274,0.30417798394726403
281432,149.5,1.375,-67.75,-0.859375,-13.51171875,5.390625,-0.4259773552659688,-0.6219672231208228,0.5836054567094943,0.30188909573656425
281482,149.5,0.8125,-67.4375,-1.12890625,-13.48046875,5.7109375,-0.4314706869716483,-0.6082033753471481,0.5949888607440412,0.29984435560167244
281522,149.4375,0.25,-67.0625,-1.4609375,-13.4296875,6.0,-0.4335154271065401,-0.597521897030549,0.6048768578142644,0.29856257820368054
281574,149.3125,-0.5,-66.5,-1.96875,-13.30859375,6.44140625,-0.43418683431501204,-0.5857722708822901,0.6161381878109073,0.2979216895046846
281634,149.125,-1.3125,-65.9375,-2.51953125,-13.26953125,6.7890625,-0.43610950041199986,-0.5735953856013672,0.6256599627674184,0.2989288003173925
281695,149.0,-2.0625,-65.375,-3.0,-13.19921875,7.0703125,-0.4372386852626118,-0.5637379070406201,0.6319162572099979,0.30283516953032014
281725,148.9375,-2.375,-65.1875,-3.171875,-13.1796875,7.1484375,-0.4393749809259316,-0.5591906491286965,0.6335032197027497,0.30484939115573595
281781,148.6875,-3.1875,-64.625,-3.55078125,-13.109375,7.44140625,-0.44444105349894714,-0.5513168736838893,0.6370128482924894,0.3045136875515
281827,148.5,-3.75,-64.25,-3.80078125,-13.078125,7.76953125,-0.4512771996215705,-0.5425885799737541,0.6420484023560289,0.2995391705069124
281877,148.3125,-4.5,-63.625,-4.0703125,-13.0,8.30078125,-0.46348460341196934,-0.5360271004364147,0.6433301797540208,0.2898037659840693
281929,148.125,-5.0625,-63.1875,-4.109375,-12.87890625,8.7890625,-0.4900967436750389,-0.533524582659383,0.6356089968565936,0.2667317728202155
281978,147.875,-5.8125,-62.5,-3.48046875,-12.4609375,9.9296875,-0.5315103610339671,-0.5366069521164586,0.6143375957518235,0.228370006408887
282028,147.6875,-6.3125,-61.9375,-2.69921875,-11.98046875,10.94140625,-0.5860774559770501,-0.5427106540116581,0.575395977660451,0.17578661458174383
282079,147.5625,-7.0,-61.0,-1.0,-10.62890625,12.578125,-0.6444593646046327,-0.5438398388622699,0.5237586596270638,0.1206701864680929
282130,147.5,-7.4375,-60.375,0.30078125,-9.30859375,13.46875,-0.7022309030426954,-0.5302591021454512,0.46910000915555283,0.07510605182042909
282181,147.5,-7.9375,-59.3125,1.69140625,-7.1484375,14.171875,-0.7428205206457716,-0.5098117007965332,0.4317148350474563,0.04379406109805597
282221,147.5625,-8.25,-58.625,2.03125,-5.98828125,14.328125,-0.7572252571184424,-0.49827570421460615,0.4209418012024293,0.033509323404644915
282283,147.5625,-8.625,-57.625,1.7109375,-5.26171875,14.51171875,-0.7622608111819819,-0.48564104129154334,0.4259163182470168,0.041261024811548204
282324,147.5,-8.9375,-56.9375,1.26953125,-5.1484375,14.71875,-0.7654042176580096,-0.48353526413769954,0.4229865413373211,0.037873470259712515
282374,147.5,-9.1875,-56.25,0.91015625,-5.03125,14.890625,-0.7873775444807276,-0.47441022980437636,0.3934141056550798,0.012329477828302866
282426,147.375,-9.5,-55.25,0.94140625,-3.7890625,15.01953125,-0.8207342753379925,-0.456709494308298,0.34171575060274056,-0.031769768364513076
282476,147.375,-9.6875,-54.5625,1.1796875,-2.55078125,14.8203125,-0.8530228583635975,-0.43461409344767604,0.27671132541886656,-0.08307138279366436
282527,147.3125,-9.875,-53.5,1.640625,0.03125,13.91015625,-0.8766747032074953,-0.41157261879329815,0.2097231971190527,-0.13449507126071963
282578,147.3125,-9.875,-52.9375,1.6484375,1.6015625,12.921875,-0.8897976622821742,-0.38853114413892026,0.16245002594073304,-0.17572557756279183
282634,147.25,-9.75,-52.0625,1.3984375,3.609375,11.55078125,-0.89150669881283,-0.38108462782677693,0.14587847529526657,-0.1968443861201819
282679,147.25,-9.6875,-51.5,1.08984375,4.16015625,11.01953125,-0.8895535142063662,-0.38325144199957273,0.1466414380321665,-0.20072023682363355
282735,147.1875,-9.4375,-50.6875,0.98046875,5.44921875,10.75,-0.8929410687582019,-0.37672048097170935,0.13324381237220373,-0.20728171636097292
282771,147.1875,-9.25,-50.1875,0.87890625,6.1015625,10.5703125,-0.8980376598406934,-0.36561174352244635,0.09936826685384686,-0.22354808191167944
282821,147.1875,-9.0,-49.6875,1.05859375,7.41015625,10.05078125,-0.9027069917905209,-0.34318063905758844,0.03878902554399243,-0.2565691091647084
282883,147.1875,-8.5,-49.0,1.0703125,9.48828125,8.51171875,-0.902371288186285,-0.30268257698294015,-0.034485915707876826,-0.30484939115573595
282924,147.25,-8.0,-48.5625,0.890625,10.921875,7.26171875,-0.8981597338785974,-0.27137058626056704,-0.07324442274239326,-0.3380535294656209
282987,147.25,-7.3125,-48.125,0.3515625,12.3203125,5.2890625,-0.8876918851283303,-0.2447584459974975,-0.10583819086275827,-0.37537766655476545
283030,147.25,-6.75,-47.875,0.171875,13.26171875,4.3203125,-0.8818018127994629,-0.24604022339548937,-0.1097445600756859,-0.3871272927030244
283076,147.3125,-5.875,-47.5,0.30859375,14.1484375,3.6796875,-0.8773155919064913,-0.2532425916318247,-0.1108737449262978,-0.3923154393139439
283127,147.3125,-5.1875,-47.3125,0.51171875,15.03125,3.51171875,-0.8752098147526475,-0.24613177892391735,-0.12137211218604084,-0.39838862269966735
283177,147.375,-4.125,-47.0,0.69921875,15.98046875,3.21875,-0.869991149632252,-0.22852259895626698,-0.1490829187902463,-0.4106875820184942
283228,147.4375,-3.3125,-46.875,0.6484375,16.80859375,2.8203125,-0.8601336710715048,-0.2001098666341136,-0.18738364818262276,-0.4300973540452284
283278,147.5,-2.1875,-46.625,0.23828125,17.75,1.6796875,-0.8455763420514542,-0.17316202276680806,-0.22351756340220344,-0.45280312509537035
283329,147.5,-1.3125,-46.5,-0.28125,18.44921875,0.73828125,-0.8312936796166875,-0.16428113650929288,-0.24246955778679768,-0.47239600817896055
283380,147.5,-0.0625,-46.4375,-0.66015625,19.0703125,-0.078125,-0.8184759056367688,-0.17117831965086824,-0.25254066591387675,-0.4868617816705832
283430,147.5,0.875,-46.4375,-0.69140625,19.51953125,-0.2890625,-0.8106021301919615,-0.1749931333353679,-0.2586138492996002,-0.49537644581438645
283480,147.5,2.1875,-46.375,-0.62109375,19.921875,-0.37890625,-0.8052613910336619,-0.17615283669545578,-0.2639240699484237,-0.5008697775200659
283522,147.5625,3.125,-46.375,-0.4296875,20.23828125,-0.421875,-0.8011719107638783,-0.1770989104892117,-0.2685934018982513,-0.5045625171666616
283572,147.625,4.0,-46.375,-0.26953125,20.44140625,-0.44921875,-0.7958616901150548,-0.17758720664082767,-0.27332377086703086,-0.5102694784386731
283632,147.6875,5.375,-46.4375,-0.05078125,20.69140625,-0.41015625,-0.7880184331797235,-0.17746513260292368,-0.2793359172338023,-0.5191503646961882
283673,147.75,6.25,-46.4375,0.0703125,20.78125,-0.3984375,-0.7812433240760521,-0.17758720664082767,-0.28092287972655416,-0.5284279915768914
283723,147.875,7.625,-46.5,0.12109375,20.94140625,-0.328125,-0.7744376964629047,-0.17014069032868434,-0.2770470290231025,-0.5427106540116581
283774,147.9375,8.5,-46.5625,0.109375,20.98828125,-0.30078125,-0.7694936979277932,-0.15924558244575335,-0.26850184636982327,-0.5571764275032808
283825,148.0,9.8125,-46.625,0.08984375,21.08984375,-0.21875,-0.7627491073335978,-0.15555284279915768,-0.26471755119479967,-0.5691702017273477
283875,148.0625,10.75,-46.6875,0.0390625,21.109375,-0.1796875,-0.7527390362254708,-0.16226691488387707,-0.2693868831446272,-0.5783257545701468
283925,148.1875,12.0625,-46.75,-0.1796875,21.171875,-0.19921875,-0.7419354838709677,-0.1716971343119602,-0.27750480666524246,-0.5857112338633381
283976,148.25,12.9375,-46.75,-0.3515625,21.1796875,-0.1796875,-0.7327799310281686,-0.17007965330973235,-0.28739280373546555,-0.5928830835901975
284029,148.3125,14.1875,-46.875,-0.640625,21.078125,-0.21875,-0.727622302926725,-0.15527817621387371,-0.2966704306161687,-0.5986816003906369
284078,148.3125,14.9375,-46.9375,-0.83984375,20.94140625,-0.41015625,-0.7258827478865932,-0.12897122104556413,-0.2973723563341166,-0.6066469313638722
284128,148.375,16.0,-47.0,-1.0390625,20.609375,-0.69921875,-0.7234107486190374,-0.09305093539231545,-0.29004791405987734,-0.619617297891171
284179,148.375,16.625,-47.125,-1.140625,20.33984375,-0.98046875,-0.716635639515366,-0.051484725486007264,-0.2779931028168584,-0.6375621814630573
284230,148.375,17.5,-47.25,-1.23828125,19.859375,-1.4296875,-0.7051606799523912,-0.015350810266426589,-0.26853236487929927,-0.6560563982055116
284281,148.4375,18.0,-47.375,-1.2890625,19.51171875,-1.73828125,-0.6910000915555284,0.008606219672231208,-0.2681661427655873,-0.6712240974150823
284321,148.4375,18.4375,-47.5,-1.3203125,19.1484375,-2.05078125,-0.6795251319925535,0.021912289803765986,-0.27262184514908294,-0.6807763908810693
284371,148.4375,19.0625,-47.6875,-1.359375,18.6015625,-2.51953125,-0.6661275063325908,0.03830072939237648,-0.2794274727622303,-0.6904812768944365
284422,148.4375,19.875,-47.8125,-1.8203125,18.5390625,-2.80078125,-0.6559343241676077,0.056459242530594804,-0.2816248054445021,-0.6980193487350078
284484,148.375,21.1875,-48.125,-2.6015625,18.5,-3.23046875,-0.6462599566637165,0.08062990203558458,-0.2782067323831904,-0.7059846797082431
284524,148.3125,22.0625,-48.3125,-3.109375,18.4609375,-3.48046875,-0.641285439619129,0.09002960295419171,-0.2771080660420545,-0.7098300119022187
284575,148.125,23.375,-48.625,-3.76953125,18.3515625,-3.80078125,-0.6359752189703055,0.09204382457960754,-0.2805566576128422,-0.7129734183782465
284635,147.9375,24.6875,-49.0,-4.390625,18.2109375,-3.98046875,-0.6306955168309579,0.08807641834772789,-0.2890713217566454,-0.7148045289468062
284676,147.75,25.5,-49.1875,-4.73828125,18.12109375,-4.01171875,-0.6268807031464583,0.0836817529831843,-0.29496139408551286,-0.7162694174016541
284726,147.625,26.375,-49.4375,-5.08984375,18.03125,-4.01171875,-0.6213263344218268,0.07657094027527696,-0.30127872554704427,-0.7192602313303018
284778,147.3125,27.5625,-49.8125,-5.55078125,17.91015625,-3.94140625,-0.6141544846949675,0.06891079439680166,-0.30683309427167577,-0.7238074892422254
284827,147.0625,28.375,-50.0,-5.8515625,17.859375,-3.8515625,-0.6053041169469283,0.06247138889736625,-0.3108005005035554,-0.7301553392132328
284878,146.75,29.5625,-50.375,-6.2890625,17.73046875,-3.71875,-0.5953550828577532,0.05838190862758263,-0.31394390697958313,-0.7372661519211402
284928,146.4375,30.375,-50.5625,-6.58984375,17.62109375,-3.6484375,-0.5846736045411542,0.06054872280037843,-0.3100375377666555,-0.7472457045197912
284978,146.0625,31.5,-50.875,-7.0390625,17.421875,-3.55859375,-0.5747245704519791,0.07245094149601733,-0.29520554216132083,-0.7598193304239022
285030,145.75,32.25,-51.125,-7.3203125,17.2890625,-3.5390625,-0.565538499099704,0.09088412121951964,-0.27249977111117896,-0.7730948820459609
285080,145.3125,33.375,-51.4375,-7.671875,17.078125,-3.5,-0.5568102053895688,0.11267433698538164,-0.24423963133640553,-0.7858821375164037
285130,145.0,34.125,-51.6875,-7.890625,16.94921875,-3.46875,-0.5489364299447616,0.13144322031311992,-0.21759697256385999,-0.7962584307382428
285171,144.6875,34.875,-51.875,-8.05859375,16.8203125,-3.4296875,-0.543595690786462,0.14059877315591907,-0.20389416180913725,-0.8019653920102542
285222,144.1875,35.9375,-52.1875,-8.3203125,16.62890625,-3.44921875,-0.5383465071565905,0.14383373516037476,-0.19910275582140569,-0.8061159092989898
285273,143.8125,36.625,-52.4375,-8.48828125,16.48046875,-3.44921875,-0.5348979155858028,0.14175847651600695,-0.20194097720267343,-0.8080996124149297
285323,143.3125,37.6875,-52.75,-8.73828125,16.26953125,-3.44140625,-0.532364879299295,0.13773003326517533,-0.2086855677968688,-0.8087405011139256
285374,143.0,38.3125,-53.0,-8.859375,16.12109375,-3.44921875,-0.5292825098422193,0.1327249977111118,-0.2164067506942961,-0.8095645008697775
285424,142.625,39.0,-53.1875,-9.01953125,15.98828125,-3.4609375,-0.5250404370250557,0.12787255470442824,-0.22544022949919126,-0.8106326487014375
285475,142.0625,40.0,-53.5,-9.23828125,15.76171875,-3.421875,-0.5191503646961882,0.12530899990844446,-0.22980437635425885,-0.8135929441206091
285525,141.6875,40.625,-53.75,-9.390625,15.62109375,-3.4296875,-0.510727256080813,0.13309121982482375,-0.2161320841090121,-0.8214056825464644
285576,141.125,41.5625,-54.0625,-9.53125,15.390625,-3.46875,-0.49815363017670217,0.15030365916928617,-0.18637653736991486,-0.8333689382610553
285626,140.75,42.25,-54.3125,-9.609375,15.26171875,-3.48828125,-0.4812158574175237,0.17563402203436385,-0.14264351329081087,-0.8468886379589221
285676,140.1875,43.125,-54.625,-9.640625,15.0390625,-3.640625,-0.4615314188055055,0.20093386638996552,-0.0945768608661153,-0.858882412182989
285727,139.8125,43.75,-54.875,-9.640625,14.91015625,-3.73828125,-0.44380016479995116,0.217535935544908,-0.058015686513870665,-0.8673970763267922
285777,139.25,44.625,-55.1875,-9.62890625,14.71875,-3.83984375,-0.43055513168736836,0.22809533982360303,-0.033661915952024904,-0.8726157414471877
285828,138.8125,45.25,-55.4375,-9.640625,14.62109375,-3.83984375,-0.42133854182561725,0.23453474532303842,-0.019318216498306222,-0.8758507034516434
285879,138.25,46.125,-55.75,-9.6015625,14.46875,-3.78125,-0.41569261757255777,0.23938718832972197,-0.00946073793755913,-0.8773766289254433
285930,137.875,46.6875,-56.0,-9.58984375,14.41015625,-3.73046875,-0.4121829889828181,0.24707785271767327,0.0033875545518356883,-0.8769493697927793
285971,137.5,47.25,-56.1875,-9.58984375,14.328125,-3.671875,-0.41041291543321023,0.2564775536362804,0.020905178991058076,-0.8748435926389355
286033,136.9375,48.125,-56.5,-9.48046875,14.25,-3.609375,-0.4075441755424665,0.27628406628620256,0.059083834345530564,-0.8683736686300241
286083,136.375,49.0,-56.8125,-9.3515625,14.1484375,-3.5703125,-0.4049806207464827,0.29493087557603687,0.09787285988952299,-0.8598895229956969
286123,136.0,49.5625,-57.0,-9.21875,14.12890625,-3.55078125,-0.4008911404766991,0.31263161107211523,0.13629566331980347,-0.8502761925107578
286175,135.5,50.375,-57.3125,-9.01171875,14.1015625,-3.51953125,-0.39503158665730764,0.33539841914120916,0.1871395001068148,-0.8345286416211433
286225,135.125,50.9375,-57.5625,-8.859375,14.12890625,-3.4609375,-0.38740195928830834,0.3576464125492111,0.23847163304544206,-0.815546128727073
286275,134.75,51.5,-57.75,-8.69921875,14.16015625,-3.359375,-0.37897885067293313,0.380382702108829,0.29068880275887327,-0.7919553209021272
286326,134.25,52.375,-58.0,-8.44921875,14.26171875,-3.1484375,-0.369365520187994,0.40263069551683095,0.34263130588702045,-0.7642445142979217
286377,133.8125,53.1875,-58.3125,-8.109375,14.37890625,-2.91015625,-0.3632312997833186,0.4215826899014252,0.3860591448713645,-0.7357402264473403
286428,133.5,53.8125,-58.5,-7.890625,14.5,-2.73046875,-0.36497085482345043,0.4330576494644002,0.4108401745658742,-0.7144688253425703
286479,133.0,54.625,-58.75,-7.55859375,14.640625,-2.44921875,-0.3750114444410535,0.4392529068880276,0.4217352824488052,-0.6989959410382397
286529,132.6875,55.25,-58.875,-7.33984375,14.76953125,-2.23828125,-0.3903317361980041,0.4428235724967193,0.4266487624744407,-0.6852320932645649
286580,132.3125,56.0625,-59.125,-7.01953125,14.890625,-1.94140625,-0.4100772118289743,0.44499038666951507,0.42857142857142855,-0.6709189123203223
286631,132.0,56.6875,-59.25,-6.80078125,15.01953125,-1.73046875,-0.43324076052125615,0.44648579363383895,0.42841883602404857,-0.6552629169591357
286672,131.75,57.3125,-59.375,-6.55859375,15.12109375,-1.51171875,-0.4533524582659383,0.4476760155034028,0.42756431775872067,-0.641254921109653
286732,131.375,58.1875,-59.5625,-6.140625,15.26953125,-1.19140625,-0.48548844874416336,0.4491103854487747,0.42365794854579303,-0.618945890682699
286782,131.125,58.8125,-59.6875,-5.8515625,15.33984375,-0.96875,-0.5135959959715567,0.4511856440931425,0.41804254280220954,-0.598223822748497
286822,130.9375,59.4375,-59.75,-5.51953125,15.421875,-0.73046875,-0.5365764336069826,0.4545731986449782,0.4112369151890622,-0.5799432355723746
286873,130.625,60.3125,-59.875,-4.94921875,15.5,-0.41015625,-0.565935239722892,0.4619891964476455,0.3994262520218513,-0.5538499099703971
286923,130.4375,60.9375,-59.9375,-4.48046875,15.5390625,-0.23046875,-0.5942258980071413,0.4708700827051607,0.3855403302102725,-0.5258644367809077
286985,130.25,61.875,-60.0625,-3.66015625,15.53125,0.01171875,-0.6255684072389904,0.48347422711874755,0.3679616687520981,-0.489394817957091
287025,130.125,62.5,-60.125,-3.0703125,15.46875,0.171875,-0.6459242530594805,0.48924222540971096,0.35441145054475537,-0.46668904690694907
287077,129.9375,63.4375,-60.1875,-2.23046875,15.28125,0.37890625,-0.6712546159245583,0.4917142246772668,0.3351847895748772,-0.4419385357219153
287126,129.875,64.0625,-60.25,-1.62890625,15.12109375,0.5,-0.6942045350505082,0.48768578142643515,0.3174230170598468,-0.423688467055269
287177,129.8125,64.9375,-60.3125,-0.8984375,14.87109375,0.66015625,-0.7157506027405621,0.47672963652455214,0.30133976256599626,-0.4118472853785821
287228,129.8125,65.5,-60.3125,-0.421875,14.71875,0.76171875,-0.7374797814874722,0.45829645680104986,0.28644672994170967,-0.4050111392559587
287278,129.8125,66.375,-60.375,0.12890625,14.53125,0.921875,-0.7617114780114139,0.4295480208746605,0.2704245124668111,-0.40269173253578294
287329,129.875,67.0,-60.375,0.53125,14.421875,1.0,-0.7847224341563158,0.3935666982024598,0.2578508865627003,-0.4035157322916349
287380,129.9375,67.8125,-60.4375,0.94921875,14.2890625,1.171875,-0.804620502334666,0.3543809320352794,0.2507095553453169,-0.4051637318033387
287430,130.0,68.375,-60.4375,1.2109375,14.26171875,1.3203125,-0.8220160527359843,0.31339457380901514,0.24561296426282542,-0.4070863979003265
287480,130.125,69.25,-60.4375,1.51171875,14.2109375,1.6015625,-0.8383129367961669,0.27191991943113497,0.23932615131076998,-0.40742210150456254
287532,130.1875,69.8125,-60.4375,1.73828125,14.171875,1.80078125,-0.8506729331339458,0.24381237220374158,0.23624378185369427,-0.4014099551377911
287571,130.3125,70.375,-60.4375,1.94140625,14.12890625,2.0,-0.858729819635609,0.23163548692281868,0.2357860042115543,-0.39155247657704395
287622,130.4375,71.1875,-60.375,2.28125,14.078125,2.26171875,-0.8673970763267922,0.2248298593096713,0.2350230414746544,-0.37659840693380536
287673,130.5625,71.75,-60.375,2.51953125,14.01171875,2.3984375,-0.8742332224494156,0.22608111819818721,0.2315744499038667,-0.3619190038758507
287728,130.75,72.5625,-60.3125,2.8984375,13.91015625,2.5703125,-0.8787194433423872,0.23532822656941435,0.22504348887600328,-0.3490401928769799
287774,130.9375,73.125,-60.25,3.1484375,13.80859375,2.640625,-0.8831141087069307,0.2445753349406415,0.2163762321848201,-0.336893826105533
287825,131.1875,73.9375,-60.1875,3.58984375,13.6484375,2.6796875,-0.8880581072420423,0.25168614764854885,0.20392468031861324,-0.326212347788934
287876,131.3125,74.4375,-60.125,3.890625,13.51171875,2.640625,-0.8933072908719139,0.25720999786370435,0.18845179601428266,-0.31675160985137485
287927,131.625,75.25,-60.0625,4.37890625,13.2890625,2.51171875,-0.8992584002197332,0.260963774529252,0.17053743095187232,-0.30683309427167577
287978,131.8125,75.75,-60.0,4.6796875,13.109375,2.3515625,-0.9059419537949767,0.26239814447462384,0.15170751060518203,-0.2956328012939848
288029,132.1875,76.5,-59.9375,5.171875,12.828125,2.05078125,-0.91369365520188,0.2597430341502121,0.13229773857844782,-0.28318124942777795
288082,132.4375,77.0,-59.9375,5.46875,12.609375,1.828125,-0.9210791344950713,0.2578508865627003,0.1141087069307535,-0.26853236487929927
288121,132.6875,77.5,-59.875,5.76953125,12.390625,1.609375,-0.9266945402386547,0.25592822046571245,0.1000701925717948,-0.2563554795983764
288171,133.0625,78.1875,-59.875,6.1484375,12.03125,1.26953125,-0.9325235755485702,0.2555314798425245,0.08346812341685232,-0.24115726187932982
288223,133.375,78.6875,-59.875,6.421875,11.76171875,1.03125,-0.9369487594225898,0.2577593310342723,0.06677449873348186,-0.2262947477645192
288274,133.75,79.375,-59.875,6.75,11.33984375,0.66015625,-0.9394817957090976,0.26358836634418775,0.04910428174687948,-0.21329386272774437
288325,134.25,80.0,-59.875,7.078125,10.8984375,0.30859375,-0.9414349803155614,0.26779992065187536,0.030091250343333233,-0.20261238441114535
288376,134.5625,80.4375,-59.9375,7.26171875,10.578125,0.05078125,-0.9432355723746452,0.26981414227729117,0.009002960295419173,-0.1933957945493942
288428,134.875,80.8125,-59.9375,7.4296875,10.26171875,-0.23046875,-0.9440595721304972,0.27341532639545885,-0.013580736716818751,-0.18384350108340708
288476,135.375,81.4375,-60.0,7.609375,9.78125,-0.66015625,-0.9443342387157811,0.2770775475325785,-0.03604235969115269,-0.17368083742790003
288527,135.6875,81.8125,-60.0625,7.71875,9.44921875,-0.94140625,-0.9442426831873532,0.2801599169896542,-0.05932798242133854,-0.16241950743125705
288577,136.1875,82.3125,-60.1875,7.8203125,8.94921875,-1.33984375,-0.9442426831873532,0.2813501388592181,-0.08267464217047639,-0.1497543259987182
288628,136.5625,82.6875,-60.25,7.87890625,8.58984375,-1.62890625,-0.9429914242988372,0.2847987304300058,-0.10663167210913418,-0.13513595995971556
288678,137.0625,83.1875,-60.375,7.859375,8.1015625,-2.05859375,-0.9418012024292733,0.28647724845118566,-0.1291543321024201,-0.11929685354167302
288729,137.375,83.5,-60.5,7.828125,7.69140625,-2.3515625,-0.9414349803155614,0.28415784173100983,-0.15021210364085819,-0.10193182164983063
288779,137.875,83.9375,-60.6875,7.71875,7.109375,-2.76171875,-0.9401226844080935,0.2836695455793939,-0.16913357951597643,-0.08432264168218025
288829,138.25,84.1875,-60.8125,7.62109375,6.6796875,-3.03125,-0.9381389812921537,0.2837305825983459,-0.1870784630878628,-0.06616412854396192
288880,138.6875,84.5625,-61.0,7.44140625,6.1015625,-3.37109375,-0.935789056062502,0.28305917538987396,-0.2043824579607532,-0.04919583727530748
288930,139.0,84.8125,-61.1875,7.2890625,5.69140625,-3.5703125,-0.9332560197759942,0.282082583086642,-0.2196111941892758,-0.034852137821588795
288971,139.3125,85.0,-61.3125,7.140625,5.328125,-3.73828125,-0.9310586870937223,0.28196050904873804,-0.23007904293954284,-0.026184881130405593
289031,139.8125,85.3125,-61.5625,6.87890625,4.75,-3.96875,-0.9252906888027589,0.29416791283913696,-0.23841059602649006,-0.021027253028962065
289083,140.25,85.5625,-61.8125,6.671875,4.26953125,-4.08984375,-0.9194006164738914,0.3107394634846034,-0.24042481765190588,-0.01892147587511826
289122,140.5,85.6875,-62.0,6.5703125,4.0,-4.1015625,-0.9137852107303079,0.3272804956205939,-0.24005859553819392,-0.015381328775902585
289172,140.75,85.8125,-62.1875,6.48828125,3.76953125,-4.0703125,-0.9057893612475967,0.34965056306649983,-0.239204077272866,-0.008423108615375225
289233,141.0625,86.0,-62.375,6.37109375,3.44140625,-4.0,-0.8976104007080294,0.3708304086428419,-0.2381664479506821,0.007477034821619312
289273,141.3125,86.0625,-62.5625,6.2890625,3.23828125,-3.94140625,-0.8942228461561937,0.37958922086245306,-0.23618274483474228,0.022095400860621967
289333,141.625,86.1875,-62.8125,6.171875,2.9609375,-3.7890625,-0.8892788476210822,0.391674550614948,-0.23123874629963073,0.04815820795312357
289376,141.8125,86.25,-62.9375,6.109375,2.80859375,-3.671875,-0.8864101077303385,0.39719840083010344,-0.22797326578569901,0.0674153874324778
289424,142.0625,86.375,-63.125,6.0390625,2.62109375,-3.4609375,-0.8832667012543107,0.40134891811883905,-0.2237922299874874,0.09308145390179144
289485,142.3125,86.4375,-63.3125,5.94140625,2.421875,-3.23046875,-0.8750267036957915,0.4141056550798059,-0.21939756462294382,0.12131107516708883
289526,142.5625,86.5,-63.4375,5.80859375,2.05859375,-3.0703125,-0.8680684835352641,0.423749504074221,-0.217535935544908,0.13992736594744712
289577,142.8125,86.5625,-63.5625,5.6796875,1.73046875,-2.890625,-0.8631244850001526,0.4253669850764489,-0.21662038026062808,0.16479995117038485
289628,143.1875,86.625,-63.75,5.48828125,1.26953125,-2.62109375,-0.8564104129154332,0.42790002136295663,-0.217230750450148,0.19043549913022248
289678,143.4375,86.625,-63.8125,5.3203125,0.9296875,-2.44921875,-0.8450880458998382,0.4384899441511277,-0.21915341654713583,0.21341593676564838
289729,143.75,86.6875,-64.0,5.0390625,0.37890625,-2.1796875,-0.8282723471785638,0.45902890102847377,-0.2227240821558275,0.23163548692281868
289780,144.0,86.625,-64.0625,4.87109375,0.0390625,-1.98828125,-0.8113956114383374,0.4795373393963439,-0.2261116367076632,0.24610126041444136
289830,144.3125,86.5625,-64.1875,4.6015625,-0.48828125,-1.6484375,-0.7973570970793786,0.49525437177648246,-0.22882778405102694,0.25809503463850825
289872,144.5,86.5625,-64.25,4.4296875,-0.80859375,-1.41015625,-0.7882015442365795,0.5046540726950896,-0.23032319101535081,0.26645710623493146
289936,144.75,86.4375,-64.3125,4.171875,-1.28125,-1.0390625,-0.7807550279244362,0.5094149601733451,-0.23126926480910673,0.2782677694021424
289983,144.9375,86.375,-64.375,4.01171875,-1.5703125,-0.7890625,-0.7782219916379284,0.5080416272469253,-0.2294686727500229,0.2891323587755974
290023,145.0625,86.25,-64.375,3.828125,-1.87109375,-0.55078125,-0.7777642139957884,0.5043183690908536,-0.22672200689718314,0.2988982818079165
290074,145.3125,86.125,-64.4375,3.5703125,-2.28125,-0.1796875,-0.7766960661641286,0.5005035554063539,-0.2217474898525956,0.31156346324045536
290126,145.5,86.0,-64.4375,3.37890625,-2.5703125,0.0703125,-0.7753837702566606,0.49687185277871027,-0.2151860103152562,0.3249000518814661
290176,145.6875,85.75,-64.4375,3.12890625,-2.9296875,0.48046875,-0.7728202154606769,0.49537644581438645,-0.20825830866420483,0.33759575182348095
290226,145.8125,85.625,-64.375,2.96875,-3.140625,0.75,-0.7669301431318094,0.49897762993255407,-0.20279549546800135,0.3489181188390759
290276,146.0,85.375,-64.3125,2.75,-3.421875,1.1796875,-0.7603076265755181,0.5023041474654378,-0.19602038636432997,0.36222418897061065
290327,146.0625,85.25,-64.3125,2.6015625,-3.609375,1.4609375,-0.7542039246803186,0.5024872585222938,-0.18842127750480667,0.3783989989928892
290378,146.25,85.0,-64.1875,2.359375,-3.8984375,1.87890625,-0.7470625934629352,0.5011749626148259,-0.18137150181585132,0.3972899563585314
290428,146.3125,84.75,-64.125,2.19140625,-4.109375,2.140625,-0.7383037812433241,0.49827570421460615,-0.17618335520493178,0.41904965361491747
290483,146.4375,84.5,-64.0,1.8984375,-4.421875,2.51171875,-0.728965117343669,0.49180578020569476,-0.17404705954161198,0.4432508316293832
290529,146.5,84.3125,-63.875,1.640625,-4.671875,2.73046875,-0.7185583056123539,0.48283333841975157,-0.17471846675008393,0.46903897213660084
290580,146.5625,84.0,-63.6875,1.1796875,-5.0390625,3.01953125,-0.7085177159947508,0.4712668233283486,-0.1771904660176397,0.4944914090395825
290631,146.625,83.75,-63.5625,0.828125,-5.30859375,3.16015625,-0.7011017181920834,0.4551835688344981,-0.17780083620715964,0.5192724387340922
290671,146.625,83.5,-63.4375,0.48828125,-5.55078125,3.26171875,-0.6982634968108158,0.43845942564165163,-0.17621387371440778,0.5377056184575946
290732,146.625,83.125,-63.25,-0.08984375,-5.8984375,3.359375,-0.7011627552110354,0.4030274361400189,-0.16663106173894468,0.5640736106448561
290773,146.625,82.875,-63.0625,-0.4296875,-6.1015625,3.37890625,-0.7090670491653188,0.3727225562303537,-0.15060884426404614,0.5793328653828547
290825,146.5625,82.5,-62.875,-0.94140625,-6.3984375,3.359375,-0.7234107486190374,0.32917264320810574,-0.11813715018158513,0.5952940458388012
290884,146.5,82.0625,-62.6875,-1.26171875,-6.6015625,3.44140625,-0.7416302987762078,0.2750022888882107,-0.06750694296090579,0.6081118198187201
290927,146.4375,81.8125,-62.5,-1.44921875,-6.71875,3.5703125,-0.7530137028107547,0.23792229987487412,-0.029084139530625323,0.6127811517685476
290985,146.375,81.375,-62.25,-1.609375,-6.8203125,3.8984375,-0.7673268837549974,0.18198187200537125,0.030182805871761222,0.6141544846949675
291035,146.3125,81.0625,-62.125,-1.7109375,-6.8984375,4.1796875,-0.7759636219367047,0.13708914456617938,0.0772118289742729,0.6108584856715598
291075,146.1875,80.8125,-61.9375,-1.7890625,-6.9609375,4.48046875,-0.7803582873012482,0.10187078463087863,0.1141392254402295,0.6063417462691122
291128,146.0625,80.375,-61.625,-1.87890625,-7.0703125,4.94140625,-0.78240302743614,0.0597857600634785,0.15845210119937742,0.5992919705801568
291181,146.0,80.0625,-61.4375,-1.91015625,-7.12890625,5.26171875,-0.7808465834528642,0.028748435926389357,0.19324320200201422,0.5934018982512894
291227,145.875,79.625,-61.0625,-1.98046875,-7.2109375,5.73828125,-0.7773674733726005,0.001281777397991882,0.22583697012237922,0.587115085299234
291278,145.8125,79.3125,-60.8125,-2.03125,-7.23828125,6.08984375,-0.7730643635364849,-0.027466658528397473,0.26166570024719993,0.5771660512100589
291329,145.6875,78.8125,-60.4375,-2.1484375,-7.26953125,6.69921875,-0.7679982909634694,-0.04919583727530748,0.293465987121189,0.5671254615924558
291379,145.5625,78.5625,-60.1875,-2.26953125,-7.23828125,7.16015625,-0.7642445142979217,-0.06021301919614246,0.31379131443220315,0.5601977599414044
291430,145.4375,78.0625,-59.75,-2.3984375,-7.25,7.80078125,-0.7645191808832057,-0.06002990813928648,0.31946775719473863,0.5566576128421888
291480,145.3125,77.75,-59.375,-2.421875,-7.28125,8.109375,-0.7697073274941252,-0.053132724997711114,0.30967131565294354,0.5557420575579088
291521,145.25,77.4375,-59.0625,-2.359375,-7.3515625,8.30859375,-0.7776116214484085,-0.04489272743919187,0.29367961668752096,0.554155095065157
291572,145.125,77.0,-58.5625,-2.109375,-7.48828125,8.328125,-0.7910397656178473,-0.03878902554399243,0.26456495864741963,0.5502182073427534
291632,145.0,76.5,-58.0625,-1.69921875,-7.671875,7.94921875,-0.8100833155308694,-0.03759880367442854,0.2165288247322001,0.54353465376751
291673,144.9375,76.375,-57.875,-1.53125,-7.73046875,7.7109375,-0.8225653859065524,-0.04226813562425611,0.17871639149143956,0.5382244331186865
291723,144.875,75.875,-57.4375,-0.9609375,-7.87890625,6.71875,-0.8358409375286111,-0.05417035431989502,0.12732322153386028,0.5312356944486831
291773,144.8125,75.5625,-57.125,-0.6015625,-7.94140625,5.75,-0.8444166386913663,-0.06720175786614582,0.0738547929319132,0.5262916959135716
291824,144.8125,75.0625,-56.75,-0.12890625,-7.94921875,4.078125,-0.8482924893948179,-0.07815790276802881,0.019165623950926237,0.5233619190038759
291874,144.75,74.6875,-56.625,0.078125,-7.8984375,2.87109375,-0.8482924893948179,-0.08749656666768395,-0.0304574724570452,0.52134769737846
291925,144.75,74.1875,-56.375,0.2890625,-7.76171875,1.08984375,-0.8464003418073062,-0.09848323007904294,-0.06482131412701804,0.5193029572435682
291975,144.8125,73.875,-56.3125,0.37890625,-7.6796875,0.078125,-0.8439893795587023,-0.11035493026520585,-0.08853419598986785,0.5173497726371044
292025,144.8125,73.375,-56.25,0.51171875,-7.62109375,-1.16015625,-0.8420361949522386,-0.12320322275460066,-0.10992767113254188,0.5135349589526047
292075,144.8125,73.0625,-56.25,0.58984375,-7.578125,-1.83984375,-0.8406018250068666,-0.1358073671681875,-0.13101596118045594,0.5077364421521653
292128,144.875,72.5,-56.3125,0.7109375,-7.48828125,-2.78125,-0.8405713064973906,-0.14398632770775474,-0.15060884426404614,0.500015259254738
292182,144.9375,72.1875,-56.375,0.80078125,-7.41015625,-3.25,-0.8423718985564745,-0.14642780846583453,-0.16666158024842068,0.4911038544877468
292227,145.0,71.6875,-56.5,0.91015625,-7.30078125,-3.859375,-0.8460646382030702,-0.13873714407788323,-0.18115787224951935,0.4817957090975677
292278,145.0,71.375,-56.625,0.9609375,-7.26953125,-4.109375,-0.8512527848139897,-0.11893063142796106,-0.19528794213690603,0.47233497116000855
292329,145.125,70.875,-56.75,1.0,-7.25,-4.37109375,-0.8562883388775292,-0.08313241981261635,-0.21347697378460037,0.4629352702414014
292379,145.1875,70.5,-56.875,1.03125,-7.26953125,-4.3984375,-0.859096041749321,-0.037263100070192574,-0.23334452345347453,0.4540238654744102
292429,145.25,70.0,-57.0625,1.0703125,-7.390625,-4.30078125,-0.858973967711417,0.011932737205114903,-0.2513809625537889,0.44593646046327096
292480,145.3125,69.625,-57.1875,1.0703125,-7.48828125,-4.1796875,-0.8563798944059572,0.058229316080202646,-0.2667928098391675,0.43821527756584366
292521,145.375,69.3125,-57.3125,1.05859375,-7.58984375,-4.0390625,-0.8530533768730735,0.09039582506790368,-0.2771691030610065,0.4328135013885922
292572,145.4375,68.75,-57.5,1.05078125,-7.73046875,-3.8203125,-0.8491470076601458,0.12042603839228493,-0.2846461378826258,0.4282967619861446
292633,145.5625,68.25,-57.6875,1.01953125,-7.91015625,-3.58984375,-0.8488113040559099,0.13342692342905974,-0.2757957701345866,0.4308603167821284
292674,145.625,67.875,-57.75,1.05078125,-8.01171875,-3.37890625,-0.8496658223212379,0.1357768486587115,-0.26496169927060764,0.43525498214667196
292724,145.6875,67.5,-57.875,1.0703125,-8.12109375,-3.140625,-0.8500015259254738,0.13812677388836328,-0.25055696279793693,0.4423047578356273
292775,145.8125,66.9375,-58.0,1.08984375,-8.26953125,-2.73828125,-0.8492996002075258,0.14215521713919493,-0.23758659627063813,0.44950712607196264
292826,145.875,66.5625,-58.0625,1.109375,-8.359375,-2.421875,-0.8485671559801019,0.14087343974120303,-0.2238227484969634,0.45826593829157386
292877,146.0,66.0,-58.1875,1.21875,-8.4296875,-1.8984375,-0.8492080446790978,0.130497146519364,-0.20609149449140904,0.4683675649281289
292928,146.0625,65.625,-58.25,1.26171875,-8.46875,-1.55859375,-0.8517715994750816,0.10916470839564196,-0.18002868739890743,0.4797204504531999
292977,146.1875,65.0625,-58.3125,1.30078125,-8.51953125,-1.05078125,-0.8545182653279214,0.0826136051515244,-0.1490524002807703,0.49067659535508285
293028,146.25,64.6875,-58.3125,1.33984375,-8.5703125,-0.69140625,-0.8553422650837733,0.0554216132084109,-0.11764885402996918,0.5014496292001098
293079,146.375,64.125,-58.3125,1.4296875,-8.609375,-0.08984375,-0.8544877468184454,0.02444532609027375,-0.08413953062532425,0.5120090334788049
293131,146.5,63.75,-58.3125,1.44921875,-8.6484375,0.26953125,-0.8523819696646016,-0.016113773003326518,-0.041169469283120215,0.5210425122837
293180,146.625,63.25,-58.25,1.4609375,-8.69921875,0.87109375,-0.84759056367687,-0.060426648762474444,0.009063997314371167,0.5271462141788995
293221,146.6875,62.8125,-58.25,1.4609375,-8.76171875,1.37109375,-0.8426465651417585,-0.08328501235999634,0.04104739524521622,0.5304116946928312
293272,146.75,62.4375,-58.1875,1.44140625,-8.80078125,1.890625,-0.8373058259834589,-0.097933896908475,0.06668294320505387,0.5337687307351909
293333,146.875,61.875,-58.0,1.421875,-8.859375,2.6015625,-0.8339487899410992,-0.10675374614703818,0.0826136051515244,0.5350505081331828
293373,147.0,61.5,-57.9375,1.41015625,-8.87109375,2.94921875,-0.8343455305642873,-0.10913418988616597,0.08536027100436415,0.533524582659383
293424,147.125,60.9375,-57.75,1.44140625,-8.87109375,3.328125,-0.8375804925687429,-0.11093478194524979,0.08343760490737633,0.5283974730674154
293476,147.1875,60.5625,-57.625,1.51171875,-8.8203125,3.4296875,-0.8429822687459945,-0.11401715140232552,0.07794427320169683,0.5199133274330882
293526,147.3125,60.0,-57.4375,1.640625,-8.76171875,3.3984375,-0.8494827112643818,-0.11679433576464125,0.07055879390850552,0.5096591082491531
293578,147.4375,59.6875,-57.3125,1.75,-8.66015625,3.328125,-0.8556474501785333,-0.12082277901547288,0.06152531510361034,0.49946592608417006
293628,147.5625,59.125,-57.0625,1.94921875,-8.55859375,3.109375,-0.8612933744315927,-0.12451551866206854,0.04797509689626759,0.4902493362224189
293679,147.6875,58.75,-57.0,2.078125,-8.44921875,2.8984375,-0.8661763359477523,-0.12543107394634845,0.02728354747154149,0.48298593096713155
293729,147.8125,58.25,-56.8125,2.30078125,-8.30078125,2.48828125,-0.8703878902554399,-0.12118900112918485,-0.003357036042359691,0.4772179326761681
293779,147.9375,57.875,-56.6875,2.421875,-8.1484375,2.08984375,-0.8731650746177557,-0.11615344706564532,-0.04000976592303232,0.47169408246101263
293830,148.125,57.375,-56.5625,2.5703125,-7.91015625,1.23828125,-0.8738059633167516,-0.11914426099429304,-0.06994842371898556,0.4662312692648091
293881,148.25,57.0625,-56.5,2.62890625,-7.7109375,0.6484375,-0.8728904080324716,-0.13016144291512802,-0.09018219550157171,0.4615009002960295
293922,148.375,56.75,-56.5,2.69921875,-7.53125,0.08984375,-0.8717917416913358,-0.13888973662526322,-0.10400708029419843,0.4581438642536699
293972,148.5625,56.25,-56.5,2.8203125,-7.25,-0.671875,-0.869747001556444,-0.1490829187902463,-0.11795403912472915,0.4553971984008301
294023,148.6875,55.9375,-56.5,2.921875,-7.1015625,-1.0703125,-0.8673360393078402,-0.15701773125400556,-0.13122959074678792,0.45371868037965024
294084,148.9375,55.5,-56.5625,3.01171875,-6.890625,-1.62109375,-0.8655659657582324,-0.1619312112796411,-0.14758751182592242,0.4503311258278146
294124,149.0625,55.1875,-56.625,3.05859375,-6.76171875,-1.9296875,-0.8656575212866604,-0.16397595141453292,-0.15811639759514146,0.445783867915891
294176,149.3125,54.75,-56.6875,3.12890625,-6.5703125,-2.33984375,-0.8668477431562243,-0.16788232062746056,-0.17001861629078036,0.43757438886684774
294226,149.4375,54.5,-56.8125,3.140625,-6.41015625,-2.640625,-0.868587298196356,-0.17426068910794396,-0.17975402081362346,0.42762535477767266
294277,149.625,54.125,-56.9375,3.140625,-6.1484375,-3.109375,-0.870113223670156,-0.17883846552934354,-0.18884853663747062,0.41865291299172946
294327,149.75,53.875,-57.0625,3.140625,-5.98046875,-3.3203125,-0.8709677419354839,-0.1804254280220954,-0.19858394116031372,0.41163365581225014
294378,149.875,53.625,-57.25,3.12109375,-5.73828125,-3.671875,-0.8719443342387158,-0.1749015778069399,-0.2088381603442488,0.40684224982451855
294430,150.0,53.4375,-57.3125,3.08984375,-5.62109375,-3.828125,-0.8730124820703756,-0.16348765526291695,-0.2205572679830317,0.4031189916684469
294480,150.125,53.1875,-57.5625,3.03125,-5.48828125,-4.01171875,-0.8739585558641316,-0.14642780846583453,-0.23313089388714256,0.40049439985351115
294531,150.25,53.0625,-57.6875,2.94921875,-5.4296875,-4.16015625,-0.8742942594683676,-0.13293862727744377,-0.2413098544267098,0.39960936307870726
294581,150.375,52.8125,-57.875,2.859375,-5.37890625,-4.26953125,-0.8745994445631275,-0.1259804071169164,-0.24216437269203772,0.4007080294198431
294621,150.5,52.5625,-58.0625,2.94921875,-5.328125,-4.328125,-0.8751182592242195,-0.12326425977355265,-0.23895992919705802,0.402356028931547
294681,150.75,52.1875,-58.3125,3.1015625,-5.30078125,-4.2890625,-0.8775597399822993,-0.12158574175237281,-0.22916348765526293,0.4032105471968749
294722,150.9375,51.875,-58.5,3.1796875,-5.33984375,-4.19140625,-0.880947294534135,-0.12143314920499283,-0.21912289803765983,0.4014709921567431
294772,151.125,51.625,-58.6875,3.25,-5.37890625,-4.0703125,-0.8865016632587664,-0.12118900112918485,-0.206427198095645,0.3960386974700156
294833,151.375,51.25,-58.875,3.41015625,-5.421875,-3.7890625,-0.8945280312509537,-0.11175878170110172,-0.19736320078127384,0.38523514511551255
294873,151.5625,51.0,-59.0625,3.51953125,-5.4296875,-3.55078125,-0.9002349925229651,-0.09097567674794763,-0.19815668202764977,0.3769035920285653
294924,151.875,50.5625,-59.25,3.6796875,-5.390625,-3.1796875,-0.9048738059633168,-0.055482650227362894,-0.2043519394512772,0.369273964659566
294975,152.0625,50.3125,-59.4375,3.76171875,-5.359375,-2.98046875,-0.9060945463423566,-0.012573625904110843,-0.2139652699362163,0.36472670674764246
295025,152.375,49.9375,-59.625,3.828125,-5.33984375,-2.66015625,-0.9033173619800409,0.03469954527420881,-0.22580645161290322,0.3630481887264626
295075,152.5625,49.6875,-59.75,3.80859375,-5.3515625,-2.51171875,-0.8971526230658895,0.08883938108462783,-0.2412182988982818,0.35926389355143895
295126,152.8125,49.3125,-59.875,3.73828125,-5.37890625,-2.3203125,-0.8871120334482864,0.14624469740897855,-0.25934629352702415,0.3527024140140996
295178,153.0,49.125,-60.0,3.66015625,-5.421875,-2.2109375,-0.8753013702810755,0.19809564500869778,-0.2764671773430586,0.3437604907376324
295227,153.3125,48.75,-60.1875,3.51953125,-5.5,-2.03125,-0.8633381145664846,0.24079103976561786,-0.2926725058748131,0.33317056794946137
295277,153.5,48.5,-60.25,3.37109375,-5.58984375,-1.9296875,-0.8537858211004975,0.2696310312204352,-0.30552079836420787,0.3240760521256142
295328,153.75,48.125,-60.4375,3.1796875,-5.71875,-1.78125,-0.847682119205298,0.2834559160130619,-0.314951017792291,0.3191930906094546
295379,153.9375,47.875,-60.5,3.01171875,-5.80859375,-1.69921875,-0.8435316019165624,0.2881557664723655,-0.32151249732963044,0.31946775719473863
295429,154.1875,47.5,-60.625,2.76171875,-5.94140625,-1.58984375,-0.8393810846278268,0.2876064333017975,-0.325907162694174,0.32636494033631397
295480,154.3125,47.25,-60.75,2.6015625,-5.98828125,-1.48828125,-0.8327890865810114,0.28867458113345745,-0.3303323465681936,0.33762627033295695
295532,154.5,46.8125,-60.875,2.26953125,-6.12109375,-1.41015625,-0.8221686452833643,0.2948393200476089,-0.3346964934232612,0.35367900631733146
295572,154.6875,46.5625,-60.9375,2.03125,-6.2109375,-1.37109375,-0.8111819818720054,0.3032624286629841,-0.33848078859828484,0.3680837427900021
295632,154.8125,46.1875,-61.0625,1.5703125,-6.3984375,-1.3203125,-0.7917111728263192,0.31812494277779474,-0.3458662678914762,0.3903012176885281
295673,154.9375,45.875,-61.125,1.26953125,-6.51953125,-1.26953125,-0.7763603625598926,0.33271279030732137,-0.35251930295724354,0.4028748435926389
295734,155.0625,45.5,-61.25,0.83984375,-6.73828125,-1.1484375,-0.7483748893704032,0.3629566331980346,-0.3658558915982543,0.4175542466505936
295774,155.125,45.1875,-61.3125,0.5390625,-6.87109375,-1.01171875,-0.7293008209479049,0.3846247749259926,-0.3751640369884335,0.42356639301736504
295825,155.1875,44.9375,-61.375,0.16015625,-7.01953125,-0.828125,-0.7055269020661031,0.41224402600177007,-0.3896603289895322,0.4247871333964049
295875,155.25,44.5,-61.5,-0.2890625,-7.1796875,-0.51171875,-0.6824243903927733,0.43882564775536365,-0.40479750968962674,0.4217963194677572
295927,155.25,44.1875,-61.5,-0.609375,-7.30859375,-0.26953125,-0.6658223212378307,0.4543290505691702,-0.4148686178167058,0.42210150456251716
295977,155.25,43.75,-61.5625,-1.05078125,-7.48046875,0.08984375,-0.6569719534897915,0.4594256416516617,-0.4181340983306375,0.4271980956450087
296028,155.1875,43.4375,-61.625,-1.33984375,-7.609375,0.328125,-0.652546769615772,0.45829645680104986,-0.4153263954588458,0.4377880184331797
296083,155.125,42.9375,-61.625,-1.75,-7.76953125,0.6796875,-0.6526993621631519,0.44923245948667867,-0.4055909909360027,0.45567186498611406
296128,155.0625,42.625,-61.625,-2.03125,-7.87890625,0.8984375,-0.6581621753593554,0.4302804651020844,-0.3858760338145085,0.4824976348155156
296180,155.0,42.125,-61.625,-2.3203125,-8.0,1.19140625,-0.6704611346781824,0.39927365947447124,-0.35019989623706776,0.5180822168645284
296229,154.875,41.8125,-61.5625,-2.48828125,-8.05859375,1.4296875,-0.6868190557573168,0.36024048585467083,-0.29944761497848443,0.5557115390484328
296280,154.75,41.3125,-61.5625,-2.5390625,-8.078125,1.921875,-0.7014374217963195,0.32139042329172646,-0.24005859553819392,0.5890987884151738
296331,154.6875,41.0,-61.5,-2.55859375,-8.12890625,2.328125,-0.7100131229590747,0.28855250709555347,-0.17999816888943143,0.6166264839625233
296382,154.5,40.5,-61.375,-2.58984375,-8.1796875,2.98828125,-0.7149266029847102,0.25812555314798424,-0.12103640858180487,0.6384472182378612
296433,154.4375,40.1875,-61.3125,-2.6484375,-8.19921875,3.53125,-0.717764824365978,0.23419904171880246,-0.0728476821192053,0.6516617328409681
296483,154.25,39.6875,-61.125,-2.7109375,-8.19921875,4.30078125,-0.7215796380504776,0.2084719382305368,-0.030152287362285226,0.6595049897762993
296524,154.125,39.375,-61.0,-2.75,-8.23828125,4.76171875,-0.7263100070192572,0.18543046357615894,0.0032654805139316996,0.6618854335154271
296585,154.0,38.875,-60.8125,-2.8203125,-8.2890625,5.37890625,-0.7343058565019684,0.14722128971221046,0.05346842860194708,0.6604815820795312
296626,153.875,38.5,-60.625,-2.8515625,-8.328125,5.73046875,-0.7396465956602679,0.11804559465315714,0.08926664021729179,0.6565141758476516
296677,153.75,38.1875,-60.4375,-2.8515625,-8.37890625,6.0390625,-0.7443464461195716,0.08099612414929655,0.13415936765648365,0.6491286965544603
296728,153.5625,37.6875,-60.125,-2.91015625,-8.421875,6.51953125,-0.7472457045197912,0.04519791253395184,0.17761772515030366,0.6387829218420973
296778,153.5,37.3125,-59.9375,-2.921875,-8.41015625,6.87890625,-0.7474593340861232,0.016998809778130435,0.21051667836542864,0.62984099856563
296828,153.3125,36.8125,-59.5625,-2.859375,-8.48828125,7.19921875,-0.7436750389110995,0.0019531846064638203,0.22128971221045565,0.6308481093783379
296879,153.1875,36.5,-59.3125,-2.7890625,-8.5390625,7.28125,-0.7410809656056399,-0.008209479049043246,0.21430097354045227,0.6362193670461135
296930,153.0,35.9375,-58.9375,-2.58984375,-8.75,7.1015625,-0.7414471877193518,-0.02694784386730552,0.20044557023834955,0.6398205511642812
296970,152.9375,35.625,-58.6875,-2.41015625,-8.8515625,6.8203125,-0.7437665944395275,-0.04626606036561175,0.18439283425397504,0.640827661976989
297021,152.8125,35.25,-58.4375,-2.12109375,-9.01953125,6.3515625,-0.7478255561998352,-0.07028412732322153,0.1554918057802057,0.641590624713889
297071,152.6875,34.6875,-58.1875,-1.66015625,-9.171875,5.30078125,-0.7549668874172185,-0.09030426953947569,0.11914426099429304,0.6384777367473372
297122,152.625,34.3125,-58.0,-1.37890625,-9.25,4.62890625,-0.7650074770348216,-0.10663167210913418,0.08020264290292062,0.630024109622486
297174,152.5625,33.75,-57.75,-1.01171875,-9.2109375,3.44921875,-0.7786187322611163,-0.12570574053163244,0.04318369090853603,0.6132694479201636
297225,152.5,33.375,-57.6875,-0.6484375,-9.2109375,2.48828125,-0.7914059877315592,-0.13989684743797112,0.008575701162755212,0.5949888607440412
297275,152.5,32.8125,-57.5625,-0.2109375,-9.05859375,1.1796875,-0.7995239112521745,-0.16464735862300486,-0.010681478316599017,0.5775322733237709
297325,152.5,32.4375,-57.5625,0.12890625,-8.9296875,0.33984375,-0.8036744285409101,-0.18063905758842738,-0.026184881130405593,0.5663930173650319
297375,152.5,31.875,-57.5625,0.48828125,-8.73046875,-0.6484375,-0.8056581316568499,-0.1870479445783868,-0.039155247657704395,0.5607165746024965
297426,152.5,31.5,-57.5625,0.75,-8.69921875,-1.1015625,-0.8060243537705618,-0.19470809045686208,-0.047212134159367654,0.5569322794274728
297477,152.5625,30.9375,-57.6875,1.0,-8.69140625,-1.5,-0.8058412427137058,-0.20346690267647327,-0.049836725974303414,0.5538499099703971
297529,152.625,30.5,-57.75,1.19921875,-8.69921875,-1.62890625,-0.8068483535264138,-0.20954008606219673,-0.05389568773461104,0.5497299111911375
297579,152.6875,30.0,-57.8125,1.4609375,-8.6484375,-1.87109375,-0.8092287972655415,-0.21799371318704794,-0.05496383556627094,0.5428022095400861
297630,152.75,29.5625,-57.875,1.69140625,-8.6015625,-2.01953125,-0.8120059816278573,-0.23075045014801476,-0.05203405865657521,0.533585619678335
297680,152.875,29.0,-58.0,2.0,-8.4609375,-2.30859375,-0.815759758293405,-0.23825800347911008,-0.04968413342692343,0.5247047334208197
297721,152.9375,28.625,-58.125,2.21875,-8.3984375,-2.44140625,-0.8188421277504807,-0.24173711355937377,-0.046662800988799706,0.5185399945066683
297771,153.0625,28.25,-58.25,2.3984375,-8.3515625,-2.48828125,-0.8214056825464644,-0.24732200079348124,-0.04068117313150426,0.5123142185735649
297822,153.25,27.6875,-58.375,2.71875,-8.21875,-2.578125,-0.8242439039277322,-0.24875637073885312,-0.03631702627643666,0.5073397015289773
297882,153.375,27.1875,-58.5,2.9609375,-8.16015625,-2.48046875,-0.8271736808374279,-0.24756614886928924,-0.03466902676473281,0.5033112582781457
297933,153.5625,26.8125,-58.625,3.140625,-8.12890625,-2.359375,-0.8276924954985199,-0.24979400006103702,-0.035065767387920777,0.5012665181432538
297972,153.6875,26.4375,-58.75,3.26953125,-8.109375,-2.21875,-0.8289132358775597,-0.24857325968199714,-0.0380260628070925,0.49967955565050204
298023,153.875,25.875,-58.875,3.44921875,-8.05859375,-2.08984375,-0.8320566423535875,-0.2479628894924772,-0.04202398754844813,0.4943998535111545
298074,154.0625,25.5625,-58.9375,3.58984375,-7.94921875,-2.12109375,-0.8392895290993988,-0.24066896572771385,-0.04870754112369152,0.48506118961149935
298125,154.3125,25.0,-59.125,3.83984375,-7.71875,-2.390625,-0.8523514511551256,-0.21787163914914395,-0.06292916653950621,0.4712668233283486
298175,154.4375,24.6875,-59.1875,3.9609375,-7.55078125,-2.6015625,-0.8660237434003724,-0.19165623950926236,-0.07849360637226478,0.45509201330607013
298227,154.75,24.1875,-59.375,4.140625,-7.421875,-2.6484375,-0.8781395916623432,-0.15945921201208532,-0.09555345316934721,0.44080935087130346
298276,154.875,23.8125,-59.5,4.19921875,-7.33984375,-2.671875,-0.8879970702230903,-0.12045655690176092,-0.11395611438337351,0.42887661366618857
298328,155.1875,23.3125,-59.6875,4.26171875,-7.23046875,-2.78125,-0.8947111423078097,-0.07742545854060488,-0.13385418256172368,0.4190191351054415
298377,155.375,23.0,-59.8125,4.25,-7.1796875,-2.859375,-0.8972746971037935,-0.03109836115604114,-0.1563768425550096,0.41169469283120214
298428,155.625,22.5625,-60.0,4.23046875,-7.109375,-2.9296875,-0.8967864009521775,0.01281777397991882,-0.17682424390392773,0.4054078798791467
298479,155.8125,22.25,-60.125,4.171875,-7.0703125,-2.98828125,-0.8934598834192938,0.056520279549546804,-0.19739371929074984,0.3994567705313273
298530,156.125,21.75,-60.3125,4.0390625,-7.1015625,-3.1015625,-0.8879055146946623,0.09256263924069949,-0.2153386028626362,0.3958555864131596
298580,156.25,21.5,-60.4375,3.94921875,-7.12109375,-3.12109375,-0.8815881832331309,0.1162755211035493,-0.22904141361735894,0.3960386974700156
298620,156.4375,21.1875,-60.5625,3.87109375,-7.140625,-3.12890625,-0.8765221106601153,0.1294595171971801,-0.2377697073274941,0.3980529190954314
298686,156.75,20.6875,-60.8125,3.71875,-7.19921875,-3.12109375,-0.870052186651204,0.1390118106631672,-0.24716940824610126,0.4032410657063509
298733,157.0,20.25,-61.0,3.5390625,-7.26953125,-3.140625,-0.8656880397961364,0.1390423291726432,-0.2533951841792047,0.4087038789025544
298774,157.125,19.9375,-61.125,3.37109375,-7.30859375,-3.19140625,-0.8627277443769646,0.13397625659962767,-0.2585222937711722,0.413434247871334
298824,157.3125,19.625,-61.25,3.171875,-7.37109375,-3.30078125,-0.858821375164037,0.12024292733542893,-0.2661824396496475,0.42088076418347725
298885,157.5,19.125,-61.5,2.890625,-7.37109375,-3.51953125,-0.8510086367381817,0.10281685842463455,-0.27973265785699025,0.4324167607654042
298926,157.6875,18.8125,-61.6875,2.58984375,-7.3515625,-3.73046875,-0.8431043427838985,0.09573656422620319,-0.2948393200476089,0.4394054994354076
298976,157.8125,18.375,-61.9375,2.16015625,-7.26953125,-4.01171875,-0.8293404950102237,0.09320352793969543,-0.3205053865169225,0.44810327463606675
299026,157.9375,18.0,-62.0625,1.7890625,-7.21875,-4.26953125,-0.8114871669667654,0.09158604693746758,-0.35163426618243965,0.4576860866115299
299077,158.0625,17.5625,-62.375,1.08984375,-7.05078125,-4.80859375,-0.7916806543168432,0.09836115604113894,-0.38731040375988035,0.4621417889950255
299127,158.125,17.25,-62.625,0.5,-6.98046875,-5.171875,-0.771385845515305,0.1151768547624134,-0.42448194830164493,0.45988341929380167
299178,158.1875,16.8125,-62.9375,-0.37109375,-6.87109375,-5.578125,-0.7508774071474349,0.13708914456617938,-0.4617755668813135,0.4518265327921384
299230,158.1875,16.5625,-63.1875,-0.94140625,-6.828125,-5.73828125,-0.728659932248909,0.16647846919156467,-0.499954222235786,0.43748283333841975
299279,158.125,16.125,-63.5625,-1.69140625,-6.78125,-5.80078125,-0.7043061616870632,0.19824823755607776,-0.5362102114932706,0.42085024567400126
299330,158.125,15.875,-63.75,-2.109375,-6.76171875,-5.75,-0.6777855769524217,0.23071993163853877,-0.5691396832178717,0.4043092135380108
299380,158.0,15.5,-64.125,-2.5703125,-6.75,-5.55078125,-0.6535843989379558,0.25260170293282874,-0.5925473799859615,0.3973815118869594
299432,157.9375,15.25,-64.375,-2.7890625,-6.75,-5.359375,-0.6355784783471176,0.25708792382580037,-0.6039307840205085,0.4064455092013306
299472,157.875,15.0625,-64.5625,-2.94140625,-6.73046875,-5.16015625,-0.6238288521988586,0.25370036927396467,-0.6073488570818201,0.42143009735404524
299523,157.75,14.75,-64.875,-3.12109375,-6.69140625,-4.8515625,-0.6072573015533921,0.24863429670094914,-0.6106143375957518,0.4433729056672872
299578,157.6875,14.5,-65.0625,-3.19921875,-6.6484375,-4.640625,-0.5881527146214179,0.23917355876339,-0.6120487075411237,0.4714499343852046
299624,157.5,14.25,-65.3125,-3.328125,-6.53125,-4.3203125,-0.5710623493148594,0.22247993408001954,-0.6076845606860561,0.5050813318277535
299675,157.4375,14.0625,-65.5,-3.41015625,-6.4296875,-4.08984375,-0.5567186498611408,0.2009949034089175,-0.5986816003906369,0.5396588030640583
299726,157.1875,13.6875,-65.75,-4.4296875,-6.26953125,-3.80078125,-0.5448774681844538,0.17407757805108798,-0.5840021973326823,0.575975829340495
299777,157.0,13.375,-65.9375,-5.03125,-6.1484375,-3.62890625,-0.5365459150975066,0.1425214392529069,-0.5602282784508804,0.6147953733939634
299827,156.5625,13.0,-66.1875,-5.859375,-5.9609375,-3.3984375,-0.5306863612781152,0.10727256080813014,-0.5279702139347514,0.6542863246559038
299883,156.3125,12.75,-66.375,-6.328125,-5.8203125,-3.2890625,-0.5236976226081118,0.07129123813592944,-0.4936063722647786,0.6906338694418165
299929,155.8125,12.375,-66.625,-7.0703125,-5.55859375,-3.1796875,-0.5122837000640889,0.03827021088290048,-0.46061586352122563,0.7238074892422254
299980,155.5,12.125,-66.75,-7.4609375,-5.37109375,-3.12890625,-0.4990997039704581,0.005859553819391461,-0.4226203192236091,0.7564622943815424
300030,154.9375,11.75,-67.0,-8.05859375,-5.12109375,-3.0390625,-0.48527481917783133,-0.026123844111453597,-0.38019959105197304,0.7869197668385876
300071,154.5625,11.5625,-67.125,-8.359375,-4.98046875,-2.98046875,-0.4734336375011444,-0.044495986816003905,-0.3566698202459792,0.804162724692526
300126,154.1875,11.375,-67.3125,-8.6796875,-4.8203125,-2.921875,-0.45777764213995786,-0.0586565752128666,-0.3443098239082003,0.8175908688619647
300174,153.5625,11.0625,-67.5,-9.1015625,-4.55859375,-2.859375,-0.44370860927152317,-0.06686605426190985,-0.3469649342326121,0.8235724967192602
300223,153.125,10.875,-67.6875,-9.3984375,-4.37890625,-2.83984375,-0.43311868648335217,-0.07535019989623706,-0.35294656208990755,0.825922421948912
300279,152.5,10.625,-67.9375,-9.7890625,-4.05078125,-2.8515625,-0.42637409588915676,-0.09079256569109165,-0.33899960325937684,0.8337046418652913
300325,152.0,10.5,-68.0625,-10.0390625,-3.828125,-2.8984375,-0.4224982451857051,-0.10678426465651418,-0.3129367961668752,0.8438978240302744
300376,151.375,10.25,-68.3125,-10.30859375,-3.5703125,-2.9296875,-0.42146061586352124,-0.11325418866542558,-0.2979827265236366,0.8489944151127659
300427,150.875,10.125,-68.4375,-10.51171875,-3.4296875,-2.9296875,-0.4203009125034333,-0.11261329996642964,-0.2956022827845088,0.8504593035676138
300478,150.1875,9.9375,-68.6875,-10.73828125,-3.23828125,-2.8984375,-0.41788995025482956,-0.1118808557390057,-0.29700613422040467,0.8512527848139897
300528,149.6875,9.75,-68.8125,-10.921875,-3.1015625,-2.91015625,-0.4149296548356578,-0.11130100405896176,-0.2982268745994446,0.8523514511551256
300580,148.9375,9.625,-69.0625,-11.12109375,-2.890625,-2.8984375,-0.41102328562273016,-0.11178930021057772,-0.3002105777153844,0.8534806360057374
300621,148.4375,9.5,-69.1875,-11.2890625,-2.73046875,-2.91015625,-0.4072084719382305,-0.11218604083376568,-0.30274361400189215,0.8543656727805414
300671,147.9375,9.375,-69.375,-11.41015625,-2.5703125,-2.94140625,-0.40195928830835903,-0.11246070741904965,-0.3078707235938597,0.8549760429700614
300722,147.1875,9.25,-69.5625,-11.62890625,-2.328125,-2.96875,-0.39643543809320353,-0.11163670766319773,-0.31168553727835935,0.8562883388775292
300772,146.6875,9.1875,-69.75,-11.76171875,-2.19921875,-2.94140625,-0.39201025421918395,-0.1130710776085696,-0.31690420239875483,0.8562273018585772
300824,145.875,9.0625,-70.0,-11.94921875,-2.01171875,-2.9296875,-0.38871425519577624,-0.1152378917813654,-0.3217871639149144,0.8556169316690573
300873,145.375,9.0,-70.125,-12.05859375,-1.87109375,-2.9296875,-0.38718832972197637,-0.11807611316263314,-0.3233130893887143,0.8553422650837733
300924,144.5625,8.875,-70.375,-12.21875,-1.62890625,-2.98046875,-0.3869136631366924,-0.11923581652272103,-0.3288369396038697,0.8532059694204535
300985,143.8125,8.8125,-70.5625,-12.37109375,-1.33984375,-3.109375,-0.3876766258735923,-0.11563463240455336,-0.34257026886806846,0.847926267281106
301026,143.25,8.75,-70.75,-12.48828125,-1.140625,-3.19140625,-0.38734092226935635,-0.11325418866542558,-0.3497726371044038,0.8454542680135502
301076,142.75,8.6875,-70.9375,-12.55078125,-1.01171875,-3.21875,-0.38438062685018465,-0.1129795220801416,-0.3500473036896878,0.8467360454115421
322330,126.1875,-10.875,-89.8125,6.44921875,5.05859375,-4.359375,-0.9853816339609973,0.02349925229651784,-0.1563463240455336,-0.06323435163426619
322380,126.4375,-10.6875,-89.9375,6.83984375,4.87890625,-3.76953125,-0.9963377788628803,0.0304574724570452,-0.04727317117831965,-0.06463820307016205
322426,126.875,-10.375,-90.1875,7.171875,4.87109375,-2.05078125,-0.9961851863155003,0.026917325357829525,0.03732413708914457,-0.07419049653614918
322472,127.125,-10.125,-90.3125,7.12109375,4.921875,-0.671875,-0.988799707022309,0.023834955900753806,0.11178930021057772,-0.09601123081148717
322522,127.5625,-9.8125,-90.4375,7.078125,5.01171875,1.19140625,-0.9797967467268899,0.02597125156407361,0.1542710654011658,-0.12463759269997253
322573,127.8125,-9.5625,-90.5,7.12890625,5.140625,2.23046875,-0.9708853419598987,0.031159398174993132,0.18024231696523943,-0.15472884304330575
322623,128.125,-9.3125,-90.5,7.23828125,5.359375,3.05859375,-0.9626758629108554,0.03497421185949278,0.19873653370769373,-0.18033387249366742
322683,128.5625,-8.9375,-90.5,7.51171875,5.8203125,4.1796875,-0.9521774956511124,0.03445539719840083,0.23023163548692283,-0.1979125339518418
322723,128.875,-8.6875,-90.4375,7.66015625,6.12890625,4.8984375,-0.9436933500167852,0.028199102755821406,0.26248970000305183,-0.19934690389721366
322775,129.375,-8.3125,-90.25,7.66015625,6.5703125,6.1484375,-0.9298074282052065,0.014007995849482712,0.315591906491287,-0.18881801812799462
322824,129.6875,-8.0,-90.125,7.44921875,6.73828125,7.109375,-0.9143345439008759,-0.0015259254737998596,0.3680532242805261,-0.16885891293069247
322875,130.125,-7.625,-89.8125,6.98046875,6.87109375,8.640625,-0.9009063997314372,-0.012268440809350871,0.4086123233741264,-0.14590899380474256
322926,130.4375,-7.3125,-89.5625,6.66015625,6.9609375,9.53125,-0.8897671437726982,-0.017731254005554368,0.43876461073641165,-0.12451551866206854
322976,130.8125,-6.875,-89.1875,6.30078125,7.140625,10.76953125,-0.8793298135319071,-0.0173650318918424,0.46354564043092134,-0.10776085695974609
323027,131.125,-6.625,-88.875,6.1484375,7.23828125,11.53125,-0.8647114474929044,-0.015381328775902585,0.49198889126255074,-0.0999786370433668
323078,131.5,-6.1875,-88.375,5.76953125,7.421875,12.671875,-0.8410901211584826,-0.015564439832758568,0.5310525833918271,-0.10141300698873867
323129,131.75,-5.875,-88.0,5.28125,7.51953125,13.3984375,-0.8111209448530534,-0.01565599536118656,0.5747550889614551,-0.10733359782708213
323179,132.125,-5.4375,-87.4375,4.2109375,7.640625,14.4296875,-0.7800836207159643,-0.013794366283150731,0.6152531510361035,-0.11285744804223762
323229,132.3125,-5.125,-87.0,3.421875,7.73828125,15.03125,-0.7553636280404065,-0.007324442274239326,0.6454054383983886,-0.11325418866542558
323279,132.5625,-4.625,-86.375,2.41015625,7.921875,15.859375,-0.7384563737907041,0.0003357036042359691,0.6652424695577868,-0.11017181920834987
323321,132.6875,-4.3125,-85.9375,1.87109375,8.109375,16.26171875,-0.7264320810571612,0.004913480025635548,0.6790978728598895,-0.10550248725852229
323372,132.8125,-4.0,-85.4375,1.390625,8.2890625,16.69921875,-0.7075716422009949,0.008423108615375225,0.7002166814172796,-0.0945768608661153
323423,132.9375,-3.5,-84.6875,0.51171875,8.5390625,17.23046875,-0.6808069093905453,0.009369182409131139,0.728293710135197,-0.07766960661641285
323476,133.0,-3.1875,-84.1875,-0.359375,8.69140625,17.46875,-0.6517227698599201,0.01272621845149083,0.7561876277962585,-0.05694753868221076
323534,133.0,-2.6875,-83.375,-1.69140625,8.890625,17.6796875,-0.6220892971587267,0.022278511917477952,0.781853694265572,-0.0347911008026368
323575,133.0,-2.3125,-82.875,-2.44921875,9.01953125,17.80859375,-0.6075014496292002,0.03360087893307291,0.793298135319071,-0.022095400860621967
323625,132.875,-1.8125,-82.0625,-3.2890625,9.3203125,17.98046875,-0.5890682699056978,0.04950102237006745,0.8065126499221777,-0.007782219916379284
323677,132.8125,-1.4375,-81.5,-3.8984375,9.55859375,18.05078125,-0.5593432416760765,0.06329538865321818,0.826502273628956,0.0028992584002197333
323727,132.5625,-0.8125,-80.6875,-5.3984375,10.0,17.7109375,-0.543595690786462,0.07568590350047304,0.8358409375286111,0.011474959562974944
323779,132.4375,-0.4375,-80.125,-6.140625,10.25,17.51171875,-0.5624561296426283,0.08667256691183203,0.8220160527359843,0.02053895687734611
323827,132.125,0.25,-79.1875,-5.87890625,10.62109375,18.140625,-0.5789666432691427,0.09152500991851557,0.8096560563982055,0.0293282876064333
323878,131.9375,0.6875,-78.5,-5.46875,10.78125,18.73828125,-0.5840021973326823,0.09332560197759941,0.8054139835810419,0.03946043275246437
323929,131.625,1.375,-77.375,-5.44140625,11.12109375,19.44921875,-0.5798211615344706,0.0923795281838435,0.8079775383770257,0.04956205938901944
323979,131.4375,1.8125,-76.5625,-5.66015625,11.2890625,19.76953125,-0.5708182012390515,0.09213538010803553,0.8136539811395611,0.060426648762474444
324021,131.1875,2.3125,-75.75,-6.0703125,11.46875,19.98828125,-0.5633716849269081,0.09506515701773126,0.8179570909756767,0.06723227637562182
324071,130.8125,3.0,-74.5,-6.76953125,11.73828125,20.1796875,-0.5560167241431928,0.10086367381817073,0.8219855342265083,0.07089449751274148
324122,130.5,3.5,-73.625,-7.3203125,11.94140625,20.26171875,-0.5493026520584735,0.10800500503555406,0.82540360728782,0.07303079317606129
324174,130.0625,4.25,-72.375,-8.08984375,12.19140625,20.3515625,-0.5422223578600421,0.11508529923398542,0.8288216803491317,0.076082644123661
324224,129.6875,4.8125,-71.5,-8.5390625,12.37890625,20.44140625,-0.5344401379436629,0.11914426099429304,0.8330332346568193,0.07910397656178472
324276,129.125,5.5625,-70.1875,-9.140625,12.62109375,20.51953125,-0.5263222144230476,0.12042603839228493,0.8375194555497909,0.08410901211584826
324326,128.75,6.125,-69.3125,-9.6015625,12.7890625,20.53125,-0.5181737723929564,0.119541001617481,0.8420056764427626,0.09088412121951964
324377,128.125,6.875,-68.0,-10.23828125,13.0,20.48046875,-0.511185033722953,0.12048707541123692,0.8454237495040742,0.09714041566209906
324427,127.6875,7.4375,-67.125,-10.62890625,13.12890625,20.5,-0.5042878505813776,0.12378307443464462,0.8482924893948179,0.10391552476577044
324478,127.0,8.25,-65.8125,-11.109375,13.30859375,20.51953125,-0.49833674123355814,0.12897122104556413,0.8506118961149938,0.10702841273232215
324528,126.5,8.8125,-64.9375,-11.37890625,13.44140625,20.55859375,-0.4924771874141667,0.1358073671681875,0.8525650807214575,0.11020233771782587
324579,125.8125,9.625,-63.625,-11.71875,13.6015625,20.58984375,-0.4868923001800592,0.14325388348033083,0.8539384136478775,0.11481063264870144
324629,125.3125,10.25,-62.75,-12.01953125,13.78125,20.609375,-0.4817957090975677,0.1487166966765343,0.8557390057069613,0.11612292855616932
324680,124.5625,11.0625,-61.4375,-12.37109375,13.98046875,20.55078125,-0.4846339304788354,0.15054780724509415,0.8531754509109775,0.1206091494491409
324731,124.0625,11.625,-60.5625,-12.3203125,14.01171875,20.62890625,-0.5066072573015534,0.1435895870845668,0.8400219733268227,0.13080233161412397
324771,123.625,12.125,-59.6875,-11.80859375,13.859375,21.05859375,-0.5341654713583789,0.13513595995971556,0.8209784234138005,0.14960173345133823
324834,123.125,12.75,-58.375,-10.30078125,13.1796875,22.01171875,-0.5987121189001129,0.12143314920499283,0.771446882534257,0.17792291024506363
324872,122.875,13.0625,-57.4375,-8.76953125,12.4609375,22.71875,-0.6550492873928038,0.1152378917813654,0.7209692678609577,0.1944944608905301
324922,122.75,13.4375,-55.9375,-5.7109375,11.03125,23.44921875,-0.7334513382366405,0.1076082644123661,0.6390270699179053,0.20517593920712912
324983,122.75,13.6875,-54.5,-2.55078125,9.62109375,22.80859375,-0.8098086489455855,0.1120639667958617,0.5376140629291666,0.206396679586169
325024,122.875,13.75,-53.625,-1.28125,9.08984375,21.75,-0.838007751701407,0.10620441297647024,0.49961851863155005,0.19190038758507036
325074,123.0,13.8125,-52.75,-0.94140625,8.9609375,20.7109375,-0.8453932309945982,0.09967345194860683,0.4935758537553026,0.1782586138492996
325135,122.6875,14.5,-51.4375,-1.859375,9.26953125,19.87890625,-0.8441724906155583,0.09033478804895169,0.49610889004181036,0.18189031647694326
325176,122.25,15.125,-50.5,-2.76953125,9.46875,19.7109375,-0.8571123386333811,0.07879879146702475,0.47016815698721276,0.19513534958952605
325227,121.6875,15.9375,-49.1875,-2.51171875,8.9609375,19.01171875,-0.8870509964293344,0.06219672231208228,0.40470595416119876,0.21326334421826837
325277,121.4375,16.4375,-48.3125,-1.53125,8.2109375,17.859375,-0.9204687643055514,0.05163731803338725,0.31608020264290293,0.2239448225348674
325332,121.125,17.0625,-47.125,0.46875,6.859375,14.890625,-0.9471419415875728,0.054719687490462965,0.22251045258949553,0.22455519272438734
325379,121.0,17.4375,-46.4375,1.33984375,6.12109375,12.51953125,-0.9602649006622517,0.06790368358409375,0.1587878048036134,0.21924497207556384
325430,121.0,17.875,-45.625,2.328125,4.921875,9.80078125,-0.9621570482497634,0.07986693929868466,0.14719077120273447,0.21491134372997223
325471,121.0,18.0625,-45.125,2.890625,4.171875,8.71875,-0.9595629749443038,0.08185064241462447,0.16324350718710898,0.21427045503097628
325521,121.125,18.25,-44.625,3.5,3.48046875,8.3515625,-0.9586779381694998,0.07113864558854946,0.17044587542344433,0.2164677877132481
325583,121.3125,18.4375,-44.0,4.4609375,2.62890625,8.2109375,-0.9650257881405072,0.05664235358745079,0.12143314920499283,0.22528763695181128
325622,121.5625,18.5,-43.5625,5.26953125,1.91015625,7.51171875,-0.9696035645619068,0.04620502334665975,0.06540116580706198,0.23120822779015474
325673,122.0,18.5,-43.0,6.55859375,0.6796875,5.3203125,-0.9713431196020387,0.03451643421735282,-0.004760887478255562,0.23514511551255837
325727,122.3125,18.5,-42.6875,7.1796875,-0.0703125,3.2890625,-0.9704275643177587,0.02346873378704184,-0.041261024811548204,0.23664052247688222
325775,122.875,18.3125,-42.375,7.828125,-1.1015625,1.1015625,-0.9694814905240028,0.02563554795983764,-0.05203405865657521,0.23822748496963408
325825,123.25,18.1875,-42.1875,8.30078125,-1.76171875,0.4296875,-0.9688100833155309,0.028199102755821406,-0.057954649494918666,0.239234595782342
325877,123.9375,17.9375,-42.0,9.01953125,-2.66015625,-0.109375,-0.9686269722586749,0.025177770317697683,-0.0630817590868862,0.239051484725486
325927,124.375,17.75,-41.875,9.48046875,-3.16015625,-0.28125,-0.9688711203344829,0.017578661458174383,-0.07095553453169347,0.23654896694845423
325977,125.125,17.4375,-41.6875,10.140625,-3.76171875,-0.48046875,-0.967986083559679,0.011902218695638905,-0.0935087130344554,0.2326731162450026
326028,125.625,17.125,-41.625,10.4609375,-4.30078125,-0.78125,-0.9653920102542192,0.003906369212927641,-0.1250343333231605,0.22885830256050294
326079,126.375,16.75,-41.5,10.69140625,-4.8984375,-1.62890625,-0.9621265297402875,-0.0015259254737998596,-0.15201269569994202,0.2262337107455672
326130,126.9375,16.5,-41.4375,10.7890625,-5.26953125,-2.23046875,-0.9590441602832118,-0.006012146366771447,-0.17053743095187232,0.22608111819818721
326180,127.6875,16.0,-41.4375,10.921875,-5.80078125,-2.9296875,-0.956297494430372,-0.00640888698995941,-0.18311105685598317,0.22782067323831903
326226,128.25,15.6875,-41.4375,10.94921875,-6.078125,-3.2890625,-0.9539170506912442,-0.004791405987731559,-0.1924192022461623,0.23020111697744683
326291,129.0,15.1875,-41.5,10.96875,-6.4609375,-3.66015625,-0.9494918668172246,-0.004699850459303568,-0.20691549424726097,0.2358165227210303
326332,129.5,14.8125,-41.5,10.94140625,-6.6796875,-3.80859375,-0.9466841639454329,-0.00424207281716361,-0.21909237952818383,0.2360911893063143
326372,130.0,14.5,-41.5625,10.87109375,-6.859375,-3.98046875,-0.9439680166020692,-0.005401776177251503,-0.23325296792504654,0.23343607898190252
326422,130.75,14.0,-41.6875,10.62890625,-7.01171875,-4.3515625,-0.9400311288796656,-0.018951994384594256,-0.250038148136845,0.23129978331858272
326483,131.4375,13.5,-41.8125,10.328125,-6.91015625,-4.80078125,-0.9329508346812342,-0.061861018707846306,-0.2672811059907834,0.23313089388714256
326524,131.875,13.1875,-41.9375,10.05078125,-6.671875,-5.140625,-0.9260231330301828,-0.09298989837336344,-0.27768791772209844,0.2381054109317301
326574,132.25,12.9375,-42.0625,9.78125,-6.41015625,-5.48828125,-0.9143650624103519,-0.13412884914700765,-0.2912686544389172,0.24719992675557725
326626,132.875,12.5625,-42.3125,9.2890625,-5.91015625,-5.94921875,-0.9008758812219612,-0.17615283669545578,-0.3024384289071322,0.25681325724051635
326676,133.1875,12.3125,-42.4375,8.98828125,-5.5390625,-6.1796875,-0.8853724784081546,-0.21997741630298775,-0.3107394634846034,0.2668233283486435
326726,133.75,12.0,-42.75,8.5390625,-4.83984375,-6.48046875,-0.8680684835352641,-0.26697592089602346,-0.315713980529191,0.27475814081240274
326778,134.0625,11.875,-42.9375,8.28125,-4.37109375,-6.6015625,-0.8519241920224616,-0.3119296853541673,-0.3183385723441267,0.2749412518692587
326828,134.5,11.625,-43.25,7.96875,-3.55859375,-6.73828125,-0.8335825678273873,-0.3659474471266823,-0.3107089449751274,0.27323221533860287
326880,134.8125,11.5625,-43.5,7.83984375,-3.1484375,-6.66015625,-0.8092593157750175,-0.4316537980285043,-0.29068880275887327,0.27256080813013095
326934,135.25,11.4375,-43.875,7.76171875,-2.48046875,-6.421875,-0.781853694265572,-0.49485763115329445,-0.2654805139316996,0.2707907345805231
326971,135.5,11.375,-44.125,7.75,-2.12109375,-6.16015625,-0.7599108859523301,-0.5386211737418745,-0.2454603717154454,0.2686849574266793
327021,135.8125,11.3125,-44.3125,7.76953125,-1.78125,-5.8515625,-0.7468184453871273,-0.5667287209692679,-0.22962126529740287,0.26148258919034395
327072,136.1875,11.25,-44.625,7.80859375,-1.390625,-5.3515625,-0.7481917783135472,-0.5710013122959074,-0.2228461561937315,0.25397503585924863
327133,136.625,11.25,-44.9375,7.828125,-1.03125,-4.8515625,-0.7524338511307108,-0.5701467940305796,-0.21933652760399183,0.24625385296182134
327173,136.9375,11.3125,-45.125,7.828125,-0.83984375,-4.51953125,-0.7564928128910184,-0.5678273873104037,-0.217535935544908,0.24073000274666587
327224,137.1875,11.3125,-45.3125,7.8203125,-0.62109375,-4.19140625,-0.7654957731864376,-0.5593432416760765,-0.2162236396374401,0.23319193090609455
327275,137.625,11.375,-45.5625,7.76171875,-0.3203125,-3.76171875,-0.7783440656758324,-0.5459150975066378,-0.21445356608783228,0.2239448225348674
327326,137.875,11.375,-45.75,7.73828125,-0.171875,-3.44921875,-0.7944883571886349,-0.5284890285958433,-0.21073030793176062,0.21234778893398845
327376,138.3125,11.4375,-46.0,7.71875,0.0,-2.9609375,-0.8075807977538377,-0.5163426618243965,-0.20395519882808924,0.1990112002929777
327427,138.625,11.5,-46.125,7.7109375,0.12109375,-2.640625,-0.8177129428998687,-0.5099948118533891,-0.19507431257057406,0.18225653859065524
327478,139.0,11.625,-46.3125,7.671875,0.390625,-2.19140625,-0.8299203466902676,-0.50038148136845,-0.1869563890499588,0.1609241004669332
327528,139.3125,11.6875,-46.4375,7.671875,0.58984375,-1.890625,-0.8413342692342906,-0.49073763237403484,-0.18060853907895139,0.1368755149998474
327579,139.75,11.75,-46.5625,7.609375,0.98828125,-1.48828125,-0.847651600695822,-0.488784447767571,-0.17462691122165594,0.10992767113254188
327630,140.0,11.875,-46.625,7.578125,1.328125,-1.25,-0.8469496749778741,-0.4957121494186224,-0.17230750450148014,0.08508560441908017
327680,140.4375,12.0,-46.75,7.51171875,1.94921875,-0.91015625,-0.8447828608050783,-0.5021210364085819,-0.17404705954161198,0.06271553697317422
327731,140.6875,12.1875,-46.8125,7.4609375,2.421875,-0.71875,-0.8426160466322825,-0.5050813318277535,-0.18124942777794734,0.045258949552903834
327781,141.125,12.375,-46.9375,7.3515625,3.08984375,-0.46875,-0.8426160466322825,-0.5027924436170538,-0.1901913510544145,0.031556138798181095
327822,141.375,12.5625,-46.9375,7.3203125,3.5390625,-0.359375,-0.8445081942197943,-0.49754325998718224,-0.19718008972441786,0.018829920346690267
327873,141.6875,12.75,-47.0,7.26953125,3.94140625,-0.25,-0.8467360454115421,-0.4904324472792749,-0.20615253151036103,0.0019837031159398175
327925,142.0625,13.0,-47.0625,7.23046875,4.53125,-0.078125,-0.847560045167394,-0.4867397076326792,-0.21060823389385663,-0.019623401593066195
327989,142.5,13.3125,-47.125,7.21875,5.01953125,0.140625,-0.8456068605609302,-0.48570207831049533,-0.2161626026184881,-0.04803613391521958
328024,142.8125,13.5625,-47.1875,7.21875,5.390625,0.26953125,-0.8427991576891385,-0.4880520035401471,-0.21555223242896818,-0.07110812707907346
328086,143.25,13.9375,-47.25,7.1796875,5.9296875,0.48046875,-0.837031159398175,-0.49290444654683063,-0.2119205298013245,-0.10733359782708213
328126,143.5,14.1875,-47.25,7.1796875,6.33984375,0.62109375,-0.8327280495620594,-0.4957426679280984,-0.2084414197210608,-0.13174840540787988
328177,143.8125,14.5,-47.25,7.16015625,6.69140625,0.78125,-0.826899014252144,-0.49961851863155005,-0.20249031037324136,-0.16003906369212928
328228,144.25,14.9375,-47.3125,7.16015625,7.21875,1.08984375,-0.8199407940916166,-0.5038300729392376,-0.19711905270546587,-0.1871089815973388
328279,144.5625,15.1875,-47.3125,7.171875,7.51171875,1.33984375,-0.8104800561540574,-0.5101168858912931,-0.19541001617481002,-0.21146275215918456
328329,145.0,15.6875,-47.3125,7.1796875,8.0,1.73828125,-0.7986083559678945,-0.5183263649403363,-0.1980040894802698,-0.23313089388714256
328379,145.3125,16.0,-47.25,7.16015625,8.3203125,2.0,-0.7842951750236519,-0.5288857692190313,-0.20413830988494522,-0.2519302957243568
328430,145.75,16.5625,-47.25,7.0703125,8.8984375,2.37890625,-0.7686391796624653,-0.5396893215735343,-0.21213415936765648,-0.27002777184362314
328475,146.0625,16.9375,-47.1875,6.98046875,9.25,2.6484375,-0.7546311838129826,-0.5500350962858974,-0.22025208288827175,-0.28192999053926204
328521,146.375,17.3125,-47.125,6.87109375,9.62890625,2.91015625,-0.7375713370159002,-0.5620593890194403,-0.22879726554155094,-0.29618213446455277
328582,146.8125,17.9375,-47.0,6.71875,10.16015625,3.3203125,-0.7218848231452376,-0.5684072389904478,-0.2381054109317301,-0.314828943754387
328622,147.0625,18.375,-46.9375,6.62890625,10.48828125,3.609375,-0.7130954924161504,-0.5697500534073916,-0.2413098544267098,-0.3295999023407697
328673,147.5,19.0,-46.8125,6.48828125,10.94140625,4.01953125,-0.7044587542344432,-0.5683767204809718,-0.2443922238837855,-0.34781945249794
328723,147.8125,19.5,-46.6875,6.37109375,11.25,4.2890625,-0.695577867976928,-0.5667287209692679,-0.24359874263740958,-0.36832789086581014
328773,148.25,20.1875,-46.5,6.1796875,11.7109375,4.6796875,-0.6869106112857448,-0.5637989440595721,-0.23950926236762596,-0.391033661915952
328825,148.5,20.625,-46.375,6.01953125,12.03125,4.9296875,-0.6761986144596698,-0.5629444257942442,-0.2335581530198065,-0.41386150700399793
328875,148.875,21.375,-46.1875,5.78125,12.51953125,5.30078125,-0.6643269142735069,-0.5636768700216681,-0.2258674886318552,-0.4358043153172399
328930,149.125,21.9375,-46.0,5.62890625,12.828125,5.578125,-0.6564836573381756,-0.5594653157139805,-0.21445356608783228,-0.45826593829157386
328976,149.5,22.75,-45.75,5.3984375,13.2109375,6.01171875,-0.6625568407238991,-0.5389568773461104,-0.19382305368205816,-0.4826807458723716
329027,149.8125,23.25,-45.625,5.26171875,13.46875,6.26953125,-0.6787621692556536,-0.5049592577898495,-0.16745506149479658,-0.5062410351878415
329078,150.125,24.125,-45.3125,5.01953125,13.8984375,6.58984375,-0.6969817194128238,-0.4658040101321451,-0.1403546250801111,-0.5268105105746635
329128,150.375,24.6875,-45.125,4.8515625,14.1796875,6.75,-0.7101657155064547,-0.4323862422559282,-0.11716055787835322,-0.543107394634846
329178,150.75,25.5625,-44.75,4.62109375,14.58984375,6.9296875,-0.7194128238776818,-0.4041871395001068,-0.09634693441572313,-0.5565965758232367
329230,150.9375,26.1875,-44.5625,4.48046875,14.859375,7.01953125,-0.7262489700003052,-0.3791314432203131,-0.07522812585833308,-0.5684987945188757
329280,151.25,27.125,-44.25,4.2890625,15.26171875,7.1015625,-0.7326578569902646,-0.3553575243385113,-0.049745170445875425,-0.5783562730796228
329321,151.5,27.75,-44.0,4.171875,15.578125,7.12890625,-0.738547929319132,-0.3322550126651814,-0.02252265999328593,-0.5861995300149541
329371,151.6875,28.4375,-43.8125,4.05859375,15.83984375,7.16015625,-0.7436750389110995,-0.3052766502883999,0.01391644032105472,-0.5946226386303293
329422,152.0,29.4375,-43.4375,4.0,16.171875,7.359375,-0.7491988891262551,-0.2782372508926664,0.05444502090517899,-0.5985900448622089
329473,152.1875,30.0625,-43.25,3.98828125,16.30078125,7.578125,-0.7565233314004944,-0.25031281472212896,0.09808648945585498,-0.5961180455946532
329523,152.5,31.125,-42.875,3.98046875,16.578125,7.921875,-0.7640919217505417,-0.22409741508224737,0.1402325510422071,-0.5884578997161779
329575,152.6875,31.8125,-42.5625,3.94921875,16.69140625,8.23046875,-0.771019623401593,-0.20053712576677754,0.1748405407879879,-0.5785699026459548
329625,152.9375,32.875,-42.1875,3.87109375,16.91015625,8.6796875,-0.7778252510147404,-0.18301950132755515,0.19324320200201422,-0.5693533127842036
329675,153.125,33.5625,-41.875,3.7890625,17.03125,8.9296875,-0.7861568041016876,-0.16806543168431654,0.19965208899197362,-0.5601977599414044
329727,153.375,34.625,-41.4375,3.73046875,17.3203125,9.30078125,-0.7952818384350109,-0.1543015839106418,0.1989501632740257,-0.5514999847407452
329777,153.5625,35.3125,-41.125,3.76171875,17.6015625,9.23828125,-0.8029419843134862,-0.13385418256172368,0.19269386883144626,-0.5479598376415296
329828,153.8125,36.375,-40.6875,3.8203125,17.921875,9.0,-0.8058107242042298,-0.10867641224402601,0.1805475020599994,-0.5533921323282571
329878,153.9375,37.0,-40.4375,3.890625,18.16015625,8.578125,-0.8023621326334421,-0.08099612414929655,0.16107669301431318,-0.5689870906704917
329930,154.1875,37.9375,-40.0625,3.94140625,18.51953125,7.48046875,-0.7967772453993347,-0.05258339182714316,0.13534958952604756,-0.586565752128666
329980,154.3125,38.5,-39.875,3.890625,18.6484375,6.66015625,-0.7928098391674551,-0.026764732810449537,0.10147404400769067,-0.6003601184118168
330030,154.5,39.375,-39.625,3.76953125,18.6796875,5.2109375,-0.7925962096011231,-0.004730368968779565,0.05963316751609851,-0.6067995239112521
330080,154.625,39.875,-39.5,3.6484375,18.578125,4.109375,-0.7961668752098148,0.015198217719046602,0.013580736716818751,-0.6047547837763604
330120,154.75,40.375,-39.4375,3.5,18.37109375,2.9296875,-0.8011108737449263,0.03564561906796472,-0.020203253273110143,-0.5970946378978851
330171,154.875,41.0,-39.375,3.26171875,17.87109375,1.19140625,-0.8063295388653218,0.06494338816492203,-0.0554216132084109,-0.5852839747306742
330222,155.0,41.8125,-39.4375,3.37890625,17.8203125,0.0,-0.8087405011139256,0.09247108371227149,-0.08359019745475631,-0.5748161259804071
330273,155.25,43.0625,-39.5,3.6015625,17.6484375,-1.6015625,-0.8079165013580737,0.11096530045472579,-0.09924619281594287,-0.5702078310495315
330333,155.5625,44.3125,-39.6875,3.76953125,17.6015625,-2.671875,-0.804803613391522,0.11590929898983733,-0.10831019013031404,-0.5719473860896633
330374,155.75,45.125,-39.8125,3.8515625,17.609375,-3.078125,-0.8033387249366741,0.11218604083376568,-0.11017181920834987,-0.5743888668477432
330424,155.9375,46.0,-40.0,3.921875,17.640625,-3.30859375,-0.8023621326334421,0.1077303384502701,-0.1065095980712302,-0.5772881252479629
330475,156.1875,47.1875,-40.25,4.01171875,17.69140625,-3.3984375,-0.8018433179723502,0.10193182164983063,-0.10220648823511459,-0.5798211615344706
330527,156.375,48.0,-40.4375,4.01953125,17.78125,-3.33984375,-0.8035828730124821,0.09405804620502335,-0.09729300820947905,-0.5795770134586626
330577,156.625,49.1875,-40.6875,4.0703125,17.8515625,-3.19921875,-0.8067262794885098,0.08844264046143986,-0.08963286233100376,-0.5773796807763909
330628,156.8125,50.0625,-40.8125,4.078125,17.96875,-2.98046875,-0.8099002044740135,0.08182012390514848,-0.08093508713034456,-0.5751823480941191
330679,157.125,51.25,-41.0,4.078125,18.1015625,-2.609375,-0.8139591662343211,0.07370220038453322,-0.07422101504562517,-0.5714285714285714
330733,157.25,52.0625,-41.1875,4.078125,18.16015625,-2.33984375,-0.8183233130893887,0.06537064729758599,-0.06973479415265359,-0.5667592394787438
330780,157.5625,53.25,-41.375,4.05859375,18.1796875,-2.01171875,-0.8211004974517044,0.05737479781487472,-0.06564531388286995,-0.5640736106448561
330821,157.6875,54.0625,-41.5,4.01953125,18.19140625,-1.83984375,-0.8223822748496964,0.043122653889584035,-0.06851405377361369,-0.5631580553605762
330872,157.875,54.875,-41.5625,4.0,18.16015625,-1.671875,-0.8210699789422284,0.016449476607562488,-0.0792870876186407,-0.565080721457564
330938,158.125,56.0625,-41.75,3.94140625,18.171875,-1.2890625,-0.815240943632313,-0.022339548936429945,-0.09369182409131138,-0.5710623493148594
330973,158.25,56.8125,-41.8125,3.87890625,18.171875,-0.94921875,-0.8101443525498214,-0.04815820795312357,-0.10168767357402264,-0.575334940641499
331024,158.5,58.0,-41.9375,3.78125,18.19921875,-0.421875,-0.804162724692526,-0.07583849604785302,-0.10831019013031404,-0.5795159764397106
331075,158.6875,58.75,-42.0,3.7109375,18.23046875,-0.0703125,-0.8010803552354503,-0.0957060457167272,-0.11093478194524979,-0.5803399761955627
331126,158.875,59.9375,-42.0625,3.609375,18.23046875,0.37890625,-0.7987914670247505,-0.10696737571337016,-0.11017181920834987,-0.5816522721030305
331176,159.0,60.6875,-42.0625,3.53125,18.23046875,0.6796875,-0.7957701345866268,-0.11374248481704154,-0.10913418988616597,-0.5847346415601062
331227,159.1875,61.8125,-42.125,3.3515625,18.28125,1.0390625,-0.7944273201696829,-0.11566515091402936,-0.11056855983153782,-0.5858943449201941
331278,159.3125,62.5625,-42.125,3.23046875,18.28125,1.23046875,-0.7952818384350109,-0.11114841151158178,-0.11783196508682516,-0.5842158268990143
331329,159.5,63.75,-42.125,3.0,18.28125,1.2890625,-0.7948240607928708,-0.09686574907681508,-0.1294595171971801,-0.5848872341074862
331383,159.625,64.5,-42.125,2.80859375,18.26171875,1.2109375,-0.7900631733146153,-0.07675405133213294,-0.14966277047029022,-0.5894955290383618
331420,159.75,65.25,-42.125,2.55859375,18.23046875,0.98046875,-0.7830744346446119,-0.052766502883999145,-0.16898098696859645,-0.5962096011230812
331471,159.875,66.375,-42.125,2.0390625,18.12109375,0.1796875,-0.772423474837489,-0.010589922788171027,-0.19174779503769035,-0.6053956724753563
331522,159.9375,67.125,-42.1875,1.62890625,17.921875,-0.71875,-0.7602465895565661,0.04791405987731559,-0.20252082888271736,-0.6154057435834834
331583,160.0,68.1875,-42.375,1.171875,17.359375,-2.37890625,-0.7459028901028474,0.10998870815149388,-0.184636982329783,-0.63045136875515
331624,160.0,68.9375,-42.5,1.0,16.98046875,-3.26171875,-0.7411725211340678,0.12421033356730857,-0.16336558122501296,-0.6391491439558092
331674,160.0625,69.9375,-42.8125,0.890625,16.62890625,-4.01953125,-0.740256965849788,0.11490218817712942,-0.13037507248146002,-0.6494949186681722
331734,160.125,71.0,-43.125,0.80859375,16.53125,-4.109375,-0.7399212622455519,0.08301034577471236,-0.09405804620502335,-0.6609088412121952
331785,160.125,71.625,-43.3125,0.73828125,16.51953125,-3.859375,-0.7353740043336283,0.044709616382335886,-0.0815759758293405,-0.6712546159245583
331826,160.125,72.3125,-43.5,0.671875,16.5390625,-3.44921875,-0.7283852656636249,0.007415997802667318,-0.08346812341685232,-0.6800134281441694
331876,160.1875,73.3125,-43.75,0.578125,16.51953125,-2.73046875,-0.7191076387829218,-0.033417767876216926,-0.0848109378337962,-0.6888943144016846
331927,160.1875,74.0,-43.875,0.48046875,16.55859375,-2.26171875,-0.7124546037171544,-0.06280709250160223,-0.0804467909787286,-0.6942655720694602
331979,160.1875,75.0,-44.0625,0.328125,16.62109375,-1.609375,-0.7102572710348827,-0.0826136051515244,-0.07150486770226142,-0.695425275429548
332028,160.125,75.6875,-44.1875,0.21875,16.671875,-1.19140625,-0.7115390484328745,-0.09653004547257912,-0.062013611255226295,-0.6932279427472762
332079,160.125,76.6875,-44.3125,0.0703125,16.73046875,-0.6015625,-0.7150181585131382,-0.10931730094302194,-0.056367687002166815,-0.6881923886837367
332129,160.125,77.4375,-44.375,-0.01953125,16.80859375,-0.28125,-0.7198095645008697,-0.11777092806787316,-0.05185094759971923,-0.6821192052980133
332180,160.0625,78.4375,-44.4375,-0.12890625,16.87109375,0.19921875,-0.7246925260170294,-0.12134159367656484,-0.04797509689626759,-0.6766258735923337
332221,160.0625,79.125,-44.4375,-0.1796875,16.9609375,0.5,-0.7268898586993011,-0.1218298898281808,-0.0445265053254799,-0.674398022400586
332271,160.0,79.8125,-44.5,-0.23828125,17.01171875,0.71875,-0.7268593401898251,-0.11478011413922544,-0.03958250679036836,-0.6759849848933378
332322,160.0,80.875,-44.5,-0.3984375,17.140625,0.8203125,-0.7247840815454574,-0.09869685964537492,-0.03686635944700461,-0.6808679464094973
332373,159.9375,81.5625,-44.5,-0.55078125,17.2109375,0.76171875,-0.7213660084841457,-0.07922605059968871,-0.039063692129276406,-0.6868800927762688
332423,159.875,82.625,-44.5,-0.76953125,17.328125,0.51953125,-0.7159337137974181,-0.058107242042298654,-0.046143986327707755,-0.6942045350505082
332483,159.75,83.6875,-44.5,-0.9609375,17.3984375,0.12890625,-0.7037263100070192,-0.03830072939237648,-0.06939909054841761,-0.7060457167271951
332524,159.75,84.375,-44.5625,-1.1796875,17.48046875,-0.25,-0.6935331278420362,-0.0293282876064333,-0.09433271279030732,-0.7136143070772424
332574,159.625,85.0625,-44.625,-1.421875,17.48828125,-0.73828125,-0.6826990569780572,-0.01770073549607837,-0.1272011474959563,-0.7193212683492538
332635,159.5,86.125,-44.75,-1.8203125,17.46875,-1.421875,-0.673329874568926,-0.0023194067201757866,-0.16473891415143285,-0.7207556382946257
332675,159.4375,86.8125,-44.8125,-2.078125,17.37890625,-1.83984375,-0.6679280983916746,0.00836207159642323,-0.18878749961851862,-0.7198400830103457
332726,159.25,87.9375,-45.0,-2.51953125,17.2109375,-2.5390625,-0.6617023224585711,0.023133030182805873,-0.2163457136753441,-0.71752067629017
332776,159.125,88.5625,-45.125,-2.75,17.0390625,-2.96875,-0.6548356578264718,0.04159672841578417,-0.2357249671926023,-0.7168797875911741
332828,158.9375,89.625,-45.3125,-3.109375,16.8203125,-3.4609375,-0.6432691427350689,0.06213568529313029,-0.2507400738547929,-0.7207251197851497
332879,158.8125,90.3125,-45.5,-3.33984375,16.6015625,-3.80859375,-0.6290475173192541,0.08139286477248452,-0.26270332956938386,-0.7271034882656331
332930,158.5625,91.3125,-45.75,-3.71875,16.23828125,-4.28125,-0.6142460402233955,0.09717093417157506,-0.2737815485091708,-0.7336649678029725
332971,158.4375,91.9375,-45.9375,-3.94140625,15.96875,-4.58984375,-0.6019775994140446,0.10834070863979003,-0.2816248054445021,-0.739310892056032
333023,158.25,92.625,-46.1875,-4.21875,15.69140625,-4.859375,-0.5874813074129459,0.12085329752494889,-0.2891933957945494,-0.7460860011597034
333082,157.9375,93.5,-46.5,-4.55859375,15.23828125,-5.19921875,-0.5708182012390515,0.13516647846919155,-0.29505294961394085,-0.7542039246803186
333123,157.75,94.1875,-46.75,-4.7890625,14.94921875,-5.390625,-0.5599841303750724,0.14410840174565875,-0.29831843012787257,-0.7593920712912381
333173,157.4375,95.0625,-47.0625,-5.078125,14.51953125,-5.6015625,-0.5457930234687338,0.152226325266274,-0.30487990966521195,-0.7654957731864376
333224,157.1875,95.625,-47.3125,-5.2890625,14.26171875,-5.66015625,-0.5329142124698629,0.1619922482985931,-0.3087252418591876,-0.770989104892117
333275,156.875,96.5,-47.6875,-5.55078125,13.87109375,-5.69140625,-0.5215002899258401,0.1697134311960204,-0.31180761131626333,-0.7759025849177527
333325,156.625,97.0625,-47.9375,-5.75,13.62890625,-5.69140625,-0.5116122928556169,0.17859431745353557,-0.3108005005035554,-0.7808771019623402
333376,156.25,97.875,-48.25,-6.0,13.23828125,-5.69921875,-0.5030060731833857,0.18546098208563494,-0.30484939115573595,-0.7871944334238716
333426,155.9375,98.4375,-48.5,-6.171875,13.03125,-5.66015625,-0.49546800134281443,0.19067964720603045,-0.2974333933530686,-0.793542283394879
333477,155.5625,99.1875,-48.875,-6.37890625,12.78125,-5.51171875,-0.488906521805475,0.19174779503769035,-0.2900173955504013,-0.8000732444227424
333532,155.25,99.6875,-49.125,-6.5390625,12.66015625,-5.37109375,-0.48210089419232766,0.19147312845240638,-0.2795190282906583,-0.8079470198675497
333578,154.8125,100.5,-49.4375,-6.73828125,12.4609375,-5.1796875,-0.4748069704275643,0.18741416669209876,-0.2660603656117435,-0.8177129428998687
333630,154.5,101.0,-49.6875,-6.8984375,12.33984375,-5.03125,-0.4685506759849849,0.17749565111239968,-0.25595873897518845,-0.826715903195288
333680,154.0625,101.6875,-50.0,-7.109375,12.19921875,-4.73828125,-0.46327097384563737,0.16129032258064516,-0.24948881496627703,-0.8349559007538072
333731,153.75,102.1875,-50.1875,-7.26953125,12.12890625,-4.51953125,-0.45783867915890986,0.13965269936216315,-0.24600970488601337,-0.8428296761986145
333771,153.375,102.6875,-50.4375,-7.4296875,12.078125,-4.26953125,-0.45426801355021823,0.11923581652272103,-0.2443922238837855,-0.8483535264137699
333832,152.875,103.4375,-50.6875,-7.66015625,12.01171875,-3.8515625,-0.45014801477095856,0.0858790856654561,-0.23941770683919797,-0.8559526352732932
333882,152.375,104.125,-50.9375,-7.859375,11.98046875,-3.3515625,-0.44840845973082677,0.05526902066103091,-0.23410748619037447,-0.8608355967894528
333923,152.0,104.625,-51.0625,-8.01171875,12.01953125,-2.96875,-0.4468520157475509,0.02902310251167333,-0.22992645039216283,-0.8640705587939085
333974,151.6875,105.125,-51.1875,-8.12109375,12.05859375,-2.55859375,-0.44526505325479904,-0.0036927396465956603,-0.22251045258949553,-0.8673055207983642
334026,151.125,105.8125,-51.375,-8.28125,12.12890625,-1.921875,-0.4426404614398633,-0.03637806329538865,-0.21314127018036438,-0.87023529770806
334076,150.8125,106.3125,-51.5,-8.3515625,12.1796875,-1.46875,-0.43952757347331156,-0.0707113864558855,-0.20502334665974914,-0.8716696676534318
334127,150.25,107.0,-51.5625,-8.44921875,12.28125,-0.73828125,-0.43424787133396403,-0.10513626514481032,-0.19608142338328197,-0.8728904080324716
334177,149.875,107.5,-51.625,-8.48828125,12.33984375,-0.23828125,-0.42695394756920074,-0.1381878109073153,-0.18527787102877896,-0.8742332224494156
334228,149.3125,108.25,-51.6875,-8.578125,12.44921875,0.48046875,-0.4168523209326456,-0.17014069032868434,-0.1749931333353679,-0.8755760368663594
334279,148.9375,108.6875,-51.6875,-8.609375,12.5,0.9609375,-0.4049501022370067,-0.20068971831415755,-0.16376232184820094,-0.8768883327738273
334330,148.4375,109.4375,-51.625,-8.6484375,12.578125,1.7109375,-0.391216772972808,-0.22882778405102694,-0.15063936277352213,-0.8785668507950072
334381,148.0625,109.9375,-51.625,-8.6484375,12.609375,2.21875,-0.37662892544328136,-0.25507370220038456,-0.1368449964903714,-0.879970702230903
334421,147.6875,110.4375,-51.5,-8.66015625,12.6484375,2.73046875,-0.3642689291055025,-0.27439191869869073,-0.1261635181737724,-0.880977813043611
334472,147.125,111.1875,-51.375,-8.671875,12.6796875,3.51171875,-0.3488876003295999,-0.29642628254036074,-0.11471907712027345,-0.8816187017426069
334522,146.75,111.6875,-51.25,-8.6796875,12.7109375,3.96875,-0.33402508621478927,-0.31470686971648304,-0.10382396923734245,-0.8823816644795068
334574,146.25,112.4375,-51.0625,-8.69921875,12.73046875,4.671875,-0.3198644978179266,-0.32978301339762567,-0.09588915677358317,-0.8830225531785028
334623,145.875,112.9375,-50.875,-8.71875,12.73828125,5.1484375,-0.30619220557267984,-0.3402508621478927,-0.09408856471449935,-0.8840907010101626
334684,145.3125,113.6875,-50.625,-8.828125,12.73046875,5.73828125,-0.293130283516953,-0.34275337992492444,-0.0988189336832789,-0.8870509964293344
334724,144.9375,114.1875,-50.375,-8.94140625,12.73046875,6.0703125,-0.2868129520554216,-0.33976256599627674,-0.09854426709799494,-0.8902859584337901
334784,144.4375,114.875,-50.0625,-9.1796875,12.69921875,6.44921875,-0.2793664357432783,-0.32508316293832207,-0.09973448896755882,-0.8979766228217414
334834,143.875,115.625,-49.6875,-9.51953125,12.62890625,6.609375,-0.27692495498519853,-0.2979522080141606,-0.10483108005005036,-0.9074983977782525
334875,143.5,116.0,-49.4375,-9.7890625,12.55078125,6.55078125,-0.27564317758720663,-0.27112643818475907,-0.10913418988616597,-0.9157689138462477
334925,143.1875,116.4375,-49.1875,-10.08984375,12.44921875,6.359375,-0.27414777062288276,-0.23081148716696676,-0.11285744804223762,-0.9267250587481307
334976,142.625,117.0625,-48.875,-10.5,12.23828125,5.8203125,-0.27198095645008696,-0.1835688344981231,-0.11059907834101383,-0.9381389812921537
335029,142.3125,117.4375,-48.6875,-10.71875,12.05078125,5.30078125,-0.27008880886257514,-0.13647877437665945,-0.10092471083712272,-0.9477523117770928
335078,141.8125,117.9375,-48.4375,-10.828125,11.75,4.44921875,-0.27005829035309914,-0.1065095980712302,-0.08456678975798822,-0.9531846064638203
335129,141.5,118.25,-48.25,-10.78125,11.6015625,4.01171875,-0.271858882412183,-0.09369182409131138,-0.05890072328867458,-0.9559617908261361
335180,141.0625,118.625,-48.0625,-10.5703125,11.421875,3.609375,-0.27756584368419446,-0.09451582384716331,-0.02621539963988159,-0.9556871242408521
335221,140.625,119.125,-47.9375,-10.76171875,11.4296875,3.5,-0.2834864345225379,-0.10086367381817073,-0.00521866512039552,-0.9536423841059603
335281,139.9375,119.875,-47.75,-11.171875,11.5703125,3.48828125,-0.29276406140324107,-0.11590929898983733,0.016113773003326518,-0.9490035706656087
335321,139.4375,120.375,-47.5625,-11.44921875,11.69140625,3.5703125,-0.29651783806878873,-0.11914426099429304,0.031067842646565143,-0.9470503860591448
335372,138.9375,120.875,-47.4375,-11.671875,11.80078125,3.62109375,-0.29505294961394085,-0.11508529923398542,0.043336283455916016,-0.9475386822107609
335434,138.125,121.6875,-47.25,-12.0703125,11.96875,3.578125,-0.2841883602404859,-0.10657063509018219,0.04153569139683218,-0.9519333475753045
335475,137.5625,122.1875,-47.0625,-12.30078125,12.03125,3.55078125,-0.27350688192388684,-0.10065004425183874,0.029969176305429245,-0.9561143833735161
335530,136.75,123.0,-46.875,-12.6796875,12.12109375,3.421875,-0.2597125156407361,-0.09317300943021943,0.00933866389965514,-0.9611499374370556
335576,136.1875,123.5,-46.75,-12.9296875,12.12109375,3.23828125,-0.24695577867976928,-0.0837733085116123,-0.016876735740226446,-0.9652394177068392
335627,135.3125,124.3125,-46.5,-13.3515625,12.1015625,2.87109375,-0.23938718832972197,-0.06918546098208564,-0.031342509231849114,-0.967955565050203
335678,134.75,124.8125,-46.375,-13.55859375,12.05078125,2.58984375,-0.23523667104098636,-0.0489516891994995,-0.033875545518356885,-0.9701223792229987
335730,133.8125,125.5625,-46.25,-13.87109375,11.9609375,2.1484375,-0.23218482009338665,-0.024048585467085788,-0.038178655354472485,-0.9716177861873226
335780,133.25,126.0625,-46.125,-14.0390625,11.87109375,1.6015625,-0.22916348765526293,0.009399700918607135,-0.04519791253395184,-0.9722891933957946
335831,132.3125,126.8125,-46.0625,-14.26953125,11.69140625,0.62890625,-0.2270271919919431,0.04989776299325541,-0.04391613513595996,-0.9716177861873226
335876,131.75,127.3125,-46.0,-14.28125,11.55078125,-0.01953125,-0.22446363719595935,0.08294930875576037,-0.03988769188512833,-0.9701223792229987
335921,131.125,127.8125,-46.0,-14.26953125,11.390625,-0.640625,-0.22397534104434338,0.11703848384044924,-0.03402813806573687,-0.9669484542374951
335982,130.1875,128.5,-46.0625,-14.12109375,11.1796875,-1.44921875,-0.22406689657277137,0.141331217383343,-0.01336710715048677,-0.9641712698751793
336022,129.5625,129.0,-46.0625,-14.0390625,11.078125,-1.83984375,-0.22345652638325145,0.14517654957731865,0.007049775688955351,-0.9638050477614674
336074,128.6875,129.6875,-46.1875,-13.94140625,10.98828125,-2.19921875,-0.22247993408001954,0.1382488479262673,0.03399761955626087,-0.9644764549699393
336123,128.0625,130.125,-46.25,-13.9609375,10.94921875,-2.33984375,-0.22202215643787956,0.12442396313364056,0.05581835383159887,-0.9654530472731712
336173,127.1875,130.8125,-46.375,-13.96875,10.9296875,-2.390625,-0.2184514908291879,0.1077303384502701,0.06244087038789026,-0.967864009521775
336224,126.5625,131.25,-46.4375,-13.98828125,10.921875,-2.30859375,-0.2107913449507126,0.0890530106509598,0.049958800012207406,-0.9721671193578906
336274,125.6875,131.9375,-46.5,-14.0,10.8515625,-2.01953125,-0.20023194067201758,0.07055879390850552,0.029114658040101323,-0.9767754142887661
336325,125.0625,132.375,-46.5625,-14.05078125,10.80859375,-1.76953125,-0.18842127750480667,0.055909909360026856,0.008606219672231208,-0.9804681539353618
336375,124.1875,133.0,-46.625,-14.078125,10.69140625,-1.4609375,-0.17682424390392773,0.04437391277809992,-0.014069032868434707,-0.9831537827692496
336425,123.5625,133.4375,-46.6875,-14.12109375,10.6015625,-1.37109375,-0.1682790612506485,0.03683584093752861,-0.03796502578814051,-0.9843134861293374
336476,122.625,134.0625,-46.75,-14.171875,10.4296875,-1.23046875,-0.16449476607562485,0.032532731101413005,-0.05856501968443861,-0.9840998565630055
336527,122.0,134.5,-46.75,-14.19921875,10.328125,-1.12109375,-0.1663258766441847,0.03198339793084506,-0.07535019989623706,-0.9826654866176336
336578,121.125,135.125,-46.8125,-14.2109375,10.171875,-0.96875,-0.17087313455610828,0.03131199072237312,-0.09015167699209571,-0.9806512649922178
336628,120.5,135.5625,-46.8125,-14.25,10.05859375,-0.8984375,-0.17554246650593586,0.034180730613116855,-0.10461745048371837,-0.978301339762566
336678,119.625,136.125,-46.875,-14.26953125,9.859375,-0.83984375,-0.17926572466200752,0.040040284432508316,-0.11795403912472915,-0.9758903775139622
336729,119.0,136.5625,-46.875,-14.30859375,9.71875,-0.87109375,-0.18207342753379924,0.04770043031098361,-0.130436109500412,-0.9734183782464064
336779,118.125,137.125,-46.875,-14.3203125,9.48046875,-0.9296875,-0.18228705710013124,0.054383983886227,-0.14816736350596638,-0.9704886013367107
336830,117.5,137.5,-46.9375,-14.3515625,9.3203125,-0.96875,-0.17972350230414746,0.06033509323404645,-0.1676076540421766,-0.967467268898587
336881,116.625,138.0,-46.9375,-14.328125,9.0703125,-0.98046875,-0.17246009704886014,0.065279091769158,-0.1879024628437147,-0.9647206030457472
336921,116.0,138.375,-47.0,-14.33984375,8.91015625,-0.9609375,-0.1640064699240089,0.06994842371898556,-0.20068971831415755,-0.9632862331003754
336982,115.125,138.9375,-47.0,-14.2890625,8.58984375,-1.0,-0.14529862361522264,0.0771813104647969,-0.21582689901425214,-0.9624622333445234
337027,114.5,139.25,-47.0,-14.2890625,8.3515625,-1.05078125,-0.130558183538316,0.08273567918942838,-0.22098452711569566,-0.9629505294961395
337075,113.9375,139.5625,-47.0625,-14.26953125,8.1015625,-1.12109375,-0.10922574541459396,0.08935819574571978,-0.22244941557054354,-0.9646900845362713
337124,113.0,140.0625,-47.125,-14.21875,7.69921875,-1.26953125,-0.08676412244026002,0.09491256447035126,-0.2196111941892758,-0.9670705282753991
337175,112.4375,140.375,-47.125,-14.1796875,7.44140625,-1.37890625,-0.0630207220679342,0.09863582262642293,-0.21366008484145635,-0.9698782311471907
337226,111.5625,140.75,-47.1875,-14.1015625,7.03125,-1.53125,-0.04086428418836024,0.10016174810022278,-0.20804467909787286,-0.9721060823389386
337276,111.0,141.0625,-47.25,-14.03125,6.76953125,-1.62109375,-0.020844141972106083,0.09936826685384686,-0.20416882839442121,-0.9736625263222144
337328,110.125,141.4375,-47.3125,-13.94921875,6.37109375,-1.7109375,-0.0029297769096957305,0.097750785851619,-0.206396679586169,-0.9735709707937864
337378,109.5625,141.6875,-47.375,-13.890625,6.05859375,-1.78125,0.008026367992187262,0.09579760124515518,-0.2151860103152562,-0.9718314157536546
337429,108.6875,142.0,-47.5,-13.80078125,5.5703125,-1.94921875,0.012115848261970886,0.0934781945249794,-0.21991637928403576,-0.9709463789788507
337479,108.125,142.25,-47.5625,-13.75,5.30859375,-1.9609375,0.012848292489394819,0.0913113803521836,-0.22128971221045565,-0.9708243049409467
337529,107.5,142.4375,-47.625,-13.7109375,5.0703125,-1.94140625,0.013641773735770746,0.0913418988616596,-0.22193060090945158,-0.9706717123935666
337579,106.6875,142.75,-47.6875,-13.609375,4.7109375,-1.890625,0.014191106906338695,0.09228797265541551,-0.22006897183141574,-0.9710074159978027
337635,106.125,142.9375,-47.75,-13.55859375,4.4609375,-1.859375,0.013580736716818751,0.09326456495864742,-0.20453505050813317,-0.9743034150212103
337680,105.25,143.1875,-47.8125,-13.48828125,4.25,-1.58984375,0.013245033112582781,0.09118930631427961,-0.1795403912472915,-0.9794305246131779
337731,104.6875,143.3125,-47.875,-13.46875,4.16015625,-1.3203125,0.015289773247474594,0.08841212195196387,-0.1564073610644856,-0.9836115604113895
337772,104.125,143.5,-47.9375,-13.44140625,4.0703125,-1.078125,0.019043549913022248,0.08636738181707206,-0.14719077120273447,-0.9851374858851893
337822,103.25,143.6875,-47.9375,-13.390625,3.8984375,-0.83984375,0.027985473189489424,0.08499404889065218,-0.14426099429303874,-0.9854731894894253
337873,102.75,143.875,-48.0,-13.33984375,3.76953125,-0.73828125,0.040498062074648275,0.08563493758964812,-0.14474929044465468,-0.9849238563188574
337928,101.9375,144.0625,-48.0,-13.25,3.5390625,-0.6796875,0.054628131962034976,0.08822901089510789,-0.14642780846583453,-0.9837641529587695
337975,101.375,144.1875,-48.0,-13.1796875,3.37890625,-0.671875,0.06997894222846156,0.08987701040681173,-0.14511551255836666,-0.9828485976744896
338035,100.5625,144.375,-48.0625,-13.05859375,3.12109375,-0.71875,0.08752708517715994,0.09103671376689962,-0.1400189214758751,-0.9820551164281136
338077,100.0,144.4375,-48.0625,-12.9609375,2.94921875,-0.78125,0.097933896908475,0.09015167699209571,-0.13754692220831935,-0.9815057832575457
338126,99.25,144.625,-48.125,-12.7890625,2.6796875,-0.80078125,0.10831019013031404,0.08825952940458388,-0.13327433088167973,-0.9811700796533097
338177,98.6875,144.6875,-48.125,-12.6796875,2.5390625,-0.75,0.11764885402996918,0.08679464094973602,-0.13202307199316385,-0.9804071169164098
338227,97.9375,144.8125,-48.1875,-12.55859375,2.359375,-0.609375,0.12674336985381635,0.08606219672231208,-0.13397625659962767,-0.979064302499466
338278,97.4375,144.875,-48.1875,-12.46875,2.23828125,-0.51953125,0.13644825586718345,0.08563493758964812,-0.1369670705282754,-0.9773857844782861
338329,96.625,145.0,-48.1875,-12.3515625,2.0390625,-0.421875,0.14590899380474256,0.08600115970336009,-0.1403851435895871,-0.9754936368907743
338381,96.125,145.0625,-48.25,-12.26171875,1.921875,-0.328125,0.15478988006225777,0.08722190008239998,-0.1466719565416425,-0.9730826746421705
338422,95.625,145.125,-48.25,-12.1796875,1.8203125,-0.19921875,0.16171758171330913,0.08832056642353588,-0.1511276589251381,-0.9711905270546587
338482,94.9375,145.25,-48.25,-12.05859375,1.6796875,0.0,0.17300943021942808,0.0890530106509598,-0.1543931394390698,-0.9686574907681509
338523,94.4375,145.25,-48.25,-11.98046875,1.5703125,0.08984375,0.18070009460737937,0.08758812219611194,-0.15469832453382976,-0.967345194860683
338573,93.6875,145.3125,-48.1875,-11.8515625,1.41015625,0.23046875,0.19086275826288643,0.0794396801660207,-0.15192114017151404,-0.966521195104831
338623,93.1875,145.375,-48.1875,-11.76171875,1.30859375,0.33984375,0.2011474959562975,0.06564531388286995,-0.14499343852046265,-0.966551713614307
338674,92.5,145.4375,-48.1875,-11.640625,1.171875,0.51171875,0.21121860408337656,0.0456251716666158,-0.14044618060853908,-0.9662160100100711
338725,92.0,145.4375,-48.125,-11.5703125,1.078125,0.66015625,0.2207708975493637,0.022156437879573963,-0.13718070009460737,-0.9653614917447432
338775,91.375,145.5,-48.0625,-11.46875,0.96875,0.94140625,0.23010956144901884,-0.0024719992675557726,-0.13449507126071963,-0.9638050477614674
338826,90.875,145.5,-48.0625,-11.41015625,0.8984375,1.1484375,0.239143040253914,-0.027314065981017488,-0.13003936887722403,-0.9618518631550035
338876,90.1875,145.5625,-48.0,-11.3203125,0.80078125,1.4609375,0.2475356303598132,-0.05053865169225135,-0.12662129581591236,-0.9592577898495438
338927,89.75,145.5625,-47.9375,-11.2890625,0.73046875,1.671875,0.2543107394634846,-0.07016205328531755,-0.12646870326853238,-0.95623645741142
338977,89.0625,145.5625,-47.8125,-11.23046875,0.640625,1.96875,0.2588579973754082,-0.08670308542130803,-0.12787255470442824,-0.9534897915585803
339028,88.625,145.5625,-47.75,-11.19140625,0.55078125,2.171875,0.26154362620929594,-0.10034485915707878,-0.12793359172338023,-0.9514145329142125
339083,87.9375,145.625,-47.5625,-11.109375,0.44921875,2.46875,0.26343577379680777,-0.10989715262306589,-0.12335581530198066,-0.9504379406109805
339129,87.5,145.625,-47.5,-11.1015625,0.41015625,2.69140625,0.2662434766685995,-0.11917477950376903,-0.11896114993743706,-0.9490646076845607
339180,86.875,145.625,-47.3125,-11.05859375,0.3515625,3.01171875,0.2703329569383831,-0.1272316660054323,-0.1151768547624134,-0.9473555711539049
339230,86.4375,145.625,-47.1875,-11.05859375,0.2890625,3.19140625,0.2757957701345866,-0.1313211462752159,-0.10895107882930997,-0.945951719718009
339281,85.75,145.625,-47.0,-11.0390625,0.19140625,3.421875,0.28192999053926204,-0.13431196020386366,-0.10403759880367443,-0.9442732016968292
339330,85.3125,145.625,-46.875,-11.0390625,0.140625,3.5703125,0.2893154698324534,-0.13425092318491164,-0.09814752647480697,-0.9426862392040772
339372,84.875,145.625,-46.75,-11.0390625,0.0703125,3.671875,0.29587694936979275,-0.13174840540787988,-0.09149449140903958,-0.9416486098818934
339423,84.25,145.5625,-46.5,-11.078125,-0.05078125,3.73046875,0.3029572435682241,-0.12961210974456008,-0.07535019989623706,-0.9411297952208014
339473,83.8125,145.5625,-46.375,-11.1015625,-0.140625,3.71875,0.30915250099185154,-0.1261635181737724,-0.060060426648762474,-0.9407025360881375
339524,83.125,145.5625,-46.1875,-11.140625,-0.26953125,3.66015625,0.3144322031311991,-0.12002929776909696,-0.05288857692190314,-0.9401837214270455
339575,82.6875,145.5,-46.0,-11.140625,-0.33984375,3.62109375,0.31794183172093876,-0.11175878170110172,-0.05291909543137913,-0.9400006103701896
339625,82.0,145.5,-45.8125,-11.1484375,-0.44140625,3.55859375,0.32001709036530657,-0.10147404400769067,-0.060060426648762474,-0.9400311288796656
339676,81.625,145.5,-45.6875,-11.1484375,-0.51171875,3.51171875,0.32142094180120245,-0.08899197363200781,-0.07443464461195715,-0.9398174993133336
339726,80.9375,145.4375,-45.4375,-11.140625,-0.640625,3.41015625,0.3212378307443464,-0.0771202734458449,-0.0902737510299997,-0.9395428327280496
339776,80.5,145.375,-45.3125,-11.12109375,-0.73046875,3.328125,0.3226416821802423,-0.06616412854396192,-0.11374248481704154,-0.9373149815363018
339827,79.8125,145.375,-45.125,-11.0703125,-0.8515625,3.30078125,0.3252662739951781,-0.05880916776024659,-0.14160588396862697,-0.9331034272286142
339877,79.4375,145.3125,-45.0,-11.01953125,-0.91015625,3.33984375,0.32868434705648975,-0.05630664998321482,-0.16351817377239294,-0.9284646137882626
339932,78.8125,145.25,-44.8125,-10.91015625,-1.01171875,3.421875,0.33344523453474534,-0.05694753868221076,-0.1770989104892117,-0.924253059480575
339978,78.4375,145.1875,-44.6875,-10.828125,-1.05859375,3.48828125,0.33985412152470473,-0.05722220526749473,-0.18741416669209876,-0.9198278756065553
340029,77.875,145.125,-44.5,-10.69140625,-1.16015625,3.6015625,0.3464156010620441,-0.05676442762535478,-0.1934568315683462,-0.9161656544694358
340081,77.5625,145.125,-44.3125,-10.578125,-1.2109375,3.6796875,0.35236671040986356,-0.05572679830317087,-0.19214453566087833,-0.9142124698629719
340131,77.0625,145.0625,-44.125,-10.3984375,-1.28125,3.80078125,0.35782952360606707,-0.05294961394085513,-0.1882076479384747,-0.91308328501236
340171,76.75,145.0,-44.0,-10.28125,-1.3203125,3.859375,0.36155278176213873,-0.05084383678701132,-0.1826532792138432,-0.912869655446028
340232,76.375,144.9375,-43.75,-10.1015625,-1.3984375,3.859375,0.3671681875057222,-0.04843287453840754,-0.16794335764641255,-0.913571581163976
340273,76.125,144.875,-43.625,-9.98046875,-1.46875,3.80078125,0.3717459639271218,-0.04550309762871181,-0.15945921201208532,-0.913418988616596
340334,75.5,144.8125,-43.4375,-10.0,-1.671875,3.6796875,0.3794061098055971,-0.04062013611255226,-0.14926602984710227,-0.9121982482375561
340375,75.0625,144.75,-43.25,-10.03125,-1.7890625,3.6484375,0.3846247749259926,-0.03891109958189642,-0.1434675130466628,-0.9110385448774682
340435,74.375,144.625,-43.0625,-10.078125,-1.94140625,3.6484375,0.39301736503189183,-0.038239692373424485,-0.13235877559739984,-0.9091463972899564
340476,73.9375,144.5625,-42.9375,-10.08984375,-2.05859375,3.62109375,0.39933469649342324,-0.035462508011108736,-0.12860499893185218,-0.9070406201361125
340527,73.5,144.4375,-42.8125,-10.109375,-2.1796875,3.5703125,0.4079409161656545,-0.030701620532853177,-0.1282692953276162,-0.9034394360179449
340579,72.875,144.3125,-42.5625,-10.1015625,-2.3515625,3.5,0.4160893581957457,-0.027344584490493484,-0.12738425855281227,-0.8999298074282052
340628,72.375,144.25,-42.4375,-10.08984375,-2.4609375,3.44140625,0.42338328196050906,-0.025940733054597615,-0.12463759269997253,-0.8969695120090335
340679,71.75,144.0625,-42.25,-10.05078125,-2.58984375,3.390625,0.42899868770409255,-0.027222510452589496,-0.11874752037110507,-0.8950468459120456
340730,71.3125,143.9375,-42.125,-10.01953125,-2.69140625,3.390625,0.4329355754264962,-0.02966399121066927,-0.1108432264168218,-0.8941007721182898
340780,70.625,143.8125,-41.9375,-9.96875,-2.7890625,3.4296875,0.43531601916562396,-0.03292947172460097,-0.10364085818048646,-0.8936735129856258
340821,70.25,143.6875,-41.75,-9.94921875,-2.859375,3.4609375,0.4359263893551439,-0.03405865657521287,-0.09939878536332286,-0.8938261055330058
340871,69.8125,143.5625,-41.625,-9.91015625,-2.921875,3.48828125,0.434858241523484,-0.03393658253730888,-0.09521774956511124,-0.8948026978362377
340932,69.125,143.375,-41.4375,-9.87109375,-3.01953125,3.5,0.43189794610431226,-0.03180028687398907,-0.09054841761528366,-0.8967864009521775
340992,68.5,143.1875,-41.25,-9.80859375,-3.12890625,3.421875,0.4275337992492447,-0.029969176305429245,-0.0848719748527482,-0.8995025482955412
341032,68.125,143.0625,-41.125,-9.76953125,-3.19140625,3.37890625,0.42420728171636096,-0.030518509475997192,-0.0781884212775048,-0.9016693624683371
341084,67.5,142.875,-40.9375,-9.7109375,-3.26171875,3.328125,0.4197515793328654,-0.03378398998992889,-0.06573686941129796,-0.9046296578875088
341126,67.0625,142.75,-40.8125,-9.69921875,-3.30859375,3.28125,0.41666920987578965,-0.03732413708914457,-0.05349894711142308,-0.9067354350413526
341174,66.6875,142.625,-40.6875,-9.671875,-3.328125,3.23828125,0.41373943296609395,-0.04205450605792413,-0.036591692861720634,-0.9086886196478164
341224,66.25,142.5,-40.5625,-9.671875,-3.359375,3.19140625,0.41254921109653003,-0.04535050508133183,-0.020355845820490128,-0.9095736564226203
341274,65.625,142.25,-40.375,-9.6484375,-3.359375,3.12890625,0.41245765556810204,-0.04910428174687948,-0.003906369212927641,-0.9096346934415723
341325,65.25,142.125,-40.25,-9.6484375,-3.37109375,3.078125,0.41331217383343,-0.053437910092471085,0.013550218207342753,-0.9089327677236244
341375,64.625,141.9375,-40.0625,-9.6484375,-3.359375,3.0,0.4142582476271859,-0.059968871120334485,0.03378398998992889,-0.9075594347972045
341425,64.25,141.8125,-39.9375,-9.66015625,-3.37109375,2.94140625,0.4156315805536058,-0.06726279488509782,0.05447553941465499,-0.9053926206244087
341480,63.625,141.5625,-39.8125,-9.671875,-3.359375,2.828125,0.4175847651600696,-0.07358012634662923,0.07022309030426954,-0.9029206213568529
341526,63.25,141.4375,-39.6875,-9.7109375,-3.33984375,2.76953125,0.41935483870967744,-0.0793481246375927,0.08108767967772454,-0.9006927701651052
341577,62.625,141.25,-39.5625,-9.71875,-3.2890625,2.69921875,0.4195074312570574,-0.08523819696646016,0.08703878902554399,-0.8995330668050172
341627,62.25,141.125,-39.4375,-9.75,-3.25,2.69921875,0.41721854304635764,-0.09137241737113559,0.08911404766991181,-0.8998077333903012
341678,61.625,140.9375,-39.25,-9.78125,-3.19140625,2.69921875,0.4122135074922941,-0.09649952696310313,0.08865627002777185,-0.9016083254493851
341729,61.25,140.8125,-39.1875,-9.8515625,-3.140625,2.7109375,0.40479750968962674,-0.10126041444135868,0.08841212195196387,-0.9044770653401288
341779,60.625,140.625,-39.0,-9.91015625,-3.05859375,2.69921875,0.3953672902615436,-0.10596026490066225,0.08859523300881984,-0.9080782494582964
341831,60.25,140.5,-38.9375,-9.9609375,-3.01953125,2.69921875,0.3848689230018006,-0.11038544877468184,0.08896145512253181,-0.9120151371807
341880,59.625,140.3125,-38.75,-10.01171875,-2.9609375,2.69140625,0.37321085238196966,-0.11429181798760948,0.09012115848261971,-0.9162572099978638
341934,59.1875,140.25,-38.6875,-10.078125,-2.921875,2.66015625,0.36225470748008665,-0.11484115115817743,0.08725241859187598,-0.9208655049287393
341971,58.8125,140.125,-38.5625,-10.12890625,-2.87890625,2.62890625,0.35587633899960325,-0.11148411511581774,0.07516708883938109,-0.924802392651143
342022,58.1875,139.9375,-38.4375,-10.21875,-2.8203125,2.58984375,0.35019989623706776,-0.10501419110690634,0.04934842982268746,-0.9294717246009705
342078,57.75,139.8125,-38.375,-10.26171875,-2.7890625,2.5703125,0.3464156010620441,-0.09811700796533097,0.01608325449385052,-0.9327982421338542
342125,57.125,139.6875,-38.25,-10.30078125,-2.76171875,2.55859375,0.3442793053987243,-0.09140293588061159,-0.021759697256385997,-0.934141056550798
342174,56.75,139.5625,-38.125,-10.30078125,-2.73046875,2.62890625,0.3428754539628285,-0.08880886257515183,-0.0532242805261391,-0.9336527603991821
342224,56.125,139.4375,-38.0,-10.30859375,-2.69921875,2.828125,0.3433332316049684,-0.08807641834772789,-0.0805078279976806,-0.9316080202642902
342275,55.6875,139.3125,-37.875,-10.30078125,-2.671875,3.01171875,0.3462935270241401,-0.08673360393078403,-0.10791344950712607,-0.9278542435987427
342326,55.0625,139.1875,-37.6875,-10.30078125,-2.6484375,3.28125,0.35068819238868376,-0.08548234504226813,-0.13235877559739984,-0.923123874629963
342378,54.6875,139.0625,-37.5625,-10.28125,-2.640625,3.4609375,0.3565782647175512,-0.08517715994750816,-0.15024262215033418,-0.9181493575853755
342428,54.0,138.9375,-37.375,-10.26953125,-2.6484375,3.6796875,0.3639637440107425,-0.08536027100436415,-0.1641285439619129,-0.912869655446028
342479,53.625,138.8125,-37.25,-10.25,-2.66015625,3.83984375,0.37238685262611776,-0.08288827173680838,-0.17859431745353557,-0.9069490646076845
342530,53.0,138.6875,-37.0625,-10.2109375,-2.7109375,4.0390625,0.38087099826044496,-0.07794427320169683,-0.1944639423810541,-0.9005706961272012
342580,52.625,138.5625,-36.9375,-10.1796875,-2.73828125,4.16015625,0.39063692129276406,-0.07193212683492538,-0.2098452711569567,-0.8933988464003418
342621,52.1875,138.5,-36.75,-10.16015625,-2.80078125,4.2890625,0.39954832605975527,-0.06726279488509782,-0.22119815668202766,-0.8870815149388104
342686,51.5625,138.3125,-36.5,-10.1015625,-2.921875,4.44921875,0.41358684041871396,-0.05850398266548662,-0.2413403729361858,-0.8759422589800714
342732,50.9375,138.125,-36.25,-10.0390625,-3.0703125,4.640625,0.42448194830164493,-0.05008087405011139,-0.26120792260506,-0.8655049287392804
342773,50.5625,138.0,-36.125,-9.98828125,-3.1796875,4.76171875,0.4337290566728721,-0.04263435773796808,-0.2778405102694784,-0.8560747093111972
342834,49.9375,137.8125,-35.8125,-9.91015625,-3.359375,4.94921875,0.44850001525925476,-0.028992584002197334,-0.3038117618335521,-0.8400524918362987
342874,49.5625,137.75,-35.625,-9.828125,-3.48046875,5.08984375,0.45930356761375773,-0.016937772759178443,-0.32102420117801445,-0.8280587176122318
342924,49.1875,137.5625,-35.4375,-9.75,-3.62109375,5.23828125,0.4736167485580004,0.0005188146610919523,-0.34055604724265265,-0.8122196111941893
342975,48.5625,137.375,-35.1875,-9.55859375,-3.87890625,5.37890625,0.488998077333903,0.018890957365642263,-0.3546250801110874,-0.7967162083803827
343026,48.1875,137.25,-34.9375,-9.3984375,-4.08984375,5.44140625,0.5044404431287576,0.03781243324076052,-0.36274300363170264,-0.782647175511948
343076,47.625,137.0,-34.625,-9.109375,-4.421875,5.48828125,0.5200354014709921,0.057252723776970736,-0.3671987060151982,-0.7690664387951293
343129,47.25,136.8125,-34.4375,-8.87109375,-4.671875,5.5,0.5357219153416547,0.07632679219946897,-0.3664967802972503,-0.7568590350047304
343178,46.75,136.5625,-34.125,-8.48046875,-5.01171875,5.48046875,0.5538193914609211,0.09375286111026337,-0.3565477462080752,-0.7465742973113193
343228,46.375,136.3125,-33.9375,-8.16015625,-5.26171875,5.421875,0.5745414593951231,0.11233863338114566,-0.3393658253730888,-0.7362895596179082
343279,45.9375,136.0,-33.625,-7.58984375,-5.640625,5.23828125,0.5957518234809412,0.13196203497421186,-0.3178197576830348,-0.7257301553392133
343329,45.625,135.8125,-33.4375,-7.1484375,-5.890625,5.0390625,0.6164433729056673,0.15198217719046603,-0.2926419873653371,-0.7150181585131382
343380,45.1875,135.4375,-33.125,-6.44921875,-6.16015625,4.640625,0.6364940336313974,0.17014069032868434,-0.2641987365337077,-0.7043671987060152
343430,44.9375,135.1875,-33.0,-5.94140625,-6.30078125,4.30859375,0.6555681020538957,0.18176824243903927,-0.23117770928067874,-0.695516830957976
343481,44.5625,134.8125,-32.75,-5.2109375,-6.37890625,3.71875,0.6700949125644704,0.18103579821161533,-0.19779045991393782,-0.6921597949156163
343521,44.375,134.5625,-32.625,-4.73828125,-6.3984375,3.30859375,0.6784569841608936,0.16696676534318064,-0.17368083742790003,-0.6940214239936522
343571,44.1875,134.3125,-32.5,-4.44140625,-6.3984375,3.0390625,0.6825464644306772,0.13812677388836328,-0.15298928800317393,-0.7011932737205115
343622,43.9375,133.9375,-32.375,-4.05078125,-6.41015625,2.7890625,0.6816614276558733,0.1054109317300943,-0.14282662434766685,-0.7097994933927427
343672,43.75,133.6875,-32.25,-3.8984375,-6.4296875,2.80078125,0.6784875026703696,0.07464827417828913,-0.13965269936216315,-0.717337565233314
343723,43.5625,133.4375,-32.1875,-3.75,-6.46875,2.890625,0.6768700216681417,0.04730368968779565,-0.1359294412060915,-0.7218848231452376
343773,43.375,133.0625,-32.0,-3.5703125,-6.48828125,3.03125,0.6791894283883175,0.025696584978789638,-0.130588702047792,-0.7217932676168096
343834,43.1875,132.6875,-31.875,-3.37890625,-6.55859375,3.12109375,0.6868190557573168,0.0068971831415753655,-0.12234870448927275,-0.716422009949034
343875,43.0625,132.4375,-31.75,-3.25,-6.578125,3.19140625,0.6934720908230843,-0.0019226660969878231,-0.11639759514145329,-0.7110202337717826
343925,42.875,132.0,-31.5625,-3.03125,-6.671875,3.28125,0.7024445326090274,-0.009216589861751152,-0.10962248603778192,-0.7031769768364513
343975,42.75,131.75,-31.4375,-2.87890625,-6.71875,3.26953125,0.7114474929044465,-0.011352885525070956,-0.10342722861415449,-0.6949980162968841
344026,42.625,131.5,-31.375,-2.73828125,-6.78125,3.25,0.7194738608966338,-0.01239051484725486,-0.0966826380199591,-0.6876430555131687
344076,42.5,131.0625,-31.1875,-2.55078125,-6.83984375,3.25,0.7257911923581652,-0.01638843958861049,-0.08551286355174413,-0.6823633533738213
344128,42.4375,130.8125,-31.0625,-2.46875,-6.8515625,3.25,0.7301553392132328,-0.024170659504989776,-0.07013153477584155,-0.6792504654072695
344178,42.3125,130.4375,-30.9375,-2.37890625,-6.828125,3.26171875,0.7341837824640645,-0.02368236335337382,-0.05777153843806269,-0.6760460219122898
344228,42.1875,130.125,-30.8125,-2.30078125,-6.83984375,3.140625,0.73848689230018,-0.010254219183935057,-0.045930356761375773,-0.6726279488509781
344279,42.0625,129.75,-30.625,-2.16015625,-6.8203125,2.8203125,0.7418744468520158,0.010376293221839045,-0.034272286141544844,-0.6696066164128543
344329,42.0,129.4375,-30.5625,-2.0703125,-6.8203125,2.5390625,0.7440107425153355,0.03527939695425276,-0.022583697012237922,-0.6668599505600147
344380,41.875,129.0625,-30.4375,-1.9296875,-6.76171875,1.94921875,0.7458723715933714,0.05453657643360698,-0.003814813684499649,-0.6638386181218909
344431,41.8125,128.8125,-30.375,-1.83984375,-6.69921875,1.55859375,0.7474288155766472,0.06534012878810999,0.02270577105014191,-0.6607562486648152
344481,41.75,128.4375,-30.3125,-1.73828125,-6.5390625,0.96875,0.7488937040314951,0.0727866451002533,0.05090487380596332,-0.6566972869045076
344522,41.6875,128.125,-30.3125,-1.69140625,-6.4296875,0.578125,0.750114444410535,0.07632679219946897,0.07535019989623706,-0.652546769615772
344573,41.625,127.875,-30.3125,-1.671875,-6.2890625,0.171875,0.7516403698843348,0.07989745780816065,0.10364085818048646,-0.6464735862300485
344624,41.5,127.5625,-30.3125,-1.6796875,-6.03125,-0.33984375,0.7535325174718467,0.07666249580370495,0.13196203497421186,-0.6394543290505692
344674,41.5,127.3125,-30.375,-1.71875,-5.8515625,-0.640625,0.7553941465498825,0.07452620014038515,0.15506454664754174,-0.6322824793237098
344725,41.375,127.0,-30.4375,-1.78125,-5.5390625,-1.109375,0.7563402203436385,0.07339701528977324,0.17368083742790003,-0.6264229255043183
344776,41.3125,126.75,-30.5,-1.828125,-5.33984375,-1.3515625,0.7553941465498825,0.06906338694418164,0.19061861018707846,-0.6231269264809107
344827,41.1875,126.4375,-30.625,-1.9296875,-5.03125,-1.62109375,0.7519455549790948,0.06476027710806605,0.2054506057924131,-0.6230353709524826
344878,41.125,126.25,-30.6875,-2.01171875,-4.828125,-1.73828125,0.7465132602923673,0.05984679708243049,0.217566454054384,-0.6259346293527024
344929,41.0,126.0,-30.8125,-2.12890625,-4.55859375,-1.91015625,0.7396465956602679,0.05172887356181524,0.22852259895626698,-0.630878627887814
344980,40.9375,125.8125,-30.875,-2.2109375,-4.41015625,-1.96875,0.7318338572344126,0.04379406109805597,0.2369762260811182,-0.6374401074251533
345030,40.8125,125.5625,-31.0,-2.30859375,-4.19140625,-2.03125,0.7241126743369853,0.04879909665211951,0.23102511673329876,-0.6479995117038484
345080,40.75,125.4375,-31.125,-2.359375,-4.05859375,-2.0703125,0.7153843806268502,0.0642109439374981,0.2109134189886166,-0.663045136875515
345121,40.625,125.3125,-31.1875,-2.37109375,-3.94140625,-2.0703125,0.7079073458052308,0.07879879146702475,0.18988616595965452,-0.6757408368175298
345174,40.5625,125.125,-31.3125,-2.359375,-3.80859375,-1.96875,0.6984771263771478,0.09622486037781915,0.16238898892178105,-0.6902981658375805
345222,40.5,125.0,-31.4375,-2.328125,-3.76171875,-1.859375,0.6895962401196326,0.11325418866542558,0.13495284890285958,-0.7024445326090274
345273,40.375,124.875,-31.5625,-2.25,-3.6796875,-1.69921875,0.6813562425611133,0.12869655446028017,0.10971404156620991,-0.7121494186223944
345326,40.3125,124.75,-31.625,-2.19921875,-3.640625,-1.55859375,0.6750083925901059,0.13977477340006714,0.08993804742576372,-0.7188329721976379
345374,40.25,124.625,-31.75,-2.109375,-3.609375,-1.30859375,0.6704916531876584,0.15079195532090212,0.07119968260750145,-0.7229224524674215
345425,40.1875,124.5,-31.8125,-2.140625,-3.51953125,-1.1484375,0.6679891354106265,0.16217535935544908,0.05398724326303903,-0.7242652668843653
345475,40.0,124.3125,-31.875,-2.19921875,-3.37109375,-0.94921875,0.6681112094485305,0.17334513382366407,0.0380260628070925,-0.7225867488631855
345527,39.9375,124.1875,-31.9375,-2.23828125,-3.26953125,-0.80078125,0.6708578753013703,0.1835688344981231,0.025727103488265634,-0.718039490951262
345577,39.75,124.0,-32.0,-2.28125,-3.1484375,-0.6015625,0.6763817255165258,0.18851283303323466,0.020203253273110143,-0.7117221594897305
345627,39.625,123.875,-32.0625,-2.25,-3.08984375,-0.51171875,0.6837672048097171,0.18958098086489455,0.0173650318918424,-0.7044282357249672
345678,39.5,123.6875,-32.125,-2.171875,-3.0,-0.390625,0.6920072023682363,0.18524735251930297,0.014130069887386701,-0.6975920896023439
345734,39.4375,123.5625,-32.125,-2.08984375,-2.9609375,-0.3203125,0.7007965330973235,0.17746513260292368,0.007995849482711264,-0.6908780175176245
345779,39.25,123.375,-32.1875,-1.9609375,-2.94140625,-0.19921875,0.7093722342600788,0.16574602496414076,-0.0016479995117038484,-0.6850795007171849
345820,39.1875,123.25,-32.1875,-1.87109375,-2.921875,-0.1015625,0.7152317880794702,0.15485091708120977,-0.011108737449262978,-0.6814477980895413
345871,39.125,123.125,-32.25,-1.7890625,-2.9296875,0.01953125,0.7211218604083377,0.14181951353495895,-0.026795251319925537,-0.6776024658955656
345921,39.0,122.9375,-32.25,-1.69921875,-2.91015625,0.21875,0.7258827478865932,0.130588702047792,-0.045472579119235815,-0.673787652211066
345982,38.9375,122.75,-32.25,-1.640625,-2.91015625,0.4609375,0.7311014130069887,0.11548203985717338,-0.06677449873348186,-0.6690878017517624
346032,38.8125,122.625,-32.25,-1.58984375,-2.94921875,0.640625,0.7348857081820124,0.10220648823511459,-0.0848719748527482,-0.6650288399914548
346074,38.75,122.5,-32.1875,-1.55078125,-3.0,0.83984375,0.7374492629779962,0.09063997314371167,-0.09704886013367107,-0.6622211371196631
346133,38.6875,122.375,-32.1875,-1.48046875,-3.1015625,1.171875,0.7406842249824519,0.07202368236335338,-0.11261329996642964,-0.6584368419446395
346176,38.625,122.25,-32.125,-1.44140625,-3.16015625,1.421875,0.7424848170415357,0.05880916776024659,-0.12204351939451277,-0.6560258796960357
346225,38.5,122.0625,-32.0625,-1.390625,-3.26171875,1.83984375,0.7443769646290476,0.04077272865993225,-0.13333536790063175,-0.6530350657673879
346276,38.4375,121.9375,-32.0,-1.37890625,-3.3203125,2.1484375,0.7459944456312754,0.02151554918057802,-0.14517654957731865,-0.6495864741966002
346326,38.3125,121.75,-31.875,-1.359375,-3.41015625,2.640625,0.7472151860103152,0.0007019257179479354,-0.1578417310098575,-0.6455580309457686
346376,38.25,121.625,-31.75,-1.359375,-3.44921875,3.0,0.7483443708609272,-0.02075258644367809,-0.17087313455610828,-0.6406140324106571
346427,38.1875,121.4375,-31.5625,-1.390625,-3.51171875,3.55078125,0.7492904446546831,-0.04202398754844813,-0.18436231574449904,-0.6346934415723136
346477,38.125,121.3125,-31.4375,-1.390625,-3.53125,3.94921875,0.749931333353679,-0.06295968504898221,-0.19861445966978972,-0.6278572954496903
346528,38.0,121.125,-31.25,-1.390625,-3.5703125,4.55859375,0.750053407391583,-0.08166753135776848,-0.21277504806665243,-0.6208685567796869
346579,37.9375,121.0,-31.0625,-1.3984375,-3.578125,4.98046875,0.749717703787347,-0.09866634113589892,-0.22461622974333934,-0.6146122623371074
346629,37.8125,120.8125,-30.75,-1.421875,-3.55859375,5.58984375,0.7484969634083072,-0.11688589129306924,-0.23120822779015474,-0.6104312265388958
346680,37.75,120.75,-30.5625,-1.44140625,-3.55859375,5.96875,0.7462996307260353,-0.13403729361857966,-0.2336497085482345,-0.608691671498764
346721,37.625,120.625,-30.375,-1.4609375,-3.55859375,6.30859375,0.7439802240058595,-0.14654988250373852,-0.2337107455671865,-0.608600115970336
346772,37.5,120.4375,-30.0,-1.46875,-3.5703125,6.76171875,0.7405011139255959,-0.16110721152378918,-0.22983489486373485,-0.6106448561052278
346823,37.4375,120.3125,-29.75,-1.44140625,-3.640625,6.98046875,0.7366252632221443,-0.17426068910794396,-0.2196111941892758,-0.6154667806024354
346874,37.3125,120.1875,-29.375,-1.4609375,-3.73046875,7.30078125,0.7317728202154606,-0.18860438856166264,-0.20587786492507706,-0.6217230750450148
346925,37.25,120.0625,-29.125,-1.4609375,-3.80078125,7.5,0.7271340067751091,-0.20239875484481337,-0.1880550553910947,-0.6284371471297342
346976,37.125,119.875,-28.6875,-1.46875,-3.921875,7.76953125,0.7246009704886013,-0.21173741874446853,-0.16348765526291695,-0.6351207007049776
347027,37.0625,119.75,-28.4375,-1.4609375,-4.12890625,7.8515625,0.7221900082399976,-0.21829889828180793,-0.13122959074678792,-0.6430860316782129
347077,36.9375,119.5,-28.0,-1.51171875,-4.51953125,7.69921875,0.7189245277260659,-0.2217780083620716,-0.09421063875240333,-0.651997436445204
347128,36.875,119.375,-27.75,-1.5390625,-4.87109375,7.46875,0.7155674916837061,-0.22009949034089174,-0.05581835383159887,-0.6606036561174352
347184,36.75,119.0625,-27.375,-1.69140625,-5.390625,6.8984375,0.7101657155064547,-0.21759697256385999,-0.017548142948698386,-0.6693319498275704
347229,36.6875,118.875,-27.125,-1.828125,-5.7890625,6.41015625,0.7030243842890713,-0.21390423291726432,0.016052735984374525,-0.6780297250282297
347280,36.5625,118.5625,-26.75,-2.109375,-6.26171875,5.640625,0.6964934232612079,-0.206305124057741,0.04416028321176794,-0.685842463454085
347321,36.4375,118.25,-26.5625,-2.33984375,-6.62109375,5.12890625,0.6902981658375805,-0.20081179235206154,0.06854457228308969,-0.6917020172734764
347372,36.375,118.0,-26.375,-2.55859375,-6.91015625,4.578125,0.6818140202032533,-0.19464705343791008,0.09903256324961089,-0.6981719412823878
347422,36.1875,117.625,-26.1875,-2.98828125,-7.390625,3.578125,0.6710104678487503,-0.19061861018707846,0.12469862971892452,-0.7055879390850551
347473,36.0625,117.3125,-26.0625,-3.23046875,-7.62890625,2.98046875,0.6576128421887875,-0.18546098208563494,0.1424298837244789,-0.7161473433637501
347523,35.875,116.8125,-25.9375,-3.671875,-7.96875,2.23046875,0.640980254524369,-0.18778038880581072,0.16144291512802514,-0.7265236365855892
347584,35.6875,116.375,-25.8125,-4.05859375,-8.19921875,1.6796875,0.6231269264809107,-0.19855342265083772,0.1814935758537553,-0.7343974120303964
347624,35.5,116.0,-25.75,-4.30859375,-8.390625,1.4609375,0.6153141880550554,-0.20731223487044892,0.18857387005218665,-0.7367778557695243
347675,35.375,115.6875,-25.6875,-4.48828125,-8.51953125,1.37890625,0.6107669301431318,-0.2206488235114597,0.19284646137882624,-0.7355876338999603
347726,35.125,115.125,-25.625,-4.6796875,-8.73046875,1.5,0.6114993743705558,-0.23529770805993835,0.19299905392620625,-0.7303689687795648
347777,34.9375,114.75,-25.5625,-4.69921875,-8.8515625,1.69921875,0.6146732993560594,-0.25312051759392074,0.1868343150120548,-0.7233191930906094
347827,34.6875,114.1875,-25.5,-4.7109375,-9.0,2.12890625,0.619647816400647,-0.26999725333414715,0.17203283791619617,-0.716635639515366
347878,34.5,113.8125,-25.4375,-4.6484375,-9.05859375,2.48828125,0.630390331736198,-0.27460554826502276,0.13547166356395154,-0.7133396404919584
347929,34.25,113.25,-25.25,-4.4609375,-9.109375,3.25,0.6454969939268166,-0.2673726615192114,0.07473982970671712,-0.7115085299233985
347979,34.0625,112.875,-25.1875,-4.26953125,-9.0390625,3.94140625,0.6563615833002716,-0.2548905911435286,0.006042664876247444,-0.7100436414685507
348035,33.8125,112.3125,-24.9375,-4.0703125,-8.87109375,5.0703125,0.6609088412121952,-0.2348704489272744,-0.05914487136448256,-0.7103183080538347
348071,33.6875,111.9375,-24.8125,-4.0,-8.76953125,5.76171875,0.6600543229468673,-0.21347697378460037,-0.10855433820612201,-0.7120273445844905
348133,33.4375,111.375,-24.5,-3.9609375,-8.75,6.5703125,0.6504715109714042,-0.18671224097415082,-0.17331461531418804,-0.7155369731742302
348173,33.3125,111.0625,-24.3125,-3.9609375,-8.73046875,7.08984375,0.6380199591051973,-0.18091372417371135,-0.20279549546800135,-0.7204809717093417
348225,33.125,110.6875,-24.0625,-3.94140625,-8.69140625,7.640625,0.6206854457228309,-0.18237861262855923,-0.2239143040253914,-0.728934598834193
348275,32.9375,110.125,-23.625,-3.8984375,-8.6484375,8.41015625,0.60856959746086,-0.1881466109195227,-0.2314218573564867,-0.7353129673146763
348336,32.75,109.5,-23.125,-3.859375,-8.73046875,8.98828125,0.6046021912289804,-0.19541001617481002,-0.22925504318369092,-0.7373882259590442
348376,32.5625,109.125,-22.8125,-3.8203125,-8.8515625,9.26171875,0.60917996765038,-0.1968138676107059,-0.22367015594958342,-0.7349467452009644
348426,32.4375,108.75,-22.4375,-3.8203125,-8.94921875,9.421875,0.6205328531754509,-0.19418927579577014,-0.20960112308114873,-0.7302774132511368
348476,32.25,108.125,-21.9375,-3.83984375,-9.21875,9.3203125,0.6349681081575976,-0.18958098086489455,-0.18848231452375866,-0.7248146000549334
348528,32.125,107.75,-21.5625,-3.83984375,-9.421875,9.1796875,0.6496780297250282,-0.18292794579912716,-0.1585741752372814,-0.7206335642567216
348579,31.875,107.125,-21.0625,-3.80859375,-9.73828125,8.69140625,0.6608478041932432,-0.16782128360850856,-0.12527848139896847,-0.7207251197851497
348630,31.75,106.75,-20.75,-3.8203125,-9.98828125,8.16015625,0.6658833582567827,-0.14413892025513475,-0.09186071352275155,-0.7262184514908292
348680,31.5625,106.125,-20.3125,-3.83984375,-10.30859375,7.05859375,0.6645710623493148,-0.11215552232428969,-0.05731376079592273,-0.7365337076937163
348731,31.375,105.6875,-20.0,-3.890625,-10.5390625,6.12109375,0.6578264717551194,-0.07751701406903287,-0.01947080904568621,-0.7489242225409711
348772,31.25,105.25,-19.8125,-3.9609375,-10.6796875,5.01953125,0.6507156590472122,-0.05340739158299509,0.014801477095858639,-0.7572862941373943
348823,31.0,104.5625,-19.5625,-4.109375,-10.73046875,3.21875,0.6432081057161169,-0.02597125156407361,0.054322946867275006,-0.7633289590136417
348873,30.875,104.125,-19.4375,-4.23828125,-10.62890625,2.0390625,0.6420789208655049,-0.00967436750389111,0.08841212195196387,-0.761467329935606
348924,30.625,103.5,-19.3125,-4.44140625,-10.390625,0.6796875,0.6476332895901364,0.008239997558519242,0.10580767235328227,-0.7545396282845546
348975,30.4375,103.125,-19.3125,-4.5390625,-10.19921875,-0.109375,0.6567888424329356,0.028321176793725394,0.11529892880031739,-0.7446516312143315
349026,30.125,102.5,-19.375,-4.640625,-9.9296875,-1.16015625,0.662892544328135,0.04632709738456374,0.1227454451124607,-0.7371135593737602
349076,29.9375,102.125,-19.375,-4.6796875,-9.71875,-1.73828125,0.6649678029725028,0.058015686513870665,0.13074129459517198,-0.7330545976134526
349127,29.625,101.5,-19.5,-4.6484375,-9.55078125,-2.4296875,0.663045136875515,0.06137272255623035,0.1337321085238197,-0.7339701528977325
349177,29.4375,101.125,-19.625,-4.62890625,-9.48046875,-2.6484375,0.6595355082857753,0.06466872157963804,0.11996826075014497,-0.739219336527604
349230,29.125,100.5625,-19.75,-4.62109375,-9.44140625,-2.6796875,0.6557206946012757,0.06973479415265359,0.09796441541795099,-0.7453535569322794
349279,28.9375,100.1875,-19.875,-4.58984375,-9.44140625,-2.5390625,0.6532181768242439,0.0748924222540971,0.07846308786278879,-0.7493514816736351
349329,28.625,99.625,-20.0,-4.5703125,-9.4296875,-2.26171875,0.652302621539964,0.08117923520615253,0.06366161076693014,-0.7509079256569109
349379,28.4375,99.25,-20.0625,-4.5390625,-9.421875,-2.01953125,0.6527298806726279,0.09012115848261971,0.04828028199102756,-0.7506637775811029
349431,28.125,98.625,-20.1875,-4.51171875,-9.3984375,-1.75,0.6538895840327158,0.1042207098605304,0.0293282876064333,-0.7488021485030671
349471,27.9375,98.25,-20.25,-4.4609375,-9.37109375,-1.609375,0.6547441022980438,0.1162450025940733,0.014496292001098667,-0.7467268898586993
349522,27.75,97.875,-20.3125,-4.421875,-9.3203125,-1.51171875,0.6553239539780877,0.13202307199316385,-0.00598162785729545,-0.7437055574205755
349573,27.4375,97.375,-20.4375,-4.30859375,-9.21875,-1.421875,0.652424695577868,0.1543626209295938,-0.04718161564989166,-0.7404705954161199
349633,27.1875,96.8125,-20.5,-4.23828125,-9.109375,-1.16015625,0.6403393658253731,0.18488113040559098,-0.12680440687276834,-0.7346415601062044
349674,27.0,96.4375,-20.5625,-4.26953125,-9.05859375,-0.80859375,0.630359813226722,0.19418927579577014,-0.17682424390392773,-0.7305215613269448
349735,26.6875,95.875,-20.625,-4.44921875,-8.98046875,-0.0703125,0.619098483230079,0.18341624195074313,-0.22223578600421157,-0.7305520798364208
349775,26.5,95.5625,-20.625,-4.609375,-8.91015625,0.5,0.6125370036927397,0.16702780236213263,-0.24161503952146976,-0.7338175603503525
349826,26.25,95.1875,-20.625,-4.75,-8.828125,1.05859375,0.6037476729636525,0.14636677144688254,-0.261177404095584,-0.738822595904416
349877,25.9375,94.6875,-20.5625,-4.98828125,-8.671875,1.9609375,0.5953856013672292,0.12561418500320445,-0.27408673360393077,-0.7447126682332835
349928,25.75,94.3125,-20.5,-5.23046875,-8.5,2.5390625,0.5905941953794976,0.10742515335551012,-0.2799768059327982,-0.7491683706167791
349979,25.4375,93.8125,-20.4375,-5.3203125,-8.3515625,3.171875,0.5905636768700216,0.09268471327860348,-0.28229621265297405,-0.750328073976867
350030,25.1875,93.5,-20.3125,-5.3984375,-8.23828125,3.578125,0.5943174535355693,0.07690664387951293,-0.2806787316507462,-0.749717703787347
350081,24.8125,93.0,-20.1875,-5.421875,-8.12109375,4.1015625,0.6001464888454848,0.06219672231208228,-0.2770165105136265,-0.7478255561998352
350121,24.625,92.75,-20.0625,-5.37890625,-8.05859375,4.359375,0.6063112277596362,0.05053865169225135,-0.27124851222266305,-0.7458418530838954
350173,24.3125,92.3125,-19.8125,-5.2890625,-7.98046875,4.69921875,0.6161076693014313,0.039735099337748346,-0.2653279213843196,-0.7405621509445479
350240,24.0625,91.9375,-19.5625,-5.1796875,-7.890625,5.0390625,0.630054628131962,0.031037324137089144,-0.2529068880275887,-0.7335428937650685
350274,23.9375,91.8125,-19.5,-5.12109375,-7.87890625,5.1015625,0.640888698995941,0.028199102755821406,-0.23783074434644613,-0.7293008209479049
350334,23.75,91.4375,-19.1875,-4.8515625,-7.890625,5.05078125,0.6576433606982635,0.03271584215826899,-0.21127964110232855,-0.7223426007873776
350375,23.5,91.125,-18.9375,-4.51171875,-7.9296875,4.75,0.6687520981475265,0.041779839472640155,-0.19299905392620625,-0.716788232062746
350426,23.375,90.875,-18.8125,-4.21875,-7.96875,4.390625,0.6798303170873135,0.056978057191686755,-0.16919461653492843,-0.7113254188665425
350477,23.25,90.5625,-18.625,-3.80078125,-8.0,3.73046875,0.6863917966246529,0.07330545976134525,-0.1467329935605945,-0.7085177159947508
350528,23.0625,90.1875,-18.4375,-3.578125,-8.1484375,3.421875,0.6906949064607685,0.09170812097537157,-0.12802514725180822,-0.7057710501419111
350578,22.8125,89.6875,-18.3125,-3.30078125,-8.26953125,2.828125,0.6967680898464919,0.10226752525406659,-0.1032746360667745,-0.7024140140995514
350628,22.6875,89.3125,-18.1875,-3.05859375,-8.37890625,2.3984375,0.706228827784051,0.11157567064424574,-0.08001953184606464,-0.6945402386547441
350679,22.5,88.9375,-18.125,-2.83984375,-8.4296875,1.94921875,0.7185277871028779,0.11789300210577715,-0.055909909360026856,-0.6831568346201972
350733,22.3125,88.375,-18.0,-2.5,-8.44140625,1.26171875,0.7317117831965086,0.12298959318826869,-0.03384502700888089,-0.6695760979033784
350771,22.1875,88.0,-18.0,-2.2890625,-8.421875,0.8515625,0.7412640766624958,0.130191961424604,-0.020905178991058076,-0.6581621753593554
350832,22.0625,87.5,-17.9375,-1.96875,-8.390625,0.30078125,0.7541428876613666,0.13766899624622334,-0.0019837031159398175,-0.6421094393749809
350884,21.9375,86.9375,-17.9375,-1.62890625,-8.28125,-0.37109375,0.7622302926725059,0.13834040345469528,0.012115848261970886,-0.6322214423047579
350922,21.875,86.75,-18.0,-1.51171875,-8.23046875,-0.58984375,0.7662282174138615,0.13882869960631122,0.01696829126865444,-0.6271858882412183
350974,21.75,86.25,-18.0,-1.26171875,-8.12109375,-0.94921875,0.7686696981719413,0.1380352183599353,0.01828058717612232,-0.6242866298409986
351024,21.6875,85.875,-18.0625,-1.12109375,-8.0703125,-1.0703125,0.7697683645130772,0.13202307199316385,0.017975402081362345,-0.6242561113315226
351075,21.625,85.375,-18.125,-0.9609375,-8.05078125,-1.01171875,0.7705923642689291,0.12103640858180487,0.014374217963194678,-0.6255684072389904
351126,21.5625,84.8125,-18.1875,-0.828125,-8.05078125,-0.7890625,0.771416364024781,0.10620441297647024,0.009369182409131139,-0.6273384807885983
351177,21.5,84.5,-18.25,-0.76953125,-8.05859375,-0.55859375,0.7731254005554369,0.08728293710135197,-0.002685628833887753,-0.6282235175634022
351227,21.5,84.0,-18.25,-0.71875,-8.1015625,-0.08984375,0.7761772515030366,0.06903286843470564,-0.01763969847712638,-0.6264839625232703
351279,21.4375,83.625,-18.25,-0.6796875,-8.109375,0.21875,0.7802972502822962,0.047334208197271646,-0.030182805871761222,-0.6228827784051026
351329,21.375,83.125,-18.25,-0.6015625,-8.109375,0.640625,0.783654286324656,0.023255104220709862,-0.042085024567400126,-0.6193426313058871
351380,21.375,82.75,-18.25,-0.55859375,-8.08984375,1.01171875,0.7854853968932157,0.0032349620044557024,-0.05581835383159887,-0.6163518173772393
351431,21.3125,82.25,-18.1875,-0.5,-8.078125,1.6796875,0.7861873226111636,-0.014587847529526658,-0.07098605304116946,-0.6137272255623035
351481,21.3125,81.9375,-18.125,-0.46875,-8.05859375,2.1484375,0.7864925077059236,-0.027924436170537432,-0.08850367748039185,-0.6105838190862758
351522,21.3125,81.5625,-18.0,-0.44921875,-8.03125,2.6015625,0.7870113223670155,-0.03393658253730888,-0.10379345072786646,-0.6071962645344401
351577,21.25,81.0625,-17.875,-0.421875,-7.98046875,3.2109375,0.7879879146702475,-0.03793450727866451,-0.12234870448927275,-0.6022217474898526
351633,21.25,80.5625,-17.6875,-0.3984375,-7.9296875,3.76171875,0.7876216925565356,-0.046449171422467725,-0.1380046998504593,-0.5987121189001129
351673,21.25,80.25,-17.5625,-0.359375,-7.890625,4.05078125,0.7857600634784997,-0.05261391033661916,-0.14603106784264658,-0.5987426374095889
351734,21.25,79.75,-17.3125,-0.328125,-7.83984375,4.51953125,0.7811212500381481,-0.06378368480483414,-0.15381328775902586,-0.6017639698477126
351775,21.25,79.4375,-17.1875,-0.30078125,-7.80859375,4.76953125,0.7772453993346965,-0.07361064485610523,-0.15503402813806574,-0.6053346354564043
351826,21.1875,79.125,-17.0,-0.26171875,-7.80859375,4.98828125,0.7728202154606769,-0.08124027222510452,-0.15692617572557757,-0.6095156712546159
351877,21.1875,78.625,-16.75,-0.19140625,-7.80859375,5.23046875,0.7668996246223334,-0.09283730582598346,-0.15210425122837,-0.6165349284340953
351928,21.1875,78.3125,-16.5,-0.16015625,-7.859375,5.26953125,0.760734885708182,-0.1032746360667745,-0.14419995727408674,-0.6243476668599506
351978,21.1875,77.8125,-16.25,-0.12890625,-7.9296875,5.26171875,0.7576219977416303,-0.10623493148594623,-0.13553270058290354,-0.6295663319803461
352028,21.1875,77.5,-16.0625,-0.08984375,-8.01953125,5.16015625,0.7568590350047304,-0.10611285744804223,-0.12106692709128086,-0.6334421826837977
352079,21.1875,77.0,-15.75,-0.01953125,-8.171875,4.87109375,0.7567674794763024,-0.1031830805383465,-0.10177922910245063,-0.6374095889156773
352129,21.1875,76.6875,-15.625,0.0,-8.2890625,4.66015625,0.7554551835688345,-0.10971404156620991,-0.0696432386242256,-0.6421704763939329
352170,21.1875,76.375,-15.4375,-0.01953125,-8.37890625,4.3984375,0.7549363689077425,-0.11352885525070956,-0.03949095126194037,-0.6446729941709647
352231,21.1875,75.875,-15.1875,-0.05859375,-8.55859375,3.828125,0.7518234809411908,-0.11999877925962096,0.008056886501663259,-0.6483046967986084
352272,21.1875,75.5,-15.0625,-0.12890625,-8.671875,3.390625,0.749992370372631,-0.12021240882595294,0.03518784142582476,-0.6494949186681722
352324,21.1875,75.0,-14.9375,-0.28125,-8.80078125,2.69140625,0.7481612598040712,-0.1162755211035493,0.06161687063203833,-0.6503189184240241
352374,21.1875,74.625,-14.8125,-0.41015625,-8.87109375,2.171875,0.7457808160649434,-0.11395611438337351,0.0859401226844081,-0.6507156590472122
352424,21.1875,74.125,-14.75,-0.6484375,-8.9609375,1.41015625,0.7433393353068636,-0.11133152256843776,0.10611285744804223,-0.6509903256324961
352477,21.125,73.75,-14.6875,-0.80859375,-9.0,0.921875,0.7408368175298319,-0.10809656056398205,0.12326425977355265,-0.6513870662556841
352530,21.125,73.1875,-14.625,-1.05078125,-9.03125,0.2890625,0.7370830408642842,-0.1054109317300943,0.13858455153050325,-0.6529740287484359
352576,21.0625,72.875,-14.625,-1.19140625,-9.01953125,0.01171875,0.7332377086703086,-0.1021759697256386,0.152195806756798,-0.6548051393169958
352627,21.0,72.3125,-14.6875,-1.4296875,-9.01953125,-0.41015625,0.728293710135197,-0.09915463728751488,0.16571550645466476,-0.6574907681508835
352677,20.9375,71.9375,-14.6875,-1.58984375,-9.01171875,-0.66015625,0.7225562303537095,-0.09411908322397534,0.1769768364513077,-0.6616107669301431
352728,20.8125,71.375,-14.75,-1.8515625,-8.96875,-1.01171875,0.7172460097048861,-0.07947019867549669,0.17859431745353557,-0.6688436536759544
352779,20.75,71.0625,-14.75,-1.98828125,-8.921875,-1.19921875,0.7123020111697744,-0.05612353892635884,0.16946928312021242,-0.6787926877651296
352830,20.625,70.5,-14.875,-2.23046875,-8.80859375,-1.46875,0.7072664571062349,-0.032624286629841,0.1588183233130894,-0.6881008331553087
352871,20.5625,70.125,-14.9375,-2.33984375,-8.73046875,-1.578125,0.7042146061586352,-0.010132145146031068,0.14633625293740654,-0.6946623126926481
352921,20.4375,69.8125,-15.0,-2.44921875,-8.69140625,-1.5703125,0.7029023102511673,0.02151554918057802,0.12863551744132817,-0.6992400891140477
352971,20.3125,69.25,-15.0625,-2.55859375,-8.609375,-1.4609375,0.7041230506302072,0.049958800012207406,0.11578722495193335,-0.6987823114719077
353032,20.125,68.75,-15.1875,-2.6484375,-8.48828125,-1.5390625,0.7083040864284188,0.07812738425855281,0.10956144901882992,-0.6929837946714682
353084,20.0,68.4375,-15.25,-2.69140625,-8.37109375,-1.7109375,0.7136143070772424,0.09384441663869136,0.11279641102328562,-0.6849879451887569
353134,19.875,67.9375,-15.375,-2.73046875,-8.12109375,-2.0703125,0.7189550462355419,0.10513626514481032,0.11938840907010102,-0.6765953550828577
353174,19.75,67.625,-15.5,-2.75,-7.921875,-2.328125,0.7230445265053255,0.11072115237891782,0.1228370006408887,-0.6707052827539903
353225,19.625,67.25,-15.5625,-2.80078125,-7.6796875,-2.55078125,0.7272560808130131,0.11392559587389751,0.12225714896084475,-0.6657002471999267
353281,19.4375,66.8125,-15.75,-2.83984375,-7.37890625,-2.78125,0.729209265419477,0.11755729850154119,0.11215552232428969,-0.6647236548966948
353328,19.3125,66.5625,-15.875,-2.87890625,-7.19921875,-2.87109375,0.728659932248909,0.119571520126957,0.09384441663869136,-0.6677755058442946
353376,19.125,66.125,-16.0,-2.94921875,-7.0,-2.7890625,0.7269508957182531,0.11395611438337351,0.07235938596758934,-0.67329935605945
353426,18.9375,65.875,-16.125,-3.01953125,-6.91015625,-2.640625,0.7245399334696493,0.10156559953611866,0.04837183751945555,-0.6799829096346934
353477,18.75,65.5,-16.3125,-3.12109375,-6.80078125,-2.3203125,0.7220068971831416,0.08334604937894834,0.02459791863765374,-0.6863917966246529
353527,18.5625,65.1875,-16.375,-3.19140625,-6.73828125,-1.98828125,0.7195043794061098,0.06381420331431013,-0.0008545182653279214,-0.6915494247260964
353578,18.375,64.8125,-16.5,-3.2890625,-6.640625,-1.41015625,0.716422009949034,0.048768578142643515,-0.0347300637836848,-0.6950895718253121
353628,18.1875,64.5625,-16.5625,-3.37109375,-6.58984375,-0.9296875,0.7131260109256264,0.037873470259712515,-0.07785271767326883,-0.695669423505356
353678,18.0625,64.3125,-16.625,-3.46875,-6.53125,-0.390625,0.7087618640705587,0.029541917172765282,-0.12540055543687245,-0.6935941648609882
353729,17.8125,63.9375,-16.6875,-3.6015625,-6.44921875,0.5,0.7047639393292031,0.016235847041230506,-0.16492202520828883,-0.6898098696859646
353780,17.5625,63.5625,-16.625,-3.6796875,-6.33984375,1.37109375,0.7011017181920834,0.001098666341135899,-0.1945554979094821,-0.6859950560014649
353830,17.375,63.3125,-16.625,-3.69921875,-6.30078125,1.890625,0.6980803857539598,-0.013794366283150731,-0.21875667592394787,-0.6816614276558733
353876,17.25,63.0625,-16.5625,-3.7109375,-6.25,2.390625,0.695150608844264,-0.0293282876064333,-0.2339548936429945,-0.6790978728598895
353923,17.0,62.75,-16.4375,-3.7109375,-6.140625,3.19140625,0.6910916470839564,-0.05145420697653127,-0.24494155705435347,-0.6780297250282297
353977,16.8125,62.5,-16.375,-3.69921875,-6.05859375,3.6796875,0.6873683889278848,-0.07321390423291727,-0.25376140629291666,-0.6765953550828577
354034,16.625,62.125,-16.1875,-3.671875,-5.98828125,4.3203125,0.6850795007171849,-0.09549241615039522,-0.260933256019776,-0.673390911587878
354075,16.4375,61.9375,-16.0,-3.6484375,-5.94921875,4.76953125,0.684377574999237,-0.11008026367992187,-0.2639851069673757,-0.6706747642445143
354125,16.3125,61.6875,-15.875,-3.62890625,-5.921875,5.1796875,0.684560686056093,-0.1274452955717643,-0.26691488387707146,-0.6662495803704948
354176,16.0625,61.3125,-15.5625,-3.6015625,-5.859375,5.76171875,0.6852931302835169,-0.14261299478133488,-0.2682882168034913,-0.6618549150059511
354226,15.9375,61.125,-15.375,-3.5703125,-5.83984375,6.12109375,0.6860866115298929,-0.15604113895077365,-0.26798303170873133,-0.6581316568498794
354278,15.75,60.75,-15.0,-3.51171875,-5.87109375,6.55859375,0.6871852778710288,-0.16187017426068911,-0.2676168095950194,-0.6557206946012757
354330,15.5,60.4375,-14.625,-3.44140625,-5.94921875,6.87890625,0.6885891293069246,-0.16455580309457687,-0.2662434766685995,-0.6541337321085238
354380,15.375,60.1875,-14.375,-3.37109375,-6.01953125,7.05859375,0.6891994994964445,-0.16385387737662893,-0.2630085146641438,-0.6549882503738518
354435,15.1875,59.8125,-14.0,-3.30078125,-6.1484375,7.26953125,0.6894436475722525,-0.16010010071108127,-0.2598345896786401,-0.6569109164708395
354471,15.0625,59.5625,-13.6875,-3.25,-6.25,7.37109375,0.6915189062166204,-0.15088351084933013,-0.26081118198187203,-0.6564836573381756
354526,14.9375,59.3125,-13.4375,-3.171875,-6.41015625,7.421875,0.6973174230170599,-0.1260414441358684,-0.2731406598101749,-0.6505935850093082
354572,14.75,58.9375,-13.0,-3.01953125,-6.640625,7.44921875,0.7040009765923032,-0.09408856471449935,-0.2923062837611011,-0.6403698843348491
354622,14.625,58.6875,-12.6875,-2.91015625,-6.80078125,7.4609375,0.7105014191106906,-0.061037018951994385,-0.3130588702047792,-0.6272774437696463
354673,14.4375,58.3125,-12.25,-2.73046875,-6.98828125,7.5,0.718039490951262,-0.029206213568529312,-0.3296609393597217,-0.6122623371074557
354724,14.3125,58.0,-12.0,-2.55859375,-7.140625,7.51171875,0.728690450758385,-0.006317331461531419,-0.32880642109439373,-0.6007263405255288
354775,14.1875,57.625,-11.5625,-2.23828125,-7.359375,7.3984375,0.7427594836268196,0.009643848994415113,-0.3108310190130314,-0.5929746391186255
354825,14.0625,57.3125,-11.25,-1.9296875,-7.5703125,7.1796875,0.759727774895474,0.02673421430097354,-0.282967619861446,-0.5848261970885342
354876,13.9375,56.875,-10.875,-1.328125,-7.859375,6.6015625,0.7785271767326883,0.05075228125858333,-0.25183874019592883,-0.5726493118076114
354927,13.9375,56.5625,-10.625,-0.828125,-8.0390625,6.01953125,0.7975096896267586,0.08517715994750816,-0.2217474898525956,-0.554551835688345
354983,13.875,56.0625,-10.3125,-0.109375,-8.140625,4.9609375,0.815759758293405,0.10843226416821802,-0.18594927823725088,-0.5368511001922666
355029,13.875,55.75,-10.125,0.390625,-8.109375,4.19921875,0.8280892361217078,0.11786248359630115,-0.1585131382183294,-0.5246436964018677
355079,13.875,55.25,-9.9375,0.87890625,-7.98828125,3.3203125,0.8337961973937192,0.10998870815149388,-0.14722128971221046,-0.5205847346415601
355130,13.9375,55.0,-9.8125,1.05859375,-7.921875,2.9609375,0.8329111606189153,0.09414960173345134,-0.15301980651264993,-0.5234229560228278
355171,13.9375,54.6875,-9.6875,1.1484375,-7.87109375,2.76953125,0.8281197546311838,0.07748649555955688,-0.1674855800042726,-0.5292825098422193
355221,14.0,54.3125,-9.5,1.109375,-7.8515625,2.890625,0.8210699789422284,0.06009094515823847,-0.18558305612353893,-0.5364848780785546
355272,14.0,54.0625,-9.4375,1.01953125,-7.8203125,3.0703125,0.815790276802881,0.04657124546037172,-0.19748527481917783,-0.5415814691610462
355334,14.0625,53.6875,-9.25,0.828125,-7.76953125,3.44140625,0.8147831659901731,0.0347911008026368,-0.20603045747245705,-0.5407879879146702
355373,14.0625,53.4375,-9.125,0.69921875,-7.71875,3.671875,0.8163090914639729,0.023529770805993836,-0.21121860408337656,-0.5370952482680745
355424,14.0625,53.125,-8.875,0.55859375,-7.62890625,4.01171875,0.8190557573168127,0.010620441297647023,-0.22208319345683156,-0.5288857692190313
355475,14.0625,52.9375,-8.75,0.44921875,-7.5703125,4.3203125,0.8220770897549363,0.006225775933103427,-0.23850215155491805,-0.5169530320139164
355525,14.125,52.5625,-8.5,0.5390625,-7.5703125,4.76171875,0.825373088778344,0.004028443250831629,-0.2534562211981567,-0.5044709616382336
355576,14.125,52.1875,-8.3125,0.7109375,-7.609375,5.078125,0.8271126438184759,0.0005188146610919523,-0.2661519211401715,-0.49501022370067443
355627,14.25,51.6875,-8.0,0.94921875,-7.62890625,5.5703125,0.8271126438184759,-0.001434369945371868,-0.27344584490493484,-0.4910428174687948
355688,14.3125,51.1875,-7.6875,1.16015625,-7.6484375,6.01953125,0.826258125553148,-0.0073854792931913205,-0.2696005127109592,-0.4945524460585345
355728,14.375,50.875,-7.4375,1.30859375,-7.6796875,6.19921875,0.826105533005768,-0.011627552110354931,-0.2597430341502121,-0.499954222235786
355779,14.4375,50.5,-7.1875,1.48046875,-7.73046875,6.30859375,0.8282723471785638,-0.017792291024506364,-0.2367320780053102,-0.5075533310953093
355831,14.5625,50.0,-6.875,1.9609375,-7.890625,6.0,0.8335520493179113,-0.018982512894070255,-0.20517593920712912,-0.5125888851588488
355880,14.6875,49.625,-6.625,2.2890625,-7.98828125,5.6484375,0.8403271584215827,-0.003906369212927641,-0.173894466994232,-0.5133823664052247
355921,14.8125,49.3125,-6.4375,2.6015625,-8.078125,5.23046875,0.8449049348429822,0.002349925229651784,-0.14151432844019898,-0.5158238471633045
355982,15.0,48.8125,-6.125,3.03125,-8.2109375,4.25,0.8499099703970459,-0.0034180730613116855,-0.0837427900021363,-0.5202185125278481
356022,15.1875,48.4375,-6.0,3.2890625,-8.3203125,3.421875,0.8511001922666097,-0.018311105685598315,-0.043885616626483964,-0.5228431043427839
356083,15.375,47.875,-5.8125,3.421875,-8.3984375,2.3203125,0.8490554521317178,-0.05099642933439131,0.010803552354503006,-0.5257423627430037
356123,15.5625,47.5,-5.75,3.4296875,-8.48046875,1.7890625,0.8466139713736381,-0.07184057130649739,0.03894161809137242,-0.5258949552903837
356174,15.8125,47.0,-5.625,3.41015625,-8.51953125,1.171875,0.8407849360637226,-0.08880886257515183,0.05951109347819453,-0.5306863612781152
356234,15.9375,46.625,-5.625,3.37109375,-8.578125,0.828125,0.8272347178563799,-0.11816766869106113,0.07574694051942503,-0.5440534684286019
356275,16.125,46.25,-5.5625,3.30078125,-8.640625,0.53125,0.8167668691061128,-0.13672292245246742,0.08005005035554064,-0.554795983764153
356325,16.3125,45.6875,-5.5625,3.1796875,-8.75,0.3515625,0.80413220618305,-0.1596118045594653,0.08313241981261635,-0.5665761284218879
356377,16.5,45.3125,-5.5625,3.1015625,-8.7890625,0.3984375,0.7944273201696829,-0.18002868739890743,0.09036530655842769,-0.5729850154118473
356426,16.6875,44.75,-5.5625,2.94921875,-8.87890625,0.48046875,0.7867366557817316,-0.20038453321939756,0.1054109317300943,-0.5742667928098392
356476,16.8125,44.375,-5.5,2.859375,-8.921875,0.5703125,0.7782525101474044,-0.22528763695181128,0.12747581408124029,-0.5721304971465193
356527,17.0,43.8125,-5.5,2.66015625,-9.01171875,0.62890625,0.7700735496078371,-0.24640644550920132,0.14993743705557422,-0.5690481276894437
356578,17.125,43.5,-5.5,2.48046875,-9.078125,0.6015625,0.7680898464918974,-0.2468031861323893,0.16006958220160528,-0.5687734611041597
356628,17.3125,42.875,-5.4375,2.1796875,-9.1796875,0.48828125,0.7772453993346965,-0.2162846766563921,0.1477706228827784,-0.5720694601275673
356679,17.4375,42.5,-5.4375,2.03125,-9.2109375,0.41015625,0.7907345805230872,-0.16797387615588855,0.11767937253944517,-0.576769310586871
356729,17.5625,41.9375,-5.4375,1.87890625,-9.23828125,0.37109375,0.8013245033112583,-0.11569566942350536,0.0793176061281167,-0.5815607165746025
356779,17.6875,41.5625,-5.4375,1.828125,-9.23046875,0.3515625,0.8063600573747978,-0.07098605304116946,0.04248176519058809,-0.5856196783349101
356830,17.8125,41.0,-5.4375,1.76171875,-9.23828125,0.23046875,0.8061159092989898,-0.03631702627643666,0.012146366771446883,-0.5905026398510697
356870,17.875,40.625,-5.4375,1.73046875,-9.21875,0.140625,0.8038880581072421,-0.013672292245246742,-0.006683553575243385,-0.5945921201208533
356931,18.0,40.0625,-5.4375,1.69921875,-9.171875,0.171875,0.7979979857783746,0.016235847041230506,-0.027100436414685507,-0.6018250068666646
356972,18.0625,39.6875,-5.4375,1.71875,-9.12109375,0.19921875,0.7917722098452712,0.0336924344615009,-0.034546952726828825,-0.608905301065096
357021,18.125,39.3125,-5.4375,1.73828125,-9.078125,0.171875,0.78225043488876,0.04187139500106815,-0.030274361400189215,-0.6208380382702109
357072,18.25,38.75,-5.4375,1.73046875,-9.01953125,0.0703125,0.7741325113681448,0.03537095248268075,-0.011597033600878933,-0.6319467757194739
357122,18.3125,38.375,-5.4375,1.69921875,-8.98046875,-0.03125,0.7690664387951293,0.026154362620929593,0.01229895931882687,-0.6385082552568132
357172,18.4375,37.875,-5.5,1.6015625,-8.890625,-0.1484375,0.7693105868709372,0.02218695638904996,0.033112582781456956,-0.6376537369914853
357233,18.5,37.3125,-5.5,1.51171875,-8.80078125,-0.4296875,0.7734000671407208,0.017975402081362345,0.056215094454786826,-0.631153294473098
357277,18.5625,36.9375,-5.5625,1.44921875,-8.7109375,-0.6484375,0.7772148808252205,0.011505478072450942,0.07181005279702139,-0.6250190740684225
357324,18.625,36.625,-5.5625,1.37890625,-8.640625,-0.87109375,0.782738731040376,0.004608294930875576,0.0880458998382519,-0.6160771507919554
357387,18.6875,36.0625,-5.6875,1.26171875,-8.5,-1.19921875,0.7907345805230872,-0.000640888698995941,0.10141300698873867,-0.6037171544541765
357425,18.75,35.75,-5.75,1.16015625,-8.41015625,-1.390625,0.7955870235297708,-0.0054322946867275,0.10879848628192999,-0.5959654530472732
357476,18.75,35.25,-5.8125,1.0390625,-8.26171875,-1.578125,0.8010193182164983,-0.005371257667775506,0.11078218939786981,-0.5882442701498459
357526,18.8125,34.9375,-5.9375,0.96875,-8.1796875,-1.6484375,0.8050172429578539,0.010040589617603077,0.09875789666432691,-0.5848872341074862
357576,18.875,34.4375,-6.0,0.921875,-8.05078125,-1.7109375,0.8062990203558458,0.03598132267220069,0.07620471816156499,-0.5854670857875302
357626,18.875,34.125,-6.125,0.890625,-7.98046875,-1.578125,0.804315317239906,0.06207464827417829,0.05264442884609516,-0.5886104922635579
357681,18.9375,33.625,-6.1875,0.8515625,-7.87109375,-1.30078125,0.8000732444227424,0.08932767723624378,0.02816858424634541,-0.5925473799859615
357733,18.9375,33.3125,-6.25,0.828125,-7.80078125,-1.12890625,0.7949156163212988,0.11578722495193335,0.004425183874019593,-0.5955381939146092
357778,19.0,32.875,-6.375,0.8203125,-7.6796875,-0.859375,0.7897274697103793,0.14117862483596302,-0.018860438856166267,-0.5966978972746971
357829,19.0,32.5625,-6.375,0.80859375,-7.58984375,-0.671875,0.7857295449690237,0.16135135959959715,-0.0369579149754326,-0.5960264900662252
357880,19.0625,32.125,-6.4375,0.8203125,-7.44921875,-0.37890625,0.7843867305520799,0.17105624561296426,-0.04611346781823176,-0.5944090090639973
357921,19.0625,31.8125,-6.5,0.87109375,-7.359375,-0.2109375,0.7855769524216437,0.1728263191625721,-0.04858546708578753,-0.5921506393627736
357971,19.0625,31.5,-6.5,0.921875,-7.26953125,-0.078125,0.7893612475966674,0.17032380138554032,-0.04882961516159551,-0.5878170110171819
358023,19.125,31.125,-6.5,0.98828125,-7.12109375,0.08984375,0.7950987273781549,0.16440321054719687,-0.04544206060975982,-0.5819879757072665
358084,19.1875,30.6875,-6.5625,1.01171875,-6.96875,0.21875,0.8033997619556261,0.15607165746024965,-0.039979247413556324,-0.5732291634876553
358124,19.1875,30.4375,-6.5625,1.01953125,-6.859375,0.30859375,0.8106326487014375,0.15070039979247413,-0.03405865657521287,-0.5648365733817561
358184,19.25,30.0,-6.5625,1.05078125,-6.69140625,0.3984375,0.8232367931150243,0.14169743949705496,-0.025666066469313638,-0.5491500595110935
358225,19.25,29.75,-6.5625,1.08984375,-6.5703125,0.37109375,0.8329111606189153,0.13605151524399547,-0.019623401593066195,-0.5360576189458907
358280,19.3125,29.5,-6.5625,1.140625,-6.4296875,0.28125,0.8462782677694022,0.12649922177800837,-0.011566515091402937,-0.5173802911465804
358327,19.375,29.125,-6.5625,1.2109375,-6.23046875,0.25,0.858668782616657,0.11478011413922544,-0.002563554795983764,-0.49949644459364606
358377,19.375,28.875,-6.625,1.23046875,-6.1015625,0.2890625,0.868617816705832,0.10605182042909024,0.0043641468550675985,-0.4839930417798395
358429,19.4375,28.5,-6.625,1.30078125,-5.91015625,0.3203125,0.8756981109042634,0.10455641346476638,0.008972441785943175,-0.4712973418378246
358478,19.5,28.3125,-6.625,1.3515625,-5.76953125,0.30859375,0.880001220740379,0.10556352427747429,0.012207403790398877,-0.4629047517319254
358529,19.5625,28.0,-6.625,1.421875,-5.5703125,0.30859375,0.8816187017426069,0.1075167088839381,0.016113773003326518,-0.45927304910428174
358580,19.625,27.75,-6.625,1.44921875,-5.44140625,0.30859375,0.881130405590991,0.10879848628192999,0.020264290292062136,-0.4597613452558977
358630,19.6875,27.4375,-6.625,1.51171875,-5.25,0.2890625,0.8787499618518632,0.10882900479140599,0.02655110324411756,-0.46397289956358534
358670,19.75,27.25,-6.625,1.55859375,-5.109375,0.19921875,0.8758812219611194,0.1075167088839381,0.032074953459273046,-0.4693136387218848
358731,19.8125,26.9375,-6.6875,1.6015625,-4.91015625,0.01953125,0.8720358897671437,0.0913418988616596,0.046967986083559676,-0.478530228583636
358771,19.875,26.75,-6.6875,1.58984375,-4.80859375,-0.0703125,0.870265816217536,0.07003997924741355,0.06167790765099033,-0.4836268196661275
358822,19.9375,26.5625,-6.6875,1.5703125,-4.7109375,-0.19140625,0.868648335215308,0.04309213538010804,0.0793786431470687,-0.48716696676534316
358872,20.0,26.375,-6.75,1.53125,-4.62890625,-0.3203125,0.8668477431562243,0.011597033600878933,0.09729300820947905,-0.488876003295999
358923,20.0625,26.125,-6.75,1.44921875,-4.51171875,-0.51953125,0.8637653736991485,-0.020081179235206154,0.1108127079073458,-0.4911343729972228
358973,20.125,25.9375,-6.8125,1.3984375,-4.44921875,-0.6015625,0.859065523239845,-0.05063020722067934,0.11679433576464125,-0.4957731864375744
359023,20.1875,25.6875,-6.875,1.30078125,-4.37109375,-0.640625,0.8525650807214575,-0.0805078279976806,0.11713003936887723,-0.5028839991454818
359073,20.1875,25.5625,-6.9375,1.23046875,-4.3515625,-0.578125,0.8448438978240302,-0.11111789300210578,0.11548203985717338,-0.5104220709860531
359124,20.25,25.3125,-7.0,1.12109375,-4.3515625,-0.37890625,0.836695455793939,-0.14273506881923886,0.11587878048036133,-0.5158848841822565
359174,20.3125,25.125,-7.0,1.01953125,-4.37109375,-0.25,0.8289437543870357,-0.17334513382366407,0.11978514969328898,-0.5181432538834804
359225,20.375,24.875,-7.0625,0.859375,-4.41015625,-0.0703125,0.8222296823023163,-0.20026245918149357,0.12472914822840052,-0.5179601428266244
359276,20.375,24.6875,-7.0625,0.76171875,-4.44140625,0.0703125,0.8162175359355449,-0.22205267494735556,0.1292764061403241,-0.5174413281655323
359326,20.375,24.4375,-7.0625,0.62109375,-4.48046875,0.28125,0.8101138340403454,-0.23981444746238595,0.13290810876796777,-0.5182042909024324
359376,20.4375,24.25,-7.0625,0.5390625,-4.48828125,0.44921875,0.8031556138798182,-0.2548905911435286,0.1337931455427717,-0.5215918454542681
359427,20.4375,24.0,-7.0625,0.3984375,-4.5390625,0.69921875,0.7952818384350109,-0.2673726615192114,0.1294289986877041,-0.5284585100863674
359479,20.4375,23.8125,-7.0625,0.328125,-4.55859375,0.890625,0.7855159154026917,-0.2784813989684744,0.12228766747032074,-0.5389568773461104
359528,20.4375,23.5625,-7.0,0.2109375,-4.62890625,1.19921875,0.7729728080080569,-0.2888882106997894,0.11581774346140934,-0.5528427991576892
359579,20.4375,23.375,-7.0,0.1484375,-4.66015625,1.44140625,0.7602160710470901,-0.2918790246284371,0.10852381969664601,-0.5701773125400555
359630,20.4375,23.125,-6.9375,0.05859375,-4.71875,1.7890625,0.7480391857661671,-0.28672139652699363,0.09787285988952299,-0.5904416028321177
359681,20.4375,22.9375,-6.875,-0.01953125,-4.76171875,1.98046875,0.7371440778832362,-0.27356791894283883,0.08233893856624043,-0.6123538926358837
359731,20.4375,22.625,-6.75,-0.1484375,-4.8203125,2.25,0.7284463026825769,-0.25238807336649677,0.06030457472457045,-0.6340525528733176
359771,20.4375,22.4375,-6.6875,-0.23046875,-4.859375,2.3984375,0.7227393414105655,-0.23059785760063478,0.0380565813165685,-0.6504104739524522
359823,20.4375,22.25,-6.625,-0.328125,-4.921875,2.53125,0.7154148991363262,-0.20020142216254158,0.007141331217383343,-0.6693624683370464
359873,20.375,22.0,-6.5,-0.44921875,-5.01171875,2.73046875,0.706411938840907,-0.17303994872890407,-0.02087466048158208,-0.6859950560014649
359923,20.375,21.75,-6.375,-0.53125,-5.0703125,2.828125,0.6962187566759239,-0.15076143681142612,-0.04211554307687613,-0.7005523850215155
359978,20.3125,21.5,-6.25,-0.6484375,-5.140625,3.03125,0.6872463148899808,-0.13455610827967163,-0.0511490218817713,-0.7119968260750145
360025,20.25,21.25,-6.125,-0.73046875,-5.1796875,3.1484375,0.6820886867885373,-0.12210455641346477,-0.051393169957579275,-0.7191686758018738
360075,20.25,21.0,-6.0,-0.83984375,-5.26953125,3.19921875,0.6804406872768334,-0.11249122592852565,-0.04300057985168004,-0.7228308969389935
360126,20.1875,20.75,-5.875,-0.94140625,-5.359375,3.1484375,0.6830042420728172,-0.10632648701437422,-0.0260933256019776,-0.7221594897305216
360177,20.125,20.4375,-5.6875,-1.078125,-5.46875,2.96875,0.6891689809869685,-0.10556352427747429,-0.002563554795983764,-0.7168492690816981
360228,20.0625,20.25,-5.625,-1.1796875,-5.51953125,2.76953125,0.6994537186803796,-0.10470900601214636,0.015533921323282572,-0.706808679464095
360278,20.0,19.9375,-5.5,-1.26953125,-5.51171875,2.5703125,0.7112338633381146,-0.10260322885830256,0.020508438367870113,-0.695120090334788
360331,19.9375,19.75,-5.4375,-1.3203125,-5.48046875,2.53125,0.7238990447706534,-0.10101626636555071,0.017334513382366405,-0.6822412793359173
360379,19.875,19.5,-5.3125,-1.3515625,-5.421875,2.46875,0.7365031891842403,-0.10150456251716666,0.006653035065767388,-0.6687215796380505
360430,19.8125,19.3125,-5.25,-1.33984375,-5.37890625,2.46875,0.7477645191808832,-0.10489211706900235,-0.010010071108127079,-0.6555375835444197
360482,19.75,19.125,-5.125,-1.3203125,-5.30859375,2.5703125,0.7576525162511063,-0.10733359782708213,-0.031769768364513076,-0.6429639576403089
360521,19.75,19.0,-5.0,-1.26171875,-5.26953125,2.66015625,0.7636036255989257,-0.10675374614703818,-0.05056917020172735,-0.6347849971007417
360571,19.6875,18.8125,-4.9375,-1.19921875,-5.23046875,2.75,0.7679372539445174,-0.10025330362865077,-0.07589953306680501,-0.6280404065065462
360623,19.625,18.5,-4.8125,-1.171875,-5.37109375,2.8515625,0.7684865871150853,-0.08691671498764,-0.10223700674459059,-0.6256294442579424
360684,19.5,18.1875,-4.625,-1.1796875,-5.55859375,2.96875,0.7629627368999298,-0.06787316507461776,-0.13177892391735588,-0.6292001098666341
360724,19.4375,17.9375,-4.5,-1.2109375,-5.671875,3.140625,0.7567369609668264,-0.05484176152836696,-0.14853358561967833,-0.6342661824396496
360778,19.375,17.6875,-4.375,-1.25,-5.73828125,3.359375,0.7476119266335032,-0.037568285164952545,-0.1640675069429609,-0.6424451429792168
360825,19.3125,17.3125,-4.1875,-1.3203125,-5.8515625,3.69921875,0.739341410565508,-0.022980437635425885,-0.17191076387829218,-0.6505935850093082
360876,19.25,17.0625,-4.0625,-1.37890625,-5.921875,3.8984375,0.7353129673146763,-0.009430219428083133,-0.1706595049897763,-0.6558122501297037
360926,19.125,16.6875,-3.8125,-1.4296875,-6.0390625,4.078125,0.7377849665822321,0.0013733329264198737,-0.15683462019714958,-0.6565752128666036
360976,19.0,16.375,-3.6875,-1.41015625,-6.140625,4.05078125,0.7465742973113193,0.01022370067445906,-0.1316263313699759,-0.652058473464156
361027,18.9375,16.0,-3.4375,-1.3203125,-6.328125,3.78125,0.7599719229712821,0.024842066713461716,-0.10580767235328227,-0.640827661976989
361077,18.875,15.75,-3.3125,-1.23046875,-6.421875,3.4609375,0.7754448072756127,0.040040284432508316,-0.07892086550492874,-0.6251716666158025
361128,18.75,15.3125,-3.125,-1.1015625,-6.44921875,2.859375,0.7886898403881955,0.04638813440351573,-0.05453657643360698,-0.6106143375957518
361179,18.6875,15.0625,-3.0625,-1.05078125,-6.44921875,2.5390625,0.7978759117404706,0.03491317484054079,-0.03714102603228858,-0.6006347849971008
361230,18.625,14.625,-2.9375,-1.03125,-6.46875,2.21875,0.80397961363567,0.009216589861751152,-0.027222510452589496,-0.5939817499313333
361271,18.5625,14.375,-2.8125,-1.0390625,-6.48828125,2.12109375,0.8072450941496018,-0.013580736716818751,-0.02728354747154149,-0.5894344920194098
361321,18.5,14.0625,-2.75,-1.03125,-6.53125,2.05859375,0.8072450941496018,-0.041566209906308174,-0.038087099826044496,-0.5875118259224219
361376,18.375,13.6875,-2.625,-1.0390625,-6.62109375,2.12890625,0.8027893917661062,-0.07361064485610523,-0.05520798364207892,-0.5891293069246498
361424,18.3125,13.375,-2.5625,-1.05078125,-6.6796875,2.28125,0.7944578386791589,-0.10403759880367443,-0.07794427320169683,-0.5932493057039094
361475,18.25,12.9375,-2.4375,-1.05078125,-6.78125,2.578125,0.7817621387371441,-0.1347087008270516,-0.09952085940122685,-0.6006347849971008
361528,18.1875,12.6875,-2.3125,-1.05859375,-6.83984375,2.8515625,0.7664418469801935,-0.1588793603320414,-0.11877803888058107,-0.6109195226905118
361576,18.0625,12.25,-2.1875,-1.0703125,-6.87890625,3.26953125,0.749839777825251,-0.1759697256385998,-0.13330484939115575,-0.6236762596514787
361626,18.0,11.9375,-2.0625,-1.1015625,-6.890625,3.62109375,0.7358012634662923,-0.18408764915921508,-0.1435285500656148,-0.6357005523850215
361678,17.9375,11.5,-1.8125,-1.16015625,-6.8984375,4.0703125,0.7265236365855892,-0.18485061189611499,-0.1477706228827784,-0.6451002533036286
361728,17.875,11.25,-1.6875,-1.1796875,-6.9296875,4.359375,0.7218237861262856,-0.18002868739890743,-0.14792321543015838,-0.6516617328409681
361779,17.8125,10.8125,-1.4375,-1.19921875,-6.98046875,4.7109375,0.7203588976714377,-0.1716666158024842,-0.1357768486587115,-0.6581621753593554
361829,17.75,10.5,-1.25,-1.2109375,-7.0703125,4.80078125,0.7214270455030977,-0.1608935819574572,-0.11136204107791375,-0.6642658772545549
361879,17.625,10.0625,-0.9375,-1.25,-7.25,4.73828125,0.7242652668843653,-0.14682454908902248,-0.07962279122287667,-0.6689962462233344
361930,17.5625,9.75,-0.75,-1.28125,-7.3984375,4.58984375,0.729209265419477,-0.1259498886074404,-0.04934842982268746,-0.6707968382824183
361981,17.5,9.3125,-0.5,-1.30859375,-7.58984375,4.1484375,0.7342753379924924,-0.10190130314035463,-0.02163762321848201,-0.6707968382824183
362021,17.4375,9.0,-0.375,-1.37109375,-7.6484375,3.76953125,0.7369304483169042,-0.08679464094973602,-0.007141331217383343,-0.6703390606402784
362072,17.375,8.6875,-0.25,-1.421875,-7.66015625,3.48828125,0.7394024475844599,-0.07638782921842097,0.003631702627643666,-0.6689046906949064
362122,17.25,8.25,-0.0625,-1.48828125,-7.66015625,3.1796875,0.7401959288308358,-0.07519760734885708,0.0043641468550675985,-0.6681417279580065
362173,17.1875,7.9375,0.0625,-1.51953125,-7.66015625,3.05859375,0.739341410565508,-0.0848414563432722,-0.003967406231879635,-0.6679586169011505
362225,17.0625,7.4375,0.25,-1.5703125,-7.73046875,2.890625,0.7361980040894802,-0.10382396923734245,-0.0184942167424543,-0.6685079500717185
362274,17.0,7.125,0.375,-1.578125,-7.7890625,2.87109375,0.7313150425733207,-0.1173741874446852,-0.0478530228583636,-0.6701559495834224
362325,16.9375,6.625,0.5,-1.6015625,-7.8515625,3.12890625,0.7231360820337535,-0.1325418866542558,-0.07773064363536485,-0.673421430097354
362380,16.875,6.3125,0.625,-1.62109375,-7.828125,3.4609375,0.7162999359111301,-0.13974425489059114,-0.10098574785607471,-0.6761375774407178
362426,16.75,5.8125,0.875,-1.69140625,-7.78125,3.98828125,0.7172154911954101,-0.1292458876308481,-0.11935789056062501,-0.674275948362682
362476,16.6875,5.5,1.0,-1.7109375,-7.78125,4.21875,0.7245094149601733,-0.10196234015930662,-0.13296914578691976,-0.6685995056001465
362528,16.5625,5.0625,1.25,-1.671875,-7.8515625,4.3203125,0.7351298562578203,-0.06329538865321818,-0.1389812921536912,-0.6604815820795312
362582,16.5,4.75,1.4375,-1.6015625,-7.921875,4.25,0.7446211127048555,-0.022736289559617907,-0.13354899746696372,-0.6536149174474318
362628,16.375,4.25,1.6875,-1.390625,-8.03125,3.890625,0.7511825922421949,0.008880886257515184,-0.11972411267433698,-0.6490981780449843
362678,16.3125,3.875,1.8125,-1.23828125,-8.0,3.6796875,0.7526779992065188,0.03234962004455703,-0.1097445600756859,-0.6483657338175604
362729,16.25,3.4375,2.0,-1.078125,-7.921875,3.390625,0.7515182958464308,0.04617450483718375,-0.10840174565874203,-0.6490981780449843
362780,16.1875,3.125,2.125,-0.98828125,-7.859375,3.2890625,0.7480391857661671,0.054292428357799,-0.11603137302774133,-0.6512039551988281
362821,16.125,2.75,2.25,-0.890625,-7.8203125,3.2109375,0.7436445204016235,0.05362102114932707,-0.1281777397991882,-0.6539811395611438
362871,16.125,2.4375,2.375,-0.8203125,-7.78125,3.23828125,0.7368999298074282,0.04834131900997955,-0.1501510666219062,-0.6573381756035035
362922,16.0625,2.0,2.5625,-0.69921875,-7.75,3.30078125,0.7294534134952849,0.03927732169560839,-0.1763054292428358,-0.6597491378521073
362973,16.0,1.5,2.75,-0.62890625,-7.7109375,3.48828125,0.7224951933347575,0.02737510299996948,-0.19873653370769373,-0.6616412854396191
363034,15.9375,1.1875,2.875,-0.58984375,-7.6796875,3.69921875,0.718100527970214,0.020691549424726098,-0.217200231940672,-0.6608478041932432
363084,15.9375,0.75,3.125,-0.5703125,-7.62890625,4.05078125,0.7211523789178137,0.03277687917722098,-0.22772911770989104,-0.6534318063905759
363125,15.875,0.4375,3.25,-0.46875,-7.640625,4.1796875,0.728965117343669,0.04422132023071993,-0.22608111819818721,-0.6446424756614887
363175,15.8125,0.125,3.375,-1.390625,-6.41015625,2.8203125,0.9053010650959807,-0.028748435926389357,-0.04046754356517228,-0.4218878749961852
363225,15.6875,-0.25,3.4375,-0.55859375,-4.7890625,0.921875,0.9438154240546892,-0.05087435529648732,0.130466628009888,-0.29932554094058045
363276,15.625,-0.4375,3.4375,-0.30078125,-5.30859375,1.16015625,0.913205359050264,-0.10635700552385022,0.06836146122623371,-0.38740195928830834
363326,15.625,-0.8125,3.5,-0.44140625,-5.8984375,1.828125,0.8692587054048281,-0.14831995605334636,0.0029602954191717277,-0.4716025269325846
363377,15.5625,-1.0625,3.5625,-0.5703125,-6.12890625,2.30859375,0.8113650929288614,-0.17413861507003997,-0.05792413098544267,-0.5549790948210089
363427,15.5,-1.5,3.625,-0.4609375,-4.890625,2.03125,0.7775505844294565,-0.16998809778130436,-0.06729331339457381,-0.6016418958098086
363477,15.5,-1.6875,3.6875,-0.30859375,-4.0,1.87109375,0.782494582964568,-0.1598559526352733,-0.04498428296761986,-0.6001159703360088
363529,15.5,-1.9375,3.75,0.01953125,-3.9296875,2.23828125,0.7904599139378032,-0.13202307199316385,-0.022919400616473892,-0.597674489577929
363578,15.5,-2.0625,3.8125,0.19140625,-3.80078125,2.30859375,0.8017212439344462,-0.06137272255623035,0.016693624683370465,-0.5943174535355693
363629,15.5,-2.25,3.875,0.23046875,-3.33984375,1.9296875,0.8073366496780298,-0.003021332438123722,0.065157017731254,-0.586474196600238
363681,15.5625,-2.375,3.9375,0.26171875,-3.12109375,1.640625,0.8094119083223975,-0.006622516556291391,0.06820886867885373,-0.5832087160863063
363721,15.5625,-2.5,4.0,0.2890625,-2.91015625,1.8515625,0.8103579821161534,-0.014130069887386701,0.05804620502334666,-0.5828730124820704
363772,15.5625,-2.625,4.0625,0.2890625,-2.6015625,1.71875,0.8100222785119174,-0.023743400372325817,0.047883541367839594,-0.5839716788232062
363833,15.5625,-2.6875,4.1875,0.26953125,-2.23828125,1.73828125,0.8103885006256294,-0.023987548448133795,0.04806665242469558,-0.5834223456526383
363874,15.625,-2.75,4.25,0.25,-2.0703125,1.7109375,0.8103885006256294,-0.025666066469313638,0.04770043031098361,-0.5833613086336863
363924,15.625,-2.8125,4.25,0.21875,-1.890625,1.69921875,0.8106021301919615,-0.027100436414685507,0.04663228247932371,-0.5830866420484023
363974,15.625,-2.875,4.3125,0.1796875,-1.640625,1.69140625,0.8111514633625294,-0.025849177526169623,0.048463393047883545,-0.5822321237830744
364026,15.625,-2.875,4.375,0.16015625,-1.48828125,1.671875,0.8115176854762414,-0.02621539963988159,0.04803613391521958,-0.5817743461409345
364080,15.625,-2.9375,4.4375,0.12890625,-1.26953125,1.640625,0.8118533890804773,-0.026581621753593555,0.04760887478255562,-0.5813165684987945
364130,15.625,-2.9375,4.5,0.109375,-1.1484375,1.62109375,0.8119754631183813,-0.027588732566301462,0.04617450483718375,-0.5811944944608906
364177,15.625,-2.9375,4.5625,0.078125,-0.9609375,1.6015625,0.8125858333079012,-0.027130954924161503,0.047791985839411605,-0.5802484206671347
364228,15.625,-2.9375,4.5625,0.05859375,-0.859375,1.578125,0.8128604998931852,-0.02816858424634541,0.046967986083559676,-0.5798821985534226
364278,15.625,-2.875,4.625,0.03125,-0.7109375,1.55859375,0.8131656849879452,-0.028290658284249398,0.04660176396984771,-0.5794854579302346
364328,15.625,-2.875,4.6875,0.01953125,-0.62109375,1.5390625,0.8135319071016571,-0.028229621265297402,0.04654072695089572,-0.5789666432691427
364379,15.625,-2.875,4.6875,0.0,-0.48828125,1.51171875,0.8139286477248451,-0.02835169530320139,0.04632709738456374,-0.5784173100985748
364430,15.625,-2.8125,4.75,-0.01953125,-0.421875,1.48828125,0.814294869838557,-0.028778954435865353,0.0456556901760918,-0.5779290139469588
364480,15.625,-2.8125,4.75,-0.05078125,-0.33984375,1.4609375,0.8146305734427931,-0.028992584002197334,0.045258949552903834,-0.5774712363048189
364521,15.5625,-2.75,4.8125,-0.05859375,-0.28125,1.44140625,0.8149357585375531,-0.028901028473769342,0.04531998657185583,-0.5770439771721549
364573,15.5625,-2.75,4.8125,-0.05859375,-0.23046875,1.421875,0.815301980651265,-0.028901028473769342,0.04531998657185583,-0.576555681020539
364631,15.5625,-2.6875,4.875,-0.05859375,-0.16015625,1.3984375,0.815698721274453,-0.02893154698324534,0.045167394024475845,-0.575975829340495
364677,15.5625,-2.6875,4.875,-0.0703125,-0.12109375,1.37890625,0.8159733878597369,-0.028992584002197334,0.04504531998657186,-0.575609607226783
364722,15.5625,-2.625,4.9375,-0.078125,-0.0703125,1.3515625,0.8163090914639729,-0.029114658040101323,0.04480117191076388,-0.5751518295846431
