time (us),GPS_fixType,GPS_numSat,GPS_coord[0],GPS_coord[1],GPS_altitude,GPS_speed (m/s),GPS_ground_course,GPS_hdop,GPS_eph,GPS_epv,GPS_velned[0],GPS_velned[1],GPS_velned[2],GPS_home_lat,GPS_home_lon
346678116,2,7,37.4117609,-121.9948173,0,0.16,86.0,259,195,328,-14,-9,51,37.4117612,-121.9948176
346686119,2,7,37.4117609,-121.9948173,0,0.16,86.0,259,195,328,-14,-9,51,37.4117612,-121.9948176
346741685,2,7,37.4117606,-121.9948174,0,0.23,86.0,259,195,328,-14,-18,57,37.4117612,-121.9948176
346842413,2,7,37.4117604,-121.9948175,0,0.32,86.0,259,194,328,-22,-24,60,37.4117612,-121.9948176
346942674,2,7,37.4117602,-121.9948175,0,0.18,86.0,259,194,328,-14,-11,55,37.4117612,-121.9948176
347044264,2,7,37.4117599,-121.9948176,0,0.31,86.0,259,194,328,-27,-13,71,37.4117612,-121.9948176
347145102,2,7,37.4117595,-121.9948176,0,0.33,86.0,259,194,328,-33,-5,67,37.4117612,-121.9948176
347245627,2,7,37.4117592,-121.9948177,0,0.25,86.0,259,193,327,-23,-9,61,37.4117612,-121.9948176
347346486,2,7,37.4117590,-121.9948179,0,0.23,86.0,259,193,327,-7,-22,58,37.4117612,-121.9948176
347446304,2,7,37.4117589,-121.9948181,0,0.29,86.0,259,193,327,-12,-27,63,37.4117612,-121.9948176
347546522,2,7,37.4117588,-121.9948183,0,0.16,86.0,259,193,327,-6,-15,61,37.4117612,-121.9948176
347647056,2,7,37.4117586,-121.9948183,0,0.12,86.0,259,192,327,-10,-7,59,37.4117612,-121.9948176
347747933,2,7,37.4117583,-121.9948184,0,0.25,86.0,259,192,327,-16,-19,69,37.4117612,-121.9948176
347848556,2,7,37.4117581,-121.9948186,0,0.19,86.0,259,192,327,-12,-15,58,37.4117612,-121.9948176
347949185,2,7,37.4117579,-121.9948186,0,0.05,86.0,259,192,327,1,-5,56,37.4117612,-121.9948176
348030339,2,7,37.4117578,-121.9948187,0,0.21,86.0,259,191,327,-8,-19,47,37.4117612,-121.9948176
348131027,2,7,37.4117575,-121.9948189,0,0.20,86.0,259,191,327,-11,-17,44,37.4117612,-121.9948176
348230938,2,7,37.4117573,-121.9948190,0,0.18,86.0,259,191,327,-13,-12,37,37.4117612,-121.9948176
348331793,2,7,37.4117572,-121.9948191,0,0.16,86.0,259,191,326,-2,-16,29,37.4117612,-121.9948176
348432362,2,7,37.4117572,-121.9948193,0,0.22,86.0,259,191,326,19,-11,30,37.4117612,-121.9948176
348533123,2,7,37.4117572,-121.9948195,0,0.22,86.0,259,190,326,13,-18,34,37.4117612,-121.9948176
348633850,2,7,37.4117573,-121.9948196,0,0.25,86.0,259,190,325,19,-16,34,37.4117612,-121.9948176
348734250,2,7,37.4117572,-121.9948197,0,0.22,86.0,259,190,324,0,-22,48,37.4117612,-121.9948176
348823821,2,7,37.4117572,-121.9948197,0,0.22,86.0,259,190,324,0,-22,48,37.4117612,-121.9948176
348834833,2,7,37.4117571,-121.9948198,0,0.24,86.0,259,190,324,-4,-24,59,37.4117612,-121.9948176
348936163,2,7,37.4117569,-121.9948198,0,0.13,86.0,259,189,323,-1,-13,70,37.4117612,-121.9948176
349037412,2,7,37.4117568,-121.9948199,0,0.17,86.0,259,189,322,-10,-13,62,37.4117612,-121.9948176
349138548,2,7,37.4117566,-121.9948198,0,0.10,86.0,259,189,321,-7,-8,52,37.4117612,-121.9948176
349239097,2,7,37.4117564,-121.9948199,0,0.24,86.0,259,188,320,-8,-22,59,37.4117612,-121.9948176
349339725,2,7,37.4117562,-121.9948201,0,0.24,86.0,259,188,319,-12,-20,57,37.4117612,-121.9948176
349440391,2,7,37.4117561,-121.9948202,0,0.15,86.0,259,188,318,-2,-15,58,37.4117612,-121.9948176
349540858,2,7,37.4117559,-121.9948203,0,0.30,86.0,259,188,318,-2,-29,67,37.4117612,-121.9948176
349742615,2,7,37.4117557,-121.9948204,0,0.26,86.0,259,187,317,-8,-25,71,37.4117612,-121.9948176
349843740,2,7,37.4117556,-121.9948206,0,0.33,86.0,259,187,316,0,-33,72,37.4117612,-121.9948176
349943894,2,7,37.4117554,-121.9948207,0,0.34,86.0,259,186,316,2,-34,93,37.4117612,-121.9948176
350145415,2,7,37.4117552,-121.9948208,0,0.46,86.0,259,186,314,-9,-45,130,37.4117612,-121.9948176
350246392,2,7,37.4117551,-121.9948208,0,0.51,86.0,259,185,313,0,-51,133,37.4117612,-121.9948176
350347353,2,7,37.4117549,-121.9948208,0,0.49,86.0,259,184,312,-8,-49,154,37.4117612,-121.9948176
350548661,2,7,37.4117548,-121.9948208,0,0.50,86.0,259,183,310,-2,-50,156,37.4117612,-121.9948176
350629757,2,7,37.4117546,-121.9948207,0,0.35,86.0,259,183,309,-12,-33,157,37.4117612,-121.9948176
350730637,2,7,37.4117544,-121.9948206,0,0.38,86.0,259,182,308,-8,-37,149,37.4117612,-121.9948176
350832090,2,7,37.4117542,-121.9948205,0,0.29,86.0,259,181,308,-8,-27,141,37.4117612,-121.9948176
350932868,2,7,37.4117539,-121.9948204,0,0.29,86.0,259,181,307,-16,-24,128,37.4117612,-121.9948176
350944294,2,7,37.4117539,-121.9948204,0,0.29,86.0,259,181,307,-16,-24,128,37.4117612,-121.9948176
351034129,2,7,37.4117537,-121.9948203,0,0.25,86.0,259,180,306,-17,-19,121,37.4117612,-121.9948176
351135443,2,7,37.4117532,-121.9948202,0,0.29,86.0,259,179,306,-28,-8,107,37.4117612,-121.9948176
351235486,2,7,37.4117526,-121.9948199,0,0.50,86.0,259,178,305,-50,6,100,37.4117612,-121.9948176
351336415,2,7,37.4117520,-121.9948196,0,0.39,86.0,259,178,304,-38,11,89,37.4117612,-121.9948176
351437480,2,7,37.4117515,-121.9948192,0,0.42,86.0,259,177,304,-39,16,78,37.4117612,-121.9948176
351538687,2,7,37.4117511,-121.9948188,0,0.38,86.0,259,177,304,-21,31,77,37.4117612,-121.9948176
351639550,2,7,37.4117507,-121.9948185,0,0.13,86.0,259,176,303,3,13,72,37.4117612,-121.9948176
351740555,2,7,37.4117505,-121.9948184,0,0.11,86.0,259,175,303,11,-2,80,37.4117612,-121.9948176
351841107,2,7,37.4117506,-121.9948186,0,0.76,10.5,259,174,303,59,-47,92,37.4117612,-121.9948176
351941819,2,7,37.4117513,-121.9948194,0,1.38,335.8,259,174,303,112,-80,77,37.4117612,-121.9948176
352043145,2,7,37.4117527,-121.9948207,0,2.39,323.6,259,173,303,182,-155,16,37.4117612,-121.9948176
352143003,2,7,37.4117554,-121.9948236,0,4.69,317.3,259,173,303,330,-332,-92,37.4117612,-121.9948176
352243859,2,7,37.4117588,-121.9948272,0,5.31,316.8,259,173,303,385,-365,-140,37.4117612,-121.9948176
352345164,2,7,37.4117628,-121.9948306,0,5.44,320.4,259,174,303,437,-324,-118,37.4117612,-121.9948176
352446244,2,7,37.4117681,-121.9948339,0,6.50,328.5,259,174,304,581,-291,-102,37.4117612,-121.9948176
352526684,2,7,37.4117738,-121.9948373,0,6.92,332.3,259,174,304,630,-286,-81,37.4117612,-121.9948176
352627091,2,7,37.4117798,-121.9948409,0,7.45,333.1,259,174,304,668,-330,-62,37.4117612,-121.9948176
352728537,2,7,37.4117864,-121.9948447,0,8.17,333.3,259,174,304,730,-367,-101,37.4117612,-121.9948176
352829951,2,7,37.4117927,-121.9948494,0,8.22,329.5,259,174,305,709,-416,-101,37.4117612,-121.9948176
352930551,2,7,37.4117993,-121.9948548,0,8.75,325.2,259,174,305,719,-498,-79,37.4117612,-121.9948176
353031182,2,7,37.4118068,-121.9948605,0,9.61,329.8,259,174,306,831,-483,-45,37.4117612,-121.9948176
353091602,2,7,37.4118068,-121.9948605,0,9.61,329.8,259,174,306,831,-483,-45,37.4117612,-121.9948176
353131558,2,7,37.4118148,-121.9948655,0,9.86,335.1,259,175,306,894,-414,17,37.4117612,-121.9948176
353232563,2,7,37.4118229,-121.9948705,0,10.04,333.9,259,175,307,901,-441,16,37.4117612,-121.9948176
353333115,2,7,37.4118304,-121.9948760,0,9.80,326.5,259,176,307,818,-540,-99,37.4117612,-121.9948176
353433304,2,7,37.4118357,-121.9948831,1,9.13,313.0,259,176,308,623,-668,-201,37.4117612,-121.9948176
353533771,2,7,37.4118403,-121.9948925,1,10.10,301.2,259,177,309,523,-864,-256,37.4117612,-121.9948176
353634313,2,7,37.4118447,-121.9949028,1,10.50,298.0,259,178,309,493,-927,-241,37.4117612,-121.9948176
353734165,2,7,37.4118487,-121.9949136,2,10.74,294.1,259,178,310,440,-979,-202,37.4117612,-121.9948176
353835511,2,7,37.4118534,-121.9949243,2,10.85,298.6,259,179,311,520,-952,-191,37.4117612,-121.9948176
353936374,2,7,37.4118580,-121.9949352,2,10.98,298.4,259,179,312,522,-966,-190,37.4117612,-121.9948176
354036811,2,7,37.4118624,-121.9949462,2,10.88,297.1,259,179,312,497,-967,-252,37.4117612,-121.9948176
354137545,2,7,37.4118675,-121.9949567,3,10.87,301.7,259,179,313,573,-924,-284,37.4117612,-121.9948176
354237808,2,7,37.4118728,-121.9949671,3,11.43,301.6,259,179,313,600,-973,-278,37.4117612,-121.9948176
354338230,2,7,37.4118782,-121.9949776,4,11.17,303.2,259,179,312,613,-934,-288,37.4117612,-121.9948176
354438587,2,7,37.4118831,-121.9949872,4,9.50,304.6,259,179,313,540,-782,-370,37.4117612,-121.9948176
354539034,2,7,37.4118873,-121.9949969,4,9.64,302.7,259,179,313,521,-811,-293,37.4117612,-121.9948176
354639944,2,7,37.4118931,-121.9950050,4,9.59,311.3,259,179,314,633,-720,-309,37.4117612,-121.9948176
354741347,2,7,37.4118991,-121.9950126,5,9.69,313.2,259,179,315,664,-705,-323,37.4117612,-121.9948176
354842024,2,7,37.4119056,-121.9950198,5,9.75,318.0,259,180,316,725,-652,-329,37.4117612,-121.9948176
354942584,2,7,37.4119127,-121.9950264,6,9.83,322.2,259,180,316,777,-602,-335,37.4117612,-121.9948176
355043391,2,7,37.4119199,-121.9950326,6,9.82,324.0,259,180,317,795,-576,-352,37.4117612,-121.9948176
355143843,2,7,37.4119275,-121.9950387,7,10.17,324.6,259,180,318,829,-589,-389,37.4117612,-121.9948176
355239076,2,7,37.4119275,-121.9950387,7,10.17,324.6,259,180,318,829,-589,-389,37.4117612,-121.9948176
355244301,2,7,37.4119349,-121.9950449,7,9.90,327.9,259,180,318,839,-525,-369,37.4117612,-121.9948176
355324842,2,7,37.4119426,-121.9950503,7,9.67,330.2,259,180,319,840,-479,-389,37.4117612,-121.9948176
355425866,2,7,37.4119498,-121.9950539,8,8.21,334.0,259,180,320,738,-359,-524,37.4117612,-121.9948176
355526495,2,7,37.4119565,-121.9950567,9,7.27,337.5,259,180,320,672,-277,-605,37.4117612,-121.9948176
355627411,2,7,37.4119629,-121.9950591,10,7.25,338.8,259,180,321,676,-262,-644,37.4117612,-121.9948176
355727773,2,7,37.4119693,-121.9950615,11,7.19,340.5,259,180,321,678,-239,-678,37.4117612,-121.9948176
355828206,2,7,37.4119758,-121.9950637,12,7.35,343.5,259,181,322,705,-208,-686,37.4117612,-121.9948176
355928624,2,7,37.4119824,-121.9950658,12,7.53,344.7,259,181,322,726,-198,-686,37.4117612,-121.9948176
356029396,2,7,37.4119892,-121.9950676,13,7.65,347.9,259,181,322,748,-160,-689,37.4117612,-121.9948176
356130247,2,7,37.4119963,-121.9950692,14,7.77,347.9,259,181,322,760,-162,-707,37.4117612,-121.9948176
356230934,2,7,37.4120034,-121.9950706,15,7.86,350.5,259,181,322,775,-128,-707,37.4117612,-121.9948176
356331561,2,7,37.4120105,-121.9950719,15,7.87,352.2,259,181,323,780,-106,-700,37.4117612,-121.9948176
356432258,2,7,37.4120176,-121.9950729,16,7.83,353.5,259,181,323,778,-87,-696,37.4117612,-121.9948176
356532896,2,7,37.4120247,-121.9950741,17,8.17,352.6,259,181,324,811,-104,-657,37.4117612,-121.9948176
356633469,2,7,37.4120324,-121.9950755,17,8.94,355.4,259,181,324,891,-70,-556,37.4117612,-121.9948176
356734951,2,7,37.4120404,-121.9950767,17,9.04,355.4,259,181,323,901,-71,-513,37.4117612,-121.9948176
356835062,2,7,37.4120483,-121.9950781,18,8.82,353.3,259,181,323,876,-103,-504,37.4117612,-121.9948176
356935221,2,7,37.4120558,-121.9950796,18,8.24,350.9,259,181,323,814,-129,-522,37.4117612,-121.9948176
357036382,2,7,37.4120632,-121.9950808,19,7.84,351.8,259,181,323,776,-111,-552,37.4117612,-121.9948176
357136680,2,7,37.4120702,-121.9950816,20,7.44,354.2,259,182,323,740,-74,-575,37.4117612,-121.9948176
357238166,2,7,37.4120770,-121.9950820,20,7.18,355.8,259,182,323,716,-51,-612,37.4117612,-121.9948176
357338938,2,7,37.4120835,-121.9950822,21,6.92,357.7,259,182,323,691,-27,-633,37.4117612,-121.9948176
357387447,2,7,37.4120835,-121.9950822,21,6.92,357.7,259,182,323,691,-27,-633,37.4117612,-121.9948176
357439486,2,7,37.4120903,-121.9950824,22,7.52,358.1,259,182,324,752,-24,-592,37.4117612,-121.9948176
357540452,2,7,37.4120976,-121.9950825,22,8.49,0.7,259,182,324,849,11,-516,37.4117612,-121.9948176
357640942,2,7,37.4121054,-121.9950825,23,8.87,2.4,259,182,323,886,37,-460,37.4117612,-121.9948176
357741443,2,7,37.4121132,-121.9950826,23,8.83,359.9,259,182,323,883,0,-440,37.4117612,-121.9948176
357821776,2,7,37.4121216,-121.9950831,24,8.92,351.7,259,182,323,882,-128,-532,37.4117612,-121.9948176
357922617,2,7,37.4121294,-121.9950847,24,8.68,351.3,259,182,323,858,-130,-532,37.4117612,-121.9948176
358024227,2,7,37.4121366,-121.9950868,25,8.37,349.0,259,182,323,821,-158,-508,37.4117612,-121.9948176
358124363,2,7,37.4121436,-121.9950894,25,7.99,343.8,259,182,324,768,-222,-511,37.4117612,-121.9948176
358225060,2,7,37.4121502,-121.9950925,26,7.80,339.6,259,182,324,731,-271,-517,37.4117612,-121.9948176
358326016,2,7,37.4121562,-121.9950961,26,7.47,335.4,259,183,325,679,-311,-502,37.4117612,-121.9948176
358426307,2,7,37.4121618,-121.9951002,27,7.12,330.2,259,183,326,618,-353,-509,37.4117612,-121.9948176
358526701,2,7,37.4121668,-121.9951050,28,6.83,320.3,259,183,327,526,-436,-559,37.4117612,-121.9948176
358627436,2,7,37.4121714,-121.9951103,28,6.91,315.3,259,183,328,492,-486,-577,37.4117612,-121.9948176
358728076,2,7,37.4121762,-121.9951158,29,7.05,314.1,259,184,329,491,-505,-595,37.4117612,-121.9948176
358828663,2,7,37.4121810,-121.9951213,30,7.10,313.6,259,184,330,490,-514,-621,37.4117612,-121.9948176
358928927,2,7,37.4121856,-121.9951270,31,7.07,313.0,259,184,331,482,-517,-634,37.4117612,-121.9948176
359029134,2,7,37.4121903,-121.9951328,32,7.17,314.7,259,184,331,504,-509,-634,37.4117612,-121.9948176
359130244,2,7,37.4121946,-121.9951387,32,7.16,314.0,259,184,332,497,-515,-582,37.4117612,-121.9948176
359230599,2,7,37.4121992,-121.9951447,32,7.47,316.6,259,184,334,543,-513,-525,37.4117612,-121.9948176
359331040,2,7,37.4122040,-121.9951505,33,7.38,315.8,259,184,335,529,-514,-514,37.4117612,-121.9948176
359431652,2,7,37.4122087,-121.9951565,33,7.47,314.5,259,184,336,524,-532,-509,37.4117612,-121.9948176
359530467,2,7,37.4122087,-121.9951565,33,7.47,314.5,259,184,336,524,-532,-509,37.4117612,-121.9948176
359531598,2,7,37.4122136,-121.9951625,34,7.44,315.5,259,185,337,532,-521,-508,37.4117612,-121.9948176
359632279,2,7,37.4122184,-121.9951684,35,7.53,315.5,259,185,337,537,-527,-486,37.4117612,-121.9948176
359733088,2,7,37.4122237,-121.9951742,35,7.64,316.3,259,185,338,553,-528,-503,37.4117612,-121.9948176
359834006,2,7,37.4122287,-121.9951802,36,7.68,316.7,259,185,339,560,-526,-477,37.4117612,-121.9948176
359934987,2,7,37.4122340,-121.9951860,36,7.97,318.0,259,185,339,593,-532,-417,37.4117612,-121.9948176
360035220,2,7,37.4122397,-121.9951918,36,8.20,319.6,259,185,339,624,-531,-379,37.4117612,-121.9948176
360135787,2,7,37.4122460,-121.9951972,37,8.37,321.6,259,184,339,656,-519,-375,37.4117612,-121.9948176
360236320,2,7,37.4122527,-121.9952026,38,8.66,323.0,259,184,340,693,-520,-385,37.4117612,-121.9948176
360336812,2,7,37.4122593,-121.9952079,38,8.66,327.0,259,184,341,726,-471,-374,37.4117612,-121.9948176
360418134,2,7,37.4122664,-121.9952127,38,8.73,330.5,259,184,341,760,-429,-366,37.4117612,-121.9948176
360538806,2,7,37.4122740,-121.9952171,39,9.00,330.8,259,184,342,786,-438,-397,37.4117612,-121.9948176
360619383,2,7,37.4122815,-121.9952214,40,9.07,333.7,259,184,343,813,-401,-408,37.4117612,-121.9948176
360719391,2,7,37.4122892,-121.9952255,40,9.14,336.3,259,184,343,837,-366,-377,37.4117612,-121.9948176
360819984,2,7,37.4122968,-121.9952293,40,9.22,338.3,259,184,344,857,-339,-352,37.4117612,-121.9948176
360920147,2,7,37.4123045,-121.9952328,41,9.13,339.3,259,184,345,855,-322,-350,37.4117612,-121.9948176
361020629,2,7,37.4123123,-121.9952362,41,9.25,340.2,259,184,345,871,-312,-354,37.4117612,-121.9948176
361120897,2,7,37.4123201,-121.9952396,42,9.26,340.1,259,184,346,871,-315,-352,37.4117612,-121.9948176
361221334,2,7,37.4123280,-121.9952433,42,9.49,338.7,259,184,346,885,-343,-347,37.4117612,-121.9948176
361321648,2,7,37.4123358,-121.9952473,43,9.49,337.3,259,184,346,876,-366,-326,37.4117612,-121.9948176
361421837,2,7,37.4123438,-121.9952514,43,9.80,337.4,259,183,346,905,-375,-268,37.4117612,-121.9948176
361523068,2,7,37.4123523,-121.9952553,43,10.46,340.0,259,183,346,983,-357,-150,37.4117612,-121.9948176
361623868,2,7,37.4123610,-121.9952588,43,10.58,343.3,259,183,346,1014,-303,1,37.4117612,-121.9948176
361682157,2,7,37.4123610,-121.9952588,43,10.58,343.3,259,183,346,1014,-303,1,37.4117612,-121.9948176
361724950,2,7,37.4123702,-121.9952623,43,10.99,342.9,259,183,347,1051,-322,27,37.4117612,-121.9948176
361826093,2,7,37.4123795,-121.9952662,43,11.25,342.1,259,183,347,1070,-345,65,37.4117612,-121.9948176
361926535,2,7,37.4123891,-121.9952702,43,11.45,342.0,259,183,347,1089,-353,68,37.4117612,-121.9948176
362027445,2,7,37.4123988,-121.9952744,43,11.45,340.8,259,183,347,1082,-375,51,37.4117612,-121.9948176
362128178,2,7,37.4124086,-121.9952789,43,11.59,339.5,259,183,347,1086,-405,-19,37.4117612,-121.9948176
362229630,2,7,37.4124184,-121.9952835,43,11.27,338.1,259,183,346,1046,-419,-132,37.4117612,-121.9948176
362330384,2,7,37.4124282,-121.9952880,43,11.36,338.3,259,183,346,1056,-418,-206,37.4117612,-121.9948176
362430589,2,7,37.4124378,-121.9952926,44,11.27,337.5,259,183,345,1041,-431,-228,37.4117612,-121.9948176
362531219,2,7,37.4124474,-121.9952972,44,11.26,338.1,259,182,345,1046,-418,-237,37.4117612,-121.9948176
362631684,2,7,37.4124570,-121.9953019,44,11.34,337.8,259,182,345,1050,-428,-261,37.4117612,-121.9948176
362732142,2,7,37.4124664,-121.9953066,45,11.31,337.8,259,182,344,1048,-427,-252,37.4117612,-121.9948176
362833112,2,7,37.4124760,-121.9953112,45,11.28,338.4,259,182,344,1049,-414,-272,37.4117612,-121.9948176
362933487,2,7,37.4124854,-121.9953159,45,11.20,337.8,259,182,344,1038,-422,-278,37.4117612,-121.9948176
363033921,2,7,37.4124948,-121.9953205,46,11.24,337.8,259,182,343,1041,-423,-304,37.4117612,-121.9948176
363134357,2,7,37.4125041,-121.9953251,46,11.18,337.6,259,182,343,1034,-424,-309,37.4117612,-121.9948176
363235119,2,7,37.4125134,-121.9953298,46,11.09,337.3,259,182,343,1024,-427,-333,37.4117612,-121.9948176
363335661,2,7,37.4125227,-121.9953344,47,10.99,338.2,259,182,342,1020,-407,-352,37.4117612,-121.9948176
363416769,2,7,37.4125320,-121.9953388,47,11.14,337.4,259,182,342,1029,-426,-345,37.4117612,-121.9948176
363517329,2,7,37.4125411,-121.9953433,47,10.99,338.4,259,182,341,1022,-404,-336,37.4117612,-121.9948176
363617598,2,7,37.4125504,-121.9953477,48,10.98,338.3,259,181,341,1021,-405,-360,37.4117612,-121.9948176
363718386,2,7,37.4125595,-121.9953521,48,10.87,337.8,259,181,340,1007,-409,-396,37.4117612,-121.9948176
363819693,2,7,37.4125685,-121.9953567,49,10.86,337.6,259,181,340,1004,-413,-394,37.4117612,-121.9948176
363823397,2,7,37.4125685,-121.9953567,49,10.86,337.6,259,181,340,1004,-413,-394,37.4117612,-121.9948176
363920055,2,7,37.4125777,-121.9953610,49,10.97,338.7,259,181,340,1023,-397,-365,37.4117612,-121.9948176
364020554,2,7,37.4125868,-121.9953654,50,10.83,338.7,259,181,339,1009,-393,-388,37.4117612,-121.9948176
364121379,2,7,37.4125957,-121.9953699,50,10.73,336.3,259,181,339,982,-430,-392,37.4117612,-121.9948176
364221726,2,7,37.4126046,-121.9953746,51,10.70,336.5,259,181,339,982,-425,-385,37.4117612,-121.9948176
364322196,2,7,37.4126137,-121.9953790,51,10.84,338.0,259,181,338,1005,-405,-381,37.4117612,-121.9948176
364423110,2,7,37.4126227,-121.9953833,52,10.70,337.9,259,181,338,991,-401,-389,37.4117612,-121.9948176
364524147,2,7,37.4126318,-121.9953877,52,10.74,337.3,259,181,338,991,-413,-424,37.4117612,-121.9948176
364624806,2,7,37.4126410,-121.9953921,53,10.78,336.9,259,181,338,992,-422,-437,37.4117612,-121.9948176
364725400,2,7,37.4126498,-121.9953964,53,10.43,337.2,259,180,337,962,-403,-457,37.4117612,-121.9948176
364826091,2,7,37.4126587,-121.9954006,54,10.62,338.5,259,180,337,989,-388,-456,37.4117612,-121.9948176
364927157,2,7,37.4126678,-121.9954045,54,10.62,339.2,259,180,337,993,-376,-458,37.4117612,-121.9948176
365028570,2,7,37.4126769,-121.9954085,55,10.58,339.1,259,180,336,989,-377,-486,37.4117612,-121.9948176
365129377,2,7,37.4126857,-121.9954125,56,10.45,337.9,259,180,336,969,-391,-482,37.4117612,-121.9948176
365230378,2,7,37.4126945,-121.9954167,56,10.41,338.3,259,180,335,967,-384,-479,37.4117612,-121.9948176
365330499,2,7,37.4127033,-121.9954208,57,10.47,339.1,259,180,335,978,-373,-434,37.4117612,-121.9948176
365431163,2,7,37.4127123,-121.9954248,57,10.62,339.8,259,180,334,997,-365,-407,37.4117612,-121.9948176
365531829,2,7,37.4127212,-121.9954288,58,10.40,339.4,259,180,334,974,-364,-428,37.4117612,-121.9948176
365632919,2,7,37.4127299,-121.9954329,58,10.23,338.9,259,180,334,955,-366,-437,37.4117612,-121.9948176
365713990,2,7,37.4127384,-121.9954370,59,10.15,338.2,259,180,333,942,-376,-439,37.4117612,-121.9948176
365814346,2,7,37.4127472,-121.9954411,59,10.49,339.5,259,180,333,983,-366,-402,37.4117612,-121.9948176
365915060,2,7,37.4127560,-121.9954452,60,10.30,339.9,259,180,333,968,-353,-402,37.4117612,-121.9948176
365954029,2,7,37.4127560,-121.9954452,60,10.30,339.9,259,180,333,968,-353,-402,37.4117612,-121.9948176
366015768,2,7,37.4127647,-121.9954493,60,10.13,338.3,259,180,332,941,-373,-428,37.4117612,-121.9948176
366116174,2,7,37.4127730,-121.9954536,61,9.98,336.7,259,180,332,917,-393,-440,37.4117612,-121.9948176
366216682,2,7,37.4127814,-121.9954580,61,10.06,336.6,259,180,332,924,-398,-426,37.4117612,-121.9948176
366317585,2,7,37.4127895,-121.9954624,62,9.77,336.2,259,180,332,894,-394,-458,37.4117612,-121.9948176
366418419,2,7,37.4127975,-121.9954668,62,9.74,335.6,259,180,332,887,-402,-466,37.4117612,-121.9948176
366518966,2,7,37.4128055,-121.9954713,63,9.64,334.8,259,180,332,873,-409,-469,37.4117612,-121.9948176
366619502,2,7,37.4128133,-121.9954758,63,9.54,334.0,259,180,332,858,-417,-473,37.4117612,-121.9948176
366720072,2,7,37.4128212,-121.9954803,64,9.70,334.7,259,179,332,877,-413,-452,37.4117612,-121.9948176
366821098,2,7,37.4128290,-121.9954848,64,9.63,334.3,259,179,332,868,-416,-450,37.4117612,-121.9948176
366921604,2,7,37.4128368,-121.9954895,65,9.64,334.3,259,179,331,868,-417,-440,37.4117612,-121.9948176
367021721,2,7,37.4128445,-121.9954941,65,9.55,334.1,259,179,331,860,-416,-438,37.4117612,-121.9948176
367122617,2,7,37.4128521,-121.9954988,66,9.54,334.3,259,179,331,860,-412,-413,37.4117612,-121.9948176
367222917,2,7,37.4128597,-121.9955035,66,9.74,334.8,259,179,331,881,-414,-347,37.4117612,-121.9948176
367323614,2,7,37.4128674,-121.9955082,66,9.73,334.9,259,179,331,881,-412,-286,37.4117612,-121.9948176
367424265,2,7,37.4128755,-121.9955129,66,9.93,334.3,259,179,332,895,-430,-263,37.4117612,-121.9948176
367524908,2,7,37.4128836,-121.9955178,67,10.00,333.2,259,179,332,893,-450,-270,37.4117612,-121.9948176
367625426,2,7,37.4128917,-121.9955226,67,9.91,334.2,259,179,332,893,-430,-292,37.4117612,-121.9948176
367726195,2,7,37.4128999,-121.9955274,68,10.09,334.1,259,179,332,908,-439,-298,37.4117612,-121.9948176
367826572,2,7,37.4129081,-121.9955323,68,10.04,333.3,259,179,332,897,-450,-312,37.4117612,-121.9948176
367927739,2,7,37.4129163,-121.9955372,68,10.18,334.1,259,179,331,916,-443,-298,37.4117612,-121.9948176
368028957,2,7,37.4129247,-121.9955420,69,10.18,334.3,259,179,331,918,-440,-307,37.4117612,-121.9948176
368091606,2,7,37.4129247,-121.9955420,69,10.18,334.3,259,179,331,918,-440,-307,37.4117612,-121.9948176
368130044,2,7,37.4129332,-121.9955467,69,10.32,335.3,259,179,331,938,-430,-316,37.4117612,-121.9948176
368231159,2,7,37.4129418,-121.9955513,69,10.29,335.8,259,179,331,939,-421,-345,37.4117612,-121.9948176
368311547,2,7,37.4129504,-121.9955558,70,10.23,336.6,259,179,331,939,-406,-393,37.4117612,-121.9948176
368412105,2,7,37.4129591,-121.9955602,71,10.15,335.8,259,179,330,926,-415,-485,37.4117612,-121.9948176
368512577,2,7,37.4129676,-121.9955646,71,10.19,336.6,259,178,330,935,-404,-490,37.4117612,-121.9948176
368614263,2,7,37.4129765,-121.9955685,72,10.44,339.7,259,178,330,979,-362,-474,37.4117612,-121.9948176
368714376,2,7,37.4129853,-121.9955723,72,10.41,340.2,259,178,330,979,-351,-448,37.4117612,-121.9948176
368814705,2,7,37.4129943,-121.9955760,73,10.46,339.8,259,178,330,982,-360,-442,37.4117612,-121.9948176
368914891,2,7,37.4130031,-121.9955798,73,10.32,339.7,259,178,330,968,-356,-460,37.4117612,-121.9948176
369015299,2,7,37.4130120,-121.9955835,74,10.40,341.0,259,178,329,984,-337,-469,37.4117612,-121.9948176
369116089,2,7,37.4130209,-121.9955869,75,10.38,342.8,259,178,329,992,-305,-450,37.4117612,-121.9948176
369216259,2,7,37.4130299,-121.9955901,75,10.37,342.9,259,178,329,992,-304,-458,37.4117612,-121.9948176
369316273,2,7,37.4130388,-121.9955933,76,10.34,343.3,259,178,328,990,-296,-460,37.4117612,-121.9948176
369417430,2,7,37.4130478,-121.9955962,76,10.18,344.3,259,178,328,980,-275,-497,37.4117612,-121.9948176
369517938,2,7,37.4130565,-121.9955989,77,9.94,345.0,259,178,328,961,-256,-521,37.4117612,-121.9948176
369618282,2,7,37.4130654,-121.9956013,77,10.22,346.7,259,178,327,995,-234,-480,37.4117612,-121.9948176
369718675,2,7,37.4130745,-121.9956037,78,10.28,347.3,259,178,327,1003,-224,-471,37.4117612,-121.9948176
369819896,2,7,37.4130836,-121.9956058,78,10.23,348.7,259,178,327,1004,-199,-500,37.4117612,-121.9948176
369920463,2,7,37.4130928,-121.9956079,79,10.35,348.9,259,178,326,1015,-197,-475,37.4117612,-121.9948176
370021341,2,7,37.4131019,-121.9956100,79,10.50,349.0,259,178,326,1031,-199,-405,37.4117612,-121.9948176
370121836,2,7,37.4131114,-121.9956120,80,10.84,349.3,259,178,326,1065,-200,-319,37.4117612,-121.9948176
370222607,2,7,37.4131210,-121.9956141,80,10.85,350.0,259,178,325,1068,-188,-245,37.4117612,-121.9948176
370237235,2,7,37.4131210,-121.9956141,80,10.85,350.0,259,178,325,1068,-188,-245,37.4117612,-121.9948176
370322591,2,7,37.4131309,-121.9956161,80,11.17,350.5,259,178,325,1102,-184,-217,37.4117612,-121.9948176
370423134,2,7,37.4131408,-121.9956183,80,11.29,349.3,259,178,325,1109,-208,-180,37.4117612,-121.9948176
370524188,2,7,37.4131508,-121.9956205,81,11.31,350.2,259,178,325,1115,-192,-138,37.4117612,-121.9948176
370624431,2,7,37.4131611,-121.9956225,81,11.53,351.6,259,178,325,1141,-167,-108,37.4117612,-121.9948176
370724868,2,7,37.4131715,-121.9956244,81,11.60,350.8,259,177,324,1145,-184,-142,37.4117612,-121.9948176
370825222,2,7,37.4131819,-121.9956263,81,11.54,350.9,259,177,324,1139,-181,-212,37.4117612,-121.9948176
370925656,2,7,37.4131922,-121.9956281,81,11.23,350.9,259,177,324,1109,-177,-346,37.4117612,-121.9948176
371025808,2,7,37.4132023,-121.9956297,82,10.88,350.9,259,177,323,1074,-170,-489,37.4117612,-121.9948176
371126374,2,7,37.4132122,-121.9956312,83,10.77,351.8,259,177,323,1066,-153,-517,37.4117612,-121.9948176
371207262,2,7,37.4132219,-121.9956326,83,10.69,352.8,259,177,323,1061,-133,-518,37.4117612,-121.9948176
371308633,2,7,37.4132316,-121.9956340,84,10.62,351.7,259,177,322,1051,-152,-538,37.4117612,-121.9948176
371408912,2,7,37.4132411,-121.9956359,84,10.51,349.0,259,177,322,1032,-199,-535,37.4117612,-121.9948176
371509381,2,7,37.4132504,-121.9956381,85,10.60,348.5,259,177,322,1039,-210,-500,37.4117612,-121.9948176
371610134,2,7,37.4132599,-121.9956403,85,10.66,348.3,259,177,322,1044,-216,-461,37.4117612,-121.9948176
371711525,2,7,37.4132693,-121.9956435,86,11.27,345.0,259,178,322,1089,-290,-376,37.4117612,-121.9948176
371812374,2,7,37.4132788,-121.9956475,86,11.37,341.6,259,178,323,1079,-358,-303,37.4117612,-121.9948176
371912940,2,7,37.4132859,-121.9956540,86,10.25,324.7,259,178,324,837,-591,-227,37.4117612,-121.9948176
372013547,2,7,37.4132893,-121.9956634,86,9.45,297.0,259,178,325,430,-842,-129,37.4117612,-121.9948176
372113829,2,7,37.4132905,-121.9956747,86,10.48,278.9,259,179,326,163,-1036,-81,37.4117612,-121.9948176
372214115,2,7,37.4132898,-121.9956866,86,10.82,266.2,259,179,327,-70,-1080,-58,37.4117612,-121.9948176
372315176,2,7,37.4132859,-121.9956988,86,11.69,249.9,259,180,328,-401,-1098,-23,37.4117612,-121.9948176
372400025,2,7,37.4132859,-121.9956988,86,11.69,249.9,259,180,328,-401,-1098,-23,37.4117612,-121.9948176
372415375,2,7,37.4132787,-121.9957106,86,12.95,234.4,259,180,329,-752,-1054,25,37.4117612,-121.9948176
372515593,2,7,37.4132698,-121.9957220,85,13.42,226.6,259,180,330,-921,-975,111,37.4117612,-121.9948176
372616398,2,7,37.4132595,-121.9957316,85,13.98,217.1,259,181,331,-1114,-844,174,37.4117612,-121.9948176
372716634,2,7,37.4132470,-121.9957393,85,15.08,205.7,259,181,332,-1358,-655,208,37.4117612,-121.9948176
372816948,2,7,37.4132329,-121.9957453,84,16.08,197.8,259,182,332,-1531,-492,243,37.4117612,-121.9948176
372917789,2,7,37.4132182,-121.9957500,84,16.52,194.1,259,182,333,-1602,-405,292,37.4117612,-121.9948176
373019197,2,7,37.4132029,-121.9957537,84,17.14,190.6,259,182,333,-1685,-316,304,37.4117612,-121.9948176
373118964,2,7,37.4131868,-121.9957557,83,17.86,184.4,259,182,332,-1781,-137,250,37.4117612,-121.9948176
373219202,2,7,37.4131700,-121.9957561,83,18.54,180.4,259,182,331,-1854,-13,191,37.4117612,-121.9948176
373319828,2,7,37.4131531,-121.9957553,83,18.67,178.8,259,182,330,-1867,36,163,37.4117612,-121.9948176
373420161,2,7,37.4131361,-121.9957537,83,18.79,176.5,259,182,330,-1875,112,113,37.4117612,-121.9948176
373520842,2,7,37.4131191,-121.9957510,83,19.10,173.1,259,182,329,-1896,226,33,37.4117612,-121.9948176
373621292,2,7,37.4131020,-121.9957470,84,19.12,171.0,259,182,328,-1889,298,-8,37.4117612,-121.9948176
373722382,2,7,37.4130851,-121.9957428,84,19.11,169.4,259,182,327,-1879,350,-18,37.4117612,-121.9948176
373823910,2,7,37.4130683,-121.9957375,84,19.27,167.1,259,181,326,-1879,427,-29,37.4117612,-121.9948176
373924208,2,7,37.4130514,-121.9957320,84,19.32,165.9,259,181,325,-1874,467,-22,37.4117612,-121.9948176
374024909,2,7,37.4130348,-121.9957259,84,19.25,164.2,259,181,325,-1853,521,-29,37.4117612,-121.9948176
374105713,2,7,37.4130181,-121.9957194,84,19.46,163.0,259,181,324,-1861,568,-31,37.4117612,-121.9948176
374206700,2,7,37.4130016,-121.9957122,84,19.46,161.2,259,180,323,-1843,625,-32,37.4117612,-121.9948176
374307107,2,7,37.4129852,-121.9957047,84,19.42,159.7,259,180,322,-1822,674,-47,37.4117612,-121.9948176
374407351,2,7,37.4129690,-121.9956964,85,19.53,157.8,259,179,321,-1808,738,-48,37.4117612,-121.9948176
374508369,2,7,37.4129530,-121.9956876,85,19.53,157.2,259,179,321,-1801,755,-6,37.4117612,-121.9948176
374546799,2,7,37.4129530,-121.9956876,85,19.53,157.2,259,179,321,-1801,755,-6,37.4117612,-121.9948176
374608607,2,7,37.4129369,-121.9956786,85,19.59,156.4,259,179,321,-1796,782,20,37.4117612,-121.9948176
374709389,2,7,37.4129211,-121.9956692,85,19.51,154.7,259,177,320,-1765,832,31,37.4117612,-121.9948176
374809583,2,7,37.4129053,-121.9956588,85,19.99,152.4,259,176,319,-1772,925,-14,37.4117612,-121.9948176
374910498,2,7,37.4128895,-121.9956473,85,20.25,147.7,259,175,319,-1712,1080,-146,37.4117612,-121.9948176
375011109,2,7,37.4128745,-121.9956342,85,20.26,144.3,259,175,318,-1645,1182,-229,37.4117612,-121.9948176
375111189,2,7,37.4128598,-121.9956198,86,20.92,142.4,259,174,318,-1659,1273,-209,37.4117612,-121.9948176
375212224,2,7,37.4128450,-121.9956044,86,21.48,139.4,259,174,318,-1631,1398,-220,37.4117612,-121.9948176
375312418,2,7,37.4128314,-121.9955870,86,21.68,133.1,259,174,319,-1482,1582,-288,37.4117612,-121.9948176
375413018,2,7,37.4128204,-121.9955673,86,21.48,124.9,259,175,319,-1230,1761,-297,37.4117612,-121.9948176
375513337,2,7,37.4128106,-121.9955460,87,21.91,120.0,259,175,320,-1097,1896,-250,37.4117612,-121.9948176
375613697,2,7,37.4128028,-121.9955234,87,21.76,114.4,259,175,321,-902,1980,-182,37.4117612,-121.9948176
375714349,2,7,37.4127988,-121.9955004,87,20.54,104.2,259,176,321,-506,1991,-83,37.4117612,-121.9948176
375815110,2,7,37.4127977,-121.9954781,87,19.32,94.8,259,176,321,-163,1925,54,37.4117612,-121.9948176
375915770,2,7,37.4127985,-121.9954566,87,18.75,87.9,259,176,322,67,1874,196,37.4117612,-121.9948176
376016402,2,7,37.4128010,-121.9954366,86,17.81,79.8,259,177,322,312,1753,367,37.4117612,-121.9948176
376117244,2,7,37.4128041,-121.9954199,86,15.02,74.5,259,177,323,399,1448,529,37.4117612,-121.9948176
376217404,2,7,37.4128077,-121.9954075,85,11.69,67.0,259,178,324,456,1076,732,37.4117612,-121.9948176
376318418,2,7,37.4128122,-121.9953978,83,9.94,59.4,259,179,325,505,856,914,37.4117612,-121.9948176
376418969,2,7,37.4128172,-121.9953933,82,6.51,33.9,259,180,326,541,363,1054,37.4117612,-121.9948176
376519914,2,7,37.4128206,-121.9953946,81,4.49,336.1,259,181,328,410,-181,1123,37.4117612,-121.9948176
376600380,2,7,37.4128229,-121.9954000,80,5.68,298.8,259,182,330,274,-498,1208,37.4117612,-121.9948176
376701451,2,7,37.4128232,-121.9954089,78,8.52,275.4,259,183,331,80,-848,1186,37.4117612,-121.9948176
376707097,2,7,37.4128232,-121.9954089,78,8.52,275.4,259,183,331,80,-848,1186,37.4117612,-121.9948176
376801901,2,7,37.4128204,-121.9954215,78,12.56,258.1,259,184,333,-257,-1229,1042,37.4117612,-121.9948176
376902667,2,7,37.4128159,-121.9954361,77,14.30,250.3,259,185,334,-481,-1347,948,37.4117612,-121.9948176
377003526,2,7,37.4128095,-121.9954523,76,16.57,244.5,259,186,336,-713,-1496,826,37.4117612,-121.9948176
377104666,2,7,37.4128003,-121.9954702,76,19.41,238.4,259,187,337,-1015,-1655,645,37.4117612,-121.9948176
377205619,2,7,37.4127881,-121.9954882,76,21.54,229.6,259,189,338,-1393,-1642,426,37.4117612,-121.9948176
377305886,2,7,37.4127754,-121.9955052,77,22.27,224.0,259,190,340,-1599,-1549,233,37.4117612,-121.9948176
377406053,2,7,37.4127630,-121.9955217,77,21.69,223.6,259,191,341,-1569,-1498,154,37.4117612,-121.9948176
377506289,2,7,37.4127510,-121.9955381,78,21.38,224.3,259,193,343,-1528,-1495,74,37.4117612,-121.9948176
377606945,2,7,37.4127394,-121.9955555,78,21.57,227.6,259,194,345,-1453,-1594,-22,37.4117612,-121.9948176
377707511,2,7,37.4127304,-121.9955738,78,20.69,233.7,259,196,347,-1224,-1668,-85,37.4117612,-121.9948176
377808205,2,7,37.4127206,-121.9955918,79,20.41,233.6,259,198,351,-1210,-1643,-146,37.4117612,-121.9948176
377908322,2,7,37.4127110,-121.9956085,79,19.47,232.9,259,201,354,-1174,-1553,-174,37.4117612,-121.9948176
378008729,2,7,37.4127029,-121.9956240,80,17.91,233.7,259,203,357,-1059,-1444,-187,37.4117612,-121.9948176
378108897,2,7,37.4126960,-121.9956396,80,16.85,237.2,259,206,361,-913,-1416,-178,37.4117612,-121.9948176
378210039,2,7,37.4126879,-121.9956551,80,16.58,236.9,259,209,365,-904,-1389,-161,37.4117612,-121.9948176
378310689,2,7,37.4126806,-121.9956700,80,16.00,237.1,259,212,369,-867,-1344,-142,37.4117612,-121.9948176
378411861,2,7,37.4126723,-121.9956850,80,15.74,236.4,259,215,372,-870,-1311,-93,37.4117612,-121.9948176
378512069,2,7,37.4126649,-121.9957002,80,15.39,237.5,259,217,376,-826,-1298,-25,37.4117612,-121.9948176
378612601,2,7,37.4126580,-121.9957149,79,14.59,238.7,259,220,380,-757,-1247,77,37.4117612,-121.9948176
378713357,2,7,37.4126505,-121.9957303,78,14.94,239.9,259,223,384,-748,-1292,136,37.4117612,-121.9948176
378814840,2,7,37.4126431,-121.9957474,77,15.71,242.5,259,225,388,-724,-1394,232,37.4117612,-121.9948176
378869765,2,7,37.4126431,-121.9957474,77,15.71,242.5,259,225,388,-724,-1394,232,37.4117612,-121.9948176
378915236,2,7,37.4126361,-121.9957619,77,15.24,239.6,259,228,394,-770,-1316,228,37.4117612,-121.9948176
379015786,2,7,37.4126258,-121.9957769,77,15.93,235.0,259,231,398,-912,-1306,252,37.4117612,-121.9948176
379116249,2,7,37.4126172,-121.9957905,77,15.58,232.7,259,233,403,-943,-1240,270,37.4117612,-121.9948176
379217413,2,7,37.4126136,-121.9958031,77,13.84,237.5,259,235,407,-743,-1168,251,37.4117612,-121.9948176
379317363,2,7,37.4126083,-121.9958165,76,13.82,239.4,259,237,410,-703,-1189,248,37.4117612,-121.9948176
379398226,2,7,37.4126023,-121.9958298,76,13.67,239.1,259,238,414,-700,-1173,324,37.4117612,-121.9948176
379498507,2,7,37.4125953,-121.9958444,74,13.92,240.8,259,240,416,-677,-1216,448,37.4117612,-121.9948176
379599721,2,7,37.4125895,-121.9958597,73,13.84,245.6,259,243,420,-570,-1260,598,37.4117612,-121.9948176
379700618,2,7,37.4125838,-121.9958739,71,13.20,246.5,259,246,423,-525,-1211,725,37.4117612,-121.9948176
379801051,2,7,37.4125807,-121.9958856,69,11.30,249.4,259,249,425,-396,-1058,875,37.4117612,-121.9948176
379901345,2,7,37.4125825,-121.9958946,67,9.00,261.3,259,252,426,-135,-889,1016,37.4117612,-121.9948176
380002092,2,7,37.4125873,-121.9959006,66,6.87,278.0,259,255,428,95,-680,1089,37.4117612,-121.9948176
380102820,2,7,37.4125966,-121.9959038,65,6.53,307.6,259,257,430,399,-517,1085,37.4117612,-121.9948176
380203327,2,7,37.4126052,-121.9959068,64,6.99,325.0,259,260,431,573,-400,1086,37.4117612,-121.9948176
380304270,2,7,37.4126148,-121.9959053,63,6.81,354.8,259,262,433,678,-60,1069,37.4117612,-121.9948176
380404622,2,7,37.4126254,-121.9959016,62,8.16,11.7,259,264,436,799,166,1068,37.4117612,-121.9948176
380505056,2,7,37.4126336,-121.9958984,61,8.64,17.1,259,267,439,825,254,1112,37.4117612,-121.9948176
380605591,2,7,37.4126413,-121.9958957,60,8.57,17.0,259,269,442,820,251,1132,37.4117612,-121.9948176
380706772,2,7,37.4126484,-121.9958894,58,9.41,31.0,259,272,445,807,485,1190,37.4117612,-121.9948176
380807704,2,7,37.4126585,-121.9958781,57,11.48,42.9,259,275,448,840,782,1162,37.4117612,-121.9948176
380908292,2,7,37.4126658,-121.9958684,56,11.64,46.6,259,277,451,798,847,1176,37.4117612,-121.9948176
381008636,2,7,37.4126742,-121.9958576,55,11.86,49.6,259,279,454,767,904,1135,37.4117612,-121.9948176
381035602,2,7,37.4126742,-121.9958576,55,11.86,49.6,259,279,454,767,904,1135,37.4117612,-121.9948176
381109163,2,7,37.4126870,-121.9958452,55,13.04,46.0,259,283,457,904,939,1050,37.4117612,-121.9948176
381209626,2,7,37.4127003,-121.9958293,55,14.88,50.1,259,285,460,954,1141,924,37.4117612,-121.9948176
381310737,2,7,37.4127122,-121.9958123,54,16.68,52.8,259,288,464,1007,1330,882,37.4117612,-121.9948176
381411113,2,7,37.4127215,-121.9957951,54,16.68,59.3,259,291,467,850,1435,773,37.4117612,-121.9948176
381511708,2,7,37.4127333,-121.9957802,55,15.23,54.9,259,294,471,874,1246,581,37.4117612,-121.9948176
381611518,2,7,37.4127449,-121.9957689,56,13.22,49.6,259,296,474,855,1008,392,37.4117612,-121.9948176
381713170,2,7,37.4127537,-121.9957605,57,10.81,47.2,259,298,477,734,794,227,37.4117612,-121.9948176
381813336,2,7,37.4127635,-121.9957557,59,8.17,35.3,259,301,481,667,472,13,37.4117612,-121.9948176
381913914,2,7,37.4127742,-121.9957520,60,7.18,30.2,259,303,485,664,274,-185,37.4117612,-121.9948176
382014414,2,7,37.4127770,-121.9957553,61,4.48,20.6,259,306,490,444,-59,-285,37.4117612,-121.9948176
382095275,2,7,37.4127773,-121.9957589,62,2.95,20.6,259,309,496,211,-206,-353,37.4117612,-121.9948176
382195801,2,7,37.4127789,-121.9957660,63,4.86,344.8,259,312,500,209,-438,-357,37.4117612,-121.9948176
382296362,2,7,37.4127799,-121.9957747,63,6.30,305.2,259,316,505,144,-613,-384,37.4117612,-121.9948176
382396688,2,7,37.4127851,-121.9957812,64,6.73,298.2,259,320,511,253,-624,-394,37.4117612,-121.9948176
382498079,2,7,37.4127940,-121.9957850,65,6.90,307.6,259,325,517,421,-546,-437,37.4117612,-121.9948176
382598218,2,7,37.4128027,-121.9957874,66,6.68,320.1,259,329,523,513,-428,-473,37.4117612,-121.9948176
382699180,2,7,37.4128072,-121.9957941,66,7.13,315.3,259,332,529,507,-501,-464,37.4117612,-121.9948176
382799568,2,7,37.4128128,-121.9958024,67,8.19,310.2,259,335,536,529,-625,-480,37.4117612,-121.9948176
382900121,2,7,37.4128196,-121.9958107,67,9.07,310.2,259,338,542,586,-692,-478,37.4117612,-121.9948176
383000919,2,7,37.4128259,-121.9958185,68,9.01,308.2,259,341,549,558,-707,-512,37.4117612,-121.9948176
383101327,2,7,37.4128318,-121.9958251,69,8.55,309.0,259,344,556,539,-664,-530,37.4117612,-121.9948176
383198416,2,7,37.4128318,-121.9958251,69,8.55,309.0,259,344,556,539,-664,-530,37.4117612,-121.9948176
383202052,2,7,37.4128381,-121.9958322,70,8.54,309.5,259,346,563,544,-658,-541,37.4117612,-121.9948176
383302968,2,7,37.4128451,-121.9958401,70,9.09,308.9,259,348,569,571,-707,-563,37.4117612,-121.9948176
383403584,2,7,37.4128524,-121.9958468,71,9.05,313.9,259,350,574,628,-652,-546,37.4117612,-121.9948176
383504147,2,7,37.4128594,-121.9958533,71,8.93,317.4,259,353,580,657,-604,-523,37.4117612,-121.9948176
383605179,2,7,37.4128661,-121.9958592,72,8.91,320.6,259,354,583,688,-565,-504,37.4117612,-121.9948176
383705813,2,7,37.4128737,-121.9958645,73,8.69,320.5,259,357,587,670,-552,-561,37.4117612,-121.9948176
383807537,2,7,37.4128801,-121.9958714,73,9.10,320.5,259,359,592,702,-578,-522,37.4117612,-121.9948176
383907910,2,7,37.4128859,-121.9958793,73,9.40,319.3,259,362,596,713,-612,-466,37.4117612,-121.9948176
384008296,2,7,37.4128931,-121.9958876,73,10.12,318.1,259,364,601,754,-674,-447,37.4117612,-121.9948176
384108929,2,7,37.4129002,-121.9958969,74,10.74,315.0,259,366,605,760,-758,-443,37.4117612,-121.9948176
384209411,2,7,37.4129086,-121.9959050,74,10.95,316.0,259,369,609,788,-760,-461,37.4117612,-121.9948176
384310523,2,7,37.4129183,-121.9959124,75,11.29,319.6,259,371,614,860,-730,-471,37.4117612,-121.9948176
384410633,2,7,37.4129240,-121.9959212,75,10.80,317.4,259,374,618,796,-730,-431,37.4117612,-121.9948176
384511437,2,7,37.4129280,-121.9959309,75,10.33,312.8,259,377,623,703,-757,-382,37.4117612,-121.9948176
384592317,2,7,37.4129330,-121.9959406,75,10.29,310.4,259,379,628,667,-783,-342,37.4117612,-121.9948176
384693498,2,7,37.4129380,-121.9959496,75,9.92,309.1,259,382,633,626,-769,-323,37.4117612,-121.9948176
384794565,2,7,37.4129437,-121.9959601,74,10.24,311.1,259,383,636,674,-771,-240,37.4117612,-121.9948176
384895170,2,7,37.4129520,-121.9959677,74,10.20,319.1,259,385,639,771,-668,-154,37.4117612,-121.9948176
384995750,2,7,37.4129633,-121.9959707,73,10.19,335.4,259,386,641,927,-423,-61,37.4117612,-121.9948176
385095763,2,7,37.4129733,-121.9959725,73,10.11,343.5,259,385,641,969,-286,3,37.4117612,-121.9948176
385196666,2,7,37.4129848,-121.9959729,72,10.63,353.8,259,385,641,1057,-114,73,37.4117612,-121.9948176
385297296,2,7,37.4129965,-121.9959700,72,11.34,7.3,259,385,641,1125,144,133,37.4117612,-121.9948176
385361831,2,7,37.4129965,-121.9959700,72,11.34,7.3,259,385,641,1125,144,133,37.4117612,-121.9948176
385397935,2,7,37.4130080,-121.9959638,70,13.01,22.5,259,386,642,1202,498,260,37.4117612,-121.9948176
385498282,2,7,37.4130246,-121.9959492,70,16.64,35.0,259,385,642,1362,956,273,37.4117612,-121.9948176
385598473,2,7,37.4130386,-121.9959322,70,18.16,43.5,259,385,643,1315,1252,233,37.4117612,-121.9948176
385699716,2,7,37.4130512,-121.9959153,70,18.63,47.7,259,385,643,1253,1379,228,37.4117612,-121.9948176
385801132,2,7,37.4130616,-121.9959007,70,17.66,48.8,259,385,643,1161,1330,253,37.4117612,-121.9948176
385901632,2,7,37.4130757,-121.9958854,70,17.76,45.6,259,385,643,1241,1270,232,37.4117612,-121.9948176
386002013,2,7,37.4130891,-121.9958695,70,17.72,45.9,259,384,641,1232,1273,178,37.4117612,-121.9948176
386102072,2,7,37.4130992,-121.9958579,70,16.11,42.4,259,384,640,1188,1087,202,37.4117612,-121.9948176
386202403,2,7,37.4131122,-121.9958443,70,16.24,42.6,259,384,640,1194,1101,150,37.4117612,-121.9948176
386303270,2,7,37.4131269,-121.9958301,71,16.77,41.7,259,385,639,1251,1116,79,37.4117612,-121.9948176
386403831,2,7,37.4131421,-121.9958191,72,16.09,34.3,259,385,639,1328,908,-20,37.4117612,-121.9948176
386504761,2,7,37.4131540,-121.9958109,74,13.84,29.9,259,386,638,1200,690,-193,37.4117612,-121.9948176
386604515,2,7,37.4131639,-121.9958034,76,11.64,30.2,259,386,637,1005,586,-364,37.4117612,-121.9948176
386705191,2,7,37.4131766,-121.9957933,77,12.31,35.5,259,386,636,1002,716,-463,37.4117612,-121.9948176
386805875,2,7,37.4131886,-121.9957843,78,12.62,35.2,259,385,634,1031,728,-516,37.4117612,-121.9948176
386906219,2,7,37.4132006,-121.9957755,79,12.79,33.8,259,385,632,1062,712,-573,37.4117612,-121.9948176
387006982,2,7,37.4132127,-121.9957674,80,12.80,31.9,259,385,631,1086,677,-643,37.4117612,-121.9948176
387107460,2,7,37.4132213,-121.9957619,81,11.05,30.3,259,385,631,953,558,-659,37.4117612,-121.9948176
387188195,2,7,37.4132289,-121.9957562,81,10.20,34.0,259,385,631,846,571,-634,37.4117612,-121.9948176
387288855,2,7,37.4132378,-121.9957512,83,9.47,29.3,259,385,632,826,464,-691,37.4117612,-121.9948176
387389403,2,7,37.4132443,-121.9957504,84,7.24,16.5,259,386,632,694,206,-778,37.4117612,-121.9948176
387490448,2,7,37.4132510,-121.9957499,86,5.94,6.8,259,387,632,590,70,-917,37.4117612,-121.9948176
387528275,2,7,37.4132510,-121.9957499,86,5.94,6.8,259,387,632,590,70,-917,37.4117612,-121.9948176
387592121,2,7,37.4132589,-121.9957512,88,6.30,352.6,259,387,633,625,-80,-1017,37.4117612,-121.9948176
387693445,2,7,37.4132658,-121.9957536,89,6.76,347.0,259,387,634,659,-151,-999,37.4117612,-121.9948176
387794932,2,7,37.4132716,-121.9957560,90,6.51,343.6,259,387,634,625,-183,-984,37.4117612,-121.9948176
387895516,2,7,37.4132761,-121.9957579,91,5.39,340.3,259,387,634,507,-181,-1006,37.4117612,-121.9948176
387995740,2,7,37.4132805,-121.9957599,92,4.94,336.1,259,387,635,452,-199,-1014,37.4117612,-121.9948176
388096154,2,7,37.4132848,-121.9957611,94,4.43,333.8,259,387,635,397,-195,-1056,37.4117612,-121.9948176
388197062,2,7,37.4132882,-121.9957615,95,3.78,338.8,259,387,635,353,-136,-1055,37.4117612,-121.9948176
388297374,2,7,37.4132920,-121.9957643,96,4.60,332.1,259,386,636,407,-215,-1005,37.4117612,-121.9948176
388397487,2,7,37.4132975,-121.9957660,97,5.39,339.3,259,386,636,504,-190,-978,37.4117612,-121.9948176
388498829,2,7,37.4133042,-121.9957681,97,6.72,340.5,259,386,637,634,-224,-961,37.4117612,-121.9948176
388600462,2,7,37.4133131,-121.9957714,98,9.15,340.9,259,387,638,865,-298,-903,37.4117612,-121.9948176
388701303,2,7,37.4133215,-121.9957779,99,10.82,331.9,259,387,640,955,-508,-863,37.4117612,-121.9948176
388801764,2,7,37.4133311,-121.9957823,100,11.20,336.4,259,389,643,1027,-448,-811,37.4117612,-121.9948176
388902342,2,7,37.4133411,-121.9957849,100,11.45,344.1,259,391,645,1101,-312,-713,37.4117612,-121.9948176
389002701,2,7,37.4133503,-121.9957854,100,11.19,353.8,259,393,647,1112,-119,-581,37.4117612,-121.9948176
389102658,2,7,37.4133543,-121.9957891,98,9.53,354.0,259,394,648,948,-98,-375,37.4117612,-121.9948176
389203284,2,7,37.4133561,-121.9957884,97,7.53,359.0,259,395,648,746,100,-150,37.4117612,-121.9948176
389304017,2,7,37.4133552,-121.9957871,95,6.08,8.5,259,396,648,558,241,116,37.4117612,-121.9948176
389404683,2,7,37.4133536,-121.9957845,93,5.51,21.4,259,398,649,388,391,338,37.4117612,-121.9948176
389505320,2,7,37.4133482,-121.9957808,91,5.63,40.9,259,400,650,116,551,530,37.4117612,-121.9948176
389585677,2,7,37.4133288,-121.9957796,88,8.16,137.1,259,401,651,-598,555,670,37.4117612,-121.9948176
389696685,2,7,37.4133288,-121.9957796,88,8.16,137.1,259,401,651,-598,555,670,37.4117612,-121.9948176
389706263,2,7,37.4133057,-121.9957733,87,14.26,151.7,259,402,653,-1256,676,696,37.4117612,-121.9948176
389786735,2,7,37.4132775,-121.9957613,86,21.16,154.3,259,401,654,-1908,915,667,37.4117612,-121.9948176
389887034,2,7,37.4132512,-121.9957486,86,24.81,156.2,259,401,654,-2271,998,624,37.4117612,-121.9948176
389987583,2,7,37.4132275,-121.9957354,86,26.46,157.8,259,400,654,-2451,997,544,37.4117612,-121.9948176
390088149,2,7,37.4132035,-121.9957226,86,27.56,159.4,259,399,654,-2581,968,465,37.4117612,-121.9948176
390188637,2,7,37.4131814,-121.9957091,86,27.71,158.7,259,398,654,-2582,1006,393,37.4117612,-121.9948176
390289291,2,7,37.4131617,-121.9956943,86,27.21,154.3,259,398,654,-2454,1176,399,37.4117612,-121.9948176
390390242,2,7,37.4131413,-121.9956804,85,26.63,154.2,259,397,654,-2398,1159,367,37.4117612,-121.9948176
390491116,2,7,37.4131209,-121.9956666,86,26.35,156.1,259,397,654,-2410,1065,257,37.4117612,-121.9948176
390591775,2,7,37.4131004,-121.9956555,87,25.81,161.6,259,396,653,-2450,811,66,37.4117612,-121.9948176
390691981,2,7,37.4130807,-121.9956506,88,24.07,169.1,259,394,652,-2364,453,-59,37.4117612,-121.9948176
390792711,2,7,37.4130618,-121.9956479,89,22.66,175.0,259,392,650,-2258,195,-169,37.4117612,-121.9948176
390893565,2,7,37.4130433,-121.9956466,90,21.89,179.4,259,390,648,-2189,22,-260,37.4117612,-121.9948176
390994505,2,7,37.4130247,-121.9956466,90,21.35,182.3,259,388,646,-2133,-86,-321,37.4117612,-121.9948176
391095102,2,7,37.4130054,-121.9956501,90,21.15,186.6,259,386,645,-2101,-244,-312,37.4117612,-121.9948176
391195964,2,7,37.4129875,-121.9956555,90,20.53,191.6,259,386,645,-2011,-412,-280,37.4117612,-121.9948176
391296744,2,7,37.4129701,-121.9956616,91,20.39,196.3,259,385,646,-1956,-575,-304,37.4117612,-121.9948176
391397494,2,7,37.4129542,-121.9956689,91,19.54,199.6,259,385,648,-1840,-656,-304,37.4117612,-121.9948176
391497362,2,7,37.4129388,-121.9956766,91,18.82,200.9,259,385,649,-1757,-674,-297,37.4117612,-121.9948176
391597836,2,7,37.4129249,-121.9956845,92,18.31,204.4,259,386,650,-1666,-758,-351,37.4117612,-121.9948176
391698392,2,7,37.4129117,-121.9956934,93,17.73,207.0,259,387,650,-1580,-805,-374,37.4117612,-121.9948176
391799077,2,7,37.4129043,-121.9957027,94,15.62,215.2,259,388,652,-1276,-901,-437,37.4117612,-121.9948176
391862414,2,7,37.4129043,-121.9957027,94,15.62,215.2,259,388,652,-1276,-901,-437,37.4117612,-121.9948176
391899442,2,7,37.4128961,-121.9957121,95,14.63,217.8,259,389,653,-1155,-897,-477,37.4117612,-121.9948176
392000158,2,7,37.4128871,-121.9957224,96,14.50,219.6,259,389,654,-1117,-924,-507,37.4117612,-121.9948176
392100562,2,7,37.4128765,-121.9957319,96,14.02,215.7,259,389,654,-1138,-819,-468,37.4117612,-121.9948176
392201026,2,7,37.4128612,-121.9957399,95,14.84,204.7,259,389,655,-1348,-621,-338,37.4117612,-121.9948176
392301688,2,7,37.4128434,-121.9957469,94,16.37,197.4,259,389,656,-1562,-491,-160,37.4117612,-121.9948176
392402121,2,7,37.4128247,-121.9957491,92,17.35,187.3,259,390,657,-1721,-220,49,37.4117612,-121.9948176
392482559,2,7,37.4128053,-121.9957533,90,18.32,184.2,259,388,656,-1827,-137,286,37.4117612,-121.9948176
392583844,2,7,37.4127844,-121.9957572,88,19.83,183.1,259,388,654,-1980,-109,481,37.4117612,-121.9948176
392684540,2,7,37.4127636,-121.9957617,85,20.74,183.0,259,388,652,-2071,-108,697,37.4117612,-121.9948176
392785580,2,7,37.4127448,-121.9957650,83,20.53,181.7,259,387,651,-2052,-61,890,37.4117612,-121.9948176
392886246,2,7,37.4127269,-121.9957643,80,20.42,175.4,259,386,649,-2035,161,1071,37.4117612,-121.9948176
392986785,2,7,37.4127080,-121.9957582,78,21.97,167.4,259,384,646,-2145,477,1144,37.4117612,-121.9948176
393087319,2,7,37.4126893,-121.9957514,76,22.68,163.4,259,383,642,-2175,645,1249,37.4117612,-121.9948176
393187785,2,7,37.4126709,-121.9957446,74,22.78,162.9,259,381,639,-2178,666,1322,37.4117612,-121.9948176
393288083,2,7,37.4126521,-121.9957384,72,22.81,164.0,259,380,636,-2193,628,1392,37.4117612,-121.9948176
393389133,2,7,37.4126324,-121.9957326,71,23.61,168.6,259,378,633,-2314,465,1357,37.4117612,-121.9948176
393489201,2,7,37.4126097,-121.9957295,69,25.82,174.1,259,377,631,-2569,263,1329,37.4117612,-121.9948176
393590339,2,7,37.4125888,-121.9957260,68,25.79,176.1,259,375,629,-2573,173,1248,37.4117612,-121.9948176
393691194,2,7,37.4125678,-121.9957230,68,26.11,178.0,259,374,627,-2609,90,1131,37.4117612,-121.9948176
393792206,2,7,37.4125467,-121.9957218,67,26.01,180.8,259,372,624,-2600,-36,1032,37.4117612,-121.9948176
393892537,2,7,37.4125264,-121.9957205,67,25.76,180.6,259,370,622,-2576,-31,958,37.4117612,-121.9948176
393993071,2,7,37.4125066,-121.9957195,66,25.31,180.5,259,369,619,-2531,-26,905,37.4117612,-121.9948176
394008752,2,7,37.4125066,-121.9957195,66,25.31,180.5,259,369,619,-2531,-26,905,37.4117612,-121.9948176
394093729,2,7,37.4124869,-121.9957189,65,25.00,181.2,259,367,617,-2500,-54,878,37.4117612,-121.9948176
394194245,2,7,37.4124660,-121.9957190,65,24.65,183.5,259,365,614,-2460,-152,819,37.4117612,-121.9948176
394295325,2,7,37.4124451,-121.9957211,64,24.40,187.9,259,364,611,-2416,-337,783,37.4117612,-121.9948176
394396170,2,7,37.4124251,-121.9957230,64,23.44,190.4,259,362,609,-2305,-426,762,37.4117612,-121.9948176
394496522,2,7,37.4124056,-121.9957261,63,22.51,193.9,259,361,606,-2185,-541,747,37.4117612,-121.9948176
394597027,2,7,37.4123863,-121.9957313,62,21.58,198.3,259,359,604,-2048,-680,770,37.4117612,-121.9948176
394697260,2,7,37.4123690,-121.9957383,61,20.22,204.3,259,357,602,-1841,-835,795,37.4117612,-121.9948176
394797705,2,7,37.4123549,-121.9957461,60,18.25,211.3,259,355,600,-1559,-948,796,37.4117612,-121.9948176
394898364,2,7,37.4123440,-121.9957550,60,16.50,219.6,259,353,598,-1270,-1053,743,37.4117612,-121.9948176
394999940,2,7,37.4123352,-121.9957650,59,14.71,226.5,259,351,596,-1011,-1068,685,37.4117612,-121.9948176
395080243,2,7,37.4123278,-121.9957749,58,13.02,231.5,259,348,593,-809,-1020,600,37.4117612,-121.9948176
395180421,2,7,37.4123226,-121.9957854,58,11.72,237.8,259,344,590,-623,-992,531,37.4117612,-121.9948176
395280896,2,7,37.4123191,-121.9957952,57,10.17,245.5,259,341,587,-421,-926,436,37.4117612,-121.9948176
395381667,2,7,37.4123170,-121.9958043,57,8.86,253.7,259,338,584,-248,-851,332,37.4117612,-121.9948176
395482183,2,7,37.4123161,-121.9958124,57,7.53,257.7,259,334,580,-91,-747,220,37.4117612,-121.9948176
395582530,2,7,37.4123168,-121.9958195,57,6.44,265.4,259,331,576,55,-641,103,37.4117612,-121.9948176
395682503,2,7,37.4123198,-121.9958257,57,5.54,277.4,259,328,573,205,-514,-19,37.4117612,-121.9948176
395783198,2,7,37.4123242,-121.9958298,57,4.71,292.1,259,326,570,313,-352,-114,37.4117612,-121.9948176
395883404,2,7,37.4123297,-121.9958322,58,4.44,313.9,259,324,567,396,-199,-211,37.4117612,-121.9948176
395983919,2,7,37.4123352,-121.9958329,58,4.63,335.3,259,322,564,460,-50,-296,37.4117612,-121.9948176
396084486,2,7,37.4123407,-121.9958314,59,4.96,355.8,259,321,562,474,144,-367,37.4117612,-121.9948176
396172461,2,7,37.4123407,-121.9958314,59,4.96,355.8,259,321,562,474,144,-367,37.4117612,-121.9948176
396185042,2,7,37.4123457,-121.9958271,59,5.73,19.1,259,319,560,444,362,-428,37.4117612,-121.9948176
396285375,2,7,37.4123500,-121.9958206,60,7.04,53.0,259,317,557,423,563,-467,37.4117612,-121.9948176
396386392,2,7,37.4123544,-121.9958129,60,8.00,57.4,259,316,555,430,674,-494,37.4117612,-121.9948176
396487261,2,7,37.4123586,-121.9958033,61,9.39,63.6,259,314,554,416,841,-497,37.4117612,-121.9948176
396587571,2,7,37.4123619,-121.9957926,61,10.30,66.8,259,313,552,405,947,-479,37.4117612,-121.9948176
396688885,2,7,37.4123652,-121.9957815,61,10.88,68.1,259,311,550,405,1010,-437,37.4117612,-121.9948176
396789662,2,7,37.4123687,-121.9957703,61,11.21,67.3,259,310,548,431,1034,-366,37.4117612,-121.9948176
396889906,2,7,37.4123730,-121.9957590,61,11.21,64.8,259,308,547,477,1015,-327,37.4117612,-121.9948176
396990965,2,7,37.4123771,-121.9957475,61,11.60,64.9,259,307,545,492,1050,-266,37.4117612,-121.9948176
397092162,2,7,37.4123814,-121.9957356,61,12.21,65.3,259,305,542,510,1109,-181,37.4117612,-121.9948176
397192733,2,7,37.4123854,-121.9957233,60,12.39,65.2,259,304,540,519,1125,-103,37.4117612,-121.9948176
397293228,2,7,37.4123895,-121.9957105,60,12.94,66.0,259,303,538,525,1183,10,37.4117612,-121.9948176
397393953,2,7,37.4123936,-121.9956969,59,13.40,67.4,259,302,537,513,1238,110,37.4117612,-121.9948176
397495023,2,7,37.4123976,-121.9956826,59,13.88,69.3,259,301,535,489,1298,196,37.4117612,-121.9948176
397595371,2,7,37.4124010,-121.9956676,58,14.59,72.1,259,300,533,447,1389,301,37.4117612,-121.9948176
397695954,2,7,37.4124045,-121.9956512,57,15.50,74.0,259,300,531,425,1490,357,37.4117612,-121.9948176
397796955,2,7,37.4124079,-121.9956339,57,15.99,75.0,259,299,530,413,1545,400,37.4117612,-121.9948176
397877187,2,7,37.4124111,-121.9956159,56,16.36,75.1,259,298,529,420,1581,431,37.4117612,-121.9948176
397977992,2,7,37.4124150,-121.9955967,55,16.93,75.1,259,297,527,432,1637,378,37.4117612,-121.9948176
398078504,2,7,37.4124188,-121.9955761,55,17.24,75.4,259,295,526,433,1669,281,37.4117612,-121.9948176
398179022,2,7,37.4124228,-121.9955554,55,17.24,75.5,259,294,526,431,1669,209,37.4117612,-121.9948176
398279381,2,7,37.4124267,-121.9955342,55,17.37,76.7,259,292,525,397,1691,166,37.4117612,-121.9948176
398325918,2,7,37.4124267,-121.9955342,55,17.37,76.7,259,292,525,397,1691,166,37.4117612,-121.9948176
398380072,2,7,37.4124301,-121.9955135,55,17.38,77.3,259,291,525,380,1695,111,37.4117612,-121.9948176
398480639,2,7,37.4124337,-121.9954924,55,17.30,77.6,259,290,524,369,1690,35,37.4117612,-121.9948176
398581339,2,7,37.4124369,-121.9954715,55,17.23,78.7,259,289,523,335,1690,-17,37.4117612,-121.9948176
398681599,2,7,37.4124402,-121.9954506,56,17.43,78.8,259,289,523,336,1710,-54,37.4117612,-121.9948176
398782261,2,7,37.4124435,-121.9954297,56,17.68,78.8,259,288,522,342,1734,-74,37.4117612,-121.9948176
398882879,2,7,37.4124466,-121.9954090,56,17.65,78.9,259,287,521,338,1732,-71,37.4117612,-121.9948176
398983701,2,7,37.4124500,-121.9953886,56,17.49,77.9,259,286,520,365,1710,-73,37.4117612,-121.9948176
399084235,2,7,37.4124535,-121.9953683,56,17.21,76.8,259,285,518,391,1676,-78,37.4117612,-121.9948176
399184257,2,7,37.4124574,-121.9953484,56,16.88,75.6,259,284,516,418,1635,-108,37.4117612,-121.9948176
399284722,2,7,37.4124615,-121.9953288,57,16.76,74.8,259,283,514,437,1618,-139,37.4117612,-121.9948176
399385299,2,7,37.4124656,-121.9953094,57,16.80,74.5,259,282,513,448,1620,-149,37.4117612,-121.9948176
399485833,2,7,37.4124701,-121.9952904,57,16.39,73.1,259,282,511,474,1569,-172,37.4117612,-121.9948176
399587410,2,7,37.4124746,-121.9952723,58,15.77,71.5,259,281,509,500,1496,-193,37.4117612,-121.9948176
399687303,2,7,37.4124793,-121.9952554,58,14.83,68.3,259,280,507,547,1378,-246,37.4117612,-121.9948176
399787752,2,7,37.4124843,-121.9952395,58,14.31,66.1,259,280,506,579,1309,-257,37.4117612,-121.9948176
399887782,2,7,37.4124893,-121.9952240,59,14.28,65.4,259,279,504,592,1299,-223,37.4117612,-121.9948176
399988670,2,7,37.4124953,-121.9952092,59,13.66,62.2,259,279,503,635,1209,-235,37.4117612,-121.9948176
400089283,2,7,37.4125015,-121.9951955,59,13.06,59.7,259,278,502,658,1128,-244,37.4117612,-121.9948176
400190362,2,7,37.4125080,-121.9951826,60,12.75,57.3,259,278,501,687,1074,-249,37.4117612,-121.9948176
400291294,2,7,37.4125148,-121.9951701,60,12.44,55.2,259,278,500,709,1022,-264,37.4117612,-121.9948176
400392484,2,7,37.4125216,-121.9951582,61,12.17,52.9,259,277,499,733,971,-276,37.4117612,-121.9948176
400474133,2,7,37.4125287,-121.9951470,61,11.94,51.2,259,277,498,747,931,-294,37.4117612,-121.9948176
400488217,2,7,37.4125287,-121.9951470,61,11.94,51.2,259,277,498,747,931,-294,37.4117612,-121.9948176
400575622,2,7,37.4125361,-121.9951364,61,11.80,48.3,259,277,497,785,881,-293,37.4117612,-121.9948176
400676373,2,7,37.4125433,-121.9951274,62,10.94,43.0,259,276,496,800,747,-300,37.4117612,-121.9948176
400777181,2,7,37.4125507,-121.9951204,62,9.90,34.8,259,276,496,812,565,-309,37.4117612,-121.9948176
400877565,2,7,37.4125583,-121.9951146,62,9.37,30.8,259,276,495,804,481,-313,37.4117612,-121.9948176
400978288,2,7,37.4125660,-121.9951093,63,9.30,28.4,259,276,495,818,442,-306,37.4117612,-121.9948176
401078727,2,7,37.4125737,-121.9951043,63,9.19,26.6,259,275,494,821,412,-296,37.4117612,-121.9948176
401179650,2,7,37.4125813,-121.9950999,64,9.00,23.6,259,275,494,824,360,-287,37.4117612,-121.9948176
401280108,2,7,37.4125888,-121.9950964,64,8.63,18.1,259,275,493,820,269,-281,37.4117612,-121.9948176
401380460,2,7,37.4125966,-121.9950939,64,8.43,12.7,259,275,493,822,186,-281,37.4117612,-121.9948176
401481002,2,7,37.4126044,-121.9950922,65,8.15,8.5,259,275,492,806,121,-302,37.4117612,-121.9948176
401581948,2,7,37.4126118,-121.9950912,65,8.03,4.7,259,274,491,801,66,-300,37.4117612,-121.9948176
401683279,2,7,37.4126193,-121.9950907,65,8.04,1.8,259,274,491,804,26,-292,37.4117612,-121.9948176
401783757,2,7,37.4126264,-121.9950904,66,7.88,0.4,259,274,490,788,5,-289,37.4117612,-121.9948176
401883941,2,7,37.4126333,-121.9950908,66,7.60,355.9,259,274,489,758,-53,-302,37.4117612,-121.9948176
401984947,2,7,37.4126401,-121.9950918,66,7.51,351.9,259,273,488,743,-104,-311,37.4117612,-121.9948176
402085446,2,7,37.4126470,-121.9950933,66,7.59,348.6,259,273,487,744,-149,-306,37.4117612,-121.9948176
402185712,2,7,37.4126536,-121.9950955,67,7.59,343.9,259,273,486,730,-209,-315,37.4117612,-121.9948176
402287014,2,7,37.4126601,-121.9950982,67,7.66,339.8,259,272,486,719,-263,-320,37.4117612,-121.9948176
402387279,2,7,37.4126664,-121.9951015,67,7.58,335.5,259,272,485,690,-313,-336,37.4117612,-121.9948176
402487914,2,7,37.4126726,-121.9951053,68,7.72,334.0,259,272,484,694,-338,-288,37.4117612,-121.9948176
402588304,2,7,37.4126790,-121.9951091,68,7.98,334.7,259,271,483,721,-340,-215,37.4117612,-121.9948176
402642745,2,7,37.4126790,-121.9951091,68,7.98,334.7,259,271,483,721,-340,-215,37.4117612,-121.9948176
402688694,2,7,37.4126856,-121.9951128,68,8.23,336.8,259,271,482,756,-324,-154,37.4117612,-121.9948176
402788812,2,7,37.4126917,-121.9951170,68,8.36,336.6,259,270,481,768,-331,-108,37.4117612,-121.9948176
402889339,2,7,37.4126980,-121.9951212,68,8.67,336.7,259,269,480,796,-342,-38,37.4117612,-121.9948176
402989376,2,7,37.4127047,-121.9951254,67,8.84,337.1,259,268,479,815,-343,-22,37.4117612,-121.9948176
403090484,2,7,37.4127117,-121.9951294,67,8.81,335.4,259,268,478,801,-365,-63,37.4117612,-121.9948176
403170863,2,7,37.4127186,-121.9951337,68,8.74,333.0,259,268,476,778,-396,-117,37.4117612,-121.9948176
403290949,2,7,37.4127254,-121.9951381,68,8.58,333.1,259,267,475,766,-388,-175,37.4117612,-121.9948176
403371537,2,7,37.4127321,-121.9951425,68,8.76,333.6,259,266,474,785,-389,-166,37.4117612,-121.9948176
403472681,2,7,37.4127393,-121.9951468,68,8.99,333.9,259,266,473,808,-395,-124,37.4117612,-121.9948176
403573612,2,7,37.4127458,-121.9951516,68,8.83,332.5,259,265,472,783,-407,-73,37.4117612,-121.9948176
403674324,2,7,37.4127525,-121.9951563,68,8.90,333.3,259,264,471,795,-399,-35,37.4117612,-121.9948176
403774929,2,7,37.4127580,-121.9951618,68,8.87,331.4,259,263,469,779,-423,-67,37.4117612,-121.9948176
403875567,2,7,37.4127643,-121.9951670,68,8.66,327.2,259,262,468,729,-468,-91,37.4117612,-121.9948176
403975632,2,7,37.4127706,-121.9951724,68,8.98,329.8,259,262,467,777,-451,-91,37.4117612,-121.9948176
404076850,2,7,37.4127775,-121.9951772,68,9.01,332.5,259,261,466,799,-416,-151,37.4117612,-121.9948176
404177421,2,7,37.4127832,-121.9951822,68,7.95,325.1,259,261,465,652,-453,-277,37.4117612,-121.9948176
404278269,2,7,37.4127876,-121.9951878,68,6.98,314.1,259,261,464,486,-501,-421,37.4117612,-121.9948176
404378344,2,7,37.4127916,-121.9951933,69,6.47,311.0,259,261,464,425,-488,-472,37.4117612,-121.9948176
404479567,2,7,37.4127956,-121.9951985,69,6.39,313.3,259,261,463,438,-465,-482,37.4117612,-121.9948176
404580431,2,7,37.4128002,-121.9952032,70,6.52,316.4,259,260,462,493,-426,-453,37.4117612,-121.9948176
404681250,2,7,37.4128055,-121.9952074,70,6.65,324.5,259,260,461,542,-386,-450,37.4117612,-121.9948176
404781854,2,7,37.4128103,-121.9952115,71,6.50,325.1,259,260,460,538,-364,-446,37.4117612,-121.9948176
404796439,2,7,37.4128103,-121.9952115,71,6.50,325.1,259,260,460,538,-364,-446,37.4117612,-121.9948176
404882279,2,7,37.4128146,-121.9952160,71,6.46,324.0,259,259,459,515,-389,-429,37.4117612,-121.9948176
404982485,2,7,37.4128176,-121.9952212,72,6.27,322.6,259,259,458,489,-393,-418,37.4117612,-121.9948176
405083325,2,7,37.4128204,-121.9952266,72,6.16,320.1,259,258,457,453,-417,-440,37.4117612,-121.9948176
405183844,2,7,37.4128238,-121.9952316,72,6.28,319.2,259,258,456,469,-417,-442,37.4117612,-121.9948176
405284173,2,7,37.4128280,-121.9952361,73,6.77,322.7,259,258,455,560,-380,-381,37.4117612,-121.9948176
405384740,2,7,37.4128327,-121.9952404,73,7.14,327.4,259,258,455,625,-344,-331,37.4117612,-121.9948176
405485446,2,7,37.4128377,-121.9952446,73,7.29,331.6,259,258,454,642,-346,-333,37.4117612,-121.9948176
405585897,2,7,37.4128426,-121.9952490,73,7.59,331.8,259,257,453,669,-358,-270,37.4117612,-121.9948176
405686116,2,7,37.4128480,-121.9952530,73,7.62,333.9,259,257,452,695,-313,-205,37.4117612,-121.9948176
405786545,2,7,37.4128538,-121.9952569,73,7.81,336.2,259,256,451,715,-314,-182,37.4117612,-121.9948176
405866985,2,7,37.4128598,-121.9952604,73,7.66,336.8,259,256,450,707,-294,-201,37.4117612,-121.9948176
405987465,2,7,37.4128661,-121.9952637,73,7.74,338.4,259,256,449,720,-284,-215,37.4117612,-121.9948176
406067958,2,7,37.4128726,-121.9952671,73,7.89,338.6,259,255,448,734,-287,-223,37.4117612,-121.9948176
406168403,2,7,37.4128793,-121.9952701,73,7.91,341.5,259,255,447,750,-250,-240,37.4117612,-121.9948176
406268683,2,7,37.4128860,-121.9952724,74,7.57,345.4,259,254,446,732,-190,-314,37.4117612,-121.9948176
406368747,2,7,37.4128928,-121.9952740,74,7.62,349.9,259,254,445,750,-132,-366,37.4117612,-121.9948176
406469154,2,7,37.4128999,-121.9952752,74,7.87,352.5,259,253,444,781,-102,-372,37.4117612,-121.9948176
406569794,2,7,37.4129068,-121.9952760,75,7.83,354.3,259,252,444,779,-77,-374,37.4117612,-121.9948176
406670598,2,7,37.4129137,-121.9952768,75,7.70,354.4,259,252,443,767,-74,-409,37.4117612,-121.9948176
406771779,2,7,37.4129204,-121.9952779,76,7.84,352.9,259,251,442,778,-96,-392,37.4117612,-121.9948176
406872119,2,7,37.4129275,-121.9952792,76,8.21,353.1,259,251,441,815,-98,-355,37.4117612,-121.9948176
406945115,2,7,37.4129275,-121.9952792,76,8.21,353.1,259,251,441,815,-98,-355,37.4117612,-121.9948176
406972507,2,7,37.4129350,-121.9952801,76,8.61,355.0,259,251,440,858,-74,-297,37.4117612,-121.9948176
407073223,2,7,37.4129425,-121.9952817,76,8.75,351.6,259,250,440,866,-126,-290,37.4117612,-121.9948176
407174121,2,7,37.4129495,-121.9952840,76,8.40,346.4,259,250,439,817,-196,-296,37.4117612,-121.9948176
407274330,2,7,37.4129564,-121.9952868,77,8.34,342.9,259,249,438,798,-244,-303,37.4117612,-121.9948176
407375830,2,7,37.4129628,-121.9952902,77,7.97,339.0,259,249,438,744,-284,-308,37.4117612,-121.9948176
407475269,2,7,37.4129690,-121.9952940,77,7.77,335.6,259,249,437,708,-319,-332,37.4117612,-121.9948176
407575927,2,7,37.4129750,-121.9952979,77,7.46,334.7,259,249,437,675,-318,-362,37.4117612,-121.9948176
407676469,2,7,37.4129804,-121.9953016,78,6.75,330.7,259,248,436,589,-329,-453,37.4117612,-121.9948176
407777322,2,7,37.4129855,-121.9953054,78,6.48,329.3,259,248,436,557,-330,-501,37.4117612,-121.9948176
407878169,2,7,37.4129903,-121.9953091,79,6.24,330.0,259,248,435,541,-311,-513,37.4117612,-121.9948176
407978520,2,7,37.4129949,-121.9953127,79,6.05,329.5,259,247,435,519,-311,-506,37.4117612,-121.9948176
408079280,2,7,37.4129993,-121.9953162,80,5.84,328.8,259,247,434,496,-307,-502,37.4117612,-121.9948176
408180212,2,7,37.4130037,-121.9953196,80,5.92,328.5,259,247,434,504,-312,-493,37.4117612,-121.9948176
408280315,2,7,37.4130083,-121.9953232,80,6.35,328.6,259,247,433,543,-330,-372,37.4117612,-121.9948176
408380726,2,7,37.4130127,-121.9953271,81,6.26,327.6,259,246,433,522,-345,-196,37.4117612,-121.9948176
408481980,2,7,37.4130177,-121.9953308,81,6.60,329.1,258,246,432,574,-325,-161,37.4117612,-121.9948176
408581484,2,7,37.4130226,-121.9953345,81,6.65,330.2,258,246,432,583,-320,-151,37.4117612,-121.9948176
408681781,2,7,37.4130276,-121.9953385,81,6.84,329.7,258,245,431,588,-349,-170,37.4117612,-121.9948176
408782206,2,7,37.4130315,-121.9953431,81,6.42,326.6,258,245,431,515,-382,-165,37.4117612,-121.9948176
408882523,2,7,37.4130354,-121.9953478,81,6.45,325.2,258,245,431,521,-381,-195,37.4117612,-121.9948176
408982904,2,7,37.4130397,-121.9953520,81,6.58,325.9,258,244,430,550,-361,-229,37.4117612,-121.9948176
409083469,2,7,37.4130443,-121.9953560,81,6.67,327.3,258,244,430,569,-347,-240,37.4117612,-121.9948176
409094660,2,7,37.4130443,-121.9953560,81,6.67,327.3,258,244,430,569,-347,-240,37.4117612,-121.9948176
409164533,2,7,37.4130489,-121.9953603,81,6.89,327.3,258,243,429,580,-372,-205,37.4117612,-121.9948176
409265467,2,7,37.4130538,-121.9953644,82,6.94,328.2,258,243,429,596,-356,-190,37.4117612,-121.9948176
409365702,2,7,37.4130587,-121.9953686,82,6.95,328.6,258,243,428,595,-359,-161,37.4117612,-121.9948176
409466121,2,7,37.4130638,-121.9953728,82,7.16,328.7,258,242,428,613,-369,-89,37.4117612,-121.9948176
409566530,2,7,37.4130694,-121.9953768,82,7.39,329.6,258,242,427,642,-366,-61,37.4117612,-121.9948176
409666633,2,7,37.4130751,-121.9953808,82,7.38,330.3,258,242,426,646,-357,-45,37.4117612,-121.9948176
409767581,2,7,37.4130812,-121.9953845,82,7.62,331.4,258,241,426,676,-352,-50,37.4117612,-121.9948176
409868372,2,7,37.4130871,-121.9953881,82,7.56,332.7,258,241,425,679,-333,-55,37.4117612,-121.9948176
409969702,2,7,37.4130935,-121.9953916,82,7.74,333.5,258,240,424,698,-335,-68,37.4117612,-121.9948176
410070272,2,7,37.4130995,-121.9953956,82,7.82,332.3,258,240,424,685,-376,-103,37.4117612,-121.9948176
410170932,2,7,37.4131058,-121.9953996,82,7.98,331.2,258,239,423,700,-383,-113,37.4117612,-121.9948176
410271296,2,7,37.4131118,-121.9954037,82,7.86,331.0,258,239,423,685,-384,-77,37.4117612,-121.9948176
410372230,2,7,37.4131178,-121.9954081,82,8.04,330.2,258,238,422,698,-398,-61,37.4117612,-121.9948176
410473249,2,7,37.4131239,-121.9954126,82,8.16,330.0,258,238,422,707,-407,-24,37.4117612,-121.9948176
410573834,2,7,37.4131297,-121.9954172,82,8.00,327.8,258,237,421,677,-426,14,37.4117612,-121.9948176
410674023,2,7,37.4131351,-121.9954227,82,8.05,321.7,258,237,421,632,-498,20,37.4117612,-121.9948176
410774941,2,7,37.4131398,-121.9954294,82,8.20,312.1,258,237,421,550,-608,-10,37.4117612,-121.9948176
410875493,2,7,37.4131429,-121.9954376,82,8.32,296.5,258,237,421,371,-744,-46,37.4117612,-121.9948176
410976590,2,7,37.4131441,-121.9954475,82,8.96,281.7,258,238,421,182,-877,-76,37.4117612,-121.9948176
411076564,2,7,37.4131427,-121.9954583,82,9.62,264.7,258,238,422,-87,-958,-78,37.4117612,-121.9948176
411177241,2,7,37.4131381,-121.9954688,82,10.23,247.7,258,239,422,-387,-947,-16,37.4117612,-121.9948176
411254357,2,7,37.4131381,-121.9954688,82,10.23,247.7,258,239,422,-387,-947,-16,37.4117612,-121.9948176
411277700,2,7,37.4131313,-121.9954795,82,11.12,236.5,258,239,422,-613,-928,50,37.4117612,-121.9948176
411377939,2,7,37.4131214,-121.9954896,81,12.43,223.4,258,240,423,-902,-855,96,37.4117612,-121.9948176
411478621,2,7,37.4131087,-121.9954986,81,14.30,212.4,258,241,423,-1207,-766,141,37.4117612,-121.9948176
411578958,2,7,37.4130947,-121.9955059,81,15.65,205.2,258,242,424,-1416,-666,199,37.4117612,-121.9948176
411679434,2,7,37.4130797,-121.9955125,81,16.91,202.3,258,242,424,-1564,-642,239,37.4117612,-121.9948176
411780076,2,7,37.4130639,-121.9955170,81,18.15,195.8,258,243,425,-1746,-495,184,37.4117612,-121.9948176
411860494,2,7,37.4130459,-121.9955174,81,19.59,182.4,258,243,426,-1957,-82,144,37.4117612,-121.9948176
411961187,2,7,37.4130266,-121.9955159,81,20.76,176.7,258,244,427,-2072,116,177,37.4117612,-121.9948176
412061643,2,7,37.4130071,-121.9955133,81,21.33,174.6,258,244,427,-2124,198,192,37.4117612,-121.9948176
412162051,2,7,37.4129878,-121.9955096,81,21.66,172.0,258,244,427,-2145,299,106,37.4117612,-121.9948176
412262562,2,7,37.4129674,-121.9955059,81,22.52,171.7,258,244,428,-2229,323,75,37.4117612,-121.9948176
412363356,2,7,37.4129467,-121.9955020,81,22.87,172.1,258,244,428,-2266,311,137,37.4117612,-121.9948176
412464558,2,7,37.4129260,-121.9954983,80,22.93,172.4,258,243,428,-2273,301,178,37.4117612,-121.9948176
412564994,2,7,37.4129051,-121.9954949,80,23.06,173.1,258,243,428,-2289,275,203,37.4117612,-121.9948176
412665104,2,7,37.4128841,-121.9954917,80,23.23,173.9,258,243,427,-2310,242,206,37.4117612,-121.9948176
412765651,2,7,37.4128631,-121.9954890,80,23.22,174.8,258,243,427,-2313,209,204,37.4117612,-121.9948176
412866232,2,7,37.4128420,-121.9954865,79,23.47,175.4,258,242,426,-2340,186,193,37.4117612,-121.9948176
412967226,2,7,37.4128208,-121.9954842,79,23.53,176.2,258,242,426,-2348,154,169,37.4117612,-121.9948176
413068589,2,7,37.4127996,-121.9954826,79,23.55,177.1,258,242,426,-2352,117,153,37.4117612,-121.9948176
413168379,2,7,37.4127784,-121.9954811,79,23.44,177.7,258,242,425,-2342,92,145,37.4117612,-121.9948176
413268524,2,7,37.4127569,-121.9954803,79,23.63,178.9,258,242,425,-2363,42,158,37.4117612,-121.9948176
413369388,2,7,37.4127355,-121.9954797,79,23.59,179.5,258,241,424,-2359,19,165,37.4117612,-121.9948176
413397488,2,7,37.4127355,-121.9954797,79,23.59,179.5,258,241,424,-2359,19,165,37.4117612,-121.9948176
413470684,2,7,37.4127139,-121.9954793,78,23.83,180.1,258,241,424,-2383,-5,164,37.4117612,-121.9948176
413571131,2,7,37.4126925,-121.9954796,78,23.58,181.7,258,241,423,-2357,-73,152,37.4117612,-121.9948176
413671335,2,7,37.4126729,-121.9954806,79,22.57,184.9,258,241,423,-2249,-195,-44,37.4117612,-121.9948176
413772338,2,7,37.4126550,-121.9954825,79,20.64,186.9,258,241,423,-2048,-250,-172,37.4117612,-121.9948176
413873155,2,7,37.4126384,-121.9954860,80,19.47,190.7,258,241,423,-1912,-363,-253,37.4117612,-121.9948176
413973454,2,7,37.4126237,-121.9954920,80,17.72,197.2,258,241,424,-1693,-525,-390,37.4117612,-121.9948176
414074492,2,7,37.4126127,-121.9954988,81,14.62,202.1,258,241,424,-1354,-551,-553,37.4117612,-121.9948176
414174783,2,7,37.4126039,-121.9955068,82,12.80,211.3,258,241,425,-1093,-666,-650,37.4117612,-121.9948176
414275480,2,7,37.4125974,-121.9955160,82,11.36,223.3,258,241,425,-826,-780,-703,37.4117612,-121.9948176
414376044,2,7,37.4125937,-121.9955250,83,9.33,237.4,258,241,426,-502,-786,-720,37.4117612,-121.9948176
414476621,2,7,37.4125932,-121.9955340,84,8.11,259.1,258,241,427,-153,-797,-708,37.4117612,-121.9948176
414557130,2,7,37.4125950,-121.9955426,85,8.29,277.7,258,241,427,112,-821,-641,37.4117612,-121.9948176
414657798,2,7,37.4125970,-121.9955511,85,8.31,283.2,258,242,428,190,-809,-589,37.4117612,-121.9948176
414758560,2,7,37.4125992,-121.9955607,85,8.69,288.6,258,243,429,278,-823,-508,37.4117612,-121.9948176
414858937,2,7,37.4126015,-121.9955699,85,8.54,291.1,258,244,430,308,-797,-412,37.4117612,-121.9948176
414959321,2,7,37.4126031,-121.9955788,85,8.12,289.8,258,245,431,275,-764,-285,37.4117612,-121.9948176
415059823,2,7,37.4126056,-121.9955862,84,7.45,291.7,258,246,432,311,-677,-79,37.4117612,-121.9948176
415160791,2,7,37.4126087,-121.9955930,83,7.05,295.2,258,248,433,353,-610,162,37.4117612,-121.9948176
415262084,2,7,37.4126136,-121.9956019,82,9.01,301.7,258,249,434,474,-766,289,37.4117612,-121.9948176
415362308,2,7,37.4126195,-121.9956131,81,10.72,303.2,258,251,436,587,-897,324,37.4117612,-121.9948176
415463086,2,7,37.4126263,-121.9956241,80,11.27,308.1,258,253,438,696,-886,402,37.4117612,-121.9948176
415557924,2,7,37.4126263,-121.9956241,80,11.27,308.1,258,253,438,696,-886,402,37.4117612,-121.9948176
415563650,2,7,37.4126331,-121.9956329,80,10.49,316.3,258,256,440,759,-724,311,37.4117612,-121.9948176
415664929,2,7,37.4126363,-121.9956369,80,7.76,321.5,258,258,443,608,-482,211,37.4117612,-121.9948176
415765374,2,7,37.4126340,-121.9956377,80,3.89,318.9,258,261,446,237,-309,84,37.4117612,-121.9948176
415865854,2,7,37.4126315,-121.9956360,81,1.54,318.9,258,265,449,16,-153,-1,37.4117612,-121.9948176
415966697,2,7,37.4126267,-121.9956201,81,4.42,24.6,258,268,453,-178,404,34,37.4117612,-121.9948176
416068213,2,7,37.4126217,-121.9956022,82,8.46,112.8,258,271,457,-328,779,61,37.4117612,-121.9948176
416169330,2,7,37.4126184,-121.9955862,82,10.44,109.9,258,274,461,-356,981,0,37.4117612,-121.9948176
416269462,2,7,37.4126186,-121.9955727,83,10.65,102.0,258,278,466,-222,1041,-105,37.4117612,-121.9948176
416370032,2,7,37.4126157,-121.9955544,84,12.49,102.6,258,281,471,-273,1219,-228,37.4117612,-121.9948176
416470207,2,7,37.4126116,-121.9955331,85,14.43,104.2,258,285,476,-355,1398,-311,37.4117612,-121.9948176
416570567,2,7,37.4126051,-121.9955066,87,17.64,107.0,258,288,480,-516,1686,-469,37.4117612,-121.9948176
416671448,2,7,37.4125979,-121.9954785,89,20.33,109.0,258,290,485,-664,1921,-647,37.4117612,-121.9948176
416772074,2,7,37.4125925,-121.9954501,91,21.92,108.4,258,292,489,-694,2079,-796,37.4117612,-121.9948176
416872474,2,7,37.4125868,-121.9954201,93,23.67,108.2,258,293,493,-741,2248,-936,37.4117612,-121.9948176
416973098,2,6,37.4125798,-121.9953886,94,26.25,106.8,455,295,498,-761,2512,-898,37.4117612,-121.9948176
417073582,2,6,37.4125713,-121.9953569,95,27.71,107.2,455,296,504,-823,2646,-859,37.4117612,-121.9948176
417154113,2,6,37.4125600,-121.9953266,94,28.32,109.4,455,298,509,-943,2670,-732,37.4117612,-121.9948176
417254871,2,6,37.4125531,-121.9952971,94,27.10,107.6,455,299,514,-823,2582,-663,37.4117612,-121.9948176
417355419,2,6,37.4125519,-121.9952681,95,25.32,100.9,455,301,521,-480,2486,-624,37.4117612,-121.9948176
417456314,2,6,37.4125491,-121.9952408,95,24.33,97.9,455,303,527,-335,2410,-529,37.4117612,-121.9948176
417556620,2,6,37.4125474,-121.9952153,94,23.03,93.8,455,305,534,-156,2298,-391,37.4117612,-121.9948176
417657120,2,6,37.4125443,-121.9951914,93,21.57,94.1,455,306,540,-157,2151,-277,37.4117612,-121.9948176
417725870,2,6,37.4125443,-121.9951914,93,21.57,94.1,455,306,540,-157,2151,-277,37.4117612,-121.9948176
417758643,2,6,37.4125384,-121.9951679,93,21.03,98.6,455,308,547,-317,2079,-181,37.4117612,-121.9948176
417859381,2,6,37.4125322,-121.9951460,92,19.97,101.5,456,309,554,-399,1956,-77,37.4117612,-121.9948176
417959838,2,6,37.4125295,-121.9951277,91,17.30,100.5,456,311,561,-315,1701,-21,37.4117612,-121.9948176
418060581,2,7,37.4125308,-121.9951093,92,16.07,96.3,258,313,566,-177,1598,-72,37.4117612,-121.9948176
418161212,2,7,37.4125320,-121.9950910,93,15.67,94.2,258,314,572,-116,1563,-122,37.4117612,-121.9948176
418261724,2,7,37.4125323,-121.9950743,93,14.65,94.6,258,316,579,-118,1460,-157,37.4117612,-121.9948176
418361905,2,7,37.4125300,-121.9950599,93,13.22,96.6,258,317,585,-152,1313,-114,37.4117612,-121.9948176
418462943,2,7,37.4125271,-121.9950454,92,13.06,93.6,258,319,591,-83,1304,5,37.4117612,-121.9948176
418563516,2,7,37.4125270,-121.9950296,90,13.95,84.0,258,321,597,144,1388,167,37.4117612,-121.9948176
418663793,2,7,37.4125315,-121.9950078,88,17.26,75.3,258,322,602,435,1670,300,37.4117612,-121.9948176
418763896,2,7,37.4125352,-121.9949829,87,19.98,75.5,258,324,608,499,1934,390,37.4117612,-121.9948176
418864631,2,7,37.4125449,-121.9949573,87,21.67,69.3,258,327,614,764,2027,422,37.4117612,-121.9948176
418965298,2,7,37.4125534,-121.9949408,87,18.70,62.8,258,329,618,853,1664,385,37.4117612,-121.9948176
419065587,2,7,37.4125617,-121.9949275,86,16.46,55.5,258,331,623,930,1358,387,37.4117612,-121.9948176
419166370,2,7,37.4125744,-121.9949173,85,16.00,40.6,258,333,628,1213,1042,442,37.4117612,-121.9948176
419266726,2,7,37.4125891,-121.9949149,84,16.03,20.3,258,335,629,1502,558,525,37.4117612,-121.9948176
419367401,2,7,37.4126051,-121.9949095,83,16.94,15.2,258,336,631,1635,445,552,37.4117612,-121.9948176
419467795,2,7,37.4126208,-121.9949045,82,17.77,12.4,258,338,634,1735,384,619,37.4117612,-121.9948176
419568846,2,7,37.4126345,-121.9949031,80,17.58,6.4,258,340,637,1746,197,693,37.4117612,-121.9948176
419669113,2,7,37.4126431,-121.9949096,79,15.36,351.2,258,342,642,1518,-233,728,37.4117612,-121.9948176
419769558,2,7,37.4126513,-121.9949245,77,16.32,328.9,258,344,646,1398,-840,802,37.4117612,-121.9948176
419870458,2,7,37.4126582,-121.9949401,75,16.83,316.6,258,345,650,1224,-1155,855,37.4117612,-121.9948176
419890110,2,7,37.4126582,-121.9949401,75,16.83,316.6,258,345,650,1224,-1155,855,37.4117612,-121.9948176
419970855,2,7,37.4126631,-121.9949562,74,16.91,307.6,258,347,654,1033,-1338,926,37.4117612,-121.9948176
420071552,2,7,37.4126659,-121.9949740,73,16.80,295.7,258,348,659,729,-1513,903,37.4117612,-121.9948176
420151920,2,7,37.4126666,-121.9949941,72,17.64,283.3,258,349,661,406,-1717,836,37.4117612,-121.9948176
420252321,2,7,37.4126635,-121.9950147,71,18.25,273.1,258,350,660,99,-1822,822,37.4117612,-121.9948176
420353258,2,7,37.4126611,-121.9950341,72,18.32,265.6,258,350,660,-139,-1826,713,37.4117612,-121.9948176
420453795,2,7,37.4126562,-121.9950514,73,17.89,255.1,258,350,661,-458,-1729,564,37.4117612,-121.9948176
420554714,2,7,37.4126494,-121.9950676,74,18.25,246.0,258,350,659,-741,-1668,403,37.4117612,-121.9948176
420655128,2,7,37.4126425,-121.9950837,74,18.25,242.7,258,349,656,-836,-1622,302,37.4117612,-121.9948176
420755628,2,7,37.4126355,-121.9950988,75,17.89,240.5,258,349,654,-878,-1558,190,37.4117612,-121.9948176
420856211,2,7,37.4126269,-121.9951124,76,17.70,236.0,258,348,650,-990,-1467,67,37.4117612,-121.9948176
420956625,2,7,37.4126173,-121.9951250,77,17.72,232.3,258,346,645,-1083,-1402,-67,37.4117612,-121.9948176
421057054,2,7,37.4126073,-121.9951370,78,17.41,230.3,258,345,639,-1111,-1340,-190,37.4117612,-121.9948176
421158046,2,7,37.4125961,-121.9951492,78,17.16,229.8,258,344,634,-1106,-1311,-248,37.4117612,-121.9948176
421258187,2,7,37.4125847,-121.9951614,78,16.79,229.1,258,342,631,-1098,-1270,-278,37.4117612,-121.9948176
421359163,2,7,37.4125725,-121.9951737,78,16.68,228.6,258,341,627,-1102,-1252,-273,37.4117612,-121.9948176
421460162,2,7,37.4125599,-121.9951863,77,16.54,228.3,258,339,624,-1099,-1235,-223,37.4117612,-121.9948176
421560509,2,7,37.4125484,-121.9951977,77,16.14,228.4,258,337,621,-1070,-1208,-203,37.4117612,-121.9948176
421661102,2,7,37.4125382,-121.9952089,76,15.48,230.5,258,335,618,-984,-1195,-200,37.4117612,-121.9948176
421761659,2,7,37.4125292,-121.9952196,76,15.06,231.8,258,334,615,-930,-1183,-227,37.4117612,-121.9948176
421862025,2,7,37.4125208,-121.9952303,76,14.55,233.7,258,332,613,-860,-1174,-269,37.4117612,-121.9948176
421963218,2,7,37.4125129,-121.9952408,76,14.03,236.0,258,331,610,-782,-1164,-284,37.4117612,-121.9948176
422042002,2,7,37.4125129,-121.9952408,76,14.03,236.0,258,331,610,-782,-1164,-284,37.4117612,-121.9948176
422063447,2,7,37.4125059,-121.9952510,76,13.31,238.6,258,330,608,-693,-1136,-304,37.4117612,-121.9948176
422163766,2,7,37.4125008,-121.9952603,76,12.08,243.4,258,328,606,-541,-1080,-362,37.4117612,-121.9948176
422264265,2,7,37.4124969,-121.9952684,76,10.69,248.7,258,327,603,-387,-996,-416,37.4117612,-121.9948176
422364676,2,7,37.4124943,-121.9952757,76,9.27,254.6,258,326,601,-245,-894,-465,37.4117612,-121.9948176
422465529,2,7,37.4124937,-121.9952820,77,7.42,261.1,258,325,600,-113,-733,-498,37.4117612,-121.9948176
422565957,2,7,37.4124937,-121.9952867,77,5.85,263.7,258,324,600,-21,-584,-514,37.4117612,-121.9948176
422666317,2,7,37.4124940,-121.9952909,77,5.46,268.2,258,323,599,34,-545,-527,37.4117612,-121.9948176
422766835,2,7,37.4124945,-121.9952943,78,5.02,271.1,258,322,599,38,-500,-563,37.4117612,-121.9948176
422867015,2,7,37.4124949,-121.9952972,79,4.75,274.8,258,320,598,68,-470,-601,37.4117612,-121.9948176
422967305,2,7,37.4124954,-121.9953002,79,4.82,278.3,258,319,598,96,-473,-632,37.4117612,-121.9948176
423048314,2,7,37.4124959,-121.9953039,79,5.20,285.7,258,318,598,141,-500,-622,37.4117612,-121.9948176
423149363,2,7,37.4124967,-121.9953076,80,5.25,288.4,258,317,598,166,-498,-612,37.4117612,-121.9948176
423249436,2,7,37.4124976,-121.9953116,80,5.42,290.5,258,315,598,207,-500,-578,37.4117612,-121.9948176
423350077,2,7,37.4124987,-121.9953154,80,5.48,292.5,258,314,598,226,-499,-539,37.4117612,-121.9948176
423450877,2,7,37.4125001,-121.9953191,80,5.59,295.1,258,313,598,258,-496,-498,37.4117612,-121.9948176
423551431,2,7,37.4125017,-121.9953226,80,5.65,298.3,258,311,597,295,-481,-452,37.4117612,-121.9948176
423651874,2,7,37.4125033,-121.9953260,80,5.62,300.4,258,310,597,301,-474,-434,37.4117612,-121.9948176
423752843,2,7,37.4125051,-121.9953293,80,5.69,302.9,258,309,596,329,-464,-409,37.4117612,-121.9948176
423853434,2,7,37.4125069,-121.9953323,79,5.72,305.5,258,307,595,353,-450,-374,37.4117612,-121.9948176
423954603,2,7,37.4125093,-121.9953353,79,5.79,309.9,258,306,593,402,-417,-335,37.4117612,-121.9948176
424055158,2,7,37.4125120,-121.9953377,79,5.90,315.4,258,305,592,455,-375,-321,37.4117612,-121.9948176
424155327,2,7,37.4125151,-121.9953396,79,5.87,321.4,258,303,591,493,-318,-320,37.4117612,-121.9948176
424193320,2,7,37.4125151,-121.9953396,79,5.87,321.4,258,303,591,493,-318,-320,37.4117612,-121.9948176
424255667,2,7,37.4125181,-121.9953409,79,5.77,326.2,258,302,589,504,-281,-323,37.4117612,-121.9948176
424356080,2,7,37.4125213,-121.9953418,79,5.82,329.8,258,301,587,521,-259,-337,37.4117612,-121.9948176
424456948,2,7,37.4125245,-121.9953425,78,5.63,334.0,258,300,586,524,-208,-342,37.4117612,-121.9948176
424557869,2,7,37.4125275,-121.9953425,78,5.58,337.7,258,298,583,528,-179,-340,37.4117612,-121.9948176
424659167,2,7,37.4125306,-121.9953422,78,5.61,340.6,258,297,581,537,-161,-362,37.4117612,-121.9948176
424760014,2,7,37.4125337,-121.9953418,78,5.80,343.3,258,296,579,562,-142,-343,37.4117612,-121.9948176
424860170,2,7,37.4125370,-121.9953418,78,5.98,343.8,258,295,577,576,-161,-318,37.4117612,-121.9948176
424960663,2,7,37.4125404,-121.9953416,77,6.01,344.4,258,293,574,581,-154,-289,37.4117612,-121.9948176
425061595,2,7,37.4125443,-121.9953416,77,6.43,344.8,258,292,572,621,-165,-273,37.4117612,-121.9948176
425162808,2,7,37.4125483,-121.9953421,77,6.57,344.8,258,291,569,635,-170,-209,37.4117612,-121.9948176
425263777,2,7,37.4125525,-121.9953426,76,6.62,344.4,258,290,567,636,-182,-155,37.4117612,-121.9948176
425364542,2,7,37.4125572,-121.9953438,76,6.72,342.5,258,289,565,634,-222,-139,37.4117612,-121.9948176
425465653,2,7,37.4125619,-121.9953455,76,6.92,340.1,258,288,564,641,-261,-108,37.4117612,-121.9948176
425545948,2,7,37.4125666,-121.9953470,75,7.03,338.7,258,287,561,650,-268,-106,37.4117612,-121.9948176
425646472,2,7,37.4125708,-121.9953489,75,6.89,337.3,258,286,559,629,-281,-80,37.4117612,-121.9948176
425746731,2,7,37.4125750,-121.9953510,74,6.95,337.2,258,285,556,640,-270,-80,37.4117612,-121.9948176
425847196,2,7,37.4125796,-121.9953529,74,6.89,336.2,258,284,554,624,-291,-92,37.4117612,-121.9948176
425947996,2,7,37.4125841,-121.9953550,74,6.94,335.0,258,283,551,623,-304,-128,37.4117612,-121.9948176
426048586,2,7,37.4125890,-121.9953567,74,7.01,336.4,258,283,549,648,-265,-156,37.4117612,-121.9948176
426149309,2,7,37.4125936,-121.9953581,74,6.86,337.0,258,282,546,634,-261,-174,37.4117612,-121.9948176
426249738,2,7,37.4125984,-121.9953596,73,6.90,338.0,258,281,544,644,-247,-213,37.4117612,-121.9948176
426345940,2,7,37.4125984,-121.9953596,73,6.90,338.0,258,281,544,644,-247,-213,37.4117612,-121.9948176
426350097,2,7,37.4126031,-121.9953608,73,6.71,338.3,258,280,542,625,-243,-249,37.4117612,-121.9948176
426450486,2,7,37.4126075,-121.9953620,73,6.56,338.9,258,280,539,614,-229,-268,37.4117612,-121.9948176
426550837,2,7,37.4126125,-121.9953629,73,6.91,339.8,258,279,537,651,-229,-287,37.4117612,-121.9948176
426651034,2,7,37.4126172,-121.9953636,73,6.53,341.4,258,278,535,625,-189,-286,37.4117612,-121.9948176
426752118,2,7,37.4126219,-121.9953639,73,6.41,343.7,258,277,533,622,-154,-295,37.4117612,-121.9948176
426853589,2,7,37.4126272,-121.9953639,73,6.67,343.7,258,277,531,640,-187,-358,37.4117612,-121.9948176
426953962,2,7,37.4126323,-121.9953641,74,6.40,344.1,258,276,530,617,-168,-400,37.4117612,-121.9948176
427053923,2,7,37.4126371,-121.9953641,74,6.18,346.5,258,275,528,607,-119,-418,37.4117612,-121.9948176
427154952,2,7,37.4126420,-121.9953638,74,6.27,349.1,258,275,527,620,-91,-416,37.4117612,-121.9948176
427256053,2,7,37.4126469,-121.9953632,74,6.16,351.4,258,274,525,612,-67,-424,37.4117612,-121.9948176
427356548,2,7,37.4126517,-121.9953626,74,6.18,352.9,258,273,524,615,-61,-432,37.4117612,-121.9948176
427456996,2,7,37.4126565,-121.9953617,74,6.21,354.5,258,273,522,620,-42,-428,37.4117612,-121.9948176
427557604,2,7,37.4126610,-121.9953608,74,5.92,356.0,258,272,520,592,-24,-443,37.4117612,-121.9948176
427658351,2,7,37.4126651,-121.9953599,75,5.35,356.3,258,271,518,534,-30,-460,37.4117612,-121.9948176
427759249,2,7,37.4126686,-121.9953590,75,4.88,356.9,258,271,517,488,-18,-469,37.4117612,-121.9948176
427860269,2,7,37.4126723,-121.9953578,75,4.93,358.5,258,270,515,493,0,-476,37.4117612,-121.9948176
427960130,2,7,37.4126760,-121.9953563,75,5.11,0.6,258,270,513,511,21,-474,37.4117612,-121.9948176
428061021,2,7,37.4126803,-121.9953548,75,5.88,1.6,258,269,511,588,24,-386,37.4117612,-121.9948176
428161138,2,7,37.4126851,-121.9953531,75,6.75,3.1,258,269,508,673,49,-235,37.4117612,-121.9948176
428261196,2,7,37.4126900,-121.9953513,74,6.88,3.7,258,268,506,686,50,-76,37.4117612,-121.9948176
428361560,2,7,37.4126951,-121.9953497,74,6.95,3.4,258,268,504,694,38,57,37.4117612,-121.9948176
428441967,2,7,37.4127001,-121.9953483,73,6.87,3.3,258,267,502,685,40,157,37.4117612,-121.9948176
428493230,2,7,37.4127001,-121.9953483,73,6.87,3.3,258,267,502,685,40,157,37.4117612,-121.9948176
428542519,2,7,37.4127055,-121.9953468,73,6.83,3.3,258,266,500,682,39,212,37.4117612,-121.9948176
428643592,2,7,37.4127113,-121.9953454,72,7.10,2.4,258,266,498,710,20,184,37.4117612,-121.9948176
428744253,2,7,37.4127171,-121.9953443,72,7.21,1.9,258,265,496,720,18,94,37.4117612,-121.9948176
428844419,2,7,37.4127233,-121.9953434,72,7.25,0.7,258,264,495,724,-7,29,37.4117612,-121.9948176
428945278,2,7,37.4127295,-121.9953424,72,7.30,0.5,258,264,494,730,5,27,37.4117612,-121.9948176
429045944,2,7,37.4127352,-121.9953412,71,7.26,1.1,258,263,492,725,20,23,37.4117612,-121.9948176
429146930,2,7,37.4127409,-121.9953397,71,7.17,2.2,258,262,490,716,40,-47,37.4117612,-121.9948176
429247737,2,7,37.4127466,-121.9953375,71,7.20,5.1,258,262,488,713,97,-124,37.4117612,-121.9948176
429348602,2,7,37.4127523,-121.9953350,70,7.24,7.2,258,261,486,714,117,-150,37.4117612,-121.9948176
429449117,2,7,37.4127580,-121.9953321,70,7.41,9.8,258,260,484,725,156,-161,37.4117612,-121.9948176
429549538,2,7,37.4127629,-121.9953291,70,7.09,13.6,258,260,482,674,217,-189,37.4117612,-121.9948176
429650969,2,7,37.4127680,-121.9953257,70,6.77,15.6,258,259,480,644,208,-272,37.4117612,-121.9948176
429751930,2,7,37.4127728,-121.9953223,70,6.23,17.2,258,259,479,588,204,-331,37.4117612,-121.9948176
429851383,2,7,37.4127773,-121.9953189,70,6.28,18.2,258,258,477,593,206,-334,37.4117612,-121.9948176
429951926,2,7,37.4127819,-121.9953156,70,6.29,18.6,258,258,476,594,205,-324,37.4117612,-121.9948176
430052301,2,7,37.4127865,-121.9953125,70,6.10,17.9,258,257,474,582,180,-325,37.4117612,-121.9948176
430152708,2,7,37.4127909,-121.9953095,71,5.89,17.5,258,257,473,563,173,-313,37.4117612,-121.9948176
430254268,2,7,37.4127953,-121.9953066,71,6.00,16.7,258,256,472,577,166,-271,37.4117612,-121.9948176
430354627,2,7,37.4127998,-121.9953038,71,5.94,16.2,258,256,470,572,160,-247,37.4117612,-121.9948176
430455438,2,7,37.4128041,-121.9953013,71,5.78,15.1,258,256,469,560,140,-212,37.4117612,-121.9948176
430555901,2,7,37.4128084,-121.9952990,71,5.56,13.5,258,255,468,545,113,-207,37.4117612,-121.9948176
430647914,2,7,37.4128084,-121.9952990,71,5.56,13.5,258,255,468,545,113,-207,37.4117612,-121.9948176
430655802,2,7,37.4128126,-121.9952970,71,5.49,12.6,258,255,467,537,111,-201,37.4117612,-121.9948176
430756326,2,7,37.4128167,-121.9952950,71,5.34,11.6,258,254,465,525,98,-199,37.4117612,-121.9948176
430856663,2,7,37.4128210,-121.9952930,71,5.26,10.4,258,254,464,519,85,-214,37.4117612,-121.9948176
430958742,2,7,37.4128247,-121.9952913,71,4.83,9.6,258,254,463,478,73,-206,37.4117612,-121.9948176
431059231,2,7,37.4128286,-121.9952894,71,4.90,9.8,258,253,461,483,85,-214,37.4117612,-121.9948176
431139670,2,7,37.4128325,-121.9952876,71,4.84,10.0,258,253,460,476,86,-232,37.4117612,-121.9948176
431240135,2,7,37.4128362,-121.9952856,71,4.86,10.9,258,253,459,475,99,-234,37.4117612,-121.9948176
431340893,2,7,37.4128402,-121.9952834,71,5.04,11.8,258,252,458,492,111,-252,37.4117612,-121.9948176
431441231,2,7,37.4128438,-121.9952813,71,4.87,12.8,258,252,456,473,116,-261,37.4117612,-121.9948176
431542365,2,7,37.4128473,-121.9952792,71,4.59,12.6,258,252,455,448,99,-262,37.4117612,-121.9948176
431642485,2,7,37.4128497,-121.9952779,71,3.76,11.5,258,251,454,370,64,-256,37.4117612,-121.9948176
431742864,2,7,37.4128531,-121.9952759,71,4.37,12.4,258,251,452,425,99,-267,37.4117612,-121.9948176
431843009,2,7,37.4128562,-121.9952741,72,4.37,12.7,258,251,451,425,98,-262,37.4117612,-121.9948176
431943884,2,7,37.4128589,-121.9952726,72,3.89,12.4,258,251,450,380,81,-270,37.4117612,-121.9948176
432044286,2,7,37.4128612,-121.9952716,72,3.53,10.3,258,251,449,349,46,-265,37.4117612,-121.9948176
432144679,2,7,37.4128622,-121.9952715,72,3.00,7.4,258,251,448,300,16,-246,37.4117612,-121.9948176
432245733,2,7,37.4128632,-121.9952717,72,3.13,5.8,258,250,447,313,24,-236,37.4117612,-121.9948176
432346112,2,7,37.4128622,-121.9952732,72,2.65,2.4,258,250,446,265,-13,-214,37.4117612,-121.9948176
432446624,2,7,37.4128600,-121.9952758,71,2.61,357.0,258,249,445,258,-42,-194,37.4117612,-121.9948176
432547350,2,7,37.4128571,-121.9952791,71,2.62,353.0,258,249,444,257,-49,-171,37.4117612,-121.9948176
432647633,2,7,37.4128563,-121.9952810,71,2.91,353.1,258,248,443,289,-34,-121,37.4117612,-121.9948176
432748369,2,7,37.4128573,-121.9952819,71,3.32,354.2,258,248,442,331,-28,-111,37.4117612,-121.9948176
432778947,2,7,37.4128573,-121.9952819,71,3.32,354.2,258,248,442,331,-28,-111,37.4117612,-121.9948176
432848858,2,7,37.4128580,-121.9952832,70,3.31,352.5,258,248,441,327,-53,-82,37.4117612,-121.9948176
432948971,2,7,37.4128554,-121.9952867,70,3.16,351.0,258,275,489,310,-57,-77,37.4117612,-121.9948176
433050139,2,7,37.4128512,-121.9952915,69,3.09,346.0,258,310,553,292,-103,-62,37.4117612,-121.9948176
433150725,2,7,37.4128475,-121.9952960,69,2.46,337.6,258,328,586,201,-141,-48,37.4117612,-121.9948176
433251157,2,7,37.4128469,-121.9952987,69,2.76,334.2,258,327,583,243,-131,-105,37.4117612,-121.9948176
433351524,2,7,37.4128462,-121.9953016,69,2.84,330.4,258,324,579,237,-156,-150,37.4117612,-121.9948176
433451841,2,7,37.4128451,-121.9953048,69,2.59,322.8,258,320,571,174,-192,-165,37.4117612,-121.9948176
433553251,2,7,37.4128454,-121.9953072,69,2.82,323.9,258,309,551,231,-161,-171,37.4117612,-121.9948176
433654002,2,7,37.4128459,-121.9953096,69,2.79,324.0,258,297,530,226,-164,-158,37.4117612,-121.9948176
433755099,2,7,37.4128465,-121.9953120,69,2.96,321.1,258,284,507,221,-196,-140,37.4117612,-121.9948176
433856129,2,7,37.4128471,-121.9953148,69,3.03,314.4,258,271,484,186,-239,-147,37.4117612,-121.9948176
433937225,2,7,37.4128471,-121.9953180,69,2.96,304.9,258,259,462,128,-266,-162,37.4117612,-121.9948176
434037889,2,7,37.4128477,-121.9953211,69,3.10,302.2,258,246,438,154,-269,-170,37.4117612,-121.9948176
434138713,2,7,37.4128487,-121.9953243,69,3.65,298.7,258,242,432,160,-327,-177,37.4117612,-121.9948176
434239750,2,7,37.4128497,-121.9953278,69,3.70,295.5,258,242,431,141,-342,-170,37.4117612,-121.9948176
434340490,2,7,37.4128499,-121.9953316,69,3.46,290.8,258,242,431,91,-333,-155,37.4117612,-121.9948176
434441638,2,7,37.4128504,-121.9953353,69,3.62,287.1,258,242,431,88,-351,-143,37.4117612,-121.9948176
434542222,2,7,37.4128506,-121.9953394,70,4.07,281.8,258,242,430,54,-404,-141,37.4117612,-121.9948176
434642959,2,7,37.4128508,-121.9953437,70,4.22,278.0,258,241,430,33,-421,-123,37.4117612,-121.9948176
434743335,2,7,37.4128508,-121.9953480,70,4.23,275.4,258,241,429,20,-422,-107,37.4117612,-121.9948176
434844168,2,7,37.4128505,-121.9953529,70,4.82,270.7,258,241,429,-23,-482,-66,37.4117612,-121.9948176
434920014,2,7,37.4128505,-121.9953529,70,4.82,270.7,258,241,429,-23,-482,-66,37.4117612,-121.9948176
434944704,2,7,37.4128502,-121.9953577,70,4.70,270.4,258,240,428,1,-470,-7,37.4117612,-121.9948176
435044906,2,7,37.4128505,-121.9953623,70,4.77,273.0,258,239,428,46,-474,72,37.4117612,-121.9948176
435145380,2,7,37.4128514,-121.9953668,70,4.76,276.0,258,239,427,74,-470,134,37.4117612,-121.9948176
435245800,2,7,37.4128527,-121.9953712,69,4.95,279.0,258,238,427,101,-485,172,37.4117612,-121.9948176
435345975,2,7,37.4128543,-121.9953754,69,4.81,281.5,258,237,426,117,-467,203,37.4117612,-121.9948176
435446509,2,7,37.4128565,-121.9953795,69,5.05,286.4,258,236,425,178,-473,216,37.4117612,-121.9948176
435546505,2,7,37.4128591,-121.9953835,69,5.02,292.2,258,235,424,236,-443,202,37.4117612,-121.9948176
435647058,2,7,37.4128626,-121.9953871,69,5.09,299.8,258,235,424,303,-408,147,37.4117612,-121.9948176
435747240,2,7,37.4128665,-121.9953904,69,5.34,310.3,258,234,423,400,-354,98,37.4117612,-121.9948176
435847657,2,7,37.4128706,-121.9953930,68,5.27,318.5,258,233,422,437,-294,22,37.4117612,-121.9948176
435947720,2,7,37.4128748,-121.9953952,68,5.24,325.0,258,232,422,459,-252,-51,37.4117612,-121.9948176
436048237,2,7,37.4128785,-121.9953972,69,4.74,328.1,258,232,421,423,-214,-128,37.4117612,-121.9948176
436148862,2,7,37.4128821,-121.9953985,69,4.43,335.0,258,232,420,422,-136,-201,37.4117612,-121.9948176
436249219,2,7,37.4128865,-121.9953985,69,4.89,347.0,258,231,420,488,-33,-271,37.4117612,-121.9948176
436349785,2,7,37.4128910,-121.9953979,69,5.03,353.9,258,231,419,503,4,-302,37.4117612,-121.9948176
436450319,2,7,37.4128957,-121.9953970,69,5.35,359.6,258,231,419,533,41,-284,37.4117612,-121.9948176
436550685,2,7,37.4129010,-121.9953957,69,5.79,4.1,258,231,418,574,78,-278,37.4117612,-121.9948176
436651630,2,7,37.4129061,-121.9953944,70,5.72,4.8,258,231,417,570,54,-246,37.4117612,-121.9948176
436752204,2,7,37.4129110,-121.9953934,70,5.40,3.7,258,231,417,540,25,-191,37.4117612,-121.9948176
436832597,2,7,37.4129160,-121.9953927,70,5.50,1.7,258,230,416,550,-1,-184,37.4117612,-121.9948176
436933472,2,7,37.4129209,-121.9953921,70,5.44,1.3,258,230,415,543,9,-153,37.4117612,-121.9948176
437034031,2,7,37.4129249,-121.9953921,70,4.80,358.8,258,230,415,479,-38,-96,37.4117612,-121.9948176
437078363,2,7,37.4129249,-121.9953921,70,4.80,358.8,258,230,415,479,-38,-96,37.4117612,-121.9948176
437134445,2,7,37.4129294,-121.9953920,70,5.18,358.7,258,230,414,518,-12,-83,37.4117612,-121.9948176
437234790,2,7,37.4129344,-121.9953918,70,5.56,357.7,258,230,414,555,-30,-70,37.4117612,-121.9948176
437334902,2,7,37.4129392,-121.9953921,70,5.54,354.6,258,230,414,547,-84,-50,37.4117612,-121.9948176
437435604,2,7,37.4129437,-121.9953930,70,5.21,351.3,258,230,413,509,-111,-53,37.4117612,-121.9948176
437536387,2,7,37.4129485,-121.9953937,70,5.22,349.2,258,230,413,509,-115,-68,37.4117612,-121.9948176
437636958,2,7,37.4129532,-121.9953946,70,5.19,347.7,258,230,412,504,-122,-111,37.4117612,-121.9948176
437738624,2,7,37.4129577,-121.9953957,70,5.00,345.7,258,230,412,480,-141,-166,37.4117612,-121.9948176
437839148,2,7,37.4129620,-121.9953968,70,4.87,344.2,258,229,412,465,-144,-188,37.4117612,-121.9948176
437939700,2,7,37.4129664,-121.9953980,70,4.95,342.8,258,229,411,470,-156,-197,37.4117612,-121.9948176
438039926,2,7,37.4129705,-121.9953993,71,4.59,341.1,258,229,411,429,-163,-223,37.4117612,-121.9948176
438140596,2,7,37.4129747,-121.9954003,71,4.40,340.5,258,229,410,413,-151,-277,37.4117612,-121.9948176
438241036,2,7,37.4129783,-121.9954016,71,3.93,339.9,258,229,410,367,-140,-354,37.4117612,-121.9948176
438341726,2,7,37.4129816,-121.9954025,72,3.56,339.1,258,229,410,331,-132,-406,37.4117612,-121.9948176
438442689,2,7,37.4129843,-121.9954036,72,3.28,337.3,258,228,409,297,-138,-410,37.4117612,-121.9948176
438543586,2,7,37.4129869,-121.9954048,72,3.04,334.9,258,228,409,269,-141,-404,37.4117612,-121.9948176
438644157,2,7,37.4129895,-121.9954059,73,3.10,331.4,258,228,409,263,-165,-413,37.4117612,-121.9948176
438744242,2,7,37.4129918,-121.9954071,73,2.75,331.1,258,228,409,240,-134,-399,37.4117612,-121.9948176
438844664,2,7,37.4129935,-121.9954082,74,2.32,330.3,258,228,408,199,-118,-412,37.4117612,-121.9948176
438945225,2,7,37.4129951,-121.9954091,74,2.01,330.2,258,228,408,174,-100,-431,37.4117612,-121.9948176
439046599,2,7,37.4129965,-121.9954100,74,2.00,328.4,258,228,408,166,-110,-417,37.4117612,-121.9948176
439147269,2,7,37.4129977,-121.9954110,75,1.83,325.5,258,227,407,144,-113,-407,37.4117612,-121.9948176
439225077,2,7,37.4129977,-121.9954110,75,1.83,325.5,258,227,407,144,-113,-407,37.4117612,-121.9948176
439247786,2,7,37.4129986,-121.9954120,75,1.48,321.0,258,227,407,102,-107,-396,37.4117612,-121.9948176
439348899,2,7,37.4129991,-121.9954129,75,1.26,313.6,258,227,407,68,-106,-357,37.4117612,-121.9948176
439450567,2,7,37.4129991,-121.9954141,76,1.20,298.8,258,227,407,23,-118,-317,37.4117612,-121.9948176
439530927,2,7,37.4129983,-121.9954155,76,1.47,265.8,258,227,406,-57,-136,-270,37.4117612,-121.9948176
439630978,2,7,37.4129972,-121.9954172,76,1.87,250.0,258,227,406,-93,-162,-223,37.4117612,-121.9948176
439731697,2,7,37.4129951,-121.9954199,76,2.80,238.0,258,227,406,-168,-224,-158,37.4117612,-121.9948176
439831720,2,7,37.4129921,-121.9954235,75,3.77,233.1,258,227,406,-240,-291,-83,37.4117612,-121.9948176
439932316,2,7,37.4129884,-121.9954262,75,4.47,221.7,258,227,406,-370,-249,20,37.4117612,-121.9948176
440032578,2,7,37.4129839,-121.9954286,75,5.11,213.6,258,227,407,-452,-237,125,37.4117612,-121.9948176
440132929,2,7,37.4129791,-121.9954303,75,5.43,206.5,258,227,407,-509,-190,222,37.4117612,-121.9948176
440234077,2,7,37.4129740,-121.9954318,74,5.58,201.8,258,228,407,-532,-168,302,37.4117612,-121.9948176
440335443,2,7,37.4129682,-121.9954331,74,6.03,197.0,258,228,407,-588,-136,384,37.4117612,-121.9948176
440435623,2,7,37.4129615,-121.9954335,73,6.92,185.8,258,229,407,-689,-70,460,37.4117612,-121.9948176
440535948,2,7,37.4129536,-121.9954335,73,8.10,181.7,258,229,408,-810,-24,540,37.4117612,-121.9948176
440636553,2,7,37.4129453,-121.9954334,72,8.63,180.6,258,229,408,-863,-9,625,37.4117612,-121.9948176
440737151,2,7,37.4129373,-121.9954331,71,8.61,180.0,258,230,408,-861,-1,695,37.4117612,-121.9948176
440838424,2,7,37.4129285,-121.9954327,70,9.14,178.0,258,231,408,-914,30,751,37.4117612,-121.9948176
440938867,2,7,37.4129190,-121.9954318,70,10.27,176.4,258,231,409,-1025,63,752,37.4117612,-121.9948176
441039041,2,7,37.4129078,-121.9954309,69,11.88,176.3,258,232,409,-1186,75,741,37.4117612,-121.9948176
441139879,2,7,37.4128963,-121.9954296,68,12.47,175.3,258,232,409,-1243,100,775,37.4117612,-121.9948176
441241093,2,7,37.4128848,-121.9954283,67,12.55,175.2,258,232,409,-1251,104,811,37.4117612,-121.9948176
441341823,2,7,37.4128724,-121.9954270,66,13.54,176.0,258,233,409,-1351,93,793,37.4117612,-121.9948176
441387215,2,7,37.4128724,-121.9954270,66,13.54,176.0,258,233,409,-1351,93,793,37.4117612,-121.9948176
441442409,2,7,37.4128589,-121.9954257,65,14.78,176.5,258,233,409,-1476,88,763,37.4117612,-121.9948176
441543062,2,7,37.4128447,-121.9954242,65,15.84,175.7,258,233,409,-1580,117,716,37.4117612,-121.9948176
441643219,2,7,37.4128300,-121.9954217,64,16.99,173.9,258,234,409,-1689,178,630,37.4117612,-121.9948176
441743700,2,7,37.4128142,-121.9954181,63,18.02,171.1,258,234,408,-1781,278,537,37.4117612,-121.9948176
441844014,2,7,37.4127980,-121.9954138,63,18.65,169.5,258,234,407,-1834,338,499,37.4117612,-121.9948176
441944768,2,7,37.4127819,-121.9954089,62,18.62,169.3,258,233,406,-1830,343,508,37.4117612,-121.9948176
442045347,2,7,37.4127656,-121.9954040,62,18.70,169.1,258,233,405,-1837,352,535,37.4117612,-121.9948176
442146046,2,7,37.4127493,-121.9953989,61,18.77,168.2,258,233,404,-1838,382,570,37.4117612,-121.9948176
442247113,2,7,37.4127329,-121.9953933,61,18.91,167.4,258,233,403,-1846,410,601,37.4117612,-121.9948176
442347220,2,7,37.4127164,-121.9953872,60,19.21,165.7,258,232,402,-1862,473,599,37.4117612,-121.9948176
442428108,2,7,37.4126997,-121.9953805,59,19.72,164.0,258,232,401,-1896,543,572,37.4117612,-121.9948176
442529408,2,7,37.4126828,-121.9953731,59,20.01,163.0,258,232,400,-1914,582,554,37.4117612,-121.9948176
442629055,2,7,37.4126658,-121.9953655,58,20.01,162.5,258,231,399,-1908,601,572,37.4117612,-121.9948176
442729451,2,7,37.4126488,-121.9953577,58,20.04,161.9,258,231,398,-1906,620,586,37.4117612,-121.9948176
442830283,2,7,37.4126316,-121.9953497,57,20.22,161.0,258,231,397,-1913,657,590,37.4117612,-121.9948176
442930961,2,7,37.4126147,-121.9953410,56,20.35,159.5,258,230,397,-1907,710,604,37.4117612,-121.9948176
443032057,2,7,37.4125977,-121.9953320,56,20.51,158.5,258,230,396,-1910,748,619,37.4117612,-121.9948176
443133163,2,7,37.4125808,-121.9953224,55,20.67,157.5,258,230,395,-1910,789,631,37.4117612,-121.9948176
443233321,2,7,37.4125632,-121.9953123,54,21.75,155.9,258,229,394,-1986,885,553,37.4117612,-121.9948176
443333819,2,7,37.4125451,-121.9953001,54,23.48,151.6,258,229,393,-2066,1116,293,37.4117612,-121.9948176
443434541,2,7,37.4125275,-121.9952852,54,24.24,148.6,258,228,392,-2070,1261,14,37.4117612,-121.9948176
443526230,2,7,37.4125275,-121.9952852,54,24.24,148.6,258,228,392,-2070,1261,14,37.4117612,-121.9948176
443536023,2,7,37.4125093,-121.9952699,54,24.68,148.1,258,228,391,-2096,1303,-87,37.4117612,-121.9948176
443636507,2,7,37.4124923,-121.9952538,55,23.92,143.0,258,227,391,-1911,1438,-299,37.4117612,-121.9948176
443738131,2,7,37.4124775,-121.9952369,55,22.32,137.5,258,227,391,-1648,1505,-523,37.4117612,-121.9948176
443837661,2,7,37.4124635,-121.9952192,56,22.08,135.5,258,226,392,-1577,1545,-729,37.4117612,-121.9948176
443938173,2,7,37.4124501,-121.9952014,57,21.35,134.4,258,226,392,-1494,1525,-914,37.4117612,-121.9948176
444038872,2,7,37.4124386,-121.9951843,58,19.42,130.3,258,226,392,-1257,1480,-1063,37.4117612,-121.9948176
444139384,2,7,37.4124304,-121.9951678,59,16.69,125.1,258,226,392,-961,1365,-1118,37.4117612,-121.9948176
444239677,2,7,37.4124238,-121.9951528,60,14.89,120.7,258,226,392,-762,1279,-1124,37.4117612,-121.9948176
444339921,2,7,37.4124186,-121.9951388,61,13.34,117.5,258,227,393,-616,1183,-1145,37.4117612,-121.9948176
444440555,2,7,37.4124158,-121.9951268,63,11.07,111.5,258,228,394,-406,1030,-1141,37.4117612,-121.9948176
444541543,2,7,37.4124153,-121.9951170,64,8.88,102.6,258,229,396,-193,866,-1097,37.4117612,-121.9948176
444641738,2,7,37.4124164,-121.9951072,65,8.57,94.8,258,230,397,-71,854,-1041,37.4117612,-121.9948176
444742125,2,7,37.4124187,-121.9950979,66,8.24,85.5,258,232,399,63,822,-983,37.4117612,-121.9948176
444842602,2,7,37.4124214,-121.9950902,67,7.42,78.6,258,234,401,146,727,-912,37.4117612,-121.9948176
444942713,2,7,37.4124243,-121.9950839,68,6.75,71.8,258,237,403,210,642,-816,37.4117612,-121.9948176
445043225,2,7,37.4124293,-121.9950800,68,6.23,53.1,258,240,406,373,499,-712,37.4117612,-121.9948176
445123939,2,7,37.4124326,-121.9950787,69,5.22,38.2,258,243,409,410,323,-605,37.4117612,-121.9948176
445224942,2,7,37.4124364,-121.9950752,69,5.37,37.1,258,246,411,433,318,-571,37.4117612,-121.9948176
445326187,2,7,37.4124414,-121.9950726,69,5.88,32.5,258,248,414,515,284,-500,37.4117612,-121.9948176
445426155,2,7,37.4124444,-121.9950726,69,5.15,26.8,258,251,418,486,170,-396,37.4117612,-121.9948176
445526519,2,7,37.4124497,-121.9950738,69,5.52,13.3,258,253,421,552,26,-325,37.4117612,-121.9948176
445627292,2,7,37.4124555,-121.9950739,70,5.87,4.7,258,255,424,586,-23,-340,37.4117612,-121.9948176
445689235,2,7,37.4124555,-121.9950739,70,5.87,4.7,258,255,424,586,-23,-340,37.4117612,-121.9948176
445728403,2,7,37.4124634,-121.9950744,70,6.89,357.2,258,256,427,682,-96,-382,37.4117612,-121.9948176
445829208,2,7,37.4124707,-121.9950747,71,7.21,354.1,258,258,431,718,-73,-374,37.4117612,-121.9948176
445930250,2,7,37.4124759,-121.9950779,71,7.20,349.5,258,260,434,693,-197,-293,37.4117612,-121.9948176
446030520,2,7,37.4124829,-121.9950818,71,8.22,340.0,258,262,438,773,-280,-221,37.4117612,-121.9948176
446131047,2,7,37.4124887,-121.9950833,71,7.68,343.2,258,264,441,747,-178,-147,37.4117612,-121.9948176
446231309,2,7,37.4124960,-121.9950846,70,8.08,352.6,258,265,443,801,-104,-92,37.4117612,-121.9948176
446331578,2,7,37.4125034,-121.9950856,70,8.02,354.4,258,267,445,798,-78,-112,37.4117612,-121.9948176
446432922,2,7,37.4125097,-121.9950878,70,7.50,351.3,258,268,446,734,-156,-139,37.4117612,-121.9948176
446533520,2,7,37.4125190,-121.9950887,71,8.67,349.8,258,269,448,853,-153,-134,37.4117612,-121.9948176
446633853,2,7,37.4125253,-121.9950889,71,7.99,355.7,258,271,449,797,-58,-81,37.4117612,-121.9948176
446734464,2,7,37.4125323,-121.9950878,70,8.03,6.4,258,272,451,798,90,-36,37.4117612,-121.9948176
446834846,2,7,37.4125390,-121.9950854,70,7.69,9.4,258,274,453,752,160,-55,37.4117612,-121.9948176
446935187,2,7,37.4125468,-121.9950834,71,7.78,7.8,258,276,454,773,85,-103,37.4117612,-121.9948176
447035413,2,7,37.4125562,-121.9950819,72,8.58,359.5,258,278,455,858,-7,-168,37.4117612,-121.9948176
447135924,2,7,37.4125612,-121.9950825,71,7.47,1.0,258,279,456,746,37,-91,37.4117612,-121.9948176
447236175,2,7,37.4125686,-121.9950806,71,7.70,5.2,258,281,458,760,123,-75,37.4117612,-121.9948176
447337182,2,7,37.4125776,-121.9950760,71,8.41,17.5,258,283,460,801,254,-111,37.4117612,-121.9948176
447438031,2,7,37.4125856,-121.9950701,72,8.59,26.5,258,286,462,769,383,-160,37.4117612,-121.9948176
447539456,2,7,37.4125924,-121.9950657,72,8.44,26.3,258,287,464,756,375,-137,37.4117612,-121.9948176
447639668,2,7,37.4125983,-121.9950625,72,8.34,23.7,258,289,465,763,336,-70,37.4117612,-121.9948176
447740083,2,7,37.4126057,-121.9950582,72,8.76,23.6,258,292,467,802,352,-61,37.4117612,-121.9948176
447820965,2,7,37.4126130,-121.9950546,71,8.88,21.2,258,293,469,827,322,-37,37.4117612,-121.9948176
447852232,2,7,37.4126130,-121.9950546,71,8.88,21.2,258,293,469,827,322,-37,37.4117612,-121.9948176
447921556,2,7,37.4126216,-121.9950511,71,9.29,17.9,258,294,470,884,285,-22,37.4117612,-121.9948176
448021970,2,7,37.4126307,-121.9950488,72,9.59,11.0,258,295,470,941,184,-29,37.4117612,-121.9948176
448122790,2,7,37.4126406,-121.9950477,72,10.03,3.2,258,295,470,1001,56,-54,37.4117612,-121.9948176
448223069,2,7,37.4126491,-121.9950490,72,9.63,352.8,258,295,470,955,-119,-106,37.4117612,-121.9948176
448323497,2,7,37.4126580,-121.9950516,73,9.76,343.9,258,295,470,938,-270,-152,37.4117612,-121.9948176
448424086,2,7,37.4126654,-121.9950565,73,9.70,333.1,258,295,469,866,-437,-177,37.4117612,-121.9948176
448525204,2,7,37.4126731,-121.9950623,73,10.05,326.8,258,294,468,842,-549,-197,37.4117612,-121.9948176
448625621,2,7,37.4126812,-121.9950686,73,10.62,326.0,258,294,467,881,-593,-188,37.4117612,-121.9948176
448726515,2,7,37.4126894,-121.9950754,73,10.97,326.6,258,293,466,916,-602,-155,37.4117612,-121.9948176
448827604,2,7,37.4126968,-121.9950831,73,11.03,321.8,258,293,465,868,-681,-127,37.4117612,-121.9948176
448928587,2,7,37.4127028,-121.9950921,73,10.67,311.0,258,292,465,700,-805,-125,37.4117612,-121.9948176
449028489,2,7,37.4127085,-121.9951027,73,11.57,305.0,258,292,465,665,-947,-80,37.4117612,-121.9948176
449129014,2,7,37.4127159,-121.9951131,73,12.32,312.5,258,291,464,832,-908,-16,37.4117612,-121.9948176
449229439,2,7,37.4127232,-121.9951232,73,12.23,314.8,258,291,464,862,-868,50,37.4117612,-121.9948176
449329553,2,7,37.4127293,-121.9951346,72,12.37,305.5,258,290,464,718,-1006,72,37.4117612,-121.9948176
449429608,2,7,37.4127335,-121.9951478,72,12.75,293.2,258,290,464,503,-1171,74,37.4117612,-121.9948176
449530009,2,7,37.4127358,-121.9951629,72,13.71,281.5,258,289,464,273,-1343,60,37.4117612,-121.9948176
449630249,2,7,37.4127362,-121.9951789,72,14.51,271.1,258,289,464,29,-1451,16,37.4117612,-121.9948176
449731392,2,7,37.4127349,-121.9951959,72,15.28,264.7,258,289,465,-140,-1521,-31,37.4117612,-121.9948176
449831801,2,7,37.4127307,-121.9952137,72,16.31,254.3,258,289,465,-439,-1571,-100,37.4117612,-121.9948176
449932138,2,7,37.4127247,-121.9952314,73,17.14,246.7,258,288,465,-677,-1575,-180,37.4117612,-121.9948176
450019697,2,7,37.4127247,-121.9952314,73,17.14,246.7,258,288,465,-677,-1575,-180,37.4117612,-121.9948176
450032557,2,7,37.4127168,-121.9952489,73,18.01,240.0,258,288,465,-900,-1560,-255,37.4117612,-121.9948176
450132942,2,7,37.4127070,-121.9952658,74,18.62,233.3,258,288,465,-1110,-1495,-330,37.4117612,-121.9948176
450233784,2,7,37.4126958,-121.9952820,74,19.21,228.5,258,287,465,-1270,-1441,-404,37.4117612,-121.9948176
450334394,2,7,37.4126832,-121.9952974,75,19.50,224.0,258,287,465,-1401,-1355,-457,37.4117612,-121.9948176
450435532,2,7,37.4126695,-121.9953119,75,19.91,220.3,258,286,465,-1517,-1289,-482,37.4117612,-121.9948176
450535972,2,7,37.4126551,-121.9953242,76,20.04,214.6,258,286,465,-1648,-1140,-570,37.4117612,-121.9948176
450636475,2,7,37.4126403,-121.9953341,77,19.86,209.9,258,286,465,-1721,-991,-694,37.4117612,-121.9948176
450717479,2,7,37.4126260,-121.9953437,79,19.36,209.7,258,285,465,-1680,-962,-792,37.4117612,-121.9948176
450818776,2,7,37.4126106,-121.9953531,79,18.77,206.8,258,285,466,-1675,-847,-752,37.4117612,-121.9948176
450919562,2,7,37.4125955,-121.9953617,80,18.38,205.1,258,285,466,-1664,-782,-718,37.4117612,-121.9948176
451020649,2,7,37.4125803,-121.9953699,80,17.93,203.9,258,285,467,-1639,-728,-662,37.4117612,-121.9948176
451121329,2,7,37.4125652,-121.9953776,81,17.43,202.8,258,284,466,-1607,-676,-584,37.4117612,-121.9948176
451222046,2,7,37.4125499,-121.9953850,81,17.23,201.5,258,284,466,-1602,-633,-492,37.4117612,-121.9948176
451322724,2,7,37.4125350,-121.9953918,81,16.85,200.8,258,283,465,-1575,-598,-410,37.4117612,-121.9948176
451423903,2,7,37.4125200,-121.9953983,81,16.68,199.4,258,283,465,-1573,-555,-306,37.4117612,-121.9948176
451524603,2,7,37.4125052,-121.9954044,80,16.48,198.6,258,283,464,-1561,-527,-224,37.4117612,-121.9948176
451625083,2,7,37.4124902,-121.9954100,80,16.50,196.8,258,282,463,-1580,-477,-139,37.4117612,-121.9948176
451726205,2,7,37.4124752,-121.9954151,80,16.51,195.6,258,282,462,-1589,-446,-63,37.4117612,-121.9948176
451826912,2,7,37.4124603,-121.9954197,80,16.58,194.2,258,281,462,-1606,-409,-3,37.4117612,-121.9948176
451927688,2,7,37.4124454,-121.9954238,79,16.49,192.9,258,281,461,-1607,-369,59,37.4117612,-121.9948176
452028411,2,7,37.4124305,-121.9954275,79,16.45,191.2,258,281,460,-1613,-322,122,37.4117612,-121.9948176
452129263,2,7,37.4124154,-121.9954309,78,16.57,190.3,258,280,459,-1630,-296,193,37.4117612,-121.9948176
452155639,2,7,37.4124154,-121.9954309,78,16.57,190.3,258,280,459,-1630,-296,193,37.4117612,-121.9948176
452229687,2,7,37.4124009,-121.9954338,78,16.45,190.7,258,280,459,-1616,-306,206,37.4117612,-121.9948176
452330972,2,7,37.4123858,-121.9954367,78,16.59,188.3,258,279,458,-1641,-241,257,37.4117612,-121.9948176
452431706,2,7,37.4123705,-121.9954390,77,16.84,186.5,258,279,458,-1673,-191,312,37.4117612,-121.9948176
452532590,2,7,37.4123551,-121.9954407,77,16.99,185.5,258,278,457,-1691,-163,359,37.4117612,-121.9948176
452633502,2,7,37.4123395,-121.9954419,76,17.17,183.9,258,278,456,-1713,-119,409,37.4117612,-121.9948176
452733588,2,7,37.4123237,-121.9954430,76,17.42,183.4,258,277,456,-1739,-105,458,37.4117612,-121.9948176
452834584,2,7,37.4123078,-121.9954438,75,17.50,182.3,258,277,455,-1749,-72,506,37.4117612,-121.9948176
452915457,2,7,37.4122916,-121.9954443,74,17.79,181.6,258,277,454,-1778,-51,543,37.4117612,-121.9948176
453015921,2,7,37.4122752,-121.9954446,73,17.93,181.1,258,276,453,-1793,-36,594,37.4117612,-121.9948176
453116725,2,7,37.4122589,-121.9954446,73,18.00,179.9,258,276,453,-1800,0,635,37.4117612,-121.9948176
453217537,2,7,37.4122425,-121.9954442,72,18.19,179.1,258,275,452,-1819,26,673,37.4117612,-121.9948176
453318107,2,7,37.4122257,-121.9954436,71,18.42,178.2,258,275,451,-1841,55,715,37.4117612,-121.9948176
453418563,2,7,37.4122088,-121.9954427,70,18.50,177.6,258,274,450,-1849,75,747,37.4117612,-121.9948176
453519201,2,7,37.4121918,-121.9954415,69,18.77,176.8,258,274,449,-1874,104,771,37.4117612,-121.9948176
453619895,2,7,37.4121748,-121.9954401,69,18.90,176.1,258,273,449,-1886,127,805,37.4117612,-121.9948176
453720467,2,7,37.4121576,-121.9954385,68,19.07,175.7,258,273,448,-1902,142,835,37.4117612,-121.9948176
453821064,2,7,37.4121404,-121.9954366,67,19.19,174.7,258,273,448,-1911,175,881,37.4117612,-121.9948176
453922363,2,7,37.4121230,-121.9954342,66,19.43,173.7,258,272,447,-1931,212,895,37.4117612,-121.9948176
454023056,2,7,37.4121054,-121.9954316,65,19.68,173.2,258,272,446,-1955,230,919,37.4117612,-121.9948176
454123394,2,7,37.4120878,-121.9954287,64,19.86,172.8,258,271,445,-1970,248,952,37.4117612,-121.9948176
454224190,2,7,37.4120699,-121.9954254,63,20.26,171.7,258,271,444,-2005,290,932,37.4117612,-121.9948176
454286462,2,7,37.4120699,-121.9954254,63,20.26,171.7,258,271,444,-2005,290,932,37.4117612,-121.9948176
454324391,2,7,37.4120516,-121.9954209,62,21.56,169.6,258,270,444,-2120,389,729,37.4117612,-121.9948176
454425075,2,7,37.4120328,-121.9954159,61,21.82,169.2,258,269,443,-2144,407,618,37.4117612,-121.9948176
454525783,2,7,37.4120141,-121.9954112,61,21.52,169.7,258,269,442,-2117,384,656,37.4117612,-121.9948176
454626267,2,7,37.4119955,-121.9954064,60,21.58,169.5,258,268,441,-2122,390,592,37.4117612,-121.9948176
454726760,2,7,37.4119767,-121.9954014,60,21.99,169.6,258,268,440,-2163,396,450,37.4117612,-121.9948176
454827042,2,7,37.4119576,-121.9953963,60,21.95,169.5,258,267,440,-2158,399,410,37.4117612,-121.9948176
454928169,2,7,37.4119388,-121.9953912,59,21.75,169.3,258,266,439,-2137,401,377,37.4117612,-121.9948176
455028533,2,7,37.4119203,-121.9953866,59,21.16,170.8,258,266,439,-2089,337,328,37.4117612,-121.9948176
455129143,2,7,37.4119023,-121.9953823,59,20.45,170.9,258,266,439,-2020,320,328,37.4117612,-121.9948176
455229305,2,7,37.4118847,-121.9953775,59,20.29,168.7,258,266,439,-1990,397,383,37.4117612,-121.9948176
455329780,2,7,37.4118670,-121.9953722,58,20.35,166.7,258,267,440,-1981,465,425,37.4117612,-121.9948176
455430388,2,7,37.4118495,-121.9953662,58,20.33,165.4,258,268,440,-1967,512,452,37.4117612,-121.9948176
455531284,2,7,37.4118321,-121.9953598,57,20.14,164.1,258,270,441,-1938,548,484,37.4117612,-121.9948176
455611586,2,7,37.4118156,-121.9953527,57,19.64,162.2,258,272,443,-1871,597,507,37.4117612,-121.9948176
455712369,2,7,37.4118010,-121.9953453,56,17.96,160.7,258,274,444,-1696,591,552,37.4117612,-121.9948176
455812673,2,7,37.4117875,-121.9953394,55,16.00,161.8,258,276,445,-1520,499,614,37.4117612,-121.9948176
455913566,2,7,37.4117748,-121.9953349,54,14.55,164.2,258,277,446,-1400,394,667,37.4117612,-121.9948176
456013799,2,7,37.4117628,-121.9953335,53,12.57,172.8,258,279,447,-1248,156,733,37.4117612,-121.9948176
456114519,2,7,37.4117530,-121.9953336,52,10.72,181.3,258,280,448,-1072,-26,761,37.4117612,-121.9948176
456215881,2,7,37.4117444,-121.9953357,51,9.79,191.9,258,281,450,-957,-202,776,37.4117612,-121.9948176
456317128,2,7,37.4117359,-121.9953398,51,9.84,200.1,258,282,451,-924,-338,805,37.4117612,-121.9948176
456418195,2,7,37.4117282,-121.9953456,50,10.19,211.2,258,283,452,-871,-529,780,37.4117612,-121.9948176
456443004,2,7,37.4117282,-121.9953456,50,10.19,211.2,258,283,452,-871,-529,780,37.4117612,-121.9948176
456518168,2,7,37.4117229,-121.9953521,49,10.13,222.2,258,283,454,-749,-681,698,37.4117612,-121.9948176
456618249,2,7,37.4117177,-121.9953600,49,9.85,229.4,258,283,455,-640,-749,664,37.4117612,-121.9948176
456719315,2,7,37.4117137,-121.9953680,48,9.36,234.6,258,283,456,-541,-764,625,37.4117612,-121.9948176
456820639,2,7,37.4117110,-121.9953767,48,9.23,244.2,258,283,457,-401,-831,571,37.4117612,-121.9948176
456920934,2,7,37.4117082,-121.9953864,47,9.34,251.4,258,283,458,-297,-885,511,37.4117612,-121.9948176
457021179,2,7,37.4117070,-121.9953959,47,8.90,257.6,258,283,459,-190,-870,470,37.4117612,-121.9948176
457122242,2,7,37.4117060,-121.9954051,46,8.38,261.5,258,282,459,-123,-829,434,37.4117612,-121.9948176
457223006,2,7,37.4117066,-121.9954136,46,7.76,268.8,258,281,460,-15,-776,349,37.4117612,-121.9948176
457324964,2,7,37.4117083,-121.9954213,46,7.19,273.4,258,281,460,104,-712,242,37.4117612,-121.9948176
457425727,2,7,37.4117099,-121.9954287,46,6.57,278.3,258,280,460,159,-637,202,37.4117612,-121.9948176
457526762,2,7,37.4117125,-121.9954348,46,5.81,286.3,258,279,459,254,-523,169,37.4117612,-121.9948176
457627181,2,7,37.4117157,-121.9954394,46,5.19,297.5,258,278,458,334,-397,94,37.4117612,-121.9948176
457727536,2,7,37.4117192,-121.9954430,46,4.77,308.6,258,277,457,370,-300,35,37.4117612,-121.9948176
457828282,2,7,37.4117232,-121.9954456,46,4.61,319.6,258,276,456,403,-223,-14,37.4117612,-121.9948176
457909225,2,7,37.4117277,-121.9954473,46,4.79,332.0,258,276,455,455,-150,-48,37.4117612,-121.9948176
458010191,2,7,37.4117318,-121.9954486,46,4.85,340.2,258,275,453,473,-103,-46,37.4117612,-121.9948176
458111342,2,7,37.4117366,-121.9954491,47,5.12,349.0,258,274,452,510,-36,-54,37.4117612,-121.9948176
458211520,2,7,37.4117410,-121.9954493,46,5.15,354.7,258,273,451,515,1,-44,37.4117612,-121.9948176
458312175,2,7,37.4117456,-121.9954489,46,5.59,1.1,258,273,450,555,60,-54,37.4117612,-121.9948176
458412815,2,7,37.4117501,-121.9954481,46,5.55,6.1,258,272,449,544,107,-57,37.4117612,-121.9948176
458513090,2,7,37.4117549,-121.9954464,46,5.94,12.8,258,272,448,563,189,-76,37.4117612,-121.9948176
458599069,2,7,37.4117549,-121.9954464,46,5.94,12.8,258,272,448,563,189,-76,37.4117612,-121.9948176
458613560,2,7,37.4117598,-121.9954440,46,6.25,18.3,258,271,447,574,248,-72,37.4117612,-121.9948176
458713884,2,7,37.4117651,-121.9954405,47,6.75,23.5,258,271,446,596,317,-50,37.4117612,-121.9948176
458814559,2,7,37.4117707,-121.9954367,47,7.23,26.1,258,270,445,635,346,-10,37.4117612,-121.9948176
458915194,2,7,37.4117756,-121.9954337,46,7.14,26.9,258,269,444,631,332,40,37.4117612,-121.9948176
459016186,2,7,37.4117806,-121.9954301,46,7.33,28.3,258,268,443,636,363,100,37.4117612,-121.9948176
459116878,2,7,37.4117859,-121.9954261,46,7.58,29.6,258,268,442,651,387,151,37.4117612,-121.9948176
459217876,2,7,37.4117914,-121.9954208,45,8.44,38.1,258,267,442,663,521,138,37.4117612,-121.9948176
459318896,2,7,37.4117968,-121.9954143,45,8.92,44.0,258,267,441,641,621,76,37.4117612,-121.9948176
459419509,2,7,37.4118026,-121.9954071,45,9.41,44.7,258,266,440,667,663,8,37.4117612,-121.9948176
459519929,2,7,37.4118085,-121.9953995,45,9.86,45.5,258,266,439,690,704,-22,37.4117612,-121.9948176
459620746,2,7,37.4118141,-121.9953918,45,9.42,47.2,258,265,439,640,691,-55,37.4117612,-121.9948176
459721539,2,7,37.4118196,-121.9953840,45,9.41,47.5,258,265,438,635,695,-71,37.4117612,-121.9948176
459821445,2,7,37.4118255,-121.9953758,45,9.85,47.5,258,265,438,665,726,-43,37.4117612,-121.9948176
459922088,2,7,37.4118320,-121.9953671,45,10.48,46.7,258,264,437,718,763,42,37.4117612,-121.9948176
460022440,2,7,37.4118389,-121.9953577,45,11.08,47.5,258,264,437,747,818,166,37.4117612,-121.9948176
460123393,2,7,37.4118458,-121.9953479,45,11.26,48.6,258,264,436,744,844,246,37.4117612,-121.9948176
460223848,2,7,37.4118522,-121.9953390,45,10.90,47.9,258,263,436,729,809,332,37.4117612,-121.9948176
460323995,2,7,37.4118585,-121.9953307,44,10.67,46.9,258,263,435,729,779,377,37.4117612,-121.9948176
460425064,2,7,37.4118652,-121.9953224,43,10.75,45.5,258,263,435,753,768,372,37.4117612,-121.9948176
460525469,2,7,37.4118723,-121.9953146,43,10.30,41.3,258,263,434,774,680,336,37.4117612,-121.9948176
460625832,2,7,37.4118796,-121.9953072,43,9.97,38.8,258,262,434,777,625,287,37.4117612,-121.9948176
460706387,2,7,37.4118873,-121.9953002,43,9.82,35.3,258,262,433,801,567,211,37.4117612,-121.9948176
460759826,2,7,37.4118873,-121.9953002,43,9.82,35.3,258,262,433,801,567,211,37.4117612,-121.9948176
460807060,2,7,37.4118950,-121.9952941,43,9.34,32.5,258,262,432,788,502,162,37.4117612,-121.9948176
460907534,2,7,37.4119028,-121.9952884,43,9.17,32.2,258,262,432,775,490,116,37.4117612,-121.9948176
461007793,2,7,37.4119100,-121.9952832,43,8.77,32.0,258,261,431,743,465,91,37.4117612,-121.9948176
461108329,2,7,37.4119175,-121.9952780,43,8.85,30.9,258,261,431,759,455,77,37.4117612,-121.9948176
461208806,2,7,37.4119247,-121.9952735,43,8.63,28.5,258,261,431,758,412,81,37.4117612,-121.9948176
461309835,2,7,37.4119322,-121.9952693,42,8.73,25.7,258,260,431,786,379,79,37.4117612,-121.9948176
461411214,2,7,37.4119391,-121.9952659,42,8.38,22.1,258,260,431,776,315,96,37.4117612,-121.9948176
461511614,2,7,37.4119457,-121.9952631,42,8.01,20.2,258,260,431,752,277,124,37.4117612,-121.9948176
461611945,2,7,37.4119521,-121.9952615,42,7.41,16.3,258,260,430,725,155,126,37.4117612,-121.9948176
461712805,2,7,37.4119574,-121.9952617,42,6.34,9.6,258,259,430,634,-2,72,37.4117612,-121.9948176
461812878,2,7,37.4119615,-121.9952638,42,5.40,359.1,258,259,429,516,-159,32,37.4117612,-121.9948176
461913640,2,7,37.4119655,-121.9952667,42,5.31,348.7,258,259,429,474,-238,3,37.4117612,-121.9948176
462014722,2,7,37.4119692,-121.9952700,42,5.07,339.0,258,259,429,426,-274,7,37.4117612,-121.9948176
462114893,2,7,37.4119731,-121.9952732,42,5.05,333.3,258,259,430,429,-266,11,37.4117612,-121.9948176
462216137,2,7,37.4119764,-121.9952767,41,4.81,330.4,258,258,428,406,-258,57,37.4117612,-121.9948176
462316849,2,7,37.4119805,-121.9952796,41,5.25,331.7,258,258,428,466,-241,91,37.4117612,-121.9948176
462417531,2,7,37.4119841,-121.9952824,41,4.67,332.6,258,257,427,418,-207,114,37.4117612,-121.9948176
462518532,2,7,37.4119881,-121.9952846,41,4.61,334.4,258,256,426,422,-185,119,37.4117612,-121.9948176
462618730,2,7,37.4119925,-121.9952866,40,5.18,340.2,258,256,425,499,-139,153,37.4117612,-121.9948176
462719099,2,7,37.4119975,-121.9952881,40,6.15,348.4,258,254,423,611,-72,109,37.4117612,-121.9948176
462819928,2,7,37.4120029,-121.9952889,40,6.21,353.0,258,254,423,620,-23,97,37.4117612,-121.9948176
462918356,2,7,37.4120029,-121.9952889,40,6.21,353.0,258,254,423,620,-23,97,37.4117612,-121.9948176
462920926,2,7,37.4120084,-121.9952894,40,6.07,356.5,258,253,422,607,-2,45,37.4117612,-121.9948176
463021865,2,7,37.4120137,-121.9952900,40,6.13,358.3,258,252,421,613,0,14,37.4117612,-121.9948176
463123261,2,7,37.4120185,-121.9952902,40,5.65,0.8,258,252,420,564,38,-33,37.4117612,-121.9948176
463203581,2,7,37.4120236,-121.9952899,40,6.11,3.9,258,251,420,606,74,-66,37.4117612,-121.9948176
463303535,2,7,37.4120289,-121.9952893,40,6.13,5.8,258,251,420,607,81,-96,37.4117612,-121.9948176
463404097,2,7,37.4120348,-121.9952886,40,6.23,6.0,258,251,419,619,67,-105,37.4117612,-121.9948176
463504556,2,7,37.4120405,-121.9952879,40,6.23,5.8,258,251,419,620,61,-94,37.4117612,-121.9948176
463605324,2,7,37.4120461,-121.9952877,40,6.26,4.7,258,250,419,624,39,-87,37.4117612,-121.9948176
463705986,2,7,37.4120514,-121.9952882,40,6.00,1.2,258,250,418,599,-19,-91,37.4117612,-121.9948176
463805946,2,7,37.4120572,-121.9952883,40,6.30,1.0,258,250,418,630,8,-95,37.4117612,-121.9948176
463906476,2,7,37.4120628,-121.9952888,41,6.20,358.7,258,250,418,619,-39,-106,37.4117612,-121.9948176
464006616,2,7,37.4120682,-121.9952899,41,5.97,355.3,258,250,418,590,-92,-135,37.4117612,-121.9948176
464107905,2,7,37.4120730,-121.9952915,41,5.60,351.7,258,250,418,548,-118,-143,37.4117612,-121.9948176
464208732,2,7,37.4120766,-121.9952941,41,4.88,345.3,258,250,418,444,-202,-123,37.4117612,-121.9948176
464309080,2,7,37.4120806,-121.9952965,41,4.88,340.7,258,250,418,445,-200,-129,37.4117612,-121.9948176
464409322,2,7,37.4120847,-121.9952988,41,4.92,339.0,258,250,418,454,-190,-140,37.4117612,-121.9948176
464510498,2,7,37.4120887,-121.9953012,41,4.93,337.6,258,250,418,452,-198,-136,37.4117612,-121.9948176
464610356,2,7,37.4120928,-121.9953037,41,4.79,336.1,258,250,418,433,-205,-152,37.4117612,-121.9948176
464711002,2,7,37.4120967,-121.9953063,41,4.81,334.8,258,250,418,430,-214,-132,37.4117612,-121.9948176
464811494,2,7,37.4121006,-121.9953090,42,4.80,334.4,258,249,418,431,-210,-95,37.4117612,-121.9948176
464912258,2,7,37.4121048,-121.9953116,42,5.08,333.9,258,249,417,455,-226,-3,37.4117612,-121.9948176
465013470,2,7,37.4121090,-121.9953141,42,4.95,334.7,258,249,416,451,-204,106,37.4117612,-121.9948176
465073277,2,7,37.4121090,-121.9953141,42,4.95,334.7,258,249,416,451,-204,106,37.4117612,-121.9948176
465114386,2,7,37.4121136,-121.9953163,41,5.04,334.7,258,248,416,455,-215,162,37.4117612,-121.9948176
465215758,2,7,37.4121177,-121.9953187,41,4.92,336.2,258,248,416,455,-187,191,37.4117612,-121.9948176
465316224,2,7,37.4121222,-121.9953210,41,5.13,336.9,258,248,416,474,-196,191,37.4117612,-121.9948176
465416974,2,7,37.4121273,-121.9953231,41,5.48,337.9,258,247,415,512,-197,182,37.4117612,-121.9948176
465517244,2,7,37.4121325,-121.9953250,41,5.56,340.2,258,247,415,530,-168,149,37.4117612,-121.9948176
465618299,2,7,37.4121378,-121.9953268,41,5.86,342.5,258,246,415,565,-157,127,37.4117612,-121.9948176
465719085,2,7,37.4121432,-121.9953282,40,5.74,344.7,258,246,414,559,-130,136,37.4117612,-121.9948176
465819847,2,7,37.4121490,-121.9953295,40,6.14,347.1,258,245,414,603,-115,128,37.4117612,-121.9948176
465899963,2,7,37.4121547,-121.9953305,40,6.19,350.9,258,245,413,616,-64,143,37.4117612,-121.9948176
466020464,2,7,37.4121610,-121.9953311,40,6.52,352.5,258,244,412,649,-68,137,37.4117612,-121.9948176
466100849,2,7,37.4121673,-121.9953317,40,6.73,353.7,258,244,412,670,-58,130,37.4117612,-121.9948176
466201587,2,7,37.4121735,-121.9953322,40,6.81,356.1,258,243,412,681,-20,183,37.4117612,-121.9948176
466302194,2,7,37.4121790,-121.9953327,39,6.41,357.4,258,243,412,640,-13,339,37.4117612,-121.9948176
466402400,2,7,37.4121841,-121.9953331,39,5.94,0.5,258,242,411,594,5,536,37.4117612,-121.9948176
466503107,2,7,37.4121891,-121.9953333,38,5.63,359.4,258,242,411,563,-5,666,37.4117612,-121.9948176
466604362,2,7,37.4121945,-121.9953335,37,5.81,357.3,258,242,411,580,-27,750,37.4117612,-121.9948176
466704771,2,7,37.4121999,-121.9953337,36,5.79,358.1,258,241,411,578,-18,833,37.4117612,-121.9948176
466804807,2,7,37.4122055,-121.9953337,36,6.10,359.9,258,241,410,610,0,874,37.4117612,-121.9948176
466905214,2,7,37.4122116,-121.9953335,35,6.67,0.7,258,241,410,667,9,815,37.4117612,-121.9948176
467005739,2,7,37.4122185,-121.9953330,34,7.80,3.3,258,240,410,779,45,684,37.4117612,-121.9948176
467107090,2,7,37.4122260,-121.9953320,34,8.65,6.5,258,240,410,859,98,509,37.4117612,-121.9948176
467207766,2,7,37.4122339,-121.9953305,33,9.05,9.2,258,240,409,893,146,354,37.4117612,-121.9948176
467224104,2,7,37.4122339,-121.9953305,33,9.05,9.2,258,240,409,893,146,354,37.4117612,-121.9948176
467308347,2,7,37.4122419,-121.9953284,33,9.10,11.3,258,239,409,892,179,275,37.4117612,-121.9948176
467409355,2,7,37.4122502,-121.9953259,33,9.43,13.1,258,239,409,918,215,227,37.4117612,-121.9948176
467509782,2,7,37.4122587,-121.9953228,33,9.70,16.4,258,239,408,930,274,172,37.4117612,-121.9948176
467611359,2,7,37.4122674,-121.9953194,33,9.76,17.1,258,239,408,933,287,126,37.4117612,-121.9948176
467711785,2,7,37.4122757,-121.9953158,33,9.62,19.9,258,239,407,904,328,93,37.4117612,-121.9948176
467813260,2,7,37.4122844,-121.9953117,33,9.73,21.5,258,239,406,905,358,90,37.4117612,-121.9948176
467914200,2,7,37.4122929,-121.9953073,33,9.90,23.2,258,238,405,910,390,59,37.4117612,-121.9948176
468015387,2,7,37.4123011,-121.9953027,33,9.79,24.6,258,238,405,889,408,36,37.4117612,-121.9948176
468115781,2,7,37.4123094,-121.9952977,33,10.08,27.2,258,238,404,896,461,36,37.4117612,-121.9948176
468217101,2,7,37.4123177,-121.9952922,33,10.22,28.6,258,238,403,896,490,29,37.4117612,-121.9948176
468316980,2,7,37.4123259,-121.9952864,33,10.20,30.3,258,238,402,881,515,28,37.4117612,-121.9948176
468397629,2,7,37.4123342,-121.9952802,33,10.39,32.1,258,237,401,879,553,45,37.4117612,-121.9948176
468498526,2,7,37.4123422,-121.9952738,33,10.38,33.4,258,237,400,866,571,57,37.4117612,-121.9948176
468599399,2,7,37.4123502,-121.9952670,33,10.63,34.8,258,237,400,873,607,53,37.4117612,-121.9948176
468700754,2,7,37.4123581,-121.9952596,33,10.76,37.6,258,237,399,852,656,42,37.4117612,-121.9948176
468801186,2,7,37.4123658,-121.9952520,33,10.78,39.0,258,236,399,836,679,43,37.4117612,-121.9948176
468902221,2,7,37.4123735,-121.9952438,33,11.18,41.4,258,236,399,838,741,44,37.4117612,-121.9948176
469002388,2,7,37.4123811,-121.9952351,33,11.36,42.9,258,236,399,832,774,22,37.4117612,-121.9948176
469102695,2,7,37.4123883,-121.9952265,33,11.23,43.5,258,236,399,814,774,2,37.4117612,-121.9948176
469203349,2,7,37.4123955,-121.9952174,33,11.62,45.4,258,236,398,815,829,-33,37.4117612,-121.9948176
469303358,2,7,37.4124031,-121.9952077,33,12.13,46.0,258,236,398,842,873,-25,37.4117612,-121.9948176
469360482,2,7,37.4124031,-121.9952077,33,12.13,46.0,258,236,398,842,873,-25,37.4117612,-121.9948176
469403949,2,7,37.4124108,-121.9951976,33,12.14,46.8,258,235,397,830,886,7,37.4117612,-121.9948176
469504655,2,7,37.4124180,-121.9951878,33,11.86,47.4,258,235,397,802,873,46,37.4117612,-121.9948176
469605419,2,7,37.4124251,-121.9951781,33,11.73,47.4,258,235,397,793,864,84,37.4117612,-121.9948176
469705569,2,7,37.4124319,-121.9951684,32,11.70,48.7,258,235,397,771,880,103,37.4117612,-121.9948176
469806134,2,7,37.4124386,-121.9951587,32,11.45,48.0,258,235,397,764,852,147,37.4117612,-121.9948176
469906430,2,7,37.4124453,-121.9951494,32,11.31,47.4,258,235,396,765,833,181,37.4117612,-121.9948176
470006481,2,7,37.4124522,-121.9951406,32,11.06,44.1,258,235,396,794,770,172,37.4117612,-121.9948176
470107567,2,7,37.4124596,-121.9951325,32,10.70,40.4,258,234,395,814,694,165,37.4117612,-121.9948176
470207811,2,7,37.4124669,-121.9951254,31,10.30,35.8,258,234,394,835,604,118,37.4117612,-121.9948176
470308377,2,7,37.4124745,-121.9951190,31,10.06,32.9,258,234,393,845,546,58,37.4117612,-121.9948176
470408896,2,7,37.4124821,-121.9951134,31,9.76,29.6,258,234,392,848,483,-16,37.4117612,-121.9948176
470510026,2,7,37.4124897,-121.9951085,31,9.44,27.1,258,234,391,840,431,-32,37.4117612,-121.9948176
470610151,2,7,37.4124975,-121.9951041,31,9.15,23.6,258,233,390,839,366,-66,37.4117612,-121.9948176
470710140,2,7,37.4125049,-121.9951004,31,8.90,22.4,258,233,389,823,340,-39,37.4117612,-121.9948176
470810567,2,7,37.4125125,-121.9950967,31,9.09,22.8,258,233,389,838,352,-33,37.4117612,-121.9948176
470911235,2,7,37.4125202,-121.9950930,31,9.07,21.8,258,233,388,842,337,-23,37.4117612,-121.9948176
471011813,2,7,37.4125276,-121.9950892,31,8.97,23.6,258,233,388,822,359,42,37.4117612,-121.9948176
471112484,2,7,37.4125347,-121.9950856,31,8.62,22.9,258,232,387,793,336,142,37.4117612,-121.9948176
471212862,2,7,37.4125417,-121.9950819,31,8.29,23.5,258,232,386,760,331,244,37.4117612,-121.9948176
471312983,2,7,37.4125486,-121.9950782,30,8.31,23.4,258,231,385,763,330,313,37.4117612,-121.9948176
471393728,2,7,37.4125557,-121.9950744,30,8.39,23.7,258,231,384,768,337,381,37.4117612,-121.9948176
471494249,2,7,37.4125628,-121.9950705,29,8.83,25.3,258,230,383,798,377,436,37.4117612,-121.9948176
471519221,2,7,37.4125628,-121.9950705,29,8.83,25.3,258,230,383,798,377,436,37.4117612,-121.9948176
471594593,2,7,37.4125702,-121.9950656,29,9.45,29.9,258,230,382,819,471,451,37.4117612,-121.9948176
471695198,2,7,37.4125779,-121.9950592,28,10.45,36.2,258,230,382,843,618,413,37.4117612,-121.9948176
471795770,2,7,37.4125855,-121.9950514,28,11.30,41.6,258,230,381,843,751,323,37.4117612,-121.9948176
471896402,2,7,37.4125929,-121.9950426,27,11.51,44.6,258,229,380,819,808,251,37.4117612,-121.9948176
471997463,2,7,37.4126007,-121.9950327,27,12.39,45.9,258,229,379,860,891,249,37.4117612,-121.9948176
472097563,2,7,37.4126084,-121.9950220,27,13.00,48.7,258,229,379,858,977,233,37.4117612,-121.9948176
472198258,2,7,37.4126160,-121.9950106,27,13.08,50.4,258,229,379,832,1009,201,37.4117612,-121.9948176
472298307,2,7,37.4126233,-121.9949988,27,13.14,52.5,258,229,378,800,1043,184,37.4117612,-121.9948176
472398859,2,7,37.4126304,-121.9949866,26,13.22,53.9,258,229,378,779,1068,164,37.4117612,-121.9948176
472499690,2,7,37.4126375,-121.9949740,26,13.54,54.8,258,229,377,779,1107,145,37.4117612,-121.9948176
472600307,2,7,37.4126444,-121.9949614,26,13.53,55.5,258,229,377,765,1116,128,37.4117612,-121.9948176
472700666,2,7,37.4126514,-121.9949488,26,13.44,54.7,258,229,377,776,1097,118,37.4117612,-121.9948176
472801331,2,7,37.4126586,-121.9949364,26,13.37,53.7,258,229,377,791,1079,125,37.4117612,-121.9948176
472902085,2,7,37.4126658,-121.9949243,26,13.39,53.1,258,229,377,803,1072,141,37.4117612,-121.9948176
473002846,2,7,37.4126731,-121.9949124,26,13.10,52.1,258,229,377,803,1034,155,37.4117612,-121.9948176
473103054,2,7,37.4126803,-121.9949012,25,12.67,49.8,258,229,376,817,968,126,37.4117612,-121.9948176
473203658,2,7,37.4126873,-121.9948913,25,11.82,46.9,258,229,376,806,864,59,37.4117612,-121.9948176
473304152,2,7,37.4126945,-121.9948824,25,11.19,43.8,258,229,376,807,774,-45,37.4117612,-121.9948176
473404359,2,7,37.4127015,-121.9948747,25,10.08,40.0,258,229,376,771,648,-152,37.4117612,-121.9948176
473505003,2,7,37.4127080,-121.9948681,25,9.44,38.9,258,229,377,734,593,-225,37.4117612,-121.9948176
473606058,2,7,37.4127142,-121.9948620,26,9.01,37.9,258,229,377,711,553,-238,37.4117612,-121.9948176
473680780,2,7,37.4127142,-121.9948620,26,9.01,37.9,258,229,377,711,553,-238,37.4117612,-121.9948176
473706642,2,7,37.4127203,-121.9948562,26,8.60,36.2,258,229,376,694,508,-246,37.4117612,-121.9948176
473806659,2,7,37.4127266,-121.9948503,26,8.80,37.1,258,229,376,701,532,-226,37.4117612,-121.9948176
473907346,2,7,37.4127322,-121.9948447,26,8.52,36.8,258,228,376,682,511,-118,37.4117612,-121.9948176
474007995,2,7,37.4127380,-121.9948392,26,8.35,36.2,258,228,375,673,494,-5,37.4117612,-121.9948176
474108216,2,7,37.4127442,-121.9948337,26,8.39,34.1,258,228,375,694,471,90,37.4117612,-121.9948176
474208722,2,7,37.4127498,-121.9948278,26,8.61,39.1,258,228,374,668,543,168,37.4117612,-121.9948176
474309039,2,7,37.4127557,-121.9948206,25,9.52,44.4,258,227,374,679,666,202,37.4117612,-121.9948176
474409704,2,7,37.4127618,-121.9948115,25,10.85,51.0,258,227,374,682,844,209,37.4117612,-121.9948176
474490327,2,7,37.4127676,-121.9948000,25,12.16,58.5,258,227,374,635,1038,181,37.4117612,-121.9948176
474590901,2,7,37.4127728,-121.9947866,25,13.34,64.8,258,227,374,567,1207,154,37.4117612,-121.9948176
474691119,2,7,37.4127776,-121.9947718,25,13.85,68.2,258,226,374,513,1286,146,37.4117612,-121.9948176
474791351,2,7,37.4127818,-121.9947559,25,14.67,72.2,258,226,374,446,1397,128,37.4117612,-121.9948176
474892267,2,7,37.4127850,-121.9947389,25,15.49,77.1,258,226,374,344,1510,104,37.4117612,-121.9948176
474992746,2,7,37.4127871,-121.9947208,25,16.41,81.3,258,226,375,247,1622,69,37.4117612,-121.9948176
475093024,2,7,37.4127882,-121.9947017,25,16.81,86.3,258,226,375,107,1677,19,37.4117612,-121.9948176
475193257,2,7,37.4127877,-121.9946823,25,17.25,91.8,258,226,376,-56,1724,-65,37.4117612,-121.9948176
475294453,2,7,37.4127864,-121.9946625,25,17.56,94.8,258,225,376,-147,1750,-100,37.4117612,-121.9948176
475395442,2,7,37.4127842,-121.9946423,25,18.03,97.0,258,225,376,-220,1790,-72,37.4117612,-121.9948176
475495182,2,7,37.4127814,-121.9946223,25,17.97,98.9,258,225,377,-279,1775,-28,37.4117612,-121.9948176
475595743,2,7,37.4127781,-121.9946020,25,18.28,101.2,258,225,377,-356,1793,-21,37.4117612,-121.9948176
475696397,2,7,37.4127743,-121.9945818,25,18.18,103.2,258,225,378,-416,1770,2,37.4117612,-121.9948176
475796363,2,7,37.4127692,-121.9945620,25,18.39,106.9,258,225,378,-537,1759,-28,37.4117612,-121.9948176
475841641,2,7,37.4127692,-121.9945620,25,18.39,106.9,258,225,378,-537,1759,-28,37.4117612,-121.9948176
475898035,2,7,37.4127630,-121.9945425,25,18.45,111.4,258,225,379,-674,1718,-108,37.4117612,-121.9948176
475998608,2,7,37.4127560,-121.9945234,25,18.56,114.0,258,225,379,-755,1695,-110,37.4117612,-121.9948176
476100174,2,7,37.4127485,-121.9945044,25,18.66,115.9,258,225,380,-815,1678,-99,37.4117612,-121.9948176
476200556,2,7,37.4127402,-121.9944859,26,18.60,118.9,258,225,380,-901,1627,-121,37.4117612,-121.9948176
476301121,2,7,37.4127312,-121.9944681,26,18.61,121.9,258,225,381,-985,1578,-128,37.4117612,-121.9948176
476401434,2,7,37.4127216,-121.9944508,26,18.44,124.6,258,225,381,-1050,1516,-116,37.4117612,-121.9948176
476502046,2,7,37.4127115,-121.9944340,26,18.56,126.7,258,225,382,-1110,1488,-94,37.4117612,-121.9948176
476602884,2,7,37.4127009,-121.9944176,26,18.53,128.5,258,225,382,-1153,1450,-42,37.4117612,-121.9948176
476703346,2,7,37.4126900,-121.9944017,26,18.45,130.6,258,225,382,-1202,1399,-22,37.4117612,-121.9948176
476804102,2,7,37.4126784,-121.9943865,26,18.61,133.3,258,225,383,-1278,1352,-39,37.4117612,-121.9948176
476904969,2,7,37.4126669,-121.9943716,26,18.38,133.9,258,225,383,-1276,1322,-23,37.4117612,-121.9948176
477005344,2,7,37.4126549,-121.9943571,26,18.40,135.6,258,225,383,-1316,1285,-12,37.4117612,-121.9948176
477105884,2,7,37.4126425,-121.9943432,26,18.50,137.8,258,225,383,-1372,1241,0,37.4117612,-121.9948176
477206286,2,7,37.4126298,-121.9943298,26,18.35,139.6,258,225,383,-1399,1187,3,37.4117612,-121.9948176
477306764,2,7,37.4126170,-121.9943169,26,18.26,141.3,258,225,383,-1427,1140,-9,37.4117612,-121.9948176
477387407,2,7,37.4126037,-121.9943047,26,18.21,143.4,258,225,383,-1463,1084,-13,37.4117612,-121.9948176
477488005,2,7,37.4125903,-121.9942929,26,18.10,144.7,258,225,383,-1478,1044,11,37.4117612,-121.9948176
477588587,2,7,37.4125771,-121.9942811,26,17.92,144.5,258,225,383,-1460,1038,63,37.4117612,-121.9948176
477688983,2,7,37.4125636,-121.9942702,26,17.86,146.8,258,225,383,-1495,977,94,37.4117612,-121.9948176
477789387,2,7,37.4125500,-121.9942596,26,17.72,148.1,258,225,383,-1505,934,117,37.4117612,-121.9948176
477890330,2,7,37.4125362,-121.9942498,26,17.53,150.0,258,225,383,-1520,874,132,37.4117612,-121.9948176
477990813,2,7,37.4125222,-121.9942407,25,17.33,152.7,258,225,383,-1541,794,132,37.4117612,-121.9948176
477998033,2,7,37.4125222,-121.9942407,25,17.33,152.7,258,225,383,-1541,794,132,37.4117612,-121.9948176
478091088,2,7,37.4125081,-121.9942324,25,17.21,154.6,258,224,383,-1555,737,111,37.4117612,-121.9948176
478191497,2,7,37.4124938,-121.9942244,25,17.20,155.9,258,224,384,-1570,702,140,37.4117612,-121.9948176
478292639,2,7,37.4124798,-121.9942167,25,16.96,156.5,258,225,384,-1556,676,167,37.4117612,-121.9948176
478392296,2,7,37.4124658,-121.9942096,25,16.71,158.1,258,225,384,-1551,622,179,37.4117612,-121.9948176
478492908,2,7,37.4124519,-121.9942030,24,16.51,159.4,258,225,384,-1546,579,202,37.4117612,-121.9948176
478593429,2,7,37.4124380,-121.9941972,24,16.20,162.1,258,225,384,-1541,497,207,37.4117612,-121.9948176
478693488,2,7,37.4124242,-121.9941922,24,15.77,163.9,258,225,384,-1515,436,223,37.4117612,-121.9948176
478794457,2,7,37.4124108,-121.9941879,24,15.36,165.7,258,225,384,-1489,377,232,37.4117612,-121.9948176
478894544,2,7,37.4123981,-121.9941835,24,14.90,165.9,258,225,384,-1445,362,202,37.4117612,-121.9948176
478995176,2,7,37.4123853,-121.9941801,23,14.59,168.4,258,225,384,-1429,292,210,37.4117612,-121.9948176
479096205,2,7,37.4123726,-121.9941775,23,14.11,170.5,258,225,385,-1392,231,241,37.4117612,-121.9948176
479197512,2,7,37.4123600,-121.9941758,23,13.80,173.8,258,225,385,-1372,147,255,37.4117612,-121.9948176
479297613,2,7,37.4123483,-121.9941745,23,13.22,175.3,258,225,385,-1318,107,259,37.4117612,-121.9948176
479398301,2,7,37.4123367,-121.9941740,22,12.83,178.3,258,226,385,-1282,36,257,37.4117612,-121.9948176
479500115,2,7,37.4123256,-121.9941742,22,12.31,181.5,258,226,386,-1230,-33,253,37.4117612,-121.9948176
479600412,2,7,37.4123146,-121.9941751,22,12.14,183.9,258,226,386,-1211,-83,263,37.4117612,-121.9948176
479701179,2,7,37.4123040,-121.9941763,21,11.87,185.0,258,226,386,-1182,-104,279,37.4117612,-121.9948176
479801646,2,7,37.4122937,-121.9941781,21,11.56,187.5,258,226,386,-1146,-152,286,37.4117612,-121.9948176
479902757,2,7,37.4122838,-121.9941800,21,11.26,189.4,258,226,386,-1111,-185,237,37.4117612,-121.9948176
480002895,2,7,37.4122742,-121.9941825,21,11.01,192.2,258,226,387,-1076,-234,187,37.4117612,-121.9948176
480083073,2,7,37.4122649,-121.9941853,20,10.73,193.5,258,226,387,-1043,-251,157,37.4117612,-121.9948176
480152546,2,7,37.4122649,-121.9941853,20,10.73,193.5,258,226,387,-1043,-251,157,37.4117612,-121.9948176
480203440,2,7,37.4122558,-121.9941882,20,10.50,194.4,258,226,387,-1017,-262,133,37.4117612,-121.9948176
480284075,2,7,37.4122469,-121.9941912,20,10.55,195.4,258,225,387,-1017,-281,113,37.4117612,-121.9948176
480404557,2,7,37.4122380,-121.9941948,20,10.30,198.2,258,225,388,-978,-322,87,37.4117612,-121.9948176
480485101,2,7,37.4122293,-121.9941985,20,10.33,199.5,258,225,388,-974,-346,105,37.4117612,-121.9948176
480586168,2,7,37.4122207,-121.9942024,19,10.17,200.3,258,225,388,-953,-353,144,37.4117612,-121.9948176
480686404,2,7,37.4122125,-121.9942064,19,10.00,201.0,258,225,388,-933,-358,156,37.4117612,-121.9948176
480786777,2,7,37.4122041,-121.9942105,19,9.97,202.1,258,224,388,-923,-376,124,37.4117612,-121.9948176
480887122,2,7,37.4121959,-121.9942146,19,9.99,202.2,258,224,389,-925,-377,112,37.4117612,-121.9948176
480987548,2,7,37.4121876,-121.9942187,19,10.02,201.6,258,224,389,-931,-370,130,37.4117612,-121.9948176
481088600,2,7,37.4121792,-121.9942226,19,10.11,201.7,258,224,389,-939,-375,182,37.4117612,-121.9948176
481188260,2,7,37.4121710,-121.9942265,18,10.00,201.2,258,223,389,-932,-363,213,37.4117612,-121.9948176
481288320,2,7,37.4121628,-121.9942308,18,10.21,203.5,258,223,390,-935,-408,223,37.4117612,-121.9948176
481389167,2,7,37.4121546,-121.9942355,18,10.15,205.6,258,223,390,-915,-439,250,37.4117612,-121.9948176
481489618,2,7,37.4121467,-121.9942405,18,9.96,208.1,258,223,390,-878,-470,295,37.4117612,-121.9948176
481590025,2,7,37.4121390,-121.9942458,17,9.81,209.1,258,223,391,-857,-477,316,37.4117612,-121.9948176
481691233,2,7,37.4121316,-121.9942517,17,9.76,212.9,258,223,391,-819,-530,336,37.4117612,-121.9948176
481791348,2,7,37.4121248,-121.9942578,16,9.55,216.0,258,223,391,-772,-561,313,37.4117612,-121.9948176
481891874,2,7,37.4121191,-121.9942644,16,8.69,223.2,258,223,392,-633,-595,231,37.4117612,-121.9948176
481992526,2,7,37.4121137,-121.9942713,16,8.63,225.6,258,223,392,-603,-617,197,37.4117612,-121.9948176
482092817,2,7,37.4121088,-121.9942779,16,8.16,226.9,258,223,393,-557,-596,183,37.4117612,-121.9948176
482193349,2,7,37.4121040,-121.9942851,15,8.03,231.4,258,223,393,-500,-628,173,37.4117612,-121.9948176
482294480,2,7,37.4121000,-121.9942920,15,7.48,232.3,258,223,394,-446,-600,88,37.4117612,-121.9948176
482312536,2,7,37.4121000,-121.9942920,15,7.48,232.3,258,223,394,-446,-600,88,37.4117612,-121.9948176
482395079,2,7,37.4120961,-121.9942985,15,7.30,233.0,258,222,394,-433,-588,20,37.4117612,-121.9948176
482495429,2,7,37.4120924,-121.9943050,15,7.05,234.5,258,222,393,-394,-585,17,37.4117612,-121.9948176
482595870,2,7,37.4120894,-121.9943114,15,6.64,237.2,258,221,393,-330,-577,53,37.4117612,-121.9948176
482696816,2,7,37.4120863,-121.9943176,15,6.47,237.9,258,221,392,-336,-553,62,37.4117612,-121.9948176
482797760,2,7,37.4120827,-121.9943237,15,6.34,237.3,258,220,391,-347,-531,50,37.4117612,-121.9948176
482899229,2,7,37.4120804,-121.9943293,15,5.48,240.1,258,219,390,-246,-489,-6,37.4117612,-121.9948176
482980037,2,7,37.4120781,-121.9943347,15,5.25,241.8,258,218,388,-233,-471,-20,37.4117612,-121.9948176
483100878,2,7,37.4120758,-121.9943400,15,5.22,242.2,258,216,387,-240,-463,-10,37.4117612,-121.9948176
483181142,2,7,37.4120733,-121.9943453,14,4.91,242.4,258,215,385,-226,-436,-21,37.4117612,-121.9948176
483281948,2,7,37.4120705,-121.9943504,14,4.67,240.6,258,214,384,-243,-399,-74,37.4117612,-121.9948176
483382300,2,7,37.4120677,-121.9943552,14,4.88,238.8,258,214,384,-265,-410,-96,37.4117612,-121.9948176
483482853,2,7,37.4120652,-121.9943596,14,4.53,237.0,258,214,384,-261,-370,-90,37.4117612,-121.9948176
483583806,2,7,37.4120619,-121.9943641,14,4.96,232.5,258,213,384,-325,-375,-74,37.4117612,-121.9948176
483684177,2,7,37.4120588,-121.9943683,14,4.79,230.6,258,213,384,-317,-358,-86,37.4117612,-121.9948176
483784940,2,7,37.4120553,-121.9943723,15,5.13,226.7,258,213,383,-370,-356,-75,37.4117612,-121.9948176
483885400,2,7,37.4120510,-121.9943766,14,5.24,224.1,258,212,382,-389,-351,-30,37.4117612,-121.9948176
483985985,2,7,37.4120471,-121.9943805,14,5.12,223.0,258,212,381,-381,-341,-5,37.4117612,-121.9948176
484086820,2,7,37.4120430,-121.9943844,14,5.46,220.4,258,211,381,-429,-336,12,37.4117612,-121.9948176
484187674,2,7,37.4120391,-121.9943882,14,5.22,220.7,258,211,380,-394,-343,70,37.4117612,-121.9948176
484288193,2,7,37.4120351,-121.9943924,14,5.57,221.4,258,211,380,-413,-374,138,37.4117612,-121.9948176
484389497,2,7,37.4120311,-121.9943967,13,5.68,221.0,258,210,380,-431,-370,179,37.4117612,-121.9948176
484473514,2,7,37.4120311,-121.9943967,13,5.68,221.0,258,210,380,-431,-370,179,37.4117612,-121.9948176
484490083,2,7,37.4120271,-121.9944010,13,5.81,221.0,258,210,380,-438,-381,218,37.4117612,-121.9948176
484590995,2,7,37.4120231,-121.9944055,13,5.82,222.3,258,210,380,-422,-402,284,37.4117612,-121.9948176
484691724,2,7,37.4120190,-121.9944103,12,5.93,223.1,258,210,380,-426,-412,330,37.4117612,-121.9948176
484792036,2,7,37.4120152,-121.9944147,12,5.71,223.4,258,209,381,-413,-395,347,37.4117612,-121.9948176
484892646,2,7,37.4120119,-121.9944194,11,5.53,226.1,258,209,381,-364,-416,363,37.4117612,-121.9948176
484993908,2,7,37.4120089,-121.9944243,11,5.35,229.5,258,209,381,-316,-432,383,37.4117612,-121.9948176
485094497,2,7,37.4120065,-121.9944293,11,5.15,234.7,258,209,381,-256,-447,397,37.4117612,-121.9948176
485195626,2,7,37.4120047,-121.9944345,10,4.97,241.4,258,209,381,-179,-464,403,37.4117612,-121.9948176
485296078,2,7,37.4120038,-121.9944398,10,4.71,249.9,258,209,380,-83,-463,356,37.4117612,-121.9948176
485396633,2,7,37.4120037,-121.9944450,9,4.56,260.0,258,208,380,7,-456,299,37.4117612,-121.9948176
485497155,2,7,37.4120043,-121.9944500,9,4.63,270.0,258,208,380,79,-456,316,37.4117612,-121.9948176
485597892,2,7,37.4120052,-121.9944553,9,4.85,276.7,258,208,380,106,-474,363,37.4117612,-121.9948176
485678196,2,7,37.4120061,-121.9944604,8,4.69,281.2,258,208,380,129,-451,378,37.4117612,-121.9948176
485778860,2,7,37.4120075,-121.9944656,8,4.91,286.9,258,208,380,178,-458,309,37.4117612,-121.9948176
485878707,2,7,37.4120088,-121.9944710,8,5.07,289.1,258,207,380,185,-472,226,37.4117612,-121.9948176
485979947,2,7,37.4120105,-121.9944765,7,5.34,290.7,258,207,379,201,-494,211,37.4117612,-121.9948176
486081187,2,7,37.4120122,-121.9944822,7,5.46,291.7,258,207,379,210,-504,273,37.4117612,-121.9948176
486181353,2,7,37.4120140,-121.9944880,7,5.52,292.3,258,207,379,214,-508,279,37.4117612,-121.9948176
486281973,2,7,37.4120154,-121.9944941,7,5.69,290.1,258,207,379,176,-540,176,37.4117612,-121.9948176
486382118,2,7,37.4120166,-121.9945005,7,5.82,287.2,258,207,379,144,-564,57,37.4117612,-121.9948176
486482994,2,7,37.4120175,-121.9945074,7,6.15,284.8,258,207,379,130,-602,3,37.4117612,-121.9948176
486583487,2,7,37.4120182,-121.9945143,7,6.21,281.3,258,207,379,83,-615,3,37.4117612,-121.9948176
486636869,2,7,37.4120182,-121.9945143,7,6.21,281.3,258,207,379,83,-615,3,37.4117612,-121.9948176
486684175,2,7,37.4120184,-121.9945213,7,6.18,276.9,258,207,379,28,-617,-30,37.4117612,-121.9948176
486785124,2,7,37.4120184,-121.9945280,7,5.87,271.5,258,207,379,-35,-586,-122,37.4117612,-121.9948176
486886296,2,7,37.4120177,-121.9945348,7,6.11,265.9,258,207,379,-92,-604,-200,37.4117612,-121.9948176
486986547,2,7,37.4120166,-121.9945415,7,6.15,261.6,258,206,379,-126,-602,-200,37.4117612,-121.9948176
487087299,2,7,37.4120152,-121.9945482,8,6.35,259.3,258,206,379,-141,-619,-170,37.4117612,-121.9948176
487188235,2,7,37.4120136,-121.9945547,8,6.12,256.0,258,206,379,-185,-583,-169,37.4117612,-121.9948176
487288925,2,7,37.4120121,-121.9945614,8,6.06,255.2,258,206,379,-163,-583,-175,37.4117612,-121.9948176
487389412,2,7,37.4120105,-121.9945678,8,5.76,254.8,258,205,379,-154,-555,-186,37.4117612,-121.9948176
487490044,2,7,37.4120092,-121.9945737,8,5.46,255.4,258,205,379,-131,-530,-187,37.4117612,-121.9948176
487590986,2,7,37.4120081,-121.9945794,8,5.21,256.5,258,205,379,-111,-509,-153,37.4117612,-121.9948176
487691863,2,7,37.4120075,-121.9945848,8,4.99,259.7,258,205,379,-58,-496,-95,37.4117612,-121.9948176
487791939,2,7,37.4120068,-121.9945900,8,4.82,260.4,258,204,379,-73,-476,-82,37.4117612,-121.9948176
487892828,2,7,37.4120067,-121.9945948,9,4.29,263.0,258,204,379,-24,-428,-117,37.4117612,-121.9948176
487993603,2,7,37.4120069,-121.9945993,9,3.94,268.1,258,204,378,28,-393,-162,37.4117612,-121.9948176
488093787,2,7,37.4120072,-121.9946034,9,3.57,272.8,258,203,378,53,-353,-148,37.4117612,-121.9948176
488194245,2,7,37.4120079,-121.9946070,9,3.55,276.1,258,203,378,58,-351,-113,37.4117612,-121.9948176
488275208,2,7,37.4120087,-121.9946110,9,3.71,280.4,258,203,377,91,-359,-88,37.4117612,-121.9948176
488375334,2,7,37.4120096,-121.9946148,9,3.42,284.8,258,203,377,116,-322,-79,37.4117612,-121.9948176
488475730,2,7,37.4120108,-121.9946184,9,3.58,288.6,258,203,377,134,-331,-69,37.4117612,-121.9948176
488575815,2,7,37.4120122,-121.9946222,9,3.71,293.2,258,203,377,170,-330,-48,37.4117612,-121.9948176
488677214,2,7,37.4120137,-121.9946261,9,3.81,294.7,258,202,377,168,-342,-36,37.4117612,-121.9948176
488778234,2,7,37.4120152,-121.9946300,9,3.84,296.8,258,202,377,185,-336,-7,37.4117612,-121.9948176
488799422,2,7,37.4120152,-121.9946300,9,3.84,296.8,258,202,377,185,-336,-7,37.4117612,-121.9948176
488879088,2,7,37.4120169,-121.9946340,9,4.05,298.3,258,202,377,200,-352,-23,37.4117612,-121.9948176
488979622,2,7,37.4120187,-121.9946381,9,4.02,299.0,258,202,377,199,-349,-56,37.4117612,-121.9948176
489080304,2,7,37.4120207,-121.9946420,9,4.09,300.8,258,202,376,220,-345,-60,37.4117612,-121.9948176
489181119,2,7,37.4120227,-121.9946461,9,4.20,303.7,258,201,376,250,-338,-51,37.4117612,-121.9948176
489281565,2,7,37.4120251,-121.9946498,9,4.22,307.9,258,201,375,281,-315,-50,37.4117612,-121.9948176
489382031,2,7,37.4120276,-121.9946534,9,4.33,310.6,258,201,374,294,-317,-24,37.4117612,-121.9948176
489482902,2,7,37.4120301,-121.9946572,9,4.32,312.1,258,200,374,298,-313,18,37.4117612,-121.9948176
489582773,2,7,37.4120326,-121.9946606,9,4.21,313.6,258,200,373,299,-297,59,37.4117612,-121.9948176
489683432,2,7,37.4120354,-121.9946644,9,4.48,315.6,258,200,373,330,-303,7,37.4117612,-121.9948176
489783792,2,7,37.4120381,-121.9946679,9,4.35,315.3,258,199,373,307,-308,-13,37.4117612,-121.9948176
489884866,2,7,37.4120409,-121.9946715,8,4.59,317.0,258,199,373,343,-305,73,37.4117612,-121.9948176
489985321,2,7,37.4120439,-121.9946751,8,4.66,318.1,258,199,373,353,-304,88,37.4117612,-121.9948176
490086324,2,7,37.4120470,-121.9946786,8,4.65,318.2,258,199,373,348,-309,52,37.4117612,-121.9948176
490186623,2,7,37.4120501,-121.9946824,8,4.79,320.4,258,198,372,379,-292,-25,37.4117612,-121.9948176
490286731,2,7,37.4120531,-121.9946860,8,4.71,320.4,258,198,372,363,-299,-63,37.4117612,-121.9948176
490386969,2,7,37.4120565,-121.9946895,8,4.91,322.1,258,198,371,395,-292,-89,37.4117612,-121.9948176
490487257,2,7,37.4120598,-121.9946929,8,4.73,323.3,258,198,371,385,-274,-64,37.4117612,-121.9948176
490587737,2,7,37.4120630,-121.9946965,8,4.89,323.3,258,197,371,392,-291,-32,37.4117612,-121.9948176
490688437,2,7,37.4120661,-121.9947001,8,4.72,323.7,258,197,370,381,-277,-48,37.4117612,-121.9948176
490789379,2,7,37.4120690,-121.9947035,8,4.38,321.7,258,196,370,333,-284,-78,37.4117612,-121.9948176
490889576,2,7,37.4120715,-121.9947069,8,4.05,320.6,258,196,369,299,-272,-105,37.4117612,-121.9948176
490960464,2,7,37.4120715,-121.9947069,8,4.05,320.6,258,196,369,299,-272,-105,37.4117612,-121.9948176
490990338,2,7,37.4120737,-121.9947101,8,3.74,317.0,258,196,370,253,-275,-69,37.4117612,-121.9948176
491091475,2,7,37.4120755,-121.9947134,8,3.56,313.1,258,196,370,223,-277,-44,37.4117612,-121.9948176
491171787,2,7,37.4120769,-121.9947169,8,3.50,306.2,258,196,370,163,-309,-31,37.4117612,-121.9948176
491272308,2,7,37.4120783,-121.9947203,8,3.43,303.7,258,197,371,178,-293,-10,37.4117612,-121.9948176
491373536,2,7,37.4120797,-121.9947237,7,3.37,302.7,258,197,371,178,-285,20,37.4117612,-121.9948176
491473239,2,7,37.4120810,-121.9947271,7,3.52,299.8,258,197,371,156,-316,38,37.4117612,-121.9948176
491573865,2,7,37.4120818,-121.9947307,7,3.26,295.0,258,197,371,114,-306,59,37.4117612,-121.9948176
491674673,2,7,37.4120825,-121.9947348,7,3.55,289.9,258,197,372,95,-342,60,37.4117612,-121.9948176
491775327,2,7,37.4120830,-121.9947388,7,3.44,287.2,258,197,372,85,-333,51,37.4117612,-121.9948176
491875332,2,7,37.4120833,-121.9947430,7,3.80,283.9,258,197,372,73,-373,103,37.4117612,-121.9948176
491976285,2,7,37.4120833,-121.9947477,6,3.88,280.4,258,197,372,47,-385,144,37.4117612,-121.9948176
492076858,2,7,37.4120833,-121.9947521,6,3.95,276.3,258,197,372,16,-394,159,37.4117612,-121.9948176
492178284,2,7,37.4120830,-121.9947568,6,4.14,271.8,258,197,373,-17,-414,176,37.4117612,-121.9948176
492278418,2,7,37.4120826,-121.9947617,6,4.29,269.5,258,197,373,-18,-429,208,37.4117612,-121.9948176
492378951,2,7,37.4120823,-121.9947668,5,4.44,269.4,258,197,373,-4,-444,251,37.4117612,-121.9948176
492479331,2,7,37.4120820,-121.9947721,5,4.62,269.9,258,197,373,2,-462,262,37.4117612,-121.9948176
492580263,2,7,37.4120819,-121.9947777,5,4.89,270.4,258,197,374,7,-489,233,37.4117612,-121.9948176
492680468,2,7,37.4120821,-121.9947835,4,4.87,273.2,258,197,374,52,-484,186,37.4117612,-121.9948176
492781264,2,7,37.4120820,-121.9947894,4,5.12,273.3,258,197,374,29,-512,157,37.4117612,-121.9948176
492882063,2,7,37.4120822,-121.9947955,4,5.36,273.9,258,197,374,41,-534,201,37.4117612,-121.9948176
492982519,2,7,37.4120826,-121.9948018,3,5.63,274.8,258,197,374,56,-560,229,37.4117612,-121.9948176
493082646,2,7,37.4120830,-121.9948082,3,5.73,275.3,258,197,375,58,-570,243,37.4117612,-121.9948176
493123172,2,7,37.4120830,-121.9948082,3,5.73,275.3,258,197,375,58,-570,243,37.4117612,-121.9948176
493183462,2,7,37.4120837,-121.9948148,3,5.79,277.1,258,197,375,89,-572,226,37.4117612,-121.9948176
493284659,2,7,37.4120848,-121.9948213,3,5.80,280.1,258,197,375,132,-565,182,37.4117612,-121.9948176
493385372,2,7,37.4120862,-121.9948276,2,5.52,284.5,258,197,375,181,-521,113,37.4117612,-121.9948176
493485336,2,7,37.4120880,-121.9948336,2,5.76,287.9,258,197,375,205,-538,129,37.4117612,-121.9948176
493585756,2,7,37.4120894,-121.9948401,2,5.60,289.2,258,196,375,196,-525,125,37.4117612,-121.9948176
493686154,2,7,37.4120918,-121.9948457,2,5.64,291.9,258,196,375,241,-510,71,37.4117612,-121.9948176
493787018,2,7,37.4120954,-121.9948507,2,6.19,298.1,258,196,374,328,-525,0,37.4117612,-121.9948176
493887401,2,7,37.4120981,-121.9948561,2,5.61,299.9,258,196,375,297,-476,17,37.4117612,-121.9948176
493967701,2,7,37.4121010,-121.9948611,2,5.40,305.2,258,196,375,351,-410,18,37.4117612,-121.9948176
494088396,2,7,37.4121043,-121.9948655,2,5.39,310.9,258,196,375,390,-372,22,37.4117612,-121.9948176
494169146,2,7,37.4121076,-121.9948696,2,5.26,314.4,258,196,375,391,-351,65,37.4117612,-121.9948176
494269898,2,7,37.4121111,-121.9948734,2,5.21,318.7,258,196,376,415,-314,59,37.4117612,-121.9948176
494370838,2,7,37.4121147,-121.9948766,2,5.17,324.1,258,196,375,445,-264,34,37.4117612,-121.9948176
494471707,2,7,37.4121186,-121.9948793,2,5.12,329.0,258,196,376,459,-227,4,37.4117612,-121.9948176
494572387,2,7,37.4121226,-121.9948816,1,5.20,336.0,258,196,375,495,-159,45,37.4117612,-121.9948176
494672996,2,7,37.4121269,-121.9948834,1,5.17,338.2,258,196,375,487,-173,95,37.4117612,-121.9948176
494773779,2,7,37.4121308,-121.9948852,1,4.82,340.6,258,196,375,462,-137,148,37.4117612,-121.9948176
494874652,2,7,37.4121353,-121.9948867,1,5.34,344.2,258,196,375,521,-119,192,37.4117612,-121.9948176
494975538,2,7,37.4121400,-121.9948876,0,5.45,349.3,258,196,374,542,-58,198,37.4117612,-121.9948176
495076082,2,7,37.4121450,-121.9948880,0,5.73,353.6,258,196,374,572,-28,232,37.4117612,-121.9948176
495176653,2,7,37.4121501,-121.9948879,0,5.82,357.4,258,196,374,582,10,254,37.4117612,-121.9948176
495277236,2,7,37.4121554,-121.9948871,0,6.24,3.1,258,196,373,618,87,267,37.4117612,-121.9948176
495283976,2,7,37.4121554,-121.9948871,0,6.24,3.1,258,196,373,618,87,267,37.4117612,-121.9948176
495378535,2,7,37.4121606,-121.9948856,0,6.10,7.3,258,196,373,598,120,318,37.4117612,-121.9948176
495479308,2,7,37.4121667,-121.9948854,0,6.54,359.8,258,195,372,649,-77,298,37.4117612,-121.9948176
495579012,2,7,37.4121724,-121.9948859,0,5.92,357.2,258,196,373,585,-91,202,37.4117612,-121.9948176
495679635,2,7,37.4121750,-121.9948863,0,3.17,356.2,258,196,374,313,-51,57,37.4117612,-121.9948176
495780248,2,7,37.4121764,-121.9948861,0,2.10,358.5,258,197,375,209,13,-26,37.4117612,-121.9948176
495881064,2,7,37.4121768,-121.9948861,0,1.11,357.7,258,197,376,111,-8,-67,37.4117612,-121.9948176
495981556,2,7,37.4121771,-121.9948859,0,0.78,357.7,258,197,376,78,4,-98,37.4117612,-121.9948176
496082274,2,7,37.4121772,-121.9948857,0,0.56,357.7,258,198,377,56,0,-111,37.4117612,-121.9948176
496183059,2,7,37.4121772,-121.9948855,0,0.36,357.7,258,198,378,35,8,-116,37.4117612,-121.9948176
496284488,2,7,37.4121773,-121.9948853,0,0.38,357.7,258,198,379,37,4,-127,37.4117612,-121.9948176
496384658,2,7,37.4121774,-121.9948852,0,0.35,357.7,258,198,380,34,-3,-124,37.4117612,-121.9948176
496484953,2,7,37.4121774,-121.9948851,0,0.27,357.7,258,198,381,27,3,-133,37.4117612,-121.9948176
496565561,2,7,37.4121773,-121.9948850,0,0.32,357.7,258,198,382,32,3,-127,37.4117612,-121.9948176
496666527,2,7,37.4121773,-121.9948848,0,0.31,357.7,258,198,383,28,13,-121,37.4117612,-121.9948176
