<?xml version="1.0" encoding="UTF-8"?>
<gpx creator="blackbox_decode v8.0.0 INAV unknown" version="1.1" xmlns="http://www.topografix.com/GPX/1/1" xmlns:xsi="http://www.w3.org/2001/XMLSchema-instance" xsi:schemaLocation="http://www.topografix.com/GPX/1/1 http://www.topografix.com/GPX/1/1/gpx.xsd">
<metadata><name>Blackbox flight log</name>
 <link href="https://github.com/iNavFlight/blackbox-tools">
 <text>INAV Blackbox Tools</text>
 </link>
</metadata>
<trk><name>Blackbox flight log</name><trkseg>
  <trkpt lat="37.4117609" lon="-121.9948173"><ele>0</ele><time>2026-09-13T18:14:00.209684Z</time></trkpt>
  <trkpt lat="37.4117609" lon="-121.9948173"><ele>0</ele><time>2026-09-13T18:14:00.217687Z</time></trkpt>
  <trkpt lat="37.4117606" lon="-121.9948174"><ele>0</ele><time>2026-09-13T18:14:00.273253Z</time></trkpt>
  <trkpt lat="37.4117604" lon="-121.9948175"><ele>0</ele><time>2026-09-13T18:14:00.373981Z</time></trkpt>
  <trkpt lat="37.4117602" lon="-121.9948175"><ele>0</ele><time>2026-09-13T18:14:00.474242Z</time></trkpt>
  <trkpt lat="37.4117599" lon="-121.9948176"><ele>0</ele><time>2026-09-13T18:14:00.575832Z</time></trkpt>
  <trkpt lat="37.4117595" lon="-121.9948176"><ele>0</ele><time>2026-09-13T18:14:00.676670Z</time></trkpt>
  <trkpt lat="37.4117592" lon="-121.9948177"><ele>0</ele><time>2026-09-13T18:14:00.777195Z</time></trkpt>
  <trkpt lat="37.4117590" lon="-121.9948179"><ele>0</ele><time>2026-09-13T18:14:00.878054Z</time></trkpt>
  <trkpt lat="37.4117589" lon="-121.9948181"><ele>0</ele><time>2026-09-13T18:14:00.977872Z</time></trkpt>
  <trkpt lat="37.4117588" lon="-121.9948183"><ele>0</ele><time>2026-09-13T18:14:01.078090Z</time></trkpt>
  <trkpt lat="37.4117586" lon="-121.9948183"><ele>0</ele><time>2026-09-13T18:14:01.178624Z</time></trkpt>
  <trkpt lat="37.4117583" lon="-121.9948184"><ele>0</ele><time>2026-09-13T18:14:01.279501Z</time></trkpt>
  <trkpt lat="37.4117581" lon="-121.9948186"><ele>0</ele><time>2026-09-13T18:14:01.380124Z</time></trkpt>
  <trkpt lat="37.4117579" lon="-121.9948186"><ele>0</ele><time>2026-09-13T18:14:01.480753Z</time></trkpt>
  <trkpt lat="37.4117578" lon="-121.9948187"><ele>0</ele><time>2026-09-13T18:14:01.561907Z</time></trkpt>
  <trkpt lat="37.4117575" lon="-121.9948189"><ele>0</ele><time>2026-09-13T18:14:01.662595Z</time></trkpt>
  <trkpt lat="37.4117573" lon="-121.9948190"><ele>0</ele><time>2026-09-13T18:14:01.762506Z</time></trkpt>
  <trkpt lat="37.4117572" lon="-121.9948191"><ele>0</ele><time>2026-09-13T18:14:01.863361Z</time></trkpt>
  <trkpt lat="37.4117572" lon="-121.9948193"><ele>0</ele><time>2026-09-13T18:14:01.963930Z</time></trkpt>
  <trkpt lat="37.4117572" lon="-121.9948195"><ele>0</ele><time>2026-09-13T18:14:02.064691Z</time></trkpt>
  <trkpt lat="37.4117573" lon="-121.9948196"><ele>0</ele><time>2026-09-13T18:14:02.165418Z</time></trkpt>
  <trkpt lat="37.4117572" lon="-121.9948197"><ele>0</ele><time>2026-09-13T18:14:02.265818Z</time></trkpt>
  <trkpt lat="37.4117572" lon="-121.9948197"><ele>0</ele><time>2026-09-13T18:14:02.355389Z</time></trkpt>
  <trkpt lat="37.4117571" lon="-121.9948198"><ele>0</ele><time>2026-09-13T18:14:02.366401Z</time></trkpt>
  <trkpt lat="37.4117569" lon="-121.9948198"><ele>0</ele><time>2026-09-13T18:14:02.467731Z</time></trkpt>
  <trkpt lat="37.4117568" lon="-121.9948199"><ele>0</ele><time>2026-09-13T18:14:02.568980Z</time></trkpt>
  <trkpt lat="37.4117566" lon="-121.9948198"><ele>0</ele><time>2026-09-13T18:14:02.670116Z</time></trkpt>
  <trkpt lat="37.4117564" lon="-121.9948199"><ele>0</ele><time>2026-09-13T18:14:02.770665Z</time></trkpt>
  <trkpt lat="37.4117562" lon="-121.9948201"><ele>0</ele><time>2026-09-13T18:14:02.871293Z</time></trkpt>
  <trkpt lat="37.4117561" lon="-121.9948202"><ele>0</ele><time>2026-09-13T18:14:02.971959Z</time></trkpt>
  <trkpt lat="37.4117559" lon="-121.9948203"><ele>0</ele><time>2026-09-13T18:14:03.072426Z</time></trkpt>
  <trkpt lat="37.4117557" lon="-121.9948204"><ele>0</ele><time>2026-09-13T18:14:03.274183Z</time></trkpt>
  <trkpt lat="37.4117556" lon="-121.9948206"><ele>0</ele><time>2026-09-13T18:14:03.375308Z</time></trkpt>
  <trkpt lat="37.4117554" lon="-121.9948207"><ele>0</ele><time>2026-09-13T18:14:03.475462Z</time></trkpt>
  <trkpt lat="37.4117552" lon="-121.9948208"><ele>0</ele><time>2026-09-13T18:14:03.676983Z</time></trkpt>
  <trkpt lat="37.4117551" lon="-121.9948208"><ele>0</ele><time>2026-09-13T18:14:03.777960Z</time></trkpt>
  <trkpt lat="37.4117549" lon="-121.9948208"><ele>0</ele><time>2026-09-13T18:14:03.878921Z</time></trkpt>
  <trkpt lat="37.4117548" lon="-121.9948208"><ele>0</ele><time>2026-09-13T18:14:04.080229Z</time></trkpt>
  <trkpt lat="37.4117546" lon="-121.9948207"><ele>0</ele><time>2026-09-13T18:14:04.161325Z</time></trkpt>
  <trkpt lat="37.4117544" lon="-121.9948206"><ele>0</ele><time>2026-09-13T18:14:04.262205Z</time></trkpt>
  <trkpt lat="37.4117542" lon="-121.9948205"><ele>0</ele><time>2026-09-13T18:14:04.363658Z</time></trkpt>
  <trkpt lat="37.4117539" lon="-121.9948204"><ele>0</ele><time>2026-09-13T18:14:04.464436Z</time></trkpt>
  <trkpt lat="37.4117539" lon="-121.9948204"><ele>0</ele><time>2026-09-13T18:14:04.475862Z</time></trkpt>
  <trkpt lat="37.4117537" lon="-121.9948203"><ele>0</ele><time>2026-09-13T18:14:04.565697Z</time></trkpt>
  <trkpt lat="37.4117532" lon="-121.9948202"><ele>0</ele><time>2026-09-13T18:14:04.667011Z</time></trkpt>
  <trkpt lat="37.4117526" lon="-121.9948199"><ele>0</ele><time>2026-09-13T18:14:04.767054Z</time></trkpt>
  <trkpt lat="37.4117520" lon="-121.9948196"><ele>0</ele><time>2026-09-13T18:14:04.867983Z</time></trkpt>
  <trkpt lat="37.4117515" lon="-121.9948192"><ele>0</ele><time>2026-09-13T18:14:04.969048Z</time></trkpt>
  <trkpt lat="37.4117511" lon="-121.9948188"><ele>0</ele><time>2026-09-13T18:14:05.070255Z</time></trkpt>
  <trkpt lat="37.4117507" lon="-121.9948185"><ele>0</ele><time>2026-09-13T18:14:05.171118Z</time></trkpt>
  <trkpt lat="37.4117505" lon="-121.9948184"><ele>0</ele><time>2026-09-13T18:14:05.272123Z</time></trkpt>
  <trkpt lat="37.4117506" lon="-121.9948186"><ele>0</ele><time>2026-09-13T18:14:05.372675Z</time></trkpt>
  <trkpt lat="37.4117513" lon="-121.9948194"><ele>0</ele><time>2026-09-13T18:14:05.473387Z</time></trkpt>
  <trkpt lat="37.4117527" lon="-121.9948207"><ele>0</ele><time>2026-09-13T18:14:05.574713Z</time></trkpt>
  <trkpt lat="37.4117554" lon="-121.9948236"><ele>0</ele><time>2026-09-13T18:14:05.674571Z</time></trkpt>
  <trkpt lat="37.4117588" lon="-121.9948272"><ele>0</ele><time>2026-09-13T18:14:05.775427Z</time></trkpt>
  <trkpt lat="37.4117628" lon="-121.9948306"><ele>0</ele><time>2026-09-13T18:14:05.876732Z</time></trkpt>
  <trkpt lat="37.4117681" lon="-121.9948339"><ele>0</ele><time>2026-09-13T18:14:05.977812Z</time></trkpt>
  <trkpt lat="37.4117738" lon="-121.9948373"><ele>0</ele><time>2026-09-13T18:14:06.058252Z</time></trkpt>
  <trkpt lat="37.4117798" lon="-121.9948409"><ele>0</ele><time>2026-09-13T18:14:06.158659Z</time></trkpt>
  <trkpt lat="37.4117864" lon="-121.9948447"><ele>0</ele><time>2026-09-13T18:14:06.260105Z</time></trkpt>
  <trkpt lat="37.4117927" lon="-121.9948494"><ele>0</ele><time>2026-09-13T18:14:06.361519Z</time></trkpt>
  <trkpt lat="37.4117993" lon="-121.9948548"><ele>0</ele><time>2026-09-13T18:14:06.462119Z</time></trkpt>
  <trkpt lat="37.4118068" lon="-121.9948605"><ele>0</ele><time>2026-09-13T18:14:06.562750Z</time></trkpt>
  <trkpt lat="37.4118068" lon="-121.9948605"><ele>0</ele><time>2026-09-13T18:14:06.623170Z</time></trkpt>
  <trkpt lat="37.4118148" lon="-121.9948655"><ele>0</ele><time>2026-09-13T18:14:06.663126Z</time></trkpt>
  <trkpt lat="37.4118229" lon="-121.9948705"><ele>0</ele><time>2026-09-13T18:14:06.764131Z</time></trkpt>
  <trkpt lat="37.4118304" lon="-121.9948760"><ele>0</ele><time>2026-09-13T18:14:06.864683Z</time></trkpt>
  <trkpt lat="37.4118357" lon="-121.9948831"><ele>1</ele><time>2026-09-13T18:14:06.964872Z</time></trkpt>
  <trkpt lat="37.4118403" lon="-121.9948925"><ele>1</ele><time>2026-09-13T18:14:07.065339Z</time></trkpt>
  <trkpt lat="37.4118447" lon="-121.9949028"><ele>1</ele><time>2026-09-13T18:14:07.165881Z</time></trkpt>
  <trkpt lat="37.4118487" lon="-121.9949136"><ele>2</ele><time>2026-09-13T18:14:07.265733Z</time></trkpt>
  <trkpt lat="37.4118534" lon="-121.9949243"><ele>2</ele><time>2026-09-13T18:14:07.367079Z</time></trkpt>
  <trkpt lat="37.4118580" lon="-121.9949352"><ele>2</ele><time>2026-09-13T18:14:07.467942Z</time></trkpt>
  <trkpt lat="37.4118624" lon="-121.9949462"><ele>2</ele><time>2026-09-13T18:14:07.568379Z</time></trkpt>
  <trkpt lat="37.4118675" lon="-121.9949567"><ele>3</ele><time>2026-09-13T18:14:07.669113Z</time></trkpt>
  <trkpt lat="37.4118728" lon="-121.9949671"><ele>3</ele><time>2026-09-13T18:14:07.769376Z</time></trkpt>
  <trkpt lat="37.4118782" lon="-121.9949776"><ele>4</ele><time>2026-09-13T18:14:07.869798Z</time></trkpt>
  <trkpt lat="37.4118831" lon="-121.9949872"><ele>4</ele><time>2026-09-13T18:14:07.970155Z</time></trkpt>
  <trkpt lat="37.4118873" lon="-121.9949969"><ele>4</ele><time>2026-09-13T18:14:08.070602Z</time></trkpt>
  <trkpt lat="37.4118931" lon="-121.9950050"><ele>4</ele><time>2026-09-13T18:14:08.171512Z</time></trkpt>
  <trkpt lat="37.4118991" lon="-121.9950126"><ele>5</ele><time>2026-09-13T18:14:08.272915Z</time></trkpt>
  <trkpt lat="37.4119056" lon="-121.9950198"><ele>5</ele><time>2026-09-13T18:14:08.373592Z</time></trkpt>
  <trkpt lat="37.4119127" lon="-121.9950264"><ele>6</ele><time>2026-09-13T18:14:08.474152Z</time></trkpt>
  <trkpt lat="37.4119199" lon="-121.9950326"><ele>6</ele><time>2026-09-13T18:14:08.574959Z</time></trkpt>
  <trkpt lat="37.4119275" lon="-121.9950387"><ele>7</ele><time>2026-09-13T18:14:08.675411Z</time></trkpt>
  <trkpt lat="37.4119275" lon="-121.9950387"><ele>7</ele><time>2026-09-13T18:14:08.770644Z</time></trkpt>
  <trkpt lat="37.4119349" lon="-121.9950449"><ele>7</ele><time>2026-09-13T18:14:08.775869Z</time></trkpt>
  <trkpt lat="37.4119426" lon="-121.9950503"><ele>7</ele><time>2026-09-13T18:14:08.856410Z</time></trkpt>
  <trkpt lat="37.4119498" lon="-121.9950539"><ele>8</ele><time>2026-09-13T18:14:08.957434Z</time></trkpt>
  <trkpt lat="37.4119565" lon="-121.9950567"><ele>9</ele><time>2026-09-13T18:14:09.058063Z</time></trkpt>
  <trkpt lat="37.4119629" lon="-121.9950591"><ele>10</ele><time>2026-09-13T18:14:09.158979Z</time></trkpt>
  <trkpt lat="37.4119693" lon="-121.9950615"><ele>11</ele><time>2026-09-13T18:14:09.259341Z</time></trkpt>
  <trkpt lat="37.4119758" lon="-121.9950637"><ele>12</ele><time>2026-09-13T18:14:09.359774Z</time></trkpt>
  <trkpt lat="37.4119824" lon="-121.9950658"><ele>12</ele><time>2026-09-13T18:14:09.460192Z</time></trkpt>
  <trkpt lat="37.4119892" lon="-121.9950676"><ele>13</ele><time>2026-09-13T18:14:09.560964Z</time></trkpt>
  <trkpt lat="37.4119963" lon="-121.9950692"><ele>14</ele><time>2026-09-13T18:14:09.661815Z</time></trkpt>
  <trkpt lat="37.4120034" lon="-121.9950706"><ele>15</ele><time>2026-09-13T18:14:09.762502Z</time></trkpt>
  <trkpt lat="37.4120105" lon="-121.9950719"><ele>15</ele><time>2026-09-13T18:14:09.863129Z</time></trkpt>
  <trkpt lat="37.4120176" lon="-121.9950729"><ele>16</ele><time>2026-09-13T18:14:09.963826Z</time></trkpt>
  <trkpt lat="37.4120247" lon="-121.9950741"><ele>17</ele><time>2026-09-13T18:14:10.064464Z</time></trkpt>
  <trkpt lat="37.4120324" lon="-121.9950755"><ele>17</ele><time>2026-09-13T18:14:10.165037Z</time></trkpt>
  <trkpt lat="37.4120404" lon="-121.9950767"><ele>17</ele><time>2026-09-13T18:14:10.266519Z</time></trkpt>
  <trkpt lat="37.4120483" lon="-121.9950781"><ele>18</ele><time>2026-09-13T18:14:10.366630Z</time></trkpt>
  <trkpt lat="37.4120558" lon="-121.9950796"><ele>18</ele><time>2026-09-13T18:14:10.466789Z</time></trkpt>
  <trkpt lat="37.4120632" lon="-121.9950808"><ele>19</ele><time>2026-09-13T18:14:10.567950Z</time></trkpt>
  <trkpt lat="37.4120702" lon="-121.9950816"><ele>20</ele><time>2026-09-13T18:14:10.668248Z</time></trkpt>
  <trkpt lat="37.4120770" lon="-121.9950820"><ele>20</ele><time>2026-09-13T18:14:10.769734Z</time></trkpt>
  <trkpt lat="37.4120835" lon="-121.9950822"><ele>21</ele><time>2026-09-13T18:14:10.870506Z</time></trkpt>
  <trkpt lat="37.4120835" lon="-121.9950822"><ele>21</ele><time>2026-09-13T18:14:10.919015Z</time></trkpt>
  <trkpt lat="37.4120903" lon="-121.9950824"><ele>22</ele><time>2026-09-13T18:14:10.971054Z</time></trkpt>
  <trkpt lat="37.4120976" lon="-121.9950825"><ele>22</ele><time>2026-09-13T18:14:11.072020Z</time></trkpt>
  <trkpt lat="37.4121054" lon="-121.9950825"><ele>23</ele><time>2026-09-13T18:14:11.172510Z</time></trkpt>
  <trkpt lat="37.4121132" lon="-121.9950826"><ele>23</ele><time>2026-09-13T18:14:11.273011Z</time></trkpt>
  <trkpt lat="37.4121216" lon="-121.9950831"><ele>24</ele><time>2026-09-13T18:14:11.353344Z</time></trkpt>
  <trkpt lat="37.4121294" lon="-121.9950847"><ele>24</ele><time>2026-09-13T18:14:11.454185Z</time></trkpt>
  <trkpt lat="37.4121366" lon="-121.9950868"><ele>25</ele><time>2026-09-13T18:14:11.555795Z</time></trkpt>
  <trkpt lat="37.4121436" lon="-121.9950894"><ele>25</ele><time>2026-09-13T18:14:11.655931Z</time></trkpt>
  <trkpt lat="37.4121502" lon="-121.9950925"><ele>26</ele><time>2026-09-13T18:14:11.756628Z</time></trkpt>
  <trkpt lat="37.4121562" lon="-121.9950961"><ele>26</ele><time>2026-09-13T18:14:11.857584Z</time></trkpt>
  <trkpt lat="37.4121618" lon="-121.9951002"><ele>27</ele><time>2026-09-13T18:14:11.957875Z</time></trkpt>
  <trkpt lat="37.4121668" lon="-121.9951050"><ele>28</ele><time>2026-09-13T18:14:12.058269Z</time></trkpt>
  <trkpt lat="37.4121714" lon="-121.9951103"><ele>28</ele><time>2026-09-13T18:14:12.159004Z</time></trkpt>
  <trkpt lat="37.4121762" lon="-121.9951158"><ele>29</ele><time>2026-09-13T18:14:12.259644Z</time></trkpt>
  <trkpt lat="37.4121810" lon="-121.9951213"><ele>30</ele><time>2026-09-13T18:14:12.360231Z</time></trkpt>
  <trkpt lat="37.4121856" lon="-121.9951270"><ele>31</ele><time>2026-09-13T18:14:12.460495Z</time></trkpt>
  <trkpt lat="37.4121903" lon="-121.9951328"><ele>32</ele><time>2026-09-13T18:14:12.560702Z</time></trkpt>
  <trkpt lat="37.4121946" lon="-121.9951387"><ele>32</ele><time>2026-09-13T18:14:12.661812Z</time></trkpt>
  <trkpt lat="37.4121992" lon="-121.9951447"><ele>32</ele><time>2026-09-13T18:14:12.762167Z</time></trkpt>
  <trkpt lat="37.4122040" lon="-121.9951505"><ele>33</ele><time>2026-09-13T18:14:12.862608Z</time></trkpt>
  <trkpt lat="37.4122087" lon="-121.9951565"><ele>33</ele><time>2026-09-13T18:14:12.963220Z</time></trkpt>
  <trkpt lat="37.4122087" lon="-121.9951565"><ele>33</ele><time>2026-09-13T18:14:13.062035Z</time></trkpt>
  <trkpt lat="37.4122136" lon="-121.9951625"><ele>34</ele><time>2026-09-13T18:14:13.063166Z</time></trkpt>
  <trkpt lat="37.4122184" lon="-121.9951684"><ele>35</ele><time>2026-09-13T18:14:13.163847Z</time></trkpt>
  <trkpt lat="37.4122237" lon="-121.9951742"><ele>35</ele><time>2026-09-13T18:14:13.264656Z</time></trkpt>
  <trkpt lat="37.4122287" lon="-121.9951802"><ele>36</ele><time>2026-09-13T18:14:13.365574Z</time></trkpt>
  <trkpt lat="37.4122340" lon="-121.9951860"><ele>36</ele><time>2026-09-13T18:14:13.466555Z</time></trkpt>
  <trkpt lat="37.4122397" lon="-121.9951918"><ele>36</ele><time>2026-09-13T18:14:13.566788Z</time></trkpt>
  <trkpt lat="37.4122460" lon="-121.9951972"><ele>37</ele><time>2026-09-13T18:14:13.667355Z</time></trkpt>
  <trkpt lat="37.4122527" lon="-121.9952026"><ele>38</ele><time>2026-09-13T18:14:13.767888Z</time></trkpt>
  <trkpt lat="37.4122593" lon="-121.9952079"><ele>38</ele><time>2026-09-13T18:14:13.868380Z</time></trkpt>
  <trkpt lat="37.4122664" lon="-121.9952127"><ele>38</ele><time>2026-09-13T18:14:13.949702Z</time></trkpt>
  <trkpt lat="37.4122740" lon="-121.9952171"><ele>39</ele><time>2026-09-13T18:14:14.070374Z</time></trkpt>
  <trkpt lat="37.4122815" lon="-121.9952214"><ele>40</ele><time>2026-09-13T18:14:14.150951Z</time></trkpt>
  <trkpt lat="37.4122892" lon="-121.9952255"><ele>40</ele><time>2026-09-13T18:14:14.250959Z</time></trkpt>
  <trkpt lat="37.4122968" lon="-121.9952293"><ele>40</ele><time>2026-09-13T18:14:14.351552Z</time></trkpt>
  <trkpt lat="37.4123045" lon="-121.9952328"><ele>41</ele><time>2026-09-13T18:14:14.451715Z</time></trkpt>
  <trkpt lat="37.4123123" lon="-121.9952362"><ele>41</ele><time>2026-09-13T18:14:14.552197Z</time></trkpt>
  <trkpt lat="37.4123201" lon="-121.9952396"><ele>42</ele><time>2026-09-13T18:14:14.652465Z</time></trkpt>
  <trkpt lat="37.4123280" lon="-121.9952433"><ele>42</ele><time>2026-09-13T18:14:14.752902Z</time></trkpt>
  <trkpt lat="37.4123358" lon="-121.9952473"><ele>43</ele><time>2026-09-13T18:14:14.853216Z</time></trkpt>
  <trkpt lat="37.4123438" lon="-121.9952514"><ele>43</ele><time>2026-09-13T18:14:14.953405Z</time></trkpt>
  <trkpt lat="37.4123523" lon="-121.9952553"><ele>43</ele><time>2026-09-13T18:14:15.054636Z</time></trkpt>
  <trkpt lat="37.4123610" lon="-121.9952588"><ele>43</ele><time>2026-09-13T18:14:15.155436Z</time></trkpt>
  <trkpt lat="37.4123610" lon="-121.9952588"><ele>43</ele><time>2026-09-13T18:14:15.213725Z</time></trkpt>
  <trkpt lat="37.4123702" lon="-121.9952623"><ele>43</ele><time>2026-09-13T18:14:15.256518Z</time></trkpt>
  <trkpt lat="37.4123795" lon="-121.9952662"><ele>43</ele><time>2026-09-13T18:14:15.357661Z</time></trkpt>
  <trkpt lat="37.4123891" lon="-121.9952702"><ele>43</ele><time>2026-09-13T18:14:15.458103Z</time></trkpt>
  <trkpt lat="37.4123988" lon="-121.9952744"><ele>43</ele><time>2026-09-13T18:14:15.559013Z</time></trkpt>
  <trkpt lat="37.4124086" lon="-121.9952789"><ele>43</ele><time>2026-09-13T18:14:15.659746Z</time></trkpt>
  <trkpt lat="37.4124184" lon="-121.9952835"><ele>43</ele><time>2026-09-13T18:14:15.761198Z</time></trkpt>
  <trkpt lat="37.4124282" lon="-121.9952880"><ele>43</ele><time>2026-09-13T18:14:15.861952Z</time></trkpt>
  <trkpt lat="37.4124378" lon="-121.9952926"><ele>44</ele><time>2026-09-13T18:14:15.962157Z</time></trkpt>
  <trkpt lat="37.4124474" lon="-121.9952972"><ele>44</ele><time>2026-09-13T18:14:16.062787Z</time></trkpt>
  <trkpt lat="37.4124570" lon="-121.9953019"><ele>44</ele><time>2026-09-13T18:14:16.163252Z</time></trkpt>
  <trkpt lat="37.4124664" lon="-121.9953066"><ele>45</ele><time>2026-09-13T18:14:16.263710Z</time></trkpt>
  <trkpt lat="37.4124760" lon="-121.9953112"><ele>45</ele><time>2026-09-13T18:14:16.364680Z</time></trkpt>
  <trkpt lat="37.4124854" lon="-121.9953159"><ele>45</ele><time>2026-09-13T18:14:16.465055Z</time></trkpt>
  <trkpt lat="37.4124948" lon="-121.9953205"><ele>46</ele><time>2026-09-13T18:14:16.565489Z</time></trkpt>
  <trkpt lat="37.4125041" lon="-121.9953251"><ele>46</ele><time>2026-09-13T18:14:16.665925Z</time></trkpt>
  <trkpt lat="37.4125134" lon="-121.9953298"><ele>46</ele><time>2026-09-13T18:14:16.766687Z</time></trkpt>
  <trkpt lat="37.4125227" lon="-121.9953344"><ele>47</ele><time>2026-09-13T18:14:16.867229Z</time></trkpt>
  <trkpt lat="37.4125320" lon="-121.9953388"><ele>47</ele><time>2026-09-13T18:14:16.948337Z</time></trkpt>
  <trkpt lat="37.4125411" lon="-121.9953433"><ele>47</ele><time>2026-09-13T18:14:17.048897Z</time></trkpt>
  <trkpt lat="37.4125504" lon="-121.9953477"><ele>48</ele><time>2026-09-13T18:14:17.149166Z</time></trkpt>
  <trkpt lat="37.4125595" lon="-121.9953521"><ele>48</ele><time>2026-09-13T18:14:17.249954Z</time></trkpt>
  <trkpt lat="37.4125685" lon="-121.9953567"><ele>49</ele><time>2026-09-13T18:14:17.351261Z</time></trkpt>
  <trkpt lat="37.4125685" lon="-121.9953567"><ele>49</ele><time>2026-09-13T18:14:17.354965Z</time></trkpt>
  <trkpt lat="37.4125777" lon="-121.9953610"><ele>49</ele><time>2026-09-13T18:14:17.451623Z</time></trkpt>
  <trkpt lat="37.4125868" lon="-121.9953654"><ele>50</ele><time>2026-09-13T18:14:17.552122Z</time></trkpt>
  <trkpt lat="37.4125957" lon="-121.9953699"><ele>50</ele><time>2026-09-13T18:14:17.652947Z</time></trkpt>
  <trkpt lat="37.4126046" lon="-121.9953746"><ele>51</ele><time>2026-09-13T18:14:17.753294Z</time></trkpt>
  <trkpt lat="37.4126137" lon="-121.9953790"><ele>51</ele><time>2026-09-13T18:14:17.853764Z</time></trkpt>
  <trkpt lat="37.4126227" lon="-121.9953833"><ele>52</ele><time>2026-09-13T18:14:17.954678Z</time></trkpt>
  <trkpt lat="37.4126318" lon="-121.9953877"><ele>52</ele><time>2026-09-13T18:14:18.055715Z</time></trkpt>
  <trkpt lat="37.4126410" lon="-121.9953921"><ele>53</ele><time>2026-09-13T18:14:18.156374Z</time></trkpt>
  <trkpt lat="37.4126498" lon="-121.9953964"><ele>53</ele><time>2026-09-13T18:14:18.256968Z</time></trkpt>
  <trkpt lat="37.4126587" lon="-121.9954006"><ele>54</ele><time>2026-09-13T18:14:18.357659Z</time></trkpt>
  <trkpt lat="37.4126678" lon="-121.9954045"><ele>54</ele><time>2026-09-13T18:14:18.458725Z</time></trkpt>
  <trkpt lat="37.4126769" lon="-121.9954085"><ele>55</ele><time>2026-09-13T18:14:18.560138Z</time></trkpt>
  <trkpt lat="37.4126857" lon="-121.9954125"><ele>56</ele><time>2026-09-13T18:14:18.660945Z</time></trkpt>
  <trkpt lat="37.4126945" lon="-121.9954167"><ele>56</ele><time>2026-09-13T18:14:18.761946Z</time></trkpt>
  <trkpt lat="37.4127033" lon="-121.9954208"><ele>57</ele><time>2026-09-13T18:14:18.862067Z</time></trkpt>
  <trkpt lat="37.4127123" lon="-121.9954248"><ele>57</ele><time>2026-09-13T18:14:18.962731Z</time></trkpt>
  <trkpt lat="37.4127212" lon="-121.9954288"><ele>58</ele><time>2026-09-13T18:14:19.063397Z</time></trkpt>
  <trkpt lat="37.4127299" lon="-121.9954329"><ele>58</ele><time>2026-09-13T18:14:19.164487Z</time></trkpt>
  <trkpt lat="37.4127384" lon="-121.9954370"><ele>59</ele><time>2026-09-13T18:14:19.245558Z</time></trkpt>
  <trkpt lat="37.4127472" lon="-121.9954411"><ele>59</ele><time>2026-09-13T18:14:19.345914Z</time></trkpt>
  <trkpt lat="37.4127560" lon="-121.9954452"><ele>60</ele><time>2026-09-13T18:14:19.446628Z</time></trkpt>
  <trkpt lat="37.4127560" lon="-121.9954452"><ele>60</ele><time>2026-09-13T18:14:19.485597Z</time></trkpt>
  <trkpt lat="37.4127647" lon="-121.9954493"><ele>60</ele><time>2026-09-13T18:14:19.547336Z</time></trkpt>
  <trkpt lat="37.4127730" lon="-121.9954536"><ele>61</ele><time>2026-09-13T18:14:19.647742Z</time></trkpt>
  <trkpt lat="37.4127814" lon="-121.9954580"><ele>61</ele><time>2026-09-13T18:14:19.748250Z</time></trkpt>
  <trkpt lat="37.4127895" lon="-121.9954624"><ele>62</ele><time>2026-09-13T18:14:19.849153Z</time></trkpt>
  <trkpt lat="37.4127975" lon="-121.9954668"><ele>62</ele><time>2026-09-13T18:14:19.949987Z</time></trkpt>
  <trkpt lat="37.4128055" lon="-121.9954713"><ele>63</ele><time>2026-09-13T18:14:20.050534Z</time></trkpt>
  <trkpt lat="37.4128133" lon="-121.9954758"><ele>63</ele><time>2026-09-13T18:14:20.151070Z</time></trkpt>
  <trkpt lat="37.4128212" lon="-121.9954803"><ele>64</ele><time>2026-09-13T18:14:20.251640Z</time></trkpt>
  <trkpt lat="37.4128290" lon="-121.9954848"><ele>64</ele><time>2026-09-13T18:14:20.352666Z</time></trkpt>
  <trkpt lat="37.4128368" lon="-121.9954895"><ele>65</ele><time>2026-09-13T18:14:20.453172Z</time></trkpt>
  <trkpt lat="37.4128445" lon="-121.9954941"><ele>65</ele><time>2026-09-13T18:14:20.553289Z</time></trkpt>
  <trkpt lat="37.4128521" lon="-121.9954988"><ele>66</ele><time>2026-09-13T18:14:20.654185Z</time></trkpt>
  <trkpt lat="37.4128597" lon="-121.9955035"><ele>66</ele><time>2026-09-13T18:14:20.754485Z</time></trkpt>
  <trkpt lat="37.4128674" lon="-121.9955082"><ele>66</ele><time>2026-09-13T18:14:20.855182Z</time></trkpt>
  <trkpt lat="37.4128755" lon="-121.9955129"><ele>66</ele><time>2026-09-13T18:14:20.955833Z</time></trkpt>
  <trkpt lat="37.4128836" lon="-121.9955178"><ele>67</ele><time>2026-09-13T18:14:21.056476Z</time></trkpt>
  <trkpt lat="37.4128917" lon="-121.9955226"><ele>67</ele><time>2026-09-13T18:14:21.156994Z</time></trkpt>
  <trkpt lat="37.4128999" lon="-121.9955274"><ele>68</ele><time>2026-09-13T18:14:21.257763Z</time></trkpt>
  <trkpt lat="37.4129081" lon="-121.9955323"><ele>68</ele><time>2026-09-13T18:14:21.358140Z</time></trkpt>
  <trkpt lat="37.4129163" lon="-121.9955372"><ele>68</ele><time>2026-09-13T18:14:21.459307Z</time></trkpt>
  <trkpt lat="37.4129247" lon="-121.9955420"><ele>69</ele><time>2026-09-13T18:14:21.560525Z</time></trkpt>
  <trkpt lat="37.4129247" lon="-121.9955420"><ele>69</ele><time>2026-09-13T18:14:21.623174Z</time></trkpt>
  <trkpt lat="37.4129332" lon="-121.9955467"><ele>69</ele><time>2026-09-13T18:14:21.661612Z</time></trkpt>
  <trkpt lat="37.4129418" lon="-121.9955513"><ele>69</ele><time>2026-09-13T18:14:21.762727Z</time></trkpt>
  <trkpt lat="37.4129504" lon="-121.9955558"><ele>70</ele><time>2026-09-13T18:14:21.843115Z</time></trkpt>
  <trkpt lat="37.4129591" lon="-121.9955602"><ele>71</ele><time>2026-09-13T18:14:21.943673Z</time></trkpt>
  <trkpt lat="37.4129676" lon="-121.9955646"><ele>71</ele><time>2026-09-13T18:14:22.044145Z</time></trkpt>
  <trkpt lat="37.4129765" lon="-121.9955685"><ele>72</ele><time>2026-09-13T18:14:22.145831Z</time></trkpt>
  <trkpt lat="37.4129853" lon="-121.9955723"><ele>72</ele><time>2026-09-13T18:14:22.245944Z</time></trkpt>
  <trkpt lat="37.4129943" lon="-121.9955760"><ele>73</ele><time>2026-09-13T18:14:22.346273Z</time></trkpt>
  <trkpt lat="37.4130031" lon="-121.9955798"><ele>73</ele><time>2026-09-13T18:14:22.446459Z</time></trkpt>
  <trkpt lat="37.4130120" lon="-121.9955835"><ele>74</ele><time>2026-09-13T18:14:22.546867Z</time></trkpt>
  <trkpt lat="37.4130209" lon="-121.9955869"><ele>75</ele><time>2026-09-13T18:14:22.647657Z</time></trkpt>
  <trkpt lat="37.4130299" lon="-121.9955901"><ele>75</ele><time>2026-09-13T18:14:22.747827Z</time></trkpt>
  <trkpt lat="37.4130388" lon="-121.9955933"><ele>76</ele><time>2026-09-13T18:14:22.847841Z</time></trkpt>
  <trkpt lat="37.4130478" lon="-121.9955962"><ele>76</ele><time>2026-09-13T18:14:22.948998Z</time></trkpt>
  <trkpt lat="37.4130565" lon="-121.9955989"><ele>77</ele><time>2026-09-13T18:14:23.049506Z</time></trkpt>
  <trkpt lat="37.4130654" lon="-121.9956013"><ele>77</ele><time>2026-09-13T18:14:23.149850Z</time></trkpt>
  <trkpt lat="37.4130745" lon="-121.9956037"><ele>78</ele><time>2026-09-13T18:14:23.250243Z</time></trkpt>
  <trkpt lat="37.4130836" lon="-121.9956058"><ele>78</ele><time>2026-09-13T18:14:23.351464Z</time></trkpt>
  <trkpt lat="37.4130928" lon="-121.9956079"><ele>79</ele><time>2026-09-13T18:14:23.452031Z</time></trkpt>
  <trkpt lat="37.4131019" lon="-121.9956100"><ele>79</ele><time>2026-09-13T18:14:23.552909Z</time></trkpt>
  <trkpt lat="37.4131114" lon="-121.9956120"><ele>80</ele><time>2026-09-13T18:14:23.653404Z</time></trkpt>
  <trkpt lat="37.4131210" lon="-121.9956141"><ele>80</ele><time>2026-09-13T18:14:23.754175Z</time></trkpt>
  <trkpt lat="37.4131210" lon="-121.9956141"><ele>80</ele><time>2026-09-13T18:14:23.768803Z</time></trkpt>
  <trkpt lat="37.4131309" lon="-121.9956161"><ele>80</ele><time>2026-09-13T18:14:23.854159Z</time></trkpt>
  <trkpt lat="37.4131408" lon="-121.9956183"><ele>80</ele><time>2026-09-13T18:14:23.954702Z</time></trkpt>
  <trkpt lat="37.4131508" lon="-121.9956205"><ele>81</ele><time>2026-09-13T18:14:24.055756Z</time></trkpt>
  <trkpt lat="37.4131611" lon="-121.9956225"><ele>81</ele><time>2026-09-13T18:14:24.155999Z</time></trkpt>
  <trkpt lat="37.4131715" lon="-121.9956244"><ele>81</ele><time>2026-09-13T18:14:24.256436Z</time></trkpt>
  <trkpt lat="37.4131819" lon="-121.9956263"><ele>81</ele><time>2026-09-13T18:14:24.356790Z</time></trkpt>
  <trkpt lat="37.4131922" lon="-121.9956281"><ele>81</ele><time>2026-09-13T18:14:24.457224Z</time></trkpt>
  <trkpt lat="37.4132023" lon="-121.9956297"><ele>82</ele><time>2026-09-13T18:14:24.557376Z</time></trkpt>
  <trkpt lat="37.4132122" lon="-121.9956312"><ele>83</ele><time>2026-09-13T18:14:24.657942Z</time></trkpt>
  <trkpt lat="37.4132219" lon="-121.9956326"><ele>83</ele><time>2026-09-13T18:14:24.738830Z</time></trkpt>
  <trkpt lat="37.4132316" lon="-121.9956340"><ele>84</ele><time>2026-09-13T18:14:24.840201Z</time></trkpt>
  <trkpt lat="37.4132411" lon="-121.9956359"><ele>84</ele><time>2026-09-13T18:14:24.940480Z</time></trkpt>
  <trkpt lat="37.4132504" lon="-121.9956381"><ele>85</ele><time>2026-09-13T18:14:25.040949Z</time></trkpt>
  <trkpt lat="37.4132599" lon="-121.9956403"><ele>85</ele><time>2026-09-13T18:14:25.141702Z</time></trkpt>
  <trkpt lat="37.4132693" lon="-121.9956435"><ele>86</ele><time>2026-09-13T18:14:25.243093Z</time></trkpt>
  <trkpt lat="37.4132788" lon="-121.9956475"><ele>86</ele><time>2026-09-13T18:14:25.343942Z</time></trkpt>
  <trkpt lat="37.4132859" lon="-121.9956540"><ele>86</ele><time>2026-09-13T18:14:25.444508Z</time></trkpt>
  <trkpt lat="37.4132893" lon="-121.9956634"><ele>86</ele><time>2026-09-13T18:14:25.545115Z</time></trkpt>
  <trkpt lat="37.4132905" lon="-121.9956747"><ele>86</ele><time>2026-09-13T18:14:25.645397Z</time></trkpt>
  <trkpt lat="37.4132898" lon="-121.9956866"><ele>86</ele><time>2026-09-13T18:14:25.745683Z</time></trkpt>
  <trkpt lat="37.4132859" lon="-121.9956988"><ele>86</ele><time>2026-09-13T18:14:25.846744Z</time></trkpt>
  <trkpt lat="37.4132859" lon="-121.9956988"><ele>86</ele><time>2026-09-13T18:14:25.931593Z</time></trkpt>
  <trkpt lat="37.4132787" lon="-121.9957106"><ele>86</ele><time>2026-09-13T18:14:25.946943Z</time></trkpt>
  <trkpt lat="37.4132698" lon="-121.9957220"><ele>85</ele><time>2026-09-13T18:14:26.047161Z</time></trkpt>
  <trkpt lat="37.4132595" lon="-121.9957316"><ele>85</ele><time>2026-09-13T18:14:26.147966Z</time></trkpt>
  <trkpt lat="37.4132470" lon="-121.9957393"><ele>85</ele><time>2026-09-13T18:14:26.248202Z</time></trkpt>
  <trkpt lat="37.4132329" lon="-121.9957453"><ele>84</ele><time>2026-09-13T18:14:26.348516Z</time></trkpt>
  <trkpt lat="37.4132182" lon="-121.9957500"><ele>84</ele><time>2026-09-13T18:14:26.449357Z</time></trkpt>
  <trkpt lat="37.4132029" lon="-121.9957537"><ele>84</ele><time>2026-09-13T18:14:26.550765Z</time></trkpt>
  <trkpt lat="37.4131868" lon="-121.9957557"><ele>83</ele><time>2026-09-13T18:14:26.650532Z</time></trkpt>
  <trkpt lat="37.4131700" lon="-121.9957561"><ele>83</ele><time>2026-09-13T18:14:26.750770Z</time></trkpt>
  <trkpt lat="37.4131531" lon="-121.9957553"><ele>83</ele><time>2026-09-13T18:14:26.851396Z</time></trkpt>
  <trkpt lat="37.4131361" lon="-121.9957537"><ele>83</ele><time>2026-09-13T18:14:26.951729Z</time></trkpt>
  <trkpt lat="37.4131191" lon="-121.9957510"><ele>83</ele><time>2026-09-13T18:14:27.052410Z</time></trkpt>
  <trkpt lat="37.4131020" lon="-121.9957470"><ele>84</ele><time>2026-09-13T18:14:27.152860Z</time></trkpt>
  <trkpt lat="37.4130851" lon="-121.9957428"><ele>84</ele><time>2026-09-13T18:14:27.253950Z</time></trkpt>
  <trkpt lat="37.4130683" lon="-121.9957375"><ele>84</ele><time>2026-09-13T18:14:27.355478Z</time></trkpt>
  <trkpt lat="37.4130514" lon="-121.9957320"><ele>84</ele><time>2026-09-13T18:14:27.455776Z</time></trkpt>
  <trkpt lat="37.4130348" lon="-121.9957259"><ele>84</ele><time>2026-09-13T18:14:27.556477Z</time></trkpt>
  <trkpt lat="37.4130181" lon="-121.9957194"><ele>84</ele><time>2026-09-13T18:14:27.637281Z</time></trkpt>
  <trkpt lat="37.4130016" lon="-121.9957122"><ele>84</ele><time>2026-09-13T18:14:27.738268Z</time></trkpt>
  <trkpt lat="37.4129852" lon="-121.9957047"><ele>84</ele><time>2026-09-13T18:14:27.838675Z</time></trkpt>
  <trkpt lat="37.4129690" lon="-121.9956964"><ele>85</ele><time>2026-09-13T18:14:27.938919Z</time></trkpt>
  <trkpt lat="37.4129530" lon="-121.9956876"><ele>85</ele><time>2026-09-13T18:14:28.039937Z</time></trkpt>
  <trkpt lat="37.4129530" lon="-121.9956876"><ele>85</ele><time>2026-09-13T18:14:28.078367Z</time></trkpt>
  <trkpt lat="37.4129369" lon="-121.9956786"><ele>85</ele><time>2026-09-13T18:14:28.140175Z</time></trkpt>
  <trkpt lat="37.4129211" lon="-121.9956692"><ele>85</ele><time>2026-09-13T18:14:28.240957Z</time></trkpt>
  <trkpt lat="37.4129053" lon="-121.9956588"><ele>85</ele><time>2026-09-13T18:14:28.341151Z</time></trkpt>
  <trkpt lat="37.4128895" lon="-121.9956473"><ele>85</ele><time>2026-09-13T18:14:28.442066Z</time></trkpt>
  <trkpt lat="37.4128745" lon="-121.9956342"><ele>85</ele><time>2026-09-13T18:14:28.542677Z</time></trkpt>
  <trkpt lat="37.4128598" lon="-121.9956198"><ele>86</ele><time>2026-09-13T18:14:28.642757Z</time></trkpt>
  <trkpt lat="37.4128450" lon="-121.9956044"><ele>86</ele><time>2026-09-13T18:14:28.743792Z</time></trkpt>
  <trkpt lat="37.4128314" lon="-121.9955870"><ele>86</ele><time>2026-09-13T18:14:28.843986Z</time></trkpt>
  <trkpt lat="37.4128204" lon="-121.9955673"><ele>86</ele><time>2026-09-13T18:14:28.944586Z</time></trkpt>
  <trkpt lat="37.4128106" lon="-121.9955460"><ele>87</ele><time>2026-09-13T18:14:29.044905Z</time></trkpt>
  <trkpt lat="37.4128028" lon="-121.9955234"><ele>87</ele><time>2026-09-13T18:14:29.145265Z</time></trkpt>
  <trkpt lat="37.4127988" lon="-121.9955004"><ele>87</ele><time>2026-09-13T18:14:29.245917Z</time></trkpt>
  <trkpt lat="37.4127977" lon="-121.9954781"><ele>87</ele><time>2026-09-13T18:14:29.346678Z</time></trkpt>
  <trkpt lat="37.4127985" lon="-121.9954566"><ele>87</ele><time>2026-09-13T18:14:29.447338Z</time></trkpt>
  <trkpt lat="37.4128010" lon="-121.9954366"><ele>86</ele><time>2026-09-13T18:14:29.547970Z</time></trkpt>
  <trkpt lat="37.4128041" lon="-121.9954199"><ele>86</ele><time>2026-09-13T18:14:29.648812Z</time></trkpt>
  <trkpt lat="37.4128077" lon="-121.9954075"><ele>85</ele><time>2026-09-13T18:14:29.748972Z</time></trkpt>
  <trkpt lat="37.4128122" lon="-121.9953978"><ele>83</ele><time>2026-09-13T18:14:29.849986Z</time></trkpt>
  <trkpt lat="37.4128172" lon="-121.9953933"><ele>82</ele><time>2026-09-13T18:14:29.950537Z</time></trkpt>
  <trkpt lat="37.4128206" lon="-121.9953946"><ele>81</ele><time>2026-09-13T18:14:30.051482Z</time></trkpt>
  <trkpt lat="37.4128229" lon="-121.9954000"><ele>80</ele><time>2026-09-13T18:14:30.131948Z</time></trkpt>
  <trkpt lat="37.4128232" lon="-121.9954089"><ele>78</ele><time>2026-09-13T18:14:30.233019Z</time></trkpt>
  <trkpt lat="37.4128232" lon="-121.9954089"><ele>78</ele><time>2026-09-13T18:14:30.238665Z</time></trkpt>
  <trkpt lat="37.4128204" lon="-121.9954215"><ele>78</ele><time>2026-09-13T18:14:30.333469Z</time></trkpt>
  <trkpt lat="37.4128159" lon="-121.9954361"><ele>77</ele><time>2026-09-13T18:14:30.434235Z</time></trkpt>
  <trkpt lat="37.4128095" lon="-121.9954523"><ele>76</ele><time>2026-09-13T18:14:30.535094Z</time></trkpt>
  <trkpt lat="37.4128003" lon="-121.9954702"><ele>76</ele><time>2026-09-13T18:14:30.636234Z</time></trkpt>
  <trkpt lat="37.4127881" lon="-121.9954882"><ele>76</ele><time>2026-09-13T18:14:30.737187Z</time></trkpt>
  <trkpt lat="37.4127754" lon="-121.9955052"><ele>77</ele><time>2026-09-13T18:14:30.837454Z</time></trkpt>
  <trkpt lat="37.4127630" lon="-121.9955217"><ele>77</ele><time>2026-09-13T18:14:30.937621Z</time></trkpt>
  <trkpt lat="37.4127510" lon="-121.9955381"><ele>78</ele><time>2026-09-13T18:14:31.037857Z</time></trkpt>
  <trkpt lat="37.4127394" lon="-121.9955555"><ele>78</ele><time>2026-09-13T18:14:31.138513Z</time></trkpt>
  <trkpt lat="37.4127304" lon="-121.9955738"><ele>78</ele><time>2026-09-13T18:14:31.239079Z</time></trkpt>
  <trkpt lat="37.4127206" lon="-121.9955918"><ele>79</ele><time>2026-09-13T18:14:31.339773Z</time></trkpt>
  <trkpt lat="37.4127110" lon="-121.9956085"><ele>79</ele><time>2026-09-13T18:14:31.439890Z</time></trkpt>
  <trkpt lat="37.4127029" lon="-121.9956240"><ele>80</ele><time>2026-09-13T18:14:31.540297Z</time></trkpt>
  <trkpt lat="37.4126960" lon="-121.9956396"><ele>80</ele><time>2026-09-13T18:14:31.640465Z</time></trkpt>
  <trkpt lat="37.4126879" lon="-121.9956551"><ele>80</ele><time>2026-09-13T18:14:31.741607Z</time></trkpt>
  <trkpt lat="37.4126806" lon="-121.9956700"><ele>80</ele><time>2026-09-13T18:14:31.842257Z</time></trkpt>
  <trkpt lat="37.4126723" lon="-121.9956850"><ele>80</ele><time>2026-09-13T18:14:31.943429Z</time></trkpt>
  <trkpt lat="37.4126649" lon="-121.9957002"><ele>80</ele><time>2026-09-13T18:14:32.043637Z</time></trkpt>
  <trkpt lat="37.4126580" lon="-121.9957149"><ele>79</ele><time>2026-09-13T18:14:32.144169Z</time></trkpt>
  <trkpt lat="37.4126505" lon="-121.9957303"><ele>78</ele><time>2026-09-13T18:14:32.244925Z</time></trkpt>
  <trkpt lat="37.4126431" lon="-121.9957474"><ele>77</ele><time>2026-09-13T18:14:32.346408Z</time></trkpt>
  <trkpt lat="37.4126431" lon="-121.9957474"><ele>77</ele><time>2026-09-13T18:14:32.401333Z</time></trkpt>
  <trkpt lat="37.4126361" lon="-121.9957619"><ele>77</ele><time>2026-09-13T18:14:32.446804Z</time></trkpt>
  <trkpt lat="37.4126258" lon="-121.9957769"><ele>77</ele><time>2026-09-13T18:14:32.547354Z</time></trkpt>
  <trkpt lat="37.4126172" lon="-121.9957905"><ele>77</ele><time>2026-09-13T18:14:32.647817Z</time></trkpt>
  <trkpt lat="37.4126136" lon="-121.9958031"><ele>77</ele><time>2026-09-13T18:14:32.748981Z</time></trkpt>
  <trkpt lat="37.4126083" lon="-121.9958165"><ele>76</ele><time>2026-09-13T18:14:32.848931Z</time></trkpt>
  <trkpt lat="37.4126023" lon="-121.9958298"><ele>76</ele><time>2026-09-13T18:14:32.929794Z</time></trkpt>
  <trkpt lat="37.4125953" lon="-121.9958444"><ele>74</ele><time>2026-09-13T18:14:33.030075Z</time></trkpt>
  <trkpt lat="37.4125895" lon="-121.9958597"><ele>73</ele><time>2026-09-13T18:14:33.131289Z</time></trkpt>
  <trkpt lat="37.4125838" lon="-121.9958739"><ele>71</ele><time>2026-09-13T18:14:33.232186Z</time></trkpt>
  <trkpt lat="37.4125807" lon="-121.9958856"><ele>69</ele><time>2026-09-13T18:14:33.332619Z</time></trkpt>
  <trkpt lat="37.4125825" lon="-121.9958946"><ele>67</ele><time>2026-09-13T18:14:33.432913Z</time></trkpt>
  <trkpt lat="37.4125873" lon="-121.9959006"><ele>66</ele><time>2026-09-13T18:14:33.533660Z</time></trkpt>
  <trkpt lat="37.4125966" lon="-121.9959038"><ele>65</ele><time>2026-09-13T18:14:33.634388Z</time></trkpt>
  <trkpt lat="37.4126052" lon="-121.9959068"><ele>64</ele><time>2026-09-13T18:14:33.734895Z</time></trkpt>
  <trkpt lat="37.4126148" lon="-121.9959053"><ele>63</ele><time>2026-09-13T18:14:33.835838Z</time></trkpt>
  <trkpt lat="37.4126254" lon="-121.9959016"><ele>62</ele><time>2026-09-13T18:14:33.936190Z</time></trkpt>
  <trkpt lat="37.4126336" lon="-121.9958984"><ele>61</ele><time>2026-09-13T18:14:34.036624Z</time></trkpt>
  <trkpt lat="37.4126413" lon="-121.9958957"><ele>60</ele><time>2026-09-13T18:14:34.137159Z</time></trkpt>
  <trkpt lat="37.4126484" lon="-121.9958894"><ele>58</ele><time>2026-09-13T18:14:34.238340Z</time></trkpt>
  <trkpt lat="37.4126585" lon="-121.9958781"><ele>57</ele><time>2026-09-13T18:14:34.339272Z</time></trkpt>
  <trkpt lat="37.4126658" lon="-121.9958684"><ele>56</ele><time>2026-09-13T18:14:34.439860Z</time></trkpt>
  <trkpt lat="37.4126742" lon="-121.9958576"><ele>55</ele><time>2026-09-13T18:14:34.540204Z</time></trkpt>
  <trkpt lat="37.4126742" lon="-121.9958576"><ele>55</ele><time>2026-09-13T18:14:34.567170Z</time></trkpt>
  <trkpt lat="37.4126870" lon="-121.9958452"><ele>55</ele><time>2026-09-13T18:14:34.640731Z</time></trkpt>
  <trkpt lat="37.4127003" lon="-121.9958293"><ele>55</ele><time>2026-09-13T18:14:34.741194Z</time></trkpt>
  <trkpt lat="37.4127122" lon="-121.9958123"><ele>54</ele><time>2026-09-13T18:14:34.842305Z</time></trkpt>
  <trkpt lat="37.4127215" lon="-121.9957951"><ele>54</ele><time>2026-09-13T18:14:34.942681Z</time></trkpt>
  <trkpt lat="37.4127333" lon="-121.9957802"><ele>55</ele><time>2026-09-13T18:14:35.043276Z</time></trkpt>
  <trkpt lat="37.4127449" lon="-121.9957689"><ele>56</ele><time>2026-09-13T18:14:35.143086Z</time></trkpt>
  <trkpt lat="37.4127537" lon="-121.9957605"><ele>57</ele><time>2026-09-13T18:14:35.244738Z</time></trkpt>
  <trkpt lat="37.4127635" lon="-121.9957557"><ele>59</ele><time>2026-09-13T18:14:35.344904Z</time></trkpt>
  <trkpt lat="37.4127742" lon="-121.9957520"><ele>60</ele><time>2026-09-13T18:14:35.445482Z</time></trkpt>
  <trkpt lat="37.4127770" lon="-121.9957553"><ele>61</ele><time>2026-09-13T18:14:35.545982Z</time></trkpt>
  <trkpt lat="37.4127773" lon="-121.9957589"><ele>62</ele><time>2026-09-13T18:14:35.626843Z</time></trkpt>
  <trkpt lat="37.4127789" lon="-121.9957660"><ele>63</ele><time>2026-09-13T18:14:35.727369Z</time></trkpt>
  <trkpt lat="37.4127799" lon="-121.9957747"><ele>63</ele><time>2026-09-13T18:14:35.827930Z</time></trkpt>
  <trkpt lat="37.4127851" lon="-121.9957812"><ele>64</ele><time>2026-09-13T18:14:35.928256Z</time></trkpt>
  <trkpt lat="37.4127940" lon="-121.9957850"><ele>65</ele><time>2026-09-13T18:14:36.029647Z</time></trkpt>
  <trkpt lat="37.4128027" lon="-121.9957874"><ele>66</ele><time>2026-09-13T18:14:36.129786Z</time></trkpt>
  <trkpt lat="37.4128072" lon="-121.9957941"><ele>66</ele><time>2026-09-13T18:14:36.230748Z</time></trkpt>
  <trkpt lat="37.4128128" lon="-121.9958024"><ele>67</ele><time>2026-09-13T18:14:36.331136Z</time></trkpt>
  <trkpt lat="37.4128196" lon="-121.9958107"><ele>67</ele><time>2026-09-13T18:14:36.431689Z</time></trkpt>
  <trkpt lat="37.4128259" lon="-121.9958185"><ele>68</ele><time>2026-09-13T18:14:36.532487Z</time></trkpt>
  <trkpt lat="37.4128318" lon="-121.9958251"><ele>69</ele><time>2026-09-13T18:14:36.632895Z</time></trkpt>
  <trkpt lat="37.4128318" lon="-121.9958251"><ele>69</ele><time>2026-09-13T18:14:36.729984Z</time></trkpt>
  <trkpt lat="37.4128381" lon="-121.9958322"><ele>70</ele><time>2026-09-13T18:14:36.733620Z</time></trkpt>
  <trkpt lat="37.4128451" lon="-121.9958401"><ele>70</ele><time>2026-09-13T18:14:36.834536Z</time></trkpt>
  <trkpt lat="37.4128524" lon="-121.9958468"><ele>71</ele><time>2026-09-13T18:14:36.935152Z</time></trkpt>
  <trkpt lat="37.4128594" lon="-121.9958533"><ele>71</ele><time>2026-09-13T18:14:37.035715Z</time></trkpt>
  <trkpt lat="37.4128661" lon="-121.9958592"><ele>72</ele><time>2026-09-13T18:14:37.136747Z</time></trkpt>
  <trkpt lat="37.4128737" lon="-121.9958645"><ele>73</ele><time>2026-09-13T18:14:37.237381Z</time></trkpt>
  <trkpt lat="37.4128801" lon="-121.9958714"><ele>73</ele><time>2026-09-13T18:14:37.339105Z</time></trkpt>
  <trkpt lat="37.4128859" lon="-121.9958793"><ele>73</ele><time>2026-09-13T18:14:37.439478Z</time></trkpt>
  <trkpt lat="37.4128931" lon="-121.9958876"><ele>73</ele><time>2026-09-13T18:14:37.539864Z</time></trkpt>
  <trkpt lat="37.4129002" lon="-121.9958969"><ele>74</ele><time>2026-09-13T18:14:37.640497Z</time></trkpt>
  <trkpt lat="37.4129086" lon="-121.9959050"><ele>74</ele><time>2026-09-13T18:14:37.740979Z</time></trkpt>
  <trkpt lat="37.4129183" lon="-121.9959124"><ele>75</ele><time>2026-09-13T18:14:37.842091Z</time></trkpt>
  <trkpt lat="37.4129240" lon="-121.9959212"><ele>75</ele><time>2026-09-13T18:14:37.942201Z</time></trkpt>
  <trkpt lat="37.4129280" lon="-121.9959309"><ele>75</ele><time>2026-09-13T18:14:38.043005Z</time></trkpt>
  <trkpt lat="37.4129330" lon="-121.9959406"><ele>75</ele><time>2026-09-13T18:14:38.123885Z</time></trkpt>
  <trkpt lat="37.4129380" lon="-121.9959496"><ele>75</ele><time>2026-09-13T18:14:38.225066Z</time></trkpt>
  <trkpt lat="37.4129437" lon="-121.9959601"><ele>74</ele><time>2026-09-13T18:14:38.326133Z</time></trkpt>
  <trkpt lat="37.4129520" lon="-121.9959677"><ele>74</ele><time>2026-09-13T18:14:38.426738Z</time></trkpt>
  <trkpt lat="37.4129633" lon="-121.9959707"><ele>73</ele><time>2026-09-13T18:14:38.527318Z</time></trkpt>
  <trkpt lat="37.4129733" lon="-121.9959725"><ele>73</ele><time>2026-09-13T18:14:38.627331Z</time></trkpt>
  <trkpt lat="37.4129848" lon="-121.9959729"><ele>72</ele><time>2026-09-13T18:14:38.728234Z</time></trkpt>
  <trkpt lat="37.4129965" lon="-121.9959700"><ele>72</ele><time>2026-09-13T18:14:38.828864Z</time></trkpt>
  <trkpt lat="37.4129965" lon="-121.9959700"><ele>72</ele><time>2026-09-13T18:14:38.893399Z</time></trkpt>
  <trkpt lat="37.4130080" lon="-121.9959638"><ele>70</ele><time>2026-09-13T18:14:38.929503Z</time></trkpt>
  <trkpt lat="37.4130246" lon="-121.9959492"><ele>70</ele><time>2026-09-13T18:14:39.029850Z</time></trkpt>
  <trkpt lat="37.4130386" lon="-121.9959322"><ele>70</ele><time>2026-09-13T18:14:39.130041Z</time></trkpt>
  <trkpt lat="37.4130512" lon="-121.9959153"><ele>70</ele><time>2026-09-13T18:14:39.231284Z</time></trkpt>
  <trkpt lat="37.4130616" lon="-121.9959007"><ele>70</ele><time>2026-09-13T18:14:39.332700Z</time></trkpt>
  <trkpt lat="37.4130757" lon="-121.9958854"><ele>70</ele><time>2026-09-13T18:14:39.433200Z</time></trkpt>
  <trkpt lat="37.4130891" lon="-121.9958695"><ele>70</ele><time>2026-09-13T18:14:39.533581Z</time></trkpt>
  <trkpt lat="37.4130992" lon="-121.9958579"><ele>70</ele><time>2026-09-13T18:14:39.633640Z</time></trkpt>
  <trkpt lat="37.4131122" lon="-121.9958443"><ele>70</ele><time>2026-09-13T18:14:39.733971Z</time></trkpt>
  <trkpt lat="37.4131269" lon="-121.9958301"><ele>71</ele><time>2026-09-13T18:14:39.834838Z</time></trkpt>
  <trkpt lat="37.4131421" lon="-121.9958191"><ele>72</ele><time>2026-09-13T18:14:39.935399Z</time></trkpt>
  <trkpt lat="37.4131540" lon="-121.9958109"><ele>74</ele><time>2026-09-13T18:14:40.036329Z</time></trkpt>
  <trkpt lat="37.4131639" lon="-121.9958034"><ele>76</ele><time>2026-09-13T18:14:40.136083Z</time></trkpt>
  <trkpt lat="37.4131766" lon="-121.9957933"><ele>77</ele><time>2026-09-13T18:14:40.236759Z</time></trkpt>
  <trkpt lat="37.4131886" lon="-121.9957843"><ele>78</ele><time>2026-09-13T18:14:40.337443Z</time></trkpt>
  <trkpt lat="37.4132006" lon="-121.9957755"><ele>79</ele><time>2026-09-13T18:14:40.437787Z</time></trkpt>
  <trkpt lat="37.4132127" lon="-121.9957674"><ele>80</ele><time>2026-09-13T18:14:40.538550Z</time></trkpt>
  <trkpt lat="37.4132213" lon="-121.9957619"><ele>81</ele><time>2026-09-13T18:14:40.639028Z</time></trkpt>
  <trkpt lat="37.4132289" lon="-121.9957562"><ele>81</ele><time>2026-09-13T18:14:40.719763Z</time></trkpt>
  <trkpt lat="37.4132378" lon="-121.9957512"><ele>83</ele><time>2026-09-13T18:14:40.820423Z</time></trkpt>
  <trkpt lat="37.4132443" lon="-121.9957504"><ele>84</ele><time>2026-09-13T18:14:40.920971Z</time></trkpt>
  <trkpt lat="37.4132510" lon="-121.9957499"><ele>86</ele><time>2026-09-13T18:14:41.022016Z</time></trkpt>
  <trkpt lat="37.4132510" lon="-121.9957499"><ele>86</ele><time>2026-09-13T18:14:41.059843Z</time></trkpt>
  <trkpt lat="37.4132589" lon="-121.9957512"><ele>88</ele><time>2026-09-13T18:14:41.123689Z</time></trkpt>
  <trkpt lat="37.4132658" lon="-121.9957536"><ele>89</ele><time>2026-09-13T18:14:41.225013Z</time></trkpt>
  <trkpt lat="37.4132716" lon="-121.9957560"><ele>90</ele><time>2026-09-13T18:14:41.326500Z</time></trkpt>
  <trkpt lat="37.4132761" lon="-121.9957579"><ele>91</ele><time>2026-09-13T18:14:41.427084Z</time></trkpt>
  <trkpt lat="37.4132805" lon="-121.9957599"><ele>92</ele><time>2026-09-13T18:14:41.527308Z</time></trkpt>
  <trkpt lat="37.4132848" lon="-121.9957611"><ele>94</ele><time>2026-09-13T18:14:41.627722Z</time></trkpt>
  <trkpt lat="37.4132882" lon="-121.9957615"><ele>95</ele><time>2026-09-13T18:14:41.728630Z</time></trkpt>
  <trkpt lat="37.4132920" lon="-121.9957643"><ele>96</ele><time>2026-09-13T18:14:41.828942Z</time></trkpt>
  <trkpt lat="37.4132975" lon="-121.9957660"><ele>97</ele><time>2026-09-13T18:14:41.929055Z</time></trkpt>
  <trkpt lat="37.4133042" lon="-121.9957681"><ele>97</ele><time>2026-09-13T18:14:42.030397Z</time></trkpt>
  <trkpt lat="37.4133131" lon="-121.9957714"><ele>98</ele><time>2026-09-13T18:14:42.132030Z</time></trkpt>
  <trkpt lat="37.4133215" lon="-121.9957779"><ele>99</ele><time>2026-09-13T18:14:42.232871Z</time></trkpt>
  <trkpt lat="37.4133311" lon="-121.9957823"><ele>100</ele><time>2026-09-13T18:14:42.333332Z</time></trkpt>
  <trkpt lat="37.4133411" lon="-121.9957849"><ele>100</ele><time>2026-09-13T18:14:42.433910Z</time></trkpt>
  <trkpt lat="37.4133503" lon="-121.9957854"><ele>100</ele><time>2026-09-13T18:14:42.534269Z</time></trkpt>
  <trkpt lat="37.4133543" lon="-121.9957891"><ele>98</ele><time>2026-09-13T18:14:42.634226Z</time></trkpt>
  <trkpt lat="37.4133561" lon="-121.9957884"><ele>97</ele><time>2026-09-13T18:14:42.734852Z</time></trkpt>
  <trkpt lat="37.4133552" lon="-121.9957871"><ele>95</ele><time>2026-09-13T18:14:42.835585Z</time></trkpt>
  <trkpt lat="37.4133536" lon="-121.9957845"><ele>93</ele><time>2026-09-13T18:14:42.936251Z</time></trkpt>
  <trkpt lat="37.4133482" lon="-121.9957808"><ele>91</ele><time>2026-09-13T18:14:43.036888Z</time></trkpt>
  <trkpt lat="37.4133288" lon="-121.9957796"><ele>88</ele><time>2026-09-13T18:14:43.117245Z</time></trkpt>
  <trkpt lat="37.4133288" lon="-121.9957796"><ele>88</ele><time>2026-09-13T18:14:43.228253Z</time></trkpt>
  <trkpt lat="37.4133057" lon="-121.9957733"><ele>87</ele><time>2026-09-13T18:14:43.237831Z</time></trkpt>
  <trkpt lat="37.4132775" lon="-121.9957613"><ele>86</ele><time>2026-09-13T18:14:43.318303Z</time></trkpt>
  <trkpt lat="37.4132512" lon="-121.9957486"><ele>86</ele><time>2026-09-13T18:14:43.418602Z</time></trkpt>
  <trkpt lat="37.4132275" lon="-121.9957354"><ele>86</ele><time>2026-09-13T18:14:43.519151Z</time></trkpt>
  <trkpt lat="37.4132035" lon="-121.9957226"><ele>86</ele><time>2026-09-13T18:14:43.619717Z</time></trkpt>
  <trkpt lat="37.4131814" lon="-121.9957091"><ele>86</ele><time>2026-09-13T18:14:43.720205Z</time></trkpt>
  <trkpt lat="37.4131617" lon="-121.9956943"><ele>86</ele><time>2026-09-13T18:14:43.820859Z</time></trkpt>
  <trkpt lat="37.4131413" lon="-121.9956804"><ele>85</ele><time>2026-09-13T18:14:43.921810Z</time></trkpt>
  <trkpt lat="37.4131209" lon="-121.9956666"><ele>86</ele><time>2026-09-13T18:14:44.022684Z</time></trkpt>
  <trkpt lat="37.4131004" lon="-121.9956555"><ele>87</ele><time>2026-09-13T18:14:44.123343Z</time></trkpt>
  <trkpt lat="37.4130807" lon="-121.9956506"><ele>88</ele><time>2026-09-13T18:14:44.223549Z</time></trkpt>
  <trkpt lat="37.4130618" lon="-121.9956479"><ele>89</ele><time>2026-09-13T18:14:44.324279Z</time></trkpt>
  <trkpt lat="37.4130433" lon="-121.9956466"><ele>90</ele><time>2026-09-13T18:14:44.425133Z</time></trkpt>
  <trkpt lat="37.4130247" lon="-121.9956466"><ele>90</ele><time>2026-09-13T18:14:44.526073Z</time></trkpt>
  <trkpt lat="37.4130054" lon="-121.9956501"><ele>90</ele><time>2026-09-13T18:14:44.626670Z</time></trkpt>
  <trkpt lat="37.4129875" lon="-121.9956555"><ele>90</ele><time>2026-09-13T18:14:44.727532Z</time></trkpt>
  <trkpt lat="37.4129701" lon="-121.9956616"><ele>91</ele><time>2026-09-13T18:14:44.828312Z</time></trkpt>
  <trkpt lat="37.4129542" lon="-121.9956689"><ele>91</ele><time>2026-09-13T18:14:44.929062Z</time></trkpt>
  <trkpt lat="37.4129388" lon="-121.9956766"><ele>91</ele><time>2026-09-13T18:14:45.028930Z</time></trkpt>
  <trkpt lat="37.4129249" lon="-121.9956845"><ele>92</ele><time>2026-09-13T18:14:45.129404Z</time></trkpt>
  <trkpt lat="37.4129117" lon="-121.9956934"><ele>93</ele><time>2026-09-13T18:14:45.229960Z</time></trkpt>
  <trkpt lat="37.4129043" lon="-121.9957027"><ele>94</ele><time>2026-09-13T18:14:45.330645Z</time></trkpt>
  <trkpt lat="37.4129043" lon="-121.9957027"><ele>94</ele><time>2026-09-13T18:14:45.393982Z</time></trkpt>
  <trkpt lat="37.4128961" lon="-121.9957121"><ele>95</ele><time>2026-09-13T18:14:45.431010Z</time></trkpt>
  <trkpt lat="37.4128871" lon="-121.9957224"><ele>96</ele><time>2026-09-13T18:14:45.531726Z</time></trkpt>
  <trkpt lat="37.4128765" lon="-121.9957319"><ele>96</ele><time>2026-09-13T18:14:45.632130Z</time></trkpt>
  <trkpt lat="37.4128612" lon="-121.9957399"><ele>95</ele><time>2026-09-13T18:14:45.732594Z</time></trkpt>
  <trkpt lat="37.4128434" lon="-121.9957469"><ele>94</ele><time>2026-09-13T18:14:45.833256Z</time></trkpt>
  <trkpt lat="37.4128247" lon="-121.9957491"><ele>92</ele><time>2026-09-13T18:14:45.933689Z</time></trkpt>
  <trkpt lat="37.4128053" lon="-121.9957533"><ele>90</ele><time>2026-09-13T18:14:46.014127Z</time></trkpt>
  <trkpt lat="37.4127844" lon="-121.9957572"><ele>88</ele><time>2026-09-13T18:14:46.115412Z</time></trkpt>
  <trkpt lat="37.4127636" lon="-121.9957617"><ele>85</ele><time>2026-09-13T18:14:46.216108Z</time></trkpt>
  <trkpt lat="37.4127448" lon="-121.9957650"><ele>83</ele><time>2026-09-13T18:14:46.317148Z</time></trkpt>
  <trkpt lat="37.4127269" lon="-121.9957643"><ele>80</ele><time>2026-09-13T18:14:46.417814Z</time></trkpt>
  <trkpt lat="37.4127080" lon="-121.9957582"><ele>78</ele><time>2026-09-13T18:14:46.518353Z</time></trkpt>
  <trkpt lat="37.4126893" lon="-121.9957514"><ele>76</ele><time>2026-09-13T18:14:46.618887Z</time></trkpt>
  <trkpt lat="37.4126709" lon="-121.9957446"><ele>74</ele><time>2026-09-13T18:14:46.719353Z</time></trkpt>
  <trkpt lat="37.4126521" lon="-121.9957384"><ele>72</ele><time>2026-09-13T18:14:46.819651Z</time></trkpt>
  <trkpt lat="37.4126324" lon="-121.9957326"><ele>71</ele><time>2026-09-13T18:14:46.920701Z</time></trkpt>
  <trkpt lat="37.4126097" lon="-121.9957295"><ele>69</ele><time>2026-09-13T18:14:47.020769Z</time></trkpt>
  <trkpt lat="37.4125888" lon="-121.9957260"><ele>68</ele><time>2026-09-13T18:14:47.121907Z</time></trkpt>
  <trkpt lat="37.4125678" lon="-121.9957230"><ele>68</ele><time>2026-09-13T18:14:47.222762Z</time></trkpt>
  <trkpt lat="37.4125467" lon="-121.9957218"><ele>67</ele><time>2026-09-13T18:14:47.323774Z</time></trkpt>
  <trkpt lat="37.4125264" lon="-121.9957205"><ele>67</ele><time>2026-09-13T18:14:47.424105Z</time></trkpt>
  <trkpt lat="37.4125066" lon="-121.9957195"><ele>66</ele><time>2026-09-13T18:14:47.524639Z</time></trkpt>
  <trkpt lat="37.4125066" lon="-121.9957195"><ele>66</ele><time>2026-09-13T18:14:47.540320Z</time></trkpt>
  <trkpt lat="37.4124869" lon="-121.9957189"><ele>65</ele><time>2026-09-13T18:14:47.625297Z</time></trkpt>
  <trkpt lat="37.4124660" lon="-121.9957190"><ele>65</ele><time>2026-09-13T18:14:47.725813Z</time></trkpt>
  <trkpt lat="37.4124451" lon="-121.9957211"><ele>64</ele><time>2026-09-13T18:14:47.826893Z</time></trkpt>
  <trkpt lat="37.4124251" lon="-121.9957230"><ele>64</ele><time>2026-09-13T18:14:47.927738Z</time></trkpt>
  <trkpt lat="37.4124056" lon="-121.9957261"><ele>63</ele><time>2026-09-13T18:14:48.028090Z</time></trkpt>
  <trkpt lat="37.4123863" lon="-121.9957313"><ele>62</ele><time>2026-09-13T18:14:48.128595Z</time></trkpt>
  <trkpt lat="37.4123690" lon="-121.9957383"><ele>61</ele><time>2026-09-13T18:14:48.228828Z</time></trkpt>
  <trkpt lat="37.4123549" lon="-121.9957461"><ele>60</ele><time>2026-09-13T18:14:48.329273Z</time></trkpt>
  <trkpt lat="37.4123440" lon="-121.9957550"><ele>60</ele><time>2026-09-13T18:14:48.429932Z</time></trkpt>
  <trkpt lat="37.4123352" lon="-121.9957650"><ele>59</ele><time>2026-09-13T18:14:48.531508Z</time></trkpt>
  <trkpt lat="37.4123278" lon="-121.9957749"><ele>58</ele><time>2026-09-13T18:14:48.611811Z</time></trkpt>
  <trkpt lat="37.4123226" lon="-121.9957854"><ele>58</ele><time>2026-09-13T18:14:48.711989Z</time></trkpt>
  <trkpt lat="37.4123191" lon="-121.9957952"><ele>57</ele><time>2026-09-13T18:14:48.812464Z</time></trkpt>
  <trkpt lat="37.4123170" lon="-121.9958043"><ele>57</ele><time>2026-09-13T18:14:48.913235Z</time></trkpt>
  <trkpt lat="37.4123161" lon="-121.9958124"><ele>57</ele><time>2026-09-13T18:14:49.013751Z</time></trkpt>
  <trkpt lat="37.4123168" lon="-121.9958195"><ele>57</ele><time>2026-09-13T18:14:49.114098Z</time></trkpt>
  <trkpt lat="37.4123198" lon="-121.9958257"><ele>57</ele><time>2026-09-13T18:14:49.214071Z</time></trkpt>
  <trkpt lat="37.4123242" lon="-121.9958298"><ele>57</ele><time>2026-09-13T18:14:49.314766Z</time></trkpt>
  <trkpt lat="37.4123297" lon="-121.9958322"><ele>58</ele><time>2026-09-13T18:14:49.414972Z</time></trkpt>
  <trkpt lat="37.4123352" lon="-121.9958329"><ele>58</ele><time>2026-09-13T18:14:49.515487Z</time></trkpt>
  <trkpt lat="37.4123407" lon="-121.9958314"><ele>59</ele><time>2026-09-13T18:14:49.616054Z</time></trkpt>
  <trkpt lat="37.4123407" lon="-121.9958314"><ele>59</ele><time>2026-09-13T18:14:49.704029Z</time></trkpt>
  <trkpt lat="37.4123457" lon="-121.9958271"><ele>59</ele><time>2026-09-13T18:14:49.716610Z</time></trkpt>
  <trkpt lat="37.4123500" lon="-121.9958206"><ele>60</ele><time>2026-09-13T18:14:49.816943Z</time></trkpt>
  <trkpt lat="37.4123544" lon="-121.9958129"><ele>60</ele><time>2026-09-13T18:14:49.917960Z</time></trkpt>
  <trkpt lat="37.4123586" lon="-121.9958033"><ele>61</ele><time>2026-09-13T18:14:50.018829Z</time></trkpt>
  <trkpt lat="37.4123619" lon="-121.9957926"><ele>61</ele><time>2026-09-13T18:14:50.119139Z</time></trkpt>
  <trkpt lat="37.4123652" lon="-121.9957815"><ele>61</ele><time>2026-09-13T18:14:50.220453Z</time></trkpt>
  <trkpt lat="37.4123687" lon="-121.9957703"><ele>61</ele><time>2026-09-13T18:14:50.321230Z</time></trkpt>
  <trkpt lat="37.4123730" lon="-121.9957590"><ele>61</ele><time>2026-09-13T18:14:50.421474Z</time></trkpt>
  <trkpt lat="37.4123771" lon="-121.9957475"><ele>61</ele><time>2026-09-13T18:14:50.522533Z</time></trkpt>
  <trkpt lat="37.4123814" lon="-121.9957356"><ele>61</ele><time>2026-09-13T18:14:50.623730Z</time></trkpt>
  <trkpt lat="37.4123854" lon="-121.9957233"><ele>60</ele><time>2026-09-13T18:14:50.724301Z</time></trkpt>
  <trkpt lat="37.4123895" lon="-121.9957105"><ele>60</ele><time>2026-09-13T18:14:50.824796Z</time></trkpt>
  <trkpt lat="37.4123936" lon="-121.9956969"><ele>59</ele><time>2026-09-13T18:14:50.925521Z</time></trkpt>
  <trkpt lat="37.4123976" lon="-121.9956826"><ele>59</ele><time>2026-09-13T18:14:51.026591Z</time></trkpt>
  <trkpt lat="37.4124010" lon="-121.9956676"><ele>58</ele><time>2026-09-13T18:14:51.126939Z</time></trkpt>
  <trkpt lat="37.4124045" lon="-121.9956512"><ele>57</ele><time>2026-09-13T18:14:51.227522Z</time></trkpt>
  <trkpt lat="37.4124079" lon="-121.9956339"><ele>57</ele><time>2026-09-13T18:14:51.328523Z</time></trkpt>
  <trkpt lat="37.4124111" lon="-121.9956159"><ele>56</ele><time>2026-09-13T18:14:51.408755Z</time></trkpt>
  <trkpt lat="37.4124150" lon="-121.9955967"><ele>55</ele><time>2026-09-13T18:14:51.509560Z</time></trkpt>
  <trkpt lat="37.4124188" lon="-121.9955761"><ele>55</ele><time>2026-09-13T18:14:51.610072Z</time></trkpt>
  <trkpt lat="37.4124228" lon="-121.9955554"><ele>55</ele><time>2026-09-13T18:14:51.710590Z</time></trkpt>
  <trkpt lat="37.4124267" lon="-121.9955342"><ele>55</ele><time>2026-09-13T18:14:51.810949Z</time></trkpt>
  <trkpt lat="37.4124267" lon="-121.9955342"><ele>55</ele><time>2026-09-13T18:14:51.857486Z</time></trkpt>
  <trkpt lat="37.4124301" lon="-121.9955135"><ele>55</ele><time>2026-09-13T18:14:51.911640Z</time></trkpt>
  <trkpt lat="37.4124337" lon="-121.9954924"><ele>55</ele><time>2026-09-13T18:14:52.012207Z</time></trkpt>
  <trkpt lat="37.4124369" lon="-121.9954715"><ele>55</ele><time>2026-09-13T18:14:52.112907Z</time></trkpt>
  <trkpt lat="37.4124402" lon="-121.9954506"><ele>56</ele><time>2026-09-13T18:14:52.213167Z</time></trkpt>
  <trkpt lat="37.4124435" lon="-121.9954297"><ele>56</ele><time>2026-09-13T18:14:52.313829Z</time></trkpt>
  <trkpt lat="37.4124466" lon="-121.9954090"><ele>56</ele><time>2026-09-13T18:14:52.414447Z</time></trkpt>
  <trkpt lat="37.4124500" lon="-121.9953886"><ele>56</ele><time>2026-09-13T18:14:52.515269Z</time></trkpt>
  <trkpt lat="37.4124535" lon="-121.9953683"><ele>56</ele><time>2026-09-13T18:14:52.615803Z</time></trkpt>
  <trkpt lat="37.4124574" lon="-121.9953484"><ele>56</ele><time>2026-09-13T18:14:52.715825Z</time></trkpt>
  <trkpt lat="37.4124615" lon="-121.9953288"><ele>57</ele><time>2026-09-13T18:14:52.816290Z</time></trkpt>
  <trkpt lat="37.4124656" lon="-121.9953094"><ele>57</ele><time>2026-09-13T18:14:52.916867Z</time></trkpt>
  <trkpt lat="37.4124701" lon="-121.9952904"><ele>57</ele><time>2026-09-13T18:14:53.017401Z</time></trkpt>
  <trkpt lat="37.4124746" lon="-121.9952723"><ele>58</ele><time>2026-09-13T18:14:53.118978Z</time></trkpt>
  <trkpt lat="37.4124793" lon="-121.9952554"><ele>58</ele><time>2026-09-13T18:14:53.218871Z</time></trkpt>
  <trkpt lat="37.4124843" lon="-121.9952395"><ele>58</ele><time>2026-09-13T18:14:53.319320Z</time></trkpt>
  <trkpt lat="37.4124893" lon="-121.9952240"><ele>59</ele><time>2026-09-13T18:14:53.419350Z</time></trkpt>
  <trkpt lat="37.4124953" lon="-121.9952092"><ele>59</ele><time>2026-09-13T18:14:53.520238Z</time></trkpt>
  <trkpt lat="37.4125015" lon="-121.9951955"><ele>59</ele><time>2026-09-13T18:14:53.620851Z</time></trkpt>
  <trkpt lat="37.4125080" lon="-121.9951826"><ele>60</ele><time>2026-09-13T18:14:53.721930Z</time></trkpt>
  <trkpt lat="37.4125148" lon="-121.9951701"><ele>60</ele><time>2026-09-13T18:14:53.822862Z</time></trkpt>
  <trkpt lat="37.4125216" lon="-121.9951582"><ele>61</ele><time>2026-09-13T18:14:53.924052Z</time></trkpt>
  <trkpt lat="37.4125287" lon="-121.9951470"><ele>61</ele><time>2026-09-13T18:14:54.005701Z</time></trkpt>
  <trkpt lat="37.4125287" lon="-121.9951470"><ele>61</ele><time>2026-09-13T18:14:54.019785Z</time></trkpt>
  <trkpt lat="37.4125361" lon="-121.9951364"><ele>61</ele><time>2026-09-13T18:14:54.107190Z</time></trkpt>
  <trkpt lat="37.4125433" lon="-121.9951274"><ele>62</ele><time>2026-09-13T18:14:54.207941Z</time></trkpt>
  <trkpt lat="37.4125507" lon="-121.9951204"><ele>62</ele><time>2026-09-13T18:14:54.308749Z</time></trkpt>
  <trkpt lat="37.4125583" lon="-121.9951146"><ele>62</ele><time>2026-09-13T18:14:54.409133Z</time></trkpt>
  <trkpt lat="37.4125660" lon="-121.9951093"><ele>63</ele><time>2026-09-13T18:14:54.509856Z</time></trkpt>
  <trkpt lat="37.4125737" lon="-121.9951043"><ele>63</ele><time>2026-09-13T18:14:54.610295Z</time></trkpt>
  <trkpt lat="37.4125813" lon="-121.9950999"><ele>64</ele><time>2026-09-13T18:14:54.711218Z</time></trkpt>
  <trkpt lat="37.4125888" lon="-121.9950964"><ele>64</ele><time>2026-09-13T18:14:54.811676Z</time></trkpt>
  <trkpt lat="37.4125966" lon="-121.9950939"><ele>64</ele><time>2026-09-13T18:14:54.912028Z</time></trkpt>
  <trkpt lat="37.4126044" lon="-121.9950922"><ele>65</ele><time>2026-09-13T18:14:55.012570Z</time></trkpt>
  <trkpt lat="37.4126118" lon="-121.9950912"><ele>65</ele><time>2026-09-13T18:14:55.113516Z</time></trkpt>
  <trkpt lat="37.4126193" lon="-121.9950907"><ele>65</ele><time>2026-09-13T18:14:55.214847Z</time></trkpt>
  <trkpt lat="37.4126264" lon="-121.9950904"><ele>66</ele><time>2026-09-13T18:14:55.315325Z</time></trkpt>
  <trkpt lat="37.4126333" lon="-121.9950908"><ele>66</ele><time>2026-09-13T18:14:55.415509Z</time></trkpt>
  <trkpt lat="37.4126401" lon="-121.9950918"><ele>66</ele><time>2026-09-13T18:14:55.516515Z</time></trkpt>
  <trkpt lat="37.4126470" lon="-121.9950933"><ele>66</ele><time>2026-09-13T18:14:55.617014Z</time></trkpt>
  <trkpt lat="37.4126536" lon="-121.9950955"><ele>67</ele><time>2026-09-13T18:14:55.717280Z</time></trkpt>
  <trkpt lat="37.4126601" lon="-121.9950982"><ele>67</ele><time>2026-09-13T18:14:55.818582Z</time></trkpt>
  <trkpt lat="37.4126664" lon="-121.9951015"><ele>67</ele><time>2026-09-13T18:14:55.918847Z</time></trkpt>
  <trkpt lat="37.4126726" lon="-121.9951053"><ele>68</ele><time>2026-09-13T18:14:56.019482Z</time></trkpt>
  <trkpt lat="37.4126790" lon="-121.9951091"><ele>68</ele><time>2026-09-13T18:14:56.119872Z</time></trkpt>
  <trkpt lat="37.4126790" lon="-121.9951091"><ele>68</ele><time>2026-09-13T18:14:56.174313Z</time></trkpt>
  <trkpt lat="37.4126856" lon="-121.9951128"><ele>68</ele><time>2026-09-13T18:14:56.220262Z</time></trkpt>
  <trkpt lat="37.4126917" lon="-121.9951170"><ele>68</ele><time>2026-09-13T18:14:56.320380Z</time></trkpt>
  <trkpt lat="37.4126980" lon="-121.9951212"><ele>68</ele><time>2026-09-13T18:14:56.420907Z</time></trkpt>
  <trkpt lat="37.4127047" lon="-121.9951254"><ele>67</ele><time>2026-09-13T18:14:56.520944Z</time></trkpt>
  <trkpt lat="37.4127117" lon="-121.9951294"><ele>67</ele><time>2026-09-13T18:14:56.622052Z</time></trkpt>
  <trkpt lat="37.4127186" lon="-121.9951337"><ele>68</ele><time>2026-09-13T18:14:56.702431Z</time></trkpt>
  <trkpt lat="37.4127254" lon="-121.9951381"><ele>68</ele><time>2026-09-13T18:14:56.822517Z</time></trkpt>
  <trkpt lat="37.4127321" lon="-121.9951425"><ele>68</ele><time>2026-09-13T18:14:56.903105Z</time></trkpt>
  <trkpt lat="37.4127393" lon="-121.9951468"><ele>68</ele><time>2026-09-13T18:14:57.004249Z</time></trkpt>
  <trkpt lat="37.4127458" lon="-121.9951516"><ele>68</ele><time>2026-09-13T18:14:57.105180Z</time></trkpt>
  <trkpt lat="37.4127525" lon="-121.9951563"><ele>68</ele><time>2026-09-13T18:14:57.205892Z</time></trkpt>
  <trkpt lat="37.4127580" lon="-121.9951618"><ele>68</ele><time>2026-09-13T18:14:57.306497Z</time></trkpt>
  <trkpt lat="37.4127643" lon="-121.9951670"><ele>68</ele><time>2026-09-13T18:14:57.407135Z</time></trkpt>
  <trkpt lat="37.4127706" lon="-121.9951724"><ele>68</ele><time>2026-09-13T18:14:57.507200Z</time></trkpt>
  <trkpt lat="37.4127775" lon="-121.9951772"><ele>68</ele><time>2026-09-13T18:14:57.608418Z</time></trkpt>
  <trkpt lat="37.4127832" lon="-121.9951822"><ele>68</ele><time>2026-09-13T18:14:57.708989Z</time></trkpt>
  <trkpt lat="37.4127876" lon="-121.9951878"><ele>68</ele><time>2026-09-13T18:14:57.809837Z</time></trkpt>
  <trkpt lat="37.4127916" lon="-121.9951933"><ele>69</ele><time>2026-09-13T18:14:57.909912Z</time></trkpt>
  <trkpt lat="37.4127956" lon="-121.9951985"><ele>69</ele><time>2026-09-13T18:14:58.011135Z</time></trkpt>
  <trkpt lat="37.4128002" lon="-121.9952032"><ele>70</ele><time>2026-09-13T18:14:58.111999Z</time></trkpt>
  <trkpt lat="37.4128055" lon="-121.9952074"><ele>70</ele><time>2026-09-13T18:14:58.212818Z</time></trkpt>
  <trkpt lat="37.4128103" lon="-121.9952115"><ele>71</ele><time>2026-09-13T18:14:58.313422Z</time></trkpt>
  <trkpt lat="37.4128103" lon="-121.9952115"><ele>71</ele><time>2026-09-13T18:14:58.328007Z</time></trkpt>
  <trkpt lat="37.4128146" lon="-121.9952160"><ele>71</ele><time>2026-09-13T18:14:58.413847Z</time></trkpt>
  <trkpt lat="37.4128176" lon="-121.9952212"><ele>72</ele><time>2026-09-13T18:14:58.514053Z</time></trkpt>
  <trkpt lat="37.4128204" lon="-121.9952266"><ele>72</ele><time>2026-09-13T18:14:58.614893Z</time></trkpt>
  <trkpt lat="37.4128238" lon="-121.9952316"><ele>72</ele><time>2026-09-13T18:14:58.715412Z</time></trkpt>
  <trkpt lat="37.4128280" lon="-121.9952361"><ele>73</ele><time>2026-09-13T18:14:58.815741Z</time></trkpt>
  <trkpt lat="37.4128327" lon="-121.9952404"><ele>73</ele><time>2026-09-13T18:14:58.916308Z</time></trkpt>
  <trkpt lat="37.4128377" lon="-121.9952446"><ele>73</ele><time>2026-09-13T18:14:59.017014Z</time></trkpt>
  <trkpt lat="37.4128426" lon="-121.9952490"><ele>73</ele><time>2026-09-13T18:14:59.117465Z</time></trkpt>
  <trkpt lat="37.4128480" lon="-121.9952530"><ele>73</ele><time>2026-09-13T18:14:59.217684Z</time></trkpt>
  <trkpt lat="37.4128538" lon="-121.9952569"><ele>73</ele><time>2026-09-13T18:14:59.318113Z</time></trkpt>
  <trkpt lat="37.4128598" lon="-121.9952604"><ele>73</ele><time>2026-09-13T18:14:59.398553Z</time></trkpt>
  <trkpt lat="37.4128661" lon="-121.9952637"><ele>73</ele><time>2026-09-13T18:14:59.519033Z</time></trkpt>
  <trkpt lat="37.4128726" lon="-121.9952671"><ele>73</ele><time>2026-09-13T18:14:59.599526Z</time></trkpt>
  <trkpt lat="37.4128793" lon="-121.9952701"><ele>73</ele><time>2026-09-13T18:14:59.699971Z</time></trkpt>
  <trkpt lat="37.4128860" lon="-121.9952724"><ele>74</ele><time>2026-09-13T18:14:59.800251Z</time></trkpt>
  <trkpt lat="37.4128928" lon="-121.9952740"><ele>74</ele><time>2026-09-13T18:14:59.900315Z</time></trkpt>
  <trkpt lat="37.4128999" lon="-121.9952752"><ele>74</ele><time>2026-09-13T18:15:00.000722Z</time></trkpt>
  <trkpt lat="37.4129068" lon="-121.9952760"><ele>75</ele><time>2026-09-13T18:15:00.101362Z</time></trkpt>
  <trkpt lat="37.4129137" lon="-121.9952768"><ele>75</ele><time>2026-09-13T18:15:00.202166Z</time></trkpt>
  <trkpt lat="37.4129204" lon="-121.9952779"><ele>76</ele><time>2026-09-13T18:15:00.303347Z</time></trkpt>
  <trkpt lat="37.4129275" lon="-121.9952792"><ele>76</ele><time>2026-09-13T18:15:00.403687Z</time></trkpt>
  <trkpt lat="37.4129275" lon="-121.9952792"><ele>76</ele><time>2026-09-13T18:15:00.476683Z</time></trkpt>
  <trkpt lat="37.4129350" lon="-121.9952801"><ele>76</ele><time>2026-09-13T18:15:00.504075Z</time></trkpt>
  <trkpt lat="37.4129425" lon="-121.9952817"><ele>76</ele><time>2026-09-13T18:15:00.604791Z</time></trkpt>
  <trkpt lat="37.4129495" lon="-121.9952840"><ele>76</ele><time>2026-09-13T18:15:00.705689Z</time></trkpt>
  <trkpt lat="37.4129564" lon="-121.9952868"><ele>77</ele><time>2026-09-13T18:15:00.805898Z</time></trkpt>
  <trkpt lat="37.4129628" lon="-121.9952902"><ele>77</ele><time>2026-09-13T18:15:00.907398Z</time></trkpt>
  <trkpt lat="37.4129690" lon="-121.9952940"><ele>77</ele><time>2026-09-13T18:15:01.006837Z</time></trkpt>
  <trkpt lat="37.4129750" lon="-121.9952979"><ele>77</ele><time>2026-09-13T18:15:01.107495Z</time></trkpt>
  <trkpt lat="37.4129804" lon="-121.9953016"><ele>78</ele><time>2026-09-13T18:15:01.208037Z</time></trkpt>
  <trkpt lat="37.4129855" lon="-121.9953054"><ele>78</ele><time>2026-09-13T18:15:01.308890Z</time></trkpt>
  <trkpt lat="37.4129903" lon="-121.9953091"><ele>79</ele><time>2026-09-13T18:15:01.409737Z</time></trkpt>
  <trkpt lat="37.4129949" lon="-121.9953127"><ele>79</ele><time>2026-09-13T18:15:01.510088Z</time></trkpt>
  <trkpt lat="37.4129993" lon="-121.9953162"><ele>80</ele><time>2026-09-13T18:15:01.610848Z</time></trkpt>
  <trkpt lat="37.4130037" lon="-121.9953196"><ele>80</ele><time>2026-09-13T18:15:01.711780Z</time></trkpt>
  <trkpt lat="37.4130083" lon="-121.9953232"><ele>80</ele><time>2026-09-13T18:15:01.811883Z</time></trkpt>
  <trkpt lat="37.4130127" lon="-121.9953271"><ele>81</ele><time>2026-09-13T18:15:01.912294Z</time></trkpt>
  <trkpt lat="37.4130177" lon="-121.9953308"><ele>81</ele><time>2026-09-13T18:15:02.013548Z</time></trkpt>
  <trkpt lat="37.4130226" lon="-121.9953345"><ele>81</ele><time>2026-09-13T18:15:02.113052Z</time></trkpt>
  <trkpt lat="37.4130276" lon="-121.9953385"><ele>81</ele><time>2026-09-13T18:15:02.213349Z</time></trkpt>
  <trkpt lat="37.4130315" lon="-121.9953431"><ele>81</ele><time>2026-09-13T18:15:02.313774Z</time></trkpt>
  <trkpt lat="37.4130354" lon="-121.9953478"><ele>81</ele><time>2026-09-13T18:15:02.414091Z</time></trkpt>
  <trkpt lat="37.4130397" lon="-121.9953520"><ele>81</ele><time>2026-09-13T18:15:02.514472Z</time></trkpt>
  <trkpt lat="37.4130443" lon="-121.9953560"><ele>81</ele><time>2026-09-13T18:15:02.615037Z</time></trkpt>
  <trkpt lat="37.4130443" lon="-121.9953560"><ele>81</ele><time>2026-09-13T18:15:02.626228Z</time></trkpt>
  <trkpt lat="37.4130489" lon="-121.9953603"><ele>81</ele><time>2026-09-13T18:15:02.696101Z</time></trkpt>
  <trkpt lat="37.4130538" lon="-121.9953644"><ele>82</ele><time>2026-09-13T18:15:02.797035Z</time></trkpt>
  <trkpt lat="37.4130587" lon="-121.9953686"><ele>82</ele><time>2026-09-13T18:15:02.897270Z</time></trkpt>
  <trkpt lat="37.4130638" lon="-121.9953728"><ele>82</ele><time>2026-09-13T18:15:02.997689Z</time></trkpt>
  <trkpt lat="37.4130694" lon="-121.9953768"><ele>82</ele><time>2026-09-13T18:15:03.098098Z</time></trkpt>
  <trkpt lat="37.4130751" lon="-121.9953808"><ele>82</ele><time>2026-09-13T18:15:03.198201Z</time></trkpt>
  <trkpt lat="37.4130812" lon="-121.9953845"><ele>82</ele><time>2026-09-13T18:15:03.299149Z</time></trkpt>
  <trkpt lat="37.4130871" lon="-121.9953881"><ele>82</ele><time>2026-09-13T18:15:03.399940Z</time></trkpt>
  <trkpt lat="37.4130935" lon="-121.9953916"><ele>82</ele><time>2026-09-13T18:15:03.501270Z</time></trkpt>
  <trkpt lat="37.4130995" lon="-121.9953956"><ele>82</ele><time>2026-09-13T18:15:03.601840Z</time></trkpt>
  <trkpt lat="37.4131058" lon="-121.9953996"><ele>82</ele><time>2026-09-13T18:15:03.702500Z</time></trkpt>
  <trkpt lat="37.4131118" lon="-121.9954037"><ele>82</ele><time>2026-09-13T18:15:03.802864Z</time></trkpt>
  <trkpt lat="37.4131178" lon="-121.9954081"><ele>82</ele><time>2026-09-13T18:15:03.903798Z</time></trkpt>
  <trkpt lat="37.4131239" lon="-121.9954126"><ele>82</ele><time>2026-09-13T18:15:04.004817Z</time></trkpt>
  <trkpt lat="37.4131297" lon="-121.9954172"><ele>82</ele><time>2026-09-13T18:15:04.105402Z</time></trkpt>
  <trkpt lat="37.4131351" lon="-121.9954227"><ele>82</ele><time>2026-09-13T18:15:04.205591Z</time></trkpt>
  <trkpt lat="37.4131398" lon="-121.9954294"><ele>82</ele><time>2026-09-13T18:15:04.306509Z</time></trkpt>
  <trkpt lat="37.4131429" lon="-121.9954376"><ele>82</ele><time>2026-09-13T18:15:04.407061Z</time></trkpt>
  <trkpt lat="37.4131441" lon="-121.9954475"><ele>82</ele><time>2026-09-13T18:15:04.508158Z</time></trkpt>
  <trkpt lat="37.4131427" lon="-121.9954583"><ele>82</ele><time>2026-09-13T18:15:04.608132Z</time></trkpt>
  <trkpt lat="37.4131381" lon="-121.9954688"><ele>82</ele><time>2026-09-13T18:15:04.708809Z</time></trkpt>
  <trkpt lat="37.4131381" lon="-121.9954688"><ele>82</ele><time>2026-09-13T18:15:04.785925Z</time></trkpt>
  <trkpt lat="37.4131313" lon="-121.9954795"><ele>82</ele><time>2026-09-13T18:15:04.809268Z</time></trkpt>
  <trkpt lat="37.4131214" lon="-121.9954896"><ele>81</ele><time>2026-09-13T18:15:04.909507Z</time></trkpt>
  <trkpt lat="37.4131087" lon="-121.9954986"><ele>81</ele><time>2026-09-13T18:15:05.010189Z</time></trkpt>
  <trkpt lat="37.4130947" lon="-121.9955059"><ele>81</ele><time>2026-09-13T18:15:05.110526Z</time></trkpt>
  <trkpt lat="37.4130797" lon="-121.9955125"><ele>81</ele><time>2026-09-13T18:15:05.211002Z</time></trkpt>
  <trkpt lat="37.4130639" lon="-121.9955170"><ele>81</ele><time>2026-09-13T18:15:05.311644Z</time></trkpt>
  <trkpt lat="37.4130459" lon="-121.9955174"><ele>81</ele><time>2026-09-13T18:15:05.392062Z</time></trkpt>
  <trkpt lat="37.4130266" lon="-121.9955159"><ele>81</ele><time>2026-09-13T18:15:05.492755Z</time></trkpt>
  <trkpt lat="37.4130071" lon="-121.9955133"><ele>81</ele><time>2026-09-13T18:15:05.593211Z</time></trkpt>
  <trkpt lat="37.4129878" lon="-121.9955096"><ele>81</ele><time>2026-09-13T18:15:05.693619Z</time></trkpt>
  <trkpt lat="37.4129674" lon="-121.9955059"><ele>81</ele><time>2026-09-13T18:15:05.794130Z</time></trkpt>
  <trkpt lat="37.4129467" lon="-121.9955020"><ele>81</ele><time>2026-09-13T18:15:05.894924Z</time></trkpt>
  <trkpt lat="37.4129260" lon="-121.9954983"><ele>80</ele><time>2026-09-13T18:15:05.996126Z</time></trkpt>
  <trkpt lat="37.4129051" lon="-121.9954949"><ele>80</ele><time>2026-09-13T18:15:06.096562Z</time></trkpt>
  <trkpt lat="37.4128841" lon="-121.9954917"><ele>80</ele><time>2026-09-13T18:15:06.196672Z</time></trkpt>
  <trkpt lat="37.4128631" lon="-121.9954890"><ele>80</ele><time>2026-09-13T18:15:06.297219Z</time></trkpt>
  <trkpt lat="37.4128420" lon="-121.9954865"><ele>79</ele><time>2026-09-13T18:15:06.397800Z</time></trkpt>
  <trkpt lat="37.4128208" lon="-121.9954842"><ele>79</ele><time>2026-09-13T18:15:06.498794Z</time></trkpt>
  <trkpt lat="37.4127996" lon="-121.9954826"><ele>79</ele><time>2026-09-13T18:15:06.600157Z</time></trkpt>
  <trkpt lat="37.4127784" lon="-121.9954811"><ele>79</ele><time>2026-09-13T18:15:06.699947Z</time></trkpt>
  <trkpt lat="37.4127569" lon="-121.9954803"><ele>79</ele><time>2026-09-13T18:15:06.800092Z</time></trkpt>
  <trkpt lat="37.4127355" lon="-121.9954797"><ele>79</ele><time>2026-09-13T18:15:06.900956Z</time></trkpt>
  <trkpt lat="37.4127355" lon="-121.9954797"><ele>79</ele><time>2026-09-13T18:15:06.929056Z</time></trkpt>
  <trkpt lat="37.4127139" lon="-121.9954793"><ele>78</ele><time>2026-09-13T18:15:07.002252Z</time></trkpt>
  <trkpt lat="37.4126925" lon="-121.9954796"><ele>78</ele><time>2026-09-13T18:15:07.102699Z</time></trkpt>
  <trkpt lat="37.4126729" lon="-121.9954806"><ele>79</ele><time>2026-09-13T18:15:07.202903Z</time></trkpt>
  <trkpt lat="37.4126550" lon="-121.9954825"><ele>79</ele><time>2026-09-13T18:15:07.303906Z</time></trkpt>
  <trkpt lat="37.4126384" lon="-121.9954860"><ele>80</ele><time>2026-09-13T18:15:07.404723Z</time></trkpt>
  <trkpt lat="37.4126237" lon="-121.9954920"><ele>80</ele><time>2026-09-13T18:15:07.505022Z</time></trkpt>
  <trkpt lat="37.4126127" lon="-121.9954988"><ele>81</ele><time>2026-09-13T18:15:07.606060Z</time></trkpt>
  <trkpt lat="37.4126039" lon="-121.9955068"><ele>82</ele><time>2026-09-13T18:15:07.706351Z</time></trkpt>
  <trkpt lat="37.4125974" lon="-121.9955160"><ele>82</ele><time>2026-09-13T18:15:07.807048Z</time></trkpt>
  <trkpt lat="37.4125937" lon="-121.9955250"><ele>83</ele><time>2026-09-13T18:15:07.907612Z</time></trkpt>
  <trkpt lat="37.4125932" lon="-121.9955340"><ele>84</ele><time>2026-09-13T18:15:08.008189Z</time></trkpt>
  <trkpt lat="37.4125950" lon="-121.9955426"><ele>85</ele><time>2026-09-13T18:15:08.088698Z</time></trkpt>
  <trkpt lat="37.4125970" lon="-121.9955511"><ele>85</ele><time>2026-09-13T18:15:08.189366Z</time></trkpt>
  <trkpt lat="37.4125992" lon="-121.9955607"><ele>85</ele><time>2026-09-13T18:15:08.290128Z</time></trkpt>
  <trkpt lat="37.4126015" lon="-121.9955699"><ele>85</ele><time>2026-09-13T18:15:08.390505Z</time></trkpt>
  <trkpt lat="37.4126031" lon="-121.9955788"><ele>85</ele><time>2026-09-13T18:15:08.490889Z</time></trkpt>
  <trkpt lat="37.4126056" lon="-121.9955862"><ele>84</ele><time>2026-09-13T18:15:08.591391Z</time></trkpt>
  <trkpt lat="37.4126087" lon="-121.9955930"><ele>83</ele><time>2026-09-13T18:15:08.692359Z</time></trkpt>
  <trkpt lat="37.4126136" lon="-121.9956019"><ele>82</ele><time>2026-09-13T18:15:08.793652Z</time></trkpt>
  <trkpt lat="37.4126195" lon="-121.9956131"><ele>81</ele><time>2026-09-13T18:15:08.893876Z</time></trkpt>
  <trkpt lat="37.4126263" lon="-121.9956241"><ele>80</ele><time>2026-09-13T18:15:08.994654Z</time></trkpt>
  <trkpt lat="37.4126263" lon="-121.9956241"><ele>80</ele><time>2026-09-13T18:15:09.089492Z</time></trkpt>
  <trkpt lat="37.4126331" lon="-121.9956329"><ele>80</ele><time>2026-09-13T18:15:09.095218Z</time></trkpt>
  <trkpt lat="37.4126363" lon="-121.9956369"><ele>80</ele><time>2026-09-13T18:15:09.196497Z</time></trkpt>
  <trkpt lat="37.4126340" lon="-121.9956377"><ele>80</ele><time>2026-09-13T18:15:09.296942Z</time></trkpt>
  <trkpt lat="37.4126315" lon="-121.9956360"><ele>81</ele><time>2026-09-13T18:15:09.397422Z</time></trkpt>
  <trkpt lat="37.4126267" lon="-121.9956201"><ele>81</ele><time>2026-09-13T18:15:09.498265Z</time></trkpt>
  <trkpt lat="37.4126217" lon="-121.9956022"><ele>82</ele><time>2026-09-13T18:15:09.599781Z</time></trkpt>
  <trkpt lat="37.4126184" lon="-121.9955862"><ele>82</ele><time>2026-09-13T18:15:09.700898Z</time></trkpt>
  <trkpt lat="37.4126186" lon="-121.9955727"><ele>83</ele><time>2026-09-13T18:15:09.801030Z</time></trkpt>
  <trkpt lat="37.4126157" lon="-121.9955544"><ele>84</ele><time>2026-09-13T18:15:09.901600Z</time></trkpt>
  <trkpt lat="37.4126116" lon="-121.9955331"><ele>85</ele><time>2026-09-13T18:15:10.001775Z</time></trkpt>
  <trkpt lat="37.4126051" lon="-121.9955066"><ele>87</ele><time>2026-09-13T18:15:10.102135Z</time></trkpt>
  <trkpt lat="37.4125979" lon="-121.9954785"><ele>89</ele><time>2026-09-13T18:15:10.203016Z</time></trkpt>
  <trkpt lat="37.4125925" lon="-121.9954501"><ele>91</ele><time>2026-09-13T18:15:10.303642Z</time></trkpt>
  <trkpt lat="37.4125868" lon="-121.9954201"><ele>93</ele><time>2026-09-13T18:15:10.404042Z</time></trkpt>
  <trkpt lat="37.4125798" lon="-121.9953886"><ele>94</ele><time>2026-09-13T18:15:10.504666Z</time></trkpt>
  <trkpt lat="37.4125713" lon="-121.9953569"><ele>95</ele><time>2026-09-13T18:15:10.605150Z</time></trkpt>
  <trkpt lat="37.4125600" lon="-121.9953266"><ele>94</ele><time>2026-09-13T18:15:10.685681Z</time></trkpt>
  <trkpt lat="37.4125531" lon="-121.9952971"><ele>94</ele><time>2026-09-13T18:15:10.786439Z</time></trkpt>
  <trkpt lat="37.4125519" lon="-121.9952681"><ele>95</ele><time>2026-09-13T18:15:10.886987Z</time></trkpt>
  <trkpt lat="37.4125491" lon="-121.9952408"><ele>95</ele><time>2026-09-13T18:15:10.987882Z</time></trkpt>
  <trkpt lat="37.4125474" lon="-121.9952153"><ele>94</ele><time>2026-09-13T18:15:11.088188Z</time></trkpt>
  <trkpt lat="37.4125443" lon="-121.9951914"><ele>93</ele><time>2026-09-13T18:15:11.188688Z</time></trkpt>
  <trkpt lat="37.4125443" lon="-121.9951914"><ele>93</ele><time>2026-09-13T18:15:11.257438Z</time></trkpt>
  <trkpt lat="37.4125384" lon="-121.9951679"><ele>93</ele><time>2026-09-13T18:15:11.290211Z</time></trkpt>
  <trkpt lat="37.4125322" lon="-121.9951460"><ele>92</ele><time>2026-09-13T18:15:11.390949Z</time></trkpt>
  <trkpt lat="37.4125295" lon="-121.9951277"><ele>91</ele><time>2026-09-13T18:15:11.491406Z</time></trkpt>
  <trkpt lat="37.4125308" lon="-121.9951093"><ele>92</ele><time>2026-09-13T18:15:11.592149Z</time></trkpt>
  <trkpt lat="37.4125320" lon="-121.9950910"><ele>93</ele><time>2026-09-13T18:15:11.692780Z</time></trkpt>
  <trkpt lat="37.4125323" lon="-121.9950743"><ele>93</ele><time>2026-09-13T18:15:11.793292Z</time></trkpt>
  <trkpt lat="37.4125300" lon="-121.9950599"><ele>93</ele><time>2026-09-13T18:15:11.893473Z</time></trkpt>
  <trkpt lat="37.4125271" lon="-121.9950454"><ele>92</ele><time>2026-09-13T18:15:11.994511Z</time></trkpt>
  <trkpt lat="37.4125270" lon="-121.9950296"><ele>90</ele><time>2026-09-13T18:15:12.095084Z</time></trkpt>
  <trkpt lat="37.4125315" lon="-121.9950078"><ele>88</ele><time>2026-09-13T18:15:12.195361Z</time></trkpt>
  <trkpt lat="37.4125352" lon="-121.9949829"><ele>87</ele><time>2026-09-13T18:15:12.295464Z</time></trkpt>
  <trkpt lat="37.4125449" lon="-121.9949573"><ele>87</ele><time>2026-09-13T18:15:12.396199Z</time></trkpt>
  <trkpt lat="37.4125534" lon="-121.9949408"><ele>87</ele><time>2026-09-13T18:15:12.496866Z</time></trkpt>
  <trkpt lat="37.4125617" lon="-121.9949275"><ele>86</ele><time>2026-09-13T18:15:12.597155Z</time></trkpt>
  <trkpt lat="37.4125744" lon="-121.9949173"><ele>85</ele><time>2026-09-13T18:15:12.697938Z</time></trkpt>
  <trkpt lat="37.4125891" lon="-121.9949149"><ele>84</ele><time>2026-09-13T18:15:12.798294Z</time></trkpt>
  <trkpt lat="37.4126051" lon="-121.9949095"><ele>83</ele><time>2026-09-13T18:15:12.898969Z</time></trkpt>
  <trkpt lat="37.4126208" lon="-121.9949045"><ele>82</ele><time>2026-09-13T18:15:12.999363Z</time></trkpt>
  <trkpt lat="37.4126345" lon="-121.9949031"><ele>80</ele><time>2026-09-13T18:15:13.100414Z</time></trkpt>
  <trkpt lat="37.4126431" lon="-121.9949096"><ele>79</ele><time>2026-09-13T18:15:13.200681Z</time></trkpt>
  <trkpt lat="37.4126513" lon="-121.9949245"><ele>77</ele><time>2026-09-13T18:15:13.301126Z</time></trkpt>
  <trkpt lat="37.4126582" lon="-121.9949401"><ele>75</ele><time>2026-09-13T18:15:13.402026Z</time></trkpt>
  <trkpt lat="37.4126582" lon="-121.9949401"><ele>75</ele><time>2026-09-13T18:15:13.421678Z</time></trkpt>
  <trkpt lat="37.4126631" lon="-121.9949562"><ele>74</ele><time>2026-09-13T18:15:13.502423Z</time></trkpt>
  <trkpt lat="37.4126659" lon="-121.9949740"><ele>73</ele><time>2026-09-13T18:15:13.603120Z</time></trkpt>
  <trkpt lat="37.4126666" lon="-121.9949941"><ele>72</ele><time>2026-09-13T18:15:13.683488Z</time></trkpt>
  <trkpt lat="37.4126635" lon="-121.9950147"><ele>71</ele><time>2026-09-13T18:15:13.783889Z</time></trkpt>
  <trkpt lat="37.4126611" lon="-121.9950341"><ele>72</ele><time>2026-09-13T18:15:13.884826Z</time></trkpt>
  <trkpt lat="37.4126562" lon="-121.9950514"><ele>73</ele><time>2026-09-13T18:15:13.985363Z</time></trkpt>
  <trkpt lat="37.4126494" lon="-121.9950676"><ele>74</ele><time>2026-09-13T18:15:14.086282Z</time></trkpt>
  <trkpt lat="37.4126425" lon="-121.9950837"><ele>74</ele><time>2026-09-13T18:15:14.186696Z</time></trkpt>
  <trkpt lat="37.4126355" lon="-121.9950988"><ele>75</ele><time>2026-09-13T18:15:14.287196Z</time></trkpt>
  <trkpt lat="37.4126269" lon="-121.9951124"><ele>76</ele><time>2026-09-13T18:15:14.387779Z</time></trkpt>
  <trkpt lat="37.4126173" lon="-121.9951250"><ele>77</ele><time>2026-09-13T18:15:14.488193Z</time></trkpt>
  <trkpt lat="37.4126073" lon="-121.9951370"><ele>78</ele><time>2026-09-13T18:15:14.588622Z</time></trkpt>
  <trkpt lat="37.4125961" lon="-121.9951492"><ele>78</ele><time>2026-09-13T18:15:14.689614Z</time></trkpt>
  <trkpt lat="37.4125847" lon="-121.9951614"><ele>78</ele><time>2026-09-13T18:15:14.789755Z</time></trkpt>
  <trkpt lat="37.4125725" lon="-121.9951737"><ele>78</ele><time>2026-09-13T18:15:14.890731Z</time></trkpt>
  <trkpt lat="37.4125599" lon="-121.9951863"><ele>77</ele><time>2026-09-13T18:15:14.991730Z</time></trkpt>
  <trkpt lat="37.4125484" lon="-121.9951977"><ele>77</ele><time>2026-09-13T18:15:15.092077Z</time></trkpt>
  <trkpt lat="37.4125382" lon="-121.9952089"><ele>76</ele><time>2026-09-13T18:15:15.192670Z</time></trkpt>
  <trkpt lat="37.4125292" lon="-121.9952196"><ele>76</ele><time>2026-09-13T18:15:15.293227Z</time></trkpt>
  <trkpt lat="37.4125208" lon="-121.9952303"><ele>76</ele><time>2026-09-13T18:15:15.393593Z</time></trkpt>
  <trkpt lat="37.4125129" lon="-121.9952408"><ele>76</ele><time>2026-09-13T18:15:15.494786Z</time></trkpt>
  <trkpt lat="37.4125129" lon="-121.9952408"><ele>76</ele><time>2026-09-13T18:15:15.573570Z</time></trkpt>
  <trkpt lat="37.4125059" lon="-121.9952510"><ele>76</ele><time>2026-09-13T18:15:15.595015Z</time></trkpt>
  <trkpt lat="37.4125008" lon="-121.9952603"><ele>76</ele><time>2026-09-13T18:15:15.695334Z</time></trkpt>
  <trkpt lat="37.4124969" lon="-121.9952684"><ele>76</ele><time>2026-09-13T18:15:15.795833Z</time></trkpt>
  <trkpt lat="37.4124943" lon="-121.9952757"><ele>76</ele><time>2026-09-13T18:15:15.896244Z</time></trkpt>
  <trkpt lat="37.4124937" lon="-121.9952820"><ele>77</ele><time>2026-09-13T18:15:15.997097Z</time></trkpt>
  <trkpt lat="37.4124937" lon="-121.9952867"><ele>77</ele><time>2026-09-13T18:15:16.097525Z</time></trkpt>
  <trkpt lat="37.4124940" lon="-121.9952909"><ele>77</ele><time>2026-09-13T18:15:16.197885Z</time></trkpt>
  <trkpt lat="37.4124945" lon="-121.9952943"><ele>78</ele><time>2026-09-13T18:15:16.298403Z</time></trkpt>
  <trkpt lat="37.4124949" lon="-121.9952972"><ele>79</ele><time>2026-09-13T18:15:16.398583Z</time></trkpt>
  <trkpt lat="37.4124954" lon="-121.9953002"><ele>79</ele><time>2026-09-13T18:15:16.498873Z</time></trkpt>
  <trkpt lat="37.4124959" lon="-121.9953039"><ele>79</ele><time>2026-09-13T18:15:16.579882Z</time></trkpt>
  <trkpt lat="37.4124967" lon="-121.9953076"><ele>80</ele><time>2026-09-13T18:15:16.680931Z</time></trkpt>
  <trkpt lat="37.4124976" lon="-121.9953116"><ele>80</ele><time>2026-09-13T18:15:16.781004Z</time></trkpt>
  <trkpt lat="37.4124987" lon="-121.9953154"><ele>80</ele><time>2026-09-13T18:15:16.881645Z</time></trkpt>
  <trkpt lat="37.4125001" lon="-121.9953191"><ele>80</ele><time>2026-09-13T18:15:16.982445Z</time></trkpt>
  <trkpt lat="37.4125017" lon="-121.9953226"><ele>80</ele><time>2026-09-13T18:15:17.082999Z</time></trkpt>
  <trkpt lat="37.4125033" lon="-121.9953260"><ele>80</ele><time>2026-09-13T18:15:17.183442Z</time></trkpt>
  <trkpt lat="37.4125051" lon="-121.9953293"><ele>80</ele><time>2026-09-13T18:15:17.284411Z</time></trkpt>
  <trkpt lat="37.4125069" lon="-121.9953323"><ele>79</ele><time>2026-09-13T18:15:17.385002Z</time></trkpt>
  <trkpt lat="37.4125093" lon="-121.9953353"><ele>79</ele><time>2026-09-13T18:15:17.486171Z</time></trkpt>
  <trkpt lat="37.4125120" lon="-121.9953377"><ele>79</ele><time>2026-09-13T18:15:17.586726Z</time></trkpt>
  <trkpt lat="37.4125151" lon="-121.9953396"><ele>79</ele><time>2026-09-13T18:15:17.686895Z</time></trkpt>
  <trkpt lat="37.4125151" lon="-121.9953396"><ele>79</ele><time>2026-09-13T18:15:17.724888Z</time></trkpt>
  <trkpt lat="37.4125181" lon="-121.9953409"><ele>79</ele><time>2026-09-13T18:15:17.787235Z</time></trkpt>
  <trkpt lat="37.4125213" lon="-121.9953418"><ele>79</ele><time>2026-09-13T18:15:17.887648Z</time></trkpt>
  <trkpt lat="37.4125245" lon="-121.9953425"><ele>78</ele><time>2026-09-13T18:15:17.988516Z</time></trkpt>
  <trkpt lat="37.4125275" lon="-121.9953425"><ele>78</ele><time>2026-09-13T18:15:18.089437Z</time></trkpt>
  <trkpt lat="37.4125306" lon="-121.9953422"><ele>78</ele><time>2026-09-13T18:15:18.190735Z</time></trkpt>
  <trkpt lat="37.4125337" lon="-121.9953418"><ele>78</ele><time>2026-09-13T18:15:18.291582Z</time></trkpt>
  <trkpt lat="37.4125370" lon="-121.9953418"><ele>78</ele><time>2026-09-13T18:15:18.391738Z</time></trkpt>
  <trkpt lat="37.4125404" lon="-121.9953416"><ele>77</ele><time>2026-09-13T18:15:18.492231Z</time></trkpt>
  <trkpt lat="37.4125443" lon="-121.9953416"><ele>77</ele><time>2026-09-13T18:15:18.593163Z</time></trkpt>
  <trkpt lat="37.4125483" lon="-121.9953421"><ele>77</ele><time>2026-09-13T18:15:18.694376Z</time></trkpt>
  <trkpt lat="37.4125525" lon="-121.9953426"><ele>76</ele><time>2026-09-13T18:15:18.795345Z</time></trkpt>
  <trkpt lat="37.4125572" lon="-121.9953438"><ele>76</ele><time>2026-09-13T18:15:18.896110Z</time></trkpt>
  <trkpt lat="37.4125619" lon="-121.9953455"><ele>76</ele><time>2026-09-13T18:15:18.997221Z</time></trkpt>
  <trkpt lat="37.4125666" lon="-121.9953470"><ele>75</ele><time>2026-09-13T18:15:19.077516Z</time></trkpt>
  <trkpt lat="37.4125708" lon="-121.9953489"><ele>75</ele><time>2026-09-13T18:15:19.178040Z</time></trkpt>
  <trkpt lat="37.4125750" lon="-121.9953510"><ele>74</ele><time>2026-09-13T18:15:19.278299Z</time></trkpt>
  <trkpt lat="37.4125796" lon="-121.9953529"><ele>74</ele><time>2026-09-13T18:15:19.378764Z</time></trkpt>
  <trkpt lat="37.4125841" lon="-121.9953550"><ele>74</ele><time>2026-09-13T18:15:19.479564Z</time></trkpt>
  <trkpt lat="37.4125890" lon="-121.9953567"><ele>74</ele><time>2026-09-13T18:15:19.580154Z</time></trkpt>
  <trkpt lat="37.4125936" lon="-121.9953581"><ele>74</ele><time>2026-09-13T18:15:19.680877Z</time></trkpt>
  <trkpt lat="37.4125984" lon="-121.9953596"><ele>73</ele><time>2026-09-13T18:15:19.781306Z</time></trkpt>
  <trkpt lat="37.4125984" lon="-121.9953596"><ele>73</ele><time>2026-09-13T18:15:19.877508Z</time></trkpt>
  <trkpt lat="37.4126031" lon="-121.9953608"><ele>73</ele><time>2026-09-13T18:15:19.881665Z</time></trkpt>
  <trkpt lat="37.4126075" lon="-121.9953620"><ele>73</ele><time>2026-09-13T18:15:19.982054Z</time></trkpt>
  <trkpt lat="37.4126125" lon="-121.9953629"><ele>73</ele><time>2026-09-13T18:15:20.082405Z</time></trkpt>
  <trkpt lat="37.4126172" lon="-121.9953636"><ele>73</ele><time>2026-09-13T18:15:20.182602Z</time></trkpt>
  <trkpt lat="37.4126219" lon="-121.9953639"><ele>73</ele><time>2026-09-13T18:15:20.283686Z</time></trkpt>
  <trkpt lat="37.4126272" lon="-121.9953639"><ele>73</ele><time>2026-09-13T18:15:20.385157Z</time></trkpt>
  <trkpt lat="37.4126323" lon="-121.9953641"><ele>74</ele><time>2026-09-13T18:15:20.485530Z</time></trkpt>
  <trkpt lat="37.4126371" lon="-121.9953641"><ele>74</ele><time>2026-09-13T18:15:20.585491Z</time></trkpt>
  <trkpt lat="37.4126420" lon="-121.9953638"><ele>74</ele><time>2026-09-13T18:15:20.686520Z</time></trkpt>
  <trkpt lat="37.4126469" lon="-121.9953632"><ele>74</ele><time>2026-09-13T18:15:20.787621Z</time></trkpt>
  <trkpt lat="37.4126517" lon="-121.9953626"><ele>74</ele><time>2026-09-13T18:15:20.888116Z</time></trkpt>
  <trkpt lat="37.4126565" lon="-121.9953617"><ele>74</ele><time>2026-09-13T18:15:20.988564Z</time></trkpt>
  <trkpt lat="37.4126610" lon="-121.9953608"><ele>74</ele><time>2026-09-13T18:15:21.089172Z</time></trkpt>
  <trkpt lat="37.4126651" lon="-121.9953599"><ele>75</ele><time>2026-09-13T18:15:21.189919Z</time></trkpt>
  <trkpt lat="37.4126686" lon="-121.9953590"><ele>75</ele><time>2026-09-13T18:15:21.290817Z</time></trkpt>
  <trkpt lat="37.4126723" lon="-121.9953578"><ele>75</ele><time>2026-09-13T18:15:21.391837Z</time></trkpt>
  <trkpt lat="37.4126760" lon="-121.9953563"><ele>75</ele><time>2026-09-13T18:15:21.491698Z</time></trkpt>
  <trkpt lat="37.4126803" lon="-121.9953548"><ele>75</ele><time>2026-09-13T18:15:21.592589Z</time></trkpt>
  <trkpt lat="37.4126851" lon="-121.9953531"><ele>75</ele><time>2026-09-13T18:15:21.692706Z</time></trkpt>
  <trkpt lat="37.4126900" lon="-121.9953513"><ele>74</ele><time>2026-09-13T18:15:21.792764Z</time></trkpt>
  <trkpt lat="37.4126951" lon="-121.9953497"><ele>74</ele><time>2026-09-13T18:15:21.893128Z</time></trkpt>
  <trkpt lat="37.4127001" lon="-121.9953483"><ele>73</ele><time>2026-09-13T18:15:21.973535Z</time></trkpt>
  <trkpt lat="37.4127001" lon="-121.9953483"><ele>73</ele><time>2026-09-13T18:15:22.024798Z</time></trkpt>
  <trkpt lat="37.4127055" lon="-121.9953468"><ele>73</ele><time>2026-09-13T18:15:22.074087Z</time></trkpt>
  <trkpt lat="37.4127113" lon="-121.9953454"><ele>72</ele><time>2026-09-13T18:15:22.175160Z</time></trkpt>
  <trkpt lat="37.4127171" lon="-121.9953443"><ele>72</ele><time>2026-09-13T18:15:22.275821Z</time></trkpt>
  <trkpt lat="37.4127233" lon="-121.9953434"><ele>72</ele><time>2026-09-13T18:15:22.375987Z</time></trkpt>
  <trkpt lat="37.4127295" lon="-121.9953424"><ele>72</ele><time>2026-09-13T18:15:22.476846Z</time></trkpt>
  <trkpt lat="37.4127352" lon="-121.9953412"><ele>71</ele><time>2026-09-13T18:15:22.577512Z</time></trkpt>
  <trkpt lat="37.4127409" lon="-121.9953397"><ele>71</ele><time>2026-09-13T18:15:22.678498Z</time></trkpt>
  <trkpt lat="37.4127466" lon="-121.9953375"><ele>71</ele><time>2026-09-13T18:15:22.779305Z</time></trkpt>
  <trkpt lat="37.4127523" lon="-121.9953350"><ele>70</ele><time>2026-09-13T18:15:22.880170Z</time></trkpt>
  <trkpt lat="37.4127580" lon="-121.9953321"><ele>70</ele><time>2026-09-13T18:15:22.980685Z</time></trkpt>
  <trkpt lat="37.4127629" lon="-121.9953291"><ele>70</ele><time>2026-09-13T18:15:23.081106Z</time></trkpt>
  <trkpt lat="37.4127680" lon="-121.9953257"><ele>70</ele><time>2026-09-13T18:15:23.182537Z</time></trkpt>
  <trkpt lat="37.4127728" lon="-121.9953223"><ele>70</ele><time>2026-09-13T18:15:23.283498Z</time></trkpt>
  <trkpt lat="37.4127773" lon="-121.9953189"><ele>70</ele><time>2026-09-13T18:15:23.382951Z</time></trkpt>
  <trkpt lat="37.4127819" lon="-121.9953156"><ele>70</ele><time>2026-09-13T18:15:23.483494Z</time></trkpt>
  <trkpt lat="37.4127865" lon="-121.9953125"><ele>70</ele><time>2026-09-13T18:15:23.583869Z</time></trkpt>
  <trkpt lat="37.4127909" lon="-121.9953095"><ele>71</ele><time>2026-09-13T18:15:23.684276Z</time></trkpt>
  <trkpt lat="37.4127953" lon="-121.9953066"><ele>71</ele><time>2026-09-13T18:15:23.785836Z</time></trkpt>
  <trkpt lat="37.4127998" lon="-121.9953038"><ele>71</ele><time>2026-09-13T18:15:23.886195Z</time></trkpt>
  <trkpt lat="37.4128041" lon="-121.9953013"><ele>71</ele><time>2026-09-13T18:15:23.987006Z</time></trkpt>
  <trkpt lat="37.4128084" lon="-121.9952990"><ele>71</ele><time>2026-09-13T18:15:24.087469Z</time></trkpt>
  <trkpt lat="37.4128084" lon="-121.9952990"><ele>71</ele><time>2026-09-13T18:15:24.179482Z</time></trkpt>
  <trkpt lat="37.4128126" lon="-121.9952970"><ele>71</ele><time>2026-09-13T18:15:24.187370Z</time></trkpt>
  <trkpt lat="37.4128167" lon="-121.9952950"><ele>71</ele><time>2026-09-13T18:15:24.287894Z</time></trkpt>
  <trkpt lat="37.4128210" lon="-121.9952930"><ele>71</ele><time>2026-09-13T18:15:24.388231Z</time></trkpt>
  <trkpt lat="37.4128247" lon="-121.9952913"><ele>71</ele><time>2026-09-13T18:15:24.490310Z</time></trkpt>
  <trkpt lat="37.4128286" lon="-121.9952894"><ele>71</ele><time>2026-09-13T18:15:24.590799Z</time></trkpt>
  <trkpt lat="37.4128325" lon="-121.9952876"><ele>71</ele><time>2026-09-13T18:15:24.671238Z</time></trkpt>
  <trkpt lat="37.4128362" lon="-121.9952856"><ele>71</ele><time>2026-09-13T18:15:24.771703Z</time></trkpt>
  <trkpt lat="37.4128402" lon="-121.9952834"><ele>71</ele><time>2026-09-13T18:15:24.872461Z</time></trkpt>
  <trkpt lat="37.4128438" lon="-121.9952813"><ele>71</ele><time>2026-09-13T18:15:24.972799Z</time></trkpt>
  <trkpt lat="37.4128473" lon="-121.9952792"><ele>71</ele><time>2026-09-13T18:15:25.073933Z</time></trkpt>
  <trkpt lat="37.4128497" lon="-121.9952779"><ele>71</ele><time>2026-09-13T18:15:25.174053Z</time></trkpt>
  <trkpt lat="37.4128531" lon="-121.9952759"><ele>71</ele><time>2026-09-13T18:15:25.274432Z</time></trkpt>
  <trkpt lat="37.4128562" lon="-121.9952741"><ele>72</ele><time>2026-09-13T18:15:25.374577Z</time></trkpt>
  <trkpt lat="37.4128589" lon="-121.9952726"><ele>72</ele><time>2026-09-13T18:15:25.475452Z</time></trkpt>
  <trkpt lat="37.4128612" lon="-121.9952716"><ele>72</ele><time>2026-09-13T18:15:25.575854Z</time></trkpt>
  <trkpt lat="37.4128622" lon="-121.9952715"><ele>72</ele><time>2026-09-13T18:15:25.676247Z</time></trkpt>
  <trkpt lat="37.4128632" lon="-121.9952717"><ele>72</ele><time>2026-09-13T18:15:25.777301Z</time></trkpt>
  <trkpt lat="37.4128622" lon="-121.9952732"><ele>72</ele><time>2026-09-13T18:15:25.877680Z</time></trkpt>
  <trkpt lat="37.4128600" lon="-121.9952758"><ele>71</ele><time>2026-09-13T18:15:25.978192Z</time></trkpt>
  <trkpt lat="37.4128571" lon="-121.9952791"><ele>71</ele><time>2026-09-13T18:15:26.078918Z</time></trkpt>
  <trkpt lat="37.4128563" lon="-121.9952810"><ele>71</ele><time>2026-09-13T18:15:26.179201Z</time></trkpt>
  <trkpt lat="37.4128573" lon="-121.9952819"><ele>71</ele><time>2026-09-13T18:15:26.279937Z</time></trkpt>
  <trkpt lat="37.4128573" lon="-121.9952819"><ele>71</ele><time>2026-09-13T18:15:26.310515Z</time></trkpt>
  <trkpt lat="37.4128580" lon="-121.9952832"><ele>70</ele><time>2026-09-13T18:15:26.380426Z</time></trkpt>
  <trkpt lat="37.4128554" lon="-121.9952867"><ele>70</ele><time>2026-09-13T18:15:26.480539Z</time></trkpt>
  <trkpt lat="37.4128512" lon="-121.9952915"><ele>69</ele><time>2026-09-13T18:15:26.581707Z</time></trkpt>
  <trkpt lat="37.4128475" lon="-121.9952960"><ele>69</ele><time>2026-09-13T18:15:26.682293Z</time></trkpt>
  <trkpt lat="37.4128469" lon="-121.9952987"><ele>69</ele><time>2026-09-13T18:15:26.782725Z</time></trkpt>
  <trkpt lat="37.4128462" lon="-121.9953016"><ele>69</ele><time>2026-09-13T18:15:26.883092Z</time></trkpt>
  <trkpt lat="37.4128451" lon="-121.9953048"><ele>69</ele><time>2026-09-13T18:15:26.983409Z</time></trkpt>
  <trkpt lat="37.4128454" lon="-121.9953072"><ele>69</ele><time>2026-09-13T18:15:27.084819Z</time></trkpt>
  <trkpt lat="37.4128459" lon="-121.9953096"><ele>69</ele><time>2026-09-13T18:15:27.185570Z</time></trkpt>
  <trkpt lat="37.4128465" lon="-121.9953120"><ele>69</ele><time>2026-09-13T18:15:27.286667Z</time></trkpt>
  <trkpt lat="37.4128471" lon="-121.9953148"><ele>69</ele><time>2026-09-13T18:15:27.387697Z</time></trkpt>
  <trkpt lat="37.4128471" lon="-121.9953180"><ele>69</ele><time>2026-09-13T18:15:27.468793Z</time></trkpt>
  <trkpt lat="37.4128477" lon="-121.9953211"><ele>69</ele><time>2026-09-13T18:15:27.569457Z</time></trkpt>
  <trkpt lat="37.4128487" lon="-121.9953243"><ele>69</ele><time>2026-09-13T18:15:27.670281Z</time></trkpt>
  <trkpt lat="37.4128497" lon="-121.9953278"><ele>69</ele><time>2026-09-13T18:15:27.771318Z</time></trkpt>
  <trkpt lat="37.4128499" lon="-121.9953316"><ele>69</ele><time>2026-09-13T18:15:27.872058Z</time></trkpt>
  <trkpt lat="37.4128504" lon="-121.9953353"><ele>69</ele><time>2026-09-13T18:15:27.973206Z</time></trkpt>
  <trkpt lat="37.4128506" lon="-121.9953394"><ele>70</ele><time>2026-09-13T18:15:28.073790Z</time></trkpt>
  <trkpt lat="37.4128508" lon="-121.9953437"><ele>70</ele><time>2026-09-13T18:15:28.174527Z</time></trkpt>
  <trkpt lat="37.4128508" lon="-121.9953480"><ele>70</ele><time>2026-09-13T18:15:28.274903Z</time></trkpt>
  <trkpt lat="37.4128505" lon="-121.9953529"><ele>70</ele><time>2026-09-13T18:15:28.375736Z</time></trkpt>
  <trkpt lat="37.4128505" lon="-121.9953529"><ele>70</ele><time>2026-09-13T18:15:28.451582Z</time></trkpt>
  <trkpt lat="37.4128502" lon="-121.9953577"><ele>70</ele><time>2026-09-13T18:15:28.476272Z</time></trkpt>
  <trkpt lat="37.4128505" lon="-121.9953623"><ele>70</ele><time>2026-09-13T18:15:28.576474Z</time></trkpt>
  <trkpt lat="37.4128514" lon="-121.9953668"><ele>70</ele><time>2026-09-13T18:15:28.676948Z</time></trkpt>
  <trkpt lat="37.4128527" lon="-121.9953712"><ele>69</ele><time>2026-09-13T18:15:28.777368Z</time></trkpt>
  <trkpt lat="37.4128543" lon="-121.9953754"><ele>69</ele><time>2026-09-13T18:15:28.877543Z</time></trkpt>
  <trkpt lat="37.4128565" lon="-121.9953795"><ele>69</ele><time>2026-09-13T18:15:28.978077Z</time></trkpt>
  <trkpt lat="37.4128591" lon="-121.9953835"><ele>69</ele><time>2026-09-13T18:15:29.078073Z</time></trkpt>
  <trkpt lat="37.4128626" lon="-121.9953871"><ele>69</ele><time>2026-09-13T18:15:29.178626Z</time></trkpt>
  <trkpt lat="37.4128665" lon="-121.9953904"><ele>69</ele><time>2026-09-13T18:15:29.278808Z</time></trkpt>
  <trkpt lat="37.4128706" lon="-121.9953930"><ele>68</ele><time>2026-09-13T18:15:29.379225Z</time></trkpt>
  <trkpt lat="37.4128748" lon="-121.9953952"><ele>68</ele><time>2026-09-13T18:15:29.479288Z</time></trkpt>
  <trkpt lat="37.4128785" lon="-121.9953972"><ele>69</ele><time>2026-09-13T18:15:29.579805Z</time></trkpt>
  <trkpt lat="37.4128821" lon="-121.9953985"><ele>69</ele><time>2026-09-13T18:15:29.680430Z</time></trkpt>
  <trkpt lat="37.4128865" lon="-121.9953985"><ele>69</ele><time>2026-09-13T18:15:29.780787Z</time></trkpt>
  <trkpt lat="37.4128910" lon="-121.9953979"><ele>69</ele><time>2026-09-13T18:15:29.881353Z</time></trkpt>
  <trkpt lat="37.4128957" lon="-121.9953970"><ele>69</ele><time>2026-09-13T18:15:29.981887Z</time></trkpt>
  <trkpt lat="37.4129010" lon="-121.9953957"><ele>69</ele><time>2026-09-13T18:15:30.082253Z</time></trkpt>
  <trkpt lat="37.4129061" lon="-121.9953944"><ele>70</ele><time>2026-09-13T18:15:30.183198Z</time></trkpt>
  <trkpt lat="37.4129110" lon="-121.9953934"><ele>70</ele><time>2026-09-13T18:15:30.283772Z</time></trkpt>
  <trkpt lat="37.4129160" lon="-121.9953927"><ele>70</ele><time>2026-09-13T18:15:30.364165Z</time></trkpt>
  <trkpt lat="37.4129209" lon="-121.9953921"><ele>70</ele><time>2026-09-13T18:15:30.465040Z</time></trkpt>
  <trkpt lat="37.4129249" lon="-121.9953921"><ele>70</ele><time>2026-09-13T18:15:30.565599Z</time></trkpt>
  <trkpt lat="37.4129249" lon="-121.9953921"><ele>70</ele><time>2026-09-13T18:15:30.609931Z</time></trkpt>
  <trkpt lat="37.4129294" lon="-121.9953920"><ele>70</ele><time>2026-09-13T18:15:30.666013Z</time></trkpt>
  <trkpt lat="37.4129344" lon="-121.9953918"><ele>70</ele><time>2026-09-13T18:15:30.766358Z</time></trkpt>
  <trkpt lat="37.4129392" lon="-121.9953921"><ele>70</ele><time>2026-09-13T18:15:30.866470Z</time></trkpt>
  <trkpt lat="37.4129437" lon="-121.9953930"><ele>70</ele><time>2026-09-13T18:15:30.967172Z</time></trkpt>
  <trkpt lat="37.4129485" lon="-121.9953937"><ele>70</ele><time>2026-09-13T18:15:31.067955Z</time></trkpt>
  <trkpt lat="37.4129532" lon="-121.9953946"><ele>70</ele><time>2026-09-13T18:15:31.168526Z</time></trkpt>
  <trkpt lat="37.4129577" lon="-121.9953957"><ele>70</ele><time>2026-09-13T18:15:31.270192Z</time></trkpt>
  <trkpt lat="37.4129620" lon="-121.9953968"><ele>70</ele><time>2026-09-13T18:15:31.370716Z</time></trkpt>
  <trkpt lat="37.4129664" lon="-121.9953980"><ele>70</ele><time>2026-09-13T18:15:31.471268Z</time></trkpt>
  <trkpt lat="37.4129705" lon="-121.9953993"><ele>71</ele><time>2026-09-13T18:15:31.571494Z</time></trkpt>
  <trkpt lat="37.4129747" lon="-121.9954003"><ele>71</ele><time>2026-09-13T18:15:31.672164Z</time></trkpt>
  <trkpt lat="37.4129783" lon="-121.9954016"><ele>71</ele><time>2026-09-13T18:15:31.772604Z</time></trkpt>
  <trkpt lat="37.4129816" lon="-121.9954025"><ele>72</ele><time>2026-09-13T18:15:31.873294Z</time></trkpt>
  <trkpt lat="37.4129843" lon="-121.9954036"><ele>72</ele><time>2026-09-13T18:15:31.974257Z</time></trkpt>
  <trkpt lat="37.4129869" lon="-121.9954048"><ele>72</ele><time>2026-09-13T18:15:32.075154Z</time></trkpt>
  <trkpt lat="37.4129895" lon="-121.9954059"><ele>73</ele><time>2026-09-13T18:15:32.175725Z</time></trkpt>
  <trkpt lat="37.4129918" lon="-121.9954071"><ele>73</ele><time>2026-09-13T18:15:32.275810Z</time></trkpt>
  <trkpt lat="37.4129935" lon="-121.9954082"><ele>74</ele><time>2026-09-13T18:15:32.376232Z</time></trkpt>
  <trkpt lat="37.4129951" lon="-121.9954091"><ele>74</ele><time>2026-09-13T18:15:32.476793Z</time></trkpt>
  <trkpt lat="37.4129965" lon="-121.9954100"><ele>74</ele><time>2026-09-13T18:15:32.578167Z</time></trkpt>
  <trkpt lat="37.4129977" lon="-121.9954110"><ele>75</ele><time>2026-09-13T18:15:32.678837Z</time></trkpt>
  <trkpt lat="37.4129977" lon="-121.9954110"><ele>75</ele><time>2026-09-13T18:15:32.756645Z</time></trkpt>
  <trkpt lat="37.4129986" lon="-121.9954120"><ele>75</ele><time>2026-09-13T18:15:32.779354Z</time></trkpt>
  <trkpt lat="37.4129991" lon="-121.9954129"><ele>75</ele><time>2026-09-13T18:15:32.880467Z</time></trkpt>
  <trkpt lat="37.4129991" lon="-121.9954141"><ele>76</ele><time>2026-09-13T18:15:32.982135Z</time></trkpt>
  <trkpt lat="37.4129983" lon="-121.9954155"><ele>76</ele><time>2026-09-13T18:15:33.062495Z</time></trkpt>
  <trkpt lat="37.4129972" lon="-121.9954172"><ele>76</ele><time>2026-09-13T18:15:33.162546Z</time></trkpt>
  <trkpt lat="37.4129951" lon="-121.9954199"><ele>76</ele><time>2026-09-13T18:15:33.263265Z</time></trkpt>
  <trkpt lat="37.4129921" lon="-121.9954235"><ele>75</ele><time>2026-09-13T18:15:33.363288Z</time></trkpt>
  <trkpt lat="37.4129884" lon="-121.9954262"><ele>75</ele><time>2026-09-13T18:15:33.463884Z</time></trkpt>
  <trkpt lat="37.4129839" lon="-121.9954286"><ele>75</ele><time>2026-09-13T18:15:33.564146Z</time></trkpt>
  <trkpt lat="37.4129791" lon="-121.9954303"><ele>75</ele><time>2026-09-13T18:15:33.664497Z</time></trkpt>
  <trkpt lat="37.4129740" lon="-121.9954318"><ele>74</ele><time>2026-09-13T18:15:33.765645Z</time></trkpt>
  <trkpt lat="37.4129682" lon="-121.9954331"><ele>74</ele><time>2026-09-13T18:15:33.867011Z</time></trkpt>
  <trkpt lat="37.4129615" lon="-121.9954335"><ele>73</ele><time>2026-09-13T18:15:33.967191Z</time></trkpt>
  <trkpt lat="37.4129536" lon="-121.9954335"><ele>73</ele><time>2026-09-13T18:15:34.067516Z</time></trkpt>
  <trkpt lat="37.4129453" lon="-121.9954334"><ele>72</ele><time>2026-09-13T18:15:34.168121Z</time></trkpt>
  <trkpt lat="37.4129373" lon="-121.9954331"><ele>71</ele><time>2026-09-13T18:15:34.268719Z</time></trkpt>
  <trkpt lat="37.4129285" lon="-121.9954327"><ele>70</ele><time>2026-09-13T18:15:34.369992Z</time></trkpt>
  <trkpt lat="37.4129190" lon="-121.9954318"><ele>70</ele><time>2026-09-13T18:15:34.470435Z</time></trkpt>
  <trkpt lat="37.4129078" lon="-121.9954309"><ele>69</ele><time>2026-09-13T18:15:34.570609Z</time></trkpt>
  <trkpt lat="37.4128963" lon="-121.9954296"><ele>68</ele><time>2026-09-13T18:15:34.671447Z</time></trkpt>
  <trkpt lat="37.4128848" lon="-121.9954283"><ele>67</ele><time>2026-09-13T18:15:34.772661Z</time></trkpt>
  <trkpt lat="37.4128724" lon="-121.9954270"><ele>66</ele><time>2026-09-13T18:15:34.873391Z</time></trkpt>
  <trkpt lat="37.4128724" lon="-121.9954270"><ele>66</ele><time>2026-09-13T18:15:34.918783Z</time></trkpt>
  <trkpt lat="37.4128589" lon="-121.9954257"><ele>65</ele><time>2026-09-13T18:15:34.973977Z</time></trkpt>
  <trkpt lat="37.4128447" lon="-121.9954242"><ele>65</ele><time>2026-09-13T18:15:35.074630Z</time></trkpt>
  <trkpt lat="37.4128300" lon="-121.9954217"><ele>64</ele><time>2026-09-13T18:15:35.174787Z</time></trkpt>
  <trkpt lat="37.4128142" lon="-121.9954181"><ele>63</ele><time>2026-09-13T18:15:35.275268Z</time></trkpt>
  <trkpt lat="37.4127980" lon="-121.9954138"><ele>63</ele><time>2026-09-13T18:15:35.375582Z</time></trkpt>
  <trkpt lat="37.4127819" lon="-121.9954089"><ele>62</ele><time>2026-09-13T18:15:35.476336Z</time></trkpt>
  <trkpt lat="37.4127656" lon="-121.9954040"><ele>62</ele><time>2026-09-13T18:15:35.576915Z</time></trkpt>
  <trkpt lat="37.4127493" lon="-121.9953989"><ele>61</ele><time>2026-09-13T18:15:35.677614Z</time></trkpt>
  <trkpt lat="37.4127329" lon="-121.9953933"><ele>61</ele><time>2026-09-13T18:15:35.778681Z</time></trkpt>
  <trkpt lat="37.4127164" lon="-121.9953872"><ele>60</ele><time>2026-09-13T18:15:35.878788Z</time></trkpt>
  <trkpt lat="37.4126997" lon="-121.9953805"><ele>59</ele><time>2026-09-13T18:15:35.959676Z</time></trkpt>
  <trkpt lat="37.4126828" lon="-121.9953731"><ele>59</ele><time>2026-09-13T18:15:36.060976Z</time></trkpt>
  <trkpt lat="37.4126658" lon="-121.9953655"><ele>58</ele><time>2026-09-13T18:15:36.160623Z</time></trkpt>
  <trkpt lat="37.4126488" lon="-121.9953577"><ele>58</ele><time>2026-09-13T18:15:36.261019Z</time></trkpt>
  <trkpt lat="37.4126316" lon="-121.9953497"><ele>57</ele><time>2026-09-13T18:15:36.361851Z</time></trkpt>
  <trkpt lat="37.4126147" lon="-121.9953410"><ele>56</ele><time>2026-09-13T18:15:36.462529Z</time></trkpt>
  <trkpt lat="37.4125977" lon="-121.9953320"><ele>56</ele><time>2026-09-13T18:15:36.563625Z</time></trkpt>
  <trkpt lat="37.4125808" lon="-121.9953224"><ele>55</ele><time>2026-09-13T18:15:36.664731Z</time></trkpt>
  <trkpt lat="37.4125632" lon="-121.9953123"><ele>54</ele><time>2026-09-13T18:15:36.764889Z</time></trkpt>
  <trkpt lat="37.4125451" lon="-121.9953001"><ele>54</ele><time>2026-09-13T18:15:36.865387Z</time></trkpt>
  <trkpt lat="37.4125275" lon="-121.9952852"><ele>54</ele><time>2026-09-13T18:15:36.966109Z</time></trkpt>
  <trkpt lat="37.4125275" lon="-121.9952852"><ele>54</ele><time>2026-09-13T18:15:37.057798Z</time></trkpt>
  <trkpt lat="37.4125093" lon="-121.9952699"><ele>54</ele><time>2026-09-13T18:15:37.067591Z</time></trkpt>
  <trkpt lat="37.4124923" lon="-121.9952538"><ele>55</ele><time>2026-09-13T18:15:37.168075Z</time></trkpt>
  <trkpt lat="37.4124775" lon="-121.9952369"><ele>55</ele><time>2026-09-13T18:15:37.269699Z</time></trkpt>
  <trkpt lat="37.4124635" lon="-121.9952192"><ele>56</ele><time>2026-09-13T18:15:37.369229Z</time></trkpt>
  <trkpt lat="37.4124501" lon="-121.9952014"><ele>57</ele><time>2026-09-13T18:15:37.469741Z</time></trkpt>
  <trkpt lat="37.4124386" lon="-121.9951843"><ele>58</ele><time>2026-09-13T18:15:37.570440Z</time></trkpt>
  <trkpt lat="37.4124304" lon="-121.9951678"><ele>59</ele><time>2026-09-13T18:15:37.670952Z</time></trkpt>
  <trkpt lat="37.4124238" lon="-121.9951528"><ele>60</ele><time>2026-09-13T18:15:37.771245Z</time></trkpt>
  <trkpt lat="37.4124186" lon="-121.9951388"><ele>61</ele><time>2026-09-13T18:15:37.871489Z</time></trkpt>
  <trkpt lat="37.4124158" lon="-121.9951268"><ele>63</ele><time>2026-09-13T18:15:37.972123Z</time></trkpt>
  <trkpt lat="37.4124153" lon="-121.9951170"><ele>64</ele><time>2026-09-13T18:15:38.073111Z</time></trkpt>
  <trkpt lat="37.4124164" lon="-121.9951072"><ele>65</ele><time>2026-09-13T18:15:38.173306Z</time></trkpt>
  <trkpt lat="37.4124187" lon="-121.9950979"><ele>66</ele><time>2026-09-13T18:15:38.273693Z</time></trkpt>
  <trkpt lat="37.4124214" lon="-121.9950902"><ele>67</ele><time>2026-09-13T18:15:38.374170Z</time></trkpt>
  <trkpt lat="37.4124243" lon="-121.9950839"><ele>68</ele><time>2026-09-13T18:15:38.474281Z</time></trkpt>
  <trkpt lat="37.4124293" lon="-121.9950800"><ele>68</ele><time>2026-09-13T18:15:38.574793Z</time></trkpt>
  <trkpt lat="37.4124326" lon="-121.9950787"><ele>69</ele><time>2026-09-13T18:15:38.655507Z</time></trkpt>
  <trkpt lat="37.4124364" lon="-121.9950752"><ele>69</ele><time>2026-09-13T18:15:38.756510Z</time></trkpt>
  <trkpt lat="37.4124414" lon="-121.9950726"><ele>69</ele><time>2026-09-13T18:15:38.857755Z</time></trkpt>
  <trkpt lat="37.4124444" lon="-121.9950726"><ele>69</ele><time>2026-09-13T18:15:38.957723Z</time></trkpt>
  <trkpt lat="37.4124497" lon="-121.9950738"><ele>69</ele><time>2026-09-13T18:15:39.058087Z</time></trkpt>
  <trkpt lat="37.4124555" lon="-121.9950739"><ele>70</ele><time>2026-09-13T18:15:39.158860Z</time></trkpt>
  <trkpt lat="37.4124555" lon="-121.9950739"><ele>70</ele><time>2026-09-13T18:15:39.220803Z</time></trkpt>
  <trkpt lat="37.4124634" lon="-121.9950744"><ele>70</ele><time>2026-09-13T18:15:39.259971Z</time></trkpt>
  <trkpt lat="37.4124707" lon="-121.9950747"><ele>71</ele><time>2026-09-13T18:15:39.360776Z</time></trkpt>
  <trkpt lat="37.4124759" lon="-121.9950779"><ele>71</ele><time>2026-09-13T18:15:39.461818Z</time></trkpt>
  <trkpt lat="37.4124829" lon="-121.9950818"><ele>71</ele><time>2026-09-13T18:15:39.562088Z</time></trkpt>
  <trkpt lat="37.4124887" lon="-121.9950833"><ele>71</ele><time>2026-09-13T18:15:39.662615Z</time></trkpt>
  <trkpt lat="37.4124960" lon="-121.9950846"><ele>70</ele><time>2026-09-13T18:15:39.762877Z</time></trkpt>
  <trkpt lat="37.4125034" lon="-121.9950856"><ele>70</ele><time>2026-09-13T18:15:39.863146Z</time></trkpt>
  <trkpt lat="37.4125097" lon="-121.9950878"><ele>70</ele><time>2026-09-13T18:15:39.964490Z</time></trkpt>
  <trkpt lat="37.4125190" lon="-121.9950887"><ele>71</ele><time>2026-09-13T18:15:40.065088Z</time></trkpt>
  <trkpt lat="37.4125253" lon="-121.9950889"><ele>71</ele><time>2026-09-13T18:15:40.165421Z</time></trkpt>
  <trkpt lat="37.4125323" lon="-121.9950878"><ele>70</ele><time>2026-09-13T18:15:40.266032Z</time></trkpt>
  <trkpt lat="37.4125390" lon="-121.9950854"><ele>70</ele><time>2026-09-13T18:15:40.366414Z</time></trkpt>
  <trkpt lat="37.4125468" lon="-121.9950834"><ele>71</ele><time>2026-09-13T18:15:40.466755Z</time></trkpt>
  <trkpt lat="37.4125562" lon="-121.9950819"><ele>72</ele><time>2026-09-13T18:15:40.566981Z</time></trkpt>
  <trkpt lat="37.4125612" lon="-121.9950825"><ele>71</ele><time>2026-09-13T18:15:40.667492Z</time></trkpt>
  <trkpt lat="37.4125686" lon="-121.9950806"><ele>71</ele><time>2026-09-13T18:15:40.767743Z</time></trkpt>
  <trkpt lat="37.4125776" lon="-121.9950760"><ele>71</ele><time>2026-09-13T18:15:40.868750Z</time></trkpt>
  <trkpt lat="37.4125856" lon="-121.9950701"><ele>72</ele><time>2026-09-13T18:15:40.969599Z</time></trkpt>
  <trkpt lat="37.4125924" lon="-121.9950657"><ele>72</ele><time>2026-09-13T18:15:41.071024Z</time></trkpt>
  <trkpt lat="37.4125983" lon="-121.9950625"><ele>72</ele><time>2026-09-13T18:15:41.171236Z</time></trkpt>
  <trkpt lat="37.4126057" lon="-121.9950582"><ele>72</ele><time>2026-09-13T18:15:41.271651Z</time></trkpt>
  <trkpt lat="37.4126130" lon="-121.9950546"><ele>71</ele><time>2026-09-13T18:15:41.352533Z</time></trkpt>
  <trkpt lat="37.4126130" lon="-121.9950546"><ele>71</ele><time>2026-09-13T18:15:41.383800Z</time></trkpt>
  <trkpt lat="37.4126216" lon="-121.9950511"><ele>71</ele><time>2026-09-13T18:15:41.453124Z</time></trkpt>
  <trkpt lat="37.4126307" lon="-121.9950488"><ele>72</ele><time>2026-09-13T18:15:41.553538Z</time></trkpt>
  <trkpt lat="37.4126406" lon="-121.9950477"><ele>72</ele><time>2026-09-13T18:15:41.654358Z</time></trkpt>
  <trkpt lat="37.4126491" lon="-121.9950490"><ele>72</ele><time>2026-09-13T18:15:41.754637Z</time></trkpt>
  <trkpt lat="37.4126580" lon="-121.9950516"><ele>73</ele><time>2026-09-13T18:15:41.855065Z</time></trkpt>
  <trkpt lat="37.4126654" lon="-121.9950565"><ele>73</ele><time>2026-09-13T18:15:41.955654Z</time></trkpt>
  <trkpt lat="37.4126731" lon="-121.9950623"><ele>73</ele><time>2026-09-13T18:15:42.056772Z</time></trkpt>
  <trkpt lat="37.4126812" lon="-121.9950686"><ele>73</ele><time>2026-09-13T18:15:42.157189Z</time></trkpt>
  <trkpt lat="37.4126894" lon="-121.9950754"><ele>73</ele><time>2026-09-13T18:15:42.258083Z</time></trkpt>
  <trkpt lat="37.4126968" lon="-121.9950831"><ele>73</ele><time>2026-09-13T18:15:42.359172Z</time></trkpt>
  <trkpt lat="37.4127028" lon="-121.9950921"><ele>73</ele><time>2026-09-13T18:15:42.460155Z</time></trkpt>
  <trkpt lat="37.4127085" lon="-121.9951027"><ele>73</ele><time>2026-09-13T18:15:42.560057Z</time></trkpt>
  <trkpt lat="37.4127159" lon="-121.9951131"><ele>73</ele><time>2026-09-13T18:15:42.660582Z</time></trkpt>
  <trkpt lat="37.4127232" lon="-121.9951232"><ele>73</ele><time>2026-09-13T18:15:42.761007Z</time></trkpt>
  <trkpt lat="37.4127293" lon="-121.9951346"><ele>72</ele><time>2026-09-13T18:15:42.861121Z</time></trkpt>
  <trkpt lat="37.4127335" lon="-121.9951478"><ele>72</ele><time>2026-09-13T18:15:42.961176Z</time></trkpt>
  <trkpt lat="37.4127358" lon="-121.9951629"><ele>72</ele><time>2026-09-13T18:15:43.061577Z</time></trkpt>
  <trkpt lat="37.4127362" lon="-121.9951789"><ele>72</ele><time>2026-09-13T18:15:43.161817Z</time></trkpt>
  <trkpt lat="37.4127349" lon="-121.9951959"><ele>72</ele><time>2026-09-13T18:15:43.262960Z</time></trkpt>
  <trkpt lat="37.4127307" lon="-121.9952137"><ele>72</ele><time>2026-09-13T18:15:43.363369Z</time></trkpt>
  <trkpt lat="37.4127247" lon="-121.9952314"><ele>73</ele><time>2026-09-13T18:15:43.463706Z</time></trkpt>
  <trkpt lat="37.4127247" lon="-121.9952314"><ele>73</ele><time>2026-09-13T18:15:43.551265Z</time></trkpt>
  <trkpt lat="37.4127168" lon="-121.9952489"><ele>73</ele><time>2026-09-13T18:15:43.564125Z</time></trkpt>
  <trkpt lat="37.4127070" lon="-121.9952658"><ele>74</ele><time>2026-09-13T18:15:43.664510Z</time></trkpt>
  <trkpt lat="37.4126958" lon="-121.9952820"><ele>74</ele><time>2026-09-13T18:15:43.765352Z</time></trkpt>
  <trkpt lat="37.4126832" lon="-121.9952974"><ele>75</ele><time>2026-09-13T18:15:43.865962Z</time></trkpt>
  <trkpt lat="37.4126695" lon="-121.9953119"><ele>75</ele><time>2026-09-13T18:15:43.967100Z</time></trkpt>
  <trkpt lat="37.4126551" lon="-121.9953242"><ele>76</ele><time>2026-09-13T18:15:44.067540Z</time></trkpt>
  <trkpt lat="37.4126403" lon="-121.9953341"><ele>77</ele><time>2026-09-13T18:15:44.168043Z</time></trkpt>
  <trkpt lat="37.4126260" lon="-121.9953437"><ele>79</ele><time>2026-09-13T18:15:44.249047Z</time></trkpt>
  <trkpt lat="37.4126106" lon="-121.9953531"><ele>79</ele><time>2026-09-13T18:15:44.350344Z</time></trkpt>
  <trkpt lat="37.4125955" lon="-121.9953617"><ele>80</ele><time>2026-09-13T18:15:44.451130Z</time></trkpt>
  <trkpt lat="37.4125803" lon="-121.9953699"><ele>80</ele><time>2026-09-13T18:15:44.552217Z</time></trkpt>
  <trkpt lat="37.4125652" lon="-121.9953776"><ele>81</ele><time>2026-09-13T18:15:44.652897Z</time></trkpt>
  <trkpt lat="37.4125499" lon="-121.9953850"><ele>81</ele><time>2026-09-13T18:15:44.753614Z</time></trkpt>
  <trkpt lat="37.4125350" lon="-121.9953918"><ele>81</ele><time>2026-09-13T18:15:44.854292Z</time></trkpt>
  <trkpt lat="37.4125200" lon="-121.9953983"><ele>81</ele><time>2026-09-13T18:15:44.955471Z</time></trkpt>
  <trkpt lat="37.4125052" lon="-121.9954044"><ele>80</ele><time>2026-09-13T18:15:45.056171Z</time></trkpt>
  <trkpt lat="37.4124902" lon="-121.9954100"><ele>80</ele><time>2026-09-13T18:15:45.156651Z</time></trkpt>
  <trkpt lat="37.4124752" lon="-121.9954151"><ele>80</ele><time>2026-09-13T18:15:45.257773Z</time></trkpt>
  <trkpt lat="37.4124603" lon="-121.9954197"><ele>80</ele><time>2026-09-13T18:15:45.358480Z</time></trkpt>
  <trkpt lat="37.4124454" lon="-121.9954238"><ele>79</ele><time>2026-09-13T18:15:45.459256Z</time></trkpt>
  <trkpt lat="37.4124305" lon="-121.9954275"><ele>79</ele><time>2026-09-13T18:15:45.559979Z</time></trkpt>
  <trkpt lat="37.4124154" lon="-121.9954309"><ele>78</ele><time>2026-09-13T18:15:45.660831Z</time></trkpt>
  <trkpt lat="37.4124154" lon="-121.9954309"><ele>78</ele><time>2026-09-13T18:15:45.687207Z</time></trkpt>
  <trkpt lat="37.4124009" lon="-121.9954338"><ele>78</ele><time>2026-09-13T18:15:45.761255Z</time></trkpt>
  <trkpt lat="37.4123858" lon="-121.9954367"><ele>78</ele><time>2026-09-13T18:15:45.862540Z</time></trkpt>
  <trkpt lat="37.4123705" lon="-121.9954390"><ele>77</ele><time>2026-09-13T18:15:45.963274Z</time></trkpt>
  <trkpt lat="37.4123551" lon="-121.9954407"><ele>77</ele><time>2026-09-13T18:15:46.064158Z</time></trkpt>
  <trkpt lat="37.4123395" lon="-121.9954419"><ele>76</ele><time>2026-09-13T18:15:46.165070Z</time></trkpt>
  <trkpt lat="37.4123237" lon="-121.9954430"><ele>76</ele><time>2026-09-13T18:15:46.265156Z</time></trkpt>
  <trkpt lat="37.4123078" lon="-121.9954438"><ele>75</ele><time>2026-09-13T18:15:46.366152Z</time></trkpt>
  <trkpt lat="37.4122916" lon="-121.9954443"><ele>74</ele><time>2026-09-13T18:15:46.447025Z</time></trkpt>
  <trkpt lat="37.4122752" lon="-121.9954446"><ele>73</ele><time>2026-09-13T18:15:46.547489Z</time></trkpt>
  <trkpt lat="37.4122589" lon="-121.9954446"><ele>73</ele><time>2026-09-13T18:15:46.648293Z</time></trkpt>
  <trkpt lat="37.4122425" lon="-121.9954442"><ele>72</ele><time>2026-09-13T18:15:46.749105Z</time></trkpt>
  <trkpt lat="37.4122257" lon="-121.9954436"><ele>71</ele><time>2026-09-13T18:15:46.849675Z</time></trkpt>
  <trkpt lat="37.4122088" lon="-121.9954427"><ele>70</ele><time>2026-09-13T18:15:46.950131Z</time></trkpt>
  <trkpt lat="37.4121918" lon="-121.9954415"><ele>69</ele><time>2026-09-13T18:15:47.050769Z</time></trkpt>
  <trkpt lat="37.4121748" lon="-121.9954401"><ele>69</ele><time>2026-09-13T18:15:47.151463Z</time></trkpt>
  <trkpt lat="37.4121576" lon="-121.9954385"><ele>68</ele><time>2026-09-13T18:15:47.252035Z</time></trkpt>
  <trkpt lat="37.4121404" lon="-121.9954366"><ele>67</ele><time>2026-09-13T18:15:47.352632Z</time></trkpt>
  <trkpt lat="37.4121230" lon="-121.9954342"><ele>66</ele><time>2026-09-13T18:15:47.453931Z</time></trkpt>
  <trkpt lat="37.4121054" lon="-121.9954316"><ele>65</ele><time>2026-09-13T18:15:47.554624Z</time></trkpt>
  <trkpt lat="37.4120878" lon="-121.9954287"><ele>64</ele><time>2026-09-13T18:15:47.654962Z</time></trkpt>
  <trkpt lat="37.4120699" lon="-121.9954254"><ele>63</ele><time>2026-09-13T18:15:47.755758Z</time></trkpt>
  <trkpt lat="37.4120699" lon="-121.9954254"><ele>63</ele><time>2026-09-13T18:15:47.818030Z</time></trkpt>
  <trkpt lat="37.4120516" lon="-121.9954209"><ele>62</ele><time>2026-09-13T18:15:47.855959Z</time></trkpt>
  <trkpt lat="37.4120328" lon="-121.9954159"><ele>61</ele><time>2026-09-13T18:15:47.956643Z</time></trkpt>
  <trkpt lat="37.4120141" lon="-121.9954112"><ele>61</ele><time>2026-09-13T18:15:48.057351Z</time></trkpt>
  <trkpt lat="37.4119955" lon="-121.9954064"><ele>60</ele><time>2026-09-13T18:15:48.157835Z</time></trkpt>
  <trkpt lat="37.4119767" lon="-121.9954014"><ele>60</ele><time>2026-09-13T18:15:48.258328Z</time></trkpt>
  <trkpt lat="37.4119576" lon="-121.9953963"><ele>60</ele><time>2026-09-13T18:15:48.358610Z</time></trkpt>
  <trkpt lat="37.4119388" lon="-121.9953912"><ele>59</ele><time>2026-09-13T18:15:48.459737Z</time></trkpt>
  <trkpt lat="37.4119203" lon="-121.9953866"><ele>59</ele><time>2026-09-13T18:15:48.560101Z</time></trkpt>
  <trkpt lat="37.4119023" lon="-121.9953823"><ele>59</ele><time>2026-09-13T18:15:48.660711Z</time></trkpt>
  <trkpt lat="37.4118847" lon="-121.9953775"><ele>59</ele><time>2026-09-13T18:15:48.760873Z</time></trkpt>
  <trkpt lat="37.4118670" lon="-121.9953722"><ele>58</ele><time>2026-09-13T18:15:48.861348Z</time></trkpt>
  <trkpt lat="37.4118495" lon="-121.9953662"><ele>58</ele><time>2026-09-13T18:15:48.961956Z</time></trkpt>
  <trkpt lat="37.4118321" lon="-121.9953598"><ele>57</ele><time>2026-09-13T18:15:49.062852Z</time></trkpt>
  <trkpt lat="37.4118156" lon="-121.9953527"><ele>57</ele><time>2026-09-13T18:15:49.143154Z</time></trkpt>
  <trkpt lat="37.4118010" lon="-121.9953453"><ele>56</ele><time>2026-09-13T18:15:49.243937Z</time></trkpt>
  <trkpt lat="37.4117875" lon="-121.9953394"><ele>55</ele><time>2026-09-13T18:15:49.344241Z</time></trkpt>
  <trkpt lat="37.4117748" lon="-121.9953349"><ele>54</ele><time>2026-09-13T18:15:49.445134Z</time></trkpt>
  <trkpt lat="37.4117628" lon="-121.9953335"><ele>53</ele><time>2026-09-13T18:15:49.545367Z</time></trkpt>
  <trkpt lat="37.4117530" lon="-121.9953336"><ele>52</ele><time>2026-09-13T18:15:49.646087Z</time></trkpt>
  <trkpt lat="37.4117444" lon="-121.9953357"><ele>51</ele><time>2026-09-13T18:15:49.747449Z</time></trkpt>
  <trkpt lat="37.4117359" lon="-121.9953398"><ele>51</ele><time>2026-09-13T18:15:49.848696Z</time></trkpt>
  <trkpt lat="37.4117282" lon="-121.9953456"><ele>50</ele><time>2026-09-13T18:15:49.949763Z</time></trkpt>
  <trkpt lat="37.4117282" lon="-121.9953456"><ele>50</ele><time>2026-09-13T18:15:49.974572Z</time></trkpt>
  <trkpt lat="37.4117229" lon="-121.9953521"><ele>49</ele><time>2026-09-13T18:15:50.049736Z</time></trkpt>
  <trkpt lat="37.4117177" lon="-121.9953600"><ele>49</ele><time>2026-09-13T18:15:50.149817Z</time></trkpt>
  <trkpt lat="37.4117137" lon="-121.9953680"><ele>48</ele><time>2026-09-13T18:15:50.250883Z</time></trkpt>
  <trkpt lat="37.4117110" lon="-121.9953767"><ele>48</ele><time>2026-09-13T18:15:50.352207Z</time></trkpt>
  <trkpt lat="37.4117082" lon="-121.9953864"><ele>47</ele><time>2026-09-13T18:15:50.452502Z</time></trkpt>
  <trkpt lat="37.4117070" lon="-121.9953959"><ele>47</ele><time>2026-09-13T18:15:50.552747Z</time></trkpt>
  <trkpt lat="37.4117060" lon="-121.9954051"><ele>46</ele><time>2026-09-13T18:15:50.653810Z</time></trkpt>
  <trkpt lat="37.4117066" lon="-121.9954136"><ele>46</ele><time>2026-09-13T18:15:50.754574Z</time></trkpt>
  <trkpt lat="37.4117083" lon="-121.9954213"><ele>46</ele><time>2026-09-13T18:15:50.856532Z</time></trkpt>
  <trkpt lat="37.4117099" lon="-121.9954287"><ele>46</ele><time>2026-09-13T18:15:50.957295Z</time></trkpt>
  <trkpt lat="37.4117125" lon="-121.9954348"><ele>46</ele><time>2026-09-13T18:15:51.058330Z</time></trkpt>
  <trkpt lat="37.4117157" lon="-121.9954394"><ele>46</ele><time>2026-09-13T18:15:51.158749Z</time></trkpt>
  <trkpt lat="37.4117192" lon="-121.9954430"><ele>46</ele><time>2026-09-13T18:15:51.259104Z</time></trkpt>
  <trkpt lat="37.4117232" lon="-121.9954456"><ele>46</ele><time>2026-09-13T18:15:51.359850Z</time></trkpt>
  <trkpt lat="37.4117277" lon="-121.9954473"><ele>46</ele><time>2026-09-13T18:15:51.440793Z</time></trkpt>
  <trkpt lat="37.4117318" lon="-121.9954486"><ele>46</ele><time>2026-09-13T18:15:51.541759Z</time></trkpt>
  <trkpt lat="37.4117366" lon="-121.9954491"><ele>47</ele><time>2026-09-13T18:15:51.642910Z</time></trkpt>
  <trkpt lat="37.4117410" lon="-121.9954493"><ele>46</ele><time>2026-09-13T18:15:51.743088Z</time></trkpt>
  <trkpt lat="37.4117456" lon="-121.9954489"><ele>46</ele><time>2026-09-13T18:15:51.843743Z</time></trkpt>
  <trkpt lat="37.4117501" lon="-121.9954481"><ele>46</ele><time>2026-09-13T18:15:51.944383Z</time></trkpt>
  <trkpt lat="37.4117549" lon="-121.9954464"><ele>46</ele><time>2026-09-13T18:15:52.044658Z</time></trkpt>
  <trkpt lat="37.4117549" lon="-121.9954464"><ele>46</ele><time>2026-09-13T18:15:52.130637Z</time></trkpt>
  <trkpt lat="37.4117598" lon="-121.9954440"><ele>46</ele><time>2026-09-13T18:15:52.145128Z</time></trkpt>
  <trkpt lat="37.4117651" lon="-121.9954405"><ele>47</ele><time>2026-09-13T18:15:52.245452Z</time></trkpt>
  <trkpt lat="37.4117707" lon="-121.9954367"><ele>47</ele><time>2026-09-13T18:15:52.346127Z</time></trkpt>
  <trkpt lat="37.4117756" lon="-121.9954337"><ele>46</ele><time>2026-09-13T18:15:52.446762Z</time></trkpt>
  <trkpt lat="37.4117806" lon="-121.9954301"><ele>46</ele><time>2026-09-13T18:15:52.547754Z</time></trkpt>
  <trkpt lat="37.4117859" lon="-121.9954261"><ele>46</ele><time>2026-09-13T18:15:52.648446Z</time></trkpt>
  <trkpt lat="37.4117914" lon="-121.9954208"><ele>45</ele><time>2026-09-13T18:15:52.749444Z</time></trkpt>
  <trkpt lat="37.4117968" lon="-121.9954143"><ele>45</ele><time>2026-09-13T18:15:52.850464Z</time></trkpt>
  <trkpt lat="37.4118026" lon="-121.9954071"><ele>45</ele><time>2026-09-13T18:15:52.951077Z</time></trkpt>
  <trkpt lat="37.4118085" lon="-121.9953995"><ele>45</ele><time>2026-09-13T18:15:53.051497Z</time></trkpt>
  <trkpt lat="37.4118141" lon="-121.9953918"><ele>45</ele><time>2026-09-13T18:15:53.152314Z</time></trkpt>
  <trkpt lat="37.4118196" lon="-121.9953840"><ele>45</ele><time>2026-09-13T18:15:53.253107Z</time></trkpt>
  <trkpt lat="37.4118255" lon="-121.9953758"><ele>45</ele><time>2026-09-13T18:15:53.353013Z</time></trkpt>
  <trkpt lat="37.4118320" lon="-121.9953671"><ele>45</ele><time>2026-09-13T18:15:53.453656Z</time></trkpt>
  <trkpt lat="37.4118389" lon="-121.9953577"><ele>45</ele><time>2026-09-13T18:15:53.554008Z</time></trkpt>
  <trkpt lat="37.4118458" lon="-121.9953479"><ele>45</ele><time>2026-09-13T18:15:53.654961Z</time></trkpt>
  <trkpt lat="37.4118522" lon="-121.9953390"><ele>45</ele><time>2026-09-13T18:15:53.755416Z</time></trkpt>
  <trkpt lat="37.4118585" lon="-121.9953307"><ele>44</ele><time>2026-09-13T18:15:53.855563Z</time></trkpt>
  <trkpt lat="37.4118652" lon="-121.9953224"><ele>43</ele><time>2026-09-13T18:15:53.956632Z</time></trkpt>
  <trkpt lat="37.4118723" lon="-121.9953146"><ele>43</ele><time>2026-09-13T18:15:54.057037Z</time></trkpt>
  <trkpt lat="37.4118796" lon="-121.9953072"><ele>43</ele><time>2026-09-13T18:15:54.157400Z</time></trkpt>
  <trkpt lat="37.4118873" lon="-121.9953002"><ele>43</ele><time>2026-09-13T18:15:54.237955Z</time></trkpt>
  <trkpt lat="37.4118873" lon="-121.9953002"><ele>43</ele><time>2026-09-13T18:15:54.291394Z</time></trkpt>
  <trkpt lat="37.4118950" lon="-121.9952941"><ele>43</ele><time>2026-09-13T18:15:54.338628Z</time></trkpt>
  <trkpt lat="37.4119028" lon="-121.9952884"><ele>43</ele><time>2026-09-13T18:15:54.439102Z</time></trkpt>
  <trkpt lat="37.4119100" lon="-121.9952832"><ele>43</ele><time>2026-09-13T18:15:54.539361Z</time></trkpt>
  <trkpt lat="37.4119175" lon="-121.9952780"><ele>43</ele><time>2026-09-13T18:15:54.639897Z</time></trkpt>
  <trkpt lat="37.4119247" lon="-121.9952735"><ele>43</ele><time>2026-09-13T18:15:54.740374Z</time></trkpt>
  <trkpt lat="37.4119322" lon="-121.9952693"><ele>42</ele><time>2026-09-13T18:15:54.841403Z</time></trkpt>
  <trkpt lat="37.4119391" lon="-121.9952659"><ele>42</ele><time>2026-09-13T18:15:54.942782Z</time></trkpt>
  <trkpt lat="37.4119457" lon="-121.9952631"><ele>42</ele><time>2026-09-13T18:15:55.043182Z</time></trkpt>
  <trkpt lat="37.4119521" lon="-121.9952615"><ele>42</ele><time>2026-09-13T18:15:55.143513Z</time></trkpt>
  <trkpt lat="37.4119574" lon="-121.9952617"><ele>42</ele><time>2026-09-13T18:15:55.244373Z</time></trkpt>
  <trkpt lat="37.4119615" lon="-121.9952638"><ele>42</ele><time>2026-09-13T18:15:55.344446Z</time></trkpt>
  <trkpt lat="37.4119655" lon="-121.9952667"><ele>42</ele><time>2026-09-13T18:15:55.445208Z</time></trkpt>
  <trkpt lat="37.4119692" lon="-121.9952700"><ele>42</ele><time>2026-09-13T18:15:55.546290Z</time></trkpt>
  <trkpt lat="37.4119731" lon="-121.9952732"><ele>42</ele><time>2026-09-13T18:15:55.646461Z</time></trkpt>
  <trkpt lat="37.4119764" lon="-121.9952767"><ele>41</ele><time>2026-09-13T18:15:55.747705Z</time></trkpt>
  <trkpt lat="37.4119805" lon="-121.9952796"><ele>41</ele><time>2026-09-13T18:15:55.848417Z</time></trkpt>
  <trkpt lat="37.4119841" lon="-121.9952824"><ele>41</ele><time>2026-09-13T18:15:55.949099Z</time></trkpt>
  <trkpt lat="37.4119881" lon="-121.9952846"><ele>41</ele><time>2026-09-13T18:15:56.050100Z</time></trkpt>
  <trkpt lat="37.4119925" lon="-121.9952866"><ele>40</ele><time>2026-09-13T18:15:56.150298Z</time></trkpt>
  <trkpt lat="37.4119975" lon="-121.9952881"><ele>40</ele><time>2026-09-13T18:15:56.250667Z</time></trkpt>
  <trkpt lat="37.4120029" lon="-121.9952889"><ele>40</ele><time>2026-09-13T18:15:56.351496Z</time></trkpt>
  <trkpt lat="37.4120029" lon="-121.9952889"><ele>40</ele><time>2026-09-13T18:15:56.449924Z</time></trkpt>
  <trkpt lat="37.4120084" lon="-121.9952894"><ele>40</ele><time>2026-09-13T18:15:56.452494Z</time></trkpt>
  <trkpt lat="37.4120137" lon="-121.9952900"><ele>40</ele><time>2026-09-13T18:15:56.553433Z</time></trkpt>
  <trkpt lat="37.4120185" lon="-121.9952902"><ele>40</ele><time>2026-09-13T18:15:56.654829Z</time></trkpt>
  <trkpt lat="37.4120236" lon="-121.9952899"><ele>40</ele><time>2026-09-13T18:15:56.735149Z</time></trkpt>
  <trkpt lat="37.4120289" lon="-121.9952893"><ele>40</ele><time>2026-09-13T18:15:56.835103Z</time></trkpt>
  <trkpt lat="37.4120348" lon="-121.9952886"><ele>40</ele><time>2026-09-13T18:15:56.935665Z</time></trkpt>
  <trkpt lat="37.4120405" lon="-121.9952879"><ele>40</ele><time>2026-09-13T18:15:57.036124Z</time></trkpt>
  <trkpt lat="37.4120461" lon="-121.9952877"><ele>40</ele><time>2026-09-13T18:15:57.136892Z</time></trkpt>
  <trkpt lat="37.4120514" lon="-121.9952882"><ele>40</ele><time>2026-09-13T18:15:57.237554Z</time></trkpt>
  <trkpt lat="37.4120572" lon="-121.9952883"><ele>40</ele><time>2026-09-13T18:15:57.337514Z</time></trkpt>
  <trkpt lat="37.4120628" lon="-121.9952888"><ele>41</ele><time>2026-09-13T18:15:57.438044Z</time></trkpt>
  <trkpt lat="37.4120682" lon="-121.9952899"><ele>41</ele><time>2026-09-13T18:15:57.538184Z</time></trkpt>
  <trkpt lat="37.4120730" lon="-121.9952915"><ele>41</ele><time>2026-09-13T18:15:57.639473Z</time></trkpt>
  <trkpt lat="37.4120766" lon="-121.9952941"><ele>41</ele><time>2026-09-13T18:15:57.740300Z</time></trkpt>
  <trkpt lat="37.4120806" lon="-121.9952965"><ele>41</ele><time>2026-09-13T18:15:57.840648Z</time></trkpt>
  <trkpt lat="37.4120847" lon="-121.9952988"><ele>41</ele><time>2026-09-13T18:15:57.940890Z</time></trkpt>
  <trkpt lat="37.4120887" lon="-121.9953012"><ele>41</ele><time>2026-09-13T18:15:58.042066Z</time></trkpt>
  <trkpt lat="37.4120928" lon="-121.9953037"><ele>41</ele><time>2026-09-13T18:15:58.141924Z</time></trkpt>
  <trkpt lat="37.4120967" lon="-121.9953063"><ele>41</ele><time>2026-09-13T18:15:58.242570Z</time></trkpt>
  <trkpt lat="37.4121006" lon="-121.9953090"><ele>42</ele><time>2026-09-13T18:15:58.343062Z</time></trkpt>
  <trkpt lat="37.4121048" lon="-121.9953116"><ele>42</ele><time>2026-09-13T18:15:58.443826Z</time></trkpt>
  <trkpt lat="37.4121090" lon="-121.9953141"><ele>42</ele><time>2026-09-13T18:15:58.545038Z</time></trkpt>
  <trkpt lat="37.4121090" lon="-121.9953141"><ele>42</ele><time>2026-09-13T18:15:58.604845Z</time></trkpt>
  <trkpt lat="37.4121136" lon="-121.9953163"><ele>41</ele><time>2026-09-13T18:15:58.645954Z</time></trkpt>
  <trkpt lat="37.4121177" lon="-121.9953187"><ele>41</ele><time>2026-09-13T18:15:58.747326Z</time></trkpt>
  <trkpt lat="37.4121222" lon="-121.9953210"><ele>41</ele><time>2026-09-13T18:15:58.847792Z</time></trkpt>
  <trkpt lat="37.4121273" lon="-121.9953231"><ele>41</ele><time>2026-09-13T18:15:58.948542Z</time></trkpt>
  <trkpt lat="37.4121325" lon="-121.9953250"><ele>41</ele><time>2026-09-13T18:15:59.048812Z</time></trkpt>
  <trkpt lat="37.4121378" lon="-121.9953268"><ele>41</ele><time>2026-09-13T18:15:59.149867Z</time></trkpt>
  <trkpt lat="37.4121432" lon="-121.9953282"><ele>40</ele><time>2026-09-13T18:15:59.250653Z</time></trkpt>
  <trkpt lat="37.4121490" lon="-121.9953295"><ele>40</ele><time>2026-09-13T18:15:59.351415Z</time></trkpt>
  <trkpt lat="37.4121547" lon="-121.9953305"><ele>40</ele><time>2026-09-13T18:15:59.431531Z</time></trkpt>
  <trkpt lat="37.4121610" lon="-121.9953311"><ele>40</ele><time>2026-09-13T18:15:59.552032Z</time></trkpt>
  <trkpt lat="37.4121673" lon="-121.9953317"><ele>40</ele><time>2026-09-13T18:15:59.632417Z</time></trkpt>
  <trkpt lat="37.4121735" lon="-121.9953322"><ele>40</ele><time>2026-09-13T18:15:59.733155Z</time></trkpt>
  <trkpt lat="37.4121790" lon="-121.9953327"><ele>39</ele><time>2026-09-13T18:15:59.833762Z</time></trkpt>
  <trkpt lat="37.4121841" lon="-121.9953331"><ele>39</ele><time>2026-09-13T18:15:59.933968Z</time></trkpt>
  <trkpt lat="37.4121891" lon="-121.9953333"><ele>38</ele><time>2026-09-13T18:16:00.034675Z</time></trkpt>
  <trkpt lat="37.4121945" lon="-121.9953335"><ele>37</ele><time>2026-09-13T18:16:00.135930Z</time></trkpt>
  <trkpt lat="37.4121999" lon="-121.9953337"><ele>36</ele><time>2026-09-13T18:16:00.236339Z</time></trkpt>
  <trkpt lat="37.4122055" lon="-121.9953337"><ele>36</ele><time>2026-09-13T18:16:00.336375Z</time></trkpt>
  <trkpt lat="37.4122116" lon="-121.9953335"><ele>35</ele><time>2026-09-13T18:16:00.436782Z</time></trkpt>
  <trkpt lat="37.4122185" lon="-121.9953330"><ele>34</ele><time>2026-09-13T18:16:00.537307Z</time></trkpt>
  <trkpt lat="37.4122260" lon="-121.9953320"><ele>34</ele><time>2026-09-13T18:16:00.638658Z</time></trkpt>
  <trkpt lat="37.4122339" lon="-121.9953305"><ele>33</ele><time>2026-09-13T18:16:00.739334Z</time></trkpt>
  <trkpt lat="37.4122339" lon="-121.9953305"><ele>33</ele><time>2026-09-13T18:16:00.755672Z</time></trkpt>
  <trkpt lat="37.4122419" lon="-121.9953284"><ele>33</ele><time>2026-09-13T18:16:00.839915Z</time></trkpt>
  <trkpt lat="37.4122502" lon="-121.9953259"><ele>33</ele><time>2026-09-13T18:16:00.940923Z</time></trkpt>
  <trkpt lat="37.4122587" lon="-121.9953228"><ele>33</ele><time>2026-09-13T18:16:01.041350Z</time></trkpt>
  <trkpt lat="37.4122674" lon="-121.9953194"><ele>33</ele><time>2026-09-13T18:16:01.142927Z</time></trkpt>
  <trkpt lat="37.4122757" lon="-121.9953158"><ele>33</ele><time>2026-09-13T18:16:01.243353Z</time></trkpt>
  <trkpt lat="37.4122844" lon="-121.9953117"><ele>33</ele><time>2026-09-13T18:16:01.344828Z</time></trkpt>
  <trkpt lat="37.4122929" lon="-121.9953073"><ele>33</ele><time>2026-09-13T18:16:01.445768Z</time></trkpt>
  <trkpt lat="37.4123011" lon="-121.9953027"><ele>33</ele><time>2026-09-13T18:16:01.546955Z</time></trkpt>
  <trkpt lat="37.4123094" lon="-121.9952977"><ele>33</ele><time>2026-09-13T18:16:01.647349Z</time></trkpt>
  <trkpt lat="37.4123177" lon="-121.9952922"><ele>33</ele><time>2026-09-13T18:16:01.748669Z</time></trkpt>
  <trkpt lat="37.4123259" lon="-121.9952864"><ele>33</ele><time>2026-09-13T18:16:01.848548Z</time></trkpt>
  <trkpt lat="37.4123342" lon="-121.9952802"><ele>33</ele><time>2026-09-13T18:16:01.929197Z</time></trkpt>
  <trkpt lat="37.4123422" lon="-121.9952738"><ele>33</ele><time>2026-09-13T18:16:02.030094Z</time></trkpt>
  <trkpt lat="37.4123502" lon="-121.9952670"><ele>33</ele><time>2026-09-13T18:16:02.130967Z</time></trkpt>
  <trkpt lat="37.4123581" lon="-121.9952596"><ele>33</ele><time>2026-09-13T18:16:02.232322Z</time></trkpt>
  <trkpt lat="37.4123658" lon="-121.9952520"><ele>33</ele><time>2026-09-13T18:16:02.332754Z</time></trkpt>
  <trkpt lat="37.4123735" lon="-121.9952438"><ele>33</ele><time>2026-09-13T18:16:02.433789Z</time></trkpt>
  <trkpt lat="37.4123811" lon="-121.9952351"><ele>33</ele><time>2026-09-13T18:16:02.533956Z</time></trkpt>
  <trkpt lat="37.4123883" lon="-121.9952265"><ele>33</ele><time>2026-09-13T18:16:02.634263Z</time></trkpt>
  <trkpt lat="37.4123955" lon="-121.9952174"><ele>33</ele><time>2026-09-13T18:16:02.734917Z</time></trkpt>
  <trkpt lat="37.4124031" lon="-121.9952077"><ele>33</ele><time>2026-09-13T18:16:02.834926Z</time></trkpt>
  <trkpt lat="37.4124031" lon="-121.9952077"><ele>33</ele><time>2026-09-13T18:16:02.892050Z</time></trkpt>
  <trkpt lat="37.4124108" lon="-121.9951976"><ele>33</ele><time>2026-09-13T18:16:02.935517Z</time></trkpt>
  <trkpt lat="37.4124180" lon="-121.9951878"><ele>33</ele><time>2026-09-13T18:16:03.036223Z</time></trkpt>
  <trkpt lat="37.4124251" lon="-121.9951781"><ele>33</ele><time>2026-09-13T18:16:03.136987Z</time></trkpt>
  <trkpt lat="37.4124319" lon="-121.9951684"><ele>32</ele><time>2026-09-13T18:16:03.237137Z</time></trkpt>
  <trkpt lat="37.4124386" lon="-121.9951587"><ele>32</ele><time>2026-09-13T18:16:03.337702Z</time></trkpt>
  <trkpt lat="37.4124453" lon="-121.9951494"><ele>32</ele><time>2026-09-13T18:16:03.437998Z</time></trkpt>
  <trkpt lat="37.4124522" lon="-121.9951406"><ele>32</ele><time>2026-09-13T18:16:03.538049Z</time></trkpt>
  <trkpt lat="37.4124596" lon="-121.9951325"><ele>32</ele><time>2026-09-13T18:16:03.639135Z</time></trkpt>
  <trkpt lat="37.4124669" lon="-121.9951254"><ele>31</ele><time>2026-09-13T18:16:03.739379Z</time></trkpt>
  <trkpt lat="37.4124745" lon="-121.9951190"><ele>31</ele><time>2026-09-13T18:16:03.839945Z</time></trkpt>
  <trkpt lat="37.4124821" lon="-121.9951134"><ele>31</ele><time>2026-09-13T18:16:03.940464Z</time></trkpt>
  <trkpt lat="37.4124897" lon="-121.9951085"><ele>31</ele><time>2026-09-13T18:16:04.041594Z</time></trkpt>
  <trkpt lat="37.4124975" lon="-121.9951041"><ele>31</ele><time>2026-09-13T18:16:04.141719Z</time></trkpt>
  <trkpt lat="37.4125049" lon="-121.9951004"><ele>31</ele><time>2026-09-13T18:16:04.241708Z</time></trkpt>
  <trkpt lat="37.4125125" lon="-121.9950967"><ele>31</ele><time>2026-09-13T18:16:04.342135Z</time></trkpt>
  <trkpt lat="37.4125202" lon="-121.9950930"><ele>31</ele><time>2026-09-13T18:16:04.442803Z</time></trkpt>
  <trkpt lat="37.4125276" lon="-121.9950892"><ele>31</ele><time>2026-09-13T18:16:04.543381Z</time></trkpt>
  <trkpt lat="37.4125347" lon="-121.9950856"><ele>31</ele><time>2026-09-13T18:16:04.644052Z</time></trkpt>
  <trkpt lat="37.4125417" lon="-121.9950819"><ele>31</ele><time>2026-09-13T18:16:04.744430Z</time></trkpt>
  <trkpt lat="37.4125486" lon="-121.9950782"><ele>30</ele><time>2026-09-13T18:16:04.844551Z</time></trkpt>
  <trkpt lat="37.4125557" lon="-121.9950744"><ele>30</ele><time>2026-09-13T18:16:04.925296Z</time></trkpt>
  <trkpt lat="37.4125628" lon="-121.9950705"><ele>29</ele><time>2026-09-13T18:16:05.025817Z</time></trkpt>
  <trkpt lat="37.4125628" lon="-121.9950705"><ele>29</ele><time>2026-09-13T18:16:05.050789Z</time></trkpt>
  <trkpt lat="37.4125702" lon="-121.9950656"><ele>29</ele><time>2026-09-13T18:16:05.126161Z</time></trkpt>
  <trkpt lat="37.4125779" lon="-121.9950592"><ele>28</ele><time>2026-09-13T18:16:05.226766Z</time></trkpt>
  <trkpt lat="37.4125855" lon="-121.9950514"><ele>28</ele><time>2026-09-13T18:16:05.327338Z</time></trkpt>
  <trkpt lat="37.4125929" lon="-121.9950426"><ele>27</ele><time>2026-09-13T18:16:05.427970Z</time></trkpt>
  <trkpt lat="37.4126007" lon="-121.9950327"><ele>27</ele><time>2026-09-13T18:16:05.529031Z</time></trkpt>
  <trkpt lat="37.4126084" lon="-121.9950220"><ele>27</ele><time>2026-09-13T18:16:05.629131Z</time></trkpt>
  <trkpt lat="37.4126160" lon="-121.9950106"><ele>27</ele><time>2026-09-13T18:16:05.729826Z</time></trkpt>
  <trkpt lat="37.4126233" lon="-121.9949988"><ele>27</ele><time>2026-09-13T18:16:05.829875Z</time></trkpt>
  <trkpt lat="37.4126304" lon="-121.9949866"><ele>26</ele><time>2026-09-13T18:16:05.930427Z</time></trkpt>
  <trkpt lat="37.4126375" lon="-121.9949740"><ele>26</ele><time>2026-09-13T18:16:06.031258Z</time></trkpt>
  <trkpt lat="37.4126444" lon="-121.9949614"><ele>26</ele><time>2026-09-13T18:16:06.131875Z</time></trkpt>
  <trkpt lat="37.4126514" lon="-121.9949488"><ele>26</ele><time>2026-09-13T18:16:06.232234Z</time></trkpt>
  <trkpt lat="37.4126586" lon="-121.9949364"><ele>26</ele><time>2026-09-13T18:16:06.332899Z</time></trkpt>
  <trkpt lat="37.4126658" lon="-121.9949243"><ele>26</ele><time>2026-09-13T18:16:06.433653Z</time></trkpt>
  <trkpt lat="37.4126731" lon="-121.9949124"><ele>26</ele><time>2026-09-13T18:16:06.534414Z</time></trkpt>
  <trkpt lat="37.4126803" lon="-121.9949012"><ele>25</ele><time>2026-09-13T18:16:06.634622Z</time></trkpt>
  <trkpt lat="37.4126873" lon="-121.9948913"><ele>25</ele><time>2026-09-13T18:16:06.735226Z</time></trkpt>
  <trkpt lat="37.4126945" lon="-121.9948824"><ele>25</ele><time>2026-09-13T18:16:06.835720Z</time></trkpt>
  <trkpt lat="37.4127015" lon="-121.9948747"><ele>25</ele><time>2026-09-13T18:16:06.935927Z</time></trkpt>
  <trkpt lat="37.4127080" lon="-121.9948681"><ele>25</ele><time>2026-09-13T18:16:07.036571Z</time></trkpt>
  <trkpt lat="37.4127142" lon="-121.9948620"><ele>26</ele><time>2026-09-13T18:16:07.137626Z</time></trkpt>
  <trkpt lat="37.4127142" lon="-121.9948620"><ele>26</ele><time>2026-09-13T18:16:07.212348Z</time></trkpt>
  <trkpt lat="37.4127203" lon="-121.9948562"><ele>26</ele><time>2026-09-13T18:16:07.238210Z</time></trkpt>
  <trkpt lat="37.4127266" lon="-121.9948503"><ele>26</ele><time>2026-09-13T18:16:07.338227Z</time></trkpt>
  <trkpt lat="37.4127322" lon="-121.9948447"><ele>26</ele><time>2026-09-13T18:16:07.438914Z</time></trkpt>
  <trkpt lat="37.4127380" lon="-121.9948392"><ele>26</ele><time>2026-09-13T18:16:07.539563Z</time></trkpt>
  <trkpt lat="37.4127442" lon="-121.9948337"><ele>26</ele><time>2026-09-13T18:16:07.639784Z</time></trkpt>
  <trkpt lat="37.4127498" lon="-121.9948278"><ele>26</ele><time>2026-09-13T18:16:07.740290Z</time></trkpt>
  <trkpt lat="37.4127557" lon="-121.9948206"><ele>25</ele><time>2026-09-13T18:16:07.840607Z</time></trkpt>
  <trkpt lat="37.4127618" lon="-121.9948115"><ele>25</ele><time>2026-09-13T18:16:07.941272Z</time></trkpt>
  <trkpt lat="37.4127676" lon="-121.9948000"><ele>25</ele><time>2026-09-13T18:16:08.021895Z</time></trkpt>
  <trkpt lat="37.4127728" lon="-121.9947866"><ele>25</ele><time>2026-09-13T18:16:08.122469Z</time></trkpt>
  <trkpt lat="37.4127776" lon="-121.9947718"><ele>25</ele><time>2026-09-13T18:16:08.222687Z</time></trkpt>
  <trkpt lat="37.4127818" lon="-121.9947559"><ele>25</ele><time>2026-09-13T18:16:08.322919Z</time></trkpt>
  <trkpt lat="37.4127850" lon="-121.9947389"><ele>25</ele><time>2026-09-13T18:16:08.423835Z</time></trkpt>
  <trkpt lat="37.4127871" lon="-121.9947208"><ele>25</ele><time>2026-09-13T18:16:08.524314Z</time></trkpt>
  <trkpt lat="37.4127882" lon="-121.9947017"><ele>25</ele><time>2026-09-13T18:16:08.624592Z</time></trkpt>
  <trkpt lat="37.4127877" lon="-121.9946823"><ele>25</ele><time>2026-09-13T18:16:08.724825Z</time></trkpt>
  <trkpt lat="37.4127864" lon="-121.9946625"><ele>25</ele><time>2026-09-13T18:16:08.826021Z</time></trkpt>
  <trkpt lat="37.4127842" lon="-121.9946423"><ele>25</ele><time>2026-09-13T18:16:08.927010Z</time></trkpt>
  <trkpt lat="37.4127814" lon="-121.9946223"><ele>25</ele><time>2026-09-13T18:16:09.026750Z</time></trkpt>
  <trkpt lat="37.4127781" lon="-121.9946020"><ele>25</ele><time>2026-09-13T18:16:09.127311Z</time></trkpt>
  <trkpt lat="37.4127743" lon="-121.9945818"><ele>25</ele><time>2026-09-13T18:16:09.227965Z</time></trkpt>
  <trkpt lat="37.4127692" lon="-121.9945620"><ele>25</ele><time>2026-09-13T18:16:09.327931Z</time></trkpt>
  <trkpt lat="37.4127692" lon="-121.9945620"><ele>25</ele><time>2026-09-13T18:16:09.373209Z</time></trkpt>
  <trkpt lat="37.4127630" lon="-121.9945425"><ele>25</ele><time>2026-09-13T18:16:09.429603Z</time></trkpt>
  <trkpt lat="37.4127560" lon="-121.9945234"><ele>25</ele><time>2026-09-13T18:16:09.530176Z</time></trkpt>
  <trkpt lat="37.4127485" lon="-121.9945044"><ele>25</ele><time>2026-09-13T18:16:09.631742Z</time></trkpt>
  <trkpt lat="37.4127402" lon="-121.9944859"><ele>26</ele><time>2026-09-13T18:16:09.732124Z</time></trkpt>
  <trkpt lat="37.4127312" lon="-121.9944681"><ele>26</ele><time>2026-09-13T18:16:09.832689Z</time></trkpt>
  <trkpt lat="37.4127216" lon="-121.9944508"><ele>26</ele><time>2026-09-13T18:16:09.933002Z</time></trkpt>
  <trkpt lat="37.4127115" lon="-121.9944340"><ele>26</ele><time>2026-09-13T18:16:10.033614Z</time></trkpt>
  <trkpt lat="37.4127009" lon="-121.9944176"><ele>26</ele><time>2026-09-13T18:16:10.134452Z</time></trkpt>
  <trkpt lat="37.4126900" lon="-121.9944017"><ele>26</ele><time>2026-09-13T18:16:10.234914Z</time></trkpt>
  <trkpt lat="37.4126784" lon="-121.9943865"><ele>26</ele><time>2026-09-13T18:16:10.335670Z</time></trkpt>
  <trkpt lat="37.4126669" lon="-121.9943716"><ele>26</ele><time>2026-09-13T18:16:10.436537Z</time></trkpt>
  <trkpt lat="37.4126549" lon="-121.9943571"><ele>26</ele><time>2026-09-13T18:16:10.536912Z</time></trkpt>
  <trkpt lat="37.4126425" lon="-121.9943432"><ele>26</ele><time>2026-09-13T18:16:10.637452Z</time></trkpt>
  <trkpt lat="37.4126298" lon="-121.9943298"><ele>26</ele><time>2026-09-13T18:16:10.737854Z</time></trkpt>
  <trkpt lat="37.4126170" lon="-121.9943169"><ele>26</ele><time>2026-09-13T18:16:10.838332Z</time></trkpt>
  <trkpt lat="37.4126037" lon="-121.9943047"><ele>26</ele><time>2026-09-13T18:16:10.918975Z</time></trkpt>
  <trkpt lat="37.4125903" lon="-121.9942929"><ele>26</ele><time>2026-09-13T18:16:11.019573Z</time></trkpt>
  <trkpt lat="37.4125771" lon="-121.9942811"><ele>26</ele><time>2026-09-13T18:16:11.120155Z</time></trkpt>
  <trkpt lat="37.4125636" lon="-121.9942702"><ele>26</ele><time>2026-09-13T18:16:11.220551Z</time></trkpt>
  <trkpt lat="37.4125500" lon="-121.9942596"><ele>26</ele><time>2026-09-13T18:16:11.320955Z</time></trkpt>
  <trkpt lat="37.4125362" lon="-121.9942498"><ele>26</ele><time>2026-09-13T18:16:11.421898Z</time></trkpt>
  <trkpt lat="37.4125222" lon="-121.9942407"><ele>25</ele><time>2026-09-13T18:16:11.522381Z</time></trkpt>
  <trkpt lat="37.4125222" lon="-121.9942407"><ele>25</ele><time>2026-09-13T18:16:11.529601Z</time></trkpt>
  <trkpt lat="37.4125081" lon="-121.9942324"><ele>25</ele><time>2026-09-13T18:16:11.622656Z</time></trkpt>
  <trkpt lat="37.4124938" lon="-121.9942244"><ele>25</ele><time>2026-09-13T18:16:11.723065Z</time></trkpt>
  <trkpt lat="37.4124798" lon="-121.9942167"><ele>25</ele><time>2026-09-13T18:16:11.824207Z</time></trkpt>
  <trkpt lat="37.4124658" lon="-121.9942096"><ele>25</ele><time>2026-09-13T18:16:11.923864Z</time></trkpt>
  <trkpt lat="37.4124519" lon="-121.9942030"><ele>24</ele><time>2026-09-13T18:16:12.024476Z</time></trkpt>
  <trkpt lat="37.4124380" lon="-121.9941972"><ele>24</ele><time>2026-09-13T18:16:12.124997Z</time></trkpt>
  <trkpt lat="37.4124242" lon="-121.9941922"><ele>24</ele><time>2026-09-13T18:16:12.225056Z</time></trkpt>
  <trkpt lat="37.4124108" lon="-121.9941879"><ele>24</ele><time>2026-09-13T18:16:12.326025Z</time></trkpt>
  <trkpt lat="37.4123981" lon="-121.9941835"><ele>24</ele><time>2026-09-13T18:16:12.426112Z</time></trkpt>
  <trkpt lat="37.4123853" lon="-121.9941801"><ele>23</ele><time>2026-09-13T18:16:12.526744Z</time></trkpt>
  <trkpt lat="37.4123726" lon="-121.9941775"><ele>23</ele><time>2026-09-13T18:16:12.627773Z</time></trkpt>
  <trkpt lat="37.4123600" lon="-121.9941758"><ele>23</ele><time>2026-09-13T18:16:12.729080Z</time></trkpt>
  <trkpt lat="37.4123483" lon="-121.9941745"><ele>23</ele><time>2026-09-13T18:16:12.829181Z</time></trkpt>
  <trkpt lat="37.4123367" lon="-121.9941740"><ele>22</ele><time>2026-09-13T18:16:12.929869Z</time></trkpt>
  <trkpt lat="37.4123256" lon="-121.9941742"><ele>22</ele><time>2026-09-13T18:16:13.031683Z</time></trkpt>
  <trkpt lat="37.4123146" lon="-121.9941751"><ele>22</ele><time>2026-09-13T18:16:13.131980Z</time></trkpt>
  <trkpt lat="37.4123040" lon="-121.9941763"><ele>21</ele><time>2026-09-13T18:16:13.232747Z</time></trkpt>
  <trkpt lat="37.4122937" lon="-121.9941781"><ele>21</ele><time>2026-09-13T18:16:13.333214Z</time></trkpt>
  <trkpt lat="37.4122838" lon="-121.9941800"><ele>21</ele><time>2026-09-13T18:16:13.434325Z</time></trkpt>
  <trkpt lat="37.4122742" lon="-121.9941825"><ele>21</ele><time>2026-09-13T18:16:13.534463Z</time></trkpt>
  <trkpt lat="37.4122649" lon="-121.9941853"><ele>20</ele><time>2026-09-13T18:16:13.614641Z</time></trkpt>
  <trkpt lat="37.4122649" lon="-121.9941853"><ele>20</ele><time>2026-09-13T18:16:13.684114Z</time></trkpt>
  <trkpt lat="37.4122558" lon="-121.9941882"><ele>20</ele><time>2026-09-13T18:16:13.735008Z</time></trkpt>
  <trkpt lat="37.4122469" lon="-121.9941912"><ele>20</ele><time>2026-09-13T18:16:13.815643Z</time></trkpt>
  <trkpt lat="37.4122380" lon="-121.9941948"><ele>20</ele><time>2026-09-13T18:16:13.936125Z</time></trkpt>
  <trkpt lat="37.4122293" lon="-121.9941985"><ele>20</ele><time>2026-09-13T18:16:14.016669Z</time></trkpt>
  <trkpt lat="37.4122207" lon="-121.9942024"><ele>19</ele><time>2026-09-13T18:16:14.117736Z</time></trkpt>
  <trkpt lat="37.4122125" lon="-121.9942064"><ele>19</ele><time>2026-09-13T18:16:14.217972Z</time></trkpt>
  <trkpt lat="37.4122041" lon="-121.9942105"><ele>19</ele><time>2026-09-13T18:16:14.318345Z</time></trkpt>
  <trkpt lat="37.4121959" lon="-121.9942146"><ele>19</ele><time>2026-09-13T18:16:14.418690Z</time></trkpt>
  <trkpt lat="37.4121876" lon="-121.9942187"><ele>19</ele><time>2026-09-13T18:16:14.519116Z</time></trkpt>
  <trkpt lat="37.4121792" lon="-121.9942226"><ele>19</ele><time>2026-09-13T18:16:14.620168Z</time></trkpt>
  <trkpt lat="37.4121710" lon="-121.9942265"><ele>18</ele><time>2026-09-13T18:16:14.719828Z</time></trkpt>
  <trkpt lat="37.4121628" lon="-121.9942308"><ele>18</ele><time>2026-09-13T18:16:14.819888Z</time></trkpt>
  <trkpt lat="37.4121546" lon="-121.9942355"><ele>18</ele><time>2026-09-13T18:16:14.920735Z</time></trkpt>
  <trkpt lat="37.4121467" lon="-121.9942405"><ele>18</ele><time>2026-09-13T18:16:15.021186Z</time></trkpt>
  <trkpt lat="37.4121390" lon="-121.9942458"><ele>17</ele><time>2026-09-13T18:16:15.121593Z</time></trkpt>
  <trkpt lat="37.4121316" lon="-121.9942517"><ele>17</ele><time>2026-09-13T18:16:15.222801Z</time></trkpt>
  <trkpt lat="37.4121248" lon="-121.9942578"><ele>16</ele><time>2026-09-13T18:16:15.322916Z</time></trkpt>
  <trkpt lat="37.4121191" lon="-121.9942644"><ele>16</ele><time>2026-09-13T18:16:15.423442Z</time></trkpt>
  <trkpt lat="37.4121137" lon="-121.9942713"><ele>16</ele><time>2026-09-13T18:16:15.524094Z</time></trkpt>
  <trkpt lat="37.4121088" lon="-121.9942779"><ele>16</ele><time>2026-09-13T18:16:15.624385Z</time></trkpt>
  <trkpt lat="37.4121040" lon="-121.9942851"><ele>15</ele><time>2026-09-13T18:16:15.724917Z</time></trkpt>
  <trkpt lat="37.4121000" lon="-121.9942920"><ele>15</ele><time>2026-09-13T18:16:15.826048Z</time></trkpt>
  <trkpt lat="37.4121000" lon="-121.9942920"><ele>15</ele><time>2026-09-13T18:16:15.844104Z</time></trkpt>
  <trkpt lat="37.4120961" lon="-121.9942985"><ele>15</ele><time>2026-09-13T18:16:15.926647Z</time></trkpt>
  <trkpt lat="37.4120924" lon="-121.9943050"><ele>15</ele><time>2026-09-13T18:16:16.026997Z</time></trkpt>
  <trkpt lat="37.4120894" lon="-121.9943114"><ele>15</ele><time>2026-09-13T18:16:16.127438Z</time></trkpt>
  <trkpt lat="37.4120863" lon="-121.9943176"><ele>15</ele><time>2026-09-13T18:16:16.228384Z</time></trkpt>
  <trkpt lat="37.4120827" lon="-121.9943237"><ele>15</ele><time>2026-09-13T18:16:16.329328Z</time></trkpt>
  <trkpt lat="37.4120804" lon="-121.9943293"><ele>15</ele><time>2026-09-13T18:16:16.430797Z</time></trkpt>
  <trkpt lat="37.4120781" lon="-121.9943347"><ele>15</ele><time>2026-09-13T18:16:16.511605Z</time></trkpt>
  <trkpt lat="37.4120758" lon="-121.9943400"><ele>15</ele><time>2026-09-13T18:16:16.632446Z</time></trkpt>
  <trkpt lat="37.4120733" lon="-121.9943453"><ele>14</ele><time>2026-09-13T18:16:16.712710Z</time></trkpt>
  <trkpt lat="37.4120705" lon="-121.9943504"><ele>14</ele><time>2026-09-13T18:16:16.813516Z</time></trkpt>
  <trkpt lat="37.4120677" lon="-121.9943552"><ele>14</ele><time>2026-09-13T18:16:16.913868Z</time></trkpt>
  <trkpt lat="37.4120652" lon="-121.9943596"><ele>14</ele><time>2026-09-13T18:16:17.014421Z</time></trkpt>
  <trkpt lat="37.4120619" lon="-121.9943641"><ele>14</ele><time>2026-09-13T18:16:17.115374Z</time></trkpt>
  <trkpt lat="37.4120588" lon="-121.9943683"><ele>14</ele><time>2026-09-13T18:16:17.215745Z</time></trkpt>
  <trkpt lat="37.4120553" lon="-121.9943723"><ele>15</ele><time>2026-09-13T18:16:17.316508Z</time></trkpt>
  <trkpt lat="37.4120510" lon="-121.9943766"><ele>14</ele><time>2026-09-13T18:16:17.416968Z</time></trkpt>
  <trkpt lat="37.4120471" lon="-121.9943805"><ele>14</ele><time>2026-09-13T18:16:17.517553Z</time></trkpt>
  <trkpt lat="37.4120430" lon="-121.9943844"><ele>14</ele><time>2026-09-13T18:16:17.618388Z</time></trkpt>
  <trkpt lat="37.4120391" lon="-121.9943882"><ele>14</ele><time>2026-09-13T18:16:17.719242Z</time></trkpt>
  <trkpt lat="37.4120351" lon="-121.9943924"><ele>14</ele><time>2026-09-13T18:16:17.819761Z</time></trkpt>
  <trkpt lat="37.4120311" lon="-121.9943967"><ele>13</ele><time>2026-09-13T18:16:17.921065Z</time></trkpt>
  <trkpt lat="37.4120311" lon="-121.9943967"><ele>13</ele><time>2026-09-13T18:16:18.005082Z</time></trkpt>
  <trkpt lat="37.4120271" lon="-121.9944010"><ele>13</ele><time>2026-09-13T18:16:18.021651Z</time></trkpt>
  <trkpt lat="37.4120231" lon="-121.9944055"><ele>13</ele><time>2026-09-13T18:16:18.122563Z</time></trkpt>
  <trkpt lat="37.4120190" lon="-121.9944103"><ele>12</ele><time>2026-09-13T18:16:18.223292Z</time></trkpt>
  <trkpt lat="37.4120152" lon="-121.9944147"><ele>12</ele><time>2026-09-13T18:16:18.323604Z</time></trkpt>
  <trkpt lat="37.4120119" lon="-121.9944194"><ele>11</ele><time>2026-09-13T18:16:18.424214Z</time></trkpt>
  <trkpt lat="37.4120089" lon="-121.9944243"><ele>11</ele><time>2026-09-13T18:16:18.525476Z</time></trkpt>
  <trkpt lat="37.4120065" lon="-121.9944293"><ele>11</ele><time>2026-09-13T18:16:18.626065Z</time></trkpt>
  <trkpt lat="37.4120047" lon="-121.9944345"><ele>10</ele><time>2026-09-13T18:16:18.727194Z</time></trkpt>
  <trkpt lat="37.4120038" lon="-121.9944398"><ele>10</ele><time>2026-09-13T18:16:18.827646Z</time></trkpt>
  <trkpt lat="37.4120037" lon="-121.9944450"><ele>9</ele><time>2026-09-13T18:16:18.928201Z</time></trkpt>
  <trkpt lat="37.4120043" lon="-121.9944500"><ele>9</ele><time>2026-09-13T18:16:19.028723Z</time></trkpt>
  <trkpt lat="37.4120052" lon="-121.9944553"><ele>9</ele><time>2026-09-13T18:16:19.129460Z</time></trkpt>
  <trkpt lat="37.4120061" lon="-121.9944604"><ele>8</ele><time>2026-09-13T18:16:19.209764Z</time></trkpt>
  <trkpt lat="37.4120075" lon="-121.9944656"><ele>8</ele><time>2026-09-13T18:16:19.310428Z</time></trkpt>
  <trkpt lat="37.4120088" lon="-121.9944710"><ele>8</ele><time>2026-09-13T18:16:19.410275Z</time></trkpt>
  <trkpt lat="37.4120105" lon="-121.9944765"><ele>7</ele><time>2026-09-13T18:16:19.511515Z</time></trkpt>
  <trkpt lat="37.4120122" lon="-121.9944822"><ele>7</ele><time>2026-09-13T18:16:19.612755Z</time></trkpt>
  <trkpt lat="37.4120140" lon="-121.9944880"><ele>7</ele><time>2026-09-13T18:16:19.712921Z</time></trkpt>
  <trkpt lat="37.4120154" lon="-121.9944941"><ele>7</ele><time>2026-09-13T18:16:19.813541Z</time></trkpt>
  <trkpt lat="37.4120166" lon="-121.9945005"><ele>7</ele><time>2026-09-13T18:16:19.913686Z</time></trkpt>
  <trkpt lat="37.4120175" lon="-121.9945074"><ele>7</ele><time>2026-09-13T18:16:20.014562Z</time></trkpt>
  <trkpt lat="37.4120182" lon="-121.9945143"><ele>7</ele><time>2026-09-13T18:16:20.115055Z</time></trkpt>
  <trkpt lat="37.4120182" lon="-121.9945143"><ele>7</ele><time>2026-09-13T18:16:20.168437Z</time></trkpt>
  <trkpt lat="37.4120184" lon="-121.9945213"><ele>7</ele><time>2026-09-13T18:16:20.215743Z</time></trkpt>
  <trkpt lat="37.4120184" lon="-121.9945280"><ele>7</ele><time>2026-09-13T18:16:20.316692Z</time></trkpt>
  <trkpt lat="37.4120177" lon="-121.9945348"><ele>7</ele><time>2026-09-13T18:16:20.417864Z</time></trkpt>
  <trkpt lat="37.4120166" lon="-121.9945415"><ele>7</ele><time>2026-09-13T18:16:20.518115Z</time></trkpt>
  <trkpt lat="37.4120152" lon="-121.9945482"><ele>8</ele><time>2026-09-13T18:16:20.618867Z</time></trkpt>
  <trkpt lat="37.4120136" lon="-121.9945547"><ele>8</ele><time>2026-09-13T18:16:20.719803Z</time></trkpt>
  <trkpt lat="37.4120121" lon="-121.9945614"><ele>8</ele><time>2026-09-13T18:16:20.820493Z</time></trkpt>
  <trkpt lat="37.4120105" lon="-121.9945678"><ele>8</ele><time>2026-09-13T18:16:20.920980Z</time></trkpt>
  <trkpt lat="37.4120092" lon="-121.9945737"><ele>8</ele><time>2026-09-13T18:16:21.021612Z</time></trkpt>
  <trkpt lat="37.4120081" lon="-121.9945794"><ele>8</ele><time>2026-09-13T18:16:21.122554Z</time></trkpt>
  <trkpt lat="37.4120075" lon="-121.9945848"><ele>8</ele><time>2026-09-13T18:16:21.223431Z</time></trkpt>
  <trkpt lat="37.4120068" lon="-121.9945900"><ele>8</ele><time>2026-09-13T18:16:21.323507Z</time></trkpt>
  <trkpt lat="37.4120067" lon="-121.9945948"><ele>9</ele><time>2026-09-13T18:16:21.424396Z</time></trkpt>
  <trkpt lat="37.4120069" lon="-121.9945993"><ele>9</ele><time>2026-09-13T18:16:21.525171Z</time></trkpt>
  <trkpt lat="37.4120072" lon="-121.9946034"><ele>9</ele><time>2026-09-13T18:16:21.625355Z</time></trkpt>
  <trkpt lat="37.4120079" lon="-121.9946070"><ele>9</ele><time>2026-09-13T18:16:21.725813Z</time></trkpt>
  <trkpt lat="37.4120087" lon="-121.9946110"><ele>9</ele><time>2026-09-13T18:16:21.806776Z</time></trkpt>
  <trkpt lat="37.4120096" lon="-121.9946148"><ele>9</ele><time>2026-09-13T18:16:21.906902Z</time></trkpt>
  <trkpt lat="37.4120108" lon="-121.9946184"><ele>9</ele><time>2026-09-13T18:16:22.007298Z</time></trkpt>
  <trkpt lat="37.4120122" lon="-121.9946222"><ele>9</ele><time>2026-09-13T18:16:22.107383Z</time></trkpt>
  <trkpt lat="37.4120137" lon="-121.9946261"><ele>9</ele><time>2026-09-13T18:16:22.208782Z</time></trkpt>
  <trkpt lat="37.4120152" lon="-121.9946300"><ele>9</ele><time>2026-09-13T18:16:22.309802Z</time></trkpt>
  <trkpt lat="37.4120152" lon="-121.9946300"><ele>9</ele><time>2026-09-13T18:16:22.330990Z</time></trkpt>
  <trkpt lat="37.4120169" lon="-121.9946340"><ele>9</ele><time>2026-09-13T18:16:22.410656Z</time></trkpt>
  <trkpt lat="37.4120187" lon="-121.9946381"><ele>9</ele><time>2026-09-13T18:16:22.511190Z</time></trkpt>
  <trkpt lat="37.4120207" lon="-121.9946420"><ele>9</ele><time>2026-09-13T18:16:22.611872Z</time></trkpt>
  <trkpt lat="37.4120227" lon="-121.9946461"><ele>9</ele><time>2026-09-13T18:16:22.712687Z</time></trkpt>
  <trkpt lat="37.4120251" lon="-121.9946498"><ele>9</ele><time>2026-09-13T18:16:22.813133Z</time></trkpt>
  <trkpt lat="37.4120276" lon="-121.9946534"><ele>9</ele><time>2026-09-13T18:16:22.913599Z</time></trkpt>
  <trkpt lat="37.4120301" lon="-121.9946572"><ele>9</ele><time>2026-09-13T18:16:23.014470Z</time></trkpt>
  <trkpt lat="37.4120326" lon="-121.9946606"><ele>9</ele><time>2026-09-13T18:16:23.114341Z</time></trkpt>
  <trkpt lat="37.4120354" lon="-121.9946644"><ele>9</ele><time>2026-09-13T18:16:23.215000Z</time></trkpt>
  <trkpt lat="37.4120381" lon="-121.9946679"><ele>9</ele><time>2026-09-13T18:16:23.315360Z</time></trkpt>
  <trkpt lat="37.4120409" lon="-121.9946715"><ele>8</ele><time>2026-09-13T18:16:23.416434Z</time></trkpt>
  <trkpt lat="37.4120439" lon="-121.9946751"><ele>8</ele><time>2026-09-13T18:16:23.516889Z</time></trkpt>
  <trkpt lat="37.4120470" lon="-121.9946786"><ele>8</ele><time>2026-09-13T18:16:23.617892Z</time></trkpt>
  <trkpt lat="37.4120501" lon="-121.9946824"><ele>8</ele><time>2026-09-13T18:16:23.718191Z</time></trkpt>
  <trkpt lat="37.4120531" lon="-121.9946860"><ele>8</ele><time>2026-09-13T18:16:23.818299Z</time></trkpt>
  <trkpt lat="37.4120565" lon="-121.9946895"><ele>8</ele><time>2026-09-13T18:16:23.918537Z</time></trkpt>
  <trkpt lat="37.4120598" lon="-121.9946929"><ele>8</ele><time>2026-09-13T18:16:24.018825Z</time></trkpt>
  <trkpt lat="37.4120630" lon="-121.9946965"><ele>8</ele><time>2026-09-13T18:16:24.119305Z</time></trkpt>
  <trkpt lat="37.4120661" lon="-121.9947001"><ele>8</ele><time>2026-09-13T18:16:24.220005Z</time></trkpt>
  <trkpt lat="37.4120690" lon="-121.9947035"><ele>8</ele><time>2026-09-13T18:16:24.320947Z</time></trkpt>
  <trkpt lat="37.4120715" lon="-121.9947069"><ele>8</ele><time>2026-09-13T18:16:24.421144Z</time></trkpt>
  <trkpt lat="37.4120715" lon="-121.9947069"><ele>8</ele><time>2026-09-13T18:16:24.492032Z</time></trkpt>
  <trkpt lat="37.4120737" lon="-121.9947101"><ele>8</ele><time>2026-09-13T18:16:24.521906Z</time></trkpt>
  <trkpt lat="37.4120755" lon="-121.9947134"><ele>8</ele><time>2026-09-13T18:16:24.623043Z</time></trkpt>
  <trkpt lat="37.4120769" lon="-121.9947169"><ele>8</ele><time>2026-09-13T18:16:24.703355Z</time></trkpt>
  <trkpt lat="37.4120783" lon="-121.9947203"><ele>8</ele><time>2026-09-13T18:16:24.803876Z</time></trkpt>
  <trkpt lat="37.4120797" lon="-121.9947237"><ele>7</ele><time>2026-09-13T18:16:24.905104Z</time></trkpt>
  <trkpt lat="37.4120810" lon="-121.9947271"><ele>7</ele><time>2026-09-13T18:16:25.004807Z</time></trkpt>
  <trkpt lat="37.4120818" lon="-121.9947307"><ele>7</ele><time>2026-09-13T18:16:25.105433Z</time></trkpt>
  <trkpt lat="37.4120825" lon="-121.9947348"><ele>7</ele><time>2026-09-13T18:16:25.206241Z</time></trkpt>
  <trkpt lat="37.4120830" lon="-121.9947388"><ele>7</ele><time>2026-09-13T18:16:25.306895Z</time></trkpt>
  <trkpt lat="37.4120833" lon="-121.9947430"><ele>7</ele><time>2026-09-13T18:16:25.406900Z</time></trkpt>
  <trkpt lat="37.4120833" lon="-121.9947477"><ele>6</ele><time>2026-09-13T18:16:25.507853Z</time></trkpt>
  <trkpt lat="37.4120833" lon="-121.9947521"><ele>6</ele><time>2026-09-13T18:16:25.608426Z</time></trkpt>
  <trkpt lat="37.4120830" lon="-121.9947568"><ele>6</ele><time>2026-09-13T18:16:25.709852Z</time></trkpt>
  <trkpt lat="37.4120826" lon="-121.9947617"><ele>6</ele><time>2026-09-13T18:16:25.809986Z</time></trkpt>
  <trkpt lat="37.4120823" lon="-121.9947668"><ele>5</ele><time>2026-09-13T18:16:25.910519Z</time></trkpt>
  <trkpt lat="37.4120820" lon="-121.9947721"><ele>5</ele><time>2026-09-13T18:16:26.010899Z</time></trkpt>
  <trkpt lat="37.4120819" lon="-121.9947777"><ele>5</ele><time>2026-09-13T18:16:26.111831Z</time></trkpt>
  <trkpt lat="37.4120821" lon="-121.9947835"><ele>4</ele><time>2026-09-13T18:16:26.212036Z</time></trkpt>
  <trkpt lat="37.4120820" lon="-121.9947894"><ele>4</ele><time>2026-09-13T18:16:26.312832Z</time></trkpt>
  <trkpt lat="37.4120822" lon="-121.9947955"><ele>4</ele><time>2026-09-13T18:16:26.413631Z</time></trkpt>
  <trkpt lat="37.4120826" lon="-121.9948018"><ele>3</ele><time>2026-09-13T18:16:26.514087Z</time></trkpt>
  <trkpt lat="37.4120830" lon="-121.9948082"><ele>3</ele><time>2026-09-13T18:16:26.614214Z</time></trkpt>
  <trkpt lat="37.4120830" lon="-121.9948082"><ele>3</ele><time>2026-09-13T18:16:26.654740Z</time></trkpt>
  <trkpt lat="37.4120837" lon="-121.9948148"><ele>3</ele><time>2026-09-13T18:16:26.715030Z</time></trkpt>
  <trkpt lat="37.4120848" lon="-121.9948213"><ele>3</ele><time>2026-09-13T18:16:26.816227Z</time></trkpt>
  <trkpt lat="37.4120862" lon="-121.9948276"><ele>2</ele><time>2026-09-13T18:16:26.916940Z</time></trkpt>
  <trkpt lat="37.4120880" lon="-121.9948336"><ele>2</ele><time>2026-09-13T18:16:27.016904Z</time></trkpt>
  <trkpt lat="37.4120894" lon="-121.9948401"><ele>2</ele><time>2026-09-13T18:16:27.117324Z</time></trkpt>
  <trkpt lat="37.4120918" lon="-121.9948457"><ele>2</ele><time>2026-09-13T18:16:27.217722Z</time></trkpt>
  <trkpt lat="37.4120954" lon="-121.9948507"><ele>2</ele><time>2026-09-13T18:16:27.318586Z</time></trkpt>
  <trkpt lat="37.4120981" lon="-121.9948561"><ele>2</ele><time>2026-09-13T18:16:27.418969Z</time></trkpt>
  <trkpt lat="37.4121010" lon="-121.9948611"><ele>2</ele><time>2026-09-13T18:16:27.499269Z</time></trkpt>
  <trkpt lat="37.4121043" lon="-121.9948655"><ele>2</ele><time>2026-09-13T18:16:27.619964Z</time></trkpt>
  <trkpt lat="37.4121076" lon="-121.9948696"><ele>2</ele><time>2026-09-13T18:16:27.700714Z</time></trkpt>
  <trkpt lat="37.4121111" lon="-121.9948734"><ele>2</ele><time>2026-09-13T18:16:27.801466Z</time></trkpt>
  <trkpt lat="37.4121147" lon="-121.9948766"><ele>2</ele><time>2026-09-13T18:16:27.902406Z</time></trkpt>
  <trkpt lat="37.4121186" lon="-121.9948793"><ele>2</ele><time>2026-09-13T18:16:28.003275Z</time></trkpt>
  <trkpt lat="37.4121226" lon="-121.9948816"><ele>1</ele><time>2026-09-13T18:16:28.103955Z</time></trkpt>
  <trkpt lat="37.4121269" lon="-121.9948834"><ele>1</ele><time>2026-09-13T18:16:28.204564Z</time></trkpt>
  <trkpt lat="37.4121308" lon="-121.9948852"><ele>1</ele><time>2026-09-13T18:16:28.305347Z</time></trkpt>
  <trkpt lat="37.4121353" lon="-121.9948867"><ele>1</ele><time>2026-09-13T18:16:28.406220Z</time></trkpt>
  <trkpt lat="37.4121400" lon="-121.9948876"><ele>0</ele><time>2026-09-13T18:16:28.507106Z</time></trkpt>
  <trkpt lat="37.4121450" lon="-121.9948880"><ele>0</ele><time>2026-09-13T18:16:28.607650Z</time></trkpt>
  <trkpt lat="37.4121501" lon="-121.9948879"><ele>0</ele><time>2026-09-13T18:16:28.708221Z</time></trkpt>
  <trkpt lat="37.4121554" lon="-121.9948871"><ele>0</ele><time>2026-09-13T18:16:28.808804Z</time></trkpt>
  <trkpt lat="37.4121554" lon="-121.9948871"><ele>0</ele><time>2026-09-13T18:16:28.815544Z</time></trkpt>
  <trkpt lat="37.4121606" lon="-121.9948856"><ele>0</ele><time>2026-09-13T18:16:28.910103Z</time></trkpt>
  <trkpt lat="37.4121667" lon="-121.9948854"><ele>0</ele><time>2026-09-13T18:16:29.010876Z</time></trkpt>
  <trkpt lat="37.4121724" lon="-121.9948859"><ele>0</ele><time>2026-09-13T18:16:29.110580Z</time></trkpt>
  <trkpt lat="37.4121750" lon="-121.9948863"><ele>0</ele><time>2026-09-13T18:16:29.211203Z</time></trkpt>
  <trkpt lat="37.4121764" lon="-121.9948861"><ele>0</ele><time>2026-09-13T18:16:29.311816Z</time></trkpt>
  <trkpt lat="37.4121768" lon="-121.9948861"><ele>0</ele><time>2026-09-13T18:16:29.412632Z</time></trkpt>
  <trkpt lat="37.4121771" lon="-121.9948859"><ele>0</ele><time>2026-09-13T18:16:29.513124Z</time></trkpt>
  <trkpt lat="37.4121772" lon="-121.9948857"><ele>0</ele><time>2026-09-13T18:16:29.613842Z</time></trkpt>
  <trkpt lat="37.4121772" lon="-121.9948855"><ele>0</ele><time>2026-09-13T18:16:29.714627Z</time></trkpt>
  <trkpt lat="37.4121773" lon="-121.9948853"><ele>0</ele><time>2026-09-13T18:16:29.816056Z</time></trkpt>
  <trkpt lat="37.4121774" lon="-121.9948852"><ele>0</ele><time>2026-09-13T18:16:29.916226Z</time></trkpt>
  <trkpt lat="37.4121774" lon="-121.9948851"><ele>0</ele><time>2026-09-13T18:16:30.016521Z</time></trkpt>
  <trkpt lat="37.4121773" lon="-121.9948850"><ele>0</ele><time>2026-09-13T18:16:30.097129Z</time></trkpt>
  <trkpt lat="37.4121773" lon="-121.9948848"><ele>0</ele><time>2026-09-13T18:16:30.198095Z</time></trkpt>
</trkseg></trk>
</gpx>